2014.09.08 23:00:00.945,1.73452,1.73494,1.00,1.00
2014.09.08 23:00:00.996,1.73452,1.73491,1.00,1.00
2014.09.08 23:00:01.300,1.73452,1.73488,1.00,1.00
2014.09.08 23:00:01.602,1.73452,1.73484,1.00,1.00
2014.09.08 23:00:01.704,1.73452,1.73487,1.00,1.00
2014.09.08 23:00:03.366,1.73452,1.73487,1.00,1.00
2014.09.08 23:00:03.869,1.73452,1.73486,1.00,1.00
2014.09.08 23:00:04.373,1.73452,1.73487,1.00,1.50
2014.09.08 23:00:08.327,1.73452,1.73487,1.00,1.00
2014.09.08 23:00:08.859,1.73452,1.73487,1.00,1.00
2014.09.08 23:00:10.558,1.73452,1.73488,1.00,1.50
2014.09.08 23:00:11.250,1.73452,1.73486,1.00,1.50
2014.09.08 23:00:11.776,1.73452,1.73487,1.00,1.50
2014.09.08 23:00:12.575,1.73452,1.73488,1.00,1.50
2014.09.08 23:00:19.723,1.73452,1.73487,1.00,1.00
2014.09.08 23:00:22.052,1.73452,1.73488,1.00,1.50
2014.09.08 23:00:24.061,1.73456,1.73492,1.00,1.50
2014.09.08 23:00:24.573,1.73456,1.73493,1.00,1.00
2014.09.08 23:00:25.025,1.73456,1.73496,1.00,1.00
2014.09.08 23:00:27.347,1.73457,1.73496,1.00,1.00
2014.09.08 23:00:30.634,1.73457,1.73499,1.00,1.00
2014.09.08 23:00:31.086,1.73457,1.73499,1.50,1.00
2014.09.08 23:00:33.845,1.73457,1.73499,1.00,1.00
2014.09.08 23:00:34.368,1.73457,1.735,3.25,1.00
2014.09.08 23:00:35.282,1.7346,1.735,1.00,1.00
2014.09.08 23:00:35.744,1.73462,1.73495,1.50,1.00
2014.09.08 23:00:37.594,1.73462,1.73495,1.00,1.00
2014.09.08 23:00:37.723,1.73462,1.73497,1.00,1.00
2014.09.08 23:00:40.666,1.73462,1.73495,3.25,1.00
2014.09.08 23:00:40.767,1.73462,1.73497,1.00,1.00
2014.09.08 23:00:41.019,1.73462,1.73491,1.00,1.00
2014.09.08 23:00:41.323,1.73462,1.73489,1.00,1.00
2014.09.08 23:00:55.525,1.73462,1.73491,1.00,1.00
2014.09.08 23:00:55.626,1.73462,1.73495,1.00,1.00
2014.09.08 23:00:56.390,1.73462,1.73493,2.50,1.00
2014.09.08 23:00:56.693,1.73462,1.73485,1.00,1.00
2014.09.08 23:00:58.524,1.73462,1.73489,1.00,1.50
2014.09.08 23:01:18.957,1.73462,1.73488,1.00,1.00
2014.09.08 23:01:19.625,1.73466,1.73489,1.00,1.00
2014.09.08 23:01:20.045,1.73466,1.73489,1.00,1.00
2014.09.08 23:01:20.297,1.73467,1.73489,1.00,1.00
2014.09.08 23:01:20.415,1.73466,1.73489,1.00,1.00
2014.09.08 23:01:21.104,1.73466,1.73488,1.00,1.00
2014.09.08 23:01:22.262,1.73466,1.73489,1.00,1.00
2014.09.08 23:01:27.099,1.73466,1.73489,1.00,1.00
2014.09.08 23:01:29.844,1.73461,1.73489,1.00,1.00
2014.09.08 23:01:29.945,1.73461,1.73487,1.00,1.00
2014.09.08 23:01:32.924,1.73461,1.7349,1.00,1.00
2014.09.08 23:01:33.596,1.73461,1.73488,1.00,1.00
2014.09.08 23:01:34.099,1.73461,1.73487,1.00,1.00
2014.09.08 23:01:35.656,1.73461,1.7349,1.00,1.00
2014.09.08 23:01:37.519,1.73461,1.73489,1.00,1.00
2014.09.08 23:01:37.875,1.73461,1.73493,1.00,1.00
2014.09.08 23:01:37.926,1.73461,1.73495,1.00,1.00
2014.09.08 23:01:38.329,1.73456,1.73494,1.00,1.00
2014.09.08 23:01:38.430,1.73456,1.73477,1.00,1.00
2014.09.08 23:01:38.530,1.73456,1.73482,1.00,1.00
2014.09.08 23:01:38.631,1.73456,1.73472,1.00,1.00
2014.09.08 23:01:38.682,1.73449,1.73472,1.50,1.00
2014.09.08 23:01:38.734,1.73447,1.73478,1.00,1.00
2014.09.08 23:01:38.835,1.73447,1.73476,1.00,1.00
2014.09.08 23:01:38.966,1.73447,1.73478,1.00,1.00
2014.09.08 23:01:39.131,1.73447,1.73478,1.00,1.00
2014.09.08 23:01:43.597,1.73447,1.73478,1.00,1.00
2014.09.08 23:01:44.108,1.73447,1.73479,1.00,1.00
2014.09.08 23:01:55.599,1.73447,1.73479,1.00,1.00
2014.09.08 23:01:55.699,1.73447,1.73473,1.00,1.00
2014.09.08 23:01:56.002,1.73447,1.73474,1.00,1.00
2014.09.08 23:01:57.894,1.73447,1.73482,1.00,1.95
2014.09.08 23:01:58.414,1.73447,1.73483,1.00,1.00
2014.09.08 23:02:05.909,1.73447,1.73481,1.00,1.00
2014.09.08 23:02:06.443,1.73447,1.7348,1.00,1.00
2014.09.08 23:02:06.700,1.73447,1.7348,1.00,1.00
2014.09.08 23:02:07.309,1.73447,1.73481,1.00,1.00
2014.09.08 23:02:08.687,1.73447,1.7348,1.00,1.00
2014.09.08 23:02:10.373,1.73446,1.7348,1.00,1.00
2014.09.08 23:02:10.578,1.73446,1.7348,1.00,1.00
2014.09.08 23:02:10.679,1.73446,1.7348,1.00,1.00
2014.09.08 23:02:10.874,1.73446,1.7348,1.00,1.00
2014.09.08 23:02:11.095,1.73446,1.73477,1.00,1.00
2014.09.08 23:02:11.352,1.73446,1.73477,1.00,1.00
2014.09.08 23:02:12.123,1.73446,1.73477,1.00,1.00
2014.09.08 23:02:12.324,1.73447,1.73477,1.00,1.00
2014.09.08 23:02:12.633,1.73446,1.73477,1.00,1.00
2014.09.08 23:02:12.853,1.73446,1.73477,1.00,1.00
2014.09.08 23:02:13.073,1.73446,1.73477,1.00,1.00
2014.09.08 23:02:13.406,1.73446,1.73477,1.00,1.00
2014.09.08 23:02:13.624,1.73446,1.73477,1.00,1.00
2014.09.08 23:02:13.846,1.73446,1.73477,1.00,1.00
2014.09.08 23:02:14.099,1.73446,1.73477,1.00,1.00
2014.09.08 23:02:14.301,1.73446,1.73477,1.00,1.00
2014.09.08 23:02:14.614,1.73446,1.73477,1.50,1.00
2014.09.08 23:02:14.833,1.73446,1.73477,1.00,1.00
2014.09.08 23:02:15.054,1.73446,1.73477,1.00,1.00
2014.09.08 23:02:15.407,1.73447,1.73477,1.00,1.00
2014.09.08 23:02:15.603,1.73447,1.73477,1.00,1.00
2014.09.08 23:02:15.859,1.73447,1.73477,1.00,1.00
2014.09.08 23:02:16.169,1.73446,1.73477,1.50,1.00
2014.09.08 23:02:16.373,1.73446,1.73477,1.00,1.00
2014.09.08 23:02:16.713,1.73457,1.73487,1.00,1.00
2014.09.08 23:02:17.015,1.73462,1.73487,1.00,1.00
2014.09.08 23:02:17.066,1.73462,1.73487,1.00,1.00
2014.09.08 23:02:17.368,1.73462,1.73487,1.00,1.00
2014.09.08 23:02:17.620,1.73462,1.73487,1.00,1.00
2014.09.08 23:02:17.821,1.73462,1.73487,1.00,1.00
2014.09.08 23:02:18.143,1.73462,1.73487,1.00,1.00
2014.09.08 23:02:18.394,1.73462,1.73487,1.00,1.00
2014.09.08 23:02:18.584,1.73461,1.73487,1.00,1.00
2014.09.08 23:02:18.841,1.73461,1.73487,1.00,1.00
2014.09.08 23:02:19.142,1.73461,1.73487,1.00,1.00
2014.09.08 23:02:19.343,1.73461,1.73487,1.00,1.00
2014.09.08 23:02:19.563,1.73461,1.73487,1.00,1.00
2014.09.08 23:02:19.805,1.73462,1.73487,1.00,1.00
2014.09.08 23:02:20.113,1.73462,1.73487,1.00,1.00
2014.09.08 23:02:20.365,1.73462,1.73487,1.00,1.00
2014.09.08 23:02:20.553,1.73461,1.73487,1.00,1.00
2014.09.08 23:02:20.772,1.73462,1.73487,1.00,1.00
2014.09.08 23:02:21.103,1.73462,1.73487,1.00,1.00
2014.09.08 23:02:21.323,1.73462,1.73487,1.00,1.00
2014.09.08 23:02:21.652,1.73462,1.73487,1.00,1.00
2014.09.08 23:02:21.873,1.73462,1.73487,1.00,1.00
2014.09.08 23:02:22.093,1.73461,1.73487,1.00,1.00
2014.09.08 23:02:22.911,1.73461,1.73487,1.00,1.00
2014.09.08 23:02:24.340,1.73461,1.73487,1.00,1.00
2014.09.08 23:02:24.843,1.73461,1.73487,1.00,1.00
2014.09.08 23:02:25.393,1.73461,1.73487,1.00,1.00
2014.09.08 23:02:25.941,1.73461,1.73487,1.00,1.00
2014.09.08 23:02:26.634,1.73457,1.73487,1.00,1.00
2014.09.08 23:02:26.823,1.73457,1.73487,1.00,1.00
2014.09.08 23:02:27.153,1.73457,1.73487,1.00,1.00
2014.09.08 23:02:27.407,1.73457,1.73487,1.00,1.00
2014.09.08 23:02:27.984,1.73457,1.73487,1.00,1.00
2014.09.08 23:02:28.178,1.73456,1.73487,1.00,1.00
2014.09.08 23:02:28.385,1.73457,1.73487,1.00,1.00
2014.09.08 23:02:29.449,1.73457,1.73491,1.00,1.00
2014.09.08 23:02:30.372,1.73456,1.73491,1.00,1.50
2014.09.08 23:02:34.640,1.73456,1.73491,1.00,1.50
2014.09.08 23:02:37.426,1.73462,1.73491,1.00,1.00
2014.09.08 23:02:43.103,1.73461,1.73491,1.00,1.00
2014.09.08 23:02:43.681,1.73461,1.7349,1.00,1.00
2014.09.08 23:02:44.274,1.73461,1.73491,1.00,1.00
2014.09.08 23:02:47.111,1.73461,1.7349,1.00,1.00
2014.09.08 23:02:47.792,1.73461,1.7349,1.00,1.00
2014.09.08 23:02:48.074,1.73456,1.7349,1.50,1.00
2014.09.08 23:02:48.411,1.73452,1.73488,1.00,1.00
2014.09.08 23:02:48.614,1.73452,1.73491,1.00,1.87
2014.09.08 23:02:48.822,1.73452,1.73488,1.00,1.00
2014.09.08 23:02:49.042,1.73452,1.73491,1.00,1.12
2014.09.08 23:02:49.812,1.73451,1.73489,1.00,1.00
2014.09.08 23:02:50.032,1.73451,1.73491,1.00,1.00
2014.09.08 23:02:50.564,1.73452,1.73491,1.00,1.00
2014.09.08 23:02:50.847,1.73451,1.73489,1.00,1.00
2014.09.08 23:02:51.132,1.73451,1.73491,1.00,1.00
2014.09.08 23:02:51.664,1.73452,1.73491,1.00,1.00
2014.09.08 23:02:52.523,1.73452,1.7349,1.00,1.00
2014.09.08 23:02:53.035,1.73452,1.7349,1.00,1.00
2014.09.08 23:02:53.565,1.73457,1.7349,1.00,1.00
2014.09.08 23:02:53.921,1.73457,1.7349,1.00,1.00
2014.09.08 23:02:55.092,1.73457,1.7349,1.00,1.00
2014.09.08 23:02:55.346,1.73456,1.7349,1.00,1.00
2014.09.08 23:02:55.863,1.73456,1.73491,1.00,1.00
2014.09.08 23:02:56.418,1.73456,1.73491,1.00,1.00
2014.09.08 23:02:57.843,1.73456,1.73491,1.00,1.00
2014.09.08 23:02:58.843,1.73456,1.73491,1.00,1.50
2014.09.08 23:02:59.052,1.73456,1.73491,1.00,1.00
2014.09.08 23:02:59.314,1.73456,1.73491,1.00,1.00
2014.09.08 23:02:59.602,1.73457,1.73491,1.00,1.00
2014.09.08 23:03:00.261,1.73457,1.7349,1.00,1.00
2014.09.08 23:03:00.412,1.73457,1.73491,1.00,1.00
2014.09.08 23:03:00.921,1.73457,1.73488,1.00,1.00
2014.09.08 23:03:01.349,1.73457,1.73486,1.00,1.00
2014.09.08 23:03:01.899,1.73457,1.73487,1.00,1.00
2014.09.08 23:03:03.151,1.73457,1.73489,1.00,1.12
2014.09.08 23:03:04.960,1.73457,1.73491,1.00,2.25
2014.09.08 23:03:05.061,1.73457,1.73489,1.00,1.00
2014.09.08 23:03:08.973,1.73457,1.73491,1.00,2.25
2014.09.08 23:03:09.074,1.73457,1.73488,1.00,1.00
2014.09.08 23:03:11.151,1.73457,1.73489,1.00,1.87
2014.09.08 23:03:11.687,1.73457,1.73488,1.00,1.00
2014.09.08 23:03:19.342,1.73457,1.7349,1.00,1.00
2014.09.08 23:03:20.722,1.73451,1.73489,1.00,1.00
2014.09.08 23:03:21.257,1.73451,1.73488,1.00,1.50
2014.09.08 23:03:21.908,1.73451,1.73489,1.00,2.25
2014.09.08 23:03:22.468,1.73451,1.73488,1.00,1.50
2014.09.08 23:03:22.990,1.73451,1.73489,1.00,1.00
2014.09.08 23:03:24.596,1.73451,1.73489,1.00,1.37
2014.09.08 23:03:25.156,1.73451,1.73488,1.00,1.37
2014.09.08 23:03:25.667,1.73451,1.73488,1.00,1.00
2014.09.08 23:03:25.973,1.73451,1.73489,1.00,1.00
2014.09.08 23:03:26.157,1.73451,1.73488,1.00,1.00
2014.09.08 23:03:26.358,1.73452,1.7349,1.00,2.25
2014.09.08 23:03:26.560,1.73452,1.73488,1.00,1.00
2014.09.08 23:03:26.788,1.73452,1.7349,1.00,1.87
2014.09.08 23:03:27.138,1.73451,1.73489,1.87,1.00
2014.09.08 23:03:27.322,1.73451,1.7349,2.12,1.87
2014.09.08 23:03:28.689,1.73451,1.73489,1.87,1.00
2014.09.08 23:03:28.890,1.73451,1.7349,2.12,1.87
2014.09.08 23:03:29.092,1.73451,1.73489,1.12,1.50
2014.09.08 23:03:29.323,1.73452,1.73489,1.00,1.00
2014.09.08 23:03:29.679,1.73451,1.73489,1.87,1.00
2014.09.08 23:03:29.860,1.73452,1.73491,1.00,3.37
2014.09.08 23:03:30.071,1.73451,1.73489,1.12,1.00
2014.09.08 23:03:30.293,1.73451,1.73491,1.00,3.37
2014.09.08 23:03:30.622,1.73451,1.73489,1.12,1.00
2014.09.08 23:03:30.842,1.73451,1.73491,1.00,3.37
2014.09.08 23:03:31.062,1.73451,1.73489,1.12,1.00
2014.09.08 23:03:31.302,1.73452,1.73491,1.00,3.37
2014.09.08 23:03:31.644,1.73452,1.73488,1.00,1.00
2014.09.08 23:03:31.832,1.73452,1.73491,1.00,3.37
2014.09.08 23:03:32.052,1.73452,1.73488,1.00,1.00
2014.09.08 23:03:32.383,1.73452,1.7349,1.00,1.00
2014.09.08 23:03:32.602,1.73452,1.73488,1.00,1.00
2014.09.08 23:03:32.822,1.73452,1.7349,1.00,1.00
2014.09.08 23:03:33.041,1.73452,1.73488,1.00,1.00
2014.09.08 23:03:33.372,1.73452,1.7349,1.00,1.00
2014.09.08 23:03:33.628,1.73451,1.73489,1.37,1.37
2014.09.08 23:03:33.829,1.73451,1.7349,1.00,1.87
2014.09.08 23:03:34.189,1.73451,1.73488,1.37,1.00
2014.09.08 23:03:34.391,1.73451,1.7349,1.00,1.50
2014.09.08 23:03:38.324,1.73447,1.73488,3.37,1.00
2014.09.08 23:03:39.074,1.73447,1.73488,1.12,1.00
2014.09.08 23:03:39.581,1.73446,1.73489,1.87,1.12
2014.09.08 23:03:40.012,1.73446,1.73489,2.62,1.00
2014.09.08 23:03:40.516,1.73446,1.73488,1.87,1.00
2014.09.08 23:03:41.020,1.73446,1.73488,2.50,1.00
2014.09.08 23:03:41.621,1.73446,1.73489,1.00,1.00
2014.09.08 23:03:42.129,1.73446,1.73488,1.50,1.50
2014.09.08 23:03:42.893,1.73446,1.73489,1.12,1.37
2014.09.08 23:03:43.906,1.73447,1.73488,1.12,1.00
2014.09.08 23:03:44.528,1.73447,1.73488,3.37,1.00
2014.09.08 23:03:45.038,1.73447,1.73488,2.62,1.00
2014.09.08 23:03:45.441,1.73447,1.73488,1.37,1.00
2014.09.08 23:03:45.542,1.73447,1.73488,1.37,1.00
2014.09.08 23:03:45.810,1.73447,1.73488,2.62,1.00
2014.09.08 23:03:47.215,1.73447,1.73488,1.37,1.00
2014.09.08 23:03:47.738,1.73447,1.73488,1.37,1.00
2014.09.08 23:03:48.325,1.73447,1.73488,1.37,1.00
2014.09.08 23:03:48.915,1.73447,1.73488,1.37,1.00
2014.09.08 23:03:49.321,1.73447,1.7349,1.00,1.12
2014.09.08 23:03:53.341,1.73447,1.7349,1.00,1.37
2014.09.08 23:03:55.684,1.73447,1.7349,2.12,1.00
2014.09.08 23:03:56.195,1.73447,1.7349,2.12,1.37
2014.09.08 23:03:56.708,1.73447,1.7349,2.12,1.37
2014.09.08 23:04:01.091,1.73447,1.7349,1.00,1.37
2014.09.08 23:04:02.479,1.73447,1.7349,1.00,1.00
2014.09.08 23:04:03.173,1.73447,1.7349,1.00,1.37
2014.09.08 23:04:03.704,1.73449,1.7349,1.12,1.00
2014.09.08 23:04:04.623,1.73449,1.7349,1.00,1.00
2014.09.08 23:04:06.444,1.73449,1.7349,1.00,1.37
2014.09.08 23:04:06.956,1.73449,1.7349,1.00,1.00
2014.09.08 23:04:07.462,1.73449,1.7349,1.00,1.37
2014.09.08 23:04:11.163,1.73449,1.7349,1.00,1.00
2014.09.08 23:04:13.444,1.73449,1.7349,1.00,1.37
2014.09.08 23:04:14.986,1.73449,1.7349,1.00,1.00
2014.09.08 23:04:15.910,1.73449,1.73489,1.00,1.00
2014.09.08 23:04:16.880,1.73449,1.73489,1.00,2.62
2014.09.08 23:04:17.386,1.73449,1.73489,1.00,1.12
2014.09.08 23:04:29.514,1.73449,1.73489,1.87,1.75
2014.09.08 23:04:30.922,1.7345,1.73489,1.12,1.37
2014.09.08 23:04:31.095,1.7345,1.73489,1.37,1.50
2014.09.08 23:04:48.862,1.7345,1.73489,1.00,2.25
2014.09.08 23:04:49.064,1.73449,1.73489,1.37,3.00
2014.09.08 23:04:50.471,1.73448,1.73488,1.00,1.75
2014.09.08 23:04:54.714,1.73448,1.73479,1.37,1.37
2014.09.08 23:04:56.742,1.73448,1.73479,1.00,1.37
2014.09.08 23:05:00.206,1.73448,1.73479,1.37,1.37
2014.09.08 23:05:01.810,1.73448,1.73479,1.00,1.37
2014.09.08 23:05:03.414,1.73448,1.73479,1.00,1.00
2014.09.08 23:05:04.084,1.73448,1.73479,1.37,1.00
2014.09.08 23:05:14.146,1.73448,1.73479,1.00,1.37
2014.09.08 23:05:15.671,1.73448,1.73479,1.00,1.00
2014.09.08 23:05:20.552,1.73448,1.73479,1.00,1.12
2014.09.08 23:05:24.622,1.73446,1.73481,4.12,1.37
2014.09.08 23:05:25.782,1.73446,1.7348,3.37,1.12
2014.09.08 23:05:26.179,1.73446,1.7348,2.62,1.37
2014.09.08 23:05:27.642,1.73446,1.7347,1.37,1.00
2014.09.08 23:05:27.693,1.73446,1.7347,1.12,1.00
2014.09.08 23:05:27.995,1.73442,1.7347,1.50,1.00
2014.09.08 23:05:28.046,1.7344,1.7347,1.00,1.00
2014.09.08 23:05:28.549,1.73439,1.7347,1.00,1.37
2014.09.08 23:05:28.801,1.73438,1.7347,1.00,1.37
2014.09.08 23:05:28.851,1.73436,1.7347,1.50,1.37
2014.09.08 23:05:31.103,1.73436,1.7347,1.87,1.00
2014.09.08 23:05:31.841,1.73434,1.7347,1.37,1.37
2014.09.08 23:05:33.854,1.73434,1.7347,1.50,1.00
2014.09.08 23:05:35.816,1.73434,1.7347,1.37,1.12
2014.09.08 23:05:37.247,1.73434,1.7347,1.37,1.00
2014.09.08 23:05:37.574,1.73442,1.7347,2.49,1.00
2014.09.08 23:05:37.675,1.73442,1.73472,2.49,1.00
2014.09.08 23:05:38.028,1.73442,1.73472,1.50,1.00
2014.09.08 23:05:38.541,1.73442,1.73472,1.50,1.00
2014.09.08 23:05:41.741,1.73442,1.73472,3.25,1.00
2014.09.08 23:05:41.842,1.73443,1.73472,1.12,1.00
2014.09.08 23:05:43.182,1.73443,1.73479,5.25,1.00
2014.09.08 23:05:44.142,1.73447,1.73479,1.12,1.00
2014.09.08 23:05:52.196,1.73447,1.73479,1.37,1.00
2014.09.08 23:05:59.171,1.73447,1.73479,1.37,1.00
2014.09.08 23:06:05.216,1.73447,1.73479,1.37,1.00
2014.09.08 23:06:05.728,1.73447,1.73479,1.37,1.00
2014.09.08 23:06:09.400,1.73451,1.73479,1.00,1.00
2014.09.08 23:06:09.451,1.73451,1.73483,1.00,1.37
2014.09.08 23:06:10.163,1.73452,1.73484,1.00,1.37
2014.09.08 23:06:10.833,1.73452,1.73484,1.00,1.37
2014.09.08 23:06:10.884,1.73452,1.73479,1.00,1.00
2014.09.08 23:06:12.583,1.73452,1.73479,1.12,1.00
2014.09.08 23:06:22.861,1.73448,1.7347,1.37,1.00
2014.09.08 23:06:22.962,1.73446,1.7347,1.37,1.00
2014.09.08 23:06:24.933,1.73446,1.7347,1.37,1.00
2014.09.08 23:06:26.925,1.73446,1.7347,1.37,1.00
2014.09.08 23:06:27.532,1.73446,1.7347,1.00,1.00
2014.09.08 23:06:27.735,1.73446,1.73456,1.00,1.00
2014.09.08 23:06:27.786,1.73439,1.73455,1.37,1.00
2014.09.08 23:06:27.837,1.73439,1.73455,1.00,1.00
2014.09.08 23:06:28.464,1.73439,1.73455,1.37,1.00
2014.09.08 23:06:30.371,1.73439,1.73455,1.12,1.00
2014.09.08 23:06:30.472,1.7344,1.73462,1.12,1.00
2014.09.08 23:06:30.673,1.7344,1.7347,1.00,1.00
2014.09.08 23:06:31.375,1.7344,1.7347,1.00,1.00
2014.09.08 23:06:32.042,1.7344,1.7347,1.75,1.00
2014.09.08 23:06:32.657,1.7344,1.7347,1.75,1.00
2014.09.08 23:06:35.551,1.7344,1.7347,2.49,1.00
2014.09.08 23:06:40.696,1.73441,1.7347,1.12,1.00
2014.09.08 23:06:43.304,1.73442,1.7347,1.12,1.00
2014.09.08 23:06:44.884,1.73442,1.73486,1.37,1.82
2014.09.08 23:06:44.935,1.73452,1.73489,1.00,2.70
2014.09.08 23:06:45.137,1.73452,1.73485,1.00,1.20
2014.09.08 23:06:45.188,1.73449,1.73478,1.37,1.00
2014.09.08 23:06:45.692,1.73448,1.73478,1.37,1.00
2014.09.08 23:06:47.436,1.73448,1.73478,1.37,1.00
2014.09.08 23:06:48.109,1.73446,1.73478,1.87,1.12
2014.09.08 23:06:48.362,1.73447,1.73478,3.62,1.12
2014.09.08 23:06:48.413,1.73447,1.73488,3.62,2.25
2014.09.08 23:06:53.445,1.73448,1.73486,1.87,1.75
2014.09.08 23:06:53.955,1.73448,1.73486,2.87,1.75
2014.09.08 23:06:55.121,1.73448,1.73485,1.00,1.37
2014.09.08 23:06:55.823,1.73448,1.73483,1.00,1.37
2014.09.08 23:06:56.444,1.73448,1.73483,1.00,1.50
2014.09.08 23:06:58.429,1.73448,1.73483,1.00,1.37
2014.09.08 23:06:58.949,1.73448,1.73484,1.00,1.75
2014.09.08 23:07:04.378,1.73448,1.73487,1.00,1.75
2014.09.08 23:07:05.390,1.73448,1.73485,1.00,1.75
2014.09.08 23:07:06.053,1.73448,1.73485,1.00,1.50
2014.09.08 23:07:08.260,1.73448,1.73485,1.00,1.50
2014.09.08 23:07:10.697,1.73446,1.73478,1.37,1.00
2014.09.08 23:07:11.385,1.73446,1.73478,1.37,1.37
2014.09.08 23:07:14.319,1.73446,1.73478,1.37,1.12
2014.09.08 23:07:15.374,1.73446,1.73478,1.50,1.00
2014.09.08 23:07:15.674,1.73446,1.73478,1.37,1.00
2014.09.08 23:07:16.506,1.73446,1.73478,2.49,1.00
2014.09.08 23:07:17.702,1.73446,1.73478,1.87,1.00
2014.09.08 23:07:17.803,1.73446,1.73478,1.00,1.00
2014.09.08 23:07:17.904,1.73446,1.73471,1.00,1.37
2014.09.08 23:07:18.206,1.73442,1.73467,1.00,1.00
2014.09.08 23:07:18.407,1.73442,1.73474,1.00,1.00
2014.09.08 23:07:18.508,1.73442,1.73474,1.37,1.00
2014.09.08 23:07:18.709,1.73442,1.73474,1.00,1.00
2014.09.08 23:07:20.535,1.73442,1.73474,1.37,1.00
2014.09.08 23:07:21.043,1.73442,1.73474,1.00,1.00
2014.09.08 23:07:25.143,1.73442,1.73474,1.37,1.00
2014.09.08 23:07:25.632,1.73442,1.73474,1.00,1.00
2014.09.08 23:07:25.733,1.73442,1.73474,1.37,1.00
2014.09.08 23:07:29.230,1.73442,1.73474,1.12,1.00
2014.09.08 23:07:29.928,1.73442,1.73477,1.12,1.00
2014.09.08 23:07:30.281,1.73443,1.73477,1.50,1.00
2014.09.08 23:07:30.781,1.73443,1.73477,2.49,1.00
2014.09.08 23:07:32.713,1.73444,1.73482,1.50,1.00
2014.09.08 23:07:34.392,1.73446,1.73482,1.87,1.00
2014.09.08 23:07:34.849,1.73447,1.73482,1.50,1.00
2014.09.08 23:07:36.127,1.73447,1.73479,1.87,1.00
2014.09.08 23:07:36.745,1.73447,1.73479,2.62,1.00
2014.09.08 23:07:36.947,1.73447,1.73478,1.87,1.00
2014.09.08 23:07:38.178,1.73447,1.73483,1.37,1.00
2014.09.08 23:07:38.329,1.73447,1.73489,1.37,1.37
2014.09.08 23:07:40.209,1.73447,1.73489,4.50,1.00
2014.09.08 23:07:40.313,1.73448,1.73492,1.12,1.12
2014.09.08 23:07:40.722,1.73449,1.73492,1.37,1.00
2014.09.08 23:07:41.237,1.73452,1.73493,1.87,1.00
2014.09.08 23:07:41.639,1.73452,1.73493,1.87,1.00
2014.09.08 23:07:43.154,1.73452,1.73492,2.87,1.00
2014.09.08 23:07:43.357,1.73452,1.7349,1.87,1.00
2014.09.08 23:07:43.761,1.73451,1.73492,1.00,1.37
2014.09.08 23:07:44.566,1.73447,1.73492,2.62,1.37
2014.09.08 23:07:45.665,1.73447,1.73492,1.75,2.25
2014.09.08 23:07:45.967,1.73452,1.73493,1.00,1.75
2014.09.08 23:07:47.878,1.73452,1.73494,1.00,3.00
2014.09.08 23:07:47.980,1.73452,1.73489,1.00,1.37
2014.09.08 23:07:48.523,1.73452,1.7349,1.00,1.37
2014.09.08 23:07:49.379,1.73457,1.7349,1.00,1.37
2014.09.08 23:07:49.584,1.73457,1.7349,1.00,1.87
2014.09.08 23:07:50.088,1.73457,1.7349,1.00,1.37
2014.09.08 23:07:50.290,1.73457,1.7349,1.00,1.00
2014.09.08 23:07:50.823,1.73457,1.73491,1.00,2.25
2014.09.08 23:07:51.333,1.73457,1.73493,1.00,1.00
2014.09.08 23:07:51.384,1.73457,1.73493,1.00,1.37
2014.09.08 23:07:53.413,1.73457,1.73492,1.00,1.50
2014.09.08 23:07:53.801,1.73457,1.73492,1.00,1.37
2014.09.08 23:07:54.285,1.73457,1.73493,1.00,1.75
2014.09.08 23:07:55.686,1.73457,1.73494,2.12,1.87
2014.09.08 23:07:55.787,1.73457,1.73494,1.00,2.25
2014.09.08 23:07:55.989,1.73461,1.73497,1.00,2.62
2014.09.08 23:07:56.090,1.73467,1.73497,1.00,1.75
2014.09.08 23:07:56.342,1.73467,1.73497,1.00,2.25
2014.09.08 23:07:57.289,1.73467,1.73496,1.00,1.87
2014.09.08 23:07:57.340,1.73461,1.73496,1.00,1.87
2014.09.08 23:07:57.391,1.73461,1.73494,1.00,1.75
2014.09.08 23:07:59.846,1.73461,1.73491,1.00,1.12
2014.09.08 23:07:59.902,1.73461,1.73491,1.00,1.50
2014.09.08 23:08:02.358,1.73461,1.73487,1.00,1.87
2014.09.08 23:08:02.709,1.73457,1.73487,1.00,1.87
2014.09.08 23:08:03.372,1.73451,1.73486,1.37,1.87
2014.09.08 23:08:03.837,1.73451,1.73485,1.37,1.37
2014.09.08 23:08:07.523,1.73451,1.73486,1.37,1.37
2014.09.08 23:08:12.070,1.73447,1.73486,1.87,1.37
2014.09.08 23:08:12.171,1.73447,1.73487,2.49,1.37
2014.09.08 23:08:14.344,1.73449,1.73491,1.12,3.37
2014.09.08 23:08:15.389,1.73449,1.73486,1.12,1.37
2014.09.08 23:08:18.956,1.73449,1.73487,1.12,2.25
2014.09.08 23:08:19.259,1.73449,1.73484,1.00,1.87
2014.09.08 23:08:24.166,1.73449,1.73484,1.37,1.37
2014.09.08 23:08:24.267,1.73449,1.73483,1.00,1.37
2014.09.08 23:08:24.469,1.73449,1.73484,1.37,1.87
2014.09.08 23:08:24.570,1.73449,1.73484,1.00,1.87
2014.09.08 23:08:25.897,1.73449,1.73484,1.12,2.62
2014.09.08 23:08:25.998,1.73449,1.73484,1.00,1.50
2014.09.08 23:08:27.523,1.73449,1.73483,1.12,1.12
2014.09.08 23:08:29.707,1.73449,1.73483,1.00,1.37
2014.09.08 23:08:30.420,1.73449,1.73484,1.37,1.00
2014.09.08 23:08:30.989,1.73449,1.73486,1.12,1.37
2014.09.08 23:08:31.739,1.73449,1.73486,1.37,1.87
2014.09.08 23:08:31.840,1.73449,1.73486,1.37,2.25
2014.09.08 23:08:34.328,1.73449,1.73485,1.00,1.75
2014.09.08 23:08:34.852,1.73447,1.7348,1.00,1.87
2014.09.08 23:08:35.827,1.73446,1.7348,1.12,1.37
2014.09.08 23:08:36.584,1.73446,1.7348,1.00,1.87
2014.09.08 23:08:36.735,1.73446,1.73483,1.37,1.50
2014.09.08 23:08:52.400,1.73442,1.73481,1.50,1.37
2014.09.08 23:08:55.021,1.73442,1.73482,1.50,1.37
2014.09.08 23:08:56.392,1.73439,1.73483,2.25,1.37
2014.09.08 23:08:59.045,1.73439,1.73484,1.75,3.75
2014.09.08 23:09:02.049,1.73439,1.73483,1.75,2.25
2014.09.08 23:09:02.150,1.73441,1.73483,2.49,2.25
2014.09.08 23:09:02.743,1.73441,1.73478,1.50,1.00
2014.09.08 23:09:02.794,1.73441,1.73484,1.37,4.87
2014.09.08 23:09:03.127,1.73441,1.73479,1.75,1.37
2014.09.08 23:09:03.661,1.73446,1.73483,2.12,2.25
2014.09.08 23:09:04.016,1.73451,1.73484,1.00,3.00
2014.09.08 23:09:04.067,1.73451,1.73484,1.00,2.62
2014.09.08 23:09:04.675,1.73451,1.73484,1.00,1.87
2014.09.08 23:09:06.141,1.73451,1.73483,1.00,1.37
2014.09.08 23:09:06.625,1.73446,1.73483,1.37,1.37
2014.09.08 23:09:11.119,1.73451,1.73483,1.00,1.87
2014.09.08 23:09:11.624,1.73451,1.73483,1.00,1.87
2014.09.08 23:09:12.363,1.73451,1.73484,1.00,2.25
2014.09.08 23:09:12.677,1.73451,1.73483,1.00,1.37
2014.09.08 23:09:12.879,1.73447,1.73483,1.37,1.37
2014.09.08 23:09:14.410,1.73447,1.73483,1.37,2.25
2014.09.08 23:09:17.522,1.73446,1.73483,1.37,2.25
2014.09.08 23:09:19.526,1.73446,1.73482,1.12,1.12
2014.09.08 23:09:21.520,1.73446,1.73482,1.37,1.75
2014.09.08 23:09:23.541,1.73446,1.73482,1.37,1.37
2014.09.08 23:09:26.079,1.73442,1.73479,1.50,1.00
2014.09.08 23:09:26.344,1.73441,1.73479,1.37,1.12
2014.09.08 23:09:27.116,1.73441,1.73479,2.25,1.37
2014.09.08 23:09:42.896,1.73441,1.73481,1.00,1.37
2014.09.08 23:09:42.997,1.73441,1.73481,1.37,1.37
2014.09.08 23:09:43.566,1.73441,1.73481,1.12,1.37
2014.09.08 23:09:43.876,1.73443,1.73482,1.12,1.87
2014.09.08 23:09:44.886,1.73443,1.73482,1.12,1.87
2014.09.08 23:09:52.588,1.73447,1.73482,1.00,1.37
2014.09.08 23:09:52.890,1.73452,1.73483,1.00,2.25
2014.09.08 23:09:53.041,1.73451,1.73483,1.00,2.25
2014.09.08 23:09:53.368,1.73451,1.73483,1.00,2.25
2014.09.08 23:09:53.523,1.73451,1.73484,1.00,2.62
2014.09.08 23:09:54.036,1.73452,1.73486,1.00,1.50
2014.09.08 23:09:54.546,1.73452,1.73487,1.00,4.50
2014.09.08 23:09:55.053,1.73452,1.73486,1.00,1.50
2014.09.08 23:09:56.128,1.73452,1.73487,1.00,2.62
2014.09.08 23:09:56.636,1.73452,1.73485,1.00,1.37
2014.09.08 23:09:56.737,1.73452,1.73486,1.00,1.75
2014.09.08 23:09:57.653,1.73452,1.73486,1.00,1.75
2014.09.08 23:09:58.186,1.73452,1.73487,1.00,3.75
2014.09.08 23:09:58.829,1.73452,1.73487,1.00,2.62
2014.09.08 23:09:59.332,1.73452,1.73486,1.00,1.37
2014.09.08 23:09:59.433,1.73452,1.73486,1.00,1.50
2014.09.08 23:09:59.946,1.73452,1.73486,1.00,1.50
2014.09.08 23:10:00.867,1.73452,1.73486,1.00,1.50
2014.09.08 23:10:01.069,1.73452,1.73487,1.00,4.12
2014.09.08 23:10:01.858,1.73452,1.73487,1.00,1.37
2014.09.08 23:10:02.065,1.73452,1.73487,1.00,2.25
2014.09.08 23:10:02.418,1.73452,1.73481,1.00,1.37
2014.09.08 23:10:02.621,1.73452,1.73482,1.00,1.37
2014.09.08 23:10:02.992,1.73452,1.73481,1.00,1.50
2014.09.08 23:10:03.618,1.73451,1.73481,1.00,1.50
2014.09.08 23:10:03.820,1.73451,1.73481,1.00,1.50
2014.09.08 23:10:09.899,1.73452,1.73481,1.00,1.65
2014.09.08 23:10:10.209,1.73452,1.73477,1.00,1.20
2014.09.08 23:10:10.737,1.73452,1.73477,1.00,1.20
2014.09.08 23:10:11.287,1.73452,1.73477,1.00,1.20
2014.09.08 23:10:11.816,1.73452,1.73477,1.00,1.20
2014.09.08 23:10:12.320,1.73452,1.73477,1.00,1.20
2014.09.08 23:10:12.829,1.73452,1.73477,1.00,1.20
2014.09.08 23:10:13.378,1.73452,1.73477,1.00,1.20
2014.09.08 23:10:13.922,1.73452,1.73477,1.00,1.20
2014.09.08 23:10:14.470,1.73452,1.73477,1.00,1.20
2014.09.08 23:10:15.357,1.73452,1.73477,1.00,1.20
2014.09.08 23:10:17.635,1.73452,1.7348,1.00,1.52
2014.09.08 23:10:18.809,1.73452,1.73482,1.00,2.32
2014.09.08 23:10:20.514,1.73452,1.73482,1.00,1.95
2014.09.08 23:10:21.331,1.73452,1.73482,1.00,1.95
2014.09.08 23:10:22.205,1.73451,1.73481,1.00,1.52
2014.09.08 23:10:22.307,1.73451,1.73481,1.00,1.52
2014.09.08 23:10:22.617,1.73451,1.73481,1.00,1.52
2014.09.08 23:10:22.889,1.73451,1.73481,1.00,1.52
2014.09.08 23:10:23.077,1.73451,1.73481,1.00,1.52
2014.09.08 23:10:23.284,1.73451,1.73481,1.00,1.52
2014.09.08 23:10:23.651,1.73451,1.73481,1.00,1.52
2014.09.08 23:10:23.827,1.73452,1.73481,1.00,1.52
2014.09.08 23:10:24.061,1.73452,1.73481,1.00,1.52
2014.09.08 23:10:24.377,1.73452,1.73481,1.00,1.52
2014.09.08 23:10:24.597,1.73451,1.73481,1.00,1.52
2014.09.08 23:10:24.820,1.73452,1.73481,1.00,1.52
2014.09.08 23:10:25.270,1.73452,1.73484,1.00,1.17
2014.09.08 23:10:26.079,1.73452,1.73484,1.10,1.00
2014.09.08 23:10:26.627,1.73452,1.73488,1.10,1.52
2014.09.08 23:10:27.136,1.73452,1.73488,1.00,1.52
2014.09.08 23:10:27.686,1.73452,1.73488,1.10,1.52
2014.09.08 23:10:28.217,1.73452,1.73488,2.20,1.52
2014.09.08 23:10:28.318,1.73452,1.73487,1.00,1.65
2014.09.08 23:10:28.571,1.73452,1.73485,1.00,2.25
2014.09.08 23:10:28.914,1.73452,1.73485,1.20,1.12
2014.09.08 23:10:28.965,1.73452,1.73488,1.27,3.52
2014.09.08 23:10:29.469,1.73451,1.73488,1.15,1.52
2014.09.08 23:10:29.832,1.73451,1.73488,1.15,2.02
2014.09.08 23:10:30.135,1.73451,1.73485,1.10,1.20
2014.09.08 23:10:30.917,1.73451,1.73485,1.17,1.12
2014.09.08 23:10:31.228,1.73452,1.73486,1.00,1.47
2014.09.08 23:10:32.078,1.73452,1.73486,1.00,1.47
2014.09.08 23:10:32.596,1.73452,1.73486,1.00,1.47
2014.09.08 23:10:33.176,1.73452,1.73486,1.00,1.47
2014.09.08 23:10:34.456,1.73452,1.73485,1.00,1.20
2014.09.08 23:10:34.978,1.73452,1.73485,1.00,1.20
2014.09.08 23:10:35.196,1.73452,1.73485,1.00,1.20
2014.09.08 23:10:40.107,1.73451,1.73486,1.10,1.95
2014.09.08 23:10:40.486,1.73451,1.73485,1.10,1.57
2014.09.08 23:10:40.934,1.73451,1.73485,1.10,1.57
2014.09.08 23:10:42.695,1.73451,1.73485,1.10,1.20
2014.09.08 23:10:49.988,1.73451,1.73479,1.10,1.00
2014.09.08 23:10:51.105,1.73451,1.73485,1.10,1.20
2014.09.08 23:10:51.969,1.73451,1.73485,1.47,1.20
2014.09.08 23:10:52.020,1.73451,1.73487,3.14,1.87
2014.09.08 23:10:52.070,1.73451,1.73487,3.89,1.00
2014.09.08 23:10:52.222,1.73454,1.73488,1.12,1.07
2014.09.08 23:10:52.273,1.73455,1.73488,1.35,1.00
2014.09.08 23:10:52.526,1.73455,1.73493,2.87,1.52
2014.09.08 23:10:52.727,1.73459,1.73493,1.35,1.45
2014.09.08 23:10:53.244,1.73459,1.73493,3.14,1.37
2014.09.08 23:10:59.372,1.73459,1.73498,2.77,2.02
2014.09.08 23:10:59.775,1.73459,1.73498,3.14,1.52
2014.09.08 23:10:59.876,1.73459,1.73498,2.77,1.52
2014.09.08 23:11:00.711,1.73459,1.73498,3.15,1.52
2014.09.08 23:11:01.227,1.73461,1.73499,1.05,2.02
2014.09.08 23:11:02.302,1.73461,1.73499,1.57,1.65
2014.09.08 23:11:02.505,1.73461,1.73499,1.57,2.02
2014.09.08 23:11:03.116,1.73461,1.73499,1.95,1.52
2014.09.08 23:11:03.620,1.73461,1.73499,1.57,1.52
2014.09.08 23:11:05.705,1.73461,1.73499,2.62,1.52
2014.09.08 23:11:07.719,1.73461,1.73498,1.20,1.52
2014.09.08 23:11:07.920,1.73461,1.73498,1.50,1.52
2014.09.08 23:11:08.224,1.73461,1.73498,1.50,1.52
2014.09.08 23:11:08.426,1.73461,1.73498,1.50,1.52
2014.09.08 23:11:08.628,1.73461,1.73498,1.87,1.65
2014.09.08 23:11:08.729,1.73461,1.73498,1.50,1.52
2014.09.08 23:11:12.660,1.73461,1.73498,1.87,1.65
2014.09.08 23:11:12.961,1.73461,1.73498,1.50,1.52
2014.09.08 23:11:13.214,1.73461,1.73498,1.20,1.52
2014.09.08 23:11:13.316,1.73461,1.73498,1.50,1.15
2014.09.08 23:11:14.025,1.73461,1.73498,1.20,1.52
2014.09.08 23:11:14.127,1.73461,1.73498,1.87,1.52
2014.09.08 23:11:19.758,1.73461,1.73499,1.57,1.15
2014.09.08 23:11:20.349,1.73463,1.735,1.05,1.10
2014.09.08 23:11:21.155,1.73463,1.73499,2.25,1.00
2014.09.08 23:11:21.752,1.73463,1.73499,1.57,1.00
2014.09.08 23:11:22.334,1.73464,1.73499,1.05,1.00
2014.09.08 23:11:25.550,1.73464,1.73499,1.57,1.00
2014.09.08 23:11:26.062,1.73464,1.73499,2.25,1.00
2014.09.08 23:11:28.153,1.73464,1.73499,1.57,1.00
2014.09.08 23:11:30.421,1.73464,1.73499,1.50,1.07
2014.09.08 23:11:30.673,1.73461,1.73499,1.90,2.70
2014.09.08 23:11:32.255,1.73461,1.73499,1.65,2.70
2014.09.08 23:11:35.864,1.73461,1.73499,1.92,3.07
2014.09.08 23:11:39.103,1.73462,1.73499,1.42,1.15
2014.09.08 23:11:39.865,1.73462,1.73498,1.92,1.57
2014.09.08 23:11:39.916,1.73462,1.73498,1.65,1.57
2014.09.08 23:11:40.018,1.73462,1.73495,1.55,1.17
2014.09.08 23:11:40.119,1.73462,1.73495,1.65,1.17
2014.09.08 23:11:40.169,1.73462,1.73498,2.99,1.50
2014.09.08 23:11:40.220,1.73462,1.73498,2.25,1.50
2014.09.08 23:11:40.321,1.73462,1.73501,2.99,2.40
2014.09.08 23:11:44.188,1.73462,1.73495,1.87,1.00
2014.09.08 23:11:44.498,1.73462,1.73495,2.25,1.00
2014.09.08 23:11:45.193,1.73462,1.73497,2.25,1.00
2014.09.08 23:11:45.345,1.73462,1.73501,2.25,2.40
2014.09.08 23:11:45.851,1.73462,1.73501,2.25,1.15
2014.09.08 23:11:46.153,1.7347,1.73503,1.05,1.00
2014.09.08 23:11:46.708,1.7347,1.73502,1.20,1.00
2014.09.08 23:11:46.910,1.73471,1.73506,1.35,1.00
2014.09.08 23:11:47.112,1.73474,1.73506,1.05,1.00
2014.09.08 23:11:47.414,1.73472,1.73505,1.57,1.00
2014.09.08 23:11:47.667,1.73472,1.73505,1.57,1.37
2014.09.08 23:11:48.254,1.73472,1.73505,1.57,1.00
2014.09.08 23:11:48.456,1.73472,1.73503,1.57,1.00
2014.09.08 23:11:48.910,1.73472,1.73507,1.57,1.55
2014.09.08 23:11:49.126,1.73471,1.73503,1.50,1.00
2014.09.08 23:11:52.084,1.73471,1.73498,1.50,1.00
2014.09.08 23:12:00.866,1.73471,1.73504,1.50,1.00
2014.09.08 23:12:08.338,1.73469,1.73504,1.50,1.00
2014.09.08 23:12:12.891,1.73469,1.73503,1.50,1.00
2014.09.08 23:12:13.554,1.73469,1.73503,3.75,1.00
2014.09.08 23:12:13.604,1.73472,1.73503,1.35,1.00
2014.09.08 23:12:14.120,1.73474,1.73503,1.87,1.00
2014.09.08 23:12:14.423,1.73479,1.73509,2.92,1.00
2014.09.08 23:12:14.943,1.73478,1.73509,1.87,1.00
2014.09.08 23:12:16.375,1.73478,1.73504,1.87,1.00
2014.09.08 23:12:25.775,1.73478,1.73503,1.87,1.00
2014.09.08 23:12:27.854,1.73478,1.73509,1.87,1.12
2014.09.08 23:12:34.084,1.73478,1.73504,1.87,1.00
2014.09.08 23:12:35.665,1.73474,1.73503,2.32,1.00
2014.09.08 23:12:35.845,1.73474,1.73499,1.20,1.00
2014.09.08 23:12:36.047,1.73467,1.73499,1.87,1.00
2014.09.08 23:12:36.826,1.73467,1.73498,1.50,1.00
2014.09.08 23:12:40.042,1.73467,1.73498,5.40,1.00
2014.09.08 23:12:40.345,1.73469,1.73498,1.27,1.00
2014.09.08 23:12:44.307,1.73469,1.73498,3.52,1.00
2014.09.08 23:12:45.103,1.73469,1.73504,3.52,1.00
2014.09.08 23:12:45.308,1.73472,1.73504,2.02,1.00
2014.09.08 23:12:45.614,1.73475,1.73504,2.02,1.00
2014.09.08 23:12:45.664,1.73474,1.73504,1.27,1.00
2014.09.08 23:12:46.343,1.73473,1.73503,1.52,1.00
2014.09.08 23:12:48.394,1.73474,1.73503,1.42,1.00
2014.09.08 23:12:49.599,1.7347,1.73503,3.37,1.00
2014.09.08 23:12:51.784,1.73472,1.73503,1.95,1.00
2014.09.08 23:12:54.895,1.73472,1.73509,3.90,1.57
2014.09.08 23:13:03.896,1.73475,1.73509,2.02,1.00
2014.09.08 23:13:04.199,1.73477,1.73509,1.05,1.37
2014.09.08 23:13:04.563,1.73477,1.73509,4.42,1.37
2014.09.08 23:13:04.664,1.73477,1.73509,4.42,1.00
2014.09.08 23:13:05.323,1.73477,1.73508,4.42,1.00
2014.09.08 23:13:06.109,1.73477,1.73508,4.80,1.00
2014.09.08 23:13:06.674,1.73479,1.73509,1.50,1.00
2014.09.08 23:13:07.301,1.73479,1.73509,2.25,1.00
2014.09.08 23:13:12.162,1.73479,1.73509,2.25,1.00
2014.09.08 23:13:14.632,1.73479,1.73509,2.25,1.00
2014.09.08 23:13:15.982,1.73479,1.73509,2.25,1.00
2014.09.08 23:13:16.496,1.73479,1.73508,2.25,1.00
2014.09.08 23:13:17.871,1.73479,1.73508,1.45,1.00
2014.09.08 23:13:17.972,1.73477,1.73508,2.70,1.00
2014.09.08 23:13:18.225,1.73477,1.73503,1.20,1.00
2014.09.08 23:13:18.787,1.73477,1.73504,1.12,1.00
2014.09.08 23:13:18.838,1.73473,1.73504,1.65,1.00
2014.09.08 23:13:18.989,1.73472,1.73509,1.12,2.70
2014.09.08 23:13:19.040,1.73471,1.73507,1.65,1.20
2014.09.08 23:13:19.494,1.73469,1.73503,1.20,1.47
2014.09.08 23:13:19.871,1.73469,1.73503,1.20,1.10
2014.09.08 23:13:26.425,1.73469,1.73504,1.20,1.45
2014.09.08 23:13:26.476,1.73467,1.73503,2.02,1.20
2014.09.08 23:13:27.891,1.73466,1.73503,1.57,1.20
2014.09.08 23:13:33.967,1.73467,1.73503,1.50,1.20
2014.09.08 23:13:34.068,1.73467,1.73503,2.62,1.12
2014.09.08 23:13:34.231,1.73467,1.73503,3.75,1.00
2014.09.08 23:13:44.676,1.73471,1.73503,1.42,1.00
2014.09.08 23:13:45.214,1.73471,1.73504,2.99,1.00
2014.09.08 23:13:48.788,1.73471,1.73508,3.74,1.47
2014.09.08 23:13:58.925,1.73471,1.73508,2.62,1.27
2014.09.08 23:14:00.890,1.73471,1.73503,3.37,1.00
2014.09.08 23:14:01.770,1.73471,1.73503,2.25,1.00
2014.09.08 23:14:02.072,1.73472,1.73503,3.30,1.00
2014.09.08 23:14:03.088,1.73472,1.73509,7.05,1.00
2014.09.08 23:14:03.138,1.73479,1.73509,1.95,1.00
2014.09.08 23:14:07.967,1.73478,1.73509,1.57,1.00
2014.09.08 23:14:12.905,1.73478,1.73509,1.57,1.00
2014.09.08 23:14:13.410,1.73478,1.73509,3.52,1.00
2014.09.08 23:14:13.664,1.73478,1.73514,3.52,1.00
2014.09.08 23:14:14.833,1.73478,1.73514,3.52,1.00
2014.09.08 23:14:15.832,1.73479,1.73513,1.42,1.00
2014.09.08 23:14:17.030,1.7348,1.73513,1.35,1.00
2014.09.08 23:14:23.661,1.73482,1.73513,1.27,1.00
2014.09.08 23:14:24.178,1.73483,1.73513,1.95,1.00
2014.09.08 23:14:28.597,1.73483,1.73513,3.52,1.00
2014.09.08 23:14:28.902,1.73487,1.73514,2.55,1.00
2014.09.08 23:14:29.003,1.73487,1.73514,4.79,1.00
2014.09.08 23:14:29.362,1.73487,1.73519,2.40,1.00
2014.09.08 23:14:29.615,1.73486,1.73513,1.57,1.00
2014.09.08 23:14:30.121,1.73486,1.73514,1.57,1.00
2014.09.08 23:14:30.899,1.73486,1.73514,1.20,1.00
2014.09.08 23:14:43.113,1.73486,1.73518,2.20,1.37
2014.09.08 23:14:43.694,1.73486,1.73518,1.52,1.00
2014.09.08 23:14:48.611,1.73486,1.73519,1.95,1.00
2014.09.08 23:14:49.305,1.73486,1.73518,1.52,1.00
2014.09.08 23:14:50.169,1.73488,1.73518,1.50,1.00
2014.09.08 23:14:54.795,1.73488,1.73523,2.62,1.37
2014.09.08 23:14:55.299,1.73488,1.73523,1.50,1.37
2014.09.08 23:14:55.970,1.73489,1.73523,2.17,1.00
2014.09.08 23:14:58.151,1.73489,1.73523,1.12,1.07
2014.09.08 23:14:58.201,1.73487,1.73523,2.40,1.15
2014.09.08 23:14:58.613,1.73487,1.73523,1.52,1.15
2014.09.08 23:14:58.664,1.73489,1.73527,1.35,2.77
2014.09.08 23:14:58.714,1.73494,1.73527,1.12,1.00
2014.09.08 23:14:58.866,1.73494,1.73525,2.57,1.00
2014.09.08 23:14:58.917,1.73494,1.73525,1.20,1.00
2014.09.08 23:14:59.068,1.73494,1.73523,2.32,1.00
2014.09.08 23:15:01.013,1.73491,1.73523,1.20,1.50
2014.09.08 23:15:01.165,1.73495,1.73523,1.00,2.25
2014.09.08 23:15:05.410,1.73495,1.7352,1.00,1.00
2014.09.08 23:15:44.279,1.73495,1.73518,1.00,1.00
2014.09.08 23:15:59.651,1.73495,1.73516,1.00,1.00
2014.09.08 23:16:09.997,1.73495,1.73519,1.00,1.00
2014.09.08 23:16:10.098,1.73495,1.73517,1.00,1.00
2014.09.08 23:16:24.959,1.73495,1.73516,1.00,1.00
2014.09.08 23:16:33.300,1.73495,1.73515,1.00,1.00
2014.09.08 23:16:33.401,1.73495,1.73517,1.00,1.50
2014.09.08 23:16:34.945,1.73494,1.73515,1.00,1.00
2014.09.08 23:16:35.324,1.73494,1.73517,1.00,1.50
2014.09.08 23:17:27.304,1.73497,1.73517,1.00,1.00
2014.09.08 23:17:39.842,1.73497,1.73518,1.00,1.00
2014.09.08 23:17:39.893,1.73497,1.73521,1.00,1.00
2014.09.08 23:17:54.909,1.73497,1.73516,1.00,1.00
2014.09.08 23:17:59.912,1.73497,1.73516,1.00,1.00
2014.09.08 23:18:00.215,1.73497,1.73514,1.00,1.00
2014.09.08 23:18:00.883,1.73497,1.73516,1.00,1.00
2014.09.08 23:18:01.399,1.73497,1.73517,1.00,1.00
2014.09.08 23:18:03.176,1.73497,1.73517,1.00,1.15
2014.09.08 23:18:03.277,1.73497,1.73517,1.00,1.65
2014.09.08 23:18:23.190,1.73497,1.73517,1.00,1.27
2014.09.08 23:18:23.533,1.73495,1.73514,1.00,1.10
2014.09.08 23:18:31.030,1.73495,1.73514,1.00,1.00
2014.09.08 23:18:31.559,1.73495,1.73514,1.00,1.17
2014.09.08 23:18:39.920,1.73495,1.73505,1.00,1.00
2014.09.08 23:18:40.441,1.73495,1.73506,1.00,1.00
2014.09.08 23:18:44.849,1.73495,1.73508,1.00,1.00
2014.09.08 23:18:45.202,1.73495,1.73512,1.00,1.00
2014.09.08 23:18:45.404,1.73496,1.73512,1.00,1.00
2014.09.08 23:19:00.303,1.73496,1.73512,1.00,1.00
2014.09.08 23:19:05.670,1.73496,1.73511,1.00,1.00
2014.09.08 23:19:09.635,1.73496,1.73511,1.00,1.00
2014.09.08 23:19:10.203,1.73497,1.73511,1.00,1.00
2014.09.08 23:19:10.840,1.73501,1.73511,1.00,1.00
2014.09.08 23:19:11.932,1.73501,1.73511,1.00,1.00
2014.09.08 23:19:23.826,1.73501,1.73511,1.00,1.00
2014.09.08 23:19:30.106,1.73495,1.73508,1.00,1.00
2014.09.08 23:19:30.156,1.73495,1.73504,1.00,1.00
2014.09.08 23:19:30.408,1.73484,1.73501,1.00,1.27
2014.09.08 23:19:31.839,1.73481,1.735,1.00,1.15
2014.09.08 23:19:32.829,1.73481,1.735,1.00,1.00
2014.09.08 23:19:33.599,1.73481,1.73499,1.00,1.00
2014.09.08 23:19:36.347,1.73481,1.735,1.00,1.00
2014.09.08 23:19:37.240,1.73481,1.7349,1.00,1.00
2014.09.08 23:19:37.444,1.73481,1.73493,1.00,1.00
2014.09.08 23:19:40.763,1.73481,1.73493,1.00,1.00
2014.09.08 23:19:56.284,1.73481,1.73493,1.00,1.00
2014.09.08 23:20:05.200,1.73481,1.73501,1.00,1.00
2014.09.08 23:20:05.351,1.73486,1.73501,1.00,1.00
2014.09.08 23:20:05.654,1.73488,1.73503,1.00,1.45
2014.09.08 23:20:05.755,1.73488,1.73503,1.00,1.45
2014.09.08 23:20:05.957,1.73488,1.73504,1.00,1.45
2014.09.08 23:20:06.260,1.73488,1.73504,1.00,1.45
2014.09.08 23:20:22.000,1.73482,1.73494,1.00,1.00
2014.09.08 23:20:27.924,1.73482,1.73493,1.00,1.00
2014.09.08 23:20:28.176,1.73482,1.73493,1.00,1.00
2014.09.08 23:20:28.745,1.73482,1.73493,1.00,1.00
2014.09.08 23:20:29.406,1.73482,1.73493,1.00,1.00
2014.09.08 23:20:46.338,1.73482,1.73491,1.00,1.00
2014.09.08 23:20:46.997,1.73482,1.73491,1.00,1.00
2014.09.08 23:20:51.831,1.73484,1.73499,1.00,1.00
2014.09.08 23:20:52.572,1.73484,1.73495,1.00,1.00
2014.09.08 23:20:52.673,1.73484,1.73497,1.00,1.00
2014.09.08 23:20:52.724,1.73486,1.73497,1.00,1.00
2014.09.08 23:20:55.240,1.73486,1.73498,1.00,1.00
2014.09.08 23:21:00.066,1.73488,1.73501,1.00,1.00
2014.09.08 23:21:00.167,1.73488,1.73498,1.00,1.00
2014.09.08 23:21:00.370,1.73488,1.735,1.00,1.00
2014.09.08 23:21:00.521,1.73488,1.73503,1.00,1.00
2014.09.08 23:21:02.130,1.73488,1.73509,1.00,1.00
2014.09.08 23:21:02.282,1.73491,1.73509,1.00,1.00
2014.09.08 23:21:02.615,1.73491,1.73502,1.00,1.00
2014.09.08 23:21:03.939,1.73491,1.73506,1.00,1.00
2014.09.08 23:21:04.141,1.73491,1.73502,1.00,1.00
2014.09.08 23:21:04.193,1.7349,1.73502,1.00,1.00
2014.09.08 23:21:04.244,1.73486,1.73504,1.00,1.00
2014.09.08 23:21:04.345,1.73482,1.73504,1.00,1.00
2014.09.08 23:21:08.216,1.73485,1.73507,1.00,1.00
2014.09.08 23:21:08.317,1.73485,1.73511,1.00,1.57
2014.09.08 23:21:08.418,1.73488,1.73505,1.00,1.00
2014.09.08 23:21:08.519,1.73488,1.73507,1.00,1.00
2014.09.08 23:21:08.620,1.73488,1.7351,1.00,1.00
2014.09.08 23:21:08.873,1.73488,1.73502,1.00,1.00
2014.09.08 23:21:08.974,1.73488,1.73505,1.00,1.00
2014.09.08 23:21:12.189,1.73488,1.73501,1.00,1.00
2014.09.08 23:21:14.680,1.73488,1.73502,1.00,1.00
2014.09.08 23:21:15.145,1.73488,1.735,1.00,1.00
2014.09.08 23:21:44.706,1.73488,1.73504,1.00,1.00
2014.09.08 23:21:48.606,1.73488,1.73507,1.00,1.00
2014.09.08 23:21:56.508,1.73488,1.73507,1.00,1.00
2014.09.08 23:21:56.713,1.73488,1.73509,1.00,1.12
2014.09.08 23:21:58.693,1.73488,1.73508,1.00,1.00
2014.09.08 23:21:58.899,1.73488,1.73509,1.00,1.12
2014.09.08 23:22:10.380,1.73488,1.7351,1.00,1.10
2014.09.08 23:22:10.683,1.73489,1.7351,1.00,1.00
2014.09.08 23:22:13.750,1.73489,1.73511,1.00,1.00
2014.09.08 23:22:16.428,1.73489,1.73513,1.00,1.00
2014.09.08 23:22:17.307,1.73489,1.73515,1.00,1.65
2014.09.08 23:22:23.317,1.73489,1.73515,1.00,2.02
2014.09.08 23:22:26.322,1.73489,1.73513,1.00,1.37
2014.09.08 23:22:26.853,1.73489,1.73511,1.00,1.00
2014.09.08 23:22:30.714,1.73489,1.73513,1.00,1.07
2014.09.08 23:22:32.489,1.73493,1.73518,1.00,1.87
2014.09.08 23:22:34.225,1.73493,1.73515,1.00,1.52
2014.09.08 23:22:34.679,1.73493,1.73505,1.00,1.15
2014.09.08 23:22:34.780,1.7349,1.73506,1.00,1.15
2014.09.08 23:22:34.882,1.73487,1.73506,1.00,1.15
2014.09.08 23:22:34.983,1.73487,1.73511,1.00,1.27
2014.09.08 23:22:35.134,1.73487,1.73512,1.00,1.20
2014.09.08 23:22:38.939,1.73491,1.73513,1.00,1.87
2014.09.08 23:22:38.990,1.73491,1.73514,1.00,1.57
2014.09.08 23:22:55.482,1.73491,1.73512,1.00,1.17
2014.09.08 23:22:55.583,1.73487,1.73508,1.00,1.00
2014.09.08 23:22:55.684,1.73487,1.73511,1.00,1.07
2014.09.08 23:22:56.450,1.73487,1.73509,1.00,1.00
2014.09.08 23:23:00.362,1.73487,1.73509,1.00,1.15
2014.09.08 23:23:00.413,1.73483,1.73504,1.00,1.00
2014.09.08 23:23:00.514,1.73483,1.73506,1.00,1.10
2014.09.08 23:23:01.284,1.73484,1.73508,1.00,1.00
2014.09.08 23:23:01.635,1.73484,1.73506,1.00,1.00
2014.09.08 23:23:01.736,1.73484,1.7351,1.00,1.00
2014.09.08 23:23:01.837,1.73484,1.73506,1.00,1.00
2014.09.08 23:23:02.140,1.73485,1.73509,1.00,1.00
2014.09.08 23:23:07.868,1.73488,1.73514,1.00,1.52
2014.09.08 23:23:15.163,1.73488,1.73513,1.00,1.20
2014.09.08 23:23:15.466,1.73486,1.73498,1.00,1.07
2014.09.08 23:23:15.567,1.73477,1.73498,1.00,2.25
2014.09.08 23:23:17.417,1.73477,1.73498,1.00,1.10
2014.09.08 23:23:33.806,1.73477,1.73498,1.00,1.47
2014.09.08 23:23:34.141,1.73477,1.73497,1.00,1.20
2014.09.08 23:23:35.828,1.73475,1.73496,1.00,1.27
2014.09.08 23:23:35.929,1.73475,1.73497,1.00,1.95
2014.09.08 23:23:37.854,1.73475,1.73496,1.00,1.20
2014.09.08 23:23:38.005,1.73475,1.73495,1.00,1.50
2014.09.08 23:23:38.157,1.73472,1.73493,1.00,1.15
2014.09.08 23:23:38.948,1.73472,1.73493,1.00,1.00
2014.09.08 23:23:39.830,1.73472,1.73493,1.00,1.37
2014.09.08 23:23:45.857,1.73471,1.7349,1.00,1.10
2014.09.08 23:23:46.161,1.73459,1.7348,1.00,1.10
2014.09.08 23:23:46.413,1.73459,1.73478,1.00,1.00
2014.09.08 23:23:47.260,1.73459,1.7348,1.00,1.95
2014.09.08 23:23:48.384,1.73459,1.73475,1.00,1.00
2014.09.08 23:23:48.486,1.73456,1.73475,1.00,1.00
2014.09.08 23:23:48.587,1.73454,1.73477,1.00,1.37
2014.09.08 23:23:49.100,1.73454,1.73477,1.00,1.00
2014.09.08 23:23:52.091,1.73454,1.73477,1.00,1.37
2014.09.08 23:23:53.363,1.73454,1.73477,1.00,1.00
2014.09.08 23:23:53.413,1.73454,1.73479,1.00,1.12
2014.09.08 23:23:53.722,1.73454,1.73477,1.00,1.00
2014.09.08 23:23:53.772,1.73454,1.73478,1.00,1.37
2014.09.08 23:23:53.876,1.73454,1.73476,1.00,1.37
2014.09.08 23:23:53.977,1.73452,1.73475,1.00,1.00
2014.09.08 23:23:54.548,1.73452,1.73477,1.00,1.37
2014.09.08 23:23:55.714,1.73452,1.73472,1.00,1.00
2014.09.08 23:23:55.865,1.73449,1.7347,1.00,1.20
2014.09.08 23:23:56.068,1.73446,1.73468,1.00,1.00
2014.09.08 23:23:56.270,1.73443,1.73465,1.00,1.00
2014.09.08 23:23:56.788,1.73443,1.73465,1.00,1.37
2014.09.08 23:23:58.212,1.73443,1.73465,1.00,1.00
2014.09.08 23:23:58.615,1.73443,1.73468,1.00,1.00
2014.09.08 23:23:58.716,1.73443,1.73465,1.00,1.12
2014.09.08 23:23:58.918,1.73443,1.73468,1.00,1.00
2014.09.08 23:23:59.177,1.73443,1.7347,1.00,1.00
2014.09.08 23:23:59.497,1.73447,1.73476,1.00,3.37
2014.09.08 23:23:59.599,1.73447,1.73472,1.00,1.00
2014.09.08 23:23:59.700,1.73449,1.73476,1.00,1.00
2014.09.08 23:24:23.151,1.73449,1.73473,1.00,1.00
2014.09.08 23:24:33.556,1.73449,1.73474,1.00,1.00
2014.09.08 23:24:35.456,1.73449,1.73473,1.00,1.00
2014.09.08 23:24:35.759,1.73449,1.73471,1.00,1.15
2014.09.08 23:24:36.723,1.73449,1.73471,1.00,1.07
2014.09.08 23:24:37.341,1.73449,1.73471,1.00,1.00
2014.09.08 23:24:37.442,1.73449,1.73471,1.00,1.07
2014.09.08 23:24:38.393,1.73447,1.73468,1.00,1.10
2014.09.08 23:24:47.779,1.73441,1.73465,1.10,1.00
2014.09.08 23:24:47.885,1.73441,1.73466,1.00,1.00
2014.09.08 23:24:54.464,1.73441,1.73464,1.00,1.00
2014.09.08 23:25:01.744,1.73441,1.73464,1.00,1.00
2014.09.08 23:25:07.440,1.73441,1.73463,1.00,1.00
2014.09.08 23:25:07.800,1.73441,1.73463,1.00,1.00
2014.09.08 23:25:08.873,1.73441,1.73461,1.00,1.00
2014.09.08 23:25:09.083,1.73441,1.73463,1.00,1.00
2014.09.08 23:25:10.222,1.73441,1.73463,1.00,1.00
2014.09.08 23:25:15.366,1.73441,1.73466,1.00,1.00
2014.09.08 23:25:18.654,1.73441,1.73465,1.00,1.00
2014.09.08 23:25:18.906,1.73441,1.73461,1.00,1.00
2014.09.08 23:25:19.007,1.73441,1.73465,1.00,1.50
2014.09.08 23:25:23.395,1.73441,1.73462,1.00,1.00
2014.09.08 23:25:23.648,1.7344,1.73462,1.00,1.00
2014.09.08 23:25:30.466,1.73438,1.73459,1.07,1.00
2014.09.08 23:25:30.770,1.73436,1.73458,1.00,1.00
2014.09.08 23:25:34.608,1.73436,1.73451,1.00,1.00
2014.09.08 23:25:34.760,1.73433,1.73452,1.00,1.00
2014.09.08 23:25:34.861,1.73429,1.73452,1.15,1.00
2014.09.08 23:25:35.624,1.73429,1.7345,1.15,1.00
2014.09.08 23:25:35.927,1.73429,1.73454,1.00,1.00
2014.09.08 23:25:37.684,1.73429,1.73454,1.17,1.50
2014.09.08 23:25:39.815,1.73429,1.73453,1.17,1.00
2014.09.08 23:25:44.877,1.73429,1.73454,1.17,2.62
2014.09.08 23:25:46.186,1.73429,1.73454,1.00,1.50
2014.09.08 23:26:03.354,1.73432,1.73454,1.00,1.50
2014.09.08 23:26:08.950,1.73432,1.73453,1.00,1.00
2014.09.08 23:26:13.242,1.73437,1.73453,1.00,1.00
2014.09.08 23:26:13.545,1.73437,1.73453,1.00,1.00
2014.09.08 23:26:13.696,1.73436,1.73453,1.00,1.00
2014.09.08 23:26:14.211,1.73436,1.73454,1.00,1.12
2014.09.08 23:26:14.464,1.73436,1.73454,1.00,1.12
2014.09.08 23:26:14.666,1.73436,1.73454,1.00,1.00
2014.09.08 23:26:14.895,1.73432,1.73451,1.00,1.00
2014.09.08 23:26:15.851,1.73432,1.73454,1.00,1.00
2014.09.08 23:26:20.177,1.73432,1.7345,1.00,1.00
2014.09.08 23:26:20.278,1.73432,1.73451,1.00,1.00
2014.09.08 23:26:25.929,1.73432,1.73452,1.00,1.00
2014.09.08 23:26:27.996,1.73432,1.73452,1.00,1.00
2014.09.08 23:26:30.812,1.73432,1.73453,1.00,1.00
2014.09.08 23:26:38.648,1.73432,1.73453,1.00,1.50
2014.09.08 23:26:38.749,1.73432,1.73453,1.00,1.00
2014.09.08 23:26:49.434,1.73432,1.73454,1.00,1.00
2014.09.08 23:27:11.080,1.73432,1.73453,1.00,1.00
2014.09.08 23:27:11.631,1.73432,1.73454,1.00,1.00
2014.09.08 23:27:15.818,1.73432,1.73453,1.10,1.00
2014.09.08 23:27:17.122,1.73432,1.73449,1.00,1.00
2014.09.08 23:27:17.273,1.73432,1.73453,1.00,1.00
2014.09.08 23:27:17.463,1.73432,1.73454,1.00,1.50
2014.09.08 23:27:18.577,1.73432,1.73453,1.00,1.00
2014.09.08 23:27:22.293,1.73432,1.73451,1.00,1.00
2014.09.08 23:27:22.597,1.73432,1.73453,1.00,1.00
2014.09.08 23:27:23.414,1.73431,1.7345,1.00,1.00
2014.09.08 23:27:35.607,1.73431,1.73453,1.00,1.50
2014.09.08 23:27:35.759,1.73428,1.73447,1.00,1.00
2014.09.08 23:27:36.062,1.73428,1.73451,1.00,1.00
2014.09.08 23:27:38.033,1.73427,1.73448,1.10,1.00
2014.09.08 23:27:42.575,1.73427,1.7345,1.00,1.00
2014.09.08 23:27:43.114,1.73425,1.73446,1.52,1.00
2014.09.08 23:27:44.987,1.73425,1.73449,1.00,1.00
2014.09.08 23:27:45.319,1.73425,1.73446,1.52,1.00
2014.09.08 23:27:46.504,1.73425,1.73448,1.00,1.00
2014.09.08 23:27:47.295,1.73427,1.73451,1.00,1.00
2014.09.08 23:27:49.351,1.73427,1.7345,1.00,1.00
2014.09.08 23:27:49.603,1.73427,1.73449,1.00,1.00
2014.09.08 23:27:59.386,1.73427,1.73448,1.10,1.00
2014.09.08 23:27:59.588,1.73427,1.73452,1.00,1.00
2014.09.08 23:27:59.799,1.73426,1.73447,1.27,1.00
2014.09.08 23:28:00.052,1.73426,1.73451,1.00,1.00
2014.09.08 23:28:00.589,1.73429,1.73453,1.00,1.50
2014.09.08 23:28:00.925,1.73429,1.73452,1.15,1.00
2014.09.08 23:28:01.593,1.73429,1.73453,1.20,1.50
2014.09.08 23:28:08.160,1.7343,1.73453,1.00,1.00
2014.09.08 23:28:10.757,1.7343,1.73454,1.00,1.00
2014.09.08 23:28:15.097,1.7343,1.73453,1.00,1.00
2014.09.08 23:28:16.205,1.7343,1.7345,1.00,1.00
2014.09.08 23:28:22.090,1.7343,1.73449,1.00,1.00
2014.09.08 23:28:22.940,1.7343,1.73449,1.00,1.00
2014.09.08 23:28:23.041,1.7343,1.73449,1.00,1.00
2014.09.08 23:28:25.463,1.7343,1.73449,1.00,1.00
2014.09.08 23:28:25.564,1.73428,1.73447,1.15,1.00
2014.09.08 23:28:26.275,1.73428,1.73447,1.00,1.00
2014.09.08 23:28:27.432,1.73428,1.73449,1.12,1.50
2014.09.08 23:28:39.205,1.73428,1.73449,1.00,1.00
2014.09.08 23:28:39.558,1.73428,1.73448,1.00,1.00
2014.09.08 23:28:41.159,1.73428,1.73449,1.00,1.00
2014.09.08 23:28:42.054,1.73428,1.73449,1.00,1.50
2014.09.08 23:28:52.198,1.73428,1.73449,1.47,1.50
2014.09.08 23:28:52.606,1.73428,1.73448,1.00,1.00
2014.09.08 23:28:52.963,1.7343,1.73448,1.00,1.00
2014.09.08 23:28:56.533,1.7343,1.73454,1.00,1.00
2014.09.08 23:28:56.685,1.7343,1.73453,1.00,1.00
2014.09.08 23:28:57.363,1.7343,1.73454,1.00,1.00
2014.09.08 23:29:00.531,1.7343,1.73452,1.00,1.00
2014.09.08 23:29:01.737,1.73432,1.73454,1.00,1.50
2014.09.08 23:29:01.888,1.73432,1.73454,1.00,2.25
2014.09.08 23:29:03.747,1.73432,1.73453,1.00,1.00
2014.09.08 23:29:04.515,1.73428,1.73449,1.37,1.00
2014.09.08 23:29:04.853,1.73428,1.73452,1.00,1.00
2014.09.08 23:29:06.910,1.73429,1.73453,1.00,1.00
2014.09.08 23:29:07.214,1.73429,1.73451,1.00,1.00
2014.09.08 23:29:20.135,1.73429,1.73448,1.00,1.00
2014.09.08 23:29:20.236,1.73429,1.73452,1.00,1.00
2014.09.08 23:29:28.678,1.7343,1.73454,1.00,1.87
2014.09.08 23:29:37.654,1.7343,1.73455,1.00,1.12
2014.09.08 23:29:46.077,1.73433,1.73456,1.00,1.00
2014.09.08 23:29:46.589,1.73433,1.73456,1.00,1.00
2014.09.08 23:29:47.131,1.73433,1.73455,1.00,1.00
2014.09.08 23:29:56.550,1.73433,1.73456,1.00,1.57
2014.09.08 23:29:56.873,1.73433,1.73453,1.00,1.00
2014.09.08 23:29:57.445,1.73433,1.73454,1.00,1.00
2014.09.08 23:30:01.849,1.73433,1.73453,1.00,1.00
2014.09.08 23:30:02.399,1.73433,1.73454,1.00,1.00
2014.09.08 23:30:05.877,1.73433,1.73454,1.00,1.00
2014.09.08 23:30:06.671,1.73433,1.73457,1.00,1.07
2014.09.08 23:30:07.272,1.73433,1.73453,1.00,1.00
2014.09.08 23:30:07.341,1.73433,1.73457,1.00,1.07
2014.09.08 23:30:08.150,1.73433,1.73454,1.00,1.00
2014.09.08 23:30:08.355,1.73433,1.73457,1.00,1.07
2014.09.08 23:30:08.690,1.73433,1.73453,1.00,1.00
2014.09.08 23:30:08.773,1.73433,1.73457,1.00,1.07
2014.09.08 23:30:09.387,1.73436,1.73457,1.00,1.00
2014.09.08 23:30:09.538,1.73436,1.73459,1.00,1.00
2014.09.08 23:30:09.639,1.73436,1.73457,1.00,1.00
2014.09.08 23:30:25.990,1.73431,1.73452,1.20,1.00
2014.09.08 23:30:26.661,1.73431,1.73451,1.00,1.00
2014.09.08 23:30:27.310,1.73431,1.73456,1.00,1.00
2014.09.08 23:30:29.731,1.73434,1.73458,1.00,1.00
2014.09.08 23:30:30.317,1.73434,1.73456,1.00,1.00
2014.09.08 23:30:33.329,1.73434,1.73454,1.00,1.00
2014.09.08 23:30:41.110,1.73434,1.73456,1.00,1.00
2014.09.08 23:30:43.163,1.73434,1.73456,1.00,2.40
2014.09.08 23:30:43.308,1.73434,1.73453,1.00,1.00
2014.09.08 23:30:43.410,1.73431,1.73452,1.00,1.10
2014.09.08 23:30:43.931,1.73431,1.73454,1.00,1.00
2014.09.08 23:30:44.470,1.73431,1.73453,1.00,1.12
2014.09.08 23:30:44.621,1.73433,1.73457,1.00,2.40
2014.09.08 23:30:44.723,1.73433,1.73453,1.00,1.37
2014.09.08 23:30:44.824,1.73433,1.73452,1.00,1.57
2014.09.08 23:30:44.925,1.7343,1.73451,1.00,1.37
2014.09.08 23:30:45.319,1.7343,1.73451,1.00,1.00
2014.09.08 23:30:45.570,1.7343,1.73453,1.00,1.52
2014.09.08 23:30:45.901,1.73428,1.73447,1.00,1.00
2014.09.08 23:30:46.893,1.73426,1.73445,1.00,1.00
2014.09.08 23:30:47.196,1.73423,1.73442,1.00,1.20
2014.09.08 23:30:47.448,1.7342,1.73441,1.00,1.00
2014.09.08 23:30:47.552,1.7342,1.73443,1.00,1.27
2014.09.08 23:30:48.289,1.7342,1.73443,1.00,1.00
2014.09.08 23:30:49.903,1.73421,1.73445,1.00,1.12
2014.09.08 23:30:50.205,1.73421,1.7344,1.00,1.00
2014.09.08 23:30:50.880,1.73421,1.73444,1.00,1.00
2014.09.08 23:30:52.097,1.73421,1.73444,1.00,1.07
2014.09.08 23:30:52.198,1.73421,1.73441,1.00,1.00
2014.09.08 23:30:59.565,1.73421,1.73441,1.00,1.37
2014.09.08 23:30:59.616,1.73421,1.73441,1.00,1.45
2014.09.08 23:30:59.919,1.73416,1.73437,1.00,1.00
2014.09.08 23:31:00.121,1.73412,1.73432,1.00,1.00
2014.09.08 23:31:00.222,1.73412,1.73434,1.00,1.00
2014.09.08 23:31:00.576,1.73412,1.73438,2.50,1.10
2014.09.08 23:31:01.047,1.73412,1.73438,1.00,1.47
2014.09.08 23:31:01.148,1.73412,1.73438,1.50,1.47
2014.09.08 23:31:01.199,1.73415,1.73441,1.00,1.52
2014.09.08 23:31:01.706,1.73415,1.73442,1.00,1.50
2014.09.08 23:31:01.757,1.73415,1.73442,1.00,1.37
2014.09.08 23:31:01.858,1.73416,1.73445,1.00,1.52
2014.09.08 23:31:02.381,1.73416,1.73445,1.00,1.37
2014.09.08 23:31:03.330,1.73418,1.73442,1.00,1.12
2014.09.08 23:31:04.022,1.7342,1.73442,1.42,1.00
2014.09.08 23:31:04.073,1.73424,1.7345,1.00,1.00
2014.09.08 23:31:04.174,1.73426,1.73452,2.50,1.00
2014.09.08 23:31:04.477,1.7343,1.73456,1.00,1.37
2014.09.08 23:31:04.679,1.7343,1.73456,1.00,1.37
2014.09.08 23:31:06.901,1.7343,1.73456,2.27,1.00
2014.09.08 23:31:07.595,1.73433,1.73462,1.00,1.37
2014.09.08 23:31:07.914,1.73433,1.73462,2.27,1.00
2014.09.08 23:31:15.146,1.73433,1.73462,1.00,1.37
2014.09.08 23:31:18.441,1.73433,1.73462,1.00,1.37
2014.09.08 23:31:18.650,1.73434,1.73462,1.12,1.00
2014.09.08 23:31:23.750,1.73434,1.73462,1.00,1.07
2014.09.08 23:31:46.840,1.73434,1.73461,1.00,2.25
2014.09.08 23:31:46.984,1.73433,1.73455,1.00,1.00
2014.09.08 23:31:47.085,1.73428,1.73452,1.00,1.00
2014.09.08 23:31:51.474,1.73428,1.73453,1.00,1.00
2014.09.08 23:32:01.614,1.73428,1.73453,1.00,1.37
2014.09.08 23:32:03.619,1.73428,1.73453,1.00,1.00
2014.09.08 23:32:07.710,1.73428,1.73453,1.00,1.37
2014.09.08 23:32:08.260,1.73428,1.73453,1.00,1.12
2014.09.08 23:32:12.065,1.73433,1.7346,1.00,1.12
2014.09.08 23:32:12.369,1.73436,1.73463,1.00,1.87
2014.09.08 23:32:12.419,1.73436,1.73463,1.00,1.87
2014.09.08 23:32:12.470,1.73436,1.7346,1.00,1.00
2014.09.08 23:32:26.328,1.73436,1.73463,1.00,2.25
2014.09.08 23:32:29.542,1.73436,1.73461,1.12,1.00
2014.09.08 23:32:46.964,1.73436,1.73457,1.00,1.00
2014.09.08 23:32:47.469,1.73436,1.73456,1.00,1.00
2014.09.08 23:32:48.880,1.73433,1.73454,1.00,1.00
2014.09.08 23:32:49.132,1.73431,1.7345,1.00,1.00
2014.09.08 23:33:00.405,1.73431,1.7345,1.37,1.00
2014.09.08 23:33:00.923,1.73431,1.7345,1.37,1.00
2014.09.08 23:33:02.805,1.73431,1.7345,1.12,1.00
2014.09.08 23:33:04.734,1.73431,1.7345,1.37,1.00
2014.09.08 23:33:05.247,1.73431,1.7345,1.12,1.00
2014.09.08 23:33:08.910,1.73431,1.73453,1.00,1.00
2014.09.08 23:33:09.246,1.73429,1.73448,1.87,1.00
2014.09.08 23:33:09.347,1.73429,1.73452,1.37,1.00
2014.09.08 23:33:14.671,1.73429,1.73452,1.37,1.00
2014.09.08 23:33:15.830,1.73429,1.73452,2.49,1.00
2014.09.08 23:33:21.334,1.73429,1.73452,1.50,1.00
2014.09.08 23:33:21.536,1.73429,1.73452,2.64,1.00
2014.09.08 23:33:29.772,1.73429,1.73452,1.37,1.00
2014.09.08 23:33:30.302,1.73429,1.73452,2.49,1.00
2014.09.08 23:33:32.186,1.73429,1.73452,2.49,1.00
2014.09.08 23:33:33.705,1.73429,1.73452,1.37,1.00
2014.09.08 23:33:34.734,1.73429,1.73452,1.12,1.00
2014.09.08 23:33:35.013,1.73429,1.73452,2.49,1.00
2014.09.08 23:33:35.114,1.73429,1.73452,1.37,1.00
2014.09.08 23:33:39.116,1.73429,1.73452,2.49,1.00
2014.09.08 23:33:40.217,1.73429,1.73452,1.37,1.00
2014.09.08 23:33:40.948,1.73429,1.73452,1.12,1.00
2014.09.08 23:33:41.473,1.73429,1.73452,1.37,1.00
2014.09.08 23:33:42.146,1.73429,1.73452,2.12,1.00
2014.09.08 23:33:42.247,1.73429,1.73448,1.00,1.00
2014.09.08 23:33:42.801,1.73426,1.73445,1.00,1.00
2014.09.08 23:33:44.673,1.73422,1.73443,1.37,1.00
2014.09.08 23:33:46.864,1.73422,1.73445,1.00,1.00
2014.09.08 23:34:05.782,1.73422,1.73441,1.50,1.00
2014.09.08 23:34:06.135,1.73417,1.73436,1.37,1.00
2014.09.08 23:34:06.237,1.73414,1.73433,1.27,1.00
2014.09.08 23:34:06.338,1.73413,1.73431,1.37,1.00
2014.09.08 23:34:06.643,1.73411,1.73431,1.20,1.00
2014.09.08 23:34:06.694,1.73411,1.73428,1.00,1.00
2014.09.08 23:34:06.745,1.73409,1.73428,1.00,1.00
2014.09.08 23:34:06.796,1.73406,1.73426,1.52,1.00
2014.09.08 23:34:07.120,1.73413,1.73434,2.17,1.00
2014.09.08 23:34:07.322,1.73412,1.73431,1.37,1.00
2014.09.08 23:34:07.524,1.73412,1.73431,1.12,1.00
2014.09.08 23:34:08.029,1.73411,1.73432,1.47,1.00
2014.09.08 23:34:12.311,1.73411,1.73432,1.37,1.00
2014.09.08 23:34:12.817,1.73411,1.73432,2.57,1.00
2014.09.08 23:34:12.918,1.73412,1.73435,1.50,1.00
2014.09.08 23:34:13.430,1.73412,1.73434,3.14,1.00
2014.09.08 23:34:19.051,1.73412,1.73434,2.40,1.00
2014.09.08 23:34:19.253,1.73412,1.73434,2.02,1.00
2014.09.08 23:34:19.498,1.73411,1.73432,1.37,1.00
2014.09.08 23:34:21.538,1.73411,1.73429,1.37,1.00
2014.09.08 23:34:21.741,1.73411,1.73429,1.37,1.00
2014.09.08 23:34:22.052,1.73411,1.73429,1.37,1.00
2014.09.08 23:34:22.355,1.73411,1.73429,3.39,1.00
2014.09.08 23:34:22.406,1.73413,1.73436,1.27,1.00
2014.09.08 23:34:23.217,1.73413,1.73436,1.50,1.00
2014.09.08 23:34:28.829,1.73413,1.73436,1.55,1.00
2014.09.08 23:34:28.981,1.73412,1.73433,1.37,1.00
2014.09.08 23:34:29.286,1.73412,1.73429,1.50,1.00
2014.09.08 23:34:29.538,1.73412,1.73431,1.00,1.00
2014.09.08 23:34:30.518,1.73412,1.73436,2.62,1.00
2014.09.08 23:34:30.569,1.73413,1.73436,1.50,1.00
2014.09.08 23:34:30.885,1.73413,1.73433,1.00,1.00
2014.09.08 23:34:34.038,1.73414,1.73435,1.50,1.00
2014.09.08 23:34:34.190,1.73416,1.73438,2.50,1.00
2014.09.08 23:34:34.697,1.73418,1.73437,2.50,1.00
2014.09.08 23:34:35.055,1.73418,1.73439,2.50,1.00
2014.09.08 23:34:35.156,1.73418,1.73439,2.50,1.00
2014.09.08 23:34:35.665,1.73418,1.73441,1.00,1.17
2014.09.08 23:34:37.808,1.73418,1.73437,1.00,1.10
2014.09.08 23:34:37.859,1.73417,1.73437,1.00,1.20
2014.09.08 23:34:40.554,1.73417,1.73434,1.00,1.00
2014.09.08 23:34:42.076,1.73417,1.73437,1.00,1.20
2014.09.08 23:34:42.178,1.73417,1.7344,2.50,1.00
2014.09.08 23:34:43.290,1.73416,1.73435,2.25,1.00
2014.09.08 23:34:44.863,1.73416,1.73435,2.62,1.00
2014.09.08 23:34:45.882,1.73416,1.73435,2.62,1.00
2014.09.08 23:34:47.534,1.73416,1.73435,1.00,1.07
2014.09.08 23:34:47.686,1.73412,1.73433,1.37,1.20
2014.09.08 23:34:48.396,1.73412,1.73433,1.37,1.20
2014.09.08 23:34:50.408,1.73412,1.73433,1.12,1.20
2014.09.08 23:35:03.117,1.73412,1.73433,1.37,1.20
2014.09.08 23:35:03.424,1.73412,1.73433,1.12,1.20
2014.09.08 23:35:10.399,1.73412,1.73433,1.37,1.10
2014.09.08 23:35:10.900,1.73412,1.73433,1.37,1.10
2014.09.08 23:35:11.928,1.73412,1.73433,1.37,1.10
2014.09.08 23:35:12.907,1.73412,1.73433,1.37,1.10
2014.09.08 23:35:21.721,1.73412,1.73433,1.00,1.10
2014.09.08 23:35:22.423,1.73412,1.73433,1.37,1.10
2014.09.08 23:35:40.558,1.73412,1.73433,1.00,1.00
2014.09.08 23:35:40.903,1.73412,1.73433,1.00,1.00
2014.09.08 23:35:41.055,1.73413,1.73437,1.12,1.00
2014.09.08 23:35:41.156,1.73414,1.7344,1.00,1.10
2014.09.08 23:35:41.459,1.73413,1.73434,1.50,1.00
2014.09.08 23:35:56.429,1.7341,1.73429,1.00,1.00
2014.09.08 23:35:56.580,1.7341,1.73432,1.00,1.00
2014.09.08 23:36:00.492,1.7341,1.73432,1.37,1.00
2014.09.08 23:36:00.644,1.73415,1.73439,1.00,1.10
2014.09.08 23:36:00.960,1.73415,1.73434,1.00,1.00
2014.09.08 23:36:02.498,1.73411,1.73432,1.00,1.00
2014.09.08 23:36:23.086,1.73411,1.73432,1.00,1.17
2014.09.08 23:36:23.137,1.73409,1.73428,1.00,1.00
2014.09.08 23:36:23.391,1.73406,1.73427,1.00,1.00
2014.09.08 23:36:23.644,1.73403,1.73424,1.00,1.00
2014.09.08 23:36:30.346,1.73403,1.73427,1.00,1.00
2014.09.08 23:36:37.048,1.734,1.73419,1.95,1.00
2014.09.08 23:36:39.896,1.73411,1.73426,1.42,1.00
2014.09.08 23:36:40.099,1.73413,1.73437,3.02,1.00
2014.09.08 23:36:40.351,1.73413,1.73435,1.65,1.00
2014.09.08 23:36:40.453,1.73413,1.73432,1.17,1.00
2014.09.08 23:36:40.978,1.73413,1.73432,1.00,1.00
2014.09.08 23:36:47.652,1.73413,1.73432,1.50,1.00
2014.09.08 23:36:50.373,1.73413,1.7343,1.00,1.00
2014.09.08 23:37:24.162,1.73412,1.7343,1.00,1.00
2014.09.08 23:37:29.671,1.73411,1.7343,1.00,1.00
2014.09.08 23:37:43.781,1.73411,1.7343,1.50,1.00
2014.09.08 23:37:44.034,1.73412,1.73434,2.32,1.00
2014.09.08 23:37:44.135,1.73416,1.73438,1.12,1.00
2014.09.08 23:37:45.571,1.73414,1.73433,1.55,1.00
2014.09.08 23:37:45.986,1.73412,1.73431,2.02,1.00
2014.09.08 23:37:46.490,1.73411,1.7343,1.20,1.00
2014.09.08 23:37:47.084,1.73409,1.7343,1.52,1.00
2014.09.08 23:37:49.778,1.73409,1.7343,1.52,1.00
2014.09.08 23:37:49.879,1.73408,1.73427,1.45,1.00
2014.09.08 23:37:50.183,1.73409,1.73427,1.00,1.00
2014.09.08 23:37:50.637,1.73409,1.7343,1.00,1.00
2014.09.08 23:37:51.370,1.73409,1.7343,1.87,1.00
2014.09.08 23:37:52.612,1.73411,1.7343,1.12,1.00
2014.09.08 23:37:53.125,1.7341,1.7343,1.37,1.00
2014.09.08 23:37:53.176,1.7341,1.73427,1.00,1.00
2014.09.08 23:37:53.862,1.73408,1.73427,1.87,1.00
2014.09.08 23:37:55.429,1.73408,1.73427,2.12,1.00
2014.09.08 23:37:55.944,1.73408,1.73427,1.87,1.00
2014.09.08 23:37:56.455,1.73408,1.73427,1.87,1.00
2014.09.08 23:37:56.955,1.73408,1.73427,2.12,1.00
2014.09.08 23:37:57.536,1.73408,1.73427,2.12,1.00
2014.09.08 23:38:00.660,1.7341,1.73427,1.20,1.00
2014.09.08 23:38:04.574,1.7341,1.73427,1.00,1.00
2014.09.08 23:38:05.144,1.7341,1.73427,1.10,1.00
2014.09.08 23:38:06.377,1.7341,1.73426,1.00,1.00
2014.09.08 23:38:06.842,1.7341,1.73426,1.00,1.00
2014.09.08 23:38:07.124,1.7341,1.73426,1.75,1.00
2014.09.08 23:38:07.226,1.73412,1.73429,1.12,1.00
2014.09.08 23:38:07.327,1.73413,1.73432,1.20,1.00
2014.09.08 23:38:07.985,1.73414,1.73432,1.00,1.00
2014.09.08 23:38:08.510,1.73414,1.73432,1.12,1.00
2014.09.08 23:38:18.070,1.73416,1.73432,1.20,1.00
2014.09.08 23:38:18.222,1.73416,1.73436,4.37,1.00
2014.09.08 23:38:37.404,1.73417,1.73433,1.20,1.00
2014.09.08 23:38:37.455,1.73417,1.73433,1.37,1.00
2014.09.08 23:38:37.968,1.73417,1.73433,1.52,1.00
2014.09.08 23:38:38.594,1.73417,1.73436,1.52,1.00
2014.09.08 23:38:40.231,1.73417,1.73436,1.52,1.00
2014.09.08 23:38:40.332,1.73419,1.7344,1.42,1.00
2014.09.08 23:38:42.674,1.73421,1.7344,3.00,1.00
2014.09.08 23:38:42.775,1.73424,1.73443,1.20,1.00
2014.09.08 23:38:42.826,1.73425,1.73443,1.05,1.00
2014.09.08 23:38:47.590,1.73428,1.73454,1.00,1.00
2014.09.08 23:38:52.221,1.7343,1.73456,1.00,1.00
2014.09.08 23:38:52.528,1.7343,1.73453,1.00,1.00
2014.09.08 23:38:52.894,1.73431,1.73455,1.00,1.00
2014.09.08 23:38:53.196,1.73431,1.73453,1.00,1.00
2014.09.08 23:39:02.147,1.73431,1.7345,1.00,1.00
2014.09.08 23:39:10.939,1.73428,1.73447,1.00,1.00
2014.09.08 23:39:15.209,1.73425,1.73444,1.00,1.00
2014.09.08 23:39:18.172,1.73425,1.73447,1.00,1.00
2014.09.08 23:39:18.951,1.73425,1.73444,1.00,1.00
2014.09.08 23:39:19.421,1.73425,1.73448,1.00,1.00
2014.09.08 23:39:35.442,1.73424,1.73445,1.00,1.00
2014.09.08 23:39:38.224,1.7342,1.73439,1.00,1.00
2014.09.08 23:39:41.875,1.7342,1.73439,1.00,1.00
2014.09.08 23:39:42.128,1.7342,1.73442,1.00,1.00
2014.09.08 23:39:42.280,1.7342,1.7344,1.00,1.00
2014.09.08 23:39:48.131,1.7342,1.7344,1.00,1.00
2014.09.08 23:39:48.434,1.73422,1.73442,1.50,1.00
2014.09.08 23:39:49.080,1.73422,1.73445,2.87,1.00
2014.09.08 23:39:49.233,1.73426,1.73448,1.12,1.00
2014.09.08 23:39:50.192,1.73426,1.7345,1.00,1.00
2014.09.08 23:39:50.293,1.73426,1.73447,1.00,1.00
2014.09.08 23:39:52.167,1.73426,1.7345,1.00,1.00
2014.09.08 23:39:53.839,1.73432,1.73455,1.50,1.15
2014.09.08 23:39:53.940,1.73432,1.73456,3.07,1.00
2014.09.08 23:39:53.991,1.73442,1.73456,1.00,1.00
2014.09.08 23:39:54.042,1.73442,1.7346,1.00,1.00
2014.09.08 23:39:54.144,1.73445,1.73465,1.12,1.00
2014.09.08 23:39:54.396,1.73447,1.73469,1.12,1.00
2014.09.08 23:39:54.497,1.73448,1.73473,1.87,1.10
2014.09.08 23:39:54.649,1.73449,1.73473,1.00,1.10
2014.09.08 23:39:54.800,1.7345,1.73477,1.00,1.10
2014.09.08 23:39:54.901,1.73455,1.73477,1.50,1.10
2014.09.08 23:39:55.053,1.73455,1.7349,1.00,1.50
2014.09.08 23:39:55.255,1.7346,1.73486,1.00,1.17
2014.09.08 23:39:55.457,1.73459,1.73482,1.00,1.00
2014.09.08 23:39:55.559,1.73459,1.73482,1.00,1.15
2014.09.08 23:39:55.862,1.73459,1.73482,1.00,1.00
2014.09.08 23:39:55.912,1.73456,1.73477,1.00,1.00
2014.09.08 23:39:56.241,1.73456,1.73474,1.00,1.00
2014.09.08 23:39:56.443,1.73456,1.73478,1.00,1.15
2014.09.08 23:39:56.947,1.73455,1.73478,1.00,1.15
2014.09.08 23:39:57.458,1.73455,1.73478,1.00,1.00
2014.09.08 23:39:59.430,1.73455,1.7348,1.00,1.10
2014.09.08 23:39:59.783,1.73455,1.73483,1.00,1.00
2014.09.08 23:39:59.985,1.73457,1.73486,1.00,1.00
2014.09.08 23:40:01.107,1.73457,1.73486,3.39,1.00
2014.09.08 23:40:01.410,1.73461,1.73487,1.00,1.00
2014.09.08 23:40:01.512,1.73461,1.73485,1.47,1.00
2014.09.08 23:40:02.096,1.73461,1.73485,1.10,1.00
2014.09.08 23:40:03.848,1.73461,1.73487,1.00,1.00
2014.09.08 23:40:10.604,1.73465,1.73487,1.00,1.00
2014.09.08 23:40:10.940,1.73466,1.73487,1.50,1.00
2014.09.08 23:40:10.991,1.73466,1.7349,2.87,1.00
2014.09.08 23:40:12.230,1.73466,1.73492,1.00,1.00
2014.09.08 23:40:12.331,1.73466,1.73489,1.00,1.00
2014.09.08 23:40:13.578,1.73466,1.73489,1.00,1.17
2014.09.08 23:40:16.424,1.73466,1.73489,1.00,1.00
2014.09.08 23:40:19.261,1.73466,1.73494,1.00,1.17
2014.09.08 23:40:19.779,1.73466,1.73494,2.12,1.00
2014.09.08 23:40:20.230,1.73468,1.73496,1.00,1.10
2014.09.08 23:40:21.458,1.73468,1.73492,1.50,1.00
2014.09.08 23:40:25.406,1.73468,1.73488,1.00,1.00
2014.09.08 23:40:33.668,1.73468,1.73491,1.87,1.00
2014.09.08 23:40:37.048,1.73468,1.73488,1.12,1.00
2014.09.08 23:40:38.362,1.73467,1.73488,1.50,1.00
2014.09.08 23:40:42.416,1.73466,1.73488,1.00,1.00
2014.09.08 23:40:42.719,1.73466,1.73485,1.00,1.00
2014.09.08 23:40:45.112,1.73466,1.73488,1.87,1.00
2014.09.08 23:40:51.254,1.73467,1.73491,1.12,1.00
2014.09.08 23:40:51.355,1.73467,1.73488,1.12,1.00
2014.09.08 23:40:55.851,1.73467,1.73486,1.00,1.00
2014.09.08 23:40:56.154,1.73466,1.73482,1.00,1.00
2014.09.08 23:40:57.647,1.73466,1.73479,1.00,1.00
2014.09.08 23:40:57.900,1.73462,1.73479,1.12,1.00
2014.09.08 23:40:59.397,1.7346,1.73479,1.00,1.00
2014.09.08 23:40:59.904,1.7346,1.73478,1.00,1.00
2014.09.08 23:41:00.766,1.7346,1.73478,1.00,1.00
2014.09.08 23:41:01.655,1.7346,1.73478,1.00,1.00
2014.09.08 23:41:01.857,1.73456,1.73478,1.50,1.00
2014.09.08 23:41:01.907,1.73456,1.73473,1.50,1.00
2014.09.08 23:41:02.059,1.73454,1.73473,1.20,1.00
2014.09.08 23:41:02.160,1.73454,1.73471,1.12,1.00
2014.09.08 23:41:04.210,1.73447,1.73469,1.87,1.00
2014.09.08 23:41:04.361,1.73447,1.73463,1.00,1.00
2014.09.08 23:41:04.668,1.73441,1.7346,1.57,1.00
2014.09.08 23:41:05.256,1.73441,1.7346,1.57,1.00
2014.09.08 23:41:05.458,1.73441,1.7346,1.20,1.00
2014.09.08 23:41:06.075,1.73442,1.7346,1.00,1.00
2014.09.08 23:41:06.655,1.73442,1.7346,1.12,1.00
2014.09.08 23:41:06.756,1.73442,1.73464,2.62,1.00
2014.09.08 23:41:06.857,1.73447,1.73467,1.00,1.00
2014.09.08 23:41:07.110,1.73447,1.73471,1.00,1.00
2014.09.08 23:41:07.835,1.73447,1.73471,2.65,1.00
2014.09.08 23:41:09.626,1.73447,1.73471,2.65,1.00
2014.09.08 23:41:09.727,1.73447,1.73471,2.70,1.00
2014.09.08 23:41:09.828,1.73447,1.73466,1.00,1.00
2014.09.08 23:41:09.934,1.73447,1.73466,1.00,1.00
2014.09.08 23:41:10.804,1.73446,1.73466,1.87,1.00
2014.09.08 23:41:13.600,1.73446,1.73466,1.00,1.00
2014.09.08 23:41:14.112,1.73446,1.73466,1.00,1.00
2014.09.08 23:41:14.263,1.73442,1.73464,2.02,1.00
2014.09.08 23:41:14.566,1.73442,1.7346,1.52,1.00
2014.09.08 23:41:16.968,1.73442,1.73465,1.27,1.00
2014.09.08 23:41:17.018,1.73442,1.73465,1.12,1.00
2014.09.08 23:41:17.120,1.73441,1.73465,1.37,1.00
2014.09.08 23:41:17.280,1.73441,1.73465,1.37,1.00
2014.09.08 23:41:18.199,1.73441,1.73465,2.12,1.00
2014.09.08 23:41:18.648,1.7344,1.73462,1.52,1.00
2014.09.08 23:41:18.749,1.7344,1.73462,1.00,1.00
2014.09.08 23:41:18.850,1.73437,1.73456,1.50,1.00
2014.09.08 23:41:19.581,1.73437,1.73456,1.87,1.00
2014.09.08 23:41:21.825,1.73437,1.73456,1.00,1.00
2014.09.08 23:41:24.857,1.73437,1.73456,1.00,1.00
2014.09.08 23:41:25.175,1.73437,1.73456,1.00,1.00
2014.09.08 23:41:25.550,1.73437,1.73456,1.00,1.00
2014.09.08 23:41:25.706,1.73437,1.73459,1.00,1.00
2014.09.08 23:41:26.225,1.73437,1.73459,2.27,1.00
2014.09.08 23:41:28.982,1.7344,1.73462,1.12,1.00
2014.09.08 23:41:41.604,1.73441,1.73462,2.12,1.00
2014.09.08 23:41:50.313,1.73443,1.73466,2.02,1.00
2014.09.08 23:41:50.364,1.73444,1.73466,1.12,1.00
2014.09.08 23:41:50.415,1.73444,1.73469,2.95,1.00
2014.09.08 23:41:50.924,1.73444,1.73469,4.07,1.00
2014.09.08 23:41:51.449,1.73444,1.73469,2.57,1.00
2014.09.08 23:41:52.316,1.73444,1.73469,3.32,1.00
2014.09.08 23:41:52.854,1.73444,1.73469,2.59,1.00
2014.09.08 23:41:54.698,1.73446,1.73473,1.00,1.00
2014.09.08 23:41:55.162,1.73449,1.73475,1.00,1.00
2014.09.08 23:41:57.799,1.73449,1.73473,1.00,1.00
2014.09.08 23:41:58.303,1.73449,1.73473,1.00,1.00
2014.09.08 23:42:06.574,1.73449,1.73473,1.00,1.00
2014.09.08 23:42:07.564,1.73449,1.73473,1.00,1.00
2014.09.08 23:42:08.477,1.73449,1.73473,1.00,1.00
2014.09.08 23:42:08.985,1.73449,1.73473,1.00,1.00
2014.09.08 23:42:11.007,1.73449,1.73473,1.00,1.00
2014.09.08 23:42:11.209,1.73449,1.73471,1.00,1.00
2014.09.08 23:42:11.310,1.73448,1.73471,1.00,1.00
2014.09.08 23:42:11.462,1.73448,1.73475,1.00,1.00
2014.09.08 23:42:11.865,1.73452,1.73476,1.00,1.00
2014.09.08 23:42:12.168,1.73457,1.73481,1.00,1.00
2014.09.08 23:42:12.320,1.73457,1.73483,1.00,1.00
2014.09.08 23:42:15.843,1.73458,1.73485,1.00,1.00
2014.09.08 23:42:16.295,1.73461,1.73487,2.65,1.00
2014.09.08 23:42:16.497,1.73461,1.73489,1.00,1.00
2014.09.08 23:42:28.186,1.73463,1.73492,1.00,1.00
2014.09.08 23:42:28.949,1.73463,1.73489,1.00,1.00
2014.09.08 23:42:36.061,1.73463,1.73486,1.00,1.00
2014.09.08 23:42:37.162,1.73463,1.73488,1.00,1.00
2014.09.08 23:42:38.263,1.73464,1.73493,1.00,1.00
2014.09.08 23:42:39.486,1.73464,1.73489,1.00,1.00
2014.09.08 23:42:41.713,1.73465,1.73492,1.00,1.00
2014.09.08 23:42:45.098,1.73466,1.73492,1.00,1.00
2014.09.08 23:42:45.200,1.73468,1.73494,1.00,1.00
2014.09.08 23:42:46.178,1.73468,1.73492,1.10,1.00
2014.09.08 23:42:49.965,1.73468,1.73495,1.00,1.00
2014.09.08 23:43:05.537,1.73468,1.73493,1.00,1.00
2014.09.08 23:43:10.744,1.73467,1.73491,1.12,1.00
2014.09.08 23:43:14.364,1.73467,1.73491,1.37,1.00
2014.09.08 23:43:14.465,1.73467,1.73494,1.00,1.00
2014.09.08 23:43:20.825,1.73467,1.73493,1.00,1.00
2014.09.08 23:43:20.876,1.73467,1.73493,1.00,1.07
2014.09.08 23:43:20.978,1.73467,1.73491,1.00,1.15
2014.09.08 23:43:21.079,1.73465,1.73488,1.00,1.45
2014.09.08 23:43:21.181,1.73462,1.73483,1.00,1.00
2014.09.08 23:43:21.282,1.73462,1.73487,1.00,1.07
2014.09.08 23:43:21.791,1.73462,1.73487,1.00,1.00
2014.09.08 23:43:32.272,1.73463,1.73487,1.00,1.00
2014.09.08 23:43:39.770,1.73463,1.73486,1.00,1.00
2014.09.08 23:43:40.124,1.73462,1.7348,1.00,1.00
2014.09.08 23:43:42.736,1.73461,1.7348,1.00,1.00
2014.09.08 23:43:44.719,1.73461,1.73482,1.00,1.00
2014.09.08 23:43:53.749,1.73461,1.73485,1.00,1.10
2014.09.08 23:43:56.512,1.73461,1.73483,1.00,1.00
2014.09.08 23:43:57.022,1.73461,1.73484,1.00,1.00
2014.09.08 23:43:59.255,1.7346,1.73481,1.00,1.00
2014.09.08 23:43:59.564,1.73458,1.73477,1.00,1.00
2014.09.08 23:44:03.500,1.73458,1.73477,1.00,1.15
2014.09.08 23:44:03.654,1.73455,1.73474,1.00,1.00
2014.09.08 23:44:04.310,1.73451,1.73473,1.00,1.00
2014.09.08 23:44:04.896,1.73451,1.73473,1.00,1.17
2014.09.08 23:44:17.235,1.73451,1.73473,1.00,1.00
2014.09.08 23:44:20.340,1.73451,1.73476,1.00,1.00
2014.09.08 23:44:21.230,1.73451,1.73475,1.00,1.00
2014.09.08 23:44:33.909,1.73452,1.73478,1.00,1.00
2014.09.08 23:44:34.214,1.73452,1.73473,1.00,1.00
2014.09.08 23:44:34.872,1.73449,1.7347,1.37,1.00
2014.09.08 23:44:35.380,1.73449,1.7347,1.37,1.00
2014.09.08 23:44:37.271,1.73449,1.7347,1.12,1.00
2014.09.08 23:44:37.524,1.73449,1.73473,1.00,1.00
2014.09.08 23:44:43.264,1.73449,1.7347,1.00,1.00
2014.09.08 23:44:53.446,1.73449,1.73472,1.00,1.00
2014.09.08 23:45:00.389,1.73452,1.73472,1.00,1.00
2014.09.08 23:45:01.366,1.73452,1.73475,1.00,1.00
2014.09.08 23:45:04.233,1.73453,1.73475,1.00,1.00
2014.09.08 23:45:05.097,1.73455,1.73475,1.00,1.00
2014.09.08 23:45:05.198,1.73455,1.73475,1.50,1.00
2014.09.08 23:45:05.300,1.73455,1.73475,1.00,1.00
2014.09.08 23:45:05.451,1.73455,1.73478,1.12,1.00
2014.09.08 23:45:05.553,1.73459,1.7348,1.12,1.00
2014.09.08 23:45:19.074,1.73459,1.73483,1.00,1.00
2014.09.08 23:45:25.108,1.73459,1.73483,1.00,1.47
2014.09.08 23:45:25.160,1.73458,1.73479,1.00,1.00
2014.09.08 23:45:25.261,1.73456,1.73477,1.00,1.00
2014.09.08 23:45:30.404,1.73455,1.73474,1.00,1.00
2014.09.08 23:45:30.711,1.73455,1.73476,1.00,1.00
2014.09.08 23:45:31.613,1.73455,1.73473,1.00,1.00
2014.09.08 23:45:32.541,1.73455,1.73476,1.00,1.00
2014.09.08 23:45:32.642,1.73455,1.73473,1.00,1.00
2014.09.08 23:45:38.742,1.73454,1.73473,1.00,1.00
2014.09.08 23:45:52.100,1.73451,1.73472,1.00,1.00
2014.09.08 23:45:52.302,1.73451,1.73474,1.00,1.00
2014.09.08 23:45:52.414,1.73451,1.73472,1.00,1.00
2014.09.08 23:45:53.094,1.73451,1.73475,1.00,1.00
2014.09.08 23:46:06.850,1.73451,1.73477,1.00,1.00
2014.09.08 23:46:08.481,1.73451,1.73474,1.00,1.00
2014.09.08 23:46:13.867,1.73452,1.73478,1.00,1.57
2014.09.08 23:46:14.120,1.73452,1.73475,1.00,1.00
2014.09.08 23:46:29.953,1.73452,1.73472,1.00,1.00
2014.09.08 23:46:30.255,1.73452,1.73474,1.00,1.00
2014.09.08 23:46:41.682,1.73452,1.73478,1.00,1.00
2014.09.08 23:46:41.834,1.73452,1.73476,1.00,1.00
2014.09.08 23:46:44.442,1.73455,1.73479,1.00,1.12
2014.09.08 23:46:45.202,1.73455,1.73477,1.00,1.00
2014.09.08 23:47:00.013,1.73455,1.73477,1.00,1.00
2014.09.08 23:47:00.064,1.73455,1.73479,1.00,1.00
2014.09.08 23:47:00.166,1.7346,1.73486,1.00,1.00
2014.09.08 23:47:00.318,1.73464,1.73488,1.00,1.00
2014.09.08 23:47:00.419,1.73465,1.73491,1.00,1.00
2014.09.08 23:47:00.974,1.73469,1.73495,1.00,1.00
2014.09.08 23:47:01.276,1.73469,1.73492,1.00,1.00
2014.09.08 23:47:13.815,1.73471,1.73495,1.00,1.00
2014.09.08 23:47:20.549,1.73472,1.73501,2.50,1.00
2014.09.08 23:47:24.142,1.73472,1.73497,1.50,1.00
2014.09.08 23:47:24.515,1.73472,1.73495,1.00,1.00
2014.09.08 23:47:27.725,1.73472,1.73495,1.00,1.00
2014.09.08 23:47:28.465,1.73472,1.73495,1.00,1.00
2014.09.08 23:47:31.955,1.73471,1.73492,1.00,1.00
2014.09.08 23:47:32.258,1.73469,1.73488,1.00,1.00
2014.09.08 23:47:42.319,1.73467,1.73486,1.50,1.00
2014.09.08 23:48:00.025,1.73463,1.73484,1.50,1.00
2014.09.08 23:48:00.991,1.73463,1.73486,1.00,1.00
2014.09.08 23:48:21.121,1.73464,1.73488,1.00,1.00
2014.09.08 23:48:21.680,1.73464,1.73486,1.50,1.00
2014.09.08 23:48:22.660,1.73464,1.73488,1.00,1.00
2014.09.08 23:48:23.237,1.73464,1.73486,1.50,1.00
2014.09.08 23:48:23.790,1.73464,1.73488,1.00,1.00
2014.09.08 23:48:26.979,1.73464,1.73482,1.37,1.00
2014.09.08 23:48:27.495,1.73464,1.73482,1.00,1.00
2014.09.08 23:48:33.468,1.73464,1.73486,1.50,1.00
2014.09.08 23:48:33.527,1.73464,1.73486,1.00,1.00
2014.09.08 23:48:36.102,1.73465,1.7349,1.65,1.00
2014.09.08 23:48:36.204,1.73465,1.73488,1.00,1.00
2014.09.08 23:48:36.507,1.73465,1.73485,1.10,1.00
2014.09.08 23:48:44.137,1.73465,1.73485,1.37,1.00
2014.09.08 23:48:44.348,1.73465,1.73489,1.00,1.00
2014.09.08 23:48:44.550,1.73465,1.73486,1.50,1.00
2014.09.08 23:48:45.441,1.73465,1.73486,1.00,1.00
2014.09.08 23:48:47.662,1.73462,1.73482,1.00,1.00
2014.09.08 23:48:47.966,1.7346,1.73479,1.00,1.00
2014.09.08 23:48:49.868,1.73459,1.73476,1.00,1.00
2014.09.08 23:48:49.969,1.73459,1.73479,1.00,1.00
2014.09.08 23:48:51.227,1.73458,1.73479,1.00,1.00
2014.09.08 23:48:53.605,1.73458,1.7348,1.00,1.00
2014.09.08 23:48:55.370,1.73458,1.7348,1.00,1.95
2014.09.08 23:48:55.471,1.73458,1.73478,1.00,1.57
2014.09.08 23:48:55.572,1.73453,1.73472,1.00,1.00
2014.09.08 23:48:55.673,1.73453,1.73476,1.00,1.00
2014.09.08 23:48:55.725,1.73453,1.73476,1.00,1.00
2014.09.08 23:48:56.603,1.73453,1.73478,1.50,1.00
2014.09.08 23:49:02.607,1.73456,1.7348,1.00,1.00
2014.09.08 23:49:02.945,1.73456,1.73477,1.00,1.00
2014.09.08 23:49:03.926,1.73456,1.73479,2.50,1.00
2014.09.08 23:49:04.231,1.73461,1.73484,1.12,1.00
2014.09.08 23:49:04.537,1.73461,1.73481,2.12,1.00
2014.09.08 23:49:05.596,1.73461,1.73481,1.37,1.00
2014.09.08 23:49:06.559,1.73461,1.73485,2.12,1.00
2014.09.08 23:49:23.418,1.73462,1.73488,1.00,1.00
2014.09.08 23:49:29.906,1.73462,1.73483,2.87,1.00
2014.09.08 23:49:30.461,1.73462,1.73487,2.87,1.00
2014.09.08 23:49:30.995,1.73465,1.73487,1.87,1.00
2014.09.08 23:49:32.664,1.73465,1.73489,2.50,1.00
2014.09.08 23:49:32.765,1.73465,1.73486,1.50,1.00
2014.09.08 23:49:37.682,1.73464,1.73483,1.37,1.00
2014.09.08 23:49:38.142,1.73464,1.73483,2.87,1.00
2014.09.08 23:49:38.244,1.73465,1.7349,2.02,1.00
2014.09.08 23:49:38.806,1.73465,1.73487,3.39,1.00
2014.09.08 23:49:39.061,1.73465,1.73487,1.00,1.00
2014.09.08 23:49:39.111,1.73465,1.73484,1.52,1.00
2014.09.08 23:49:40.643,1.73465,1.73484,1.00,1.00
2014.09.08 23:49:40.693,1.73465,1.73489,2.65,1.00
2014.09.08 23:49:41.257,1.73465,1.73487,1.20,1.00
2014.09.08 23:49:42.854,1.73465,1.73489,1.00,1.00
2014.09.08 23:49:50.222,1.73469,1.73493,1.00,1.00
2014.09.08 23:49:50.812,1.73469,1.73489,1.00,1.00
2014.09.08 23:49:52.420,1.7347,1.73494,1.00,1.00
2014.09.08 23:50:11.407,1.7347,1.73494,1.00,1.15
2014.09.08 23:50:13.260,1.73469,1.7349,1.00,1.00
2014.09.08 23:50:13.362,1.73466,1.73487,1.00,1.00
2014.09.08 23:50:13.665,1.73462,1.7348,1.50,1.00
2014.09.08 23:50:25.671,1.73462,1.73485,2.87,1.00
2014.09.08 23:50:26.025,1.73462,1.73481,1.00,1.00
2014.09.08 23:50:26.696,1.73462,1.73481,1.00,1.00
2014.09.08 23:50:31.201,1.73461,1.73481,1.00,1.00
2014.09.08 23:50:32.708,1.73461,1.73481,1.00,1.00
2014.09.08 23:50:35.957,1.7346,1.73481,1.12,1.00
2014.09.08 23:50:37.671,1.73459,1.73479,1.87,1.00
2014.09.08 23:50:41.239,1.73459,1.73479,1.00,1.00
2014.09.08 23:50:41.542,1.73456,1.73475,1.00,1.00
2014.09.08 23:50:41.845,1.73449,1.73466,1.00,1.00
2014.09.08 23:50:41.896,1.73447,1.73466,1.12,1.00
2014.09.08 23:50:42.259,1.73446,1.73464,1.00,1.00
2014.09.08 23:50:42.360,1.73443,1.73464,1.50,1.00
2014.09.08 23:50:42.411,1.73441,1.73462,1.12,1.00
2014.09.08 23:50:42.715,1.73438,1.73462,1.00,1.00
2014.09.08 23:50:42.816,1.73436,1.73458,1.12,1.00
2014.09.08 23:50:43.119,1.73436,1.73455,1.00,1.00
2014.09.08 23:50:43.697,1.73434,1.73455,1.37,1.00
2014.09.08 23:50:46.656,1.73434,1.73455,1.12,1.00
2014.09.08 23:50:47.110,1.73431,1.73452,1.00,1.00
2014.09.08 23:50:47.720,1.7343,1.73452,1.00,1.00
2014.09.08 23:50:47.872,1.73427,1.73451,1.50,1.00
2014.09.08 23:50:48.024,1.73426,1.73447,1.00,1.00
2014.09.08 23:50:48.331,1.73426,1.73443,1.00,1.00
2014.09.08 23:50:50.540,1.73426,1.73444,1.00,1.00
2014.09.08 23:50:50.642,1.73426,1.73448,1.00,1.00
2014.09.08 23:50:54.907,1.73426,1.73448,1.50,1.00
2014.09.08 23:51:00.899,1.73426,1.73448,1.87,1.00
2014.09.08 23:51:01.202,1.73426,1.73448,1.00,1.00
2014.09.08 23:51:10.628,1.73426,1.73448,1.00,1.00
2014.09.08 23:51:13.531,1.73426,1.73448,1.37,1.00
2014.09.08 23:51:14.079,1.73426,1.73448,1.00,1.00
2014.09.08 23:51:14.130,1.73426,1.73448,1.00,1.00
2014.09.08 23:51:21.827,1.73426,1.73448,1.00,1.00
2014.09.08 23:51:29.904,1.73426,1.7345,1.00,1.20
2014.09.08 23:51:30.212,1.73427,1.73452,2.12,1.00
2014.09.08 23:51:30.718,1.73427,1.73453,2.24,1.00
2014.09.08 23:51:41.232,1.73427,1.73453,1.50,1.00
2014.09.08 23:52:01.645,1.7343,1.73453,1.50,1.10
2014.09.08 23:52:03.734,1.73431,1.73453,1.50,1.10
2014.09.08 23:52:15.151,1.73431,1.73453,1.50,1.00
2014.09.08 23:52:22.123,1.73431,1.73453,1.50,1.00
2014.09.08 23:52:22.527,1.73431,1.73453,1.50,1.15
2014.09.08 23:52:24.368,1.73428,1.73451,1.00,1.17
2014.09.08 23:52:24.898,1.73428,1.73451,1.00,1.17
2014.09.08 23:52:27.692,1.73428,1.73451,1.00,1.10
2014.09.08 23:52:27.895,1.73428,1.73455,1.00,1.00
2014.09.08 23:52:28.164,1.73428,1.73455,1.00,1.07
2014.09.08 23:52:28.675,1.73428,1.73451,1.00,1.00
2014.09.08 23:52:29.087,1.73428,1.73451,1.00,1.75
2014.09.08 23:52:29.189,1.73427,1.7345,1.00,1.07
2014.09.08 23:52:29.290,1.73427,1.7345,1.00,1.07
2014.09.08 23:52:29.392,1.73427,1.7345,1.00,1.17
2014.09.08 23:52:29.645,1.73431,1.73454,1.50,1.00
2014.09.08 23:52:29.847,1.73431,1.73456,2.50,1.00
2014.09.08 23:52:30.383,1.73431,1.73456,1.50,1.00
2014.09.08 23:52:31.455,1.73434,1.73456,1.50,1.00
2014.09.08 23:52:31.928,1.73434,1.73456,1.50,1.00
2014.09.08 23:52:32.580,1.73434,1.73456,2.50,1.00
2014.09.08 23:52:38.829,1.73434,1.73456,1.50,1.00
2014.09.08 23:52:39.045,1.73434,1.73456,2.50,1.00
2014.09.08 23:52:44.761,1.73434,1.73454,1.00,1.00
2014.09.08 23:52:45.678,1.73434,1.73458,1.00,1.17
2014.09.08 23:52:46.347,1.73434,1.73458,1.00,1.17
2014.09.08 23:52:46.850,1.73434,1.73458,1.00,1.00
2014.09.08 23:52:49.905,1.73434,1.73458,2.49,1.00
2014.09.08 23:52:49.962,1.73435,1.7346,1.12,1.00
2014.09.08 23:52:50.467,1.73435,1.7346,1.37,1.00
2014.09.08 23:52:51.585,1.73438,1.7346,1.12,1.00
2014.09.08 23:52:51.888,1.73439,1.73463,1.12,1.00
2014.09.08 23:52:52.194,1.7344,1.73463,1.12,1.00
2014.09.08 23:52:52.554,1.7344,1.73463,1.75,1.00
2014.09.08 23:52:52.605,1.7344,1.73465,1.75,1.00
2014.09.08 23:52:59.146,1.73441,1.73465,1.12,1.00
2014.09.08 23:53:02.504,1.73441,1.73463,1.00,1.10
2014.09.08 23:53:02.807,1.73439,1.73463,1.00,1.17
2014.09.08 23:53:03.760,1.73439,1.73463,1.00,1.00
2014.09.08 23:53:04.576,1.73439,1.73463,1.00,1.00
2014.09.08 23:53:05.138,1.73439,1.73463,1.00,1.00
2014.09.08 23:53:05.651,1.73439,1.73463,1.37,1.00
2014.09.08 23:53:05.702,1.73439,1.73461,1.00,1.00
2014.09.08 23:53:06.468,1.73439,1.73465,1.00,1.00
2014.09.08 23:53:06.821,1.73441,1.73465,1.12,1.75
2014.09.08 23:53:07.023,1.7344,1.73461,1.00,1.15
2014.09.08 23:53:07.125,1.73438,1.73457,1.00,1.00
2014.09.08 23:53:07.276,1.73434,1.73455,1.00,1.10
2014.09.08 23:53:07.545,1.73434,1.73455,1.00,1.10
2014.09.08 23:53:07.855,1.73434,1.73457,1.00,1.00
2014.09.08 23:53:09.555,1.73435,1.73459,1.00,1.00
2014.09.08 23:53:18.603,1.73435,1.73457,1.00,1.00
2014.09.08 23:53:28.823,1.73435,1.7346,1.00,1.10
2014.09.08 23:53:41.802,1.73435,1.73458,1.00,1.00
2014.09.08 23:53:42.328,1.73435,1.73457,1.00,1.00
2014.09.08 23:53:46.755,1.73436,1.7346,1.12,1.00
2014.09.08 23:53:46.907,1.73437,1.7346,1.12,1.00
2014.09.08 23:53:47.059,1.73437,1.73463,2.12,1.10
2014.09.08 23:53:55.219,1.73437,1.7346,1.00,1.00
2014.09.08 23:54:09.980,1.73437,1.7346,1.00,1.20
2014.09.08 23:54:10.333,1.73437,1.7346,1.00,1.20
2014.09.08 23:54:10.636,1.73437,1.7346,1.00,1.20
2014.09.08 23:54:11.090,1.73437,1.7346,1.00,1.20
2014.09.08 23:54:11.809,1.73437,1.73461,1.00,1.15
2014.09.08 23:54:14.789,1.73437,1.73459,1.00,1.00
2014.09.08 23:54:14.890,1.73437,1.73459,1.00,1.57
2014.09.08 23:54:16.459,1.73437,1.73455,1.00,1.10
2014.09.08 23:54:26.216,1.73437,1.73457,1.00,1.17
2014.09.08 23:54:27.224,1.73437,1.73457,1.00,1.10
2014.09.08 23:54:29.777,1.73437,1.73456,1.00,1.00
2014.09.08 23:54:31.307,1.73437,1.73456,1.00,1.07
2014.09.08 23:54:38.032,1.73437,1.73456,1.00,1.00
2014.09.08 23:54:41.367,1.73435,1.73456,1.00,1.00
2014.09.08 23:54:41.910,1.73435,1.73456,1.00,1.00
2014.09.08 23:54:45.471,1.73435,1.73459,1.00,1.17
2014.09.08 23:54:46.826,1.73435,1.73456,1.00,1.00
2014.09.08 23:54:49.174,1.73435,1.73456,1.00,1.00
2014.09.08 23:54:49.352,1.73435,1.73456,1.00,1.00
2014.09.08 23:54:50.256,1.73435,1.73456,1.00,1.00
2014.09.08 23:54:52.657,1.73435,1.73459,1.00,1.00
2014.09.08 23:54:55.174,1.73435,1.73459,2.57,1.00
2014.09.08 23:54:55.376,1.73439,1.73465,1.00,1.00
2014.09.08 23:54:55.477,1.73443,1.73467,1.00,1.00
2014.09.08 23:54:55.780,1.73445,1.73469,1.00,1.00
2014.09.08 23:54:56.083,1.73453,1.73472,1.12,1.00
2014.09.08 23:54:56.285,1.73456,1.7348,3.07,1.00
2014.09.08 23:54:56.386,1.73461,1.73484,1.12,1.00
2014.09.08 23:54:56.588,1.73462,1.73486,1.00,1.00
2014.09.08 23:54:56.941,1.73465,1.73491,1.20,1.00
2014.09.08 23:54:57.042,1.73465,1.73493,2.27,1.00
2014.09.08 23:54:58.142,1.73467,1.73493,2.02,1.00
2014.09.08 23:54:58.646,1.73467,1.73494,1.00,1.00
2014.09.08 23:54:59.151,1.73467,1.73494,1.50,1.00
2014.09.08 23:54:59.772,1.73468,1.73494,1.12,1.00
2014.09.08 23:54:59.873,1.73469,1.73497,1.87,1.00
2014.09.08 23:55:00.025,1.73472,1.735,1.00,1.00
2014.09.08 23:55:00.327,1.73472,1.73496,1.00,1.00
2014.09.08 23:55:06.949,1.73471,1.73495,1.37,1.50
2014.09.08 23:55:07.404,1.73471,1.73493,1.00,1.00
2014.09.08 23:55:10.146,1.73471,1.73492,1.00,1.00
2014.09.08 23:55:13.632,1.73471,1.73492,2.12,1.00
2014.09.08 23:55:13.683,1.73471,1.73495,2.12,1.20
2014.09.08 23:55:15.421,1.73471,1.73494,1.00,1.00
2014.09.08 23:55:23.850,1.73469,1.73493,1.12,1.00
2014.09.08 23:55:24.153,1.73469,1.73493,2.12,1.00
2014.09.08 23:55:24.809,1.73469,1.73493,2.12,1.00
2014.09.08 23:55:25.424,1.73469,1.73494,2.12,1.00
2014.09.08 23:55:26.019,1.73469,1.73494,2.12,1.00
2014.09.08 23:55:26.558,1.73469,1.73494,2.12,1.00
2014.09.08 23:55:26.861,1.73469,1.73497,2.12,1.15
2014.09.08 23:55:26.928,1.73469,1.73494,2.12,1.10
2014.09.08 23:55:30.274,1.73469,1.73491,2.12,1.00
2014.09.08 23:55:31.547,1.73469,1.73491,2.02,1.00
2014.09.08 23:55:31.598,1.73471,1.73499,3.02,1.12
2014.09.08 23:55:31.699,1.73471,1.73496,2.87,1.00
2014.09.08 23:55:32.001,1.73476,1.735,1.50,1.37
2014.09.08 23:55:32.052,1.73476,1.735,1.50,1.37
2014.09.08 23:55:32.581,1.73476,1.735,1.50,1.00
2014.09.08 23:55:33.933,1.73476,1.73502,2.50,1.00
2014.09.08 23:55:39.513,1.73476,1.73499,2.25,1.00
2014.09.08 23:55:42.512,1.73476,1.73496,1.00,1.00
2014.09.08 23:55:42.891,1.73476,1.735,2.25,1.20
2014.09.08 23:55:42.942,1.73477,1.735,2.50,1.10
2014.09.08 23:55:43.144,1.73476,1.735,1.00,1.37
2014.09.08 23:55:43.346,1.73475,1.73494,1.00,1.00
2014.09.08 23:55:43.648,1.73475,1.73494,1.00,1.00
2014.09.08 23:55:43.699,1.73475,1.73494,1.00,1.00
2014.09.08 23:55:43.951,1.73471,1.73494,2.25,1.00
2014.09.08 23:55:45.355,1.73471,1.73494,2.50,1.00
2014.09.08 23:55:46.070,1.73471,1.73496,2.87,1.00
2014.09.08 23:55:46.323,1.73471,1.73499,2.95,1.00
2014.09.08 23:55:46.374,1.73473,1.73499,1.00,1.00
2014.09.08 23:55:46.475,1.73473,1.73499,1.00,1.00
2014.09.08 23:55:46.526,1.73475,1.73502,1.00,1.00
2014.09.08 23:55:46.829,1.73475,1.73497,1.00,1.00
2014.09.08 23:55:46.981,1.73479,1.73505,1.00,1.00
2014.09.08 23:55:47.082,1.73481,1.73508,1.00,1.10
2014.09.08 23:55:47.133,1.73481,1.73505,1.00,1.00
2014.09.08 23:55:47.183,1.73479,1.73503,1.00,1.00
2014.09.08 23:55:47.285,1.73478,1.735,1.00,1.00
2014.09.08 23:55:49.172,1.73478,1.73497,1.00,1.00
2014.09.08 23:55:51.949,1.73474,1.73497,1.00,1.00
2014.09.08 23:56:00.669,1.73474,1.73497,1.00,1.00
2014.09.08 23:56:00.719,1.73474,1.735,1.00,1.00
2014.09.08 23:56:00.770,1.73477,1.735,1.50,1.00
2014.09.08 23:56:04.612,1.7348,1.73503,1.50,1.07
2014.09.08 23:56:04.663,1.7348,1.73503,2.50,1.00
2014.09.08 23:56:04.815,1.7348,1.73506,2.50,1.12
2014.09.08 23:56:05.017,1.7348,1.73508,2.50,1.52
2014.09.08 23:56:05.118,1.7348,1.73506,1.00,1.12
2014.09.08 23:56:06.285,1.7348,1.73505,1.00,1.00
2014.09.08 23:56:07.566,1.73482,1.73505,1.00,1.00
2014.09.08 23:56:07.768,1.73482,1.73505,1.00,1.50
2014.09.08 23:56:11.938,1.73482,1.73503,1.00,1.00
2014.09.08 23:56:12.040,1.73482,1.73505,1.00,1.12
2014.09.08 23:56:16.870,1.73482,1.73504,1.00,1.00
2014.09.08 23:56:17.022,1.73482,1.73508,2.87,1.00
2014.09.08 23:56:17.526,1.73482,1.73508,1.00,1.50
2014.09.08 23:56:17.577,1.73482,1.73505,1.50,1.00
2014.09.08 23:56:19.753,1.73482,1.73498,1.00,1.00
2014.09.08 23:56:19.904,1.73478,1.73498,1.00,1.00
2014.09.08 23:56:20.567,1.73477,1.73498,1.00,1.00
2014.09.08 23:56:21.432,1.73476,1.73498,1.00,1.00
2014.09.08 23:56:21.633,1.73476,1.73498,1.37,1.00
2014.09.08 23:56:23.797,1.73476,1.73495,1.37,1.00
2014.09.08 23:56:23.907,1.73476,1.73498,1.37,1.00
2014.09.08 23:56:24.066,1.73476,1.73495,1.37,1.00
2014.09.08 23:56:24.834,1.73476,1.73498,1.37,1.00
2014.09.08 23:56:25.346,1.73476,1.73494,1.00,1.00
2014.09.08 23:56:25.657,1.73476,1.73494,2.25,1.00
2014.09.08 23:56:26.061,1.73476,1.73494,1.87,1.00
2014.09.08 23:56:26.364,1.73476,1.73491,1.87,1.00
2014.09.08 23:56:26.465,1.73476,1.73491,1.12,1.00
2014.09.08 23:56:28.117,1.73476,1.73491,1.37,1.00
2014.09.08 23:56:29.185,1.73476,1.73491,1.12,1.00
2014.09.08 23:56:29.611,1.73475,1.73491,1.00,1.00
2014.09.08 23:56:29.763,1.73475,1.73488,1.37,1.00
2014.09.08 23:56:30.280,1.73475,1.73488,2.12,1.00
2014.09.08 23:56:32.087,1.73475,1.73489,1.00,1.00
2014.09.08 23:56:32.138,1.73475,1.73489,1.00,1.00
2014.09.08 23:56:32.289,1.73475,1.73492,1.00,1.00
2014.09.08 23:56:32.798,1.73475,1.73492,1.00,1.00
2014.09.08 23:56:33.000,1.73472,1.73492,1.37,1.00
2014.09.08 23:56:33.158,1.73472,1.73489,1.37,1.00
2014.09.08 23:56:33.673,1.73472,1.73489,1.00,1.00
2014.09.08 23:56:34.091,1.73472,1.73489,1.00,1.00
2014.09.08 23:56:34.350,1.73472,1.73489,1.50,1.00
2014.09.08 23:56:34.621,1.73472,1.73493,1.50,1.00
2014.09.08 23:56:34.952,1.73472,1.73491,1.00,1.00
2014.09.08 23:56:35.263,1.73472,1.73493,3.14,1.00
2014.09.08 23:56:35.616,1.73472,1.73495,2.39,1.00
2014.09.08 23:56:35.717,1.73472,1.73498,3.14,1.00
2014.09.08 23:56:36.231,1.73476,1.73497,1.12,1.00
2014.09.08 23:56:37.266,1.73476,1.73491,1.00,1.00
2014.09.08 23:56:37.779,1.73474,1.73491,1.37,1.00
2014.09.08 23:56:38.082,1.73474,1.73488,1.37,1.00
2014.09.08 23:56:38.133,1.73474,1.73491,1.37,1.00
2014.09.08 23:56:38.676,1.73474,1.73491,1.37,1.00
2014.09.08 23:56:38.877,1.73474,1.73494,1.37,1.00
2014.09.08 23:56:41.108,1.73474,1.73491,1.37,1.00
2014.09.08 23:56:41.502,1.73474,1.73491,1.00,1.00
2014.09.08 23:56:43.091,1.73474,1.73491,1.37,1.00
2014.09.08 23:56:44.069,1.73474,1.73491,1.00,1.00
2014.09.08 23:56:44.171,1.73474,1.73488,1.00,1.00
2014.09.08 23:56:44.423,1.73473,1.73488,1.00,1.00
2014.09.08 23:56:49.132,1.73473,1.73488,1.37,1.00
2014.09.08 23:56:53.271,1.73473,1.73488,1.12,1.00
2014.09.08 23:56:53.423,1.73473,1.73488,1.37,1.00
2014.09.08 23:56:53.741,1.73473,1.73491,1.37,1.00
2014.09.08 23:56:54.458,1.73473,1.73491,1.12,1.00
2014.09.08 23:56:55.073,1.73473,1.73491,1.37,1.00
2014.09.08 23:56:56.347,1.73473,1.73491,1.00,1.00
2014.09.08 23:56:56.398,1.73474,1.73495,2.50,1.00
2014.09.08 23:56:57.369,1.73474,1.73493,1.00,1.00
2014.09.08 23:56:59.965,1.73474,1.73493,1.12,1.00
2014.09.08 23:57:00.016,1.73474,1.7349,1.12,1.00
2014.09.08 23:57:00.571,1.73474,1.73491,1.00,1.00
2014.09.08 23:57:00.874,1.73474,1.73492,1.00,1.00
2014.09.08 23:57:19.169,1.73474,1.73495,1.00,1.00
2014.09.08 23:57:28.147,1.73474,1.73491,2.27,1.00
2014.09.08 23:57:28.602,1.73474,1.73495,2.65,1.00
2014.09.08 23:57:31.863,1.73474,1.73495,2.67,1.00
2014.09.08 23:57:32.076,1.73474,1.73485,1.00,1.00
2014.09.08 23:57:34.926,1.73471,1.73485,1.00,1.00
2014.09.08 23:57:35.077,1.73471,1.73481,1.00,1.00
2014.09.08 23:57:35.383,1.73467,1.73481,1.87,1.00
2014.09.08 23:57:35.898,1.73467,1.73481,1.50,1.00
2014.09.08 23:57:37.687,1.73467,1.73481,1.00,1.00
2014.09.08 23:57:38.857,1.73472,1.73481,1.00,1.00
2014.09.08 23:57:38.958,1.73472,1.73485,1.00,1.00
2014.09.08 23:57:39.009,1.73472,1.73485,1.00,1.00
2014.09.08 23:57:39.527,1.73472,1.73486,1.00,1.00
2014.09.08 23:57:43.170,1.7347,1.73486,1.37,1.00
2014.09.08 23:57:43.222,1.7347,1.73486,1.00,1.00
2014.09.08 23:57:43.374,1.7347,1.73483,1.00,1.00
2014.09.08 23:57:45.847,1.7347,1.73483,1.00,1.00
2014.09.08 23:57:46.151,1.7347,1.73483,1.00,1.00
2014.09.08 23:57:57.652,1.7347,1.73485,1.00,1.00
2014.09.08 23:57:59.429,1.7347,1.73485,1.10,1.00
2014.09.08 23:57:59.631,1.7347,1.73482,1.10,1.00
2014.09.08 23:58:00.416,1.73471,1.73482,1.00,1.00
2014.09.08 23:58:00.927,1.73471,1.73483,1.00,1.00
2014.09.08 23:58:05.172,1.73471,1.73483,1.00,1.00
2014.09.08 23:58:07.921,1.73473,1.73483,1.00,1.00
2014.09.08 23:58:23.310,1.73476,1.73493,1.00,1.00
2014.09.08 23:58:23.411,1.73476,1.73483,1.00,1.00
2014.09.08 23:58:34.297,1.73476,1.73487,1.00,1.00
2014.09.08 23:58:38.715,1.73472,1.73487,1.00,1.00
2014.09.08 23:58:38.918,1.73472,1.73487,1.00,1.00
2014.09.08 23:58:42.560,1.73472,1.73488,1.50,1.00
2014.09.08 23:58:44.083,1.73474,1.73488,1.72,1.00
2014.09.08 23:58:44.407,1.73479,1.73489,1.00,1.00
2014.09.08 23:58:44.457,1.73479,1.73492,1.00,1.00
2014.09.08 23:58:45.644,1.73479,1.73493,1.00,1.00
2014.09.08 23:58:46.205,1.73479,1.73496,1.00,1.00
2014.09.08 23:58:46.407,1.73479,1.73499,1.00,1.00
2014.09.08 23:58:46.578,1.73479,1.73502,3.02,1.00
2014.09.08 23:58:47.936,1.73479,1.735,3.02,1.00
2014.09.08 23:58:50.956,1.7348,1.735,1.00,1.00
2014.09.08 23:58:51.258,1.73483,1.73502,1.27,1.00
2014.09.08 23:58:52.147,1.73484,1.73506,1.27,1.00
2014.09.08 23:58:53.115,1.73485,1.73506,1.00,1.00
2014.09.08 23:59:02.716,1.73487,1.73506,1.00,1.00
2014.09.08 23:59:04.370,1.73487,1.73506,1.00,1.00
2014.09.08 23:59:04.880,1.73487,1.73506,1.00,1.00
2014.09.08 23:59:05.442,1.73487,1.73505,1.00,1.00
2014.09.08 23:59:05.957,1.73487,1.73505,1.00,1.00
2014.09.08 23:59:07.745,1.73487,1.73503,1.00,1.00
2014.09.08 23:59:12.168,1.73487,1.73503,1.00,1.00
2014.09.08 23:59:16.107,1.73487,1.73499,1.00,1.00
2014.09.08 23:59:16.634,1.73487,1.735,1.00,1.00
2014.09.08 23:59:16.867,1.73487,1.73504,1.00,1.00
2014.09.08 23:59:17.220,1.73487,1.73501,1.10,1.00
2014.09.08 23:59:17.422,1.73487,1.73505,1.17,1.00
2014.09.08 23:59:17.574,1.73487,1.73507,1.57,1.00
2014.09.08 23:59:17.776,1.73487,1.73505,1.00,1.00
2014.09.08 23:59:18.080,1.73485,1.73497,1.10,1.00
2014.09.08 23:59:18.635,1.73482,1.73503,1.15,1.00
2014.09.08 23:59:18.737,1.7348,1.73501,2.25,1.00
2014.09.08 23:59:19.375,1.7348,1.73501,1.20,1.00
2014.09.08 23:59:19.627,1.73478,1.73499,1.65,1.00
2014.09.08 23:59:19.930,1.73485,1.73499,1.27,1.00
2014.09.08 23:59:19.982,1.73485,1.73503,2.64,1.00
2014.09.08 23:59:20.083,1.73485,1.73505,2.64,1.00
2014.09.08 23:59:20.194,1.73484,1.73505,1.52,1.00
2014.09.08 23:59:20.245,1.73483,1.73502,1.45,1.00
2014.09.08 23:59:20.550,1.7348,1.73497,1.50,1.00
2014.09.08 23:59:21.598,1.7348,1.735,1.87,1.00
2014.09.08 23:59:21.807,1.7348,1.735,1.75,1.00
2014.09.08 23:59:21.958,1.73482,1.73503,1.80,1.00
2014.09.08 23:59:22.009,1.73482,1.73503,4.19,1.00
2014.09.08 23:59:22.110,1.73483,1.73503,1.12,1.00
2014.09.08 23:59:22.413,1.73482,1.735,1.37,1.00
2014.09.08 23:59:22.645,1.73479,1.735,1.52,1.00
2014.09.08 23:59:22.747,1.73478,1.73497,1.65,1.00
2014.09.08 23:59:23.259,1.73477,1.73496,2.25,1.00
2014.09.08 23:59:23.921,1.73477,1.73496,2.25,1.00
2014.09.08 23:59:24.123,1.73477,1.73496,1.45,1.00
2014.09.08 23:59:25.835,1.73476,1.73496,1.92,1.00
2014.09.08 23:59:26.138,1.73483,1.73504,1.57,1.00
2014.09.08 23:59:28.740,1.73483,1.73504,3.32,1.00
2014.09.08 23:59:33.644,1.73484,1.73504,1.12,1.00
2014.09.08 23:59:33.745,1.73482,1.73501,4.50,1.00
2014.09.08 23:59:33.846,1.73483,1.73504,1.12,1.00
2014.09.08 23:59:33.948,1.73483,1.73501,2.69,1.00
2014.09.08 23:59:34.050,1.73483,1.73506,3.15,1.00
2014.09.08 23:59:34.152,1.73488,1.73509,1.12,1.00
2014.09.08 23:59:34.254,1.73488,1.73509,1.75,1.00
2014.09.08 23:59:34.768,1.73488,1.73509,3.25,1.00
2014.09.08 23:59:35.436,1.73488,1.73509,3.25,1.00
2014.09.08 23:59:36.358,1.73488,1.73509,1.75,1.00
2014.09.08 23:59:36.556,1.73488,1.73507,1.75,1.00
2014.09.08 23:59:39.173,1.7349,1.73507,1.50,1.00
2014.09.08 23:59:39.224,1.7349,1.73511,3.37,1.00
2014.09.08 23:59:39.274,1.73492,1.73511,1.87,1.00
2014.09.08 23:59:39.325,1.73492,1.73515,2.62,1.00
2014.09.08 23:59:39.376,1.73492,1.73515,2.99,1.00
2014.09.08 23:59:39.679,1.73489,1.7351,2.25,1.00
2014.09.08 23:59:40.405,1.73489,1.73507,1.75,1.00
2014.09.08 23:59:42.556,1.73489,1.73507,1.00,1.00
2014.09.08 23:59:42.608,1.7349,1.73513,1.12,1.00
2014.09.08 23:59:42.659,1.73492,1.73513,1.50,1.00
2014.09.08 23:59:42.961,1.73492,1.73515,1.00,1.00
2014.09.08 23:59:43.063,1.73491,1.73508,1.37,1.00
2014.09.08 23:59:43.604,1.73489,1.73508,1.50,1.00
2014.09.08 23:59:43.654,1.73489,1.73508,1.37,1.00
2014.09.08 23:59:43.706,1.73487,1.73504,1.37,1.00
2014.09.08 23:59:43.959,1.73486,1.73502,1.37,1.00
2014.09.08 23:59:44.943,1.73485,1.735,1.37,1.00
2014.09.08 23:59:45.095,1.73485,1.735,1.37,1.00
2014.09.08 23:59:45.556,1.73482,1.735,1.00,1.00
2014.09.08 23:59:45.712,1.7348,1.73493,1.12,1.00
2014.09.08 23:59:46.018,1.7348,1.73489,1.00,1.00
2014.09.08 23:59:47.905,1.7348,1.7349,1.00,1.00
2014.09.08 23:59:53.670,1.73478,1.7349,1.12,1.00
2014.09.08 23:59:54.291,1.73478,1.7349,1.37,1.00
2014.09.08 23:59:54.867,1.73478,1.73494,1.37,1.00
2014.09.08 23:59:54.968,1.73478,1.73494,1.00,1.00
2014.09.08 23:59:55.221,1.73478,1.73494,1.00,1.00
2014.09.08 23:59:55.727,1.73478,1.73493,1.12,1.00
2014.09.08 23:59:57.365,1.73478,1.7349,1.12,1.00
