2013.07.05 18:00:00.235,1.64629,1.64664,1.13,1.32
2013.07.05 18:00:00.859,1.64628,1.64664,1.32,1.32
2013.07.05 18:00:01.401,1.64628,1.64664,1.32,1.32
2013.07.05 18:00:01.903,1.64628,1.64664,1.13,1.32
2013.07.05 18:00:02.201,1.64621,1.64662,1.13,2.07
2013.07.05 18:00:02.382,1.64626,1.64662,1.32,2.07
2013.07.05 18:00:02.739,1.64626,1.64663,1.32,1.69
2013.07.05 18:00:03.042,1.64627,1.64663,1.13,1.32
2013.07.05 18:00:04.067,1.64625,1.64658,1.13,3.19
2013.07.05 18:00:04.139,1.64612,1.6465,1.13,1.69
2013.07.05 18:00:04.208,1.64611,1.6465,1.13,2.44
2013.07.05 18:00:04.277,1.64599,1.64647,1.69,1.32
2013.07.05 18:00:04.642,1.64607,1.64648,1.69,2.82
2013.07.05 18:00:05.197,1.64607,1.64648,1.69,3.57
2013.07.05 18:00:05.323,1.64607,1.64648,1.69,3.57
2013.07.05 18:00:06.624,1.64605,1.64648,1.69,1.69
2013.07.05 18:00:06.683,1.64604,1.64647,2.07,1.69
2013.07.05 18:00:06.921,1.64603,1.64646,1.69,1.32
2013.07.05 18:00:06.982,1.64602,1.64646,1.47,1.32
2013.07.05 18:00:07.563,1.6461,1.64646,1.13,1.32
2013.07.05 18:00:08.420,1.64607,1.6465,1.32,1.69
2013.07.05 18:00:09.131,1.64605,1.6465,1.32,1.32
2013.07.05 18:00:09.312,1.64609,1.64653,2.44,1.69
2013.07.05 18:00:09.613,1.64613,1.64654,1.32,1.32
2013.07.05 18:00:09.733,1.64613,1.64656,2.07,1.32
2013.07.05 18:00:10.042,1.6462,1.64657,1.69,1.13
2013.07.05 18:00:12.168,1.64621,1.64658,1.32,1.50
2013.07.05 18:00:13.252,1.64621,1.64657,1.32,1.13
2013.07.05 18:00:29.131,1.64618,1.64654,1.32,2.25
2013.07.05 18:00:29.678,1.64613,1.64653,1.13,1.69
2013.07.05 18:00:29.741,1.64613,1.64651,1.13,1.50
2013.07.05 18:00:29.806,1.64611,1.64651,1.88,1.50
2013.07.05 18:00:30.051,1.64611,1.6465,1.88,3.00
2013.07.05 18:00:30.411,1.64602,1.64645,2.07,1.69
2013.07.05 18:00:34.101,1.64603,1.64639,1.32,2.44
2013.07.05 18:00:35.961,1.64603,1.6464,1.32,2.44
2013.07.05 18:00:40.283,1.64603,1.64641,1.13,3.57
2013.07.05 18:00:42.273,1.64603,1.6464,1.13,1.32
2013.07.05 18:00:45.737,1.64608,1.64648,1.32,2.63
2013.07.05 18:00:45.921,1.64611,1.64648,1.32,1.50
2013.07.05 18:00:46.441,1.64614,1.64652,2.44,1.69
2013.07.05 18:00:48.458,1.64616,1.64651,1.32,1.69
2013.07.05 18:00:48.991,1.64617,1.64655,1.13,2.44
2013.07.05 18:00:50.552,1.6462,1.64654,1.13,2.44
2013.07.05 18:00:51.062,1.6462,1.64656,1.13,3.94
2013.07.05 18:00:51.481,1.6462,1.64656,1.32,3.19
2013.07.05 18:00:51.544,1.6462,1.6465,1.32,1.50
2013.07.05 18:00:52.923,1.6462,1.64653,1.32,1.50
2013.07.05 18:00:53.583,1.6462,1.64652,1.13,1.50
2013.07.05 18:00:53.642,1.64623,1.64652,1.13,1.50
2013.07.05 18:00:53.941,1.6462,1.64654,1.13,2.44
2013.07.05 18:00:54.123,1.6462,1.64654,1.32,2.25
2013.07.05 18:00:54.183,1.6462,1.64654,1.32,2.25
2013.07.05 18:00:54.412,1.64622,1.64654,1.32,1.50
2013.07.05 18:00:54.713,1.64626,1.64657,1.13,1.88
2013.07.05 18:00:55.643,1.64626,1.64657,1.13,2.07
2013.07.05 18:00:56.803,1.64621,1.64657,1.32,2.82
2013.07.05 18:01:00.152,1.64627,1.64663,1.13,1.32
2013.07.05 18:01:00.392,1.64627,1.64665,1.32,2.82
2013.07.05 18:01:00.891,1.64627,1.64658,1.32,1.50
2013.07.05 18:01:01.202,1.64627,1.64658,1.13,1.69
2013.07.05 18:01:01.322,1.64621,1.64656,1.32,1.32
2013.07.05 18:01:01.941,1.64621,1.64655,1.32,2.25
2013.07.05 18:01:02.461,1.64621,1.64654,1.32,2.25
2013.07.05 18:01:04.432,1.64615,1.64657,1.69,1.32
2013.07.05 18:01:05.982,1.64616,1.64653,1.32,1.50
2013.07.05 18:01:06.451,1.64614,1.64653,1.32,2.25
2013.07.05 18:01:06.511,1.64614,1.64649,1.69,3.19
2013.07.05 18:01:06.631,1.64614,1.64649,1.69,3.94
2013.07.05 18:01:07.051,1.64599,1.64643,2.82,2.44
2013.07.05 18:01:09.131,1.64599,1.64644,1.69,3.57
2013.07.05 18:01:09.251,1.64603,1.64644,2.44,2.07
2013.07.05 18:01:20.262,1.646,1.64638,1.69,1.32
2013.07.05 18:01:20.696,1.646,1.64638,1.69,1.32
2013.07.05 18:01:22.247,1.646,1.64638,1.69,1.32
2013.07.05 18:01:23.174,1.64604,1.64642,1.69,1.32
2013.07.05 18:01:23.414,1.64599,1.64638,1.69,1.32
2013.07.05 18:01:24.138,1.64603,1.64637,1.88,1.32
2013.07.05 18:01:24.763,1.64604,1.64636,1.88,1.13
2013.07.05 18:01:25.583,1.64604,1.64638,1.88,1.32
2013.07.05 18:01:25.944,1.64607,1.64638,1.50,1.32
2013.07.05 18:01:26.062,1.64604,1.64638,1.50,1.32
2013.07.05 18:01:26.531,1.64609,1.64643,1.50,1.69
2013.07.05 18:01:26.591,1.64609,1.64647,1.50,1.69
2013.07.05 18:01:27.011,1.64613,1.64652,1.50,1.69
2013.07.05 18:01:27.311,1.64611,1.64652,1.69,1.69
2013.07.05 18:01:28.932,1.64609,1.64648,2.07,1.13
2013.07.05 18:01:29.539,1.64611,1.64648,1.13,1.32
2013.07.05 18:01:29.601,1.64611,1.64649,1.13,1.32
2013.07.05 18:01:32.151,1.64616,1.6465,1.50,2.07
2013.07.05 18:01:33.022,1.64616,1.64653,1.50,1.32
2013.07.05 18:01:33.531,1.64616,1.64653,2.25,1.32
2013.07.05 18:01:35.752,1.64617,1.64653,1.32,1.32
2013.07.05 18:01:36.745,1.64617,1.64654,2.07,1.32
2013.07.05 18:01:37.322,1.64617,1.64654,2.07,1.13
2013.07.05 18:01:37.927,1.64617,1.64654,2.07,1.13
2013.07.05 18:01:43.581,1.64617,1.64658,2.82,1.69
2013.07.05 18:01:43.641,1.64618,1.64663,1.32,2.44
2013.07.05 18:01:45.932,1.64622,1.64662,2.07,1.69
2013.07.05 18:01:46.872,1.64623,1.64658,1.88,1.32
2013.07.05 18:01:47.325,1.64622,1.64661,3.19,1.32
2013.07.05 18:01:53.240,1.64622,1.64661,3.00,1.32
2013.07.05 18:01:54.306,1.64623,1.64661,2.07,1.32
2013.07.05 18:01:55.022,1.64622,1.64661,1.32,1.32
2013.07.05 18:01:56.950,1.64622,1.64661,1.32,2.07
2013.07.05 18:01:59.272,1.64619,1.64661,1.13,1.32
2013.07.05 18:01:59.809,1.64619,1.6466,1.13,1.32
2013.07.05 18:02:00.451,1.64615,1.64652,1.13,1.09
2013.07.05 18:02:00.512,1.64615,1.64648,1.69,1.13
2013.07.05 18:02:00.811,1.64615,1.64648,1.50,1.32
2013.07.05 18:02:01.032,1.64615,1.64648,1.13,1.32
2013.07.05 18:02:01.721,1.64615,1.64646,1.13,1.88
2013.07.05 18:02:02.032,1.64606,1.64647,1.13,2.63
2013.07.05 18:02:04.793,1.64612,1.64648,1.13,2.63
2013.07.05 18:02:05.795,1.64612,1.64651,1.32,1.13
2013.07.05 18:02:10.311,1.64612,1.6465,1.32,1.13
2013.07.05 18:02:12.131,1.64612,1.64653,2.82,1.88
2013.07.05 18:02:12.252,1.64618,1.64653,1.32,1.13
2013.07.05 18:02:12.612,1.64637,1.64668,1.80,1.13
2013.07.05 18:02:12.852,1.64643,1.64681,1.47,1.69
2013.07.05 18:02:15.042,1.64643,1.64684,1.09,2.44
2013.07.05 18:02:16.663,1.64643,1.64677,2.03,2.44
2013.07.05 18:02:17.022,1.64638,1.64668,2.59,1.13
2013.07.05 18:02:17.082,1.64638,1.64668,4.09,1.13
2013.07.05 18:02:19.103,1.64643,1.64668,1.09,1.13
2013.07.05 18:02:19.423,1.64664,1.64681,1.50,1.50
2013.07.05 18:02:19.743,1.64669,1.64695,1.47,3.00
2013.07.05 18:02:19.803,1.64669,1.64708,1.47,2.82
2013.07.05 18:02:23.252,1.64669,1.64705,1.47,2.25
2013.07.05 18:02:23.853,1.64672,1.64705,1.32,1.50
2013.07.05 18:02:23.973,1.64673,1.64702,1.09,1.50
2013.07.05 18:02:28.052,1.64672,1.64697,1.13,1.50
2013.07.05 18:02:28.233,1.64672,1.64699,2.03,1.50
2013.07.05 18:02:28.492,1.64672,1.64696,1.13,1.50
2013.07.05 18:02:29.572,1.64672,1.64692,1.28,1.50
2013.07.05 18:02:29.785,1.64666,1.64702,2.07,1.69
2013.07.05 18:02:29.842,1.64666,1.647,2.07,1.09
2013.07.05 18:02:30.202,1.64646,1.64673,1.32,1.50
2013.07.05 18:02:30.754,1.64646,1.64673,1.32,1.50
2013.07.05 18:02:30.814,1.64646,1.64675,1.32,1.50
2013.07.05 18:02:31.581,1.64646,1.64669,1.32,1.50
2013.07.05 18:02:31.842,1.64646,1.64673,1.32,1.50
2013.07.05 18:02:32.242,1.64642,1.64668,1.69,1.50
2013.07.05 18:02:32.302,1.64641,1.64668,1.32,1.50
2013.07.05 18:02:32.482,1.64641,1.64657,1.32,1.50
2013.07.05 18:02:32.601,1.64638,1.64657,1.32,1.50
2013.07.05 18:02:32.722,1.64632,1.64657,1.13,1.50
2013.07.05 18:02:33.043,1.64632,1.64659,1.13,1.50
2013.07.05 18:02:33.102,1.64629,1.64661,1.32,1.50
2013.07.05 18:02:35.012,1.64629,1.64661,1.32,2.25
2013.07.05 18:02:35.071,1.64629,1.64661,1.32,1.50
2013.07.05 18:02:35.672,1.6463,1.6466,1.50,1.50
2013.07.05 18:02:35.972,1.64629,1.64663,1.69,2.07
2013.07.05 18:02:36.482,1.6463,1.64664,1.32,1.69
2013.07.05 18:02:36.736,1.64632,1.64661,1.13,1.50
2013.07.05 18:02:37.042,1.64632,1.64661,1.13,2.25
2013.07.05 18:02:37.553,1.64631,1.64663,1.50,2.44
2013.07.05 18:02:37.792,1.64632,1.64664,1.50,2.44
2013.07.05 18:02:37.974,1.64632,1.64664,1.50,2.44
2013.07.05 18:02:38.093,1.64635,1.64665,1.13,2.44
2013.07.05 18:02:38.697,1.64633,1.64668,1.13,2.25
2013.07.05 18:02:38.763,1.64633,1.64668,1.13,2.25
2013.07.05 18:02:38.822,1.64635,1.64665,1.32,1.50
2013.07.05 18:02:38.884,1.64634,1.6467,1.32,2.82
2013.07.05 18:02:39.712,1.64635,1.64667,1.32,1.50
2013.07.05 18:02:40.191,1.64632,1.64669,1.32,2.44
2013.07.05 18:02:40.922,1.64629,1.64671,2.44,1.32
2013.07.05 18:02:41.101,1.64629,1.64671,2.44,1.32
2013.07.05 18:02:41.519,1.6463,1.64669,1.13,1.32
2013.07.05 18:02:41.588,1.64628,1.64658,2.82,1.13
2013.07.05 18:02:41.832,1.6463,1.64658,1.13,1.13
2013.07.05 18:02:44.441,1.6463,1.64658,1.13,1.32
2013.07.05 18:02:47.461,1.6463,1.64658,1.13,1.13
2013.07.05 18:02:47.791,1.64629,1.64668,1.13,1.32
2013.07.05 18:02:48.703,1.64634,1.64668,1.50,1.32
2013.07.05 18:02:49.981,1.64633,1.64669,1.88,1.32
2013.07.05 18:02:50.972,1.64635,1.64669,1.88,1.32
2013.07.05 18:02:51.471,1.64635,1.64669,1.88,1.32
2013.07.05 18:02:51.591,1.64631,1.6467,1.50,1.69
2013.07.05 18:02:51.711,1.64634,1.64669,1.50,1.69
2013.07.05 18:02:52.991,1.64633,1.64668,1.50,1.32
2013.07.05 18:02:54.093,1.64632,1.64668,1.50,1.32
2013.07.05 18:02:56.782,1.64628,1.64668,1.32,1.32
2013.07.05 18:02:57.435,1.64628,1.64668,1.32,1.32
2013.07.05 18:02:57.771,1.6464,1.64669,1.50,2.07
2013.07.05 18:02:57.891,1.64635,1.64674,1.50,1.69
2013.07.05 18:02:58.762,1.64635,1.64676,1.69,1.69
2013.07.05 18:02:59.394,1.64634,1.64674,1.32,1.32
2013.07.05 18:02:59.993,1.64626,1.64666,1.32,1.32
2013.07.05 18:03:00.052,1.64631,1.64666,1.69,1.32
2013.07.05 18:03:00.112,1.64636,1.64665,1.50,1.13
2013.07.05 18:03:00.173,1.64636,1.64665,1.50,1.13
2013.07.05 18:03:00.232,1.64633,1.64666,1.50,1.32
2013.07.05 18:03:00.772,1.64632,1.64668,1.32,1.32
2013.07.05 18:03:02.552,1.64624,1.64668,1.69,1.32
2013.07.05 18:03:02.933,1.64628,1.64667,2.44,1.32
2013.07.05 18:03:03.719,1.6464,1.64671,2.25,1.32
2013.07.05 18:03:03.787,1.6464,1.64684,3.00,1.69
2013.07.05 18:03:03.854,1.6464,1.64686,3.19,2.44
2013.07.05 18:03:05.832,1.64643,1.64683,2.07,1.32
2013.07.05 18:03:06.391,1.64643,1.64683,2.07,1.32
2013.07.05 18:03:06.682,1.6464,1.64669,1.69,1.13
2013.07.05 18:03:06.912,1.6464,1.64681,3.19,1.32
2013.07.05 18:03:06.973,1.64651,1.64681,1.50,1.32
2013.07.05 18:03:07.033,1.64656,1.64679,1.50,1.50
2013.07.05 18:03:07.092,1.64658,1.64679,2.25,1.50
2013.07.05 18:03:07.213,1.64661,1.64699,1.69,2.44
2013.07.05 18:03:07.336,1.64661,1.64704,1.69,1.69
2013.07.05 18:03:07.524,1.64662,1.64707,2.44,2.82
2013.07.05 18:03:07.762,1.6467,1.64712,1.32,3.19
2013.07.05 18:03:07.822,1.64672,1.64712,1.13,2.44
2013.07.05 18:03:10.952,1.6467,1.64693,1.13,2.44
2013.07.05 18:03:11.072,1.64667,1.64688,1.13,1.32
2013.07.05 18:03:11.191,1.64657,1.64688,2.63,1.32
2013.07.05 18:03:11.733,1.64657,1.64688,2.25,1.32
2013.07.05 18:03:13.391,1.64658,1.64688,2.25,1.13
2013.07.05 18:03:13.894,1.6466,1.64688,1.50,1.13
2013.07.05 18:03:15.965,1.64652,1.64688,1.32,2.07
2013.07.05 18:03:16.206,1.64645,1.64687,3.57,1.69
2013.07.05 18:03:16.452,1.64642,1.64679,1.69,1.50
2013.07.05 18:03:16.572,1.64641,1.64679,1.32,2.25
2013.07.05 18:03:16.632,1.64641,1.64679,1.32,1.50
2013.07.05 18:03:16.692,1.6464,1.64676,2.44,1.50
2013.07.05 18:03:17.063,1.64641,1.64679,1.69,1.50
2013.07.05 18:03:17.621,1.64641,1.64681,1.32,1.69
2013.07.05 18:03:20.301,1.64642,1.64679,1.32,1.50
2013.07.05 18:03:21.435,1.64642,1.64679,1.32,1.50
2013.07.05 18:03:21.562,1.64642,1.64681,1.32,2.07
2013.07.05 18:03:23.730,1.64642,1.64684,1.32,2.07
2013.07.05 18:03:26.283,1.64642,1.6468,1.32,1.69
2013.07.05 18:03:27.801,1.64642,1.64681,1.32,2.07
2013.07.05 18:03:34.912,1.64642,1.64686,1.32,2.44
2013.07.05 18:03:35.493,1.64646,1.64684,1.32,1.32
2013.07.05 18:03:37.311,1.64646,1.64684,1.32,1.13
2013.07.05 18:03:37.372,1.64646,1.64684,1.32,1.13
2013.07.05 18:03:37.918,1.64648,1.64684,2.44,1.13
2013.07.05 18:03:39.019,1.64648,1.64684,2.44,1.13
2013.07.05 18:03:40.262,1.64646,1.64684,1.32,1.32
2013.07.05 18:03:43.212,1.64646,1.64684,1.32,1.32
2013.07.05 18:03:45.690,1.64649,1.64684,1.13,1.32
2013.07.05 18:03:45.752,1.64649,1.64684,1.32,1.32
2013.07.05 18:03:46.292,1.64651,1.64694,1.50,3.19
2013.07.05 18:03:47.706,1.64652,1.64694,1.50,3.19
2013.07.05 18:03:48.032,1.64654,1.64694,1.32,1.32
2013.07.05 18:03:50.403,1.64654,1.64691,1.13,1.32
2013.07.05 18:03:50.582,1.64652,1.64688,1.32,1.32
2013.07.05 18:03:51.303,1.64641,1.64682,1.69,1.69
2013.07.05 18:03:53.332,1.64642,1.64675,1.88,1.32
2013.07.05 18:04:02.813,1.6464,1.64676,2.07,1.32
2013.07.05 18:04:04.902,1.64642,1.64675,1.50,1.13
2013.07.05 18:04:06.413,1.64643,1.64675,1.50,1.13
2013.07.05 18:04:07.713,1.6464,1.64676,2.07,1.13
2013.07.05 18:04:09.692,1.64636,1.64673,2.82,1.13
2013.07.05 18:04:09.812,1.64636,1.64665,1.32,1.13
2013.07.05 18:04:09.932,1.6463,1.64664,1.32,1.13
2013.07.05 18:04:09.992,1.64627,1.64664,1.32,1.32
2013.07.05 18:04:11.853,1.64627,1.64664,1.32,1.32
2013.07.05 18:04:12.498,1.64627,1.64663,1.32,1.32
2013.07.05 18:04:12.563,1.64627,1.64662,1.32,1.13
2013.07.05 18:04:19.177,1.64627,1.64662,1.13,1.32
2013.07.05 18:04:20.393,1.64627,1.64662,1.13,1.32
2013.07.05 18:04:27.753,1.64623,1.64662,1.88,1.32
2013.07.05 18:04:31.218,1.64624,1.64662,1.13,1.32
2013.07.05 18:04:31.393,1.64624,1.64662,1.32,1.32
2013.07.05 18:04:32.712,1.64629,1.64663,1.88,1.32
2013.07.05 18:04:33.252,1.64628,1.64666,1.50,1.69
2013.07.05 18:04:33.542,1.6463,1.64664,2.07,1.32
2013.07.05 18:04:40.262,1.64628,1.64666,1.69,1.32
2013.07.05 18:04:40.382,1.64628,1.64665,1.50,1.69
2013.07.05 18:04:40.444,1.64618,1.64659,1.69,1.32
2013.07.05 18:04:40.802,1.64614,1.64653,1.69,1.13
2013.07.05 18:04:40.862,1.64611,1.64653,1.69,1.32
2013.07.05 18:04:40.993,1.64607,1.64653,2.44,1.32
2013.07.05 18:04:41.663,1.64607,1.64653,2.44,1.32
2013.07.05 18:04:42.163,1.64603,1.64653,3.19,2.07
2013.07.05 18:04:45.861,1.64609,1.64646,1.13,1.32
2013.07.05 18:04:46.041,1.64605,1.64638,1.88,1.32
2013.07.05 18:04:46.292,1.64605,1.64638,1.13,1.32
2013.07.05 18:04:47.023,1.64606,1.64638,1.50,1.32
2013.07.05 18:04:47.205,1.64597,1.64638,1.69,1.32
2013.07.05 18:04:47.272,1.64597,1.64638,1.69,1.32
2013.07.05 18:04:48.513,1.64597,1.64638,1.69,1.32
2013.07.05 18:04:49.483,1.64586,1.64627,1.69,1.13
2013.07.05 18:04:50.436,1.64586,1.64628,1.69,1.32
2013.07.05 18:04:52.476,1.64592,1.64624,1.50,1.32
2013.07.05 18:04:53.012,1.64594,1.64627,2.44,1.32
2013.07.05 18:04:53.712,1.64596,1.64627,1.50,1.32
2013.07.05 18:04:54.422,1.64596,1.64627,1.69,1.13
2013.07.05 18:04:58.312,1.64598,1.64628,1.50,1.13
2013.07.05 18:04:58.635,1.64598,1.64634,1.50,1.32
2013.07.05 18:04:58.695,1.64605,1.64638,1.50,1.32
2013.07.05 18:04:58.872,1.64605,1.64638,1.50,1.32
2013.07.05 18:04:58.932,1.64608,1.64637,1.50,1.32
2013.07.05 18:04:59.444,1.64609,1.64638,1.50,1.32
2013.07.05 18:05:06.762,1.64611,1.64638,1.50,1.13
2013.07.05 18:05:07.553,1.64609,1.64638,1.50,1.13
2013.07.05 18:05:07.952,1.64611,1.64638,1.50,1.13
2013.07.05 18:05:08.072,1.64611,1.64638,1.69,1.13
2013.07.05 18:05:08.433,1.64625,1.64642,1.50,1.13
2013.07.05 18:05:08.552,1.64625,1.64654,1.50,1.65
2013.07.05 18:05:08.672,1.64628,1.64656,1.50,1.69
2013.07.05 18:05:08.793,1.64628,1.64657,1.50,1.32
2013.07.05 18:05:09.322,1.6463,1.64658,1.50,1.32
2013.07.05 18:05:09.684,1.64639,1.64669,1.50,1.13
2013.07.05 18:05:09.802,1.64635,1.64678,1.69,2.82
2013.07.05 18:05:09.924,1.64641,1.64675,1.50,2.44
2013.07.05 18:05:10.044,1.64642,1.64669,1.50,1.32
2013.07.05 18:05:10.222,1.64636,1.64678,2.44,1.32
2013.07.05 18:05:15.913,1.64639,1.64678,1.13,1.69
2013.07.05 18:05:16.861,1.64639,1.64677,1.13,1.69
2013.07.05 18:05:20.192,1.64635,1.64676,1.69,1.69
2013.07.05 18:05:20.253,1.64635,1.64673,1.50,1.69
2013.07.05 18:05:20.313,1.64629,1.6467,1.69,2.44
2013.07.05 18:05:20.375,1.64628,1.64668,1.69,1.69
2013.07.05 18:05:20.433,1.64626,1.64659,1.69,2.25
2013.07.05 18:05:20.614,1.64615,1.64658,1.69,2.82
2013.07.05 18:05:23.432,1.64617,1.64655,1.32,2.25
2013.07.05 18:05:29.652,1.64615,1.64653,1.69,1.13
2013.07.05 18:05:29.772,1.64614,1.64648,1.69,1.13
2013.07.05 18:05:33.337,1.64615,1.64647,1.32,1.13
2013.07.05 18:05:35.836,1.64606,1.64648,1.69,1.13
2013.07.05 18:05:36.082,1.64606,1.64648,3.19,1.13
2013.07.05 18:05:36.502,1.64608,1.64646,1.50,1.13
2013.07.05 18:05:36.562,1.64608,1.64646,1.50,1.13
2013.07.05 18:05:36.763,1.64608,1.64647,1.50,1.13
2013.07.05 18:05:39.222,1.64606,1.64646,1.88,1.32
2013.07.05 18:05:42.101,1.64606,1.64646,1.88,1.32
2013.07.05 18:05:43.942,1.64602,1.64643,1.32,1.69
2013.07.05 18:05:44.843,1.64604,1.64641,1.32,1.32
2013.07.05 18:05:46.904,1.64613,1.64641,1.50,1.32
2013.07.05 18:05:46.964,1.64614,1.64644,1.50,2.07
2013.07.05 18:05:47.024,1.64615,1.64644,1.69,1.88
2013.07.05 18:05:47.263,1.64615,1.64654,3.57,1.13
2013.07.05 18:05:47.382,1.64615,1.64658,4.32,1.32
2013.07.05 18:05:48.890,1.64617,1.64656,1.69,1.32
2013.07.05 18:05:50.194,1.64617,1.64654,1.69,1.50
2013.07.05 18:05:50.512,1.6462,1.64664,3.19,1.69
2013.07.05 18:05:50.822,1.64626,1.64664,1.50,1.69
2013.07.05 18:05:51.023,1.64623,1.64664,1.69,1.69
2013.07.05 18:05:51.585,1.64624,1.64664,1.50,1.69
2013.07.05 18:05:52.523,1.64626,1.64664,1.88,2.82
2013.07.05 18:05:53.081,1.64625,1.64663,1.88,1.32
2013.07.05 18:05:54.365,1.64626,1.64663,1.88,1.32
2013.07.05 18:05:55.352,1.64626,1.64664,1.88,2.07
2013.07.05 18:05:55.532,1.64626,1.64663,1.13,1.32
2013.07.05 18:05:55.653,1.64634,1.64668,1.50,1.69
2013.07.05 18:05:55.712,1.64634,1.64676,2.25,1.32
2013.07.05 18:05:55.772,1.64633,1.64677,2.44,2.44
2013.07.05 18:05:56.653,1.64635,1.64673,1.69,1.32
2013.07.05 18:06:02.342,1.64632,1.64675,1.69,1.32
2013.07.05 18:06:04.852,1.64634,1.64673,1.32,1.32
2013.07.05 18:06:04.973,1.64627,1.64668,3.57,1.32
2013.07.05 18:06:07.673,1.64629,1.64667,1.32,1.32
2013.07.05 18:06:08.525,1.64626,1.64667,2.44,1.32
2013.07.05 18:06:09.062,1.64622,1.64664,1.32,2.44
2013.07.05 18:06:10.073,1.64625,1.64663,1.32,1.32
2013.07.05 18:06:11.672,1.64621,1.64663,1.32,2.44
2013.07.05 18:06:11.732,1.64618,1.64663,1.32,2.44
2013.07.05 18:06:12.125,1.64622,1.64658,1.32,1.32
2013.07.05 18:06:18.303,1.64622,1.64658,1.32,1.32
2013.07.05 18:06:20.897,1.64622,1.64658,1.32,1.32
2013.07.05 18:06:21.032,1.64626,1.64658,1.32,1.13
2013.07.05 18:06:21.272,1.64626,1.64668,2.07,1.32
2013.07.05 18:06:21.631,1.6463,1.64668,1.69,1.32
2013.07.05 18:06:22.541,1.64633,1.64668,1.69,1.69
2013.07.05 18:06:22.864,1.64644,1.6468,1.50,1.69
2013.07.05 18:06:22.925,1.64644,1.64678,1.50,1.13
2013.07.05 18:06:23.052,1.64636,1.64678,1.69,1.32
2013.07.05 18:06:23.172,1.64646,1.64674,1.50,1.13
2013.07.05 18:06:23.653,1.64643,1.64674,1.69,1.13
2013.07.05 18:06:26.771,1.64637,1.64673,1.32,1.13
2013.07.05 18:06:27.535,1.64637,1.64673,1.32,1.13
2013.07.05 18:06:32.355,1.64637,1.64668,1.13,1.13
2013.07.05 18:06:33.071,1.64631,1.64668,2.44,1.13
2013.07.05 18:06:33.392,1.64637,1.64668,1.13,2.63
2013.07.05 18:06:34.263,1.64637,1.64668,1.13,1.32
2013.07.05 18:06:36.292,1.64626,1.64668,2.82,2.82
2013.07.05 18:06:37.274,1.64626,1.64666,1.69,1.88
2013.07.05 18:06:37.393,1.64631,1.64672,1.69,1.32
2013.07.05 18:06:39.272,1.64631,1.64671,1.32,2.82
2013.07.05 18:06:39.832,1.64629,1.6467,2.07,2.07
2013.07.05 18:06:39.892,1.64629,1.6467,1.32,2.07
2013.07.05 18:06:41.291,1.64629,1.64668,1.69,1.32
2013.07.05 18:06:42.032,1.64629,1.64669,1.32,1.13
2013.07.05 18:06:43.032,1.64629,1.64669,1.32,1.32
2013.07.05 18:06:45.342,1.64626,1.64664,2.07,1.50
2013.07.05 18:06:47.873,1.64629,1.64665,1.32,1.88
2013.07.05 18:06:49.692,1.64629,1.64662,1.32,1.50
2013.07.05 18:06:49.871,1.64628,1.64662,1.32,1.50
2013.07.05 18:06:49.991,1.64628,1.6466,1.32,1.50
2013.07.05 18:06:50.352,1.64628,1.64656,1.32,1.50
2013.07.05 18:06:59.851,1.64627,1.64657,1.32,1.50
2013.07.05 18:07:00.182,1.64627,1.64659,1.32,1.50
2013.07.05 18:07:01.384,1.64627,1.64659,1.32,1.50
2013.07.05 18:07:02.241,1.64627,1.64659,1.13,1.69
2013.07.05 18:07:05.892,1.64627,1.64656,1.13,1.50
2013.07.05 18:07:07.542,1.64627,1.6466,1.13,1.69
2013.07.05 18:07:10.159,1.64627,1.6466,1.13,1.69
2013.07.05 18:07:23.581,1.64627,1.64664,1.13,2.82
2013.07.05 18:07:25.592,1.64627,1.64664,1.13,2.82
2013.07.05 18:07:28.208,1.64627,1.64664,1.13,2.82
2013.07.05 18:07:31.397,1.64622,1.64663,1.69,1.69
2013.07.05 18:07:31.461,1.64619,1.64659,1.50,2.44
2013.07.05 18:07:31.820,1.64609,1.64647,1.32,2.44
2013.07.05 18:07:31.881,1.64609,1.64647,1.32,2.44
2013.07.05 18:07:33.420,1.64603,1.64643,3.57,2.25
2013.07.05 18:07:35.037,1.64605,1.64642,1.32,1.50
2013.07.05 18:07:35.781,1.64603,1.64643,2.07,2.25
2013.07.05 18:07:35.961,1.64597,1.64642,2.44,2.44
2013.07.05 18:07:37.302,1.64599,1.64639,1.69,1.32
2013.07.05 18:07:38.172,1.64601,1.6464,1.32,1.32
2013.07.05 18:07:38.882,1.646,1.6464,1.32,2.82
2013.07.05 18:07:38.941,1.646,1.6464,1.32,2.82
2013.07.05 18:07:39.791,1.646,1.64639,1.32,1.32
2013.07.05 18:07:40.911,1.64599,1.64636,1.32,1.32
2013.07.05 18:07:48.288,1.64599,1.64636,3.19,1.13
2013.07.05 18:07:52.392,1.64599,1.64636,2.82,1.13
2013.07.05 18:07:57.212,1.64599,1.64636,1.69,1.13
2013.07.05 18:07:57.333,1.64599,1.64634,1.69,1.32
2013.07.05 18:07:57.452,1.64603,1.64636,1.50,1.32
2013.07.05 18:07:58.266,1.64597,1.64636,1.32,1.32
2013.07.05 18:08:03.461,1.64599,1.64636,1.69,1.32
2013.07.05 18:08:05.273,1.64601,1.64636,1.69,1.32
2013.07.05 18:08:05.542,1.64599,1.64636,1.50,1.32
2013.07.05 18:08:07.242,1.64599,1.64636,1.50,1.32
2013.07.05 18:08:08.002,1.64599,1.64634,1.50,2.07
2013.07.05 18:08:08.122,1.6459,1.64632,1.32,3.19
2013.07.05 18:08:08.183,1.64588,1.6463,1.32,3.19
2013.07.05 18:08:08.302,1.64586,1.64627,1.69,1.32
2013.07.05 18:08:09.970,1.64589,1.64626,1.32,3.19
2013.07.05 18:08:12.504,1.64589,1.64626,1.13,3.19
2013.07.05 18:08:18.176,1.64588,1.64626,2.07,3.19
2013.07.05 18:08:18.283,1.64588,1.64625,1.88,1.69
2013.07.05 18:08:19.781,1.64588,1.64626,2.07,3.19
2013.07.05 18:08:20.411,1.6459,1.64627,1.13,1.69
2013.07.05 18:08:20.732,1.6459,1.64627,1.13,1.69
2013.07.05 18:08:22.690,1.64592,1.64628,1.32,1.50
2013.07.05 18:08:24.152,1.64596,1.64632,2.07,1.69
2013.07.05 18:08:24.272,1.64603,1.64641,1.32,3.42
2013.07.05 18:08:24.333,1.64603,1.64641,1.32,1.69
2013.07.05 18:08:24.512,1.64604,1.64645,1.32,3.19
2013.07.05 18:08:24.812,1.64605,1.64648,1.69,2.44
2013.07.05 18:08:28.401,1.64607,1.64646,1.32,1.32
2013.07.05 18:08:33.403,1.64607,1.64646,1.32,1.32
2013.07.05 18:08:37.861,1.64607,1.64652,1.32,2.07
2013.07.05 18:08:37.922,1.64605,1.64652,2.07,1.69
2013.07.05 18:08:39.441,1.64612,1.64652,1.13,2.07
2013.07.05 18:08:41.531,1.64613,1.64652,1.88,1.32
2013.07.05 18:08:41.651,1.64616,1.64654,1.50,1.69
2013.07.05 18:08:41.891,1.6461,1.64654,1.69,1.69
2013.07.05 18:08:43.418,1.64612,1.64651,1.32,1.32
2013.07.05 18:08:44.731,1.64611,1.64651,2.07,1.32
2013.07.05 18:08:46.436,1.64622,1.64659,1.50,1.88
2013.07.05 18:08:47.048,1.64622,1.64659,1.69,1.13
2013.07.05 18:08:47.120,1.6463,1.64662,1.69,1.50
2013.07.05 18:08:47.186,1.6463,1.64669,1.69,1.69
2013.07.05 18:08:47.491,1.64633,1.64673,1.69,1.13
2013.07.05 18:08:47.551,1.64633,1.64675,1.69,1.69
2013.07.05 18:08:48.169,1.64631,1.64672,1.69,1.50
2013.07.05 18:08:48.911,1.64631,1.64669,1.69,1.13
2013.07.05 18:08:49.571,1.6463,1.64669,1.32,1.32
2013.07.05 18:08:49.991,1.64627,1.64668,1.32,2.07
2013.07.05 18:08:50.551,1.64626,1.64667,1.32,2.07
2013.07.05 18:08:52.012,1.64623,1.64667,1.69,3.00
2013.07.05 18:08:52.131,1.64625,1.6467,1.32,1.32
2013.07.05 18:08:52.441,1.64627,1.64667,1.32,1.13
2013.07.05 18:08:53.457,1.64629,1.64667,1.32,1.13
2013.07.05 18:08:54.271,1.64627,1.64664,1.32,1.13
2013.07.05 18:08:54.761,1.64629,1.64668,1.32,1.13
2013.07.05 18:08:56.681,1.64629,1.64665,1.32,1.13
2013.07.05 18:08:56.921,1.64627,1.64665,1.32,1.13
2013.07.05 18:08:57.451,1.64623,1.64664,1.32,1.88
2013.07.05 18:08:57.931,1.64629,1.64669,2.07,1.13
2013.07.05 18:08:58.582,1.6463,1.64668,1.32,1.13
2013.07.05 18:08:58.766,1.64627,1.64668,1.32,1.32
2013.07.05 18:08:59.441,1.64627,1.64663,1.32,1.50
2013.07.05 18:08:59.501,1.64627,1.64664,1.32,1.32
2013.07.05 18:08:59.741,1.64624,1.64666,2.44,1.32
2013.07.05 18:09:02.782,1.64621,1.64664,2.07,1.32
2013.07.05 18:09:03.272,1.64629,1.64663,1.50,1.32
2013.07.05 18:09:05.292,1.64629,1.64663,1.50,1.32
2013.07.05 18:09:07.662,1.64619,1.64664,1.32,2.07
2013.07.05 18:09:08.651,1.64621,1.64659,1.69,1.32
2013.07.05 18:09:28.922,1.64621,1.64659,1.69,1.32
2013.07.05 18:09:28.982,1.64621,1.64659,1.69,1.32
2013.07.05 18:09:29.531,1.6462,1.6466,1.32,1.32
2013.07.05 18:09:29.835,1.64619,1.64656,1.32,1.13
2013.07.05 18:09:31.862,1.64619,1.64656,1.32,1.13
2013.07.05 18:09:33.163,1.64617,1.64656,2.07,1.13
2013.07.05 18:09:36.941,1.64617,1.64656,2.07,1.32
2013.07.05 18:09:37.363,1.64617,1.64656,1.32,1.32
2013.07.05 18:09:38.495,1.64619,1.64656,1.69,1.32
2013.07.05 18:09:42.046,1.64629,1.64663,1.69,2.07
2013.07.05 18:09:42.112,1.64633,1.64662,1.13,1.50
2013.07.05 18:09:42.172,1.64633,1.64657,1.13,1.50
2013.07.05 18:09:42.232,1.64632,1.64657,1.13,1.50
2013.07.05 18:09:42.791,1.64616,1.64658,1.69,2.44
2013.07.05 18:09:42.851,1.64616,1.64657,2.07,1.13
2013.07.05 18:09:43.271,1.64616,1.64655,2.44,1.13
2013.07.05 18:09:44.292,1.64616,1.64655,2.44,1.13
2013.07.05 18:09:44.412,1.64616,1.64656,2.44,2.07
2013.07.05 18:09:44.652,1.64609,1.64645,1.32,1.50
2013.07.05 18:09:44.715,1.64608,1.64647,1.69,1.88
2013.07.05 18:09:44.772,1.64606,1.64647,1.32,2.63
2013.07.05 18:09:45.931,1.64602,1.64648,1.69,2.82
2013.07.05 18:09:46.472,1.64601,1.64639,1.32,2.25
2013.07.05 18:09:46.532,1.646,1.64639,1.32,2.44
2013.07.05 18:09:46.651,1.64591,1.64632,1.69,2.25
2013.07.05 18:09:49.052,1.64594,1.64634,2.07,1.13
2013.07.05 18:09:50.332,1.64594,1.64634,1.32,1.32
2013.07.05 18:09:50.751,1.64594,1.64629,1.32,1.13
2013.07.05 18:09:51.672,1.64594,1.64631,1.32,2.82
2013.07.05 18:09:54.161,1.64594,1.64635,1.32,1.69
2013.07.05 18:09:54.871,1.64592,1.64633,1.32,2.07
2013.07.05 18:09:55.444,1.64592,1.64633,1.32,2.07
2013.07.05 18:10:01.441,1.64592,1.64634,1.32,2.44
2013.07.05 18:10:01.561,1.64592,1.64641,3.57,2.44
2013.07.05 18:10:17.196,1.64601,1.64637,2.07,1.13
2013.07.05 18:10:21.633,1.64598,1.64636,1.32,1.32
2013.07.05 18:10:27.298,1.64598,1.64637,1.32,1.32
2013.07.05 18:10:29.492,1.64595,1.64637,2.07,1.32
2013.07.05 18:10:34.461,1.64601,1.64642,2.44,1.32
2013.07.05 18:10:34.521,1.64601,1.64642,3.19,1.32
2013.07.05 18:10:35.002,1.64604,1.64647,3.19,1.32
2013.07.05 18:10:35.181,1.64603,1.64647,3.94,1.32
2013.07.05 18:10:35.242,1.64604,1.64647,1.69,1.32
2013.07.05 18:10:39.252,1.64605,1.64643,2.82,1.13
2013.07.05 18:10:45.670,1.64605,1.64643,2.07,1.13
2013.07.05 18:10:49.283,1.64606,1.64642,1.32,1.13
2013.07.05 18:10:50.325,1.64611,1.64645,1.50,1.69
2013.07.05 18:10:50.663,1.64611,1.64647,1.50,1.69
2013.07.05 18:10:51.104,1.64612,1.64645,1.50,1.32
2013.07.05 18:10:53.101,1.64607,1.64646,2.07,1.32
2013.07.05 18:10:53.191,1.64607,1.64646,2.07,1.32
2013.07.05 18:10:55.197,1.64611,1.64646,1.69,1.32
2013.07.05 18:10:57.133,1.64607,1.64646,2.07,1.32
2013.07.05 18:10:58.465,1.64602,1.64646,3.94,2.44
2013.07.05 18:10:58.822,1.646,1.64645,1.69,3.00
2013.07.05 18:10:59.003,1.646,1.64642,1.69,1.32
2013.07.05 18:11:00.031,1.64591,1.64633,1.69,2.25
2013.07.05 18:11:01.594,1.64592,1.64633,2.07,1.50
2013.07.05 18:11:01.952,1.64593,1.6463,1.32,2.63
2013.07.05 18:11:03.411,1.64593,1.6463,2.07,1.13
2013.07.05 18:11:04.371,1.64601,1.64631,1.69,1.13
2013.07.05 18:11:05.703,1.64601,1.64631,1.69,1.13
2013.07.05 18:11:07.892,1.646,1.64633,2.07,1.13
2013.07.05 18:11:09.365,1.646,1.64634,1.69,3.75
2013.07.05 18:11:09.424,1.64597,1.64634,1.13,5.82
2013.07.05 18:11:09.662,1.64594,1.64627,1.69,1.32
2013.07.05 18:11:09.723,1.64592,1.64628,2.44,1.32
2013.07.05 18:11:09.903,1.64593,1.64628,1.69,1.13
2013.07.05 18:11:10.994,1.64595,1.64628,1.32,1.32
2013.07.05 18:11:11.784,1.64595,1.64628,1.65,1.32
2013.07.05 18:11:13.301,1.64597,1.64628,2.22,1.13
2013.07.05 18:11:15.002,1.64596,1.64628,1.65,1.13
2013.07.05 18:11:15.122,1.64596,1.64628,1.13,1.32
2013.07.05 18:11:15.482,1.64587,1.64617,1.13,2.44
2013.07.05 18:11:15.542,1.64586,1.64614,1.50,1.13
2013.07.05 18:11:16.071,1.64586,1.64614,1.50,1.13
2013.07.05 18:11:16.252,1.64578,1.64614,1.65,1.13
2013.07.05 18:11:16.432,1.64578,1.64614,2.40,1.13
2013.07.05 18:11:17.656,1.64579,1.64606,1.09,2.63
2013.07.05 18:11:17.965,1.64562,1.64603,2.07,1.69
2013.07.05 18:11:18.643,1.64565,1.64605,1.32,2.44
2013.07.05 18:11:20.216,1.64558,1.64601,1.69,3.57
2013.07.05 18:11:23.002,1.64559,1.64595,1.32,1.13
2013.07.05 18:11:24.192,1.6456,1.64594,2.07,1.32
2013.07.05 18:11:32.612,1.64553,1.64596,1.69,1.32
2013.07.05 18:11:32.672,1.64552,1.64596,3.19,2.07
2013.07.05 18:11:32.792,1.64548,1.64596,1.69,2.07
2013.07.05 18:11:33.151,1.64553,1.64587,1.69,1.13
2013.07.05 18:11:33.332,1.64542,1.64586,2.44,1.69
2013.07.05 18:11:33.582,1.64542,1.64586,2.44,1.69
2013.07.05 18:11:34.382,1.64544,1.64578,1.69,1.32
2013.07.05 18:11:34.902,1.64546,1.64578,1.50,1.32
2013.07.05 18:11:35.185,1.64543,1.64577,1.69,1.32
2013.07.05 18:11:36.572,1.64545,1.64576,1.50,1.50
2013.07.05 18:11:36.932,1.64549,1.64576,1.50,1.50
2013.07.05 18:11:37.507,1.64547,1.64576,1.50,1.50
2013.07.05 18:11:38.188,1.6455,1.64577,1.50,1.69
2013.07.05 18:11:39.042,1.64546,1.64578,1.50,1.69
2013.07.05 18:11:39.222,1.64542,1.64577,1.50,1.69
2013.07.05 18:11:39.522,1.6454,1.64577,1.50,1.69
2013.07.05 18:11:39.883,1.64532,1.64578,2.44,2.07
2013.07.05 18:11:40.183,1.64541,1.64578,1.50,2.07
2013.07.05 18:11:40.242,1.64541,1.64578,1.69,1.32
2013.07.05 18:11:43.822,1.6454,1.64577,1.69,1.32
2013.07.05 18:11:44.513,1.6454,1.64577,1.50,2.07
2013.07.05 18:11:45.812,1.64541,1.64577,1.50,1.69
2013.07.05 18:11:46.123,1.64541,1.64578,1.50,2.07
2013.07.05 18:11:49.732,1.64543,1.64577,1.50,1.32
2013.07.05 18:11:54.713,1.64541,1.64578,1.50,2.07
2013.07.05 18:11:54.892,1.64541,1.64578,2.25,2.07
2013.07.05 18:11:55.252,1.64555,1.64587,1.50,1.13
2013.07.05 18:11:55.452,1.64559,1.64588,1.50,1.32
2013.07.05 18:11:55.692,1.64564,1.64598,1.50,2.07
2013.07.05 18:11:56.002,1.64567,1.64597,1.50,1.32
2013.07.05 18:11:56.362,1.64572,1.64597,1.50,1.32
2013.07.05 18:11:57.202,1.64575,1.64603,1.50,1.69
2013.07.05 18:11:57.321,1.64575,1.64606,1.50,1.69
2013.07.05 18:11:57.441,1.64575,1.64606,1.50,1.69
2013.07.05 18:11:57.621,1.64571,1.64598,1.50,1.13
2013.07.05 18:11:58.381,1.64571,1.64599,1.50,1.32
2013.07.05 18:11:59.360,1.64571,1.64599,1.50,1.32
2013.07.05 18:11:59.421,1.64569,1.64599,1.50,1.32
2013.07.05 18:12:02.342,1.64568,1.64599,1.50,1.32
2013.07.05 18:12:02.402,1.64566,1.64599,1.50,1.32
2013.07.05 18:12:02.464,1.64566,1.64598,1.50,1.32
2013.07.05 18:12:03.842,1.64564,1.64597,1.69,1.32
2013.07.05 18:12:03.902,1.64564,1.64597,1.69,1.32
2013.07.05 18:12:05.092,1.64563,1.64597,1.50,1.32
2013.07.05 18:12:05.563,1.64567,1.64596,1.50,1.13
2013.07.05 18:12:05.904,1.64567,1.64597,1.50,1.32
2013.07.05 18:12:06.053,1.64567,1.64597,1.50,1.32
2013.07.05 18:12:06.692,1.64565,1.64597,1.50,1.32
2013.07.05 18:12:07.439,1.64566,1.64598,1.50,1.32
2013.07.05 18:12:07.960,1.64565,1.64598,1.50,1.32
2013.07.05 18:12:08.883,1.64565,1.64598,1.50,1.32
2013.07.05 18:12:09.244,1.64563,1.64598,1.88,1.32
2013.07.05 18:12:09.462,1.64565,1.64596,1.50,1.32
2013.07.05 18:12:10.421,1.64564,1.64596,1.88,1.32
2013.07.05 18:12:10.913,1.64564,1.64596,1.88,1.32
2013.07.05 18:12:12.343,1.64563,1.64596,2.25,1.32
2013.07.05 18:12:13.771,1.64565,1.64596,1.50,1.32
2013.07.05 18:12:14.651,1.64563,1.64596,2.25,1.32
2013.07.05 18:12:19.268,1.64558,1.64596,1.69,1.32
2013.07.05 18:12:22.347,1.64558,1.64596,1.50,1.32
2013.07.05 18:12:23.021,1.64565,1.64597,1.50,1.32
2013.07.05 18:12:23.562,1.64565,1.64596,1.50,2.07
2013.07.05 18:12:24.186,1.64564,1.64593,1.50,1.32
2013.07.05 18:12:24.953,1.64555,1.64593,1.88,1.32
2013.07.05 18:12:25.372,1.64552,1.64593,1.69,1.69
2013.07.05 18:12:25.552,1.64556,1.64593,1.50,1.69
2013.07.05 18:12:26.212,1.64556,1.64593,1.50,2.07
2013.07.05 18:12:26.691,1.64558,1.64587,1.50,1.32
2013.07.05 18:12:27.483,1.64557,1.64586,1.50,1.32
2013.07.05 18:12:29.423,1.64553,1.64586,1.88,1.32
2013.07.05 18:12:36.303,1.64553,1.64589,2.07,2.07
2013.07.05 18:12:36.371,1.64553,1.64589,1.88,2.82
2013.07.05 18:12:37.103,1.64556,1.64589,1.50,2.07
2013.07.05 18:12:37.604,1.64553,1.64588,1.88,1.32
2013.07.05 18:12:39.852,1.64547,1.64585,1.13,1.32
2013.07.05 18:12:42.242,1.64546,1.64581,1.32,1.13
2013.07.05 18:12:42.853,1.64546,1.6458,1.13,1.13
2013.07.05 18:12:43.641,1.64545,1.64581,1.32,1.13
2013.07.05 18:12:44.043,1.64545,1.64581,1.88,1.32
2013.07.05 18:12:44.661,1.64547,1.6458,1.88,1.32
2013.07.05 18:12:45.882,1.64542,1.64581,1.13,1.32
2013.07.05 18:12:48.501,1.64547,1.6458,1.88,1.32
2013.07.05 18:12:49.782,1.64542,1.6458,1.13,2.07
2013.07.05 18:12:50.791,1.64549,1.6458,1.50,1.32
2013.07.05 18:12:51.332,1.64548,1.64581,1.50,1.32
2013.07.05 18:12:56.831,1.64549,1.64577,1.50,1.32
2013.07.05 18:12:59.072,1.64546,1.64578,1.50,1.32
2013.07.05 18:12:59.251,1.64555,1.64583,1.50,1.69
2013.07.05 18:12:59.452,1.64555,1.64583,1.50,1.69
2013.07.05 18:12:59.512,1.64545,1.64583,1.13,1.69
2013.07.05 18:12:59.971,1.64557,1.64582,1.50,1.32
2013.07.05 18:13:00.172,1.64554,1.64583,1.50,2.07
2013.07.05 18:13:00.351,1.64554,1.64583,1.50,1.32
2013.07.05 18:13:01.533,1.64556,1.64583,1.50,1.32
2013.07.05 18:13:03.762,1.64554,1.64583,1.50,1.32
2013.07.05 18:13:05.271,1.64555,1.64583,1.50,1.32
2013.07.05 18:13:09.002,1.64557,1.64582,1.50,1.13
2013.07.05 18:13:09.494,1.64545,1.64583,2.07,1.32
2013.07.05 18:13:09.554,1.64546,1.64584,1.32,1.32
2013.07.05 18:13:09.615,1.64556,1.64591,1.50,1.69
2013.07.05 18:13:09.686,1.64567,1.64597,1.50,2.07
2013.07.05 18:13:10.232,1.64569,1.64599,1.50,2.44
2013.07.05 18:13:12.452,1.64568,1.64597,1.50,1.69
2013.07.05 18:13:12.702,1.64566,1.64595,1.50,1.69
2013.07.05 18:13:13.410,1.64565,1.64594,1.50,1.32
2013.07.05 18:13:13.643,1.64562,1.64594,1.50,1.32
2013.07.05 18:13:13.929,1.64564,1.64594,1.50,1.32
2013.07.05 18:13:14.242,1.6457,1.64594,1.50,1.32
2013.07.05 18:13:14.682,1.64566,1.64598,1.50,1.69
2013.07.05 18:13:15.366,1.64567,1.64598,1.50,1.69
2013.07.05 18:13:16.665,1.64566,1.64594,1.50,1.69
2013.07.05 18:13:17.715,1.64567,1.64593,1.50,1.69
2013.07.05 18:13:17.833,1.64553,1.64586,1.88,1.32
2013.07.05 18:13:18.732,1.64544,1.64587,2.82,1.69
2013.07.05 18:13:19.832,1.64548,1.6458,1.13,1.13
2013.07.05 18:13:25.904,1.64555,1.6458,1.50,1.13
2013.07.05 18:13:26.605,1.64555,1.6458,1.50,1.13
2013.07.05 18:13:27.845,1.64554,1.6458,1.88,1.13
2013.07.05 18:13:28.346,1.64548,1.64581,1.32,1.13
2013.07.05 18:13:29.392,1.64554,1.64581,1.50,1.13
2013.07.05 18:13:29.742,1.64557,1.6458,1.50,1.13
2013.07.05 18:13:30.112,1.64559,1.64583,1.50,1.32
2013.07.05 18:13:30.704,1.6456,1.64583,1.50,1.32
2013.07.05 18:13:31.312,1.64559,1.64583,1.50,1.32
2013.07.05 18:13:32.151,1.64558,1.64593,1.50,3.19
2013.07.05 18:13:32.392,1.64558,1.64593,1.50,1.69
2013.07.05 18:13:32.463,1.64561,1.64593,1.50,1.69
2013.07.05 18:13:33.002,1.64562,1.64593,1.50,2.07
2013.07.05 18:13:33.422,1.64562,1.64593,1.50,2.07
2013.07.05 18:13:33.973,1.64559,1.64588,1.50,1.32
2013.07.05 18:13:34.801,1.64555,1.64588,1.88,1.32
2013.07.05 18:13:34.982,1.64558,1.64588,1.50,1.32
2013.07.05 18:13:35.392,1.6456,1.64588,1.50,1.32
2013.07.05 18:13:37.904,1.64557,1.64588,1.50,1.32
2013.07.05 18:13:38.422,1.64556,1.64587,1.50,2.44
2013.07.05 18:13:38.543,1.64558,1.64587,1.50,3.19
2013.07.05 18:13:38.723,1.64547,1.64591,1.69,2.82
2013.07.05 18:13:38.842,1.64546,1.64588,1.69,1.69
2013.07.05 18:13:38.963,1.64553,1.64588,1.69,1.13
2013.07.05 18:13:39.475,1.64555,1.64586,1.50,1.32
2013.07.05 18:13:39.774,1.64551,1.64589,1.50,1.69
2013.07.05 18:13:40.851,1.64552,1.64589,1.50,1.69
2013.07.05 18:13:41.391,1.64553,1.64589,1.50,1.69
2013.07.05 18:13:41.571,1.64555,1.64589,1.88,2.07
2013.07.05 18:13:43.583,1.64555,1.64589,1.88,1.32
2013.07.05 18:13:44.311,1.64557,1.64589,1.50,1.32
2013.07.05 18:13:44.686,1.64557,1.64589,1.50,1.32
2013.07.05 18:13:46.821,1.64555,1.6459,1.69,1.32
2013.07.05 18:13:47.342,1.64558,1.64593,1.50,1.32
2013.07.05 18:13:47.402,1.64558,1.64595,1.50,1.32
2013.07.05 18:13:47.461,1.64558,1.64591,1.50,1.69
2013.07.05 18:13:48.573,1.64557,1.64588,1.50,1.13
2013.07.05 18:13:49.373,1.64558,1.64588,1.50,1.13
2013.07.05 18:13:50.213,1.64557,1.6459,1.50,1.69
2013.07.05 18:13:50.572,1.64547,1.64587,1.69,3.94
2013.07.05 18:13:50.932,1.6455,1.64585,1.50,1.32
2013.07.05 18:13:52.212,1.64551,1.64578,1.50,1.13
2013.07.05 18:13:53.751,1.64545,1.64574,1.50,1.13
2013.07.05 18:13:54.192,1.64547,1.64574,1.50,1.13
2013.07.05 18:13:54.773,1.64548,1.64574,1.50,1.13
2013.07.05 18:13:56.392,1.64543,1.64575,2.07,1.13
2013.07.05 18:13:56.451,1.64543,1.64575,2.07,1.13
2013.07.05 18:13:58.983,1.64541,1.64574,1.50,1.13
2013.07.05 18:14:00.153,1.64541,1.64574,2.07,1.13
2013.07.05 18:14:03.613,1.64542,1.64575,1.69,1.32
2013.07.05 18:14:08.173,1.6454,1.64575,1.69,1.32
2013.07.05 18:14:10.283,1.6454,1.64575,1.69,1.13
2013.07.05 18:14:19.002,1.64539,1.64574,1.32,1.13
2013.07.05 18:14:19.775,1.64539,1.64574,1.32,1.13
2013.07.05 18:14:19.952,1.64533,1.64572,1.32,3.94
2013.07.05 18:14:20.252,1.64537,1.64571,3.19,1.13
2013.07.05 18:14:20.491,1.64535,1.64576,3.19,1.32
2013.07.05 18:14:21.031,1.64537,1.64573,2.44,1.32
2013.07.05 18:14:21.408,1.64538,1.64571,1.69,1.13
2013.07.05 18:14:21.813,1.64538,1.64571,1.69,1.13
2013.07.05 18:14:22.171,1.64536,1.64566,3.19,1.13
2013.07.05 18:14:22.474,1.64533,1.64566,2.52,1.13
2013.07.05 18:14:22.713,1.64531,1.64567,1.02,1.13
2013.07.05 18:14:23.882,1.6453,1.64563,1.02,1.88
2013.07.05 18:14:23.942,1.64533,1.64563,1.02,1.88
2013.07.05 18:14:24.482,1.64533,1.64562,1.02,1.13
2013.07.05 18:14:25.250,1.64533,1.64562,1.02,1.13
2013.07.05 18:14:25.764,1.64533,1.6456,1.02,1.13
2013.07.05 18:14:27.482,1.6453,1.64561,1.02,1.13
2013.07.05 18:14:27.602,1.6453,1.64559,1.02,1.13
2013.07.05 18:14:33.002,1.64533,1.64559,1.02,1.13
2013.07.05 18:14:33.508,1.64533,1.64559,1.02,1.13
2013.07.05 18:14:38.782,1.64533,1.64559,1.02,1.13
2013.07.05 18:14:48.813,1.64533,1.64561,1.02,1.13
2013.07.05 18:14:52.163,1.64533,1.6456,1.02,1.13
2013.07.05 18:14:53.566,1.64533,1.6456,1.02,1.13
2013.07.05 18:14:53.643,1.64533,1.64559,1.02,1.13
2013.07.05 18:14:54.162,1.64533,1.64561,1.02,1.13
2013.07.05 18:14:56.898,1.64533,1.64561,1.02,1.13
2013.07.05 18:14:56.962,1.64533,1.64561,1.02,1.13
2013.07.05 18:14:59.732,1.64533,1.64563,1.02,1.88
2013.07.05 18:14:59.792,1.64533,1.64563,2.52,1.88
2013.07.05 18:15:00.334,1.64535,1.64563,2.44,1.13
2013.07.05 18:15:00.573,1.64544,1.64569,1.50,1.13
2013.07.05 18:15:00.632,1.64543,1.64575,1.50,1.13
2013.07.05 18:15:00.694,1.64547,1.64575,1.50,1.13
2013.07.05 18:15:00.752,1.64547,1.64575,1.50,1.13
2013.07.05 18:15:00.815,1.64543,1.64577,1.50,1.69
2013.07.05 18:15:00.932,1.64547,1.64583,1.50,2.07
2013.07.05 18:15:01.114,1.64547,1.64583,1.69,2.07
2013.07.05 18:15:01.603,1.64547,1.64581,1.69,1.32
2013.07.05 18:15:01.964,1.6454,1.64573,1.69,1.13
2013.07.05 18:15:02.502,1.64542,1.64573,2.44,1.13
2013.07.05 18:15:02.623,1.64543,1.64573,2.44,1.13
2013.07.05 18:15:02.803,1.64542,1.6457,2.44,1.13
2013.07.05 18:15:03.175,1.64545,1.64573,2.44,1.13
2013.07.05 18:15:03.597,1.64541,1.64577,3.19,1.13
2013.07.05 18:15:03.674,1.64542,1.64577,2.44,1.13
2013.07.05 18:15:03.912,1.64542,1.64575,2.44,1.13
2013.07.05 18:15:05.415,1.64542,1.64573,2.44,1.13
2013.07.05 18:15:05.487,1.64547,1.64579,2.44,1.13
2013.07.05 18:15:10.433,1.64546,1.64581,3.19,1.32
2013.07.05 18:15:13.543,1.64547,1.64573,1.69,1.13
2013.07.05 18:15:13.602,1.64547,1.64572,1.69,1.13
2013.07.05 18:15:13.962,1.64541,1.64575,1.69,3.75
2013.07.05 18:15:15.161,1.6454,1.64568,1.69,1.13
2013.07.05 18:15:15.702,1.64534,1.64563,1.69,1.88
2013.07.05 18:15:15.762,1.64534,1.64563,1.69,1.13
2013.07.05 18:15:16.181,1.64534,1.64564,1.69,1.13
2013.07.05 18:15:16.745,1.64533,1.64563,1.69,1.88
2013.07.05 18:15:17.282,1.64534,1.64562,1.69,1.13
2013.07.05 18:15:17.522,1.64534,1.64561,1.69,1.13
2013.07.05 18:15:18.563,1.64536,1.64562,1.69,1.13
2013.07.05 18:15:19.132,1.64536,1.64562,1.69,1.13
2013.07.05 18:15:20.052,1.64536,1.64562,1.69,1.13
2013.07.05 18:15:20.462,1.64536,1.64562,1.69,1.13
2013.07.05 18:15:23.119,1.64536,1.64562,1.69,1.13
2013.07.05 18:15:23.664,1.64536,1.64562,1.69,1.13
2013.07.05 18:15:27.292,1.64538,1.64561,1.69,1.13
2013.07.05 18:15:32.289,1.64538,1.64561,1.69,1.13
2013.07.05 18:15:33.854,1.64534,1.64559,1.69,1.13
2013.07.05 18:15:33.972,1.64538,1.64561,1.69,1.13
2013.07.05 18:15:34.033,1.6454,1.64562,1.69,1.13
2013.07.05 18:15:34.393,1.64556,1.64576,1.28,2.25
2013.07.05 18:15:34.753,1.64569,1.6458,3.19,1.50
2013.07.05 18:15:34.813,1.64569,1.64586,2.44,1.50
2013.07.05 18:15:34.992,1.64568,1.64586,1.69,1.50
2013.07.05 18:15:35.232,1.64571,1.64591,2.44,1.50
2013.07.05 18:15:35.291,1.64573,1.64591,1.69,1.50
2013.07.05 18:15:35.411,1.64573,1.64598,1.69,1.50
2013.07.05 18:15:35.531,1.6457,1.64603,1.69,2.25
2013.07.05 18:15:35.591,1.6457,1.64606,1.69,1.50
2013.07.05 18:15:36.143,1.64571,1.64613,1.69,1.32
2013.07.05 18:15:36.742,1.64566,1.64607,2.44,1.32
2013.07.05 18:15:37.072,1.64566,1.64603,2.44,1.13
2013.07.05 18:15:37.552,1.64566,1.64598,3.19,1.13
2013.07.05 18:15:38.092,1.64565,1.64598,1.69,1.13
2013.07.05 18:15:38.152,1.64565,1.64599,1.69,1.50
2013.07.05 18:15:38.694,1.64565,1.64598,1.69,1.13
2013.07.05 18:15:40.353,1.64566,1.64598,2.44,1.13
2013.07.05 18:15:40.881,1.64565,1.64598,1.69,1.13
2013.07.05 18:15:42.063,1.64565,1.646,1.69,1.13
2013.07.05 18:15:43.142,1.64563,1.64599,2.07,1.13
2013.07.05 18:15:43.442,1.64565,1.64606,2.44,1.13
2013.07.05 18:15:43.814,1.64567,1.64604,1.69,1.13
2013.07.05 18:15:46.034,1.64565,1.64608,2.44,2.07
2013.07.05 18:15:46.331,1.64563,1.64606,1.69,2.25
2013.07.05 18:15:47.841,1.64561,1.64598,1.32,1.13
2013.07.05 18:15:51.592,1.6456,1.64598,1.32,1.32
2013.07.05 18:15:51.711,1.64561,1.64598,1.32,1.13
2013.07.05 18:15:53.322,1.64561,1.64598,1.32,1.13
2013.07.05 18:15:53.682,1.64561,1.64597,1.32,1.13
2013.07.05 18:15:53.742,1.64558,1.64597,1.32,1.32
2013.07.05 18:15:53.972,1.64558,1.64597,1.32,1.32
2013.07.05 18:15:54.332,1.64549,1.64592,2.07,2.44
2013.07.05 18:15:55.522,1.64548,1.64587,2.07,1.50
2013.07.05 18:15:56.242,1.64548,1.64591,2.07,2.82
2013.07.05 18:15:57.531,1.64549,1.64589,1.32,2.07
2013.07.05 18:15:57.651,1.64555,1.64589,1.88,1.32
2013.07.05 18:15:58.132,1.64553,1.64589,1.32,1.13
2013.07.05 18:16:03.062,1.64561,1.64589,1.69,1.13
2013.07.05 18:16:03.713,1.64556,1.64589,1.69,1.13
2013.07.05 18:16:04.061,1.64557,1.64598,2.44,1.13
2013.07.05 18:16:05.651,1.64558,1.64593,2.07,1.32
2013.07.05 18:16:08.462,1.64558,1.64593,1.32,1.88
2013.07.05 18:16:08.822,1.64574,1.64604,1.69,1.50
2013.07.05 18:16:08.943,1.64569,1.64609,1.69,2.25
2013.07.05 18:16:09.302,1.64579,1.64616,1.69,1.69
2013.07.05 18:16:10.433,1.64583,1.64621,1.50,2.82
2013.07.05 18:16:10.794,1.64582,1.6462,1.69,1.69
2013.07.05 18:16:12.902,1.64582,1.6462,1.69,1.13
2013.07.05 18:16:13.202,1.64587,1.64624,1.69,2.44
2013.07.05 18:16:13.634,1.64578,1.64616,1.69,2.63
2013.07.05 18:16:13.812,1.64574,1.64617,1.32,2.82
2013.07.05 18:16:20.732,1.64575,1.64611,2.82,1.13
2013.07.05 18:16:21.292,1.64575,1.64611,2.82,1.13
2013.07.05 18:16:23.582,1.64583,1.64613,1.84,1.32
2013.07.05 18:16:23.942,1.64607,1.64637,1.69,2.25
2013.07.05 18:16:24.244,1.64603,1.64645,1.69,1.50
2013.07.05 18:16:27.392,1.64604,1.64639,1.32,1.13
2013.07.05 18:16:29.698,1.64615,1.6464,1.32,1.50
2013.07.05 18:16:29.766,1.64627,1.64649,1.28,1.13
2013.07.05 18:16:29.885,1.64626,1.6465,1.69,1.50
2013.07.05 18:16:30.003,1.64622,1.6465,1.50,1.50
2013.07.05 18:16:30.065,1.64618,1.64654,1.32,1.69
2013.07.05 18:16:30.135,1.64618,1.64658,1.32,3.94
2013.07.05 18:16:30.374,1.64618,1.64658,2.07,2.25
2013.07.05 18:16:30.433,1.64622,1.64658,1.32,2.25
2013.07.05 18:16:30.552,1.64622,1.6466,1.13,1.69
2013.07.05 18:16:31.103,1.64621,1.6466,1.69,1.69
2013.07.05 18:16:31.402,1.6462,1.64662,1.69,1.88
2013.07.05 18:16:31.762,1.64641,1.64661,1.13,1.50
2013.07.05 18:16:32.002,1.64641,1.64666,1.13,1.50
2013.07.05 18:16:32.503,1.64641,1.64674,1.13,1.50
2013.07.05 18:16:34.968,1.64641,1.64674,1.13,1.69
2013.07.05 18:16:35.292,1.64631,1.64667,1.69,2.44
2013.07.05 18:16:35.413,1.64629,1.6467,1.32,3.19
2013.07.05 18:16:36.252,1.64629,1.6467,1.32,1.69
2013.07.05 18:16:36.792,1.64629,1.6467,1.32,1.69
2013.07.05 18:16:37.433,1.64626,1.64668,2.82,2.82
2013.07.05 18:16:41.342,1.64626,1.64663,1.69,3.00
2013.07.05 18:16:41.901,1.64629,1.64668,1.32,3.19
2013.07.05 18:16:44.082,1.64629,1.64662,1.32,1.50
2013.07.05 18:16:44.342,1.64629,1.6466,1.32,1.50
2013.07.05 18:16:44.943,1.64629,1.64661,1.32,1.50
2013.07.05 18:16:45.292,1.64627,1.64659,1.32,1.50
2013.07.05 18:16:45.863,1.64633,1.64659,1.13,1.50
2013.07.05 18:16:46.043,1.64636,1.64665,2.07,1.50
2013.07.05 18:16:46.164,1.64636,1.64658,1.32,1.50
2013.07.05 18:16:46.347,1.64629,1.64658,1.32,1.50
2013.07.05 18:16:46.473,1.64629,1.6466,1.32,1.50
2013.07.05 18:16:47.636,1.64627,1.6466,1.32,1.50
2013.07.05 18:16:47.753,1.64627,1.64663,1.32,1.50
2013.07.05 18:16:47.872,1.64627,1.64666,2.82,1.50
2013.07.05 18:16:50.293,1.64627,1.64663,1.32,2.25
2013.07.05 18:16:50.413,1.64626,1.64669,2.07,1.69
2013.07.05 18:16:50.472,1.64623,1.64669,1.32,1.69
2013.07.05 18:16:50.783,1.64622,1.64662,1.69,1.50
2013.07.05 18:16:51.422,1.64622,1.64661,1.69,1.50
2013.07.05 18:16:51.674,1.64618,1.64656,1.32,2.25
2013.07.05 18:16:51.794,1.64618,1.64656,1.32,2.25
2013.07.05 18:16:56.170,1.64615,1.64655,1.32,2.44
2013.07.05 18:16:57.273,1.64615,1.64655,1.32,2.44
2013.07.05 18:17:02.188,1.64615,1.64657,1.32,1.32
2013.07.05 18:17:05.222,1.64615,1.64653,1.13,1.69
2013.07.05 18:17:08.609,1.64615,1.64657,1.32,1.32
2013.07.05 18:17:08.952,1.64614,1.64658,2.59,1.32
2013.07.05 18:17:09.132,1.64607,1.64656,2.44,1.69
2013.07.05 18:17:09.772,1.64615,1.64652,1.50,1.32
2013.07.05 18:17:11.262,1.64612,1.64652,1.69,1.32
2013.07.05 18:17:12.723,1.64614,1.64652,1.09,1.32
2013.07.05 18:17:14.626,1.64613,1.64652,2.44,1.13
2013.07.05 18:17:14.692,1.64613,1.64652,2.44,1.13
2013.07.05 18:17:16.130,1.6462,1.64655,1.69,1.32
2013.07.05 18:17:16.752,1.64621,1.64656,1.50,1.32
2013.07.05 18:17:18.262,1.64621,1.64656,1.69,1.13
2013.07.05 18:17:18.322,1.64621,1.64656,1.69,1.13
2013.07.05 18:17:18.622,1.64626,1.64662,1.50,1.69
2013.07.05 18:17:19.423,1.64626,1.64653,1.50,1.13
2013.07.05 18:17:19.712,1.64622,1.64653,1.50,1.13
2013.07.05 18:17:20.220,1.6462,1.64653,1.09,1.13
2013.07.05 18:17:21.284,1.64619,1.64653,1.32,1.13
2013.07.05 18:17:22.953,1.64619,1.64653,1.32,1.13
2013.07.05 18:17:27.153,1.64636,1.64654,1.69,1.13
2013.07.05 18:17:27.342,1.64646,1.64663,2.44,1.13
2013.07.05 18:17:27.463,1.64636,1.64664,1.69,1.50
2013.07.05 18:17:27.522,1.64636,1.64668,1.69,1.13
2013.07.05 18:17:27.702,1.64642,1.64667,1.50,1.13
2013.07.05 18:17:27.942,1.64639,1.64668,1.69,1.13
2013.07.05 18:17:28.232,1.64632,1.64667,3.00,1.32
2013.07.05 18:17:28.502,1.64632,1.64665,1.50,1.13
2013.07.05 18:17:28.982,1.64635,1.64668,1.50,1.32
2013.07.05 18:17:29.305,1.64641,1.64667,1.50,1.32
2013.07.05 18:17:29.842,1.64642,1.64666,1.50,1.69
2013.07.05 18:17:30.145,1.64633,1.64667,1.50,1.50
2013.07.05 18:17:30.204,1.64633,1.64674,1.69,1.50
2013.07.05 18:17:30.504,1.64644,1.64675,1.50,1.69
2013.07.05 18:17:30.743,1.6464,1.6468,1.50,2.07
2013.07.05 18:17:30.802,1.64655,1.6468,1.50,1.69
2013.07.05 18:17:30.863,1.64655,1.64681,1.50,1.32
2013.07.05 18:17:30.923,1.64647,1.64688,1.50,1.69
2013.07.05 18:17:31.163,1.6465,1.64688,1.50,1.69
2013.07.05 18:17:31.522,1.64652,1.64688,1.50,1.69
2013.07.05 18:17:32.062,1.64655,1.64688,1.50,1.69
2013.07.05 18:17:32.122,1.64649,1.64688,1.50,2.07
2013.07.05 18:17:32.362,1.64651,1.64687,1.50,1.32
2013.07.05 18:17:32.921,1.64652,1.64683,1.50,1.32
2013.07.05 18:17:32.982,1.64648,1.64681,1.50,1.32
2013.07.05 18:17:33.461,1.6465,1.6468,1.50,1.32
2013.07.05 18:17:34.457,1.64653,1.64681,1.50,1.32
2013.07.05 18:17:36.704,1.64651,1.64682,1.50,1.32
2013.07.05 18:17:37.003,1.64652,1.64678,1.50,1.32
2013.07.05 18:17:37.242,1.64637,1.64668,1.69,1.13
2013.07.05 18:17:37.802,1.64643,1.64676,1.50,1.13
2013.07.05 18:17:39.252,1.64644,1.64672,1.50,1.13
2013.07.05 18:17:39.896,1.64646,1.64672,1.50,1.13
2013.07.05 18:17:40.205,1.64644,1.64674,1.50,1.88
2013.07.05 18:17:40.504,1.64646,1.64681,1.50,1.69
2013.07.05 18:17:40.813,1.64651,1.64684,1.50,1.69
2013.07.05 18:17:40.872,1.64649,1.64684,1.50,1.69
2013.07.05 18:17:40.992,1.64646,1.64684,1.50,1.69
2013.07.05 18:17:41.182,1.6465,1.64682,1.50,1.32
2013.07.05 18:17:41.242,1.6465,1.64682,1.50,1.32
2013.07.05 18:17:41.952,1.64649,1.64679,1.50,1.32
2013.07.05 18:17:45.773,1.64654,1.64679,1.50,1.32
2013.07.05 18:17:47.012,1.64652,1.64679,1.50,1.32
2013.07.05 18:17:47.252,1.64652,1.64679,1.50,1.32
2013.07.05 18:17:47.582,1.64649,1.64679,1.50,1.32
2013.07.05 18:17:47.892,1.64651,1.64678,1.50,1.32
2013.07.05 18:17:51.972,1.64648,1.64678,1.50,1.32
2013.07.05 18:17:58.212,1.64648,1.64678,1.50,1.32
2013.07.05 18:17:59.275,1.64651,1.64679,1.50,1.32
2013.07.05 18:18:01.793,1.6465,1.64678,1.50,1.32
2013.07.05 18:18:02.433,1.64648,1.64679,1.50,1.13
2013.07.05 18:18:02.963,1.64647,1.64678,1.50,1.13
2013.07.05 18:18:03.734,1.64643,1.64679,2.07,1.32
2013.07.05 18:18:07.205,1.64645,1.64678,1.50,1.32
2013.07.05 18:18:10.633,1.64645,1.64679,1.50,1.32
2013.07.05 18:18:10.753,1.6464,1.64679,1.32,1.32
2013.07.05 18:18:10.872,1.6464,1.64679,1.32,1.32
2013.07.05 18:18:11.733,1.6464,1.64678,1.69,1.32
2013.07.05 18:18:18.723,1.64633,1.64669,2.07,2.25
2013.07.05 18:18:18.843,1.64632,1.64672,1.32,2.44
2013.07.05 18:18:18.962,1.64632,1.64667,1.32,2.25
2013.07.05 18:18:20.123,1.64632,1.64667,1.32,1.50
2013.07.05 18:18:21.986,1.64632,1.64661,1.32,1.13
2013.07.05 18:18:22.727,1.64632,1.6466,1.32,1.13
2013.07.05 18:18:23.924,1.64627,1.64663,1.32,1.50
2013.07.05 18:18:24.462,1.64629,1.64671,1.32,2.44
2013.07.05 18:18:25.452,1.6463,1.64668,1.32,1.50
2013.07.05 18:18:25.812,1.64629,1.64664,1.32,1.13
2013.07.05 18:18:26.345,1.64629,1.64666,1.32,1.13
2013.07.05 18:18:26.683,1.64632,1.64673,2.07,2.07
2013.07.05 18:18:26.743,1.64632,1.64673,2.82,1.13
2013.07.05 18:18:27.103,1.64634,1.64675,2.44,2.44
2013.07.05 18:18:29.612,1.64631,1.64674,1.32,1.32
2013.07.05 18:18:29.672,1.6463,1.64674,1.32,1.32
2013.07.05 18:18:30.202,1.64638,1.64674,1.50,1.69
2013.07.05 18:18:30.835,1.64637,1.64673,1.69,1.32
2013.07.05 18:18:31.442,1.64638,1.6467,1.50,1.13
2013.07.05 18:18:32.662,1.64639,1.64668,1.50,1.13
2013.07.05 18:18:33.343,1.64644,1.64668,1.50,1.13
2013.07.05 18:18:34.279,1.64643,1.64668,1.50,1.13
2013.07.05 18:18:35.272,1.64646,1.64668,1.50,1.13
2013.07.05 18:18:35.392,1.64644,1.64668,1.50,1.13
2013.07.05 18:18:35.928,1.64645,1.64674,1.50,1.32
2013.07.05 18:18:36.472,1.64644,1.6468,1.50,1.32
2013.07.05 18:18:37.263,1.64643,1.6468,1.50,1.69
2013.07.05 18:18:37.773,1.64644,1.64675,1.50,1.13
2013.07.05 18:18:42.782,1.64643,1.64673,1.69,1.13
2013.07.05 18:18:42.842,1.64647,1.64672,1.50,1.13
2013.07.05 18:18:45.142,1.6465,1.64684,1.50,1.32
2013.07.05 18:18:45.202,1.6465,1.64684,1.69,1.13
2013.07.05 18:18:46.663,1.6465,1.64689,1.69,1.32
2013.07.05 18:18:46.722,1.64651,1.64689,2.44,1.13
2013.07.05 18:18:47.082,1.64659,1.64701,1.32,1.32
2013.07.05 18:18:48.843,1.64659,1.64694,1.32,1.88
2013.07.05 18:18:49.713,1.64656,1.64687,1.50,1.32
2013.07.05 18:18:50.073,1.64657,1.64688,1.50,2.07
2013.07.05 18:18:50.313,1.64659,1.64694,1.50,1.32
2013.07.05 18:18:50.372,1.64659,1.64694,1.69,1.13
2013.07.05 18:18:50.432,1.64659,1.64692,1.69,1.13
2013.07.05 18:18:51.393,1.64652,1.64692,2.82,1.13
2013.07.05 18:18:52.217,1.64656,1.64692,1.32,1.13
2013.07.05 18:18:53.062,1.64656,1.647,1.32,1.69
2013.07.05 18:18:53.392,1.64656,1.64693,1.32,1.13
2013.07.05 18:18:53.523,1.64653,1.64693,1.32,1.13
2013.07.05 18:18:53.703,1.64652,1.64691,2.07,1.13
2013.07.05 18:18:53.764,1.64652,1.64695,1.32,1.32
2013.07.05 18:18:53.883,1.64651,1.64695,1.32,1.32
2013.07.05 18:18:54.062,1.64646,1.64687,3.19,1.50
2013.07.05 18:18:54.363,1.64648,1.64689,2.44,1.32
2013.07.05 18:18:55.194,1.64652,1.64688,1.13,1.69
2013.07.05 18:18:55.784,1.64652,1.64689,1.13,1.32
2013.07.05 18:18:58.173,1.64652,1.64689,1.13,1.32
2013.07.05 18:19:02.264,1.64648,1.64688,1.32,1.32
2013.07.05 18:19:03.263,1.64649,1.64689,1.32,1.13
2013.07.05 18:19:04.692,1.64649,1.64686,1.32,1.88
2013.07.05 18:19:05.229,1.64649,1.64686,1.32,2.63
2013.07.05 18:19:07.180,1.64647,1.64686,2.07,2.63
2013.07.05 18:19:07.594,1.64647,1.64686,2.07,1.88
2013.07.05 18:19:08.194,1.64647,1.64686,1.32,2.07
2013.07.05 18:19:09.826,1.64646,1.64686,1.32,2.82
2013.07.05 18:19:10.062,1.64638,1.64682,1.32,1.69
2013.07.05 18:19:10.302,1.64637,1.64682,1.32,1.69
2013.07.05 18:19:10.422,1.64643,1.64685,2.07,2.07
2013.07.05 18:19:11.732,1.64644,1.64678,2.07,1.13
2013.07.05 18:19:12.202,1.64644,1.64678,2.07,1.13
2013.07.05 18:19:12.824,1.64644,1.64678,1.69,1.13
2013.07.05 18:19:13.396,1.64649,1.64678,1.50,1.13
2013.07.05 18:19:14.284,1.6464,1.64681,2.44,1.32
2013.07.05 18:19:14.812,1.6464,1.64679,1.69,1.50
2013.07.05 18:19:16.552,1.64639,1.64676,1.32,1.32
2013.07.05 18:19:17.602,1.64639,1.64676,1.32,1.50
2013.07.05 18:19:19.072,1.64639,1.64674,1.69,1.32
2013.07.05 18:19:19.192,1.64636,1.64674,1.32,1.32
2013.07.05 18:19:19.772,1.64639,1.64674,1.50,1.32
2013.07.05 18:19:30.153,1.64638,1.64673,1.32,1.13
2013.07.05 18:19:30.392,1.64635,1.64673,1.32,1.32
2013.07.05 18:19:41.202,1.64635,1.64673,1.32,1.32
2013.07.05 18:19:46.213,1.64639,1.64673,2.07,1.13
2013.07.05 18:19:46.273,1.64639,1.64677,2.07,1.32
2013.07.05 18:19:49.542,1.6464,1.64673,1.69,1.13
2013.07.05 18:19:51.872,1.64635,1.64674,1.32,1.32
2013.07.05 18:19:57.132,1.64635,1.64674,1.32,1.13
2013.07.05 18:19:59.229,1.64635,1.64674,2.07,1.13
2013.07.05 18:20:00.961,1.64637,1.64677,1.69,1.69
2013.07.05 18:20:01.262,1.64632,1.6467,1.88,2.25
2013.07.05 18:20:01.383,1.64633,1.64668,1.69,2.82
2013.07.05 18:20:01.444,1.64627,1.64667,1.69,1.32
2013.07.05 18:20:01.683,1.64618,1.64648,2.44,1.50
2013.07.05 18:20:02.243,1.64613,1.64652,2.44,1.50
2013.07.05 18:20:02.802,1.64613,1.64652,1.69,1.50
2013.07.05 18:20:03.332,1.64613,1.64654,1.69,2.44
2013.07.05 18:20:04.253,1.64616,1.64658,1.69,1.32
2013.07.05 18:20:04.313,1.64622,1.64658,1.32,1.32
2013.07.05 18:20:04.373,1.64622,1.64658,1.32,2.44
2013.07.05 18:20:04.493,1.64622,1.64656,1.32,1.50
2013.07.05 18:20:04.884,1.64617,1.64656,1.32,2.44
2013.07.05 18:20:05.062,1.64609,1.64654,1.69,2.44
2013.07.05 18:20:05.185,1.64609,1.64648,1.69,1.50
2013.07.05 18:20:06.002,1.64609,1.64647,1.32,1.50
2013.07.05 18:20:07.424,1.64609,1.64648,1.32,1.88
2013.07.05 18:20:08.121,1.64607,1.64647,2.07,1.50
2013.07.05 18:20:08.191,1.64607,1.64647,2.07,1.50
2013.07.05 18:20:08.257,1.64607,1.64649,2.07,2.07
2013.07.05 18:20:08.792,1.64607,1.64648,2.07,1.13
2013.07.05 18:20:11.652,1.64607,1.64648,1.32,1.32
2013.07.05 18:20:14.987,1.64607,1.64648,1.32,1.32
2013.07.05 18:20:16.198,1.64609,1.64648,1.32,1.32
2013.07.05 18:20:16.326,1.64609,1.64648,1.32,1.32
2013.07.05 18:20:17.862,1.64612,1.64648,1.50,1.32
2013.07.05 18:20:20.875,1.64611,1.64648,1.69,1.32
2013.07.05 18:20:21.213,1.64611,1.64648,1.69,1.32
2013.07.05 18:20:26.644,1.6461,1.64645,1.69,1.13
2013.07.05 18:20:26.763,1.6461,1.64645,1.69,1.32
2013.07.05 18:20:26.823,1.64603,1.64646,1.69,1.32
2013.07.05 18:20:28.045,1.64605,1.64641,1.32,2.44
2013.07.05 18:20:28.463,1.64603,1.6464,1.32,2.44
2013.07.05 18:20:28.643,1.64595,1.64631,1.28,2.25
2013.07.05 18:20:28.703,1.64593,1.64631,1.69,2.25
2013.07.05 18:20:30.434,1.64593,1.64634,2.44,2.44
2013.07.05 18:20:30.493,1.64601,1.64634,1.69,2.25
2013.07.05 18:20:30.853,1.64607,1.64644,1.13,2.44
2013.07.05 18:20:31.402,1.64607,1.64646,1.13,1.69
2013.07.05 18:20:33.743,1.64607,1.64643,1.32,1.69
2013.07.05 18:20:35.199,1.64611,1.64643,1.13,1.32
2013.07.05 18:20:37.080,1.64613,1.64647,1.13,1.32
2013.07.05 18:20:37.145,1.64612,1.64648,1.13,1.32
2013.07.05 18:20:37.205,1.64613,1.64649,1.88,1.69
2013.07.05 18:20:38.506,1.64612,1.64644,1.50,1.32
2013.07.05 18:20:38.743,1.64609,1.64645,2.78,1.32
2013.07.05 18:20:43.683,1.64604,1.64641,4.65,1.50
2013.07.05 18:20:43.743,1.64601,1.64638,1.32,1.50
2013.07.05 18:20:44.936,1.64595,1.64637,1.69,1.69
2013.07.05 18:20:46.844,1.64595,1.64632,1.69,1.50
2013.07.05 18:20:47.145,1.64595,1.64632,2.44,1.50
2013.07.05 18:20:47.202,1.64601,1.64638,1.32,3.00
2013.07.05 18:20:47.562,1.64608,1.64648,1.50,1.32
2013.07.05 18:20:48.349,1.64609,1.64646,1.50,1.32
2013.07.05 18:20:48.760,1.64614,1.64645,1.50,1.32
2013.07.05 18:20:48.883,1.64614,1.64645,1.50,1.32
2013.07.05 18:20:49.185,1.64617,1.64649,1.50,1.32
2013.07.05 18:20:49.546,1.6462,1.64651,1.50,1.32
2013.07.05 18:20:49.684,1.6462,1.64651,1.50,1.32
2013.07.05 18:20:49.802,1.64616,1.64652,2.07,1.32
2013.07.05 18:20:51.763,1.64613,1.64649,1.32,1.13
2013.07.05 18:20:55.559,1.64619,1.64651,1.50,1.32
2013.07.05 18:20:57.993,1.64611,1.64649,1.65,1.13
2013.07.05 18:20:58.817,1.64611,1.64649,2.40,1.32
2013.07.05 18:20:58.883,1.64611,1.64648,1.65,1.32
2013.07.05 18:20:59.003,1.64607,1.64636,1.13,1.13
2013.07.05 18:20:59.063,1.64607,1.64636,1.13,1.13
2013.07.05 18:20:59.423,1.64602,1.64637,1.50,1.32
2013.07.05 18:20:59.542,1.646,1.64638,1.50,1.32
2013.07.05 18:20:59.774,1.64602,1.64638,1.50,1.32
2013.07.05 18:21:00.542,1.64604,1.64637,1.50,1.32
2013.07.05 18:21:01.103,1.646,1.64634,1.50,1.32
2013.07.05 18:21:03.709,1.64597,1.64633,1.65,1.13
2013.07.05 18:21:04.111,1.64595,1.64633,1.65,1.13
2013.07.05 18:21:04.735,1.64595,1.64633,1.32,2.82
2013.07.05 18:21:05.163,1.64596,1.64634,1.32,2.82
2013.07.05 18:21:05.283,1.64596,1.64634,2.07,3.38
2013.07.05 18:21:05.583,1.64584,1.64629,2.44,2.44
2013.07.05 18:21:06.762,1.64587,1.64626,1.32,2.44
2013.07.05 18:21:08.073,1.64585,1.64627,1.69,2.44
2013.07.05 18:21:08.223,1.6458,1.64622,2.07,1.69
2013.07.05 18:21:08.282,1.6458,1.64622,1.32,1.69
2013.07.05 18:21:08.932,1.64585,1.64627,1.50,2.44
2013.07.05 18:21:08.993,1.64592,1.64628,1.69,1.32
2013.07.05 18:21:10.583,1.6459,1.64628,1.69,1.13
2013.07.05 18:21:11.612,1.64586,1.64624,1.32,1.32
2013.07.05 18:21:11.733,1.64586,1.64625,1.32,1.32
2013.07.05 18:21:14.689,1.64587,1.64625,1.32,1.32
2013.07.05 18:21:14.764,1.64588,1.64625,1.13,1.32
2013.07.05 18:21:15.102,1.64588,1.64625,1.13,1.13
2013.07.05 18:21:17.704,1.64591,1.64625,1.13,1.13
2013.07.05 18:21:17.763,1.64592,1.64628,1.13,1.13
2013.07.05 18:21:18.403,1.64591,1.64628,1.69,1.13
2013.07.05 18:21:18.583,1.64591,1.64634,1.69,3.57
2013.07.05 18:21:20.664,1.64595,1.64631,1.69,1.69
2013.07.05 18:21:20.782,1.64584,1.64625,1.32,2.44
2013.07.05 18:21:21.473,1.6458,1.64626,2.07,1.69
2013.07.05 18:21:22.458,1.64585,1.64623,1.32,1.32
2013.07.05 18:21:25.334,1.64585,1.64623,1.13,1.32
2013.07.05 18:21:25.693,1.64577,1.64615,1.88,1.69
2013.07.05 18:21:25.933,1.64579,1.64612,1.50,1.69
2013.07.05 18:21:26.293,1.64581,1.6461,1.50,1.69
2013.07.05 18:21:26.532,1.64582,1.64614,1.50,1.69
2013.07.05 18:21:26.962,1.64584,1.64611,1.50,1.32
2013.07.05 18:21:31.685,1.64585,1.64618,1.50,1.32
2013.07.05 18:21:32.267,1.64583,1.64618,1.50,1.32
2013.07.05 18:21:32.452,1.64583,1.64617,1.50,2.44
2013.07.05 18:21:32.692,1.64584,1.64609,1.50,1.32
2013.07.05 18:21:32.752,1.64582,1.64616,1.50,1.69
2013.07.05 18:21:33.374,1.64579,1.64615,1.50,2.07
2013.07.05 18:21:33.983,1.64579,1.64613,1.50,1.69
2013.07.05 18:21:34.532,1.64584,1.64613,1.50,1.69
2013.07.05 18:21:34.912,1.64586,1.64613,1.50,1.69
2013.07.05 18:21:37.154,1.64586,1.64614,1.50,1.32
2013.07.05 18:21:40.493,1.64583,1.64615,1.50,1.32
2013.07.05 18:21:50.393,1.64583,1.64615,1.50,1.32
2013.07.05 18:21:50.512,1.64579,1.64608,1.88,1.13
2013.07.05 18:21:50.883,1.64581,1.64608,1.50,1.13
2013.07.05 18:21:53.293,1.64584,1.64615,1.50,1.32
2013.07.05 18:21:53.642,1.64586,1.64608,1.50,1.13
2013.07.05 18:21:53.702,1.64586,1.64608,1.50,1.13
2013.07.05 18:21:53.762,1.64588,1.64615,1.50,1.32
2013.07.05 18:21:53.963,1.64583,1.64608,1.50,1.13
2013.07.05 18:21:54.196,1.64585,1.64608,1.50,1.13
2013.07.05 18:21:54.606,1.64582,1.64608,1.50,1.13
2013.07.05 18:21:55.844,1.6458,1.64607,1.50,1.13
2013.07.05 18:21:56.992,1.64578,1.64616,1.50,1.32
2013.07.05 18:21:57.232,1.64573,1.64612,1.50,1.69
2013.07.05 18:21:57.352,1.64573,1.64612,1.50,1.69
2013.07.05 18:21:57.733,1.64565,1.64604,1.69,1.13
2013.07.05 18:21:58.262,1.64566,1.64604,1.69,1.32
2013.07.05 18:21:59.422,1.64566,1.64603,1.69,1.69
2013.07.05 18:21:59.482,1.64571,1.646,1.50,1.32
2013.07.05 18:21:59.990,1.6457,1.646,1.50,1.32
2013.07.05 18:22:00.413,1.64564,1.646,2.07,1.32
2013.07.05 18:22:03.794,1.64566,1.646,1.69,1.13
2013.07.05 18:22:04.024,1.64566,1.646,1.69,1.13
2013.07.05 18:22:04.238,1.64568,1.646,1.50,1.13
2013.07.05 18:22:04.362,1.64564,1.646,2.07,1.13
2013.07.05 18:22:04.553,1.64564,1.646,2.07,1.13
2013.07.05 18:22:05.093,1.64567,1.64599,1.50,1.13
2013.07.05 18:22:08.702,1.6457,1.64603,1.50,2.07
2013.07.05 18:22:09.372,1.64569,1.646,1.69,1.13
2013.07.05 18:22:10.932,1.64561,1.64599,1.32,1.32
2013.07.05 18:22:13.713,1.64556,1.64599,1.69,1.32
2013.07.05 18:22:13.892,1.64556,1.64599,1.69,1.32
2013.07.05 18:22:14.262,1.64563,1.64596,1.50,1.32
2013.07.05 18:22:15.194,1.64562,1.64597,1.50,1.69
2013.07.05 18:22:15.874,1.64563,1.64595,1.50,1.32
2013.07.05 18:22:21.420,1.64563,1.64595,1.50,1.32
2013.07.05 18:22:21.742,1.64567,1.64596,1.50,1.32
2013.07.05 18:22:23.013,1.64567,1.64595,1.50,1.32
2013.07.05 18:22:23.073,1.6456,1.64596,1.50,1.32
2013.07.05 18:22:23.254,1.64554,1.64591,2.82,1.32
2013.07.05 18:22:23.654,1.64554,1.64591,2.07,1.32
2013.07.05 18:22:23.773,1.64553,1.64588,1.50,1.32
2013.07.05 18:22:23.953,1.64548,1.64588,1.69,1.32
2013.07.05 18:22:24.873,1.64544,1.64587,1.69,1.50
2013.07.05 18:22:25.402,1.64547,1.64584,1.50,1.69
2013.07.05 18:22:25.923,1.64549,1.64581,1.50,1.32
2013.07.05 18:22:25.994,1.64546,1.6458,1.50,1.32
2013.07.05 18:22:26.294,1.64544,1.64578,1.50,1.32
2013.07.05 18:22:27.285,1.64544,1.64574,1.50,1.69
2013.07.05 18:22:27.643,1.64521,1.64565,1.69,2.44
2013.07.05 18:22:27.704,1.64525,1.64565,1.50,1.69
2013.07.05 18:22:28.235,1.64526,1.64565,1.50,1.69
2013.07.05 18:22:28.413,1.64519,1.64562,1.13,2.44
2013.07.05 18:22:31.543,1.6452,1.64559,1.13,1.32
2013.07.05 18:22:31.603,1.64528,1.64559,1.50,1.32
2013.07.05 18:22:31.913,1.64524,1.64559,1.69,1.32
2013.07.05 18:22:33.224,1.64524,1.64563,2.44,1.32
2013.07.05 18:22:33.403,1.64526,1.64566,2.44,1.13
2013.07.05 18:22:33.463,1.64538,1.64567,1.50,1.88
2013.07.05 18:22:33.643,1.64536,1.64566,1.50,1.13
2013.07.05 18:22:33.883,1.64529,1.64568,1.50,1.13
2013.07.05 18:22:34.003,1.64529,1.64565,1.50,1.69
2013.07.05 18:22:34.323,1.64531,1.64563,1.50,1.32
2013.07.05 18:22:34.653,1.64525,1.64559,2.82,1.13
2013.07.05 18:22:34.834,1.64525,1.64559,1.88,1.32
2013.07.05 18:22:35.143,1.64522,1.64561,1.13,2.44
2013.07.05 18:22:39.572,1.64524,1.64562,1.69,1.69
2013.07.05 18:22:40.108,1.64524,1.6456,1.69,1.32
2013.07.05 18:22:40.774,1.64516,1.64562,1.69,1.69
2013.07.05 18:22:40.833,1.64529,1.6456,1.50,1.32
2013.07.05 18:22:41.132,1.64527,1.6456,1.50,1.32
2013.07.05 18:22:41.363,1.64527,1.6456,1.50,1.32
2013.07.05 18:22:41.902,1.64528,1.6456,1.50,1.32
2013.07.05 18:22:42.412,1.64527,1.64559,1.50,1.32
2013.07.05 18:22:42.914,1.64527,1.64559,1.50,1.32
2013.07.05 18:22:42.972,1.64523,1.6456,1.69,1.69
2013.07.05 18:22:43.573,1.64524,1.6456,3.19,1.32
2013.07.05 18:22:43.633,1.64524,1.64567,1.32,2.44
2013.07.05 18:22:43.813,1.64526,1.64567,1.32,2.44
2013.07.05 18:22:43.933,1.64527,1.64567,1.32,1.69
2013.07.05 18:22:43.994,1.64541,1.64571,1.50,1.69
2013.07.05 18:22:44.566,1.64541,1.64562,1.50,1.50
2013.07.05 18:22:44.924,1.64521,1.64554,1.50,1.69
2013.07.05 18:22:44.985,1.64522,1.64555,1.50,1.69
2013.07.05 18:22:45.044,1.64522,1.6456,1.50,1.69
2013.07.05 18:22:45.103,1.64522,1.6456,1.50,1.69
2013.07.05 18:22:45.403,1.6452,1.64556,1.50,1.69
2013.07.05 18:22:45.463,1.6452,1.64557,1.50,3.57
2013.07.05 18:22:45.822,1.64514,1.64542,2.25,1.69
2013.07.05 18:22:45.882,1.64507,1.64542,1.50,1.69
2013.07.05 18:22:46.063,1.64501,1.64542,1.13,1.69
2013.07.05 18:22:46.242,1.64503,1.64542,1.50,1.69
2013.07.05 18:22:46.782,1.64503,1.64542,1.50,1.69
2013.07.05 18:22:47.055,1.64498,1.64542,2.07,1.69
2013.07.05 18:22:48.632,1.64502,1.64542,2.25,1.69
2013.07.05 18:22:48.692,1.64502,1.64544,2.44,1.69
2013.07.05 18:22:49.252,1.64506,1.64546,1.50,1.69
2013.07.05 18:22:49.732,1.64498,1.64538,1.69,2.44
2013.07.05 18:22:50.694,1.64498,1.64537,1.69,1.50
2013.07.05 18:22:51.368,1.64498,1.6454,1.69,1.32
2013.07.05 18:22:51.925,1.64502,1.64544,2.07,1.69
2013.07.05 18:22:52.693,1.64501,1.64539,2.44,1.69
2013.07.05 18:22:52.754,1.64501,1.64533,2.44,1.50
2013.07.05 18:22:52.813,1.64501,1.64533,2.25,1.69
2013.07.05 18:22:52.993,1.64488,1.64535,2.22,3.94
2013.07.05 18:22:53.423,1.64505,1.64538,1.50,1.32
2013.07.05 18:22:53.602,1.645,1.64539,1.50,2.07
2013.07.05 18:22:53.723,1.64497,1.64539,1.13,1.69
2013.07.05 18:22:54.273,1.64503,1.64539,1.88,2.07
2013.07.05 18:22:54.392,1.64505,1.6454,1.50,1.32
2013.07.05 18:22:54.943,1.64506,1.64543,1.50,1.69
2013.07.05 18:22:56.033,1.64508,1.64543,1.50,1.32
2013.07.05 18:22:57.153,1.64507,1.64541,1.50,1.32
2013.07.05 18:22:58.105,1.6451,1.6454,1.50,1.32
2013.07.05 18:23:00.733,1.64505,1.64543,1.50,2.07
2013.07.05 18:23:00.932,1.64503,1.64543,1.69,1.69
2013.07.05 18:23:01.312,1.64506,1.64543,1.50,1.69
2013.07.05 18:23:02.304,1.64506,1.64543,1.50,1.69
2013.07.05 18:23:02.642,1.64501,1.64543,1.69,1.69
2013.07.05 18:23:03.822,1.64502,1.64544,1.69,1.69
2013.07.05 18:23:05.004,1.64504,1.64543,1.50,1.32
2013.07.05 18:23:05.363,1.64508,1.64543,1.50,1.32
2013.07.05 18:23:05.488,1.64499,1.64544,1.69,3.19
2013.07.05 18:23:05.792,1.64505,1.64544,1.50,2.44
2013.07.05 18:23:06.553,1.64505,1.6454,1.50,1.69
2013.07.05 18:23:06.613,1.64494,1.6454,1.69,1.69
2013.07.05 18:23:06.933,1.64501,1.6454,1.50,1.69
2013.07.05 18:23:07.293,1.6451,1.6454,1.50,2.07
2013.07.05 18:23:09.536,1.64507,1.6454,1.50,1.32
2013.07.05 18:23:09.753,1.6451,1.64541,1.50,1.32
2013.07.05 18:23:10.203,1.64505,1.64541,1.50,1.32
2013.07.05 18:23:10.424,1.6451,1.64541,1.50,1.32
2013.07.05 18:23:11.003,1.64509,1.64541,1.50,1.32
2013.07.05 18:23:11.353,1.64504,1.64543,1.50,1.32
2013.07.05 18:23:11.714,1.64509,1.64535,1.50,1.13
2013.07.05 18:23:13.344,1.64498,1.64536,2.07,1.13
2013.07.05 18:23:15.213,1.64505,1.64536,1.50,1.13
2013.07.05 18:23:15.452,1.64503,1.64535,1.88,1.13
2013.07.05 18:23:15.664,1.64507,1.64535,1.50,1.13
2013.07.05 18:23:17.793,1.64506,1.64535,1.50,1.13
2013.07.05 18:23:20.913,1.64503,1.64536,2.07,1.13
2013.07.05 18:23:21.853,1.64507,1.64535,1.50,1.13
2013.07.05 18:23:22.576,1.64505,1.64535,1.50,1.13
2013.07.05 18:23:23.587,1.645,1.64534,1.32,1.13
2013.07.05 18:23:23.656,1.64513,1.64534,1.50,1.13
2013.07.05 18:23:25.473,1.64512,1.64541,1.50,1.32
2013.07.05 18:23:26.234,1.64508,1.64541,1.50,1.32
2013.07.05 18:23:30.174,1.64508,1.64543,1.50,1.32
2013.07.05 18:23:30.235,1.64512,1.64539,1.50,1.32
2013.07.05 18:23:30.753,1.64513,1.64539,1.50,1.32
2013.07.05 18:23:33.612,1.64515,1.64539,1.50,1.32
2013.07.05 18:23:34.172,1.64515,1.64539,1.50,1.32
2013.07.05 18:23:34.413,1.64511,1.64539,1.50,1.32
2013.07.05 18:23:35.353,1.64508,1.6454,1.50,1.32
2013.07.05 18:23:35.473,1.6451,1.6454,1.50,1.32
2013.07.05 18:23:37.666,1.6451,1.64539,1.50,1.13
2013.07.05 18:23:37.876,1.6451,1.64539,1.50,1.13
2013.07.05 18:23:38.238,1.64508,1.64539,1.50,1.13
2013.07.05 18:23:38.943,1.64506,1.6454,1.50,1.32
2013.07.05 18:23:39.634,1.64505,1.6454,1.69,1.32
2013.07.05 18:23:43.274,1.64505,1.64539,2.07,1.32
2013.07.05 18:23:43.392,1.64508,1.64539,1.50,1.32
2013.07.05 18:23:48.022,1.64511,1.64539,1.50,1.32
2013.07.05 18:23:48.442,1.64508,1.6454,1.50,1.32
2013.07.05 18:23:56.883,1.64508,1.64539,1.69,1.13
2013.07.05 18:23:57.434,1.6451,1.64539,1.50,1.13
2013.07.05 18:23:58.024,1.64511,1.64539,1.50,1.13
2013.07.05 18:23:58.713,1.64509,1.6454,1.50,1.32
2013.07.05 18:23:59.063,1.64505,1.6454,1.69,1.69
2013.07.05 18:23:59.423,1.64499,1.64539,1.32,1.69
2013.07.05 18:23:59.782,1.64491,1.6454,2.82,3.57
2013.07.05 18:23:59.842,1.64491,1.64534,2.07,1.69
2013.07.05 18:23:59.903,1.6449,1.64534,1.32,1.69
2013.07.05 18:24:00.263,1.64491,1.64528,1.50,1.69
2013.07.05 18:24:00.764,1.64483,1.64527,1.32,2.44
2013.07.05 18:24:00.865,1.64489,1.64528,1.50,1.69
2013.07.05 18:24:01.773,1.64483,1.64527,1.32,1.32
2013.07.05 18:24:02.293,1.64483,1.64524,1.32,1.32
2013.07.05 18:24:03.996,1.64483,1.64523,1.32,2.07
2013.07.05 18:24:04.313,1.64483,1.64521,1.32,1.32
2013.07.05 18:24:04.864,1.64483,1.64524,1.32,2.44
2013.07.05 18:24:06.224,1.64484,1.64523,1.69,1.32
2013.07.05 18:24:06.585,1.64477,1.64515,1.50,2.44
2013.07.05 18:24:06.645,1.64475,1.64515,1.69,2.44
2013.07.05 18:24:06.704,1.64475,1.64516,1.69,1.69
2013.07.05 18:24:06.883,1.64479,1.64516,1.50,3.19
2013.07.05 18:24:07.449,1.64479,1.64516,1.50,3.19
2013.07.05 18:24:07.518,1.64475,1.64515,1.69,1.69
2013.07.05 18:24:07.913,1.64466,1.64513,1.32,2.82
2013.07.05 18:24:08.482,1.64467,1.64512,1.69,2.07
2013.07.05 18:24:09.003,1.64469,1.64508,1.32,1.32
2013.07.05 18:24:12.003,1.64476,1.64508,1.50,1.32
2013.07.05 18:24:13.023,1.64475,1.64507,1.50,1.32
2013.07.05 18:24:15.234,1.64474,1.64507,1.50,1.32
2013.07.05 18:24:15.953,1.64475,1.64507,1.50,1.32
2013.07.05 18:24:16.304,1.64475,1.64507,1.50,1.32
2013.07.05 18:24:16.444,1.64473,1.64508,1.88,1.32
2013.07.05 18:24:16.683,1.64476,1.64511,1.50,2.82
2013.07.05 18:24:20.004,1.64472,1.64511,1.13,1.32
2013.07.05 18:24:22.463,1.64476,1.64508,1.50,1.13
2013.07.05 18:24:23.252,1.64479,1.64507,1.50,1.13
2013.07.05 18:24:24.623,1.64477,1.64507,1.50,1.13
2013.07.05 18:24:26.205,1.64477,1.6451,1.50,1.32
2013.07.05 18:24:26.459,1.64475,1.6451,1.88,1.32
2013.07.05 18:24:26.669,1.64474,1.64498,1.50,1.13
2013.07.05 18:24:26.974,1.64474,1.64504,2.25,1.13
2013.07.05 18:24:27.034,1.64476,1.6451,1.13,1.69
2013.07.05 18:24:27.154,1.64476,1.64513,1.13,1.69
2013.07.05 18:24:27.632,1.64483,1.64514,1.88,1.13
2013.07.05 18:24:28.389,1.64476,1.64514,1.32,1.13
2013.07.05 18:24:31.947,1.64477,1.64514,1.32,1.13
2013.07.05 18:24:32.263,1.64482,1.64521,1.32,1.32
2013.07.05 18:24:32.773,1.64492,1.64527,1.13,3.19
2013.07.05 18:24:32.953,1.64483,1.64524,1.32,1.69
2013.07.05 18:24:34.184,1.64492,1.64531,1.32,2.44
2013.07.05 18:24:34.303,1.64494,1.64531,1.69,1.50
2013.07.05 18:24:34.423,1.64503,1.64535,1.50,1.84
2013.07.05 18:24:34.744,1.64498,1.64535,1.69,1.47
2013.07.05 18:24:35.272,1.645,1.64537,1.50,1.32
2013.07.05 18:24:35.393,1.64499,1.64539,1.50,2.07
2013.07.05 18:24:35.753,1.64501,1.64539,1.50,2.07
2013.07.05 18:24:36.383,1.64501,1.64539,1.69,1.32
2013.07.05 18:24:36.943,1.64503,1.6454,1.88,2.07
2013.07.05 18:24:37.123,1.64506,1.64542,1.50,1.69
2013.07.05 18:24:37.183,1.64506,1.64548,1.69,1.69
2013.07.05 18:24:37.823,1.64509,1.64547,1.69,1.69
2013.07.05 18:24:37.883,1.6451,1.64547,3.00,1.69
2013.07.05 18:24:38.062,1.64511,1.64549,2.25,1.69
2013.07.05 18:24:38.623,1.64511,1.64549,2.25,1.69
2013.07.05 18:24:39.182,1.64512,1.64549,1.50,1.69
2013.07.05 18:24:39.613,1.64512,1.64554,1.50,2.44
2013.07.05 18:24:39.673,1.64507,1.64549,1.32,1.69
2013.07.05 18:24:39.854,1.64507,1.64546,1.50,1.69
2013.07.05 18:24:40.213,1.64509,1.64544,1.50,1.32
2013.07.05 18:24:41.813,1.64504,1.64546,1.69,2.82
2013.07.05 18:24:41.934,1.64504,1.64545,1.50,1.69
2013.07.05 18:24:42.543,1.645,1.64536,1.32,1.50
2013.07.05 18:24:43.022,1.645,1.64539,1.32,2.44
2013.07.05 18:24:43.819,1.645,1.64539,1.13,2.44
2013.07.05 18:24:44.123,1.645,1.64536,1.13,1.32
2013.07.05 18:24:44.612,1.645,1.64536,1.13,2.07
2013.07.05 18:24:45.444,1.645,1.64535,1.13,1.32
2013.07.05 18:24:45.823,1.645,1.64535,1.13,1.32
2013.07.05 18:24:47.965,1.64492,1.6453,2.82,1.32
2013.07.05 18:24:48.035,1.64492,1.6453,2.82,1.32
2013.07.05 18:24:48.293,1.64493,1.64528,2.82,2.07
2013.07.05 18:24:50.039,1.64493,1.64528,2.82,1.88
2013.07.05 18:24:51.155,1.64493,1.64528,1.32,2.07
2013.07.05 18:24:51.963,1.64496,1.64528,1.50,2.07
2013.07.05 18:24:52.354,1.64498,1.64528,1.50,2.07
2013.07.05 18:24:52.713,1.64497,1.64524,1.50,1.13
2013.07.05 18:24:55.485,1.64493,1.64525,2.63,1.32
2013.07.05 18:24:55.764,1.64493,1.64528,2.82,2.07
2013.07.05 18:24:58.587,1.64493,1.64525,2.82,1.13
2013.07.05 18:24:58.713,1.64492,1.64526,2.25,1.32
2013.07.05 18:24:58.833,1.64492,1.64526,1.50,1.32
2013.07.05 18:24:59.013,1.64478,1.6452,1.50,1.69
2013.07.05 18:24:59.133,1.64483,1.6452,1.50,1.69
2013.07.05 18:24:59.493,1.64485,1.64524,1.50,1.69
2013.07.05 18:24:59.553,1.64483,1.64524,1.50,1.69
2013.07.05 18:24:59.913,1.64483,1.64524,2.44,1.32
2013.07.05 18:24:59.972,1.64487,1.64524,1.13,1.32
2013.07.05 18:25:03.194,1.64484,1.64523,2.82,1.32
2013.07.05 18:25:04.303,1.64486,1.64523,1.69,1.32
2013.07.05 18:25:05.003,1.64481,1.64523,1.32,1.32
2013.07.05 18:25:07.822,1.64486,1.64523,1.50,1.32
2013.07.05 18:25:08.733,1.64485,1.64523,1.88,1.32
2013.07.05 18:25:11.052,1.64481,1.64523,1.32,1.32
2013.07.05 18:25:11.172,1.64481,1.64522,1.13,1.32
2013.07.05 18:25:11.852,1.64487,1.64522,1.50,1.32
2013.07.05 18:25:12.193,1.64481,1.64522,1.13,1.32
2013.07.05 18:25:12.931,1.64481,1.64522,1.32,1.32
2013.07.05 18:25:14.883,1.64485,1.64523,1.69,1.32
2013.07.05 18:25:15.193,1.64481,1.64519,1.32,1.32
2013.07.05 18:25:15.553,1.64471,1.64515,1.32,2.44
2013.07.05 18:25:15.803,1.64478,1.64515,1.50,2.44
2013.07.05 18:25:16.312,1.64479,1.64517,1.50,1.32
2013.07.05 18:25:17.264,1.64478,1.64514,1.50,2.07
2013.07.05 18:25:22.084,1.64478,1.64514,1.69,2.07
2013.07.05 18:25:23.369,1.64481,1.64514,1.50,1.32
2013.07.05 18:25:26.613,1.64479,1.64514,1.69,1.32
2013.07.05 18:25:26.734,1.64479,1.6452,2.44,1.32
2013.07.05 18:25:26.854,1.64483,1.6452,1.32,1.32
2013.07.05 18:25:27.434,1.64486,1.64527,1.13,2.07
2013.07.05 18:25:28.015,1.64486,1.64528,1.32,1.32
2013.07.05 18:25:28.753,1.64486,1.64527,1.32,1.32
2013.07.05 18:25:29.523,1.64486,1.64524,1.32,1.32
2013.07.05 18:25:30.463,1.64486,1.64529,1.32,1.69
2013.07.05 18:25:30.814,1.64486,1.64524,1.32,1.32
2013.07.05 18:25:43.621,1.64483,1.64523,2.07,1.32
2013.07.05 18:25:44.743,1.64483,1.64523,2.07,1.32
2013.07.05 18:25:45.913,1.64486,1.64529,1.32,2.44
2013.07.05 18:25:46.274,1.64494,1.6453,1.88,2.07
2013.07.05 18:25:47.063,1.64486,1.64528,2.07,1.32
2013.07.05 18:25:48.273,1.64486,1.64528,2.07,1.32
2013.07.05 18:25:53.403,1.64486,1.64528,2.07,1.32
2013.07.05 18:25:55.265,1.64493,1.64528,1.88,1.32
2013.07.05 18:25:56.575,1.64494,1.64528,1.50,1.32
2013.07.05 18:25:57.194,1.64493,1.64528,1.69,1.32
2013.07.05 18:25:59.553,1.64492,1.64528,1.88,1.32
2013.07.05 18:26:00.783,1.64492,1.64528,1.88,1.32
2013.07.05 18:26:01.336,1.64493,1.64528,1.88,1.32
2013.07.05 18:26:01.824,1.64497,1.64528,1.50,1.32
2013.07.05 18:26:04.674,1.64496,1.64529,1.50,2.07
2013.07.05 18:26:05.523,1.64496,1.64529,1.50,1.32
2013.07.05 18:26:06.433,1.64496,1.64529,1.50,1.32
2013.07.05 18:26:07.393,1.64497,1.64529,1.50,1.32
2013.07.05 18:26:07.656,1.6449,1.64528,1.13,1.32
2013.07.05 18:26:07.943,1.64496,1.64533,1.50,1.69
2013.07.05 18:26:08.123,1.64496,1.64538,2.44,1.32
2013.07.05 18:26:08.244,1.64501,1.64544,1.32,1.69
2013.07.05 18:26:08.545,1.64503,1.64548,2.07,2.07
2013.07.05 18:26:11.333,1.64501,1.64544,2.07,1.32
2013.07.05 18:26:14.784,1.64509,1.64544,1.88,1.32
2013.07.05 18:26:15.454,1.64509,1.64544,1.88,1.32
2013.07.05 18:26:16.473,1.64504,1.64541,1.13,1.69
2013.07.05 18:26:23.333,1.64503,1.6454,1.32,1.69
2013.07.05 18:26:23.393,1.64503,1.6454,1.32,1.69
2013.07.05 18:26:23.724,1.64504,1.64541,1.13,2.07
2013.07.05 18:26:24.732,1.64504,1.64543,1.13,1.32
2013.07.05 18:26:26.264,1.64504,1.64544,1.32,1.32
2013.07.05 18:26:26.955,1.64504,1.64541,1.32,1.69
2013.07.05 18:26:27.586,1.64504,1.64539,1.32,1.50
2013.07.05 18:26:27.823,1.64501,1.64541,1.32,2.03
2013.07.05 18:26:28.124,1.64496,1.64533,1.13,1.69
2013.07.05 18:26:28.244,1.6449,1.64533,1.32,1.32
2013.07.05 18:26:30.013,1.64485,1.64531,2.07,1.32
2013.07.05 18:26:30.383,1.64486,1.64531,1.32,1.32
2013.07.05 18:26:30.823,1.64493,1.6453,2.07,1.13
2013.07.05 18:26:31.003,1.64491,1.64538,1.32,2.44
2013.07.05 18:26:31.584,1.64491,1.64538,1.32,2.44
2013.07.05 18:26:31.643,1.64493,1.64534,1.32,1.69
2013.07.05 18:26:31.943,1.64488,1.64532,1.32,2.82
2013.07.05 18:26:32.074,1.64488,1.64532,1.32,2.82
2013.07.05 18:26:32.593,1.64488,1.64532,1.32,1.32
2013.07.05 18:26:34.273,1.6449,1.64527,1.69,1.32
2013.07.05 18:26:36.143,1.6449,1.64529,1.69,1.32
2013.07.05 18:26:39.196,1.6449,1.64529,1.50,1.32
2013.07.05 18:26:45.013,1.6449,1.6453,1.32,1.69
2013.07.05 18:26:45.803,1.64491,1.6453,1.69,2.44
2013.07.05 18:26:46.403,1.64493,1.6453,1.50,2.44
2013.07.05 18:26:46.553,1.64494,1.6453,1.13,2.44
2013.07.05 18:26:47.302,1.64492,1.64528,1.13,2.07
2013.07.05 18:26:47.562,1.64492,1.64528,1.32,2.07
2013.07.05 18:26:48.092,1.64492,1.6453,1.32,1.32
2013.07.05 18:26:50.273,1.64491,1.6453,1.32,1.32
2013.07.05 18:26:50.802,1.6449,1.64529,1.50,1.32
2013.07.05 18:26:52.913,1.6449,1.64529,1.50,1.32
2013.07.05 18:26:52.972,1.6449,1.64529,1.32,2.07
2013.07.05 18:26:56.034,1.64488,1.64526,2.25,1.32
2013.07.05 18:26:56.863,1.64494,1.64533,1.69,2.07
2013.07.05 18:26:57.493,1.64494,1.64533,2.25,1.69
2013.07.05 18:26:58.093,1.64492,1.64533,1.13,2.82
2013.07.05 18:26:59.195,1.64492,1.6453,1.13,1.32
2013.07.05 18:26:59.434,1.64492,1.6453,1.32,1.32
2013.07.05 18:27:02.663,1.64492,1.64528,1.32,1.32
2013.07.05 18:27:02.783,1.64491,1.64524,1.69,1.69
2013.07.05 18:27:03.023,1.64484,1.64525,1.69,2.07
2013.07.05 18:27:03.203,1.6449,1.64527,1.69,1.32
2013.07.05 18:27:03.263,1.64488,1.64531,1.69,2.44
2013.07.05 18:27:03.700,1.64492,1.6453,1.13,1.69
2013.07.05 18:27:04.608,1.64492,1.6453,1.13,1.32
2013.07.05 18:27:05.957,1.64496,1.6453,1.88,1.32
2013.07.05 18:27:07.134,1.64494,1.64531,1.88,2.07
2013.07.05 18:27:08.393,1.64496,1.6453,1.88,1.32
2013.07.05 18:27:08.914,1.64496,1.6453,1.88,1.32
2013.07.05 18:27:09.455,1.64497,1.6453,1.50,1.32
2013.07.05 18:27:16.223,1.64501,1.6453,1.50,1.32
2013.07.05 18:27:16.403,1.64492,1.64531,1.13,1.32
2013.07.05 18:27:19.503,1.64495,1.64531,1.50,1.32
2013.07.05 18:27:19.703,1.64494,1.64534,1.13,1.32
2013.07.05 18:27:22.793,1.64503,1.64531,1.69,1.32
2013.07.05 18:27:24.553,1.64504,1.64531,1.88,1.32
2013.07.05 18:27:24.904,1.64503,1.64536,1.88,1.32
2013.07.05 18:27:25.454,1.64504,1.64539,1.88,2.07
2013.07.05 18:27:28.753,1.64503,1.64534,1.88,1.32
2013.07.05 18:27:31.593,1.64496,1.64534,1.32,1.32
2013.07.05 18:27:33.162,1.64496,1.64534,1.32,1.32
2013.07.05 18:27:37.213,1.64505,1.64534,1.50,1.32
2013.07.05 18:27:37.590,1.64503,1.64534,1.50,1.32
2013.07.05 18:27:38.240,1.64504,1.64534,1.69,1.32
2013.07.05 18:27:43.715,1.64503,1.64535,1.88,1.69
2013.07.05 18:27:43.773,1.64503,1.64543,1.88,2.44
2013.07.05 18:27:43.834,1.64506,1.64544,2.25,2.44
2013.07.05 18:27:44.014,1.64506,1.64544,2.25,1.69
2013.07.05 18:27:44.074,1.64516,1.64544,1.50,1.69
2013.07.05 18:27:44.194,1.64516,1.64549,1.50,1.69
2013.07.05 18:27:44.554,1.64523,1.64551,1.50,1.69
2013.07.05 18:27:45.054,1.64523,1.64551,1.50,1.69
2013.07.05 18:27:45.413,1.64521,1.64556,1.50,1.69
2013.07.05 18:27:46.083,1.6452,1.64557,1.50,2.44
2013.07.05 18:27:47.323,1.64515,1.64557,1.69,2.44
2013.07.05 18:27:47.974,1.64513,1.64553,1.32,1.32
2013.07.05 18:27:49.623,1.64518,1.64551,1.88,1.69
2013.07.05 18:27:50.684,1.64519,1.64553,1.50,2.82
2013.07.05 18:27:51.304,1.64513,1.6455,1.32,1.13
2013.07.05 18:27:51.913,1.64513,1.6455,1.32,1.32
2013.07.05 18:27:52.664,1.64518,1.64551,1.50,1.32
2013.07.05 18:27:56.248,1.64519,1.64541,1.50,1.69
2013.07.05 18:27:56.494,1.64499,1.64538,2.25,1.69
2013.07.05 18:27:56.673,1.64499,1.64538,1.50,1.69
2013.07.05 18:27:57.603,1.64498,1.64538,1.50,1.69
2013.07.05 18:27:58.305,1.645,1.64537,1.50,1.32
2013.07.05 18:27:59.124,1.64501,1.64534,1.50,1.69
2013.07.05 18:28:00.655,1.645,1.64533,1.50,1.32
2013.07.05 18:28:01.301,1.64501,1.64533,1.50,1.32
2013.07.05 18:28:01.603,1.64503,1.64532,1.88,1.13
2013.07.05 18:28:01.974,1.64513,1.64541,1.88,3.19
2013.07.05 18:28:02.034,1.64513,1.64541,1.88,1.69
2013.07.05 18:28:02.273,1.64515,1.64543,1.50,1.13
2013.07.05 18:28:02.514,1.64517,1.64551,1.50,1.69
2013.07.05 18:28:02.753,1.64519,1.64551,1.50,1.69
2013.07.05 18:28:03.254,1.6452,1.64551,1.50,2.07
2013.07.05 18:28:03.573,1.64515,1.6455,1.69,1.50
2013.07.05 18:28:03.693,1.64516,1.64549,1.69,1.13
2013.07.05 18:28:04.223,1.64515,1.64549,1.69,1.32
2013.07.05 18:28:04.552,1.64514,1.64545,1.69,1.13
2013.07.05 18:28:05.083,1.64514,1.64545,1.50,1.13
2013.07.05 18:28:05.604,1.64514,1.64545,1.88,1.13
2013.07.05 18:28:06.178,1.64509,1.64545,1.32,1.13
2013.07.05 18:28:08.494,1.64514,1.64545,1.88,1.13
2013.07.05 18:28:09.246,1.64509,1.64545,1.32,1.13
2013.07.05 18:28:10.033,1.64509,1.64549,1.32,2.44
2013.07.05 18:28:10.153,1.64514,1.64549,1.13,1.69
2013.07.05 18:28:10.273,1.64514,1.6456,1.32,2.07
2013.07.05 18:28:10.393,1.64513,1.64558,1.32,1.69
2013.07.05 18:28:12.173,1.64515,1.64553,1.32,2.07
2013.07.05 18:28:12.837,1.64513,1.64555,3.94,1.32
2013.07.05 18:28:15.462,1.64515,1.64553,2.44,1.32
2013.07.05 18:28:16.682,1.64515,1.64553,2.44,1.32
2013.07.05 18:28:16.904,1.64515,1.64553,1.32,1.32
2013.07.05 18:28:20.254,1.64516,1.64553,2.82,1.32
2013.07.05 18:28:21.264,1.64515,1.64553,2.44,1.13
2013.07.05 18:28:22.124,1.6452,1.64553,1.13,1.13
2013.07.05 18:28:24.034,1.64522,1.64562,1.13,1.69
2013.07.05 18:28:24.483,1.64522,1.64566,1.13,2.44
2013.07.05 18:28:24.787,1.64522,1.64566,1.13,2.44
2013.07.05 18:28:25.265,1.64522,1.64566,1.13,2.44
2013.07.05 18:28:25.505,1.64519,1.64562,1.13,1.69
2013.07.05 18:28:25.809,1.64522,1.64566,1.13,2.82
2013.07.05 18:28:26.373,1.64522,1.64562,1.13,1.69
2013.07.05 18:28:26.433,1.64522,1.64562,1.13,2.07
2013.07.05 18:28:27.003,1.64522,1.64562,1.50,2.07
2013.07.05 18:28:27.538,1.64522,1.64561,1.13,2.07
2013.07.05 18:28:28.614,1.64522,1.64555,1.13,1.32
2013.07.05 18:28:31.966,1.64522,1.64555,1.13,1.32
2013.07.05 18:28:32.275,1.64523,1.64553,1.13,1.13
2013.07.05 18:28:32.394,1.64521,1.64553,1.13,1.13
2013.07.05 18:28:32.573,1.64516,1.64553,2.44,1.13
2013.07.05 18:28:35.934,1.64518,1.64552,1.13,1.13
2013.07.05 18:28:36.530,1.64512,1.6455,1.13,1.32
2013.07.05 18:28:37.013,1.64508,1.64546,1.32,1.50
2013.07.05 18:28:37.897,1.64509,1.64546,1.69,1.69
2013.07.05 18:28:39.123,1.64507,1.64546,1.13,2.44
2013.07.05 18:28:39.483,1.64507,1.64534,1.13,1.50
2013.07.05 18:28:39.723,1.64496,1.64533,1.32,1.50
2013.07.05 18:28:39.963,1.64493,1.64534,1.32,1.69
2013.07.05 18:28:42.428,1.64492,1.64533,1.32,1.50
2013.07.05 18:28:42.813,1.64493,1.6453,1.32,1.13
2013.07.05 18:28:43.287,1.64492,1.64529,1.69,1.13
2013.07.05 18:28:46.724,1.64492,1.64529,1.69,1.13
2013.07.05 18:28:49.231,1.64492,1.64529,3.94,1.13
2013.07.05 18:28:49.574,1.64492,1.64527,2.82,1.50
2013.07.05 18:28:49.875,1.64472,1.64508,2.07,1.50
2013.07.05 18:28:49.995,1.64457,1.64497,1.69,2.44
2013.07.05 18:28:50.055,1.64452,1.64494,1.32,1.69
2013.07.05 18:28:50.603,1.64451,1.64494,1.32,1.69
2013.07.05 18:28:51.423,1.64451,1.64493,1.32,1.69
2013.07.05 18:28:53.573,1.64451,1.64492,1.32,1.69
2013.07.05 18:28:53.814,1.64451,1.64492,1.32,1.69
2013.07.05 18:28:54.364,1.64451,1.64493,2.07,1.32
2013.07.05 18:28:56.936,1.64454,1.64493,1.32,1.32
2013.07.05 18:28:57.113,1.64457,1.64497,1.13,2.07
2013.07.05 18:28:57.174,1.64457,1.64497,1.32,2.07
2013.07.05 18:28:57.374,1.64457,1.64495,1.32,1.32
2013.07.05 18:28:58.483,1.64459,1.64501,1.32,1.32
2013.07.05 18:28:59.023,1.64459,1.64502,1.32,1.69
2013.07.05 18:28:59.583,1.64463,1.64501,1.88,1.32
2013.07.05 18:29:00.226,1.64464,1.64496,1.88,1.32
2013.07.05 18:29:00.765,1.64459,1.64496,2.44,1.32
2013.07.05 18:29:02.080,1.64463,1.64499,1.50,1.32
2013.07.05 18:29:02.204,1.64463,1.64499,1.69,1.13
2013.07.05 18:29:02.264,1.64466,1.645,1.32,1.32
2013.07.05 18:29:02.324,1.64466,1.64504,1.32,1.69
2013.07.05 18:29:02.444,1.64469,1.64506,1.32,2.25
2013.07.05 18:29:04.122,1.64469,1.64506,2.07,2.25
2013.07.05 18:29:04.190,1.64468,1.64504,2.82,2.63
2013.07.05 18:29:04.439,1.64466,1.64502,3.57,1.50
2013.07.05 18:29:04.744,1.64466,1.64502,2.82,2.25
2013.07.05 18:29:05.043,1.64465,1.64503,2.07,4.69
2013.07.05 18:29:05.684,1.64467,1.64503,1.32,2.82
2013.07.05 18:29:06.223,1.64467,1.64502,1.32,1.88
2013.07.05 18:29:09.566,1.64465,1.64501,2.07,1.13
2013.07.05 18:29:09.954,1.64466,1.645,1.69,1.50
2013.07.05 18:29:10.074,1.64462,1.645,1.32,1.69
2013.07.05 18:29:10.193,1.64459,1.64499,1.32,1.69
2013.07.05 18:29:10.494,1.64455,1.64499,2.44,1.69
2013.07.05 18:29:10.555,1.64455,1.6449,1.69,1.50
2013.07.05 18:29:10.615,1.64455,1.6449,1.69,2.25
2013.07.05 18:29:10.914,1.64453,1.64491,2.07,3.00
2013.07.05 18:29:12.714,1.64453,1.64492,2.82,1.32
2013.07.05 18:29:13.983,1.64455,1.64495,3.57,1.69
2013.07.05 18:29:17.103,1.64457,1.64495,1.32,1.13
2013.07.05 18:29:18.114,1.64459,1.64495,2.07,1.13
2013.07.05 18:29:18.234,1.64468,1.64505,3.00,1.69
2013.07.05 18:29:18.293,1.64469,1.64509,1.13,3.19
2013.07.05 18:29:19.203,1.64466,1.64511,3.57,1.32
2013.07.05 18:29:19.848,1.64466,1.64511,2.07,1.32
2013.07.05 18:29:20.373,1.64468,1.64509,1.69,2.07
2013.07.05 18:29:22.473,1.64468,1.64509,2.44,1.88
2013.07.05 18:29:25.333,1.64468,1.64509,1.69,2.07
2013.07.05 18:29:25.513,1.64468,1.64507,1.69,1.13
2013.07.05 18:29:31.214,1.64473,1.64513,1.32,1.69
2013.07.05 18:29:31.274,1.64479,1.64516,1.50,1.32
2013.07.05 18:29:31.394,1.64482,1.64521,1.13,1.69
2013.07.05 18:29:31.633,1.64483,1.64523,2.44,2.07
2013.07.05 18:29:32.233,1.64485,1.6453,3.19,1.69
2013.07.05 18:29:33.643,1.64485,1.64528,1.69,1.32
2013.07.05 18:29:34.143,1.64489,1.64527,1.69,1.13
2013.07.05 18:29:34.203,1.64488,1.64532,1.32,2.44
2013.07.05 18:29:34.323,1.6449,1.64533,1.32,1.69
2013.07.05 18:29:34.443,1.64502,1.64537,1.32,1.13
2013.07.05 18:29:34.563,1.64503,1.64542,1.32,1.69
2013.07.05 18:29:35.794,1.64502,1.64545,2.82,1.32
2013.07.05 18:29:37.320,1.64502,1.64542,2.82,1.32
2013.07.05 18:29:37.634,1.64502,1.64542,3.19,1.32
2013.07.05 18:29:39.464,1.64502,1.64547,1.69,1.32
2013.07.05 18:29:41.464,1.64505,1.64543,1.32,1.32
2013.07.05 18:29:45.514,1.64506,1.64544,1.32,1.32
2013.07.05 18:29:47.723,1.64506,1.64545,1.32,1.32
2013.07.05 18:29:48.348,1.64506,1.64546,1.32,1.32
2013.07.05 18:29:48.664,1.64506,1.64548,1.32,1.32
2013.07.05 18:29:52.783,1.6451,1.64549,1.32,1.32
2013.07.05 18:29:52.963,1.64506,1.64549,1.32,1.32
2013.07.05 18:29:53.664,1.64503,1.64543,1.32,2.03
2013.07.05 18:29:53.727,1.64501,1.64534,1.32,1.50
2013.07.05 18:29:53.948,1.64501,1.64539,1.32,2.44
2013.07.05 18:29:54.637,1.64501,1.64532,1.32,1.50
2013.07.05 18:29:54.815,1.64501,1.64532,1.13,1.50
2013.07.05 18:29:54.944,1.64492,1.64519,2.07,1.50
2013.07.05 18:29:55.065,1.64488,1.64519,1.32,1.50
2013.07.05 18:29:55.184,1.64489,1.64516,1.32,1.50
2013.07.05 18:29:55.653,1.64489,1.64519,1.32,1.50
2013.07.05 18:29:55.744,1.64489,1.64524,1.32,1.50
2013.07.05 18:29:56.295,1.64489,1.64523,1.32,1.50
2013.07.05 18:29:56.473,1.64489,1.64525,1.32,1.50
2013.07.05 18:29:57.013,1.64489,1.64524,1.32,1.88
2013.07.05 18:29:57.618,1.64489,1.64524,1.32,2.63
2013.07.05 18:29:57.803,1.64489,1.64523,1.32,1.13
2013.07.05 18:29:58.214,1.64489,1.64523,1.32,1.13
2013.07.05 18:29:58.814,1.64489,1.64526,1.32,1.13
2013.07.05 18:29:59.153,1.64489,1.64524,1.32,1.13
2013.07.05 18:30:01.943,1.64489,1.64524,1.32,1.13
2013.07.05 18:30:04.102,1.64489,1.64524,1.13,1.32
2013.07.05 18:30:04.463,1.64487,1.64516,1.50,1.88
2013.07.05 18:30:04.523,1.6448,1.64516,1.69,1.88
2013.07.05 18:30:04.644,1.64482,1.6452,1.13,3.57
2013.07.05 18:30:05.003,1.64472,1.64519,2.82,3.19
2013.07.05 18:30:05.483,1.64481,1.64519,1.50,1.32
2013.07.05 18:30:05.734,1.64481,1.6452,1.69,1.32
2013.07.05 18:30:09.953,1.64482,1.6452,3.19,1.32
2013.07.05 18:30:12.283,1.64483,1.64528,1.69,1.32
2013.07.05 18:30:12.344,1.64483,1.64528,1.69,1.32
2013.07.05 18:30:12.464,1.64486,1.64528,1.32,1.32
2013.07.05 18:30:12.704,1.64487,1.64532,1.32,1.32
2013.07.05 18:30:13.483,1.64487,1.64529,1.32,2.07
2013.07.05 18:30:14.243,1.64487,1.64526,1.32,1.13
2013.07.05 18:30:16.983,1.64487,1.64526,1.32,1.13
2013.07.05 18:30:18.085,1.64487,1.64527,1.32,1.32
2013.07.05 18:30:18.708,1.64487,1.64525,1.32,1.13
2013.07.05 18:30:19.266,1.64487,1.64525,1.32,1.13
2013.07.05 18:30:19.454,1.64487,1.64526,1.32,1.32
2013.07.05 18:30:19.513,1.64487,1.64526,1.32,1.32
2013.07.05 18:30:19.754,1.6448,1.64522,1.32,1.69
2013.07.05 18:30:21.263,1.6448,1.6452,1.32,1.32
2013.07.05 18:30:22.043,1.6448,1.64517,1.32,1.13
2013.07.05 18:30:22.784,1.6448,1.64516,1.32,1.13
2013.07.05 18:30:24.085,1.6448,1.64516,1.32,1.13
2013.07.05 18:30:25.824,1.64482,1.64516,1.32,1.13
2013.07.05 18:30:26.006,1.64482,1.64524,1.32,2.82
2013.07.05 18:30:26.554,1.64486,1.64524,1.32,1.69
2013.07.05 18:30:26.935,1.64486,1.64519,1.32,1.13
2013.07.05 18:30:27.373,1.64486,1.64525,1.32,1.32
2013.07.05 18:30:28.222,1.64486,1.64522,1.32,1.32
2013.07.05 18:30:31.653,1.64485,1.64522,1.32,1.32
2013.07.05 18:30:33.143,1.64482,1.64522,2.07,1.13
2013.07.05 18:30:35.228,1.64482,1.64522,1.32,1.32
2013.07.05 18:30:36.915,1.64486,1.64522,1.32,1.13
2013.07.05 18:30:41.764,1.64487,1.64521,1.32,1.13
2013.07.05 18:30:42.266,1.64482,1.6452,1.32,1.69
2013.07.05 18:30:42.386,1.6448,1.64513,1.13,1.69
2013.07.05 18:30:42.445,1.64474,1.64512,1.69,1.09
2013.07.05 18:30:42.624,1.64473,1.64512,2.07,1.09
2013.07.05 18:30:43.664,1.64472,1.64509,1.32,1.50
2013.07.05 18:30:44.203,1.64473,1.64507,1.32,1.50
2013.07.05 18:30:44.604,1.64472,1.64506,1.13,1.69
2013.07.05 18:30:45.521,1.64467,1.64507,1.32,1.32
2013.07.05 18:30:46.743,1.64464,1.64508,1.69,1.32
2013.07.05 18:30:46.924,1.64463,1.64501,1.32,1.69
2013.07.05 18:30:47.353,1.64464,1.64503,1.69,1.69
2013.07.05 18:30:48.165,1.64464,1.64503,1.32,2.07
2013.07.05 18:30:48.224,1.64464,1.64503,1.32,2.07
2013.07.05 18:30:49.204,1.64464,1.64503,1.32,2.07
2013.07.05 18:30:49.768,1.64463,1.645,1.32,1.32
2013.07.05 18:30:53.554,1.64463,1.64501,1.32,1.32
2013.07.05 18:30:53.614,1.64464,1.64505,1.69,1.32
2013.07.05 18:30:53.674,1.64467,1.64507,1.32,1.32
2013.07.05 18:30:54.307,1.64471,1.645,1.13,1.32
2013.07.05 18:30:54.438,1.64467,1.645,1.69,1.32
2013.07.05 18:30:54.626,1.64465,1.645,1.69,1.32
2013.07.05 18:30:56.694,1.64467,1.645,1.32,1.32
2013.07.05 18:30:58.965,1.64472,1.64508,1.13,3.19
2013.07.05 18:30:59.085,1.6447,1.64501,1.13,1.69
2013.07.05 18:30:59.275,1.64462,1.64496,1.13,1.84
2013.07.05 18:30:59.395,1.64462,1.6449,1.13,2.25
2013.07.05 18:30:59.456,1.64458,1.64488,1.13,1.69
2013.07.05 18:30:59.515,1.64451,1.64483,1.13,1.84
2013.07.05 18:30:59.575,1.64442,1.64483,1.32,1.84
2013.07.05 18:31:00.424,1.64443,1.64484,2.82,1.84
2013.07.05 18:31:00.783,1.64445,1.64485,1.69,1.84
2013.07.05 18:31:01.333,1.64447,1.64484,1.50,1.32
2013.07.05 18:31:01.693,1.64449,1.64484,1.50,2.07
2013.07.05 18:31:02.030,1.64449,1.6448,1.50,1.32
2013.07.05 18:31:02.453,1.64445,1.6448,1.32,1.13
2013.07.05 18:31:03.454,1.64451,1.64489,1.32,1.32
2013.07.05 18:31:03.634,1.64453,1.64491,1.13,1.32
2013.07.05 18:31:03.694,1.64452,1.64488,1.13,1.32
2013.07.05 18:31:04.234,1.64452,1.64492,1.13,2.44
2013.07.05 18:31:05.024,1.64449,1.64486,1.32,1.32
2013.07.05 18:31:05.535,1.64449,1.64486,1.32,1.32
2013.07.05 18:31:06.815,1.64452,1.64491,1.13,1.32
2013.07.05 18:31:07.163,1.64452,1.64483,1.13,1.50
2013.07.05 18:31:07.466,1.64437,1.64473,1.69,1.65
2013.07.05 18:31:07.526,1.64433,1.6447,2.07,1.09
2013.07.05 18:31:07.706,1.64431,1.64466,1.13,1.69
2013.07.05 18:31:07.824,1.64431,1.64466,1.32,1.50
2013.07.05 18:31:07.884,1.64431,1.64474,1.32,1.84
2013.07.05 18:31:07.944,1.64431,1.64469,1.13,1.69
2013.07.05 18:31:08.424,1.64431,1.64469,1.13,1.69
2013.07.05 18:31:08.603,1.64433,1.64469,1.32,2.44
2013.07.05 18:31:08.843,1.64433,1.64466,1.32,1.50
2013.07.05 18:31:09.762,1.64432,1.64462,1.13,1.69
2013.07.05 18:31:09.825,1.64426,1.64462,1.69,1.69
2013.07.05 18:31:09.884,1.64425,1.64462,2.82,1.69
2013.07.05 18:31:09.943,1.64427,1.64462,1.13,1.69
2013.07.05 18:31:11.067,1.64427,1.64464,1.13,1.32
2013.07.05 18:31:11.545,1.64421,1.64464,1.32,1.69
2013.07.05 18:31:11.665,1.64419,1.64461,2.82,2.44
2013.07.05 18:31:11.724,1.64415,1.64461,1.32,3.19
2013.07.05 18:31:12.924,1.64419,1.64454,1.13,1.69
2013.07.05 18:31:13.103,1.64421,1.64459,3.38,2.07
2013.07.05 18:31:13.404,1.64426,1.64461,1.13,2.44
2013.07.05 18:31:13.814,1.64426,1.64464,1.13,2.07
2013.07.05 18:31:14.433,1.6442,1.6446,1.13,1.13
2013.07.05 18:31:14.494,1.6442,1.64459,1.32,2.25
2013.07.05 18:31:14.615,1.64417,1.64459,2.07,2.44
2013.07.05 18:31:14.974,1.64432,1.6446,2.25,1.32
2013.07.05 18:31:15.154,1.64432,1.64461,2.44,1.50
2013.07.05 18:31:15.214,1.64432,1.64471,1.69,2.44
2013.07.05 18:31:15.395,1.64433,1.64476,1.69,1.69
2013.07.05 18:31:15.455,1.64434,1.64477,1.69,2.44
2013.07.05 18:31:16.004,1.64441,1.64477,1.32,1.69
2013.07.05 18:31:16.543,1.64441,1.64477,1.13,1.69
2013.07.05 18:31:16.783,1.64437,1.64481,1.32,1.69
2013.07.05 18:31:17.323,1.64442,1.64484,1.13,1.69
2013.07.05 18:31:17.926,1.64442,1.64484,1.13,1.69
2013.07.05 18:31:18.756,1.64442,1.64477,1.13,1.32
2013.07.05 18:31:18.936,1.6443,1.64474,1.88,3.19
2013.07.05 18:31:19.054,1.64426,1.64468,1.32,1.32
2013.07.05 18:31:19.594,1.64422,1.64462,1.32,2.07
2013.07.05 18:31:20.193,1.64424,1.64466,1.50,2.07
2013.07.05 18:31:20.495,1.64432,1.64468,1.69,1.13
2013.07.05 18:31:20.815,1.64436,1.64478,2.25,1.69
2013.07.05 18:31:21.163,1.64436,1.64482,2.44,1.32
2013.07.05 18:31:22.030,1.64437,1.6448,1.32,2.44
2013.07.05 18:31:22.274,1.64442,1.64481,1.32,2.07
2013.07.05 18:31:23.163,1.64442,1.64483,1.32,2.07
2013.07.05 18:31:23.574,1.64442,1.64481,1.32,1.32
2013.07.05 18:31:23.635,1.64442,1.6448,1.32,1.32
2013.07.05 18:31:23.754,1.64438,1.64479,1.32,1.32
2013.07.05 18:31:23.816,1.64438,1.64477,1.32,1.13
2013.07.05 18:31:24.608,1.64438,1.64475,1.32,1.13
2013.07.05 18:31:24.678,1.64436,1.64475,1.32,1.32
2013.07.05 18:31:25.585,1.64436,1.64479,2.82,1.32
2013.07.05 18:31:26.295,1.64436,1.64478,3.57,1.32
2013.07.05 18:31:30.180,1.64436,1.64478,3.57,1.32
2013.07.05 18:31:30.914,1.64427,1.64474,1.69,2.44
2013.07.05 18:31:31.034,1.64426,1.64472,2.44,1.69
2013.07.05 18:31:31.215,1.64426,1.64471,1.69,1.69
2013.07.05 18:31:32.934,1.64422,1.64462,1.32,1.32
2013.07.05 18:31:34.305,1.64422,1.64458,1.32,1.13
2013.07.05 18:31:37.264,1.64422,1.6446,2.07,1.13
2013.07.05 18:31:37.445,1.64427,1.64467,1.69,2.07
2013.07.05 18:31:37.568,1.64433,1.64468,2.44,1.13
2013.07.05 18:31:37.634,1.64434,1.64476,1.32,2.44
2013.07.05 18:31:37.694,1.64437,1.64476,1.32,1.69
2013.07.05 18:31:38.233,1.64437,1.64482,1.32,1.69
2013.07.05 18:31:40.163,1.64437,1.64476,1.32,1.32
2013.07.05 18:31:42.425,1.64437,1.64475,1.32,1.32
2013.07.05 18:31:43.299,1.64437,1.64473,1.32,1.13
2013.07.05 18:31:45.134,1.64437,1.64478,2.07,1.32
2013.07.05 18:31:45.194,1.64442,1.64484,1.32,1.69
2013.07.05 18:31:45.313,1.64447,1.64483,1.50,1.32
2013.07.05 18:31:45.673,1.64444,1.64487,1.13,1.32
2013.07.05 18:31:46.033,1.64444,1.64479,1.32,1.13
2013.07.05 18:31:55.523,1.64446,1.64479,1.32,1.13
2013.07.05 18:31:56.444,1.64453,1.64489,1.13,1.69
2013.07.05 18:31:56.623,1.64452,1.64489,1.13,1.32
2013.07.05 18:31:57.127,1.64452,1.64493,1.13,1.69
2013.07.05 18:31:57.184,1.64453,1.64497,1.32,1.32
2013.07.05 18:31:57.245,1.64457,1.64497,1.32,1.32
2013.07.05 18:31:59.514,1.64457,1.64493,1.32,1.32
2013.07.05 18:32:03.275,1.64457,1.64498,1.32,2.07
2013.07.05 18:32:03.453,1.64457,1.64495,1.32,1.32
2013.07.05 18:32:03.874,1.64462,1.64495,1.32,1.13
2013.07.05 18:32:04.054,1.64465,1.64503,1.69,2.44
2013.07.05 18:32:04.294,1.64468,1.64503,1.50,1.69
2013.07.05 18:32:04.604,1.64466,1.64506,1.32,1.32
2013.07.05 18:32:05.164,1.64466,1.64506,1.32,1.32
2013.07.05 18:32:05.653,1.64466,1.64501,1.32,1.32
2013.07.05 18:32:06.001,1.64466,1.64495,1.32,1.13
2013.07.05 18:32:08.484,1.64466,1.645,1.13,1.32
2013.07.05 18:32:08.544,1.64466,1.64504,1.13,1.32
2013.07.05 18:32:09.904,1.64466,1.64505,1.13,1.32
2013.07.05 18:32:10.414,1.64466,1.64501,1.13,1.32
2013.07.05 18:32:16.245,1.64463,1.64501,1.69,1.13
2013.07.05 18:32:17.155,1.64461,1.64502,1.32,1.32
2013.07.05 18:32:17.667,1.64461,1.64501,1.13,1.32
2013.07.05 18:32:23.475,1.64461,1.64501,1.13,1.32
2013.07.05 18:32:27.284,1.64461,1.64501,1.13,1.32
2013.07.05 18:32:28.785,1.64466,1.64501,1.13,1.32
2013.07.05 18:32:29.435,1.64466,1.64504,1.13,1.32
2013.07.05 18:32:29.774,1.64466,1.645,1.13,1.32
2013.07.05 18:32:32.024,1.64461,1.645,1.13,1.13
2013.07.05 18:32:32.661,1.64461,1.64499,1.13,1.13
2013.07.05 18:32:35.261,1.64461,1.64499,1.69,1.13
2013.07.05 18:32:37.444,1.64463,1.645,1.69,1.13
2013.07.05 18:32:37.694,1.64471,1.64506,1.32,1.32
2013.07.05 18:32:37.754,1.64471,1.64508,1.32,1.32
2013.07.05 18:32:38.444,1.64464,1.64504,1.32,2.44
2013.07.05 18:32:38.564,1.64462,1.64504,2.07,2.44
2013.07.05 18:32:40.894,1.64463,1.64503,1.69,1.32
2013.07.05 18:32:40.953,1.64462,1.645,1.69,1.13
2013.07.05 18:32:46.395,1.64462,1.645,1.32,1.13
2013.07.05 18:32:46.591,1.64462,1.64499,1.32,1.13
2013.07.05 18:32:46.694,1.64462,1.64499,1.13,1.13
2013.07.05 18:32:48.254,1.64462,1.64499,1.32,2.25
2013.07.05 18:32:48.435,1.64466,1.64501,1.32,1.32
2013.07.05 18:32:48.984,1.64466,1.64502,1.32,1.13
2013.07.05 18:32:49.524,1.64474,1.64509,1.13,1.32
2013.07.05 18:32:49.584,1.64474,1.6451,2.82,1.32
2013.07.05 18:32:49.824,1.64481,1.64516,1.32,1.50
2013.07.05 18:32:49.944,1.64477,1.64519,2.07,3.19
2013.07.05 18:32:50.064,1.64472,1.64508,1.32,1.13
2013.07.05 18:32:50.244,1.64482,1.64514,1.13,2.44
2013.07.05 18:32:50.604,1.64486,1.6453,1.32,3.19
2013.07.05 18:32:50.915,1.64493,1.64537,1.32,2.44
2013.07.05 18:32:52.064,1.64493,1.64535,1.32,1.32
2013.07.05 18:32:52.603,1.64493,1.64539,1.32,2.07
2013.07.05 18:32:53.643,1.64493,1.64534,1.32,1.13
2013.07.05 18:32:53.763,1.64493,1.64534,1.32,1.88
2013.07.05 18:32:54.198,1.64493,1.6453,1.32,1.13
2013.07.05 18:32:54.694,1.64493,1.64527,1.32,1.13
2013.07.05 18:32:55.278,1.64491,1.64527,1.32,1.13
2013.07.05 18:32:55.714,1.64491,1.64528,1.32,1.13
2013.07.05 18:32:56.014,1.64491,1.64526,1.32,1.13
2013.07.05 18:32:56.834,1.64491,1.64526,1.32,1.13
2013.07.05 18:32:57.234,1.64491,1.64524,2.07,1.88
2013.07.05 18:32:57.413,1.64486,1.64522,1.32,2.25
2013.07.05 18:32:57.474,1.64486,1.64522,1.32,2.25
2013.07.05 18:32:57.833,1.64486,1.64519,1.32,1.50
2013.07.05 18:32:57.953,1.64486,1.64521,1.32,3.00
2013.07.05 18:32:58.073,1.64486,1.64519,1.32,1.50
2013.07.05 18:32:58.374,1.64486,1.64513,1.13,1.50
2013.07.05 18:32:58.493,1.64478,1.64504,1.13,1.50
2013.07.05 18:32:58.553,1.64476,1.64504,1.13,1.50
2013.07.05 18:32:58.733,1.64472,1.64507,2.07,1.50
2013.07.05 18:32:58.895,1.64472,1.64508,1.32,1.69
2013.07.05 18:32:59.596,1.64477,1.64516,1.32,1.32
2013.07.05 18:33:00.187,1.64477,1.64514,1.32,1.32
2013.07.05 18:33:00.534,1.64477,1.6451,1.32,1.13
2013.07.05 18:33:03.555,1.64477,1.6451,1.32,1.13
2013.07.05 18:33:04.063,1.64477,1.6451,1.32,1.13
2013.07.05 18:33:07.024,1.64477,1.64507,1.32,1.13
2013.07.05 18:33:07.473,1.64476,1.6451,2.07,1.13
2013.07.05 18:33:07.993,1.64476,1.64505,2.07,1.13
2013.07.05 18:33:08.754,1.64476,1.64505,2.07,1.13
2013.07.05 18:33:10.122,1.64476,1.64505,2.07,1.13
2013.07.05 18:33:14.613,1.64478,1.64516,1.32,1.32
2013.07.05 18:33:14.913,1.64478,1.64512,1.32,1.50
2013.07.05 18:33:15.033,1.64478,1.64508,1.32,1.50
2013.07.05 18:33:15.334,1.64477,1.64509,1.32,1.13
2013.07.05 18:33:15.873,1.64471,1.64504,1.32,1.13
2013.07.05 18:33:16.114,1.64471,1.64504,1.32,1.13
2013.07.05 18:33:19.434,1.64471,1.645,1.32,1.13
2013.07.05 18:33:19.495,1.6447,1.645,1.13,1.13
2013.07.05 18:33:19.675,1.64461,1.64505,2.07,1.32
2013.07.05 18:33:19.853,1.64464,1.64505,1.32,1.32
2013.07.05 18:33:20.345,1.64464,1.64499,1.32,1.13
2013.07.05 18:33:20.873,1.64464,1.64501,1.32,1.13
2013.07.05 18:33:22.593,1.64467,1.6451,1.32,2.44
2013.07.05 18:33:22.774,1.64467,1.64503,1.32,1.32
2013.07.05 18:33:23.553,1.64467,1.645,1.32,1.13
2013.07.05 18:33:30.214,1.64468,1.645,1.32,1.13
2013.07.05 18:33:30.922,1.64467,1.64496,1.32,1.50
2013.07.05 18:33:31.224,1.64473,1.645,1.13,1.13
2013.07.05 18:33:31.284,1.64466,1.645,1.32,1.13
2013.07.05 18:33:33.475,1.64466,1.64497,1.32,1.88
2013.07.05 18:33:33.834,1.64461,1.64497,1.88,2.07
2013.07.05 18:33:33.955,1.64461,1.64482,1.50,1.50
2013.07.05 18:33:34.234,1.64453,1.64489,1.13,1.69
2013.07.05 18:33:34.414,1.64452,1.64489,1.32,1.69
2013.07.05 18:33:35.273,1.64452,1.64488,1.32,2.07
2013.07.05 18:33:35.754,1.64452,1.64489,1.32,1.32
2013.07.05 18:33:36.419,1.64452,1.64488,1.13,1.32
2013.07.05 18:33:36.794,1.64452,1.64483,1.13,1.13
2013.07.05 18:33:37.954,1.64452,1.64483,1.13,1.13
2013.07.05 18:33:42.613,1.6445,1.64484,1.13,1.32
2013.07.05 18:33:44.161,1.6445,1.64481,1.13,1.32
2013.07.05 18:33:50.923,1.6445,1.64489,1.32,1.69
2013.07.05 18:33:50.983,1.6445,1.6449,1.32,2.44
2013.07.05 18:33:51.503,1.64451,1.64492,1.32,1.69
2013.07.05 18:33:52.074,1.6445,1.64487,1.32,1.32
2013.07.05 18:33:52.645,1.6445,1.64487,1.32,1.32
2013.07.05 18:33:53.875,1.6445,1.64487,1.32,1.32
2013.07.05 18:33:55.626,1.6445,1.64487,1.13,1.32
2013.07.05 18:33:58.053,1.6445,1.64485,1.13,1.32
2013.07.05 18:34:00.654,1.64449,1.64484,1.13,1.32
2013.07.05 18:34:02.113,1.6445,1.64484,1.88,1.32
2013.07.05 18:34:02.294,1.64452,1.64485,1.13,1.13
2013.07.05 18:34:02.475,1.64449,1.64483,1.13,1.13
2013.07.05 18:34:02.893,1.64449,1.64486,1.13,1.13
2013.07.05 18:34:03.013,1.64447,1.64486,1.88,1.32
2013.07.05 18:34:03.944,1.64447,1.6448,1.13,1.50
2013.07.05 18:34:04.004,1.64447,1.6448,1.32,1.50
2013.07.05 18:34:04.425,1.64443,1.64481,2.44,1.13
2013.07.05 18:34:04.784,1.64444,1.64479,1.13,1.69
2013.07.05 18:34:04.964,1.64436,1.64469,1.13,1.69
2013.07.05 18:34:05.024,1.64435,1.64469,1.13,1.69
2013.07.05 18:34:05.083,1.64432,1.64469,2.07,1.69
2013.07.05 18:34:05.964,1.64432,1.64469,1.32,1.69
2013.07.05 18:34:06.023,1.6443,1.64469,1.32,1.69
2013.07.05 18:34:06.563,1.64433,1.64469,1.32,1.32
2013.07.05 18:34:06.954,1.64434,1.64474,1.50,1.32
2013.07.05 18:34:07.134,1.64434,1.64475,1.69,1.32
2013.07.05 18:34:07.615,1.6444,1.64477,1.50,1.69
2013.07.05 18:34:07.734,1.64438,1.64477,1.50,1.69
2013.07.05 18:34:08.304,1.64439,1.64477,1.50,2.82
2013.07.05 18:34:08.863,1.64438,1.64473,1.50,1.32
2013.07.05 18:34:08.983,1.64441,1.64473,1.50,1.32
2013.07.05 18:34:11.095,1.64439,1.64473,1.50,1.32
2013.07.05 18:34:11.153,1.64439,1.64473,1.69,1.32
2013.07.05 18:34:13.183,1.64441,1.64473,1.50,1.32
2013.07.05 18:34:14.063,1.64443,1.64474,1.50,1.32
2013.07.05 18:34:17.946,1.64446,1.64487,1.32,1.32
2013.07.05 18:34:19.284,1.64446,1.64481,1.32,1.32
2013.07.05 18:34:21.055,1.64446,1.64488,1.32,1.32
2013.07.05 18:34:21.181,1.64446,1.64488,1.32,1.32
2013.07.05 18:34:21.703,1.64455,1.64489,1.69,1.32
2013.07.05 18:34:22.145,1.64458,1.6449,1.50,1.32
2013.07.05 18:34:22.846,1.64456,1.64489,1.50,1.32
2013.07.05 18:34:25.773,1.64459,1.64488,1.50,1.13
2013.07.05 18:34:26.294,1.64456,1.64488,1.69,1.13
2013.07.05 18:34:26.944,1.64454,1.64488,2.07,1.13
2013.07.05 18:34:27.574,1.64449,1.64488,1.32,1.13
2013.07.05 18:34:28.825,1.64455,1.64488,1.69,1.13
2013.07.05 18:34:29.752,1.64457,1.64488,1.50,1.13
2013.07.05 18:34:30.534,1.6446,1.64488,1.50,1.13
2013.07.05 18:34:30.774,1.64459,1.64494,1.50,2.07
2013.07.05 18:34:31.304,1.6446,1.64494,1.50,1.32
2013.07.05 18:34:31.423,1.64462,1.6449,1.50,1.32
2013.07.05 18:34:32.735,1.64464,1.6449,1.50,1.32
2013.07.05 18:34:33.109,1.64461,1.64497,1.50,1.32
2013.07.05 18:34:33.986,1.64461,1.64497,1.50,1.32
2013.07.05 18:34:34.043,1.64462,1.64495,1.50,1.32
2013.07.05 18:34:37.264,1.64463,1.64495,1.50,1.32
2013.07.05 18:34:37.724,1.64465,1.64495,1.50,1.32
2013.07.05 18:34:40.085,1.64465,1.64494,1.50,1.32
2013.07.05 18:34:40.204,1.64459,1.64494,1.50,1.32
2013.07.05 18:34:49.133,1.64457,1.64495,2.07,1.32
2013.07.05 18:34:50.323,1.64457,1.64492,2.07,1.32
2013.07.05 18:34:50.383,1.64457,1.64493,2.07,1.32
2013.07.05 18:34:50.574,1.64457,1.64492,2.07,1.32
2013.07.05 18:34:50.823,1.64457,1.64495,2.07,1.32
2013.07.05 18:34:51.833,1.64457,1.64495,2.07,1.32
2013.07.05 18:34:53.993,1.64459,1.64495,1.69,1.32
2013.07.05 18:34:56.363,1.64455,1.64491,2.07,1.13
2013.07.05 18:34:56.483,1.64455,1.64491,1.88,1.32
2013.07.05 18:34:56.904,1.64452,1.64489,1.50,1.32
2013.07.05 18:34:57.025,1.64444,1.64489,1.69,2.07
2013.07.05 18:34:57.233,1.64451,1.64489,1.50,1.32
2013.07.05 18:34:57.776,1.6445,1.64489,1.69,1.32
2013.07.05 18:34:58.134,1.64451,1.64495,2.44,1.32
2013.07.05 18:34:58.374,1.64453,1.64494,1.69,1.32
2013.07.05 18:34:59.265,1.64454,1.64491,2.44,1.32
2013.07.05 18:35:00.044,1.64457,1.64491,1.13,1.32
2013.07.05 18:35:00.275,1.64457,1.64491,1.32,1.13
2013.07.05 18:35:00.817,1.64457,1.64489,1.32,1.13
2013.07.05 18:35:00.874,1.64457,1.64488,1.32,1.13
2013.07.05 18:35:01.204,1.64457,1.64491,1.32,1.13
2013.07.05 18:35:13.396,1.64457,1.64486,1.32,1.88
2013.07.05 18:35:13.754,1.64446,1.64483,1.50,1.69
2013.07.05 18:35:13.934,1.64443,1.64482,2.07,1.69
2013.07.05 18:35:13.994,1.64443,1.64482,1.32,1.69
2013.07.05 18:35:14.174,1.64442,1.64482,2.63,3.19
2013.07.05 18:35:15.444,1.64432,1.64474,1.32,1.32
2013.07.05 18:35:15.505,1.64431,1.64474,1.32,1.32
2013.07.05 18:35:16.154,1.64435,1.64472,1.69,1.32
2013.07.05 18:35:16.945,1.64435,1.64472,3.19,1.32
2013.07.05 18:35:17.354,1.64435,1.64466,1.32,1.13
2013.07.05 18:35:17.474,1.64435,1.6447,2.44,1.13
2013.07.05 18:35:17.656,1.64431,1.64466,1.32,1.13
2013.07.05 18:35:20.005,1.6444,1.64466,1.13,1.13
2013.07.05 18:35:20.184,1.64437,1.64473,1.32,1.32
2013.07.05 18:35:20.451,1.64437,1.6447,1.32,1.32
2013.07.05 18:35:20.754,1.64437,1.64468,1.32,1.13
2013.07.05 18:35:21.355,1.64437,1.64475,1.32,2.44
2013.07.05 18:35:21.414,1.64437,1.64475,1.32,1.69
2013.07.05 18:35:22.575,1.64437,1.64472,1.32,1.32
2013.07.05 18:35:26.244,1.6444,1.64475,1.32,1.32
2013.07.05 18:35:26.423,1.6444,1.64475,1.32,1.32
2013.07.05 18:35:27.272,1.6444,1.64473,1.32,1.13
2013.07.05 18:35:27.455,1.64442,1.64483,1.32,1.32
2013.07.05 18:35:28.064,1.64442,1.64476,1.32,1.13
2013.07.05 18:35:29.583,1.6444,1.64474,1.32,1.13
2013.07.05 18:35:34.004,1.64442,1.64474,1.88,1.32
2013.07.05 18:35:34.523,1.6444,1.64474,1.32,1.32
2013.07.05 18:35:34.583,1.6444,1.64474,1.32,1.32
2013.07.05 18:35:34.704,1.6444,1.64472,1.13,1.32
2013.07.05 18:35:34.884,1.64426,1.64465,1.69,1.69
2013.07.05 18:35:35.004,1.64426,1.64466,2.07,3.94
2013.07.05 18:35:35.601,1.64426,1.64466,1.32,2.44
2013.07.05 18:35:36.370,1.64426,1.64465,1.32,1.69
2013.07.05 18:35:36.494,1.64421,1.64464,1.69,1.32
2013.07.05 18:35:37.043,1.64423,1.64463,1.32,1.32
2013.07.05 18:35:37.504,1.64422,1.64461,1.32,1.32
2013.07.05 18:35:37.915,1.64422,1.64461,1.32,1.32
2013.07.05 18:35:38.281,1.64422,1.64458,1.32,1.32
2013.07.05 18:35:39.146,1.64422,1.64458,1.32,1.13
2013.07.05 18:35:39.523,1.64423,1.64459,1.32,1.13
2013.07.05 18:35:39.644,1.64422,1.64459,1.32,1.13
2013.07.05 18:35:39.765,1.64411,1.64458,1.69,2.44
2013.07.05 18:35:39.825,1.64408,1.64454,2.44,1.28
2013.07.05 18:35:39.947,1.64404,1.64439,1.69,1.50
2013.07.05 18:35:40.066,1.64403,1.64439,1.88,3.94
2013.07.05 18:35:40.127,1.64403,1.64439,1.88,3.19
2013.07.05 18:35:40.245,1.64414,1.64447,1.88,1.69
2013.07.05 18:35:40.665,1.64407,1.64447,1.88,1.69
2013.07.05 18:35:41.464,1.64402,1.64447,2.07,1.69
2013.07.05 18:35:41.773,1.64407,1.64448,1.88,4.69
2013.07.05 18:35:42.544,1.64407,1.64446,1.88,1.32
2013.07.05 18:35:43.264,1.64403,1.64446,1.32,1.32
2013.07.05 18:35:43.804,1.64402,1.64444,1.32,1.32
2013.07.05 18:35:44.598,1.64409,1.64449,1.50,1.69
2013.07.05 18:35:44.664,1.64408,1.64454,1.69,2.07
2013.07.05 18:35:44.725,1.6441,1.64456,1.69,1.32
2013.07.05 18:35:45.325,1.64422,1.64451,1.13,1.69
2013.07.05 18:35:45.684,1.64406,1.64447,1.50,1.69
2013.07.05 18:35:46.184,1.64402,1.64443,1.69,1.69
2013.07.05 18:35:46.244,1.64402,1.64443,1.69,1.69
2013.07.05 18:35:46.604,1.64408,1.64443,1.50,1.69
2013.07.05 18:35:46.664,1.64408,1.64446,1.50,1.69
2013.07.05 18:35:46.784,1.64408,1.64449,1.69,1.32
2013.07.05 18:35:46.844,1.64408,1.64453,2.44,2.44
2013.07.05 18:35:46.904,1.64407,1.64453,1.69,1.69
2013.07.05 18:35:47.204,1.64406,1.64445,1.50,1.69
2013.07.05 18:35:47.744,1.64401,1.64445,1.32,3.19
2013.07.05 18:35:49.684,1.64407,1.64444,1.50,1.69
2013.07.05 18:35:52.003,1.64406,1.64444,1.50,1.69
2013.07.05 18:35:52.855,1.64407,1.64444,1.50,1.69
2013.07.05 18:35:53.796,1.64408,1.64441,1.50,1.69
2013.07.05 18:35:53.975,1.64392,1.64439,2.82,2.44
2013.07.05 18:35:56.175,1.644,1.6444,1.50,1.69
2013.07.05 18:35:56.233,1.644,1.64439,1.50,1.69
2013.07.05 18:35:58.195,1.644,1.64439,1.50,1.69
2013.07.05 18:35:59.395,1.644,1.64439,1.50,1.69
2013.07.05 18:35:59.717,1.64403,1.64441,1.50,1.32
2013.07.05 18:36:00.075,1.64405,1.64442,1.50,1.32
2013.07.05 18:36:00.607,1.64415,1.64441,1.50,1.32
2013.07.05 18:36:01.754,1.64411,1.64442,1.50,1.32
2013.07.05 18:36:02.524,1.64414,1.64441,1.50,1.32
2013.07.05 18:36:03.215,1.64414,1.64443,1.50,1.32
2013.07.05 18:36:03.454,1.64419,1.6445,1.50,2.07
2013.07.05 18:36:03.764,1.64423,1.6445,1.50,1.69
2013.07.05 18:36:05.324,1.64422,1.6445,1.50,1.69
2013.07.05 18:36:06.734,1.64422,1.64449,1.50,1.13
2013.07.05 18:36:18.205,1.64419,1.64449,1.69,1.13
2013.07.05 18:36:20.406,1.64419,1.64449,1.69,1.13
2013.07.05 18:36:20.975,1.64422,1.64449,1.69,1.13
2013.07.05 18:36:21.295,1.64425,1.64449,1.50,1.13
2013.07.05 18:36:21.475,1.64423,1.64452,1.50,1.69
2013.07.05 18:36:21.654,1.64434,1.64457,1.50,1.69
2013.07.05 18:36:21.714,1.64434,1.64458,1.50,2.44
2013.07.05 18:36:21.834,1.64435,1.64468,1.50,2.44
2013.07.05 18:36:22.074,1.64432,1.64468,1.88,2.82
2013.07.05 18:36:22.994,1.64431,1.64467,1.13,1.32
2013.07.05 18:36:23.954,1.64431,1.64463,1.13,1.32
2013.07.05 18:36:30.284,1.64431,1.64465,1.13,1.32
2013.07.05 18:36:30.464,1.64431,1.64468,1.13,1.32
2013.07.05 18:36:31.074,1.64431,1.64467,1.13,1.32
2013.07.05 18:36:35.324,1.64435,1.64467,1.50,1.32
2013.07.05 18:36:35.924,1.64433,1.64467,1.88,1.32
2013.07.05 18:36:36.164,1.64433,1.64468,1.88,1.32
2013.07.05 18:36:36.434,1.64436,1.64468,1.13,1.32
2013.07.05 18:36:37.956,1.64434,1.64468,1.88,1.32
2013.07.05 18:36:38.134,1.64437,1.64468,1.50,1.32
2013.07.05 18:36:38.577,1.64433,1.64468,1.47,1.32
2013.07.05 18:36:39.784,1.64434,1.64468,1.88,1.32
2013.07.05 18:36:40.504,1.64435,1.64468,1.50,1.32
2013.07.05 18:36:41.348,1.64436,1.64468,1.50,1.32
2013.07.05 18:36:43.394,1.64438,1.64468,1.50,1.13
2013.07.05 18:36:43.514,1.64437,1.64475,1.32,1.69
2013.07.05 18:36:44.075,1.64437,1.64473,1.32,1.69
2013.07.05 18:36:44.665,1.64437,1.64471,1.32,1.13
2013.07.05 18:36:44.994,1.64436,1.64468,1.69,1.13
2013.07.05 18:36:45.484,1.64437,1.64469,1.69,1.88
2013.07.05 18:36:46.170,1.64436,1.64469,2.07,1.88
2013.07.05 18:36:46.242,1.64437,1.64473,1.32,1.69
2013.07.05 18:36:46.809,1.64437,1.64472,1.32,1.32
2013.07.05 18:36:46.994,1.64436,1.64469,2.07,1.88
2013.07.05 18:36:47.534,1.64436,1.64469,2.07,1.88
2013.07.05 18:36:50.285,1.64436,1.64469,2.07,1.88
2013.07.05 18:36:51.825,1.64438,1.64469,1.69,1.88
2013.07.05 18:36:52.744,1.64436,1.64478,2.07,2.07
2013.07.05 18:36:53.354,1.64436,1.64469,2.07,1.88
2013.07.05 18:36:54.425,1.64439,1.64469,1.69,1.88
2013.07.05 18:36:57.125,1.64442,1.64469,1.50,1.88
2013.07.05 18:36:57.554,1.64436,1.64474,2.82,2.07
2013.07.05 18:36:57.676,1.64436,1.64473,1.32,1.13
2013.07.05 18:36:58.006,1.64436,1.6447,1.32,1.13
2013.07.05 18:36:58.264,1.64436,1.64471,1.32,1.13
2013.07.05 18:36:58.685,1.64432,1.6447,1.65,1.13
2013.07.05 18:36:58.804,1.64434,1.6447,1.69,1.13
2013.07.05 18:36:58.864,1.64434,1.6447,1.69,1.32
2013.07.05 18:36:59.035,1.64435,1.64468,1.69,1.13
2013.07.05 18:36:59.765,1.64435,1.64466,1.69,1.13
2013.07.05 18:37:00.804,1.64432,1.64465,1.32,1.13
2013.07.05 18:37:02.694,1.64436,1.64465,1.13,1.13
2013.07.05 18:37:02.934,1.64436,1.64472,1.13,1.32
2013.07.05 18:37:03.367,1.64436,1.64468,1.13,1.13
2013.07.05 18:37:04.345,1.64431,1.64467,2.07,1.13
2013.07.05 18:37:05.145,1.64431,1.64466,1.32,1.32
2013.07.05 18:37:05.694,1.64437,1.64467,1.13,1.32
2013.07.05 18:37:05.935,1.64429,1.64459,1.13,1.69
2013.07.05 18:37:06.234,1.64422,1.64457,1.69,1.50
2013.07.05 18:37:06.354,1.6442,1.64457,1.28,2.25
2013.07.05 18:37:06.895,1.6442,1.64452,1.09,1.69
2013.07.05 18:37:07.746,1.6442,1.64451,1.09,2.44
2013.07.05 18:37:09.174,1.64415,1.64447,1.32,1.13
2013.07.05 18:37:09.295,1.64413,1.64448,1.32,1.88
2013.07.05 18:37:09.474,1.64416,1.64448,1.65,1.13
2013.07.05 18:37:09.834,1.64416,1.64452,1.65,1.32
2013.07.05 18:37:09.975,1.64416,1.64452,1.65,1.69
2013.07.05 18:37:10.865,1.64416,1.64452,1.65,1.69
2013.07.05 18:37:11.104,1.64412,1.64447,1.32,1.13
2013.07.05 18:37:11.165,1.64417,1.64447,1.47,1.13
2013.07.05 18:37:11.955,1.64417,1.64448,1.47,1.32
2013.07.05 18:37:12.774,1.64412,1.64448,2.07,1.88
2013.07.05 18:37:13.015,1.64412,1.64448,1.32,1.13
2013.07.05 18:37:13.434,1.64412,1.64451,1.32,2.07
2013.07.05 18:37:13.666,1.64412,1.64448,1.32,1.13
2013.07.05 18:37:14.062,1.64412,1.64448,1.32,1.13
2013.07.05 18:37:16.151,1.64412,1.64448,1.32,1.13
2013.07.05 18:37:16.286,1.64412,1.64449,1.32,1.50
2013.07.05 18:37:16.407,1.64414,1.64456,1.69,1.32
2013.07.05 18:37:16.825,1.64421,1.64464,1.13,2.44
2013.07.05 18:37:17.766,1.64421,1.64464,1.32,1.32
2013.07.05 18:37:18.834,1.64421,1.6446,1.69,1.32
2013.07.05 18:37:22.114,1.64422,1.6446,1.69,1.13
2013.07.05 18:37:22.965,1.64423,1.6446,2.07,1.13
2013.07.05 18:37:23.834,1.64421,1.6446,1.69,1.32
2013.07.05 18:37:24.571,1.64422,1.6446,2.07,1.32
2013.07.05 18:37:25.415,1.64422,1.6446,2.07,1.32
2013.07.05 18:37:25.974,1.64423,1.6446,1.69,1.13
2013.07.05 18:37:26.774,1.64422,1.6446,2.07,1.13
2013.07.05 18:37:29.314,1.64422,1.6446,1.69,1.13
2013.07.05 18:37:31.804,1.64421,1.6446,2.44,1.13
2013.07.05 18:37:32.634,1.64421,1.6446,2.07,1.13
2013.07.05 18:37:32.814,1.64421,1.6446,1.32,1.32
2013.07.05 18:37:33.596,1.64421,1.64459,1.32,1.13
2013.07.05 18:37:33.985,1.64421,1.64456,1.32,1.13
2013.07.05 18:37:34.105,1.64421,1.64463,1.32,1.32
2013.07.05 18:37:34.487,1.64421,1.6446,1.69,1.32
2013.07.05 18:37:35.200,1.64421,1.6446,1.50,1.32
2013.07.05 18:37:38.614,1.64422,1.64462,1.32,1.13
2013.07.05 18:37:39.048,1.64427,1.64464,1.69,1.13
2013.07.05 18:37:39.104,1.64428,1.64468,1.69,1.50
2013.07.05 18:37:39.224,1.64423,1.64466,1.88,2.44
2013.07.05 18:37:39.284,1.64422,1.64463,2.07,2.07
2013.07.05 18:37:39.645,1.64422,1.64462,1.13,1.32
2013.07.05 18:37:40.585,1.64422,1.64461,1.50,1.32
2013.07.05 18:37:40.975,1.64423,1.64461,1.32,1.32
2013.07.05 18:37:42.374,1.64422,1.64461,1.32,1.32
2013.07.05 18:37:43.212,1.64422,1.64461,1.50,1.32
2013.07.05 18:37:50.216,1.64423,1.64461,1.50,1.32
2013.07.05 18:37:51.048,1.64422,1.64461,1.69,1.32
2013.07.05 18:37:51.596,1.64421,1.64461,1.69,1.32
2013.07.05 18:37:51.954,1.64422,1.64461,1.69,1.32
2013.07.05 18:37:53.355,1.64421,1.64461,1.69,1.32
2013.07.05 18:37:55.405,1.64421,1.64461,1.69,1.32
2013.07.05 18:37:59.824,1.64422,1.6446,1.32,1.32
2013.07.05 18:38:00.184,1.64422,1.64456,1.32,1.50
2013.07.05 18:38:00.694,1.64423,1.64455,1.32,1.13
2013.07.05 18:38:01.065,1.64421,1.64452,1.32,3.00
2013.07.05 18:38:01.126,1.64421,1.64451,1.13,1.50
2013.07.05 18:38:02.045,1.64421,1.64451,1.50,2.25
2013.07.05 18:38:02.174,1.64421,1.64451,1.50,4.50
2013.07.05 18:38:02.895,1.64421,1.64448,1.50,1.13
2013.07.05 18:38:03.519,1.64421,1.64448,1.50,1.88
2013.07.05 18:38:03.856,1.64421,1.64446,1.50,1.13
2013.07.05 18:38:06.234,1.64415,1.64446,1.32,1.13
2013.07.05 18:38:06.474,1.64416,1.64448,1.13,1.13
2013.07.05 18:38:07.206,1.64416,1.64447,1.13,1.13
2013.07.05 18:38:08.605,1.64416,1.64447,1.13,1.13
2013.07.05 18:38:08.905,1.64415,1.64447,1.13,1.13
2013.07.05 18:38:11.254,1.64416,1.64447,1.13,1.88
2013.07.05 18:38:11.434,1.64416,1.64446,1.13,1.13
2013.07.05 18:38:16.147,1.64411,1.64446,1.88,1.13
2013.07.05 18:38:16.264,1.64417,1.64455,1.13,1.69
2013.07.05 18:38:16.385,1.64423,1.64456,1.13,2.25
2013.07.05 18:38:16.804,1.64424,1.64463,1.13,2.07
2013.07.05 18:38:17.644,1.64422,1.64463,1.13,2.44
2013.07.05 18:38:17.704,1.64422,1.64453,1.13,1.13
2013.07.05 18:38:17.884,1.64422,1.64461,1.13,1.32
2013.07.05 18:38:18.454,1.64422,1.64458,1.13,1.32
2013.07.05 18:38:18.515,1.64422,1.64456,1.13,1.13
2013.07.05 18:38:18.894,1.64422,1.64453,1.13,1.13
2013.07.05 18:38:20.915,1.64422,1.64457,1.13,1.32
2013.07.05 18:38:24.572,1.64419,1.64457,1.32,1.32
2013.07.05 18:38:25.315,1.64422,1.64457,1.13,1.32
2013.07.05 18:38:25.374,1.64422,1.64457,1.13,1.32
2013.07.05 18:38:25.834,1.64424,1.64459,1.13,2.07
2013.07.05 18:38:25.995,1.64423,1.64459,1.13,1.32
2013.07.05 18:38:26.934,1.64421,1.64459,1.13,1.32
2013.07.05 18:38:27.174,1.64423,1.64459,1.50,1.32
2013.07.05 18:38:28.725,1.64422,1.64461,1.13,1.32
2013.07.05 18:38:28.964,1.64422,1.64461,1.13,1.32
2013.07.05 18:38:31.011,1.64423,1.64458,1.13,1.13
2013.07.05 18:38:32.194,1.64422,1.64458,1.13,1.13
2013.07.05 18:38:35.726,1.64422,1.64458,1.32,1.13
2013.07.05 18:38:37.455,1.64422,1.64458,1.32,1.32
2013.07.05 18:38:38.996,1.64422,1.64458,1.32,1.13
2013.07.05 18:38:39.714,1.64422,1.64458,1.32,1.13
2013.07.05 18:38:41.907,1.64422,1.64458,1.32,1.13
2013.07.05 18:38:44.117,1.64422,1.64458,1.32,1.13
2013.07.05 18:38:49.076,1.64422,1.64458,1.32,1.13
2013.07.05 18:38:49.254,1.64422,1.64463,1.32,1.69
2013.07.05 18:38:49.315,1.64422,1.64459,1.69,1.13
2013.07.05 18:38:50.024,1.64422,1.64463,1.32,1.69
2013.07.05 18:38:50.626,1.64422,1.64463,1.32,1.69
2013.07.05 18:38:51.243,1.64422,1.64464,1.32,2.07
2013.07.05 18:38:52.574,1.64425,1.64463,1.32,1.32
2013.07.05 18:38:55.164,1.64425,1.64463,1.32,1.13
2013.07.05 18:39:01.169,1.64425,1.64463,1.32,1.13
2013.07.05 18:39:02.270,1.64427,1.64465,1.32,1.32
2013.07.05 18:39:02.599,1.64432,1.64469,1.69,1.50
2013.07.05 18:39:04.215,1.64432,1.64469,2.07,1.32
2013.07.05 18:39:06.134,1.64432,1.64469,2.44,1.32
2013.07.05 18:39:08.375,1.64433,1.64471,1.69,1.32
2013.07.05 18:39:08.735,1.64436,1.64471,1.32,1.32
2013.07.05 18:39:19.424,1.64432,1.64469,2.07,1.13
2013.07.05 18:39:19.545,1.64431,1.64466,1.32,1.13
2013.07.05 18:39:19.604,1.64431,1.64469,2.07,2.25
2013.07.05 18:39:19.844,1.64431,1.64469,2.82,1.13
2013.07.05 18:39:21.358,1.64431,1.64468,2.07,1.13
2013.07.05 18:39:21.425,1.6443,1.64456,1.13,1.28
2013.07.05 18:39:21.485,1.64426,1.64455,1.13,1.65
2013.07.05 18:39:21.547,1.64422,1.64453,1.50,1.28
2013.07.05 18:39:21.605,1.64412,1.64451,2.07,1.13
2013.07.05 18:39:24.784,1.64412,1.6445,1.32,1.69
2013.07.05 18:39:25.346,1.64412,1.64448,1.69,1.32
2013.07.05 18:39:27.340,1.64412,1.64448,1.69,1.13
2013.07.05 18:39:27.644,1.64424,1.64463,1.69,1.32
2013.07.05 18:39:27.825,1.64421,1.64464,1.32,2.44
2013.07.05 18:39:28.594,1.64421,1.64463,1.32,1.32
2013.07.05 18:39:29.337,1.6442,1.64463,1.32,2.82
2013.07.05 18:39:29.455,1.64417,1.64456,1.69,3.19
2013.07.05 18:39:29.515,1.64417,1.64454,1.32,2.25
2013.07.05 18:39:29.634,1.64421,1.64454,1.13,1.50
2013.07.05 18:39:30.255,1.64422,1.6446,1.13,1.32
2013.07.05 18:39:30.435,1.64422,1.6446,1.13,1.32
2013.07.05 18:39:31.145,1.64418,1.64458,1.32,1.69
2013.07.05 18:39:31.324,1.64413,1.64454,1.32,2.25
2013.07.05 18:39:32.864,1.64413,1.6445,1.32,1.50
2013.07.05 18:39:33.734,1.64413,1.64449,1.32,1.13
2013.07.05 18:39:37.306,1.64423,1.6445,1.50,1.13
2013.07.05 18:39:37.545,1.64432,1.64466,1.13,1.69
2013.07.05 18:39:37.606,1.64432,1.64466,1.32,1.50
2013.07.05 18:39:37.666,1.64428,1.64464,1.69,2.25
2013.07.05 18:39:37.784,1.64422,1.64459,2.07,1.50
2013.07.05 18:39:38.025,1.64422,1.64459,2.07,1.50
2013.07.05 18:39:38.477,1.64422,1.64458,2.07,1.88
2013.07.05 18:39:39.664,1.64423,1.64462,1.32,2.82
2013.07.05 18:39:39.784,1.64423,1.64462,1.32,2.07
2013.07.05 18:39:40.494,1.64422,1.64457,2.07,1.13
2013.07.05 18:39:41.125,1.64422,1.64455,1.32,1.13
2013.07.05 18:39:41.184,1.64416,1.64457,2.44,3.57
2013.07.05 18:39:42.269,1.64416,1.64454,1.69,1.88
2013.07.05 18:39:42.335,1.64413,1.64454,1.32,2.07
2013.07.05 18:39:42.394,1.64412,1.64452,1.32,1.32
2013.07.05 18:39:43.405,1.64412,1.64448,1.32,1.88
2013.07.05 18:39:44.215,1.64412,1.64448,1.32,1.88
2013.07.05 18:39:44.906,1.6441,1.64447,3.19,1.13
2013.07.05 18:39:45.464,1.64412,1.64448,1.13,1.13
2013.07.05 18:39:45.524,1.64412,1.64448,1.13,1.13
2013.07.05 18:39:46.234,1.64412,1.64448,1.13,1.88
2013.07.05 18:39:54.309,1.64412,1.64448,1.88,1.13
2013.07.05 18:39:54.614,1.64417,1.64453,1.32,1.13
2013.07.05 18:39:54.676,1.64415,1.64453,1.32,1.13
2013.07.05 18:39:55.295,1.64413,1.6445,2.07,1.13
2013.07.05 18:39:55.595,1.64413,1.64443,1.32,1.50
2013.07.05 18:39:55.656,1.6441,1.64443,1.32,1.50
2013.07.05 18:39:56.406,1.6441,1.64444,1.32,2.25
2013.07.05 18:39:57.176,1.6441,1.64444,1.32,1.13
2013.07.05 18:39:57.703,1.64411,1.64442,1.32,1.88
2013.07.05 18:39:58.215,1.64411,1.64446,1.32,1.13
2013.07.05 18:39:58.634,1.64415,1.64446,1.88,1.13
2013.07.05 18:39:58.935,1.64417,1.64446,1.13,1.13
2013.07.05 18:39:59.054,1.64417,1.64448,1.13,1.88
2013.07.05 18:39:59.354,1.64417,1.64446,1.13,1.13
2013.07.05 18:40:00.264,1.64412,1.64446,1.65,1.13
2013.07.05 18:40:00.805,1.64412,1.64443,1.32,1.13
2013.07.05 18:40:00.985,1.64405,1.64429,1.13,1.09
2013.07.05 18:40:01.225,1.64396,1.64423,2.07,1.50
2013.07.05 18:40:01.285,1.64396,1.64429,1.32,1.09
2013.07.05 18:40:01.345,1.64396,1.64422,1.32,1.24
2013.07.05 18:40:01.524,1.64385,1.6441,1.50,1.69
2013.07.05 18:40:01.585,1.64385,1.64409,1.50,1.28
2013.07.05 18:40:01.945,1.64378,1.64404,1.50,1.50
2013.07.05 18:40:02.305,1.64372,1.6441,1.13,1.69
2013.07.05 18:40:02.914,1.64374,1.64412,1.50,1.69
2013.07.05 18:40:03.216,1.64373,1.64414,1.32,1.69
2013.07.05 18:40:03.575,1.64377,1.64414,1.50,2.07
2013.07.05 18:40:03.636,1.64376,1.64414,1.50,2.82
2013.07.05 18:40:04.055,1.64366,1.64413,2.07,1.32
2013.07.05 18:40:04.294,1.64366,1.64413,1.32,1.32
2013.07.05 18:40:05.264,1.64371,1.6441,1.32,1.32
2013.07.05 18:40:05.774,1.64371,1.6441,1.69,1.32
2013.07.05 18:40:06.714,1.64367,1.64408,1.32,1.32
2013.07.05 18:40:06.954,1.64367,1.64408,1.32,2.07
2013.07.05 18:40:08.146,1.6437,1.64408,1.32,1.32
2013.07.05 18:40:09.096,1.64372,1.64408,1.13,1.32
2013.07.05 18:40:09.215,1.64372,1.64409,1.50,1.32
2013.07.05 18:40:09.804,1.64366,1.64409,1.32,1.32
2013.07.05 18:40:10.345,1.64366,1.64409,1.32,1.32
2013.07.05 18:40:11.296,1.64371,1.64414,1.32,1.69
2013.07.05 18:40:11.915,1.64371,1.64412,1.32,1.32
2013.07.05 18:40:12.606,1.64371,1.64411,1.13,1.32
2013.07.05 18:40:12.797,1.64366,1.6441,1.69,1.69
2013.07.05 18:40:14.086,1.64365,1.64409,1.69,1.32
2013.07.05 18:40:14.274,1.64371,1.6441,1.13,1.32
2013.07.05 18:40:15.744,1.64367,1.6441,1.69,1.69
2013.07.05 18:40:17.204,1.64366,1.64411,1.69,1.32
2013.07.05 18:40:18.285,1.64372,1.64411,1.13,1.32
2013.07.05 18:40:18.964,1.64365,1.64411,2.07,2.07
2013.07.05 18:40:19.624,1.64367,1.64411,1.13,2.07
2013.07.05 18:40:20.265,1.64371,1.64411,1.13,1.32
2013.07.05 18:40:20.564,1.64372,1.64412,1.32,1.32
2013.07.05 18:40:20.745,1.64374,1.64418,1.69,1.32
2013.07.05 18:40:20.805,1.64374,1.64418,1.69,1.69
2013.07.05 18:40:21.554,1.64377,1.64418,1.69,1.69
2013.07.05 18:40:21.915,1.64379,1.6442,1.13,1.32
2013.07.05 18:40:22.036,1.64382,1.64422,1.13,1.32
2013.07.05 18:40:22.725,1.64382,1.64423,1.13,1.69
2013.07.05 18:40:23.495,1.64376,1.64423,1.32,2.44
2013.07.05 18:40:23.555,1.64376,1.64423,1.32,2.44
2013.07.05 18:40:27.152,1.64377,1.64415,1.69,1.13
2013.07.05 18:40:27.365,1.64374,1.64415,1.69,1.13
2013.07.05 18:40:27.666,1.64377,1.64416,2.07,1.32
2013.07.05 18:40:27.725,1.64377,1.64413,1.32,1.13
2013.07.05 18:40:29.396,1.64377,1.64413,1.32,1.13
2013.07.05 18:40:31.594,1.64377,1.64423,2.82,2.07
2013.07.05 18:40:31.774,1.64379,1.64423,1.69,2.07
2013.07.05 18:40:32.925,1.64377,1.64417,1.32,1.32
2013.07.05 18:40:33.425,1.64377,1.64417,1.69,1.13
2013.07.05 18:40:33.485,1.64373,1.64417,1.32,1.32
2013.07.05 18:40:33.886,1.64377,1.64419,1.69,1.32
2013.07.05 18:40:34.424,1.64382,1.64418,1.13,1.32
2013.07.05 18:40:35.495,1.64373,1.64416,1.32,1.32
2013.07.05 18:40:36.543,1.64377,1.64413,1.32,1.32
2013.07.05 18:40:37.926,1.64379,1.64419,1.13,1.32
2013.07.05 18:40:38.045,1.64381,1.6442,1.13,1.84
2013.07.05 18:40:38.604,1.6438,1.64418,1.13,1.32
2013.07.05 18:40:39.386,1.6438,1.64415,1.13,1.32
2013.07.05 18:40:39.444,1.64377,1.64418,1.69,2.07
2013.07.05 18:40:39.504,1.64376,1.64418,1.69,2.07
2013.07.05 18:40:40.395,1.64375,1.64414,1.32,1.32
2013.07.05 18:40:42.617,1.64373,1.64412,1.69,1.32
2013.07.05 18:40:43.264,1.64373,1.64409,1.69,1.13
2013.07.05 18:40:44.415,1.64373,1.64409,2.44,1.13
2013.07.05 18:40:44.954,1.64381,1.64418,1.13,2.07
2013.07.05 18:40:46.054,1.64373,1.64413,1.32,1.32
2013.07.05 18:40:46.174,1.64381,1.64414,1.13,1.32
2013.07.05 18:40:46.625,1.64381,1.64424,1.32,2.07
2013.07.05 18:40:47.325,1.64381,1.6442,1.32,1.32
2013.07.05 18:40:47.704,1.64379,1.64417,1.32,1.32
2013.07.05 18:40:48.184,1.64376,1.64413,1.32,1.13
2013.07.05 18:40:49.934,1.6438,1.64416,1.69,1.13
2013.07.05 18:40:49.995,1.6438,1.64422,2.07,1.32
2013.07.05 18:40:51.376,1.6438,1.64419,2.07,1.50
2013.07.05 18:40:51.494,1.64376,1.64413,2.07,1.13
2013.07.05 18:40:54.325,1.64381,1.64423,1.32,1.32
2013.07.05 18:40:54.385,1.64381,1.64424,1.32,1.32
2013.07.05 18:40:55.744,1.64381,1.64423,1.32,2.07
2013.07.05 18:40:56.064,1.64376,1.64414,2.07,1.13
2013.07.05 18:40:56.215,1.64382,1.64418,1.32,1.32
2013.07.05 18:40:57.395,1.64383,1.6442,1.32,1.32
2013.07.05 18:40:57.456,1.64385,1.6442,1.65,1.13
2013.07.05 18:40:57.515,1.64392,1.64428,1.13,2.44
2013.07.05 18:40:57.815,1.64387,1.64427,1.88,1.69
2013.07.05 18:40:58.055,1.64392,1.64428,1.13,2.07
2013.07.05 18:40:58.535,1.64387,1.64421,1.50,1.32
2013.07.05 18:40:59.394,1.64385,1.64421,1.28,1.32
2013.07.05 18:40:59.515,1.64381,1.64423,1.32,2.82
2013.07.05 18:40:59.754,1.64382,1.6442,1.69,1.13
2013.07.05 18:41:00.075,1.64391,1.64426,2.25,1.69
2013.07.05 18:41:00.375,1.64385,1.64421,1.32,1.32
2013.07.05 18:41:01.320,1.64383,1.64421,3.57,1.13
2013.07.05 18:41:02.065,1.64385,1.64425,1.69,1.32
2013.07.05 18:41:02.185,1.64385,1.64426,1.69,1.13
2013.07.05 18:41:03.054,1.64387,1.64424,1.32,1.13
2013.07.05 18:41:05.876,1.64387,1.64424,1.32,1.50
2013.07.05 18:41:08.704,1.64387,1.64425,1.69,1.32
2013.07.05 18:41:10.091,1.64387,1.64425,2.82,1.13
2013.07.05 18:41:12.815,1.64387,1.64424,1.32,1.13
2013.07.05 18:41:14.214,1.64384,1.64426,1.32,1.32
2013.07.05 18:41:14.275,1.64384,1.64426,1.32,1.32
2013.07.05 18:41:15.715,1.64384,1.64424,2.07,2.07
2013.07.05 18:41:16.865,1.64386,1.64424,1.32,1.32
2013.07.05 18:41:17.225,1.64389,1.64425,1.32,1.69
2013.07.05 18:41:17.345,1.64387,1.64423,1.32,1.13
2013.07.05 18:41:17.465,1.64391,1.64429,1.32,1.32
2013.07.05 18:41:17.585,1.64391,1.64435,2.07,1.32
2013.07.05 18:41:18.094,1.64395,1.64438,1.32,1.69
2013.07.05 18:41:18.735,1.64397,1.64438,1.32,1.69
2013.07.05 18:41:19.255,1.64392,1.64431,1.32,2.07
2013.07.05 18:41:19.735,1.64389,1.64428,1.69,1.88
2013.07.05 18:41:19.854,1.64386,1.64428,2.44,2.07
2013.07.05 18:41:21.184,1.64392,1.64426,1.32,1.32
2013.07.05 18:41:21.485,1.64397,1.64429,1.50,1.32
2013.07.05 18:41:21.804,1.64397,1.64431,1.88,1.69
2013.07.05 18:41:22.843,1.64397,1.64431,1.32,1.13
2013.07.05 18:41:22.964,1.64393,1.64431,1.32,1.13
2013.07.05 18:41:23.024,1.64393,1.6443,1.32,2.63
2013.07.05 18:41:23.144,1.64393,1.6443,1.32,2.63
2013.07.05 18:41:23.385,1.64387,1.64428,1.32,2.44
2013.07.05 18:41:23.584,1.64387,1.64426,1.69,1.50
2013.07.05 18:41:23.704,1.64388,1.64424,1.32,1.50
2013.07.05 18:41:24.036,1.64388,1.64424,1.32,2.25
2013.07.05 18:41:24.885,1.64391,1.64424,1.32,2.25
2013.07.05 18:41:25.244,1.64393,1.64429,1.32,1.88
2013.07.05 18:41:25.554,1.64397,1.64429,1.13,1.13
2013.07.05 18:41:27.054,1.64393,1.64429,1.32,1.13
2013.07.05 18:41:27.679,1.64388,1.64428,2.07,1.13
2013.07.05 18:41:28.494,1.64388,1.64426,2.07,1.13
2013.07.05 18:41:28.554,1.64388,1.64425,2.07,2.63
2013.07.05 18:41:28.954,1.64391,1.64429,1.69,1.13
2013.07.05 18:41:29.014,1.64396,1.64429,1.32,1.32
2013.07.05 18:41:29.254,1.64396,1.64429,1.32,2.44
2013.07.05 18:41:29.705,1.64396,1.64427,1.32,1.50
2013.07.05 18:41:30.764,1.64392,1.64428,2.07,1.50
2013.07.05 18:41:31.064,1.64389,1.64425,1.32,1.50
2013.07.05 18:41:31.831,1.64389,1.64426,1.69,1.50
2013.07.05 18:41:31.996,1.64389,1.64425,1.32,2.07
2013.07.05 18:41:32.295,1.64398,1.64429,1.69,1.88
2013.07.05 18:41:32.414,1.64398,1.64437,1.69,1.69
2013.07.05 18:41:32.954,1.64394,1.64433,1.32,1.32
2013.07.05 18:41:33.314,1.64394,1.64438,1.32,1.32
2013.07.05 18:41:34.224,1.64395,1.64437,1.69,1.69
2013.07.05 18:41:34.465,1.64392,1.64431,1.32,1.13
2013.07.05 18:41:34.764,1.64395,1.64433,1.32,1.32
2013.07.05 18:41:36.186,1.64392,1.64431,2.07,1.13
2013.07.05 18:41:36.304,1.64392,1.64431,2.07,1.32
2013.07.05 18:41:36.616,1.64395,1.64433,1.32,1.32
2013.07.05 18:41:36.854,1.64395,1.64434,2.07,1.32
2013.07.05 18:41:38.275,1.64397,1.64434,1.13,1.32
2013.07.05 18:41:38.395,1.64398,1.64437,1.50,1.32
2013.07.05 18:41:39.054,1.644,1.64439,2.44,1.69
2013.07.05 18:41:39.234,1.64402,1.64439,1.88,1.32
2013.07.05 18:41:39.897,1.64401,1.64443,1.69,2.44
2013.07.05 18:41:39.954,1.64398,1.64438,1.69,1.69
2013.07.05 18:41:40.444,1.64402,1.64438,1.13,1.32
2013.07.05 18:41:41.403,1.64402,1.64438,2.07,1.32
2013.07.05 18:41:41.914,1.64401,1.64439,1.69,1.32
2013.07.05 18:41:42.454,1.64402,1.64438,1.69,1.69
2013.07.05 18:41:42.575,1.64396,1.64436,1.32,2.44
2013.07.05 18:41:43.162,1.64398,1.64435,1.32,1.32
2013.07.05 18:41:45.616,1.64398,1.64435,1.13,1.32
2013.07.05 18:41:46.044,1.64397,1.64445,1.32,2.44
2013.07.05 18:41:46.904,1.64399,1.64445,1.32,2.44
2013.07.05 18:41:47.285,1.64395,1.6444,1.69,1.32
2013.07.05 18:41:49.026,1.64401,1.64441,1.32,1.69
2013.07.05 18:41:53.465,1.64402,1.64441,1.69,1.32
2013.07.05 18:41:55.455,1.64398,1.64437,1.32,1.32
2013.07.05 18:41:55.814,1.64398,1.6443,1.32,1.50
2013.07.05 18:41:56.194,1.64398,1.6443,1.32,1.50
2013.07.05 18:41:56.414,1.64398,1.64435,1.32,2.44
2013.07.05 18:41:56.954,1.64401,1.64439,1.50,1.32
2013.07.05 18:41:57.904,1.64402,1.64436,1.69,2.63
2013.07.05 18:41:58.474,1.64398,1.64431,2.44,1.50
2013.07.05 18:41:59.044,1.64398,1.6443,2.44,1.50
2013.07.05 18:41:59.564,1.64402,1.64436,1.69,1.88
2013.07.05 18:41:59.636,1.64402,1.64434,1.69,1.50
2013.07.05 18:42:03.066,1.64402,1.64434,1.69,1.50
2013.07.05 18:42:03.424,1.64398,1.64432,2.44,1.50
2013.07.05 18:42:04.514,1.64397,1.64425,2.07,1.50
2013.07.05 18:42:04.695,1.64397,1.64425,1.13,1.50
2013.07.05 18:42:04.815,1.64392,1.6442,1.32,1.50
2013.07.05 18:42:04.935,1.64391,1.6442,1.32,2.25
2013.07.05 18:42:05.054,1.64383,1.64419,1.32,2.25
2013.07.05 18:42:05.474,1.64383,1.64423,1.69,1.69
2013.07.05 18:42:05.744,1.64385,1.64416,2.44,1.50
2013.07.05 18:42:06.085,1.6439,1.64417,1.13,1.50
2013.07.05 18:42:07.550,1.6439,1.64418,1.13,1.50
2013.07.05 18:42:07.737,1.64391,1.64423,1.13,2.44
2013.07.05 18:42:08.104,1.64394,1.64423,1.13,2.44
2013.07.05 18:42:08.524,1.64385,1.64423,1.69,2.44
2013.07.05 18:42:08.584,1.64386,1.64423,1.69,2.44
2013.07.05 18:42:08.938,1.64392,1.64423,1.13,2.44
2013.07.05 18:42:11.736,1.64384,1.64423,2.44,2.44
2013.07.05 18:42:11.854,1.64382,1.64423,2.07,2.44
2013.07.05 18:42:12.394,1.64382,1.6442,2.07,1.50
2013.07.05 18:42:13.355,1.64382,1.6442,1.32,2.25
2013.07.05 18:42:13.655,1.64382,1.64416,1.32,2.25
2013.07.05 18:42:13.716,1.64383,1.64416,1.32,1.50
2013.07.05 18:42:13.775,1.64387,1.6442,1.13,1.69
2013.07.05 18:42:14.614,1.64387,1.6442,1.88,1.69
2013.07.05 18:42:15.364,1.64388,1.64422,1.13,1.69
2013.07.05 18:42:15.425,1.64388,1.64423,1.13,1.69
2013.07.05 18:42:15.665,1.64389,1.64425,1.32,1.69
2013.07.05 18:42:16.232,1.64392,1.64428,1.13,2.44
2013.07.05 18:42:16.355,1.64393,1.64429,2.82,2.25
2013.07.05 18:42:17.035,1.64392,1.64428,1.32,1.13
2013.07.05 18:42:18.634,1.64392,1.64428,1.32,1.32
2013.07.05 18:42:21.524,1.64389,1.64428,1.32,1.32
2013.07.05 18:42:22.514,1.64393,1.6443,1.32,1.32
2013.07.05 18:42:22.574,1.64393,1.6443,1.32,1.32
2013.07.05 18:42:23.114,1.64393,1.64428,1.32,2.44
2013.07.05 18:42:24.231,1.64393,1.64428,1.13,2.44
2013.07.05 18:42:27.064,1.64392,1.64428,1.32,2.82
2013.07.05 18:42:27.801,1.64392,1.64428,1.32,1.32
2013.07.05 18:42:28.446,1.64392,1.64428,1.32,2.07
2013.07.05 18:42:28.656,1.64392,1.64427,1.32,1.32
2013.07.05 18:42:29.455,1.64392,1.64427,1.32,1.69
2013.07.05 18:42:30.052,1.64392,1.64426,1.69,1.88
2013.07.05 18:42:31.784,1.64387,1.64424,1.32,1.88
2013.07.05 18:42:31.918,1.64387,1.64422,1.32,1.50
2013.07.05 18:42:36.494,1.64387,1.64425,1.32,2.07
2013.07.05 18:42:36.684,1.6439,1.64425,1.32,2.07
2013.07.05 18:42:37.450,1.64392,1.64428,1.13,1.32
2013.07.05 18:42:37.904,1.64386,1.64422,1.69,1.50
2013.07.05 18:42:37.964,1.64386,1.64422,1.69,1.69
2013.07.05 18:42:38.204,1.64383,1.64422,1.69,2.44
2013.07.05 18:42:38.504,1.64373,1.64412,1.32,1.69
2013.07.05 18:42:38.805,1.64371,1.64409,2.07,1.50
2013.07.05 18:42:38.925,1.64371,1.64413,2.07,1.69
2013.07.05 18:42:41.355,1.64371,1.64411,3.19,1.32
2013.07.05 18:42:47.188,1.64371,1.64411,2.44,1.32
2013.07.05 18:42:47.804,1.64371,1.64411,2.07,1.32
2013.07.05 18:42:53.214,1.64381,1.64423,1.32,2.07
2013.07.05 18:42:54.324,1.64381,1.64424,1.32,2.07
2013.07.05 18:42:54.384,1.64381,1.64421,1.32,1.32
2013.07.05 18:42:57.485,1.64381,1.64418,1.32,1.13
2013.07.05 18:42:58.315,1.64381,1.64418,1.32,1.13
2013.07.05 18:43:01.616,1.64378,1.64418,1.32,1.32
2013.07.05 18:43:01.676,1.64382,1.64418,1.13,1.32
2013.07.05 18:43:01.854,1.64378,1.64418,1.32,1.32
2013.07.05 18:43:02.404,1.64378,1.64416,1.32,1.32
2013.07.05 18:43:02.644,1.64378,1.64414,1.13,2.82
2013.07.05 18:43:04.265,1.64375,1.64413,1.32,1.69
2013.07.05 18:43:06.438,1.64375,1.64412,1.32,1.69
2013.07.05 18:43:07.515,1.64373,1.64414,1.32,2.44
2013.07.05 18:43:08.321,1.64373,1.64412,1.32,2.07
2013.07.05 18:43:09.195,1.64373,1.64411,1.32,2.44
2013.07.05 18:43:09.434,1.64371,1.64404,1.69,1.50
2013.07.05 18:43:09.885,1.64375,1.64408,1.32,2.25
2013.07.05 18:43:10.766,1.64375,1.64413,1.32,2.44
2013.07.05 18:43:10.825,1.64375,1.64413,1.13,2.44
2013.07.05 18:43:11.154,1.64375,1.64411,1.13,1.69
2013.07.05 18:43:11.668,1.64371,1.64414,1.32,2.44
2013.07.05 18:43:12.214,1.64371,1.64412,1.32,1.32
2013.07.05 18:43:14.267,1.64371,1.64412,1.32,1.32
2013.07.05 18:43:18.995,1.64371,1.64412,1.32,1.32
2013.07.05 18:43:21.214,1.64371,1.64412,1.32,1.32
2013.07.05 18:43:24.895,1.64372,1.64414,2.07,1.13
2013.07.05 18:43:25.135,1.64383,1.6442,1.88,1.69
2013.07.05 18:43:28.924,1.64386,1.64421,1.50,1.32
2013.07.05 18:43:30.761,1.64386,1.64421,1.69,1.32
2013.07.05 18:43:31.844,1.64389,1.64421,1.50,1.32
2013.07.05 18:43:32.795,1.64386,1.64421,1.69,1.32
2013.07.05 18:43:35.515,1.64387,1.64419,1.50,1.13
2013.07.05 18:43:40.231,1.64387,1.64421,1.69,1.13
2013.07.05 18:43:41.238,1.64387,1.64419,1.69,1.13
2013.07.05 18:43:46.494,1.64385,1.64421,1.69,1.13
2013.07.05 18:43:47.034,1.64385,1.64421,1.69,1.32
2013.07.05 18:43:47.334,1.64386,1.64418,1.69,1.13
2013.07.05 18:43:51.165,1.64386,1.64418,1.50,1.13
2013.07.05 18:43:52.505,1.64389,1.64418,1.50,1.13
2013.07.05 18:43:59.784,1.64388,1.64418,1.50,1.13
2013.07.05 18:44:03.863,1.64387,1.64418,1.69,1.13
2013.07.05 18:44:04.594,1.64389,1.6442,1.50,1.13
2013.07.05 18:44:11.054,1.64384,1.6442,1.69,1.32
2013.07.05 18:44:11.616,1.64384,1.6442,1.69,1.32
2013.07.05 18:44:12.434,1.64391,1.6442,1.50,1.32
2013.07.05 18:44:13.178,1.6439,1.64429,1.50,1.69
2013.07.05 18:44:13.246,1.64392,1.64429,1.50,1.69
2013.07.05 18:44:13.604,1.64387,1.64429,1.32,1.69
2013.07.05 18:44:14.145,1.64387,1.64429,1.13,1.69
2013.07.05 18:44:14.332,1.64387,1.6443,1.13,1.32
2013.07.05 18:44:15.623,1.6439,1.64429,1.13,1.69
2013.07.05 18:44:16.246,1.6439,1.6443,1.13,1.32
2013.07.05 18:44:16.485,1.64392,1.6443,2.44,1.32
2013.07.05 18:44:18.244,1.6439,1.64428,1.32,1.32
2013.07.05 18:44:22.215,1.64389,1.64429,1.69,1.32
2013.07.05 18:44:22.276,1.64389,1.64429,1.69,1.32
2013.07.05 18:44:22.605,1.64395,1.64429,1.88,1.32
2013.07.05 18:44:24.035,1.64391,1.6443,2.07,1.32
2013.07.05 18:44:24.594,1.64391,1.6443,1.32,1.32
2013.07.05 18:44:25.186,1.64395,1.64429,1.88,1.32
2013.07.05 18:44:26.114,1.64395,1.6443,1.88,1.32
2013.07.05 18:44:28.704,1.64395,1.64432,1.88,1.32
2013.07.05 18:44:29.224,1.64394,1.6443,1.88,1.32
2013.07.05 18:44:29.770,1.64392,1.64429,1.13,1.32
2013.07.05 18:44:32.178,1.64391,1.64429,1.32,1.32
2013.07.05 18:44:37.497,1.64396,1.64433,1.50,1.32
2013.07.05 18:44:39.284,1.64397,1.64433,1.50,1.32
2013.07.05 18:44:40.545,1.64395,1.64433,1.88,1.32
2013.07.05 18:44:44.401,1.64395,1.64433,2.07,1.32
2013.07.05 18:44:47.136,1.64395,1.64433,1.88,1.32
2013.07.05 18:44:47.855,1.64392,1.6443,1.32,1.32
2013.07.05 18:44:49.264,1.64392,1.64432,1.13,2.22
2013.07.05 18:44:51.044,1.64392,1.64432,1.13,2.59
2013.07.05 18:44:51.472,1.64386,1.64431,2.82,1.32
2013.07.05 18:44:52.055,1.6439,1.64429,1.13,1.32
2013.07.05 18:44:54.323,1.6439,1.64429,1.32,1.32
2013.07.05 18:44:55.464,1.6439,1.64429,1.13,2.07
2013.07.05 18:44:59.235,1.6439,1.64429,1.32,1.32
2013.07.05 18:45:01.344,1.64391,1.64432,1.32,2.07
2013.07.05 18:45:01.724,1.64384,1.64428,1.69,2.44
2013.07.05 18:45:02.025,1.64387,1.64429,1.13,1.32
2013.07.05 18:45:02.532,1.64392,1.64428,2.07,1.32
2013.07.05 18:45:04.308,1.64388,1.64428,1.50,1.32
2013.07.05 18:45:04.615,1.64381,1.64425,2.63,3.94
2013.07.05 18:45:04.735,1.64387,1.64424,1.50,2.44
2013.07.05 18:45:05.035,1.64383,1.64425,2.07,3.19
2013.07.05 18:45:06.175,1.64381,1.64422,1.32,2.07
2013.07.05 18:45:10.058,1.64381,1.6442,1.13,1.32
2013.07.05 18:45:16.197,1.64381,1.6442,1.13,1.32
2013.07.05 18:45:17.514,1.64381,1.6442,1.13,1.32
2013.07.05 18:45:24.025,1.64383,1.6442,1.13,1.32
2013.07.05 18:45:24.406,1.64383,1.6442,1.13,1.32
2013.07.05 18:45:24.766,1.64392,1.64431,2.63,3.19
2013.07.05 18:45:24.885,1.64392,1.64429,2.63,1.69
2013.07.05 18:45:25.544,1.64387,1.64426,1.32,1.32
2013.07.05 18:45:27.316,1.64387,1.64426,1.32,1.32
2013.07.05 18:45:28.046,1.64389,1.64426,1.88,1.32
2013.07.05 18:45:28.844,1.6439,1.64426,1.50,1.32
2013.07.05 18:45:32.705,1.6439,1.64426,2.25,1.32
2013.07.05 18:45:33.256,1.6439,1.64426,1.50,1.32
2013.07.05 18:45:34.078,1.6439,1.64426,1.50,1.32
2013.07.05 18:45:34.135,1.64388,1.64426,1.69,1.32
2013.07.05 18:45:34.255,1.64388,1.64426,1.50,2.07
2013.07.05 18:45:34.654,1.64391,1.64426,1.50,2.07
2013.07.05 18:45:34.975,1.64386,1.64426,1.13,2.07
2013.07.05 18:45:36.497,1.64386,1.64421,1.13,2.40
2013.07.05 18:45:36.855,1.64378,1.64406,1.13,1.69
2013.07.05 18:45:36.975,1.64377,1.64412,1.13,1.84
2013.07.05 18:45:37.035,1.64377,1.64414,1.13,1.69
2013.07.05 18:45:37.094,1.64377,1.64417,1.32,1.69
2013.07.05 18:45:37.514,1.64369,1.64418,1.32,1.32
2013.07.05 18:45:38.885,1.64377,1.64413,1.32,1.32
2013.07.05 18:45:39.401,1.64377,1.64413,1.32,1.32
2013.07.05 18:45:42.824,1.64381,1.6442,1.13,2.07
2013.07.05 18:45:43.144,1.6438,1.6442,1.13,1.69
2013.07.05 18:45:43.676,1.6438,1.6442,1.13,1.69
2013.07.05 18:45:44.276,1.64381,1.64421,1.13,2.44
2013.07.05 18:45:44.455,1.64381,1.64419,1.50,1.32
2013.07.05 18:45:45.006,1.64376,1.64417,1.13,1.32
2013.07.05 18:45:45.526,1.64376,1.64416,1.13,1.32
2013.07.05 18:45:45.925,1.64376,1.64416,1.13,1.32
2013.07.05 18:45:50.334,1.64376,1.64416,1.13,1.32
2013.07.05 18:45:51.884,1.64376,1.64416,1.13,1.32
2013.07.05 18:45:52.826,1.64384,1.64421,1.50,1.32
2013.07.05 18:45:52.956,1.64381,1.64421,1.50,1.32
2013.07.05 18:45:53.015,1.64381,1.64421,1.69,1.32
2013.07.05 18:45:54.118,1.64382,1.64418,2.07,1.32
2013.07.05 18:45:54.576,1.64381,1.6442,1.32,1.32
2013.07.05 18:45:54.754,1.64386,1.64424,1.69,2.07
2013.07.05 18:45:55.414,1.64385,1.64425,1.69,1.32
2013.07.05 18:45:55.925,1.64384,1.64424,1.32,2.07
2013.07.05 18:45:56.444,1.64383,1.64423,2.44,1.32
2013.07.05 18:45:57.145,1.64381,1.64423,2.07,1.32
2013.07.05 18:46:00.454,1.64384,1.64419,2.07,1.13
2013.07.05 18:46:04.134,1.64384,1.64419,2.07,1.13
2013.07.05 18:46:04.195,1.64388,1.6442,1.50,1.13
2013.07.05 18:46:04.504,1.64388,1.6442,1.69,1.13
2013.07.05 18:46:05.075,1.64388,1.6442,1.69,1.13
2013.07.05 18:46:05.854,1.64385,1.64419,1.69,1.13
2013.07.05 18:46:06.556,1.64386,1.6442,1.69,1.13
2013.07.05 18:46:08.005,1.64385,1.6442,1.69,1.13
2013.07.05 18:46:10.377,1.64382,1.6442,2.44,1.13
2013.07.05 18:46:12.775,1.64383,1.6442,1.50,1.13
2013.07.05 18:46:15.276,1.64382,1.64418,1.32,1.32
2013.07.05 18:46:16.088,1.64377,1.64417,1.13,1.32
2013.07.05 18:46:16.994,1.64377,1.64417,1.88,1.13
2013.07.05 18:46:17.505,1.64377,1.64418,2.07,1.88
2013.07.05 18:46:17.805,1.64377,1.64415,1.32,1.32
2013.07.05 18:46:18.054,1.64377,1.64415,1.32,1.32
2013.07.05 18:46:27.178,1.64377,1.64415,1.32,1.13
2013.07.05 18:46:29.446,1.64382,1.64413,1.69,1.13
2013.07.05 18:46:30.928,1.64384,1.64418,1.69,1.69
2013.07.05 18:46:30.986,1.64384,1.64424,2.44,3.19
2013.07.05 18:46:31.047,1.64384,1.64425,3.19,2.07
2013.07.05 18:46:31.585,1.64384,1.64427,1.69,2.44
2013.07.05 18:46:31.825,1.64382,1.64425,3.19,1.32
2013.07.05 18:46:34.507,1.64386,1.64418,1.50,1.32
2013.07.05 18:46:34.686,1.64385,1.64423,1.69,1.32
2013.07.05 18:46:34.925,1.64385,1.64417,1.69,1.13
2013.07.05 18:46:35.551,1.6438,1.64417,2.07,1.13
2013.07.05 18:46:41.535,1.6438,1.64417,2.07,1.13
2013.07.05 18:46:42.301,1.64376,1.64417,2.44,1.13
2013.07.05 18:46:42.545,1.64383,1.64425,1.69,1.69
2013.07.05 18:46:42.905,1.64384,1.64423,3.00,1.32
2013.07.05 18:46:43.375,1.64385,1.64429,2.44,1.32
2013.07.05 18:46:43.435,1.6439,1.64429,1.50,1.32
2013.07.05 18:46:44.017,1.64387,1.64429,1.69,1.32
2013.07.05 18:46:44.564,1.6439,1.64427,1.69,1.32
2013.07.05 18:46:44.794,1.64391,1.64424,1.50,1.13
2013.07.05 18:46:46.563,1.6439,1.64425,1.69,1.32
2013.07.05 18:46:46.630,1.64391,1.64425,1.50,1.32
2013.07.05 18:46:46.695,1.64387,1.64424,2.07,1.32
2013.07.05 18:46:47.525,1.64377,1.64418,1.69,1.69
2013.07.05 18:46:48.677,1.64379,1.64417,1.32,1.32
2013.07.05 18:46:49.283,1.64374,1.64415,1.32,1.32
2013.07.05 18:46:49.645,1.64376,1.64416,1.32,1.32
2013.07.05 18:46:49.766,1.64373,1.64416,2.07,1.32
2013.07.05 18:46:49.885,1.64375,1.64413,1.32,1.13
2013.07.05 18:46:57.576,1.64375,1.64418,1.32,1.32
2013.07.05 18:46:57.636,1.64375,1.64417,1.32,1.32
2013.07.05 18:46:59.195,1.64376,1.64415,1.88,1.50
2013.07.05 18:46:59.735,1.64381,1.64415,1.13,1.50
2013.07.05 18:47:00.225,1.64381,1.6442,1.13,1.69
2013.07.05 18:47:00.584,1.64381,1.6442,1.13,1.32
2013.07.05 18:47:00.946,1.64381,1.6442,2.07,1.13
2013.07.05 18:47:01.276,1.64381,1.64424,2.07,1.69
2013.07.05 18:47:02.144,1.64381,1.64419,2.07,1.50
2013.07.05 18:47:02.497,1.64381,1.64419,2.07,1.13
2013.07.05 18:47:03.475,1.64396,1.64424,1.13,1.50
2013.07.05 18:47:03.775,1.64385,1.64425,1.32,1.13
2013.07.05 18:47:03.954,1.64385,1.64428,1.32,1.32
2013.07.05 18:47:04.544,1.64387,1.64425,1.32,1.50
2013.07.05 18:47:04.895,1.64386,1.64427,2.07,1.13
2013.07.05 18:47:05.695,1.64386,1.64428,1.32,2.82
2013.07.05 18:47:06.247,1.64387,1.64426,1.32,1.88
2013.07.05 18:47:06.952,1.64387,1.6443,1.32,1.32
2013.07.05 18:47:07.025,1.64393,1.64426,1.69,1.13
2013.07.05 18:47:08.418,1.64393,1.64429,1.69,1.88
2013.07.05 18:47:08.655,1.64393,1.64429,1.69,2.07
2013.07.05 18:47:09.214,1.64391,1.64429,1.32,1.32
2013.07.05 18:47:09.936,1.64396,1.64438,2.25,1.32
2013.07.05 18:47:10.704,1.64395,1.64435,1.69,1.69
2013.07.05 18:47:11.115,1.64395,1.64435,2.82,2.07
2013.07.05 18:47:11.475,1.64398,1.64442,1.69,2.07
2013.07.05 18:47:12.695,1.64402,1.64444,1.32,1.32
2013.07.05 18:47:13.054,1.64405,1.6444,1.69,1.32
2013.07.05 18:47:13.535,1.64408,1.64443,1.50,1.32
2013.07.05 18:47:13.895,1.64408,1.6445,1.32,1.32
2013.07.05 18:47:14.118,1.64413,1.64454,1.32,1.32
2013.07.05 18:47:14.185,1.64416,1.64454,1.13,1.32
2013.07.05 18:47:14.708,1.64416,1.64457,1.13,1.69
2013.07.05 18:47:15.437,1.64416,1.64455,1.13,1.32
2013.07.05 18:47:16.346,1.64416,1.64454,1.13,1.32
2013.07.05 18:47:16.525,1.64411,1.64448,3.19,1.13
2013.07.05 18:47:16.645,1.64411,1.64449,2.82,3.38
2013.07.05 18:47:16.986,1.64412,1.64448,2.44,3.00
2013.07.05 18:47:17.104,1.64412,1.64448,2.07,1.50
2013.07.05 18:47:17.405,1.64411,1.64449,2.82,1.13
2013.07.05 18:47:17.465,1.64417,1.64453,1.32,2.82
2013.07.05 18:47:17.916,1.64417,1.64453,1.32,2.07
2013.07.05 18:47:20.135,1.64417,1.64454,1.32,2.82
2013.07.05 18:47:20.623,1.64412,1.64452,1.32,1.69
2013.07.05 18:47:20.926,1.64412,1.64439,1.13,1.69
2013.07.05 18:47:20.986,1.64411,1.6444,1.13,1.69
2013.07.05 18:47:21.265,1.64411,1.64447,1.32,1.32
2013.07.05 18:47:21.385,1.64411,1.64446,1.32,1.32
2013.07.05 18:47:22.379,1.64411,1.64446,1.32,1.32
2013.07.05 18:47:22.684,1.64411,1.64445,1.32,1.13
2013.07.05 18:47:23.885,1.64411,1.64447,1.32,2.22
2013.07.05 18:47:24.979,1.64411,1.64447,1.13,2.97
2013.07.05 18:47:27.125,1.644,1.64443,1.69,1.69
2013.07.05 18:47:27.365,1.644,1.64431,1.32,2.25
2013.07.05 18:47:27.485,1.64396,1.64437,1.32,1.69
2013.07.05 18:47:27.845,1.64393,1.64436,1.69,1.69
2013.07.05 18:47:27.913,1.64396,1.64437,1.32,1.69
2013.07.05 18:47:28.915,1.64396,1.64439,1.32,3.72
2013.07.05 18:47:30.025,1.64396,1.64438,1.32,1.32
2013.07.05 18:47:30.326,1.64406,1.64443,3.00,1.32
2013.07.05 18:47:30.566,1.64408,1.64446,1.69,1.69
2013.07.05 18:47:31.454,1.64408,1.64451,3.19,1.32
2013.07.05 18:47:35.364,1.64411,1.64449,1.32,1.32
2013.07.05 18:47:35.665,1.64417,1.64449,1.13,1.32
2013.07.05 18:47:36.205,1.64417,1.64452,1.13,1.32
2013.07.05 18:47:36.485,1.64417,1.64458,1.32,4.32
2013.07.05 18:47:37.085,1.64417,1.64454,1.32,1.69
2013.07.05 18:47:37.515,1.64417,1.64449,1.32,1.13
2013.07.05 18:47:38.515,1.64411,1.64449,1.32,1.13
2013.07.05 18:47:40.996,1.64411,1.64449,1.69,1.32
2013.07.05 18:47:48.195,1.64411,1.64449,1.13,1.32
2013.07.05 18:47:49.005,1.64411,1.64449,1.13,1.32
2013.07.05 18:47:49.316,1.64409,1.64444,1.13,1.50
2013.07.05 18:47:49.435,1.64409,1.64444,1.69,1.50
2013.07.05 18:47:49.755,1.64407,1.64445,1.69,1.50
2013.07.05 18:47:49.995,1.64407,1.64445,1.50,1.69
2013.07.05 18:47:51.776,1.64407,1.64444,1.13,2.07
2013.07.05 18:47:52.125,1.64405,1.64444,1.50,2.07
2013.07.05 18:47:52.975,1.64408,1.64444,1.50,2.07
2013.07.05 18:47:53.336,1.64408,1.64445,1.13,2.44
2013.07.05 18:47:54.126,1.64408,1.64444,1.13,1.32
2013.07.05 18:47:56.955,1.64408,1.64442,1.13,1.32
2013.07.05 18:47:57.134,1.64408,1.64442,2.63,1.69
2013.07.05 18:47:57.497,1.64405,1.6444,3.38,1.32
2013.07.05 18:47:57.797,1.64398,1.64437,1.69,1.69
2013.07.05 18:47:57.857,1.64397,1.64438,1.69,2.44
2013.07.05 18:47:58.415,1.64404,1.64437,1.50,1.32
2013.07.05 18:47:58.975,1.64404,1.64437,1.50,1.32
2013.07.05 18:48:02.326,1.644,1.64438,1.13,1.32
2013.07.05 18:48:03.975,1.64403,1.64437,1.88,1.32
2013.07.05 18:48:05.948,1.64403,1.64437,1.88,1.32
2013.07.05 18:48:06.675,1.644,1.64437,1.13,1.32
2013.07.05 18:48:06.797,1.64396,1.64428,1.69,1.50
2013.07.05 18:48:06.976,1.64392,1.64428,1.88,1.32
2013.07.05 18:48:07.218,1.64397,1.64428,1.50,1.32
2013.07.05 18:48:07.415,1.64395,1.64432,1.50,1.69
2013.07.05 18:48:07.929,1.64396,1.64433,1.50,1.69
2013.07.05 18:48:08.375,1.64397,1.64433,1.50,1.32
2013.07.05 18:48:08.435,1.644,1.64437,1.50,2.07
2013.07.05 18:48:08.951,1.64399,1.64437,1.50,1.69
2013.07.05 18:48:09.455,1.644,1.64436,1.50,1.32
2013.07.05 18:48:09.515,1.64396,1.64435,1.69,1.32
2013.07.05 18:48:09.695,1.64396,1.64435,1.69,1.32
2013.07.05 18:48:11.550,1.64391,1.64431,2.07,1.32
2013.07.05 18:48:12.065,1.64395,1.64426,1.50,1.13
2013.07.05 18:48:13.505,1.64394,1.64428,1.69,1.32
2013.07.05 18:48:13.699,1.64399,1.64431,1.50,1.69
2013.07.05 18:48:14.135,1.64397,1.64428,1.50,1.32
2013.07.05 18:48:14.815,1.64396,1.64426,1.50,1.32
2013.07.05 18:48:14.935,1.64387,1.64419,1.13,1.32
2013.07.05 18:48:15.055,1.64384,1.64417,1.13,1.32
2013.07.05 18:48:15.115,1.64384,1.64417,1.50,1.32
2013.07.05 18:48:15.175,1.64384,1.64419,1.50,1.32
2013.07.05 18:48:15.236,1.64386,1.64424,1.50,1.69
2013.07.05 18:48:15.565,1.6439,1.64424,1.50,1.69
2013.07.05 18:48:16.605,1.64389,1.6442,1.50,1.32
2013.07.05 18:48:17.217,1.64389,1.6442,1.50,1.32
2013.07.05 18:48:17.454,1.64392,1.64422,1.50,1.32
2013.07.05 18:48:17.706,1.6439,1.64422,1.50,1.32
2013.07.05 18:48:19.855,1.6439,1.64419,1.50,1.13
2013.07.05 18:48:19.975,1.64386,1.64419,1.88,1.13
2013.07.05 18:48:20.455,1.64387,1.64414,2.25,1.13
2013.07.05 18:48:20.575,1.64392,1.64423,1.69,1.13
2013.07.05 18:48:20.755,1.64389,1.6443,2.07,1.32
2013.07.05 18:48:21.495,1.64391,1.64426,1.69,1.32
2013.07.05 18:48:22.046,1.64397,1.64426,1.50,1.32
2013.07.05 18:48:23.484,1.64395,1.64426,1.50,1.32
2013.07.05 18:48:23.975,1.64398,1.64429,1.50,1.69
2013.07.05 18:48:24.675,1.64394,1.6443,1.88,1.32
2013.07.05 18:48:24.735,1.64394,1.6443,1.88,1.69
2013.07.05 18:48:24.975,1.64395,1.64429,1.50,2.07
2013.07.05 18:48:25.215,1.64398,1.64429,1.50,2.07
2013.07.05 18:48:26.405,1.64398,1.64429,1.50,1.13
2013.07.05 18:48:26.915,1.64399,1.64429,1.50,1.88
2013.07.05 18:48:27.035,1.64398,1.64429,1.50,1.88
2013.07.05 18:48:29.116,1.64398,1.64429,1.50,1.13
2013.07.05 18:48:29.905,1.64398,1.64428,1.50,1.13
2013.07.05 18:48:30.435,1.64389,1.64427,3.19,2.25
2013.07.05 18:48:30.496,1.64395,1.64428,1.69,1.13
2013.07.05 18:48:30.675,1.64389,1.64427,2.07,1.88
2013.07.05 18:48:31.305,1.64385,1.64426,2.82,1.69
2013.07.05 18:48:31.666,1.64387,1.64426,1.69,1.32
2013.07.05 18:48:31.846,1.64387,1.64428,2.44,2.07
2013.07.05 18:48:32.026,1.64394,1.64431,1.88,1.69
2013.07.05 18:48:32.085,1.64394,1.64431,2.07,1.69
2013.07.05 18:48:33.656,1.64399,1.64431,1.50,1.69
2013.07.05 18:48:34.371,1.64399,1.64431,1.50,1.69
2013.07.05 18:48:35.536,1.644,1.64435,1.50,1.32
2013.07.05 18:48:35.596,1.644,1.64435,1.50,1.32
2013.07.05 18:48:35.656,1.64403,1.64434,1.50,1.32
2013.07.05 18:48:36.363,1.64402,1.64434,1.50,1.32
2013.07.05 18:48:37.335,1.64403,1.64434,1.50,1.32
2013.07.05 18:48:38.339,1.64402,1.64435,1.50,1.69
2013.07.05 18:48:40.476,1.64402,1.64435,1.50,1.69
2013.07.05 18:48:42.456,1.64404,1.64436,1.50,1.69
2013.07.05 18:48:43.875,1.644,1.64436,1.88,1.69
2013.07.05 18:48:45.195,1.64403,1.64437,1.69,1.88
2013.07.05 18:48:45.655,1.64399,1.64437,2.44,1.50
2013.07.05 18:48:45.718,1.64399,1.64437,1.50,1.69
2013.07.05 18:48:46.016,1.64401,1.64436,1.50,1.32
2013.07.05 18:48:46.135,1.64399,1.64436,1.50,1.69
2013.07.05 18:48:46.196,1.64401,1.64435,1.50,1.69
2013.07.05 18:48:47.307,1.644,1.64431,1.50,1.32
2013.07.05 18:48:48.555,1.64403,1.6443,1.50,1.32
2013.07.05 18:48:49.932,1.64409,1.64431,1.50,1.32
2013.07.05 18:48:50.115,1.64409,1.64439,1.50,1.32
2013.07.05 18:48:50.295,1.6441,1.64442,1.50,2.82
2013.07.05 18:48:50.785,1.64409,1.64437,1.50,1.69
2013.07.05 18:48:51.326,1.6441,1.64433,1.50,1.13
2013.07.05 18:48:51.955,1.64401,1.64434,1.50,1.32
2013.07.05 18:48:52.316,1.64405,1.64434,1.50,1.32
2013.07.05 18:48:52.635,1.64403,1.64433,1.50,1.13
2013.07.05 18:48:56.240,1.64406,1.64433,1.50,1.13
2013.07.05 18:48:57.805,1.64399,1.64434,1.88,1.32
2013.07.05 18:48:57.865,1.64401,1.64433,1.50,1.32
2013.07.05 18:48:58.305,1.64395,1.64434,1.32,1.32
2013.07.05 18:48:59.617,1.644,1.64433,1.50,1.32
2013.07.05 18:48:59.975,1.64403,1.64434,1.50,1.32
2013.07.05 18:49:00.526,1.64402,1.64433,1.50,1.32
2013.07.05 18:49:02.756,1.64402,1.64433,1.50,1.32
2013.07.05 18:49:03.915,1.644,1.64433,1.88,1.32
2013.07.05 18:49:04.566,1.64401,1.64434,1.50,1.32
2013.07.05 18:49:09.186,1.64401,1.64434,1.50,1.32
2013.07.05 18:49:09.736,1.64401,1.64433,1.50,1.32
2013.07.05 18:49:11.405,1.64401,1.64433,1.50,1.13
2013.07.05 18:49:16.105,1.64399,1.64434,1.69,1.32
2013.07.05 18:49:16.165,1.64399,1.64434,1.69,1.32
2013.07.05 18:49:20.235,1.644,1.64433,1.50,1.13
2013.07.05 18:49:20.575,1.64399,1.64434,2.07,1.32
2013.07.05 18:49:22.856,1.64395,1.64433,1.32,1.32
2013.07.05 18:49:24.316,1.64395,1.64433,1.32,1.32
2013.07.05 18:49:24.375,1.64394,1.64433,1.32,1.32
2013.07.05 18:49:24.649,1.64394,1.64431,1.13,2.18
2013.07.05 18:49:24.775,1.64388,1.64424,1.69,1.13
2013.07.05 18:49:25.016,1.64388,1.64424,1.50,1.32
2013.07.05 18:49:25.136,1.64388,1.64422,1.50,1.69
2013.07.05 18:49:25.255,1.64376,1.64419,3.19,1.32
2013.07.05 18:49:25.555,1.64376,1.64418,2.44,1.32
2013.07.05 18:49:29.011,1.64372,1.64413,2.07,1.69
2013.07.05 18:49:29.330,1.64374,1.64411,2.44,1.13
2013.07.05 18:49:30.487,1.64373,1.64413,2.44,1.69
2013.07.05 18:49:30.545,1.64373,1.64417,3.19,1.69
2013.07.05 18:49:30.845,1.64385,1.64427,1.69,2.59
2013.07.05 18:49:30.964,1.64392,1.64428,1.50,1.69
2013.07.05 18:49:31.265,1.64394,1.64429,1.50,1.69
2013.07.05 18:49:31.786,1.64393,1.64429,1.88,2.59
2013.07.05 18:49:32.440,1.64392,1.64429,1.88,2.59
2013.07.05 18:49:32.796,1.64394,1.64429,1.50,2.59
2013.07.05 18:49:33.356,1.64395,1.64429,1.50,2.59
2013.07.05 18:49:34.445,1.64395,1.64429,1.50,1.84
2013.07.05 18:49:34.987,1.64394,1.64428,2.25,1.32
2013.07.05 18:49:35.143,1.64394,1.64427,2.25,1.32
2013.07.05 18:49:35.445,1.64396,1.64428,1.50,2.07
2013.07.05 18:49:35.805,1.64394,1.64427,1.50,1.32
2013.07.05 18:49:36.345,1.64395,1.64426,1.50,1.69
2013.07.05 18:49:36.665,1.64395,1.64427,1.50,1.32
2013.07.05 18:49:36.965,1.64399,1.64426,1.50,1.32
2013.07.05 18:49:38.754,1.64401,1.64426,1.50,1.32
2013.07.05 18:49:43.828,1.64398,1.64426,1.50,1.32
2013.07.05 18:49:44.887,1.64398,1.64426,1.50,1.32
2013.07.05 18:49:45.755,1.64396,1.64426,1.50,1.32
2013.07.05 18:49:47.521,1.64386,1.64426,3.57,1.13
2013.07.05 18:49:47.725,1.64394,1.64426,1.50,1.32
2013.07.05 18:49:48.086,1.64391,1.64426,1.50,1.32
2013.07.05 18:49:49.386,1.64391,1.64426,1.50,1.32
2013.07.05 18:49:51.477,1.64395,1.64426,1.50,1.32
2013.07.05 18:49:52.204,1.64395,1.64426,1.50,1.32
2013.07.05 18:49:53.075,1.64386,1.64426,2.07,1.32
2013.07.05 18:49:53.890,1.64398,1.64426,1.50,1.32
2013.07.05 18:49:57.285,1.64397,1.64426,2.25,1.32
2013.07.05 18:49:58.910,1.64398,1.64426,1.50,1.32
2013.07.05 18:50:01.066,1.64399,1.64426,1.50,1.32
2013.07.05 18:50:01.186,1.64383,1.64424,1.32,1.32
2013.07.05 18:50:01.248,1.64393,1.64425,1.69,1.13
2013.07.05 18:50:01.735,1.64399,1.64437,2.44,1.69
2013.07.05 18:50:02.298,1.644,1.64436,2.44,1.32
2013.07.05 18:50:02.835,1.64401,1.64439,2.44,2.44
2013.07.05 18:50:04.345,1.64401,1.64439,2.44,2.44
2013.07.05 18:50:04.685,1.64401,1.64439,3.19,2.25
2013.07.05 18:50:04.986,1.64397,1.64435,2.44,1.50
2013.07.05 18:50:05.659,1.64394,1.64433,2.07,1.13
2013.07.05 18:50:05.786,1.64394,1.64433,2.07,1.69
2013.07.05 18:50:10.925,1.64389,1.64426,1.32,2.63
2013.07.05 18:50:11.475,1.64389,1.64426,1.32,2.63
2013.07.05 18:50:12.456,1.64389,1.64425,1.32,1.69
2013.07.05 18:50:14.369,1.64389,1.64426,1.13,1.69
2013.07.05 18:50:16.299,1.64386,1.64424,1.88,1.50
2013.07.05 18:50:16.835,1.64387,1.64423,1.13,1.09
2013.07.05 18:50:16.957,1.64384,1.64418,1.32,1.13
2013.07.05 18:50:17.915,1.64382,1.64416,1.32,1.69
2013.07.05 18:50:19.537,1.64382,1.64417,1.32,2.07
2013.07.05 18:50:19.926,1.64382,1.64417,1.32,2.82
2013.07.05 18:50:19.986,1.64381,1.6442,1.32,1.32
2013.07.05 18:50:20.345,1.64374,1.64408,1.69,1.13
2013.07.05 18:50:21.625,1.64369,1.64408,2.44,1.50
2013.07.05 18:50:22.171,1.6437,1.64414,2.44,1.69
2013.07.05 18:50:25.117,1.64373,1.64411,1.32,1.32
2013.07.05 18:50:26.109,1.64373,1.64408,1.13,1.69
2013.07.05 18:50:26.346,1.64367,1.64396,1.13,2.63
2013.07.05 18:50:26.406,1.64367,1.64396,1.13,1.88
2013.07.05 18:50:26.467,1.64363,1.64407,2.07,1.32
2013.07.05 18:50:26.646,1.64363,1.64407,2.07,1.32
2013.07.05 18:50:26.885,1.64362,1.64407,2.44,2.82
2013.07.05 18:50:26.945,1.64371,1.64407,1.50,2.82
2013.07.05 18:50:27.305,1.64373,1.64408,1.88,1.32
2013.07.05 18:50:27.365,1.64373,1.64411,2.07,1.32
2013.07.05 18:50:28.485,1.64376,1.64408,1.50,1.32
2013.07.05 18:50:29.166,1.64376,1.64408,1.50,1.32
2013.07.05 18:50:30.436,1.64376,1.64405,1.50,1.32
2013.07.05 18:50:30.496,1.64371,1.64405,1.88,1.32
2013.07.05 18:50:30.615,1.64369,1.64398,1.50,1.13
2013.07.05 18:50:30.675,1.64369,1.64403,1.50,1.32
2013.07.05 18:50:30.736,1.64372,1.64404,1.50,2.44
2013.07.05 18:50:31.215,1.6437,1.64407,1.50,1.32
2013.07.05 18:50:33.039,1.6437,1.64407,1.69,1.32
2013.07.05 18:50:33.935,1.64367,1.64404,1.32,1.13
2013.07.05 18:50:34.175,1.64366,1.64405,3.19,1.32
2013.07.05 18:50:34.786,1.64366,1.64403,1.69,1.69
2013.07.05 18:50:36.535,1.64369,1.64399,1.50,1.13
2013.07.05 18:50:37.565,1.64368,1.64403,1.88,1.32
2013.07.05 18:50:43.157,1.64368,1.64403,2.07,1.32
2013.07.05 18:50:43.736,1.64364,1.64402,1.13,1.32
2013.07.05 18:50:45.895,1.64361,1.64399,1.69,1.69
2013.07.05 18:50:46.016,1.64363,1.64394,1.88,2.44
2013.07.05 18:50:46.135,1.64362,1.64395,1.50,3.94
2013.07.05 18:50:46.196,1.64356,1.64394,2.44,3.19
2013.07.05 18:50:46.375,1.64356,1.64395,2.44,3.94
2013.07.05 18:50:46.555,1.64358,1.64399,1.13,2.07
2013.07.05 18:50:46.615,1.64358,1.64399,1.32,1.32
2013.07.05 18:50:48.473,1.64358,1.64399,1.69,1.32
2013.07.05 18:50:50.118,1.64358,1.64398,1.32,1.32
2013.07.05 18:50:50.638,1.64363,1.64398,2.25,1.32
2013.07.05 18:50:52.545,1.64358,1.64399,1.13,1.13
2013.07.05 18:50:54.209,1.64367,1.64399,1.50,1.13
2013.07.05 18:50:57.916,1.64367,1.64393,1.50,1.69
2013.07.05 18:50:57.975,1.64356,1.64392,2.07,1.69
2013.07.05 18:50:58.096,1.64359,1.64392,1.50,1.69
2013.07.05 18:50:58.155,1.64359,1.64392,1.50,1.69
2013.07.05 18:50:58.275,1.64365,1.64398,1.50,1.32
2013.07.05 18:50:58.396,1.64364,1.64399,1.50,2.44
2013.07.05 18:50:58.515,1.64364,1.644,1.50,1.32
2013.07.05 18:50:59.040,1.64366,1.64403,1.50,1.32
2013.07.05 18:50:59.485,1.64363,1.64403,1.50,1.32
2013.07.05 18:50:59.785,1.64362,1.64399,1.32,1.32
2013.07.05 18:51:00.315,1.64362,1.644,1.32,1.32
2013.07.05 18:51:00.676,1.64359,1.64392,1.50,1.69
2013.07.05 18:51:01.035,1.64353,1.64392,2.44,2.44
2013.07.05 18:51:01.575,1.64353,1.64391,1.69,1.88
2013.07.05 18:51:01.926,1.64353,1.64387,1.69,1.13
2013.07.05 18:51:02.626,1.64353,1.64388,1.69,1.13
2013.07.05 18:51:02.805,1.64357,1.64394,1.50,1.69
2013.07.05 18:51:04.170,1.6436,1.6439,1.50,1.32
2013.07.05 18:51:04.526,1.6436,1.6439,1.50,1.32
2013.07.05 18:51:06.130,1.6436,1.6439,1.50,1.32
2013.07.05 18:51:06.195,1.64354,1.6439,1.88,1.32
2013.07.05 18:51:06.376,1.64354,1.6439,1.88,1.32
2013.07.05 18:51:06.436,1.64357,1.6439,1.50,1.32
2013.07.05 18:51:06.886,1.64359,1.64389,1.50,1.32
2013.07.05 18:51:08.834,1.64359,1.64389,1.50,1.13
2013.07.05 18:51:08.955,1.64357,1.6439,1.50,1.13
2013.07.05 18:51:11.106,1.64357,1.64393,2.25,2.07
2013.07.05 18:51:16.176,1.64357,1.64399,2.44,1.32
2013.07.05 18:51:16.355,1.64363,1.64404,1.13,1.69
2013.07.05 18:51:16.415,1.64363,1.64405,1.32,1.69
2013.07.05 18:51:16.655,1.64364,1.64405,1.50,2.44
2013.07.05 18:51:18.055,1.64366,1.64402,1.50,1.32
2013.07.05 18:51:18.596,1.64362,1.644,1.32,1.32
2013.07.05 18:51:24.668,1.64365,1.64399,1.88,2.10
2013.07.05 18:51:24.855,1.64349,1.64392,1.32,2.07
2013.07.05 18:51:25.411,1.64348,1.64392,1.32,1.69
2013.07.05 18:51:26.025,1.64353,1.64393,1.13,1.32
2013.07.05 18:51:26.445,1.64353,1.64393,2.63,2.07
2013.07.05 18:51:26.506,1.64353,1.64391,1.13,1.69
2013.07.05 18:51:27.036,1.64353,1.64391,1.13,1.69
2013.07.05 18:51:28.056,1.64353,1.64391,1.13,1.32
2013.07.05 18:51:30.189,1.64353,1.64391,1.32,1.32
2013.07.05 18:51:31.235,1.64356,1.64393,1.13,1.32
2013.07.05 18:51:33.703,1.64353,1.64391,1.32,1.32
2013.07.05 18:51:34.196,1.64353,1.64391,1.32,1.32
2013.07.05 18:51:38.725,1.64352,1.64391,1.32,1.32
2013.07.05 18:51:43.286,1.64352,1.64391,1.32,1.32
2013.07.05 18:51:45.827,1.64352,1.64391,1.32,1.32
2013.07.05 18:51:49.496,1.64352,1.64391,1.32,1.32
2013.07.05 18:51:51.026,1.64352,1.64391,1.32,1.69
2013.07.05 18:51:52.336,1.64352,1.64391,1.32,1.69
2013.07.05 18:51:55.887,1.64352,1.64392,1.32,1.32
2013.07.05 18:51:57.046,1.64352,1.64388,1.32,1.69
2013.07.05 18:51:57.406,1.64351,1.64376,1.13,3.19
2013.07.05 18:51:57.527,1.64338,1.64375,1.88,2.44
2013.07.05 18:51:57.586,1.64333,1.64375,1.69,2.44
2013.07.05 18:51:57.706,1.64334,1.64375,1.69,1.69
2013.07.05 18:51:58.196,1.64336,1.64375,1.13,1.69
2013.07.05 18:51:58.316,1.64333,1.64372,2.82,1.69
2013.07.05 18:51:59.126,1.64333,1.64372,1.69,1.69
2013.07.05 18:52:00.926,1.64334,1.64372,1.32,1.69
2013.07.05 18:52:01.939,1.64334,1.64374,1.32,1.32
2013.07.05 18:52:03.077,1.64334,1.64374,1.32,1.32
2013.07.05 18:52:04.276,1.64334,1.64374,1.32,1.32
2013.07.05 18:52:06.147,1.64334,1.64374,1.32,1.32
2013.07.05 18:52:08.757,1.64334,1.64374,1.32,1.32
2013.07.05 18:52:19.209,1.64337,1.64376,1.32,1.32
2013.07.05 18:52:20.685,1.6434,1.64376,1.32,1.32
2013.07.05 18:52:20.985,1.64347,1.64388,1.32,3.19
2013.07.05 18:52:22.955,1.64349,1.64387,1.32,1.69
2013.07.05 18:52:23.540,1.64353,1.64387,1.13,1.69
2013.07.05 18:52:24.137,1.64353,1.64387,1.13,1.69
2013.07.05 18:52:26.765,1.64353,1.64386,1.13,1.50
2013.07.05 18:52:27.875,1.64353,1.64388,1.13,3.19
2013.07.05 18:52:29.476,1.64352,1.64385,1.32,1.50
2013.07.05 18:52:31.295,1.64352,1.64385,1.32,1.50
2013.07.05 18:52:32.140,1.64352,1.64385,1.32,2.25
2013.07.05 18:52:32.325,1.64347,1.64382,1.32,2.25
2013.07.05 18:52:37.335,1.64349,1.64384,1.32,2.63
2013.07.05 18:52:38.835,1.64349,1.64383,1.13,1.32
2013.07.05 18:52:39.345,1.64348,1.64383,1.13,2.44
2013.07.05 18:52:41.345,1.64345,1.64383,1.13,2.82
2013.07.05 18:52:43.466,1.64345,1.6438,1.13,2.25
2013.07.05 18:52:44.238,1.64345,1.6438,1.13,2.25
2013.07.05 18:52:44.947,1.64345,1.64379,1.13,2.25
2013.07.05 18:52:46.531,1.64345,1.64382,1.13,2.82
2013.07.05 18:52:52.827,1.64345,1.64381,1.32,2.63
2013.07.05 18:52:55.737,1.64346,1.64385,1.32,3.57
2013.07.05 18:52:56.378,1.64347,1.64386,1.32,1.69
2013.07.05 18:53:04.576,1.64352,1.64385,1.13,1.69
2013.07.05 18:53:07.584,1.64352,1.64385,1.13,1.69
2013.07.05 18:53:09.315,1.64357,1.64389,1.32,1.50
2013.07.05 18:53:09.495,1.64351,1.64396,2.44,3.19
2013.07.05 18:53:09.615,1.64354,1.64394,1.32,1.69
2013.07.05 18:53:09.975,1.64354,1.64391,1.32,1.88
2013.07.05 18:53:10.336,1.64353,1.64388,1.13,2.25
2013.07.05 18:53:10.765,1.64353,1.64385,1.13,1.50
2013.07.05 18:53:11.616,1.64353,1.64388,1.13,2.25
2013.07.05 18:53:12.115,1.64353,1.64385,1.13,1.50
2013.07.05 18:53:12.699,1.64351,1.64385,1.13,1.69
2013.07.05 18:53:17.539,1.64352,1.64385,1.13,1.69
2013.07.05 18:53:20.595,1.64352,1.64388,1.13,2.44
2013.07.05 18:53:21.595,1.64352,1.6439,1.13,2.44
2013.07.05 18:53:21.837,1.6436,1.64389,1.69,1.50
2013.07.05 18:53:21.896,1.6436,1.64394,1.69,1.69
2013.07.05 18:53:22.015,1.6436,1.64399,1.13,1.69
2013.07.05 18:53:22.376,1.64362,1.64399,1.32,1.69
2013.07.05 18:53:24.755,1.64361,1.64403,1.32,1.69
2013.07.05 18:53:25.496,1.64366,1.64394,1.32,1.50
2013.07.05 18:53:27.238,1.64361,1.64394,1.13,1.69
2013.07.05 18:53:27.695,1.64359,1.64392,1.32,1.69
2013.07.05 18:53:28.185,1.64359,1.6439,1.32,1.50
2013.07.05 18:53:28.726,1.64359,1.64393,1.32,1.69
2013.07.05 18:53:28.907,1.6436,1.64393,1.13,2.44
2013.07.05 18:53:28.966,1.6436,1.64391,1.13,1.50
2013.07.05 18:53:29.693,1.6436,1.64394,1.13,1.69
2013.07.05 18:53:30.347,1.6436,1.64394,1.13,1.69
2013.07.05 18:53:30.987,1.6436,1.64393,1.13,1.69
2013.07.05 18:53:31.726,1.64359,1.64394,1.13,1.69
2013.07.05 18:53:35.075,1.6436,1.64398,1.13,2.44
2013.07.05 18:53:38.965,1.64359,1.64399,1.13,2.44
2013.07.05 18:53:42.583,1.6436,1.64394,1.13,2.44
2013.07.05 18:53:44.647,1.6436,1.64397,1.13,2.44
2013.07.05 18:53:48.345,1.6436,1.64393,1.13,1.69
2013.07.05 18:53:52.204,1.6436,1.64397,1.32,1.69
2013.07.05 18:54:01.488,1.6436,1.64387,1.32,1.50
2013.07.05 18:54:02.645,1.6436,1.64391,1.32,1.50
2013.07.05 18:54:04.801,1.6436,1.64389,1.13,1.50
2013.07.05 18:54:05.366,1.6436,1.6439,1.13,1.50
2013.07.05 18:54:07.255,1.64352,1.64391,2.82,1.50
2013.07.05 18:54:14.322,1.64353,1.64388,1.69,1.50
2013.07.05 18:54:17.395,1.64353,1.64391,1.69,1.50
2013.07.05 18:54:20.906,1.64354,1.64388,1.69,1.50
2013.07.05 18:54:22.201,1.64357,1.64388,1.69,1.50
2013.07.05 18:54:23.345,1.64353,1.64388,1.32,1.50
2013.07.05 18:54:29.518,1.64354,1.64388,1.69,1.50
2013.07.05 18:54:31.427,1.64353,1.64394,1.69,2.25
2013.07.05 18:54:32.828,1.64353,1.64394,1.32,2.44
2013.07.05 18:54:34.449,1.64353,1.64399,2.82,1.32
2013.07.05 18:54:35.493,1.64353,1.64397,2.07,1.32
2013.07.05 18:54:35.677,1.64351,1.64387,1.32,1.50
2013.07.05 18:54:35.796,1.64345,1.64386,1.32,1.69
2013.07.05 18:54:35.976,1.64344,1.64386,1.69,1.69
2013.07.05 18:54:37.466,1.64342,1.64384,1.32,1.69
2013.07.05 18:54:37.886,1.64338,1.64378,1.32,2.44
2013.07.05 18:54:39.375,1.64342,1.64378,1.32,2.44
2013.07.05 18:54:39.935,1.64343,1.64382,1.13,1.32
2013.07.05 18:54:48.435,1.64348,1.64382,1.50,1.32
2013.07.05 18:54:49.549,1.64347,1.64381,1.88,1.32
2013.07.05 18:54:50.706,1.64343,1.64382,1.32,1.32
2013.07.05 18:54:53.137,1.64343,1.64385,1.32,2.07
2013.07.05 18:54:53.196,1.64342,1.64388,2.07,1.32
2013.07.05 18:54:53.375,1.64342,1.6439,2.82,2.07
2013.07.05 18:54:54.985,1.64347,1.6439,1.32,1.69
2013.07.05 18:54:55.515,1.64347,1.64392,1.32,1.32
2013.07.05 18:54:56.266,1.64352,1.64392,1.32,2.07
2013.07.05 18:54:56.485,1.64354,1.64391,1.13,1.69
2013.07.05 18:54:57.645,1.64346,1.64392,2.82,1.69
2013.07.05 18:54:58.546,1.6435,1.64388,1.69,1.32
2013.07.05 18:55:00.335,1.6435,1.64388,1.50,1.32
2013.07.05 18:55:01.465,1.64353,1.64389,1.50,1.32
2013.07.05 18:55:01.585,1.64353,1.64391,1.13,1.69
2013.07.05 18:55:02.566,1.64352,1.64394,1.13,1.69
2013.07.05 18:55:02.720,1.64352,1.64395,1.32,1.69
2013.07.05 18:55:03.267,1.6435,1.64392,1.32,1.32
2013.07.05 18:55:03.326,1.64354,1.64392,2.07,1.32
2013.07.05 18:55:03.748,1.64351,1.64394,2.07,1.69
2013.07.05 18:55:03.867,1.64361,1.64399,1.13,1.32
2013.07.05 18:55:04.105,1.64355,1.64398,1.32,1.32
2013.07.05 18:55:04.285,1.6436,1.64394,2.07,1.13
2013.07.05 18:55:05.047,1.64357,1.64396,1.32,1.32
2013.07.05 18:55:05.107,1.64357,1.64396,1.32,1.32
2013.07.05 18:55:05.817,1.64357,1.64396,1.32,1.32
2013.07.05 18:55:05.996,1.64354,1.64391,1.32,1.50
2013.07.05 18:55:08.686,1.64348,1.6439,1.32,1.69
2013.07.05 18:55:09.046,1.64344,1.64383,1.13,2.44
2013.07.05 18:55:09.226,1.64336,1.64374,1.32,1.50
2013.07.05 18:55:09.405,1.64331,1.64375,1.32,1.69
2013.07.05 18:55:09.785,1.64331,1.64379,1.32,2.44
2013.07.05 18:55:10.655,1.64333,1.64376,1.32,1.69
2013.07.05 18:55:12.006,1.64339,1.64375,1.13,2.07
2013.07.05 18:55:16.857,1.64339,1.64378,1.50,1.32
2013.07.05 18:55:17.915,1.64335,1.64377,1.32,1.69
2013.07.05 18:55:18.479,1.64337,1.64374,1.13,1.69
2013.07.05 18:55:19.296,1.64341,1.64374,1.13,1.69
2013.07.05 18:55:20.727,1.64341,1.64374,1.13,1.69
2013.07.05 18:55:23.826,1.64341,1.64373,1.13,1.69
2013.07.05 18:55:25.126,1.64337,1.64373,1.13,2.44
2013.07.05 18:55:28.212,1.64337,1.64373,1.13,2.44
2013.07.05 18:55:29.587,1.64343,1.64374,1.50,1.69
2013.07.05 18:55:29.646,1.64343,1.64375,1.50,1.32
2013.07.05 18:55:30.186,1.64343,1.64376,2.25,1.69
2013.07.05 18:55:30.636,1.64343,1.64379,2.25,2.44
2013.07.05 18:55:30.896,1.64343,1.64379,1.13,1.69
2013.07.05 18:55:31.577,1.64344,1.64379,1.13,1.69
2013.07.05 18:55:34.026,1.64348,1.64379,1.13,1.69
2013.07.05 18:55:34.146,1.64348,1.6438,1.13,1.69
2013.07.05 18:55:34.638,1.64344,1.6438,1.50,2.44
2013.07.05 18:55:34.696,1.64335,1.64379,2.07,1.69
2013.07.05 18:55:34.876,1.64331,1.64374,1.32,1.69
2013.07.05 18:55:36.125,1.64334,1.64374,1.13,1.69
2013.07.05 18:55:36.657,1.64332,1.64374,1.13,1.69
2013.07.05 18:55:37.454,1.64332,1.64372,1.13,1.69
2013.07.05 18:55:37.757,1.6432,1.64363,1.13,1.69
2013.07.05 18:55:37.876,1.64322,1.6436,1.13,1.32
2013.07.05 18:55:38.297,1.64326,1.64361,1.50,1.69
2013.07.05 18:55:38.416,1.64331,1.64363,1.50,1.69
2013.07.05 18:55:38.596,1.64331,1.64364,1.50,1.32
2013.07.05 18:55:38.655,1.64331,1.64368,1.50,2.07
2013.07.05 18:55:38.715,1.64331,1.64368,1.13,1.69
2013.07.05 18:55:39.087,1.64335,1.64368,1.13,1.69
2013.07.05 18:55:41.186,1.64333,1.64368,1.13,1.69
2013.07.05 18:55:41.666,1.64336,1.64372,1.13,1.69
2013.07.05 18:55:42.577,1.64336,1.64373,1.13,1.32
2013.07.05 18:55:43.685,1.64336,1.64373,1.13,1.32
2013.07.05 18:55:44.046,1.64335,1.64373,1.13,2.07
2013.07.05 18:55:44.165,1.64335,1.64373,1.13,2.07
2013.07.05 18:55:46.096,1.64333,1.64372,1.32,1.32
2013.07.05 18:55:46.837,1.64333,1.64372,1.32,1.32
2013.07.05 18:55:47.016,1.64333,1.64372,1.32,1.32
2013.07.05 18:55:48.397,1.64333,1.64372,1.32,1.32
2013.07.05 18:55:52.197,1.64333,1.64372,1.13,1.32
2013.07.05 18:55:53.226,1.64328,1.64367,1.32,1.69
2013.07.05 18:55:53.526,1.64331,1.64367,1.50,3.19
2013.07.05 18:55:53.645,1.64319,1.64367,1.32,1.69
2013.07.05 18:55:54.515,1.64323,1.64359,1.69,2.44
2013.07.05 18:55:54.845,1.64323,1.64359,1.32,2.44
2013.07.05 18:55:56.945,1.64326,1.64362,1.13,2.44
2013.07.05 18:56:01.976,1.64326,1.64361,1.13,2.44
2013.07.05 18:56:02.510,1.64326,1.64361,1.13,2.44
2013.07.05 18:56:04.587,1.64326,1.64361,1.13,2.44
2013.07.05 18:56:05.587,1.64326,1.6436,1.13,2.44
2013.07.05 18:56:08.965,1.64326,1.64363,1.13,2.44
2013.07.05 18:56:09.477,1.64326,1.6436,1.13,2.44
2013.07.05 18:56:11.446,1.64326,1.64364,1.13,1.69
2013.07.05 18:56:13.657,1.64326,1.64363,1.13,1.69
2013.07.05 18:56:16.057,1.6433,1.64363,1.88,1.69
2013.07.05 18:56:17.667,1.6433,1.64364,1.88,2.07
2013.07.05 18:56:19.292,1.6433,1.64363,1.88,1.69
2013.07.05 18:56:20.597,1.64323,1.64363,1.13,1.69
2013.07.05 18:56:22.529,1.64325,1.64364,1.13,1.32
2013.07.05 18:56:29.007,1.64334,1.64364,1.69,1.88
2013.07.05 18:56:29.066,1.64334,1.64371,1.69,1.69
2013.07.05 18:56:29.126,1.64335,1.64371,1.69,1.50
2013.07.05 18:56:29.246,1.64338,1.64372,1.69,1.50
2013.07.05 18:56:29.307,1.64335,1.64378,2.07,2.44
2013.07.05 18:56:29.612,1.64337,1.64382,1.32,1.69
2013.07.05 18:56:29.737,1.64342,1.64384,1.32,1.32
2013.07.05 18:56:31.195,1.64351,1.6439,1.50,2.44
2013.07.05 18:56:31.648,1.64351,1.64391,1.69,1.69
2013.07.05 18:56:32.076,1.64353,1.64399,2.07,2.44
2013.07.05 18:56:32.436,1.64351,1.64399,1.32,1.69
2013.07.05 18:56:33.255,1.64353,1.64398,2.07,1.69
2013.07.05 18:56:33.858,1.64355,1.64398,1.69,1.69
2013.07.05 18:56:34.497,1.64353,1.64395,1.32,1.32
2013.07.05 18:56:35.575,1.6435,1.64388,1.32,3.00
2013.07.05 18:56:35.756,1.64343,1.64387,1.32,2.44
2013.07.05 18:56:35.877,1.64345,1.64387,2.07,2.44
2013.07.05 18:56:36.906,1.64348,1.64385,1.50,1.69
2013.07.05 18:56:37.448,1.64347,1.64385,1.88,2.82
2013.07.05 18:56:37.565,1.64349,1.64385,1.50,2.07
2013.07.05 18:56:38.688,1.64347,1.64383,2.07,1.88
2013.07.05 18:56:39.046,1.6434,1.64378,1.88,1.69
2013.07.05 18:56:40.018,1.64329,1.64375,2.07,2.44
2013.07.05 18:56:40.745,1.64329,1.64374,1.32,1.69
2013.07.05 18:56:41.317,1.64329,1.64373,1.32,1.32
2013.07.05 18:56:44.576,1.64337,1.64372,1.32,1.13
2013.07.05 18:56:45.147,1.64334,1.64372,1.32,1.13
2013.07.05 18:56:45.396,1.64334,1.64379,2.07,1.69
2013.07.05 18:56:45.456,1.64337,1.64379,1.32,1.69
2013.07.05 18:56:45.696,1.64342,1.64383,1.32,1.69
2013.07.05 18:56:46.010,1.64342,1.64384,1.32,1.69
2013.07.05 18:56:46.516,1.64342,1.64386,1.32,1.69
2013.07.05 18:56:46.844,1.64342,1.64386,1.32,1.69
2013.07.05 18:56:47.766,1.64347,1.64384,1.32,1.50
2013.07.05 18:56:48.272,1.64347,1.64384,1.32,1.50
2013.07.05 18:56:48.906,1.64343,1.64382,1.32,1.32
2013.07.05 18:56:49.704,1.64343,1.64382,1.32,1.32
2013.07.05 18:56:56.506,1.64338,1.64379,1.32,3.19
2013.07.05 18:56:56.686,1.64338,1.64379,1.32,3.19
2013.07.05 18:56:56.746,1.64338,1.64379,1.32,3.19
2013.07.05 18:56:56.806,1.64333,1.64379,1.32,3.19
2013.07.05 18:56:57.702,1.64333,1.64376,1.32,3.19
2013.07.05 18:56:58.316,1.64333,1.64374,1.32,1.69
2013.07.05 18:56:59.287,1.64337,1.64373,1.32,1.69
2013.07.05 18:57:01.416,1.64336,1.64377,1.13,1.69
2013.07.05 18:57:02.546,1.64338,1.64376,1.13,1.32
2013.07.05 18:57:03.392,1.64338,1.64378,1.13,1.69
2013.07.05 18:57:03.576,1.64342,1.64378,1.13,1.69
2013.07.05 18:57:03.716,1.64342,1.64379,1.13,1.69
2013.07.05 18:57:07.976,1.64338,1.64378,1.32,1.32
2013.07.05 18:57:10.255,1.64338,1.64378,2.07,1.13
2013.07.05 18:57:14.542,1.64338,1.64378,2.07,1.32
2013.07.05 18:57:18.196,1.64338,1.64376,1.32,1.32
2013.07.05 18:57:18.316,1.64342,1.64378,1.13,2.44
2013.07.05 18:57:18.377,1.64342,1.64379,1.32,1.69
2013.07.05 18:57:18.496,1.6434,1.64385,1.32,1.32
2013.07.05 18:57:19.036,1.64343,1.64386,1.47,1.69
2013.07.05 18:57:19.574,1.64342,1.64386,1.32,1.69
2013.07.05 18:57:20.106,1.64345,1.64385,1.32,1.32
2013.07.05 18:57:24.572,1.64345,1.64385,2.07,1.13
2013.07.05 18:57:25.816,1.64347,1.64385,1.32,1.13
2013.07.05 18:57:26.906,1.64345,1.64385,1.32,1.13
2013.07.05 18:57:27.557,1.64353,1.64384,1.88,1.13
2013.07.05 18:57:27.736,1.64354,1.64387,1.50,1.32
2013.07.05 18:57:28.036,1.64347,1.64394,2.78,1.69
2013.07.05 18:57:28.096,1.64356,1.64394,1.50,2.44
2013.07.05 18:57:28.156,1.64352,1.64394,1.32,1.69
2013.07.05 18:57:28.217,1.64355,1.64398,1.47,1.32
2013.07.05 18:57:28.775,1.64354,1.64402,2.22,2.44
2013.07.05 18:57:29.306,1.6436,1.64404,1.47,1.32
2013.07.05 18:57:29.858,1.6436,1.64402,1.47,1.69
2013.07.05 18:57:30.486,1.6436,1.64402,1.47,2.44
2013.07.05 18:57:31.026,1.64362,1.64399,1.32,1.32
2013.07.05 18:57:31.386,1.64364,1.64403,1.47,3.19
2013.07.05 18:57:31.899,1.64362,1.644,1.32,1.13
2013.07.05 18:57:33.467,1.64363,1.64402,1.32,1.32
2013.07.05 18:57:36.956,1.64363,1.64401,1.32,1.50
2013.07.05 18:57:37.506,1.64363,1.644,1.13,1.32
2013.07.05 18:57:38.036,1.64363,1.64397,1.13,1.32
2013.07.05 18:57:42.557,1.64363,1.64397,1.13,2.44
2013.07.05 18:57:45.796,1.6436,1.64403,1.32,1.32
2013.07.05 18:57:46.316,1.6436,1.64404,1.32,1.32
2013.07.05 18:57:46.647,1.64364,1.64402,1.32,1.69
2013.07.05 18:57:46.706,1.64364,1.64402,2.07,1.50
2013.07.05 18:57:48.525,1.64364,1.64403,1.32,1.32
2013.07.05 18:57:50.047,1.64364,1.64403,1.32,1.32
2013.07.05 18:57:50.268,1.64364,1.64403,2.07,1.32
2013.07.05 18:57:51.518,1.64376,1.64406,1.50,1.88
2013.07.05 18:57:51.756,1.64382,1.64413,2.07,1.50
2013.07.05 18:57:52.056,1.64375,1.64422,1.32,1.69
2013.07.05 18:57:53.801,1.64385,1.64422,1.50,2.07
2013.07.05 18:57:54.226,1.64385,1.64424,2.25,1.32
2013.07.05 18:57:54.286,1.64391,1.64426,1.69,1.69
2013.07.05 18:57:54.406,1.64391,1.64428,2.44,2.07
2013.07.05 18:57:54.466,1.64394,1.64431,1.50,1.32
2013.07.05 18:57:54.706,1.64397,1.64434,1.69,1.32
2013.07.05 18:57:55.357,1.64397,1.64424,1.69,2.25
2013.07.05 18:57:55.476,1.64392,1.64424,1.88,1.32
2013.07.05 18:57:55.659,1.64392,1.64424,1.13,1.32
2013.07.05 18:57:56.016,1.64388,1.64423,1.69,1.32
2013.07.05 18:57:56.378,1.64391,1.64426,1.88,2.44
2013.07.05 18:57:56.737,1.64382,1.64416,1.69,1.13
2013.07.05 18:57:56.856,1.64387,1.64424,1.32,1.32
2013.07.05 18:57:57.036,1.64388,1.64427,1.32,1.13
2013.07.05 18:57:57.957,1.64389,1.64429,1.32,1.32
2013.07.05 18:57:59.343,1.64392,1.64429,1.32,1.32
2013.07.05 18:58:01.416,1.64391,1.64429,1.32,1.32
2013.07.05 18:58:01.476,1.6439,1.64427,1.32,1.69
2013.07.05 18:58:02.016,1.64382,1.64427,1.13,1.32
2013.07.05 18:58:02.613,1.64388,1.64428,1.13,1.69
2013.07.05 18:58:03.131,1.6439,1.64425,1.13,1.32
2013.07.05 18:58:05.275,1.64381,1.64426,1.13,1.69
2013.07.05 18:58:05.887,1.64386,1.64427,1.13,3.19
2013.07.05 18:58:06.246,1.64392,1.64422,1.13,1.69
2013.07.05 18:58:06.306,1.64379,1.64423,1.32,1.69
2013.07.05 18:58:07.146,1.64376,1.6442,1.47,1.69
2013.07.05 18:58:08.276,1.64376,1.64421,2.22,1.69
2013.07.05 18:58:09.037,1.6438,1.64418,1.69,1.32
2013.07.05 18:58:09.732,1.64381,1.64424,1.69,2.82
2013.07.05 18:58:10.266,1.64381,1.64419,1.32,1.32
2013.07.05 18:58:11.996,1.64385,1.64424,1.32,1.32
2013.07.05 18:58:13.421,1.64388,1.64424,1.50,1.32
2013.07.05 18:58:15.246,1.6439,1.6442,1.50,1.32
2013.07.05 18:58:15.956,1.64386,1.6442,2.07,2.44
2013.07.05 18:58:16.842,1.64386,1.64419,1.88,1.50
2013.07.05 18:58:22.196,1.64387,1.64419,1.88,1.69
2013.07.05 18:58:27.306,1.64392,1.64426,1.50,5.07
2013.07.05 18:58:28.109,1.64391,1.64423,1.50,1.50
2013.07.05 18:58:28.236,1.64389,1.64421,2.07,1.50
2013.07.05 18:58:29.276,1.64393,1.64421,1.50,1.50
2013.07.05 18:58:29.976,1.64392,1.64422,1.50,2.25
2013.07.05 18:58:31.386,1.6439,1.64421,1.50,1.69
2013.07.05 18:58:31.816,1.64383,1.64419,1.69,1.50
2013.07.05 18:58:32.176,1.64388,1.6442,1.50,1.32
2013.07.05 18:58:32.707,1.64383,1.6442,1.32,1.32
2013.07.05 18:58:33.496,1.64388,1.64421,1.50,1.32
2013.07.05 18:58:38.457,1.64383,1.64421,1.32,1.32
2013.07.05 18:58:39.911,1.64388,1.6442,1.50,1.32
2013.07.05 18:58:41.627,1.64383,1.64421,1.32,1.32
2013.07.05 18:58:43.046,1.64388,1.6442,1.50,1.32
2013.07.05 18:58:43.603,1.64387,1.64421,1.50,1.32
2013.07.05 18:58:44.276,1.64384,1.64421,1.32,2.07
2013.07.05 18:58:46.866,1.64383,1.64406,1.50,1.50
2013.07.05 18:58:47.106,1.64382,1.64405,1.50,2.25
2013.07.05 18:58:47.166,1.64382,1.64405,1.50,1.69
2013.07.05 18:58:47.226,1.64367,1.64404,1.32,1.69
2013.07.05 18:58:59.356,1.64373,1.64408,2.44,1.88
2013.07.05 18:58:59.416,1.64375,1.64413,2.44,1.13
2013.07.05 18:58:59.536,1.64375,1.64416,1.32,1.50
2013.07.05 18:59:00.076,1.64383,1.6442,1.88,3.19
2013.07.05 18:59:00.677,1.64378,1.64416,1.32,1.50
2013.07.05 18:59:01.452,1.64383,1.64417,2.44,1.13
2013.07.05 18:59:01.519,1.64389,1.6442,1.50,1.69
2013.07.05 18:59:02.850,1.64388,1.6442,1.50,1.69
2013.07.05 18:59:03.186,1.64384,1.64419,1.69,3.00
2013.07.05 18:59:04.179,1.64386,1.64418,1.50,1.13
2013.07.05 18:59:05.509,1.64387,1.64419,1.50,2.44
2013.07.05 18:59:05.866,1.64369,1.64405,1.13,2.44
2013.07.05 18:59:05.987,1.64374,1.64404,1.50,1.69
2013.07.05 18:59:06.306,1.64372,1.64404,1.88,1.69
2013.07.05 18:59:06.841,1.64362,1.64404,1.47,1.69
2013.07.05 18:59:07.276,1.64362,1.64404,2.22,1.69
2013.07.05 18:59:07.698,1.64378,1.64406,1.69,1.50
2013.07.05 18:59:07.816,1.64377,1.64415,1.69,1.32
2013.07.05 18:59:07.877,1.64372,1.64413,1.69,1.69
2013.07.05 18:59:08.056,1.64366,1.64406,1.69,1.69
2013.07.05 18:59:08.345,1.64369,1.64405,1.32,1.69
2013.07.05 18:59:08.586,1.64364,1.64405,2.07,1.69
2013.07.05 18:59:10.216,1.64362,1.64402,1.32,1.69
2013.07.05 18:59:10.276,1.64364,1.64402,2.07,2.44
2013.07.05 18:59:10.717,1.64365,1.64402,1.32,1.69
2013.07.05 18:59:14.605,1.64365,1.64402,1.13,2.44
2013.07.05 18:59:14.916,1.64369,1.64406,1.88,1.69
2013.07.05 18:59:15.457,1.64366,1.64403,1.32,1.69
2013.07.05 18:59:15.876,1.64368,1.64407,1.13,1.32
2013.07.05 18:59:16.972,1.64371,1.64417,2.44,1.69
2013.07.05 18:59:17.347,1.64375,1.64416,1.50,2.44
2013.07.05 18:59:17.587,1.64369,1.64408,1.88,1.69
2013.07.05 18:59:17.646,1.64369,1.64408,1.88,1.69
2013.07.05 18:59:18.011,1.64376,1.64413,1.13,1.32
2013.07.05 18:59:18.077,1.64376,1.64416,1.32,2.07
2013.07.05 18:59:18.615,1.64377,1.64415,1.32,1.32
2013.07.05 18:59:19.155,1.64375,1.64414,1.32,1.32
2013.07.05 18:59:21.047,1.64375,1.64414,1.13,2.07
2013.07.05 18:59:22.296,1.64372,1.64409,1.13,1.69
2013.07.05 18:59:22.476,1.64366,1.64409,1.69,2.44
2013.07.05 18:59:23.386,1.64366,1.64405,1.13,1.69
2013.07.05 18:59:23.746,1.64372,1.64411,1.88,1.69
2013.07.05 18:59:23.805,1.64372,1.64416,2.07,1.69
2013.07.05 18:59:24.549,1.64375,1.64414,1.32,1.32
2013.07.05 18:59:25.065,1.64376,1.64414,1.13,1.32
2013.07.05 18:59:27.496,1.64367,1.64412,1.32,1.69
2013.07.05 18:59:28.156,1.64367,1.64412,2.07,2.82
2013.07.05 18:59:28.276,1.64367,1.64409,2.07,1.69
2013.07.05 18:59:29.053,1.64367,1.64409,1.32,1.69
2013.07.05 18:59:29.556,1.6437,1.64408,1.69,1.32
2013.07.05 18:59:30.310,1.6437,1.64408,1.69,1.32
2013.07.05 18:59:30.377,1.6437,1.64404,1.69,2.25
2013.07.05 18:59:30.497,1.64371,1.64404,1.50,2.44
2013.07.05 18:59:30.799,1.64365,1.64405,2.44,1.69
2013.07.05 18:59:30.858,1.64365,1.64405,2.44,1.69
2013.07.05 18:59:31.197,1.64361,1.64403,2.07,1.32
2013.07.05 18:59:31.747,1.64361,1.64401,2.07,2.25
2013.07.05 18:59:32.436,1.64361,1.64403,2.07,1.69
2013.07.05 18:59:32.808,1.64361,1.64399,1.32,1.50
2013.07.05 18:59:33.479,1.64362,1.64399,1.32,2.25
2013.07.05 18:59:33.548,1.64363,1.64398,1.50,2.07
2013.07.05 18:59:33.667,1.64363,1.64397,2.44,1.50
2013.07.05 18:59:34.026,1.64374,1.64411,1.28,1.69
2013.07.05 18:59:34.086,1.64374,1.64413,1.47,1.69
2013.07.05 18:59:34.626,1.64371,1.64401,1.32,1.50
2013.07.05 18:59:34.987,1.64367,1.64404,1.13,1.69
2013.07.05 18:59:35.106,1.64357,1.64396,1.32,1.50
2013.07.05 18:59:35.706,1.64357,1.64394,1.32,1.50
2013.07.05 18:59:36.026,1.64362,1.64396,1.32,1.50
2013.07.05 18:59:36.198,1.64362,1.644,1.32,1.32
2013.07.05 18:59:36.626,1.64362,1.64393,1.32,1.50
2013.07.05 18:59:36.746,1.64356,1.64392,2.82,1.50
2013.07.05 18:59:36.806,1.64356,1.64392,2.07,2.25
2013.07.05 18:59:37.357,1.64351,1.64389,1.32,1.50
2013.07.05 18:59:37.597,1.64351,1.64388,1.32,1.88
2013.07.05 18:59:37.718,1.6435,1.64386,1.32,2.25
2013.07.05 18:59:39.187,1.64353,1.64388,1.32,3.00
2013.07.05 18:59:39.247,1.64353,1.64392,1.32,2.44
2013.07.05 18:59:39.309,1.64353,1.64392,1.32,2.07
2013.07.05 18:59:39.426,1.64355,1.6439,1.32,1.50
2013.07.05 18:59:39.736,1.64355,1.64392,1.69,1.69
2013.07.05 18:59:39.856,1.64358,1.6439,1.50,1.50
2013.07.05 18:59:40.247,1.64358,1.64391,1.50,2.25
2013.07.05 18:59:40.368,1.64358,1.64391,1.50,1.69
2013.07.05 18:59:40.667,1.64359,1.64387,1.13,1.69
2013.07.05 18:59:40.847,1.64351,1.64386,1.13,1.69
2013.07.05 18:59:40.908,1.64354,1.64386,1.13,1.69
2013.07.05 18:59:41.266,1.64347,1.64378,1.32,2.25
2013.07.05 18:59:41.567,1.64333,1.6436,1.88,1.13
2013.07.05 18:59:41.626,1.64333,1.64363,1.13,1.13
2013.07.05 18:59:41.686,1.64332,1.64364,1.32,1.88
2013.07.05 18:59:41.746,1.64332,1.64365,1.32,1.69
2013.07.05 18:59:41.987,1.64333,1.64371,1.13,1.69
2013.07.05 18:59:42.167,1.64336,1.64373,1.13,1.69
2013.07.05 18:59:42.227,1.64333,1.64373,2.25,1.69
2013.07.05 18:59:42.406,1.64331,1.64369,1.32,3.19
2013.07.05 18:59:42.526,1.64331,1.64359,1.32,1.50
2013.07.05 18:59:42.646,1.64328,1.64362,2.44,1.50
2013.07.05 18:59:42.711,1.64331,1.64366,1.13,1.69
2013.07.05 18:59:42.957,1.64334,1.64369,1.88,2.44
2013.07.05 18:59:43.016,1.64334,1.64369,1.88,1.69
2013.07.05 18:59:43.256,1.64331,1.6437,1.88,1.69
2013.07.05 18:59:43.316,1.64335,1.6437,1.50,1.69
2013.07.05 18:59:43.736,1.64339,1.64369,1.50,1.69
2013.07.05 18:59:43.916,1.64331,1.64367,1.88,1.69
2013.07.05 18:59:44.157,1.64329,1.64369,1.32,1.69
2013.07.05 18:59:44.636,1.64334,1.64368,1.13,1.69
2013.07.05 18:59:44.757,1.64343,1.64374,1.88,1.32
2013.07.05 18:59:45.537,1.64339,1.64376,1.32,1.32
2013.07.05 18:59:45.957,1.64336,1.64373,1.32,1.50
2013.07.05 18:59:46.017,1.64336,1.64373,1.32,1.69
2013.07.05 18:59:46.196,1.64338,1.64376,1.13,1.32
2013.07.05 18:59:46.376,1.64343,1.64378,2.07,1.32
2013.07.05 18:59:46.556,1.64337,1.64378,3.57,1.69
2013.07.05 18:59:46.736,1.64345,1.64378,1.50,1.32
2013.07.05 18:59:47.212,1.64345,1.64378,1.50,1.32
2013.07.05 18:59:47.518,1.64344,1.6438,1.88,1.32
2013.07.05 18:59:48.143,1.6434,1.6438,1.32,1.32
2013.07.05 18:59:48.506,1.64341,1.64381,1.13,1.69
2013.07.05 18:59:48.747,1.64341,1.64385,1.32,2.44
2013.07.05 18:59:49.047,1.64357,1.64385,1.50,1.69
2013.07.05 18:59:49.167,1.64352,1.64389,1.88,2.44
2013.07.05 18:59:49.527,1.64346,1.64385,1.13,1.69
2013.07.05 18:59:49.886,1.64339,1.64378,1.32,1.32
2013.07.05 18:59:50.200,1.64341,1.64379,1.13,1.69
2013.07.05 18:59:50.746,1.64344,1.64379,1.13,1.69
2013.07.05 18:59:51.289,1.64345,1.64378,1.13,1.69
2013.07.05 18:59:51.419,1.64342,1.64379,1.13,2.44
2013.07.05 18:59:51.478,1.64342,1.64379,1.13,1.69
2013.07.05 18:59:51.896,1.64347,1.64379,1.50,1.69
2013.07.05 18:59:52.195,1.64348,1.64384,1.50,2.82
2013.07.05 18:59:52.436,1.64347,1.64386,1.13,1.69
2013.07.05 18:59:52.676,1.64347,1.6439,1.32,1.69
2013.07.05 18:59:53.747,1.64349,1.64389,1.32,1.69
2013.07.05 18:59:53.806,1.64353,1.64391,1.13,3.19
2013.07.05 18:59:54.106,1.64354,1.64389,1.50,1.69
2013.07.05 18:59:54.166,1.64362,1.64392,1.50,1.69
2013.07.05 18:59:54.586,1.64354,1.6439,1.50,1.69
2013.07.05 18:59:55.418,1.64352,1.6439,1.32,1.69
2013.07.05 18:59:55.598,1.64355,1.64389,1.13,1.69
2013.07.05 18:59:56.152,1.64358,1.64389,1.13,1.69
2013.07.05 18:59:56.408,1.64354,1.6439,1.32,1.69
2013.07.05 18:59:57.587,1.64354,1.6439,1.32,1.69
2013.07.05 18:59:57.768,1.64354,1.6439,1.32,1.69
2013.07.05 18:59:58.448,1.64358,1.6439,1.50,1.69
2013.07.05 18:59:58.769,1.64358,1.64373,1.50,1.50
2013.07.05 18:59:58.898,1.64357,1.64382,1.50,2.07
2013.07.05 18:59:59.076,1.64356,1.64383,1.13,1.69
2013.07.05 18:59:59.196,1.64356,1.64383,1.13,1.69
2013.07.05 18:59:59.316,1.64356,1.64382,1.13,1.50
2013.07.05 18:59:59.557,1.64354,1.64384,1.13,1.69
2013.07.05 18:59:59.676,1.64353,1.64388,1.88,1.69
2013.07.05 18:59:59.916,1.64347,1.64391,1.32,1.69
