2011.02.09 16:00:00.535,1.59351,1.59387,1.43,1.43
2011.02.09 16:00:00.861,1.59356,1.59392,1.43,2.25
2011.02.09 16:00:01.367,1.59362,1.59396,1.43,1.43
2011.02.09 16:00:02.472,1.59352,1.59388,1.43,1.43
2011.02.09 16:00:03.524,1.59355,1.59388,1.69,1.43
2011.02.09 16:00:03.751,1.5935,1.59384,1.43,1.43
2011.02.09 16:00:06.673,1.59348,1.59384,1.43,1.43
2011.02.09 16:00:07.764,1.59349,1.59385,1.43,1.43
2011.02.09 16:00:10.191,1.59349,1.59385,2.37,1.43
2011.02.09 16:00:10.304,1.59359,1.59395,1.43,1.43
2011.02.09 16:00:10.993,1.59355,1.59389,2.93,1.43
2011.02.09 16:00:11.431,1.59359,1.59395,1.43,1.43
2011.02.09 16:00:12.759,1.59354,1.59369,2.18,1.43
2011.02.09 16:00:12.877,1.59348,1.59388,2.29,1.43
2011.02.09 16:00:12.982,1.59353,1.59388,1.32,1.43
2011.02.09 16:00:13.093,1.59359,1.59396,1.62,1.20
2011.02.09 16:00:13.600,1.59354,1.59393,1.69,1.43
2011.02.09 16:00:13.924,1.59364,1.594,1.62,2.25
2011.02.09 16:00:14.533,1.59364,1.594,1.43,1.43
2011.02.09 16:00:14.642,1.5936,1.59395,1.24,1.43
2011.02.09 16:00:14.861,1.59369,1.59405,1.43,1.43
2011.02.09 16:00:15.463,1.59363,1.59399,1.62,1.43
2011.02.09 16:00:16.011,1.59362,1.59398,1.62,1.43
2011.02.09 16:00:16.623,1.59359,1.59395,1.43,1.43
2011.02.09 16:00:16.841,1.59359,1.59395,1.43,2.25
2011.02.09 16:00:17.593,1.59367,1.59403,1.62,1.43
2011.02.09 16:00:17.706,1.59365,1.59399,1.43,1.43
2011.02.09 16:00:18.794,1.59363,1.59397,1.43,1.43
2011.02.09 16:00:19.341,1.59359,1.59395,1.62,1.43
2011.02.09 16:00:19.924,1.5936,1.59394,1.43,1.43
2011.02.09 16:00:20.033,1.59373,1.59394,1.62,1.43
2011.02.09 16:00:20.142,1.59378,1.59414,1.62,1.43
2011.02.09 16:00:20.251,1.59378,1.59414,1.62,1.43
2011.02.09 16:00:20.865,1.59367,1.59407,3.79,1.43
2011.02.09 16:00:21.191,1.59364,1.59404,2.29,1.43
2011.02.09 16:00:21.795,1.59376,1.5941,1.43,2.25
2011.02.09 16:00:21.903,1.59376,1.5941,1.43,1.43
2011.02.09 16:00:23.343,1.59373,1.59407,2.29,1.43
2011.02.09 16:00:23.959,1.59376,1.59417,1.32,1.20
2011.02.09 16:00:24.075,1.59388,1.59422,1.43,1.43
2011.02.09 16:00:24.293,1.59393,1.59424,1.43,1.20
2011.02.09 16:00:25.074,1.59392,1.59428,1.43,1.80
2011.02.09 16:00:25.184,1.59392,1.59428,1.43,1.43
2011.02.09 16:00:26.240,1.59397,1.59432,1.43,1.43
2011.02.09 16:00:28.344,1.59393,1.59427,1.43,1.43
2011.02.09 16:00:29.880,1.59397,1.59432,1.43,1.43
2011.02.09 16:00:31.483,1.59402,1.59437,1.43,2.25
2011.02.09 16:00:31.602,1.59397,1.59432,1.43,1.43
2011.02.09 16:00:32.594,1.59402,1.59437,1.43,1.43
2011.02.09 16:00:32.922,1.59391,1.59431,1.62,1.43
2011.02.09 16:00:33.982,1.59394,1.59431,1.50,2.25
2011.02.09 16:00:34.575,1.59397,1.59432,1.43,1.43
2011.02.09 16:00:34.685,1.59395,1.59429,1.43,1.43
2011.02.09 16:00:35.844,1.59391,1.59427,1.43,1.43
2011.02.09 16:00:37.465,1.59391,1.59427,1.62,1.43
2011.02.09 16:00:37.683,1.59411,1.59438,1.43,1.20
2011.02.09 16:00:38.624,1.59406,1.59443,1.43,1.43
2011.02.09 16:00:39.093,1.59406,1.59443,1.43,2.25
2011.02.09 16:00:39.204,1.59402,1.59437,1.62,1.43
2011.02.09 16:00:39.314,1.59402,1.59413,1.62,1.04
2011.02.09 16:00:39.531,1.59402,1.59437,1.62,1.43
2011.02.09 16:00:41.492,1.59402,1.59437,1.62,2.25
2011.02.09 16:00:41.822,1.59396,1.59428,1.50,1.43
2011.02.09 16:00:42.391,1.59392,1.59428,1.62,1.43
2011.02.09 16:00:42.513,1.59388,1.59422,1.43,1.43
2011.02.09 16:00:43.564,1.59389,1.59423,1.43,1.43
2011.02.09 16:00:43.891,1.59382,1.59418,2.37,1.43
2011.02.09 16:00:44.271,1.5938,1.59413,1.50,1.43
2011.02.09 16:00:44.924,1.59374,1.5941,1.62,1.43
2011.02.09 16:00:45.032,1.59374,1.5941,1.43,1.43
2011.02.09 16:00:45.473,1.59374,1.5941,2.10,1.43
2011.02.09 16:00:46.062,1.59382,1.59418,1.43,1.43
2011.02.09 16:00:46.392,1.59387,1.59423,1.43,2.25
2011.02.09 16:00:46.502,1.59387,1.59423,1.43,1.80
2011.02.09 16:00:46.612,1.59382,1.59418,2.10,1.43
2011.02.09 16:00:47.100,1.59382,1.59418,1.43,1.43
2011.02.09 16:00:47.216,1.59375,1.59409,1.43,1.43
2011.02.09 16:00:47.432,1.59379,1.59415,1.43,1.43
2011.02.09 16:00:48.011,1.5938,1.59415,1.50,1.43
2011.02.09 16:00:48.691,1.59375,1.59409,1.43,1.43
2011.02.09 16:00:49.132,1.59367,1.59402,1.80,1.43
2011.02.09 16:00:49.947,1.59367,1.59402,1.84,1.43
2011.02.09 16:00:50.053,1.59371,1.59411,1.43,1.43
2011.02.09 16:00:50.333,1.59371,1.59411,1.50,1.43
2011.02.09 16:00:51.327,1.59369,1.59409,2.29,1.43
2011.02.09 16:00:51.443,1.59369,1.59409,3.04,1.43
2011.02.09 16:00:51.663,1.59381,1.59415,1.43,1.43
2011.02.09 16:00:53.694,1.59386,1.5942,1.43,1.43
2011.02.09 16:00:54.914,1.59386,1.5942,1.43,2.63
2011.02.09 16:00:55.021,1.59381,1.59415,1.43,2.25
2011.02.09 16:00:55.132,1.59375,1.59411,1.62,1.43
2011.02.09 16:00:55.748,1.59381,1.59415,1.43,2.25
2011.02.09 16:00:56.083,1.59376,1.5941,1.62,1.43
2011.02.09 16:00:56.953,1.59381,1.5941,1.50,1.43
2011.02.09 16:00:57.281,1.59377,1.5941,1.77,1.43
2011.02.09 16:00:57.965,1.59376,1.5941,2.37,1.43
2011.02.09 16:00:58.555,1.59382,1.59423,1.62,2.25
2011.02.09 16:00:58.661,1.5938,1.59417,2.29,1.43
2011.02.09 16:00:58.883,1.59378,1.59414,1.50,2.25
2011.02.09 16:00:59.102,1.59381,1.59415,1.43,1.43
2011.02.09 16:00:59.812,1.59371,1.59414,2.10,1.43
2011.02.09 16:01:00.902,1.59363,1.59406,2.10,2.25
2011.02.09 16:01:01.505,1.5937,1.59406,1.62,1.43
2011.02.09 16:01:01.833,1.59376,1.59409,1.43,1.20
2011.02.09 16:01:01.942,1.59365,1.59401,1.43,1.43
2011.02.09 16:01:02.470,1.5937,1.59406,1.43,2.25
2011.02.09 16:01:02.585,1.59365,1.59401,1.43,1.43
2011.02.09 16:01:02.694,1.59365,1.59401,3.04,1.43
2011.02.09 16:01:03.323,1.59368,1.59401,1.62,1.43
2011.02.09 16:01:03.437,1.59371,1.59414,2.29,2.25
2011.02.09 16:01:03.881,1.59371,1.59405,1.43,1.43
2011.02.09 16:01:04.842,1.59359,1.59399,2.37,1.43
2011.02.09 16:01:04.952,1.59371,1.59405,1.43,2.25
2011.02.09 16:01:05.572,1.5936,1.59398,1.69,1.43
2011.02.09 16:01:06.490,1.5936,1.59398,1.69,1.43
2011.02.09 16:01:06.712,1.5936,1.59398,1.62,1.43
2011.02.09 16:01:07.532,1.59361,1.59398,1.32,1.43
2011.02.09 16:01:08.024,1.5937,1.59406,1.43,2.25
2011.02.09 16:01:08.132,1.5937,1.59406,1.43,1.43
2011.02.09 16:01:09.799,1.59371,1.59407,1.43,1.43
2011.02.09 16:01:10.735,1.59354,1.5939,1.43,1.43
2011.02.09 16:01:10.951,1.59359,1.59399,2.29,1.43
2011.02.09 16:01:11.895,1.5936,1.594,2.29,1.43
2011.02.09 16:01:12.003,1.5936,1.594,1.43,2.63
2011.02.09 16:01:12.725,1.59348,1.59382,2.52,1.43
2011.02.09 16:01:12.835,1.59346,1.59385,1.62,1.43
2011.02.09 16:01:12.942,1.5935,1.59388,1.62,1.43
2011.02.09 16:01:13.580,1.59346,1.59387,1.62,1.43
2011.02.09 16:01:13.696,1.5935,1.59397,2.29,1.43
2011.02.09 16:01:15.145,1.59377,1.59409,1.43,1.43
2011.02.09 16:01:15.691,1.59374,1.59406,1.43,1.43
2011.02.09 16:01:16.612,1.59382,1.59413,1.43,1.43
2011.02.09 16:01:17.084,1.59376,1.5941,2.03,1.43
2011.02.09 16:01:17.875,1.5936,1.59394,1.43,1.43
2011.02.09 16:01:18.092,1.59365,1.59403,1.43,1.80
2011.02.09 16:01:19.264,1.59363,1.59399,1.43,1.43
2011.02.09 16:01:20.526,1.59366,1.59389,1.43,1.17
2011.02.09 16:01:20.632,1.59345,1.59377,1.43,1.43
2011.02.09 16:01:22.112,1.5935,1.59382,1.43,2.03
2011.02.09 16:01:22.862,1.5935,1.59382,1.43,1.43
2011.02.09 16:01:23.303,1.59341,1.59375,2.10,1.43
2011.02.09 16:01:23.523,1.5934,1.59375,1.43,1.43
2011.02.09 16:01:24.194,1.59349,1.59383,1.43,1.43
2011.02.09 16:01:25.733,1.59349,1.59383,1.43,2.40
2011.02.09 16:01:25.843,1.59349,1.59383,1.43,2.40
2011.02.09 16:01:26.437,1.59345,1.59383,1.43,1.43
2011.02.09 16:01:27.312,1.59345,1.59381,1.43,1.43
2011.02.09 16:01:28.044,1.5934,1.59377,1.43,1.43
2011.02.09 16:01:28.152,1.59343,1.59378,1.43,1.43
2011.02.09 16:01:29.185,1.59352,1.59388,1.43,2.40
2011.02.09 16:01:29.622,1.59343,1.59378,1.43,1.43
2011.02.09 16:01:30.239,1.59337,1.59374,1.43,1.43
2011.02.09 16:01:30.356,1.59343,1.59378,1.43,1.43
2011.02.09 16:01:30.573,1.59347,1.59383,1.43,1.43
2011.02.09 16:01:31.508,1.5935,1.59383,1.50,1.43
2011.02.09 16:01:31.615,1.59352,1.59386,1.43,1.43
2011.02.09 16:01:32.654,1.59362,1.59396,1.43,2.18
2011.02.09 16:01:33.832,1.59357,1.59391,1.43,1.80
2011.02.09 16:01:33.945,1.59363,1.59395,1.43,2.18
2011.02.09 16:01:36.974,1.59367,1.59399,1.43,2.18
2011.02.09 16:01:37.082,1.59361,1.59395,1.43,2.40
2011.02.09 16:01:37.193,1.59356,1.59388,1.43,2.40
2011.02.09 16:01:37.827,1.59359,1.59393,1.43,2.40
2011.02.09 16:01:38.042,1.59359,1.59393,1.43,2.18
2011.02.09 16:01:38.171,1.59359,1.59393,1.62,2.18
2011.02.09 16:01:38.746,1.59362,1.594,1.43,2.03
2011.02.09 16:01:39.882,1.59362,1.594,1.43,2.22
2011.02.09 16:01:39.999,1.59353,1.59389,1.43,1.43
2011.02.09 16:01:40.907,1.59358,1.5939,1.43,1.43
2011.02.09 16:01:41.343,1.59362,1.594,1.43,2.40
2011.02.09 16:01:41.912,1.59362,1.594,1.43,1.43
2011.02.09 16:01:42.934,1.59362,1.594,1.62,1.43
2011.02.09 16:01:43.045,1.59374,1.59406,1.43,1.43
2011.02.09 16:01:43.602,1.59374,1.59406,1.43,2.03
2011.02.09 16:01:43.712,1.59372,1.59404,1.43,1.43
2011.02.09 16:01:43.822,1.59366,1.594,1.43,1.43
2011.02.09 16:01:44.416,1.5935,1.59384,1.62,1.43
2011.02.09 16:01:45.256,1.59359,1.59402,1.43,2.03
2011.02.09 16:01:46.733,1.59374,1.59406,1.43,2.03
2011.02.09 16:01:47.172,1.59365,1.59401,2.03,1.43
2011.02.09 16:01:47.693,1.5936,1.59392,1.43,1.43
2011.02.09 16:01:48.023,1.59352,1.59388,1.43,1.43
2011.02.09 16:01:52.922,1.59351,1.59387,1.43,1.43
2011.02.09 16:01:54.392,1.59346,1.59378,1.43,1.43
2011.02.09 16:01:55.340,1.59347,1.59379,1.43,1.43
2011.02.09 16:01:58.760,1.59346,1.5938,1.43,1.43
2011.02.09 16:01:58.973,1.59352,1.59388,1.43,1.43
2011.02.09 16:01:59.693,1.59353,1.59388,1.43,2.03
2011.02.09 16:01:59.801,1.59359,1.59393,1.43,1.43
2011.02.09 16:02:01.152,1.59359,1.59393,1.43,2.40
2011.02.09 16:02:01.262,1.59348,1.59386,1.43,1.43
2011.02.09 16:02:01.803,1.59351,1.59386,1.69,1.43
2011.02.09 16:02:02.334,1.59359,1.59393,1.43,2.40
2011.02.09 16:02:02.444,1.59359,1.59393,1.43,2.03
2011.02.09 16:02:02.663,1.59359,1.59393,1.43,2.40
2011.02.09 16:02:02.772,1.59349,1.59385,1.43,1.43
2011.02.09 16:02:03.505,1.59351,1.59389,1.43,1.43
2011.02.09 16:02:03.615,1.59352,1.59394,1.43,2.03
2011.02.09 16:02:05.191,1.59352,1.59394,1.43,2.40
2011.02.09 16:02:05.305,1.59349,1.59385,1.62,1.43
2011.02.09 16:02:05.683,1.59349,1.59385,1.43,2.40
2011.02.09 16:02:06.279,1.59344,1.59381,1.50,2.40
2011.02.09 16:02:06.396,1.5934,1.59375,1.43,2.03
2011.02.09 16:02:07.212,1.5934,1.59375,1.80,2.03
2011.02.09 16:02:07.542,1.59349,1.59393,1.50,2.40
2011.02.09 16:02:07.652,1.59345,1.5938,1.50,2.03
2011.02.09 16:02:07.763,1.59355,1.59387,1.43,2.03
2011.02.09 16:02:08.395,1.5935,1.59382,1.43,2.40
2011.02.09 16:02:08.502,1.5934,1.59375,1.43,2.03
2011.02.09 16:02:09.854,1.5934,1.59375,1.43,1.43
2011.02.09 16:02:09.964,1.59348,1.59386,1.43,2.03
2011.02.09 16:02:10.944,1.59344,1.59376,1.43,1.43
2011.02.09 16:02:12.006,1.59342,1.59373,1.50,1.43
2011.02.09 16:02:12.222,1.59343,1.59377,1.43,1.43
2011.02.09 16:02:15.052,1.59343,1.59377,1.43,2.40
2011.02.09 16:02:15.162,1.59339,1.59373,1.43,2.03
2011.02.09 16:02:15.733,1.5934,1.59372,1.43,2.03
2011.02.09 16:02:17.013,1.5934,1.59372,1.62,1.43
2011.02.09 16:02:17.124,1.59342,1.59383,1.50,2.40
2011.02.09 16:02:17.232,1.59342,1.59383,1.50,2.40
2011.02.09 16:02:18.057,1.5934,1.59383,1.69,2.40
2011.02.09 16:02:19.342,1.5934,1.59368,2.48,1.43
2011.02.09 16:02:19.452,1.5934,1.59368,1.50,1.43
2011.02.09 16:02:19.563,1.59334,1.59368,1.43,2.03
2011.02.09 16:02:20.119,1.59334,1.59368,1.62,2.03
2011.02.09 16:02:20.226,1.5934,1.59377,1.62,2.03
2011.02.09 16:02:20.442,1.59342,1.59387,1.69,2.40
2011.02.09 16:02:20.552,1.5935,1.59386,1.43,1.43
2011.02.09 16:02:21.378,1.59349,1.59386,1.69,2.40
2011.02.09 16:02:21.484,1.59361,1.59393,1.43,1.43
2011.02.09 16:02:21.703,1.5935,1.59388,3.12,1.43
2011.02.09 16:02:22.394,1.59344,1.59382,1.43,2.03
2011.02.09 16:02:23.423,1.59354,1.59389,1.43,1.43
2011.02.09 16:02:24.776,1.59354,1.59389,2.03,1.43
2011.02.09 16:02:24.994,1.59353,1.59393,1.43,2.03
2011.02.09 16:02:25.777,1.59352,1.59388,1.43,1.43
2011.02.09 16:02:25.881,1.59353,1.59393,1.43,2.03
2011.02.09 16:02:26.102,1.59364,1.594,1.43,1.80
2011.02.09 16:02:26.671,1.59354,1.59394,2.29,1.43
2011.02.09 16:02:26.785,1.59352,1.59394,1.43,2.03
2011.02.09 16:02:26.892,1.59351,1.59387,1.43,1.43
2011.02.09 16:02:27.774,1.59362,1.59394,1.43,2.40
2011.02.09 16:02:27.886,1.59355,1.59393,1.43,2.40
2011.02.09 16:02:27.993,1.59355,1.59393,1.43,2.03
2011.02.09 16:02:28.103,1.59357,1.59393,1.43,2.03
2011.02.09 16:02:28.922,1.59367,1.59401,1.43,2.18
2011.02.09 16:02:31.332,1.59367,1.59399,1.43,1.43
2011.02.09 16:02:31.553,1.59367,1.59399,1.43,2.03
2011.02.09 16:02:31.662,1.59362,1.59394,1.43,1.43
2011.02.09 16:02:33.274,1.59351,1.59389,1.43,2.03
2011.02.09 16:02:34.423,1.59362,1.59396,1.43,1.43
2011.02.09 16:02:35.857,1.59361,1.59395,1.43,1.43
2011.02.09 16:02:37.596,1.59362,1.59396,1.43,1.43
2011.02.09 16:02:37.984,1.59367,1.59401,1.43,1.43
2011.02.09 16:02:40.153,1.59367,1.59399,1.43,1.43
2011.02.09 16:02:41.333,1.59367,1.59401,1.43,2.03
2011.02.09 16:02:50.585,1.59365,1.59397,1.43,1.43
2011.02.09 16:02:50.914,1.59368,1.594,1.43,1.43
2011.02.09 16:02:53.512,1.59372,1.5941,1.43,2.40
2011.02.09 16:02:53.622,1.59372,1.5941,1.43,2.03
2011.02.09 16:02:54.277,1.59364,1.59398,1.43,1.43
2011.02.09 16:02:54.602,1.59363,1.59395,1.43,1.43
2011.02.09 16:02:59.095,1.59363,1.59395,1.43,2.03
2011.02.09 16:02:59.312,1.59359,1.59393,1.43,2.03
2011.02.09 16:02:59.855,1.59358,1.5939,1.43,1.43
2011.02.09 16:02:59.977,1.59368,1.59402,1.43,1.43
2011.02.09 16:03:01.333,1.59374,1.59406,1.43,2.03
2011.02.09 16:03:01.915,1.59378,1.59416,1.43,1.43
2011.02.09 16:03:02.132,1.59375,1.59413,1.43,1.43
2011.02.09 16:03:02.786,1.59371,1.59407,1.43,2.03
2011.02.09 16:03:02.895,1.59373,1.59411,1.43,2.03
2011.02.09 16:03:03.115,1.59373,1.59411,1.43,2.03
2011.02.09 16:03:03.222,1.5937,1.59408,1.43,2.03
2011.02.09 16:03:03.944,1.59374,1.5941,1.43,1.43
2011.02.09 16:03:05.135,1.59379,1.59415,1.43,1.43
2011.02.09 16:03:05.462,1.59379,1.59415,1.43,2.40
2011.02.09 16:03:05.573,1.59374,1.5941,1.43,2.40
2011.02.09 16:03:06.076,1.59374,1.5941,1.43,1.43
2011.02.09 16:03:06.185,1.59372,1.59408,1.43,1.43
2011.02.09 16:03:07.323,1.59373,1.59411,1.43,1.43
2011.02.09 16:03:08.652,1.59378,1.59416,1.43,1.43
2011.02.09 16:03:09.912,1.59378,1.59416,1.62,2.03
2011.02.09 16:03:10.575,1.5939,1.59421,1.43,1.43
2011.02.09 16:03:13.585,1.59374,1.59406,1.43,1.43
2011.02.09 16:03:14.322,1.59374,1.59406,1.43,3.34
2011.02.09 16:03:14.437,1.59374,1.5941,1.43,2.40
2011.02.09 16:03:14.542,1.59374,1.5941,1.43,1.43
2011.02.09 16:03:15.930,1.59384,1.59417,1.43,1.43
2011.02.09 16:03:18.747,1.5938,1.59411,1.43,1.43
2011.02.09 16:03:19.482,1.59373,1.59411,1.62,1.43
2011.02.09 16:03:19.593,1.59385,1.59416,1.43,1.43
2011.02.09 16:03:20.274,1.59369,1.59405,1.43,1.43
2011.02.09 16:03:20.383,1.59374,1.5941,1.43,2.03
2011.02.09 16:03:20.492,1.59374,1.5941,1.62,1.43
2011.02.09 16:03:20.603,1.59384,1.59417,1.43,1.43
2011.02.09 16:03:23.313,1.59384,1.59417,1.43,2.03
2011.02.09 16:03:23.531,1.59379,1.59412,1.43,1.43
2011.02.09 16:03:24.672,1.59384,1.59417,1.43,1.43
2011.02.09 16:03:25.568,1.59384,1.59417,1.43,2.40
2011.02.09 16:03:25.685,1.59374,1.59412,2.03,1.43
2011.02.09 16:03:25.902,1.59374,1.59412,1.43,1.43
2011.02.09 16:03:26.426,1.59374,1.59412,1.62,1.43
2011.02.09 16:03:26.760,1.59385,1.59418,1.43,1.43
2011.02.09 16:03:27.596,1.59388,1.59425,1.62,1.43
2011.02.09 16:03:28.162,1.59398,1.59432,1.43,1.43
2011.02.09 16:03:29.535,1.59389,1.5942,1.43,1.17
2011.02.09 16:03:29.642,1.59376,1.59411,1.43,1.43
2011.02.09 16:03:29.753,1.59376,1.59411,2.74,1.43
2011.02.09 16:03:30.555,1.59393,1.59427,1.43,2.40
2011.02.09 16:03:30.668,1.59393,1.59427,1.43,1.43
2011.02.09 16:03:31.634,1.59399,1.59431,1.43,2.03
2011.02.09 16:03:32.263,1.59395,1.59427,1.50,1.43
2011.02.09 16:03:32.482,1.59393,1.59427,1.43,1.43
2011.02.09 16:03:32.812,1.59393,1.59427,1.43,2.03
2011.02.09 16:03:33.403,1.59398,1.59432,1.43,2.03
2011.02.09 16:03:33.622,1.59386,1.59425,1.43,2.03
2011.02.09 16:03:33.842,1.59393,1.59427,1.43,1.43
2011.02.09 16:03:34.626,1.594,1.59429,1.43,2.48
2011.02.09 16:03:34.737,1.594,1.59434,1.43,1.43
2011.02.09 16:03:34.953,1.59407,1.59439,1.43,1.43
2011.02.09 16:03:35.665,1.59401,1.59435,1.43,2.40
2011.02.09 16:03:35.764,1.59391,1.59426,1.43,2.03
2011.02.09 16:03:35.872,1.59392,1.59427,1.43,1.43
2011.02.09 16:03:36.833,1.59392,1.59427,1.43,2.03
2011.02.09 16:03:36.943,1.59386,1.59423,1.62,1.43
2011.02.09 16:03:37.555,1.59397,1.59432,1.43,2.40
2011.02.09 16:03:37.676,1.59391,1.59428,1.43,1.43
2011.02.09 16:03:38.141,1.59387,1.59422,1.43,1.43
2011.02.09 16:03:38.583,1.59391,1.59428,1.43,1.43
2011.02.09 16:03:39.234,1.59391,1.59428,1.43,2.40
2011.02.09 16:03:39.452,1.5939,1.59427,1.43,1.43
2011.02.09 16:03:40.001,1.59391,1.59428,1.43,1.43
2011.02.09 16:03:40.706,1.59387,1.59426,1.43,2.22
2011.02.09 16:03:40.812,1.59387,1.59423,1.43,2.48
2011.02.09 16:03:40.923,1.59382,1.59413,1.43,1.43
2011.02.09 16:03:41.596,1.59391,1.59428,1.43,1.43
2011.02.09 16:03:41.704,1.59385,1.59419,1.43,1.43
2011.02.09 16:03:42.033,1.59385,1.59419,1.43,2.03
2011.02.09 16:03:42.745,1.59387,1.59422,1.43,2.93
2011.02.09 16:03:43.539,1.59387,1.5942,1.43,1.50
2011.02.09 16:03:43.655,1.59392,1.59427,1.43,1.43
2011.02.09 16:03:43.763,1.59392,1.59427,1.43,2.03
2011.02.09 16:03:43.872,1.59386,1.59423,1.43,1.43
2011.02.09 16:03:44.091,1.59391,1.59428,1.43,2.03
2011.02.09 16:03:44.202,1.59391,1.59428,1.43,1.43
2011.02.09 16:03:44.313,1.59386,1.59418,1.43,1.43
2011.02.09 16:03:44.534,1.59371,1.59404,1.43,1.43
2011.02.09 16:03:45.113,1.59374,1.59411,1.43,2.03
2011.02.09 16:03:45.227,1.59374,1.59411,1.43,1.43
2011.02.09 16:03:45.444,1.59376,1.59411,1.43,1.43
2011.02.09 16:03:45.662,1.59371,1.59407,1.43,1.43
2011.02.09 16:03:46.273,1.59367,1.59403,1.43,1.43
2011.02.09 16:03:46.382,1.59365,1.59403,1.80,1.43
2011.02.09 16:03:46.602,1.59365,1.59403,2.22,1.43
2011.02.09 16:03:46.712,1.59375,1.59412,1.43,1.43
2011.02.09 16:03:46.821,1.59375,1.59412,1.43,2.03
2011.02.09 16:03:47.340,1.59371,1.59409,1.43,1.43
2011.02.09 16:03:47.455,1.59391,1.59428,1.43,1.43
2011.02.09 16:03:48.222,1.59391,1.59424,1.43,2.48
2011.02.09 16:03:48.728,1.59377,1.59413,2.37,1.43
2011.02.09 16:03:48.846,1.59375,1.59413,1.43,1.43
2011.02.09 16:03:49.923,1.59376,1.59421,1.43,2.03
2011.02.09 16:03:50.033,1.59378,1.59421,2.40,1.43
2011.02.09 16:03:50.143,1.5939,1.59431,1.43,2.03
2011.02.09 16:03:50.253,1.59379,1.5943,1.43,2.40
2011.02.09 16:03:50.785,1.59378,1.59416,2.03,1.43
2011.02.09 16:03:50.893,1.59379,1.59426,1.43,2.03
2011.02.09 16:03:51.810,1.59377,1.59425,2.03,2.03
2011.02.09 16:03:51.925,1.59377,1.59429,1.43,2.03
2011.02.09 16:03:53.206,1.59376,1.59421,1.43,2.40
2011.02.09 16:03:53.533,1.59378,1.59413,2.10,1.43
2011.02.09 16:03:54.242,1.59387,1.59419,1.43,1.43
2011.02.09 16:03:54.462,1.59392,1.59428,1.43,1.43
2011.02.09 16:03:55.380,1.59391,1.59428,1.43,1.43
2011.02.09 16:03:55.603,1.59397,1.59432,1.43,2.03
2011.02.09 16:03:55.714,1.59397,1.59432,1.43,1.43
2011.02.09 16:03:55.822,1.59392,1.59428,1.43,1.43
2011.02.09 16:03:56.742,1.59391,1.59428,1.43,1.43
2011.02.09 16:03:58.033,1.59387,1.59422,1.43,1.43
2011.02.09 16:03:58.361,1.59392,1.59427,1.43,2.03
2011.02.09 16:03:58.472,1.59392,1.59427,1.43,1.50
2011.02.09 16:03:58.582,1.59382,1.59426,2.03,1.43
2011.02.09 16:03:58.692,1.59382,1.59426,1.43,3.53
2011.02.09 16:03:58.801,1.59381,1.59418,1.43,1.43
2011.02.09 16:03:59.674,1.59378,1.59413,1.62,1.43
2011.02.09 16:03:59.785,1.59381,1.59418,1.43,1.43
2011.02.09 16:04:01.143,1.59382,1.59426,1.43,2.03
2011.02.09 16:04:01.693,1.59387,1.59424,1.43,1.43
2011.02.09 16:04:02.294,1.59387,1.59424,1.43,2.03
2011.02.09 16:04:02.408,1.59382,1.59417,1.43,1.43
2011.02.09 16:04:02.852,1.59382,1.59419,1.43,1.43
2011.02.09 16:04:03.565,1.59373,1.59404,1.43,2.03
2011.02.09 16:04:03.672,1.59367,1.59401,1.80,1.43
2011.02.09 16:04:03.893,1.59375,1.59408,1.43,1.43
2011.02.09 16:04:04.515,1.59372,1.59407,1.43,1.43
2011.02.09 16:04:08.315,1.59362,1.59406,3.53,1.43
2011.02.09 16:04:08.422,1.59372,1.59407,1.43,1.43
2011.02.09 16:04:08.862,1.59364,1.59398,1.43,1.43
2011.02.09 16:04:09.553,1.5937,1.59406,1.43,1.43
2011.02.09 16:04:10.896,1.59385,1.59422,1.43,1.43
2011.02.09 16:04:11.112,1.59381,1.59416,1.43,1.43
2011.02.09 16:04:13.053,1.59381,1.59416,1.43,2.03
2011.02.09 16:04:13.636,1.59371,1.59407,1.43,1.43
2011.02.09 16:04:14.792,1.59368,1.59406,1.43,1.43
2011.02.09 16:04:15.231,1.5937,1.59408,1.43,2.03
2011.02.09 16:04:17.062,1.5937,1.59408,1.62,2.03
2011.02.09 16:04:17.637,1.59382,1.59413,1.43,1.43
2011.02.09 16:04:18.073,1.5938,1.59411,1.43,1.43
2011.02.09 16:04:18.182,1.59374,1.59407,1.43,1.43
2011.02.09 16:04:18.512,1.59372,1.59405,1.43,1.43
2011.02.09 16:04:19.023,1.59375,1.59406,1.43,1.43
2011.02.09 16:04:19.902,1.59374,1.59407,1.43,1.43
2011.02.09 16:04:24.794,1.59363,1.59401,1.43,1.43
2011.02.09 16:04:25.543,1.59363,1.59401,1.43,2.40
2011.02.09 16:04:25.652,1.59358,1.59392,1.88,1.43
2011.02.09 16:04:26.403,1.59349,1.59398,2.37,1.43
2011.02.09 16:04:26.622,1.59361,1.59399,1.43,1.43
2011.02.09 16:04:27.141,1.59364,1.594,1.43,1.43
2011.02.09 16:04:28.519,1.59364,1.594,1.43,2.03
2011.02.09 16:04:28.636,1.59359,1.59395,1.43,1.43
2011.02.09 16:04:29.658,1.5936,1.59396,1.43,1.43
2011.02.09 16:04:29.774,1.59359,1.59391,1.50,2.03
2011.02.09 16:04:30.663,1.59365,1.59391,1.50,2.03
2011.02.09 16:04:30.882,1.59365,1.59398,3.12,2.03
2011.02.09 16:04:31.213,1.59371,1.59402,1.43,1.43
2011.02.09 16:04:31.823,1.59367,1.59398,1.50,2.03
2011.02.09 16:04:32.152,1.59371,1.59398,1.50,2.03
2011.02.09 16:04:33.218,1.59368,1.59398,1.50,2.03
2011.02.09 16:04:33.336,1.59365,1.59398,1.43,2.03
2011.02.09 16:04:33.442,1.59362,1.59393,1.50,1.43
2011.02.09 16:04:34.986,1.59369,1.59406,1.43,1.43
2011.02.09 16:04:35.202,1.5937,1.59415,2.03,2.03
2011.02.09 16:04:35.422,1.5937,1.59415,1.43,2.40
2011.02.09 16:04:36.246,1.59369,1.59406,1.43,1.43
2011.02.09 16:04:39.893,1.59369,1.59406,1.62,1.43
2011.02.09 16:04:40.570,1.59374,1.59407,1.43,1.43
2011.02.09 16:04:40.993,1.59369,1.59402,1.43,1.43
2011.02.09 16:04:42.115,1.59366,1.59405,1.43,1.43
2011.02.09 16:04:42.224,1.59364,1.59397,1.43,1.43
2011.02.09 16:04:42.552,1.59373,1.59401,1.50,1.43
2011.02.09 16:04:42.663,1.5938,1.59411,1.43,1.43
2011.02.09 16:04:42.773,1.59385,1.5942,1.43,1.43
2011.02.09 16:04:43.341,1.59379,1.59412,1.43,1.43
2011.02.09 16:04:45.095,1.5937,1.59407,2.03,1.43
2011.02.09 16:04:45.312,1.5937,1.59407,1.43,1.43
2011.02.09 16:04:45.422,1.59369,1.59405,1.43,1.43
2011.02.09 16:04:51.534,1.59355,1.5939,1.80,1.43
2011.02.09 16:04:54.233,1.59356,1.59391,1.80,1.43
2011.02.09 16:04:55.164,1.59354,1.59391,1.80,1.62
2011.02.09 16:04:55.578,1.59348,1.5938,2.18,1.43
2011.02.09 16:04:57.007,1.59348,1.5938,1.43,2.40
2011.02.09 16:04:57.116,1.59334,1.59366,2.03,1.43
2011.02.09 16:04:57.223,1.59336,1.59373,1.43,1.43
2011.02.09 16:04:57.333,1.59336,1.59373,2.03,1.43
2011.02.09 16:04:57.662,1.59343,1.59375,1.43,1.43
2011.02.09 16:04:58.585,1.59333,1.59367,1.43,1.43
2011.02.09 16:04:59.724,1.59334,1.59366,1.43,1.43
2011.02.09 16:05:05.323,1.59339,1.59366,1.17,1.43
2011.02.09 16:05:05.433,1.59349,1.59383,1.43,1.43
2011.02.09 16:05:05.652,1.59349,1.59383,1.43,2.03
2011.02.09 16:05:06.235,1.59339,1.59375,1.43,1.43
2011.02.09 16:05:07.385,1.59338,1.59376,1.43,2.40
2011.02.09 16:05:07.492,1.59338,1.59376,1.43,1.43
2011.02.09 16:05:12.473,1.59334,1.59366,1.43,1.43
2011.02.09 16:05:13.275,1.59334,1.59366,2.03,1.43
2011.02.09 16:05:13.385,1.59334,1.59366,1.43,1.43
2011.02.09 16:05:13.493,1.5934,1.59372,1.43,2.03
2011.02.09 16:05:13.603,1.59334,1.59366,1.43,1.43
2011.02.09 16:05:14.404,1.59339,1.59375,1.43,2.40
2011.02.09 16:05:14.512,1.59339,1.59375,1.43,1.43
2011.02.09 16:05:15.783,1.59338,1.59374,1.43,1.43
2011.02.09 16:05:17.754,1.59338,1.59374,2.03,1.43
2011.02.09 16:05:17.864,1.59343,1.59378,1.43,1.69
2011.02.09 16:05:17.974,1.59337,1.59371,1.43,1.43
2011.02.09 16:05:18.562,1.59333,1.59367,1.43,1.43
2011.02.09 16:05:18.676,1.59338,1.59374,1.43,1.43
2011.02.09 16:05:24.273,1.59338,1.59374,1.43,2.40
2011.02.09 16:05:24.382,1.59332,1.59366,1.43,1.43
2011.02.09 16:05:24.602,1.59338,1.59374,1.43,2.40
2011.02.09 16:05:24.712,1.59338,1.59374,1.43,1.43
2011.02.09 16:05:27.832,1.59338,1.59374,1.43,2.40
2011.02.09 16:05:28.401,1.59332,1.59366,1.43,1.43
2011.02.09 16:05:30.642,1.59334,1.59373,1.43,2.03
2011.02.09 16:05:30.753,1.59334,1.59373,1.43,1.43
2011.02.09 16:05:31.708,1.59335,1.59373,1.50,1.43
2011.02.09 16:05:31.825,1.59338,1.59374,1.43,1.43
2011.02.09 16:05:35.485,1.59347,1.59381,1.43,1.43
2011.02.09 16:05:36.733,1.59348,1.59382,1.43,1.43
2011.02.09 16:05:37.550,1.59348,1.5938,1.43,1.43
2011.02.09 16:05:37.666,1.59338,1.59374,1.43,1.43
2011.02.09 16:05:38.344,1.59342,1.5938,1.43,1.43
2011.02.09 16:05:38.986,1.59341,1.59379,1.43,1.43
2011.02.09 16:05:42.392,1.59341,1.59379,1.43,2.40
2011.02.09 16:05:42.506,1.59342,1.59378,1.43,1.43
2011.02.09 16:05:42.834,1.59368,1.59388,1.43,1.50
2011.02.09 16:05:42.942,1.59368,1.59401,1.43,2.18
2011.02.09 16:05:43.459,1.59368,1.59401,1.43,1.43
2011.02.09 16:05:45.915,1.59379,1.59412,1.43,1.43
2011.02.09 16:05:46.243,1.59364,1.594,2.18,2.40
2011.02.09 16:05:46.842,1.59358,1.59392,2.18,1.43
2011.02.09 16:05:47.172,1.59347,1.59385,2.18,1.43
2011.02.09 16:05:49.122,1.59347,1.59385,1.43,1.43
2011.02.09 16:05:50.165,1.59348,1.59384,1.43,1.43
2011.02.09 16:05:51.415,1.59342,1.5938,1.43,1.43
2011.02.09 16:05:51.523,1.59342,1.5938,1.62,1.43
2011.02.09 16:05:51.852,1.59348,1.59384,1.43,1.43
2011.02.09 16:05:52.905,1.59359,1.59391,1.43,1.43
2011.02.09 16:05:53.845,1.59359,1.59391,1.43,2.03
2011.02.09 16:05:53.952,1.59348,1.59384,1.43,1.43
2011.02.09 16:05:55.105,1.5935,1.59386,1.43,1.43
2011.02.09 16:05:55.324,1.59354,1.59392,1.43,1.43
2011.02.09 16:05:55.432,1.59354,1.59392,2.03,1.43
2011.02.09 16:05:56.124,1.59359,1.59397,1.43,1.43
2011.02.09 16:05:57.307,1.59363,1.59403,2.22,1.43
2011.02.09 16:05:57.632,1.59361,1.59403,1.43,1.43
2011.02.09 16:05:58.364,1.59358,1.59403,1.43,2.40
2011.02.09 16:05:58.472,1.59354,1.59393,1.43,1.43
2011.02.09 16:06:00.822,1.59362,1.59396,1.43,1.43
2011.02.09 16:06:03.156,1.59354,1.5939,2.03,1.43
2011.02.09 16:06:04.474,1.59354,1.5939,2.37,1.43
2011.02.09 16:06:04.692,1.59368,1.59406,1.43,2.03
2011.02.09 16:06:04.803,1.59358,1.59396,2.40,1.43
2011.02.09 16:06:05.023,1.59358,1.59396,1.43,1.43
2011.02.09 16:06:05.515,1.59353,1.59391,3.12,1.43
2011.02.09 16:06:05.722,1.59355,1.59398,1.43,2.03
2011.02.09 16:06:05.942,1.59355,1.59398,1.43,2.40
2011.02.09 16:06:06.552,1.59354,1.5939,1.43,1.43
2011.02.09 16:06:07.554,1.59354,1.5939,1.43,2.40
2011.02.09 16:06:07.663,1.59348,1.59382,1.80,1.43
2011.02.09 16:06:08.234,1.59354,1.5939,1.43,1.43
2011.02.09 16:06:10.096,1.59357,1.59393,1.43,1.43
2011.02.09 16:06:10.423,1.59353,1.59391,1.43,1.43
2011.02.09 16:06:11.216,1.59355,1.59394,1.43,2.03
2011.02.09 16:06:11.652,1.59361,1.59397,1.43,1.43
2011.02.09 16:06:12.203,1.59364,1.594,1.43,1.43
2011.02.09 16:06:12.806,1.59343,1.59377,2.18,1.43
2011.02.09 16:06:13.469,1.59349,1.59385,1.80,2.03
2011.02.09 16:06:13.586,1.59346,1.59383,1.80,2.03
2011.02.09 16:06:13.913,1.59351,1.59392,1.43,2.03
2011.02.09 16:06:14.133,1.59336,1.59391,4.50,2.03
2011.02.09 16:06:14.972,1.59336,1.59391,2.18,2.03
2011.02.09 16:06:16.121,1.59336,1.59393,2.18,1.43
2011.02.09 16:06:16.237,1.59345,1.59393,1.43,2.40
2011.02.09 16:06:16.454,1.59342,1.5938,1.43,1.43
2011.02.09 16:06:17.265,1.5935,1.59393,1.43,2.03
2011.02.09 16:06:18.667,1.59347,1.59385,1.43,2.03
2011.02.09 16:06:18.992,1.59341,1.59379,1.43,2.03
2011.02.09 16:06:19.322,1.59347,1.59385,1.43,1.43
2011.02.09 16:06:19.662,1.59349,1.59385,1.50,1.43
2011.02.09 16:06:20.246,1.59349,1.59387,2.93,1.43
2011.02.09 16:06:21.882,1.59349,1.59385,1.50,1.43
2011.02.09 16:06:22.912,1.5935,1.59386,1.43,1.43
2011.02.09 16:06:29.359,1.59349,1.59385,2.25,2.40
2011.02.09 16:06:29.472,1.59349,1.59385,2.25,2.03
2011.02.09 16:06:31.871,1.59348,1.59385,2.25,1.43
2011.02.09 16:06:32.539,1.5935,1.59386,1.80,1.43
2011.02.09 16:06:33.268,1.59349,1.59385,2.25,1.43
2011.02.09 16:06:33.374,1.59349,1.59387,3.68,2.03
2011.02.09 16:06:33.762,1.59352,1.5939,1.80,2.03
2011.02.09 16:06:34.425,1.59354,1.59392,1.80,1.50
2011.02.09 16:06:34.533,1.5935,1.59386,1.80,1.43
2011.02.09 16:06:35.478,1.5935,1.59386,2.18,1.43
2011.02.09 16:06:36.732,1.5935,1.59386,2.18,2.37
2011.02.09 16:06:37.316,1.59334,1.59366,2.18,1.43
2011.02.09 16:06:38.276,1.59334,1.59366,2.18,1.43
2011.02.09 16:06:38.602,1.59332,1.59366,1.43,1.43
2011.02.09 16:06:38.823,1.59328,1.59362,1.43,1.43
2011.02.09 16:06:39.533,1.59328,1.59362,2.18,1.43
2011.02.09 16:06:39.642,1.59333,1.59371,2.18,1.65
2011.02.09 16:06:40.563,1.59339,1.59375,1.43,1.43
2011.02.09 16:06:41.834,1.59339,1.59375,1.43,1.65
2011.02.09 16:06:41.943,1.59333,1.59371,1.80,1.43
2011.02.09 16:06:44.062,1.59333,1.59371,1.80,1.65
2011.02.09 16:06:44.439,1.59328,1.59362,2.18,1.43
2011.02.09 16:06:47.912,1.59333,1.59371,1.80,1.43
2011.02.09 16:06:48.567,1.59333,1.59362,2.18,1.69
2011.02.09 16:06:48.892,1.59336,1.59384,1.80,3.68
2011.02.09 16:06:49.452,1.59336,1.59384,1.80,4.02
2011.02.09 16:06:49.784,1.59324,1.59369,4.50,2.03
2011.02.09 16:06:49.893,1.59333,1.59371,2.18,2.03
2011.02.09 16:06:53.054,1.59334,1.59371,1.88,1.43
2011.02.09 16:06:53.272,1.59335,1.59378,1.80,2.03
2011.02.09 16:06:54.278,1.59339,1.59378,1.50,2.03
2011.02.09 16:06:54.404,1.59339,1.59384,1.50,2.03
2011.02.09 16:06:54.921,1.59343,1.59384,1.50,2.03
2011.02.09 16:06:55.562,1.59344,1.59384,1.50,2.03
2011.02.09 16:06:56.493,1.59343,1.59384,1.50,2.03
2011.02.09 16:06:58.575,1.59343,1.59378,1.50,2.03
2011.02.09 16:06:59.781,1.59344,1.59377,1.50,2.03
2011.02.09 16:07:00.714,1.59343,1.59377,1.50,2.03
2011.02.09 16:07:01.042,1.59343,1.59369,1.50,1.43
2011.02.09 16:07:01.961,1.59344,1.59369,1.50,1.43
2011.02.09 16:07:02.502,1.59343,1.59369,1.50,1.43
2011.02.09 16:07:02.835,1.59335,1.59373,2.18,2.03
2011.02.09 16:07:03.345,1.59335,1.59373,1.80,1.43
2011.02.09 16:07:03.456,1.59328,1.59356,2.25,1.43
2011.02.09 16:07:04.615,1.59329,1.5937,2.25,2.03
2011.02.09 16:07:05.885,1.59334,1.59359,2.25,1.43
2011.02.09 16:07:06.213,1.59338,1.59373,1.80,1.43
2011.02.09 16:07:06.542,1.59333,1.59372,2.25,2.03
2011.02.09 16:07:07.812,1.59334,1.59372,2.25,2.40
2011.02.09 16:07:08.143,1.59322,1.59359,2.18,1.43
2011.02.09 16:07:09.769,1.59332,1.59366,2.18,2.40
2011.02.09 16:07:09.884,1.59322,1.59359,2.18,1.43
2011.02.09 16:07:11.285,1.59332,1.59366,1.43,1.43
2011.02.09 16:07:11.504,1.59322,1.59359,2.40,1.43
2011.02.09 16:07:11.613,1.59324,1.59367,2.18,3.00
2011.02.09 16:07:11.723,1.59324,1.59359,2.18,1.43
2011.02.09 16:07:12.347,1.59337,1.59375,1.43,1.43
2011.02.09 16:07:13.912,1.59338,1.59383,1.43,2.03
2011.02.09 16:07:14.132,1.59338,1.59382,1.43,1.17
2011.02.09 16:07:14.670,1.59338,1.59374,1.43,1.43
2011.02.09 16:07:14.992,1.59333,1.59374,1.43,2.03
2011.02.09 16:07:15.677,1.59333,1.59374,2.37,2.03
2011.02.09 16:07:16.002,1.59334,1.59377,2.93,2.03
2011.02.09 16:07:17.695,1.59334,1.59377,2.40,1.43
2011.02.09 16:07:17.912,1.59335,1.59376,1.43,2.03
2011.02.09 16:07:18.693,1.59334,1.59376,2.93,1.17
2011.02.09 16:07:18.806,1.59334,1.59377,2.93,2.03
2011.02.09 16:07:19.883,1.59334,1.59377,1.43,2.03
2011.02.09 16:07:20.476,1.59334,1.59368,1.50,1.43
2011.02.09 16:07:21.393,1.59334,1.59376,3.68,2.03
2011.02.09 16:07:22.085,1.59334,1.59376,3.68,2.40
2011.02.09 16:07:22.302,1.59335,1.59376,2.18,2.03
2011.02.09 16:07:22.412,1.59334,1.59368,2.25,1.43
2011.02.09 16:07:23.078,1.59335,1.59376,2.18,2.03
2011.02.09 16:07:23.292,1.59343,1.59386,1.43,2.03
2011.02.09 16:07:25.497,1.59343,1.59378,1.43,1.43
2011.02.09 16:07:26.152,1.59334,1.59377,2.18,2.03
2011.02.09 16:07:26.846,1.59334,1.59376,3.68,2.03
2011.02.09 16:07:31.832,1.59334,1.59376,3.68,2.03
2011.02.09 16:07:32.625,1.59334,1.59377,2.25,2.03
2011.02.09 16:07:34.293,1.59334,1.59377,1.50,2.03
2011.02.09 16:07:35.574,1.59333,1.59377,3.30,2.03
2011.02.09 16:07:36.081,1.59335,1.59376,1.43,2.03
2011.02.09 16:07:38.372,1.59333,1.5937,1.80,1.43
2011.02.09 16:07:42.823,1.59333,1.5937,1.80,2.40
2011.02.09 16:07:42.934,1.59334,1.59369,1.80,1.43
2011.02.09 16:07:43.263,1.59334,1.59369,1.43,2.40
2011.02.09 16:07:43.592,1.59327,1.59361,2.18,1.43
2011.02.09 16:07:44.292,1.59327,1.59361,1.43,1.43
2011.02.09 16:07:54.714,1.59327,1.59361,2.37,1.43
2011.02.09 16:07:55.487,1.59344,1.59376,1.43,1.43
2011.02.09 16:07:55.595,1.59334,1.59369,1.43,1.43
2011.02.09 16:07:57.034,1.59323,1.59358,1.43,1.43
2011.02.09 16:07:57.145,1.59323,1.59367,1.43,2.03
2011.02.09 16:07:57.362,1.59318,1.59357,1.80,1.43
2011.02.09 16:07:57.964,1.59324,1.59366,1.43,2.03
2011.02.09 16:08:03.808,1.59322,1.59359,2.22,1.43
2011.02.09 16:08:03.914,1.59333,1.59365,1.43,1.43
2011.02.09 16:08:04.243,1.59324,1.59358,2.10,1.43
2011.02.09 16:08:04.837,1.59324,1.59358,2.25,1.43
2011.02.09 16:08:05.294,1.59337,1.59371,1.43,1.50
2011.02.09 16:08:05.402,1.59337,1.59374,1.43,2.03
2011.02.09 16:08:05.514,1.59337,1.59367,1.43,1.17
2011.02.09 16:08:05.622,1.59324,1.59359,2.25,1.43
2011.02.09 16:08:06.245,1.59328,1.59363,1.80,1.43
2011.02.09 16:08:06.352,1.59323,1.59358,2.18,1.43
2011.02.09 16:08:06.572,1.59323,1.59367,2.18,2.40
2011.02.09 16:08:06.793,1.59322,1.59357,2.37,1.43
2011.02.09 16:08:06.902,1.59326,1.59363,1.80,1.43
2011.02.09 16:08:07.479,1.59333,1.59368,1.43,1.43
2011.02.09 16:08:07.702,1.59334,1.59376,1.43,2.03
2011.02.09 16:08:08.085,1.59334,1.59376,1.43,2.40
2011.02.09 16:08:08.413,1.59326,1.59364,1.88,2.03
2011.02.09 16:08:08.993,1.59323,1.59367,2.18,2.03
2011.02.09 16:08:09.213,1.59325,1.59373,2.07,2.03
2011.02.09 16:08:09.432,1.59333,1.59374,1.43,2.03
2011.02.09 16:08:10.963,1.59333,1.59374,1.43,2.40
2011.02.09 16:08:11.464,1.59323,1.59363,2.18,2.03
2011.02.09 16:08:13.185,1.59322,1.59357,2.18,1.43
2011.02.09 16:08:13.513,1.5932,1.59355,2.18,1.43
2011.02.09 16:08:13.623,1.59323,1.59358,2.18,1.43
2011.02.09 16:08:14.244,1.59327,1.59364,1.80,1.43
2011.02.09 16:08:14.463,1.59324,1.59366,1.80,2.03
2011.02.09 16:08:18.673,1.59332,1.59369,1.43,1.43
2011.02.09 16:08:19.002,1.59334,1.59376,1.43,2.40
2011.02.09 16:08:19.112,1.59334,1.59376,1.43,2.03
2011.02.09 16:08:19.733,1.59334,1.59376,1.43,2.22
2011.02.09 16:08:19.846,1.59322,1.59359,1.80,1.43
2011.02.09 16:08:20.172,1.59333,1.59365,1.43,1.43
2011.02.09 16:08:20.788,1.59334,1.59368,1.43,1.43
2011.02.09 16:08:21.725,1.59333,1.59365,1.43,1.43
2011.02.09 16:08:22.530,1.59337,1.59375,1.43,1.43
2011.02.09 16:08:23.535,1.59334,1.59366,1.50,1.43
2011.02.09 16:08:23.863,1.59337,1.59375,1.43,1.43
2011.02.09 16:08:24.555,1.59354,1.5939,1.43,1.43
2011.02.09 16:08:24.883,1.59348,1.59389,1.88,1.43
2011.02.09 16:08:25.487,1.59338,1.59374,2.18,1.43
2011.02.09 16:08:26.596,1.59344,1.59389,2.25,2.03
2011.02.09 16:08:27.948,1.59343,1.59389,2.25,2.97
2011.02.09 16:08:28.854,1.59339,1.59387,2.44,2.03
2011.02.09 16:08:29.182,1.59338,1.59386,2.25,2.59
2011.02.09 16:08:29.622,1.59339,1.59385,2.25,1.35
2011.02.09 16:08:31.949,1.59339,1.59369,2.25,2.03
2011.02.09 16:08:33.102,1.59339,1.59378,2.25,2.03
2011.02.09 16:08:33.933,1.59338,1.59369,2.25,2.03
2011.02.09 16:08:34.993,1.59335,1.59378,2.18,2.03
2011.02.09 16:08:37.066,1.5933,1.59376,2.18,2.03
2011.02.09 16:08:37.174,1.5933,1.59376,2.18,1.43
2011.02.09 16:08:37.868,1.5934,1.59379,1.80,2.03
2011.02.09 16:08:38.507,1.5934,1.59379,2.18,2.03
2011.02.09 16:08:39.524,1.59338,1.59372,2.18,2.03
2011.02.09 16:08:40.193,1.59338,1.59372,2.18,2.03
2011.02.09 16:08:40.776,1.59329,1.59362,2.25,1.43
2011.02.09 16:08:41.484,1.59339,1.59371,2.18,2.03
2011.02.09 16:08:41.597,1.59319,1.59363,3.68,2.03
2011.02.09 16:08:42.424,1.59323,1.59355,2.18,1.43
2011.02.09 16:08:43.902,1.59328,1.59365,2.18,2.03
2011.02.09 16:08:44.343,1.59328,1.5936,2.25,1.43
2011.02.09 16:08:45.165,1.59329,1.59379,2.18,2.03
2011.02.09 16:08:45.614,1.59338,1.59387,1.88,2.10
2011.02.09 16:08:45.833,1.59338,1.59378,1.88,1.43
2011.02.09 16:08:48.115,1.59339,1.59378,1.88,1.43
2011.02.09 16:08:48.444,1.59333,1.59367,2.18,1.43
2011.02.09 16:08:48.772,1.59329,1.59359,2.25,1.43
2011.02.09 16:08:49.365,1.59329,1.59364,2.18,1.43
2011.02.09 16:08:51.014,1.59329,1.59373,2.25,2.03
2011.02.09 16:08:51.785,1.59328,1.59373,8.25,1.43
2011.02.09 16:08:52.385,1.59328,1.59373,3.68,2.40
2011.02.09 16:08:52.712,1.59324,1.59361,2.18,1.43
2011.02.09 16:08:53.444,1.59313,1.59352,2.25,1.43
2011.02.09 16:08:53.555,1.59314,1.59352,1.50,1.43
2011.02.09 16:08:53.664,1.59314,1.59346,1.50,1.43
2011.02.09 16:08:53.772,1.59314,1.59352,1.50,1.43
2011.02.09 16:08:54.593,1.59309,1.59345,1.50,1.43
2011.02.09 16:08:55.251,1.59308,1.59345,2.93,1.43
2011.02.09 16:08:55.856,1.59308,1.5934,2.25,1.43
2011.02.09 16:08:56.072,1.59319,1.59354,1.43,2.40
2011.02.09 16:08:56.183,1.59319,1.59354,1.43,1.43
2011.02.09 16:08:56.512,1.59319,1.59354,1.43,2.03
2011.02.09 16:08:57.426,1.59309,1.59353,3.68,2.03
2011.02.09 16:08:57.874,1.59309,1.59353,4.50,1.43
2011.02.09 16:08:57.982,1.5931,1.59362,2.37,2.03
2011.02.09 16:08:58.662,1.59321,1.59368,1.43,2.18
2011.02.09 16:08:58.772,1.59323,1.59366,1.50,1.17
2011.02.09 16:08:59.394,1.59309,1.59352,2.25,2.03
2011.02.09 16:08:59.722,1.5931,1.59353,2.18,2.03
2011.02.09 16:09:02.256,1.59321,1.59362,1.43,2.03
2011.02.09 16:09:03.372,1.5932,1.59362,1.43,2.03
2011.02.09 16:09:03.592,1.5932,1.59362,1.43,2.40
2011.02.09 16:09:04.296,1.59319,1.59353,1.50,2.03
2011.02.09 16:09:04.843,1.59314,1.59353,1.88,2.03
2011.02.09 16:09:05.974,1.59313,1.59353,2.25,1.43
2011.02.09 16:09:06.082,1.59313,1.59361,2.25,2.03
2011.02.09 16:09:09.582,1.59313,1.59361,2.25,1.43
2011.02.09 16:09:10.192,1.59314,1.59361,2.25,2.03
2011.02.09 16:09:13.283,1.59314,1.59361,2.25,2.40
2011.02.09 16:09:13.395,1.59314,1.59362,2.25,2.03
2011.02.09 16:09:14.525,1.59328,1.59368,1.50,2.03
2011.02.09 16:09:15.582,1.59329,1.59368,1.50,2.03
2011.02.09 16:09:16.024,1.59338,1.59368,1.50,2.03
2011.02.09 16:09:16.133,1.59338,1.59377,1.88,2.03
2011.02.09 16:09:17.533,1.59339,1.59376,1.88,2.48
2011.02.09 16:09:17.862,1.5932,1.59369,2.18,2.40
2011.02.09 16:09:18.564,1.59319,1.59361,2.25,2.03
2011.02.09 16:09:23.406,1.5932,1.59362,2.18,2.03
2011.02.09 16:09:23.736,1.5932,1.59363,1.43,1.58
2011.02.09 16:09:24.314,1.59319,1.59353,1.50,1.43
2011.02.09 16:09:25.479,1.59318,1.59353,1.50,1.43
2011.02.09 16:09:25.923,1.59318,1.59355,1.50,1.43
2011.02.09 16:09:27.033,1.59319,1.59355,1.50,1.43
2011.02.09 16:09:27.631,1.59318,1.59355,1.50,1.43
2011.02.09 16:09:27.756,1.59315,1.59355,1.43,1.43
2011.02.09 16:09:27.863,1.59313,1.59352,1.88,2.03
2011.02.09 16:09:30.068,1.59313,1.59352,1.88,1.43
2011.02.09 16:09:31.230,1.59313,1.59352,2.67,1.43
2011.02.09 16:09:31.336,1.59323,1.59352,1.50,1.43
2011.02.09 16:09:31.882,1.59324,1.59352,1.50,1.43
2011.02.09 16:09:32.814,1.59323,1.59368,1.50,1.35
2011.02.09 16:09:33.613,1.59324,1.59369,1.50,2.03
2011.02.09 16:09:34.737,1.59324,1.59361,1.50,2.03
2011.02.09 16:09:35.285,1.59329,1.59364,1.43,1.43
2011.02.09 16:09:35.781,1.59323,1.59362,1.50,2.03
2011.02.09 16:09:36.003,1.59324,1.59363,1.50,2.03
2011.02.09 16:09:37.262,1.59323,1.59363,1.50,2.03
2011.02.09 16:09:38.343,1.59324,1.59363,1.50,2.03
2011.02.09 16:09:38.452,1.59319,1.59363,2.18,2.03
2011.02.09 16:09:39.206,1.59318,1.59352,2.25,2.03
2011.02.09 16:09:39.533,1.59318,1.59352,2.25,2.03
2011.02.09 16:09:40.254,1.59318,1.59353,2.25,1.43
2011.02.09 16:09:40.472,1.59319,1.59361,2.25,2.03
2011.02.09 16:09:41.871,1.59329,1.5937,1.43,2.03
2011.02.09 16:09:41.985,1.59329,1.59366,1.43,1.17
2011.02.09 16:09:42.657,1.59318,1.59353,2.25,2.03
2011.02.09 16:09:42.765,1.5932,1.59362,2.18,2.03
2011.02.09 16:09:44.193,1.5932,1.59362,2.18,2.40
2011.02.09 16:09:44.523,1.59305,1.59343,2.18,2.03
2011.02.09 16:09:46.553,1.59303,1.59333,2.25,1.43
2011.02.09 16:09:46.661,1.59303,1.59333,1.50,1.43
2011.02.09 16:09:47.350,1.59304,1.59333,1.50,1.43
2011.02.09 16:09:47.934,1.59303,1.59333,1.50,1.43
2011.02.09 16:09:48.596,1.59304,1.59333,1.50,1.43
2011.02.09 16:09:49.430,1.59303,1.59333,1.50,1.43
2011.02.09 16:09:49.667,1.59307,1.59342,1.80,1.43
2011.02.09 16:09:49.884,1.59316,1.5935,1.43,1.43
2011.02.09 16:09:50.674,1.59313,1.59342,1.50,1.43
2011.02.09 16:09:51.130,1.59314,1.59337,1.50,1.43
2011.02.09 16:09:51.435,1.59303,1.59337,2.40,1.43
2011.02.09 16:09:52.452,1.59311,1.59348,1.43,1.43
2011.02.09 16:09:52.783,1.59307,1.59342,1.80,1.43
2011.02.09 16:09:53.624,1.59307,1.59342,1.80,2.03
2011.02.09 16:09:53.737,1.59306,1.59343,1.80,1.43
2011.02.09 16:09:54.282,1.59306,1.59343,1.80,2.03
2011.02.09 16:09:54.966,1.59303,1.59338,2.25,1.43
2011.02.09 16:09:55.986,1.59304,1.59338,2.25,1.43
2011.02.09 16:09:56.095,1.59307,1.59342,1.80,1.43
2011.02.09 16:09:56.643,1.59303,1.59333,2.25,1.43
2011.02.09 16:09:57.171,1.59303,1.59332,2.25,1.43
2011.02.09 16:09:57.287,1.59305,1.59342,1.80,1.43
2011.02.09 16:09:57.835,1.59306,1.59343,1.80,1.43
2011.02.09 16:09:59.503,1.59304,1.59334,1.88,1.43
2011.02.09 16:10:09.266,1.59324,1.59361,2.93,2.40
2011.02.09 16:10:09.355,1.59324,1.59361,2.93,2.03
2011.02.09 16:10:10.533,1.59324,1.59359,1.50,1.43
2011.02.09 16:10:10.642,1.59324,1.59361,2.93,1.43
2011.02.09 16:10:11.674,1.59324,1.59358,1.50,1.43
2011.02.09 16:10:12.963,1.59324,1.59358,2.25,1.43
2011.02.09 16:10:13.074,1.59333,1.59365,1.43,1.43
2011.02.09 16:10:13.292,1.59323,1.59358,5.18,1.43
2011.02.09 16:10:14.076,1.59325,1.59357,1.80,2.03
2011.02.09 16:10:14.899,1.59315,1.59356,2.18,2.03
2011.02.09 16:10:15.223,1.59314,1.5935,2.25,1.43
2011.02.09 16:10:16.145,1.59314,1.59345,2.25,1.43
2011.02.09 16:10:16.976,1.59314,1.59347,2.25,2.03
2011.02.09 16:10:17.523,1.59314,1.59348,2.25,1.43
2011.02.09 16:10:18.333,1.59314,1.59348,2.25,2.03
2011.02.09 16:10:18.443,1.59314,1.59344,2.25,1.43
2011.02.09 16:10:19.474,1.59314,1.59339,2.25,1.43
2011.02.09 16:10:23.627,1.59314,1.59336,2.25,1.43
2011.02.09 16:10:23.734,1.59313,1.59336,1.50,1.43
2011.02.09 16:10:24.303,1.59303,1.59336,2.25,1.43
2011.02.09 16:10:25.015,1.59304,1.59337,2.25,1.43
2011.02.09 16:10:25.123,1.59304,1.59337,2.25,2.03
2011.02.09 16:10:25.344,1.59309,1.59343,1.80,1.43
2011.02.09 16:10:26.095,1.59304,1.59335,2.25,1.43
2011.02.09 16:10:29.984,1.59303,1.59335,2.25,1.43
2011.02.09 16:10:30.704,1.59309,1.59343,1.80,1.43
2011.02.09 16:10:30.814,1.59305,1.59339,2.18,1.43
2011.02.09 16:10:32.205,1.59305,1.59339,1.99,1.43
2011.02.09 16:10:32.686,1.59309,1.59343,1.80,1.43
2011.02.09 16:10:32.795,1.59316,1.59351,1.43,2.03
2011.02.09 16:10:32.903,1.59319,1.59351,1.50,1.43
2011.02.09 16:10:33.483,1.59318,1.59351,1.50,1.43
2011.02.09 16:10:34.000,1.59319,1.59351,1.50,1.43
2011.02.09 16:10:34.688,1.5932,1.59354,1.80,1.43
2011.02.09 16:10:42.844,1.5932,1.59354,1.80,2.03
2011.02.09 16:10:43.442,1.59318,1.59349,2.25,1.43
2011.02.09 16:10:44.042,1.59324,1.59349,1.50,1.43
2011.02.09 16:10:44.603,1.59323,1.59343,1.88,1.43
2011.02.09 16:10:44.825,1.59318,1.5935,1.88,1.43
2011.02.09 16:10:44.934,1.59319,1.5935,1.88,1.80
2011.02.09 16:10:45.533,1.59319,1.59347,1.50,1.32
2011.02.09 16:10:45.852,1.59304,1.5934,2.25,2.03
2011.02.09 16:10:47.107,1.59303,1.59333,2.25,1.43
2011.02.09 16:10:49.353,1.59304,1.59339,2.25,1.43
2011.02.09 16:10:49.683,1.59312,1.59347,2.25,2.03
2011.02.09 16:10:49.904,1.59309,1.59347,2.18,2.40
2011.02.09 16:10:50.657,1.59307,1.59346,2.18,2.40
2011.02.09 16:10:50.763,1.59307,1.59346,2.18,1.43
2011.02.09 16:10:50.874,1.59307,1.59344,2.18,1.43
2011.02.09 16:10:51.092,1.59307,1.59346,2.18,2.03
2011.02.09 16:10:51.753,1.59307,1.59346,2.18,1.43
2011.02.09 16:10:52.305,1.59307,1.59346,2.18,2.03
2011.02.09 16:10:52.886,1.59324,1.59361,1.50,2.40
2011.02.09 16:10:52.993,1.59324,1.59361,1.50,1.43
2011.02.09 16:10:53.103,1.59323,1.59361,1.43,2.40
2011.02.09 16:10:53.432,1.59312,1.59347,2.18,1.43
2011.02.09 16:10:54.583,1.59312,1.59347,1.43,1.43
2011.02.09 16:10:55.462,1.5931,1.59344,1.50,1.43
2011.02.09 16:10:56.282,1.59309,1.59344,1.43,1.43
2011.02.09 16:10:56.396,1.59311,1.59348,1.43,1.43
2011.02.09 16:10:57.475,1.5931,1.59339,1.50,1.43
2011.02.09 16:10:57.804,1.5931,1.59347,1.43,1.43
2011.02.09 16:10:57.912,1.5931,1.59347,2.18,1.43
2011.02.09 16:10:58.023,1.59315,1.59362,1.80,2.40
2011.02.09 16:10:58.594,1.59323,1.59361,2.93,1.43
2011.02.09 16:10:58.814,1.59323,1.59361,1.43,2.40
2011.02.09 16:10:58.922,1.59312,1.59353,2.18,1.43
2011.02.09 16:10:59.464,1.59312,1.59353,1.62,2.03
2011.02.09 16:11:00.793,1.59312,1.59353,1.43,2.40
2011.02.09 16:11:01.499,1.59309,1.59345,1.69,1.43
2011.02.09 16:11:01.617,1.59308,1.59345,1.43,1.43
2011.02.09 16:11:01.917,1.59308,1.59345,2.37,1.43
2011.02.09 16:11:02.352,1.59308,1.59345,3.12,1.43
2011.02.09 16:11:03.176,1.59304,1.59341,1.80,1.43
2011.02.09 16:11:03.502,1.59296,1.59331,2.18,1.43
2011.02.09 16:11:03.613,1.59299,1.59336,2.18,1.43
2011.02.09 16:11:04.413,1.59302,1.59337,1.43,1.43
2011.02.09 16:11:05.454,1.593,1.59335,1.43,1.43
2011.02.09 16:11:07.412,1.59302,1.59337,1.43,1.43
2011.02.09 16:11:09.990,1.59298,1.59335,1.43,1.62
2011.02.09 16:11:10.324,1.59284,1.59319,2.25,1.43
2011.02.09 16:11:10.654,1.5928,1.59316,2.37,1.43
2011.02.09 16:11:13.390,1.5928,1.59316,2.18,1.43
2011.02.09 16:11:13.496,1.59289,1.59323,1.80,1.43
2011.02.09 16:11:14.004,1.59289,1.59323,1.80,2.03
2011.02.09 16:11:14.692,1.59297,1.59333,1.43,1.43
2011.02.09 16:11:16.574,1.59294,1.59328,1.50,1.43
2011.02.09 16:11:17.124,1.59294,1.59328,2.10,1.43
2011.02.09 16:11:17.235,1.59302,1.59336,1.43,1.43
2011.02.09 16:11:17.825,1.59299,1.59333,1.43,2.03
2011.02.09 16:11:18.496,1.59294,1.59328,2.93,1.43
2011.02.09 16:11:18.823,1.59285,1.59323,1.43,1.43
2011.02.09 16:11:19.347,1.5928,1.59318,1.80,1.43
2011.02.09 16:11:19.672,1.59278,1.59316,2.18,1.43
2011.02.09 16:11:20.276,1.59281,1.59317,1.80,1.43
2011.02.09 16:11:21.406,1.59285,1.59323,1.43,2.03
2011.02.09 16:11:21.513,1.59281,1.59317,1.80,1.43
2011.02.09 16:11:21.843,1.59286,1.59322,1.43,1.43
2011.02.09 16:11:22.064,1.59291,1.59327,1.43,1.43
2011.02.09 16:11:22.903,1.5929,1.59328,1.43,2.03
2011.02.09 16:11:23.232,1.59286,1.59322,1.43,1.43
2011.02.09 16:11:23.343,1.59291,1.5933,1.43,2.03
2011.02.09 16:11:23.873,1.5929,1.59328,1.43,1.43
2011.02.09 16:11:26.065,1.59301,1.59337,1.43,2.40
2011.02.09 16:11:26.283,1.59301,1.59337,1.43,1.43
2011.02.09 16:11:27.666,1.593,1.59338,1.43,2.03
2011.02.09 16:11:27.773,1.59297,1.59333,1.43,1.43
2011.02.09 16:11:28.499,1.593,1.59338,1.43,2.03
2011.02.09 16:11:28.595,1.59297,1.59333,1.43,1.43
2011.02.09 16:11:29.744,1.593,1.59338,1.43,1.43
2011.02.09 16:11:29.854,1.59297,1.59333,1.43,1.43
2011.02.09 16:11:30.593,1.59301,1.59337,1.43,1.43
2011.02.09 16:11:30.923,1.59297,1.59333,1.43,1.43
2011.02.09 16:11:33.745,1.59282,1.59317,1.43,1.43
2011.02.09 16:11:34.773,1.59282,1.59317,2.03,1.43
2011.02.09 16:11:34.885,1.59284,1.59322,1.43,1.43
2011.02.09 16:11:35.434,1.59284,1.59322,2.03,1.43
2011.02.09 16:11:36.135,1.59294,1.59332,1.43,1.43
2011.02.09 16:11:39.324,1.59294,1.59332,1.43,2.03
2011.02.09 16:11:39.905,1.59301,1.59333,1.43,1.43
2011.02.09 16:11:40.857,1.593,1.59338,2.03,1.43
2011.02.09 16:11:41.183,1.59296,1.59332,1.43,1.43
2011.02.09 16:11:41.973,1.593,1.59338,1.43,1.43
2011.02.09 16:11:42.822,1.59303,1.59341,1.43,2.03
2011.02.09 16:11:43.334,1.593,1.59338,1.43,1.43
2011.02.09 16:11:45.024,1.59304,1.5934,1.43,1.43
2011.02.09 16:11:45.133,1.593,1.59338,2.03,1.43
2011.02.09 16:11:45.353,1.59303,1.59341,1.43,1.43
2011.02.09 16:11:46.277,1.593,1.59338,2.03,1.43
2011.02.09 16:11:46.385,1.59303,1.59341,1.43,1.43
2011.02.09 16:11:46.493,1.59295,1.59333,1.43,1.43
2011.02.09 16:11:47.400,1.59297,1.59335,1.43,1.43
2011.02.09 16:11:47.844,1.59301,1.59337,1.43,2.03
2011.02.09 16:11:49.844,1.59301,1.59337,2.03,1.43
2011.02.09 16:11:50.484,1.59296,1.5933,1.43,1.43
2011.02.09 16:11:52.254,1.59302,1.59336,1.43,1.43
2011.02.09 16:11:52.854,1.59303,1.59335,1.43,1.43
2011.02.09 16:11:53.844,1.59303,1.59335,1.43,2.03
2011.02.09 16:11:53.956,1.59294,1.59335,2.03,2.03
2011.02.09 16:11:54.172,1.59293,1.59327,1.43,1.43
2011.02.09 16:11:55.437,1.59293,1.59327,1.43,2.03
2011.02.09 16:11:55.545,1.59285,1.59321,1.80,1.43
2011.02.09 16:11:56.895,1.59285,1.59321,1.43,1.43
2011.02.09 16:11:58.303,1.59285,1.59321,2.40,1.43
2011.02.09 16:11:58.936,1.593,1.59336,1.43,1.62
2011.02.09 16:11:59.044,1.59286,1.59329,2.03,2.03
2011.02.09 16:11:59.955,1.59302,1.59345,2.03,2.03
2011.02.09 16:12:00.504,1.59302,1.59345,1.43,2.40
2011.02.09 16:12:01.095,1.59301,1.59337,1.43,1.43
2011.02.09 16:12:03.885,1.59295,1.59333,2.03,1.43
2011.02.09 16:12:06.467,1.59285,1.59323,2.03,1.43
2011.02.09 16:12:06.793,1.59285,1.59323,2.22,1.43
2011.02.09 16:12:06.903,1.59293,1.59336,2.03,1.43
2011.02.09 16:12:07.869,1.59296,1.59339,1.43,2.03
2011.02.09 16:12:08.462,1.59296,1.59339,2.03,1.43
2011.02.09 16:12:09.228,1.59296,1.59339,2.03,1.58
2011.02.09 16:12:09.483,1.59296,1.59337,1.43,1.24
2011.02.09 16:12:09.923,1.59295,1.5934,2.03,1.43
2011.02.09 16:12:10.534,1.59295,1.5934,2.03,1.50
2011.02.09 16:12:10.752,1.59295,1.5934,2.03,1.43
2011.02.09 16:12:11.007,1.59295,1.59338,2.03,1.43
2011.02.09 16:12:12.003,1.59296,1.59339,2.03,1.43
2011.02.09 16:12:12.804,1.59296,1.59334,1.43,2.29
2011.02.09 16:12:13.024,1.59289,1.59325,1.43,1.43
2011.02.09 16:12:13.668,1.59293,1.59325,1.43,1.43
2011.02.09 16:12:15.404,1.59298,1.5933,1.43,1.43
2011.02.09 16:12:16.326,1.59295,1.5934,2.03,1.62
2011.02.09 16:12:17.155,1.59287,1.59338,2.03,1.62
2011.02.09 16:12:17.833,1.59287,1.59338,2.03,1.43
2011.02.09 16:12:19.073,1.59287,1.59338,2.03,1.58
2011.02.09 16:12:19.877,1.59296,1.59339,2.03,1.50
2011.02.09 16:12:20.462,1.59296,1.59339,2.03,1.43
2011.02.09 16:12:21.165,1.59296,1.59339,2.03,1.58
2011.02.09 16:12:21.493,1.59295,1.5934,2.03,1.43
2011.02.09 16:12:23.456,1.59293,1.59331,1.43,1.43
2011.02.09 16:12:23.673,1.59285,1.5933,2.03,1.43
2011.02.09 16:12:25.003,1.59285,1.5933,2.40,1.43
2011.02.09 16:12:25.617,1.59295,1.59333,2.03,1.43
2011.02.09 16:12:26.043,1.59293,1.59331,1.43,1.43
2011.02.09 16:12:26.747,1.59279,1.59314,1.43,1.43
2011.02.09 16:12:29.444,1.59279,1.59314,2.03,1.43
2011.02.09 16:12:29.553,1.59282,1.5932,1.43,1.43
2011.02.09 16:12:31.324,1.59284,1.59334,2.03,5.78
2011.02.09 16:12:31.683,1.59285,1.59334,1.17,1.58
2011.02.09 16:12:31.793,1.59285,1.59334,1.17,1.43
2011.02.09 16:12:31.903,1.59295,1.59343,1.43,5.18
2011.02.09 16:12:32.123,1.5929,1.59338,2.22,1.80
2011.02.09 16:12:34.396,1.59303,1.59341,1.43,1.80
2011.02.09 16:12:34.895,1.59308,1.59346,1.43,2.18
2011.02.09 16:12:35.634,1.59295,1.59343,1.43,2.37
2011.02.09 16:12:36.233,1.59295,1.59343,2.37,2.18
2011.02.09 16:12:36.562,1.59309,1.59345,1.43,2.18
2011.02.09 16:12:37.265,1.59319,1.59355,2.03,2.93
2011.02.09 16:12:37.374,1.59319,1.59355,1.43,2.93
2011.02.09 16:12:37.484,1.59315,1.5935,1.43,1.43
2011.02.09 16:12:38.087,1.593,1.59343,2.03,1.43
2011.02.09 16:12:38.194,1.59298,1.59334,1.43,1.43
2011.02.09 16:12:39.030,1.593,1.59343,2.03,1.43
2011.02.09 16:12:39.616,1.59297,1.59335,2.03,1.43
2011.02.09 16:12:40.191,1.59297,1.59335,1.43,1.43
2011.02.09 16:12:40.394,1.59301,1.59335,2.48,1.43
2011.02.09 16:12:40.504,1.59313,1.59351,2.03,1.43
2011.02.09 16:12:41.017,1.59305,1.5935,2.40,1.43
2011.02.09 16:12:41.127,1.59303,1.59341,2.03,1.43
2011.02.09 16:12:45.304,1.59303,1.59341,2.03,1.62
2011.02.09 16:12:45.948,1.59287,1.59325,2.40,1.43
2011.02.09 16:12:46.056,1.59287,1.59325,1.43,1.43
2011.02.09 16:12:48.957,1.59287,1.59325,2.37,1.43
2011.02.09 16:12:49.068,1.59312,1.59346,2.03,1.62
2011.02.09 16:12:49.173,1.59303,1.59341,2.03,1.43
2011.02.09 16:12:53.523,1.59303,1.59341,2.03,2.37
2011.02.09 16:12:54.146,1.59302,1.59336,2.03,1.43
2011.02.09 16:12:54.363,1.59309,1.59347,2.03,1.43
2011.02.09 16:12:56.116,1.59312,1.59355,2.03,2.03
2011.02.09 16:12:57.234,1.5931,1.59346,1.43,1.43
2011.02.09 16:12:58.498,1.59312,1.59355,2.03,2.03
2011.02.09 16:12:59.408,1.59309,1.59347,1.43,1.43
2011.02.09 16:12:59.733,1.59318,1.59352,1.43,1.43
2011.02.09 16:13:00.258,1.59326,1.59361,1.43,1.43
2011.02.09 16:13:00.382,1.59327,1.59371,2.03,2.40
2011.02.09 16:13:01.181,1.59327,1.59371,1.43,2.40
2011.02.09 16:13:01.514,1.59326,1.59361,1.43,1.43
2011.02.09 16:13:02.293,1.59336,1.59371,1.43,1.80
2011.02.09 16:13:02.624,1.5933,1.59367,1.43,2.03
2011.02.09 16:13:02.954,1.5933,1.59363,1.43,1.32
2011.02.09 16:13:03.530,1.5933,1.59354,1.43,1.17
2011.02.09 16:13:03.645,1.59307,1.59341,1.43,2.03
2011.02.09 16:13:03.755,1.59307,1.59341,1.62,2.03
2011.02.09 16:13:03.863,1.59314,1.59352,1.43,2.03
2011.02.09 16:13:04.885,1.59324,1.59356,2.03,1.43
2011.02.09 16:13:04.993,1.59326,1.59361,1.43,1.43
2011.02.09 16:13:06.253,1.59297,1.59331,1.43,1.43
2011.02.09 16:13:08.465,1.59289,1.59325,1.80,1.43
2011.02.09 16:13:08.684,1.59297,1.59331,1.43,1.43
2011.02.09 16:13:09.358,1.59302,1.59336,1.43,2.03
2011.02.09 16:13:09.485,1.59305,1.59344,2.03,2.03
2011.02.09 16:13:09.703,1.59303,1.59335,2.03,1.43
2011.02.09 16:13:10.034,1.59294,1.5933,2.59,1.43
2011.02.09 16:13:10.143,1.59303,1.59335,1.43,1.43
2011.02.09 16:13:10.856,1.59313,1.59345,1.43,1.43
2011.02.09 16:13:11.589,1.59304,1.5934,2.40,1.43
2011.02.09 16:13:11.707,1.59304,1.5934,1.43,1.43
2011.02.09 16:13:13.295,1.59313,1.59345,1.43,1.43
2011.02.09 16:13:14.077,1.59297,1.59329,2.03,1.43
2011.02.09 16:13:14.184,1.59297,1.59329,1.43,1.43
2011.02.09 16:13:14.293,1.59297,1.59329,2.37,1.43
2011.02.09 16:13:14.404,1.59313,1.59345,1.43,1.43
2011.02.09 16:13:16.434,1.59313,1.59345,1.43,2.40
2011.02.09 16:13:16.544,1.59297,1.59331,2.40,1.43
2011.02.09 16:13:16.654,1.59297,1.59331,1.43,1.43
2011.02.09 16:13:16.764,1.59297,1.59331,2.40,1.43
2011.02.09 16:13:16.983,1.59308,1.5934,1.43,1.43
2011.02.09 16:13:17.565,1.5931,1.5934,1.50,1.43
2011.02.09 16:13:17.677,1.59312,1.59355,2.03,2.97
2011.02.09 16:13:17.783,1.59312,1.59355,2.03,2.03
2011.02.09 16:13:19.836,1.59319,1.59357,1.43,1.43
2011.02.09 16:13:22.506,1.59321,1.5936,2.03,2.03
2011.02.09 16:13:22.834,1.5931,1.59345,1.50,2.03
2011.02.09 16:13:23.273,1.59311,1.59356,2.03,2.03
2011.02.09 16:13:30.601,1.59311,1.59356,2.40,1.43
2011.02.09 16:13:30.826,1.5932,1.59365,2.03,2.22
2011.02.09 16:13:31.427,1.5932,1.59365,2.03,2.03
2011.02.09 16:13:31.540,1.59308,1.59349,1.50,2.03
2011.02.09 16:13:31.654,1.59306,1.59349,2.03,2.03
2011.02.09 16:13:34.556,1.5931,1.59349,1.17,1.43
2011.02.09 16:13:34.665,1.59321,1.5936,2.03,1.50
2011.02.09 16:13:34.774,1.59321,1.59366,2.03,2.03
2011.02.09 16:13:35.673,1.59321,1.59366,2.03,2.22
2011.02.09 16:13:36.003,1.59315,1.59354,2.03,2.03
2011.02.09 16:13:37.189,1.59315,1.59354,2.03,2.03
2011.02.09 16:13:39.196,1.59315,1.59354,2.03,2.03
2011.02.09 16:13:40.136,1.59321,1.59366,2.03,2.03
2011.02.09 16:13:41.368,1.59319,1.59357,1.43,1.43
2011.02.09 16:13:42.173,1.59318,1.59354,1.43,1.43
2011.02.09 16:13:42.613,1.59319,1.59357,1.43,1.43
2011.02.09 16:13:43.304,1.59322,1.59363,1.43,2.03
2011.02.09 16:13:49.774,1.59324,1.59368,1.43,1.17
2011.02.09 16:13:49.882,1.59324,1.5937,2.25,2.29
2011.02.09 16:13:50.104,1.59334,1.59374,2.25,2.18
2011.02.09 16:13:52.586,1.59341,1.59385,2.25,2.25
2011.02.09 16:13:52.693,1.59341,1.59385,2.63,2.63
2011.02.09 16:13:53.024,1.59347,1.59385,1.43,1.05
2011.02.09 16:13:53.133,1.59338,1.59384,2.25,2.10
2011.02.09 16:13:54.208,1.59336,1.59378,1.43,2.10
2011.02.09 16:13:54.424,1.59336,1.59378,1.43,2.29
2011.02.09 16:13:55.287,1.59342,1.59377,2.25,1.43
2011.02.09 16:13:55.395,1.59338,1.59373,2.25,1.43
2011.02.09 16:13:55.505,1.59338,1.59373,1.43,2.10
2011.02.09 16:13:56.117,1.59342,1.59379,1.43,2.10
2011.02.09 16:13:56.454,1.59349,1.59387,1.43,1.32
2011.02.09 16:13:56.564,1.59349,1.59389,1.43,1.99
2011.02.09 16:13:57.635,1.59354,1.59393,1.43,1.30
2011.02.09 16:14:00.173,1.59348,1.59391,1.20,1.88
2011.02.09 16:14:00.657,1.59346,1.59391,2.25,1.32
2011.02.09 16:14:00.767,1.59344,1.59384,1.43,2.29
2011.02.09 16:14:02.730,1.59344,1.59384,2.25,1.43
2011.02.09 16:14:02.844,1.59349,1.59388,1.43,1.02
2011.02.09 16:14:03.394,1.59355,1.59393,1.43,2.37
2011.02.09 16:14:04.013,1.59352,1.59392,2.25,1.62
2011.02.09 16:14:04.127,1.59355,1.59393,1.43,2.37
2011.02.09 16:14:04.653,1.59355,1.59393,1.43,2.44
2011.02.09 16:14:05.236,1.59363,1.59395,1.43,1.13
2011.02.09 16:14:05.453,1.59342,1.59379,1.43,2.29
2011.02.09 16:14:05.563,1.5935,1.59385,1.43,1.50
2011.02.09 16:14:05.674,1.5935,1.59388,1.43,2.29
2011.02.09 16:14:06.408,1.59344,1.59384,1.43,2.29
2011.02.09 16:14:07.665,1.59345,1.59383,1.43,2.44
2011.02.09 16:14:08.573,1.59339,1.59379,2.25,1.43
2011.02.09 16:14:08.688,1.59339,1.59379,1.43,2.29
2011.02.09 16:14:13.892,1.59334,1.59374,2.25,1.43
2011.02.09 16:14:14.002,1.59334,1.59374,1.43,2.10
2011.02.09 16:14:14.974,1.59334,1.59372,1.43,1.62
2011.02.09 16:14:15.886,1.59334,1.59374,1.43,2.29
2011.02.09 16:14:16.925,1.59329,1.59369,2.25,1.43
2011.02.09 16:14:17.034,1.59329,1.59369,1.43,2.10
2011.02.09 16:14:17.364,1.59334,1.59372,1.43,2.18
2011.02.09 16:14:17.474,1.59334,1.59374,1.43,2.37
2011.02.09 16:14:18.507,1.59334,1.59372,1.43,2.10
2011.02.09 16:14:19.053,1.59334,1.59372,1.43,2.29
2011.02.09 16:14:19.163,1.5933,1.59368,1.43,1.43
2011.02.09 16:14:20.017,1.59328,1.59358,1.43,1.32
2011.02.09 16:14:20.125,1.59313,1.59351,1.43,1.62
2011.02.09 16:14:20.454,1.59306,1.59347,1.80,2.10
2011.02.09 16:14:21.234,1.59312,1.59352,2.25,2.93
2011.02.09 16:14:21.456,1.59324,1.59352,1.43,2.18
2011.02.09 16:14:21.950,1.59324,1.59365,2.25,2.10
2011.02.09 16:14:22.175,1.59329,1.59366,1.43,2.10
2011.02.09 16:14:22.394,1.5933,1.59368,1.43,2.10
2011.02.09 16:14:23.084,1.59317,1.59352,1.43,2.29
2011.02.09 16:14:23.414,1.59325,1.59364,1.43,2.29
2011.02.09 16:14:23.523,1.59322,1.59357,2.25,1.43
2011.02.09 16:14:24.147,1.59314,1.59351,2.25,2.10
2011.02.09 16:14:24.255,1.59317,1.59352,1.43,2.29
2011.02.09 16:14:24.473,1.59315,1.5935,1.43,2.10
2011.02.09 16:14:25.065,1.59315,1.5935,1.43,3.04
2011.02.09 16:14:25.174,1.59305,1.59345,1.43,1.62
2011.02.09 16:14:25.910,1.59302,1.59341,2.25,1.62
2011.02.09 16:14:26.027,1.59302,1.5934,1.43,1.62
2011.02.09 16:14:27.708,1.59302,1.5934,1.43,1.24
2011.02.09 16:14:27.814,1.59298,1.5934,2.25,1.99
2011.02.09 16:14:27.925,1.59298,1.59342,1.43,1.88
2011.02.09 16:14:28.034,1.5931,1.59333,1.43,1.50
2011.02.09 16:14:28.707,1.59292,1.5934,2.25,2.29
2011.02.09 16:14:29.754,1.59306,1.59345,1.43,2.29
2011.02.09 16:14:30.083,1.59306,1.59341,1.43,1.32
2011.02.09 16:14:30.588,1.59296,1.5934,2.25,2.29
2011.02.09 16:14:30.803,1.59293,1.59339,2.25,2.29
2011.02.09 16:14:31.721,1.59291,1.59331,1.43,2.10
2011.02.09 16:14:33.843,1.59288,1.5932,1.20,1.43
2011.02.09 16:14:34.358,1.59284,1.5932,2.18,2.10
2011.02.09 16:14:34.466,1.59289,1.59325,1.43,2.29
2011.02.09 16:14:34.683,1.59285,1.59319,1.43,1.43
2011.02.09 16:14:34.904,1.59291,1.59331,1.43,2.29
2011.02.09 16:14:36.266,1.59291,1.59331,2.25,2.10
2011.02.09 16:14:36.375,1.59295,1.59336,1.43,2.29
2011.02.09 16:14:37.421,1.59295,1.59336,2.25,1.43
2011.02.09 16:14:37.973,1.593,1.59339,1.43,1.20
2011.02.09 16:14:38.565,1.593,1.59339,1.43,1.20
2011.02.09 16:14:40.545,1.593,1.59339,1.43,1.05
2011.02.09 16:14:41.335,1.593,1.59339,1.43,1.20
2011.02.09 16:14:42.499,1.593,1.59339,1.43,1.05
2011.02.09 16:14:44.266,1.593,1.59339,1.43,1.13
2011.02.09 16:14:44.483,1.593,1.59341,1.43,2.29
2011.02.09 16:14:47.384,1.59319,1.59355,1.20,1.80
2011.02.09 16:14:47.824,1.59319,1.59359,1.43,4.50
2011.02.09 16:14:48.553,1.59323,1.59365,1.43,2.82
2011.02.09 16:14:49.516,1.59332,1.59365,1.43,2.82
2011.02.09 16:14:49.626,1.59323,1.59365,1.43,2.82
2011.02.09 16:14:49.843,1.59326,1.59366,1.43,2.18
2011.02.09 16:14:50.557,1.59329,1.59368,1.43,2.44
2011.02.09 16:14:50.775,1.59322,1.59359,1.43,4.50
2011.02.09 16:14:52.076,1.59313,1.59353,1.43,1.62
2011.02.09 16:14:53.119,1.59311,1.59349,1.43,1.62
2011.02.09 16:14:53.228,1.59326,1.59366,1.43,4.50
2011.02.09 16:14:53.904,1.59325,1.59362,1.43,2.18
2011.02.09 16:14:54.234,1.59327,1.59371,2.25,8.25
2011.02.09 16:14:54.343,1.59327,1.59371,2.25,3.79
2011.02.09 16:14:54.980,1.59327,1.59365,1.43,1.43
2011.02.09 16:14:56.675,1.5932,1.59365,1.20,1.43
2011.02.09 16:14:56.784,1.59318,1.59365,2.25,2.29
2011.02.09 16:14:57.005,1.59324,1.59364,1.20,1.43
2011.02.09 16:14:57.707,1.59328,1.5937,2.25,1.69
2011.02.09 16:14:57.816,1.59328,1.59371,2.25,3.94
2011.02.09 16:14:58.256,1.59328,1.59362,2.25,1.69
2011.02.09 16:14:58.834,1.59321,1.59356,1.43,1.43
2011.02.09 16:14:58.947,1.59327,1.59371,2.25,2.29
2011.02.09 16:14:59.851,1.59327,1.59371,2.25,2.10
2011.02.09 16:14:59.967,1.59335,1.59371,1.43,1.43
2011.02.09 16:15:01.253,1.59327,1.59371,2.25,2.29
2011.02.09 16:15:01.695,1.5933,1.59371,1.20,1.69
2011.02.09 16:15:01.805,1.5933,1.59371,1.20,1.43
2011.02.09 16:15:01.916,1.59335,1.5938,2.25,2.29
2011.02.09 16:15:02.628,1.59342,1.59382,1.43,1.43
2011.02.09 16:15:03.766,1.59352,1.59386,1.43,1.80
2011.02.09 16:15:04.093,1.59344,1.59381,1.20,1.43
2011.02.09 16:15:04.204,1.59343,1.59381,1.43,1.43
2011.02.09 16:15:04.802,1.59348,1.59386,1.43,1.80
2011.02.09 16:15:04.915,1.59348,1.59386,1.43,1.43
2011.02.09 16:15:06.183,1.59356,1.59392,1.43,1.80
2011.02.09 16:15:06.765,1.59348,1.59386,1.43,1.43
2011.02.09 16:15:10.951,1.59344,1.59388,1.43,1.77
2011.02.09 16:15:11.066,1.59348,1.5939,1.20,1.69
2011.02.09 16:15:12.043,1.59345,1.59389,2.25,1.77
2011.02.09 16:15:12.667,1.59339,1.59383,2.25,1.62
2011.02.09 16:15:12.995,1.59339,1.59383,2.25,1.43
2011.02.09 16:15:13.104,1.59337,1.59379,1.43,1.43
2011.02.09 16:15:13.726,1.59352,1.59394,2.25,1.38
2011.02.09 16:15:14.053,1.59336,1.5938,1.43,1.62
2011.02.09 16:15:14.746,1.59344,1.59388,1.43,1.77
2011.02.09 16:15:14.964,1.59344,1.59388,1.43,1.69
2011.02.09 16:15:15.073,1.59344,1.59388,1.43,1.92
2011.02.09 16:15:16.013,1.59344,1.59388,1.43,1.73
2011.02.09 16:15:16.402,1.59344,1.59388,1.43,1.43
2011.02.09 16:15:16.513,1.59349,1.59388,1.20,1.43
2011.02.09 16:15:16.622,1.59355,1.59391,1.43,1.50
2011.02.09 16:15:16.733,1.59355,1.59397,1.43,1.43
2011.02.09 16:15:16.842,1.59356,1.59399,1.43,1.50
2011.02.09 16:15:17.365,1.59359,1.59403,1.43,1.88
2011.02.09 16:15:20.585,1.59349,1.59393,2.25,1.43
2011.02.09 16:15:20.693,1.59359,1.59393,1.20,1.43
2011.02.09 16:15:20.913,1.59366,1.59408,1.43,2.18
2011.02.09 16:15:21.482,1.59359,1.594,1.20,1.43
2011.02.09 16:15:21.814,1.59371,1.59412,1.43,2.25
2011.02.09 16:15:23.173,1.59364,1.59412,2.25,2.70
2011.02.09 16:15:23.283,1.59364,1.59412,2.25,2.70
2011.02.09 16:15:23.862,1.59364,1.59412,1.43,2.70
2011.02.09 16:15:24.382,1.59363,1.59412,2.25,4.05
2011.02.09 16:15:25.076,1.59355,1.59395,1.43,1.05
2011.02.09 16:15:25.292,1.59355,1.59401,2.25,1.88
2011.02.09 16:15:25.802,1.59355,1.59401,2.25,1.50
2011.02.09 16:15:26.368,1.59376,1.59416,1.43,2.03
2011.02.09 16:15:26.484,1.59362,1.59411,2.25,4.65
2011.02.09 16:15:26.703,1.59358,1.594,1.20,1.50
2011.02.09 16:15:26.812,1.59354,1.594,2.25,1.50
2011.02.09 16:15:26.922,1.59354,1.59396,2.25,1.50
2011.02.09 16:15:27.746,1.59368,1.59408,1.43,1.65
2011.02.09 16:15:28.073,1.59376,1.59408,1.20,1.50
2011.02.09 16:15:28.183,1.59383,1.59424,1.43,2.40
2011.02.09 16:15:30.912,1.59382,1.59424,1.43,2.33
2011.02.09 16:15:32.545,1.59382,1.59417,1.43,1.32
2011.02.09 16:15:32.653,1.59376,1.59415,1.43,1.69
2011.02.09 16:15:32.765,1.59385,1.59415,1.43,1.50
2011.02.09 16:15:33.282,1.59382,1.59428,2.25,2.82
2011.02.09 16:15:34.402,1.59382,1.59428,2.25,1.24
2011.02.09 16:15:35.106,1.5938,1.59422,1.43,1.69
2011.02.09 16:15:38.156,1.5938,1.59422,1.43,1.84
2011.02.09 16:15:38.373,1.59372,1.59416,1.43,2.37
2011.02.09 16:15:39.955,1.59372,1.59413,2.25,1.32
2011.02.09 16:15:40.064,1.59372,1.59416,2.25,1.62
2011.02.09 16:15:40.174,1.59376,1.59416,1.43,1.69
2011.02.09 16:15:40.811,1.59381,1.59416,1.43,1.69
2011.02.09 16:15:40.926,1.59381,1.59421,1.43,1.69
2011.02.09 16:15:44.034,1.59381,1.59422,1.43,1.43
2011.02.09 16:15:44.143,1.59381,1.59422,2.63,1.43
2011.02.09 16:15:44.253,1.59387,1.59426,1.43,1.69
2011.02.09 16:15:45.106,1.59381,1.59422,1.43,3.12
2011.02.09 16:15:46.203,1.59377,1.59416,2.25,1.43
2011.02.09 16:15:46.313,1.59377,1.59416,1.43,1.43
2011.02.09 16:15:47.464,1.59378,1.59419,1.43,1.62
2011.02.09 16:15:50.075,1.59391,1.59428,1.43,1.69
2011.02.09 16:15:50.623,1.59391,1.59428,2.03,1.69
2011.02.09 16:15:51.453,1.59391,1.59428,2.03,1.69
2011.02.09 16:15:51.566,1.59392,1.59431,1.43,1.62
2011.02.09 16:15:52.114,1.59392,1.59431,2.03,2.37
2011.02.09 16:15:53.983,1.59392,1.59427,2.03,1.50
2011.02.09 16:15:54.204,1.59392,1.59431,1.43,1.43
2011.02.09 16:15:54.827,1.59392,1.59431,2.03,1.43
2011.02.09 16:15:55.044,1.59396,1.59435,2.03,1.50
2011.02.09 16:15:55.154,1.59396,1.59435,2.03,2.44
2011.02.09 16:15:55.756,1.59392,1.59431,2.03,1.50
2011.02.09 16:15:56.304,1.59392,1.59436,2.03,1.62
2011.02.09 16:15:57.784,1.59392,1.59431,2.03,1.69
2011.02.09 16:15:57.894,1.59389,1.59428,1.43,1.43
2011.02.09 16:15:58.586,1.59381,1.5942,1.43,1.43
2011.02.09 16:15:59.613,1.59385,1.59423,1.43,1.69
2011.02.09 16:16:00.400,1.59381,1.5942,1.43,1.43
2011.02.09 16:16:00.846,1.59388,1.59423,1.43,1.50
2011.02.09 16:16:00.955,1.59388,1.59429,2.03,3.12
2011.02.09 16:16:03.017,1.59386,1.59427,1.43,1.62
2011.02.09 16:16:06.815,1.59388,1.59429,1.43,2.22
2011.02.09 16:16:07.144,1.59397,1.59436,1.43,1.62
2011.02.09 16:16:08.095,1.59389,1.59428,1.43,1.62
2011.02.09 16:16:10.286,1.59389,1.59428,1.43,2.22
2011.02.09 16:16:10.505,1.59383,1.59424,1.43,1.62
2011.02.09 16:16:11.534,1.59381,1.59415,1.43,1.69
2011.02.09 16:16:11.753,1.59372,1.59414,1.80,1.62
2011.02.09 16:16:12.546,1.59368,1.59402,2.40,1.50
2011.02.09 16:16:12.653,1.59375,1.59417,1.43,1.99
2011.02.09 16:16:12.874,1.59373,1.59413,1.43,1.62
2011.02.09 16:16:14.713,1.59373,1.59413,1.43,1.43
2011.02.09 16:16:15.208,1.59375,1.59415,1.43,1.88
2011.02.09 16:16:15.643,1.59384,1.59423,1.43,2.33
2011.02.09 16:16:15.755,1.59375,1.59417,2.40,1.99
2011.02.09 16:16:15.864,1.59375,1.59417,1.43,1.99
2011.02.09 16:16:16.715,1.59372,1.59413,1.43,1.54
2011.02.09 16:16:16.934,1.59368,1.59408,1.43,1.62
2011.02.09 16:16:17.044,1.59368,1.59408,1.43,1.43
2011.02.09 16:16:17.153,1.59372,1.59414,1.43,1.62
2011.02.09 16:16:18.064,1.59367,1.59409,2.03,1.62
2011.02.09 16:16:18.173,1.59367,1.59409,1.43,3.12
2011.02.09 16:16:18.283,1.59372,1.59409,1.43,1.50
2011.02.09 16:16:18.392,1.59372,1.59414,1.43,1.62
2011.02.09 16:16:19.835,1.59381,1.5942,1.43,1.99
2011.02.09 16:16:19.943,1.59376,1.59416,1.43,1.43
2011.02.09 16:16:20.274,1.59367,1.59409,2.40,1.43
2011.02.09 16:16:20.384,1.59367,1.59409,1.43,1.43
2011.02.09 16:16:21.015,1.59376,1.59416,1.43,1.43
2011.02.09 16:16:21.618,1.59376,1.59416,2.40,1.43
2011.02.09 16:16:21.833,1.59375,1.59417,2.03,2.03
2011.02.09 16:16:25.084,1.59375,1.59417,1.43,2.03
2011.02.09 16:16:25.201,1.59368,1.5941,2.03,1.43
2011.02.09 16:16:25.427,1.59374,1.59414,1.43,2.22
2011.02.09 16:16:26.026,1.59364,1.59404,1.43,1.43
2011.02.09 16:16:26.134,1.59364,1.59404,2.03,1.62
2011.02.09 16:16:26.354,1.59364,1.5941,2.03,1.43
2011.02.09 16:16:26.574,1.59361,1.5941,2.03,2.03
2011.02.09 16:16:27.088,1.59361,1.59408,1.43,2.48
2011.02.09 16:16:27.204,1.59369,1.59418,2.03,2.03
2011.02.09 16:16:29.651,1.59367,1.59409,2.03,2.03
2011.02.09 16:16:29.874,1.59369,1.59418,2.03,2.22
2011.02.09 16:16:30.867,1.59368,1.59408,1.43,1.43
2011.02.09 16:16:33.255,1.59384,1.59416,1.43,1.50
2011.02.09 16:16:33.845,1.59378,1.5942,1.43,2.03
2011.02.09 16:16:33.953,1.5937,1.59418,2.22,2.03
2011.02.09 16:16:34.504,1.5937,1.59418,2.03,2.03
2011.02.09 16:16:35.074,1.59378,1.59418,1.43,1.43
2011.02.09 16:16:39.955,1.59378,1.59418,1.62,1.43
2011.02.09 16:16:40.175,1.59386,1.59426,1.43,1.43
2011.02.09 16:16:40.888,1.59393,1.59434,1.43,1.95
2011.02.09 16:16:40.994,1.59393,1.59434,1.43,1.80
2011.02.09 16:16:41.324,1.59393,1.59432,1.43,1.13
2011.02.09 16:16:41.946,1.59393,1.59434,1.43,1.80
2011.02.09 16:16:42.495,1.59393,1.59434,1.43,1.88
2011.02.09 16:16:43.815,1.59393,1.59434,1.43,1.88
2011.02.09 16:16:44.981,1.59386,1.59426,1.43,1.43
2011.02.09 16:16:45.544,1.59387,1.59436,2.03,2.22
2011.02.09 16:16:45.764,1.59403,1.59437,2.03,1.32
2011.02.09 16:16:46.242,1.59403,1.59441,2.03,2.63
2011.02.09 16:16:46.356,1.59396,1.59442,2.03,2.18
2011.02.09 16:16:47.301,1.59388,1.59428,2.40,1.43
2011.02.09 16:16:47.416,1.59388,1.59428,1.43,1.43
2011.02.09 16:16:49.709,1.59379,1.59428,2.03,2.03
2011.02.09 16:16:49.816,1.5938,1.59423,1.43,2.03
2011.02.09 16:16:50.552,1.59398,1.59439,1.43,2.40
2011.02.09 16:16:50.667,1.59389,1.59428,1.43,1.43
2011.02.09 16:16:51.776,1.59394,1.59433,1.43,1.43
2011.02.09 16:16:52.936,1.59394,1.59433,1.43,1.58
2011.02.09 16:16:54.003,1.59394,1.59433,1.62,1.58
2011.02.09 16:16:54.333,1.59402,1.59441,1.43,2.18
2011.02.09 16:16:55.276,1.59394,1.59433,2.40,1.43
2011.02.09 16:16:55.386,1.59394,1.59433,1.43,1.43
2011.02.09 16:16:57.074,1.59394,1.59433,1.43,1.58
2011.02.09 16:16:57.971,1.59394,1.59433,1.43,1.58
2011.02.09 16:16:58.304,1.59394,1.59433,2.03,1.43
2011.02.09 16:16:58.414,1.59395,1.59443,2.03,4.39
2011.02.09 16:17:01.413,1.59394,1.59433,1.43,1.43
2011.02.09 16:17:01.746,1.59388,1.59427,2.10,1.43
2011.02.09 16:17:01.964,1.59388,1.59435,2.03,2.03
2011.02.09 16:17:06.205,1.59396,1.59435,1.43,1.43
2011.02.09 16:17:06.998,1.5939,1.59437,2.03,2.40
2011.02.09 16:17:07.104,1.59382,1.59429,2.03,2.03
2011.02.09 16:17:10.055,1.5939,1.59437,1.43,2.40
2011.02.09 16:17:10.164,1.5939,1.59437,2.03,2.03
2011.02.09 16:17:11.964,1.5939,1.59437,2.03,2.52
2011.02.09 16:17:12.627,1.59387,1.59429,1.43,2.03
2011.02.09 16:17:15.596,1.59396,1.59435,1.43,2.40
2011.02.09 16:17:15.704,1.59396,1.59435,1.43,1.43
2011.02.09 16:17:15.923,1.59387,1.59435,2.03,2.10
2011.02.09 16:17:16.144,1.59379,1.59428,2.03,2.03
2011.02.09 16:17:16.806,1.5938,1.59428,1.17,1.43
2011.02.09 16:17:17.133,1.59387,1.59429,1.43,1.43
2011.02.09 16:17:17.354,1.5938,1.59427,2.03,2.03
2011.02.09 16:17:21.477,1.59388,1.59435,2.03,2.10
2011.02.09 16:17:21.804,1.59379,1.59428,2.03,2.03
2011.02.09 16:17:28.195,1.59385,1.59427,1.43,2.18
2011.02.09 16:17:28.307,1.59385,1.59427,1.43,1.43
2011.02.09 16:17:34.256,1.59402,1.59432,1.43,1.62
2011.02.09 16:17:34.473,1.59393,1.5944,2.03,1.77
2011.02.09 16:17:35.053,1.59385,1.59433,2.03,2.03
2011.02.09 16:17:37.704,1.59384,1.59428,3.53,2.03
2011.02.09 16:17:38.726,1.59376,1.5942,2.03,2.03
2011.02.09 16:17:39.305,1.59371,1.59413,2.03,1.43
2011.02.09 16:17:39.996,1.59378,1.5942,1.43,1.43
2011.02.09 16:17:40.337,1.59386,1.59427,1.43,1.43
2011.02.09 16:17:41.167,1.59394,1.59435,1.43,1.43
2011.02.09 16:17:42.285,1.59403,1.59442,1.43,1.43
2011.02.09 16:17:44.120,1.59403,1.59442,1.43,2.40
2011.02.09 16:17:44.236,1.59393,1.59432,1.62,1.43
2011.02.09 16:17:44.345,1.59403,1.59442,1.43,1.43
2011.02.09 16:17:44.985,1.59403,1.59442,1.43,2.22
2011.02.09 16:17:45.294,1.59387,1.59426,1.80,1.43
2011.02.09 16:17:45.817,1.59392,1.59431,2.40,1.43
2011.02.09 16:17:45.918,1.59397,1.59436,1.43,1.43
2011.02.09 16:17:47.066,1.59394,1.59435,1.43,1.43
2011.02.09 16:17:47.285,1.59394,1.59435,1.43,1.62
2011.02.09 16:17:48.143,1.59402,1.59442,1.43,1.35
2011.02.09 16:17:48.474,1.59395,1.59434,1.43,1.43
2011.02.09 16:17:48.586,1.59399,1.5944,1.43,2.03
2011.02.09 16:17:49.253,1.59398,1.59437,1.43,1.43
2011.02.09 16:17:52.657,1.5939,1.59429,2.40,1.43
2011.02.09 16:17:52.766,1.5939,1.59429,1.43,1.43
2011.02.09 16:17:53.425,1.5939,1.59429,2.40,1.43
2011.02.09 16:17:54.014,1.59397,1.59438,2.03,1.43
2011.02.09 16:17:55.398,1.59393,1.59432,1.43,1.43
2011.02.09 16:17:55.723,1.59384,1.59425,1.43,1.43
2011.02.09 16:17:57.064,1.59384,1.59425,2.59,1.43
2011.02.09 16:17:57.173,1.59393,1.59432,1.43,1.43
2011.02.09 16:17:57.953,1.59388,1.59427,1.43,1.43
2011.02.09 16:17:58.755,1.59379,1.5942,1.80,1.43
2011.02.09 16:18:00.554,1.59381,1.59428,2.03,1.69
2011.02.09 16:18:01.105,1.59392,1.59433,1.43,2.03
2011.02.09 16:18:01.714,1.59392,1.59433,1.43,1.43
2011.02.09 16:18:02.474,1.59392,1.59433,1.43,1.62
2011.02.09 16:18:02.803,1.59385,1.59424,1.43,1.43
2011.02.09 16:18:03.684,1.59385,1.59424,3.90,1.43
2011.02.09 16:18:03.795,1.59388,1.59427,2.03,1.43
2011.02.09 16:18:03.903,1.59388,1.59427,1.43,1.43
2011.02.09 16:18:05.687,1.59388,1.59427,1.43,1.62
2011.02.09 16:18:05.796,1.5938,1.59419,2.03,1.43
2011.02.09 16:18:05.903,1.59382,1.59423,2.03,1.43
2011.02.09 16:18:06.125,1.5938,1.59419,1.43,1.43
2011.02.09 16:18:06.736,1.59388,1.59427,1.43,1.43
2011.02.09 16:18:07.941,1.59389,1.59436,2.03,1.69
2011.02.09 16:18:08.056,1.59388,1.59427,1.43,1.43
2011.02.09 16:18:09.163,1.59382,1.59423,2.10,1.43
2011.02.09 16:18:09.276,1.59387,1.59428,1.43,1.43
2011.02.09 16:18:12.177,1.59384,1.59422,1.17,1.43
2011.02.09 16:18:12.285,1.59388,1.59427,1.43,1.43
2011.02.09 16:18:12.505,1.59391,1.59427,1.32,1.43
2011.02.09 16:18:13.074,1.59404,1.59443,1.43,2.40
2011.02.09 16:18:13.186,1.59398,1.59436,1.17,1.43
2011.02.09 16:18:13.294,1.59395,1.59436,1.43,1.43
2011.02.09 16:18:14.576,1.5939,1.59431,1.43,1.43
2011.02.09 16:18:17.816,1.59397,1.59445,2.03,1.43
2011.02.09 16:18:18.036,1.59397,1.59445,2.40,1.43
2011.02.09 16:18:18.636,1.59406,1.59445,1.43,1.43
2011.02.09 16:18:21.116,1.59399,1.59438,1.50,1.43
2011.02.09 16:18:21.224,1.59397,1.59438,2.03,1.43
2011.02.09 16:18:21.334,1.59405,1.59446,2.03,1.43
2011.02.09 16:18:22.554,1.59414,1.59453,1.43,2.22
2011.02.09 16:18:23.192,1.59414,1.59453,1.43,1.80
2011.02.09 16:18:23.958,1.59405,1.59437,2.48,1.43
2011.02.09 16:18:24.067,1.59398,1.59437,1.43,1.43
2011.02.09 16:18:24.395,1.59389,1.59437,2.03,1.43
2011.02.09 16:18:25.305,1.59398,1.59437,1.43,1.43
2011.02.09 16:18:25.975,1.59398,1.59437,1.62,1.43
2011.02.09 16:18:26.553,1.59399,1.59437,2.67,1.43
2011.02.09 16:18:26.668,1.594,1.59441,1.43,1.43
2011.02.09 16:18:28.234,1.594,1.59441,1.62,1.43
2011.02.09 16:18:28.343,1.59408,1.59449,2.03,1.43
2011.02.09 16:18:28.940,1.59408,1.59449,2.03,3.30
2011.02.09 16:18:29.056,1.59395,1.59436,1.43,1.43
2011.02.09 16:18:29.603,1.59395,1.59436,2.40,1.43
2011.02.09 16:18:30.181,1.594,1.59441,1.43,2.03
2011.02.09 16:18:30.295,1.59396,1.59435,1.43,1.43
2011.02.09 16:18:30.846,1.59396,1.59435,1.43,2.22
2011.02.09 16:18:31.439,1.59388,1.59427,1.50,1.43
2011.02.09 16:18:31.549,1.59404,1.59443,1.43,1.43
2011.02.09 16:18:33.816,1.59404,1.59443,2.59,1.43
2011.02.09 16:18:34.036,1.59411,1.59452,1.43,1.43
2011.02.09 16:18:37.543,1.59411,1.59452,2.25,1.43
2011.02.09 16:18:37.874,1.59415,1.59457,1.43,3.04
2011.02.09 16:18:38.528,1.59417,1.5946,1.43,2.18
2011.02.09 16:18:39.446,1.59405,1.59447,1.80,3.79
2011.02.09 16:18:39.664,1.59408,1.59451,1.43,1.69
2011.02.09 16:18:40.277,1.59396,1.59431,2.70,1.43
2011.02.09 16:18:40.384,1.59387,1.59431,2.18,2.10
2011.02.09 16:18:41.634,1.59397,1.59435,1.20,1.43
2011.02.09 16:18:41.744,1.594,1.59445,1.43,1.24
2011.02.09 16:18:42.335,1.59389,1.59438,1.80,4.17
2011.02.09 16:18:42.554,1.59404,1.59436,1.43,2.18
2011.02.09 16:18:42.773,1.59404,1.59447,2.25,1.88
2011.02.09 16:18:42.993,1.59404,1.59447,2.25,1.50
2011.02.09 16:18:43.915,1.59404,1.59448,2.25,1.50
2011.02.09 16:18:44.025,1.59404,1.59436,1.43,2.37
2011.02.09 16:18:44.243,1.59388,1.59436,1.80,2.37
2011.02.09 16:18:44.465,1.59398,1.59439,1.43,1.69
2011.02.09 16:18:45.137,1.59405,1.59447,1.43,2.07
2011.02.09 16:18:46.069,1.59411,1.59447,1.05,2.03
2011.02.09 16:18:46.166,1.59406,1.59445,1.05,2.44
2011.02.09 16:18:46.385,1.59404,1.59445,1.05,2.44
2011.02.09 16:18:47.124,1.594,1.59439,1.43,1.50
2011.02.09 16:18:47.343,1.59402,1.59445,1.43,2.52
2011.02.09 16:18:47.453,1.59404,1.59445,1.05,2.44
2011.02.09 16:18:48.302,1.59404,1.5944,1.05,1.32
2011.02.09 16:18:48.633,1.59404,1.59433,1.05,1.50
2011.02.09 16:18:48.854,1.59401,1.59433,1.05,1.50
2011.02.09 16:18:49.183,1.59396,1.59433,1.43,1.50
2011.02.09 16:18:49.514,1.59396,1.59432,1.43,1.32
2011.02.09 16:18:50.118,1.59388,1.59421,1.43,1.69
2011.02.09 16:18:50.923,1.59391,1.59421,1.43,1.69
2011.02.09 16:18:52.334,1.59386,1.59421,1.43,2.44
2011.02.09 16:18:53.825,1.594,1.59424,1.43,1.50
2011.02.09 16:18:53.937,1.594,1.5943,1.43,1.84
2011.02.09 16:18:54.745,1.59384,1.59424,1.43,1.69
2011.02.09 16:18:56.026,1.5938,1.59426,1.43,1.32
2011.02.09 16:18:56.244,1.59381,1.59428,1.43,2.14
2011.02.09 16:18:56.353,1.59389,1.59429,1.43,1.02
2011.02.09 16:18:57.147,1.59389,1.5943,1.43,2.22
2011.02.09 16:18:57.663,1.59389,1.5943,1.43,6.12
2011.02.09 16:18:58.430,1.59389,1.59429,1.43,1.84
2011.02.09 16:18:58.547,1.59389,1.59417,1.43,1.47
2011.02.09 16:18:58.656,1.59375,1.59417,1.43,2.82
2011.02.09 16:18:59.250,1.59375,1.59415,1.43,1.50
2011.02.09 16:18:59.366,1.59382,1.5942,1.43,1.69
2011.02.09 16:19:00.285,1.59382,1.5942,1.43,2.07
2011.02.09 16:19:00.614,1.59375,1.59415,1.43,1.02
2011.02.09 16:19:00.725,1.59375,1.59418,1.43,1.50
2011.02.09 16:19:00.834,1.59389,1.59418,1.43,1.50
2011.02.09 16:19:01.402,1.59389,1.59429,1.43,4.24
2011.02.09 16:19:01.516,1.59382,1.59421,1.43,1.69
2011.02.09 16:19:01.844,1.59386,1.59421,1.43,1.69
2011.02.09 16:19:02.063,1.59386,1.59429,1.43,1.43
2011.02.09 16:19:02.635,1.59395,1.59434,1.43,4.58
2011.02.09 16:19:02.744,1.59387,1.59428,1.43,1.02
2011.02.09 16:19:02.964,1.59387,1.59434,1.43,8.03
2011.02.09 16:19:03.183,1.59394,1.59434,1.43,4.47
2011.02.09 16:19:03.736,1.59387,1.59425,1.43,1.50
2011.02.09 16:19:03.848,1.59387,1.59425,1.43,1.69
2011.02.09 16:19:04.475,1.59387,1.59425,1.43,1.77
2011.02.09 16:19:05.923,1.59395,1.59434,1.43,4.24
2011.02.09 16:19:06.134,1.59386,1.59425,2.18,1.84
2011.02.09 16:19:07.686,1.59386,1.59425,1.43,2.44
2011.02.09 16:19:08.436,1.59378,1.5942,1.43,2.59
2011.02.09 16:19:09.735,1.59378,1.5942,1.43,1.65
2011.02.09 16:19:09.845,1.59386,1.59425,1.43,1.99
2011.02.09 16:19:10.064,1.59386,1.59425,1.43,1.84
2011.02.09 16:19:10.636,1.59376,1.59423,1.43,1.47
2011.02.09 16:19:12.888,1.59374,1.59407,1.43,1.50
2011.02.09 16:19:12.995,1.59374,1.59424,1.43,8.03
2011.02.09 16:19:13.105,1.59384,1.59423,1.43,1.09
2011.02.09 16:19:13.810,1.59379,1.59416,1.43,1.32
2011.02.09 16:19:13.929,1.59367,1.59412,1.43,2.44
2011.02.09 16:19:14.036,1.59372,1.59412,1.43,1.69
2011.02.09 16:19:16.192,1.59379,1.59418,1.43,1.47
2011.02.09 16:19:16.305,1.59373,1.59413,1.43,1.69
2011.02.09 16:19:16.415,1.59371,1.59413,1.43,1.69
2011.02.09 16:19:16.525,1.59374,1.59414,1.43,1.69
2011.02.09 16:19:17.000,1.59371,1.59414,1.43,1.69
2011.02.09 16:19:17.107,1.59371,1.59414,1.43,1.50
2011.02.09 16:19:18.132,1.5937,1.59413,1.43,1.50
2011.02.09 16:19:18.248,1.59368,1.59412,1.43,1.65
2011.02.09 16:19:18.463,1.59375,1.59418,1.43,1.69
2011.02.09 16:19:18.574,1.59375,1.59425,1.43,1.09
2011.02.09 16:19:18.684,1.59384,1.59425,1.43,1.09
2011.02.09 16:19:21.434,1.59375,1.59425,1.43,1.73
2011.02.09 16:19:22.125,1.59375,1.59424,1.43,1.08
2011.02.09 16:19:23.128,1.59375,1.59425,1.43,1.73
2011.02.09 16:19:26.954,1.59386,1.59426,1.43,2.44
2011.02.09 16:19:27.174,1.59379,1.59425,2.48,1.39
2011.02.09 16:19:27.756,1.59375,1.59409,1.43,1.95
2011.02.09 16:19:27.868,1.59375,1.59414,1.43,1.50
2011.02.09 16:19:28.918,1.59375,1.59413,1.43,1.32
2011.02.09 16:19:29.024,1.59375,1.59414,1.43,2.82
2011.02.09 16:19:30.871,1.5938,1.59414,1.43,1.50
2011.02.09 16:19:30.986,1.5938,1.59425,1.43,1.92
2011.02.09 16:19:32.361,1.59386,1.59428,1.05,1.88
2011.02.09 16:19:32.804,1.59386,1.59426,1.05,1.69
2011.02.09 16:19:32.916,1.5938,1.59426,1.43,2.14
2011.02.09 16:19:34.444,1.5938,1.5942,1.43,1.32
2011.02.09 16:19:34.664,1.59372,1.59413,2.48,1.50
2011.02.09 16:19:34.775,1.59372,1.59413,2.48,2.82
2011.02.09 16:19:34.885,1.59364,1.59412,1.05,1.02
2011.02.09 16:19:35.562,1.59357,1.59404,1.43,2.82
2011.02.09 16:19:35.946,1.5936,1.59407,2.25,2.29
2011.02.09 16:19:36.055,1.5936,1.59407,2.25,2.10
2011.02.09 16:19:36.164,1.59365,1.59409,1.43,3.60
2011.02.09 16:19:36.705,1.59365,1.59408,1.43,1.24
2011.02.09 16:19:36.817,1.59361,1.59406,1.43,2.29
2011.02.09 16:19:38.281,1.59361,1.59406,1.43,2.29
2011.02.09 16:19:38.397,1.59341,1.59387,2.25,2.18
2011.02.09 16:19:38.506,1.59348,1.59387,1.43,2.18
2011.02.09 16:19:38.614,1.59348,1.59397,2.25,2.29
2011.02.09 16:19:39.279,1.59348,1.59397,2.25,1.62
2011.02.09 16:19:39.603,1.59371,1.59406,1.43,1.69
2011.02.09 16:19:39.715,1.5936,1.59404,1.43,3.04
2011.02.09 16:19:40.324,1.59349,1.59404,2.25,1.62
2011.02.09 16:19:40.439,1.59357,1.59411,2.25,2.37
2011.02.09 16:19:40.985,1.59357,1.59408,2.25,1.20
2011.02.09 16:19:41.556,1.59342,1.59396,2.25,2.37
2011.02.09 16:19:43.056,1.59356,1.59399,1.43,1.05
2011.02.09 16:19:43.165,1.59349,1.59396,2.25,2.10
2011.02.09 16:19:43.385,1.59351,1.59393,1.43,2.10
2011.02.09 16:19:43.603,1.59355,1.59399,1.43,2.10
2011.02.09 16:19:44.974,1.59349,1.59391,1.20,1.43
2011.02.09 16:19:45.083,1.59347,1.59391,1.43,2.10
2011.02.09 16:19:47.506,1.59348,1.59391,1.20,1.43
2011.02.09 16:19:47.613,1.59355,1.59399,1.43,3.87
2011.02.09 16:19:47.835,1.59363,1.59407,1.43,3.94
2011.02.09 16:19:48.165,1.59347,1.59391,1.43,2.29
2011.02.09 16:19:48.745,1.59347,1.5939,1.43,1.62
2011.02.09 16:19:48.853,1.59343,1.59385,2.25,1.62
2011.02.09 16:19:48.963,1.59343,1.59385,1.43,2.29
2011.02.09 16:19:49.405,1.59349,1.59393,1.43,3.60
2011.02.09 16:19:49.921,1.59353,1.59398,1.43,2.67
2011.02.09 16:19:50.036,1.59353,1.59398,2.25,2.29
2011.02.09 16:19:50.820,1.59348,1.59399,2.25,2.29
2011.02.09 16:19:50.935,1.59352,1.59399,2.25,2.29
2011.02.09 16:19:52.678,1.59352,1.59399,2.25,2.10
2011.02.09 16:19:53.331,1.59357,1.59401,1.43,2.10
2011.02.09 16:19:53.940,1.59357,1.59401,1.43,2.18
2011.02.09 16:19:54.595,1.59357,1.59401,1.43,2.10
2011.02.09 16:19:55.256,1.59358,1.59407,1.43,4.88
2011.02.09 16:19:55.370,1.59342,1.59384,1.43,2.10
2011.02.09 16:19:55.484,1.59342,1.59384,2.25,1.43
2011.02.09 16:19:55.596,1.59342,1.59384,1.43,1.43
2011.02.09 16:19:56.220,1.59338,1.59387,2.03,2.59
2011.02.09 16:19:56.435,1.5933,1.59379,2.03,2.03
2011.02.09 16:19:58.212,1.5933,1.59379,2.22,2.03
2011.02.09 16:19:58.329,1.59324,1.5937,2.03,2.03
2011.02.09 16:19:59.013,1.59331,1.59378,2.03,2.40
2011.02.09 16:19:59.564,1.59335,1.59378,2.03,1.43
2011.02.09 16:20:00.386,1.5934,1.59378,1.50,1.43
2011.02.09 16:20:00.499,1.59332,1.59373,1.43,1.43
2011.02.09 16:20:01.536,1.5934,1.5938,1.43,1.43
2011.02.09 16:20:01.864,1.59356,1.59388,1.43,1.73
2011.02.09 16:20:02.511,1.59356,1.59396,1.43,2.18
2011.02.09 16:20:02.629,1.59356,1.59396,1.43,1.43
2011.02.09 16:20:02.737,1.59356,1.59396,1.43,2.03
2011.02.09 16:20:02.845,1.59347,1.59394,2.03,3.53
2011.02.09 16:20:03.524,1.59355,1.59397,1.43,1.43
2011.02.09 16:20:04.104,1.5936,1.59402,1.43,1.58
2011.02.09 16:20:06.116,1.59355,1.59397,1.43,1.43
2011.02.09 16:20:06.444,1.59363,1.59405,1.43,2.40
2011.02.09 16:20:06.938,1.59363,1.59405,1.43,2.03
2011.02.09 16:20:07.047,1.59355,1.59397,1.43,1.43
2011.02.09 16:20:08.325,1.59361,1.59401,1.43,1.43
2011.02.09 16:20:11.618,1.59361,1.59401,2.40,1.43
2011.02.09 16:20:11.725,1.59368,1.59409,1.43,1.43
2011.02.09 16:20:11.834,1.59368,1.59409,2.03,1.43
2011.02.09 16:20:11.945,1.59365,1.59407,1.43,2.03
2011.02.09 16:20:12.566,1.59367,1.59414,2.03,2.03
2011.02.09 16:20:14.457,1.59358,1.59398,2.40,1.43
2011.02.09 16:20:15.101,1.59365,1.59407,1.43,1.62
2011.02.09 16:20:16.498,1.59371,1.5941,1.43,1.43
2011.02.09 16:20:17.644,1.59375,1.59416,1.43,1.43
2011.02.09 16:20:18.274,1.59384,1.59423,1.43,2.40
2011.02.09 16:20:18.388,1.59376,1.59415,1.43,1.43
2011.02.09 16:20:20.029,1.59375,1.59416,1.43,2.03
2011.02.09 16:20:20.135,1.5937,1.59411,1.43,1.43
2011.02.09 16:20:21.057,1.59375,1.59416,1.43,1.43
2011.02.09 16:20:22.515,1.59377,1.59423,1.43,2.40
2011.02.09 16:20:22.625,1.59377,1.59423,2.03,2.03
2011.02.09 16:20:24.084,1.59377,1.5942,1.43,1.17
2011.02.09 16:20:24.688,1.5936,1.59409,2.03,2.03
2011.02.09 16:20:24.795,1.5936,1.59409,2.03,2.03
2011.02.09 16:20:25.016,1.59369,1.59411,1.43,2.03
2011.02.09 16:20:25.628,1.59361,1.59403,1.43,1.43
2011.02.09 16:20:26.996,1.59352,1.59392,2.40,1.43
2011.02.09 16:20:29.275,1.59356,1.59398,1.80,1.43
2011.02.09 16:20:29.604,1.59352,1.59392,2.18,1.43
2011.02.09 16:20:34.630,1.59352,1.59392,1.43,1.43
2011.02.09 16:20:34.854,1.59352,1.59392,2.03,1.43
2011.02.09 16:20:35.409,1.59355,1.59395,1.43,2.03
2011.02.09 16:20:35.517,1.59352,1.59392,1.43,1.43
2011.02.09 16:20:36.220,1.59349,1.59389,2.29,1.43
2011.02.09 16:20:36.339,1.59349,1.59389,1.43,1.43
2011.02.09 16:20:36.974,1.59344,1.59384,1.43,1.43
2011.02.09 16:20:37.304,1.59344,1.59384,1.62,1.43
2011.02.09 16:20:37.415,1.59351,1.59393,1.43,1.43
2011.02.09 16:20:38.015,1.59349,1.59397,1.43,1.43
2011.02.09 16:20:38.455,1.59349,1.59393,1.43,1.50
2011.02.09 16:20:38.962,1.59349,1.59393,1.43,2.48
2011.02.09 16:20:39.077,1.59348,1.5939,2.03,1.43
2011.02.09 16:20:39.516,1.59348,1.5939,1.43,2.03
2011.02.09 16:20:40.045,1.59344,1.59384,1.43,1.43
2011.02.09 16:20:40.159,1.59348,1.5939,2.03,1.43
2011.02.09 16:20:40.374,1.59343,1.59385,3.90,1.43
2011.02.09 16:20:40.484,1.59343,1.59385,2.03,1.43
2011.02.09 16:20:41.290,1.59349,1.59389,3.12,1.43
2011.02.09 16:20:41.395,1.59355,1.59404,1.43,2.40
2011.02.09 16:20:41.505,1.59355,1.59404,2.03,2.03
2011.02.09 16:20:42.434,1.59355,1.59404,2.59,2.03
2011.02.09 16:20:42.779,1.59369,1.59409,1.43,1.43
2011.02.09 16:20:44.164,1.59369,1.59409,1.43,2.03
2011.02.09 16:20:44.717,1.59363,1.59405,1.43,2.03
2011.02.09 16:20:44.826,1.59355,1.59399,2.03,1.50
2011.02.09 16:20:45.156,1.59347,1.59396,2.18,2.03
2011.02.09 16:20:45.374,1.59347,1.59396,2.18,1.43
2011.02.09 16:20:47.126,1.59349,1.59404,2.03,1.43
2011.02.09 16:20:55.398,1.59357,1.59405,2.03,1.43
2011.02.09 16:20:55.726,1.59334,1.59388,1.80,1.43
2011.02.09 16:20:56.237,1.5934,1.59391,1.43,2.10
2011.02.09 16:20:56.785,1.5934,1.59397,2.03,2.97
2011.02.09 16:20:57.362,1.5934,1.59391,1.43,2.10
2011.02.09 16:20:57.465,1.59334,1.59388,1.80,1.62
2011.02.09 16:20:57.685,1.59334,1.59388,2.59,1.43
2011.02.09 16:20:58.305,1.5934,1.59387,2.03,1.43
2011.02.09 16:20:59.935,1.59344,1.59391,2.03,1.43
2011.02.09 16:21:00.565,1.59351,1.59392,1.43,1.43
2011.02.09 16:21:01.054,1.59359,1.594,1.43,2.93
2011.02.09 16:21:01.636,1.5935,1.59393,1.43,1.43
2011.02.09 16:21:01.854,1.59351,1.59401,1.43,1.54
2011.02.09 16:21:01.964,1.59351,1.59398,2.03,1.69
2011.02.09 16:21:02.184,1.5935,1.59393,1.43,1.43
2011.02.09 16:21:02.782,1.5935,1.59393,2.03,1.43
2011.02.09 16:21:02.886,1.59359,1.59406,2.03,1.50
2011.02.09 16:21:02.994,1.59359,1.59407,2.03,4.02
2011.02.09 16:21:03.103,1.59351,1.59402,2.03,2.59
2011.02.09 16:21:03.728,1.59351,1.59392,1.43,1.43
2011.02.09 16:21:04.054,1.59364,1.59399,2.03,1.50
2011.02.09 16:21:04.891,1.59369,1.59399,1.43,1.50
2011.02.09 16:21:05.010,1.5935,1.5939,1.43,1.43
2011.02.09 16:21:05.127,1.5935,1.59398,2.03,2.10
2011.02.09 16:21:05.346,1.5935,1.5939,2.03,1.43
2011.02.09 16:21:05.454,1.5935,1.5939,1.43,1.43
2011.02.09 16:21:07.334,1.59344,1.59386,2.03,1.43
2011.02.09 16:21:07.905,1.59344,1.59386,2.03,1.43
2011.02.09 16:21:08.014,1.59342,1.59381,2.03,1.43
2011.02.09 16:21:08.125,1.59342,1.59381,1.43,1.43
2011.02.09 16:21:10.437,1.59345,1.59377,1.43,1.43
2011.02.09 16:21:10.875,1.59345,1.59377,2.40,1.43
2011.02.09 16:21:10.985,1.59352,1.59388,1.43,1.43
2011.02.09 16:21:11.480,1.5936,1.59394,1.43,2.03
2011.02.09 16:21:11.602,1.5936,1.59394,1.43,1.43
2011.02.09 16:21:12.615,1.59351,1.59383,1.43,1.43
2011.02.09 16:21:13.409,1.59353,1.59382,1.43,1.43
2011.02.09 16:21:13.737,1.59368,1.59397,1.43,1.43
2011.02.09 16:21:13.844,1.59372,1.59403,1.43,1.43
2011.02.09 16:21:14.577,1.59362,1.59399,2.03,2.03
2011.02.09 16:21:15.389,1.59372,1.59403,1.43,1.43
2011.02.09 16:21:16.847,1.59379,1.59413,1.43,2.40
2011.02.09 16:21:16.954,1.59371,1.59404,2.03,1.43
2011.02.09 16:21:19.304,1.59368,1.59397,2.03,1.43
2011.02.09 16:21:19.800,1.59368,1.59397,1.43,1.43
2011.02.09 16:21:21.579,1.59374,1.59406,1.43,1.43
2011.02.09 16:21:23.926,1.59367,1.59402,2.03,1.43
2011.02.09 16:21:24.475,1.59367,1.59402,1.43,2.03
2011.02.09 16:21:24.588,1.59367,1.59404,1.43,2.03
2011.02.09 16:21:24.805,1.59375,1.59405,1.43,1.43
2011.02.09 16:21:25.626,1.59369,1.59402,1.43,2.40
2011.02.09 16:21:25.735,1.5936,1.59397,2.22,2.03
2011.02.09 16:21:25.845,1.59361,1.59401,2.03,1.43
2011.02.09 16:21:25.956,1.59361,1.59401,2.22,1.43
2011.02.09 16:21:26.465,1.59363,1.59408,2.59,2.03
2011.02.09 16:21:27.015,1.59363,1.59408,2.40,2.03
2011.02.09 16:21:27.728,1.59373,1.59412,2.03,2.03
2011.02.09 16:21:27.944,1.59376,1.59415,2.03,2.03
2011.02.09 16:21:28.995,1.59378,1.59421,2.03,1.80
2011.02.09 16:21:29.775,1.59373,1.59413,1.35,1.43
2011.02.09 16:21:29.888,1.59372,1.59413,2.03,2.03
2011.02.09 16:21:30.595,1.59371,1.59404,2.03,1.43
2011.02.09 16:21:30.704,1.59371,1.59404,2.03,2.03
2011.02.09 16:21:31.348,1.59371,1.59404,1.43,2.03
2011.02.09 16:21:31.455,1.59363,1.59403,2.03,2.03
2011.02.09 16:21:33.885,1.59363,1.59403,1.43,2.40
2011.02.09 16:21:34.105,1.59363,1.59402,2.03,2.03
2011.02.09 16:21:34.697,1.59364,1.59402,2.03,2.03
2011.02.09 16:21:35.765,1.59363,1.59402,1.43,2.40
2011.02.09 16:21:35.879,1.59363,1.59402,2.03,2.03
2011.02.09 16:21:36.097,1.59363,1.59399,1.43,2.48
2011.02.09 16:21:36.207,1.59348,1.59386,2.03,2.03
2011.02.09 16:21:36.812,1.59355,1.59397,2.03,2.03
2011.02.09 16:21:37.254,1.59356,1.59397,1.17,2.03
2011.02.09 16:21:37.949,1.59364,1.59407,2.03,2.40
2011.02.09 16:21:38.275,1.5937,1.59403,1.43,1.50
2011.02.09 16:21:38.605,1.59372,1.59416,1.43,2.52
2011.02.09 16:21:39.294,1.59372,1.59416,2.03,2.52
2011.02.09 16:21:39.514,1.59373,1.59404,1.43,1.50
2011.02.09 16:21:40.126,1.59366,1.59397,1.43,1.43
2011.02.09 16:21:40.240,1.5936,1.59394,1.43,1.50
2011.02.09 16:21:40.345,1.5936,1.59396,1.43,1.43
2011.02.09 16:21:41.066,1.5936,1.59396,2.03,1.43
2011.02.09 16:21:41.170,1.59366,1.59394,1.43,1.43
2011.02.09 16:21:41.275,1.59355,1.59393,2.03,1.43
2011.02.09 16:21:41.386,1.59372,1.59405,1.43,1.99
2011.02.09 16:21:44.678,1.59372,1.59405,1.43,2.37
2011.02.09 16:21:44.786,1.59357,1.59389,1.43,1.43
2011.02.09 16:21:48.825,1.59357,1.59389,2.03,1.43
2011.02.09 16:21:49.565,1.59366,1.59392,1.43,1.50
2011.02.09 16:21:49.679,1.59358,1.59401,1.43,2.18
2011.02.09 16:21:50.617,1.59358,1.59398,1.43,1.99
2011.02.09 16:21:50.728,1.59356,1.5939,1.43,1.43
2011.02.09 16:21:52.086,1.59356,1.5939,1.43,1.62
2011.02.09 16:21:52.415,1.59365,1.59393,1.43,1.50
2011.02.09 16:21:54.007,1.59354,1.59393,1.43,1.50
2011.02.09 16:21:54.706,1.59365,1.59393,1.43,1.50
2011.02.09 16:21:55.656,1.59363,1.59393,1.43,1.50
2011.02.09 16:21:57.346,1.59354,1.59392,1.43,1.43
2011.02.09 16:21:57.456,1.59354,1.59389,1.43,1.69
2011.02.09 16:21:58.047,1.59369,1.59394,1.43,1.50
2011.02.09 16:21:58.406,1.5936,1.59394,1.43,1.50
2011.02.09 16:21:59.006,1.59359,1.5939,1.43,1.50
2011.02.09 16:21:59.334,1.59359,1.5939,1.43,1.69
2011.02.09 16:21:59.926,1.5935,1.59385,1.43,1.50
2011.02.09 16:22:00.036,1.59358,1.59385,1.43,1.50
2011.02.09 16:22:00.144,1.59356,1.59385,1.43,1.50
2011.02.09 16:22:00.365,1.59356,1.59379,1.43,1.50
2011.02.09 16:22:00.893,1.5935,1.5938,1.43,1.50
2011.02.09 16:22:02.968,1.59345,1.59378,2.03,1.43
2011.02.09 16:22:03.075,1.59345,1.59378,2.03,1.43
2011.02.09 16:22:03.712,1.59355,1.59383,1.43,1.43
2011.02.09 16:22:03.821,1.59354,1.59389,1.43,1.43
2011.02.09 16:22:04.974,1.59354,1.59389,1.43,1.62
2011.02.09 16:22:05.494,1.59347,1.59378,2.40,1.43
2011.02.09 16:22:05.606,1.59347,1.59378,1.43,1.43
2011.02.09 16:22:05.934,1.59354,1.59389,1.43,1.43
2011.02.09 16:22:07.114,1.59353,1.59384,1.43,1.43
2011.02.09 16:22:07.740,1.59346,1.59379,2.40,1.43
2011.02.09 16:22:07.956,1.59329,1.59372,1.43,1.62
2011.02.09 16:22:08.855,1.59329,1.59368,1.43,2.29
2011.02.09 16:22:08.965,1.59327,1.59364,1.43,2.03
2011.02.09 16:22:09.074,1.59328,1.59373,2.03,2.22
2011.02.09 16:22:10.049,1.59328,1.59369,1.43,1.17
2011.02.09 16:22:10.374,1.59321,1.59352,1.43,1.43
2011.02.09 16:22:10.958,1.59312,1.59347,1.43,1.43
2011.02.09 16:22:11.524,1.59312,1.59347,1.43,2.22
2011.02.09 16:22:11.635,1.59308,1.59341,1.43,1.43
2011.02.09 16:22:12.518,1.59311,1.59348,2.40,1.43
2011.02.09 16:22:12.624,1.5932,1.59353,1.43,2.03
2011.02.09 16:22:12.845,1.59322,1.59361,1.43,2.40
2011.02.09 16:22:13.488,1.59322,1.59361,1.43,3.34
2011.02.09 16:22:13.595,1.59312,1.59357,2.03,2.22
2011.02.09 16:22:14.430,1.59312,1.59357,1.43,2.22
2011.02.09 16:22:14.754,1.59313,1.59356,1.43,2.03
2011.02.09 16:22:16.511,1.59316,1.59356,1.35,1.43
2011.02.09 16:22:16.837,1.59339,1.59372,2.03,2.25
2011.02.09 16:22:17.476,1.5933,1.59372,1.43,2.25
2011.02.09 16:22:17.600,1.59337,1.59365,1.43,1.50
2011.02.09 16:22:17.718,1.59329,1.59365,1.43,1.50
2011.02.09 16:22:18.284,1.59329,1.59372,2.03,1.88
2011.02.09 16:22:18.506,1.59336,1.59372,1.43,1.88
2011.02.09 16:22:18.617,1.59329,1.59372,2.03,1.88
2011.02.09 16:22:19.844,1.59343,1.59371,1.43,1.88
2011.02.09 16:22:20.609,1.5933,1.59371,2.03,1.88
2011.02.09 16:22:20.708,1.59333,1.59373,2.40,1.80
2011.02.09 16:22:21.035,1.59348,1.59389,2.03,2.18
2011.02.09 16:22:22.325,1.59353,1.5939,1.43,2.18
2011.02.09 16:22:22.655,1.5934,1.59392,1.43,2.18
2011.02.09 16:22:23.138,1.59353,1.59392,1.43,2.18
2011.02.09 16:22:24.378,1.59352,1.59397,2.03,2.18
2011.02.09 16:22:24.594,1.59352,1.59397,2.03,2.03
2011.02.09 16:22:27.146,1.59352,1.59387,1.43,2.03
2011.02.09 16:22:28.625,1.59353,1.59392,1.43,2.03
2011.02.09 16:22:29.130,1.59353,1.59392,2.40,1.43
2011.02.09 16:22:29.238,1.59353,1.59395,2.03,2.22
2011.02.09 16:22:30.285,1.59353,1.59396,2.03,2.03
2011.02.09 16:22:30.396,1.59363,1.59396,2.40,1.50
2011.02.09 16:22:30.614,1.5936,1.59398,1.43,1.17
2011.02.09 16:22:31.217,1.59352,1.59393,1.43,2.03
2011.02.09 16:22:32.157,1.59362,1.594,2.03,2.03
2011.02.09 16:22:32.266,1.59353,1.59392,1.43,2.03
2011.02.09 16:22:32.497,1.59353,1.59392,2.40,1.43
2011.02.09 16:22:32.606,1.5937,1.594,1.43,1.43
2011.02.09 16:22:32.826,1.5937,1.594,1.43,2.03
2011.02.09 16:22:33.312,1.59363,1.59399,2.03,2.03
2011.02.09 16:22:33.755,1.5937,1.594,1.43,1.43
2011.02.09 16:22:33.866,1.59364,1.59403,1.43,2.03
2011.02.09 16:22:35.045,1.59364,1.59403,1.43,2.40
2011.02.09 16:22:35.485,1.59368,1.59403,1.43,1.43
2011.02.09 16:22:37.504,1.59368,1.59403,1.43,1.62
2011.02.09 16:22:37.614,1.59362,1.59402,2.03,1.62
2011.02.09 16:22:38.107,1.59362,1.59402,1.43,2.22
2011.02.09 16:22:38.218,1.59372,1.59409,1.43,1.99
2011.02.09 16:22:38.435,1.59363,1.59404,1.43,2.22
2011.02.09 16:22:38.655,1.59363,1.59404,1.43,2.22
2011.02.09 16:22:38.764,1.59358,1.59403,2.03,2.03
2011.02.09 16:22:40.788,1.59362,1.59402,1.43,2.03
2011.02.09 16:22:41.114,1.59372,1.59409,1.43,2.03
2011.02.09 16:22:41.334,1.5937,1.59409,1.43,2.03
2011.02.09 16:22:41.554,1.59372,1.59409,1.43,2.03
2011.02.09 16:22:42.136,1.59372,1.59409,1.43,2.03
2011.02.09 16:22:43.887,1.59378,1.59421,2.03,2.25
2011.02.09 16:22:44.600,1.59377,1.59419,1.43,2.18
2011.02.09 16:22:45.473,1.59384,1.59418,1.43,1.99
2011.02.09 16:22:45.695,1.59375,1.59411,1.43,2.03
2011.02.09 16:22:46.409,1.59376,1.59412,1.43,1.43
2011.02.09 16:22:46.518,1.59377,1.59419,1.43,2.18
2011.02.09 16:22:46.624,1.59385,1.59425,1.43,4.47
2011.02.09 16:22:46.845,1.59376,1.5942,2.03,2.37
2011.02.09 16:22:47.427,1.59377,1.59419,2.03,2.18
2011.02.09 16:22:48.608,1.59376,1.5942,1.43,4.86
2011.02.09 16:22:49.114,1.59379,1.5942,1.43,2.37
2011.02.09 16:22:50.258,1.59376,1.5942,2.40,2.18
2011.02.09 16:22:50.365,1.59376,1.5942,1.43,2.18
2011.02.09 16:22:50.476,1.59385,1.59423,1.43,1.32
2011.02.09 16:22:51.078,1.59385,1.59416,1.43,1.43
2011.02.09 16:22:51.405,1.59377,1.59419,1.43,2.03
2011.02.09 16:22:52.525,1.59377,1.59419,1.43,2.40
2011.02.09 16:22:52.635,1.59377,1.59419,1.43,2.40
2011.02.09 16:22:53.209,1.59373,1.59399,1.50,1.43
2011.02.09 16:22:53.317,1.59377,1.59419,1.43,2.03
2011.02.09 16:22:54.584,1.59377,1.59419,1.43,2.10
2011.02.09 16:22:55.568,1.59377,1.59419,1.43,2.03
2011.02.09 16:22:56.382,1.59377,1.59419,1.43,2.18
2011.02.09 16:22:57.237,1.59391,1.59422,1.43,1.62
2011.02.09 16:22:57.565,1.59393,1.59426,1.43,1.84
2011.02.09 16:22:57.675,1.5938,1.59422,1.43,1.02
2011.02.09 16:22:57.894,1.59389,1.59426,1.43,2.10
2011.02.09 16:22:58.004,1.59393,1.59429,1.43,3.64
2011.02.09 16:22:58.956,1.59388,1.59427,2.25,1.99
2011.02.09 16:22:59.548,1.59388,1.59422,1.43,2.18
2011.02.09 16:22:59.875,1.59387,1.59418,1.43,2.29
2011.02.09 16:23:00.569,1.59388,1.59424,1.43,1.69
2011.02.09 16:23:01.897,1.59393,1.59419,1.43,2.37
2011.02.09 16:23:02.005,1.59382,1.59416,1.43,2.10
2011.02.09 16:23:02.114,1.59388,1.59419,1.43,1.50
2011.02.09 16:23:02.223,1.59388,1.59427,1.43,4.54
2011.02.09 16:23:02.973,1.59388,1.59427,1.43,2.18
2011.02.09 16:23:03.090,1.59392,1.59436,1.20,1.99
2011.02.09 16:23:03.654,1.59398,1.59438,1.43,5.33
2011.02.09 16:23:06.475,1.59389,1.59436,1.43,3.79
2011.02.09 16:23:06.587,1.59396,1.59436,1.43,3.49
2011.02.09 16:23:07.208,1.59398,1.59436,1.20,3.30
2011.02.09 16:23:07.319,1.5939,1.59435,1.43,2.29
2011.02.09 16:23:08.115,1.59403,1.59436,1.43,2.37
2011.02.09 16:23:08.668,1.59403,1.59437,1.43,2.44
2011.02.09 16:23:10.095,1.59399,1.59436,1.43,1.99
2011.02.09 16:23:10.957,1.5941,1.59449,1.43,2.82
2011.02.09 16:23:12.229,1.59409,1.59452,1.43,5.07
2011.02.09 16:23:13.125,1.59403,1.59445,1.20,2.18
2011.02.09 16:23:13.675,1.59402,1.59445,2.25,2.18
2011.02.09 16:23:15.037,1.59402,1.59445,1.43,2.10
2011.02.09 16:23:16.289,1.59411,1.59446,1.43,2.29
2011.02.09 16:23:16.615,1.59409,1.59442,1.43,1.50
2011.02.09 16:23:17.222,1.59402,1.59435,1.43,3.12
2011.02.09 16:23:17.329,1.594,1.59434,1.43,1.43
2011.02.09 16:23:19.480,1.59399,1.59438,2.03,2.03
2011.02.09 16:23:22.195,1.59389,1.59432,1.43,2.03
2011.02.09 16:23:24.160,1.59389,1.59432,2.40,1.43
2011.02.09 16:23:24.279,1.59398,1.59439,2.03,2.03
2011.02.09 16:23:24.497,1.59397,1.59431,2.03,2.03
2011.02.09 16:23:25.628,1.59397,1.59431,1.43,2.03
2011.02.09 16:23:29.154,1.59397,1.59431,2.03,1.43
2011.02.09 16:23:29.485,1.59407,1.59439,1.43,2.93
2011.02.09 16:23:30.128,1.59398,1.5943,1.43,2.03
2011.02.09 16:23:30.454,1.59404,1.59431,1.43,1.43
2011.02.09 16:23:38.547,1.59404,1.59435,1.43,1.50
2011.02.09 16:23:39.075,1.59415,1.59442,1.43,1.43
2011.02.09 16:23:39.725,1.59417,1.59444,1.43,1.69
2011.02.09 16:23:39.837,1.59417,1.5945,1.43,1.80
2011.02.09 16:23:40.405,1.59417,1.5945,1.43,2.40
2011.02.09 16:23:40.982,1.59408,1.59449,2.03,2.40
2011.02.09 16:23:41.316,1.59408,1.59448,1.43,1.17
2011.02.09 16:23:41.536,1.59399,1.59444,1.43,2.22
2011.02.09 16:23:42.804,1.59399,1.59442,2.40,1.43
2011.02.09 16:23:43.651,1.59407,1.59444,1.43,2.22
2011.02.09 16:23:43.768,1.59399,1.59442,1.43,2.03
2011.02.09 16:23:44.384,1.59399,1.59442,2.40,1.43
2011.02.09 16:23:45.185,1.59408,1.59443,1.43,1.43
2011.02.09 16:23:45.517,1.59401,1.59435,1.43,2.03
2011.02.09 16:23:45.735,1.59407,1.59444,1.43,2.03
2011.02.09 16:23:47.504,1.59407,1.59444,1.43,2.97
2011.02.09 16:23:47.615,1.59401,1.59435,1.43,2.03
2011.02.09 16:23:50.457,1.59401,1.59434,1.43,2.29
2011.02.09 16:23:50.565,1.59393,1.59428,1.43,2.03
2011.02.09 16:23:51.264,1.59392,1.59427,1.43,1.43
2011.02.09 16:23:51.378,1.59404,1.59437,1.43,2.03
2011.02.09 16:23:51.487,1.59395,1.59437,2.03,2.03
2011.02.09 16:23:51.814,1.59405,1.59444,1.43,3.90
2011.02.09 16:23:52.417,1.59407,1.5944,1.43,1.43
2011.02.09 16:23:52.635,1.59411,1.59448,1.43,2.03
2011.02.09 16:23:53.475,1.59411,1.59448,1.43,2.22
2011.02.09 16:23:53.805,1.59406,1.59438,2.03,1.43
2011.02.09 16:23:53.914,1.59412,1.59447,1.43,2.03
2011.02.09 16:23:56.047,1.59402,1.59442,1.43,1.17
2011.02.09 16:23:56.644,1.59401,1.59437,1.43,2.03
2011.02.09 16:24:00.676,1.59401,1.59437,1.43,2.97
2011.02.09 16:24:00.785,1.59385,1.59421,1.43,2.03
2011.02.09 16:24:01.225,1.594,1.59438,1.43,2.18
2011.02.09 16:24:01.735,1.594,1.59436,1.43,1.17
2011.02.09 16:24:01.847,1.59392,1.59432,1.43,2.03
2011.02.09 16:24:02.492,1.59392,1.59432,1.43,2.03
2011.02.09 16:24:02.604,1.5939,1.59431,1.43,2.03
2011.02.09 16:24:03.626,1.5939,1.59421,1.43,1.43
2011.02.09 16:24:04.174,1.59391,1.5943,1.43,2.40
2011.02.09 16:24:04.284,1.59391,1.5943,1.43,2.03
2011.02.09 16:24:04.614,1.59391,1.59428,1.43,2.10
2011.02.09 16:24:05.110,1.5939,1.59431,1.43,2.03
2011.02.09 16:24:06.555,1.59401,1.59437,1.43,2.40
2011.02.09 16:24:07.566,1.59384,1.59422,2.40,1.43
2011.02.09 16:24:07.676,1.59384,1.59422,2.03,2.03
2011.02.09 16:24:07.894,1.59391,1.5943,1.43,2.03
2011.02.09 16:24:08.765,1.59397,1.5943,1.43,1.43
2011.02.09 16:24:08.880,1.59388,1.59429,1.43,1.43
2011.02.09 16:24:08.985,1.59388,1.59429,2.40,1.43
2011.02.09 16:24:09.205,1.59389,1.59428,1.43,1.43
2011.02.09 16:24:11.314,1.59388,1.59429,2.03,2.03
2011.02.09 16:24:13.646,1.59388,1.59419,2.40,1.43
2011.02.09 16:24:13.756,1.59397,1.59427,1.43,1.43
2011.02.09 16:24:14.357,1.59398,1.59436,2.03,2.40
2011.02.09 16:24:15.818,1.59399,1.59431,1.43,1.43
2011.02.09 16:24:15.925,1.59398,1.59436,1.43,2.03
2011.02.09 16:24:16.785,1.5939,1.5943,2.40,1.43
2011.02.09 16:24:16.903,1.59399,1.59435,1.43,1.43
2011.02.09 16:24:17.126,1.59399,1.59445,2.03,2.22
2011.02.09 16:24:17.744,1.59399,1.59443,1.43,2.48
2011.02.09 16:24:18.105,1.59413,1.5945,1.43,1.80
2011.02.09 16:24:19.269,1.5941,1.59441,1.43,1.43
2011.02.09 16:24:19.375,1.59404,1.59439,2.03,1.43
2011.02.09 16:24:19.485,1.59404,1.59439,1.43,1.43
2011.02.09 16:24:19.864,1.59407,1.59439,1.43,1.43
2011.02.09 16:24:20.424,1.59404,1.59439,1.43,1.43
2011.02.09 16:24:20.537,1.59404,1.59439,2.40,1.43
2011.02.09 16:24:20.644,1.59414,1.59445,1.43,1.43
2011.02.09 16:24:21.815,1.59414,1.59445,1.43,2.03
2011.02.09 16:24:22.145,1.59414,1.59445,1.43,1.43
2011.02.09 16:24:22.947,1.59417,1.59446,1.43,1.80
2011.02.09 16:24:23.275,1.59413,1.59446,1.43,1.43
2011.02.09 16:24:24.445,1.59413,1.59446,1.43,2.37
2011.02.09 16:24:24.784,1.59398,1.59431,1.43,1.43
2011.02.09 16:24:25.115,1.59403,1.5944,1.43,1.43
2011.02.09 16:24:26.367,1.59407,1.59439,1.43,1.43
2011.02.09 16:24:26.716,1.5942,1.59448,1.43,1.17
2011.02.09 16:24:26.825,1.5942,1.59451,1.43,1.43
2011.02.09 16:24:27.156,1.5941,1.59441,2.40,1.43
2011.02.09 16:24:27.632,1.5941,1.59441,1.43,1.43
2011.02.09 16:24:27.748,1.59414,1.59449,1.43,1.43
2011.02.09 16:24:28.356,1.59414,1.59449,1.43,2.03
2011.02.09 16:24:28.464,1.59409,1.59442,1.43,1.43
2011.02.09 16:24:28.577,1.59407,1.59439,1.43,1.43
2011.02.09 16:24:29.158,1.59407,1.59449,2.03,2.03
2011.02.09 16:24:30.536,1.5941,1.59441,1.43,1.43
2011.02.09 16:24:30.894,1.59406,1.5944,2.03,1.43
2011.02.09 16:24:31.435,1.59416,1.59447,1.43,2.03
2011.02.09 16:24:31.918,1.59416,1.59447,1.43,1.43
2011.02.09 16:24:36.723,1.59413,1.59446,1.43,1.43
2011.02.09 16:24:40.026,1.59405,1.5944,2.40,1.43
2011.02.09 16:24:40.654,1.59405,1.5944,1.43,1.43
2011.02.09 16:24:40.768,1.59414,1.59445,1.43,1.43
2011.02.09 16:24:42.266,1.59423,1.59456,1.43,1.43
2011.02.09 16:24:42.525,1.59424,1.5946,1.43,2.03
2011.02.09 16:24:42.744,1.59424,1.5946,1.43,1.43
2011.02.09 16:24:43.981,1.59424,1.59465,2.03,1.43
2011.02.09 16:24:47.015,1.59424,1.59465,2.03,2.40
2011.02.09 16:24:47.996,1.59425,1.59459,1.43,1.43
2011.02.09 16:24:52.418,1.59425,1.59459,1.43,2.03
2011.02.09 16:24:53.468,1.59424,1.59455,1.43,1.43
2011.02.09 16:24:54.616,1.59424,1.59451,1.43,1.43
2011.02.09 16:24:54.724,1.59423,1.59456,1.43,1.43
2011.02.09 16:24:55.918,1.59409,1.5944,1.43,1.43
2011.02.09 16:24:56.134,1.59413,1.5945,1.43,1.43
2011.02.09 16:24:57.276,1.59414,1.59451,1.43,1.43
2011.02.09 16:25:00.550,1.59415,1.5945,1.43,1.43
2011.02.09 16:25:00.654,1.59422,1.59453,1.43,2.03
2011.02.09 16:25:00.876,1.59414,1.59451,2.03,1.43
2011.02.09 16:25:00.985,1.59414,1.59451,1.43,1.43
2011.02.09 16:25:01.611,1.59408,1.59441,2.40,1.43
2011.02.09 16:25:01.707,1.59408,1.59441,1.43,1.43
2011.02.09 16:25:03.645,1.59414,1.59443,1.43,1.43
2011.02.09 16:25:03.864,1.59408,1.59441,2.03,1.43
2011.02.09 16:25:04.465,1.59408,1.59441,1.43,1.43
2011.02.09 16:25:10.526,1.59407,1.59436,1.43,1.43
2011.02.09 16:25:11.378,1.59409,1.5944,1.43,1.43
2011.02.09 16:25:13.428,1.59407,1.59434,1.43,1.43
2011.02.09 16:25:13.754,1.59405,1.59432,1.43,1.43
2011.02.09 16:25:14.728,1.59412,1.59443,1.43,1.43
2011.02.09 16:25:14.947,1.59411,1.59438,1.43,1.43
2011.02.09 16:25:15.646,1.59421,1.59455,1.43,1.50
2011.02.09 16:25:15.975,1.59406,1.59451,2.40,1.43
2011.02.09 16:25:16.477,1.59406,1.59451,1.43,1.43
2011.02.09 16:25:17.489,1.59436,1.59465,1.43,1.80
2011.02.09 16:25:17.595,1.59427,1.5946,1.43,1.43
2011.02.09 16:25:18.346,1.5943,1.59467,1.43,2.18
2011.02.09 16:25:19.477,1.59422,1.59466,2.48,1.99
2011.02.09 16:25:22.276,1.5943,1.59461,1.43,1.43
2011.02.09 16:25:23.450,1.5942,1.59461,2.03,2.40
2011.02.09 16:25:24.516,1.5942,1.59461,2.03,1.43
2011.02.09 16:25:29.535,1.5941,1.59451,3.53,1.43
2011.02.09 16:25:30.098,1.5941,1.59451,2.22,1.43
2011.02.09 16:25:30.425,1.59425,1.59458,1.43,1.43
2011.02.09 16:25:34.845,1.59425,1.59458,2.40,1.43
2011.02.09 16:25:35.411,1.59433,1.59467,1.43,1.43
2011.02.09 16:25:35.529,1.59433,1.59465,1.43,1.32
2011.02.09 16:25:35.746,1.59419,1.59451,1.43,1.43
2011.02.09 16:25:36.077,1.59424,1.59456,1.43,1.43
2011.02.09 16:25:36.675,1.59419,1.59451,1.43,1.43
2011.02.09 16:25:39.647,1.59428,1.59457,1.43,1.43
2011.02.09 16:25:39.975,1.59413,1.5944,1.43,1.43
2011.02.09 16:25:40.195,1.59419,1.59451,1.43,1.43
2011.02.09 16:25:41.151,1.59425,1.59457,1.43,2.22
2011.02.09 16:25:41.270,1.59425,1.59457,2.03,1.43
2011.02.09 16:25:41.387,1.59424,1.59467,1.43,1.62
2011.02.09 16:25:42.298,1.59423,1.59468,2.03,2.22
2011.02.09 16:25:42.835,1.59422,1.59467,2.03,1.62
2011.02.09 16:25:43.385,1.59422,1.59467,2.03,2.22
2011.02.09 16:25:44.164,1.59422,1.59467,2.40,1.62
2011.02.09 16:25:45.172,1.59432,1.59469,1.43,1.62
2011.02.09 16:25:45.725,1.59421,1.59468,2.40,1.62
2011.02.09 16:25:45.836,1.59421,1.59468,2.03,2.22
2011.02.09 16:25:46.417,1.59422,1.59467,1.43,2.22
2011.02.09 16:25:46.636,1.59421,1.59467,2.03,2.03
2011.02.09 16:25:46.746,1.59431,1.59471,1.43,2.03
2011.02.09 16:25:47.335,1.59422,1.59467,2.40,1.43
2011.02.09 16:25:47.451,1.59422,1.59467,1.43,1.43
2011.02.09 16:25:48.555,1.59423,1.59468,2.40,1.43
2011.02.09 16:25:49.105,1.59433,1.59468,1.43,1.43
2011.02.09 16:25:49.708,1.59426,1.59467,2.03,1.43
2011.02.09 16:25:52.539,1.59434,1.59471,1.43,2.48
2011.02.09 16:25:52.864,1.59431,1.59461,1.43,1.43
2011.02.09 16:25:53.807,1.59422,1.59459,1.43,1.43
2011.02.09 16:25:55.130,1.59422,1.59459,1.43,1.62
2011.02.09 16:25:55.239,1.59414,1.59457,2.03,2.03
2011.02.09 16:25:55.644,1.59413,1.59455,2.03,1.43
2011.02.09 16:25:56.494,1.59413,1.59455,1.43,1.43
2011.02.09 16:25:59.924,1.59423,1.59462,1.43,2.03
2011.02.09 16:26:00.257,1.59416,1.59447,1.43,1.43
2011.02.09 16:26:01.589,1.59417,1.5945,1.43,1.43
2011.02.09 16:26:01.915,1.59412,1.59441,1.43,1.43
2011.02.09 16:26:03.435,1.59412,1.5944,1.43,1.50
2011.02.09 16:26:03.654,1.59402,1.59433,1.80,1.43
2011.02.09 16:26:05.557,1.59401,1.59434,1.43,1.43
2011.02.09 16:26:09.319,1.59402,1.59433,1.43,1.43
2011.02.09 16:26:10.259,1.59397,1.59424,1.43,1.43
2011.02.09 16:26:10.695,1.59402,1.59433,1.43,2.03
2011.02.09 16:26:11.216,1.59413,1.5944,1.43,3.53
2011.02.09 16:26:11.329,1.59401,1.59434,1.43,1.43
2011.02.09 16:26:12.324,1.59401,1.59434,1.43,1.62
2011.02.09 16:26:12.436,1.59391,1.59424,1.43,1.43
2011.02.09 16:26:13.116,1.59395,1.59432,2.40,1.43
2011.02.09 16:26:13.225,1.59405,1.59438,1.43,1.43
2011.02.09 16:26:13.624,1.59395,1.59432,2.40,1.43
2011.02.09 16:26:13.736,1.59395,1.59432,1.43,1.43
2011.02.09 16:26:14.394,1.59406,1.59437,1.43,2.03
2011.02.09 16:26:14.507,1.59406,1.59437,1.43,1.43
2011.02.09 16:26:14.837,1.59396,1.59431,1.43,1.43
2011.02.09 16:26:16.115,1.59405,1.59438,1.43,2.40
2011.02.09 16:26:16.225,1.59405,1.59438,1.43,1.43
2011.02.09 16:26:18.626,1.59405,1.59438,1.43,2.37
2011.02.09 16:26:18.732,1.5939,1.59423,1.43,1.43
2011.02.09 16:26:19.856,1.59396,1.59431,1.43,2.40
2011.02.09 16:26:19.965,1.59396,1.59431,1.43,1.43
2011.02.09 16:26:20.075,1.59402,1.59433,1.43,1.43
2011.02.09 16:26:21.107,1.59392,1.59423,1.43,1.43
2011.02.09 16:26:21.326,1.59395,1.59432,1.43,2.03
2011.02.09 16:26:21.435,1.59395,1.59432,1.43,1.43
2011.02.09 16:26:22.245,1.59395,1.59432,1.43,1.62
2011.02.09 16:26:23.069,1.59391,1.59422,1.43,1.43
2011.02.09 16:26:23.395,1.5939,1.59419,1.43,1.43
2011.02.09 16:26:24.557,1.59395,1.59424,1.43,1.43
2011.02.09 16:26:25.475,1.5939,1.59419,1.43,1.43
2011.02.09 16:26:26.389,1.59392,1.59423,1.43,1.43
2011.02.09 16:26:28.186,1.59391,1.59422,1.43,1.43
2011.02.09 16:26:28.515,1.59391,1.59424,1.43,1.43
2011.02.09 16:26:32.797,1.59403,1.5943,1.43,2.03
2011.02.09 16:26:32.905,1.59393,1.59426,1.43,1.43
2011.02.09 16:26:33.124,1.59391,1.59424,1.43,1.43
2011.02.09 16:26:35.968,1.59395,1.59432,1.43,1.80
2011.02.09 16:26:36.075,1.59395,1.59432,1.43,2.97
2011.02.09 16:26:36.185,1.59387,1.59414,1.43,1.43
2011.02.09 16:26:36.988,1.59396,1.59431,1.43,1.43
2011.02.09 16:26:37.754,1.59402,1.59433,1.43,1.43
2011.02.09 16:26:37.857,1.59396,1.59431,1.43,1.43
2011.02.09 16:26:38.185,1.59413,1.5944,1.43,1.43
2011.02.09 16:26:40.607,1.59406,1.59437,1.43,1.43
2011.02.09 16:26:41.226,1.59412,1.59441,1.43,1.43
2011.02.09 16:26:41.556,1.59412,1.59441,2.40,1.43
2011.02.09 16:26:41.666,1.59429,1.59456,1.43,1.43
2011.02.09 16:26:42.268,1.59419,1.59451,1.43,2.03
2011.02.09 16:26:42.485,1.59412,1.59446,1.43,1.43
2011.02.09 16:26:42.596,1.59412,1.59446,2.03,1.43
2011.02.09 16:26:42.705,1.59417,1.5945,1.43,1.43
2011.02.09 16:26:43.288,1.59409,1.59446,1.43,2.03
2011.02.09 16:26:44.142,1.59409,1.59446,2.03,2.03
2011.02.09 16:26:44.367,1.59409,1.59444,2.03,1.43
2011.02.09 16:26:44.695,1.59401,1.59444,2.18,2.03
2011.02.09 16:26:45.287,1.59401,1.59442,2.18,3.90
2011.02.09 16:26:45.616,1.5939,1.59425,2.03,1.43
2011.02.09 16:26:47.458,1.59405,1.59442,2.03,1.43
2011.02.09 16:26:48.007,1.59397,1.5944,2.40,1.43
2011.02.09 16:26:48.622,1.59423,1.5945,1.43,1.43
2011.02.09 16:26:48.945,1.59405,1.59446,2.03,2.03
2011.02.09 16:26:49.556,1.59397,1.5944,2.03,2.03
2011.02.09 16:26:49.787,1.59397,1.59436,2.03,1.43
2011.02.09 16:26:50.487,1.59406,1.59445,2.03,2.03
2011.02.09 16:26:50.817,1.59409,1.59445,1.69,2.03
2011.02.09 16:26:50.927,1.59421,1.59462,2.03,2.03
2011.02.09 16:26:51.606,1.59412,1.59457,2.03,2.03
2011.02.09 16:26:52.935,1.59405,1.59446,2.03,2.03
2011.02.09 16:26:54.925,1.59413,1.5944,1.43,1.43
2011.02.09 16:26:55.728,1.59398,1.59431,2.03,1.43
2011.02.09 16:26:55.835,1.59406,1.59441,2.03,1.43
2011.02.09 16:26:56.570,1.59416,1.59453,1.43,2.40
2011.02.09 16:26:56.685,1.59407,1.59448,2.03,2.03
2011.02.09 16:26:56.798,1.59407,1.59448,1.43,2.40
2011.02.09 16:26:57.588,1.59414,1.59447,2.03,2.03
2011.02.09 16:26:58.750,1.59413,1.59445,1.43,1.43
2011.02.09 16:26:58.866,1.59407,1.5945,2.03,2.03
2011.02.09 16:26:59.086,1.59405,1.59442,2.03,1.43
2011.02.09 16:26:59.198,1.59405,1.59442,2.03,1.43
2011.02.09 16:26:59.900,1.59406,1.59451,2.03,2.22
2011.02.09 16:27:00.009,1.59406,1.59445,1.43,1.17
2011.02.09 16:27:00.335,1.59415,1.59453,2.03,1.88
2011.02.09 16:27:00.938,1.59415,1.59456,2.03,2.03
2011.02.09 16:27:03.825,1.59415,1.59456,2.40,1.43
2011.02.09 16:27:04.047,1.59416,1.59461,2.03,3.72
2011.02.09 16:27:04.572,1.59416,1.59454,1.43,1.17
2011.02.09 16:27:04.686,1.59413,1.59445,1.43,1.43
2011.02.09 16:27:04.906,1.59423,1.59455,1.43,1.43
2011.02.09 16:27:05.125,1.59417,1.5946,2.03,2.03
2011.02.09 16:27:06.036,1.59417,1.5946,2.03,2.22
2011.02.09 16:27:06.382,1.5941,1.59449,2.03,2.03
2011.02.09 16:27:08.478,1.59413,1.5944,1.43,1.43
2011.02.09 16:27:09.139,1.59415,1.59447,1.43,1.62
2011.02.09 16:27:09.251,1.59408,1.59443,1.43,1.43
2011.02.09 16:27:10.627,1.59409,1.59447,1.43,3.12
2011.02.09 16:27:10.736,1.59401,1.59446,2.25,2.29
2011.02.09 16:27:11.767,1.59401,1.59446,2.25,2.10
2011.02.09 16:27:12.348,1.5941,1.59447,1.43,2.10
2011.02.09 16:27:12.896,1.59408,1.5945,1.43,2.29
2011.02.09 16:27:15.912,1.59408,1.5945,1.43,2.37
2011.02.09 16:27:16.029,1.59408,1.5945,1.43,2.29
2011.02.09 16:27:16.248,1.59408,1.59445,1.43,2.44
2011.02.09 16:27:16.358,1.59401,1.59439,1.43,2.29
2011.02.09 16:27:16.943,1.59401,1.59439,1.43,2.10
2011.02.09 16:27:17.061,1.59408,1.59449,1.43,2.18
2011.02.09 16:27:17.178,1.59408,1.5945,1.43,2.29
2011.02.09 16:27:21.317,1.59404,1.59446,1.43,2.29
2011.02.09 16:27:22.042,1.59396,1.59435,1.62,2.18
2011.02.09 16:27:22.845,1.59381,1.59413,1.05,1.43
2011.02.09 16:27:22.962,1.59375,1.59419,2.18,1.43
2011.02.09 16:27:23.690,1.59382,1.59423,1.43,1.43
2011.02.09 16:27:24.703,1.59391,1.59428,1.43,1.62
2011.02.09 16:27:24.930,1.59381,1.59421,1.50,1.43
2011.02.09 16:27:25.599,1.59381,1.59418,2.03,1.43
2011.02.09 16:27:25.816,1.59383,1.59421,1.43,2.03
2011.02.09 16:27:26.450,1.59383,1.59421,1.43,1.43
2011.02.09 16:27:26.567,1.59391,1.59431,1.43,2.40
2011.02.09 16:27:26.676,1.59391,1.59431,1.43,1.43
2011.02.09 16:27:27.517,1.59397,1.59436,1.43,2.40
2011.02.09 16:27:27.632,1.59388,1.59429,1.43,1.43
2011.02.09 16:27:28.569,1.59391,1.59431,1.43,1.43
2011.02.09 16:27:29.126,1.59391,1.59431,2.03,1.43
2011.02.09 16:27:29.611,1.59391,1.59434,2.03,2.03
2011.02.09 16:27:29.719,1.59385,1.59426,1.43,1.43
2011.02.09 16:27:30.629,1.59394,1.59431,1.43,2.03
2011.02.09 16:27:30.847,1.59398,1.59433,1.43,2.03
2011.02.09 16:27:31.401,1.59398,1.59433,2.03,1.43
2011.02.09 16:27:31.516,1.59399,1.59437,2.03,1.43
2011.02.09 16:27:32.099,1.59399,1.59437,1.43,2.40
2011.02.09 16:27:32.208,1.59391,1.59426,1.43,2.03
2011.02.09 16:27:32.428,1.59398,1.59433,1.43,2.03
2011.02.09 16:27:32.537,1.59393,1.5943,1.43,1.43
2011.02.09 16:27:33.776,1.59397,1.59434,1.43,2.03
2011.02.09 16:27:34.423,1.59384,1.59425,1.43,1.43
2011.02.09 16:27:34.759,1.59389,1.59428,1.43,2.03
2011.02.09 16:27:34.867,1.59389,1.59428,1.43,1.43
2011.02.09 16:27:35.688,1.59389,1.59428,1.43,1.62
2011.02.09 16:27:36.317,1.59381,1.59418,1.43,1.43
2011.02.09 16:27:37.590,1.59381,1.59418,1.43,2.03
2011.02.09 16:27:37.707,1.59381,1.59418,1.43,1.43
2011.02.09 16:27:37.929,1.59381,1.59418,1.43,1.62
2011.02.09 16:27:38.619,1.59373,1.59412,1.43,1.43
2011.02.09 16:27:39.279,1.59373,1.59412,2.03,1.43
2011.02.09 16:27:39.387,1.59377,1.59418,1.43,1.43
2011.02.09 16:27:40.306,1.59377,1.59418,2.40,1.43
2011.02.09 16:27:40.416,1.59387,1.59422,1.43,1.43
2011.02.09 16:27:41.687,1.59387,1.59422,1.43,1.62
2011.02.09 16:27:41.907,1.59378,1.59417,1.43,1.43
2011.02.09 16:27:43.158,1.59375,1.59414,1.43,1.43
2011.02.09 16:27:44.617,1.59378,1.59417,1.43,1.43
2011.02.09 16:27:46.285,1.59375,1.59414,1.43,1.43
2011.02.09 16:27:47.033,1.59375,1.59414,2.03,1.62
2011.02.09 16:27:47.369,1.5938,1.59415,1.43,2.03
2011.02.09 16:27:48.059,1.59378,1.59419,2.40,1.43
2011.02.09 16:27:48.276,1.59385,1.59428,2.03,1.43
2011.02.09 16:27:49.248,1.59395,1.59437,1.43,2.40
2011.02.09 16:27:49.363,1.59392,1.59433,1.43,1.43
2011.02.09 16:27:49.478,1.59392,1.59433,2.03,1.43
2011.02.09 16:27:49.699,1.59395,1.59438,2.03,1.43
2011.02.09 16:27:50.517,1.59395,1.59438,1.43,2.03
2011.02.09 16:27:50.848,1.59393,1.59432,1.43,2.03
2011.02.09 16:27:50.956,1.59385,1.59428,2.03,1.43
2011.02.09 16:27:51.776,1.59385,1.59428,2.03,1.62
2011.02.09 16:27:51.888,1.59382,1.59423,1.43,1.43
2011.02.09 16:27:52.106,1.59384,1.59429,2.03,1.43
2011.02.09 16:27:55.099,1.59386,1.59429,1.50,1.58
2011.02.09 16:27:55.794,1.5939,1.59433,1.43,2.37
2011.02.09 16:27:55.898,1.59388,1.59429,1.43,1.43
2011.02.09 16:27:56.802,1.59384,1.59418,1.50,1.43
2011.02.09 16:27:56.922,1.5939,1.59435,2.03,3.72
2011.02.09 16:27:57.148,1.5939,1.59435,2.03,4.47
2011.02.09 16:27:57.828,1.59375,1.59419,2.18,1.43
2011.02.09 16:27:57.936,1.59376,1.59434,2.18,2.22
2011.02.09 16:27:58.048,1.59376,1.59429,2.40,2.44
2011.02.09 16:27:58.157,1.59389,1.59428,1.43,1.43
2011.02.09 16:27:59.116,1.59382,1.59417,2.03,1.43
2011.02.09 16:27:59.231,1.59382,1.59417,1.43,1.43
2011.02.09 16:27:59.566,1.59382,1.59417,1.43,1.62
2011.02.09 16:28:00.381,1.59373,1.59412,2.18,1.43
2011.02.09 16:28:00.502,1.59381,1.59418,1.43,1.43
2011.02.09 16:28:04.965,1.59381,1.59418,1.58,1.43
2011.02.09 16:28:05.077,1.59384,1.59422,1.43,2.03
2011.02.09 16:28:05.647,1.59384,1.59422,1.43,2.40
2011.02.09 16:28:05.763,1.59401,1.5944,1.43,1.43
2011.02.09 16:28:05.987,1.59405,1.59444,1.43,1.80
2011.02.09 16:28:06.590,1.59413,1.5945,1.43,2.18
2011.02.09 16:28:06.697,1.59413,1.5945,1.43,1.43
2011.02.09 16:28:06.806,1.59404,1.59445,2.59,1.43
2011.02.09 16:28:06.916,1.59404,1.59445,1.62,1.43
2011.02.09 16:28:13.042,1.59404,1.59445,1.43,2.03
2011.02.09 16:28:13.158,1.59401,1.5944,1.43,1.43
2011.02.09 16:28:14.076,1.59404,1.59445,1.43,1.43
2011.02.09 16:28:14.406,1.59404,1.59445,1.43,2.03
2011.02.09 16:28:14.516,1.59401,1.5944,1.43,1.43
2011.02.09 16:28:15.596,1.59401,1.5944,1.43,2.40
2011.02.09 16:28:15.707,1.59395,1.59434,3.12,2.03
2011.02.09 16:28:16.636,1.59395,1.59434,3.72,1.43
2011.02.09 16:28:16.746,1.59401,1.5944,1.43,1.43
2011.02.09 16:28:17.796,1.59401,1.5944,1.43,2.40
2011.02.09 16:28:18.399,1.59398,1.59435,2.93,1.43
2011.02.09 16:28:19.805,1.59398,1.59435,2.03,1.43
2011.02.09 16:28:19.921,1.594,1.59439,1.43,1.43
2011.02.09 16:28:20.724,1.594,1.5944,1.43,1.50
2011.02.09 16:28:20.832,1.59393,1.5943,1.43,1.43
2011.02.09 16:28:21.168,1.59388,1.59418,1.88,1.43
2011.02.09 16:28:22.396,1.59387,1.59424,1.80,1.43
2011.02.09 16:28:24.489,1.59389,1.59424,1.43,1.43
2011.02.09 16:28:25.452,1.59382,1.59419,1.43,1.43
2011.02.09 16:28:27.494,1.59395,1.59434,1.43,2.03
2011.02.09 16:28:27.611,1.59386,1.59425,1.50,2.03
2011.02.09 16:28:27.730,1.59392,1.59425,1.50,2.03
2011.02.09 16:28:28.335,1.59393,1.5943,1.62,2.03
2011.02.09 16:28:28.453,1.59383,1.5942,1.43,1.43
2011.02.09 16:28:28.569,1.59377,1.5942,2.22,1.43
2011.02.09 16:28:29.278,1.59369,1.5941,2.59,1.43
2011.02.09 16:28:30.027,1.59384,1.59419,1.43,2.40
2011.02.09 16:28:30.151,1.59369,1.5941,1.80,1.43
2011.02.09 16:28:30.729,1.59369,1.5941,1.80,2.40
2011.02.09 16:28:31.059,1.59348,1.5939,2.18,1.43
2011.02.09 16:28:31.169,1.59344,1.59385,2.03,1.43
2011.02.09 16:28:31.760,1.59348,1.5939,2.03,1.43
2011.02.09 16:28:32.087,1.59348,1.5939,2.03,1.43
2011.02.09 16:28:32.605,1.59348,1.594,2.40,1.62
2011.02.09 16:28:32.722,1.59355,1.59396,1.43,1.43
2011.02.09 16:28:33.167,1.59348,1.59392,2.03,1.43
2011.02.09 16:28:33.279,1.59354,1.59392,1.50,1.43
2011.02.09 16:28:33.847,1.59356,1.59398,2.03,2.03
2011.02.09 16:28:33.962,1.59364,1.59401,1.43,1.43
2011.02.09 16:28:35.448,1.59356,1.59397,2.03,2.03
2011.02.09 16:28:35.667,1.59356,1.59397,1.43,2.40
2011.02.09 16:28:36.291,1.59353,1.5939,1.80,1.43
2011.02.09 16:28:37.088,1.59352,1.59393,2.40,1.43
2011.02.09 16:28:37.202,1.59362,1.59397,2.03,1.43
2011.02.09 16:28:37.318,1.59355,1.59382,2.48,1.43
2011.02.09 16:28:37.901,1.59359,1.59398,2.03,2.03
2011.02.09 16:28:38.227,1.59359,1.59403,2.22,1.35
2011.02.09 16:28:38.820,1.59374,1.59414,1.43,1.17
2011.02.09 16:28:38.928,1.5937,1.5941,1.62,1.35
2011.02.09 16:28:39.650,1.59365,1.59405,1.62,2.03
2011.02.09 16:28:39.759,1.5936,1.59399,2.22,1.43
2011.02.09 16:28:40.425,1.59359,1.59402,2.97,1.43
2011.02.09 16:28:40.542,1.59347,1.59386,2.18,1.43
2011.02.09 16:28:41.257,1.59347,1.59386,2.18,2.40
2011.02.09 16:28:41.372,1.59348,1.59383,2.18,1.43
2011.02.09 16:28:43.425,1.59352,1.59389,1.80,1.43
2011.02.09 16:28:43.540,1.59352,1.59389,1.80,2.40
2011.02.09 16:28:43.759,1.59349,1.59384,2.25,1.43
2011.02.09 16:28:44.271,1.59349,1.59388,3.68,2.03
2011.02.09 16:28:44.392,1.59366,1.59401,1.43,1.43
2011.02.09 16:28:44.511,1.59356,1.59397,2.40,1.43
2011.02.09 16:28:45.087,1.59356,1.59397,1.43,1.43
2011.02.09 16:28:45.212,1.59352,1.59391,1.43,1.43
2011.02.09 16:28:46.351,1.59344,1.59381,1.69,1.43
2011.02.09 16:28:46.467,1.59352,1.59391,1.43,1.43
2011.02.09 16:28:46.577,1.59349,1.59391,2.03,1.43
2011.02.09 16:28:47.260,1.59339,1.59383,1.80,2.03
2011.02.09 16:28:48.312,1.59339,1.59383,1.99,2.03
2011.02.09 16:28:49.321,1.59342,1.59383,2.40,2.03
2011.02.09 16:28:52.378,1.59342,1.59383,1.80,2.03
2011.02.09 16:28:53.315,1.59342,1.59383,2.40,2.03
2011.02.09 16:28:53.857,1.59342,1.59383,2.40,1.43
2011.02.09 16:28:53.966,1.59349,1.59386,1.43,1.43
2011.02.09 16:28:54.877,1.5934,1.59381,2.40,1.43
2011.02.09 16:28:54.988,1.5934,1.59381,1.43,1.43
2011.02.09 16:28:55.097,1.59334,1.59369,1.80,1.43
2011.02.09 16:28:55.732,1.59328,1.59371,4.50,1.43
2011.02.09 16:28:55.957,1.59338,1.59381,1.43,1.43
2011.02.09 16:28:57.321,1.59337,1.59382,1.43,2.03
2011.02.09 16:28:57.547,1.59337,1.59382,2.03,2.22
2011.02.09 16:28:58.140,1.59338,1.59381,2.03,2.03
2011.02.09 16:28:58.358,1.59331,1.5937,1.80,1.43
2011.02.09 16:28:58.576,1.59331,1.59372,1.80,2.03
2011.02.09 16:28:59.247,1.59338,1.59383,1.43,2.03
2011.02.09 16:28:59.359,1.59338,1.59383,1.43,2.40
2011.02.09 16:28:59.945,1.59336,1.59375,1.80,1.43
2011.02.09 16:29:00.051,1.59344,1.59388,1.43,2.03
2011.02.09 16:29:01.029,1.5935,1.59391,1.43,1.43
2011.02.09 16:29:01.466,1.5935,1.59391,1.43,1.62
2011.02.09 16:29:02.457,1.59351,1.59381,1.32,1.43
2011.02.09 16:29:03.001,1.59359,1.59381,1.17,1.43
2011.02.09 16:29:03.120,1.59357,1.59396,1.43,2.40
2011.02.09 16:29:03.239,1.59357,1.59396,1.43,1.43
2011.02.09 16:29:04.050,1.59357,1.59396,1.43,2.40
2011.02.09 16:29:04.166,1.5935,1.59385,1.43,1.43
2011.02.09 16:29:05.171,1.59355,1.5939,1.43,1.43
2011.02.09 16:29:06.244,1.59365,1.594,1.43,2.03
2011.02.09 16:29:06.361,1.59366,1.59401,1.43,1.43
2011.02.09 16:29:06.586,1.59366,1.59401,2.03,1.43
2011.02.09 16:29:07.182,1.59361,1.594,1.43,1.43
2011.02.09 16:29:07.296,1.59353,1.5939,2.40,1.43
2011.02.09 16:29:07.406,1.59353,1.5939,1.43,1.43
2011.02.09 16:29:08.134,1.59353,1.5939,1.43,2.03
2011.02.09 16:29:08.466,1.59349,1.59384,1.43,1.43
2011.02.09 16:29:08.965,1.59349,1.59384,1.62,1.43
2011.02.09 16:29:09.081,1.59353,1.5939,1.43,1.43
2011.02.09 16:29:09.198,1.59358,1.59395,1.43,2.03
2011.02.09 16:29:09.307,1.59358,1.59395,1.43,2.10
2011.02.09 16:29:09.527,1.59353,1.5939,2.25,1.43
2011.02.09 16:29:10.128,1.59353,1.5939,1.43,2.10
2011.02.09 16:29:10.485,1.59363,1.594,1.43,2.10
2011.02.09 16:29:10.596,1.59363,1.594,1.43,2.10
2011.02.09 16:29:11.280,1.5936,1.59403,1.43,2.10
2011.02.09 16:29:11.399,1.5936,1.59403,1.43,2.10
2011.02.09 16:29:12.529,1.59355,1.59398,1.43,2.10
2011.02.09 16:29:14.305,1.59349,1.59392,1.62,2.10
2011.02.09 16:29:14.979,1.59387,1.59426,1.43,1.50
2011.02.09 16:29:15.102,1.59382,1.59422,1.43,1.50
2011.02.09 16:29:15.916,1.59382,1.59422,1.43,1.69
2011.02.09 16:29:16.247,1.59373,1.59418,1.43,4.54
2011.02.09 16:29:16.355,1.59367,1.5941,1.20,1.43
2011.02.09 16:29:16.465,1.59365,1.5941,1.43,2.10
2011.02.09 16:29:16.576,1.59374,1.59417,1.43,2.10
2011.02.09 16:29:17.279,1.59365,1.5941,1.43,2.10
2011.02.09 16:29:19.395,1.59365,1.5941,1.62,2.10
2011.02.09 16:29:19.511,1.59375,1.5942,1.43,2.67
2011.02.09 16:29:19.626,1.5937,1.59415,2.25,1.43
2011.02.09 16:29:19.736,1.5937,1.59415,1.43,2.10
2011.02.09 16:29:20.626,1.59364,1.59408,2.25,1.05
2011.02.09 16:29:20.955,1.59353,1.59401,2.18,3.60
2011.02.09 16:29:21.175,1.5936,1.59405,1.80,2.48
2011.02.09 16:29:21.804,1.59368,1.59417,2.25,2.10
2011.02.09 16:29:24.201,1.5937,1.59417,2.25,2.10
2011.02.09 16:29:25.443,1.59362,1.59409,2.25,2.10
2011.02.09 16:29:28.380,1.59359,1.59404,1.43,2.10
2011.02.09 16:29:29.026,1.59359,1.59404,2.44,1.43
2011.02.09 16:29:29.245,1.59363,1.59408,2.25,2.10
2011.02.09 16:29:29.860,1.59363,1.59408,1.43,2.67
2011.02.09 16:29:29.978,1.59359,1.59402,1.43,2.10
2011.02.09 16:29:30.891,1.59367,1.5941,1.43,3.60
2011.02.09 16:29:31.225,1.59359,1.59402,1.43,2.10
2011.02.09 16:29:34.427,1.59361,1.59408,1.43,2.18
2011.02.09 16:29:34.540,1.59361,1.59409,2.25,2.29
2011.02.09 16:29:35.836,1.59363,1.59403,1.02,1.43
2011.02.09 16:29:35.945,1.59368,1.59411,1.43,2.10
2011.02.09 16:29:36.165,1.59363,1.59406,3.94,1.43
2011.02.09 16:29:36.275,1.59363,1.59406,3.12,1.43
2011.02.09 16:29:37.020,1.59351,1.59395,1.58,1.43
2011.02.09 16:29:37.393,1.59354,1.59394,1.43,1.43
2011.02.09 16:29:38.611,1.59358,1.594,1.43,2.03
2011.02.09 16:29:38.729,1.59358,1.594,1.43,1.43
2011.02.09 16:29:39.917,1.59354,1.59394,1.43,1.43
2011.02.09 16:29:40.246,1.59352,1.59392,1.43,1.43
2011.02.09 16:29:40.761,1.59353,1.59392,1.50,1.43
2011.02.09 16:29:40.881,1.59365,1.59408,1.43,2.10
2011.02.09 16:29:41.107,1.5936,1.59403,1.43,2.10
2011.02.09 16:29:43.687,1.59364,1.59406,1.43,2.37
2011.02.09 16:29:44.240,1.59364,1.59406,1.43,2.37
2011.02.09 16:29:44.351,1.59367,1.59415,2.25,2.44
2011.02.09 16:29:45.306,1.59368,1.59415,1.43,2.44
2011.02.09 16:29:45.421,1.5936,1.59408,2.25,2.10
2011.02.09 16:29:46.560,1.5936,1.59408,3.19,2.10
2011.02.09 16:29:46.670,1.59375,1.5942,2.25,2.44
2011.02.09 16:29:46.788,1.59375,1.5942,1.43,2.44
2011.02.09 16:29:46.899,1.59367,1.59416,2.44,2.10
2011.02.09 16:29:47.486,1.59376,1.59417,1.43,1.13
2011.02.09 16:29:47.706,1.59367,1.59412,2.25,2.10
2011.02.09 16:29:50.350,1.59374,1.59416,1.43,2.10
2011.02.09 16:29:50.965,1.59374,1.59416,1.43,2.10
2011.02.09 16:29:51.867,1.59378,1.59423,1.43,2.10
2011.02.09 16:29:51.975,1.59378,1.59423,1.43,2.10
2011.02.09 16:29:53.885,1.59374,1.59418,1.43,2.10
2011.02.09 16:29:54.561,1.59375,1.59417,1.43,2.10
2011.02.09 16:29:55.593,1.59367,1.59416,2.44,2.10
2011.02.09 16:29:55.927,1.59368,1.59415,2.25,2.10
2011.02.09 16:29:59.001,1.5936,1.59404,1.62,2.10
2011.02.09 16:29:59.118,1.59367,1.59412,2.25,2.18
2011.02.09 16:30:00.028,1.59367,1.59412,1.43,2.10
2011.02.09 16:30:00.140,1.59365,1.59408,1.43,2.10
2011.02.09 16:30:01.342,1.59358,1.59401,1.20,1.43
2011.02.09 16:30:01.466,1.59356,1.59401,1.58,2.10
2011.02.09 16:30:01.579,1.59357,1.59401,1.02,2.10
2011.02.09 16:30:02.118,1.59366,1.59401,1.02,1.43
2011.02.09 16:30:02.231,1.59365,1.59408,1.43,2.18
2011.02.09 16:30:02.645,1.5936,1.59403,1.43,2.10
2011.02.09 16:30:03.243,1.5936,1.59403,2.44,1.43
2011.02.09 16:30:03.576,1.59368,1.5941,2.25,1.58
2011.02.09 16:30:04.168,1.59368,1.5941,1.43,2.10
2011.02.09 16:30:04.275,1.59364,1.59409,2.25,1.43
2011.02.09 16:30:04.385,1.59367,1.59411,1.43,2.10
2011.02.09 16:30:04.995,1.59362,1.59407,2.25,1.43
2011.02.09 16:30:05.111,1.59362,1.59407,1.43,3.60
2011.02.09 16:30:05.446,1.59362,1.59404,1.43,1.69
2011.02.09 16:30:06.164,1.59362,1.59393,1.43,2.18
2011.02.09 16:30:06.281,1.59351,1.59393,1.28,2.93
2011.02.09 16:30:06.508,1.59352,1.59393,1.50,2.18
2011.02.09 16:30:07.116,1.59347,1.59392,1.73,2.10
2011.02.09 16:30:07.233,1.59347,1.59392,4.02,2.10
2011.02.09 16:30:07.459,1.59347,1.59392,1.73,2.10
2011.02.09 16:30:07.568,1.59347,1.59392,1.43,2.10
2011.02.09 16:30:09.147,1.59347,1.59383,1.43,1.50
2011.02.09 16:30:09.695,1.59337,1.5938,1.80,2.10
2011.02.09 16:30:09.805,1.59344,1.59383,1.43,2.18
2011.02.09 16:30:10.519,1.59337,1.5938,1.80,2.10
2011.02.09 16:30:10.738,1.59337,1.59375,1.80,1.69
2011.02.09 16:30:11.281,1.59329,1.59372,2.18,1.43
2011.02.09 16:30:11.391,1.59327,1.5937,1.43,1.43
2011.02.09 16:30:12.331,1.59338,1.59381,1.43,1.05
2011.02.09 16:30:12.449,1.59338,1.59383,1.43,2.25
2011.02.09 16:30:14.409,1.59338,1.59383,1.43,2.29
2011.02.09 16:30:14.526,1.59331,1.59379,2.25,2.29
2011.02.09 16:30:15.566,1.59329,1.59372,1.43,2.10
2011.02.09 16:30:17.971,1.59332,1.59378,1.43,2.10
2011.02.09 16:30:19.000,1.59332,1.59378,1.43,2.10
2011.02.09 16:30:19.110,1.59332,1.59378,1.43,2.10
2011.02.09 16:30:19.436,1.59328,1.59373,1.43,2.10
2011.02.09 16:30:20.380,1.59337,1.59379,1.43,2.18
2011.02.09 16:30:21.536,1.59337,1.59379,1.43,2.74
2011.02.09 16:30:21.647,1.59328,1.59373,1.43,2.10
2011.02.09 16:30:22.798,1.59338,1.59381,1.43,2.18
2011.02.09 16:30:22.906,1.59338,1.59381,1.43,1.88
2011.02.09 16:30:24.598,1.59313,1.59357,1.99,2.03
2011.02.09 16:30:25.332,1.59324,1.59366,1.43,1.43
2011.02.09 16:30:25.656,1.59324,1.59366,1.43,2.40
2011.02.09 16:30:26.240,1.59304,1.5935,2.03,2.03
2011.02.09 16:30:26.567,1.59311,1.59353,2.40,1.43
2011.02.09 16:30:26.676,1.5932,1.5936,1.43,1.43
2011.02.09 16:30:27.781,1.59315,1.59355,1.43,1.43
2011.02.09 16:30:28.358,1.59319,1.59361,1.43,2.03
2011.02.09 16:30:28.469,1.59319,1.59361,1.43,1.43
2011.02.09 16:30:31.569,1.59322,1.59366,2.22,1.43
2011.02.09 16:30:32.477,1.5932,1.5936,2.22,1.43
2011.02.09 16:30:32.591,1.5932,1.5936,1.43,1.43
2011.02.09 16:30:33.641,1.59329,1.59371,1.43,1.43
2011.02.09 16:30:33.868,1.59329,1.59371,1.43,2.40
2011.02.09 16:30:34.461,1.59322,1.59362,1.43,1.43
2011.02.09 16:30:34.667,1.59315,1.59355,1.62,1.43
2011.02.09 16:30:34.776,1.59321,1.59365,1.62,2.48
2011.02.09 16:30:35.423,1.59328,1.5937,1.43,1.43
2011.02.09 16:30:35.536,1.5932,1.59362,2.59,1.43
2011.02.09 16:30:35.646,1.5932,1.59362,1.62,1.43
2011.02.09 16:30:36.301,1.59314,1.5936,2.40,1.43
2011.02.09 16:30:36.530,1.59312,1.59352,1.43,1.43
2011.02.09 16:30:37.316,1.5932,1.5936,1.43,1.43
2011.02.09 16:30:37.647,1.59311,1.59353,1.80,1.43
2011.02.09 16:30:38.252,1.59319,1.59361,1.43,1.43
2011.02.09 16:30:38.367,1.59319,1.59361,2.37,1.43
2011.02.09 16:30:38.480,1.59323,1.59363,1.62,1.43
2011.02.09 16:30:39.149,1.59322,1.59366,2.97,1.43
2011.02.09 16:30:39.367,1.59324,1.59368,2.22,1.43
2011.02.09 16:30:40.040,1.59333,1.59376,2.10,1.43
2011.02.09 16:30:40.145,1.59339,1.59381,1.43,1.80
2011.02.09 16:30:43.278,1.59339,1.59381,1.62,1.80
2011.02.09 16:30:45.762,1.59341,1.59384,2.22,1.43
2011.02.09 16:30:47.870,1.59336,1.59378,2.03,1.43
2011.02.09 16:30:48.306,1.59334,1.59376,1.62,1.43
2011.02.09 16:30:48.929,1.59336,1.59378,1.43,1.43
2011.02.09 16:30:50.111,1.59339,1.59378,1.50,1.43
2011.02.09 16:30:50.231,1.59344,1.59386,1.43,1.43
2011.02.09 16:30:50.676,1.59336,1.59378,1.43,1.43
2011.02.09 16:30:51.322,1.59342,1.59382,1.43,2.03
2011.02.09 16:30:51.646,1.59326,1.59368,1.95,1.43
2011.02.09 16:30:52.224,1.59331,1.59373,1.43,2.03
2011.02.09 16:30:52.341,1.59337,1.59377,1.43,1.43
2011.02.09 16:30:53.727,1.59348,1.59384,1.43,1.17
2011.02.09 16:30:53.836,1.59348,1.59387,1.43,1.05
2011.02.09 16:30:53.946,1.59339,1.59381,1.43,1.43
2011.02.09 16:30:54.056,1.59341,1.59381,1.17,1.43
2011.02.09 16:30:54.639,1.59348,1.59388,1.43,1.43
2011.02.09 16:30:56.246,1.59347,1.59393,2.03,2.03
2011.02.09 16:30:57.204,1.59347,1.59393,2.22,2.03
2011.02.09 16:30:57.320,1.59356,1.59396,1.43,1.43
2011.02.09 16:31:00.021,1.59353,1.59393,2.03,1.43
2011.02.09 16:31:00.600,1.59371,1.59413,2.22,1.88
2011.02.09 16:31:01.308,1.59374,1.59413,1.43,1.88
2011.02.09 16:31:01.636,1.59365,1.5939,2.93,1.17
2011.02.09 16:31:01.748,1.59341,1.59383,1.43,1.43
2011.02.09 16:31:02.453,1.59344,1.59388,2.03,1.43
2011.02.09 16:31:03.593,1.59334,1.59378,2.59,1.43
2011.02.09 16:31:04.439,1.59334,1.59378,2.40,1.43
2011.02.09 16:31:05.980,1.59341,1.59387,2.03,1.43
2011.02.09 16:31:11.255,1.59341,1.59381,1.43,1.17
2011.02.09 16:31:12.001,1.59333,1.59375,2.37,1.43
2011.02.09 16:31:12.227,1.5934,1.59395,1.17,2.03
2011.02.09 16:31:12.339,1.59352,1.59396,1.43,2.03
2011.02.09 16:31:12.905,1.59352,1.59396,2.03,1.43
2011.02.09 16:31:13.020,1.59339,1.59395,2.03,1.65
2011.02.09 16:31:16.445,1.59338,1.59391,2.03,1.43
2011.02.09 16:31:16.776,1.59339,1.59395,2.03,2.03
2011.02.09 16:31:21.048,1.59339,1.59395,2.10,2.03
2011.02.09 16:31:21.726,1.59346,1.59399,2.03,2.03
2011.02.09 16:31:22.646,1.59346,1.59399,2.10,2.03
2011.02.09 16:31:22.978,1.5937,1.59405,1.43,2.03
2011.02.09 16:31:23.491,1.59366,1.59403,1.43,1.43
2011.02.09 16:31:26.155,1.59353,1.59397,2.40,1.43
2011.02.09 16:31:26.268,1.59353,1.59397,2.03,2.03
2011.02.09 16:31:30.726,1.59353,1.59397,1.43,2.59
2011.02.09 16:31:30.836,1.59346,1.59387,2.03,2.03
2011.02.09 16:31:33.276,1.59354,1.59389,1.43,2.03
2011.02.09 16:31:33.387,1.59354,1.59389,1.43,1.43
2011.02.09 16:31:33.498,1.59354,1.59387,1.43,1.17
2011.02.09 16:31:33.607,1.59338,1.59373,1.43,1.43
2011.02.09 16:31:34.210,1.59347,1.59388,1.43,1.43
2011.02.09 16:31:34.436,1.59347,1.59391,2.03,2.03
2011.02.09 16:31:36.976,1.59363,1.59407,1.43,2.03
2011.02.09 16:31:37.089,1.5936,1.59401,1.43,1.43
2011.02.09 16:31:37.790,1.5936,1.59401,1.43,2.03
2011.02.09 16:31:38.337,1.59361,1.594,1.43,1.43
2011.02.09 16:31:38.927,1.59362,1.594,1.17,1.43
2011.02.09 16:31:39.036,1.59367,1.59414,1.50,2.18
2011.02.09 16:31:39.146,1.59376,1.59417,1.43,2.18
2011.02.09 16:31:39.902,1.59361,1.594,1.43,1.43
2011.02.09 16:31:41.356,1.59354,1.59389,1.43,1.43
2011.02.09 16:31:41.687,1.59354,1.59389,2.40,1.43
2011.02.09 16:31:42.262,1.59361,1.594,1.43,1.43
2011.02.09 16:31:42.374,1.5936,1.59401,1.43,2.40
2011.02.09 16:31:42.490,1.5936,1.59401,1.43,1.62
2011.02.09 16:31:43.066,1.59351,1.5939,1.43,1.43
2011.02.09 16:31:43.175,1.59344,1.59386,2.40,1.43
2011.02.09 16:31:43.285,1.59344,1.59386,1.43,1.43
2011.02.09 16:31:46.303,1.59348,1.59389,1.43,1.43
2011.02.09 16:31:46.636,1.59348,1.59388,1.43,2.10
2011.02.09 16:31:46.750,1.59344,1.59386,2.03,1.43
2011.02.09 16:31:47.420,1.59328,1.59371,2.18,1.43
2011.02.09 16:31:48.431,1.59325,1.59364,2.18,1.43
2011.02.09 16:31:48.546,1.59318,1.59361,2.33,2.03
2011.02.09 16:31:51.365,1.59318,1.59361,2.33,1.43
2011.02.09 16:31:51.476,1.59325,1.59364,2.18,1.43
2011.02.09 16:31:52.321,1.59318,1.59362,2.25,1.43
2011.02.09 16:31:53.456,1.59323,1.59362,2.18,1.43
2011.02.09 16:31:54.138,1.59324,1.59371,2.03,2.03
2011.02.09 16:31:55.660,1.59324,1.59365,2.03,1.43
2011.02.09 16:31:56.106,1.59327,1.5937,1.43,2.03
2011.02.09 16:31:56.217,1.59328,1.59371,2.03,1.43
2011.02.09 16:31:57.126,1.59328,1.59371,1.43,2.03
2011.02.09 16:31:57.236,1.59318,1.59371,2.18,2.03
2011.02.09 16:31:59.447,1.59317,1.59362,2.18,2.03
2011.02.09 16:32:01.586,1.59317,1.59362,1.43,3.90
2011.02.09 16:32:01.696,1.59311,1.5935,1.80,1.43
2011.02.09 16:32:02.278,1.59326,1.59367,2.03,1.43
2011.02.09 16:32:03.266,1.59327,1.59367,1.17,1.43
2011.02.09 16:32:03.909,1.59334,1.59377,2.03,2.03
2011.02.09 16:32:04.579,1.59341,1.5938,1.43,1.43
2011.02.09 16:32:05.186,1.59344,1.59386,1.43,2.03
2011.02.09 16:32:05.298,1.59344,1.59386,2.03,1.43
2011.02.09 16:32:05.519,1.59344,1.59372,1.43,1.35
2011.02.09 16:32:06.108,1.59327,1.59372,2.03,2.03
2011.02.09 16:32:07.913,1.59328,1.59372,1.35,2.03
2011.02.09 16:32:08.725,1.59348,1.59385,1.43,1.43
2011.02.09 16:32:08.839,1.59336,1.59377,2.03,2.03
2011.02.09 16:32:08.945,1.59336,1.59377,2.40,1.43
2011.02.09 16:32:09.055,1.59343,1.5938,1.43,1.43
2011.02.09 16:32:09.756,1.59336,1.59377,2.03,2.03
2011.02.09 16:32:10.829,1.59356,1.59381,1.43,1.32
2011.02.09 16:32:11.045,1.59329,1.59368,2.40,1.43
2011.02.09 16:32:11.540,1.59325,1.59366,2.40,1.43
2011.02.09 16:32:11.636,1.59331,1.59377,2.03,2.03
2011.02.09 16:32:11.745,1.59331,1.59377,2.03,2.03
2011.02.09 16:32:11.854,1.59331,1.5937,1.43,1.43
2011.02.09 16:32:12.076,1.59328,1.59369,1.43,1.43
2011.02.09 16:32:13.916,1.59335,1.59376,1.43,2.59
2011.02.09 16:32:15.386,1.5933,1.59371,1.43,1.43
2011.02.09 16:32:16.680,1.59324,1.59361,1.43,1.43
2011.02.09 16:32:17.798,1.5933,1.59371,1.43,1.43
2011.02.09 16:32:18.136,1.59334,1.59375,1.43,1.43
2011.02.09 16:32:19.154,1.5933,1.59371,1.43,1.43
2011.02.09 16:32:20.767,1.59324,1.59361,1.43,1.43
2011.02.09 16:32:20.984,1.59331,1.5937,1.43,1.43
2011.02.09 16:32:21.315,1.59339,1.59376,1.43,2.03
2011.02.09 16:32:21.832,1.59339,1.59376,1.43,1.43
2011.02.09 16:32:21.939,1.59331,1.5937,1.43,1.43
2011.02.09 16:32:22.046,1.59331,1.5937,1.43,2.59
2011.02.09 16:32:22.265,1.59324,1.59361,1.43,1.43
2011.02.09 16:32:22.833,1.59324,1.59361,1.43,2.03
2011.02.09 16:32:22.950,1.59325,1.5936,1.43,1.43
2011.02.09 16:32:24.164,1.5933,1.59371,1.43,2.40
2011.02.09 16:32:24.275,1.5933,1.59371,1.43,1.43
2011.02.09 16:32:24.384,1.59335,1.59376,1.43,2.03
2011.02.09 16:32:24.952,1.59335,1.59376,1.43,1.43
2011.02.09 16:32:28.267,1.59335,1.5936,1.43,1.32
2011.02.09 16:32:28.375,1.59313,1.59344,1.50,1.43
2011.02.09 16:32:29.759,1.5932,1.59358,1.43,1.43
2011.02.09 16:32:30.599,1.59319,1.59359,1.43,1.43
2011.02.09 16:32:30.706,1.59311,1.59356,1.80,2.03
2011.02.09 16:32:31.230,1.59313,1.59356,1.43,2.03
2011.02.09 16:32:32.215,1.59313,1.59356,1.43,1.43
2011.02.09 16:32:32.324,1.59317,1.59361,1.43,2.10
2011.02.09 16:32:32.683,1.59315,1.59362,1.43,2.10
2011.02.09 16:32:35.915,1.59323,1.59364,1.43,2.37
2011.02.09 16:32:36.024,1.59316,1.59362,1.43,2.18
2011.02.09 16:32:36.647,1.59315,1.59362,1.43,2.18
2011.02.09 16:32:38.644,1.59323,1.59364,1.43,2.29
2011.02.09 16:32:41.465,1.59315,1.59355,1.43,2.10
2011.02.09 16:32:43.059,1.59323,1.59364,1.43,2.10
2011.02.09 16:32:43.275,1.59323,1.59364,1.43,2.10
2011.02.09 16:32:45.174,1.59323,1.59364,1.43,2.18
2011.02.09 16:32:45.405,1.5932,1.59358,1.43,1.43
2011.02.09 16:32:46.419,1.59316,1.59353,1.43,1.43
2011.02.09 16:32:47.107,1.59307,1.59349,1.43,2.03
2011.02.09 16:32:47.214,1.593,1.59347,1.43,2.03
2011.02.09 16:32:48.925,1.59299,1.59348,2.03,2.03
2011.02.09 16:32:49.538,1.59298,1.59339,1.43,2.03
2011.02.09 16:32:50.627,1.59291,1.59334,2.25,2.03
2011.02.09 16:32:51.553,1.59297,1.59338,1.80,1.43
2011.02.09 16:32:51.668,1.59307,1.59342,1.43,1.43
2011.02.09 16:32:51.994,1.59313,1.59353,1.43,1.43
2011.02.09 16:32:54.526,1.59313,1.59353,1.43,2.40
2011.02.09 16:32:54.640,1.59306,1.59349,1.43,2.03
2011.02.09 16:32:56.515,1.59313,1.59353,1.43,2.03
2011.02.09 16:32:56.735,1.59313,1.59353,1.43,1.43
2011.02.09 16:33:00.324,1.59313,1.59353,1.43,2.03
2011.02.09 16:33:00.973,1.59312,1.59351,1.43,1.43
2011.02.09 16:33:01.088,1.59314,1.59358,1.43,2.03
2011.02.09 16:33:01.306,1.59322,1.5936,1.43,1.88
2011.02.09 16:33:03.067,1.59322,1.59351,1.43,1.32
2011.02.09 16:33:03.177,1.59301,1.59336,1.43,1.43
2011.02.09 16:33:03.818,1.59305,1.59346,1.43,1.43
2011.02.09 16:33:04.036,1.59316,1.59353,1.43,2.03
2011.02.09 16:33:06.819,1.59308,1.59347,1.62,1.43
2011.02.09 16:33:06.928,1.59306,1.59345,1.43,1.43
2011.02.09 16:33:08.671,1.59306,1.59345,1.43,2.03
2011.02.09 16:33:08.896,1.59301,1.5934,1.43,1.43
2011.02.09 16:33:09.688,1.59301,1.5934,1.50,1.43
2011.02.09 16:33:09.795,1.59301,1.5934,1.43,1.43
2011.02.09 16:33:09.906,1.59306,1.59345,1.43,1.43
2011.02.09 16:33:11.171,1.5931,1.59351,1.43,2.03
2011.02.09 16:33:11.396,1.59306,1.59345,1.43,1.43
2011.02.09 16:33:12.020,1.59301,1.59336,1.43,1.43
2011.02.09 16:33:12.126,1.59306,1.59345,1.43,1.43
2011.02.09 16:33:12.565,1.59311,1.59345,1.50,1.43
2011.02.09 16:33:13.074,1.59316,1.59355,1.43,1.43
2011.02.09 16:33:14.756,1.59316,1.59354,1.43,1.17
2011.02.09 16:33:14.976,1.59311,1.59346,1.43,1.43
2011.02.09 16:33:15.086,1.59316,1.59355,1.43,2.40
2011.02.09 16:33:15.194,1.59316,1.59355,1.43,1.43
2011.02.09 16:33:15.916,1.59318,1.59359,1.43,2.03
2011.02.09 16:33:16.554,1.59318,1.59359,1.43,2.22
2011.02.09 16:33:17.075,1.59314,1.59349,1.43,1.43
2011.02.09 16:33:17.191,1.59319,1.59358,1.43,1.43
2011.02.09 16:33:17.474,1.59315,1.59356,1.43,1.43
2011.02.09 16:33:18.329,1.59321,1.5936,1.43,1.43
2011.02.09 16:33:18.894,1.5932,1.59361,1.43,2.03
2011.02.09 16:33:19.825,1.5932,1.59361,1.62,1.43
2011.02.09 16:33:19.936,1.59325,1.59366,1.43,1.43
2011.02.09 16:33:20.727,1.59319,1.59362,3.49,1.43
2011.02.09 16:33:21.055,1.59324,1.59361,1.50,1.43
2011.02.09 16:33:21.164,1.5932,1.59361,1.62,1.43
2011.02.09 16:33:21.907,1.59307,1.59347,1.50,1.43
2011.02.09 16:33:22.235,1.59303,1.59342,1.69,1.43
2011.02.09 16:33:22.710,1.59304,1.59357,2.29,2.25
2011.02.09 16:33:23.202,1.59307,1.59348,1.43,1.43
2011.02.09 16:33:23.317,1.59307,1.59358,2.10,2.25
2011.02.09 16:33:23.854,1.59307,1.59358,2.25,2.25
2011.02.09 16:33:24.678,1.59307,1.59358,2.25,2.25
2011.02.09 16:33:24.792,1.59306,1.59354,1.13,1.20
2011.02.09 16:33:25.480,1.59313,1.59355,2.10,1.43
2011.02.09 16:33:25.585,1.59303,1.59348,3.90,1.43
2011.02.09 16:33:26.188,1.59309,1.59351,2.03,1.43
2011.02.09 16:33:26.975,1.59308,1.59352,2.03,1.43
2011.02.09 16:33:27.319,1.59313,1.59352,1.43,1.43
2011.02.09 16:33:28.785,1.59313,1.59352,2.03,1.43
2011.02.09 16:33:28.895,1.59314,1.59361,2.03,2.03
2011.02.09 16:33:30.294,1.59309,1.59359,2.03,1.17
2011.02.09 16:33:30.385,1.59306,1.59345,2.40,1.43
2011.02.09 16:33:30.496,1.59309,1.59351,1.43,2.03
2011.02.09 16:33:31.047,1.59309,1.59351,2.03,1.43
2011.02.09 16:33:34.237,1.5931,1.59353,1.43,1.43
2011.02.09 16:33:36.035,1.5931,1.59353,1.58,1.43
2011.02.09 16:33:36.148,1.5931,1.59353,1.43,1.43
2011.02.09 16:33:38.526,1.5931,1.59353,2.40,1.43
2011.02.09 16:33:38.748,1.59318,1.59357,1.43,1.43
2011.02.09 16:33:40.035,1.59319,1.59361,1.43,1.43
2011.02.09 16:33:40.254,1.59319,1.59361,2.03,1.43
2011.02.09 16:33:40.836,1.59321,1.59363,2.03,1.43
2011.02.09 16:33:41.344,1.59325,1.59366,1.43,2.03
2011.02.09 16:33:41.454,1.59325,1.59366,1.43,1.43
2011.02.09 16:33:42.265,1.59325,1.59366,1.43,2.37
2011.02.09 16:33:42.754,1.59325,1.59355,1.43,2.10
2011.02.09 16:33:42.868,1.59305,1.59346,1.43,1.43
2011.02.09 16:33:46.026,1.59305,1.59345,1.43,1.17
2011.02.09 16:33:46.137,1.593,1.59337,1.43,1.43
2011.02.09 16:33:47.132,1.59306,1.59345,1.43,1.43
2011.02.09 16:33:47.685,1.59306,1.59344,1.43,1.17
2011.02.09 16:33:47.795,1.59301,1.59336,1.43,1.43
2011.02.09 16:33:49.013,1.59306,1.59345,1.43,2.40
2011.02.09 16:33:49.129,1.59306,1.59345,1.43,1.43
2011.02.09 16:33:50.394,1.59306,1.59345,2.40,1.43
2011.02.09 16:33:51.007,1.59306,1.59343,1.43,1.17
2011.02.09 16:33:51.117,1.59301,1.59336,1.43,1.43
2011.02.09 16:33:52.376,1.59301,1.59336,2.03,1.43
2011.02.09 16:33:52.485,1.59302,1.59343,2.03,2.22
2011.02.09 16:33:52.596,1.59302,1.59343,1.43,2.22
2011.02.09 16:33:52.925,1.593,1.59337,1.43,1.43
2011.02.09 16:33:53.825,1.59306,1.59345,1.43,2.40
2011.02.09 16:33:53.935,1.59306,1.59345,1.43,1.43
2011.02.09 16:33:56.046,1.59306,1.59345,1.43,2.18
2011.02.09 16:33:56.266,1.5928,1.59316,1.88,1.43
2011.02.09 16:33:56.744,1.59295,1.59327,1.43,2.48
2011.02.09 16:33:56.857,1.593,1.59337,1.43,1.43
2011.02.09 16:33:58.536,1.59299,1.59331,1.50,1.43
2011.02.09 16:33:58.644,1.59312,1.59347,1.43,1.43
2011.02.09 16:33:59.347,1.59305,1.59342,1.50,1.43
2011.02.09 16:33:59.458,1.593,1.59341,1.43,2.03
2011.02.09 16:34:01.574,1.593,1.59337,1.43,1.54
2011.02.09 16:34:01.685,1.59282,1.59334,1.43,2.37
2011.02.09 16:34:01.794,1.5928,1.59327,1.50,1.32
2011.02.09 16:34:02.102,1.5928,1.59316,1.50,2.03
2011.02.09 16:34:02.214,1.59273,1.59316,1.80,2.03
2011.02.09 16:34:05.198,1.5927,1.5931,2.18,2.03
2011.02.09 16:34:05.416,1.59272,1.59317,2.18,2.22
2011.02.09 16:34:05.744,1.59272,1.59317,2.18,2.22
2011.02.09 16:34:06.572,1.59272,1.59312,2.18,1.43
2011.02.09 16:34:06.679,1.5928,1.59317,1.43,1.43
2011.02.09 16:34:10.496,1.5928,1.59317,2.03,1.43
2011.02.09 16:34:10.604,1.59288,1.59327,1.43,1.43
2011.02.09 16:34:11.724,1.59288,1.59322,1.43,1.17
2011.02.09 16:34:11.839,1.59273,1.59311,1.43,1.43
2011.02.09 16:34:12.435,1.59276,1.59311,1.50,1.43
2011.02.09 16:34:12.978,1.59277,1.59317,1.43,2.03
2011.02.09 16:34:16.247,1.5928,1.5932,1.43,2.03
2011.02.09 16:34:16.356,1.5928,1.5932,1.43,2.03
2011.02.09 16:34:16.574,1.5928,1.5932,1.43,2.22
2011.02.09 16:34:16.685,1.59275,1.59315,1.43,1.43
2011.02.09 16:34:18.912,1.59275,1.59315,2.18,1.43
2011.02.09 16:34:19.247,1.59301,1.59338,1.43,1.62
2011.02.09 16:34:19.926,1.59302,1.59337,1.43,1.43
2011.02.09 16:34:20.035,1.59291,1.5933,2.40,1.43
2011.02.09 16:34:20.145,1.59291,1.5933,1.43,1.43
2011.02.09 16:34:20.255,1.59296,1.59335,1.43,1.43
2011.02.09 16:34:22.017,1.59289,1.59332,1.43,2.03
2011.02.09 16:34:27.477,1.59289,1.59332,1.43,2.40
2011.02.09 16:34:27.585,1.59287,1.59326,1.43,1.43
2011.02.09 16:34:30.385,1.59287,1.59326,1.50,1.43
2011.02.09 16:34:31.144,1.59288,1.59327,1.50,1.43
2011.02.09 16:34:34.537,1.5929,1.59332,1.43,2.03
2011.02.09 16:34:34.996,1.59295,1.59336,1.43,2.22
2011.02.09 16:34:37.977,1.59295,1.59336,1.43,2.97
2011.02.09 16:34:38.196,1.59283,1.59334,1.50,1.62
2011.02.09 16:34:38.808,1.59282,1.59334,1.58,1.62
2011.02.09 16:34:40.306,1.59288,1.59334,1.50,1.43
2011.02.09 16:34:40.692,1.59295,1.59336,1.43,1.43
2011.02.09 16:34:42.354,1.59291,1.5933,2.03,1.43
2011.02.09 16:34:42.465,1.59291,1.5933,1.43,1.43
2011.02.09 16:34:43.407,1.59295,1.59336,1.43,1.43
2011.02.09 16:34:51.356,1.59296,1.59335,1.43,1.43
2011.02.09 16:34:52.426,1.59294,1.59326,1.17,1.43
2011.02.09 16:34:52.537,1.59291,1.59326,1.43,1.43
2011.02.09 16:34:52.646,1.59296,1.59335,1.43,1.43
2011.02.09 16:34:54.326,1.59306,1.59343,1.43,2.40
2011.02.09 16:34:54.436,1.59306,1.59343,1.43,1.80
2011.02.09 16:34:54.546,1.59291,1.59326,1.43,1.43
2011.02.09 16:34:55.396,1.59295,1.59336,1.43,1.43
2011.02.09 16:34:57.327,1.59295,1.59336,1.43,1.62
2011.02.09 16:34:57.437,1.59281,1.59335,2.18,2.22
2011.02.09 16:34:57.545,1.59281,1.59335,2.33,2.22
2011.02.09 16:34:58.186,1.59284,1.59341,1.43,2.59
2011.02.09 16:34:58.294,1.59284,1.59341,2.03,2.22
2011.02.09 16:34:59.346,1.59284,1.59341,2.18,2.03
2011.02.09 16:35:00.745,1.59284,1.59336,2.18,1.50
2011.02.09 16:35:01.084,1.59305,1.59346,1.43,1.43
2011.02.09 16:35:01.879,1.59291,1.59344,1.43,1.43
2011.02.09 16:35:03.029,1.59298,1.59348,1.50,1.58
2011.02.09 16:35:03.357,1.59295,1.59334,1.43,1.43
2011.02.09 16:35:03.942,1.59297,1.59346,1.43,1.17
2011.02.09 16:35:04.059,1.59297,1.59348,1.43,1.58
2011.02.09 16:35:04.276,1.59294,1.59335,2.03,1.43
2011.02.09 16:35:04.605,1.59296,1.59349,2.03,2.18
2011.02.09 16:35:05.746,1.59296,1.59349,2.03,2.03
2011.02.09 16:35:06.905,1.59296,1.59349,2.10,2.22
2011.02.09 16:35:07.234,1.59294,1.59335,2.03,1.43
2011.02.09 16:35:08.028,1.59297,1.59348,1.62,1.50
2011.02.09 16:35:08.934,1.5931,1.59351,1.43,2.22
2011.02.09 16:35:09.517,1.5931,1.59351,1.43,1.43
2011.02.09 16:35:18.858,1.59316,1.59355,2.03,1.43
2011.02.09 16:35:18.964,1.59316,1.59355,1.43,1.43
2011.02.09 16:35:20.265,1.59318,1.59362,2.03,1.43
2011.02.09 16:35:20.374,1.59321,1.59362,1.50,1.43
2011.02.09 16:35:20.705,1.59316,1.59356,1.50,1.43
2011.02.09 16:35:21.635,1.59313,1.59352,2.03,1.43
2011.02.09 16:35:21.965,1.59318,1.59357,1.43,1.43
2011.02.09 16:35:22.185,1.59321,1.59363,2.03,1.43
2011.02.09 16:35:23.594,1.5932,1.59362,2.10,1.43
2011.02.09 16:35:23.814,1.59327,1.59366,1.43,2.03
2011.02.09 16:35:24.465,1.59327,1.59366,1.43,1.43
2011.02.09 16:35:26.946,1.59325,1.59366,1.43,1.43
2011.02.09 16:35:32.615,1.5933,1.59369,1.43,1.43
2011.02.09 16:35:33.239,1.5933,1.59367,1.43,1.43
2011.02.09 16:35:33.455,1.59322,1.59363,2.03,2.03
2011.02.09 16:35:34.078,1.59329,1.59371,2.03,1.43
2011.02.09 16:35:35.477,1.59323,1.59362,2.03,1.43
2011.02.09 16:35:37.685,1.59324,1.59362,1.43,1.43
2011.02.09 16:35:38.447,1.59332,1.59367,1.43,1.43
2011.02.09 16:35:38.667,1.59326,1.59363,2.03,1.43
2011.02.09 16:35:38.775,1.59332,1.59365,1.43,1.50
2011.02.09 16:35:39.486,1.59313,1.59354,1.43,1.43
2011.02.09 16:35:39.594,1.59314,1.59357,2.03,2.03
2011.02.09 16:35:39.705,1.59314,1.59357,2.03,2.22
2011.02.09 16:35:40.034,1.59309,1.59348,1.43,1.43
2011.02.09 16:35:42.356,1.59306,1.59341,1.43,1.43
2011.02.09 16:35:42.685,1.59297,1.59332,2.18,1.43
2011.02.09 16:35:42.794,1.59297,1.59338,2.18,2.03
2011.02.09 16:35:43.396,1.59297,1.59338,2.18,2.03
2011.02.09 16:35:44.176,1.59302,1.59347,1.80,2.03
2011.02.09 16:35:44.818,1.59303,1.59347,1.17,1.43
2011.02.09 16:35:44.925,1.59312,1.59353,2.03,1.43
2011.02.09 16:35:45.475,1.59318,1.59362,2.03,1.43
2011.02.09 16:35:47.785,1.59316,1.59355,2.03,1.43
2011.02.09 16:35:48.329,1.59316,1.59351,1.43,1.43
2011.02.09 16:35:48.437,1.59299,1.59348,2.22,2.03
2011.02.09 16:35:48.545,1.59308,1.59349,1.43,2.03
2011.02.09 16:35:48.656,1.59308,1.59349,2.03,2.03
2011.02.09 16:35:49.595,1.59306,1.59343,1.43,1.43
2011.02.09 16:35:49.815,1.59296,1.59336,1.50,1.43
2011.02.09 16:35:50.547,1.59281,1.5932,4.69,1.43
2011.02.09 16:35:50.656,1.59291,1.59326,1.80,1.43
2011.02.09 16:35:51.095,1.59296,1.59335,1.43,1.43
2011.02.09 16:35:51.988,1.59299,1.59342,2.22,2.03
2011.02.09 16:35:52.207,1.59306,1.59327,1.43,2.44
2011.02.09 16:35:52.844,1.59278,1.59314,2.25,1.43
2011.02.09 16:35:52.960,1.59284,1.59321,2.18,1.43
2011.02.09 16:35:53.066,1.59288,1.59327,2.18,1.43
2011.02.09 16:35:54.086,1.59289,1.59327,1.73,1.43
2011.02.09 16:35:55.144,1.59287,1.59328,2.03,2.03
2011.02.09 16:35:55.879,1.59292,1.59337,1.43,2.40
2011.02.09 16:35:55.987,1.59292,1.59337,2.03,2.03
2011.02.09 16:35:58.735,1.59302,1.59343,1.43,2.40
2011.02.09 16:35:59.340,1.59302,1.59343,2.03,1.43
2011.02.09 16:36:00.577,1.59301,1.59336,1.43,1.43
2011.02.09 16:36:01.829,1.59301,1.59336,1.43,2.03
2011.02.09 16:36:01.938,1.5929,1.59329,2.93,1.43
2011.02.09 16:36:03.292,1.59301,1.59336,1.43,1.43
2011.02.09 16:36:05.759,1.59292,1.59337,2.03,2.03
2011.02.09 16:36:08.098,1.59289,1.5933,1.43,1.43
2011.02.09 16:36:08.535,1.59289,1.5933,1.62,1.43
2011.02.09 16:36:09.368,1.59301,1.59336,1.43,1.43
2011.02.09 16:36:09.937,1.59301,1.59336,2.37,1.43
2011.02.09 16:36:10.517,1.59306,1.59345,1.43,1.43
2011.02.09 16:36:12.102,1.59306,1.59345,1.43,2.03
2011.02.09 16:36:12.435,1.59301,1.5934,1.43,1.43
2011.02.09 16:36:12.547,1.59306,1.59347,1.43,2.03
2011.02.09 16:36:13.089,1.59301,1.59336,1.43,1.43
2011.02.09 16:36:13.188,1.59309,1.59351,2.03,1.43
2011.02.09 16:36:15.360,1.59306,1.59345,1.43,1.43
2011.02.09 16:36:43.448,1.59306,1.59345,2.03,1.43
2011.02.09 16:36:43.555,1.59305,1.59346,1.43,1.43
2011.02.09 16:36:46.519,1.59309,1.59346,1.17,1.43
2011.02.09 16:36:47.098,1.59316,1.59353,1.43,1.43
2011.02.09 16:36:49.587,1.59311,1.59348,1.43,1.43
2011.02.09 16:36:49.916,1.59316,1.59353,1.43,1.80
2011.02.09 16:36:50.245,1.59301,1.59336,1.43,1.43
2011.02.09 16:36:50.983,1.59303,1.59338,2.03,1.43
2011.02.09 16:36:51.317,1.59306,1.59341,1.43,1.43
2011.02.09 16:36:51.846,1.593,1.59337,1.62,1.43
2011.02.09 16:36:51.958,1.59306,1.59345,1.43,1.43
2011.02.09 16:36:55.182,1.59306,1.59345,1.50,1.43
2011.02.09 16:36:55.209,1.59306,1.59345,1.43,1.43
2011.02.09 16:36:59.145,1.59306,1.59347,1.43,1.43
2011.02.09 16:37:01.537,1.5931,1.59351,1.43,1.43
2011.02.09 16:37:04.322,1.59307,1.59346,2.18,1.43
2011.02.09 16:37:04.441,1.5931,1.59351,1.43,1.43
2011.02.09 16:37:04.556,1.59307,1.59347,2.10,1.43
2011.02.09 16:37:04.667,1.59306,1.59347,1.43,1.43
2011.02.09 16:37:05.561,1.59311,1.5935,1.43,1.43
2011.02.09 16:37:05.787,1.59315,1.59364,1.50,1.43
2011.02.09 16:37:08.586,1.59315,1.59364,1.58,1.43
2011.02.09 16:37:08.695,1.59315,1.59364,1.50,1.62
2011.02.09 16:37:08.804,1.59308,1.5936,1.80,2.03
2011.02.09 16:37:09.809,1.59308,1.5936,1.65,2.03
2011.02.09 16:37:10.476,1.59321,1.59362,1.43,1.43
2011.02.09 16:37:10.915,1.59317,1.59352,1.50,1.43
2011.02.09 16:37:11.595,1.59322,1.59361,1.43,1.43
2011.02.09 16:37:11.704,1.59322,1.59361,1.62,1.43
2011.02.09 16:37:12.035,1.59333,1.59368,1.43,2.59
2011.02.09 16:37:12.145,1.59321,1.59362,1.43,1.43
2011.02.09 16:37:13.055,1.59333,1.59368,1.43,2.40
2011.02.09 16:37:13.165,1.59333,1.59368,1.43,1.43
2011.02.09 16:37:13.275,1.59322,1.59361,2.40,1.43
2011.02.09 16:37:13.385,1.59322,1.59361,1.43,1.43
2011.02.09 16:37:14.119,1.59325,1.59361,1.17,1.43
2011.02.09 16:37:14.445,1.59316,1.59353,2.78,1.43
2011.02.09 16:37:14.948,1.59316,1.59353,1.43,1.43
2011.02.09 16:37:15.166,1.59306,1.59345,1.58,1.43
2011.02.09 16:37:16.116,1.59306,1.59345,1.43,1.43
2011.02.09 16:37:16.335,1.5931,1.59351,1.43,2.03
2011.02.09 16:37:16.445,1.5931,1.59351,1.43,1.43
2011.02.09 16:37:17.879,1.5931,1.59351,1.58,1.43
2011.02.09 16:37:18.059,1.5931,1.59351,1.43,1.43
2011.02.09 16:37:18.386,1.59306,1.59345,1.58,1.43
2011.02.09 16:37:23.119,1.59311,1.5935,1.43,1.43
2011.02.09 16:37:23.335,1.59306,1.59345,1.50,1.43
2011.02.09 16:37:24.405,1.59306,1.59345,1.58,1.43
2011.02.09 16:37:24.735,1.59316,1.59353,1.43,1.43
2011.02.09 16:37:25.285,1.59316,1.59353,2.22,1.43
2011.02.09 16:37:25.867,1.59322,1.59361,1.43,1.43
2011.02.09 16:37:28.415,1.59317,1.59352,1.50,1.43
2011.02.09 16:37:28.745,1.59321,1.59362,1.43,1.43
2011.02.09 16:37:30.275,1.59321,1.59361,1.43,1.17
2011.02.09 16:37:30.385,1.59317,1.59352,1.43,1.43
2011.02.09 16:37:30.714,1.59322,1.59361,1.43,1.43
2011.02.09 16:37:37.055,1.59317,1.59352,1.43,1.43
2011.02.09 16:37:37.277,1.59321,1.59362,1.43,1.43
2011.02.09 16:37:38.266,1.59321,1.59362,1.62,1.43
2011.02.09 16:37:38.374,1.59327,1.59366,1.43,1.43
2011.02.09 16:37:38.705,1.59311,1.59348,1.43,1.43
2011.02.09 16:37:39.422,1.59311,1.59348,1.62,1.43
2011.02.09 16:37:40.006,1.59328,1.59363,1.43,2.40
2011.02.09 16:37:40.227,1.59328,1.59363,1.43,1.43
2011.02.09 16:37:40.781,1.59317,1.59356,2.40,1.43
2011.02.09 16:37:40.887,1.59317,1.59356,1.43,1.43
2011.02.09 16:37:41.864,1.59313,1.59348,1.80,1.43
2011.02.09 16:37:41.969,1.59317,1.59354,1.43,1.43
2011.02.09 16:37:42.295,1.59317,1.59354,1.43,1.62
2011.02.09 16:37:42.867,1.59309,1.59358,2.40,1.54
2011.02.09 16:37:42.978,1.59309,1.5936,1.80,1.43
2011.02.09 16:37:44.648,1.59321,1.59362,1.43,1.43
2011.02.09 16:37:45.885,1.59317,1.59352,2.03,1.43
2011.02.09 16:37:45.995,1.59317,1.59352,1.43,1.43
2011.02.09 16:37:47.835,1.59317,1.59352,1.43,2.40
2011.02.09 16:37:47.944,1.59305,1.59346,2.18,1.43
2011.02.09 16:37:49.634,1.59308,1.59346,1.17,1.43
2011.02.09 16:37:50.236,1.59317,1.59352,1.43,1.43
2011.02.09 16:37:51.321,1.59316,1.59353,1.43,1.43
2011.02.09 16:37:53.180,1.59318,1.59353,1.43,1.43
2011.02.09 16:37:53.395,1.59307,1.59346,1.50,1.43
2011.02.09 16:37:59.747,1.59307,1.59346,1.62,1.43
2011.02.09 16:37:59.965,1.59318,1.59353,1.43,1.43
2011.02.09 16:38:00.647,1.59306,1.59347,1.43,1.43
2011.02.09 16:38:02.199,1.59307,1.59346,1.43,1.43
2011.02.09 16:38:03.456,1.59305,1.59346,1.43,1.43
2011.02.09 16:38:03.567,1.59301,1.5934,1.43,1.43
2011.02.09 16:38:04.888,1.59301,1.5934,1.58,1.43
2011.02.09 16:38:06.700,1.59301,1.5934,3.27,1.43
2011.02.09 16:38:07.025,1.59312,1.59347,1.43,1.43
2011.02.09 16:38:11.466,1.59322,1.59355,1.43,1.17
2011.02.09 16:38:11.575,1.59322,1.59357,1.43,1.43
2011.02.09 16:38:11.798,1.59322,1.59357,1.43,2.59
2011.02.09 16:38:11.907,1.59311,1.5935,1.43,1.43
2011.02.09 16:38:13.515,1.59305,1.59342,2.03,1.43
2011.02.09 16:38:13.626,1.59305,1.59342,1.43,1.43
2011.02.09 16:38:14.131,1.59311,1.59349,1.43,1.17
2011.02.09 16:38:14.249,1.59311,1.5935,1.43,1.43
2011.02.09 16:38:22.615,1.59312,1.59353,1.43,1.43
2011.02.09 16:38:23.308,1.59318,1.59359,1.43,1.43
2011.02.09 16:38:23.635,1.59312,1.59353,2.40,1.43
2011.02.09 16:38:23.745,1.59312,1.59353,2.03,1.43
2011.02.09 16:38:24.337,1.5932,1.59355,1.43,2.03
2011.02.09 16:38:25.352,1.5932,1.59357,1.43,1.43
2011.02.09 16:38:26.381,1.59319,1.59356,1.43,1.43
2011.02.09 16:38:26.499,1.59318,1.59362,2.03,2.22
2011.02.09 16:38:26.606,1.59313,1.59352,2.40,1.43
2011.02.09 16:38:26.716,1.59313,1.59352,2.03,1.43
2011.02.09 16:38:26.826,1.59318,1.59362,1.43,2.40
2011.02.09 16:38:26.935,1.59318,1.59362,2.03,1.43
2011.02.09 16:38:27.949,1.59316,1.59355,1.43,1.43
2011.02.09 16:38:28.275,1.59316,1.59355,2.03,1.43
2011.02.09 16:38:28.386,1.59319,1.5936,1.43,1.43
2011.02.09 16:38:28.495,1.59315,1.59356,1.43,1.43
2011.02.09 16:38:29.218,1.59311,1.59346,1.43,1.43
2011.02.09 16:38:32.045,1.59308,1.59345,1.43,1.43
2011.02.09 16:38:34.858,1.5931,1.59347,1.43,1.43
2011.02.09 16:38:39.515,1.59308,1.59345,1.43,1.43
2011.02.09 16:38:41.694,1.5931,1.59347,1.43,1.43
2011.02.09 16:38:42.904,1.59315,1.59354,1.43,1.17
2011.02.09 16:38:43.020,1.59315,1.59356,1.43,1.43
2011.02.09 16:38:43.126,1.59314,1.59353,1.43,1.43
2011.02.09 16:38:44.605,1.59306,1.59345,1.43,1.43
2011.02.09 16:38:45.084,1.59301,1.5934,2.03,1.43
2011.02.09 16:38:45.662,1.59301,1.5934,1.43,1.43
2011.02.09 16:38:45.778,1.59305,1.59346,1.43,1.43
2011.02.09 16:38:47.248,1.59303,1.59342,1.43,1.43
2011.02.09 16:38:47.355,1.59305,1.59346,1.43,1.43
2011.02.09 16:38:48.658,1.59306,1.59345,1.43,1.43
2011.02.09 16:38:48.874,1.59309,1.59348,1.43,1.43
2011.02.09 16:38:50.116,1.59305,1.59346,1.43,1.43
2011.02.09 16:38:56.125,1.59305,1.59346,1.43,2.03
2011.02.09 16:38:56.820,1.59301,1.5934,1.43,1.62
2011.02.09 16:38:57.036,1.59291,1.59333,2.03,2.03
2011.02.09 16:38:59.814,1.59291,1.59333,1.43,2.40
2011.02.09 16:39:00.035,1.59291,1.59333,2.03,2.03
2011.02.09 16:39:00.147,1.59302,1.59339,1.43,1.50
2011.02.09 16:39:00.804,1.59289,1.59332,2.40,1.43
2011.02.09 16:39:00.919,1.59289,1.59332,2.40,1.43
2011.02.09 16:39:01.377,1.59291,1.59333,1.43,1.43
2011.02.09 16:39:02.365,1.59286,1.59327,1.80,1.43
2011.02.09 16:39:03.750,1.59285,1.59326,1.80,2.03
2011.02.09 16:39:04.435,1.59285,1.59326,2.18,1.43
2011.02.09 16:39:05.219,1.59286,1.59327,2.03,1.43
2011.02.09 16:39:06.409,1.59286,1.59325,2.03,1.43
2011.02.09 16:39:08.416,1.59286,1.59323,1.43,1.43
2011.02.09 16:39:10.537,1.59272,1.5931,2.03,1.43
2011.02.09 16:39:10.866,1.59278,1.59322,2.03,2.10
2011.02.09 16:39:11.085,1.59286,1.59325,1.43,2.03
2011.02.09 16:39:11.685,1.59286,1.59325,1.43,1.43
2011.02.09 16:39:12.882,1.59284,1.59323,1.43,1.43
2011.02.09 16:39:14.006,1.59279,1.5932,1.43,1.43
2011.02.09 16:39:14.425,1.59277,1.5932,1.43,1.43
2011.02.09 16:39:16.004,1.59278,1.59321,1.43,2.03
2011.02.09 16:39:16.836,1.59283,1.59324,1.43,2.03
2011.02.09 16:39:16.945,1.59283,1.59324,1.43,1.43
2011.02.09 16:39:18.038,1.5928,1.59315,2.03,1.43
2011.02.09 16:39:18.149,1.59278,1.59315,1.43,1.43
2011.02.09 16:39:18.365,1.59283,1.59324,1.43,2.40
2011.02.09 16:39:18.918,1.59285,1.59324,1.43,1.43
2011.02.09 16:39:23.852,1.59285,1.59324,2.03,1.43
2011.02.09 16:39:23.967,1.5929,1.59331,1.43,1.43
2011.02.09 16:39:25.075,1.5929,1.59331,1.43,2.03
2011.02.09 16:39:25.675,1.59285,1.59324,1.43,1.43
2011.02.09 16:39:28.245,1.59285,1.59324,1.62,1.43
2011.02.09 16:39:33.835,1.5928,1.59315,1.43,1.43
2011.02.09 16:39:34.548,1.59291,1.5933,1.43,2.03
2011.02.09 16:39:34.654,1.59285,1.59324,1.43,1.43
2011.02.09 16:39:35.954,1.59289,1.59333,1.43,1.24
2011.02.09 16:39:36.286,1.59283,1.5932,2.22,1.43
2011.02.09 16:39:37.004,1.59289,1.59324,1.43,1.43
2011.02.09 16:39:37.666,1.59283,1.5932,1.43,1.43
2011.02.09 16:39:37.776,1.59283,1.5932,2.03,1.43
2011.02.09 16:39:38.377,1.59289,1.59324,1.43,1.43
2011.02.09 16:39:40.616,1.59285,1.5932,2.10,1.43
2011.02.09 16:39:40.946,1.59289,1.59324,1.43,1.43
2011.02.09 16:39:42.536,1.59289,1.59324,2.22,1.43
2011.02.09 16:39:42.645,1.59293,1.59334,1.43,1.43
2011.02.09 16:39:44.716,1.59293,1.59334,1.43,1.62
2011.02.09 16:39:44.936,1.59289,1.59324,1.43,1.43
2011.02.09 16:39:49.576,1.59289,1.59324,1.62,1.43
2011.02.09 16:39:49.685,1.59293,1.59334,1.43,1.43
2011.02.09 16:39:55.846,1.59293,1.59334,1.43,2.59
2011.02.09 16:39:56.447,1.59294,1.59333,1.43,1.43
2011.02.09 16:39:57.037,1.59298,1.59333,1.50,1.43
2011.02.09 16:39:57.618,1.59304,1.59341,1.43,2.03
2011.02.09 16:39:57.729,1.593,1.59335,1.43,1.43
2011.02.09 16:39:58.984,1.593,1.59335,1.43,2.03
2011.02.09 16:39:59.099,1.59299,1.59336,1.43,1.43
2011.02.09 16:39:59.576,1.59288,1.59329,2.40,1.43
2011.02.09 16:39:59.685,1.59288,1.59329,1.43,1.43
2011.02.09 16:40:00.585,1.59293,1.59334,1.43,2.03
2011.02.09 16:40:00.698,1.59293,1.59334,1.43,1.43
2011.02.09 16:40:00.807,1.59298,1.59339,1.43,2.03
2011.02.09 16:40:00.916,1.59298,1.59339,1.43,1.43
2011.02.09 16:40:01.469,1.59298,1.59339,1.43,2.37
2011.02.09 16:40:01.579,1.59281,1.59322,1.80,1.43
2011.02.09 16:40:03.504,1.59276,1.59321,2.18,1.43
2011.02.09 16:40:08.904,1.59281,1.59322,1.80,1.43
2011.02.09 16:40:10.296,1.59281,1.59322,1.80,1.43
2011.02.09 16:40:10.405,1.59278,1.5932,2.25,1.43
2011.02.09 16:40:11.095,1.59284,1.59323,1.80,1.43
2011.02.09 16:40:13.807,1.59286,1.59323,1.17,1.43
2011.02.09 16:40:13.916,1.59294,1.59331,1.43,1.43
2011.02.09 16:40:15.505,1.59294,1.59331,1.43,2.22
2011.02.09 16:40:16.005,1.59285,1.59324,1.50,1.43
2011.02.09 16:40:16.120,1.59294,1.59331,1.43,2.03
2011.02.09 16:40:16.445,1.59305,1.5934,1.43,1.43
2011.02.09 16:40:17.885,1.59293,1.59334,1.43,1.43
2011.02.09 16:40:17.995,1.59295,1.59334,1.50,1.62
2011.02.09 16:40:18.768,1.59283,1.59322,1.50,1.43
2011.02.09 16:40:19.926,1.59283,1.59322,1.88,1.43
2011.02.09 16:40:20.036,1.59284,1.59322,1.32,1.43
2011.02.09 16:40:20.146,1.59288,1.5933,3.12,1.43
2011.02.09 16:40:23.186,1.59288,1.5933,3.19,1.43
2011.02.09 16:40:23.296,1.59288,1.5933,3.12,1.43
2011.02.09 16:40:24.107,1.59288,1.59326,1.43,1.43
2011.02.09 16:40:24.326,1.59293,1.59335,1.62,1.43
2011.02.09 16:40:25.079,1.59288,1.59326,1.43,1.43
2011.02.09 16:40:25.947,1.59288,1.59326,1.62,1.43
2011.02.09 16:40:26.587,1.59292,1.59332,2.10,1.43
2011.02.09 16:40:30.553,1.59282,1.59323,4.28,1.20
2011.02.09 16:40:30.673,1.59277,1.59316,1.88,1.43
2011.02.09 16:40:32.235,1.59277,1.59316,2.07,1.43
2011.02.09 16:40:32.455,1.59282,1.59321,1.50,1.43
2011.02.09 16:40:33.126,1.59287,1.59325,1.43,2.25
2011.02.09 16:40:33.476,1.59287,1.59325,1.62,1.43
2011.02.09 16:40:33.586,1.59291,1.59331,1.62,1.43
2011.02.09 16:40:34.026,1.59286,1.59326,2.44,1.43
2011.02.09 16:40:34.697,1.59286,1.59326,1.77,1.43
2011.02.09 16:40:34.798,1.59286,1.59326,1.62,1.43
2011.02.09 16:40:35.825,1.59286,1.59318,1.50,1.43
2011.02.09 16:40:36.823,1.59277,1.59319,1.84,1.43
2011.02.09 16:40:38.276,1.59276,1.59319,1.77,2.25
2011.02.09 16:40:38.604,1.59273,1.59313,1.47,1.43
2011.02.09 16:40:39.296,1.59277,1.59318,3.19,1.43
2011.02.09 16:40:43.229,1.59302,1.59333,1.62,1.20
2011.02.09 16:40:43.445,1.59286,1.59326,2.29,1.43
2011.02.09 16:40:44.168,1.59279,1.59318,1.69,1.43
2011.02.09 16:40:44.725,1.59277,1.59318,7.80,1.43
2011.02.09 16:40:44.945,1.59277,1.59318,3.27,1.43
2011.02.09 16:40:46.087,1.59277,1.59318,1.50,1.43
2011.02.09 16:40:46.197,1.59277,1.59315,1.43,1.02
2011.02.09 16:40:46.525,1.5926,1.59303,9.08,1.43
2011.02.09 16:40:47.210,1.59262,1.59303,1.13,1.43
2011.02.09 16:40:47.315,1.59267,1.59308,2.18,1.43
2011.02.09 16:40:48.825,1.59265,1.59308,1.80,2.25
2011.02.09 16:40:48.937,1.59264,1.59305,1.95,1.43
2011.02.09 16:40:49.522,1.59262,1.5929,1.09,1.43
2011.02.09 16:40:50.066,1.59253,1.59292,1.09,1.43
2011.02.09 16:40:50.687,1.59253,1.59295,1.02,1.43
2011.02.09 16:40:51.678,1.59253,1.59295,1.02,1.43
2011.02.09 16:40:52.378,1.59253,1.59294,4.58,1.43
2011.02.09 16:40:52.596,1.59247,1.59286,1.58,1.43
2011.02.09 16:40:52.815,1.59247,1.59286,1.69,1.43
2011.02.09 16:40:52.925,1.59252,1.59295,1.50,2.63
2011.02.09 16:40:53.034,1.59252,1.59295,1.50,1.43
2011.02.09 16:40:54.060,1.59252,1.59295,1.73,1.43
2011.02.09 16:40:55.065,1.59252,1.59295,1.58,1.43
2011.02.09 16:40:56.029,1.59252,1.59295,1.43,1.62
2011.02.09 16:40:56.136,1.59243,1.59284,1.73,1.43
2011.02.09 16:40:56.466,1.59246,1.59287,1.65,1.43
2011.02.09 16:40:57.059,1.59247,1.59294,1.58,2.25
2011.02.09 16:40:57.168,1.59256,1.59297,1.69,1.43
2011.02.09 16:40:58.466,1.59251,1.59287,1.50,1.43
2011.02.09 16:40:59.016,1.59251,1.59287,2.37,1.43
2011.02.09 16:40:59.124,1.59254,1.59293,1.62,1.43
2011.02.09 16:40:59.849,1.59251,1.59288,2.18,1.43
2011.02.09 16:40:59.960,1.59255,1.59296,1.62,1.43
2011.02.09 16:41:00.276,1.59257,1.59296,1.32,1.43
2011.02.09 16:41:00.385,1.59266,1.59303,1.43,1.43
2011.02.09 16:41:00.607,1.59262,1.59291,1.50,1.43
2011.02.09 16:41:01.148,1.59254,1.59291,2.10,1.43
2011.02.09 16:41:01.707,1.59243,1.59284,2.10,1.43
2011.02.09 16:41:01.816,1.5924,1.59276,2.18,1.43
2011.02.09 16:41:01.927,1.59237,1.59276,4.54,1.43
2011.02.09 16:41:02.036,1.59242,1.59276,1.02,1.43
2011.02.09 16:41:02.638,1.5924,1.59281,1.62,1.43
2011.02.09 16:41:04.226,1.5924,1.59281,1.43,1.43
2011.02.09 16:41:04.335,1.59234,1.59273,3.75,1.43
2011.02.09 16:41:04.665,1.5924,1.59281,3.12,1.43
2011.02.09 16:41:05.975,1.5924,1.59281,2.93,1.43
2011.02.09 16:41:06.085,1.59236,1.59279,1.77,1.43
2011.02.09 16:41:06.415,1.59232,1.59273,1.92,1.43
2011.02.09 16:41:06.998,1.59236,1.59279,2.44,1.43
2011.02.09 16:41:07.218,1.59239,1.59279,1.02,1.43
2011.02.09 16:41:07.436,1.59247,1.59286,1.43,1.43
2011.02.09 16:41:08.177,1.59253,1.59292,2.10,1.43
2011.02.09 16:41:08.706,1.59253,1.59292,1.43,1.43
2011.02.09 16:41:09.638,1.59253,1.59292,1.43,3.12
2011.02.09 16:41:09.967,1.59258,1.59301,2.10,1.80
2011.02.09 16:41:10.185,1.59258,1.59301,1.43,1.80
2011.02.09 16:41:10.760,1.59258,1.59301,2.10,1.80
2011.02.09 16:41:13.486,1.59258,1.59301,2.44,1.80
2011.02.09 16:41:14.136,1.59268,1.59308,2.10,2.37
2011.02.09 16:41:14.239,1.59263,1.59301,1.43,1.80
2011.02.09 16:41:15.455,1.59263,1.59301,1.58,1.43
2011.02.09 16:41:16.432,1.59263,1.59301,1.58,1.43
2011.02.09 16:41:22.747,1.59264,1.59301,1.09,1.43
2011.02.09 16:41:22.966,1.59268,1.59311,1.62,1.43
2011.02.09 16:41:23.677,1.59268,1.59311,1.92,1.43
2011.02.09 16:41:24.506,1.59268,1.5931,1.43,1.20
2011.02.09 16:41:25.170,1.59263,1.59302,1.65,1.43
2011.02.09 16:41:25.279,1.59263,1.59301,1.58,2.18
2011.02.09 16:41:25.718,1.59263,1.593,1.09,1.80
2011.02.09 16:41:26.231,1.59267,1.593,1.32,1.80
2011.02.09 16:41:26.327,1.59258,1.59299,8.67,1.80
2011.02.09 16:41:27.283,1.59267,1.59307,2.10,2.18
2011.02.09 16:41:27.805,1.59267,1.59307,2.25,2.18
2011.02.09 16:41:28.205,1.59267,1.59307,2.40,2.18
2011.02.09 16:41:29.197,1.59267,1.59307,2.25,2.18
2011.02.09 16:41:29.697,1.59266,1.59306,1.58,2.18
2011.02.09 16:41:30.806,1.59266,1.59306,1.50,2.18
2011.02.09 16:41:31.775,1.59266,1.59306,1.58,2.18
2011.02.09 16:41:32.443,1.59266,1.59306,1.50,2.18
2011.02.09 16:41:33.048,1.59266,1.59306,1.58,2.18
2011.02.09 16:41:34.046,1.59267,1.59305,1.43,2.18
2011.02.09 16:41:34.155,1.5926,1.59299,2.25,1.80
2011.02.09 16:41:34.639,1.5926,1.59305,1.77,2.18
2011.02.09 16:41:34.748,1.59268,1.59305,1.69,2.18
2011.02.09 16:41:35.075,1.59274,1.59321,2.29,2.18
2011.02.09 16:41:37.775,1.59276,1.59321,2.03,2.18
2011.02.09 16:41:39.504,1.59274,1.59321,4.50,2.18
2011.02.09 16:41:40.734,1.59272,1.59313,1.73,1.20
2011.02.09 16:41:40.847,1.59267,1.59305,1.73,1.43
2011.02.09 16:41:41.067,1.59273,1.59314,1.77,2.63
2011.02.09 16:41:41.175,1.59273,1.59314,1.77,1.80
2011.02.09 16:41:44.169,1.59273,1.59316,1.77,1.80
2011.02.09 16:41:44.727,1.59273,1.59316,4.39,1.80
2011.02.09 16:41:45.418,1.59283,1.59323,2.29,2.18
2011.02.09 16:41:45.527,1.59282,1.59322,1.77,1.43
2011.02.09 16:41:47.470,1.59282,1.59322,1.92,1.43
2011.02.09 16:41:48.786,1.59282,1.59322,1.77,1.43
2011.02.09 16:41:49.785,1.59285,1.59323,1.43,1.43
2011.02.09 16:41:51.675,1.59285,1.59323,1.50,1.43
2011.02.09 16:41:51.895,1.59285,1.59323,1.43,1.43
2011.02.09 16:41:54.256,1.59285,1.59325,1.58,2.25
2011.02.09 16:41:54.475,1.59285,1.59325,1.43,2.25
2011.02.09 16:41:55.234,1.59285,1.59325,1.43,1.80
2011.02.09 16:41:55.456,1.59285,1.59325,1.58,1.80
2011.02.09 16:41:55.677,1.59285,1.59325,1.43,1.80
2011.02.09 16:41:56.061,1.59285,1.59325,1.58,1.80
2011.02.09 16:41:58.208,1.59285,1.59325,1.58,1.80
2011.02.09 16:41:58.425,1.59285,1.59325,1.43,1.80
2011.02.09 16:41:59.698,1.59285,1.59325,3.27,1.80
2011.02.09 16:42:00.026,1.593,1.59337,1.43,2.18
2011.02.09 16:42:00.858,1.59309,1.59348,3.12,2.18
2011.02.09 16:42:01.185,1.59315,1.59352,1.43,2.18
2011.02.09 16:42:03.485,1.59315,1.59352,1.43,1.43
2011.02.09 16:42:03.598,1.59314,1.59353,1.43,2.18
2011.02.09 16:42:04.406,1.59309,1.59337,1.50,2.18
2011.02.09 16:42:04.516,1.593,1.59337,1.43,2.18
2011.02.09 16:42:04.626,1.59297,1.59336,1.02,2.18
2011.02.09 16:42:04.737,1.59297,1.59336,1.02,2.18
2011.02.09 16:42:05.325,1.59303,1.5934,1.43,2.18
2011.02.09 16:42:05.426,1.59297,1.59335,1.77,1.80
2011.02.09 16:42:05.756,1.59302,1.59341,1.43,2.18
2011.02.09 16:42:06.358,1.59303,1.5934,1.43,2.18
2011.02.09 16:42:06.467,1.59296,1.59336,1.77,1.80
2011.02.09 16:42:08.066,1.59296,1.59336,1.58,1.80
2011.02.09 16:42:08.176,1.59292,1.5933,1.73,1.43
2011.02.09 16:42:08.286,1.59292,1.5933,1.77,1.43
2011.02.09 16:42:08.507,1.59296,1.59326,1.43,1.20
2011.02.09 16:42:08.615,1.5929,1.5932,1.50,1.43
2011.02.09 16:42:08.725,1.5928,1.5932,1.43,1.43
2011.02.09 16:42:09.428,1.59288,1.5933,1.43,1.43
2011.02.09 16:42:09.536,1.59287,1.59326,1.50,1.43
2011.02.09 16:42:09.646,1.59283,1.59326,1.69,2.25
2011.02.09 16:42:09.756,1.59287,1.59326,1.69,2.25
2011.02.09 16:42:09.975,1.59287,1.59331,3.12,1.43
2011.02.09 16:42:13.026,1.59287,1.59331,4.02,1.43
2011.02.09 16:42:13.246,1.59298,1.59338,1.43,1.80
2011.02.09 16:42:14.566,1.59298,1.59329,1.43,1.20
2011.02.09 16:42:14.676,1.59284,1.59322,2.10,1.43
2011.02.09 16:42:15.266,1.59281,1.59319,2.10,1.80
2011.02.09 16:42:22.113,1.59281,1.59319,2.10,1.80
2011.02.09 16:42:23.356,1.59277,1.59318,2.25,1.80
2011.02.09 16:42:25.500,1.59287,1.59325,2.10,2.18
2011.02.09 16:42:28.385,1.59287,1.59325,1.43,2.18
2011.02.09 16:42:28.495,1.59281,1.59319,2.10,1.80
2011.02.09 16:42:29.289,1.59281,1.59319,2.29,1.80
2011.02.09 16:42:29.727,1.59288,1.59328,1.09,2.18
2011.02.09 16:42:30.489,1.59296,1.59336,1.43,2.18
2011.02.09 16:42:31.827,1.59284,1.59322,1.50,2.18
2011.02.09 16:42:32.045,1.59278,1.59322,1.62,2.18
2011.02.09 16:42:32.890,1.59275,1.59318,1.77,1.80
2011.02.09 16:42:32.998,1.59286,1.59324,1.43,2.18
2011.02.09 16:42:34.089,1.59285,1.59325,1.43,2.18
2011.02.09 16:42:34.526,1.59275,1.59318,1.77,1.80
2011.02.09 16:42:35.137,1.59275,1.59318,1.77,1.80
2011.02.09 16:42:35.699,1.59275,1.59318,3.90,1.80
2011.02.09 16:42:36.935,1.59278,1.59318,1.69,1.80
2011.02.09 16:42:37.050,1.59285,1.59325,1.43,2.18
2011.02.09 16:42:37.986,1.59284,1.59324,1.43,2.18
2011.02.09 16:42:39.588,1.59285,1.59325,1.43,2.18
2011.02.09 16:42:40.916,1.59285,1.59325,1.50,2.18
2011.02.09 16:42:41.164,1.59285,1.59325,1.50,2.25
2011.02.09 16:42:44.435,1.59292,1.59325,1.32,2.25
2011.02.09 16:42:44.765,1.59302,1.59339,1.43,1.43
2011.02.09 16:42:45.236,1.59296,1.59334,2.18,1.43
2011.02.09 16:42:45.347,1.59296,1.59334,1.50,2.25
2011.02.09 16:42:45.565,1.59296,1.59333,1.69,1.43
2011.02.09 16:42:45.676,1.59301,1.59338,1.43,1.43
2011.02.09 16:42:50.705,1.59301,1.59338,2.18,1.43
2011.02.09 16:42:50.925,1.59316,1.59353,1.43,1.43
2011.02.09 16:42:51.035,1.5931,1.59349,3.60,1.43
2011.02.09 16:42:51.582,1.5931,1.59349,1.43,1.43
2011.02.09 16:42:51.689,1.59303,1.59344,1.43,1.43
2011.02.09 16:42:51.796,1.59303,1.59344,1.62,1.43
2011.02.09 16:42:51.905,1.59309,1.59348,1.43,1.43
2011.02.09 16:42:52.266,1.59309,1.59347,1.43,1.20
2011.02.09 16:42:52.375,1.59306,1.59341,1.50,1.43
2011.02.09 16:42:53.785,1.59299,1.59343,1.43,2.82
2011.02.09 16:42:53.896,1.59295,1.59323,1.50,2.25
2011.02.09 16:42:54.519,1.59282,1.59318,1.50,1.43
2011.02.09 16:42:55.136,1.59278,1.59318,1.50,1.43
2011.02.09 16:42:55.706,1.59284,1.59325,1.43,2.25
2011.02.09 16:42:56.286,1.59284,1.59325,1.99,2.25
2011.02.09 16:42:56.872,1.59292,1.59336,2.10,2.25
2011.02.09 16:42:56.990,1.5929,1.59328,1.50,1.43
2011.02.09 16:42:57.776,1.59279,1.59323,2.10,1.43
2011.02.09 16:42:57.887,1.59278,1.59313,1.50,1.43
2011.02.09 16:42:57.997,1.59275,1.59313,1.43,1.43
2011.02.09 16:42:58.107,1.59264,1.59307,1.43,2.25
2011.02.09 16:42:58.689,1.59271,1.59307,2.18,1.43
2011.02.09 16:42:59.016,1.59275,1.59313,1.62,1.80
2011.02.09 16:42:59.714,1.59279,1.59323,2.29,2.18
2011.02.09 16:43:04.187,1.59275,1.59313,2.10,1.80
2011.02.09 16:43:04.295,1.59275,1.59313,3.04,1.80
2011.02.09 16:43:05.825,1.59291,1.59329,1.62,2.18
2011.02.09 16:43:05.935,1.59283,1.59329,1.24,2.18
2011.02.09 16:43:06.046,1.59284,1.59329,1.32,2.18
2011.02.09 16:43:06.939,1.59284,1.59336,2.29,2.25
2011.02.09 16:43:07.048,1.59266,1.59317,1.24,2.18
2011.02.09 16:43:08.437,1.59274,1.59327,2.29,1.80
2011.02.09 16:43:10.048,1.59274,1.59328,2.29,1.80
2011.02.09 16:43:10.595,1.59273,1.59328,2.82,1.80
2011.02.09 16:43:12.855,1.59276,1.59328,1.02,1.80
2011.02.09 16:43:13.544,1.59274,1.59318,1.32,1.43
2011.02.09 16:43:13.659,1.59278,1.59327,1.17,1.80
2011.02.09 16:43:13.986,1.59274,1.59326,2.25,2.63
2011.02.09 16:43:14.603,1.59273,1.59318,2.40,1.43
2011.02.09 16:43:15.206,1.59273,1.59318,2.25,1.43
2011.02.09 16:43:17.645,1.59263,1.59318,2.74,2.25
2011.02.09 16:43:17.865,1.59263,1.59308,2.18,1.43
2011.02.09 16:43:20.057,1.59263,1.59308,2.40,1.43
2011.02.09 16:43:21.178,1.59263,1.59308,2.25,1.43
2011.02.09 16:43:21.506,1.59273,1.59318,2.10,1.80
2011.02.09 16:43:27.055,1.59268,1.59315,1.02,2.25
2011.02.09 16:43:27.691,1.59284,1.59329,2.03,2.18
2011.02.09 16:43:28.723,1.59284,1.59329,2.03,2.18
2011.02.09 16:43:29.178,1.59281,1.59322,2.03,1.80
2011.02.09 16:43:30.026,1.59285,1.59328,2.03,2.18
2011.02.09 16:43:39.725,1.59286,1.59328,1.54,2.18
2011.02.09 16:43:40.055,1.59306,1.59347,1.43,2.18
2011.02.09 16:43:40.166,1.59301,1.59342,1.43,2.18
2011.02.09 16:43:40.959,1.59304,1.59341,1.43,2.18
2011.02.09 16:43:41.394,1.59301,1.59348,1.62,1.43
2011.02.09 16:43:41.977,1.5931,1.59349,1.43,1.43
2011.02.09 16:43:42.355,1.59321,1.59356,1.43,1.43
2011.02.09 16:43:43.090,1.59321,1.59356,1.43,1.80
2011.02.09 16:43:44.768,1.5932,1.59361,2.03,2.18
2011.02.09 16:43:50.940,1.5932,1.59361,1.43,2.18
2011.02.09 16:43:51.267,1.59312,1.59355,4.09,1.80
2011.02.09 16:43:51.377,1.5931,1.59345,1.62,1.43
2011.02.09 16:43:51.486,1.59311,1.59354,1.62,2.40
2011.02.09 16:43:52.091,1.5932,1.59361,2.03,2.18
2011.02.09 16:43:53.777,1.59326,1.59369,2.03,1.80
2011.02.09 16:43:56.955,1.5932,1.59361,2.03,1.43
2011.02.09 16:43:57.969,1.59326,1.59369,2.03,1.80
2011.02.09 16:43:58.497,1.59326,1.59369,1.43,2.40
2011.02.09 16:43:58.606,1.5932,1.59361,2.03,1.43
2011.02.09 16:44:00.850,1.59326,1.59369,1.43,2.40
2011.02.09 16:44:01.066,1.59326,1.59369,2.03,1.80
2011.02.09 16:44:02.886,1.5932,1.59361,2.03,2.03
2011.02.09 16:44:03.215,1.59325,1.5937,2.03,1.80
2011.02.09 16:44:05.186,1.59325,1.5937,1.43,2.40
2011.02.09 16:44:05.734,1.59321,1.5936,2.03,1.43
2011.02.09 16:44:07.077,1.59321,1.5936,2.03,1.43
2011.02.09 16:44:07.789,1.59304,1.59345,2.40,1.43
2011.02.09 16:44:08.006,1.59304,1.59345,2.03,1.43
2011.02.09 16:44:08.729,1.59311,1.59353,1.43,1.43
2011.02.09 16:44:10.866,1.59315,1.59356,1.43,1.43
2011.02.09 16:44:14.827,1.5931,1.59347,1.43,1.43
2011.02.09 16:44:15.428,1.5931,1.59347,1.43,1.80
2011.02.09 16:44:15.755,1.59316,1.59355,1.43,2.18
2011.02.09 16:44:16.555,1.59316,1.59355,2.40,2.18
2011.02.09 16:44:16.905,1.59327,1.59362,1.43,2.18
2011.02.09 16:44:18.155,1.59327,1.59362,1.43,2.18
2011.02.09 16:44:18.702,1.59316,1.59355,1.43,2.18
2011.02.09 16:44:20.127,1.59311,1.59353,2.18,2.18
2011.02.09 16:44:20.240,1.59311,1.59353,2.03,2.18
2011.02.09 16:44:21.466,1.59311,1.59353,2.40,2.18
2011.02.09 16:44:23.796,1.59321,1.5936,2.03,2.18
2011.02.09 16:44:24.458,1.59327,1.59362,1.43,2.18
2011.02.09 16:44:24.675,1.59316,1.59355,1.43,2.18
2011.02.09 16:44:25.173,1.59316,1.59355,1.43,1.43
2011.02.09 16:44:27.910,1.5931,1.59347,1.43,1.43
2011.02.09 16:44:32.439,1.59317,1.59354,1.43,1.43
2011.02.09 16:44:34.546,1.59319,1.59354,1.17,1.43
2011.02.09 16:44:35.203,1.59327,1.59364,1.43,8.22
2011.02.09 16:44:35.318,1.59323,1.59358,1.43,1.80
2011.02.09 16:44:37.349,1.59327,1.59362,1.43,2.18
2011.02.09 16:44:37.458,1.59322,1.59359,1.43,1.80
2011.02.09 16:44:37.568,1.59325,1.59364,2.03,2.18
2011.02.09 16:44:39.986,1.59323,1.59358,1.43,1.80
2011.02.09 16:44:40.855,1.59306,1.59353,4.47,2.03
2011.02.09 16:44:41.501,1.59322,1.59369,1.43,4.50
2011.02.09 16:44:41.606,1.59311,1.59363,2.22,2.18
2011.02.09 16:44:44.925,1.59306,1.59353,2.40,1.43
2011.02.09 16:44:45.036,1.59306,1.59353,2.03,2.03
2011.02.09 16:44:45.956,1.59306,1.59353,2.03,1.80
2011.02.09 16:44:47.826,1.59306,1.59353,2.40,1.80
2011.02.09 16:44:48.450,1.59316,1.59355,1.50,1.80
2011.02.09 16:44:48.551,1.59308,1.59349,2.03,1.43
2011.02.09 16:44:48.657,1.59315,1.59356,2.03,2.25
2011.02.09 16:44:49.460,1.59301,1.59342,1.80,1.43
2011.02.09 16:44:49.570,1.59307,1.59342,1.17,1.43
2011.02.09 16:44:49.676,1.59314,1.59356,2.03,1.88
2011.02.09 16:44:49.897,1.59299,1.59342,1.43,1.43
2011.02.09 16:44:50.538,1.59291,1.59342,2.48,1.43
2011.02.09 16:44:50.645,1.59289,1.59342,2.40,2.03
2011.02.09 16:44:50.755,1.59299,1.59342,1.43,2.03
2011.02.09 16:44:51.379,1.59299,1.59342,1.43,1.43
2011.02.09 16:44:53.277,1.59303,1.59342,2.48,1.43
2011.02.09 16:44:53.384,1.59308,1.59349,2.03,2.03
2011.02.09 16:44:54.298,1.59315,1.59357,2.03,2.18
2011.02.09 16:44:55.322,1.59315,1.59357,2.03,1.43
2011.02.09 16:44:55.657,1.59311,1.59352,1.43,1.43
2011.02.09 16:44:59.130,1.59328,1.59359,1.43,1.17
2011.02.09 16:44:59.239,1.59319,1.59364,2.03,2.18
2011.02.09 16:44:59.895,1.59314,1.59364,2.03,2.18
2011.02.09 16:45:01.511,1.59314,1.59364,2.40,2.18
2011.02.09 16:45:02.293,1.59325,1.59364,1.43,2.18
2011.02.09 16:45:02.407,1.5932,1.59363,2.03,2.18
2011.02.09 16:45:02.625,1.59309,1.59355,2.40,1.43
2011.02.09 16:45:02.735,1.59309,1.59355,2.03,2.03
2011.02.09 16:45:03.768,1.5932,1.59355,1.43,1.43
2011.02.09 16:45:04.096,1.59308,1.59349,1.43,1.43
2011.02.09 16:45:04.874,1.59315,1.59357,1.43,2.40
2011.02.09 16:45:04.989,1.59315,1.59357,1.43,1.43
2011.02.09 16:45:05.096,1.59315,1.59357,2.03,1.80
2011.02.09 16:45:05.645,1.59314,1.59354,1.43,1.43
2011.02.09 16:45:08.576,1.59309,1.59345,1.43,1.43
2011.02.09 16:45:10.757,1.59309,1.59348,1.43,2.03
2011.02.09 16:45:11.303,1.59309,1.59348,2.03,1.43
2011.02.09 16:45:11.767,1.59309,1.59348,2.59,1.43
2011.02.09 16:45:12.437,1.59315,1.59357,1.43,1.80
2011.02.09 16:45:13.018,1.59315,1.59357,2.40,1.80
2011.02.09 16:45:13.699,1.59314,1.59358,2.03,1.80
2011.02.09 16:45:17.017,1.59314,1.59358,2.22,1.43
2011.02.09 16:45:17.345,1.59325,1.59364,2.03,1.80
2011.02.09 16:45:19.278,1.59323,1.59358,1.43,1.43
2011.02.09 16:45:20.737,1.59326,1.59358,1.32,1.43
2011.02.09 16:45:21.317,1.59327,1.59368,1.43,2.18
2011.02.09 16:45:21.895,1.5932,1.59373,2.59,2.18
2011.02.09 16:45:22.116,1.5933,1.59373,2.03,2.18
2011.02.09 16:45:25.245,1.5933,1.59373,2.03,1.80
2011.02.09 16:45:26.099,1.59325,1.59364,2.03,1.43
2011.02.09 16:45:27.228,1.59329,1.59373,1.43,2.63
2011.02.09 16:45:27.338,1.59329,1.59374,2.03,2.18
2011.02.09 16:45:28.029,1.59328,1.59367,1.43,1.43
2011.02.09 16:45:28.356,1.59328,1.59367,1.62,1.43
2011.02.09 16:45:28.685,1.59337,1.59374,1.43,2.18
2011.02.09 16:45:29.289,1.59337,1.59374,1.43,1.80
2011.02.09 16:45:29.398,1.59331,1.5937,1.43,1.80
2011.02.09 16:45:29.725,1.59335,1.59379,1.43,2.25
2011.02.09 16:45:30.055,1.59335,1.59379,2.03,2.25
2011.02.09 16:45:31.306,1.59335,1.5938,1.43,2.18
2011.02.09 16:45:31.415,1.59331,1.5937,1.43,1.80
2011.02.09 16:45:33.267,1.59331,1.5937,2.74,1.80
2011.02.09 16:45:33.986,1.59346,1.59387,1.43,2.18
2011.02.09 16:45:34.101,1.59337,1.59377,2.03,2.18
2011.02.09 16:45:34.918,1.59338,1.59385,2.03,2.18
2011.02.09 16:45:35.246,1.59338,1.59386,1.43,2.78
2011.02.09 16:45:35.465,1.59328,1.59378,2.03,2.03
2011.02.09 16:45:36.067,1.59326,1.59379,2.03,2.03
2011.02.09 16:45:37.558,1.59328,1.59378,2.03,2.03
2011.02.09 16:45:37.997,1.59339,1.59385,1.43,2.40
2011.02.09 16:45:38.325,1.59339,1.59385,2.03,2.18
2011.02.09 16:45:39.645,1.5933,1.59369,2.48,1.43
2011.02.09 16:45:39.761,1.59323,1.59369,2.03,2.03
2011.02.09 16:45:40.125,1.59323,1.59369,2.40,1.43
2011.02.09 16:45:40.236,1.59331,1.59371,1.43,1.43
2011.02.09 16:45:41.047,1.59338,1.59373,1.43,1.43
2011.02.09 16:45:42.339,1.59343,1.59381,1.43,1.80
2011.02.09 16:45:42.949,1.59349,1.59386,1.43,2.18
2011.02.09 16:45:43.538,1.59344,1.5938,1.43,1.80
2011.02.09 16:45:44.296,1.5934,1.59381,2.03,2.40
2011.02.09 16:45:52.565,1.59324,1.59365,1.43,2.40
2011.02.09 16:45:52.676,1.59315,1.59357,2.03,1.43
2011.02.09 16:45:52.897,1.5932,1.59359,1.43,1.43
2011.02.09 16:45:53.491,1.5932,1.59359,2.40,1.43
2011.02.09 16:45:53.605,1.59324,1.59365,2.03,1.43
2011.02.09 16:45:55.212,1.59324,1.59365,2.03,2.18
2011.02.09 16:45:55.905,1.59324,1.59365,2.40,2.18
2011.02.09 16:45:56.608,1.59324,1.59365,2.03,2.18
2011.02.09 16:45:56.826,1.59314,1.59358,2.03,1.43
2011.02.09 16:45:57.046,1.59331,1.59364,1.43,1.73
2011.02.09 16:45:57.887,1.59329,1.59366,1.43,2.18
2011.02.09 16:45:57.997,1.59318,1.59359,1.43,1.80
2011.02.09 16:45:58.676,1.5932,1.59359,1.43,1.80
2011.02.09 16:46:00.072,1.59314,1.59358,2.03,1.43
2011.02.09 16:46:02.797,1.59325,1.59364,2.03,2.18
2011.02.09 16:46:03.610,1.59314,1.59358,2.03,2.40
2011.02.09 16:46:04.521,1.59316,1.59352,1.43,1.69
2011.02.09 16:46:04.628,1.59299,1.59334,1.43,1.43
2011.02.09 16:46:04.737,1.59299,1.59334,1.43,2.40
2011.02.09 16:46:05.241,1.59299,1.59334,2.03,1.43
2011.02.09 16:46:05.350,1.59294,1.59332,2.10,1.43
2011.02.09 16:46:05.568,1.59288,1.59329,3.94,1.43
2011.02.09 16:46:06.074,1.59292,1.59339,2.29,1.43
2011.02.09 16:46:06.406,1.59292,1.59339,2.29,1.43
2011.02.09 16:46:07.038,1.59298,1.59342,2.29,1.43
2011.02.09 16:46:07.769,1.59302,1.59346,2.10,2.25
2011.02.09 16:46:07.986,1.59309,1.59354,2.10,1.80
2011.02.09 16:46:10.649,1.59315,1.59356,2.10,1.80
2011.02.09 16:46:11.086,1.59309,1.59354,2.10,1.80
2011.02.09 16:46:11.806,1.59316,1.59357,1.43,1.80
2011.02.09 16:46:12.137,1.59308,1.59355,2.44,1.80
2011.02.09 16:46:12.576,1.59303,1.59345,2.10,1.43
2011.02.09 16:46:13.058,1.59303,1.59345,2.10,1.43
2011.02.09 16:46:15.836,1.59303,1.59345,2.25,1.43
2011.02.09 16:46:16.470,1.59303,1.59345,2.10,1.43
2011.02.09 16:46:19.646,1.59293,1.59339,1.02,1.43
2011.02.09 16:46:19.757,1.59293,1.59339,1.02,1.43
2011.02.09 16:46:20.405,1.59299,1.59341,2.10,1.43
2011.02.09 16:46:21.125,1.59299,1.59341,2.10,1.43
2011.02.09 16:46:21.695,1.59304,1.59347,2.10,1.43
2011.02.09 16:46:21.807,1.59299,1.59341,2.10,1.43
2011.02.09 16:46:23.327,1.59299,1.59341,2.10,1.43
2011.02.09 16:46:24.048,1.593,1.59342,2.10,1.43
2011.02.09 16:46:25.653,1.59299,1.59338,4.54,1.43
2011.02.09 16:46:25.987,1.59305,1.59342,2.29,1.43
2011.02.09 16:46:26.207,1.59314,1.59353,2.10,1.43
2011.02.09 16:46:26.878,1.5932,1.59361,2.10,2.18
2011.02.09 16:46:27.206,1.59322,1.59369,2.10,2.18
2011.02.09 16:46:29.260,1.59318,1.59359,2.18,1.80
2011.02.09 16:46:29.368,1.59323,1.59362,2.03,2.18
2011.02.09 16:46:29.696,1.5932,1.59357,1.43,1.80
2011.02.09 16:46:31.077,1.59322,1.59363,1.43,2.18
2011.02.09 16:46:31.890,1.59322,1.59363,2.03,2.18
2011.02.09 16:46:34.297,1.59326,1.59363,1.43,2.18
2011.02.09 16:46:35.460,1.59315,1.59354,2.03,1.43
2011.02.09 16:46:35.567,1.59315,1.59354,2.40,1.43
2011.02.09 16:46:35.677,1.59324,1.59359,1.43,1.80
2011.02.09 16:46:36.198,1.5931,1.59347,2.40,1.43
2011.02.09 16:46:36.311,1.5931,1.59347,1.43,1.43
2011.02.09 16:46:36.548,1.59307,1.59347,2.18,2.03
2011.02.09 16:46:37.226,1.5931,1.59347,1.69,2.03
2011.02.09 16:46:37.556,1.59322,1.59363,2.03,2.18
2011.02.09 16:46:38.547,1.59315,1.59352,1.43,1.43
2011.02.09 16:46:38.767,1.59315,1.59352,1.99,1.43
2011.02.09 16:46:39.096,1.59322,1.59363,2.03,2.18
2011.02.09 16:46:39.317,1.59322,1.59363,1.43,2.40
2011.02.09 16:46:39.825,1.59312,1.59356,2.03,2.03
2011.02.09 16:46:40.057,1.59312,1.59356,2.40,1.43
2011.02.09 16:46:40.388,1.59314,1.59357,1.43,1.43
2011.02.09 16:46:40.497,1.59323,1.59362,2.03,2.18
2011.02.09 16:46:41.706,1.59321,1.59356,1.43,1.43
2011.02.09 16:46:42.146,1.5931,1.59349,1.43,1.43
2011.02.09 16:46:42.836,1.5931,1.59349,1.58,1.43
2011.02.09 16:46:42.946,1.5931,1.59349,1.43,1.43
2011.02.09 16:46:45.325,1.5931,1.59349,1.50,1.43
2011.02.09 16:46:45.537,1.5931,1.59349,1.43,1.43
2011.02.09 16:46:46.287,1.5931,1.59349,1.58,1.43
2011.02.09 16:46:46.395,1.59312,1.59356,2.18,1.43
2011.02.09 16:46:46.911,1.59312,1.59356,3.12,1.43
2011.02.09 16:46:47.237,1.59327,1.59371,1.43,2.18
2011.02.09 16:46:47.347,1.59325,1.59366,1.43,1.80
2011.02.09 16:46:48.056,1.59319,1.59361,2.03,1.43
2011.02.09 16:46:48.166,1.59319,1.59361,1.43,1.43
2011.02.09 16:46:48.716,1.5931,1.5936,2.03,2.03
2011.02.09 16:46:49.226,1.5931,1.5936,2.40,1.43
2011.02.09 16:46:49.762,1.59318,1.59362,2.03,1.80
2011.02.09 16:46:52.290,1.59318,1.59362,2.33,1.80
2011.02.09 16:46:52.402,1.59318,1.59362,2.18,1.80
2011.02.09 16:46:52.626,1.59314,1.59352,1.13,1.43
2011.02.09 16:46:52.738,1.59313,1.59352,2.03,1.43
2011.02.09 16:46:54.387,1.59318,1.59362,1.43,2.40
2011.02.09 16:46:54.958,1.59318,1.59362,2.03,1.80
2011.02.09 16:46:55.289,1.59318,1.59362,2.03,1.43
2011.02.09 16:46:55.395,1.59319,1.59371,2.03,1.80
2011.02.09 16:46:56.628,1.59313,1.59362,2.59,2.03
2011.02.09 16:46:57.374,1.59319,1.59371,2.03,1.80
2011.02.09 16:46:57.965,1.59319,1.59371,2.03,2.40
2011.02.09 16:46:58.675,1.59328,1.59369,2.03,1.80
2011.02.09 16:46:59.616,1.59319,1.59371,2.03,1.80
2011.02.09 16:47:00.338,1.59319,1.59371,2.18,1.80
2011.02.09 16:47:00.896,1.59319,1.59361,2.18,1.43
2011.02.09 16:47:01.647,1.59319,1.59361,2.10,1.43
2011.02.09 16:47:03.169,1.59314,1.59361,2.18,2.03
2011.02.09 16:47:03.277,1.59319,1.59361,2.48,1.43
2011.02.09 16:47:03.386,1.59329,1.59368,2.03,1.80
2011.02.09 16:47:03.498,1.59329,1.59368,1.43,2.40
2011.02.09 16:47:04.069,1.59318,1.59362,2.03,1.43
2011.02.09 16:47:04.396,1.59327,1.59368,1.43,1.43
2011.02.09 16:47:04.616,1.59318,1.59362,2.03,2.03
2011.02.09 16:47:04.896,1.59318,1.59362,2.18,2.03
2011.02.09 16:47:05.696,1.59325,1.59371,1.43,2.40
2011.02.09 16:47:05.810,1.59325,1.59371,2.03,2.03
2011.02.09 16:47:08.246,1.59325,1.59371,2.18,2.03
2011.02.09 16:47:08.465,1.59325,1.59371,2.03,2.03
2011.02.09 16:47:09.337,1.5932,1.5937,2.18,2.03
2011.02.09 16:47:10.817,1.59329,1.59368,1.43,1.43
2011.02.09 16:47:11.146,1.59319,1.59358,2.03,1.43
2011.02.09 16:47:11.367,1.59328,1.59369,2.03,2.03
2011.02.09 16:47:11.948,1.5931,1.5936,2.37,2.03
2011.02.09 16:47:12.866,1.5931,1.5936,2.18,2.03
2011.02.09 16:47:15.090,1.5932,1.59367,1.43,2.40
2011.02.09 16:47:15.198,1.5932,1.59367,2.03,2.40
2011.02.09 16:47:16.949,1.5931,1.59361,2.48,1.43
2011.02.09 16:47:17.730,1.59319,1.59361,1.43,1.43
2011.02.09 16:47:18.365,1.59318,1.59362,2.03,1.43
2011.02.09 16:47:19.169,1.5932,1.5937,2.03,1.80
2011.02.09 16:47:22.095,1.5932,1.5937,2.18,1.80
2011.02.09 16:47:23.574,1.5932,1.5937,1.43,2.40
2011.02.09 16:47:23.906,1.59319,1.59361,1.43,1.43
2011.02.09 16:47:25.288,1.5933,1.59361,1.35,1.43
2011.02.09 16:47:25.398,1.59344,1.59385,2.03,2.18
2011.02.09 16:47:26.202,1.59339,1.59384,2.03,2.18
2011.02.09 16:47:27.473,1.5935,1.59393,1.43,2.03
2011.02.09 16:47:27.590,1.5935,1.59393,2.03,1.43
2011.02.09 16:47:32.096,1.59348,1.59386,1.58,1.43
2011.02.09 16:47:32.877,1.59342,1.59377,2.18,1.43
2011.02.09 16:47:32.985,1.59342,1.59377,1.58,1.43
2011.02.09 16:47:33.822,1.59342,1.59377,1.50,1.43
2011.02.09 16:47:35.186,1.59342,1.59377,1.43,1.43
2011.02.09 16:47:40.831,1.59339,1.59384,2.03,2.03
2011.02.09 16:47:41.157,1.59333,1.59382,2.03,2.03
2011.02.09 16:47:41.746,1.59333,1.59382,2.22,2.03
2011.02.09 16:47:41.861,1.59342,1.59389,2.03,2.03
2011.02.09 16:47:43.227,1.59344,1.59389,2.03,2.03
2011.02.09 16:47:43.336,1.59344,1.59389,1.43,2.03
2011.02.09 16:47:44.123,1.59342,1.59389,2.03,2.03
2011.02.09 16:47:44.346,1.59342,1.59388,1.43,2.48
2011.02.09 16:47:44.676,1.59342,1.59389,2.03,2.03
2011.02.09 16:47:45.332,1.59338,1.59383,1.28,1.43
2011.02.09 16:47:45.557,1.5933,1.59383,2.18,2.03
2011.02.09 16:47:47.096,1.5933,1.59383,2.55,2.03
2011.02.09 16:47:47.863,1.5934,1.59383,2.03,2.03
2011.02.09 16:47:48.187,1.59331,1.59382,2.18,2.03
2011.02.09 16:47:48.516,1.59341,1.5939,1.43,2.40
2011.02.09 16:47:48.626,1.59341,1.5939,2.03,2.03
2011.02.09 16:47:49.238,1.59333,1.59384,2.18,2.03
2011.02.09 16:47:49.349,1.59323,1.59382,2.55,2.22
2011.02.09 16:47:49.456,1.59319,1.59381,2.10,3.04
2011.02.09 16:47:49.566,1.59317,1.59368,4.32,1.43
2011.02.09 16:47:49.786,1.59317,1.59367,1.13,2.03
2011.02.09 16:47:50.576,1.59315,1.59367,1.95,2.03
2011.02.09 16:47:51.228,1.59317,1.59367,1.24,2.03
2011.02.09 16:47:51.556,1.59326,1.59373,2.03,2.03
2011.02.09 16:47:52.222,1.59319,1.59368,2.40,1.43
2011.02.09 16:47:52.448,1.59331,1.59372,1.43,1.43
2011.02.09 16:47:53.431,1.59331,1.59372,1.43,1.62
2011.02.09 16:47:53.539,1.59318,1.59359,2.40,1.43
2011.02.09 16:47:55.410,1.59318,1.59359,2.18,2.03
2011.02.09 16:47:55.736,1.59327,1.59362,1.43,1.43
2011.02.09 16:47:58.056,1.59327,1.59362,2.22,1.43
2011.02.09 16:47:58.667,1.59331,1.59372,1.43,1.43
2011.02.09 16:47:58.775,1.59334,1.59373,1.43,1.80
2011.02.09 16:47:58.885,1.59331,1.59372,2.03,1.43
2011.02.09 16:47:59.818,1.59331,1.59372,1.43,1.43
2011.02.09 16:47:59.930,1.59327,1.59362,1.43,1.43
2011.02.09 16:48:00.986,1.59327,1.59362,1.50,1.43
2011.02.09 16:48:01.796,1.59327,1.59362,1.43,1.43
2011.02.09 16:48:03.510,1.59328,1.59366,1.43,2.03
2011.02.09 16:48:03.619,1.59328,1.59366,1.43,1.43
2011.02.09 16:48:05.145,1.59319,1.59356,8.25,1.43
2011.02.09 16:48:05.776,1.59329,1.59365,1.43,1.43
2011.02.09 16:48:07.247,1.59311,1.59359,2.18,2.03
2011.02.09 16:48:07.466,1.59308,1.59359,2.37,2.03
2011.02.09 16:48:08.368,1.59318,1.59359,1.43,2.03
2011.02.09 16:48:08.476,1.59318,1.59359,1.43,1.43
2011.02.09 16:48:08.587,1.5931,1.59351,1.58,1.43
2011.02.09 16:48:09.306,1.59323,1.59357,1.43,1.50
2011.02.09 16:48:09.420,1.59303,1.5935,2.37,2.03
2011.02.09 16:48:09.636,1.59312,1.59351,2.03,2.03
2011.02.09 16:48:10.296,1.59317,1.5936,1.43,2.40
2011.02.09 16:48:10.898,1.59317,1.5936,2.03,2.03
2011.02.09 16:48:11.116,1.59312,1.59351,2.40,1.43
2011.02.09 16:48:11.227,1.59312,1.59351,1.43,1.43
2011.02.09 16:48:13.627,1.59312,1.59351,1.43,2.40
2011.02.09 16:48:14.409,1.59308,1.59343,1.43,1.43
2011.02.09 16:48:14.518,1.59313,1.5935,1.43,1.43
2011.02.09 16:48:15.125,1.59313,1.59352,1.43,2.03
2011.02.09 16:48:19.206,1.59304,1.59354,2.22,2.03
2011.02.09 16:48:20.112,1.59314,1.59361,2.03,1.80
2011.02.09 16:48:23.897,1.59313,1.59352,2.03,1.43
2011.02.09 16:48:29.598,1.59319,1.59361,2.03,1.80
2011.02.09 16:48:31.259,1.59319,1.59371,2.03,2.18
2011.02.09 16:48:33.328,1.59319,1.59369,1.43,2.25
2011.02.09 16:48:33.546,1.59313,1.59361,2.03,1.80
2011.02.09 16:48:34.050,1.59322,1.59362,1.43,1.80
2011.02.09 16:48:34.378,1.59311,1.5935,1.17,2.03
2011.02.09 16:48:34.904,1.59307,1.59346,1.09,2.03
2011.02.09 16:48:35.019,1.59303,1.59346,1.43,2.03
2011.02.09 16:48:35.127,1.59297,1.59345,2.10,2.03
2011.02.09 16:48:35.238,1.59297,1.59345,2.48,1.43
2011.02.09 16:48:35.892,1.59302,1.59347,2.03,2.03
2011.02.09 16:48:36.010,1.59308,1.59356,1.43,2.22
2011.02.09 16:48:36.118,1.59308,1.59356,2.03,2.22
2011.02.09 16:48:36.446,1.59308,1.59356,1.43,2.03
2011.02.09 16:48:37.798,1.59304,1.59354,2.03,2.03
2011.02.09 16:48:37.906,1.59303,1.59346,1.58,1.43
2011.02.09 16:48:38.576,1.59303,1.59346,1.62,1.43
2011.02.09 16:48:39.178,1.59313,1.59352,2.03,1.43
2011.02.09 16:48:39.396,1.59303,1.59346,2.18,2.03
2011.02.09 16:48:40.756,1.59303,1.59346,2.22,2.03
2011.02.09 16:48:41.087,1.59326,1.59357,1.43,1.50
2011.02.09 16:48:41.197,1.59326,1.59361,1.43,1.43
2011.02.09 16:48:41.307,1.59326,1.59353,1.43,1.50
2011.02.09 16:48:41.417,1.5931,1.59347,1.43,1.43
2011.02.09 16:48:42.008,1.59313,1.59352,2.03,1.43
2011.02.09 16:48:45.132,1.59313,1.59352,1.43,2.25
2011.02.09 16:48:45.355,1.59306,1.5935,2.44,2.25
2011.02.09 16:48:46.159,1.59302,1.59348,2.33,1.43
2011.02.09 16:48:46.266,1.59302,1.59348,2.33,2.25
2011.02.09 16:48:46.375,1.59306,1.5935,1.43,2.25
2011.02.09 16:48:46.975,1.59307,1.59355,2.10,1.20
2011.02.09 16:48:47.080,1.59293,1.59342,2.10,2.25
2011.02.09 16:48:48.327,1.59298,1.59351,2.10,2.25
2011.02.09 16:48:48.655,1.59305,1.59343,1.50,1.20
2011.02.09 16:48:48.987,1.59309,1.59351,2.10,1.43
2011.02.09 16:48:49.482,1.59305,1.59342,2.18,1.43
2011.02.09 16:48:49.599,1.59288,1.59336,1.09,2.25
2011.02.09 16:48:51.559,1.59291,1.59336,2.33,1.43
2011.02.09 16:48:51.667,1.59292,1.59343,2.25,2.25
2011.02.09 16:48:53.118,1.59292,1.59343,2.18,1.43
2011.02.09 16:48:53.326,1.59316,1.59359,2.10,1.50
2011.02.09 16:48:53.974,1.59308,1.59358,2.29,2.25
2011.02.09 16:48:55.768,1.59308,1.59351,1.43,1.20
2011.02.09 16:48:56.096,1.59304,1.59343,2.25,1.43
2011.02.09 16:48:57.127,1.59304,1.59343,2.25,1.43
2011.02.09 16:48:57.964,1.59304,1.59343,2.25,1.43
2011.02.09 16:48:58.187,1.59297,1.59333,1.32,1.43
2011.02.09 16:48:58.407,1.59299,1.59346,1.62,1.50
2011.02.09 16:48:58.516,1.59299,1.59352,1.62,2.25
2011.02.09 16:48:59.095,1.59297,1.59352,2.82,2.25
2011.02.09 16:49:01.615,1.59299,1.59352,1.45,2.25
2011.02.09 16:49:02.335,1.59301,1.59351,2.25,2.25
2011.02.09 16:49:02.666,1.59298,1.59351,2.40,2.25
2011.02.09 16:49:03.656,1.59297,1.59342,4.54,1.43
2011.02.09 16:49:04.398,1.59297,1.59342,2.25,1.43
2011.02.09 16:49:04.507,1.59297,1.59342,4.54,1.43
2011.02.09 16:49:04.837,1.59297,1.59342,2.25,1.43
2011.02.09 16:49:06.196,1.59297,1.59342,2.18,1.43
2011.02.09 16:49:06.526,1.59299,1.59343,2.18,1.43
2011.02.09 16:49:07.311,1.59299,1.59343,2.29,1.43
2011.02.09 16:49:07.420,1.59302,1.59352,1.02,2.25
2011.02.09 16:49:08.433,1.59297,1.59342,4.54,1.43
2011.02.09 16:49:08.548,1.59297,1.59342,2.25,1.43
2011.02.09 16:49:08.910,1.59297,1.59342,4.54,1.43
2011.02.09 16:49:09.658,1.59297,1.59342,2.40,1.43
2011.02.09 16:49:10.667,1.59297,1.59342,2.25,1.43
2011.02.09 16:49:11.216,1.593,1.59344,2.18,1.43
2011.02.09 16:49:11.558,1.59297,1.59342,4.92,1.43
2011.02.09 16:49:11.666,1.59297,1.59342,4.39,1.43
2011.02.09 16:49:17.706,1.59297,1.59352,2.82,2.25
2011.02.09 16:49:17.928,1.59298,1.59342,1.13,1.43
2011.02.09 16:49:19.138,1.59299,1.59342,1.02,1.43
2011.02.09 16:49:23.696,1.59297,1.59342,2.18,1.43
2011.02.09 16:49:24.852,1.59292,1.59341,2.33,2.25
2011.02.09 16:49:24.969,1.59294,1.59347,2.03,2.03
2011.02.09 16:49:28.038,1.59295,1.59346,1.43,2.40
2011.02.09 16:49:28.257,1.59295,1.59346,2.03,1.80
2011.02.09 16:49:32.398,1.59295,1.59346,1.43,2.40
2011.02.09 16:49:33.118,1.59294,1.59335,1.43,1.43
2011.02.09 16:49:33.688,1.59294,1.59335,2.03,1.43
2011.02.09 16:49:33.796,1.593,1.59341,1.43,1.43
2011.02.09 16:49:35.436,1.593,1.59341,1.62,1.43
2011.02.09 16:49:36.185,1.59309,1.59346,1.43,1.80
2011.02.09 16:49:36.926,1.59312,1.59351,1.43,2.18
2011.02.09 16:49:38.526,1.59312,1.59351,2.03,2.03
2011.02.09 16:49:42.777,1.59324,1.59359,1.43,2.40
2011.02.09 16:49:43.329,1.59324,1.59354,1.43,2.48
2011.02.09 16:49:43.439,1.59311,1.59346,1.43,1.43
2011.02.09 16:49:43.657,1.59312,1.59351,1.43,1.43
2011.02.09 16:49:43.875,1.5931,1.59347,2.03,1.43
2011.02.09 16:49:44.727,1.5931,1.59347,1.43,1.43
2011.02.09 16:49:49.596,1.5931,1.59347,2.03,1.43
2011.02.09 16:49:49.706,1.59312,1.59351,2.03,2.03
2011.02.09 16:49:49.816,1.59324,1.59359,1.43,2.40
2011.02.09 16:49:50.336,1.59322,1.5936,1.43,2.48
2011.02.09 16:49:50.438,1.59322,1.59361,1.43,1.43
2011.02.09 16:49:50.657,1.59313,1.5936,1.62,2.40
2011.02.09 16:49:51.758,1.59313,1.59352,2.03,1.43
2011.02.09 16:49:52.087,1.59313,1.59348,1.43,1.43
2011.02.09 16:49:57.846,1.59313,1.59352,2.03,1.43
2011.02.09 16:49:58.628,1.59313,1.59348,1.43,1.43
2011.02.09 16:49:58.846,1.59313,1.59352,2.03,1.43
2011.02.09 16:50:01.039,1.59318,1.59355,1.43,2.03
2011.02.09 16:50:01.149,1.59313,1.59352,2.03,1.43
2011.02.09 16:50:03.797,1.59312,1.59349,2.03,1.43
2011.02.09 16:50:04.306,1.59312,1.59349,1.43,1.43
2011.02.09 16:50:06.249,1.59312,1.59349,2.03,1.43
2011.02.09 16:50:06.856,1.59311,1.59346,2.03,1.43
2011.02.09 16:50:06.969,1.59313,1.59352,2.03,1.43
2011.02.09 16:50:07.406,1.59316,1.59359,2.25,1.80
2011.02.09 16:50:15.434,1.59316,1.59359,2.25,2.10
2011.02.09 16:50:17.654,1.59316,1.59354,2.25,1.43
2011.02.09 16:50:17.769,1.59316,1.59359,2.25,2.10
2011.02.09 16:50:20.083,1.59316,1.59359,1.43,2.10
2011.02.09 16:50:20.196,1.59316,1.59359,2.25,2.10
2011.02.09 16:50:20.305,1.59316,1.59354,2.25,1.43
2011.02.09 16:50:20.526,1.59316,1.59359,2.25,2.10
2011.02.09 16:50:24.736,1.59316,1.59359,1.43,2.10
2011.02.09 16:50:28.506,1.59316,1.59354,2.25,1.43
2011.02.09 16:50:28.726,1.59321,1.59361,1.43,3.49
2011.02.09 16:50:29.576,1.59317,1.59358,2.25,1.80
2011.02.09 16:50:29.686,1.59317,1.59358,2.25,2.10
2011.02.09 16:50:30.598,1.59317,1.59358,2.25,1.80
2011.02.09 16:50:30.926,1.59322,1.59359,1.43,1.88
2011.02.09 16:50:31.257,1.59316,1.59359,2.25,3.60
2011.02.09 16:50:33.076,1.59316,1.59359,2.25,1.80
2011.02.09 16:50:33.865,1.59322,1.5936,1.43,1.99
2011.02.09 16:50:34.417,1.59313,1.59359,2.25,3.79
2011.02.09 16:50:34.529,1.59313,1.59359,1.43,3.79
2011.02.09 16:50:35.227,1.59307,1.59358,2.25,2.29
2011.02.09 16:50:39.246,1.59307,1.59358,2.25,2.37
2011.02.09 16:50:39.828,1.59311,1.59358,1.20,2.18
2011.02.09 16:50:40.857,1.59316,1.59359,1.43,2.10
2011.02.09 16:50:40.967,1.59306,1.59348,1.43,2.10
2011.02.09 16:50:41.076,1.59306,1.59348,2.25,1.43
2011.02.09 16:50:41.185,1.59308,1.59357,2.25,2.18
2011.02.09 16:50:41.297,1.59308,1.59357,1.43,2.29
2011.02.09 16:50:42.008,1.59307,1.59348,1.43,2.10
2011.02.09 16:50:42.121,1.59306,1.59354,2.25,2.10
2011.02.09 16:50:42.337,1.59306,1.59352,1.43,1.24
2011.02.09 16:50:42.448,1.59303,1.59348,2.25,2.10
2011.02.09 16:50:42.558,1.59306,1.59348,1.20,1.43
2011.02.09 16:50:42.667,1.59308,1.59359,2.25,1.13
2011.02.09 16:50:42.777,1.59308,1.59356,1.43,1.24
2011.02.09 16:50:44.102,1.59304,1.59349,2.25,2.10
2011.02.09 16:50:46.016,1.59304,1.59349,2.25,1.43
2011.02.09 16:50:46.485,1.59303,1.5935,2.25,2.10
2011.02.09 16:50:47.606,1.59307,1.5935,1.20,1.43
2011.02.09 16:50:48.314,1.59312,1.59355,2.25,3.30
2011.02.09 16:50:48.999,1.59304,1.59349,1.43,2.10
2011.02.09 16:50:50.729,1.59304,1.59348,1.43,1.24
2011.02.09 16:50:51.461,1.593,1.59339,2.25,1.43
2011.02.09 16:50:51.568,1.59303,1.5935,2.25,2.18
2011.02.09 16:50:52.406,1.59303,1.59345,1.43,2.18
2011.02.09 16:50:52.516,1.593,1.59344,1.43,2.29
2011.02.09 16:50:53.153,1.593,1.59344,1.43,2.29
2011.02.09 16:50:53.270,1.593,1.59344,1.43,2.29
2011.02.09 16:50:53.636,1.59307,1.59349,1.43,2.10
2011.02.09 16:50:53.747,1.59307,1.59349,1.43,1.80
2011.02.09 16:50:54.437,1.59307,1.59349,1.43,2.29
2011.02.09 16:50:54.928,1.59295,1.5934,1.43,2.10
2011.02.09 16:50:55.157,1.59305,1.59349,1.43,3.30
2011.02.09 16:50:56.172,1.59304,1.59349,1.43,1.80
2011.02.09 16:50:57.230,1.59304,1.59349,1.43,2.10
2011.02.09 16:50:57.959,1.59301,1.59343,2.25,1.43
2011.02.09 16:50:58.066,1.59304,1.59349,2.25,1.80
2011.02.09 16:50:58.175,1.59304,1.59349,1.43,2.10
2011.02.09 16:50:58.786,1.59301,1.59343,1.43,2.10
2011.02.09 16:50:58.900,1.59305,1.59349,1.43,1.80
2011.02.09 16:50:59.228,1.59311,1.59353,1.43,2.18
2011.02.09 16:51:00.328,1.59303,1.59343,1.43,2.10
2011.02.09 16:51:01.520,1.59309,1.59347,1.43,3.60
2011.02.09 16:51:01.626,1.59309,1.59347,1.43,3.30
2011.02.09 16:51:01.846,1.59309,1.59347,1.43,2.10
2011.02.09 16:51:06.165,1.59301,1.59332,1.20,1.43
2011.02.09 16:51:06.279,1.59293,1.59332,1.43,2.10
2011.02.09 16:51:06.387,1.593,1.59337,1.43,1.50
2011.02.09 16:51:06.497,1.593,1.59341,1.43,2.37
2011.02.09 16:51:08.169,1.593,1.59341,1.43,3.12
2011.02.09 16:51:08.496,1.59293,1.59332,1.43,2.10
2011.02.09 16:51:09.319,1.593,1.59341,1.43,1.50
2011.02.09 16:51:10.799,1.593,1.59342,1.43,2.29
2011.02.09 16:51:12.158,1.59305,1.59341,1.43,1.50
2011.02.09 16:51:12.376,1.593,1.59341,1.43,2.18
2011.02.09 16:51:13.716,1.593,1.59341,1.43,2.18
2011.02.09 16:51:13.826,1.59295,1.59336,1.43,1.88
2011.02.09 16:51:14.048,1.59291,1.59334,1.43,2.29
2011.02.09 16:51:14.268,1.59294,1.59336,1.43,1.88
2011.02.09 16:51:15.647,1.593,1.59341,1.43,2.44
2011.02.09 16:51:15.976,1.59308,1.59348,1.43,2.25
2011.02.09 16:51:16.346,1.593,1.59342,1.43,2.37
2011.02.09 16:51:23.266,1.593,1.59337,2.25,1.88
2011.02.09 16:51:23.378,1.593,1.59341,1.43,2.25
2011.02.09 16:51:23.487,1.59305,1.59341,1.43,2.25
2011.02.09 16:51:23.974,1.59298,1.59337,1.43,1.80
2011.02.09 16:51:24.079,1.59301,1.59338,1.43,1.80
2011.02.09 16:51:24.407,1.59294,1.59333,1.43,2.10
2011.02.09 16:51:24.967,1.59294,1.59333,2.25,1.80
2011.02.09 16:51:25.082,1.59297,1.59349,2.25,3.79
2011.02.09 16:51:25.297,1.59297,1.59349,2.25,3.79
2011.02.09 16:51:26.557,1.59304,1.59349,1.20,3.30
2011.02.09 16:51:26.887,1.59312,1.59354,1.43,2.18
2011.02.09 16:51:27.107,1.59307,1.59349,2.25,3.30
2011.02.09 16:51:27.217,1.59307,1.59349,1.43,3.30
2011.02.09 16:51:27.859,1.59298,1.59348,2.25,2.29
2011.02.09 16:51:28.576,1.59298,1.59343,2.25,1.43
2011.02.09 16:51:28.906,1.59298,1.59339,2.25,1.50
2011.02.09 16:51:29.464,1.59298,1.59343,2.25,2.10
2011.02.09 16:51:29.687,1.59298,1.59341,1.43,1.24
2011.02.09 16:51:30.016,1.59291,1.59333,1.43,2.10
2011.02.09 16:51:30.346,1.59299,1.59336,1.43,2.10
2011.02.09 16:51:30.456,1.59299,1.59336,1.43,2.10
2011.02.09 16:51:30.677,1.59314,1.59343,1.43,2.37
2011.02.09 16:51:31.350,1.59314,1.59352,1.43,2.18
2011.02.09 16:51:31.468,1.59305,1.59347,1.43,2.10
2011.02.09 16:51:33.447,1.59305,1.59347,1.43,2.10
2011.02.09 16:51:33.556,1.593,1.59344,1.43,2.10
2011.02.09 16:51:33.666,1.593,1.59344,1.43,1.43
2011.02.09 16:51:33.776,1.59305,1.59347,1.43,2.25
2011.02.09 16:51:34.590,1.59299,1.59342,1.43,1.69
2011.02.09 16:51:34.917,1.59308,1.59348,1.43,2.10
2011.02.09 16:51:35.136,1.59304,1.59348,1.43,3.79
2011.02.09 16:51:38.331,1.59305,1.59347,1.43,2.29
2011.02.09 16:51:39.368,1.59314,1.59352,1.43,2.10
2011.02.09 16:51:41.157,1.59314,1.59352,1.43,3.79
2011.02.09 16:51:41.488,1.59309,1.59345,1.43,1.05
2011.02.09 16:51:41.707,1.59294,1.59331,1.43,2.10
2011.02.09 16:51:45.521,1.59297,1.59332,1.43,1.43
2011.02.09 16:51:45.626,1.59288,1.59327,2.03,1.43
2011.02.09 16:51:45.736,1.59288,1.59327,1.43,1.43
2011.02.09 16:51:48.706,1.59288,1.59327,1.43,2.40
2011.02.09 16:51:48.927,1.5928,1.59317,1.58,1.43
2011.02.09 16:51:49.037,1.5928,1.59317,1.62,1.43
2011.02.09 16:51:49.146,1.59287,1.59328,1.43,1.43
2011.02.09 16:51:50.467,1.59287,1.59328,1.58,1.43
2011.02.09 16:51:50.577,1.59287,1.59328,3.79,1.43
2011.02.09 16:51:50.906,1.59296,1.59333,1.43,2.03
2011.02.09 16:51:51.237,1.59299,1.59336,1.43,1.43
2011.02.09 16:51:51.795,1.59302,1.59337,1.43,1.43
2011.02.09 16:51:55.098,1.59304,1.5934,1.43,1.32
2011.02.09 16:51:55.634,1.59295,1.59324,1.50,1.43
2011.02.09 16:51:55.751,1.59296,1.59335,1.43,1.43
2011.02.09 16:51:55.967,1.59296,1.59335,1.43,1.62
2011.02.09 16:51:56.753,1.59288,1.59325,1.43,1.43
2011.02.09 16:51:56.869,1.59286,1.59321,1.43,1.43
2011.02.09 16:51:57.087,1.59288,1.59325,1.43,1.43
2011.02.09 16:52:00.357,1.59295,1.59336,1.43,1.43
2011.02.09 16:52:02.148,1.5929,1.59331,1.58,1.43
2011.02.09 16:52:04.107,1.5929,1.59331,1.43,1.43
2011.02.09 16:52:04.218,1.5929,1.59331,1.58,1.43
2011.02.09 16:52:04.908,1.5929,1.59331,1.43,1.43
2011.02.09 16:52:06.079,1.59297,1.59336,1.43,1.43
2011.02.09 16:52:06.406,1.59305,1.59342,1.43,1.43
2011.02.09 16:52:07.617,1.5931,1.59345,1.43,1.43
2011.02.09 16:52:07.837,1.59304,1.59341,1.43,1.43
2011.02.09 16:52:08.647,1.5931,1.59345,1.43,2.03
2011.02.09 16:52:08.757,1.5931,1.59345,1.43,1.43
2011.02.09 16:52:09.136,1.59305,1.5934,1.43,1.43
2011.02.09 16:52:11.466,1.5931,1.59345,1.43,1.43
2011.02.09 16:52:18.782,1.5931,1.59345,1.43,2.03
2011.02.09 16:52:18.890,1.59305,1.5934,1.43,1.43
2011.02.09 16:52:27.048,1.5931,1.59345,1.43,2.03
2011.02.09 16:52:27.158,1.5931,1.59345,1.43,1.43
2011.02.09 16:52:28.059,1.59314,1.59351,1.43,1.43
2011.02.09 16:52:32.617,1.59314,1.59349,1.43,2.48
2011.02.09 16:52:32.725,1.59307,1.59342,1.50,1.43
2011.02.09 16:52:33.686,1.59315,1.5935,1.43,1.43
2011.02.09 16:52:34.017,1.5932,1.59355,1.43,2.03
2011.02.09 16:52:34.127,1.5932,1.59355,1.43,1.43
2011.02.09 16:52:36.686,1.59316,1.59355,1.43,1.43
2011.02.09 16:52:38.836,1.59316,1.59355,1.43,2.03
2011.02.09 16:52:38.946,1.59313,1.59352,1.43,1.43
2011.02.09 16:52:39.669,1.59312,1.59353,1.43,2.03
2011.02.09 16:52:40.156,1.59322,1.59357,1.43,2.03
2011.02.09 16:52:40.376,1.59322,1.59357,1.43,1.43
2011.02.09 16:52:42.617,1.59314,1.59349,3.90,1.43
2011.02.09 16:52:42.726,1.59314,1.59349,1.62,1.43
2011.02.09 16:52:42.837,1.59321,1.59358,1.43,1.43
2011.02.09 16:52:49.147,1.59314,1.59352,1.50,1.43
2011.02.09 16:52:49.965,1.59313,1.59352,1.43,1.43
2011.02.09 16:52:50.596,1.59321,1.59358,1.43,2.40
2011.02.09 16:52:50.707,1.59321,1.59358,1.43,1.43
2011.02.09 16:52:52.566,1.59314,1.59349,3.90,1.43
2011.02.09 16:52:52.676,1.59314,1.59349,2.93,1.43
2011.02.09 16:52:53.285,1.5931,1.59345,1.43,1.43
2011.02.09 16:52:53.400,1.59308,1.59346,2.03,1.43
2011.02.09 16:52:53.616,1.59299,1.59346,2.22,2.03
2011.02.09 16:52:54.166,1.59308,1.59346,2.03,1.43
2011.02.09 16:52:55.736,1.59309,1.59348,1.43,1.43
2011.02.09 16:52:57.288,1.59309,1.59347,1.43,1.50
2011.02.09 16:52:57.397,1.59294,1.59336,2.03,2.03
2011.02.09 16:52:58.134,1.59294,1.59336,2.03,2.03
2011.02.09 16:52:58.966,1.59295,1.5934,2.03,2.03
2011.02.09 16:53:01.382,1.59301,1.59349,2.03,2.03
2011.02.09 16:53:01.718,1.59295,1.59334,2.40,1.43
2011.02.09 16:53:01.938,1.59295,1.59334,1.43,1.43
2011.02.09 16:53:02.048,1.59313,1.59344,1.43,2.48
2011.02.09 16:53:02.156,1.59313,1.59354,1.43,1.43
2011.02.09 16:53:03.097,1.59307,1.5935,2.03,2.03
2011.02.09 16:53:03.657,1.59301,1.59349,2.40,1.43
2011.02.09 16:53:03.767,1.59301,1.59349,2.03,2.03
2011.02.09 16:53:04.876,1.59295,1.59334,1.43,1.43
2011.02.09 16:53:05.539,1.593,1.5935,2.03,2.22
2011.02.09 16:53:06.626,1.593,1.5935,2.03,2.40
2011.02.09 16:53:08.944,1.59299,1.59345,2.03,1.43
2011.02.09 16:53:09.479,1.59301,1.59349,2.03,2.03
2011.02.09 16:53:09.806,1.59301,1.59349,1.43,2.97
2011.02.09 16:53:10.026,1.59294,1.59341,2.03,2.03
2011.02.09 16:53:13.586,1.59305,1.59342,1.43,1.43
2011.02.09 16:53:14.285,1.59294,1.59341,2.03,2.03
2011.02.09 16:53:14.389,1.59295,1.59335,1.43,2.03
2011.02.09 16:53:15.592,1.59295,1.5934,2.03,2.03
2011.02.09 16:53:16.727,1.593,1.59347,2.03,1.50
2011.02.09 16:53:17.347,1.59295,1.5934,2.03,2.03
2011.02.09 16:53:17.716,1.59301,1.59348,1.43,2.48
2011.02.09 16:53:17.937,1.59301,1.59349,2.03,2.40
2011.02.09 16:53:18.158,1.59295,1.5934,2.03,2.03
2011.02.09 16:53:19.926,1.59295,1.5934,2.40,1.43
2011.02.09 16:53:20.624,1.59305,1.59342,1.43,1.43
2011.02.09 16:53:25.149,1.59308,1.59345,1.43,1.43
2011.02.09 16:53:27.026,1.5931,1.59348,1.43,2.03
2011.02.09 16:53:27.576,1.5931,1.59348,2.03,1.43
2011.02.09 16:53:30.215,1.5931,1.59348,2.59,1.43
2011.02.09 16:53:30.329,1.59316,1.59356,1.43,1.43
2011.02.09 16:53:30.436,1.5931,1.59348,1.43,1.43
2011.02.09 16:53:31.117,1.59308,1.59345,1.43,1.43
2011.02.09 16:53:31.666,1.5931,1.59348,1.43,1.43
2011.02.09 16:53:34.479,1.59311,1.59347,2.40,1.43
2011.02.09 16:53:34.586,1.59319,1.59354,1.43,1.43
2011.02.09 16:53:39.097,1.59322,1.59359,1.43,1.43
2011.02.09 16:53:39.318,1.59327,1.59364,1.43,2.03
2011.02.09 16:53:39.918,1.5932,1.59361,2.03,2.03
2011.02.09 16:53:42.548,1.5932,1.59361,1.43,2.03
2011.02.09 16:53:42.658,1.59317,1.59356,1.43,1.43
2011.02.09 16:53:43.319,1.59311,1.59354,2.18,1.43
2011.02.09 16:53:43.426,1.59311,1.59354,2.18,1.43
2011.02.09 16:53:43.756,1.59311,1.59354,2.03,1.43
2011.02.09 16:53:45.107,1.59311,1.59354,2.18,1.43
2011.02.09 16:53:45.706,1.59311,1.59354,2.03,1.43
2011.02.09 16:53:47.147,1.59311,1.59354,1.43,2.03
2011.02.09 16:53:47.258,1.59307,1.59348,1.43,1.43
2011.02.09 16:53:47.807,1.59307,1.59348,2.48,1.43
2011.02.09 16:53:47.917,1.5931,1.59355,2.03,2.03
2011.02.09 16:53:49.498,1.59307,1.59348,1.50,1.43
2011.02.09 16:53:54.686,1.59307,1.59348,1.43,1.62
2011.02.09 16:53:55.379,1.59303,1.59338,2.03,1.43
2011.02.09 16:53:55.489,1.59308,1.59347,1.43,1.43
2011.02.09 16:53:56.838,1.59308,1.59347,1.43,1.62
2011.02.09 16:53:57.458,1.59303,1.59338,1.43,1.43
2011.02.09 16:53:57.676,1.59307,1.59348,1.43,1.43
2011.02.09 16:53:57.786,1.59311,1.59352,1.43,1.43
2011.02.09 16:53:58.117,1.59308,1.59347,2.40,1.43
2011.02.09 16:53:58.227,1.59308,1.59347,1.62,1.43
2011.02.09 16:53:58.708,1.59308,1.59347,2.22,1.43
2011.02.09 16:53:58.818,1.59312,1.59354,2.03,2.03
2011.02.09 16:54:00.946,1.59318,1.59357,1.43,1.43
2011.02.09 16:54:05.617,1.59318,1.59357,2.40,1.43
2011.02.09 16:54:06.249,1.59324,1.59363,1.43,1.43
2011.02.09 16:54:06.357,1.59329,1.59368,1.43,1.80
2011.02.09 16:54:08.508,1.59329,1.59368,1.43,2.03
2011.02.09 16:54:08.727,1.59321,1.59365,2.03,2.03
2011.02.09 16:54:08.838,1.59317,1.59358,1.58,1.43
2011.02.09 16:54:09.531,1.59328,1.59369,1.43,1.80
2011.02.09 16:54:10.580,1.59333,1.59372,1.43,3.90
2011.02.09 16:54:10.687,1.59322,1.59364,1.43,2.03
2011.02.09 16:54:10.796,1.59322,1.59362,1.43,1.50
2011.02.09 16:54:10.907,1.59317,1.59358,1.43,1.43
2011.02.09 16:54:11.237,1.59317,1.59358,1.43,1.99
2011.02.09 16:54:11.878,1.59305,1.59351,2.40,1.43
2011.02.09 16:54:11.989,1.59303,1.59342,1.58,1.43
2011.02.09 16:54:12.627,1.59308,1.59347,1.43,1.43
2011.02.09 16:54:13.135,1.59308,1.59347,1.43,2.37
2011.02.09 16:54:13.253,1.59303,1.59342,1.43,1.80
2011.02.09 16:54:13.360,1.59292,1.59332,2.33,1.43
2011.02.09 16:54:14.045,1.59297,1.59337,1.80,1.62
2011.02.09 16:54:14.158,1.59297,1.59337,1.80,1.43
2011.02.09 16:54:17.286,1.59297,1.59337,1.80,1.62
2011.02.09 16:54:17.396,1.59292,1.59332,2.25,1.43
2011.02.09 16:54:17.616,1.59297,1.59337,1.80,2.22
2011.02.09 16:54:18.188,1.59297,1.59337,1.80,1.62
2011.02.09 16:54:18.297,1.59297,1.59337,1.80,3.72
2011.02.09 16:54:18.998,1.59293,1.59331,2.18,1.43
2011.02.09 16:54:19.536,1.59297,1.59332,1.80,1.43
2011.02.09 16:54:21.258,1.59297,1.59332,1.43,1.43
2011.02.09 16:54:21.864,1.593,1.5934,1.43,2.03
2011.02.09 16:54:22.366,1.593,1.5934,2.40,1.43
2011.02.09 16:54:22.477,1.59305,1.59349,2.03,1.80
2011.02.09 16:54:28.130,1.59307,1.5935,2.03,1.80
2011.02.09 16:54:33.419,1.59307,1.5935,1.43,1.43
2011.02.09 16:54:33.967,1.59308,1.59359,2.03,2.03
2011.02.09 16:54:34.076,1.59306,1.59351,2.22,1.43
2011.02.09 16:54:34.186,1.59306,1.59351,2.22,2.03
2011.02.09 16:54:35.187,1.59306,1.59351,2.37,2.03
2011.02.09 16:54:36.486,1.59306,1.59351,2.22,2.03
2011.02.09 16:54:37.867,1.59307,1.5936,2.03,2.03
2011.02.09 16:54:38.551,1.59316,1.5936,2.03,2.03
2011.02.09 16:54:43.099,1.59313,1.5936,2.03,2.03
2011.02.09 16:54:44.989,1.59316,1.5936,2.03,1.80
2011.02.09 16:54:49.456,1.59322,1.59363,1.43,1.80
2011.02.09 16:54:50.044,1.59316,1.5936,2.03,1.80
2011.02.09 16:54:50.161,1.59314,1.59359,2.03,2.03
2011.02.09 16:54:50.377,1.59316,1.5936,2.03,1.80
2011.02.09 16:54:56.176,1.59322,1.59361,1.43,1.80
2011.02.09 16:54:56.858,1.59324,1.59369,2.03,2.18
2011.02.09 16:54:57.788,1.59324,1.59369,2.03,2.18
2011.02.09 16:54:57.902,1.59317,1.59356,1.43,1.43
2011.02.09 16:55:00.260,1.59317,1.59356,1.43,2.22
2011.02.09 16:55:00.853,1.5931,1.59352,2.03,2.03
2011.02.09 16:55:00.963,1.59315,1.59357,2.03,1.43
2011.02.09 16:55:01.068,1.59315,1.59357,2.03,1.43
2011.02.09 16:55:01.176,1.59312,1.59355,2.03,1.43
2011.02.09 16:55:01.286,1.59312,1.59359,2.03,2.03
2011.02.09 16:55:01.879,1.59322,1.59361,1.43,2.03
2011.02.09 16:55:02.208,1.59317,1.59359,2.03,1.80
2011.02.09 16:55:02.808,1.59316,1.5936,1.43,2.03
2011.02.09 16:55:02.916,1.59316,1.5936,2.03,1.80
2011.02.09 16:55:03.247,1.59322,1.59361,1.43,1.80
2011.02.09 16:55:05.656,1.59322,1.59361,1.43,1.43
2011.02.09 16:55:07.393,1.59316,1.5936,2.03,1.43
2011.02.09 16:55:07.504,1.59327,1.59366,1.43,1.80
2011.02.09 16:55:15.626,1.59327,1.59366,1.43,1.80
2011.02.09 16:55:20.396,1.59327,1.59366,2.03,1.80
2011.02.09 16:55:20.726,1.59332,1.59371,1.43,2.18
2011.02.09 16:55:21.970,1.59324,1.59367,2.40,1.80
2011.02.09 16:55:22.081,1.59323,1.59362,1.43,1.43
2011.02.09 16:55:22.298,1.59322,1.59363,2.48,1.43
2011.02.09 16:55:22.991,1.5933,1.59371,1.43,2.18
2011.02.09 16:55:23.099,1.59324,1.59367,1.43,1.80
2011.02.09 16:55:24.389,1.59323,1.59365,2.03,1.80
2011.02.09 16:55:25.063,1.59323,1.59365,2.03,1.80
2011.02.09 16:55:25.743,1.59323,1.59365,2.03,1.80
2011.02.09 16:55:25.859,1.59323,1.59365,1.43,1.43
2011.02.09 16:55:26.097,1.5933,1.59371,1.43,2.03
2011.02.09 16:55:26.428,1.59335,1.59375,1.43,2.25
2011.02.09 16:55:26.998,1.59326,1.59361,2.40,1.43
2011.02.09 16:55:27.110,1.59326,1.59361,2.03,1.43
2011.02.09 16:55:27.216,1.59326,1.59361,1.43,1.43
2011.02.09 16:55:27.657,1.59331,1.5937,1.43,1.80
2011.02.09 16:55:29.119,1.59331,1.5937,2.18,1.80
2011.02.09 16:55:29.446,1.59349,1.5939,1.43,2.18
2011.02.09 16:55:30.179,1.59351,1.59396,2.03,2.18
2011.02.09 16:55:30.657,1.59349,1.5939,1.43,2.18
2011.02.09 16:55:33.757,1.59345,1.59384,1.43,2.18
2011.02.09 16:55:35.627,1.59345,1.59384,1.43,1.43
2011.02.09 16:55:36.287,1.59345,1.59384,1.62,1.43
2011.02.09 16:55:36.886,1.59353,1.59399,1.69,2.18
2011.02.09 16:55:37.000,1.5936,1.594,1.43,2.18
2011.02.09 16:55:40.207,1.5937,1.59407,1.43,2.18
2011.02.09 16:55:40.879,1.5937,1.59407,1.43,2.18
2011.02.09 16:55:40.991,1.59355,1.5939,1.62,1.43
2011.02.09 16:55:41.097,1.5936,1.594,1.43,2.18
2011.02.09 16:55:42.369,1.5936,1.594,2.40,3.68
2011.02.09 16:55:42.589,1.59368,1.594,2.03,2.25
2011.02.09 16:55:42.917,1.59371,1.59405,1.43,2.25
2011.02.09 16:55:43.027,1.59364,1.59401,2.03,2.18
2011.02.09 16:55:43.137,1.59359,1.59396,1.43,1.80
2011.02.09 16:55:43.729,1.59366,1.59404,1.43,2.18
2011.02.09 16:55:45.549,1.59366,1.59404,1.43,1.43
2011.02.09 16:55:46.967,1.59359,1.59396,2.03,1.43
2011.02.09 16:55:47.582,1.59359,1.59396,1.43,1.43
2011.02.09 16:55:48.614,1.59355,1.5939,2.03,1.43
2011.02.09 16:55:48.947,1.59355,1.5939,1.43,1.43
2011.02.09 16:55:49.529,1.59355,1.5939,1.43,2.03
2011.02.09 16:55:49.637,1.59345,1.59384,1.43,1.43
2011.02.09 16:55:54.778,1.59348,1.59392,1.43,1.17
2011.02.09 16:55:55.484,1.59348,1.59395,2.40,1.50
2011.02.09 16:55:56.074,1.59357,1.59396,2.03,2.18
2011.02.09 16:55:57.998,1.59352,1.59391,1.43,1.80
2011.02.09 16:55:58.107,1.59349,1.5939,2.03,1.80
2011.02.09 16:55:59.876,1.5935,1.59391,1.43,1.80
2011.02.09 16:56:02.985,1.59345,1.59382,1.43,1.43
2011.02.09 16:56:03.090,1.5935,1.59391,1.43,1.80
2011.02.09 16:56:03.418,1.59355,1.59392,1.43,1.80
2011.02.09 16:56:04.050,1.5936,1.59397,1.43,2.18
2011.02.09 16:56:05.818,1.5936,1.59397,1.43,2.03
2011.02.09 16:56:05.926,1.59356,1.59391,1.43,1.43
2011.02.09 16:56:06.777,1.5936,1.59397,1.43,2.03
2011.02.09 16:56:07.322,1.5936,1.59397,1.43,1.43
2011.02.09 16:56:07.967,1.59359,1.59396,1.43,1.43
2011.02.09 16:56:08.509,1.5935,1.59381,1.50,1.43
2011.02.09 16:56:08.621,1.59351,1.5939,1.43,1.62
2011.02.09 16:56:09.729,1.59356,1.59394,1.43,1.50
2011.02.09 16:56:11.617,1.59356,1.59395,1.43,1.43
2011.02.09 16:56:14.800,1.59358,1.59395,1.17,1.43
2011.02.09 16:56:14.909,1.59366,1.59401,1.43,1.43
2011.02.09 16:56:15.019,1.59366,1.59401,1.43,2.03
2011.02.09 16:56:15.128,1.59356,1.59395,1.43,1.43
2011.02.09 16:56:16.677,1.59356,1.59395,2.40,1.43
2011.02.09 16:56:17.281,1.5936,1.59397,1.43,1.43
2011.02.09 16:56:18.670,1.59351,1.5939,1.62,1.43
2011.02.09 16:56:18.780,1.59367,1.59405,1.43,1.43
2011.02.09 16:56:20.646,1.5937,1.5941,1.43,1.80
2011.02.09 16:56:20.762,1.59366,1.59406,1.43,1.43
2011.02.09 16:56:22.742,1.59355,1.59396,1.43,1.43
2011.02.09 16:56:26.949,1.59353,1.594,2.40,3.12
2011.02.09 16:56:27.386,1.59352,1.59393,1.43,2.03
2011.02.09 16:56:27.497,1.59352,1.59392,1.43,1.17
2011.02.09 16:56:27.607,1.59346,1.59387,1.43,2.03
2011.02.09 16:56:28.790,1.59345,1.59386,1.43,1.43
2011.02.09 16:56:28.899,1.59339,1.59382,1.43,1.43
2011.02.09 16:56:29.500,1.59345,1.59386,1.43,1.43
2011.02.09 16:56:33.896,1.59346,1.59387,1.43,1.43
2011.02.09 16:56:34.227,1.59346,1.59387,2.40,1.43
2011.02.09 16:56:34.758,1.59354,1.59393,2.03,1.43
2011.02.09 16:56:34.871,1.59346,1.59385,1.43,1.43
2011.02.09 16:56:39.156,1.59346,1.59385,1.43,1.80
2011.02.09 16:56:52.567,1.59352,1.59393,1.43,2.18
2011.02.09 16:56:53.256,1.59352,1.59393,1.43,4.47
2011.02.09 16:56:53.371,1.59346,1.59385,1.43,1.80
2011.02.09 16:57:01.318,1.59341,1.5938,2.03,1.43
2011.02.09 16:57:01.427,1.59341,1.5938,1.43,1.43
2011.02.09 16:57:04.026,1.59346,1.59385,1.43,1.80
2011.02.09 16:57:07.077,1.5934,1.59381,2.03,1.80
2011.02.09 16:57:07.187,1.5934,1.59381,1.62,1.80
2011.02.09 16:57:07.297,1.59345,1.59385,1.43,1.88
2011.02.09 16:57:12.151,1.59345,1.59386,1.62,2.18
2011.02.09 16:57:12.259,1.59356,1.59391,1.43,2.18
2011.02.09 16:57:15.636,1.59356,1.59391,1.43,1.80
2011.02.09 16:57:21.788,1.59364,1.59397,1.43,2.25
2011.02.09 16:57:22.117,1.59356,1.59392,1.17,2.18
2011.02.09 16:57:22.228,1.59355,1.59392,1.43,2.18
2011.02.09 16:57:22.339,1.59361,1.59401,1.43,2.18
2011.02.09 16:57:23.222,1.59361,1.59401,1.43,2.18
2011.02.09 16:57:25.739,1.59361,1.59401,1.43,1.43
2011.02.09 16:57:26.489,1.59361,1.59401,1.62,1.43
2011.02.09 16:57:27.169,1.59372,1.59407,1.43,2.18
2011.02.09 16:57:27.280,1.59366,1.59402,1.43,1.88
2011.02.09 16:57:27.498,1.59371,1.59408,1.43,2.18
2011.02.09 16:57:27.607,1.59363,1.594,1.43,1.43
2011.02.09 16:57:28.329,1.59355,1.59392,1.43,1.43
2011.02.09 16:57:40.357,1.59355,1.59392,1.43,1.80
2011.02.09 16:57:41.047,1.59355,1.59392,1.43,3.49
2011.02.09 16:57:41.376,1.5936,1.594,1.43,2.37
2011.02.09 16:57:41.959,1.59359,1.59402,1.43,2.18
2011.02.09 16:57:51.818,1.59359,1.59402,2.03,2.03
2011.02.09 16:57:52.889,1.59356,1.59395,1.43,1.43
2011.02.09 16:58:05.777,1.59366,1.59401,1.43,1.43
2011.02.09 16:58:10.569,1.5936,1.59399,1.43,2.03
2011.02.09 16:58:10.896,1.59364,1.59409,2.03,2.18
2011.02.09 16:58:13.050,1.59367,1.59401,1.50,1.43
2011.02.09 16:58:13.820,1.59371,1.59411,1.43,2.18
2011.02.09 16:58:15.741,1.59371,1.59411,1.43,1.43
2011.02.09 16:58:17.519,1.59365,1.59408,1.43,2.03
2011.02.09 16:58:22.501,1.59371,1.59411,1.43,1.43
2011.02.09 16:58:26.788,1.59371,1.59411,1.43,2.03
2011.02.09 16:58:26.897,1.59364,1.59409,2.03,2.03
2011.02.09 16:58:27.490,1.59362,1.59399,1.43,2.03
2011.02.09 16:58:27.816,1.59366,1.59401,1.43,1.43
2011.02.09 16:58:28.784,1.59365,1.59408,2.03,2.03
2011.02.09 16:58:34.157,1.59376,1.59415,1.43,2.03
2011.02.09 16:58:37.438,1.59376,1.59415,2.03,1.43
2011.02.09 16:58:37.547,1.5938,1.59425,2.03,2.03
2011.02.09 16:58:38.381,1.59376,1.59417,1.43,1.43
2011.02.09 16:58:38.927,1.59376,1.59417,2.37,1.43
2011.02.09 16:58:39.556,1.59392,1.59431,1.43,2.18
2011.02.09 16:58:40.125,1.5939,1.59431,2.03,2.18
2011.02.09 16:58:40.940,1.59381,1.59424,2.03,2.03
2011.02.09 16:58:41.157,1.59381,1.59424,2.03,1.62
2011.02.09 16:58:41.487,1.59376,1.59417,2.40,1.43
2011.02.09 16:58:42.198,1.59376,1.59417,2.03,1.43
2011.02.09 16:58:48.421,1.59377,1.59416,1.43,1.43
2011.02.09 16:58:52.257,1.59381,1.59422,1.43,2.03
2011.02.09 16:58:52.368,1.59381,1.59422,1.43,1.43
2011.02.09 16:58:53.528,1.59392,1.59429,1.43,1.99
2011.02.09 16:58:54.077,1.59392,1.59428,1.43,1.17
2011.02.09 16:58:54.187,1.59382,1.59421,1.43,1.43
2011.02.09 16:58:54.850,1.59392,1.59429,1.43,1.80
2011.02.09 16:58:55.178,1.59382,1.59421,1.43,1.43
2011.02.09 16:59:03.883,1.59382,1.59421,1.43,2.03
2011.02.09 16:59:03.988,1.59377,1.59416,1.43,1.43
2011.02.09 16:59:05.348,1.59377,1.59416,1.43,2.03
2011.02.09 16:59:05.457,1.5937,1.59415,2.03,2.03
2011.02.09 16:59:05.567,1.59371,1.59415,1.17,1.43
2011.02.09 16:59:06.137,1.59377,1.59416,1.43,1.43
2011.02.09 16:59:08.937,1.59377,1.59416,1.62,1.43
2011.02.09 16:59:09.268,1.59387,1.59424,1.43,1.43
2011.02.09 16:59:11.488,1.59387,1.59416,1.43,1.32
2011.02.09 16:59:11.708,1.59367,1.594,1.50,1.43
2011.02.09 16:59:11.819,1.59362,1.594,1.58,1.43
2011.02.09 16:59:12.551,1.59361,1.59401,2.03,1.43
2011.02.09 16:59:12.658,1.59363,1.59401,1.43,1.43
2011.02.09 16:59:12.877,1.59361,1.59401,1.43,1.43
2011.02.09 16:59:12.988,1.59361,1.59401,2.22,1.43
2011.02.09 16:59:13.567,1.59362,1.59416,1.62,1.62
2011.02.09 16:59:13.680,1.59362,1.59416,1.43,1.43
2011.02.09 16:59:14.437,1.59376,1.59417,1.43,2.03
2011.02.09 16:59:17.078,1.59388,1.59423,1.43,1.80
2011.02.09 16:59:17.408,1.59376,1.59417,2.03,1.43
2011.02.09 16:59:20.808,1.59377,1.59416,1.43,1.43
2011.02.09 16:59:20.923,1.59377,1.59418,2.03,1.43
2011.02.09 16:59:22.230,1.59383,1.59424,1.43,1.80
2011.02.09 16:59:23.379,1.5938,1.59425,2.03,1.80
2011.02.09 16:59:25.536,1.5938,1.59425,2.03,2.03
2011.02.09 16:59:26.188,1.5938,1.59425,2.03,2.03
2011.02.09 16:59:26.673,1.59383,1.59424,1.43,1.43
2011.02.09 16:59:26.779,1.59381,1.59424,1.43,2.03
2011.02.09 16:59:27.660,1.59381,1.59424,2.40,1.43
2011.02.09 16:59:28.420,1.59389,1.59428,1.43,1.62
2011.02.09 16:59:28.528,1.5938,1.59425,2.03,2.03
2011.02.09 16:59:30.379,1.59382,1.59425,2.03,2.03
2011.02.09 16:59:32.928,1.59381,1.59421,2.03,1.32
2011.02.09 16:59:33.147,1.59368,1.59406,1.58,1.43
2011.02.09 16:59:33.719,1.59386,1.59427,1.43,1.43
2011.02.09 16:59:34.267,1.59386,1.59427,1.43,1.62
2011.02.09 16:59:34.377,1.59381,1.59422,1.43,1.43
2011.02.09 16:59:35.171,1.59392,1.59429,1.43,1.99
2011.02.09 16:59:35.280,1.59392,1.59429,1.43,1.80
2011.02.09 16:59:38.338,1.59392,1.59428,1.43,1.17
2011.02.09 16:59:38.896,1.59382,1.59417,1.43,1.43
2011.02.09 16:59:39.228,1.59386,1.59427,1.43,1.43
2011.02.09 16:59:39.338,1.59381,1.59422,2.03,1.43
2011.02.09 16:59:39.447,1.59381,1.59422,1.43,1.43
2011.02.09 16:59:41.098,1.59373,1.59412,2.40,1.43
2011.02.09 16:59:41.207,1.59373,1.59412,1.43,1.43
2011.02.09 16:59:41.318,1.59373,1.59412,1.43,1.62
2011.02.09 16:59:41.934,1.59373,1.59412,2.40,1.43
2011.02.09 16:59:42.268,1.59388,1.59425,1.43,1.62
2011.02.09 16:59:42.927,1.59377,1.59418,2.40,1.43
2011.02.09 16:59:43.147,1.59377,1.59418,2.03,1.62
2011.02.09 16:59:46.070,1.59372,1.59409,1.43,1.43
2011.02.09 16:59:46.178,1.59362,1.59402,1.43,1.43
2011.02.09 16:59:47.418,1.59362,1.59402,1.43,1.62
2011.02.09 16:59:51.701,1.59362,1.59402,1.43,2.03
2011.02.09 16:59:52.323,1.59354,1.59399,3.90,1.43
2011.02.09 16:59:52.430,1.59367,1.59407,1.43,1.43
2011.02.09 16:59:52.757,1.59352,1.59406,1.43,1.43
2011.02.09 16:59:52.867,1.59356,1.59412,1.43,1.17
2011.02.09 16:59:53.390,1.59356,1.59413,2.03,2.22
2011.02.09 16:59:54.886,1.59354,1.59399,2.03,2.03
2011.02.09 16:59:55.789,1.59354,1.59399,2.40,1.43
2011.02.09 16:59:55.898,1.59366,1.59407,1.43,1.43
2011.02.09 16:59:58.147,1.59366,1.59406,1.43,1.43
2011.02.09 16:59:59.438,1.59372,1.5941,1.43,1.62
2011.02.09 16:59:59.813,1.59367,1.59405,1.43,1.43
