2017.08.28 08:00:00.070,1.6236,1.62385,1.50,1.00
2017.08.28 08:00:00.255,1.62364,1.62385,1.00,1.00
2017.08.28 08:00:00.458,1.62363,1.62387,1.00,1.00
2017.08.28 08:00:00.814,1.6236,1.62387,1.50,2.06
2017.08.28 08:00:01.221,1.62359,1.62385,1.50,1.00
2017.08.28 08:00:01.532,1.62361,1.62385,1.00,1.00
2017.08.28 08:00:01.842,1.62361,1.62383,1.00,1.00
2017.08.28 08:00:02.465,1.6236,1.62382,1.50,1.00
2017.08.28 08:00:03.067,1.6236,1.62383,1.00,1.00
2017.08.28 08:00:03.608,1.62361,1.62383,1.00,1.00
2017.08.28 08:00:04.249,1.6236,1.62383,1.50,1.50
2017.08.28 08:00:04.351,1.62357,1.62383,1.50,1.25
2017.08.28 08:00:04.402,1.62365,1.62382,1.00,1.00
2017.08.28 08:00:04.453,1.62366,1.62386,1.00,1.87
2017.08.28 08:00:04.556,1.62368,1.62386,1.00,1.00
2017.08.28 08:00:04.888,1.62371,1.62391,1.50,1.00
2017.08.28 08:00:04.939,1.62371,1.62394,1.50,1.25
2017.08.28 08:00:05.445,1.62372,1.62393,1.00,1.00
2017.08.28 08:00:06.991,1.62372,1.62392,1.00,1.25
2017.08.28 08:00:07.158,1.62368,1.62387,1.00,1.00
2017.08.28 08:00:07.210,1.62364,1.62388,1.00,1.25
2017.08.28 08:00:07.514,1.62362,1.62388,1.00,1.50
2017.08.28 08:00:07.818,1.62361,1.62381,1.12,1.19
2017.08.28 08:00:07.971,1.62353,1.62379,1.75,1.25
2017.08.28 08:00:08.102,1.62353,1.62379,1.00,1.25
2017.08.28 08:00:08.155,1.62354,1.62377,1.00,1.13
2017.08.28 08:00:08.724,1.62353,1.62378,1.12,1.13
2017.08.28 08:00:09.302,1.62354,1.62378,1.00,1.00
2017.08.28 08:00:09.616,1.62357,1.62384,1.37,1.00
2017.08.28 08:00:09.667,1.62361,1.62385,1.00,1.00
2017.08.28 08:00:09.769,1.62361,1.62387,1.37,1.00
2017.08.28 08:00:10.307,1.62362,1.62387,1.37,1.00
2017.08.28 08:00:11.103,1.62361,1.62387,1.37,1.00
2017.08.28 08:00:11.154,1.62361,1.62389,1.37,1.13
2017.08.28 08:00:11.256,1.62355,1.62376,1.50,1.00
2017.08.28 08:00:11.358,1.62352,1.62376,1.87,1.25
2017.08.28 08:00:11.409,1.62352,1.62379,1.87,1.44
2017.08.28 08:00:11.946,1.62352,1.62379,1.37,1.00
2017.08.28 08:00:12.503,1.62352,1.62379,1.37,1.00
2017.08.28 08:00:13.009,1.62353,1.6238,1.87,1.38
2017.08.28 08:00:13.702,1.62352,1.62379,2.62,1.38
2017.08.28 08:00:14.248,1.62353,1.62379,1.37,1.38
2017.08.28 08:00:14.817,1.62355,1.62379,1.00,1.19
2017.08.28 08:00:14.868,1.62352,1.62379,2.62,1.19
2017.08.28 08:00:15.172,1.62352,1.62376,1.00,1.19
2017.08.28 08:00:15.880,1.62352,1.62376,1.00,1.25
2017.08.28 08:00:15.931,1.62353,1.62375,1.37,1.00
2017.08.28 08:00:16.387,1.62352,1.62377,1.37,1.25
2017.08.28 08:00:16.489,1.62351,1.62377,1.37,1.88
2017.08.28 08:00:17.025,1.62351,1.62374,1.37,1.00
2017.08.28 08:00:17.278,1.62351,1.62375,1.00,1.19
2017.08.28 08:00:17.842,1.62349,1.62375,1.62,1.19
2017.08.28 08:00:18.177,1.62349,1.62375,1.62,1.19
2017.08.28 08:00:18.684,1.6235,1.62373,1.37,1.00
2017.08.28 08:00:18.990,1.6235,1.62373,1.00,1.00
2017.08.28 08:00:19.362,1.62348,1.62368,1.00,1.00
2017.08.28 08:00:19.566,1.62342,1.62363,1.50,1.00
2017.08.28 08:00:19.668,1.62342,1.62365,1.00,1.25
2017.08.28 08:00:20.173,1.62341,1.62365,1.50,1.00
2017.08.28 08:00:20.497,1.62341,1.62367,1.50,1.50
2017.08.28 08:00:21.022,1.62342,1.62366,1.00,1.25
2017.08.28 08:00:21.226,1.6234,1.62366,1.13,1.69
2017.08.28 08:00:21.576,1.62339,1.62366,1.31,1.88
2017.08.28 08:00:22.084,1.62338,1.62362,1.50,1.00
2017.08.28 08:00:22.236,1.62338,1.62364,1.50,1.13
2017.08.28 08:00:22.530,1.62338,1.62362,1.50,1.00
2017.08.28 08:00:23.125,1.62339,1.62362,1.25,1.00
2017.08.28 08:00:23.630,1.62338,1.62362,1.69,1.00
2017.08.28 08:00:24.306,1.62339,1.62362,1.25,1.00
2017.08.28 08:00:24.651,1.62337,1.62361,1.50,1.00
2017.08.28 08:00:24.998,1.62339,1.62361,1.25,1.00
2017.08.28 08:00:25.519,1.62342,1.62361,1.00,1.00
2017.08.28 08:00:25.620,1.62342,1.62364,1.00,1.25
2017.08.28 08:00:26.155,1.62342,1.62363,1.00,1.00
2017.08.28 08:00:26.257,1.62338,1.62363,1.00,1.25
2017.08.28 08:00:26.435,1.62339,1.6236,1.00,1.00
2017.08.28 08:00:26.740,1.62338,1.62358,1.00,1.00
2017.08.28 08:00:27.259,1.62337,1.62358,1.00,1.00
2017.08.28 08:00:29.142,1.62336,1.62358,1.31,1.00
2017.08.28 08:00:29.193,1.62336,1.6236,1.31,1.00
2017.08.28 08:00:29.244,1.62336,1.6236,1.69,1.00
2017.08.28 08:00:29.751,1.62336,1.6236,1.56,1.00
2017.08.28 08:00:30.004,1.62336,1.6236,1.00,1.00
2017.08.28 08:00:31.140,1.62336,1.62358,1.31,1.00
2017.08.28 08:00:34.308,1.62336,1.62358,1.37,1.00
2017.08.28 08:00:34.828,1.62336,1.62358,1.12,1.00
2017.08.28 08:00:38.350,1.62334,1.62358,2.25,1.00
2017.08.28 08:00:38.960,1.62335,1.62358,1.50,1.00
2017.08.28 08:00:39.744,1.62334,1.62358,2.25,1.00
2017.08.28 08:00:40.755,1.62335,1.62358,1.50,1.00
2017.08.28 08:00:40.806,1.62335,1.62356,1.50,1.00
2017.08.28 08:00:40.908,1.62332,1.62355,2.25,1.44
2017.08.28 08:00:41.112,1.6233,1.62351,1.00,1.00
2017.08.28 08:00:41.163,1.62327,1.62351,2.06,1.00
2017.08.28 08:00:41.518,1.62327,1.62349,1.50,1.00
2017.08.28 08:00:42.297,1.62331,1.62352,1.00,1.00
2017.08.28 08:00:42.601,1.62337,1.62359,1.00,1.87
2017.08.28 08:00:43.106,1.62337,1.62358,1.00,1.19
2017.08.28 08:00:43.616,1.62337,1.62359,1.00,1.19
2017.08.28 08:00:44.224,1.62336,1.62359,1.00,1.19
2017.08.28 08:00:44.766,1.62337,1.62359,1.00,1.69
2017.08.28 08:00:45.286,1.62337,1.62358,1.00,1.00
2017.08.28 08:00:49.055,1.62337,1.62361,1.00,1.19
2017.08.28 08:00:50.275,1.62337,1.62361,1.00,1.19
2017.08.28 08:00:50.804,1.62337,1.62361,1.00,1.25
2017.08.28 08:00:51.225,1.62337,1.62361,1.00,1.38
2017.08.28 08:00:51.740,1.62337,1.6236,1.00,1.69
2017.08.28 08:00:52.248,1.62337,1.62359,1.00,1.19
2017.08.28 08:00:52.299,1.62335,1.62359,1.00,1.19
2017.08.28 08:00:52.885,1.62334,1.62358,1.00,1.00
2017.08.28 08:00:53.405,1.62335,1.62358,1.00,1.25
2017.08.28 08:00:53.617,1.62334,1.62357,1.00,1.19
2017.08.28 08:00:54.363,1.62335,1.62359,1.00,1.19
2017.08.28 08:00:55.539,1.62334,1.62359,1.00,1.19
2017.08.28 08:00:56.236,1.62335,1.62359,1.00,2.25
2017.08.28 08:00:56.708,1.62334,1.62359,1.00,1.44
2017.08.28 08:00:57.527,1.62335,1.62359,1.00,2.25
2017.08.28 08:00:58.201,1.62335,1.62359,1.00,1.13
2017.08.28 08:00:58.353,1.62337,1.62361,1.00,1.44
2017.08.28 08:00:58.888,1.62338,1.62362,1.50,1.38
2017.08.28 08:01:00.068,1.62336,1.6236,1.50,1.38
2017.08.28 08:01:00.500,1.62334,1.62357,1.50,1.19
2017.08.28 08:01:00.753,1.62334,1.62358,1.50,1.25
2017.08.28 08:01:01.260,1.62334,1.62357,1.00,1.00
2017.08.28 08:01:01.793,1.62335,1.62357,1.00,1.25
2017.08.28 08:01:02.456,1.62334,1.62357,1.00,1.00
2017.08.28 08:01:02.761,1.62337,1.62358,1.25,1.25
2017.08.28 08:01:02.812,1.62336,1.6236,1.25,1.25
2017.08.28 08:01:02.915,1.62338,1.6236,1.00,1.44
2017.08.28 08:01:03.166,1.62338,1.62362,1.69,1.87
2017.08.28 08:01:03.217,1.62347,1.62363,1.00,1.00
2017.08.28 08:01:03.268,1.62346,1.62365,1.00,1.00
2017.08.28 08:01:03.319,1.62347,1.62369,1.00,1.12
2017.08.28 08:01:03.826,1.62347,1.62368,1.00,1.25
2017.08.28 08:01:04.423,1.62346,1.62369,1.00,1.38
2017.08.28 08:01:05.081,1.62345,1.62369,1.50,1.25
2017.08.28 08:01:05.385,1.62346,1.62369,1.00,1.19
2017.08.28 08:01:05.557,1.62345,1.62369,1.50,1.25
2017.08.28 08:01:06.121,1.62346,1.62369,1.00,1.19
2017.08.28 08:01:06.716,1.62345,1.62369,1.50,1.25
2017.08.28 08:01:07.761,1.62346,1.62369,1.00,1.19
2017.08.28 08:01:08.286,1.62347,1.6237,1.00,1.19
2017.08.28 08:01:08.705,1.62345,1.62369,1.50,1.25
2017.08.28 08:01:09.499,1.62346,1.62369,1.00,1.19
2017.08.28 08:01:10.946,1.62345,1.62369,1.50,1.25
2017.08.28 08:01:12.196,1.62346,1.62369,1.00,1.19
2017.08.28 08:01:12.633,1.62344,1.62368,1.00,1.44
2017.08.28 08:01:12.735,1.62342,1.62365,1.00,1.00
2017.08.28 08:01:14.107,1.62342,1.62366,1.50,1.25
2017.08.28 08:01:15.328,1.62341,1.62366,2.25,1.00
2017.08.28 08:01:15.908,1.62342,1.62366,1.00,1.25
2017.08.28 08:01:16.517,1.62341,1.62366,3.00,1.00
2017.08.28 08:01:17.036,1.62342,1.62366,1.00,1.25
2017.08.28 08:01:17.555,1.62342,1.62366,1.00,1.88
2017.08.28 08:01:17.857,1.62342,1.62364,1.00,1.75
2017.08.28 08:01:18.364,1.62342,1.62363,1.00,1.19
2017.08.28 08:01:18.921,1.62342,1.62363,1.00,1.25
2017.08.28 08:01:19.555,1.62342,1.62364,1.00,1.75
2017.08.28 08:01:19.606,1.62342,1.62364,1.00,1.31
2017.08.28 08:01:20.062,1.62342,1.62362,1.00,1.19
2017.08.28 08:01:20.730,1.62342,1.62364,1.00,1.69
2017.08.28 08:01:20.781,1.62342,1.62364,1.00,1.25
2017.08.28 08:01:20.832,1.62347,1.62366,1.00,1.00
2017.08.28 08:01:20.883,1.62347,1.62368,1.00,1.00
2017.08.28 08:01:20.934,1.62343,1.62367,1.00,1.25
2017.08.28 08:01:21.119,1.62341,1.62364,1.12,1.38
2017.08.28 08:01:21.272,1.62338,1.62365,1.00,1.50
2017.08.28 08:01:21.374,1.62338,1.62366,1.38,1.31
2017.08.28 08:01:21.814,1.62342,1.62369,1.25,1.19
2017.08.28 08:01:21.966,1.62346,1.62371,1.00,1.44
2017.08.28 08:01:22.068,1.62346,1.62373,1.25,1.50
2017.08.28 08:01:22.238,1.62352,1.62373,1.00,1.62
2017.08.28 08:01:22.289,1.62356,1.62379,1.00,1.69
2017.08.28 08:01:22.494,1.62351,1.62372,1.00,1.00
2017.08.28 08:01:22.851,1.62351,1.62376,1.00,1.19
2017.08.28 08:01:22.952,1.62353,1.62378,1.00,1.25
2017.08.28 08:01:23.397,1.62354,1.6238,1.69,1.37
2017.08.28 08:01:23.600,1.62353,1.62379,1.50,1.25
2017.08.28 08:01:24.132,1.62353,1.6238,1.50,1.31
2017.08.28 08:01:25.088,1.62354,1.6238,1.50,1.50
2017.08.28 08:01:25.139,1.62354,1.6238,1.50,1.50
2017.08.28 08:01:25.675,1.62353,1.6238,3.00,1.44
2017.08.28 08:01:26.253,1.62354,1.6238,1.50,1.50
2017.08.28 08:01:27.448,1.62353,1.6238,2.25,1.44
2017.08.28 08:01:27.804,1.62355,1.6238,1.00,1.50
2017.08.28 08:01:28.130,1.62357,1.6238,1.00,1.81
2017.08.28 08:01:28.636,1.62357,1.62379,1.00,1.25
2017.08.28 08:01:28.930,1.62353,1.62379,2.25,1.25
2017.08.28 08:01:30.137,1.62354,1.62379,1.00,1.87
2017.08.28 08:01:30.853,1.62353,1.62379,2.25,1.12
2017.08.28 08:01:31.197,1.62357,1.62379,1.00,1.87
2017.08.28 08:01:31.931,1.62353,1.62375,1.00,1.37
2017.08.28 08:01:32.084,1.62352,1.62376,1.00,1.25
2017.08.28 08:01:32.541,1.62354,1.62379,1.00,1.87
2017.08.28 08:01:33.009,1.62352,1.62378,1.00,1.37
2017.08.28 08:01:33.223,1.62355,1.62378,1.00,1.25
2017.08.28 08:01:41.119,1.62356,1.62378,1.00,1.31
2017.08.28 08:01:41.322,1.62353,1.62378,1.00,2.25
2017.08.28 08:01:41.373,1.62352,1.62376,1.50,3.00
2017.08.28 08:01:41.714,1.62348,1.62371,1.00,1.69
2017.08.28 08:01:41.827,1.62346,1.62369,1.00,1.00
2017.08.28 08:01:42.375,1.62347,1.62369,1.00,1.37
2017.08.28 08:01:43.355,1.62346,1.62369,1.50,1.12
2017.08.28 08:01:43.886,1.62346,1.62369,1.50,1.37
2017.08.28 08:01:44.614,1.62347,1.62369,1.00,1.81
2017.08.28 08:01:45.308,1.62346,1.62369,1.50,1.62
2017.08.28 08:01:45.813,1.62347,1.62369,1.00,1.81
2017.08.28 08:01:46.350,1.62344,1.62369,1.00,1.75
2017.08.28 08:01:46.401,1.62342,1.62367,1.00,1.75
2017.08.28 08:01:46.603,1.62343,1.62364,1.00,1.50
2017.08.28 08:01:47.107,1.62343,1.62364,1.00,1.31
2017.08.28 08:01:47.648,1.62342,1.62365,1.00,1.31
2017.08.28 08:01:48.151,1.62343,1.62365,1.00,1.56
2017.08.28 08:01:48.933,1.62342,1.62365,1.00,1.31
2017.08.28 08:01:49.239,1.62343,1.62366,1.00,3.00
2017.08.28 08:01:49.441,1.62337,1.62359,1.12,1.69
2017.08.28 08:01:49.645,1.62334,1.62357,1.69,1.00
2017.08.28 08:01:49.696,1.62338,1.6236,1.00,1.12
2017.08.28 08:01:49.746,1.62336,1.62359,3.37,1.25
2017.08.28 08:01:49.848,1.62337,1.62357,1.00,1.00
2017.08.28 08:01:50.237,1.62337,1.62361,1.50,1.75
2017.08.28 08:01:50.339,1.62337,1.62359,1.00,1.75
2017.08.28 08:01:50.695,1.62337,1.62359,1.00,1.25
2017.08.28 08:01:51.196,1.62337,1.62359,1.00,1.31
2017.08.28 08:01:51.761,1.62336,1.62359,1.00,1.25
2017.08.28 08:01:52.493,1.62336,1.62359,1.50,1.31
2017.08.28 08:01:53.355,1.62336,1.62359,1.00,1.25
2017.08.28 08:01:53.775,1.62336,1.62361,1.00,1.50
2017.08.28 08:01:53.876,1.62336,1.62361,1.00,1.75
2017.08.28 08:01:54.506,1.62336,1.62361,1.00,1.56
2017.08.28 08:01:54.967,1.62337,1.6236,1.00,1.63
2017.08.28 08:01:55.474,1.62337,1.62359,1.00,2.06
2017.08.28 08:01:56.048,1.62336,1.62361,1.50,1.31
2017.08.28 08:01:56.149,1.62336,1.62361,1.50,1.75
2017.08.28 08:01:56.887,1.62336,1.62361,1.50,1.56
2017.08.28 08:01:57.392,1.62336,1.62361,1.50,1.12
2017.08.28 08:01:57.938,1.62338,1.62362,1.00,1.56
2017.08.28 08:01:58.466,1.62338,1.62362,1.00,1.81
2017.08.28 08:01:58.989,1.62338,1.62362,1.00,1.56
2017.08.28 08:01:59.625,1.62337,1.6236,1.00,1.12
2017.08.28 08:02:00.147,1.62337,1.6236,1.00,1.62
2017.08.28 08:02:00.697,1.62337,1.6236,1.00,1.31
2017.08.28 08:02:01.002,1.62336,1.62359,1.50,1.75
2017.08.28 08:02:01.508,1.62336,1.62359,1.00,1.56
2017.08.28 08:02:01.850,1.62336,1.62356,1.00,1.31
2017.08.28 08:02:02.511,1.62336,1.62355,1.00,1.31
2017.08.28 08:02:03.018,1.62337,1.62356,1.00,1.31
2017.08.28 08:02:03.782,1.62337,1.62355,1.00,1.56
2017.08.28 08:02:04.185,1.62332,1.62356,2.25,1.56
2017.08.28 08:02:04.287,1.62332,1.6236,2.25,2.62
2017.08.28 08:02:04.692,1.62335,1.62359,1.00,1.94
2017.08.28 08:02:05.222,1.62334,1.62358,1.00,1.56
2017.08.28 08:02:05.743,1.62335,1.62358,1.00,1.88
2017.08.28 08:02:06.320,1.62334,1.62358,1.00,1.37
2017.08.28 08:02:06.734,1.62335,1.62357,1.00,1.37
2017.08.28 08:02:06.785,1.62334,1.62358,1.00,1.12
2017.08.28 08:02:06.994,1.62334,1.62358,1.00,1.37
2017.08.28 08:02:08.175,1.62334,1.62357,1.00,1.94
2017.08.28 08:02:08.278,1.62328,1.62354,1.75,1.13
2017.08.28 08:02:08.330,1.62325,1.62351,2.25,1.88
2017.08.28 08:02:08.431,1.62325,1.62349,1.87,1.94
2017.08.28 08:02:08.638,1.62324,1.62347,1.50,1.12
2017.08.28 08:02:09.005,1.62325,1.62347,1.50,1.75
2017.08.28 08:02:09.246,1.62324,1.62347,1.50,1.50
2017.08.28 08:02:09.806,1.62325,1.62346,1.50,1.00
2017.08.28 08:02:10.213,1.62324,1.62344,1.50,1.00
2017.08.28 08:02:10.778,1.62325,1.62344,1.00,1.00
2017.08.28 08:02:11.294,1.62324,1.62344,1.00,1.00
2017.08.28 08:02:11.447,1.6232,1.62343,1.00,1.37
2017.08.28 08:02:11.812,1.62324,1.62341,1.00,1.00
2017.08.28 08:02:12.193,1.62322,1.62342,1.00,1.00
2017.08.28 08:02:12.726,1.62321,1.62343,1.00,1.00
2017.08.28 08:02:13.233,1.62321,1.62342,1.00,1.00
2017.08.28 08:02:13.597,1.62321,1.62344,1.00,1.25
2017.08.28 08:02:13.850,1.62321,1.62342,1.00,1.00
2017.08.28 08:02:14.230,1.62321,1.62347,1.00,1.50
2017.08.28 08:02:14.436,1.62321,1.62347,1.00,1.31
2017.08.28 08:02:14.859,1.62321,1.62347,1.00,1.69
2017.08.28 08:02:14.910,1.62321,1.62347,1.00,1.69
2017.08.28 08:02:14.961,1.62321,1.62346,1.00,1.19
2017.08.28 08:02:15.162,1.62321,1.62347,1.00,1.12
2017.08.28 08:02:15.668,1.62322,1.62348,1.00,1.50
2017.08.28 08:02:16.346,1.62322,1.62347,1.69,1.50
2017.08.28 08:02:16.878,1.62322,1.62346,1.25,1.31
2017.08.28 08:02:17.384,1.62322,1.62346,1.00,1.25
2017.08.28 08:02:17.891,1.62322,1.62348,1.00,1.50
2017.08.28 08:02:18.418,1.62322,1.62348,1.25,2.25
2017.08.28 08:02:18.764,1.62322,1.62348,1.00,1.50
2017.08.28 08:02:19.073,1.62322,1.62348,1.00,1.50
2017.08.28 08:02:19.227,1.62322,1.62348,1.00,1.50
2017.08.28 08:02:19.682,1.62322,1.62347,1.25,1.19
2017.08.28 08:02:19.785,1.62322,1.62348,1.00,1.50
2017.08.28 08:02:19.887,1.62322,1.62347,1.25,1.19
2017.08.28 08:02:20.490,1.62322,1.62348,1.00,1.69
2017.08.28 08:02:21.031,1.62322,1.62347,1.13,1.00
2017.08.28 08:02:21.385,1.62322,1.62348,1.25,2.44
2017.08.28 08:02:21.437,1.62322,1.62348,1.00,1.69
2017.08.28 08:02:21.902,1.62322,1.62348,1.25,1.75
2017.08.28 08:02:21.953,1.62322,1.62347,1.25,1.00
2017.08.28 08:02:22.243,1.62322,1.62348,1.25,1.75
2017.08.28 08:02:22.295,1.62322,1.62348,1.00,1.69
2017.08.28 08:02:22.882,1.62322,1.62348,1.25,2.25
2017.08.28 08:02:23.066,1.62322,1.62347,1.25,1.25
2017.08.28 08:02:23.458,1.62322,1.62348,1.25,1.75
2017.08.28 08:02:23.510,1.62322,1.62348,1.00,1.50
2017.08.28 08:02:24.063,1.62322,1.62349,1.50,2.06
2017.08.28 08:02:24.316,1.62322,1.62348,1.88,1.31
2017.08.28 08:02:24.367,1.62322,1.62349,1.50,2.25
2017.08.28 08:02:25.203,1.62322,1.62348,1.87,1.50
2017.08.28 08:02:26.203,1.62322,1.62348,1.00,1.00
2017.08.28 08:02:26.776,1.62321,1.62349,2.06,1.63
2017.08.28 08:02:27.085,1.62321,1.62349,2.06,1.37
2017.08.28 08:02:27.187,1.62321,1.62349,1.69,1.75
2017.08.28 08:02:27.238,1.62321,1.62348,1.88,2.00
2017.08.28 08:02:27.770,1.62321,1.62345,1.00,1.00
2017.08.28 08:02:28.280,1.62322,1.62346,1.00,1.00
2017.08.28 08:02:28.816,1.62322,1.62345,1.00,1.00
2017.08.28 08:02:29.372,1.62322,1.62346,1.00,1.00
2017.08.28 08:02:29.752,1.62319,1.62345,2.44,1.00
2017.08.28 08:02:30.258,1.62319,1.62346,1.56,1.00
2017.08.28 08:02:30.809,1.62319,1.62345,2.44,1.00
2017.08.28 08:02:30.860,1.62319,1.62346,1.31,1.00
2017.08.28 08:02:31.406,1.62319,1.62345,2.06,1.13
2017.08.28 08:02:32.117,1.62318,1.62346,2.81,1.25
2017.08.28 08:02:32.168,1.62322,1.62345,1.00,1.25
2017.08.28 08:02:32.270,1.62322,1.62347,1.69,1.00
2017.08.28 08:02:32.322,1.62323,1.6235,1.69,1.25
2017.08.28 08:02:32.626,1.62331,1.62351,1.00,1.69
2017.08.28 08:02:32.678,1.62326,1.62351,1.50,1.69
2017.08.28 08:02:32.781,1.62324,1.62351,1.25,2.25
2017.08.28 08:02:33.091,1.62322,1.62343,1.00,1.13
2017.08.28 08:02:33.192,1.62317,1.62342,1.25,1.00
2017.08.28 08:02:33.294,1.62317,1.62339,1.00,1.00
2017.08.28 08:02:33.598,1.62322,1.62337,1.00,1.00
2017.08.28 08:02:34.105,1.62322,1.62338,1.00,1.00
2017.08.28 08:02:35.383,1.62321,1.62338,1.00,1.00
2017.08.28 08:02:35.645,1.62321,1.6234,1.00,1.25
2017.08.28 08:02:36.326,1.62322,1.62341,1.00,1.50
2017.08.28 08:02:37.134,1.62322,1.6234,1.00,1.12
2017.08.28 08:02:37.457,1.62321,1.62343,1.00,1.50
2017.08.28 08:02:37.611,1.62327,1.62344,1.00,2.06
2017.08.28 08:02:37.663,1.62327,1.62344,1.00,1.87
2017.08.28 08:02:38.215,1.62327,1.62346,1.00,2.25
2017.08.28 08:02:38.975,1.62327,1.62345,1.00,1.62
2017.08.28 08:02:39.866,1.62327,1.62346,1.00,1.31
2017.08.28 08:02:40.431,1.62327,1.62345,1.00,1.00
2017.08.28 08:02:41.007,1.62327,1.62343,1.00,1.12
2017.08.28 08:02:41.580,1.62321,1.62343,1.00,1.37
2017.08.28 08:02:41.734,1.62321,1.6234,1.00,1.00
2017.08.28 08:02:44.631,1.62321,1.62344,1.00,2.25
2017.08.28 08:02:45.355,1.62321,1.62344,1.00,1.62
2017.08.28 08:02:45.557,1.62327,1.62344,1.00,1.50
2017.08.28 08:02:45.659,1.62327,1.62349,1.00,1.69
2017.08.28 08:02:45.761,1.62327,1.62347,1.00,2.06
2017.08.28 08:02:45.863,1.62321,1.62346,1.25,1.62
2017.08.28 08:02:45.914,1.62321,1.62342,1.25,1.00
2017.08.28 08:02:46.109,1.62323,1.62347,1.00,1.25
2017.08.28 08:02:46.210,1.62324,1.62344,1.25,1.00
2017.08.28 08:02:46.261,1.62323,1.62346,1.88,1.00
2017.08.28 08:02:46.363,1.62326,1.62349,1.00,1.62
2017.08.28 08:02:46.718,1.62327,1.6235,1.00,1.00
2017.08.28 08:02:47.097,1.62328,1.62353,1.00,1.25
2017.08.28 08:02:47.148,1.62328,1.62353,1.00,2.44
2017.08.28 08:02:47.503,1.62328,1.62349,1.00,1.00
2017.08.28 08:02:48.019,1.62327,1.62349,1.88,1.00
2017.08.28 08:02:50.443,1.62327,1.6235,1.50,1.00
2017.08.28 08:02:52.007,1.62327,1.62349,1.00,1.00
2017.08.28 08:02:52.557,1.62327,1.6235,1.00,1.00
2017.08.28 08:02:53.066,1.62327,1.62349,1.00,1.00
2017.08.28 08:02:53.370,1.62327,1.62352,1.00,2.06
2017.08.28 08:02:53.623,1.62332,1.62353,1.00,1.31
2017.08.28 08:02:54.184,1.62332,1.62352,1.00,1.25
2017.08.28 08:02:54.693,1.62332,1.62353,1.00,1.00
2017.08.28 08:02:55.261,1.62332,1.62351,1.00,1.25
2017.08.28 08:02:55.312,1.62327,1.6235,1.00,1.44
2017.08.28 08:02:55.617,1.62332,1.6235,1.00,1.25
2017.08.28 08:02:56.029,1.62326,1.6235,1.00,1.25
2017.08.28 08:02:56.080,1.62326,1.6235,1.25,1.44
2017.08.28 08:02:56.384,1.62326,1.62346,1.00,1.00
2017.08.28 08:02:57.040,1.62326,1.62345,1.00,1.00
2017.08.28 08:02:57.572,1.62327,1.62345,1.00,1.00
2017.08.28 08:02:57.724,1.62317,1.6234,1.00,1.31
2017.08.28 08:02:57.826,1.62316,1.62335,1.00,1.50
2017.08.28 08:02:58.331,1.62316,1.62334,1.00,1.00
2017.08.28 08:02:58.890,1.62316,1.62335,1.00,1.00
2017.08.28 08:02:59.315,1.62323,1.62335,1.25,1.00
2017.08.28 08:02:59.557,1.62326,1.62345,1.00,1.50
2017.08.28 08:02:59.658,1.62326,1.62343,1.00,1.00
2017.08.28 08:02:59.811,1.62326,1.62346,1.00,1.87
2017.08.28 08:02:59.861,1.62326,1.62344,1.00,1.00
2017.08.28 08:03:01.101,1.62326,1.62345,1.00,1.50
2017.08.28 08:03:01.666,1.62326,1.62346,1.00,1.50
2017.08.28 08:03:01.777,1.62323,1.62345,1.44,1.00
2017.08.28 08:03:01.879,1.62322,1.62344,1.25,1.00
2017.08.28 08:03:02.117,1.62322,1.62342,1.88,1.00
2017.08.28 08:03:02.422,1.62323,1.62344,1.00,1.00
2017.08.28 08:03:03.150,1.62322,1.62344,1.00,1.25
2017.08.28 08:03:03.251,1.62322,1.62342,1.00,1.00
2017.08.28 08:03:03.761,1.62322,1.62343,1.50,1.00
2017.08.28 08:03:04.064,1.62322,1.62341,1.50,1.00
2017.08.28 08:03:04.566,1.62323,1.62341,1.00,1.00
2017.08.28 08:03:04.819,1.62323,1.62343,1.00,1.00
2017.08.28 08:03:05.397,1.62322,1.62343,1.00,1.00
2017.08.28 08:03:05.499,1.62322,1.62341,1.00,1.00
2017.08.28 08:03:05.727,1.62323,1.62343,1.00,1.25
2017.08.28 08:03:06.449,1.62322,1.62343,1.00,1.00
2017.08.28 08:03:06.955,1.62323,1.62343,1.00,1.25
2017.08.28 08:03:07.529,1.62322,1.62344,1.00,1.19
2017.08.28 08:03:07.580,1.62323,1.62341,1.00,1.00
2017.08.28 08:03:07.631,1.62317,1.62341,1.44,1.00
2017.08.28 08:03:07.834,1.62317,1.62345,2.62,2.06
2017.08.28 08:03:08.037,1.62318,1.62343,1.63,1.25
2017.08.28 08:03:08.542,1.62322,1.62344,1.00,2.06
2017.08.28 08:03:09.101,1.62321,1.62342,1.00,1.00
2017.08.28 08:03:09.605,1.62322,1.62342,1.00,1.00
2017.08.28 08:03:10.257,1.62321,1.62342,1.69,1.00
2017.08.28 08:03:10.768,1.62321,1.62341,1.50,1.00
2017.08.28 08:03:10.923,1.62321,1.62343,1.50,1.00
2017.08.28 08:03:11.132,1.62322,1.62341,1.00,1.00
2017.08.28 08:03:11.183,1.62317,1.62339,1.25,1.50
2017.08.28 08:03:11.234,1.62316,1.62336,1.25,1.00
2017.08.28 08:03:11.753,1.62317,1.62337,1.25,1.00
2017.08.28 08:03:12.304,1.62316,1.62338,1.00,2.25
2017.08.28 08:03:12.868,1.62316,1.62337,1.00,1.00
2017.08.28 08:03:13.398,1.62316,1.62338,1.00,1.00
2017.08.28 08:03:13.735,1.62317,1.62339,1.31,1.00
2017.08.28 08:03:14.091,1.62316,1.62339,1.88,1.00
2017.08.28 08:03:14.143,1.62317,1.62341,1.31,1.50
2017.08.28 08:03:14.930,1.62317,1.62341,1.56,1.50
2017.08.28 08:03:15.487,1.62317,1.62341,1.87,1.00
2017.08.28 08:03:16.583,1.62317,1.62342,1.12,1.00
2017.08.28 08:03:17.114,1.62317,1.62341,2.25,1.00
2017.08.28 08:03:17.760,1.62317,1.62342,1.12,1.00
2017.08.28 08:03:18.372,1.62316,1.62342,2.81,1.50
2017.08.28 08:03:18.912,1.62319,1.62341,1.44,1.00
2017.08.28 08:03:19.424,1.62321,1.62341,1.00,1.00
2017.08.28 08:03:19.638,1.62317,1.62341,2.06,1.00
2017.08.28 08:03:20.178,1.62317,1.62342,1.69,1.00
2017.08.28 08:03:20.656,1.62312,1.62341,1.00,1.38
2017.08.28 08:03:20.961,1.62311,1.62334,1.25,1.00
2017.08.28 08:03:21.473,1.62312,1.62334,1.25,1.69
2017.08.28 08:03:21.675,1.62311,1.62336,1.25,1.25
2017.08.28 08:03:22.030,1.62308,1.62336,2.06,2.06
2017.08.28 08:03:22.081,1.62312,1.62336,1.00,1.44
2017.08.28 08:03:22.588,1.62317,1.62335,1.00,1.00
2017.08.28 08:03:22.640,1.62316,1.62339,1.19,1.50
2017.08.28 08:03:22.848,1.62316,1.62342,1.00,1.88
2017.08.28 08:03:22.900,1.62317,1.62339,1.00,1.38
2017.08.28 08:03:22.951,1.62312,1.62341,1.00,1.56
2017.08.28 08:03:23.255,1.62313,1.62339,1.25,1.69
2017.08.28 08:03:23.306,1.62317,1.62339,1.00,1.50
2017.08.28 08:03:23.822,1.62312,1.62339,1.12,1.88
2017.08.28 08:03:24.054,1.62313,1.62338,1.25,1.38
2017.08.28 08:03:24.662,1.62312,1.62338,1.25,1.38
2017.08.28 08:03:25.247,1.62313,1.62338,1.00,2.25
2017.08.28 08:03:25.553,1.623,1.62325,1.50,3.19
2017.08.28 08:03:25.604,1.62296,1.62322,1.00,2.25
2017.08.28 08:03:25.655,1.62295,1.62319,1.25,1.13
2017.08.28 08:03:25.706,1.62296,1.62318,1.25,1.56
2017.08.28 08:03:26.226,1.62295,1.62319,1.00,2.06
2017.08.28 08:03:26.731,1.62295,1.62319,1.00,2.25
2017.08.28 08:03:27.040,1.62296,1.62318,1.00,1.38
2017.08.28 08:03:27.468,1.62295,1.62319,1.00,1.88
2017.08.28 08:03:27.671,1.62301,1.62319,1.00,1.25
2017.08.28 08:03:27.773,1.623,1.62324,1.38,1.00
2017.08.28 08:03:27.875,1.62301,1.62327,1.50,1.94
2017.08.28 08:03:28.381,1.62302,1.62325,1.00,1.25
2017.08.28 08:03:28.827,1.62302,1.62323,1.00,1.00
2017.08.28 08:03:29.343,1.62302,1.62322,1.00,1.00
2017.08.28 08:03:29.496,1.62302,1.62324,1.00,1.00
2017.08.28 08:03:29.598,1.62305,1.62324,1.00,1.00
2017.08.28 08:03:29.801,1.62305,1.62326,1.00,1.25
2017.08.28 08:03:30.004,1.62306,1.62325,1.00,1.50
2017.08.28 08:03:30.107,1.62302,1.62325,1.50,1.50
2017.08.28 08:03:30.301,1.62302,1.62322,1.50,1.00
2017.08.28 08:03:30.707,1.62306,1.62322,1.00,1.00
2017.08.28 08:03:30.758,1.62306,1.62326,1.44,1.12
2017.08.28 08:03:30.860,1.62306,1.62328,1.25,1.12
2017.08.28 08:03:30.911,1.62311,1.62328,1.00,1.62
2017.08.28 08:03:31.064,1.6231,1.62329,1.00,1.12
2017.08.28 08:03:31.295,1.62306,1.62331,1.25,1.81
2017.08.28 08:03:31.397,1.62306,1.62326,1.25,1.00
2017.08.28 08:03:31.652,1.62291,1.62314,3.94,1.00
2017.08.28 08:03:32.045,1.62292,1.62317,1.25,1.87
2017.08.28 08:03:32.147,1.62297,1.62315,1.88,1.00
2017.08.28 08:03:32.198,1.62297,1.62319,1.50,1.00
2017.08.28 08:03:32.300,1.62301,1.62321,1.00,2.06
2017.08.28 08:03:32.503,1.62301,1.62322,1.00,1.25
2017.08.28 08:03:33.035,1.62302,1.62321,1.00,1.00
2017.08.28 08:03:33.237,1.62297,1.6232,1.50,1.56
2017.08.28 08:03:33.339,1.62294,1.62316,1.12,1.00
2017.08.28 08:03:33.492,1.62292,1.62317,1.00,2.25
2017.08.28 08:03:33.756,1.62292,1.62315,1.00,1.75
2017.08.28 08:03:34.265,1.62292,1.62313,1.00,1.50
2017.08.28 08:03:35.024,1.62291,1.62311,1.00,1.00
2017.08.28 08:03:35.531,1.62292,1.62312,1.00,1.37
2017.08.28 08:03:36.077,1.62291,1.62312,1.00,1.12
2017.08.28 08:03:36.549,1.62291,1.62312,1.00,1.37
2017.08.28 08:03:36.600,1.62291,1.62312,1.25,1.00
2017.08.28 08:03:36.652,1.62292,1.62314,1.25,1.12
2017.08.28 08:03:36.753,1.62292,1.62312,1.00,1.00
2017.08.28 08:03:37.270,1.62292,1.62313,1.00,1.00
2017.08.28 08:03:37.896,1.62291,1.62313,1.00,1.00
2017.08.28 08:03:38.414,1.62289,1.62313,1.00,1.00
2017.08.28 08:03:40.944,1.62288,1.62313,1.69,1.00
2017.08.28 08:03:41.298,1.62288,1.62311,1.25,1.00
2017.08.28 08:03:41.827,1.62287,1.62311,1.69,1.00
2017.08.28 08:03:42.187,1.62288,1.62311,1.38,1.00
2017.08.28 08:03:42.237,1.62288,1.62313,1.13,1.00
2017.08.28 08:03:42.778,1.62287,1.62313,2.44,1.00
2017.08.28 08:03:43.038,1.62292,1.62316,1.87,1.69
2017.08.28 08:03:43.191,1.62292,1.62317,1.50,1.81
2017.08.28 08:03:43.242,1.62295,1.62316,1.00,1.00
2017.08.28 08:03:43.587,1.62296,1.62314,1.25,1.00
2017.08.28 08:03:43.688,1.62295,1.62316,1.00,1.00
2017.08.28 08:03:44.043,1.62292,1.62311,1.00,1.00
2017.08.28 08:03:44.558,1.62292,1.62312,2.44,1.00
2017.08.28 08:03:45.065,1.62291,1.62311,1.00,1.00
2017.08.28 08:03:45.491,1.62294,1.6231,1.00,1.00
2017.08.28 08:03:45.896,1.62294,1.62314,1.00,1.00
2017.08.28 08:03:46.430,1.62295,1.62313,1.00,1.00
2017.08.28 08:03:47.110,1.62294,1.62313,1.00,1.00
2017.08.28 08:03:47.161,1.62291,1.6231,1.00,1.31
2017.08.28 08:03:47.365,1.62282,1.62302,1.00,1.00
2017.08.28 08:03:47.416,1.6228,1.623,1.37,1.00
2017.08.28 08:03:47.923,1.62279,1.62299,1.37,1.00
2017.08.28 08:03:48.180,1.62279,1.62301,1.37,1.00
2017.08.28 08:03:48.703,1.62281,1.623,1.44,1.00
2017.08.28 08:03:48.754,1.62281,1.62302,1.37,1.00
2017.08.28 08:03:48.958,1.62279,1.623,1.37,1.00
2017.08.28 08:03:49.096,1.62277,1.62298,1.31,1.00
2017.08.28 08:03:49.552,1.62277,1.62299,1.37,1.00
2017.08.28 08:03:50.102,1.62276,1.62299,1.69,1.00
2017.08.28 08:03:50.413,1.62286,1.62303,1.46,1.00
2017.08.28 08:03:50.464,1.62289,1.62309,1.56,1.00
2017.08.28 08:03:50.516,1.62288,1.62311,3.00,1.00
2017.08.28 08:03:50.871,1.62284,1.62307,1.87,1.25
2017.08.28 08:03:51.178,1.62278,1.62301,1.37,1.00
2017.08.28 08:03:51.686,1.62278,1.62302,1.19,1.00
2017.08.28 08:03:52.197,1.62276,1.62298,1.69,1.00
2017.08.28 08:03:52.509,1.62295,1.623,1.00,1.00
2017.08.28 08:03:52.560,1.62304,1.62311,1.25,1.00
2017.08.28 08:03:52.611,1.62304,1.62322,1.94,1.87
2017.08.28 08:03:52.662,1.62306,1.62327,1.69,1.00
2017.08.28 08:03:52.713,1.62307,1.62329,5.06,1.00
2017.08.28 08:03:52.764,1.62312,1.62333,1.00,1.00
2017.08.28 08:03:53.285,1.62312,1.6233,1.00,1.00
2017.08.28 08:03:53.822,1.62311,1.6233,1.00,1.00
2017.08.28 08:03:54.329,1.62312,1.62332,1.00,1.37
2017.08.28 08:03:54.662,1.62311,1.62328,1.00,1.00
2017.08.28 08:03:55.168,1.62312,1.6233,1.00,1.00
2017.08.28 08:03:55.219,1.62309,1.6233,2.06,1.00
2017.08.28 08:03:55.371,1.62312,1.6233,1.25,1.00
2017.08.28 08:03:55.516,1.62312,1.62332,1.00,1.00
2017.08.28 08:03:55.618,1.62312,1.62334,1.12,1.00
2017.08.28 08:03:55.999,1.62309,1.6233,1.00,1.00
2017.08.28 08:03:56.303,1.62307,1.62322,1.00,1.00
2017.08.28 08:03:56.846,1.62307,1.62323,1.00,1.00
2017.08.28 08:03:57.551,1.62306,1.62326,1.00,1.00
2017.08.28 08:03:58.144,1.62301,1.62326,3.56,1.00
2017.08.28 08:03:58.195,1.62303,1.62318,1.37,1.00
2017.08.28 08:03:58.398,1.62303,1.62316,1.00,1.00
2017.08.28 08:03:58.449,1.62302,1.62314,1.00,1.00
2017.08.28 08:03:58.602,1.62302,1.62316,1.00,1.00
2017.08.28 08:03:58.757,1.62302,1.62319,1.00,1.00
2017.08.28 08:03:58.859,1.62297,1.6232,1.75,1.00
2017.08.28 08:03:58.960,1.62297,1.62317,1.37,1.00
2017.08.28 08:03:59.468,1.62297,1.62317,1.12,1.00
2017.08.28 08:03:59.885,1.62297,1.62314,1.00,1.00
2017.08.28 08:04:00.392,1.62296,1.62314,1.00,1.00
2017.08.28 08:04:00.494,1.62296,1.62316,1.38,1.00
2017.08.28 08:04:01.512,1.62297,1.62318,1.12,1.00
2017.08.28 08:04:01.765,1.62297,1.62316,2.06,1.00
2017.08.28 08:04:01.959,1.62298,1.62318,1.38,1.00
2017.08.28 08:04:02.509,1.62298,1.62317,1.00,1.00
2017.08.28 08:04:02.662,1.623,1.62317,1.00,1.00
2017.08.28 08:04:02.713,1.62299,1.6232,1.00,1.00
2017.08.28 08:04:02.764,1.62299,1.62318,1.00,1.00
2017.08.28 08:04:03.079,1.62297,1.62316,1.69,1.00
2017.08.28 08:04:03.585,1.62295,1.62312,1.44,1.00
2017.08.28 08:04:03.803,1.62293,1.62312,1.44,1.00
2017.08.28 08:04:04.056,1.62294,1.62315,1.00,1.00
2017.08.28 08:04:04.209,1.62293,1.62313,1.00,1.00
2017.08.28 08:04:05.239,1.62293,1.62311,1.25,1.00
2017.08.28 08:04:05.391,1.6229,1.62311,1.25,1.00
2017.08.28 08:04:05.443,1.6229,1.62309,1.00,1.00
2017.08.28 08:04:05.967,1.62289,1.62309,1.56,1.00
2017.08.28 08:04:07.015,1.62288,1.62309,1.87,1.00
2017.08.28 08:04:07.999,1.62289,1.62309,1.37,1.00
2017.08.28 08:04:08.624,1.62288,1.62309,1.87,1.00
2017.08.28 08:04:08.727,1.62288,1.62311,1.87,1.00
2017.08.28 08:04:09.264,1.62289,1.62311,1.37,1.00
2017.08.28 08:04:09.315,1.62288,1.62311,1.25,1.00
2017.08.28 08:04:09.899,1.62289,1.6231,1.00,1.00
2017.08.28 08:04:10.405,1.62288,1.6231,1.69,1.00
2017.08.28 08:04:10.912,1.62288,1.6231,1.62,1.00
2017.08.28 08:04:10.962,1.62289,1.6231,1.56,1.00
2017.08.28 08:04:11.476,1.62288,1.6231,1.87,1.00
2017.08.28 08:04:11.779,1.62289,1.62308,1.25,1.00
2017.08.28 08:04:12.237,1.62289,1.6231,1.25,1.00
2017.08.28 08:04:12.483,1.62289,1.62308,1.00,1.00
2017.08.28 08:04:13.019,1.62288,1.62308,1.50,1.00
2017.08.28 08:04:13.253,1.62289,1.62312,1.44,1.00
2017.08.28 08:04:13.774,1.62289,1.62314,1.37,1.25
2017.08.28 08:04:13.824,1.62289,1.62312,1.00,1.25
2017.08.28 08:04:13.926,1.62291,1.62315,1.00,1.00
2017.08.28 08:04:14.027,1.62292,1.62317,1.00,1.00
2017.08.28 08:04:14.180,1.62291,1.62315,1.50,1.00
2017.08.28 08:04:14.686,1.62292,1.62315,1.00,1.87
2017.08.28 08:04:15.120,1.62292,1.62316,1.13,1.00
2017.08.28 08:04:15.590,1.62292,1.62318,2.06,1.19
2017.08.28 08:04:16.099,1.62291,1.62316,2.25,1.00
2017.08.28 08:04:16.498,1.62291,1.62314,1.19,1.00
2017.08.28 08:04:16.803,1.62288,1.6231,1.50,1.00
2017.08.28 08:04:17.114,1.62288,1.62314,1.88,1.00
2017.08.28 08:04:17.165,1.62291,1.62314,2.06,1.00
2017.08.28 08:04:17.615,1.62297,1.62318,1.12,1.00
2017.08.28 08:04:17.669,1.62301,1.62318,1.00,1.00
2017.08.28 08:04:17.720,1.62301,1.62321,1.00,1.00
2017.08.28 08:04:17.772,1.62298,1.62321,1.69,1.00
2017.08.28 08:04:18.179,1.62302,1.62321,1.00,1.00
2017.08.28 08:04:18.707,1.62301,1.62321,1.25,1.00
2017.08.28 08:04:20.113,1.62301,1.62321,1.75,1.00
2017.08.28 08:04:20.164,1.62302,1.62324,1.75,1.00
2017.08.28 08:04:20.215,1.62302,1.62324,1.00,1.25
2017.08.28 08:04:20.266,1.623,1.62324,1.50,1.00
2017.08.28 08:04:20.317,1.62302,1.62322,1.63,1.00
2017.08.28 08:04:20.369,1.62302,1.62324,1.44,1.00
2017.08.28 08:04:20.420,1.62306,1.62327,1.25,1.00
2017.08.28 08:04:20.471,1.62306,1.62329,1.25,1.50
2017.08.28 08:04:20.977,1.62307,1.62329,1.00,1.00
2017.08.28 08:04:21.555,1.62307,1.6233,1.00,1.50
2017.08.28 08:04:22.203,1.62307,1.6233,1.63,1.00
2017.08.28 08:04:22.456,1.62308,1.62332,1.13,1.00
2017.08.28 08:04:22.584,1.62312,1.62332,1.00,1.00
2017.08.28 08:04:24.833,1.62308,1.62332,1.56,1.00
2017.08.28 08:04:25.476,1.62308,1.62332,1.56,1.00
2017.08.28 08:04:25.940,1.62311,1.62332,1.19,1.00
2017.08.28 08:04:26.492,1.62311,1.62332,1.25,1.00
2017.08.28 08:04:26.958,1.62311,1.62332,1.56,1.00
2017.08.28 08:04:27.009,1.62311,1.62334,1.69,1.00
2017.08.28 08:04:27.313,1.62311,1.62332,1.00,1.00
2017.08.28 08:04:28.066,1.62311,1.62333,1.00,1.00
2017.08.28 08:04:28.319,1.62312,1.62335,1.00,1.25
2017.08.28 08:04:28.674,1.62313,1.62337,1.00,1.31
2017.08.28 08:04:29.173,1.62312,1.62336,1.00,1.63
2017.08.28 08:04:29.326,1.62306,1.62332,2.25,1.00
2017.08.28 08:04:29.828,1.62307,1.62332,1.00,1.00
2017.08.28 08:04:30.140,1.62309,1.62332,1.00,1.00
2017.08.28 08:04:30.394,1.62307,1.62332,1.00,1.12
2017.08.28 08:04:30.546,1.62307,1.6233,1.00,1.00
2017.08.28 08:04:30.951,1.62308,1.62333,1.00,1.37
2017.08.28 08:04:31.002,1.62306,1.62332,1.50,1.00
2017.08.28 08:04:31.236,1.62309,1.62332,1.00,1.00
2017.08.28 08:04:31.499,1.62306,1.62332,2.25,1.44
2017.08.28 08:04:31.753,1.62308,1.62333,1.00,1.63
2017.08.28 08:04:32.286,1.62307,1.6233,1.00,1.25
2017.08.28 08:04:33.970,1.62306,1.6233,1.00,1.00
2017.08.28 08:04:34.509,1.62307,1.6233,1.00,1.00
2017.08.28 08:04:35.049,1.62306,1.62329,1.00,1.00
2017.08.28 08:04:35.295,1.62306,1.62331,1.50,1.25
2017.08.28 08:04:35.807,1.62306,1.62331,1.50,1.19
2017.08.28 08:04:36.313,1.62306,1.62329,1.00,1.00
2017.08.28 08:04:37.171,1.62306,1.62331,1.50,1.19
2017.08.28 08:04:37.727,1.62306,1.62331,1.00,1.25
2017.08.28 08:04:37.994,1.62308,1.62331,1.00,1.25
2017.08.28 08:04:38.255,1.62306,1.62331,1.13,1.25
2017.08.28 08:04:39.361,1.62308,1.62331,1.00,1.00
2017.08.28 08:04:39.994,1.62307,1.6233,1.00,1.00
2017.08.28 08:04:40.279,1.62307,1.62332,1.88,1.00
2017.08.28 08:04:40.330,1.6231,1.62334,1.50,1.87
2017.08.28 08:04:40.686,1.62309,1.62332,1.00,1.44
2017.08.28 08:04:40.941,1.62307,1.6233,1.00,1.00
2017.08.28 08:04:41.479,1.62308,1.62331,1.00,1.25
2017.08.28 08:04:42.307,1.62306,1.62329,1.69,1.00
2017.08.28 08:04:42.627,1.62306,1.62329,1.88,1.00
2017.08.28 08:04:43.036,1.62308,1.62331,1.00,1.00
2017.08.28 08:04:44.120,1.62308,1.62331,1.00,1.19
2017.08.28 08:04:44.693,1.62308,1.62331,1.00,1.00
2017.08.28 08:04:45.365,1.62306,1.62331,1.00,1.00
2017.08.28 08:04:45.618,1.62304,1.62329,2.25,1.00
2017.08.28 08:04:45.922,1.62305,1.62329,1.50,1.00
2017.08.28 08:04:46.695,1.62304,1.62329,2.44,1.00
2017.08.28 08:04:47.202,1.62305,1.62328,1.31,1.00
2017.08.28 08:04:47.732,1.62304,1.62328,1.31,1.00
2017.08.28 08:04:48.324,1.62304,1.62328,1.12,1.00
2017.08.28 08:04:49.431,1.62305,1.62328,1.31,1.00
2017.08.28 08:04:49.949,1.62304,1.62328,1.31,1.00
2017.08.28 08:04:50.276,1.62306,1.62332,1.00,1.62
2017.08.28 08:04:50.634,1.62304,1.62329,1.50,1.25
2017.08.28 08:04:50.838,1.62306,1.62329,1.00,1.00
2017.08.28 08:04:51.192,1.62306,1.62329,2.06,1.00
2017.08.28 08:04:51.243,1.62309,1.62335,1.69,1.25
2017.08.28 08:04:51.760,1.62311,1.62334,1.00,1.00
2017.08.28 08:04:51.811,1.62312,1.62336,1.00,1.25
2017.08.28 08:04:52.328,1.62312,1.62336,1.00,1.31
2017.08.28 08:04:52.831,1.62311,1.62334,1.00,1.00
2017.08.28 08:04:54.663,1.62309,1.62334,1.37,1.19
2017.08.28 08:04:55.149,1.62309,1.62334,1.56,1.00
2017.08.28 08:04:55.201,1.62309,1.62334,1.62,1.00
2017.08.28 08:04:55.723,1.6231,1.62333,1.25,1.00
2017.08.28 08:04:55.993,1.62311,1.62334,1.31,1.00
2017.08.28 08:04:56.557,1.62311,1.62334,1.25,1.00
2017.08.28 08:04:57.078,1.62311,1.62334,1.31,1.00
2017.08.28 08:04:57.603,1.6231,1.62333,1.31,1.00
2017.08.28 08:04:58.051,1.62312,1.62333,1.63,1.00
2017.08.28 08:04:58.102,1.6231,1.62333,1.62,1.00
2017.08.28 08:04:58.608,1.6231,1.62333,1.00,1.00
2017.08.28 08:04:59.420,1.62309,1.62332,1.12,1.00
2017.08.28 08:04:59.937,1.62308,1.62331,3.56,1.00
2017.08.28 08:05:00.450,1.62309,1.62331,1.62,1.00
2017.08.28 08:05:00.998,1.62308,1.62333,3.56,1.00
2017.08.28 08:05:01.251,1.62309,1.62331,1.00,1.00
2017.08.28 08:05:01.968,1.62308,1.62331,2.25,1.00
2017.08.28 08:05:02.563,1.62309,1.62332,1.25,1.00
2017.08.28 08:05:02.992,1.62304,1.62328,1.12,1.00
2017.08.28 08:05:03.043,1.62304,1.6233,1.31,1.19
2017.08.28 08:05:03.501,1.62304,1.6233,1.56,1.00
2017.08.28 08:05:04.431,1.62306,1.62331,1.00,1.00
2017.08.28 08:05:04.533,1.62304,1.6233,1.25,1.25
2017.08.28 08:05:05.091,1.62304,1.6233,1.00,1.19
2017.08.28 08:05:05.142,1.62307,1.62332,1.00,1.75
2017.08.28 08:05:05.194,1.62303,1.62328,1.44,1.25
2017.08.28 08:05:05.296,1.62303,1.62328,1.25,1.19
2017.08.28 08:05:05.634,1.62302,1.62327,1.56,1.00
2017.08.28 08:05:05.892,1.62302,1.62327,2.06,1.00
2017.08.28 08:05:06.398,1.62302,1.62327,2.06,1.00
2017.08.28 08:05:07.043,1.62304,1.62327,1.44,1.00
2017.08.28 08:05:07.618,1.62304,1.62327,1.00,1.00
2017.08.28 08:05:10.120,1.62302,1.62327,1.56,1.00
2017.08.28 08:05:10.667,1.62302,1.62327,1.31,1.00
2017.08.28 08:05:11.204,1.62301,1.62325,1.00,1.00
2017.08.28 08:05:12.130,1.62301,1.62325,1.19,1.00
2017.08.28 08:05:12.434,1.62298,1.62321,1.19,1.00
2017.08.28 08:05:12.651,1.62298,1.62323,1.25,1.00
2017.08.28 08:05:12.803,1.623,1.62323,1.00,1.00
2017.08.28 08:05:13.690,1.623,1.62325,1.25,1.25
2017.08.28 08:05:15.670,1.623,1.62325,1.00,1.44
2017.08.28 08:05:15.771,1.62302,1.62326,1.00,1.12
2017.08.28 08:05:17.460,1.62302,1.62326,1.00,2.06
2017.08.28 08:05:17.561,1.623,1.62325,1.25,1.12
2017.08.28 08:05:18.098,1.62301,1.62327,1.00,2.06
2017.08.28 08:05:18.609,1.623,1.62325,1.12,1.25
2017.08.28 08:05:18.711,1.623,1.62326,1.25,1.38
2017.08.28 08:05:18.863,1.623,1.62325,1.00,1.31
2017.08.28 08:05:18.964,1.62299,1.62322,1.00,1.00
2017.08.28 08:05:19.268,1.62297,1.62322,1.50,1.56
2017.08.28 08:05:21.771,1.62297,1.6232,2.25,1.38
2017.08.28 08:05:22.077,1.62294,1.62319,1.00,1.00
2017.08.28 08:05:23.223,1.62296,1.62321,1.00,1.31
2017.08.28 08:05:23.817,1.62296,1.62321,1.00,1.38
2017.08.28 08:05:24.161,1.62291,1.62317,2.25,1.00
2017.08.28 08:05:24.426,1.62293,1.62319,1.81,1.13
2017.08.28 08:05:24.579,1.62297,1.62323,1.81,1.50
2017.08.28 08:05:24.884,1.62304,1.62327,1.00,1.31
2017.08.28 08:05:25.188,1.62302,1.62327,1.00,2.06
2017.08.28 08:05:25.814,1.62302,1.62327,1.00,2.06
2017.08.28 08:05:26.422,1.62302,1.62327,1.00,1.25
2017.08.28 08:05:26.724,1.62302,1.62327,1.00,1.87
2017.08.28 08:05:27.029,1.62304,1.62327,1.00,1.87
2017.08.28 08:05:27.857,1.62304,1.62327,1.00,1.19
2017.08.28 08:05:28.060,1.62304,1.62327,1.00,1.00
2017.08.28 08:05:28.600,1.62303,1.62326,1.00,1.00
2017.08.28 08:05:29.820,1.62303,1.62326,1.00,1.81
2017.08.28 08:05:29.921,1.62298,1.62321,1.00,1.00
2017.08.28 08:05:29.972,1.62295,1.62319,1.87,1.00
2017.08.28 08:05:30.125,1.62296,1.62322,1.62,1.00
2017.08.28 08:05:30.177,1.62299,1.62322,1.00,1.44
2017.08.28 08:05:30.393,1.62297,1.62321,1.25,1.00
2017.08.28 08:05:30.777,1.62295,1.62319,1.87,1.00
2017.08.28 08:05:30.878,1.62295,1.62319,1.25,1.00
2017.08.28 08:05:30.929,1.62293,1.62317,3.37,1.00
2017.08.28 08:05:31.233,1.62293,1.62317,3.38,1.00
2017.08.28 08:05:31.738,1.62292,1.62316,3.56,1.00
2017.08.28 08:05:31.789,1.62292,1.62316,1.12,1.00
2017.08.28 08:05:31.841,1.62289,1.62314,2.25,1.00
2017.08.28 08:05:31.892,1.62289,1.62314,1.25,1.00
2017.08.28 08:05:32.095,1.62288,1.62311,2.44,1.00
2017.08.28 08:05:32.686,1.62288,1.62311,1.25,1.00
2017.08.28 08:05:32.940,1.62288,1.62313,1.00,1.00
2017.08.28 08:05:33.297,1.62288,1.62311,1.00,1.00
2017.08.28 08:05:33.449,1.62291,1.62316,1.69,1.25
2017.08.28 08:05:33.652,1.62294,1.62317,1.00,1.25
2017.08.28 08:05:34.360,1.62295,1.62319,1.00,1.69
2017.08.28 08:05:34.664,1.62295,1.62318,1.00,1.19
2017.08.28 08:05:34.816,1.62293,1.62318,1.00,1.69
2017.08.28 08:05:35.342,1.62293,1.62316,1.00,1.00
2017.08.28 08:05:36.170,1.62294,1.62317,1.00,1.25
2017.08.28 08:05:36.372,1.62292,1.62317,1.25,1.19
2017.08.28 08:05:36.880,1.62292,1.62317,1.00,1.25
2017.08.28 08:05:37.394,1.62292,1.62317,1.25,1.19
2017.08.28 08:05:37.900,1.62292,1.62317,1.00,1.25
2017.08.28 08:05:38.740,1.62292,1.62317,1.87,1.00
2017.08.28 08:05:38.842,1.62296,1.62321,1.00,1.00
2017.08.28 08:05:39.045,1.62296,1.62321,1.00,1.19
2017.08.28 08:05:39.552,1.62296,1.62321,1.00,1.19
2017.08.28 08:05:40.142,1.62296,1.62321,1.25,1.25
2017.08.28 08:05:40.736,1.62296,1.62321,1.12,1.19
2017.08.28 08:05:41.254,1.62296,1.62321,1.00,1.25
2017.08.28 08:05:42.266,1.62296,1.62321,1.12,1.19
2017.08.28 08:05:42.815,1.62296,1.62321,1.00,1.25
2017.08.28 08:05:43.715,1.62296,1.62321,1.12,1.19
2017.08.28 08:05:43.946,1.62297,1.62322,1.00,1.00
2017.08.28 08:05:44.099,1.62296,1.62319,1.00,1.00
2017.08.28 08:05:44.415,1.62298,1.62321,1.00,1.25
2017.08.28 08:05:45.843,1.62295,1.62322,1.00,1.00
2017.08.28 08:05:46.401,1.62295,1.6232,1.00,1.00
2017.08.28 08:05:46.725,1.623,1.62325,1.75,1.00
2017.08.28 08:05:46.878,1.62301,1.62327,1.44,1.00
2017.08.28 08:05:47.475,1.62302,1.62327,1.25,1.00
2017.08.28 08:05:48.125,1.62302,1.62327,1.31,1.12
2017.08.28 08:05:48.643,1.62302,1.62327,1.12,1.00
2017.08.28 08:05:48.745,1.62302,1.62327,1.56,1.00
2017.08.28 08:05:49.005,1.62303,1.62329,1.00,1.13
2017.08.28 08:05:49.056,1.62303,1.62329,1.25,1.31
2017.08.28 08:05:49.411,1.62303,1.62329,1.38,1.44
2017.08.28 08:05:49.838,1.62303,1.62328,1.25,1.25
2017.08.28 08:05:49.889,1.62303,1.62328,1.37,1.44
2017.08.28 08:05:49.940,1.62303,1.62329,1.25,1.63
2017.08.28 08:05:50.143,1.62303,1.62329,1.44,1.25
2017.08.28 08:05:50.486,1.62303,1.62326,1.37,1.00
2017.08.28 08:05:51.066,1.62303,1.62326,1.44,1.00
2017.08.28 08:05:51.180,1.62304,1.62328,1.44,1.31
2017.08.28 08:05:51.701,1.62304,1.62328,1.25,1.00
2017.08.28 08:05:52.225,1.62304,1.6233,1.44,2.44
2017.08.28 08:05:52.430,1.62302,1.62327,1.62,1.25
2017.08.28 08:05:53.007,1.62303,1.62329,1.62,1.63
2017.08.28 08:05:53.579,1.62303,1.62329,1.44,1.13
2017.08.28 08:05:53.890,1.62304,1.62328,1.44,1.44
2017.08.28 08:05:54.094,1.62304,1.6233,1.37,1.69
2017.08.28 08:05:54.500,1.62305,1.62329,1.00,2.06
2017.08.28 08:05:55.127,1.62304,1.62328,1.31,1.12
2017.08.28 08:05:55.649,1.62304,1.62328,1.25,1.00
2017.08.28 08:05:56.382,1.62304,1.62328,1.44,1.19
2017.08.28 08:05:56.915,1.62304,1.62328,1.25,1.25
2017.08.28 08:05:57.422,1.62304,1.62328,1.44,1.25
2017.08.28 08:05:57.878,1.62302,1.62327,1.69,1.44
2017.08.28 08:05:57.982,1.62307,1.62326,1.00,1.00
2017.08.28 08:05:58.143,1.62307,1.6233,1.00,2.06
2017.08.28 08:05:58.684,1.62307,1.62329,1.00,1.88
2017.08.28 08:05:58.785,1.62307,1.62329,1.00,1.38
2017.08.28 08:05:58.988,1.62302,1.62327,1.25,1.00
2017.08.28 08:05:59.166,1.623,1.62326,1.00,1.38
2017.08.28 08:05:59.471,1.62297,1.6232,2.44,1.00
2017.08.28 08:05:59.776,1.62299,1.62324,1.00,1.13
2017.08.28 08:05:59.941,1.62299,1.62322,1.00,1.00
2017.08.28 08:06:00.445,1.623,1.62323,1.00,1.25
2017.08.28 08:06:00.597,1.62298,1.62323,1.25,1.25
2017.08.28 08:06:01.135,1.62297,1.62322,1.19,1.00
2017.08.28 08:06:01.659,1.62298,1.62323,1.00,1.00
2017.08.28 08:06:02.714,1.62298,1.62323,1.25,1.19
2017.08.28 08:06:03.142,1.62296,1.62321,1.50,1.00
2017.08.28 08:06:03.294,1.62297,1.62319,1.00,1.00
2017.08.28 08:06:03.799,1.62296,1.62319,1.00,1.00
2017.08.28 08:06:04.306,1.62295,1.62319,1.25,1.00
2017.08.28 08:06:04.817,1.62296,1.62319,1.00,1.00
2017.08.28 08:06:05.120,1.62296,1.62317,1.00,1.00
2017.08.28 08:06:05.577,1.62292,1.62317,2.44,1.87
2017.08.28 08:06:05.679,1.62292,1.62315,1.50,1.00
2017.08.28 08:06:06.213,1.62291,1.62315,1.12,1.00
2017.08.28 08:06:06.871,1.62292,1.62315,1.50,1.25
2017.08.28 08:06:07.246,1.62296,1.62317,1.00,1.00
2017.08.28 08:06:07.348,1.62296,1.62319,2.25,1.88
2017.08.28 08:06:07.906,1.62296,1.62319,1.50,1.38
2017.08.28 08:06:08.414,1.62296,1.62317,1.50,1.00
2017.08.28 08:06:08.740,1.62296,1.62319,1.50,1.25
2017.08.28 08:06:09.247,1.62297,1.62318,1.00,1.25
2017.08.28 08:06:09.959,1.62296,1.62318,1.50,1.00
2017.08.28 08:06:10.537,1.62297,1.62318,1.00,1.25
2017.08.28 08:06:11.431,1.62296,1.62318,1.00,1.00
2017.08.28 08:06:12.061,1.62297,1.62317,1.00,1.00
2017.08.28 08:06:12.112,1.62296,1.62315,1.00,1.00
2017.08.28 08:06:12.163,1.62296,1.62317,1.50,1.25
2017.08.28 08:06:12.770,1.62297,1.62318,1.00,2.06
2017.08.28 08:06:13.276,1.62296,1.62317,1.00,1.00
2017.08.28 08:06:13.327,1.62296,1.62315,1.00,1.00
2017.08.28 08:06:14.239,1.62297,1.62315,1.00,1.00
2017.08.28 08:06:15.595,1.62296,1.62315,1.00,1.00
2017.08.28 08:06:16.259,1.62297,1.62315,1.00,1.00
2017.08.28 08:06:16.782,1.62296,1.62315,1.00,1.00
2017.08.28 08:06:17.288,1.62293,1.62315,1.50,1.00
2017.08.28 08:06:17.339,1.62293,1.62315,1.12,1.00
2017.08.28 08:06:17.845,1.62294,1.62315,1.00,1.00
2017.08.28 08:06:18.357,1.62293,1.62315,1.00,1.00
2017.08.28 08:06:19.001,1.62294,1.62315,1.00,1.00
2017.08.28 08:06:19.538,1.62293,1.62315,1.00,1.00
2017.08.28 08:06:20.151,1.62294,1.62315,1.00,1.00
2017.08.28 08:06:20.505,1.6229,1.62315,1.50,1.87
2017.08.28 08:06:20.556,1.6229,1.62311,1.12,1.00
2017.08.28 08:06:21.005,1.62289,1.62309,1.00,1.00
2017.08.28 08:06:21.523,1.6229,1.6231,1.00,1.00
2017.08.28 08:06:21.929,1.62292,1.62311,1.00,1.00
2017.08.28 08:06:22.132,1.62289,1.62311,1.00,1.00
2017.08.28 08:06:22.284,1.62292,1.62312,1.25,1.00
2017.08.28 08:06:22.589,1.62292,1.62315,1.00,1.00
2017.08.28 08:06:23.187,1.62292,1.62316,1.00,1.00
2017.08.28 08:06:23.694,1.62292,1.62315,1.00,1.00
2017.08.28 08:06:23.896,1.6229,1.62315,1.00,1.31
2017.08.28 08:06:24.244,1.62288,1.62313,1.25,1.00
2017.08.28 08:06:24.750,1.62287,1.6231,3.75,1.00
2017.08.28 08:06:25.004,1.62288,1.62313,1.44,1.00
2017.08.28 08:06:25.207,1.6229,1.62315,1.00,1.00
2017.08.28 08:06:25.711,1.62292,1.62315,1.25,1.00
2017.08.28 08:06:25.916,1.62292,1.62317,2.06,1.00
2017.08.28 08:06:26.068,1.62294,1.62319,1.00,1.00
2017.08.28 08:06:26.764,1.62294,1.62319,1.25,1.44
2017.08.28 08:06:27.286,1.62293,1.62318,1.25,1.00
2017.08.28 08:06:27.822,1.62292,1.62319,1.50,1.25
2017.08.28 08:06:27.873,1.62293,1.6232,1.50,1.44
2017.08.28 08:06:28.228,1.62294,1.62317,1.00,1.50
2017.08.28 08:06:28.279,1.62291,1.62316,1.00,1.25
2017.08.28 08:06:28.380,1.62291,1.62316,1.00,1.63
2017.08.28 08:06:28.888,1.62288,1.62313,1.37,1.00
2017.08.28 08:06:29.497,1.62288,1.62313,1.38,1.00
2017.08.28 08:06:30.027,1.62288,1.62313,1.63,1.00
2017.08.28 08:06:30.585,1.62288,1.62313,1.25,1.00
2017.08.28 08:06:30.737,1.62287,1.62311,1.87,1.00
2017.08.28 08:06:30.940,1.62288,1.62313,1.62,1.00
2017.08.28 08:06:31.624,1.62287,1.62313,2.06,1.44
2017.08.28 08:06:32.143,1.62287,1.62313,1.37,1.00
2017.08.28 08:06:32.649,1.62287,1.62313,2.25,1.00
2017.08.28 08:06:33.242,1.62287,1.62313,1.37,1.00
2017.08.28 08:06:33.808,1.62287,1.62313,1.56,1.00
2017.08.28 08:06:34.323,1.62287,1.62313,1.37,1.00
2017.08.28 08:06:34.576,1.62287,1.62313,1.12,1.00
2017.08.28 08:06:34.627,1.62287,1.62313,1.44,1.00
2017.08.28 08:06:34.780,1.62287,1.62313,1.12,1.00
2017.08.28 08:06:34.983,1.62287,1.62311,2.06,1.00
2017.08.28 08:06:35.508,1.62286,1.62311,2.81,1.00
2017.08.28 08:06:36.026,1.62287,1.62311,1.75,1.00
2017.08.28 08:06:36.238,1.62288,1.62313,1.50,1.00
2017.08.28 08:06:36.759,1.62288,1.62313,1.31,1.00
2017.08.28 08:06:37.022,1.62288,1.62313,1.69,1.00
2017.08.28 08:06:37.528,1.62288,1.62313,1.00,1.00
2017.08.28 08:06:37.681,1.62288,1.62313,1.63,1.00
2017.08.28 08:06:37.732,1.62288,1.62313,1.00,1.00
2017.08.28 08:06:37.858,1.62287,1.6231,1.88,1.00
2017.08.28 08:06:38.161,1.62287,1.6231,2.06,1.00
2017.08.28 08:06:38.212,1.62287,1.6231,1.87,1.00
2017.08.28 08:06:38.718,1.62287,1.6231,1.87,1.00
2017.08.28 08:06:39.240,1.62287,1.6231,1.25,1.00
2017.08.28 08:06:39.494,1.62287,1.6231,1.56,1.00
2017.08.28 08:06:39.546,1.62287,1.6231,2.25,1.00
2017.08.28 08:06:40.117,1.62287,1.6231,1.87,1.00
2017.08.28 08:06:40.434,1.62291,1.6231,1.00,1.00
2017.08.28 08:06:41.481,1.62291,1.62314,1.00,1.25
2017.08.28 08:06:41.895,1.62292,1.62315,1.19,1.00
2017.08.28 08:06:42.402,1.62291,1.62314,1.19,1.12
2017.08.28 08:06:42.908,1.62291,1.62314,1.19,1.00
2017.08.28 08:06:43.409,1.62293,1.62316,1.25,1.50
2017.08.28 08:06:43.561,1.62293,1.62315,1.19,1.37
2017.08.28 08:06:43.663,1.62289,1.62312,1.69,1.00
2017.08.28 08:06:44.136,1.6229,1.62315,1.19,1.87
2017.08.28 08:06:44.444,1.62289,1.62312,1.19,1.00
2017.08.28 08:06:44.546,1.62289,1.62315,3.00,1.25
2017.08.28 08:06:45.084,1.6229,1.62315,1.31,1.69
2017.08.28 08:06:45.236,1.62289,1.62313,1.19,1.00
2017.08.28 08:06:45.479,1.6229,1.62313,1.19,1.00
2017.08.28 08:06:46.029,1.62288,1.62313,1.50,1.00
2017.08.28 08:06:46.211,1.62289,1.62315,1.19,1.25
2017.08.28 08:06:46.313,1.62289,1.62315,1.19,2.25
2017.08.28 08:06:46.674,1.62288,1.62313,1.38,1.00
2017.08.28 08:06:46.978,1.6229,1.62314,1.56,1.00
2017.08.28 08:06:47.029,1.6229,1.62314,1.50,1.00
2017.08.28 08:06:47.080,1.62289,1.62312,1.44,1.00
2017.08.28 08:06:47.625,1.62289,1.6231,1.00,1.44
2017.08.28 08:06:47.778,1.62281,1.62304,1.19,1.00
2017.08.28 08:06:48.200,1.62278,1.62301,1.31,1.00
2017.08.28 08:06:48.656,1.6228,1.62304,1.25,1.00
2017.08.28 08:06:49.162,1.6228,1.62304,1.44,1.00
2017.08.28 08:06:49.513,1.62277,1.62304,1.69,1.44
2017.08.28 08:06:49.767,1.62276,1.62301,1.25,1.38
2017.08.28 08:06:49.969,1.62271,1.62295,1.00,1.25
2017.08.28 08:06:50.223,1.62271,1.62295,1.19,1.50
2017.08.28 08:06:51.105,1.62272,1.62296,1.13,2.25
2017.08.28 08:06:51.419,1.62272,1.62295,1.44,1.00
2017.08.28 08:06:52.135,1.62271,1.62294,2.06,1.00
2017.08.28 08:06:52.591,1.62271,1.62296,1.69,2.25
2017.08.28 08:06:53.131,1.62271,1.62295,1.69,1.00
2017.08.28 08:06:53.954,1.62271,1.62296,1.69,3.00
2017.08.28 08:06:54.005,1.62271,1.62295,1.69,1.00
2017.08.28 08:06:54.109,1.62271,1.62295,1.69,1.00
2017.08.28 08:06:55.023,1.62271,1.62296,1.69,2.25
2017.08.28 08:06:55.521,1.62269,1.6229,1.37,1.63
2017.08.28 08:06:55.623,1.62264,1.62283,1.00,1.00
2017.08.28 08:06:55.675,1.62261,1.62284,1.00,1.00
2017.08.28 08:06:56.131,1.62257,1.62282,1.44,1.00
2017.08.28 08:06:56.233,1.62257,1.62282,1.12,1.00
2017.08.28 08:06:57.168,1.62262,1.62282,1.00,1.00
2017.08.28 08:06:57.675,1.62257,1.62282,1.69,1.63
2017.08.28 08:06:57.828,1.62257,1.6228,1.00,1.50
2017.08.28 08:06:57.879,1.62257,1.6228,1.00,1.25
2017.08.28 08:06:58.041,1.62257,1.62278,1.00,1.00
2017.08.28 08:06:59.483,1.62257,1.62278,1.00,1.63
2017.08.28 08:06:59.988,1.62257,1.62276,1.00,1.00
2017.08.28 08:07:02.693,1.62256,1.62276,1.00,1.00
2017.08.28 08:07:03.200,1.62256,1.62277,1.00,1.00
2017.08.28 08:07:05.341,1.62257,1.62277,1.00,1.00
2017.08.28 08:07:05.944,1.62257,1.62279,1.00,1.00
2017.08.28 08:07:06.633,1.62257,1.62278,1.00,1.00
2017.08.28 08:07:07.298,1.62257,1.62274,1.00,1.00
2017.08.28 08:07:08.101,1.62257,1.62277,1.00,1.46
2017.08.28 08:07:08.405,1.62257,1.62278,1.00,1.00
2017.08.28 08:07:12.242,1.62256,1.62278,1.00,1.00
2017.08.28 08:07:12.629,1.62254,1.62278,1.00,1.00
2017.08.28 08:07:12.908,1.62257,1.62278,1.00,1.00
2017.08.28 08:07:19.092,1.62256,1.62278,1.00,1.00
2017.08.28 08:07:19.597,1.62256,1.62277,1.00,1.00
2017.08.28 08:07:22.651,1.62257,1.62277,1.00,1.00
2017.08.28 08:07:23.002,1.62272,1.62291,1.25,1.00
2017.08.28 08:07:23.054,1.62272,1.62293,1.25,1.50
2017.08.28 08:07:23.560,1.62271,1.62293,1.00,1.00
2017.08.28 08:07:24.231,1.62272,1.62293,1.00,1.50
2017.08.28 08:07:24.874,1.62272,1.62294,1.00,1.50
2017.08.28 08:07:25.423,1.62272,1.62295,1.00,1.00
2017.08.28 08:07:30.606,1.62272,1.62295,1.00,1.43
2017.08.28 08:07:33.616,1.62271,1.62294,1.00,1.00
2017.08.28 08:07:35.293,1.62269,1.62295,1.31,1.25
2017.08.28 08:07:35.395,1.62269,1.62293,1.00,1.00
2017.08.28 08:07:35.700,1.62269,1.62292,1.00,1.19
2017.08.28 08:07:36.041,1.62269,1.62293,1.00,1.50
2017.08.28 08:07:36.622,1.62269,1.62292,1.00,1.00
2017.08.28 08:07:37.186,1.62269,1.62293,1.00,1.69
2017.08.28 08:07:37.790,1.62269,1.62292,1.00,1.25
2017.08.28 08:07:38.316,1.62269,1.62293,1.00,1.69
2017.08.28 08:07:38.883,1.62271,1.62292,1.00,1.00
2017.08.28 08:07:39.189,1.62262,1.62286,1.00,1.25
2017.08.28 08:07:39.240,1.62262,1.62284,1.00,1.00
2017.08.28 08:07:39.342,1.62258,1.62284,1.38,1.00
2017.08.28 08:07:39.828,1.62262,1.62285,1.00,1.00
2017.08.28 08:07:41.303,1.62261,1.62284,1.69,1.00
2017.08.28 08:07:43.577,1.62262,1.62284,1.00,1.00
2017.08.28 08:07:43.850,1.62261,1.62286,1.63,1.25
2017.08.28 08:07:43.901,1.62261,1.62286,2.06,1.00
2017.08.28 08:07:43.952,1.62261,1.62286,1.19,1.12
2017.08.28 08:07:44.054,1.6226,1.62283,1.00,1.00
2017.08.28 08:07:45.084,1.62262,1.62283,1.00,1.00
2017.08.28 08:07:45.612,1.62262,1.62284,1.00,1.00
2017.08.28 08:07:45.963,1.62258,1.62282,1.13,1.00
2017.08.28 08:07:46.014,1.62259,1.62284,1.00,1.00
2017.08.28 08:07:46.629,1.62258,1.62282,1.00,1.00
2017.08.28 08:07:47.404,1.62261,1.62282,1.00,1.00
2017.08.28 08:07:47.576,1.62261,1.62284,1.00,1.25
2017.08.28 08:07:48.729,1.62261,1.62286,1.00,1.19
2017.08.28 08:07:48.882,1.62261,1.62286,1.00,1.69
2017.08.28 08:07:49.236,1.62261,1.62285,1.00,1.12
2017.08.28 08:07:49.809,1.62261,1.62285,1.25,1.37
2017.08.28 08:07:50.322,1.62262,1.62285,1.00,1.44
2017.08.28 08:07:50.827,1.62261,1.62285,1.00,1.44
2017.08.28 08:07:51.339,1.62261,1.62283,1.00,1.00
2017.08.28 08:07:52.879,1.62267,1.62286,1.00,1.00
2017.08.28 08:07:52.930,1.62261,1.62286,1.37,1.13
2017.08.28 08:07:53.032,1.62261,1.62284,1.25,1.00
2017.08.28 08:07:53.539,1.62262,1.62287,1.00,1.00
2017.08.28 08:07:53.868,1.62261,1.62284,1.69,1.00
2017.08.28 08:07:54.418,1.62261,1.62283,1.00,1.00
2017.08.28 08:07:57.856,1.62261,1.62283,1.00,1.38
2017.08.28 08:07:58.378,1.62261,1.62279,1.00,1.00
2017.08.28 08:07:58.479,1.62261,1.62282,1.00,1.25
2017.08.28 08:07:58.787,1.62261,1.62284,1.00,1.00
2017.08.28 08:07:59.242,1.62263,1.62285,1.00,1.25
2017.08.28 08:07:59.971,1.62263,1.62286,1.00,1.25
2017.08.28 08:08:01.776,1.62261,1.62286,1.25,1.13
2017.08.28 08:08:02.294,1.62261,1.62287,1.00,1.88
2017.08.28 08:08:02.796,1.62261,1.62286,1.25,1.25
2017.08.28 08:08:03.176,1.6226,1.62286,1.00,1.38
2017.08.28 08:08:03.279,1.62258,1.62284,1.00,1.25
2017.08.28 08:08:03.482,1.62257,1.62281,1.13,1.00
2017.08.28 08:08:03.990,1.62258,1.62282,1.25,1.25
2017.08.28 08:08:05.320,1.62258,1.62282,1.38,1.25
2017.08.28 08:08:05.371,1.62258,1.62282,1.00,1.00
2017.08.28 08:08:05.473,1.62258,1.62282,1.00,1.38
2017.08.28 08:08:05.625,1.62254,1.6228,1.69,1.37
2017.08.28 08:08:05.676,1.62254,1.6228,1.25,1.37
2017.08.28 08:08:05.727,1.62252,1.62279,1.69,1.63
2017.08.28 08:08:05.951,1.62257,1.62277,1.00,1.00
2017.08.28 08:08:06.003,1.62255,1.62278,1.00,1.00
2017.08.28 08:08:06.206,1.62257,1.62278,1.00,1.25
2017.08.28 08:08:06.782,1.62257,1.62277,1.00,1.25
2017.08.28 08:08:07.752,1.62257,1.6228,1.25,1.25
2017.08.28 08:08:07.803,1.62261,1.62282,1.00,1.19
2017.08.28 08:08:07.905,1.62261,1.62286,1.69,1.44
2017.08.28 08:08:08.413,1.62261,1.62286,1.50,1.12
2017.08.28 08:08:12.224,1.62261,1.62284,1.25,1.00
2017.08.28 08:08:12.568,1.62262,1.62285,1.38,1.00
2017.08.28 08:08:13.619,1.6226,1.62285,1.38,1.19
2017.08.28 08:08:13.704,1.6226,1.62285,1.00,1.19
2017.08.28 08:08:13.755,1.62262,1.62285,1.00,1.38
2017.08.28 08:08:14.279,1.62261,1.62284,1.50,1.19
2017.08.28 08:08:14.788,1.62261,1.62284,1.50,1.19
2017.08.28 08:08:15.312,1.62261,1.62283,1.00,1.25
2017.08.28 08:08:15.863,1.62258,1.62282,1.25,1.25
2017.08.28 08:08:16.391,1.62258,1.62284,1.00,1.44
2017.08.28 08:08:16.765,1.62258,1.62284,1.00,1.38
2017.08.28 08:08:17.343,1.62261,1.62284,1.00,1.44
2017.08.28 08:08:17.445,1.62257,1.62283,1.50,1.56
2017.08.28 08:08:17.692,1.62252,1.62278,1.00,1.56
2017.08.28 08:08:17.845,1.62251,1.62274,1.50,1.00
2017.08.28 08:08:18.098,1.62252,1.62276,1.00,1.25
2017.08.28 08:08:18.968,1.62252,1.62276,1.25,1.44
2017.08.28 08:08:19.474,1.62252,1.62276,1.00,1.86
2017.08.28 08:08:20.148,1.62252,1.62276,1.00,1.18
2017.08.28 08:08:22.481,1.62252,1.62276,1.00,1.86
2017.08.28 08:08:22.627,1.62254,1.62276,1.00,1.43
2017.08.28 08:08:23.685,1.62254,1.62277,1.00,1.86
2017.08.28 08:08:23.736,1.62252,1.62276,1.00,1.86
2017.08.28 08:08:24.002,1.62254,1.62277,1.00,1.86
2017.08.28 08:08:24.644,1.62254,1.62276,1.00,1.43
2017.08.28 08:08:24.898,1.62254,1.62277,1.00,1.86
2017.08.28 08:08:25.555,1.62253,1.62277,1.00,1.11
2017.08.28 08:08:26.061,1.62253,1.62276,1.00,1.11
2017.08.28 08:08:26.608,1.62253,1.62276,1.00,1.18
2017.08.28 08:08:26.761,1.62253,1.62277,1.00,1.23
2017.08.28 08:08:26.963,1.62253,1.62278,1.00,1.30
2017.08.28 08:08:27.014,1.62253,1.62278,1.00,1.18
2017.08.28 08:08:27.116,1.62255,1.62276,1.00,1.25
2017.08.28 08:08:27.661,1.62253,1.62276,1.00,1.00
2017.08.28 08:08:28.170,1.62255,1.6228,1.00,1.86
2017.08.28 08:08:28.479,1.62257,1.6228,1.00,1.86
2017.08.28 08:08:28.932,1.62255,1.62277,1.00,1.11
2017.08.28 08:08:29.034,1.62252,1.62277,1.50,1.00
2017.08.28 08:08:29.237,1.62257,1.62276,1.00,1.00
2017.08.28 08:08:29.541,1.62258,1.62281,1.00,1.00
2017.08.28 08:08:30.083,1.62257,1.62282,1.50,1.30
2017.08.28 08:08:30.590,1.62258,1.62283,1.00,1.36
2017.08.28 08:08:31.123,1.62258,1.62283,1.00,1.23
2017.08.28 08:08:31.174,1.62261,1.62283,1.00,1.36
2017.08.28 08:08:31.677,1.62258,1.62281,1.00,1.55
2017.08.28 08:08:31.778,1.62256,1.62276,1.12,1.18
2017.08.28 08:08:31.880,1.62252,1.62275,1.00,1.00
2017.08.28 08:08:32.386,1.62252,1.62274,1.00,1.00
2017.08.28 08:08:32.995,1.62252,1.62274,1.00,1.61
2017.08.28 08:08:33.552,1.62252,1.62274,1.00,1.25
2017.08.28 08:08:34.080,1.62252,1.62275,1.00,1.86
2017.08.28 08:08:34.611,1.62251,1.62275,1.00,1.25
2017.08.28 08:08:35.141,1.62251,1.62275,1.00,1.37
2017.08.28 08:08:36.037,1.62251,1.62275,1.00,1.87
2017.08.28 08:08:36.612,1.62251,1.62275,1.00,1.37
2017.08.28 08:08:37.132,1.62251,1.62275,1.50,1.12
2017.08.28 08:08:37.654,1.62251,1.62274,1.00,1.00
2017.08.28 08:08:38.170,1.62251,1.62276,1.50,1.87
2017.08.28 08:08:38.817,1.62251,1.62275,1.50,1.44
2017.08.28 08:08:39.425,1.62251,1.62275,1.50,1.44
2017.08.28 08:08:40.395,1.62251,1.62276,1.50,1.87
2017.08.28 08:08:40.908,1.62257,1.62276,1.00,1.00
2017.08.28 08:08:41.161,1.62252,1.62277,1.00,1.56
2017.08.28 08:08:41.505,1.62251,1.62275,1.00,1.44
2017.08.28 08:08:41.607,1.62251,1.62275,1.00,1.12
2017.08.28 08:08:42.122,1.62252,1.62275,1.00,1.12
2017.08.28 08:08:43.752,1.62251,1.62275,1.00,1.12
2017.08.28 08:08:44.401,1.62251,1.62276,1.50,1.37
2017.08.28 08:08:44.932,1.62251,1.62276,1.50,1.44
2017.08.28 08:08:45.413,1.62253,1.62276,1.00,1.37
2017.08.28 08:08:47.472,1.62251,1.62276,1.69,1.19
2017.08.28 08:08:47.625,1.62251,1.62276,1.69,1.25
2017.08.28 08:08:47.936,1.62257,1.62277,1.00,1.25
2017.08.28 08:08:48.038,1.62257,1.62279,1.50,1.25
2017.08.28 08:08:48.089,1.62259,1.62282,1.00,1.25
2017.08.28 08:08:48.342,1.62257,1.62281,1.00,1.25
2017.08.28 08:08:49.324,1.62257,1.62281,1.00,1.63
2017.08.28 08:08:49.886,1.62256,1.62279,1.50,1.69
2017.08.28 08:08:50.432,1.62256,1.6228,1.00,1.69
2017.08.28 08:08:51.176,1.62256,1.62279,1.50,1.19
2017.08.28 08:08:51.772,1.62256,1.6228,1.50,1.38
2017.08.28 08:08:52.244,1.62257,1.62274,1.00,1.13
2017.08.28 08:08:52.295,1.62252,1.62275,2.25,1.69
2017.08.28 08:08:52.346,1.62252,1.62274,1.50,1.25
2017.08.28 08:08:52.551,1.62254,1.62274,1.00,1.00
2017.08.28 08:08:52.912,1.62257,1.62274,1.00,1.00
2017.08.28 08:08:53.065,1.62255,1.62275,1.00,1.00
2017.08.28 08:08:53.118,1.62255,1.62279,1.69,1.69
2017.08.28 08:08:53.170,1.62258,1.62279,1.00,1.44
2017.08.28 08:08:53.272,1.62255,1.62278,1.00,1.31
2017.08.28 08:08:53.324,1.62251,1.62276,1.00,1.31
2017.08.28 08:08:53.376,1.62253,1.62276,1.00,1.75
2017.08.28 08:08:53.890,1.62249,1.62272,1.00,1.25
2017.08.28 08:08:53.992,1.62252,1.62275,1.00,1.56
2017.08.28 08:08:54.144,1.6225,1.62274,1.00,1.58
2017.08.28 08:08:54.246,1.6225,1.62273,1.00,1.58
2017.08.28 08:08:54.398,1.62247,1.62272,1.00,1.38
2017.08.28 08:08:54.907,1.62246,1.6227,2.25,1.00
2017.08.28 08:08:55.212,1.62249,1.62272,1.00,1.25
2017.08.28 08:08:55.516,1.62247,1.6227,1.00,1.00
2017.08.28 08:08:56.025,1.62247,1.62269,1.00,1.00
2017.08.28 08:08:56.666,1.62246,1.62269,1.50,1.00
2017.08.28 08:08:57.301,1.62246,1.62267,1.00,1.00
2017.08.28 08:08:57.819,1.62246,1.62266,1.00,1.00
2017.08.28 08:09:00.039,1.62242,1.62266,2.25,1.00
2017.08.28 08:09:00.700,1.62247,1.62266,1.00,1.00
2017.08.28 08:09:00.905,1.62242,1.62265,1.69,1.00
2017.08.28 08:09:00.956,1.62242,1.6226,1.00,1.69
2017.08.28 08:09:01.298,1.62246,1.62266,1.00,1.00
2017.08.28 08:09:01.618,1.62242,1.62266,1.50,1.00
2017.08.28 08:09:02.127,1.62242,1.62266,1.44,1.00
2017.08.28 08:09:02.643,1.62242,1.62266,1.88,1.00
2017.08.28 08:09:03.387,1.62242,1.62266,1.50,1.00
2017.08.28 08:09:03.890,1.62242,1.62266,1.50,1.00
2017.08.28 08:09:04.369,1.62246,1.62266,1.00,1.00
2017.08.28 08:09:04.674,1.62252,1.62269,1.00,1.00
2017.08.28 08:09:05.019,1.62252,1.62267,1.00,1.00
2017.08.28 08:09:05.324,1.62247,1.62267,1.00,1.00
2017.08.28 08:09:05.828,1.62246,1.62267,1.00,1.00
2017.08.28 08:09:06.717,1.62247,1.62267,1.00,1.00
2017.08.28 08:09:06.768,1.62247,1.62269,1.00,1.50
2017.08.28 08:09:06.921,1.62251,1.62269,1.00,1.50
2017.08.28 08:09:07.024,1.62247,1.62269,1.00,1.00
2017.08.28 08:09:07.559,1.62246,1.62268,1.88,1.00
2017.08.28 08:09:07.661,1.62246,1.6227,1.88,1.50
2017.08.28 08:09:08.167,1.62247,1.62269,1.00,1.00
2017.08.28 08:09:08.268,1.62251,1.62269,1.00,1.00
2017.08.28 08:09:08.421,1.62247,1.62267,1.00,1.00
2017.08.28 08:09:08.786,1.62247,1.62269,1.00,1.00
2017.08.28 08:09:09.201,1.62247,1.62272,1.50,1.00
2017.08.28 08:09:10.096,1.62251,1.62272,1.00,1.00
2017.08.28 08:09:10.409,1.62237,1.62259,1.00,1.87
2017.08.28 08:09:10.461,1.62231,1.62259,1.81,1.87
2017.08.28 08:09:10.563,1.62237,1.62259,1.00,1.87
2017.08.28 08:09:10.767,1.62232,1.62259,1.00,1.43
2017.08.28 08:09:11.185,1.62232,1.62255,1.00,1.00
2017.08.28 08:09:11.729,1.62231,1.62254,1.00,1.24
2017.08.28 08:09:12.286,1.62231,1.62256,1.00,1.19
2017.08.28 08:09:12.489,1.62229,1.62254,1.25,1.00
2017.08.28 08:09:13.023,1.62228,1.62255,2.81,1.00
2017.08.28 08:09:13.573,1.62229,1.62254,1.56,1.00
2017.08.28 08:09:14.079,1.62231,1.62254,1.00,1.00
2017.08.28 08:09:14.181,1.62227,1.62255,3.00,1.69
2017.08.28 08:09:14.972,1.62228,1.62255,3.19,1.19
2017.08.28 08:09:15.125,1.62227,1.62252,2.25,1.00
2017.08.28 08:09:15.176,1.62227,1.62252,2.06,1.00
2017.08.28 08:09:15.227,1.62232,1.62252,1.00,1.00
2017.08.28 08:09:15.582,1.62227,1.62254,1.13,1.19
2017.08.28 08:09:16.292,1.62227,1.62252,1.00,1.00
2017.08.28 08:09:16.343,1.62227,1.62252,1.00,1.19
2017.08.28 08:09:16.648,1.62226,1.62248,1.00,1.25
2017.08.28 08:09:17.224,1.62226,1.62246,1.00,1.00
2017.08.28 08:09:17.427,1.62226,1.62249,1.00,1.12
2017.08.28 08:09:17.579,1.62226,1.62247,1.00,1.25
2017.08.28 08:09:18.301,1.62227,1.62245,1.00,1.00
2017.08.28 08:09:18.568,1.62226,1.62247,1.00,1.25
2017.08.28 08:09:19.126,1.62227,1.62247,1.00,1.25
2017.08.28 08:09:19.567,1.62221,1.62247,3.00,1.19
2017.08.28 08:09:19.668,1.62221,1.62247,1.25,1.25
2017.08.28 08:09:20.073,1.62222,1.62247,1.00,1.19
2017.08.28 08:09:20.760,1.62222,1.62243,1.00,1.00
2017.08.28 08:09:21.816,1.62222,1.62244,1.00,1.00
2017.08.28 08:09:22.259,1.62222,1.62247,1.44,1.25
2017.08.28 08:09:22.310,1.62227,1.62247,1.00,1.25
2017.08.28 08:09:22.665,1.62227,1.62245,1.00,1.00
2017.08.28 08:09:22.868,1.62222,1.62245,2.44,1.00
2017.08.28 08:09:23.390,1.62222,1.62245,2.25,1.00
2017.08.28 08:09:23.903,1.62222,1.62245,1.69,1.00
2017.08.28 08:09:24.410,1.62222,1.62244,1.00,1.25
2017.08.28 08:09:25.343,1.62222,1.62245,1.00,1.25
2017.08.28 08:09:25.793,1.62224,1.62247,1.00,1.00
2017.08.28 08:09:26.087,1.62223,1.6225,1.00,1.43
2017.08.28 08:09:26.290,1.62223,1.6225,1.25,1.37
2017.08.28 08:09:26.948,1.62224,1.62249,1.00,1.18
2017.08.28 08:09:27.521,1.62223,1.62248,1.00,1.50
2017.08.28 08:09:28.079,1.62223,1.6225,1.25,2.19
2017.08.28 08:09:28.383,1.62226,1.62249,1.00,2.00
2017.08.28 08:09:28.770,1.62226,1.62249,1.44,1.25
2017.08.28 08:09:29.074,1.62228,1.62251,1.00,1.25
2017.08.28 08:09:30.045,1.62228,1.62253,1.00,1.44
2017.08.28 08:09:30.400,1.6223,1.62251,1.00,1.00
2017.08.28 08:09:30.502,1.62231,1.62254,1.00,1.00
2017.08.28 08:09:31.332,1.62228,1.62251,1.69,1.00
2017.08.28 08:09:31.434,1.62226,1.6225,1.50,1.00
2017.08.28 08:09:31.740,1.62224,1.62249,1.12,1.00
2017.08.28 08:09:31.792,1.62232,1.62249,1.00,1.00
2017.08.28 08:09:31.843,1.62232,1.62251,1.00,1.00
2017.08.28 08:09:31.945,1.62228,1.62253,3.19,1.69
2017.08.28 08:09:31.997,1.62232,1.62253,1.00,1.69
2017.08.28 08:09:32.285,1.6223,1.62255,1.12,1.00
2017.08.28 08:09:32.764,1.62229,1.62253,2.81,1.00
2017.08.28 08:09:32.967,1.62232,1.62255,1.12,1.00
2017.08.28 08:09:33.472,1.62231,1.62256,3.19,1.00
2017.08.28 08:09:33.996,1.62232,1.62256,1.56,1.00
2017.08.28 08:09:34.098,1.62234,1.62257,2.25,1.00
2017.08.28 08:09:34.250,1.6224,1.62263,1.63,1.00
2017.08.28 08:09:34.453,1.6224,1.62265,1.50,1.69
2017.08.28 08:09:34.977,1.62241,1.62265,1.00,1.87
2017.08.28 08:09:35.129,1.62241,1.62264,1.50,1.00
2017.08.28 08:09:35.746,1.62241,1.62265,1.37,1.25
2017.08.28 08:09:36.309,1.62241,1.62265,1.00,1.12
2017.08.28 08:09:36.814,1.6224,1.62264,1.00,1.00
2017.08.28 08:09:37.448,1.62237,1.62262,2.25,1.00
2017.08.28 08:09:37.778,1.62241,1.62264,1.56,1.50
2017.08.28 08:09:38.113,1.62241,1.62265,2.06,1.69
2017.08.28 08:09:38.215,1.62241,1.62264,1.87,1.19
2017.08.28 08:09:38.733,1.6224,1.62264,1.69,1.00
2017.08.28 08:09:39.105,1.62242,1.62265,1.87,1.00
2017.08.28 08:09:39.578,1.62245,1.62264,1.00,1.00
2017.08.28 08:09:40.106,1.62245,1.62265,1.00,1.00
2017.08.28 08:09:40.382,1.62242,1.62265,1.87,1.00
2017.08.28 08:09:40.859,1.62245,1.62264,1.00,1.00
2017.08.28 08:09:41.443,1.62245,1.62265,1.00,1.00
2017.08.28 08:09:41.900,1.62241,1.62265,1.25,1.13
2017.08.28 08:09:42.052,1.6224,1.62264,1.00,2.25
2017.08.28 08:09:42.153,1.62237,1.6226,1.00,1.50
2017.08.28 08:09:42.294,1.62241,1.62262,1.00,1.44
2017.08.28 08:09:42.346,1.62242,1.62266,1.44,1.12
2017.08.28 08:09:42.549,1.62241,1.62266,1.25,1.25
2017.08.28 08:09:42.600,1.62243,1.62266,1.00,1.25
2017.08.28 08:09:43.223,1.62243,1.62266,1.00,1.31
2017.08.28 08:09:43.772,1.62244,1.62268,1.00,1.56
2017.08.28 08:09:44.283,1.62244,1.62268,1.00,1.56
2017.08.28 08:09:44.826,1.62244,1.62268,1.00,1.56
2017.08.28 08:09:45.353,1.62244,1.62268,1.00,1.56
2017.08.28 08:09:47.315,1.62244,1.62268,1.00,1.56
2017.08.28 08:09:47.652,1.62244,1.62268,1.00,1.25
2017.08.28 08:09:47.755,1.62246,1.62268,1.00,1.19
2017.08.28 08:09:48.008,1.62249,1.62273,1.00,1.44
2017.08.28 08:09:48.160,1.62249,1.62268,1.00,1.00
2017.08.28 08:09:48.262,1.62246,1.62269,1.00,1.31
2017.08.28 08:09:48.991,1.62246,1.62268,1.00,1.12
2017.08.28 08:09:49.322,1.62248,1.62273,1.00,2.44
2017.08.28 08:09:49.663,1.62248,1.62273,1.00,2.25
2017.08.28 08:09:49.764,1.62248,1.62273,1.00,2.25
2017.08.28 08:09:49.816,1.62248,1.62273,1.00,2.06
2017.08.28 08:09:49.867,1.62246,1.62269,1.00,1.00
2017.08.28 08:09:50.019,1.62249,1.62275,1.12,1.00
2017.08.28 08:09:50.070,1.62251,1.62277,1.00,1.31
2017.08.28 08:09:50.595,1.62257,1.6228,2.25,1.00
2017.08.28 08:09:50.748,1.62266,1.62288,1.25,1.00
2017.08.28 08:09:50.798,1.62268,1.62288,1.00,1.00
2017.08.28 08:09:50.849,1.62268,1.62291,1.00,1.00
2017.08.28 08:09:51.002,1.6227,1.62293,1.00,1.31
2017.08.28 08:09:51.510,1.62269,1.62292,1.00,1.31
2017.08.28 08:09:51.971,1.6227,1.62297,1.25,1.44
2017.08.28 08:09:52.022,1.62271,1.62297,1.25,1.00
2017.08.28 08:09:52.073,1.62273,1.62298,1.00,1.87
2017.08.28 08:09:52.377,1.62274,1.623,1.00,1.88
2017.08.28 08:09:52.611,1.62272,1.62295,1.00,1.00
2017.08.28 08:09:53.401,1.62273,1.62297,1.00,1.44
2017.08.28 08:09:53.705,1.62271,1.62297,1.00,1.13
2017.08.28 08:09:54.171,1.62271,1.62296,1.00,2.06
2017.08.28 08:09:55.037,1.6227,1.62295,1.50,1.00
2017.08.28 08:09:55.392,1.6227,1.62295,2.62,1.00
2017.08.28 08:10:00.951,1.62267,1.62291,1.69,1.81
2017.08.28 08:10:01.257,1.62264,1.62286,1.37,1.25
2017.08.28 08:10:01.765,1.62264,1.62287,1.12,1.50
2017.08.28 08:10:02.296,1.62264,1.62286,1.37,1.00
2017.08.28 08:10:02.803,1.62264,1.62287,1.12,1.50
2017.08.28 08:10:03.349,1.62264,1.62286,1.37,1.00
2017.08.28 08:10:03.855,1.62264,1.62286,1.12,1.00
2017.08.28 08:10:04.407,1.62264,1.62287,1.00,1.50
2017.08.28 08:10:04.914,1.62263,1.62287,1.00,1.50
2017.08.28 08:10:05.431,1.62262,1.62287,1.12,1.69
2017.08.28 08:10:05.976,1.62263,1.62287,1.12,1.00
2017.08.28 08:10:07.003,1.62263,1.62289,1.69,1.00
2017.08.28 08:10:07.155,1.62266,1.62291,1.00,2.06
2017.08.28 08:10:07.488,1.62266,1.62288,1.50,1.00
2017.08.28 08:10:07.589,1.62266,1.62291,1.00,1.25
2017.08.28 08:10:08.120,1.62266,1.62291,1.87,1.44
2017.08.28 08:10:08.722,1.62266,1.62291,1.00,1.25
2017.08.28 08:10:10.074,1.62267,1.62292,1.00,1.44
2017.08.28 08:10:10.277,1.62265,1.62289,1.50,1.00
2017.08.28 08:10:10.530,1.6227,1.62297,1.00,1.13
2017.08.28 08:10:10.691,1.6227,1.62295,1.00,1.00
2017.08.28 08:10:10.995,1.6227,1.62297,1.00,1.13
2017.08.28 08:10:11.098,1.6227,1.62295,1.00,1.00
2017.08.28 08:10:12.234,1.6227,1.62295,1.00,1.38
2017.08.28 08:10:12.285,1.62268,1.62294,1.00,1.56
2017.08.28 08:10:12.336,1.62267,1.6229,1.00,1.44
2017.08.28 08:10:12.437,1.62265,1.62289,3.00,1.25
2017.08.28 08:10:12.900,1.62267,1.6229,1.00,1.00
2017.08.28 08:10:13.581,1.62267,1.62292,1.00,1.44
2017.08.28 08:10:14.454,1.62267,1.62292,1.00,1.25
2017.08.28 08:10:15.630,1.62269,1.62293,1.00,1.44
2017.08.28 08:10:16.108,1.62267,1.62292,1.00,1.19
2017.08.28 08:10:16.669,1.62267,1.62292,1.00,1.25
2017.08.28 08:10:16.958,1.62269,1.62292,1.69,1.00
2017.08.28 08:10:17.262,1.62273,1.62296,1.00,1.38
2017.08.28 08:10:17.365,1.6227,1.62296,2.25,1.38
2017.08.28 08:10:17.517,1.6227,1.62296,2.06,1.00
2017.08.28 08:10:17.850,1.6227,1.62293,1.00,1.69
2017.08.28 08:10:18.357,1.62271,1.62293,1.00,1.00
2017.08.28 08:10:18.980,1.62271,1.62292,1.00,1.00
2017.08.28 08:10:19.731,1.62271,1.62293,1.00,1.00
2017.08.28 08:10:20.362,1.62271,1.62292,1.00,1.00
2017.08.28 08:10:21.049,1.62271,1.62293,1.00,1.25
2017.08.28 08:10:22.729,1.62271,1.62292,1.38,1.00
2017.08.28 08:10:22.830,1.62276,1.62294,1.00,1.00
2017.08.28 08:10:22.881,1.62276,1.62299,1.00,1.19
2017.08.28 08:10:22.983,1.62278,1.623,1.00,1.13
2017.08.28 08:10:23.236,1.62276,1.62301,2.44,1.25
2017.08.28 08:10:23.792,1.62277,1.623,1.00,1.13
2017.08.28 08:10:24.422,1.62275,1.62295,1.00,1.44
2017.08.28 08:10:24.473,1.62272,1.62296,1.00,1.63
2017.08.28 08:10:24.524,1.62271,1.62293,1.00,1.00
2017.08.28 08:10:24.677,1.62267,1.62292,3.38,1.00
2017.08.28 08:10:24.930,1.62267,1.62291,2.81,1.00
2017.08.28 08:10:25.234,1.62268,1.62292,1.56,1.00
2017.08.28 08:10:25.471,1.62268,1.62292,1.37,1.00
2017.08.28 08:10:26.051,1.62268,1.62292,1.63,1.00
2017.08.28 08:10:26.713,1.62269,1.62292,1.38,1.00
2017.08.28 08:10:26.843,1.62269,1.62292,1.00,1.00
2017.08.28 08:10:27.791,1.62267,1.62292,3.19,1.00
2017.08.28 08:10:28.564,1.62268,1.62292,1.19,1.00
2017.08.28 08:10:28.767,1.62269,1.62294,1.25,1.00
2017.08.28 08:10:29.661,1.62267,1.62293,3.38,1.00
2017.08.28 08:10:29.855,1.62269,1.62294,1.00,1.00
2017.08.28 08:10:30.915,1.62266,1.6229,1.12,2.06
2017.08.28 08:10:31.118,1.62263,1.62288,1.00,1.13
2017.08.28 08:10:31.271,1.62263,1.62285,1.00,1.19
2017.08.28 08:10:31.631,1.62261,1.62285,3.19,1.00
2017.08.28 08:10:32.275,1.62262,1.62285,1.25,1.50
2017.08.28 08:10:32.802,1.62261,1.62284,2.81,1.00
2017.08.28 08:10:33.177,1.62262,1.62284,1.63,1.00
2017.08.28 08:10:33.330,1.62262,1.62286,1.12,1.50
2017.08.28 08:10:34.046,1.62262,1.62285,2.06,1.00
2017.08.28 08:10:34.587,1.62262,1.62286,1.37,1.50
2017.08.28 08:10:35.109,1.62262,1.62286,1.87,1.00
2017.08.28 08:10:35.164,1.62262,1.62285,3.00,1.00
2017.08.28 08:10:35.367,1.62262,1.62286,1.50,1.69
2017.08.28 08:10:36.136,1.62262,1.6228,1.00,1.00
2017.08.28 08:10:36.592,1.62255,1.62279,1.81,1.00
2017.08.28 08:10:37.103,1.62254,1.62278,1.50,1.00
2017.08.28 08:10:37.256,1.62261,1.62278,1.00,1.00
2017.08.28 08:10:37.623,1.62261,1.62281,1.00,1.00
2017.08.28 08:10:38.162,1.62261,1.6228,1.00,1.00
2017.08.28 08:10:38.416,1.62256,1.62279,1.50,1.00
2017.08.28 08:10:39.191,1.62257,1.62279,1.00,1.00
2017.08.28 08:10:39.835,1.62257,1.6228,1.00,1.69
2017.08.28 08:10:40.268,1.62262,1.62281,1.00,1.00
2017.08.28 08:10:40.370,1.62262,1.62284,1.00,1.00
2017.08.28 08:10:40.573,1.62262,1.62286,1.50,1.00
2017.08.28 08:10:41.076,1.62264,1.62287,1.00,1.50
2017.08.28 08:10:41.387,1.62261,1.62281,1.00,1.00
2017.08.28 08:10:41.590,1.62258,1.62281,1.25,1.25
2017.08.28 08:10:41.691,1.62255,1.6228,1.63,1.00
2017.08.28 08:10:42.047,1.62253,1.62277,1.69,1.00
2017.08.28 08:10:42.684,1.62254,1.62277,1.00,1.00
2017.08.28 08:10:43.146,1.62253,1.62274,1.44,1.00
2017.08.28 08:10:43.197,1.62251,1.62274,2.44,1.00
2017.08.28 08:10:43.298,1.62248,1.62274,2.63,1.50
2017.08.28 08:10:43.400,1.62247,1.6227,1.12,1.00
2017.08.28 08:10:43.920,1.62246,1.6227,1.88,1.00
2017.08.28 08:10:44.224,1.62252,1.62275,1.25,1.00
2017.08.28 08:10:44.326,1.62253,1.62278,1.44,1.00
2017.08.28 08:10:44.377,1.62261,1.6228,1.00,1.87
2017.08.28 08:10:44.428,1.62261,1.62283,1.00,1.00
2017.08.28 08:10:44.883,1.62261,1.62285,4.31,1.00
2017.08.28 08:10:45.086,1.62264,1.6228,1.00,1.19
2017.08.28 08:10:45.137,1.6226,1.6228,1.00,1.19
2017.08.28 08:10:45.359,1.62257,1.62281,1.50,1.19
2017.08.28 08:10:45.664,1.62257,1.62282,1.88,1.00
2017.08.28 08:10:46.166,1.62258,1.62283,1.31,1.13
2017.08.28 08:10:46.268,1.62258,1.62281,1.00,1.00
2017.08.28 08:10:46.829,1.62258,1.62281,1.44,1.00
2017.08.28 08:10:47.480,1.62259,1.62282,1.44,1.00
2017.08.28 08:10:48.824,1.62259,1.62282,1.37,1.13
2017.08.28 08:10:50.084,1.62259,1.62282,1.44,1.00
2017.08.28 08:10:50.351,1.62271,1.62295,2.25,1.00
2017.08.28 08:10:50.402,1.62275,1.62297,1.00,1.19
2017.08.28 08:10:50.453,1.62273,1.62297,1.00,1.25
2017.08.28 08:10:50.707,1.62273,1.62297,1.38,1.00
2017.08.28 08:10:51.215,1.62276,1.62301,2.44,1.00
2017.08.28 08:10:51.423,1.62278,1.62302,1.00,1.31
2017.08.28 08:10:51.679,1.62276,1.62301,1.50,1.00
2017.08.28 08:10:54.629,1.62278,1.62301,1.00,1.00
2017.08.28 08:10:55.026,1.62276,1.62301,1.00,1.00
2017.08.28 08:10:55.616,1.62277,1.62302,1.00,1.00
2017.08.28 08:10:55.937,1.62277,1.623,1.00,1.00
2017.08.28 08:10:56.242,1.62279,1.62302,1.13,1.25
2017.08.28 08:10:56.649,1.62282,1.62303,1.00,1.00
2017.08.28 08:10:56.973,1.62285,1.62308,1.00,1.50
2017.08.28 08:10:57.328,1.62287,1.6231,1.00,1.00
2017.08.28 08:10:57.430,1.62288,1.62313,1.88,1.69
2017.08.28 08:10:57.947,1.6229,1.62313,1.00,1.00
2017.08.28 08:10:58.491,1.6229,1.62312,1.25,1.00
2017.08.28 08:10:59.215,1.6229,1.62313,1.00,1.00
2017.08.28 08:10:59.790,1.6229,1.62312,1.25,1.00
2017.08.28 08:11:00.369,1.6229,1.62313,1.00,2.25
2017.08.28 08:11:00.903,1.62289,1.62313,1.00,1.50
2017.08.28 08:11:01.438,1.62289,1.62312,1.44,1.50
2017.08.28 08:11:01.960,1.62289,1.62313,1.00,1.00
2017.08.28 08:11:02.502,1.62289,1.62312,1.00,1.00
2017.08.28 08:11:03.302,1.62289,1.62313,1.00,1.00
2017.08.28 08:11:03.794,1.62292,1.62316,1.50,1.44
2017.08.28 08:11:04.250,1.62292,1.62317,1.88,1.00
2017.08.28 08:11:04.301,1.62294,1.62319,1.25,1.88
2017.08.28 08:11:04.403,1.62294,1.6232,1.00,1.00
2017.08.28 08:11:04.454,1.62294,1.62319,1.00,1.38
2017.08.28 08:11:04.978,1.62294,1.6232,1.00,1.44
2017.08.28 08:11:05.485,1.62294,1.62319,1.44,1.19
2017.08.28 08:11:06.089,1.62295,1.6232,1.00,1.69
2017.08.28 08:11:06.752,1.62295,1.62319,1.25,1.19
2017.08.28 08:11:07.080,1.62297,1.62319,1.00,1.19
2017.08.28 08:11:07.284,1.62302,1.62325,1.00,1.44
2017.08.28 08:11:07.335,1.623,1.62319,1.00,1.00
2017.08.28 08:11:07.550,1.62296,1.62319,2.44,1.38
2017.08.28 08:11:07.602,1.62293,1.62314,1.00,1.25
2017.08.28 08:11:07.653,1.62291,1.62314,1.25,1.25
2017.08.28 08:11:07.756,1.62292,1.62314,1.19,1.19
2017.08.28 08:11:07.962,1.62289,1.62313,1.69,1.00
2017.08.28 08:11:08.271,1.62289,1.62314,2.62,1.69
2017.08.28 08:11:08.817,1.62289,1.62314,2.63,1.50
2017.08.28 08:11:09.222,1.6229,1.62315,2.06,1.25
2017.08.28 08:11:09.375,1.6229,1.62313,1.00,1.00
2017.08.28 08:11:09.890,1.62289,1.62312,1.31,1.00
2017.08.28 08:11:10.397,1.62289,1.62312,1.50,1.00
2017.08.28 08:11:10.723,1.62289,1.62312,1.75,1.00
2017.08.28 08:11:11.052,1.62289,1.62312,1.50,1.00
2017.08.28 08:11:11.566,1.62289,1.62312,1.81,1.00
2017.08.28 08:11:11.871,1.6229,1.62314,1.31,1.25
2017.08.28 08:11:12.379,1.62291,1.62314,1.69,1.00
2017.08.28 08:11:12.566,1.62291,1.62317,1.00,1.13
2017.08.28 08:11:12.769,1.62294,1.62318,1.00,1.31
2017.08.28 08:11:12.871,1.62292,1.62319,1.50,1.63
2017.08.28 08:11:12.922,1.62293,1.62319,1.00,1.00
2017.08.28 08:11:13.226,1.62294,1.62317,2.63,1.00
2017.08.28 08:11:13.277,1.62295,1.6232,1.00,1.25
2017.08.28 08:11:13.811,1.62296,1.62322,1.00,1.38
2017.08.28 08:11:14.447,1.62296,1.62322,1.00,1.44
2017.08.28 08:11:14.957,1.62294,1.6232,2.62,1.00
2017.08.28 08:11:15.495,1.62295,1.6232,2.06,1.00
2017.08.28 08:11:16.086,1.62296,1.62321,1.44,1.00
2017.08.28 08:11:16.591,1.62296,1.62321,1.25,1.88
2017.08.28 08:11:17.140,1.62296,1.62321,1.00,1.25
2017.08.28 08:11:17.654,1.62296,1.62321,1.25,1.88
2017.08.28 08:11:18.194,1.62296,1.62321,1.25,1.69
2017.08.28 08:11:19.589,1.62296,1.62321,1.00,1.88
2017.08.28 08:11:20.133,1.62303,1.62324,1.00,1.00
2017.08.28 08:11:20.235,1.62307,1.6233,1.00,1.69
2017.08.28 08:11:20.387,1.62308,1.6233,1.44,1.00
2017.08.28 08:11:20.990,1.62309,1.62329,1.25,1.00
2017.08.28 08:11:21.447,1.62307,1.6233,1.00,1.19
2017.08.28 08:11:22.962,1.62308,1.62329,1.25,1.00
2017.08.28 08:11:23.500,1.62307,1.6233,2.44,1.50
2017.08.28 08:11:23.987,1.62308,1.62329,1.25,1.19
2017.08.28 08:11:25.307,1.62308,1.62329,1.38,1.19
2017.08.28 08:11:25.409,1.62307,1.6233,2.44,1.69
2017.08.28 08:11:25.510,1.62308,1.62329,1.44,1.19
2017.08.28 08:11:26.469,1.62308,1.6233,1.44,1.00
2017.08.28 08:11:26.851,1.62307,1.6233,2.25,1.00
2017.08.28 08:11:27.217,1.62307,1.62332,3.00,1.00
2017.08.28 08:11:27.683,1.62308,1.6233,1.44,1.00
2017.08.28 08:11:27.898,1.62308,1.62332,1.44,1.25
2017.08.28 08:11:28.198,1.62307,1.62332,2.63,1.00
2017.08.28 08:11:28.717,1.62309,1.62334,1.00,1.44
2017.08.28 08:11:29.506,1.62309,1.62334,1.25,1.88
2017.08.28 08:11:30.002,1.62309,1.62331,1.25,1.00
2017.08.28 08:11:30.408,1.6231,1.62333,1.00,1.25
2017.08.28 08:11:32.984,1.62309,1.62333,1.25,1.25
2017.08.28 08:11:33.614,1.62309,1.62331,1.25,1.00
2017.08.28 08:11:34.122,1.62309,1.62332,1.50,1.00
2017.08.28 08:11:40.766,1.62308,1.62331,1.00,1.00
2017.08.28 08:11:41.148,1.62303,1.62326,1.50,1.00
2017.08.28 08:11:41.252,1.62301,1.62324,1.50,1.00
2017.08.28 08:11:41.764,1.62301,1.62323,1.00,1.00
2017.08.28 08:11:42.240,1.62298,1.62323,1.25,1.25
2017.08.28 08:11:42.342,1.62297,1.62321,1.25,1.00
2017.08.28 08:11:43.002,1.62298,1.62321,1.00,1.25
2017.08.28 08:11:43.317,1.623,1.62323,1.56,1.00
2017.08.28 08:11:43.672,1.62301,1.62326,2.25,1.25
2017.08.28 08:11:44.349,1.62301,1.62326,2.25,1.00
2017.08.28 08:11:44.969,1.62301,1.62326,2.44,1.00
2017.08.28 08:11:45.273,1.62301,1.62326,2.44,1.00
2017.08.28 08:11:45.475,1.62304,1.62328,1.13,1.00
2017.08.28 08:11:45.527,1.62304,1.62328,1.50,1.00
2017.08.28 08:11:45.780,1.62304,1.62328,1.50,1.00
2017.08.28 08:11:46.313,1.62307,1.62328,1.00,1.00
2017.08.28 08:11:46.465,1.62302,1.62328,2.44,1.25
2017.08.28 08:11:46.719,1.62302,1.62325,1.87,1.00
2017.08.28 08:11:47.226,1.62302,1.62324,1.00,1.00
2017.08.28 08:11:48.404,1.62299,1.62324,1.00,1.88
2017.08.28 08:11:48.506,1.62293,1.6232,1.50,1.56
2017.08.28 08:11:48.811,1.62292,1.62314,1.13,1.00
2017.08.28 08:11:49.007,1.62292,1.62316,1.50,1.00
2017.08.28 08:11:49.260,1.62292,1.62314,1.00,1.00
2017.08.28 08:11:49.781,1.62292,1.62317,1.00,1.00
2017.08.28 08:11:50.036,1.62292,1.62314,1.44,1.00
2017.08.28 08:11:50.280,1.62292,1.62316,1.50,1.00
2017.08.28 08:11:50.482,1.62292,1.62314,1.31,1.00
2017.08.28 08:11:51.242,1.62291,1.62314,1.37,1.13
2017.08.28 08:11:51.587,1.62287,1.6231,1.63,1.00
2017.08.28 08:11:52.094,1.62289,1.6231,1.00,1.00
2017.08.28 08:11:53.159,1.62287,1.6231,3.00,1.00
2017.08.28 08:11:54.413,1.62288,1.62312,2.00,1.00
2017.08.28 08:11:54.992,1.62288,1.62312,2.25,1.00
2017.08.28 08:11:55.538,1.62288,1.62312,2.44,1.00
2017.08.28 08:11:56.071,1.62288,1.62312,1.88,1.00
2017.08.28 08:11:56.712,1.62288,1.62312,1.88,1.00
2017.08.28 08:11:57.219,1.6229,1.62311,1.00,1.00
2017.08.28 08:11:57.837,1.62288,1.62311,1.13,1.00
2017.08.28 08:11:58.080,1.62287,1.62311,1.69,1.00
2017.08.28 08:11:58.484,1.62287,1.62313,2.44,1.00
2017.08.28 08:11:58.959,1.62288,1.6231,1.13,1.00
2017.08.28 08:11:59.180,1.62287,1.6231,1.31,1.38
2017.08.28 08:11:59.231,1.62286,1.62305,1.00,1.00
2017.08.28 08:11:59.332,1.62283,1.62309,1.25,1.25
2017.08.28 08:11:59.434,1.62283,1.62308,1.00,1.87
2017.08.28 08:11:59.753,1.62286,1.62309,1.00,1.00
2017.08.28 08:11:59.854,1.62287,1.62311,1.25,1.25
2017.08.28 08:12:00.057,1.62285,1.62308,1.00,1.44
2017.08.28 08:12:00.108,1.62281,1.62307,1.69,1.44
2017.08.28 08:12:00.261,1.62281,1.62305,1.13,1.38
2017.08.28 08:12:00.808,1.62281,1.62305,1.25,1.00
2017.08.28 08:12:01.788,1.62279,1.62305,1.50,1.00
2017.08.28 08:12:02.137,1.62282,1.62305,1.00,1.63
2017.08.28 08:12:02.734,1.62282,1.62305,1.00,1.25
2017.08.28 08:12:03.293,1.62282,1.62305,1.00,1.63
2017.08.28 08:12:03.401,1.62279,1.62305,1.38,1.63
2017.08.28 08:12:03.705,1.62278,1.62303,1.25,1.00
2017.08.28 08:12:04.093,1.62282,1.62304,1.00,1.00
2017.08.28 08:12:04.611,1.62282,1.62305,1.00,1.31
2017.08.28 08:12:05.245,1.62282,1.62305,1.00,1.81
2017.08.28 08:12:05.549,1.62279,1.62305,1.44,1.56
2017.08.28 08:12:05.757,1.62279,1.62302,1.44,1.00
2017.08.28 08:12:06.266,1.62279,1.62302,1.00,1.00
2017.08.28 08:12:06.872,1.62279,1.62302,1.44,1.00
2017.08.28 08:12:07.178,1.6228,1.62304,1.00,1.00
2017.08.28 08:12:07.786,1.62279,1.62302,1.00,1.00
2017.08.28 08:12:08.585,1.62279,1.62302,1.44,1.00
2017.08.28 08:12:10.229,1.62279,1.62302,1.25,1.25
2017.08.28 08:12:10.867,1.62279,1.62302,1.44,1.00
2017.08.28 08:12:10.968,1.62278,1.62301,1.25,1.00
2017.08.28 08:12:11.070,1.62279,1.62305,1.00,1.31
2017.08.28 08:12:11.121,1.62279,1.62305,1.38,1.62
2017.08.28 08:12:11.273,1.62279,1.62305,1.13,1.31
2017.08.28 08:12:11.324,1.62279,1.62305,1.38,1.63
2017.08.28 08:12:11.375,1.62279,1.62305,1.38,1.12
2017.08.28 08:12:11.476,1.62279,1.62305,1.38,1.37
2017.08.28 08:12:11.527,1.62279,1.62305,1.25,1.44
2017.08.28 08:12:11.578,1.62279,1.62305,1.38,1.44
2017.08.28 08:12:11.786,1.62279,1.62305,1.00,1.44
2017.08.28 08:12:12.157,1.62279,1.62305,1.38,1.37
2017.08.28 08:12:12.286,1.62279,1.62302,1.13,1.00
2017.08.28 08:12:12.488,1.62279,1.62305,1.25,1.12
2017.08.28 08:12:13.036,1.62279,1.62302,1.00,1.00
2017.08.28 08:12:13.678,1.62279,1.62301,1.25,1.00
2017.08.28 08:12:14.215,1.62279,1.62302,1.25,1.00
2017.08.28 08:12:14.687,1.62279,1.62301,1.63,1.00
2017.08.28 08:12:14.839,1.62279,1.62302,1.25,1.00
2017.08.28 08:12:15.353,1.62279,1.62301,1.19,1.00
2017.08.28 08:12:15.866,1.62279,1.62302,1.00,1.00
2017.08.28 08:12:16.087,1.62282,1.62302,1.00,1.00
2017.08.28 08:12:16.139,1.62282,1.62305,1.00,2.06
2017.08.28 08:12:16.299,1.62279,1.62305,1.69,1.25
2017.08.28 08:12:16.816,1.6228,1.62306,1.00,1.25
2017.08.28 08:12:17.219,1.6228,1.62306,1.69,3.00
2017.08.28 08:12:17.573,1.6228,1.62306,1.25,1.87
2017.08.28 08:12:18.103,1.62281,1.62306,1.00,1.87
2017.08.28 08:12:19.212,1.62281,1.62306,1.25,3.00
2017.08.28 08:12:19.364,1.6228,1.62304,1.30,1.00
2017.08.28 08:12:19.617,1.62282,1.62307,1.25,1.00
2017.08.28 08:12:19.668,1.62284,1.62308,1.00,1.00
2017.08.28 08:12:20.211,1.62284,1.62308,1.00,1.37
2017.08.28 08:12:20.768,1.62284,1.62308,1.00,1.63
2017.08.28 08:12:21.269,1.62286,1.62309,1.00,2.44
2017.08.28 08:12:21.473,1.62284,1.62309,1.00,2.44
2017.08.28 08:12:22.017,1.62283,1.62307,1.00,1.12
2017.08.28 08:12:22.675,1.62283,1.62307,1.25,1.44
2017.08.28 08:12:23.498,1.62283,1.62307,1.00,1.25
2017.08.28 08:12:24.003,1.62283,1.62307,1.00,1.44
2017.08.28 08:12:24.515,1.62283,1.62307,1.00,1.56
2017.08.28 08:12:24.667,1.62283,1.62307,1.00,1.69
2017.08.28 08:12:24.846,1.62281,1.62306,1.00,1.50
2017.08.28 08:12:25.454,1.62282,1.62307,1.00,1.25
2017.08.28 08:12:25.506,1.62285,1.62307,1.00,1.44
2017.08.28 08:12:25.708,1.62284,1.62309,1.25,2.06
2017.08.28 08:12:26.043,1.62284,1.62309,1.87,1.31
2017.08.28 08:12:26.296,1.62287,1.6231,1.00,2.25
2017.08.28 08:12:26.347,1.62287,1.6231,1.00,2.25
2017.08.28 08:12:26.848,1.62287,1.6231,1.00,1.69
2017.08.28 08:12:27.064,1.62287,1.62311,1.00,3.00
2017.08.28 08:12:27.495,1.62285,1.62311,1.25,3.00
2017.08.28 08:12:27.799,1.62287,1.62311,1.00,3.19
2017.08.28 08:12:28.373,1.62287,1.62311,1.00,1.50
2017.08.28 08:12:28.909,1.62287,1.62311,1.00,1.38
2017.08.28 08:12:29.272,1.62285,1.62311,1.00,1.56
2017.08.28 08:12:29.913,1.62285,1.62311,1.69,1.56
2017.08.28 08:12:30.421,1.62285,1.62311,1.00,1.44
2017.08.28 08:12:30.618,1.62287,1.62311,1.00,1.44
2017.08.28 08:12:31.400,1.62287,1.62311,1.00,1.88
2017.08.28 08:12:31.555,1.62287,1.62311,1.00,1.19
2017.08.28 08:12:31.809,1.62287,1.62311,1.00,1.56
2017.08.28 08:12:32.297,1.62288,1.62312,1.00,2.25
2017.08.28 08:12:32.905,1.62286,1.62311,1.00,1.25
2017.08.28 08:12:33.210,1.62286,1.62311,1.00,1.63
2017.08.28 08:12:33.311,1.62286,1.62311,1.00,1.31
2017.08.28 08:12:33.362,1.62286,1.62311,1.00,1.63
2017.08.28 08:12:33.959,1.62286,1.62309,1.00,1.44
2017.08.28 08:12:34.415,1.62284,1.62308,1.00,1.12
2017.08.28 08:12:34.883,1.62286,1.62309,1.00,1.63
2017.08.28 08:12:35.440,1.62286,1.62309,1.00,1.12
2017.08.28 08:12:36.111,1.62286,1.62309,1.00,1.37
2017.08.28 08:12:36.163,1.62286,1.62309,1.00,1.25
2017.08.28 08:12:36.720,1.62287,1.6231,1.00,1.44
2017.08.28 08:12:36.822,1.62285,1.6231,1.50,1.37
2017.08.28 08:12:37.410,1.62285,1.6231,1.00,1.63
2017.08.28 08:12:37.912,1.62285,1.6231,1.50,1.56
2017.08.28 08:12:38.790,1.62285,1.6231,1.00,1.63
2017.08.28 08:12:39.357,1.62285,1.6231,1.50,1.56
2017.08.28 08:12:40.085,1.62285,1.6231,1.00,1.37
2017.08.28 08:12:40.622,1.62285,1.6231,1.50,1.63
2017.08.28 08:12:41.197,1.62285,1.6231,1.00,1.63
2017.08.28 08:12:41.299,1.62285,1.6231,1.00,1.37
2017.08.28 08:12:41.552,1.62285,1.6231,1.00,1.63
2017.08.28 08:12:41.793,1.62285,1.6231,1.00,1.63
2017.08.28 08:12:41.844,1.62285,1.6231,1.50,1.56
2017.08.28 08:12:42.363,1.62284,1.62308,1.50,1.37
2017.08.28 08:12:44.898,1.62284,1.62308,2.00,1.63
2017.08.28 08:12:45.275,1.62284,1.62308,1.50,1.25
2017.08.28 08:12:46.312,1.62284,1.62308,2.00,1.31
2017.08.28 08:12:46.932,1.62284,1.62308,1.50,1.25
2017.08.28 08:12:47.557,1.62284,1.62308,2.00,1.44
2017.08.28 08:12:48.222,1.62284,1.62308,1.50,1.25
2017.08.28 08:12:48.608,1.62284,1.62308,1.93,1.44
2017.08.28 08:12:48.659,1.62284,1.62308,1.50,1.38
2017.08.28 08:12:49.183,1.62282,1.62307,2.43,1.12
2017.08.28 08:12:49.641,1.62286,1.62307,1.96,1.00
2017.08.28 08:12:49.844,1.62297,1.62319,1.94,1.00
2017.08.28 08:12:49.946,1.62301,1.62325,1.13,1.00
2017.08.28 08:12:50.218,1.62301,1.62328,1.00,1.56
2017.08.28 08:12:50.320,1.62299,1.62326,1.12,1.37
2017.08.28 08:12:50.825,1.62299,1.62325,1.00,1.37
2017.08.28 08:12:50.876,1.62299,1.62325,1.19,1.44
2017.08.28 08:12:51.411,1.623,1.62326,1.25,1.19
2017.08.28 08:12:51.513,1.62303,1.62328,1.00,1.75
2017.08.28 08:12:51.615,1.62303,1.62328,1.00,3.00
2017.08.28 08:12:52.181,1.62302,1.62328,1.00,2.44
2017.08.28 08:12:52.703,1.62303,1.62328,1.00,3.19
2017.08.28 08:12:53.223,1.62302,1.62328,1.00,2.44
2017.08.28 08:12:53.303,1.62303,1.62328,1.00,3.19
2017.08.28 08:12:53.404,1.62302,1.62328,1.00,2.25
2017.08.28 08:12:53.506,1.623,1.62327,1.00,1.50
2017.08.28 08:12:53.557,1.623,1.62326,1.31,1.50
2017.08.28 08:12:53.659,1.623,1.62326,1.25,1.12
2017.08.28 08:12:53.862,1.62298,1.62326,2.44,2.06
2017.08.28 08:12:53.913,1.62298,1.62326,2.63,1.87
2017.08.28 08:12:53.964,1.62298,1.62326,2.44,2.06
2017.08.28 08:12:54.066,1.62298,1.62326,1.44,1.00
2017.08.28 08:12:54.826,1.62298,1.62326,2.25,2.06
2017.08.28 08:12:54.877,1.62298,1.62324,2.25,1.00
2017.08.28 08:12:55.415,1.62298,1.62323,2.25,1.00
2017.08.28 08:12:55.769,1.62298,1.62323,1.25,1.00
2017.08.28 08:12:56.284,1.62298,1.62323,1.62,1.00
2017.08.28 08:12:56.807,1.62299,1.62326,1.62,1.63
2017.08.28 08:12:57.342,1.62299,1.62327,1.12,1.87
2017.08.28 08:12:57.546,1.62301,1.62327,1.00,1.87
2017.08.28 08:12:58.319,1.62301,1.62326,1.12,1.37
2017.08.28 08:12:59.563,1.62301,1.62327,1.00,1.87
2017.08.28 08:13:00.073,1.62301,1.62326,1.00,1.56
2017.08.28 08:13:01.052,1.62301,1.62327,1.00,1.87
2017.08.28 08:13:01.586,1.62301,1.62326,1.12,1.37
2017.08.28 08:13:02.369,1.62301,1.62327,1.00,1.87
2017.08.28 08:13:03.408,1.62301,1.62326,1.12,1.37
2017.08.28 08:13:04.021,1.62301,1.62327,1.00,1.87
2017.08.28 08:13:04.574,1.62301,1.62327,1.00,3.00
2017.08.28 08:13:05.280,1.62301,1.62324,1.00,1.44
2017.08.28 08:13:05.786,1.62301,1.62324,1.00,1.25
2017.08.28 08:13:06.602,1.62301,1.62324,1.00,1.44
2017.08.28 08:13:06.653,1.62299,1.62324,1.00,1.19
2017.08.28 08:13:07.044,1.62303,1.62325,1.25,1.25
2017.08.28 08:13:07.351,1.62305,1.62328,1.00,1.19
2017.08.28 08:13:07.898,1.62305,1.6233,1.00,2.62
2017.08.28 08:13:08.428,1.62305,1.62328,1.00,1.44
2017.08.28 08:13:08.949,1.62305,1.62328,1.00,1.19
2017.08.28 08:13:09.207,1.62302,1.62326,1.00,1.37
2017.08.28 08:13:09.410,1.623,1.62325,1.00,1.56
2017.08.28 08:13:09.958,1.623,1.62325,1.00,1.31
2017.08.28 08:13:10.262,1.623,1.62325,1.00,1.87
2017.08.28 08:13:10.313,1.623,1.62325,1.00,1.63
2017.08.28 08:13:10.963,1.623,1.62325,1.00,2.06
2017.08.28 08:13:11.539,1.623,1.62325,1.00,1.87
2017.08.28 08:13:12.052,1.623,1.62325,1.00,1.37
2017.08.28 08:13:12.594,1.623,1.62325,1.00,1.87
2017.08.28 08:13:13.297,1.623,1.62325,1.00,1.37
2017.08.28 08:13:13.843,1.623,1.62325,1.00,1.87
2017.08.28 08:13:14.470,1.623,1.62325,1.00,1.37
2017.08.28 08:13:15.071,1.623,1.62325,1.00,1.87
2017.08.28 08:13:15.595,1.623,1.62325,1.00,1.37
2017.08.28 08:13:16.115,1.623,1.62325,1.00,1.87
2017.08.28 08:13:16.452,1.623,1.62325,1.00,1.37
2017.08.28 08:13:17.434,1.623,1.62325,1.00,2.06
2017.08.28 08:13:18.021,1.623,1.62325,1.00,1.37
2017.08.28 08:13:18.857,1.62298,1.62324,1.50,1.37
2017.08.28 08:13:19.428,1.62298,1.62324,1.69,1.37
2017.08.28 08:13:19.995,1.62298,1.62324,1.00,1.31
2017.08.28 08:13:20.517,1.62298,1.62324,1.50,1.37
2017.08.28 08:13:20.719,1.623,1.62325,1.00,1.63
2017.08.28 08:13:21.680,1.623,1.62325,1.00,2.25
2017.08.28 08:13:22.133,1.623,1.62322,1.00,1.19
2017.08.28 08:13:22.386,1.62289,1.62313,1.12,1.00
2017.08.28 08:13:22.438,1.62287,1.62313,1.50,2.06
2017.08.28 08:13:22.945,1.62286,1.6231,1.00,1.00
2017.08.28 08:13:23.390,1.62284,1.62308,1.00,1.00
2017.08.28 08:13:23.745,1.62284,1.62308,1.00,1.19
2017.08.28 08:13:23.796,1.62284,1.62308,1.00,1.00
2017.08.28 08:13:23.847,1.62284,1.62308,1.00,1.38
2017.08.28 08:13:24.050,1.62284,1.62308,1.00,1.00
2017.08.28 08:13:24.694,1.62284,1.62308,1.00,2.06
2017.08.28 08:13:25.255,1.62284,1.62308,1.00,1.87
2017.08.28 08:13:25.551,1.62284,1.62308,1.00,1.37
2017.08.28 08:13:25.703,1.62282,1.62307,1.00,1.12
2017.08.28 08:13:25.754,1.62282,1.62307,1.00,1.56
2017.08.28 08:13:26.256,1.62279,1.62304,1.00,1.88
2017.08.28 08:13:26.509,1.62274,1.62296,1.00,1.00
2017.08.28 08:13:27.016,1.62271,1.62296,1.37,1.69
2017.08.28 08:13:27.488,1.62271,1.62296,1.12,1.00
2017.08.28 08:13:28.156,1.62276,1.62296,1.00,1.00
2017.08.28 08:13:28.258,1.62276,1.62298,1.00,1.00
2017.08.28 08:13:29.228,1.62277,1.62298,1.00,1.00
2017.08.28 08:13:30.899,1.62277,1.62297,1.00,1.00
2017.08.28 08:13:31.209,1.62273,1.62297,1.00,1.00
2017.08.28 08:13:31.817,1.62274,1.62297,1.00,1.00
2017.08.28 08:13:32.371,1.62274,1.62298,1.00,1.00
2017.08.28 08:13:32.595,1.62277,1.62298,1.00,1.00
2017.08.28 08:13:34.150,1.62273,1.62298,1.69,1.00
2017.08.28 08:13:34.201,1.62282,1.62298,1.00,1.00
2017.08.28 08:13:34.441,1.62284,1.62309,2.14,2.06
2017.08.28 08:13:34.543,1.62283,1.62307,1.00,1.38
2017.08.28 08:13:34.594,1.62281,1.62305,1.00,1.00
2017.08.28 08:13:34.746,1.6228,1.62303,1.21,1.00
2017.08.28 08:13:36.782,1.6228,1.62306,1.00,1.13
2017.08.28 08:13:37.400,1.6228,1.62306,1.46,1.00
2017.08.28 08:13:37.909,1.6228,1.62306,1.00,1.50
2017.08.28 08:13:38.495,1.6228,1.62306,1.44,1.88
2017.08.28 08:13:38.759,1.6228,1.62304,1.11,1.00
2017.08.28 08:13:39.837,1.62279,1.62304,1.11,1.00
2017.08.28 08:13:40.979,1.62278,1.62304,2.14,1.00
2017.08.28 08:13:41.488,1.62278,1.62304,1.87,1.00
2017.08.28 08:13:41.869,1.62281,1.62304,1.46,1.00
2017.08.28 08:13:42.173,1.62286,1.62307,1.44,1.00
2017.08.28 08:13:42.224,1.62286,1.6231,1.71,1.00
2017.08.28 08:13:42.478,1.6229,1.62313,1.44,1.50
2017.08.28 08:13:42.764,1.62292,1.62315,1.00,1.00
2017.08.28 08:13:42.916,1.62292,1.62311,1.00,1.44
2017.08.28 08:13:42.967,1.62289,1.6231,1.63,1.00
2017.08.28 08:13:43.473,1.62291,1.62312,1.00,1.69
2017.08.28 08:13:43.980,1.62291,1.62311,1.25,1.19
2017.08.28 08:13:44.235,1.62291,1.62312,1.00,1.50
2017.08.28 08:13:44.741,1.62291,1.62311,1.25,1.00
2017.08.28 08:13:45.250,1.62289,1.62312,1.46,1.00
2017.08.28 08:13:45.775,1.62289,1.62312,1.00,1.00
2017.08.28 08:13:45.972,1.62292,1.62312,1.00,1.00
2017.08.28 08:13:46.479,1.62291,1.62312,1.00,1.00
2017.08.28 08:13:49.244,1.62289,1.62312,1.90,1.00
2017.08.28 08:13:49.497,1.6229,1.62315,1.00,1.25
2017.08.28 08:13:50.009,1.6229,1.62315,1.25,1.38
2017.08.28 08:13:50.636,1.6229,1.62315,1.00,1.13
2017.08.28 08:13:51.146,1.6229,1.62315,1.25,1.63
2017.08.28 08:13:52.112,1.6229,1.62315,1.00,2.06
2017.08.28 08:13:52.503,1.62291,1.62315,1.56,1.00
2017.08.28 08:13:53.140,1.62293,1.62316,1.00,1.00
2017.08.28 08:13:56.896,1.62293,1.62316,1.63,1.69
2017.08.28 08:13:57.505,1.62294,1.62317,1.00,1.13
2017.08.28 08:13:57.938,1.62292,1.62317,1.25,1.50
2017.08.28 08:13:58.737,1.62292,1.62317,1.44,1.50
2017.08.28 08:13:59.278,1.62296,1.62317,1.00,1.00
2017.08.28 08:13:59.788,1.62293,1.62316,1.25,1.00
2017.08.28 08:14:00.294,1.62294,1.62317,1.00,1.25
2017.08.28 08:14:00.497,1.62294,1.62319,1.00,1.25
2017.08.28 08:14:00.598,1.62296,1.62321,1.00,3.00
2017.08.28 08:14:01.189,1.62296,1.62321,1.44,1.88
2017.08.28 08:14:01.725,1.62296,1.62321,1.25,1.88
2017.08.28 08:14:04.576,1.62296,1.62321,1.00,1.13
2017.08.28 08:14:05.249,1.62296,1.62321,1.00,2.06
2017.08.28 08:14:05.845,1.62296,1.62321,1.00,1.31
2017.08.28 08:14:06.352,1.62296,1.62321,1.25,2.06
2017.08.28 08:14:07.203,1.62296,1.62321,1.00,1.13
2017.08.28 08:14:08.009,1.62296,1.62321,1.00,1.88
2017.08.28 08:14:10.546,1.62296,1.62321,1.00,1.13
2017.08.28 08:14:12.175,1.62296,1.62321,1.25,1.88
2017.08.28 08:14:12.700,1.62296,1.62321,1.19,2.06
2017.08.28 08:14:13.241,1.62296,1.62321,1.25,1.13
2017.08.28 08:14:13.779,1.62296,1.62321,1.56,1.69
2017.08.28 08:14:14.293,1.62296,1.62321,1.44,1.13
2017.08.28 08:14:14.857,1.62296,1.62321,1.37,1.88
2017.08.28 08:14:15.552,1.62296,1.62321,1.44,1.13
2017.08.28 08:14:16.120,1.62296,1.62321,1.37,1.88
2017.08.28 08:14:17.225,1.62296,1.62321,1.44,1.13
2017.08.28 08:14:17.862,1.62296,1.62321,1.25,1.88
2017.08.28 08:14:18.369,1.62297,1.62321,1.25,1.38
2017.08.28 08:14:19.016,1.62297,1.62322,1.00,1.88
2017.08.28 08:14:19.523,1.62296,1.6232,1.44,1.00
2017.08.28 08:14:19.952,1.62299,1.62321,1.00,1.44
2017.08.28 08:14:20.415,1.62296,1.62321,1.69,1.13
2017.08.28 08:14:20.669,1.62298,1.62322,1.00,2.63
2017.08.28 08:14:21.250,1.62302,1.62321,1.00,1.38
2017.08.28 08:14:21.503,1.62318,1.62342,1.56,1.87
2017.08.28 08:14:21.605,1.62318,1.62343,1.37,2.44
2017.08.28 08:14:22.111,1.62318,1.62342,1.25,1.13
2017.08.28 08:14:22.605,1.62317,1.62342,1.19,1.87
2017.08.28 08:14:23.162,1.62317,1.62341,1.25,1.00
2017.08.28 08:14:23.730,1.62317,1.62341,1.69,1.00
2017.08.28 08:14:24.087,1.62318,1.62343,1.00,2.81
2017.08.28 08:14:24.239,1.62318,1.62343,1.25,2.06
2017.08.28 08:14:24.745,1.62318,1.62342,1.25,1.56
2017.08.28 08:14:25.049,1.62316,1.62338,1.00,1.00
2017.08.28 08:14:25.407,1.62312,1.62334,1.56,1.00
2017.08.28 08:14:25.459,1.62311,1.62334,1.25,1.50
2017.08.28 08:14:25.561,1.62313,1.62336,1.25,1.63
2017.08.28 08:14:25.764,1.62312,1.62335,1.25,1.00
2017.08.28 08:14:25.866,1.62312,1.62337,1.13,1.12
2017.08.28 08:14:25.917,1.62312,1.62337,2.06,1.37
2017.08.28 08:14:26.222,1.62321,1.62338,1.00,1.00
2017.08.28 08:14:26.360,1.62321,1.62343,1.00,1.44
2017.08.28 08:14:27.093,1.62319,1.62343,1.25,1.56
2017.08.28 08:14:27.736,1.62322,1.62345,1.00,1.12
2017.08.28 08:14:28.245,1.62322,1.62345,1.00,1.56
2017.08.28 08:14:28.692,1.62322,1.62345,1.00,1.50
2017.08.28 08:14:28.793,1.62322,1.62346,1.00,1.56
2017.08.28 08:14:29.299,1.62323,1.62346,1.00,1.38
2017.08.28 08:14:29.822,1.62323,1.62345,1.00,1.63
2017.08.28 08:14:29.874,1.62321,1.62343,1.00,1.38
2017.08.28 08:14:29.924,1.62318,1.62342,1.69,1.38
2017.08.28 08:14:30.077,1.62317,1.62343,1.19,3.38
2017.08.28 08:14:30.603,1.62318,1.6234,1.19,1.25
2017.08.28 08:14:30.908,1.62316,1.6234,1.44,1.25
2017.08.28 08:14:30.959,1.62315,1.6234,1.25,1.13
2017.08.28 08:14:31.416,1.62315,1.62338,1.25,1.00
2017.08.28 08:14:31.935,1.62316,1.62339,1.25,1.00
2017.08.28 08:14:34.888,1.62316,1.62333,1.00,1.00
2017.08.28 08:14:34.939,1.62311,1.62336,1.00,1.00
2017.08.28 08:14:35.395,1.62311,1.62336,1.37,1.12
2017.08.28 08:14:35.648,1.6231,1.62336,1.55,1.00
2017.08.28 08:14:36.198,1.62311,1.62336,1.18,1.31
2017.08.28 08:14:36.249,1.6231,1.62336,1.30,1.00
2017.08.28 08:14:36.780,1.62311,1.62336,1.18,1.44
2017.08.28 08:14:37.336,1.6231,1.62336,1.18,1.69
2017.08.28 08:14:37.837,1.62311,1.62335,1.43,1.00
2017.08.28 08:14:37.942,1.62311,1.62333,1.37,1.00
2017.08.28 08:14:38.246,1.62318,1.62332,1.18,1.00
2017.08.28 08:14:38.297,1.62314,1.62337,1.12,1.00
2017.08.28 08:14:38.348,1.62318,1.62342,1.24,1.63
2017.08.28 08:14:38.449,1.62313,1.62338,2.24,1.00
2017.08.28 08:14:38.753,1.62312,1.62337,1.50,1.69
2017.08.28 08:14:39.327,1.62312,1.62336,1.31,1.25
2017.08.28 08:14:39.737,1.62312,1.62337,1.31,1.69
2017.08.28 08:14:40.356,1.62312,1.62336,1.44,1.25
2017.08.28 08:14:40.911,1.62312,1.62337,1.25,1.69
2017.08.28 08:14:41.510,1.62312,1.62336,1.19,1.25
2017.08.28 08:14:42.017,1.62312,1.62337,1.25,1.88
2017.08.28 08:14:42.119,1.62312,1.62335,1.25,1.00
2017.08.28 08:14:42.712,1.62309,1.62336,1.31,1.44
2017.08.28 08:14:43.122,1.6231,1.62333,1.44,1.00
2017.08.28 08:14:43.665,1.6231,1.62333,1.38,1.00
2017.08.28 08:14:44.202,1.6231,1.62333,1.44,1.00
2017.08.28 08:14:45.206,1.6231,1.62333,1.44,1.00
2017.08.28 08:14:45.333,1.6231,1.62333,1.25,1.00
2017.08.28 08:14:45.586,1.62311,1.62336,1.44,1.87
2017.08.28 08:14:45.739,1.62315,1.62342,1.00,3.00
2017.08.28 08:14:45.963,1.62317,1.62341,1.00,2.81
2017.08.28 08:14:46.483,1.62317,1.62341,1.00,1.12
2017.08.28 08:14:47.062,1.62317,1.62341,1.00,1.87
2017.08.28 08:14:47.366,1.62317,1.62341,1.00,1.38
2017.08.28 08:14:47.517,1.62317,1.62342,1.00,1.88
2017.08.28 08:14:48.042,1.62317,1.62341,1.00,2.06
2017.08.28 08:14:48.632,1.62317,1.62342,1.00,1.63
2017.08.28 08:14:49.608,1.62317,1.62341,1.00,1.63
2017.08.28 08:14:49.811,1.62317,1.62341,1.00,1.63
2017.08.28 08:14:49.912,1.62317,1.62342,1.00,2.06
2017.08.28 08:14:51.150,1.62317,1.62341,1.00,2.06
2017.08.28 08:14:52.328,1.62317,1.62341,1.00,1.63
2017.08.28 08:14:53.025,1.62317,1.62342,1.00,3.19
2017.08.28 08:14:53.126,1.62315,1.62338,1.00,2.06
2017.08.28 08:14:53.658,1.62314,1.62339,1.25,1.19
2017.08.28 08:14:54.168,1.62315,1.62339,1.00,1.44
2017.08.28 08:14:54.674,1.62315,1.62341,1.13,2.25
2017.08.28 08:14:54.725,1.62319,1.62341,1.00,1.37
2017.08.28 08:14:54.827,1.6232,1.62342,1.00,1.56
2017.08.28 08:14:54.929,1.6232,1.62341,1.00,1.63
2017.08.28 08:14:54.980,1.62316,1.62338,1.00,1.31
2017.08.28 08:14:55.234,1.62318,1.62339,1.00,1.31
2017.08.28 08:14:55.483,1.62315,1.62339,1.00,1.31
2017.08.28 08:14:55.774,1.62315,1.62338,1.25,1.56
2017.08.28 08:14:55.825,1.62315,1.62342,1.00,3.00
2017.08.28 08:14:55.876,1.62318,1.62342,1.00,1.19
2017.08.28 08:14:56.181,1.6232,1.62344,1.00,1.56
2017.08.28 08:14:56.232,1.6232,1.62346,1.00,2.06
2017.08.28 08:14:56.283,1.62323,1.62346,1.00,1.56
2017.08.28 08:14:56.536,1.62323,1.62346,1.00,2.06
2017.08.28 08:14:56.794,1.62323,1.62346,1.00,1.56
2017.08.28 08:14:57.313,1.62323,1.62346,1.00,2.63
2017.08.28 08:14:58.102,1.62323,1.62345,1.00,1.56
2017.08.28 08:14:59.163,1.62323,1.62346,1.00,1.56
2017.08.28 08:15:00.457,1.62323,1.62345,1.00,1.56
2017.08.28 08:15:00.508,1.62319,1.62341,1.00,1.44
2017.08.28 08:15:00.610,1.62322,1.62342,1.24,1.00
2017.08.28 08:15:00.906,1.62326,1.62351,1.43,1.00
2017.08.28 08:15:00.957,1.62331,1.6235,1.00,1.00
2017.08.28 08:15:01.834,1.62331,1.62351,1.00,1.00
2017.08.28 08:15:02.421,1.6233,1.62351,1.00,1.00
2017.08.28 08:15:02.962,1.6233,1.6235,1.00,1.00
2017.08.28 08:15:03.486,1.6233,1.62351,1.00,1.00
2017.08.28 08:15:04.029,1.6233,1.62354,1.00,2.06
2017.08.28 08:15:04.750,1.6233,1.62354,1.00,2.06
2017.08.28 08:15:05.052,1.6233,1.62354,1.00,1.44
2017.08.28 08:15:05.848,1.6233,1.62355,1.00,1.44
2017.08.28 08:15:06.314,1.6233,1.62355,1.00,1.31
2017.08.28 08:15:06.865,1.6233,1.62355,1.00,1.63
2017.08.28 08:15:07.123,1.6233,1.62356,1.00,2.44
2017.08.28 08:15:07.225,1.6233,1.62354,1.00,1.19
2017.08.28 08:15:07.754,1.6233,1.62354,1.00,1.25
2017.08.28 08:15:08.366,1.6233,1.62354,1.00,2.06
2017.08.28 08:15:08.774,1.6233,1.62354,1.00,1.88
2017.08.28 08:15:08.994,1.6233,1.62354,1.00,1.19
2017.08.28 08:15:09.624,1.6233,1.62354,1.00,1.44
2017.08.28 08:15:10.853,1.6233,1.62354,1.00,1.38
2017.08.28 08:15:10.904,1.6233,1.62355,1.00,1.31
2017.08.28 08:15:11.024,1.6233,1.62354,1.00,1.38
2017.08.28 08:15:11.237,1.6233,1.62355,1.00,2.06
2017.08.28 08:15:11.669,1.6233,1.62354,1.00,1.38
2017.08.28 08:15:11.821,1.62331,1.62354,1.00,1.44
2017.08.28 08:15:12.331,1.62331,1.62355,1.00,1.87
2017.08.28 08:15:12.864,1.6233,1.62354,1.00,1.31
2017.08.28 08:15:13.382,1.62334,1.62356,1.00,1.50
2017.08.28 08:15:13.438,1.62333,1.62353,1.00,1.25
2017.08.28 08:15:13.540,1.62334,1.62353,1.00,1.38
2017.08.28 08:15:13.592,1.62332,1.62353,1.00,1.38
2017.08.28 08:15:13.643,1.62332,1.62341,1.00,1.38
2017.08.28 08:15:13.696,1.62324,1.6234,1.00,1.63
2017.08.28 08:15:13.787,1.62324,1.62339,1.00,1.63
2017.08.28 08:15:13.869,1.62322,1.62342,1.00,1.88
2017.08.28 08:15:13.920,1.62324,1.62343,1.00,1.75
2017.08.28 08:15:14.067,1.62322,1.62344,1.00,1.75
2017.08.28 08:15:14.118,1.6232,1.62342,1.00,1.63
2017.08.28 08:15:14.625,1.62319,1.62343,1.50,1.38
2017.08.28 08:15:15.211,1.6232,1.62343,1.00,1.75
2017.08.28 08:15:15.414,1.6232,1.62342,1.00,1.50
2017.08.28 08:15:15.465,1.62319,1.62342,1.00,1.38
2017.08.28 08:15:15.719,1.6232,1.62341,1.00,1.75
2017.08.28 08:15:16.023,1.6232,1.62339,1.00,1.50
2017.08.28 08:15:16.334,1.62315,1.62339,1.19,1.75
2017.08.28 08:15:16.385,1.62315,1.62339,1.25,1.75
2017.08.28 08:15:16.892,1.62315,1.62339,1.25,2.00
2017.08.28 08:15:18.452,1.62315,1.62339,1.69,2.44
2017.08.28 08:15:19.096,1.62315,1.62339,1.25,1.75
2017.08.28 08:15:19.355,1.62317,1.6234,1.00,1.75
2017.08.28 08:15:19.613,1.62317,1.62339,1.00,1.00
2017.08.28 08:15:19.847,1.62319,1.62339,1.00,1.00
2017.08.28 08:15:20.394,1.62318,1.62339,1.00,1.00
2017.08.28 08:15:20.922,1.62317,1.62339,1.00,1.00
2017.08.28 08:15:21.514,1.62318,1.62339,1.00,1.25
2017.08.28 08:15:22.027,1.62317,1.62339,1.25,1.25
2017.08.28 08:15:23.199,1.62315,1.62339,1.44,1.00
2017.08.28 08:15:24.343,1.62315,1.62339,1.87,1.12
2017.08.28 08:15:24.662,1.62319,1.62342,1.00,2.44
2017.08.28 08:15:25.146,1.62316,1.62339,1.00,1.13
2017.08.28 08:15:25.674,1.62317,1.62339,1.00,1.69
2017.08.28 08:15:26.123,1.62317,1.6234,1.25,1.31
2017.08.28 08:15:26.174,1.62319,1.62342,1.00,3.56
2017.08.28 08:15:26.901,1.62319,1.62341,1.00,1.25
2017.08.28 08:15:27.450,1.62319,1.62342,1.00,2.44
2017.08.28 08:15:27.653,1.62313,1.62337,1.00,1.38
2017.08.28 08:15:28.181,1.62313,1.62336,1.00,1.31
2017.08.28 08:15:28.432,1.62311,1.62334,1.00,1.00
2017.08.28 08:15:28.736,1.6231,1.62333,1.50,1.63
2017.08.28 08:15:30.161,1.62309,1.62332,1.50,1.38
2017.08.28 08:15:30.515,1.62309,1.62332,1.50,1.25
2017.08.28 08:15:31.089,1.6231,1.62332,1.00,1.31
2017.08.28 08:15:32.161,1.62309,1.62332,1.50,1.25
2017.08.28 08:15:32.442,1.62306,1.62331,1.00,1.69
2017.08.28 08:15:32.594,1.62303,1.62329,1.50,1.12
2017.08.28 08:15:33.122,1.62304,1.62329,1.00,1.37
2017.08.28 08:15:33.783,1.62303,1.62329,1.50,1.12
2017.08.28 08:15:33.885,1.62306,1.62329,1.00,1.37
2017.08.28 08:15:34.780,1.62307,1.6233,1.00,1.81
2017.08.28 08:15:34.984,1.62303,1.62326,1.00,1.00
2017.08.28 08:15:35.597,1.62304,1.62326,1.00,1.00
2017.08.28 08:15:35.961,1.62304,1.62328,1.00,1.12
2017.08.28 08:15:36.531,1.62303,1.62328,1.50,1.00
2017.08.28 08:15:36.582,1.62304,1.62326,1.00,1.00
2017.08.28 08:15:37.102,1.62304,1.62327,1.00,1.00
2017.08.28 08:15:37.416,1.62304,1.62327,1.50,1.19
2017.08.28 08:15:38.182,1.62303,1.62329,3.00,1.25
2017.08.28 08:15:38.284,1.62304,1.62329,1.50,1.25
2017.08.28 08:15:39.278,1.62304,1.62329,1.37,1.12
2017.08.28 08:15:40.142,1.62303,1.62329,2.62,1.00
2017.08.28 08:15:40.693,1.62304,1.62329,1.37,1.31
2017.08.28 08:15:42.377,1.62303,1.62329,2.62,1.31
2017.08.28 08:15:42.882,1.62303,1.62328,1.87,1.13
2017.08.28 08:15:43.124,1.62304,1.6233,1.25,1.13
2017.08.28 08:15:43.175,1.62307,1.62331,1.00,1.87
2017.08.28 08:15:43.715,1.62307,1.6233,1.00,1.63
2017.08.28 08:15:44.414,1.62307,1.62331,1.00,1.38
2017.08.28 08:15:44.917,1.62306,1.62331,1.00,1.88
2017.08.28 08:15:45.529,1.62306,1.6233,1.00,1.44
2017.08.28 08:15:46.154,1.62306,1.62331,1.00,1.88
2017.08.28 08:15:46.664,1.62306,1.6233,1.00,1.44
2017.08.28 08:15:47.194,1.62306,1.6233,1.00,1.75
2017.08.28 08:15:47.295,1.62304,1.62329,1.00,1.56
2017.08.28 08:15:49.514,1.62303,1.62329,1.50,1.31
2017.08.28 08:15:49.905,1.62304,1.62326,1.00,1.00
2017.08.28 08:15:50.454,1.62303,1.62326,1.00,1.00
2017.08.28 08:15:51.295,1.62304,1.62326,1.00,1.00
2017.08.28 08:15:51.599,1.62307,1.62328,1.00,1.00
2017.08.28 08:15:52.813,1.62306,1.62328,1.00,1.00
2017.08.28 08:15:52.965,1.62309,1.62332,1.50,1.00
2017.08.28 08:15:53.067,1.6231,1.62336,1.00,1.37
2017.08.28 08:15:53.301,1.62312,1.62336,1.00,2.06
2017.08.28 08:15:53.807,1.62311,1.62335,1.00,1.44
2017.08.28 08:15:54.461,1.62311,1.62335,1.00,1.58
2017.08.28 08:15:54.619,1.62311,1.62335,1.00,1.25
2017.08.28 08:15:55.031,1.62311,1.62335,1.00,1.38
2017.08.28 08:15:55.082,1.62311,1.62335,1.00,1.00
2017.08.28 08:15:55.285,1.62311,1.62335,1.00,1.38
2017.08.28 08:15:55.487,1.62311,1.62335,1.00,1.25
2017.08.28 08:15:55.639,1.62312,1.62335,1.00,1.19
2017.08.28 08:15:55.936,1.62312,1.62335,1.00,1.25
2017.08.28 08:15:55.991,1.62312,1.62335,1.00,1.38
2017.08.28 08:15:56.093,1.62312,1.62335,1.00,1.25
2017.08.28 08:15:56.672,1.62312,1.62335,1.00,1.63
2017.08.28 08:15:57.183,1.62311,1.62335,1.00,1.38
2017.08.28 08:15:57.718,1.62311,1.62335,1.00,1.00
2017.08.28 08:15:58.276,1.62312,1.62335,1.00,1.00
2017.08.28 08:15:58.479,1.62314,1.62335,1.00,1.00
2017.08.28 08:15:59.263,1.62313,1.62335,1.00,1.00
2017.08.28 08:15:59.567,1.62313,1.62337,1.69,1.00
2017.08.28 08:16:00.108,1.62315,1.62338,1.00,1.58
2017.08.28 08:16:00.425,1.62322,1.62343,1.25,1.00
2017.08.28 08:16:00.629,1.62327,1.6235,1.00,1.00
2017.08.28 08:16:01.136,1.62327,1.62352,1.50,1.69
2017.08.28 08:16:01.718,1.62327,1.62351,1.50,1.25
2017.08.28 08:16:01.981,1.62329,1.62349,1.00,1.00
2017.08.28 08:16:02.032,1.62328,1.62352,1.19,1.00
2017.08.28 08:16:02.083,1.62332,1.62355,1.50,1.00
2017.08.28 08:16:03.906,1.62332,1.62354,1.00,1.00
2017.08.28 08:16:04.431,1.62331,1.62354,1.25,1.00
2017.08.28 08:16:05.809,1.62333,1.62354,1.00,1.00
2017.08.28 08:16:06.113,1.62334,1.62356,1.00,1.39
2017.08.28 08:16:06.639,1.62333,1.62356,1.00,1.00
2017.08.28 08:16:07.173,1.62334,1.62356,1.00,1.21
2017.08.28 08:16:07.730,1.62333,1.62356,1.00,1.00
2017.08.28 08:16:07.934,1.62339,1.62356,1.00,1.00
2017.08.28 08:16:08.038,1.6234,1.62362,1.25,1.00
2017.08.28 08:16:08.089,1.62336,1.62359,1.50,1.00
2017.08.28 08:16:08.141,1.62338,1.62361,1.00,1.00
2017.08.28 08:16:08.456,1.62342,1.62366,1.00,1.00
2017.08.28 08:16:08.964,1.62343,1.62367,1.50,1.69
2017.08.28 08:16:09.470,1.62342,1.62368,1.50,1.19
2017.08.28 08:16:09.974,1.62343,1.62367,1.00,1.69
2017.08.28 08:16:10.496,1.62342,1.62367,1.00,1.25
2017.08.28 08:16:11.034,1.62343,1.62367,1.00,1.69
2017.08.28 08:16:11.545,1.62342,1.62366,1.00,1.00
2017.08.28 08:16:12.101,1.62341,1.62366,1.00,1.12
2017.08.28 08:16:19.027,1.62342,1.62366,1.00,1.00
2017.08.28 08:16:19.078,1.62342,1.62364,1.00,1.00
2017.08.28 08:16:20.841,1.62341,1.62364,1.00,1.00
2017.08.28 08:16:21.145,1.62341,1.6236,1.25,1.00
2017.08.28 08:16:21.568,1.62341,1.62358,1.00,1.00
2017.08.28 08:16:22.075,1.62339,1.62359,2.44,1.00
2017.08.28 08:16:22.590,1.6234,1.6236,1.69,1.00
2017.08.28 08:16:22.925,1.6234,1.62358,1.50,1.00
2017.08.28 08:16:23.128,1.62339,1.6236,2.63,1.00
2017.08.28 08:16:23.650,1.6234,1.6236,1.88,1.00
2017.08.28 08:16:23.904,1.62339,1.6236,1.69,1.00
2017.08.28 08:16:24.457,1.6234,1.6236,1.88,1.00
2017.08.28 08:16:25.009,1.62339,1.6236,2.63,1.00
2017.08.28 08:16:25.514,1.6234,1.6236,1.88,1.00
2017.08.28 08:16:25.616,1.62339,1.6236,1.69,1.00
2017.08.28 08:16:25.909,1.62341,1.62358,1.00,1.00
2017.08.28 08:16:26.112,1.62335,1.62361,1.00,1.75
2017.08.28 08:16:26.163,1.62335,1.62352,1.00,1.00
2017.08.28 08:16:26.214,1.62332,1.62354,1.00,1.00
2017.08.28 08:16:26.316,1.62333,1.62351,1.00,1.00
2017.08.28 08:16:26.620,1.62333,1.62349,1.00,1.00
2017.08.28 08:16:27.045,1.62333,1.62352,1.00,1.50
2017.08.28 08:16:27.550,1.62332,1.62351,1.00,1.00
2017.08.28 08:16:28.051,1.62332,1.6235,1.00,1.00
2017.08.28 08:16:28.657,1.62332,1.62348,1.00,1.00
2017.08.28 08:16:29.189,1.62332,1.62349,1.00,1.00
2017.08.28 08:16:29.943,1.62333,1.62349,1.00,1.00
2017.08.28 08:16:30.585,1.62332,1.62349,1.00,1.00
2017.08.28 08:16:30.901,1.62326,1.62349,1.50,1.00
2017.08.28 08:16:31.003,1.62326,1.62349,1.44,1.00
2017.08.28 08:16:31.510,1.62326,1.62348,1.87,1.00
2017.08.28 08:16:31.562,1.62326,1.62346,1.25,1.00
2017.08.28 08:16:31.971,1.62326,1.62351,1.13,1.00
2017.08.28 08:16:32.077,1.62326,1.62351,1.63,1.25
2017.08.28 08:16:32.382,1.62326,1.62348,1.25,1.00
2017.08.28 08:16:32.686,1.62326,1.62345,1.25,1.00
2017.08.28 08:16:33.225,1.62325,1.62346,1.00,1.00
2017.08.28 08:16:33.529,1.62326,1.62344,1.25,1.00
2017.08.28 08:16:34.030,1.62325,1.62343,1.00,1.00
2017.08.28 08:16:34.487,1.62326,1.62346,1.13,1.00
2017.08.28 08:16:34.741,1.62326,1.62344,1.25,1.00
2017.08.28 08:16:35.265,1.62326,1.62343,1.25,1.00
2017.08.28 08:16:35.859,1.62326,1.62343,1.44,1.00
2017.08.28 08:16:35.961,1.62326,1.62345,1.25,1.00
2017.08.28 08:16:36.514,1.62326,1.62344,1.00,1.00
2017.08.28 08:16:37.070,1.62325,1.62344,1.00,1.00
2017.08.28 08:16:37.597,1.62326,1.62343,1.44,1.00
2017.08.28 08:16:37.837,1.62326,1.62345,1.12,1.00
2017.08.28 08:16:38.343,1.62321,1.62345,1.44,1.00
2017.08.28 08:16:38.394,1.62326,1.62345,1.00,1.00
2017.08.28 08:16:41.811,1.62326,1.62346,1.00,1.00
2017.08.28 08:16:45.862,1.62323,1.62346,1.38,1.00
2017.08.28 08:16:46.418,1.62324,1.62346,1.38,1.00
2017.08.28 08:16:46.948,1.62323,1.62347,1.38,1.00
2017.08.28 08:16:47.291,1.62327,1.62349,1.00,1.00
2017.08.28 08:16:47.611,1.62327,1.62346,1.00,1.00
2017.08.28 08:16:48.458,1.62327,1.62348,1.00,1.00
2017.08.28 08:16:49.035,1.62327,1.62345,1.00,1.00
2017.08.28 08:16:49.415,1.62324,1.62347,1.19,1.00
2017.08.28 08:16:49.943,1.62326,1.62348,1.00,1.00
2017.08.28 08:16:50.707,1.62326,1.62346,1.00,1.00
2017.08.28 08:16:51.018,1.62324,1.62343,1.00,1.00
2017.08.28 08:16:51.593,1.62323,1.62343,1.00,1.00
2017.08.28 08:16:52.111,1.62324,1.62343,1.00,1.00
2017.08.28 08:16:52.720,1.62323,1.62344,1.00,1.00
2017.08.28 08:16:53.245,1.62324,1.62344,1.00,1.00
2017.08.28 08:16:53.820,1.62324,1.62345,1.00,1.00
2017.08.28 08:16:54.505,1.62323,1.62345,1.00,1.00
2017.08.28 08:16:56.012,1.62323,1.62343,1.00,1.00
2017.08.28 08:16:56.675,1.62324,1.62343,1.00,1.00
2017.08.28 08:16:57.181,1.62323,1.62343,1.00,1.00
2017.08.28 08:16:57.789,1.62324,1.62343,1.00,1.00
2017.08.28 08:16:58.321,1.62323,1.62343,1.00,1.00
2017.08.28 08:16:59.051,1.62324,1.62343,1.00,1.00
2017.08.28 08:16:59.594,1.62323,1.62343,1.00,1.00
2017.08.28 08:16:59.797,1.62324,1.62345,1.25,1.00
2017.08.28 08:17:00.334,1.62323,1.62345,1.00,1.00
2017.08.28 08:17:00.842,1.62323,1.62343,1.00,1.00
2017.08.28 08:17:01.590,1.62324,1.62343,1.00,1.00
2017.08.28 08:17:02.133,1.62323,1.62343,1.00,1.00
2017.08.28 08:17:02.314,1.62324,1.62345,1.00,1.00
2017.08.28 08:17:02.568,1.62324,1.62343,1.00,1.00
2017.08.28 08:17:03.139,1.62323,1.62343,1.00,1.00
2017.08.28 08:17:03.646,1.62324,1.62344,1.00,1.00
2017.08.28 08:17:04.149,1.62324,1.62343,1.25,1.00
2017.08.28 08:17:04.250,1.62324,1.62345,1.00,1.00
2017.08.28 08:17:04.706,1.62324,1.62343,1.00,1.25
2017.08.28 08:17:04.808,1.62318,1.62343,1.50,1.25
2017.08.28 08:17:04.909,1.62319,1.6234,1.00,1.00
2017.08.28 08:17:05.274,1.62319,1.62343,1.00,1.31
2017.08.28 08:17:05.524,1.62319,1.62341,1.00,1.63
2017.08.28 08:17:05.829,1.62318,1.62338,1.00,1.00
2017.08.28 08:17:06.221,1.62319,1.62336,1.00,1.00
2017.08.28 08:17:06.343,1.62314,1.62336,1.00,1.00
2017.08.28 08:17:06.883,1.62314,1.62337,1.69,1.00
2017.08.28 08:17:07.386,1.62313,1.62337,4.31,1.00
2017.08.28 08:17:07.887,1.62314,1.62337,3.00,1.00
2017.08.28 08:17:08.582,1.62314,1.62337,1.50,1.00
2017.08.28 08:17:08.633,1.62314,1.62337,1.69,1.00
2017.08.28 08:17:08.988,1.62313,1.62333,1.87,1.00
2017.08.28 08:17:09.039,1.62309,1.62333,1.00,1.00
2017.08.28 08:17:09.090,1.62309,1.62332,1.00,1.44
2017.08.28 08:17:09.413,1.62307,1.62328,1.00,1.00
2017.08.28 08:17:09.772,1.62307,1.62326,1.00,1.00
2017.08.28 08:17:10.419,1.62308,1.62326,1.00,1.00
2017.08.28 08:17:10.946,1.62307,1.62328,1.00,1.00
2017.08.28 08:17:11.503,1.62308,1.62328,1.00,1.50
2017.08.28 08:17:11.890,1.62307,1.62326,1.00,1.00
2017.08.28 08:17:12.401,1.62307,1.62327,1.00,1.00
2017.08.28 08:17:12.938,1.62307,1.62326,1.00,1.00
2017.08.28 08:17:13.302,1.62307,1.62328,1.00,1.00
2017.08.28 08:17:17.001,1.62308,1.62328,1.00,1.69
2017.08.28 08:17:17.103,1.62308,1.62331,1.00,1.25
2017.08.28 08:17:17.790,1.62316,1.62333,1.00,1.00
2017.08.28 08:17:18.390,1.62316,1.62335,1.00,1.87
2017.08.28 08:17:18.710,1.62312,1.62334,1.00,1.12
2017.08.28 08:17:19.153,1.62311,1.62332,1.00,1.00
2017.08.28 08:17:19.821,1.62311,1.62335,1.00,1.12
2017.08.28 08:17:20.325,1.62312,1.62332,1.00,1.00
2017.08.28 08:17:20.376,1.62309,1.62332,1.44,1.00
2017.08.28 08:17:20.427,1.62309,1.62334,1.25,1.25
2017.08.28 08:17:20.529,1.62309,1.62334,1.00,1.19
2017.08.28 08:17:20.793,1.62307,1.62331,1.69,1.00
2017.08.28 08:17:21.328,1.62308,1.6233,1.25,1.00
2017.08.28 08:17:21.930,1.62307,1.6233,1.25,1.00
2017.08.28 08:17:21.982,1.62308,1.62328,1.25,1.00
2017.08.28 08:17:22.641,1.62307,1.62329,1.25,1.00
2017.08.28 08:17:23.157,1.62308,1.62328,1.00,1.00
2017.08.28 08:17:24.414,1.62307,1.62329,1.00,1.00
2017.08.28 08:17:24.935,1.62307,1.62327,1.00,1.00
2017.08.28 08:17:25.180,1.62303,1.62327,1.19,1.25
2017.08.28 08:17:25.691,1.62303,1.62327,1.37,1.25
2017.08.28 08:17:26.253,1.62303,1.62328,1.37,1.25
2017.08.28 08:17:26.474,1.62306,1.62329,1.00,1.00
2017.08.28 08:17:26.980,1.62306,1.6233,1.44,1.00
2017.08.28 08:17:28.884,1.62307,1.62331,1.00,1.69
2017.08.28 08:17:29.188,1.62303,1.62328,1.62,1.00
2017.08.28 08:17:29.991,1.62303,1.62328,1.25,1.25
2017.08.28 08:17:32.180,1.62302,1.62327,1.44,1.00
2017.08.28 08:17:32.511,1.62303,1.62324,1.00,1.00
2017.08.28 08:17:32.562,1.62298,1.6232,1.12,1.25
2017.08.28 08:17:32.665,1.62297,1.62316,1.00,1.50
2017.08.28 08:17:33.263,1.62296,1.62316,1.00,1.00
2017.08.28 08:17:34.243,1.62307,1.62316,1.25,1.00
2017.08.28 08:17:34.415,1.62306,1.62323,1.00,1.00
2017.08.28 08:17:34.467,1.62307,1.62326,1.00,1.00
2017.08.28 08:17:35.203,1.62307,1.62329,1.00,1.44
2017.08.28 08:17:36.708,1.62306,1.62328,1.50,1.00
2017.08.28 08:17:37.226,1.62306,1.62327,1.50,1.00
2017.08.28 08:17:37.361,1.62307,1.6233,1.25,1.37
2017.08.28 08:17:37.463,1.62307,1.62327,1.19,1.00
2017.08.28 08:17:37.884,1.62306,1.62327,1.00,1.00
2017.08.28 08:17:38.036,1.62306,1.62325,1.00,1.00
2017.08.28 08:17:39.034,1.62307,1.62325,1.00,1.00
2017.08.28 08:17:39.563,1.62306,1.62326,1.00,1.00
2017.08.28 08:17:40.225,1.62306,1.62327,1.00,1.00
2017.08.28 08:17:40.754,1.62307,1.62327,1.50,1.00
2017.08.28 08:17:40.838,1.62307,1.62329,1.50,1.00
2017.08.28 08:17:42.689,1.62307,1.6233,1.50,1.00
2017.08.28 08:17:44.801,1.62307,1.62331,1.50,1.87
2017.08.28 08:17:46.662,1.62307,1.6233,1.50,1.00
2017.08.28 08:17:50.181,1.62307,1.62332,1.00,3.19
2017.08.28 08:17:50.736,1.62307,1.62331,1.50,1.44
2017.08.28 08:17:51.257,1.62307,1.62331,1.69,1.25
2017.08.28 08:17:51.852,1.62308,1.62331,1.00,2.44
2017.08.28 08:17:52.707,1.62308,1.62331,1.25,3.00
2017.08.28 08:17:53.316,1.62307,1.62331,1.69,1.00
2017.08.28 08:17:54.103,1.62308,1.62331,1.25,2.25
2017.08.28 08:17:54.484,1.62311,1.62331,1.00,1.87
2017.08.28 08:17:56.695,1.62311,1.62332,1.00,1.87
2017.08.28 08:17:56.984,1.62308,1.6233,1.00,1.25
2017.08.28 08:17:57.852,1.62307,1.6233,1.00,1.00
2017.08.28 08:17:58.371,1.62313,1.6233,1.00,1.00
2017.08.28 08:17:59.887,1.62312,1.6233,1.00,1.00
2017.08.28 08:18:00.825,1.62313,1.6233,1.00,1.00
2017.08.28 08:18:03.058,1.62311,1.62329,1.00,1.00
2017.08.28 08:18:03.111,1.62307,1.6233,2.25,1.50
2017.08.28 08:18:04.456,1.62308,1.62329,1.00,1.00
2017.08.28 08:18:04.883,1.62316,1.62332,1.00,1.00
2017.08.28 08:18:05.023,1.62318,1.62341,1.00,1.62
2017.08.28 08:18:05.075,1.62328,1.62347,1.19,1.00
2017.08.28 08:18:05.126,1.62331,1.62352,1.00,1.19
2017.08.28 08:18:05.177,1.62329,1.62352,1.00,1.19
2017.08.28 08:18:05.381,1.62328,1.6235,1.00,1.19
2017.08.28 08:18:05.837,1.62327,1.6235,1.00,1.25
2017.08.28 08:18:06.039,1.62327,1.62352,2.44,1.00
2017.08.28 08:18:06.268,1.62329,1.62354,1.00,1.31
2017.08.28 08:18:08.138,1.62329,1.62354,1.19,1.25
2017.08.28 08:18:08.698,1.62329,1.62354,1.25,1.25
2017.08.28 08:18:09.339,1.62329,1.62354,1.00,2.44
2017.08.28 08:18:09.704,1.62328,1.62351,1.00,1.00
2017.08.28 08:18:13.732,1.62329,1.62353,1.00,1.19
2017.08.28 08:18:14.115,1.62329,1.62353,1.00,1.25
2017.08.28 08:18:14.672,1.62329,1.62353,1.00,1.39
2017.08.28 08:18:15.866,1.62329,1.62353,1.00,1.31
2017.08.28 08:18:16.092,1.62327,1.62351,1.50,1.25
2017.08.28 08:18:16.629,1.62328,1.62351,1.00,1.25
2017.08.28 08:18:17.311,1.62328,1.62351,1.00,1.19
2017.08.28 08:18:17.826,1.62328,1.62351,1.50,1.19
2017.08.28 08:18:18.461,1.62328,1.62351,1.00,1.19
2017.08.28 08:18:19.809,1.62328,1.62351,1.50,1.19
2017.08.28 08:18:20.003,1.62328,1.62351,1.00,1.25
2017.08.28 08:18:21.819,1.62328,1.6235,1.00,1.25
2017.08.28 08:18:21.870,1.62327,1.6235,1.50,1.71
2017.08.28 08:18:22.472,1.62328,1.62345,1.00,1.00
2017.08.28 08:18:23.366,1.62327,1.62345,1.50,1.00
2017.08.28 08:18:24.987,1.62328,1.62345,1.00,1.00
2017.08.28 08:18:26.402,1.62327,1.62345,1.50,1.00
2017.08.28 08:18:28.060,1.62328,1.62345,1.00,1.00
2017.08.28 08:18:28.569,1.62327,1.62345,1.50,1.00
2017.08.28 08:18:29.084,1.62328,1.62345,1.00,1.00
2017.08.28 08:18:29.914,1.62328,1.62347,1.00,1.00
2017.08.28 08:18:31.231,1.62328,1.62346,1.00,1.00
2017.08.28 08:18:32.520,1.62328,1.62347,1.00,1.00
2017.08.28 08:18:33.942,1.62327,1.62347,1.00,1.00
2017.08.28 08:18:34.486,1.62328,1.62347,1.00,1.00
2017.08.28 08:18:36.837,1.62327,1.62347,1.00,1.00
2017.08.28 08:18:37.508,1.62328,1.62347,1.00,1.25
2017.08.28 08:18:39.124,1.62327,1.62347,1.00,1.00
2017.08.28 08:18:40.122,1.62328,1.62347,1.00,1.00
2017.08.28 08:18:41.135,1.62327,1.62347,1.00,1.00
2017.08.28 08:18:42.136,1.62328,1.62347,1.00,1.00
2017.08.28 08:18:44.043,1.62327,1.62347,1.00,1.00
2017.08.28 08:18:44.872,1.62328,1.62347,1.00,1.00
2017.08.28 08:18:46.389,1.62327,1.62347,1.00,1.00
2017.08.28 08:18:47.036,1.62328,1.62347,1.00,1.00
2017.08.28 08:18:49.841,1.62327,1.62347,1.00,1.00
2017.08.28 08:18:50.391,1.62328,1.62346,1.00,1.00
2017.08.28 08:18:50.939,1.62327,1.62346,1.00,1.00
2017.08.28 08:18:51.653,1.62328,1.62346,1.00,1.00
2017.08.28 08:18:54.647,1.62328,1.62345,1.00,1.00
2017.08.28 08:18:55.693,1.62327,1.62345,1.00,1.00
2017.08.28 08:18:55.895,1.62327,1.6235,1.00,1.25
2017.08.28 08:18:56.256,1.62327,1.62353,1.50,1.31
2017.08.28 08:18:56.735,1.62328,1.62349,1.00,1.00
2017.08.28 08:18:57.345,1.62327,1.62349,1.50,1.00
2017.08.28 08:18:57.873,1.62328,1.62349,1.00,1.00
2017.08.28 08:18:59.556,1.62327,1.6235,1.69,1.00
2017.08.28 08:18:59.895,1.62327,1.62352,2.44,1.25
2017.08.28 08:19:00.933,1.62328,1.62352,1.19,1.44
2017.08.28 08:19:02.163,1.62328,1.6235,1.19,1.00
2017.08.28 08:19:03.269,1.62328,1.6235,1.25,1.00
2017.08.28 08:19:03.321,1.62327,1.62347,1.50,1.00
2017.08.28 08:19:04.583,1.62328,1.62347,1.00,1.00
2017.08.28 08:19:05.350,1.62328,1.62349,1.25,1.00
2017.08.28 08:19:05.612,1.62327,1.62347,1.25,1.00
2017.08.28 08:19:06.154,1.62328,1.62347,1.25,1.00
2017.08.28 08:19:06.711,1.62327,1.62347,1.25,1.00
2017.08.28 08:19:06.763,1.62327,1.6235,1.25,1.00
2017.08.28 08:19:07.296,1.62328,1.6235,1.25,1.00
2017.08.28 08:19:09.457,1.62337,1.62352,1.00,1.00
2017.08.28 08:19:09.559,1.62331,1.62355,1.69,1.19
2017.08.28 08:19:09.610,1.62331,1.6235,1.50,1.00
2017.08.28 08:19:09.817,1.62331,1.62352,1.50,1.00
2017.08.28 08:19:10.433,1.62331,1.62352,1.50,1.19
2017.08.28 08:19:10.981,1.6233,1.62352,1.25,1.00
2017.08.28 08:19:11.135,1.62331,1.6235,1.00,1.00
2017.08.28 08:19:11.667,1.6233,1.6235,1.00,1.00
2017.08.28 08:19:12.408,1.62331,1.6235,1.00,1.25
2017.08.28 08:19:12.459,1.62327,1.6235,1.25,1.25
2017.08.28 08:19:13.323,1.62326,1.6235,1.69,1.00
2017.08.28 08:19:13.374,1.62328,1.62351,1.00,1.19
2017.08.28 08:19:13.739,1.62326,1.6235,1.50,1.25
2017.08.28 08:19:14.278,1.62327,1.6235,1.50,1.19
2017.08.28 08:19:14.822,1.62327,1.62348,1.00,1.00
2017.08.28 08:19:15.993,1.62326,1.62348,1.50,1.00
2017.08.28 08:19:16.127,1.62326,1.62346,1.00,1.00
2017.08.28 08:19:17.320,1.62326,1.62349,1.00,1.00
2017.08.28 08:19:17.726,1.62326,1.62347,1.50,1.00
2017.08.28 08:19:18.629,1.62326,1.62348,1.50,1.21
2017.08.28 08:19:19.215,1.62325,1.62348,1.50,1.00
2017.08.28 08:19:20.118,1.62326,1.62347,1.00,1.00
2017.08.28 08:19:20.732,1.62325,1.62347,1.00,1.00
2017.08.28 08:19:21.248,1.62326,1.62348,1.00,1.00
2017.08.28 08:19:21.768,1.62327,1.6235,1.00,1.00
2017.08.28 08:19:22.357,1.62328,1.62351,1.00,1.44
2017.08.28 08:19:23.144,1.62329,1.62353,1.00,1.37
2017.08.28 08:19:23.195,1.62332,1.62355,1.25,1.27
2017.08.28 08:19:23.833,1.62331,1.62356,1.00,1.87
2017.08.28 08:19:24.371,1.6233,1.62356,1.00,1.19
2017.08.28 08:19:24.823,1.62331,1.62353,1.00,1.00
2017.08.28 08:19:25.483,1.62331,1.62354,1.00,1.25
2017.08.28 08:19:25.789,1.6233,1.62352,1.00,1.00
2017.08.28 08:19:27.287,1.62331,1.62352,1.00,1.25
2017.08.28 08:19:27.796,1.62331,1.62351,1.00,1.25
2017.08.28 08:19:28.373,1.6233,1.62351,1.00,1.00
2017.08.28 08:19:30.188,1.62331,1.62351,1.25,1.00
2017.08.28 08:19:30.671,1.62331,1.62353,1.00,1.25
2017.08.28 08:19:31.219,1.6233,1.62353,1.00,1.00
2017.08.28 08:19:31.831,1.62331,1.62353,1.00,1.25
2017.08.28 08:19:32.440,1.6233,1.62353,1.00,1.00
2017.08.28 08:19:33.100,1.62331,1.62353,1.00,1.25
2017.08.28 08:19:34.610,1.6233,1.62353,1.00,1.25
2017.08.28 08:19:35.114,1.62331,1.62353,1.00,1.19
2017.08.28 08:19:35.380,1.62331,1.62351,1.00,1.19
2017.08.28 08:19:35.940,1.6233,1.62351,1.00,1.25
2017.08.28 08:19:37.444,1.62331,1.62351,1.00,1.19
2017.08.28 08:19:38.245,1.62331,1.62351,1.00,1.25
2017.08.28 08:19:39.030,1.6233,1.62351,1.00,1.25
2017.08.28 08:19:39.336,1.62331,1.62351,1.00,1.19
2017.08.28 08:19:39.539,1.62326,1.62348,1.25,1.00
2017.08.28 08:19:40.072,1.62326,1.62348,1.69,1.00
2017.08.28 08:19:40.620,1.62326,1.62348,1.25,1.00
2017.08.28 08:19:41.528,1.62332,1.62348,1.00,1.00
2017.08.28 08:19:41.580,1.62327,1.62348,1.25,1.00
2017.08.28 08:19:41.696,1.62331,1.62348,1.00,1.00
2017.08.28 08:19:41.797,1.62331,1.62353,1.00,1.00
2017.08.28 08:19:42.104,1.62328,1.62353,1.69,1.69
2017.08.28 08:19:42.380,1.62328,1.6235,1.00,1.00
2017.08.28 08:19:42.980,1.62327,1.6235,1.00,1.00
2017.08.28 08:19:43.373,1.62329,1.62352,1.25,1.25
2017.08.28 08:19:44.989,1.62329,1.62352,1.00,1.38
2017.08.28 08:19:45.242,1.62327,1.62351,2.06,1.13
2017.08.28 08:19:45.833,1.62328,1.62349,1.25,1.00
2017.08.28 08:19:46.176,1.62332,1.62353,1.00,1.69
2017.08.28 08:19:46.531,1.62332,1.6235,1.00,1.00
2017.08.28 08:19:47.211,1.62331,1.6235,1.00,1.13
2017.08.28 08:19:47.733,1.6233,1.6235,1.00,1.25
2017.08.28 08:19:48.240,1.62331,1.6235,1.00,1.12
2017.08.28 08:19:48.761,1.6233,1.6235,1.25,1.00
2017.08.28 08:19:49.295,1.62331,1.6235,1.00,1.00
2017.08.28 08:19:50.070,1.6233,1.6235,1.00,1.00
2017.08.28 08:19:50.544,1.62327,1.6235,1.00,1.00
2017.08.28 08:19:51.156,1.62327,1.62348,1.00,1.25
2017.08.28 08:19:51.337,1.62322,1.62344,1.25,1.00
2017.08.28 08:19:51.490,1.62319,1.62344,1.00,1.56
2017.08.28 08:19:51.541,1.62318,1.62341,1.25,1.00
2017.08.28 08:19:51.845,1.62314,1.62334,1.00,1.00
2017.08.28 08:19:52.351,1.62315,1.62334,1.00,1.00
2017.08.28 08:19:52.982,1.62314,1.62334,1.00,1.00
2017.08.28 08:19:53.033,1.62311,1.62334,1.50,1.00
2017.08.28 08:19:53.508,1.62312,1.62331,1.00,1.00
2017.08.28 08:19:54.042,1.62311,1.62331,1.50,1.00
2017.08.28 08:19:54.750,1.62312,1.62331,1.00,1.00
2017.08.28 08:19:55.839,1.62311,1.62331,1.50,1.00
2017.08.28 08:19:56.040,1.62312,1.62334,1.25,1.00
2017.08.28 08:19:56.650,1.62311,1.62334,2.06,1.00
2017.08.28 08:19:57.851,1.62312,1.62334,1.00,1.00
2017.08.28 08:19:58.504,1.62311,1.62334,2.06,1.00
2017.08.28 08:19:59.019,1.62312,1.62334,1.25,1.00
2017.08.28 08:19:59.305,1.62312,1.62331,1.00,1.00
2017.08.28 08:20:01.539,1.62311,1.62331,1.88,1.00
2017.08.28 08:20:01.582,1.62311,1.62333,1.50,1.00
2017.08.28 08:20:02.082,1.62311,1.62332,1.00,1.56
2017.08.28 08:20:02.386,1.62306,1.62325,1.00,1.00
2017.08.28 08:20:02.691,1.62311,1.6233,1.13,1.00
2017.08.28 08:20:02.843,1.62311,1.62332,1.50,1.00
2017.08.28 08:20:03.518,1.62311,1.62329,1.00,1.00
2017.08.28 08:20:04.049,1.62312,1.62329,1.00,1.00
2017.08.28 08:20:06.316,1.62312,1.62333,1.00,1.00
2017.08.28 08:20:06.519,1.62312,1.62331,1.00,1.00
2017.08.28 08:20:07.577,1.62311,1.62331,1.50,1.00
2017.08.28 08:20:08.083,1.62312,1.62331,1.00,1.00
2017.08.28 08:20:09.076,1.62312,1.62327,1.00,1.00
2017.08.28 08:20:13.267,1.62306,1.62327,1.00,1.00
2017.08.28 08:20:13.419,1.62306,1.6233,1.00,1.00
2017.08.28 08:20:13.848,1.62306,1.62327,1.00,1.00
2017.08.28 08:20:14.202,1.62312,1.62327,1.00,1.00
2017.08.28 08:20:14.253,1.62311,1.6233,1.00,1.00
2017.08.28 08:20:14.364,1.62311,1.62328,1.00,1.00
2017.08.28 08:20:14.417,1.62307,1.62327,1.00,1.00
2017.08.28 08:20:14.570,1.62311,1.62326,1.00,1.00
2017.08.28 08:20:14.672,1.62307,1.62326,1.00,1.00
2017.08.28 08:20:14.977,1.62312,1.62327,1.00,1.00
2017.08.28 08:20:15.491,1.62312,1.62328,1.00,1.00
2017.08.28 08:20:16.373,1.62306,1.62328,1.50,1.00
2017.08.28 08:20:17.903,1.62306,1.62325,1.00,1.00
2017.08.28 08:20:19.353,1.62306,1.62327,1.50,1.00
2017.08.28 08:20:20.063,1.62306,1.62326,1.00,1.00
2017.08.28 08:20:20.845,1.62306,1.62328,1.50,1.00
2017.08.28 08:20:21.052,1.62306,1.62326,1.00,1.00
2017.08.28 08:20:23.954,1.62306,1.62323,1.50,1.00
2017.08.28 08:20:26.858,1.62302,1.62323,1.00,1.00
2017.08.28 08:20:27.010,1.62301,1.62319,1.00,1.00
2017.08.28 08:20:27.467,1.62302,1.62321,1.00,1.00
2017.08.28 08:20:27.670,1.62302,1.62318,1.00,1.00
2017.08.28 08:20:28.849,1.62297,1.62318,1.38,1.00
2017.08.28 08:20:29.052,1.62299,1.62322,1.13,1.25
2017.08.28 08:20:29.637,1.62303,1.62326,1.25,1.12
2017.08.28 08:20:29.941,1.62307,1.62328,1.00,1.00
2017.08.28 08:20:31.169,1.62305,1.62328,1.00,1.00
2017.08.28 08:20:33.365,1.62303,1.62327,1.19,1.00
2017.08.28 08:20:33.885,1.62304,1.62328,1.50,1.00
2017.08.28 08:20:34.007,1.62303,1.62326,1.50,1.00
2017.08.28 08:20:34.367,1.62302,1.62324,1.00,1.00
2017.08.28 08:20:34.521,1.62297,1.6232,1.69,1.00
2017.08.28 08:20:34.572,1.62297,1.6232,3.00,1.00
2017.08.28 08:20:34.673,1.62297,1.6232,2.06,1.00
2017.08.28 08:20:34.775,1.62302,1.6232,1.00,1.00
2017.08.28 08:20:34.937,1.62302,1.62322,1.00,1.00
2017.08.28 08:20:35.190,1.62302,1.6232,1.00,1.00
2017.08.28 08:20:36.058,1.62297,1.62314,1.00,1.00
2017.08.28 08:20:36.413,1.62297,1.62316,1.00,1.00
2017.08.28 08:20:36.919,1.62297,1.62315,1.00,1.00
2017.08.28 08:20:38.202,1.62297,1.62317,1.00,1.25
2017.08.28 08:20:40.212,1.62292,1.62317,1.38,1.00
2017.08.28 08:20:40.696,1.62297,1.62317,1.00,1.00
2017.08.28 08:20:42.373,1.62291,1.62317,2.63,1.25
2017.08.28 08:20:42.908,1.62291,1.62317,2.25,1.00
2017.08.28 08:20:43.415,1.62291,1.62317,2.25,1.00
2017.08.28 08:20:43.921,1.62294,1.62318,1.00,1.25
2017.08.28 08:20:44.174,1.62292,1.62317,1.25,1.00
2017.08.28 08:20:44.405,1.62294,1.62318,1.00,1.25
2017.08.28 08:20:45.355,1.62294,1.62318,1.12,1.19
2017.08.28 08:20:45.868,1.62294,1.62318,1.00,1.25
2017.08.28 08:20:46.243,1.62294,1.62318,1.00,1.38
2017.08.28 08:20:46.295,1.62289,1.62314,1.12,1.13
2017.08.28 08:20:46.842,1.62289,1.62315,1.00,1.13
2017.08.28 08:20:47.357,1.62288,1.62314,1.69,1.13
2017.08.28 08:20:47.879,1.62288,1.62314,1.31,1.00
2017.08.28 08:20:48.305,1.62288,1.62314,3.19,1.00
2017.08.28 08:20:48.573,1.62292,1.62316,1.37,1.00
2017.08.28 08:20:49.629,1.62291,1.62316,2.44,1.25
2017.08.28 08:20:50.213,1.62291,1.62316,2.25,1.00
2017.08.28 08:20:50.573,1.62291,1.62316,2.25,1.00
2017.08.28 08:20:50.743,1.62291,1.62316,2.25,1.00
2017.08.28 08:20:51.070,1.62297,1.62316,1.00,1.00
2017.08.28 08:20:53.473,1.62297,1.62318,1.00,1.13
2017.08.28 08:20:53.983,1.62297,1.62319,1.00,1.46
2017.08.28 08:20:54.414,1.62297,1.62317,1.00,1.00
2017.08.28 08:20:54.715,1.62297,1.62319,1.00,1.28
2017.08.28 08:20:55.684,1.62294,1.62319,1.37,1.46
2017.08.28 08:20:55.789,1.62292,1.62315,1.37,1.00
2017.08.28 08:20:55.942,1.62294,1.62317,1.12,1.00
2017.08.28 08:20:55.993,1.62297,1.62319,1.00,1.25
2017.08.28 08:20:56.298,1.623,1.62323,1.25,1.00
2017.08.28 08:20:56.350,1.62302,1.62325,1.00,1.38
2017.08.28 08:20:56.401,1.62302,1.62327,2.25,2.44
2017.08.28 08:20:56.503,1.62304,1.62329,1.37,1.38
2017.08.28 08:20:56.554,1.62304,1.62329,1.31,1.00
2017.08.28 08:20:57.091,1.62304,1.62329,1.25,1.38
2017.08.28 08:20:57.599,1.62304,1.62329,1.00,3.00
2017.08.28 08:20:57.700,1.62304,1.62329,1.00,1.25
2017.08.28 08:20:57.853,1.62307,1.62329,1.00,1.38
2017.08.28 08:20:58.057,1.62305,1.62328,1.00,1.13
2017.08.28 08:20:58.356,1.62306,1.62331,1.00,2.81
2017.08.28 08:20:58.457,1.62304,1.62329,1.00,1.56
2017.08.28 08:20:59.308,1.62304,1.62329,1.00,1.81
2017.08.28 08:21:00.204,1.62304,1.62328,1.00,1.00
2017.08.28 08:21:00.255,1.62304,1.62328,1.00,1.56
2017.08.28 08:21:00.603,1.62301,1.62321,1.00,1.00
2017.08.28 08:21:00.654,1.62294,1.62317,2.00,1.00
2017.08.28 08:21:00.705,1.62298,1.62321,1.31,1.00
2017.08.28 08:21:00.857,1.62305,1.62328,1.25,1.88
2017.08.28 08:21:00.959,1.62305,1.62328,1.00,2.06
2017.08.28 08:21:01.111,1.62305,1.62328,1.00,1.69
2017.08.28 08:21:01.162,1.62305,1.62328,1.00,2.06
2017.08.28 08:21:01.466,1.62303,1.62327,1.00,1.38
2017.08.28 08:21:01.852,1.62304,1.62327,1.19,1.38
2017.08.28 08:21:02.359,1.62304,1.62326,1.19,1.63
2017.08.28 08:21:02.613,1.62304,1.62326,1.19,1.44
2017.08.28 08:21:02.843,1.62304,1.62326,1.19,1.63
2017.08.28 08:21:02.894,1.62303,1.62326,1.19,1.25
2017.08.28 08:21:03.500,1.62304,1.62326,1.19,1.13
2017.08.28 08:21:03.653,1.62305,1.62328,1.25,1.69
2017.08.28 08:21:04.184,1.62304,1.62327,1.69,1.00
2017.08.28 08:21:04.891,1.62304,1.62327,1.25,1.00
2017.08.28 08:21:04.992,1.62304,1.62327,1.69,1.38
2017.08.28 08:21:05.612,1.62304,1.62327,1.25,1.31
2017.08.28 08:21:05.905,1.62305,1.62328,1.25,1.25
2017.08.28 08:21:06.773,1.62305,1.62328,1.19,1.25
2017.08.28 08:21:07.362,1.62305,1.62329,1.00,2.06
2017.08.28 08:21:07.514,1.62303,1.62324,1.50,1.00
2017.08.28 08:21:08.091,1.62304,1.62324,1.00,1.00
2017.08.28 08:21:08.646,1.62303,1.62326,1.19,1.00
2017.08.28 08:21:09.513,1.62299,1.62322,1.13,1.00
2017.08.28 08:21:09.615,1.62301,1.62324,1.00,1.00
2017.08.28 08:21:09.919,1.62303,1.62324,1.19,1.00
2017.08.28 08:21:10.274,1.62304,1.62324,1.38,1.00
2017.08.28 08:21:10.325,1.62303,1.62325,1.31,1.00
2017.08.28 08:21:10.843,1.62304,1.62325,1.31,1.00
2017.08.28 08:21:11.349,1.62303,1.62324,1.56,1.00
2017.08.28 08:21:11.858,1.62303,1.62325,1.31,1.13
2017.08.28 08:21:12.538,1.62304,1.62325,1.19,1.63
2017.08.28 08:21:13.044,1.62303,1.62325,1.31,1.00
2017.08.28 08:21:13.586,1.62304,1.62326,1.19,1.25
2017.08.28 08:21:13.941,1.62303,1.62328,2.06,1.69
2017.08.28 08:21:14.195,1.62303,1.62326,2.06,1.00
2017.08.28 08:21:14.448,1.62304,1.62328,1.62,2.63
2017.08.28 08:21:14.802,1.62304,1.62327,1.81,1.44
2017.08.28 08:21:15.320,1.62308,1.62328,1.19,1.50
2017.08.28 08:21:15.827,1.62309,1.62328,1.19,1.25
2017.08.28 08:21:16.131,1.62308,1.62326,1.19,1.00
2017.08.28 08:21:16.283,1.62308,1.62328,1.19,1.00
2017.08.28 08:21:16.436,1.62314,1.62329,1.00,1.12
2017.08.28 08:21:16.487,1.62314,1.62333,1.44,1.37
2017.08.28 08:21:16.538,1.62314,1.62335,1.38,1.00
2017.08.28 08:21:16.691,1.62314,1.62338,1.38,1.00
2017.08.28 08:21:16.844,1.62313,1.62339,1.69,2.25
2017.08.28 08:21:17.069,1.62314,1.62337,1.19,1.00
2017.08.28 08:21:17.577,1.62314,1.62338,1.38,1.00
2017.08.28 08:21:17.953,1.62312,1.62335,1.12,1.25
2017.08.28 08:21:18.054,1.62306,1.62331,1.87,1.50
2017.08.28 08:21:18.330,1.62306,1.62328,1.00,1.00
2017.08.28 08:21:19.989,1.62306,1.62328,1.44,1.12
2017.08.28 08:21:20.040,1.62306,1.62328,1.31,1.00
2017.08.28 08:21:21.156,1.62306,1.62328,1.50,1.00
2017.08.28 08:21:21.359,1.62306,1.6233,2.06,1.00
2017.08.28 08:21:22.455,1.62306,1.6233,2.25,1.00
2017.08.28 08:21:22.684,1.62306,1.6233,2.06,1.00
2017.08.28 08:21:23.213,1.62306,1.6233,2.06,1.00
2017.08.28 08:21:23.365,1.62306,1.6233,1.88,1.00
2017.08.28 08:21:23.471,1.62307,1.6233,1.00,1.56
2017.08.28 08:21:23.775,1.62307,1.62326,1.00,1.25
2017.08.28 08:21:24.181,1.62307,1.62323,1.00,1.00
2017.08.28 08:21:28.005,1.62302,1.62323,1.00,1.00
2017.08.28 08:21:28.298,1.62302,1.62325,1.50,1.00
2017.08.28 08:21:30.942,1.62304,1.62327,1.00,1.00
2017.08.28 08:21:31.466,1.62304,1.62328,1.00,1.50
2017.08.28 08:21:32.017,1.62302,1.62327,1.50,1.00
2017.08.28 08:21:32.549,1.62302,1.62328,1.12,1.50
2017.08.28 08:21:33.083,1.62301,1.62328,3.56,1.94
2017.08.28 08:21:34.049,1.62301,1.62328,1.69,1.69
2017.08.28 08:21:34.565,1.62301,1.62328,3.00,1.94
2017.08.28 08:21:35.095,1.62301,1.62328,1.88,1.63
2017.08.28 08:21:35.399,1.62302,1.62325,1.00,1.00
2017.08.28 08:21:36.009,1.62302,1.62325,1.44,1.00
2017.08.28 08:21:36.512,1.62302,1.62325,1.00,1.00
2017.08.28 08:21:36.816,1.62301,1.62323,1.88,1.00
2017.08.28 08:21:39.828,1.62301,1.62324,1.69,1.25
2017.08.28 08:21:40.353,1.62301,1.62323,1.00,1.00
2017.08.28 08:21:42.862,1.62298,1.62323,1.25,1.00
2017.08.28 08:21:42.913,1.62296,1.62323,2.06,1.56
2017.08.28 08:21:42.964,1.62296,1.62323,1.25,1.56
2017.08.28 08:21:43.066,1.62293,1.62316,1.50,1.00
2017.08.28 08:21:43.167,1.62293,1.62316,1.00,1.00
2017.08.28 08:21:43.736,1.62292,1.62315,1.44,1.00
2017.08.28 08:21:44.296,1.62292,1.62315,1.25,1.00
2017.08.28 08:21:44.904,1.62292,1.62315,1.44,1.00
2017.08.28 08:21:45.447,1.62292,1.62315,1.25,1.00
2017.08.28 08:21:45.981,1.62292,1.62315,1.44,1.00
2017.08.28 08:21:46.483,1.62292,1.62315,1.25,1.00
2017.08.28 08:21:47.025,1.62292,1.62315,1.44,1.25
2017.08.28 08:21:48.046,1.62292,1.62315,2.00,1.00
2017.08.28 08:21:48.566,1.62292,1.62315,1.44,1.00
2017.08.28 08:21:49.110,1.62293,1.62318,1.00,1.38
2017.08.28 08:21:49.616,1.62293,1.62318,1.19,1.31
2017.08.28 08:21:49.667,1.62293,1.62318,1.25,1.31
2017.08.28 08:21:50.216,1.62292,1.62317,1.88,1.12
2017.08.28 08:21:50.267,1.62292,1.62317,1.62,1.00
2017.08.28 08:21:50.433,1.62291,1.62316,1.75,1.00
2017.08.28 08:21:50.484,1.62292,1.62316,1.19,1.00
2017.08.28 08:21:51.021,1.62291,1.62316,1.31,1.00
2017.08.28 08:21:51.881,1.62291,1.62316,1.50,1.13
2017.08.28 08:21:52.831,1.62291,1.62316,1.50,1.00
2017.08.28 08:21:53.333,1.62291,1.62316,1.88,1.25
2017.08.28 08:21:53.896,1.62291,1.62316,1.50,1.00
2017.08.28 08:21:53.997,1.62291,1.62316,1.69,1.25
2017.08.28 08:21:54.242,1.62291,1.62316,1.44,1.25
2017.08.28 08:21:54.343,1.62291,1.62316,1.00,1.50
2017.08.28 08:21:54.861,1.6229,1.62313,1.25,1.00
2017.08.28 08:21:55.356,1.62289,1.62316,1.19,1.69
2017.08.28 08:21:56.036,1.62289,1.62316,1.63,2.44
2017.08.28 08:21:56.087,1.62289,1.62316,1.00,1.69
2017.08.28 08:21:56.626,1.62289,1.62316,1.44,2.44
2017.08.28 08:21:57.261,1.6229,1.62313,1.25,1.00
2017.08.28 08:21:58.367,1.62287,1.62314,4.13,1.63
2017.08.28 08:21:58.822,1.62287,1.62314,3.19,1.25
2017.08.28 08:21:58.923,1.62287,1.62314,3.75,1.69
2017.08.28 08:21:59.384,1.62287,1.62314,3.00,1.25
2017.08.28 08:21:59.536,1.62289,1.62314,1.00,1.56
2017.08.28 08:21:59.587,1.62287,1.62311,1.25,1.25
2017.08.28 08:21:59.637,1.62286,1.62311,1.69,1.56
2017.08.28 08:21:59.840,1.62283,1.62308,1.44,1.12
2017.08.28 08:21:59.942,1.62282,1.62305,1.88,1.00
2017.08.28 08:22:00.145,1.62283,1.62308,1.44,1.00
2017.08.28 08:22:00.259,1.62287,1.62308,1.00,1.00
2017.08.28 08:22:01.198,1.62287,1.6231,1.00,1.00
2017.08.28 08:22:02.066,1.62287,1.6231,1.25,1.50
2017.08.28 08:22:02.600,1.62286,1.62308,1.13,1.00
2017.08.28 08:22:07.588,1.62283,1.62308,2.06,1.38
2017.08.28 08:22:07.639,1.62283,1.62308,1.00,1.00
2017.08.28 08:22:07.741,1.62282,1.62303,1.00,1.00
2017.08.28 08:22:07.893,1.62282,1.62305,1.00,1.25
2017.08.28 08:22:08.399,1.62279,1.62302,2.00,1.00
2017.08.28 08:22:08.501,1.62278,1.62301,1.00,1.44
2017.08.28 08:22:08.754,1.62279,1.62302,1.13,1.13
2017.08.28 08:22:08.906,1.62277,1.62302,1.00,1.25
2017.08.28 08:22:09.210,1.62277,1.62302,1.38,1.25
2017.08.28 08:22:09.262,1.62277,1.62302,1.44,1.00
2017.08.28 08:22:09.625,1.62277,1.62299,1.44,1.00
2017.08.28 08:22:10.081,1.62277,1.62301,1.50,1.25
2017.08.28 08:22:11.364,1.62281,1.62301,1.00,1.00
2017.08.28 08:22:11.415,1.62281,1.62303,1.00,1.00
2017.08.28 08:22:11.646,1.62281,1.62305,2.06,1.50
2017.08.28 08:22:11.900,1.62282,1.62308,1.31,1.69
2017.08.28 08:22:12.518,1.62291,1.62309,1.00,1.00
2017.08.28 08:22:12.621,1.62292,1.62315,1.00,1.50
2017.08.28 08:22:12.824,1.62294,1.62317,1.00,1.88
2017.08.28 08:22:13.555,1.62294,1.62317,1.00,1.88
2017.08.28 08:22:13.955,1.62291,1.62316,1.50,1.00
2017.08.28 08:22:16.341,1.62302,1.62316,1.00,1.00
2017.08.28 08:22:16.444,1.62303,1.62322,1.40,1.00
2017.08.28 08:22:16.496,1.62309,1.62332,1.00,1.50
2017.08.28 08:22:16.598,1.62306,1.62327,1.38,1.00
2017.08.28 08:22:16.851,1.62302,1.62325,1.00,1.44
2017.08.28 08:22:16.902,1.62302,1.62322,1.21,1.00
2017.08.28 08:22:17.004,1.62302,1.62325,1.25,1.00
2017.08.28 08:22:17.159,1.62305,1.62331,1.00,3.15
2017.08.28 08:22:17.311,1.62305,1.62331,1.25,2.40
2017.08.28 08:22:17.514,1.62302,1.62326,1.69,1.38
2017.08.28 08:22:17.666,1.62302,1.62322,1.00,1.00
2017.08.28 08:22:17.970,1.62302,1.6232,1.00,1.00
2017.08.28 08:22:18.435,1.62302,1.62318,1.00,1.00
2017.08.28 08:22:20.135,1.62297,1.62318,1.25,1.00
2017.08.28 08:22:22.144,1.62294,1.62318,2.44,1.00
2017.08.28 08:22:22.195,1.62293,1.62318,1.50,1.19
2017.08.28 08:22:22.246,1.62289,1.62312,3.37,1.00
2017.08.28 08:22:22.347,1.62287,1.6231,2.25,1.00
2017.08.28 08:22:22.500,1.62287,1.62306,1.00,1.00
2017.08.28 08:22:23.016,1.62286,1.62306,1.00,1.00
2017.08.28 08:22:23.067,1.62286,1.62308,1.00,1.00
2017.08.28 08:22:23.478,1.62286,1.62307,1.50,1.00
2017.08.28 08:22:23.579,1.62286,1.6231,1.50,1.00
2017.08.28 08:22:24.035,1.62286,1.62312,1.87,1.00
2017.08.28 08:22:24.136,1.62286,1.62312,1.87,1.44
2017.08.28 08:22:24.642,1.62287,1.62312,1.31,1.25
2017.08.28 08:22:25.436,1.62287,1.62312,1.62,1.25
2017.08.28 08:22:26.321,1.62287,1.62312,1.12,1.00
2017.08.28 08:22:27.156,1.62287,1.62312,1.62,1.25
2017.08.28 08:22:27.677,1.62287,1.62312,1.31,1.25
2017.08.28 08:22:29.565,1.62287,1.62312,1.50,1.19
2017.08.28 08:22:29.717,1.62287,1.62312,1.31,1.19
2017.08.28 08:22:30.122,1.62287,1.62312,1.75,1.19
2017.08.28 08:22:30.274,1.62287,1.62312,1.81,1.19
2017.08.28 08:22:30.787,1.62287,1.62312,1.25,1.00
2017.08.28 08:22:31.313,1.62289,1.62311,1.00,1.38
2017.08.28 08:22:31.415,1.62286,1.62308,1.00,1.25
2017.08.28 08:22:31.517,1.62286,1.62305,1.00,1.00
2017.08.28 08:22:32.152,1.62286,1.62306,1.00,1.00
2017.08.28 08:22:35.208,1.62287,1.62309,1.00,1.00
2017.08.28 08:22:35.260,1.62292,1.62312,1.00,1.00
2017.08.28 08:22:35.413,1.62293,1.62316,1.00,1.69
2017.08.28 08:22:35.515,1.62297,1.62316,1.00,1.69
2017.08.28 08:22:36.043,1.62297,1.62316,1.00,1.69
2017.08.28 08:22:36.862,1.62293,1.62316,1.00,1.88
2017.08.28 08:22:36.913,1.62291,1.6231,1.37,1.25
2017.08.28 08:22:37.067,1.62285,1.62307,1.00,1.00
2017.08.28 08:22:37.170,1.62282,1.62303,2.00,1.00
2017.08.28 08:22:37.221,1.62282,1.62303,1.63,1.00
2017.08.28 08:22:37.768,1.62282,1.62303,1.00,1.00
2017.08.28 08:22:38.296,1.62282,1.62304,1.12,1.00
2017.08.28 08:22:40.769,1.62282,1.62303,1.00,1.00
2017.08.28 08:22:41.987,1.62282,1.62303,1.37,1.00
2017.08.28 08:22:42.550,1.62282,1.62303,1.12,1.00
2017.08.28 08:22:46.784,1.62281,1.62303,1.31,1.00
2017.08.28 08:22:47.561,1.62281,1.62303,1.50,1.00
2017.08.28 08:22:48.093,1.62281,1.62303,1.25,1.00
2017.08.28 08:22:49.002,1.62281,1.62303,1.50,1.00
2017.08.28 08:22:49.256,1.62282,1.62301,1.00,1.00
2017.08.28 08:22:49.509,1.62282,1.62303,1.00,1.00
2017.08.28 08:22:50.040,1.62282,1.62304,1.00,1.25
2017.08.28 08:22:50.256,1.62282,1.62302,1.00,1.00
2017.08.28 08:22:54.726,1.62281,1.62302,1.69,1.00
2017.08.28 08:22:54.828,1.62282,1.62307,1.37,1.13
2017.08.28 08:22:55.704,1.62287,1.62307,1.00,1.00
2017.08.28 08:22:56.287,1.62287,1.62308,1.00,1.00
2017.08.28 08:22:56.807,1.62287,1.62309,1.00,1.00
2017.08.28 08:23:03.762,1.62282,1.62309,2.63,1.00
2017.08.28 08:23:04.024,1.62297,1.62312,1.00,1.00
2017.08.28 08:23:04.126,1.62295,1.62318,1.69,1.37
2017.08.28 08:23:04.177,1.62297,1.6232,1.00,1.00
2017.08.28 08:23:04.681,1.62297,1.62321,1.31,1.00
2017.08.28 08:23:05.081,1.62296,1.62319,1.50,1.00
2017.08.28 08:23:07.267,1.62296,1.62319,1.50,1.00
2017.08.28 08:23:08.013,1.62296,1.62319,1.12,1.00
2017.08.28 08:23:08.542,1.62297,1.6232,1.50,1.00
2017.08.28 08:23:09.059,1.62296,1.62319,1.81,1.00
2017.08.28 08:23:09.651,1.62296,1.62319,1.50,1.00
2017.08.28 08:23:10.172,1.62297,1.62319,1.00,1.00
2017.08.28 08:23:12.332,1.62292,1.62317,1.69,1.00
2017.08.28 08:23:13.354,1.62292,1.62317,1.25,1.00
2017.08.28 08:23:13.997,1.62297,1.62317,1.00,1.00
2017.08.28 08:23:14.099,1.6229,1.62315,2.06,1.00
2017.08.28 08:23:14.288,1.62289,1.62305,1.13,1.00
2017.08.28 08:23:14.440,1.62278,1.62305,1.50,1.00
2017.08.28 08:23:14.542,1.62278,1.62305,2.44,1.00
2017.08.28 08:23:14.860,1.62278,1.62303,2.06,1.00
2017.08.28 08:23:14.962,1.62278,1.62303,1.50,1.00
2017.08.28 08:23:15.478,1.62278,1.62303,1.63,1.00
2017.08.28 08:23:16.359,1.62278,1.62303,1.13,1.00
2017.08.28 08:23:16.460,1.62278,1.62303,1.37,1.00
2017.08.28 08:23:16.995,1.62278,1.62303,1.63,1.00
2017.08.28 08:23:18.799,1.62278,1.62303,1.38,1.50
2017.08.28 08:23:19.557,1.62278,1.62303,1.31,1.50
2017.08.28 08:23:20.082,1.6228,1.62303,1.25,1.50
2017.08.28 08:23:20.419,1.62281,1.62303,1.44,1.00
2017.08.28 08:23:20.470,1.62282,1.62305,2.06,1.00
2017.08.28 08:23:21.014,1.62282,1.62305,1.50,1.00
2017.08.28 08:23:21.139,1.62282,1.62308,1.31,2.63
2017.08.28 08:23:21.240,1.62282,1.62303,1.00,1.25
2017.08.28 08:23:21.292,1.62277,1.623,1.69,1.00
2017.08.28 08:23:21.394,1.62275,1.62299,1.00,1.00
2017.08.28 08:23:21.912,1.62274,1.62298,1.00,1.19
2017.08.28 08:23:22.065,1.62272,1.62297,1.00,1.50
2017.08.28 08:23:22.116,1.62271,1.62294,1.00,1.00
2017.08.28 08:23:22.422,1.62269,1.62292,1.00,1.25
2017.08.28 08:23:22.726,1.62263,1.62286,1.12,1.00
2017.08.28 08:23:23.073,1.62273,1.62292,1.00,1.37
2017.08.28 08:23:23.174,1.6227,1.62293,1.25,1.00
2017.08.28 08:23:23.856,1.62268,1.62292,1.50,1.00
2017.08.28 08:23:24.008,1.62268,1.62293,1.25,1.00
2017.08.28 08:23:24.290,1.62268,1.62291,1.31,1.00
2017.08.28 08:23:24.916,1.62268,1.62291,1.00,1.00
2017.08.28 08:23:24.967,1.62264,1.62288,1.00,1.00
2017.08.28 08:23:25.069,1.62262,1.62285,2.81,1.00
2017.08.28 08:23:25.120,1.62262,1.62285,1.12,1.00
2017.08.28 08:23:25.221,1.62263,1.62285,1.31,1.00
2017.08.28 08:23:25.559,1.62265,1.62288,1.56,1.00
2017.08.28 08:23:25.661,1.62265,1.62288,1.12,1.00
2017.08.28 08:23:26.210,1.62263,1.62288,1.88,1.50
2017.08.28 08:23:26.761,1.62265,1.62287,1.69,1.00
2017.08.28 08:23:27.014,1.62267,1.62287,1.00,1.00
2017.08.28 08:23:27.065,1.62265,1.62291,1.69,1.00
2017.08.28 08:23:27.167,1.62268,1.62292,1.38,1.00
2017.08.28 08:23:27.673,1.6227,1.62293,1.00,1.50
2017.08.28 08:23:28.223,1.6227,1.62292,1.12,1.00
2017.08.28 08:23:28.771,1.62271,1.62292,1.25,1.00
2017.08.28 08:23:29.462,1.62269,1.62293,1.44,2.25
2017.08.28 08:23:30.005,1.62269,1.62293,1.25,2.25
2017.08.28 08:23:30.512,1.62269,1.62292,1.31,1.00
2017.08.28 08:23:31.036,1.62269,1.62292,1.31,1.00
2017.08.28 08:23:31.389,1.62271,1.62293,1.00,1.50
2017.08.28 08:23:32.854,1.62271,1.62292,1.00,1.00
2017.08.28 08:23:33.074,1.62271,1.62294,1.50,1.00
2017.08.28 08:23:34.175,1.62271,1.62292,1.50,1.00
2017.08.28 08:23:34.362,1.62267,1.62291,1.31,1.00
2017.08.28 08:23:34.413,1.62266,1.62285,1.00,1.00
2017.08.28 08:23:34.515,1.62261,1.62284,1.00,1.38
2017.08.28 08:23:34.616,1.62256,1.62271,1.00,1.00
2017.08.28 08:23:34.718,1.62248,1.62271,1.50,2.25
2017.08.28 08:23:34.769,1.62246,1.62266,1.75,1.00
2017.08.28 08:23:34.820,1.62245,1.62268,1.38,1.00
2017.08.28 08:23:34.871,1.62245,1.62268,1.19,1.00
2017.08.28 08:23:34.923,1.62245,1.62268,1.56,1.00
2017.08.28 08:23:35.024,1.62243,1.62266,1.75,1.00
2017.08.28 08:23:35.075,1.62242,1.62264,1.25,1.00
2017.08.28 08:23:35.271,1.62241,1.62266,2.62,1.00
2017.08.28 08:23:35.575,1.62241,1.6226,1.69,1.00
2017.08.28 08:23:35.879,1.62225,1.62242,2.62,2.81
2017.08.28 08:23:35.930,1.62219,1.62242,1.00,2.81
2017.08.28 08:23:35.981,1.62219,1.62237,1.12,1.00
2017.08.28 08:23:36.262,1.62212,1.62237,1.87,1.00
2017.08.28 08:23:36.364,1.62213,1.62239,1.62,1.00
2017.08.28 08:23:36.704,1.62213,1.62239,2.19,1.00
2017.08.28 08:23:37.094,1.62206,1.62224,1.87,1.00
2017.08.28 08:23:37.145,1.62206,1.6223,1.37,1.24
2017.08.28 08:23:37.349,1.62208,1.62232,1.37,1.87
2017.08.28 08:23:37.653,1.62209,1.62232,1.62,1.00
2017.08.28 08:23:38.282,1.62209,1.62233,1.87,1.00
2017.08.28 08:23:38.586,1.62204,1.62227,1.19,1.12
2017.08.28 08:23:38.637,1.62202,1.62226,2.44,1.00
2017.08.28 08:23:38.739,1.62202,1.62226,2.25,1.00
2017.08.28 08:23:38.892,1.622,1.62226,2.06,1.50
2017.08.28 08:23:39.044,1.62198,1.62223,2.44,1.00
2017.08.28 08:23:39.769,1.62204,1.62225,2.25,1.00
2017.08.28 08:23:39.922,1.62208,1.62232,1.37,1.00
2017.08.28 08:23:40.125,1.62208,1.62236,1.62,1.00
2017.08.28 08:23:40.379,1.62208,1.62234,1.87,1.00
2017.08.28 08:23:40.883,1.62208,1.62234,1.27,1.00
2017.08.28 08:23:41.188,1.62207,1.62234,1.77,1.50
2017.08.28 08:23:41.725,1.62206,1.62233,1.71,1.50
2017.08.28 08:23:42.277,1.62203,1.62232,1.09,1.87
2017.08.28 08:23:42.378,1.62203,1.62228,1.09,1.00
2017.08.28 08:23:42.430,1.62202,1.62228,1.09,1.00
2017.08.28 08:23:42.764,1.62204,1.62229,1.09,1.00
2017.08.28 08:23:42.917,1.62203,1.62231,1.09,1.00
2017.08.28 08:23:43.120,1.62204,1.62229,1.27,1.00
2017.08.28 08:23:43.409,1.62196,1.62222,1.09,1.00
2017.08.28 08:23:43.764,1.62192,1.62212,1.09,1.00
2017.08.28 08:23:43.815,1.62189,1.62213,1.77,1.50
2017.08.28 08:23:43.866,1.62192,1.62213,1.20,1.00
2017.08.28 08:23:44.344,1.62186,1.62207,1.71,1.00
2017.08.28 08:23:44.496,1.62186,1.62208,1.46,1.00
2017.08.28 08:23:45.052,1.62186,1.62207,1.77,1.00
2017.08.28 08:23:45.434,1.62192,1.62214,1.00,1.00
2017.08.28 08:23:45.937,1.62192,1.62213,1.00,1.00
2017.08.28 08:23:47.084,1.62192,1.62214,1.00,1.00
2017.08.28 08:23:48.106,1.62192,1.62213,1.00,1.00
2017.08.28 08:23:48.607,1.62192,1.62214,1.00,1.50
2017.08.28 08:23:49.343,1.62192,1.62213,1.00,1.00
2017.08.28 08:23:50.003,1.62186,1.62214,3.52,1.00
2017.08.28 08:23:50.611,1.62191,1.62213,1.00,1.00
2017.08.28 08:23:51.323,1.62191,1.62214,1.00,1.00
2017.08.28 08:23:51.574,1.62189,1.62213,1.00,1.00
2017.08.28 08:23:52.826,1.62189,1.62214,1.00,1.68
2017.08.28 08:23:52.927,1.62187,1.62214,1.00,1.68
2017.08.28 08:23:53.605,1.62189,1.62214,1.00,1.25
2017.08.28 08:23:54.250,1.6219,1.62215,1.00,1.69
2017.08.28 08:23:54.866,1.6219,1.62215,1.00,1.00
2017.08.28 08:23:55.653,1.6219,1.62214,1.00,1.00
2017.08.28 08:23:56.306,1.62187,1.62214,1.31,1.19
2017.08.28 08:23:56.713,1.62192,1.62214,1.00,1.00
2017.08.28 08:23:57.068,1.62189,1.62215,1.00,1.00
2017.08.28 08:23:57.170,1.62187,1.62214,1.31,1.00
2017.08.28 08:23:57.423,1.62187,1.62212,2.06,1.00
2017.08.28 08:23:57.758,1.62187,1.62214,2.06,1.69
2017.08.28 08:23:58.291,1.62187,1.62214,1.25,1.25
2017.08.28 08:23:59.486,1.62191,1.62212,1.00,1.00
2017.08.28 08:24:00.005,1.62191,1.62213,1.00,1.00
2017.08.28 08:24:00.157,1.62191,1.62215,1.00,1.50
2017.08.28 08:24:00.669,1.62191,1.62215,1.00,2.00
2017.08.28 08:24:00.999,1.62197,1.62215,1.00,1.75
2017.08.28 08:24:01.324,1.62197,1.62216,1.00,1.00
2017.08.28 08:24:01.427,1.62212,1.6222,1.00,1.50
2017.08.28 08:24:01.478,1.62203,1.62219,1.56,1.12
2017.08.28 08:24:01.529,1.62212,1.62234,1.44,1.37
2017.08.28 08:24:01.580,1.62217,1.62235,1.00,1.37
2017.08.28 08:24:01.631,1.62217,1.62235,1.00,1.00
2017.08.28 08:24:02.013,1.62212,1.62235,2.06,1.00
2017.08.28 08:24:02.278,1.62216,1.62237,1.00,1.00
2017.08.28 08:24:02.633,1.62216,1.6224,1.00,1.69
2017.08.28 08:24:03.308,1.62216,1.6224,1.00,1.25
2017.08.28 08:24:03.614,1.62216,1.62242,1.88,2.06
2017.08.28 08:24:03.918,1.62221,1.62244,1.56,1.12
2017.08.28 08:24:04.071,1.62228,1.62255,1.50,1.31
2017.08.28 08:24:04.123,1.62227,1.6225,1.44,1.00
2017.08.28 08:24:04.224,1.62226,1.62253,3.19,1.00
2017.08.28 08:24:04.275,1.62231,1.62253,1.00,1.00
2017.08.28 08:24:04.428,1.62231,1.62256,1.88,1.25
2017.08.28 08:24:04.766,1.62233,1.62249,1.00,1.00
2017.08.28 08:24:04.868,1.62223,1.62247,1.00,1.00
2017.08.28 08:24:05.021,1.62221,1.62248,1.00,2.06
2017.08.28 08:24:05.072,1.62221,1.62248,1.37,3.56
2017.08.28 08:24:05.123,1.62221,1.62248,1.00,1.25
2017.08.28 08:24:05.225,1.62224,1.62249,1.00,2.81
2017.08.28 08:24:05.700,1.62221,1.62245,1.25,1.00
2017.08.28 08:24:06.054,1.6222,1.62248,1.50,2.06
2017.08.28 08:24:07.204,1.62221,1.62248,1.00,2.25
2017.08.28 08:24:07.417,1.62223,1.62247,1.56,1.00
2017.08.28 08:24:07.469,1.62231,1.62253,1.25,1.00
2017.08.28 08:24:07.520,1.62236,1.62255,1.00,1.00
2017.08.28 08:24:07.571,1.62236,1.62259,1.00,1.69
2017.08.28 08:24:07.724,1.62232,1.62259,1.50,1.19
2017.08.28 08:24:08.291,1.62232,1.62259,1.69,1.25
2017.08.28 08:24:08.342,1.62236,1.62259,1.00,1.69
2017.08.28 08:24:08.613,1.62236,1.6226,1.00,1.00
2017.08.28 08:24:09.306,1.62236,1.62259,1.00,1.00
2017.08.28 08:24:09.814,1.62236,1.6226,1.00,1.00
2017.08.28 08:24:10.327,1.62236,1.62259,1.00,1.25
2017.08.28 08:24:11.102,1.62234,1.62253,1.00,1.00
2017.08.28 08:24:11.328,1.62222,1.62248,1.00,2.25
2017.08.28 08:24:11.379,1.62221,1.62245,1.00,1.25
2017.08.28 08:24:11.683,1.62217,1.62239,1.00,1.00
2017.08.28 08:24:12.861,1.62217,1.6224,1.00,2.06
2017.08.28 08:24:13.147,1.62212,1.62236,2.25,1.00
2017.08.28 08:24:13.300,1.62211,1.62235,1.00,1.00
2017.08.28 08:24:13.785,1.62211,1.62236,1.81,1.00
2017.08.28 08:24:14.116,1.62216,1.62237,1.00,1.00
2017.08.28 08:24:14.650,1.62216,1.62238,1.00,1.25
2017.08.28 08:24:15.902,1.62216,1.62241,1.00,3.56
2017.08.28 08:24:16.357,1.62215,1.6224,1.00,1.19
2017.08.28 08:24:16.408,1.62213,1.62239,1.00,1.25
2017.08.28 08:24:16.921,1.62213,1.62239,1.31,1.19
2017.08.28 08:24:17.586,1.62213,1.62239,1.25,1.19
2017.08.28 08:24:18.585,1.62213,1.62238,1.00,1.00
2017.08.28 08:24:19.131,1.62213,1.62237,1.00,1.00
2017.08.28 08:24:19.641,1.62213,1.62238,1.00,1.00
2017.08.28 08:24:19.793,1.62216,1.62238,1.00,1.00
2017.08.28 08:24:20.300,1.62216,1.62237,1.00,1.00
2017.08.28 08:24:20.853,1.62216,1.62238,1.00,1.00
2017.08.28 08:24:21.371,1.62216,1.62237,1.00,1.00
2017.08.28 08:24:21.573,1.62216,1.62239,1.00,1.31
2017.08.28 08:24:21.827,1.62216,1.62241,1.00,2.62
2017.08.28 08:24:22.405,1.62216,1.6224,1.00,1.87
2017.08.28 08:24:22.940,1.62216,1.62239,1.00,1.12
2017.08.28 08:24:23.483,1.62216,1.6224,1.00,2.62
2017.08.28 08:24:26.343,1.62216,1.62239,1.00,1.12
2017.08.28 08:24:27.021,1.62217,1.62239,1.00,1.12
2017.08.28 08:24:27.274,1.62217,1.62241,1.00,1.00
2017.08.28 08:24:27.325,1.62221,1.62241,1.00,1.00
2017.08.28 08:24:27.629,1.62232,1.62246,1.00,2.00
2017.08.28 08:24:27.680,1.62232,1.62246,1.00,1.12
2017.08.28 08:24:27.846,1.62232,1.62255,1.00,1.00
2017.08.28 08:24:28.506,1.62232,1.62257,1.50,1.31
2017.08.28 08:24:29.473,1.62232,1.62257,1.50,1.31
2017.08.28 08:24:29.992,1.62232,1.62257,1.50,1.31
2017.08.28 08:24:30.152,1.62232,1.62255,1.00,1.50
2017.08.28 08:24:30.203,1.62229,1.62253,1.00,1.25
2017.08.28 08:24:30.518,1.62227,1.62252,1.50,1.25
2017.08.28 08:24:30.619,1.62229,1.62253,1.00,1.12
2017.08.28 08:24:30.924,1.62227,1.62252,1.50,1.44
2017.08.28 08:24:31.481,1.62227,1.62252,1.00,1.19
2017.08.28 08:24:32.079,1.62228,1.62252,1.00,1.69
2017.08.28 08:24:32.434,1.62226,1.62251,1.50,1.31
2017.08.28 08:24:32.956,1.62226,1.62251,1.00,1.25
2017.08.28 08:24:33.554,1.62226,1.62251,1.00,1.31
2017.08.28 08:24:34.072,1.62226,1.62251,1.00,1.25
2017.08.28 08:24:34.879,1.62226,1.62249,1.00,1.19
2017.08.28 08:24:35.090,1.62226,1.6225,1.00,1.69
2017.08.28 08:24:35.699,1.62226,1.62249,1.00,1.19
2017.08.28 08:24:36.322,1.62226,1.6225,1.50,1.88
2017.08.28 08:24:37.297,1.62226,1.62251,1.00,1.31
2017.08.28 08:24:37.348,1.62226,1.62251,1.00,1.12
2017.08.28 08:24:37.399,1.62231,1.62254,1.00,1.81
2017.08.28 08:24:37.450,1.62231,1.62254,1.00,1.31
2017.08.28 08:24:37.956,1.62231,1.62256,1.00,1.31
2017.08.28 08:24:38.458,1.62231,1.62256,1.00,1.25
2017.08.28 08:24:38.509,1.62231,1.62255,1.00,1.44
2017.08.28 08:24:38.763,1.62231,1.62258,1.50,2.63
2017.08.28 08:24:38.814,1.62231,1.62256,1.00,1.50
2017.08.28 08:24:39.412,1.62231,1.62253,1.00,1.12
2017.08.28 08:24:39.817,1.62231,1.62255,1.00,1.12
2017.08.28 08:24:40.222,1.62232,1.62253,1.00,1.00
2017.08.28 08:24:40.730,1.62232,1.62252,1.00,1.00
2017.08.28 08:24:41.621,1.62227,1.62252,1.00,1.38
2017.08.28 08:24:42.128,1.62227,1.62251,1.00,1.44
2017.08.28 08:24:42.780,1.62226,1.6225,1.00,1.13
2017.08.28 08:24:44.221,1.62226,1.62249,1.00,1.00
2017.08.28 08:24:44.760,1.62226,1.62248,1.00,1.00
2017.08.28 08:24:44.920,1.62226,1.6225,1.00,1.50
2017.08.28 08:24:51.531,1.62227,1.6225,1.00,1.31
2017.08.28 08:24:52.039,1.62227,1.6225,1.00,1.31
2017.08.28 08:24:57.674,1.62226,1.6225,1.25,1.00
2017.08.28 08:24:57.877,1.62226,1.62252,1.31,1.31
2017.08.28 08:24:58.414,1.62226,1.62253,2.44,2.25
2017.08.28 08:24:58.899,1.62226,1.62251,1.00,1.00
2017.08.28 08:25:01.746,1.62226,1.62253,1.25,1.44
2017.08.28 08:25:02.134,1.62228,1.62253,1.00,1.00
2017.08.28 08:25:02.289,1.62226,1.62253,1.50,1.44
2017.08.28 08:25:02.340,1.62228,1.62253,1.00,1.44
2017.08.28 08:25:02.858,1.62227,1.62254,1.50,1.88
2017.08.28 08:25:04.164,1.62227,1.62254,1.00,2.63
2017.08.28 08:25:04.673,1.62226,1.62253,1.88,2.06
2017.08.28 08:25:05.234,1.62224,1.62252,1.88,2.06
2017.08.28 08:25:05.538,1.62222,1.62249,1.44,1.31
2017.08.28 08:25:06.060,1.62222,1.6225,1.50,1.31
2017.08.28 08:25:06.598,1.62222,1.62248,1.00,1.00
2017.08.28 08:25:11.457,1.62223,1.62248,1.00,1.25
2017.08.28 08:25:12.009,1.62222,1.62249,1.50,1.88
2017.08.28 08:25:12.363,1.62221,1.62248,1.50,2.63
2017.08.28 08:25:12.883,1.62221,1.62245,1.50,1.00
2017.08.28 08:25:14.669,1.62222,1.62247,1.00,1.00
2017.08.28 08:25:14.770,1.62221,1.62245,1.25,1.00
2017.08.28 08:25:14.973,1.62222,1.62247,1.00,1.00
2017.08.28 08:25:15.227,1.62222,1.62247,1.00,1.50
2017.08.28 08:25:15.430,1.62222,1.62247,1.00,1.25
2017.08.28 08:25:15.531,1.6222,1.62246,1.25,1.25
2017.08.28 08:25:16.132,1.62221,1.62247,1.00,1.25
2017.08.28 08:25:16.654,1.62221,1.62246,1.00,1.00
2017.08.28 08:25:17.174,1.62219,1.62244,1.00,1.00
2017.08.28 08:25:17.656,1.6222,1.62246,1.00,1.00
2017.08.28 08:25:18.172,1.62222,1.62244,1.00,1.00
2017.08.28 08:25:18.598,1.6222,1.62243,1.00,1.25
2017.08.28 08:25:18.750,1.62218,1.62243,1.13,1.00
2017.08.28 08:25:19.185,1.6222,1.62244,1.00,1.00
2017.08.28 08:25:19.753,1.6222,1.62243,1.00,1.00
2017.08.28 08:25:20.262,1.62217,1.62242,1.50,1.13
2017.08.28 08:25:20.769,1.62218,1.62243,1.00,1.69
2017.08.28 08:25:21.347,1.62217,1.62242,1.50,1.00
2017.08.28 08:25:22.114,1.62219,1.62244,1.00,1.87
2017.08.28 08:25:22.785,1.62219,1.62243,1.25,1.00
2017.08.28 08:25:23.313,1.6222,1.62243,1.00,1.00
2017.08.28 08:25:23.743,1.62218,1.62243,1.31,1.25
2017.08.28 08:25:24.108,1.62218,1.62243,1.50,1.00
2017.08.28 08:25:24.622,1.6222,1.62244,1.00,1.00
2017.08.28 08:25:25.291,1.6222,1.62243,1.00,1.00
2017.08.28 08:25:25.768,1.62217,1.62243,1.69,1.25
2017.08.28 08:25:26.275,1.62218,1.62243,1.00,1.69
2017.08.28 08:25:26.807,1.62217,1.62241,1.00,1.00
2017.08.28 08:25:27.686,1.62217,1.62239,1.00,1.25
2017.08.28 08:25:27.839,1.62212,1.62238,1.31,1.25
2017.08.28 08:25:27.941,1.62212,1.62233,1.31,1.00
2017.08.28 08:25:28.489,1.62213,1.62234,1.00,1.00
2017.08.28 08:25:29.164,1.62213,1.62233,1.31,1.00
2017.08.28 08:25:29.550,1.62217,1.62233,1.00,1.00
2017.08.28 08:25:29.601,1.62217,1.62238,1.00,1.00
2017.08.28 08:25:30.128,1.62218,1.62239,1.00,1.00
2017.08.28 08:25:30.634,1.62222,1.62243,1.00,1.75
2017.08.28 08:25:30.787,1.62217,1.62239,1.00,1.25
2017.08.28 08:25:31.391,1.62217,1.6224,1.00,1.75
2017.08.28 08:25:31.845,1.62221,1.6224,1.00,1.75
2017.08.28 08:25:32.757,1.62221,1.6224,1.00,1.75
2017.08.28 08:25:33.303,1.62221,1.6224,1.00,1.75
2017.08.28 08:25:33.866,1.62221,1.6224,1.00,1.00
2017.08.28 08:25:34.069,1.62221,1.62244,1.00,1.25
2017.08.28 08:25:34.170,1.62226,1.62247,1.00,1.31
2017.08.28 08:25:34.515,1.62236,1.62258,1.00,1.00
2017.08.28 08:25:35.239,1.62237,1.62258,1.00,1.00
2017.08.28 08:25:35.778,1.62237,1.62257,1.00,1.00
2017.08.28 08:25:36.103,1.62237,1.62261,1.00,1.25
2017.08.28 08:25:36.921,1.62237,1.62262,1.00,1.50
2017.08.28 08:25:41.778,1.62237,1.62258,1.00,1.00
2017.08.28 08:25:42.082,1.62239,1.62263,1.00,2.06
2017.08.28 08:25:42.133,1.62239,1.62263,1.00,1.69
2017.08.28 08:25:42.235,1.62237,1.62262,1.50,1.69
2017.08.28 08:25:42.769,1.62242,1.62262,1.00,1.25
2017.08.28 08:25:43.176,1.62242,1.62267,1.00,2.62
2017.08.28 08:25:43.708,1.62242,1.62266,1.00,1.44
2017.08.28 08:25:44.357,1.62241,1.62266,1.00,1.25
2017.08.28 08:25:46.146,1.62241,1.62266,1.00,1.44
2017.08.28 08:25:47.059,1.62242,1.62265,1.00,1.25
2017.08.28 08:25:48.138,1.62242,1.62263,1.00,1.00
2017.08.28 08:25:48.653,1.62242,1.62262,1.00,1.00
2017.08.28 08:25:49.201,1.62242,1.62263,1.00,1.00
2017.08.28 08:25:49.811,1.62241,1.62262,1.00,1.00
2017.08.28 08:25:50.228,1.62241,1.62266,1.00,1.81
2017.08.28 08:25:50.582,1.62252,1.62266,1.00,1.00
2017.08.28 08:25:50.634,1.62245,1.6227,1.62,1.00
2017.08.28 08:25:50.837,1.62246,1.62272,1.25,1.12
2017.08.28 08:25:52.638,1.62248,1.62273,1.00,1.31
2017.08.28 08:25:52.943,1.62252,1.62277,1.00,1.19
2017.08.28 08:25:53.095,1.62249,1.62277,1.00,2.06
2017.08.28 08:25:53.229,1.62249,1.62277,1.56,1.00
2017.08.28 08:25:53.594,1.62253,1.62279,1.00,1.87
2017.08.28 08:25:54.295,1.62253,1.62278,1.00,1.19
2017.08.28 08:25:55.314,1.62253,1.62279,1.00,1.69
2017.08.28 08:25:55.796,1.62256,1.62279,1.00,1.69
2017.08.28 08:25:56.303,1.62256,1.62278,1.00,1.37
2017.08.28 08:25:57.508,1.62256,1.62278,1.00,1.12
2017.08.28 08:25:58.099,1.62256,1.62278,1.00,2.06
2017.08.28 08:25:59.945,1.62253,1.62278,1.00,2.06
2017.08.28 08:26:00.258,1.62253,1.62279,1.00,1.69
2017.08.28 08:26:00.359,1.62253,1.62278,1.00,1.19
2017.08.28 08:26:00.691,1.62254,1.62279,1.00,1.25
2017.08.28 08:26:01.292,1.62255,1.62278,1.00,1.00
2017.08.28 08:26:01.698,1.62257,1.62279,1.00,1.00
2017.08.28 08:26:01.901,1.62257,1.62283,1.25,1.25
2017.08.28 08:26:02.443,1.62258,1.62283,1.25,1.00
2017.08.28 08:26:03.205,1.6226,1.62284,1.00,1.00
2017.08.28 08:26:04.034,1.62259,1.62284,1.00,1.00
2017.08.28 08:26:04.339,1.62256,1.6228,1.50,1.25
2017.08.28 08:26:05.056,1.62256,1.62279,1.50,1.00
2017.08.28 08:26:05.530,1.62254,1.62269,1.00,1.00
2017.08.28 08:26:05.582,1.62248,1.62269,1.87,1.00
2017.08.28 08:26:05.633,1.62246,1.62269,1.00,1.00
2017.08.28 08:26:05.835,1.62247,1.62272,1.00,1.31
2017.08.28 08:26:05.886,1.62247,1.62269,1.00,1.00
2017.08.28 08:26:06.044,1.62247,1.62271,1.50,1.25
2017.08.28 08:26:12.584,1.62247,1.62271,1.00,1.56
2017.08.28 08:26:13.097,1.62246,1.6227,1.00,1.62
2017.08.28 08:26:13.479,1.62246,1.62269,1.00,1.62
2017.08.28 08:26:14.045,1.62246,1.62269,1.00,1.62
2017.08.28 08:26:14.582,1.62246,1.62269,1.00,1.56
2017.08.28 08:26:15.083,1.62246,1.62269,1.00,1.62
2017.08.28 08:26:16.781,1.62246,1.62269,1.00,1.56
2017.08.28 08:26:17.454,1.62246,1.62269,1.00,1.19
2017.08.28 08:26:18.794,1.62246,1.62269,1.00,1.25
2017.08.28 08:26:21.450,1.62246,1.62269,1.00,1.19
2017.08.28 08:26:22.615,1.62246,1.62268,1.12,1.19
2017.08.28 08:26:22.808,1.62246,1.62269,1.12,1.25
2017.08.28 08:26:24.043,1.62246,1.62269,1.58,1.25
2017.08.28 08:26:25.503,1.62246,1.62269,1.58,1.25
2017.08.28 08:26:26.576,1.62246,1.62269,1.46,1.25
2017.08.28 08:26:27.176,1.62246,1.62269,1.46,1.25
2017.08.28 08:26:27.729,1.62246,1.62269,1.46,1.25
2017.08.28 08:26:28.613,1.62247,1.62269,1.46,1.25
2017.08.28 08:26:29.054,1.62246,1.62267,1.46,1.00
2017.08.28 08:26:29.557,1.62247,1.62267,1.46,1.25
2017.08.28 08:26:29.935,1.62247,1.62267,1.46,1.25
2017.08.28 08:26:30.015,1.62247,1.62268,1.46,2.06
2017.08.28 08:26:33.031,1.62244,1.62267,1.46,1.69
2017.08.28 08:26:33.082,1.62244,1.62268,1.00,1.69
2017.08.28 08:26:33.133,1.62241,1.62262,1.46,1.00
2017.08.28 08:26:33.488,1.62241,1.62261,1.00,1.00
2017.08.28 08:26:34.176,1.62241,1.62262,1.00,1.00
2017.08.28 08:26:34.743,1.62241,1.62262,1.46,1.00
2017.08.28 08:26:37.582,1.62241,1.62262,1.46,1.00
2017.08.28 08:26:38.211,1.62241,1.62262,1.46,1.00
2017.08.28 08:26:39.023,1.62237,1.62262,2.14,1.00
2017.08.28 08:26:40.276,1.62237,1.62262,2.14,1.00
2017.08.28 08:26:41.891,1.62237,1.62262,1.69,1.00
2017.08.28 08:26:42.043,1.62237,1.62259,1.00,1.25
2017.08.28 08:26:42.347,1.62237,1.62258,1.00,1.19
2017.08.28 08:26:42.889,1.62237,1.62258,1.46,1.25
2017.08.28 08:26:43.395,1.62237,1.62258,1.00,1.19
2017.08.28 08:26:43.805,1.62237,1.62258,1.00,1.69
2017.08.28 08:26:44.461,1.62236,1.62256,1.21,1.19
2017.08.28 08:26:46.255,1.62232,1.62256,1.46,1.00
2017.08.28 08:26:46.509,1.62237,1.62262,1.00,1.69
2017.08.28 08:26:46.661,1.62236,1.62258,1.00,1.19
2017.08.28 08:26:46.988,1.62232,1.62258,1.58,1.19
2017.08.28 08:26:47.404,1.62232,1.62258,1.46,1.25
2017.08.28 08:26:47.915,1.62234,1.62259,1.46,1.19
2017.08.28 08:26:47.966,1.62233,1.62257,1.46,1.19
2017.08.28 08:26:48.483,1.62233,1.62257,1.46,1.19
2017.08.28 08:26:49.633,1.62233,1.62257,1.46,1.19
2017.08.28 08:26:50.836,1.62233,1.62257,1.46,1.19
2017.08.28 08:26:51.306,1.62233,1.62257,1.46,1.19
2017.08.28 08:26:52.294,1.62233,1.62257,1.46,1.19
2017.08.28 08:26:53.127,1.62232,1.62257,1.58,1.19
2017.08.28 08:26:53.654,1.62233,1.62257,1.46,1.00
2017.08.28 08:26:53.756,1.62233,1.62257,1.46,1.00
2017.08.28 08:26:54.797,1.62233,1.62257,1.46,1.00
2017.08.28 08:26:55.273,1.62233,1.62257,1.46,1.00
2017.08.28 08:26:55.761,1.62234,1.6226,1.46,1.69
2017.08.28 08:26:56.290,1.62234,1.6226,1.46,1.69
2017.08.28 08:26:56.553,1.62237,1.62259,1.00,1.25
2017.08.28 08:26:56.655,1.62237,1.62259,1.00,1.19
2017.08.28 08:26:56.994,1.62237,1.62258,1.46,1.19
2017.08.28 08:26:58.293,1.62232,1.62258,1.58,1.19
2017.08.28 08:26:58.815,1.62236,1.62258,1.46,1.19
2017.08.28 08:26:59.330,1.62236,1.62258,1.46,1.19
2017.08.28 08:27:00.034,1.62236,1.62258,1.46,1.19
2017.08.28 08:27:00.206,1.62236,1.62258,1.46,1.19
2017.08.28 08:27:00.358,1.62237,1.6226,1.46,1.19
2017.08.28 08:27:00.712,1.62237,1.62259,1.46,1.00
2017.08.28 08:27:01.236,1.62237,1.62261,1.46,1.50
2017.08.28 08:27:01.505,1.62237,1.6226,1.00,1.19
2017.08.28 08:27:02.010,1.62237,1.62259,1.46,1.00
2017.08.28 08:27:02.636,1.62236,1.62259,1.21,1.00
2017.08.28 08:27:03.156,1.62236,1.62257,1.00,1.25
2017.08.28 08:27:03.543,1.62237,1.62257,1.46,1.00
2017.08.28 08:27:04.034,1.62237,1.62257,1.00,1.00
2017.08.28 08:27:04.136,1.62237,1.62257,1.46,1.00
2017.08.28 08:27:04.548,1.62237,1.62257,1.46,1.00
2017.08.28 08:27:05.037,1.62237,1.62257,1.46,1.00
2017.08.28 08:27:05.504,1.62237,1.62257,1.21,1.00
2017.08.28 08:27:06.034,1.62237,1.62257,1.46,1.25
2017.08.28 08:27:06.505,1.62237,1.62257,1.46,1.25
2017.08.28 08:27:07.133,1.62237,1.62257,1.21,1.25
2017.08.28 08:27:07.744,1.62236,1.62257,1.21,1.00
2017.08.28 08:27:07.795,1.62236,1.62259,1.46,1.25
2017.08.28 08:27:08.315,1.62236,1.6226,1.46,1.25
2017.08.28 08:27:08.882,1.62236,1.6226,1.46,1.19
2017.08.28 08:27:08.934,1.62236,1.6226,1.00,1.19
2017.08.28 08:27:09.934,1.62236,1.6226,1.00,1.19
2017.08.28 08:27:10.834,1.62236,1.6226,1.00,1.25
2017.08.28 08:27:15.960,1.62236,1.6226,1.00,1.19
2017.08.28 08:27:16.683,1.62236,1.62262,1.00,1.87
2017.08.28 08:27:17.883,1.62236,1.62256,1.00,1.31
2017.08.28 08:27:17.934,1.62233,1.62253,1.00,1.19
2017.08.28 08:27:18.051,1.62231,1.62252,1.46,1.31
2017.08.28 08:27:18.305,1.62218,1.62242,1.64,1.25
2017.08.28 08:27:18.762,1.62216,1.62241,1.46,1.00
2017.08.28 08:27:18.914,1.62216,1.62237,1.46,1.19
2017.08.28 08:27:18.966,1.62216,1.6224,1.96,2.06
2017.08.28 08:27:19.168,1.62216,1.62241,1.58,1.25
2017.08.28 08:27:19.400,1.62219,1.62244,1.46,2.62
2017.08.28 08:27:19.704,1.62217,1.62243,2.33,1.69
2017.08.28 08:27:19.806,1.62217,1.62243,2.33,1.87
2017.08.28 08:27:20.360,1.62217,1.62243,2.33,1.00
2017.08.28 08:27:20.803,1.62217,1.62243,2.33,1.00
2017.08.28 08:27:21.481,1.62217,1.62243,1.46,1.25
2017.08.28 08:27:21.531,1.62217,1.62243,1.00,1.25
2017.08.28 08:27:21.974,1.62217,1.62243,1.00,1.69
2017.08.28 08:27:22.463,1.62217,1.62243,1.21,1.25
2017.08.28 08:27:23.202,1.62217,1.62243,1.21,2.06
2017.08.28 08:27:23.511,1.62217,1.62243,1.83,1.19
2017.08.28 08:27:24.052,1.62217,1.62243,1.83,1.25
2017.08.28 08:27:24.351,1.62218,1.62243,1.11,1.69
2017.08.28 08:27:24.848,1.62217,1.62243,1.83,1.25
2017.08.28 08:27:25.182,1.62221,1.62243,1.00,1.87
2017.08.28 08:27:25.233,1.62221,1.62243,1.00,1.87
2017.08.28 08:27:25.297,1.62221,1.62243,1.46,1.87
2017.08.28 08:27:25.712,1.62221,1.62243,1.00,1.25
2017.08.28 08:27:25.914,1.62221,1.62243,1.21,1.87
2017.08.28 08:27:25.965,1.62221,1.62243,1.21,1.25
2017.08.28 08:27:26.521,1.62221,1.62243,1.21,1.69
2017.08.28 08:27:26.572,1.62221,1.62243,1.46,1.00
2017.08.28 08:27:27.105,1.62221,1.62243,1.00,1.69
2017.08.28 08:27:27.766,1.62221,1.62243,1.46,1.25
2017.08.28 08:27:28.232,1.62221,1.62243,1.46,1.25
2017.08.28 08:27:28.845,1.62221,1.62243,1.46,1.25
2017.08.28 08:27:29.376,1.62221,1.62243,1.00,1.25
2017.08.28 08:27:30.474,1.62221,1.62243,1.46,1.25
2017.08.28 08:27:31.197,1.62226,1.62244,1.00,1.00
2017.08.28 08:27:31.300,1.62226,1.6225,1.71,1.87
2017.08.28 08:27:31.351,1.62226,1.62251,1.46,1.88
2017.08.28 08:27:31.655,1.62226,1.62251,1.46,1.88
2017.08.28 08:27:32.057,1.62226,1.62252,1.46,4.13
2017.08.28 08:27:32.159,1.62221,1.62248,1.46,1.38
2017.08.28 08:27:32.312,1.62221,1.62248,1.96,1.88
2017.08.28 08:27:32.804,1.62216,1.62247,2.52,1.56
2017.08.28 08:27:33.313,1.62221,1.62248,1.46,2.06
2017.08.28 08:27:33.849,1.62221,1.62247,1.00,1.56
2017.08.28 08:27:34.354,1.62221,1.62246,1.46,1.63
2017.08.28 08:27:34.455,1.62221,1.62246,1.46,1.56
2017.08.28 08:27:34.870,1.62216,1.62246,2.52,1.56
2017.08.28 08:27:35.304,1.62216,1.62246,2.52,1.56
2017.08.28 08:27:35.822,1.62216,1.62246,2.33,1.63
2017.08.28 08:27:36.386,1.62222,1.62246,1.46,1.38
2017.08.28 08:27:36.957,1.62222,1.62246,1.21,1.63
2017.08.28 08:27:37.484,1.62222,1.62246,1.46,1.63
2017.08.28 08:27:38.224,1.62222,1.62246,1.46,1.56
2017.08.28 08:27:38.829,1.62222,1.62246,1.21,1.56
2017.08.28 08:27:39.332,1.62222,1.62246,1.21,1.38
2017.08.28 08:27:41.366,1.62222,1.62246,1.46,1.38
2017.08.28 08:27:42.886,1.62222,1.62246,1.46,1.63
2017.08.28 08:27:43.608,1.62222,1.62246,1.46,1.56
2017.08.28 08:27:43.710,1.62222,1.62245,1.00,1.63
2017.08.28 08:27:44.249,1.62222,1.62246,1.21,1.81
2017.08.28 08:27:44.924,1.62222,1.62246,1.46,1.81
2017.08.28 08:27:46.554,1.62222,1.62246,1.46,1.75
2017.08.28 08:27:47.058,1.62222,1.62242,1.46,1.25
2017.08.28 08:27:47.109,1.62222,1.62241,1.46,1.00
2017.08.28 08:27:47.617,1.62222,1.62241,1.21,1.00
2017.08.28 08:27:47.933,1.62222,1.62245,1.00,1.81
2017.08.28 08:27:48.513,1.62222,1.62247,1.00,1.84
2017.08.28 08:27:48.862,1.62222,1.62247,1.46,2.59
2017.08.28 08:27:49.400,1.62216,1.62245,1.71,2.25
2017.08.28 08:27:49.606,1.62216,1.62245,1.71,1.75
2017.08.28 08:27:50.126,1.62221,1.62245,1.00,1.56
2017.08.28 08:27:50.178,1.62221,1.62245,1.46,1.75
2017.08.28 08:27:50.381,1.62226,1.6225,1.00,1.25
2017.08.28 08:27:50.433,1.62231,1.62252,1.00,1.12
2017.08.28 08:27:50.738,1.62231,1.62255,1.46,2.06
2017.08.28 08:27:50.940,1.62231,1.62254,1.00,1.44
2017.08.28 08:27:51.385,1.62227,1.62255,1.96,2.06
2017.08.28 08:27:51.974,1.62227,1.62255,2.14,2.06
2017.08.28 08:27:52.095,1.62227,1.62255,2.14,2.06
2017.08.28 08:27:54.138,1.62227,1.62255,2.89,2.06
2017.08.28 08:27:54.962,1.62227,1.62252,1.46,2.25
2017.08.28 08:27:55.013,1.62227,1.6225,1.00,1.75
2017.08.28 08:27:55.064,1.62222,1.62247,1.21,1.00
2017.08.28 08:27:55.116,1.62227,1.6225,1.00,1.00
2017.08.28 08:27:55.167,1.62227,1.62252,1.46,1.12
2017.08.28 08:27:55.618,1.62227,1.62253,1.50,1.38
2017.08.28 08:27:55.670,1.62225,1.62252,1.02,1.00
2017.08.28 08:27:55.721,1.62226,1.62252,1.44,1.50
2017.08.28 08:27:55.824,1.62226,1.62252,1.25,1.00
2017.08.28 08:27:55.928,1.62227,1.62253,1.96,1.69
2017.08.28 08:27:56.029,1.62224,1.62251,1.46,1.81
2017.08.28 08:27:56.080,1.62222,1.62248,1.46,1.44
2017.08.28 08:27:56.384,1.62226,1.62252,1.46,2.44
2017.08.28 08:27:56.486,1.62226,1.62252,1.46,2.06
2017.08.28 08:27:56.741,1.62226,1.62252,2.14,2.25
2017.08.28 08:27:57.457,1.62226,1.62251,1.46,1.13
2017.08.28 08:27:57.984,1.62227,1.62251,1.46,1.13
2017.08.28 08:27:58.807,1.62227,1.62251,1.71,1.25
2017.08.28 08:27:59.267,1.62227,1.62251,1.00,1.13
2017.08.28 08:27:59.318,1.62225,1.62251,1.46,1.69
2017.08.28 08:27:59.824,1.62225,1.62249,1.21,1.13
2017.08.28 08:28:00.381,1.62222,1.62246,1.71,1.00
2017.08.28 08:28:00.584,1.62214,1.6224,1.50,1.19
2017.08.28 08:28:00.918,1.62214,1.62237,1.96,1.00
2017.08.28 08:28:01.465,1.62216,1.62237,1.21,1.00
2017.08.28 08:28:01.656,1.62216,1.6224,1.21,1.25
2017.08.28 08:28:01.912,1.62216,1.62242,1.46,1.50
2017.08.28 08:28:02.202,1.62217,1.62242,1.21,1.00
2017.08.28 08:28:02.505,1.62217,1.62242,1.31,1.44
2017.08.28 08:28:02.556,1.62217,1.62242,1.25,1.12
2017.08.28 08:28:02.910,1.62217,1.62239,1.00,1.00
2017.08.28 08:28:03.438,1.62217,1.62239,1.46,1.00
2017.08.28 08:28:03.697,1.62216,1.62239,1.25,1.00
2017.08.28 08:28:04.246,1.62216,1.6224,1.69,1.00
2017.08.28 08:28:04.297,1.62216,1.62239,1.00,1.38
2017.08.28 08:28:04.640,1.62211,1.62236,2.71,1.00
2017.08.28 08:28:04.693,1.62211,1.62236,2.25,1.00
2017.08.28 08:28:05.104,1.62212,1.62239,1.00,1.38
2017.08.28 08:28:05.296,1.62212,1.62239,1.25,1.38
2017.08.28 08:28:05.762,1.62212,1.62239,1.00,1.19
2017.08.28 08:28:06.017,1.62216,1.62239,1.00,1.38
2017.08.28 08:28:06.599,1.62216,1.62239,1.00,1.38
2017.08.28 08:28:07.124,1.62212,1.62233,1.50,1.19
2017.08.28 08:28:07.277,1.62206,1.62229,1.00,1.44
2017.08.28 08:28:07.826,1.62206,1.6223,1.37,1.25
2017.08.28 08:28:08.367,1.62206,1.62229,1.00,1.13
2017.08.28 08:28:08.474,1.62207,1.62232,1.46,1.69
2017.08.28 08:28:08.981,1.62211,1.62233,1.00,1.38
2017.08.28 08:28:09.165,1.62211,1.62233,1.00,1.25
2017.08.28 08:28:09.368,1.62213,1.62235,1.00,1.38
2017.08.28 08:28:12.216,1.62209,1.62233,1.00,1.88
2017.08.28 08:28:12.522,1.6221,1.62235,1.00,1.88
2017.08.28 08:28:12.804,1.62216,1.62234,1.00,2.81
2017.08.28 08:28:12.905,1.62218,1.62243,1.31,1.00
2017.08.28 08:28:13.160,1.62217,1.62243,1.25,1.31
2017.08.28 08:28:13.414,1.62217,1.62241,1.50,1.00
2017.08.28 08:28:13.987,1.62217,1.62241,2.25,1.38
2017.08.28 08:28:14.270,1.62217,1.62241,2.52,1.13
2017.08.28 08:28:14.321,1.62222,1.6224,1.00,1.00
2017.08.28 08:28:14.532,1.62222,1.62245,1.69,2.06
2017.08.28 08:28:15.104,1.62223,1.62244,1.25,2.06
2017.08.28 08:28:15.476,1.62217,1.62242,2.25,1.00
2017.08.28 08:28:15.977,1.62219,1.62243,1.00,1.00
2017.08.28 08:28:16.823,1.62219,1.62243,1.46,1.00
2017.08.28 08:28:18.000,1.62219,1.62243,1.77,1.25
2017.08.28 08:28:18.531,1.62217,1.62242,2.71,1.00
2017.08.28 08:28:19.072,1.62218,1.62242,1.11,1.00
2017.08.28 08:28:19.579,1.62217,1.62242,1.37,1.00
2017.08.28 08:28:20.115,1.62217,1.62242,2.06,1.00
2017.08.28 08:28:21.201,1.62217,1.62242,1.87,1.00
2017.08.28 08:28:21.733,1.62217,1.62242,1.87,1.00
2017.08.28 08:28:22.251,1.62219,1.62243,1.25,1.00
2017.08.28 08:28:25.401,1.62216,1.62239,1.87,1.44
2017.08.28 08:28:25.452,1.62211,1.62238,3.26,1.00
2017.08.28 08:28:25.504,1.62211,1.62235,2.25,1.00
2017.08.28 08:28:25.758,1.62216,1.62242,1.25,3.52
2017.08.28 08:28:25.809,1.62216,1.62242,1.31,2.96
2017.08.28 08:28:26.430,1.62217,1.62242,1.44,2.06
2017.08.28 08:28:26.936,1.62219,1.62243,1.00,1.88
2017.08.28 08:28:27.470,1.62219,1.62242,1.00,1.25
2017.08.28 08:28:28.034,1.62221,1.62243,1.00,1.25
2017.08.28 08:28:28.434,1.62219,1.62243,1.00,1.00
2017.08.28 08:28:29.182,1.62219,1.62242,1.25,1.00
2017.08.28 08:28:32.770,1.62219,1.62243,1.00,1.50
2017.08.28 08:28:33.227,1.62222,1.62246,1.25,1.50
2017.08.28 08:28:33.542,1.62225,1.62246,1.00,1.00
2017.08.28 08:28:34.093,1.62225,1.62245,1.00,1.00
2017.08.28 08:28:34.734,1.62225,1.62246,1.00,1.00
2017.08.28 08:28:34.845,1.62225,1.62249,1.00,1.46
2017.08.28 08:28:35.859,1.62225,1.62249,1.00,2.21
2017.08.28 08:28:36.734,1.62225,1.62249,1.00,2.06
2017.08.28 08:28:38.494,1.62225,1.62249,1.00,1.13
2017.08.28 08:28:41.382,1.62225,1.62249,1.00,2.81
2017.08.28 08:28:41.678,1.62225,1.6225,1.56,1.00
2017.08.28 08:28:41.730,1.62227,1.62252,1.00,1.87
2017.08.28 08:28:41.782,1.62231,1.62252,1.00,1.00
2017.08.28 08:28:41.934,1.62231,1.62257,1.00,1.56
2017.08.28 08:28:42.562,1.62231,1.62258,1.00,3.56
2017.08.28 08:28:43.064,1.62231,1.62257,1.00,1.38
2017.08.28 08:28:43.729,1.62231,1.62258,1.00,2.63
2017.08.28 08:28:45.530,1.62231,1.62258,1.25,3.38
2017.08.28 08:28:45.769,1.62231,1.62258,1.00,2.81
2017.08.28 08:28:46.301,1.62228,1.62258,1.37,2.25
2017.08.28 08:28:46.868,1.62228,1.62258,1.44,2.25
2017.08.28 08:28:47.184,1.62225,1.62252,1.00,1.38
2017.08.28 08:28:47.235,1.62223,1.62251,1.25,1.38
2017.08.28 08:28:47.758,1.62222,1.62249,2.25,2.06
2017.08.28 08:28:48.732,1.62222,1.62249,1.87,1.13
2017.08.28 08:28:48.833,1.62222,1.62249,1.87,2.06
2017.08.28 08:28:49.470,1.62222,1.62248,1.00,1.88
2017.08.28 08:28:49.802,1.62217,1.62243,1.12,1.13
2017.08.28 08:28:50.325,1.62221,1.62243,1.00,1.25
2017.08.28 08:28:50.680,1.62217,1.62243,1.00,1.38
2017.08.28 08:28:50.833,1.62221,1.62243,1.00,1.25
2017.08.28 08:28:51.149,1.62221,1.62242,1.00,1.19
2017.08.28 08:28:51.673,1.62222,1.62243,1.00,1.19
2017.08.28 08:28:52.337,1.62221,1.62243,1.00,1.19
2017.08.28 08:28:54.738,1.62221,1.62242,1.00,1.19
2017.08.28 08:28:55.257,1.62221,1.62242,1.00,1.38
2017.08.28 08:28:55.805,1.62221,1.62243,1.00,1.88
2017.08.28 08:28:55.856,1.62216,1.62242,1.31,1.44
2017.08.28 08:28:56.819,1.62216,1.62243,1.00,1.88
2017.08.28 08:28:57.483,1.62216,1.62242,1.12,1.38
2017.08.28 08:28:58.016,1.62216,1.62242,1.12,1.38
2017.08.28 08:28:58.657,1.62216,1.62243,1.00,1.38
2017.08.28 08:28:59.368,1.62216,1.62242,1.12,1.38
2017.08.28 08:29:00.000,1.62215,1.62241,1.00,1.19
2017.08.28 08:29:00.607,1.62215,1.62241,1.00,1.63
2017.08.28 08:29:00.709,1.62213,1.62239,1.00,1.00
2017.08.28 08:29:00.810,1.62213,1.62239,1.00,2.63
2017.08.28 08:29:00.862,1.62209,1.62237,1.69,1.19
2017.08.28 08:29:01.217,1.62208,1.62237,3.00,1.19
2017.08.28 08:29:01.407,1.62208,1.62235,1.38,1.19
2017.08.28 08:29:01.992,1.62208,1.62235,1.69,1.44
2017.08.28 08:29:02.499,1.62207,1.62235,3.00,1.25
2017.08.28 08:29:03.015,1.62208,1.62235,1.38,1.19
2017.08.28 08:29:03.218,1.62207,1.62235,3.56,1.13
2017.08.28 08:29:03.375,1.62208,1.62235,1.38,1.19
2017.08.28 08:29:04.570,1.62209,1.62236,1.25,1.19
2017.08.28 08:29:05.234,1.62208,1.62235,1.88,1.44
2017.08.28 08:29:05.762,1.62208,1.62235,1.88,1.25
2017.08.28 08:29:06.476,1.62208,1.62235,1.44,1.00
2017.08.28 08:29:07.009,1.6221,1.62235,1.25,1.25
2017.08.28 08:29:07.611,1.62209,1.62236,1.69,1.25
2017.08.28 08:29:07.933,1.6221,1.62236,1.38,1.19
2017.08.28 08:29:09.215,1.62211,1.62236,1.00,1.18
2017.08.28 08:29:09.866,1.6221,1.62236,1.25,1.18
2017.08.28 08:29:10.703,1.62209,1.62236,2.81,1.24
2017.08.28 08:29:11.939,1.6221,1.62236,1.25,1.18
2017.08.28 08:29:12.646,1.62209,1.62236,2.81,1.24
2017.08.28 08:29:13.171,1.6221,1.62236,1.25,1.18
2017.08.28 08:29:13.324,1.62211,1.62237,1.25,1.00
2017.08.28 08:29:13.425,1.62215,1.62237,1.00,1.68
2017.08.28 08:29:13.943,1.62214,1.62238,1.00,1.00
2017.08.28 08:29:14.490,1.62215,1.62237,1.00,1.24
2017.08.28 08:29:16.050,1.62213,1.62232,1.12,1.00
2017.08.28 08:29:16.152,1.62209,1.62233,1.50,1.68
2017.08.28 08:29:16.783,1.62209,1.62232,1.00,1.18
2017.08.28 08:29:17.194,1.62208,1.62233,1.00,1.50
2017.08.28 08:29:17.988,1.62209,1.62232,1.25,1.00
2017.08.28 08:29:18.414,1.62211,1.62232,1.00,1.00
2017.08.28 08:29:18.740,1.62207,1.62231,2.06,1.00
2017.08.28 08:29:19.281,1.62208,1.62232,1.00,1.00
2017.08.28 08:29:20.012,1.62206,1.62231,3.94,1.24
2017.08.28 08:29:20.063,1.62206,1.62231,3.94,1.24
2017.08.28 08:29:20.398,1.62208,1.62233,1.75,1.00
2017.08.28 08:29:20.589,1.62212,1.62236,1.25,1.24
2017.08.28 08:29:21.160,1.6221,1.62236,2.25,1.00
2017.08.28 08:29:21.211,1.6221,1.62232,2.25,1.00
2017.08.28 08:29:21.364,1.62209,1.62232,2.81,1.00
2017.08.28 08:29:21.541,1.62208,1.62233,1.25,1.50
2017.08.28 08:29:21.592,1.62211,1.62232,1.87,1.00
2017.08.28 08:29:21.878,1.62211,1.62233,1.50,1.00
2017.08.28 08:29:21.980,1.62211,1.62232,2.44,1.00
2017.08.28 08:29:22.031,1.62211,1.62237,1.56,1.24
2017.08.28 08:29:22.316,1.62212,1.62233,1.25,1.00
2017.08.28 08:29:22.859,1.62212,1.62234,1.00,1.00
2017.08.28 08:29:23.391,1.62211,1.62233,1.00,1.24
2017.08.28 08:29:23.565,1.62207,1.62232,1.44,1.25
2017.08.28 08:29:24.275,1.62208,1.62232,1.75,1.00
2017.08.28 08:29:24.587,1.62212,1.62233,1.37,1.00
2017.08.28 08:29:24.885,1.62211,1.62233,1.21,1.00
2017.08.28 08:29:24.987,1.62208,1.62233,1.50,1.00
2017.08.28 08:29:25.221,1.62207,1.6223,1.69,1.00
2017.08.28 08:29:25.535,1.62208,1.62232,1.77,1.00
2017.08.28 08:29:25.870,1.62208,1.62232,1.77,1.00
2017.08.28 08:29:26.312,1.62208,1.62232,2.33,1.00
2017.08.28 08:29:26.866,1.62208,1.62232,3.08,1.00
2017.08.28 08:29:27.478,1.62212,1.62232,1.00,1.00
2017.08.28 08:29:31.140,1.62211,1.62232,1.21,1.25
2017.08.28 08:29:31.981,1.62211,1.62232,1.46,1.00
2017.08.28 08:29:32.134,1.62207,1.62229,2.81,1.00
2017.08.28 08:29:32.185,1.62205,1.62229,1.96,1.25
2017.08.28 08:29:32.389,1.62202,1.62229,3.27,1.87
2017.08.28 08:29:32.650,1.62202,1.62229,2.81,1.25
2017.08.28 08:29:33.392,1.62202,1.62228,3.94,1.12
2017.08.28 08:29:34.286,1.62202,1.62229,2.81,1.25
2017.08.28 08:29:34.559,1.62206,1.62228,1.44,1.25
2017.08.28 08:29:35.063,1.62206,1.62231,1.44,1.50
2017.08.28 08:29:37.555,1.62205,1.62231,1.46,1.43
2017.08.28 08:29:38.089,1.62205,1.62231,1.00,1.43
2017.08.28 08:29:38.724,1.62206,1.62231,1.00,1.37
2017.08.28 08:29:39.351,1.62206,1.62231,1.00,1.43
2017.08.28 08:29:39.891,1.62206,1.62231,1.00,1.37
2017.08.28 08:29:40.207,1.62208,1.62232,1.77,1.00
2017.08.28 08:29:40.308,1.62207,1.62232,2.81,1.00
2017.08.28 08:29:40.830,1.62207,1.62231,1.50,1.00
2017.08.28 08:29:41.671,1.62207,1.62231,1.96,1.00
2017.08.28 08:29:42.759,1.62208,1.62231,1.46,1.00
2017.08.28 08:29:42.810,1.62211,1.62231,1.00,1.00
2017.08.28 08:29:43.141,1.62211,1.62233,1.00,1.87
2017.08.28 08:29:44.460,1.62212,1.62233,1.00,1.50
2017.08.28 08:29:44.741,1.62212,1.62231,1.00,1.00
2017.08.28 08:29:45.168,1.62211,1.62233,1.00,1.00
2017.08.28 08:29:46.654,1.62211,1.62234,1.00,2.62
2017.08.28 08:29:46.946,1.62211,1.62234,1.46,2.62
2017.08.28 08:29:47.292,1.62211,1.62233,1.21,1.12
2017.08.28 08:29:47.836,1.62211,1.62233,1.71,1.00
2017.08.28 08:29:48.292,1.62211,1.62233,1.71,1.00
2017.08.28 08:29:48.800,1.62211,1.62234,1.46,1.00
2017.08.28 08:29:49.079,1.62211,1.62233,2.14,1.00
2017.08.28 08:29:49.596,1.62212,1.62236,2.14,1.24
2017.08.28 08:29:50.065,1.62213,1.62238,1.96,1.00
2017.08.28 08:29:50.484,1.62216,1.62239,1.46,1.25
2017.08.28 08:29:50.899,1.62217,1.6224,2.71,1.00
2017.08.28 08:29:51.170,1.62216,1.62241,1.96,1.25
2017.08.28 08:29:51.221,1.62217,1.6224,1.46,1.19
2017.08.28 08:29:51.732,1.62218,1.62242,1.71,1.19
2017.08.28 08:29:52.375,1.62218,1.62242,1.71,1.19
2017.08.28 08:29:52.742,1.62217,1.62242,2.14,1.19
2017.08.28 08:29:52.793,1.62217,1.62242,2.14,1.19
2017.08.28 08:29:53.308,1.62218,1.62242,1.71,1.19
2017.08.28 08:29:53.410,1.62218,1.62242,1.71,1.00
2017.08.28 08:29:53.535,1.62219,1.62244,2.14,1.19
2017.08.28 08:29:53.586,1.62222,1.62245,1.46,1.25
2017.08.28 08:29:53.941,1.62222,1.62244,1.21,1.00
2017.08.28 08:29:54.195,1.62222,1.62245,1.46,1.19
2017.08.28 08:29:54.600,1.62222,1.6224,1.00,1.00
2017.08.28 08:29:54.980,1.62216,1.62239,1.71,1.19
2017.08.28 08:29:55.133,1.62216,1.62241,3.08,1.00
2017.08.28 08:29:55.677,1.62218,1.6224,1.58,1.00
2017.08.28 08:29:55.939,1.62228,1.62242,1.25,1.00
2017.08.28 08:29:55.990,1.62227,1.62245,2.14,1.00
2017.08.28 08:29:56.098,1.62227,1.62247,1.69,1.00
2017.08.28 08:29:56.149,1.62236,1.62256,1.00,2.06
2017.08.28 08:29:56.201,1.62236,1.62259,1.00,1.50
2017.08.28 08:29:56.506,1.62236,1.6226,1.46,1.87
2017.08.28 08:29:56.658,1.6224,1.62261,1.21,1.25
2017.08.28 08:29:56.862,1.62236,1.62256,1.71,1.19
2017.08.28 08:29:57.135,1.62236,1.62255,1.46,1.38
2017.08.28 08:29:57.186,1.62231,1.62251,1.12,1.38
2017.08.28 08:29:57.339,1.62223,1.62248,1.77,1.38
2017.08.28 08:29:57.806,1.62223,1.62245,1.64,1.00
2017.08.28 08:29:58.263,1.62222,1.62243,1.64,1.00
2017.08.28 08:29:58.314,1.62222,1.62243,1.46,1.00
2017.08.28 08:29:59.339,1.62222,1.62243,1.21,1.00
2017.08.28 08:29:59.665,1.62223,1.6224,1.00,1.00
2017.08.28 08:30:00.212,1.62222,1.62244,1.71,1.00
2017.08.28 08:30:00.263,1.62227,1.62246,1.46,1.00
2017.08.28 08:30:00.365,1.62227,1.62248,1.46,1.00
2017.08.28 08:30:00.669,1.62222,1.62247,2.14,1.00
2017.08.28 08:30:00.822,1.62222,1.62245,1.83,1.00
2017.08.28 08:30:01.076,1.62224,1.62247,1.21,1.00
2017.08.28 08:30:01.127,1.62226,1.62249,2.08,1.00
2017.08.28 08:30:01.178,1.62227,1.62251,1.90,1.00
2017.08.28 08:30:01.230,1.62229,1.62254,1.90,1.12
2017.08.28 08:30:01.555,1.62229,1.62256,1.50,1.87
2017.08.28 08:30:01.660,1.62232,1.62256,1.00,1.87
2017.08.28 08:30:02.174,1.62232,1.62255,1.00,1.37
2017.08.28 08:30:02.764,1.62232,1.62256,1.00,1.31
2017.08.28 08:30:03.275,1.62233,1.62259,1.00,3.00
2017.08.28 08:30:03.578,1.62233,1.62259,1.00,2.81
2017.08.28 08:30:04.083,1.62231,1.62258,1.00,1.56
2017.08.28 08:30:04.134,1.62231,1.62254,1.00,1.31
2017.08.28 08:30:04.660,1.6223,1.62253,1.00,1.56
2017.08.28 08:30:04.863,1.62226,1.6225,1.96,1.44
2017.08.28 08:30:05.214,1.62226,1.62254,1.96,1.50
2017.08.28 08:30:05.634,1.62228,1.62253,1.00,1.37
2017.08.28 08:30:05.685,1.62228,1.62253,1.00,1.69
2017.08.28 08:30:06.087,1.62228,1.62253,1.46,1.19
2017.08.28 08:30:06.531,1.62229,1.62253,1.46,1.25
2017.08.28 08:30:06.582,1.62229,1.62253,1.46,1.19
2017.08.28 08:30:06.684,1.62229,1.62253,1.46,1.13
2017.08.28 08:30:06.734,1.62229,1.62252,1.46,1.56
2017.08.28 08:30:06.988,1.62228,1.62252,1.46,1.37
2017.08.28 08:30:07.630,1.62228,1.62253,1.46,2.06
2017.08.28 08:30:07.970,1.62228,1.62253,1.46,1.88
2017.08.28 08:30:08.494,1.62228,1.62253,1.46,1.88
2017.08.28 08:30:09.003,1.62228,1.62253,1.46,2.06
2017.08.28 08:30:09.475,1.62227,1.62253,2.14,1.69
2017.08.28 08:30:09.894,1.62227,1.62254,1.96,2.06
2017.08.28 08:30:10.335,1.62229,1.62255,1.83,2.06
2017.08.28 08:30:10.386,1.62229,1.62255,1.58,1.12
2017.08.28 08:30:10.884,1.62232,1.62256,1.46,1.56
2017.08.28 08:30:11.526,1.62231,1.62256,1.46,1.37
2017.08.28 08:30:11.793,1.62237,1.62261,1.83,1.31
2017.08.28 08:30:11.895,1.62242,1.62265,1.77,1.00
2017.08.28 08:30:11.997,1.62248,1.62273,1.00,1.56
2017.08.28 08:30:12.501,1.62244,1.6227,1.46,1.56
2017.08.28 08:30:13.018,1.62244,1.6227,1.46,1.56
2017.08.28 08:30:13.520,1.62246,1.6227,1.46,2.06
2017.08.28 08:30:13.621,1.62246,1.6227,1.46,1.63
2017.08.28 08:30:14.142,1.62246,1.6227,1.46,1.37
2017.08.28 08:30:14.193,1.62246,1.6227,1.21,1.37
2017.08.28 08:30:14.409,1.62242,1.62269,1.96,1.56
2017.08.28 08:30:14.662,1.62242,1.62268,1.21,1.56
2017.08.28 08:30:14.713,1.62242,1.62266,1.00,1.56
2017.08.28 08:30:15.018,1.62226,1.6225,1.46,1.00
2017.08.28 08:30:15.170,1.62226,1.62249,1.58,1.00
2017.08.28 08:30:15.221,1.62226,1.62251,1.77,1.00
2017.08.28 08:30:15.761,1.62226,1.62252,1.96,1.25
2017.08.28 08:30:15.964,1.62226,1.6225,1.58,1.00
2017.08.28 08:30:16.066,1.62226,1.62253,1.58,1.00
2017.08.28 08:30:16.287,1.62226,1.62249,3.46,1.00
2017.08.28 08:30:16.671,1.62231,1.62249,1.46,1.00
2017.08.28 08:30:16.722,1.62231,1.62255,1.46,1.00
2017.08.28 08:30:17.127,1.62231,1.62256,1.96,1.00
2017.08.28 08:30:17.802,1.62231,1.62256,1.96,1.00
2017.08.28 08:30:18.492,1.62231,1.62256,1.96,1.00
2017.08.28 08:30:19.085,1.62231,1.62256,1.46,1.19
2017.08.28 08:30:19.136,1.62231,1.62256,1.21,1.38
2017.08.28 08:30:19.660,1.62231,1.62256,1.46,1.19
2017.08.28 08:30:20.462,1.62231,1.62256,1.46,1.19
2017.08.28 08:30:21.134,1.62231,1.62256,1.46,1.19
2017.08.28 08:30:21.794,1.62231,1.62256,1.46,1.19
2017.08.28 08:30:22.337,1.62231,1.62256,1.46,1.19
2017.08.28 08:30:22.836,1.62231,1.62256,1.46,1.19
2017.08.28 08:30:23.444,1.62231,1.62256,1.46,1.19
2017.08.28 08:30:24.046,1.62231,1.62256,1.46,1.19
2017.08.28 08:30:24.530,1.62231,1.62256,1.46,1.19
2017.08.28 08:30:24.956,1.62232,1.62257,1.71,1.25
2017.08.28 08:30:25.008,1.62232,1.62257,2.14,1.25
2017.08.28 08:30:25.515,1.62232,1.62257,1.46,1.25
2017.08.28 08:30:25.934,1.62232,1.62257,1.46,1.38
2017.08.28 08:30:26.037,1.62232,1.62257,1.21,1.63
2017.08.28 08:30:26.544,1.62232,1.62257,1.21,1.38
2017.08.28 08:30:26.797,1.62232,1.62257,1.46,1.38
2017.08.28 08:30:27.153,1.6223,1.62254,1.46,1.69
2017.08.28 08:30:27.660,1.62231,1.62256,1.46,1.19
2017.08.28 08:30:27.902,1.62231,1.62256,1.46,1.63
2017.08.28 08:30:28.189,1.62232,1.62256,1.46,1.44
2017.08.28 08:30:28.342,1.62231,1.62256,1.87,1.38
2017.08.28 08:30:28.848,1.62231,1.62256,1.50,1.13
2017.08.28 08:30:29.039,1.62231,1.62254,1.00,1.25
2017.08.28 08:30:30.212,1.62231,1.62257,1.00,1.44
2017.08.28 08:30:30.602,1.62231,1.62257,1.00,1.13
2017.08.28 08:30:30.805,1.62233,1.62258,1.00,1.38
2017.08.28 08:30:31.512,1.62233,1.62258,1.46,1.38
2017.08.28 08:30:31.706,1.62231,1.62256,1.96,1.38
2017.08.28 08:30:32.296,1.62232,1.62256,1.00,1.44
2017.08.28 08:30:32.908,1.62232,1.62256,1.00,1.44
2017.08.28 08:30:33.422,1.62232,1.62256,1.00,1.19
2017.08.28 08:30:33.975,1.62232,1.62256,1.00,1.38
2017.08.28 08:30:35.313,1.62232,1.62255,1.00,1.19
2017.08.28 08:30:35.938,1.62232,1.62256,1.00,1.25
2017.08.28 08:30:36.647,1.62232,1.62256,1.46,1.13
2017.08.28 08:30:36.946,1.62232,1.62256,1.21,1.44
2017.08.28 08:30:37.463,1.62232,1.62256,1.46,1.44
2017.08.28 08:30:38.021,1.62231,1.62256,1.96,1.19
2017.08.28 08:30:38.629,1.62231,1.62256,1.46,1.19
2017.08.28 08:30:39.055,1.62232,1.62254,1.00,1.63
2017.08.28 08:30:39.405,1.62232,1.62254,1.46,1.31
2017.08.28 08:30:39.753,1.62232,1.62254,1.46,1.63
2017.08.28 08:30:40.249,1.62232,1.62254,1.46,1.25
2017.08.28 08:30:40.896,1.62232,1.62256,1.46,1.38
2017.08.28 08:30:41.287,1.62232,1.62254,1.00,1.00
2017.08.28 08:30:41.338,1.62228,1.62252,1.25,1.00
2017.08.28 08:30:41.389,1.62231,1.62255,1.46,1.44
2017.08.28 08:30:41.693,1.62233,1.62259,1.02,1.44
2017.08.28 08:30:41.997,1.62232,1.62259,1.96,1.38
2017.08.28 08:30:42.433,1.62232,1.62259,2.14,1.56
2017.08.28 08:30:42.535,1.62232,1.62259,1.77,1.19
2017.08.28 08:30:42.940,1.62232,1.62259,2.14,1.63
2017.08.28 08:30:43.244,1.62242,1.62262,1.46,1.00
2017.08.28 08:30:43.295,1.62242,1.62268,1.83,1.12
2017.08.28 08:30:43.600,1.62243,1.6227,1.89,1.56
2017.08.28 08:30:45.145,1.62243,1.6227,1.83,1.62
2017.08.28 08:30:45.648,1.62246,1.6227,1.46,1.62
2017.08.28 08:30:46.185,1.62246,1.6227,1.00,1.62
2017.08.28 08:30:47.447,1.62246,1.6227,1.00,1.44
2017.08.28 08:30:47.976,1.62246,1.6227,1.12,1.37
2017.08.28 08:30:48.028,1.62246,1.6227,1.37,1.00
2017.08.28 08:30:48.079,1.62246,1.62272,1.37,1.50
2017.08.28 08:30:48.516,1.62246,1.6227,1.00,1.44
2017.08.28 08:30:49.521,1.62246,1.6227,1.00,1.31
2017.08.28 08:30:50.445,1.62246,1.62268,1.00,1.75
2017.08.28 08:30:50.756,1.62243,1.62268,1.00,1.50
2017.08.28 08:30:52.470,1.62247,1.62268,1.00,1.69
2017.08.28 08:30:52.673,1.62247,1.6227,1.00,1.87
2017.08.28 08:30:52.943,1.62247,1.62268,1.00,1.00
2017.08.28 08:30:52.995,1.62243,1.62268,1.50,1.00
2017.08.28 08:30:53.243,1.62249,1.62269,1.00,1.00
2017.08.28 08:30:53.344,1.62245,1.62269,1.00,1.25
2017.08.28 08:30:55.657,1.62245,1.62271,1.00,1.19
2017.08.28 08:30:55.838,1.62241,1.62269,1.87,1.31
2017.08.28 08:30:56.305,1.62245,1.6227,1.00,1.37
2017.08.28 08:30:56.609,1.62242,1.62265,1.46,1.25
2017.08.28 08:30:57.065,1.62242,1.62264,1.00,1.19
2017.08.28 08:30:57.596,1.62242,1.62264,1.00,1.25
2017.08.28 08:30:57.949,1.62246,1.62264,1.00,1.00
2017.08.28 08:30:58.457,1.62246,1.62265,1.00,1.00
2017.08.28 08:30:58.876,1.62247,1.62268,1.44,1.00
2017.08.28 08:30:58.927,1.62247,1.6227,1.37,1.00
2017.08.28 08:30:58.978,1.62251,1.62272,1.25,1.00
2017.08.28 08:30:59.029,1.62251,1.62275,1.25,1.00
2017.08.28 08:30:59.080,1.62251,1.62275,1.19,1.00
2017.08.28 08:30:59.384,1.62256,1.62275,1.00,1.00
2017.08.28 08:30:59.546,1.62256,1.62277,1.00,1.00
2017.08.28 08:31:02.697,1.62256,1.62276,1.00,1.00
2017.08.28 08:31:02.799,1.62256,1.62273,1.00,1.00
2017.08.28 08:31:02.900,1.62251,1.62273,1.00,1.00
2017.08.28 08:31:02.951,1.62251,1.62271,1.00,1.00
2017.08.28 08:31:03.412,1.62251,1.62269,1.00,1.00
2017.08.28 08:31:03.463,1.62247,1.62269,1.44,1.00
2017.08.28 08:31:03.564,1.62247,1.62269,1.37,1.00
2017.08.28 08:31:03.813,1.62247,1.62272,1.37,1.00
2017.08.28 08:31:03.915,1.62252,1.62272,1.00,1.00
2017.08.28 08:31:04.270,1.62252,1.62274,1.00,1.25
2017.08.28 08:31:06.303,1.62251,1.62274,1.00,1.00
2017.08.28 08:31:08.045,1.62251,1.62274,1.44,1.25
2017.08.28 08:31:09.462,1.62251,1.62274,1.12,1.00
2017.08.28 08:31:09.564,1.62251,1.62276,1.25,1.00
2017.08.28 08:31:09.615,1.62252,1.62277,1.37,1.00
2017.08.28 08:31:10.378,1.62253,1.62278,1.89,1.12
2017.08.28 08:31:10.885,1.62252,1.62277,2.33,1.00
2017.08.28 08:31:11.407,1.62254,1.62278,1.11,1.12
2017.08.28 08:31:12.245,1.62253,1.62276,1.46,1.00
2017.08.28 08:31:12.346,1.62253,1.62275,1.00,1.25
2017.08.28 08:31:12.448,1.62249,1.62274,1.25,1.00
2017.08.28 08:31:12.900,1.62249,1.62274,1.77,1.12
2017.08.28 08:31:14.295,1.62249,1.62274,1.71,1.69
2017.08.28 08:31:14.536,1.62249,1.62274,1.39,1.69
2017.08.28 08:31:15.058,1.62249,1.62274,1.21,1.69
2017.08.28 08:31:15.108,1.62249,1.62274,1.39,1.69
2017.08.28 08:31:20.634,1.6225,1.62273,1.00,1.19
2017.08.28 08:31:21.297,1.6225,1.62273,1.21,1.19
2017.08.28 08:31:23.660,1.6225,1.62273,1.00,1.19
2017.08.28 08:31:26.243,1.62248,1.62273,1.25,1.19
2017.08.28 08:31:26.761,1.62248,1.62273,1.44,1.19
2017.08.28 08:31:27.282,1.62248,1.62273,1.00,1.19
2017.08.28 08:31:27.486,1.62248,1.6227,1.00,1.00
2017.08.28 08:31:28.302,1.62248,1.62271,1.00,1.00
2017.08.28 08:31:28.805,1.62248,1.62271,1.46,1.00
2017.08.28 08:31:28.957,1.62248,1.62273,1.58,1.25
2017.08.28 08:31:29.160,1.62249,1.62273,1.25,1.19
2017.08.28 08:31:29.312,1.62247,1.6227,1.25,1.25
2017.08.28 08:31:29.832,1.62246,1.6227,1.25,1.12
2017.08.28 08:31:30.422,1.62246,1.6227,1.44,1.25
2017.08.28 08:31:30.970,1.62245,1.62271,1.89,1.69
2017.08.28 08:31:31.516,1.62245,1.62271,1.12,1.69
2017.08.28 08:31:34.334,1.62245,1.6227,2.52,1.00
2017.08.28 08:31:35.095,1.62245,1.62271,1.87,1.00
2017.08.28 08:31:35.628,1.62245,1.6227,2.52,1.00
2017.08.28 08:31:35.730,1.62248,1.62275,1.31,1.69
2017.08.28 08:31:36.255,1.62249,1.62275,1.00,1.19
2017.08.28 08:31:36.926,1.62249,1.62274,1.00,1.19
2017.08.28 08:31:37.345,1.62247,1.62273,1.12,1.00
2017.08.28 08:31:37.497,1.62247,1.62272,1.00,1.19
2017.08.28 08:31:38.001,1.62244,1.62271,1.19,1.25
2017.08.28 08:31:39.210,1.62244,1.62271,1.19,1.25
2017.08.28 08:31:40.220,1.62244,1.62271,2.14,1.69
2017.08.28 08:31:40.334,1.62244,1.62271,1.39,1.25
2017.08.28 08:31:41.403,1.62244,1.62271,1.69,1.87
2017.08.28 08:31:41.945,1.62245,1.62269,1.44,1.00
2017.08.28 08:31:41.996,1.62252,1.62269,1.00,1.00
2017.08.28 08:31:42.149,1.62247,1.62273,3.46,1.00
2017.08.28 08:31:42.250,1.6225,1.62276,1.89,1.87
2017.08.28 08:31:42.375,1.6225,1.62276,1.44,1.87
2017.08.28 08:31:43.054,1.62249,1.62275,1.58,1.00
2017.08.28 08:31:44.899,1.6225,1.62276,1.25,1.25
2017.08.28 08:31:46.304,1.6225,1.62276,1.12,2.44
2017.08.28 08:31:46.753,1.62256,1.62277,1.37,1.50
2017.08.28 08:31:46.804,1.62253,1.62277,1.44,1.00
2017.08.28 08:31:46.957,1.6225,1.62276,1.87,1.00
2017.08.28 08:31:47.210,1.62251,1.62276,1.67,1.00
2017.08.28 08:31:47.517,1.62258,1.62281,1.00,1.19
2017.08.28 08:31:48.277,1.62258,1.62282,1.00,1.12
2017.08.28 08:31:48.328,1.62256,1.62282,1.00,1.25
2017.08.28 08:31:48.689,1.62259,1.62282,1.25,1.25
2017.08.28 08:31:49.197,1.6226,1.62285,1.00,1.62
2017.08.28 08:31:49.606,1.62258,1.62283,1.00,1.56
2017.08.28 08:31:50.142,1.62258,1.62283,1.00,1.31
2017.08.28 08:31:50.665,1.62258,1.62283,1.00,1.56
2017.08.28 08:31:51.193,1.62258,1.62283,1.00,1.12
2017.08.28 08:31:51.715,1.62258,1.62283,1.00,1.62
2017.08.28 08:31:52.699,1.62255,1.62281,2.06,1.56
2017.08.28 08:31:52.801,1.62253,1.62278,1.00,1.00
2017.08.28 08:31:52.953,1.62252,1.62275,1.19,1.00
2017.08.28 08:31:53.004,1.62252,1.62275,1.25,1.00
2017.08.28 08:31:54.735,1.62253,1.62276,1.00,1.00
2017.08.28 08:31:55.065,1.62255,1.62278,1.00,1.00
2017.08.28 08:31:55.116,1.62252,1.62277,1.19,1.00
2017.08.28 08:31:55.252,1.62257,1.6228,1.00,1.31
2017.08.28 08:31:55.573,1.62257,1.62282,1.00,1.25
2017.08.28 08:31:56.118,1.62255,1.62281,1.19,1.25
2017.08.28 08:31:56.169,1.62256,1.62283,1.50,1.69
2017.08.28 08:31:56.473,1.62258,1.62283,1.19,1.00
2017.08.28 08:31:57.027,1.6226,1.62284,1.19,1.00
2017.08.28 08:31:58.190,1.6226,1.62285,1.25,1.50
2017.08.28 08:31:58.550,1.62262,1.62284,1.00,1.25
2017.08.28 08:31:59.069,1.62262,1.62285,1.00,1.50
2017.08.28 08:32:00.538,1.62262,1.62284,1.00,1.00
2017.08.28 08:32:01.048,1.62262,1.62285,1.00,1.50
2017.08.28 08:32:01.877,1.62262,1.62285,1.44,1.00
2017.08.28 08:32:02.499,1.62262,1.62285,1.39,1.00
2017.08.28 08:32:03.075,1.62263,1.62286,1.25,1.00
2017.08.28 08:32:07.788,1.62263,1.62286,1.46,1.25
2017.08.28 08:32:08.929,1.62263,1.62286,1.21,1.25
2017.08.28 08:32:09.563,1.62263,1.62286,1.46,1.25
2017.08.28 08:32:10.552,1.62263,1.62286,1.21,1.00
2017.08.28 08:32:11.230,1.62263,1.62286,1.46,1.00
2017.08.28 08:32:11.736,1.62263,1.62286,1.21,1.00
2017.08.28 08:32:12.984,1.62263,1.62287,1.00,1.00
2017.08.28 08:32:13.543,1.62263,1.62288,1.00,1.31
2017.08.28 08:32:14.123,1.62263,1.62286,1.00,1.00
2017.08.28 08:32:15.126,1.62263,1.62288,1.25,2.25
2017.08.28 08:32:15.548,1.62263,1.62288,1.71,2.25
2017.08.28 08:32:16.109,1.62263,1.62288,1.25,2.25
2017.08.28 08:32:16.628,1.62263,1.62288,1.21,1.50
2017.08.28 08:32:17.136,1.6226,1.62287,1.56,1.50
2017.08.28 08:32:17.736,1.62263,1.62286,1.25,1.00
2017.08.28 08:32:18.258,1.62261,1.62286,1.31,1.00
2017.08.28 08:32:18.824,1.62261,1.62288,1.31,1.31
2017.08.28 08:32:19.369,1.62261,1.62288,1.56,1.62
2017.08.28 08:32:20.350,1.62263,1.62288,1.39,1.50
2017.08.28 08:32:21.135,1.62263,1.62288,1.58,1.87
2017.08.28 08:32:21.653,1.62263,1.62288,1.39,1.50
2017.08.28 08:32:22.391,1.62263,1.62286,1.25,1.00
2017.08.28 08:32:22.999,1.62261,1.62286,1.44,1.50
2017.08.28 08:32:23.878,1.62261,1.62287,1.00,1.25
2017.08.28 08:32:24.210,1.6226,1.62285,1.69,1.00
2017.08.28 08:32:24.609,1.6226,1.62287,1.25,2.44
2017.08.28 08:32:24.983,1.6226,1.62286,1.19,1.50
2017.08.28 08:32:25.516,1.62259,1.62286,1.19,1.50
2017.08.28 08:32:26.007,1.62258,1.62284,1.00,1.69
2017.08.28 08:32:26.058,1.62253,1.6228,2.06,1.19
2017.08.28 08:32:26.612,1.62254,1.6228,1.50,1.19
2017.08.28 08:32:26.664,1.62255,1.6228,1.00,1.25
2017.08.28 08:32:26.715,1.62259,1.62285,1.25,1.25
2017.08.28 08:32:26.930,1.62261,1.62288,1.12,1.19
2017.08.28 08:32:27.134,1.62258,1.62284,1.00,1.19
2017.08.28 08:32:27.185,1.62257,1.62283,1.25,1.19
2017.08.28 08:32:27.699,1.62255,1.62283,1.69,1.69
2017.08.28 08:32:27.893,1.62255,1.62283,1.25,1.19
2017.08.28 08:32:28.860,1.62254,1.6228,2.43,1.19
2017.08.28 08:32:29.379,1.62255,1.62283,1.24,1.87
2017.08.28 08:32:29.880,1.62254,1.6228,1.24,1.25
2017.08.28 08:32:30.416,1.62255,1.62283,1.24,2.62
2017.08.28 08:32:30.919,1.62252,1.62281,2.99,2.62
2017.08.28 08:32:31.934,1.62253,1.6228,1.24,1.19
2017.08.28 08:32:32.187,1.62252,1.62278,1.68,1.19
2017.08.28 08:32:32.702,1.62252,1.62278,1.00,1.19
2017.08.28 08:32:33.333,1.62253,1.62279,1.00,1.19
2017.08.28 08:32:34.056,1.62253,1.62279,1.00,1.69
2017.08.28 08:32:34.520,1.62251,1.62275,1.00,1.25
2017.08.28 08:32:34.621,1.62248,1.62275,2.62,1.25
2017.08.28 08:32:37.834,1.62248,1.62276,2.06,1.19
2017.08.28 08:32:38.619,1.62248,1.62276,1.87,1.19
2017.08.28 08:32:38.721,1.62252,1.62275,1.00,1.19
2017.08.28 08:32:39.261,1.62251,1.62274,1.00,1.25
2017.08.28 08:32:39.865,1.6225,1.62275,1.25,1.19
2017.08.28 08:32:42.198,1.62248,1.62275,1.87,1.25
2017.08.28 08:32:43.038,1.6225,1.62275,1.00,1.25
2017.08.28 08:32:43.477,1.62252,1.62275,1.00,1.25
2017.08.28 08:32:44.029,1.62251,1.62278,1.00,1.87
2017.08.28 08:32:44.356,1.62254,1.62277,1.00,1.19
2017.08.28 08:32:47.947,1.62254,1.62277,1.00,1.64
2017.08.28 08:32:51.246,1.62254,1.62277,1.00,1.64
2017.08.28 08:32:51.348,1.62254,1.62277,1.00,1.64
2017.08.28 08:32:51.399,1.62251,1.62276,1.00,1.58
2017.08.28 08:32:51.654,1.62251,1.62276,1.00,2.08
2017.08.28 08:32:51.988,1.62252,1.62276,1.00,1.02
2017.08.28 08:32:52.522,1.62251,1.62276,1.00,2.08
2017.08.28 08:32:53.036,1.62251,1.62276,1.00,1.44
2017.08.28 08:32:54.800,1.6225,1.62277,1.00,1.62
2017.08.28 08:32:55.720,1.6225,1.62274,1.00,1.19
2017.08.28 08:32:56.150,1.62252,1.62277,1.00,1.44
2017.08.28 08:32:56.469,1.6225,1.62276,1.00,1.19
2017.08.28 08:32:57.107,1.62251,1.62278,1.00,1.87
2017.08.28 08:32:57.819,1.62252,1.62278,1.00,1.37
2017.08.28 08:32:58.973,1.6225,1.62276,1.00,1.19
2017.08.28 08:32:59.260,1.62252,1.62277,1.00,1.44
2017.08.28 08:32:59.869,1.62251,1.62275,1.00,1.19
2017.08.28 08:33:00.183,1.62253,1.62276,1.00,1.69
2017.08.28 08:33:00.678,1.6225,1.62276,1.00,1.69
2017.08.28 08:33:01.070,1.62253,1.62275,1.00,1.19
2017.08.28 08:33:01.574,1.62249,1.62273,1.00,1.19
2017.08.28 08:33:01.676,1.62248,1.6227,1.50,1.19
2017.08.28 08:33:01.946,1.62244,1.6227,1.00,1.19
2017.08.28 08:33:02.048,1.62247,1.62269,1.00,1.19
2017.08.28 08:33:02.373,1.6225,1.62275,1.00,3.00
2017.08.28 08:33:02.424,1.62252,1.62276,1.00,3.37
2017.08.28 08:33:02.526,1.6225,1.62275,1.00,1.87
2017.08.28 08:33:02.989,1.62251,1.62276,1.00,3.56
2017.08.28 08:33:03.897,1.62251,1.62275,1.00,2.44
2017.08.28 08:33:03.948,1.62249,1.62275,1.00,1.31
2017.08.28 08:33:04.167,1.62249,1.62275,1.00,1.69
2017.08.28 08:33:04.499,1.62251,1.62275,1.00,1.44
2017.08.28 08:33:04.651,1.62252,1.62274,1.00,1.50
2017.08.28 08:33:05.557,1.62252,1.62275,1.00,1.50
2017.08.28 08:33:05.709,1.6225,1.62273,1.00,1.19
2017.08.28 08:33:06.222,1.6225,1.62273,1.00,1.19
2017.08.28 08:33:06.652,1.62251,1.62275,1.00,1.50
2017.08.28 08:33:06.703,1.62255,1.62275,1.00,1.50
2017.08.28 08:33:06.881,1.62252,1.62275,1.00,1.31
2017.08.28 08:33:07.392,1.62252,1.62275,1.00,1.19
2017.08.28 08:33:07.938,1.62252,1.62275,1.00,1.50
2017.08.28 08:33:08.040,1.6225,1.62275,1.00,1.19
2017.08.28 08:33:08.347,1.62252,1.62275,1.00,1.69
2017.08.28 08:33:09.027,1.62252,1.62275,1.50,1.19
2017.08.28 08:33:09.338,1.62253,1.62276,1.00,1.25
2017.08.28 08:33:09.591,1.62255,1.62275,1.00,1.00
2017.08.28 08:33:10.125,1.62256,1.62275,1.00,1.00
2017.08.28 08:33:11.176,1.62256,1.62276,1.00,1.00
2017.08.28 08:33:11.849,1.62255,1.62276,1.00,1.50
2017.08.28 08:33:12.193,1.62253,1.62277,1.00,2.44
2017.08.28 08:33:12.244,1.62256,1.62275,1.00,1.25
2017.08.28 08:33:12.346,1.62249,1.62275,1.00,1.19
2017.08.28 08:33:12.397,1.62248,1.62273,1.00,1.19
2017.08.28 08:33:12.901,1.62248,1.62274,1.00,1.87
2017.08.28 08:33:13.207,1.62251,1.62275,1.00,1.87
2017.08.28 08:33:13.760,1.6225,1.62274,1.50,1.44
2017.08.28 08:33:13.963,1.62254,1.62278,1.00,1.83
2017.08.28 08:33:14.428,1.6225,1.62274,1.00,1.19
2017.08.28 08:33:14.784,1.62248,1.62274,1.12,1.44
2017.08.28 08:33:15.321,1.62249,1.62275,1.00,1.44
2017.08.28 08:33:15.539,1.62252,1.62275,1.00,1.56
2017.08.28 08:33:15.871,1.62253,1.62276,1.00,1.37
2017.08.28 08:33:16.124,1.62256,1.62277,1.00,1.58
2017.08.28 08:33:16.226,1.62253,1.62277,1.00,1.44
2017.08.28 08:33:16.504,1.62251,1.62276,1.50,2.06
2017.08.28 08:33:17.580,1.62251,1.62276,1.50,1.37
2017.08.28 08:33:18.833,1.62251,1.62274,1.00,1.00
2017.08.28 08:33:19.952,1.62249,1.62274,1.00,1.44
2017.08.28 08:33:20.237,1.62247,1.62271,1.00,1.00
2017.08.28 08:33:20.778,1.62249,1.62274,1.00,1.19
2017.08.28 08:33:21.344,1.62248,1.62272,1.12,1.25
2017.08.28 08:33:22.023,1.62248,1.62272,1.00,1.69
2017.08.28 08:33:22.225,1.62246,1.6227,1.00,1.00
2017.08.28 08:33:22.478,1.62246,1.62268,1.00,1.00
2017.08.28 08:33:23.239,1.62246,1.62269,1.50,1.25
2017.08.28 08:33:23.770,1.62246,1.62268,1.00,1.00
2017.08.28 08:33:24.420,1.62246,1.6227,1.00,1.87
2017.08.28 08:33:25.995,1.62246,1.62269,1.50,1.19
2017.08.28 08:33:26.096,1.62246,1.62271,1.50,1.25
2017.08.28 08:33:26.400,1.62246,1.62269,1.00,1.19
2017.08.28 08:33:26.975,1.62245,1.62268,1.00,1.00
2017.08.28 08:33:27.228,1.62243,1.62267,1.00,1.00
2017.08.28 08:33:27.454,1.62245,1.62268,1.00,1.00
2017.08.28 08:33:28.068,1.62242,1.62265,2.25,1.00
2017.08.28 08:33:28.220,1.62245,1.6227,1.00,1.19
2017.08.28 08:33:28.271,1.62251,1.62272,1.00,1.00
2017.08.28 08:33:28.322,1.62252,1.62275,1.00,1.69
2017.08.28 08:33:28.424,1.62252,1.62276,1.00,1.12
2017.08.28 08:33:28.526,1.62252,1.62276,1.00,1.63
2017.08.28 08:33:28.628,1.62247,1.6227,1.00,1.00
2017.08.28 08:33:28.729,1.62247,1.62268,1.00,1.00
2017.08.28 08:33:28.882,1.62242,1.62266,2.63,1.00
2017.08.28 08:33:29.482,1.62243,1.62266,1.50,1.00
2017.08.28 08:33:29.533,1.62243,1.62266,2.00,1.00
2017.08.28 08:33:29.634,1.62243,1.62266,1.50,1.00
2017.08.28 08:33:30.165,1.62243,1.62266,1.00,1.00
2017.08.28 08:33:30.469,1.62243,1.62263,1.00,1.00
2017.08.28 08:33:30.935,1.62243,1.62267,1.00,1.00
2017.08.28 08:33:31.037,1.62241,1.62265,2.81,1.00
2017.08.28 08:33:31.341,1.62242,1.62265,1.37,1.00
2017.08.28 08:33:32.027,1.62242,1.62265,2.25,1.00
2017.08.28 08:33:32.383,1.62242,1.62265,1.37,1.00
2017.08.28 08:33:33.389,1.62242,1.62265,2.25,1.00
2017.08.28 08:33:33.642,1.62242,1.62265,1.00,1.00
2017.08.28 08:33:33.744,1.62242,1.62263,1.00,1.00
2017.08.28 08:33:35.712,1.62242,1.62264,1.00,1.00
2017.08.28 08:33:36.241,1.62242,1.62263,1.00,1.00
2017.08.28 08:33:38.722,1.62242,1.62264,1.00,1.00
2017.08.28 08:33:39.067,1.62242,1.62262,1.00,1.00
2017.08.28 08:33:39.738,1.62242,1.62264,1.00,1.00
2017.08.28 08:33:40.168,1.62242,1.62262,1.00,1.00
2017.08.28 08:33:40.436,1.62242,1.62264,1.00,1.00
2017.08.28 08:33:40.697,1.62242,1.62262,1.00,1.00
2017.08.28 08:33:41.229,1.62242,1.62263,1.25,1.00
2017.08.28 08:33:41.765,1.62242,1.62262,1.00,1.00
2017.08.28 08:33:41.867,1.62242,1.62264,1.25,1.00
2017.08.28 08:33:42.578,1.62242,1.62263,1.00,1.00
2017.08.28 08:33:43.334,1.62242,1.62264,1.25,1.00
2017.08.28 08:33:43.871,1.62242,1.62263,1.00,1.00
2017.08.28 08:33:44.770,1.62242,1.62264,1.25,1.00
2017.08.28 08:33:45.339,1.62242,1.62263,1.25,1.00
2017.08.28 08:33:45.968,1.62242,1.62262,1.00,1.00
2017.08.28 08:33:46.516,1.62242,1.62263,1.25,1.00
2017.08.28 08:33:47.024,1.62242,1.62262,1.00,1.00
2017.08.28 08:33:47.465,1.62239,1.62263,2.44,1.00
2017.08.28 08:33:47.969,1.62239,1.62263,1.31,1.00
2017.08.28 08:33:49.008,1.62239,1.62263,1.87,1.00
2017.08.28 08:33:49.912,1.62239,1.62263,2.06,1.00
2017.08.28 08:33:50.460,1.62241,1.62264,1.00,1.21
2017.08.28 08:33:50.561,1.62239,1.62263,1.13,1.21
2017.08.28 08:33:51.098,1.62239,1.62263,2.06,1.00
2017.08.28 08:33:51.637,1.62239,1.62263,1.13,1.00
2017.08.28 08:33:52.141,1.62239,1.62263,1.31,1.00
2017.08.28 08:33:52.682,1.62239,1.62263,1.25,1.00
2017.08.28 08:33:53.186,1.62239,1.62262,2.81,1.00
2017.08.28 08:33:54.127,1.62239,1.62264,2.06,1.00
2017.08.28 08:33:54.837,1.62239,1.62263,1.13,1.00
2017.08.28 08:33:55.419,1.62239,1.62263,1.31,1.00
2017.08.28 08:33:56.248,1.6224,1.62262,1.00,1.00
2017.08.28 08:33:56.770,1.6224,1.62264,1.00,1.00
2017.08.28 08:33:57.009,1.62239,1.62262,2.06,1.00
2017.08.28 08:33:57.434,1.62239,1.62262,1.50,1.00
2017.08.28 08:34:00.477,1.62239,1.62262,2.06,1.00
2017.08.28 08:34:00.637,1.62239,1.62262,2.06,1.00
2017.08.28 08:34:01.008,1.62237,1.6226,1.50,1.44
2017.08.28 08:34:01.060,1.62235,1.62257,1.25,1.00
2017.08.28 08:34:01.263,1.62231,1.62255,2.62,1.00
2017.08.28 08:34:01.567,1.62231,1.62253,1.56,1.00
2017.08.28 08:34:01.719,1.62231,1.62256,1.56,1.00
2017.08.28 08:34:02.124,1.62233,1.62257,1.37,1.00
2017.08.28 08:34:02.226,1.62236,1.62259,1.63,1.00
2017.08.28 08:34:02.699,1.62236,1.62259,1.25,1.00
2017.08.28 08:34:02.898,1.62236,1.62261,1.25,1.00
2017.08.28 08:34:05.052,1.62236,1.62261,1.44,1.00
2017.08.28 08:34:05.643,1.62236,1.62261,1.25,1.13
2017.08.28 08:34:05.901,1.62238,1.62262,1.56,1.00
2017.08.28 08:34:05.952,1.62239,1.62264,1.56,1.00
2017.08.28 08:34:06.003,1.62241,1.62267,1.00,1.84
2017.08.28 08:34:06.574,1.62242,1.62268,1.00,2.96
2017.08.28 08:34:07.928,1.62242,1.62268,1.00,2.59
2017.08.28 08:34:08.492,1.62242,1.62267,1.44,1.44
2017.08.28 08:34:09.493,1.62242,1.62268,1.25,2.81
2017.08.28 08:34:10.197,1.62242,1.62267,1.31,1.63
2017.08.28 08:34:11.209,1.62242,1.62268,1.00,2.81
2017.08.28 08:34:12.697,1.62242,1.62267,1.31,1.63
2017.08.28 08:34:13.231,1.62242,1.62268,1.00,2.06
2017.08.28 08:34:13.861,1.62242,1.62267,1.31,1.63
2017.08.28 08:34:14.473,1.62242,1.62268,1.00,2.81
2017.08.28 08:34:15.041,1.62242,1.62267,1.00,1.63
2017.08.28 08:34:15.781,1.62242,1.62268,1.12,2.06
2017.08.28 08:34:16.351,1.62242,1.62268,1.50,1.38
2017.08.28 08:34:16.708,1.62242,1.62268,1.12,1.25
2017.08.28 08:34:17.233,1.62242,1.62268,1.50,1.31
2017.08.28 08:34:17.919,1.62242,1.62268,1.12,1.00
2017.08.28 08:34:17.970,1.62242,1.62268,1.50,1.63
2017.08.28 08:34:19.471,1.62242,1.62268,1.50,1.63
2017.08.28 08:34:19.573,1.62242,1.62268,1.13,1.25
2017.08.28 08:34:20.432,1.62242,1.62268,1.38,1.50
2017.08.28 08:34:20.771,1.62245,1.62268,1.00,1.50
2017.08.28 08:34:20.974,1.62243,1.62267,1.00,1.00
2017.08.28 08:34:22.501,1.62244,1.62268,1.00,1.96
2017.08.28 08:34:23.037,1.62243,1.62267,1.25,1.13
2017.08.28 08:34:23.270,1.62246,1.62272,1.00,2.33
2017.08.28 08:34:23.982,1.62246,1.62272,1.00,1.77
2017.08.28 08:34:26.028,1.62246,1.62272,1.00,1.81
2017.08.28 08:34:26.571,1.62246,1.62272,1.00,1.75
2017.08.28 08:34:27.111,1.62246,1.62272,1.00,1.56
2017.08.28 08:34:27.618,1.62246,1.62269,1.00,1.00
2017.08.28 08:34:28.950,1.62246,1.62272,1.00,2.25
2017.08.28 08:34:30.200,1.62246,1.62269,1.00,1.00
2017.08.28 08:34:31.768,1.62247,1.6227,1.00,1.00
2017.08.28 08:34:31.819,1.62245,1.62269,1.00,1.00
2017.08.28 08:34:32.529,1.62246,1.62269,1.00,1.00
2017.08.28 08:34:42.362,1.62246,1.62269,1.44,1.00
2017.08.28 08:34:42.681,1.62247,1.62271,1.00,1.13
2017.08.28 08:34:43.485,1.62247,1.62271,1.25,1.56
2017.08.28 08:34:44.037,1.62245,1.6227,1.50,1.44
2017.08.28 08:34:44.663,1.62245,1.6227,1.31,1.00
2017.08.28 08:34:45.357,1.62245,1.6227,1.50,1.12
2017.08.28 08:34:45.493,1.62245,1.6227,1.25,1.00
2017.08.28 08:34:45.847,1.62245,1.6227,1.50,1.31
2017.08.28 08:34:46.003,1.62245,1.6227,1.25,1.00
2017.08.28 08:34:46.227,1.62245,1.6227,1.50,1.31
2017.08.28 08:34:46.522,1.62245,1.6227,1.25,1.00
2017.08.28 08:34:46.708,1.62245,1.6227,1.50,1.31
2017.08.28 08:34:47.223,1.62245,1.6227,1.44,1.00
2017.08.28 08:34:47.776,1.62245,1.6227,1.25,1.00
2017.08.28 08:34:50.308,1.62245,1.6227,1.50,1.12
2017.08.28 08:34:50.863,1.62246,1.62269,1.00,1.00
2017.08.28 08:34:52.394,1.62246,1.62269,1.38,1.00
2017.08.28 08:34:52.926,1.62246,1.62269,1.44,1.00
2017.08.28 08:34:53.454,1.62246,1.62269,1.25,1.00
2017.08.28 08:34:53.852,1.62246,1.62272,1.00,1.63
2017.08.28 08:34:54.065,1.62246,1.62269,1.00,1.00
2017.08.28 08:34:54.666,1.62247,1.62271,1.00,1.13
2017.08.28 08:34:55.213,1.62247,1.62271,1.00,1.63
2017.08.28 08:34:55.718,1.62247,1.62271,1.00,2.06
2017.08.28 08:34:56.233,1.62247,1.62271,1.00,1.87
2017.08.28 08:34:57.759,1.62247,1.62271,1.00,2.06
2017.08.28 08:34:58.148,1.62247,1.62271,1.00,1.87
2017.08.28 08:34:58.922,1.62247,1.62271,1.25,2.06
2017.08.28 08:34:59.467,1.62247,1.62271,1.13,1.25
2017.08.28 08:35:00.029,1.62247,1.62272,1.63,1.37
2017.08.28 08:35:00.257,1.62247,1.62272,1.13,1.25
2017.08.28 08:35:00.308,1.6225,1.62272,1.00,1.25
2017.08.28 08:35:00.865,1.62247,1.62273,1.63,2.06
2017.08.28 08:35:01.506,1.62247,1.62273,1.69,1.44
2017.08.28 08:35:02.228,1.62247,1.62273,1.56,1.13
2017.08.28 08:35:02.932,1.62247,1.62273,1.69,1.38
2017.08.28 08:35:03.466,1.62247,1.62273,1.63,1.13
2017.08.28 08:35:04.034,1.62247,1.62273,1.69,1.38
2017.08.28 08:35:04.664,1.6225,1.62273,1.12,1.00
2017.08.28 08:35:05.765,1.62248,1.62272,1.37,1.13
2017.08.28 08:35:06.316,1.62247,1.62271,1.63,1.00
2017.08.28 08:35:06.521,1.62247,1.62271,1.25,1.21
2017.08.28 08:35:08.485,1.62247,1.62271,1.13,1.46
2017.08.28 08:35:08.555,1.62247,1.62271,1.63,1.46
2017.08.28 08:35:09.075,1.62247,1.62271,1.25,1.21
2017.08.28 08:35:09.277,1.62247,1.62271,1.38,1.21
2017.08.28 08:35:09.921,1.62246,1.62272,1.56,1.77
2017.08.28 08:35:10.220,1.62246,1.62272,1.63,1.46
2017.08.28 08:35:10.271,1.62246,1.62272,1.63,1.21
2017.08.28 08:35:10.988,1.62246,1.62272,1.38,1.46
2017.08.28 08:35:12.175,1.62246,1.62272,1.50,1.96
2017.08.28 08:35:12.709,1.62246,1.62272,1.50,1.50
2017.08.28 08:35:12.760,1.62246,1.62272,1.38,1.00
2017.08.28 08:35:12.912,1.62245,1.6227,1.69,1.13
2017.08.28 08:35:13.310,1.62243,1.62268,3.19,1.00
2017.08.28 08:35:13.565,1.62243,1.62268,1.50,1.00
2017.08.28 08:35:13.801,1.62243,1.62268,1.88,1.13
2017.08.28 08:35:14.004,1.62243,1.62268,1.38,1.13
2017.08.28 08:35:14.106,1.62242,1.62265,1.50,1.00
2017.08.28 08:35:14.478,1.6224,1.62263,2.06,1.00
2017.08.28 08:35:15.211,1.6224,1.62263,2.06,1.00
2017.08.28 08:35:15.365,1.62241,1.62263,1.31,1.00
2017.08.28 08:35:15.855,1.62238,1.62258,1.12,1.25
2017.08.28 08:35:16.008,1.62235,1.62258,1.44,1.25
2017.08.28 08:35:16.059,1.62234,1.62257,1.75,1.25
2017.08.28 08:35:16.162,1.62233,1.62257,3.56,1.00
2017.08.28 08:35:16.213,1.62233,1.62257,3.19,1.00
2017.08.28 08:35:16.382,1.62233,1.62257,3.19,1.00
2017.08.28 08:35:16.886,1.62234,1.62257,1.63,1.25
2017.08.28 08:35:17.430,1.62232,1.62256,2.25,1.00
2017.08.28 08:35:17.481,1.62233,1.62256,1.88,1.00
2017.08.28 08:35:17.990,1.62233,1.62255,1.69,1.00
2017.08.28 08:35:18.726,1.62233,1.62255,1.50,1.00
2017.08.28 08:35:19.371,1.62232,1.62255,2.25,1.00
2017.08.28 08:35:20.161,1.62233,1.62255,1.50,1.00
2017.08.28 08:35:20.372,1.62232,1.62255,2.25,1.00
2017.08.28 08:35:21.033,1.62233,1.62255,1.69,1.00
2017.08.28 08:35:21.561,1.62232,1.62255,2.44,1.00
2017.08.28 08:35:22.128,1.62233,1.62255,1.69,1.00
2017.08.28 08:35:23.394,1.62233,1.62255,2.06,1.00
2017.08.28 08:35:23.896,1.62233,1.62255,2.44,1.00
2017.08.28 08:35:28.308,1.62231,1.62255,1.94,1.00
2017.08.28 08:35:28.779,1.62232,1.62255,1.94,1.00
2017.08.28 08:35:31.496,1.62232,1.62255,1.69,1.00
2017.08.28 08:35:33.574,1.62231,1.62255,1.94,1.00
2017.08.28 08:35:33.625,1.62231,1.62255,2.44,1.00
2017.08.28 08:35:34.239,1.62231,1.62255,1.94,1.00
2017.08.28 08:35:35.267,1.62232,1.62255,1.13,1.00
2017.08.28 08:35:35.567,1.6223,1.62255,1.94,1.00
2017.08.28 08:35:36.458,1.62232,1.62255,2.44,1.00
2017.08.28 08:35:37.675,1.62232,1.62255,1.69,1.00
2017.08.28 08:35:39.697,1.62233,1.62255,1.13,1.00
2017.08.28 08:35:40.198,1.62232,1.62255,1.94,1.00
2017.08.28 08:35:40.816,1.62232,1.62255,2.44,1.00
2017.08.28 08:35:41.435,1.62232,1.62255,1.94,1.00
2017.08.28 08:35:44.207,1.62232,1.62256,2.44,1.00
2017.08.28 08:35:44.861,1.62234,1.62258,1.38,1.25
2017.08.28 08:35:45.014,1.62234,1.62258,1.44,1.56
2017.08.28 08:35:45.439,1.62234,1.62258,1.25,1.13
2017.08.28 08:35:45.954,1.62234,1.62258,1.44,1.63
2017.08.28 08:35:46.916,1.62237,1.62258,1.00,1.63
2017.08.28 08:35:47.721,1.62237,1.62258,1.00,1.13
2017.08.28 08:35:48.681,1.62237,1.62258,1.00,1.63
2017.08.28 08:35:50.413,1.62237,1.62258,1.00,1.13
2017.08.28 08:35:50.690,1.62234,1.62258,1.25,1.13
2017.08.28 08:35:54.798,1.62234,1.62258,1.25,1.63
2017.08.28 08:35:54.900,1.62231,1.62258,2.44,1.50
2017.08.28 08:35:55.102,1.62231,1.62257,1.88,1.56
2017.08.28 08:35:55.899,1.62231,1.62255,1.31,1.13
2017.08.28 08:36:00.603,1.62231,1.62255,1.63,1.13
2017.08.28 08:36:01.309,1.62231,1.62255,1.44,1.00
2017.08.28 08:36:01.918,1.62231,1.62255,1.13,1.00
2017.08.28 08:36:02.436,1.62231,1.62257,1.69,3.38
2017.08.28 08:36:02.966,1.62232,1.62257,1.00,3.38
2017.08.28 08:36:03.801,1.62232,1.62257,1.00,3.19
2017.08.28 08:36:04.007,1.62232,1.62257,1.00,3.38
2017.08.28 08:36:04.209,1.62232,1.62255,1.44,1.44
2017.08.28 08:36:04.755,1.62232,1.62255,1.00,1.25
2017.08.28 08:36:05.266,1.62232,1.62255,1.00,1.63
2017.08.28 08:36:06.446,1.62232,1.62255,1.00,1.25
2017.08.28 08:36:06.978,1.62231,1.62256,1.50,2.06
2017.08.28 08:36:07.515,1.62231,1.62256,1.50,1.81
2017.08.28 08:36:07.680,1.62231,1.62258,1.69,2.63
2017.08.28 08:36:07.731,1.62231,1.62258,1.88,1.56
2017.08.28 08:36:07.782,1.62231,1.62258,1.50,1.56
2017.08.28 08:36:08.172,1.62231,1.62256,1.88,1.56
2017.08.28 08:36:08.766,1.62231,1.62256,1.50,1.63
2017.08.28 08:36:09.723,1.62231,1.62256,1.88,1.63
2017.08.28 08:36:11.923,1.62231,1.62255,1.00,1.25
2017.08.28 08:36:12.245,1.62231,1.62255,1.38,1.44
2017.08.28 08:36:12.296,1.62231,1.62255,1.25,1.31
2017.08.28 08:36:12.815,1.62231,1.62255,1.00,1.13
2017.08.28 08:36:13.343,1.62231,1.62255,1.00,1.44
2017.08.28 08:36:13.886,1.62231,1.62255,1.00,1.56
2017.08.28 08:36:14.410,1.6223,1.62255,1.00,1.38
2017.08.28 08:36:14.511,1.62229,1.62252,1.00,1.00
2017.08.28 08:36:14.815,1.62232,1.62252,1.00,1.25
2017.08.28 08:36:16.141,1.6223,1.62252,1.00,1.31
2017.08.28 08:36:16.646,1.62229,1.62252,1.00,1.00
2017.08.28 08:36:17.186,1.6223,1.62252,1.00,1.31
2017.08.28 08:36:18.634,1.62229,1.62252,1.00,1.00
2017.08.28 08:36:19.200,1.6223,1.62252,1.00,1.31
2017.08.28 08:36:19.727,1.62231,1.62252,1.00,1.31
2017.08.28 08:36:20.538,1.62231,1.62253,1.00,1.13
2017.08.28 08:36:21.055,1.62231,1.62253,1.00,2.06
2017.08.28 08:36:22.798,1.62231,1.62253,1.25,1.31
2017.08.28 08:36:24.206,1.62231,1.62253,1.00,1.38
2017.08.28 08:36:24.736,1.62231,1.62254,1.00,1.63
2017.08.28 08:36:25.337,1.62231,1.62254,1.50,1.56
2017.08.28 08:36:26.549,1.62231,1.62254,1.00,1.31
2017.08.28 08:36:27.120,1.62231,1.62255,1.50,2.06
2017.08.28 08:36:27.734,1.62231,1.62253,1.00,1.88
2017.08.28 08:36:28.476,1.62231,1.62253,1.50,2.06
2017.08.28 08:36:29.155,1.62231,1.62253,1.00,1.69
2017.08.28 08:36:29.803,1.62231,1.62253,1.50,2.06
2017.08.28 08:36:35.384,1.62232,1.62252,1.00,1.00
2017.08.28 08:36:35.435,1.62234,1.62252,1.00,1.00
2017.08.28 08:36:35.486,1.62234,1.62254,1.50,1.00
2017.08.28 08:36:35.892,1.62237,1.62256,1.00,1.63
2017.08.28 08:36:36.460,1.62237,1.62256,1.00,1.56
2017.08.28 08:36:37.870,1.62237,1.62256,1.00,1.31
2017.08.28 08:36:39.733,1.62234,1.62256,1.50,1.31
2017.08.28 08:36:42.533,1.62235,1.62256,1.00,1.56
2017.08.28 08:36:43.070,1.62234,1.62256,1.50,1.31
2017.08.28 08:36:43.616,1.62235,1.62256,1.00,1.56
2017.08.28 08:36:44.324,1.62234,1.62256,1.50,1.31
2017.08.28 08:36:44.964,1.62235,1.62256,1.00,1.56
2017.08.28 08:36:45.474,1.62234,1.62256,1.50,1.31
2017.08.28 08:36:46.149,1.62235,1.62256,1.00,1.56
2017.08.28 08:36:49.309,1.62234,1.62256,1.50,1.31
2017.08.28 08:36:49.360,1.62236,1.62256,1.00,1.31
2017.08.28 08:36:49.874,1.62236,1.62256,1.00,1.56
2017.08.28 08:36:50.885,1.62236,1.62256,1.00,1.31
2017.08.28 08:36:51.569,1.62236,1.62256,1.00,1.56
2017.08.28 08:36:52.070,1.62236,1.62256,1.00,1.31
2017.08.28 08:36:52.596,1.62236,1.62256,1.00,1.56
2017.08.28 08:36:53.448,1.62232,1.62256,1.25,1.31
2017.08.28 08:36:53.979,1.62233,1.62256,1.00,1.56
2017.08.28 08:36:54.520,1.62232,1.62256,1.00,1.31
2017.08.28 08:36:55.409,1.62233,1.62256,1.00,1.56
2017.08.28 08:36:55.929,1.62232,1.62256,1.50,1.31
2017.08.28 08:36:56.511,1.62233,1.62256,1.00,1.56
2017.08.28 08:36:56.919,1.62231,1.62256,1.00,1.56
2017.08.28 08:36:57.471,1.62231,1.62256,1.00,1.56
2017.08.28 08:36:58.045,1.62231,1.62254,1.00,1.31
2017.08.28 08:36:58.567,1.62231,1.62254,1.00,1.69
2017.08.28 08:36:59.114,1.62231,1.62254,1.00,1.31
2017.08.28 08:36:59.865,1.62231,1.62254,1.00,1.25
2017.08.28 08:37:00.515,1.62231,1.62254,1.38,1.00
2017.08.28 08:37:01.065,1.62231,1.62254,1.00,1.00
2017.08.28 08:37:01.689,1.62231,1.62255,1.00,2.06
2017.08.28 08:37:02.193,1.62231,1.62254,1.00,1.31
2017.08.28 08:37:02.244,1.62231,1.62254,1.00,1.63
2017.08.28 08:37:02.668,1.62231,1.62255,1.00,2.06
2017.08.28 08:37:03.700,1.62231,1.62255,1.00,2.06
2017.08.28 08:37:04.242,1.62231,1.62255,1.00,2.06
2017.08.28 08:37:04.775,1.62231,1.62255,1.00,2.06
2017.08.28 08:37:06.428,1.62231,1.62255,1.00,2.06
2017.08.28 08:37:07.079,1.62231,1.62255,1.00,2.06
2017.08.28 08:37:07.596,1.62232,1.62255,1.00,2.06
2017.08.28 08:37:08.118,1.62232,1.62255,1.00,2.06
2017.08.28 08:37:08.665,1.62232,1.62255,1.00,2.06
2017.08.28 08:37:11.225,1.62232,1.62255,1.00,2.06
2017.08.28 08:37:15.139,1.62231,1.62256,1.50,1.31
2017.08.28 08:37:15.543,1.62231,1.62255,1.00,2.06
2017.08.28 08:37:16.077,1.62232,1.62255,1.00,2.06
2017.08.28 08:37:16.638,1.62232,1.62255,1.12,2.06
2017.08.28 08:37:17.317,1.62232,1.62255,1.00,2.06
2017.08.28 08:37:17.873,1.62232,1.62255,1.00,1.38
2017.08.28 08:37:18.584,1.62232,1.62255,1.00,1.63
2017.08.28 08:37:19.186,1.62232,1.62255,1.00,1.38
2017.08.28 08:37:19.995,1.62232,1.62255,1.00,1.63
2017.08.28 08:37:22.307,1.62232,1.62255,1.00,1.44
2017.08.28 08:37:23.159,1.62232,1.62255,1.00,1.63
2017.08.28 08:37:23.670,1.62232,1.62255,1.00,1.44
2017.08.28 08:37:24.199,1.62232,1.62255,1.00,2.06
2017.08.28 08:37:25.565,1.62232,1.62254,1.00,1.13
2017.08.28 08:37:26.078,1.62232,1.62254,1.00,1.56
2017.08.28 08:37:26.687,1.62232,1.62254,1.00,1.31
2017.08.28 08:37:27.907,1.62229,1.62254,1.00,1.31
2017.08.28 08:37:27.958,1.62229,1.62254,1.00,1.63
2017.08.28 08:37:28.262,1.62226,1.62252,1.87,1.25
2017.08.28 08:37:29.187,1.62227,1.62252,1.44,1.13
2017.08.28 08:37:29.390,1.62232,1.62252,1.00,1.13
2017.08.28 08:37:29.592,1.62227,1.62252,1.87,1.13
2017.08.28 08:37:30.370,1.62227,1.62253,1.44,1.13
2017.08.28 08:37:30.905,1.62227,1.62253,1.87,1.63
2017.08.28 08:37:33.325,1.62226,1.62253,2.81,1.13
2017.08.28 08:37:33.518,1.62226,1.62248,1.56,1.00
2017.08.28 08:37:33.774,1.62215,1.62241,1.31,1.00
2017.08.28 08:37:33.825,1.62213,1.62241,1.37,1.56
2017.08.28 08:37:34.181,1.62211,1.62239,1.63,1.00
2017.08.28 08:37:34.415,1.62211,1.62239,1.94,1.00
2017.08.28 08:37:34.751,1.62211,1.62238,1.63,1.00
2017.08.28 08:37:35.322,1.62211,1.62238,1.87,1.13
2017.08.28 08:37:35.424,1.62211,1.62238,1.44,1.00
2017.08.28 08:37:35.680,1.62211,1.62236,1.37,1.00
2017.08.28 08:37:36.592,1.62211,1.62236,1.87,1.00
2017.08.28 08:37:37.143,1.62211,1.62236,1.37,1.00
2017.08.28 08:37:38.441,1.62211,1.62236,1.25,1.00
2017.08.28 08:37:38.986,1.62211,1.62236,1.87,1.25
2017.08.28 08:37:39.488,1.62211,1.62236,1.69,1.25
2017.08.28 08:37:41.537,1.62211,1.62237,1.00,1.31
2017.08.28 08:37:42.084,1.62211,1.62237,1.50,1.56
2017.08.28 08:37:42.609,1.62211,1.62237,1.50,1.56
2017.08.28 08:37:42.761,1.62211,1.62237,1.00,1.12
2017.08.28 08:37:43.282,1.62211,1.62237,1.50,1.56
2017.08.28 08:37:43.897,1.62211,1.62237,1.00,1.31
2017.08.28 08:37:44.141,1.62213,1.62241,2.62,1.31
2017.08.28 08:37:44.242,1.62213,1.62241,1.50,1.63
2017.08.28 08:37:44.344,1.62211,1.62239,2.06,1.38
2017.08.28 08:37:45.086,1.62212,1.62237,1.19,1.25
2017.08.28 08:37:45.601,1.62212,1.62237,1.00,1.50
2017.08.28 08:37:46.710,1.62212,1.62238,1.00,1.00
2017.08.28 08:37:47.035,1.62212,1.62236,1.00,1.00
2017.08.28 08:37:47.635,1.62212,1.62237,1.00,1.50
2017.08.28 08:37:48.157,1.62212,1.62235,1.44,1.00
2017.08.28 08:37:48.633,1.62211,1.62235,1.25,1.00
2017.08.28 08:37:49.429,1.62212,1.62236,1.12,1.00
2017.08.28 08:37:49.480,1.62211,1.62238,1.87,1.13
2017.08.28 08:37:49.531,1.62212,1.62238,1.00,2.06
2017.08.28 08:37:49.583,1.6221,1.62237,1.00,1.00
2017.08.28 08:37:49.786,1.62212,1.62237,1.00,1.44
2017.08.28 08:37:50.473,1.62211,1.62236,1.00,1.00
2017.08.28 08:37:51.016,1.62211,1.62237,1.00,1.88
2017.08.28 08:37:51.464,1.62211,1.62235,1.00,1.00
2017.08.28 08:37:51.616,1.62207,1.62235,3.00,1.00
2017.08.28 08:37:52.271,1.62208,1.62235,1.56,1.50
2017.08.28 08:37:52.423,1.62207,1.62235,3.56,1.50
2017.08.28 08:37:52.998,1.62208,1.62235,1.62,1.88
2017.08.28 08:37:53.541,1.62207,1.62235,3.00,1.00
2017.08.28 08:37:54.588,1.62207,1.62235,2.06,1.00
2017.08.28 08:37:55.279,1.62207,1.62235,3.00,1.00
2017.08.28 08:37:55.966,1.62208,1.62235,1.81,1.25
2017.08.28 08:37:56.517,1.62207,1.62235,3.00,1.00
2017.08.28 08:37:57.233,1.62208,1.62235,1.81,1.25
2017.08.28 08:37:57.519,1.62211,1.62235,1.00,1.25
2017.08.28 08:37:57.570,1.62207,1.62235,3.38,1.00
2017.08.28 08:37:58.303,1.62208,1.62235,1.69,1.25
2017.08.28 08:37:58.354,1.62208,1.62235,1.25,1.00
2017.08.28 08:37:58.966,1.62209,1.62235,1.00,1.25
2017.08.28 08:37:59.931,1.62208,1.62235,1.25,1.00
2017.08.28 08:38:00.722,1.62208,1.62235,2.06,1.25
2017.08.28 08:38:00.885,1.62211,1.62235,1.00,1.00
2017.08.28 08:38:00.986,1.62208,1.62235,2.06,1.25
2017.08.28 08:38:01.507,1.62207,1.62235,1.37,1.00
2017.08.28 08:38:01.761,1.62209,1.62235,1.37,1.00
2017.08.28 08:38:02.305,1.6221,1.62235,1.37,1.00
2017.08.28 08:38:02.981,1.62209,1.62235,1.37,1.00
2017.08.28 08:38:03.696,1.62209,1.62235,1.37,1.00
2017.08.28 08:38:08.251,1.62212,1.62235,1.00,1.00
2017.08.28 08:38:08.850,1.62212,1.62236,1.00,1.00
2017.08.28 08:38:09.736,1.62211,1.62236,1.00,1.00
2017.08.28 08:38:10.271,1.62211,1.62237,1.69,1.56
2017.08.28 08:38:10.777,1.62211,1.62237,1.12,1.13
2017.08.28 08:38:11.095,1.62211,1.62237,1.50,1.50
2017.08.28 08:38:11.499,1.62211,1.62237,1.25,1.88
2017.08.28 08:38:12.100,1.62212,1.62237,1.25,1.25
2017.08.28 08:38:12.268,1.62213,1.62236,1.13,1.00
2017.08.28 08:38:12.473,1.62212,1.62238,1.88,1.00
2017.08.28 08:38:12.676,1.62212,1.6224,1.69,1.25
2017.08.28 08:38:13.223,1.62213,1.6224,1.38,1.63
2017.08.28 08:38:13.821,1.62211,1.6224,1.75,1.69
2017.08.28 08:38:14.376,1.62211,1.6224,1.56,2.06
2017.08.28 08:38:15.138,1.62211,1.6224,1.56,1.31
2017.08.28 08:38:16.133,1.62211,1.6224,1.75,1.56
2017.08.28 08:38:16.768,1.62211,1.6224,1.75,1.88
2017.08.28 08:38:17.468,1.62211,1.6224,1.56,2.06
2017.08.28 08:38:18.234,1.62211,1.6224,1.56,1.31
2017.08.28 08:38:18.476,1.62212,1.6224,1.13,1.31
2017.08.28 08:38:19.821,1.62214,1.6224,1.44,1.56
2017.08.28 08:38:20.168,1.62213,1.6224,1.12,1.63
2017.08.28 08:38:20.377,1.62211,1.6224,2.44,1.13
2017.08.28 08:38:20.878,1.62211,1.62239,1.69,1.13
2017.08.28 08:38:21.081,1.62212,1.62241,1.56,1.25
2017.08.28 08:38:21.881,1.62211,1.62241,2.44,2.44
2017.08.28 08:38:22.364,1.62211,1.62241,2.81,1.31
2017.08.28 08:38:22.915,1.62212,1.62241,1.13,1.31
2017.08.28 08:38:23.337,1.62211,1.6224,2.44,1.31
2017.08.28 08:38:25.255,1.62212,1.6224,1.13,1.50
2017.08.28 08:38:25.922,1.62211,1.6224,1.94,2.06
2017.08.28 08:38:26.235,1.62211,1.6224,1.94,1.63
2017.08.28 08:38:27.106,1.62211,1.6224,1.75,1.44
2017.08.28 08:38:27.622,1.62213,1.6224,1.94,1.63
2017.08.28 08:38:30.380,1.62213,1.6224,1.13,1.25
2017.08.28 08:38:30.691,1.62211,1.6224,1.75,1.31
2017.08.28 08:38:30.793,1.62214,1.6224,1.13,1.31
2017.08.28 08:38:31.327,1.62211,1.6224,1.94,1.25
2017.08.28 08:38:31.878,1.62215,1.62242,1.38,2.81
2017.08.28 08:38:31.980,1.62215,1.62241,1.38,1.63
2017.08.28 08:38:32.537,1.62214,1.62241,1.31,1.44
2017.08.28 08:38:33.041,1.62214,1.6224,1.13,1.44
2017.08.28 08:38:33.551,1.62212,1.6224,1.31,1.00
2017.08.28 08:38:33.899,1.62214,1.62242,1.88,1.25
2017.08.28 08:38:34.153,1.62213,1.6224,1.69,1.00
2017.08.28 08:38:34.710,1.62212,1.62238,1.94,1.00
2017.08.28 08:38:34.995,1.62213,1.6224,1.13,1.31
2017.08.28 08:38:35.526,1.62211,1.6224,2.44,1.00
2017.08.28 08:38:35.678,1.62213,1.62241,1.31,1.19
2017.08.28 08:38:35.991,1.62216,1.62244,1.37,2.62
2017.08.28 08:38:36.217,1.62216,1.62244,1.50,3.00
2017.08.28 08:38:36.581,1.62216,1.62244,1.37,1.87
2017.08.28 08:38:37.183,1.62214,1.62244,1.12,3.00
2017.08.28 08:38:39.542,1.62217,1.62244,1.37,1.87
2017.08.28 08:38:39.643,1.62213,1.62244,2.06,3.00
2017.08.28 08:38:40.143,1.62214,1.62242,1.12,1.50
2017.08.28 08:38:40.789,1.62214,1.62242,1.37,1.44
2017.08.28 08:38:41.093,1.62216,1.62243,1.62,1.00
2017.08.28 08:38:41.672,1.62216,1.62246,1.62,4.12
2017.08.28 08:38:41.976,1.62216,1.62245,2.06,3.19
2017.08.28 08:38:43.208,1.62217,1.62243,1.44,1.87
2017.08.28 08:38:43.777,1.62217,1.62243,1.37,1.87
2017.08.28 08:38:45.275,1.62217,1.62243,1.37,2.25
2017.08.28 08:38:46.592,1.62214,1.62243,1.37,1.87
2017.08.28 08:38:47.201,1.62213,1.62242,1.75,1.37
2017.08.28 08:38:47.680,1.62222,1.62242,1.94,1.00
2017.08.28 08:38:47.782,1.62222,1.62248,1.87,1.00
2017.08.28 08:38:47.833,1.62222,1.6225,2.62,1.25
2017.08.28 08:38:48.724,1.62221,1.6225,3.00,1.31
2017.08.28 08:38:48.775,1.62217,1.62246,2.44,1.88
2017.08.28 08:38:49.080,1.62212,1.6224,2.06,1.25
2017.08.28 08:38:49.384,1.6221,1.62237,1.87,1.00
2017.08.28 08:38:49.486,1.6221,1.62239,2.06,1.88
2017.08.28 08:38:50.033,1.62209,1.62239,3.37,1.44
2017.08.28 08:38:50.388,1.62212,1.62239,1.12,2.06
2017.08.28 08:38:51.063,1.62212,1.62239,1.12,2.06
2017.08.28 08:38:51.545,1.62212,1.62239,1.44,2.06
2017.08.28 08:38:51.743,1.62212,1.62239,1.37,1.88
2017.08.28 08:38:52.287,1.62212,1.62237,1.31,1.00
2017.08.28 08:38:52.794,1.62212,1.62238,1.87,1.50
2017.08.28 08:38:53.963,1.62212,1.62238,2.06,2.63
2017.08.28 08:38:54.716,1.62212,1.62238,2.06,1.00
2017.08.28 08:38:55.130,1.62212,1.62236,1.69,1.00
2017.08.28 08:38:55.645,1.62213,1.62238,1.19,1.25
2017.08.28 08:38:55.814,1.62215,1.62239,1.19,1.50
2017.08.28 08:38:56.669,1.62212,1.62241,1.12,2.06
2017.08.28 08:38:56.976,1.62212,1.62239,1.12,1.00
2017.08.28 08:38:57.508,1.62212,1.62239,1.12,1.25
2017.08.28 08:38:58.095,1.62212,1.62239,1.12,1.00
2017.08.28 08:38:58.623,1.62211,1.62239,1.87,1.00
2017.08.28 08:38:59.356,1.62212,1.62239,1.12,1.19
2017.08.28 08:38:59.887,1.62212,1.62239,1.12,1.50
2017.08.28 08:39:00.206,1.62217,1.6224,1.19,1.00
2017.08.28 08:39:00.752,1.62217,1.62241,1.00,1.00
2017.08.28 08:39:01.064,1.62222,1.62245,1.00,1.25
2017.08.28 08:39:01.790,1.62222,1.62247,1.00,4.69
2017.08.28 08:39:01.942,1.62222,1.62248,1.50,1.25
2017.08.28 08:39:02.450,1.62222,1.62248,1.50,1.19
2017.08.28 08:39:03.057,1.62222,1.62249,1.44,1.69
2017.08.28 08:39:05.068,1.62222,1.62248,1.87,1.25
2017.08.28 08:39:06.020,1.62222,1.62249,1.50,2.25
2017.08.28 08:39:06.901,1.6222,1.62247,1.87,1.50
2017.08.28 08:39:07.207,1.62222,1.62244,1.00,1.25
2017.08.28 08:39:08.259,1.62222,1.62248,2.25,1.50
2017.08.28 08:39:08.871,1.62222,1.62248,2.62,1.00
2017.08.28 08:39:10.076,1.62222,1.62248,3.19,1.00
2017.08.28 08:39:10.301,1.62226,1.62248,1.00,1.00
2017.08.28 08:39:10.617,1.62222,1.62248,2.25,1.00
2017.08.28 08:39:11.133,1.62226,1.62248,1.00,1.00
2017.08.28 08:39:14.177,1.62226,1.62249,1.00,1.25
2017.08.28 08:39:14.382,1.62227,1.62252,1.00,1.19
2017.08.28 08:39:14.433,1.62231,1.62252,1.00,1.00
2017.08.28 08:39:14.653,1.62231,1.62254,1.00,1.25
2017.08.28 08:39:23.971,1.62232,1.62254,1.00,1.00
2017.08.28 08:39:24.561,1.62231,1.62254,1.25,1.00
2017.08.28 08:39:25.110,1.62232,1.62255,1.00,1.00
2017.08.28 08:39:27.105,1.6223,1.62255,1.25,1.00
2017.08.28 08:39:33.344,1.6223,1.62253,1.50,1.00
2017.08.28 08:39:33.858,1.6223,1.62255,1.00,1.00
2017.08.28 08:39:35.062,1.62231,1.62256,1.00,1.00
2017.08.28 08:39:36.283,1.62229,1.62256,1.31,1.69
2017.08.28 08:39:38.976,1.62229,1.62254,1.56,1.00
2017.08.28 08:39:39.524,1.6223,1.62255,1.00,1.00
2017.08.28 08:39:39.840,1.62232,1.62256,1.00,1.25
2017.08.28 08:39:41.248,1.62231,1.62253,1.00,1.00
2017.08.28 08:39:41.350,1.62225,1.62248,1.87,1.00
2017.08.28 08:39:41.503,1.62227,1.62252,1.12,1.87
2017.08.28 08:39:42.025,1.62231,1.62252,1.00,1.00
2017.08.28 08:39:42.655,1.62231,1.62253,1.00,1.50
2017.08.28 08:39:43.195,1.62231,1.62254,1.00,1.25
2017.08.28 08:39:43.836,1.62229,1.62252,1.25,1.00
2017.08.28 08:39:44.160,1.62227,1.62252,1.31,1.00
2017.08.28 08:39:48.227,1.62227,1.62252,1.65,1.00
2017.08.28 08:39:48.457,1.62227,1.62254,2.25,1.00
2017.08.28 08:39:48.974,1.62229,1.62254,1.00,1.00
2017.08.28 08:39:49.317,1.62231,1.62256,1.00,2.62
2017.08.28 08:39:51.142,1.6223,1.62255,1.00,1.44
2017.08.28 08:39:51.673,1.62231,1.62256,1.00,1.87
2017.08.28 08:39:52.206,1.62231,1.62255,1.00,1.37
2017.08.28 08:39:52.789,1.62231,1.62255,1.00,1.25
2017.08.28 08:39:53.336,1.62231,1.62256,1.00,1.87
2017.08.28 08:39:53.756,1.62233,1.62256,1.00,1.44
2017.08.28 08:39:54.226,1.62233,1.62256,1.00,1.25
2017.08.28 08:39:54.837,1.62233,1.62256,1.00,1.19
2017.08.28 08:39:55.682,1.62233,1.62256,1.00,1.69
2017.08.28 08:39:56.269,1.62233,1.62256,1.00,1.19
2017.08.28 08:39:56.724,1.6223,1.62255,1.00,1.19
2017.08.28 08:39:56.825,1.62233,1.62256,1.00,1.69
2017.08.28 08:39:57.612,1.62233,1.62256,1.00,1.44
2017.08.28 08:39:58.324,1.62233,1.62256,1.00,1.87
2017.08.28 08:39:59.144,1.62233,1.62255,1.00,1.44
2017.08.28 08:39:59.922,1.62234,1.62255,1.00,1.12
2017.08.28 08:40:00.425,1.62233,1.62255,1.00,1.12
2017.08.28 08:40:01.129,1.62233,1.62255,1.00,1.37
2017.08.28 08:40:01.759,1.62232,1.62255,1.00,1.62
2017.08.28 08:40:02.068,1.62229,1.62255,1.37,1.62
2017.08.28 08:40:02.713,1.62229,1.62255,1.00,1.62
2017.08.28 08:40:02.944,1.62227,1.62254,1.25,1.44
2017.08.28 08:40:03.605,1.62227,1.62254,1.00,1.25
2017.08.28 08:40:04.213,1.62227,1.62254,1.25,1.44
2017.08.28 08:40:05.709,1.62227,1.62254,1.25,1.44
2017.08.28 08:40:06.554,1.62227,1.62254,1.19,1.19
2017.08.28 08:40:07.596,1.62227,1.62254,1.50,1.00
2017.08.28 08:40:09.345,1.62227,1.62254,1.75,1.12
2017.08.28 08:40:09.497,1.62229,1.62256,1.81,1.00
2017.08.28 08:40:09.751,1.62232,1.62258,1.00,1.19
2017.08.28 08:40:10.454,1.62232,1.62256,1.00,1.19
2017.08.28 08:40:12.346,1.62231,1.62258,1.25,1.37
2017.08.28 08:40:12.599,1.62231,1.62259,1.00,2.06
2017.08.28 08:40:13.001,1.62229,1.62256,1.12,1.12
2017.08.28 08:40:13.353,1.62228,1.62254,1.31,1.25
2017.08.28 08:40:16.537,1.62228,1.62254,1.75,1.00
2017.08.28 08:40:16.689,1.62236,1.62263,1.25,1.31
2017.08.28 08:40:16.791,1.62233,1.62262,1.50,1.19
2017.08.28 08:40:17.096,1.62232,1.62258,1.00,1.19
2017.08.28 08:40:20.110,1.62232,1.62256,1.00,1.44
2017.08.28 08:40:21.247,1.62232,1.62256,1.00,1.25
2017.08.28 08:40:21.563,1.62231,1.62254,1.19,1.00
2017.08.28 08:40:21.665,1.62233,1.62259,1.31,1.44
2017.08.28 08:40:22.169,1.62233,1.62259,1.00,1.31
2017.08.28 08:40:22.220,1.62233,1.62259,1.25,1.56
2017.08.28 08:40:22.766,1.62231,1.62258,1.31,1.24
2017.08.28 08:40:23.276,1.62231,1.62258,1.31,1.00
2017.08.28 08:40:23.784,1.62231,1.62259,2.06,1.87
2017.08.28 08:40:24.510,1.62231,1.62259,2.06,1.87
2017.08.28 08:40:25.140,1.62231,1.62259,2.06,1.87
2017.08.28 08:40:26.790,1.62234,1.6226,1.69,1.25
2017.08.28 08:40:27.463,1.62236,1.62261,1.00,1.00
2017.08.28 08:40:27.790,1.62232,1.62258,1.62,1.24
2017.08.28 08:40:28.349,1.62232,1.62257,1.62,1.00
2017.08.28 08:40:28.850,1.62232,1.62257,1.62,1.00
2017.08.28 08:40:29.353,1.62232,1.62257,1.37,1.00
2017.08.28 08:40:29.885,1.62232,1.62258,1.56,1.69
2017.08.28 08:40:30.433,1.62231,1.62255,1.56,1.00
2017.08.28 08:40:30.622,1.62231,1.62257,2.25,1.00
2017.08.28 08:40:31.132,1.62231,1.62257,1.31,1.00
2017.08.28 08:40:31.661,1.62231,1.62257,1.37,1.00
2017.08.28 08:40:32.192,1.62231,1.62254,1.62,1.00
2017.08.28 08:40:32.344,1.62231,1.62257,1.69,1.00
2017.08.28 08:40:32.584,1.62231,1.62259,1.69,2.06
2017.08.28 08:40:32.832,1.62231,1.62258,2.06,1.31
2017.08.28 08:40:33.361,1.62231,1.62259,2.06,1.69
2017.08.28 08:40:34.146,1.62231,1.62258,2.25,1.25
2017.08.28 08:40:34.722,1.62234,1.62259,1.25,1.25
2017.08.28 08:40:35.484,1.62234,1.62258,1.31,1.25
2017.08.28 08:40:36.267,1.62234,1.62259,1.25,1.25
2017.08.28 08:40:36.802,1.62234,1.62259,1.25,1.18
2017.08.28 08:40:37.319,1.62234,1.62258,1.44,1.44
2017.08.28 08:40:37.371,1.62234,1.6226,1.44,1.00
2017.08.28 08:40:37.472,1.62234,1.6226,1.00,1.19
2017.08.28 08:40:37.726,1.62232,1.6226,1.69,2.06
2017.08.28 08:40:38.243,1.62232,1.6226,1.69,2.52
2017.08.28 08:40:38.925,1.62232,1.6226,1.87,3.46
2017.08.28 08:40:39.782,1.62232,1.6226,1.69,3.46
2017.08.28 08:40:41.709,1.62232,1.6226,1.44,3.46
2017.08.28 08:40:42.546,1.62232,1.62257,1.25,1.25
2017.08.28 08:40:42.597,1.62228,1.62254,1.75,1.00
2017.08.28 08:40:42.648,1.62227,1.62254,1.62,1.50
2017.08.28 08:40:43.214,1.62227,1.62253,1.62,1.00
2017.08.28 08:40:44.635,1.62227,1.62253,1.44,1.00
2017.08.28 08:40:45.195,1.62227,1.62253,1.37,1.50
2017.08.28 08:40:45.451,1.62227,1.62254,1.12,1.00
2017.08.28 08:40:45.654,1.62229,1.62254,1.44,1.00
2017.08.28 08:40:46.069,1.62222,1.6225,1.87,1.50
2017.08.28 08:40:46.222,1.62224,1.62252,1.87,1.12
2017.08.28 08:40:46.273,1.62227,1.62252,1.00,1.50
2017.08.28 08:40:46.724,1.62227,1.62253,1.00,1.25
2017.08.28 08:40:47.937,1.62227,1.62254,1.50,1.25
2017.08.28 08:40:48.453,1.62227,1.62253,1.69,1.25
2017.08.28 08:40:51.097,1.62227,1.62253,1.69,1.25
2017.08.28 08:40:51.734,1.62228,1.62254,2.44,1.25
2017.08.28 08:40:52.441,1.62227,1.62254,2.81,1.25
2017.08.28 08:40:53.081,1.62228,1.62255,1.50,2.44
2017.08.28 08:40:53.600,1.62228,1.62255,1.19,2.44
2017.08.28 08:40:54.426,1.62227,1.62254,2.62,1.00
2017.08.28 08:40:55.153,1.62227,1.62255,2.62,1.69
2017.08.28 08:40:55.362,1.62232,1.62255,1.00,1.50
2017.08.28 08:40:55.515,1.62232,1.62257,1.00,1.00
2017.08.28 08:40:58.441,1.62232,1.62257,1.25,1.69
2017.08.28 08:40:59.031,1.62232,1.62257,1.00,1.25
2017.08.28 08:40:59.656,1.62232,1.62257,1.25,1.69
2017.08.28 08:41:00.385,1.62232,1.62257,1.25,1.25
2017.08.28 08:41:00.911,1.62231,1.62257,1.31,1.25
2017.08.28 08:41:01.777,1.62231,1.62258,1.31,1.69
2017.08.28 08:41:04.360,1.62231,1.62257,1.50,1.25
2017.08.28 08:41:05.372,1.62231,1.62258,1.25,1.69
2017.08.28 08:41:07.843,1.62231,1.62257,1.87,1.19
2017.08.28 08:41:09.926,1.62231,1.62258,2.06,1.69
2017.08.28 08:41:10.871,1.62231,1.62257,1.37,1.00
2017.08.28 08:41:11.393,1.62231,1.62258,1.44,1.00
2017.08.28 08:41:12.027,1.62232,1.62257,1.25,1.25
2017.08.28 08:41:13.377,1.62232,1.62258,1.00,1.25
2017.08.28 08:41:14.414,1.62232,1.62257,1.62,1.25
2017.08.28 08:41:15.734,1.62232,1.62258,1.37,1.25
2017.08.28 08:41:16.414,1.62231,1.62259,1.69,1.69
2017.08.28 08:41:16.952,1.62231,1.62259,2.00,1.69
2017.08.28 08:41:18.106,1.62231,1.62259,1.75,1.00
2017.08.28 08:41:20.854,1.62233,1.62259,1.44,1.00
2017.08.28 08:41:21.574,1.62233,1.6226,1.81,1.69
2017.08.28 08:41:22.106,1.62236,1.62261,1.25,1.31
2017.08.28 08:41:22.732,1.62236,1.6226,1.31,1.25
2017.08.28 08:41:23.277,1.62236,1.62261,1.25,1.00
2017.08.28 08:41:24.974,1.62234,1.62261,1.56,1.00
2017.08.28 08:41:30.322,1.62234,1.62261,1.90,1.00
2017.08.28 08:41:30.373,1.62242,1.62259,1.75,1.00
2017.08.28 08:41:30.475,1.62243,1.62267,1.37,1.00
2017.08.28 08:41:30.766,1.6224,1.62266,2.59,1.77
2017.08.28 08:41:31.279,1.62237,1.62265,2.44,1.00
2017.08.28 08:41:34.094,1.62237,1.62265,3.00,1.00
2017.08.28 08:41:34.196,1.62237,1.62263,1.69,1.00
2017.08.28 08:41:35.465,1.62237,1.62263,1.56,1.69
2017.08.28 08:41:36.445,1.62237,1.62264,2.06,1.00
2017.08.28 08:41:37.239,1.62237,1.62263,2.06,1.00
2017.08.28 08:41:38.128,1.62237,1.62264,1.87,1.00
2017.08.28 08:41:39.109,1.62238,1.62264,1.87,1.00
2017.08.28 08:41:39.642,1.62239,1.62264,1.37,1.00
2017.08.28 08:41:40.108,1.62239,1.62264,1.12,1.00
2017.08.28 08:41:40.218,1.62241,1.62265,1.19,1.00
2017.08.28 08:41:40.268,1.62241,1.62267,1.25,1.00
2017.08.28 08:41:40.834,1.62241,1.62268,1.12,2.25
2017.08.28 08:41:41.365,1.62241,1.62268,1.44,2.25
2017.08.28 08:41:42.540,1.62242,1.62267,1.19,1.00
2017.08.28 08:41:43.096,1.62241,1.62268,2.25,1.50
2017.08.28 08:41:43.685,1.62242,1.62267,1.19,1.00
2017.08.28 08:41:44.385,1.62241,1.62268,2.25,1.50
2017.08.28 08:41:45.075,1.62241,1.62267,2.44,1.00
2017.08.28 08:41:47.167,1.62242,1.62268,1.19,1.00
2017.08.28 08:41:47.724,1.62241,1.62267,1.69,1.00
2017.08.28 08:41:50.246,1.62242,1.62267,1.19,1.00
2017.08.28 08:41:50.865,1.62244,1.62267,1.50,1.00
2017.08.28 08:41:50.966,1.62245,1.62271,1.44,1.00
2017.08.28 08:41:51.141,1.62246,1.62273,1.44,1.00
2017.08.28 08:41:51.685,1.62246,1.62273,1.50,1.00
2017.08.28 08:41:52.190,1.62246,1.62273,1.37,1.00
2017.08.28 08:41:52.557,1.62248,1.62274,1.50,1.00
2017.08.28 08:41:53.363,1.62249,1.62275,1.31,1.00
2017.08.28 08:41:53.703,1.62251,1.62275,1.19,1.00
2017.08.28 08:41:55.696,1.6225,1.62271,1.25,1.00
2017.08.28 08:41:55.798,1.62247,1.62271,1.56,1.00
2017.08.28 08:41:55.900,1.62244,1.62269,1.62,1.00
2017.08.28 08:41:56.052,1.62241,1.62266,1.56,1.00
2017.08.28 08:41:56.583,1.62242,1.62268,1.69,1.12
2017.08.28 08:41:57.155,1.62242,1.62267,1.62,1.00
2017.08.28 08:41:57.206,1.6224,1.62265,2.62,1.00
2017.08.28 08:41:57.257,1.6224,1.62267,2.44,1.50
2017.08.28 08:41:57.764,1.62241,1.62266,1.56,1.12
2017.08.28 08:41:58.295,1.62241,1.62267,1.56,1.12
2017.08.28 08:41:58.815,1.62241,1.62266,1.56,1.00
2017.08.28 08:41:59.915,1.62243,1.62267,1.44,1.12
2017.08.28 08:42:00.796,1.62244,1.62266,1.44,1.12
2017.08.28 08:42:01.457,1.62243,1.62267,1.44,1.12
2017.08.28 08:42:02.748,1.62241,1.62269,2.44,1.37
2017.08.28 08:42:03.324,1.62241,1.62269,2.44,1.37
2017.08.28 08:42:03.874,1.62244,1.62268,1.56,1.12
2017.08.28 08:42:04.406,1.62244,1.6227,1.56,1.62
2017.08.28 08:42:04.951,1.62244,1.6227,1.62,1.12
2017.08.28 08:42:05.839,1.62245,1.62271,1.44,2.81
2017.08.28 08:42:07.804,1.62245,1.62271,1.25,2.06
2017.08.28 08:42:08.503,1.62245,1.62271,1.25,2.81
2017.08.28 08:42:09.500,1.62245,1.62271,1.25,3.00
2017.08.28 08:42:09.602,1.62245,1.62271,1.62,3.00
2017.08.28 08:42:10.120,1.62244,1.62269,1.56,1.12
2017.08.28 08:42:11.296,1.62243,1.6227,1.62,1.37
2017.08.28 08:42:11.935,1.62243,1.6227,1.81,1.37
2017.08.28 08:42:12.037,1.62243,1.62271,1.81,3.56
2017.08.28 08:42:12.577,1.62243,1.62271,1.31,1.37
2017.08.28 08:42:12.780,1.62243,1.62271,1.56,3.75
2017.08.28 08:42:12.991,1.62243,1.62271,1.31,1.62
2017.08.28 08:42:13.213,1.62243,1.62271,1.56,2.81
2017.08.28 08:42:13.730,1.62243,1.62271,1.31,1.37
2017.08.28 08:42:14.835,1.62243,1.62271,1.81,3.56
2017.08.28 08:42:14.938,1.62243,1.62271,1.31,1.12
2017.08.28 08:42:14.989,1.62243,1.62271,1.81,3.56
2017.08.28 08:42:15.560,1.62243,1.62269,1.31,1.12
2017.08.28 08:42:17.082,1.62243,1.62271,1.81,3.75
2017.08.28 08:42:18.269,1.62242,1.6227,1.81,1.37
2017.08.28 08:42:18.910,1.62244,1.6227,1.31,1.37
2017.08.28 08:42:19.408,1.62245,1.62271,1.25,1.12
2017.08.28 08:42:19.545,1.62247,1.62275,1.56,3.00
2017.08.28 08:42:19.596,1.62247,1.62275,1.56,1.37
2017.08.28 08:42:19.648,1.6225,1.62279,1.62,2.06
2017.08.28 08:42:20.197,1.62252,1.62279,1.12,1.50
2017.08.28 08:42:20.648,1.62253,1.62279,1.62,1.00
2017.08.28 08:42:20.699,1.62253,1.62281,1.12,2.44
2017.08.28 08:42:20.750,1.62255,1.62281,1.00,2.44
2017.08.28 08:42:21.256,1.62255,1.62281,1.00,2.06
2017.08.28 08:42:21.604,1.62252,1.6228,3.19,1.31
2017.08.28 08:42:22.557,1.62252,1.6228,3.19,1.31
2017.08.28 08:42:23.095,1.62252,1.6228,2.44,1.25
2017.08.28 08:42:23.603,1.62252,1.6228,3.19,1.31
2017.08.28 08:42:24.992,1.62252,1.6228,2.44,1.25
2017.08.28 08:42:28.002,1.62253,1.62281,1.37,3.56
2017.08.28 08:42:28.419,1.62252,1.6228,3.19,1.31
2017.08.28 08:42:30.862,1.62252,1.62277,3.19,1.00
2017.08.28 08:42:32.060,1.62254,1.62277,1.00,1.00
2017.08.28 08:42:33.627,1.62254,1.62278,1.00,1.00
2017.08.28 08:42:35.310,1.62254,1.62277,1.00,1.00
2017.08.28 08:42:35.417,1.62252,1.62278,1.00,1.50
2017.08.28 08:42:36.134,1.62252,1.62277,2.06,1.00
2017.08.28 08:42:36.762,1.62252,1.62278,1.50,1.00
2017.08.28 08:42:37.297,1.62251,1.62277,2.25,1.25
2017.08.28 08:42:38.408,1.62253,1.62278,1.00,1.50
2017.08.28 08:42:41.990,1.62253,1.62277,1.00,1.00
2017.08.28 08:42:43.414,1.62253,1.62278,1.00,1.00
2017.08.28 08:42:47.178,1.62253,1.62279,1.00,2.06
2017.08.28 08:42:50.468,1.62251,1.62276,1.12,1.44
2017.08.28 08:42:50.620,1.62249,1.62274,1.25,1.00
2017.08.28 08:42:50.671,1.62249,1.62277,1.69,2.06
2017.08.28 08:42:51.497,1.6225,1.62277,1.00,1.25
2017.08.28 08:42:51.990,1.62249,1.62272,1.00,1.25
2017.08.28 08:42:52.041,1.62246,1.62273,1.00,1.25
2017.08.28 08:42:52.092,1.62246,1.6227,1.31,1.00
2017.08.28 08:42:52.728,1.62244,1.6227,1.69,1.00
2017.08.28 08:42:52.830,1.62244,1.62272,1.69,1.00
2017.08.28 08:42:53.361,1.62244,1.62272,1.69,1.25
2017.08.28 08:42:53.871,1.62244,1.62272,3.00,1.50
2017.08.28 08:42:54.392,1.62246,1.62274,2.06,1.62
2017.08.28 08:42:54.726,1.62243,1.62271,2.81,1.25
2017.08.28 08:42:54.828,1.62245,1.62274,1.50,2.81
2017.08.28 08:42:55.246,1.62244,1.6227,1.87,1.00
2017.08.28 08:42:55.912,1.62245,1.62271,1.44,1.00
2017.08.28 08:42:56.389,1.62245,1.62273,1.69,1.87
2017.08.28 08:42:56.780,1.62244,1.6227,1.50,1.00
2017.08.28 08:42:57.016,1.62244,1.62272,2.00,1.12
2017.08.28 08:42:57.118,1.62246,1.62273,2.81,2.06
2017.08.28 08:42:57.481,1.62246,1.62273,1.25,1.00
2017.08.28 08:42:57.633,1.62248,1.62274,1.00,1.69
2017.08.28 08:42:58.055,1.62245,1.62274,1.87,1.69
2017.08.28 08:42:58.157,1.62244,1.6227,1.62,1.00
2017.08.28 08:42:58.521,1.62244,1.6227,1.94,1.00
2017.08.28 08:42:58.572,1.62249,1.62275,1.00,1.12
2017.08.28 08:42:58.826,1.62249,1.62277,1.25,1.87
2017.08.28 08:42:58.927,1.62249,1.62277,2.00,2.25
2017.08.28 08:42:59.428,1.62252,1.62276,1.25,1.00
2017.08.28 08:42:59.841,1.62252,1.62273,1.12,1.00
2017.08.28 08:43:03.223,1.62252,1.62273,1.44,1.00
2017.08.28 08:43:03.537,1.62249,1.62273,1.69,1.00
2017.08.28 08:43:03.712,1.62248,1.62273,1.50,1.50
2017.08.28 08:43:03.815,1.62248,1.62271,1.25,1.00
2017.08.28 08:43:04.119,1.62248,1.62274,1.31,1.00
2017.08.28 08:43:04.220,1.62248,1.62274,1.56,1.25
2017.08.28 08:43:04.423,1.62248,1.62274,2.06,1.00
2017.08.28 08:43:04.627,1.62248,1.62276,2.25,1.00
2017.08.28 08:43:04.678,1.6225,1.62278,1.19,1.00
2017.08.28 08:43:04.780,1.62249,1.62274,1.50,1.00
2017.08.28 08:43:04.995,1.62248,1.62274,2.25,1.00
2017.08.28 08:43:05.706,1.6225,1.62274,1.44,1.00
2017.08.28 08:43:05.909,1.6225,1.62276,1.50,1.00
2017.08.28 08:43:05.960,1.62253,1.62279,1.00,2.02
2017.08.28 08:43:06.613,1.62253,1.62274,1.00,1.00
2017.08.28 08:43:07.049,1.6225,1.62274,1.37,1.00
2017.08.28 08:43:07.587,1.62251,1.62274,1.37,1.00
2017.08.28 08:43:08.472,1.62251,1.62274,1.12,1.00
2017.08.28 08:43:08.929,1.62252,1.62274,1.44,1.00
2017.08.28 08:43:09.486,1.6225,1.62274,1.50,1.00
2017.08.28 08:43:09.998,1.6225,1.62274,1.75,1.00
2017.08.28 08:43:10.134,1.6225,1.62274,1.62,1.00
2017.08.28 08:43:10.473,1.62254,1.62278,1.44,1.00
2017.08.28 08:43:10.823,1.6227,1.62295,1.25,1.63
2017.08.28 08:43:10.874,1.62274,1.62298,1.00,1.38
2017.08.28 08:43:11.026,1.62274,1.62299,1.00,1.00
2017.08.28 08:43:11.077,1.62279,1.62299,1.00,1.31
2017.08.28 08:43:11.854,1.62279,1.62301,1.00,1.50
2017.08.28 08:43:12.360,1.62279,1.62298,1.00,1.00
2017.08.28 08:43:12.985,1.62276,1.62298,1.00,1.00
2017.08.28 08:43:13.300,1.62278,1.62298,1.00,1.00
2017.08.28 08:43:13.830,1.62279,1.62298,1.00,1.00
2017.08.28 08:43:14.598,1.62278,1.62298,1.00,1.00
2017.08.28 08:43:15.515,1.6228,1.62298,1.00,1.00
2017.08.28 08:43:15.718,1.62278,1.62298,1.00,1.00
2017.08.28 08:43:16.564,1.62276,1.62297,1.00,1.00
2017.08.28 08:43:17.179,1.62276,1.62298,1.00,1.69
2017.08.28 08:43:18.451,1.62277,1.62298,1.00,1.25
2017.08.28 08:43:18.993,1.62277,1.62297,1.00,1.00
2017.08.28 08:43:20.254,1.62277,1.62298,1.00,1.00
2017.08.28 08:43:21.192,1.62279,1.62298,1.00,1.00
2017.08.28 08:43:21.243,1.62277,1.62298,1.00,1.00
2017.08.28 08:43:22.118,1.62277,1.62297,1.00,1.00
2017.08.28 08:43:23.047,1.62277,1.62298,1.00,1.00
2017.08.28 08:43:23.817,1.62277,1.62297,1.00,1.00
2017.08.28 08:43:24.227,1.62276,1.62293,1.00,1.00
2017.08.28 08:43:24.430,1.62275,1.62298,1.00,3.38
2017.08.28 08:43:24.683,1.62277,1.62298,1.00,2.44
2017.08.28 08:43:25.233,1.62277,1.62297,1.00,1.25
2017.08.28 08:43:26.133,1.62277,1.62298,1.00,2.25
2017.08.28 08:43:26.749,1.62278,1.62298,1.00,2.25
2017.08.28 08:43:27.282,1.62278,1.62297,1.00,1.00
2017.08.28 08:43:27.828,1.62278,1.62298,1.00,1.50
2017.08.28 08:43:28.367,1.62278,1.62297,1.00,1.00
2017.08.28 08:43:28.891,1.62278,1.62298,1.00,2.25
2017.08.28 08:43:29.196,1.6228,1.62297,1.00,1.00
2017.08.28 08:43:29.843,1.6228,1.62298,1.00,1.00
2017.08.28 08:43:31.551,1.62282,1.62298,1.00,1.00
2017.08.28 08:43:31.764,1.6228,1.62297,1.00,1.00
2017.08.28 08:43:32.259,1.62282,1.62298,1.00,2.25
2017.08.28 08:43:32.918,1.62282,1.62297,1.00,1.00
2017.08.28 08:43:33.121,1.62282,1.62302,1.00,2.63
2017.08.28 08:43:33.223,1.62282,1.62302,1.00,2.63
2017.08.28 08:43:34.313,1.62282,1.62302,1.00,1.88
2017.08.28 08:43:35.954,1.62281,1.62302,1.00,1.13
2017.08.28 08:43:36.495,1.62281,1.62301,1.00,1.13
2017.08.28 08:43:36.596,1.62279,1.62301,1.00,1.38
2017.08.28 08:43:37.904,1.62281,1.62302,1.00,1.69
2017.08.28 08:43:38.410,1.62281,1.62302,1.00,1.88
2017.08.28 08:43:39.014,1.62282,1.62302,1.00,1.88
2017.08.28 08:43:39.213,1.62279,1.62302,1.00,1.88
2017.08.28 08:43:40.014,1.62279,1.62302,1.00,1.38
2017.08.28 08:43:42.021,1.62279,1.62299,1.00,1.00
2017.08.28 08:43:44.919,1.62282,1.62299,1.00,1.00
2017.08.28 08:43:45.371,1.62279,1.62298,1.00,1.00
2017.08.28 08:43:45.953,1.62279,1.62299,1.00,1.00
2017.08.28 08:43:50.490,1.62278,1.62299,1.00,1.00
2017.08.28 08:43:51.055,1.62278,1.62298,1.00,1.00
2017.08.28 08:43:51.603,1.62277,1.62298,1.00,1.00
2017.08.28 08:43:52.109,1.62278,1.62298,1.00,1.00
2017.08.28 08:43:52.312,1.62281,1.62298,1.00,1.00
2017.08.28 08:43:52.546,1.62279,1.62298,1.00,1.00
2017.08.28 08:43:53.228,1.62278,1.62298,1.00,1.25
2017.08.28 08:43:53.482,1.6228,1.62298,1.00,1.00
2017.08.28 08:43:53.930,1.62278,1.62298,1.00,1.00
2017.08.28 08:43:56.869,1.6228,1.62298,1.00,1.00
2017.08.28 08:43:57.371,1.62278,1.62298,1.00,1.00
2017.08.28 08:44:00.692,1.62282,1.62298,1.00,1.00
2017.08.28 08:44:03.381,1.6228,1.62298,1.00,1.00
2017.08.28 08:44:03.923,1.62279,1.62298,1.00,1.00
2017.08.28 08:44:05.074,1.6228,1.62298,1.00,1.00
2017.08.28 08:44:05.575,1.62281,1.62298,1.00,1.00
2017.08.28 08:44:05.919,1.6228,1.62303,1.00,2.25
2017.08.28 08:44:05.970,1.6228,1.62303,1.00,1.00
2017.08.28 08:44:06.021,1.62285,1.62303,1.00,1.12
2017.08.28 08:44:06.224,1.62285,1.62306,1.00,2.44
2017.08.28 08:44:06.377,1.62289,1.62305,1.00,1.00
2017.08.28 08:44:06.428,1.62291,1.62308,1.00,1.00
2017.08.28 08:44:06.705,1.62289,1.62308,1.00,1.00
2017.08.28 08:44:07.058,1.62287,1.62308,1.00,1.00
2017.08.28 08:44:07.565,1.62286,1.62308,1.00,1.00
2017.08.28 08:44:09.259,1.62287,1.62308,1.00,1.00
2017.08.28 08:44:09.564,1.6229,1.62309,1.00,1.00
2017.08.28 08:44:10.066,1.62289,1.62309,1.00,1.00
2017.08.28 08:44:10.663,1.62288,1.62309,1.00,1.00
2017.08.28 08:44:11.655,1.62286,1.62303,1.00,1.25
2017.08.28 08:44:11.706,1.62281,1.62304,1.75,1.00
2017.08.28 08:44:11.808,1.62282,1.62298,1.00,1.00
2017.08.28 08:44:11.909,1.62277,1.62298,2.25,1.00
2017.08.28 08:44:12.112,1.62276,1.62299,1.00,1.00
2017.08.28 08:44:12.416,1.62278,1.62299,1.00,1.25
2017.08.28 08:44:12.710,1.62279,1.62303,1.00,1.13
2017.08.28 08:44:12.812,1.62281,1.62304,1.00,1.56
2017.08.28 08:44:12.914,1.62278,1.62304,1.00,2.06
2017.08.28 08:44:13.421,1.62278,1.62299,1.00,1.25
2017.08.28 08:44:13.797,1.62279,1.62305,1.63,1.50
2017.08.28 08:44:13.911,1.62287,1.62305,1.00,1.00
2017.08.28 08:44:13.962,1.62287,1.62309,1.00,1.63
2017.08.28 08:44:14.013,1.62289,1.62308,1.00,1.38
2017.08.28 08:44:14.216,1.62287,1.62308,1.00,1.13
2017.08.28 08:44:14.796,1.62287,1.62308,1.00,1.44
2017.08.28 08:44:15.367,1.62288,1.62309,1.00,1.44
2017.08.28 08:44:15.936,1.62288,1.62309,1.00,1.25
2017.08.28 08:44:16.990,1.62288,1.62309,1.00,1.44
2017.08.28 08:44:17.503,1.62287,1.62309,1.00,1.44
2017.08.28 08:44:18.033,1.62287,1.62309,1.00,1.25
2017.08.28 08:44:18.563,1.62287,1.62309,1.00,1.44
2017.08.28 08:44:22.848,1.62288,1.62308,1.00,1.00
2017.08.28 08:44:24.655,1.62288,1.62303,1.00,1.00
2017.08.28 08:44:24.756,1.6229,1.62309,1.00,1.00
2017.08.28 08:44:29.701,1.6229,1.62311,1.00,1.44
2017.08.28 08:44:30.119,1.62291,1.62312,1.00,1.00
2017.08.28 08:44:30.640,1.62291,1.62311,1.00,1.00
2017.08.28 08:44:31.143,1.6229,1.62312,1.00,1.00
2017.08.28 08:44:31.300,1.6229,1.62311,1.00,1.19
2017.08.28 08:44:31.960,1.62291,1.62312,1.00,1.69
2017.08.28 08:44:32.941,1.62291,1.62313,1.00,2.44
2017.08.28 08:44:33.733,1.62286,1.6231,1.00,1.25
2017.08.28 08:44:34.587,1.62286,1.62309,1.00,1.12
2017.08.28 08:44:35.262,1.62286,1.6231,1.00,1.12
2017.08.28 08:44:35.921,1.62286,1.62309,1.00,1.12
2017.08.28 08:44:38.751,1.62286,1.6231,1.00,1.12
2017.08.28 08:44:39.757,1.62286,1.62309,1.00,1.12
2017.08.28 08:44:40.265,1.62286,1.62309,1.00,1.44
2017.08.28 08:44:44.117,1.62285,1.6231,1.00,1.44
2017.08.28 08:44:44.803,1.62285,1.62309,1.00,1.44
2017.08.28 08:44:45.480,1.62285,1.6231,1.00,1.44
2017.08.28 08:44:47.125,1.62285,1.62309,1.00,1.19
2017.08.28 08:44:47.906,1.62285,1.6231,1.00,1.19
2017.08.28 08:44:48.881,1.62285,1.62311,1.12,1.69
2017.08.28 08:44:48.932,1.62285,1.62309,1.12,1.25
2017.08.28 08:44:49.586,1.62285,1.6231,1.00,1.19
2017.08.28 08:44:53.597,1.62285,1.62309,1.00,1.19
2017.08.28 08:44:54.169,1.62285,1.6231,1.00,1.19
2017.08.28 08:44:54.718,1.62285,1.62309,1.00,1.19
2017.08.28 08:44:55.642,1.62285,1.6231,1.00,1.19
2017.08.28 08:44:58.152,1.62285,1.6231,1.00,1.25
2017.08.28 08:44:59.045,1.62285,1.62309,1.00,1.00
2017.08.28 08:44:59.609,1.62284,1.6231,1.00,1.25
2017.08.28 08:44:59.918,1.62292,1.62309,1.31,1.00
2017.08.28 08:44:59.969,1.62292,1.62318,1.25,2.25
2017.08.28 08:45:00.020,1.62294,1.62318,1.25,2.81
2017.08.28 08:45:00.326,1.62294,1.6232,1.00,1.19
2017.08.28 08:45:00.377,1.62297,1.62321,1.00,1.87
2017.08.28 08:45:00.476,1.62297,1.62322,1.00,1.69
2017.08.28 08:45:00.987,1.62296,1.62322,1.00,1.87
2017.08.28 08:45:01.140,1.62296,1.62321,1.12,1.62
2017.08.28 08:45:01.448,1.62293,1.62315,1.00,1.44
2017.08.28 08:45:01.550,1.62287,1.62314,1.62,1.19
2017.08.28 08:45:02.047,1.62285,1.62309,1.69,1.00
2017.08.28 08:45:02.150,1.62284,1.6231,1.00,1.19
2017.08.28 08:45:02.201,1.62283,1.62309,1.69,1.00
2017.08.28 08:45:02.726,1.62286,1.6231,1.50,1.00
2017.08.28 08:45:03.030,1.62287,1.62312,1.00,1.87
2017.08.28 08:45:03.780,1.62286,1.62312,1.50,1.87
2017.08.28 08:45:04.406,1.62286,1.6231,1.50,1.00
2017.08.28 08:45:06.758,1.62286,1.62312,1.00,2.25
2017.08.28 08:45:07.366,1.62285,1.62308,1.00,1.00
2017.08.28 08:45:10.101,1.62285,1.62311,1.00,1.25
2017.08.28 08:45:10.391,1.62288,1.62312,1.00,2.25
2017.08.28 08:45:11.263,1.62285,1.62311,1.31,1.19
2017.08.28 08:45:15.988,1.62285,1.62311,1.62,1.19
2017.08.28 08:45:16.089,1.62288,1.62311,1.00,1.25
2017.08.28 08:45:16.639,1.62289,1.62312,1.00,2.06
2017.08.28 08:45:16.803,1.62287,1.62312,1.00,2.06
2017.08.28 08:45:17.747,1.62287,1.62312,1.00,1.31
2017.08.28 08:45:17.849,1.6229,1.62316,1.56,2.25
2017.08.28 08:45:18.055,1.62296,1.62319,1.00,1.12
2017.08.28 08:45:18.106,1.62293,1.62317,1.00,1.19
2017.08.28 08:45:18.157,1.6229,1.62318,1.00,2.06
2017.08.28 08:45:18.666,1.6229,1.62317,1.12,1.31
2017.08.28 08:45:19.203,1.6229,1.62316,1.00,1.44
2017.08.28 08:45:21.967,1.6229,1.62314,1.50,1.25
2017.08.28 08:45:22.575,1.6229,1.62315,1.37,1.00
2017.08.28 08:45:23.576,1.6229,1.62314,1.50,1.25
2017.08.28 08:45:24.088,1.6229,1.62315,1.37,1.19
2017.08.28 08:45:24.628,1.6229,1.62314,1.50,1.19
2017.08.28 08:45:24.919,1.62289,1.62315,1.37,2.62
2017.08.28 08:45:25.101,1.62289,1.62314,1.12,2.06
2017.08.28 08:45:25.749,1.62289,1.62314,1.37,1.62
2017.08.28 08:45:26.972,1.62289,1.62314,1.87,1.00
2017.08.28 08:45:27.323,1.6229,1.62314,1.37,1.25
2017.08.28 08:45:27.897,1.6229,1.62315,1.37,3.00
2017.08.28 08:45:28.253,1.6229,1.62314,1.12,1.00
2017.08.28 08:45:29.075,1.6229,1.62313,1.12,1.00
2017.08.28 08:45:29.828,1.6229,1.62313,1.37,1.25
2017.08.28 08:45:31.136,1.6229,1.62313,1.12,1.00
2017.08.28 08:45:31.641,1.6229,1.62313,1.37,1.25
2017.08.28 08:45:32.204,1.6229,1.62313,1.12,1.00
2017.08.28 08:45:33.227,1.6229,1.62314,1.37,2.44
2017.08.28 08:45:35.280,1.62291,1.62315,1.00,2.81
2017.08.28 08:45:35.733,1.62289,1.62315,1.87,2.81
2017.08.28 08:45:35.784,1.62289,1.62314,2.06,1.69
2017.08.28 08:45:36.031,1.62289,1.62314,1.87,1.00
2017.08.28 08:45:36.754,1.62289,1.62314,1.87,2.44
2017.08.28 08:45:38.306,1.62289,1.62314,1.87,1.69
2017.08.28 08:45:39.050,1.62289,1.62315,1.87,2.81
2017.08.28 08:45:40.956,1.62289,1.62314,1.87,2.44
2017.08.28 08:45:44.058,1.62289,1.62314,1.87,2.06
2017.08.28 08:45:44.722,1.6229,1.62314,1.12,1.19
2017.08.28 08:45:45.256,1.6229,1.62314,1.12,1.25
2017.08.28 08:45:45.522,1.62285,1.62313,2.25,1.31
2017.08.28 08:45:46.236,1.62285,1.62313,2.06,1.12
2017.08.28 08:45:46.867,1.62285,1.62314,2.25,3.37
2017.08.28 08:45:47.368,1.62285,1.62313,2.06,1.31
2017.08.28 08:45:49.184,1.62285,1.62312,2.06,1.50
2017.08.28 08:45:49.316,1.62285,1.62313,1.87,1.87
2017.08.28 08:45:49.837,1.62285,1.62312,1.87,2.06
2017.08.28 08:45:50.086,1.62285,1.62311,1.50,1.19
2017.08.28 08:45:50.289,1.62285,1.62311,1.37,1.31
2017.08.28 08:45:50.340,1.62285,1.62311,1.00,1.19
2017.08.28 08:45:50.851,1.62285,1.62311,1.00,1.19
2017.08.28 08:45:51.458,1.62285,1.62311,1.12,1.62
2017.08.28 08:45:52.111,1.62285,1.62311,1.00,1.44
2017.08.28 08:45:53.459,1.6228,1.62302,1.37,1.19
2017.08.28 08:45:53.510,1.62277,1.62298,1.50,1.19
2017.08.28 08:45:53.613,1.62274,1.62293,1.12,1.00
2017.08.28 08:45:53.664,1.6227,1.62293,1.69,1.00
2017.08.28 08:45:53.715,1.6227,1.62293,1.69,1.00
2017.08.28 08:45:54.445,1.6227,1.62294,1.37,1.69
2017.08.28 08:45:55.420,1.6227,1.62293,1.62,1.00
2017.08.28 08:45:55.656,1.6227,1.62294,1.00,1.50
2017.08.28 08:45:56.358,1.6227,1.62294,1.00,1.69
2017.08.28 08:45:59.780,1.6227,1.62293,1.31,1.19
2017.08.28 08:46:00.734,1.6227,1.62294,1.00,1.69
2017.08.28 08:46:00.785,1.6227,1.62293,1.62,1.25
2017.08.28 08:46:01.089,1.62272,1.62293,1.00,1.19
2017.08.28 08:46:01.518,1.62271,1.62294,1.00,1.69
2017.08.28 08:46:02.348,1.62271,1.62293,1.00,1.19
2017.08.28 08:46:02.978,1.62269,1.62293,2.25,1.44
2017.08.28 08:46:03.553,1.62269,1.62293,2.25,1.44
2017.08.28 08:46:04.588,1.62269,1.62294,2.06,1.87
2017.08.28 08:46:05.669,1.62269,1.62293,2.25,1.37
2017.08.28 08:46:06.279,1.62269,1.62293,2.25,1.37
2017.08.28 08:46:06.919,1.62269,1.62294,1.87,1.87
2017.08.28 08:46:07.599,1.62269,1.62293,1.87,1.44
2017.08.28 08:46:08.068,1.62269,1.62294,1.87,2.62
2017.08.28 08:46:08.939,1.62269,1.62293,1.87,1.44
2017.08.28 08:46:09.333,1.62269,1.62295,1.37,1.31
2017.08.28 08:46:09.536,1.6227,1.62297,1.37,1.25
2017.08.28 08:46:09.587,1.62274,1.62297,1.12,1.44
2017.08.28 08:46:09.638,1.62274,1.62299,1.12,1.50
2017.08.28 08:46:09.689,1.62274,1.623,1.37,1.44
2017.08.28 08:46:10.195,1.62274,1.62299,1.37,1.62
2017.08.28 08:46:10.732,1.62276,1.62301,1.37,1.62
2017.08.28 08:46:11.326,1.62277,1.623,1.37,1.37
2017.08.28 08:46:13.567,1.62277,1.623,1.37,1.19
2017.08.28 08:46:15.165,1.62276,1.623,1.37,1.19
2017.08.28 08:46:15.817,1.62276,1.623,1.00,1.44
2017.08.28 08:46:16.361,1.62276,1.623,1.00,1.56
2017.08.28 08:46:17.517,1.62272,1.62298,1.00,1.75
2017.08.28 08:46:17.569,1.62271,1.62296,1.37,1.38
2017.08.28 08:46:17.671,1.62269,1.62295,1.37,1.63
2017.08.28 08:46:17.823,1.62268,1.62294,1.12,1.56
2017.08.28 08:46:18.366,1.62267,1.62294,1.37,2.06
2017.08.28 08:46:18.519,1.62266,1.62291,1.12,1.38
2017.08.28 08:46:18.724,1.62263,1.6229,1.37,1.88
2017.08.28 08:46:18.885,1.62263,1.6229,1.62,1.38
2017.08.28 08:46:18.936,1.62263,1.6229,1.37,1.38
2017.08.28 08:46:19.037,1.62266,1.6229,1.00,1.38
2017.08.28 08:46:19.467,1.62268,1.62293,1.00,1.88
2017.08.28 08:46:19.995,1.62267,1.62291,1.00,1.44
2017.08.28 08:46:20.416,1.62267,1.62291,1.00,1.38
2017.08.28 08:46:21.021,1.62267,1.62291,1.00,1.38
2017.08.28 08:46:21.614,1.62267,1.62291,1.00,1.38
2017.08.28 08:46:22.216,1.62267,1.62291,1.00,1.63
2017.08.28 08:46:22.317,1.62265,1.62293,1.12,2.63
2017.08.28 08:46:22.368,1.62265,1.6229,1.37,1.38
2017.08.28 08:46:22.888,1.62264,1.6229,1.37,1.38
2017.08.28 08:46:23.093,1.62262,1.62289,1.62,1.38
2017.08.28 08:46:23.342,1.62263,1.6229,1.62,2.25
2017.08.28 08:46:24.265,1.62263,1.6229,1.81,1.69
2017.08.28 08:46:24.835,1.62263,1.6229,1.81,1.69
2017.08.28 08:46:25.366,1.62263,1.62289,1.75,1.38
2017.08.28 08:46:29.267,1.62263,1.62289,1.81,1.25
2017.08.28 08:46:34.077,1.62263,1.62291,1.81,1.81
2017.08.28 08:46:34.587,1.62263,1.6229,1.94,1.44
2017.08.28 08:46:35.187,1.62263,1.62291,1.81,1.63
2017.08.28 08:46:35.498,1.62263,1.6229,1.75,1.88
2017.08.28 08:46:36.066,1.62266,1.6229,1.81,1.88
2017.08.28 08:46:36.667,1.62266,1.62291,1.31,2.06
2017.08.28 08:46:37.707,1.62265,1.6229,1.75,1.63
2017.08.28 08:46:38.011,1.62265,1.62293,1.75,2.06
2017.08.28 08:46:38.200,1.62262,1.6229,1.75,1.38
2017.08.28 08:46:38.713,1.62263,1.62289,1.75,1.44
2017.08.28 08:46:39.378,1.62263,1.62289,1.75,1.38
2017.08.28 08:46:39.608,1.62263,1.62289,1.75,1.19
2017.08.28 08:46:39.659,1.62263,1.6229,1.75,1.13
2017.08.28 08:46:40.181,1.62263,1.62289,1.75,1.13
2017.08.28 08:46:43.389,1.62261,1.62287,1.87,1.38
2017.08.28 08:46:43.440,1.62261,1.62284,1.00,1.38
2017.08.28 08:46:43.541,1.62257,1.62285,2.25,1.38
2017.08.28 08:46:43.693,1.62257,1.62284,1.75,1.38
2017.08.28 08:46:44.271,1.62257,1.62282,2.62,1.38
2017.08.28 08:46:44.323,1.62258,1.62284,1.37,1.38
2017.08.28 08:46:44.475,1.62259,1.62285,1.87,2.25
2017.08.28 08:46:44.628,1.62259,1.62285,1.00,2.25
2017.08.28 08:46:45.226,1.62259,1.6228,1.31,1.00
2017.08.28 08:46:45.765,1.62259,1.62284,1.25,1.56
2017.08.28 08:46:45.968,1.62259,1.62284,1.00,1.56
2017.08.28 08:46:46.561,1.62259,1.62285,1.25,2.44
2017.08.28 08:46:47.219,1.62259,1.62282,1.00,1.63
2017.08.28 08:46:47.733,1.62259,1.62282,1.25,1.56
2017.08.28 08:46:48.240,1.6226,1.62282,1.00,1.63
2017.08.28 08:46:48.785,1.62259,1.62282,1.00,1.56
2017.08.28 08:46:48.988,1.62256,1.62284,1.19,4.31
2017.08.28 08:46:49.140,1.62254,1.62283,1.81,1.69
2017.08.28 08:46:49.549,1.62254,1.62284,1.75,2.44
2017.08.28 08:46:49.820,1.62265,1.62291,1.37,1.13
2017.08.28 08:46:50.328,1.62267,1.62289,1.00,1.00
2017.08.28 08:46:50.895,1.62264,1.6229,1.69,1.50
2017.08.28 08:46:50.946,1.62262,1.62289,1.12,1.75
2017.08.28 08:46:51.098,1.62257,1.62285,2.44,1.38
2017.08.28 08:46:51.608,1.62257,1.62285,2.62,1.56
2017.08.28 08:46:52.120,1.62257,1.62285,2.25,1.56
2017.08.28 08:46:52.793,1.62257,1.62286,2.62,2.06
2017.08.28 08:46:53.528,1.62257,1.62283,2.62,1.25
2017.08.28 08:46:53.859,1.62257,1.62283,1.69,1.63
2017.08.28 08:46:54.385,1.62257,1.62284,1.00,2.06
2017.08.28 08:46:54.841,1.62255,1.62283,1.00,1.63
2017.08.28 08:46:55.375,1.62254,1.62283,1.25,1.63
2017.08.28 08:46:55.885,1.62254,1.62284,3.00,2.06
2017.08.28 08:46:56.221,1.62254,1.62282,1.31,1.19
2017.08.28 08:46:56.730,1.62254,1.62282,2.25,2.06
2017.08.28 08:46:57.270,1.62254,1.62282,1.25,1.63
2017.08.28 08:46:57.321,1.62256,1.62282,1.00,1.31
2017.08.28 08:46:57.866,1.62256,1.62282,1.00,1.38
2017.08.28 08:46:57.967,1.62256,1.62283,1.25,2.81
2017.08.28 08:46:58.069,1.62256,1.62283,1.00,2.06
2017.08.28 08:46:58.120,1.62254,1.62283,1.31,1.63
2017.08.28 08:46:58.696,1.62255,1.62283,1.00,1.56
2017.08.28 08:46:59.203,1.62254,1.62281,2.06,1.63
2017.08.28 08:46:59.521,1.62254,1.62281,2.06,1.63
2017.08.28 08:47:00.033,1.62254,1.62281,1.00,1.63
2017.08.28 08:47:00.557,1.62254,1.62281,1.69,2.06
2017.08.28 08:47:00.609,1.62254,1.62281,1.50,1.87
2017.08.28 08:47:00.660,1.62267,1.62281,1.13,1.25
2017.08.28 08:47:00.711,1.62268,1.62285,1.37,1.00
2017.08.28 08:47:00.763,1.62268,1.62298,2.19,3.19
2017.08.28 08:47:01.270,1.6227,1.62296,1.37,1.56
2017.08.28 08:47:01.430,1.62271,1.62296,1.12,1.44
2017.08.28 08:47:01.481,1.62273,1.62296,1.12,1.63
2017.08.28 08:47:01.989,1.62272,1.62296,1.12,1.56
2017.08.28 08:47:02.365,1.62269,1.62298,1.37,2.06
2017.08.28 08:47:02.774,1.62269,1.62293,1.37,1.63
2017.08.28 08:47:02.825,1.62268,1.62293,1.12,1.56
2017.08.28 08:47:03.351,1.62268,1.62289,1.12,1.00
2017.08.28 08:47:03.858,1.62268,1.62293,1.12,1.63
2017.08.28 08:47:04.360,1.6227,1.62291,1.00,1.63
2017.08.28 08:47:04.411,1.6227,1.62291,1.37,1.12
2017.08.28 08:47:04.936,1.6227,1.62291,1.12,1.31
2017.08.28 08:47:05.338,1.62268,1.62292,1.87,1.56
2017.08.28 08:47:05.389,1.62268,1.62292,1.87,1.63
2017.08.28 08:47:05.905,1.62268,1.62292,1.87,1.56
2017.08.28 08:47:06.636,1.62268,1.62292,1.87,1.56
2017.08.28 08:47:06.738,1.62268,1.62293,1.00,2.25
2017.08.28 08:47:06.790,1.62266,1.62293,1.50,2.25
2017.08.28 08:47:07.094,1.62264,1.62288,1.12,1.00
2017.08.28 08:47:07.666,1.62264,1.62288,1.37,1.13
2017.08.28 08:47:08.183,1.62264,1.62288,1.12,1.00
2017.08.28 08:47:08.451,1.62265,1.62288,1.37,1.00
2017.08.28 08:47:09.508,1.62265,1.62288,1.37,1.00
2017.08.28 08:47:10.210,1.62265,1.62289,1.37,1.63
2017.08.28 08:47:10.941,1.62265,1.62289,1.37,1.13
2017.08.28 08:47:11.580,1.62265,1.62289,1.37,1.63
2017.08.28 08:47:11.812,1.62265,1.62289,1.12,1.13
2017.08.28 08:47:12.347,1.62264,1.62289,1.37,1.63
2017.08.28 08:47:12.398,1.62264,1.62289,1.12,1.13
2017.08.28 08:47:12.933,1.62263,1.62288,1.62,1.31
2017.08.28 08:47:14.262,1.62263,1.62288,1.81,1.44
2017.08.28 08:47:14.779,1.62264,1.62288,1.37,1.31
2017.08.28 08:47:15.293,1.62264,1.62289,1.12,2.06
2017.08.28 08:47:16.165,1.62264,1.62288,1.37,2.06
2017.08.28 08:47:16.216,1.62264,1.62284,1.12,1.38
2017.08.28 08:47:16.267,1.6226,1.62284,1.12,1.56
2017.08.28 08:47:16.318,1.6226,1.62284,1.37,1.75
2017.08.28 08:47:16.622,1.62258,1.62276,1.00,1.00
2017.08.28 08:47:16.724,1.62255,1.62276,1.00,1.00
2017.08.28 08:47:17.175,1.62257,1.62276,1.00,1.00
2017.08.28 08:47:17.429,1.62255,1.62275,1.25,1.25
2017.08.28 08:47:18.154,1.62257,1.62278,1.00,1.00
2017.08.28 08:47:19.962,1.62257,1.6228,1.00,1.44
2017.08.28 08:47:20.470,1.62257,1.6228,1.00,2.81
2017.08.28 08:47:22.277,1.62257,1.6228,1.00,1.63
2017.08.28 08:47:22.834,1.62257,1.6228,1.37,1.25
2017.08.28 08:47:22.885,1.62261,1.62281,1.00,1.88
2017.08.28 08:47:23.382,1.62258,1.62283,1.25,1.56
2017.08.28 08:47:23.999,1.62258,1.62282,1.00,1.63
2017.08.28 08:47:24.501,1.62261,1.62282,1.00,1.88
2017.08.28 08:47:25.330,1.62259,1.62282,1.00,1.38
2017.08.28 08:47:25.999,1.62258,1.62281,1.25,1.38
2017.08.28 08:47:26.095,1.62264,1.62281,1.00,1.38
2017.08.28 08:47:26.146,1.62267,1.62285,1.00,1.00
2017.08.28 08:47:26.349,1.62267,1.62287,1.00,1.00
2017.08.28 08:47:26.400,1.62265,1.62287,1.12,1.13
2017.08.28 08:47:27.552,1.62268,1.62289,1.00,1.38
2017.08.28 08:47:27.603,1.62268,1.6229,1.12,1.88
2017.08.28 08:47:29.609,1.62268,1.62289,1.37,1.25
2017.08.28 08:47:31.361,1.62271,1.6229,1.00,1.25
2017.08.28 08:47:32.098,1.62271,1.62293,1.00,2.00
2017.08.28 08:47:32.250,1.62271,1.62293,1.00,1.25
2017.08.28 08:47:33.095,1.62271,1.62293,1.12,1.88
2017.08.28 08:47:34.085,1.62271,1.62294,1.00,1.19
2017.08.28 08:47:34.237,1.62271,1.62295,1.00,1.50
2017.08.28 08:47:34.288,1.62273,1.62297,1.75,1.12
2017.08.28 08:47:34.593,1.62282,1.62305,1.37,1.88
2017.08.28 08:47:34.829,1.62281,1.62303,1.00,1.25
2017.08.28 08:47:34.981,1.62284,1.62305,1.00,2.63
2017.08.28 08:47:35.184,1.62281,1.62305,1.37,2.63
2017.08.28 08:47:35.285,1.6228,1.62302,1.00,1.00
2017.08.28 08:47:35.437,1.62277,1.62302,1.37,1.44
2017.08.28 08:47:35.690,1.6228,1.62302,1.00,1.00
2017.08.28 08:47:36.023,1.62281,1.62303,1.37,1.38
2017.08.28 08:47:36.560,1.62281,1.62303,1.37,1.44
2017.08.28 08:47:37.076,1.62281,1.62303,1.37,1.00
2017.08.28 08:47:37.738,1.62281,1.62303,1.37,1.25
2017.08.28 08:47:38.461,1.62284,1.62309,1.88,1.87
2017.08.28 08:47:38.512,1.62288,1.62309,1.37,1.12
2017.08.28 08:47:38.816,1.62291,1.62309,1.37,1.00
2017.08.28 08:47:41.129,1.62291,1.62309,1.37,1.00
2017.08.28 08:47:43.471,1.62291,1.62309,1.37,1.00
2017.08.28 08:47:44.107,1.62294,1.62309,1.00,1.00
2017.08.28 08:47:44.411,1.62288,1.62306,1.37,1.00
2017.08.28 08:47:44.513,1.62285,1.62306,1.37,1.25
2017.08.28 08:47:44.564,1.62284,1.62306,1.12,1.25
2017.08.28 08:47:44.666,1.62284,1.62305,1.37,1.25
2017.08.28 08:47:44.971,1.62293,1.62309,1.00,1.00
2017.08.28 08:47:45.517,1.62292,1.62309,1.12,1.00
2017.08.28 08:47:49.511,1.62292,1.62314,1.00,1.44
2017.08.28 08:47:49.613,1.62293,1.62317,1.37,1.44
2017.08.28 08:47:49.816,1.62296,1.6232,1.12,1.88
2017.08.28 08:47:49.867,1.62298,1.6232,1.00,1.38
2017.08.28 08:47:50.203,1.623,1.6232,1.00,1.50
2017.08.28 08:47:50.746,1.623,1.6232,1.00,1.38
2017.08.28 08:47:51.268,1.62298,1.6232,1.00,1.56
2017.08.28 08:47:51.620,1.62297,1.6232,1.00,2.06
2017.08.28 08:47:52.200,1.62297,1.6232,1.12,1.56
2017.08.28 08:47:52.601,1.62297,1.6232,1.00,1.44
2017.08.28 08:47:52.703,1.62295,1.62315,1.00,1.38
2017.08.28 08:47:52.892,1.62287,1.6231,1.37,1.00
2017.08.28 08:47:52.993,1.62287,1.6231,1.37,1.00
2017.08.28 08:47:53.513,1.62285,1.6231,1.62,1.00
2017.08.28 08:47:53.614,1.62285,1.6231,1.37,1.88
2017.08.28 08:47:54.556,1.62285,1.62308,1.37,1.00
2017.08.28 08:47:54.607,1.62285,1.6231,1.62,1.00
2017.08.28 08:47:54.961,1.62288,1.62311,1.37,1.50
2017.08.28 08:47:55.477,1.62288,1.6231,1.37,1.00
2017.08.28 08:47:56.150,1.62288,1.6231,1.37,1.38
2017.08.28 08:47:56.662,1.62288,1.6231,1.37,1.25
2017.08.28 08:47:57.435,1.6229,1.6231,1.00,1.25
2017.08.28 08:47:58.218,1.62288,1.6231,1.37,1.13
2017.08.28 08:47:58.776,1.62289,1.62311,1.00,1.13
2017.08.28 08:47:59.436,1.62289,1.6231,1.00,1.13
2017.08.28 08:48:01.220,1.62289,1.6231,1.37,1.13
2017.08.28 08:48:01.748,1.62289,1.6231,1.12,1.13
2017.08.28 08:48:02.407,1.62289,1.62311,1.00,1.13
2017.08.28 08:48:02.789,1.62289,1.62311,1.00,1.38
2017.08.28 08:48:03.001,1.62286,1.62311,1.37,1.38
2017.08.28 08:48:03.546,1.62286,1.62311,1.37,1.38
2017.08.28 08:48:04.058,1.62286,1.62311,1.37,1.13
2017.08.28 08:48:04.216,1.62286,1.6231,1.62,1.13
2017.08.28 08:48:04.756,1.62286,1.6231,1.62,1.13
2017.08.28 08:48:05.297,1.62286,1.62311,1.37,1.13
2017.08.28 08:48:05.825,1.62286,1.62309,1.37,1.00
2017.08.28 08:48:05.876,1.62287,1.62311,1.12,1.69
2017.08.28 08:48:06.381,1.62287,1.6231,1.37,1.38
2017.08.28 08:48:06.901,1.62287,1.6231,1.37,1.13
2017.08.28 08:48:07.525,1.62287,1.62311,1.12,1.88
2017.08.28 08:48:08.186,1.62287,1.6231,1.37,1.00
2017.08.28 08:48:09.107,1.62287,1.62311,1.12,1.50
2017.08.28 08:48:09.785,1.62287,1.6231,1.37,1.00
2017.08.28 08:48:10.292,1.62287,1.62311,1.12,1.69
2017.08.28 08:48:10.818,1.62287,1.62311,1.12,1.88
2017.08.28 08:48:11.324,1.62285,1.6231,1.62,1.69
2017.08.28 08:48:11.982,1.62285,1.62309,1.37,1.13
2017.08.28 08:48:12.556,1.62285,1.6231,1.37,1.88
2017.08.28 08:48:13.121,1.62285,1.62309,1.37,1.13
2017.08.28 08:48:13.696,1.62285,1.6231,1.37,1.88
2017.08.28 08:48:14.677,1.62285,1.62309,1.37,1.13
2017.08.28 08:48:15.778,1.62285,1.62309,1.37,1.13
2017.08.28 08:48:16.029,1.62285,1.6231,1.37,2.06
2017.08.28 08:48:16.618,1.62285,1.62309,1.37,1.31
2017.08.28 08:48:18.255,1.62286,1.62309,1.37,1.31
2017.08.28 08:48:19.337,1.62287,1.62309,1.12,1.63
2017.08.28 08:48:20.030,1.62287,1.62309,1.12,1.63
2017.08.28 08:48:20.693,1.62285,1.6231,1.37,2.06
2017.08.28 08:48:24.056,1.62285,1.62309,1.37,1.31
2017.08.28 08:48:25.892,1.62285,1.6231,1.37,2.06
2017.08.28 08:48:28.989,1.62286,1.62309,1.37,1.44
2017.08.28 08:48:30.697,1.62286,1.62309,1.37,1.25
2017.08.28 08:48:32.957,1.62286,1.62304,1.00,1.25
2017.08.28 08:48:33.059,1.62279,1.62304,1.00,1.56
2017.08.28 08:48:33.162,1.62276,1.62299,1.62,1.69
2017.08.28 08:48:33.675,1.62276,1.62299,1.62,1.69
2017.08.28 08:48:34.182,1.62277,1.62299,1.12,1.25
2017.08.28 08:48:34.623,1.62277,1.62297,1.12,1.00
2017.08.28 08:48:34.724,1.62275,1.62298,1.12,1.00
2017.08.28 08:48:35.028,1.62276,1.62299,1.37,1.88
2017.08.28 08:48:35.686,1.62276,1.62299,1.12,1.25
2017.08.28 08:48:36.637,1.62274,1.62299,1.62,1.88
2017.08.28 08:48:39.167,1.62275,1.623,1.12,1.19
2017.08.28 08:48:39.524,1.62276,1.62299,1.12,1.38
2017.08.28 08:48:39.626,1.62273,1.623,1.62,1.88
2017.08.28 08:48:39.879,1.62275,1.62299,1.37,1.44
2017.08.28 08:48:40.386,1.62276,1.623,1.00,1.19
2017.08.28 08:48:40.726,1.62277,1.62299,1.37,1.19
2017.08.28 08:48:41.182,1.62277,1.623,1.12,1.25
2017.08.28 08:48:41.284,1.62277,1.62299,1.37,1.44
2017.08.28 08:48:41.437,1.62277,1.62301,1.37,1.00
2017.08.28 08:48:41.538,1.6228,1.62302,1.37,2.25
2017.08.28 08:48:41.691,1.62281,1.62304,1.37,1.12
2017.08.28 08:48:42.147,1.62279,1.62304,1.37,1.44
2017.08.28 08:48:42.670,1.62279,1.62305,1.37,3.00
2017.08.28 08:48:43.289,1.62279,1.62304,1.37,1.38
2017.08.28 08:48:44.782,1.62279,1.62305,1.37,3.19
2017.08.28 08:48:44.833,1.62279,1.62302,1.37,1.25
2017.08.28 08:48:45.036,1.62278,1.62302,1.12,1.44
2017.08.28 08:48:45.239,1.62278,1.62301,1.37,1.63
2017.08.28 08:48:45.911,1.62278,1.62302,1.12,1.63
2017.08.28 08:48:46.516,1.62278,1.62301,1.37,1.87
2017.08.28 08:48:47.096,1.62278,1.62301,1.12,1.63
2017.08.28 08:48:47.676,1.62278,1.62302,1.00,1.63
2017.08.28 08:48:48.151,1.6228,1.62302,1.00,1.13
2017.08.28 08:48:48.845,1.62279,1.62302,1.12,1.25
2017.08.28 08:48:49.504,1.62279,1.62301,1.37,1.25
2017.08.28 08:48:50.159,1.62279,1.62302,1.12,1.00
2017.08.28 08:48:50.729,1.62279,1.62301,1.37,1.25
2017.08.28 08:48:51.249,1.62279,1.62302,1.12,1.25
2017.08.28 08:48:51.926,1.62279,1.62301,1.37,1.25
2017.08.28 08:48:52.459,1.62279,1.62302,1.12,1.25
2017.08.28 08:48:52.961,1.62279,1.62301,1.37,1.25
2017.08.28 08:48:53.524,1.62279,1.62301,1.37,1.38
2017.08.28 08:48:53.576,1.62279,1.62302,1.12,1.25
2017.08.28 08:48:54.271,1.62284,1.62301,1.00,1.00
2017.08.28 08:48:54.475,1.62292,1.62311,1.00,1.00
2017.08.28 08:48:54.780,1.62293,1.62314,1.00,1.13
2017.08.28 08:48:54.831,1.62296,1.62314,1.00,1.37
2017.08.28 08:48:54.933,1.62296,1.62315,1.00,1.00
2017.08.28 08:48:55.239,1.62295,1.62314,1.00,1.50
2017.08.28 08:48:55.290,1.62292,1.62314,1.00,1.50
2017.08.28 08:48:57.870,1.62294,1.62312,1.00,1.00
2017.08.28 08:48:58.929,1.62294,1.62311,1.00,1.00
2017.08.28 08:48:59.563,1.62294,1.62312,1.00,1.50
2017.08.28 08:49:00.088,1.62296,1.62315,1.00,2.19
2017.08.28 08:49:00.139,1.62296,1.62316,1.00,1.13
2017.08.28 08:49:00.679,1.62293,1.62317,1.00,2.63
2017.08.28 08:49:01.085,1.62295,1.62316,1.00,1.38
2017.08.28 08:49:01.397,1.62297,1.62317,1.00,1.44
2017.08.28 08:49:01.904,1.62296,1.62318,1.00,2.25
2017.08.28 08:49:02.428,1.62295,1.62316,1.00,1.25
2017.08.28 08:49:02.934,1.62295,1.62316,1.00,1.19
2017.08.28 08:49:03.164,1.62295,1.62317,1.00,2.25
2017.08.28 08:49:03.470,1.62295,1.62316,1.00,1.19
2017.08.28 08:49:03.855,1.62295,1.62317,1.00,1.50
2017.08.28 08:49:04.074,1.62295,1.62316,1.00,1.19
2017.08.28 08:49:04.204,1.62295,1.62317,1.00,2.25
2017.08.28 08:49:04.510,1.62297,1.62317,1.00,1.13
2017.08.28 08:49:04.814,1.62302,1.6232,1.00,1.00
2017.08.28 08:49:04.916,1.62303,1.62322,1.00,1.50
2017.08.28 08:49:05.426,1.62302,1.62321,1.00,1.00
2017.08.28 08:49:05.957,1.62305,1.62321,1.00,1.00
2017.08.28 08:49:06.514,1.62305,1.62322,1.00,1.00
2017.08.28 08:49:06.885,1.62307,1.62321,1.00,1.00
2017.08.28 08:49:11.972,1.62307,1.62322,1.00,1.00
2017.08.28 08:49:12.604,1.62307,1.62321,1.00,1.00
2017.08.28 08:49:13.759,1.62304,1.62321,1.00,1.00
2017.08.28 08:49:14.348,1.62306,1.62321,1.00,1.00
2017.08.28 08:49:14.964,1.62306,1.62322,1.00,1.00
2017.08.28 08:49:16.069,1.62303,1.62318,1.00,1.44
2017.08.28 08:49:16.171,1.62293,1.62318,1.81,1.38
2017.08.28 08:49:16.222,1.62292,1.62319,3.00,1.88
2017.08.28 08:49:17.398,1.62292,1.62318,1.87,1.38
2017.08.28 08:49:17.948,1.62292,1.62319,1.37,1.44
2017.08.28 08:49:18.575,1.62292,1.62318,1.69,1.44
2017.08.28 08:49:19.206,1.62292,1.62319,1.37,1.44
2017.08.28 08:49:19.743,1.62292,1.62318,1.69,1.44
2017.08.28 08:49:20.368,1.62292,1.62319,1.37,1.44
2017.08.28 08:49:20.650,1.62294,1.62318,1.37,1.63
2017.08.28 08:49:21.162,1.62294,1.62319,1.00,2.06
2017.08.28 08:49:21.734,1.62294,1.62319,1.12,2.06
2017.08.28 08:49:22.268,1.62294,1.62318,1.00,1.44
2017.08.28 08:49:22.572,1.62296,1.62318,1.00,1.31
2017.08.28 08:49:22.673,1.62296,1.62319,1.00,1.31
2017.08.28 08:49:22.775,1.62296,1.62318,1.00,1.63
2017.08.28 08:49:22.876,1.62294,1.62318,1.00,1.63
2017.08.28 08:49:23.385,1.62296,1.62319,1.00,1.19
2017.08.28 08:49:23.873,1.62293,1.62318,1.12,2.06
2017.08.28 08:49:24.309,1.62293,1.62314,1.00,1.25
2017.08.28 08:49:24.616,1.62291,1.62315,1.00,1.00
2017.08.28 08:49:25.349,1.62291,1.62314,1.37,1.00
2017.08.28 08:49:25.863,1.62293,1.62315,1.00,1.00
2017.08.28 08:49:26.388,1.62293,1.62314,1.00,1.00
2017.08.28 08:49:26.986,1.62293,1.62315,1.00,1.00
2017.08.28 08:49:27.547,1.62293,1.62314,1.00,1.00
2017.08.28 08:49:28.837,1.62293,1.62315,1.00,1.00
2017.08.28 08:49:29.371,1.62293,1.62314,1.00,1.00
2017.08.28 08:49:30.038,1.62293,1.62315,1.00,1.00
2017.08.28 08:49:30.553,1.62293,1.62314,1.00,1.00
2017.08.28 08:49:31.080,1.62293,1.62315,1.00,1.00
2017.08.28 08:49:31.617,1.62293,1.62314,1.00,1.00
2017.08.28 08:49:32.150,1.62293,1.62315,1.00,1.00
2017.08.28 08:49:32.697,1.62293,1.62314,1.00,1.00
2017.08.28 08:49:33.248,1.62293,1.62315,1.00,1.00
2017.08.28 08:49:33.841,1.62293,1.62314,1.00,1.00
2017.08.28 08:49:34.378,1.62294,1.62314,1.00,1.00
2017.08.28 08:49:35.019,1.62293,1.62314,1.00,1.00
2017.08.28 08:49:35.761,1.62293,1.62315,1.00,1.00
2017.08.28 08:49:36.312,1.62293,1.62314,1.00,1.00
2017.08.28 08:49:36.852,1.62293,1.62314,1.37,1.00
2017.08.28 08:49:37.363,1.62293,1.62315,1.12,1.00
2017.08.28 08:49:38.603,1.62293,1.62314,1.37,1.00
2017.08.28 08:49:39.124,1.62293,1.62315,1.12,1.00
2017.08.28 08:49:39.708,1.62293,1.62314,1.37,1.00
2017.08.28 08:49:40.271,1.62293,1.62315,1.12,1.00
2017.08.28 08:49:40.821,1.62291,1.62314,1.37,1.00
2017.08.28 08:49:41.357,1.62291,1.62315,1.37,1.00
2017.08.28 08:49:41.925,1.62291,1.62315,1.00,1.00
2017.08.28 08:49:42.462,1.62291,1.62314,1.12,1.00
2017.08.28 08:49:42.986,1.62291,1.62315,1.00,1.25
2017.08.28 08:49:44.028,1.62293,1.62314,1.00,1.00
2017.08.28 08:49:44.257,1.62291,1.62314,1.12,1.00
2017.08.28 08:49:44.827,1.62291,1.62315,1.00,1.00
2017.08.28 08:49:45.668,1.62291,1.62312,1.00,1.25
2017.08.28 08:49:45.979,1.62288,1.62309,1.50,1.00
2017.08.28 08:49:46.030,1.62289,1.62313,1.00,1.50
2017.08.28 08:49:46.583,1.62291,1.62312,1.00,1.00
2017.08.28 08:49:46.836,1.62291,1.62314,1.00,2.06
2017.08.28 08:49:47.090,1.62291,1.62312,1.00,1.00
2017.08.28 08:49:47.142,1.62288,1.62312,1.19,1.00
2017.08.28 08:49:47.645,1.62288,1.62312,1.00,1.50
2017.08.28 08:49:48.597,1.62288,1.62313,1.00,1.50
2017.08.28 08:49:49.015,1.62287,1.6231,1.00,1.44
2017.08.28 08:49:49.219,1.62281,1.62308,1.00,1.38
2017.08.28 08:49:49.421,1.62279,1.62308,1.87,1.56
2017.08.28 08:49:49.956,1.62279,1.62305,1.87,1.63
2017.08.28 08:49:50.058,1.62281,1.62308,1.62,2.06
2017.08.28 08:49:50.463,1.62283,1.62308,1.00,2.06
2017.08.28 08:49:51.102,1.62283,1.62308,1.00,1.31
2017.08.28 08:49:51.342,1.62282,1.62307,1.31,1.81
2017.08.28 08:49:51.850,1.62282,1.62307,1.00,1.44
2017.08.28 08:49:52.282,1.62282,1.62307,1.12,1.63
2017.08.28 08:49:52.535,1.62282,1.62308,1.00,2.06
2017.08.28 08:49:52.636,1.62279,1.62306,1.37,1.38
2017.08.28 08:49:52.797,1.62279,1.62305,1.69,1.44
2017.08.28 08:49:53.266,1.62279,1.62306,1.37,1.44
2017.08.28 08:49:53.417,1.62279,1.62303,1.12,1.44
2017.08.28 08:49:53.931,1.62278,1.62304,1.09,3.00
2017.08.28 08:49:54.436,1.62278,1.62303,1.46,1.31
2017.08.28 08:49:55.899,1.62278,1.62303,1.09,1.13
2017.08.28 08:49:56.407,1.62278,1.62303,1.46,2.06
2017.08.28 08:49:57.002,1.62279,1.62303,1.00,1.31
2017.08.28 08:49:57.507,1.62279,1.62303,1.00,1.25
2017.08.28 08:49:58.316,1.6228,1.62303,1.00,1.25
2017.08.28 08:49:58.766,1.62284,1.62308,1.12,1.44
2017.08.28 08:49:59.070,1.62281,1.62305,1.00,1.44
2017.08.28 08:49:59.617,1.62281,1.62304,1.12,1.31
2017.08.28 08:50:00.845,1.62281,1.62305,1.00,1.38
2017.08.28 08:50:01.674,1.62281,1.62305,1.00,1.00
2017.08.28 08:50:02.244,1.62281,1.62304,1.12,1.44
2017.08.28 08:50:02.498,1.62282,1.62305,1.00,1.00
2017.08.28 08:50:02.742,1.62287,1.62308,1.00,2.81
2017.08.28 08:50:03.249,1.62286,1.62307,1.00,1.56
2017.08.28 08:50:03.504,1.62285,1.62311,1.37,1.81
2017.08.28 08:50:03.555,1.6229,1.62313,1.00,1.31
2017.08.28 08:50:03.758,1.6229,1.62314,1.12,1.37
2017.08.28 08:50:03.860,1.62291,1.62314,1.37,1.37
2017.08.28 08:50:04.251,1.6229,1.62314,1.12,1.77
2017.08.28 08:50:04.657,1.62289,1.62309,1.00,1.00
2017.08.28 08:50:05.176,1.6229,1.62309,1.00,1.00
2017.08.28 08:50:05.227,1.62292,1.62314,1.00,1.44
2017.08.28 08:50:05.380,1.62292,1.62316,1.00,1.02
2017.08.28 08:50:05.835,1.62294,1.62319,1.12,1.21
2017.08.28 08:50:06.039,1.62296,1.62319,1.00,1.02
2017.08.28 08:50:06.378,1.62296,1.62318,1.00,1.63
2017.08.28 08:50:06.429,1.62296,1.62318,1.00,1.19
2017.08.28 08:50:06.979,1.62296,1.62318,1.00,2.08
2017.08.28 08:50:07.497,1.62296,1.6232,1.00,1.02
2017.08.28 08:50:07.548,1.62296,1.6232,1.00,1.02
2017.08.28 08:50:07.852,1.62293,1.62313,1.00,1.58
2017.08.28 08:50:08.358,1.62292,1.62313,1.00,1.37
2017.08.28 08:50:08.701,1.62292,1.62313,1.00,1.58
2017.08.28 08:50:09.106,1.62292,1.62313,1.00,1.56
2017.08.28 08:50:09.612,1.62292,1.62313,1.00,1.37
2017.08.28 08:50:10.029,1.62292,1.62309,1.00,1.00
2017.08.28 08:50:11.291,1.62289,1.62309,1.00,1.00
2017.08.28 08:50:11.827,1.62287,1.62309,1.37,1.00
2017.08.28 08:50:12.031,1.6229,1.62313,1.37,1.19
2017.08.28 08:50:12.393,1.62291,1.62313,1.12,1.25
2017.08.28 08:50:12.918,1.6229,1.62313,1.37,1.25
2017.08.28 08:50:13.489,1.6229,1.62313,1.37,1.00
2017.08.28 08:50:14.013,1.6229,1.62313,1.12,1.00
2017.08.28 08:50:14.763,1.6229,1.62313,1.37,1.25
2017.08.28 08:50:15.833,1.6229,1.62313,1.12,1.00
2017.08.28 08:50:16.355,1.6229,1.62313,1.37,1.25
2017.08.28 08:50:17.197,1.6229,1.62313,1.37,1.00
2017.08.28 08:50:17.977,1.62291,1.62313,1.37,1.19
2017.08.28 08:50:18.504,1.62292,1.62313,1.12,1.00
2017.08.28 08:50:18.555,1.62292,1.62318,1.50,1.19
2017.08.28 08:50:18.808,1.62298,1.62318,1.00,1.25
2017.08.28 08:50:18.993,1.62296,1.62318,1.00,1.25
2017.08.28 08:50:19.304,1.62296,1.62318,1.00,1.38
2017.08.28 08:50:19.355,1.62293,1.62318,1.00,1.88
2017.08.28 08:50:19.861,1.62294,1.62318,1.00,1.50
2017.08.28 08:50:20.321,1.62294,1.62318,1.00,1.63
2017.08.28 08:50:20.865,1.62294,1.62318,1.00,1.62
2017.08.28 08:50:23.787,1.62294,1.62317,1.00,1.44
2017.08.28 08:50:24.331,1.62294,1.62316,1.00,1.44
2017.08.28 08:50:24.835,1.62295,1.62317,1.00,1.19
2017.08.28 08:50:24.886,1.62295,1.62316,1.00,1.19
2017.08.28 08:50:25.089,1.62295,1.62318,1.00,1.19
2017.08.28 08:50:26.109,1.62295,1.62318,1.00,2.06
2017.08.28 08:50:26.160,1.62296,1.62319,1.00,1.12
2017.08.28 08:50:26.211,1.623,1.62319,1.00,1.25
2017.08.28 08:50:26.515,1.62304,1.62323,1.00,1.19
2017.08.28 08:50:26.849,1.62304,1.62318,1.00,1.00
2017.08.28 08:50:27.284,1.62305,1.62323,1.00,2.25
2017.08.28 08:50:27.487,1.62305,1.62323,1.00,1.00
2017.08.28 08:50:27.539,1.62307,1.62323,1.00,1.00
2017.08.28 08:50:27.843,1.62311,1.62324,1.00,1.00
2017.08.28 08:50:30.580,1.6231,1.62324,1.00,1.00
2017.08.28 08:50:32.611,1.62309,1.62324,1.00,1.00
2017.08.28 08:50:34.002,1.62311,1.62324,1.00,1.00
2017.08.28 08:50:34.515,1.6231,1.62324,1.00,1.00
2017.08.28 08:50:36.631,1.62305,1.62319,1.00,1.44
2017.08.28 08:50:36.682,1.623,1.62319,1.00,1.44
2017.08.28 08:50:36.733,1.62296,1.62319,1.75,1.63
2017.08.28 08:50:36.885,1.62295,1.62313,1.00,1.00
2017.08.28 08:50:37.535,1.62294,1.62313,1.00,1.00
2017.08.28 08:50:39.778,1.62294,1.62322,1.00,2.06
2017.08.28 08:50:39.829,1.62294,1.6232,1.00,1.37
2017.08.28 08:50:40.165,1.62297,1.62321,1.00,1.19
2017.08.28 08:50:40.470,1.62301,1.62319,1.00,1.00
2017.08.28 08:50:40.775,1.62303,1.62319,1.00,1.00
2017.08.28 08:50:42.173,1.62303,1.62323,1.00,1.44
2017.08.28 08:50:42.427,1.62303,1.62324,1.00,1.87
2017.08.28 08:50:42.832,1.62305,1.62323,1.00,1.12
2017.08.28 08:50:43.398,1.62304,1.62323,1.00,1.25
2017.08.28 08:50:44.143,1.62304,1.62326,1.00,2.25
2017.08.28 08:50:44.799,1.62304,1.62325,1.00,1.25
2017.08.28 08:50:45.265,1.62306,1.62328,1.00,1.94
2017.08.28 08:50:45.571,1.62312,1.62331,1.00,1.37
2017.08.28 08:50:45.622,1.62312,1.62331,1.00,1.25
2017.08.28 08:50:46.225,1.62312,1.62333,1.00,1.37
2017.08.28 08:50:46.419,1.62312,1.62335,1.00,1.63
2017.08.28 08:50:46.521,1.62314,1.62335,1.00,2.06
2017.08.28 08:50:47.042,1.62314,1.62335,1.00,1.63
2017.08.28 08:50:48.053,1.62314,1.62333,1.00,1.25
2017.08.28 08:50:48.797,1.62314,1.62334,1.00,1.25
2017.08.28 08:50:49.169,1.62312,1.62334,1.00,1.44
2017.08.28 08:50:49.220,1.62312,1.62333,1.00,1.38
2017.08.28 08:50:49.271,1.62312,1.62334,1.00,1.44
2017.08.28 08:50:49.512,1.62311,1.62333,1.00,1.37
2017.08.28 08:50:50.069,1.62311,1.62333,1.00,1.31
2017.08.28 08:50:50.424,1.62311,1.62333,1.00,2.25
2017.08.28 08:50:50.958,1.62311,1.62333,1.00,1.44
2017.08.28 08:50:51.109,1.62311,1.62333,1.00,1.31
2017.08.28 08:50:51.211,1.6231,1.62329,1.00,1.00
2017.08.28 08:50:51.363,1.6231,1.62334,1.00,1.87
2017.08.28 08:50:51.414,1.62314,1.62334,1.00,2.06
2017.08.28 08:50:51.617,1.6231,1.62333,1.00,1.62
2017.08.28 08:50:51.668,1.6231,1.62334,1.00,2.71
2017.08.28 08:50:51.820,1.62312,1.62334,1.00,2.52
2017.08.28 08:50:52.622,1.62312,1.62333,1.00,1.44
2017.08.28 08:50:53.170,1.62312,1.62334,1.00,1.87
2017.08.28 08:50:53.792,1.62312,1.62333,1.00,1.37
2017.08.28 08:50:54.311,1.62312,1.62334,1.00,1.56
2017.08.28 08:50:54.863,1.62312,1.62333,1.00,1.81
2017.08.28 08:50:55.543,1.62312,1.62333,1.00,1.00
2017.08.28 08:50:55.594,1.6231,1.62333,1.00,1.81
2017.08.28 08:50:56.153,1.6231,1.62333,1.00,1.50
2017.08.28 08:50:56.204,1.62312,1.62333,1.00,1.50
2017.08.28 08:50:57.313,1.62312,1.62333,1.00,1.44
2017.08.28 08:50:58.610,1.62311,1.62333,1.00,2.06
2017.08.28 08:50:59.289,1.62311,1.62329,1.00,1.00
2017.08.28 08:50:59.594,1.62309,1.62329,1.00,1.87
2017.08.28 08:50:59.645,1.62307,1.62329,1.00,1.75
2017.08.28 08:50:59.903,1.62305,1.62328,1.00,1.56
2017.08.28 08:51:00.295,1.62305,1.62329,1.00,2.52
2017.08.28 08:51:00.396,1.62306,1.62328,1.00,1.56
2017.08.28 08:51:00.939,1.62306,1.62328,1.00,1.56
2017.08.28 08:51:01.443,1.62306,1.62329,1.00,2.06
2017.08.28 08:51:02.351,1.62306,1.62328,1.00,1.56
2017.08.28 08:51:02.854,1.62305,1.62329,1.00,2.06
2017.08.28 08:51:02.906,1.62303,1.62329,1.00,2.06
2017.08.28 08:51:03.421,1.62303,1.62329,1.00,2.06
2017.08.28 08:51:04.167,1.62305,1.62329,1.00,2.06
2017.08.28 08:51:04.795,1.62305,1.62329,1.00,2.81
2017.08.28 08:51:04.897,1.62307,1.62328,1.00,1.56
2017.08.28 08:51:05.437,1.62306,1.62329,1.00,2.06
2017.08.28 08:51:06.212,1.62306,1.62328,1.00,1.81
2017.08.28 08:51:06.735,1.62306,1.62329,1.00,2.81
2017.08.28 08:51:07.264,1.62306,1.62328,1.00,1.56
2017.08.28 08:51:07.921,1.62306,1.62329,1.00,2.44
2017.08.28 08:51:08.502,1.62306,1.62328,1.00,1.81
2017.08.28 08:51:09.033,1.62306,1.62329,1.00,2.44
2017.08.28 08:51:09.764,1.62306,1.62328,1.00,1.69
2017.08.28 08:51:10.221,1.62306,1.62324,1.00,1.21
2017.08.28 08:51:10.272,1.62299,1.62322,1.00,1.63
2017.08.28 08:51:10.425,1.62296,1.6232,1.00,1.75
2017.08.28 08:51:10.944,1.62295,1.62318,1.00,1.56
2017.08.28 08:51:11.248,1.62295,1.62318,1.00,1.63
2017.08.28 08:51:11.453,1.62294,1.62317,1.00,1.56
2017.08.28 08:51:11.957,1.62294,1.62319,1.00,1.94
2017.08.28 08:51:12.480,1.62294,1.62319,1.00,2.00
2017.08.28 08:51:13.035,1.62294,1.62319,1.00,1.94
2017.08.28 08:51:13.841,1.62294,1.62319,1.00,1.69
2017.08.28 08:51:14.560,1.62296,1.6232,1.00,1.94
2017.08.28 08:51:15.233,1.62297,1.62322,1.00,1.94
2017.08.28 08:51:15.738,1.62296,1.62318,1.00,1.38
2017.08.28 08:51:17.035,1.62296,1.62317,1.00,1.38
2017.08.28 08:51:17.718,1.62296,1.62318,1.00,1.19
2017.08.28 08:51:18.410,1.62296,1.62317,1.00,1.38
2017.08.28 08:51:19.029,1.62296,1.62318,1.00,1.44
2017.08.28 08:51:19.673,1.62296,1.62317,1.00,1.44
2017.08.28 08:51:21.160,1.62296,1.62318,1.00,1.44
2017.08.28 08:51:21.703,1.62296,1.6232,1.00,1.75
2017.08.28 08:51:22.264,1.62296,1.6232,1.00,1.81
2017.08.28 08:51:22.656,1.62298,1.62323,1.00,1.75
2017.08.28 08:51:22.757,1.62298,1.62322,1.00,1.75
2017.08.28 08:51:22.859,1.623,1.62322,1.00,1.56
2017.08.28 08:51:23.323,1.62298,1.62324,1.00,2.81
2017.08.28 08:51:23.825,1.62298,1.62323,1.00,1.75
2017.08.28 08:51:24.706,1.62298,1.62322,1.00,1.75
2017.08.28 08:51:25.375,1.62298,1.62323,1.00,1.75
2017.08.28 08:51:26.315,1.62298,1.62322,1.00,1.75
2017.08.28 08:51:27.116,1.62298,1.62323,1.00,1.75
2017.08.28 08:51:27.640,1.62298,1.6232,1.00,1.00
2017.08.28 08:51:28.213,1.62298,1.62321,1.00,1.00
2017.08.28 08:51:28.742,1.62298,1.6232,1.00,1.00
2017.08.28 08:51:29.263,1.62301,1.6232,1.00,1.00
2017.08.28 08:51:29.775,1.62298,1.62322,1.00,1.75
2017.08.28 08:51:30.314,1.62298,1.62323,1.00,1.75
2017.08.28 08:51:31.337,1.62298,1.62322,1.00,1.75
2017.08.28 08:51:32.347,1.62298,1.62321,1.00,1.00
2017.08.28 08:51:33.019,1.62298,1.6232,1.00,1.00
2017.08.28 08:51:33.689,1.62298,1.62324,1.00,3.00
2017.08.28 08:51:34.769,1.62298,1.6232,1.00,1.00
2017.08.28 08:51:35.273,1.62298,1.62323,1.00,2.00
2017.08.28 08:51:37.005,1.62298,1.62322,1.00,2.00
2017.08.28 08:51:38.457,1.62298,1.62323,1.00,2.00
2017.08.28 08:51:39.104,1.62298,1.62324,1.00,2.25
2017.08.28 08:51:39.638,1.62298,1.62324,1.00,2.44
2017.08.28 08:51:40.371,1.62298,1.62324,1.00,2.44
2017.08.28 08:51:41.934,1.62298,1.62324,1.00,2.25
2017.08.28 08:51:42.462,1.62298,1.62324,1.00,2.44
2017.08.28 08:51:43.905,1.62298,1.62324,1.00,2.06
2017.08.28 08:51:43.956,1.62301,1.62324,1.00,1.69
2017.08.28 08:51:44.006,1.62301,1.62324,1.00,1.37
2017.08.28 08:51:44.521,1.62301,1.62324,1.00,1.56
2017.08.28 08:51:45.098,1.62301,1.62324,1.00,1.56
2017.08.28 08:51:45.624,1.62301,1.62322,1.00,1.63
2017.08.28 08:51:46.163,1.62302,1.62323,1.00,1.63
2017.08.28 08:51:46.435,1.62299,1.62323,1.00,1.63
2017.08.28 08:51:47.062,1.62299,1.62322,1.00,1.31
2017.08.28 08:51:47.730,1.62299,1.62323,1.00,1.31
2017.08.28 08:51:48.272,1.623,1.62322,1.00,1.31
2017.08.28 08:51:48.323,1.62293,1.62322,1.69,1.31
2017.08.28 08:51:48.715,1.62294,1.62323,1.19,1.31
2017.08.28 08:51:49.801,1.62294,1.62322,1.75,1.44
2017.08.28 08:51:50.929,1.62294,1.62323,1.44,1.31
2017.08.28 08:51:51.462,1.62295,1.62322,1.25,1.63
2017.08.28 08:51:52.008,1.62293,1.62323,2.25,1.44
2017.08.28 08:51:52.395,1.62294,1.62322,1.81,1.50
2017.08.28 08:51:52.946,1.62294,1.62322,1.75,1.50
2017.08.28 08:51:53.151,1.62293,1.62323,2.06,1.50
2017.08.28 08:51:53.842,1.62293,1.62323,2.25,1.44
2017.08.28 08:51:54.445,1.62294,1.62322,1.75,1.38
2017.08.28 08:51:54.644,1.62293,1.62323,2.25,1.56
2017.08.28 08:51:55.445,1.62294,1.62322,1.50,1.56
2017.08.28 08:51:57.895,1.62293,1.62323,1.50,1.69
2017.08.28 08:51:58.759,1.62293,1.62323,2.44,1.50
2017.08.28 08:51:59.266,1.62294,1.62322,1.38,1.88
2017.08.28 08:51:59.722,1.62293,1.62322,1.44,1.63
2017.08.28 08:51:59.874,1.62294,1.62322,1.37,2.25
2017.08.28 08:52:00.397,1.62294,1.62322,1.56,2.44
2017.08.28 08:52:01.251,1.62293,1.62322,1.63,1.63
2017.08.28 08:52:01.602,1.62294,1.62322,1.37,2.44
2017.08.28 08:52:02.106,1.62293,1.62322,1.37,1.44
2017.08.28 08:52:02.648,1.62294,1.62322,1.56,2.44
2017.08.28 08:52:03.355,1.62293,1.62322,1.37,1.44
2017.08.28 08:52:03.863,1.62294,1.62322,1.81,2.44
2017.08.28 08:52:04.663,1.62292,1.62322,1.65,1.25
2017.08.28 08:52:04.765,1.62293,1.62322,1.37,1.44
2017.08.28 08:52:05.272,1.62294,1.62322,1.38,2.44
2017.08.28 08:52:05.784,1.62293,1.62322,1.50,1.44
2017.08.28 08:52:06.451,1.62293,1.62322,1.50,1.19
2017.08.28 08:52:07.035,1.62293,1.62323,1.69,2.25
2017.08.28 08:52:07.555,1.62293,1.62322,2.81,1.31
2017.08.28 08:52:08.097,1.62293,1.62323,2.06,2.25
2017.08.28 08:52:08.650,1.62293,1.62322,2.06,1.50
2017.08.28 08:52:09.163,1.62293,1.62323,1.88,2.44
2017.08.28 08:52:09.569,1.62296,1.62323,1.50,2.25
2017.08.28 08:52:10.099,1.62296,1.62322,1.50,1.50
2017.08.28 08:52:10.325,1.62296,1.62322,1.50,1.31
2017.08.28 08:52:10.658,1.62296,1.62323,1.50,2.25
2017.08.28 08:52:11.166,1.62297,1.62323,1.00,2.06
2017.08.28 08:52:11.850,1.62297,1.62322,1.25,2.06
2017.08.28 08:52:12.410,1.62297,1.62323,1.00,2.06
2017.08.28 08:52:12.951,1.62298,1.62322,1.00,1.50
2017.08.28 08:52:14.603,1.623,1.62326,1.56,1.19
2017.08.28 08:52:14.654,1.623,1.62328,1.56,2.81
2017.08.28 08:52:14.807,1.62304,1.62328,1.00,1.44
2017.08.28 08:52:15.060,1.623,1.62328,1.63,1.38
2017.08.28 08:52:15.865,1.623,1.62327,2.06,1.00
2017.08.28 08:52:16.123,1.623,1.62327,2.63,1.00
2017.08.28 08:52:16.500,1.623,1.62327,1.94,1.00
2017.08.28 08:52:16.703,1.623,1.62328,3.38,1.00
2017.08.28 08:52:17.244,1.623,1.62327,3.19,1.00
2017.08.28 08:52:19.283,1.62301,1.62328,1.88,1.00
2017.08.28 08:52:19.790,1.62301,1.62327,1.88,1.00
2017.08.28 08:52:20.328,1.62301,1.62328,2.63,1.00
2017.08.28 08:52:21.022,1.62301,1.62327,1.88,1.00
2017.08.28 08:52:21.874,1.62301,1.62327,1.88,1.19
2017.08.28 08:52:22.382,1.623,1.62327,3.38,1.00
2017.08.28 08:52:22.890,1.623,1.62328,3.38,1.00
2017.08.28 08:52:23.447,1.623,1.62331,3.19,2.00
2017.08.28 08:52:24.067,1.623,1.62331,2.06,1.75
2017.08.28 08:52:24.122,1.623,1.62331,1.87,1.31
2017.08.28 08:52:24.224,1.62307,1.62331,1.00,1.69
2017.08.28 08:52:24.376,1.62307,1.62333,2.15,1.12
2017.08.28 08:52:25.107,1.62308,1.62332,1.09,1.00
2017.08.28 08:52:25.639,1.6231,1.62332,1.44,1.00
2017.08.28 08:52:26.987,1.62314,1.62332,1.00,1.00
2017.08.28 08:52:27.498,1.62314,1.62333,1.00,1.00
2017.08.28 08:52:29.841,1.62312,1.62333,1.00,1.00
2017.08.28 08:52:30.373,1.62313,1.62333,1.00,1.00
2017.08.28 08:52:31.900,1.62313,1.62332,1.00,1.00
2017.08.28 08:52:32.443,1.62313,1.62333,1.00,1.50
2017.08.28 08:52:32.983,1.62313,1.62332,1.00,1.00
2017.08.28 08:52:33.517,1.62313,1.62333,1.00,1.50
2017.08.28 08:52:34.046,1.62313,1.62332,1.00,1.00
2017.08.28 08:52:34.607,1.62315,1.62332,1.00,1.00
2017.08.28 08:52:35.144,1.62315,1.62333,1.00,1.00
2017.08.28 08:52:35.580,1.62312,1.62333,1.00,1.00
2017.08.28 08:52:36.170,1.62312,1.62332,1.00,1.00
2017.08.28 08:52:36.554,1.62314,1.62333,1.00,1.00
2017.08.28 08:52:36.605,1.6231,1.62333,1.00,1.44
2017.08.28 08:52:36.656,1.62309,1.6233,1.00,1.19
2017.08.28 08:52:36.707,1.62305,1.62328,1.50,1.25
2017.08.28 08:52:37.220,1.62304,1.62327,1.00,1.00
2017.08.28 08:52:37.749,1.62305,1.62328,1.00,2.81
2017.08.28 08:52:38.009,1.62305,1.62327,1.00,1.31
2017.08.28 08:52:38.313,1.62306,1.62327,1.38,1.00
2017.08.28 08:52:38.364,1.62309,1.62331,1.00,2.25
2017.08.28 08:52:38.933,1.62309,1.62331,1.00,1.31
2017.08.28 08:52:39.523,1.62309,1.62332,1.00,2.81
2017.08.28 08:52:40.403,1.62309,1.62331,1.00,1.56
2017.08.28 08:52:40.607,1.62307,1.62332,1.00,2.44
2017.08.28 08:52:41.364,1.62307,1.62332,1.00,2.44
2017.08.28 08:52:41.764,1.62309,1.62332,1.00,2.44
2017.08.28 08:52:42.204,1.62309,1.6233,1.00,1.00
2017.08.28 08:52:42.373,1.62309,1.62332,1.00,2.44
2017.08.28 08:52:42.526,1.62306,1.62328,1.00,1.25
2017.08.28 08:52:43.048,1.62307,1.62327,1.00,1.00
2017.08.28 08:52:43.557,1.62307,1.62328,1.00,1.00
2017.08.28 08:52:44.108,1.62307,1.62327,1.19,1.00
2017.08.28 08:52:44.633,1.62307,1.62327,1.00,1.00
2017.08.28 08:52:44.734,1.62305,1.62327,1.00,1.00
2017.08.28 08:52:44.836,1.62305,1.62331,1.00,2.00
2017.08.28 08:52:44.887,1.6231,1.62333,1.00,1.12
2017.08.28 08:52:45.039,1.62318,1.62343,1.25,3.19
2017.08.28 08:52:45.090,1.62322,1.62343,1.00,1.00
2017.08.28 08:52:45.236,1.62322,1.62345,1.00,1.00
2017.08.28 08:52:45.618,1.62322,1.62344,1.25,1.19
2017.08.28 08:52:45.719,1.62321,1.62345,1.25,1.00
2017.08.28 08:52:46.326,1.62321,1.62344,1.31,1.00
2017.08.28 08:52:46.833,1.62323,1.62345,1.00,1.00
2017.08.28 08:52:47.493,1.62323,1.62344,1.00,1.00
2017.08.28 08:52:48.332,1.62323,1.62345,1.00,1.00
2017.08.28 08:52:48.874,1.62323,1.62344,1.00,1.00
2017.08.28 08:52:49.396,1.62323,1.62345,1.00,1.00
2017.08.28 08:52:50.091,1.62323,1.62344,1.00,1.00
2017.08.28 08:52:50.749,1.62323,1.62345,1.00,1.00
2017.08.28 08:52:51.003,1.62324,1.62347,1.00,1.88
2017.08.28 08:52:51.274,1.62322,1.62347,1.00,1.88
2017.08.28 08:52:51.578,1.62322,1.62347,1.25,2.06
2017.08.28 08:52:52.123,1.62323,1.62346,1.00,1.31
2017.08.28 08:52:52.773,1.62323,1.62346,1.00,1.25
2017.08.28 08:52:53.473,1.62323,1.62347,1.00,1.37
2017.08.28 08:52:53.984,1.62323,1.62347,1.00,1.44
2017.08.28 08:52:54.333,1.62323,1.62344,1.00,1.00
2017.08.28 08:52:54.991,1.62323,1.62345,1.00,1.00
2017.08.28 08:52:55.581,1.62323,1.62345,1.00,1.19
2017.08.28 08:52:56.361,1.62323,1.62345,1.00,1.00
2017.08.28 08:52:56.462,1.62321,1.62344,1.00,1.00
2017.08.28 08:52:56.972,1.62322,1.62345,1.00,1.00
2017.08.28 08:52:57.519,1.62322,1.62344,1.00,1.00
2017.08.28 08:52:58.099,1.62322,1.62345,1.00,1.25
2017.08.28 08:52:58.650,1.62322,1.62344,1.00,1.25
2017.08.28 08:52:59.155,1.62322,1.62345,1.00,1.00
2017.08.28 08:52:59.804,1.62322,1.62344,1.00,1.00
2017.08.28 08:53:00.329,1.62322,1.62345,1.00,1.00
2017.08.28 08:53:00.845,1.62322,1.62344,1.00,1.00
2017.08.28 08:53:01.412,1.62323,1.62345,1.00,1.00
2017.08.28 08:53:02.014,1.62324,1.62345,1.00,1.00
2017.08.28 08:53:02.873,1.62324,1.62344,1.00,1.00
2017.08.28 08:53:03.464,1.62324,1.62345,1.00,1.00
2017.08.28 08:53:04.532,1.62324,1.62344,1.00,1.00
2017.08.28 08:53:05.429,1.62322,1.62345,1.00,1.00
2017.08.28 08:53:06.123,1.62322,1.62344,1.00,1.00
2017.08.28 08:53:07.229,1.62322,1.62345,1.00,1.00
2017.08.28 08:53:07.571,1.62324,1.62345,1.00,1.00
2017.08.28 08:53:08.168,1.62324,1.62344,1.00,1.00
2017.08.28 08:53:08.674,1.62324,1.62345,1.00,1.00
2017.08.28 08:53:09.187,1.62324,1.62344,1.00,1.00
2017.08.28 08:53:09.716,1.62324,1.62345,1.00,1.00
2017.08.28 08:53:10.266,1.62323,1.62344,1.00,1.00
2017.08.28 08:53:11.595,1.62323,1.62345,1.00,1.00
2017.08.28 08:53:12.122,1.62323,1.62344,1.00,1.00
2017.08.28 08:53:12.635,1.62323,1.62345,1.00,1.00
2017.08.28 08:53:13.484,1.62323,1.62344,1.00,1.00
2017.08.28 08:53:14.116,1.62323,1.62345,1.00,1.00
2017.08.28 08:53:14.675,1.62323,1.62344,1.00,1.00
2017.08.28 08:53:15.248,1.62323,1.62345,1.00,1.00
2017.08.28 08:53:16.011,1.62323,1.62344,1.00,1.00
2017.08.28 08:53:16.524,1.62323,1.62345,1.00,1.00
2017.08.28 08:53:17.078,1.62323,1.62344,1.00,1.00
2017.08.28 08:53:17.743,1.62323,1.62345,1.00,1.00
2017.08.28 08:53:18.263,1.62323,1.62344,1.00,1.00
2017.08.28 08:53:18.894,1.62323,1.62345,1.00,1.00
2017.08.28 08:53:19.554,1.62323,1.62344,1.00,1.00
2017.08.28 08:53:20.061,1.62323,1.62345,1.00,1.00
2017.08.28 08:53:20.585,1.62323,1.62344,1.00,1.00
2017.08.28 08:53:21.384,1.62323,1.62345,1.00,1.00
2017.08.28 08:53:21.957,1.62323,1.62344,1.00,1.00
2017.08.28 08:53:22.795,1.62323,1.62345,1.00,1.00
2017.08.28 08:53:24.089,1.62323,1.62344,1.00,1.00
2017.08.28 08:53:25.122,1.62323,1.62345,1.00,1.25
2017.08.28 08:53:25.827,1.62323,1.62344,1.00,1.00
2017.08.28 08:53:26.607,1.62323,1.62345,1.00,1.00
2017.08.28 08:53:27.231,1.62323,1.62344,1.00,1.00
2017.08.28 08:53:28.016,1.62323,1.62345,1.00,1.00
2017.08.28 08:53:28.523,1.62323,1.62344,1.00,1.31
2017.08.28 08:53:29.097,1.6232,1.62343,1.00,1.00
2017.08.28 08:53:29.250,1.62318,1.62343,1.00,2.06
2017.08.28 08:53:29.757,1.62317,1.62343,1.00,2.25
2017.08.28 08:53:30.216,1.62319,1.62343,1.00,2.81
2017.08.28 08:53:30.800,1.62319,1.62343,1.00,1.81
2017.08.28 08:53:31.335,1.62319,1.62343,1.00,1.94
2017.08.28 08:53:31.884,1.62319,1.62339,1.00,1.00
2017.08.28 08:53:32.402,1.62318,1.62339,1.00,1.00
2017.08.28 08:53:32.453,1.62318,1.62343,1.00,1.81
2017.08.28 08:53:33.030,1.62318,1.62343,1.00,2.44
2017.08.28 08:53:34.224,1.62318,1.62343,1.00,1.69
2017.08.28 08:53:34.729,1.62318,1.62343,1.00,2.25
2017.08.28 08:53:35.604,1.62318,1.62343,1.00,2.25
2017.08.28 08:53:36.313,1.62318,1.62343,1.00,2.81
2017.08.28 08:53:36.527,1.6232,1.62343,1.00,2.81
2017.08.28 08:53:37.195,1.6232,1.62343,1.00,2.44
2017.08.28 08:53:37.732,1.6232,1.62343,1.00,2.81
2017.08.28 08:53:37.934,1.62321,1.62343,1.00,2.44
2017.08.28 08:53:40.023,1.6232,1.62343,1.00,1.50
2017.08.28 08:53:40.525,1.62319,1.62343,1.00,1.00
2017.08.28 08:53:42.018,1.62322,1.62343,1.00,1.00
2017.08.28 08:53:42.280,1.6232,1.62343,1.00,1.00
2017.08.28 08:53:46.905,1.62322,1.62343,1.00,1.00
2017.08.28 08:53:51.524,1.62319,1.62343,1.00,1.69
2017.08.28 08:53:56.195,1.62319,1.62343,1.00,1.69
2017.08.28 08:53:56.398,1.62322,1.62343,1.00,1.69
2017.08.28 08:53:56.449,1.62319,1.62344,1.00,1.88
2017.08.28 08:53:56.651,1.62319,1.62343,1.00,1.38
2017.08.28 08:53:56.753,1.62319,1.62343,1.00,1.13
2017.08.28 08:53:57.297,1.62318,1.62344,1.00,4.13
2017.08.28 08:53:58.241,1.62318,1.62343,1.00,1.31
2017.08.28 08:53:58.949,1.62318,1.62342,1.00,1.00
2017.08.28 08:53:59.554,1.62318,1.62344,1.00,3.19
2017.08.28 08:54:00.095,1.62318,1.62344,1.00,3.94
2017.08.28 08:54:00.908,1.62318,1.62343,1.00,1.13
2017.08.28 08:54:01.212,1.62318,1.62343,1.00,1.56
2017.08.28 08:54:01.263,1.62318,1.62343,1.00,1.62
2017.08.28 08:54:01.719,1.62316,1.62344,1.00,3.19
2017.08.28 08:54:02.296,1.62317,1.62343,1.00,1.75
2017.08.28 08:54:02.866,1.62317,1.62344,1.00,2.63
2017.08.28 08:54:03.370,1.62317,1.62343,1.00,1.13
2017.08.28 08:54:04.048,1.62317,1.62343,1.00,2.06
2017.08.28 08:54:04.593,1.62317,1.62343,1.00,1.88
2017.08.28 08:54:05.143,1.62317,1.62344,1.00,2.25
2017.08.28 08:54:05.654,1.62317,1.62344,1.00,2.25
2017.08.28 08:54:06.176,1.62317,1.62343,1.00,1.50
2017.08.28 08:54:06.297,1.62317,1.62343,1.00,1.75
2017.08.28 08:54:07.832,1.62317,1.62344,1.00,2.25
2017.08.28 08:54:10.855,1.62317,1.62343,1.00,1.94
2017.08.28 08:54:11.063,1.62317,1.62343,1.00,1.69
2017.08.28 08:54:11.599,1.62317,1.62343,1.00,2.06
2017.08.28 08:54:12.125,1.62317,1.62343,1.00,2.25
2017.08.28 08:54:12.455,1.62317,1.62343,1.00,2.25
2017.08.28 08:54:12.569,1.62317,1.62343,1.00,2.25
2017.08.28 08:54:13.137,1.62317,1.62343,1.00,2.63
2017.08.28 08:54:13.657,1.62317,1.62343,1.00,2.25
2017.08.28 08:54:14.363,1.62317,1.62343,1.00,2.63
2017.08.28 08:54:14.907,1.62317,1.62343,1.00,2.06
2017.08.28 08:54:15.294,1.62318,1.62341,1.00,1.38
2017.08.28 08:54:15.443,1.62314,1.6234,2.44,1.44
2017.08.28 08:54:15.494,1.62314,1.62339,1.13,1.13
2017.08.28 08:54:15.855,1.62313,1.62339,1.63,1.25
2017.08.28 08:54:16.007,1.62313,1.62339,1.25,1.25
2017.08.28 08:54:16.059,1.62315,1.62339,1.25,1.00
2017.08.28 08:54:16.261,1.62313,1.62339,1.00,1.00
2017.08.28 08:54:16.774,1.62313,1.62339,1.38,1.25
2017.08.28 08:54:16.988,1.62313,1.62339,1.38,1.69
2017.08.28 08:54:17.351,1.62313,1.62339,1.44,1.87
2017.08.28 08:54:17.503,1.62313,1.62339,1.38,1.69
2017.08.28 08:54:17.857,1.62313,1.62339,1.38,1.69
2017.08.28 08:54:18.546,1.62313,1.62339,1.13,1.00
2017.08.28 08:54:19.084,1.62313,1.62339,1.38,1.69
2017.08.28 08:54:19.845,1.62313,1.62339,1.13,1.00
2017.08.28 08:54:19.896,1.62314,1.62339,1.38,1.12
2017.08.28 08:54:19.947,1.62314,1.6234,1.00,2.81
2017.08.28 08:54:20.301,1.62313,1.62339,1.56,1.25
2017.08.28 08:54:20.353,1.62313,1.62339,1.88,1.13
2017.08.28 08:54:20.505,1.62313,1.62339,1.56,1.25
2017.08.28 08:54:20.607,1.62313,1.62339,1.88,1.13
2017.08.28 08:54:20.737,1.62313,1.62339,1.69,1.25
2017.08.28 08:54:20.888,1.62313,1.62339,1.88,1.44
2017.08.28 08:54:21.040,1.62313,1.6234,1.63,1.69
2017.08.28 08:54:21.212,1.62313,1.6234,1.12,1.88
2017.08.28 08:54:21.313,1.62313,1.62339,1.69,1.25
2017.08.28 08:54:21.603,1.62313,1.6234,1.31,1.88
2017.08.28 08:54:21.705,1.62313,1.6234,1.63,1.69
2017.08.28 08:54:22.042,1.62313,1.6234,1.63,1.69
2017.08.28 08:54:22.277,1.62313,1.62339,1.88,1.44
2017.08.28 08:54:22.379,1.62313,1.6234,1.63,1.69
2017.08.28 08:54:23.293,1.62313,1.62339,1.50,1.19
2017.08.28 08:54:23.664,1.62307,1.62333,1.31,1.44
2017.08.28 08:54:23.968,1.62308,1.62333,1.56,1.50
2017.08.28 08:54:24.070,1.62308,1.62333,1.63,1.25
2017.08.28 08:54:24.374,1.62308,1.62333,1.44,1.00
2017.08.28 08:54:24.913,1.62308,1.62335,1.63,2.06
2017.08.28 08:54:25.464,1.62308,1.62334,1.25,1.31
2017.08.28 08:54:26.227,1.62308,1.62334,1.00,1.38
2017.08.28 08:54:27.978,1.62308,1.62334,1.38,1.31
2017.08.28 08:54:28.495,1.62308,1.62333,1.50,1.25
2017.08.28 08:54:29.094,1.62308,1.62334,1.88,1.25
2017.08.28 08:54:29.629,1.6231,1.62334,1.25,1.00
2017.08.28 08:54:30.152,1.6231,1.62333,1.44,1.25
2017.08.28 08:54:30.707,1.6231,1.62334,1.00,1.25
2017.08.28 08:54:31.242,1.6231,1.62333,1.13,1.13
2017.08.28 08:54:31.957,1.6231,1.62334,1.00,1.13
2017.08.28 08:54:32.295,1.62312,1.62334,1.00,1.25
2017.08.28 08:54:33.592,1.62312,1.62333,1.00,1.25
2017.08.28 08:54:35.753,1.62312,1.62334,1.00,1.25
2017.08.28 08:54:38.003,1.62312,1.62333,1.00,1.25
2017.08.28 08:54:38.657,1.62312,1.62334,1.00,1.25
2017.08.28 08:54:39.269,1.62312,1.62333,1.00,1.25
2017.08.28 08:54:40.964,1.6231,1.62334,1.13,1.00
2017.08.28 08:54:41.088,1.6231,1.62333,1.44,1.44
2017.08.28 08:54:41.240,1.62309,1.62334,1.63,1.69
2017.08.28 08:54:41.772,1.62309,1.62333,1.63,1.00
2017.08.28 08:54:42.288,1.62309,1.62333,2.06,1.00
2017.08.28 08:54:42.799,1.62309,1.62334,2.06,1.50
2017.08.28 08:54:43.324,1.62309,1.62333,1.56,1.00
2017.08.28 08:54:44.158,1.62309,1.62333,1.88,1.00
2017.08.28 08:54:44.310,1.62309,1.62335,1.38,2.06
2017.08.28 08:54:44.813,1.62309,1.62334,1.63,1.38
2017.08.28 08:54:45.109,1.62312,1.62335,1.00,1.69
2017.08.28 08:54:45.615,1.62311,1.62334,1.25,1.25
2017.08.28 08:54:46.143,1.6231,1.62335,1.00,1.56
2017.08.28 08:54:48.532,1.62312,1.62335,1.00,2.06
2017.08.28 08:54:48.785,1.6231,1.62335,1.50,2.06
2017.08.28 08:54:49.595,1.6231,1.62335,1.50,2.06
2017.08.28 08:54:53.748,1.6231,1.62335,1.00,2.06
2017.08.28 08:54:54.757,1.6231,1.62335,1.00,2.06
2017.08.28 08:54:57.769,1.6231,1.62333,1.00,1.19
2017.08.28 08:54:58.867,1.6231,1.62334,1.00,1.19
2017.08.28 08:54:59.966,1.62311,1.62334,1.00,1.44
2017.08.28 08:55:00.192,1.62308,1.62333,1.00,1.25
2017.08.28 08:55:00.719,1.62309,1.62333,1.00,1.25
2017.08.28 08:55:01.303,1.62309,1.62333,1.00,1.88
2017.08.28 08:55:01.856,1.62309,1.62333,1.00,1.25
2017.08.28 08:55:02.412,1.62308,1.62333,1.25,1.88
2017.08.28 08:55:04.673,1.62309,1.62333,1.00,1.00
2017.08.28 08:55:05.209,1.62309,1.62333,1.00,1.88
2017.08.28 08:55:05.939,1.62309,1.62334,1.00,1.19
2017.08.28 08:55:06.456,1.6231,1.62333,1.00,1.00
2017.08.28 08:55:06.978,1.62309,1.62334,1.00,1.25
2017.08.28 08:55:07.791,1.62309,1.62333,1.00,1.13
2017.08.28 08:55:09.072,1.62308,1.62333,1.25,1.13
2017.08.28 08:55:09.751,1.62309,1.62333,1.00,1.13
2017.08.28 08:55:09.802,1.62309,1.62333,1.00,1.38
2017.08.28 08:55:10.343,1.62309,1.62335,1.00,2.06
2017.08.28 08:55:10.394,1.62309,1.62333,1.00,2.06
2017.08.28 08:55:10.445,1.62307,1.62333,1.00,1.44
2017.08.28 08:55:11.808,1.62308,1.62333,1.00,1.31
2017.08.28 08:55:12.357,1.62308,1.62333,1.00,1.69
2017.08.28 08:55:12.586,1.62308,1.62333,1.50,1.12
2017.08.28 08:55:12.637,1.62308,1.62329,1.00,1.00
2017.08.28 08:55:12.897,1.62302,1.62332,3.38,2.00
2017.08.28 08:55:13.201,1.62304,1.62332,1.00,2.15
2017.08.28 08:55:13.746,1.62304,1.62332,1.25,2.15
2017.08.28 08:55:14.465,1.62304,1.62333,1.00,1.81
2017.08.28 08:55:14.859,1.62304,1.62333,1.00,1.56
2017.08.28 08:55:15.163,1.62306,1.62332,1.00,1.02
2017.08.28 08:55:15.214,1.62306,1.62333,1.00,1.96
2017.08.28 08:55:15.366,1.62306,1.62332,1.00,1.21
2017.08.28 08:55:16.001,1.62306,1.62333,1.00,2.63
2017.08.28 08:55:18.237,1.62306,1.62333,1.00,1.75
2017.08.28 08:55:19.160,1.62306,1.62334,1.13,3.00
2017.08.28 08:55:19.697,1.62306,1.62334,1.25,2.81
2017.08.28 08:55:20.220,1.62306,1.62333,1.44,1.69
2017.08.28 08:55:20.738,1.62307,1.62333,1.25,1.69
2017.08.28 08:55:21.452,1.62305,1.62333,1.87,2.06
2017.08.28 08:55:21.848,1.62306,1.62333,1.87,1.56
2017.08.28 08:55:21.949,1.62306,1.62333,1.25,1.63
2017.08.28 08:55:22.247,1.62306,1.62333,1.44,1.56
2017.08.28 08:55:22.468,1.62306,1.62333,1.25,1.63
2017.08.28 08:55:23.242,1.62306,1.62333,1.44,2.44
2017.08.28 08:55:23.779,1.62306,1.62333,1.25,1.63
2017.08.28 08:55:24.382,1.62306,1.62333,1.25,1.63
2017.08.28 08:55:24.762,1.62306,1.62333,1.37,1.56
2017.08.28 08:55:25.306,1.62308,1.62334,1.00,3.19
2017.08.28 08:55:26.851,1.62307,1.62333,1.00,2.06
2017.08.28 08:55:27.382,1.62307,1.62333,1.25,2.06
2017.08.28 08:55:28.050,1.62307,1.62333,1.00,2.06
2017.08.28 08:55:28.832,1.62307,1.62333,1.25,2.06
2017.08.28 08:55:30.312,1.62308,1.62333,1.00,1.56
2017.08.28 08:55:30.364,1.62308,1.62334,1.00,3.65
2017.08.28 08:55:31.421,1.62308,1.62334,1.00,2.06
2017.08.28 08:55:31.957,1.62308,1.62333,1.00,1.63
2017.08.28 08:55:32.542,1.62307,1.62333,1.69,1.63
2017.08.28 08:55:33.052,1.62307,1.62334,1.25,1.63
2017.08.28 08:55:33.752,1.62307,1.62334,1.25,1.63
2017.08.28 08:55:34.377,1.62307,1.62333,1.69,1.63
2017.08.28 08:55:34.928,1.62307,1.62334,1.00,1.63
2017.08.28 08:55:35.030,1.62307,1.62333,2.62,1.56
2017.08.28 08:55:35.600,1.6231,1.62334,1.00,1.63
2017.08.28 08:55:36.704,1.6231,1.62334,1.00,1.63
2017.08.28 08:55:37.018,1.6231,1.62334,1.00,1.12
2017.08.28 08:55:37.557,1.6231,1.62333,1.00,1.31
2017.08.28 08:55:37.863,1.62307,1.62334,1.69,1.63
2017.08.28 08:55:38.389,1.62308,1.62334,1.00,1.63
2017.08.28 08:55:38.895,1.62307,1.62333,2.81,1.63
2017.08.28 08:55:39.662,1.62307,1.62334,1.69,1.56
2017.08.28 08:55:40.255,1.62308,1.62334,1.00,1.56
2017.08.28 08:55:40.765,1.62308,1.62333,1.25,1.56
2017.08.28 08:55:41.344,1.62307,1.62334,1.25,1.31
2017.08.28 08:55:41.547,1.62309,1.62333,1.00,1.31
2017.08.28 08:55:41.699,1.62307,1.62334,1.12,1.31
2017.08.28 08:55:42.217,1.62308,1.62333,1.12,1.31
2017.08.28 08:55:42.784,1.62308,1.62334,1.00,1.50
2017.08.28 08:55:43.341,1.62308,1.62333,1.25,1.88
2017.08.28 08:55:43.866,1.62307,1.62334,1.25,1.88
2017.08.28 08:55:44.435,1.62307,1.62333,2.06,1.69
2017.08.28 08:55:44.980,1.62307,1.62334,1.25,1.69
2017.08.28 08:55:45.517,1.62308,1.62334,1.00,1.69
2017.08.28 08:55:46.052,1.62308,1.62333,1.25,1.69
2017.08.28 08:55:47.132,1.62308,1.62334,1.00,1.69
2017.08.28 08:55:47.853,1.62308,1.62333,1.25,1.69
2017.08.28 08:55:48.842,1.62308,1.62334,1.00,1.69
2017.08.28 08:55:49.353,1.62307,1.62334,1.25,1.69
2017.08.28 08:55:49.878,1.62308,1.62334,1.00,1.69
2017.08.28 08:55:50.458,1.62308,1.62333,1.25,1.88
2017.08.28 08:55:50.959,1.62308,1.62334,1.00,1.88
2017.08.28 08:55:51.808,1.62308,1.62333,1.25,1.69
2017.08.28 08:55:52.470,1.62308,1.62334,1.00,1.69
2017.08.28 08:55:53.004,1.62308,1.62333,1.00,1.69
2017.08.28 08:55:53.507,1.62308,1.62334,1.00,1.88
2017.08.28 08:55:54.017,1.62308,1.62333,1.00,1.69
2017.08.28 08:55:54.958,1.62308,1.62334,1.00,1.69
2017.08.28 08:55:55.958,1.62308,1.62333,1.00,1.69
2017.08.28 08:55:57.554,1.62308,1.62334,1.00,1.69
2017.08.28 08:55:58.086,1.62308,1.62333,1.25,1.88
2017.08.28 08:55:58.868,1.62308,1.62334,1.00,1.88
2017.08.28 08:55:59.576,1.62308,1.62333,1.25,1.88
2017.08.28 08:55:59.875,1.62306,1.62333,1.00,1.69
2017.08.28 08:56:00.874,1.62304,1.62334,2.81,1.69
2017.08.28 08:56:01.458,1.62305,1.62334,1.00,1.69
2017.08.28 08:56:02.827,1.62308,1.62334,1.00,1.69
2017.08.28 08:56:03.510,1.62308,1.62333,1.00,1.69
2017.08.28 08:56:04.060,1.62308,1.62334,1.00,1.69
2017.08.28 08:56:04.931,1.62311,1.62334,1.00,1.31
2017.08.28 08:56:05.444,1.62311,1.62333,1.00,1.50
2017.08.28 08:56:05.967,1.62311,1.62334,1.00,1.50
2017.08.28 08:56:06.478,1.62311,1.62333,1.00,1.69
2017.08.28 08:56:06.830,1.62309,1.62334,1.00,1.50
2017.08.28 08:56:07.363,1.6231,1.62333,1.00,1.69
2017.08.28 08:56:08.711,1.6231,1.62334,1.00,1.50
2017.08.28 08:56:09.489,1.6231,1.62333,1.00,1.69
2017.08.28 08:56:10.055,1.6231,1.62334,1.00,2.06
2017.08.28 08:56:10.755,1.6231,1.62333,1.00,1.87
2017.08.28 08:56:11.363,1.6231,1.62334,1.00,1.69
2017.08.28 08:56:14.923,1.6231,1.62333,1.00,1.63
2017.08.28 08:56:16.471,1.6231,1.62334,1.00,1.63
2017.08.28 08:56:17.005,1.6231,1.62333,1.00,1.50
2017.08.28 08:56:17.511,1.6231,1.62334,1.00,1.31
2017.08.28 08:56:18.207,1.6231,1.62333,1.00,1.31
2017.08.28 08:56:18.835,1.6231,1.62334,1.00,1.31
2017.08.28 08:56:18.988,1.62312,1.62335,1.00,1.12
2017.08.28 08:56:19.292,1.62314,1.62336,1.00,1.00
2017.08.28 08:56:19.837,1.62313,1.62336,1.00,1.31
2017.08.28 08:56:20.293,1.62315,1.62336,1.00,1.13
2017.08.28 08:56:20.839,1.62315,1.62336,1.00,1.44
2017.08.28 08:56:21.340,1.62315,1.62336,1.00,1.13
2017.08.28 08:56:21.957,1.62315,1.62336,1.00,1.31
2017.08.28 08:56:22.451,1.62315,1.62333,1.00,1.00
2017.08.28 08:56:23.557,1.62314,1.62336,1.00,1.31
2017.08.28 08:56:24.067,1.62315,1.62336,1.00,1.13
2017.08.28 08:56:24.348,1.62315,1.62333,1.00,1.00
2017.08.28 08:56:25.506,1.62315,1.62332,1.00,1.00
2017.08.28 08:56:26.012,1.62315,1.62333,1.00,1.00
2017.08.28 08:56:26.517,1.62315,1.62332,1.00,1.00
2017.08.28 08:56:27.136,1.62315,1.62333,1.00,1.00
2017.08.28 08:56:27.810,1.62315,1.62332,1.00,1.00
2017.08.28 08:56:30.262,1.62315,1.62333,1.00,1.00
2017.08.28 08:56:30.781,1.62315,1.62332,1.00,1.25
2017.08.28 08:56:31.311,1.62314,1.62333,1.00,1.00
2017.08.28 08:56:32.037,1.62314,1.62332,1.00,1.00
2017.08.28 08:56:32.558,1.62314,1.62333,1.00,1.00
2017.08.28 08:56:33.063,1.62314,1.62332,1.00,1.00
2017.08.28 08:56:33.598,1.62314,1.62333,1.00,1.00
2017.08.28 08:56:35.107,1.62314,1.62332,1.00,1.00
2017.08.28 08:56:35.630,1.62314,1.62333,1.00,1.00
2017.08.28 08:56:36.180,1.62314,1.62332,1.00,1.00
2017.08.28 08:56:36.698,1.62314,1.62333,1.00,1.00
2017.08.28 08:56:37.417,1.62314,1.62332,1.00,1.00
2017.08.28 08:56:37.937,1.62314,1.62333,1.00,1.00
2017.08.28 08:56:38.479,1.62314,1.62332,1.00,1.00
2017.08.28 08:56:38.757,1.62314,1.62336,1.00,1.87
2017.08.28 08:56:38.808,1.62311,1.62336,1.00,1.81
2017.08.28 08:56:39.162,1.62314,1.62336,1.00,1.81
2017.08.28 08:56:39.666,1.62314,1.62336,1.00,1.75
2017.08.28 08:56:40.135,1.62314,1.62336,1.00,1.62
2017.08.28 08:56:40.186,1.62314,1.62336,1.00,1.75
2017.08.28 08:56:40.486,1.62314,1.62336,1.00,1.62
2017.08.28 08:56:41.028,1.62314,1.62336,1.00,1.75
2017.08.28 08:56:41.346,1.62314,1.62336,1.00,1.62
2017.08.28 08:56:41.865,1.62314,1.62336,1.00,1.87
2017.08.28 08:56:42.616,1.62314,1.62336,1.00,1.75
2017.08.28 08:56:43.147,1.62314,1.62336,1.00,1.81
2017.08.28 08:56:43.831,1.62314,1.62336,1.00,1.75
2017.08.28 08:56:44.126,1.62314,1.62336,1.00,1.62
2017.08.28 08:56:44.347,1.62314,1.62336,1.00,1.75
2017.08.28 08:56:44.719,1.62312,1.62333,1.00,1.00
2017.08.28 08:56:45.103,1.62309,1.62333,1.00,1.31
2017.08.28 08:56:45.610,1.62309,1.62332,1.00,1.12
2017.08.28 08:56:45.712,1.62309,1.62332,1.00,1.63
2017.08.28 08:56:45.813,1.62309,1.62333,1.00,1.31
2017.08.28 08:56:46.223,1.6231,1.62332,1.00,1.81
2017.08.28 08:56:46.606,1.62308,1.62333,1.00,3.00
2017.08.28 08:56:46.860,1.62311,1.62332,1.00,1.31
2017.08.28 08:56:47.265,1.62312,1.62333,1.00,1.87
2017.08.28 08:56:51.143,1.62312,1.62332,1.00,1.25
2017.08.28 08:56:51.860,1.62312,1.62333,1.00,1.69
2017.08.28 08:56:52.450,1.62313,1.62332,1.00,1.13
2017.08.28 08:56:53.565,1.62313,1.62333,1.00,1.88
2017.08.28 08:56:56.989,1.62312,1.62332,1.00,1.13
2017.08.28 08:56:57.536,1.62312,1.62333,1.00,1.88
2017.08.28 08:56:58.857,1.62312,1.62332,1.00,1.13
2017.08.28 08:57:00.357,1.62312,1.62333,1.00,1.88
2017.08.28 08:57:00.879,1.62313,1.62333,1.00,1.88
2017.08.28 08:57:04.009,1.62313,1.62332,1.00,1.13
2017.08.28 08:57:04.261,1.62313,1.62332,1.00,1.63
2017.08.28 08:57:04.815,1.62313,1.62332,1.00,1.44
2017.08.28 08:57:05.503,1.62313,1.62333,1.00,2.06
2017.08.28 08:57:05.554,1.62311,1.62333,1.00,1.81
2017.08.28 08:57:06.166,1.62312,1.62332,1.00,1.63
2017.08.28 08:57:06.668,1.62312,1.62333,1.00,1.63
2017.08.28 08:57:07.180,1.62312,1.62332,1.00,1.63
2017.08.28 08:57:07.696,1.62312,1.62333,1.00,1.44
2017.08.28 08:57:08.478,1.62311,1.62332,1.00,1.31
2017.08.28 08:57:09.289,1.62311,1.62333,1.00,1.31
2017.08.28 08:57:09.965,1.62311,1.62332,1.00,1.44
2017.08.28 08:57:10.362,1.62309,1.62332,1.12,1.50
2017.08.28 08:57:10.867,1.62309,1.62333,1.00,1.69
2017.08.28 08:57:11.448,1.62309,1.62332,1.12,1.88
2017.08.28 08:57:12.063,1.62309,1.62333,1.00,2.25
2017.08.28 08:57:12.661,1.62309,1.62333,1.00,2.44
2017.08.28 08:57:13.207,1.6231,1.62332,1.00,1.31
2017.08.28 08:57:13.833,1.6231,1.62333,1.00,1.87
2017.08.28 08:57:14.422,1.6231,1.62332,1.12,1.12
2017.08.28 08:57:14.959,1.6231,1.62333,1.00,1.87
2017.08.28 08:57:15.560,1.6231,1.62332,1.00,1.31
2017.08.28 08:57:16.092,1.62311,1.62332,1.00,1.31
2017.08.28 08:57:17.077,1.62311,1.62333,1.00,1.87
2017.08.28 08:57:17.598,1.6231,1.62332,1.00,1.12
2017.08.28 08:57:18.124,1.6231,1.62332,1.00,1.44
2017.08.28 08:57:18.225,1.6231,1.62333,1.00,2.06
2017.08.28 08:57:18.610,1.62313,1.62332,1.00,1.13
2017.08.28 08:57:19.071,1.6231,1.62332,1.00,1.13
2017.08.28 08:57:21.041,1.62313,1.62332,1.00,1.00
2017.08.28 08:57:21.142,1.62313,1.62335,1.12,1.12
2017.08.28 08:57:21.345,1.62315,1.62336,1.31,1.21
2017.08.28 08:57:21.650,1.62318,1.62338,1.00,1.44
2017.08.28 08:57:21.954,1.62321,1.62338,1.00,1.25
2017.08.28 08:57:22.489,1.6232,1.62337,1.00,1.25
2017.08.28 08:57:22.903,1.62318,1.62337,1.00,1.12
2017.08.28 08:57:22.954,1.62314,1.62336,1.00,1.38
2017.08.28 08:57:23.468,1.62314,1.62336,1.00,1.94
2017.08.28 08:57:23.519,1.62314,1.62336,1.00,1.69
2017.08.28 08:57:24.770,1.62314,1.62335,1.00,1.19
2017.08.28 08:57:25.477,1.62314,1.62336,1.00,1.69
2017.08.28 08:57:25.642,1.62312,1.62336,1.00,1.94
2017.08.28 08:57:27.678,1.62312,1.62336,1.00,2.25
2017.08.28 08:57:27.881,1.62312,1.62336,1.00,2.44
2017.08.28 08:57:28.831,1.62312,1.62336,1.00,2.44
2017.08.28 08:57:29.348,1.62312,1.62335,1.00,1.12
2017.08.28 08:57:29.488,1.62309,1.62336,1.12,2.81
2017.08.28 08:57:30.090,1.62309,1.62333,1.62,1.00
2017.08.28 08:57:30.601,1.62311,1.62333,1.00,1.50
2017.08.28 08:57:33.032,1.62311,1.62335,1.00,1.63
2017.08.28 08:57:33.567,1.62311,1.62335,1.00,1.56
2017.08.28 08:57:34.072,1.62311,1.62335,1.00,1.44
2017.08.28 08:57:34.275,1.62313,1.62335,1.12,1.25
2017.08.28 08:57:34.786,1.62313,1.62336,1.12,1.25
2017.08.28 08:57:35.491,1.62313,1.62337,1.00,1.13
2017.08.28 08:57:36.071,1.62312,1.62335,1.25,1.00
2017.08.28 08:57:36.376,1.62301,1.62326,1.87,1.38
2017.08.28 08:57:36.427,1.62301,1.62326,1.50,1.38
2017.08.28 08:57:36.947,1.623,1.62326,1.31,1.38
2017.08.28 08:57:36.998,1.62302,1.62325,1.12,1.38
2017.08.28 08:57:37.318,1.62304,1.62326,1.00,1.44
2017.08.28 08:57:37.370,1.62302,1.62326,1.00,1.44
2017.08.28 08:57:38.569,1.62302,1.62325,1.12,1.63
2017.08.28 08:57:38.814,1.62302,1.62326,1.00,1.00
2017.08.28 08:57:39.067,1.62305,1.62326,1.00,1.25
2017.08.28 08:57:39.574,1.62305,1.62325,1.00,1.25
2017.08.28 08:57:39.675,1.62302,1.62325,1.25,1.25
2017.08.28 08:57:40.332,1.62302,1.62325,1.25,1.44
2017.08.28 08:57:40.741,1.62302,1.62326,1.50,1.25
2017.08.28 08:57:41.870,1.62304,1.62325,1.00,1.19
2017.08.28 08:57:42.022,1.62304,1.62326,1.00,1.25
2017.08.28 08:57:42.388,1.62303,1.62325,1.00,1.38
2017.08.28 08:57:42.996,1.62303,1.62326,1.00,1.31
2017.08.28 08:57:43.541,1.62303,1.62325,1.00,1.44
2017.08.28 08:57:44.049,1.62303,1.62326,1.00,1.44
2017.08.28 08:57:44.851,1.62303,1.62325,1.00,1.44
2017.08.28 08:57:44.953,1.62303,1.62326,1.00,1.25
2017.08.28 08:57:45.502,1.62304,1.62325,1.25,1.00
2017.08.28 08:57:46.048,1.62304,1.62326,1.00,1.25
2017.08.28 08:57:46.251,1.62306,1.62325,1.00,1.00
2017.08.28 08:57:46.800,1.62307,1.62326,1.00,1.25
2017.08.28 08:57:47.350,1.62307,1.62325,1.00,1.00
2017.08.28 08:57:47.963,1.62307,1.62326,1.00,1.00
2017.08.28 08:57:48.766,1.62308,1.62326,1.00,1.00
2017.08.28 08:57:49.903,1.62308,1.62325,1.00,1.00
2017.08.28 08:57:50.483,1.62308,1.62326,1.00,1.00
2017.08.28 08:57:51.019,1.62307,1.62325,1.00,1.00
2017.08.28 08:57:51.567,1.62308,1.62326,1.00,1.00
2017.08.28 08:57:52.149,1.62308,1.62325,1.00,1.00
2017.08.28 08:57:52.302,1.62305,1.62325,1.00,1.00
2017.08.28 08:57:52.605,1.62308,1.62325,1.00,1.00
2017.08.28 08:57:53.136,1.62308,1.62326,1.00,1.25
2017.08.28 08:57:53.514,1.62306,1.62325,1.00,1.25
2017.08.28 08:57:53.762,1.62308,1.62326,1.00,1.00
2017.08.28 08:57:54.311,1.62308,1.62325,1.00,1.25
2017.08.28 08:57:56.171,1.62308,1.62326,1.00,1.25
2017.08.28 08:57:57.054,1.62307,1.62325,1.00,1.25
2017.08.28 08:57:57.605,1.62307,1.62326,1.00,1.00
2017.08.28 08:57:58.115,1.62307,1.62325,1.00,1.25
2017.08.28 08:57:58.638,1.62307,1.62326,1.00,1.00
2017.08.28 08:57:59.266,1.62307,1.62325,1.00,1.00
2017.08.28 08:57:59.770,1.62307,1.62326,1.00,1.00
2017.08.28 08:58:00.288,1.62306,1.62325,1.00,1.25
2017.08.28 08:58:00.820,1.62307,1.62326,1.00,1.25
2017.08.28 08:58:00.911,1.62305,1.62326,1.00,1.25
2017.08.28 08:58:01.197,1.62307,1.62326,1.00,1.25
2017.08.28 08:58:01.727,1.62307,1.62325,1.00,1.00
2017.08.28 08:58:02.750,1.62307,1.62326,1.00,1.25
2017.08.28 08:58:03.259,1.62307,1.62325,1.00,1.00
2017.08.28 08:58:03.849,1.62307,1.62326,1.00,1.00
2017.08.28 08:58:04.402,1.62307,1.62325,1.00,1.00
2017.08.28 08:58:04.938,1.62307,1.62326,1.00,1.00
2017.08.28 08:58:05.242,1.62309,1.62326,1.00,1.00
2017.08.28 08:58:05.784,1.62308,1.62326,1.00,1.25
2017.08.28 08:58:06.305,1.62309,1.62326,1.00,1.00
2017.08.28 08:58:06.871,1.62309,1.62325,1.00,1.00
2017.08.28 08:58:07.728,1.62309,1.62326,1.00,1.00
2017.08.28 08:58:08.338,1.62309,1.62325,1.00,1.00
2017.08.28 08:58:08.805,1.62307,1.62325,1.00,1.00
2017.08.28 08:58:08.907,1.62307,1.62328,1.00,1.00
2017.08.28 08:58:09.008,1.62309,1.62328,1.00,1.00
2017.08.28 08:58:12.112,1.62309,1.62325,1.00,1.00
2017.08.28 08:58:12.613,1.62309,1.62326,1.00,1.00
2017.08.28 08:58:13.121,1.62309,1.62325,1.00,1.00
2017.08.28 08:58:14.081,1.62309,1.62326,1.00,1.00
2017.08.28 08:58:14.614,1.62309,1.62329,1.00,1.21
2017.08.28 08:58:15.152,1.62309,1.62328,1.00,1.00
2017.08.28 08:58:15.401,1.62312,1.62328,1.00,1.00
2017.08.28 08:58:15.608,1.6231,1.62328,1.00,1.00
2017.08.28 08:58:16.660,1.62312,1.62328,1.00,1.00
2017.08.28 08:58:16.949,1.62309,1.62328,1.00,1.00
2017.08.28 08:58:17.418,1.62312,1.62329,1.00,1.00
2017.08.28 08:58:17.979,1.62311,1.62328,1.00,1.00
2017.08.28 08:58:18.081,1.62309,1.62328,1.00,1.00
2017.08.28 08:58:18.639,1.62308,1.62328,1.00,1.00
2017.08.28 08:58:18.813,1.62312,1.62333,1.00,1.56
2017.08.28 08:58:18.915,1.62313,1.62335,1.00,1.25
2017.08.28 08:58:18.966,1.62318,1.62337,1.00,2.81
2017.08.28 08:58:19.017,1.62316,1.62338,1.00,2.06
2017.08.28 08:58:19.119,1.62316,1.62337,1.00,1.38
2017.08.28 08:58:19.474,1.62313,1.62336,1.00,2.06
2017.08.28 08:58:19.526,1.62313,1.62334,1.00,1.56
2017.08.28 08:58:20.049,1.62314,1.62337,1.00,2.25
2017.08.28 08:58:20.252,1.62317,1.62337,1.00,1.31
2017.08.28 08:58:20.506,1.62314,1.62337,1.37,1.63
2017.08.28 08:58:21.070,1.62314,1.62337,1.00,1.56
2017.08.28 08:58:21.608,1.62314,1.62337,1.00,1.37
2017.08.28 08:58:22.875,1.62314,1.62338,1.00,1.56
2017.08.28 08:58:23.476,1.62314,1.62337,1.00,1.38
2017.08.28 08:58:23.629,1.62314,1.62338,1.00,1.63
2017.08.28 08:58:23.934,1.62314,1.62337,1.00,1.38
2017.08.28 08:58:24.644,1.62314,1.62336,1.00,1.13
2017.08.28 08:58:25.509,1.62314,1.62337,1.00,1.13
2017.08.28 08:58:26.191,1.62314,1.62336,1.00,1.13
2017.08.28 08:58:26.560,1.62314,1.62336,1.00,1.00
2017.08.28 08:58:27.297,1.62314,1.62337,1.00,1.75
2017.08.28 08:58:28.668,1.62314,1.62338,1.00,1.69
2017.08.28 08:58:29.212,1.62314,1.62336,1.00,1.00
2017.08.28 08:58:30.169,1.62314,1.62339,1.00,1.69
2017.08.28 08:58:30.220,1.62317,1.62339,1.00,1.56
2017.08.28 08:58:30.737,1.62318,1.62338,1.00,1.31
2017.08.28 08:58:31.722,1.62318,1.62338,1.00,1.00
2017.08.28 08:58:32.710,1.62318,1.62336,1.00,1.00
2017.08.28 08:58:32.761,1.62316,1.62336,1.00,1.00
2017.08.28 08:58:33.275,1.62316,1.62337,1.00,1.00
2017.08.28 08:58:33.697,1.62318,1.62336,1.00,1.00
2017.08.28 08:58:34.247,1.62318,1.62337,1.00,1.12
2017.08.28 08:58:34.849,1.62318,1.62336,1.00,1.12
2017.08.28 08:58:35.656,1.62318,1.62337,1.00,1.12
2017.08.28 08:58:36.239,1.62318,1.62336,1.00,1.12
2017.08.28 08:58:36.765,1.62317,1.62336,1.00,1.12
2017.08.28 08:58:37.489,1.62317,1.62337,1.00,1.12
2017.08.28 08:58:38.048,1.62317,1.62336,1.00,2.06
2017.08.28 08:58:38.651,1.62318,1.62336,1.00,1.00
2017.08.28 08:58:40.544,1.62317,1.62336,1.00,2.06
2017.08.28 08:58:41.058,1.62317,1.62336,1.00,1.50
2017.08.28 08:58:42.669,1.62317,1.62337,1.00,2.06
2017.08.28 08:58:43.170,1.62317,1.62336,1.00,1.31
2017.08.28 08:58:44.331,1.62317,1.62337,1.00,1.50
2017.08.28 08:58:44.940,1.62317,1.62336,1.00,1.12
2017.08.28 08:58:45.490,1.62318,1.62337,1.00,1.31
2017.08.28 08:58:45.996,1.62318,1.62336,1.00,1.31
2017.08.28 08:58:46.149,1.62315,1.62336,1.00,1.31
2017.08.28 08:58:46.352,1.62317,1.62338,1.00,1.02
2017.08.28 08:58:46.856,1.62317,1.62339,1.00,2.33
2017.08.28 08:58:47.363,1.62316,1.62338,1.00,1.02
2017.08.28 08:58:47.974,1.62316,1.62339,1.00,2.06
2017.08.28 08:58:48.575,1.62316,1.62339,1.00,1.88
2017.08.28 08:58:49.079,1.62317,1.6234,1.00,1.96
2017.08.28 08:58:49.385,1.62321,1.62345,1.19,1.88
2017.08.28 08:58:49.436,1.62324,1.62347,1.12,1.69
2017.08.28 08:58:49.539,1.6233,1.62351,1.00,1.50
2017.08.28 08:58:49.641,1.62327,1.62348,1.00,1.13
2017.08.28 08:58:49.743,1.62323,1.62348,1.00,1.69
2017.08.28 08:58:49.794,1.62325,1.62348,1.12,1.69
2017.08.28 08:58:50.314,1.62326,1.62349,1.00,2.06
2017.08.28 08:58:50.619,1.62329,1.62349,1.00,1.00
2017.08.28 08:58:51.139,1.62329,1.6235,1.00,1.69
2017.08.28 08:58:52.471,1.62327,1.62349,1.00,1.00
2017.08.28 08:58:52.673,1.6233,1.62349,1.00,1.00
2017.08.28 08:58:53.210,1.6233,1.62352,1.00,1.81
2017.08.28 08:58:53.789,1.6233,1.62352,1.00,2.00
2017.08.28 08:58:54.762,1.6233,1.62349,1.00,1.19
2017.08.28 08:58:54.915,1.62327,1.62348,1.00,1.25
2017.08.28 08:58:55.487,1.62328,1.62348,1.00,1.00
2017.08.28 08:58:56.133,1.62329,1.62348,1.00,1.00
2017.08.28 08:58:57.222,1.62328,1.62349,1.00,1.00
2017.08.28 08:58:57.734,1.62327,1.62349,1.00,1.00
2017.08.28 08:58:58.310,1.62329,1.62349,1.00,1.00
2017.08.28 08:59:00.187,1.62331,1.62352,1.00,1.02
2017.08.28 08:59:00.757,1.62331,1.62354,1.00,1.25
2017.08.28 08:59:00.809,1.6234,1.62363,1.50,1.87
2017.08.28 08:59:01.114,1.62354,1.62369,1.00,1.12
2017.08.28 08:59:01.216,1.62353,1.62374,1.00,1.50
2017.08.28 08:59:01.267,1.62355,1.62375,1.00,1.63
2017.08.28 08:59:01.595,1.62357,1.62374,1.00,1.00
2017.08.28 08:59:01.646,1.62354,1.62376,1.12,1.38
2017.08.28 08:59:01.748,1.62356,1.62377,1.00,1.31
2017.08.28 08:59:02.053,1.62359,1.62378,1.00,2.52
2017.08.28 08:59:02.554,1.62358,1.62378,1.00,2.25
2017.08.28 08:59:03.098,1.62357,1.62378,1.00,2.44
2017.08.28 08:59:03.200,1.62357,1.62378,1.00,1.12
2017.08.28 08:59:03.797,1.62357,1.62378,1.00,1.69
2017.08.28 08:59:03.921,1.62359,1.62378,1.12,1.00
2017.08.28 08:59:04.231,1.62358,1.62376,1.00,1.19
2017.08.28 08:59:04.283,1.62358,1.62379,1.00,2.62
2017.08.28 08:59:04.920,1.62358,1.62378,1.00,1.37
2017.08.28 08:59:05.330,1.62358,1.62375,1.00,1.00
2017.08.28 08:59:05.904,1.62358,1.62376,1.00,1.00
2017.08.28 08:59:06.158,1.62344,1.62363,1.00,1.00
2017.08.28 08:59:06.361,1.62346,1.62363,1.00,1.00
2017.08.28 08:59:06.615,1.62346,1.62365,1.00,1.25
2017.08.28 08:59:06.919,1.62346,1.62368,1.00,2.71
2017.08.28 08:59:07.020,1.62348,1.62367,1.00,1.19
2017.08.28 08:59:07.713,1.62349,1.62367,1.00,1.44
2017.08.28 08:59:08.230,1.62349,1.62368,1.00,2.06
2017.08.28 08:59:09.419,1.62348,1.62368,1.00,1.50
2017.08.28 08:59:09.949,1.62349,1.62368,1.00,2.25
2017.08.28 08:59:10.345,1.62349,1.62368,1.00,1.50
2017.08.28 08:59:12.102,1.62351,1.62369,1.00,2.44
2017.08.28 08:59:12.787,1.62353,1.62371,1.00,1.00
2017.08.28 08:59:13.306,1.62353,1.62372,1.00,1.75
2017.08.28 08:59:14.796,1.62351,1.62372,1.00,1.75
2017.08.28 08:59:14.847,1.62351,1.62373,1.00,2.81
2017.08.28 08:59:14.898,1.62353,1.62373,1.00,2.25
2017.08.28 08:59:15.695,1.62352,1.62372,1.00,1.50
2017.08.28 08:59:16.355,1.62352,1.62373,1.00,3.75
2017.08.28 08:59:16.559,1.6235,1.62373,1.00,4.50
2017.08.28 08:59:16.740,1.62352,1.62373,1.00,3.75
2017.08.28 08:59:17.323,1.62352,1.62373,1.00,2.25
2017.08.28 08:59:17.430,1.6235,1.62372,1.00,1.50
2017.08.28 08:59:17.966,1.62353,1.62374,1.00,1.00
2017.08.28 08:59:18.270,1.62359,1.62378,1.00,1.25
2017.08.28 08:59:18.771,1.62359,1.6238,1.00,1.87
2017.08.28 08:59:19.266,1.62361,1.6238,1.00,1.69
2017.08.28 08:59:19.927,1.62361,1.62379,1.00,1.19
2017.08.28 08:59:20.337,1.62361,1.6238,1.00,1.00
2017.08.28 08:59:21.035,1.62361,1.62379,1.00,1.00
2017.08.28 08:59:21.625,1.62361,1.62379,1.00,1.69
2017.08.28 08:59:22.554,1.62361,1.6238,1.00,1.19
2017.08.28 08:59:24.326,1.6236,1.6238,1.00,1.19
2017.08.28 08:59:25.149,1.62362,1.6238,1.00,1.19
2017.08.28 08:59:26.141,1.62362,1.6238,1.00,1.00
2017.08.28 08:59:27.167,1.62362,1.62379,1.00,1.19
2017.08.28 08:59:27.288,1.6236,1.62379,1.00,1.19
2017.08.28 08:59:27.474,1.62362,1.62379,1.00,1.19
2017.08.28 08:59:27.765,1.6236,1.6238,1.00,1.31
2017.08.28 08:59:30.183,1.62361,1.6238,1.00,1.19
2017.08.28 08:59:30.698,1.62361,1.62379,1.00,1.19
2017.08.28 08:59:31.270,1.62362,1.6238,1.00,1.19
2017.08.28 08:59:32.211,1.62362,1.6238,1.00,1.25
2017.08.28 08:59:32.960,1.62362,1.62381,1.00,1.25
2017.08.28 08:59:33.619,1.62362,1.6238,1.00,1.25
2017.08.28 08:59:37.350,1.62362,1.62381,1.00,1.25
2017.08.28 08:59:38.152,1.62362,1.6238,1.00,1.25
2017.08.28 08:59:38.305,1.6236,1.62381,1.00,1.25
2017.08.28 08:59:38.609,1.62362,1.62381,1.00,1.25
2017.08.28 08:59:39.132,1.62362,1.6238,1.00,1.25
2017.08.28 08:59:39.335,1.6236,1.62381,1.00,1.25
2017.08.28 08:59:39.906,1.6236,1.62381,1.00,1.44
2017.08.28 08:59:41.962,1.6236,1.6238,1.00,1.44
2017.08.28 08:59:42.178,1.6236,1.62381,1.00,1.25
2017.08.28 08:59:42.705,1.62361,1.6238,1.00,1.25
2017.08.28 08:59:46.671,1.62361,1.62378,1.00,1.25
2017.08.28 08:59:47.217,1.62362,1.62379,1.00,1.00
2017.08.28 08:59:47.268,1.62362,1.62383,1.00,2.25
2017.08.28 08:59:48.022,1.62362,1.62382,1.00,1.75
2017.08.28 08:59:48.576,1.62362,1.62383,1.00,2.25
2017.08.28 08:59:49.217,1.62362,1.62383,1.00,2.44
2017.08.28 08:59:49.370,1.6236,1.62383,1.00,3.19
2017.08.28 08:59:49.919,1.62361,1.62383,1.00,3.56
2017.08.28 08:59:50.215,1.62361,1.62383,1.00,3.19
2017.08.28 08:59:50.900,1.62361,1.62382,1.00,1.69
2017.08.28 08:59:51.571,1.62361,1.62383,1.00,2.25
2017.08.28 08:59:52.179,1.62361,1.62382,1.00,1.81
2017.08.28 08:59:52.612,1.62362,1.62383,1.00,1.00
2017.08.28 08:59:52.707,1.62362,1.62382,1.00,1.56
2017.08.28 08:59:54.167,1.62362,1.62383,1.00,1.81
2017.08.28 08:59:57.120,1.62362,1.62381,1.00,1.19
2017.08.28 08:59:57.712,1.62362,1.62382,1.00,1.19
2017.08.28 08:59:59.435,1.62362,1.62383,1.00,1.44
