2016.09.08 09:00:00.174,1.72893,1.72923,1.12,1.37
2016.09.08 09:00:00.226,1.72894,1.72926,1.12,1.00
2016.09.08 09:00:00.529,1.72894,1.72924,1.12,1.00
2016.09.08 09:00:01.506,1.72892,1.72923,1.75,1.00
2016.09.08 09:00:01.578,1.72892,1.72923,1.37,1.00
2016.09.08 09:00:01.701,1.72892,1.72923,1.00,1.00
2016.09.08 09:00:01.853,1.72891,1.72922,1.00,1.00
2016.09.08 09:00:02.056,1.72892,1.72923,1.00,1.00
2016.09.08 09:00:02.660,1.72892,1.72923,1.00,1.00
2016.09.08 09:00:02.864,1.72892,1.72923,1.00,1.00
2016.09.08 09:00:04.209,1.72892,1.72923,1.75,1.00
2016.09.08 09:00:04.377,1.729,1.72923,1.37,1.00
2016.09.08 09:00:04.428,1.72904,1.72934,1.75,1.00
2016.09.08 09:00:04.529,1.72905,1.72935,1.00,1.00
2016.09.08 09:00:04.631,1.72903,1.72934,1.00,1.37
2016.09.08 09:00:04.833,1.72904,1.72936,1.00,1.75
2016.09.08 09:00:04.934,1.72904,1.72936,1.50,1.00
2016.09.08 09:00:05.035,1.72907,1.72937,1.00,1.00
2016.09.08 09:00:05.336,1.7291,1.72939,1.00,1.00
2016.09.08 09:00:05.387,1.7291,1.72939,1.00,1.00
2016.09.08 09:00:05.539,1.7291,1.7294,1.00,1.00
2016.09.08 09:00:05.741,1.72918,1.72949,1.00,1.50
2016.09.08 09:00:05.792,1.72918,1.7295,1.00,1.75
2016.09.08 09:00:05.843,1.72918,1.7295,1.00,1.00
2016.09.08 09:00:06.206,1.72918,1.72948,1.00,1.00
2016.09.08 09:00:06.257,1.72918,1.72948,1.00,1.00
2016.09.08 09:00:06.308,1.72918,1.72943,1.00,1.00
2016.09.08 09:00:06.461,1.72917,1.72943,1.00,1.00
2016.09.08 09:00:06.815,1.72917,1.72947,1.00,1.00
2016.09.08 09:00:06.866,1.72917,1.72947,1.00,1.00
2016.09.08 09:00:06.916,1.72917,1.72948,1.00,1.50
2016.09.08 09:00:07.612,1.72917,1.72948,1.00,1.00
2016.09.08 09:00:08.471,1.72917,1.72948,1.00,1.50
2016.09.08 09:00:08.772,1.72917,1.72948,1.00,1.00
2016.09.08 09:00:09.175,1.72917,1.72946,1.00,1.00
2016.09.08 09:00:09.767,1.72917,1.72949,1.50,1.50
2016.09.08 09:00:09.956,1.72917,1.72949,1.50,2.25
2016.09.08 09:00:10.168,1.72917,1.72949,1.50,2.25
2016.09.08 09:00:10.285,1.72917,1.72949,1.50,1.50
2016.09.08 09:00:10.335,1.72917,1.72947,1.00,1.00
2016.09.08 09:00:10.968,1.72917,1.72946,1.00,1.00
2016.09.08 09:00:13.096,1.72917,1.72946,1.00,1.00
2016.09.08 09:00:13.203,1.72919,1.72949,1.00,1.00
2016.09.08 09:00:13.343,1.72917,1.72947,1.50,1.00
2016.09.08 09:00:13.927,1.72917,1.72947,1.00,1.00
2016.09.08 09:00:14.129,1.72917,1.72945,1.00,1.00
2016.09.08 09:00:14.529,1.72917,1.72943,1.00,1.00
2016.09.08 09:00:15.062,1.72917,1.72942,1.00,1.00
2016.09.08 09:00:15.733,1.72917,1.72945,1.00,1.00
2016.09.08 09:00:15.784,1.72922,1.72945,1.00,1.00
2016.09.08 09:00:15.835,1.72922,1.72952,1.00,3.00
2016.09.08 09:00:15.947,1.72922,1.72952,2.25,1.50
2016.09.08 09:00:16.000,1.72925,1.72953,1.00,1.00
2016.09.08 09:00:16.051,1.72925,1.72953,1.75,1.00
2016.09.08 09:00:16.153,1.72924,1.72956,2.25,1.00
2016.09.08 09:00:16.637,1.72925,1.72955,1.75,1.00
2016.09.08 09:00:17.439,1.72924,1.72954,1.00,1.00
2016.09.08 09:00:17.489,1.72925,1.72954,1.00,1.00
2016.09.08 09:00:17.540,1.72925,1.72947,1.00,1.00
2016.09.08 09:00:17.591,1.72919,1.72947,1.00,1.00
2016.09.08 09:00:17.743,1.72919,1.72949,1.00,1.00
2016.09.08 09:00:17.962,1.72919,1.72952,1.50,1.00
2016.09.08 09:00:18.064,1.72919,1.72952,1.75,1.00
2016.09.08 09:00:18.114,1.72922,1.72952,1.75,1.00
2016.09.08 09:00:18.165,1.72922,1.72952,1.75,1.00
2016.09.08 09:00:18.227,1.72924,1.72954,1.12,1.00
2016.09.08 09:00:19.884,1.72924,1.72948,1.12,1.00
2016.09.08 09:00:19.935,1.72922,1.72948,1.37,1.87
2016.09.08 09:00:19.986,1.72922,1.72944,1.00,1.75
2016.09.08 09:00:20.113,1.72922,1.72942,1.00,1.12
2016.09.08 09:00:20.163,1.72911,1.72942,1.00,1.87
2016.09.08 09:00:20.216,1.72911,1.72942,1.00,1.12
2016.09.08 09:00:20.267,1.72911,1.72942,1.75,1.00
2016.09.08 09:00:20.469,1.72911,1.72944,1.75,1.00
2016.09.08 09:00:20.647,1.7291,1.72943,2.25,1.00
2016.09.08 09:00:20.849,1.7291,1.7294,2.25,1.00
2016.09.08 09:00:21.149,1.72912,1.72943,1.50,1.00
2016.09.08 09:00:23.532,1.7291,1.72942,2.25,1.00
2016.09.08 09:00:23.583,1.7291,1.72942,1.50,1.12
2016.09.08 09:00:23.693,1.7291,1.72942,1.00,1.12
2016.09.08 09:00:23.746,1.72905,1.72937,1.75,1.00
2016.09.08 09:00:23.797,1.72905,1.72937,1.75,1.00
2016.09.08 09:00:23.949,1.72906,1.72938,1.50,1.00
2016.09.08 09:00:25.027,1.72906,1.72938,2.25,1.00
2016.09.08 09:00:25.877,1.72906,1.72938,2.25,1.00
2016.09.08 09:00:25.978,1.72907,1.7294,1.12,1.00
2016.09.08 09:00:26.080,1.72907,1.7294,1.12,1.00
2016.09.08 09:00:26.181,1.7291,1.72941,1.00,1.00
2016.09.08 09:00:26.283,1.72912,1.72942,1.00,1.12
2016.09.08 09:00:26.665,1.72904,1.72943,1.75,1.50
2016.09.08 09:00:26.767,1.7291,1.72942,1.00,1.12
2016.09.08 09:00:29.191,1.7291,1.72942,1.00,1.12
2016.09.08 09:00:30.320,1.7291,1.72942,1.00,1.12
2016.09.08 09:00:30.935,1.7291,1.72942,1.00,1.12
2016.09.08 09:00:31.086,1.7291,1.72942,1.00,1.12
2016.09.08 09:00:32.781,1.72908,1.72939,1.00,1.00
2016.09.08 09:00:32.883,1.72906,1.72938,2.25,1.00
2016.09.08 09:00:32.933,1.72906,1.72938,1.50,1.00
2016.09.08 09:00:32.984,1.72903,1.72936,3.00,1.00
2016.09.08 09:00:33.035,1.72903,1.72936,3.00,1.00
2016.09.08 09:00:33.338,1.72906,1.72936,1.09,1.00
2016.09.08 09:00:33.389,1.72907,1.7294,1.46,1.00
2016.09.08 09:00:33.440,1.72908,1.7294,1.09,1.00
2016.09.08 09:00:33.491,1.72908,1.72937,1.09,1.00
2016.09.08 09:00:33.602,1.72906,1.72937,1.09,1.00
2016.09.08 09:00:33.653,1.72903,1.72936,1.75,1.00
2016.09.08 09:00:33.754,1.72903,1.72934,1.75,1.00
2016.09.08 09:00:33.805,1.72903,1.72934,1.12,1.00
2016.09.08 09:00:33.855,1.72904,1.72935,1.00,1.00
2016.09.08 09:00:33.906,1.72904,1.72935,1.00,1.00
2016.09.08 09:00:34.238,1.72906,1.72936,1.00,1.00
2016.09.08 09:00:34.714,1.72907,1.72937,1.00,1.12
2016.09.08 09:00:34.887,1.72906,1.72936,1.00,1.00
2016.09.08 09:00:38.626,1.72907,1.72936,1.00,1.00
2016.09.08 09:00:38.828,1.72906,1.72936,1.00,1.00
2016.09.08 09:00:38.879,1.72903,1.72934,1.12,1.00
2016.09.08 09:00:38.980,1.72903,1.72934,1.12,1.50
2016.09.08 09:00:39.150,1.72905,1.72934,1.00,1.00
2016.09.08 09:00:39.374,1.72902,1.72935,1.50,1.00
2016.09.08 09:00:39.852,1.72902,1.72933,1.50,1.00
2016.09.08 09:00:40.082,1.72903,1.72934,1.12,1.00
2016.09.08 09:00:40.667,1.72901,1.72934,1.75,1.00
2016.09.08 09:00:40.893,1.72903,1.72934,1.12,1.00
2016.09.08 09:00:40.944,1.72903,1.72934,1.12,1.00
2016.09.08 09:00:41.045,1.72903,1.72931,1.12,1.37
2016.09.08 09:00:41.129,1.72903,1.72918,1.12,1.00
2016.09.08 09:00:41.179,1.72899,1.72919,1.00,1.50
2016.09.08 09:00:41.230,1.7289,1.72919,1.00,1.50
2016.09.08 09:00:41.281,1.72888,1.72917,1.00,1.12
2016.09.08 09:00:41.484,1.72887,1.72915,1.00,1.00
2016.09.08 09:00:41.586,1.72889,1.72915,1.00,1.00
2016.09.08 09:00:41.797,1.72892,1.72918,1.00,1.00
2016.09.08 09:00:41.950,1.72892,1.72918,1.00,1.00
2016.09.08 09:00:42.000,1.72892,1.72921,1.00,1.00
2016.09.08 09:00:42.102,1.7289,1.72921,1.00,1.00
2016.09.08 09:00:42.203,1.72892,1.72923,1.37,1.00
2016.09.08 09:00:42.355,1.72894,1.72925,1.00,1.00
2016.09.08 09:00:42.406,1.72894,1.72925,1.75,1.00
2016.09.08 09:00:42.529,1.72894,1.72925,2.25,1.00
2016.09.08 09:00:42.580,1.72897,1.72928,1.37,1.00
2016.09.08 09:00:42.684,1.72899,1.72929,1.00,1.00
2016.09.08 09:00:44.067,1.72901,1.72929,1.00,1.00
2016.09.08 09:00:44.168,1.72899,1.72929,1.00,1.00
2016.09.08 09:00:44.219,1.729,1.72929,1.09,1.00
2016.09.08 09:00:44.270,1.729,1.72931,1.09,1.00
2016.09.08 09:00:44.327,1.72902,1.72931,1.12,1.00
2016.09.08 09:00:44.525,1.72902,1.72932,1.87,1.00
2016.09.08 09:00:44.677,1.72902,1.72932,1.12,1.00
2016.09.08 09:00:44.728,1.72902,1.72932,1.12,1.00
2016.09.08 09:00:44.879,1.72902,1.72932,1.87,1.00
2016.09.08 09:00:45.602,1.72906,1.72936,1.00,1.12
2016.09.08 09:00:45.941,1.72906,1.72936,1.12,1.00
2016.09.08 09:00:46.976,1.72906,1.72936,1.87,1.00
2016.09.08 09:00:48.882,1.72907,1.72937,1.00,1.00
2016.09.08 09:00:51.592,1.72906,1.72937,1.12,1.00
2016.09.08 09:00:51.643,1.72906,1.72937,1.12,1.00
2016.09.08 09:00:51.863,1.72906,1.72937,1.12,1.00
2016.09.08 09:00:54.860,1.72905,1.72937,1.50,1.00
2016.09.08 09:00:54.911,1.72903,1.72936,2.25,1.00
2016.09.08 09:00:54.962,1.72903,1.72936,1.50,1.12
2016.09.08 09:00:55.013,1.72903,1.72931,1.00,1.00
2016.09.08 09:00:55.771,1.72902,1.72931,1.00,1.00
2016.09.08 09:00:57.003,1.72903,1.72933,1.00,1.00
2016.09.08 09:00:59.344,1.72903,1.72933,1.00,1.00
2016.09.08 09:01:00.366,1.72903,1.72933,1.00,1.00
2016.09.08 09:01:00.468,1.7291,1.72933,1.09,1.00
2016.09.08 09:01:00.519,1.72912,1.7294,1.37,1.00
2016.09.08 09:01:00.569,1.72912,1.7294,1.00,1.00
2016.09.08 09:01:00.620,1.72912,1.72939,1.00,1.00
2016.09.08 09:01:00.822,1.72911,1.72938,1.00,1.00
2016.09.08 09:01:01.014,1.72908,1.72938,1.37,1.00
2016.09.08 09:01:01.115,1.72908,1.7294,1.37,1.00
2016.09.08 09:01:01.216,1.72908,1.72936,1.37,1.00
2016.09.08 09:01:01.267,1.72906,1.72936,3.00,1.00
2016.09.08 09:01:01.520,1.72906,1.72936,2.25,1.00
2016.09.08 09:01:01.693,1.72907,1.72936,1.50,1.00
2016.09.08 09:01:01.745,1.72907,1.72936,2.25,1.00
2016.09.08 09:01:01.913,1.72907,1.72936,1.50,1.00
2016.09.08 09:01:02.015,1.72906,1.72936,1.75,1.00
2016.09.08 09:01:02.116,1.72907,1.72932,1.50,1.00
2016.09.08 09:01:02.167,1.72907,1.72932,1.00,1.00
2016.09.08 09:01:02.602,1.72906,1.72932,1.50,1.00
2016.09.08 09:01:02.653,1.72906,1.72932,1.84,1.00
2016.09.08 09:01:02.816,1.72906,1.72936,1.84,1.00
2016.09.08 09:01:02.867,1.72906,1.72936,2.59,1.00
2016.09.08 09:01:03.019,1.72907,1.72936,1.12,1.00
2016.09.08 09:01:03.513,1.72907,1.72938,1.12,1.00
2016.09.08 09:01:03.665,1.72907,1.72938,1.12,1.00
2016.09.08 09:01:03.818,1.72908,1.72939,1.00,1.00
2016.09.08 09:01:04.058,1.72908,1.72939,1.00,1.00
2016.09.08 09:01:04.373,1.72912,1.72939,1.00,1.00
2016.09.08 09:01:04.911,1.72908,1.72939,1.37,1.00
2016.09.08 09:01:05.012,1.72908,1.72937,1.37,1.00
2016.09.08 09:01:05.063,1.7291,1.72937,1.00,1.00
2016.09.08 09:01:05.164,1.7291,1.72936,1.50,1.00
2016.09.08 09:01:05.259,1.7291,1.72936,2.62,1.00
2016.09.08 09:01:05.310,1.72911,1.7294,1.87,1.00
2016.09.08 09:01:05.371,1.72911,1.7294,1.37,1.00
2016.09.08 09:01:05.422,1.72911,1.7294,1.87,1.00
2016.09.08 09:01:05.523,1.72912,1.7294,1.00,1.00
2016.09.08 09:01:06.022,1.7291,1.7294,1.75,1.00
2016.09.08 09:01:07.669,1.7291,1.7294,1.75,1.00
2016.09.08 09:01:07.809,1.7291,1.7294,1.37,1.00
2016.09.08 09:01:07.860,1.7291,1.7294,1.00,1.00
2016.09.08 09:01:08.170,1.7291,1.7294,1.00,1.00
2016.09.08 09:01:08.612,1.72909,1.72937,1.00,1.00
2016.09.08 09:01:10.486,1.72909,1.72937,1.00,1.00
2016.09.08 09:01:10.587,1.72909,1.72935,1.00,1.00
2016.09.08 09:01:10.689,1.72907,1.72935,1.00,1.50
2016.09.08 09:01:10.892,1.72907,1.72932,1.00,1.00
2016.09.08 09:01:11.143,1.72902,1.72932,1.12,1.00
2016.09.08 09:01:11.864,1.72902,1.72931,1.12,1.00
2016.09.08 09:01:12.430,1.72901,1.72931,1.84,1.00
2016.09.08 09:01:12.582,1.72901,1.72925,1.37,1.00
2016.09.08 09:01:12.633,1.72897,1.72925,1.87,1.00
2016.09.08 09:01:12.684,1.72897,1.72924,1.87,1.12
2016.09.08 09:01:12.735,1.72895,1.72921,1.00,1.00
2016.09.08 09:01:12.948,1.7289,1.72919,1.50,1.00
2016.09.08 09:01:12.999,1.7289,1.72919,1.50,1.00
2016.09.08 09:01:13.335,1.7289,1.72919,1.00,1.00
2016.09.08 09:01:13.386,1.7289,1.72919,1.00,1.00
2016.09.08 09:01:13.437,1.72892,1.72922,1.34,1.12
2016.09.08 09:01:13.488,1.72892,1.72923,1.34,1.87
2016.09.08 09:01:13.539,1.72901,1.72929,1.00,1.75
2016.09.08 09:01:13.677,1.72903,1.7293,1.34,1.50
2016.09.08 09:01:13.728,1.72904,1.72935,1.71,1.12
2016.09.08 09:01:13.779,1.72907,1.72935,1.46,1.00
2016.09.08 09:01:13.880,1.72907,1.72935,1.84,1.00
2016.09.08 09:01:13.931,1.72907,1.72936,1.84,1.50
2016.09.08 09:01:14.089,1.72907,1.72936,2.59,1.00
2016.09.08 09:01:14.385,1.72907,1.72937,2.59,1.00
2016.09.08 09:01:14.486,1.72907,1.72938,2.59,1.00
2016.09.08 09:01:15.154,1.72908,1.72938,1.75,1.00
2016.09.08 09:01:17.378,1.72912,1.72938,1.84,1.00
2016.09.08 09:01:17.429,1.72915,1.72945,1.71,2.25
2016.09.08 09:01:17.480,1.72917,1.72945,1.34,1.00
2016.09.08 09:01:17.531,1.72915,1.72945,1.71,1.12
2016.09.08 09:01:17.581,1.72915,1.72945,1.00,1.00
2016.09.08 09:01:17.632,1.72913,1.72943,1.37,1.00
2016.09.08 09:01:17.683,1.72913,1.72943,1.50,1.00
2016.09.08 09:01:17.734,1.72913,1.72943,1.50,1.00
2016.09.08 09:01:17.835,1.72913,1.72943,1.12,1.12
2016.09.08 09:01:17.886,1.72913,1.72943,1.00,1.12
2016.09.08 09:01:17.937,1.72911,1.72942,1.12,1.50
2016.09.08 09:01:17.990,1.72911,1.72942,1.12,1.50
2016.09.08 09:01:18.041,1.72908,1.72941,1.37,1.37
2016.09.08 09:01:18.092,1.72908,1.72941,1.00,1.50
2016.09.08 09:01:18.666,1.72908,1.72941,1.50,1.50
2016.09.08 09:01:18.716,1.72908,1.72941,1.50,1.50
2016.09.08 09:01:21.352,1.72908,1.72941,1.84,1.50
2016.09.08 09:01:22.685,1.72908,1.72941,1.34,1.50
2016.09.08 09:01:22.736,1.72908,1.72941,1.34,1.50
2016.09.08 09:01:23.400,1.72908,1.72941,1.34,1.50
2016.09.08 09:01:23.609,1.72908,1.72941,1.84,1.50
2016.09.08 09:01:23.822,1.72908,1.72935,1.34,1.00
2016.09.08 09:01:23.873,1.72908,1.72935,1.00,1.37
2016.09.08 09:01:23.924,1.72903,1.72933,1.00,1.50
2016.09.08 09:01:24.072,1.729,1.72931,1.12,1.00
2016.09.08 09:01:24.123,1.729,1.72931,1.87,1.00
2016.09.08 09:01:24.224,1.729,1.72929,1.12,1.00
2016.09.08 09:01:24.325,1.729,1.72929,1.12,1.00
2016.09.08 09:01:24.404,1.72899,1.72929,2.25,1.00
2016.09.08 09:01:24.506,1.72899,1.72929,1.50,1.00
2016.09.08 09:01:24.934,1.729,1.72931,1.12,1.00
2016.09.08 09:01:25.213,1.729,1.72933,1.12,2.25
2016.09.08 09:01:25.905,1.729,1.72933,1.12,2.25
2016.09.08 09:01:26.535,1.72902,1.72933,1.00,1.50
2016.09.08 09:01:26.838,1.72904,1.72933,1.00,1.50
2016.09.08 09:01:27.906,1.72904,1.72935,1.00,2.25
2016.09.08 09:01:29.611,1.72904,1.72934,1.00,1.75
2016.09.08 09:01:29.713,1.72905,1.72936,1.00,1.75
2016.09.08 09:01:29.826,1.72908,1.72937,1.00,1.37
2016.09.08 09:01:30.445,1.72909,1.72937,1.00,1.37
2016.09.08 09:01:32.309,1.72908,1.72937,1.00,1.37
2016.09.08 09:01:32.611,1.72911,1.72937,1.00,1.37
2016.09.08 09:01:32.662,1.72911,1.72941,1.00,1.75
2016.09.08 09:01:32.763,1.72915,1.72944,1.00,2.25
2016.09.08 09:01:32.814,1.72919,1.72946,1.00,1.75
2016.09.08 09:01:32.865,1.72919,1.72948,1.34,1.75
2016.09.08 09:01:32.915,1.72921,1.72951,1.00,4.72
2016.09.08 09:01:32.967,1.72921,1.72951,1.00,4.72
2016.09.08 09:01:33.018,1.72919,1.72951,1.00,2.25
2016.09.08 09:01:33.125,1.72916,1.72949,1.00,1.00
2016.09.08 09:01:33.180,1.72916,1.72949,1.50,1.00
2016.09.08 09:01:33.231,1.7292,1.72951,1.00,1.50
2016.09.08 09:01:33.282,1.7292,1.72951,1.00,1.12
2016.09.08 09:01:33.333,1.7292,1.72951,1.00,1.00
2016.09.08 09:01:33.500,1.7292,1.72951,1.50,1.00
2016.09.08 09:01:33.552,1.72922,1.72952,1.00,1.00
2016.09.08 09:01:34.744,1.7292,1.72952,1.00,1.00
2016.09.08 09:01:35.150,1.7292,1.7294,1.00,1.00
2016.09.08 09:01:35.201,1.72913,1.7294,1.37,1.00
2016.09.08 09:01:35.251,1.7291,1.72934,1.75,1.00
2016.09.08 09:01:35.302,1.72905,1.72934,1.00,1.00
2016.09.08 09:01:35.353,1.72905,1.72932,1.00,1.00
2016.09.08 09:01:35.492,1.72902,1.72934,2.25,1.37
2016.09.08 09:01:35.543,1.72902,1.72931,2.25,1.00
2016.09.08 09:01:35.746,1.72904,1.72931,1.00,1.00
2016.09.08 09:01:39.168,1.72904,1.72931,1.00,1.00
2016.09.08 09:01:40.325,1.72906,1.72931,1.00,1.00
2016.09.08 09:01:40.527,1.72904,1.72931,1.00,1.00
2016.09.08 09:01:40.772,1.72908,1.72931,1.00,1.00
2016.09.08 09:01:40.823,1.72904,1.72931,1.00,1.00
2016.09.08 09:01:41.025,1.72902,1.72931,1.00,1.00
2016.09.08 09:01:41.076,1.72902,1.72931,1.00,1.00
2016.09.08 09:01:41.582,1.72903,1.72931,1.00,1.00
2016.09.08 09:01:41.720,1.72903,1.72931,1.00,1.00
2016.09.08 09:01:42.163,1.72905,1.72931,1.00,1.00
2016.09.08 09:01:42.773,1.72904,1.72931,1.00,1.00
2016.09.08 09:01:43.728,1.72905,1.72931,1.00,1.00
2016.09.08 09:01:43.779,1.72905,1.72931,1.00,1.00
2016.09.08 09:01:43.830,1.729,1.7293,1.00,1.00
2016.09.08 09:01:43.931,1.72897,1.72927,1.00,1.00
2016.09.08 09:01:44.032,1.72896,1.72927,1.00,1.50
2016.09.08 09:01:44.145,1.72894,1.72926,1.12,1.12
2016.09.08 09:01:44.425,1.72896,1.72927,1.00,1.50
2016.09.08 09:01:44.476,1.72896,1.72927,1.00,1.50
2016.09.08 09:01:44.740,1.72896,1.72927,1.00,1.50
2016.09.08 09:01:44.791,1.72896,1.72927,1.50,1.50
2016.09.08 09:01:44.842,1.72898,1.7293,1.00,1.75
2016.09.08 09:01:45.044,1.72901,1.72931,1.00,1.75
2016.09.08 09:01:45.742,1.72901,1.72931,1.00,1.12
2016.09.08 09:01:46.642,1.72901,1.72931,1.00,1.12
2016.09.08 09:01:47.062,1.72901,1.72931,1.00,1.12
2016.09.08 09:01:47.165,1.72899,1.72931,1.12,1.12
2016.09.08 09:01:47.636,1.729,1.72932,1.00,1.50
2016.09.08 09:01:47.687,1.729,1.72932,1.00,2.25
2016.09.08 09:01:49.512,1.729,1.72932,1.00,1.50
2016.09.08 09:01:49.563,1.729,1.72932,1.00,1.50
2016.09.08 09:01:49.891,1.729,1.72932,1.00,1.50
2016.09.08 09:01:50.464,1.729,1.72932,1.00,1.50
2016.09.08 09:01:50.879,1.729,1.72932,1.00,1.50
2016.09.08 09:01:50.971,1.729,1.72932,1.00,1.50
2016.09.08 09:01:51.022,1.729,1.72932,1.00,2.25
2016.09.08 09:01:51.950,1.729,1.72932,1.00,2.25
2016.09.08 09:01:52.220,1.72904,1.72934,1.12,1.37
2016.09.08 09:01:52.272,1.72913,1.7294,1.00,1.75
2016.09.08 09:01:52.323,1.72913,1.72945,1.00,3.00
2016.09.08 09:01:52.373,1.72913,1.72945,1.00,2.25
2016.09.08 09:01:53.675,1.72913,1.72945,1.00,2.25
2016.09.08 09:01:53.776,1.72913,1.72945,1.00,2.25
2016.09.08 09:01:54.661,1.72912,1.72944,1.50,1.00
2016.09.08 09:01:54.762,1.72912,1.72944,1.50,1.00
2016.09.08 09:01:54.863,1.72912,1.72944,1.50,1.00
2016.09.08 09:01:55.175,1.72912,1.72943,1.00,1.00
2016.09.08 09:01:55.582,1.72912,1.72939,1.00,1.00
2016.09.08 09:01:55.684,1.72912,1.72939,1.00,1.00
2016.09.08 09:01:56.213,1.72911,1.72938,1.00,1.00
2016.09.08 09:01:56.365,1.72911,1.7294,1.00,1.00
2016.09.08 09:01:56.467,1.72911,1.7294,1.00,1.00
2016.09.08 09:01:57.709,1.72911,1.7294,1.00,1.00
2016.09.08 09:01:58.222,1.7291,1.7294,1.00,1.00
2016.09.08 09:01:58.873,1.7291,1.7294,1.00,1.00
2016.09.08 09:01:58.974,1.72913,1.72944,1.00,1.75
2016.09.08 09:01:59.025,1.72913,1.72944,1.37,1.37
2016.09.08 09:01:59.135,1.72912,1.72944,2.25,1.00
2016.09.08 09:01:59.186,1.72916,1.72943,1.00,1.00
2016.09.08 09:01:59.287,1.72912,1.72943,1.75,1.00
2016.09.08 09:01:59.389,1.72912,1.72943,1.75,1.00
2016.09.08 09:01:59.577,1.72911,1.72942,1.75,1.00
2016.09.08 09:01:59.678,1.72911,1.72945,2.25,1.00
2016.09.08 09:01:59.829,1.72911,1.72944,1.75,1.50
2016.09.08 09:01:59.880,1.72908,1.72942,2.25,1.00
2016.09.08 09:01:59.931,1.72908,1.72942,1.50,1.50
2016.09.08 09:01:59.982,1.72908,1.72938,1.00,1.00
2016.09.08 09:02:00.034,1.72904,1.72938,2.25,1.00
2016.09.08 09:02:00.085,1.72904,1.72937,1.12,1.00
2016.09.08 09:02:00.186,1.72905,1.72937,1.00,1.00
2016.09.08 09:02:00.504,1.72905,1.72937,1.50,1.00
2016.09.08 09:02:00.562,1.72907,1.72937,1.00,1.75
2016.09.08 09:02:00.613,1.72907,1.72937,1.00,1.75
2016.09.08 09:02:00.663,1.72907,1.72935,1.00,1.75
2016.09.08 09:02:00.765,1.72907,1.72935,1.00,1.00
2016.09.08 09:02:00.866,1.72907,1.72937,1.00,1.12
2016.09.08 09:02:01.068,1.72907,1.72935,1.00,1.00
2016.09.08 09:02:01.284,1.72902,1.72935,2.25,1.00
2016.09.08 09:02:01.470,1.72902,1.72935,2.25,1.00
2016.09.08 09:02:01.521,1.72902,1.72935,2.25,1.00
2016.09.08 09:02:01.786,1.72902,1.72935,2.25,1.00
2016.09.08 09:02:02.113,1.72902,1.72932,2.25,1.00
2016.09.08 09:02:02.215,1.72902,1.72932,2.25,1.00
2016.09.08 09:02:02.479,1.72903,1.72932,1.09,1.00
2016.09.08 09:02:02.581,1.72904,1.72935,1.46,1.00
2016.09.08 09:02:02.683,1.72906,1.72937,1.34,1.12
2016.09.08 09:02:02.986,1.72904,1.72935,1.46,1.00
2016.09.08 09:02:03.305,1.72904,1.72935,1.46,1.00
2016.09.08 09:02:03.356,1.72902,1.72932,2.25,1.00
2016.09.08 09:02:03.566,1.72902,1.72932,1.50,1.00
2016.09.08 09:02:03.791,1.72902,1.7293,1.00,1.00
2016.09.08 09:02:04.175,1.72899,1.7293,1.09,1.00
2016.09.08 09:02:05.769,1.729,1.7293,1.00,1.00
2016.09.08 09:02:05.971,1.72899,1.72929,1.09,1.00
2016.09.08 09:02:06.073,1.72902,1.72929,1.00,1.00
2016.09.08 09:02:07.262,1.72902,1.72929,1.00,1.50
2016.09.08 09:02:07.598,1.72902,1.72928,1.00,1.00
2016.09.08 09:02:08.359,1.72902,1.72924,1.00,1.00
2016.09.08 09:02:08.460,1.72893,1.72916,1.00,1.00
2016.09.08 09:02:08.511,1.72893,1.72916,1.00,1.00
2016.09.08 09:02:08.642,1.72886,1.72916,1.84,1.00
2016.09.08 09:02:08.693,1.72888,1.72918,1.00,1.00
2016.09.08 09:02:09.560,1.72889,1.72919,1.00,1.00
2016.09.08 09:02:09.774,1.7289,1.72921,1.00,1.50
2016.09.08 09:02:11.619,1.7289,1.72921,1.00,1.50
2016.09.08 09:02:11.720,1.7289,1.72921,1.00,1.50
2016.09.08 09:02:12.311,1.7289,1.72921,1.00,1.50
2016.09.08 09:02:12.462,1.72891,1.72922,1.00,2.25
2016.09.08 09:02:12.604,1.72891,1.72922,1.00,2.25
2016.09.08 09:02:12.705,1.72891,1.72922,1.00,1.75
2016.09.08 09:02:13.221,1.72891,1.72922,1.00,1.75
2016.09.08 09:02:13.272,1.7289,1.72922,1.00,1.75
2016.09.08 09:02:13.323,1.7289,1.72922,1.00,1.75
2016.09.08 09:02:13.374,1.7289,1.72922,1.00,2.25
2016.09.08 09:02:13.475,1.7289,1.7292,1.00,1.12
2016.09.08 09:02:14.704,1.72888,1.7292,1.00,1.12
2016.09.08 09:02:15.352,1.72888,1.7292,1.00,1.12
2016.09.08 09:02:15.569,1.7289,1.72921,1.00,1.50
2016.09.08 09:02:16.510,1.7289,1.72921,1.50,1.50
2016.09.08 09:02:17.221,1.7289,1.72921,1.00,1.50
2016.09.08 09:02:17.272,1.72889,1.7292,1.00,1.12
2016.09.08 09:02:17.425,1.72891,1.7292,1.46,1.12
2016.09.08 09:02:17.476,1.72897,1.72922,1.00,1.75
2016.09.08 09:02:17.527,1.72898,1.72922,1.00,1.75
2016.09.08 09:02:17.578,1.72898,1.72922,1.50,1.00
2016.09.08 09:02:17.628,1.72899,1.72928,1.00,1.87
2016.09.08 09:02:17.679,1.72899,1.72928,1.50,1.50
2016.09.08 09:02:17.780,1.729,1.72928,1.00,1.00
2016.09.08 09:02:18.469,1.72902,1.72931,1.00,1.00
2016.09.08 09:02:18.676,1.72901,1.72931,1.50,1.00
2016.09.08 09:02:18.727,1.72901,1.72931,1.00,1.00
2016.09.08 09:02:19.064,1.72902,1.72932,1.00,1.00
2016.09.08 09:02:19.224,1.72901,1.72932,2.25,1.00
2016.09.08 09:02:19.918,1.72901,1.72932,2.25,1.00
2016.09.08 09:02:20.419,1.72902,1.72932,1.00,1.00
2016.09.08 09:02:20.534,1.72901,1.72932,2.25,1.00
2016.09.08 09:02:20.687,1.72902,1.72932,1.00,1.00
2016.09.08 09:02:21.370,1.72902,1.72932,1.50,1.00
2016.09.08 09:02:21.585,1.72902,1.72932,1.50,1.50
2016.09.08 09:02:21.636,1.72902,1.72932,1.00,1.50
2016.09.08 09:02:22.548,1.72902,1.72922,1.00,1.00
2016.09.08 09:02:22.599,1.72896,1.72922,1.75,1.00
2016.09.08 09:02:22.700,1.72896,1.72921,1.00,1.00
2016.09.08 09:02:22.769,1.72892,1.72921,1.12,1.00
2016.09.08 09:02:22.820,1.72892,1.72923,1.12,1.50
2016.09.08 09:02:22.871,1.72894,1.72923,1.00,1.00
2016.09.08 09:02:23.373,1.72895,1.72924,1.00,1.00
2016.09.08 09:02:23.529,1.72896,1.72927,1.00,1.50
2016.09.08 09:02:23.630,1.72896,1.72925,1.00,1.00
2016.09.08 09:02:24.113,1.72896,1.72927,1.00,1.50
2016.09.08 09:02:24.164,1.72896,1.72927,1.50,1.50
2016.09.08 09:02:24.265,1.72896,1.72927,1.00,1.50
2016.09.08 09:02:24.316,1.72896,1.72924,1.00,1.00
2016.09.08 09:02:24.417,1.72894,1.72924,1.00,1.00
2016.09.08 09:02:24.528,1.72893,1.72924,1.50,1.00
2016.09.08 09:02:24.629,1.72893,1.72924,1.00,1.00
2016.09.08 09:02:25.114,1.72892,1.72923,1.46,1.00
2016.09.08 09:02:25.468,1.72891,1.72923,2.59,1.00
2016.09.08 09:02:26.132,1.72891,1.72923,1.84,1.50
2016.09.08 09:02:26.182,1.72891,1.72923,1.46,1.87
2016.09.08 09:02:26.233,1.72891,1.72923,1.34,2.25
2016.09.08 09:02:26.779,1.72891,1.72923,1.84,2.25
2016.09.08 09:02:26.830,1.72892,1.72923,1.09,2.25
2016.09.08 09:02:27.016,1.72891,1.72923,1.34,2.25
2016.09.08 09:02:27.251,1.72891,1.72918,1.00,1.00
2016.09.08 09:02:27.302,1.72891,1.72918,1.00,1.50
2016.09.08 09:02:27.353,1.72892,1.7291,1.00,1.00
2016.09.08 09:02:27.541,1.72881,1.72912,2.25,1.50
2016.09.08 09:02:27.649,1.72883,1.72912,1.00,1.00
2016.09.08 09:02:27.700,1.72883,1.72914,1.12,1.00
2016.09.08 09:02:27.750,1.72884,1.72914,1.00,1.00
2016.09.08 09:02:27.852,1.72885,1.72915,1.00,1.12
2016.09.08 09:02:27.902,1.72885,1.72915,1.50,1.00
2016.09.08 09:02:27.953,1.72886,1.72915,1.12,1.00
2016.09.08 09:02:28.054,1.72888,1.72916,1.00,1.00
2016.09.08 09:02:28.553,1.72887,1.72918,1.00,1.00
2016.09.08 09:02:28.936,1.72889,1.72918,1.00,1.00
2016.09.08 09:02:29.037,1.72887,1.72918,1.00,1.00
2016.09.08 09:02:29.240,1.72888,1.72919,1.00,1.00
2016.09.08 09:02:29.591,1.7289,1.72918,1.00,1.00
2016.09.08 09:02:29.757,1.72889,1.7292,1.00,2.25
2016.09.08 09:02:29.959,1.72889,1.72917,1.00,1.00
2016.09.08 09:02:30.120,1.72889,1.7292,1.00,2.25
2016.09.08 09:02:30.171,1.72888,1.7292,1.50,2.25
2016.09.08 09:02:30.222,1.72888,1.72919,1.00,1.00
2016.09.08 09:02:30.273,1.72886,1.72919,2.62,1.50
2016.09.08 09:02:30.323,1.72886,1.72915,1.12,1.00
2016.09.08 09:02:30.374,1.72887,1.72915,1.00,1.00
2016.09.08 09:02:30.526,1.72887,1.72918,1.00,1.00
2016.09.08 09:02:31.028,1.72887,1.72919,1.00,1.00
2016.09.08 09:02:31.130,1.72891,1.7292,1.00,1.50
2016.09.08 09:02:31.180,1.72893,1.72921,1.00,1.12
2016.09.08 09:02:31.231,1.72897,1.72921,1.00,1.12
2016.09.08 09:02:31.333,1.72902,1.72928,1.00,1.50
2016.09.08 09:02:31.384,1.72902,1.72931,1.00,1.50
2016.09.08 09:02:31.435,1.72911,1.72931,1.00,1.00
2016.09.08 09:02:31.486,1.72912,1.72939,1.00,1.75
2016.09.08 09:02:31.619,1.72914,1.72943,1.00,1.12
2016.09.08 09:02:31.673,1.72918,1.72947,1.00,1.75
2016.09.08 09:02:31.725,1.72918,1.72948,1.50,3.00
2016.09.08 09:02:31.775,1.72918,1.72948,1.00,1.75
2016.09.08 09:02:31.826,1.72915,1.72947,1.50,1.50
2016.09.08 09:02:31.928,1.72916,1.72948,1.00,1.00
2016.09.08 09:02:31.978,1.7292,1.72949,1.00,1.00
2016.09.08 09:02:32.029,1.7292,1.7295,1.50,1.00
2016.09.08 09:02:32.080,1.7292,1.7295,1.00,1.00
2016.09.08 09:02:32.131,1.72919,1.72949,1.00,1.00
2016.09.08 09:02:32.182,1.72919,1.72948,1.00,1.00
2016.09.08 09:02:32.233,1.72917,1.72948,1.75,1.50
2016.09.08 09:02:32.334,1.72917,1.72944,1.75,1.00
2016.09.08 09:02:32.478,1.72915,1.72946,2.25,1.00
2016.09.08 09:02:32.580,1.72915,1.72946,1.75,1.00
2016.09.08 09:02:32.732,1.72915,1.72946,1.12,1.00
2016.09.08 09:02:33.087,1.72915,1.72946,1.87,1.00
2016.09.08 09:02:33.695,1.72916,1.72946,1.00,1.00
2016.09.08 09:02:34.125,1.72916,1.72942,1.00,1.00
2016.09.08 09:02:34.176,1.72911,1.72942,2.25,1.00
2016.09.08 09:02:34.227,1.72911,1.72942,1.87,1.00
2016.09.08 09:02:34.277,1.72911,1.72942,1.12,1.00
2016.09.08 09:02:37.751,1.72911,1.72942,1.87,1.00
2016.09.08 09:02:37.874,1.72911,1.72942,1.12,1.00
2016.09.08 09:02:39.500,1.72911,1.72942,1.12,1.00
2016.09.08 09:02:39.569,1.72908,1.72936,1.75,1.00
2016.09.08 09:02:39.619,1.72907,1.72936,1.87,1.00
2016.09.08 09:02:39.670,1.72907,1.72936,1.12,1.00
2016.09.08 09:02:39.778,1.72906,1.72936,1.87,1.00
2016.09.08 09:02:40.455,1.72906,1.72936,1.37,1.00
2016.09.08 09:02:42.580,1.72904,1.72934,1.75,1.00
2016.09.08 09:02:43.133,1.72904,1.72935,1.75,1.00
2016.09.08 09:02:43.434,1.72904,1.72932,1.75,1.00
2016.09.08 09:02:43.661,1.72904,1.72934,1.75,1.00
2016.09.08 09:02:44.004,1.72905,1.72934,1.50,1.00
2016.09.08 09:02:44.105,1.72904,1.72935,2.25,1.00
2016.09.08 09:02:44.268,1.72905,1.72935,1.50,1.00
2016.09.08 09:02:44.572,1.72905,1.72937,2.25,1.00
2016.09.08 09:02:44.673,1.72903,1.72934,3.75,1.00
2016.09.08 09:02:44.724,1.72903,1.72934,3.00,1.00
2016.09.08 09:02:44.981,1.72904,1.72934,1.00,1.00
2016.09.08 09:02:45.083,1.7291,1.72936,1.00,1.00
2016.09.08 09:02:45.643,1.7291,1.72939,1.00,1.00
2016.09.08 09:02:45.744,1.72911,1.72942,1.00,1.00
2016.09.08 09:02:46.149,1.72911,1.7294,1.00,1.00
2016.09.08 09:02:47.384,1.72911,1.72941,1.00,1.00
2016.09.08 09:02:47.584,1.72908,1.72941,1.00,1.00
2016.09.08 09:02:47.635,1.72907,1.72937,1.00,1.00
2016.09.08 09:02:47.737,1.72904,1.72932,1.50,1.00
2016.09.08 09:02:47.788,1.72904,1.72935,1.50,1.37
2016.09.08 09:02:48.194,1.72905,1.72935,1.00,1.37
2016.09.08 09:02:48.340,1.72905,1.72937,1.00,1.75
2016.09.08 09:02:48.859,1.72905,1.72936,1.00,1.50
2016.09.08 09:02:51.826,1.72907,1.72936,1.00,1.50
2016.09.08 09:02:51.878,1.72914,1.72943,1.00,2.47
2016.09.08 09:02:52.030,1.72915,1.72945,1.00,2.10
2016.09.08 09:02:52.081,1.72914,1.72946,1.50,1.00
2016.09.08 09:02:53.124,1.72915,1.72946,1.00,1.00
2016.09.08 09:02:53.326,1.72917,1.72947,1.50,1.00
2016.09.08 09:02:53.377,1.72917,1.72948,1.87,1.00
2016.09.08 09:02:53.428,1.72917,1.72948,1.37,1.00
2016.09.08 09:02:54.437,1.72916,1.72948,1.50,1.00
2016.09.08 09:02:54.712,1.72916,1.72949,2.25,1.00
2016.09.08 09:02:55.278,1.72916,1.72949,2.25,1.50
2016.09.08 09:02:55.430,1.72916,1.72949,1.50,1.50
2016.09.08 09:02:55.531,1.72914,1.72947,2.25,1.00
2016.09.08 09:02:56.315,1.72916,1.72949,1.50,1.00
2016.09.08 09:02:56.417,1.7292,1.7295,1.00,1.00
2016.09.08 09:02:56.518,1.7292,1.7295,1.50,1.00
2016.09.08 09:02:58.424,1.72921,1.7295,1.00,1.00
2016.09.08 09:02:58.638,1.72921,1.72952,1.00,1.37
2016.09.08 09:02:58.841,1.72921,1.72952,1.50,1.37
2016.09.08 09:02:59.347,1.72922,1.72952,1.00,1.37
2016.09.08 09:02:59.398,1.72922,1.72952,1.50,1.37
2016.09.08 09:02:59.859,1.72922,1.72953,1.50,1.50
2016.09.08 09:02:59.961,1.72922,1.72953,1.00,2.25
2016.09.08 09:03:00.530,1.72923,1.72953,1.00,1.50
2016.09.08 09:03:00.650,1.72923,1.72952,1.00,1.37
2016.09.08 09:03:00.701,1.72923,1.72952,1.50,1.37
2016.09.08 09:03:00.802,1.72923,1.72952,1.00,1.37
2016.09.08 09:03:00.853,1.72922,1.72952,1.00,1.87
2016.09.08 09:03:00.993,1.72922,1.72952,1.50,1.87
2016.09.08 09:03:01.044,1.72923,1.72952,1.00,1.37
2016.09.08 09:03:01.472,1.72923,1.72952,1.00,1.37
2016.09.08 09:03:01.522,1.72919,1.72944,1.50,1.00
2016.09.08 09:03:01.573,1.72919,1.72942,1.00,1.00
2016.09.08 09:03:01.624,1.72915,1.72934,1.75,1.00
2016.09.08 09:03:01.674,1.72909,1.72934,2.47,1.00
2016.09.08 09:03:01.776,1.72904,1.72932,1.00,1.00
2016.09.08 09:03:01.826,1.72904,1.72932,1.00,1.50
2016.09.08 09:03:05.926,1.72904,1.72929,1.00,1.00
2016.09.08 09:03:06.078,1.72899,1.72929,1.09,1.00
2016.09.08 09:03:07.326,1.72899,1.72929,1.09,1.00
2016.09.08 09:03:07.807,1.72899,1.72929,1.09,1.00
2016.09.08 09:03:07.858,1.72898,1.72927,1.84,1.00
2016.09.08 09:03:07.960,1.72898,1.7293,2.59,1.00
2016.09.08 09:03:08.683,1.72903,1.7293,1.00,1.00
2016.09.08 09:03:10.265,1.72903,1.72932,1.00,1.50
2016.09.08 09:03:10.366,1.72903,1.72931,1.00,1.00
2016.09.08 09:03:10.629,1.72903,1.72932,1.00,1.00
2016.09.08 09:03:11.130,1.72903,1.72931,1.00,1.00
2016.09.08 09:03:11.645,1.72903,1.72932,1.00,1.50
2016.09.08 09:03:11.747,1.72903,1.72932,1.00,1.50
2016.09.08 09:03:11.797,1.72901,1.72929,1.00,1.00
2016.09.08 09:03:11.848,1.72898,1.72919,1.00,1.00
2016.09.08 09:03:11.899,1.72893,1.72917,1.12,1.00
2016.09.08 09:03:11.950,1.72893,1.72915,1.12,1.00
2016.09.08 09:03:12.000,1.72893,1.72915,1.12,1.75
2016.09.08 09:03:12.146,1.7289,1.7291,1.00,1.00
2016.09.08 09:03:12.203,1.72882,1.7291,1.00,1.00
2016.09.08 09:03:12.304,1.7288,1.7291,1.00,1.75
2016.09.08 09:03:12.456,1.72881,1.72914,1.00,1.75
2016.09.08 09:03:12.508,1.72884,1.72914,1.00,1.75
2016.09.08 09:03:12.673,1.72884,1.72911,1.00,1.75
2016.09.08 09:03:12.849,1.72884,1.72913,1.00,1.75
2016.09.08 09:03:13.150,1.72884,1.72911,1.00,1.75
2016.09.08 09:03:13.953,1.72884,1.72912,1.00,1.75
2016.09.08 09:03:14.565,1.72884,1.72911,1.00,1.75
2016.09.08 09:03:17.824,1.72884,1.72911,1.00,1.75
2016.09.08 09:03:17.957,1.72884,1.72913,1.00,1.75
2016.09.08 09:03:18.567,1.72887,1.72915,1.00,1.75
2016.09.08 09:03:18.668,1.72888,1.7292,1.00,2.25
2016.09.08 09:03:18.769,1.72888,1.7292,1.00,2.25
2016.09.08 09:03:20.573,1.72888,1.7292,1.00,1.75
2016.09.08 09:03:20.877,1.72888,1.72918,1.00,1.50
2016.09.08 09:03:21.162,1.72889,1.72919,1.00,1.75
2016.09.08 09:03:21.788,1.72887,1.72918,1.00,1.50
2016.09.08 09:03:22.787,1.72888,1.72918,1.00,1.50
2016.09.08 09:03:22.888,1.72889,1.72921,1.00,1.75
2016.09.08 09:03:23.587,1.72888,1.7292,1.00,1.75
2016.09.08 09:03:25.071,1.72887,1.72919,1.50,1.75
2016.09.08 09:03:25.122,1.72887,1.72919,1.00,2.25
2016.09.08 09:03:25.173,1.72884,1.72914,1.00,1.00
2016.09.08 09:03:25.326,1.72884,1.72914,1.00,1.75
2016.09.08 09:03:25.843,1.72885,1.72915,1.00,1.75
2016.09.08 09:03:25.996,1.72885,1.72915,1.00,1.37
2016.09.08 09:03:26.147,1.72885,1.72916,1.00,1.50
2016.09.08 09:03:26.650,1.72884,1.72916,1.00,2.25
2016.09.08 09:03:26.994,1.72886,1.72916,1.00,1.50
2016.09.08 09:03:27.344,1.72886,1.72916,1.00,1.50
2016.09.08 09:03:27.395,1.72886,1.72917,1.00,1.75
2016.09.08 09:03:27.476,1.72888,1.72918,1.00,1.75
2016.09.08 09:03:28.249,1.72888,1.72919,1.00,1.75
2016.09.08 09:03:28.879,1.72887,1.72919,1.00,1.75
2016.09.08 09:03:32.005,1.72887,1.72919,1.00,1.50
2016.09.08 09:03:33.245,1.72887,1.72919,1.00,1.00
2016.09.08 09:03:33.356,1.72887,1.72919,1.00,1.00
2016.09.08 09:03:33.456,1.72887,1.72919,1.00,1.00
2016.09.08 09:03:33.816,1.72889,1.72921,1.12,1.37
2016.09.08 09:03:33.867,1.72894,1.72921,1.00,1.00
2016.09.08 09:03:33.918,1.72901,1.72926,1.00,1.50
2016.09.08 09:03:33.969,1.72901,1.72926,1.00,1.50
2016.09.08 09:03:34.019,1.729,1.72931,1.00,1.37
2016.09.08 09:03:34.070,1.72903,1.72931,1.00,1.00
2016.09.08 09:03:34.172,1.72903,1.72934,1.00,1.37
2016.09.08 09:03:34.631,1.72902,1.72929,1.00,1.00
2016.09.08 09:03:34.684,1.729,1.72929,1.00,1.00
2016.09.08 09:03:34.886,1.72898,1.72929,1.00,1.00
2016.09.08 09:03:35.140,1.72899,1.72932,1.00,1.00
2016.09.08 09:03:35.191,1.72902,1.72934,1.00,1.50
2016.09.08 09:03:35.325,1.72902,1.72934,1.00,1.00
2016.09.08 09:03:35.868,1.72905,1.72934,1.00,1.00
2016.09.08 09:03:36.319,1.72905,1.72934,1.00,1.50
2016.09.08 09:03:36.470,1.72901,1.72934,1.50,2.25
2016.09.08 09:03:36.622,1.72901,1.72934,1.00,1.50
2016.09.08 09:03:36.774,1.72901,1.72934,1.00,2.25
2016.09.08 09:03:36.875,1.72901,1.72934,1.00,1.50
2016.09.08 09:03:36.926,1.72901,1.72934,1.00,2.25
2016.09.08 09:03:36.976,1.72904,1.7293,1.00,1.00
2016.09.08 09:03:37.359,1.72902,1.7293,1.00,1.00
2016.09.08 09:03:37.873,1.72903,1.7293,1.00,1.00
2016.09.08 09:03:38.875,1.72902,1.7293,1.00,1.00
2016.09.08 09:03:39.869,1.72902,1.7293,1.00,1.00
2016.09.08 09:03:40.146,1.72902,1.7293,1.34,1.00
2016.09.08 09:03:40.197,1.72902,1.7293,1.46,1.00
2016.09.08 09:03:40.247,1.72911,1.72933,1.34,1.00
2016.09.08 09:03:40.298,1.72912,1.72934,1.34,1.12
2016.09.08 09:03:40.440,1.72915,1.72945,1.34,1.37
2016.09.08 09:03:40.494,1.72915,1.72947,1.34,1.50
2016.09.08 09:03:40.545,1.72915,1.72947,1.00,1.50
2016.09.08 09:03:40.596,1.72915,1.72942,1.00,1.00
2016.09.08 09:03:40.698,1.72918,1.72944,1.00,1.00
2016.09.08 09:03:40.964,1.72915,1.72942,1.00,1.00
2016.09.08 09:03:41.066,1.72915,1.72937,1.00,1.00
2016.09.08 09:03:41.243,1.72909,1.72932,1.00,1.00
2016.09.08 09:03:41.294,1.72904,1.72932,1.50,1.00
2016.09.08 09:03:41.345,1.72904,1.72932,1.00,1.00
2016.09.08 09:03:41.887,1.72904,1.72931,1.00,1.00
2016.09.08 09:03:43.209,1.72904,1.7293,1.00,1.00
2016.09.08 09:03:44.167,1.72904,1.72929,1.00,1.00
2016.09.08 09:03:44.268,1.72904,1.72931,1.00,1.00
2016.09.08 09:03:45.013,1.729,1.72931,1.34,1.00
2016.09.08 09:03:46.556,1.729,1.72931,1.34,1.50
2016.09.08 09:03:46.708,1.729,1.72929,1.34,1.00
2016.09.08 09:03:46.758,1.729,1.72929,1.34,1.37
2016.09.08 09:03:47.506,1.729,1.7293,1.84,1.50
2016.09.08 09:03:47.557,1.729,1.7293,1.84,1.37
2016.09.08 09:03:47.608,1.72905,1.7293,1.00,1.00
2016.09.08 09:03:47.659,1.72903,1.7293,1.00,1.00
2016.09.08 09:03:47.709,1.72903,1.72931,1.00,1.00
2016.09.08 09:03:47.972,1.72903,1.72931,1.50,1.00
2016.09.08 09:03:48.175,1.72903,1.72931,1.00,1.50
2016.09.08 09:03:48.408,1.72903,1.7293,1.00,1.00
2016.09.08 09:03:50.671,1.72906,1.7293,1.46,1.00
2016.09.08 09:03:50.722,1.72915,1.72933,1.00,1.00
2016.09.08 09:03:50.823,1.72915,1.72943,1.00,1.50
2016.09.08 09:03:50.874,1.72915,1.72944,1.00,1.12
2016.09.08 09:03:50.925,1.72915,1.72944,1.00,1.12
2016.09.08 09:03:52.218,1.72915,1.72943,1.00,1.00
2016.09.08 09:03:52.370,1.72916,1.72943,1.00,1.00
2016.09.08 09:03:52.490,1.72916,1.72945,1.00,1.50
2016.09.08 09:03:52.820,1.72916,1.72947,1.00,1.75
2016.09.08 09:03:53.648,1.72921,1.72947,1.00,1.75
2016.09.08 09:03:54.446,1.72916,1.72947,1.00,1.75
2016.09.08 09:03:54.700,1.72916,1.72948,1.50,1.75
2016.09.08 09:03:54.750,1.72916,1.72938,1.00,1.37
2016.09.08 09:03:54.802,1.72915,1.72938,1.00,2.25
2016.09.08 09:03:54.904,1.72911,1.7293,1.37,1.00
2016.09.08 09:03:54.954,1.72907,1.7293,1.00,1.00
2016.09.08 09:03:55.006,1.72907,1.72927,1.00,1.00
2016.09.08 09:03:55.057,1.72901,1.72927,1.00,1.00
2016.09.08 09:03:55.108,1.72901,1.72929,1.00,1.37
2016.09.08 09:03:55.209,1.72902,1.72931,1.00,1.75
2016.09.08 09:03:55.529,1.72907,1.72931,1.00,1.75
2016.09.08 09:03:56.079,1.72906,1.72931,1.00,1.75
2016.09.08 09:03:56.748,1.72902,1.72931,1.00,1.75
2016.09.08 09:03:57.429,1.729,1.72931,1.00,1.75
2016.09.08 09:03:57.480,1.72904,1.72931,1.00,1.37
2016.09.08 09:03:57.531,1.72904,1.72931,1.00,1.00
2016.09.08 09:04:00.208,1.72904,1.72933,1.00,2.25
2016.09.08 09:04:00.427,1.72904,1.72931,1.00,1.00
2016.09.08 09:04:00.535,1.72904,1.72931,1.00,1.00
2016.09.08 09:04:00.791,1.72904,1.72926,1.00,1.00
2016.09.08 09:04:00.842,1.72904,1.72926,1.00,1.00
2016.09.08 09:04:01.197,1.72904,1.72928,1.00,1.00
2016.09.08 09:04:01.331,1.72904,1.72929,1.00,1.00
2016.09.08 09:04:02.256,1.72904,1.72933,1.00,1.37
2016.09.08 09:04:02.307,1.72908,1.72933,1.00,1.00
2016.09.08 09:04:02.409,1.72909,1.72938,1.12,1.00
2016.09.08 09:04:02.479,1.72909,1.72938,1.12,1.12
2016.09.08 09:04:02.530,1.72909,1.72933,1.00,1.00
2016.09.08 09:04:02.582,1.72905,1.72933,1.00,1.00
2016.09.08 09:04:02.683,1.72905,1.72933,1.00,1.37
2016.09.08 09:04:02.734,1.72905,1.72931,1.00,1.12
2016.09.08 09:04:03.011,1.72905,1.72933,1.00,1.75
2016.09.08 09:04:03.956,1.72905,1.72933,1.00,1.75
2016.09.08 09:04:04.491,1.72905,1.72934,1.00,2.25
2016.09.08 09:04:06.106,1.72905,1.72933,1.00,1.75
2016.09.08 09:04:06.309,1.72905,1.72931,1.00,1.12
2016.09.08 09:04:10.160,1.72905,1.72931,1.00,1.50
2016.09.08 09:04:10.210,1.72905,1.72927,1.00,1.00
2016.09.08 09:04:10.312,1.72897,1.72926,1.00,1.00
2016.09.08 09:04:10.363,1.72897,1.72926,1.00,1.37
2016.09.08 09:04:10.464,1.72897,1.72926,1.00,1.75
2016.09.08 09:04:10.515,1.72897,1.72923,1.00,1.12
2016.09.08 09:04:10.672,1.72897,1.72923,1.50,1.12
2016.09.08 09:04:10.723,1.72897,1.72926,1.50,1.75
2016.09.08 09:04:10.773,1.72897,1.72926,1.00,1.75
2016.09.08 09:04:10.824,1.72896,1.72923,1.00,1.12
2016.09.08 09:04:11.255,1.72894,1.72923,1.00,1.12
2016.09.08 09:04:11.305,1.72896,1.72924,1.00,1.50
2016.09.08 09:04:11.407,1.72896,1.72927,1.50,1.75
2016.09.08 09:04:11.880,1.72896,1.72927,1.50,1.37
2016.09.08 09:04:11.931,1.72898,1.72929,1.00,1.50
2016.09.08 09:04:12.371,1.72898,1.72928,1.00,1.00
2016.09.08 09:04:16.049,1.72898,1.72929,1.00,1.50
2016.09.08 09:04:20.007,1.72896,1.72929,2.25,1.50
2016.09.08 09:04:20.084,1.72897,1.72923,1.00,1.00
2016.09.08 09:04:20.135,1.72897,1.72924,1.50,1.00
2016.09.08 09:04:20.236,1.72897,1.72929,2.25,1.00
2016.09.08 09:04:20.287,1.72897,1.72929,1.50,1.00
2016.09.08 09:04:20.338,1.72902,1.72932,1.00,1.75
2016.09.08 09:04:20.389,1.72902,1.72932,2.25,1.00
2016.09.08 09:04:20.490,1.72902,1.72932,3.00,1.00
2016.09.08 09:04:20.767,1.72902,1.72932,2.25,1.00
2016.09.08 09:04:21.376,1.72902,1.72932,3.00,1.00
2016.09.08 09:04:22.426,1.72905,1.72934,1.12,1.00
2016.09.08 09:04:23.563,1.72905,1.72933,1.12,1.00
2016.09.08 09:04:25.821,1.72905,1.72931,1.12,1.00
2016.09.08 09:04:25.872,1.72905,1.72931,1.00,1.00
2016.09.08 09:04:25.923,1.72902,1.72931,1.50,1.00
2016.09.08 09:04:26.176,1.72902,1.72932,1.00,1.00
2016.09.08 09:04:26.226,1.72902,1.72934,1.00,2.25
2016.09.08 09:04:26.277,1.72902,1.72934,1.00,2.25
2016.09.08 09:04:26.897,1.72902,1.72934,1.00,2.25
2016.09.08 09:04:27.360,1.72901,1.72934,1.50,3.00
2016.09.08 09:04:27.411,1.72901,1.72929,1.00,2.25
2016.09.08 09:04:27.471,1.72899,1.72929,1.00,4.50
2016.09.08 09:04:27.603,1.72899,1.72929,1.00,3.75
2016.09.08 09:04:27.654,1.72898,1.72919,1.00,1.12
2016.09.08 09:04:27.705,1.7289,1.72919,1.00,1.12
2016.09.08 09:04:28.269,1.7289,1.72918,1.00,1.00
2016.09.08 09:04:28.794,1.7289,1.72917,1.00,1.00
2016.09.08 09:04:28.946,1.7289,1.72919,1.00,1.12
2016.09.08 09:04:29.047,1.7289,1.7292,1.00,1.50
2016.09.08 09:04:29.098,1.7289,1.7292,1.00,1.50
2016.09.08 09:04:29.149,1.72895,1.72927,1.00,2.25
2016.09.08 09:04:29.199,1.72902,1.72927,1.00,2.25
2016.09.08 09:04:29.250,1.72902,1.72927,1.00,1.50
2016.09.08 09:04:29.351,1.72901,1.72927,1.00,1.00
2016.09.08 09:04:29.402,1.72902,1.72929,1.00,1.00
2016.09.08 09:04:29.629,1.72902,1.72931,1.00,1.00
2016.09.08 09:04:31.079,1.72902,1.72931,1.00,1.00
2016.09.08 09:04:31.129,1.72907,1.72931,1.00,1.00
2016.09.08 09:04:31.435,1.72902,1.72929,1.00,1.00
2016.09.08 09:04:31.723,1.72902,1.72931,1.00,1.00
2016.09.08 09:04:32.437,1.72907,1.72931,1.00,1.00
2016.09.08 09:04:32.539,1.72902,1.72932,1.00,1.50
2016.09.08 09:04:33.527,1.72901,1.72932,1.50,1.50
2016.09.08 09:04:33.730,1.72901,1.72931,1.00,1.00
2016.09.08 09:04:34.035,1.72907,1.72932,1.00,1.00
2016.09.08 09:04:34.580,1.72906,1.72932,1.00,1.00
2016.09.08 09:04:37.537,1.72906,1.72931,1.00,1.00
2016.09.08 09:04:37.639,1.72902,1.72931,1.34,1.00
2016.09.08 09:04:37.740,1.72903,1.72932,1.09,1.50
2016.09.08 09:04:37.791,1.72903,1.72932,1.46,1.12
2016.09.08 09:04:37.842,1.72903,1.72932,1.84,1.00
2016.09.08 09:04:37.943,1.72903,1.72936,2.59,1.00
2016.09.08 09:04:38.387,1.72903,1.72934,1.50,1.00
2016.09.08 09:04:38.438,1.72903,1.72928,1.00,1.00
2016.09.08 09:04:38.489,1.72899,1.72928,1.12,1.00
2016.09.08 09:04:38.640,1.72904,1.72933,1.50,1.12
2016.09.08 09:04:38.742,1.72904,1.72934,1.50,1.50
2016.09.08 09:04:38.843,1.72904,1.72933,1.50,1.12
2016.09.08 09:04:38.894,1.72904,1.72933,1.50,1.12
2016.09.08 09:04:39.242,1.72904,1.72934,1.50,2.25
2016.09.08 09:04:39.664,1.72904,1.72934,1.50,1.50
2016.09.08 09:04:39.866,1.72904,1.72934,1.50,2.25
2016.09.08 09:04:39.988,1.72904,1.72933,1.50,1.12
2016.09.08 09:04:40.115,1.72904,1.72933,1.50,1.12
2016.09.08 09:04:40.166,1.72909,1.72934,1.00,2.25
2016.09.08 09:04:40.217,1.72909,1.72934,1.00,2.25
2016.09.08 09:04:40.268,1.72909,1.72934,1.00,1.50
2016.09.08 09:04:40.838,1.72905,1.72934,1.00,1.50
2016.09.08 09:04:44.080,1.72905,1.72936,1.50,1.75
2016.09.08 09:04:44.501,1.72906,1.72939,1.00,2.25
2016.09.08 09:04:44.553,1.72905,1.72938,2.25,1.50
2016.09.08 09:04:44.859,1.72906,1.72938,1.00,1.00
2016.09.08 09:04:45.381,1.72906,1.72937,1.00,1.00
2016.09.08 09:04:45.606,1.72906,1.72937,1.50,1.00
2016.09.08 09:04:45.888,1.72907,1.72938,1.00,1.00
2016.09.08 09:04:46.891,1.72906,1.72938,1.00,1.50
2016.09.08 09:04:46.942,1.72905,1.72938,2.25,1.50
2016.09.08 09:04:47.453,1.72906,1.72938,1.00,1.50
2016.09.08 09:04:48.430,1.72905,1.72938,1.50,1.50
2016.09.08 09:04:48.481,1.72908,1.72938,1.00,1.50
2016.09.08 09:04:48.997,1.72906,1.72937,1.00,1.00
2016.09.08 09:04:49.551,1.72905,1.72935,1.00,1.00
2016.09.08 09:04:49.850,1.72905,1.72938,1.50,1.50
2016.09.08 09:04:52.271,1.72905,1.7293,1.00,1.00
2016.09.08 09:04:52.322,1.72901,1.7293,1.00,1.00
2016.09.08 09:04:52.373,1.72901,1.72927,1.00,1.00
2016.09.08 09:04:52.656,1.72901,1.72927,1.00,1.12
2016.09.08 09:04:52.758,1.72901,1.72928,1.00,1.50
2016.09.08 09:04:53.037,1.72904,1.72928,1.00,1.12
2016.09.08 09:04:53.088,1.72904,1.72932,1.00,1.37
2016.09.08 09:04:53.191,1.72908,1.72939,1.00,1.75
2016.09.08 09:04:53.241,1.72908,1.72939,1.12,1.00
2016.09.08 09:04:53.292,1.72908,1.72941,1.12,2.25
2016.09.08 09:04:53.394,1.72911,1.72941,1.00,1.50
2016.09.08 09:04:53.560,1.72911,1.72943,1.12,1.00
2016.09.08 09:04:53.662,1.72913,1.72943,1.00,1.00
2016.09.08 09:04:53.864,1.72915,1.72946,1.00,2.25
2016.09.08 09:04:54.003,1.72914,1.72945,1.00,1.50
2016.09.08 09:04:55.009,1.72912,1.72945,1.50,1.50
2016.09.08 09:04:55.059,1.7291,1.72939,1.00,1.37
2016.09.08 09:04:55.464,1.7291,1.72938,1.00,1.12
2016.09.08 09:04:56.669,1.7291,1.7294,1.00,1.50
2016.09.08 09:04:56.771,1.7291,1.72937,1.00,1.00
2016.09.08 09:05:00.485,1.7291,1.72937,1.00,1.37
2016.09.08 09:05:00.587,1.7291,1.72937,1.00,1.75
2016.09.08 09:05:00.638,1.7291,1.72937,1.50,1.75
2016.09.08 09:05:00.749,1.72912,1.72941,1.00,1.12
2016.09.08 09:05:00.800,1.72913,1.72944,1.00,1.75
2016.09.08 09:05:01.187,1.72914,1.72945,1.50,1.75
2016.09.08 09:05:01.487,1.72914,1.72944,1.00,1.75
2016.09.08 09:05:01.538,1.72914,1.72944,1.00,1.75
2016.09.08 09:05:01.686,1.72914,1.72945,1.50,1.75
2016.09.08 09:05:03.065,1.72914,1.72945,1.50,1.37
2016.09.08 09:05:03.166,1.72914,1.72945,1.87,1.00
2016.09.08 09:05:03.267,1.72914,1.72944,1.12,1.00
2016.09.08 09:05:05.080,1.72914,1.72943,1.12,1.00
2016.09.08 09:05:05.131,1.72914,1.72943,1.12,1.00
2016.09.08 09:05:05.283,1.72914,1.72941,1.00,1.00
2016.09.08 09:05:05.621,1.72914,1.72939,1.00,1.00
2016.09.08 09:05:06.172,1.72914,1.7294,1.00,1.00
2016.09.08 09:05:06.666,1.72914,1.72938,1.00,1.00
2016.09.08 09:05:07.505,1.72914,1.72941,1.00,1.00
2016.09.08 09:05:07.555,1.72914,1.72941,1.00,1.50
2016.09.08 09:05:07.606,1.72909,1.72934,1.12,1.00
2016.09.08 09:05:07.657,1.72909,1.72934,1.00,1.00
2016.09.08 09:05:07.707,1.72909,1.72935,1.00,1.00
2016.09.08 09:05:07.809,1.72909,1.72937,1.00,1.37
2016.09.08 09:05:07.859,1.72909,1.72937,1.37,1.00
2016.09.08 09:05:07.910,1.72914,1.7294,1.00,1.50
2016.09.08 09:05:08.081,1.72914,1.7294,1.00,1.00
2016.09.08 09:05:08.183,1.72914,1.72942,1.00,1.12
2016.09.08 09:05:08.234,1.72914,1.72942,1.00,1.12
2016.09.08 09:05:08.285,1.72914,1.72941,1.00,1.00
2016.09.08 09:05:08.387,1.72914,1.72938,1.00,1.00
2016.09.08 09:05:08.832,1.72914,1.72938,1.00,1.00
2016.09.08 09:05:10.470,1.72908,1.72937,1.50,1.00
2016.09.08 09:05:10.520,1.72908,1.72935,1.50,1.00
2016.09.08 09:05:10.571,1.72908,1.72935,1.00,1.00
2016.09.08 09:05:11.304,1.72908,1.72937,1.00,1.50
2016.09.08 09:05:11.474,1.72908,1.72937,1.00,1.00
2016.09.08 09:05:11.989,1.72908,1.72937,1.00,1.50
2016.09.08 09:05:12.906,1.72908,1.72937,1.00,1.00
2016.09.08 09:05:13.059,1.72908,1.72939,1.00,1.37
2016.09.08 09:05:13.111,1.72908,1.7294,1.50,1.00
2016.09.08 09:05:13.356,1.72908,1.7294,1.50,1.00
2016.09.08 09:05:13.457,1.72911,1.7294,1.00,1.00
2016.09.08 09:05:13.574,1.72911,1.72941,1.50,1.00
2016.09.08 09:05:13.625,1.72911,1.72941,1.50,1.00
2016.09.08 09:05:13.676,1.72911,1.72942,1.50,1.12
2016.09.08 09:05:13.726,1.72911,1.72942,1.50,1.12
2016.09.08 09:05:13.777,1.72913,1.72943,1.00,1.00
2016.09.08 09:05:14.322,1.72913,1.72943,1.00,1.00
2016.09.08 09:05:15.977,1.72913,1.72945,1.00,1.12
2016.09.08 09:05:16.277,1.72913,1.72943,1.00,1.00
2016.09.08 09:05:16.328,1.72913,1.72943,1.00,1.00
2016.09.08 09:05:16.378,1.72911,1.72942,1.12,1.00
2016.09.08 09:05:19.914,1.72911,1.72942,1.00,1.75
2016.09.08 09:05:20.479,1.72909,1.72942,1.50,1.75
2016.09.08 09:05:20.615,1.72904,1.72935,1.50,1.00
2016.09.08 09:05:20.667,1.72904,1.72935,1.12,1.00
2016.09.08 09:05:20.920,1.72904,1.72935,1.12,1.00
2016.09.08 09:05:21.022,1.72905,1.72935,1.00,1.00
2016.09.08 09:05:22.388,1.72905,1.72937,1.00,1.50
2016.09.08 09:05:22.634,1.72905,1.72935,1.00,1.00
2016.09.08 09:05:24.224,1.72906,1.72936,1.00,1.12
2016.09.08 09:05:24.426,1.72907,1.72938,1.00,1.75
2016.09.08 09:05:27.313,1.72907,1.7294,1.00,1.75
2016.09.08 09:05:27.489,1.72906,1.72939,1.50,1.75
2016.09.08 09:05:27.692,1.72908,1.72941,1.00,1.75
2016.09.08 09:05:27.743,1.72908,1.72941,1.00,1.75
2016.09.08 09:05:27.793,1.72909,1.72941,1.00,1.75
2016.09.08 09:05:27.945,1.72909,1.72941,1.00,1.75
2016.09.08 09:05:28.106,1.72911,1.72943,1.00,1.75
2016.09.08 09:05:28.225,1.72911,1.72943,1.00,2.25
2016.09.08 09:05:28.328,1.72911,1.72943,1.50,2.25
2016.09.08 09:05:29.130,1.72911,1.72942,1.50,1.75
2016.09.08 09:05:31.090,1.72912,1.72942,1.00,1.75
2016.09.08 09:05:31.279,1.72912,1.72943,1.50,1.75
2016.09.08 09:05:31.329,1.72921,1.72947,1.00,1.75
2016.09.08 09:05:31.381,1.72921,1.72951,1.00,1.75
2016.09.08 09:05:31.431,1.72922,1.72952,1.00,1.50
2016.09.08 09:05:33.214,1.72917,1.72941,1.50,1.00
2016.09.08 09:05:33.264,1.72917,1.72941,1.00,1.00
2016.09.08 09:05:33.315,1.7291,1.72941,2.25,1.00
2016.09.08 09:05:33.366,1.72909,1.72935,1.75,1.00
2016.09.08 09:05:33.417,1.72908,1.72933,1.00,1.00
2016.09.08 09:05:33.467,1.72908,1.72933,1.00,1.00
2016.09.08 09:05:33.518,1.72903,1.72934,1.00,1.50
2016.09.08 09:05:33.569,1.72903,1.72934,1.00,1.50
2016.09.08 09:05:33.662,1.72903,1.72934,1.00,3.00
2016.09.08 09:05:33.712,1.72902,1.72934,1.00,2.25
2016.09.08 09:05:33.763,1.72902,1.72928,1.00,1.00
2016.09.08 09:05:33.814,1.72899,1.72928,1.00,1.00
2016.09.08 09:05:33.865,1.72899,1.72928,1.00,1.00
2016.09.08 09:05:33.915,1.72895,1.72928,1.37,1.87
2016.09.08 09:05:33.966,1.72895,1.72928,1.00,2.25
2016.09.08 09:05:34.320,1.72899,1.72928,1.00,1.75
2016.09.08 09:05:34.469,1.72899,1.72928,1.00,1.75
2016.09.08 09:05:34.520,1.72894,1.72924,1.00,1.00
2016.09.08 09:05:34.722,1.72894,1.72925,1.00,1.12
2016.09.08 09:05:34.773,1.72894,1.72925,1.00,1.12
2016.09.08 09:05:34.875,1.72894,1.72925,1.50,1.12
2016.09.08 09:05:34.926,1.72896,1.72927,1.12,1.00
2016.09.08 09:05:35.029,1.72894,1.72927,2.25,1.00
2016.09.08 09:05:35.131,1.72897,1.72928,1.50,1.00
2016.09.08 09:05:35.182,1.72897,1.72928,1.50,1.00
2016.09.08 09:05:35.232,1.72899,1.72931,1.00,1.50
2016.09.08 09:05:35.283,1.72899,1.72931,1.00,1.50
2016.09.08 09:05:35.413,1.72904,1.72932,1.00,1.75
2016.09.08 09:05:35.464,1.72904,1.72934,1.00,1.00
2016.09.08 09:05:35.818,1.72902,1.72934,1.00,1.00
2016.09.08 09:05:36.313,1.72904,1.72934,1.00,1.00
2016.09.08 09:05:36.465,1.72908,1.72934,1.00,1.00
2016.09.08 09:05:36.516,1.72902,1.72934,1.50,1.00
2016.09.08 09:05:37.614,1.72902,1.72934,1.00,1.00
2016.09.08 09:05:38.170,1.72902,1.72934,1.00,1.00
2016.09.08 09:05:38.271,1.72904,1.72934,1.00,1.00
2016.09.08 09:05:38.373,1.72904,1.72934,1.00,1.00
2016.09.08 09:05:38.572,1.72903,1.72932,1.00,1.75
2016.09.08 09:05:40.219,1.72901,1.72931,1.00,1.50
2016.09.08 09:05:40.715,1.72903,1.72933,1.00,1.75
2016.09.08 09:05:40.769,1.72903,1.72933,1.00,1.75
2016.09.08 09:05:40.819,1.72901,1.72931,1.00,1.50
2016.09.08 09:05:40.921,1.72905,1.72936,1.00,1.75
2016.09.08 09:05:40.971,1.72905,1.72936,1.12,1.75
2016.09.08 09:05:41.032,1.72907,1.72937,1.00,1.75
2016.09.08 09:05:41.336,1.7291,1.72937,1.00,1.75
2016.09.08 09:05:41.718,1.72905,1.72937,1.12,2.25
2016.09.08 09:05:41.770,1.72905,1.72937,1.12,2.25
2016.09.08 09:05:41.821,1.72904,1.72933,1.37,1.75
2016.09.08 09:05:41.872,1.72904,1.72933,1.00,1.75
2016.09.08 09:05:41.923,1.72904,1.72929,1.00,1.00
2016.09.08 09:05:41.973,1.72904,1.72929,1.00,1.75
2016.09.08 09:05:42.125,1.72899,1.72926,1.00,1.12
2016.09.08 09:05:42.378,1.72899,1.72926,1.00,1.75
2016.09.08 09:05:43.081,1.72899,1.72926,1.00,1.75
2016.09.08 09:05:43.775,1.72899,1.72926,1.00,1.75
2016.09.08 09:05:44.184,1.72899,1.72926,1.00,1.75
2016.09.08 09:05:44.742,1.72899,1.72925,1.00,1.75
2016.09.08 09:05:47.881,1.72899,1.72925,1.00,1.75
2016.09.08 09:05:47.931,1.72892,1.72924,1.50,1.75
2016.09.08 09:05:47.982,1.72892,1.7292,1.37,1.00
2016.09.08 09:05:48.033,1.72888,1.72918,1.37,1.00
2016.09.08 09:05:48.084,1.72888,1.72918,1.37,1.00
2016.09.08 09:05:48.135,1.72888,1.72918,1.00,1.00
2016.09.08 09:05:48.495,1.72886,1.72916,1.00,1.00
2016.09.08 09:05:49.144,1.72887,1.72919,1.00,1.00
2016.09.08 09:05:49.194,1.72887,1.72919,1.00,1.00
2016.09.08 09:05:49.508,1.72887,1.72917,1.00,1.00
2016.09.08 09:05:50.450,1.72885,1.72917,1.50,1.00
2016.09.08 09:05:50.552,1.7289,1.72917,1.00,1.00
2016.09.08 09:05:52.225,1.7289,1.72917,1.00,1.00
2016.09.08 09:05:53.273,1.7289,1.72919,1.00,1.00
2016.09.08 09:05:53.374,1.7289,1.7292,2.25,1.00
2016.09.08 09:05:53.425,1.7289,1.7292,3.00,1.00
2016.09.08 09:05:53.475,1.72892,1.7292,1.00,1.00
2016.09.08 09:05:53.526,1.72892,1.72924,1.00,1.50
2016.09.08 09:05:54.716,1.72892,1.72924,1.50,1.50
2016.09.08 09:05:54.817,1.72892,1.72924,1.00,1.50
2016.09.08 09:05:56.196,1.72896,1.72927,1.50,1.00
2016.09.08 09:05:56.247,1.72896,1.72924,1.00,1.00
2016.09.08 09:05:56.300,1.72892,1.72924,1.00,1.00
2016.09.08 09:05:59.868,1.72892,1.72923,1.00,1.00
2016.09.08 09:06:00.031,1.7289,1.72916,1.50,1.00
2016.09.08 09:06:00.082,1.7289,1.72914,1.00,1.00
2016.09.08 09:06:00.284,1.7289,1.72917,1.00,1.00
2016.09.08 09:06:01.559,1.7289,1.72919,1.00,1.00
2016.09.08 09:06:01.661,1.72895,1.72924,1.00,1.50
2016.09.08 09:06:01.712,1.72895,1.72927,1.00,1.75
2016.09.08 09:06:01.763,1.72895,1.72927,1.00,1.75
2016.09.08 09:06:02.044,1.72896,1.72929,1.00,2.25
2016.09.08 09:06:02.145,1.72896,1.72929,1.00,2.25
2016.09.08 09:06:02.859,1.72896,1.72929,1.00,2.25
2016.09.08 09:06:02.960,1.72894,1.72926,1.50,1.75
2016.09.08 09:06:03.061,1.72895,1.72927,1.00,1.75
2016.09.08 09:06:03.163,1.72895,1.72927,1.00,1.75
2016.09.08 09:06:04.045,1.72897,1.72928,1.00,1.75
2016.09.08 09:06:07.257,1.72897,1.72928,1.00,1.75
2016.09.08 09:06:07.358,1.72899,1.7293,1.00,2.25
2016.09.08 09:06:07.409,1.72902,1.7293,1.00,1.00
2016.09.08 09:06:07.482,1.72906,1.72932,1.00,1.00
2016.09.08 09:06:07.533,1.72906,1.72934,1.12,1.00
2016.09.08 09:06:07.584,1.72906,1.72936,1.12,1.00
2016.09.08 09:06:07.635,1.72906,1.72936,1.00,1.37
2016.09.08 09:06:07.736,1.72906,1.72936,1.00,1.37
2016.09.08 09:06:07.787,1.72906,1.72934,1.00,1.00
2016.09.08 09:06:07.838,1.72906,1.72934,1.00,1.00
2016.09.08 09:06:07.889,1.72906,1.72936,1.50,1.37
2016.09.08 09:06:08.054,1.72906,1.72934,1.00,1.00
2016.09.08 09:06:08.469,1.72906,1.72934,1.00,1.00
2016.09.08 09:06:09.376,1.72912,1.72943,1.00,1.75
2016.09.08 09:06:09.478,1.72912,1.72945,1.00,2.25
2016.09.08 09:06:09.630,1.72912,1.72945,1.00,1.87
2016.09.08 09:06:10.026,1.72912,1.72945,1.00,1.87
2016.09.08 09:06:10.083,1.72914,1.72945,1.00,1.87
2016.09.08 09:06:10.286,1.72914,1.72945,1.00,1.87
2016.09.08 09:06:10.471,1.72914,1.72945,1.00,1.87
2016.09.08 09:06:11.421,1.72914,1.72944,1.00,1.00
2016.09.08 09:06:11.946,1.72915,1.72944,1.00,1.00
2016.09.08 09:06:12.473,1.72914,1.72944,1.00,1.00
2016.09.08 09:06:12.575,1.72914,1.72943,1.00,1.00
2016.09.08 09:06:12.676,1.72914,1.72944,1.00,1.50
2016.09.08 09:06:14.986,1.72914,1.72944,1.00,1.50
2016.09.08 09:06:15.581,1.72914,1.72944,1.00,1.00
2016.09.08 09:06:16.076,1.72914,1.7294,1.00,1.00
2016.09.08 09:06:16.228,1.7291,1.72937,1.00,1.00
2016.09.08 09:06:16.481,1.7291,1.72939,1.00,1.50
2016.09.08 09:06:18.356,1.7291,1.72939,1.00,1.50
2016.09.08 09:06:18.482,1.7291,1.72939,1.00,1.50
2016.09.08 09:06:18.533,1.7291,1.72939,1.00,1.75
2016.09.08 09:06:18.937,1.72905,1.72938,1.50,1.75
2016.09.08 09:06:18.988,1.72906,1.72936,1.00,1.75
2016.09.08 09:06:19.282,1.72905,1.72935,1.00,1.50
2016.09.08 09:06:19.655,1.72905,1.72935,1.50,1.50
2016.09.08 09:06:20.656,1.72905,1.72934,1.00,1.12
2016.09.08 09:06:21.985,1.72903,1.72934,1.00,1.87
2016.09.08 09:06:22.187,1.72898,1.7293,1.75,1.00
2016.09.08 09:06:22.238,1.72898,1.7293,1.00,1.50
2016.09.08 09:06:22.289,1.72898,1.72926,1.00,1.50
2016.09.08 09:06:22.390,1.72895,1.72916,1.50,1.00
2016.09.08 09:06:22.546,1.72889,1.72916,1.00,1.00
2016.09.08 09:06:22.698,1.72889,1.72917,1.00,1.00
2016.09.08 09:06:22.982,1.72889,1.72917,1.00,1.00
2016.09.08 09:06:23.093,1.72889,1.72917,1.00,1.00
2016.09.08 09:06:23.303,1.72889,1.72918,1.00,1.00
2016.09.08 09:06:23.977,1.72889,1.72918,1.00,1.00
2016.09.08 09:06:24.858,1.72891,1.7292,1.00,1.12
2016.09.08 09:06:24.992,1.72891,1.72921,1.00,1.50
2016.09.08 09:06:25.093,1.72891,1.72921,1.00,1.50
2016.09.08 09:06:25.195,1.72891,1.72921,1.00,1.50
2016.09.08 09:06:25.296,1.72891,1.72923,1.00,2.25
2016.09.08 09:06:25.506,1.72891,1.72923,1.00,2.25
2016.09.08 09:06:25.557,1.72893,1.72923,1.00,1.50
2016.09.08 09:06:25.608,1.72896,1.72926,1.00,1.00
2016.09.08 09:06:25.760,1.72901,1.72928,1.50,1.00
2016.09.08 09:06:25.873,1.72902,1.72933,1.75,1.00
2016.09.08 09:06:26.974,1.72905,1.72933,1.00,1.00
2016.09.08 09:06:27.186,1.72905,1.72933,1.00,1.00
2016.09.08 09:06:27.237,1.72905,1.72933,1.00,1.00
2016.09.08 09:06:27.289,1.72905,1.72933,1.00,1.00
2016.09.08 09:06:27.589,1.72905,1.72933,1.00,1.00
2016.09.08 09:06:27.792,1.72905,1.72933,1.00,1.00
2016.09.08 09:06:27.994,1.72905,1.72933,1.00,1.00
2016.09.08 09:06:28.398,1.72905,1.72933,1.00,1.00
2016.09.08 09:06:28.600,1.72905,1.72934,1.00,1.00
2016.09.08 09:06:29.030,1.72905,1.72934,1.00,1.00
2016.09.08 09:06:31.061,1.72906,1.72934,1.00,1.00
2016.09.08 09:06:31.563,1.72905,1.72934,1.00,1.00
2016.09.08 09:06:32.948,1.72905,1.72934,1.00,1.00
2016.09.08 09:06:32.999,1.72905,1.72933,1.00,1.00
2016.09.08 09:06:33.101,1.72905,1.72933,1.00,1.00
2016.09.08 09:06:33.202,1.72905,1.72934,1.00,1.00
2016.09.08 09:06:33.766,1.72905,1.72935,1.50,1.00
2016.09.08 09:06:33.991,1.72905,1.72934,1.00,1.00
2016.09.08 09:06:34.618,1.72905,1.72936,1.00,1.12
2016.09.08 09:06:34.794,1.72905,1.72934,1.00,1.00
2016.09.08 09:06:34.994,1.72906,1.72936,1.00,1.12
2016.09.08 09:06:35.476,1.72908,1.72939,1.00,1.75
2016.09.08 09:06:35.527,1.72908,1.72939,1.00,1.75
2016.09.08 09:06:37.155,1.72908,1.72939,2.25,1.00
2016.09.08 09:06:37.290,1.72914,1.72946,1.00,2.25
2016.09.08 09:06:37.350,1.72914,1.72946,1.00,1.87
2016.09.08 09:06:37.401,1.72914,1.72946,1.00,1.00
2016.09.08 09:06:37.452,1.72914,1.72946,1.00,1.00
2016.09.08 09:06:37.806,1.72917,1.72947,1.00,1.00
2016.09.08 09:06:37.908,1.72913,1.72943,2.62,1.00
2016.09.08 09:06:37.958,1.72916,1.72943,1.00,1.00
2016.09.08 09:06:38.395,1.72916,1.72948,1.00,1.12
2016.09.08 09:06:38.446,1.72916,1.72948,1.00,1.12
2016.09.08 09:06:38.548,1.72917,1.72948,1.00,1.12
2016.09.08 09:06:38.649,1.72917,1.72948,1.00,1.12
2016.09.08 09:06:38.700,1.7292,1.72949,1.00,1.00
2016.09.08 09:06:38.953,1.7292,1.72948,1.00,1.00
2016.09.08 09:06:39.712,1.72921,1.72951,1.00,1.00
2016.09.08 09:06:39.913,1.72921,1.72951,1.00,1.00
2016.09.08 09:06:40.106,1.72921,1.72948,1.00,1.00
2016.09.08 09:06:40.512,1.72921,1.72951,1.00,1.00
2016.09.08 09:06:40.972,1.72921,1.72949,1.00,1.00
2016.09.08 09:06:44.125,1.72921,1.72949,1.00,1.00
2016.09.08 09:06:44.304,1.7292,1.72943,1.00,1.00
2016.09.08 09:06:44.354,1.72913,1.72943,1.12,1.00
2016.09.08 09:06:44.405,1.72912,1.72942,1.50,1.00
2016.09.08 09:06:44.926,1.72913,1.72943,1.12,1.00
2016.09.08 09:06:45.129,1.7291,1.72942,1.75,1.00
2016.09.08 09:06:45.419,1.72913,1.72944,1.12,1.00
2016.09.08 09:06:45.571,1.72913,1.72944,1.00,1.75
2016.09.08 09:06:45.824,1.72913,1.72944,1.50,1.75
2016.09.08 09:06:46.385,1.72914,1.72947,1.00,2.25
2016.09.08 09:06:46.538,1.72914,1.72947,1.00,1.75
2016.09.08 09:06:46.674,1.72915,1.72947,1.00,1.00
2016.09.08 09:06:46.725,1.72917,1.7295,1.00,1.75
2016.09.08 09:06:46.776,1.72917,1.7295,1.75,1.00
2016.09.08 09:06:46.826,1.72921,1.72953,1.00,1.87
2016.09.08 09:06:46.878,1.72921,1.72953,1.00,1.37
2016.09.08 09:06:49.217,1.7292,1.72951,1.12,1.00
2016.09.08 09:06:49.268,1.7292,1.72945,1.12,1.00
2016.09.08 09:06:49.318,1.72916,1.72938,1.12,1.00
2016.09.08 09:06:49.369,1.72913,1.72938,1.50,1.00
2016.09.08 09:06:49.420,1.72913,1.7294,1.00,1.75
2016.09.08 09:06:49.471,1.7291,1.7294,1.12,1.75
2016.09.08 09:06:49.550,1.72909,1.72941,1.37,1.75
2016.09.08 09:06:49.601,1.72909,1.72941,1.00,1.00
2016.09.08 09:06:49.771,1.72912,1.72942,1.00,1.50
2016.09.08 09:06:49.872,1.72912,1.72942,1.00,1.12
2016.09.08 09:06:49.923,1.72912,1.72942,1.12,1.00
2016.09.08 09:06:50.033,1.72913,1.72943,1.00,1.00
2016.09.08 09:06:50.185,1.72913,1.72943,1.00,1.00
2016.09.08 09:06:50.733,1.72914,1.72944,1.00,1.00
2016.09.08 09:06:51.295,1.72912,1.7294,1.12,1.00
2016.09.08 09:06:51.396,1.72912,1.72935,1.00,1.00
2016.09.08 09:06:51.447,1.72908,1.72935,1.00,1.00
2016.09.08 09:06:51.497,1.72904,1.72934,1.00,1.00
2016.09.08 09:06:51.680,1.72907,1.72934,1.00,1.00
2016.09.08 09:06:51.781,1.72907,1.72934,1.00,1.00
2016.09.08 09:06:52.097,1.72907,1.72935,1.00,1.00
2016.09.08 09:06:52.249,1.72904,1.72935,1.00,1.00
2016.09.08 09:06:52.300,1.72902,1.72935,2.25,1.00
2016.09.08 09:06:52.352,1.72908,1.72935,1.00,1.00
2016.09.08 09:06:53.702,1.72902,1.72935,1.50,1.00
2016.09.08 09:06:54.006,1.72902,1.72931,1.00,1.00
2016.09.08 09:06:54.057,1.72905,1.72931,1.87,1.00
2016.09.08 09:06:54.108,1.72911,1.72938,1.00,1.00
2016.09.08 09:06:54.159,1.72911,1.72942,1.00,1.12
2016.09.08 09:06:54.210,1.72913,1.72943,1.00,1.37
2016.09.08 09:06:54.494,1.72914,1.72944,1.00,1.50
2016.09.08 09:06:54.596,1.72915,1.72945,1.50,1.00
2016.09.08 09:06:54.697,1.72917,1.72945,1.00,1.00
2016.09.08 09:06:54.799,1.72922,1.7295,1.00,1.00
2016.09.08 09:06:54.900,1.72923,1.72953,1.12,1.00
2016.09.08 09:06:55.052,1.72923,1.72956,1.12,1.00
2016.09.08 09:06:55.204,1.72927,1.72956,1.00,1.00
2016.09.08 09:06:55.318,1.72927,1.72957,1.50,1.00
2016.09.08 09:06:55.471,1.72927,1.72957,2.25,1.00
2016.09.08 09:06:59.768,1.72928,1.72957,1.00,1.00
2016.09.08 09:07:00.219,1.7293,1.72961,1.50,1.50
2016.09.08 09:07:00.593,1.72928,1.72961,1.75,1.50
2016.09.08 09:07:00.645,1.72927,1.72958,1.75,1.00
2016.09.08 09:07:00.822,1.72928,1.72961,1.75,1.50
2016.09.08 09:07:00.873,1.72929,1.72961,1.75,1.50
2016.09.08 09:07:00.924,1.72929,1.72961,2.25,1.00
2016.09.08 09:07:00.975,1.72929,1.72961,1.75,1.00
2016.09.08 09:07:01.177,1.72929,1.72961,1.75,1.00
2016.09.08 09:07:01.314,1.72929,1.7296,1.75,1.00
2016.09.08 09:07:01.618,1.72926,1.72958,2.25,1.00
2016.09.08 09:07:01.721,1.72926,1.72954,1.12,1.00
2016.09.08 09:07:02.929,1.72925,1.72954,1.50,1.00
2016.09.08 09:07:03.183,1.72921,1.72954,2.25,1.00
2016.09.08 09:07:03.778,1.72922,1.72954,1.75,1.00
2016.09.08 09:07:04.985,1.72923,1.72954,1.75,1.00
2016.09.08 09:07:05.637,1.72924,1.72954,1.87,1.00
2016.09.08 09:07:05.688,1.72933,1.72954,1.00,1.00
2016.09.08 09:07:05.739,1.72934,1.72964,1.50,1.00
2016.09.08 09:07:05.789,1.72934,1.72964,1.50,3.00
2016.09.08 09:07:05.840,1.72934,1.72956,1.00,1.00
2016.09.08 09:07:05.975,1.72921,1.72953,1.50,1.75
2016.09.08 09:07:06.025,1.72927,1.72955,1.00,1.75
2016.09.08 09:07:06.126,1.72927,1.72958,1.50,1.12
2016.09.08 09:07:06.228,1.72932,1.7296,1.00,1.00
2016.09.08 09:07:06.279,1.72932,1.72963,1.00,1.50
2016.09.08 09:07:06.380,1.72935,1.72963,1.00,1.00
2016.09.08 09:07:06.430,1.72935,1.72966,1.00,1.00
2016.09.08 09:07:06.532,1.72935,1.72962,1.00,1.00
2016.09.08 09:07:06.701,1.72935,1.72962,1.00,1.00
2016.09.08 09:07:06.752,1.72935,1.7296,1.00,1.00
2016.09.08 09:07:06.853,1.72932,1.7296,1.00,1.00
2016.09.08 09:07:06.905,1.72932,1.7296,1.50,1.00
2016.09.08 09:07:07.057,1.72932,1.7296,1.00,1.00
2016.09.08 09:07:07.108,1.72932,1.72957,1.00,1.00
2016.09.08 09:07:07.611,1.7293,1.72957,1.50,1.00
2016.09.08 09:07:08.013,1.72929,1.72957,2.25,1.00
2016.09.08 09:07:08.698,1.72929,1.72957,1.75,1.00
2016.09.08 09:07:08.749,1.72934,1.72957,1.00,1.00
2016.09.08 09:07:09.457,1.72934,1.7296,1.00,1.00
2016.09.08 09:07:09.620,1.72934,1.72962,1.00,1.00
2016.09.08 09:07:10.149,1.72934,1.72963,1.00,1.00
2016.09.08 09:07:10.200,1.72934,1.72963,1.00,1.00
2016.09.08 09:07:10.251,1.72934,1.7296,1.00,1.00
2016.09.08 09:07:10.352,1.72934,1.72964,1.00,1.00
2016.09.08 09:07:12.464,1.72934,1.72965,1.00,1.50
2016.09.08 09:07:13.514,1.72934,1.72965,1.00,1.00
2016.09.08 09:07:14.461,1.72934,1.72966,1.50,1.00
2016.09.08 09:07:14.512,1.72934,1.72966,1.50,1.00
2016.09.08 09:07:14.606,1.72934,1.72966,1.50,1.00
2016.09.08 09:07:14.657,1.72934,1.72965,1.00,1.00
2016.09.08 09:07:14.815,1.72934,1.72965,1.00,1.00
2016.09.08 09:07:15.120,1.72934,1.72964,1.00,1.50
2016.09.08 09:07:15.552,1.7293,1.72964,1.37,1.87
2016.09.08 09:07:15.603,1.7293,1.72964,1.37,1.87
2016.09.08 09:07:15.654,1.7293,1.72964,1.00,2.25
2016.09.08 09:07:15.806,1.7293,1.72964,1.00,2.25
2016.09.08 09:07:15.856,1.7293,1.72963,1.00,1.00
2016.09.08 09:07:16.153,1.72929,1.72963,1.00,1.50
2016.09.08 09:07:16.255,1.72929,1.72963,1.00,1.00
2016.09.08 09:07:16.305,1.72929,1.72963,1.00,1.00
2016.09.08 09:07:16.356,1.72929,1.7296,1.00,1.00
2016.09.08 09:07:16.407,1.72929,1.7296,1.00,1.00
2016.09.08 09:07:16.458,1.72928,1.72958,1.37,1.12
2016.09.08 09:07:16.508,1.72925,1.72958,1.75,1.12
2016.09.08 09:07:16.559,1.72925,1.72958,1.00,1.37
2016.09.08 09:07:16.660,1.72925,1.72956,1.00,1.00
2016.09.08 09:07:17.140,1.72925,1.72956,1.00,1.00
2016.09.08 09:07:17.419,1.72925,1.72956,1.50,1.00
2016.09.08 09:07:17.496,1.72925,1.72958,1.87,1.37
2016.09.08 09:07:17.547,1.72927,1.72961,1.12,2.25
2016.09.08 09:07:17.598,1.72927,1.72961,1.37,1.87
2016.09.08 09:07:17.649,1.72927,1.72961,1.75,1.50
2016.09.08 09:07:18.119,1.72929,1.72961,1.50,1.00
2016.09.08 09:07:18.220,1.72931,1.72961,1.00,1.00
2016.09.08 09:07:18.271,1.72931,1.72964,1.00,3.00
2016.09.08 09:07:18.322,1.72929,1.72964,2.25,2.25
2016.09.08 09:07:18.576,1.72929,1.72964,2.25,1.87
2016.09.08 09:07:18.627,1.72932,1.72964,1.37,1.12
2016.09.08 09:07:18.786,1.72931,1.72964,1.75,1.00
2016.09.08 09:07:18.837,1.72931,1.72964,1.75,1.00
2016.09.08 09:07:18.938,1.72932,1.72965,1.75,1.50
2016.09.08 09:07:19.340,1.72931,1.72963,1.75,1.00
2016.09.08 09:07:19.391,1.72931,1.72963,1.37,1.00
2016.09.08 09:07:19.441,1.72931,1.72963,1.37,1.00
2016.09.08 09:07:19.492,1.72931,1.72963,1.00,1.00
2016.09.08 09:07:20.042,1.72929,1.72964,2.25,1.00
2016.09.08 09:07:20.422,1.72931,1.72963,1.00,1.00
2016.09.08 09:07:20.655,1.72929,1.72964,2.25,1.00
2016.09.08 09:07:20.833,1.72929,1.72962,2.25,1.00
2016.09.08 09:07:21.908,1.72929,1.72962,3.00,1.00
2016.09.08 09:07:21.959,1.72934,1.72965,1.00,1.12
2016.09.08 09:07:22.010,1.72934,1.72966,1.87,1.12
2016.09.08 09:07:22.060,1.72934,1.72966,2.25,1.00
2016.09.08 09:07:22.111,1.72934,1.72966,1.87,1.00
2016.09.08 09:07:22.162,1.72936,1.72969,1.37,1.00
2016.09.08 09:07:22.314,1.72936,1.72969,1.87,1.00
2016.09.08 09:07:22.365,1.72938,1.72971,1.75,1.00
2016.09.08 09:07:22.517,1.72938,1.72971,2.25,1.00
2016.09.08 09:07:22.568,1.72938,1.72969,1.75,1.00
2016.09.08 09:07:22.619,1.72938,1.72969,1.75,1.00
2016.09.08 09:07:22.726,1.72938,1.72973,2.25,1.00
2016.09.08 09:07:22.827,1.72939,1.72974,1.50,1.12
2016.09.08 09:07:23.131,1.72939,1.72974,1.50,1.12
2016.09.08 09:07:24.327,1.7294,1.72974,1.37,1.12
2016.09.08 09:07:24.938,1.72938,1.72973,2.25,1.00
2016.09.08 09:07:25.047,1.7294,1.72974,1.37,1.12
2016.09.08 09:07:25.247,1.72941,1.72975,1.12,1.37
2016.09.08 09:07:25.556,1.7294,1.72975,1.37,1.37
2016.09.08 09:07:25.769,1.72941,1.72975,1.12,1.37
2016.09.08 09:07:26.249,1.72942,1.72975,1.00,1.37
2016.09.08 09:07:26.551,1.72941,1.72975,1.12,1.37
2016.09.08 09:07:26.653,1.72941,1.72975,1.12,1.37
2016.09.08 09:07:26.755,1.72941,1.72975,1.12,1.37
2016.09.08 09:07:26.856,1.72941,1.72975,1.12,1.37
2016.09.08 09:07:26.958,1.72941,1.72975,1.12,1.37
2016.09.08 09:07:27.059,1.72941,1.72973,1.12,1.00
2016.09.08 09:07:27.161,1.72935,1.7297,1.75,1.00
2016.09.08 09:07:27.318,1.72935,1.72969,1.50,1.00
2016.09.08 09:07:27.368,1.72935,1.72969,1.00,1.50
2016.09.08 09:07:27.470,1.72935,1.72969,1.50,1.50
2016.09.08 09:07:27.773,1.72935,1.72969,1.50,1.00
2016.09.08 09:07:28.374,1.72935,1.72969,1.50,1.00
2016.09.08 09:07:29.158,1.72935,1.72969,1.50,1.00
2016.09.08 09:07:29.259,1.72937,1.72969,1.00,1.00
2016.09.08 09:07:29.746,1.72935,1.72969,1.50,1.50
2016.09.08 09:07:30.065,1.72937,1.72969,1.00,1.00
2016.09.08 09:07:30.433,1.72935,1.72969,1.50,1.50
2016.09.08 09:07:30.962,1.72935,1.72969,1.50,2.25
2016.09.08 09:07:31.334,1.72935,1.72969,1.50,2.25
2016.09.08 09:07:31.774,1.72935,1.72968,1.00,1.00
2016.09.08 09:07:32.737,1.72935,1.72968,1.00,1.00
2016.09.08 09:07:32.838,1.72938,1.72968,1.00,1.00
2016.09.08 09:07:32.889,1.72938,1.72968,1.37,1.00
2016.09.08 09:07:33.014,1.72938,1.72968,1.00,1.50
2016.09.08 09:07:33.065,1.72937,1.72965,1.00,1.00
2016.09.08 09:07:33.116,1.72931,1.72964,1.00,1.75
2016.09.08 09:07:33.167,1.72931,1.72959,1.00,1.00
2016.09.08 09:07:33.218,1.72931,1.72959,1.00,1.75
2016.09.08 09:07:33.269,1.7293,1.72959,1.00,1.75
2016.09.08 09:07:33.371,1.72927,1.72959,1.00,1.75
2016.09.08 09:07:33.474,1.72927,1.72959,1.00,1.75
2016.09.08 09:07:33.778,1.72927,1.72959,1.00,1.75
2016.09.08 09:07:34.321,1.72926,1.72959,1.00,1.75
2016.09.08 09:07:34.371,1.72926,1.72959,1.00,1.75
2016.09.08 09:07:35.223,1.72926,1.72959,1.00,1.75
2016.09.08 09:07:35.274,1.72925,1.72959,1.00,2.25
2016.09.08 09:07:35.477,1.72925,1.72959,1.00,2.25
2016.09.08 09:07:35.762,1.72925,1.72959,1.00,1.75
2016.09.08 09:07:35.875,1.72925,1.72959,1.00,1.75
2016.09.08 09:07:35.976,1.72925,1.72959,1.00,1.75
2016.09.08 09:07:36.477,1.72925,1.72959,1.00,1.75
2016.09.08 09:07:36.578,1.72925,1.72959,1.00,1.75
2016.09.08 09:07:37.844,1.72924,1.72959,1.00,1.75
2016.09.08 09:07:37.948,1.72924,1.72959,1.00,1.75
2016.09.08 09:07:37.999,1.72924,1.72959,1.00,2.25
2016.09.08 09:07:38.050,1.72924,1.72959,1.00,2.25
2016.09.08 09:07:39.393,1.72924,1.72959,1.00,2.25
2016.09.08 09:07:39.848,1.72924,1.72959,1.37,2.25
2016.09.08 09:07:39.950,1.72924,1.72959,1.75,1.87
2016.09.08 09:07:40.285,1.72923,1.72958,1.75,1.00
2016.09.08 09:07:40.386,1.72923,1.72958,1.75,1.00
2016.09.08 09:07:40.488,1.72923,1.72959,2.25,1.12
2016.09.08 09:07:40.590,1.72923,1.72959,2.25,1.87
2016.09.08 09:07:40.692,1.72924,1.72957,1.75,1.00
2016.09.08 09:07:42.496,1.72925,1.72957,1.50,1.00
2016.09.08 09:07:42.547,1.72931,1.72961,1.00,1.37
2016.09.08 09:07:42.597,1.72931,1.72961,1.00,1.37
2016.09.08 09:07:42.648,1.72927,1.72962,2.25,1.12
2016.09.08 09:07:42.699,1.72927,1.72961,2.25,1.00
2016.09.08 09:07:42.750,1.72927,1.72958,1.37,1.37
2016.09.08 09:07:42.851,1.72927,1.72959,1.00,1.75
2016.09.08 09:07:43.033,1.72924,1.72959,1.50,1.75
2016.09.08 09:07:43.236,1.72924,1.72959,1.87,1.37
2016.09.08 09:07:43.287,1.72932,1.72964,1.00,1.75
2016.09.08 09:07:43.338,1.72932,1.72965,1.37,1.37
2016.09.08 09:07:43.388,1.72936,1.72969,1.12,1.87
2016.09.08 09:07:43.439,1.72936,1.72969,1.00,1.87
2016.09.08 09:07:43.490,1.72931,1.72964,1.50,1.12
2016.09.08 09:07:43.541,1.72931,1.72964,1.37,1.00
2016.09.08 09:07:43.592,1.72931,1.72964,1.37,1.00
2016.09.08 09:07:43.697,1.72933,1.72965,1.37,1.00
2016.09.08 09:07:43.748,1.72933,1.72965,1.37,1.37
2016.09.08 09:07:43.799,1.72929,1.72961,1.75,1.00
2016.09.08 09:07:43.850,1.72927,1.72959,2.62,1.37
2016.09.08 09:07:43.901,1.72927,1.72959,1.87,1.37
2016.09.08 09:07:43.951,1.72925,1.72959,2.25,1.50
2016.09.08 09:07:44.053,1.72928,1.72961,1.00,2.25
2016.09.08 09:07:44.104,1.72928,1.72961,1.50,2.25
2016.09.08 09:07:44.155,1.72928,1.72961,1.87,1.87
2016.09.08 09:07:44.206,1.72928,1.72961,1.37,1.87
2016.09.08 09:07:44.257,1.72929,1.72961,1.50,1.00
2016.09.08 09:07:44.560,1.72927,1.72961,1.75,1.00
2016.09.08 09:07:45.463,1.72928,1.72961,1.75,1.00
2016.09.08 09:07:45.968,1.7293,1.72961,1.37,1.00
2016.09.08 09:07:46.660,1.72928,1.72961,2.25,1.50
2016.09.08 09:07:47.452,1.72929,1.72961,1.50,1.00
2016.09.08 09:07:48.271,1.72929,1.72963,2.25,1.00
2016.09.08 09:07:50.068,1.72931,1.72965,1.12,1.37
2016.09.08 09:07:50.169,1.7293,1.72961,1.00,1.12
2016.09.08 09:07:50.390,1.72936,1.72966,1.00,1.75
2016.09.08 09:07:50.760,1.72937,1.72963,1.00,1.75
2016.09.08 09:07:50.861,1.72935,1.72958,1.00,1.00
2016.09.08 09:07:51.055,1.72933,1.72958,1.00,1.00
2016.09.08 09:07:51.781,1.72934,1.72958,1.00,1.00
2016.09.08 09:07:52.273,1.72931,1.72958,1.00,1.00
2016.09.08 09:07:52.476,1.72931,1.72958,1.00,1.50
2016.09.08 09:07:52.880,1.72931,1.72958,1.00,1.00
2016.09.08 09:07:54.980,1.72933,1.72958,1.00,1.00
2016.09.08 09:07:55.484,1.72933,1.72961,1.00,1.00
2016.09.08 09:07:55.946,1.72933,1.72962,1.00,1.50
2016.09.08 09:07:55.997,1.72933,1.72957,1.00,1.00
2016.09.08 09:07:56.784,1.72933,1.72961,1.00,1.50
2016.09.08 09:07:57.016,1.72935,1.72961,1.00,1.00
2016.09.08 09:07:57.349,1.72935,1.72961,1.00,1.50
2016.09.08 09:07:57.400,1.72927,1.72956,1.00,1.00
2016.09.08 09:07:57.528,1.72925,1.7295,1.37,1.00
2016.09.08 09:07:57.605,1.72928,1.7295,1.00,1.50
2016.09.08 09:07:57.656,1.72928,1.72952,1.00,3.22
2016.09.08 09:07:57.708,1.72932,1.72952,1.00,2.47
2016.09.08 09:07:57.759,1.72932,1.72956,1.00,1.00
2016.09.08 09:07:57.860,1.72932,1.72959,1.00,1.12
2016.09.08 09:07:58.013,1.72928,1.72959,1.00,1.12
2016.09.08 09:07:58.346,1.72932,1.72959,1.00,1.12
2016.09.08 09:07:58.960,1.72932,1.72962,1.00,1.75
2016.09.08 09:07:59.012,1.72932,1.72964,1.00,1.75
2016.09.08 09:07:59.665,1.72935,1.72964,1.00,1.75
2016.09.08 09:07:59.766,1.72935,1.72964,1.00,1.50
2016.09.08 09:08:00.317,1.72936,1.72965,1.00,1.75
2016.09.08 09:08:00.369,1.72936,1.72964,1.00,1.50
2016.09.08 09:08:00.470,1.72936,1.72965,1.00,1.75
2016.09.08 09:08:00.848,1.72936,1.72964,1.00,1.50
2016.09.08 09:08:01.389,1.72936,1.72959,1.00,1.00
2016.09.08 09:08:01.491,1.72928,1.72949,1.00,1.00
2016.09.08 09:08:01.542,1.72925,1.72949,1.00,1.00
2016.09.08 09:08:01.592,1.72928,1.72958,1.00,1.00
2016.09.08 09:08:01.643,1.72928,1.72958,1.00,1.00
2016.09.08 09:08:01.694,1.72928,1.72958,1.00,1.75
2016.09.08 09:08:02.200,1.72929,1.72958,1.00,1.75
2016.09.08 09:08:02.403,1.72927,1.72958,1.00,2.25
2016.09.08 09:08:02.555,1.72927,1.72958,1.00,1.75
2016.09.08 09:08:02.606,1.72927,1.72958,1.00,2.25
2016.09.08 09:08:02.708,1.72927,1.72958,1.00,1.75
2016.09.08 09:08:02.910,1.72928,1.72959,1.00,2.25
2016.09.08 09:08:03.195,1.7293,1.72959,1.00,1.75
2016.09.08 09:08:03.706,1.72932,1.72959,1.00,1.75
2016.09.08 09:08:04.231,1.72932,1.72958,1.00,1.75
2016.09.08 09:08:04.577,1.7293,1.72958,1.00,1.75
2016.09.08 09:08:05.073,1.72932,1.72958,1.00,1.75
2016.09.08 09:08:05.176,1.72928,1.72958,1.00,1.75
2016.09.08 09:08:05.380,1.7293,1.72958,1.00,1.75
2016.09.08 09:08:10.203,1.7293,1.72958,1.00,1.75
2016.09.08 09:08:10.915,1.72931,1.72958,1.00,1.75
2016.09.08 09:08:11.777,1.72931,1.72959,1.00,1.75
2016.09.08 09:08:12.880,1.72929,1.72959,1.00,1.75
2016.09.08 09:08:13.335,1.7293,1.7296,1.00,1.75
2016.09.08 09:08:13.386,1.72934,1.72964,1.00,1.75
2016.09.08 09:08:13.487,1.72934,1.72964,1.00,1.75
2016.09.08 09:08:13.538,1.72934,1.72964,1.00,1.00
2016.09.08 09:08:13.840,1.72937,1.72964,1.00,1.00
2016.09.08 09:08:14.143,1.72939,1.72964,1.00,1.00
2016.09.08 09:08:14.814,1.72939,1.72965,1.00,1.12
2016.09.08 09:08:15.118,1.72939,1.72964,1.00,1.00
2016.09.08 09:08:15.219,1.72939,1.72969,1.00,1.50
2016.09.08 09:08:19.031,1.72942,1.72969,1.00,1.50
2016.09.08 09:08:19.492,1.72942,1.72968,1.00,1.00
2016.09.08 09:08:21.224,1.72945,1.72968,1.00,1.00
2016.09.08 09:08:21.326,1.72945,1.72971,1.00,1.12
2016.09.08 09:08:21.478,1.72945,1.72971,1.00,1.12
2016.09.08 09:08:21.529,1.72945,1.72969,1.00,1.00
2016.09.08 09:08:21.994,1.72945,1.72971,1.00,1.12
2016.09.08 09:08:24.039,1.72945,1.72972,1.00,1.50
2016.09.08 09:08:24.283,1.72945,1.72972,1.00,1.50
2016.09.08 09:08:24.333,1.72945,1.72969,1.00,1.00
2016.09.08 09:08:24.475,1.72942,1.72969,1.00,1.00
2016.09.08 09:08:24.526,1.72942,1.72968,1.00,1.75
2016.09.08 09:08:24.627,1.72942,1.72963,1.00,1.00
2016.09.08 09:08:24.728,1.72939,1.72963,1.00,1.00
2016.09.08 09:08:24.829,1.72942,1.72968,1.00,1.75
2016.09.08 09:08:25.340,1.72942,1.72968,1.00,1.75
2016.09.08 09:08:25.967,1.72942,1.72968,1.00,1.75
2016.09.08 09:08:27.599,1.72939,1.72968,1.00,1.75
2016.09.08 09:08:27.826,1.72942,1.72968,1.00,1.75
2016.09.08 09:08:28.453,1.72942,1.72968,1.00,1.00
2016.09.08 09:08:28.504,1.72939,1.72969,1.12,1.00
2016.09.08 09:08:28.605,1.72935,1.72963,1.75,1.00
2016.09.08 09:08:28.657,1.72935,1.72962,1.00,1.00
2016.09.08 09:08:28.708,1.72931,1.72959,2.25,1.00
2016.09.08 09:08:28.759,1.72931,1.72959,1.00,1.87
2016.09.08 09:08:28.809,1.72926,1.72957,1.00,1.00
2016.09.08 09:08:28.860,1.72926,1.72957,1.00,1.75
2016.09.08 09:08:28.911,1.72926,1.72953,1.00,1.00
2016.09.08 09:08:29.253,1.72926,1.72956,1.00,1.75
2016.09.08 09:08:29.668,1.72926,1.72956,1.00,1.75
2016.09.08 09:08:29.972,1.72929,1.72959,1.00,1.75
2016.09.08 09:08:30.073,1.72931,1.72959,1.00,1.50
2016.09.08 09:08:30.315,1.72931,1.72958,1.00,1.12
2016.09.08 09:08:30.365,1.72931,1.72958,1.00,1.12
2016.09.08 09:08:30.467,1.72931,1.72959,1.00,1.50
2016.09.08 09:08:32.099,1.7293,1.72959,1.00,1.50
2016.09.08 09:08:32.572,1.72929,1.72958,1.00,1.87
2016.09.08 09:08:33.201,1.72925,1.72955,1.12,1.00
2016.09.08 09:08:35.036,1.72923,1.72954,1.00,1.12
2016.09.08 09:08:35.087,1.72923,1.72954,1.00,1.87
2016.09.08 09:08:35.138,1.7292,1.7295,1.00,1.37
2016.09.08 09:08:35.278,1.7292,1.7295,1.00,1.37
2016.09.08 09:08:35.451,1.72918,1.72949,1.50,1.12
2016.09.08 09:08:35.501,1.72918,1.72949,1.50,1.12
2016.09.08 09:08:35.704,1.7292,1.7295,1.00,1.37
2016.09.08 09:08:35.963,1.7292,1.72952,1.00,2.25
2016.09.08 09:08:36.014,1.7292,1.72952,1.00,2.25
2016.09.08 09:08:36.417,1.72917,1.7295,1.12,1.37
2016.09.08 09:08:36.468,1.72917,1.72948,1.00,1.75
2016.09.08 09:08:36.776,1.72917,1.72948,1.00,1.75
2016.09.08 09:08:36.877,1.72917,1.72939,1.00,1.50
2016.09.08 09:08:36.928,1.72911,1.72939,1.37,1.50
2016.09.08 09:08:36.979,1.72909,1.72935,1.87,1.00
2016.09.08 09:08:37.030,1.72906,1.72932,1.00,1.00
2016.09.08 09:08:37.080,1.72901,1.72927,1.00,1.00
2016.09.08 09:08:37.334,1.72902,1.72927,1.00,1.00
2016.09.08 09:08:37.435,1.72902,1.72927,1.00,1.00
2016.09.08 09:08:37.554,1.72901,1.72931,1.50,1.50
2016.09.08 09:08:37.808,1.72902,1.72932,1.00,1.75
2016.09.08 09:08:39.319,1.72902,1.72932,1.50,1.75
2016.09.08 09:08:39.581,1.72902,1.72932,1.50,1.75
2016.09.08 09:08:39.694,1.72902,1.72933,1.50,2.25
2016.09.08 09:08:39.746,1.72906,1.72937,1.00,1.75
2016.09.08 09:08:39.796,1.72906,1.72937,1.00,1.50
2016.09.08 09:08:39.847,1.72908,1.72938,1.00,1.00
2016.09.08 09:08:39.899,1.72908,1.72938,1.00,1.00
2016.09.08 09:08:39.950,1.72906,1.72935,1.12,1.00
2016.09.08 09:08:40.153,1.72906,1.72937,1.87,1.00
2016.09.08 09:08:41.568,1.72907,1.72937,1.00,1.00
2016.09.08 09:08:41.669,1.72907,1.72937,1.75,1.00
2016.09.08 09:08:41.719,1.72908,1.7294,1.75,1.00
2016.09.08 09:08:48.329,1.72912,1.7294,1.00,1.00
2016.09.08 09:08:48.846,1.72912,1.72942,1.00,1.50
2016.09.08 09:08:49.029,1.72911,1.72942,1.50,1.50
2016.09.08 09:08:52.950,1.72911,1.72942,1.84,1.00
2016.09.08 09:08:53.000,1.72912,1.72942,1.09,1.00
2016.09.08 09:08:53.153,1.72913,1.72944,1.37,1.00
2016.09.08 09:08:53.319,1.72912,1.72943,1.84,1.00
2016.09.08 09:08:53.814,1.72912,1.72943,1.50,1.00
2016.09.08 09:08:54.080,1.7291,1.72943,1.00,1.00
2016.09.08 09:08:54.442,1.72909,1.72939,1.12,1.00
2016.09.08 09:08:54.645,1.72909,1.72939,1.12,1.00
2016.09.08 09:08:55.004,1.72909,1.72939,1.12,1.00
2016.09.08 09:08:55.092,1.72909,1.72939,1.00,1.50
2016.09.08 09:08:55.143,1.72906,1.72934,1.12,1.00
2016.09.08 09:08:55.194,1.72901,1.72932,2.25,1.00
2016.09.08 09:08:55.244,1.72901,1.72932,2.25,1.00
2016.09.08 09:08:55.411,1.72901,1.72934,3.00,1.00
2016.09.08 09:08:55.665,1.72901,1.72934,2.25,1.00
2016.09.08 09:08:55.716,1.72901,1.72934,2.25,1.00
2016.09.08 09:08:55.767,1.72903,1.72935,1.50,1.00
2016.09.08 09:08:55.868,1.72901,1.7293,1.75,1.00
2016.09.08 09:08:55.919,1.72901,1.7293,1.75,1.00
2016.09.08 09:08:56.020,1.729,1.7293,1.75,1.00
2016.09.08 09:08:56.196,1.729,1.7293,1.75,1.00
2016.09.08 09:08:57.259,1.72902,1.72933,1.75,1.00
2016.09.08 09:08:58.143,1.72904,1.72934,1.12,1.00
2016.09.08 09:08:59.811,1.72904,1.72934,1.12,1.00
2016.09.08 09:08:59.913,1.72904,1.72933,1.00,1.00
2016.09.08 09:08:59.963,1.72902,1.72933,1.00,1.00
2016.09.08 09:09:00.126,1.72901,1.72933,1.00,1.50
2016.09.08 09:09:00.435,1.72901,1.7293,1.00,1.00
2016.09.08 09:09:00.486,1.72901,1.7293,1.00,1.75
2016.09.08 09:09:00.587,1.72901,1.7293,1.00,2.25
2016.09.08 09:09:00.638,1.72898,1.7293,1.00,1.75
2016.09.08 09:09:00.739,1.72898,1.7293,1.00,1.75
2016.09.08 09:09:00.942,1.72898,1.7293,1.00,1.75
2016.09.08 09:09:00.992,1.72898,1.72931,1.00,2.25
2016.09.08 09:09:01.144,1.72897,1.7293,1.00,1.75
2016.09.08 09:09:01.539,1.72897,1.7293,1.00,1.75
2016.09.08 09:09:01.590,1.72897,1.7293,1.00,2.25
2016.09.08 09:09:01.716,1.72897,1.7293,1.00,1.75
2016.09.08 09:09:01.817,1.72897,1.7293,1.00,1.75
2016.09.08 09:09:01.868,1.72897,1.72928,1.00,1.75
2016.09.08 09:09:01.919,1.72897,1.72924,1.00,1.50
2016.09.08 09:09:02.021,1.72896,1.72925,1.00,1.75
2016.09.08 09:09:02.072,1.72893,1.72925,1.00,2.25
2016.09.08 09:09:02.851,1.72895,1.72925,1.00,1.75
2016.09.08 09:09:02.953,1.72895,1.72924,1.00,1.50
2016.09.08 09:09:03.054,1.72897,1.7293,1.00,2.25
2016.09.08 09:09:04.013,1.72897,1.7293,1.00,3.00
2016.09.08 09:09:05.045,1.72896,1.72928,1.00,1.50
2016.09.08 09:09:05.829,1.72896,1.72928,1.00,2.25
2016.09.08 09:09:05.880,1.72894,1.72926,1.00,1.75
2016.09.08 09:09:06.032,1.72894,1.72925,1.00,1.75
2016.09.08 09:09:06.083,1.72892,1.72923,1.00,1.50
2016.09.08 09:09:07.957,1.72894,1.72925,1.00,1.75
2016.09.08 09:09:08.775,1.72893,1.72921,1.00,1.00
2016.09.08 09:09:08.826,1.72893,1.72917,1.00,2.25
2016.09.08 09:09:08.877,1.72893,1.7291,1.00,1.00
2016.09.08 09:09:08.928,1.72881,1.72911,1.00,1.00
2016.09.08 09:09:09.030,1.7288,1.7291,1.00,1.00
2016.09.08 09:09:09.241,1.7289,1.7291,1.00,1.75
2016.09.08 09:09:09.342,1.729,1.72918,1.00,1.00
2016.09.08 09:09:09.393,1.729,1.72923,1.00,1.75
2016.09.08 09:09:09.444,1.729,1.72926,1.00,1.50
2016.09.08 09:09:09.494,1.729,1.7293,1.00,2.25
2016.09.08 09:09:09.545,1.729,1.7293,1.00,1.75
2016.09.08 09:09:09.926,1.72897,1.72929,1.00,1.75
2016.09.08 09:09:09.976,1.72897,1.72929,1.00,1.75
2016.09.08 09:09:10.118,1.72897,1.72929,1.00,1.75
2016.09.08 09:09:10.168,1.72897,1.72929,1.00,1.75
2016.09.08 09:09:10.270,1.72897,1.72929,1.00,1.75
2016.09.08 09:09:10.557,1.72897,1.7293,1.00,1.75
2016.09.08 09:09:10.658,1.72897,1.7293,1.00,2.25
2016.09.08 09:09:10.759,1.72901,1.7293,1.00,1.75
2016.09.08 09:09:10.861,1.72901,1.7293,1.00,1.75
2016.09.08 09:09:11.013,1.72903,1.7293,1.00,1.50
2016.09.08 09:09:11.162,1.72903,1.72931,1.00,1.75
2016.09.08 09:09:11.946,1.72904,1.72931,1.00,1.75
2016.09.08 09:09:12.479,1.72904,1.7293,1.00,1.50
2016.09.08 09:09:12.751,1.72906,1.7293,1.00,1.50
2016.09.08 09:09:12.953,1.72903,1.7293,1.00,1.50
2016.09.08 09:09:13.054,1.72906,1.7293,1.00,1.50
2016.09.08 09:09:13.250,1.72904,1.7293,1.00,1.50
2016.09.08 09:09:13.715,1.72902,1.7293,1.00,1.50
2016.09.08 09:09:14.253,1.72905,1.7293,1.00,1.50
2016.09.08 09:09:14.716,1.72902,1.7293,1.00,1.50
2016.09.08 09:09:14.929,1.72905,1.7293,1.00,1.50
2016.09.08 09:09:15.158,1.72902,1.7293,1.00,1.50
2016.09.08 09:09:15.360,1.72905,1.7293,1.00,1.50
2016.09.08 09:09:16.360,1.72905,1.72931,1.00,1.75
2016.09.08 09:09:16.890,1.72904,1.72931,1.00,1.75
2016.09.08 09:09:17.569,1.72904,1.72934,1.00,1.75
2016.09.08 09:09:18.566,1.72904,1.72934,1.00,2.25
2016.09.08 09:09:19.052,1.72906,1.72934,1.00,2.25
2016.09.08 09:09:19.217,1.72906,1.72934,1.00,3.00
2016.09.08 09:09:20.289,1.72906,1.72934,1.00,1.75
2016.09.08 09:09:20.364,1.72906,1.72936,1.00,2.25
2016.09.08 09:09:20.839,1.72907,1.72936,1.00,1.75
2016.09.08 09:09:21.072,1.72906,1.72936,1.00,1.75
2016.09.08 09:09:21.122,1.72903,1.72934,1.00,1.75
2016.09.08 09:09:21.173,1.72903,1.7293,1.00,1.50
2016.09.08 09:09:21.325,1.72901,1.7293,1.00,1.50
2016.09.08 09:09:21.842,1.729,1.7293,1.00,1.50
2016.09.08 09:09:23.342,1.72895,1.7292,1.75,1.00
2016.09.08 09:09:23.393,1.7289,1.7292,1.75,1.00
2016.09.08 09:09:23.444,1.7289,1.7292,1.00,1.00
2016.09.08 09:09:23.495,1.72887,1.7292,1.75,1.00
2016.09.08 09:09:23.546,1.72887,1.72916,1.12,1.00
2016.09.08 09:09:23.596,1.72887,1.72915,1.12,1.00
2016.09.08 09:09:23.647,1.72887,1.72911,1.00,1.00
2016.09.08 09:09:24.125,1.72889,1.72911,1.00,1.00
2016.09.08 09:09:24.532,1.72891,1.72911,1.00,1.00
2016.09.08 09:09:24.634,1.72889,1.72911,1.00,1.00
2016.09.08 09:09:25.176,1.7289,1.72911,1.00,1.00
2016.09.08 09:09:25.684,1.72889,1.72911,1.00,1.00
2016.09.08 09:09:29.630,1.72888,1.72911,1.00,1.00
2016.09.08 09:09:30.223,1.72889,1.72911,1.00,1.00
2016.09.08 09:09:31.337,1.72887,1.72911,1.00,1.00
2016.09.08 09:09:32.048,1.72887,1.72915,1.00,1.37
2016.09.08 09:09:34.387,1.72887,1.72916,1.00,2.25
2016.09.08 09:09:34.438,1.72887,1.72916,1.00,3.00
2016.09.08 09:09:34.488,1.72887,1.72916,1.00,3.00
2016.09.08 09:09:34.539,1.72886,1.72915,1.00,1.37
2016.09.08 09:09:34.590,1.72886,1.72915,1.00,1.37
2016.09.08 09:09:34.641,1.72886,1.72914,1.00,1.12
2016.09.08 09:09:34.694,1.72886,1.72914,1.00,2.25
2016.09.08 09:09:34.746,1.72881,1.72913,1.00,2.25
2016.09.08 09:09:34.974,1.72879,1.7291,1.00,1.12
2016.09.08 09:09:35.474,1.72881,1.72913,1.00,1.75
2016.09.08 09:09:36.010,1.72881,1.72913,1.00,1.75
2016.09.08 09:09:37.338,1.72882,1.72914,1.00,1.75
2016.09.08 09:09:38.381,1.72884,1.72915,1.00,2.25
2016.09.08 09:09:38.432,1.72884,1.72915,1.00,1.75
2016.09.08 09:09:38.486,1.72888,1.72915,1.00,1.00
2016.09.08 09:09:38.537,1.72888,1.72912,1.00,1.00
2016.09.08 09:09:38.588,1.72892,1.72912,1.00,1.00
2016.09.08 09:09:38.639,1.72892,1.72915,1.00,1.00
2016.09.08 09:09:38.750,1.72888,1.72915,1.00,1.00
2016.09.08 09:09:38.851,1.72891,1.72915,1.00,1.00
2016.09.08 09:09:39.289,1.72893,1.72915,1.00,1.00
2016.09.08 09:09:39.340,1.7289,1.72915,1.00,1.00
2016.09.08 09:09:39.544,1.72894,1.72915,1.00,1.00
2016.09.08 09:09:39.696,1.72894,1.7292,1.00,1.00
2016.09.08 09:09:39.782,1.72894,1.7292,1.00,1.00
2016.09.08 09:09:39.884,1.72891,1.7292,1.00,1.00
2016.09.08 09:09:40.087,1.72891,1.7292,1.00,1.00
2016.09.08 09:09:40.188,1.72893,1.7292,1.00,1.00
2016.09.08 09:09:40.239,1.72893,1.7292,1.00,1.50
2016.09.08 09:09:41.443,1.72891,1.7292,1.00,1.50
2016.09.08 09:09:41.609,1.72891,1.7292,1.00,1.00
2016.09.08 09:09:41.711,1.72889,1.7292,1.00,1.00
2016.09.08 09:09:42.544,1.7289,1.7292,1.00,1.00
2016.09.08 09:09:44.145,1.7289,1.72918,1.00,1.00
2016.09.08 09:09:44.196,1.72892,1.72918,1.00,1.00
2016.09.08 09:09:44.297,1.7289,1.72918,1.00,1.00
2016.09.08 09:09:44.348,1.72893,1.72918,1.00,1.00
2016.09.08 09:09:44.450,1.72891,1.72918,1.00,1.00
2016.09.08 09:09:44.754,1.72891,1.7292,1.00,1.00
2016.09.08 09:09:45.151,1.72889,1.7292,1.00,1.50
2016.09.08 09:09:45.201,1.72889,1.7292,1.00,1.50
2016.09.08 09:09:46.059,1.7289,1.7292,1.00,1.00
2016.09.08 09:09:46.110,1.7289,1.7292,1.00,1.00
2016.09.08 09:09:46.211,1.7289,1.7292,1.00,1.00
2016.09.08 09:09:46.328,1.7289,1.7292,1.00,1.50
2016.09.08 09:09:46.633,1.7289,1.7292,1.00,1.00
2016.09.08 09:09:46.694,1.7289,1.7292,1.00,1.00
2016.09.08 09:09:47.508,1.7289,1.7292,1.00,1.00
2016.09.08 09:09:47.711,1.7289,1.72921,1.00,3.00
2016.09.08 09:09:47.812,1.7289,1.72921,1.00,3.00
2016.09.08 09:09:47.862,1.72892,1.72921,1.00,2.25
2016.09.08 09:09:48.439,1.72892,1.72921,1.00,2.25
2016.09.08 09:09:49.102,1.72891,1.72921,1.00,2.25
2016.09.08 09:09:49.203,1.72891,1.72921,1.00,2.25
2016.09.08 09:09:49.304,1.72891,1.72921,1.00,2.25
2016.09.08 09:09:49.770,1.72891,1.7292,1.00,1.00
2016.09.08 09:09:50.979,1.7289,1.7292,1.00,1.00
2016.09.08 09:09:51.030,1.7289,1.7292,1.00,1.75
2016.09.08 09:09:51.081,1.72883,1.72916,1.00,1.37
2016.09.08 09:09:51.132,1.72883,1.72916,1.00,1.75
2016.09.08 09:09:51.184,1.72882,1.72915,1.50,1.75
2016.09.08 09:09:51.386,1.72884,1.72916,1.00,2.25
2016.09.08 09:09:52.078,1.72884,1.72915,1.00,1.75
2016.09.08 09:09:52.337,1.72884,1.72916,1.00,2.25
2016.09.08 09:09:52.678,1.72886,1.72916,1.00,1.75
2016.09.08 09:09:53.187,1.72885,1.72916,1.00,1.75
2016.09.08 09:09:53.735,1.72884,1.72915,1.00,1.75
2016.09.08 09:09:54.558,1.72885,1.72915,1.00,1.75
2016.09.08 09:09:54.701,1.72885,1.72915,1.00,1.75
2016.09.08 09:09:55.846,1.7289,1.72915,1.00,1.00
2016.09.08 09:09:55.896,1.72894,1.72923,1.00,1.87
2016.09.08 09:09:55.947,1.72894,1.72923,1.00,1.50
2016.09.08 09:09:56.049,1.72894,1.72924,1.00,1.50
2016.09.08 09:09:56.100,1.72898,1.72924,1.00,1.00
2016.09.08 09:09:57.495,1.72896,1.72924,1.00,1.00
2016.09.08 09:09:57.596,1.72897,1.72928,1.00,1.75
2016.09.08 09:09:58.145,1.72898,1.72928,1.00,1.75
2016.09.08 09:10:00.425,1.72898,1.72928,1.00,1.75
2016.09.08 09:10:01.169,1.72898,1.72928,1.00,1.75
2016.09.08 09:10:01.371,1.72901,1.72928,1.00,1.75
2016.09.08 09:10:01.865,1.72897,1.72928,1.00,1.75
2016.09.08 09:10:02.393,1.72897,1.72928,1.00,1.75
2016.09.08 09:10:02.679,1.72895,1.72928,1.00,1.75
2016.09.08 09:10:02.781,1.72895,1.72924,1.00,1.50
2016.09.08 09:10:02.831,1.72895,1.72924,1.00,1.37
2016.09.08 09:10:02.882,1.72895,1.72924,1.00,1.00
2016.09.08 09:10:03.084,1.72897,1.72924,1.00,1.00
2016.09.08 09:10:03.308,1.72895,1.72924,1.00,1.00
2016.09.08 09:10:04.370,1.72895,1.72928,1.00,2.25
2016.09.08 09:10:04.674,1.72898,1.72928,1.00,1.50
2016.09.08 09:10:06.075,1.72902,1.72928,1.00,1.50
2016.09.08 09:10:06.126,1.72907,1.72933,1.00,1.75
2016.09.08 09:10:06.177,1.72912,1.72936,1.00,1.75
2016.09.08 09:10:06.228,1.72912,1.72939,1.00,2.47
2016.09.08 09:10:06.337,1.72912,1.72939,1.00,2.10
2016.09.08 09:10:06.389,1.72911,1.72944,1.00,2.25
2016.09.08 09:10:06.491,1.7291,1.72937,1.84,1.00
2016.09.08 09:10:06.542,1.7291,1.72937,1.50,1.00
2016.09.08 09:10:06.593,1.7291,1.72937,1.12,1.00
2016.09.08 09:10:06.644,1.7291,1.72937,1.00,1.00
2016.09.08 09:10:06.694,1.7291,1.72939,1.00,1.00
2016.09.08 09:10:06.745,1.72907,1.72939,1.12,1.00
2016.09.08 09:10:07.909,1.72909,1.72941,1.00,1.37
2016.09.08 09:10:07.960,1.72909,1.72941,1.00,1.37
2016.09.08 09:10:08.011,1.72907,1.72941,1.12,1.37
2016.09.08 09:10:08.271,1.72907,1.72941,1.12,1.37
2016.09.08 09:10:08.372,1.72907,1.72941,1.12,1.37
2016.09.08 09:10:08.984,1.72907,1.72938,1.12,1.00
2016.09.08 09:10:09.187,1.72905,1.72938,1.50,1.00
2016.09.08 09:10:10.174,1.72907,1.72938,1.00,1.75
2016.09.08 09:10:10.310,1.72907,1.72938,1.00,1.75
2016.09.08 09:10:10.411,1.72907,1.72938,1.00,1.37
2016.09.08 09:10:10.467,1.72907,1.72938,1.00,1.00
2016.09.08 09:10:10.569,1.72907,1.72938,1.00,1.50
2016.09.08 09:10:10.621,1.72906,1.72937,1.12,1.00
2016.09.08 09:10:11.570,1.72906,1.72937,1.12,1.00
2016.09.08 09:10:11.621,1.72905,1.72935,1.37,1.00
2016.09.08 09:10:11.672,1.72906,1.72935,1.12,1.00
2016.09.08 09:10:11.722,1.72907,1.72939,1.00,1.87
2016.09.08 09:10:12.004,1.72908,1.72935,1.00,1.00
2016.09.08 09:10:12.805,1.72909,1.72938,1.00,1.50
2016.09.08 09:10:12.906,1.72907,1.72939,1.00,2.25
2016.09.08 09:10:13.310,1.72907,1.72939,1.50,2.25
2016.09.08 09:10:13.577,1.72907,1.72939,1.00,2.25
2016.09.08 09:10:20.759,1.72907,1.72933,1.00,1.00
2016.09.08 09:10:20.810,1.72899,1.72924,1.75,1.12
2016.09.08 09:10:20.861,1.72899,1.72924,1.37,1.12
2016.09.08 09:10:20.912,1.72892,1.72922,1.37,1.37
2016.09.08 09:10:20.963,1.72892,1.72919,1.37,1.00
2016.09.08 09:10:21.013,1.72892,1.72919,1.00,1.00
2016.09.08 09:10:21.064,1.72892,1.72919,1.00,1.00
2016.09.08 09:10:21.266,1.7289,1.72919,1.00,1.00
2016.09.08 09:10:21.448,1.7289,1.72919,1.00,1.00
2016.09.08 09:10:21.701,1.7289,1.72919,1.00,1.00
2016.09.08 09:10:21.904,1.7289,1.72919,1.00,1.00
2016.09.08 09:10:22.106,1.72891,1.72919,1.00,1.00
2016.09.08 09:10:22.636,1.7289,1.72919,1.00,1.00
2016.09.08 09:10:23.009,1.7289,1.72919,1.00,1.00
2016.09.08 09:10:23.817,1.7289,1.72919,1.50,1.00
2016.09.08 09:10:25.772,1.7289,1.72919,1.00,1.00
2016.09.08 09:10:25.822,1.72888,1.72919,1.00,1.00
2016.09.08 09:10:26.020,1.72886,1.72917,1.00,1.00
2016.09.08 09:10:26.071,1.72886,1.72915,1.00,1.00
2016.09.08 09:10:26.274,1.72885,1.72915,1.50,1.00
2016.09.08 09:10:26.324,1.72888,1.72915,1.00,1.00
2016.09.08 09:10:26.869,1.72887,1.72915,1.00,1.00
2016.09.08 09:10:27.034,1.72888,1.72915,1.00,1.00
2016.09.08 09:10:27.236,1.72889,1.72915,1.00,1.00
2016.09.08 09:10:27.741,1.72887,1.72915,1.00,1.00
2016.09.08 09:10:27.843,1.72885,1.72915,1.00,1.00
2016.09.08 09:10:27.894,1.72885,1.72915,1.00,1.50
2016.09.08 09:10:27.944,1.72883,1.72915,1.00,2.25
2016.09.08 09:10:27.995,1.72883,1.72915,1.00,1.50
2016.09.08 09:10:28.097,1.72883,1.72915,1.00,1.00
2016.09.08 09:10:28.619,1.72883,1.72915,1.00,1.00
2016.09.08 09:10:28.720,1.72883,1.72915,1.00,1.00
2016.09.08 09:10:28.822,1.72885,1.72915,1.37,1.00
2016.09.08 09:10:28.873,1.72885,1.72918,1.75,1.37
2016.09.08 09:10:28.924,1.7289,1.72922,1.00,1.37
2016.09.08 09:10:29.524,1.72891,1.72922,1.00,1.37
2016.09.08 09:10:30.797,1.72891,1.72924,1.00,1.75
2016.09.08 09:10:31.106,1.72891,1.72922,1.00,1.37
2016.09.08 09:10:31.308,1.72891,1.72924,1.00,1.75
2016.09.08 09:10:31.609,1.72891,1.72924,1.00,2.25
2016.09.08 09:10:32.545,1.72891,1.72924,1.00,3.00
2016.09.08 09:10:32.847,1.72891,1.72924,1.00,2.25
2016.09.08 09:10:33.353,1.72891,1.72924,1.00,3.00
2016.09.08 09:10:33.404,1.72892,1.72924,1.00,2.25
2016.09.08 09:10:33.556,1.72892,1.72924,1.00,2.25
2016.09.08 09:10:34.802,1.72895,1.72924,1.00,2.25
2016.09.08 09:10:35.020,1.72895,1.72924,1.00,2.25
2016.09.08 09:10:35.454,1.72895,1.72924,1.00,3.00
2016.09.08 09:10:35.507,1.72892,1.72923,1.00,1.50
2016.09.08 09:10:35.558,1.72892,1.72919,1.00,1.37
2016.09.08 09:10:35.609,1.72887,1.72918,1.00,1.37
2016.09.08 09:10:35.660,1.72887,1.72917,1.00,1.12
2016.09.08 09:10:35.711,1.72889,1.72917,1.00,1.12
2016.09.08 09:10:35.854,1.7289,1.72914,1.00,1.00
2016.09.08 09:10:35.905,1.72888,1.72912,1.00,1.00
2016.09.08 09:10:36.208,1.7289,1.72912,1.00,1.00
2016.09.08 09:10:36.411,1.72891,1.7292,1.00,1.75
2016.09.08 09:10:36.689,1.72891,1.7292,1.00,1.75
2016.09.08 09:10:36.740,1.72889,1.7292,1.00,1.75
2016.09.08 09:10:36.843,1.72887,1.72918,1.00,1.50
2016.09.08 09:10:36.944,1.7289,1.7292,1.00,1.75
2016.09.08 09:10:37.046,1.7289,1.72919,1.00,1.75
2016.09.08 09:10:37.312,1.72888,1.72919,1.00,1.00
2016.09.08 09:10:37.363,1.72888,1.72919,1.00,1.00
2016.09.08 09:10:37.506,1.72888,1.72918,1.00,1.00
2016.09.08 09:10:37.608,1.7289,1.7292,1.00,1.12
2016.09.08 09:10:38.016,1.72891,1.72924,1.00,2.25
2016.09.08 09:10:38.068,1.72891,1.72924,1.00,2.25
2016.09.08 09:10:38.118,1.72891,1.72924,1.50,1.87
2016.09.08 09:10:38.270,1.72891,1.72924,1.50,1.12
2016.09.08 09:10:38.321,1.72891,1.72924,1.50,1.12
2016.09.08 09:10:38.513,1.72892,1.72923,1.12,1.00
2016.09.08 09:10:39.156,1.72895,1.72925,1.00,3.00
2016.09.08 09:10:39.359,1.72895,1.72925,1.00,3.00
2016.09.08 09:10:40.032,1.72895,1.72924,1.00,1.12
2016.09.08 09:10:40.133,1.72892,1.72924,1.12,1.12
2016.09.08 09:10:40.335,1.72894,1.72924,1.00,1.12
2016.09.08 09:10:41.378,1.72894,1.72925,1.00,2.25
2016.09.08 09:10:42.827,1.72894,1.72925,1.00,2.25
2016.09.08 09:10:42.878,1.72894,1.72925,1.00,1.50
2016.09.08 09:10:43.030,1.72897,1.72925,1.00,1.50
2016.09.08 09:10:43.962,1.72891,1.72921,2.25,1.50
2016.09.08 09:10:44.013,1.72889,1.72919,1.50,1.00
2016.09.08 09:10:44.064,1.72889,1.72919,1.00,1.50
2016.09.08 09:10:44.223,1.72886,1.72917,1.50,2.25
2016.09.08 09:10:44.274,1.72886,1.72917,1.00,2.25
2016.09.08 09:10:44.839,1.72886,1.72917,1.00,3.75
2016.09.08 09:10:44.941,1.72886,1.72917,1.00,3.00
2016.09.08 09:10:45.042,1.72886,1.72917,1.00,3.75
2016.09.08 09:10:46.982,1.72886,1.72917,1.00,3.00
2016.09.08 09:10:47.033,1.72886,1.72917,1.00,2.25
2016.09.08 09:10:47.084,1.72886,1.72917,1.00,2.25
2016.09.08 09:10:47.185,1.72886,1.72917,1.00,2.25
2016.09.08 09:10:47.236,1.72887,1.72917,1.00,1.75
2016.09.08 09:10:47.337,1.72887,1.72917,1.00,1.75
2016.09.08 09:10:47.696,1.72889,1.72917,1.00,1.75
2016.09.08 09:10:48.151,1.72884,1.72915,1.00,1.12
2016.09.08 09:10:48.708,1.72886,1.72915,1.00,1.12
2016.09.08 09:10:48.759,1.72886,1.72915,1.00,1.12
2016.09.08 09:10:48.810,1.72884,1.72915,1.50,1.12
2016.09.08 09:10:48.962,1.72885,1.72915,1.00,1.12
2016.09.08 09:10:49.063,1.72888,1.7292,1.00,1.75
2016.09.08 09:10:49.166,1.72888,1.7292,1.00,1.50
2016.09.08 09:10:49.267,1.7289,1.72923,1.00,3.00
2016.09.08 09:10:49.559,1.7289,1.72923,1.50,2.62
2016.09.08 09:10:49.610,1.7289,1.72923,1.50,1.87
2016.09.08 09:10:50.155,1.72891,1.72923,1.00,1.87
2016.09.08 09:10:50.206,1.72891,1.72923,1.00,1.37
2016.09.08 09:10:51.042,1.72891,1.72923,1.50,1.37
2016.09.08 09:10:51.093,1.72891,1.72923,1.50,1.87
2016.09.08 09:10:51.144,1.72893,1.72923,1.00,1.37
2016.09.08 09:10:51.195,1.72893,1.72924,1.00,1.50
2016.09.08 09:10:51.246,1.72895,1.72926,1.00,1.75
2016.09.08 09:10:51.410,1.72895,1.72926,1.00,1.00
2016.09.08 09:10:51.462,1.72895,1.72926,1.00,1.00
2016.09.08 09:10:51.513,1.72895,1.72926,1.00,1.37
2016.09.08 09:10:51.564,1.72895,1.72923,1.00,1.00
2016.09.08 09:10:51.615,1.72895,1.72921,1.00,1.37
2016.09.08 09:10:51.666,1.72894,1.72918,1.00,1.37
2016.09.08 09:10:51.767,1.72889,1.72918,1.00,1.37
2016.09.08 09:10:51.869,1.72886,1.72916,1.50,1.00
2016.09.08 09:10:52.004,1.72886,1.72916,1.50,1.37
2016.09.08 09:10:52.055,1.72886,1.72915,1.50,1.00
2016.09.08 09:10:52.373,1.72886,1.72915,1.50,1.00
2016.09.08 09:10:52.475,1.72886,1.72915,1.00,1.00
2016.09.08 09:10:52.525,1.72886,1.72911,1.00,1.50
2016.09.08 09:10:52.627,1.72879,1.72911,1.50,1.50
2016.09.08 09:10:53.165,1.72881,1.72914,1.00,1.75
2016.09.08 09:10:55.478,1.72881,1.72914,1.00,1.75
2016.09.08 09:10:57.047,1.72882,1.72914,1.00,1.75
2016.09.08 09:10:57.576,1.72881,1.72911,1.00,1.50
2016.09.08 09:10:57.627,1.72879,1.72911,1.00,1.50
2016.09.08 09:10:58.134,1.7288,1.72907,1.00,1.00
2016.09.08 09:10:58.286,1.72878,1.72907,1.50,1.00
2016.09.08 09:10:58.387,1.72877,1.72907,1.12,1.00
2016.09.08 09:10:58.438,1.72876,1.72906,1.37,1.00
2016.09.08 09:10:58.489,1.72874,1.72906,2.25,1.00
2016.09.08 09:10:58.539,1.72874,1.72902,1.00,1.00
2016.09.08 09:10:58.641,1.72873,1.72903,1.50,1.00
2016.09.08 09:10:58.692,1.72874,1.72903,1.00,1.00
2016.09.08 09:10:59.223,1.72874,1.72902,1.00,1.00
2016.09.08 09:11:00.082,1.72875,1.72902,1.00,1.00
2016.09.08 09:11:00.583,1.72874,1.72902,1.00,1.00
2016.09.08 09:11:01.179,1.72874,1.72903,1.00,1.00
2016.09.08 09:11:02.286,1.72872,1.72903,1.12,1.00
2016.09.08 09:11:02.336,1.72872,1.72901,1.12,1.00
2016.09.08 09:11:02.387,1.7287,1.72901,1.75,1.00
2016.09.08 09:11:02.545,1.7287,1.72901,1.00,1.00
2016.09.08 09:11:02.775,1.72868,1.72901,1.50,1.00
2016.09.08 09:11:02.948,1.72868,1.72899,1.00,1.00
2016.09.08 09:11:03.098,1.72867,1.72899,3.75,1.00
2016.09.08 09:11:03.301,1.72869,1.72899,1.00,1.00
2016.09.08 09:11:03.657,1.7287,1.72901,1.00,1.00
2016.09.08 09:11:04.100,1.72868,1.72901,1.50,1.00
2016.09.08 09:11:04.151,1.72868,1.72899,1.00,1.00
2016.09.08 09:11:05.254,1.72868,1.72898,1.50,1.00
2016.09.08 09:11:05.305,1.72868,1.72898,1.00,1.00
2016.09.08 09:11:05.456,1.72868,1.72896,1.00,1.00
2016.09.08 09:11:06.017,1.72868,1.72897,1.00,1.00
2016.09.08 09:11:06.524,1.72868,1.72896,1.00,1.00
2016.09.08 09:11:08.762,1.72868,1.72898,1.00,1.00
2016.09.08 09:11:09.312,1.72868,1.72897,1.00,1.00
2016.09.08 09:11:15.579,1.72877,1.72897,1.00,1.00
2016.09.08 09:11:15.680,1.72877,1.72905,1.00,1.00
2016.09.08 09:11:15.731,1.72877,1.72905,1.50,1.00
2016.09.08 09:11:16.197,1.72877,1.72907,2.25,1.00
2016.09.08 09:11:16.299,1.72877,1.72907,1.50,1.00
2016.09.08 09:11:16.350,1.72877,1.72904,1.00,1.00
2016.09.08 09:11:16.487,1.72877,1.72907,1.00,1.00
2016.09.08 09:11:16.538,1.72877,1.72907,1.50,1.00
2016.09.08 09:11:16.942,1.72877,1.72907,2.25,1.00
2016.09.08 09:11:16.993,1.72877,1.72908,3.34,1.00
2016.09.08 09:11:17.044,1.72882,1.72908,1.00,1.00
2016.09.08 09:11:17.094,1.72882,1.72909,1.00,1.00
2016.09.08 09:11:17.643,1.72882,1.7291,1.00,1.00
2016.09.08 09:11:18.472,1.72882,1.72909,1.00,1.00
2016.09.08 09:11:18.523,1.72878,1.72909,1.50,1.00
2016.09.08 09:11:18.574,1.72877,1.72902,1.00,1.50
2016.09.08 09:11:18.625,1.72877,1.72902,1.00,1.50
2016.09.08 09:11:18.675,1.72877,1.72901,1.00,1.12
2016.09.08 09:11:18.822,1.72872,1.72901,1.50,1.12
2016.09.08 09:11:18.874,1.72872,1.72901,1.00,1.12
2016.09.08 09:11:18.926,1.72872,1.72901,1.50,1.12
2016.09.08 09:11:19.027,1.72873,1.72901,1.00,1.12
2016.09.08 09:11:19.305,1.72872,1.72901,1.00,1.87
2016.09.08 09:11:19.406,1.72872,1.72901,1.00,1.12
2016.09.08 09:11:19.457,1.72872,1.72898,1.00,1.00
2016.09.08 09:11:19.559,1.72869,1.72898,1.00,1.00
2016.09.08 09:11:19.609,1.72869,1.72898,1.00,1.50
2016.09.08 09:11:19.761,1.72869,1.72898,1.00,1.00
2016.09.08 09:11:20.391,1.72871,1.72898,1.00,1.00
2016.09.08 09:11:20.580,1.72869,1.72898,1.00,1.00
2016.09.08 09:11:20.938,1.72871,1.72898,1.00,1.00
2016.09.08 09:11:21.457,1.7287,1.72898,1.00,1.00
2016.09.08 09:11:22.275,1.7287,1.72901,1.00,1.87
2016.09.08 09:11:22.325,1.72874,1.72901,1.00,1.50
2016.09.08 09:11:22.376,1.72874,1.72902,1.00,1.00
2016.09.08 09:11:22.427,1.72871,1.72902,2.25,1.00
2016.09.08 09:11:22.551,1.72872,1.72901,1.00,1.00
2016.09.08 09:11:22.653,1.72872,1.72901,1.50,1.00
2016.09.08 09:11:22.856,1.72873,1.72901,1.00,1.00
2016.09.08 09:11:22.958,1.72872,1.72901,1.00,1.00
2016.09.08 09:11:23.211,1.72872,1.72901,1.50,1.00
2016.09.08 09:11:23.262,1.72872,1.72904,1.50,1.50
2016.09.08 09:11:23.364,1.72872,1.72901,1.50,1.00
2016.09.08 09:11:24.717,1.72872,1.72901,2.25,1.00
2016.09.08 09:11:25.231,1.72872,1.72901,1.50,1.00
2016.09.08 09:11:25.802,1.72872,1.729,1.50,1.00
2016.09.08 09:11:26.111,1.72872,1.729,2.25,1.00
2016.09.08 09:11:26.692,1.72872,1.729,2.25,1.12
2016.09.08 09:11:26.743,1.72872,1.72901,2.25,1.75
2016.09.08 09:11:26.996,1.72872,1.72901,2.25,2.25
2016.09.08 09:11:28.459,1.72872,1.72901,1.50,2.25
2016.09.08 09:11:28.510,1.72872,1.72901,1.50,1.75
2016.09.08 09:11:28.561,1.72874,1.72902,1.00,1.75
2016.09.08 09:11:29.804,1.72874,1.72901,1.00,1.75
2016.09.08 09:11:30.923,1.72873,1.72902,1.00,1.75
2016.09.08 09:11:31.107,1.7287,1.72901,1.00,1.75
2016.09.08 09:11:31.421,1.7287,1.72901,1.00,2.25
2016.09.08 09:11:33.028,1.72872,1.72901,1.00,2.25
2016.09.08 09:11:33.281,1.72872,1.72901,1.00,1.75
2016.09.08 09:11:33.839,1.72871,1.72901,1.50,1.75
2016.09.08 09:11:33.890,1.72871,1.729,1.00,1.50
2016.09.08 09:11:34.093,1.7287,1.72902,1.50,1.75
2016.09.08 09:11:34.295,1.7287,1.72901,1.00,1.75
2016.09.08 09:11:35.107,1.7287,1.72902,1.50,1.75
2016.09.08 09:11:35.400,1.7287,1.72901,1.00,2.25
2016.09.08 09:11:36.034,1.72868,1.72901,2.25,2.25
2016.09.08 09:11:38.545,1.72868,1.72899,1.50,1.12
2016.09.08 09:11:39.291,1.72868,1.72901,2.25,2.25
2016.09.08 09:11:41.838,1.72868,1.72901,1.50,1.75
2016.09.08 09:11:43.500,1.72868,1.72901,1.50,1.50
2016.09.08 09:11:43.552,1.72871,1.72901,1.00,1.50
2016.09.08 09:11:43.603,1.72872,1.72901,1.00,1.00
2016.09.08 09:11:44.577,1.72875,1.72901,1.00,1.00
2016.09.08 09:11:44.767,1.72872,1.72902,1.50,1.00
2016.09.08 09:11:44.818,1.72873,1.72905,1.00,1.12
2016.09.08 09:11:44.919,1.72872,1.72904,1.00,1.00
2016.09.08 09:11:45.083,1.72874,1.72906,1.00,1.50
2016.09.08 09:11:45.407,1.72877,1.72907,1.00,1.75
2016.09.08 09:11:45.907,1.72876,1.72906,1.00,1.50
2016.09.08 09:11:46.059,1.72874,1.72906,1.50,2.25
2016.09.08 09:11:46.161,1.72874,1.72906,1.50,1.50
2016.09.08 09:11:46.212,1.72877,1.72907,1.00,3.00
2016.09.08 09:11:46.665,1.72877,1.72906,1.00,1.50
2016.09.08 09:11:47.224,1.72875,1.72905,1.00,1.12
2016.09.08 09:11:47.513,1.72877,1.72906,1.00,1.50
2016.09.08 09:11:47.665,1.72878,1.72907,1.00,3.00
2016.09.08 09:11:47.716,1.72879,1.72907,1.00,1.75
2016.09.08 09:11:47.915,1.72876,1.72906,1.00,1.50
2016.09.08 09:11:48.117,1.72875,1.72903,1.50,1.00
2016.09.08 09:11:48.219,1.72875,1.72906,1.50,1.50
2016.09.08 09:11:48.749,1.72875,1.72906,1.00,1.50
2016.09.08 09:11:48.891,1.72874,1.72904,1.00,1.00
2016.09.08 09:11:48.942,1.72874,1.72901,1.00,1.00
2016.09.08 09:11:48.993,1.72868,1.729,2.25,1.00
2016.09.08 09:11:49.044,1.72868,1.729,1.50,1.12
2016.09.08 09:11:49.095,1.72868,1.729,2.25,1.12
2016.09.08 09:11:50.136,1.72869,1.729,1.00,1.12
2016.09.08 09:11:50.187,1.72868,1.72899,1.50,1.00
2016.09.08 09:11:50.288,1.72869,1.72899,1.00,1.00
2016.09.08 09:11:50.795,1.72868,1.72898,1.00,1.00
2016.09.08 09:11:51.137,1.72868,1.72898,1.50,1.00
2016.09.08 09:11:51.188,1.72868,1.72899,1.00,1.00
2016.09.08 09:11:51.491,1.72868,1.72897,1.00,1.00
2016.09.08 09:11:51.592,1.72868,1.72897,1.50,1.00
2016.09.08 09:11:51.643,1.72868,1.729,2.25,1.12
2016.09.08 09:11:51.795,1.72869,1.729,1.00,1.12
2016.09.08 09:11:52.466,1.72868,1.729,1.50,1.12
2016.09.08 09:11:52.627,1.72868,1.72898,1.00,1.00
2016.09.08 09:11:53.878,1.72868,1.72898,1.50,1.50
2016.09.08 09:11:53.980,1.72868,1.72898,1.00,1.50
2016.09.08 09:11:54.158,1.72868,1.72896,1.00,1.12
2016.09.08 09:11:54.461,1.72868,1.72897,1.00,1.37
2016.09.08 09:11:59.011,1.72869,1.72898,1.00,1.50
2016.09.08 09:11:59.070,1.72871,1.72899,1.00,1.00
2016.09.08 09:11:59.121,1.72873,1.72901,1.00,1.50
2016.09.08 09:11:59.172,1.72873,1.72901,1.00,1.00
2016.09.08 09:11:59.323,1.72871,1.72901,1.00,1.00
2016.09.08 09:11:59.374,1.72871,1.72901,1.50,1.00
2016.09.08 09:11:59.476,1.72872,1.72901,1.00,1.00
2016.09.08 09:11:59.578,1.72872,1.72901,1.00,1.50
2016.09.08 09:11:59.732,1.72872,1.72901,1.12,1.12
2016.09.08 09:11:59.783,1.72872,1.72901,1.50,1.00
2016.09.08 09:11:59.919,1.72873,1.72901,1.12,1.00
2016.09.08 09:11:59.970,1.72874,1.72904,1.00,1.50
2016.09.08 09:12:00.071,1.72873,1.72904,1.87,1.50
2016.09.08 09:12:00.769,1.72875,1.72904,1.00,1.50
2016.09.08 09:12:01.024,1.72875,1.72904,1.00,1.00
2016.09.08 09:12:01.074,1.72876,1.72906,1.00,1.50
2016.09.08 09:12:01.580,1.72874,1.72906,1.50,1.50
2016.09.08 09:12:01.770,1.72874,1.72906,1.00,1.50
2016.09.08 09:12:02.224,1.72876,1.72907,1.00,1.75
2016.09.08 09:12:03.374,1.72876,1.72907,1.00,1.75
2016.09.08 09:12:03.576,1.72876,1.72907,1.00,1.75
2016.09.08 09:12:03.627,1.72876,1.72906,1.00,1.50
2016.09.08 09:12:03.975,1.72876,1.72906,1.00,1.50
2016.09.08 09:12:04.150,1.72876,1.72907,1.00,1.75
2016.09.08 09:12:06.684,1.72876,1.72907,1.00,1.75
2016.09.08 09:12:06.735,1.72877,1.72907,1.00,1.75
2016.09.08 09:12:06.786,1.72877,1.72907,1.00,1.75
2016.09.08 09:12:07.096,1.72877,1.72907,1.00,1.75
2016.09.08 09:12:08.402,1.72877,1.72908,1.00,1.75
2016.09.08 09:12:08.858,1.72876,1.72908,1.00,2.25
2016.09.08 09:12:11.469,1.72878,1.72908,1.00,1.75
2016.09.08 09:12:11.673,1.72876,1.72908,1.00,2.25
2016.09.08 09:12:12.114,1.72876,1.72907,1.00,1.75
2016.09.08 09:12:12.216,1.72876,1.72908,1.00,1.75
2016.09.08 09:12:12.267,1.72878,1.7291,1.00,1.50
2016.09.08 09:12:13.299,1.72878,1.7291,1.00,1.00
2016.09.08 09:12:13.501,1.72878,1.7291,1.00,1.00
2016.09.08 09:12:13.830,1.7288,1.7291,1.00,1.00
2016.09.08 09:12:13.932,1.7288,1.7291,1.00,1.00
2016.09.08 09:12:14.033,1.7288,1.7291,1.00,1.00
2016.09.08 09:12:14.699,1.7288,1.7291,1.00,1.00
2016.09.08 09:12:14.801,1.7288,1.7291,1.00,1.00
2016.09.08 09:12:15.198,1.7288,1.7291,1.00,1.00
2016.09.08 09:12:15.398,1.7288,1.7291,1.00,1.00
2016.09.08 09:12:15.560,1.7288,1.7291,1.00,1.00
2016.09.08 09:12:15.611,1.7288,1.7291,1.00,1.00
2016.09.08 09:12:15.712,1.7288,1.7291,1.00,1.00
2016.09.08 09:12:15.763,1.72878,1.72909,1.00,1.00
2016.09.08 09:12:16.901,1.72878,1.72909,1.00,1.00
2016.09.08 09:12:19.655,1.72878,1.72909,1.00,1.00
2016.09.08 09:12:25.447,1.7288,1.7291,1.00,1.00
2016.09.08 09:12:25.851,1.7288,1.7291,1.00,1.00
2016.09.08 09:12:26.415,1.7288,1.7291,1.00,1.00
2016.09.08 09:12:26.848,1.7288,1.7291,1.00,1.00
2016.09.08 09:12:26.898,1.7288,1.7291,1.50,1.00
2016.09.08 09:12:27.152,1.72882,1.7291,1.00,1.00
2016.09.08 09:12:27.676,1.72881,1.7291,1.00,1.00
2016.09.08 09:12:30.374,1.7288,1.7291,1.00,1.00
2016.09.08 09:12:30.483,1.72878,1.7291,1.00,1.00
2016.09.08 09:12:32.085,1.72878,1.72911,1.00,1.37
2016.09.08 09:12:34.149,1.72876,1.72905,1.37,1.00
2016.09.08 09:12:34.251,1.72874,1.72899,1.37,1.00
2016.09.08 09:12:34.302,1.72874,1.72899,1.00,1.00
2016.09.08 09:12:34.353,1.72871,1.72893,1.00,1.00
2016.09.08 09:12:34.403,1.72867,1.72893,1.00,1.00
2016.09.08 09:12:34.654,1.72867,1.72897,1.00,2.25
2016.09.08 09:12:34.807,1.72865,1.72897,1.00,2.25
2016.09.08 09:12:34.858,1.72863,1.72893,1.00,1.00
2016.09.08 09:12:34.909,1.72866,1.72893,1.00,1.00
2016.09.08 09:12:34.960,1.7287,1.72898,1.00,1.50
2016.09.08 09:12:35.012,1.7287,1.72898,1.00,1.12
2016.09.08 09:12:35.063,1.72866,1.72897,1.50,1.00
2016.09.08 09:12:35.114,1.72866,1.72897,1.50,1.50
2016.09.08 09:12:35.165,1.72867,1.72897,1.00,1.00
2016.09.08 09:12:35.215,1.72871,1.72899,1.00,1.37
2016.09.08 09:12:35.266,1.72881,1.72902,1.00,1.75
2016.09.08 09:12:35.333,1.72881,1.72902,1.00,1.37
2016.09.08 09:12:35.464,1.72883,1.72902,1.00,1.00
2016.09.08 09:12:35.515,1.72883,1.72907,1.00,1.00
2016.09.08 09:12:35.566,1.72881,1.72907,1.00,1.00
2016.09.08 09:12:35.873,1.72882,1.72912,1.00,1.37
2016.09.08 09:12:35.924,1.72882,1.72913,1.00,1.00
2016.09.08 09:12:35.976,1.72882,1.72913,1.00,1.00
2016.09.08 09:12:36.078,1.7288,1.72912,1.00,1.00
2016.09.08 09:12:36.180,1.7288,1.72912,1.00,1.87
2016.09.08 09:12:36.231,1.7288,1.72912,1.00,2.25
2016.09.08 09:12:36.281,1.72882,1.72913,1.00,1.75
2016.09.08 09:12:36.405,1.72882,1.72912,1.00,1.37
2016.09.08 09:12:36.456,1.72883,1.72913,1.00,1.12
2016.09.08 09:12:36.507,1.72883,1.72912,1.00,1.00
2016.09.08 09:12:36.608,1.72884,1.72913,1.00,1.12
2016.09.08 09:12:36.710,1.72884,1.72915,1.00,1.75
2016.09.08 09:12:36.761,1.72884,1.72915,1.00,1.75
2016.09.08 09:12:36.862,1.72887,1.72915,1.00,1.75
2016.09.08 09:12:37.014,1.72887,1.72918,1.00,3.00
2016.09.08 09:12:37.166,1.72887,1.72918,1.00,3.00
2016.09.08 09:12:37.216,1.72887,1.72918,1.00,2.62
2016.09.08 09:12:39.389,1.72886,1.72917,1.12,1.00
2016.09.08 09:12:39.538,1.72886,1.72917,1.12,1.00
2016.09.08 09:12:39.690,1.72887,1.72918,1.00,2.62
2016.09.08 09:12:40.439,1.72887,1.72918,1.00,2.62
2016.09.08 09:12:40.891,1.72886,1.72917,1.12,1.00
2016.09.08 09:12:40.992,1.72886,1.72917,1.87,1.00
2016.09.08 09:12:41.043,1.72886,1.72917,1.87,1.00
2016.09.08 09:12:41.169,1.72886,1.72912,1.12,1.00
2016.09.08 09:12:41.321,1.72882,1.72912,2.25,1.00
2016.09.08 09:12:41.372,1.72882,1.72915,2.25,1.00
2016.09.08 09:12:41.778,1.72884,1.72917,1.50,1.00
2016.09.08 09:12:42.169,1.72883,1.72914,1.75,1.00
2016.09.08 09:12:42.379,1.72882,1.72912,1.75,1.00
2016.09.08 09:12:42.683,1.72878,1.72909,2.25,1.00
2016.09.08 09:12:43.159,1.72879,1.72912,1.75,1.00
2016.09.08 09:12:47.565,1.72879,1.72909,1.75,1.00
2016.09.08 09:12:47.694,1.72878,1.72909,1.75,1.00
2016.09.08 09:12:47.795,1.72878,1.7291,2.25,1.00
2016.09.08 09:12:47.950,1.72878,1.7291,2.25,1.00
2016.09.08 09:12:48.001,1.7288,1.72914,1.75,1.00
2016.09.08 09:12:48.534,1.7288,1.72913,1.75,1.00
2016.09.08 09:12:51.270,1.72879,1.72912,1.75,1.00
2016.09.08 09:12:51.620,1.72879,1.7291,1.75,1.00
2016.09.08 09:12:52.270,1.72879,1.7291,2.25,1.00
2016.09.08 09:12:53.372,1.72879,1.72914,2.25,1.00
2016.09.08 09:12:53.473,1.72879,1.72912,1.75,1.00
2016.09.08 09:12:54.905,1.72877,1.7291,1.87,1.00
2016.09.08 09:12:54.955,1.72877,1.7291,1.50,1.00
2016.09.08 09:12:55.006,1.72877,1.7291,1.00,1.00
2016.09.08 09:12:55.416,1.72877,1.7291,1.00,1.00
2016.09.08 09:12:55.619,1.72879,1.72911,1.00,1.50
2016.09.08 09:12:56.378,1.72879,1.72911,1.00,1.00
2016.09.08 09:12:57.278,1.72879,1.72911,1.00,1.00
2016.09.08 09:12:57.379,1.72878,1.72911,1.50,1.50
2016.09.08 09:12:57.481,1.72878,1.72911,1.50,1.50
2016.09.08 09:12:57.597,1.72878,1.72908,1.00,1.00
2016.09.08 09:12:57.648,1.72876,1.72908,1.50,1.00
2016.09.08 09:12:57.698,1.72876,1.72906,1.00,1.00
2016.09.08 09:12:58.474,1.72876,1.72905,1.00,1.00
2016.09.08 09:12:58.626,1.72876,1.72905,1.00,1.00
2016.09.08 09:12:59.887,1.72874,1.72905,1.87,1.37
2016.09.08 09:12:59.989,1.72874,1.72899,1.00,1.00
2016.09.08 09:13:00.090,1.72865,1.72895,1.37,1.37
2016.09.08 09:13:00.191,1.72865,1.72895,1.00,1.50
2016.09.08 09:13:00.325,1.72865,1.72894,1.00,1.12
2016.09.08 09:13:00.822,1.72862,1.72894,1.37,1.00
2016.09.08 09:13:00.873,1.72862,1.72894,2.25,1.00
2016.09.08 09:13:00.924,1.72864,1.72895,1.00,1.37
2016.09.08 09:13:00.974,1.72867,1.72895,1.00,1.37
2016.09.08 09:13:01.025,1.72868,1.72901,1.00,1.37
2016.09.08 09:13:01.076,1.72868,1.72901,1.00,1.00
2016.09.08 09:13:01.332,1.72868,1.72901,1.37,1.00
2016.09.08 09:13:01.382,1.72868,1.72901,1.75,1.00
2016.09.08 09:13:01.484,1.7287,1.72903,1.50,1.00
2016.09.08 09:13:01.888,1.72872,1.72903,1.12,1.00
2016.09.08 09:13:03.493,1.72872,1.72903,1.12,1.50
2016.09.08 09:13:06.207,1.72872,1.72903,1.87,1.00
2016.09.08 09:13:06.308,1.72872,1.72903,2.25,1.00
2016.09.08 09:13:06.737,1.72872,1.72903,2.25,1.00
2016.09.08 09:13:06.940,1.72872,1.72903,2.25,1.00
2016.09.08 09:13:07.041,1.72873,1.72902,1.75,1.00
2016.09.08 09:13:07.092,1.72874,1.72905,1.50,1.00
2016.09.08 09:13:07.432,1.72873,1.72908,2.25,1.00
2016.09.08 09:13:07.704,1.72873,1.72908,1.75,1.00
2016.09.08 09:13:07.805,1.72873,1.72908,2.25,1.00
2016.09.08 09:13:08.157,1.72874,1.72912,1.50,1.75
2016.09.08 09:13:08.208,1.72874,1.72905,2.25,1.00
2016.09.08 09:13:09.416,1.72876,1.72908,1.12,1.00
2016.09.08 09:13:09.517,1.72876,1.72908,1.87,1.00
2016.09.08 09:13:09.701,1.72878,1.7291,1.50,1.00
2016.09.08 09:13:09.803,1.72878,1.7291,2.25,1.00
2016.09.08 09:13:09.905,1.72881,1.72912,1.00,1.50
2016.09.08 09:13:09.956,1.72881,1.72912,1.00,1.00
2016.09.08 09:13:11.018,1.72882,1.72913,1.00,1.00
2016.09.08 09:13:11.354,1.72882,1.72913,1.37,1.00
2016.09.08 09:13:11.405,1.72883,1.72913,1.00,1.00
2016.09.08 09:13:11.507,1.72883,1.72915,1.50,1.50
2016.09.08 09:13:12.157,1.72883,1.72915,1.50,1.50
2016.09.08 09:13:13.211,1.72883,1.72915,1.50,1.50
2016.09.08 09:13:14.336,1.72883,1.72912,1.00,1.00
2016.09.08 09:13:14.958,1.72883,1.72915,1.00,1.50
2016.09.08 09:13:15.059,1.72883,1.72915,1.00,1.50
2016.09.08 09:13:15.110,1.72883,1.72913,1.00,1.00
2016.09.08 09:13:15.318,1.72883,1.72915,1.00,1.50
2016.09.08 09:13:20.736,1.72883,1.72912,1.00,1.00
2016.09.08 09:13:23.043,1.72883,1.72913,1.00,1.00
2016.09.08 09:13:27.856,1.72883,1.7291,1.00,1.00
2016.09.08 09:13:29.921,1.72879,1.7291,2.62,1.00
2016.09.08 09:13:30.721,1.72879,1.72911,2.62,1.00
2016.09.08 09:13:31.464,1.72879,1.72912,2.62,1.00
2016.09.08 09:13:32.996,1.72882,1.72914,1.00,1.37
2016.09.08 09:13:33.047,1.72881,1.72912,1.00,1.00
2016.09.08 09:13:33.149,1.72879,1.7291,2.62,1.00
2016.09.08 09:13:33.670,1.72879,1.72911,2.62,1.00
2016.09.08 09:13:35.685,1.72884,1.72911,1.00,1.00
2016.09.08 09:13:35.736,1.72889,1.7292,1.00,1.75
2016.09.08 09:13:35.786,1.72889,1.7292,1.50,1.00
2016.09.08 09:13:35.866,1.72889,1.72921,1.50,1.00
2016.09.08 09:13:36.068,1.72891,1.72921,1.00,1.00
2016.09.08 09:13:37.047,1.72891,1.72923,1.00,1.00
2016.09.08 09:13:39.238,1.7289,1.72922,1.00,1.00
2016.09.08 09:13:41.083,1.72892,1.72923,1.00,1.00
2016.09.08 09:13:41.192,1.72892,1.72923,1.00,1.00
2016.09.08 09:13:41.344,1.72889,1.72919,1.00,1.00
2016.09.08 09:13:41.395,1.72889,1.72919,1.00,1.00
2016.09.08 09:13:41.749,1.7289,1.72921,1.00,1.50
2016.09.08 09:13:42.835,1.72889,1.7292,1.00,1.00
2016.09.08 09:13:42.886,1.72889,1.7292,1.00,1.50
2016.09.08 09:13:43.065,1.72887,1.72918,1.00,1.00
2016.09.08 09:13:44.101,1.72887,1.7292,1.12,1.50
2016.09.08 09:13:46.061,1.72888,1.7292,1.00,1.00
2016.09.08 09:13:46.261,1.72889,1.72923,1.00,1.50
2016.09.08 09:13:46.413,1.72889,1.72923,1.00,1.50
2016.09.08 09:13:46.464,1.72892,1.72923,1.00,1.50
2016.09.08 09:13:47.915,1.72892,1.72923,1.00,1.00
2016.09.08 09:13:47.966,1.72897,1.72924,1.00,1.00
2016.09.08 09:13:48.017,1.72897,1.72927,1.50,1.00
2016.09.08 09:13:48.068,1.72901,1.72933,1.00,1.50
2016.09.08 09:13:48.119,1.72901,1.72933,1.00,1.50
2016.09.08 09:13:48.258,1.72902,1.72933,1.12,1.37
2016.09.08 09:13:48.309,1.72902,1.72933,1.50,1.00
2016.09.08 09:13:51.225,1.72902,1.72933,1.50,1.00
2016.09.08 09:13:51.276,1.72903,1.72933,1.00,1.00
2016.09.08 09:13:51.377,1.72903,1.72933,1.00,1.00
2016.09.08 09:13:52.046,1.72902,1.72933,1.50,1.50
2016.09.08 09:13:52.229,1.72902,1.72933,1.50,1.50
2016.09.08 09:13:54.899,1.72902,1.72932,1.00,1.00
2016.09.08 09:13:56.219,1.72902,1.72933,1.37,1.50
2016.09.08 09:14:00.055,1.72901,1.72933,2.25,1.50
2016.09.08 09:14:00.207,1.72901,1.72933,1.50,1.50
2016.09.08 09:14:00.609,1.72901,1.72932,1.00,1.00
2016.09.08 09:14:01.002,1.72901,1.72933,1.37,1.87
2016.09.08 09:14:01.053,1.72901,1.72933,1.50,1.50
2016.09.08 09:14:01.732,1.72901,1.72933,1.50,1.50
2016.09.08 09:14:01.865,1.72906,1.72933,1.00,1.00
2016.09.08 09:14:01.916,1.72906,1.72936,1.00,1.87
2016.09.08 09:14:01.991,1.72906,1.72936,1.00,1.37
2016.09.08 09:14:02.093,1.72906,1.72937,1.00,2.25
2016.09.08 09:14:02.649,1.72905,1.72937,1.00,2.25
2016.09.08 09:14:02.765,1.72906,1.72937,1.00,1.50
2016.09.08 09:14:03.959,1.72905,1.72937,1.00,2.25
2016.09.08 09:14:06.962,1.72904,1.72935,1.00,1.12
2016.09.08 09:14:07.277,1.72905,1.72937,1.00,2.25
2016.09.08 09:14:08.279,1.72905,1.72937,1.00,1.50
2016.09.08 09:14:08.865,1.72904,1.72936,1.00,1.37
2016.09.08 09:14:09.307,1.72903,1.72936,1.87,1.37
2016.09.08 09:14:09.510,1.72905,1.72936,1.00,1.37
2016.09.08 09:14:09.634,1.72905,1.72935,1.00,1.75
2016.09.08 09:14:09.685,1.72901,1.72932,1.50,1.00
2016.09.08 09:14:09.787,1.72901,1.7293,1.00,1.00
2016.09.08 09:14:09.939,1.72899,1.7293,1.00,1.00
2016.09.08 09:14:10.040,1.72898,1.7293,2.62,1.00
2016.09.08 09:14:10.091,1.72898,1.72929,1.87,1.00
2016.09.08 09:14:10.142,1.72899,1.72929,1.00,1.00
2016.09.08 09:14:10.687,1.729,1.72929,1.00,1.00
2016.09.08 09:14:10.890,1.729,1.72933,1.50,1.12
2016.09.08 09:14:11.042,1.729,1.72933,1.00,1.12
2016.09.08 09:14:11.194,1.72899,1.7293,1.00,1.00
2016.09.08 09:14:11.346,1.72902,1.7293,1.00,1.00
2016.09.08 09:14:12.140,1.72902,1.72931,1.00,1.00
2016.09.08 09:14:12.394,1.72904,1.72934,1.00,1.50
2016.09.08 09:14:12.569,1.72904,1.72934,1.00,1.00
2016.09.08 09:14:12.694,1.72902,1.72933,1.50,1.00
2016.09.08 09:14:13.252,1.72902,1.72933,2.25,1.00
2016.09.08 09:14:13.303,1.72904,1.72934,1.00,1.00
2016.09.08 09:14:13.404,1.72904,1.72936,1.00,1.00
2016.09.08 09:14:13.455,1.72904,1.72937,1.75,1.00
2016.09.08 09:14:15.303,1.72904,1.72934,1.75,1.00
2016.09.08 09:14:15.556,1.72904,1.72934,1.75,1.00
2016.09.08 09:14:15.607,1.72905,1.72936,1.75,1.00
2016.09.08 09:14:15.708,1.72903,1.72935,2.25,1.00
2016.09.08 09:14:15.759,1.72903,1.72935,1.75,1.00
2016.09.08 09:14:15.810,1.72901,1.72934,3.37,1.00
2016.09.08 09:14:15.863,1.72901,1.72934,2.62,1.00
2016.09.08 09:14:16.024,1.72902,1.72934,1.75,1.00
2016.09.08 09:14:17.558,1.72901,1.72934,2.62,1.12
2016.09.08 09:14:17.660,1.72904,1.72934,1.00,1.12
2016.09.08 09:14:17.761,1.72903,1.72934,1.00,1.12
2016.09.08 09:14:17.811,1.72905,1.72934,1.00,1.12
2016.09.08 09:14:17.862,1.72901,1.72934,1.87,1.12
2016.09.08 09:14:17.963,1.72901,1.72934,1.50,1.75
2016.09.08 09:14:18.014,1.72901,1.72924,1.00,1.00
2016.09.08 09:14:18.065,1.72896,1.72924,1.50,1.00
2016.09.08 09:14:18.169,1.72894,1.72923,1.87,1.00
2016.09.08 09:14:18.220,1.72894,1.72923,1.00,1.50
2016.09.08 09:14:18.321,1.72895,1.72924,1.00,1.75
2016.09.08 09:14:18.473,1.72893,1.72924,1.00,1.75
2016.09.08 09:14:18.578,1.72894,1.72926,1.00,1.75
2016.09.08 09:14:18.680,1.72894,1.72926,1.50,1.00
2016.09.08 09:14:18.731,1.72896,1.72926,1.87,1.00
2016.09.08 09:14:18.782,1.72896,1.72922,1.87,1.00
2016.09.08 09:14:18.833,1.72897,1.72922,1.00,1.00
2016.09.08 09:14:18.927,1.72897,1.72925,1.00,1.00
2016.09.08 09:14:18.977,1.72896,1.72925,1.12,1.00
2016.09.08 09:14:19.029,1.72894,1.72925,1.50,1.00
2016.09.08 09:14:19.131,1.72893,1.72925,2.25,1.00
2016.09.08 09:14:26.139,1.72897,1.72925,1.00,1.00
2016.09.08 09:14:26.189,1.72897,1.72923,1.00,1.00
2016.09.08 09:14:26.432,1.72901,1.72929,1.00,1.00
2016.09.08 09:14:26.790,1.72901,1.72926,1.00,1.00
2016.09.08 09:14:26.841,1.72898,1.72926,1.00,1.00
2016.09.08 09:14:26.994,1.72898,1.72929,1.00,1.00
2016.09.08 09:14:27.044,1.72898,1.72929,1.50,1.00
2016.09.08 09:14:27.218,1.729,1.7293,1.00,1.00
2016.09.08 09:14:27.420,1.72901,1.72933,1.00,2.25
2016.09.08 09:14:27.989,1.72902,1.72933,1.00,1.50
2016.09.08 09:14:28.091,1.72902,1.72933,1.50,1.00
2016.09.08 09:14:28.143,1.72902,1.72933,2.25,1.00
2016.09.08 09:14:28.277,1.72902,1.72935,1.50,1.00
2016.09.08 09:14:28.379,1.72902,1.72935,2.25,1.00
2016.09.08 09:14:28.900,1.72904,1.72935,1.00,1.00
2016.09.08 09:14:30.296,1.72905,1.72935,1.00,1.00
2016.09.08 09:14:30.489,1.72907,1.72937,1.00,1.00
2016.09.08 09:14:31.096,1.72905,1.72936,1.00,1.00
2016.09.08 09:14:31.853,1.72905,1.72936,1.00,1.00
2016.09.08 09:14:31.904,1.72905,1.72932,1.00,1.00
2016.09.08 09:14:32.006,1.72902,1.72932,1.50,1.00
2016.09.08 09:14:32.091,1.72905,1.72936,1.00,2.25
2016.09.08 09:14:32.142,1.72905,1.72936,1.00,1.50
2016.09.08 09:14:32.294,1.72907,1.72937,1.00,1.75
2016.09.08 09:14:33.461,1.72907,1.72937,1.50,1.75
2016.09.08 09:14:33.730,1.72908,1.72939,1.00,1.75
2016.09.08 09:14:33.781,1.72908,1.72939,1.00,1.12
2016.09.08 09:14:33.964,1.72908,1.72933,1.00,1.00
2016.09.08 09:14:34.016,1.72896,1.72926,2.25,1.00
2016.09.08 09:14:34.067,1.72896,1.72926,1.50,1.00
2016.09.08 09:14:34.118,1.72896,1.72925,1.00,1.75
2016.09.08 09:14:34.396,1.72893,1.72925,1.00,1.75
2016.09.08 09:14:37.869,1.72896,1.72925,1.00,1.75
2016.09.08 09:14:38.072,1.72896,1.72925,1.00,1.75
2016.09.08 09:14:38.507,1.72897,1.72923,1.00,1.12
2016.09.08 09:14:38.709,1.72897,1.72925,1.00,1.75
2016.09.08 09:14:39.222,1.72896,1.72925,1.00,1.75
2016.09.08 09:14:39.669,1.72896,1.72925,1.00,1.75
2016.09.08 09:14:40.458,1.72897,1.72925,1.00,1.75
2016.09.08 09:14:44.230,1.72897,1.72926,1.00,2.25
2016.09.08 09:14:44.281,1.72897,1.72926,1.00,1.75
2016.09.08 09:14:44.548,1.72897,1.72926,1.00,2.25
2016.09.08 09:14:44.781,1.72896,1.72926,1.00,1.75
2016.09.08 09:14:44.832,1.72896,1.72924,1.00,1.50
2016.09.08 09:14:44.883,1.72896,1.72924,1.00,1.50
2016.09.08 09:14:45.705,1.72896,1.72925,1.00,1.75
2016.09.08 09:14:46.074,1.72896,1.72925,1.00,1.75
2016.09.08 09:14:46.604,1.72897,1.72925,1.00,1.75
2016.09.08 09:14:49.793,1.72897,1.72925,1.00,1.75
2016.09.08 09:14:51.309,1.72892,1.7292,1.00,1.75
2016.09.08 09:14:51.652,1.72892,1.72914,1.00,1.75
2016.09.08 09:14:51.753,1.72892,1.72917,1.00,1.75
2016.09.08 09:14:52.006,1.72892,1.72917,1.00,1.37
2016.09.08 09:14:52.057,1.72892,1.72917,1.00,1.12
2016.09.08 09:14:53.314,1.72892,1.72919,1.00,1.75
2016.09.08 09:14:53.802,1.72892,1.72919,1.00,1.75
2016.09.08 09:14:54.109,1.72892,1.72919,1.00,1.75
2016.09.08 09:14:57.414,1.72892,1.72919,1.00,1.75
2016.09.08 09:14:57.533,1.72891,1.72913,1.00,1.50
2016.09.08 09:14:57.634,1.72891,1.72912,1.00,1.12
2016.09.08 09:14:57.836,1.72892,1.72914,1.00,2.25
2016.09.08 09:14:58.329,1.72892,1.72913,1.00,1.50
2016.09.08 09:14:59.015,1.72887,1.72914,1.00,2.25
2016.09.08 09:14:59.870,1.72887,1.72914,1.00,1.75
2016.09.08 09:15:00.720,1.72887,1.72913,1.00,1.50
2016.09.08 09:15:03.927,1.72887,1.72914,1.00,1.75
2016.09.08 09:15:04.889,1.72892,1.72914,1.00,1.75
2016.09.08 09:15:05.489,1.72886,1.72914,1.50,1.75
2016.09.08 09:15:06.631,1.72886,1.72914,1.00,1.75
2016.09.08 09:15:07.221,1.72886,1.72915,1.00,1.75
2016.09.08 09:15:07.272,1.72892,1.72915,1.00,1.00
2016.09.08 09:15:07.374,1.72897,1.72924,1.00,1.00
2016.09.08 09:15:07.425,1.72897,1.72927,1.00,1.37
2016.09.08 09:15:07.578,1.72897,1.72928,1.00,1.50
2016.09.08 09:15:08.742,1.72898,1.72928,1.00,1.50
2016.09.08 09:15:17.342,1.72897,1.72927,1.00,1.37
2016.09.08 09:15:17.762,1.72897,1.72929,1.50,2.25
2016.09.08 09:15:17.914,1.72897,1.72929,1.50,2.25
2016.09.08 09:15:18.490,1.72897,1.72927,1.00,1.37
2016.09.08 09:15:18.762,1.72898,1.72928,1.00,1.50
2016.09.08 09:15:19.464,1.729,1.7293,1.00,2.25
2016.09.08 09:15:19.514,1.72902,1.7293,1.00,1.37
2016.09.08 09:15:19.576,1.72902,1.7293,1.00,1.00
2016.09.08 09:15:19.627,1.72901,1.7293,2.25,1.00
2016.09.08 09:15:19.678,1.72902,1.72933,1.00,1.50
2016.09.08 09:15:19.728,1.72902,1.72933,1.50,1.50
2016.09.08 09:15:19.881,1.72902,1.72933,1.50,1.75
2016.09.08 09:15:19.932,1.72907,1.7293,1.00,1.37
2016.09.08 09:15:19.982,1.72907,1.7293,1.00,2.25
2016.09.08 09:15:20.216,1.72907,1.7293,1.00,1.75
2016.09.08 09:15:21.921,1.729,1.7293,1.00,1.75
2016.09.08 09:15:21.972,1.72903,1.72934,1.00,1.75
2016.09.08 09:15:22.022,1.72903,1.72934,1.00,1.75
2016.09.08 09:15:22.498,1.72903,1.72936,1.00,2.25
2016.09.08 09:15:22.620,1.72907,1.72936,1.00,2.25
2016.09.08 09:15:23.242,1.72906,1.72936,1.00,2.25
2016.09.08 09:15:23.293,1.72907,1.72936,1.00,1.75
2016.09.08 09:15:23.445,1.72907,1.72935,1.50,1.75
2016.09.08 09:15:23.546,1.72907,1.72935,1.00,1.75
2016.09.08 09:15:23.851,1.72904,1.72935,1.50,1.75
2016.09.08 09:15:23.923,1.72904,1.72935,1.50,2.25
2016.09.08 09:15:24.926,1.72904,1.72935,1.50,1.75
2016.09.08 09:15:25.578,1.72904,1.72935,1.50,2.25
2016.09.08 09:15:27.081,1.72904,1.72935,1.50,1.75
2016.09.08 09:15:28.235,1.72904,1.72935,1.50,2.25
2016.09.08 09:15:28.286,1.72904,1.72935,1.00,2.25
2016.09.08 09:15:28.485,1.72902,1.72935,1.50,2.25
2016.09.08 09:15:28.688,1.72903,1.72935,1.00,1.75
2016.09.08 09:15:30.490,1.72903,1.72935,1.00,1.75
2016.09.08 09:15:32.058,1.72906,1.72935,1.00,1.75
2016.09.08 09:15:32.109,1.72906,1.72935,1.00,1.75
2016.09.08 09:15:32.160,1.72906,1.72939,1.87,1.37
2016.09.08 09:15:32.210,1.72906,1.72939,2.25,1.00
2016.09.08 09:15:32.261,1.72911,1.7294,1.00,1.50
2016.09.08 09:15:32.312,1.72911,1.7294,1.00,1.50
2016.09.08 09:15:32.363,1.72911,1.7294,1.00,1.00
2016.09.08 09:15:32.464,1.72911,1.72941,1.00,1.12
2016.09.08 09:15:32.743,1.7291,1.72935,1.00,1.37
2016.09.08 09:15:32.793,1.72903,1.72935,1.37,1.87
2016.09.08 09:15:32.844,1.72903,1.72935,1.00,3.00
2016.09.08 09:15:32.945,1.72903,1.72935,1.00,3.00
2016.09.08 09:15:32.996,1.72903,1.72933,1.00,1.75
2016.09.08 09:15:33.502,1.72905,1.72935,1.00,2.25
2016.09.08 09:15:33.971,1.72905,1.72935,1.00,1.75
2016.09.08 09:15:36.366,1.7291,1.72935,1.00,1.75
2016.09.08 09:15:36.417,1.7291,1.72936,1.00,1.75
2016.09.08 09:15:36.468,1.7291,1.72935,1.00,1.50
2016.09.08 09:15:36.569,1.72908,1.72935,1.00,1.50
2016.09.08 09:15:36.671,1.72911,1.72935,1.00,1.50
2016.09.08 09:15:37.209,1.72911,1.72936,1.00,1.75
2016.09.08 09:15:37.411,1.72909,1.72936,1.00,1.75
2016.09.08 09:15:37.823,1.7291,1.72936,1.00,1.75
2016.09.08 09:15:38.491,1.7291,1.72935,1.00,1.50
2016.09.08 09:15:38.902,1.72913,1.72935,1.00,1.50
2016.09.08 09:15:39.003,1.7291,1.72936,1.00,1.75
2016.09.08 09:15:39.508,1.72912,1.72936,1.00,1.75
2016.09.08 09:15:40.366,1.72912,1.72936,1.00,1.00
2016.09.08 09:15:40.416,1.72912,1.72939,1.00,1.12
2016.09.08 09:15:41.211,1.72912,1.72943,1.00,3.00
2016.09.08 09:15:43.730,1.72912,1.72942,1.00,1.75
2016.09.08 09:15:43.832,1.72917,1.72943,1.00,2.25
2016.09.08 09:15:43.933,1.72913,1.72943,1.00,2.25
2016.09.08 09:15:43.984,1.72913,1.72943,1.12,1.00
2016.09.08 09:15:44.150,1.72907,1.72937,1.75,1.00
2016.09.08 09:15:44.251,1.72909,1.72939,1.12,1.50
2016.09.08 09:15:44.556,1.72907,1.72938,1.00,1.00
2016.09.08 09:15:44.955,1.72904,1.72937,1.00,1.00
2016.09.08 09:15:45.056,1.72904,1.72937,1.00,1.00
2016.09.08 09:15:45.107,1.72904,1.72935,1.00,1.00
2016.09.08 09:15:45.158,1.72903,1.72934,1.50,1.00
2016.09.08 09:15:45.361,1.72904,1.72935,1.00,1.00
2016.09.08 09:15:45.722,1.72907,1.72935,1.00,1.00
2016.09.08 09:15:45.926,1.72904,1.72935,1.00,1.00
2016.09.08 09:15:46.726,1.72905,1.72935,1.00,1.00
2016.09.08 09:15:46.979,1.72905,1.72935,1.00,1.37
2016.09.08 09:15:47.182,1.72905,1.72935,1.00,1.00
2016.09.08 09:15:47.427,1.72904,1.72935,1.12,1.00
2016.09.08 09:15:47.477,1.72904,1.72937,1.12,1.37
2016.09.08 09:15:47.611,1.72905,1.72939,1.37,1.37
2016.09.08 09:15:47.665,1.72907,1.72939,1.12,1.37
2016.09.08 09:15:47.716,1.72907,1.72937,1.12,1.37
2016.09.08 09:15:47.767,1.72904,1.72937,1.00,1.75
2016.09.08 09:15:47.869,1.72904,1.72937,1.00,1.75
2016.09.08 09:15:47.971,1.72903,1.72937,1.50,1.75
2016.09.08 09:15:48.173,1.72903,1.72937,1.50,1.75
2016.09.08 09:15:48.327,1.72903,1.72937,1.50,1.75
2016.09.08 09:15:48.517,1.72903,1.72937,1.50,1.75
2016.09.08 09:15:48.643,1.72903,1.72937,1.50,1.75
2016.09.08 09:15:49.145,1.72909,1.72939,1.00,1.75
2016.09.08 09:15:49.196,1.72909,1.72941,1.50,1.75
2016.09.08 09:15:49.246,1.72914,1.72946,1.00,1.75
2016.09.08 09:15:49.297,1.72914,1.72946,1.00,1.50
2016.09.08 09:15:49.348,1.72911,1.72942,1.00,1.00
2016.09.08 09:15:49.471,1.72912,1.72943,1.00,1.37
2016.09.08 09:15:49.572,1.72914,1.72943,1.00,1.00
2016.09.08 09:15:49.623,1.72914,1.72947,1.50,1.50
2016.09.08 09:15:49.673,1.72914,1.72947,1.50,1.50
2016.09.08 09:15:49.926,1.72916,1.72947,1.00,1.50
2016.09.08 09:15:49.977,1.72916,1.72947,1.00,1.50
2016.09.08 09:15:50.648,1.72916,1.72947,1.00,1.50
2016.09.08 09:15:53.027,1.72915,1.72947,1.00,1.50
2016.09.08 09:15:53.078,1.72915,1.72947,1.00,1.50
2016.09.08 09:15:53.135,1.72915,1.72946,1.00,1.37
2016.09.08 09:15:53.187,1.72915,1.72946,1.00,1.75
2016.09.08 09:15:53.572,1.72914,1.72947,1.00,1.75
2016.09.08 09:15:54.274,1.72917,1.72947,1.00,1.75
2016.09.08 09:15:56.466,1.72917,1.72947,1.12,1.75
2016.09.08 09:15:56.517,1.72922,1.72947,1.00,1.37
2016.09.08 09:15:56.567,1.72926,1.72949,1.00,1.00
2016.09.08 09:15:56.618,1.72926,1.72955,1.00,1.37
2016.09.08 09:15:56.742,1.72931,1.72958,1.00,2.10
2016.09.08 09:15:56.793,1.72931,1.72961,1.00,1.00
2016.09.08 09:15:56.894,1.72931,1.72961,1.00,1.00
2016.09.08 09:15:56.945,1.72931,1.72961,1.00,1.00
2016.09.08 09:15:57.046,1.72929,1.72959,1.00,1.50
2016.09.08 09:15:57.299,1.72929,1.72959,1.00,1.87
2016.09.08 09:15:57.400,1.72929,1.72959,1.00,2.25
2016.09.08 09:15:57.589,1.72929,1.72959,1.00,2.25
2016.09.08 09:15:57.842,1.72925,1.72957,1.00,1.75
2016.09.08 09:15:57.893,1.72925,1.72954,1.00,1.87
2016.09.08 09:15:57.944,1.72921,1.7295,1.37,1.00
2016.09.08 09:15:57.994,1.72921,1.7295,1.00,1.37
2016.09.08 09:15:58.096,1.72921,1.7295,1.00,1.75
2016.09.08 09:15:58.147,1.72921,1.72951,1.50,1.75
2016.09.08 09:15:58.372,1.72921,1.72951,1.50,1.75
2016.09.08 09:15:58.683,1.72921,1.72951,1.00,1.75
2016.09.08 09:15:58.921,1.72922,1.72951,1.00,1.37
2016.09.08 09:15:58.972,1.72923,1.72952,1.00,1.00
2016.09.08 09:15:59.124,1.72925,1.72954,1.00,1.37
2016.09.08 09:15:59.175,1.72921,1.72954,1.50,1.50
2016.09.08 09:15:59.336,1.72918,1.72949,1.75,1.00
2016.09.08 09:15:59.387,1.72918,1.72949,1.00,1.00
2016.09.08 09:15:59.488,1.72918,1.72949,1.00,1.00
2016.09.08 09:15:59.741,1.72917,1.72948,1.50,1.00
2016.09.08 09:16:00.195,1.72917,1.72948,1.50,1.00
2016.09.08 09:16:00.353,1.72918,1.72949,1.00,1.00
2016.09.08 09:16:00.672,1.7292,1.7295,1.00,1.00
2016.09.08 09:16:01.787,1.7292,1.7295,1.00,1.00
2016.09.08 09:16:01.838,1.72923,1.72952,1.00,1.00
2016.09.08 09:16:01.889,1.72923,1.72952,1.00,1.00
2016.09.08 09:16:01.941,1.72926,1.72955,1.00,1.50
2016.09.08 09:16:01.991,1.72926,1.72955,1.00,1.12
2016.09.08 09:16:02.093,1.72925,1.72956,1.00,1.50
2016.09.08 09:16:02.144,1.72926,1.72959,1.00,1.75
2016.09.08 09:16:02.194,1.72926,1.72959,1.00,1.75
2016.09.08 09:16:02.424,1.72926,1.72959,1.00,1.00
2016.09.08 09:16:02.803,1.72926,1.72959,1.00,1.00
2016.09.08 09:16:04.276,1.72926,1.72959,1.00,1.00
2016.09.08 09:16:04.478,1.72926,1.72959,1.00,1.00
2016.09.08 09:16:04.580,1.72926,1.72959,1.00,1.00
2016.09.08 09:16:04.702,1.72926,1.72954,1.00,1.00
2016.09.08 09:16:05.058,1.72924,1.72954,1.00,1.50
2016.09.08 09:16:05.855,1.72925,1.72954,1.00,1.00
2016.09.08 09:16:08.753,1.72924,1.72954,1.00,1.50
2016.09.08 09:16:08.961,1.72925,1.72954,1.00,1.00
2016.09.08 09:16:11.485,1.72926,1.72954,1.00,1.00
2016.09.08 09:16:12.574,1.72924,1.72954,1.00,1.00
2016.09.08 09:16:12.928,1.72924,1.72954,1.00,1.00
2016.09.08 09:16:13.233,1.72924,1.72954,1.00,1.50
2016.09.08 09:16:13.728,1.72924,1.72953,1.00,1.00
2016.09.08 09:16:14.254,1.72923,1.72953,1.00,1.00
2016.09.08 09:16:16.288,1.72923,1.72954,1.00,1.50
2016.09.08 09:16:17.392,1.72923,1.72954,1.00,1.00
2016.09.08 09:16:18.799,1.72923,1.72954,1.00,1.50
2016.09.08 09:16:19.456,1.72922,1.72954,1.00,2.25
2016.09.08 09:16:19.894,1.72924,1.72954,1.00,2.25
2016.09.08 09:16:24.716,1.72924,1.72954,1.00,1.50
2016.09.08 09:16:25.741,1.72924,1.72954,1.00,2.25
2016.09.08 09:16:30.154,1.72924,1.72946,1.00,1.00
2016.09.08 09:16:30.205,1.7292,1.72946,1.50,1.00
2016.09.08 09:16:30.259,1.7292,1.72944,1.12,1.00
2016.09.08 09:16:30.310,1.72915,1.72944,1.00,1.00
2016.09.08 09:16:30.361,1.72913,1.72943,1.00,1.37
2016.09.08 09:16:30.412,1.72912,1.72943,1.00,1.75
2016.09.08 09:16:30.615,1.72912,1.72942,1.00,1.50
2016.09.08 09:16:30.737,1.72912,1.72941,1.00,1.37
2016.09.08 09:16:30.969,1.72914,1.72941,1.00,1.37
2016.09.08 09:16:31.020,1.72914,1.72944,1.00,1.75
2016.09.08 09:16:31.072,1.72912,1.72944,1.00,1.75
2016.09.08 09:16:31.123,1.72916,1.72944,1.00,1.75
2016.09.08 09:16:31.174,1.72916,1.72944,1.00,2.25
2016.09.08 09:16:31.262,1.72916,1.72944,1.00,1.87
2016.09.08 09:16:31.313,1.72916,1.72945,1.00,1.00
2016.09.08 09:16:31.617,1.72913,1.7294,1.00,1.00
2016.09.08 09:16:31.821,1.72917,1.72946,1.00,1.75
2016.09.08 09:16:32.065,1.72917,1.72943,1.00,1.37
2016.09.08 09:16:32.116,1.72917,1.72943,1.00,1.00
2016.09.08 09:16:32.668,1.72914,1.72943,1.00,1.00
2016.09.08 09:16:32.820,1.72914,1.72941,1.00,1.00
2016.09.08 09:16:33.482,1.72915,1.72941,1.00,1.00
2016.09.08 09:16:33.992,1.72914,1.72941,1.00,1.00
2016.09.08 09:16:34.043,1.72914,1.72945,1.00,1.00
2016.09.08 09:16:34.094,1.72917,1.72945,1.00,1.00
2016.09.08 09:16:34.246,1.72919,1.72947,1.00,1.37
2016.09.08 09:16:34.296,1.72919,1.72948,1.00,1.00
2016.09.08 09:16:34.347,1.72919,1.7295,1.00,1.50
2016.09.08 09:16:34.487,1.72921,1.72952,1.00,1.75
2016.09.08 09:16:34.850,1.72922,1.72953,1.00,2.25
2016.09.08 09:16:35.724,1.72922,1.72953,1.00,1.75
2016.09.08 09:16:35.853,1.72922,1.72953,1.00,1.75
2016.09.08 09:16:36.613,1.72922,1.72953,1.50,1.75
2016.09.08 09:16:36.664,1.72922,1.72953,1.50,1.75
2016.09.08 09:16:37.558,1.72922,1.72953,1.00,1.75
2016.09.08 09:16:37.977,1.72922,1.72952,1.00,1.75
2016.09.08 09:16:38.814,1.72922,1.72952,1.00,1.75
2016.09.08 09:16:39.121,1.72922,1.72952,1.37,1.37
2016.09.08 09:16:39.173,1.72922,1.72954,1.50,1.50
2016.09.08 09:16:39.224,1.72924,1.72955,1.00,1.00
2016.09.08 09:16:39.275,1.72926,1.72956,1.12,1.12
2016.09.08 09:16:39.327,1.72927,1.72958,1.12,1.50
2016.09.08 09:16:39.378,1.72927,1.72958,1.12,1.50
2016.09.08 09:16:39.428,1.72926,1.72958,1.50,1.50
2016.09.08 09:16:39.479,1.72926,1.72958,1.50,1.50
2016.09.08 09:16:39.580,1.72926,1.72956,1.50,1.00
2016.09.08 09:16:39.631,1.72926,1.72956,1.50,1.00
2016.09.08 09:16:39.682,1.72925,1.72956,2.25,1.00
2016.09.08 09:16:39.733,1.72925,1.72956,2.25,1.00
2016.09.08 09:16:39.871,1.72927,1.72958,1.12,1.50
2016.09.08 09:16:39.922,1.72928,1.72958,1.00,1.00
2016.09.08 09:16:39.973,1.72928,1.72958,1.00,1.00
2016.09.08 09:16:41.721,1.72926,1.72956,1.50,1.00
2016.09.08 09:16:42.328,1.72926,1.72958,1.50,1.00
2016.09.08 09:16:42.486,1.72928,1.72958,1.00,1.00
2016.09.08 09:16:43.015,1.72929,1.7296,1.00,1.50
2016.09.08 09:16:43.883,1.72928,1.72959,1.00,1.12
2016.09.08 09:16:44.491,1.72928,1.72961,1.00,1.75
2016.09.08 09:16:44.694,1.7293,1.72962,1.00,2.25
2016.09.08 09:16:44.795,1.72931,1.72962,1.00,1.75
2016.09.08 09:16:44.896,1.72936,1.72962,1.00,1.75
2016.09.08 09:16:44.997,1.72936,1.72965,1.00,1.37
2016.09.08 09:16:45.118,1.72936,1.72965,1.00,1.00
2016.09.08 09:16:45.174,1.72934,1.72965,1.00,1.00
2016.09.08 09:16:45.584,1.72934,1.72965,1.00,1.50
2016.09.08 09:16:45.786,1.72934,1.72965,1.00,1.00
2016.09.08 09:16:49.576,1.72934,1.72965,1.00,1.50
2016.09.08 09:16:50.694,1.72934,1.72965,1.00,1.00
2016.09.08 09:16:51.632,1.72934,1.72965,1.00,1.50
2016.09.08 09:16:51.895,1.72936,1.72965,1.00,1.50
2016.09.08 09:16:52.132,1.72934,1.72965,1.00,1.50
2016.09.08 09:16:52.893,1.72935,1.72965,1.00,1.50
2016.09.08 09:16:52.944,1.72935,1.72965,1.00,1.00
2016.09.08 09:16:53.082,1.72935,1.72965,1.00,1.50
2016.09.08 09:16:53.774,1.72935,1.72965,1.00,1.00
2016.09.08 09:16:53.926,1.72932,1.72965,1.00,1.50
2016.09.08 09:16:54.507,1.72932,1.72965,1.00,2.25
2016.09.08 09:16:54.608,1.72932,1.72965,1.00,2.25
2016.09.08 09:16:55.006,1.72932,1.72963,1.00,1.00
2016.09.08 09:16:55.107,1.72933,1.72964,1.00,1.00
2016.09.08 09:16:55.664,1.72933,1.72964,1.00,1.50
2016.09.08 09:16:56.710,1.72933,1.72964,1.00,1.00
2016.09.08 09:16:57.267,1.72933,1.72963,1.00,1.00
2016.09.08 09:16:57.318,1.72933,1.72963,1.00,1.37
2016.09.08 09:16:57.413,1.72931,1.72963,1.37,1.37
2016.09.08 09:16:57.463,1.72931,1.72963,1.00,1.75
2016.09.08 09:16:58.891,1.72931,1.72961,1.00,1.12
2016.09.08 09:16:59.418,1.72932,1.72961,1.00,1.12
2016.09.08 09:16:59.519,1.72936,1.72961,1.00,1.12
2016.09.08 09:16:59.620,1.72936,1.72962,1.00,1.37
2016.09.08 09:16:59.671,1.72936,1.72962,1.00,1.00
2016.09.08 09:16:59.891,1.72936,1.72963,1.00,1.50
2016.09.08 09:17:00.297,1.72936,1.72963,1.00,1.00
2016.09.08 09:17:02.192,1.72936,1.72964,1.00,1.00
2016.09.08 09:17:02.796,1.72936,1.72963,1.00,1.00
2016.09.08 09:17:03.184,1.72936,1.72961,1.00,1.00
2016.09.08 09:17:03.286,1.72936,1.72963,1.00,1.00
2016.09.08 09:17:03.862,1.72937,1.72963,1.00,1.00
2016.09.08 09:17:03.985,1.72937,1.72965,1.00,2.62
2016.09.08 09:17:04.401,1.72937,1.72964,1.00,1.00
2016.09.08 09:17:04.633,1.72937,1.72965,1.00,1.87
2016.09.08 09:17:05.334,1.72939,1.72965,1.00,1.87
2016.09.08 09:17:05.486,1.72939,1.72965,1.00,1.12
2016.09.08 09:17:05.536,1.72939,1.72965,1.00,1.87
2016.09.08 09:17:06.238,1.72939,1.72965,1.00,1.12
2016.09.08 09:17:06.596,1.72939,1.72965,1.00,1.87
2016.09.08 09:17:06.799,1.72939,1.72964,1.00,1.00
2016.09.08 09:17:07.081,1.72941,1.72965,1.00,1.12
2016.09.08 09:17:07.183,1.72941,1.72965,1.00,1.00
2016.09.08 09:17:07.501,1.72943,1.72965,1.00,1.00
2016.09.08 09:17:08.124,1.72942,1.72965,1.00,1.00
2016.09.08 09:17:08.174,1.72942,1.72967,1.00,1.00
2016.09.08 09:17:08.225,1.72951,1.72971,1.00,1.75
2016.09.08 09:17:08.277,1.72951,1.72973,1.00,1.37
2016.09.08 09:17:08.328,1.72951,1.72975,1.00,1.50
2016.09.08 09:17:08.379,1.72951,1.72975,1.00,1.00
2016.09.08 09:17:08.430,1.72949,1.72976,1.00,1.00
2016.09.08 09:17:09.047,1.72949,1.72977,1.00,1.12
2016.09.08 09:17:10.250,1.72949,1.72976,1.00,1.00
2016.09.08 09:17:10.704,1.72951,1.72976,1.00,1.00
2016.09.08 09:17:10.857,1.72948,1.72976,1.00,1.00
2016.09.08 09:17:11.652,1.72948,1.72972,1.00,1.75
2016.09.08 09:17:11.861,1.72946,1.72972,1.00,1.75
2016.09.08 09:17:11.963,1.72946,1.72972,1.00,1.37
2016.09.08 09:17:12.064,1.72946,1.72972,1.00,1.00
2016.09.08 09:17:12.461,1.72941,1.72972,1.87,1.00
2016.09.08 09:17:12.865,1.72944,1.72972,1.00,1.00
2016.09.08 09:17:13.566,1.72947,1.72972,1.00,1.00
2016.09.08 09:17:13.740,1.72947,1.72972,1.00,1.50
2016.09.08 09:17:13.923,1.72944,1.72971,1.00,1.00
2016.09.08 09:17:13.974,1.72944,1.72971,1.00,1.12
2016.09.08 09:17:14.025,1.72944,1.7297,1.00,1.00
2016.09.08 09:17:14.126,1.72941,1.72971,1.00,1.12
2016.09.08 09:17:17.568,1.72943,1.72971,1.00,1.12
2016.09.08 09:17:18.091,1.72943,1.72971,1.00,1.00
2016.09.08 09:17:18.243,1.72947,1.72974,1.00,1.50
2016.09.08 09:17:18.344,1.72947,1.72974,1.00,1.00
2016.09.08 09:17:18.394,1.72947,1.72975,1.00,1.37
2016.09.08 09:17:18.445,1.72948,1.72976,1.00,1.00
2016.09.08 09:17:18.520,1.72948,1.72976,1.00,1.50
2016.09.08 09:17:18.623,1.72948,1.72973,1.00,1.00
2016.09.08 09:17:18.674,1.72948,1.72975,1.00,1.87
2016.09.08 09:17:18.776,1.72948,1.72975,1.00,1.12
2016.09.08 09:17:19.030,1.72948,1.72977,1.00,2.25
2016.09.08 09:17:19.632,1.72948,1.72976,1.00,1.50
2016.09.08 09:17:20.734,1.72948,1.72975,1.00,1.12
2016.09.08 09:17:23.327,1.72947,1.72975,1.00,1.12
2016.09.08 09:17:25.990,1.72947,1.7297,1.00,1.00
2016.09.08 09:17:26.041,1.72941,1.7297,1.75,1.00
2016.09.08 09:17:26.091,1.72941,1.72968,1.00,1.00
2016.09.08 09:17:26.142,1.72941,1.72971,1.00,2.25
2016.09.08 09:17:26.245,1.72938,1.72968,1.00,1.00
2016.09.08 09:17:26.380,1.72938,1.72969,1.00,1.87
2016.09.08 09:17:26.482,1.72938,1.72964,1.00,1.00
2016.09.08 09:17:26.533,1.72935,1.72964,2.25,1.00
2016.09.08 09:17:26.583,1.72935,1.72967,2.25,1.50
2016.09.08 09:17:26.685,1.72935,1.72966,2.25,1.00
2016.09.08 09:17:26.736,1.72936,1.72966,1.37,1.00
2016.09.08 09:17:27.052,1.72941,1.72967,1.00,1.37
2016.09.08 09:17:27.103,1.72941,1.72966,1.00,1.00
2016.09.08 09:17:27.154,1.72941,1.72973,1.00,3.75
2016.09.08 09:17:27.205,1.72941,1.7297,1.00,1.00
2016.09.08 09:17:27.356,1.72944,1.72973,1.00,1.37
2016.09.08 09:17:27.407,1.72944,1.72973,1.00,1.00
2016.09.08 09:17:27.458,1.72945,1.72974,1.00,1.12
2016.09.08 09:17:27.780,1.72947,1.72974,1.00,1.12
2016.09.08 09:17:28.303,1.72946,1.72974,1.00,1.12
2016.09.08 09:17:29.276,1.72946,1.72975,1.00,1.87
2016.09.08 09:17:29.377,1.72946,1.72974,1.00,1.12
2016.09.08 09:17:29.550,1.72946,1.72975,1.00,1.87
2016.09.08 09:17:29.652,1.72945,1.72974,1.00,1.12
2016.09.08 09:17:29.755,1.72944,1.72974,1.00,1.87
2016.09.08 09:17:29.958,1.72945,1.72974,1.00,1.12
2016.09.08 09:17:31.353,1.72945,1.72973,1.00,1.00
2016.09.08 09:17:31.455,1.72945,1.72974,1.00,1.12
2016.09.08 09:17:31.791,1.72945,1.72973,1.00,1.00
2016.09.08 09:17:33.858,1.72944,1.72974,1.00,1.87
2016.09.08 09:17:35.356,1.72944,1.72974,1.00,2.25
2016.09.08 09:17:36.761,1.72944,1.72973,1.00,1.75
2016.09.08 09:17:37.265,1.72945,1.72973,1.00,1.75
2016.09.08 09:17:38.392,1.72945,1.72974,1.00,1.75
2016.09.08 09:17:38.943,1.72944,1.72974,1.00,2.25
2016.09.08 09:17:39.146,1.72944,1.72974,1.00,3.00
2016.09.08 09:17:39.247,1.72939,1.72971,1.00,1.50
2016.09.08 09:17:39.384,1.72939,1.7297,1.00,1.12
2016.09.08 09:17:39.435,1.72938,1.72969,1.00,1.00
2016.09.08 09:17:39.871,1.72938,1.72969,1.00,1.00
2016.09.08 09:17:39.973,1.72938,1.72969,1.00,1.00
2016.09.08 09:17:40.237,1.7294,1.7297,1.00,1.12
2016.09.08 09:17:40.338,1.72941,1.72971,1.00,1.50
2016.09.08 09:17:40.389,1.72941,1.72972,1.00,1.75
2016.09.08 09:17:40.936,1.7294,1.72972,1.00,1.75
2016.09.08 09:17:41.037,1.7294,1.7297,1.00,1.12
2016.09.08 09:17:41.088,1.7294,1.72966,1.00,1.00
2016.09.08 09:17:41.139,1.72937,1.72966,1.00,1.00
2016.09.08 09:17:41.228,1.72939,1.72966,1.00,1.00
2016.09.08 09:17:41.381,1.72939,1.72968,1.00,1.12
2016.09.08 09:17:41.432,1.72937,1.72967,1.00,1.37
2016.09.08 09:17:41.689,1.72937,1.72967,1.50,1.37
2016.09.08 09:17:42.275,1.72937,1.72967,1.50,1.87
2016.09.08 09:17:42.326,1.72937,1.72967,1.00,1.87
2016.09.08 09:17:42.591,1.72937,1.72967,1.00,1.37
2016.09.08 09:17:43.205,1.72937,1.72966,1.00,1.12
2016.09.08 09:17:43.356,1.72935,1.72966,1.00,1.12
2016.09.08 09:17:43.407,1.72935,1.72967,1.00,1.87
2016.09.08 09:17:43.544,1.72937,1.72967,1.00,1.37
2016.09.08 09:17:43.746,1.72936,1.72966,1.00,1.12
2016.09.08 09:17:44.126,1.72936,1.72968,1.00,2.25
2016.09.08 09:17:45.030,1.7294,1.72968,1.00,2.25
2016.09.08 09:17:45.080,1.7294,1.72968,1.00,1.50
2016.09.08 09:17:45.600,1.72939,1.72968,1.00,1.50
2016.09.08 09:17:46.101,1.7294,1.72968,1.00,1.50
2016.09.08 09:17:47.502,1.7294,1.72969,1.00,1.75
2016.09.08 09:17:47.552,1.72939,1.72969,1.50,1.75
2016.09.08 09:17:47.747,1.7294,1.72969,1.00,1.75
2016.09.08 09:17:48.257,1.72942,1.72969,1.00,1.75
2016.09.08 09:17:49.287,1.72942,1.72969,1.00,2.25
2016.09.08 09:17:50.048,1.7294,1.72969,1.00,2.25
2016.09.08 09:17:50.099,1.7294,1.72967,1.00,1.37
2016.09.08 09:17:50.150,1.72937,1.72967,1.00,1.37
2016.09.08 09:17:50.201,1.72937,1.72969,1.00,2.25
2016.09.08 09:17:50.353,1.72936,1.72969,1.00,3.00
2016.09.08 09:17:50.713,1.72936,1.72968,1.00,1.50
2016.09.08 09:17:50.989,1.72936,1.72968,1.00,1.50
2016.09.08 09:17:52.895,1.72936,1.72968,1.00,1.50
2016.09.08 09:17:53.061,1.72937,1.72968,1.00,1.50
2016.09.08 09:17:53.366,1.72939,1.72968,1.00,1.50
2016.09.08 09:17:53.527,1.72937,1.72968,1.00,1.50
2016.09.08 09:17:54.249,1.7294,1.72968,1.00,1.50
2016.09.08 09:17:56.404,1.7294,1.72969,1.00,2.25
2016.09.08 09:17:56.455,1.7294,1.72969,1.00,1.75
2016.09.08 09:17:57.207,1.7294,1.72967,1.00,1.37
2016.09.08 09:17:57.309,1.7294,1.72968,1.00,1.50
2016.09.08 09:17:57.676,1.72938,1.72968,1.00,1.50
2016.09.08 09:17:59.179,1.72937,1.72968,1.00,1.50
2016.09.08 09:17:59.425,1.7294,1.7297,1.00,3.00
2016.09.08 09:17:59.477,1.7294,1.72968,1.00,1.00
2016.09.08 09:18:00.570,1.72941,1.72968,1.00,1.00
2016.09.08 09:18:04.243,1.72939,1.72968,1.50,1.00
2016.09.08 09:18:04.293,1.72939,1.72968,1.00,1.00
2016.09.08 09:18:04.395,1.72937,1.72968,1.00,1.00
2016.09.08 09:18:04.546,1.72939,1.72968,1.00,1.00
2016.09.08 09:18:05.253,1.72938,1.72968,1.00,1.00
2016.09.08 09:18:05.858,1.72937,1.72968,1.00,1.00
2016.09.08 09:18:06.440,1.72939,1.72968,1.00,1.00
2016.09.08 09:18:07.451,1.72941,1.72968,1.00,1.00
2016.09.08 09:18:09.353,1.72944,1.72968,1.00,1.00
2016.09.08 09:18:09.404,1.72944,1.72972,1.00,2.25
2016.09.08 09:18:09.455,1.72946,1.72972,1.00,1.50
2016.09.08 09:18:09.505,1.72946,1.72975,1.00,2.25
2016.09.08 09:18:09.556,1.72946,1.72975,1.00,1.75
2016.09.08 09:18:10.007,1.72946,1.72974,1.00,2.25
2016.09.08 09:18:10.057,1.72945,1.72974,1.00,1.75
2016.09.08 09:18:10.159,1.72944,1.72974,1.00,3.00
2016.09.08 09:18:10.260,1.72944,1.72973,1.00,1.75
2016.09.08 09:18:10.466,1.72942,1.72973,1.00,2.25
2016.09.08 09:18:10.567,1.72942,1.72972,1.00,1.50
2016.09.08 09:18:10.668,1.72942,1.72973,1.00,2.25
2016.09.08 09:18:10.873,1.7294,1.72973,1.00,2.25
2016.09.08 09:18:11.076,1.7294,1.72971,1.00,1.12
2016.09.08 09:18:11.583,1.72941,1.72971,1.00,1.12
2016.09.08 09:18:12.166,1.7294,1.72971,1.00,1.12
2016.09.08 09:18:12.576,1.72942,1.72973,1.00,2.25
2016.09.08 09:18:12.880,1.72942,1.72973,1.00,1.75
2016.09.08 09:18:13.067,1.72941,1.72974,1.00,3.00
2016.09.08 09:18:13.270,1.72943,1.72974,1.00,2.25
2016.09.08 09:18:13.590,1.72941,1.72974,1.00,3.00
2016.09.08 09:18:13.754,1.72941,1.72973,1.00,1.75
2016.09.08 09:18:14.675,1.72941,1.72972,1.00,1.50
2016.09.08 09:18:15.259,1.72941,1.72969,1.00,1.00
2016.09.08 09:18:15.361,1.72941,1.72971,1.00,1.50
2016.09.08 09:18:15.411,1.72941,1.72971,1.00,1.75
2016.09.08 09:18:15.598,1.72939,1.7297,1.50,1.75
2016.09.08 09:18:15.699,1.72939,1.7297,1.50,2.25
2016.09.08 09:18:15.800,1.72939,1.7297,1.00,3.00
2016.09.08 09:18:15.851,1.72937,1.7297,1.00,3.00
2016.09.08 09:18:15.952,1.72937,1.72969,1.00,1.75
2016.09.08 09:18:16.481,1.72937,1.72968,1.00,1.75
2016.09.08 09:18:16.582,1.72937,1.7297,1.00,3.00
2016.09.08 09:18:16.697,1.72939,1.7297,1.00,2.25
2016.09.08 09:18:17.823,1.72939,1.7297,1.00,1.75
2016.09.08 09:18:19.085,1.72941,1.72974,1.00,2.25
2016.09.08 09:18:19.135,1.72941,1.72974,1.00,3.00
2016.09.08 09:18:19.186,1.7294,1.72972,1.00,1.75
2016.09.08 09:18:19.491,1.72938,1.72969,1.00,1.75
2016.09.08 09:18:19.795,1.7294,1.72968,1.00,1.75
2016.09.08 09:18:20.081,1.72937,1.72968,1.00,1.75
2016.09.08 09:18:20.284,1.72941,1.72968,1.00,1.75
2016.09.08 09:18:20.789,1.72942,1.72968,1.00,1.75
2016.09.08 09:18:21.705,1.72939,1.72968,1.00,1.75
2016.09.08 09:18:21.901,1.72937,1.72968,1.00,1.75
2016.09.08 09:18:22.279,1.72937,1.72968,1.00,1.75
2016.09.08 09:18:22.329,1.72937,1.72968,1.50,1.75
2016.09.08 09:18:23.259,1.72937,1.72968,1.87,1.37
2016.09.08 09:18:23.310,1.72937,1.72968,2.25,1.00
2016.09.08 09:18:23.433,1.72937,1.72968,1.75,1.00
2016.09.08 09:18:25.964,1.72938,1.72968,1.75,1.00
2016.09.08 09:18:26.516,1.72938,1.72968,1.37,1.00
2016.09.08 09:18:26.567,1.72938,1.72968,1.00,1.00
2016.09.08 09:18:26.799,1.72938,1.72968,1.37,1.00
2016.09.08 09:18:26.849,1.72938,1.7297,1.75,1.00
2016.09.08 09:18:26.958,1.7294,1.72971,1.12,1.00
2016.09.08 09:18:27.009,1.72941,1.72973,1.00,1.50
2016.09.08 09:18:27.060,1.72941,1.72974,1.00,2.25
2016.09.08 09:18:27.111,1.72941,1.72972,1.00,1.12
2016.09.08 09:18:29.576,1.72939,1.72972,2.25,1.12
2016.09.08 09:18:29.877,1.72941,1.72972,1.00,1.12
2016.09.08 09:18:30.174,1.72939,1.72972,2.25,1.12
2016.09.08 09:18:30.381,1.7294,1.72973,1.12,2.25
2016.09.08 09:18:30.482,1.7294,1.72973,1.12,1.50
2016.09.08 09:18:30.584,1.7294,1.72973,1.12,2.25
2016.09.08 09:18:30.686,1.7294,1.72973,1.12,1.50
2016.09.08 09:18:30.788,1.72939,1.7297,2.25,1.00
2016.09.08 09:18:30.889,1.72946,1.72975,1.00,2.25
2016.09.08 09:18:30.940,1.72946,1.72975,1.37,1.37
2016.09.08 09:18:31.081,1.72947,1.7298,2.25,1.00
2016.09.08 09:18:31.183,1.7295,1.72981,1.00,1.50
2016.09.08 09:18:31.588,1.72953,1.72981,1.00,1.00
2016.09.08 09:18:33.488,1.7295,1.72981,1.00,1.50
2016.09.08 09:18:33.798,1.7295,1.72981,1.00,2.25
2016.09.08 09:18:34.717,1.7295,1.72981,1.00,1.50
2016.09.08 09:18:34.920,1.72953,1.72981,1.00,1.00
2016.09.08 09:18:35.021,1.72958,1.72981,1.00,1.00
2016.09.08 09:18:35.072,1.72958,1.72989,1.00,1.37
2016.09.08 09:18:35.123,1.72957,1.72988,1.00,1.12
2016.09.08 09:18:35.275,1.72956,1.72989,1.50,1.37
2016.09.08 09:18:35.325,1.72956,1.7299,1.50,1.50
2016.09.08 09:18:35.427,1.72956,1.72989,1.50,1.37
2016.09.08 09:18:35.657,1.72956,1.72979,1.00,1.00
2016.09.08 09:18:35.708,1.72949,1.72974,1.37,1.50
2016.09.08 09:18:35.759,1.72943,1.72974,1.00,1.50
2016.09.08 09:18:35.810,1.72943,1.72974,1.00,1.00
2016.09.08 09:18:35.861,1.72943,1.72974,1.00,1.50
2016.09.08 09:18:36.013,1.72943,1.72972,1.00,1.00
2016.09.08 09:18:36.165,1.72943,1.72972,2.25,1.00
2016.09.08 09:18:36.216,1.72945,1.72978,1.50,1.00
2016.09.08 09:18:36.477,1.72945,1.72978,1.00,2.25
2016.09.08 09:18:36.579,1.72944,1.72976,1.00,1.75
2016.09.08 09:18:36.630,1.72944,1.72973,1.00,1.50
2016.09.08 09:18:36.680,1.72944,1.72974,1.00,1.75
2016.09.08 09:18:36.782,1.72943,1.72974,1.00,2.25
2016.09.08 09:18:36.883,1.72943,1.72973,1.00,1.50
2016.09.08 09:18:37.086,1.72942,1.72973,1.00,1.50
2016.09.08 09:18:37.192,1.7294,1.72972,1.00,1.87
2016.09.08 09:18:37.294,1.7294,1.72972,1.00,1.87
2016.09.08 09:18:37.581,1.7294,1.72971,1.00,1.12
2016.09.08 09:18:37.781,1.7294,1.72971,1.00,1.12
2016.09.08 09:18:37.883,1.7294,1.7297,1.00,1.00
2016.09.08 09:18:38.395,1.7294,1.72971,1.00,1.87
2016.09.08 09:18:38.705,1.7294,1.7297,1.00,1.00
2016.09.08 09:18:38.877,1.7294,1.72971,1.00,1.87
2016.09.08 09:18:39.079,1.7294,1.7297,1.00,1.00
2016.09.08 09:18:39.217,1.7294,1.7297,1.00,1.50
2016.09.08 09:18:40.115,1.7294,1.72969,1.00,1.00
2016.09.08 09:18:42.089,1.7294,1.72969,1.00,1.50
2016.09.08 09:18:42.281,1.7294,1.72969,1.00,1.00
2016.09.08 09:18:42.332,1.72938,1.7297,1.37,1.50
2016.09.08 09:18:42.383,1.72937,1.72969,1.37,1.00
2016.09.08 09:18:42.484,1.72937,1.72968,1.00,1.50
2016.09.08 09:18:42.586,1.72935,1.72968,1.00,1.75
2016.09.08 09:18:43.095,1.72937,1.72968,1.00,1.75
2016.09.08 09:18:43.415,1.72937,1.72971,1.00,1.75
2016.09.08 09:18:43.516,1.72938,1.72972,1.00,2.25
2016.09.08 09:18:43.719,1.7294,1.72972,1.00,1.75
2016.09.08 09:18:45.900,1.7294,1.72971,1.00,1.75
2016.09.08 09:18:46.496,1.72939,1.72971,1.00,2.25
2016.09.08 09:18:46.554,1.72939,1.72971,1.00,1.75
2016.09.08 09:18:46.605,1.7294,1.72972,1.00,2.25
2016.09.08 09:18:46.706,1.7294,1.72972,1.00,1.75
2016.09.08 09:18:46.922,1.7294,1.72972,1.00,2.25
2016.09.08 09:18:47.223,1.7294,1.7297,1.00,1.50
2016.09.08 09:18:50.246,1.7294,1.72971,1.00,1.75
2016.09.08 09:18:51.826,1.72946,1.72972,1.00,1.37
2016.09.08 09:18:51.876,1.72946,1.72972,1.00,1.12
2016.09.08 09:18:52.030,1.72947,1.72976,1.00,1.75
2016.09.08 09:18:52.132,1.72952,1.72978,1.00,1.87
2016.09.08 09:18:52.233,1.72952,1.72978,1.00,1.37
2016.09.08 09:18:52.437,1.72952,1.72976,1.00,1.00
2016.09.08 09:18:52.539,1.72947,1.72973,1.00,1.37
2016.09.08 09:18:52.589,1.72947,1.72971,1.00,1.00
2016.09.08 09:18:52.946,1.72945,1.72971,1.00,1.00
2016.09.08 09:18:53.438,1.72942,1.72971,1.00,1.00
2016.09.08 09:18:53.944,1.72942,1.72972,1.00,1.75
2016.09.08 09:18:54.096,1.72941,1.72972,1.50,1.75
2016.09.08 09:18:54.302,1.72941,1.72972,1.00,1.75
2016.09.08 09:18:54.352,1.72939,1.7297,1.50,1.75
2016.09.08 09:18:54.557,1.72939,1.72969,1.50,1.75
2016.09.08 09:18:54.608,1.72941,1.72969,1.00,1.75
2016.09.08 09:18:54.810,1.72939,1.72969,1.50,1.75
2016.09.08 09:18:54.861,1.72939,1.72969,1.50,2.25
2016.09.08 09:18:56.344,1.72939,1.72968,1.50,1.50
2016.09.08 09:18:56.604,1.72939,1.72968,1.00,1.50
2016.09.08 09:18:56.655,1.72939,1.72968,1.00,2.25
2016.09.08 09:18:57.038,1.72939,1.72968,1.00,2.25
2016.09.08 09:18:57.748,1.72939,1.72968,1.00,2.25
2016.09.08 09:18:57.851,1.72939,1.72968,1.00,1.50
2016.09.08 09:18:58.054,1.72939,1.72968,1.00,1.50
2016.09.08 09:18:58.299,1.72939,1.72969,1.00,1.75
2016.09.08 09:18:58.350,1.72939,1.72968,1.00,1.50
2016.09.08 09:18:59.649,1.72939,1.72969,1.00,2.25
2016.09.08 09:18:59.753,1.72939,1.72968,1.00,1.50
2016.09.08 09:19:01.057,1.72939,1.72968,1.00,1.50
2016.09.08 09:19:01.978,1.72938,1.72968,1.00,2.25
2016.09.08 09:19:02.029,1.72938,1.72964,1.00,1.00
2016.09.08 09:19:02.130,1.7294,1.72964,1.00,1.00
2016.09.08 09:19:02.282,1.72945,1.72964,1.00,1.00
2016.09.08 09:19:02.333,1.72944,1.72969,1.00,1.12
2016.09.08 09:19:02.742,1.72942,1.72969,1.00,1.12
2016.09.08 09:19:03.255,1.72943,1.72969,1.00,1.12
2016.09.08 09:19:03.357,1.72943,1.72968,1.00,1.00
2016.09.08 09:19:03.867,1.72942,1.72968,1.00,1.00
2016.09.08 09:19:05.145,1.72942,1.72969,1.00,1.12
2016.09.08 09:19:05.573,1.72941,1.72968,1.00,1.00
2016.09.08 09:19:06.240,1.7294,1.72968,1.00,1.00
2016.09.08 09:19:07.575,1.7294,1.72967,1.00,1.00
2016.09.08 09:19:07.738,1.72938,1.72967,1.00,1.50
2016.09.08 09:19:07.991,1.72938,1.72968,1.00,1.75
2016.09.08 09:19:08.042,1.72936,1.72968,1.50,1.75
2016.09.08 09:19:08.729,1.72936,1.72968,1.00,1.75
2016.09.08 09:19:10.350,1.72936,1.72967,1.00,1.50
2016.09.08 09:19:10.452,1.72936,1.72968,1.00,2.25
2016.09.08 09:19:10.655,1.72936,1.72968,1.00,1.75
2016.09.08 09:19:10.959,1.72938,1.72968,1.00,1.75
2016.09.08 09:19:11.271,1.72938,1.72968,1.00,1.75
2016.09.08 09:19:11.812,1.72936,1.72968,1.00,1.75
2016.09.08 09:19:12.457,1.72935,1.72965,1.50,1.00
2016.09.08 09:19:12.635,1.72935,1.72968,1.50,2.25
2016.09.08 09:19:12.686,1.72935,1.72968,1.50,1.75
2016.09.08 09:19:12.787,1.72935,1.72966,1.50,1.12
2016.09.08 09:19:12.839,1.72938,1.72966,1.00,1.12
2016.09.08 09:19:12.890,1.72938,1.72968,1.00,1.75
2016.09.08 09:19:12.941,1.72941,1.72969,1.00,1.75
2016.09.08 09:19:12.991,1.72941,1.7297,1.00,2.25
2016.09.08 09:19:13.093,1.72941,1.72969,1.00,1.75
2016.09.08 09:19:13.295,1.72941,1.7297,1.00,1.75
2016.09.08 09:19:13.492,1.72939,1.7297,1.00,1.75
2016.09.08 09:19:13.543,1.72937,1.72969,1.50,1.75
2016.09.08 09:19:13.644,1.72937,1.72968,1.00,1.75
2016.09.08 09:19:13.956,1.72937,1.72969,1.50,1.75
2016.09.08 09:19:14.007,1.72937,1.72969,1.50,1.75
2016.09.08 09:19:14.171,1.72937,1.72969,1.00,1.75
2016.09.08 09:19:14.749,1.72936,1.72968,1.50,1.75
2016.09.08 09:19:14.951,1.72936,1.72966,1.00,1.12
2016.09.08 09:19:15.313,1.72935,1.72966,2.25,1.12
2016.09.08 09:19:15.566,1.72935,1.72965,1.00,1.00
2016.09.08 09:19:15.819,1.72935,1.72963,1.00,1.00
2016.09.08 09:19:16.361,1.72935,1.72963,1.00,1.00
2016.09.08 09:19:16.411,1.72933,1.72963,1.00,1.00
2016.09.08 09:19:17.155,1.72935,1.72966,1.00,1.12
2016.09.08 09:19:17.458,1.72937,1.72967,1.00,1.50
2016.09.08 09:19:17.537,1.72935,1.72967,1.00,1.50
2016.09.08 09:19:17.588,1.72935,1.72961,1.00,1.00
2016.09.08 09:19:17.638,1.72933,1.72961,1.00,1.00
2016.09.08 09:19:17.787,1.72933,1.72963,1.00,1.00
2016.09.08 09:19:17.838,1.72941,1.72968,1.00,2.25
2016.09.08 09:19:17.890,1.72941,1.7297,1.00,1.75
2016.09.08 09:19:17.941,1.72941,1.7297,1.00,1.00
2016.09.08 09:19:18.042,1.72939,1.7297,1.75,1.00
2016.09.08 09:19:18.144,1.72942,1.7297,1.12,1.00
2016.09.08 09:19:18.296,1.72942,1.72972,1.12,1.00
2016.09.08 09:19:18.346,1.72942,1.72975,1.12,1.12
2016.09.08 09:19:18.549,1.72941,1.72973,1.37,1.00
2016.09.08 09:19:20.675,1.72941,1.72973,1.37,1.50
2016.09.08 09:19:20.727,1.7294,1.7297,1.50,1.00
2016.09.08 09:19:21.425,1.7294,1.7297,1.12,1.37
2016.09.08 09:19:21.476,1.7294,1.7297,1.00,1.50
2016.09.08 09:19:21.526,1.72937,1.72968,1.12,1.00
2016.09.08 09:19:21.577,1.72937,1.72968,1.87,1.00
2016.09.08 09:19:25.705,1.72937,1.72968,1.12,1.00
2016.09.08 09:19:29.116,1.72937,1.72968,1.12,1.50
2016.09.08 09:19:30.285,1.72937,1.72967,1.12,1.00
2016.09.08 09:19:30.387,1.72937,1.72967,1.87,1.00
2016.09.08 09:19:30.797,1.72937,1.72967,1.12,1.00
2016.09.08 09:19:30.848,1.72939,1.72967,1.00,1.00
2016.09.08 09:19:31.000,1.72939,1.72969,1.00,1.87
2016.09.08 09:19:31.101,1.72939,1.72968,1.00,1.00
2016.09.08 09:19:32.159,1.72936,1.72968,1.50,1.00
2016.09.08 09:19:33.158,1.72939,1.72968,1.00,1.00
2016.09.08 09:19:33.516,1.7294,1.7297,1.00,1.50
2016.09.08 09:19:35.283,1.7294,1.72968,1.00,1.00
2016.09.08 09:19:35.820,1.72939,1.72967,1.00,1.00
2016.09.08 09:19:36.073,1.72936,1.72967,1.50,1.50
2016.09.08 09:19:36.302,1.72936,1.72966,1.50,1.00
2016.09.08 09:19:36.403,1.72936,1.72967,1.50,1.50
2016.09.08 09:19:36.454,1.72936,1.72967,1.12,1.50
2016.09.08 09:19:36.505,1.72936,1.72967,1.00,1.50
2016.09.08 09:19:36.629,1.72936,1.72966,1.00,1.00
2016.09.08 09:19:36.780,1.72936,1.72964,1.00,1.00
2016.09.08 09:19:40.705,1.72937,1.72967,1.00,1.50
2016.09.08 09:19:40.755,1.72939,1.72967,1.37,1.50
2016.09.08 09:19:40.806,1.72939,1.72968,1.37,1.00
2016.09.08 09:19:40.907,1.72939,1.7297,1.37,1.00
2016.09.08 09:19:40.958,1.7294,1.7297,1.12,1.00
2016.09.08 09:19:41.009,1.7294,1.72971,1.12,1.50
2016.09.08 09:19:41.110,1.7294,1.72969,1.12,1.00
2016.09.08 09:19:41.713,1.7294,1.7297,1.12,1.00
2016.09.08 09:19:42.239,1.7294,1.72969,1.12,1.00
2016.09.08 09:19:42.781,1.7294,1.72968,1.12,1.00
2016.09.08 09:19:43.108,1.7294,1.7297,1.12,1.50
2016.09.08 09:19:43.261,1.72941,1.7297,1.00,1.00
2016.09.08 09:19:43.312,1.72941,1.72968,1.00,1.00
2016.09.08 09:19:43.515,1.72935,1.7296,1.75,1.00
2016.09.08 09:19:43.566,1.72932,1.7296,2.25,1.00
2016.09.08 09:19:43.617,1.72928,1.72955,1.50,1.00
2016.09.08 09:19:43.668,1.72926,1.72955,1.37,1.12
2016.09.08 09:19:43.814,1.72923,1.72953,1.00,1.00
2016.09.08 09:19:43.867,1.72923,1.72953,1.00,1.37
2016.09.08 09:19:43.918,1.72923,1.72952,1.00,1.50
2016.09.08 09:19:45.347,1.72922,1.72952,1.00,2.25
2016.09.08 09:19:45.550,1.72922,1.72952,1.00,1.50
2016.09.08 09:19:47.717,1.72922,1.72952,1.00,2.25
2016.09.08 09:19:47.919,1.72921,1.72951,1.00,1.37
2016.09.08 09:19:48.354,1.72918,1.72949,1.50,1.00
2016.09.08 09:19:48.456,1.7292,1.7295,1.00,1.12
2016.09.08 09:19:49.431,1.72922,1.72952,1.00,1.50
2016.09.08 09:19:49.860,1.72921,1.72951,1.00,1.37
2016.09.08 09:19:50.062,1.72922,1.72952,1.00,1.50
2016.09.08 09:19:50.214,1.72922,1.72952,1.00,1.00
2016.09.08 09:19:50.384,1.72922,1.72954,1.00,2.25
2016.09.08 09:19:50.497,1.72922,1.72953,1.00,1.00
2016.09.08 09:19:52.063,1.72922,1.72954,1.00,2.25
2016.09.08 09:19:52.164,1.72922,1.72954,1.00,2.25
2016.09.08 09:19:52.834,1.72921,1.72952,1.00,1.00
2016.09.08 09:19:53.036,1.72921,1.72952,1.00,1.00
2016.09.08 09:19:53.138,1.72921,1.72952,1.00,1.50
2016.09.08 09:19:53.239,1.72921,1.72952,1.00,1.50
2016.09.08 09:19:53.290,1.7292,1.72952,1.37,1.87
2016.09.08 09:19:53.340,1.72917,1.7295,2.62,1.00
2016.09.08 09:19:53.630,1.7292,1.7295,1.00,1.00
2016.09.08 09:19:58.833,1.72924,1.72952,1.00,1.50
2016.09.08 09:19:58.942,1.72934,1.72958,1.00,1.50
2016.09.08 09:19:58.993,1.72934,1.72958,1.00,1.12
2016.09.08 09:19:59.044,1.72934,1.72963,1.00,1.50
2016.09.08 09:19:59.095,1.72934,1.72965,1.00,3.00
2016.09.08 09:19:59.347,1.72933,1.72965,1.00,3.75
2016.09.08 09:19:59.550,1.72932,1.72963,1.00,1.50
2016.09.08 09:20:00.057,1.72931,1.72962,1.00,1.37
2016.09.08 09:20:00.155,1.72931,1.72962,1.00,1.87
2016.09.08 09:20:00.358,1.7293,1.7296,1.00,1.00
2016.09.08 09:20:00.560,1.72929,1.72959,1.50,1.00
2016.09.08 09:20:01.009,1.72929,1.72959,1.00,1.00
2016.09.08 09:20:05.067,1.72929,1.72961,1.50,1.12
2016.09.08 09:20:05.168,1.72931,1.72962,1.00,1.37
2016.09.08 09:20:05.472,1.72929,1.7296,1.00,1.00
2016.09.08 09:20:05.675,1.7293,1.72961,1.00,1.12
2016.09.08 09:20:05.777,1.72929,1.72959,1.00,1.00
2016.09.08 09:20:05.878,1.72929,1.72959,1.00,1.00
2016.09.08 09:20:06.372,1.7293,1.7296,1.00,1.00
2016.09.08 09:20:06.675,1.72929,1.72961,1.00,1.12
2016.09.08 09:20:06.877,1.72929,1.72961,1.00,1.12
2016.09.08 09:20:07.270,1.72929,1.72961,1.00,1.12
2016.09.08 09:20:07.829,1.72929,1.72961,1.50,1.12
2016.09.08 09:20:07.880,1.72929,1.72959,1.50,1.00
2016.09.08 09:20:07.981,1.7293,1.72961,1.00,1.12
2016.09.08 09:20:08.183,1.7293,1.72963,1.00,1.50
2016.09.08 09:20:08.478,1.72929,1.72961,2.25,1.12
2016.09.08 09:20:08.841,1.72931,1.72962,1.00,1.37
2016.09.08 09:20:09.043,1.72929,1.72961,1.00,1.12
2016.09.08 09:20:09.467,1.72929,1.72962,1.50,1.37
2016.09.08 09:20:09.533,1.72929,1.72962,1.87,1.00
2016.09.08 09:20:09.584,1.72929,1.72962,2.25,1.00
2016.09.08 09:20:09.786,1.7293,1.72962,1.50,1.00
2016.09.08 09:20:09.989,1.72929,1.72962,3.00,1.00
2016.09.08 09:20:10.494,1.72929,1.72961,3.00,1.00
2016.09.08 09:20:10.958,1.72929,1.72961,2.25,1.00
2016.09.08 09:20:12.179,1.72929,1.72961,1.75,1.00
2016.09.08 09:20:13.017,1.72928,1.72961,1.37,1.12
2016.09.08 09:20:13.068,1.72928,1.72962,1.00,2.25
2016.09.08 09:20:13.119,1.72928,1.72962,1.00,1.50
2016.09.08 09:20:13.220,1.72928,1.72962,1.00,1.50
2016.09.08 09:20:13.271,1.72927,1.7296,1.00,1.00
2016.09.08 09:20:13.749,1.72926,1.7296,2.62,1.00
2016.09.08 09:20:13.800,1.72926,1.7296,1.87,1.00
2016.09.08 09:20:13.946,1.72926,1.72959,1.12,1.00
2016.09.08 09:20:14.667,1.72926,1.72958,1.12,1.00
2016.09.08 09:20:14.769,1.72925,1.72958,2.25,1.00
2016.09.08 09:20:14.870,1.72925,1.72957,1.50,1.00
2016.09.08 09:20:15.105,1.72925,1.72957,1.50,1.00
2016.09.08 09:20:15.310,1.72925,1.72956,1.50,1.00
2016.09.08 09:20:15.361,1.72925,1.72959,1.50,1.00
2016.09.08 09:20:16.099,1.72925,1.72956,1.50,1.00
2016.09.08 09:20:16.289,1.72925,1.72958,2.25,1.00
2016.09.08 09:20:17.860,1.72925,1.72957,1.50,1.00
2016.09.08 09:20:18.289,1.72925,1.72957,1.50,1.00
2016.09.08 09:20:18.592,1.72925,1.72959,2.25,1.00
2016.09.08 09:20:18.952,1.72925,1.7296,1.50,1.00
2016.09.08 09:20:20.174,1.72925,1.72959,2.25,1.00
2016.09.08 09:20:20.493,1.72927,1.72962,1.00,1.50
2016.09.08 09:20:20.595,1.72927,1.72962,1.00,2.25
2016.09.08 09:20:20.940,1.72927,1.72962,1.50,2.25
2016.09.08 09:20:23.343,1.72927,1.72962,1.00,2.25
2016.09.08 09:20:24.277,1.72927,1.72962,1.00,1.50
2016.09.08 09:20:24.327,1.72927,1.72962,1.00,1.50
2016.09.08 09:20:25.201,1.72927,1.72962,1.00,1.50
2016.09.08 09:20:25.252,1.72927,1.72962,1.50,1.50
2016.09.08 09:20:25.303,1.72927,1.72963,1.00,3.00
2016.09.08 09:20:25.404,1.72927,1.72963,1.00,3.00
2016.09.08 09:20:25.505,1.72927,1.72963,1.00,3.00
2016.09.08 09:20:25.564,1.72925,1.7296,2.25,1.00
2016.09.08 09:20:25.665,1.72925,1.72956,1.50,1.00
2016.09.08 09:20:25.715,1.72925,1.72956,1.37,1.00
2016.09.08 09:20:25.766,1.72922,1.72956,2.62,1.00
2016.09.08 09:20:25.817,1.72922,1.72955,1.87,1.00
2016.09.08 09:20:25.868,1.72922,1.72955,1.12,1.37
2016.09.08 09:20:25.918,1.72922,1.72955,1.12,1.37
2016.09.08 09:20:25.969,1.72922,1.72955,1.00,1.75
2016.09.08 09:20:26.020,1.72922,1.72955,1.00,1.75
2016.09.08 09:20:27.689,1.72922,1.72955,1.00,2.25
2016.09.08 09:20:28.006,1.72922,1.72955,1.00,2.25
2016.09.08 09:20:28.107,1.72922,1.72953,1.00,1.37
2016.09.08 09:20:29.563,1.72922,1.72955,1.00,2.25
2016.09.08 09:20:31.552,1.72922,1.72955,1.50,2.25
2016.09.08 09:20:33.060,1.72922,1.72955,1.50,1.75
2016.09.08 09:20:33.475,1.72922,1.72953,1.50,1.37
2016.09.08 09:20:34.178,1.72922,1.72953,1.00,1.37
2016.09.08 09:20:34.279,1.72918,1.72951,1.37,1.00
2016.09.08 09:20:34.583,1.72918,1.72949,1.37,1.00
2016.09.08 09:20:36.677,1.72918,1.7295,1.37,1.00
2016.09.08 09:20:37.170,1.72918,1.72948,1.37,1.00
2016.09.08 09:20:37.571,1.72918,1.7295,1.37,1.00
2016.09.08 09:20:38.480,1.72918,1.7295,1.37,1.00
2016.09.08 09:20:39.173,1.72918,1.72951,1.37,1.00
2016.09.08 09:20:39.773,1.72918,1.72954,1.87,2.25
2016.09.08 09:20:39.829,1.72918,1.7295,1.87,1.00
2016.09.08 09:20:39.879,1.72918,1.72946,1.37,1.00
2016.09.08 09:20:39.930,1.72918,1.72943,1.37,1.00
2016.09.08 09:20:39.981,1.72918,1.72942,1.00,1.00
2016.09.08 09:20:40.032,1.72914,1.72938,1.37,1.00
2016.09.08 09:20:40.083,1.72906,1.72938,1.75,1.00
2016.09.08 09:20:40.195,1.72906,1.72938,1.00,1.75
2016.09.08 09:20:40.348,1.72904,1.72938,1.00,2.25
2016.09.08 09:20:40.450,1.72904,1.72938,1.00,2.25
2016.09.08 09:20:40.501,1.72903,1.72938,1.87,3.00
2016.09.08 09:20:41.237,1.72903,1.72938,1.12,2.25
2016.09.08 09:20:43.238,1.72903,1.72938,1.12,3.00
2016.09.08 09:20:44.194,1.72903,1.72938,1.12,2.25
2016.09.08 09:20:44.276,1.72904,1.72938,1.00,1.75
2016.09.08 09:20:44.377,1.72904,1.72939,1.00,2.25
2016.09.08 09:20:45.144,1.72904,1.72939,1.00,2.25
2016.09.08 09:20:45.880,1.72904,1.72936,1.00,1.12
2016.09.08 09:20:53.426,1.72904,1.72937,1.00,1.50
2016.09.08 09:20:53.476,1.72904,1.72937,1.00,1.50
2016.09.08 09:20:53.527,1.72911,1.72938,1.00,1.37
2016.09.08 09:20:53.578,1.72911,1.72938,1.00,1.00
2016.09.08 09:20:53.628,1.72911,1.72942,1.00,1.00
2016.09.08 09:20:53.689,1.7291,1.72942,1.00,1.00
2016.09.08 09:20:53.790,1.7291,1.72942,1.00,1.00
2016.09.08 09:20:54.103,1.7291,1.72942,1.00,1.50
2016.09.08 09:20:57.324,1.7291,1.72942,1.00,1.00
2016.09.08 09:20:58.985,1.7291,1.72942,1.00,1.00
2016.09.08 09:20:59.087,1.7291,1.72942,1.00,1.00
2016.09.08 09:20:59.137,1.72911,1.72944,1.00,1.00
2016.09.08 09:20:59.188,1.72911,1.72944,1.00,1.00
2016.09.08 09:20:59.239,1.72907,1.7294,1.37,1.87
2016.09.08 09:20:59.290,1.72905,1.7294,1.37,2.25
2016.09.08 09:20:59.341,1.72905,1.72937,1.00,1.00
2016.09.08 09:20:59.483,1.72905,1.72937,1.00,1.00
2016.09.08 09:20:59.587,1.72905,1.72938,1.00,1.00
2016.09.08 09:20:59.688,1.72905,1.72938,1.00,1.00
2016.09.08 09:20:59.739,1.72906,1.72937,1.37,1.00
2016.09.08 09:20:59.790,1.72912,1.72937,1.00,1.00
2016.09.08 09:20:59.840,1.72912,1.72942,1.87,1.87
2016.09.08 09:20:59.891,1.72912,1.72942,2.25,1.50
2016.09.08 09:20:59.943,1.72912,1.72942,2.25,1.00
2016.09.08 09:20:59.994,1.72912,1.72946,2.25,1.00
2016.09.08 09:21:00.045,1.72912,1.72947,3.00,1.00
2016.09.08 09:21:00.095,1.72914,1.72947,1.12,1.00
2016.09.08 09:21:00.197,1.72914,1.72947,1.12,1.00
2016.09.08 09:21:00.298,1.72914,1.72947,1.12,1.00
2016.09.08 09:21:00.406,1.72914,1.72947,1.37,1.00
2016.09.08 09:21:00.460,1.72914,1.72947,1.75,1.00
2016.09.08 09:21:00.511,1.72914,1.72948,2.25,1.00
2016.09.08 09:21:01.036,1.72914,1.72948,1.50,1.00
2016.09.08 09:21:01.087,1.72914,1.72948,1.50,1.00
2016.09.08 09:21:01.704,1.72914,1.72948,1.50,1.00
2016.09.08 09:21:01.805,1.72914,1.72945,1.50,1.00
2016.09.08 09:21:02.008,1.72914,1.72944,1.12,1.00
2016.09.08 09:21:02.059,1.72914,1.72944,1.00,1.00
2016.09.08 09:21:02.223,1.72914,1.72945,1.00,1.00
2016.09.08 09:21:02.274,1.72912,1.72945,1.00,1.00
2016.09.08 09:21:02.519,1.72912,1.72944,1.00,1.00
2016.09.08 09:21:02.940,1.72912,1.72945,1.50,1.00
2016.09.08 09:21:03.142,1.72912,1.72944,1.00,1.00
2016.09.08 09:21:03.445,1.72912,1.72945,1.00,1.00
2016.09.08 09:21:03.984,1.72913,1.72945,1.00,1.00
2016.09.08 09:21:05.321,1.72912,1.72945,1.00,1.50
2016.09.08 09:21:05.838,1.72912,1.72945,1.00,1.00
2016.09.08 09:21:05.888,1.72912,1.72945,1.00,1.00
2016.09.08 09:21:05.939,1.72911,1.72943,1.50,1.00
2016.09.08 09:21:05.990,1.72911,1.72943,1.00,1.50
2016.09.08 09:21:06.040,1.7291,1.72939,1.00,1.00
2016.09.08 09:21:06.142,1.72903,1.72934,2.62,1.00
2016.09.08 09:21:06.192,1.72903,1.72934,2.62,1.00
2016.09.08 09:21:06.379,1.72904,1.72934,1.00,1.00
2016.09.08 09:21:06.540,1.72903,1.72934,1.50,1.00
2016.09.08 09:21:06.590,1.72903,1.72934,1.87,1.00
2016.09.08 09:21:06.742,1.72911,1.72939,1.00,1.50
2016.09.08 09:21:06.793,1.72911,1.72938,1.00,1.00
2016.09.08 09:21:06.996,1.72907,1.72938,1.00,1.00
2016.09.08 09:21:08.036,1.72905,1.72938,1.50,1.00
2016.09.08 09:21:08.193,1.72905,1.72938,1.50,1.00
2016.09.08 09:21:08.243,1.72905,1.72937,1.00,1.00
2016.09.08 09:21:08.345,1.72905,1.72934,1.00,1.00
2016.09.08 09:21:08.395,1.72905,1.72934,1.00,1.00
2016.09.08 09:21:08.533,1.72905,1.72938,1.00,1.00
2016.09.08 09:21:08.635,1.72905,1.72938,1.00,1.00
2016.09.08 09:21:08.686,1.72905,1.72937,1.00,1.00
2016.09.08 09:21:09.609,1.72902,1.72935,1.37,1.37
2016.09.08 09:21:09.768,1.72902,1.72935,1.00,1.50
2016.09.08 09:21:09.819,1.72903,1.72937,1.00,1.75
2016.09.08 09:21:09.921,1.72907,1.72937,1.00,2.25
2016.09.08 09:21:10.022,1.72903,1.72939,1.00,2.25
2016.09.08 09:21:10.123,1.72911,1.72939,1.00,1.75
2016.09.08 09:21:10.225,1.72911,1.72944,1.50,3.97
2016.09.08 09:21:10.275,1.72911,1.72944,1.50,2.25
2016.09.08 09:21:10.427,1.72913,1.72945,1.00,1.75
2016.09.08 09:21:10.835,1.72917,1.72945,1.00,1.75
2016.09.08 09:21:10.937,1.72913,1.72945,1.00,1.75
2016.09.08 09:21:11.200,1.72916,1.72945,1.00,1.75
2016.09.08 09:21:11.556,1.72913,1.72944,1.00,1.50
2016.09.08 09:21:11.607,1.72913,1.72944,1.00,1.50
2016.09.08 09:21:11.658,1.72912,1.72939,1.00,1.00
2016.09.08 09:21:11.708,1.72912,1.72939,1.00,1.00
2016.09.08 09:21:11.775,1.72912,1.72939,1.00,1.50
2016.09.08 09:21:11.826,1.72912,1.72939,1.00,1.50
2016.09.08 09:21:12.331,1.72907,1.72939,1.00,1.50
2016.09.08 09:21:12.743,1.72911,1.72939,1.00,1.50
2016.09.08 09:21:12.844,1.72908,1.7294,1.75,1.00
2016.09.08 09:21:12.895,1.72908,1.7294,1.75,2.25
2016.09.08 09:21:12.946,1.72906,1.72936,1.00,1.75
2016.09.08 09:21:12.996,1.72906,1.72936,1.00,1.75
2016.09.08 09:21:13.047,1.72912,1.72937,1.00,2.25
2016.09.08 09:21:13.098,1.72912,1.7294,1.00,1.75
2016.09.08 09:21:13.149,1.72912,1.7294,1.00,2.25
2016.09.08 09:21:13.250,1.72907,1.7294,1.50,1.75
2016.09.08 09:21:13.300,1.72907,1.72939,1.50,1.75
2016.09.08 09:21:13.351,1.72911,1.72939,1.00,1.75
2016.09.08 09:21:13.459,1.72911,1.72939,1.00,1.00
2016.09.08 09:21:13.510,1.72911,1.72943,1.00,1.37
2016.09.08 09:21:13.561,1.72913,1.72943,1.00,1.37
2016.09.08 09:21:15.089,1.72913,1.72946,1.00,2.25
2016.09.08 09:21:18.748,1.72913,1.72946,1.00,2.25
2016.09.08 09:21:20.374,1.72914,1.72946,1.00,1.75
2016.09.08 09:21:20.631,1.72916,1.72946,1.00,2.25
2016.09.08 09:21:20.823,1.72913,1.72946,1.00,2.25
2016.09.08 09:21:21.032,1.72913,1.72946,1.00,2.25
2016.09.08 09:21:21.318,1.72913,1.72946,1.00,2.25
2016.09.08 09:21:21.533,1.72913,1.72946,1.00,3.00
2016.09.08 09:21:21.634,1.72913,1.72946,1.00,3.00
2016.09.08 09:21:22.110,1.72913,1.72946,1.00,3.00
2016.09.08 09:21:22.262,1.72916,1.72946,1.00,3.00
2016.09.08 09:21:22.616,1.72916,1.72946,1.00,3.00
2016.09.08 09:21:23.136,1.72912,1.72945,1.00,1.75
2016.09.08 09:21:23.237,1.72911,1.72943,1.00,1.37
2016.09.08 09:21:23.288,1.72911,1.72941,1.00,1.50
2016.09.08 09:21:23.389,1.72911,1.72942,1.00,1.75
2016.09.08 09:21:23.490,1.72915,1.72941,1.00,1.50
2016.09.08 09:21:23.762,1.72915,1.72946,1.00,1.75
2016.09.08 09:21:24.288,1.72914,1.72946,1.00,1.75
2016.09.08 09:21:24.541,1.72914,1.72946,1.00,2.25
2016.09.08 09:21:24.844,1.72917,1.72946,1.00,1.75
2016.09.08 09:21:24.971,1.72924,1.72946,1.00,1.00
2016.09.08 09:21:25.022,1.72924,1.72954,1.00,2.25
2016.09.08 09:21:25.073,1.72922,1.72954,1.00,2.25
2016.09.08 09:21:25.174,1.72921,1.72952,1.00,1.00
2016.09.08 09:21:25.275,1.7292,1.7295,1.00,1.50
2016.09.08 09:21:25.528,1.72919,1.72953,1.00,1.75
2016.09.08 09:21:26.048,1.7292,1.72953,1.00,1.75
2016.09.08 09:21:26.428,1.72922,1.72954,1.00,2.25
2016.09.08 09:21:26.671,1.72921,1.72952,1.00,1.75
2016.09.08 09:21:26.925,1.72921,1.72952,1.00,1.75
2016.09.08 09:21:27.157,1.72919,1.72951,1.00,1.75
2016.09.08 09:21:29.272,1.72919,1.72951,1.00,1.75
2016.09.08 09:21:29.323,1.72919,1.72951,1.00,1.75
2016.09.08 09:21:29.424,1.72919,1.72951,1.00,1.75
2016.09.08 09:21:29.475,1.72923,1.72953,1.00,1.75
2016.09.08 09:21:29.761,1.72924,1.72954,1.00,3.00
2016.09.08 09:21:29.862,1.72924,1.72954,1.00,3.00
2016.09.08 09:21:31.125,1.72924,1.72953,1.00,2.25
2016.09.08 09:21:31.177,1.72923,1.72953,1.00,3.00
2016.09.08 09:21:31.228,1.72923,1.72953,1.00,3.75
2016.09.08 09:21:31.278,1.7292,1.7295,1.00,1.50
2016.09.08 09:21:31.329,1.7292,1.7295,1.00,2.25
2016.09.08 09:21:31.583,1.72919,1.72949,1.00,1.75
2016.09.08 09:21:31.904,1.7292,1.7295,1.00,1.50
2016.09.08 09:21:31.955,1.7292,1.7295,1.00,1.50
2016.09.08 09:21:32.361,1.72922,1.7295,1.00,1.50
2016.09.08 09:21:32.793,1.72921,1.72949,1.00,1.12
2016.09.08 09:21:33.071,1.7292,1.72949,1.00,1.37
2016.09.08 09:21:33.122,1.7292,1.72949,1.00,1.75
2016.09.08 09:21:33.471,1.7292,1.72949,1.00,1.75
2016.09.08 09:21:33.624,1.72919,1.72943,1.00,1.00
2016.09.08 09:21:33.675,1.72913,1.72943,1.50,1.37
2016.09.08 09:21:33.725,1.72913,1.72942,1.00,1.00
2016.09.08 09:21:33.877,1.72911,1.72942,1.00,1.00
2016.09.08 09:21:35.576,1.7291,1.7294,1.00,1.00
2016.09.08 09:21:41.344,1.72912,1.72942,1.00,1.00
2016.09.08 09:21:46.682,1.72913,1.72942,1.00,1.00
2016.09.08 09:21:47.267,1.72911,1.72942,1.00,1.00
2016.09.08 09:21:49.661,1.72913,1.72942,1.00,1.00
2016.09.08 09:21:49.931,1.72913,1.72944,1.00,2.25
2016.09.08 09:21:50.258,1.72911,1.72942,1.00,1.50
2016.09.08 09:21:50.359,1.72909,1.72941,1.50,1.12
2016.09.08 09:21:50.553,1.7291,1.72943,1.00,1.75
2016.09.08 09:21:50.770,1.7291,1.72943,1.00,1.75
2016.09.08 09:21:51.000,1.72913,1.72944,1.00,2.25
2016.09.08 09:21:51.512,1.72913,1.72944,1.00,1.37
2016.09.08 09:21:51.562,1.72913,1.72944,1.00,1.00
2016.09.08 09:21:51.613,1.72913,1.72944,1.00,1.00
2016.09.08 09:21:53.669,1.72913,1.72944,1.00,1.00
2016.09.08 09:21:55.773,1.72913,1.72944,1.50,1.00
2016.09.08 09:21:55.874,1.72913,1.72944,2.25,1.00
2016.09.08 09:21:56.569,1.72913,1.72943,1.50,1.00
2016.09.08 09:21:57.371,1.72913,1.72945,1.50,1.00
2016.09.08 09:21:58.729,1.72913,1.72945,1.00,2.25
2016.09.08 09:21:58.780,1.72912,1.72936,1.50,1.34
2016.09.08 09:21:58.831,1.72912,1.72928,1.00,1.50
2016.09.08 09:21:58.882,1.72907,1.72928,1.00,1.50
2016.09.08 09:21:58.933,1.72907,1.72928,1.00,1.00
2016.09.08 09:21:59.035,1.72907,1.72933,1.00,1.75
2016.09.08 09:21:59.289,1.72907,1.72933,1.00,1.75
2016.09.08 09:21:59.391,1.72907,1.72934,1.00,1.09
2016.09.08 09:21:59.441,1.72907,1.72937,1.00,1.50
2016.09.08 09:21:59.674,1.72911,1.72936,1.00,1.12
2016.09.08 09:21:59.776,1.72906,1.72936,1.00,1.12
2016.09.08 09:21:59.827,1.72906,1.72936,1.12,1.00
2016.09.08 09:21:59.878,1.72906,1.72937,1.87,1.00
2016.09.08 09:21:59.979,1.72908,1.72939,1.00,1.12
2016.09.08 09:22:00.284,1.72908,1.72939,1.00,1.12
2016.09.08 09:22:00.386,1.7291,1.72939,1.00,1.12
2016.09.08 09:22:00.437,1.7291,1.7294,1.00,1.37
2016.09.08 09:22:00.777,1.72905,1.72938,1.87,1.00
2016.09.08 09:22:00.828,1.72905,1.72938,1.37,1.00
2016.09.08 09:22:00.929,1.72905,1.72938,1.87,1.00
2016.09.08 09:22:01.081,1.72909,1.72939,1.00,1.12
2016.09.08 09:22:01.284,1.72908,1.72938,1.50,1.00
2016.09.08 09:22:01.833,1.72908,1.72938,1.00,1.00
2016.09.08 09:22:02.188,1.72909,1.72941,1.00,1.50
2016.09.08 09:22:02.390,1.72908,1.72938,1.00,1.00
2016.09.08 09:22:02.766,1.7291,1.7294,1.00,1.37
2016.09.08 09:22:02.817,1.72909,1.72939,1.00,1.87
2016.09.08 09:22:02.867,1.72908,1.72937,1.00,1.00
2016.09.08 09:22:02.969,1.72906,1.72937,1.12,1.00
2016.09.08 09:22:03.070,1.72908,1.72939,1.00,1.87
2016.09.08 09:22:03.171,1.72908,1.72935,1.00,1.00
2016.09.08 09:22:03.776,1.72909,1.72935,1.00,1.00
2016.09.08 09:22:04.080,1.72906,1.72935,1.00,1.00
2016.09.08 09:22:04.999,1.72906,1.72935,1.50,1.00
2016.09.08 09:22:06.398,1.72909,1.72935,1.50,1.00
2016.09.08 09:22:06.448,1.72909,1.72939,1.50,2.25
2016.09.08 09:22:06.499,1.72909,1.72939,1.50,1.50
2016.09.08 09:22:06.601,1.72911,1.72939,1.00,1.50
2016.09.08 09:22:06.651,1.72911,1.72939,1.00,1.00
2016.09.08 09:22:07.204,1.72912,1.72939,1.00,1.00
2016.09.08 09:22:09.017,1.72909,1.72939,1.50,1.00
2016.09.08 09:22:09.268,1.72911,1.72939,1.00,1.00
2016.09.08 09:22:09.370,1.72912,1.72941,1.00,1.00
2016.09.08 09:22:09.421,1.72913,1.72943,1.50,1.37
2016.09.08 09:22:09.726,1.72913,1.72943,1.00,1.37
2016.09.08 09:22:09.777,1.72912,1.72944,1.50,1.50
2016.09.08 09:22:09.828,1.72913,1.72944,1.00,1.50
2016.09.08 09:22:09.880,1.72913,1.72945,1.50,1.75
2016.09.08 09:22:10.092,1.72914,1.72947,1.00,1.75
2016.09.08 09:22:10.194,1.72913,1.72943,1.00,1.37
2016.09.08 09:22:11.133,1.72914,1.72943,1.00,1.37
2016.09.08 09:22:13.309,1.72913,1.72943,1.00,1.37
2016.09.08 09:22:13.916,1.72916,1.72947,1.00,1.75
2016.09.08 09:22:14.221,1.72912,1.72944,1.00,1.50
2016.09.08 09:22:18.418,1.72911,1.7294,1.00,1.00
2016.09.08 09:22:18.960,1.72911,1.72941,1.00,1.00
2016.09.08 09:22:19.010,1.72911,1.72941,1.75,1.00
2016.09.08 09:22:19.722,1.72911,1.72942,1.75,1.00
2016.09.08 09:22:19.991,1.72911,1.72942,1.00,1.12
2016.09.08 09:22:20.042,1.72911,1.7294,1.00,1.00
2016.09.08 09:22:20.547,1.72911,1.7294,1.50,1.00
2016.09.08 09:22:20.749,1.72911,1.72938,1.00,1.00
2016.09.08 09:22:20.892,1.72909,1.72938,1.37,1.00
2016.09.08 09:22:22.554,1.72909,1.7294,1.87,1.00
2016.09.08 09:22:26.326,1.72909,1.72938,1.37,1.00
2016.09.08 09:22:26.562,1.72909,1.72941,1.37,1.00
2016.09.08 09:22:28.577,1.72909,1.72941,1.37,1.00
2016.09.08 09:22:29.173,1.72908,1.72941,2.25,1.00
2016.09.08 09:22:29.274,1.72907,1.72936,1.75,1.00
2016.09.08 09:22:29.431,1.72903,1.72934,1.50,1.00
2016.09.08 09:22:29.634,1.72902,1.72932,2.25,1.00
2016.09.08 09:22:29.685,1.72902,1.72932,1.75,1.00
2016.09.08 09:22:29.737,1.72903,1.72932,1.00,1.50
2016.09.08 09:22:29.788,1.72903,1.72932,1.00,1.50
2016.09.08 09:22:29.839,1.72902,1.72925,1.00,1.00
2016.09.08 09:22:29.940,1.72902,1.7293,1.00,1.50
2016.09.08 09:22:29.991,1.72902,1.7293,1.00,1.00
2016.09.08 09:22:30.092,1.72901,1.72933,1.37,1.71
2016.09.08 09:22:30.143,1.72902,1.72933,1.50,1.34
2016.09.08 09:22:30.268,1.72902,1.72931,1.50,1.00
2016.09.08 09:22:30.369,1.72901,1.72929,2.25,1.00
2016.09.08 09:22:30.522,1.72901,1.72929,1.50,1.12
2016.09.08 09:22:30.623,1.72901,1.72929,1.00,1.12
2016.09.08 09:22:30.675,1.729,1.72931,1.50,1.75
2016.09.08 09:22:30.726,1.72901,1.72931,1.00,1.75
2016.09.08 09:22:30.878,1.72901,1.72928,1.00,1.00
2016.09.08 09:22:30.979,1.729,1.72932,1.00,1.75
2016.09.08 09:22:31.030,1.72902,1.72932,1.00,1.00
2016.09.08 09:22:32.478,1.72902,1.72932,1.50,1.00
2016.09.08 09:22:32.755,1.72905,1.72934,1.00,1.12
2016.09.08 09:22:32.805,1.72905,1.72935,1.00,1.50
2016.09.08 09:22:32.856,1.72905,1.72935,1.50,1.50
2016.09.08 09:22:32.958,1.72904,1.72934,1.00,1.12
2016.09.08 09:22:33.059,1.72905,1.72935,1.50,1.50
2016.09.08 09:22:33.161,1.72907,1.72937,1.00,1.75
2016.09.08 09:22:33.211,1.72907,1.72937,1.00,1.00
2016.09.08 09:22:33.341,1.72909,1.72939,1.00,1.00
2016.09.08 09:22:33.493,1.7291,1.72941,1.00,1.50
2016.09.08 09:22:33.594,1.7291,1.72941,1.00,1.50
2016.09.08 09:22:33.797,1.7291,1.72941,1.00,1.50
2016.09.08 09:22:33.949,1.7291,1.72942,1.00,1.75
2016.09.08 09:22:34.151,1.7291,1.72942,1.00,1.75
2016.09.08 09:22:34.332,1.72907,1.72938,1.00,1.00
2016.09.08 09:22:34.385,1.72909,1.7294,1.00,1.12
2016.09.08 09:22:34.436,1.72909,1.7294,1.00,1.75
2016.09.08 09:22:34.487,1.72909,1.7294,1.00,1.75
2016.09.08 09:22:34.736,1.72907,1.72939,1.00,1.75
2016.09.08 09:22:34.787,1.72906,1.72939,1.50,1.75
2016.09.08 09:22:34.838,1.72907,1.7294,1.00,1.75
2016.09.08 09:22:34.940,1.72911,1.72941,1.00,2.25
2016.09.08 09:22:35.041,1.72906,1.72933,1.00,1.00
2016.09.08 09:22:35.220,1.72905,1.72928,1.00,1.09
2016.09.08 09:22:35.272,1.72897,1.72928,1.00,1.09
2016.09.08 09:22:35.475,1.72897,1.72927,1.00,1.71
2016.09.08 09:22:35.678,1.72897,1.72925,1.00,1.00
2016.09.08 09:22:35.831,1.72895,1.72925,1.00,1.00
2016.09.08 09:22:36.033,1.72895,1.72925,1.00,1.34
2016.09.08 09:22:36.177,1.72891,1.72918,1.50,1.00
2016.09.08 09:22:36.228,1.72888,1.72918,1.00,1.00
2016.09.08 09:22:36.329,1.72892,1.72918,1.00,1.00
2016.09.08 09:22:36.431,1.72892,1.72918,1.00,1.50
2016.09.08 09:22:37.231,1.72888,1.72918,1.00,1.50
2016.09.08 09:22:38.253,1.7289,1.72918,1.00,1.00
2016.09.08 09:22:39.257,1.72887,1.72918,1.00,1.00
2016.09.08 09:22:39.308,1.72887,1.72918,1.00,1.00
2016.09.08 09:22:40.003,1.72887,1.72918,1.00,1.00
2016.09.08 09:22:41.143,1.72889,1.72918,1.00,1.00
2016.09.08 09:22:41.408,1.72889,1.72918,1.00,1.00
2016.09.08 09:22:41.935,1.7289,1.72918,1.00,1.00
2016.09.08 09:22:42.177,1.72892,1.72918,1.00,1.00
2016.09.08 09:22:42.228,1.72892,1.72921,1.00,1.12
2016.09.08 09:22:42.658,1.72894,1.72921,1.00,1.12
2016.09.08 09:22:42.980,1.72889,1.72918,1.12,1.00
2016.09.08 09:22:43.031,1.72889,1.72918,1.00,1.37
2016.09.08 09:22:43.285,1.72891,1.72919,1.00,1.50
2016.09.08 09:22:43.479,1.72891,1.72918,1.00,1.37
2016.09.08 09:22:44.671,1.72894,1.72921,1.00,1.75
2016.09.08 09:22:44.722,1.72894,1.72924,1.00,2.25
2016.09.08 09:22:44.988,1.72894,1.72923,1.00,1.50
2016.09.08 09:22:45.090,1.72894,1.72923,1.00,1.50
2016.09.08 09:22:45.191,1.7289,1.72923,1.50,2.25
2016.09.08 09:22:45.292,1.72892,1.72923,1.00,2.25
2016.09.08 09:22:45.474,1.72891,1.72922,1.00,1.37
2016.09.08 09:22:45.525,1.72891,1.72922,1.00,1.75
2016.09.08 09:22:45.576,1.72888,1.72918,1.00,1.00
2016.09.08 09:22:45.899,1.72891,1.72918,1.00,1.00
2016.09.08 09:22:46.051,1.72891,1.72923,1.00,1.50
2016.09.08 09:22:46.384,1.72893,1.72923,1.00,1.50
2016.09.08 09:22:46.560,1.72891,1.72922,1.00,1.37
2016.09.08 09:22:46.611,1.72891,1.72922,1.00,1.37
2016.09.08 09:22:46.662,1.72893,1.72923,1.00,1.50
2016.09.08 09:22:46.713,1.72893,1.72923,1.00,1.50
2016.09.08 09:22:46.814,1.72893,1.72923,1.00,1.50
2016.09.08 09:22:47.603,1.72893,1.72923,1.00,1.50
2016.09.08 09:22:47.705,1.72893,1.72924,1.00,1.75
2016.09.08 09:22:47.857,1.72889,1.72921,1.50,1.75
2016.09.08 09:22:48.383,1.7289,1.72923,1.00,2.25
2016.09.08 09:22:48.485,1.72896,1.72923,1.00,1.75
2016.09.08 09:22:48.637,1.72898,1.72926,1.00,1.00
2016.09.08 09:22:48.995,1.72898,1.72926,1.00,1.00
2016.09.08 09:22:49.468,1.729,1.72926,1.00,1.00
2016.09.08 09:22:52.419,1.72901,1.72926,1.00,1.00
2016.09.08 09:22:52.572,1.72901,1.72928,1.00,1.00
2016.09.08 09:22:53.120,1.72899,1.72928,1.50,1.00
2016.09.08 09:22:53.351,1.72895,1.72928,1.00,1.00
2016.09.08 09:22:53.402,1.72899,1.72929,1.00,1.50
2016.09.08 09:22:53.453,1.72899,1.72929,1.00,2.25
2016.09.08 09:22:53.504,1.72897,1.72927,1.00,1.75
2016.09.08 09:22:53.656,1.72897,1.72926,1.00,1.50
2016.09.08 09:22:54.121,1.72901,1.72926,1.00,1.50
2016.09.08 09:22:54.334,1.72901,1.72926,1.00,1.50
2016.09.08 09:22:54.533,1.72898,1.72929,1.00,2.25
2016.09.08 09:22:54.737,1.72898,1.72928,1.00,1.75
2016.09.08 09:22:54.838,1.72902,1.72929,1.00,1.75
2016.09.08 09:22:54.889,1.72902,1.72929,1.00,1.12
2016.09.08 09:22:54.990,1.72902,1.72933,1.00,2.25
2016.09.08 09:22:59.237,1.72904,1.72933,1.00,2.25
2016.09.08 09:22:59.338,1.72904,1.72933,1.00,1.75
2016.09.08 09:22:59.440,1.72909,1.72937,1.00,1.75
2016.09.08 09:22:59.491,1.72912,1.72935,1.00,1.00
2016.09.08 09:22:59.542,1.72912,1.72935,1.00,1.00
2016.09.08 09:22:59.592,1.72912,1.72937,1.00,1.00
2016.09.08 09:23:00.360,1.72908,1.72938,1.00,1.12
2016.09.08 09:23:00.951,1.72908,1.72938,1.00,1.87
2016.09.08 09:23:01.002,1.72908,1.72938,1.00,2.62
2016.09.08 09:23:01.204,1.72908,1.72938,1.00,2.62
2016.09.08 09:23:01.305,1.72905,1.72938,1.37,2.62
2016.09.08 09:23:01.432,1.72907,1.72938,1.00,1.87
2016.09.08 09:23:01.889,1.72905,1.72938,1.37,2.62
2016.09.08 09:23:02.332,1.72905,1.72938,1.37,2.62
2016.09.08 09:23:02.382,1.72904,1.72935,1.50,1.00
2016.09.08 09:23:02.484,1.72904,1.72933,1.00,1.00
2016.09.08 09:23:02.809,1.72903,1.72933,1.00,1.50
2016.09.08 09:23:03.011,1.72903,1.72933,1.00,1.00
2016.09.08 09:23:03.315,1.72903,1.72933,1.00,1.00
2016.09.08 09:23:03.519,1.72903,1.72933,1.00,1.00
2016.09.08 09:23:04.025,1.72903,1.72933,1.00,1.00
2016.09.08 09:23:04.076,1.72899,1.72928,1.00,1.00
2016.09.08 09:23:04.178,1.72897,1.72925,1.00,1.75
2016.09.08 09:23:04.280,1.72891,1.72925,1.50,2.25
2016.09.08 09:23:04.381,1.72892,1.72925,1.00,2.25
2016.09.08 09:23:04.540,1.72892,1.72924,1.50,1.00
2016.09.08 09:23:04.692,1.72892,1.72925,1.50,1.00
2016.09.08 09:23:04.743,1.72892,1.72925,1.50,1.00
2016.09.08 09:23:04.844,1.72892,1.72925,1.50,1.00
2016.09.08 09:23:05.250,1.72891,1.72925,1.75,1.00
2016.09.08 09:23:05.461,1.72896,1.72924,1.00,1.00
2016.09.08 09:23:05.511,1.72896,1.72925,1.50,1.00
2016.09.08 09:23:05.562,1.72902,1.72927,1.00,1.00
2016.09.08 09:23:05.613,1.72902,1.72932,1.00,1.12
2016.09.08 09:23:05.664,1.72902,1.72933,1.00,1.50
2016.09.08 09:23:05.714,1.72903,1.72933,1.00,1.00
2016.09.08 09:23:05.917,1.72903,1.72933,1.00,1.00
2016.09.08 09:23:06.018,1.72903,1.72933,1.00,1.00
2016.09.08 09:23:06.119,1.72903,1.72933,1.00,1.50
2016.09.08 09:23:06.248,1.72903,1.72933,1.00,1.50
2016.09.08 09:23:06.401,1.72903,1.72933,1.00,1.00
2016.09.08 09:23:06.452,1.72903,1.72933,1.00,1.00
2016.09.08 09:23:06.605,1.72903,1.72933,1.75,1.00
2016.09.08 09:23:06.656,1.72905,1.72933,1.50,1.00
2016.09.08 09:23:06.757,1.72905,1.72938,1.50,1.00
2016.09.08 09:23:06.808,1.72909,1.72942,1.00,1.50
2016.09.08 09:23:06.920,1.7291,1.72942,1.50,1.00
2016.09.08 09:23:07.089,1.72911,1.72942,1.00,1.00
2016.09.08 09:23:07.190,1.7291,1.72942,1.00,1.00
2016.09.08 09:23:07.291,1.72911,1.72942,1.00,1.00
2016.09.08 09:23:07.819,1.7291,1.72942,1.00,1.00
2016.09.08 09:23:08.022,1.7291,1.72942,1.50,1.00
2016.09.08 09:23:08.285,1.7291,1.72942,1.00,1.00
2016.09.08 09:23:08.488,1.72911,1.72942,1.00,1.00
2016.09.08 09:23:09.222,1.72911,1.72942,1.00,1.00
2016.09.08 09:23:09.985,1.7291,1.72942,1.50,1.00
2016.09.08 09:23:12.079,1.72911,1.72942,1.00,1.00
2016.09.08 09:23:12.231,1.72913,1.72944,1.00,1.00
2016.09.08 09:23:13.120,1.72911,1.72944,1.00,1.00
2016.09.08 09:23:13.171,1.72911,1.72944,1.00,1.50
2016.09.08 09:23:13.222,1.72907,1.72941,1.00,1.75
2016.09.08 09:23:13.273,1.72906,1.72941,1.12,1.75
2016.09.08 09:23:13.324,1.72903,1.72938,1.75,1.00
2016.09.08 09:23:13.375,1.72903,1.72938,1.75,1.00
2016.09.08 09:23:13.510,1.72903,1.72938,1.75,1.00
2016.09.08 09:23:14.273,1.72903,1.72938,1.75,1.00
2016.09.08 09:23:14.526,1.72906,1.72938,1.12,1.00
2016.09.08 09:23:14.669,1.72906,1.72941,1.12,1.75
2016.09.08 09:23:15.074,1.72911,1.72941,1.00,1.75
2016.09.08 09:23:15.124,1.72914,1.72941,1.00,1.00
2016.09.08 09:23:15.175,1.72914,1.72941,1.12,1.00
2016.09.08 09:23:15.226,1.72917,1.7295,1.00,2.62
2016.09.08 09:23:15.277,1.72917,1.7295,1.00,1.75
2016.09.08 09:23:15.378,1.72917,1.7295,1.00,1.75
2016.09.08 09:23:15.429,1.72915,1.72948,1.00,1.50
2016.09.08 09:23:15.720,1.72914,1.72948,1.12,1.50
2016.09.08 09:23:15.976,1.72914,1.72948,1.12,1.50
2016.09.08 09:23:16.027,1.72914,1.7295,1.12,1.75
2016.09.08 09:23:16.377,1.72914,1.7295,1.12,1.75
2016.09.08 09:23:16.428,1.72914,1.7295,1.87,2.25
2016.09.08 09:23:16.820,1.72914,1.72949,1.12,1.75
2016.09.08 09:23:16.922,1.7291,1.72946,2.25,2.25
2016.09.08 09:23:17.024,1.72911,1.72946,1.12,1.75
2016.09.08 09:23:17.075,1.72911,1.72946,1.12,1.75
2016.09.08 09:23:17.227,1.72913,1.72946,1.00,1.75
2016.09.08 09:23:18.283,1.72913,1.72946,1.00,1.75
2016.09.08 09:23:18.335,1.72922,1.72946,1.00,1.75
2016.09.08 09:23:18.386,1.72919,1.72949,1.00,1.75
2016.09.08 09:23:18.437,1.7292,1.72954,1.00,2.62
2016.09.08 09:23:18.487,1.7292,1.72951,1.00,1.00
2016.09.08 09:23:18.626,1.72915,1.72947,1.00,1.50
2016.09.08 09:23:18.678,1.72912,1.72947,1.87,1.50
2016.09.08 09:23:18.729,1.72912,1.72947,1.12,2.25
2016.09.08 09:23:18.881,1.72912,1.72947,1.12,2.25
2016.09.08 09:23:18.959,1.72913,1.72948,1.00,2.25
2016.09.08 09:23:19.506,1.72911,1.72947,1.50,1.50
2016.09.08 09:23:19.556,1.72911,1.72947,1.50,1.50
2016.09.08 09:23:19.607,1.7291,1.72946,2.25,1.12
2016.09.08 09:23:19.658,1.7291,1.72946,2.25,1.12
2016.09.08 09:23:19.760,1.7291,1.72946,2.25,1.12
2016.09.08 09:23:19.811,1.72912,1.72948,1.12,3.00
2016.09.08 09:23:19.862,1.72912,1.72948,1.12,3.00
2016.09.08 09:23:20.014,1.72912,1.72948,1.12,3.75
2016.09.08 09:23:20.107,1.72912,1.72948,1.12,3.00
2016.09.08 09:23:20.310,1.72913,1.72948,1.00,3.00
2016.09.08 09:23:20.512,1.72912,1.72946,1.12,1.12
2016.09.08 09:23:20.917,1.72914,1.72948,1.00,3.75
2016.09.08 09:23:21.179,1.72914,1.72948,1.00,3.75
2016.09.08 09:23:21.534,1.72911,1.72947,1.50,1.50
2016.09.08 09:23:22.594,1.72911,1.72947,1.50,1.50
2016.09.08 09:23:22.797,1.72912,1.72948,1.12,3.75
2016.09.08 09:23:22.999,1.72911,1.72945,1.50,1.00
2016.09.08 09:23:23.248,1.72911,1.72945,1.50,1.00
2016.09.08 09:23:23.299,1.72912,1.72948,1.12,3.75
2016.09.08 09:23:23.502,1.72912,1.72948,1.12,3.75
2016.09.08 09:23:23.704,1.72911,1.72945,1.50,1.00
2016.09.08 09:23:23.906,1.72913,1.72946,1.00,1.12
2016.09.08 09:23:24.234,1.72913,1.72944,1.00,1.00
2016.09.08 09:23:24.335,1.7291,1.72944,1.75,1.00
2016.09.08 09:23:24.524,1.72912,1.72944,1.12,1.00
2016.09.08 09:23:24.574,1.72912,1.72944,1.12,1.00
2016.09.08 09:23:24.625,1.7291,1.72944,1.75,1.00
2016.09.08 09:23:24.676,1.7291,1.72944,1.75,1.00
2016.09.08 09:23:24.878,1.7291,1.72944,1.75,1.00
2016.09.08 09:23:25.194,1.72913,1.72944,1.00,1.00
2016.09.08 09:23:25.356,1.72913,1.72944,1.00,1.00
2016.09.08 09:23:25.407,1.72913,1.72944,1.00,1.00
2016.09.08 09:23:25.509,1.7291,1.72944,1.75,1.00
2016.09.08 09:23:25.611,1.72912,1.72944,1.12,1.00
2016.09.08 09:23:25.712,1.72912,1.72944,1.12,1.00
2016.09.08 09:23:25.814,1.72912,1.72944,1.12,1.00
2016.09.08 09:23:25.865,1.72912,1.72944,1.12,1.00
2016.09.08 09:23:25.916,1.7291,1.72943,1.75,1.00
2016.09.08 09:23:25.967,1.7291,1.72943,1.75,1.00
2016.09.08 09:23:26.017,1.72908,1.72941,1.75,1.00
2016.09.08 09:23:26.068,1.72908,1.72941,1.37,1.00
2016.09.08 09:23:26.170,1.72907,1.72941,2.25,1.00
2016.09.08 09:23:26.366,1.72908,1.72941,1.37,1.00
2016.09.08 09:23:26.468,1.72907,1.72941,2.25,1.00
2016.09.08 09:23:26.570,1.72907,1.72941,3.00,1.00
2016.09.08 09:23:26.671,1.72907,1.72941,3.00,1.00
2016.09.08 09:23:26.722,1.72912,1.72943,1.50,1.37
2016.09.08 09:23:26.772,1.72912,1.72945,1.50,1.75
2016.09.08 09:23:26.823,1.72914,1.72946,1.50,2.25
2016.09.08 09:23:26.874,1.72914,1.72947,2.25,1.00
2016.09.08 09:23:27.026,1.72917,1.72947,1.00,1.00
2016.09.08 09:23:27.317,1.72916,1.72948,1.12,1.00
2016.09.08 09:23:27.729,1.72915,1.72948,1.37,1.00
2016.09.08 09:23:28.473,1.72915,1.7295,1.37,1.87
2016.09.08 09:23:28.524,1.72917,1.7295,1.00,1.37
2016.09.08 09:23:28.676,1.72917,1.7295,1.00,1.37
2016.09.08 09:23:28.726,1.72916,1.7295,1.12,1.37
2016.09.08 09:23:28.777,1.72916,1.7295,1.12,1.50
2016.09.08 09:23:28.828,1.72916,1.72947,1.00,1.37
2016.09.08 09:23:28.879,1.72916,1.72945,1.00,1.50
2016.09.08 09:23:28.930,1.72916,1.72945,1.00,1.12
2016.09.08 09:23:28.981,1.72916,1.72945,1.00,1.00
2016.09.08 09:23:29.031,1.72916,1.72944,1.00,1.00
2016.09.08 09:23:29.082,1.72916,1.72944,1.00,1.00
2016.09.08 09:23:29.234,1.72916,1.72942,1.00,1.00
2016.09.08 09:23:29.335,1.72916,1.72939,1.00,1.00
2016.09.08 09:23:29.436,1.72916,1.72939,1.00,1.12
2016.09.08 09:23:29.539,1.72911,1.72939,1.00,1.12
2016.09.08 09:23:29.641,1.72911,1.72942,1.00,2.25
2016.09.08 09:23:29.743,1.72914,1.72943,1.00,1.50
2016.09.08 09:23:29.794,1.72914,1.72946,1.00,1.75
2016.09.08 09:23:30.797,1.72914,1.72946,1.00,1.75
2016.09.08 09:23:31.101,1.72914,1.72946,1.00,1.75
2016.09.08 09:23:31.151,1.72922,1.72949,1.00,1.75
2016.09.08 09:23:31.202,1.72924,1.72949,1.00,1.75
2016.09.08 09:23:31.253,1.72924,1.72949,1.00,1.00
2016.09.08 09:23:31.327,1.72924,1.72956,1.00,1.75
2016.09.08 09:23:31.378,1.72924,1.72956,1.50,1.00
2016.09.08 09:23:31.815,1.72927,1.72956,1.00,1.00
2016.09.08 09:23:31.918,1.72925,1.72956,1.12,1.50
2016.09.08 09:23:33.265,1.72925,1.72953,1.12,1.00
2016.09.08 09:23:33.315,1.72922,1.72951,1.75,1.00
2016.09.08 09:23:33.366,1.72922,1.72951,1.00,1.50
2016.09.08 09:23:33.417,1.72921,1.72951,1.00,1.50
2016.09.08 09:23:33.467,1.72921,1.72951,1.00,2.25
2016.09.08 09:23:33.518,1.72918,1.72949,1.75,1.00
2016.09.08 09:23:33.569,1.72918,1.72949,1.00,1.37
2016.09.08 09:23:33.714,1.72917,1.72948,1.00,1.12
2016.09.08 09:23:33.764,1.72917,1.72945,1.00,1.00
2016.09.08 09:23:34.528,1.72917,1.72944,1.00,1.00
2016.09.08 09:23:34.630,1.72917,1.72938,1.00,1.00
2016.09.08 09:23:34.680,1.72911,1.72938,1.75,1.00
2016.09.08 09:23:34.731,1.72907,1.72938,2.25,1.00
2016.09.08 09:23:34.783,1.72907,1.72938,1.50,1.50
2016.09.08 09:23:34.870,1.72907,1.72938,1.50,1.50
2016.09.08 09:23:36.985,1.72907,1.72938,1.00,1.50
2016.09.08 09:23:37.060,1.72909,1.72941,1.00,3.00
2016.09.08 09:23:37.111,1.72909,1.72941,1.00,2.62
2016.09.08 09:23:37.212,1.72909,1.7294,1.00,1.00
2016.09.08 09:23:37.339,1.72908,1.72938,1.00,1.00
2016.09.08 09:23:37.393,1.72908,1.72938,1.00,1.00
2016.09.08 09:23:37.471,1.72905,1.72934,1.00,1.00
2016.09.08 09:23:37.637,1.72905,1.72934,1.00,1.00
2016.09.08 09:23:37.997,1.72905,1.72934,1.00,1.00
2016.09.08 09:23:39.338,1.72903,1.72934,1.00,1.00
2016.09.08 09:23:42.527,1.72901,1.72932,1.50,1.00
2016.09.08 09:23:42.628,1.729,1.72931,2.25,1.00
2016.09.08 09:23:42.772,1.72901,1.72929,1.00,1.12
2016.09.08 09:23:42.823,1.729,1.72927,1.00,1.00
2016.09.08 09:23:42.874,1.72897,1.72927,1.00,1.00
2016.09.08 09:23:43.026,1.72899,1.72928,1.00,1.00
2016.09.08 09:23:43.177,1.72901,1.72928,1.00,1.00
2016.09.08 09:23:43.279,1.72906,1.72933,1.00,2.25
2016.09.08 09:23:43.330,1.72906,1.72933,1.00,2.25
2016.09.08 09:23:43.381,1.72906,1.72933,1.00,1.50
2016.09.08 09:23:43.431,1.72903,1.72934,1.00,1.75
2016.09.08 09:23:43.618,1.72903,1.72933,1.00,1.50
2016.09.08 09:23:43.820,1.72903,1.72933,1.00,1.50
2016.09.08 09:23:43.871,1.72906,1.72936,1.00,1.75
2016.09.08 09:23:44.023,1.7291,1.7294,1.00,1.75
2016.09.08 09:23:44.073,1.7291,1.7294,1.00,1.37
2016.09.08 09:23:44.124,1.7291,1.7294,1.00,1.00
2016.09.08 09:23:44.945,1.72912,1.7294,1.00,1.00
2016.09.08 09:23:45.148,1.72912,1.7294,1.50,1.00
2016.09.08 09:23:45.369,1.72912,1.7294,1.12,1.00
2016.09.08 09:23:45.421,1.72912,1.72944,1.12,1.00
2016.09.08 09:23:45.833,1.72915,1.72945,1.00,1.00
2016.09.08 09:23:46.176,1.72915,1.72945,1.00,1.50
2016.09.08 09:23:46.227,1.72913,1.72943,1.00,1.00
2016.09.08 09:23:46.537,1.7291,1.7294,1.00,1.00
2016.09.08 09:23:47.051,1.72914,1.72941,1.00,1.00
2016.09.08 09:23:47.286,1.72914,1.72945,1.00,1.12
2016.09.08 09:23:47.337,1.72912,1.72944,1.37,1.00
2016.09.08 09:23:47.438,1.7291,1.72941,1.75,1.00
2016.09.08 09:23:47.641,1.7291,1.72941,1.75,1.00
2016.09.08 09:23:47.931,1.72914,1.72945,1.00,1.12
2016.09.08 09:23:47.983,1.72914,1.72945,1.00,1.37
2016.09.08 09:23:48.034,1.72914,1.72943,1.00,1.00
2016.09.08 09:23:48.085,1.72914,1.72945,1.00,1.50
2016.09.08 09:23:48.136,1.72914,1.72945,1.00,1.12
2016.09.08 09:23:48.374,1.72914,1.72945,1.00,1.12
2016.09.08 09:23:48.684,1.72916,1.72945,1.00,1.12
2016.09.08 09:23:48.836,1.72914,1.72944,1.00,1.00
2016.09.08 09:23:50.187,1.72914,1.72944,1.00,1.50
2016.09.08 09:23:50.339,1.72913,1.72943,1.12,1.00
2016.09.08 09:23:51.157,1.72913,1.72943,1.12,1.00
2016.09.08 09:23:52.428,1.72913,1.72943,1.12,1.00
2016.09.08 09:23:52.580,1.72913,1.72942,1.00,1.37
2016.09.08 09:23:52.631,1.72913,1.72942,1.00,1.50
2016.09.08 09:23:52.732,1.72913,1.72943,1.00,1.75
2016.09.08 09:23:53.147,1.72911,1.72938,1.00,1.00
2016.09.08 09:23:53.256,1.72911,1.7294,1.00,1.12
2016.09.08 09:23:53.560,1.72909,1.7294,1.00,1.12
2016.09.08 09:23:53.662,1.72908,1.72938,1.12,1.00
2016.09.08 09:23:54.283,1.72908,1.72938,1.00,1.37
2016.09.08 09:23:54.335,1.72908,1.72938,1.00,1.50
2016.09.08 09:23:56.083,1.72908,1.72938,1.12,1.12
2016.09.08 09:23:56.134,1.72908,1.72938,1.12,1.00
2016.09.08 09:23:56.336,1.72908,1.72941,1.12,1.50
2016.09.08 09:23:56.539,1.72908,1.72938,1.12,1.00
2016.09.08 09:23:57.184,1.72909,1.72938,1.00,1.00
2016.09.08 09:23:57.235,1.72909,1.72938,1.00,1.00
2016.09.08 09:23:57.841,1.72909,1.7294,1.50,1.00
2016.09.08 09:23:58.588,1.7291,1.72943,1.00,1.50
2016.09.08 09:24:00.131,1.7291,1.72943,1.00,1.75
2016.09.08 09:24:00.182,1.72909,1.72941,1.00,1.75
2016.09.08 09:24:00.233,1.72909,1.72941,1.00,1.75
2016.09.08 09:24:00.284,1.72909,1.7294,1.50,1.50
2016.09.08 09:24:00.334,1.72909,1.7294,1.50,1.12
2016.09.08 09:24:00.385,1.72909,1.72939,1.00,1.00
2016.09.08 09:24:00.688,1.72909,1.72941,1.00,1.50
2016.09.08 09:24:02.505,1.7291,1.72941,1.00,1.00
2016.09.08 09:24:02.820,1.72909,1.72941,1.00,1.12
2016.09.08 09:24:03.109,1.72909,1.72941,1.00,1.87
2016.09.08 09:24:03.160,1.72909,1.72937,1.00,1.00
2016.09.08 09:24:03.212,1.72907,1.72937,1.87,1.12
2016.09.08 09:24:03.263,1.72907,1.72937,1.50,1.12
2016.09.08 09:24:03.372,1.72904,1.72935,2.62,1.00
2016.09.08 09:24:03.423,1.72904,1.72935,1.87,1.00
2016.09.08 09:24:03.474,1.72904,1.72935,1.50,1.00
2016.09.08 09:24:03.576,1.72904,1.72933,1.00,1.00
2016.09.08 09:24:03.627,1.72905,1.72933,1.75,1.00
2016.09.08 09:24:03.881,1.72905,1.72937,2.25,1.00
2016.09.08 09:24:03.933,1.72906,1.72937,1.75,1.00
2016.09.08 09:24:04.776,1.72906,1.72937,1.75,1.00
2016.09.08 09:24:05.253,1.72905,1.72937,2.25,1.00
2016.09.08 09:24:06.370,1.72907,1.72937,1.50,1.00
2016.09.08 09:24:06.992,1.72907,1.72936,1.50,1.00
2016.09.08 09:24:09.388,1.72907,1.72934,1.50,1.00
2016.09.08 09:24:10.122,1.72907,1.72934,1.00,1.00
2016.09.08 09:24:10.173,1.72901,1.72926,1.75,1.00
2016.09.08 09:24:10.224,1.72901,1.72926,1.00,1.00
2016.09.08 09:24:10.275,1.72899,1.72924,1.00,1.00
2016.09.08 09:24:10.326,1.72895,1.72924,1.12,1.00
2016.09.08 09:24:10.630,1.72895,1.72922,1.00,1.00
2016.09.08 09:24:11.443,1.72892,1.72922,1.00,1.75
2016.09.08 09:24:11.494,1.7289,1.7292,1.00,1.37
2016.09.08 09:24:11.653,1.7289,1.72919,1.00,1.12
2016.09.08 09:24:11.703,1.7289,1.72919,1.00,1.00
2016.09.08 09:24:12.074,1.72891,1.72921,1.00,1.00
2016.09.08 09:24:12.579,1.72893,1.72923,1.00,1.00
2016.09.08 09:24:13.403,1.72895,1.72926,1.00,1.50
2016.09.08 09:24:13.454,1.72895,1.72926,1.00,1.12
2016.09.08 09:24:14.068,1.72895,1.72922,1.00,1.00
2016.09.08 09:24:14.170,1.72898,1.72926,1.00,1.12
2016.09.08 09:24:14.474,1.72895,1.72927,1.00,1.50
2016.09.08 09:24:14.646,1.72894,1.72924,1.12,1.00
2016.09.08 09:24:15.190,1.72894,1.72923,1.12,1.00
2016.09.08 09:24:15.707,1.72893,1.72923,2.62,1.00
2016.09.08 09:24:15.809,1.72893,1.72923,2.25,1.00
2016.09.08 09:24:15.964,1.72893,1.72923,1.50,1.00
2016.09.08 09:24:16.386,1.72891,1.72922,2.25,1.00
2016.09.08 09:24:18.014,1.72891,1.72922,1.87,1.37
2016.09.08 09:24:18.065,1.72891,1.72922,1.50,1.50
2016.09.08 09:24:18.964,1.72891,1.72922,2.25,1.50
2016.09.08 09:24:19.763,1.72891,1.72922,1.50,1.50
2016.09.08 09:24:20.163,1.72891,1.72924,2.25,1.75
2016.09.08 09:24:20.257,1.72892,1.72924,1.00,1.75
2016.09.08 09:24:20.770,1.72893,1.72925,1.00,1.75
2016.09.08 09:24:21.073,1.72894,1.72925,1.00,1.75
2016.09.08 09:24:23.466,1.72894,1.72923,1.00,1.75
2016.09.08 09:24:24.223,1.7289,1.72923,1.87,1.75
2016.09.08 09:24:24.274,1.7289,1.72923,1.37,1.75
2016.09.08 09:24:24.325,1.7289,1.72922,1.00,1.50
2016.09.08 09:24:24.585,1.72889,1.7292,1.00,1.12
2016.09.08 09:24:24.686,1.72887,1.72919,2.62,1.00
2016.09.08 09:24:24.737,1.72887,1.72919,1.87,1.00
2016.09.08 09:24:24.874,1.72888,1.72921,1.00,1.37
2016.09.08 09:24:24.976,1.72888,1.72921,1.00,1.37
2016.09.08 09:24:30.395,1.72887,1.72917,1.87,1.00
2016.09.08 09:24:31.287,1.72887,1.72916,1.12,1.00
2016.09.08 09:24:31.489,1.72887,1.72917,1.87,1.00
2016.09.08 09:24:31.986,1.72887,1.72917,1.87,1.00
2016.09.08 09:24:32.191,1.72888,1.72921,1.00,1.37
2016.09.08 09:24:32.696,1.72887,1.72919,1.12,1.00
2016.09.08 09:24:34.857,1.72887,1.72919,1.37,1.00
2016.09.08 09:24:34.908,1.72889,1.72922,1.00,1.87
2016.09.08 09:24:35.716,1.72891,1.72922,1.00,1.37
2016.09.08 09:24:36.764,1.72891,1.72922,1.12,1.00
2016.09.08 09:24:36.918,1.72892,1.72922,1.00,1.00
2016.09.08 09:24:37.422,1.72891,1.72923,1.12,1.00
2016.09.08 09:24:37.525,1.72894,1.72925,1.00,1.00
2016.09.08 09:24:37.576,1.72894,1.72925,1.87,1.00
2016.09.08 09:24:37.677,1.72894,1.72925,2.25,1.00
2016.09.08 09:24:37.727,1.72895,1.72926,1.50,1.00
2016.09.08 09:24:46.867,1.72892,1.72922,1.75,1.00
2016.09.08 09:24:48.526,1.72892,1.72922,1.75,1.00
2016.09.08 09:24:49.018,1.72892,1.72922,1.75,1.00
2016.09.08 09:24:49.168,1.72894,1.72922,1.75,1.00
2016.09.08 09:24:49.218,1.72894,1.72925,2.25,1.00
2016.09.08 09:24:50.036,1.72896,1.72926,1.12,1.00
2016.09.08 09:24:50.861,1.72896,1.72926,1.12,1.00
2016.09.08 09:24:50.962,1.72896,1.72926,1.12,1.00
2016.09.08 09:24:51.712,1.72897,1.72927,1.00,1.00
2016.09.08 09:24:51.762,1.72897,1.72927,1.50,1.00
2016.09.08 09:24:51.818,1.72897,1.7293,1.50,2.25
2016.09.08 09:24:52.311,1.72897,1.7293,2.25,1.50
2016.09.08 09:24:52.362,1.72897,1.7293,2.25,1.50
2016.09.08 09:24:52.413,1.72901,1.72931,1.00,1.37
2016.09.08 09:24:52.464,1.72901,1.72931,1.00,1.00
2016.09.08 09:24:53.397,1.72898,1.7293,1.75,1.00
2016.09.08 09:24:54.121,1.729,1.7293,1.12,1.00
2016.09.08 09:24:54.324,1.72899,1.72929,1.50,1.00
2016.09.08 09:24:55.530,1.72899,1.72931,1.50,1.00
2016.09.08 09:24:58.747,1.72901,1.72932,1.00,1.00
2016.09.08 09:24:58.849,1.72903,1.72935,1.00,2.25
2016.09.08 09:24:58.950,1.72903,1.72935,1.00,2.25
2016.09.08 09:24:59.001,1.72903,1.72935,1.00,1.50
2016.09.08 09:24:59.051,1.72904,1.72937,1.00,1.75
2016.09.08 09:24:59.152,1.72908,1.72938,1.00,1.75
2016.09.08 09:24:59.318,1.72904,1.72937,1.50,1.00
2016.09.08 09:24:59.369,1.72912,1.72937,1.00,1.00
2016.09.08 09:24:59.470,1.72906,1.72937,1.12,1.00
2016.09.08 09:24:59.521,1.72909,1.72941,1.00,1.50
2016.09.08 09:24:59.572,1.72909,1.72941,1.00,1.50
2016.09.08 09:24:59.882,1.72909,1.72941,1.37,1.12
2016.09.08 09:24:59.932,1.72909,1.72941,1.50,1.00
2016.09.08 09:25:01.745,1.72912,1.72942,1.00,1.00
2016.09.08 09:25:01.946,1.7291,1.7294,1.12,1.00
2016.09.08 09:25:03.618,1.7291,1.72942,1.12,1.00
2016.09.08 09:25:03.854,1.72909,1.72941,1.50,1.00
2016.09.08 09:25:04.086,1.72909,1.72941,1.50,1.00
2016.09.08 09:25:04.137,1.7291,1.72942,1.12,1.00
2016.09.08 09:25:04.339,1.7291,1.7294,1.12,1.00
2016.09.08 09:25:04.441,1.7291,1.72942,1.12,1.00
2016.09.08 09:25:04.542,1.72908,1.72941,1.75,1.00
2016.09.08 09:25:04.745,1.72908,1.72939,2.25,1.00
2016.09.08 09:25:05.405,1.72908,1.72939,2.25,1.00
2016.09.08 09:25:05.608,1.72908,1.72939,2.25,1.00
2016.09.08 09:25:05.709,1.72908,1.7294,1.50,1.50
2016.09.08 09:25:06.102,1.72908,1.7294,1.50,1.50
2016.09.08 09:25:06.422,1.72908,1.72939,1.50,1.12
2016.09.08 09:25:06.822,1.72908,1.72939,1.00,1.12
2016.09.08 09:25:08.085,1.72909,1.72939,1.00,1.12
2016.09.08 09:25:08.136,1.72909,1.7294,1.00,1.50
2016.09.08 09:25:08.606,1.72909,1.7294,1.00,1.50
2016.09.08 09:25:08.707,1.72908,1.7294,1.50,1.50
2016.09.08 09:25:08.758,1.72908,1.7294,1.00,1.50
2016.09.08 09:25:08.809,1.72908,1.7294,1.00,1.50
2016.09.08 09:25:08.859,1.72908,1.72938,1.00,1.00
2016.09.08 09:25:08.961,1.72908,1.72936,1.00,1.00
2016.09.08 09:25:09.113,1.72908,1.72938,1.00,1.00
2016.09.08 09:25:09.214,1.72908,1.72939,1.00,1.12
2016.09.08 09:25:09.449,1.72908,1.72938,1.00,1.00
2016.09.08 09:25:09.652,1.72908,1.72939,1.00,1.12
2016.09.08 09:25:10.238,1.72908,1.72938,1.00,1.00
2016.09.08 09:25:10.781,1.72917,1.72938,1.00,1.00
2016.09.08 09:25:10.832,1.72917,1.72939,1.00,1.12
2016.09.08 09:25:10.882,1.72912,1.72939,1.00,1.12
2016.09.08 09:25:11.085,1.72909,1.72939,1.00,1.12
2016.09.08 09:25:11.237,1.7291,1.72941,1.00,1.75
2016.09.08 09:25:11.338,1.72914,1.72945,1.00,1.75
2016.09.08 09:25:11.389,1.72914,1.72945,1.00,1.75
2016.09.08 09:25:11.440,1.7291,1.72943,1.50,1.75
2016.09.08 09:25:11.592,1.72911,1.72943,1.00,1.75
2016.09.08 09:25:11.831,1.7291,1.7294,1.50,1.50
2016.09.08 09:25:11.882,1.7291,1.7294,1.00,1.50
2016.09.08 09:25:12.084,1.7291,1.7294,1.00,2.25
2016.09.08 09:25:12.135,1.72908,1.7294,1.50,1.50
2016.09.08 09:25:12.287,1.72908,1.7294,1.00,1.50
2016.09.08 09:25:12.338,1.72908,1.72937,1.00,1.00
2016.09.08 09:25:12.490,1.72901,1.72932,1.12,1.00
2016.09.08 09:25:12.557,1.729,1.7293,1.50,1.00
2016.09.08 09:25:12.607,1.729,1.7293,2.25,1.00
2016.09.08 09:25:12.658,1.729,1.72932,1.50,1.75
2016.09.08 09:25:12.810,1.729,1.72932,1.00,1.75
2016.09.08 09:25:12.998,1.729,1.72932,1.50,1.75
2016.09.08 09:25:13.149,1.729,1.72934,1.50,1.75
2016.09.08 09:25:13.402,1.72901,1.72934,1.00,1.75
2016.09.08 09:25:13.504,1.72901,1.72934,1.00,1.75
2016.09.08 09:25:13.759,1.72901,1.72935,1.00,1.75
2016.09.08 09:25:13.860,1.72901,1.72934,1.00,1.75
2016.09.08 09:25:14.748,1.72901,1.72932,1.00,1.75
2016.09.08 09:25:15.254,1.72901,1.72933,1.00,1.75
2016.09.08 09:25:16.219,1.72901,1.72932,1.00,1.75
2016.09.08 09:25:17.321,1.72901,1.72931,1.00,1.75
2016.09.08 09:25:17.477,1.72902,1.72933,1.00,1.75
2016.09.08 09:25:17.630,1.72903,1.72935,1.12,1.12
2016.09.08 09:25:17.681,1.72902,1.72935,1.50,1.87
2016.09.08 09:25:17.732,1.72902,1.72933,1.50,1.00
2016.09.08 09:25:17.783,1.72907,1.72933,1.00,1.00
2016.09.08 09:25:18.253,1.72912,1.72936,1.00,1.50
2016.09.08 09:25:18.304,1.72912,1.72937,1.00,1.75
2016.09.08 09:25:18.355,1.72912,1.72938,1.00,1.00
2016.09.08 09:25:18.658,1.72912,1.72935,1.00,1.00
2016.09.08 09:25:18.934,1.72912,1.72937,1.00,1.00
2016.09.08 09:25:19.238,1.72912,1.72935,1.00,1.00
2016.09.08 09:25:20.471,1.72906,1.72935,1.00,1.00
2016.09.08 09:25:20.674,1.729,1.72931,2.62,1.00
2016.09.08 09:25:20.724,1.729,1.72931,1.87,1.50
2016.09.08 09:25:20.775,1.729,1.72929,1.50,1.00
2016.09.08 09:25:20.826,1.729,1.72929,1.00,1.00
2016.09.08 09:25:20.928,1.72898,1.72928,1.50,1.00
2016.09.08 09:25:21.080,1.72901,1.72928,1.00,1.00
2016.09.08 09:25:21.131,1.72901,1.72926,1.00,1.00
2016.09.08 09:25:21.232,1.72901,1.72929,1.00,1.50
2016.09.08 09:25:21.332,1.72901,1.72929,1.00,1.00
2016.09.08 09:25:21.386,1.72919,1.72931,1.00,1.00
2016.09.08 09:25:21.438,1.72927,1.72934,1.00,1.37
2016.09.08 09:25:21.489,1.72922,1.72944,1.75,1.00
2016.09.08 09:25:21.540,1.72924,1.72953,1.37,1.12
2016.09.08 09:25:21.592,1.72924,1.72954,1.00,1.00
2016.09.08 09:25:21.744,1.7292,1.72948,1.00,1.50
2016.09.08 09:25:21.948,1.72921,1.72948,1.00,1.00
2016.09.08 09:25:22.489,1.7292,1.72948,1.00,1.00
2016.09.08 09:25:22.590,1.7292,1.72949,1.00,1.00
2016.09.08 09:25:22.641,1.72919,1.72952,1.87,1.37
2016.09.08 09:25:22.691,1.72919,1.72952,2.25,1.75
2016.09.08 09:25:22.742,1.72922,1.72953,1.00,1.75
2016.09.08 09:25:22.961,1.72921,1.72954,1.50,1.75
2016.09.08 09:25:23.046,1.72924,1.72955,1.00,1.75
2016.09.08 09:25:23.097,1.72924,1.7295,1.00,1.12
2016.09.08 09:25:23.450,1.72922,1.7295,1.00,1.12
2016.09.08 09:25:23.653,1.7292,1.7295,1.00,1.87
2016.09.08 09:25:24.169,1.72918,1.72949,2.25,1.00
2016.09.08 09:25:24.604,1.72918,1.72949,1.50,1.00
2016.09.08 09:25:26.254,1.72918,1.72948,1.50,1.00
2016.09.08 09:25:26.457,1.72918,1.72945,1.00,1.12
2016.09.08 09:25:27.378,1.72915,1.72942,1.00,1.00
2016.09.08 09:25:27.530,1.72915,1.72942,1.50,1.00
2016.09.08 09:25:27.632,1.72915,1.72942,1.00,1.00
2016.09.08 09:25:28.177,1.72915,1.72943,1.00,1.00
2016.09.08 09:25:28.228,1.72915,1.72943,1.50,1.00
2016.09.08 09:25:28.279,1.72916,1.72947,1.00,1.00
2016.09.08 09:25:28.380,1.72916,1.72949,1.50,1.50
2016.09.08 09:25:28.482,1.72916,1.72946,1.50,1.00
2016.09.08 09:25:28.583,1.72916,1.72945,1.00,1.00
2016.09.08 09:25:28.769,1.72915,1.72945,2.25,1.00
2016.09.08 09:25:28.820,1.72915,1.72945,1.50,1.00
2016.09.08 09:25:29.184,1.72915,1.72945,1.00,1.00
2016.09.08 09:25:29.286,1.72915,1.72942,1.00,1.00
2016.09.08 09:25:29.438,1.72915,1.72945,1.00,1.00
2016.09.08 09:25:29.742,1.72915,1.72945,1.50,1.00
2016.09.08 09:25:29.981,1.72915,1.72945,2.25,1.00
2016.09.08 09:25:30.032,1.72916,1.72945,1.00,1.00
2016.09.08 09:25:30.083,1.72916,1.72949,1.50,1.75
2016.09.08 09:25:30.184,1.72917,1.7295,1.00,2.25
2016.09.08 09:25:30.235,1.72918,1.7295,1.00,1.75
2016.09.08 09:25:30.286,1.72927,1.72949,1.00,1.00
2016.09.08 09:25:30.337,1.72927,1.72953,1.00,1.00
2016.09.08 09:25:30.438,1.72927,1.72957,1.00,1.75
2016.09.08 09:25:30.489,1.72927,1.72957,1.00,1.12
2016.09.08 09:25:30.539,1.72927,1.72957,1.00,1.12
2016.09.08 09:25:31.038,1.72927,1.72957,1.00,1.87
2016.09.08 09:25:31.372,1.72927,1.72957,1.00,1.12
2016.09.08 09:25:31.473,1.72927,1.72955,1.00,1.00
2016.09.08 09:25:31.888,1.72927,1.72955,1.12,1.00
2016.09.08 09:25:31.989,1.72926,1.72955,2.25,1.00
2016.09.08 09:25:32.091,1.72926,1.72955,1.50,1.00
2016.09.08 09:25:32.581,1.72926,1.72955,1.00,1.00
2016.09.08 09:25:32.959,1.72926,1.72953,1.00,1.00
2016.09.08 09:25:33.212,1.72926,1.72954,1.50,1.00
2016.09.08 09:25:33.313,1.72926,1.72954,1.00,1.00
2016.09.08 09:25:33.516,1.72926,1.72954,1.50,1.00
2016.09.08 09:25:33.566,1.72926,1.72954,2.25,1.00
2016.09.08 09:25:33.617,1.72927,1.72954,1.00,1.00
2016.09.08 09:25:33.721,1.72926,1.72954,1.50,1.00
2016.09.08 09:25:33.772,1.72932,1.72954,1.00,1.00
2016.09.08 09:25:33.873,1.72932,1.72961,1.00,1.75
2016.09.08 09:25:34.021,1.72932,1.72961,1.00,2.25
2016.09.08 09:25:34.072,1.72926,1.72954,1.00,1.00
2016.09.08 09:25:34.225,1.72926,1.72952,1.00,1.12
2016.09.08 09:25:35.551,1.72926,1.7295,1.00,1.00
2016.09.08 09:25:39.063,1.72921,1.7295,1.00,1.00
2016.09.08 09:25:39.970,1.72921,1.72951,1.00,1.00
2016.09.08 09:25:40.122,1.72921,1.72951,1.00,1.37
2016.09.08 09:25:40.173,1.72921,1.72944,1.00,1.00
2016.09.08 09:25:40.224,1.72917,1.72944,1.00,1.00
2016.09.08 09:25:41.177,1.72917,1.72943,1.00,1.00
2016.09.08 09:25:42.772,1.72917,1.72944,1.00,1.00
2016.09.08 09:25:47.343,1.72915,1.72944,1.00,1.00
2016.09.08 09:25:47.393,1.72915,1.72942,1.00,1.00
2016.09.08 09:25:47.633,1.72915,1.72939,1.00,1.12
2016.09.08 09:25:47.684,1.72915,1.72938,1.00,1.00
2016.09.08 09:25:47.785,1.72915,1.72939,1.00,1.12
2016.09.08 09:25:47.836,1.72911,1.72939,1.00,1.12
2016.09.08 09:25:48.039,1.72911,1.72939,1.00,1.12
2016.09.08 09:25:48.292,1.72911,1.72941,1.00,1.75
2016.09.08 09:25:48.342,1.72911,1.72941,1.87,1.37
2016.09.08 09:25:48.393,1.72911,1.72943,1.87,1.00
2016.09.08 09:25:48.444,1.72911,1.72943,1.12,1.00
2016.09.08 09:25:48.596,1.72911,1.7294,1.12,1.00
2016.09.08 09:25:50.460,1.72911,1.7294,1.87,1.00
2016.09.08 09:25:50.562,1.72919,1.72947,1.37,1.87
2016.09.08 09:25:50.613,1.72919,1.72947,1.50,1.00
2016.09.08 09:25:50.664,1.72922,1.72953,1.00,3.00
2016.09.08 09:25:50.715,1.72922,1.72953,1.50,1.50
2016.09.08 09:25:50.766,1.72924,1.72954,1.00,1.75
2016.09.08 09:25:50.817,1.72924,1.72956,1.00,1.75
2016.09.08 09:25:50.867,1.72924,1.72956,1.37,1.37
2016.09.08 09:25:50.918,1.72924,1.72956,1.50,1.00
2016.09.08 09:25:53.633,1.72924,1.72956,1.12,1.71
2016.09.08 09:25:53.684,1.72922,1.72952,1.37,1.00
2016.09.08 09:25:53.734,1.72922,1.72952,1.00,1.00
2016.09.08 09:25:54.803,1.72921,1.72952,1.00,1.00
2016.09.08 09:25:54.904,1.7292,1.72952,1.50,1.00
2016.09.08 09:25:55.307,1.72921,1.72952,1.00,1.00
2016.09.08 09:25:56.708,1.7292,1.72952,1.50,1.00
2016.09.08 09:25:57.280,1.7292,1.72951,1.50,1.00
2016.09.08 09:25:57.561,1.7292,1.72949,1.00,1.00
2016.09.08 09:25:57.912,1.7292,1.72947,1.00,1.00
2016.09.08 09:26:04.272,1.7292,1.72948,1.00,1.00
2016.09.08 09:26:05.076,1.7292,1.72948,1.00,1.00
2016.09.08 09:26:05.185,1.7292,1.72952,1.00,1.34
2016.09.08 09:26:05.388,1.7292,1.72949,1.00,1.00
2016.09.08 09:26:07.032,1.7292,1.72949,1.00,1.34
2016.09.08 09:26:07.083,1.72917,1.72948,1.37,1.34
2016.09.08 09:26:07.134,1.72915,1.72948,1.12,1.34
2016.09.08 09:26:07.185,1.72913,1.72946,1.87,1.46
2016.09.08 09:26:07.235,1.72913,1.72946,1.50,1.84
2016.09.08 09:26:07.387,1.7291,1.72941,1.75,1.00
2016.09.08 09:26:07.438,1.7291,1.72941,1.75,1.00
2016.09.08 09:26:07.489,1.72908,1.72939,1.50,1.00
2016.09.08 09:26:07.660,1.72908,1.72939,1.12,1.00
2016.09.08 09:26:09.823,1.72907,1.72939,1.50,1.00
2016.09.08 09:26:10.105,1.72907,1.72939,1.50,1.00
2016.09.08 09:26:10.215,1.72907,1.72939,1.50,1.00
2016.09.08 09:26:11.027,1.72907,1.72939,1.50,1.00
2016.09.08 09:26:12.918,1.72912,1.72939,1.00,1.00
2016.09.08 09:26:13.019,1.72912,1.72943,1.12,1.37
2016.09.08 09:26:13.070,1.72912,1.72943,1.12,1.00
2016.09.08 09:26:14.238,1.7291,1.72943,1.75,1.00
2016.09.08 09:26:14.341,1.72909,1.72939,1.37,1.00
2016.09.08 09:26:14.392,1.72909,1.72939,1.00,1.00
2016.09.08 09:26:14.493,1.72909,1.72941,1.00,1.87
2016.09.08 09:26:14.595,1.72908,1.72938,1.87,1.00
2016.09.08 09:26:14.898,1.72908,1.72938,1.12,1.00
2016.09.08 09:26:15.211,1.7291,1.7294,1.00,1.00
2016.09.08 09:26:15.796,1.72909,1.72939,1.00,1.00
2016.09.08 09:26:16.097,1.72909,1.72941,1.00,1.12
2016.09.08 09:26:21.030,1.72907,1.72939,3.75,1.00
2016.09.08 09:26:21.131,1.72907,1.72939,3.00,1.00
2016.09.08 09:26:23.537,1.72908,1.72941,1.12,1.12
2016.09.08 09:26:23.740,1.72908,1.72941,1.87,1.12
2016.09.08 09:26:23.842,1.72909,1.72942,1.00,1.50
2016.09.08 09:26:24.034,1.72911,1.72943,1.00,2.25
2016.09.08 09:26:24.338,1.72913,1.72943,1.00,2.25
2016.09.08 09:26:24.440,1.72911,1.72943,1.50,2.25
2016.09.08 09:26:24.541,1.72911,1.72943,1.00,2.25
2016.09.08 09:26:24.947,1.72911,1.72943,1.00,2.25
2016.09.08 09:26:25.742,1.72911,1.72943,1.00,2.25
2016.09.08 09:26:26.028,1.72911,1.72943,1.00,2.25
2016.09.08 09:26:26.079,1.72911,1.72943,1.00,1.75
2016.09.08 09:26:26.130,1.7291,1.72941,1.50,1.12
2016.09.08 09:26:26.643,1.7291,1.72941,1.00,1.12
2016.09.08 09:26:27.599,1.72911,1.72942,1.00,1.50
2016.09.08 09:26:27.796,1.7291,1.7294,1.00,1.00
2016.09.08 09:26:27.948,1.7291,1.7294,1.00,1.00
2016.09.08 09:26:28.371,1.7291,1.7294,1.00,1.00
2016.09.08 09:26:28.428,1.7291,1.7294,1.50,1.00
2016.09.08 09:26:30.514,1.7291,1.7294,1.00,1.00
2016.09.08 09:26:32.911,1.72911,1.72942,1.37,1.37
2016.09.08 09:26:32.962,1.72922,1.72947,1.00,1.50
2016.09.08 09:26:33.063,1.72917,1.72947,1.00,1.00
2016.09.08 09:26:33.114,1.72917,1.72948,1.50,1.00
2016.09.08 09:26:33.373,1.72922,1.72948,1.00,1.00
2016.09.08 09:26:33.924,1.72921,1.72948,1.00,1.00
2016.09.08 09:26:37.894,1.72917,1.72948,1.50,1.00
2016.09.08 09:26:38.249,1.72917,1.72948,1.00,1.00
2016.09.08 09:26:38.452,1.72916,1.72946,1.00,1.00
2016.09.08 09:26:38.798,1.72922,1.72946,1.00,1.00
2016.09.08 09:26:38.851,1.72922,1.72948,1.00,1.50
2016.09.08 09:26:39.408,1.72922,1.72948,1.00,1.00
2016.09.08 09:26:40.490,1.72921,1.72948,1.00,1.00
2016.09.08 09:26:40.642,1.72921,1.72951,1.50,1.09
2016.09.08 09:26:40.793,1.72921,1.72951,1.00,1.09
2016.09.08 09:26:40.945,1.72921,1.72951,1.00,1.34
2016.09.08 09:26:43.341,1.72919,1.72949,1.50,1.09
2016.09.08 09:26:43.754,1.72918,1.72949,2.25,1.09
2016.09.08 09:26:44.504,1.72919,1.72949,1.50,1.09
2016.09.08 09:26:44.605,1.72918,1.72949,2.25,1.09
2016.09.08 09:26:45.067,1.72918,1.72949,1.75,1.09
2016.09.08 09:26:45.522,1.72917,1.72948,1.75,1.00
2016.09.08 09:26:45.674,1.72917,1.72948,2.25,1.00
2016.09.08 09:26:45.725,1.72917,1.72948,1.50,1.50
2016.09.08 09:26:45.776,1.72917,1.72948,1.00,1.50
2016.09.08 09:26:45.909,1.72916,1.72946,1.00,1.00
2016.09.08 09:26:47.469,1.72922,1.72946,1.00,1.00
2016.09.08 09:26:47.722,1.72922,1.72948,1.00,1.50
2016.09.08 09:26:49.147,1.72922,1.72947,1.00,1.00
2016.09.08 09:26:50.075,1.72917,1.72947,1.00,1.00
2016.09.08 09:26:50.461,1.72922,1.72947,1.00,1.00
2016.09.08 09:26:51.562,1.72921,1.72947,1.00,1.00
2016.09.08 09:26:52.262,1.72922,1.72947,1.00,1.00
2016.09.08 09:26:53.387,1.72921,1.72947,1.00,1.00
2016.09.08 09:26:53.634,1.72927,1.72954,1.00,1.09
2016.09.08 09:26:53.786,1.72927,1.72954,1.00,1.09
2016.09.08 09:26:53.837,1.72927,1.72955,1.00,1.84
2016.09.08 09:26:54.228,1.72927,1.72955,1.00,1.50
2016.09.08 09:26:57.953,1.72927,1.72954,1.00,1.00
2016.09.08 09:26:58.308,1.72932,1.72954,1.00,1.00
2016.09.08 09:26:58.359,1.72932,1.72956,1.00,1.00
2016.09.08 09:26:59.434,1.72932,1.72947,1.00,1.00
2016.09.08 09:26:59.484,1.72922,1.72947,2.25,1.00
2016.09.08 09:26:59.535,1.72922,1.72947,1.75,1.00
2016.09.08 09:26:59.746,1.72922,1.72944,1.00,1.00
2016.09.08 09:27:01.772,1.72921,1.72944,1.00,1.00
2016.09.08 09:27:02.332,1.72922,1.72944,1.00,1.00
2016.09.08 09:27:06.078,1.72927,1.72944,1.00,1.00
2016.09.08 09:27:06.700,1.72926,1.72944,1.00,1.00
2016.09.08 09:27:07.228,1.72926,1.72943,1.00,1.00
2016.09.08 09:27:07.877,1.72922,1.72943,1.00,1.00
2016.09.08 09:27:10.280,1.72921,1.72943,1.00,1.00
2016.09.08 09:27:11.982,1.72922,1.72943,1.00,1.00
2016.09.08 09:27:12.215,1.72917,1.72943,1.00,1.00
2016.09.08 09:27:12.367,1.72917,1.7294,1.00,1.00
2016.09.08 09:27:14.148,1.72917,1.72937,1.00,1.00
2016.09.08 09:27:15.254,1.72917,1.72941,1.00,1.00
2016.09.08 09:27:15.457,1.72916,1.72943,1.00,1.00
2016.09.08 09:27:15.698,1.72916,1.72941,1.00,1.00
2016.09.08 09:27:16.007,1.72916,1.72937,1.00,1.00
2016.09.08 09:27:19.958,1.72916,1.7294,1.00,1.00
2016.09.08 09:27:20.059,1.72916,1.72944,1.00,1.12
2016.09.08 09:27:20.160,1.72916,1.72946,1.00,1.50
2016.09.08 09:27:20.211,1.72916,1.72946,1.75,1.00
2016.09.08 09:27:20.262,1.72916,1.72944,1.75,1.00
2016.09.08 09:27:20.312,1.72921,1.72944,1.00,1.00
2016.09.08 09:27:20.414,1.72917,1.72944,1.50,1.00
2016.09.08 09:27:22.555,1.72917,1.72942,1.50,1.00
2016.09.08 09:27:22.606,1.72917,1.72942,1.00,1.00
2016.09.08 09:27:25.272,1.72917,1.7294,1.00,1.00
2016.09.08 09:27:25.605,1.72916,1.7294,1.12,1.00
2016.09.08 09:27:26.563,1.72916,1.72942,1.12,1.00
2016.09.08 09:27:27.234,1.72916,1.72944,1.12,1.00
2016.09.08 09:27:29.832,1.72916,1.72942,1.12,1.00
2016.09.08 09:27:30.544,1.72916,1.72943,1.12,1.00
2016.09.08 09:27:30.842,1.72913,1.72943,1.75,1.00
2016.09.08 09:27:31.202,1.72916,1.72943,1.12,1.00
2016.09.08 09:27:31.736,1.72916,1.7294,1.12,1.00
2016.09.08 09:27:31.939,1.72916,1.72943,1.12,1.00
2016.09.08 09:27:32.151,1.72912,1.72943,1.75,1.00
2016.09.08 09:27:32.252,1.72912,1.72943,2.25,1.00
2016.09.08 09:27:32.837,1.72912,1.72943,1.75,1.00
2016.09.08 09:27:33.222,1.72916,1.72943,1.12,1.00
2016.09.08 09:27:34.354,1.72914,1.72944,2.25,1.00
2016.09.08 09:27:36.466,1.72914,1.72945,2.25,1.09
2016.09.08 09:27:36.617,1.72916,1.72945,1.12,1.09
2016.09.08 09:27:36.669,1.72916,1.72942,1.12,1.00
2016.09.08 09:27:36.808,1.72915,1.72942,1.50,1.00
2016.09.08 09:27:37.312,1.72915,1.72943,1.50,1.00
2016.09.08 09:27:37.363,1.72916,1.72943,1.12,1.00
2016.09.08 09:27:37.664,1.72915,1.72943,1.50,1.00
2016.09.08 09:27:39.822,1.72916,1.72943,1.12,1.00
2016.09.08 09:27:40.361,1.72916,1.72942,1.12,1.00
2016.09.08 09:27:41.653,1.72916,1.72941,1.12,1.00
2016.09.08 09:27:41.856,1.72916,1.72938,1.12,1.00
2016.09.08 09:27:42.361,1.72915,1.72938,1.37,1.00
2016.09.08 09:27:43.023,1.72916,1.72938,1.12,1.00
2016.09.08 09:27:44.241,1.72916,1.7294,1.12,1.00
2016.09.08 09:27:45.232,1.72915,1.7294,1.37,1.00
2016.09.08 09:27:45.283,1.72915,1.72938,1.00,1.00
2016.09.08 09:27:45.384,1.72911,1.72938,1.12,1.00
2016.09.08 09:27:48.364,1.72911,1.72939,1.12,1.00
2016.09.08 09:27:49.542,1.72912,1.72939,1.00,1.00
2016.09.08 09:27:51.530,1.72917,1.72939,1.00,1.00
2016.09.08 09:27:51.834,1.72922,1.72939,1.00,1.00
2016.09.08 09:27:53.910,1.72917,1.72939,1.00,1.00
2016.09.08 09:27:54.063,1.72911,1.72938,1.37,1.00
2016.09.08 09:27:54.164,1.72917,1.72938,1.00,1.00
2016.09.08 09:27:54.699,1.72912,1.72939,1.00,1.00
2016.09.08 09:27:57.766,1.72911,1.72939,1.00,1.00
2016.09.08 09:27:57.868,1.72911,1.72937,1.00,1.00
2016.09.08 09:27:57.919,1.72911,1.72937,1.00,1.12
2016.09.08 09:27:57.970,1.72911,1.72933,1.00,1.00
2016.09.08 09:27:58.569,1.72912,1.72933,1.00,1.00
2016.09.08 09:27:59.078,1.72912,1.72935,1.00,1.00
2016.09.08 09:27:59.237,1.72912,1.72932,1.00,1.00
2016.09.08 09:27:59.778,1.72912,1.7293,1.00,1.00
2016.09.08 09:28:01.975,1.72912,1.72932,1.00,1.00
2016.09.08 09:28:02.476,1.72912,1.72931,1.00,1.00
2016.09.08 09:28:04.189,1.72912,1.72938,1.00,1.50
2016.09.08 09:28:05.145,1.72906,1.72938,1.00,1.50
2016.09.08 09:28:06.497,1.72906,1.72938,1.00,1.50
2016.09.08 09:28:06.800,1.72906,1.72938,1.00,1.50
2016.09.08 09:28:07.204,1.72906,1.72938,1.00,1.50
2016.09.08 09:28:07.356,1.72904,1.72938,1.00,1.50
2016.09.08 09:28:07.407,1.72901,1.72937,1.75,1.12
2016.09.08 09:28:07.458,1.72901,1.72929,1.75,1.00
2016.09.08 09:28:07.650,1.72901,1.72933,1.75,1.00
2016.09.08 09:28:07.751,1.72901,1.72932,1.75,1.00
2016.09.08 09:28:07.801,1.72901,1.7293,1.37,1.00
2016.09.08 09:28:07.852,1.72901,1.7293,1.00,1.00
2016.09.08 09:28:08.374,1.72902,1.7293,1.00,1.00
2016.09.08 09:28:09.151,1.729,1.7293,1.00,1.00
2016.09.08 09:28:09.448,1.72898,1.7293,1.12,1.00
2016.09.08 09:28:09.499,1.72896,1.72926,1.75,1.00
2016.09.08 09:28:09.601,1.72896,1.72926,1.37,1.12
2016.09.08 09:28:09.651,1.72896,1.72926,1.00,1.50
2016.09.08 09:28:09.803,1.72896,1.72924,1.00,1.00
2016.09.08 09:28:10.646,1.72897,1.72924,1.00,1.00
2016.09.08 09:28:12.558,1.72897,1.72924,1.37,1.00
2016.09.08 09:28:12.609,1.72897,1.72924,1.50,1.00
2016.09.08 09:28:12.710,1.72897,1.72927,1.50,1.00
2016.09.08 09:28:13.194,1.72912,1.72924,1.00,1.00
2016.09.08 09:28:13.295,1.72912,1.72938,1.00,1.75
2016.09.08 09:28:13.346,1.72912,1.72938,1.00,1.37
2016.09.08 09:28:13.397,1.72912,1.7294,1.00,1.00
2016.09.08 09:28:13.498,1.72911,1.7294,1.12,1.00
2016.09.08 09:28:13.549,1.7291,1.7294,1.50,1.00
2016.09.08 09:28:13.599,1.72911,1.72942,1.12,1.00
2016.09.08 09:28:13.650,1.72911,1.72942,1.87,1.00
2016.09.08 09:28:13.751,1.72911,1.72942,1.12,1.00
2016.09.08 09:28:13.962,1.7291,1.72942,1.50,1.00
2016.09.08 09:28:14.161,1.72912,1.72942,1.00,1.00
2016.09.08 09:28:14.253,1.72912,1.72943,1.50,1.00
2016.09.08 09:28:14.714,1.72912,1.72943,1.50,1.00
2016.09.08 09:28:15.286,1.72912,1.72943,1.00,1.00
2016.09.08 09:28:15.668,1.72912,1.72943,1.50,1.50
2016.09.08 09:28:15.745,1.72912,1.72943,1.50,1.87
2016.09.08 09:28:15.796,1.72912,1.72937,1.00,1.00
2016.09.08 09:28:15.847,1.72912,1.72937,1.00,1.00
2016.09.08 09:28:15.897,1.72907,1.72937,2.25,1.00
2016.09.08 09:28:15.948,1.72907,1.72937,1.37,1.12
2016.09.08 09:28:15.999,1.72907,1.72935,1.00,1.00
2016.09.08 09:28:16.511,1.72906,1.72935,1.00,1.00
2016.09.08 09:28:16.899,1.72906,1.72935,1.00,1.00
2016.09.08 09:28:17.488,1.72907,1.72935,1.00,1.00
2016.09.08 09:28:20.575,1.72907,1.72935,1.00,1.50
2016.09.08 09:28:20.676,1.72907,1.72933,1.00,1.00
2016.09.08 09:28:20.727,1.72907,1.72933,1.00,1.00
2016.09.08 09:28:20.778,1.72902,1.72929,1.12,1.00
2016.09.08 09:28:20.829,1.72902,1.72929,1.00,1.00
2016.09.08 09:28:20.930,1.72901,1.72929,1.00,1.00
2016.09.08 09:28:21.439,1.72902,1.72928,1.00,1.00
2016.09.08 09:28:21.692,1.72898,1.72928,1.00,1.00
2016.09.08 09:28:24.306,1.72901,1.72928,1.00,1.00
2016.09.08 09:28:24.711,1.72901,1.72926,1.00,1.00
2016.09.08 09:28:25.590,1.72901,1.72927,1.00,1.00
2016.09.08 09:28:25.940,1.72901,1.72927,1.00,1.50
2016.09.08 09:28:26.116,1.72898,1.72927,1.00,1.00
2016.09.08 09:28:26.218,1.72898,1.72926,1.00,1.50
2016.09.08 09:28:26.268,1.72896,1.72925,1.37,1.00
2016.09.08 09:28:26.319,1.72896,1.72925,1.00,1.00
2016.09.08 09:28:28.468,1.72896,1.72926,1.00,1.00
2016.09.08 09:28:28.813,1.72911,1.72934,1.50,1.00
2016.09.08 09:28:28.914,1.72911,1.72938,1.00,1.00
2016.09.08 09:28:28.965,1.72911,1.72939,1.00,1.50
2016.09.08 09:28:29.016,1.72914,1.72939,1.00,1.00
2016.09.08 09:28:29.321,1.72916,1.72939,1.00,1.00
2016.09.08 09:28:29.717,1.72912,1.72943,1.00,1.00
2016.09.08 09:28:30.008,1.72912,1.72943,1.00,1.00
2016.09.08 09:28:30.109,1.72913,1.72944,1.00,1.50
2016.09.08 09:28:31.110,1.72915,1.72944,1.00,1.50
2016.09.08 09:28:31.161,1.72915,1.72944,1.00,1.00
2016.09.08 09:28:31.466,1.72915,1.72944,1.00,1.50
2016.09.08 09:28:31.567,1.72915,1.72944,1.00,1.00
2016.09.08 09:28:33.871,1.72915,1.72944,1.00,1.50
2016.09.08 09:28:34.382,1.72912,1.72944,1.00,1.50
2016.09.08 09:28:34.701,1.72912,1.72943,1.50,1.00
2016.09.08 09:28:39.486,1.72912,1.72943,1.50,1.50
2016.09.08 09:28:41.387,1.72912,1.72943,2.25,1.50
2016.09.08 09:28:41.582,1.72912,1.72943,2.25,1.00
2016.09.08 09:28:43.089,1.72912,1.72943,1.50,1.00
2016.09.08 09:28:45.263,1.72912,1.72941,1.00,1.00
2016.09.08 09:28:45.627,1.72908,1.7294,2.25,1.00
2016.09.08 09:28:45.729,1.72908,1.7294,3.00,1.00
2016.09.08 09:28:46.771,1.72908,1.7294,3.00,1.50
2016.09.08 09:28:46.923,1.72908,1.72939,3.00,1.00
2016.09.08 09:28:48.017,1.72908,1.7294,3.00,1.50
2016.09.08 09:28:48.074,1.72908,1.7294,3.00,1.00
2016.09.08 09:28:48.293,1.72908,1.72935,2.62,1.00
2016.09.08 09:28:48.344,1.72908,1.72935,1.00,1.00
2016.09.08 09:28:48.395,1.72907,1.72933,1.00,1.00
2016.09.08 09:28:48.446,1.72902,1.72932,1.75,1.00
2016.09.08 09:28:48.496,1.72901,1.72931,1.37,1.00
2016.09.08 09:28:48.547,1.72901,1.72931,1.00,1.00
2016.09.08 09:28:48.819,1.72901,1.72932,1.00,1.50
2016.09.08 09:28:49.001,1.72901,1.72932,1.50,1.50
2016.09.08 09:28:49.220,1.72901,1.72931,1.50,1.00
2016.09.08 09:28:49.726,1.72901,1.72932,1.50,1.00
2016.09.08 09:28:50.222,1.72906,1.72932,1.00,1.00
2016.09.08 09:28:50.273,1.72909,1.72937,1.00,1.00
2016.09.08 09:28:50.512,1.72905,1.72935,1.00,1.00
2016.09.08 09:28:50.563,1.72904,1.72935,1.50,1.00
2016.09.08 09:28:50.614,1.72904,1.72935,1.00,1.00
2016.09.08 09:28:51.676,1.72907,1.72935,1.00,1.00
2016.09.08 09:28:52.014,1.72912,1.72938,1.37,1.50
2016.09.08 09:28:52.065,1.72918,1.72945,1.00,1.00
2016.09.08 09:28:52.167,1.72917,1.72946,1.12,1.00
2016.09.08 09:28:52.543,1.72914,1.72946,1.75,1.00
2016.09.08 09:28:52.696,1.72914,1.72947,1.75,1.50
2016.09.08 09:28:52.746,1.72918,1.72947,1.00,1.00
2016.09.08 09:28:53.078,1.72919,1.72949,1.00,1.12
2016.09.08 09:28:53.129,1.72919,1.7295,1.37,1.12
2016.09.08 09:28:53.180,1.72921,1.72953,1.50,2.25
2016.09.08 09:28:53.231,1.72921,1.72953,1.50,1.00
2016.09.08 09:28:53.281,1.72924,1.72955,1.00,1.00
2016.09.08 09:28:53.332,1.72925,1.72956,1.12,2.62
2016.09.08 09:28:53.383,1.72925,1.72956,1.50,1.50
2016.09.08 09:28:53.535,1.72925,1.72956,1.50,1.00
2016.09.08 09:28:53.838,1.72925,1.72955,1.00,1.50
2016.09.08 09:28:53.889,1.72925,1.72953,1.00,1.00
2016.09.08 09:28:54.499,1.72925,1.72953,1.00,1.50
2016.09.08 09:28:54.651,1.72925,1.72952,1.00,1.00
2016.09.08 09:28:55.235,1.72925,1.72952,1.00,1.50
2016.09.08 09:28:55.386,1.72925,1.72952,1.00,1.00
2016.09.08 09:28:55.936,1.72925,1.72951,1.00,1.00
2016.09.08 09:28:55.987,1.72918,1.72951,1.50,1.00
2016.09.08 09:28:56.038,1.72918,1.7295,1.00,1.50
2016.09.08 09:28:56.191,1.72918,1.72938,1.00,1.00
2016.09.08 09:28:56.292,1.72912,1.72938,1.50,1.00
2016.09.08 09:28:56.433,1.72907,1.72938,1.75,1.00
2016.09.08 09:28:56.485,1.72907,1.72938,1.37,1.00
2016.09.08 09:28:56.536,1.72905,1.72937,2.25,1.00
2016.09.08 09:28:57.190,1.72905,1.72938,2.25,1.00
2016.09.08 09:28:57.338,1.72905,1.72938,2.25,1.00
2016.09.08 09:28:57.715,1.72905,1.72938,2.25,1.00
2016.09.08 09:28:57.955,1.72905,1.72938,3.00,1.00
2016.09.08 09:28:58.441,1.72905,1.72936,2.25,1.00
2016.09.08 09:28:58.492,1.72905,1.72936,1.75,1.00
2016.09.08 09:28:58.543,1.72905,1.72936,1.75,1.00
2016.09.08 09:28:59.205,1.72905,1.72937,1.75,1.50
2016.09.08 09:28:59.256,1.72905,1.72937,1.75,1.00
2016.09.08 09:28:59.306,1.72905,1.72935,1.75,1.00
2016.09.08 09:28:59.407,1.72905,1.72934,1.75,1.00
2016.09.08 09:29:00.060,1.72903,1.72934,3.00,1.00
2016.09.08 09:29:00.244,1.72903,1.72936,2.25,1.00
2016.09.08 09:29:01.665,1.72902,1.72936,2.25,1.00
2016.09.08 09:29:01.716,1.72902,1.72935,2.25,1.00
2016.09.08 09:29:01.766,1.72902,1.72935,1.75,1.00
2016.09.08 09:29:01.817,1.72902,1.72935,1.12,1.12
2016.09.08 09:29:02.799,1.72902,1.72935,1.12,1.12
2016.09.08 09:29:02.900,1.72901,1.72934,2.25,1.00
2016.09.08 09:29:03.002,1.72901,1.72934,1.50,1.00
2016.09.08 09:29:04.326,1.72901,1.72934,1.50,1.00
2016.09.08 09:29:04.376,1.72901,1.72934,2.25,1.00
2016.09.08 09:29:04.427,1.72901,1.72937,3.00,2.25
2016.09.08 09:29:04.478,1.72905,1.72937,1.00,1.75
2016.09.08 09:29:04.579,1.72905,1.72937,1.50,1.75
2016.09.08 09:29:04.630,1.72905,1.72937,1.50,1.75
2016.09.08 09:29:04.956,1.72905,1.7294,1.50,1.75
2016.09.08 09:29:05.006,1.72905,1.7294,1.50,1.37
2016.09.08 09:29:05.057,1.72906,1.7294,1.12,1.37
2016.09.08 09:29:05.703,1.72906,1.72939,1.12,1.12
2016.09.08 09:29:06.593,1.72906,1.7294,1.12,1.37
2016.09.08 09:29:06.706,1.72906,1.72939,1.12,1.12
2016.09.08 09:29:06.858,1.72905,1.72939,2.62,1.12
2016.09.08 09:29:06.909,1.72905,1.7294,2.62,1.37
2016.09.08 09:29:07.808,1.72905,1.7294,2.62,1.37
2016.09.08 09:29:07.909,1.72906,1.72939,1.12,1.12
2016.09.08 09:29:08.481,1.72905,1.72939,1.87,1.12
2016.09.08 09:29:08.532,1.72905,1.72939,1.87,1.12
2016.09.08 09:29:08.583,1.72905,1.72939,1.37,1.12
2016.09.08 09:29:08.851,1.72905,1.72939,1.87,1.12
2016.09.08 09:29:09.017,1.72905,1.72938,1.87,1.00
2016.09.08 09:29:09.270,1.72905,1.72937,1.37,1.00
2016.09.08 09:29:09.534,1.72905,1.72937,1.37,1.00
2016.09.08 09:29:15.232,1.72905,1.72936,1.37,1.00
2016.09.08 09:29:17.333,1.72905,1.72935,1.37,1.00
2016.09.08 09:29:18.740,1.72905,1.72936,1.37,1.00
2016.09.08 09:29:19.313,1.72905,1.72935,1.37,1.00
2016.09.08 09:29:19.421,1.72903,1.72935,1.75,1.00
2016.09.08 09:29:19.608,1.72903,1.72935,1.75,1.50
2016.09.08 09:29:20.127,1.72903,1.72935,1.75,1.00
2016.09.08 09:29:20.422,1.72901,1.72935,3.75,1.00
2016.09.08 09:29:21.561,1.72901,1.72936,3.75,1.50
2016.09.08 09:29:21.997,1.72902,1.72936,1.75,1.00
2016.09.08 09:29:22.765,1.72901,1.72936,3.00,1.00
2016.09.08 09:29:22.866,1.72901,1.72936,3.00,1.00
2016.09.08 09:29:23.100,1.72901,1.72936,3.00,1.50
2016.09.08 09:29:23.150,1.72901,1.72936,3.00,1.50
2016.09.08 09:29:23.382,1.72901,1.72935,3.00,1.00
2016.09.08 09:29:23.433,1.72901,1.72936,3.00,1.50
2016.09.08 09:29:23.492,1.72902,1.72936,1.75,1.50
2016.09.08 09:29:23.543,1.72902,1.72936,1.75,1.50
2016.09.08 09:29:23.594,1.72904,1.72936,1.50,1.00
2016.09.08 09:29:25.176,1.72904,1.72937,1.50,1.50
2016.09.08 09:29:25.665,1.72905,1.72937,1.37,1.50
2016.09.08 09:29:26.106,1.72903,1.72937,1.75,2.25
2016.09.08 09:29:26.758,1.72903,1.72937,1.75,2.25
2016.09.08 09:29:26.809,1.72903,1.72937,1.75,1.50
2016.09.08 09:29:28.194,1.72903,1.72937,2.25,1.50
2016.09.08 09:29:28.963,1.72907,1.72937,1.00,1.50
2016.09.08 09:29:32.783,1.72907,1.72937,1.00,1.00
2016.09.08 09:29:33.401,1.72907,1.72938,1.00,1.12
2016.09.08 09:29:33.502,1.72908,1.7294,1.00,1.50
2016.09.08 09:29:33.758,1.72908,1.7294,1.00,2.25
2016.09.08 09:29:33.958,1.72908,1.7294,1.00,1.50
2016.09.08 09:29:34.187,1.72908,1.7294,1.00,2.25
2016.09.08 09:29:34.289,1.72912,1.7294,1.00,1.50
2016.09.08 09:29:34.392,1.72912,1.7294,1.12,1.00
2016.09.08 09:29:34.594,1.72912,1.72943,1.12,2.25
2016.09.08 09:29:35.075,1.72912,1.72943,1.00,3.00
2016.09.08 09:29:35.176,1.72912,1.72941,1.00,1.75
2016.09.08 09:29:35.379,1.72912,1.7294,1.00,1.50
2016.09.08 09:29:35.865,1.72908,1.7294,1.50,1.50
2016.09.08 09:29:35.967,1.72908,1.7294,1.50,1.50
2016.09.08 09:29:36.068,1.72908,1.7294,1.50,2.25
2016.09.08 09:29:37.476,1.72908,1.7294,1.50,1.50
2016.09.08 09:29:37.954,1.72909,1.72941,1.00,1.75
2016.09.08 09:29:38.206,1.72908,1.72943,1.50,1.75
2016.09.08 09:29:39.084,1.72909,1.72944,1.00,2.25
2016.09.08 09:29:39.270,1.72912,1.72944,1.00,2.25
2016.09.08 09:29:40.813,1.72912,1.72943,1.00,1.00
2016.09.08 09:29:41.861,1.7291,1.72943,1.00,1.00
2016.09.08 09:29:41.912,1.7291,1.72943,1.00,1.00
2016.09.08 09:29:42.013,1.72909,1.72943,2.25,1.00
2016.09.08 09:29:42.172,1.72909,1.72943,1.50,1.00
2016.09.08 09:29:42.223,1.72912,1.72943,1.00,1.00
2016.09.08 09:29:43.594,1.72914,1.72943,1.00,1.00
2016.09.08 09:29:43.696,1.72919,1.72943,1.00,1.00
2016.09.08 09:29:43.797,1.7292,1.7295,1.00,1.12
2016.09.08 09:29:43.848,1.7292,1.7295,1.00,1.12
2016.09.08 09:29:44.039,1.7292,1.72951,1.00,1.37
2016.09.08 09:29:44.090,1.72922,1.72951,1.00,1.87
2016.09.08 09:29:44.242,1.72922,1.7295,1.00,1.12
2016.09.08 09:29:44.292,1.72922,1.7295,1.00,1.12
2016.09.08 09:29:44.598,1.72922,1.7295,1.00,1.12
2016.09.08 09:29:45.496,1.7292,1.7295,1.00,1.12
2016.09.08 09:29:45.803,1.72917,1.72949,1.12,1.00
2016.09.08 09:29:45.905,1.72917,1.72949,1.12,1.00
2016.09.08 09:29:46.006,1.72917,1.72949,1.12,1.00
2016.09.08 09:29:49.299,1.72918,1.72951,1.00,1.87
2016.09.08 09:29:49.402,1.72936,1.72957,1.00,1.50
2016.09.08 09:29:49.453,1.72936,1.72959,1.00,2.25
2016.09.08 09:29:49.606,1.72936,1.72958,1.00,1.75
2016.09.08 09:29:49.707,1.72936,1.72957,1.00,1.50
2016.09.08 09:29:49.810,1.72932,1.72957,1.00,1.50
2016.09.08 09:29:49.912,1.72932,1.72956,1.00,1.12
2016.09.08 09:29:50.198,1.72926,1.72956,1.00,1.12
2016.09.08 09:29:50.311,1.72926,1.72955,1.00,1.00
2016.09.08 09:29:51.916,1.72932,1.72955,1.00,1.00
2016.09.08 09:29:53.300,1.72931,1.72955,1.00,1.00
2016.09.08 09:29:53.575,1.72926,1.72955,1.00,1.00
2016.09.08 09:29:54.227,1.72927,1.72955,1.00,1.00
2016.09.08 09:29:54.876,1.72926,1.72955,1.00,1.00
2016.09.08 09:29:55.593,1.72927,1.72955,1.00,1.00
2016.09.08 09:29:56.378,1.72936,1.72955,1.00,1.00
2016.09.08 09:29:56.480,1.72931,1.72955,1.00,1.00
2016.09.08 09:29:56.582,1.72926,1.72955,1.50,1.00
2016.09.08 09:29:56.632,1.72926,1.72958,1.50,1.00
2016.09.08 09:29:56.734,1.72928,1.7296,1.00,1.50
2016.09.08 09:29:57.018,1.72928,1.7296,1.50,1.00
2016.09.08 09:29:57.119,1.72931,1.7296,1.00,1.00
2016.09.08 09:29:57.170,1.72931,1.7296,1.37,1.00
2016.09.08 09:29:57.422,1.72931,1.72962,1.37,1.00
2016.09.08 09:29:57.473,1.72931,1.72962,1.00,1.00
2016.09.08 09:29:57.524,1.72931,1.72962,1.50,1.00
2016.09.08 09:29:57.625,1.72931,1.72962,1.50,1.00
2016.09.08 09:29:57.899,1.72932,1.72965,1.00,1.50
2016.09.08 09:29:58.536,1.72934,1.72966,1.00,1.75
2016.09.08 09:29:58.739,1.72932,1.72965,1.00,1.50
2016.09.08 09:30:01.033,1.72932,1.72965,1.00,2.25
2016.09.08 09:30:01.821,1.72932,1.72965,1.00,1.50
2016.09.08 09:30:02.127,1.72933,1.72966,1.00,1.75
2016.09.08 09:30:02.229,1.72933,1.72965,1.00,1.50
2016.09.08 09:30:02.421,1.72933,1.72966,1.00,2.25
2016.09.08 09:30:02.944,1.72935,1.72965,1.00,1.50
2016.09.08 09:30:03.553,1.72934,1.72965,1.00,1.50
2016.09.08 09:30:06.050,1.72934,1.72966,1.00,2.25
2016.09.08 09:30:10.341,1.72934,1.72966,1.00,1.75
2016.09.08 09:30:10.394,1.72937,1.72966,1.00,1.75
2016.09.08 09:30:10.511,1.72937,1.72969,1.00,2.25
2016.09.08 09:30:10.562,1.72939,1.72969,1.00,1.50
2016.09.08 09:30:10.614,1.72939,1.7297,1.00,1.75
2016.09.08 09:30:10.665,1.72941,1.72968,1.00,1.12
2016.09.08 09:30:10.766,1.72942,1.72971,1.00,1.75
2016.09.08 09:30:10.918,1.72939,1.7297,1.00,1.75
2016.09.08 09:30:11.070,1.72939,1.7297,1.00,2.25
2016.09.08 09:30:11.121,1.72942,1.7297,1.00,1.75
2016.09.08 09:30:11.370,1.72942,1.72968,1.00,1.12
2016.09.08 09:30:11.661,1.72942,1.72969,1.00,1.50
2016.09.08 09:30:11.877,1.72942,1.72968,1.00,1.12
2016.09.08 09:30:11.928,1.72942,1.72968,1.50,1.12
2016.09.08 09:30:11.979,1.72942,1.72971,1.50,1.75
2016.09.08 09:30:12.432,1.72942,1.7297,1.00,1.75
2016.09.08 09:30:12.967,1.72942,1.72968,1.00,1.12
2016.09.08 09:30:13.352,1.72942,1.72971,1.00,1.75
2016.09.08 09:30:13.866,1.72942,1.7297,1.00,1.75
2016.09.08 09:30:13.968,1.72942,1.72969,1.00,1.50
2016.09.08 09:30:14.333,1.72942,1.7297,1.00,1.75
2016.09.08 09:30:15.335,1.72942,1.72971,1.00,1.75
2016.09.08 09:30:15.571,1.72942,1.72968,1.00,1.12
2016.09.08 09:30:15.968,1.72942,1.72969,1.00,1.50
2016.09.08 09:30:16.421,1.7294,1.72969,1.00,1.50
2016.09.08 09:30:16.472,1.7294,1.72971,1.00,2.25
2016.09.08 09:30:16.575,1.7294,1.72969,1.00,1.50
2016.09.08 09:30:16.777,1.72939,1.72968,1.00,1.12
2016.09.08 09:30:16.980,1.72939,1.72971,1.00,3.00
2016.09.08 09:30:17.178,1.72939,1.72967,1.00,1.00
2016.09.08 09:30:17.279,1.72939,1.72969,1.00,1.50
2016.09.08 09:30:17.431,1.72941,1.72969,1.00,1.50
2016.09.08 09:30:17.483,1.72941,1.7297,1.00,1.75
2016.09.08 09:30:18.942,1.72941,1.72967,1.00,1.00
2016.09.08 09:30:19.061,1.72941,1.72969,1.00,1.50
2016.09.08 09:30:21.287,1.72941,1.72968,1.00,1.12
2016.09.08 09:30:21.587,1.72941,1.7297,1.00,1.75
2016.09.08 09:30:21.947,1.72941,1.72968,1.00,1.12
2016.09.08 09:30:22.048,1.72941,1.72967,1.00,1.00
2016.09.08 09:30:23.291,1.72941,1.72969,1.00,1.50
2016.09.08 09:30:25.165,1.7294,1.72967,1.00,1.00
2016.09.08 09:30:25.367,1.7294,1.72968,1.00,1.12
2016.09.08 09:30:25.482,1.7294,1.7297,1.00,1.75
2016.09.08 09:30:25.697,1.7294,1.72968,1.00,1.12
2016.09.08 09:30:25.798,1.7294,1.7297,1.00,1.75
2016.09.08 09:30:25.950,1.72937,1.7297,1.50,2.25
2016.09.08 09:30:26.854,1.72937,1.72969,1.50,1.50
2016.09.08 09:30:26.955,1.72937,1.7297,1.50,2.25
2016.09.08 09:30:27.251,1.72939,1.7297,1.00,1.75
2016.09.08 09:30:27.302,1.72939,1.72968,1.00,1.12
2016.09.08 09:30:27.569,1.72938,1.72969,1.00,1.50
2016.09.08 09:30:27.802,1.72938,1.7297,1.00,1.75
2016.09.08 09:30:28.103,1.72939,1.72966,1.00,1.00
2016.09.08 09:30:28.755,1.72938,1.72966,1.00,1.00
2016.09.08 09:30:29.261,1.72939,1.72967,1.00,1.00
2016.09.08 09:30:29.451,1.72939,1.72968,1.00,2.25
2016.09.08 09:30:29.511,1.72936,1.72963,1.00,1.00
2016.09.08 09:30:29.613,1.72936,1.72963,1.00,1.50
2016.09.08 09:30:29.663,1.72932,1.72963,1.00,2.25
2016.09.08 09:30:29.866,1.72934,1.72963,1.00,1.50
2016.09.08 09:30:30.171,1.72932,1.72963,1.00,1.50
2016.09.08 09:30:30.374,1.72932,1.72963,1.00,2.25
2016.09.08 09:30:30.672,1.72932,1.72963,1.00,1.50
2016.09.08 09:30:30.823,1.72932,1.72963,1.00,1.00
2016.09.08 09:30:31.965,1.72935,1.72963,1.00,1.00
2016.09.08 09:30:33.668,1.72934,1.72963,1.00,1.00
2016.09.08 09:30:34.570,1.72934,1.72963,1.00,1.50
2016.09.08 09:30:37.236,1.72934,1.72963,1.00,1.00
2016.09.08 09:30:38.386,1.72934,1.72963,1.00,1.50
2016.09.08 09:30:41.569,1.72936,1.72963,1.00,1.50
2016.09.08 09:30:41.620,1.72936,1.72963,1.00,1.50
2016.09.08 09:30:41.783,1.72937,1.72963,1.00,1.00
2016.09.08 09:30:42.088,1.72936,1.72963,1.00,1.00
2016.09.08 09:30:43.186,1.72935,1.72963,1.00,1.00
2016.09.08 09:30:45.850,1.72937,1.72963,1.00,1.00
2016.09.08 09:30:46.892,1.72939,1.72963,1.00,1.00
2016.09.08 09:30:46.943,1.72939,1.72965,1.00,1.00
2016.09.08 09:30:46.993,1.72944,1.72965,1.00,1.00
2016.09.08 09:30:47.115,1.72946,1.72965,1.00,1.00
2016.09.08 09:30:47.166,1.72943,1.72973,1.00,1.00
2016.09.08 09:30:48.033,1.72943,1.72973,1.00,1.50
2016.09.08 09:30:48.249,1.72943,1.72972,1.00,1.00
2016.09.08 09:30:48.452,1.72943,1.72973,1.00,1.50
2016.09.08 09:30:48.606,1.72943,1.72973,1.00,2.25
2016.09.08 09:30:48.769,1.72943,1.72973,1.00,1.50
2016.09.08 09:30:50.488,1.72943,1.72973,1.00,1.00
2016.09.08 09:30:50.641,1.72947,1.72976,1.00,1.50
2016.09.08 09:30:51.100,1.72946,1.72975,1.00,1.00
2016.09.08 09:30:51.409,1.72947,1.72973,1.00,1.00
2016.09.08 09:30:51.460,1.72945,1.72973,1.00,1.00
2016.09.08 09:30:51.864,1.72948,1.72973,1.00,1.00
2016.09.08 09:31:04.085,1.72949,1.72978,1.00,1.75
2016.09.08 09:31:04.754,1.72949,1.72977,1.00,1.75
2016.09.08 09:31:04.856,1.72948,1.72976,1.00,1.50
2016.09.08 09:31:04.957,1.72948,1.72978,1.00,1.75
2016.09.08 09:31:05.008,1.72948,1.72978,1.00,2.25
2016.09.08 09:31:05.059,1.72948,1.72976,1.00,1.50
2016.09.08 09:31:05.327,1.72948,1.72977,1.00,2.25
2016.09.08 09:31:05.921,1.72948,1.72976,1.00,1.50
2016.09.08 09:31:07.964,1.72948,1.72977,1.00,1.75
2016.09.08 09:31:08.018,1.72946,1.72977,1.00,1.75
2016.09.08 09:31:08.191,1.72949,1.72977,1.00,2.25
2016.09.08 09:31:08.241,1.72949,1.72977,1.00,1.75
2016.09.08 09:31:08.292,1.72949,1.72979,1.00,3.00
2016.09.08 09:31:08.343,1.72949,1.72979,1.00,2.25
2016.09.08 09:31:08.394,1.72951,1.72979,1.00,2.25
2016.09.08 09:31:08.495,1.72953,1.72979,1.00,1.75
2016.09.08 09:31:08.698,1.72953,1.72979,1.00,1.00
2016.09.08 09:31:08.944,1.72953,1.72979,1.00,1.50
2016.09.08 09:31:09.248,1.72956,1.72979,1.00,1.00
2016.09.08 09:31:09.602,1.72956,1.72981,1.00,1.00
2016.09.08 09:31:10.124,1.72957,1.72981,1.00,1.00
2016.09.08 09:31:15.629,1.72955,1.72981,1.00,1.00
2016.09.08 09:31:15.680,1.72955,1.72983,1.00,1.75
2016.09.08 09:31:15.731,1.72955,1.72977,1.00,1.00
2016.09.08 09:31:15.781,1.72954,1.72977,1.00,1.00
2016.09.08 09:31:16.313,1.72952,1.72977,1.00,1.00
2016.09.08 09:31:16.363,1.72952,1.72977,1.00,1.00
2016.09.08 09:31:16.458,1.72952,1.72977,1.00,1.00
2016.09.08 09:31:16.764,1.72952,1.72977,1.00,1.00
2016.09.08 09:31:16.866,1.72952,1.72977,1.00,1.00
2016.09.08 09:31:18.684,1.72953,1.72977,1.00,1.00
2016.09.08 09:31:18.862,1.72953,1.72977,1.00,1.00
2016.09.08 09:31:20.448,1.72953,1.72977,1.00,1.00
2016.09.08 09:31:21.892,1.72953,1.72977,1.00,1.00
2016.09.08 09:31:22.575,1.72953,1.72977,1.00,1.00
2016.09.08 09:31:26.061,1.72953,1.72977,1.00,1.00
2016.09.08 09:31:26.319,1.72955,1.72977,1.00,1.00
2016.09.08 09:31:26.485,1.72955,1.72977,1.00,1.00
2016.09.08 09:31:27.035,1.72954,1.72977,1.00,1.00
2016.09.08 09:31:27.085,1.72954,1.72977,1.00,1.00
2016.09.08 09:31:27.299,1.72954,1.72977,1.00,1.00
2016.09.08 09:31:27.602,1.72956,1.72977,1.00,1.00
2016.09.08 09:31:31.400,1.72956,1.72977,1.00,1.00
2016.09.08 09:31:31.706,1.72956,1.72977,1.00,1.00
2016.09.08 09:31:32.009,1.72956,1.72978,1.00,1.37
2016.09.08 09:31:32.060,1.72956,1.72978,1.00,1.00
2016.09.08 09:31:36.009,1.72956,1.72978,1.00,1.00
2016.09.08 09:31:40.472,1.72956,1.72983,1.00,1.75
2016.09.08 09:31:40.978,1.72956,1.72984,1.00,1.75
2016.09.08 09:31:41.886,1.72956,1.72981,1.00,1.75
2016.09.08 09:31:43.288,1.72956,1.72983,1.00,1.75
2016.09.08 09:31:46.781,1.72953,1.72983,1.00,1.75
2016.09.08 09:31:47.346,1.72955,1.72983,1.00,1.75
2016.09.08 09:31:47.854,1.72954,1.72983,1.00,1.75
2016.09.08 09:31:48.360,1.72954,1.72984,1.00,1.75
2016.09.08 09:31:48.614,1.72959,1.72984,1.00,1.75
2016.09.08 09:31:48.665,1.72959,1.72988,1.00,3.22
2016.09.08 09:31:48.715,1.72959,1.72988,1.00,1.75
2016.09.08 09:31:48.766,1.72959,1.72989,1.00,2.25
2016.09.08 09:31:48.897,1.72959,1.72988,1.00,1.75
2016.09.08 09:31:49.502,1.7296,1.72988,1.00,1.75
2016.09.08 09:31:53.508,1.7296,1.72988,1.00,1.75
2016.09.08 09:31:54.033,1.7296,1.72989,1.00,1.75
2016.09.08 09:31:55.244,1.7296,1.72988,1.00,1.75
2016.09.08 09:31:56.417,1.7296,1.72989,1.00,1.75
2016.09.08 09:32:04.028,1.72956,1.72989,1.00,2.25
2016.09.08 09:32:04.129,1.72956,1.72988,1.00,1.75
2016.09.08 09:32:04.449,1.72956,1.72985,1.00,1.50
2016.09.08 09:32:04.501,1.72956,1.72985,1.00,1.75
2016.09.08 09:32:04.552,1.72955,1.72982,1.00,1.00
2016.09.08 09:32:06.728,1.72955,1.72982,1.00,1.00
2016.09.08 09:32:07.221,1.72955,1.72982,1.12,1.00
2016.09.08 09:32:07.361,1.72966,1.72991,1.00,2.47
2016.09.08 09:32:07.412,1.72966,1.72989,1.00,1.00
2016.09.08 09:32:07.463,1.72966,1.72994,1.00,1.00
2016.09.08 09:32:08.514,1.72966,1.72995,1.00,1.00
2016.09.08 09:32:11.165,1.72966,1.72995,1.00,1.00
2016.09.08 09:32:11.469,1.72968,1.72995,1.00,1.00
2016.09.08 09:32:12.035,1.72971,1.72995,1.00,1.00
2016.09.08 09:32:13.162,1.72969,1.72995,1.00,1.00
2016.09.08 09:32:15.038,1.72967,1.72995,1.00,1.00
2016.09.08 09:32:17.870,1.72964,1.72995,1.00,1.00
2016.09.08 09:32:18.174,1.72963,1.72995,1.00,1.50
2016.09.08 09:32:18.275,1.72961,1.72994,1.12,1.37
2016.09.08 09:32:18.326,1.72961,1.72991,1.00,1.00
2016.09.08 09:32:18.377,1.72957,1.72989,1.00,1.00
2016.09.08 09:32:18.478,1.72957,1.72987,1.00,1.00
2016.09.08 09:32:18.580,1.72956,1.72987,1.37,1.37
2016.09.08 09:32:18.630,1.72956,1.72987,1.00,1.75
2016.09.08 09:32:18.681,1.72956,1.72987,1.00,1.75
2016.09.08 09:32:18.836,1.72958,1.72989,1.00,2.25
2016.09.08 09:32:18.887,1.72958,1.72989,1.00,2.25
2016.09.08 09:32:18.988,1.72956,1.72989,1.00,2.25
2016.09.08 09:32:19.089,1.72954,1.72986,1.00,1.50
2016.09.08 09:32:19.191,1.72956,1.72987,1.00,1.75
2016.09.08 09:32:19.343,1.72958,1.72989,1.00,2.25
2016.09.08 09:32:20.463,1.72958,1.72989,1.00,2.25
2016.09.08 09:32:20.878,1.72958,1.72989,1.00,2.25
2016.09.08 09:32:21.772,1.72958,1.72989,1.00,2.25
2016.09.08 09:32:21.981,1.72956,1.72989,1.00,2.25
2016.09.08 09:32:22.170,1.72955,1.72985,1.00,1.37
2016.09.08 09:32:22.221,1.72955,1.72985,1.00,1.50
2016.09.08 09:32:24.474,1.72956,1.72987,1.00,1.75
2016.09.08 09:32:30.283,1.72957,1.72988,1.00,1.75
2016.09.08 09:32:31.054,1.72955,1.72988,1.00,1.75
2016.09.08 09:32:31.984,1.72954,1.72984,1.00,1.37
2016.09.08 09:32:32.174,1.72956,1.72989,1.00,2.25
2016.09.08 09:32:35.059,1.72959,1.72989,1.00,2.25
2016.09.08 09:32:35.312,1.72959,1.72989,1.00,3.00
2016.09.08 09:32:35.535,1.72959,1.72989,1.00,2.25
2016.09.08 09:32:40.788,1.72957,1.72988,1.00,1.12
2016.09.08 09:32:42.312,1.72958,1.72989,1.00,1.50
2016.09.08 09:32:42.514,1.72956,1.72989,1.00,2.25
2016.09.08 09:32:43.578,1.72959,1.72989,1.00,2.25
2016.09.08 09:32:45.650,1.72959,1.72989,1.00,3.00
2016.09.08 09:32:45.701,1.72959,1.72989,1.00,2.25
2016.09.08 09:32:45.852,1.72962,1.72989,1.00,1.50
2016.09.08 09:32:45.903,1.72963,1.7299,1.00,1.75
2016.09.08 09:32:45.954,1.72963,1.72993,1.00,1.75
2016.09.08 09:32:46.004,1.72965,1.72993,1.00,1.75
2016.09.08 09:32:46.055,1.72965,1.72994,1.00,2.25
2016.09.08 09:32:46.207,1.72963,1.72994,1.00,2.25
2016.09.08 09:32:46.743,1.72963,1.72994,1.00,2.25
2016.09.08 09:32:46.794,1.72963,1.72994,1.00,1.87
2016.09.08 09:32:46.844,1.72963,1.72993,1.00,1.12
2016.09.08 09:32:47.531,1.72963,1.72994,1.00,1.87
2016.09.08 09:32:47.687,1.72966,1.72994,1.00,1.37
2016.09.08 09:32:47.788,1.72964,1.72994,1.00,1.37
2016.09.08 09:32:47.940,1.72964,1.72995,1.00,1.50
2016.09.08 09:32:48.243,1.72964,1.72995,1.00,1.50
2016.09.08 09:32:48.344,1.72964,1.72997,1.00,2.25
2016.09.08 09:32:48.446,1.72964,1.72997,1.00,2.25
2016.09.08 09:32:48.749,1.72964,1.72997,1.00,1.75
2016.09.08 09:32:48.972,1.72963,1.72995,1.00,1.50
2016.09.08 09:32:49.404,1.72965,1.72998,1.00,2.25
2016.09.08 09:32:51.080,1.72964,1.72996,1.00,1.75
2016.09.08 09:32:59.984,1.72964,1.72991,1.00,1.00
2016.09.08 09:33:02.387,1.72962,1.72991,1.50,1.00
2016.09.08 09:33:02.491,1.72964,1.72991,1.00,1.00
2016.09.08 09:33:02.970,1.72964,1.72991,1.00,1.00
2016.09.08 09:33:05.398,1.72957,1.72979,1.00,1.00
2016.09.08 09:33:05.451,1.72954,1.72978,1.00,1.00
2016.09.08 09:33:05.502,1.72946,1.72976,1.87,1.00
2016.09.08 09:33:05.582,1.72946,1.72976,1.12,1.00
2016.09.08 09:33:05.633,1.72946,1.72978,1.12,1.87
2016.09.08 09:33:05.888,1.72948,1.72978,1.37,1.00
2016.09.08 09:33:05.939,1.7295,1.72979,1.00,1.00
2016.09.08 09:33:05.991,1.72947,1.72979,2.25,1.00
2016.09.08 09:33:06.041,1.72948,1.72981,1.75,1.50
2016.09.08 09:33:06.092,1.72954,1.72983,1.50,1.00
2016.09.08 09:33:06.349,1.72954,1.72984,1.50,1.50
2016.09.08 09:33:06.602,1.72952,1.72984,1.75,1.50
2016.09.08 09:33:07.560,1.72952,1.72984,1.75,1.50
2016.09.08 09:33:07.611,1.72955,1.72986,1.37,1.00
2016.09.08 09:33:07.713,1.72956,1.72989,1.87,1.37
2016.09.08 09:33:08.119,1.72958,1.72991,1.00,1.75
2016.09.08 09:33:08.742,1.72956,1.72989,1.87,1.37
2016.09.08 09:33:09.391,1.72956,1.72989,1.87,1.00
2016.09.08 09:33:09.441,1.7296,1.72992,1.37,1.00
2016.09.08 09:33:09.603,1.72958,1.72989,1.75,1.00
2016.09.08 09:33:10.316,1.7296,1.7299,1.37,1.00
2016.09.08 09:33:12.524,1.72962,1.72992,1.00,1.50
2016.09.08 09:33:13.522,1.72964,1.72992,1.00,1.00
2016.09.08 09:33:13.725,1.72964,1.72994,1.00,1.87
2016.09.08 09:33:15.756,1.72964,1.72994,1.00,1.12
2016.09.08 09:33:16.141,1.72964,1.72995,1.00,1.87
2016.09.08 09:33:16.316,1.72964,1.72995,1.00,1.37
2016.09.08 09:33:17.102,1.72964,1.72995,1.00,1.87
2016.09.08 09:33:17.305,1.72962,1.72994,1.00,1.12
2016.09.08 09:33:17.406,1.72962,1.72994,1.00,1.37
2016.09.08 09:33:17.551,1.72962,1.72991,1.00,1.00
2016.09.08 09:33:19.753,1.72961,1.72991,1.00,1.00
2016.09.08 09:33:22.007,1.72958,1.72991,1.00,1.50
2016.09.08 09:33:24.217,1.72962,1.72991,1.00,1.00
2016.09.08 09:33:24.320,1.72962,1.72995,1.00,1.50
2016.09.08 09:33:24.371,1.72962,1.72995,1.00,1.12
2016.09.08 09:33:24.523,1.72964,1.72995,1.00,1.12
2016.09.08 09:33:24.827,1.72962,1.72995,1.00,1.12
2016.09.08 09:33:25.070,1.72962,1.72995,1.00,1.87
2016.09.08 09:33:25.121,1.72964,1.72995,1.00,1.87
2016.09.08 09:33:27.026,1.72963,1.72994,1.00,1.00
2016.09.08 09:33:27.813,1.72964,1.72995,1.00,1.12
2016.09.08 09:33:28.015,1.72967,1.72996,1.00,1.50
2016.09.08 09:33:28.117,1.72964,1.72995,1.00,1.12
2016.09.08 09:33:29.179,1.72964,1.72994,1.00,1.00
2016.09.08 09:33:29.230,1.72962,1.72994,1.00,1.00
2016.09.08 09:33:29.385,1.72962,1.72992,1.00,1.00
2016.09.08 09:33:29.436,1.7296,1.72992,1.12,1.37
2016.09.08 09:33:29.487,1.7296,1.72993,1.00,3.00
2016.09.08 09:33:29.589,1.7296,1.72992,1.00,1.75
2016.09.08 09:33:32.796,1.7296,1.72993,1.00,3.00
2016.09.08 09:33:32.848,1.72962,1.72993,1.00,2.25
2016.09.08 09:33:32.899,1.72962,1.72992,1.00,1.75
2016.09.08 09:33:33.000,1.72962,1.72993,1.00,2.25
2016.09.08 09:33:33.202,1.72962,1.72992,1.00,1.75
2016.09.08 09:33:33.303,1.72963,1.72993,1.00,2.25
2016.09.08 09:33:33.934,1.72962,1.72993,1.00,2.25
2016.09.08 09:33:34.036,1.72958,1.7299,1.00,1.12
2016.09.08 09:33:34.086,1.72958,1.7299,1.00,1.87
2016.09.08 09:33:34.250,1.7296,1.7299,1.00,1.12
2016.09.08 09:33:34.720,1.7296,1.72993,1.00,3.00
2016.09.08 09:33:34.922,1.72962,1.72993,1.00,2.25
2016.09.08 09:33:36.206,1.72962,1.72993,1.00,1.75
2016.09.08 09:33:36.375,1.72962,1.72995,1.00,3.75
2016.09.08 09:33:36.434,1.72964,1.72995,1.00,3.00
2016.09.08 09:33:36.503,1.72964,1.72995,1.00,2.25
2016.09.08 09:33:36.705,1.72967,1.72995,1.00,1.00
2016.09.08 09:33:36.985,1.72967,1.72995,1.00,1.50
2016.09.08 09:33:37.036,1.72966,1.72995,1.00,2.25
2016.09.08 09:33:37.239,1.72966,1.72994,1.00,1.00
2016.09.08 09:33:38.011,1.72966,1.72993,1.00,1.00
2016.09.08 09:33:38.902,1.72966,1.72994,1.00,1.00
2016.09.08 09:33:39.233,1.72969,1.72995,1.00,1.00
2016.09.08 09:33:40.099,1.72969,1.72995,1.00,1.50
2016.09.08 09:33:40.468,1.72969,1.72995,1.00,1.00
2016.09.08 09:33:40.934,1.72967,1.72995,1.00,1.00
2016.09.08 09:33:42.173,1.72965,1.72995,1.00,1.00
2016.09.08 09:33:42.224,1.72965,1.72995,1.00,1.50
2016.09.08 09:33:42.467,1.72967,1.72995,1.00,1.75
2016.09.08 09:33:42.568,1.72963,1.72995,1.00,1.75
2016.09.08 09:33:44.030,1.72967,1.72996,1.00,1.75
2016.09.08 09:33:44.534,1.72967,1.72997,1.00,3.00
2016.09.08 09:33:44.585,1.72967,1.72997,1.00,1.87
2016.09.08 09:33:44.636,1.72967,1.72997,1.00,3.37
2016.09.08 09:33:44.927,1.72967,1.72996,1.00,1.12
2016.09.08 09:33:45.033,1.72967,1.72997,1.00,1.87
2016.09.08 09:33:45.083,1.72967,1.72997,1.00,2.62
2016.09.08 09:33:45.134,1.72968,1.72997,1.00,1.87
2016.09.08 09:33:45.185,1.72968,1.72997,1.00,1.37
2016.09.08 09:33:54.461,1.72965,1.72997,1.00,1.37
2016.09.08 09:33:54.511,1.72965,1.72997,1.00,1.87
2016.09.08 09:33:54.562,1.72962,1.72993,1.50,1.00
2016.09.08 09:33:54.613,1.72962,1.72993,1.37,1.00
2016.09.08 09:33:54.759,1.72963,1.72994,1.50,1.00
2016.09.08 09:33:54.983,1.72963,1.72994,1.12,1.37
2016.09.08 09:33:55.084,1.72963,1.72994,1.00,1.75
2016.09.08 09:33:55.236,1.72963,1.72994,1.00,2.25
2016.09.08 09:33:55.303,1.72963,1.72989,1.00,1.00
2016.09.08 09:33:55.804,1.72962,1.7299,1.00,1.00
2016.09.08 09:33:55.855,1.72961,1.7299,1.50,1.00
2016.09.08 09:33:56.423,1.72961,1.7299,1.50,1.50
2016.09.08 09:33:56.618,1.72961,1.7299,1.00,1.50
2016.09.08 09:33:56.669,1.72961,1.7299,1.00,1.00
2016.09.08 09:33:57.067,1.72957,1.72989,1.00,1.50
2016.09.08 09:33:57.269,1.72957,1.72989,1.00,2.25
2016.09.08 09:33:57.425,1.72957,1.72989,1.00,1.50
2016.09.08 09:33:57.869,1.7296,1.72989,1.00,1.00
2016.09.08 09:34:01.579,1.7296,1.72989,1.00,1.00
2016.09.08 09:34:02.469,1.7296,1.72989,1.00,1.00
2016.09.08 09:34:02.680,1.7296,1.72989,1.00,1.00
2016.09.08 09:34:03.131,1.7296,1.72989,1.00,1.50
2016.09.08 09:34:03.182,1.7296,1.72989,1.00,1.50
2016.09.08 09:34:03.554,1.7296,1.72989,1.00,1.50
2016.09.08 09:34:03.682,1.7296,1.72989,1.00,1.50
2016.09.08 09:34:05.365,1.72964,1.72989,1.12,1.00
2016.09.08 09:34:05.416,1.72964,1.72989,1.87,1.00
2016.09.08 09:34:05.466,1.72972,1.72989,1.00,1.00
2016.09.08 09:34:05.517,1.72972,1.72997,1.00,1.00
2016.09.08 09:34:05.568,1.72972,1.73002,1.00,2.25
2016.09.08 09:34:05.755,1.72974,1.73004,1.00,1.75
2016.09.08 09:34:05.857,1.72981,1.73007,1.00,1.75
2016.09.08 09:34:05.908,1.72981,1.73007,1.00,1.00
2016.09.08 09:34:05.959,1.72983,1.73007,1.00,1.00
2016.09.08 09:34:06.086,1.72983,1.73012,1.00,1.75
2016.09.08 09:34:06.137,1.72983,1.73012,1.00,1.50
2016.09.08 09:34:06.391,1.72981,1.73012,1.00,2.25
2016.09.08 09:34:06.594,1.72982,1.73012,1.00,1.50
2016.09.08 09:34:06.746,1.72982,1.73012,1.00,1.50
2016.09.08 09:34:06.936,1.72982,1.73012,1.00,1.50
2016.09.08 09:34:06.987,1.72984,1.73012,1.00,1.50
2016.09.08 09:34:07.092,1.72982,1.73012,1.00,1.50
2016.09.08 09:34:07.244,1.72982,1.73012,1.00,1.50
2016.09.08 09:34:07.295,1.7298,1.73012,1.00,1.50
2016.09.08 09:34:07.345,1.7298,1.73013,1.00,1.75
2016.09.08 09:34:07.396,1.72983,1.73014,1.00,2.25
2016.09.08 09:34:09.446,1.72983,1.73014,1.00,2.25
2016.09.08 09:34:09.957,1.72983,1.73014,1.00,2.25
2016.09.08 09:34:10.007,1.72985,1.73015,1.00,2.25
2016.09.08 09:34:10.159,1.72983,1.73014,1.00,1.75
2016.09.08 09:34:10.446,1.72983,1.73014,1.00,1.75
2016.09.08 09:34:10.547,1.72983,1.73014,1.00,1.75
2016.09.08 09:34:10.598,1.72979,1.7301,1.00,1.00
2016.09.08 09:34:10.700,1.72982,1.73012,1.00,1.50
2016.09.08 09:34:10.792,1.72979,1.7301,1.00,1.00
2016.09.08 09:34:11.150,1.72979,1.7301,1.00,1.00
2016.09.08 09:34:11.251,1.72979,1.7301,1.00,1.00
2016.09.08 09:34:11.302,1.72979,1.7301,1.00,1.87
2016.09.08 09:34:11.353,1.72979,1.7301,1.00,2.25
2016.09.08 09:34:11.556,1.72979,1.7301,1.00,2.25
2016.09.08 09:34:11.889,1.72976,1.7301,1.00,1.75
2016.09.08 09:34:12.448,1.72976,1.73009,1.00,1.75
2016.09.08 09:34:12.958,1.72976,1.7301,1.00,1.75
2016.09.08 09:34:13.059,1.72976,1.7301,1.00,1.75
2016.09.08 09:34:13.359,1.72976,1.73009,1.00,1.75
2016.09.08 09:34:13.410,1.7298,1.73009,1.00,1.12
2016.09.08 09:34:13.714,1.72986,1.73016,1.00,1.75
2016.09.08 09:34:13.764,1.72986,1.73016,1.00,1.75
2016.09.08 09:34:13.866,1.72983,1.73015,1.00,1.75
2016.09.08 09:34:14.268,1.72982,1.73016,1.00,2.25
2016.09.08 09:34:14.462,1.72982,1.73016,1.00,2.25
2016.09.08 09:34:14.913,1.72983,1.73015,1.00,1.75
2016.09.08 09:34:15.065,1.72982,1.73015,1.00,2.25
2016.09.08 09:34:17.966,1.72983,1.73015,1.00,2.25
2016.09.08 09:34:18.067,1.72992,1.73015,1.00,1.75
2016.09.08 09:34:18.118,1.72992,1.73017,1.00,1.00
2016.09.08 09:34:18.169,1.72996,1.73017,1.00,1.00
2016.09.08 09:34:18.220,1.72996,1.73021,1.00,1.00
2016.09.08 09:34:18.321,1.72995,1.73026,1.00,2.25
2016.09.08 09:34:18.386,1.72993,1.73026,1.00,1.75
2016.09.08 09:34:18.869,1.72996,1.73026,1.00,1.75
2016.09.08 09:34:19.021,1.72996,1.73026,1.00,1.00
2016.09.08 09:34:19.383,1.72993,1.73026,1.00,1.00
2016.09.08 09:34:20.112,1.72993,1.73026,1.00,1.87
2016.09.08 09:34:20.163,1.72993,1.73026,1.00,2.25
2016.09.08 09:34:20.215,1.72993,1.73026,1.00,1.75
2016.09.08 09:34:22.670,1.72994,1.73025,1.00,1.75
2016.09.08 09:34:23.671,1.72992,1.73026,1.00,2.25
2016.09.08 09:34:23.722,1.72992,1.73026,1.00,3.00
2016.09.08 09:34:23.824,1.72992,1.73026,1.00,3.00
2016.09.08 09:34:23.875,1.7299,1.73021,1.12,1.00
2016.09.08 09:34:23.926,1.7299,1.73019,1.12,1.00
2016.09.08 09:34:23.977,1.72986,1.73019,1.75,1.50
2016.09.08 09:34:24.028,1.72986,1.73019,1.00,2.25
2016.09.08 09:34:24.078,1.72986,1.73019,1.00,2.25
2016.09.08 09:34:24.384,1.72985,1.73018,1.50,1.75
2016.09.08 09:34:24.566,1.72985,1.73015,1.00,1.12
2016.09.08 09:34:24.617,1.72983,1.73015,1.00,1.12
2016.09.08 09:34:24.718,1.72981,1.73015,1.00,1.37
2016.09.08 09:34:24.768,1.72981,1.73015,1.00,1.75
2016.09.08 09:34:24.819,1.72981,1.73015,1.00,1.75
2016.09.08 09:34:24.920,1.72981,1.73015,1.00,1.75
2016.09.08 09:34:25.022,1.7298,1.73013,1.50,1.50
2016.09.08 09:34:26.817,1.72981,1.73011,1.00,1.12
2016.09.08 09:34:27.185,1.72982,1.73012,1.00,1.37
2016.09.08 09:34:27.367,1.72989,1.7302,1.00,3.22
2016.09.08 09:34:27.417,1.7299,1.7302,1.00,2.47
2016.09.08 09:34:27.468,1.7299,1.73017,1.00,1.00
2016.09.08 09:34:27.570,1.7299,1.73021,1.00,1.00
2016.09.08 09:34:27.873,1.72992,1.73021,1.00,1.00
2016.09.08 09:34:27.924,1.7299,1.7302,1.00,1.00
2016.09.08 09:34:28.598,1.72991,1.73021,1.00,1.00
2016.09.08 09:34:29.608,1.72991,1.73021,1.00,1.00
2016.09.08 09:34:29.709,1.7299,1.7302,1.00,1.00
2016.09.08 09:34:30.306,1.7299,1.7302,1.00,1.00
2016.09.08 09:34:30.870,1.72988,1.73019,1.00,1.00
2016.09.08 09:34:30.921,1.72986,1.73016,1.50,1.00
2016.09.08 09:34:31.022,1.72986,1.73016,1.00,1.00
2016.09.08 09:34:31.073,1.72984,1.73016,1.50,1.12
2016.09.08 09:34:31.124,1.72984,1.73014,1.00,1.00
2016.09.08 09:34:31.226,1.72991,1.7302,1.00,1.75
2016.09.08 09:34:31.277,1.72991,1.7302,1.00,1.50
2016.09.08 09:34:31.327,1.72993,1.73023,1.00,1.75
2016.09.08 09:34:31.429,1.72996,1.73023,1.00,1.75
2016.09.08 09:34:31.480,1.72996,1.73025,1.00,1.75
2016.09.08 09:34:31.531,1.72996,1.73027,1.00,1.75
2016.09.08 09:34:31.629,1.72996,1.73027,1.00,1.75
2016.09.08 09:34:31.730,1.72997,1.73028,1.00,1.75
2016.09.08 09:34:31.832,1.72997,1.73028,1.00,1.75
2016.09.08 09:34:32.085,1.72997,1.73029,1.00,2.25
2016.09.08 09:34:32.472,1.72997,1.73028,1.00,1.75
2016.09.08 09:34:32.574,1.72997,1.73029,1.00,2.25
2016.09.08 09:34:32.698,1.72997,1.73029,1.00,2.25
2016.09.08 09:34:33.642,1.72997,1.73028,1.00,1.75
2016.09.08 09:34:34.194,1.72997,1.73028,1.50,1.75
2016.09.08 09:34:34.246,1.72997,1.73028,1.50,1.75
2016.09.08 09:34:34.297,1.73,1.73028,1.00,1.75
2016.09.08 09:34:34.348,1.73,1.73028,1.00,1.75
2016.09.08 09:34:36.072,1.73001,1.73029,1.00,1.00
2016.09.08 09:34:36.122,1.73001,1.73029,1.00,1.00
2016.09.08 09:34:36.224,1.73005,1.73034,1.00,1.75
2016.09.08 09:34:36.325,1.73005,1.73034,1.00,1.75
2016.09.08 09:34:36.427,1.73,1.73033,1.00,1.75
2016.09.08 09:34:36.629,1.73,1.73033,1.00,1.75
2016.09.08 09:34:36.939,1.73,1.73033,1.00,1.75
2016.09.08 09:34:37.007,1.73,1.73033,1.00,1.75
2016.09.08 09:34:37.210,1.73003,1.73033,1.00,1.75
2016.09.08 09:34:37.312,1.73001,1.73032,1.00,1.75
2016.09.08 09:34:37.590,1.73,1.73031,1.00,1.50
2016.09.08 09:34:37.927,1.73002,1.73033,1.00,1.75
2016.09.08 09:34:38.028,1.73002,1.73033,1.00,1.75
2016.09.08 09:34:38.130,1.73,1.73033,1.00,1.75
2016.09.08 09:34:38.345,1.73,1.73033,1.00,1.75
2016.09.08 09:34:38.419,1.73002,1.73033,1.00,1.75
2016.09.08 09:34:38.588,1.73,1.73031,1.00,1.50
2016.09.08 09:34:38.704,1.72999,1.73029,1.00,1.00
2016.09.08 09:34:38.806,1.72999,1.73029,1.00,1.50
2016.09.08 09:34:38.857,1.72999,1.73029,1.00,2.25
2016.09.08 09:34:39.009,1.73,1.73029,1.00,1.75
2016.09.08 09:34:39.919,1.73,1.73028,1.00,1.75
2016.09.08 09:34:40.453,1.73001,1.73029,1.00,1.75
2016.09.08 09:34:40.756,1.73,1.73029,1.00,1.00
2016.09.08 09:34:40.807,1.73003,1.73034,1.00,1.75
2016.09.08 09:34:40.858,1.73003,1.73034,1.00,1.75
2016.09.08 09:34:41.020,1.73001,1.73033,1.00,1.75
2016.09.08 09:34:41.122,1.73001,1.73033,1.00,1.75
2016.09.08 09:34:41.717,1.73004,1.73033,1.00,1.75
2016.09.08 09:34:41.768,1.73004,1.73033,1.00,1.00
2016.09.08 09:34:41.982,1.73008,1.73033,1.00,1.00
2016.09.08 09:34:43.026,1.73008,1.73034,1.00,1.12
2016.09.08 09:34:44.331,1.73008,1.73033,1.00,1.00
2016.09.08 09:34:44.644,1.73006,1.73033,1.00,1.00
2016.09.08 09:34:44.830,1.73009,1.73033,1.00,1.00
2016.09.08 09:34:45.512,1.73007,1.73033,1.00,1.00
2016.09.08 09:34:45.835,1.73011,1.73033,1.00,1.00
2016.09.08 09:34:45.937,1.7301,1.7304,1.00,1.50
2016.09.08 09:34:46.039,1.73012,1.7304,1.00,1.50
2016.09.08 09:34:46.241,1.73012,1.73039,1.00,1.12
2016.09.08 09:34:46.447,1.73015,1.7304,1.00,1.50
2016.09.08 09:34:46.498,1.73011,1.7304,1.00,1.50
2016.09.08 09:34:46.936,1.73015,1.73039,1.00,1.12
2016.09.08 09:34:47.098,1.73012,1.73039,1.00,1.12
2016.09.08 09:34:47.438,1.73015,1.73039,1.00,1.12
2016.09.08 09:34:47.607,1.73011,1.7304,1.00,1.50
2016.09.08 09:34:48.008,1.73009,1.7304,1.00,1.50
2016.09.08 09:34:48.109,1.73009,1.73039,1.00,1.12
2016.09.08 09:34:48.198,1.73011,1.73039,1.00,1.12
2016.09.08 09:34:48.507,1.7301,1.7304,1.00,1.50
2016.09.08 09:34:48.641,1.7301,1.73039,1.00,1.12
2016.09.08 09:34:49.421,1.73011,1.73039,1.00,1.12
2016.09.08 09:34:51.543,1.7301,1.7304,1.00,1.50
2016.09.08 09:34:51.645,1.7301,1.73039,1.00,1.12
2016.09.08 09:34:51.746,1.7301,1.7304,1.00,1.50
2016.09.08 09:34:51.797,1.7301,1.73035,1.00,1.00
2016.09.08 09:34:51.847,1.73004,1.73035,1.00,1.00
2016.09.08 09:34:51.949,1.73004,1.73035,1.00,1.00
2016.09.08 09:34:52.050,1.73006,1.73035,1.00,1.00
2016.09.08 09:34:52.454,1.73014,1.73035,1.00,1.00
2016.09.08 09:34:52.606,1.7302,1.73044,1.00,1.00
2016.09.08 09:34:52.657,1.7302,1.73048,1.00,1.00
2016.09.08 09:34:52.707,1.7302,1.7305,1.00,2.25
2016.09.08 09:34:52.758,1.7302,1.7305,1.00,1.50
2016.09.08 09:34:53.093,1.73019,1.7305,1.00,1.50
2016.09.08 09:34:53.245,1.7302,1.73049,1.00,1.12
2016.09.08 09:34:54.202,1.7302,1.73049,1.00,1.12
2016.09.08 09:34:54.253,1.7302,1.73052,1.00,2.25
2016.09.08 09:34:54.304,1.7302,1.73052,1.00,1.75
2016.09.08 09:34:54.354,1.7302,1.73054,1.00,3.22
2016.09.08 09:34:54.557,1.73022,1.73054,1.00,3.97
2016.09.08 09:34:54.658,1.73022,1.73054,1.00,3.22
2016.09.08 09:34:54.860,1.73022,1.73054,1.00,5.47
2016.09.08 09:34:55.267,1.73022,1.73053,1.00,1.75
2016.09.08 09:34:55.317,1.73021,1.73053,1.00,2.25
2016.09.08 09:34:55.508,1.7302,1.73052,1.00,1.75
2016.09.08 09:34:55.559,1.7302,1.73052,1.00,1.75
2016.09.08 09:34:56.045,1.73022,1.73053,1.00,1.75
2016.09.08 09:34:56.135,1.73022,1.73053,1.00,1.87
2016.09.08 09:34:56.337,1.73018,1.73051,1.00,1.75
2016.09.08 09:34:56.388,1.73018,1.73051,1.00,1.75
2016.09.08 09:34:56.932,1.73019,1.73052,1.00,1.75
2016.09.08 09:34:57.857,1.73019,1.73052,1.00,1.75
2016.09.08 09:34:58.171,1.73019,1.73052,1.00,2.25
2016.09.08 09:34:58.308,1.73019,1.7305,1.00,1.00
2016.09.08 09:34:58.611,1.73022,1.7305,1.00,1.00
2016.09.08 09:34:58.813,1.73022,1.73052,1.00,1.75
2016.09.08 09:34:59.174,1.73022,1.73054,1.00,6.00
2016.09.08 09:34:59.224,1.7302,1.73053,1.00,1.75
2016.09.08 09:34:59.353,1.7302,1.73053,1.00,2.25
2016.09.08 09:34:59.657,1.73023,1.73053,1.00,2.25
2016.09.08 09:34:59.758,1.73024,1.73053,1.00,1.75
2016.09.08 09:34:59.960,1.73024,1.73053,1.00,2.25
2016.09.08 09:35:00.011,1.73024,1.73053,1.00,1.75
2016.09.08 09:35:00.213,1.73022,1.73053,1.00,1.75
2016.09.08 09:35:00.312,1.73022,1.73052,1.00,1.00
2016.09.08 09:35:03.958,1.73024,1.73052,1.00,1.00
2016.09.08 09:35:04.009,1.73024,1.73054,1.00,3.75
2016.09.08 09:35:04.141,1.73024,1.73048,1.00,1.00
2016.09.08 09:35:04.242,1.73022,1.73054,1.00,4.50
2016.09.08 09:35:04.293,1.73022,1.73054,1.00,2.25
2016.09.08 09:35:04.445,1.73023,1.73054,1.00,1.75
2016.09.08 09:35:06.360,1.73023,1.73054,1.00,3.00
2016.09.08 09:35:06.411,1.73023,1.73054,1.00,2.25
2016.09.08 09:35:09.769,1.73023,1.73054,1.00,1.75
2016.09.08 09:35:11.473,1.73023,1.73055,1.00,1.75
2016.09.08 09:35:11.882,1.73023,1.73051,1.00,1.12
2016.09.08 09:35:13.903,1.73023,1.73051,1.00,1.12
2016.09.08 09:35:14.581,1.73023,1.73052,1.00,1.37
2016.09.08 09:35:14.689,1.73023,1.73052,1.00,1.37
2016.09.08 09:35:14.740,1.73018,1.73048,1.00,1.00
2016.09.08 09:35:14.842,1.7302,1.73048,1.00,1.00
2016.09.08 09:35:14.944,1.7302,1.73048,1.00,1.00
2016.09.08 09:35:14.994,1.7302,1.73048,1.00,1.00
2016.09.08 09:35:15.197,1.7302,1.73048,1.00,1.00
2016.09.08 09:35:15.643,1.73018,1.73048,1.00,1.00
2016.09.08 09:35:15.906,1.73018,1.73048,1.00,1.00
2016.09.08 09:35:16.793,1.73016,1.73046,1.00,1.37
2016.09.08 09:35:16.844,1.73015,1.73046,1.00,1.75
2016.09.08 09:35:16.945,1.73015,1.73047,1.00,2.25
2016.09.08 09:35:17.097,1.73015,1.73047,1.00,3.00
2016.09.08 09:35:17.198,1.73015,1.73047,1.00,3.00
2016.09.08 09:35:17.249,1.73015,1.73047,1.00,2.25
2016.09.08 09:35:17.300,1.73015,1.73047,1.00,3.00
2016.09.08 09:35:17.350,1.73007,1.73047,1.12,3.75
2016.09.08 09:35:17.401,1.73007,1.73047,1.12,3.00
2016.09.08 09:35:17.598,1.73007,1.73047,1.12,2.25
2016.09.08 09:35:17.679,1.73014,1.73046,1.00,1.75
2016.09.08 09:35:17.780,1.73016,1.73047,1.00,2.25
2016.09.08 09:35:17.831,1.73016,1.73047,1.00,2.25
2016.09.08 09:35:18.000,1.73016,1.73047,1.00,2.25
2016.09.08 09:35:18.518,1.73016,1.73047,1.00,2.25
2016.09.08 09:35:18.613,1.73016,1.73047,1.00,2.25
2016.09.08 09:35:18.816,1.73015,1.73047,1.00,2.25
2016.09.08 09:35:18.866,1.73015,1.73047,1.00,1.87
2016.09.08 09:35:19.018,1.73015,1.73046,1.00,1.75
2016.09.08 09:35:19.120,1.73015,1.73046,1.00,2.25
2016.09.08 09:35:19.171,1.73014,1.73046,1.00,3.00
2016.09.08 09:35:19.221,1.73014,1.73046,1.00,1.75
2016.09.08 09:35:19.323,1.73014,1.7304,1.00,1.00
2016.09.08 09:35:19.373,1.73014,1.7304,1.00,1.37
2016.09.08 09:35:19.425,1.73014,1.73038,1.00,1.00
2016.09.08 09:35:19.563,1.73011,1.73038,1.00,1.00
2016.09.08 09:35:20.306,1.73013,1.73038,1.00,1.00
2016.09.08 09:35:20.645,1.73021,1.73047,1.00,1.00
2016.09.08 09:35:20.696,1.73021,1.73047,1.00,1.50
2016.09.08 09:35:21.217,1.73022,1.73047,1.00,1.50
2016.09.08 09:35:23.134,1.73022,1.73047,1.00,1.50
2016.09.08 09:35:25.747,1.73022,1.73047,1.00,1.50
2016.09.08 09:35:28.352,1.73022,1.73047,1.00,1.00
2016.09.08 09:35:28.536,1.73022,1.73047,1.00,1.00
2016.09.08 09:35:28.671,1.7302,1.73047,1.00,1.00
2016.09.08 09:35:28.924,1.7302,1.73045,1.00,1.12
2016.09.08 09:35:28.974,1.73011,1.73038,1.00,1.00
2016.09.08 09:35:29.025,1.73011,1.73038,1.00,1.00
2016.09.08 09:35:29.076,1.73006,1.73038,1.50,1.50
2016.09.08 09:35:29.127,1.73006,1.73037,1.50,1.00
2016.09.08 09:35:29.177,1.73004,1.73031,1.00,1.75
2016.09.08 09:35:29.228,1.73004,1.73031,1.00,1.75
2016.09.08 09:35:29.360,1.73004,1.73032,1.00,1.75
2016.09.08 09:35:29.463,1.73004,1.73031,1.00,1.75
2016.09.08 09:35:29.564,1.73001,1.73032,1.00,1.75
2016.09.08 09:35:29.767,1.73001,1.73032,1.00,1.75
2016.09.08 09:35:29.817,1.73001,1.73032,1.00,2.25
2016.09.08 09:35:30.461,1.73001,1.73032,1.00,2.25
2016.09.08 09:35:30.562,1.73001,1.73032,1.00,2.25
2016.09.08 09:35:31.063,1.73001,1.73032,1.00,2.25
2016.09.08 09:35:31.546,1.73,1.73032,1.00,2.25
2016.09.08 09:35:32.052,1.73,1.73032,1.00,2.25
2016.09.08 09:35:33.172,1.73001,1.73032,1.00,2.25
2016.09.08 09:35:33.274,1.73001,1.73032,1.00,2.25
2016.09.08 09:35:33.881,1.73001,1.73031,1.00,1.75
2016.09.08 09:35:35.474,1.73001,1.73031,1.00,1.75
2016.09.08 09:35:36.064,1.73,1.73031,1.00,1.75
2016.09.08 09:35:36.667,1.73003,1.73031,1.00,1.75
2016.09.08 09:35:37.071,1.73001,1.73031,1.00,1.75
2016.09.08 09:35:39.308,1.73001,1.73031,1.50,1.75
2016.09.08 09:35:39.984,1.73001,1.73031,1.00,1.75
2016.09.08 09:35:40.893,1.73002,1.73031,1.00,1.75
2016.09.08 09:35:41.294,1.73002,1.73032,1.00,2.25
2016.09.08 09:35:45.459,1.73004,1.73032,1.00,2.25
2016.09.08 09:35:45.616,1.73004,1.73031,1.00,1.75
2016.09.08 09:35:46.994,1.73004,1.73031,1.00,1.75
2016.09.08 09:35:47.095,1.73006,1.73031,1.00,1.75
2016.09.08 09:35:47.146,1.73006,1.73036,1.00,1.75
2016.09.08 09:35:47.197,1.73007,1.73036,1.00,1.50
2016.09.08 09:35:47.247,1.73007,1.73039,1.00,1.84
2016.09.08 09:35:47.372,1.73009,1.73039,1.00,1.09
2016.09.08 09:35:47.574,1.73009,1.7304,1.00,3.34
2016.09.08 09:35:47.676,1.73007,1.73039,1.50,1.46
2016.09.08 09:35:49.649,1.73007,1.73039,1.50,1.46
2016.09.08 09:35:50.003,1.73007,1.73038,1.00,1.12
2016.09.08 09:35:50.603,1.73007,1.73038,1.00,1.12
2016.09.08 09:35:58.195,1.73007,1.73035,1.00,1.00
2016.09.08 09:35:58.246,1.73007,1.73035,1.00,1.50
2016.09.08 09:35:58.372,1.73002,1.73032,1.75,1.00
2016.09.08 09:35:58.424,1.73002,1.73034,1.00,1.00
2016.09.08 09:35:58.530,1.73002,1.73034,1.50,1.00
2016.09.08 09:35:58.589,1.73006,1.73034,1.00,1.00
2016.09.08 09:35:58.794,1.73006,1.73033,1.00,1.00
2016.09.08 09:35:59.001,1.73001,1.73033,1.50,1.00
2016.09.08 09:36:01.696,1.73001,1.73033,1.50,1.00
2016.09.08 09:36:01.977,1.73001,1.73033,1.50,1.00
2016.09.08 09:36:02.028,1.73001,1.73032,1.50,1.00
2016.09.08 09:36:02.079,1.73001,1.73032,1.50,1.00
2016.09.08 09:36:02.816,1.73001,1.73032,1.50,1.00
2016.09.08 09:36:04.493,1.73001,1.73032,1.00,1.00
2016.09.08 09:36:04.816,1.73002,1.73032,1.00,1.00
2016.09.08 09:36:04.917,1.73011,1.73033,1.00,1.00
2016.09.08 09:36:05.018,1.73008,1.73035,1.00,1.00
2016.09.08 09:36:05.069,1.73008,1.73037,1.00,1.00
2016.09.08 09:36:05.272,1.73008,1.73037,1.00,1.50
2016.09.08 09:36:05.423,1.73005,1.73037,1.00,1.50
2016.09.08 09:36:05.908,1.73005,1.73037,1.00,1.50
2016.09.08 09:36:06.426,1.73005,1.73035,1.00,1.00
2016.09.08 09:36:06.527,1.73002,1.73033,1.00,1.37
2016.09.08 09:36:07.597,1.73004,1.73034,1.00,1.50
2016.09.08 09:36:07.698,1.73006,1.73036,1.00,1.75
2016.09.08 09:36:07.800,1.73004,1.73034,1.00,1.50
2016.09.08 09:36:15.018,1.73005,1.73037,1.00,1.37
2016.09.08 09:36:15.069,1.73005,1.73037,1.00,1.12
2016.09.08 09:36:15.120,1.73009,1.73037,1.00,1.12
2016.09.08 09:36:15.411,1.73009,1.73037,1.00,1.12
2016.09.08 09:36:22.013,1.73011,1.73037,1.00,1.12
2016.09.08 09:36:22.064,1.73011,1.73038,1.00,1.50
2016.09.08 09:36:22.115,1.73011,1.73041,1.00,1.75
2016.09.08 09:36:22.166,1.73011,1.73041,1.00,1.75
2016.09.08 09:36:22.267,1.73011,1.73041,1.00,1.75
2016.09.08 09:36:22.368,1.73011,1.73041,1.00,1.37
2016.09.08 09:36:22.469,1.73012,1.73042,1.00,1.50
2016.09.08 09:36:22.621,1.73012,1.73042,1.50,1.00
2016.09.08 09:36:23.131,1.73012,1.73042,1.00,1.00
2016.09.08 09:36:23.182,1.73012,1.73042,1.00,1.50
2016.09.08 09:36:23.232,1.73011,1.73042,1.00,2.25
2016.09.08 09:36:23.435,1.73009,1.73039,1.00,1.50
2016.09.08 09:36:23.536,1.73009,1.73039,1.00,1.50
2016.09.08 09:36:23.638,1.73009,1.73039,1.00,1.50
2016.09.08 09:36:23.739,1.73011,1.73042,1.00,2.25
2016.09.08 09:36:24.431,1.73011,1.73042,1.50,2.25
2016.09.08 09:36:24.481,1.73011,1.73042,1.50,1.87
2016.09.08 09:36:24.532,1.73011,1.73042,1.50,1.87
2016.09.08 09:36:24.634,1.73011,1.73042,1.50,1.87
2016.09.08 09:36:24.735,1.73012,1.73042,1.00,1.37
2016.09.08 09:36:24.866,1.73012,1.73042,1.00,1.37
2016.09.08 09:36:24.967,1.73014,1.73042,1.00,1.37
2016.09.08 09:36:25.156,1.73014,1.73042,1.00,1.37
2016.09.08 09:36:25.258,1.73014,1.73042,1.00,1.37
2016.09.08 09:36:25.831,1.73014,1.73042,1.00,1.37
2016.09.08 09:36:26.044,1.73012,1.73042,1.00,1.37
2016.09.08 09:36:26.146,1.73012,1.73042,1.00,1.37
2016.09.08 09:36:26.250,1.73012,1.73042,1.00,1.37
2016.09.08 09:36:26.351,1.73012,1.73039,1.00,1.00
2016.09.08 09:36:27.240,1.73013,1.73039,1.00,1.00
2016.09.08 09:36:27.632,1.73011,1.73039,1.00,1.00
2016.09.08 09:36:28.840,1.73011,1.73039,1.00,1.00
2016.09.08 09:36:29.549,1.7301,1.73039,1.00,1.00
2016.09.08 09:36:34.152,1.7301,1.73039,1.00,1.00
2016.09.08 09:36:34.254,1.7301,1.73039,1.00,1.00
2016.09.08 09:36:36.173,1.73011,1.73039,1.00,1.00
2016.09.08 09:36:36.224,1.73011,1.73039,1.50,1.00
2016.09.08 09:36:36.325,1.73011,1.73039,1.00,1.00
2016.09.08 09:36:36.433,1.73011,1.73039,1.00,1.50
2016.09.08 09:36:36.536,1.73006,1.73037,1.00,1.00
2016.09.08 09:36:36.841,1.73008,1.73039,1.00,2.25
2016.09.08 09:36:37.922,1.73008,1.73038,1.00,1.00
2016.09.08 09:36:38.426,1.73011,1.73039,1.50,1.00
2016.09.08 09:36:38.680,1.73011,1.73039,1.00,1.00
2016.09.08 09:36:38.882,1.73011,1.73039,1.00,1.00
2016.09.08 09:36:39.064,1.73011,1.73039,1.00,1.00
2016.09.08 09:36:39.165,1.73011,1.73039,1.50,1.00
2016.09.08 09:36:39.790,1.73011,1.73039,1.50,1.00
2016.09.08 09:36:40.066,1.73011,1.73039,1.50,1.00
2016.09.08 09:36:40.691,1.73011,1.73039,1.50,1.00
2016.09.08 09:36:40.792,1.73011,1.73039,1.50,1.00
2016.09.08 09:36:41.182,1.73011,1.73039,1.50,1.00
2016.09.08 09:36:43.320,1.73012,1.73039,1.00,1.00
2016.09.08 09:36:43.461,1.73016,1.73039,1.00,1.00
2016.09.08 09:36:43.512,1.73016,1.73044,1.00,4.50
2016.09.08 09:36:43.562,1.73021,1.73043,1.00,1.50
2016.09.08 09:36:43.613,1.73021,1.73043,1.00,1.12
2016.09.08 09:36:43.672,1.73025,1.73052,1.00,2.47
2016.09.08 09:36:43.723,1.73027,1.73054,1.00,3.22
2016.09.08 09:36:43.774,1.73027,1.73054,1.00,1.00
2016.09.08 09:36:43.826,1.73027,1.73054,1.00,1.00
2016.09.08 09:36:43.877,1.73027,1.73054,1.00,1.00
2016.09.08 09:36:43.979,1.73027,1.73054,1.00,1.00
2016.09.08 09:36:44.160,1.73024,1.73054,1.00,1.00
2016.09.08 09:36:44.211,1.73024,1.73054,1.00,1.00
2016.09.08 09:36:44.526,1.73021,1.73054,1.50,1.50
2016.09.08 09:36:44.726,1.73021,1.73052,1.50,1.37
2016.09.08 09:36:44.777,1.73022,1.73049,1.00,1.00
2016.09.08 09:36:45.346,1.73021,1.73049,1.50,1.00
2016.09.08 09:36:46.546,1.73022,1.73049,1.00,1.00
2016.09.08 09:36:51.126,1.73022,1.73049,1.50,1.00
2016.09.08 09:36:51.434,1.73022,1.73049,1.00,1.00
2016.09.08 09:36:52.053,1.73023,1.73049,1.00,1.00
2016.09.08 09:36:53.294,1.73023,1.73049,1.00,1.00
2016.09.08 09:36:53.344,1.73029,1.73054,1.00,1.37
2016.09.08 09:36:53.395,1.73029,1.73059,1.00,1.75
2016.09.08 09:36:53.567,1.7303,1.73061,1.00,2.25
2016.09.08 09:36:53.618,1.7303,1.73059,1.00,2.25
2016.09.08 09:36:53.691,1.73024,1.73054,1.00,2.25
2016.09.08 09:36:53.743,1.73022,1.73052,1.50,1.12
2016.09.08 09:36:53.845,1.73024,1.73054,1.00,1.50
2016.09.08 09:36:53.896,1.73027,1.73054,1.00,1.50
2016.09.08 09:36:53.947,1.73027,1.73054,1.50,1.50
2016.09.08 09:36:54.049,1.73029,1.73054,1.00,1.12
2016.09.08 09:36:54.120,1.73029,1.73054,1.00,1.00
2016.09.08 09:36:55.638,1.73029,1.73057,1.00,1.00
2016.09.08 09:36:56.232,1.7303,1.73057,1.00,1.00
2016.09.08 09:36:57.552,1.73032,1.73057,1.00,1.00
2016.09.08 09:37:01.755,1.73027,1.73057,1.00,1.00
2016.09.08 09:37:02.262,1.73026,1.73057,1.50,1.50
2016.09.08 09:37:04.229,1.73026,1.73057,1.50,1.50
2016.09.08 09:37:04.280,1.73028,1.73057,1.00,1.00
2016.09.08 09:37:04.782,1.73026,1.73057,1.00,1.00
2016.09.08 09:37:05.051,1.73026,1.73057,1.00,1.50
2016.09.08 09:37:05.152,1.73026,1.73057,1.00,1.50
2016.09.08 09:37:06.551,1.73026,1.73057,1.00,1.00
2016.09.08 09:37:08.665,1.73027,1.73057,1.00,1.00
2016.09.08 09:37:09.739,1.7303,1.73057,1.00,1.00
2016.09.08 09:37:09.790,1.7303,1.7306,1.00,1.37
2016.09.08 09:37:09.841,1.7303,1.7306,1.00,1.00
2016.09.08 09:37:10.145,1.73032,1.7306,1.00,1.00
2016.09.08 09:37:12.249,1.73033,1.7306,1.00,1.00
2016.09.08 09:37:12.679,1.73035,1.7306,1.00,1.00
2016.09.08 09:37:12.730,1.73035,1.73063,1.00,1.50
2016.09.08 09:37:13.084,1.73038,1.73063,1.00,1.50
2016.09.08 09:37:13.296,1.73038,1.73063,1.00,2.25
2016.09.08 09:37:13.346,1.73038,1.73063,1.00,3.00
2016.09.08 09:37:13.397,1.73034,1.73063,1.00,3.00
2016.09.08 09:37:14.133,1.73034,1.73063,1.00,2.25
2016.09.08 09:37:14.262,1.73038,1.73063,1.00,1.50
2016.09.08 09:37:14.464,1.73035,1.73063,1.00,1.50
2016.09.08 09:37:14.515,1.73035,1.73062,1.00,1.12
2016.09.08 09:37:14.735,1.73035,1.73062,1.00,1.87
2016.09.08 09:37:17.255,1.73035,1.73062,1.00,1.87
2016.09.08 09:37:17.357,1.73035,1.73062,1.00,1.87
2016.09.08 09:37:17.624,1.73034,1.73062,1.00,1.37
2016.09.08 09:37:17.674,1.73034,1.73062,1.00,1.75
2016.09.08 09:37:18.028,1.73034,1.73063,1.00,2.25
2016.09.08 09:37:18.129,1.73035,1.73063,1.00,1.75
2016.09.08 09:37:18.621,1.73034,1.73063,1.00,2.25
2016.09.08 09:37:19.461,1.73034,1.73063,1.00,1.75
2016.09.08 09:37:19.859,1.73036,1.73063,1.00,1.75
2016.09.08 09:37:19.960,1.73034,1.73063,1.00,1.75
2016.09.08 09:37:20.147,1.73034,1.73063,1.00,1.50
2016.09.08 09:37:20.653,1.73033,1.73063,1.00,1.50
2016.09.08 09:37:20.805,1.73036,1.73063,1.00,1.50
2016.09.08 09:37:21.007,1.73034,1.73063,1.00,1.50
2016.09.08 09:37:21.684,1.73034,1.73063,1.00,1.50
2016.09.08 09:37:22.065,1.73034,1.73063,1.00,1.50
2016.09.08 09:37:22.814,1.73034,1.73063,1.00,1.50
2016.09.08 09:37:22.915,1.73034,1.73063,1.00,1.50
2016.09.08 09:37:23.464,1.73033,1.73063,1.00,1.50
2016.09.08 09:37:23.515,1.73033,1.73063,1.00,1.50
2016.09.08 09:37:23.764,1.73034,1.73063,1.00,1.50
2016.09.08 09:37:23.846,1.73034,1.73063,1.00,1.50
2016.09.08 09:37:24.571,1.73034,1.73063,1.00,1.50
2016.09.08 09:37:24.775,1.73037,1.73063,1.00,1.50
2016.09.08 09:37:25.079,1.73035,1.73063,1.00,1.50
2016.09.08 09:37:25.965,1.73036,1.73063,1.00,1.50
2016.09.08 09:37:26.016,1.73036,1.73063,1.00,1.50
2016.09.08 09:37:27.124,1.73036,1.73063,1.00,1.50
2016.09.08 09:37:29.297,1.73036,1.73063,1.00,1.50
2016.09.08 09:37:29.398,1.73039,1.73063,1.00,1.50
2016.09.08 09:37:29.779,1.73037,1.73063,1.00,1.50
2016.09.08 09:37:30.683,1.73039,1.73063,1.00,1.50
2016.09.08 09:37:31.370,1.73036,1.73063,1.00,1.50
2016.09.08 09:37:34.209,1.73038,1.73063,1.00,1.00
2016.09.08 09:37:34.310,1.73036,1.73063,1.00,1.00
2016.09.08 09:37:34.823,1.73037,1.73063,1.00,1.00
2016.09.08 09:37:34.874,1.73041,1.73063,1.00,1.00
2016.09.08 09:37:35.026,1.73041,1.73066,1.00,1.12
2016.09.08 09:37:35.484,1.73037,1.73066,1.00,1.12
2016.09.08 09:37:36.002,1.73041,1.73066,1.00,1.12
2016.09.08 09:37:37.180,1.73041,1.73066,1.00,1.87
2016.09.08 09:37:37.282,1.73038,1.73065,1.00,1.00
2016.09.08 09:37:37.333,1.73038,1.73065,1.00,1.75
2016.09.08 09:37:37.976,1.73036,1.73063,1.00,1.50
2016.09.08 09:37:38.331,1.73036,1.73063,1.00,1.75
2016.09.08 09:37:38.878,1.73034,1.73063,1.00,1.75
2016.09.08 09:37:38.963,1.73034,1.73061,1.00,1.75
2016.09.08 09:37:39.712,1.73031,1.73061,1.00,1.75
2016.09.08 09:37:39.763,1.73031,1.73059,1.00,1.50
2016.09.08 09:37:39.814,1.73031,1.73059,1.00,1.50
2016.09.08 09:37:39.864,1.73031,1.73057,1.00,1.00
2016.09.08 09:37:39.915,1.73028,1.73057,1.00,1.37
2016.09.08 09:37:39.966,1.73028,1.73054,1.00,1.00
2016.09.08 09:37:40.417,1.73026,1.73054,1.00,1.00
2016.09.08 09:37:40.822,1.73029,1.73054,1.00,1.00
2016.09.08 09:37:41.024,1.73026,1.73054,1.00,1.00
2016.09.08 09:37:41.820,1.73028,1.73054,1.00,1.00
2016.09.08 09:37:43.725,1.73025,1.73054,1.00,1.00
2016.09.08 09:37:44.628,1.73028,1.73054,1.00,1.00
2016.09.08 09:37:44.932,1.73031,1.73056,1.00,1.00
2016.09.08 09:37:45.084,1.73029,1.73056,1.00,1.00
2016.09.08 09:37:45.731,1.73028,1.73056,1.00,1.00
2016.09.08 09:37:46.224,1.73032,1.73056,1.00,1.00
2016.09.08 09:37:46.411,1.73032,1.7306,1.00,1.75
2016.09.08 09:37:46.732,1.73034,1.73061,1.00,1.75
2016.09.08 09:37:47.232,1.73034,1.73061,1.00,1.75
2016.09.08 09:37:47.334,1.73034,1.7306,1.00,1.75
2016.09.08 09:37:47.831,1.73031,1.73059,1.00,1.50
2016.09.08 09:37:47.933,1.73031,1.73059,1.00,1.50
2016.09.08 09:37:47.985,1.73028,1.73059,1.00,1.50
2016.09.08 09:37:48.228,1.73028,1.73059,1.00,1.50
2016.09.08 09:37:48.576,1.73027,1.73057,1.00,1.12
2016.09.08 09:37:49.087,1.73028,1.73059,1.00,1.50
2016.09.08 09:37:49.138,1.73028,1.73059,1.00,1.50
2016.09.08 09:37:49.686,1.73028,1.73059,1.37,1.00
2016.09.08 09:37:49.737,1.73031,1.73059,1.00,1.00
2016.09.08 09:37:49.787,1.73034,1.73059,1.00,1.00
2016.09.08 09:37:49.838,1.73034,1.73059,1.00,1.00
2016.09.08 09:37:49.889,1.73031,1.73059,1.50,1.00
2016.09.08 09:37:50.145,1.73031,1.73059,1.00,1.00
2016.09.08 09:37:50.348,1.7303,1.73059,1.00,1.75
2016.09.08 09:37:50.500,1.73027,1.73059,1.00,2.25
2016.09.08 09:37:51.409,1.73027,1.73059,1.00,2.62
2016.09.08 09:37:51.460,1.73027,1.73058,1.00,1.50
2016.09.08 09:37:51.511,1.73024,1.73051,1.00,1.00
2016.09.08 09:37:51.663,1.73023,1.73049,1.00,1.00
2016.09.08 09:37:51.764,1.73025,1.73051,1.00,1.00
2016.09.08 09:37:52.044,1.7303,1.73058,1.00,2.25
2016.09.08 09:37:52.149,1.7303,1.73058,1.00,1.75
2016.09.08 09:37:53.235,1.7303,1.73059,1.00,2.25
2016.09.08 09:37:53.565,1.7303,1.73059,1.00,3.00
2016.09.08 09:37:53.616,1.73028,1.73058,1.00,1.75
2016.09.08 09:37:53.922,1.73028,1.73055,1.00,1.75
2016.09.08 09:37:58.965,1.73028,1.73051,1.00,1.75
2016.09.08 09:38:00.218,1.73024,1.73051,1.00,1.75
2016.09.08 09:38:00.766,1.73024,1.73052,1.00,1.75
2016.09.08 09:38:01.234,1.73024,1.73052,1.00,1.75
2016.09.08 09:38:01.369,1.73024,1.73052,1.00,1.75
2016.09.08 09:38:01.527,1.73024,1.73052,1.00,1.75
2016.09.08 09:38:03.374,1.73024,1.73051,1.00,1.75
2016.09.08 09:38:03.911,1.73023,1.73051,1.00,1.75
2016.09.08 09:38:04.961,1.73023,1.73051,1.00,1.75
2016.09.08 09:38:05.062,1.73023,1.73053,1.00,1.75
2016.09.08 09:38:05.113,1.73033,1.73055,1.00,1.75
2016.09.08 09:38:05.252,1.73031,1.73055,1.00,1.75
2016.09.08 09:38:05.303,1.73029,1.73055,1.00,1.75
2016.09.08 09:38:05.864,1.7303,1.73055,1.00,1.75
2016.09.08 09:38:05.966,1.7303,1.73055,1.00,1.75
2016.09.08 09:38:06.472,1.73029,1.73055,1.00,1.75
2016.09.08 09:38:06.945,1.73027,1.73055,1.00,1.75
2016.09.08 09:38:07.148,1.73024,1.73055,1.00,2.25
2016.09.08 09:38:07.249,1.73024,1.7305,1.00,1.00
2016.09.08 09:38:07.375,1.73024,1.7305,1.00,1.50
2016.09.08 09:38:07.425,1.73022,1.7305,1.00,1.50
2016.09.08 09:38:09.282,1.73022,1.7305,1.00,1.00
2016.09.08 09:38:09.332,1.73025,1.7305,1.00,1.00
2016.09.08 09:38:09.563,1.73025,1.73053,1.00,1.75
2016.09.08 09:38:09.664,1.73023,1.73051,1.00,1.75
2016.09.08 09:38:09.816,1.7302,1.73051,1.00,2.25
2016.09.08 09:38:09.867,1.7302,1.7305,1.00,1.75
2016.09.08 09:38:10.019,1.73019,1.73049,1.00,1.50
2016.09.08 09:38:10.070,1.73019,1.73049,1.00,1.75
2016.09.08 09:38:10.121,1.7302,1.7305,1.00,2.25
2016.09.08 09:38:10.223,1.73019,1.7305,1.00,1.75
2016.09.08 09:38:10.274,1.73019,1.7305,1.00,1.75
2016.09.08 09:38:10.582,1.73018,1.73048,1.00,1.75
2016.09.08 09:38:10.633,1.73016,1.73047,1.00,1.75
2016.09.08 09:38:10.785,1.73016,1.73046,1.00,1.75
2016.09.08 09:38:10.886,1.73016,1.73046,1.00,1.75
2016.09.08 09:38:10.937,1.73019,1.73046,1.00,1.75
2016.09.08 09:38:10.988,1.73019,1.73046,1.00,1.75
2016.09.08 09:38:11.190,1.73021,1.73046,1.00,1.75
2016.09.08 09:38:11.499,1.7302,1.73046,1.00,1.75
2016.09.08 09:38:11.600,1.7302,1.73046,1.00,1.75
2016.09.08 09:38:11.752,1.73018,1.73046,1.00,1.75
2016.09.08 09:38:12.089,1.73018,1.73046,1.00,1.75
2016.09.08 09:38:12.706,1.73018,1.73046,1.00,1.75
2016.09.08 09:38:13.661,1.73018,1.73046,1.00,1.75
2016.09.08 09:38:15.607,1.73018,1.73044,1.00,1.12
2016.09.08 09:38:15.657,1.73016,1.73042,1.00,1.00
2016.09.08 09:38:15.708,1.73016,1.73042,1.00,1.37
2016.09.08 09:38:15.759,1.73011,1.73041,1.00,1.37
2016.09.08 09:38:15.809,1.73011,1.73041,1.00,1.75
2016.09.08 09:38:15.961,1.73009,1.7304,1.00,1.75
2016.09.08 09:38:16.343,1.7301,1.73042,1.00,2.62
2016.09.08 09:38:16.637,1.7301,1.73038,1.00,1.37
2016.09.08 09:38:16.688,1.7301,1.73038,1.00,1.37
2016.09.08 09:38:17.269,1.73012,1.73038,1.00,1.37
2016.09.08 09:38:17.320,1.73012,1.73041,1.00,2.25
2016.09.08 09:38:17.370,1.73012,1.73041,1.00,1.75
2016.09.08 09:38:17.533,1.73012,1.73041,1.50,1.75
2016.09.08 09:38:17.650,1.73012,1.73041,1.00,1.75
2016.09.08 09:38:17.701,1.73012,1.73041,1.00,1.75
2016.09.08 09:38:17.802,1.73012,1.73041,1.00,1.75
2016.09.08 09:38:17.853,1.73012,1.73043,1.00,1.75
2016.09.08 09:38:17.904,1.73012,1.73043,1.00,1.75
2016.09.08 09:38:17.955,1.73014,1.73043,1.00,1.75
2016.09.08 09:38:18.005,1.73014,1.73045,1.00,1.84
2016.09.08 09:38:18.056,1.73017,1.73045,1.00,1.09
2016.09.08 09:38:18.107,1.73017,1.73047,1.00,1.71
2016.09.08 09:38:18.208,1.73017,1.73047,1.00,1.71
2016.09.08 09:38:18.259,1.73017,1.73042,1.00,1.37
2016.09.08 09:38:18.367,1.73016,1.73042,1.00,1.37
2016.09.08 09:38:18.520,1.73016,1.73042,1.50,1.37
2016.09.08 09:38:18.621,1.73016,1.73042,1.50,1.00
2016.09.08 09:38:18.722,1.73016,1.73042,1.00,1.00
2016.09.08 09:38:18.824,1.73016,1.73042,1.00,1.12
2016.09.08 09:38:18.875,1.73016,1.73042,1.00,1.50
2016.09.08 09:38:18.925,1.73016,1.73045,1.00,1.09
2016.09.08 09:38:18.976,1.73016,1.73046,1.00,1.09
2016.09.08 09:38:19.281,1.73017,1.73046,1.00,1.09
2016.09.08 09:38:19.383,1.73017,1.73046,1.50,1.09
2016.09.08 09:38:19.434,1.73019,1.73046,1.00,1.09
2016.09.08 09:38:19.484,1.73019,1.73047,1.00,2.25
2016.09.08 09:38:19.535,1.73021,1.73047,1.00,1.37
2016.09.08 09:38:19.587,1.73021,1.7305,1.00,1.00
2016.09.08 09:38:19.689,1.73021,1.7305,1.00,1.00
2016.09.08 09:38:19.892,1.73015,1.73043,1.00,1.34
2016.09.08 09:38:20.011,1.73014,1.73043,1.00,1.71
2016.09.08 09:38:20.065,1.73015,1.73038,1.00,1.37
2016.09.08 09:38:20.217,1.73015,1.73038,1.00,1.00
2016.09.08 09:38:20.420,1.73015,1.73038,1.00,1.00
2016.09.08 09:38:20.522,1.73015,1.73038,1.00,1.00
2016.09.08 09:38:20.693,1.73015,1.73038,1.00,1.00
2016.09.08 09:38:20.916,1.73015,1.73039,1.00,1.00
2016.09.08 09:38:20.966,1.73013,1.73038,1.00,1.00
2016.09.08 09:38:21.017,1.73013,1.73038,1.00,1.00
2016.09.08 09:38:21.119,1.73013,1.73038,1.00,1.00
2016.09.08 09:38:21.220,1.73013,1.73038,1.00,1.37
2016.09.08 09:38:21.322,1.73013,1.73038,1.00,1.50
2016.09.08 09:38:21.372,1.73012,1.73037,1.00,1.37
2016.09.08 09:38:21.423,1.73006,1.73031,1.00,1.00
2016.09.08 09:38:21.474,1.73003,1.73031,1.37,1.00
2016.09.08 09:38:21.525,1.73003,1.73031,1.00,1.71
2016.09.08 09:38:21.576,1.73003,1.73028,1.00,1.46
2016.09.08 09:38:21.627,1.73003,1.73028,1.00,2.59
2016.09.08 09:38:21.678,1.72998,1.73028,1.00,2.59
2016.09.08 09:38:21.779,1.72999,1.73028,1.00,2.59
2016.09.08 09:38:21.880,1.72999,1.73028,1.00,2.59
2016.09.08 09:38:21.982,1.72999,1.73028,1.00,1.84
2016.09.08 09:38:22.156,1.72999,1.73028,1.00,1.09
2016.09.08 09:38:22.324,1.72998,1.73028,1.00,1.84
2016.09.08 09:38:22.955,1.72998,1.73028,1.00,1.75
2016.09.08 09:38:23.107,1.73001,1.73029,1.00,1.75
2016.09.08 09:38:23.209,1.73002,1.73029,1.00,1.50
2016.09.08 09:38:23.260,1.73005,1.73028,1.00,1.37
2016.09.08 09:38:23.311,1.73005,1.73028,1.00,1.37
2016.09.08 09:38:23.362,1.73003,1.73028,1.00,1.37
2016.09.08 09:38:23.413,1.73003,1.73028,1.00,1.75
2016.09.08 09:38:23.464,1.73001,1.73028,1.00,1.75
2016.09.08 09:38:23.565,1.72998,1.73028,1.00,1.75
2016.09.08 09:38:23.616,1.72998,1.73028,1.00,1.75
2016.09.08 09:38:23.717,1.72998,1.73028,1.00,1.50
2016.09.08 09:38:23.768,1.73002,1.73028,1.00,1.50
2016.09.08 09:38:23.924,1.73003,1.73029,1.00,1.50
2016.09.08 09:38:24.278,1.73002,1.73028,1.00,1.12
2016.09.08 09:38:24.329,1.73002,1.73028,1.00,1.12
2016.09.08 09:38:24.692,1.73001,1.73028,1.00,1.12
2016.09.08 09:38:24.844,1.72998,1.73028,1.00,1.12
2016.09.08 09:38:24.969,1.72998,1.73028,1.00,1.87
2016.09.08 09:38:25.173,1.72998,1.73028,1.00,1.12
2016.09.08 09:38:25.275,1.73,1.73028,1.00,1.87
2016.09.08 09:38:25.377,1.73005,1.7303,1.00,1.75
2016.09.08 09:38:25.427,1.73005,1.7303,1.00,1.75
2016.09.08 09:38:25.529,1.73006,1.73032,1.00,1.75
2016.09.08 09:38:25.632,1.73006,1.73032,1.00,1.75
2016.09.08 09:38:25.983,1.73007,1.73032,1.00,1.75
2016.09.08 09:38:26.034,1.73005,1.73032,1.00,1.75
2016.09.08 09:38:27.232,1.73004,1.73032,1.00,1.75
2016.09.08 09:38:27.974,1.73002,1.73032,1.00,1.75
2016.09.08 09:38:28.029,1.73002,1.73032,1.00,1.75
2016.09.08 09:38:28.130,1.73002,1.73031,1.00,1.75
2016.09.08 09:38:28.181,1.73001,1.73028,1.00,1.12
2016.09.08 09:38:28.232,1.73,1.73028,1.00,1.37
2016.09.08 09:38:28.333,1.73,1.73028,1.00,1.75
2016.09.08 09:38:28.435,1.72997,1.73028,1.00,1.75
2016.09.08 09:38:28.536,1.72997,1.73028,1.00,1.75
2016.09.08 09:38:28.840,1.72997,1.73028,1.00,1.75
2016.09.08 09:38:29.367,1.72996,1.73028,1.00,1.75
2016.09.08 09:38:29.706,1.72996,1.73028,1.00,2.25
2016.09.08 09:38:29.756,1.72998,1.73028,1.00,2.25
2016.09.08 09:38:29.807,1.72998,1.73028,1.00,2.25
2016.09.08 09:38:29.858,1.72994,1.73027,1.00,1.75
2016.09.08 09:38:29.959,1.72994,1.73024,1.00,1.37
2016.09.08 09:38:30.191,1.72994,1.73026,1.00,2.25
2016.09.08 09:38:30.294,1.72994,1.73025,1.00,1.50
2016.09.08 09:38:30.345,1.72992,1.73024,1.00,1.87
2016.09.08 09:38:30.396,1.72992,1.7302,1.00,1.50
2016.09.08 09:38:30.801,1.72992,1.7302,1.00,1.50
2016.09.08 09:38:30.852,1.72989,1.7302,1.00,2.25
2016.09.08 09:38:30.903,1.72989,1.73013,1.00,1.00
2016.09.08 09:38:30.954,1.7298,1.73011,1.87,1.37
2016.09.08 09:38:31.005,1.7298,1.73011,1.00,1.75
2016.09.08 09:38:31.107,1.7298,1.7301,1.00,1.50
2016.09.08 09:38:31.285,1.72978,1.7301,1.00,2.25
2016.09.08 09:38:31.438,1.7298,1.73011,1.00,2.25
2016.09.08 09:38:31.640,1.7298,1.73011,1.00,1.75
2016.09.08 09:38:31.944,1.7298,1.73011,1.00,1.75
2016.09.08 09:38:32.262,1.72987,1.73012,1.00,1.75
2016.09.08 09:38:32.313,1.72987,1.73017,1.00,1.75
2016.09.08 09:38:32.364,1.72988,1.73019,1.00,3.22
2016.09.08 09:38:32.415,1.72988,1.73017,1.50,1.00
2016.09.08 09:38:32.466,1.72993,1.73017,1.00,1.00
2016.09.08 09:38:32.567,1.72993,1.73023,1.00,1.75
2016.09.08 09:38:32.618,1.72993,1.73022,1.00,1.00
2016.09.08 09:38:32.720,1.72993,1.73022,1.00,1.00
2016.09.08 09:38:32.770,1.72991,1.73022,1.00,1.50
2016.09.08 09:38:32.953,1.72992,1.73022,1.00,1.00
2016.09.08 09:38:33.027,1.72992,1.73022,1.00,1.00
2016.09.08 09:38:33.129,1.72992,1.73022,1.00,1.50
2016.09.08 09:38:33.231,1.72992,1.73022,1.00,1.50
2016.09.08 09:38:33.332,1.72992,1.73022,1.00,1.50
2016.09.08 09:38:33.434,1.72992,1.73018,1.00,1.37
2016.09.08 09:38:33.535,1.72992,1.73018,1.00,1.75
2016.09.08 09:38:33.586,1.72987,1.73017,1.00,1.75
2016.09.08 09:38:34.103,1.72987,1.73017,1.00,1.75
2016.09.08 09:38:35.153,1.72987,1.73016,1.00,1.50
2016.09.08 09:38:35.506,1.72987,1.73016,1.00,1.50
2016.09.08 09:38:35.557,1.72982,1.73014,1.12,1.12
2016.09.08 09:38:35.608,1.72982,1.73014,1.12,1.12
2016.09.08 09:38:35.658,1.72982,1.73011,1.00,1.37
2016.09.08 09:38:35.709,1.72981,1.73011,1.00,1.75
2016.09.08 09:38:35.760,1.72983,1.73011,1.00,1.75
2016.09.08 09:38:36.302,1.72983,1.73012,1.00,1.75
2016.09.08 09:38:36.353,1.72983,1.73011,1.00,1.75
2016.09.08 09:38:36.454,1.72978,1.73011,1.00,3.00
2016.09.08 09:38:36.555,1.72977,1.73009,1.00,1.50
2016.09.08 09:38:36.657,1.72978,1.73011,1.00,3.00
2016.09.08 09:38:36.758,1.72979,1.73012,1.00,3.00
2016.09.08 09:38:36.809,1.72979,1.73012,1.00,3.75
2016.09.08 09:38:36.860,1.72979,1.7301,1.00,1.75
2016.09.08 09:38:36.911,1.72979,1.7301,1.00,1.75
2016.09.08 09:38:36.962,1.72978,1.73008,1.00,1.12
2016.09.08 09:38:37.139,1.72979,1.7301,1.00,1.75
2016.09.08 09:38:37.484,1.72978,1.73008,1.00,1.12
2016.09.08 09:38:37.911,1.72978,1.73008,1.00,1.12
2016.09.08 09:38:38.318,1.72978,1.73008,1.00,1.12
2016.09.08 09:38:39.945,1.72978,1.73011,1.00,2.25
2016.09.08 09:38:40.451,1.72977,1.73009,1.00,1.50
2016.09.08 09:38:43.158,1.72977,1.73009,1.00,1.50
2016.09.08 09:38:45.452,1.72977,1.73009,1.00,1.50
2016.09.08 09:38:46.227,1.72977,1.73009,1.00,1.50
2016.09.08 09:38:47.157,1.72977,1.73009,1.00,1.50
2016.09.08 09:38:47.359,1.72976,1.73007,1.00,1.00
2016.09.08 09:38:47.790,1.72976,1.73007,1.00,1.00
2016.09.08 09:38:47.942,1.72976,1.73007,1.00,1.00
2016.09.08 09:38:48.043,1.72976,1.73007,1.00,1.00
2016.09.08 09:38:48.144,1.72976,1.73007,1.00,1.00
2016.09.08 09:38:48.195,1.72975,1.73008,1.12,1.12
2016.09.08 09:38:48.246,1.72975,1.73008,1.12,1.12
2016.09.08 09:38:48.398,1.7298,1.73011,1.00,3.75
2016.09.08 09:38:48.601,1.72977,1.73009,1.00,1.50
2016.09.08 09:38:48.725,1.72977,1.73009,1.00,1.50
2016.09.08 09:38:48.877,1.72977,1.73009,1.00,2.25
2016.09.08 09:38:49.064,1.72977,1.73008,1.37,1.00
2016.09.08 09:38:49.165,1.7298,1.73011,1.00,1.00
2016.09.08 09:38:49.266,1.72992,1.73012,1.00,2.25
2016.09.08 09:38:49.317,1.72992,1.73012,1.00,1.00
2016.09.08 09:38:49.368,1.72992,1.73012,1.00,1.00
2016.09.08 09:38:49.470,1.72998,1.73011,1.00,1.00
2016.09.08 09:38:49.610,1.73008,1.73029,1.00,1.37
2016.09.08 09:38:49.661,1.73011,1.73031,1.00,1.00
2016.09.08 09:38:49.763,1.73013,1.73036,1.00,1.00
2016.09.08 09:38:49.967,1.73006,1.73036,1.00,1.00
2016.09.08 09:38:50.068,1.73003,1.73035,1.12,1.12
2016.09.08 09:38:50.119,1.73003,1.73035,1.12,2.62
2016.09.08 09:38:50.169,1.73003,1.73034,1.00,1.00
2016.09.08 09:38:50.271,1.73,1.73033,1.00,1.00
2016.09.08 09:38:50.480,1.73004,1.73035,1.00,1.75
2016.09.08 09:38:50.683,1.73,1.73033,1.00,1.75
2016.09.08 09:38:50.886,1.73,1.7303,1.00,1.12
2016.09.08 09:38:51.186,1.72996,1.73029,1.12,1.00
2016.09.08 09:38:53.272,1.72997,1.73027,1.00,1.00
2016.09.08 09:38:53.796,1.72997,1.73028,1.00,1.00
2016.09.08 09:38:54.192,1.72999,1.73029,1.00,1.00
2016.09.08 09:38:54.334,1.72999,1.73029,1.00,1.00
2016.09.08 09:38:54.385,1.73,1.7303,1.00,1.12
2016.09.08 09:38:54.762,1.73,1.7303,1.00,1.12
2016.09.08 09:38:54.966,1.73,1.7303,1.00,1.12
2016.09.08 09:38:55.067,1.73001,1.7303,1.00,1.12
2016.09.08 09:38:55.168,1.73,1.7303,1.00,1.87
2016.09.08 09:38:56.209,1.72998,1.73029,1.00,1.00
2016.09.08 09:38:57.387,1.72998,1.73029,1.00,1.00
2016.09.08 09:38:57.464,1.72998,1.7303,1.00,1.12
2016.09.08 09:38:57.682,1.72998,1.7303,1.00,1.12
2016.09.08 09:38:57.783,1.72998,1.7303,1.00,1.75
2016.09.08 09:38:58.265,1.72996,1.7303,1.00,2.25
2016.09.08 09:38:58.509,1.72998,1.7303,1.00,1.75
2016.09.08 09:38:59.266,1.72998,1.7303,1.00,2.25
2016.09.08 09:38:59.466,1.72999,1.7303,1.00,1.75
2016.09.08 09:38:59.867,1.72996,1.73028,1.00,1.75
2016.09.08 09:39:00.069,1.72996,1.73028,1.00,2.25
2016.09.08 09:39:00.497,1.72994,1.73028,1.00,2.25
2016.09.08 09:39:00.599,1.72994,1.73028,1.00,1.75
2016.09.08 09:39:00.983,1.72994,1.73028,1.00,1.75
2016.09.08 09:39:01.668,1.72996,1.73027,1.00,1.75
2016.09.08 09:39:02.062,1.72996,1.73027,1.00,1.75
2016.09.08 09:39:02.113,1.72995,1.73025,1.00,1.37
2016.09.08 09:39:02.214,1.72993,1.73025,1.00,1.37
2016.09.08 09:39:02.345,1.72993,1.73025,1.00,1.87
2016.09.08 09:39:02.396,1.72992,1.73021,1.00,1.00
2016.09.08 09:39:02.497,1.72992,1.73021,1.00,1.00
2016.09.08 09:39:02.918,1.72987,1.7302,1.50,1.00
2016.09.08 09:39:03.019,1.72986,1.73016,1.00,1.00
2016.09.08 09:39:04.188,1.72985,1.73016,1.00,1.00
2016.09.08 09:39:04.692,1.72986,1.73016,1.00,1.00
2016.09.08 09:39:05.208,1.72985,1.73017,1.00,1.00
2016.09.08 09:39:05.493,1.72989,1.73017,1.00,1.00
2016.09.08 09:39:05.595,1.7299,1.73017,1.00,1.00
2016.09.08 09:39:05.696,1.72993,1.73021,1.00,1.00
2016.09.08 09:39:05.797,1.72993,1.73021,1.00,1.00
2016.09.08 09:39:05.899,1.72995,1.73021,1.00,1.00
2016.09.08 09:39:06.093,1.72993,1.73021,1.00,1.00
2016.09.08 09:39:06.208,1.72991,1.73021,1.00,1.00
2016.09.08 09:39:06.475,1.72988,1.73021,1.00,1.50
2016.09.08 09:39:06.677,1.72988,1.7302,1.00,1.00
2016.09.08 09:39:09.203,1.72987,1.73021,1.00,1.50
2016.09.08 09:39:09.304,1.72988,1.73021,1.00,1.00
2016.09.08 09:39:11.121,1.72989,1.73021,1.00,1.50
2016.09.08 09:39:11.422,1.72988,1.73021,1.00,1.00
2016.09.08 09:39:11.971,1.72989,1.73021,1.00,1.00
2016.09.08 09:39:12.507,1.72988,1.73021,1.00,1.00
2016.09.08 09:39:13.416,1.72987,1.73021,1.50,1.00
2016.09.08 09:39:17.791,1.72987,1.73021,1.00,1.00
2016.09.08 09:39:17.992,1.72987,1.73021,1.50,1.00
2016.09.08 09:39:18.194,1.72987,1.73021,1.00,1.00
2016.09.08 09:39:18.633,1.72987,1.73019,1.00,1.00
2016.09.08 09:39:19.100,1.72987,1.73021,1.00,1.00
2016.09.08 09:39:19.202,1.72987,1.73021,1.50,1.00
2016.09.08 09:39:19.404,1.72987,1.73021,1.00,1.00
2016.09.08 09:39:26.346,1.72987,1.73018,1.00,1.00
2016.09.08 09:39:29.248,1.72987,1.73017,1.00,1.00
2016.09.08 09:39:29.450,1.72987,1.73019,1.00,1.00
2016.09.08 09:39:32.051,1.72985,1.73017,1.00,1.00
2016.09.08 09:39:32.610,1.72986,1.73017,1.00,1.00
2016.09.08 09:39:32.863,1.72986,1.73017,1.00,1.50
2016.09.08 09:39:33.130,1.72986,1.73017,1.00,1.00
2016.09.08 09:39:33.332,1.72986,1.73017,1.00,1.50
2016.09.08 09:39:33.743,1.72986,1.73017,1.00,1.00
2016.09.08 09:39:34.836,1.72989,1.73017,1.00,1.00
2016.09.08 09:39:35.404,1.7299,1.73017,1.00,1.00
2016.09.08 09:39:35.821,1.72992,1.73017,1.00,1.00
2016.09.08 09:39:36.638,1.72991,1.73017,1.00,1.00
2016.09.08 09:39:39.839,1.72993,1.73017,1.00,1.00
2016.09.08 09:39:41.991,1.72993,1.73017,1.00,1.00
2016.09.08 09:39:42.946,1.72993,1.73017,1.00,1.00
2016.09.08 09:39:44.249,1.72993,1.73017,1.00,1.00
2016.09.08 09:39:44.350,1.72993,1.73017,1.00,1.00
2016.09.08 09:39:50.230,1.72987,1.73017,1.50,1.00
2016.09.08 09:39:50.332,1.72992,1.73014,1.00,1.00
2016.09.08 09:39:50.462,1.72992,1.73018,1.00,2.25
2016.09.08 09:39:50.563,1.72991,1.73018,1.00,1.50
2016.09.08 09:39:50.665,1.72988,1.73018,1.00,1.00
2016.09.08 09:39:50.867,1.7299,1.73018,1.00,1.50
2016.09.08 09:39:51.069,1.72987,1.73018,1.50,1.50
2016.09.08 09:39:51.576,1.72991,1.73018,1.00,1.50
2016.09.08 09:39:51.627,1.72991,1.73018,1.50,1.50
2016.09.08 09:39:51.677,1.72992,1.73022,1.00,1.37
2016.09.08 09:39:51.728,1.72992,1.73023,1.50,1.37
2016.09.08 09:39:51.779,1.72992,1.73023,1.00,1.12
2016.09.08 09:39:51.830,1.72991,1.73023,1.50,1.12
2016.09.08 09:39:51.880,1.72991,1.73023,1.00,1.12
2016.09.08 09:39:51.982,1.72991,1.73023,1.00,1.12
2016.09.08 09:39:52.134,1.72991,1.73022,1.00,1.00
2016.09.08 09:39:52.343,1.72993,1.73023,1.00,1.12
2016.09.08 09:39:52.761,1.72991,1.73023,1.50,1.12
2016.09.08 09:39:52.933,1.72991,1.73023,1.00,1.12
2016.09.08 09:39:53.439,1.72992,1.73023,1.00,1.12
2016.09.08 09:39:55.090,1.72991,1.73024,1.75,1.50
2016.09.08 09:39:55.141,1.72996,1.73024,1.00,1.00
2016.09.08 09:39:55.344,1.72995,1.73024,1.12,1.00
2016.09.08 09:39:55.679,1.72995,1.73024,1.12,1.00
2016.09.08 09:39:55.730,1.72994,1.73024,1.50,1.00
2016.09.08 09:39:55.781,1.72994,1.73024,1.50,1.00
2016.09.08 09:39:55.932,1.72993,1.73024,1.75,1.00
2016.09.08 09:39:56.040,1.72992,1.73023,2.25,1.00
2016.09.08 09:39:56.192,1.72992,1.73023,1.87,1.00
2016.09.08 09:39:56.242,1.72996,1.73024,1.00,1.50
2016.09.08 09:39:56.293,1.72996,1.73024,1.00,1.87
2016.09.08 09:39:56.344,1.72993,1.73024,1.00,1.87
2016.09.08 09:39:56.547,1.72992,1.73024,1.50,1.87
2016.09.08 09:39:56.734,1.72992,1.73024,1.50,1.87
2016.09.08 09:39:57.068,1.72993,1.73024,1.00,1.87
2016.09.08 09:39:58.555,1.72991,1.73024,1.50,2.62
2016.09.08 09:39:58.758,1.72992,1.73024,1.00,1.87
2016.09.08 09:39:58.860,1.72991,1.73021,1.50,1.00
2016.09.08 09:39:58.958,1.72992,1.73021,1.00,1.00
2016.09.08 09:39:59.138,1.72993,1.73024,1.00,2.62
2016.09.08 09:39:59.190,1.72993,1.73024,1.00,2.62
2016.09.08 09:40:00.112,1.72993,1.73021,1.00,1.00
2016.09.08 09:40:01.015,1.72993,1.73019,1.00,1.00
2016.09.08 09:40:01.066,1.72991,1.73019,1.00,1.00
2016.09.08 09:40:01.319,1.7299,1.73019,1.00,1.50
2016.09.08 09:40:01.471,1.72988,1.73019,1.00,1.50
2016.09.08 09:40:01.522,1.72988,1.73019,1.00,1.00
2016.09.08 09:40:01.573,1.72992,1.73019,1.00,1.00
2016.09.08 09:40:02.004,1.72993,1.73021,1.00,1.37
2016.09.08 09:40:02.054,1.72991,1.73021,1.12,1.37
2016.09.08 09:40:02.105,1.72991,1.73021,1.50,1.00
2016.09.08 09:40:02.257,1.72991,1.7302,1.00,1.00
2016.09.08 09:40:02.308,1.72989,1.7302,1.37,1.00
2016.09.08 09:40:02.360,1.72988,1.7302,1.37,1.50
2016.09.08 09:40:02.411,1.72988,1.73018,1.12,1.00
2016.09.08 09:40:02.462,1.72987,1.73018,1.37,1.00
2016.09.08 09:40:02.513,1.72987,1.73018,1.37,1.12
2016.09.08 09:40:02.675,1.72987,1.73018,1.00,1.50
2016.09.08 09:40:02.726,1.72987,1.73019,1.00,2.25
2016.09.08 09:40:02.777,1.72986,1.73019,1.00,3.00
2016.09.08 09:40:02.828,1.72986,1.73019,1.00,2.25
2016.09.08 09:40:02.878,1.7299,1.73019,1.00,1.75
2016.09.08 09:40:03.684,1.72991,1.73019,1.00,1.75
2016.09.08 09:40:09.237,1.72991,1.73019,1.00,1.75
2016.09.08 09:40:09.338,1.72992,1.73019,1.00,1.75
2016.09.08 09:40:09.739,1.7299,1.73019,1.00,1.75
2016.09.08 09:40:10.368,1.72991,1.73019,1.00,1.75
2016.09.08 09:40:12.443,1.72991,1.73019,1.00,1.75
2016.09.08 09:40:12.660,1.72992,1.73019,1.00,1.37
2016.09.08 09:40:12.711,1.72992,1.73019,1.00,1.00
2016.09.08 09:40:13.370,1.72991,1.73019,1.00,1.00
2016.09.08 09:40:16.356,1.72988,1.73018,1.12,1.00
2016.09.08 09:40:16.777,1.72986,1.73016,2.25,1.00
2016.09.08 09:40:21.387,1.72984,1.73016,1.75,1.00
2016.09.08 09:40:21.587,1.72984,1.73014,1.75,1.00
2016.09.08 09:40:21.640,1.72984,1.73014,1.75,1.00
2016.09.08 09:40:21.893,1.72984,1.73015,2.25,1.00
2016.09.08 09:40:22.096,1.72985,1.73014,1.75,1.00
2016.09.08 09:40:22.602,1.72984,1.73014,1.75,1.00
2016.09.08 09:40:22.690,1.72983,1.73014,1.75,1.00
2016.09.08 09:40:25.630,1.72987,1.73014,1.09,1.00
2016.09.08 09:40:25.681,1.72987,1.73017,3.34,1.00
2016.09.08 09:40:25.733,1.73001,1.73018,1.00,1.00
2016.09.08 09:40:25.784,1.73002,1.73028,1.00,1.37
2016.09.08 09:40:25.836,1.73002,1.73033,1.50,1.75
2016.09.08 09:40:25.888,1.73002,1.73031,1.12,1.37
2016.09.08 09:40:25.940,1.73002,1.73031,1.00,1.00
2016.09.08 09:40:25.992,1.72996,1.73028,1.75,1.00
2016.09.08 09:40:26.167,1.72996,1.73024,1.75,1.00
2016.09.08 09:40:26.319,1.72994,1.73024,1.75,1.00
2016.09.08 09:40:26.370,1.72992,1.73022,1.87,1.00
2016.09.08 09:40:26.421,1.72992,1.73022,1.50,1.00
2016.09.08 09:40:26.573,1.72992,1.73021,1.00,1.00
2016.09.08 09:40:26.725,1.7299,1.73021,1.00,1.00
2016.09.08 09:40:26.884,1.72991,1.73021,1.37,1.00
2016.09.08 09:40:26.935,1.72991,1.73021,2.25,1.00
2016.09.08 09:40:26.986,1.72991,1.73021,1.87,1.00
2016.09.08 09:40:27.119,1.72993,1.73025,1.50,1.50
2016.09.08 09:40:27.170,1.72993,1.73025,1.50,1.00
2016.09.08 09:40:27.272,1.72998,1.73025,1.75,1.00
2016.09.08 09:40:27.322,1.73007,1.73025,1.00,1.00
2016.09.08 09:40:27.373,1.73007,1.7303,1.00,1.00
2016.09.08 09:40:27.424,1.73,1.7303,3.00,1.00
2016.09.08 09:40:27.475,1.73,1.73032,3.00,1.37
2016.09.08 09:40:27.525,1.73,1.73031,1.87,1.37
2016.09.08 09:40:27.588,1.72999,1.73029,1.37,1.00
2016.09.08 09:40:27.639,1.72999,1.73029,1.00,1.00
2016.09.08 09:40:27.690,1.72995,1.73023,1.75,1.00
2016.09.08 09:40:27.740,1.72992,1.73023,1.50,1.00
2016.09.08 09:40:27.835,1.72992,1.73023,1.12,1.00
2016.09.08 09:40:27.937,1.72992,1.73023,1.12,1.00
2016.09.08 09:40:27.987,1.72992,1.73022,1.87,1.00
2016.09.08 09:40:28.203,1.72993,1.73027,1.00,2.25
2016.09.08 09:40:28.355,1.72997,1.73027,1.00,1.50
2016.09.08 09:40:28.406,1.72997,1.73027,1.50,1.00
2016.09.08 09:40:28.558,1.72997,1.73027,1.75,1.00
2016.09.08 09:40:28.609,1.73002,1.7303,1.12,1.00
2016.09.08 09:40:28.660,1.73002,1.73031,1.87,1.50
2016.09.08 09:40:28.770,1.73005,1.73035,1.00,1.37
2016.09.08 09:40:28.880,1.73006,1.73039,1.00,1.75
2016.09.08 09:40:29.033,1.73006,1.73039,1.00,2.25
2016.09.08 09:40:29.114,1.73002,1.73031,1.00,1.50
2016.09.08 09:40:29.164,1.73,1.73031,1.00,1.50
2016.09.08 09:40:29.265,1.72996,1.73027,1.50,1.00
2016.09.08 09:40:29.502,1.72995,1.73027,2.25,1.00
2016.09.08 09:40:29.603,1.72998,1.73031,1.00,1.50
2016.09.08 09:40:29.654,1.72998,1.73031,1.00,1.50
2016.09.08 09:40:29.959,1.72998,1.73028,1.00,1.00
2016.09.08 09:40:30.010,1.72996,1.73028,1.50,1.50
2016.09.08 09:40:30.199,1.72998,1.73028,1.00,1.00
2016.09.08 09:40:32.476,1.72998,1.73031,1.00,1.50
2016.09.08 09:40:33.014,1.72999,1.73031,1.00,1.50
2016.09.08 09:40:33.116,1.72997,1.73029,1.12,1.00
2016.09.08 09:40:33.304,1.72998,1.73029,1.00,1.00
2016.09.08 09:40:33.405,1.72999,1.73032,1.00,1.75
2016.09.08 09:40:33.566,1.72999,1.73032,1.50,1.00
2016.09.08 09:40:33.780,1.73007,1.73032,1.00,1.00
2016.09.08 09:40:33.831,1.73007,1.73033,1.50,1.00
2016.09.08 09:40:33.881,1.73011,1.73037,1.00,1.87
2016.09.08 09:40:33.932,1.73011,1.73039,1.00,1.75
2016.09.08 09:40:33.983,1.73011,1.73043,1.00,1.00
2016.09.08 09:40:34.084,1.73012,1.73043,1.00,1.00
2016.09.08 09:40:34.280,1.7301,1.73043,1.50,1.00
2016.09.08 09:40:34.686,1.73008,1.73038,1.00,1.00
2016.09.08 09:40:34.787,1.73006,1.73038,1.12,1.00
2016.09.08 09:40:34.888,1.73003,1.73037,1.75,1.00
2016.09.08 09:40:35.082,1.73003,1.73035,1.00,1.00
2016.09.08 09:40:36.387,1.73005,1.73035,1.00,1.00
2016.09.08 09:40:36.774,1.73003,1.73035,1.00,1.00
2016.09.08 09:40:39.497,1.73005,1.73038,1.50,1.00
2016.09.08 09:40:39.598,1.73006,1.73039,1.00,1.00
2016.09.08 09:40:39.774,1.73008,1.73039,1.00,1.00
2016.09.08 09:40:41.772,1.73008,1.73039,1.75,1.00
2016.09.08 09:40:41.823,1.73012,1.73039,1.00,1.00
2016.09.08 09:40:41.874,1.73012,1.73041,1.00,1.00
2016.09.08 09:40:41.925,1.73012,1.73045,1.50,2.25
2016.09.08 09:40:42.108,1.73012,1.73045,1.00,2.25
2016.09.08 09:40:42.311,1.73012,1.73045,1.00,3.00
2016.09.08 09:40:42.413,1.73009,1.73044,1.75,1.50
2016.09.08 09:40:43.317,1.73012,1.73045,1.00,2.25
2016.09.08 09:40:45.407,1.73012,1.73045,1.00,2.25
2016.09.08 09:40:45.508,1.73014,1.73045,1.00,1.75
2016.09.08 09:40:45.845,1.73016,1.73045,1.00,1.75
2016.09.08 09:40:46.113,1.73016,1.73047,1.00,1.75
2016.09.08 09:40:47.002,1.73013,1.73047,1.50,1.12
2016.09.08 09:40:48.605,1.73015,1.73044,1.00,1.00
2016.09.08 09:40:49.124,1.73016,1.73044,1.00,1.00
2016.09.08 09:40:49.788,1.73017,1.73044,1.00,1.00
2016.09.08 09:40:49.889,1.73012,1.73044,1.00,1.00
2016.09.08 09:40:50.091,1.73012,1.73044,1.00,1.00
2016.09.08 09:40:50.142,1.73012,1.73044,1.00,1.50
2016.09.08 09:40:50.193,1.73011,1.73043,1.00,1.00
2016.09.08 09:40:50.294,1.73011,1.73042,1.00,1.75
2016.09.08 09:40:50.396,1.73008,1.73041,1.75,1.00
2016.09.08 09:40:50.591,1.73011,1.73042,1.00,1.12
2016.09.08 09:40:51.430,1.73011,1.73042,1.00,1.12
2016.09.08 09:40:51.606,1.73008,1.73042,1.75,1.12
2016.09.08 09:40:51.985,1.73008,1.73042,1.00,1.75
2016.09.08 09:40:55.071,1.73011,1.73042,1.00,1.75
2016.09.08 09:40:55.122,1.73014,1.73044,1.00,1.00
2016.09.08 09:40:55.223,1.73017,1.73047,1.00,1.75
2016.09.08 09:40:55.411,1.73014,1.73044,1.00,1.75
2016.09.08 09:40:55.462,1.7301,1.73044,1.00,1.75
2016.09.08 09:40:55.614,1.73012,1.73044,1.00,1.00
2016.09.08 09:40:56.126,1.73012,1.73045,1.00,1.00
2016.09.08 09:40:56.528,1.73014,1.73045,1.00,1.00
2016.09.08 09:40:57.057,1.73013,1.73045,1.00,1.00
2016.09.08 09:40:57.607,1.73014,1.73045,1.00,1.00
2016.09.08 09:40:58.633,1.73012,1.73044,1.00,1.75
2016.09.08 09:40:59.539,1.73012,1.73043,1.00,1.50
2016.09.08 09:41:01.510,1.73009,1.73039,1.00,1.00
2016.09.08 09:41:01.560,1.73007,1.73039,1.50,1.00
2016.09.08 09:41:01.611,1.73005,1.73038,1.75,1.00
2016.09.08 09:41:01.712,1.73006,1.73039,1.00,1.75
2016.09.08 09:41:01.763,1.73006,1.7304,1.50,1.75
2016.09.08 09:41:01.814,1.73006,1.7304,1.50,1.12
2016.09.08 09:41:01.916,1.73009,1.73041,1.00,1.50
2016.09.08 09:41:06.947,1.73007,1.73029,1.00,1.00
2016.09.08 09:41:07.092,1.72997,1.73025,1.75,1.00
2016.09.08 09:41:07.160,1.72992,1.73025,2.62,1.00
2016.09.08 09:41:07.211,1.72992,1.73025,1.87,1.00
2016.09.08 09:41:07.314,1.72992,1.73026,1.87,1.12
2016.09.08 09:41:09.522,1.72992,1.73026,1.87,1.12
2016.09.08 09:41:10.264,1.72992,1.73026,1.87,1.12
2016.09.08 09:41:12.252,1.72995,1.73026,1.00,1.12
2016.09.08 09:41:13.756,1.72996,1.73026,1.50,1.00
2016.09.08 09:41:13.912,1.72996,1.73028,1.50,1.50
2016.09.08 09:41:13.963,1.72997,1.73028,1.12,1.50
2016.09.08 09:41:15.130,1.72995,1.73028,1.75,1.50
2016.09.08 09:41:16.912,1.72995,1.73027,1.75,1.00
2016.09.08 09:41:21.985,1.72994,1.73027,2.25,1.00
2016.09.08 09:41:22.147,1.72995,1.73027,1.75,1.00
2016.09.08 09:41:22.248,1.72993,1.73026,1.75,1.00
2016.09.08 09:41:22.947,1.72994,1.73026,1.75,1.00
2016.09.08 09:41:23.464,1.72994,1.73025,1.75,1.00
2016.09.08 09:41:23.566,1.72994,1.73025,1.00,1.00
2016.09.08 09:41:24.593,1.72993,1.73025,1.00,1.00
2016.09.08 09:41:25.450,1.72993,1.73026,1.50,1.12
2016.09.08 09:41:27.260,1.72993,1.73026,1.00,1.12
2016.09.08 09:41:35.478,1.72993,1.73027,1.00,2.25
2016.09.08 09:41:35.830,1.72995,1.73027,1.00,1.50
2016.09.08 09:41:35.881,1.72995,1.73027,1.00,1.50
2016.09.08 09:41:35.932,1.72997,1.73027,1.00,1.50
2016.09.08 09:41:36.033,1.73001,1.73028,1.00,1.75
2016.09.08 09:41:36.084,1.73001,1.73033,1.00,1.50
2016.09.08 09:41:36.135,1.73001,1.73033,1.00,2.25
2016.09.08 09:41:36.186,1.73001,1.73033,1.87,1.50
2016.09.08 09:41:36.237,1.73004,1.73033,1.00,1.00
2016.09.08 09:41:36.288,1.73004,1.73036,1.00,1.12
2016.09.08 09:41:36.339,1.73006,1.73037,1.00,1.50
2016.09.08 09:41:36.390,1.73006,1.73037,1.00,1.50
2016.09.08 09:41:36.492,1.73006,1.73038,1.00,1.00
2016.09.08 09:41:36.593,1.73008,1.73038,1.00,1.00
2016.09.08 09:41:37.031,1.73008,1.73038,1.00,1.50
2016.09.08 09:41:37.537,1.73007,1.73038,1.00,1.50
2016.09.08 09:41:37.632,1.73006,1.73037,1.00,1.00
2016.09.08 09:41:39.033,1.73006,1.73038,1.00,1.00
2016.09.08 09:41:39.541,1.73008,1.73038,1.00,1.00
2016.09.08 09:41:40.187,1.73008,1.73038,1.00,1.00
2016.09.08 09:41:42.068,1.73012,1.73039,1.00,1.00
2016.09.08 09:41:42.170,1.73012,1.73043,1.00,1.75
2016.09.08 09:41:42.336,1.73012,1.73044,1.50,2.25
2016.09.08 09:41:43.302,1.73012,1.73044,1.50,1.75
2016.09.08 09:41:44.577,1.73012,1.73044,1.00,1.75
2016.09.08 09:41:44.678,1.7301,1.73043,1.00,1.75
2016.09.08 09:41:44.858,1.7301,1.73041,1.00,1.50
2016.09.08 09:41:44.909,1.7301,1.73041,1.00,1.50
2016.09.08 09:41:45.213,1.7301,1.73041,1.00,1.50
2016.09.08 09:41:51.508,1.7301,1.7304,1.00,1.12
2016.09.08 09:41:51.610,1.7301,1.7304,1.00,1.75
2016.09.08 09:41:57.651,1.7301,1.7304,1.00,2.25
2016.09.08 09:41:58.486,1.7301,1.7304,1.00,1.75
2016.09.08 09:41:58.723,1.7301,1.7304,1.00,1.75
2016.09.08 09:41:58.775,1.7301,1.7304,1.00,2.25
2016.09.08 09:41:58.826,1.7301,1.7304,1.00,1.37
2016.09.08 09:41:59.053,1.73007,1.73041,1.12,1.50
2016.09.08 09:42:00.087,1.73007,1.73041,1.87,1.50
2016.09.08 09:42:00.138,1.73007,1.73041,1.87,1.50
2016.09.08 09:42:02.831,1.73007,1.73041,1.12,1.50
2016.09.08 09:42:07.994,1.73007,1.73038,1.12,1.00
2016.09.08 09:42:08.309,1.73009,1.73041,1.00,1.50
2016.09.08 09:42:08.360,1.73009,1.73041,1.00,2.25
2016.09.08 09:42:08.411,1.73004,1.73037,3.75,1.00
2016.09.08 09:42:08.461,1.73004,1.73037,3.00,1.00
2016.09.08 09:42:08.512,1.73009,1.73041,1.00,2.25
2016.09.08 09:42:08.613,1.73009,1.73041,1.00,3.00
2016.09.08 09:42:08.746,1.73006,1.73039,1.37,1.12
2016.09.08 09:42:08.848,1.73006,1.73039,1.37,1.87
2016.09.08 09:42:09.073,1.73006,1.73039,1.37,1.87
2016.09.08 09:42:09.242,1.73005,1.73037,1.50,1.00
2016.09.08 09:42:09.624,1.73004,1.73034,1.00,1.00
2016.09.08 09:42:09.674,1.73004,1.73034,1.00,1.00
2016.09.08 09:42:09.725,1.73004,1.73034,1.50,1.50
2016.09.08 09:42:10.029,1.73004,1.73034,1.00,1.50
2016.09.08 09:42:11.161,1.73004,1.73034,1.00,1.50
2016.09.08 09:42:12.152,1.73004,1.73034,1.00,1.00
2016.09.08 09:42:12.331,1.73004,1.73034,1.00,1.00
2016.09.08 09:42:12.817,1.73005,1.73037,1.00,1.37
2016.09.08 09:42:12.868,1.73005,1.73037,1.00,1.00
2016.09.08 09:42:12.919,1.73004,1.73036,1.00,1.00
2016.09.08 09:42:13.073,1.73004,1.73036,1.00,1.00
2016.09.08 09:42:13.184,1.73004,1.73036,1.00,1.00
2016.09.08 09:42:13.235,1.73004,1.73036,1.50,1.00
2016.09.08 09:42:18.921,1.73004,1.73037,1.50,1.00
2016.09.08 09:42:20.743,1.73004,1.73035,1.00,1.00
2016.09.08 09:42:21.460,1.73004,1.73035,1.00,1.00
2016.09.08 09:42:21.941,1.73004,1.73037,1.50,1.00
2016.09.08 09:42:22.060,1.73004,1.73035,1.00,1.00
2016.09.08 09:42:23.268,1.73004,1.73035,1.00,1.00
2016.09.08 09:42:23.369,1.72998,1.73028,1.00,1.00
2016.09.08 09:42:23.420,1.72998,1.73028,1.00,1.50
2016.09.08 09:42:23.471,1.72992,1.73023,1.00,1.00
2016.09.08 09:42:23.572,1.7299,1.73019,1.75,1.00
2016.09.08 09:42:23.674,1.7299,1.73019,1.00,1.00
2016.09.08 09:42:23.775,1.7299,1.73021,1.00,1.12
2016.09.08 09:42:23.977,1.7299,1.73021,1.00,1.12
2016.09.08 09:42:24.094,1.72988,1.73021,1.00,1.87
2016.09.08 09:42:24.403,1.72988,1.73021,1.00,1.87
2016.09.08 09:42:24.953,1.72989,1.73021,1.00,1.87
2016.09.08 09:42:25.617,1.72989,1.73021,1.00,1.87
2016.09.08 09:42:27.058,1.7299,1.73021,1.00,1.87
2016.09.08 09:42:27.109,1.7299,1.73021,1.00,1.87
2016.09.08 09:42:27.160,1.72993,1.73023,1.00,1.75
2016.09.08 09:42:27.211,1.72993,1.73024,1.00,1.75
2016.09.08 09:42:27.261,1.72995,1.73026,1.50,1.50
2016.09.08 09:42:27.312,1.72995,1.73026,1.50,1.50
2016.09.08 09:42:27.363,1.72997,1.73025,1.00,1.00
2016.09.08 09:42:27.464,1.72997,1.73026,1.75,1.50
2016.09.08 09:42:27.658,1.72999,1.73026,1.12,1.00
2016.09.08 09:42:27.760,1.72996,1.73026,1.75,1.00
2016.09.08 09:42:28.114,1.72996,1.73026,1.75,1.00
2016.09.08 09:42:28.165,1.72995,1.73025,1.50,1.00
2016.09.08 09:42:28.216,1.72995,1.73025,1.50,1.00
2016.09.08 09:42:28.267,1.72995,1.73025,1.00,1.50
2016.09.08 09:42:28.317,1.72995,1.73025,1.00,1.50
2016.09.08 09:42:28.368,1.72995,1.73023,1.00,1.00
2016.09.08 09:42:30.266,1.72995,1.73023,1.00,1.50
2016.09.08 09:42:30.367,1.72992,1.73023,1.00,2.25
2016.09.08 09:42:30.418,1.72991,1.73023,2.25,1.75
2016.09.08 09:42:30.519,1.72991,1.73023,1.50,1.75
2016.09.08 09:42:30.570,1.72991,1.73021,1.00,1.12
2016.09.08 09:42:30.723,1.72991,1.73021,1.00,1.12
2016.09.08 09:42:30.977,1.72989,1.73019,1.00,1.00
2016.09.08 09:42:31.174,1.72989,1.73021,1.00,1.87
2016.09.08 09:42:31.478,1.72989,1.73019,1.00,1.00
2016.09.08 09:42:33.750,1.72987,1.73014,1.50,1.50
2016.09.08 09:42:33.806,1.72987,1.73014,1.00,1.50
2016.09.08 09:42:33.856,1.72987,1.7301,1.00,1.12
2016.09.08 09:42:33.907,1.72981,1.7301,1.00,1.50
2016.09.08 09:42:33.958,1.72981,1.7301,1.50,1.50
2016.09.08 09:42:34.009,1.72981,1.7301,1.50,1.50
2016.09.08 09:42:34.059,1.72981,1.7301,1.00,1.50
2016.09.08 09:42:34.161,1.72977,1.73007,1.00,1.00
2016.09.08 09:42:34.211,1.72977,1.73007,1.00,1.37
2016.09.08 09:42:34.262,1.72977,1.73007,1.00,1.75
2016.09.08 09:42:34.399,1.72977,1.73006,1.00,1.50
2016.09.08 09:42:34.500,1.72974,1.73006,1.00,1.50
2016.09.08 09:42:34.551,1.72973,1.73005,1.00,1.37
2016.09.08 09:42:34.652,1.72974,1.73005,1.00,1.37
2016.09.08 09:42:35.818,1.72973,1.73005,1.00,1.37
2016.09.08 09:42:35.919,1.72973,1.73005,1.00,1.37
2016.09.08 09:42:36.021,1.72973,1.73002,1.00,1.00
2016.09.08 09:42:36.071,1.72972,1.73002,1.87,1.00
2016.09.08 09:42:37.619,1.72973,1.73004,1.00,1.12
2016.09.08 09:42:38.827,1.72971,1.73003,1.37,1.00
2016.09.08 09:42:39.522,1.72969,1.73001,1.37,1.12
2016.09.08 09:42:39.573,1.72969,1.73001,1.00,1.12
2016.09.08 09:42:40.231,1.72968,1.72999,1.87,1.00
2016.09.08 09:42:40.282,1.72968,1.72999,1.12,1.00
2016.09.08 09:42:40.333,1.72968,1.72999,1.12,1.00
2016.09.08 09:42:40.384,1.72968,1.72999,1.87,1.00
2016.09.08 09:42:40.434,1.72968,1.72999,1.12,1.00
2016.09.08 09:42:40.586,1.72968,1.72998,1.12,1.00
2016.09.08 09:42:40.637,1.72968,1.72996,1.12,1.00
2016.09.08 09:42:40.688,1.72966,1.72996,1.50,1.00
2016.09.08 09:42:40.738,1.72967,1.73,1.37,1.00
2016.09.08 09:42:40.840,1.72967,1.72997,1.37,1.00
2016.09.08 09:42:41.337,1.72967,1.72997,1.37,1.00
2016.09.08 09:42:41.998,1.72967,1.72997,1.00,1.37
2016.09.08 09:42:42.048,1.72964,1.72995,1.87,1.12
2016.09.08 09:42:42.143,1.72977,1.73,1.00,1.37
2016.09.08 09:42:42.194,1.72977,1.73002,1.00,1.75
2016.09.08 09:42:42.295,1.72971,1.72999,1.37,1.37
2016.09.08 09:42:42.346,1.72976,1.73001,1.00,1.87
2016.09.08 09:42:42.396,1.72976,1.73001,1.00,1.00
2016.09.08 09:42:42.447,1.72971,1.73001,1.75,1.00
2016.09.08 09:42:42.548,1.72971,1.73002,2.25,1.00
2016.09.08 09:42:42.599,1.72972,1.73002,1.75,1.00
2016.09.08 09:42:44.224,1.72973,1.73004,1.50,1.00
2016.09.08 09:42:44.275,1.72973,1.73004,1.75,1.00
2016.09.08 09:42:44.326,1.72976,1.73006,1.37,1.00
2016.09.08 09:42:44.438,1.72976,1.73006,1.37,1.00
2016.09.08 09:42:44.641,1.72972,1.73007,2.25,1.00
2016.09.08 09:42:45.237,1.72972,1.73007,2.25,1.00
2016.09.08 09:42:45.509,1.72972,1.73007,2.25,1.00
2016.09.08 09:42:45.560,1.72976,1.73006,1.37,1.00
2016.09.08 09:42:46.392,1.72977,1.73009,1.12,1.00
2016.09.08 09:42:46.645,1.72978,1.73009,1.00,1.00
2016.09.08 09:42:46.848,1.72977,1.73009,1.12,1.00
2016.09.08 09:42:47.202,1.72977,1.7301,1.12,1.87
2016.09.08 09:42:47.253,1.72977,1.7301,1.12,1.87
2016.09.08 09:42:47.354,1.72977,1.7301,1.12,1.87
2016.09.08 09:42:47.405,1.72978,1.7301,1.00,1.87
2016.09.08 09:42:47.455,1.72978,1.7301,1.00,1.87
2016.09.08 09:42:47.557,1.72978,1.7301,1.00,1.87
2016.09.08 09:42:47.616,1.72978,1.7301,1.75,1.00
2016.09.08 09:42:48.161,1.72979,1.7301,1.75,1.00
2016.09.08 09:42:48.262,1.72982,1.73012,1.00,1.00
2016.09.08 09:42:49.447,1.72981,1.7301,1.12,1.00
2016.09.08 09:42:50.174,1.72981,1.73013,1.12,1.50
2016.09.08 09:42:50.276,1.72983,1.73013,1.00,1.00
2016.09.08 09:42:50.377,1.72981,1.73011,1.12,1.00
2016.09.08 09:42:50.567,1.72982,1.73013,1.00,1.00
2016.09.08 09:42:50.827,1.72982,1.73014,1.00,1.87
2016.09.08 09:42:51.130,1.72982,1.73012,1.00,1.00
2016.09.08 09:42:51.232,1.72982,1.73011,1.00,1.00
2016.09.08 09:42:51.493,1.72981,1.73011,1.12,1.00
2016.09.08 09:42:51.645,1.7298,1.73013,1.50,1.00
2016.09.08 09:42:51.697,1.72986,1.73013,1.00,1.00
2016.09.08 09:42:51.748,1.72986,1.73016,1.50,1.50
2016.09.08 09:42:51.800,1.72985,1.73016,1.12,1.50
2016.09.08 09:42:51.851,1.72988,1.73021,1.00,1.12
2016.09.08 09:42:51.953,1.72987,1.73021,1.00,1.12
2016.09.08 09:42:52.073,1.72987,1.73019,1.00,1.00
2016.09.08 09:42:52.333,1.72987,1.73019,1.00,1.00
2016.09.08 09:42:52.586,1.72986,1.73019,1.50,1.00
2016.09.08 09:42:52.637,1.72986,1.73019,1.12,1.00
2016.09.08 09:42:52.688,1.72991,1.73019,1.00,1.00
2016.09.08 09:42:52.978,1.72986,1.73018,1.87,1.00
2016.09.08 09:42:53.029,1.72986,1.73018,2.25,1.00
2016.09.08 09:42:53.691,1.72986,1.73018,1.50,1.00
2016.09.08 09:42:53.742,1.72986,1.73019,1.12,1.00
2016.09.08 09:42:53.843,1.72986,1.73019,1.12,1.00
2016.09.08 09:42:54.414,1.72986,1.7302,1.12,1.50
2016.09.08 09:42:54.465,1.72986,1.7302,1.12,1.50
2016.09.08 09:42:54.566,1.72986,1.7302,1.12,1.50
2016.09.08 09:42:54.617,1.72986,1.73018,1.12,1.00
2016.09.08 09:42:54.668,1.72986,1.73018,1.12,1.00
2016.09.08 09:42:54.769,1.72984,1.73018,1.75,1.00
2016.09.08 09:42:54.930,1.72984,1.73018,1.75,1.00
2016.09.08 09:42:55.533,1.72984,1.73018,1.75,1.00
2016.09.08 09:42:56.219,1.72984,1.73019,1.75,1.00
2016.09.08 09:42:56.270,1.72984,1.73019,1.75,1.00
2016.09.08 09:42:56.535,1.72984,1.73019,1.75,1.00
2016.09.08 09:42:56.636,1.72984,1.73019,1.75,1.00
2016.09.08 09:42:56.753,1.72983,1.73019,1.75,1.00
2016.09.08 09:42:57.566,1.72984,1.73019,1.75,1.00
2016.09.08 09:42:57.943,1.72984,1.73019,1.75,1.00
2016.09.08 09:42:58.709,1.72984,1.73019,1.75,1.00
2016.09.08 09:42:59.263,1.72984,1.73019,1.75,1.00
2016.09.08 09:42:59.660,1.72984,1.73019,2.25,1.50
2016.09.08 09:42:59.766,1.72984,1.73017,2.25,1.00
2016.09.08 09:43:00.253,1.72986,1.73019,1.12,1.00
2016.09.08 09:43:00.765,1.72984,1.73019,2.25,1.00
2016.09.08 09:43:00.816,1.72984,1.73019,2.25,1.00
2016.09.08 09:43:00.867,1.72984,1.73017,2.25,1.00
2016.09.08 09:43:00.968,1.72986,1.73017,1.12,1.00
2016.09.08 09:43:01.070,1.72984,1.73016,1.75,1.00
2016.09.08 09:43:01.677,1.72984,1.73017,1.75,1.50
2016.09.08 09:43:01.916,1.72984,1.73016,2.25,1.50
2016.09.08 09:43:02.069,1.72985,1.73016,1.50,1.50
2016.09.08 09:43:02.373,1.72984,1.73014,2.25,1.00
2016.09.08 09:43:02.475,1.72983,1.73014,1.75,1.50
2016.09.08 09:43:02.526,1.72983,1.73014,1.37,1.50
2016.09.08 09:43:02.590,1.72983,1.73014,1.00,1.87
2016.09.08 09:43:02.843,1.72983,1.73013,1.00,1.00
2016.09.08 09:43:02.983,1.7298,1.73011,1.75,1.00
2016.09.08 09:43:03.188,1.72979,1.73012,2.25,1.00
2016.09.08 09:43:04.065,1.72979,1.73012,2.25,1.00
2016.09.08 09:43:04.166,1.72979,1.73012,2.25,1.00
2016.09.08 09:43:04.217,1.72979,1.73008,1.75,1.00
2016.09.08 09:43:04.268,1.72975,1.73001,1.75,1.00
2016.09.08 09:43:04.319,1.72972,1.73001,2.85,1.00
2016.09.08 09:43:04.370,1.72972,1.73003,1.00,1.50
2016.09.08 09:43:04.422,1.72969,1.73002,1.12,1.12
2016.09.08 09:43:04.473,1.72971,1.73,1.00,1.00
2016.09.08 09:43:04.575,1.72974,1.73002,1.00,1.12
2016.09.08 09:43:04.676,1.72976,1.73006,1.50,1.75
2016.09.08 09:43:04.798,1.72976,1.73009,2.25,1.37
2016.09.08 09:43:04.849,1.72976,1.73008,3.00,1.00
2016.09.08 09:43:04.900,1.72986,1.73008,1.00,1.00
2016.09.08 09:43:04.951,1.72986,1.73012,1.12,1.00
2016.09.08 09:43:05.002,1.72983,1.73012,1.75,1.00
2016.09.08 09:43:05.154,1.72982,1.73012,1.50,1.00
2016.09.08 09:43:05.204,1.72982,1.73012,1.50,1.00
2016.09.08 09:43:05.256,1.72983,1.73011,1.00,1.00
2016.09.08 09:43:05.408,1.72983,1.73014,2.25,1.00
2016.09.08 09:43:05.459,1.72985,1.73016,1.50,1.00
2016.09.08 09:43:05.510,1.72987,1.73016,1.00,1.00
2016.09.08 09:43:05.560,1.72987,1.73017,1.00,1.00
2016.09.08 09:43:05.705,1.72987,1.73017,1.00,1.00
2016.09.08 09:43:05.807,1.72986,1.73017,1.12,1.00
2016.09.08 09:43:05.985,1.72986,1.73017,1.12,1.00
2016.09.08 09:43:06.688,1.72986,1.73018,1.12,1.00
2016.09.08 09:43:07.201,1.72985,1.73018,1.50,1.00
2016.09.08 09:43:07.303,1.72984,1.73016,1.75,1.00
2016.09.08 09:43:07.455,1.72983,1.73015,3.00,1.00
2016.09.08 09:43:07.656,1.72983,1.73016,3.00,1.00
2016.09.08 09:43:07.893,1.72983,1.73016,2.25,1.00
2016.09.08 09:43:08.260,1.72983,1.73015,2.25,1.00
2016.09.08 09:43:08.563,1.72983,1.73015,1.75,1.50
2016.09.08 09:43:09.000,1.72983,1.73015,1.75,1.50
2016.09.08 09:43:09.051,1.72983,1.73015,1.75,1.00
2016.09.08 09:43:09.152,1.72983,1.73014,1.75,1.50
2016.09.08 09:43:09.455,1.72983,1.73014,1.50,1.50
2016.09.08 09:43:09.506,1.72983,1.73013,1.50,1.00
2016.09.08 09:43:09.666,1.72979,1.73013,1.75,1.00
2016.09.08 09:43:09.718,1.72979,1.73014,1.75,1.50
2016.09.08 09:43:09.768,1.72978,1.73014,3.00,1.50
2016.09.08 09:43:10.268,1.72978,1.73014,4.50,1.50
2016.09.08 09:43:10.504,1.72978,1.73014,3.00,1.50
2016.09.08 09:43:10.605,1.72978,1.73014,3.75,1.50
2016.09.08 09:43:10.802,1.72978,1.73014,2.25,1.50
2016.09.08 09:43:11.607,1.72978,1.73014,2.25,1.50
2016.09.08 09:43:11.978,1.72978,1.73014,2.25,1.50
2016.09.08 09:43:12.079,1.72978,1.73012,3.00,1.00
2016.09.08 09:43:12.690,1.72978,1.73012,2.25,1.00
2016.09.08 09:43:13.109,1.72978,1.73012,2.25,1.00
2016.09.08 09:43:13.375,1.72978,1.73012,2.25,1.00
2016.09.08 09:43:13.476,1.72978,1.73012,2.25,1.50
2016.09.08 09:43:13.713,1.72978,1.7301,2.25,1.00
2016.09.08 09:43:14.029,1.72978,1.73005,1.00,1.00
2016.09.08 09:43:14.080,1.72978,1.73004,1.00,1.50
2016.09.08 09:43:14.131,1.7297,1.73004,1.75,1.00
2016.09.08 09:43:14.182,1.72972,1.73002,1.00,1.00
2016.09.08 09:43:14.385,1.72972,1.73001,1.00,1.00
2016.09.08 09:43:14.700,1.72972,1.72999,1.00,1.00
2016.09.08 09:43:14.879,1.72972,1.73001,1.00,1.00
2016.09.08 09:43:14.930,1.72966,1.73001,1.75,1.12
2016.09.08 09:43:14.981,1.72966,1.73001,1.75,1.50
2016.09.08 09:43:15.183,1.72966,1.73001,1.75,1.50
2016.09.08 09:43:15.284,1.72966,1.73001,1.75,1.50
2016.09.08 09:43:15.457,1.72967,1.73001,1.50,1.50
2016.09.08 09:43:15.508,1.72967,1.73001,1.50,1.50
2016.09.08 09:43:16.458,1.72968,1.73001,1.12,1.50
2016.09.08 09:43:16.510,1.72968,1.73001,1.12,1.50
2016.09.08 09:43:17.124,1.72968,1.73001,1.50,1.37
2016.09.08 09:43:17.175,1.72968,1.73001,1.75,1.00
2016.09.08 09:43:17.314,1.72972,1.73002,1.87,1.00
2016.09.08 09:43:17.365,1.72974,1.73002,1.00,1.00
2016.09.08 09:43:17.416,1.72974,1.73007,1.00,1.37
2016.09.08 09:43:17.527,1.72974,1.73009,1.50,1.75
2016.09.08 09:43:17.600,1.72976,1.73008,1.00,1.50
2016.09.08 09:43:17.828,1.72976,1.73009,1.00,1.75
2016.09.08 09:43:17.929,1.72976,1.73009,1.00,1.75
2016.09.08 09:43:18.236,1.7298,1.73009,1.00,1.75
2016.09.08 09:43:18.385,1.72979,1.7301,1.00,1.75
2016.09.08 09:43:18.436,1.7298,1.7301,1.00,1.75
2016.09.08 09:43:18.689,1.7298,1.73009,1.00,1.75
2016.09.08 09:43:18.791,1.72977,1.73009,1.00,1.75
2016.09.08 09:43:18.892,1.72976,1.73009,1.00,1.75
2016.09.08 09:43:18.943,1.72976,1.73007,1.00,1.75
2016.09.08 09:43:19.530,1.72974,1.73006,1.50,2.25
2016.09.08 09:43:19.888,1.72975,1.73006,1.00,2.25
2016.09.08 09:43:20.441,1.72975,1.73007,1.00,2.25
2016.09.08 09:43:21.027,1.72976,1.73007,1.00,2.25
2016.09.08 09:43:22.651,1.72976,1.73006,1.00,1.75
2016.09.08 09:43:23.437,1.72975,1.73006,1.00,1.75
2016.09.08 09:43:23.945,1.72976,1.73006,1.00,1.75
2016.09.08 09:43:24.431,1.72978,1.73006,1.00,1.37
2016.09.08 09:43:24.481,1.72978,1.73006,1.00,1.00
2016.09.08 09:43:24.532,1.72978,1.73009,1.00,1.75
2016.09.08 09:43:24.596,1.72978,1.73009,1.00,1.75
2016.09.08 09:43:25.100,1.72976,1.73009,1.00,1.75
2016.09.08 09:43:26.463,1.72978,1.73012,1.00,2.25
2016.09.08 09:43:26.514,1.72982,1.73009,1.87,1.37
2016.09.08 09:43:26.565,1.72985,1.73009,1.00,1.00
2016.09.08 09:43:26.615,1.7299,1.73018,1.00,1.87
2016.09.08 09:43:26.666,1.7299,1.73018,1.00,1.00
2016.09.08 09:43:26.717,1.72987,1.73019,2.62,1.00
2016.09.08 09:43:26.768,1.72989,1.73019,1.00,1.00
2016.09.08 09:43:26.869,1.72989,1.7302,1.00,1.50
2016.09.08 09:43:26.920,1.72989,1.7302,1.00,1.50
2016.09.08 09:43:27.020,1.72989,1.7302,1.00,1.00
2016.09.08 09:43:27.124,1.72989,1.7302,1.50,1.00
2016.09.08 09:43:27.175,1.72989,1.73022,1.50,1.00
2016.09.08 09:43:27.225,1.72991,1.73022,1.00,1.00
2016.09.08 09:43:27.401,1.72989,1.73022,1.50,1.00
2016.09.08 09:43:27.502,1.72989,1.73021,1.50,1.00
2016.09.08 09:43:27.902,1.72989,1.73021,1.00,1.00
2016.09.08 09:43:28.016,1.72989,1.73021,1.50,1.00
2016.09.08 09:43:28.811,1.72989,1.73021,1.00,1.00
2016.09.08 09:43:30.507,1.72989,1.73021,1.00,1.00
2016.09.08 09:43:31.173,1.72989,1.7302,1.00,1.00
2016.09.08 09:43:32.310,1.72989,1.73022,1.50,1.50
2016.09.08 09:43:32.411,1.72989,1.73022,1.50,1.50
2016.09.08 09:43:32.512,1.72989,1.73022,1.50,1.00
2016.09.08 09:43:32.583,1.72993,1.73023,1.00,1.00
2016.09.08 09:43:32.634,1.72993,1.73023,1.50,1.00
2016.09.08 09:43:32.685,1.72993,1.73024,1.50,1.50
2016.09.08 09:43:32.906,1.72995,1.73024,1.00,1.50
2016.09.08 09:43:32.957,1.72995,1.73024,1.00,1.50
2016.09.08 09:43:33.156,1.72993,1.7302,1.00,1.50
2016.09.08 09:43:33.207,1.72985,1.73017,1.50,1.00
2016.09.08 09:43:33.308,1.72984,1.73013,1.37,1.12
2016.09.08 09:43:33.359,1.72984,1.73013,1.00,1.12
2016.09.08 09:43:33.410,1.72984,1.73015,1.00,1.75
2016.09.08 09:43:34.257,1.72983,1.73015,1.00,1.75
2016.09.08 09:43:35.127,1.72983,1.73015,1.00,1.75
2016.09.08 09:43:35.178,1.72983,1.73015,1.00,2.25
2016.09.08 09:43:35.229,1.72991,1.73015,1.00,1.75
2016.09.08 09:43:35.332,1.72992,1.73015,1.50,1.37
2016.09.08 09:43:35.383,1.72992,1.73024,2.25,2.25
2016.09.08 09:43:35.434,1.72992,1.73024,1.50,1.37
2016.09.08 09:43:35.485,1.72992,1.73024,1.50,1.00
2016.09.08 09:43:35.654,1.72993,1.73024,1.00,1.00
2016.09.08 09:43:35.705,1.72993,1.73025,1.50,1.12
2016.09.08 09:43:35.756,1.72993,1.73025,1.00,1.12
2016.09.08 09:43:35.806,1.72992,1.73023,1.50,1.00
2016.09.08 09:43:35.857,1.72992,1.73023,1.00,1.00
2016.09.08 09:43:36.127,1.72992,1.73024,1.00,1.00
2016.09.08 09:43:36.385,1.72992,1.73022,1.00,1.00
2016.09.08 09:43:37.415,1.72991,1.73022,1.12,1.00
2016.09.08 09:43:39.323,1.72991,1.73022,1.12,1.00
2016.09.08 09:43:39.425,1.7299,1.73023,1.12,1.87
2016.09.08 09:43:39.490,1.7299,1.73023,1.00,2.25
2016.09.08 09:43:39.727,1.72992,1.73023,1.00,2.25
2016.09.08 09:43:40.185,1.72992,1.73021,1.00,1.12
2016.09.08 09:43:42.284,1.72992,1.73021,1.00,1.87
2016.09.08 09:43:42.335,1.72989,1.73021,1.00,2.62
2016.09.08 09:43:42.385,1.72989,1.73021,1.00,1.87
2016.09.08 09:43:42.436,1.72982,1.73013,1.37,1.12
2016.09.08 09:43:42.487,1.7298,1.73011,1.12,1.00
2016.09.08 09:43:42.538,1.7298,1.73011,1.12,1.00
2016.09.08 09:43:42.649,1.7298,1.73011,1.87,1.00
2016.09.08 09:43:43.764,1.7298,1.73011,1.12,1.00
2016.09.08 09:43:43.888,1.7298,1.73013,1.12,1.12
2016.09.08 09:43:43.938,1.72988,1.73013,1.00,1.00
2016.09.08 09:43:43.989,1.72991,1.73014,1.00,1.00
2016.09.08 09:43:44.130,1.72991,1.73022,1.00,1.00
2016.09.08 09:43:44.181,1.72991,1.73022,1.00,1.00
2016.09.08 09:43:44.283,1.72991,1.73022,1.00,1.00
2016.09.08 09:43:44.334,1.7299,1.73022,1.12,1.00
2016.09.08 09:43:44.435,1.7299,1.73022,1.12,1.00
2016.09.08 09:43:44.715,1.72997,1.73022,1.00,1.00
2016.09.08 09:43:44.957,1.73,1.73029,1.12,2.25
2016.09.08 09:43:45.008,1.73,1.73031,1.50,1.50
2016.09.08 09:43:45.059,1.73,1.73031,2.25,1.50
2016.09.08 09:43:45.110,1.73002,1.73031,1.00,1.00
2016.09.08 09:43:45.160,1.73002,1.73031,1.50,1.00
2016.09.08 09:43:46.252,1.73002,1.73031,1.50,1.00
2016.09.08 09:43:46.690,1.73002,1.73031,1.00,1.50
2016.09.08 09:43:46.741,1.73001,1.73031,1.50,1.00
2016.09.08 09:43:46.842,1.73003,1.73034,1.00,2.25
2016.09.08 09:43:47.057,1.73003,1.73034,1.00,3.00
2016.09.08 09:43:47.108,1.73005,1.73034,1.00,2.25
2016.09.08 09:43:47.246,1.73005,1.73034,1.00,1.50
2016.09.08 09:43:47.692,1.73007,1.73034,1.00,1.50
2016.09.08 09:43:47.742,1.73007,1.73034,1.00,1.50
2016.09.08 09:43:48.210,1.73004,1.73034,1.00,1.50
2016.09.08 09:43:48.332,1.73004,1.73034,1.00,1.50
2016.09.08 09:43:48.383,1.73004,1.73034,1.00,1.50
2016.09.08 09:43:49.362,1.73004,1.73034,1.00,1.50
2016.09.08 09:43:49.657,1.73003,1.73034,1.00,2.25
2016.09.08 09:43:51.316,1.73004,1.73034,1.00,1.50
2016.09.08 09:43:51.620,1.73002,1.73034,1.00,1.50
2016.09.08 09:43:52.272,1.73002,1.73034,1.00,2.25
2016.09.08 09:43:52.859,1.73002,1.73034,1.00,2.25
2016.09.08 09:43:55.235,1.73001,1.73033,1.00,1.00
2016.09.08 09:43:55.926,1.73001,1.73031,1.00,1.00
2016.09.08 09:43:56.435,1.73,1.7303,1.00,1.00
2016.09.08 09:44:00.843,1.73,1.73032,1.50,1.00
2016.09.08 09:44:01.146,1.73,1.73031,1.00,1.00
2016.09.08 09:44:03.065,1.72997,1.73027,1.00,1.00
2016.09.08 09:44:04.351,1.72999,1.73029,1.00,1.50
2016.09.08 09:44:06.029,1.72997,1.73029,1.00,1.50
2016.09.08 09:44:06.272,1.72997,1.73029,1.00,1.50
2016.09.08 09:44:06.323,1.72996,1.73027,1.50,1.00
2016.09.08 09:44:06.424,1.72997,1.73029,1.00,1.50
2016.09.08 09:44:07.217,1.72997,1.73029,1.00,1.50
2016.09.08 09:44:09.219,1.72997,1.73029,1.00,1.50
2016.09.08 09:44:09.320,1.72996,1.73027,1.50,1.00
2016.09.08 09:44:09.523,1.72996,1.73027,1.00,1.00
2016.09.08 09:44:10.285,1.72996,1.73027,1.00,1.00
2016.09.08 09:44:11.310,1.72996,1.73027,1.00,1.00
2016.09.08 09:44:12.400,1.72996,1.73027,1.00,1.00
2016.09.08 09:44:14.246,1.72997,1.73028,1.00,1.00
2016.09.08 09:44:15.091,1.72997,1.73028,1.00,1.00
2016.09.08 09:44:16.323,1.72996,1.73026,1.00,1.00
2016.09.08 09:44:16.374,1.72995,1.73026,1.00,1.00
2016.09.08 09:44:16.425,1.72993,1.73021,1.37,1.00
2016.09.08 09:44:16.476,1.72991,1.73021,1.37,1.00
2016.09.08 09:44:16.527,1.72991,1.73021,1.00,1.00
2016.09.08 09:44:24.031,1.72993,1.73023,1.00,1.37
2016.09.08 09:44:29.818,1.72993,1.73023,1.00,1.00
2016.09.08 09:44:29.869,1.72995,1.73025,1.37,1.00
2016.09.08 09:44:29.959,1.72996,1.73025,1.12,1.00
2016.09.08 09:44:30.010,1.72996,1.73027,2.25,1.00
2016.09.08 09:44:30.161,1.72997,1.7303,1.00,1.00
2016.09.08 09:44:34.575,1.72996,1.73028,2.25,1.00
2016.09.08 09:44:34.626,1.72996,1.73028,1.50,1.00
2016.09.08 09:44:34.781,1.72996,1.73028,2.25,1.00
2016.09.08 09:44:34.882,1.72998,1.73029,1.00,1.00
2016.09.08 09:44:35.085,1.72999,1.73031,1.00,2.25
2016.09.08 09:44:36.065,1.72998,1.73029,1.00,1.00
2016.09.08 09:44:36.166,1.72996,1.73027,1.12,1.37
2016.09.08 09:44:36.217,1.72996,1.73024,1.00,1.00
2016.09.08 09:44:36.268,1.72994,1.73024,1.50,1.50
2016.09.08 09:44:36.318,1.72994,1.73024,1.00,1.50
2016.09.08 09:44:36.369,1.72994,1.73024,1.00,1.00
2016.09.08 09:44:36.661,1.72994,1.73027,1.87,1.46
2016.09.08 09:44:36.764,1.72994,1.73027,2.25,1.46
2016.09.08 09:44:38.231,1.72994,1.73027,2.25,1.12
2016.09.08 09:44:38.282,1.72994,1.73027,2.25,1.12
2016.09.08 09:44:38.893,1.72995,1.73028,1.12,1.50
2016.09.08 09:44:40.694,1.72996,1.73029,1.00,1.75
2016.09.08 09:44:40.996,1.72998,1.7303,1.00,1.75
2016.09.08 09:44:41.047,1.72998,1.7303,1.00,1.75
2016.09.08 09:44:44.184,1.73,1.73032,1.00,1.75
2016.09.08 09:44:44.488,1.72998,1.7303,1.00,1.75
2016.09.08 09:44:45.353,1.72998,1.7303,1.00,1.75
2016.09.08 09:44:45.785,1.72998,1.7303,1.00,1.75
2016.09.08 09:44:48.776,1.72997,1.73025,1.00,1.00
2016.09.08 09:44:48.878,1.72994,1.73024,1.50,1.00
2016.09.08 09:44:49.058,1.72994,1.73023,1.00,1.50
2016.09.08 09:44:49.269,1.72994,1.73021,1.00,1.00
2016.09.08 09:44:50.162,1.72994,1.73019,1.00,1.00
2016.09.08 09:44:50.315,1.72989,1.73017,1.00,1.00
2016.09.08 09:44:50.467,1.72989,1.73014,1.00,1.00
2016.09.08 09:44:50.669,1.72989,1.73014,1.00,1.12
2016.09.08 09:44:50.770,1.72985,1.73014,1.00,1.12
2016.09.08 09:44:51.976,1.72985,1.73014,1.00,1.12
2016.09.08 09:44:52.178,1.72985,1.73016,1.00,1.50
2016.09.08 09:44:52.275,1.72985,1.73016,1.87,1.50
2016.09.08 09:44:52.326,1.72987,1.73016,1.00,1.50
2016.09.08 09:44:52.376,1.72994,1.73023,1.50,2.10
2016.09.08 09:44:52.478,1.72996,1.73027,1.87,1.37
2016.09.08 09:44:52.579,1.73,1.73029,1.00,1.87
2016.09.08 09:44:52.843,1.73,1.73029,1.00,1.12
2016.09.08 09:44:52.894,1.73,1.7303,1.00,1.12
2016.09.08 09:44:53.254,1.72998,1.7303,1.50,1.12
2016.09.08 09:44:53.579,1.72999,1.73031,1.00,1.50
2016.09.08 09:44:54.413,1.73006,1.73032,1.00,1.75
2016.09.08 09:44:54.514,1.73005,1.73036,1.00,1.87
2016.09.08 09:44:54.566,1.73003,1.73033,1.75,1.00
2016.09.08 09:44:54.642,1.73002,1.73033,1.37,1.00
2016.09.08 09:44:54.694,1.73002,1.73033,1.00,1.12
2016.09.08 09:44:55.417,1.73007,1.73033,1.00,1.12
2016.09.08 09:44:55.588,1.7301,1.73035,1.00,1.75
2016.09.08 09:44:55.689,1.73011,1.73037,1.00,2.25
2016.09.08 09:44:55.892,1.73012,1.73037,1.00,1.50
2016.09.08 09:44:56.196,1.73012,1.73036,1.00,1.12
2016.09.08 09:44:56.708,1.73012,1.73037,1.00,1.50
2016.09.08 09:44:57.214,1.73012,1.73039,1.00,1.75
2016.09.08 09:44:57.778,1.73013,1.73039,1.00,1.75
2016.09.08 09:44:58.187,1.73011,1.73039,1.00,1.75
2016.09.08 09:44:58.910,1.73014,1.73039,1.00,1.75
2016.09.08 09:44:59.112,1.73011,1.73039,1.00,1.75
2016.09.08 09:45:00.520,1.7301,1.73039,1.00,1.75
2016.09.08 09:45:00.908,1.73012,1.7304,1.00,1.75
2016.09.08 09:45:01.111,1.73011,1.73041,1.00,2.25
2016.09.08 09:45:01.795,1.7301,1.73041,1.00,2.25
2016.09.08 09:45:01.971,1.7301,1.7304,1.00,1.75
2016.09.08 09:45:02.275,1.7301,1.73041,1.00,2.25
2016.09.08 09:45:02.326,1.7301,1.73041,1.00,2.25
2016.09.08 09:45:02.712,1.73008,1.73041,1.00,2.25
2016.09.08 09:45:03.219,1.73009,1.7304,1.00,1.75
2016.09.08 09:45:03.769,1.73009,1.73039,1.00,1.75
2016.09.08 09:45:04.312,1.73013,1.73041,1.00,1.50
2016.09.08 09:45:04.413,1.73014,1.73046,1.00,2.25
2016.09.08 09:45:04.514,1.73018,1.73048,1.00,1.75
2016.09.08 09:45:04.565,1.73018,1.73049,1.00,3.22
2016.09.08 09:45:04.616,1.7302,1.73049,1.00,1.75
2016.09.08 09:45:04.717,1.73017,1.73051,1.00,1.75
2016.09.08 09:45:04.916,1.73015,1.73048,1.00,1.75
2016.09.08 09:45:05.046,1.73017,1.73048,1.00,1.75
2016.09.08 09:45:05.147,1.73014,1.73048,1.50,1.75
2016.09.08 09:45:05.373,1.73014,1.73051,1.50,1.75
2016.09.08 09:45:05.424,1.73014,1.73049,1.50,1.75
2016.09.08 09:45:05.626,1.73014,1.73049,1.00,1.75
2016.09.08 09:45:05.909,1.73012,1.73049,1.37,2.25
2016.09.08 09:45:05.960,1.73014,1.73049,1.00,2.25
2016.09.08 09:45:06.011,1.73014,1.73049,1.00,2.25
2016.09.08 09:45:06.126,1.73012,1.73049,1.37,2.25
2016.09.08 09:45:06.527,1.73014,1.73049,1.00,2.25
2016.09.08 09:45:06.629,1.73014,1.73049,1.00,1.75
2016.09.08 09:45:07.756,1.73012,1.73048,1.87,1.75
2016.09.08 09:45:08.226,1.73014,1.73048,1.00,1.75
2016.09.08 09:45:08.736,1.73012,1.73046,1.37,1.37
2016.09.08 09:45:08.837,1.73013,1.73046,1.12,1.37
2016.09.08 09:45:08.941,1.73011,1.73046,2.25,1.37
2016.09.08 09:45:09.349,1.73014,1.73047,1.00,1.50
2016.09.08 09:45:09.450,1.73013,1.73045,1.12,1.12
2016.09.08 09:45:09.552,1.73013,1.73047,1.87,1.50
2016.09.08 09:45:10.035,1.73013,1.73046,1.12,1.37
2016.09.08 09:45:10.536,1.73014,1.73046,1.00,1.37
2016.09.08 09:45:10.744,1.73014,1.73047,1.00,1.50
2016.09.08 09:45:11.037,1.73013,1.73047,1.87,1.50
2016.09.08 09:45:11.720,1.73015,1.73047,1.00,1.50
2016.09.08 09:45:12.379,1.73014,1.73047,1.00,1.50
2016.09.08 09:45:12.649,1.73013,1.73047,1.12,1.50
2016.09.08 09:45:12.750,1.73012,1.73046,1.37,1.37
2016.09.08 09:45:12.918,1.73012,1.73046,1.87,1.37
2016.09.08 09:45:13.051,1.73012,1.73046,1.37,1.37
2016.09.08 09:45:13.319,1.73012,1.73045,1.87,1.12
2016.09.08 09:45:13.432,1.73012,1.73045,1.37,1.12
2016.09.08 09:45:13.624,1.73013,1.73045,1.12,1.12
2016.09.08 09:45:13.724,1.73012,1.73045,1.87,1.12
2016.09.08 09:45:14.238,1.73015,1.73048,1.00,1.75
2016.09.08 09:45:14.340,1.73018,1.73049,1.00,1.75
2016.09.08 09:45:14.390,1.73019,1.73051,1.00,2.25
2016.09.08 09:45:14.441,1.73021,1.73051,1.00,1.00
2016.09.08 09:45:15.160,1.73022,1.73051,1.00,1.00
2016.09.08 09:45:15.564,1.73023,1.73055,1.00,1.00
2016.09.08 09:45:15.666,1.73025,1.73055,1.00,1.00
2016.09.08 09:45:15.767,1.73024,1.73055,1.50,1.00
2016.09.08 09:45:15.963,1.73024,1.73055,1.00,1.00
2016.09.08 09:45:16.161,1.73023,1.73055,1.50,1.00
2016.09.08 09:45:16.363,1.73023,1.73055,1.00,1.00
2016.09.08 09:45:16.832,1.73022,1.73055,1.50,1.00
2016.09.08 09:45:17.366,1.73021,1.73055,1.50,1.00
2016.09.08 09:45:17.705,1.73021,1.73055,1.50,1.00
2016.09.08 09:45:19.563,1.73021,1.73055,2.25,1.00
2016.09.08 09:45:19.667,1.73023,1.73055,1.00,1.00
2016.09.08 09:45:19.769,1.73023,1.73055,1.50,1.00
2016.09.08 09:45:20.067,1.73023,1.73055,1.00,1.00
2016.09.08 09:45:20.576,1.73024,1.73055,1.00,1.00
2016.09.08 09:45:21.180,1.73022,1.73055,1.00,1.00
2016.09.08 09:45:21.332,1.73022,1.73055,1.00,1.50
2016.09.08 09:45:21.383,1.73021,1.73055,1.50,1.50
2016.09.08 09:45:21.687,1.73023,1.73055,1.00,1.50
2016.09.08 09:45:21.874,1.73023,1.73054,1.00,1.00
2016.09.08 09:45:22.331,1.73023,1.73055,1.00,1.00
2016.09.08 09:45:23.577,1.73022,1.73054,1.00,1.00
2016.09.08 09:45:23.678,1.73021,1.73054,1.50,1.00
2016.09.08 09:45:23.779,1.73021,1.73052,1.00,1.00
2016.09.08 09:45:23.881,1.7302,1.73051,1.00,1.50
2016.09.08 09:45:24.033,1.73021,1.73051,1.50,1.50
2016.09.08 09:45:24.084,1.73021,1.73051,1.00,1.50
2016.09.08 09:45:25.282,1.7302,1.73052,1.50,1.75
2016.09.08 09:45:25.786,1.73021,1.73052,1.00,1.75
2016.09.08 09:45:26.293,1.73022,1.73052,1.00,1.75
2016.09.08 09:45:26.343,1.7302,1.73052,1.00,1.75
2016.09.08 09:45:28.138,1.73021,1.73052,1.00,1.75
2016.09.08 09:45:28.391,1.73022,1.73052,1.00,1.00
2016.09.08 09:45:28.838,1.73022,1.73054,1.00,1.00
2016.09.08 09:45:29.138,1.73021,1.73052,1.12,1.00
2016.09.08 09:45:30.444,1.73022,1.73056,1.00,2.25
2016.09.08 09:45:30.558,1.73023,1.73056,1.00,1.50
2016.09.08 09:45:30.608,1.73023,1.73056,1.50,1.50
2016.09.08 09:45:30.861,1.73024,1.73057,1.00,1.75
2016.09.08 09:45:31.413,1.73025,1.73058,1.00,1.75
2016.09.08 09:45:32.100,1.73024,1.73058,1.00,1.75
2016.09.08 09:45:37.746,1.73024,1.73056,1.00,1.50
2016.09.08 09:45:39.589,1.73024,1.73057,1.00,1.75
2016.09.08 09:45:39.750,1.73025,1.73058,1.00,1.75
2016.09.08 09:45:40.292,1.73024,1.73058,1.00,1.75
2016.09.08 09:45:43.060,1.73029,1.73059,1.00,2.25
2016.09.08 09:45:43.111,1.7303,1.73059,1.00,1.87
2016.09.08 09:45:43.268,1.73035,1.73064,1.00,1.75
2016.09.08 09:45:43.318,1.73037,1.73068,1.50,1.50
2016.09.08 09:45:43.369,1.73037,1.73069,1.00,1.75
2016.09.08 09:45:43.470,1.73037,1.73069,1.50,1.75
2016.09.08 09:45:43.521,1.73039,1.73069,1.00,1.00
2016.09.08 09:45:43.622,1.7304,1.73072,1.00,1.00
2016.09.08 09:45:44.153,1.73039,1.73072,1.00,1.00
2016.09.08 09:45:44.522,1.73039,1.73072,1.50,1.00
2016.09.08 09:45:44.877,1.7304,1.73072,1.00,1.00
2016.09.08 09:45:45.487,1.73039,1.73072,1.00,1.00
2016.09.08 09:45:45.727,1.73044,1.73072,1.00,1.00
2016.09.08 09:45:45.777,1.73046,1.73072,1.00,1.00
2016.09.08 09:45:45.828,1.73046,1.73077,1.00,1.00
2016.09.08 09:45:45.980,1.73051,1.73081,1.00,1.75
2016.09.08 09:45:46.212,1.73051,1.73083,1.00,3.00
2016.09.08 09:45:46.314,1.73051,1.73083,1.00,3.00
2016.09.08 09:45:46.476,1.73052,1.73083,1.00,2.25
2016.09.08 09:45:46.578,1.73052,1.73082,1.00,1.37
2016.09.08 09:45:47.663,1.73052,1.73083,1.00,1.50
2016.09.08 09:45:48.283,1.73052,1.73083,1.00,1.50
2016.09.08 09:45:49.769,1.73053,1.73083,1.00,1.50
2016.09.08 09:45:50.007,1.73053,1.73083,1.00,1.50
2016.09.08 09:45:52.091,1.73053,1.73082,1.00,1.37
2016.09.08 09:45:52.243,1.73053,1.73084,1.00,1.75
2016.09.08 09:45:52.294,1.73055,1.73087,1.00,1.75
2016.09.08 09:45:52.517,1.73057,1.73087,1.00,1.75
2016.09.08 09:45:53.046,1.73057,1.73087,1.00,2.25
2016.09.08 09:45:53.096,1.73053,1.73086,1.12,1.50
2016.09.08 09:45:53.819,1.73053,1.73086,1.12,1.50
2016.09.08 09:45:54.305,1.73053,1.73086,1.00,1.12
2016.09.08 09:45:54.356,1.73053,1.73086,1.00,1.00
2016.09.08 09:45:54.902,1.73053,1.73086,1.00,1.00
2016.09.08 09:45:55.200,1.73053,1.73086,1.50,1.00
2016.09.08 09:45:56.615,1.73053,1.73086,1.00,1.00
2016.09.08 09:45:56.818,1.73049,1.73082,1.50,1.37
2016.09.08 09:45:57.110,1.73049,1.73081,1.00,1.12
2016.09.08 09:46:00.079,1.7305,1.73081,1.00,1.12
2016.09.08 09:46:01.225,1.7305,1.73081,1.00,1.12
2016.09.08 09:46:01.275,1.73048,1.73081,1.87,1.12
2016.09.08 09:46:01.326,1.73048,1.73081,1.87,1.12
2016.09.08 09:46:01.377,1.73049,1.73082,1.00,2.62
2016.09.08 09:46:01.580,1.7305,1.7308,1.00,1.00
2016.09.08 09:46:02.108,1.73049,1.7308,1.00,1.00
2016.09.08 09:46:02.209,1.73048,1.73078,1.12,1.00
2016.09.08 09:46:02.371,1.73048,1.73081,1.87,1.12
2016.09.08 09:46:02.629,1.73049,1.73081,1.00,1.12
2016.09.08 09:46:05.274,1.7305,1.73081,1.00,1.12
2016.09.08 09:46:05.826,1.7305,1.73081,1.00,1.12
2016.09.08 09:46:09.688,1.73049,1.73079,1.00,1.00
2016.09.08 09:46:10.109,1.73049,1.73082,1.50,1.37
2016.09.08 09:46:12.091,1.73049,1.73081,1.50,1.00
2016.09.08 09:46:15.132,1.73049,1.7308,1.50,1.00
2016.09.08 09:46:15.546,1.7305,1.7308,1.00,1.00
2016.09.08 09:46:18.056,1.73049,1.7308,1.50,1.00
2016.09.08 09:46:18.157,1.73049,1.7308,1.00,1.00
2016.09.08 09:46:18.208,1.73047,1.73078,1.50,1.00
2016.09.08 09:46:18.309,1.73047,1.73064,1.00,1.00
2016.09.08 09:46:18.360,1.73037,1.73064,2.10,1.00
2016.09.08 09:46:18.411,1.73034,1.73064,2.25,1.00
2016.09.08 09:46:18.462,1.73035,1.73064,1.00,1.00
2016.09.08 09:46:18.513,1.73036,1.73067,1.00,1.00
2016.09.08 09:46:18.614,1.73037,1.73068,1.00,2.25
2016.09.08 09:46:18.665,1.73037,1.73068,1.50,2.25
2016.09.08 09:46:18.715,1.73037,1.73068,1.50,1.50
2016.09.08 09:46:18.766,1.73038,1.73068,1.00,1.50
2016.09.08 09:46:18.903,1.73039,1.73068,1.00,1.00
2016.09.08 09:46:19.107,1.73039,1.73069,1.00,1.00
2016.09.08 09:46:19.209,1.7304,1.73071,1.00,1.00
2016.09.08 09:46:20.152,1.73043,1.73071,1.00,1.00
2016.09.08 09:46:20.253,1.73041,1.73071,1.00,1.00
2016.09.08 09:46:20.355,1.7304,1.73071,1.50,1.00
2016.09.08 09:46:20.558,1.7304,1.73071,1.00,1.00
2016.09.08 09:46:21.595,1.73038,1.7307,1.50,1.00
2016.09.08 09:46:26.052,1.73039,1.7307,1.00,1.00
2016.09.08 09:46:26.603,1.7304,1.73071,1.00,1.00
2016.09.08 09:46:29.063,1.7304,1.73071,1.50,1.00
2016.09.08 09:46:29.114,1.73041,1.73071,1.00,1.00
2016.09.08 09:46:29.217,1.73042,1.73072,1.00,1.00
2016.09.08 09:46:29.318,1.73041,1.73072,1.00,1.50
2016.09.08 09:46:29.450,1.73039,1.7307,1.00,1.00
2016.09.08 09:46:30.066,1.73038,1.7307,1.00,1.00
2016.09.08 09:46:31.023,1.73037,1.73068,1.50,1.00
2016.09.08 09:46:31.226,1.73034,1.73066,1.00,1.00
2016.09.08 09:46:36.354,1.73036,1.73067,1.00,1.50
2016.09.08 09:46:52.054,1.73036,1.73067,1.12,1.12
2016.09.08 09:46:52.105,1.73036,1.73067,1.50,1.00
2016.09.08 09:46:57.640,1.73036,1.73065,1.00,1.00
2016.09.08 09:46:58.219,1.73036,1.73064,1.00,1.00
2016.09.08 09:46:58.426,1.73036,1.73066,1.00,1.00
2016.09.08 09:46:59.253,1.73036,1.73065,1.00,1.00
2016.09.08 09:47:00.729,1.73036,1.73067,1.50,1.00
2016.09.08 09:47:05.971,1.73036,1.73069,1.50,1.00
2016.09.08 09:47:07.225,1.73036,1.73069,1.50,1.00
2016.09.08 09:47:07.275,1.73036,1.73067,1.50,1.00
2016.09.08 09:47:07.427,1.73036,1.73067,1.00,1.12
2016.09.08 09:47:07.478,1.73035,1.73065,1.00,1.00
2016.09.08 09:47:07.762,1.73034,1.73064,1.12,1.00
2016.09.08 09:47:08.328,1.73034,1.73064,1.12,1.00
2016.09.08 09:47:08.379,1.73034,1.7306,1.12,1.00
2016.09.08 09:47:08.429,1.73034,1.7306,1.12,1.00
2016.09.08 09:47:08.480,1.7303,1.73055,1.75,1.00
2016.09.08 09:47:08.531,1.73025,1.73055,1.50,1.00
2016.09.08 09:47:09.077,1.73025,1.73054,1.50,1.00
2016.09.08 09:47:09.933,1.73025,1.73054,1.50,1.00
2016.09.08 09:47:09.984,1.73028,1.73058,1.00,1.00
2016.09.08 09:47:10.188,1.73025,1.73056,3.00,1.00
2016.09.08 09:47:10.430,1.73025,1.73056,3.00,1.00
2016.09.08 09:47:10.746,1.73025,1.73056,3.00,1.00
2016.09.08 09:47:10.850,1.73025,1.73056,3.00,1.00
2016.09.08 09:47:10.951,1.73025,1.73056,3.00,1.00
2016.09.08 09:47:11.962,1.73025,1.73056,3.00,1.00
2016.09.08 09:47:12.032,1.73025,1.73056,3.00,1.00
2016.09.08 09:47:12.134,1.73025,1.73056,3.00,1.00
2016.09.08 09:47:13.334,1.73025,1.73056,3.00,1.00
2016.09.08 09:47:13.984,1.73027,1.73059,1.00,1.12
2016.09.08 09:47:14.086,1.73027,1.73059,1.00,1.12
2016.09.08 09:47:14.137,1.73027,1.73059,1.75,1.00
2016.09.08 09:47:14.267,1.73027,1.73059,1.75,1.00
2016.09.08 09:47:15.742,1.73027,1.73059,1.75,1.00
2016.09.08 09:47:15.864,1.73027,1.73059,1.00,1.00
2016.09.08 09:47:16.355,1.73026,1.73053,1.12,1.00
2016.09.08 09:47:16.406,1.73026,1.73053,1.00,1.00
2016.09.08 09:47:16.457,1.73025,1.73055,1.00,1.12
2016.09.08 09:47:17.172,1.73025,1.73053,1.00,1.00
2016.09.08 09:47:17.223,1.73023,1.73053,1.12,1.00
2016.09.08 09:47:17.477,1.73021,1.73053,1.75,1.00
2016.09.08 09:47:22.770,1.73021,1.73053,1.75,1.00
2016.09.08 09:47:22.821,1.7302,1.73051,1.75,1.00
2016.09.08 09:47:22.871,1.7302,1.73051,1.75,1.00
2016.09.08 09:47:23.262,1.7302,1.73051,1.75,1.00
2016.09.08 09:47:23.466,1.7302,1.73049,1.75,1.00
2016.09.08 09:47:23.770,1.7302,1.73051,1.75,1.00
2016.09.08 09:47:23.922,1.7302,1.73051,1.75,1.50
2016.09.08 09:47:24.064,1.7302,1.73051,1.75,1.50
2016.09.08 09:47:25.449,1.7302,1.73051,1.75,1.00
2016.09.08 09:47:25.500,1.73021,1.73051,1.75,1.00
2016.09.08 09:47:26.153,1.73022,1.73052,1.50,1.50
2016.09.08 09:47:26.637,1.7302,1.73052,2.25,1.50
2016.09.08 09:47:26.867,1.73021,1.73052,1.75,1.00
2016.09.08 09:47:26.918,1.73021,1.73053,1.75,1.00
2016.09.08 09:47:26.969,1.73023,1.73054,1.12,1.00
2016.09.08 09:47:27.760,1.73022,1.73052,1.50,1.00
2016.09.08 09:47:30.168,1.7302,1.73052,2.25,1.00
2016.09.08 09:47:32.178,1.73027,1.73056,1.00,1.75
2016.09.08 09:47:32.280,1.73024,1.73055,1.00,1.50
2016.09.08 09:47:32.330,1.73024,1.73055,1.37,1.12
2016.09.08 09:47:32.381,1.73022,1.73055,2.25,1.00
2016.09.08 09:47:32.919,1.73022,1.73053,1.75,1.00
2016.09.08 09:47:33.108,1.73021,1.73053,2.25,1.00
2016.09.08 09:47:36.165,1.73021,1.73051,2.25,1.00
2016.09.08 09:47:36.704,1.73021,1.73053,2.25,1.00
2016.09.08 09:47:37.205,1.73021,1.73052,1.75,1.00
2016.09.08 09:47:37.256,1.73021,1.73052,1.00,1.00
2016.09.08 09:47:41.514,1.73021,1.73053,1.50,1.00
2016.09.08 09:47:42.017,1.73021,1.73051,1.50,1.00
2016.09.08 09:47:42.317,1.73021,1.73053,1.00,1.00
2016.09.08 09:47:43.573,1.73021,1.73053,1.50,1.00
2016.09.08 09:47:47.002,1.73021,1.73053,1.00,1.00
2016.09.08 09:47:47.874,1.73021,1.73053,1.50,1.00
2016.09.08 09:47:48.696,1.73021,1.73051,1.00,1.00
2016.09.08 09:47:49.776,1.73021,1.73053,1.00,1.00
2016.09.08 09:47:51.706,1.73021,1.73053,1.00,1.00
2016.09.08 09:47:52.578,1.73021,1.73051,1.00,1.00
2016.09.08 09:47:56.113,1.7302,1.73046,1.00,1.00
2016.09.08 09:47:56.214,1.73014,1.73046,2.25,1.00
2016.09.08 09:47:56.315,1.73016,1.73046,1.50,1.00
2016.09.08 09:47:56.518,1.73014,1.73045,1.75,1.00
2016.09.08 09:47:56.620,1.73014,1.73044,1.37,1.00
2016.09.08 09:47:56.721,1.73014,1.73044,1.00,1.00
2016.09.08 09:47:57.122,1.73013,1.73044,1.87,1.00
2016.09.08 09:47:57.224,1.73014,1.73044,1.00,1.00
2016.09.08 09:47:57.426,1.73011,1.73044,1.75,1.00
2016.09.08 09:47:57.527,1.7301,1.73041,1.50,1.00
2016.09.08 09:47:57.704,1.7301,1.73042,2.25,1.00
2016.09.08 09:47:58.088,1.7301,1.7304,1.50,1.00
2016.09.08 09:47:58.139,1.7301,1.7304,1.00,1.00
2016.09.08 09:47:58.524,1.7301,1.7304,1.50,1.00
2016.09.08 09:47:58.625,1.7301,1.7304,1.00,1.00
2016.09.08 09:47:59.918,1.73009,1.73039,1.00,1.00
2016.09.08 09:48:00.023,1.73009,1.73039,1.50,1.00
2016.09.08 09:48:00.124,1.73009,1.73041,2.25,1.00
2016.09.08 09:48:00.450,1.7301,1.73041,1.00,1.00
2016.09.08 09:48:00.619,1.73009,1.73041,1.50,1.00
2016.09.08 09:48:00.720,1.73009,1.73041,2.25,1.00
2016.09.08 09:48:00.819,1.7301,1.73041,1.00,1.00
2016.09.08 09:48:01.121,1.73009,1.73041,1.50,1.00
2016.09.08 09:48:01.633,1.73009,1.73041,2.25,1.00
2016.09.08 09:48:01.822,1.7301,1.73041,1.00,1.00
2016.09.08 09:48:01.922,1.73009,1.73041,2.25,1.00
2016.09.08 09:48:02.087,1.73009,1.73039,1.50,1.00
2016.09.08 09:48:02.239,1.73009,1.73039,1.00,1.00
2016.09.08 09:48:02.340,1.73009,1.73038,1.50,1.00
2016.09.08 09:48:02.477,1.73009,1.73041,1.00,1.00
2016.09.08 09:48:02.888,1.73009,1.73039,1.50,1.00
2016.09.08 09:48:02.938,1.7301,1.73039,1.00,1.00
2016.09.08 09:48:03.040,1.73009,1.73039,1.50,1.00
2016.09.08 09:48:03.226,1.73009,1.73038,1.00,1.00
2016.09.08 09:48:04.192,1.73009,1.73039,1.00,1.00
2016.09.08 09:48:04.741,1.73009,1.73038,1.00,1.00
2016.09.08 09:48:06.892,1.73009,1.73037,1.00,1.00
2016.09.08 09:48:07.402,1.73009,1.73038,1.00,1.00
2016.09.08 09:48:14.812,1.73009,1.73037,1.00,1.00
2016.09.08 09:48:16.018,1.73009,1.73038,1.00,1.00
2016.09.08 09:48:16.426,1.73009,1.73036,1.00,1.00
2016.09.08 09:48:16.950,1.73007,1.73037,1.50,1.00
2016.09.08 09:48:17.052,1.73005,1.73037,1.75,1.00
2016.09.08 09:48:17.630,1.73005,1.73035,1.75,1.00
2016.09.08 09:48:17.952,1.73004,1.73035,3.00,1.00
2016.09.08 09:48:18.151,1.73005,1.73035,1.75,1.00
2016.09.08 09:48:18.252,1.73005,1.73036,2.25,1.00
2016.09.08 09:48:20.120,1.73005,1.73038,2.25,1.00
2016.09.08 09:48:20.171,1.73006,1.73038,1.50,1.00
2016.09.08 09:48:20.222,1.73008,1.73038,1.00,1.00
2016.09.08 09:48:20.627,1.73008,1.73038,1.50,1.00
2016.09.08 09:48:20.779,1.73008,1.73038,2.25,1.00
2016.09.08 09:48:20.829,1.73008,1.73037,1.50,1.00
2016.09.08 09:48:20.880,1.73008,1.73037,1.00,1.00
2016.09.08 09:48:21.629,1.73008,1.73038,1.00,1.00
2016.09.08 09:48:23.665,1.73008,1.73038,1.00,1.50
2016.09.08 09:48:23.766,1.73008,1.73038,1.00,1.00
2016.09.08 09:48:24.070,1.7301,1.73038,1.00,1.00
2016.09.08 09:48:24.472,1.73009,1.73039,1.50,1.00
2016.09.08 09:48:24.574,1.73009,1.73039,1.00,1.00
2016.09.08 09:48:24.624,1.73005,1.73038,2.25,1.00
2016.09.08 09:48:24.964,1.73005,1.73038,1.75,1.00
2016.09.08 09:48:25.142,1.73004,1.73037,3.75,1.00
2016.09.08 09:48:25.462,1.73005,1.73038,1.75,1.00
2016.09.08 09:48:25.512,1.73005,1.73038,2.25,1.00
2016.09.08 09:48:25.718,1.73005,1.73037,1.75,1.00
2016.09.08 09:48:26.079,1.73005,1.73037,1.00,1.12
2016.09.08 09:48:30.774,1.73004,1.73037,1.50,1.12
2016.09.08 09:48:31.575,1.73004,1.73037,2.25,1.12
2016.09.08 09:48:33.119,1.73004,1.73035,1.50,1.00
2016.09.08 09:48:34.079,1.73005,1.73035,1.00,1.00
2016.09.08 09:48:34.709,1.73006,1.73035,1.00,1.00
2016.09.08 09:48:35.082,1.73004,1.73035,1.50,1.00
2016.09.08 09:48:37.790,1.73006,1.73035,1.00,1.00
2016.09.08 09:48:38.391,1.73005,1.73035,1.00,1.00
2016.09.08 09:48:38.640,1.73005,1.73038,1.50,1.50
2016.09.08 09:48:38.860,1.73005,1.73035,1.00,1.00
2016.09.08 09:48:39.293,1.73004,1.73035,1.50,1.00
2016.09.08 09:48:39.394,1.73006,1.73035,1.00,1.00
2016.09.08 09:48:40.396,1.73005,1.73035,1.00,1.00
2016.09.08 09:48:49.610,1.73004,1.73035,1.00,1.00
2016.09.08 09:48:51.463,1.73004,1.73037,1.50,1.12
2016.09.08 09:48:51.514,1.73004,1.73037,2.25,1.12
2016.09.08 09:48:51.616,1.73004,1.73037,1.50,1.12
2016.09.08 09:48:51.736,1.73004,1.73034,1.50,1.00
2016.09.08 09:48:52.034,1.73004,1.73034,1.87,1.00
2016.09.08 09:48:52.136,1.73004,1.73034,2.62,1.00
2016.09.08 09:48:55.466,1.73005,1.73034,1.12,1.00
2016.09.08 09:48:55.921,1.73004,1.73034,2.62,1.00
2016.09.08 09:48:55.972,1.73004,1.73034,1.87,1.00
2016.09.08 09:48:56.968,1.73005,1.73034,1.12,1.00
2016.09.08 09:48:58.073,1.73004,1.73034,1.87,1.00
2016.09.08 09:48:58.343,1.73004,1.73033,1.37,1.00
2016.09.08 09:49:03.081,1.73004,1.73032,1.37,1.00
2016.09.08 09:49:03.488,1.73004,1.73034,1.37,1.00
2016.09.08 09:49:03.589,1.73004,1.73034,1.87,1.00
2016.09.08 09:49:03.690,1.73005,1.73034,1.12,1.00
2016.09.08 09:49:03.792,1.73004,1.73034,1.87,1.00
2016.09.08 09:49:04.025,1.73004,1.73034,1.37,1.00
2016.09.08 09:49:04.076,1.73005,1.73035,1.12,1.00
2016.09.08 09:49:04.177,1.73004,1.73034,1.37,1.00
2016.09.08 09:49:04.390,1.73004,1.73032,1.37,1.00
2016.09.08 09:49:04.492,1.73004,1.73032,1.00,1.00
2016.09.08 09:49:05.032,1.73004,1.73033,1.00,1.00
2016.09.08 09:49:12.455,1.73004,1.73033,1.50,1.00
2016.09.08 09:49:12.571,1.73004,1.73033,1.00,1.00
2016.09.08 09:49:12.673,1.73004,1.73033,1.50,1.00
2016.09.08 09:49:13.081,1.73004,1.73032,1.00,1.00
2016.09.08 09:49:13.608,1.73003,1.73033,1.00,1.00
2016.09.08 09:49:13.858,1.73002,1.73033,1.50,1.00
2016.09.08 09:49:14.559,1.73003,1.73033,1.00,1.00
2016.09.08 09:49:15.260,1.73004,1.73033,1.00,1.00
2016.09.08 09:49:15.907,1.73003,1.73033,1.00,1.00
2016.09.08 09:49:17.370,1.73002,1.73033,1.00,1.50
2016.09.08 09:49:17.471,1.73,1.73031,1.50,1.00
2016.09.08 09:49:17.523,1.73,1.73031,1.50,1.09
2016.09.08 09:49:17.574,1.72997,1.73028,1.87,1.00
2016.09.08 09:49:17.624,1.72997,1.73028,1.50,1.00
2016.09.08 09:49:17.966,1.72997,1.73026,1.00,1.00
2016.09.08 09:49:18.466,1.72997,1.73028,1.00,1.00
2016.09.08 09:49:18.571,1.72997,1.73028,1.00,1.50
2016.09.08 09:49:18.622,1.72996,1.73028,1.12,1.50
2016.09.08 09:49:18.784,1.72997,1.73028,1.00,1.00
2016.09.08 09:49:19.094,1.72997,1.73028,1.00,1.50
2016.09.08 09:49:22.722,1.72996,1.73028,1.12,1.50
2016.09.08 09:49:27.079,1.72996,1.73028,1.87,1.50
2016.09.08 09:49:28.380,1.72996,1.73028,1.87,1.00
2016.09.08 09:49:28.634,1.72997,1.73028,1.00,1.00
2016.09.08 09:49:28.684,1.72996,1.73028,1.12,1.00
2016.09.08 09:49:31.987,1.72996,1.73028,1.87,1.00
2016.09.08 09:49:32.627,1.72996,1.73028,1.12,1.00
2016.09.08 09:49:32.931,1.72997,1.73028,1.00,1.00
2016.09.08 09:49:38.303,1.72996,1.73028,1.12,1.00
2016.09.08 09:49:38.737,1.72996,1.73028,1.87,1.00
2016.09.08 09:49:39.799,1.72996,1.73028,1.12,1.00
2016.09.08 09:49:39.850,1.72996,1.73028,1.12,1.12
2016.09.08 09:49:40.807,1.72995,1.73028,1.87,1.12
2016.09.08 09:49:44.066,1.72995,1.73028,1.50,1.46
2016.09.08 09:49:44.116,1.72995,1.73026,1.00,1.00
2016.09.08 09:49:44.167,1.72995,1.73026,1.00,1.50
2016.09.08 09:49:44.218,1.72993,1.73016,1.00,1.00
2016.09.08 09:49:44.269,1.72987,1.73016,1.37,1.00
2016.09.08 09:49:44.319,1.72985,1.73016,2.25,1.00
2016.09.08 09:49:44.420,1.72987,1.73016,1.00,1.00
2016.09.08 09:49:44.786,1.72987,1.73018,1.00,1.12
2016.09.08 09:49:44.989,1.7299,1.7302,1.00,1.75
2016.09.08 09:49:45.039,1.72994,1.7302,1.00,1.37
2016.09.08 09:49:45.090,1.72994,1.7302,1.00,1.00
2016.09.08 09:49:45.142,1.72993,1.7302,1.50,1.00
2016.09.08 09:49:45.192,1.72995,1.73025,1.00,1.12
2016.09.08 09:49:45.243,1.72995,1.73025,1.12,1.00
2016.09.08 09:49:45.294,1.72996,1.73029,1.00,1.12
2016.09.08 09:49:46.306,1.72999,1.73029,1.00,1.12
2016.09.08 09:49:46.424,1.72999,1.73029,1.00,1.12
2016.09.08 09:49:46.525,1.73,1.7303,1.00,1.50
2016.09.08 09:49:46.627,1.72999,1.73029,1.00,1.12
2016.09.08 09:49:47.090,1.72997,1.73028,1.50,1.00
2016.09.08 09:49:47.690,1.72999,1.73029,1.00,1.12
2016.09.08 09:49:47.944,1.72999,1.73029,1.00,1.12
2016.09.08 09:49:47.995,1.72997,1.73029,1.50,1.12
2016.09.08 09:49:48.110,1.72997,1.73029,1.00,1.50
2016.09.08 09:49:48.160,1.72999,1.73029,1.00,1.75
2016.09.08 09:49:48.212,1.72997,1.73027,1.00,1.50
2016.09.08 09:49:48.614,1.72997,1.73026,1.00,1.12
2016.09.08 09:49:48.665,1.72997,1.73026,1.00,1.87
2016.09.08 09:49:48.715,1.72997,1.73016,1.00,1.00
2016.09.08 09:49:48.766,1.7299,1.73016,1.00,1.00
2016.09.08 09:49:48.867,1.72986,1.73016,1.50,1.00
2016.09.08 09:49:48.918,1.72986,1.73017,1.00,1.00
2016.09.08 09:49:49.400,1.72986,1.73015,1.00,1.00
2016.09.08 09:49:49.552,1.72986,1.73015,1.50,1.00
2016.09.08 09:49:49.704,1.72988,1.73018,1.00,1.00
2016.09.08 09:49:49.907,1.72986,1.73017,1.00,1.00
2016.09.08 09:49:50.117,1.72986,1.73014,1.00,1.00
2016.09.08 09:49:50.236,1.72986,1.73014,1.00,1.12
2016.09.08 09:49:50.303,1.72983,1.73014,1.50,1.50
2016.09.08 09:49:50.354,1.72983,1.73014,1.00,1.50
2016.09.08 09:49:50.404,1.72982,1.73011,1.00,1.00
2016.09.08 09:49:50.610,1.72983,1.73014,1.00,1.50
2016.09.08 09:49:50.971,1.72983,1.73014,1.50,1.50
2016.09.08 09:49:51.173,1.72983,1.73014,1.00,1.50
2016.09.08 09:49:57.093,1.72982,1.73012,1.50,1.00
2016.09.08 09:49:57.144,1.72979,1.73008,1.00,1.00
2016.09.08 09:49:57.195,1.72978,1.73008,1.00,1.37
2016.09.08 09:49:57.245,1.72978,1.73007,1.00,1.75
2016.09.08 09:49:57.549,1.72977,1.73007,1.50,1.75
2016.09.08 09:49:58.380,1.72977,1.73007,1.00,1.75
2016.09.08 09:49:59.611,1.72976,1.73007,1.00,1.75
2016.09.08 09:49:59.866,1.72976,1.73007,1.00,1.75
2016.09.08 09:49:59.917,1.72974,1.73006,1.00,1.50
2016.09.08 09:50:00.018,1.72974,1.73004,1.00,1.00
2016.09.08 09:50:00.372,1.72973,1.73004,1.50,1.00
2016.09.08 09:50:00.651,1.72974,1.73006,1.00,1.50
2016.09.08 09:50:00.753,1.72977,1.73007,1.00,1.75
2016.09.08 09:50:00.854,1.72977,1.73008,1.50,1.75
2016.09.08 09:50:00.905,1.72977,1.73006,1.50,1.50
2016.09.08 09:50:01.006,1.72977,1.73003,1.00,1.00
2016.09.08 09:50:01.260,1.72975,1.73003,1.00,1.00
2016.09.08 09:50:01.311,1.72973,1.73005,2.25,1.12
2016.09.08 09:50:01.621,1.72971,1.73001,1.50,1.00
2016.09.08 09:50:01.824,1.72975,1.73005,1.00,1.12
2016.09.08 09:50:02.027,1.72979,1.73005,1.00,1.12
2016.09.08 09:50:02.411,1.72973,1.73005,1.00,1.12
2016.09.08 09:50:03.908,1.72975,1.73005,1.00,1.12
2016.09.08 09:50:04.161,1.72983,1.73007,1.00,1.75
2016.09.08 09:50:04.502,1.72986,1.73007,1.00,1.75
2016.09.08 09:50:04.748,1.7298,1.73007,1.00,1.75
2016.09.08 09:50:04.959,1.72982,1.73007,1.00,1.75
2016.09.08 09:50:05.213,1.72973,1.73008,1.00,1.75
2016.09.08 09:50:05.315,1.72982,1.73008,1.00,1.75
2016.09.08 09:50:06.068,1.72982,1.73008,1.00,2.25
2016.09.08 09:50:06.315,1.72982,1.73007,1.00,1.75
2016.09.08 09:50:06.661,1.72994,1.73008,1.00,1.37
2016.09.08 09:50:06.712,1.72994,1.73008,1.00,1.00
2016.09.08 09:50:06.763,1.72996,1.73019,1.00,1.37
2016.09.08 09:50:06.814,1.72996,1.73018,1.00,1.00
2016.09.08 09:50:07.162,1.73,1.73018,1.00,1.00
2016.09.08 09:50:07.620,1.73,1.73023,1.00,1.75
2016.09.08 09:50:07.671,1.73,1.73023,1.00,1.37
2016.09.08 09:50:07.722,1.73,1.73027,1.00,1.75
2016.09.08 09:50:07.823,1.73,1.73024,1.00,1.00
2016.09.08 09:50:08.039,1.73,1.73028,1.00,2.25
2016.09.08 09:50:08.090,1.73,1.73028,1.00,3.00
2016.09.08 09:50:08.141,1.72997,1.73025,1.00,1.12
2016.09.08 09:50:08.242,1.72997,1.73027,1.00,1.75
2016.09.08 09:50:08.445,1.73001,1.73028,1.00,3.00
2016.09.08 09:50:08.596,1.73002,1.73028,1.00,2.25
2016.09.08 09:50:08.905,1.73002,1.73024,1.00,1.00
2016.09.08 09:50:09.224,1.73005,1.73024,1.00,1.00
2016.09.08 09:50:09.326,1.73001,1.73028,1.00,1.00
2016.09.08 09:50:09.427,1.73001,1.73028,1.00,1.00
2016.09.08 09:50:10.118,1.73001,1.73029,1.00,1.12
2016.09.08 09:50:10.788,1.73001,1.7303,1.00,1.50
2016.09.08 09:50:10.839,1.73003,1.73029,1.00,1.12
2016.09.08 09:50:11.041,1.73005,1.73029,1.00,1.12
2016.09.08 09:50:11.301,1.73005,1.73029,1.00,1.12
2016.09.08 09:50:11.878,1.73005,1.73029,1.00,1.87
2016.09.08 09:50:12.521,1.73005,1.73023,1.00,1.00
2016.09.08 09:50:13.033,1.73004,1.73023,1.00,1.00
2016.09.08 09:50:13.198,1.73004,1.73029,1.00,1.87
2016.09.08 09:50:13.704,1.73003,1.73029,1.00,1.87
2016.09.08 09:50:13.755,1.73,1.73029,1.00,1.87
2016.09.08 09:50:14.123,1.73,1.73029,1.00,1.12
2016.09.08 09:50:14.224,1.73,1.73029,1.00,1.87
2016.09.08 09:50:14.924,1.73,1.73029,1.00,1.12
2016.09.08 09:50:16.037,1.73001,1.73029,1.00,1.12
2016.09.08 09:50:16.954,1.73003,1.73029,1.00,1.12
2016.09.08 09:50:20.065,1.73005,1.73029,1.00,1.12
2016.09.08 09:50:20.166,1.73005,1.73029,1.00,1.12
2016.09.08 09:50:20.268,1.73005,1.73029,1.00,1.12
2016.09.08 09:50:20.574,1.73007,1.73029,1.00,1.12
2016.09.08 09:50:21.117,1.73007,1.7303,1.00,1.50
2016.09.08 09:50:25.627,1.73007,1.73029,1.00,1.12
2016.09.08 09:50:26.657,1.73007,1.73033,1.00,2.25
2016.09.08 09:50:26.758,1.73007,1.73033,1.00,2.25
2016.09.08 09:50:26.809,1.73007,1.73031,1.00,1.75
2016.09.08 09:50:26.860,1.73005,1.73027,1.00,1.00
2016.09.08 09:50:27.388,1.73004,1.73027,1.00,1.00
2016.09.08 09:50:27.439,1.73002,1.73027,1.00,1.00
2016.09.08 09:50:28.640,1.73004,1.73027,1.00,1.00
2016.09.08 09:50:29.743,1.73004,1.73027,1.00,1.50
2016.09.08 09:50:30.345,1.73003,1.73027,1.00,1.50
2016.09.08 09:50:31.543,1.73011,1.73027,1.00,1.50
2016.09.08 09:50:31.594,1.73011,1.73027,1.00,1.00
2016.09.08 09:50:31.746,1.73023,1.73041,1.00,1.75
2016.09.08 09:50:31.833,1.73023,1.73041,1.00,1.00
2016.09.08 09:50:31.884,1.73026,1.7305,1.00,1.75
2016.09.08 09:50:31.935,1.73026,1.73054,1.00,1.75
2016.09.08 09:50:31.986,1.73036,1.73053,1.00,1.75
2016.09.08 09:50:32.037,1.73036,1.73053,1.00,1.00
2016.09.08 09:50:32.088,1.73037,1.7306,1.00,1.75
2016.09.08 09:50:32.190,1.73036,1.7306,1.00,1.75
2016.09.08 09:50:32.292,1.73035,1.7306,1.00,1.75
2016.09.08 09:50:32.394,1.73031,1.7306,1.00,1.75
2016.09.08 09:50:32.445,1.73028,1.7306,1.00,2.25
2016.09.08 09:50:32.646,1.73026,1.73052,1.00,1.00
2016.09.08 09:50:32.747,1.73024,1.73052,1.00,1.00
2016.09.08 09:50:32.855,1.73023,1.73054,1.00,1.75
2016.09.08 09:50:33.963,1.73023,1.73054,1.00,1.75
2016.09.08 09:50:34.064,1.73022,1.73054,1.00,2.25
2016.09.08 09:50:34.893,1.73022,1.73054,1.00,2.25
2016.09.08 09:50:35.061,1.73024,1.73054,1.00,1.75
2016.09.08 09:50:35.690,1.73024,1.73054,1.00,1.75
2016.09.08 09:50:36.572,1.73023,1.73053,1.00,1.75
2016.09.08 09:50:37.077,1.73021,1.73053,1.00,1.75
2016.09.08 09:50:37.573,1.73021,1.73049,1.00,1.75
2016.09.08 09:50:37.997,1.73011,1.73047,2.25,1.37
2016.09.08 09:50:39.779,1.73011,1.73047,2.25,1.87
2016.09.08 09:50:39.830,1.73011,1.73047,1.50,1.87
2016.09.08 09:50:40.597,1.7302,1.73047,1.00,1.87
2016.09.08 09:50:41.059,1.7302,1.73047,1.00,1.37
2016.09.08 09:50:41.259,1.7302,1.73047,1.00,1.37
2016.09.08 09:50:41.599,1.73018,1.73047,1.00,1.37
2016.09.08 09:50:41.650,1.73018,1.73042,1.00,1.00
2016.09.08 09:50:41.701,1.73015,1.73042,1.00,1.00
2016.09.08 09:50:42.087,1.73017,1.73042,1.00,1.00
2016.09.08 09:50:42.138,1.73017,1.73047,1.00,1.75
2016.09.08 09:50:42.189,1.73017,1.73046,1.00,2.47
2016.09.08 09:50:43.677,1.73016,1.73046,1.00,2.47
2016.09.08 09:50:50.294,1.73016,1.73046,1.00,2.47
2016.09.08 09:50:50.956,1.73016,1.73043,1.00,1.75
2016.09.08 09:50:51.209,1.73016,1.73043,1.00,1.75
2016.09.08 09:50:51.311,1.73011,1.73043,1.00,1.75
2016.09.08 09:50:51.412,1.73013,1.73043,1.00,1.75
2016.09.08 09:50:51.818,1.73015,1.73043,1.00,1.75
2016.09.08 09:50:52.360,1.73015,1.73042,1.00,1.75
2016.09.08 09:50:55.066,1.73012,1.73042,1.00,1.75
2016.09.08 09:50:56.517,1.73014,1.73042,1.00,1.75
2016.09.08 09:51:01.186,1.73013,1.73042,1.00,1.75
2016.09.08 09:51:01.737,1.73014,1.73042,1.00,1.75
2016.09.08 09:51:02.366,1.73014,1.73041,1.00,1.75
2016.09.08 09:51:03.408,1.73014,1.73041,1.00,1.75
2016.09.08 09:51:05.950,1.73014,1.73039,1.00,1.50
2016.09.08 09:51:06.001,1.73014,1.73039,1.00,1.50
2016.09.08 09:51:06.999,1.73012,1.73039,1.00,1.50
2016.09.08 09:51:07.382,1.73011,1.73038,1.00,1.37
2016.09.08 09:51:07.607,1.73011,1.73038,1.00,1.37
2016.09.08 09:51:08.468,1.73011,1.73039,1.00,1.50
2016.09.08 09:51:12.010,1.73011,1.73042,1.00,1.75
2016.09.08 09:51:12.315,1.73013,1.73043,1.00,1.75
2016.09.08 09:51:13.799,1.73011,1.73034,1.00,1.00
2016.09.08 09:51:14.316,1.73012,1.73034,1.00,1.00
2016.09.08 09:51:14.815,1.73007,1.73034,1.00,1.00
2016.09.08 09:51:14.916,1.73005,1.73031,1.00,1.75
2016.09.08 09:51:14.967,1.73005,1.73031,1.00,1.75
2016.09.08 09:51:15.119,1.73007,1.73032,1.00,1.75
2016.09.08 09:51:15.322,1.73005,1.73031,1.00,1.75
2016.09.08 09:51:16.327,1.73005,1.73032,1.00,1.75
2016.09.08 09:51:17.024,1.73004,1.73032,1.00,1.75
2016.09.08 09:51:18.204,1.73004,1.73031,1.00,1.75
2016.09.08 09:51:18.407,1.73007,1.73031,1.00,1.75
2016.09.08 09:51:18.508,1.73008,1.73031,1.00,1.37
2016.09.08 09:51:18.559,1.73008,1.73035,1.00,1.75
2016.09.08 09:51:18.871,1.73012,1.73035,1.00,1.75
2016.09.08 09:51:19.366,1.73012,1.73037,1.00,2.25
2016.09.08 09:51:20.245,1.73012,1.73031,1.00,1.12
2016.09.08 09:51:20.347,1.73012,1.73036,1.00,1.75
2016.09.08 09:51:20.696,1.72998,1.73027,1.00,1.75
2016.09.08 09:51:20.835,1.72997,1.73022,1.00,1.75
2016.09.08 09:51:21.039,1.72994,1.73011,1.00,1.00
2016.09.08 09:51:21.141,1.72994,1.73022,1.00,2.25
2016.09.08 09:51:21.293,1.72996,1.73022,1.00,1.75
2016.09.08 09:51:21.648,1.72995,1.7302,1.00,1.75
2016.09.08 09:51:21.749,1.72997,1.73019,1.00,3.22
2016.09.08 09:51:21.800,1.72994,1.73019,1.00,3.22
2016.09.08 09:51:21.936,1.72997,1.73015,1.00,1.00
2016.09.08 09:51:21.986,1.72997,1.73015,1.00,1.00
2016.09.08 09:51:22.037,1.73004,1.73015,1.00,1.00
2016.09.08 09:51:22.139,1.73004,1.73022,1.00,1.00
2016.09.08 09:51:22.240,1.73004,1.73027,1.00,1.75
2016.09.08 09:51:22.442,1.73006,1.73027,1.00,1.75
2016.09.08 09:51:23.301,1.73004,1.73027,1.00,1.75
2016.09.08 09:51:24.333,1.73003,1.73027,1.00,1.75
2016.09.08 09:51:24.596,1.73,1.73026,1.00,1.75
2016.09.08 09:51:25.210,1.73001,1.73026,1.00,1.75
2016.09.08 09:51:27.904,1.73,1.73026,1.00,1.75
2016.09.08 09:51:28.006,1.73004,1.73026,1.00,1.75
2016.09.08 09:51:28.309,1.73006,1.73027,1.00,1.75
2016.09.08 09:51:29.708,1.73003,1.73026,1.00,1.75
2016.09.08 09:51:29.898,1.73005,1.73026,1.00,1.75
2016.09.08 09:51:29.951,1.73008,1.7303,1.00,1.75
2016.09.08 09:51:30.002,1.73008,1.73034,1.00,2.47
2016.09.08 09:51:30.053,1.73012,1.73034,1.00,1.00
2016.09.08 09:51:30.256,1.73014,1.73034,1.00,1.00
2016.09.08 09:51:30.357,1.73014,1.73035,1.00,1.12
2016.09.08 09:51:31.156,1.73012,1.73035,1.00,1.12
2016.09.08 09:51:31.629,1.73012,1.73034,1.00,1.00
2016.09.08 09:51:32.256,1.73012,1.73041,1.00,2.25
2016.09.08 09:51:32.358,1.73012,1.73041,1.00,2.25
2016.09.08 09:51:35.323,1.73012,1.73039,1.00,1.75
2016.09.08 09:51:35.870,1.73013,1.73039,1.00,1.75
2016.09.08 09:51:38.027,1.73009,1.73039,1.00,1.75
2016.09.08 09:51:38.128,1.73011,1.73039,1.00,1.75
2016.09.08 09:51:38.466,1.73009,1.73039,1.00,1.75
2016.09.08 09:51:40.863,1.73015,1.73042,1.00,1.75
2016.09.08 09:51:40.964,1.73017,1.73041,1.00,1.50
2016.09.08 09:51:41.566,1.73018,1.73041,1.00,1.50
2016.09.08 09:51:41.694,1.73018,1.73042,1.00,1.75
2016.09.08 09:51:42.098,1.73018,1.73042,1.00,1.75
2016.09.08 09:51:42.740,1.73017,1.73042,1.00,1.75
2016.09.08 09:51:42.791,1.73017,1.73042,1.00,1.75
2016.09.08 09:51:43.301,1.73016,1.73042,1.00,1.75
2016.09.08 09:51:44.052,1.73012,1.73042,1.00,1.75
2016.09.08 09:51:44.102,1.73012,1.73041,1.00,1.50
2016.09.08 09:51:44.153,1.7301,1.73041,1.00,1.75
2016.09.08 09:51:44.204,1.7301,1.73041,1.00,1.75
2016.09.08 09:51:48.305,1.73013,1.73041,1.00,1.75
2016.09.08 09:51:48.964,1.73014,1.73041,1.00,1.75
2016.09.08 09:51:49.536,1.73009,1.7304,1.00,1.75
2016.09.08 09:51:49.756,1.73011,1.7304,1.00,1.75
2016.09.08 09:51:49.932,1.73009,1.7304,1.00,1.75
2016.09.08 09:51:50.264,1.73013,1.7304,1.00,1.75
2016.09.08 09:51:50.859,1.73009,1.7304,1.00,1.75
2016.09.08 09:51:55.915,1.73009,1.73041,1.00,1.75
2016.09.08 09:51:59.931,1.73009,1.73035,1.00,1.00
2016.09.08 09:52:10.668,1.73013,1.73035,1.00,1.00
2016.09.08 09:52:12.472,1.7301,1.73035,1.00,1.00
2016.09.08 09:52:12.675,1.73012,1.73035,1.00,1.00
2016.09.08 09:52:13.053,1.73009,1.73035,1.00,1.00
2016.09.08 09:52:18.057,1.73008,1.73035,1.00,1.00
2016.09.08 09:52:18.596,1.7301,1.73035,1.00,1.00
2016.09.08 09:52:19.911,1.7301,1.73039,1.00,1.75
2016.09.08 09:52:20.630,1.73008,1.73039,1.00,2.25
2016.09.08 09:52:20.962,1.7301,1.73039,1.00,1.75
2016.09.08 09:52:21.485,1.73009,1.73039,1.00,1.75
2016.09.08 09:52:21.540,1.73009,1.7304,1.00,2.25
2016.09.08 09:52:21.591,1.73007,1.7304,1.50,2.25
2016.09.08 09:52:21.728,1.73007,1.73039,1.00,1.75
2016.09.08 09:52:21.779,1.73008,1.73039,1.00,3.00
2016.09.08 09:52:24.463,1.73008,1.73039,1.00,3.00
2016.09.08 09:52:25.754,1.73008,1.73039,1.00,1.75
2016.09.08 09:52:25.963,1.73008,1.73034,1.00,1.00
2016.09.08 09:52:26.013,1.73008,1.73034,1.00,1.00
2016.09.08 09:52:26.064,1.73008,1.73034,1.00,1.75
2016.09.08 09:52:26.115,1.73004,1.73034,1.00,1.75
2016.09.08 09:52:26.217,1.73002,1.73033,1.00,1.75
2016.09.08 09:52:26.327,1.73002,1.73024,1.00,1.00
2016.09.08 09:52:26.486,1.72999,1.73024,1.00,1.00
2016.09.08 09:52:28.236,1.72996,1.73024,1.00,1.00
2016.09.08 09:52:28.287,1.72996,1.73024,1.00,1.50
2016.09.08 09:52:28.338,1.72996,1.73024,1.00,1.75
2016.09.08 09:52:28.490,1.72993,1.73024,1.50,1.75
2016.09.08 09:52:29.303,1.72993,1.73024,2.25,1.75
2016.09.08 09:52:29.475,1.72994,1.73024,1.00,1.75
2016.09.08 09:52:29.670,1.72996,1.73024,1.00,1.75
2016.09.08 09:52:29.822,1.72996,1.73027,1.00,2.47
2016.09.08 09:52:29.873,1.72998,1.7303,1.00,1.75
2016.09.08 09:52:29.974,1.72998,1.7303,1.00,1.75
2016.09.08 09:52:30.560,1.72998,1.73029,1.00,1.75
2016.09.08 09:52:31.229,1.72998,1.7303,1.00,1.75
2016.09.08 09:52:31.482,1.72996,1.73029,1.50,2.25
2016.09.08 09:52:31.716,1.72998,1.73029,1.00,1.75
2016.09.08 09:52:32.774,1.72997,1.73028,1.00,1.75
2016.09.08 09:52:34.408,1.72997,1.73025,1.00,1.75
2016.09.08 09:52:35.422,1.72996,1.73025,1.00,1.75
2016.09.08 09:52:35.972,1.72995,1.73025,1.00,1.75
2016.09.08 09:52:36.023,1.72991,1.73023,1.00,1.75
2016.09.08 09:52:36.124,1.72991,1.73021,1.00,1.37
2016.09.08 09:52:36.175,1.72991,1.73021,1.00,1.75
2016.09.08 09:52:36.225,1.72988,1.73018,1.00,1.75
2016.09.08 09:52:36.327,1.72988,1.73018,1.00,1.75
2016.09.08 09:52:37.295,1.72988,1.73018,1.00,1.75
2016.09.08 09:52:40.591,1.72989,1.73018,1.00,1.75
2016.09.08 09:52:41.415,1.72989,1.73019,1.00,1.75
2016.09.08 09:52:41.516,1.72987,1.73018,1.00,1.75
2016.09.08 09:52:42.129,1.72986,1.73018,1.00,2.25
2016.09.08 09:52:44.491,1.72986,1.73017,1.00,1.75
2016.09.08 09:52:47.188,1.72988,1.73017,1.00,1.75
2016.09.08 09:52:47.813,1.72987,1.73017,1.00,1.75
2016.09.08 09:52:48.636,1.72986,1.73017,1.00,1.75
2016.09.08 09:52:51.428,1.72987,1.73017,1.00,1.75
2016.09.08 09:52:51.833,1.72989,1.73017,1.00,1.75
2016.09.08 09:52:51.935,1.72986,1.73017,1.00,1.75
2016.09.08 09:52:53.009,1.72985,1.73017,1.00,2.25
2016.09.08 09:53:00.016,1.72988,1.73017,1.00,1.75
2016.09.08 09:53:01.031,1.72983,1.73014,1.00,1.50
2016.09.08 09:53:01.907,1.72985,1.73016,1.00,1.75
2016.09.08 09:53:10.257,1.72983,1.73014,1.00,1.50
2016.09.08 09:53:10.460,1.72986,1.73016,1.00,2.25
2016.09.08 09:53:10.919,1.72986,1.73016,1.00,1.75
2016.09.08 09:53:11.020,1.72986,1.73016,1.00,2.25
2016.09.08 09:53:11.393,1.72986,1.73016,1.00,3.00
2016.09.08 09:53:11.995,1.72986,1.73016,1.00,3.00
2016.09.08 09:53:12.858,1.72986,1.73016,1.00,3.00
2016.09.08 09:53:14.041,1.72986,1.73016,1.00,1.75
2016.09.08 09:53:14.092,1.72986,1.73016,1.00,1.75
2016.09.08 09:53:14.193,1.72986,1.73016,1.00,1.75
2016.09.08 09:53:14.244,1.72986,1.73016,1.00,3.00
2016.09.08 09:53:14.562,1.72986,1.73016,1.00,3.00
2016.09.08 09:53:14.613,1.72986,1.73016,1.00,2.25
2016.09.08 09:53:21.156,1.72986,1.73016,1.00,1.75
2016.09.08 09:53:24.325,1.72988,1.73017,1.00,2.25
2016.09.08 09:53:24.594,1.72988,1.73017,1.00,2.25
2016.09.08 09:53:24.645,1.72986,1.73016,1.00,1.75
2016.09.08 09:53:25.636,1.72986,1.73016,1.00,1.75
2016.09.08 09:53:25.828,1.72986,1.73016,1.00,1.75
2016.09.08 09:53:26.027,1.72984,1.73015,1.00,1.75
2016.09.08 09:53:31.963,1.72984,1.73015,1.00,1.37
2016.09.08 09:53:32.044,1.72984,1.73015,1.00,1.00
2016.09.08 09:53:34.595,1.72984,1.73015,1.00,1.00
2016.09.08 09:53:35.064,1.72981,1.7301,1.12,1.00
2016.09.08 09:53:38.046,1.72981,1.73011,1.12,1.00
2016.09.08 09:53:40.241,1.72981,1.73009,1.12,1.00
2016.09.08 09:53:42.159,1.72981,1.73011,1.87,1.00
2016.09.08 09:53:42.663,1.72983,1.73014,1.00,1.37
2016.09.08 09:53:50.274,1.7298,1.73013,1.75,1.12
2016.09.08 09:53:50.558,1.72981,1.73014,1.50,1.37
2016.09.08 09:53:50.761,1.72982,1.73015,1.12,1.50
2016.09.08 09:53:51.507,1.72982,1.73015,1.12,1.75
2016.09.08 09:53:53.470,1.72982,1.73015,1.00,1.75
2016.09.08 09:53:53.661,1.7298,1.7301,1.00,1.00
2016.09.08 09:53:53.763,1.72976,1.73008,2.25,1.00
2016.09.08 09:53:53.814,1.72976,1.73008,1.87,1.00
2016.09.08 09:53:53.864,1.72976,1.73008,1.37,1.00
2016.09.08 09:53:53.915,1.72976,1.73008,1.50,1.00
2016.09.08 09:53:54.775,1.72976,1.73008,1.50,1.00
2016.09.08 09:53:54.980,1.72976,1.73005,1.00,1.00
2016.09.08 09:53:55.335,1.72975,1.73004,1.00,1.37
2016.09.08 09:53:55.386,1.72971,1.73001,1.37,1.87
2016.09.08 09:53:55.436,1.72971,1.72998,1.00,1.00
2016.09.08 09:53:55.487,1.72963,1.7299,1.75,1.00
2016.09.08 09:53:55.538,1.72959,1.7299,1.87,1.00
2016.09.08 09:53:55.651,1.72959,1.7299,1.50,1.00
2016.09.08 09:53:55.729,1.72959,1.7299,1.12,1.00
2016.09.08 09:53:55.779,1.72959,1.7299,1.12,1.00
2016.09.08 09:53:55.982,1.72959,1.72989,1.00,1.00
2016.09.08 09:53:56.033,1.72957,1.72989,2.25,1.37
2016.09.08 09:53:56.083,1.72957,1.72987,1.12,1.12
2016.09.08 09:53:56.134,1.72957,1.72987,1.00,1.12
2016.09.08 09:53:56.185,1.72956,1.72988,1.00,1.37
2016.09.08 09:53:56.286,1.72954,1.72986,1.87,1.00
2016.09.08 09:53:56.496,1.72956,1.72988,1.00,1.37
2016.09.08 09:53:56.597,1.72958,1.72989,1.00,1.50
2016.09.08 09:53:56.648,1.72958,1.72989,1.00,1.50
2016.09.08 09:53:56.781,1.72958,1.72989,1.00,1.50
2016.09.08 09:53:56.882,1.72958,1.7299,1.00,3.00
2016.09.08 09:53:56.983,1.72958,1.7299,1.00,3.00
2016.09.08 09:53:57.085,1.72958,1.7299,1.00,2.25
2016.09.08 09:53:57.186,1.72958,1.7299,1.00,1.75
2016.09.08 09:53:57.384,1.72955,1.72988,1.00,1.37
2016.09.08 09:53:57.486,1.72955,1.72988,1.00,1.37
2016.09.08 09:53:57.985,1.72955,1.72988,1.00,1.37
2016.09.08 09:53:58.294,1.72957,1.7299,1.00,3.00
2016.09.08 09:53:58.787,1.72958,1.7299,1.00,3.00
2016.09.08 09:53:58.889,1.72958,1.7299,1.00,3.00
2016.09.08 09:53:58.993,1.72956,1.72986,1.00,1.00
2016.09.08 09:53:59.076,1.72956,1.72986,1.00,1.75
2016.09.08 09:54:04.709,1.72955,1.72986,1.00,1.75
2016.09.08 09:54:05.477,1.72955,1.72985,1.00,1.75
2016.09.08 09:54:05.578,1.72954,1.72984,1.00,1.50
2016.09.08 09:54:05.782,1.72954,1.72982,1.00,1.00
2016.09.08 09:54:05.883,1.72952,1.72982,1.00,1.00
2016.09.08 09:54:05.988,1.72951,1.72981,1.12,1.00
2016.09.08 09:54:06.039,1.72951,1.72981,1.00,1.50
2016.09.08 09:54:06.090,1.72948,1.7298,1.00,1.12
2016.09.08 09:54:06.141,1.72947,1.7298,1.12,1.12
2016.09.08 09:54:06.192,1.72947,1.72977,1.12,1.00
2016.09.08 09:54:06.344,1.72947,1.72977,1.00,1.12
2016.09.08 09:54:06.395,1.72944,1.72977,1.00,1.12
2016.09.08 09:54:08.767,1.72944,1.72977,1.00,1.12
2016.09.08 09:54:09.122,1.72948,1.72978,1.00,1.50
2016.09.08 09:54:10.875,1.72949,1.7298,1.00,1.75
2016.09.08 09:54:22.574,1.72949,1.72978,1.00,1.00
2016.09.08 09:54:22.676,1.72949,1.7298,1.00,1.75
2016.09.08 09:54:27.090,1.72946,1.72978,1.00,1.12
2016.09.08 09:54:27.907,1.72945,1.72976,1.12,1.00
2016.09.08 09:54:28.201,1.72947,1.72977,1.00,1.00
2016.09.08 09:54:28.518,1.72945,1.72976,1.12,1.00
2016.09.08 09:54:32.723,1.72951,1.72976,1.00,1.37
2016.09.08 09:54:32.773,1.72951,1.72975,1.00,1.00
2016.09.08 09:54:32.875,1.72946,1.72975,1.00,1.00
2016.09.08 09:54:32.925,1.72949,1.72975,1.00,1.00
2016.09.08 09:54:33.231,1.72949,1.72982,1.00,2.25
2016.09.08 09:54:33.333,1.72949,1.72982,1.00,2.25
2016.09.08 09:54:33.535,1.72949,1.72982,1.00,2.25
2016.09.08 09:54:33.738,1.72949,1.72982,1.00,2.25
2016.09.08 09:54:33.941,1.72949,1.72982,1.00,2.25
2016.09.08 09:54:34.143,1.72949,1.72982,1.00,2.25
2016.09.08 09:54:34.295,1.72951,1.72982,1.00,1.50
2016.09.08 09:54:34.346,1.72951,1.72982,1.00,1.50
2016.09.08 09:54:34.479,1.72952,1.72984,1.00,1.00
2016.09.08 09:54:34.530,1.72952,1.72984,1.50,1.00
2016.09.08 09:54:34.684,1.72952,1.72984,1.50,1.00
2016.09.08 09:54:35.138,1.72952,1.72984,1.00,1.00
2016.09.08 09:54:35.442,1.72956,1.72984,1.00,1.00
2016.09.08 09:54:38.761,1.72957,1.72984,1.00,1.00
2016.09.08 09:54:38.908,1.72957,1.72985,1.00,1.50
2016.09.08 09:54:38.958,1.72955,1.72985,1.12,1.50
2016.09.08 09:54:39.009,1.72955,1.72985,1.87,1.50
2016.09.08 09:54:39.110,1.72957,1.72985,1.00,1.00
2016.09.08 09:54:39.262,1.72957,1.72988,1.00,1.50
2016.09.08 09:54:40.903,1.72957,1.72988,1.00,1.00
2016.09.08 09:54:42.945,1.72961,1.72988,1.00,1.00
2016.09.08 09:54:43.271,1.72965,1.72989,1.00,1.00
2016.09.08 09:54:43.548,1.72961,1.72989,1.00,1.00
2016.09.08 09:54:44.282,1.72963,1.72993,1.00,1.75
2016.09.08 09:54:44.333,1.72968,1.72998,1.00,1.75
2016.09.08 09:54:44.384,1.72968,1.73,1.00,3.00
2016.09.08 09:54:44.434,1.72972,1.73,1.00,1.75
2016.09.08 09:54:44.536,1.72972,1.73001,1.00,1.37
2016.09.08 09:54:44.586,1.72972,1.73001,1.00,1.00
2016.09.08 09:54:44.738,1.72973,1.73004,1.00,1.50
2016.09.08 09:54:44.789,1.72973,1.73004,1.00,1.50
2016.09.08 09:54:45.153,1.72975,1.73004,1.00,1.50
2016.09.08 09:54:45.461,1.72974,1.73005,1.00,1.75
2016.09.08 09:54:45.664,1.72982,1.73012,1.00,2.25
2016.09.08 09:54:45.714,1.72985,1.73012,1.00,1.75
2016.09.08 09:54:45.765,1.72986,1.73012,1.00,1.37
2016.09.08 09:54:45.820,1.72986,1.73012,1.00,1.00
2016.09.08 09:54:46.125,1.72986,1.73016,1.12,1.37
2016.09.08 09:54:46.176,1.72986,1.73016,1.12,1.37
2016.09.08 09:54:46.299,1.72986,1.73016,1.12,1.00
2016.09.08 09:54:46.351,1.72989,1.73019,1.00,1.87
2016.09.08 09:54:46.402,1.72989,1.73019,1.00,1.87
2016.09.08 09:54:46.503,1.72989,1.73019,1.00,1.87
2016.09.08 09:54:46.554,1.72989,1.73019,1.00,1.37
2016.09.08 09:54:46.756,1.72988,1.73021,1.00,1.75
2016.09.08 09:54:47.157,1.72986,1.73019,1.12,1.37
2016.09.08 09:54:47.511,1.72988,1.7302,1.00,1.50
2016.09.08 09:54:48.653,1.72991,1.73022,1.00,1.75
2016.09.08 09:54:48.754,1.72991,1.73022,1.00,2.25
2016.09.08 09:54:48.805,1.72991,1.73022,1.00,1.87
2016.09.08 09:54:48.856,1.72991,1.73024,1.00,1.75
2016.09.08 09:54:49.715,1.72995,1.73027,1.00,1.75
2016.09.08 09:54:49.817,1.72992,1.73025,1.00,1.75
2016.09.08 09:54:49.918,1.72988,1.73021,1.75,1.00
2016.09.08 09:54:50.020,1.72988,1.73019,1.75,1.00
2016.09.08 09:54:50.071,1.72988,1.73019,1.37,1.12
2016.09.08 09:54:50.121,1.72985,1.73017,1.50,1.00
2016.09.08 09:54:50.223,1.72985,1.73017,1.50,1.00
2016.09.08 09:54:50.324,1.72985,1.73016,1.00,1.00
2016.09.08 09:54:50.476,1.72983,1.73014,1.37,1.37
2016.09.08 09:54:50.527,1.72983,1.73014,1.00,1.37
2016.09.08 09:54:50.932,1.7298,1.73011,1.37,1.00
2016.09.08 09:54:50.983,1.7298,1.73011,1.37,1.00
2016.09.08 09:54:51.033,1.72979,1.7301,1.50,1.00
2016.09.08 09:54:51.084,1.72979,1.7301,1.12,1.12
2016.09.08 09:54:51.135,1.72979,1.7301,1.00,1.50
2016.09.08 09:54:52.316,1.7298,1.7301,1.00,1.00
2016.09.08 09:54:52.418,1.7298,1.7301,1.00,1.00
2016.09.08 09:54:52.620,1.72981,1.7301,1.00,1.00
2016.09.08 09:54:53.020,1.72984,1.7301,1.00,1.00
2016.09.08 09:54:53.368,1.72986,1.7301,1.00,1.00
2016.09.08 09:54:53.560,1.72986,1.73016,1.00,1.75
2016.09.08 09:54:53.611,1.72986,1.73014,1.00,1.00
2016.09.08 09:54:54.043,1.72983,1.73014,1.00,1.50
2016.09.08 09:54:54.146,1.72981,1.73013,1.00,1.37
2016.09.08 09:54:54.197,1.72981,1.73013,1.00,1.37
2016.09.08 09:54:54.248,1.7298,1.7301,1.00,1.00
2016.09.08 09:54:54.419,1.72978,1.7301,1.00,1.00
2016.09.08 09:54:54.919,1.72979,1.7301,1.00,1.00
2016.09.08 09:54:55.530,1.7298,1.7301,1.00,1.00
2016.09.08 09:54:55.632,1.7298,1.7301,1.00,1.00
2016.09.08 09:54:55.734,1.72978,1.7301,1.00,1.00
2016.09.08 09:54:55.945,1.72978,1.73009,1.00,1.00
2016.09.08 09:54:58.724,1.72976,1.7301,1.00,1.00
2016.09.08 09:54:59.235,1.72976,1.7301,1.50,1.00
2016.09.08 09:55:00.237,1.72976,1.7301,1.00,1.00
2016.09.08 09:55:01.045,1.72976,1.7301,1.00,1.00
2016.09.08 09:55:02.651,1.72977,1.7301,1.00,1.00
2016.09.08 09:55:02.926,1.72976,1.7301,1.50,1.00
2016.09.08 09:55:04.447,1.72977,1.7301,1.00,1.00
2016.09.08 09:55:06.051,1.72977,1.7301,1.00,1.00
2016.09.08 09:55:07.555,1.72977,1.7301,1.00,1.00
2016.09.08 09:55:08.355,1.72977,1.7301,1.00,1.00
2016.09.08 09:55:08.659,1.72977,1.7301,1.00,1.00
2016.09.08 09:55:09.063,1.72977,1.7301,1.00,1.00
2016.09.08 09:55:09.165,1.72976,1.7301,1.00,1.00
2016.09.08 09:55:10.162,1.72976,1.7301,1.00,1.00
2016.09.08 09:55:10.264,1.72976,1.7301,1.50,1.00
2016.09.08 09:55:10.759,1.72976,1.7301,1.50,1.00
2016.09.08 09:55:10.954,1.72977,1.7301,1.00,1.00
2016.09.08 09:55:11.055,1.72979,1.7301,1.00,1.00
2016.09.08 09:55:11.267,1.72981,1.7301,1.00,1.00
2016.09.08 09:55:11.369,1.72981,1.73015,1.00,1.75
2016.09.08 09:55:11.571,1.72981,1.73014,1.00,1.50
2016.09.08 09:55:11.976,1.72977,1.73014,1.50,1.50
2016.09.08 09:55:12.075,1.72978,1.73015,1.12,1.75
2016.09.08 09:55:12.278,1.72977,1.73013,1.50,1.12
2016.09.08 09:55:12.429,1.72977,1.73012,1.50,1.00
2016.09.08 09:55:12.726,1.72977,1.73013,1.50,1.87
2016.09.08 09:55:12.883,1.72977,1.73013,2.25,1.12
2016.09.08 09:55:13.085,1.72977,1.73012,1.50,1.00
2016.09.08 09:55:18.844,1.72977,1.73011,1.50,1.00
2016.09.08 09:55:19.185,1.72977,1.73013,1.50,1.12
2016.09.08 09:55:19.391,1.72977,1.73013,2.25,1.12
2016.09.08 09:55:20.609,1.72977,1.73013,1.50,1.12
2016.09.08 09:55:20.768,1.72977,1.73014,1.37,1.75
2016.09.08 09:55:20.819,1.72977,1.73014,1.00,1.75
2016.09.08 09:55:20.989,1.72977,1.73012,1.00,1.75
2016.09.08 09:55:21.293,1.72977,1.73014,1.50,1.75
2016.09.08 09:55:21.344,1.72977,1.73014,1.37,1.75
2016.09.08 09:55:21.395,1.72979,1.73016,1.00,1.75
2016.09.08 09:55:21.446,1.72979,1.73014,1.12,1.00
2016.09.08 09:55:22.149,1.72979,1.73014,1.87,1.00
2016.09.08 09:55:23.237,1.72979,1.73014,1.50,1.00
2016.09.08 09:55:23.287,1.72979,1.73014,1.00,1.00
2016.09.08 09:55:23.389,1.72979,1.73014,1.00,1.00
2016.09.08 09:55:23.749,1.72979,1.73014,1.00,2.25
2016.09.08 09:55:24.650,1.72979,1.73014,1.00,1.50
2016.09.08 09:55:24.774,1.72979,1.73014,1.00,1.00
2016.09.08 09:55:24.875,1.72979,1.73014,1.50,1.00
2016.09.08 09:55:24.991,1.72979,1.73014,1.00,1.00
2016.09.08 09:55:25.648,1.72979,1.73014,1.12,1.00
2016.09.08 09:55:25.993,1.72979,1.73014,1.00,1.00
2016.09.08 09:55:26.491,1.72979,1.73014,1.50,1.00
2016.09.08 09:55:26.600,1.72979,1.73014,2.25,1.00
2016.09.08 09:55:26.747,1.72979,1.73014,1.87,1.00
2016.09.08 09:55:27.058,1.7298,1.73014,1.00,1.00
2016.09.08 09:55:27.161,1.7298,1.73014,1.37,1.00
2016.09.08 09:55:27.262,1.72979,1.73014,1.50,1.00
2016.09.08 09:55:27.456,1.72979,1.73014,1.12,1.00
2016.09.08 09:55:27.557,1.72979,1.73014,1.00,1.00
2016.09.08 09:55:27.978,1.72979,1.73014,1.50,1.00
2016.09.08 09:55:28.080,1.72979,1.7301,1.00,1.00
2016.09.08 09:55:28.181,1.72973,1.7301,1.50,1.12
2016.09.08 09:55:28.232,1.72973,1.7301,1.50,1.50
2016.09.08 09:55:28.383,1.72974,1.73009,1.12,1.12
2016.09.08 09:55:28.562,1.72974,1.73011,1.12,1.75
2016.09.08 09:55:29.768,1.72973,1.73011,2.25,1.75
2016.09.08 09:55:31.755,1.72974,1.73011,1.12,1.75
2016.09.08 09:55:32.464,1.72974,1.73011,1.12,1.75
2016.09.08 09:55:32.926,1.72974,1.73011,1.50,1.75
2016.09.08 09:55:32.976,1.72977,1.73012,1.12,1.75
2016.09.08 09:55:33.027,1.72987,1.73012,1.00,1.37
2016.09.08 09:55:33.078,1.72987,1.73014,1.00,1.00
2016.09.08 09:55:33.129,1.72982,1.73017,1.87,1.87
2016.09.08 09:55:33.180,1.72982,1.73016,1.75,1.00
2016.09.08 09:55:33.232,1.72982,1.73016,1.37,1.12
2016.09.08 09:55:33.282,1.72982,1.73016,1.00,2.25
2016.09.08 09:55:33.333,1.72978,1.73016,1.75,3.00
2016.09.08 09:55:33.385,1.72976,1.73012,1.75,1.00
2016.09.08 09:55:33.487,1.72976,1.73012,2.25,1.50
2016.09.08 09:55:33.537,1.72976,1.73012,1.87,1.87
2016.09.08 09:55:33.645,1.72976,1.73012,1.12,2.25
2016.09.08 09:55:33.696,1.72976,1.73012,1.12,3.00
2016.09.08 09:55:33.966,1.72976,1.73012,1.12,2.25
2016.09.08 09:55:35.258,1.72977,1.73009,1.00,1.00
2016.09.08 09:55:35.360,1.72976,1.73007,1.12,1.00
2016.09.08 09:55:35.511,1.72975,1.73007,1.50,1.00
2016.09.08 09:55:35.760,1.72975,1.73009,1.50,1.00
2016.09.08 09:55:36.163,1.72975,1.73007,1.50,1.00
2016.09.08 09:55:36.485,1.72976,1.73008,1.12,1.00
2016.09.08 09:55:37.604,1.72975,1.73007,1.50,1.00
2016.09.08 09:55:37.706,1.72975,1.73007,1.50,1.00
2016.09.08 09:55:39.293,1.72973,1.73007,1.75,1.00
2016.09.08 09:55:39.496,1.72972,1.73005,3.00,1.00
2016.09.08 09:55:39.963,1.72974,1.73006,1.75,1.00
2016.09.08 09:55:40.576,1.72975,1.73009,1.50,1.00
2016.09.08 09:55:40.627,1.72987,1.73009,1.37,1.00
2016.09.08 09:55:40.678,1.72993,1.73011,1.00,1.50
2016.09.08 09:55:40.730,1.72993,1.73016,1.50,1.12
2016.09.08 09:55:40.782,1.72998,1.73018,1.00,1.75
2016.09.08 09:55:40.889,1.73001,1.73018,1.00,1.37
2016.09.08 09:55:40.951,1.73001,1.7303,1.00,1.50
2016.09.08 09:55:41.103,1.72998,1.7303,1.00,2.25
2016.09.08 09:55:41.813,1.72999,1.7303,1.00,1.50
2016.09.08 09:55:41.965,1.72998,1.7303,1.50,1.50
2016.09.08 09:55:42.087,1.72996,1.73029,1.00,1.37
2016.09.08 09:55:43.226,1.72996,1.73029,1.00,1.37
2016.09.08 09:55:44.005,1.72996,1.73029,1.37,1.37
2016.09.08 09:55:44.056,1.72998,1.73029,2.59,1.37
2016.09.08 09:55:44.107,1.73007,1.73029,1.00,1.00
2016.09.08 09:55:44.158,1.7301,1.73029,1.12,1.00
2016.09.08 09:55:44.208,1.73013,1.73042,1.00,1.37
2016.09.08 09:55:44.310,1.73014,1.73047,1.00,2.25
2016.09.08 09:55:44.519,1.73014,1.73047,1.00,1.50
2016.09.08 09:55:45.830,1.73017,1.73048,1.00,1.75
2016.09.08 09:55:46.840,1.73021,1.73048,1.00,1.75
2016.09.08 09:55:46.891,1.73021,1.7305,1.50,1.75
2016.09.08 09:55:47.061,1.73021,1.73053,1.50,2.25
2016.09.08 09:55:47.112,1.73021,1.7305,1.00,1.00
2016.09.08 09:55:47.713,1.73022,1.7305,1.00,1.00
2016.09.08 09:55:48.102,1.73026,1.73053,1.00,2.25
2016.09.08 09:55:48.406,1.73026,1.73053,1.00,1.50
2016.09.08 09:55:48.456,1.73026,1.73053,1.00,1.75
2016.09.08 09:55:48.507,1.73026,1.73045,1.00,1.00
2016.09.08 09:55:48.558,1.73026,1.73053,1.00,1.75
2016.09.08 09:55:48.609,1.73026,1.73051,1.00,1.50
2016.09.08 09:55:48.811,1.73026,1.73053,1.00,1.75
2016.09.08 09:55:48.973,1.73026,1.73051,1.00,1.50
2016.09.08 09:55:49.176,1.73026,1.73055,1.00,2.25
2016.09.08 09:55:49.318,1.73026,1.73056,1.00,3.00
2016.09.08 09:55:50.110,1.73026,1.73054,1.00,1.75
2016.09.08 09:55:50.757,1.73027,1.73054,1.00,1.75
2016.09.08 09:55:51.117,1.73022,1.73054,1.00,1.75
2016.09.08 09:55:51.218,1.73021,1.73049,1.00,1.00
2016.09.08 09:55:51.320,1.73016,1.73048,2.25,1.50
2016.09.08 09:55:51.370,1.73016,1.73048,1.87,1.87
2016.09.08 09:55:51.421,1.73016,1.73048,1.50,2.25
2016.09.08 09:55:51.522,1.73016,1.73048,1.50,1.50
2016.09.08 09:55:51.573,1.73016,1.73048,1.87,1.37
2016.09.08 09:55:51.624,1.73016,1.73047,2.25,1.00
2016.09.08 09:55:51.675,1.73016,1.73047,1.87,1.00
2016.09.08 09:55:51.823,1.73016,1.73046,1.00,1.00
2016.09.08 09:55:52.215,1.73016,1.73041,1.00,1.00
2016.09.08 09:55:52.316,1.73014,1.73044,1.00,1.50
2016.09.08 09:55:52.367,1.73012,1.73044,1.50,1.50
2016.09.08 09:55:52.417,1.73012,1.73042,1.50,1.00
2016.09.08 09:55:52.468,1.73012,1.73042,1.37,1.00
2016.09.08 09:55:52.519,1.73009,1.73042,1.00,1.12
2016.09.08 09:55:52.799,1.73009,1.7304,1.00,1.00
2016.09.08 09:55:53.103,1.73011,1.73039,1.00,1.00
2016.09.08 09:55:53.255,1.73011,1.73039,1.37,1.00
2016.09.08 09:55:53.306,1.73021,1.73039,1.00,1.00
2016.09.08 09:55:53.407,1.73021,1.73049,1.00,1.12
2016.09.08 09:55:53.458,1.73021,1.7305,1.00,1.50
2016.09.08 09:55:53.509,1.73022,1.73051,1.00,2.62
2016.09.08 09:55:53.560,1.73022,1.73052,1.00,1.87
2016.09.08 09:55:53.661,1.73022,1.73052,1.00,1.00
2016.09.08 09:55:53.770,1.73022,1.73053,1.50,1.00
2016.09.08 09:55:53.821,1.73023,1.73053,1.00,1.00
2016.09.08 09:55:54.331,1.73023,1.73054,1.00,1.00
2016.09.08 09:55:54.636,1.73032,1.73054,1.00,1.00
2016.09.08 09:55:54.737,1.73028,1.73054,1.00,1.00
2016.09.08 09:55:54.916,1.73025,1.73054,1.00,1.00
2016.09.08 09:55:55.068,1.73026,1.73054,1.00,1.50
2016.09.08 09:55:55.118,1.73021,1.73052,1.50,1.00
2016.09.08 09:55:55.220,1.73022,1.73053,1.00,1.00
2016.09.08 09:55:55.321,1.7302,1.73052,1.50,1.00
2016.09.08 09:55:55.423,1.7302,1.73049,1.00,1.00
2016.09.08 09:55:55.575,1.7302,1.73049,1.00,1.50
2016.09.08 09:55:55.626,1.73021,1.73049,1.00,1.00
2016.09.08 09:55:56.016,1.73022,1.73052,1.00,1.00
2016.09.08 09:55:56.118,1.73022,1.7305,1.00,1.00
2016.09.08 09:55:56.421,1.7302,1.73048,1.00,1.00
2016.09.08 09:55:56.573,1.73019,1.73048,1.50,1.00
2016.09.08 09:55:56.724,1.73022,1.73048,1.00,1.00
2016.09.08 09:55:57.118,1.73019,1.73048,1.50,1.00
2016.09.08 09:55:57.573,1.73018,1.73046,1.37,1.00
2016.09.08 09:55:57.624,1.73016,1.73046,1.37,1.00
2016.09.08 09:55:57.710,1.73013,1.73046,1.50,1.50
2016.09.08 09:55:57.761,1.73016,1.73046,1.00,1.00
2016.09.08 09:55:57.812,1.73021,1.7305,1.00,1.75
2016.09.08 09:55:57.862,1.73021,1.73052,1.00,3.00
2016.09.08 09:55:57.913,1.73021,1.73052,1.00,2.25
2016.09.08 09:55:57.964,1.73021,1.73051,1.00,1.37
2016.09.08 09:55:58.066,1.73021,1.73051,1.00,1.00
2016.09.08 09:55:58.613,1.73021,1.73052,1.00,1.00
2016.09.08 09:55:59.723,1.73021,1.73052,1.50,1.00
2016.09.08 09:55:59.824,1.73021,1.73052,1.00,1.00
2016.09.08 09:55:59.875,1.73021,1.73052,1.00,1.50
2016.09.08 09:55:59.994,1.73018,1.73046,1.00,1.00
2016.09.08 09:56:00.045,1.73013,1.73046,1.50,1.50
2016.09.08 09:56:00.095,1.73012,1.73039,1.87,1.00
2016.09.08 09:56:00.146,1.73011,1.73039,1.00,1.00
2016.09.08 09:56:00.776,1.73012,1.73039,1.00,1.00
2016.09.08 09:56:01.221,1.73007,1.73039,1.00,1.00
2016.09.08 09:56:01.372,1.73007,1.73036,1.00,1.00
2016.09.08 09:56:01.524,1.73007,1.73035,1.50,1.00
2016.09.08 09:56:02.146,1.73007,1.73035,1.00,1.50
2016.09.08 09:56:02.197,1.73004,1.73029,1.37,1.00
2016.09.08 09:56:02.248,1.73002,1.73029,1.75,1.00
2016.09.08 09:56:02.299,1.72997,1.73028,1.87,1.50
2016.09.08 09:56:02.350,1.72998,1.73028,1.00,1.50
2016.09.08 09:56:02.400,1.72998,1.73025,1.00,1.00
2016.09.08 09:56:03.192,1.72998,1.73024,1.00,1.00
2016.09.08 09:56:03.394,1.72996,1.73024,1.37,1.00
2016.09.08 09:56:03.445,1.72996,1.73024,1.00,1.00
2016.09.08 09:56:03.495,1.72996,1.73027,1.00,1.00
2016.09.08 09:56:03.785,1.72996,1.73029,1.50,2.62
2016.09.08 09:56:04.216,1.72996,1.73027,1.00,1.00
2016.09.08 09:56:04.267,1.72996,1.73027,1.00,1.50
2016.09.08 09:56:04.459,1.72997,1.73027,1.00,1.50
2016.09.08 09:56:04.660,1.72997,1.73027,1.00,1.00
2016.09.08 09:56:05.263,1.72997,1.73027,1.00,1.00
2016.09.08 09:56:05.365,1.72996,1.73027,1.00,1.50
2016.09.08 09:56:05.769,1.72997,1.73027,1.00,1.00
2016.09.08 09:56:06.316,1.72997,1.73026,1.00,1.00
2016.09.08 09:56:06.771,1.72997,1.73026,1.50,1.00
2016.09.08 09:56:06.973,1.72997,1.73026,1.00,1.00
2016.09.08 09:56:07.525,1.72997,1.73025,1.00,1.00
2016.09.08 09:56:07.976,1.72996,1.73025,1.00,1.00
2016.09.08 09:56:08.027,1.72997,1.73027,1.12,1.00
2016.09.08 09:56:08.078,1.72997,1.73027,1.50,1.00
2016.09.08 09:56:08.194,1.72997,1.73027,1.50,1.00
2016.09.08 09:56:08.245,1.72999,1.73032,1.00,1.12
2016.09.08 09:56:08.346,1.73017,1.73032,1.00,1.12
2016.09.08 09:56:08.397,1.73017,1.73036,1.00,1.37
2016.09.08 09:56:08.448,1.73007,1.73038,1.87,1.12
2016.09.08 09:56:08.498,1.73014,1.73036,1.00,1.00
2016.09.08 09:56:08.650,1.73006,1.73031,1.00,1.00
2016.09.08 09:56:09.579,1.73002,1.73031,1.75,1.00
2016.09.08 09:56:09.732,1.73007,1.73031,1.00,1.00
2016.09.08 09:56:09.984,1.73007,1.73032,1.00,1.12
2016.09.08 09:56:10.035,1.73007,1.73034,1.00,1.75
2016.09.08 09:56:10.136,1.73012,1.73034,1.00,1.75
2016.09.08 09:56:10.237,1.73012,1.73036,1.00,1.75
2016.09.08 09:56:10.289,1.73012,1.73036,1.00,1.37
2016.09.08 09:56:10.339,1.73012,1.73039,1.00,1.75
2016.09.08 09:56:10.391,1.73012,1.73038,1.00,1.00
2016.09.08 09:56:11.131,1.73007,1.73038,1.50,1.00
2016.09.08 09:56:11.232,1.73012,1.73038,1.00,1.00
2016.09.08 09:56:11.333,1.73007,1.73038,1.00,1.50
2016.09.08 09:56:11.435,1.73007,1.73034,1.00,1.00
2016.09.08 09:56:11.650,1.73004,1.73034,1.50,1.00
2016.09.08 09:56:11.903,1.73004,1.73034,1.00,1.00
2016.09.08 09:56:11.954,1.73007,1.73034,1.00,1.00
2016.09.08 09:56:12.258,1.73004,1.73035,1.00,1.50
2016.09.08 09:56:12.309,1.72999,1.7303,1.37,1.12
2016.09.08 09:56:12.360,1.72999,1.7303,1.00,1.50
2016.09.08 09:56:12.458,1.73001,1.7303,1.00,1.50
2016.09.08 09:56:12.517,1.73001,1.73031,1.00,1.75
2016.09.08 09:56:12.568,1.73001,1.73031,1.12,1.75
2016.09.08 09:56:12.620,1.73002,1.73032,1.00,1.37
2016.09.08 09:56:12.671,1.73002,1.73031,1.87,1.00
2016.09.08 09:56:12.722,1.73002,1.73031,1.87,1.00
2016.09.08 09:56:13.133,1.73002,1.73031,1.87,1.00
2016.09.08 09:56:13.184,1.73006,1.73031,1.00,1.00
2016.09.08 09:56:13.285,1.73006,1.73033,1.00,1.00
2016.09.08 09:56:13.408,1.73006,1.73036,1.00,1.00
2016.09.08 09:56:14.553,1.73005,1.73036,1.00,1.00
2016.09.08 09:56:14.655,1.73004,1.73033,1.00,1.00
2016.09.08 09:56:14.705,1.73004,1.73033,1.00,1.00
2016.09.08 09:56:15.211,1.73004,1.73032,1.00,1.00
2016.09.08 09:56:16.306,1.73004,1.73033,1.00,1.00
2016.09.08 09:56:20.150,1.73004,1.73031,1.00,1.00
2016.09.08 09:56:26.631,1.73004,1.7303,1.00,1.00
2016.09.08 09:56:27.226,1.73001,1.7303,1.87,1.00
2016.09.08 09:56:27.277,1.73001,1.7303,1.50,1.00
2016.09.08 09:56:27.913,1.73001,1.73031,1.50,1.00
2016.09.08 09:56:28.166,1.73002,1.73031,1.00,1.00
2016.09.08 09:56:28.792,1.73002,1.7303,1.00,1.00
2016.09.08 09:56:29.112,1.72997,1.73028,1.87,1.00
2016.09.08 09:56:29.217,1.72997,1.73025,1.00,1.00
2016.09.08 09:56:29.522,1.73001,1.73028,1.00,1.50
2016.09.08 09:56:29.625,1.73002,1.73028,1.00,1.00
2016.09.08 09:56:29.778,1.73,1.73028,1.00,1.00
2016.09.08 09:56:29.829,1.73002,1.73028,1.00,1.00
2016.09.08 09:56:29.977,1.73002,1.73032,1.00,1.75
2016.09.08 09:56:30.334,1.73003,1.73034,1.00,1.75
2016.09.08 09:56:30.385,1.73003,1.73036,1.50,1.75
2016.09.08 09:56:30.763,1.73003,1.73033,1.50,1.75
2016.09.08 09:56:30.814,1.73003,1.73033,1.00,1.75
2016.09.08 09:56:31.080,1.73001,1.73032,1.00,1.75
2016.09.08 09:56:31.232,1.73005,1.73035,1.00,1.75
2016.09.08 09:56:31.283,1.73005,1.73037,1.12,1.00
2016.09.08 09:56:31.334,1.73001,1.7303,2.25,1.00
2016.09.08 09:56:31.385,1.73,1.7303,1.75,1.00
2016.09.08 09:56:31.435,1.72999,1.7303,1.75,1.00
2016.09.08 09:56:31.486,1.72999,1.7303,1.12,1.00
2016.09.08 09:56:31.537,1.73,1.73032,1.00,1.00
2016.09.08 09:56:31.890,1.73002,1.73032,1.00,1.00
2016.09.08 09:56:31.941,1.73002,1.73035,1.87,1.87
2016.09.08 09:56:31.992,1.73002,1.73035,1.50,1.50
2016.09.08 09:56:32.043,1.73002,1.73035,1.50,1.50
2016.09.08 09:56:32.145,1.73,1.73032,1.37,1.00
2016.09.08 09:56:32.195,1.73,1.73032,1.00,1.12
2016.09.08 09:56:32.440,1.72999,1.7303,1.12,1.00
2016.09.08 09:56:32.736,1.72997,1.73027,1.50,1.00
2016.09.08 09:56:32.786,1.72996,1.73027,1.75,1.00
2016.09.08 09:56:32.837,1.72996,1.73024,1.75,1.00
2016.09.08 09:56:32.888,1.72996,1.73024,1.00,1.00
2016.09.08 09:56:33.196,1.72992,1.73024,1.12,1.00
2016.09.08 09:56:33.331,1.72991,1.73023,3.00,1.00
2016.09.08 09:56:33.625,1.72992,1.73024,1.12,1.00
2016.09.08 09:56:35.822,1.72992,1.73024,1.12,1.00
2016.09.08 09:56:37.659,1.72995,1.73026,1.00,1.00
2016.09.08 09:56:37.861,1.72995,1.73026,1.00,1.00
2016.09.08 09:56:38.463,1.72993,1.73025,1.00,1.00
2016.09.08 09:56:38.565,1.72991,1.73024,3.00,1.00
2016.09.08 09:56:38.869,1.72991,1.73022,2.25,1.00
2016.09.08 09:56:38.970,1.72992,1.73019,1.12,1.00
2016.09.08 09:56:39.479,1.72992,1.73018,1.12,1.00
2016.09.08 09:56:39.976,1.72991,1.73018,1.50,1.00
2016.09.08 09:56:40.264,1.72991,1.73019,1.50,1.00
2016.09.08 09:56:40.365,1.72987,1.73015,1.50,1.00
2016.09.08 09:56:40.416,1.72987,1.73015,1.00,1.00
2016.09.08 09:56:40.467,1.72985,1.73013,1.37,1.00
2016.09.08 09:56:40.517,1.72985,1.73013,1.00,1.12
2016.09.08 09:56:40.568,1.7298,1.73013,1.50,1.12
2016.09.08 09:56:40.669,1.72982,1.73015,1.00,1.75
2016.09.08 09:56:41.173,1.72982,1.73014,1.00,1.50
2016.09.08 09:56:41.334,1.72982,1.73015,1.00,1.75
2016.09.08 09:56:41.672,1.72982,1.73014,1.00,1.50
2016.09.08 09:56:41.911,1.72982,1.73015,1.00,1.75
2016.09.08 09:56:42.435,1.72985,1.73016,1.00,2.25
2016.09.08 09:56:42.487,1.72985,1.73016,1.37,2.25
2016.09.08 09:56:42.539,1.72992,1.73016,1.00,1.75
2016.09.08 09:56:42.591,1.72992,1.73022,1.00,2.47
2016.09.08 09:56:42.743,1.72992,1.73022,1.00,2.47
2016.09.08 09:56:42.794,1.72992,1.73022,1.37,2.10
2016.09.08 09:56:42.844,1.72992,1.73025,1.75,1.00
2016.09.08 09:56:43.076,1.72992,1.73025,1.75,1.50
2016.09.08 09:56:43.275,1.72995,1.73025,1.12,1.00
2016.09.08 09:56:44.272,1.72995,1.73026,1.12,1.00
2016.09.08 09:56:44.323,1.72996,1.73028,1.00,1.87
2016.09.08 09:56:44.374,1.72996,1.73028,1.00,1.87
2016.09.08 09:56:44.781,1.72996,1.73028,1.00,1.12
2016.09.08 09:56:45.282,1.72995,1.73027,1.12,1.00
2016.09.08 09:56:46.114,1.72995,1.73028,1.12,1.12
2016.09.08 09:56:50.362,1.72996,1.73028,1.00,1.12
2016.09.08 09:56:51.448,1.72994,1.73028,1.37,1.12
2016.09.08 09:56:51.954,1.72996,1.73028,1.00,1.12
2016.09.08 09:56:54.166,1.72996,1.73028,1.00,1.12
2016.09.08 09:56:54.565,1.72993,1.73028,1.50,1.12
2016.09.08 09:56:54.709,1.72993,1.73028,1.50,1.12
2016.09.08 09:56:55.963,1.72992,1.73028,2.25,1.12
2016.09.08 09:56:56.014,1.72992,1.73028,3.00,1.12
2016.09.08 09:56:56.075,1.72997,1.73031,1.75,1.12
2016.09.08 09:56:56.177,1.72997,1.7303,1.75,1.00
2016.09.08 09:56:56.278,1.72997,1.73033,1.75,3.75
2016.09.08 09:56:56.371,1.72998,1.73033,1.50,3.75
2016.09.08 09:56:56.523,1.72998,1.73033,1.50,3.00
2016.09.08 09:56:57.273,1.72998,1.73031,1.50,1.12
2016.09.08 09:56:57.375,1.72998,1.73029,1.50,1.00
2016.09.08 09:56:57.503,1.72994,1.73028,1.37,1.37
2016.09.08 09:56:57.554,1.72994,1.73027,1.00,1.00
2016.09.08 09:56:57.780,1.72994,1.73027,1.00,1.00
2016.09.08 09:56:57.983,1.72995,1.73027,1.00,1.00
2016.09.08 09:56:58.034,1.72995,1.73031,1.75,3.37
2016.09.08 09:56:58.084,1.72995,1.7303,1.75,1.00
2016.09.08 09:56:58.970,1.72994,1.7303,2.25,1.50
2016.09.08 09:56:59.083,1.72994,1.7303,2.25,2.25
2016.09.08 09:56:59.134,1.72994,1.7303,1.50,3.00
2016.09.08 09:56:59.185,1.72994,1.7303,1.50,1.75
2016.09.08 09:56:59.769,1.72994,1.73029,1.50,1.75
2016.09.08 09:56:59.859,1.72994,1.73029,1.00,2.25
2016.09.08 09:57:02.992,1.72994,1.73029,1.00,1.75
2016.09.08 09:57:03.043,1.72994,1.73029,1.00,3.22
2016.09.08 09:57:03.095,1.72996,1.73028,1.00,1.75
2016.09.08 09:57:03.440,1.72995,1.73026,1.00,1.75
2016.09.08 09:57:03.651,1.72995,1.73026,1.00,1.50
2016.09.08 09:57:03.702,1.72997,1.73029,1.12,1.75
2016.09.08 09:57:03.752,1.72999,1.73032,1.00,1.75
2016.09.08 09:57:03.803,1.73001,1.73032,1.12,1.75
2016.09.08 09:57:04.006,1.73003,1.73032,1.00,1.75
2016.09.08 09:57:04.250,1.73003,1.73032,1.00,1.00
2016.09.08 09:57:04.301,1.73003,1.73035,1.00,1.50
2016.09.08 09:57:04.708,1.73,1.73034,1.50,1.12
2016.09.08 09:57:04.809,1.72999,1.73034,1.75,1.12
2016.09.08 09:57:04.860,1.72999,1.73032,1.00,1.75
2016.09.08 09:57:04.911,1.73,1.73032,1.00,1.75
2016.09.08 09:57:05.135,1.73,1.73032,1.00,2.25
2016.09.08 09:57:05.596,1.73,1.7303,1.00,1.75
2016.09.08 09:57:05.647,1.73,1.7303,1.00,1.75
2016.09.08 09:57:05.698,1.73,1.73031,1.00,1.75
2016.09.08 09:57:05.900,1.72999,1.73031,1.50,1.75
2016.09.08 09:57:06.438,1.72999,1.73032,1.50,2.25
2016.09.08 09:57:06.836,1.72999,1.73032,1.50,1.87
2016.09.08 09:57:06.887,1.72999,1.73032,1.87,1.87
2016.09.08 09:57:06.938,1.72999,1.73033,1.87,3.37
2016.09.08 09:57:07.038,1.72999,1.73033,1.87,3.75
2016.09.08 09:57:07.089,1.72999,1.73033,1.50,3.75
2016.09.08 09:57:07.664,1.73,1.73033,1.00,3.75
2016.09.08 09:57:07.715,1.73,1.73032,1.00,2.25
2016.09.08 09:57:07.817,1.73,1.73032,1.00,1.75
2016.09.08 09:57:07.868,1.73,1.73032,1.00,2.25
2016.09.08 09:57:08.019,1.73,1.73031,1.00,1.75
2016.09.08 09:57:08.144,1.73,1.73033,1.00,3.00
2016.09.08 09:57:08.871,1.73,1.73033,1.12,3.00
2016.09.08 09:57:08.922,1.73,1.73033,1.12,2.25
2016.09.08 09:57:08.973,1.73,1.73033,1.12,1.50
2016.09.08 09:57:09.024,1.73,1.73033,1.12,3.00
2016.09.08 09:57:09.076,1.73001,1.73033,1.00,3.00
2016.09.08 09:57:09.266,1.72999,1.73033,2.25,3.00
2016.09.08 09:57:09.317,1.72999,1.73032,2.25,1.87
2016.09.08 09:57:09.418,1.72999,1.73032,2.25,1.12
2016.09.08 09:57:10.650,1.72999,1.73032,1.87,1.37
2016.09.08 09:57:10.700,1.72999,1.73029,1.50,1.00
2016.09.08 09:57:15.272,1.72999,1.73029,1.00,1.00
2016.09.08 09:57:15.423,1.72999,1.73029,1.00,1.00
2016.09.08 09:57:15.787,1.72997,1.73029,1.50,1.00
2016.09.08 09:57:18.678,1.72997,1.73028,1.50,1.00
2016.09.08 09:57:18.729,1.72995,1.73028,1.50,1.50
2016.09.08 09:57:18.815,1.72995,1.73026,1.50,1.00
2016.09.08 09:57:18.866,1.72995,1.73026,1.00,1.50
2016.09.08 09:57:18.968,1.72995,1.73026,1.00,2.25
2016.09.08 09:57:19.073,1.72995,1.73027,1.00,3.75
2016.09.08 09:57:19.176,1.72992,1.73027,1.87,3.75
2016.09.08 09:57:19.227,1.72993,1.73027,1.00,3.75
2016.09.08 09:57:19.278,1.72993,1.73026,1.00,2.25
2016.09.08 09:57:19.329,1.72992,1.73026,1.87,3.75
2016.09.08 09:57:19.380,1.72992,1.73022,1.50,1.00
2016.09.08 09:57:19.431,1.72992,1.73022,2.25,1.00
2016.09.08 09:57:19.533,1.72992,1.73022,1.50,1.00
2016.09.08 09:57:19.711,1.72992,1.73021,1.00,2.25
2016.09.08 09:57:19.762,1.72987,1.7302,1.00,2.25
2016.09.08 09:57:19.965,1.72987,1.73018,1.00,1.37
2016.09.08 09:57:20.016,1.72986,1.73018,1.00,1.37
2016.09.08 09:57:20.784,1.72984,1.73018,1.12,1.37
2016.09.08 09:57:20.835,1.72984,1.73017,1.12,1.12
2016.09.08 09:57:21.857,1.72984,1.73017,1.12,1.12
2016.09.08 09:57:22.928,1.72984,1.73018,1.12,1.37
2016.09.08 09:57:24.154,1.72984,1.73012,1.12,1.00
2016.09.08 09:57:24.518,1.72984,1.73009,1.12,1.00
2016.09.08 09:57:24.568,1.72984,1.73005,1.12,1.00
2016.09.08 09:57:24.619,1.72984,1.73003,1.00,1.09
2016.09.08 09:57:24.670,1.72984,1.72994,1.00,1.00
2016.09.08 09:57:24.771,1.72982,1.72994,1.00,1.00
2016.09.08 09:57:24.822,1.72965,1.72994,1.00,1.00
2016.09.08 09:57:24.873,1.72965,1.72994,1.00,1.00
2016.09.08 09:57:24.932,1.72965,1.72994,1.00,1.00
2016.09.08 09:57:25.033,1.72965,1.72994,1.00,1.00
2016.09.08 09:57:25.258,1.72965,1.72994,1.00,1.00
2016.09.08 09:57:25.360,1.72965,1.72994,1.00,1.00
2016.09.08 09:57:25.461,1.72965,1.72994,1.00,1.00
2016.09.08 09:57:25.853,1.72965,1.72994,1.00,1.00
2016.09.08 09:57:25.904,1.72965,1.72994,1.00,1.50
2016.09.08 09:57:25.954,1.72965,1.72994,1.00,1.50
2016.09.08 09:57:26.235,1.72965,1.72994,1.00,1.50
2016.09.08 09:57:26.336,1.72965,1.72994,1.00,1.50
2016.09.08 09:57:26.387,1.72965,1.72991,1.00,1.00
2016.09.08 09:57:26.437,1.72962,1.72991,2.25,1.00
2016.09.08 09:57:26.488,1.72962,1.72991,2.25,1.50
2016.09.08 09:57:26.539,1.72962,1.72991,1.50,1.50
2016.09.08 09:57:26.640,1.72962,1.72991,1.50,1.50
2016.09.08 09:57:26.690,1.72962,1.72991,1.50,1.00
2016.09.08 09:57:26.953,1.72964,1.72992,1.00,1.00
2016.09.08 09:57:27.538,1.72963,1.72992,1.00,1.00
2016.09.08 09:57:28.067,1.72963,1.72993,1.00,1.00
2016.09.08 09:57:29.100,1.72963,1.72991,1.00,1.00
2016.09.08 09:57:29.353,1.72962,1.72991,1.50,1.00
2016.09.08 09:57:29.624,1.72962,1.7299,2.25,1.00
2016.09.08 09:57:29.979,1.72962,1.72992,1.50,1.50
2016.09.08 09:57:30.280,1.72962,1.72992,1.50,1.00
2016.09.08 09:57:30.381,1.72962,1.72993,1.50,1.50
2016.09.08 09:57:30.432,1.72962,1.72993,1.00,1.50
2016.09.08 09:57:30.525,1.72962,1.72993,1.50,1.50
2016.09.08 09:57:30.825,1.72962,1.72993,1.00,1.50
2016.09.08 09:57:31.846,1.72962,1.72993,1.00,1.50
2016.09.08 09:57:31.981,1.72962,1.72993,1.00,1.00
2016.09.08 09:57:32.347,1.72962,1.72993,1.00,1.00
2016.09.08 09:57:32.398,1.72962,1.72994,1.00,1.50
2016.09.08 09:57:32.482,1.72962,1.72994,1.00,1.00
2016.09.08 09:57:32.848,1.72962,1.72994,1.00,1.00
2016.09.08 09:57:32.899,1.72962,1.72995,1.00,1.50
2016.09.08 09:57:32.984,1.72962,1.72995,1.00,1.00
2016.09.08 09:57:34.183,1.72962,1.72995,1.50,1.00
2016.09.08 09:57:34.526,1.72962,1.72995,2.25,1.00
2016.09.08 09:57:34.884,1.72962,1.72997,2.25,3.75
2016.09.08 09:57:34.935,1.72965,1.72997,1.00,3.00
2016.09.08 09:57:34.985,1.72965,1.72995,1.00,1.00
2016.09.08 09:57:35.087,1.72965,1.72996,1.00,1.12
2016.09.08 09:57:35.180,1.72965,1.72996,1.00,1.00
2016.09.08 09:57:35.231,1.72963,1.72996,1.00,1.50
2016.09.08 09:57:37.823,1.72963,1.72996,1.37,1.50
2016.09.08 09:57:37.950,1.72972,1.72996,1.00,1.00
2016.09.08 09:57:38.001,1.72972,1.73001,1.00,1.12
2016.09.08 09:57:40.547,1.72966,1.72994,1.87,1.00
2016.09.08 09:57:40.599,1.72964,1.72989,1.87,1.00
2016.09.08 09:57:40.649,1.7296,1.72989,2.62,1.50
2016.09.08 09:57:40.700,1.7296,1.72987,1.50,1.00
2016.09.08 09:57:40.751,1.72956,1.72987,1.12,1.00
2016.09.08 09:57:40.802,1.72956,1.72988,1.00,1.37
2016.09.08 09:57:40.852,1.72956,1.72988,1.00,1.75
2016.09.08 09:57:40.954,1.72953,1.72988,1.00,2.25
2016.09.08 09:57:41.109,1.72953,1.72987,1.37,1.75
2016.09.08 09:57:41.160,1.72957,1.72987,1.00,1.75
2016.09.08 09:57:41.211,1.72957,1.7299,1.12,1.50
2016.09.08 09:57:41.262,1.72957,1.72991,1.87,2.25
2016.09.08 09:57:41.408,1.72957,1.72991,2.25,2.25
2016.09.08 09:57:41.459,1.72959,1.72991,1.12,2.25
2016.09.08 09:57:41.510,1.72959,1.72991,1.12,1.50
2016.09.08 09:57:41.814,1.72959,1.72992,1.00,1.75
2016.09.08 09:57:42.413,1.72959,1.72995,1.50,3.00
2016.09.08 09:57:42.514,1.72959,1.72995,1.50,2.25
2016.09.08 09:57:42.565,1.72962,1.72997,1.00,3.34
2016.09.08 09:57:42.728,1.72962,1.72996,1.50,1.50
2016.09.08 09:57:42.779,1.72967,1.72996,1.00,1.50
2016.09.08 09:57:43.269,1.72964,1.72996,1.12,1.50
2016.09.08 09:57:43.465,1.72967,1.72996,1.00,1.50
2016.09.08 09:57:43.967,1.72969,1.72996,1.00,1.50
2016.09.08 09:57:44.225,1.72969,1.72996,1.00,1.00
2016.09.08 09:57:44.484,1.72967,1.72996,1.00,1.00
2016.09.08 09:57:45.014,1.72967,1.72997,1.00,1.37
2016.09.08 09:57:45.065,1.72967,1.73,1.00,1.00
2016.09.08 09:57:45.215,1.72968,1.73,1.00,1.37
2016.09.08 09:57:45.265,1.72968,1.72999,1.00,1.75
2016.09.08 09:57:45.771,1.72966,1.72999,1.00,1.75
2016.09.08 09:57:46.024,1.72966,1.72998,1.00,1.50
2016.09.08 09:57:46.075,1.72965,1.72998,1.00,2.25
2016.09.08 09:57:46.286,1.72966,1.72998,1.00,1.50
2016.09.08 09:57:46.945,1.72966,1.72998,1.00,2.25
2016.09.08 09:57:46.996,1.72966,1.72998,1.00,2.25
2016.09.08 09:57:47.646,1.72966,1.72998,1.00,1.50
2016.09.08 09:57:48.280,1.72966,1.72998,1.00,1.50
2016.09.08 09:57:49.169,1.72966,1.72997,1.00,1.87
2016.09.08 09:57:49.221,1.72963,1.72992,1.00,1.12
2016.09.08 09:57:49.272,1.72961,1.7299,1.00,1.00
2016.09.08 09:57:49.323,1.7296,1.7299,1.12,1.00
2016.09.08 09:57:49.424,1.72962,1.7299,1.00,1.37
2016.09.08 09:57:49.475,1.72962,1.72989,1.00,1.50
2016.09.08 09:57:49.609,1.72962,1.72991,1.00,1.75
2016.09.08 09:57:49.720,1.72964,1.72991,1.00,1.75
2016.09.08 09:57:49.771,1.72964,1.72992,1.00,2.25
2016.09.08 09:57:49.822,1.72964,1.72992,1.00,3.00
2016.09.08 09:57:49.873,1.72964,1.72991,1.00,1.12
2016.09.08 09:57:51.441,1.72964,1.72994,1.37,1.75
2016.09.08 09:57:51.492,1.72964,1.72994,1.87,1.75
2016.09.08 09:57:51.543,1.72973,1.72997,1.00,1.37
2016.09.08 09:57:51.688,1.72974,1.73,1.00,1.00
2016.09.08 09:57:51.790,1.72974,1.73002,1.00,1.00
2016.09.08 09:57:51.892,1.72974,1.73003,1.00,1.50
2016.09.08 09:57:51.942,1.72974,1.73,1.00,1.00
2016.09.08 09:57:52.044,1.72974,1.73,1.00,1.50
2016.09.08 09:57:52.094,1.72974,1.73,1.00,1.50
2016.09.08 09:57:52.493,1.72974,1.73,1.00,1.50
2016.09.08 09:57:53.789,1.72974,1.73,1.00,1.00
2016.09.08 09:57:53.890,1.72974,1.73002,1.00,1.00
2016.09.08 09:57:54.332,1.72974,1.73003,1.00,1.00
2016.09.08 09:57:54.853,1.72974,1.73004,1.00,1.50
2016.09.08 09:57:55.192,1.72974,1.73004,1.00,1.50
2016.09.08 09:57:55.324,1.72974,1.73004,1.00,1.50
2016.09.08 09:57:55.850,1.72974,1.73004,1.00,1.00
2016.09.08 09:57:56.357,1.72974,1.73005,1.00,1.00
2016.09.08 09:57:56.458,1.72974,1.73006,1.00,1.50
2016.09.08 09:57:56.561,1.72977,1.73006,1.00,1.00
2016.09.08 09:57:56.713,1.72982,1.73006,1.00,1.00
2016.09.08 09:57:56.765,1.72988,1.73011,1.00,1.37
2016.09.08 09:57:56.816,1.72988,1.73008,1.00,1.00
2016.09.08 09:57:56.867,1.72978,1.73008,1.00,1.50
2016.09.08 09:57:56.919,1.72978,1.73008,1.00,1.50
2016.09.08 09:57:56.970,1.72977,1.73007,1.00,1.87
2016.09.08 09:57:57.021,1.72977,1.73003,1.00,1.00
2016.09.08 09:57:57.164,1.72975,1.73006,1.00,2.25
2016.09.08 09:57:57.215,1.72975,1.73005,1.00,1.00
2016.09.08 09:57:57.468,1.72975,1.73006,1.00,2.62
2016.09.08 09:57:57.775,1.72976,1.73005,1.00,1.00
2016.09.08 09:57:58.264,1.72978,1.73005,1.00,1.00
2016.09.08 09:57:58.574,1.72976,1.73005,1.00,1.00
2016.09.08 09:57:59.425,1.72976,1.73006,1.00,1.87
2016.09.08 09:57:59.901,1.72976,1.73006,1.00,2.62
2016.09.08 09:58:00.227,1.72976,1.73006,1.00,1.87
2016.09.08 09:58:00.527,1.72976,1.73005,1.00,1.00
2016.09.08 09:58:01.078,1.72977,1.73005,1.00,1.00
2016.09.08 09:58:01.179,1.72975,1.73005,1.00,1.37
2016.09.08 09:58:01.230,1.72975,1.73003,1.00,1.00
2016.09.08 09:58:04.548,1.72978,1.73003,1.00,1.00
2016.09.08 09:58:05.187,1.72979,1.73003,1.00,1.00
2016.09.08 09:58:05.737,1.7298,1.73003,1.00,1.00
2016.09.08 09:58:06.240,1.72977,1.73003,1.00,1.00
2016.09.08 09:58:06.958,1.72977,1.73003,1.00,1.00
2016.09.08 09:58:07.319,1.72978,1.73003,1.00,1.00
2016.09.08 09:58:07.369,1.7298,1.73007,1.00,1.37
2016.09.08 09:58:07.420,1.7298,1.73008,1.50,1.00
2016.09.08 09:58:07.648,1.72981,1.73009,1.00,1.12
2016.09.08 09:58:07.730,1.72982,1.73009,1.00,1.12
2016.09.08 09:58:07.781,1.72986,1.73012,1.00,1.37
2016.09.08 09:58:07.832,1.72986,1.73013,1.00,1.00
2016.09.08 09:58:07.883,1.72988,1.73013,1.00,1.00
2016.09.08 09:58:07.934,1.72988,1.73014,1.50,1.00
2016.09.08 09:58:07.984,1.7299,1.73014,1.00,1.00
2016.09.08 09:58:08.035,1.7299,1.73017,1.00,1.00
2016.09.08 09:58:08.187,1.7299,1.73016,1.00,1.50
2016.09.08 09:58:08.238,1.7299,1.73015,1.00,1.00
2016.09.08 09:58:08.548,1.7299,1.73015,1.50,1.00
2016.09.08 09:58:08.726,1.7299,1.73017,1.00,1.00
2016.09.08 09:58:09.097,1.72989,1.73015,1.00,1.00
2016.09.08 09:58:09.301,1.72989,1.73014,1.00,1.50
2016.09.08 09:58:10.214,1.72989,1.73014,1.00,1.00
2016.09.08 09:58:10.771,1.72989,1.73015,1.00,1.50
2016.09.08 09:58:10.822,1.72989,1.73015,1.00,1.00
2016.09.08 09:58:10.924,1.72989,1.73016,1.00,1.50
2016.09.08 09:58:11.141,1.72989,1.73015,1.00,1.00
2016.09.08 09:58:11.539,1.72991,1.73017,1.00,1.00
2016.09.08 09:58:12.456,1.72992,1.73018,1.00,1.00
2016.09.08 09:58:12.506,1.72992,1.7302,1.00,1.50
2016.09.08 09:58:12.790,1.72994,1.7302,1.00,2.25
2016.09.08 09:58:12.891,1.72994,1.7302,1.00,1.50
2016.09.08 09:58:12.942,1.72994,1.73018,1.00,1.00
2016.09.08 09:58:12.993,1.72994,1.73018,1.00,1.50
2016.09.08 09:58:13.044,1.72994,1.73017,1.00,1.00
2016.09.08 09:58:13.094,1.72991,1.73017,1.00,1.00
2016.09.08 09:58:14.929,1.72991,1.73018,1.00,1.00
2016.09.08 09:58:15.430,1.72991,1.73018,1.00,1.50
2016.09.08 09:58:15.969,1.72991,1.73018,1.00,1.00
2016.09.08 09:58:16.020,1.72991,1.73019,1.00,1.12
2016.09.08 09:58:16.623,1.72995,1.73019,1.00,1.00
2016.09.08 09:58:16.674,1.73,1.7302,1.00,1.00
2016.09.08 09:58:16.726,1.73,1.73025,1.00,1.00
2016.09.08 09:58:16.777,1.73,1.7303,1.00,1.50
2016.09.08 09:58:16.828,1.73,1.7303,1.00,1.00
2016.09.08 09:58:16.879,1.73,1.73028,1.00,1.00
2016.09.08 09:58:17.183,1.73,1.7303,1.00,1.50
2016.09.08 09:58:17.284,1.72998,1.73028,1.00,1.00
2016.09.08 09:58:17.450,1.73,1.7303,1.00,1.50
2016.09.08 09:58:17.501,1.73,1.73028,1.00,1.00
2016.09.08 09:58:17.692,1.72998,1.73028,1.00,2.25
2016.09.08 09:58:17.931,1.72998,1.73028,1.00,1.50
2016.09.08 09:58:18.731,1.72998,1.73028,1.34,1.00
2016.09.08 09:58:18.783,1.73009,1.73033,1.00,1.75
2016.09.08 09:58:18.890,1.7301,1.73035,1.00,1.37
2016.09.08 09:58:18.941,1.7301,1.7304,1.50,1.00
2016.09.08 09:58:18.992,1.7301,1.73042,1.87,1.37
2016.09.08 09:58:19.042,1.7301,1.73042,2.62,1.00
2016.09.08 09:58:19.093,1.73013,1.73043,1.00,1.12
2016.09.08 09:58:19.144,1.73013,1.73043,1.00,1.12
2016.09.08 09:58:19.195,1.73013,1.73044,1.00,2.25
2016.09.08 09:58:19.246,1.73013,1.73044,1.00,1.50
2016.09.08 09:58:19.296,1.73013,1.73043,1.00,1.12
2016.09.08 09:58:19.398,1.73013,1.73045,1.00,1.75
2016.09.08 09:58:19.449,1.73013,1.73046,1.00,1.75
2016.09.08 09:58:19.651,1.73014,1.73047,1.00,1.75
2016.09.08 09:58:19.784,1.73014,1.73047,1.00,1.75
2016.09.08 09:58:20.085,1.73016,1.73047,1.00,1.75
2016.09.08 09:58:20.287,1.73015,1.73047,1.00,1.75
2016.09.08 09:58:21.245,1.73018,1.73047,1.00,1.75
2016.09.08 09:58:21.347,1.73016,1.73047,1.50,1.75
2016.09.08 09:58:21.397,1.73017,1.73049,1.00,3.00
2016.09.08 09:58:21.700,1.73017,1.73044,1.00,1.50
2016.09.08 09:58:21.990,1.73014,1.73044,1.50,2.25
2016.09.08 09:58:22.041,1.73014,1.73044,1.00,2.25
2016.09.08 09:58:22.092,1.73013,1.73043,1.00,1.12
2016.09.08 09:58:22.193,1.73013,1.73039,1.00,1.00
2016.09.08 09:58:22.373,1.73011,1.73039,1.00,1.00
2016.09.08 09:58:22.475,1.73006,1.73035,1.00,1.00
2016.09.08 09:58:22.526,1.73006,1.73034,1.00,1.12
2016.09.08 09:58:22.577,1.73001,1.73034,2.25,1.87
2016.09.08 09:58:22.627,1.73001,1.73034,1.50,1.87
2016.09.08 09:58:22.729,1.73001,1.73034,1.50,1.12
2016.09.08 09:58:23.543,1.73002,1.73034,1.00,1.12
2016.09.08 09:58:23.743,1.73001,1.73034,1.50,1.12
2016.09.08 09:58:24.644,1.73001,1.73034,1.00,1.12
2016.09.08 09:58:24.695,1.73,1.73028,1.87,1.00
2016.09.08 09:58:25.346,1.73,1.73028,1.12,1.00
2016.09.08 09:58:26.007,1.73,1.73031,1.12,1.00
2016.09.08 09:58:26.582,1.73001,1.73031,1.00,1.00
2016.09.08 09:58:26.632,1.73001,1.73029,1.00,1.00
2016.09.08 09:58:26.683,1.72999,1.73028,1.50,1.00
2016.09.08 09:58:26.859,1.72999,1.73029,2.25,1.00
2016.09.08 09:58:26.961,1.72999,1.73028,1.50,1.00
2016.09.08 09:58:27.169,1.72997,1.73028,2.25,1.00
2016.09.08 09:58:27.350,1.72997,1.73028,3.00,1.00
2016.09.08 09:58:27.714,1.72997,1.73023,3.00,1.00
2016.09.08 09:58:27.765,1.72999,1.73023,1.50,1.00
2016.09.08 09:58:28.712,1.72999,1.73024,1.50,1.00
2016.09.08 09:58:28.988,1.72998,1.73024,1.75,1.00
2016.09.08 09:58:30.405,1.72998,1.73028,1.75,1.00
2016.09.08 09:58:31.031,1.72998,1.73029,1.75,1.50
2016.09.08 09:58:31.294,1.72998,1.73023,1.75,1.00
2016.09.08 09:58:31.595,1.72998,1.73027,1.75,1.00
2016.09.08 09:58:32.285,1.72995,1.73026,2.25,1.00
2016.09.08 09:58:32.338,1.72995,1.73023,2.25,1.00
2016.09.08 09:58:32.389,1.72993,1.73023,2.25,1.50
2016.09.08 09:58:32.440,1.72993,1.73023,2.25,1.00
2016.09.08 09:58:32.541,1.72993,1.73022,1.87,1.00
2016.09.08 09:58:32.620,1.72993,1.73023,1.50,1.00
2016.09.08 09:58:33.575,1.72993,1.73023,1.00,1.00
2016.09.08 09:58:36.588,1.72992,1.73023,1.87,1.00
2016.09.08 09:58:37.730,1.72992,1.73023,1.12,1.50
2016.09.08 09:58:37.784,1.7299,1.73023,2.25,1.50
2016.09.08 09:58:39.971,1.7299,1.73021,1.50,1.00
2016.09.08 09:58:40.295,1.72989,1.73019,1.75,1.00
2016.09.08 09:58:40.396,1.72991,1.73019,1.37,1.00
2016.09.08 09:58:40.713,1.72989,1.73019,1.75,1.00
2016.09.08 09:58:41.333,1.72986,1.73013,1.75,1.00
2016.09.08 09:58:41.435,1.72986,1.73013,1.37,1.00
2016.09.08 09:58:41.486,1.72986,1.73013,1.00,1.00
2016.09.08 09:58:43.163,1.72987,1.73013,1.00,1.00
2016.09.08 09:58:43.469,1.72993,1.73013,1.00,1.00
2016.09.08 09:58:43.726,1.72993,1.73017,1.00,1.12
2016.09.08 09:58:44.257,1.72992,1.73017,1.00,1.12
2016.09.08 09:58:45.612,1.72993,1.73017,1.00,1.12
2016.09.08 09:58:45.814,1.72993,1.73019,1.00,2.25
2016.09.08 09:58:47.735,1.72992,1.73019,1.00,2.25
2016.09.08 09:58:48.019,1.72995,1.7302,1.00,1.37
2016.09.08 09:58:48.121,1.72993,1.73021,1.00,1.37
2016.09.08 09:58:48.223,1.7299,1.73019,1.00,1.00
2016.09.08 09:58:48.324,1.72988,1.73019,1.00,1.00
2016.09.08 09:58:48.425,1.72988,1.73016,1.00,1.00
2016.09.08 09:58:48.729,1.72992,1.7302,1.00,1.12
2016.09.08 09:58:48.780,1.72992,1.73023,1.00,1.75
2016.09.08 09:58:48.883,1.72992,1.73021,1.00,1.37
2016.09.08 09:58:49.503,1.72993,1.73021,1.00,1.37
2016.09.08 09:58:49.604,1.72997,1.73023,1.00,1.75
2016.09.08 09:58:49.655,1.72997,1.73023,1.00,1.37
2016.09.08 09:58:49.706,1.72999,1.73023,1.00,1.00
2016.09.08 09:58:50.034,1.72996,1.73024,1.00,1.00
2016.09.08 09:58:50.544,1.72997,1.73024,1.00,1.00
2016.09.08 09:58:51.246,1.72996,1.73024,1.00,1.00
2016.09.08 09:58:51.348,1.72998,1.73024,1.00,1.00
2016.09.08 09:58:51.450,1.72996,1.73024,1.00,1.00
2016.09.08 09:58:52.109,1.72995,1.73024,1.00,1.00
2016.09.08 09:58:52.709,1.72993,1.73023,1.50,1.00
2016.09.08 09:58:52.760,1.72993,1.73014,1.50,1.00
2016.09.08 09:58:52.811,1.7299,1.73014,1.50,1.00
2016.09.08 09:58:52.862,1.72988,1.73016,1.37,1.00
2016.09.08 09:58:52.913,1.72987,1.73016,1.00,1.00
2016.09.08 09:58:52.999,1.72985,1.73012,1.37,1.00
2016.09.08 09:58:53.050,1.72984,1.73012,1.00,1.00
2016.09.08 09:58:53.101,1.7298,1.73012,1.75,1.00
2016.09.08 09:58:53.152,1.7298,1.73011,1.37,1.37
2016.09.08 09:58:53.203,1.72979,1.73009,1.00,1.00
2016.09.08 09:58:53.660,1.72979,1.73009,1.00,1.00
2016.09.08 09:58:53.711,1.7298,1.7301,1.00,1.12
2016.09.08 09:58:53.898,1.72981,1.73012,1.00,1.75
2016.09.08 09:58:54.609,1.72981,1.73013,1.00,1.75
2016.09.08 09:58:54.842,1.72981,1.73014,1.00,3.00
2016.09.08 09:58:55.161,1.72981,1.73014,1.50,3.00
2016.09.08 09:58:55.515,1.72982,1.73014,1.00,3.00
2016.09.08 09:58:55.936,1.72982,1.73014,1.00,1.75
2016.09.08 09:58:58.670,1.72982,1.73014,1.00,1.75
2016.09.08 09:58:58.721,1.72983,1.73015,1.00,2.62
2016.09.08 09:58:58.773,1.72983,1.73015,1.00,2.25
2016.09.08 09:58:58.823,1.72983,1.73015,1.50,2.25
2016.09.08 09:58:59.154,1.72983,1.73014,1.00,1.00
2016.09.08 09:58:59.255,1.72983,1.73014,1.00,1.00
2016.09.08 09:58:59.307,1.72982,1.73012,1.00,1.00
2016.09.08 09:58:59.358,1.72981,1.73012,1.50,1.37
2016.09.08 09:58:59.456,1.72982,1.73012,1.00,1.00
2016.09.08 09:58:59.507,1.72982,1.73014,1.67,1.00
2016.09.08 09:58:59.557,1.72982,1.73014,1.67,1.00
2016.09.08 09:58:59.709,1.72982,1.73014,1.42,1.50
2016.09.08 09:58:59.760,1.72981,1.73014,2.17,1.50
2016.09.08 09:59:00.225,1.72981,1.73014,1.67,1.50
2016.09.08 09:59:00.520,1.72982,1.73014,1.00,1.50
2016.09.08 09:59:01.130,1.72981,1.73013,1.00,1.00
2016.09.08 09:59:01.234,1.72981,1.73013,1.00,1.00
2016.09.08 09:59:01.431,1.72983,1.73013,1.00,1.00
2016.09.08 09:59:01.639,1.72981,1.73012,1.50,1.00
2016.09.08 09:59:02.561,1.72981,1.73012,1.50,1.00
2016.09.08 09:59:02.813,1.72981,1.7301,1.00,1.00
2016.09.08 09:59:03.896,1.72981,1.73013,1.00,1.50
2016.09.08 09:59:04.819,1.72981,1.73013,1.00,1.00
2016.09.08 09:59:04.921,1.72982,1.73014,1.00,2.25
2016.09.08 09:59:04.971,1.72982,1.73014,1.00,2.25
2016.09.08 09:59:05.243,1.72981,1.73013,1.00,1.00
2016.09.08 09:59:05.698,1.72982,1.73014,1.00,2.25
2016.09.08 09:59:05.749,1.72982,1.73014,1.00,2.25
2016.09.08 09:59:05.800,1.72986,1.73014,1.00,1.00
2016.09.08 09:59:05.851,1.72986,1.73014,1.00,1.00
2016.09.08 09:59:06.307,1.72984,1.73014,1.00,1.00
2016.09.08 09:59:06.847,1.72983,1.73014,1.00,1.50
2016.09.08 09:59:07.000,1.72984,1.73014,1.00,1.00
2016.09.08 09:59:08.155,1.72984,1.73016,1.00,1.00
2016.09.08 09:59:08.451,1.72984,1.73013,1.00,1.00
2016.09.08 09:59:08.647,1.72982,1.73013,1.00,1.00
2016.09.08 09:59:08.752,1.72982,1.73013,1.00,1.00
2016.09.08 09:59:08.957,1.72982,1.73013,1.00,1.00
2016.09.08 09:59:09.008,1.72981,1.73012,2.25,1.00
2016.09.08 09:59:11.098,1.72982,1.73012,1.00,1.00
2016.09.08 09:59:12.201,1.72981,1.73012,2.25,1.00
2016.09.08 09:59:12.454,1.72981,1.7301,1.50,1.00
2016.09.08 09:59:13.284,1.72981,1.7301,1.50,1.00
2016.09.08 09:59:13.334,1.72981,1.73011,2.25,1.00
2016.09.08 09:59:13.514,1.72982,1.73011,1.00,1.00
2016.09.08 09:59:13.855,1.72982,1.73011,1.00,1.00
2016.09.08 09:59:14.566,1.72982,1.73011,1.00,1.00
2016.09.08 09:59:14.617,1.72981,1.73011,1.50,1.00
2016.09.08 09:59:14.820,1.72982,1.73011,1.00,1.00
2016.09.08 09:59:14.921,1.72981,1.73011,2.25,1.00
2016.09.08 09:59:15.022,1.72982,1.73011,1.00,1.00
2016.09.08 09:59:15.073,1.72982,1.73011,1.00,1.00
2016.09.08 09:59:15.321,1.72981,1.7301,1.50,1.00
2016.09.08 09:59:15.465,1.72981,1.73008,1.50,1.00
2016.09.08 09:59:15.910,1.72982,1.73008,1.00,1.00
2016.09.08 09:59:16.557,1.72981,1.7301,1.50,1.00
2016.09.08 09:59:16.659,1.72979,1.7301,1.37,1.00
2016.09.08 09:59:16.710,1.72979,1.7301,1.00,1.00
2016.09.08 09:59:16.760,1.72979,1.73009,1.00,1.50
2016.09.08 09:59:16.815,1.72979,1.73008,1.00,1.00
2016.09.08 09:59:17.076,1.72979,1.73003,1.00,1.00
2016.09.08 09:59:17.318,1.72977,1.73003,1.12,1.00
2016.09.08 09:59:18.112,1.72979,1.73003,1.00,1.00
2016.09.08 09:59:18.163,1.72979,1.73008,1.00,1.50
2016.09.08 09:59:18.357,1.72979,1.73008,1.00,1.00
2016.09.08 09:59:18.479,1.72979,1.73003,1.00,1.00
2016.09.08 09:59:18.612,1.72977,1.73003,1.12,1.00
2016.09.08 09:59:18.714,1.72977,1.73003,1.00,1.00
2016.09.08 09:59:18.837,1.72977,1.73007,1.00,1.12
2016.09.08 09:59:19.064,1.72978,1.73005,1.00,1.00
2016.09.08 09:59:19.247,1.72975,1.73004,1.00,1.50
2016.09.08 09:59:19.298,1.72973,1.73003,1.00,1.87
2016.09.08 09:59:19.349,1.72973,1.73003,1.00,2.62
2016.09.08 09:59:19.400,1.72973,1.73003,1.00,2.62
2016.09.08 09:59:19.451,1.72969,1.73001,1.37,1.37
2016.09.08 09:59:19.501,1.72969,1.72999,1.00,1.00
2016.09.08 09:59:19.603,1.72969,1.72999,1.00,1.00
2016.09.08 09:59:19.654,1.72968,1.72999,1.50,1.50
2016.09.08 09:59:20.280,1.72968,1.72999,1.50,1.50
2016.09.08 09:59:20.482,1.72968,1.72999,1.50,1.50
2016.09.08 09:59:20.634,1.72968,1.72999,1.00,1.00
2016.09.08 09:59:20.887,1.72968,1.72999,1.00,1.00
2016.09.08 09:59:21.662,1.72968,1.72999,1.50,1.00
2016.09.08 09:59:22.817,1.72971,1.72999,1.00,1.00
2016.09.08 09:59:22.918,1.72971,1.72999,1.00,1.00
2016.09.08 09:59:22.969,1.72971,1.73001,1.00,1.37
2016.09.08 09:59:23.020,1.72971,1.73001,1.00,1.00
2016.09.08 09:59:23.070,1.72971,1.73002,1.00,1.50
2016.09.08 09:59:23.121,1.72973,1.73002,1.00,1.00
2016.09.08 09:59:23.280,1.72973,1.73003,1.50,1.00
2016.09.08 09:59:23.331,1.72975,1.73003,1.00,1.00
2016.09.08 09:59:24.050,1.72973,1.73002,1.00,1.00
2016.09.08 09:59:26.121,1.72971,1.73002,2.25,1.00
2016.09.08 09:59:26.222,1.72971,1.73002,1.50,1.00
2016.09.08 09:59:26.846,1.72971,1.73003,1.50,1.50
2016.09.08 09:59:26.897,1.72971,1.73003,1.50,1.00
2016.09.08 09:59:27.198,1.72971,1.73003,1.50,1.50
2016.09.08 09:59:27.723,1.72971,1.73002,1.00,1.00
2016.09.08 09:59:27.945,1.72971,1.73002,1.50,1.00
2016.09.08 09:59:28.123,1.72972,1.73003,1.00,2.25
2016.09.08 09:59:28.174,1.72972,1.73003,1.00,1.50
2016.09.08 09:59:28.224,1.72972,1.73003,1.00,1.00
2016.09.08 09:59:28.752,1.72972,1.73002,1.00,1.00
2016.09.08 09:59:28.853,1.72971,1.72999,1.00,1.00
2016.09.08 09:59:28.904,1.72969,1.72999,1.50,1.00
2016.09.08 09:59:28.956,1.72967,1.72999,2.25,1.00
2016.09.08 09:59:29.129,1.72967,1.72996,1.37,1.12
2016.09.08 09:59:29.183,1.72967,1.72996,1.00,1.12
2016.09.08 09:59:29.234,1.72967,1.72996,1.00,1.12
2016.09.08 09:59:29.588,1.72967,1.72996,1.00,1.12
2016.09.08 09:59:29.639,1.72967,1.72997,1.50,1.50
2016.09.08 09:59:29.856,1.72967,1.72997,1.00,1.50
2016.09.08 09:59:29.957,1.72969,1.72999,1.00,1.37
2016.09.08 09:59:30.008,1.72969,1.72999,1.00,1.37
2016.09.08 09:59:30.059,1.72969,1.72999,1.00,1.00
2016.09.08 09:59:30.190,1.72969,1.72999,1.00,1.00
2016.09.08 09:59:30.241,1.72967,1.72997,1.12,1.00
2016.09.08 09:59:30.862,1.72968,1.72999,1.00,1.50
2016.09.08 09:59:30.913,1.72968,1.72999,1.00,1.50
2016.09.08 09:59:30.964,1.72966,1.72998,1.50,1.00
2016.09.08 09:59:31.167,1.72964,1.72996,1.75,1.00
2016.09.08 09:59:31.627,1.72966,1.72998,1.50,1.00
2016.09.08 09:59:33.790,1.72966,1.72998,1.37,1.37
2016.09.08 09:59:33.841,1.72965,1.72995,1.00,1.37
2016.09.08 09:59:37.153,1.72965,1.72997,1.00,1.75
2016.09.08 09:59:37.373,1.72964,1.72988,1.00,1.00
2016.09.08 09:59:37.475,1.72961,1.72988,1.37,1.00
2016.09.08 09:59:37.526,1.72959,1.72988,1.75,1.00
2016.09.08 09:59:39.761,1.72959,1.72992,1.75,1.00
2016.09.08 09:59:40.080,1.72959,1.72989,1.75,1.00
2016.09.08 09:59:40.982,1.72959,1.72992,1.75,1.00
2016.09.08 09:59:41.033,1.72959,1.72992,1.75,1.00
2016.09.08 09:59:41.084,1.72962,1.72993,1.12,1.00
2016.09.08 09:59:41.287,1.72962,1.72994,1.12,1.12
2016.09.08 09:59:42.604,1.72962,1.72994,1.12,1.12
2016.09.08 09:59:42.807,1.72962,1.72987,1.12,1.00
2016.09.08 09:59:42.907,1.72962,1.72986,1.12,3.00
2016.09.08 09:59:42.958,1.72953,1.72983,1.50,1.00
2016.09.08 09:59:43.009,1.72953,1.72983,1.37,1.00
2016.09.08 09:59:43.060,1.72952,1.72983,1.00,1.00
2016.09.08 09:59:43.313,1.72955,1.72984,1.00,1.87
2016.09.08 09:59:43.364,1.72955,1.72984,1.12,1.00
2016.09.08 09:59:43.567,1.72957,1.72986,1.00,2.25
2016.09.08 09:59:44.185,1.72957,1.72986,1.00,1.50
2016.09.08 09:59:45.340,1.72957,1.72986,1.00,1.00
2016.09.08 09:59:45.798,1.72957,1.72977,1.00,1.00
2016.09.08 09:59:45.849,1.72957,1.72977,1.00,1.00
2016.09.08 09:59:45.899,1.72957,1.72983,1.00,1.00
2016.09.08 09:59:45.950,1.72947,1.72976,1.75,1.00
2016.09.08 09:59:46.001,1.72947,1.72976,1.37,1.00
2016.09.08 09:59:46.052,1.72947,1.72978,1.00,1.37
2016.09.08 09:59:46.168,1.72945,1.72977,1.50,1.37
2016.09.08 09:59:46.219,1.72945,1.72977,1.50,1.50
2016.09.08 09:59:47.021,1.72945,1.72977,1.50,2.25
2016.09.08 09:59:47.254,1.72945,1.72975,1.50,1.00
2016.09.08 09:59:48.606,1.72945,1.72975,1.00,1.00
2016.09.08 09:59:48.657,1.72944,1.72973,1.00,1.00
2016.09.08 09:59:48.961,1.72944,1.72975,1.00,1.00
2016.09.08 09:59:49.850,1.72944,1.72975,1.00,1.00
2016.09.08 09:59:49.901,1.72944,1.72975,1.75,1.00
2016.09.08 09:59:49.952,1.72947,1.72979,1.12,1.12
2016.09.08 09:59:50.054,1.72945,1.72974,1.75,1.00
2016.09.08 09:59:50.155,1.72943,1.72974,2.25,1.00
2016.09.08 09:59:50.358,1.72943,1.72973,2.25,1.00
2016.09.08 09:59:50.460,1.7294,1.72973,1.87,1.87
2016.09.08 09:59:50.596,1.7294,1.72972,1.50,1.00
2016.09.08 09:59:50.647,1.7294,1.72969,1.00,1.00
2016.09.08 09:59:51.703,1.7294,1.72967,1.00,1.09
2016.09.08 09:59:51.754,1.72932,1.7296,1.37,1.00
2016.09.08 09:59:51.805,1.7293,1.7296,1.37,1.37
2016.09.08 09:59:51.856,1.72926,1.72957,1.12,1.00
2016.09.08 09:59:52.008,1.72926,1.72957,1.00,1.75
2016.09.08 09:59:52.960,1.72926,1.72954,1.00,1.00
2016.09.08 09:59:53.269,1.72926,1.72956,1.00,1.50
2016.09.08 09:59:54.605,1.72927,1.72957,1.00,1.75
2016.09.08 09:59:54.863,1.72926,1.72956,1.00,1.50
2016.09.08 09:59:55.127,1.72926,1.72956,1.50,1.50
2016.09.08 09:59:55.643,1.72926,1.72958,2.25,1.75
2016.09.08 09:59:55.828,1.72927,1.72958,1.00,1.75
2016.09.08 09:59:56.359,1.72928,1.72958,1.00,1.75
2016.09.08 09:59:56.429,1.72928,1.72958,1.00,2.62
2016.09.08 09:59:56.480,1.72922,1.72954,1.50,1.00
2016.09.08 09:59:56.724,1.72921,1.72951,1.75,1.00
2016.09.08 09:59:56.775,1.7292,1.72951,2.25,1.00
2016.09.08 09:59:56.877,1.72921,1.72951,1.75,1.00
2016.09.08 09:59:56.978,1.72922,1.72951,1.50,1.00
2016.09.08 09:59:57.180,1.72922,1.72954,1.50,1.00
2016.09.08 09:59:57.561,1.72925,1.72954,1.00,1.00
2016.09.08 09:59:57.882,1.72924,1.72951,1.00,1.00
2016.09.08 09:59:58.270,1.72924,1.72953,1.00,1.00
2016.09.08 09:59:58.574,1.72927,1.72951,1.00,1.00
2016.09.08 09:59:58.677,1.72925,1.72953,1.00,1.00
2016.09.08 09:59:58.778,1.72927,1.72953,1.00,1.00
2016.09.08 09:59:59.572,1.72926,1.72953,1.00,1.00
2016.09.08 09:59:59.834,1.72923,1.72953,1.12,1.00
