2016.01.12 11:00:00.312,2.06586,2.06622,1.00,1.00
2016.01.12 11:00:00.463,2.06582,2.06622,1.00,1.00
2016.01.12 11:00:00.665,2.06576,2.06622,1.00,1.00
2016.01.12 11:00:00.777,2.06575,2.06619,1.00,1.00
2016.01.12 11:00:01.084,2.06578,2.06622,1.00,1.00
2016.01.12 11:00:01.237,2.0658,2.06626,1.50,1.00
2016.01.12 11:00:01.288,2.06583,2.06627,1.00,1.00
2016.01.12 11:00:01.591,2.0657,2.06613,1.00,1.00
2016.01.12 11:00:01.923,2.06572,2.06615,1.00,1.00
2016.01.12 11:00:02.235,2.06569,2.06612,1.00,1.00
2016.01.12 11:00:02.339,2.06569,2.06615,1.50,1.00
2016.01.12 11:00:02.389,2.06572,2.06616,1.00,1.00
2016.01.12 11:00:02.738,2.06581,2.06627,1.00,1.50
2016.01.12 11:00:02.991,2.06584,2.06628,1.00,1.00
2016.01.12 11:00:03.295,2.06563,2.06609,1.00,1.50
2016.01.12 11:00:03.346,2.06567,2.06609,1.00,1.00
2016.01.12 11:00:04.198,2.06561,2.06605,2.25,1.00
2016.01.12 11:00:04.299,2.06561,2.06601,1.00,1.00
2016.01.12 11:00:04.474,2.06552,2.06595,1.50,1.00
2016.01.12 11:00:05.000,2.06551,2.06595,1.00,1.00
2016.01.12 11:00:05.404,2.06551,2.06595,1.00,1.72
2016.01.12 11:00:05.575,2.06545,2.06588,1.00,1.72
2016.01.12 11:00:05.676,2.06542,2.06588,2.25,1.72
2016.01.12 11:00:05.727,2.06544,2.0659,1.00,1.72
2016.01.12 11:00:05.929,2.06547,2.0659,1.00,1.00
2016.01.12 11:00:06.033,2.06547,2.06592,1.50,1.00
2016.01.12 11:00:06.608,2.06546,2.06592,1.00,1.00
2016.01.12 11:00:06.901,2.06543,2.06588,1.00,1.00
2016.01.12 11:00:07.204,2.06542,2.06586,1.00,1.00
2016.01.12 11:00:09.177,2.0654,2.06584,1.50,1.00
2016.01.12 11:00:09.485,2.06537,2.06577,1.00,1.00
2016.01.12 11:00:09.620,2.06533,2.06577,1.00,1.00
2016.01.12 11:00:09.722,2.06537,2.06577,1.00,1.00
2016.01.12 11:00:10.276,2.06536,2.06577,1.00,1.00
2016.01.12 11:00:10.579,2.06536,2.06573,1.00,1.00
2016.01.12 11:00:10.680,2.06532,2.06573,1.00,1.00
2016.01.12 11:00:11.198,2.06532,2.06571,1.00,1.00
2016.01.12 11:00:11.705,2.06531,2.06571,1.12,1.00
2016.01.12 11:00:13.398,2.06534,2.06573,1.00,1.00
2016.01.12 11:00:14.167,2.06534,2.06574,1.00,1.00
2016.01.12 11:00:14.748,2.06538,2.06576,1.00,1.37
2016.01.12 11:00:14.849,2.06538,2.06577,1.00,1.00
2016.01.12 11:00:15.202,2.06533,2.06575,1.00,1.00
2016.01.12 11:00:15.414,2.06535,2.06577,1.00,1.50
2016.01.12 11:00:15.718,2.06531,2.06571,1.50,1.00
2016.01.12 11:00:16.071,2.06533,2.06575,1.00,1.00
2016.01.12 11:00:16.959,2.06533,2.06571,1.00,1.00
2016.01.12 11:00:21.434,2.06535,2.06571,1.00,1.00
2016.01.12 11:00:21.485,2.06535,2.06575,1.00,1.50
2016.01.12 11:00:23.049,2.06535,2.06575,1.00,2.62
2016.01.12 11:00:23.100,2.06525,2.06567,1.50,1.12
2016.01.12 11:00:23.151,2.06525,2.0656,1.00,1.00
2016.01.12 11:00:23.303,2.06514,2.06554,1.50,1.87
2016.01.12 11:00:23.404,2.0651,2.06549,1.00,1.00
2016.01.12 11:00:23.628,2.0651,2.06552,1.50,1.00
2016.01.12 11:00:24.292,2.06514,2.06552,1.00,1.00
2016.01.12 11:00:24.796,2.06512,2.06552,1.00,1.12
2016.01.12 11:00:24.847,2.06512,2.06544,1.00,1.00
2016.01.12 11:00:24.898,2.06502,2.06544,2.25,1.87
2016.01.12 11:00:25.508,2.06503,2.06543,1.00,1.12
2016.01.12 11:00:25.714,2.06505,2.06545,1.00,1.00
2016.01.12 11:00:26.971,2.06508,2.06548,1.00,1.00
2016.01.12 11:00:28.175,2.06506,2.06548,1.00,1.00
2016.01.12 11:00:29.934,2.06508,2.06548,1.00,1.00
2016.01.12 11:00:30.280,2.0651,2.06548,1.00,1.12
2016.01.12 11:00:30.583,2.06503,2.06545,1.50,1.75
2016.01.12 11:00:31.240,2.06503,2.06545,1.87,1.37
2016.01.12 11:00:31.291,2.06503,2.06545,2.25,1.00
2016.01.12 11:00:32.099,2.06503,2.06543,1.75,1.50
2016.01.12 11:00:32.202,2.06503,2.06543,1.50,2.25
2016.01.12 11:00:32.707,2.06503,2.06541,1.00,1.00
2016.01.12 11:00:33.250,2.06503,2.06543,1.00,2.25
2016.01.12 11:00:34.008,2.06502,2.0654,1.50,1.00
2016.01.12 11:00:34.619,2.06503,2.0654,1.00,1.00
2016.01.12 11:00:34.922,2.06522,2.06559,1.00,2.25
2016.01.12 11:00:34.973,2.06523,2.06559,1.00,2.25
2016.01.12 11:00:35.511,2.06522,2.06558,1.00,1.75
2016.01.12 11:00:36.416,2.06511,2.06552,1.75,1.50
2016.01.12 11:00:36.518,2.06511,2.0655,1.37,1.37
2016.01.12 11:00:36.568,2.06511,2.0655,1.00,1.75
2016.01.12 11:00:36.619,2.06508,2.06549,1.50,1.12
2016.01.12 11:00:36.887,2.06502,2.06541,2.25,1.00
2016.01.12 11:00:37.969,2.06506,2.06547,1.00,1.75
2016.01.12 11:00:42.655,2.06508,2.06546,1.00,1.75
2016.01.12 11:00:43.205,2.06509,2.06548,1.00,1.75
2016.01.12 11:00:43.560,2.06513,2.06548,1.00,1.75
2016.01.12 11:00:43.865,2.06522,2.06557,1.00,1.75
2016.01.12 11:00:44.016,2.06519,2.06557,1.00,2.25
2016.01.12 11:00:44.168,2.06519,2.0655,1.00,1.37
2016.01.12 11:00:44.219,2.06507,2.06549,2.25,1.12
2016.01.12 11:00:44.320,2.06507,2.06546,1.75,1.00
2016.01.12 11:00:46.641,2.06507,2.06545,1.75,1.00
2016.01.12 11:00:46.793,2.06504,2.06544,1.00,1.50
2016.01.12 11:00:46.944,2.06508,2.06546,1.00,2.25
2016.01.12 11:00:47.260,2.06506,2.06544,1.00,1.50
2016.01.12 11:00:47.820,2.06509,2.06547,1.00,1.75
2016.01.12 11:00:48.022,2.06514,2.06552,1.00,1.87
2016.01.12 11:00:48.073,2.06517,2.06552,1.00,1.75
2016.01.12 11:00:48.379,2.06495,2.06522,1.00,1.00
2016.01.12 11:00:48.532,2.06488,2.06522,1.00,1.75
2016.01.12 11:00:48.633,2.06479,2.06519,1.00,1.37
2016.01.12 11:00:48.734,2.06477,2.06517,1.87,1.00
2016.01.12 11:00:48.785,2.06479,2.06517,1.00,1.00
2016.01.12 11:00:49.088,2.06488,2.06524,1.00,1.50
2016.01.12 11:00:49.483,2.06485,2.06524,1.00,1.50
2016.01.12 11:00:49.585,2.06483,2.06519,1.00,1.00
2016.01.12 11:00:49.888,2.06489,2.06523,1.00,1.00
2016.01.12 11:00:50.490,2.06483,2.06519,1.50,1.00
2016.01.12 11:00:50.541,2.06483,2.06519,1.12,1.37
2016.01.12 11:00:50.693,2.06477,2.06514,1.00,1.00
2016.01.12 11:00:51.235,2.06473,2.06514,2.25,1.00
2016.01.12 11:00:51.740,2.06473,2.06513,2.25,1.00
2016.01.12 11:00:52.164,2.06473,2.0651,1.37,1.50
2016.01.12 11:00:52.366,2.06471,2.0651,1.00,1.00
2016.01.12 11:00:52.781,2.06476,2.06511,1.00,1.12
2016.01.12 11:00:53.101,2.06481,2.06516,1.00,1.00
2016.01.12 11:00:53.610,2.0648,2.06519,1.00,1.50
2016.01.12 11:00:54.115,2.06479,2.06519,1.00,1.50
2016.01.12 11:00:54.418,2.06491,2.06523,1.00,1.00
2016.01.12 11:00:54.593,2.06488,2.06523,1.50,1.00
2016.01.12 11:00:54.643,2.06491,2.06523,1.00,1.00
2016.01.12 11:00:55.941,2.06491,2.06527,1.00,1.00
2016.01.12 11:00:56.471,2.06491,2.06528,1.00,1.00
2016.01.12 11:00:57.503,2.06493,2.06528,1.00,1.00
2016.01.12 11:00:57.806,2.06483,2.0651,1.00,1.00
2016.01.12 11:00:57.908,2.06475,2.0651,1.00,1.50
2016.01.12 11:00:58.110,2.06472,2.0651,1.00,2.25
2016.01.12 11:00:58.313,2.06474,2.06508,1.00,1.00
2016.01.12 11:00:58.579,2.06474,2.06511,1.00,1.50
2016.01.12 11:00:59.198,2.06475,2.0651,1.00,1.12
2016.01.12 11:00:59.894,2.06473,2.06511,1.00,3.00
2016.01.12 11:00:59.995,2.06471,2.06511,1.75,1.87
2016.01.12 11:01:00.046,2.06475,2.06515,1.50,2.62
2016.01.12 11:01:00.097,2.06477,2.06515,1.37,1.50
2016.01.12 11:01:00.324,2.06474,2.06509,1.00,1.12
2016.01.12 11:01:00.425,2.06469,2.06508,1.50,1.00
2016.01.12 11:01:00.627,2.06469,2.06506,2.25,1.00
2016.01.12 11:01:00.879,2.06477,2.06515,1.00,1.00
2016.01.12 11:01:01.132,2.06477,2.06512,1.00,1.00
2016.01.12 11:01:01.443,2.06461,2.06492,1.00,1.12
2016.01.12 11:01:01.493,2.06455,2.06489,1.37,1.00
2016.01.12 11:01:01.696,2.06451,2.06493,1.87,1.75
2016.01.12 11:01:03.458,2.06453,2.06493,1.00,1.75
2016.01.12 11:01:03.769,2.06455,2.06492,1.00,1.50
2016.01.12 11:01:04.021,2.06458,2.06494,1.00,1.00
2016.01.12 11:01:04.122,2.06458,2.06491,1.00,1.00
2016.01.12 11:01:06.832,2.06458,2.06493,1.00,1.00
2016.01.12 11:01:07.116,2.06458,2.06489,1.00,1.00
2016.01.12 11:01:07.268,2.06452,2.06489,1.00,1.50
2016.01.12 11:01:07.588,2.06451,2.0649,1.37,1.37
2016.01.12 11:01:07.740,2.06447,2.06488,3.00,1.00
2016.01.12 11:01:08.026,2.06453,2.06488,1.00,1.00
2016.01.12 11:01:08.078,2.06453,2.06492,1.50,1.50
2016.01.12 11:01:08.129,2.06453,2.06495,1.75,1.37
2016.01.12 11:01:08.180,2.06458,2.06498,1.37,1.12
2016.01.12 11:01:08.688,2.06456,2.06497,1.75,1.50
2016.01.12 11:01:11.152,2.06461,2.06497,1.00,1.00
2016.01.12 11:01:11.456,2.06472,2.06504,1.00,1.00
2016.01.12 11:01:11.507,2.06471,2.0651,1.12,1.37
2016.01.12 11:01:11.558,2.06471,2.0651,1.87,1.00
2016.01.12 11:01:11.609,2.06471,2.06512,1.87,1.00
2016.01.12 11:01:11.710,2.06475,2.06512,1.00,1.00
2016.01.12 11:01:12.013,2.06475,2.06515,1.75,1.00
2016.01.12 11:01:12.358,2.0647,2.06499,1.37,1.00
2016.01.12 11:01:12.509,2.06466,2.06499,1.37,1.00
2016.01.12 11:01:12.560,2.06462,2.06499,1.87,1.00
2016.01.12 11:01:12.611,2.06462,2.06495,1.87,1.00
2016.01.12 11:01:13.162,2.06461,2.06494,1.50,1.00
2016.01.12 11:01:14.826,2.06461,2.06497,1.50,1.00
2016.01.12 11:01:17.434,2.06463,2.06499,1.12,1.00
2016.01.12 11:01:17.800,2.06465,2.06499,1.00,1.00
2016.01.12 11:01:17.851,2.06465,2.06501,1.00,1.00
2016.01.12 11:01:18.003,2.06467,2.06501,1.00,1.00
2016.01.12 11:01:18.314,2.06475,2.06504,1.00,1.50
2016.01.12 11:01:18.416,2.06475,2.06506,1.00,1.37
2016.01.12 11:01:18.517,2.06479,2.06512,1.00,1.00
2016.01.12 11:01:18.568,2.06479,2.06514,1.37,1.00
2016.01.12 11:01:18.770,2.06486,2.06526,1.37,2.25
2016.01.12 11:01:18.823,2.06486,2.06526,1.75,1.87
2016.01.12 11:01:19.143,2.06486,2.06524,1.37,1.00
2016.01.12 11:01:19.194,2.06486,2.06524,1.00,1.00
2016.01.12 11:01:19.396,2.06488,2.06525,1.00,1.87
2016.01.12 11:01:19.670,2.06485,2.06525,1.12,1.87
2016.01.12 11:01:21.906,2.06487,2.06525,1.00,1.12
2016.01.12 11:01:22.071,2.06485,2.06526,1.12,1.37
2016.01.12 11:01:22.502,2.06488,2.06525,1.00,1.12
2016.01.12 11:01:23.010,2.06489,2.06526,1.00,1.37
2016.01.12 11:01:24.467,2.06486,2.06527,1.00,2.62
2016.01.12 11:01:24.983,2.06487,2.06527,1.00,2.62
2016.01.12 11:01:25.421,2.06485,2.06527,1.12,2.25
2016.01.12 11:01:25.973,2.06486,2.06527,1.00,2.25
2016.01.12 11:01:27.980,2.06485,2.06526,1.12,1.37
2016.01.12 11:01:29.091,2.06486,2.06526,1.00,1.87
2016.01.12 11:01:30.822,2.06486,2.06526,1.50,1.75
2016.01.12 11:01:31.433,2.06486,2.06526,1.50,1.75
2016.01.12 11:01:31.746,2.06489,2.06526,1.00,1.75
2016.01.12 11:01:32.687,2.06487,2.06526,1.00,1.75
2016.01.12 11:01:32.838,2.06484,2.06526,2.25,1.75
2016.01.12 11:01:36.281,2.06484,2.06526,2.62,1.75
2016.01.12 11:01:36.383,2.06487,2.06529,1.37,2.25
2016.01.12 11:01:37.033,2.06491,2.06528,1.00,1.37
2016.01.12 11:01:38.895,2.06489,2.06528,1.00,1.37
2016.01.12 11:01:38.996,2.06494,2.06528,1.00,1.37
2016.01.12 11:01:39.541,2.06495,2.06528,1.00,1.37
2016.01.12 11:01:39.634,2.06492,2.06528,1.00,1.37
2016.01.12 11:01:39.900,2.06489,2.06528,1.00,1.37
2016.01.12 11:01:42.411,2.06491,2.06529,1.00,1.50
2016.01.12 11:01:44.367,2.06492,2.06529,1.00,1.50
2016.01.12 11:01:46.027,2.06495,2.06529,1.00,1.50
2016.01.12 11:01:46.577,2.06492,2.06529,1.00,1.50
2016.01.12 11:01:47.108,2.06494,2.06529,1.00,1.50
2016.01.12 11:01:48.700,2.06494,2.06531,1.00,1.37
2016.01.12 11:01:48.801,2.06494,2.06531,1.00,1.00
2016.01.12 11:01:50.229,2.06494,2.06531,1.00,1.37
2016.01.12 11:01:51.246,2.06496,2.06528,1.12,1.50
2016.01.12 11:01:51.564,2.06503,2.06528,1.00,1.50
2016.01.12 11:01:53.203,2.06498,2.06529,1.50,1.75
2016.01.12 11:01:54.055,2.06495,2.06528,1.00,1.50
2016.01.12 11:01:54.580,2.06496,2.06529,1.00,1.75
2016.01.12 11:01:55.118,2.06495,2.06528,1.50,1.50
2016.01.12 11:01:55.720,2.06496,2.06528,1.00,1.50
2016.01.12 11:01:56.245,2.06495,2.06528,1.00,1.50
2016.01.12 11:01:56.599,2.06491,2.06528,1.50,1.50
2016.01.12 11:01:57.693,2.06492,2.06528,1.00,1.50
2016.01.12 11:01:58.456,2.06491,2.06528,1.50,1.50
2016.01.12 11:01:58.608,2.06491,2.06523,1.00,1.00
2016.01.12 11:01:58.786,2.06484,2.06519,1.37,1.00
2016.01.12 11:01:58.888,2.06483,2.06519,1.00,1.00
2016.01.12 11:01:59.258,2.06485,2.06521,1.00,1.87
2016.01.12 11:01:59.561,2.06482,2.06517,1.00,1.00
2016.01.12 11:01:59.890,2.06479,2.06514,1.00,1.12
2016.01.12 11:02:00.243,2.06482,2.06515,1.00,1.12
2016.01.12 11:02:00.496,2.06483,2.0652,1.00,1.00
2016.01.12 11:02:00.547,2.06485,2.0652,1.00,1.00
2016.01.12 11:02:00.828,2.06487,2.06523,1.12,1.00
2016.01.12 11:02:00.879,2.06489,2.06523,1.00,1.00
2016.01.12 11:02:01.182,2.06497,2.06531,1.00,1.00
2016.01.12 11:02:01.334,2.06499,2.06534,1.00,1.12
2016.01.12 11:02:01.385,2.06501,2.06536,1.00,1.75
2016.01.12 11:02:01.638,2.06494,2.06532,1.00,1.50
2016.01.12 11:02:01.689,2.06498,2.06535,1.00,2.25
2016.01.12 11:02:02.952,2.06498,2.06535,1.50,1.87
2016.01.12 11:02:03.003,2.06498,2.06534,1.50,1.00
2016.01.12 11:02:03.546,2.06498,2.06534,1.50,1.37
2016.01.12 11:02:03.748,2.06491,2.06529,1.12,1.50
2016.01.12 11:02:03.950,2.06497,2.0653,1.00,1.12
2016.01.12 11:02:04.267,2.065,2.0653,1.00,1.00
2016.01.12 11:02:04.519,2.06498,2.0653,1.00,1.00
2016.01.12 11:02:04.570,2.06499,2.06534,1.00,1.00
2016.01.12 11:02:05.108,2.065,2.06535,1.00,1.12
2016.01.12 11:02:05.643,2.06499,2.06536,1.00,1.50
2016.01.12 11:02:06.491,2.06499,2.06536,1.00,1.50
2016.01.12 11:02:06.725,2.06493,2.0653,1.00,1.87
2016.01.12 11:02:07.781,2.0649,2.06525,1.87,1.00
2016.01.12 11:02:07.933,2.06488,2.06525,1.00,1.75
2016.01.12 11:02:09.224,2.06489,2.06525,1.00,1.75
2016.01.12 11:02:11.691,2.06491,2.06525,1.00,1.75
2016.01.12 11:02:12.035,2.06489,2.06506,1.00,1.00
2016.01.12 11:02:12.086,2.0648,2.06506,1.00,1.37
2016.01.12 11:02:12.137,2.06477,2.06506,1.50,1.75
2016.01.12 11:02:12.289,2.06469,2.06503,1.00,1.00
2016.01.12 11:02:12.492,2.0647,2.06502,1.00,1.37
2016.01.12 11:02:12.694,2.06467,2.06502,1.00,1.75
2016.01.12 11:02:13.821,2.06462,2.06498,1.00,1.12
2016.01.12 11:02:13.872,2.06467,2.06501,1.00,1.87
2016.01.12 11:02:14.005,2.06467,2.06502,1.00,1.00
2016.01.12 11:02:14.057,2.06473,2.06507,1.00,2.25
2016.01.12 11:02:14.260,2.06476,2.06513,2.25,1.37
2016.01.12 11:02:14.512,2.0648,2.06513,1.00,1.00
2016.01.12 11:02:14.815,2.0648,2.06513,1.00,1.37
2016.01.12 11:02:14.946,2.06478,2.06512,1.00,1.37
2016.01.12 11:02:16.363,2.0648,2.06516,1.00,1.87
2016.01.12 11:02:16.464,2.0648,2.06516,1.00,2.25
2016.01.12 11:02:16.566,2.06479,2.06509,1.00,1.12
2016.01.12 11:02:16.717,2.06473,2.06509,1.00,1.87
2016.01.12 11:02:17.343,2.06471,2.06506,1.00,1.00
2016.01.12 11:02:17.676,2.06467,2.06498,1.00,1.00
2016.01.12 11:02:17.727,2.06467,2.06501,1.00,1.12
2016.01.12 11:02:18.611,2.06466,2.06501,1.00,1.12
2016.01.12 11:02:18.662,2.06468,2.06504,1.00,2.25
2016.01.12 11:02:21.443,2.06472,2.06504,1.00,1.75
2016.01.12 11:02:21.695,2.06472,2.06507,1.50,1.37
2016.01.12 11:02:21.746,2.06477,2.0651,1.00,1.00
2016.01.12 11:02:28.167,2.06477,2.06512,2.25,1.00
2016.01.12 11:02:28.369,2.06486,2.06512,1.00,1.00
2016.01.12 11:02:28.470,2.06478,2.06512,1.50,1.00
2016.01.12 11:02:28.622,2.06478,2.06512,1.00,1.37
2016.01.12 11:02:29.124,2.06477,2.06512,1.00,1.75
2016.01.12 11:02:32.674,2.06479,2.06512,1.00,1.75
2016.01.12 11:02:32.877,2.06477,2.06512,1.00,1.75
2016.01.12 11:02:34.344,2.06477,2.06512,1.00,1.00
2016.01.12 11:02:34.556,2.06487,2.06512,1.00,1.00
2016.01.12 11:02:34.708,2.06489,2.06516,1.00,1.00
2016.01.12 11:02:34.759,2.06489,2.06525,1.50,2.25
2016.01.12 11:02:34.810,2.06491,2.06527,1.87,1.00
2016.01.12 11:02:34.912,2.06499,2.06532,1.00,1.00
2016.01.12 11:02:35.114,2.06501,2.06536,1.00,1.75
2016.01.12 11:02:35.647,2.06501,2.06536,1.50,1.00
2016.01.12 11:02:35.950,2.065,2.06533,1.00,1.00
2016.01.12 11:02:36.001,2.06498,2.06533,2.25,1.00
2016.01.12 11:02:36.102,2.065,2.06533,1.00,1.00
2016.01.12 11:02:37.395,2.06505,2.06536,1.00,1.00
2016.01.12 11:02:37.631,2.06502,2.06536,1.00,1.00
2016.01.12 11:02:39.370,2.065,2.06536,1.00,1.00
2016.01.12 11:02:40.792,2.06501,2.06536,1.00,1.00
2016.01.12 11:02:42.043,2.06504,2.06539,1.00,1.50
2016.01.12 11:02:42.598,2.06508,2.06539,1.00,1.37
2016.01.12 11:02:43.133,2.06508,2.06539,1.00,1.00
2016.01.12 11:02:43.669,2.06508,2.0654,1.00,1.00
2016.01.12 11:02:45.167,2.06507,2.0654,1.00,1.00
2016.01.12 11:02:45.677,2.06508,2.0654,1.00,1.00
2016.01.12 11:02:46.103,2.06505,2.0654,1.00,1.00
2016.01.12 11:02:48.614,2.06504,2.06537,1.00,1.37
2016.01.12 11:02:48.716,2.06502,2.06535,1.00,1.00
2016.01.12 11:02:48.869,2.06502,2.06533,1.00,1.00
2016.01.12 11:02:49.080,2.06495,2.06527,1.00,1.12
2016.01.12 11:02:49.131,2.06492,2.06527,1.00,1.12
2016.01.12 11:02:49.676,2.06491,2.06527,1.00,1.12
2016.01.12 11:02:50.334,2.06492,2.06528,1.37,1.87
2016.01.12 11:02:50.536,2.06495,2.06531,1.87,1.00
2016.01.12 11:02:50.587,2.065,2.06531,1.00,1.00
2016.01.12 11:02:50.942,2.06494,2.06531,1.75,1.00
2016.01.12 11:02:51.145,2.06498,2.06526,1.00,1.00
2016.01.12 11:02:51.247,2.06491,2.06526,1.12,1.37
2016.01.12 11:02:51.298,2.06491,2.06518,1.12,1.00
2016.01.12 11:02:51.399,2.06482,2.06518,1.00,1.50
2016.01.12 11:02:51.551,2.06481,2.06515,1.00,1.00
2016.01.12 11:02:51.653,2.06478,2.06515,1.00,1.12
2016.01.12 11:02:52.158,2.06478,2.06514,1.00,1.00
2016.01.12 11:02:52.259,2.06478,2.06515,2.25,1.00
2016.01.12 11:02:52.360,2.06482,2.0652,1.50,1.00
2016.01.12 11:02:52.590,2.06487,2.0652,1.00,1.00
2016.01.12 11:02:52.794,2.06481,2.06515,1.00,1.00
2016.01.12 11:02:52.946,2.06476,2.06514,1.00,1.50
2016.01.12 11:02:53.973,2.06479,2.06515,1.00,1.50
2016.01.12 11:02:54.450,2.06478,2.06513,1.00,1.00
2016.01.12 11:02:54.802,2.0648,2.06513,1.00,1.00
2016.01.12 11:02:54.853,2.06482,2.06519,1.00,1.75
2016.01.12 11:02:55.005,2.06486,2.06521,1.00,1.75
2016.01.12 11:02:55.106,2.06483,2.06519,1.00,1.75
2016.01.12 11:02:55.545,2.0648,2.06517,1.37,1.50
2016.01.12 11:02:56.053,2.0648,2.06517,1.00,1.50
2016.01.12 11:02:56.558,2.06481,2.06517,1.00,1.50
2016.01.12 11:02:56.758,2.06486,2.06517,1.00,1.00
2016.01.12 11:02:57.263,2.06487,2.06517,1.00,1.00
2016.01.12 11:02:57.768,2.06486,2.06517,1.00,1.00
2016.01.12 11:02:57.920,2.06481,2.06517,1.50,1.00
2016.01.12 11:02:59.210,2.06482,2.06517,1.00,1.00
2016.01.12 11:02:59.567,2.0648,2.06517,1.50,1.50
2016.01.12 11:03:00.573,2.06483,2.06516,1.00,1.12
2016.01.12 11:03:02.985,2.06485,2.06516,1.00,1.12
2016.01.12 11:03:03.988,2.06487,2.06517,1.00,1.50
2016.01.12 11:03:05.546,2.06486,2.06517,1.50,1.37
2016.01.12 11:03:05.597,2.06486,2.0652,1.87,1.00
2016.01.12 11:03:05.710,2.06494,2.0652,1.00,1.00
2016.01.12 11:03:05.761,2.06494,2.06524,1.00,1.72
2016.01.12 11:03:06.013,2.06493,2.06524,1.00,1.00
2016.01.12 11:03:06.519,2.06494,2.06524,1.00,1.00
2016.01.12 11:03:06.620,2.06494,2.06527,1.00,1.50
2016.01.12 11:03:06.871,2.0649,2.06527,1.00,2.25
2016.01.12 11:03:07.815,2.0649,2.06521,1.00,1.00
2016.01.12 11:03:07.866,2.06487,2.06521,1.12,1.00
2016.01.12 11:03:07.939,2.06482,2.06516,1.00,1.00
2016.01.12 11:03:08.142,2.0648,2.06516,1.12,1.00
2016.01.12 11:03:08.819,2.06481,2.06516,1.00,1.00
2016.01.12 11:03:09.327,2.06482,2.06516,1.00,1.00
2016.01.12 11:03:09.874,2.06481,2.06516,1.00,1.00
2016.01.12 11:03:10.704,2.06481,2.06513,1.00,1.00
2016.01.12 11:03:11.007,2.06474,2.065,1.00,1.72
2016.01.12 11:03:11.058,2.06466,2.06495,1.00,1.00
2016.01.12 11:03:11.109,2.06459,2.06495,1.50,1.00
2016.01.12 11:03:11.160,2.06463,2.06495,1.00,1.00
2016.01.12 11:03:11.457,2.06469,2.06506,1.12,1.00
2016.01.12 11:03:12.114,2.06471,2.06506,1.00,1.00
2016.01.12 11:03:12.434,2.06474,2.06511,1.00,1.75
2016.01.12 11:03:14.795,2.06477,2.06512,1.00,1.75
2016.01.12 11:03:15.395,2.06477,2.06512,1.00,1.37
2016.01.12 11:03:15.496,2.06477,2.06512,1.00,1.00
2016.01.12 11:03:16.294,2.06477,2.06511,1.00,1.00
2016.01.12 11:03:16.844,2.06477,2.06512,1.00,1.00
2016.01.12 11:03:17.353,2.06477,2.06513,1.00,1.12
2016.01.12 11:03:17.950,2.06477,2.06509,1.00,1.00
2016.01.12 11:03:18.001,2.06472,2.06507,1.37,1.12
2016.01.12 11:03:18.052,2.06468,2.06505,1.50,1.00
2016.01.12 11:03:18.103,2.06468,2.06505,1.12,1.00
2016.01.12 11:03:18.154,2.06468,2.06501,1.12,1.00
2016.01.12 11:03:18.356,2.0646,2.06496,1.00,1.50
2016.01.12 11:03:18.458,2.0646,2.06496,1.00,1.87
2016.01.12 11:03:18.893,2.0646,2.06496,1.00,1.00
2016.01.12 11:03:18.944,2.06466,2.06501,1.37,1.37
2016.01.12 11:03:18.995,2.06466,2.06502,1.75,1.00
2016.01.12 11:03:19.046,2.06473,2.06502,1.00,1.00
2016.01.12 11:03:19.097,2.06473,2.06505,1.00,1.00
2016.01.12 11:03:19.260,2.06468,2.06505,2.25,1.00
2016.01.12 11:03:19.311,2.06471,2.06508,1.00,1.50
2016.01.12 11:03:20.169,2.06472,2.06509,1.00,1.75
2016.01.12 11:03:21.223,2.06472,2.06509,1.37,1.37
2016.01.12 11:03:21.527,2.06478,2.0651,1.00,1.00
2016.01.12 11:03:21.830,2.0648,2.06512,1.00,1.12
2016.01.12 11:03:22.032,2.06478,2.06512,1.50,1.12
2016.01.12 11:03:22.306,2.06482,2.06519,1.00,1.00
2016.01.12 11:03:22.357,2.06484,2.0652,1.00,1.12
2016.01.12 11:03:23.031,2.06488,2.0652,1.00,1.12
2016.01.12 11:03:25.246,2.06486,2.06521,1.00,1.50
2016.01.12 11:03:27.358,2.06482,2.0652,1.00,1.50
2016.01.12 11:03:27.409,2.06482,2.06517,1.00,1.00
2016.01.12 11:03:27.712,2.0648,2.06515,1.00,1.75
2016.01.12 11:03:27.864,2.06476,2.06512,1.50,1.12
2016.01.12 11:03:29.929,2.06477,2.06512,1.50,1.87
2016.01.12 11:03:30.030,2.06481,2.06514,1.00,1.37
2016.01.12 11:03:30.283,2.06481,2.06516,2.25,1.00
2016.01.12 11:03:30.436,2.06483,2.06519,1.00,1.12
2016.01.12 11:03:30.487,2.06485,2.06519,1.00,1.12
2016.01.12 11:03:30.790,2.06485,2.06515,1.00,1.00
2016.01.12 11:03:30.841,2.0648,2.06515,1.00,1.87
2016.01.12 11:03:31.094,2.06475,2.0651,1.00,1.00
2016.01.12 11:03:31.600,2.06474,2.0651,1.12,1.00
2016.01.12 11:03:31.838,2.06476,2.0651,1.00,1.00
2016.01.12 11:03:31.962,2.06477,2.06512,1.00,1.00
2016.01.12 11:03:32.631,2.06481,2.06515,1.00,1.87
2016.01.12 11:03:32.935,2.06496,2.06531,1.50,1.00
2016.01.12 11:03:33.797,2.06496,2.06534,2.25,1.00
2016.01.12 11:03:35.111,2.06498,2.06534,1.00,1.00
2016.01.12 11:03:35.515,2.065,2.06535,1.00,1.00
2016.01.12 11:03:36.507,2.06498,2.06533,1.00,1.00
2016.01.12 11:03:37.009,2.06497,2.06533,1.12,1.00
2016.01.12 11:03:37.755,2.06499,2.06535,1.00,1.00
2016.01.12 11:03:38.063,2.06501,2.06536,1.00,1.12
2016.01.12 11:03:38.366,2.06503,2.06536,1.00,1.12
2016.01.12 11:03:38.619,2.06511,2.06546,1.00,1.12
2016.01.12 11:03:40.380,2.06509,2.06546,1.50,1.12
2016.01.12 11:03:40.683,2.06507,2.06543,1.12,1.00
2016.01.12 11:03:41.010,2.0651,2.06543,1.00,1.00
2016.01.12 11:03:42.336,2.0651,2.06546,1.00,1.12
2016.01.12 11:03:42.387,2.06513,2.06549,1.00,3.00
2016.01.12 11:03:44.967,2.06513,2.06548,1.00,1.12
2016.01.12 11:03:45.024,2.06508,2.06542,1.00,1.12
2016.01.12 11:03:45.075,2.06508,2.06535,1.00,1.37
2016.01.12 11:03:45.126,2.06504,2.06532,1.00,1.00
2016.01.12 11:03:45.177,2.06496,2.06531,1.00,1.00
2016.01.12 11:03:45.692,2.06495,2.06531,1.00,1.00
2016.01.12 11:03:46.208,2.06494,2.06531,1.12,1.00
2016.01.12 11:03:46.461,2.06497,2.06531,1.00,1.00
2016.01.12 11:03:46.612,2.06497,2.06533,1.00,1.12
2016.01.12 11:03:46.764,2.065,2.06535,1.00,1.50
2016.01.12 11:03:46.966,2.06507,2.06542,1.00,1.00
2016.01.12 11:03:47.468,2.0651,2.06542,1.00,1.00
2016.01.12 11:03:49.860,2.06509,2.06542,1.50,1.00
2016.01.12 11:03:50.359,2.06509,2.06545,2.25,1.00
2016.01.12 11:03:50.410,2.06509,2.06541,1.00,1.00
2016.01.12 11:03:50.914,2.06506,2.06541,1.75,1.00
2016.01.12 11:03:54.392,2.06505,2.06537,1.00,1.00
2016.01.12 11:03:54.494,2.06502,2.06536,1.00,1.00
2016.01.12 11:03:55.381,2.06504,2.06538,1.00,1.00
2016.01.12 11:03:55.584,2.06506,2.06542,1.00,2.25
2016.01.12 11:03:57.389,2.06506,2.0654,1.00,1.75
2016.01.12 11:03:57.440,2.06504,2.06535,1.00,1.12
2016.01.12 11:03:57.541,2.06496,2.06533,1.87,1.00
2016.01.12 11:03:57.592,2.06496,2.0653,1.00,1.00
2016.01.12 11:03:57.993,2.06493,2.0653,1.00,1.50
2016.01.12 11:03:58.398,2.06493,2.0653,1.37,1.50
2016.01.12 11:03:58.701,2.06497,2.0653,1.00,1.00
2016.01.12 11:03:59.202,2.06499,2.0653,1.00,1.00
2016.01.12 11:03:59.455,2.06495,2.06529,1.00,1.00
2016.01.12 11:03:59.803,2.06502,2.06531,1.37,1.87
2016.01.12 11:03:59.868,2.06506,2.06532,1.00,1.50
2016.01.12 11:03:59.919,2.06513,2.06536,1.00,1.00
2016.01.12 11:03:59.970,2.06513,2.06543,1.00,1.00
2016.01.12 11:04:00.031,2.06511,2.06546,1.00,1.67
2016.01.12 11:04:00.133,2.06512,2.06547,1.00,1.50
2016.01.12 11:04:00.335,2.06514,2.06547,1.00,1.00
2016.01.12 11:04:00.436,2.06514,2.0655,1.12,1.00
2016.01.12 11:04:00.538,2.06518,2.06551,1.00,1.00
2016.01.12 11:04:00.857,2.0652,2.06554,1.00,1.50
2016.01.12 11:04:01.232,2.0652,2.06549,1.00,1.00
2016.01.12 11:04:01.283,2.06516,2.06549,1.00,1.37
2016.01.12 11:04:01.334,2.06516,2.06541,1.00,1.00
2016.01.12 11:04:01.537,2.06509,2.0654,1.00,1.00
2016.01.12 11:04:01.616,2.06504,2.0654,1.50,1.50
2016.01.12 11:04:02.492,2.06504,2.06537,1.00,1.00
2016.01.12 11:04:03.817,2.06501,2.06537,1.12,1.00
2016.01.12 11:04:04.020,2.06505,2.0654,1.00,1.50
2016.01.12 11:04:04.323,2.06514,2.06541,1.00,1.00
2016.01.12 11:04:05.377,2.0651,2.06541,1.00,1.00
2016.01.12 11:04:05.478,2.06506,2.06541,1.00,1.00
2016.01.12 11:04:05.781,2.06505,2.06535,1.00,1.00
2016.01.12 11:04:05.832,2.06502,2.06535,1.00,1.00
2016.01.12 11:04:06.437,2.06502,2.06538,1.87,1.00
2016.01.12 11:04:06.487,2.06504,2.0654,1.00,1.12
2016.01.12 11:04:06.992,2.06505,2.0654,1.00,1.12
2016.01.12 11:04:07.498,2.06504,2.0654,1.00,1.12
2016.01.12 11:04:08.003,2.06505,2.0654,1.00,1.12
2016.01.12 11:04:08.699,2.06504,2.0654,1.12,1.12
2016.01.12 11:04:09.153,2.06504,2.0654,1.37,1.12
2016.01.12 11:04:09.692,2.06507,2.0654,1.00,1.00
2016.01.12 11:04:10.096,2.06507,2.06544,1.00,1.00
2016.01.12 11:04:10.247,2.0651,2.06545,1.00,1.87
2016.01.12 11:04:11.315,2.06517,2.06545,1.00,1.87
2016.01.12 11:04:11.467,2.06526,2.06557,1.00,1.50
2016.01.12 11:04:11.562,2.06529,2.06557,1.00,1.00
2016.01.12 11:04:11.613,2.06529,2.06566,1.00,1.00
2016.01.12 11:04:11.664,2.06531,2.06568,1.00,1.50
2016.01.12 11:04:11.967,2.06533,2.06568,1.50,1.00
2016.01.12 11:04:12.474,2.06533,2.06568,1.00,1.12
2016.01.12 11:04:12.777,2.06537,2.06573,1.00,2.25
2016.01.12 11:04:15.392,2.06536,2.0657,1.00,1.50
2016.01.12 11:04:19.488,2.06536,2.06571,1.87,1.00
2016.01.12 11:04:19.993,2.06532,2.0657,2.25,1.87
2016.01.12 11:04:20.044,2.06532,2.0657,1.00,2.62
2016.01.12 11:04:20.095,2.0653,2.06565,1.00,1.00
2016.01.12 11:04:20.145,2.06527,2.06564,1.50,1.00
2016.01.12 11:04:20.196,2.0653,2.06565,1.00,1.00
2016.01.12 11:04:20.508,2.06533,2.06566,1.00,1.00
2016.01.12 11:04:20.559,2.0653,2.06566,1.00,1.00
2016.01.12 11:04:22.777,2.06528,2.06562,1.00,1.00
2016.01.12 11:04:23.283,2.06527,2.06562,1.50,1.12
2016.01.12 11:04:23.587,2.06524,2.06554,1.00,1.50
2016.01.12 11:04:23.638,2.06517,2.06551,1.00,1.50
2016.01.12 11:04:24.022,2.0652,2.06556,1.00,1.75
2016.01.12 11:04:24.326,2.06526,2.06559,1.00,1.00
2016.01.12 11:04:24.940,2.06527,2.06559,1.00,1.00
2016.01.12 11:04:25.041,2.0653,2.06563,1.00,1.00
2016.01.12 11:04:25.546,2.06531,2.06563,1.00,1.00
2016.01.12 11:04:25.597,2.06537,2.06566,1.00,1.12
2016.01.12 11:04:25.699,2.06534,2.06568,1.00,1.75
2016.01.12 11:04:26.144,2.06528,2.06565,1.00,1.00
2016.01.12 11:04:26.529,2.06531,2.06567,1.00,1.50
2016.01.12 11:04:27.348,2.06528,2.06563,1.00,1.12
2016.01.12 11:04:27.501,2.06515,2.06552,1.87,1.50
2016.01.12 11:04:27.653,2.06512,2.06548,1.00,1.37
2016.01.12 11:04:27.755,2.06502,2.06536,1.50,1.00
2016.01.12 11:04:28.297,2.06503,2.06535,1.00,1.00
2016.01.12 11:04:29.007,2.06499,2.06534,1.50,1.00
2016.01.12 11:04:29.360,2.06504,2.06537,1.00,1.00
2016.01.12 11:04:29.771,2.06509,2.06541,1.00,1.00
2016.01.12 11:04:29.873,2.06509,2.06544,1.00,1.00
2016.01.12 11:04:30.377,2.0651,2.06545,1.00,1.00
2016.01.12 11:04:30.635,2.06507,2.06544,1.00,1.00
2016.01.12 11:04:31.241,2.06509,2.06546,1.00,1.50
2016.01.12 11:04:31.544,2.06508,2.06543,1.00,1.00
2016.01.12 11:04:32.246,2.06505,2.06543,1.50,1.00
2016.01.12 11:04:33.925,2.06505,2.06539,1.50,1.00
2016.01.12 11:04:34.447,2.06506,2.06539,1.00,1.00
2016.01.12 11:04:35.204,2.06505,2.06539,1.00,1.00
2016.01.12 11:04:36.138,2.06505,2.06542,1.00,1.00
2016.01.12 11:04:36.391,2.06507,2.06542,1.00,1.00
2016.01.12 11:04:36.903,2.06508,2.06542,1.00,1.00
2016.01.12 11:04:39.886,2.06509,2.06544,1.00,1.00
2016.01.12 11:04:39.937,2.06507,2.06541,1.00,1.00
2016.01.12 11:04:40.139,2.06505,2.06541,1.00,1.00
2016.01.12 11:04:40.361,2.06505,2.06539,1.00,1.00
2016.01.12 11:04:40.672,2.06509,2.06539,1.50,1.00
2016.01.12 11:04:40.773,2.06513,2.06544,1.00,1.00
2016.01.12 11:04:40.824,2.06515,2.06544,1.00,1.00
2016.01.12 11:04:40.996,2.06515,2.06551,1.00,1.50
2016.01.12 11:04:41.047,2.06515,2.06551,1.00,1.87
2016.01.12 11:04:41.097,2.06511,2.06546,1.75,1.12
2016.01.12 11:04:41.249,2.06511,2.06542,1.75,1.00
2016.01.12 11:04:41.988,2.06508,2.06543,1.75,1.12
2016.01.12 11:04:42.797,2.06512,2.06541,1.50,1.00
2016.01.12 11:04:42.898,2.06512,2.06548,1.75,1.50
2016.01.12 11:04:43.107,2.06514,2.0655,1.75,1.50
2016.01.12 11:04:43.746,2.06513,2.06546,2.25,1.00
2016.01.12 11:04:43.999,2.06513,2.06549,2.25,1.00
2016.01.12 11:04:45.204,2.06514,2.0655,1.75,1.00
2016.01.12 11:04:49.620,2.06516,2.06552,1.50,1.00
2016.01.12 11:04:49.772,2.06522,2.06552,1.00,1.00
2016.01.12 11:04:49.873,2.06526,2.0656,1.00,1.00
2016.01.12 11:04:49.924,2.06526,2.0656,1.75,1.00
2016.01.12 11:04:50.075,2.06527,2.06563,1.75,1.00
2016.01.12 11:04:51.131,2.06527,2.06562,2.25,1.00
2016.01.12 11:04:52.439,2.06528,2.06563,1.75,1.00
2016.01.12 11:04:53.596,2.06526,2.06563,1.87,1.87
2016.01.12 11:04:53.647,2.06526,2.06559,1.50,1.00
2016.01.12 11:04:53.850,2.06519,2.06554,1.12,1.12
2016.01.12 11:04:54.350,2.06521,2.06556,1.00,1.00
2016.01.12 11:04:54.689,2.06523,2.06556,1.37,1.50
2016.01.12 11:04:55.255,2.06523,2.06558,1.87,1.00
2016.01.12 11:04:55.306,2.0652,2.06558,1.87,1.87
2016.01.12 11:04:55.407,2.0652,2.06558,1.37,2.25
2016.01.12 11:04:55.458,2.0652,2.06558,1.00,2.62
2016.01.12 11:04:55.661,2.06518,2.06553,1.00,1.12
2016.01.12 11:04:58.020,2.06521,2.06553,1.00,1.00
2016.01.12 11:04:58.072,2.06521,2.06555,1.00,1.00
2016.01.12 11:04:58.225,2.06521,2.06555,1.00,1.37
2016.01.12 11:04:58.478,2.06521,2.06555,1.00,1.50
2016.01.12 11:04:59.626,2.0652,2.06555,1.00,1.00
2016.01.12 11:05:00.129,2.06521,2.06555,1.00,1.00
2016.01.12 11:05:00.180,2.06518,2.06555,1.00,1.00
2016.01.12 11:05:00.333,2.06523,2.06556,1.00,1.12
2016.01.12 11:05:00.683,2.06523,2.06554,1.00,1.00
2016.01.12 11:05:01.589,2.06521,2.06554,1.00,1.00
2016.01.12 11:05:02.343,2.06521,2.06556,1.12,1.12
2016.01.12 11:05:02.444,2.06527,2.06556,1.00,1.00
2016.01.12 11:05:02.680,2.06531,2.06562,1.00,1.00
2016.01.12 11:05:02.781,2.06532,2.06565,1.00,1.00
2016.01.12 11:05:03.451,2.06532,2.06565,1.37,1.00
2016.01.12 11:05:03.653,2.06528,2.06565,1.50,1.00
2016.01.12 11:05:03.891,2.06527,2.06562,2.25,1.00
2016.01.12 11:05:03.992,2.06527,2.06562,1.00,1.00
2016.01.12 11:05:04.755,2.06523,2.06561,1.50,1.00
2016.01.12 11:05:05.273,2.06523,2.0656,1.50,1.00
2016.01.12 11:05:05.811,2.06525,2.06561,1.00,1.00
2016.01.12 11:05:06.241,2.06523,2.06558,1.50,1.00
2016.01.12 11:05:06.393,2.06519,2.06555,1.00,3.00
2016.01.12 11:05:06.747,2.06516,2.0655,1.00,1.00
2016.01.12 11:05:07.061,2.06518,2.0655,1.00,1.00
2016.01.12 11:05:07.112,2.06519,2.06553,1.00,1.00
2016.01.12 11:05:07.214,2.0652,2.06556,1.00,1.00
2016.01.12 11:05:07.365,2.06522,2.06557,1.00,1.00
2016.01.12 11:05:07.668,2.06525,2.06559,1.00,1.00
2016.01.12 11:05:08.273,2.06524,2.06559,1.00,1.00
2016.01.12 11:05:08.578,2.06523,2.06557,1.50,1.00
2016.01.12 11:05:08.982,2.06523,2.06554,1.00,1.00
2016.01.12 11:05:09.596,2.06522,2.06554,1.50,1.00
2016.01.12 11:05:09.899,2.06527,2.06558,1.00,1.00
2016.01.12 11:05:10.257,2.06534,2.06559,1.00,1.00
2016.01.12 11:05:10.411,2.06534,2.06563,1.00,1.00
2016.01.12 11:05:10.819,2.06532,2.06563,1.00,1.00
2016.01.12 11:05:11.036,2.06528,2.06563,1.00,1.00
2016.01.12 11:05:11.742,2.06528,2.0656,1.00,1.00
2016.01.12 11:05:13.022,2.06527,2.0656,1.00,1.00
2016.01.12 11:05:13.359,2.06529,2.0656,1.00,1.00
2016.01.12 11:05:14.267,2.06526,2.0656,1.12,1.00
2016.01.12 11:05:14.783,2.06527,2.0656,1.00,1.00
2016.01.12 11:05:14.985,2.06522,2.06557,1.37,1.00
2016.01.12 11:05:15.036,2.06522,2.06556,1.00,1.00
2016.01.12 11:05:15.087,2.06522,2.06552,1.00,1.00
2016.01.12 11:05:15.390,2.06514,2.06545,1.00,1.37
2016.01.12 11:05:15.491,2.06507,2.0654,1.00,1.12
2016.01.12 11:05:15.558,2.06503,2.06536,1.00,1.37
2016.01.12 11:05:15.609,2.06501,2.06532,1.00,1.00
2016.01.12 11:05:15.761,2.06497,2.06532,1.50,1.00
2016.01.12 11:05:16.425,2.06498,2.06535,1.37,1.37
2016.01.12 11:05:16.476,2.06502,2.06538,1.37,1.87
2016.01.12 11:05:16.527,2.06502,2.06538,1.75,1.50
2016.01.12 11:05:16.578,2.06508,2.06538,1.87,1.00
2016.01.12 11:05:16.722,2.06514,2.06549,1.75,1.00
2016.01.12 11:05:17.231,2.0652,2.0655,1.50,1.00
2016.01.12 11:05:17.332,2.06523,2.0655,1.00,1.00
2016.01.12 11:05:17.635,2.06523,2.0655,1.75,1.00
2016.01.12 11:05:18.049,2.0652,2.0655,1.75,1.00
2016.01.12 11:05:18.100,2.0652,2.0655,1.37,1.00
2016.01.12 11:05:19.867,2.0652,2.06552,1.37,1.00
2016.01.12 11:05:20.907,2.06519,2.06552,1.50,1.71
2016.01.12 11:05:21.059,2.06513,2.06545,1.37,1.37
2016.01.12 11:05:21.160,2.06504,2.06539,1.37,1.37
2016.01.12 11:05:21.211,2.06504,2.06539,1.00,1.37
2016.01.12 11:05:21.349,2.06501,2.06533,1.00,1.00
2016.01.12 11:05:21.653,2.0649,2.06526,2.25,1.00
2016.01.12 11:05:21.754,2.06493,2.06526,1.00,1.00
2016.01.12 11:05:23.817,2.0649,2.06524,1.50,1.37
2016.01.12 11:05:23.918,2.06488,2.06523,1.00,1.37
2016.01.12 11:05:24.019,2.06486,2.06516,1.50,1.00
2016.01.12 11:05:24.272,2.06486,2.06521,1.50,1.50
2016.01.12 11:05:24.423,2.06489,2.06521,1.00,1.50
2016.01.12 11:05:24.727,2.06489,2.06521,1.75,1.50
2016.01.12 11:05:25.130,2.0649,2.06525,1.75,1.87
2016.01.12 11:05:25.675,2.0649,2.06528,1.75,1.00
2016.01.12 11:05:25.777,2.0649,2.06526,1.75,1.00
2016.01.12 11:05:26.079,2.06494,2.06527,1.00,1.50
2016.01.12 11:05:26.483,2.06494,2.06531,1.50,1.00
2016.01.12 11:05:26.996,2.06495,2.06531,1.00,1.00
2016.01.12 11:05:27.098,2.06495,2.06528,1.00,1.00
2016.01.12 11:05:29.040,2.06494,2.06528,1.00,1.00
2016.01.12 11:05:29.380,2.06484,2.06522,1.75,1.00
2016.01.12 11:05:30.296,2.06488,2.06529,1.12,1.50
2016.01.12 11:05:30.637,2.06487,2.06527,1.37,1.50
2016.01.12 11:05:31.175,2.06484,2.06524,2.25,1.00
2016.01.12 11:05:32.609,2.06485,2.06527,1.75,1.12
2016.01.12 11:05:33.342,2.06485,2.06524,1.75,1.00
2016.01.12 11:05:33.649,2.0647,2.06506,1.00,1.50
2016.01.12 11:05:33.700,2.06465,2.06502,1.00,1.00
2016.01.12 11:05:33.852,2.06468,2.06502,1.00,1.00
2016.01.12 11:05:33.953,2.06465,2.06502,1.00,1.00
2016.01.12 11:05:34.508,2.06462,2.06502,1.00,1.50
2016.01.12 11:05:34.811,2.06459,2.06499,1.50,1.00
2016.01.12 11:05:35.165,2.06459,2.06501,1.75,1.12
2016.01.12 11:05:35.317,2.06458,2.06499,2.25,1.00
2016.01.12 11:05:35.367,2.06464,2.06504,1.00,3.00
2016.01.12 11:05:35.577,2.06462,2.065,1.00,1.12
2016.01.12 11:05:35.678,2.06465,2.06502,1.12,1.37
2016.01.12 11:05:35.729,2.06465,2.06502,1.50,1.00
2016.01.12 11:05:36.032,2.06466,2.06505,1.00,1.00
2016.01.12 11:05:36.234,2.06465,2.06502,1.50,1.00
2016.01.12 11:05:37.530,2.06466,2.06502,1.00,1.12
2016.01.12 11:05:37.833,2.06452,2.06494,1.75,1.50
2016.01.12 11:05:37.934,2.06452,2.0649,1.75,1.00
2016.01.12 11:05:38.187,2.06452,2.0649,1.00,1.50
2016.01.12 11:05:38.288,2.06458,2.0649,1.00,1.00
2016.01.12 11:05:38.415,2.06459,2.06494,1.00,1.00
2016.01.12 11:05:38.718,2.06454,2.06491,1.00,1.37
2016.01.12 11:05:38.870,2.06443,2.0648,2.25,1.00
2016.01.12 11:05:38.971,2.06443,2.06474,1.37,1.00
2016.01.12 11:05:39.022,2.06437,2.06474,1.50,1.00
2016.01.12 11:05:40.964,2.06438,2.06477,1.87,1.37
2016.01.12 11:05:41.015,2.06443,2.06477,1.75,1.00
2016.01.12 11:05:41.066,2.06447,2.06482,1.12,1.00
2016.01.12 11:05:41.117,2.06447,2.06487,2.25,1.00
2016.01.12 11:05:41.218,2.0645,2.06489,1.75,1.00
2016.01.12 11:05:41.413,2.06459,2.06492,1.00,1.00
2016.01.12 11:05:41.515,2.06463,2.06501,1.50,1.00
2016.01.12 11:05:41.616,2.06463,2.06503,1.87,1.00
2016.01.12 11:05:41.719,2.06467,2.06504,1.75,1.00
2016.01.12 11:05:42.023,2.06467,2.06507,2.25,1.00
2016.01.12 11:05:44.156,2.0647,2.06508,1.00,1.00
2016.01.12 11:05:44.660,2.06468,2.06507,1.50,1.00
2016.01.12 11:05:44.964,2.06469,2.06511,1.12,2.25
2016.01.12 11:05:45.481,2.06469,2.06509,1.12,1.00
2016.01.12 11:05:48.828,2.06468,2.06508,1.50,1.00
2016.01.12 11:05:49.284,2.06466,2.06505,2.25,1.00
2016.01.12 11:05:51.823,2.0647,2.06505,1.00,1.00
2016.01.12 11:05:52.351,2.06467,2.06505,1.75,1.00
2016.01.12 11:05:54.130,2.06467,2.06504,1.75,1.00
2016.01.12 11:05:54.433,2.06463,2.06495,1.00,1.37
2016.01.12 11:05:54.484,2.06454,2.06492,1.37,1.00
2016.01.12 11:05:54.535,2.06452,2.0649,2.25,1.00
2016.01.12 11:05:54.636,2.06452,2.0649,1.37,1.37
2016.01.12 11:05:54.738,2.06447,2.06488,1.12,1.12
2016.01.12 11:05:55.148,2.06452,2.06488,1.00,1.12
2016.01.12 11:05:55.451,2.0647,2.06505,1.00,1.00
2016.01.12 11:05:55.502,2.06467,2.06507,1.50,1.12
2016.01.12 11:05:55.603,2.0647,2.06507,1.00,1.12
2016.01.12 11:05:55.906,2.06469,2.06502,1.00,1.00
2016.01.12 11:05:56.058,2.06463,2.06502,1.00,1.00
2016.01.12 11:05:56.369,2.06465,2.06502,1.00,1.50
2016.01.12 11:05:56.672,2.06469,2.06505,1.12,1.37
2016.01.12 11:05:56.723,2.06469,2.06505,1.12,1.00
2016.01.12 11:05:57.241,2.06469,2.06506,1.12,1.00
2016.01.12 11:05:57.645,2.06469,2.06509,1.12,1.50
2016.01.12 11:05:59.348,2.0647,2.06509,1.00,1.50
2016.01.12 11:06:00.867,2.06472,2.0651,1.12,1.75
2016.01.12 11:06:01.222,2.06475,2.06513,1.00,2.25
2016.01.12 11:06:03.089,2.06471,2.06511,1.00,2.25
2016.01.12 11:06:03.190,2.06469,2.06511,1.12,2.25
2016.01.12 11:06:04.086,2.06471,2.06511,1.00,3.00
2016.01.12 11:06:04.901,2.06474,2.06511,1.00,1.75
2016.01.12 11:06:05.508,2.06473,2.06511,1.00,1.75
2016.01.12 11:06:05.760,2.06473,2.06511,1.50,1.00
2016.01.12 11:06:05.962,2.06477,2.06513,1.75,1.50
2016.01.12 11:06:06.510,2.06476,2.06512,1.75,1.00
2016.01.12 11:06:07.325,2.06477,2.06513,1.75,1.00
2016.01.12 11:06:07.478,2.06477,2.06515,1.75,1.00
2016.01.12 11:06:07.580,2.06481,2.06516,1.00,1.00
2016.01.12 11:06:07.782,2.06485,2.06521,1.12,1.00
2016.01.12 11:06:07.834,2.06485,2.06524,1.12,1.12
2016.01.12 11:06:07.884,2.06492,2.06524,1.12,1.12
2016.01.12 11:06:08.036,2.06495,2.06533,1.00,1.00
2016.01.12 11:06:08.087,2.06498,2.06536,1.12,1.50
2016.01.12 11:06:08.319,2.06502,2.0654,1.12,1.00
2016.01.12 11:06:08.370,2.06507,2.06542,1.00,1.37
2016.01.12 11:06:08.674,2.06517,2.06549,1.00,1.00
2016.01.12 11:06:08.776,2.06518,2.06559,1.50,1.50
2016.01.12 11:06:08.927,2.06522,2.0656,1.00,1.75
2016.01.12 11:06:09.029,2.0652,2.0656,1.00,2.25
2016.01.12 11:06:09.226,2.06518,2.06559,1.00,1.75
2016.01.12 11:06:09.761,2.06517,2.06557,1.50,1.75
2016.01.12 11:06:10.499,2.06515,2.06552,1.00,1.87
2016.01.12 11:06:10.550,2.06511,2.06546,1.37,1.12
2016.01.12 11:06:10.600,2.06505,2.06546,1.12,1.50
2016.01.12 11:06:11.106,2.06504,2.06543,1.37,1.00
2016.01.12 11:06:11.251,2.06504,2.0654,1.37,1.00
2016.01.12 11:06:11.454,2.06504,2.06544,1.37,1.12
2016.01.12 11:06:12.227,2.06504,2.06539,1.87,1.00
2016.01.12 11:06:12.380,2.06485,2.0652,1.50,1.00
2016.01.12 11:06:12.430,2.06485,2.06518,1.00,1.00
2016.01.12 11:06:12.532,2.06485,2.0652,1.12,1.12
2016.01.12 11:06:13.037,2.06485,2.06521,1.12,1.00
2016.01.12 11:06:13.199,2.06481,2.06518,1.75,1.37
2016.01.12 11:06:13.401,2.06472,2.06508,1.75,1.00
2016.01.12 11:06:13.754,2.06472,2.06511,1.75,1.00
2016.01.12 11:06:13.856,2.06482,2.06513,1.00,1.00
2016.01.12 11:06:13.907,2.06482,2.06516,1.12,1.12
2016.01.12 11:06:14.008,2.06482,2.06519,1.12,1.00
2016.01.12 11:06:14.228,2.0649,2.06519,1.00,1.00
2016.01.12 11:06:14.279,2.0649,2.06521,1.00,1.00
2016.01.12 11:06:14.380,2.0649,2.06523,1.00,1.12
2016.01.12 11:06:14.431,2.06485,2.06523,1.37,1.50
2016.01.12 11:06:14.633,2.06489,2.06525,1.00,1.00
2016.01.12 11:06:14.684,2.0649,2.06527,1.37,1.00
2016.01.12 11:06:14.988,2.06489,2.06522,1.37,1.00
2016.01.12 11:06:15.089,2.06486,2.06518,1.00,1.00
2016.01.12 11:06:15.399,2.0648,2.06518,1.50,1.00
2016.01.12 11:06:15.861,2.0648,2.06515,1.50,1.00
2016.01.12 11:06:16.064,2.06472,2.06515,1.00,1.00
2016.01.12 11:06:16.114,2.06472,2.06512,1.00,1.00
2016.01.12 11:06:16.464,2.06472,2.06507,1.00,1.00
2016.01.12 11:06:16.616,2.06467,2.06506,1.37,1.00
2016.01.12 11:06:16.717,2.06465,2.06506,1.00,1.00
2016.01.12 11:06:16.919,2.06464,2.06501,1.00,1.00
2016.01.12 11:06:17.799,2.06463,2.06501,1.00,1.00
2016.01.12 11:06:20.395,2.06462,2.06501,1.00,1.00
2016.01.12 11:06:20.598,2.06458,2.06501,1.50,1.00
2016.01.12 11:06:21.788,2.06459,2.06501,1.00,1.00
2016.01.12 11:06:22.540,2.0646,2.065,1.00,1.00
2016.01.12 11:06:22.642,2.0646,2.06498,1.00,1.00
2016.01.12 11:06:22.838,2.06458,2.06498,1.00,1.50
2016.01.12 11:06:24.105,2.06455,2.06491,1.00,1.00
2016.01.12 11:06:24.408,2.06449,2.06482,1.00,1.00
2016.01.12 11:06:24.510,2.06444,2.06482,1.00,1.00
2016.01.12 11:06:25.542,2.06444,2.06482,1.37,1.00
2016.01.12 11:06:25.643,2.06447,2.06482,1.00,1.00
2016.01.12 11:06:26.148,2.06446,2.06483,1.50,1.00
2016.01.12 11:06:26.850,2.06446,2.06486,1.50,1.00
2016.01.12 11:06:27.953,2.06446,2.06484,1.50,1.00
2016.01.12 11:06:28.257,2.0645,2.06486,1.00,1.00
2016.01.12 11:06:28.610,2.06455,2.06488,1.00,1.00
2016.01.12 11:06:30.119,2.06452,2.06488,1.00,1.00
2016.01.12 11:06:30.170,2.06452,2.06488,1.37,1.00
2016.01.12 11:06:30.271,2.06448,2.06488,1.00,1.00
2016.01.12 11:06:30.386,2.06448,2.06485,1.00,1.00
2016.01.12 11:06:30.590,2.06448,2.06489,1.00,1.00
2016.01.12 11:06:30.742,2.06448,2.06487,1.00,1.00
2016.01.12 11:06:31.275,2.06449,2.06487,1.00,1.00
2016.01.12 11:06:32.129,2.06448,2.06487,1.00,1.00
2016.01.12 11:06:32.483,2.06448,2.06484,1.00,1.00
2016.01.12 11:06:32.584,2.06445,2.06484,1.00,1.00
2016.01.12 11:06:32.767,2.06438,2.0647,1.00,1.00
2016.01.12 11:06:33.073,2.06448,2.06473,1.00,1.00
2016.01.12 11:06:33.124,2.06448,2.06485,1.00,1.00
2016.01.12 11:06:33.226,2.06448,2.06488,1.50,1.00
2016.01.12 11:06:34.348,2.06452,2.06488,1.00,1.00
2016.01.12 11:06:34.650,2.06454,2.06488,2.25,1.00
2016.01.12 11:06:34.802,2.06457,2.06495,1.00,1.00
2016.01.12 11:06:34.853,2.06457,2.06497,1.00,1.00
2016.01.12 11:06:35.399,2.06458,2.06494,1.00,1.00
2016.01.12 11:06:35.450,2.06453,2.06494,1.00,1.00
2016.01.12 11:06:35.652,2.06454,2.06492,1.00,1.00
2016.01.12 11:06:35.803,2.06458,2.06497,1.50,1.50
2016.01.12 11:06:35.854,2.06458,2.06499,1.87,1.00
2016.01.12 11:06:35.960,2.0646,2.06499,1.00,1.00
2016.01.12 11:06:36.465,2.0646,2.065,1.00,1.00
2016.01.12 11:06:36.970,2.06461,2.065,1.00,1.00
2016.01.12 11:06:37.152,2.06458,2.065,1.12,1.50
2016.01.12 11:06:37.304,2.06455,2.06497,1.50,1.87
2016.01.12 11:06:37.607,2.06457,2.06497,1.00,1.00
2016.01.12 11:06:38.219,2.06457,2.06498,1.00,1.00
2016.01.12 11:06:38.522,2.06458,2.06495,1.00,1.00
2016.01.12 11:06:39.026,2.06459,2.06495,1.00,1.00
2016.01.12 11:06:39.399,2.06459,2.06493,1.00,1.00
2016.01.12 11:06:39.500,2.06457,2.06493,1.00,1.00
2016.01.12 11:06:39.810,2.0646,2.06493,1.00,1.00
2016.01.12 11:06:40.113,2.06462,2.06493,1.00,1.00
2016.01.12 11:06:40.366,2.06463,2.06496,1.00,1.00
2016.01.12 11:06:40.467,2.06464,2.06499,1.50,1.00
2016.01.12 11:06:41.046,2.06465,2.06503,1.50,1.75
2016.01.12 11:06:41.568,2.06462,2.06498,1.50,1.00
2016.01.12 11:06:41.669,2.06465,2.06499,1.00,1.00
2016.01.12 11:06:42.174,2.06465,2.06501,1.50,1.37
2016.01.12 11:06:42.773,2.06467,2.06501,1.00,1.37
2016.01.12 11:06:42.925,2.06465,2.06501,1.50,1.37
2016.01.12 11:06:43.076,2.06467,2.06504,1.00,1.75
2016.01.12 11:06:43.696,2.06469,2.06505,1.00,1.75
2016.01.12 11:06:43.797,2.06467,2.065,1.00,1.00
2016.01.12 11:06:44.554,2.06468,2.06504,1.00,1.75
2016.01.12 11:06:44.679,2.06473,2.06507,1.00,1.00
2016.01.12 11:06:45.184,2.06473,2.06509,1.00,2.25
2016.01.12 11:06:45.480,2.06477,2.06509,1.00,1.50
2016.01.12 11:06:45.783,2.06486,2.06519,1.00,1.75
2016.01.12 11:06:46.079,2.06486,2.06518,1.00,1.00
2016.01.12 11:06:46.129,2.06484,2.06519,1.00,1.37
2016.01.12 11:06:46.281,2.06484,2.06518,1.00,1.00
2016.01.12 11:06:46.433,2.06487,2.06518,1.00,1.00
2016.01.12 11:06:46.988,2.06483,2.06518,1.00,1.00
2016.01.12 11:06:47.039,2.06481,2.06517,1.00,1.00
2016.01.12 11:06:47.090,2.06483,2.06518,1.87,1.00
2016.01.12 11:06:47.419,2.06487,2.06518,1.00,1.00
2016.01.12 11:06:48.542,2.06486,2.06518,1.00,1.00
2016.01.12 11:06:49.044,2.06487,2.06524,1.00,1.37
2016.01.12 11:06:49.095,2.06487,2.06524,1.00,1.00
2016.01.12 11:06:49.599,2.06488,2.06524,1.00,1.00
2016.01.12 11:06:49.765,2.06486,2.06524,1.00,1.75
2016.01.12 11:06:50.068,2.06488,2.06527,1.00,1.37
2016.01.12 11:06:50.220,2.06488,2.06528,1.87,1.50
2016.01.12 11:06:50.372,2.06493,2.06533,1.00,1.50
2016.01.12 11:06:51.264,2.06492,2.06532,1.50,1.37
2016.01.12 11:06:51.466,2.06495,2.06533,1.00,3.00
2016.01.12 11:06:51.618,2.06488,2.06528,1.75,1.50
2016.01.12 11:06:51.820,2.06491,2.0653,1.12,1.50
2016.01.12 11:06:52.342,2.06491,2.06531,1.87,1.87
2016.01.12 11:06:54.325,2.06492,2.06531,1.00,1.12
2016.01.12 11:06:55.657,2.06488,2.06529,1.75,1.37
2016.01.12 11:06:55.809,2.06486,2.06527,2.25,1.12
2016.01.12 11:06:56.011,2.06486,2.06525,1.12,1.00
2016.01.12 11:06:56.228,2.06486,2.06528,1.12,1.87
2016.01.12 11:06:56.481,2.06487,2.06529,1.37,1.87
2016.01.12 11:06:56.997,2.06491,2.06531,1.50,1.87
2016.01.12 11:06:57.300,2.06494,2.06531,1.00,1.12
2016.01.12 11:06:57.758,2.06494,2.0653,1.37,1.00
2016.01.12 11:06:57.809,2.06504,2.06537,1.50,1.00
2016.01.12 11:06:57.860,2.06512,2.06538,1.00,1.00
2016.01.12 11:06:57.962,2.06517,2.06547,1.37,1.00
2016.01.12 11:06:58.013,2.06517,2.06553,1.75,1.00
2016.01.12 11:06:58.114,2.06518,2.06559,1.50,1.50
2016.01.12 11:07:00.628,2.06521,2.06559,1.00,1.50
2016.01.12 11:07:00.729,2.06518,2.06558,1.50,1.12
2016.01.12 11:07:01.251,2.06518,2.06557,1.50,1.00
2016.01.12 11:07:02.164,2.06519,2.06558,1.87,1.12
2016.01.12 11:07:02.568,2.06521,2.06559,1.00,1.50
2016.01.12 11:07:03.073,2.06522,2.06561,1.00,1.75
2016.01.12 11:07:06.880,2.06529,2.06562,1.00,1.37
2016.01.12 11:07:06.931,2.06529,2.06562,1.00,1.00
2016.01.12 11:07:06.982,2.06525,2.06562,2.62,1.00
2016.01.12 11:07:07.095,2.06526,2.06567,1.37,2.25
2016.01.12 11:07:07.249,2.06541,2.06579,1.87,1.00
2016.01.12 11:07:07.300,2.06543,2.06584,1.00,1.37
2016.01.12 11:07:07.350,2.06543,2.06584,1.87,1.37
2016.01.12 11:07:07.502,2.06546,2.06584,1.00,1.37
2016.01.12 11:07:07.805,2.06546,2.06586,1.87,2.62
2016.01.12 11:07:07.856,2.06546,2.06586,2.25,2.25
2016.01.12 11:07:10.180,2.06548,2.06588,1.50,1.87
2016.01.12 11:07:10.919,2.0655,2.06588,1.00,1.87
2016.01.12 11:07:10.970,2.06559,2.06589,1.00,1.87
2016.01.12 11:07:11.071,2.06558,2.06589,1.00,1.00
2016.01.12 11:07:11.202,2.06555,2.06588,1.00,1.50
2016.01.12 11:07:11.508,2.06547,2.06579,1.50,1.00
2016.01.12 11:07:11.559,2.06546,2.06579,1.75,1.00
2016.01.12 11:07:11.660,2.06546,2.06583,1.75,1.00
2016.01.12 11:07:12.571,2.06551,2.06583,1.00,1.00
2016.01.12 11:07:13.174,2.06551,2.06586,1.00,1.00
2016.01.12 11:07:13.763,2.06551,2.06584,1.00,1.00
2016.01.12 11:07:14.268,2.0655,2.06584,1.00,1.00
2016.01.12 11:07:15.885,2.0655,2.06586,1.00,1.00
2016.01.12 11:07:16.038,2.06552,2.06585,1.75,1.00
2016.01.12 11:07:16.139,2.06556,2.06595,1.75,1.12
2016.01.12 11:07:16.343,2.06564,2.06601,1.00,1.00
2016.01.12 11:07:16.899,2.06564,2.06601,1.87,1.00
2016.01.12 11:07:17.000,2.06567,2.06604,1.75,1.00
2016.01.12 11:07:17.545,2.06568,2.06605,1.75,1.00
2016.01.12 11:07:17.748,2.06568,2.06608,1.75,1.87
2016.01.12 11:07:18.370,2.06567,2.06608,1.75,1.87
2016.01.12 11:07:18.678,2.06565,2.06604,1.75,1.00
2016.01.12 11:07:19.952,2.06565,2.06602,1.75,1.00
2016.01.12 11:07:20.205,2.06567,2.06608,1.75,1.37
2016.01.12 11:07:20.590,2.06568,2.06604,1.75,1.12
2016.01.12 11:07:20.759,2.06568,2.06602,1.00,1.50
2016.01.12 11:07:20.810,2.06564,2.066,1.75,1.00
2016.01.12 11:07:21.466,2.0656,2.066,1.50,1.37
2016.01.12 11:07:21.517,2.0656,2.066,1.12,1.37
2016.01.12 11:07:22.611,2.06558,2.06597,2.25,1.00
2016.01.12 11:07:22.914,2.0655,2.0659,1.00,2.25
2016.01.12 11:07:23.428,2.06548,2.06589,1.37,1.37
2016.01.12 11:07:25.978,2.06548,2.06586,1.37,1.00
2016.01.12 11:07:26.332,2.06544,2.06584,1.75,1.50
2016.01.12 11:07:27.522,2.06547,2.06585,1.50,2.25
2016.01.12 11:07:27.824,2.06547,2.06585,1.37,2.25
2016.01.12 11:07:28.097,2.06549,2.06584,1.00,1.37
2016.01.12 11:07:28.451,2.06547,2.06584,1.00,1.37
2016.01.12 11:07:28.993,2.0655,2.06585,1.00,1.50
2016.01.12 11:07:29.253,2.06548,2.06585,1.00,1.50
2016.01.12 11:07:29.304,2.0655,2.06585,1.00,1.50
2016.01.12 11:07:29.898,2.06548,2.06585,1.00,1.50
2016.01.12 11:07:30.194,2.06551,2.06585,1.00,1.50
2016.01.12 11:07:30.960,2.06547,2.06584,1.00,1.37
2016.01.12 11:07:31.061,2.0655,2.06585,1.00,1.50
2016.01.12 11:07:32.273,2.06547,2.06585,1.00,1.50
2016.01.12 11:07:32.324,2.06547,2.06585,1.37,1.50
2016.01.12 11:07:32.627,2.06554,2.06584,1.00,1.37
2016.01.12 11:07:32.833,2.0655,2.06584,1.00,1.37
2016.01.12 11:07:34.033,2.0655,2.06584,1.37,1.37
2016.01.12 11:07:34.336,2.06556,2.06584,1.00,1.37
2016.01.12 11:07:34.387,2.0655,2.06584,1.00,1.37
2016.01.12 11:07:35.997,2.0655,2.06584,1.12,1.00
2016.01.12 11:07:36.149,2.06553,2.06585,1.00,1.00
2016.01.12 11:07:36.250,2.06551,2.06585,1.00,1.00
2016.01.12 11:07:38.332,2.0655,2.06585,1.00,1.00
2016.01.12 11:07:40.321,2.06551,2.06585,1.00,1.00
2016.01.12 11:07:41.672,2.06551,2.06589,1.00,2.25
2016.01.12 11:07:41.773,2.06549,2.06589,1.00,1.50
2016.01.12 11:07:42.278,2.0655,2.06589,1.00,1.50
2016.01.12 11:07:43.205,2.06553,2.06589,1.00,1.00
2016.01.12 11:07:43.536,2.06557,2.06592,1.00,1.00
2016.01.12 11:07:44.041,2.06557,2.06593,1.00,1.00
2016.01.12 11:07:45.591,2.06557,2.06594,1.00,1.00
2016.01.12 11:07:45.995,2.0656,2.06595,1.00,1.00
2016.01.12 11:07:46.046,2.0656,2.06598,1.00,3.00
2016.01.12 11:07:49.089,2.06559,2.06598,1.50,2.25
2016.01.12 11:07:50.696,2.06557,2.06597,1.00,1.00
2016.01.12 11:07:51.420,2.06557,2.06595,1.00,1.00
2016.01.12 11:07:51.925,2.06557,2.06594,1.00,1.00
2016.01.12 11:07:53.195,2.06558,2.06594,1.00,1.00
2016.01.12 11:07:53.717,2.06557,2.06594,1.50,1.00
2016.01.12 11:07:53.768,2.06558,2.06598,1.00,1.50
2016.01.12 11:07:54.167,2.06557,2.06595,1.50,1.00
2016.01.12 11:07:56.138,2.06558,2.06596,1.00,1.00
2016.01.12 11:07:56.592,2.06561,2.06597,1.00,1.00
2016.01.12 11:07:58.130,2.06564,2.06597,1.00,1.00
2016.01.12 11:07:58.333,2.0657,2.06604,1.00,1.00
2016.01.12 11:07:58.434,2.0657,2.06609,1.37,1.00
2016.01.12 11:07:58.686,2.06571,2.0661,1.37,1.00
2016.01.12 11:07:58.888,2.0658,2.0662,1.00,2.25
2016.01.12 11:07:59.438,2.06579,2.0662,1.00,1.75
2016.01.12 11:08:00.247,2.06579,2.06612,1.00,1.00
2016.01.12 11:08:00.530,2.0657,2.0661,1.12,1.50
2016.01.12 11:08:00.743,2.0657,2.06606,1.12,1.37
2016.01.12 11:08:00.895,2.06566,2.06604,1.00,1.00
2016.01.12 11:08:00.996,2.06568,2.06605,1.00,1.00
2016.01.12 11:08:01.097,2.06569,2.06608,1.50,1.50
2016.01.12 11:08:01.199,2.06573,2.06608,1.50,1.00
2016.01.12 11:08:01.300,2.06573,2.06612,1.50,1.50
2016.01.12 11:08:02.004,2.06575,2.06612,1.00,1.50
2016.01.12 11:08:02.206,2.06581,2.06619,1.00,1.00
2016.01.12 11:08:02.307,2.06584,2.0662,1.00,1.00
2016.01.12 11:08:02.408,2.06585,2.06626,1.50,1.50
2016.01.12 11:08:02.931,2.06587,2.06627,1.00,2.25
2016.01.12 11:08:03.435,2.06586,2.06626,1.12,2.25
2016.01.12 11:08:03.537,2.06582,2.06606,2.25,1.00
2016.01.12 11:08:03.760,2.06566,2.06604,1.00,1.37
2016.01.12 11:08:03.811,2.06566,2.06604,1.00,3.07
2016.01.12 11:08:03.862,2.06563,2.06598,1.50,1.37
2016.01.12 11:08:04.367,2.06563,2.06598,1.00,1.87
2016.01.12 11:08:04.520,2.06559,2.06594,1.00,1.00
2016.01.12 11:08:04.571,2.06559,2.06594,1.00,1.37
2016.01.12 11:08:05.073,2.06559,2.06591,1.00,1.50
2016.01.12 11:08:05.275,2.06555,2.06591,1.00,1.12
2016.01.12 11:08:05.830,2.06552,2.06591,1.00,1.12
2016.01.12 11:08:06.235,2.06556,2.06592,1.00,1.50
2016.01.12 11:08:07.887,2.06557,2.06593,1.00,1.75
2016.01.12 11:08:08.420,2.06556,2.06593,1.00,1.75
2016.01.12 11:08:08.791,2.06552,2.06592,1.00,2.25
2016.01.12 11:08:09.095,2.06557,2.06592,1.00,2.25
2016.01.12 11:08:11.224,2.06556,2.06592,1.00,1.50
2016.01.12 11:08:11.527,2.06553,2.06592,1.00,1.50
2016.01.12 11:08:12.867,2.06556,2.06593,1.00,1.75
2016.01.12 11:08:13.161,2.06553,2.06593,1.00,1.75
2016.01.12 11:08:13.313,2.06556,2.06593,1.00,1.75
2016.01.12 11:08:14.719,2.06556,2.06593,1.12,1.37
2016.01.12 11:08:14.770,2.06556,2.06595,1.50,1.50
2016.01.12 11:08:16.395,2.06567,2.06595,1.00,1.00
2016.01.12 11:08:16.497,2.06556,2.06595,2.62,1.00
2016.01.12 11:08:16.548,2.06556,2.06595,1.87,1.00
2016.01.12 11:08:16.649,2.06562,2.06603,1.12,1.12
2016.01.12 11:08:16.851,2.06562,2.06599,1.50,1.00
2016.01.12 11:08:16.952,2.06563,2.06603,1.50,1.12
2016.01.12 11:08:17.368,2.06567,2.06605,1.00,1.50
2016.01.12 11:08:18.801,2.06563,2.06603,1.75,1.12
2016.01.12 11:08:19.317,2.06567,2.06606,1.00,2.25
2016.01.12 11:08:19.845,2.06568,2.06606,1.00,2.25
2016.01.12 11:08:20.963,2.06567,2.06606,1.50,1.75
2016.01.12 11:08:21.268,2.06578,2.06617,1.87,1.50
2016.01.12 11:08:21.419,2.06582,2.06622,1.00,2.25
2016.01.12 11:08:22.106,2.06585,2.06623,1.00,1.75
2016.01.12 11:08:22.656,2.06586,2.06623,1.00,1.75
2016.01.12 11:08:23.010,2.06587,2.06617,1.00,1.00
2016.01.12 11:08:23.313,2.06572,2.06609,1.00,1.75
2016.01.12 11:08:23.619,2.06576,2.06609,1.00,1.75
2016.01.12 11:08:23.872,2.0658,2.06614,1.50,1.12
2016.01.12 11:08:23.923,2.06581,2.06618,1.75,1.37
2016.01.12 11:08:23.973,2.06592,2.06621,1.00,1.00
2016.01.12 11:08:24.024,2.06592,2.06626,1.00,1.37
2016.01.12 11:08:24.075,2.06592,2.06629,1.00,1.00
2016.01.12 11:08:24.126,2.06597,2.06629,1.00,1.50
2016.01.12 11:08:24.475,2.066,2.06629,1.00,1.00
2016.01.12 11:08:24.980,2.06593,2.06635,1.12,2.62
2016.01.12 11:08:25.082,2.06593,2.06635,1.50,2.62
2016.01.12 11:08:25.334,2.06598,2.06638,1.00,2.25
2016.01.12 11:08:25.614,2.06602,2.06641,1.00,1.12
2016.01.12 11:08:25.665,2.06611,2.06642,1.00,1.37
2016.01.12 11:08:25.767,2.0661,2.06647,1.00,1.12
2016.01.12 11:08:26.071,2.06613,2.06651,1.00,1.75
2016.01.12 11:08:26.273,2.06616,2.06658,1.87,1.37
2016.01.12 11:08:26.324,2.0662,2.0666,1.00,2.25
2016.01.12 11:08:26.379,2.0662,2.0666,1.00,2.25
2016.01.12 11:08:26.430,2.06618,2.06658,1.12,1.87
2016.01.12 11:08:26.531,2.06616,2.06646,1.50,1.00
2016.01.12 11:08:26.683,2.06602,2.06643,1.50,1.00
2016.01.12 11:08:27.601,2.06606,2.06643,1.00,1.00
2016.01.12 11:08:27.904,2.06608,2.06643,1.00,1.00
2016.01.12 11:08:28.489,2.0661,2.06643,1.00,1.00
2016.01.12 11:08:28.876,2.06609,2.0665,1.00,1.75
2016.01.12 11:08:29.559,2.06608,2.0665,2.25,1.75
2016.01.12 11:08:31.337,2.06611,2.0665,1.00,1.75
2016.01.12 11:08:33.463,2.06609,2.0665,1.00,1.75
2016.01.12 11:08:34.115,2.06608,2.06647,1.12,1.12
2016.01.12 11:08:34.166,2.06608,2.06641,1.12,1.00
2016.01.12 11:08:34.318,2.066,2.06641,1.00,1.75
2016.01.12 11:08:34.570,2.06597,2.06638,2.25,1.50
2016.01.12 11:08:35.120,2.06597,2.06636,1.50,1.00
2016.01.12 11:08:37.740,2.06597,2.06637,1.50,1.87
2016.01.12 11:08:40.520,2.06595,2.06635,1.75,1.00
2016.01.12 11:08:40.621,2.06599,2.06637,1.12,1.12
2016.01.12 11:08:40.723,2.06604,2.0664,1.00,2.25
2016.01.12 11:08:40.925,2.06604,2.06643,1.00,1.37
2016.01.12 11:08:41.177,2.06598,2.06637,1.37,1.37
2016.01.12 11:08:41.281,2.06598,2.06636,1.12,1.00
2016.01.12 11:08:42.480,2.06597,2.06635,1.00,1.00
2016.01.12 11:08:42.582,2.06595,2.06635,1.00,1.00
2016.01.12 11:08:43.830,2.06596,2.06636,1.50,1.50
2016.01.12 11:08:43.881,2.06606,2.06641,1.00,1.37
2016.01.12 11:08:43.932,2.06606,2.06642,1.00,3.00
2016.01.12 11:08:44.235,2.06611,2.06648,1.00,2.62
2016.01.12 11:08:44.740,2.0661,2.06648,1.00,1.37
2016.01.12 11:08:45.243,2.06611,2.06647,1.00,1.12
2016.01.12 11:08:46.548,2.06613,2.06647,1.00,1.12
2016.01.12 11:08:46.852,2.0661,2.06647,1.00,1.12
2016.01.12 11:08:47.150,2.06612,2.06646,1.00,1.00
2016.01.12 11:08:47.656,2.06612,2.06647,1.00,1.12
2016.01.12 11:08:49.781,2.06612,2.06647,1.37,1.00
2016.01.12 11:08:49.882,2.06616,2.06656,1.00,1.00
2016.01.12 11:08:49.933,2.06619,2.06656,1.00,1.00
2016.01.12 11:08:50.236,2.06627,2.06663,1.00,1.00
2016.01.12 11:08:50.928,2.06629,2.06663,1.00,1.00
2016.01.12 11:08:51.231,2.06631,2.06663,1.00,1.00
2016.01.12 11:08:52.483,2.06626,2.06663,1.00,1.00
2016.01.12 11:08:56.037,2.06627,2.06663,1.00,1.00
2016.01.12 11:08:57.520,2.06626,2.06663,1.00,1.00
2016.01.12 11:08:58.857,2.0663,2.06663,1.00,1.50
2016.01.12 11:08:58.958,2.06628,2.06663,1.00,1.50
2016.01.12 11:08:59.473,2.06628,2.06661,1.00,1.00
2016.01.12 11:08:59.524,2.06626,2.06661,1.00,1.00
2016.01.12 11:09:00.408,2.06626,2.06661,1.00,1.37
2016.01.12 11:09:00.527,2.06623,2.06658,1.00,1.75
2016.01.12 11:09:00.629,2.06619,2.06651,1.50,1.37
2016.01.12 11:09:00.932,2.06617,2.06646,1.00,1.00
2016.01.12 11:09:01.436,2.06617,2.06647,1.00,1.00
2016.01.12 11:09:01.770,2.06618,2.06644,1.00,1.37
2016.01.12 11:09:02.329,2.06621,2.06644,1.37,1.00
2016.01.12 11:09:02.380,2.06621,2.06652,1.37,1.12
2016.01.12 11:09:02.532,2.06621,2.06654,1.00,1.12
2016.01.12 11:09:02.583,2.06618,2.06654,2.25,1.00
2016.01.12 11:09:02.684,2.06617,2.06651,1.75,1.00
2016.01.12 11:09:02.886,2.0661,2.06644,1.00,1.00
2016.01.12 11:09:03.138,2.06608,2.0664,1.37,1.00
2016.01.12 11:09:03.341,2.06607,2.0664,1.12,1.50
2016.01.12 11:09:03.492,2.06609,2.06639,1.00,1.00
2016.01.12 11:09:03.795,2.066,2.06637,1.75,1.00
2016.01.12 11:09:03.846,2.066,2.06633,1.00,1.00
2016.01.12 11:09:04.006,2.06596,2.06631,1.12,1.00
2016.01.12 11:09:04.461,2.06596,2.06629,1.00,1.00
2016.01.12 11:09:05.019,2.06596,2.06626,1.00,1.00
2016.01.12 11:09:05.171,2.06584,2.06618,1.00,1.50
2016.01.12 11:09:05.322,2.06584,2.06617,1.00,1.37
2016.01.12 11:09:05.373,2.0658,2.06617,1.00,1.37
2016.01.12 11:09:05.525,2.06578,2.06615,1.00,1.00
2016.01.12 11:09:05.965,2.06576,2.06611,1.37,1.00
2016.01.12 11:09:06.269,2.06582,2.0661,1.00,1.00
2016.01.12 11:09:06.472,2.06574,2.0661,1.75,1.00
2016.01.12 11:09:06.887,2.06582,2.06616,1.00,1.12
2016.01.12 11:09:07.024,2.06582,2.06612,1.00,1.00
2016.01.12 11:09:07.131,2.06577,2.06612,1.12,1.00
2016.01.12 11:09:07.638,2.06576,2.06613,1.87,1.00
2016.01.12 11:09:08.169,2.06576,2.06612,1.87,1.00
2016.01.12 11:09:08.373,2.06576,2.06616,1.87,1.12
2016.01.12 11:09:08.831,2.06577,2.06616,1.00,1.37
2016.01.12 11:09:09.135,2.06569,2.066,1.37,1.00
2016.01.12 11:09:09.450,2.06551,2.06592,3.75,1.37
2016.01.12 11:09:09.501,2.06551,2.06592,3.37,1.37
2016.01.12 11:09:09.552,2.06551,2.06589,2.62,1.00
2016.01.12 11:09:10.213,2.0655,2.06588,2.25,1.00
2016.01.12 11:09:10.517,2.06546,2.06579,1.00,1.00
2016.01.12 11:09:10.820,2.06551,2.06582,1.00,1.00
2016.01.12 11:09:11.136,2.06556,2.06581,1.00,1.00
2016.01.12 11:09:11.642,2.06557,2.06581,1.00,1.00
2016.01.12 11:09:12.599,2.06552,2.06581,1.00,1.00
2016.01.12 11:09:13.054,2.06557,2.06582,1.00,1.00
2016.01.12 11:09:13.104,2.06557,2.06587,1.00,1.75
2016.01.12 11:09:13.155,2.06571,2.06587,1.00,1.37
2016.01.12 11:09:13.224,2.06571,2.06594,1.00,1.00
2016.01.12 11:09:13.277,2.06572,2.06602,1.00,1.00
2016.01.12 11:09:13.378,2.0657,2.06598,1.00,1.00
2016.01.12 11:09:13.479,2.06567,2.06602,1.00,1.00
2016.01.12 11:09:13.580,2.06562,2.06594,1.75,1.00
2016.01.12 11:09:13.682,2.06562,2.06594,1.00,1.00
2016.01.12 11:09:14.287,2.06555,2.06594,1.50,1.00
2016.01.12 11:09:14.489,2.06567,2.06596,1.12,1.00
2016.01.12 11:09:14.591,2.06567,2.06606,1.37,1.00
2016.01.12 11:09:14.641,2.06569,2.06609,1.37,1.87
2016.01.12 11:09:14.945,2.06576,2.06611,1.00,1.00
2016.01.12 11:09:15.298,2.06577,2.06608,1.00,1.00
2016.01.12 11:09:16.258,2.06576,2.06608,1.00,1.00
2016.01.12 11:09:16.767,2.06576,2.06608,1.00,1.37
2016.01.12 11:09:18.986,2.06576,2.0661,1.50,1.00
2016.01.12 11:09:19.087,2.06591,2.06612,1.00,1.12
2016.01.12 11:09:19.242,2.06592,2.06615,1.00,1.00
2016.01.12 11:09:19.293,2.06591,2.06617,1.00,1.00
2016.01.12 11:09:19.798,2.06592,2.06617,1.00,1.00
2016.01.12 11:09:20.091,2.06586,2.06617,1.00,1.00
2016.01.12 11:09:20.526,2.06588,2.06616,1.00,1.00
2016.01.12 11:09:21.026,2.06588,2.06618,1.00,1.00
2016.01.12 11:09:21.077,2.06592,2.06618,1.00,1.00
2016.01.12 11:09:21.179,2.06588,2.06618,1.00,1.00
2016.01.12 11:09:21.381,2.06592,2.06618,1.00,1.00
2016.01.12 11:09:21.634,2.06589,2.06618,1.00,1.00
2016.01.12 11:09:23.054,2.06588,2.06618,1.00,1.00
2016.01.12 11:09:23.256,2.06592,2.06619,1.00,1.00
2016.01.12 11:09:23.408,2.0659,2.06619,1.00,1.37
2016.01.12 11:09:23.567,2.06585,2.0662,1.00,1.87
2016.01.12 11:09:23.719,2.0658,2.06617,1.00,1.00
2016.01.12 11:09:24.173,2.06583,2.0662,1.00,1.50
2016.01.12 11:09:24.476,2.06581,2.06615,1.00,1.00
2016.01.12 11:09:25.000,2.0658,2.06615,1.00,1.00
2016.01.12 11:09:26.218,2.06581,2.06616,1.00,1.00
2016.01.12 11:09:26.319,2.06582,2.0662,1.00,1.50
2016.01.12 11:09:26.673,2.06587,2.0662,1.00,1.50
2016.01.12 11:09:26.775,2.06587,2.0662,1.00,1.00
2016.01.12 11:09:26.928,2.06584,2.0662,1.00,1.00
2016.01.12 11:09:27.131,2.0658,2.0662,1.00,1.50
2016.01.12 11:09:27.672,2.06582,2.0662,1.00,1.50
2016.01.12 11:09:27.774,2.0658,2.0662,1.12,1.50
2016.01.12 11:09:27.977,2.06579,2.06618,1.50,1.37
2016.01.12 11:09:28.230,2.06563,2.06603,1.12,1.50
2016.01.12 11:09:28.332,2.06561,2.06598,1.75,1.00
2016.01.12 11:09:28.685,2.0656,2.06601,1.75,1.00
2016.01.12 11:09:28.736,2.0656,2.06601,1.75,1.37
2016.01.12 11:09:29.039,2.0656,2.06596,1.75,1.00
2016.01.12 11:09:29.594,2.06559,2.06596,1.00,1.12
2016.01.12 11:09:30.564,2.06561,2.06598,1.00,1.75
2016.01.12 11:09:33.816,2.06563,2.06598,1.00,1.75
2016.01.12 11:09:34.265,2.0656,2.06598,1.00,1.75
2016.01.12 11:09:34.316,2.06561,2.06594,1.00,1.00
2016.01.12 11:09:34.622,2.06575,2.0661,1.00,1.00
2016.01.12 11:09:34.673,2.06575,2.0661,1.37,1.00
2016.01.12 11:09:34.976,2.06579,2.06613,1.00,1.50
2016.01.12 11:09:36.955,2.06578,2.06607,1.00,1.00
2016.01.12 11:09:37.006,2.0657,2.06606,1.37,1.37
2016.01.12 11:09:37.057,2.0657,2.06605,1.00,1.50
2016.01.12 11:09:37.446,2.06566,2.06605,2.62,1.50
2016.01.12 11:09:38.091,2.06569,2.06605,1.00,1.50
2016.01.12 11:09:38.395,2.06569,2.06605,1.37,1.00
2016.01.12 11:09:38.547,2.06582,2.06617,1.00,1.87
2016.01.12 11:09:44.721,2.06584,2.06618,1.00,1.75
2016.01.12 11:09:48.193,2.06583,2.06618,1.00,1.75
2016.01.12 11:09:48.706,2.06582,2.06618,1.50,1.75
2016.01.12 11:09:55.425,2.06582,2.06619,1.00,2.25
2016.01.12 11:09:55.475,2.06582,2.06617,1.00,1.00
2016.01.12 11:09:56.581,2.06579,2.06617,1.00,1.50
2016.01.12 11:09:58.931,2.06581,2.06617,1.00,2.25
2016.01.12 11:10:00.337,2.0658,2.06617,1.50,1.50
2016.01.12 11:10:00.838,2.06579,2.06617,1.50,1.50
2016.01.12 11:10:01.293,2.06582,2.06617,1.00,1.00
2016.01.12 11:10:01.851,2.06582,2.06616,1.00,1.00
2016.01.12 11:10:01.902,2.06582,2.06619,1.50,2.25
2016.01.12 11:10:06.682,2.06582,2.06617,1.00,1.00
2016.01.12 11:10:07.247,2.06582,2.06619,1.00,3.00
2016.01.12 11:10:09.649,2.06584,2.06618,1.00,1.12
2016.01.12 11:10:11.649,2.06586,2.06619,1.00,1.50
2016.01.12 11:10:11.901,2.06588,2.06624,1.00,1.37
2016.01.12 11:10:11.952,2.06588,2.06624,1.00,1.00
2016.01.12 11:10:12.277,2.0659,2.06624,1.00,1.00
2016.01.12 11:10:12.328,2.06591,2.06628,1.00,1.50
2016.01.12 11:10:12.581,2.06591,2.06625,1.00,1.00
2016.01.12 11:10:12.884,2.06591,2.06623,1.00,1.00
2016.01.12 11:10:12.934,2.06591,2.06625,1.00,1.00
2016.01.12 11:10:14.287,2.06591,2.06622,1.00,1.00
2016.01.12 11:10:14.410,2.0659,2.06625,1.87,1.00
2016.01.12 11:10:14.461,2.0659,2.06622,1.00,1.00
2016.01.12 11:10:14.764,2.06588,2.06622,1.00,1.50
2016.01.12 11:10:15.186,2.0659,2.06621,1.00,1.00
2016.01.12 11:10:15.287,2.06591,2.06624,1.00,1.00
2016.01.12 11:10:15.489,2.06584,2.06618,2.25,1.12
2016.01.12 11:10:15.691,2.06584,2.06618,1.50,1.12
2016.01.12 11:10:16.237,2.06584,2.06613,1.50,1.00
2016.01.12 11:10:16.541,2.06583,2.06611,1.00,1.12
2016.01.12 11:10:16.844,2.06576,2.06596,1.00,1.00
2016.01.12 11:10:16.996,2.0657,2.06598,1.00,1.00
2016.01.12 11:10:17.505,2.06569,2.06598,1.00,1.00
2016.01.12 11:10:17.898,2.06571,2.06603,1.00,1.75
2016.01.12 11:10:18.402,2.06572,2.06602,1.00,1.75
2016.01.12 11:10:18.902,2.06572,2.06597,1.00,1.00
2016.01.12 11:10:19.205,2.06552,2.06581,1.75,1.00
2016.01.12 11:10:19.706,2.06551,2.06581,1.00,1.00
2016.01.12 11:10:20.212,2.0655,2.06581,1.12,1.00
2016.01.12 11:10:20.313,2.06551,2.06583,1.00,1.00
2016.01.12 11:10:21.412,2.06551,2.06585,1.50,1.00
2016.01.12 11:10:21.513,2.06551,2.06585,1.37,1.00
2016.01.12 11:10:21.665,2.06555,2.0659,1.12,1.37
2016.01.12 11:10:21.816,2.06557,2.06593,1.00,1.75
2016.01.12 11:10:22.137,2.0657,2.06599,1.00,1.50
2016.01.12 11:10:22.188,2.06567,2.06603,1.50,1.37
2016.01.12 11:10:22.593,2.0657,2.06606,1.00,1.00
2016.01.12 11:10:22.796,2.0657,2.06606,1.00,1.37
2016.01.12 11:10:24.674,2.06567,2.06603,1.50,1.00
2016.01.12 11:10:24.751,2.06571,2.06603,1.00,1.00
2016.01.12 11:10:24.853,2.06567,2.06603,1.50,1.12
2016.01.12 11:10:26.258,2.06567,2.06597,1.00,1.00
2016.01.12 11:10:26.360,2.0656,2.06597,1.00,1.87
2016.01.12 11:10:26.662,2.06558,2.06594,1.00,1.00
2016.01.12 11:10:27.233,2.06559,2.06594,1.00,1.12
2016.01.12 11:10:27.889,2.06558,2.06594,1.00,1.00
2016.01.12 11:10:31.963,2.0656,2.06594,1.00,1.00
2016.01.12 11:10:32.114,2.0656,2.06596,1.50,1.00
2016.01.12 11:10:32.841,2.06561,2.06596,1.00,1.00
2016.01.12 11:10:32.942,2.06561,2.06596,1.37,1.00
2016.01.12 11:10:33.043,2.06565,2.06601,1.12,1.37
2016.01.12 11:10:33.094,2.06573,2.06601,1.00,1.00
2016.01.12 11:10:33.195,2.06575,2.0661,1.00,1.12
2016.01.12 11:10:33.246,2.06578,2.06611,1.00,1.37
2016.01.12 11:10:33.347,2.06585,2.06619,1.00,1.50
2016.01.12 11:10:33.666,2.06585,2.06622,1.50,1.50
2016.01.12 11:10:33.767,2.06587,2.06624,1.50,1.00
2016.01.12 11:10:34.071,2.0659,2.06623,1.50,1.00
2016.01.12 11:10:34.405,2.06589,2.06623,1.00,1.87
2016.01.12 11:10:34.557,2.0658,2.06617,2.25,1.75
2016.01.12 11:10:34.709,2.06583,2.06617,1.00,1.75
2016.01.12 11:10:34.759,2.06581,2.06617,1.00,1.75
2016.01.12 11:10:36.238,2.06584,2.06617,1.00,1.75
2016.01.12 11:10:36.340,2.06584,2.0662,1.12,1.37
2016.01.12 11:10:36.441,2.06584,2.0662,1.12,1.00
2016.01.12 11:10:37.039,2.06586,2.0662,1.00,1.00
2016.01.12 11:10:38.427,2.06587,2.0662,1.00,1.00
2016.01.12 11:10:38.528,2.06587,2.06622,1.50,1.00
2016.01.12 11:10:38.629,2.06586,2.0662,1.00,1.00
2016.01.12 11:10:39.029,2.0659,2.06624,1.00,1.37
2016.01.12 11:10:39.582,2.06588,2.06624,1.00,1.37
2016.01.12 11:10:40.098,2.06589,2.06624,1.00,1.37
2016.01.12 11:10:40.603,2.0659,2.06624,1.00,1.37
2016.01.12 11:10:40.856,2.06588,2.06624,1.00,1.37
2016.01.12 11:10:42.238,2.06587,2.06624,1.00,1.37
2016.01.12 11:10:44.136,2.06587,2.06624,1.00,1.37
2016.01.12 11:10:46.142,2.06587,2.06619,1.00,1.37
2016.01.12 11:10:46.766,2.06587,2.06619,1.00,1.00
2016.01.12 11:10:47.789,2.06588,2.06623,1.00,1.00
2016.01.12 11:10:48.294,2.06589,2.06623,1.00,1.00
2016.01.12 11:10:48.823,2.06588,2.06622,1.00,1.00
2016.01.12 11:10:49.327,2.06588,2.06623,1.00,1.00
2016.01.12 11:10:50.385,2.06589,2.06623,1.12,1.00
2016.01.12 11:10:50.487,2.06592,2.06623,1.00,1.00
2016.01.12 11:10:52.834,2.06592,2.06628,1.50,1.37
2016.01.12 11:10:52.885,2.06594,2.06628,1.00,1.87
2016.01.12 11:10:53.365,2.06594,2.06628,1.00,1.87
2016.01.12 11:10:54.568,2.06594,2.06622,1.00,1.12
2016.01.12 11:10:54.618,2.06594,2.06628,1.00,1.50
2016.01.12 11:10:54.945,2.06591,2.06628,1.00,1.50
2016.01.12 11:10:55.102,2.06592,2.06624,1.00,1.00
2016.01.12 11:10:57.258,2.06593,2.06624,1.00,1.00
2016.01.12 11:10:57.359,2.06593,2.06628,1.00,1.00
2016.01.12 11:10:58.833,2.06595,2.06628,1.00,1.00
2016.01.12 11:10:59.456,2.06604,2.06628,1.00,1.00
2016.01.12 11:10:59.607,2.06604,2.06633,1.00,1.00
2016.01.12 11:10:59.823,2.06605,2.06636,1.37,1.75
2016.01.12 11:11:01.026,2.06611,2.06641,1.37,1.75
2016.01.12 11:11:01.228,2.06623,2.06652,1.00,1.00
2016.01.12 11:11:01.435,2.06623,2.06656,1.00,1.50
2016.01.12 11:11:01.485,2.0662,2.06656,1.00,1.50
2016.01.12 11:11:01.990,2.06623,2.06651,1.00,1.00
2016.01.12 11:11:02.344,2.0662,2.06651,1.00,1.00
2016.01.12 11:11:02.647,2.06622,2.06651,1.00,1.00
2016.01.12 11:11:06.051,2.06622,2.06657,1.00,1.50
2016.01.12 11:11:06.404,2.06625,2.06657,1.00,1.50
2016.01.12 11:11:06.707,2.06626,2.06664,1.12,1.37
2016.01.12 11:11:06.785,2.06625,2.06664,1.37,1.00
2016.01.12 11:11:06.836,2.0663,2.06666,1.12,1.50
2016.01.12 11:11:07.291,2.06636,2.06668,1.00,1.75
2016.01.12 11:11:08.021,2.06628,2.06667,1.12,1.75
2016.01.12 11:11:09.530,2.06628,2.06667,1.87,2.25
2016.01.12 11:11:10.334,2.06632,2.06667,1.37,1.00
2016.01.12 11:11:10.385,2.06634,2.06672,1.37,1.00
2016.01.12 11:11:10.436,2.06634,2.06672,1.00,1.00
2016.01.12 11:11:10.537,2.06634,2.06672,1.37,1.00
2016.01.12 11:11:10.742,2.06643,2.06677,1.00,1.00
2016.01.12 11:11:10.793,2.06647,2.06677,1.00,1.00
2016.01.12 11:11:10.945,2.06647,2.06684,1.00,1.00
2016.01.12 11:11:11.046,2.06641,2.06676,1.00,1.75
2016.01.12 11:11:11.097,2.06639,2.06676,1.00,1.75
2016.01.12 11:11:11.148,2.06639,2.06676,1.37,1.75
2016.01.12 11:11:11.249,2.06639,2.06676,1.50,1.00
2016.01.12 11:11:11.451,2.06642,2.06678,1.12,1.00
2016.01.12 11:11:11.715,2.06637,2.06678,1.75,1.87
2016.01.12 11:11:11.766,2.06637,2.06678,1.37,1.87
2016.01.12 11:11:11.817,2.06636,2.06675,1.00,1.00
2016.01.12 11:11:11.868,2.06637,2.06675,1.37,1.00
2016.01.12 11:11:12.121,2.06643,2.06678,1.00,1.00
2016.01.12 11:11:12.323,2.06642,2.06678,1.00,1.37
2016.01.12 11:11:12.577,2.06639,2.06678,1.50,1.75
2016.01.12 11:11:12.956,2.06639,2.06681,1.87,1.75
2016.01.12 11:11:13.057,2.06642,2.0668,1.00,1.00
2016.01.12 11:11:13.159,2.06644,2.0668,1.00,1.00
2016.01.12 11:11:13.462,2.06648,2.0668,1.00,1.00
2016.01.12 11:11:14.470,2.06648,2.06687,1.37,1.12
2016.01.12 11:11:14.571,2.06652,2.06687,1.00,1.12
2016.01.12 11:11:15.430,2.06653,2.06689,1.00,1.75
2016.01.12 11:11:15.884,2.06655,2.06689,1.00,1.75
2016.01.12 11:11:16.760,2.06658,2.06691,1.00,1.75
2016.01.12 11:11:17.075,2.06657,2.06691,1.00,1.00
2016.01.12 11:11:17.583,2.06657,2.06693,1.00,1.50
2016.01.12 11:11:17.958,2.06657,2.06692,1.37,1.12
2016.01.12 11:11:18.479,2.0666,2.06692,1.00,1.12
2016.01.12 11:11:19.850,2.0666,2.06697,1.37,1.75
2016.01.12 11:11:20.103,2.06663,2.06703,1.75,1.50
2016.01.12 11:11:20.153,2.06663,2.06701,1.75,1.00
2016.01.12 11:11:20.457,2.06666,2.06699,1.00,1.50
2016.01.12 11:11:20.760,2.06663,2.06699,1.37,1.50
2016.01.12 11:11:20.909,2.06674,2.06704,1.00,1.00
2016.01.12 11:11:22.680,2.06668,2.06704,1.00,1.00
2016.01.12 11:11:22.781,2.06668,2.06701,1.37,1.75
2016.01.12 11:11:22.832,2.06668,2.06701,1.37,1.37
2016.01.12 11:11:22.883,2.06668,2.06706,1.37,1.75
2016.01.12 11:11:23.034,2.06674,2.06706,1.00,1.75
2016.01.12 11:11:25.026,2.06672,2.06701,1.00,1.00
2016.01.12 11:11:25.228,2.06656,2.06694,1.00,1.00
2016.01.12 11:11:25.942,2.06656,2.06694,1.12,1.37
2016.01.12 11:11:26.094,2.06653,2.0669,1.12,1.12
2016.01.12 11:11:26.195,2.06656,2.0669,1.00,1.12
2016.01.12 11:11:27.261,2.06656,2.06689,1.00,1.00
2016.01.12 11:11:27.513,2.06645,2.06679,1.00,1.00
2016.01.12 11:11:27.883,2.06648,2.0668,1.00,1.37
2016.01.12 11:11:27.934,2.06648,2.06684,1.37,1.00
2016.01.12 11:11:27.985,2.06652,2.06688,1.00,1.12
2016.01.12 11:11:28.187,2.06663,2.06689,1.00,1.00
2016.01.12 11:11:28.289,2.06663,2.06695,1.12,1.00
2016.01.12 11:11:28.390,2.0666,2.06695,1.00,1.50
2016.01.12 11:11:28.756,2.06654,2.06694,2.25,1.37
2016.01.12 11:11:28.807,2.06654,2.06694,1.87,1.37
2016.01.12 11:11:29.009,2.06654,2.06693,2.25,1.12
2016.01.12 11:11:29.312,2.06663,2.06697,1.00,1.00
2016.01.12 11:11:29.414,2.06661,2.06697,1.00,1.00
2016.01.12 11:11:30.182,2.06663,2.06698,1.00,1.00
2016.01.12 11:11:30.485,2.06665,2.06698,1.00,1.00
2016.01.12 11:11:32.001,2.06667,2.06698,1.00,1.50
2016.01.12 11:11:32.520,2.06668,2.06698,1.00,1.00
2016.01.12 11:11:33.174,2.06665,2.06697,1.00,1.00
2016.01.12 11:11:35.236,2.06662,2.06697,1.00,1.50
2016.01.12 11:11:35.287,2.06662,2.06691,1.00,1.00
2016.01.12 11:11:35.338,2.06651,2.06691,1.37,1.87
2016.01.12 11:11:35.389,2.06653,2.06691,1.00,2.25
2016.01.12 11:11:35.848,2.06657,2.06692,1.00,1.75
2016.01.12 11:11:36.101,2.06661,2.06697,1.00,1.00
2016.01.12 11:11:36.866,2.06663,2.06697,1.00,1.00
2016.01.12 11:11:36.968,2.0666,2.06697,1.00,1.00
2016.01.12 11:11:37.423,2.0666,2.06697,1.00,1.37
2016.01.12 11:11:37.726,2.06664,2.06697,1.00,1.00
2016.01.12 11:11:38.305,2.06664,2.06698,1.00,1.12
2016.01.12 11:11:39.647,2.06663,2.06698,1.00,1.12
2016.01.12 11:11:39.852,2.0666,2.06697,1.00,1.00
2016.01.12 11:11:39.903,2.0666,2.06694,1.00,1.00
2016.01.12 11:11:40.155,2.06654,2.06692,1.00,1.75
2016.01.12 11:11:40.360,2.06657,2.06692,1.00,1.75
2016.01.12 11:11:40.511,2.0666,2.06695,1.00,1.12
2016.01.12 11:11:40.612,2.06656,2.06695,1.87,1.12
2016.01.12 11:11:41.181,2.06657,2.06698,1.00,1.75
2016.01.12 11:11:41.718,2.06656,2.06696,1.12,1.37
2016.01.12 11:11:42.813,2.06656,2.06693,1.12,1.00
2016.01.12 11:11:43.115,2.06651,2.06684,1.00,1.00
2016.01.12 11:11:43.267,2.06647,2.06684,1.00,1.50
2016.01.12 11:11:43.368,2.06645,2.06684,1.00,1.12
2016.01.12 11:11:43.849,2.06645,2.06681,1.00,1.00
2016.01.12 11:11:44.152,2.06645,2.06679,1.00,1.00
2016.01.12 11:11:44.627,2.06645,2.06679,1.37,1.00
2016.01.12 11:11:44.779,2.06657,2.06693,1.00,2.25
2016.01.12 11:11:44.898,2.06659,2.06697,1.00,1.75
2016.01.12 11:11:47.091,2.06659,2.06697,1.00,1.00
2016.01.12 11:11:47.466,2.06663,2.06699,1.00,1.12
2016.01.12 11:11:48.003,2.06662,2.06699,1.00,1.12
2016.01.12 11:11:48.660,2.06666,2.06699,1.00,1.12
2016.01.12 11:11:49.050,2.06667,2.06703,1.37,1.37
2016.01.12 11:11:49.101,2.06667,2.06704,1.37,1.00
2016.01.12 11:11:49.203,2.06672,2.06706,1.00,1.75
2016.01.12 11:11:49.658,2.06679,2.06707,1.00,1.75
2016.01.12 11:11:49.810,2.06679,2.0671,1.00,1.37
2016.01.12 11:11:49.911,2.06672,2.06709,1.37,1.00
2016.01.12 11:11:50.458,2.06675,2.0671,1.00,1.50
2016.01.12 11:11:51.924,2.06672,2.0671,1.00,1.50
2016.01.12 11:11:54.022,2.06674,2.06712,1.00,2.25
2016.01.12 11:11:54.371,2.06677,2.06712,1.00,1.75
2016.01.12 11:11:58.700,2.06677,2.06714,1.00,1.50
2016.01.12 11:11:59.201,2.06684,2.06714,1.00,1.00
2016.01.12 11:11:59.252,2.06684,2.06717,1.37,1.00
2016.01.12 11:11:59.303,2.06691,2.06723,1.00,1.00
2016.01.12 11:11:59.404,2.06691,2.06725,1.00,2.62
2016.01.12 11:12:00.004,2.06691,2.06725,1.00,2.62
2016.01.12 11:12:00.543,2.06696,2.06725,1.00,1.00
2016.01.12 11:12:00.841,2.06684,2.06721,1.87,1.37
2016.01.12 11:12:00.892,2.06684,2.06719,1.50,1.00
2016.01.12 11:12:00.943,2.06684,2.06719,1.12,1.37
2016.01.12 11:12:01.145,2.06687,2.06725,1.00,2.25
2016.01.12 11:12:02.365,2.06687,2.06721,1.00,1.00
2016.01.12 11:12:02.416,2.06684,2.06721,1.00,1.00
2016.01.12 11:12:02.467,2.06684,2.06718,1.00,1.00
2016.01.12 11:12:02.618,2.0668,2.06718,1.00,1.37
2016.01.12 11:12:03.018,2.0668,2.06718,1.00,1.75
2016.01.12 11:12:04.299,2.0668,2.06711,1.00,1.00
2016.01.12 11:12:04.401,2.06675,2.0671,1.00,1.37
2016.01.12 11:12:04.452,2.06675,2.0671,1.00,1.75
2016.01.12 11:12:04.503,2.06667,2.06708,1.87,1.75
2016.01.12 11:12:04.710,2.0667,2.06703,1.00,1.50
2016.01.12 11:12:05.013,2.0667,2.06705,1.00,1.00
2016.01.12 11:12:05.064,2.06674,2.06709,1.00,1.50
2016.01.12 11:12:05.377,2.06671,2.06709,1.00,1.50
2016.01.12 11:12:05.882,2.06672,2.06709,1.00,1.00
2016.01.12 11:12:07.039,2.06671,2.06709,1.00,1.00
2016.01.12 11:12:07.450,2.06669,2.06709,1.50,1.00
2016.01.12 11:12:07.612,2.06669,2.06705,1.50,1.00
2016.01.12 11:12:08.116,2.06669,2.06706,1.00,1.00
2016.01.12 11:12:09.394,2.06669,2.06705,1.00,1.00
2016.01.12 11:12:09.897,2.06668,2.06705,1.50,1.00
2016.01.12 11:12:10.335,2.06669,2.06705,1.00,1.75
2016.01.12 11:12:10.953,2.06664,2.06704,1.00,1.75
2016.01.12 11:12:11.003,2.06667,2.06704,1.00,1.75
2016.01.12 11:12:12.156,2.06668,2.06705,1.00,1.75
2016.01.12 11:12:12.758,2.06671,2.06705,1.00,1.75
2016.01.12 11:12:12.860,2.06673,2.06708,1.00,1.00
2016.01.12 11:12:12.962,2.06676,2.06712,1.00,1.50
2016.01.12 11:12:13.265,2.06673,2.06712,1.00,1.50
2016.01.12 11:12:13.769,2.06673,2.06711,1.00,1.00
2016.01.12 11:12:17.917,2.06675,2.06711,1.00,1.00
2016.01.12 11:12:19.638,2.06675,2.06711,1.00,2.25
2016.01.12 11:12:19.689,2.06669,2.06709,1.00,1.75
2016.01.12 11:12:19.739,2.06669,2.06701,1.50,1.75
2016.01.12 11:12:19.927,2.06662,2.06698,1.00,1.12
2016.01.12 11:12:20.131,2.06662,2.06696,1.00,1.37
2016.01.12 11:12:20.443,2.06659,2.06691,1.00,1.00
2016.01.12 11:12:20.746,2.06659,2.06686,1.00,1.00
2016.01.12 11:12:20.900,2.06652,2.06686,1.00,1.00
2016.01.12 11:12:22.666,2.06652,2.06687,1.00,1.00
2016.01.12 11:12:23.019,2.06654,2.0669,1.00,1.00
2016.01.12 11:12:24.217,2.06654,2.0669,1.37,1.00
2016.01.12 11:12:24.520,2.06669,2.06703,1.00,1.00
2016.01.12 11:12:24.824,2.06674,2.06709,1.12,2.25
2016.01.12 11:12:27.353,2.06674,2.06709,1.00,1.00
2016.01.12 11:12:27.404,2.06676,2.06713,1.00,1.50
2016.01.12 11:12:27.606,2.06679,2.06713,1.00,1.50
2016.01.12 11:12:28.346,2.06677,2.06713,1.50,1.50
2016.01.12 11:12:29.062,2.06676,2.06713,1.50,1.50
2016.01.12 11:12:30.869,2.06677,2.06713,1.00,1.50
2016.01.12 11:12:32.181,2.06676,2.06713,1.00,1.50
2016.01.12 11:12:32.283,2.06678,2.06713,1.00,1.50
2016.01.12 11:12:32.803,2.06676,2.06713,1.00,1.50
2016.01.12 11:12:36.377,2.06675,2.0671,1.00,1.50
2016.01.12 11:12:37.045,2.06672,2.06708,1.00,1.00
2016.01.12 11:12:38.963,2.06673,2.06708,1.00,1.00
2016.01.12 11:12:41.963,2.06672,2.06708,1.00,1.00
2016.01.12 11:12:42.874,2.06672,2.06707,1.12,1.00
2016.01.12 11:12:44.804,2.06672,2.06708,1.12,1.50
2016.01.12 11:12:47.642,2.06672,2.06708,1.37,1.50
2016.01.12 11:12:47.945,2.06671,2.06704,1.00,1.00
2016.01.12 11:12:48.097,2.06674,2.06708,1.00,1.00
2016.01.12 11:12:48.641,2.06673,2.06707,1.00,1.00
2016.01.12 11:12:51.405,2.06677,2.0671,1.00,1.00
2016.01.12 11:12:51.709,2.0668,2.0671,1.00,1.00
2016.01.12 11:12:52.260,2.06679,2.0671,1.00,1.00
2016.01.12 11:12:53.126,2.06679,2.06712,1.50,1.00
2016.01.12 11:12:53.817,2.06679,2.06714,1.50,1.00
2016.01.12 11:12:58.137,2.06679,2.06715,1.50,1.00
2016.01.12 11:12:59.505,2.06683,2.06715,1.75,1.00
2016.01.12 11:12:59.556,2.06689,2.06724,1.12,1.87
2016.01.12 11:12:59.657,2.0669,2.06722,1.00,1.00
2016.01.12 11:12:59.708,2.06688,2.06722,1.12,1.00
2016.01.12 11:13:00.048,2.06686,2.0672,1.75,1.00
2016.01.12 11:13:00.401,2.06692,2.06727,1.37,1.12
2016.01.12 11:13:00.503,2.06694,2.06729,1.00,1.00
2016.01.12 11:13:00.554,2.06697,2.06731,1.00,1.00
2016.01.12 11:13:00.857,2.06699,2.06731,1.00,1.00
2016.01.12 11:13:01.393,2.06696,2.06731,1.12,1.00
2016.01.12 11:13:01.833,2.06694,2.06731,1.00,1.00
2016.01.12 11:13:02.543,2.06695,2.06731,1.75,1.00
2016.01.12 11:13:03.261,2.06698,2.06731,1.00,1.00
2016.01.12 11:13:03.605,2.067,2.06731,1.00,1.00
2016.01.12 11:13:03.914,2.067,2.06727,1.00,1.00
2016.01.12 11:13:04.166,2.06697,2.06729,1.00,1.00
2016.01.12 11:13:04.318,2.06694,2.06729,1.00,1.87
2016.01.12 11:13:04.369,2.06694,2.06727,1.00,1.00
2016.01.12 11:13:11.410,2.06694,2.06726,1.00,1.00
2016.01.12 11:13:14.864,2.06694,2.06727,1.00,1.12
2016.01.12 11:13:14.915,2.06691,2.06727,1.00,1.87
2016.01.12 11:13:14.966,2.06689,2.06723,1.00,1.00
2016.01.12 11:13:15.168,2.06687,2.06723,1.00,1.87
2016.01.12 11:13:15.270,2.06684,2.06719,1.00,1.00
2016.01.12 11:13:20.374,2.06684,2.06719,1.37,1.00
2016.01.12 11:13:20.476,2.06688,2.06724,1.12,1.00
2016.01.12 11:13:20.892,2.06691,2.06726,1.00,1.00
2016.01.12 11:13:21.393,2.06691,2.06727,1.00,1.12
2016.01.12 11:13:24.097,2.06688,2.06725,1.12,1.00
2016.01.12 11:13:26.270,2.06688,2.06723,1.12,1.00
2016.01.12 11:13:26.573,2.06697,2.06729,1.00,1.50
2016.01.12 11:13:26.724,2.06707,2.06741,1.00,1.75
2016.01.12 11:13:26.775,2.06707,2.06741,1.00,1.00
2016.01.12 11:13:27.323,2.06705,2.06741,1.87,1.00
2016.01.12 11:13:27.580,2.06708,2.06741,1.00,1.00
2016.01.12 11:13:27.976,2.06708,2.06744,1.50,1.00
2016.01.12 11:13:28.027,2.06708,2.06744,1.00,1.37
2016.01.12 11:13:28.129,2.06705,2.0674,1.00,1.12
2016.01.12 11:13:29.333,2.06708,2.06742,1.00,1.75
2016.01.12 11:13:32.725,2.06708,2.06743,1.00,1.37
2016.01.12 11:13:32.877,2.06709,2.06743,1.00,1.00
2016.01.12 11:13:34.083,2.06708,2.06743,1.50,1.00
2016.01.12 11:13:35.095,2.0671,2.06744,1.00,1.00
2016.01.12 11:13:35.611,2.0671,2.06745,1.50,1.00
2016.01.12 11:13:36.127,2.0671,2.06744,1.50,1.00
2016.01.12 11:13:36.678,2.0671,2.06745,2.25,1.00
2016.01.12 11:13:37.185,2.0671,2.06744,1.50,1.00
2016.01.12 11:13:37.733,2.0671,2.06745,1.50,1.00
2016.01.12 11:13:39.393,2.0671,2.06744,1.50,1.00
2016.01.12 11:13:39.539,2.0671,2.06746,1.50,1.00
2016.01.12 11:13:41.698,2.0671,2.06743,1.50,1.00
2016.01.12 11:13:43.784,2.06713,2.06743,1.00,1.00
2016.01.12 11:13:43.885,2.06707,2.06743,2.25,1.00
2016.01.12 11:13:44.743,2.06712,2.06743,1.00,1.00
2016.01.12 11:13:44.867,2.06717,2.06754,2.62,2.25
2016.01.12 11:13:45.020,2.06728,2.06765,1.37,1.37
2016.01.12 11:13:45.072,2.06736,2.06769,1.00,1.37
2016.01.12 11:13:45.124,2.06736,2.06769,1.00,1.00
2016.01.12 11:13:45.528,2.06733,2.06772,1.00,1.12
2016.01.12 11:13:45.680,2.06733,2.06768,1.00,1.00
2016.01.12 11:13:45.730,2.06729,2.06768,1.75,1.00
2016.01.12 11:13:45.832,2.06729,2.06765,1.75,1.00
2016.01.12 11:13:47.111,2.06729,2.06766,2.25,1.00
2016.01.12 11:13:47.427,2.06713,2.06751,1.12,1.37
2016.01.12 11:13:47.528,2.06715,2.06751,1.00,1.37
2016.01.12 11:13:47.629,2.06712,2.06751,1.00,1.37
2016.01.12 11:13:48.291,2.06711,2.06751,1.00,1.87
2016.01.12 11:13:48.598,2.06713,2.06751,1.00,1.37
2016.01.12 11:13:49.921,2.0671,2.06752,1.12,2.25
2016.01.12 11:13:51.034,2.0671,2.06746,1.12,1.00
2016.01.12 11:13:52.132,2.0671,2.06745,1.12,1.00
2016.01.12 11:13:52.643,2.0671,2.06746,1.12,1.00
2016.01.12 11:13:53.186,2.0671,2.06745,1.12,1.00
2016.01.12 11:13:53.790,2.06704,2.06745,1.50,1.50
2016.01.12 11:13:53.841,2.06704,2.06741,1.50,1.00
2016.01.12 11:13:56.397,2.06709,2.06741,1.00,1.50
2016.01.12 11:13:57.137,2.06709,2.0674,1.00,1.00
2016.01.12 11:13:57.730,2.06704,2.0674,1.50,1.00
2016.01.12 11:13:57.932,2.06709,2.06744,1.37,1.00
2016.01.12 11:13:58.083,2.06723,2.06755,1.00,1.00
2016.01.12 11:13:58.184,2.0672,2.06755,1.00,1.00
2016.01.12 11:13:58.285,2.06722,2.06755,1.00,1.00
2016.01.12 11:13:58.386,2.06718,2.06755,1.00,1.00
2016.01.12 11:14:01.035,2.06718,2.06754,1.00,1.50
2016.01.12 11:14:01.137,2.06715,2.0675,1.50,1.00
2016.01.12 11:14:01.289,2.06708,2.06746,2.25,1.00
2016.01.12 11:14:02.088,2.06712,2.06747,1.00,1.00
2016.01.12 11:14:02.240,2.06709,2.06746,1.50,1.00
2016.01.12 11:14:04.322,2.06709,2.06742,1.50,1.00
2016.01.12 11:14:04.864,2.06706,2.06741,1.75,1.00
2016.01.12 11:14:05.167,2.067,2.06731,1.37,1.00
2016.01.12 11:14:05.217,2.06697,2.06731,1.37,1.50
2016.01.12 11:14:05.268,2.06697,2.06727,1.37,1.00
2016.01.12 11:14:05.508,2.06691,2.06727,1.00,1.87
2016.01.12 11:14:05.559,2.06694,2.06727,1.00,1.37
2016.01.12 11:14:05.610,2.06687,2.06725,1.50,1.00
2016.01.12 11:14:05.661,2.06687,2.06723,1.37,1.00
2016.01.12 11:14:05.965,2.06691,2.06726,1.00,1.75
2016.01.12 11:14:06.015,2.06688,2.06726,1.00,2.25
2016.01.12 11:14:08.263,2.06691,2.06728,1.00,1.50
2016.01.12 11:14:08.516,2.067,2.06735,1.37,1.50
2016.01.12 11:14:08.567,2.06701,2.06738,1.12,1.00
2016.01.12 11:14:08.618,2.06703,2.06738,1.00,1.00
2016.01.12 11:14:09.166,2.06704,2.06739,1.00,1.50
2016.01.12 11:14:09.520,2.06703,2.06736,1.00,1.00
2016.01.12 11:14:09.621,2.06701,2.06736,1.12,1.00
2016.01.12 11:14:09.974,2.06701,2.06734,1.12,1.00
2016.01.12 11:14:10.525,2.06701,2.06735,1.12,1.00
2016.01.12 11:14:10.828,2.06704,2.06737,1.00,1.00
2016.01.12 11:14:11.080,2.06704,2.0674,1.00,1.12
2016.01.12 11:14:11.325,2.06702,2.06738,1.00,1.00
2016.01.12 11:14:12.939,2.06704,2.06738,1.00,1.00
2016.01.12 11:14:14.193,2.06704,2.06738,1.37,1.00
2016.01.12 11:14:14.872,2.0671,2.06738,1.00,1.00
2016.01.12 11:14:15.644,2.0671,2.06742,1.00,1.50
2016.01.12 11:14:16.856,2.0671,2.06743,1.00,1.00
2016.01.12 11:14:17.311,2.06707,2.06743,1.50,1.00
2016.01.12 11:14:17.557,2.06709,2.06743,1.00,1.00
2016.01.12 11:14:17.759,2.06707,2.06743,1.00,1.00
2016.01.12 11:14:18.502,2.06707,2.06742,1.00,1.00
2016.01.12 11:14:21.775,2.06707,2.06739,1.00,1.00
2016.01.12 11:14:21.876,2.06705,2.06741,1.50,1.00
2016.01.12 11:14:27.385,2.06708,2.06743,1.00,1.00
2016.01.12 11:14:32.032,2.06708,2.06742,1.12,1.00
2016.01.12 11:14:32.335,2.06701,2.06732,1.00,1.00
2016.01.12 11:14:32.386,2.06694,2.06726,1.00,1.12
2016.01.12 11:14:32.488,2.06691,2.06723,1.12,1.00
2016.01.12 11:14:32.791,2.06687,2.06718,2.25,1.00
2016.01.12 11:14:32.842,2.06687,2.06723,2.25,1.37
2016.01.12 11:14:32.893,2.0669,2.06725,1.37,1.00
2016.01.12 11:14:33.145,2.0669,2.06723,1.37,1.00
2016.01.12 11:14:33.464,2.06693,2.06725,1.00,1.00
2016.01.12 11:14:33.514,2.06693,2.06729,1.00,1.00
2016.01.12 11:14:33.565,2.06701,2.0673,1.00,1.00
2016.01.12 11:14:33.616,2.06701,2.06734,1.50,1.00
2016.01.12 11:14:33.667,2.06707,2.06734,1.00,1.00
2016.01.12 11:14:33.718,2.06704,2.06739,1.00,1.50
2016.01.12 11:14:35.047,2.06703,2.0674,1.00,2.25
2016.01.12 11:14:35.199,2.06702,2.06732,1.00,1.00
2016.01.12 11:14:35.250,2.06697,2.06732,1.37,1.00
2016.01.12 11:14:35.416,2.06697,2.06729,1.37,1.00
2016.01.12 11:14:35.719,2.06694,2.0672,1.75,1.00
2016.01.12 11:14:35.821,2.06694,2.06723,1.75,1.00
2016.01.12 11:14:36.023,2.06696,2.06732,1.50,1.00
2016.01.12 11:14:36.073,2.06704,2.06734,1.00,1.00
2016.01.12 11:14:36.124,2.06704,2.06739,1.00,1.50
2016.01.12 11:14:36.225,2.06703,2.0674,1.12,1.00
2016.01.12 11:14:36.753,2.06704,2.0674,1.00,1.00
2016.01.12 11:14:37.461,2.06703,2.0674,1.12,1.00
2016.01.12 11:14:37.512,2.06703,2.06738,1.00,1.12
2016.01.12 11:14:38.019,2.06702,2.06737,1.50,1.00
2016.01.12 11:14:38.322,2.06706,2.06739,1.00,1.50
2016.01.12 11:14:40.285,2.06704,2.06739,1.00,1.50
2016.01.12 11:14:40.701,2.06705,2.06738,1.12,1.00
2016.01.12 11:14:40.752,2.06708,2.06743,1.00,1.00
2016.01.12 11:14:40.802,2.06712,2.06745,1.00,1.00
2016.01.12 11:14:40.853,2.06712,2.06747,1.00,1.00
2016.01.12 11:14:41.399,2.06713,2.06748,1.00,1.00
2016.01.12 11:14:43.045,2.06712,2.06747,1.00,1.00
2016.01.12 11:14:43.547,2.06712,2.06744,1.00,1.00
2016.01.12 11:14:43.648,2.06707,2.06744,1.12,1.00
2016.01.12 11:14:44.613,2.06707,2.06742,1.00,1.12
2016.01.12 11:14:44.916,2.06707,2.0674,1.00,1.00
2016.01.12 11:14:45.706,2.06707,2.06743,1.00,1.50
2016.01.12 11:14:46.901,2.06707,2.06741,1.00,1.00
2016.01.12 11:14:49.544,2.06707,2.06742,1.00,1.12
2016.01.12 11:14:49.672,2.06707,2.06735,1.00,1.00
2016.01.12 11:14:49.740,2.06699,2.06735,1.75,1.00
2016.01.12 11:14:50.626,2.06699,2.06736,1.75,1.00
2016.01.12 11:14:52.252,2.06701,2.06737,1.75,1.00
2016.01.12 11:14:52.792,2.06701,2.06738,1.75,1.00
2016.01.12 11:14:53.297,2.06701,2.06737,1.75,1.00
2016.01.12 11:14:53.738,2.06698,2.06735,1.00,1.00
2016.01.12 11:14:54.393,2.06698,2.06734,1.00,1.00
2016.01.12 11:14:54.444,2.06698,2.06731,1.00,1.00
2016.01.12 11:14:54.647,2.06693,2.06729,1.00,1.50
2016.01.12 11:14:54.697,2.0669,2.06725,1.50,1.00
2016.01.12 11:14:55.244,2.0669,2.06725,1.00,1.37
2016.01.12 11:14:56.598,2.06688,2.06721,1.00,1.00
2016.01.12 11:14:56.699,2.06684,2.0672,1.37,1.00
2016.01.12 11:14:56.901,2.06683,2.06721,1.00,1.50
2016.01.12 11:14:57.053,2.06681,2.06719,1.50,1.12
2016.01.12 11:14:57.655,2.06681,2.06719,1.50,2.25
2016.01.12 11:14:57.958,2.06668,2.06706,1.00,1.87
2016.01.12 11:14:58.463,2.06666,2.06702,3.00,1.50
2016.01.12 11:14:59.859,2.06664,2.06699,1.75,2.25
2016.01.12 11:15:00.011,2.06656,2.0669,1.00,1.00
2016.01.12 11:15:00.548,2.06655,2.06691,1.00,1.50
2016.01.12 11:15:01.068,2.06655,2.06693,1.50,1.00
2016.01.12 11:15:01.400,2.06654,2.0669,1.75,1.00
2016.01.12 11:15:01.451,2.06654,2.06693,1.75,1.00
2016.01.12 11:15:01.704,2.0666,2.06694,1.00,1.50
2016.01.12 11:15:01.755,2.0666,2.06697,1.00,1.37
2016.01.12 11:15:02.927,2.0666,2.06699,1.37,1.37
2016.01.12 11:15:03.245,2.0666,2.06699,1.00,2.25
2016.01.12 11:15:03.397,2.06653,2.06694,1.87,1.00
2016.01.12 11:15:03.498,2.06652,2.06692,1.75,1.50
2016.01.12 11:15:03.801,2.06649,2.06684,1.12,1.00
2016.01.12 11:15:03.852,2.06649,2.06687,1.12,1.00
2016.01.12 11:15:03.953,2.06647,2.06684,2.25,1.00
2016.01.12 11:15:04.267,2.06647,2.06687,2.25,1.00
2016.01.12 11:15:04.368,2.06647,2.06684,2.25,1.00
2016.01.12 11:15:04.570,2.06646,2.06683,1.00,1.12
2016.01.12 11:15:06.325,2.06646,2.06681,1.00,1.37
2016.01.12 11:15:06.376,2.0664,2.06677,1.75,1.00
2016.01.12 11:15:06.528,2.06641,2.0668,1.50,1.00
2016.01.12 11:15:06.832,2.0664,2.0667,1.75,1.00
2016.01.12 11:15:08.042,2.06638,2.06668,1.75,1.00
2016.01.12 11:15:08.446,2.06636,2.0667,1.75,1.00
2016.01.12 11:15:08.883,2.06643,2.06675,1.12,1.00
2016.01.12 11:15:08.984,2.06643,2.06675,2.25,1.00
2016.01.12 11:15:09.289,2.06643,2.06672,1.75,1.00
2016.01.12 11:15:09.795,2.06643,2.06673,1.75,1.00
2016.01.12 11:15:10.300,2.06643,2.06672,1.75,1.00
2016.01.12 11:15:11.636,2.06639,2.06667,1.75,1.00
2016.01.12 11:15:11.788,2.06637,2.06667,1.50,1.00
2016.01.12 11:15:11.889,2.06637,2.06677,1.50,1.00
2016.01.12 11:15:12.402,2.06639,2.06681,1.12,3.00
2016.01.12 11:15:13.958,2.06636,2.06675,1.75,1.00
2016.01.12 11:15:14.301,2.06636,2.06673,1.75,1.00
2016.01.12 11:15:15.517,2.06636,2.0667,1.75,1.00
2016.01.12 11:15:15.618,2.06636,2.06673,1.75,1.00
2016.01.12 11:15:16.361,2.06636,2.06674,1.75,1.00
2016.01.12 11:15:16.879,2.06637,2.06675,1.50,1.00
2016.01.12 11:15:19.241,2.06637,2.06673,1.50,1.00
2016.01.12 11:15:19.896,2.06637,2.06676,1.50,1.37
2016.01.12 11:15:19.947,2.06642,2.06676,1.00,1.00
2016.01.12 11:15:20.260,2.06642,2.06678,2.25,1.00
2016.01.12 11:15:20.563,2.06642,2.06677,1.75,1.37
2016.01.12 11:15:20.665,2.06637,2.06676,1.50,1.37
2016.01.12 11:15:20.716,2.06637,2.06676,1.50,1.37
2016.01.12 11:15:20.767,2.06637,2.06668,1.00,1.00
2016.01.12 11:15:21.084,2.06637,2.06664,1.00,1.00
2016.01.12 11:15:21.139,2.06637,2.06666,1.00,1.00
2016.01.12 11:15:21.349,2.06637,2.06668,1.00,1.00
2016.01.12 11:15:21.552,2.06637,2.06671,1.00,1.12
2016.01.12 11:15:22.082,2.06637,2.06669,1.00,1.00
2016.01.12 11:15:22.303,2.06637,2.06671,1.00,1.00
2016.01.12 11:15:22.562,2.06637,2.06668,1.00,1.00
2016.01.12 11:15:24.508,2.06637,2.06672,1.00,1.37
2016.01.12 11:15:24.660,2.06637,2.06672,1.00,1.37
2016.01.12 11:15:24.732,2.0663,2.06667,1.00,1.00
2016.01.12 11:15:24.783,2.06626,2.06667,2.62,1.00
2016.01.12 11:15:26.515,2.06628,2.06669,1.12,1.50
2016.01.12 11:15:26.773,2.06628,2.06669,2.25,1.12
2016.01.12 11:15:27.076,2.06633,2.06674,1.75,1.00
2016.01.12 11:15:27.627,2.06633,2.06673,1.75,1.00
2016.01.12 11:15:27.915,2.06635,2.06676,1.37,1.87
2016.01.12 11:15:29.237,2.06638,2.06676,1.00,1.37
2016.01.12 11:15:29.540,2.06642,2.06676,1.00,1.37
2016.01.12 11:15:29.781,2.06639,2.06675,1.00,1.12
2016.01.12 11:15:30.286,2.06638,2.06675,1.50,1.12
2016.01.12 11:15:30.589,2.06638,2.06675,2.25,1.00
2016.01.12 11:15:30.791,2.06658,2.06691,1.00,1.50
2016.01.12 11:15:30.893,2.06656,2.06695,1.00,1.50
2016.01.12 11:15:30.995,2.06662,2.06697,1.00,1.00
2016.01.12 11:15:31.122,2.06662,2.06702,1.00,1.75
2016.01.12 11:15:31.325,2.06662,2.06702,1.75,1.00
2016.01.12 11:15:31.642,2.06661,2.067,2.25,1.00
2016.01.12 11:15:31.895,2.06661,2.06702,2.25,1.00
2016.01.12 11:15:32.047,2.0667,2.06702,1.00,1.00
2016.01.12 11:15:32.098,2.0667,2.06711,1.75,1.50
2016.01.12 11:15:32.200,2.06673,2.06714,1.37,1.50
2016.01.12 11:15:36.623,2.06682,2.06713,1.00,1.00
2016.01.12 11:15:37.077,2.06685,2.06715,1.00,1.37
2016.01.12 11:15:37.423,2.06685,2.06712,1.75,1.00
2016.01.12 11:15:37.929,2.06684,2.06716,1.75,1.00
2016.01.12 11:15:43.144,2.06685,2.0672,1.75,1.50
2016.01.12 11:15:44.942,2.06681,2.0672,1.00,1.50
2016.01.12 11:15:45.094,2.06682,2.06722,1.87,1.00
2016.01.12 11:15:45.145,2.06682,2.06722,1.87,1.00
2016.01.12 11:15:45.448,2.06687,2.06728,1.50,1.37
2016.01.12 11:15:45.632,2.06687,2.06724,1.00,1.00
2016.01.12 11:15:46.515,2.06687,2.06721,1.00,1.00
2016.01.12 11:15:47.040,2.06687,2.06722,1.00,1.00
2016.01.12 11:15:47.394,2.06687,2.06724,1.00,1.00
2016.01.12 11:15:47.495,2.06687,2.06721,1.00,1.00
2016.01.12 11:15:48.609,2.06687,2.06725,1.00,1.50
2016.01.12 11:15:56.168,2.06689,2.06725,1.00,1.00
2016.01.12 11:16:00.331,2.06687,2.06725,1.00,1.87
2016.01.12 11:16:00.634,2.06684,2.06722,2.25,1.00
2016.01.12 11:16:00.685,2.06685,2.06722,1.00,1.00
2016.01.12 11:16:00.736,2.06685,2.06716,1.00,1.00
2016.01.12 11:16:01.039,2.06685,2.06713,1.00,1.00
2016.01.12 11:16:01.385,2.06685,2.06715,1.00,1.00
2016.01.12 11:16:01.487,2.06679,2.06718,2.25,1.12
2016.01.12 11:16:02.503,2.06681,2.06721,1.12,1.50
2016.01.12 11:16:03.660,2.06679,2.06715,1.75,1.00
2016.01.12 11:16:03.826,2.06673,2.06714,2.25,1.87
2016.01.12 11:16:03.927,2.06673,2.06706,1.50,1.00
2016.01.12 11:16:04.432,2.06673,2.06709,1.50,1.12
2016.01.12 11:16:04.584,2.06669,2.06705,1.75,1.00
2016.01.12 11:16:05.999,2.06668,2.06708,2.25,1.00
2016.01.12 11:16:06.193,2.0667,2.06712,1.87,2.25
2016.01.12 11:16:06.294,2.06675,2.06712,1.00,1.37
2016.01.12 11:16:06.597,2.06674,2.06709,1.00,1.37
2016.01.12 11:16:06.799,2.06674,2.06709,1.00,1.00
2016.01.12 11:16:07.336,2.06675,2.06709,1.00,1.00
2016.01.12 11:16:07.538,2.06675,2.06714,1.00,1.00
2016.01.12 11:16:07.588,2.06678,2.06715,1.00,1.12
2016.01.12 11:16:08.093,2.06679,2.06718,1.00,1.37
2016.01.12 11:16:08.687,2.06679,2.06711,1.50,1.00
2016.01.12 11:16:09.192,2.06679,2.06711,1.00,1.37
2016.01.12 11:16:09.495,2.06656,2.0669,1.50,1.00
2016.01.12 11:16:09.597,2.06653,2.06689,1.00,1.37
2016.01.12 11:16:09.749,2.06652,2.06684,1.00,1.00
2016.01.12 11:16:10.255,2.06651,2.06684,1.00,1.50
2016.01.12 11:16:12.157,2.06651,2.06687,1.00,1.00
2016.01.12 11:16:14.590,2.0666,2.06687,1.00,1.00
2016.01.12 11:16:14.641,2.0666,2.0669,1.00,1.00
2016.01.12 11:16:14.693,2.06666,2.0669,1.00,1.00
2016.01.12 11:16:14.895,2.06675,2.06716,2.25,1.00
2016.01.12 11:16:14.997,2.06675,2.06714,1.75,1.00
2016.01.12 11:16:15.300,2.06676,2.06709,1.00,1.00
2016.01.12 11:16:15.350,2.06676,2.06712,1.00,1.00
2016.01.12 11:16:15.401,2.06676,2.06712,1.75,1.00
2016.01.12 11:16:16.028,2.06675,2.06709,1.75,1.00
2016.01.12 11:16:17.391,2.06675,2.06709,1.00,1.00
2016.01.12 11:16:17.492,2.06672,2.06709,1.00,1.00
2016.01.12 11:16:18.011,2.06672,2.06708,1.00,1.00
2016.01.12 11:16:20.432,2.06671,2.06706,1.00,1.00
2016.01.12 11:16:20.735,2.0667,2.06699,1.00,1.00
2016.01.12 11:16:20.836,2.06656,2.06691,2.25,1.37
2016.01.12 11:16:20.888,2.06656,2.06686,1.75,1.00
2016.01.12 11:16:21.039,2.06656,2.06686,1.00,1.00
2016.01.12 11:16:21.142,2.06657,2.0669,1.00,1.00
2016.01.12 11:16:21.193,2.06665,2.06696,1.00,1.75
2016.01.12 11:16:21.395,2.06668,2.067,1.00,1.00
2016.01.12 11:16:22.293,2.06663,2.06696,1.00,1.00
2016.01.12 11:16:22.344,2.06663,2.06694,1.00,1.00
2016.01.12 11:16:22.395,2.06659,2.06692,1.00,1.00
2016.01.12 11:16:24.367,2.06661,2.06692,1.00,1.00
2016.01.12 11:16:24.418,2.06665,2.06698,1.12,1.00
2016.01.12 11:16:24.469,2.06668,2.06698,1.00,1.00
2016.01.12 11:16:24.621,2.06671,2.06706,1.00,1.00
2016.01.12 11:16:25.001,2.06671,2.067,1.00,1.75
2016.01.12 11:16:25.154,2.06667,2.067,1.00,1.75
2016.01.12 11:16:25.255,2.06669,2.06704,1.00,1.75
2016.01.12 11:16:25.306,2.06669,2.06704,1.00,1.00
2016.01.12 11:16:25.356,2.06671,2.06704,1.00,1.00
2016.01.12 11:16:25.660,2.06679,2.06707,1.00,1.00
2016.01.12 11:16:25.715,2.06679,2.06715,1.00,1.50
2016.01.12 11:16:26.222,2.0668,2.06717,1.50,1.75
2016.01.12 11:16:26.424,2.0668,2.06718,2.25,1.00
2016.01.12 11:16:26.729,2.06682,2.06718,1.37,1.00
2016.01.12 11:16:27.080,2.06692,2.06726,1.00,1.00
2016.01.12 11:16:27.131,2.06686,2.06723,1.00,2.25
2016.01.12 11:16:27.434,2.06687,2.0672,1.00,1.00
2016.01.12 11:16:27.636,2.06679,2.06715,1.50,1.00
2016.01.12 11:16:27.788,2.06682,2.06717,1.00,1.00
2016.01.12 11:16:27.939,2.06678,2.06715,1.00,1.00
2016.01.12 11:16:28.685,2.06677,2.06711,1.37,1.00
2016.01.12 11:16:29.661,2.06676,2.06711,1.50,1.00
2016.01.12 11:16:30.565,2.06676,2.06704,1.00,1.00
2016.01.12 11:16:30.616,2.06674,2.06704,1.00,1.00
2016.01.12 11:16:30.666,2.06674,2.06701,1.00,1.00
2016.01.12 11:16:32.018,2.06674,2.06705,1.00,1.00
2016.01.12 11:16:32.534,2.06675,2.06705,1.00,1.00
2016.01.12 11:16:32.736,2.06671,2.06705,1.00,1.00
2016.01.12 11:16:37.254,2.06668,2.06705,1.00,1.87
2016.01.12 11:16:37.305,2.06668,2.06697,1.00,1.00
2016.01.12 11:16:37.457,2.06658,2.06693,1.00,1.00
2016.01.12 11:16:37.507,2.06658,2.06689,1.00,1.00
2016.01.12 11:16:37.788,2.06653,2.06685,1.12,1.00
2016.01.12 11:16:37.890,2.06654,2.06688,1.37,1.37
2016.01.12 11:16:38.405,2.06656,2.06688,1.37,1.00
2016.01.12 11:16:39.286,2.06656,2.06686,1.00,1.00
2016.01.12 11:16:39.337,2.06654,2.06686,1.00,1.00
2016.01.12 11:16:39.388,2.0665,2.06686,1.50,1.00
2016.01.12 11:16:39.489,2.0665,2.06681,1.50,1.50
2016.01.12 11:16:39.641,2.06633,2.06669,1.37,1.00
2016.01.12 11:16:40.145,2.06633,2.06663,1.37,1.00
2016.01.12 11:16:40.609,2.06635,2.06665,1.00,1.00
2016.01.12 11:16:40.710,2.06638,2.0667,1.37,1.00
2016.01.12 11:16:40.811,2.06638,2.06672,1.50,1.00
2016.01.12 11:16:40.913,2.06639,2.06676,1.12,1.00
2016.01.12 11:16:41.419,2.06639,2.06677,1.12,1.00
2016.01.12 11:16:43.474,2.06639,2.06679,1.87,1.00
2016.01.12 11:16:43.526,2.06642,2.06679,1.00,1.00
2016.01.12 11:16:43.830,2.06646,2.06683,1.50,1.00
2016.01.12 11:16:43.880,2.06647,2.06686,1.00,1.00
2016.01.12 11:16:44.032,2.06649,2.06689,1.37,1.37
2016.01.12 11:16:44.084,2.06649,2.06689,1.75,1.00
2016.01.12 11:16:44.627,2.06652,2.0669,1.12,1.00
2016.01.12 11:16:46.008,2.06652,2.06689,1.12,1.00
2016.01.12 11:16:46.784,2.06649,2.06686,1.75,1.00
2016.01.12 11:16:47.290,2.06648,2.06687,1.75,1.50
2016.01.12 11:16:48.591,2.06644,2.06685,1.75,1.87
2016.01.12 11:16:48.642,2.06644,2.06685,1.37,2.25
2016.01.12 11:16:48.693,2.06643,2.06681,1.00,1.00
2016.01.12 11:16:48.845,2.06641,2.0668,1.87,1.37
2016.01.12 11:16:48.895,2.06641,2.06678,1.00,1.12
2016.01.12 11:16:48.996,2.06639,2.06678,1.12,1.12
2016.01.12 11:16:49.897,2.06635,2.0667,1.87,1.00
2016.01.12 11:16:50.099,2.06635,2.06674,1.75,1.87
2016.01.12 11:16:51.310,2.0664,2.06677,1.00,1.50
2016.01.12 11:16:51.360,2.0664,2.06677,1.75,1.00
2016.01.12 11:16:51.514,2.06642,2.0668,1.50,1.00
2016.01.12 11:16:52.909,2.06641,2.0668,1.75,1.37
2016.01.12 11:16:52.960,2.06641,2.06677,1.75,1.00
2016.01.12 11:16:54.969,2.06641,2.06676,1.75,1.00
2016.01.12 11:16:55.520,2.06642,2.06675,1.50,1.00
2016.01.12 11:16:56.175,2.06642,2.06681,1.50,1.37
2016.01.12 11:16:56.378,2.06642,2.06677,1.50,1.00
2016.01.12 11:16:59.366,2.06643,2.06678,1.12,1.00
2016.01.12 11:17:00.631,2.06647,2.06678,1.00,1.00
2016.01.12 11:17:00.885,2.0665,2.06688,1.00,1.00
2016.01.12 11:17:02.753,2.0665,2.06687,1.00,1.00
2016.01.12 11:17:03.873,2.0665,2.06688,1.00,1.00
2016.01.12 11:17:04.225,2.0665,2.06686,1.00,1.37
2016.01.12 11:17:04.377,2.06645,2.06681,1.12,1.12
2016.01.12 11:17:04.529,2.06642,2.06679,1.75,1.00
2016.01.12 11:17:04.681,2.06641,2.06681,1.75,1.00
2016.01.12 11:17:05.472,2.06641,2.06677,1.75,1.00
2016.01.12 11:17:05.876,2.06641,2.06675,1.00,1.00
2016.01.12 11:17:06.078,2.06639,2.06675,1.12,1.00
2016.01.12 11:17:06.151,2.06639,2.06671,1.12,1.00
2016.01.12 11:17:06.404,2.06638,2.06675,1.00,1.00
2016.01.12 11:17:06.928,2.06638,2.06674,1.00,1.00
2016.01.12 11:17:06.979,2.06638,2.06668,1.00,1.12
2016.01.12 11:17:07.074,2.06635,2.06668,1.00,1.12
2016.01.12 11:17:07.125,2.06634,2.06666,1.00,1.00
2016.01.12 11:17:07.176,2.0663,2.06666,1.50,1.00
2016.01.12 11:17:12.409,2.06625,2.06665,1.75,1.00
2016.01.12 11:17:12.919,2.06624,2.06664,2.25,1.00
2016.01.12 11:17:13.749,2.06626,2.06666,1.37,2.25
2016.01.12 11:17:13.852,2.06626,2.06666,1.00,2.62
2016.01.12 11:17:14.557,2.06629,2.06666,1.00,1.87
2016.01.12 11:17:14.860,2.06633,2.06668,1.00,1.00
2016.01.12 11:17:15.280,2.06626,2.06667,1.75,1.00
2016.01.12 11:17:15.710,2.06625,2.06664,1.75,1.00
2016.01.12 11:17:16.013,2.06625,2.06662,1.75,1.00
2016.01.12 11:17:16.063,2.06625,2.06664,1.75,1.00
2016.01.12 11:17:16.263,2.06625,2.06662,1.75,1.00
2016.01.12 11:17:16.873,2.06624,2.06661,1.75,1.00
2016.01.12 11:17:21.391,2.06624,2.06661,1.37,1.00
2016.01.12 11:17:21.442,2.06624,2.06661,1.00,1.00
2016.01.12 11:17:23.359,2.06623,2.06661,1.12,1.00
2016.01.12 11:17:23.902,2.06631,2.06663,1.00,1.37
2016.01.12 11:17:24.409,2.06631,2.06665,1.00,1.37
2016.01.12 11:17:24.813,2.06631,2.06668,1.37,1.12
2016.01.12 11:17:24.913,2.06636,2.06675,1.00,2.25
2016.01.12 11:17:25.014,2.06636,2.06675,1.37,1.50
2016.01.12 11:17:25.318,2.06637,2.06671,1.00,1.00
2016.01.12 11:17:25.621,2.06639,2.06668,1.12,1.00
2016.01.12 11:17:26.163,2.06638,2.06668,1.00,1.00
2016.01.12 11:17:26.214,2.06635,2.06668,1.12,1.00
2016.01.12 11:17:26.416,2.06637,2.06668,1.00,1.00
2016.01.12 11:17:26.517,2.06639,2.06672,1.00,1.00
2016.01.12 11:17:27.335,2.06635,2.06672,1.50,1.00
2016.01.12 11:17:27.386,2.06635,2.06668,1.00,1.00
2016.01.12 11:17:27.919,2.06633,2.06668,1.37,1.00
2016.01.12 11:17:28.479,2.06632,2.06665,1.50,1.00
2016.01.12 11:17:28.530,2.06632,2.06665,1.12,1.00
2016.01.12 11:17:30.811,2.06632,2.06665,1.00,1.37
2016.01.12 11:17:30.862,2.0663,2.06663,1.00,1.75
2016.01.12 11:17:30.963,2.0663,2.06657,1.00,1.00
2016.01.12 11:17:31.015,2.06627,2.06659,1.00,1.37
2016.01.12 11:17:31.066,2.06627,2.06653,1.00,1.00
2016.01.12 11:17:31.268,2.06616,2.06651,1.50,1.00
2016.01.12 11:17:32.505,2.06616,2.06647,1.50,1.00
2016.01.12 11:17:32.808,2.06606,2.06637,1.50,1.00
2016.01.12 11:17:33.111,2.06608,2.06637,1.00,1.00
2016.01.12 11:17:33.409,2.06608,2.0664,1.37,1.00
2016.01.12 11:17:33.460,2.06612,2.0664,1.00,1.00
2016.01.12 11:17:33.772,2.06611,2.06644,1.00,1.00
2016.01.12 11:17:34.078,2.06611,2.06649,1.00,1.37
2016.01.12 11:17:34.230,2.06612,2.06646,1.00,1.00
2016.01.12 11:17:34.735,2.06611,2.06646,1.00,1.00
2016.01.12 11:17:35.306,2.06611,2.06643,1.00,1.12
2016.01.12 11:17:35.357,2.06607,2.06643,1.00,1.12
2016.01.12 11:17:35.458,2.06607,2.0664,1.00,1.00
2016.01.12 11:17:36.098,2.06612,2.0664,1.00,1.00
2016.01.12 11:17:37.133,2.06607,2.0664,1.00,1.00
2016.01.12 11:17:38.749,2.06606,2.0664,1.50,1.00
2016.01.12 11:17:39.071,2.06606,2.0664,1.00,1.37
2016.01.12 11:17:39.605,2.06607,2.0664,1.00,1.75
2016.01.12 11:17:42.384,2.06606,2.06642,1.50,2.25
2016.01.12 11:17:42.435,2.06606,2.06642,1.50,2.25
2016.01.12 11:17:42.738,2.06612,2.06642,1.00,2.25
2016.01.12 11:17:43.145,2.06617,2.06643,1.00,1.75
2016.01.12 11:17:43.347,2.06618,2.06649,1.00,1.37
2016.01.12 11:17:43.869,2.06615,2.06655,1.00,1.75
2016.01.12 11:17:43.971,2.06613,2.06653,1.00,1.75
2016.01.12 11:17:44.223,2.06615,2.06655,1.12,3.00
2016.01.12 11:17:44.274,2.06615,2.06654,1.50,1.12
2016.01.12 11:17:44.680,2.06622,2.06654,1.00,1.12
2016.01.12 11:17:45.030,2.06622,2.06649,1.00,1.50
2016.01.12 11:17:45.131,2.06616,2.06649,1.00,1.50
2016.01.12 11:17:45.383,2.06612,2.06648,1.00,1.12
2016.01.12 11:17:47.038,2.06617,2.0665,1.00,1.75
2016.01.12 11:17:48.750,2.06611,2.06649,1.87,1.50
2016.01.12 11:17:48.901,2.06616,2.06649,1.00,1.50
2016.01.12 11:17:49.003,2.06612,2.0665,1.00,1.75
2016.01.12 11:17:50.250,2.06612,2.06649,1.50,1.00
2016.01.12 11:17:50.401,2.06613,2.06653,1.12,1.50
2016.01.12 11:17:51.309,2.06614,2.06653,1.00,1.50
2016.01.12 11:17:51.410,2.06612,2.06646,1.50,1.00
2016.01.12 11:17:51.764,2.06609,2.06646,2.62,1.00
2016.01.12 11:17:53.375,2.06612,2.06646,1.00,1.00
2016.01.12 11:17:53.718,2.06615,2.06648,1.00,1.00
2016.01.12 11:17:55.095,2.06613,2.06648,1.12,1.00
2016.01.12 11:17:55.410,2.06609,2.06647,1.87,1.00
2016.01.12 11:17:56.630,2.06611,2.06647,1.00,1.00
2016.01.12 11:17:57.247,2.06612,2.06647,1.50,1.00
2016.01.12 11:17:57.298,2.06613,2.06649,1.50,1.00
2016.01.12 11:17:57.450,2.06617,2.06649,1.00,1.00
2016.01.12 11:17:57.956,2.06613,2.06649,1.00,1.50
2016.01.12 11:18:00.048,2.06615,2.0665,1.00,1.00
2016.01.12 11:18:00.905,2.06615,2.0665,1.37,1.00
2016.01.12 11:18:01.014,2.06619,2.06657,1.87,1.00
2016.01.12 11:18:01.520,2.06622,2.06657,1.00,1.00
2016.01.12 11:18:01.823,2.06625,2.06657,1.00,1.00
2016.01.12 11:18:02.338,2.06624,2.06657,1.00,1.00
2016.01.12 11:18:02.389,2.06624,2.0666,1.00,1.50
2016.01.12 11:18:03.469,2.06625,2.0666,1.00,1.50
2016.01.12 11:18:03.570,2.06623,2.06659,1.50,1.00
2016.01.12 11:18:04.089,2.06623,2.0666,1.50,2.25
2016.01.12 11:18:04.666,2.06623,2.06659,1.50,1.00
2016.01.12 11:18:05.318,2.06623,2.0666,1.50,1.50
2016.01.12 11:18:05.469,2.06623,2.06658,1.00,1.00
2016.01.12 11:18:05.970,2.06623,2.06659,1.50,1.00
2016.01.12 11:18:07.759,2.06623,2.06657,1.00,1.00
2016.01.12 11:18:09.938,2.06622,2.06657,1.00,1.00
2016.01.12 11:18:10.756,2.06621,2.06657,1.00,1.00
2016.01.12 11:18:11.060,2.06615,2.06649,1.00,1.00
2016.01.12 11:18:11.448,2.06615,2.06649,1.87,1.00
2016.01.12 11:18:11.650,2.06617,2.06653,1.75,1.00
2016.01.12 11:18:11.953,2.06614,2.06649,1.75,1.00
2016.01.12 11:18:12.105,2.06615,2.06649,1.00,1.00
2016.01.12 11:18:12.156,2.06611,2.06649,2.25,1.00
2016.01.12 11:18:12.206,2.06611,2.06645,1.75,1.00
2016.01.12 11:18:12.548,2.0661,2.06641,1.75,1.00
2016.01.12 11:18:13.154,2.06615,2.06641,1.00,1.00
2016.01.12 11:18:13.205,2.06615,2.06648,1.00,1.00
2016.01.12 11:18:13.256,2.06615,2.06648,1.37,1.00
2016.01.12 11:18:13.570,2.06618,2.0665,1.50,1.00
2016.01.12 11:18:13.772,2.06618,2.06645,1.50,1.00
2016.01.12 11:18:13.823,2.06618,2.06647,1.50,1.00
2016.01.12 11:18:13.874,2.06613,2.06647,1.00,1.00
2016.01.12 11:18:13.925,2.06613,2.06649,1.50,1.00
2016.01.12 11:18:14.177,2.06613,2.06644,1.00,1.00
2016.01.12 11:18:14.379,2.06601,2.06638,1.00,1.50
2016.01.12 11:18:14.485,2.06603,2.06638,1.00,1.00
2016.01.12 11:18:14.789,2.06611,2.06642,1.75,1.00
2016.01.12 11:18:15.314,2.06611,2.06634,1.75,1.00
2016.01.12 11:18:15.451,2.06599,2.06634,3.75,1.00
2016.01.12 11:18:15.603,2.06595,2.06631,2.25,1.00
2016.01.12 11:18:15.704,2.06598,2.06631,1.00,1.00
2016.01.12 11:18:15.906,2.06596,2.06631,1.00,1.00
2016.01.12 11:18:17.874,2.06595,2.06631,2.25,1.00
2016.01.12 11:18:17.975,2.06598,2.06634,1.37,1.00
2016.01.12 11:18:18.279,2.066,2.06634,1.37,1.00
2016.01.12 11:18:18.786,2.06603,2.06634,1.00,1.00
2016.01.12 11:18:18.837,2.06603,2.06636,1.00,1.00
2016.01.12 11:18:18.888,2.06602,2.06636,1.75,1.00
2016.01.12 11:18:18.939,2.06603,2.0664,1.75,1.00
2016.01.12 11:18:18.990,2.06609,2.06641,1.00,1.00
2016.01.12 11:18:19.293,2.06611,2.06641,1.00,1.00
2016.01.12 11:18:19.797,2.06611,2.06642,1.00,1.00
2016.01.12 11:18:20.202,2.06614,2.06642,1.00,1.00
2016.01.12 11:18:21.005,2.06615,2.06645,1.00,1.00
2016.01.12 11:18:21.106,2.06616,2.06651,1.00,1.00
2016.01.12 11:18:23.214,2.06616,2.06651,1.37,1.00
2016.01.12 11:18:23.315,2.06622,2.06651,1.00,1.00
2016.01.12 11:18:26.635,2.06622,2.06652,1.00,1.00
2016.01.12 11:18:27.791,2.06623,2.06652,1.00,1.00
2016.01.12 11:18:27.892,2.06622,2.06655,1.00,1.00
2016.01.12 11:18:27.994,2.06622,2.0665,1.00,1.00
2016.01.12 11:18:28.146,2.06616,2.0665,1.00,1.00
2016.01.12 11:18:28.317,2.06616,2.06648,1.00,1.00
2016.01.12 11:18:28.821,2.06616,2.06649,1.00,1.00
2016.01.12 11:18:29.323,2.06616,2.0665,1.00,1.00
2016.01.12 11:18:29.899,2.06615,2.0665,1.87,1.00
2016.01.12 11:18:30.808,2.06616,2.0665,1.00,1.00
2016.01.12 11:18:31.314,2.06615,2.0665,1.87,1.00
2016.01.12 11:18:31.639,2.06616,2.0665,2.62,1.00
2016.01.12 11:18:32.398,2.06619,2.06653,1.50,1.00
2016.01.12 11:18:32.895,2.0662,2.06655,1.12,1.00
2016.01.12 11:18:33.613,2.06617,2.06652,1.75,1.00
2016.01.12 11:18:34.626,2.06621,2.06652,1.00,1.00
2016.01.12 11:18:34.929,2.06632,2.06661,1.00,1.00
2016.01.12 11:18:34.980,2.06632,2.06667,1.00,1.00
2016.01.12 11:18:35.283,2.06632,2.0666,1.00,1.00
2016.01.12 11:18:36.227,2.06624,2.0666,1.75,1.00
2016.01.12 11:18:36.278,2.06623,2.06656,1.75,1.00
2016.01.12 11:18:38.134,2.06622,2.06649,1.75,1.00
2016.01.12 11:18:38.235,2.06615,2.06649,1.00,1.87
2016.01.12 11:18:38.286,2.06615,2.06644,1.00,1.00
2016.01.12 11:18:38.337,2.06611,2.06643,1.12,1.00
2016.01.12 11:18:38.441,2.06608,2.0664,1.75,1.00
2016.01.12 11:18:38.644,2.06609,2.0664,1.00,1.00
2016.01.12 11:18:39.048,2.06609,2.06643,1.00,1.00
2016.01.12 11:18:39.956,2.06614,2.06643,1.50,1.00
2016.01.12 11:18:42.355,2.0661,2.06643,1.00,1.00
2016.01.12 11:18:42.406,2.0661,2.06641,1.00,1.00
2016.01.12 11:18:42.457,2.06605,2.06641,1.75,1.00
2016.01.12 11:18:43.061,2.06605,2.06641,1.75,1.00
2016.01.12 11:18:44.856,2.06604,2.0664,1.00,1.75
2016.01.12 11:18:44.907,2.066,2.06632,1.00,1.00
2016.01.12 11:18:45.239,2.06592,2.0663,1.87,1.00
2016.01.12 11:18:45.542,2.06595,2.06632,1.00,1.12
2016.01.12 11:18:45.845,2.06599,2.06633,1.00,1.00
2016.01.12 11:18:46.359,2.06599,2.06632,1.00,1.00
2016.01.12 11:18:46.865,2.06599,2.06633,1.00,1.00
2016.01.12 11:18:47.168,2.06603,2.06633,1.00,1.00
2016.01.12 11:18:47.526,2.06605,2.06641,1.75,1.00
2016.01.12 11:18:48.142,2.06605,2.06641,1.75,1.00
2016.01.12 11:18:48.293,2.06608,2.06643,1.00,1.00
2016.01.12 11:18:48.344,2.06608,2.06641,1.00,1.00
2016.01.12 11:18:48.590,2.06608,2.06643,1.00,1.00
2016.01.12 11:18:48.994,2.06608,2.06641,1.00,1.00
2016.01.12 11:18:49.762,2.06608,2.06643,1.00,1.00
2016.01.12 11:18:50.166,2.06608,2.06641,1.75,1.00
2016.01.12 11:18:50.520,2.06615,2.0665,1.00,1.00
2016.01.12 11:18:50.773,2.06617,2.0665,1.50,1.00
2016.01.12 11:18:52.508,2.06623,2.0665,1.00,1.00
2016.01.12 11:18:52.659,2.06623,2.06658,1.00,2.25
2016.01.12 11:18:52.807,2.06621,2.06658,1.50,2.25
2016.01.12 11:18:53.617,2.06621,2.06655,1.00,1.00
2016.01.12 11:18:53.813,2.06619,2.06654,1.00,1.00
2016.01.12 11:18:54.047,2.06621,2.06654,1.00,1.00
2016.01.12 11:18:54.097,2.06621,2.06658,1.00,1.50
2016.01.12 11:18:54.299,2.0662,2.06658,2.25,1.00
2016.01.12 11:18:55.056,2.0662,2.06658,1.37,1.37
2016.01.12 11:18:55.107,2.0662,2.06657,1.00,1.00
2016.01.12 11:18:55.196,2.06616,2.06646,1.00,1.00
2016.01.12 11:18:55.299,2.0661,2.06646,1.00,1.00
2016.01.12 11:18:55.349,2.06609,2.06644,1.12,1.00
2016.01.12 11:18:55.457,2.0661,2.06648,1.00,1.00
2016.01.12 11:18:55.912,2.06609,2.06643,1.12,1.12
2016.01.12 11:18:56.261,2.06606,2.06641,2.25,1.00
2016.01.12 11:18:56.363,2.06606,2.06643,1.75,1.00
2016.01.12 11:19:01.320,2.06606,2.06641,2.25,1.00
2016.01.12 11:19:02.100,2.06606,2.06637,2.25,1.00
2016.01.12 11:19:02.201,2.06606,2.0664,1.75,1.00
2016.01.12 11:19:02.751,2.06606,2.06638,1.75,1.00
2016.01.12 11:19:03.402,2.06606,2.06639,1.75,1.00
2016.01.12 11:19:04.062,2.06606,2.06642,2.25,1.00
2016.01.12 11:19:04.113,2.06606,2.06642,1.00,1.50
2016.01.12 11:19:05.083,2.06605,2.0664,1.00,1.00
2016.01.12 11:19:06.188,2.06605,2.06638,1.00,1.00
2016.01.12 11:19:06.592,2.06605,2.0664,1.00,1.00
2016.01.12 11:19:07.705,2.06605,2.06639,1.00,1.00
2016.01.12 11:19:08.210,2.06605,2.0664,1.00,1.00
2016.01.12 11:19:09.052,2.06605,2.06638,1.00,1.00
2016.01.12 11:19:09.254,2.06605,2.0664,1.00,1.00
2016.01.12 11:19:10.357,2.06607,2.0664,1.00,1.00
2016.01.12 11:19:11.311,2.06607,2.06643,1.00,1.50
2016.01.12 11:19:12.668,2.06613,2.06643,1.00,1.00
2016.01.12 11:19:12.769,2.06613,2.06646,1.00,1.00
2016.01.12 11:19:12.820,2.06614,2.0665,1.00,1.50
2016.01.12 11:19:12.871,2.06621,2.0665,1.00,1.50
2016.01.12 11:19:12.973,2.06618,2.0665,1.00,1.00
2016.01.12 11:19:13.422,2.06615,2.0665,1.87,1.00
2016.01.12 11:19:13.675,2.06607,2.06642,2.25,1.00
2016.01.12 11:19:14.224,2.06604,2.06641,1.75,1.00
2016.01.12 11:19:15.767,2.06607,2.06642,1.75,1.00
2016.01.12 11:19:16.283,2.06607,2.06643,1.75,1.00
2016.01.12 11:19:16.632,2.06607,2.06641,1.75,1.00
2016.01.12 11:19:18.692,2.06607,2.06643,1.75,1.00
2016.01.12 11:19:18.955,2.06607,2.06643,1.00,1.00
2016.01.12 11:19:19.648,2.06605,2.0664,1.00,1.00
2016.01.12 11:19:24.187,2.06605,2.06639,1.00,1.00
2016.01.12 11:19:27.359,2.06607,2.06639,1.00,1.00
2016.01.12 11:19:27.410,2.06611,2.06645,1.00,1.37
2016.01.12 11:19:27.561,2.0661,2.06646,1.00,1.00
2016.01.12 11:19:27.662,2.06609,2.06647,1.00,1.75
2016.01.12 11:19:27.713,2.06603,2.0664,1.50,1.12
2016.01.12 11:19:27.814,2.06606,2.06641,1.00,1.50
2016.01.12 11:19:27.916,2.06602,2.06638,1.00,1.00
2016.01.12 11:19:27.967,2.06602,2.06638,1.00,1.75
2016.01.12 11:19:29.043,2.06603,2.06637,1.00,1.75
2016.01.12 11:19:30.018,2.06602,2.06638,1.00,1.75
2016.01.12 11:19:31.117,2.06602,2.06638,1.00,1.12
2016.01.12 11:19:32.157,2.06601,2.06636,1.00,1.00
2016.01.12 11:19:32.462,2.06598,2.0663,1.37,1.00
2016.01.12 11:19:32.956,2.06597,2.06631,1.00,1.00
2016.01.12 11:19:33.326,2.06595,2.06631,1.00,1.00
2016.01.12 11:19:34.683,2.06595,2.06629,1.00,1.00
2016.01.12 11:19:35.671,2.06595,2.06626,1.00,1.00
2016.01.12 11:19:35.947,2.06592,2.06628,2.25,1.00
2016.01.12 11:19:37.870,2.06592,2.06629,1.50,1.00
2016.01.12 11:19:39.440,2.06595,2.06632,1.37,1.00
2016.01.12 11:19:39.648,2.06604,2.06639,1.12,1.00
2016.01.12 11:19:39.900,2.06605,2.06639,1.75,1.00
2016.01.12 11:19:40.692,2.06606,2.0664,1.75,1.00
2016.01.12 11:19:40.995,2.06606,2.06639,1.00,1.00
2016.01.12 11:19:42.824,2.06608,2.06642,1.12,1.00
2016.01.12 11:19:43.338,2.06607,2.06642,1.12,1.00
2016.01.12 11:19:44.862,2.0661,2.06645,1.00,1.00
2016.01.12 11:19:45.317,2.06612,2.06648,1.00,1.12
2016.01.12 11:19:45.418,2.06614,2.0665,1.00,1.50
2016.01.12 11:19:45.724,2.06621,2.06651,1.12,1.00
2016.01.12 11:19:45.775,2.06621,2.06654,1.50,1.00
2016.01.12 11:19:45.876,2.06621,2.06656,2.25,1.00
2016.01.12 11:19:46.482,2.06621,2.06656,1.87,1.37
2016.01.12 11:19:46.583,2.06616,2.06654,1.00,1.87
2016.01.12 11:19:46.752,2.06616,2.06652,1.00,1.00
2016.01.12 11:19:48.106,2.06616,2.06651,1.00,1.00
2016.01.12 11:19:48.409,2.06613,2.06648,1.50,1.00
2016.01.12 11:19:48.968,2.06613,2.06645,1.50,1.00
2016.01.12 11:19:49.170,2.06613,2.06648,1.50,1.00
2016.01.12 11:19:55.321,2.06613,2.06645,1.12,1.00
2016.01.12 11:19:55.422,2.06605,2.0664,1.00,1.00
2016.01.12 11:19:57.006,2.06605,2.06638,1.00,1.12
2016.01.12 11:19:57.309,2.06601,2.06635,1.75,1.00
2016.01.12 11:19:57.461,2.06604,2.06641,1.12,1.50
2016.01.12 11:19:57.512,2.06602,2.06637,1.75,1.00
2016.01.12 11:19:59.533,2.06604,2.0664,1.12,1.00
2016.01.12 11:20:00.291,2.06604,2.0664,1.12,1.37
2016.01.12 11:20:00.493,2.06595,2.06632,1.00,1.12
2016.01.12 11:20:00.686,2.06597,2.06635,1.12,2.25
2016.01.12 11:20:00.737,2.06599,2.06635,1.12,1.00
2016.01.12 11:20:00.789,2.06599,2.06637,1.12,1.00
2016.01.12 11:20:00.839,2.06601,2.06637,1.00,1.00
2016.01.12 11:20:00.941,2.06602,2.06639,1.00,1.00
2016.01.12 11:20:01.448,2.06603,2.06639,1.00,1.00
2016.01.12 11:20:02.757,2.06603,2.06634,1.00,1.00
2016.01.12 11:20:02.909,2.066,2.06634,1.00,1.12
2016.01.12 11:20:03.003,2.06603,2.06638,1.37,3.00
2016.01.12 11:20:03.054,2.06603,2.06638,1.87,1.50
2016.01.12 11:20:03.105,2.06603,2.06638,1.50,1.00
2016.01.12 11:20:03.156,2.06607,2.06638,1.00,1.00
2016.01.12 11:20:03.358,2.06601,2.06639,1.12,1.50
2016.01.12 11:20:05.628,2.06601,2.06638,1.12,1.00
2016.01.12 11:20:05.679,2.06603,2.06638,1.00,1.00
2016.01.12 11:20:05.781,2.06601,2.06638,1.87,1.00
2016.01.12 11:20:06.014,2.06605,2.06638,1.00,1.00
2016.01.12 11:20:06.219,2.06605,2.0664,1.00,1.12
2016.01.12 11:20:11.103,2.06607,2.06643,1.00,1.75
2016.01.12 11:20:11.441,2.06618,2.06647,1.50,1.00
2016.01.12 11:20:11.645,2.06618,2.06653,1.50,1.00
2016.01.12 11:20:13.919,2.06619,2.06653,1.00,1.00
2016.01.12 11:20:14.021,2.06624,2.06653,1.00,1.00
2016.01.12 11:20:14.139,2.06621,2.06653,1.00,1.00
2016.01.12 11:20:14.342,2.06623,2.06656,1.00,1.75
2016.01.12 11:20:14.948,2.06623,2.06647,1.00,1.00
2016.01.12 11:20:14.999,2.0662,2.06647,1.37,1.00
2016.01.12 11:20:15.143,2.06617,2.06651,1.00,1.37
2016.01.12 11:20:15.347,2.06609,2.06643,1.00,1.00
2016.01.12 11:20:15.550,2.06608,2.06641,1.00,1.12
2016.01.12 11:20:15.803,2.06606,2.06641,1.00,1.50
2016.01.12 11:20:16.086,2.06604,2.06639,1.50,1.00
2016.01.12 11:20:16.750,2.06604,2.06637,1.00,1.00
2016.01.12 11:20:16.801,2.06601,2.06637,1.00,1.00
2016.01.12 11:20:16.852,2.06601,2.06635,1.00,1.37
2016.01.12 11:20:17.003,2.06597,2.06632,1.00,1.00
2016.01.12 11:20:18.608,2.06596,2.06628,1.00,1.00
2016.01.12 11:20:18.919,2.0659,2.06624,1.00,1.50
2016.01.12 11:20:19.071,2.0659,2.06624,1.00,1.87
2016.01.12 11:20:19.374,2.06592,2.06628,1.00,1.75
2016.01.12 11:20:19.677,2.06594,2.06626,1.00,1.00
2016.01.12 11:20:19.728,2.06591,2.06628,1.50,1.00
2016.01.12 11:20:19.996,2.06593,2.06628,1.00,1.00
2016.01.12 11:20:20.970,2.06593,2.06623,1.00,1.00
2016.01.12 11:20:21.021,2.06593,2.06625,1.00,1.00
2016.01.12 11:20:21.147,2.06589,2.06626,1.00,2.25
2016.01.12 11:20:22.125,2.06589,2.06618,1.00,1.00
2016.01.12 11:20:22.176,2.06586,2.06618,1.00,1.00
2016.01.12 11:20:22.277,2.06583,2.06618,1.50,1.50
2016.01.12 11:20:22.464,2.06579,2.06614,1.12,1.00
2016.01.12 11:20:22.515,2.06578,2.06614,1.37,1.50
2016.01.12 11:20:22.616,2.06578,2.0661,1.37,1.50
2016.01.12 11:20:22.718,2.06573,2.06606,1.00,1.00
2016.01.12 11:20:22.920,2.06571,2.06606,1.50,1.00
2016.01.12 11:20:23.173,2.06568,2.06604,1.50,1.00
2016.01.12 11:20:23.375,2.06565,2.06599,1.00,1.00
2016.01.12 11:20:23.715,2.06565,2.06599,1.00,2.25
2016.01.12 11:20:23.817,2.06557,2.06599,1.50,2.25
2016.01.12 11:20:23.868,2.06557,2.06599,1.12,2.25
2016.01.12 11:20:25.349,2.0656,2.06597,1.00,1.50
2016.01.12 11:20:26.797,2.06557,2.06598,1.00,2.25
2016.01.12 11:20:26.898,2.0656,2.06596,1.00,1.12
2016.01.12 11:20:27.201,2.06561,2.06599,2.62,1.00
2016.01.12 11:20:27.453,2.06567,2.06607,2.25,1.50
2016.01.12 11:20:27.618,2.06569,2.06609,1.37,1.12
2016.01.12 11:20:27.921,2.06577,2.06612,1.00,2.25
2016.01.12 11:20:28.022,2.06574,2.06612,1.00,1.75
2016.01.12 11:20:28.123,2.06575,2.06612,1.00,1.00
2016.01.12 11:20:28.653,2.06574,2.06609,1.50,1.00
2016.01.12 11:20:28.740,2.06569,2.06609,1.50,1.12
2016.01.12 11:20:29.258,2.06568,2.06608,2.25,1.00
2016.01.12 11:20:29.410,2.06568,2.06601,1.75,1.00
2016.01.12 11:20:29.663,2.06568,2.06608,2.25,1.00
2016.01.12 11:20:29.764,2.0657,2.06611,1.50,1.75
2016.01.12 11:20:30.078,2.06581,2.06618,1.00,1.75
2016.01.12 11:20:30.129,2.06581,2.06618,1.50,1.00
2016.01.12 11:20:30.898,2.06581,2.06621,1.37,1.50
2016.01.12 11:20:31.000,2.06585,2.06622,1.00,1.00
2016.01.12 11:20:31.324,2.066,2.06632,1.00,1.00
2016.01.12 11:20:31.426,2.06603,2.06637,1.00,1.00
2016.01.12 11:20:31.534,2.06609,2.06644,1.00,2.25
2016.01.12 11:20:31.837,2.06611,2.06644,1.00,2.25
2016.01.12 11:20:34.729,2.066,2.06639,1.00,1.87
2016.01.12 11:20:34.780,2.066,2.06633,1.00,1.00
2016.01.12 11:20:35.287,2.06601,2.06633,1.00,1.00
2016.01.12 11:20:35.889,2.06601,2.06629,1.00,1.00
2016.01.12 11:20:36.735,2.06601,2.06623,1.00,1.00
2016.01.12 11:20:36.786,2.06598,2.06623,1.37,1.00
2016.01.12 11:20:37.039,2.06589,2.06623,1.00,1.00
2016.01.12 11:20:37.090,2.06589,2.06618,1.00,1.00
2016.01.12 11:20:37.141,2.06587,2.06618,1.00,1.00
2016.01.12 11:20:38.298,2.06587,2.06623,1.00,1.50
2016.01.12 11:20:38.803,2.06587,2.06622,1.00,1.00
2016.01.12 11:20:39.092,2.06587,2.06619,1.00,1.00
2016.01.12 11:20:39.616,2.06586,2.06619,1.12,1.00
2016.01.12 11:20:40.003,2.06589,2.06618,1.00,1.00
2016.01.12 11:20:40.206,2.06586,2.06617,1.12,1.00
2016.01.12 11:20:40.786,2.06586,2.06618,1.12,1.00
2016.01.12 11:20:40.887,2.06588,2.06618,1.00,1.00
2016.01.12 11:20:40.988,2.06585,2.06618,1.50,1.50
2016.01.12 11:20:41.039,2.06585,2.06613,1.50,1.00
2016.01.12 11:20:41.509,2.06588,2.06613,1.00,1.00
2016.01.12 11:20:41.610,2.06588,2.06616,1.00,2.25
2016.01.12 11:20:41.835,2.06586,2.06616,1.12,2.25
2016.01.12 11:20:42.137,2.06584,2.06613,1.75,1.00
2016.01.12 11:20:42.712,2.06582,2.06614,2.25,1.00
2016.01.12 11:20:46.531,2.0658,2.06616,1.00,2.62
2016.01.12 11:20:46.644,2.06576,2.06613,1.50,1.00
2016.01.12 11:20:46.796,2.06578,2.06614,1.00,1.00
2016.01.12 11:20:47.881,2.06578,2.06616,1.00,2.25
2016.01.12 11:20:48.183,2.0658,2.06613,1.00,1.00
2016.01.12 11:20:48.786,2.06586,2.06613,1.00,1.00
2016.01.12 11:20:48.892,2.0658,2.06613,1.00,1.00
2016.01.12 11:20:50.525,2.0658,2.06614,1.00,1.00
2016.01.12 11:20:50.576,2.06578,2.06614,1.00,1.00
2016.01.12 11:20:50.970,2.06577,2.0661,1.00,1.00
2016.01.12 11:20:51.264,2.0657,2.06606,1.00,1.00
2016.01.12 11:20:51.315,2.06567,2.06606,2.25,1.00
2016.01.12 11:20:51.925,2.06567,2.06605,2.25,1.00
2016.01.12 11:20:52.472,2.06567,2.06604,2.25,1.00
2016.01.12 11:20:53.001,2.06567,2.06605,2.25,1.00
2016.01.12 11:20:53.203,2.06568,2.06607,1.12,1.12
2016.01.12 11:20:53.828,2.06569,2.06607,1.00,1.12
2016.01.12 11:20:53.929,2.06569,2.06604,1.00,1.00
2016.01.12 11:20:54.031,2.06569,2.06609,1.00,2.25
2016.01.12 11:20:54.384,2.06569,2.06603,1.00,1.00
2016.01.12 11:20:54.485,2.06569,2.06609,1.00,1.75
2016.01.12 11:20:58.117,2.06573,2.06609,1.00,2.25
2016.01.12 11:21:00.326,2.06573,2.06605,1.00,1.00
2016.01.12 11:21:00.629,2.06573,2.06603,1.00,1.00
2016.01.12 11:21:03.740,2.06571,2.06603,1.00,1.00
2016.01.12 11:21:05.476,2.06571,2.06604,1.00,1.00
2016.01.12 11:21:05.527,2.06568,2.066,1.87,1.00
2016.01.12 11:21:06.037,2.06567,2.066,1.00,1.00
2016.01.12 11:21:06.189,2.06564,2.066,1.00,1.00
2016.01.12 11:21:07.544,2.06564,2.06601,1.00,1.00
2016.01.12 11:21:07.696,2.06567,2.06603,1.00,1.37
2016.01.12 11:21:08.353,2.06564,2.06604,1.00,2.25
2016.01.12 11:21:08.605,2.06565,2.06599,1.00,1.00
2016.01.12 11:21:08.909,2.06568,2.06598,1.00,1.00
2016.01.12 11:21:09.010,2.06564,2.06598,1.00,1.00
2016.01.12 11:21:09.240,2.06567,2.06598,1.00,1.00
2016.01.12 11:21:09.605,2.06562,2.06599,1.87,1.00
2016.01.12 11:21:09.656,2.06566,2.06598,1.00,1.00
2016.01.12 11:21:09.758,2.06566,2.066,1.00,1.00
2016.01.12 11:21:09.909,2.06568,2.06601,1.50,1.00
2016.01.12 11:21:09.960,2.06568,2.06604,2.25,1.50
2016.01.12 11:21:10.011,2.06571,2.06604,1.00,1.50
2016.01.12 11:21:10.547,2.06572,2.06604,1.00,1.00
2016.01.12 11:21:11.102,2.06567,2.06603,3.00,1.00
2016.01.12 11:21:11.835,2.06567,2.06602,3.00,1.00
2016.01.12 11:21:12.441,2.06567,2.06603,2.25,1.50
2016.01.12 11:21:12.975,2.0657,2.06602,1.00,1.00
2016.01.12 11:21:13.491,2.0657,2.06603,1.00,1.00
2016.01.12 11:21:13.744,2.06574,2.06603,1.00,1.00
2016.01.12 11:21:13.896,2.06571,2.06603,1.00,1.00
2016.01.12 11:21:14.446,2.06572,2.06606,1.00,1.00
2016.01.12 11:21:14.749,2.06577,2.06606,1.00,1.00
2016.01.12 11:21:15.280,2.06577,2.06607,1.00,1.50
2016.01.12 11:21:15.736,2.06573,2.06606,1.00,1.00
2016.01.12 11:21:16.212,2.06573,2.06604,1.00,1.00
2016.01.12 11:21:16.415,2.06562,2.06598,1.00,1.50
2016.01.12 11:21:16.617,2.06564,2.06599,1.00,1.00
2016.01.12 11:21:17.123,2.06564,2.066,1.50,1.12
2016.01.12 11:21:17.566,2.06566,2.06602,1.00,1.75
2016.01.12 11:21:18.135,2.06567,2.06602,1.00,1.75
2016.01.12 11:21:20.471,2.06566,2.06602,1.50,2.25
2016.01.12 11:21:20.723,2.06566,2.06602,1.50,1.00
2016.01.12 11:21:21.858,2.06566,2.06603,1.50,2.25
2016.01.12 11:21:22.530,2.06566,2.06602,1.87,1.00
2016.01.12 11:21:23.500,2.06567,2.066,1.00,1.00
2016.01.12 11:21:27.857,2.06568,2.066,1.00,1.00
2016.01.12 11:21:28.441,2.06568,2.06602,1.00,1.00
2016.01.12 11:21:28.971,2.06568,2.06603,1.00,1.00
2016.01.12 11:21:29.072,2.06574,2.06604,1.00,1.00
2016.01.12 11:21:29.593,2.06574,2.06605,1.00,1.00
2016.01.12 11:21:29.896,2.0657,2.06603,1.75,1.00
2016.01.12 11:21:29.978,2.06567,2.06603,1.37,1.50
2016.01.12 11:21:30.031,2.06567,2.06603,1.00,1.50
2016.01.12 11:21:30.183,2.06567,2.06598,1.00,1.00
2016.01.12 11:21:30.789,2.06567,2.06597,1.00,1.00
2016.01.12 11:21:30.839,2.06562,2.06597,1.37,1.00
2016.01.12 11:21:30.890,2.06562,2.06597,1.00,1.00
2016.01.12 11:21:30.941,2.06562,2.06595,1.00,1.00
2016.01.12 11:21:32.442,2.06566,2.06596,1.00,1.00
2016.01.12 11:21:32.594,2.0657,2.06601,1.12,1.00
2016.01.12 11:21:32.645,2.06574,2.06608,1.37,1.00
2016.01.12 11:21:32.696,2.06579,2.06612,1.00,1.00
2016.01.12 11:21:32.747,2.06579,2.06612,2.25,1.00
2016.01.12 11:21:32.797,2.06587,2.06617,1.12,1.00
2016.01.12 11:21:32.848,2.06587,2.06619,1.12,1.00
2016.01.12 11:21:33.208,2.06584,2.06619,1.00,1.50
2016.01.12 11:21:33.461,2.0658,2.06613,2.62,1.00
2016.01.12 11:21:33.764,2.0658,2.06616,1.87,1.00
2016.01.12 11:21:34.301,2.0658,2.06616,1.50,1.00
2016.01.12 11:21:34.806,2.0658,2.06615,2.25,1.00
2016.01.12 11:21:35.307,2.0658,2.06616,1.00,2.25
2016.01.12 11:21:35.358,2.0658,2.06616,1.00,1.50
2016.01.12 11:21:36.363,2.0658,2.06614,1.00,1.00
2016.01.12 11:21:36.906,2.0658,2.06613,1.50,1.00
2016.01.12 11:21:37.167,2.06582,2.06616,1.00,1.50
2016.01.12 11:21:37.571,2.06582,2.06618,1.00,1.50
2016.01.12 11:21:37.672,2.06584,2.06618,1.00,1.50
2016.01.12 11:21:37.773,2.06584,2.0662,1.00,1.50
2016.01.12 11:21:39.141,2.06584,2.06619,1.12,1.00
2016.01.12 11:21:39.192,2.06587,2.06619,1.00,1.00
2016.01.12 11:21:39.979,2.06586,2.06618,1.00,1.00
2016.01.12 11:21:40.181,2.06582,2.06617,1.50,1.00
2016.01.12 11:21:40.282,2.06582,2.06615,1.50,1.00
2016.01.12 11:21:40.606,2.06569,2.06603,1.00,1.00
2016.01.12 11:21:41.019,2.0657,2.06605,1.00,1.00
2016.01.12 11:21:41.070,2.0657,2.06603,1.00,1.87
2016.01.12 11:21:41.171,2.06567,2.066,1.00,1.50
2016.01.12 11:21:41.222,2.06562,2.06597,1.50,1.50
2016.01.12 11:21:42.797,2.06562,2.06596,1.50,1.00
2016.01.12 11:21:43.395,2.06564,2.06597,1.00,1.00
2016.01.12 11:21:43.708,2.06568,2.06598,1.50,1.00
2016.01.12 11:21:44.062,2.06568,2.06603,1.00,1.00
2016.01.12 11:21:44.599,2.06569,2.06604,1.00,1.12
2016.01.12 11:21:45.106,2.06569,2.06603,1.00,1.00
2016.01.12 11:21:49.018,2.06569,2.06602,1.00,1.00
2016.01.12 11:21:49.724,2.06569,2.06603,1.00,1.00
2016.01.12 11:21:50.214,2.06569,2.06606,1.00,1.75
2016.01.12 11:21:50.315,2.0657,2.06607,1.00,1.50
2016.01.12 11:21:50.521,2.06572,2.06606,1.00,1.12
2016.01.12 11:21:50.623,2.0657,2.06606,1.00,1.12
2016.01.12 11:21:50.925,2.06574,2.06606,1.00,1.12
2016.01.12 11:21:51.276,2.06576,2.06605,1.00,1.00
2016.01.12 11:21:51.478,2.06574,2.06606,1.00,1.12
2016.01.12 11:21:51.730,2.06576,2.06601,1.00,1.00
2016.01.12 11:21:52.039,2.06575,2.06599,1.00,1.00
2016.01.12 11:21:52.140,2.06575,2.06603,1.00,1.00
2016.01.12 11:21:52.242,2.06578,2.06603,1.00,1.00
2016.01.12 11:21:52.343,2.06578,2.06612,1.00,1.00
2016.01.12 11:21:52.882,2.06579,2.06613,1.00,1.12
2016.01.12 11:21:53.440,2.06579,2.0661,1.00,1.75
2016.01.12 11:21:53.541,2.06574,2.06603,1.00,1.00
2016.01.12 11:21:53.592,2.06571,2.06603,1.00,1.00
2016.01.12 11:21:54.135,2.06571,2.06604,1.00,1.00
2016.01.12 11:21:54.643,2.06571,2.06603,1.00,1.00
2016.01.12 11:21:55.149,2.06571,2.06604,1.00,1.00
2016.01.12 11:21:55.685,2.06571,2.06606,1.00,2.25
2016.01.12 11:21:57.456,2.06571,2.06603,1.00,1.00
2016.01.12 11:21:58.111,2.06571,2.06604,1.00,1.00
2016.01.12 11:21:58.612,2.06571,2.06603,1.00,1.00
2016.01.12 11:21:58.917,2.0656,2.06591,1.00,1.00
2016.01.12 11:21:59.069,2.06558,2.0659,1.00,1.00
2016.01.12 11:21:59.616,2.06558,2.06591,1.00,1.00
2016.01.12 11:22:00.215,2.06558,2.0659,1.00,1.00
2016.01.12 11:22:00.317,2.06558,2.06593,1.00,1.00
2016.01.12 11:22:00.821,2.0656,2.06594,1.00,1.12
2016.01.12 11:22:01.125,2.0656,2.06591,1.00,1.00
2016.01.12 11:22:01.674,2.0656,2.0659,1.00,1.00
2016.01.12 11:22:02.230,2.0656,2.06591,1.00,1.00
2016.01.12 11:22:04.636,2.0656,2.06594,1.00,1.00
2016.01.12 11:22:05.588,2.06556,2.06593,1.00,1.00
2016.01.12 11:22:07.277,2.06556,2.06592,1.00,1.00
2016.01.12 11:22:07.790,2.06556,2.06593,1.50,1.00
2016.01.12 11:22:07.891,2.06556,2.06593,1.87,1.00
2016.01.12 11:22:08.296,2.06556,2.06593,1.50,1.00
2016.01.12 11:22:09.132,2.06556,2.06592,1.50,1.00
2016.01.12 11:22:09.384,2.06556,2.06593,1.75,1.00
2016.01.12 11:22:09.687,2.06556,2.06593,1.75,1.00
2016.01.12 11:22:10.059,2.06556,2.06593,1.12,1.00
2016.01.12 11:22:12.001,2.06556,2.06593,1.87,1.00
2016.01.12 11:22:12.103,2.06565,2.066,1.00,1.00
2016.01.12 11:22:12.254,2.06568,2.06603,1.50,1.12
2016.01.12 11:22:12.558,2.06574,2.06606,1.37,1.00
2016.01.12 11:22:12.609,2.06575,2.0661,1.00,1.50
2016.01.12 11:22:13.892,2.06575,2.06611,1.50,1.00
2016.01.12 11:22:14.346,2.06575,2.06608,1.00,1.50
2016.01.12 11:22:14.598,2.06572,2.06606,1.00,1.00
2016.01.12 11:22:16.892,2.0657,2.06606,1.12,2.25
2016.01.12 11:22:16.993,2.0657,2.06603,1.12,1.00
2016.01.12 11:22:17.998,2.0657,2.06602,1.12,1.00
2016.01.12 11:22:18.504,2.0657,2.06603,1.12,1.00
2016.01.12 11:22:19.268,2.0657,2.06602,1.12,1.00
2016.01.12 11:22:21.185,2.06567,2.06598,1.75,1.00
2016.01.12 11:22:21.388,2.06563,2.06598,1.12,1.00
2016.01.12 11:22:21.792,2.06559,2.06594,3.00,1.00
2016.01.12 11:22:22.094,2.06559,2.0659,1.00,1.00
2016.01.12 11:22:22.195,2.06556,2.0659,1.12,1.00
2016.01.12 11:22:22.550,2.0655,2.06586,2.25,1.00
2016.01.12 11:22:22.802,2.06551,2.06586,1.00,1.00
2016.01.12 11:22:23.517,2.06553,2.06587,1.00,1.00
2016.01.12 11:22:23.567,2.06553,2.06589,1.00,1.00
2016.01.12 11:22:24.096,2.06554,2.06589,1.00,1.00
2016.01.12 11:22:24.512,2.06554,2.06589,1.75,1.00
2016.01.12 11:22:25.101,2.06554,2.0659,2.25,1.00
2016.01.12 11:22:25.455,2.06557,2.06592,1.00,1.00
2016.01.12 11:22:25.957,2.06557,2.06593,1.00,2.25
2016.01.12 11:22:26.808,2.06559,2.06593,1.00,1.00
2016.01.12 11:22:27.212,2.06559,2.06593,1.37,1.00
2016.01.12 11:22:27.717,2.06559,2.06593,1.75,1.00
2016.01.12 11:22:27.919,2.06559,2.06597,1.87,1.50
2016.01.12 11:22:28.804,2.06562,2.06596,1.12,1.00
2016.01.12 11:22:29.372,2.06562,2.06597,1.12,1.50
2016.01.12 11:22:30.067,2.06562,2.06596,1.12,1.00
2016.01.12 11:22:30.812,2.0656,2.06597,1.87,1.50
2016.01.12 11:22:31.027,2.06564,2.06597,1.00,1.00
2016.01.12 11:22:31.128,2.06565,2.06599,1.00,1.00
2016.01.12 11:22:32.331,2.06565,2.066,1.00,1.50
2016.01.12 11:22:32.949,2.06567,2.06603,1.00,2.25
2016.01.12 11:22:33.151,2.06568,2.06603,1.00,1.00
2016.01.12 11:22:33.710,2.06569,2.06604,1.00,1.00
2016.01.12 11:22:34.893,2.06569,2.06607,1.00,1.12
2016.01.12 11:22:36.556,2.06569,2.06607,1.37,1.87
2016.01.12 11:22:36.859,2.06586,2.06617,1.00,1.00
2016.01.12 11:22:37.061,2.06595,2.0663,1.75,1.00
2016.01.12 11:22:37.162,2.06595,2.06632,2.25,1.00
2016.01.12 11:22:37.927,2.06595,2.06631,1.75,1.00
2016.01.12 11:22:37.977,2.06593,2.06629,1.37,1.00
2016.01.12 11:22:38.028,2.06593,2.06626,1.00,1.00
2016.01.12 11:22:38.129,2.06588,2.06625,1.75,1.00
2016.01.12 11:22:38.354,2.06588,2.06623,1.37,1.00
2016.01.12 11:22:38.455,2.06588,2.06623,1.00,1.50
2016.01.12 11:22:38.990,2.06588,2.06624,1.00,1.12
2016.01.12 11:22:39.557,2.06589,2.06626,1.12,1.37
2016.01.12 11:22:39.658,2.06589,2.06626,1.50,1.00
2016.01.12 11:22:40.764,2.06589,2.06626,1.37,1.87
2016.01.12 11:22:40.865,2.06589,2.06624,1.00,1.87
2016.01.12 11:22:41.366,2.06589,2.06623,1.00,1.00
2016.01.12 11:22:42.398,2.06586,2.06623,1.00,1.50
2016.01.12 11:22:42.650,2.06588,2.06623,1.00,1.00
2016.01.12 11:22:44.577,2.06588,2.06623,1.87,1.00
2016.01.12 11:22:46.639,2.06589,2.06623,1.00,1.12
2016.01.12 11:22:48.695,2.06587,2.06623,1.00,1.87
2016.01.12 11:22:49.198,2.06587,2.0662,1.00,1.00
2016.01.12 11:22:49.249,2.0658,2.06617,3.75,1.00
2016.01.12 11:22:49.300,2.0658,2.06615,1.37,1.12
2016.01.12 11:22:49.603,2.06574,2.06607,1.00,1.00
2016.01.12 11:22:51.588,2.06573,2.06607,1.00,1.00
2016.01.12 11:22:53.240,2.06573,2.06607,1.75,1.00
2016.01.12 11:22:53.292,2.06577,2.06612,1.00,1.00
2016.01.12 11:22:53.343,2.06576,2.06609,1.12,1.00
2016.01.12 11:22:53.444,2.06581,2.06615,1.50,1.00
2016.01.12 11:22:53.999,2.06581,2.06617,2.25,1.00
2016.01.12 11:22:54.267,2.06584,2.06618,1.37,1.00
2016.01.12 11:22:54.520,2.06576,2.0661,1.00,1.00
2016.01.12 11:22:54.722,2.06576,2.06608,1.00,1.00
2016.01.12 11:22:55.025,2.06576,2.06606,1.00,1.00
2016.01.12 11:22:56.480,2.06576,2.06609,1.00,1.00
2016.01.12 11:22:56.776,2.06577,2.06612,1.00,1.50
2016.01.12 11:22:57.497,2.06576,2.06612,1.50,1.50
2016.01.12 11:22:58.544,2.06576,2.06611,1.50,1.00
2016.01.12 11:22:59.075,2.06576,2.06612,1.50,1.00
2016.01.12 11:23:00.291,2.0658,2.06614,1.00,1.50
2016.01.12 11:23:00.745,2.06584,2.06618,1.00,1.75
2016.01.12 11:23:00.896,2.06592,2.06629,1.87,2.25
2016.01.12 11:23:01.342,2.06595,2.06629,1.00,2.25
2016.01.12 11:23:01.846,2.06594,2.0663,1.50,2.25
2016.01.12 11:23:02.361,2.06592,2.06628,1.00,1.12
2016.01.12 11:23:02.462,2.06592,2.06622,1.00,1.00
2016.01.12 11:23:02.715,2.06584,2.06618,1.00,1.00
2016.01.12 11:23:02.816,2.06582,2.06617,1.00,1.00
2016.01.12 11:23:03.220,2.06582,2.06615,1.00,1.37
2016.01.12 11:23:03.371,2.0658,2.06615,1.12,1.50
2016.01.12 11:23:04.726,2.06582,2.06615,1.00,1.00
2016.01.12 11:23:04.777,2.06582,2.06618,1.00,1.00
2016.01.12 11:23:04.929,2.06586,2.06618,1.00,1.00
2016.01.12 11:23:05.035,2.0659,2.06627,1.00,1.12
2016.01.12 11:23:05.136,2.0659,2.06627,1.37,1.12
2016.01.12 11:23:05.439,2.06598,2.06628,1.00,1.00
2016.01.12 11:23:05.641,2.06596,2.06629,1.00,1.00
2016.01.12 11:23:06.098,2.06593,2.06628,1.00,1.50
2016.01.12 11:23:06.653,2.06593,2.06618,1.00,1.00
2016.01.12 11:23:06.804,2.0659,2.06619,1.00,1.37
2016.01.12 11:23:06.855,2.06587,2.06614,1.00,1.00
2016.01.12 11:23:06.956,2.06583,2.06614,1.00,1.00
2016.01.12 11:23:07.354,2.0658,2.06615,1.00,1.50
2016.01.12 11:23:07.556,2.0658,2.06611,1.00,1.00
2016.01.12 11:23:07.960,2.0658,2.06615,1.00,1.50
2016.01.12 11:23:08.061,2.06582,2.06617,1.50,1.12
2016.01.12 11:23:08.385,2.06577,2.06613,1.00,1.37
2016.01.12 11:23:08.588,2.0657,2.06608,1.50,1.00
2016.01.12 11:23:08.740,2.06574,2.0661,1.50,1.50
2016.01.12 11:23:09.060,2.06574,2.06611,3.00,1.00
2016.01.12 11:23:11.929,2.06574,2.06611,3.00,1.00
2016.01.12 11:23:12.850,2.06583,2.06611,1.00,1.00
2016.01.12 11:23:12.952,2.06586,2.0662,2.25,1.87
2016.01.12 11:23:13.053,2.06591,2.06626,1.00,2.25
2016.01.12 11:23:13.154,2.06593,2.06629,1.00,1.00
2016.01.12 11:23:13.704,2.06593,2.06631,1.00,1.12
2016.01.12 11:23:14.672,2.06596,2.06631,1.00,1.12
2016.01.12 11:23:14.975,2.06604,2.06634,1.00,1.00
2016.01.12 11:23:15.329,2.06604,2.06636,1.00,1.00
2016.01.12 11:23:16.043,2.06604,2.0664,1.00,1.00
2016.01.12 11:23:16.094,2.06606,2.0664,1.00,1.00
2016.01.12 11:23:16.195,2.06603,2.0664,1.00,1.00
2016.01.12 11:23:16.397,2.06605,2.0664,1.00,1.00
2016.01.12 11:23:16.880,2.06603,2.0664,1.00,1.00
2016.01.12 11:23:16.981,2.06606,2.0664,1.00,1.00
2016.01.12 11:23:17.183,2.06603,2.0664,1.00,1.00
2016.01.12 11:23:17.486,2.06605,2.0664,1.00,1.00
2016.01.12 11:23:17.714,2.06601,2.06638,1.00,1.00
2016.01.12 11:23:18.260,2.06602,2.06638,1.00,1.00
2016.01.12 11:23:18.614,2.06605,2.0664,1.00,1.00
2016.01.12 11:23:18.920,2.06597,2.0662,1.00,1.00
2016.01.12 11:23:19.021,2.06591,2.0662,1.37,1.00
2016.01.12 11:23:19.072,2.06584,2.0662,1.00,1.50
2016.01.12 11:23:19.274,2.06584,2.06617,1.00,1.00
2016.01.12 11:23:19.476,2.06588,2.06622,1.00,1.00
2016.01.12 11:23:19.527,2.0659,2.06622,1.00,1.00
2016.01.12 11:23:19.830,2.06599,2.06629,1.00,1.00
2016.01.12 11:23:19.881,2.06599,2.06636,1.50,1.50
2016.01.12 11:23:20.594,2.066,2.06636,1.00,1.50
2016.01.12 11:23:22.324,2.066,2.06636,1.37,1.12
2016.01.12 11:23:23.497,2.066,2.06632,1.50,1.00
2016.01.12 11:23:23.548,2.06599,2.06632,1.00,1.00
2016.01.12 11:23:23.599,2.06596,2.06626,1.00,1.00
2016.01.12 11:23:23.752,2.06593,2.06625,1.00,1.00
2016.01.12 11:23:23.803,2.06591,2.06625,1.00,1.00
2016.01.12 11:23:25.680,2.06591,2.06626,1.00,1.00
2016.01.12 11:23:25.730,2.06594,2.06626,1.00,1.00
2016.01.12 11:23:25.883,2.06596,2.06631,1.00,1.00
2016.01.12 11:23:26.186,2.06596,2.06628,1.00,1.00
2016.01.12 11:23:26.388,2.06589,2.06625,1.50,1.00
2016.01.12 11:23:26.944,2.06589,2.06622,1.50,1.00
2016.01.12 11:23:27.483,2.06589,2.06621,1.50,1.50
2016.01.12 11:23:27.534,2.06589,2.06621,1.12,1.00
2016.01.12 11:23:27.736,2.06589,2.06624,1.00,1.50
2016.01.12 11:23:27.837,2.06589,2.06624,1.37,1.12
2016.01.12 11:23:28.342,2.06589,2.06624,1.75,1.37
2016.01.12 11:23:28.905,2.06589,2.06622,1.75,1.37
2016.01.12 11:23:29.208,2.06585,2.06616,1.75,1.00
2016.01.12 11:23:29.271,2.06585,2.06616,1.00,1.00
2016.01.12 11:23:29.373,2.06582,2.06615,1.37,1.00
2016.01.12 11:23:30.393,2.06583,2.06614,1.12,1.12
2016.01.12 11:23:31.512,2.0658,2.06614,1.75,1.87
2016.01.12 11:23:31.563,2.0658,2.06614,1.37,1.87
2016.01.12 11:23:31.614,2.06576,2.06609,1.12,1.37
2016.01.12 11:23:31.716,2.06573,2.06606,2.25,1.00
2016.01.12 11:23:31.817,2.06571,2.06604,1.12,1.00
2016.01.12 11:23:32.019,2.06569,2.06599,1.00,1.00
2016.01.12 11:23:32.323,2.06568,2.06598,1.00,1.37
2016.01.12 11:23:32.543,2.06561,2.06594,1.00,1.00
2016.01.12 11:23:33.018,2.06561,2.06596,1.00,1.00
2016.01.12 11:23:34.021,2.06561,2.06593,1.00,1.00
2016.01.12 11:23:35.533,2.06561,2.06596,1.00,1.00
2016.01.12 11:23:36.084,2.06561,2.06595,1.00,1.00
2016.01.12 11:23:36.632,2.06561,2.06596,1.00,1.00
2016.01.12 11:23:37.744,2.06561,2.06596,1.37,1.00
2016.01.12 11:23:37.845,2.06563,2.066,1.50,1.87
2016.01.12 11:23:38.350,2.06563,2.06599,1.50,1.00
2016.01.12 11:23:40.126,2.06563,2.066,1.50,1.00
2016.01.12 11:23:40.177,2.06565,2.06603,1.00,1.50
2016.01.12 11:23:40.686,2.06565,2.06602,1.00,1.00
2016.01.12 11:23:41.221,2.06565,2.06603,1.00,1.50
2016.01.12 11:23:42.833,2.06565,2.06602,1.00,1.00
2016.01.12 11:23:43.086,2.06572,2.06602,1.00,1.00
2016.01.12 11:23:43.187,2.06575,2.06609,1.00,1.00
2016.01.12 11:23:43.623,2.06572,2.06607,1.00,1.00
2016.01.12 11:23:43.805,2.06571,2.06607,1.00,1.87
2016.01.12 11:23:43.957,2.06561,2.06598,1.75,1.50
2016.01.12 11:23:44.007,2.06561,2.06596,1.75,1.00
2016.01.12 11:23:44.310,2.06561,2.06593,2.25,1.00
2016.01.12 11:23:44.819,2.0656,2.06594,1.75,1.50
2016.01.12 11:23:45.224,2.06561,2.06598,1.87,1.12
2016.01.12 11:23:45.325,2.06563,2.066,1.12,1.50
2016.01.12 11:23:45.375,2.06565,2.066,1.00,1.50
2016.01.12 11:23:45.734,2.06569,2.066,1.00,1.00
2016.01.12 11:23:45.986,2.06569,2.06602,1.00,1.00
2016.01.12 11:23:46.138,2.06569,2.06606,1.50,1.00
2016.01.12 11:23:46.239,2.06576,2.0661,1.00,2.25
2016.01.12 11:23:47.254,2.06571,2.06607,1.12,1.00
2016.01.12 11:23:47.406,2.06571,2.06607,1.00,3.28
2016.01.12 11:23:47.457,2.06569,2.06602,1.00,1.37
2016.01.12 11:23:47.659,2.06568,2.06598,1.75,1.00
2016.01.12 11:23:47.760,2.06571,2.06606,1.00,2.25
2016.01.12 11:23:48.188,2.06573,2.06606,1.00,1.12
2016.01.12 11:23:48.289,2.06573,2.06606,1.75,1.00
2016.01.12 11:23:48.391,2.06574,2.0661,1.50,1.00
2016.01.12 11:23:48.442,2.06576,2.06611,1.50,1.00
2016.01.12 11:23:48.787,2.06574,2.06611,1.75,1.00
2016.01.12 11:23:50.437,2.06575,2.0661,1.75,1.00
2016.01.12 11:23:50.588,2.06576,2.06613,1.75,1.50
2016.01.12 11:23:50.639,2.06574,2.06611,1.75,1.00
2016.01.12 11:23:50.690,2.06576,2.06613,1.75,1.50
2016.01.12 11:23:51.198,2.06577,2.06612,1.75,1.00
2016.01.12 11:23:51.935,2.06582,2.06612,1.00,1.00
2016.01.12 11:23:53.136,2.06581,2.06612,1.12,1.00
2016.01.12 11:23:54.410,2.06576,2.06612,1.00,1.00
2016.01.12 11:23:54.612,2.06574,2.06611,1.00,1.00
2016.01.12 11:23:56.347,2.0658,2.06609,1.37,1.37
2016.01.12 11:23:56.499,2.06574,2.06602,1.50,1.00
2016.01.12 11:23:56.550,2.06574,2.06607,1.50,1.00
2016.01.12 11:23:56.601,2.06576,2.06611,1.00,1.00
2016.01.12 11:23:56.703,2.06576,2.06611,1.00,1.37
2016.01.12 11:23:57.220,2.06579,2.06612,1.00,1.00
2016.01.12 11:23:57.524,2.06565,2.06598,1.50,1.37
2016.01.12 11:23:57.993,2.06565,2.066,2.25,1.00
2016.01.12 11:23:58.649,2.06565,2.06598,2.25,1.00
2016.01.12 11:23:59.197,2.06566,2.06598,1.00,1.00
2016.01.12 11:23:59.652,2.06565,2.06602,2.25,1.50
2016.01.12 11:24:00.417,2.06567,2.06602,1.00,1.00
2016.01.12 11:24:00.724,2.06577,2.06599,1.00,1.00
2016.01.12 11:24:00.775,2.06577,2.06611,1.87,1.00
2016.01.12 11:24:00.827,2.06578,2.06608,1.00,1.00
2016.01.12 11:24:01.231,2.06577,2.06608,1.87,1.37
2016.01.12 11:24:01.909,2.06573,2.06606,1.00,1.12
2016.01.12 11:24:01.960,2.06573,2.066,1.00,1.00
2016.01.12 11:24:02.062,2.06571,2.066,1.00,1.00
2016.01.12 11:24:02.618,2.06571,2.06602,1.00,1.00
2016.01.12 11:24:02.672,2.06571,2.06602,1.37,1.00
2016.01.12 11:24:02.924,2.06581,2.06615,1.75,1.12
2016.01.12 11:24:03.480,2.0658,2.06611,2.25,1.00
2016.01.12 11:24:03.828,2.06577,2.06605,1.00,1.00
2016.01.12 11:24:06.479,2.06577,2.06606,1.00,1.12
2016.01.12 11:24:07.778,2.06581,2.06608,1.00,1.00
2016.01.12 11:24:08.031,2.06575,2.06606,1.12,1.00
2016.01.12 11:24:10.900,2.06575,2.06604,1.12,1.00
2016.01.12 11:24:11.204,2.06575,2.06608,1.12,1.00
2016.01.12 11:24:11.406,2.06582,2.06611,1.00,1.50
2016.01.12 11:24:11.709,2.06582,2.06613,1.75,1.00
2016.01.12 11:24:11.861,2.06576,2.0661,1.75,1.12
2016.01.12 11:24:11.963,2.06576,2.06608,1.75,1.00
2016.01.12 11:24:12.266,2.06576,2.06606,1.75,1.00
2016.01.12 11:24:13.069,2.06577,2.0661,1.50,1.50
2016.01.12 11:24:13.372,2.06581,2.06612,1.00,1.00
2016.01.12 11:24:13.725,2.06581,2.06613,1.37,1.00
2016.01.12 11:24:13.877,2.06586,2.06617,1.50,1.00
2016.01.12 11:24:13.979,2.06594,2.06622,1.00,1.00
2016.01.12 11:24:14.283,2.06603,2.06632,2.25,1.00
2016.01.12 11:24:14.334,2.06603,2.06636,2.25,1.00
2016.01.12 11:24:14.385,2.06603,2.0664,2.25,1.00
2016.01.12 11:24:14.487,2.06608,2.06646,1.12,1.00
2016.01.12 11:24:14.537,2.06608,2.06646,1.75,1.00
2016.01.12 11:24:14.588,2.06608,2.06649,1.75,1.37
2016.01.12 11:24:15.106,2.06609,2.06647,1.75,1.00
2016.01.12 11:24:15.894,2.06613,2.06648,1.12,1.12
2016.01.12 11:24:17.219,2.06613,2.06645,1.12,1.00
2016.01.12 11:24:17.472,2.06609,2.06644,1.00,1.00
2016.01.12 11:24:17.522,2.06607,2.06644,1.75,1.00
2016.01.12 11:24:17.775,2.06607,2.06648,2.25,1.00
2016.01.12 11:24:19.118,2.06611,2.06648,1.75,1.00
2016.01.12 11:24:19.422,2.06618,2.06656,1.50,1.00
2016.01.12 11:24:19.523,2.06622,2.0666,1.12,1.00
2016.01.12 11:24:19.624,2.06622,2.0666,1.50,1.00
2016.01.12 11:24:19.770,2.06627,2.06663,1.00,1.00
2016.01.12 11:24:20.633,2.06622,2.06658,1.37,1.37
2016.01.12 11:24:20.684,2.06622,2.06658,1.00,1.75
2016.01.12 11:24:20.734,2.06615,2.06647,1.37,1.00
2016.01.12 11:24:20.857,2.0661,2.06641,1.37,1.00
2016.01.12 11:24:21.059,2.06605,2.06641,1.12,1.00
2016.01.12 11:24:21.110,2.06605,2.06639,1.12,1.00
2016.01.12 11:24:21.413,2.06603,2.06642,1.50,1.00
2016.01.12 11:24:21.626,2.06603,2.06638,1.50,1.00
2016.01.12 11:24:21.932,2.06602,2.06632,1.75,1.00
2016.01.12 11:24:21.983,2.06602,2.06638,1.75,1.00
2016.01.12 11:24:24.501,2.06602,2.06642,1.75,1.12
2016.01.12 11:24:26.252,2.06608,2.06646,1.00,1.50
2016.01.12 11:24:26.555,2.06612,2.06648,1.00,1.00
2016.01.12 11:24:26.859,2.06616,2.06652,1.37,1.50
2016.01.12 11:24:27.280,2.06616,2.06651,1.37,1.37
2016.01.12 11:24:27.607,2.06612,2.06649,1.75,1.37
2016.01.12 11:24:27.919,2.06612,2.06645,1.75,1.00
2016.01.12 11:24:28.262,2.06611,2.0664,1.00,1.37
2016.01.12 11:24:28.363,2.06599,2.06633,1.50,1.37
2016.01.12 11:24:28.712,2.06599,2.0663,1.00,1.00
2016.01.12 11:24:28.901,2.06591,2.06629,1.75,1.37
2016.01.12 11:24:29.416,2.06589,2.06626,1.75,1.00
2016.01.12 11:24:29.921,2.06588,2.06625,1.75,1.00
2016.01.12 11:24:30.971,2.06588,2.06622,1.75,1.00
2016.01.12 11:24:32.019,2.06588,2.06617,1.75,1.00
2016.01.12 11:24:32.121,2.06583,2.06617,1.12,1.37
2016.01.12 11:24:32.222,2.06582,2.06617,1.50,1.37
2016.01.12 11:24:32.273,2.06577,2.06611,2.25,1.00
2016.01.12 11:24:36.691,2.06576,2.06612,1.75,1.50
2016.01.12 11:24:37.531,2.06571,2.06607,3.45,1.00
2016.01.12 11:24:37.632,2.06573,2.06607,1.00,1.00
2016.01.12 11:24:39.961,2.06573,2.06606,1.00,1.00
2016.01.12 11:24:40.123,2.06573,2.06603,1.00,1.50
2016.01.12 11:24:40.224,2.0657,2.06603,1.00,1.50
2016.01.12 11:24:40.633,2.06563,2.06599,2.25,1.00
2016.01.12 11:24:40.836,2.06565,2.06603,1.75,1.00
2016.01.12 11:24:41.038,2.06565,2.06605,1.75,1.00
2016.01.12 11:24:41.588,2.0657,2.06606,1.00,1.00
2016.01.12 11:24:41.790,2.06571,2.06606,1.37,1.00
2016.01.12 11:24:41.841,2.06571,2.06609,2.25,1.00
2016.01.12 11:24:43.131,2.06579,2.06609,1.00,1.00
2016.01.12 11:24:43.283,2.06579,2.06612,1.00,1.00
2016.01.12 11:24:43.384,2.06579,2.06617,1.00,1.75
2016.01.12 11:24:43.646,2.0658,2.06613,1.37,1.00
2016.01.12 11:24:43.848,2.06576,2.06613,1.12,1.87
2016.01.12 11:24:43.949,2.06578,2.06612,1.00,1.37
2016.01.12 11:24:44.151,2.06576,2.06612,1.87,1.00
2016.01.12 11:24:44.457,2.0658,2.06613,1.00,1.00
2016.01.12 11:24:44.508,2.0658,2.06617,1.00,2.25
2016.01.12 11:24:44.610,2.06583,2.06616,1.00,1.00
2016.01.12 11:24:44.711,2.06584,2.0662,1.00,1.50
2016.01.12 11:24:44.913,2.06586,2.06621,1.00,1.00
2016.01.12 11:24:45.115,2.06587,2.06623,1.00,1.00
2016.01.12 11:24:45.276,2.06589,2.06624,1.00,1.00
2016.01.12 11:24:45.378,2.06587,2.06623,1.50,1.00
2016.01.12 11:24:45.529,2.06587,2.06619,1.12,1.00
2016.01.12 11:24:45.857,2.06589,2.06619,1.00,1.00
2016.01.12 11:24:46.059,2.0659,2.06625,1.00,1.00
2016.01.12 11:24:46.864,2.0659,2.06623,1.00,1.00
2016.01.12 11:24:47.015,2.06581,2.06617,1.87,1.00
2016.01.12 11:24:47.167,2.06581,2.06615,1.12,1.00
2016.01.12 11:24:47.718,2.0658,2.06614,1.00,1.50
2016.01.12 11:24:49.527,2.06579,2.06614,1.00,2.25
2016.01.12 11:24:49.830,2.06571,2.06602,1.00,1.00
2016.01.12 11:24:50.236,2.06567,2.06602,1.00,1.50
2016.01.12 11:24:53.138,2.06567,2.06602,1.37,1.50
2016.01.12 11:24:53.341,2.06575,2.06608,1.00,2.25
2016.01.12 11:24:53.492,2.06571,2.06608,1.00,2.25
2016.01.12 11:24:53.593,2.0657,2.06605,1.00,1.00
2016.01.12 11:24:53.892,2.06567,2.06604,1.50,1.50
2016.01.12 11:24:53.943,2.06569,2.06603,1.00,1.50
2016.01.12 11:24:54.145,2.06567,2.06603,1.00,1.50
2016.01.12 11:24:58.084,2.0657,2.06604,1.00,1.75
2016.01.12 11:24:58.136,2.0657,2.06604,1.00,1.00
2016.01.12 11:24:58.187,2.0657,2.06607,1.00,1.87
2016.01.12 11:24:58.238,2.0657,2.06607,1.37,1.87
2016.01.12 11:24:58.642,2.06573,2.06611,2.62,1.00
2016.01.12 11:24:58.743,2.06577,2.06613,1.37,1.50
2016.01.12 11:24:59.048,2.06583,2.06617,1.37,1.00
2016.01.12 11:24:59.566,2.06583,2.06618,1.37,1.00
2016.01.12 11:24:59.869,2.0659,2.06621,1.00,1.00
2016.01.12 11:25:00.370,2.06589,2.06621,1.00,1.00
2016.01.12 11:25:00.623,2.0659,2.06624,1.00,3.00
2016.01.12 11:25:00.724,2.06589,2.0662,1.00,1.00
2016.01.12 11:25:01.270,2.06589,2.06619,1.00,1.00
2016.01.12 11:25:01.321,2.06586,2.0662,1.50,1.00
2016.01.12 11:25:01.476,2.06583,2.06619,1.00,1.00
2016.01.12 11:25:01.577,2.06586,2.0662,1.00,1.12
2016.01.12 11:25:02.097,2.06586,2.06619,1.00,1.00
2016.01.12 11:25:02.647,2.06586,2.0662,1.00,1.12
2016.01.12 11:25:02.950,2.06589,2.06623,1.00,2.25
2016.01.12 11:25:03.254,2.06592,2.06623,1.00,1.00
2016.01.12 11:25:03.783,2.06592,2.0662,1.00,1.00
2016.01.12 11:25:03.834,2.06583,2.06618,1.75,1.00
2016.01.12 11:25:03.884,2.06582,2.06613,1.75,1.00
2016.01.12 11:25:03.986,2.06578,2.06613,1.12,1.00
2016.01.12 11:25:04.037,2.06578,2.06612,1.12,1.37
2016.01.12 11:25:05.171,2.06578,2.06609,1.00,1.00
2016.01.12 11:25:05.474,2.06576,2.06605,1.00,1.00
2016.01.12 11:25:06.011,2.06576,2.06606,1.00,1.00
2016.01.12 11:25:08.021,2.06576,2.06603,1.00,1.00
2016.01.12 11:25:08.072,2.0657,2.06603,1.00,1.50
2016.01.12 11:25:08.122,2.0657,2.06598,1.00,1.00
2016.01.12 11:25:08.232,2.06559,2.06596,1.75,1.00
2016.01.12 11:25:08.283,2.06559,2.06593,1.00,1.00
2016.01.12 11:25:08.587,2.06551,2.06586,1.00,1.00
2016.01.12 11:25:09.236,2.06553,2.06586,1.00,1.00
2016.01.12 11:25:09.540,2.06557,2.06587,1.00,1.00
2016.01.12 11:25:10.080,2.06557,2.06588,1.00,1.00
2016.01.12 11:25:10.936,2.06552,2.06588,1.00,1.87
2016.01.12 11:25:11.088,2.06549,2.06581,1.00,1.87
2016.01.12 11:25:12.095,2.06549,2.06578,1.00,1.00
2016.01.12 11:25:12.398,2.06549,2.06574,1.00,1.00
2016.01.12 11:25:12.651,2.06528,2.06567,1.75,1.12
2016.01.12 11:25:12.802,2.06529,2.06567,1.75,1.37
2016.01.12 11:25:13.257,2.06529,2.06568,1.75,1.50
2016.01.12 11:25:13.308,2.06529,2.06567,1.75,1.37
2016.01.12 11:25:13.610,2.06528,2.06568,1.75,1.50
2016.01.12 11:25:14.157,2.0653,2.06569,1.50,1.00
2016.01.12 11:25:14.663,2.0653,2.06568,2.25,1.00
2016.01.12 11:25:16.821,2.06529,2.06561,1.75,1.00
2016.01.12 11:25:16.923,2.06528,2.06567,1.75,1.87
2016.01.12 11:25:17.024,2.06528,2.06566,1.75,1.37
2016.01.12 11:25:17.327,2.06528,2.06561,1.75,1.00
2016.01.12 11:25:17.377,2.06528,2.06564,1.75,1.00
2016.01.12 11:25:19.163,2.06529,2.06567,1.75,1.12
2016.01.12 11:25:19.465,2.0653,2.06565,1.37,1.00
2016.01.12 11:25:22.541,2.0653,2.0657,1.50,1.00
2016.01.12 11:25:22.693,2.06535,2.06571,1.00,1.00
2016.01.12 11:25:22.995,2.06536,2.06574,1.00,1.00
2016.01.12 11:25:23.745,2.06535,2.06576,2.62,1.00
2016.01.12 11:25:24.258,2.06535,2.06575,1.87,1.00
2016.01.12 11:25:24.761,2.06536,2.06576,1.12,1.00
2016.01.12 11:25:26.816,2.06535,2.06575,1.87,1.00
2016.01.12 11:25:27.719,2.06536,2.06574,1.50,1.00
2016.01.12 11:25:28.051,2.06542,2.06577,1.00,1.00
2016.01.12 11:25:28.354,2.06549,2.06579,1.00,1.00
2016.01.12 11:25:28.405,2.06549,2.06584,1.00,1.87
2016.01.12 11:25:28.456,2.06546,2.06584,1.50,1.87
2016.01.12 11:25:28.608,2.0655,2.06586,1.50,1.00
2016.01.12 11:25:28.709,2.06551,2.06589,1.37,1.00
2016.01.12 11:25:29.063,2.06552,2.06591,1.12,1.12
2016.01.12 11:25:29.778,2.06547,2.06584,2.25,1.00
2016.01.12 11:25:29.930,2.06546,2.06584,1.75,1.37
2016.01.12 11:25:30.135,2.0654,2.06581,1.00,1.75
2016.01.12 11:25:30.186,2.06542,2.06583,1.50,1.75
2016.01.12 11:25:30.490,2.06549,2.06586,1.00,1.37
2016.01.12 11:25:32.488,2.06549,2.06588,1.00,1.12
2016.01.12 11:25:32.539,2.06552,2.06588,1.00,1.12
2016.01.12 11:25:32.640,2.06552,2.06592,2.25,1.00
2016.01.12 11:25:32.741,2.06552,2.06592,1.87,1.75
2016.01.12 11:25:32.995,2.06559,2.06598,1.75,1.12
2016.01.12 11:25:33.197,2.06564,2.06599,1.00,1.00
2016.01.12 11:25:33.298,2.06564,2.06601,1.00,1.00
2016.01.12 11:25:33.842,2.06564,2.066,1.00,1.00
2016.01.12 11:25:34.302,2.0656,2.06597,1.37,1.00
2016.01.12 11:25:34.605,2.06557,2.06597,1.00,1.87
2016.01.12 11:25:34.756,2.06554,2.06594,1.50,1.00
2016.01.12 11:25:34.857,2.06554,2.06591,1.50,1.00
2016.01.12 11:25:35.374,2.06559,2.06592,1.00,1.00
2016.01.12 11:25:35.424,2.06559,2.06594,1.00,1.12
2016.01.12 11:25:35.577,2.06559,2.06581,1.00,1.00
2016.01.12 11:25:35.678,2.06554,2.0658,1.50,1.00
2016.01.12 11:25:35.729,2.06546,2.06574,1.00,1.00
2016.01.12 11:25:35.830,2.06541,2.0657,1.50,1.37
2016.01.12 11:25:36.001,2.0653,2.0657,1.87,1.87
2016.01.12 11:25:36.052,2.06529,2.06559,1.75,1.00
2016.01.12 11:25:36.153,2.06533,2.0657,1.00,1.50
2016.01.12 11:25:36.204,2.06533,2.06567,1.00,1.75
2016.01.12 11:25:36.709,2.06539,2.06572,1.00,1.00
2016.01.12 11:25:36.810,2.06538,2.06573,1.75,1.50
2016.01.12 11:25:36.911,2.06536,2.06572,1.00,1.50
2016.01.12 11:25:36.973,2.06536,2.06568,1.00,1.00
2016.01.12 11:25:37.024,2.0653,2.06564,1.00,1.00
2016.01.12 11:25:37.277,2.0653,2.06568,1.00,1.12
2016.01.12 11:25:37.378,2.06533,2.06572,1.00,3.00
2016.01.12 11:25:37.530,2.06535,2.06572,1.00,1.00
2016.01.12 11:25:37.934,2.0654,2.06574,1.12,1.00
2016.01.12 11:25:38.198,2.06541,2.06578,1.50,1.50
2016.01.12 11:25:38.450,2.06544,2.06579,1.00,1.00
2016.01.12 11:25:38.753,2.06548,2.06579,1.00,1.00
2016.01.12 11:25:39.005,2.06549,2.06582,1.00,1.00
2016.01.12 11:25:39.213,2.06549,2.06582,1.37,1.00
2016.01.12 11:25:39.315,2.06557,2.06586,1.00,1.00
2016.01.12 11:25:39.418,2.06554,2.06586,1.37,1.00
2016.01.12 11:25:39.519,2.06554,2.06589,1.00,2.25
2016.01.12 11:25:40.024,2.06553,2.06589,1.00,3.00
2016.01.12 11:25:40.378,2.06551,2.06587,1.00,2.25
2016.01.12 11:25:40.907,2.06551,2.06586,1.00,1.00
2016.01.12 11:25:41.908,2.06551,2.06585,1.00,1.00
2016.01.12 11:25:43.040,2.06551,2.06586,1.00,1.00
2016.01.12 11:25:43.091,2.06553,2.06586,1.00,1.00
2016.01.12 11:25:43.428,2.0655,2.06587,1.00,1.00
2016.01.12 11:25:44.848,2.0655,2.06585,1.00,1.00
2016.01.12 11:25:45.202,2.06554,2.06585,1.00,1.00
2016.01.12 11:25:45.723,2.06556,2.06584,1.00,1.00
2016.01.12 11:25:45.918,2.06556,2.06586,1.00,1.00
2016.01.12 11:25:46.744,2.06561,2.06588,1.00,1.12
2016.01.12 11:25:46.952,2.06561,2.06593,1.37,1.50
2016.01.12 11:25:47.054,2.06566,2.06593,1.00,1.00
2016.01.12 11:25:47.156,2.06566,2.06595,1.00,1.00
2016.01.12 11:25:47.409,2.06568,2.06594,1.00,1.00
2016.01.12 11:25:47.561,2.06568,2.06597,1.00,1.00
2016.01.12 11:25:47.713,2.0657,2.06597,1.00,1.00
2016.01.12 11:25:48.075,2.06571,2.066,1.00,1.00
2016.01.12 11:25:48.227,2.06572,2.06599,1.37,1.00
2016.01.12 11:25:48.479,2.06574,2.06603,1.00,1.00
2016.01.12 11:25:51.155,2.06574,2.06604,1.00,1.00
2016.01.12 11:25:51.357,2.06572,2.06603,1.50,1.00
2016.01.12 11:25:52.130,2.06575,2.06603,1.00,1.00
2016.01.12 11:25:52.181,2.06575,2.06605,1.00,1.00
2016.01.12 11:25:52.232,2.06579,2.06605,1.00,1.00
2016.01.12 11:25:52.384,2.06579,2.0661,1.50,1.00
2016.01.12 11:25:52.789,2.06582,2.0661,1.00,1.00
2016.01.12 11:25:53.092,2.06587,2.06611,1.00,1.00
2016.01.12 11:25:53.876,2.06583,2.06609,1.00,1.00
2016.01.12 11:25:54.028,2.06578,2.0661,1.00,1.00
2016.01.12 11:25:54.179,2.06575,2.06608,1.37,1.00
2016.01.12 11:25:54.483,2.06582,2.06612,1.00,1.00
2016.01.12 11:25:55.104,2.06585,2.06612,1.00,1.00
2016.01.12 11:25:55.155,2.06585,2.06614,1.00,1.50
2016.01.12 11:25:55.307,2.06587,2.06614,1.00,1.00
2016.01.12 11:25:55.559,2.06579,2.06613,1.00,1.00
2016.01.12 11:25:55.746,2.06575,2.06613,1.00,1.50
2016.01.12 11:25:56.262,2.06574,2.06613,1.00,1.50
2016.01.12 11:25:56.363,2.06574,2.06613,1.87,1.00
2016.01.12 11:25:56.896,2.06576,2.06612,1.12,1.00
2016.01.12 11:25:57.667,2.06576,2.06609,1.12,1.00
2016.01.12 11:25:58.285,2.0658,2.06609,1.00,1.00
2016.01.12 11:25:58.790,2.0658,2.06608,1.00,1.00
2016.01.12 11:25:59.501,2.0658,2.06609,1.00,1.00
2016.01.12 11:26:00.479,2.0658,2.06607,1.00,1.00
2016.01.12 11:26:00.732,2.06574,2.06605,1.75,1.00
2016.01.12 11:26:00.783,2.06574,2.06606,1.00,1.00
2016.01.12 11:26:00.884,2.06572,2.06606,1.00,1.50
2016.01.12 11:26:00.936,2.06572,2.06603,1.00,1.00
2016.01.12 11:26:01.899,2.06568,2.06603,1.12,1.50
2016.01.12 11:26:01.950,2.06568,2.066,1.12,1.00
2016.01.12 11:26:02.108,2.0656,2.06596,1.00,1.50
2016.01.12 11:26:02.159,2.06555,2.06593,1.50,1.00
2016.01.12 11:26:02.210,2.06555,2.06593,1.50,1.00
2016.01.12 11:26:02.463,2.06555,2.0659,1.50,1.00
2016.01.12 11:26:03.744,2.06555,2.06592,2.25,1.50
2016.01.12 11:26:03.794,2.06556,2.06589,1.00,1.00
2016.01.12 11:26:03.997,2.06555,2.06592,2.25,1.00
2016.01.12 11:26:04.551,2.06556,2.06592,1.00,1.50
2016.01.12 11:26:04.652,2.06558,2.06593,1.00,1.00
2016.01.12 11:26:09.069,2.06559,2.06593,1.37,1.00
2016.01.12 11:26:09.271,2.06565,2.06598,1.00,1.00
2016.01.12 11:26:09.422,2.06565,2.066,1.00,1.12
2016.01.12 11:26:09.932,2.06566,2.06601,1.00,1.50
2016.01.12 11:26:10.441,2.06566,2.06601,1.00,1.00
2016.01.12 11:26:10.492,2.0657,2.06601,1.00,1.00
2016.01.12 11:26:10.593,2.0657,2.06603,1.00,1.00
2016.01.12 11:26:11.389,2.06564,2.066,1.75,1.37
2016.01.12 11:26:11.691,2.06555,2.0659,1.50,1.00
2016.01.12 11:26:11.793,2.06555,2.06588,1.00,1.00
2016.01.12 11:26:15.144,2.06555,2.06586,1.00,1.00
2016.01.12 11:26:15.649,2.06555,2.06585,1.00,1.00
2016.01.12 11:26:16.168,2.06555,2.06583,1.00,1.00
2016.01.12 11:26:16.471,2.0656,2.06593,1.00,3.00
2016.01.12 11:26:16.858,2.06562,2.06593,1.00,1.37
2016.01.12 11:26:17.010,2.06559,2.06593,1.37,1.00
2016.01.12 11:26:17.162,2.06562,2.06594,1.00,1.00
2016.01.12 11:26:18.415,2.06562,2.06588,1.00,1.00
2016.01.12 11:26:18.465,2.06559,2.06588,1.00,1.00
2016.01.12 11:26:18.567,2.06556,2.0659,1.00,1.00
2016.01.12 11:26:18.972,2.06556,2.06586,1.50,1.00
2016.01.12 11:26:19.192,2.0654,2.06572,1.00,2.25
2016.01.12 11:26:19.243,2.06538,2.06567,1.00,1.00
2016.01.12 11:26:19.597,2.06535,2.06568,1.00,1.00
2016.01.12 11:26:19.749,2.06536,2.06565,1.00,1.00
2016.01.12 11:26:20.943,2.06535,2.06565,1.00,1.00
2016.01.12 11:26:21.246,2.06535,2.06568,1.00,1.00
2016.01.12 11:26:21.745,2.06535,2.06568,1.37,1.00
2016.01.12 11:26:21.796,2.06537,2.06573,1.37,1.75
2016.01.12 11:26:21.847,2.06542,2.06575,1.37,1.37
2016.01.12 11:26:21.898,2.06542,2.06578,1.87,1.12
2016.01.12 11:26:21.949,2.06547,2.06578,1.00,1.87
2016.01.12 11:26:22.252,2.06552,2.06578,1.00,1.12
2016.01.12 11:26:23.035,2.06546,2.06576,1.00,1.00
2016.01.12 11:26:23.978,2.06546,2.06566,1.37,1.00
2016.01.12 11:26:24.131,2.06544,2.06564,1.00,1.50
2016.01.12 11:26:24.233,2.06536,2.06564,1.00,1.75
2016.01.12 11:26:24.334,2.06539,2.06565,1.00,1.00
2016.01.12 11:26:24.385,2.06539,2.06567,1.00,1.00
2016.01.12 11:26:24.487,2.06539,2.06572,1.00,1.00
2016.01.12 11:26:24.588,2.06541,2.06572,1.00,1.00
2016.01.12 11:26:24.689,2.06539,2.06572,1.00,1.00
2016.01.12 11:26:24.841,2.06539,2.06574,1.00,1.00
2016.01.12 11:26:26.663,2.06539,2.06571,1.00,1.00
2016.01.12 11:26:26.776,2.06536,2.06572,1.00,1.50
2016.01.12 11:26:26.827,2.06536,2.06572,1.00,1.87
2016.01.12 11:26:26.878,2.06533,2.06566,1.00,1.00
2016.01.12 11:26:27.383,2.06532,2.06566,1.00,1.00
2016.01.12 11:26:32.317,2.06532,2.06569,1.00,1.50
2016.01.12 11:26:32.860,2.06532,2.06572,1.37,3.00
2016.01.12 11:26:32.911,2.06532,2.06571,1.37,1.00
2016.01.12 11:26:33.461,2.06532,2.06572,1.37,2.62
2016.01.12 11:26:35.267,2.06534,2.06572,1.00,2.62
2016.01.12 11:26:35.715,2.06535,2.06567,1.00,1.00
2016.01.12 11:26:36.758,2.06535,2.06568,1.00,1.00
2016.01.12 11:26:37.264,2.06535,2.06567,1.00,1.00
2016.01.12 11:26:37.990,2.06539,2.06572,1.51,1.12
2016.01.12 11:26:38.042,2.06542,2.06575,1.37,1.37
2016.01.12 11:26:38.093,2.06561,2.06581,1.00,1.00
2016.01.12 11:26:38.194,2.06556,2.06588,1.75,1.00
2016.01.12 11:26:38.295,2.06556,2.0659,1.50,1.00
2016.01.12 11:26:38.346,2.06559,2.0659,1.12,1.00
2016.01.12 11:26:39.507,2.06559,2.06588,1.00,1.00
2016.01.12 11:26:39.709,2.06559,2.06593,1.00,1.75
2016.01.12 11:26:40.077,2.06561,2.06594,1.00,2.25
2016.01.12 11:26:40.784,2.06561,2.0659,1.00,1.00
2016.01.12 11:26:41.087,2.06557,2.06586,1.00,1.00
2016.01.12 11:26:41.390,2.06555,2.0658,1.00,1.00
2016.01.12 11:26:41.492,2.06551,2.06578,1.37,1.00
2016.01.12 11:26:42.004,2.06551,2.06578,1.00,1.00
2016.01.12 11:26:42.072,2.06551,2.06573,1.00,1.00
2016.01.12 11:26:42.123,2.06547,2.06573,1.00,1.00
2016.01.12 11:26:43.572,2.06547,2.06571,1.00,1.00
2016.01.12 11:26:43.724,2.06537,2.06571,1.37,1.00
2016.01.12 11:26:43.826,2.06541,2.06571,1.00,1.00
2016.01.12 11:26:44.029,2.06538,2.06573,1.00,1.00
2016.01.12 11:26:44.181,2.06541,2.06573,1.00,1.00
2016.01.12 11:26:44.232,2.06541,2.06576,1.12,1.00
2016.01.12 11:26:44.285,2.0654,2.06574,1.37,1.00
2016.01.12 11:26:44.590,2.06543,2.06574,1.00,1.00
2016.01.12 11:26:45.145,2.06539,2.06574,1.00,1.00
2016.01.12 11:26:45.347,2.06538,2.06572,1.00,1.00
2016.01.12 11:26:45.679,2.06538,2.0657,1.00,1.00
2016.01.12 11:26:46.486,2.06537,2.0657,1.00,1.00
2016.01.12 11:26:46.675,2.0654,2.06574,1.00,1.00
2016.01.12 11:26:47.189,2.0654,2.06575,1.50,1.00
2016.01.12 11:26:49.551,2.06546,2.06575,1.00,1.00
2016.01.12 11:26:49.652,2.06547,2.06581,1.37,1.00
2016.01.12 11:26:49.703,2.06549,2.06585,1.00,1.50
2016.01.12 11:26:49.905,2.06549,2.06586,1.87,1.00
2016.01.12 11:26:50.057,2.06555,2.0659,1.00,1.00
2016.01.12 11:26:50.259,2.06562,2.0659,1.00,1.00
2016.01.12 11:26:50.309,2.06562,2.06596,1.87,1.37
2016.01.12 11:26:50.360,2.06565,2.06596,1.00,1.00
2016.01.12 11:26:50.461,2.06562,2.06598,1.12,1.00
2016.01.12 11:26:50.858,2.06562,2.06596,1.87,1.00
2016.01.12 11:26:51.060,2.06562,2.06598,1.87,1.00
2016.01.12 11:26:51.565,2.06562,2.06597,1.12,1.50
2016.01.12 11:26:51.948,2.06562,2.06596,1.12,1.37
2016.01.12 11:26:52.049,2.06559,2.06592,1.00,1.37
2016.01.12 11:26:52.555,2.06559,2.0659,1.00,1.00
2016.01.12 11:26:52.906,2.06557,2.0659,1.12,1.00
2016.01.12 11:26:53.008,2.06557,2.06592,1.50,1.00
2016.01.12 11:26:53.481,2.06561,2.06592,1.00,1.00
2016.01.12 11:26:54.046,2.06558,2.06592,1.00,1.00
2016.01.12 11:26:54.350,2.06556,2.06589,1.50,1.00
2016.01.12 11:26:55.211,2.06556,2.06587,1.00,1.00
2016.01.12 11:26:55.722,2.06555,2.06587,1.00,1.00
2016.01.12 11:26:56.016,2.06555,2.06589,1.00,1.00
2016.01.12 11:26:56.117,2.06557,2.06592,1.00,1.50
2016.01.12 11:26:56.168,2.06561,2.06592,1.00,1.50
2016.01.12 11:26:56.269,2.06568,2.06603,1.00,1.00
2016.01.12 11:26:56.370,2.0657,2.06604,1.00,1.50
2016.01.12 11:26:56.421,2.06567,2.06602,1.00,1.00
2016.01.12 11:26:57.410,2.06569,2.06604,1.00,1.50
2016.01.12 11:26:57.915,2.06571,2.06604,1.00,1.00
2016.01.12 11:26:58.477,2.06569,2.06604,1.00,1.50
2016.01.12 11:26:59.924,2.0657,2.06604,1.00,1.50
2016.01.12 11:26:59.975,2.0657,2.06604,1.37,1.50
2016.01.12 11:27:00.177,2.06578,2.06612,1.12,1.00
2016.01.12 11:27:00.228,2.06579,2.06614,1.00,1.00
2016.01.12 11:27:00.279,2.06578,2.06608,1.00,1.00
2016.01.12 11:27:00.582,2.06566,2.06598,1.00,1.00
2016.01.12 11:27:00.633,2.06561,2.06598,1.75,1.00
2016.01.12 11:27:00.785,2.06562,2.06598,1.00,1.50
2016.01.12 11:27:00.886,2.06562,2.06598,1.37,1.50
2016.01.12 11:27:01.190,2.0657,2.06601,1.00,1.00
2016.01.12 11:27:01.493,2.06579,2.06611,1.00,1.12
2016.01.12 11:27:01.695,2.06581,2.06613,1.00,1.37
2016.01.12 11:27:01.902,2.06584,2.06616,1.00,1.00
2016.01.12 11:27:02.110,2.06586,2.06616,1.00,1.50
2016.01.12 11:27:04.577,2.06585,2.06616,1.00,1.50
2016.01.12 11:27:05.330,2.06586,2.06616,1.00,1.00
2016.01.12 11:27:05.634,2.06582,2.06616,1.37,1.00
2016.01.12 11:27:05.836,2.06582,2.06612,1.00,1.00
2016.01.12 11:27:05.887,2.06578,2.06612,1.00,1.00
2016.01.12 11:27:05.988,2.06575,2.06612,1.00,1.00
2016.01.12 11:27:07.006,2.06575,2.06612,1.00,1.87
2016.01.12 11:27:07.209,2.06573,2.0661,1.00,1.50
2016.01.12 11:27:07.310,2.06569,2.0661,1.00,1.50
2016.01.12 11:27:07.506,2.06573,2.0661,1.00,2.25
2016.01.12 11:27:07.838,2.06572,2.06606,1.00,1.00
2016.01.12 11:27:08.150,2.06572,2.06606,1.00,1.87
2016.01.12 11:27:08.201,2.06568,2.06605,1.00,1.50
2016.01.12 11:27:08.403,2.06566,2.06601,1.00,1.00
2016.01.12 11:27:09.263,2.06561,2.06598,1.75,1.00
2016.01.12 11:27:09.414,2.0656,2.06601,1.75,1.00
2016.01.12 11:27:09.760,2.06572,2.06605,1.00,2.25
2016.01.12 11:27:09.963,2.06564,2.06603,1.12,1.12
2016.01.12 11:27:10.065,2.06568,2.06606,1.00,1.75
2016.01.12 11:27:10.670,2.06568,2.06602,1.00,1.00
2016.01.12 11:27:10.977,2.06564,2.06599,1.00,1.75
2016.01.12 11:27:11.179,2.06561,2.06596,1.00,1.00
2016.01.12 11:27:11.350,2.06558,2.06596,1.87,1.00
2016.01.12 11:27:11.502,2.06561,2.06596,1.00,1.00
2016.01.12 11:27:13.687,2.06562,2.06596,1.00,1.00
2016.01.12 11:27:14.200,2.06561,2.06596,1.00,1.00
2016.01.12 11:27:14.503,2.06561,2.06591,1.00,1.00
2016.01.12 11:27:14.807,2.06565,2.06595,1.00,1.00
2016.01.12 11:27:14.878,2.06561,2.06595,1.00,1.00
2016.01.12 11:27:14.929,2.06561,2.06592,1.00,1.00
2016.01.12 11:27:16.083,2.06555,2.06592,2.25,1.00
2016.01.12 11:27:16.240,2.06557,2.06589,1.50,1.00
2016.01.12 11:27:18.708,2.06551,2.06587,3.00,1.00
2016.01.12 11:27:18.758,2.06551,2.06587,2.25,1.00
2016.01.12 11:27:19.248,2.06551,2.06583,1.50,1.00
2016.01.12 11:27:20.161,2.06551,2.06582,1.50,1.00
2016.01.12 11:27:20.262,2.06548,2.06582,1.00,1.00
2016.01.12 11:27:20.717,2.06551,2.06583,1.00,1.50
2016.01.12 11:27:21.153,2.06548,2.06583,1.00,1.50
2016.01.12 11:27:21.204,2.06548,2.06581,1.00,1.00
2016.01.12 11:27:21.965,2.06548,2.0658,1.00,1.00
2016.01.12 11:27:22.016,2.06544,2.06577,1.00,1.00
2016.01.12 11:27:22.335,2.06538,2.06575,1.50,1.00
2016.01.12 11:27:22.436,2.0654,2.06576,1.00,2.62
2016.01.12 11:27:22.688,2.0654,2.06571,1.00,1.00
2016.01.12 11:27:23.224,2.06536,2.06571,1.12,1.00
2016.01.12 11:27:23.476,2.06536,2.06573,1.50,1.00
2016.01.12 11:27:23.729,2.06539,2.06576,1.75,1.00
2016.01.12 11:27:23.779,2.06543,2.06578,1.75,1.00
2016.01.12 11:27:23.850,2.06547,2.0658,1.00,1.50
2016.01.12 11:27:23.901,2.0655,2.06583,1.12,1.00
2016.01.12 11:27:24.407,2.0655,2.06582,1.00,1.00
2016.01.12 11:27:24.939,2.0655,2.06583,1.00,1.00
2016.01.12 11:27:28.093,2.0655,2.0658,1.00,1.00
2016.01.12 11:27:28.195,2.06544,2.0658,1.50,1.50
2016.01.12 11:27:28.450,2.06544,2.06577,1.00,1.00
2016.01.12 11:27:30.969,2.06542,2.06576,1.50,1.00
2016.01.12 11:27:31.222,2.06542,2.0658,1.50,1.00
2016.01.12 11:27:31.485,2.06542,2.0658,1.00,1.50
2016.01.12 11:27:31.818,2.0654,2.06575,1.00,1.75
2016.01.12 11:27:32.361,2.06542,2.06577,1.00,2.25
2016.01.12 11:27:32.512,2.0654,2.06577,1.00,2.25
2016.01.12 11:27:33.118,2.06539,2.06574,1.00,2.25
2016.01.12 11:27:34.081,2.0654,2.06577,1.00,1.75
2016.01.12 11:27:34.485,2.06541,2.06577,1.00,1.00
2016.01.12 11:27:35.819,2.06542,2.06577,1.00,1.00
2016.01.12 11:27:36.191,2.06546,2.06581,1.50,1.00
2016.01.12 11:27:36.242,2.06548,2.06585,1.00,1.00
2016.01.12 11:27:36.293,2.06551,2.06585,1.00,1.00
2016.01.12 11:27:36.395,2.06552,2.06587,1.00,1.50
2016.01.12 11:27:36.497,2.06552,2.06587,1.50,1.00
2016.01.12 11:27:36.774,2.06555,2.0659,1.00,1.00
2016.01.12 11:27:36.876,2.06557,2.0659,1.00,1.00
2016.01.12 11:27:38.500,2.06557,2.06587,1.00,1.00
2016.01.12 11:27:38.551,2.06555,2.06589,1.00,1.37
2016.01.12 11:27:38.601,2.06553,2.06585,1.37,1.00
2016.01.12 11:27:38.854,2.06556,2.0659,1.00,1.00
2016.01.12 11:27:39.457,2.0656,2.06596,1.00,1.75
2016.01.12 11:27:40.718,2.06558,2.06594,1.50,1.37
2016.01.12 11:27:42.967,2.06558,2.06592,1.00,1.00
2016.01.12 11:27:45.605,2.06558,2.06592,1.37,1.00
2016.01.12 11:27:45.908,2.06567,2.06601,1.00,1.50
2016.01.12 11:27:46.110,2.06569,2.06601,1.00,1.50
2016.01.12 11:27:46.309,2.06569,2.06604,1.00,1.00
2016.01.12 11:27:46.885,2.06578,2.06604,1.00,1.00
2016.01.12 11:27:46.936,2.06578,2.06606,1.37,1.00
2016.01.12 11:27:46.987,2.06578,2.06612,1.37,1.50
2016.01.12 11:27:47.038,2.06584,2.06612,1.00,1.00
2016.01.12 11:27:47.088,2.06584,2.06617,1.00,1.87
2016.01.12 11:27:47.259,2.0658,2.06617,1.00,1.87
2016.01.12 11:27:47.613,2.06584,2.06621,1.00,2.25
2016.01.12 11:27:47.714,2.06584,2.06621,1.50,1.00
2016.01.12 11:27:49.879,2.06586,2.06621,1.00,1.00
2016.01.12 11:27:50.385,2.06584,2.06621,1.50,1.00
2016.01.12 11:27:50.437,2.06583,2.06618,1.75,1.00
2016.01.12 11:27:51.000,2.06579,2.06615,1.75,1.00
2016.01.12 11:27:51.203,2.06584,2.06619,1.00,1.00
2016.01.12 11:27:51.441,2.0658,2.06622,1.50,3.00
2016.01.12 11:27:52.207,2.0658,2.06622,1.00,2.25
2016.01.12 11:27:53.252,2.0658,2.06612,1.00,1.00
2016.01.12 11:27:53.303,2.06573,2.06612,1.00,1.50
2016.01.12 11:27:53.404,2.06569,2.06609,1.75,1.00
2016.01.12 11:27:53.505,2.06568,2.06608,1.50,1.50
2016.01.12 11:27:53.963,2.06568,2.06607,1.50,1.12
2016.01.12 11:27:54.267,2.06579,2.06618,1.00,1.75
2016.01.12 11:27:54.420,2.06582,2.06621,1.87,1.00
2016.01.12 11:27:54.962,2.06583,2.06622,1.37,1.00
2016.01.12 11:27:55.269,2.06587,2.06622,1.00,1.00
2016.01.12 11:27:55.473,2.06585,2.06622,1.00,1.00
2016.01.12 11:27:56.129,2.06588,2.06622,1.00,1.00
2016.01.12 11:27:56.584,2.06586,2.06622,1.00,1.00
2016.01.12 11:27:56.988,2.06582,2.06623,1.50,1.12
2016.01.12 11:27:57.090,2.06581,2.06623,2.25,2.25
2016.01.12 11:27:57.241,2.06581,2.0662,1.00,1.12
2016.01.12 11:27:57.779,2.0659,2.06626,1.00,2.25
2016.01.12 11:27:57.930,2.0659,2.06626,1.00,2.25
2016.01.12 11:27:58.479,2.06588,2.06626,1.00,2.25
2016.01.12 11:28:00.570,2.06588,2.06625,1.37,1.50
2016.01.12 11:28:00.694,2.06588,2.06626,1.00,1.75
2016.01.12 11:28:00.746,2.06584,2.06626,1.50,2.25
2016.01.12 11:28:00.797,2.06585,2.06626,1.37,1.75
2016.01.12 11:28:00.898,2.06585,2.06622,1.00,1.00
2016.01.12 11:28:00.949,2.06585,2.06617,1.00,1.00
2016.01.12 11:28:01.151,2.06598,2.06634,1.00,1.00
2016.01.12 11:28:01.689,2.06597,2.06633,1.00,1.00
2016.01.12 11:28:02.096,2.06593,2.06626,1.75,1.00
2016.01.12 11:28:02.248,2.06584,2.06619,1.50,1.00
2016.01.12 11:28:02.450,2.06582,2.06618,1.00,1.12
2016.01.12 11:28:02.649,2.06584,2.06621,1.00,1.75
2016.01.12 11:28:02.751,2.06588,2.06624,1.00,1.12
2016.01.12 11:28:02.852,2.0659,2.06626,1.00,2.25
2016.01.12 11:28:03.156,2.06595,2.06625,1.00,1.50
2016.01.12 11:28:03.666,2.06594,2.0663,1.00,1.75
2016.01.12 11:28:06.262,2.0659,2.06624,1.00,1.12
2016.01.12 11:28:06.363,2.06587,2.06624,1.00,1.87
2016.01.12 11:28:08.141,2.06588,2.06624,1.00,1.12
2016.01.12 11:28:08.916,2.06602,2.06624,1.00,1.12
2016.01.12 11:28:09.118,2.06611,2.06638,1.00,1.75
2016.01.12 11:28:09.169,2.06611,2.06645,1.00,1.87
2016.01.12 11:28:09.475,2.06614,2.06646,1.00,1.75
2016.01.12 11:28:09.578,2.06618,2.06652,1.00,1.75
2016.01.12 11:28:09.629,2.06618,2.06652,1.00,1.50
2016.01.12 11:28:09.680,2.06618,2.06652,1.00,1.12
2016.01.12 11:28:09.832,2.06618,2.06649,1.00,1.00
2016.01.12 11:28:09.882,2.06615,2.06649,1.00,1.00
2016.01.12 11:28:10.135,2.06612,2.06648,1.00,1.12
2016.01.12 11:28:10.468,2.06609,2.06648,1.00,1.12
2016.01.12 11:28:10.569,2.06609,2.06646,1.00,1.00
2016.01.12 11:28:10.670,2.06607,2.06646,1.12,1.00
2016.01.12 11:28:11.175,2.06607,2.06647,1.12,1.00
2016.01.12 11:28:11.225,2.06606,2.06642,1.12,1.12
2016.01.12 11:28:11.586,2.06603,2.06642,1.00,1.12
2016.01.12 11:28:12.737,2.06602,2.06642,1.50,1.12
2016.01.12 11:28:13.297,2.06605,2.06642,1.00,1.12
2016.01.12 11:28:13.824,2.06606,2.06644,1.00,1.75
2016.01.12 11:28:17.205,2.06605,2.06644,1.00,1.75
2016.01.12 11:28:17.739,2.06607,2.06644,1.00,1.75
2016.01.12 11:28:19.177,2.06606,2.06644,1.00,1.75
2016.01.12 11:28:21.040,2.06603,2.06643,1.00,1.50
2016.01.12 11:28:21.243,2.06602,2.06638,1.50,1.00
2016.01.12 11:28:21.445,2.06593,2.06632,1.00,1.50
2016.01.12 11:28:21.496,2.0659,2.06631,1.50,1.00
2016.01.12 11:28:21.648,2.06589,2.06626,2.25,1.00
2016.01.12 11:28:22.560,2.06589,2.06625,2.25,1.00
2016.01.12 11:28:22.863,2.06581,2.06611,1.50,1.00
2016.01.12 11:28:22.914,2.06582,2.06611,1.00,1.00
2016.01.12 11:28:22.965,2.06582,2.06621,3.00,1.37
2016.01.12 11:28:23.016,2.06582,2.06623,2.62,1.00
2016.01.12 11:28:23.117,2.06582,2.06621,1.75,1.00
2016.01.12 11:28:23.876,2.06581,2.06615,1.75,1.00
2016.01.12 11:28:26.694,2.06586,2.06617,1.37,1.00
2016.01.12 11:28:26.846,2.06594,2.06631,1.87,1.50
2016.01.12 11:28:33.520,2.06594,2.06635,2.25,1.37
2016.01.12 11:28:34.021,2.06594,2.06633,2.25,1.00
2016.01.12 11:28:35.819,2.06597,2.06633,1.00,1.00
2016.01.12 11:28:36.380,2.06602,2.06635,1.00,1.00
2016.01.12 11:28:36.683,2.06616,2.06654,1.00,1.87
2016.01.12 11:28:36.734,2.06614,2.06647,1.00,1.00
2016.01.12 11:28:36.835,2.06616,2.06655,1.00,1.75
2016.01.12 11:28:37.087,2.06622,2.06654,1.00,1.50
2016.01.12 11:28:37.138,2.06615,2.06654,1.00,1.50
2016.01.12 11:28:37.189,2.06611,2.06653,2.25,1.37
2016.01.12 11:28:37.391,2.06611,2.06649,2.25,1.00
2016.01.12 11:28:38.162,2.0661,2.06648,1.75,1.00
2016.01.12 11:28:38.691,2.0661,2.06647,1.75,1.00
2016.01.12 11:28:41.250,2.0661,2.06651,1.75,1.50
2016.01.12 11:28:45.263,2.06611,2.06652,2.25,1.12
2016.01.12 11:28:45.820,2.0661,2.06648,1.75,1.00
2016.01.12 11:28:45.972,2.0661,2.06648,1.00,1.75
2016.01.12 11:28:48.637,2.06607,2.06646,1.50,1.12
2016.01.12 11:28:48.839,2.06609,2.06646,1.00,1.12
2016.01.12 11:28:49.643,2.06608,2.06646,1.50,1.12
2016.01.12 11:28:50.189,2.06609,2.06647,1.00,1.50
2016.01.12 11:28:50.493,2.06603,2.06644,1.75,1.00
2016.01.12 11:28:51.001,2.06602,2.06645,2.25,2.25
2016.01.12 11:28:51.849,2.06602,2.06642,1.87,1.37
2016.01.12 11:28:51.899,2.06602,2.06639,1.50,1.50
2016.01.12 11:28:52.001,2.066,2.06636,1.37,1.00
2016.01.12 11:28:52.304,2.06597,2.06633,2.25,1.00
2016.01.12 11:28:52.768,2.06599,2.06636,1.50,1.50
2016.01.12 11:28:52.869,2.06601,2.06639,2.25,1.50
2016.01.12 11:28:53.021,2.06603,2.06639,1.00,1.50
2016.01.12 11:28:53.555,2.06602,2.06639,1.00,1.50
2016.01.12 11:28:56.116,2.06601,2.06639,1.12,1.50
2016.01.12 11:28:56.420,2.06593,2.0663,1.50,1.00
2016.01.12 11:28:56.971,2.06595,2.06631,1.00,1.00
2016.01.12 11:28:58.182,2.06597,2.06632,1.00,1.50
2016.01.12 11:28:59.234,2.06595,2.06631,1.00,1.00
2016.01.12 11:28:59.487,2.06597,2.06631,1.00,1.00
2016.01.12 11:29:00.035,2.06597,2.06632,1.50,1.00
2016.01.12 11:29:00.384,2.066,2.06632,1.75,1.00
2016.01.12 11:29:00.587,2.06613,2.06649,1.00,1.50
2016.01.12 11:29:00.689,2.06613,2.06649,1.50,1.00
2016.01.12 11:29:00.740,2.06616,2.06653,1.50,1.87
2016.01.12 11:29:00.791,2.06616,2.06648,1.00,1.50
2016.01.12 11:29:00.841,2.06611,2.06648,1.87,1.50
2016.01.12 11:29:01.344,2.06611,2.06648,1.50,1.50
2016.01.12 11:29:02.594,2.06613,2.06648,1.00,1.00
2016.01.12 11:29:02.746,2.0661,2.06647,1.50,1.00
2016.01.12 11:29:03.167,2.06609,2.06644,1.00,1.00
2016.01.12 11:29:03.699,2.06608,2.06644,1.00,1.00
2016.01.12 11:29:04.302,2.06609,2.06644,1.00,1.00
2016.01.12 11:29:05.217,2.06607,2.06644,2.25,1.50
2016.01.12 11:29:05.268,2.06607,2.06641,1.00,1.00
2016.01.12 11:29:05.572,2.06601,2.06635,1.00,1.50
2016.01.12 11:29:06.114,2.06601,2.06634,1.00,1.00
2016.01.12 11:29:06.621,2.06601,2.06635,1.00,1.00
2016.01.12 11:29:08.228,2.066,2.06635,1.00,1.00
2016.01.12 11:29:08.581,2.06602,2.06635,1.00,1.00
2016.01.12 11:29:08.682,2.066,2.06635,1.00,1.00
2016.01.12 11:29:09.419,2.06603,2.06635,1.00,1.00
2016.01.12 11:29:09.520,2.06605,2.06643,1.50,1.00
2016.01.12 11:29:10.182,2.06606,2.06643,1.12,1.00
2016.01.12 11:29:10.706,2.06606,2.06643,1.87,1.00
2016.01.12 11:29:11.900,2.06609,2.06643,1.00,1.00
2016.01.12 11:29:12.152,2.06618,2.06654,1.50,1.00
2016.01.12 11:29:12.203,2.0662,2.06657,1.00,1.00
2016.01.12 11:29:12.254,2.06618,2.06654,2.25,1.00
2016.01.12 11:29:12.557,2.0662,2.06654,1.00,1.00
2016.01.12 11:29:16.027,2.06618,2.06654,1.12,1.00
2016.01.12 11:29:16.229,2.0662,2.06654,1.00,1.00
2016.01.12 11:29:18.651,2.06622,2.06654,1.00,1.00
2016.01.12 11:29:18.853,2.06619,2.06654,1.00,1.00
2016.01.12 11:29:20.182,2.06626,2.06657,1.00,1.00
2016.01.12 11:29:20.687,2.06625,2.06657,1.00,1.00
2016.01.12 11:29:20.916,2.06619,2.06657,1.00,1.50
2016.01.12 11:29:20.967,2.06618,2.06653,1.00,1.00
2016.01.12 11:29:24.122,2.06618,2.0665,1.00,1.00
2016.01.12 11:29:24.425,2.06607,2.0664,1.00,1.00
2016.01.12 11:29:24.942,2.06608,2.0664,1.12,1.00
2016.01.12 11:29:25.044,2.06611,2.0664,1.00,1.00
2016.01.12 11:29:25.658,2.06611,2.06643,1.00,1.50
2016.01.12 11:29:25.709,2.06611,2.06643,1.37,1.00
2016.01.12 11:29:25.812,2.06611,2.06643,1.00,1.00
2016.01.12 11:29:27.990,2.06607,2.06643,1.00,1.50
2016.01.12 11:29:28.106,2.06607,2.06639,1.00,1.00
2016.01.12 11:29:28.336,2.06607,2.06643,1.00,2.25
2016.01.12 11:29:32.089,2.06604,2.06638,1.00,1.00
2016.01.12 11:29:32.248,2.06598,2.06634,1.00,1.50
2016.01.12 11:29:32.400,2.06604,2.06637,1.00,1.12
2016.01.12 11:29:32.451,2.06604,2.0664,1.00,1.50
2016.01.12 11:29:32.501,2.06603,2.0664,1.87,1.00
2016.01.12 11:29:32.552,2.06608,2.06644,1.00,1.00
2016.01.12 11:29:34.178,2.06608,2.06641,1.00,1.00
2016.01.12 11:29:34.332,2.06602,2.06637,1.50,1.00
2016.01.12 11:29:34.844,2.06605,2.0664,1.00,1.00
2016.01.12 11:29:37.004,2.06602,2.06639,1.37,1.00
2016.01.12 11:29:38.862,2.06601,2.06638,1.75,1.00
2016.01.12 11:29:39.958,2.06601,2.06639,1.75,1.00
2016.01.12 11:29:40.261,2.0661,2.0664,1.00,1.00
2016.01.12 11:29:40.603,2.0661,2.06642,2.25,1.00
2016.01.12 11:29:42.884,2.06613,2.06649,1.12,1.00
2016.01.12 11:29:43.187,2.06616,2.06649,1.00,1.00
2016.01.12 11:29:43.713,2.06614,2.06649,1.00,1.00
2016.01.12 11:29:43.865,2.06616,2.06651,1.00,1.00
2016.01.12 11:29:44.371,2.06617,2.06651,1.12,1.00
2016.01.12 11:29:44.731,2.06619,2.06651,1.00,1.00
2016.01.12 11:29:45.787,2.0662,2.06651,1.00,1.00
2016.01.12 11:29:46.251,2.06619,2.06655,1.00,1.00
2016.01.12 11:29:50.867,2.06622,2.06655,1.00,1.00
2016.01.12 11:29:51.214,2.06619,2.06655,1.50,1.00
2016.01.12 11:29:51.619,2.06622,2.06655,1.00,1.00
2016.01.12 11:29:51.670,2.06622,2.06658,1.00,1.12
2016.01.12 11:29:52.175,2.06623,2.06658,1.00,1.12
2016.01.12 11:29:52.975,2.06621,2.06658,1.00,1.12
2016.01.12 11:29:53.328,2.06619,2.06655,1.00,1.00
2016.01.12 11:29:54.857,2.06619,2.06655,1.37,1.00
2016.01.12 11:29:54.908,2.06621,2.06658,1.00,1.12
2016.01.12 11:29:54.986,2.06623,2.06658,1.00,1.12
2016.01.12 11:29:55.390,2.06627,2.0666,1.37,1.00
2016.01.12 11:29:55.491,2.06632,2.06666,1.00,1.00
2016.01.12 11:29:55.542,2.06632,2.06663,1.00,1.00
2016.01.12 11:29:58.413,2.06627,2.06663,1.00,1.00
2016.01.12 11:29:58.918,2.06627,2.06662,1.00,1.00
2016.01.12 11:29:59.501,2.06624,2.06661,1.00,1.00
2016.01.12 11:30:00.705,2.06625,2.06661,1.00,1.00
2016.01.12 11:30:00.756,2.06628,2.06661,1.00,1.00
2016.01.12 11:30:01.125,2.06625,2.06661,1.00,1.00
2016.01.12 11:30:01.327,2.06627,2.06664,1.00,1.12
2016.01.12 11:30:01.407,2.06629,2.06664,1.00,1.12
2016.01.12 11:30:03.358,2.0663,2.06664,1.00,1.12
2016.01.12 11:30:03.408,2.06627,2.06664,1.00,1.12
2016.01.12 11:30:05.028,2.06632,2.06664,1.00,1.12
2016.01.12 11:30:05.079,2.06633,2.0667,1.00,1.37
2016.01.12 11:30:05.130,2.06639,2.0667,1.00,1.37
2016.01.12 11:30:05.181,2.06639,2.06674,1.50,1.00
2016.01.12 11:30:05.232,2.06639,2.06676,2.25,1.00
2016.01.12 11:30:05.327,2.06639,2.06676,3.00,1.00
2016.01.12 11:30:05.378,2.06647,2.06682,1.00,1.00
2016.01.12 11:30:05.429,2.06649,2.06682,1.12,1.00
2016.01.12 11:30:05.682,2.0666,2.06702,1.12,3.00
2016.01.12 11:30:05.833,2.06656,2.06696,2.62,1.00
2016.01.12 11:30:06.137,2.06658,2.06693,1.00,1.50
2016.01.12 11:30:06.656,2.06656,2.06693,1.00,1.00
2016.01.12 11:30:07.161,2.06653,2.06693,1.50,1.00
2016.01.12 11:30:07.363,2.06652,2.06689,1.75,1.00
2016.01.12 11:30:07.514,2.0665,2.06689,1.00,1.50
2016.01.12 11:30:08.004,2.06649,2.06685,1.00,1.37
2016.01.12 11:30:08.307,2.0664,2.06681,1.50,1.50
2016.01.12 11:30:08.409,2.0664,2.06681,1.12,2.25
2016.01.12 11:30:08.711,2.06637,2.06679,1.75,1.00
2016.01.12 11:30:11.809,2.06638,2.06679,1.75,1.37
2016.01.12 11:30:12.848,2.06642,2.06681,1.00,1.12
2016.01.12 11:30:13.352,2.06643,2.06681,1.00,1.12
2016.01.12 11:30:13.403,2.06642,2.06679,1.00,1.00
2016.01.12 11:30:13.916,2.06643,2.06679,1.00,1.00
2016.01.12 11:30:14.522,2.06642,2.06679,1.00,1.00
2016.01.12 11:30:14.724,2.06642,2.06682,1.50,1.50
2016.01.12 11:30:15.229,2.06642,2.0668,1.50,1.00
2016.01.12 11:30:15.926,2.06643,2.0668,1.00,1.00
2016.01.12 11:30:18.019,2.06646,2.0668,1.00,1.00
2016.01.12 11:30:18.485,2.06648,2.06684,1.00,1.75
2016.01.12 11:30:18.788,2.06642,2.06668,1.75,1.00
2016.01.12 11:30:18.940,2.06618,2.0666,1.75,1.37
2016.01.12 11:30:19.235,2.06618,2.06657,1.50,1.00
2016.01.12 11:30:19.487,2.06621,2.06657,1.00,1.00
2016.01.12 11:30:19.689,2.06618,2.06657,1.50,1.00
2016.01.12 11:30:19.891,2.06614,2.06654,2.25,1.00
2016.01.12 11:30:21.351,2.06613,2.06652,2.25,1.00
2016.01.12 11:30:21.949,2.06612,2.06651,1.75,1.00
2016.01.12 11:30:22.051,2.06613,2.06652,1.12,1.12
2016.01.12 11:30:22.102,2.06613,2.06649,1.12,1.00
2016.01.12 11:30:22.953,2.06608,2.06649,1.00,1.75
2016.01.12 11:30:23.206,2.06611,2.06648,1.00,1.50
2016.01.12 11:30:23.509,2.06599,2.06639,1.37,1.87
2016.01.12 11:30:23.560,2.066,2.06635,1.00,1.00
2016.01.12 11:30:23.762,2.066,2.06638,1.00,1.00
2016.01.12 11:30:24.194,2.066,2.06633,1.00,1.00
2016.01.12 11:30:24.648,2.06607,2.06637,1.00,1.37
2016.01.12 11:30:24.750,2.06607,2.06639,1.00,1.50
2016.01.12 11:30:25.316,2.06601,2.06639,1.37,1.00
2016.01.12 11:30:25.367,2.06601,2.06639,1.00,1.00
2016.01.12 11:30:25.851,2.06599,2.06638,1.12,1.00
2016.01.12 11:30:25.952,2.06601,2.0664,1.00,1.87
2016.01.12 11:30:26.507,2.06597,2.06635,2.25,1.00
2016.01.12 11:30:26.759,2.06594,2.06632,1.00,1.12
2016.01.12 11:30:28.587,2.06598,2.06634,1.00,1.75
2016.01.12 11:30:28.839,2.06596,2.06634,1.00,1.75
2016.01.12 11:30:29.360,2.06595,2.06636,1.50,1.75
2016.01.12 11:30:29.555,2.06597,2.06638,1.00,2.25
2016.01.12 11:30:29.808,2.06595,2.06637,1.00,1.75
2016.01.12 11:30:30.447,2.06597,2.06638,1.00,2.25
2016.01.12 11:30:30.750,2.06606,2.06647,1.00,1.75
2016.01.12 11:30:30.812,2.06609,2.06648,1.00,2.25
2016.01.12 11:30:30.863,2.06609,2.06651,2.25,1.12
2016.01.12 11:30:31.115,2.06615,2.06653,1.00,1.75
2016.01.12 11:30:31.166,2.06615,2.06656,1.87,1.50
2016.01.12 11:30:31.268,2.06618,2.06659,1.00,1.75
2016.01.12 11:30:31.369,2.06616,2.06657,1.75,1.00
2016.01.12 11:30:31.571,2.06615,2.06655,1.75,1.00
2016.01.12 11:30:33.466,2.06616,2.06652,1.75,1.37
2016.01.12 11:30:33.668,2.06611,2.06646,1.75,1.00
2016.01.12 11:30:34.223,2.06612,2.06645,1.75,1.00
2016.01.12 11:30:35.497,2.06616,2.06645,1.00,1.00
2016.01.12 11:30:35.548,2.06616,2.06648,1.00,1.12
2016.01.12 11:30:35.750,2.06616,2.06645,1.00,1.00
2016.01.12 11:30:36.124,2.06612,2.06645,1.75,1.00
2016.01.12 11:30:36.175,2.06606,2.06643,2.25,1.37
2016.01.12 11:30:36.681,2.06608,2.06643,1.00,1.87
2016.01.12 11:30:37.082,2.06615,2.06643,1.00,1.00
2016.01.12 11:30:37.327,2.06628,2.06657,1.00,1.00
2016.01.12 11:30:37.429,2.06629,2.06662,1.50,1.00
2016.01.12 11:30:37.480,2.06639,2.06662,1.00,1.00
2016.01.12 11:30:37.632,2.06638,2.06669,1.00,1.00
2016.01.12 11:30:37.683,2.06632,2.06669,2.25,1.00
2016.01.12 11:30:37.885,2.06632,2.06669,2.25,1.00
2016.01.12 11:30:38.949,2.06632,2.0667,3.00,1.00
2016.01.12 11:30:41.501,2.06636,2.06672,1.50,1.00
2016.01.12 11:30:41.704,2.06647,2.06682,1.00,1.12
2016.01.12 11:30:42.231,2.06646,2.06682,1.00,1.12
2016.01.12 11:30:42.585,2.06648,2.06682,1.00,1.12
2016.01.12 11:30:42.888,2.06646,2.06685,1.00,2.25
2016.01.12 11:30:43.427,2.06648,2.06686,1.00,2.25
2016.01.12 11:30:43.761,2.06648,2.06689,1.50,1.50
2016.01.12 11:30:44.666,2.06648,2.06686,1.50,1.00
2016.01.12 11:30:44.919,2.06643,2.06683,1.50,1.50
2016.01.12 11:30:45.222,2.06642,2.0668,1.75,1.00
2016.01.12 11:30:45.575,2.06642,2.06679,1.00,1.50
2016.01.12 11:30:46.080,2.06643,2.06679,1.00,1.50
2016.01.12 11:30:48.206,2.06641,2.06677,1.00,1.12
2016.01.12 11:30:48.407,2.06643,2.06677,1.00,1.12
2016.01.12 11:30:50.838,2.06643,2.06678,1.37,1.37
2016.01.12 11:30:51.041,2.06648,2.06685,1.75,1.00
2016.01.12 11:30:51.142,2.06651,2.06687,1.00,1.00
2016.01.12 11:30:51.244,2.06649,2.06689,1.50,1.00
2016.01.12 11:30:51.749,2.06649,2.06688,2.25,1.00
2016.01.12 11:30:51.850,2.06649,2.06684,1.50,1.37
2016.01.12 11:30:51.901,2.06643,2.06682,1.87,1.00
2016.01.12 11:30:52.003,2.06643,2.06678,1.12,1.00
2016.01.12 11:30:52.104,2.06636,2.06677,2.25,1.50
2016.01.12 11:30:52.256,2.06636,2.06673,1.50,1.00
2016.01.12 11:30:52.784,2.06637,2.06673,1.00,1.00
2016.01.12 11:30:53.440,2.06638,2.06675,1.00,1.00
2016.01.12 11:30:53.593,2.06638,2.06677,1.12,1.00
2016.01.12 11:30:53.643,2.06638,2.06677,1.37,1.00
2016.01.12 11:30:53.953,2.06646,2.06682,1.00,1.50
2016.01.12 11:30:55.308,2.06647,2.06682,1.00,1.00
2016.01.12 11:30:56.188,2.06646,2.06683,1.50,1.00
2016.01.12 11:30:56.289,2.06646,2.06683,1.00,1.50
2016.01.12 11:30:56.650,2.06642,2.06672,1.50,1.00
2016.01.12 11:30:56.902,2.06624,2.0666,1.50,1.00
2016.01.12 11:30:57.123,2.06619,2.06661,1.12,1.37
2016.01.12 11:30:57.174,2.0662,2.06662,1.12,2.25
2016.01.12 11:31:00.484,2.06618,2.06657,1.50,1.00
2016.01.12 11:31:01.265,2.06618,2.06655,1.50,1.00
2016.01.12 11:31:01.366,2.06618,2.06657,2.25,1.00
2016.01.12 11:31:01.871,2.0662,2.06658,1.12,1.00
2016.01.12 11:31:02.388,2.0662,2.06659,1.12,1.00
2016.01.12 11:31:03.784,2.06618,2.06657,1.50,1.00
2016.01.12 11:31:03.914,2.0662,2.06659,1.12,1.00
2016.01.12 11:31:08.411,2.0662,2.06661,1.12,1.87
2016.01.12 11:31:09.871,2.06626,2.06661,1.00,1.37
2016.01.12 11:31:10.402,2.06626,2.06659,1.12,1.00
2016.01.12 11:31:16.455,2.06621,2.06657,2.25,1.00
2016.01.12 11:31:16.506,2.06621,2.06657,1.87,1.37
2016.01.12 11:31:16.607,2.06619,2.06654,1.50,1.00
2016.01.12 11:31:19.270,2.06622,2.06655,1.00,1.50
2016.01.12 11:31:19.573,2.06625,2.06655,1.00,1.00
2016.01.12 11:31:19.624,2.06627,2.06659,1.37,1.00
2016.01.12 11:31:20.027,2.06628,2.06655,1.12,1.00
2016.01.12 11:31:20.078,2.06619,2.06655,2.62,1.00
2016.01.12 11:31:20.175,2.06618,2.0665,1.50,1.00
2016.01.12 11:31:20.277,2.06609,2.06646,1.12,1.00
2016.01.12 11:31:20.328,2.06615,2.06646,1.00,1.00
2016.01.12 11:31:20.429,2.06609,2.06646,1.12,1.00
2016.01.12 11:31:20.833,2.06611,2.06646,1.00,1.00
2016.01.12 11:31:21.154,2.06615,2.06649,1.00,1.00
2016.01.12 11:31:21.256,2.06615,2.06651,1.50,1.00
2016.01.12 11:31:21.761,2.06616,2.06651,1.00,1.00
2016.01.12 11:31:22.271,2.06618,2.06651,1.00,1.00
2016.01.12 11:31:24.279,2.06621,2.06651,1.00,1.00
2016.01.12 11:31:24.482,2.06618,2.06651,1.00,1.00
2016.01.12 11:31:24.684,2.06622,2.06656,1.00,1.00
2016.01.12 11:31:26.192,2.06622,2.06658,1.12,1.00
2016.01.12 11:31:30.433,2.06623,2.06658,1.00,1.00
2016.01.12 11:31:30.685,2.06629,2.06658,1.00,1.00
2016.01.12 11:31:30.737,2.06629,2.06664,1.50,1.37
2016.01.12 11:31:30.788,2.0663,2.06665,1.12,1.00
2016.01.12 11:31:30.918,2.06632,2.06667,1.00,1.00
2016.01.12 11:31:31.221,2.06623,2.06657,1.37,1.00
2016.01.12 11:31:31.525,2.06617,2.06652,1.75,1.00
2016.01.12 11:31:31.677,2.06616,2.06651,1.00,1.00
2016.01.12 11:31:33.483,2.06615,2.06651,1.50,1.00
2016.01.12 11:31:34.449,2.06615,2.06651,1.37,1.00
2016.01.12 11:31:34.752,2.0663,2.06666,1.50,1.00
2016.01.12 11:31:34.803,2.06634,2.06666,1.00,1.00
2016.01.12 11:31:34.955,2.06629,2.06666,2.25,1.00
2016.01.12 11:31:35.542,2.06629,2.06664,1.75,1.00
2016.01.12 11:31:35.795,2.06624,2.06659,1.00,1.50
2016.01.12 11:31:35.896,2.06622,2.06657,1.00,1.00
2016.01.12 11:31:36.441,2.06621,2.06657,1.12,1.00
2016.01.12 11:31:36.744,2.06619,2.06654,1.75,1.00
2016.01.12 11:31:38.103,2.06619,2.06647,1.00,1.00
2016.01.12 11:31:38.204,2.06614,2.06643,1.00,1.00
2016.01.12 11:31:38.255,2.06609,2.06643,1.00,1.00
2016.01.12 11:31:38.356,2.06609,2.06645,1.00,1.00
2016.01.12 11:31:40.849,2.06609,2.06646,1.00,1.00
2016.01.12 11:31:41.221,2.06611,2.06646,1.00,1.00
2016.01.12 11:31:41.524,2.06617,2.0665,1.37,1.00
2016.01.12 11:31:41.777,2.06618,2.0665,1.00,1.00
2016.01.12 11:31:42.529,2.06619,2.0665,1.00,1.00
2016.01.12 11:31:43.086,2.0662,2.06653,1.00,1.00
2016.01.12 11:31:43.288,2.06622,2.06653,1.00,1.00
2016.01.12 11:31:43.798,2.06621,2.06653,1.00,1.00
2016.01.12 11:31:43.950,2.06615,2.06652,1.50,1.00
2016.01.12 11:31:44.503,2.06615,2.06651,1.50,1.00
2016.01.12 11:31:44.806,2.06618,2.06653,1.00,1.00
2016.01.12 11:31:45.109,2.06624,2.06653,1.00,1.00
2016.01.12 11:31:45.267,2.06622,2.06653,1.00,1.00
2016.01.12 11:31:45.469,2.06624,2.06653,1.00,1.00
2016.01.12 11:31:45.620,2.06621,2.06653,1.00,1.00
2016.01.12 11:31:45.772,2.06621,2.06653,1.75,1.00
2016.01.12 11:31:46.276,2.06617,2.06649,1.12,1.00
2016.01.12 11:31:47.379,2.06618,2.06649,1.00,1.00
2016.01.12 11:31:47.430,2.0662,2.06649,2.25,1.00
2016.01.12 11:31:47.481,2.06623,2.06655,1.00,1.00
2016.01.12 11:31:47.532,2.06623,2.06659,2.62,1.00
2016.01.12 11:31:48.037,2.06624,2.06658,1.00,1.00
2016.01.12 11:31:48.586,2.06625,2.06658,1.00,1.00
2016.01.12 11:31:48.688,2.06628,2.06658,1.00,1.00
2016.01.12 11:31:49.192,2.06629,2.06658,1.00,1.00
2016.01.12 11:31:49.701,2.06629,2.0666,1.00,1.00
2016.01.12 11:31:51.298,2.06628,2.0666,1.00,1.00
2016.01.12 11:31:51.858,2.06625,2.0666,1.00,1.00
2016.01.12 11:31:52.588,2.06629,2.0666,1.00,1.00
2016.01.12 11:31:53.126,2.06629,2.06663,1.00,1.00
2016.01.12 11:31:53.177,2.06631,2.06663,1.37,1.00
2016.01.12 11:31:53.480,2.06636,2.06665,1.00,1.00
2016.01.12 11:31:53.717,2.06647,2.06678,1.00,1.12
2016.01.12 11:31:53.869,2.06644,2.06677,1.00,1.50
2016.01.12 11:31:53.921,2.06644,2.06674,1.00,1.00
2016.01.12 11:31:53.972,2.06638,2.06673,1.00,1.00
2016.01.12 11:31:54.073,2.06633,2.06671,2.25,1.87
2016.01.12 11:31:54.174,2.06633,2.06666,1.50,1.00
2016.01.12 11:31:56.015,2.06635,2.06668,1.00,1.00
2016.01.12 11:31:56.328,2.0664,2.06671,1.00,1.00
2016.01.12 11:31:56.834,2.06635,2.0667,1.00,1.00
2016.01.12 11:31:57.338,2.06634,2.0667,1.00,1.00
2016.01.12 11:31:57.439,2.06633,2.06667,1.00,1.00
2016.01.12 11:31:59.526,2.06633,2.06668,1.50,1.00
2016.01.12 11:32:01.462,2.06633,2.06665,1.00,1.00
2016.01.12 11:32:02.779,2.06635,2.06665,1.00,1.00
2016.01.12 11:32:02.881,2.06635,2.06667,1.00,1.00
2016.01.12 11:32:02.982,2.06637,2.06667,1.37,1.00
2016.01.12 11:32:03.033,2.06642,2.06671,1.12,1.00
2016.01.12 11:32:03.084,2.06642,2.06669,1.00,1.00
2016.01.12 11:32:03.236,2.0663,2.06663,1.00,1.12
2016.01.12 11:32:03.287,2.06628,2.06656,1.50,1.00
2016.01.12 11:32:03.338,2.06625,2.06654,1.00,1.00
2016.01.12 11:32:03.389,2.06625,2.06657,1.00,1.00
2016.01.12 11:32:03.540,2.06628,2.06657,1.00,1.00
2016.01.12 11:32:03.849,2.06632,2.06657,1.00,1.00
2016.01.12 11:32:04.206,2.06629,2.06657,1.00,1.00
2016.01.12 11:32:04.725,2.06629,2.06657,1.50,1.00
2016.01.12 11:32:05.842,2.06629,2.06659,1.50,1.00
2016.01.12 11:32:06.705,2.06629,2.06659,1.87,1.00
2016.01.12 11:32:06.984,2.06634,2.06661,1.75,1.00
2016.01.12 11:32:07.489,2.06637,2.06662,1.00,1.00
2016.01.12 11:32:07.540,2.06639,2.06662,1.00,1.00
2016.01.12 11:32:07.843,2.06645,2.06662,1.50,1.00
2016.01.12 11:32:07.969,2.06645,2.0667,1.50,1.00
2016.01.12 11:32:08.392,2.06645,2.06668,1.50,1.00
2016.01.12 11:32:08.594,2.06621,2.06651,2.25,1.00
2016.01.12 11:32:08.645,2.06622,2.06647,1.12,1.00
2016.01.12 11:32:15.006,2.06618,2.06651,2.25,1.00
2016.01.12 11:32:21.250,2.06634,2.06653,1.00,1.00
2016.01.12 11:32:21.301,2.06634,2.06661,1.00,1.00
2016.01.12 11:32:21.351,2.06634,2.06665,1.37,1.00
2016.01.12 11:32:21.453,2.06642,2.06669,1.00,1.00
2016.01.12 11:32:21.503,2.06642,2.06667,1.00,1.00
2016.01.12 11:32:21.655,2.06629,2.06667,2.62,1.00
2016.01.12 11:32:21.706,2.06629,2.06667,1.87,1.00
2016.01.12 11:32:22.461,2.06638,2.06667,1.00,1.00
2016.01.12 11:32:22.764,2.06636,2.06667,1.50,1.00
2016.01.12 11:32:22.994,2.06638,2.06667,1.00,1.00
2016.01.12 11:32:23.681,2.06638,2.06668,1.00,1.00
2016.01.12 11:32:24.214,2.06637,2.06668,1.00,1.00
2016.01.12 11:32:24.717,2.06638,2.06668,1.00,1.00
2016.01.12 11:32:25.534,2.06638,2.06665,1.00,1.00
2016.01.12 11:32:26.613,2.06637,2.06665,1.00,1.00
2016.01.12 11:32:26.977,2.06635,2.06662,1.00,1.00
2016.01.12 11:32:27.280,2.06625,2.06655,1.00,1.00
2016.01.12 11:32:27.382,2.06625,2.06653,1.00,1.00
2016.01.12 11:32:27.533,2.06622,2.06653,1.00,1.12
2016.01.12 11:32:27.934,2.06624,2.06653,1.00,1.12
2016.01.12 11:32:29.832,2.06623,2.06653,1.12,1.12
2016.01.12 11:32:30.034,2.06617,2.06648,1.00,1.00
2016.01.12 11:32:30.163,2.06614,2.06648,1.12,1.00
2016.01.12 11:32:30.213,2.06612,2.06642,1.37,1.12
2016.01.12 11:32:30.314,2.0661,2.06642,1.00,1.37
2016.01.12 11:32:30.365,2.06608,2.06638,1.00,1.00
2016.01.12 11:32:30.567,2.06601,2.06632,1.00,1.00
2016.01.12 11:32:30.618,2.06603,2.06629,1.00,1.00
2016.01.12 11:32:30.720,2.06598,2.06629,2.62,1.00
2016.01.12 11:32:31.248,2.06599,2.06629,1.50,1.00
2016.01.12 11:32:31.905,2.06602,2.06629,1.00,1.00
2016.01.12 11:32:34.315,2.06599,2.06629,1.00,1.00
2016.01.12 11:32:35.403,2.06599,2.06631,1.00,1.00
2016.01.12 11:32:36.597,2.06598,2.06631,1.12,1.00
2016.01.12 11:32:36.698,2.06598,2.06628,1.12,1.00
2016.01.12 11:32:38.801,2.06595,2.0663,1.75,1.00
2016.01.12 11:32:38.852,2.06598,2.06635,1.12,1.00
2016.01.12 11:32:39.819,2.06608,2.06636,1.00,1.00
2016.01.12 11:32:39.870,2.06608,2.06639,1.00,1.00
2016.01.12 11:32:40.392,2.06609,2.06639,1.00,1.00
2016.01.12 11:32:45.020,2.0661,2.06639,1.00,1.00
2016.01.12 11:32:48.555,2.0661,2.06639,1.37,1.00
2016.01.12 11:32:48.657,2.06612,2.06642,1.37,1.00
2016.01.12 11:32:48.959,2.06616,2.06642,1.00,1.00
2016.01.12 11:32:49.938,2.06619,2.06642,1.00,1.00
2016.01.12 11:32:51.594,2.06615,2.06642,1.12,1.00
2016.01.12 11:32:54.260,2.06614,2.06642,1.00,1.00
2016.01.12 11:32:54.770,2.06615,2.06642,1.00,1.00
2016.01.12 11:32:57.539,2.06617,2.06642,1.00,1.00
2016.01.12 11:32:58.411,2.06613,2.06642,1.50,1.00
2016.01.12 11:32:58.462,2.06613,2.06647,1.87,1.00
2016.01.12 11:32:58.614,2.06622,2.06653,1.00,1.00
2016.01.12 11:32:58.766,2.06629,2.06653,1.00,1.00
2016.01.12 11:32:58.867,2.06624,2.06653,1.00,1.00
2016.01.12 11:32:59.336,2.06624,2.06653,1.00,1.37
2016.01.12 11:32:59.537,2.06598,2.06634,1.00,1.37
2016.01.12 11:32:59.638,2.06601,2.06634,1.00,2.25
2016.01.12 11:32:59.947,2.06607,2.06635,1.00,1.75
2016.01.12 11:33:00.300,2.06609,2.06634,1.00,1.50
2016.01.12 11:33:00.829,2.06604,2.06634,1.00,2.25
2016.01.12 11:33:01.828,2.066,2.06634,1.00,2.25
2016.01.12 11:33:01.880,2.066,2.06629,1.00,1.37
2016.01.12 11:33:01.931,2.06594,2.06629,1.00,1.50
2016.01.12 11:33:01.982,2.06593,2.06626,1.00,1.00
2016.01.12 11:33:02.134,2.06591,2.06626,1.00,1.00
2016.01.12 11:33:07.743,2.0659,2.06626,1.00,1.00
2016.01.12 11:33:08.472,2.0659,2.06626,1.00,1.37
2016.01.12 11:33:08.775,2.06597,2.06634,1.50,2.25
2016.01.12 11:33:09.085,2.06599,2.06633,1.12,1.75
2016.01.12 11:33:10.431,2.066,2.06634,1.00,1.75
2016.01.12 11:33:11.108,2.06599,2.06634,1.00,1.75
2016.01.12 11:33:12.385,2.06598,2.06632,1.00,1.75
2016.01.12 11:33:13.101,2.06598,2.06632,1.00,1.37
2016.01.12 11:33:13.500,2.066,2.06632,1.00,1.00
2016.01.12 11:33:14.017,2.06596,2.06632,1.50,1.00
2016.01.12 11:33:14.217,2.06596,2.06628,1.00,1.37
2016.01.12 11:33:14.470,2.06581,2.06616,1.00,1.37
2016.01.12 11:33:14.521,2.06579,2.06614,1.00,1.50
2016.01.12 11:33:14.572,2.06575,2.06613,1.37,1.00
2016.01.12 11:33:14.774,2.06575,2.06613,1.00,1.87
2016.01.12 11:33:15.077,2.06585,2.0662,1.37,1.75
2016.01.12 11:33:15.183,2.06592,2.06627,1.00,1.00
2016.01.12 11:33:15.233,2.06594,2.06627,1.00,1.00
2016.01.12 11:33:15.436,2.06594,2.06631,1.50,1.00
2016.01.12 11:33:15.537,2.06596,2.06627,1.00,1.00
2016.01.12 11:33:15.793,2.06596,2.0663,1.00,1.00
2016.01.12 11:33:16.253,2.06594,2.0663,1.00,1.00
2016.01.12 11:33:16.354,2.06593,2.06628,1.00,1.00
2016.01.12 11:33:17.625,2.06594,2.06629,1.00,1.00
2016.01.12 11:33:17.878,2.06596,2.06634,1.00,1.50
2016.01.12 11:33:18.751,2.06596,2.06632,1.50,1.00
2016.01.12 11:33:19.054,2.06599,2.06634,1.00,1.00
2016.01.12 11:33:21.876,2.06601,2.06634,1.00,1.00
2016.01.12 11:33:22.078,2.06594,2.06629,1.00,1.00
2016.01.12 11:33:22.129,2.06593,2.06629,1.37,1.37
2016.01.12 11:33:22.230,2.06589,2.06627,1.50,1.12
2016.01.12 11:33:22.534,2.06591,2.06627,1.00,1.87
2016.01.12 11:33:22.636,2.06589,2.06626,1.00,1.00
2016.01.12 11:33:22.737,2.06593,2.06627,1.00,1.12
2016.01.12 11:33:22.889,2.06597,2.06632,1.00,1.50
2016.01.12 11:33:22.939,2.066,2.06632,1.00,1.50
2016.01.12 11:33:23.414,2.06606,2.06635,1.37,1.00
2016.01.12 11:33:23.515,2.06608,2.0664,1.00,1.00
2016.01.12 11:33:23.617,2.06612,2.0664,1.00,1.00
2016.01.12 11:33:24.021,2.06612,2.06647,1.00,1.37
2016.01.12 11:33:24.562,2.06604,2.06628,1.37,1.95
2016.01.12 11:33:24.613,2.06599,2.06622,1.00,1.75
2016.01.12 11:33:24.664,2.06585,2.0661,1.67,1.00
2016.01.12 11:33:24.715,2.06584,2.0661,1.00,1.00
2016.01.12 11:33:24.817,2.06584,2.06606,1.00,1.37
2016.01.12 11:33:25.373,2.06584,2.06601,1.00,1.00
2016.01.12 11:33:26.043,2.06584,2.06601,1.00,1.37
2016.01.12 11:33:26.397,2.06565,2.06601,1.12,1.75
2016.01.12 11:33:28.405,2.0656,2.06602,1.00,1.75
2016.01.12 11:33:29.011,2.06562,2.06601,1.00,1.75
2016.01.12 11:33:29.110,2.0656,2.06599,1.00,1.50
2016.01.12 11:33:29.161,2.0656,2.06596,1.00,1.00
2016.01.12 11:33:29.615,2.06561,2.06601,1.12,1.00
2016.01.12 11:33:29.666,2.06558,2.06597,1.75,1.00
2016.01.12 11:33:30.634,2.06559,2.066,2.25,1.00
2016.01.12 11:33:30.887,2.06559,2.06596,1.75,1.00
2016.01.12 11:33:31.395,2.06559,2.06597,1.75,1.00
2016.01.12 11:33:31.849,2.06558,2.06593,1.75,1.00
2016.01.12 11:33:32.101,2.06559,2.06596,1.75,1.00
2016.01.12 11:33:32.303,2.06559,2.06593,1.75,1.00
2016.01.12 11:33:33.841,2.06559,2.06594,1.75,1.00
2016.01.12 11:33:34.396,2.06558,2.06597,1.75,1.00
2016.01.12 11:33:34.598,2.06558,2.06599,2.25,1.00
2016.01.12 11:33:35.104,2.06559,2.06598,1.75,1.00
2016.01.12 11:33:35.617,2.06558,2.06597,1.75,1.00
2016.01.12 11:33:35.969,2.06558,2.06595,1.75,1.00
2016.01.12 11:33:36.372,2.06558,2.06593,1.75,1.00
2016.01.12 11:33:36.625,2.06556,2.06593,1.00,1.00
2016.01.12 11:33:39.211,2.06556,2.0659,1.00,1.00
2016.01.12 11:33:39.463,2.06556,2.06592,1.00,1.00
2016.01.12 11:33:40.015,2.06556,2.06588,1.00,1.00
2016.01.12 11:33:40.344,2.06551,2.06588,1.00,1.12
2016.01.12 11:33:41.953,2.06548,2.06586,1.37,1.00
2016.01.12 11:33:42.486,2.06548,2.06585,1.37,1.00
2016.01.12 11:33:43.192,2.06549,2.06583,1.12,1.00
2016.01.12 11:33:45.061,2.06548,2.0658,1.37,1.00
2016.01.12 11:33:46.501,2.06546,2.06579,2.25,1.00
2016.01.12 11:33:46.703,2.06546,2.06586,2.25,1.00
2016.01.12 11:33:46.956,2.06547,2.06586,1.87,1.75
2016.01.12 11:33:47.057,2.0654,2.06577,2.25,1.00
2016.01.12 11:33:47.108,2.06547,2.06577,1.00,1.00
2016.01.12 11:33:47.566,2.0654,2.06579,1.00,1.87
2016.01.12 11:33:47.717,2.06533,2.06568,1.75,1.00
2016.01.12 11:33:48.020,2.0654,2.06579,1.00,1.12
2016.01.12 11:33:48.071,2.06547,2.06581,1.00,2.25
2016.01.12 11:33:48.172,2.06547,2.06581,1.00,1.00
2016.01.12 11:33:48.223,2.06545,2.06581,1.00,1.00
2016.01.12 11:33:48.274,2.0655,2.06586,1.00,1.50
2016.01.12 11:33:48.836,2.0655,2.06589,1.37,1.37
2016.01.12 11:33:48.887,2.06551,2.06589,1.00,1.00
2016.01.12 11:33:49.116,2.06553,2.0659,1.00,1.00
2016.01.12 11:33:49.419,2.06552,2.06586,1.00,2.25
2016.01.12 11:33:49.471,2.06549,2.06586,1.00,2.25
2016.01.12 11:33:50.127,2.06543,2.06584,1.75,1.12
2016.01.12 11:33:50.229,2.06542,2.0658,1.75,1.00
2016.01.12 11:33:50.279,2.0654,2.06577,1.50,1.50
2016.01.12 11:33:50.532,2.06537,2.06576,1.50,1.12
2016.01.12 11:33:56.050,2.0654,2.06576,1.00,1.50
2016.01.12 11:33:56.256,2.06532,2.06568,1.00,1.00
2016.01.12 11:33:56.821,2.06533,2.06571,1.00,1.75
2016.01.12 11:33:57.460,2.06533,2.06571,1.37,1.75
2016.01.12 11:33:57.562,2.06539,2.06574,1.00,1.00
2016.01.12 11:33:57.714,2.06537,2.06574,1.00,1.00
2016.01.12 11:34:00.326,2.06532,2.06567,1.75,1.00
2016.01.12 11:34:00.478,2.06533,2.06571,1.75,1.00
2016.01.12 11:34:02.978,2.06532,2.06567,1.75,1.00
2016.01.12 11:34:03.138,2.06531,2.06567,1.37,1.00
2016.01.12 11:34:03.189,2.06532,2.06564,1.00,1.00
2016.01.12 11:34:03.290,2.06525,2.06564,1.50,1.37
2016.01.12 11:34:03.341,2.06522,2.06558,1.75,1.00
2016.01.12 11:34:03.443,2.06532,2.06565,1.00,1.00
2016.01.12 11:34:03.648,2.0653,2.06567,1.00,1.75
2016.01.12 11:34:04.740,2.06525,2.06564,1.50,1.00
2016.01.12 11:34:05.287,2.06527,2.06566,1.00,1.50
2016.01.12 11:34:05.541,2.06527,2.06566,1.00,1.50
2016.01.12 11:34:05.693,2.06527,2.06566,1.00,1.75
2016.01.12 11:34:06.161,2.06523,2.06562,2.25,1.00
2016.01.12 11:34:06.464,2.06522,2.06558,1.00,1.00
2016.01.12 11:34:06.997,2.06522,2.06561,1.00,1.50
2016.01.12 11:34:08.002,2.06519,2.06559,1.37,1.12
2016.01.12 11:34:08.551,2.06517,2.06558,1.75,1.00
2016.01.12 11:34:08.602,2.06515,2.06555,1.75,1.00
2016.01.12 11:34:08.804,2.06514,2.06552,1.00,1.00
2016.01.12 11:34:08.905,2.06511,2.06552,1.50,1.50
2016.01.12 11:34:09.159,2.06511,2.06549,1.00,1.00
2016.01.12 11:34:09.704,2.06512,2.06551,1.00,1.00
2016.01.12 11:34:10.677,2.06514,2.06552,1.00,1.00
2016.01.12 11:34:12.253,2.06511,2.06552,1.50,1.50
2016.01.12 11:34:14.431,2.06511,2.06552,1.12,2.62
2016.01.12 11:34:14.533,2.06509,2.06547,1.00,1.50
2016.01.12 11:34:14.631,2.06507,2.06547,1.12,1.50
2016.01.12 11:34:14.733,2.0651,2.06547,1.00,1.50
2016.01.12 11:34:14.986,2.06506,2.06544,1.50,1.00
2016.01.12 11:34:15.087,2.06506,2.06547,1.50,2.25
2016.01.12 11:34:17.846,2.06508,2.06547,1.00,2.25
2016.01.12 11:34:18.661,2.06508,2.06547,1.87,1.12
2016.01.12 11:34:18.964,2.06527,2.06558,1.00,1.95
2016.01.12 11:34:19.065,2.06518,2.06551,1.00,1.75
2016.01.12 11:34:19.268,2.06506,2.06544,1.50,1.00
2016.01.12 11:34:19.874,2.06507,2.06544,1.37,1.00
2016.01.12 11:34:19.924,2.06509,2.06547,1.50,1.00
2016.01.12 11:34:20.026,2.06518,2.06547,1.00,1.00
2016.01.12 11:34:20.076,2.06518,2.06552,1.00,1.50
2016.01.12 11:34:20.683,2.06512,2.06551,1.00,1.37
2016.01.12 11:34:20.785,2.0651,2.06551,1.00,1.75
2016.01.12 11:34:20.907,2.06504,2.06544,1.75,1.00
2016.01.12 11:34:21.263,2.06504,2.06541,1.75,1.00
2016.01.12 11:34:21.818,2.06508,2.06545,1.00,1.12
2016.01.12 11:34:23.975,2.06509,2.06546,1.00,1.50
2016.01.12 11:34:24.480,2.06508,2.06546,1.00,1.50
2016.01.12 11:34:27.089,2.06511,2.06547,1.37,1.37
2016.01.12 11:34:27.191,2.06516,2.06551,1.00,1.50
2016.01.12 11:34:27.494,2.06508,2.06548,1.75,1.00
2016.01.12 11:34:27.596,2.06508,2.06548,1.75,1.12
2016.01.12 11:34:27.697,2.06509,2.0655,1.12,2.25
2016.01.12 11:34:27.848,2.06511,2.0655,1.00,1.75
2016.01.12 11:34:28.151,2.06526,2.0655,1.00,1.00
2016.01.12 11:34:28.202,2.06526,2.06557,1.00,1.50
2016.01.12 11:34:28.253,2.06526,2.06557,1.00,1.12
2016.01.12 11:34:28.404,2.06528,2.06558,1.00,1.50
2016.01.12 11:34:28.967,2.06526,2.06559,1.00,1.75
2016.01.12 11:34:29.068,2.06523,2.06558,1.00,1.50
2016.01.12 11:34:29.169,2.06523,2.06552,1.00,1.37
2016.01.12 11:34:29.271,2.06516,2.06552,1.00,1.75
2016.01.12 11:34:29.473,2.06513,2.06552,1.87,2.25
2016.01.12 11:34:29.583,2.06516,2.06552,1.00,1.75
2016.01.12 11:34:30.708,2.0652,2.06552,1.00,1.37
2016.01.12 11:34:30.760,2.0652,2.06552,1.00,1.00
2016.01.12 11:34:30.811,2.06517,2.06554,1.75,1.00
2016.01.12 11:34:30.912,2.06516,2.06554,1.00,1.50
2016.01.12 11:34:31.013,2.06514,2.06553,1.50,1.12
2016.01.12 11:34:33.266,2.06515,2.06553,1.12,1.12
2016.01.12 11:34:33.787,2.06514,2.06554,1.00,1.50
2016.01.12 11:34:34.321,2.06515,2.06554,1.00,1.50
2016.01.12 11:34:35.083,2.06514,2.06549,1.00,1.37
2016.01.12 11:34:35.185,2.0651,2.06547,1.00,1.00
2016.01.12 11:34:35.235,2.06509,2.06543,1.00,1.00
2016.01.12 11:34:38.094,2.06509,2.06544,1.00,1.00
2016.01.12 11:34:38.359,2.06509,2.06547,1.00,1.50
2016.01.12 11:34:40.402,2.06508,2.06547,1.00,1.50
2016.01.12 11:34:40.605,2.06518,2.06547,1.00,1.50
2016.01.12 11:34:40.757,2.06518,2.06551,1.37,1.00
2016.01.12 11:34:40.809,2.06523,2.06557,1.00,1.00
2016.01.12 11:34:41.011,2.06524,2.0656,1.00,1.00
2016.01.12 11:34:41.264,2.06529,2.06561,1.00,1.00
2016.01.12 11:34:41.578,2.06523,2.06561,1.00,1.00
2016.01.12 11:34:41.680,2.06523,2.06558,1.00,1.00
2016.01.12 11:34:41.835,2.06516,2.06554,1.00,1.87
2016.01.12 11:34:42.362,2.06514,2.06553,2.25,1.00
2016.01.12 11:34:43.381,2.06514,2.06552,1.50,1.00
2016.01.12 11:34:43.432,2.06522,2.06552,1.37,1.00
2016.01.12 11:34:43.483,2.06524,2.06561,1.00,1.37
2016.01.12 11:34:43.534,2.06524,2.06561,1.12,1.00
2016.01.12 11:34:43.585,2.06525,2.06565,1.00,1.87
2016.01.12 11:34:43.687,2.06527,2.06565,1.00,1.12
2016.01.12 11:34:43.990,2.06527,2.0656,1.00,1.00
2016.01.12 11:34:44.142,2.06524,2.0656,1.87,1.00
2016.01.12 11:34:44.775,2.06527,2.0656,1.00,1.00
2016.01.12 11:34:45.028,2.06524,2.0656,1.87,1.00
2016.01.12 11:34:45.325,2.06526,2.0656,1.00,1.00
2016.01.12 11:34:45.427,2.06524,2.0656,1.12,1.00
2016.01.12 11:34:45.884,2.06527,2.0656,1.00,1.00
2016.01.12 11:34:46.138,2.06534,2.0657,1.00,1.50
2016.01.12 11:34:46.995,2.06537,2.06573,1.00,1.37
2016.01.12 11:34:47.148,2.06543,2.06579,1.00,1.50
2016.01.12 11:34:47.300,2.06546,2.06581,1.00,1.75
2016.01.12 11:34:47.624,2.06549,2.06582,1.12,1.00
2016.01.12 11:34:47.938,2.06551,2.06582,1.00,1.00
2016.01.12 11:34:48.757,2.06547,2.06582,2.62,1.00
2016.01.12 11:34:50.314,2.06551,2.0659,1.00,1.75
2016.01.12 11:34:50.365,2.06552,2.0659,1.37,1.37
2016.01.12 11:34:50.463,2.06556,2.06595,1.50,1.50
2016.01.12 11:34:50.615,2.06554,2.06593,1.75,1.00
2016.01.12 11:34:50.919,2.06552,2.0659,1.75,1.50
2016.01.12 11:34:51.020,2.06551,2.06587,1.00,1.00
2016.01.12 11:34:51.074,2.06547,2.06583,1.75,1.00
2016.01.12 11:34:51.380,2.06548,2.06579,1.75,1.00
2016.01.12 11:34:52.123,2.06548,2.06579,1.00,1.00
2016.01.12 11:34:52.274,2.06547,2.06582,1.00,1.00
2016.01.12 11:34:52.376,2.06547,2.06586,1.00,1.50
2016.01.12 11:34:52.544,2.06553,2.06586,1.00,1.50
2016.01.12 11:34:52.847,2.06559,2.06594,1.12,1.00
2016.01.12 11:34:53.425,2.06559,2.06595,1.12,1.00
2016.01.12 11:34:55.247,2.06558,2.06596,1.50,1.00
2016.01.12 11:34:58.013,2.06558,2.06595,1.50,1.00
2016.01.12 11:35:01.180,2.06558,2.06596,1.50,1.00
2016.01.12 11:35:01.968,2.06558,2.06595,1.50,1.50
2016.01.12 11:35:02.069,2.06559,2.06591,1.12,1.00
2016.01.12 11:35:02.886,2.06558,2.06595,1.50,1.50
2016.01.12 11:35:07.573,2.06558,2.06594,1.50,1.00
2016.01.12 11:35:08.458,2.06556,2.06595,2.25,1.50
2016.01.12 11:35:11.058,2.06556,2.06595,2.25,1.00
2016.01.12 11:35:11.310,2.06556,2.06592,1.37,1.00
2016.01.12 11:35:11.640,2.06556,2.06596,1.37,1.12
2016.01.12 11:35:11.691,2.06557,2.06596,1.37,1.00
2016.01.12 11:35:11.995,2.06561,2.06596,1.00,1.00
2016.01.12 11:35:12.402,2.06557,2.06596,1.00,1.00
2016.01.12 11:35:12.630,2.06557,2.06593,1.00,1.00
2016.01.12 11:35:12.833,2.06554,2.06593,1.12,1.50
2016.01.12 11:35:12.934,2.06556,2.06593,1.00,1.50
2016.01.12 11:35:13.237,2.06546,2.06578,1.00,1.00
2016.01.12 11:35:13.288,2.06546,2.06584,1.00,1.00
2016.01.12 11:35:13.389,2.06546,2.06579,1.00,1.00
2016.01.12 11:35:13.662,2.06546,2.06581,1.00,1.00
2016.01.12 11:35:13.952,2.06546,2.06579,1.00,1.00
2016.01.12 11:35:14.369,2.06546,2.06582,1.00,1.00
2016.01.12 11:35:14.521,2.06546,2.06582,1.37,1.00
2016.01.12 11:35:14.672,2.06553,2.06592,1.50,1.50
2016.01.12 11:35:14.723,2.06556,2.06592,1.00,1.12
2016.01.12 11:35:14.925,2.06556,2.06588,1.00,1.00
2016.01.12 11:35:15.027,2.06552,2.06588,1.00,1.75
2016.01.12 11:35:15.128,2.06545,2.06579,1.75,1.00
2016.01.12 11:35:15.779,2.06548,2.06579,1.00,1.00
2016.01.12 11:35:16.032,2.06551,2.06584,1.00,1.00
2016.01.12 11:35:16.839,2.06549,2.06584,1.00,1.00
2016.01.12 11:35:16.940,2.06549,2.06584,1.00,1.37
2016.01.12 11:35:17.023,2.06545,2.06582,3.00,1.12
2016.01.12 11:35:17.326,2.06545,2.06579,1.75,1.00
2016.01.12 11:35:18.093,2.06545,2.06582,2.25,1.50
2016.01.12 11:35:18.373,2.06549,2.06582,1.00,1.00
2016.01.12 11:35:18.677,2.06549,2.06582,1.75,1.00
2016.01.12 11:35:19.759,2.06549,2.06584,1.75,1.00
2016.01.12 11:35:19.860,2.06551,2.06586,1.50,1.00
2016.01.12 11:35:20.204,2.06551,2.06588,1.50,1.50
2016.01.12 11:35:20.356,2.06549,2.06584,1.00,1.00
2016.01.12 11:35:20.673,2.06545,2.0658,1.75,1.00
2016.01.12 11:35:21.392,2.06545,2.06583,1.75,1.87
2016.01.12 11:35:22.166,2.06545,2.06581,1.75,1.00
2016.01.12 11:35:22.318,2.06545,2.06583,1.75,1.50
2016.01.12 11:35:22.757,2.06548,2.06586,1.12,1.50
2016.01.12 11:35:23.593,2.06548,2.06585,1.12,1.00
2016.01.12 11:35:24.381,2.06548,2.06585,1.12,1.37
2016.01.12 11:35:26.078,2.06547,2.06582,1.37,1.00
2016.01.12 11:35:26.897,2.06548,2.06584,1.12,1.12
2016.01.12 11:35:27.222,2.06548,2.06582,1.12,1.00
2016.01.12 11:35:31.271,2.06548,2.06584,1.12,1.50
2016.01.12 11:35:31.418,2.06552,2.06587,1.37,1.00
2016.01.12 11:35:31.720,2.06557,2.06591,1.00,1.00
2016.01.12 11:35:32.023,2.06561,2.06591,1.00,1.00
2016.01.12 11:35:32.949,2.06561,2.06594,1.00,1.50
2016.01.12 11:35:33.253,2.06561,2.06594,1.00,1.00
2016.01.12 11:35:34.473,2.06561,2.06597,2.25,1.00
2016.01.12 11:35:35.129,2.06561,2.06596,1.00,1.00
2016.01.12 11:35:35.586,2.06561,2.06592,1.00,1.00
2016.01.12 11:35:35.687,2.06556,2.06592,1.50,1.50
2016.01.12 11:35:37.783,2.06556,2.06589,1.50,1.00
2016.01.12 11:35:42.432,2.06556,2.06592,1.50,2.62
2016.01.12 11:35:42.534,2.06556,2.0659,1.50,1.00
2016.01.12 11:35:43.041,2.06556,2.06589,1.50,1.12
2016.01.12 11:35:43.561,2.06556,2.0659,1.50,1.00
2016.01.12 11:35:45.849,2.06556,2.06589,1.50,1.00
2016.01.12 11:35:46.272,2.06551,2.06588,1.12,1.00
2016.01.12 11:35:46.474,2.06551,2.06584,1.12,1.00
2016.01.12 11:35:47.021,2.06549,2.06585,1.75,1.00
2016.01.12 11:35:48.238,2.0655,2.06585,1.50,1.87
2016.01.12 11:35:48.592,2.06548,2.06582,1.00,1.00
2016.01.12 11:35:49.463,2.06582,2.06587,1.00,1.00
2016.01.12 11:35:49.564,2.06609,2.06634,3.03,1.32
2016.01.12 11:35:49.665,2.0663,2.06653,1.00,1.75
2016.01.12 11:35:49.766,2.06616,2.06653,2.32,1.75
2016.01.12 11:35:49.817,2.06616,2.06645,1.95,1.00
2016.01.12 11:35:49.868,2.06614,2.06645,1.57,1.00
2016.01.12 11:35:49.919,2.06605,2.06644,1.87,1.00
2016.01.12 11:35:49.970,2.06605,2.06644,1.75,1.00
2016.01.12 11:35:50.020,2.06607,2.06647,1.12,1.50
2016.01.12 11:35:50.536,2.06607,2.06648,1.00,1.75
2016.01.12 11:35:50.587,2.06604,2.06645,1.37,1.75
2016.01.12 11:35:50.890,2.06608,2.06647,1.00,2.25
2016.01.12 11:35:51.245,2.06603,2.06638,1.37,1.00
2016.01.12 11:35:51.397,2.06602,2.06638,1.12,1.00
2016.01.12 11:35:51.448,2.06601,2.06641,2.62,1.12
2016.01.12 11:35:51.499,2.06601,2.06641,1.87,1.50
2016.01.12 11:35:51.651,2.06598,2.06636,1.00,1.50
2016.01.12 11:35:54.185,2.06599,2.06638,1.00,1.75
2016.01.12 11:35:54.390,2.06602,2.06638,1.00,1.00
2016.01.12 11:35:54.847,2.06602,2.0664,1.00,1.00
2016.01.12 11:35:57.165,2.06603,2.0664,1.00,1.00
2016.01.12 11:35:57.266,2.06606,2.06643,1.00,1.00
2016.01.12 11:35:57.367,2.06603,2.06642,1.00,1.00
2016.01.12 11:35:57.966,2.06604,2.06643,1.00,1.50
2016.01.12 11:35:58.268,2.06606,2.06643,1.00,1.00
2016.01.12 11:36:00.222,2.06604,2.06643,1.50,1.00
2016.01.12 11:36:00.474,2.06606,2.06643,1.00,1.00
2016.01.12 11:36:00.676,2.06609,2.06647,1.00,1.00
2016.01.12 11:36:00.849,2.06609,2.06647,1.00,1.37
2016.01.12 11:36:00.900,2.06609,2.06647,1.00,1.12
2016.01.12 11:36:01.002,2.06609,2.06644,1.00,1.37
2016.01.12 11:36:01.255,2.06609,2.06647,1.00,1.12
2016.01.12 11:36:01.457,2.06609,2.06645,1.00,1.00
2016.01.12 11:36:01.559,2.06609,2.06647,1.00,1.12
2016.01.12 11:36:02.082,2.06609,2.06647,1.00,1.37
2016.01.12 11:36:02.234,2.06605,2.06641,1.00,2.62
2016.01.12 11:36:02.287,2.06605,2.06641,1.00,2.25
2016.01.12 11:36:02.339,2.06602,2.06641,1.00,2.25
2016.01.12 11:36:02.440,2.06598,2.06639,3.75,1.00
2016.01.12 11:36:02.541,2.06604,2.0664,1.00,1.00
2016.01.12 11:36:03.097,2.06605,2.06645,1.00,1.87
2016.01.12 11:36:03.339,2.06611,2.06651,1.12,1.00
2016.01.12 11:36:03.491,2.06615,2.06651,1.37,1.00
2016.01.12 11:36:03.542,2.06617,2.06656,1.12,1.00
2016.01.12 11:36:03.694,2.06619,2.06656,1.50,1.00
2016.01.12 11:36:03.744,2.06619,2.06659,2.62,2.25
2016.01.12 11:36:03.796,2.06627,2.0666,1.00,1.37
2016.01.12 11:36:03.897,2.06632,2.06665,1.00,1.12
2016.01.12 11:36:03.998,2.06636,2.06672,1.37,1.75
2016.01.12 11:36:04.150,2.06636,2.06674,1.37,1.75
2016.01.12 11:36:04.252,2.06642,2.06681,1.00,2.25
2016.01.12 11:36:04.303,2.06642,2.06681,1.87,1.00
2016.01.12 11:36:04.556,2.06648,2.06686,1.50,1.50
2016.01.12 11:36:04.607,2.06648,2.06684,1.50,1.00
2016.01.12 11:36:05.314,2.06646,2.06684,1.12,1.00
2016.01.12 11:36:05.516,2.06643,2.0668,1.75,1.00
2016.01.12 11:36:06.304,2.06644,2.0668,1.37,1.00
2016.01.12 11:36:06.733,2.06643,2.0668,1.00,1.00
2016.01.12 11:36:06.784,2.06641,2.0668,1.50,1.00
2016.01.12 11:36:07.088,2.06643,2.0668,1.50,1.00
2016.01.12 11:36:07.592,2.06644,2.0668,1.50,1.00
2016.01.12 11:36:08.095,2.06643,2.0668,1.00,1.00
2016.01.12 11:36:09.287,2.06643,2.06681,1.00,1.12
2016.01.12 11:36:09.489,2.06644,2.06677,1.00,1.00
2016.01.12 11:36:10.816,2.06643,2.06677,1.00,1.00
2016.01.12 11:36:11.018,2.06633,2.06672,1.00,1.50
2016.01.12 11:36:11.322,2.06631,2.06672,1.50,1.50
2016.01.12 11:36:11.575,2.06631,2.06668,1.00,1.00
2016.01.12 11:36:11.893,2.06632,2.06666,1.00,1.00
2016.01.12 11:36:11.944,2.06628,2.06666,1.87,1.00
2016.01.12 11:36:12.046,2.06626,2.06665,1.00,1.37
2016.01.12 11:36:14.218,2.06628,2.06667,1.00,1.75
2016.01.12 11:36:14.320,2.06626,2.06666,1.00,1.50
2016.01.12 11:36:14.825,2.06627,2.06668,1.00,1.75
2016.01.12 11:36:14.876,2.06626,2.06662,1.50,1.00
2016.01.12 11:36:15.407,2.06625,2.06662,1.12,1.00
2016.01.12 11:36:16.731,2.06626,2.06662,1.00,1.00
2016.01.12 11:36:17.034,2.0662,2.06659,1.00,1.50
2016.01.12 11:36:17.539,2.06619,2.06652,1.00,1.37
2016.01.12 11:36:17.752,2.06608,2.06644,1.00,1.00
2016.01.12 11:36:17.803,2.06608,2.06638,1.00,1.00
2016.01.12 11:36:17.854,2.066,2.06636,2.25,1.50
2016.01.12 11:36:17.905,2.066,2.06631,1.75,1.00
2016.01.12 11:36:17.956,2.06592,2.06629,1.00,1.00
2016.01.12 11:36:18.057,2.06591,2.06625,1.00,1.00
2016.01.12 11:36:18.310,2.06591,2.06628,1.12,1.00
2016.01.12 11:36:20.381,2.06592,2.06628,1.00,1.00
2016.01.12 11:36:21.738,2.06592,2.0663,1.50,1.00
2016.01.12 11:36:22.242,2.06592,2.06631,2.25,1.12
2016.01.12 11:36:23.658,2.06601,2.06632,1.00,1.50
2016.01.12 11:36:23.860,2.06601,2.06635,1.00,1.00
2016.01.12 11:36:24.173,2.06601,2.06634,1.00,1.12
2016.01.12 11:36:24.224,2.06592,2.06628,2.62,2.25
2016.01.12 11:36:24.325,2.06588,2.06627,1.00,1.12
2016.01.12 11:36:24.628,2.06588,2.06624,1.00,1.00
2016.01.12 11:36:25.434,2.06588,2.06625,1.00,1.00
2016.01.12 11:36:27.138,2.06588,2.06627,1.00,1.12
2016.01.12 11:36:27.573,2.06588,2.06623,1.00,1.00
2016.01.12 11:36:27.623,2.06586,2.06623,1.12,1.00
2016.01.12 11:36:27.674,2.06586,2.06623,1.00,1.50
2016.01.12 11:36:28.202,2.06585,2.06624,1.50,2.25
2016.01.12 11:36:28.745,2.06596,2.06623,1.00,1.50
2016.01.12 11:36:28.796,2.06596,2.06629,1.00,1.00
2016.01.12 11:36:28.897,2.06596,2.06635,2.25,1.00
2016.01.12 11:36:28.948,2.066,2.06638,1.00,1.87
2016.01.12 11:36:29.453,2.06599,2.06638,1.00,2.25
2016.01.12 11:36:29.756,2.06605,2.06633,1.00,1.50
2016.01.12 11:36:29.907,2.06606,2.06642,1.00,1.00
2016.01.12 11:36:29.958,2.06606,2.0664,1.00,1.00
2016.01.12 11:36:30.233,2.06607,2.06642,1.00,1.00
2016.01.12 11:36:30.285,2.0661,2.06642,1.00,1.00
2016.01.12 11:36:30.487,2.06608,2.06642,1.00,1.00
2016.01.12 11:36:30.740,2.06606,2.06642,1.00,1.00
2016.01.12 11:36:31.043,2.06604,2.06642,1.00,1.00
2016.01.12 11:36:32.017,2.06602,2.06642,1.00,1.00
2016.01.12 11:36:32.170,2.06601,2.06639,1.00,1.00
2016.01.12 11:36:32.969,2.06601,2.06639,1.75,1.00
2016.01.12 11:36:33.020,2.06605,2.06644,1.75,1.12
2016.01.12 11:36:33.122,2.06607,2.06646,1.37,1.00
2016.01.12 11:36:33.280,2.06612,2.06651,1.00,2.25
2016.01.12 11:36:34.225,2.0661,2.06649,1.00,1.50
2016.01.12 11:36:34.348,2.0661,2.06644,1.00,1.75
2016.01.12 11:36:34.651,2.06606,2.06644,1.00,2.25
2016.01.12 11:36:34.702,2.06606,2.06639,1.00,1.00
2016.01.12 11:36:34.803,2.06601,2.06639,1.00,1.75
2016.01.12 11:36:34.905,2.06601,2.06639,1.00,1.75
2016.01.12 11:36:35.006,2.06599,2.06633,1.00,1.12
2016.01.12 11:36:35.057,2.06597,2.0663,1.00,1.00
2016.01.12 11:36:35.108,2.06594,2.0663,1.00,1.00
2016.01.12 11:36:35.159,2.06596,2.0663,1.00,1.00
2016.01.12 11:36:35.488,2.06601,2.06635,1.00,1.00
2016.01.12 11:36:35.791,2.06613,2.06649,1.00,1.50
2016.01.12 11:36:39.405,2.06614,2.06649,1.00,1.50
2016.01.12 11:36:42.918,2.06616,2.06649,1.00,1.50
2016.01.12 11:36:43.223,2.06618,2.06649,1.00,1.00
2016.01.12 11:36:43.477,2.06625,2.0666,1.50,1.00
2016.01.12 11:36:43.579,2.06627,2.06662,1.00,1.00
2016.01.12 11:36:43.883,2.06629,2.06664,1.50,1.50
2016.01.12 11:36:44.203,2.06631,2.06664,1.00,1.50
2016.01.12 11:36:45.336,2.06633,2.06665,1.00,1.00
2016.01.12 11:36:45.388,2.06633,2.06671,1.00,1.00
2016.01.12 11:36:45.489,2.0663,2.0667,1.50,1.00
2016.01.12 11:36:45.691,2.06629,2.06668,1.00,1.75
2016.01.12 11:36:48.089,2.06631,2.06672,1.00,3.00
2016.01.12 11:36:48.392,2.06634,2.06671,1.37,1.00
2016.01.12 11:36:48.443,2.06633,2.06673,1.00,1.50
2016.01.12 11:36:48.531,2.06636,2.06672,1.00,1.00
2016.01.12 11:36:48.742,2.06632,2.06672,1.00,1.00
2016.01.12 11:36:49.103,2.06631,2.06672,1.00,1.75
2016.01.12 11:36:50.230,2.06631,2.06672,1.12,1.37
2016.01.12 11:36:50.331,2.06631,2.06672,1.12,1.00
2016.01.12 11:36:50.583,2.06635,2.06672,1.00,1.00
2016.01.12 11:36:51.260,2.06641,2.06672,1.00,1.00
2016.01.12 11:36:51.413,2.06641,2.06678,1.12,2.25
2016.01.12 11:36:51.514,2.06643,2.06679,1.50,1.00
2016.01.12 11:36:51.565,2.06643,2.06682,1.50,1.50
2016.01.12 11:36:51.767,2.06644,2.06684,1.00,2.25
2016.01.12 11:36:51.817,2.06643,2.06682,1.50,1.00
2016.01.12 11:36:52.164,2.06643,2.06682,1.00,1.75
2016.01.12 11:36:53.237,2.06647,2.06682,1.00,1.75
2016.01.12 11:36:53.445,2.06649,2.06688,1.50,1.50
2016.01.12 11:36:53.547,2.06649,2.0669,1.50,1.50
2016.01.12 11:36:53.597,2.06649,2.06687,1.00,1.00
2016.01.12 11:36:53.900,2.06649,2.06685,1.00,1.12
2016.01.12 11:36:53.951,2.06645,2.06685,1.00,1.87
2016.01.12 11:36:54.052,2.06643,2.0668,1.50,1.00
2016.01.12 11:36:54.273,2.0664,2.06678,1.50,1.00
2016.01.12 11:36:54.374,2.06642,2.06678,1.00,1.00
2016.01.12 11:36:55.189,2.0665,2.06678,1.00,1.00
2016.01.12 11:36:55.340,2.06654,2.06688,1.00,1.50
2016.01.12 11:36:55.441,2.06656,2.06688,1.00,1.00
2016.01.12 11:36:55.543,2.06656,2.06694,1.00,1.50
2016.01.12 11:36:56.058,2.06655,2.06694,1.00,1.50
2016.01.12 11:36:56.260,2.06653,2.06693,1.00,1.12
2016.01.12 11:36:56.563,2.0665,2.06689,1.75,1.37
2016.01.12 11:36:56.614,2.0665,2.06687,1.00,1.00
2016.01.12 11:36:56.664,2.06643,2.06681,1.75,1.00
2016.01.12 11:36:56.718,2.06643,2.06681,1.00,1.75
2016.01.12 11:36:56.876,2.06638,2.06679,2.25,1.12
2016.01.12 11:36:57.648,2.06639,2.06678,1.50,1.00
2016.01.12 11:36:58.813,2.06639,2.06679,1.50,1.12
2016.01.12 11:37:01.467,2.06638,2.06676,1.75,1.00
2016.01.12 11:37:01.619,2.06634,2.06672,1.00,1.00
2016.01.12 11:37:02.126,2.06633,2.06672,1.00,1.00
2016.01.12 11:37:02.530,2.06634,2.06674,1.00,1.50
2016.01.12 11:37:02.782,2.06638,2.06674,1.12,1.00
2016.01.12 11:37:02.833,2.06639,2.06678,1.37,1.00
2016.01.12 11:37:03.368,2.0664,2.06679,1.12,1.12
2016.01.12 11:37:03.520,2.06638,2.06677,1.50,1.00
2016.01.12 11:37:03.873,2.06636,2.06676,1.00,1.50
2016.01.12 11:37:04.676,2.06635,2.06675,1.00,1.12
2016.01.12 11:37:04.726,2.06634,2.06673,1.12,1.00
2016.01.12 11:37:05.140,2.06632,2.06671,2.25,1.00
2016.01.12 11:37:05.645,2.06633,2.06672,1.50,1.00
2016.01.12 11:37:05.948,2.06632,2.06669,1.75,1.00
2016.01.12 11:37:08.124,2.06631,2.06672,2.25,1.00
2016.01.12 11:37:08.649,2.06631,2.06671,1.75,1.00
2016.01.12 11:37:08.801,2.06643,2.06676,1.00,1.50
2016.01.12 11:37:09.105,2.06628,2.06667,2.25,1.00
2016.01.12 11:37:09.206,2.06627,2.06665,1.50,1.50
2016.01.12 11:37:09.819,2.06628,2.06665,1.00,1.50
2016.01.12 11:37:10.140,2.06628,2.06665,1.00,2.25
2016.01.12 11:37:10.493,2.06626,2.06665,1.50,2.25
2016.01.12 11:37:10.784,2.06626,2.06665,1.87,1.50
2016.01.12 11:37:10.986,2.06622,2.06663,1.75,1.50
2016.01.12 11:37:11.289,2.0662,2.06648,1.00,1.00
2016.01.12 11:37:11.340,2.06613,2.06648,1.37,1.00
2016.01.12 11:37:11.790,2.0661,2.06648,1.00,1.87
2016.01.12 11:37:11.841,2.0661,2.06646,1.00,1.00
2016.01.12 11:37:11.891,2.06607,2.06646,1.12,1.00
2016.01.12 11:37:11.942,2.06607,2.06642,1.12,1.00
2016.01.12 11:37:12.295,2.06606,2.06646,1.50,1.50
2016.01.12 11:37:12.498,2.06609,2.06646,1.00,1.00
2016.01.12 11:37:12.649,2.06607,2.06646,1.12,1.50
2016.01.12 11:37:12.938,2.06608,2.06644,1.00,1.00
2016.01.12 11:37:14.321,2.06609,2.06644,1.00,1.00
2016.01.12 11:37:14.371,2.06609,2.06646,1.00,1.00
2016.01.12 11:37:14.472,2.0661,2.06649,1.00,1.50
2016.01.12 11:37:15.021,2.06611,2.06649,1.00,1.50
2016.01.12 11:37:15.681,2.06618,2.06651,1.00,1.75
2016.01.12 11:37:15.783,2.06619,2.06655,1.00,1.75
2016.01.12 11:37:15.884,2.06619,2.06659,1.12,1.50
2016.01.12 11:37:16.120,2.06621,2.06659,1.00,1.00
2016.01.12 11:37:17.039,2.06621,2.06662,1.00,2.25
2016.01.12 11:37:20.681,2.06619,2.06655,1.12,1.00
2016.01.12 11:37:20.783,2.06616,2.06655,1.00,1.50
2016.01.12 11:37:21.035,2.06615,2.06652,1.00,1.37
2016.01.12 11:37:21.086,2.0661,2.06649,1.00,1.75
2016.01.12 11:37:21.238,2.0661,2.06645,1.00,1.00
2016.01.12 11:37:21.541,2.06603,2.06642,1.75,1.00
2016.01.12 11:37:21.650,2.06602,2.0664,1.50,1.12
2016.01.12 11:37:22.950,2.06602,2.06639,1.37,1.00
2016.01.12 11:37:23.153,2.06604,2.06638,1.00,1.00
2016.01.12 11:37:23.254,2.06604,2.06635,1.00,1.00
2016.01.12 11:37:23.557,2.06586,2.06622,1.75,1.00
2016.01.12 11:37:23.608,2.06586,2.06618,1.00,1.00
2016.01.12 11:37:23.960,2.06586,2.06622,1.00,1.00
2016.01.12 11:37:25.181,2.06586,2.06625,1.00,1.50
2016.01.12 11:37:25.384,2.06588,2.06625,1.00,1.00
2016.01.12 11:37:25.687,2.06599,2.06633,1.12,1.00
2016.01.12 11:37:26.376,2.06598,2.06636,1.50,1.00
2016.01.12 11:37:26.477,2.06598,2.06639,1.50,2.25
2016.01.12 11:37:27.947,2.066,2.06638,1.00,1.87
2016.01.12 11:37:28.354,2.06601,2.06636,1.00,1.12
2016.01.12 11:37:28.657,2.06597,2.06634,2.25,1.00
2016.01.12 11:37:30.441,2.06597,2.06636,1.75,1.12
2016.01.12 11:37:31.696,2.06595,2.06634,1.50,1.00
2016.01.12 11:37:31.798,2.06595,2.06629,1.00,1.37
2016.01.12 11:37:31.900,2.06593,2.06629,1.00,1.37
2016.01.12 11:37:32.001,2.0659,2.06623,1.00,1.37
2016.01.12 11:37:32.053,2.06597,2.06623,1.00,1.37
2016.01.12 11:37:32.311,2.06596,2.06626,1.00,1.87
2016.01.12 11:37:32.412,2.06591,2.06626,1.00,1.87
2016.01.12 11:37:32.514,2.06587,2.06626,1.50,1.87
2016.01.12 11:37:34.173,2.06596,2.06628,1.00,1.75
2016.01.12 11:37:34.224,2.06596,2.0663,1.00,1.00
2016.01.12 11:37:34.426,2.06597,2.06634,1.00,1.75
2016.01.12 11:37:34.554,2.06597,2.0663,1.00,1.00
2016.01.12 11:37:35.059,2.06596,2.0663,1.50,1.00
2016.01.12 11:37:35.262,2.06602,2.06637,1.00,1.00
2016.01.12 11:37:36.579,2.06602,2.06634,1.00,1.00
2016.01.12 11:37:36.920,2.06602,2.06632,1.00,1.50
2016.01.12 11:37:37.109,2.06601,2.0664,1.50,1.37
2016.01.12 11:37:38.345,2.06597,2.06635,1.75,1.00
2016.01.12 11:37:38.799,2.066,2.06626,1.12,1.00
2016.01.12 11:37:38.901,2.06602,2.06639,1.00,1.12
2016.01.12 11:37:39.002,2.06599,2.06638,1.87,1.00
2016.01.12 11:37:39.643,2.06602,2.06642,1.00,2.25
2016.01.12 11:37:40.149,2.06603,2.06642,1.00,2.25
2016.01.12 11:37:41.087,2.06607,2.06642,1.00,2.25
2016.01.12 11:37:41.138,2.06608,2.06642,1.12,1.00
2016.01.12 11:37:41.189,2.06612,2.06645,1.00,1.00
2016.01.12 11:37:41.643,2.06617,2.06646,1.00,1.00
2016.01.12 11:37:41.988,2.06617,2.06645,1.50,1.00
2016.01.12 11:37:42.089,2.06624,2.06651,1.00,1.00
2016.01.12 11:37:42.140,2.06624,2.06656,1.00,1.50
2016.01.12 11:37:42.241,2.06624,2.06658,1.00,1.00
2016.01.12 11:37:42.905,2.06628,2.06658,1.75,1.00
2016.01.12 11:37:43.057,2.06627,2.0666,1.75,1.00
2016.01.12 11:37:43.209,2.06628,2.0666,1.00,1.00
2016.01.12 11:37:43.717,2.06628,2.06661,1.00,1.00
2016.01.12 11:37:44.078,2.06628,2.06659,1.00,1.00
2016.01.12 11:37:44.583,2.06627,2.0666,1.00,1.00
2016.01.12 11:37:45.069,2.06627,2.06664,1.00,1.50
2016.01.12 11:37:45.483,2.06631,2.06664,1.00,1.50
2016.01.12 11:37:45.584,2.06635,2.06671,1.00,1.00
2016.01.12 11:37:45.736,2.06635,2.06673,1.75,1.37
2016.01.12 11:37:46.394,2.06635,2.06673,1.75,1.00
2016.01.12 11:37:46.697,2.06627,2.06665,2.25,1.00
2016.01.12 11:37:46.849,2.0663,2.06671,1.50,1.87
2016.01.12 11:37:46.900,2.06636,2.06671,1.00,1.12
2016.01.12 11:37:46.950,2.06636,2.06676,1.50,1.12
2016.01.12 11:37:47.153,2.06635,2.06674,1.12,1.00
2016.01.12 11:37:47.792,2.06636,2.06674,1.00,1.00
2016.01.12 11:37:48.710,2.06636,2.06671,1.00,1.00
2016.01.12 11:37:48.963,2.06629,2.06665,1.00,1.00
2016.01.12 11:37:49.468,2.06629,2.06664,1.00,1.00
2016.01.12 11:37:49.569,2.06629,2.06666,1.00,1.00
2016.01.12 11:37:50.100,2.06629,2.06667,1.00,1.00
2016.01.12 11:37:50.454,2.06629,2.06664,1.00,1.00
2016.01.12 11:37:50.707,2.0663,2.06666,1.00,1.00
2016.01.12 11:37:50.808,2.06628,2.06666,1.00,1.00
2016.01.12 11:37:51.317,2.06627,2.06666,1.00,1.00
2016.01.12 11:37:51.570,2.06623,2.06664,2.25,1.00
2016.01.12 11:37:51.874,2.06629,2.06654,1.75,1.00
2016.01.12 11:37:53.679,2.06623,2.06657,1.75,1.00
2016.01.12 11:37:53.781,2.06625,2.06657,1.00,1.00
2016.01.12 11:37:54.336,2.06624,2.06662,2.70,1.00
2016.01.12 11:37:54.493,2.06634,2.0667,1.50,1.00
2016.01.12 11:37:54.645,2.06634,2.0667,1.75,1.00
2016.01.12 11:37:54.746,2.06633,2.06674,2.25,1.00
2016.01.12 11:37:54.847,2.06633,2.0667,1.75,1.00
2016.01.12 11:37:55.369,2.06633,2.06671,1.75,1.00
2016.01.12 11:37:56.627,2.06633,2.06673,1.75,1.00
2016.01.12 11:37:56.871,2.06633,2.06671,1.75,1.00
2016.01.12 11:37:58.455,2.06634,2.06671,1.75,1.37
2016.01.12 11:37:58.707,2.06633,2.06671,1.75,1.00
2016.01.12 11:38:00.389,2.06633,2.06669,1.75,1.00
2016.01.12 11:38:01.241,2.06634,2.06672,1.75,1.00
2016.01.12 11:38:01.879,2.06634,2.06669,1.75,1.00
2016.01.12 11:38:02.183,2.06634,2.06669,1.50,1.00
2016.01.12 11:38:03.547,2.06634,2.06664,1.50,1.00
2016.01.12 11:38:03.900,2.06634,2.06661,1.50,1.00
2016.01.12 11:38:04.458,2.06634,2.06664,1.50,1.00
2016.01.12 11:38:11.119,2.06634,2.06666,1.00,1.00
2016.01.12 11:38:12.633,2.06634,2.06663,1.00,1.00
2016.01.12 11:38:14.002,2.06629,2.06663,1.50,1.00
2016.01.12 11:38:14.204,2.0663,2.0666,1.00,1.00
2016.01.12 11:38:14.711,2.06629,2.0666,1.50,1.00
2016.01.12 11:38:22.453,2.06629,2.06661,1.50,1.00
2016.01.12 11:38:23.969,2.06629,2.06664,1.00,1.50
2016.01.12 11:38:24.172,2.0663,2.06667,1.00,1.50
2016.01.12 11:38:24.828,2.0663,2.06664,1.00,1.00
2016.01.12 11:38:25.842,2.0663,2.06665,1.00,1.00
2016.01.12 11:38:26.702,2.0663,2.06666,1.00,1.00
2016.01.12 11:38:27.245,2.06631,2.06667,1.00,1.00
2016.01.12 11:38:27.752,2.0663,2.06667,1.00,1.50
2016.01.12 11:38:28.231,2.0663,2.06662,1.00,1.00
2016.01.12 11:38:29.216,2.06629,2.06662,1.00,1.00
2016.01.12 11:38:30.771,2.0663,2.06662,1.00,1.00
2016.01.12 11:38:31.542,2.0663,2.06666,1.00,1.00
2016.01.12 11:38:31.643,2.06634,2.06666,1.00,1.00
2016.01.12 11:38:31.795,2.06634,2.0667,2.25,1.00
2016.01.12 11:38:32.880,2.06634,2.06671,2.25,1.00
2016.01.12 11:38:40.026,2.06638,2.06671,1.00,1.00
2016.01.12 11:38:43.205,2.06635,2.06671,1.00,1.00
2016.01.12 11:38:43.799,2.06635,2.06671,1.37,1.00
2016.01.12 11:38:43.900,2.06637,2.06671,1.00,1.00
2016.01.12 11:38:43.958,2.0664,2.06671,1.00,1.00
2016.01.12 11:38:44.179,2.06637,2.06671,1.00,1.00
2016.01.12 11:38:45.970,2.06638,2.06673,1.00,1.00
2016.01.12 11:38:51.276,2.0664,2.06673,1.00,1.00
2016.01.12 11:38:55.395,2.06638,2.06673,1.00,1.00
2016.01.12 11:38:56.987,2.06639,2.06673,1.00,1.00
2016.01.12 11:38:58.415,2.06638,2.06673,1.00,1.00
2016.01.12 11:39:00.266,2.06638,2.06672,1.00,1.00
2016.01.12 11:39:01.167,2.06635,2.06671,1.12,1.00
2016.01.12 11:39:08.250,2.06633,2.06668,1.00,1.00
2016.01.12 11:39:11.361,2.06632,2.06668,1.00,1.00
2016.01.12 11:39:11.816,2.06632,2.06664,1.00,1.00
2016.01.12 11:39:12.119,2.06622,2.06656,1.75,1.00
2016.01.12 11:39:12.472,2.06622,2.06654,2.25,1.00
2016.01.12 11:39:13.002,2.06622,2.06655,2.25,1.00
2016.01.12 11:39:14.143,2.06622,2.06659,2.25,1.00
2016.01.12 11:39:14.648,2.06625,2.0666,1.00,1.00
2016.01.12 11:39:14.749,2.06627,2.0666,1.00,1.00
2016.01.12 11:39:14.979,2.06626,2.06664,1.00,1.00
2016.01.12 11:39:15.871,2.06626,2.06663,1.00,1.00
2016.01.12 11:39:16.120,2.06624,2.06658,1.87,1.00
2016.01.12 11:39:16.424,2.06624,2.06647,1.00,1.00
2016.01.12 11:39:16.525,2.06625,2.06662,1.00,1.75
2016.01.12 11:39:16.626,2.06626,2.06662,1.00,1.00
2016.01.12 11:39:16.880,2.06624,2.06656,1.12,1.00
2016.01.12 11:39:17.032,2.06625,2.06659,1.00,1.00
2016.01.12 11:39:17.541,2.06626,2.06659,1.00,1.00
2016.01.12 11:39:19.089,2.06622,2.06658,1.37,1.12
2016.01.12 11:39:19.140,2.06622,2.06658,1.00,1.12
2016.01.12 11:39:19.241,2.06619,2.06651,2.25,1.00
2016.01.12 11:39:19.523,2.06606,2.06641,1.00,1.00
2016.01.12 11:39:19.574,2.0661,2.06641,1.00,1.00
2016.01.12 11:39:19.877,2.06618,2.06641,1.00,1.00
2016.01.12 11:39:19.928,2.06615,2.06641,1.37,1.00
2016.01.12 11:39:19.979,2.06615,2.06645,1.00,1.00
2016.01.12 11:39:20.080,2.06614,2.06643,1.00,1.00
2016.01.12 11:39:20.183,2.06603,2.06638,1.12,1.00
2016.01.12 11:39:20.234,2.066,2.06633,1.00,1.00
2016.01.12 11:39:20.536,2.06611,2.06633,1.00,1.00
2016.01.12 11:39:20.738,2.06601,2.06633,1.00,1.00
2016.01.12 11:39:20.840,2.06604,2.06633,1.00,1.00
2016.01.12 11:39:22.161,2.06604,2.06638,1.00,1.00
2016.01.12 11:39:22.712,2.06605,2.06639,1.00,1.00
2016.01.12 11:39:23.278,2.06604,2.06639,1.50,1.00
2016.01.12 11:39:23.863,2.06604,2.06637,1.00,1.00
2016.01.12 11:39:23.914,2.06602,2.06637,1.00,1.00
2016.01.12 11:39:24.015,2.066,2.06637,1.00,1.50
2016.01.12 11:39:24.560,2.066,2.06636,1.00,1.00
2016.01.12 11:39:25.080,2.066,2.06637,1.00,1.00
2016.01.12 11:39:25.638,2.066,2.06636,1.00,1.00
2016.01.12 11:39:26.143,2.066,2.06637,1.00,1.00
2016.01.12 11:39:26.750,2.066,2.06636,1.00,1.00
2016.01.12 11:39:27.348,2.066,2.06637,1.00,1.00
2016.01.12 11:39:27.860,2.066,2.06636,1.00,1.00
2016.01.12 11:39:28.846,2.066,2.06639,1.00,1.50
2016.01.12 11:39:29.479,2.066,2.06638,1.00,1.00
2016.01.12 11:39:30.048,2.066,2.06639,1.00,1.00
2016.01.12 11:39:30.199,2.06602,2.06639,1.00,1.12
2016.01.12 11:39:30.502,2.066,2.06637,1.00,1.00
2016.01.12 11:39:32.813,2.066,2.06635,1.00,1.00
2016.01.12 11:39:32.915,2.066,2.06639,1.50,1.50
2016.01.12 11:39:33.066,2.066,2.06635,1.50,1.00
2016.01.12 11:39:34.758,2.066,2.06634,1.00,1.00
2016.01.12 11:39:35.101,2.06597,2.06633,1.00,1.00
2016.01.12 11:39:36.610,2.06597,2.06632,1.00,1.00
2016.01.12 11:39:37.864,2.06596,2.06633,1.12,1.50
2016.01.12 11:39:37.965,2.06594,2.06629,1.50,1.00
2016.01.12 11:39:38.665,2.06591,2.0663,1.75,1.50
2016.01.12 11:39:39.671,2.06591,2.06629,1.75,1.00
2016.01.12 11:39:40.280,2.06589,2.0663,3.00,1.50
2016.01.12 11:39:40.826,2.06589,2.06629,3.00,1.00
2016.01.12 11:39:41.331,2.06589,2.0663,3.00,1.50
2016.01.12 11:39:42.772,2.06589,2.06629,3.00,1.00
2016.01.12 11:39:43.287,2.06589,2.0663,3.00,1.00
2016.01.12 11:39:45.144,2.06589,2.06628,2.25,1.00
2016.01.12 11:39:45.710,2.06589,2.06627,2.25,1.00
2016.01.12 11:39:46.252,2.06589,2.06628,2.25,1.50
2016.01.12 11:39:48.123,2.06592,2.0663,1.75,1.00
2016.01.12 11:39:49.689,2.06594,2.06633,1.50,1.50
2016.01.12 11:39:50.188,2.06594,2.06633,1.50,1.00
2016.01.12 11:39:50.845,2.066,2.06637,1.00,1.00
2016.01.12 11:39:50.996,2.066,2.06635,1.00,1.00
2016.01.12 11:39:51.098,2.066,2.06638,1.50,1.50
2016.01.12 11:39:52.188,2.066,2.06636,1.50,1.00
2016.01.12 11:39:52.397,2.066,2.06638,1.50,2.25
2016.01.12 11:39:52.498,2.066,2.06636,1.50,1.00
2016.01.12 11:39:52.700,2.066,2.06638,1.50,1.50
2016.01.12 11:39:52.751,2.066,2.06633,1.00,1.00
2016.01.12 11:39:52.973,2.06593,2.06633,1.50,1.00
2016.01.12 11:39:53.125,2.06594,2.06629,1.12,1.00
2016.01.12 11:39:53.428,2.06587,2.06624,2.25,1.00
2016.01.12 11:39:53.529,2.06586,2.06619,1.75,1.00
2016.01.12 11:39:53.631,2.06583,2.0662,1.00,1.00
2016.01.12 11:39:53.952,2.06589,2.06623,1.00,1.75
2016.01.12 11:39:54.508,2.06592,2.06622,1.00,1.50
2016.01.12 11:39:55.211,2.06592,2.06622,1.00,1.12
2016.01.12 11:39:55.514,2.06592,2.06619,1.00,1.00
2016.01.12 11:39:55.918,2.06587,2.06619,1.00,1.00
2016.01.12 11:39:57.119,2.06587,2.0662,1.00,1.00
2016.01.12 11:39:57.539,2.06587,2.06618,1.00,1.00
2016.01.12 11:39:57.641,2.06581,2.06615,1.00,1.00
2016.01.12 11:39:57.994,2.0658,2.06612,1.00,1.00
2016.01.12 11:39:58.274,2.06573,2.06612,2.25,1.87
2016.01.12 11:39:58.325,2.06573,2.06607,1.75,1.00
2016.01.12 11:39:58.565,2.06559,2.06592,1.00,1.00
2016.01.12 11:39:58.616,2.06555,2.06592,1.37,1.50
2016.01.12 11:39:58.717,2.06554,2.06592,1.12,1.00
2016.01.12 11:39:58.818,2.06554,2.0659,1.12,1.00
2016.01.12 11:39:59.122,2.06548,2.06586,1.75,1.00
2016.01.12 11:39:59.223,2.06551,2.06588,1.75,1.00
2016.01.12 11:39:59.325,2.06547,2.06585,1.75,1.00
2016.01.12 11:40:01.291,2.06547,2.06584,1.75,1.00
2016.01.12 11:40:03.094,2.06548,2.06586,1.75,1.00
2016.01.12 11:40:03.750,2.06548,2.06586,1.00,1.12
2016.01.12 11:40:04.303,2.06549,2.06587,1.00,1.37
2016.01.12 11:40:04.848,2.06548,2.06587,1.00,1.37
2016.01.12 11:40:06.357,2.06551,2.06588,1.00,1.50
2016.01.12 11:40:08.114,2.06548,2.06586,1.00,1.00
2016.01.12 11:40:09.546,2.06547,2.06585,1.12,1.00
2016.01.12 11:40:10.528,2.06548,2.06586,1.00,1.50
2016.01.12 11:40:11.348,2.06548,2.06583,1.00,1.00
2016.01.12 11:40:11.879,2.06548,2.06582,1.00,1.00
2016.01.12 11:40:12.181,2.06548,2.06586,1.00,1.50
2016.01.12 11:40:12.484,2.06548,2.06582,1.00,1.00
2016.01.12 11:40:12.868,2.06547,2.06585,1.12,1.00
2016.01.12 11:40:12.971,2.06546,2.06583,1.37,1.00
2016.01.12 11:40:13.485,2.06546,2.06576,1.00,1.00
2016.01.12 11:40:13.536,2.06544,2.06576,1.00,1.00
2016.01.12 11:40:13.587,2.06544,2.06572,1.00,1.12
2016.01.12 11:40:13.638,2.06539,2.06572,1.00,2.25
2016.01.12 11:40:13.689,2.06539,2.06566,1.00,1.00
2016.01.12 11:40:13.740,2.06531,2.06566,1.50,1.00
2016.01.12 11:40:13.791,2.06532,2.0657,1.00,1.00
2016.01.12 11:40:13.841,2.06541,2.06572,1.00,1.50
2016.01.12 11:40:13.943,2.06541,2.06581,1.75,1.87
2016.01.12 11:40:14.296,2.06541,2.06578,1.75,1.00
2016.01.12 11:40:16.371,2.0654,2.0658,1.75,1.00
2016.01.12 11:40:16.470,2.0654,2.06576,1.75,1.00
2016.01.12 11:40:16.622,2.0654,2.06578,1.75,1.00
2016.01.12 11:40:16.824,2.06541,2.0658,1.75,1.00
2016.01.12 11:40:17.027,2.06546,2.06585,1.00,3.37
2016.01.12 11:40:17.534,2.06546,2.06584,1.00,1.12
2016.01.12 11:40:19.233,2.06545,2.06582,1.00,1.00
2016.01.12 11:40:21.000,2.06545,2.06584,1.50,1.12
2016.01.12 11:40:21.102,2.06548,2.06584,1.50,1.12
2016.01.12 11:40:21.392,2.06557,2.06595,1.00,1.50
2016.01.12 11:40:21.443,2.06559,2.06595,1.00,1.00
2016.01.12 11:40:21.494,2.06559,2.06597,1.00,1.00
2016.01.12 11:40:22.343,2.06557,2.06596,1.00,1.00
2016.01.12 11:40:22.394,2.06557,2.06594,1.00,1.00
2016.01.12 11:40:23.203,2.06557,2.06595,1.00,1.00
2016.01.12 11:40:23.708,2.06557,2.06596,1.00,1.00
2016.01.12 11:40:24.200,2.06561,2.06596,1.00,1.50
2016.01.12 11:40:24.503,2.06561,2.06593,1.00,1.00
2016.01.12 11:40:24.718,2.06562,2.06596,1.00,1.00
2016.01.12 11:40:25.927,2.06557,2.06596,1.50,1.87
2016.01.12 11:40:25.977,2.06557,2.06591,1.50,1.00
2016.01.12 11:40:26.281,2.06547,2.06578,1.00,1.50
2016.01.12 11:40:26.363,2.06541,2.06578,2.25,1.50
2016.01.12 11:40:26.867,2.06541,2.06577,1.75,1.00
2016.01.12 11:40:27.322,2.06541,2.06581,1.75,1.50
2016.01.12 11:40:27.473,2.06541,2.06579,1.75,1.00
2016.01.12 11:40:28.896,2.06542,2.06577,1.75,1.00
2016.01.12 11:40:29.098,2.06537,2.06575,1.00,1.00
2016.01.12 11:40:29.149,2.06541,2.06575,1.00,1.00
2016.01.12 11:40:29.470,2.0655,2.0658,1.00,1.00
2016.01.12 11:40:30.346,2.06548,2.0658,1.00,1.50
2016.01.12 11:40:31.330,2.06544,2.0658,1.00,1.00
2016.01.12 11:40:31.875,2.06547,2.0658,1.00,1.00
2016.01.12 11:40:33.606,2.06547,2.06578,1.00,1.00
2016.01.12 11:40:33.657,2.06541,2.06578,1.37,1.00
2016.01.12 11:40:33.708,2.06541,2.0658,1.37,1.00
2016.01.12 11:40:33.759,2.06545,2.0658,1.00,1.00
2016.01.12 11:40:34.066,2.06547,2.0658,1.00,1.00
2016.01.12 11:40:34.521,2.0655,2.06584,1.00,1.00
2016.01.12 11:40:34.824,2.06549,2.06586,1.00,1.00
2016.01.12 11:40:35.374,2.0655,2.06586,1.00,1.00
2016.01.12 11:40:35.729,2.06547,2.06586,1.00,1.00
2016.01.12 11:40:36.076,2.06551,2.06586,1.00,1.00
2016.01.12 11:40:39.027,2.06551,2.06586,1.37,1.00
2016.01.12 11:40:39.279,2.0656,2.06594,1.00,1.00
2016.01.12 11:40:39.330,2.0656,2.06599,1.12,1.00
2016.01.12 11:40:39.381,2.06565,2.06599,1.00,1.00
2016.01.12 11:40:39.483,2.06563,2.06599,1.00,1.00
2016.01.12 11:40:39.585,2.06557,2.06598,2.25,2.25
2016.01.12 11:40:39.686,2.06557,2.06596,2.25,1.00
2016.01.12 11:40:40.141,2.06559,2.06599,1.75,1.00
2016.01.12 11:40:40.192,2.06562,2.06599,1.00,1.37
2016.01.12 11:40:40.495,2.06556,2.06592,1.12,1.50
2016.01.12 11:40:40.546,2.06556,2.06589,1.12,1.00
2016.01.12 11:40:41.646,2.06554,2.06588,1.75,1.00
2016.01.12 11:40:42.187,2.06554,2.06589,1.75,1.50
2016.01.12 11:40:42.851,2.06554,2.06588,1.87,1.00
2016.01.12 11:40:43.164,2.0656,2.06587,1.00,1.00
2016.01.12 11:40:43.705,2.0656,2.06586,1.00,1.00
2016.01.12 11:40:47.618,2.0656,2.06587,1.00,1.00
2016.01.12 11:40:51.936,2.0656,2.06586,1.00,1.00
2016.01.12 11:40:52.788,2.0656,2.06585,1.00,1.00
2016.01.12 11:40:53.293,2.0656,2.06586,1.00,1.00
2016.01.12 11:40:53.943,2.0656,2.06588,1.00,1.12
2016.01.12 11:40:54.550,2.06565,2.06591,1.00,1.37
2016.01.12 11:40:54.601,2.06565,2.06592,1.00,1.00
2016.01.12 11:40:54.652,2.06564,2.06595,1.87,1.00
2016.01.12 11:40:54.703,2.06564,2.06599,2.62,1.00
2016.01.12 11:40:54.754,2.06572,2.06599,1.37,1.00
2016.01.12 11:40:54.805,2.06582,2.06608,1.00,1.00
2016.01.12 11:40:54.856,2.06577,2.06611,1.00,1.00
2016.01.12 11:40:54.957,2.06584,2.06611,1.00,1.00
2016.01.12 11:40:55.498,2.06583,2.06611,1.00,1.00
2016.01.12 11:40:56.152,2.06583,2.06614,1.00,1.00
2016.01.12 11:40:58.961,2.06583,2.06615,1.00,1.00
2016.01.12 11:40:59.574,2.06583,2.06614,1.00,1.00
2016.01.12 11:40:59.822,2.06582,2.06612,1.00,1.00
2016.01.12 11:41:00.125,2.06579,2.06609,1.50,1.00
2016.01.12 11:41:00.428,2.06571,2.06605,1.75,1.12
2016.01.12 11:41:00.618,2.06571,2.06602,1.75,1.00
2016.01.12 11:41:01.193,2.0657,2.06602,1.37,1.50
2016.01.12 11:41:01.244,2.0657,2.06602,1.00,1.50
2016.01.12 11:41:02.889,2.06572,2.06602,1.00,1.00
2016.01.12 11:41:03.092,2.06574,2.06609,1.37,2.25
2016.01.12 11:41:03.891,2.06578,2.06609,1.00,1.50
2016.01.12 11:41:04.242,2.06579,2.06609,1.50,1.50
2016.01.12 11:41:04.743,2.06582,2.06609,1.00,1.00
2016.01.12 11:41:05.249,2.06582,2.0661,1.00,1.00
2016.01.12 11:41:05.753,2.06582,2.06609,1.00,1.00
2016.01.12 11:41:05.899,2.06579,2.06609,1.00,1.00
2016.01.12 11:41:08.106,2.06575,2.0661,1.12,1.00
2016.01.12 11:41:08.308,2.06575,2.06608,1.12,1.00
2016.01.12 11:41:08.667,2.06575,2.06601,1.12,1.00
2016.01.12 11:41:08.718,2.0657,2.06601,1.87,1.00
2016.01.12 11:41:08.769,2.0657,2.06602,1.00,1.00
2016.01.12 11:41:08.871,2.06568,2.06601,1.00,1.00
2016.01.12 11:41:09.463,2.06568,2.06602,1.00,1.50
2016.01.12 11:41:09.817,2.06565,2.06602,1.00,1.87
2016.01.12 11:41:09.969,2.06565,2.06599,1.00,1.00
2016.01.12 11:41:10.264,2.06565,2.06601,1.00,1.00
2016.01.12 11:41:12.021,2.06565,2.066,1.00,1.00
2016.01.12 11:41:12.522,2.06563,2.066,1.50,1.87
2016.01.12 11:41:13.375,2.06563,2.06598,1.50,1.00
2016.01.12 11:41:14.292,2.06563,2.066,1.50,1.87
2016.01.12 11:41:16.238,2.06563,2.06599,1.50,1.00
2016.01.12 11:41:18.757,2.06566,2.06602,1.00,1.50
2016.01.12 11:41:18.808,2.06566,2.066,1.00,1.00
2016.01.12 11:41:18.910,2.06566,2.06602,1.00,1.50
2016.01.12 11:41:19.502,2.06566,2.06602,1.37,1.00
2016.01.12 11:41:19.603,2.0657,2.06605,1.50,1.00
2016.01.12 11:41:19.654,2.06573,2.06605,1.12,1.00
2016.01.12 11:41:19.752,2.06575,2.0661,1.00,1.00
2016.01.12 11:41:19.955,2.06577,2.06612,1.00,1.50
2016.01.12 11:41:20.258,2.0658,2.06614,1.00,1.00
2016.01.12 11:41:20.562,2.06589,2.06623,1.50,1.00
2016.01.12 11:41:28.829,2.06588,2.06624,1.75,1.50
2016.01.12 11:41:28.930,2.06593,2.06629,1.00,1.12
2016.01.12 11:41:30.490,2.06593,2.06626,1.00,1.00
2016.01.12 11:41:32.531,2.06589,2.06626,1.50,1.00
2016.01.12 11:41:32.686,2.06589,2.06624,1.50,1.00
2016.01.12 11:41:33.269,2.06589,2.06622,1.50,1.00
2016.01.12 11:41:34.620,2.06589,2.06621,1.50,1.00
2016.01.12 11:41:35.154,2.06586,2.0662,1.75,1.50
2016.01.12 11:41:35.659,2.06586,2.0662,1.75,1.50
2016.01.12 11:41:36.167,2.06593,2.0662,1.00,1.00
2016.01.12 11:41:36.218,2.06593,2.06627,1.00,1.00
2016.01.12 11:41:36.723,2.06593,2.06628,1.00,1.00
2016.01.12 11:41:37.866,2.06593,2.06625,1.00,1.00
2016.01.12 11:41:37.968,2.0659,2.06625,1.00,1.00
2016.01.12 11:41:38.372,2.06588,2.06622,1.50,1.00
2016.01.12 11:41:38.718,2.06575,2.06601,1.00,1.00
2016.01.12 11:41:38.971,2.06569,2.06601,1.12,1.00
2016.01.12 11:41:39.893,2.0657,2.06601,1.00,1.00
2016.01.12 11:41:39.994,2.06573,2.06608,1.00,1.87
2016.01.12 11:41:41.627,2.06573,2.06602,1.00,1.00
2016.01.12 11:41:41.729,2.06567,2.06605,3.00,1.00
2016.01.12 11:41:41.783,2.06571,2.06606,1.00,1.00
2016.01.12 11:41:42.087,2.06574,2.06609,1.00,1.87
2016.01.12 11:41:43.843,2.06572,2.066,1.00,1.00
2016.01.12 11:41:43.944,2.06573,2.06606,1.00,1.00
2016.01.12 11:41:44.399,2.06573,2.06607,1.37,1.00
2016.01.12 11:41:44.449,2.06578,2.06613,1.00,1.00
2016.01.12 11:41:44.550,2.06582,2.06613,1.00,1.00
2016.01.12 11:41:44.753,2.06584,2.06618,1.50,1.00
2016.01.12 11:41:44.804,2.06587,2.06619,1.00,1.37
2016.01.12 11:41:44.854,2.06589,2.06621,1.00,1.00
2016.01.12 11:41:45.006,2.06592,2.06621,1.00,1.00
2016.01.12 11:41:45.057,2.06592,2.06625,1.00,1.00
2016.01.12 11:41:45.561,2.06593,2.06625,1.00,1.00
2016.01.12 11:41:46.002,2.06596,2.06627,1.00,1.12
2016.01.12 11:41:46.053,2.06596,2.06632,1.50,1.00
2016.01.12 11:41:46.154,2.06602,2.06632,1.00,1.00
2016.01.12 11:41:46.357,2.06608,2.0664,1.00,1.00
2016.01.12 11:41:46.458,2.06608,2.06637,1.00,1.00
2016.01.12 11:41:46.761,2.06609,2.06641,1.00,1.00
2016.01.12 11:41:46.862,2.06609,2.06638,1.00,1.00
2016.01.12 11:41:47.138,2.06605,2.06638,1.50,1.00
2016.01.12 11:41:47.661,2.06608,2.06642,1.00,1.87
2016.01.12 11:41:47.762,2.06608,2.06641,1.87,1.00
2016.01.12 11:41:47.864,2.06612,2.06645,1.00,1.00
2016.01.12 11:41:47.965,2.06609,2.0664,1.00,1.00
2016.01.12 11:41:48.070,2.06605,2.0664,2.62,1.00
2016.01.12 11:41:48.122,2.06611,2.0664,1.00,1.00
2016.01.12 11:41:48.173,2.06611,2.06643,1.00,1.50
2016.01.12 11:41:49.868,2.06606,2.06634,1.50,1.00
2016.01.12 11:41:50.071,2.06598,2.06632,1.00,1.50
2016.01.12 11:41:50.527,2.06602,2.06633,1.00,1.37
2016.01.12 11:41:50.578,2.06602,2.06633,1.00,1.00
2016.01.12 11:41:50.731,2.06598,2.06633,1.00,1.00
2016.01.12 11:41:50.984,2.06601,2.06633,1.00,1.00
2016.01.12 11:41:51.747,2.06601,2.06632,1.00,1.00
2016.01.12 11:41:52.251,2.06601,2.06638,1.37,1.12
2016.01.12 11:41:52.302,2.06605,2.06638,1.00,1.12
2016.01.12 11:41:52.353,2.06605,2.06641,1.00,1.00
2016.01.12 11:41:52.505,2.06608,2.06641,1.00,1.00
2016.01.12 11:41:53.372,2.06614,2.06647,1.37,1.87
2016.01.12 11:41:53.423,2.06614,2.06647,1.75,1.50
2016.01.12 11:41:53.524,2.06615,2.06648,1.00,1.00
2016.01.12 11:41:53.575,2.06614,2.06649,2.62,1.00
2016.01.12 11:41:53.676,2.06614,2.06651,1.75,1.00
2016.01.12 11:41:53.727,2.06614,2.06651,1.50,1.00
2016.01.12 11:41:54.292,2.06614,2.0665,1.50,1.00
2016.01.12 11:41:54.595,2.06616,2.06654,1.00,1.12
2016.01.12 11:41:55.251,2.06616,2.06653,1.00,1.00
2016.01.12 11:41:55.605,2.06621,2.06653,1.00,1.00
2016.01.12 11:41:56.165,2.06621,2.06652,1.00,1.00
2016.01.12 11:41:57.280,2.06621,2.06653,1.00,1.00
2016.01.12 11:41:57.785,2.06622,2.06653,1.00,1.00
2016.01.12 11:41:58.302,2.06621,2.06653,1.00,1.00
2016.01.12 11:41:58.857,2.06621,2.0665,1.00,1.00
2016.01.12 11:41:58.908,2.06616,2.0665,1.00,1.00
2016.01.12 11:42:00.894,2.06618,2.0665,1.00,1.00
2016.01.12 11:42:00.996,2.06618,2.06653,1.00,1.00
2016.01.12 11:42:01.097,2.0662,2.06649,1.00,1.00
2016.01.12 11:42:01.199,2.06618,2.06649,1.00,1.00
2016.01.12 11:42:02.466,2.06618,2.06646,1.00,1.00
2016.01.12 11:42:02.618,2.0661,2.06643,1.00,1.00
2016.01.12 11:42:02.669,2.06607,2.06644,1.50,1.00
2016.01.12 11:42:03.085,2.06604,2.06643,1.87,1.12
2016.01.12 11:42:03.136,2.06604,2.06643,1.12,2.25
2016.01.12 11:42:03.389,2.06596,2.06629,1.00,1.12
2016.01.12 11:42:03.490,2.06591,2.0663,1.75,1.50
2016.01.12 11:42:06.368,2.06591,2.06629,1.75,1.00
2016.01.12 11:42:07.420,2.06591,2.0663,1.75,1.50
2016.01.12 11:42:07.925,2.06596,2.06635,1.37,2.25
2016.01.12 11:42:07.976,2.06596,2.06635,2.25,1.50
2016.01.12 11:42:08.114,2.06601,2.06635,1.00,1.00
2016.01.12 11:42:08.166,2.06601,2.06637,1.00,1.00
2016.01.12 11:42:08.469,2.06598,2.06637,1.50,1.00
2016.01.12 11:42:08.570,2.06601,2.06637,1.00,1.00
2016.01.12 11:42:08.924,2.06599,2.06637,1.12,1.00
2016.01.12 11:42:09.076,2.06599,2.06635,1.12,1.00
2016.01.12 11:42:09.576,2.06598,2.06632,1.50,1.00
2016.01.12 11:42:09.778,2.06595,2.06631,1.50,1.00
2016.01.12 11:42:09.879,2.06598,2.06631,1.00,1.00
2016.01.12 11:42:10.209,2.06598,2.06629,1.00,1.00
2016.01.12 11:42:10.729,2.06597,2.0663,1.00,1.00
2016.01.12 11:42:11.235,2.06596,2.06629,1.00,1.00
2016.01.12 11:42:11.984,2.06594,2.06629,1.87,1.00
2016.01.12 11:42:12.625,2.06594,2.0663,1.87,1.00
2016.01.12 11:42:13.730,2.06594,2.06629,1.87,1.00
2016.01.12 11:42:14.259,2.06594,2.0663,1.87,1.00
2016.01.12 11:42:15.409,2.06596,2.06631,1.00,1.00
2016.01.12 11:42:15.712,2.06598,2.06633,1.50,1.00
2016.01.12 11:42:15.955,2.06596,2.06632,1.00,1.00
2016.01.12 11:42:16.713,2.06596,2.06631,1.00,1.00
2016.01.12 11:42:17.399,2.06596,2.06632,1.00,1.50
2016.01.12 11:42:19.007,2.06596,2.06631,1.00,1.00
2016.01.12 11:42:19.539,2.06596,2.0663,1.00,1.00
2016.01.12 11:42:19.590,2.06593,2.0663,1.00,1.50
2016.01.12 11:42:21.924,2.06595,2.0663,1.00,1.00
2016.01.12 11:42:21.975,2.06597,2.06633,1.00,1.87
2016.01.12 11:42:22.228,2.06595,2.06633,1.00,1.87
2016.01.12 11:42:22.777,2.06595,2.06631,1.00,1.00
2016.01.12 11:42:23.080,2.06593,2.06628,1.00,1.50
2016.01.12 11:42:23.732,2.06593,2.06626,1.00,1.00
2016.01.12 11:42:24.188,2.06593,2.06628,1.00,1.50
2016.01.12 11:42:26.721,2.06593,2.06627,1.00,1.00
2016.01.12 11:42:28.596,2.06593,2.06628,1.00,1.50
2016.01.12 11:42:29.798,2.06593,2.06627,1.00,1.00
2016.01.12 11:42:29.900,2.06593,2.06625,1.00,1.00
2016.01.12 11:42:30.468,2.06589,2.06625,1.00,1.00
2016.01.12 11:42:30.670,2.06589,2.06621,1.00,1.00
2016.01.12 11:42:30.783,2.06589,2.06624,1.00,1.00
2016.01.12 11:42:31.238,2.0659,2.06626,1.00,1.00
2016.01.12 11:42:34.455,2.0659,2.06627,1.00,1.00
2016.01.12 11:42:35.199,2.06591,2.06627,1.00,1.00
2016.01.12 11:42:35.704,2.06591,2.06628,1.00,1.87
2016.01.12 11:42:36.843,2.06591,2.06628,1.37,1.12
2016.01.12 11:42:36.944,2.06597,2.06633,1.00,1.50
2016.01.12 11:42:37.467,2.06598,2.06634,1.00,1.75
2016.01.12 11:42:37.770,2.06598,2.06629,1.00,1.00
2016.01.12 11:42:37.973,2.06582,2.06615,1.00,1.50
2016.01.12 11:42:38.075,2.06579,2.06615,1.00,2.62
2016.01.12 11:42:38.131,2.06579,2.06612,1.00,1.00
2016.01.12 11:42:38.443,2.06578,2.06605,1.00,1.00
2016.01.12 11:42:38.494,2.06576,2.06605,1.00,1.00
2016.01.12 11:42:38.545,2.06571,2.06605,1.12,1.00
2016.01.12 11:42:38.972,2.06574,2.06611,1.00,1.50
2016.01.12 11:42:42.587,2.06574,2.06609,1.00,1.00
2016.01.12 11:42:44.042,2.06574,2.0661,1.00,1.87
2016.01.12 11:42:44.548,2.06574,2.06609,1.00,1.00
2016.01.12 11:42:45.213,2.06572,2.06609,1.00,1.50
2016.01.12 11:42:45.264,2.06572,2.06606,1.00,1.00
2016.01.12 11:42:45.798,2.06571,2.06606,1.12,2.25
2016.01.12 11:42:46.303,2.06571,2.06605,1.12,1.00
2016.01.12 11:42:51.669,2.06571,2.06606,1.12,1.50
2016.01.12 11:42:51.972,2.06565,2.066,1.12,1.00
2016.01.12 11:42:52.231,2.06562,2.06598,1.00,1.00
2016.01.12 11:42:52.383,2.06561,2.06596,1.12,1.00
2016.01.12 11:42:52.775,2.06558,2.06594,1.75,1.00
2016.01.12 11:42:53.330,2.06557,2.06592,1.75,1.00
2016.01.12 11:42:53.509,2.06557,2.06592,1.00,1.50
2016.01.12 11:42:53.611,2.06553,2.06591,3.00,1.00
2016.01.12 11:42:53.766,2.06553,2.06588,2.25,1.00
2016.01.12 11:42:53.871,2.06553,2.06591,2.25,1.87
2016.01.12 11:42:54.333,2.06553,2.0659,1.00,1.87
2016.01.12 11:42:54.384,2.06553,2.06589,1.00,1.37
2016.01.12 11:42:54.536,2.06544,2.06581,1.00,1.50
2016.01.12 11:42:54.688,2.06543,2.06581,1.50,1.50
2016.01.12 11:42:54.991,2.06545,2.06581,1.00,1.50
2016.01.12 11:42:55.339,2.06548,2.06581,1.00,1.50
2016.01.12 11:42:55.440,2.06548,2.06581,1.00,1.00
2016.01.12 11:42:58.195,2.06545,2.06581,1.00,1.00
2016.01.12 11:42:59.808,2.06547,2.06584,1.00,1.87
2016.01.12 11:42:59.910,2.06548,2.06584,1.75,1.00
2016.01.12 11:42:59.960,2.0655,2.06587,1.12,1.00
2016.01.12 11:43:00.011,2.0655,2.06591,1.12,2.25
2016.01.12 11:43:01.909,2.06551,2.0659,1.00,1.12
2016.01.12 11:43:06.125,2.06556,2.06592,1.00,1.50
2016.01.12 11:43:06.327,2.06551,2.0659,1.00,1.00
2016.01.12 11:43:08.752,2.0655,2.06588,1.87,1.00
2016.01.12 11:43:09.184,2.0655,2.06591,2.62,1.50
2016.01.12 11:43:11.364,2.06552,2.06591,1.00,1.12
2016.01.12 11:43:11.667,2.06555,2.06594,1.50,1.00
2016.01.12 11:43:12.218,2.06555,2.06593,1.50,1.12
2016.01.12 11:43:12.521,2.06552,2.06591,1.75,1.00
2016.01.12 11:43:16.011,2.06557,2.06591,1.00,1.00
2016.01.12 11:43:16.213,2.06558,2.06598,1.00,2.25
2016.01.12 11:43:16.566,2.06555,2.06594,2.25,1.00
2016.01.12 11:43:16.902,2.06561,2.06597,1.00,1.87
2016.01.12 11:43:17.205,2.06566,2.06604,1.50,3.00
2016.01.12 11:43:17.659,2.06566,2.06595,1.00,1.00
2016.01.12 11:43:17.879,2.06546,2.06577,1.00,1.00
2016.01.12 11:43:17.930,2.06539,2.06575,1.37,1.00
2016.01.12 11:43:17.981,2.06539,2.06575,1.00,1.00
2016.01.12 11:43:18.235,2.06539,2.06571,1.00,1.00
2016.01.12 11:43:18.386,2.06536,2.0657,1.00,1.50
2016.01.12 11:43:18.595,2.06533,2.06568,1.00,1.00
2016.01.12 11:43:18.646,2.06534,2.06571,1.00,1.87
2016.01.12 11:43:18.747,2.06533,2.06572,1.37,1.00
2016.01.12 11:43:19.256,2.06534,2.06573,1.12,1.50
2016.01.12 11:43:19.407,2.06535,2.06574,1.37,1.12
2016.01.12 11:43:19.508,2.06535,2.06577,1.75,2.62
2016.01.12 11:43:20.225,2.06536,2.06576,1.75,1.00
2016.01.12 11:43:20.729,2.06537,2.06579,1.50,1.87
2016.01.12 11:43:20.830,2.06536,2.06577,1.75,1.00
2016.01.12 11:43:21.380,2.06537,2.06574,1.50,1.00
2016.01.12 11:43:22.929,2.06537,2.06571,1.50,1.00
2016.01.12 11:43:23.552,2.0654,2.06571,1.00,1.00
2016.01.12 11:43:23.805,2.0654,2.06574,1.00,1.00
2016.01.12 11:43:24.371,2.06539,2.06572,1.00,1.00
2016.01.12 11:43:24.872,2.06536,2.06571,1.00,1.00
2016.01.12 11:43:25.024,2.06541,2.06577,1.00,1.37
2016.01.12 11:43:25.075,2.06541,2.06577,1.87,1.00
2016.01.12 11:43:25.126,2.06543,2.0658,1.00,1.12
2016.01.12 11:43:25.650,2.06543,2.06579,1.00,1.00
2016.01.12 11:43:26.666,2.06542,2.06579,1.00,1.00
2016.01.12 11:43:26.868,2.06546,2.06579,1.00,1.00
2016.01.12 11:43:27.070,2.06546,2.06582,1.00,1.12
2016.01.12 11:43:27.121,2.06549,2.06582,1.00,1.12
2016.01.12 11:43:27.423,2.06549,2.06585,1.00,1.00
2016.01.12 11:43:27.834,2.06549,2.06582,1.00,1.00
2016.01.12 11:43:27.885,2.06546,2.06582,1.00,1.00
2016.01.12 11:43:27.936,2.06544,2.06576,1.37,1.12
2016.01.12 11:43:27.987,2.06544,2.06576,1.00,1.50
2016.01.12 11:43:28.038,2.06544,2.0657,1.00,1.00
2016.01.12 11:43:28.089,2.06534,2.06566,2.25,1.00
2016.01.12 11:43:28.341,2.06529,2.06569,1.37,1.12
2016.01.12 11:43:28.392,2.06529,2.06569,1.37,1.50
2016.01.12 11:43:28.544,2.06529,2.06565,1.37,1.00
2016.01.12 11:43:29.874,2.06529,2.06568,1.37,1.00
2016.01.12 11:43:30.627,2.06527,2.06565,2.25,1.00
2016.01.12 11:43:32.152,2.06535,2.06568,1.37,1.00
2016.01.12 11:43:32.457,2.06546,2.06582,1.37,1.75
2016.01.12 11:43:32.508,2.06538,2.06571,1.75,1.00
2016.01.12 11:43:32.610,2.06538,2.06574,1.75,1.00
2016.01.12 11:43:32.762,2.06539,2.06574,1.75,1.00
2016.01.12 11:43:32.813,2.06541,2.06579,1.75,1.00
2016.01.12 11:43:33.167,2.06543,2.06583,1.75,1.50
2016.01.12 11:43:33.276,2.06543,2.06583,1.75,1.00
2016.01.12 11:43:33.377,2.06546,2.06586,1.75,1.00
2016.01.12 11:43:33.882,2.06546,2.06585,1.75,1.00
2016.01.12 11:43:34.236,2.06545,2.06583,1.75,1.00
2016.01.12 11:43:35.421,2.06546,2.06583,1.00,2.25
2016.01.12 11:43:38.329,2.06544,2.06581,1.00,1.00
2016.01.12 11:43:38.703,2.06547,2.06583,1.00,1.50
2016.01.12 11:43:39.006,2.06559,2.06589,1.00,1.00
2016.01.12 11:43:39.158,2.06566,2.066,1.00,1.75
2016.01.12 11:43:39.562,2.06564,2.06599,1.00,1.75
2016.01.12 11:43:39.869,2.06558,2.06595,1.12,1.00
2016.01.12 11:43:39.970,2.06555,2.06592,1.37,1.00
2016.01.12 11:43:40.122,2.06553,2.06589,1.00,1.37
2016.01.12 11:43:40.223,2.06553,2.06589,1.00,1.37
2016.01.12 11:43:40.526,2.06554,2.0659,1.00,1.50
2016.01.12 11:43:40.627,2.06552,2.0659,1.50,1.50
2016.01.12 11:43:41.068,2.06552,2.06586,1.00,1.00
2016.01.12 11:43:43.638,2.06551,2.06586,1.00,1.50
2016.01.12 11:43:43.941,2.06539,2.06571,1.37,1.00
2016.01.12 11:43:44.445,2.06539,2.06572,1.00,1.50
2016.01.12 11:43:44.903,2.06536,2.06571,1.00,1.12
2016.01.12 11:43:44.954,2.06533,2.0657,1.00,1.12
2016.01.12 11:43:45.005,2.06532,2.06567,1.12,1.00
2016.01.12 11:43:45.460,2.06535,2.0657,1.00,1.00
2016.01.12 11:43:46.067,2.06532,2.06568,1.12,1.12
2016.01.12 11:43:46.571,2.06532,2.06567,1.12,1.00
2016.01.12 11:43:46.667,2.06532,2.06569,1.12,1.12
2016.01.12 11:43:47.715,2.06536,2.06571,1.00,1.12
2016.01.12 11:43:48.035,2.06547,2.06582,1.00,2.62
2016.01.12 11:43:48.338,2.06547,2.06579,1.12,1.00
2016.01.12 11:43:48.792,2.06547,2.06577,1.00,1.00
2016.01.12 11:43:48.843,2.06545,2.06577,1.00,1.00
2016.01.12 11:43:48.995,2.06545,2.06573,1.00,1.00
2016.01.12 11:43:49.176,2.06543,2.06573,1.00,1.50
2016.01.12 11:43:49.327,2.06537,2.06573,1.12,1.50
2016.01.12 11:43:49.883,2.06537,2.0657,1.12,1.00
2016.01.12 11:43:50.405,2.06537,2.06571,1.12,1.00
2016.01.12 11:43:52.760,2.06537,2.06572,1.12,1.50
2016.01.12 11:43:53.107,2.06537,2.06568,1.00,1.00
2016.01.12 11:43:53.612,2.06537,2.06572,1.00,1.75
2016.01.12 11:43:55.691,2.06541,2.06575,1.00,1.37
2016.01.12 11:43:55.742,2.06541,2.06579,1.50,1.87
2016.01.12 11:43:55.794,2.06548,2.0658,1.37,1.37
2016.01.12 11:43:55.845,2.06553,2.06586,1.00,1.00
2016.01.12 11:43:55.896,2.06554,2.06589,1.00,1.00
2016.01.12 11:43:56.250,2.06553,2.06577,1.00,1.00
2016.01.12 11:43:56.505,2.0654,2.06571,1.00,1.00
2016.01.12 11:43:57.053,2.06541,2.06571,1.00,1.00
2016.01.12 11:43:57.305,2.06538,2.06571,1.37,1.00
2016.01.12 11:43:59.211,2.06538,2.06573,1.37,1.00
2016.01.12 11:43:59.759,2.06538,2.06574,1.37,1.00
2016.01.12 11:44:03.078,2.06538,2.06573,1.37,1.00
2016.01.12 11:44:03.226,2.06546,2.06574,1.00,1.00
2016.01.12 11:44:03.277,2.06546,2.06577,1.00,1.00
2016.01.12 11:44:03.782,2.06546,2.0658,1.00,2.25
2016.01.12 11:44:05.282,2.06544,2.0658,1.00,3.75
2016.01.12 11:44:08.798,2.06546,2.06583,1.00,1.87
2016.01.12 11:44:09.110,2.06553,2.06583,1.00,1.12
2016.01.12 11:44:09.363,2.06557,2.06593,1.37,1.00
2016.01.12 11:44:09.666,2.06562,2.06593,1.00,1.00
2016.01.12 11:44:09.767,2.06558,2.06593,1.12,1.00
2016.01.12 11:44:10.214,2.06558,2.06596,1.87,1.00
2016.01.12 11:44:11.123,2.06558,2.06589,1.12,1.00
2016.01.12 11:44:11.224,2.06553,2.06589,1.37,1.00
2016.01.12 11:44:11.275,2.06552,2.06587,1.12,1.00
2016.01.12 11:44:11.380,2.06549,2.06584,1.00,1.00
2016.01.12 11:44:11.684,2.06549,2.06582,1.00,1.12
2016.01.12 11:44:12.037,2.06549,2.06583,1.00,1.37
2016.01.12 11:44:12.526,2.06549,2.06584,1.00,1.87
2016.01.12 11:44:12.734,2.06549,2.06584,1.00,2.62
2016.01.12 11:44:13.552,2.06545,2.06581,1.50,1.37
2016.01.12 11:44:13.755,2.06534,2.0657,1.12,1.87
2016.01.12 11:44:13.957,2.06533,2.06565,1.37,1.00
2016.01.12 11:44:15.297,2.06533,2.06566,1.37,1.00
2016.01.12 11:44:15.400,2.06533,2.06569,1.37,1.00
2016.01.12 11:44:15.854,2.06533,2.06567,1.37,1.00
2016.01.12 11:44:16.920,2.06533,2.06568,1.37,1.00
2016.01.12 11:44:17.223,2.06533,2.06565,1.37,1.00
2016.01.12 11:44:17.526,2.06532,2.06563,2.25,1.00
2016.01.12 11:44:18.361,2.06532,2.06566,2.25,1.00
2016.01.12 11:44:19.780,2.06535,2.0657,1.00,1.50
2016.01.12 11:44:23.036,2.06539,2.0657,1.00,1.00
2016.01.12 11:44:23.187,2.06545,2.06581,1.00,1.50
2016.01.12 11:44:23.289,2.0655,2.06584,1.00,1.75
2016.01.12 11:44:23.594,2.0654,2.06572,1.00,1.00
2016.01.12 11:44:23.695,2.06536,2.06572,1.87,1.00
2016.01.12 11:44:23.746,2.06538,2.06568,1.00,1.00
2016.01.12 11:44:23.954,2.06536,2.06568,1.00,1.00
2016.01.12 11:44:24.056,2.06533,2.06567,1.00,1.00
2016.01.12 11:44:24.157,2.06531,2.06567,1.12,1.00
2016.01.12 11:44:24.309,2.06533,2.06567,1.00,1.00
2016.01.12 11:44:24.878,2.06533,2.06568,1.00,1.00
2016.01.12 11:44:26.664,2.06533,2.06569,1.00,1.00
2016.01.12 11:44:27.177,2.06534,2.06572,1.00,2.25
2016.01.12 11:44:28.297,2.06535,2.06572,1.00,1.75
2016.01.12 11:44:29.231,2.06538,2.06573,1.00,1.75
2016.01.12 11:44:29.550,2.0654,2.06576,1.00,1.75
2016.01.12 11:44:29.853,2.06542,2.06576,1.00,1.75
2016.01.12 11:44:30.280,2.06542,2.06549,1.00,1.00
2016.01.12 11:44:30.381,2.06538,2.06549,1.00,1.00
2016.01.12 11:44:30.432,2.06532,2.06536,1.00,1.00
2016.01.12 11:44:30.584,2.06513,2.06538,1.00,1.00
2016.01.12 11:44:30.685,2.06499,2.06538,1.37,1.00
2016.01.12 11:44:30.786,2.06506,2.06541,1.00,1.50
2016.01.12 11:44:31.039,2.06509,2.06545,1.37,1.00
2016.01.12 11:44:31.140,2.06514,2.06548,1.00,1.00
2016.01.12 11:44:31.538,2.06511,2.06547,1.50,1.00
2016.01.12 11:44:31.589,2.06511,2.06544,1.00,1.00
2016.01.12 11:44:31.893,2.06506,2.06542,2.25,1.00
2016.01.12 11:44:33.567,2.06512,2.06542,1.00,1.00
2016.01.12 11:44:33.769,2.06512,2.06545,1.00,1.00
2016.01.12 11:44:33.921,2.06513,2.06549,1.00,1.12
2016.01.12 11:44:35.091,2.06514,2.06549,1.00,1.87
2016.01.12 11:44:35.598,2.06514,2.06548,1.00,1.00
2016.01.12 11:44:35.821,2.06514,2.06542,1.00,1.00
2016.01.12 11:44:35.973,2.06506,2.06537,1.00,1.00
2016.01.12 11:44:36.276,2.06502,2.06538,1.00,1.00
2016.01.12 11:44:36.428,2.06502,2.06538,1.37,1.00
2016.01.12 11:44:36.479,2.06502,2.06543,1.75,1.50
2016.01.12 11:44:36.544,2.06511,2.06543,2.25,1.00
2016.01.12 11:44:36.646,2.06514,2.06548,1.00,1.00
2016.01.12 11:44:36.849,2.06518,2.06548,1.00,1.00
2016.01.12 11:44:36.900,2.06518,2.06551,1.00,1.00
2016.01.12 11:44:37.001,2.06518,2.06548,1.00,1.00
2016.01.12 11:44:37.103,2.06518,2.06553,1.37,1.12
2016.01.12 11:44:37.153,2.06518,2.06553,1.75,1.00
2016.01.12 11:44:37.305,2.06521,2.06555,1.37,1.00
2016.01.12 11:44:38.072,2.06521,2.06554,1.37,1.00
2016.01.12 11:44:38.174,2.06515,2.06545,1.75,1.00
2016.01.12 11:44:38.275,2.0651,2.06545,1.00,1.87
2016.01.12 11:44:38.326,2.06504,2.06545,2.25,1.87
2016.01.12 11:44:38.680,2.06501,2.06537,1.75,1.00
2016.01.12 11:44:38.819,2.06499,2.06535,1.00,1.00
2016.01.12 11:44:40.166,2.06499,2.06536,1.00,1.00
2016.01.12 11:44:40.217,2.06499,2.06538,1.00,1.00
2016.01.12 11:44:40.620,2.06501,2.06538,1.00,1.50
2016.01.12 11:44:40.923,2.06517,2.06548,1.00,1.00
2016.01.12 11:44:41.226,2.06511,2.06547,1.00,1.00
2016.01.12 11:44:41.442,2.06508,2.06547,2.25,1.50
2016.01.12 11:44:41.594,2.06508,2.06544,2.25,1.00
2016.01.12 11:44:42.405,2.06508,2.06543,2.25,1.00
2016.01.12 11:44:42.507,2.06508,2.06547,2.25,1.00
2016.01.12 11:44:42.557,2.06511,2.06547,1.00,1.00
2016.01.12 11:44:42.896,2.06515,2.06548,1.00,1.00
2016.01.12 11:44:43.409,2.06515,2.06547,1.00,1.00
2016.01.12 11:44:44.569,2.06515,2.06545,1.00,1.00
2016.01.12 11:44:45.113,2.06515,2.06546,1.00,1.00
2016.01.12 11:44:46.517,2.06515,2.06545,1.00,1.00
2016.01.12 11:44:46.568,2.06508,2.06545,1.50,1.00
2016.01.12 11:44:46.969,2.06508,2.06541,1.50,1.00
2016.01.12 11:44:47.326,2.06509,2.06544,1.12,1.50
2016.01.12 11:44:48.636,2.06509,2.06545,1.12,1.00
2016.01.12 11:44:49.144,2.06509,2.06544,1.12,1.00
2016.01.12 11:44:49.731,2.06504,2.06538,1.75,1.00
2016.01.12 11:44:49.781,2.06504,2.06538,1.00,1.00
2016.01.12 11:44:49.933,2.065,2.06534,1.75,1.00
2016.01.12 11:44:51.308,2.06496,2.06533,1.75,1.00
2016.01.12 11:44:51.410,2.06496,2.06532,1.00,1.00
2016.01.12 11:44:51.915,2.06496,2.06529,1.00,1.00
2016.01.12 11:44:52.446,2.06496,2.06528,1.00,1.00
2016.01.12 11:44:52.750,2.0649,2.06526,1.75,1.12
2016.01.12 11:44:52.801,2.0649,2.06523,1.75,1.00
2016.01.12 11:44:52.902,2.06485,2.06521,1.00,1.00
2016.01.12 11:44:53.054,2.06483,2.0652,1.50,1.00
2016.01.12 11:44:53.104,2.06483,2.06517,1.00,1.00
2016.01.12 11:44:54.415,2.06483,2.06518,1.00,1.00
2016.01.12 11:44:56.269,2.06484,2.06518,1.00,1.00
2016.01.12 11:45:00.411,2.06484,2.0652,1.00,1.00
2016.01.12 11:45:01.241,2.06484,2.06518,1.00,1.00
2016.01.12 11:45:01.789,2.06483,2.06518,1.00,1.00
2016.01.12 11:45:02.201,2.06481,2.06518,1.00,1.75
2016.01.12 11:45:02.592,2.06483,2.06517,1.00,1.75
2016.01.12 11:45:03.346,2.06481,2.06518,1.00,1.75
2016.01.12 11:45:04.261,2.06478,2.06517,1.00,2.25
2016.01.12 11:45:04.405,2.06475,2.06508,1.50,1.00
2016.01.12 11:45:04.753,2.06475,2.06506,1.50,1.00
2016.01.12 11:45:06.310,2.06474,2.06508,1.75,1.37
2016.01.12 11:45:07.966,2.06474,2.06503,1.75,1.50
2016.01.12 11:45:08.118,2.0647,2.06503,1.00,1.37
2016.01.12 11:45:08.219,2.06469,2.06501,1.12,1.00
2016.01.12 11:45:08.320,2.0647,2.06499,1.00,1.00
2016.01.12 11:45:08.518,2.0647,2.06504,1.00,1.37
2016.01.12 11:45:09.019,2.0647,2.06501,1.00,1.00
2016.01.12 11:45:09.171,2.0647,2.06498,1.00,1.00
2016.01.12 11:45:09.474,2.0647,2.06496,1.00,1.37
2016.01.12 11:45:09.524,2.06462,2.06496,1.12,1.37
2016.01.12 11:45:10.074,2.06462,2.0649,1.12,1.00
2016.01.12 11:45:10.837,2.06462,2.06491,1.12,1.00
2016.01.12 11:45:11.241,2.06453,2.06491,1.00,1.00
2016.01.12 11:45:11.724,2.06454,2.06489,1.00,1.00
2016.01.12 11:45:12.042,2.06455,2.06492,1.00,1.00
2016.01.12 11:45:12.547,2.06455,2.06493,1.00,1.87
2016.01.12 11:45:12.799,2.06455,2.06491,1.00,1.00
2016.01.12 11:45:13.304,2.06456,2.06491,1.00,1.00
2016.01.12 11:45:13.549,2.06453,2.06491,1.00,1.00
2016.01.12 11:45:14.052,2.06454,2.06489,1.00,1.00
2016.01.12 11:45:14.113,2.06454,2.06493,1.00,1.87
2016.01.12 11:45:15.659,2.06452,2.06487,1.50,1.37
2016.01.12 11:45:15.760,2.06452,2.06486,1.00,1.00
2016.01.12 11:45:16.279,2.06452,2.06485,2.25,1.00
2016.01.12 11:45:16.330,2.06452,2.06489,1.50,1.00
2016.01.12 11:45:16.381,2.06452,2.06493,1.50,1.50
2016.01.12 11:45:16.482,2.06452,2.06487,3.00,1.00
2016.01.12 11:45:17.015,2.06451,2.06486,1.50,1.00
2016.01.12 11:45:17.524,2.06452,2.06486,1.37,1.00
2016.01.12 11:45:17.676,2.06452,2.0649,1.75,1.50
2016.01.12 11:45:18.165,2.06452,2.06492,2.25,1.50
2016.01.12 11:45:19.525,2.06458,2.06496,1.00,2.25
2016.01.12 11:45:19.990,2.06461,2.06495,1.00,1.75
2016.01.12 11:45:21.830,2.06459,2.06496,1.00,1.75
2016.01.12 11:45:23.985,2.06465,2.06494,1.37,1.12
2016.01.12 11:45:24.036,2.06465,2.06499,1.50,1.00
2016.01.12 11:45:24.087,2.06467,2.06499,1.37,1.00
2016.01.12 11:45:24.138,2.06468,2.06506,1.75,1.00
2016.01.12 11:45:24.188,2.06477,2.06508,1.00,1.00
2016.01.12 11:45:24.492,2.06483,2.06515,1.37,1.00
2016.01.12 11:45:24.795,2.06479,2.0651,1.37,1.00
2016.01.12 11:45:24.846,2.06479,2.0651,1.00,1.00
2016.01.12 11:45:25.049,2.06479,2.06512,1.00,1.00
2016.01.12 11:45:25.200,2.06477,2.06512,1.00,1.00
2016.01.12 11:45:25.749,2.06476,2.06511,1.50,1.00
2016.01.12 11:45:26.294,2.06477,2.06511,1.00,1.00
2016.01.12 11:45:26.433,2.06477,2.06509,1.00,1.00
2016.01.12 11:45:26.736,2.06476,2.06506,1.00,1.00
2016.01.12 11:45:26.924,2.06476,2.06508,1.00,1.00
2016.01.12 11:45:29.214,2.06476,2.06512,1.00,1.00
2016.01.12 11:45:29.315,2.06476,2.06517,1.50,1.12
2016.01.12 11:45:29.518,2.06476,2.06515,1.00,1.00
2016.01.12 11:45:29.841,2.06476,2.06513,1.00,1.37
2016.01.12 11:45:31.834,2.06476,2.06508,1.00,1.00
2016.01.12 11:45:32.502,2.06476,2.0651,1.00,1.00
2016.01.12 11:45:33.386,2.06476,2.06512,1.00,1.12
2016.01.12 11:45:33.589,2.06476,2.06509,1.00,1.00
2016.01.12 11:45:33.842,2.06476,2.06512,1.50,1.00
2016.01.12 11:45:34.044,2.06476,2.06506,1.50,1.00
2016.01.12 11:45:34.282,2.06473,2.06511,1.50,1.50
2016.01.12 11:45:35.685,2.06474,2.06511,1.00,1.50
2016.01.12 11:45:37.174,2.06475,2.06511,1.00,1.50
2016.01.12 11:45:39.127,2.06476,2.06511,1.00,1.00
2016.01.12 11:45:39.370,2.06482,2.06518,1.00,1.50
2016.01.12 11:45:39.522,2.06481,2.06518,1.50,1.00
2016.01.12 11:45:39.573,2.06481,2.06516,1.50,1.00
2016.01.12 11:45:39.779,2.06481,2.06518,1.50,1.00
2016.01.12 11:45:39.830,2.06481,2.06518,1.12,1.37
2016.01.12 11:45:41.067,2.06481,2.06518,1.50,1.00
2016.01.12 11:45:41.644,2.06481,2.06516,1.50,1.00
2016.01.12 11:45:41.833,2.06481,2.06518,1.50,1.12
2016.01.12 11:45:42.525,2.06483,2.06518,1.00,1.12
2016.01.12 11:45:42.842,2.06483,2.06516,1.00,1.00
2016.01.12 11:45:43.303,2.06481,2.06516,1.00,1.00
2016.01.12 11:45:43.505,2.06481,2.06519,1.00,1.12
2016.01.12 11:45:44.400,2.06481,2.06517,1.00,1.00
2016.01.12 11:45:46.205,2.06481,2.06515,1.00,1.00
2016.01.12 11:45:46.508,2.06481,2.06515,1.00,1.37
2016.01.12 11:45:46.811,2.06475,2.06508,1.75,1.00
2016.01.12 11:45:46.912,2.06475,2.0651,1.75,1.00
2016.01.12 11:45:47.883,2.06477,2.06514,1.12,1.87
2016.01.12 11:45:48.035,2.06479,2.06514,1.00,1.50
2016.01.12 11:45:48.365,2.06481,2.06518,1.00,1.75
2016.01.12 11:45:48.870,2.06479,2.06515,1.00,1.12
2016.01.12 11:45:49.401,2.06479,2.06514,1.00,1.00
2016.01.12 11:45:49.913,2.06477,2.06515,1.12,1.50
2016.01.12 11:45:50.073,2.06479,2.06515,1.00,1.00
2016.01.12 11:45:50.377,2.06482,2.06519,1.37,1.37
2016.01.12 11:45:50.428,2.06484,2.0652,1.00,1.00
2016.01.12 11:45:50.479,2.06486,2.06522,1.00,1.87
2016.01.12 11:45:51.331,2.06486,2.06519,1.00,1.00
2016.01.12 11:45:51.534,2.06486,2.06522,1.00,2.62
2016.01.12 11:45:51.585,2.06483,2.06518,1.12,1.00
2016.01.12 11:45:51.888,2.06473,2.06506,1.00,1.12
2016.01.12 11:45:51.940,2.06471,2.06506,1.00,1.12
2016.01.12 11:45:52.092,2.06475,2.06506,1.00,1.12
2016.01.12 11:45:54.645,2.06476,2.06513,1.00,1.75
2016.01.12 11:45:54.712,2.06476,2.06512,1.00,1.00
2016.01.12 11:45:54.763,2.06479,2.06512,1.00,1.00
2016.01.12 11:45:54.864,2.06483,2.06518,1.50,1.00
2016.01.12 11:45:55.016,2.06486,2.06522,1.00,1.75
2016.01.12 11:45:55.348,2.06489,2.06522,1.00,1.75
2016.01.12 11:45:58.264,2.06489,2.06522,1.00,1.00
2016.01.12 11:46:00.221,2.06487,2.06522,1.00,1.00
2016.01.12 11:46:01.559,2.06489,2.06522,1.00,1.00
2016.01.12 11:46:02.885,2.06487,2.06522,1.00,1.00
2016.01.12 11:46:02.986,2.0649,2.06522,1.00,1.00
2016.01.12 11:46:03.184,2.06487,2.06522,1.00,1.00
2016.01.12 11:46:05.493,2.0649,2.06522,1.50,1.00
2016.01.12 11:46:05.695,2.06495,2.0653,1.00,1.00
2016.01.12 11:46:05.746,2.06497,2.0653,1.00,1.00
2016.01.12 11:46:08.014,2.06498,2.0653,1.00,1.00
2016.01.12 11:46:08.561,2.06499,2.06536,1.00,1.75
2016.01.12 11:46:08.864,2.06497,2.06533,1.00,1.87
2016.01.12 11:46:08.915,2.06495,2.0653,1.00,1.00
2016.01.12 11:46:09.016,2.06492,2.06528,1.00,1.12
2016.01.12 11:46:09.169,2.0649,2.06525,1.00,1.00
2016.01.12 11:46:14.397,2.0649,2.06524,1.00,1.00
2016.01.12 11:46:15.857,2.0649,2.06525,1.00,1.50
2016.01.12 11:46:16.159,2.06493,2.06525,1.75,1.00
2016.01.12 11:46:16.563,2.06493,2.06525,1.75,1.00
2016.01.12 11:46:16.614,2.06494,2.06531,1.75,1.00
2016.01.12 11:46:16.776,2.06503,2.06537,1.12,1.00
2016.01.12 11:46:16.930,2.06503,2.06539,1.12,1.00
2016.01.12 11:46:17.283,2.06503,2.06539,1.75,1.00
2016.01.12 11:46:17.587,2.06509,2.06539,1.00,1.00
2016.01.12 11:46:17.688,2.06512,2.06545,1.12,1.87
2016.01.12 11:46:17.739,2.06521,2.06552,1.00,1.00
2016.01.12 11:46:17.891,2.06522,2.06561,1.12,1.00
2016.01.12 11:46:17.942,2.06531,2.06563,1.00,1.00
2016.01.12 11:46:18.598,2.06531,2.06564,1.00,1.87
2016.01.12 11:46:18.700,2.06531,2.06566,1.00,1.00
2016.01.12 11:46:19.721,2.06534,2.0657,1.00,1.00
2016.01.12 11:46:19.823,2.06537,2.06572,1.00,1.50
2016.01.12 11:46:20.025,2.06533,2.06571,1.00,1.12
2016.01.12 11:46:20.126,2.06531,2.06571,1.50,1.12
2016.01.12 11:46:20.943,2.06533,2.06571,1.00,1.12
2016.01.12 11:46:22.336,2.06531,2.06571,1.00,1.12
2016.01.12 11:46:22.532,2.06535,2.06571,1.00,1.00
2016.01.12 11:46:23.038,2.06535,2.06572,1.00,1.00
2016.01.12 11:46:23.240,2.06535,2.06576,1.00,1.00
2016.01.12 11:46:23.291,2.06539,2.06578,1.37,1.87
2016.01.12 11:46:23.342,2.0654,2.06578,1.75,1.50
2016.01.12 11:46:23.526,2.0654,2.06575,1.75,1.00
2016.01.12 11:46:23.830,2.06539,2.06573,1.75,1.00
2016.01.12 11:46:24.032,2.06533,2.06572,2.25,1.00
2016.01.12 11:46:24.437,2.06537,2.06577,1.50,1.12
2016.01.12 11:46:24.488,2.06541,2.06578,2.62,1.37
2016.01.12 11:46:24.742,2.0655,2.06587,1.00,1.50
2016.01.12 11:46:24.949,2.0655,2.06583,1.00,1.00
2016.01.12 11:46:25.636,2.0655,2.06582,1.00,1.00
2016.01.12 11:46:26.257,2.0655,2.0658,1.00,1.00
2016.01.12 11:46:26.308,2.06541,2.0658,1.75,1.50
2016.01.12 11:46:26.611,2.0654,2.06579,1.50,1.50
2016.01.12 11:46:27.201,2.06541,2.06579,1.00,1.00
2016.01.12 11:46:28.345,2.06541,2.06578,1.00,1.00
2016.01.12 11:46:29.001,2.06541,2.06574,1.00,1.00
2016.01.12 11:46:29.152,2.06539,2.06574,1.00,1.00
2016.01.12 11:46:29.354,2.06539,2.06572,1.00,1.00
2016.01.12 11:46:29.474,2.06539,2.06574,1.00,1.50
2016.01.12 11:46:35.507,2.06539,2.06574,1.00,1.37
2016.01.12 11:46:35.559,2.06535,2.06569,1.00,1.00
2016.01.12 11:46:35.761,2.06536,2.06566,1.00,1.00
2016.01.12 11:46:36.522,2.06535,2.06566,1.00,1.00
2016.01.12 11:46:37.032,2.06531,2.06566,1.75,1.00
2016.01.12 11:46:37.640,2.0653,2.06568,1.75,1.87
2016.01.12 11:46:37.746,2.0653,2.06566,1.75,1.00
2016.01.12 11:46:38.089,2.0653,2.06568,1.75,1.12
2016.01.12 11:46:38.742,2.0653,2.06567,1.75,1.00
2016.01.12 11:46:39.125,2.06531,2.06569,1.75,1.12
2016.01.12 11:46:41.301,2.06531,2.06571,1.75,2.62
2016.01.12 11:46:41.655,2.06534,2.06571,2.25,1.00
2016.01.12 11:46:41.706,2.06534,2.06573,2.25,1.00
2016.01.12 11:46:42.016,2.0654,2.06577,1.12,1.00
2016.01.12 11:46:42.117,2.0654,2.06575,1.12,1.00
2016.01.12 11:46:42.472,2.06536,2.06571,1.75,1.00
2016.01.12 11:46:44.365,2.0653,2.06571,2.25,1.12
2016.01.12 11:46:44.567,2.0653,2.06568,1.75,1.00
2016.01.12 11:46:45.009,2.06531,2.0657,1.50,1.00
2016.01.12 11:46:45.317,2.06531,2.06572,2.25,1.87
2016.01.12 11:46:45.418,2.06542,2.06572,1.50,1.12
2016.01.12 11:46:45.768,2.0655,2.06582,1.50,1.00
2016.01.12 11:46:45.819,2.0655,2.06586,1.50,1.00
2016.01.12 11:46:46.223,2.0655,2.06588,1.50,1.12
2016.01.12 11:46:48.123,2.06555,2.06589,1.00,1.50
2016.01.12 11:46:48.225,2.06552,2.06589,1.00,1.00
2016.01.12 11:46:48.427,2.06552,2.06587,1.00,1.00
2016.01.12 11:46:49.022,2.06551,2.06587,1.12,1.00
2016.01.12 11:46:49.132,2.06551,2.0659,1.12,1.12
2016.01.12 11:46:49.288,2.06549,2.06588,1.75,1.00
2016.01.12 11:46:49.987,2.06549,2.06587,1.75,1.00
2016.01.12 11:46:51.095,2.06551,2.0659,1.12,1.12
2016.01.12 11:46:51.246,2.06551,2.06587,1.12,1.00
2016.01.12 11:46:51.551,2.06546,2.06587,1.75,2.62
2016.01.12 11:46:51.804,2.06544,2.06584,1.50,1.37
2016.01.12 11:46:51.855,2.06544,2.06584,1.50,1.12
2016.01.12 11:46:52.258,2.06544,2.06584,1.00,1.37
2016.01.12 11:46:52.360,2.06544,2.06584,1.50,1.12
2016.01.12 11:46:52.410,2.06546,2.06584,1.00,1.12
2016.01.12 11:46:53.049,2.06548,2.06584,1.00,1.12
2016.01.12 11:46:53.352,2.06543,2.06579,1.00,1.37
2016.01.12 11:46:53.403,2.06539,2.06575,1.00,1.12
2016.01.12 11:46:53.454,2.06536,2.06575,1.50,1.37
2016.01.12 11:46:53.764,2.06532,2.0657,1.75,1.12
2016.01.12 11:46:55.087,2.06533,2.06573,2.25,1.37
2016.01.12 11:46:55.248,2.06533,2.06573,1.75,1.00
2016.01.12 11:46:55.754,2.06533,2.06574,1.75,1.37
2016.01.12 11:46:56.573,2.06537,2.06573,1.12,1.00
2016.01.12 11:46:57.160,2.06537,2.06575,1.12,1.00
2016.01.12 11:46:58.149,2.0654,2.06575,1.00,1.00
2016.01.12 11:46:58.672,2.06541,2.06575,1.00,1.00
2016.01.12 11:46:59.446,2.0654,2.06575,1.00,1.00
2016.01.12 11:47:00.009,2.06543,2.06575,1.00,1.00
2016.01.12 11:47:02.106,2.06543,2.06576,1.00,1.00
2016.01.12 11:47:03.271,2.06543,2.06579,1.00,2.25
2016.01.12 11:47:03.740,2.0654,2.06579,1.00,2.25
2016.01.12 11:47:04.043,2.06545,2.06579,1.00,1.50
2016.01.12 11:47:04.384,2.06558,2.06593,1.00,1.87
2016.01.12 11:47:04.436,2.06558,2.06593,1.00,1.00
2016.01.12 11:47:04.543,2.06558,2.06596,1.00,1.12
2016.01.12 11:47:04.898,2.06557,2.06597,1.87,1.12
2016.01.12 11:47:05.403,2.06564,2.06603,1.00,1.50
2016.01.12 11:47:05.501,2.06567,2.06605,1.00,1.87
2016.01.12 11:47:06.040,2.06576,2.0661,1.00,1.50
2016.01.12 11:47:06.343,2.06586,2.06619,1.00,1.00
2016.01.12 11:47:06.394,2.06582,2.06619,1.12,1.00
2016.01.12 11:47:07.339,2.06583,2.06619,1.00,1.00
2016.01.12 11:47:08.627,2.06579,2.06619,1.75,2.25
2016.01.12 11:47:08.678,2.06576,2.06611,2.25,1.00
2016.01.12 11:47:09.183,2.06576,2.06612,1.75,1.00
2016.01.12 11:47:09.486,2.06576,2.066,1.00,1.00
2016.01.12 11:47:09.874,2.06576,2.06605,1.00,1.00
2016.01.12 11:47:10.026,2.06576,2.06603,1.00,1.00
2016.01.12 11:47:10.329,2.0657,2.06601,1.50,1.00
2016.01.12 11:47:10.430,2.0657,2.0661,1.00,1.00
2016.01.12 11:47:10.942,2.0657,2.06609,3.00,1.00
2016.01.12 11:47:11.195,2.0657,2.06611,2.25,1.50
2016.01.12 11:47:11.662,2.0657,2.06608,1.00,1.00
2016.01.12 11:47:12.015,2.0657,2.06608,1.00,1.37
2016.01.12 11:47:12.116,2.0657,2.06608,1.00,1.00
2016.01.12 11:47:12.467,2.0657,2.06599,1.00,1.00
2016.01.12 11:47:12.620,2.06561,2.066,1.50,1.00
2016.01.12 11:47:12.722,2.06561,2.066,1.12,1.50
2016.01.12 11:47:12.924,2.0657,2.06608,1.75,1.00
2016.01.12 11:47:13.127,2.06569,2.06604,1.37,1.00
2016.01.12 11:47:13.228,2.06566,2.06603,1.50,1.00
2016.01.12 11:47:13.438,2.06573,2.06604,1.00,1.00
2016.01.12 11:47:13.640,2.06572,2.06608,1.00,1.00
2016.01.12 11:47:13.842,2.06572,2.06606,1.00,1.00
2016.01.12 11:47:14.095,2.06572,2.06608,1.00,1.00
2016.01.12 11:47:14.518,2.06572,2.06606,1.00,1.00
2016.01.12 11:47:19.264,2.06572,2.06611,1.00,2.25
2016.01.12 11:47:20.989,2.06573,2.06611,1.00,1.00
2016.01.12 11:47:21.494,2.06572,2.0661,1.00,1.00
2016.01.12 11:47:23.645,2.06572,2.06612,1.00,1.00
2016.01.12 11:47:24.194,2.06572,2.06613,1.00,1.50
2016.01.12 11:47:24.637,2.06575,2.06613,1.00,1.00
2016.01.12 11:47:24.739,2.06572,2.06612,1.50,1.00
2016.01.12 11:47:25.203,2.06574,2.06613,1.00,1.00
2016.01.12 11:47:25.405,2.06572,2.06613,1.50,1.50
2016.01.12 11:47:25.616,2.06575,2.06613,1.00,1.00
2016.01.12 11:47:26.171,2.06572,2.0661,2.25,1.00
2016.01.12 11:47:26.485,2.06572,2.0661,1.12,1.37
2016.01.12 11:47:26.536,2.06569,2.06611,1.00,2.25
2016.01.12 11:47:27.299,2.06571,2.0661,1.00,1.75
2016.01.12 11:47:27.400,2.0657,2.0661,1.50,1.00
2016.01.12 11:47:27.557,2.06573,2.0661,1.00,1.00
2016.01.12 11:47:27.709,2.06571,2.0661,1.00,1.00
2016.01.12 11:47:28.466,2.06574,2.0661,1.75,1.00
2016.01.12 11:47:31.270,2.06577,2.0661,1.00,1.00
2016.01.12 11:47:31.321,2.06577,2.06614,1.50,1.00
2016.01.12 11:47:31.372,2.06584,2.06614,1.00,1.00
2016.01.12 11:47:31.877,2.06585,2.06615,1.00,1.12
2016.01.12 11:47:32.380,2.06585,2.06614,1.00,1.00
2016.01.12 11:47:32.721,2.06585,2.06624,1.12,1.75
2016.01.12 11:47:32.772,2.0659,2.06624,1.00,1.75
2016.01.12 11:47:32.874,2.06585,2.06623,1.00,1.75
2016.01.12 11:47:33.378,2.06585,2.06623,1.00,1.75
2016.01.12 11:47:33.644,2.06581,2.06624,1.00,2.25
2016.01.12 11:47:34.626,2.0658,2.06623,1.00,1.75
2016.01.12 11:47:35.729,2.06578,2.06621,1.50,1.75
2016.01.12 11:47:36.242,2.06577,2.06617,1.50,1.12
2016.01.12 11:47:36.293,2.06577,2.06617,1.50,1.75
2016.01.12 11:47:36.731,2.06583,2.0662,1.00,1.75
2016.01.12 11:47:36.883,2.06583,2.06625,1.00,3.00
2016.01.12 11:47:36.934,2.06585,2.06624,1.00,1.75
2016.01.12 11:47:36.984,2.06585,2.06624,1.00,1.50
2016.01.12 11:47:37.085,2.06587,2.06624,1.00,1.50
2016.01.12 11:47:37.306,2.06585,2.06624,1.00,1.50
2016.01.12 11:47:37.633,2.06588,2.06625,1.00,1.75
2016.01.12 11:47:37.835,2.06584,2.06625,1.50,1.75
2016.01.12 11:47:38.366,2.06579,2.06609,1.37,1.00
2016.01.12 11:47:38.518,2.0656,2.066,1.00,1.75
2016.01.12 11:47:38.619,2.06559,2.06596,1.12,1.00
2016.01.12 11:47:38.923,2.06554,2.06593,1.00,1.00
2016.01.12 11:47:39.483,2.06556,2.06593,1.00,1.00
2016.01.12 11:47:39.988,2.06557,2.06593,1.00,1.00
2016.01.12 11:47:40.490,2.06559,2.06593,1.00,1.00
2016.01.12 11:47:40.591,2.06559,2.06599,1.50,1.12
2016.01.12 11:47:41.095,2.06559,2.06596,1.50,1.00
2016.01.12 11:47:41.279,2.0655,2.06589,1.50,1.00
2016.01.12 11:47:41.330,2.0655,2.06584,1.00,1.00
2016.01.12 11:47:41.380,2.06547,2.06584,1.50,1.75
2016.01.12 11:47:41.683,2.06542,2.06582,1.50,1.12
2016.01.12 11:47:42.188,2.06544,2.06584,1.00,2.25
2016.01.12 11:47:42.366,2.06546,2.06584,1.00,2.25
2016.01.12 11:47:43.024,2.06548,2.06585,1.00,1.75
2016.01.12 11:47:43.541,2.06547,2.06585,1.00,1.75
2016.01.12 11:47:44.046,2.06546,2.06582,1.00,1.12
2016.01.12 11:47:44.147,2.06542,2.06582,1.87,1.12
2016.01.12 11:47:44.198,2.06546,2.06585,1.00,1.75
2016.01.12 11:47:44.562,2.06551,2.06591,1.50,2.25
2016.01.12 11:47:44.613,2.06553,2.0659,1.00,1.00
2016.01.12 11:47:44.664,2.06556,2.0659,1.00,1.00
2016.01.12 11:47:44.866,2.06558,2.06598,1.50,1.00
2016.01.12 11:47:44.967,2.0656,2.06595,1.12,1.00
2016.01.12 11:47:45.764,2.06557,2.06595,1.75,1.37
2016.01.12 11:47:46.268,2.06557,2.06595,1.75,1.00
2016.01.12 11:47:46.622,2.06557,2.06597,2.25,1.00
2016.01.12 11:47:47.630,2.06557,2.06597,1.50,2.25
2016.01.12 11:47:48.140,2.06558,2.06597,1.00,1.75
2016.01.12 11:47:48.448,2.06575,2.06597,1.00,1.00
2016.01.12 11:47:48.601,2.06578,2.06609,2.25,1.00
2016.01.12 11:47:48.735,2.0658,2.06615,1.75,1.00
2016.01.12 11:47:48.836,2.06583,2.06622,1.00,1.00
2016.01.12 11:47:48.937,2.06586,2.06622,1.00,1.50
2016.01.12 11:47:50.363,2.06587,2.06622,1.00,1.00
2016.01.12 11:47:50.665,2.06592,2.06627,1.12,1.00
2016.01.12 11:47:50.975,2.06604,2.0664,1.00,1.75
2016.01.12 11:47:51.479,2.06605,2.0664,1.00,1.75
2016.01.12 11:47:51.782,2.06608,2.0664,1.00,1.75
2016.01.12 11:47:52.037,2.06608,2.06645,1.00,1.75
2016.01.12 11:47:52.592,2.06605,2.06644,1.00,1.50
2016.01.12 11:47:52.996,2.06601,2.06641,2.25,1.00
2016.01.12 11:47:55.008,2.06608,2.06644,1.00,1.50
2016.01.12 11:47:58.628,2.06611,2.06649,1.00,1.75
2016.01.12 11:47:58.831,2.06615,2.06649,1.00,1.00
2016.01.12 11:47:59.604,2.06611,2.06649,1.12,1.00
2016.01.12 11:48:00.405,2.06611,2.06653,1.12,3.00
2016.01.12 11:48:01.581,2.06616,2.06653,1.00,1.75
2016.01.12 11:48:03.122,2.06611,2.06653,2.62,1.75
2016.01.12 11:48:03.480,2.06615,2.06654,1.00,1.75
2016.01.12 11:48:05.530,2.06614,2.06654,1.00,1.75
2016.01.12 11:48:06.795,2.06615,2.06655,1.00,1.75
2016.01.12 11:48:06.947,2.06617,2.06656,1.37,1.00
2016.01.12 11:48:07.097,2.06618,2.06658,1.12,1.12
2016.01.12 11:48:07.199,2.0662,2.06659,1.00,1.37
2016.01.12 11:48:07.740,2.06621,2.06659,1.00,1.37
2016.01.12 11:48:07.996,2.06618,2.06657,1.12,1.00
2016.01.12 11:48:08.250,2.06621,2.06657,1.00,1.00
2016.01.12 11:48:08.402,2.06617,2.06657,1.37,1.00
2016.01.12 11:48:08.452,2.06617,2.06655,1.87,1.00
2016.01.12 11:48:08.958,2.06615,2.06656,1.75,1.00
2016.01.12 11:48:11.054,2.06615,2.06655,2.25,1.00
2016.01.12 11:48:12.827,2.0662,2.0666,1.00,3.00
2016.01.12 11:48:12.928,2.06625,2.0666,1.00,1.50
2016.01.12 11:48:12.979,2.06625,2.0666,1.50,1.00
2016.01.12 11:48:13.091,2.06628,2.06668,1.00,2.25
2016.01.12 11:48:14.263,2.0663,2.06667,1.00,1.75
2016.01.12 11:48:17.080,2.06631,2.06667,1.00,1.75
2016.01.12 11:48:17.341,2.06628,2.06668,1.00,2.25
2016.01.12 11:48:17.392,2.06628,2.06665,1.00,1.75
2016.01.12 11:48:17.695,2.06637,2.06672,1.00,1.75
2016.01.12 11:48:17.985,2.06642,2.06677,1.00,1.75
2016.01.12 11:48:18.036,2.06644,2.0668,1.37,1.75
2016.01.12 11:48:18.087,2.06653,2.06683,1.00,1.75
2016.01.12 11:48:18.188,2.06653,2.06688,1.00,1.00
2016.01.12 11:48:18.491,2.06652,2.06693,1.12,2.25
2016.01.12 11:48:22.580,2.06651,2.06692,1.00,1.50
2016.01.12 11:48:23.019,2.06654,2.06692,1.00,1.50
2016.01.12 11:48:23.323,2.06656,2.06694,1.37,1.00
2016.01.12 11:48:23.374,2.06656,2.06694,1.37,1.00
2016.01.12 11:48:24.729,2.06656,2.06696,1.37,1.87
2016.01.12 11:48:26.982,2.06657,2.0669,1.12,2.25
2016.01.12 11:48:27.185,2.06637,2.06678,1.37,1.75
2016.01.12 11:48:27.387,2.06636,2.06674,1.00,1.37
2016.01.12 11:48:27.935,2.06635,2.06674,1.00,1.37
2016.01.12 11:48:28.551,2.06643,2.06674,1.00,1.37
2016.01.12 11:48:29.441,2.06646,2.0668,1.00,1.75
2016.01.12 11:48:29.695,2.06649,2.06689,1.00,1.75
2016.01.12 11:48:29.745,2.06651,2.06691,1.00,3.00
2016.01.12 11:48:30.200,2.06651,2.06684,1.00,1.00
2016.01.12 11:48:31.820,2.06649,2.06684,1.00,1.00
2016.01.12 11:48:31.972,2.06649,2.06685,1.00,1.37
2016.01.12 11:48:32.113,2.06639,2.06672,1.87,1.00
2016.01.12 11:48:32.265,2.06633,2.06675,3.00,1.12
2016.01.12 11:48:32.315,2.06633,2.06675,2.25,1.87
2016.01.12 11:48:32.854,2.06633,2.06671,1.75,1.00
2016.01.12 11:48:38.223,2.06629,2.06668,2.25,1.12
2016.01.12 11:48:38.325,2.06629,2.06668,1.75,1.37
2016.01.12 11:48:38.426,2.06629,2.06665,1.75,1.00
2016.01.12 11:48:39.538,2.06629,2.06668,1.75,1.00
2016.01.12 11:48:39.639,2.06646,2.06668,1.00,1.00
2016.01.12 11:48:39.841,2.0666,2.06694,1.00,1.00
2016.01.12 11:48:39.993,2.06658,2.06694,1.00,1.00
2016.01.12 11:48:40.642,2.06658,2.06695,1.00,1.00
2016.01.12 11:48:41.142,2.06658,2.06697,1.00,1.50
2016.01.12 11:48:41.394,2.06661,2.06696,1.00,1.00
2016.01.12 11:48:41.904,2.06661,2.06697,1.00,1.00
2016.01.12 11:48:41.955,2.06658,2.06697,1.00,1.00
2016.01.12 11:48:44.178,2.06656,2.06696,2.25,1.00
2016.01.12 11:48:44.230,2.06656,2.06691,1.50,1.87
2016.01.12 11:48:44.432,2.06644,2.06682,1.00,1.00
2016.01.12 11:48:44.957,2.06645,2.06682,1.00,1.00
2016.01.12 11:48:45.311,2.06645,2.06687,1.75,1.87
2016.01.12 11:48:45.362,2.06652,2.06688,1.00,1.12
2016.01.12 11:48:45.710,2.06654,2.06692,1.00,1.75
2016.01.12 11:48:45.811,2.06657,2.06692,1.00,1.00
2016.01.12 11:48:45.863,2.06657,2.06694,1.00,1.12
2016.01.12 11:48:46.015,2.06653,2.06693,1.12,1.00
2016.01.12 11:48:46.522,2.06652,2.06688,1.00,1.00
2016.01.12 11:48:47.148,2.06653,2.06688,1.00,1.00
2016.01.12 11:48:47.568,2.06653,2.06685,1.00,1.00
2016.01.12 11:48:47.760,2.06636,2.06675,2.62,1.00
2016.01.12 11:48:47.861,2.06638,2.06678,1.37,1.00
2016.01.12 11:48:47.912,2.06639,2.06673,1.12,1.50
2016.01.12 11:48:48.165,2.06626,2.06661,1.00,1.00
2016.01.12 11:48:48.674,2.06626,2.06665,1.00,1.75
2016.01.12 11:48:50.228,2.06624,2.06664,1.00,1.50
2016.01.12 11:48:50.729,2.06623,2.06664,1.12,1.50
2016.01.12 11:48:51.240,2.06624,2.06662,1.00,1.12
2016.01.12 11:48:51.442,2.06627,2.06662,1.87,1.12
2016.01.12 11:48:51.544,2.06632,2.06667,1.12,1.00
2016.01.12 11:48:51.645,2.06632,2.06667,1.50,1.12
2016.01.12 11:48:51.696,2.0663,2.06667,1.00,1.12
2016.01.12 11:48:51.847,2.06628,2.06663,1.00,1.75
2016.01.12 11:48:52.002,2.06623,2.06663,1.00,1.75
2016.01.12 11:48:52.204,2.06627,2.06663,1.00,1.75
2016.01.12 11:48:52.407,2.06624,2.06664,1.00,2.25
2016.01.12 11:48:52.660,2.06619,2.06657,1.75,1.00
2016.01.12 11:48:55.848,2.06618,2.06655,1.75,1.00
2016.01.12 11:48:56.240,2.06616,2.06656,1.00,1.12
2016.01.12 11:48:56.752,2.06615,2.06655,1.87,1.00
2016.01.12 11:48:57.857,2.06614,2.06655,1.12,1.00
2016.01.12 11:48:57.908,2.06618,2.06659,1.00,1.75
2016.01.12 11:48:58.059,2.06618,2.0666,1.75,1.87
2016.01.12 11:48:58.363,2.06619,2.06659,1.75,1.37
2016.01.12 11:48:58.666,2.06616,2.06656,2.25,1.00
2016.01.12 11:49:00.088,2.06616,2.06657,1.75,1.00
2016.01.12 11:49:00.739,2.06615,2.06655,1.37,1.37
2016.01.12 11:49:00.790,2.06611,2.0665,1.50,1.37
2016.01.12 11:49:00.992,2.06601,2.0664,1.75,1.00
2016.01.12 11:49:01.346,2.06597,2.06637,3.75,1.00
2016.01.12 11:49:01.498,2.06597,2.06636,1.75,1.37
2016.01.12 11:49:01.590,2.06591,2.06631,2.25,1.12
2016.01.12 11:49:01.641,2.06591,2.06631,1.75,1.12
2016.01.12 11:49:01.692,2.06591,2.06631,3.00,1.00
2016.01.12 11:49:01.743,2.06597,2.06635,1.00,1.75
2016.01.12 11:49:01.895,2.06597,2.06637,1.75,1.50
2016.01.12 11:49:02.975,2.06594,2.06634,1.75,1.00
2016.01.12 11:49:03.177,2.06596,2.06637,1.75,1.00
2016.01.12 11:49:03.582,2.06596,2.06637,1.00,1.75
2016.01.12 11:49:03.885,2.06607,2.06641,1.00,1.12
2016.01.12 11:49:04.093,2.06599,2.06638,1.50,1.75
2016.01.12 11:49:04.196,2.06607,2.06639,1.00,1.75
2016.01.12 11:49:05.835,2.06601,2.06637,1.00,1.75
2016.01.12 11:49:07.262,2.06602,2.06637,1.00,1.75
2016.01.12 11:49:07.481,2.06606,2.06637,1.00,1.75
2016.01.12 11:49:07.971,2.06606,2.06637,1.00,1.75
2016.01.12 11:49:08.292,2.06601,2.06637,1.00,1.75
2016.01.12 11:49:09.247,2.06602,2.06638,1.00,1.75
2016.01.12 11:49:09.751,2.06603,2.06638,1.00,1.75
2016.01.12 11:49:09.902,2.06607,2.06638,1.00,1.75
2016.01.12 11:49:10.004,2.06608,2.06638,1.00,1.50
2016.01.12 11:49:10.199,2.06609,2.06638,1.37,1.50
2016.01.12 11:49:10.502,2.06616,2.06638,1.00,1.12
2016.01.12 11:49:10.653,2.06609,2.06638,1.00,1.12
2016.01.12 11:49:12.012,2.0661,2.06647,1.00,1.75
2016.01.12 11:49:12.063,2.06615,2.06647,1.00,1.75
2016.01.12 11:49:12.342,2.0661,2.06639,1.00,1.00
2016.01.12 11:49:12.393,2.06606,2.06639,1.50,1.00
2016.01.12 11:49:12.901,2.06607,2.06639,1.00,1.00
2016.01.12 11:49:14.780,2.06603,2.06639,1.00,1.00
2016.01.12 11:49:19.016,2.06607,2.06639,1.00,1.00
2016.01.12 11:49:19.218,2.06611,2.06647,1.00,1.50
2016.01.12 11:49:19.370,2.06614,2.06652,1.00,2.25
2016.01.12 11:49:19.622,2.06615,2.06647,1.00,1.12
2016.01.12 11:49:19.673,2.06612,2.06647,1.50,1.12
2016.01.12 11:49:19.724,2.06612,2.06641,1.00,1.00
2016.01.12 11:49:19.775,2.06608,2.06641,1.00,1.00
2016.01.12 11:49:19.826,2.06608,2.06641,1.00,1.75
2016.01.12 11:49:19.876,2.06605,2.06641,1.50,1.75
2016.01.12 11:49:20.230,2.06605,2.06645,1.00,2.25
2016.01.12 11:49:20.331,2.06612,2.06645,1.00,1.50
2016.01.12 11:49:20.461,2.06602,2.06637,1.50,1.00
2016.01.12 11:49:20.562,2.06597,2.06635,1.12,1.00
2016.01.12 11:49:20.613,2.06597,2.06637,1.12,1.75
2016.01.12 11:49:20.917,2.06594,2.06633,1.00,1.87
2016.01.12 11:49:21.018,2.06591,2.06632,1.87,1.12
2016.01.12 11:49:21.069,2.06595,2.06632,1.00,1.12
2016.01.12 11:49:21.326,2.0659,2.0663,1.50,1.00
2016.01.12 11:49:21.427,2.06591,2.06632,1.50,1.75
2016.01.12 11:49:21.528,2.06599,2.06634,1.00,1.00
2016.01.12 11:49:21.630,2.06595,2.06634,1.50,1.00
2016.01.12 11:49:21.731,2.06598,2.06637,1.12,1.50
2016.01.12 11:49:22.034,2.06602,2.0664,1.50,1.50
2016.01.12 11:49:22.605,2.06603,2.0664,1.00,1.50
2016.01.12 11:49:23.142,2.06602,2.0664,2.25,1.50
2016.01.12 11:49:23.446,2.06606,2.0664,1.00,1.50
2016.01.12 11:49:23.497,2.06603,2.0664,1.00,1.50
2016.01.12 11:49:23.750,2.06605,2.0664,1.00,1.50
2016.01.12 11:49:23.852,2.06602,2.06641,1.50,1.75
2016.01.12 11:49:23.953,2.06605,2.0664,1.00,1.50
2016.01.12 11:49:24.155,2.06602,2.0664,1.50,1.50
2016.01.12 11:49:24.675,2.06603,2.0664,1.50,1.50
2016.01.12 11:49:25.199,2.06604,2.0664,1.00,1.50
2016.01.12 11:49:25.703,2.06603,2.0664,1.00,1.50
2016.01.12 11:49:26.258,2.06602,2.0664,1.50,1.50
2016.01.12 11:49:26.713,2.06606,2.06645,1.00,3.00
2016.01.12 11:49:27.225,2.06607,2.06645,1.00,2.25
2016.01.12 11:49:27.730,2.06606,2.06643,1.00,1.87
2016.01.12 11:49:28.534,2.06607,2.06643,1.00,1.87
2016.01.12 11:49:31.173,2.06606,2.06645,1.00,1.75
2016.01.12 11:49:32.521,2.06606,2.06638,1.00,1.00
2016.01.12 11:49:33.025,2.06607,2.06638,1.00,1.00
2016.01.12 11:49:33.429,2.06604,2.06638,1.00,1.00
2016.01.12 11:49:33.530,2.06606,2.06638,1.00,1.00
2016.01.12 11:49:33.732,2.0661,2.06643,1.00,1.00
2016.01.12 11:49:33.783,2.0661,2.06645,1.50,1.00
2016.01.12 11:49:33.834,2.06612,2.0665,1.00,1.50
2016.01.12 11:49:33.885,2.06612,2.0665,1.00,1.00
2016.01.12 11:49:36.075,2.06612,2.06649,1.00,1.00
2016.01.12 11:49:36.228,2.0661,2.06648,1.87,1.00
2016.01.12 11:49:36.380,2.0661,2.06646,1.87,1.00
2016.01.12 11:49:37.660,2.06611,2.06646,1.00,1.00
2016.01.12 11:49:37.964,2.06615,2.0665,1.50,1.12
2016.01.12 11:49:38.469,2.06614,2.06649,1.50,1.00
2016.01.12 11:49:40.042,2.06615,2.0665,1.00,1.00
2016.01.12 11:49:40.367,2.06613,2.06649,1.00,1.00
2016.01.12 11:49:44.532,2.06615,2.06649,1.00,1.00
2016.01.12 11:49:45.077,2.06613,2.06649,1.00,1.00
2016.01.12 11:49:45.635,2.06615,2.06649,1.00,1.00
2016.01.12 11:49:46.081,2.06613,2.06649,1.50,1.00
2016.01.12 11:49:46.182,2.0661,2.06648,1.12,1.00
2016.01.12 11:49:46.289,2.06609,2.06646,2.25,1.00
2016.01.12 11:49:47.129,2.06606,2.06643,2.25,1.00
2016.01.12 11:49:47.641,2.06608,2.06643,1.00,1.00
2016.01.12 11:49:48.755,2.06611,2.06643,1.00,1.00
2016.01.12 11:49:48.856,2.06615,2.0665,1.00,1.12
2016.01.12 11:49:48.907,2.06617,2.0665,1.00,1.12
2016.01.12 11:49:49.455,2.06618,2.0665,1.00,1.00
2016.01.12 11:49:49.960,2.06617,2.0665,1.00,1.00
2016.01.12 11:49:50.916,2.06621,2.0665,1.00,1.00
2016.01.12 11:49:50.967,2.06622,2.06654,1.12,1.00
2016.01.12 11:49:51.018,2.06622,2.06657,1.87,1.00
2016.01.12 11:49:51.119,2.06625,2.06661,1.00,1.00
2016.01.12 11:49:51.220,2.0663,2.06661,1.00,1.00
2016.01.12 11:49:51.271,2.0663,2.06663,1.00,1.12
2016.01.12 11:49:51.574,2.06628,2.06663,1.00,1.12
2016.01.12 11:49:53.433,2.0663,2.06665,1.00,1.37
2016.01.12 11:49:53.484,2.0663,2.06665,1.00,1.00
2016.01.12 11:49:54.863,2.0663,2.06663,1.00,1.00
2016.01.12 11:49:55.172,2.06619,2.06654,1.50,1.00
2016.01.12 11:49:56.293,2.06625,2.06656,1.00,1.00
2016.01.12 11:49:56.395,2.06621,2.06656,1.12,1.00
2016.01.12 11:49:57.050,2.06626,2.06656,1.00,1.00
2016.01.12 11:49:57.101,2.06626,2.0666,1.00,1.12
2016.01.12 11:49:57.152,2.06627,2.06663,2.25,1.00
2016.01.12 11:49:57.254,2.06632,2.06667,1.00,1.00
2016.01.12 11:49:57.800,2.06631,2.06664,1.00,1.00
2016.01.12 11:49:58.103,2.06629,2.06662,1.00,1.00
2016.01.12 11:49:58.154,2.0663,2.06666,1.00,1.00
2016.01.12 11:49:59.203,2.06628,2.06665,1.00,1.00
2016.01.12 11:49:59.999,2.06628,2.06665,1.00,1.87
2016.01.12 11:50:00.101,2.06627,2.06662,1.00,1.00
2016.01.12 11:50:00.458,2.06626,2.06659,1.00,1.00
2016.01.12 11:50:00.509,2.06622,2.06659,1.50,1.00
2016.01.12 11:50:00.560,2.06622,2.06656,1.50,1.00
2016.01.12 11:50:00.913,2.06622,2.06658,1.50,1.00
2016.01.12 11:50:01.421,2.06622,2.06659,1.50,1.00
2016.01.12 11:50:04.113,2.06626,2.06659,1.00,1.00
2016.01.12 11:50:04.416,2.06641,2.06669,1.00,1.00
2016.01.12 11:50:04.766,2.06642,2.06671,1.12,1.00
2016.01.12 11:50:04.817,2.06644,2.06676,2.25,1.00
2016.01.12 11:50:04.868,2.06647,2.06679,1.00,1.00
2016.01.12 11:50:05.120,2.06647,2.06683,1.87,1.00
2016.01.12 11:50:05.728,2.06657,2.06685,1.00,1.00
2016.01.12 11:50:06.032,2.06657,2.06682,1.00,1.00
2016.01.12 11:50:06.441,2.06662,2.06683,1.00,1.00
2016.01.12 11:50:06.779,2.06701,2.06713,1.00,1.00
2016.01.12 11:50:06.830,2.06696,2.06711,1.50,1.00
2016.01.12 11:50:06.982,2.06691,2.06711,1.00,1.00
2016.01.12 11:50:07.184,2.06689,2.06728,1.50,1.00
2016.01.12 11:50:07.616,2.0669,2.06731,1.12,1.50
2016.01.12 11:50:07.920,2.06693,2.06721,1.00,1.00
2016.01.12 11:50:08.122,2.06689,2.06722,1.00,1.37
2016.01.12 11:50:08.224,2.06689,2.0672,1.00,1.37
2016.01.12 11:50:08.632,2.06682,2.06714,1.00,1.00
2016.01.12 11:50:08.834,2.06682,2.06716,1.00,1.00
2016.01.12 11:50:08.885,2.06686,2.06716,1.00,1.00
2016.01.12 11:50:08.936,2.06686,2.06718,1.00,1.00
2016.01.12 11:50:09.037,2.0671,2.06728,1.00,1.75
2016.01.12 11:50:09.088,2.06714,2.06731,1.00,2.17
2016.01.12 11:50:09.138,2.06712,2.06726,3.30,1.00
2016.01.12 11:50:09.190,2.06722,2.06751,1.12,1.67
2016.01.12 11:50:09.241,2.06729,2.06764,1.00,1.75
2016.01.12 11:50:09.394,2.06731,2.06764,1.00,1.00
2016.01.12 11:50:09.501,2.06729,2.06762,1.00,1.75
2016.01.12 11:50:09.804,2.06728,2.0675,1.00,1.75
2016.01.12 11:50:09.855,2.0672,2.0675,1.00,2.25
2016.01.12 11:50:09.906,2.06716,2.0675,1.00,2.25
2016.01.12 11:50:10.458,2.06714,2.06745,1.00,1.00
2016.01.12 11:50:10.963,2.06714,2.06744,1.00,1.00
2016.01.12 11:50:11.165,2.06714,2.06736,1.00,1.00
2016.01.12 11:50:11.266,2.06711,2.06736,1.00,1.00
2016.01.12 11:50:11.368,2.06711,2.06739,1.00,1.00
2016.01.12 11:50:11.419,2.06711,2.06737,1.00,1.00
2016.01.12 11:50:11.723,2.06711,2.06732,1.00,1.00
2016.01.12 11:50:11.925,2.06711,2.06736,1.00,1.00
2016.01.12 11:50:12.431,2.06711,2.06735,1.00,1.00
2016.01.12 11:50:12.667,2.06711,2.06737,1.00,1.00
2016.01.12 11:50:12.920,2.06711,2.06732,1.00,1.00
2016.01.12 11:50:14.125,2.06711,2.06735,1.00,1.50
2016.01.12 11:50:14.276,2.06708,2.06735,1.00,1.50
2016.01.12 11:50:14.327,2.06708,2.06732,1.00,1.00
2016.01.12 11:50:15.058,2.06708,2.06726,1.00,1.00
2016.01.12 11:50:15.210,2.06708,2.06732,1.00,1.00
2016.01.12 11:50:17.741,2.06708,2.06734,1.00,1.00
2016.01.12 11:50:18.758,2.06702,2.06733,1.00,1.00
2016.01.12 11:50:19.451,2.06702,2.06734,1.00,1.00
2016.01.12 11:50:19.991,2.06702,2.06735,1.00,1.00
2016.01.12 11:50:20.406,2.06702,2.06733,1.00,1.37
2016.01.12 11:50:21.918,2.06698,2.06728,1.00,1.00
2016.01.12 11:50:22.019,2.06698,2.06731,1.00,1.50
2016.01.12 11:50:23.694,2.067,2.06731,1.00,1.50
2016.01.12 11:50:25.382,2.06703,2.06731,1.37,1.00
2016.01.12 11:50:25.433,2.06706,2.06738,1.00,1.00
2016.01.12 11:50:25.484,2.06703,2.06738,1.12,1.50
2016.01.12 11:50:26.687,2.06703,2.06744,1.50,1.75
2016.01.12 11:50:31.081,2.06701,2.06741,1.00,2.25
2016.01.12 11:50:31.535,2.067,2.06737,1.50,1.00
2016.01.12 11:50:32.069,2.06701,2.06737,1.00,1.00
2016.01.12 11:50:32.607,2.067,2.06737,1.00,1.00
2016.01.12 11:50:33.112,2.067,2.06736,1.00,1.50
2016.01.12 11:50:33.738,2.067,2.06735,1.00,1.00
2016.01.12 11:50:34.781,2.067,2.06736,1.00,1.00
2016.01.12 11:50:34.882,2.067,2.06739,1.00,2.25
2016.01.12 11:50:35.185,2.06696,2.06733,1.00,1.00
2016.01.12 11:50:35.527,2.06693,2.06731,1.00,2.25
2016.01.12 11:50:35.679,2.06691,2.06725,1.87,1.12
2016.01.12 11:50:35.881,2.06692,2.06728,1.00,1.00
2016.01.12 11:50:35.982,2.06691,2.06722,1.00,1.00
2016.01.12 11:50:36.033,2.06687,2.06722,1.12,1.00
2016.01.12 11:50:36.235,2.06684,2.0672,1.75,1.00
2016.01.12 11:50:36.286,2.06684,2.0672,1.00,1.00
2016.01.12 11:50:36.455,2.06681,2.06716,1.37,1.00
2016.01.12 11:50:36.608,2.06677,2.06716,1.12,1.50
2016.01.12 11:50:36.659,2.06677,2.06711,1.12,1.00
2016.01.12 11:50:36.963,2.0668,2.06715,1.00,1.12
2016.01.12 11:50:37.014,2.06673,2.06711,1.50,1.50
2016.01.12 11:50:37.065,2.06673,2.06711,1.00,1.87
2016.01.12 11:50:37.116,2.06671,2.06709,1.00,1.75
2016.01.12 11:50:37.217,2.06673,2.06711,1.00,1.75
2016.01.12 11:50:37.268,2.06674,2.06711,1.00,1.37
2016.01.12 11:50:37.481,2.06673,2.06709,1.00,1.75
2016.01.12 11:50:37.633,2.06669,2.06703,1.00,1.50
2016.01.12 11:50:37.784,2.06667,2.06703,1.87,1.50
2016.01.12 11:50:37.987,2.0667,2.06703,1.00,1.50
2016.01.12 11:50:38.962,2.06666,2.06704,1.87,1.75
2016.01.12 11:50:39.215,2.06669,2.06704,1.00,1.75
2016.01.12 11:50:39.518,2.06664,2.06697,1.00,1.00
2016.01.12 11:50:41.376,2.06666,2.06697,1.00,1.00
2016.01.12 11:50:41.729,2.06666,2.06697,1.37,1.00
2016.01.12 11:50:41.780,2.06666,2.06704,1.37,1.00
2016.01.12 11:50:41.928,2.06673,2.06709,1.00,1.00
2016.01.12 11:50:42.029,2.06673,2.06709,1.37,1.50
2016.01.12 11:50:42.333,2.0668,2.06709,1.00,1.00
2016.01.12 11:50:42.383,2.06678,2.06709,1.00,1.00
2016.01.12 11:50:42.586,2.06668,2.06707,1.50,1.12
2016.01.12 11:50:42.788,2.06668,2.06707,1.00,1.75
2016.01.12 11:50:43.162,2.06663,2.06704,1.00,2.62
2016.01.12 11:50:43.314,2.06663,2.06698,1.00,1.00
2016.01.12 11:50:43.678,2.06666,2.06698,1.00,1.00
2016.01.12 11:50:43.830,2.06661,2.06698,1.00,1.50
2016.01.12 11:50:44.293,2.06663,2.06697,1.00,1.00
2016.01.12 11:50:45.006,2.06661,2.06697,1.12,1.00
2016.01.12 11:50:45.514,2.06661,2.06698,1.00,2.25
2016.01.12 11:50:46.019,2.0666,2.06698,1.12,1.50
2016.01.12 11:50:46.221,2.06657,2.06696,1.75,1.00
2016.01.12 11:50:46.543,2.06663,2.06698,1.00,1.50
2016.01.12 11:50:47.504,2.06663,2.06698,1.00,2.25
2016.01.12 11:50:47.758,2.06659,2.06697,1.00,1.50
2016.01.12 11:50:49.539,2.06657,2.06697,1.50,1.50
2016.01.12 11:50:49.772,2.06659,2.06697,1.00,1.50
2016.01.12 11:50:50.308,2.0666,2.06697,1.00,1.50
2016.01.12 11:50:51.091,2.06664,2.06698,1.00,1.75
2016.01.12 11:50:51.843,2.06664,2.06701,1.00,1.00
2016.01.12 11:50:51.937,2.06665,2.06703,1.87,1.87
2016.01.12 11:50:52.244,2.06677,2.06711,1.00,1.75
2016.01.12 11:50:52.598,2.06674,2.0671,1.00,1.50
2016.01.12 11:50:52.699,2.06671,2.0671,1.00,1.50
2016.01.12 11:50:53.236,2.06672,2.06711,1.00,2.25
2016.01.12 11:50:53.750,2.06671,2.0671,1.00,2.25
2016.01.12 11:50:57.561,2.0667,2.06707,1.00,1.00
2016.01.12 11:50:58.106,2.06668,2.06706,1.37,1.00
2016.01.12 11:50:58.258,2.06669,2.06707,1.00,1.75
2016.01.12 11:50:58.561,2.06671,2.0671,1.00,1.75
2016.01.12 11:50:59.068,2.0667,2.06706,1.00,1.75
2016.01.12 11:50:59.574,2.06669,2.06704,1.00,1.00
2016.01.12 11:50:59.776,2.06667,2.06704,1.50,1.50
2016.01.12 11:50:59.956,2.06667,2.067,1.00,1.00
2016.01.12 11:51:00.277,2.06664,2.06696,1.00,1.00
2016.01.12 11:51:00.581,2.06685,2.06714,1.00,1.00
2016.01.12 11:51:00.682,2.06685,2.0672,1.75,1.00
2016.01.12 11:51:00.733,2.06682,2.0672,1.12,1.00
2016.01.12 11:51:01.022,2.06686,2.06721,1.00,1.12
2016.01.12 11:51:01.072,2.06687,2.06724,1.00,1.50
2016.01.12 11:51:01.123,2.06687,2.06716,1.00,1.00
2016.01.12 11:51:01.174,2.06683,2.06719,1.00,1.00
2016.01.12 11:51:01.275,2.06682,2.06716,1.12,1.00
2016.01.12 11:51:01.583,2.06685,2.06716,1.00,1.00
2016.01.12 11:51:01.684,2.06687,2.0672,1.00,1.50
2016.01.12 11:51:02.236,2.06687,2.06722,1.00,1.50
2016.01.12 11:51:03.043,2.0669,2.06722,1.00,1.50
2016.01.12 11:51:03.295,2.06688,2.06722,1.00,1.50
2016.01.12 11:51:03.346,2.06689,2.06722,1.50,1.00
2016.01.12 11:51:03.649,2.06692,2.06722,1.00,1.00
2016.01.12 11:51:03.901,2.06688,2.06722,2.25,1.00
2016.01.12 11:51:04.714,2.06693,2.06725,1.00,1.00
2016.01.12 11:51:04.866,2.067,2.06735,1.00,1.00
2016.01.12 11:51:05.018,2.06703,2.06737,1.00,1.50
2016.01.12 11:51:05.527,2.06703,2.06738,1.00,1.50
2016.01.12 11:51:06.435,2.06703,2.06737,1.00,1.00
2016.01.12 11:51:08.097,2.06702,2.06737,1.00,1.00
2016.01.12 11:51:08.148,2.06702,2.06739,1.00,1.00
2016.01.12 11:51:08.199,2.06704,2.06739,1.00,1.00
2016.01.12 11:51:08.502,2.06715,2.06749,1.00,1.00
2016.01.12 11:51:09.026,2.06715,2.0675,1.00,1.12
2016.01.12 11:51:10.769,2.06716,2.06752,1.00,2.25
2016.01.12 11:51:10.971,2.06713,2.06752,1.50,2.25
2016.01.12 11:51:11.072,2.06716,2.06752,1.00,1.50
2016.01.12 11:51:11.409,2.06713,2.06752,1.50,2.25
2016.01.12 11:51:14.169,2.06714,2.06754,1.00,2.25
2016.01.12 11:51:16.633,2.06718,2.0675,1.00,1.12
2016.01.12 11:51:16.835,2.06728,2.06761,1.00,1.00
2016.01.12 11:51:17.037,2.06728,2.06763,1.00,1.12
2016.01.12 11:51:17.186,2.0673,2.06763,1.37,1.12
2016.01.12 11:51:17.489,2.06741,2.06776,1.00,2.25
2016.01.12 11:51:17.792,2.06738,2.06776,1.00,1.75
2016.01.12 11:51:17.843,2.06738,2.06768,1.00,1.00
2016.01.12 11:51:18.045,2.06731,2.06768,1.75,1.00
2016.01.12 11:51:18.885,2.06731,2.06767,1.75,1.00
2016.01.12 11:51:19.390,2.06732,2.06766,1.75,1.00
2016.01.12 11:51:20.146,2.06732,2.06767,1.75,1.00
2016.01.12 11:51:20.650,2.06731,2.06766,1.75,1.00
2016.01.12 11:51:22.167,2.06731,2.06767,1.75,1.00
2016.01.12 11:51:22.747,2.06734,2.06766,1.12,1.00
2016.01.12 11:51:23.269,2.06731,2.06767,1.75,1.00
2016.01.12 11:51:23.320,2.06731,2.06767,1.37,1.37
2016.01.12 11:51:23.371,2.06731,2.06767,1.00,1.75
2016.01.12 11:51:25.081,2.0673,2.06765,1.00,1.50
2016.01.12 11:51:26.832,2.06732,2.06764,1.00,1.37
2016.01.12 11:51:27.143,2.06741,2.06767,1.00,1.00
2016.01.12 11:51:27.295,2.06741,2.06773,1.00,1.00
2016.01.12 11:51:27.396,2.06745,2.06773,1.00,1.00
2016.01.12 11:51:27.497,2.06745,2.06777,1.00,1.75
2016.01.12 11:51:30.885,2.06745,2.06781,1.00,1.37
2016.01.12 11:51:31.389,2.06745,2.06779,1.00,1.00
2016.01.12 11:51:31.713,2.06745,2.06776,1.00,1.00
2016.01.12 11:51:33.521,2.06745,2.06778,1.00,1.00
2016.01.12 11:51:34.488,2.06745,2.06776,1.00,1.00
2016.01.12 11:51:34.791,2.06745,2.06779,1.00,1.00
2016.01.12 11:51:35.067,2.06748,2.06782,1.00,1.50
2016.01.12 11:51:35.638,2.06745,2.06781,1.00,1.37
2016.01.12 11:51:36.927,2.06748,2.06781,1.00,1.37
2016.01.12 11:51:41.533,2.06748,2.06782,1.12,1.00
2016.01.12 11:51:41.588,2.06751,2.06782,1.00,1.00
2016.01.12 11:51:41.892,2.06756,2.06787,1.00,1.12
2016.01.12 11:51:42.247,2.06752,2.06785,1.00,1.00
2016.01.12 11:51:42.349,2.06751,2.06783,1.00,1.00
2016.01.12 11:51:42.653,2.0676,2.06785,1.00,1.00
2016.01.12 11:51:42.754,2.0676,2.0679,1.00,1.75
2016.01.12 11:51:42.906,2.06763,2.06791,1.00,1.37
2016.01.12 11:51:42.956,2.06763,2.06791,1.00,1.00
2016.01.12 11:51:43.007,2.06765,2.06791,1.00,1.00
2016.01.12 11:51:43.310,2.06767,2.06793,1.00,1.00
2016.01.12 11:51:45.167,2.06764,2.06793,1.00,1.00
2016.01.12 11:51:45.621,2.06768,2.06793,1.00,1.00
2016.01.12 11:51:45.773,2.06768,2.06806,1.00,1.75
2016.01.12 11:51:45.824,2.06768,2.06806,1.37,1.37
2016.01.12 11:51:45.874,2.06774,2.06806,1.00,1.00
2016.01.12 11:51:45.925,2.06774,2.06808,1.00,1.00
2016.01.12 11:51:46.077,2.06771,2.06807,1.00,1.00
2016.01.12 11:51:46.128,2.06771,2.06808,1.50,1.37
2016.01.12 11:51:46.381,2.06764,2.06802,2.25,1.00
2016.01.12 11:51:46.432,2.06764,2.06797,1.00,1.00
2016.01.12 11:51:46.736,2.06758,2.06794,1.50,1.00
2016.01.12 11:51:46.837,2.06762,2.06794,1.00,1.00
2016.01.12 11:51:48.907,2.06761,2.06794,1.00,1.00
2016.01.12 11:51:49.442,2.06762,2.06794,1.00,1.00
2016.01.12 11:51:49.492,2.06755,2.06794,1.00,1.00
2016.01.12 11:51:49.543,2.06755,2.06789,1.00,1.12
2016.01.12 11:51:49.594,2.06747,2.06784,3.00,1.37
2016.01.12 11:51:49.645,2.06747,2.06781,1.00,1.00
2016.01.12 11:51:49.805,2.06734,2.06771,3.00,1.00
2016.01.12 11:51:49.907,2.06738,2.06771,1.00,1.00
2016.01.12 11:51:50.008,2.06746,2.06786,1.12,1.12
2016.01.12 11:51:50.535,2.06746,2.06785,1.12,1.00
2016.01.12 11:51:52.472,2.06749,2.06786,1.00,1.50
2016.01.12 11:51:52.573,2.06744,2.06786,1.50,2.25
2016.01.12 11:51:53.221,2.06744,2.06784,1.50,1.00
2016.01.12 11:51:54.125,2.0675,2.06786,1.00,1.50
2016.01.12 11:51:54.226,2.06753,2.06791,1.00,1.50
2016.01.12 11:51:54.676,2.06755,2.06795,1.00,2.25
2016.01.12 11:51:54.778,2.06752,2.06793,1.00,1.87
2016.01.12 11:51:54.879,2.06751,2.06791,1.00,1.12
2016.01.12 11:51:54.981,2.06749,2.0679,2.25,1.50
2016.01.12 11:51:55.082,2.06749,2.06788,1.75,1.37
2016.01.12 11:51:55.394,2.06748,2.06786,1.00,2.25
2016.01.12 11:51:55.445,2.06745,2.06784,1.00,1.37
2016.01.12 11:51:55.798,2.06744,2.06779,1.12,1.00
2016.01.12 11:51:56.101,2.06722,2.06757,1.75,1.00
2016.01.12 11:51:56.152,2.06722,2.06757,1.75,1.00
2016.01.12 11:51:56.366,2.06718,2.06752,1.75,1.00
2016.01.12 11:51:56.467,2.06715,2.06752,1.75,1.00
2016.01.12 11:51:58.998,2.06712,2.06748,3.00,1.00
2016.01.12 11:51:59.250,2.06715,2.06755,1.75,1.00
2016.01.12 11:51:59.402,2.06712,2.06752,1.75,1.00
2016.01.12 11:52:02.583,2.06712,2.06751,1.75,1.00
2016.01.12 11:52:02.786,2.06712,2.06749,1.12,1.00
2016.01.12 11:52:02.837,2.06712,2.06746,1.12,1.00
2016.01.12 11:52:03.173,2.06687,2.06725,2.25,1.00
2016.01.12 11:52:03.325,2.06689,2.06731,1.75,1.87
2016.01.12 11:52:03.477,2.06695,2.06731,1.75,1.00
2016.01.12 11:52:04.540,2.06696,2.06734,1.75,1.00
2016.01.12 11:52:04.792,2.06697,2.06737,2.25,1.00
2016.01.12 11:52:04.893,2.06701,2.06737,1.00,1.00
2016.01.12 11:52:06.548,2.06701,2.0674,1.00,1.50
2016.01.12 11:52:06.623,2.06701,2.0674,1.37,1.37
2016.01.12 11:52:07.140,2.067,2.0674,1.75,1.00
2016.01.12 11:52:07.394,2.06689,2.06726,2.25,1.00
2016.01.12 11:52:07.647,2.0669,2.06722,1.00,1.00
2016.01.12 11:52:07.951,2.06689,2.06719,1.00,1.00
2016.01.12 11:52:08.507,2.06689,2.06721,1.00,1.00
2016.01.12 11:52:09.037,2.06689,2.06723,1.00,1.00
2016.01.12 11:52:09.289,2.06689,2.06721,1.00,1.00
2016.01.12 11:52:10.583,2.06689,2.06722,1.00,1.00
2016.01.12 11:52:10.887,2.06695,2.06728,1.50,1.00
2016.01.12 11:52:11.039,2.06696,2.06732,1.00,1.50
2016.01.12 11:52:11.450,2.067,2.06733,1.00,1.50
2016.01.12 11:52:11.779,2.067,2.06731,1.00,1.00
2016.01.12 11:52:12.144,2.06697,2.06728,1.00,1.00
2016.01.12 11:52:12.447,2.06695,2.06723,1.00,1.00
2016.01.12 11:52:14.558,2.06695,2.06724,1.00,1.00
2016.01.12 11:52:15.082,2.06695,2.06723,1.00,1.00
2016.01.12 11:52:16.118,2.06695,2.06722,1.00,1.12
2016.01.12 11:52:16.474,2.0667,2.06697,1.00,1.00
2016.01.12 11:52:16.976,2.06669,2.06697,1.00,1.00
2016.01.12 11:52:17.484,2.06675,2.06697,1.00,1.00
2016.01.12 11:52:17.831,2.0669,2.06707,1.75,1.00
2016.01.12 11:52:17.882,2.06693,2.06727,1.12,1.00
2016.01.12 11:52:18.439,2.06689,2.06726,1.75,1.00
2016.01.12 11:52:18.941,2.06689,2.06727,1.75,1.00
2016.01.12 11:52:19.447,2.06688,2.06726,2.25,1.00
2016.01.12 11:52:19.986,2.06689,2.06725,1.75,1.12
2016.01.12 11:52:21.853,2.06694,2.06725,1.00,1.50
2016.01.12 11:52:21.955,2.06713,2.06727,1.00,1.00
2016.01.12 11:52:22.158,2.0673,2.06745,1.00,1.00
2016.01.12 11:52:22.313,2.0673,2.0676,1.12,1.00
2016.01.12 11:52:22.364,2.06733,2.06771,1.00,1.75
2016.01.12 11:52:22.465,2.06735,2.06771,1.00,1.75
2016.01.12 11:52:22.770,2.06738,2.06771,1.00,1.00
2016.01.12 11:52:22.871,2.06738,2.06773,1.00,1.00
2016.01.12 11:52:23.057,2.06737,2.06775,1.00,1.00
2016.01.12 11:52:23.459,2.06739,2.06774,1.00,1.50
2016.01.12 11:52:23.762,2.0675,2.06782,1.00,1.00
2016.01.12 11:52:23.864,2.0675,2.0679,1.00,1.87
2016.01.12 11:52:23.914,2.0675,2.0678,1.00,1.00
2016.01.12 11:52:23.965,2.06748,2.0678,1.12,1.00
2016.01.12 11:52:24.016,2.06748,2.0679,1.87,1.87
2016.01.12 11:52:24.215,2.06754,2.0679,1.00,1.87
2016.01.12 11:52:24.518,2.06754,2.06787,1.00,1.37
2016.01.12 11:52:25.174,2.06754,2.0679,1.00,1.37
2016.01.12 11:52:26.084,2.06754,2.06791,1.00,1.50
2016.01.12 11:52:26.605,2.06754,2.0679,1.00,1.00
2016.01.12 11:52:27.077,2.06754,2.06788,1.00,1.00
2016.01.12 11:52:27.766,2.06754,2.06787,1.00,1.00
2016.01.12 11:52:27.918,2.06745,2.06783,1.12,1.00
2016.01.12 11:52:27.968,2.06745,2.06778,1.00,1.37
2016.01.12 11:52:28.272,2.0674,2.06767,1.00,1.00
2016.01.12 11:52:28.352,2.06743,2.06781,1.00,1.50
2016.01.12 11:52:28.453,2.06743,2.06781,2.25,1.00
2016.01.12 11:52:29.211,2.06748,2.06783,1.00,1.00
2016.01.12 11:52:29.816,2.06745,2.06783,2.25,1.50
2016.01.12 11:52:29.867,2.06745,2.06783,2.25,1.50
2016.01.12 11:52:30.321,2.0675,2.06786,1.75,1.00
2016.01.12 11:52:30.372,2.06755,2.06786,1.00,1.00
2016.01.12 11:52:30.422,2.06756,2.06789,1.00,1.00
2016.01.12 11:52:30.652,2.06756,2.06794,2.25,1.00
2016.01.12 11:52:31.198,2.06756,2.06795,1.00,1.00
2016.01.12 11:52:31.249,2.06756,2.06795,1.75,1.00
2016.01.12 11:52:31.770,2.06758,2.06798,2.25,1.00
2016.01.12 11:52:31.922,2.06756,2.06796,2.25,1.00
2016.01.12 11:52:32.225,2.06751,2.06789,1.75,1.00
2016.01.12 11:52:32.991,2.0675,2.06783,1.75,1.00
2016.01.12 11:52:33.042,2.0675,2.06783,1.00,1.50
2016.01.12 11:52:33.093,2.06744,2.06783,2.62,1.87
2016.01.12 11:52:33.195,2.06744,2.06779,1.50,1.37
2016.01.12 11:52:33.245,2.06734,2.06771,1.75,1.00
2016.01.12 11:52:33.296,2.06731,2.06771,2.25,1.37
2016.01.12 11:52:33.809,2.06734,2.06769,1.75,1.00
2016.01.12 11:52:36.761,2.06734,2.06765,1.75,1.00
2016.01.12 11:52:36.976,2.06734,2.0677,1.75,1.37
2016.01.12 11:52:37.234,2.06735,2.06765,1.50,1.00
2016.01.12 11:52:39.185,2.06735,2.06767,1.50,1.00
2016.01.12 11:52:39.388,2.06737,2.06772,1.12,1.00
2016.01.12 11:52:40.249,2.06738,2.06772,1.00,1.00
2016.01.12 11:52:40.350,2.06738,2.06774,1.00,1.00
2016.01.12 11:52:40.851,2.06738,2.06773,1.00,1.00
2016.01.12 11:52:42.048,2.06738,2.06775,1.00,1.37
2016.01.12 11:52:42.150,2.06735,2.06771,1.50,1.37
2016.01.12 11:52:42.202,2.06732,2.0677,1.00,1.37
2016.01.12 11:52:42.505,2.06729,2.06765,2.25,1.00
2016.01.12 11:52:45.079,2.06728,2.06765,3.00,1.00
2016.01.12 11:52:45.382,2.06738,2.06767,1.00,1.00
2016.01.12 11:52:46.363,2.06731,2.06766,2.25,1.00
2016.01.12 11:52:46.868,2.06731,2.06765,1.75,1.00
2016.01.12 11:52:47.147,2.06731,2.06764,1.00,1.00
2016.01.12 11:52:47.669,2.06731,2.06765,1.00,1.00
2016.01.12 11:52:48.468,2.06732,2.06765,1.00,1.00
2016.01.12 11:52:49.173,2.06731,2.06765,1.00,1.00
2016.01.12 11:52:49.691,2.06731,2.06764,1.00,1.00
2016.01.12 11:52:50.932,2.06732,2.06764,1.00,1.00
2016.01.12 11:52:51.584,2.06731,2.06764,1.00,1.00
2016.01.12 11:52:52.163,2.06728,2.06764,1.75,1.37
2016.01.12 11:52:52.265,2.06725,2.06764,1.75,1.00
2016.01.12 11:52:52.316,2.06725,2.06763,1.00,1.37
2016.01.12 11:52:52.367,2.06725,2.06754,1.00,1.12
2016.01.12 11:52:52.418,2.06716,2.06754,1.75,1.12
2016.01.12 11:52:52.469,2.06716,2.06751,1.75,1.37
2016.01.12 11:52:52.620,2.06706,2.06742,1.00,1.00
2016.01.12 11:52:52.671,2.06703,2.06742,2.25,1.00
2016.01.12 11:52:53.501,2.06703,2.0674,3.75,1.00
2016.01.12 11:52:53.602,2.06707,2.06746,1.00,1.50
2016.01.12 11:52:54.602,2.06706,2.06747,1.00,1.75
2016.01.12 11:52:54.703,2.06705,2.06742,2.25,1.00
2016.01.12 11:52:55.210,2.06704,2.06743,1.12,1.00
2016.01.12 11:52:55.715,2.06705,2.06743,1.00,1.00
2016.01.12 11:52:56.253,2.06704,2.06743,1.12,1.00
2016.01.12 11:52:56.974,2.06704,2.06743,1.12,1.37
2016.01.12 11:52:58.098,2.06702,2.06738,1.75,1.12
2016.01.12 11:52:59.037,2.06703,2.06738,1.00,1.12
2016.01.12 11:52:59.340,2.06703,2.06736,1.00,1.00
2016.01.12 11:52:59.843,2.06702,2.06736,1.00,1.00
2016.01.12 11:53:00.197,2.06703,2.06727,1.00,1.12
2016.01.12 11:53:00.399,2.06699,2.06727,1.00,1.00
2016.01.12 11:53:00.450,2.06699,2.06731,1.00,1.00
2016.01.12 11:53:02.412,2.06699,2.0673,1.00,1.00
2016.01.12 11:53:03.635,2.06699,2.06731,1.00,1.00
2016.01.12 11:53:04.059,2.06699,2.06728,1.00,1.00
2016.01.12 11:53:04.111,2.06697,2.06728,1.00,1.00
2016.01.12 11:53:04.379,2.06693,2.0673,1.75,1.00
2016.01.12 11:53:04.531,2.06694,2.06727,1.75,1.00
2016.01.12 11:53:04.632,2.06691,2.06729,1.75,1.00
2016.01.12 11:53:04.733,2.0669,2.06721,1.75,1.00
2016.01.12 11:53:04.936,2.06681,2.06717,1.75,1.37
2016.01.12 11:53:05.037,2.06678,2.06709,1.75,1.00
2016.01.12 11:53:05.138,2.06672,2.06709,1.00,1.00
2016.01.12 11:53:07.781,2.06672,2.06708,1.00,1.00
2016.01.12 11:53:08.330,2.06672,2.06704,1.00,1.00
2016.01.12 11:53:08.481,2.06667,2.06704,1.00,1.37
2016.01.12 11:53:08.648,2.06665,2.067,1.00,1.12
2016.01.12 11:53:09.153,2.06664,2.067,1.00,1.12
2016.01.12 11:53:10.459,2.06663,2.067,1.00,1.00
2016.01.12 11:53:10.561,2.06661,2.067,1.00,1.00
2016.01.12 11:53:11.007,2.0666,2.067,1.00,1.37
2016.01.12 11:53:11.113,2.06655,2.06697,2.25,1.37
2016.01.12 11:53:11.719,2.06657,2.06697,1.00,1.37
2016.01.12 11:53:12.241,2.06657,2.06697,1.00,1.37
2016.01.12 11:53:12.292,2.06655,2.06694,1.50,1.12
2016.01.12 11:53:12.971,2.0666,2.06699,1.00,1.37
2016.01.12 11:53:13.073,2.06668,2.06703,1.00,1.00
2016.01.12 11:53:13.254,2.06668,2.06707,1.00,1.50
2016.01.12 11:53:13.406,2.06668,2.06705,1.00,1.00
2016.01.12 11:53:13.724,2.06657,2.06694,1.75,1.12
2016.01.12 11:53:13.775,2.06656,2.06694,1.00,1.37
2016.01.12 11:53:13.877,2.06653,2.06694,1.00,1.37
2016.01.12 11:53:13.978,2.06653,2.0669,1.00,1.00
2016.01.12 11:53:14.180,2.0665,2.06688,1.00,1.00
2016.01.12 11:53:14.380,2.0665,2.06691,1.00,1.37
2016.01.12 11:53:14.633,2.06653,2.06692,1.00,1.37
2016.01.12 11:53:14.836,2.0665,2.06689,1.50,1.00
2016.01.12 11:53:15.385,2.06651,2.0669,1.00,1.12
2016.01.12 11:53:15.927,2.06654,2.06693,1.00,1.37
2016.01.12 11:53:16.381,2.06661,2.06698,1.00,1.00
2016.01.12 11:53:16.685,2.06658,2.06696,1.00,1.00
2016.01.12 11:53:16.736,2.06658,2.06698,1.00,1.87
2016.01.12 11:53:16.930,2.06663,2.06702,1.00,1.87
2016.01.12 11:53:18.037,2.06663,2.06704,1.00,1.00
2016.01.12 11:53:18.347,2.06668,2.06704,1.00,1.00
2016.01.12 11:53:18.498,2.06668,2.06706,1.00,1.00
2016.01.12 11:53:18.600,2.06668,2.06705,1.00,1.37
2016.01.12 11:53:18.702,2.06659,2.06698,2.25,1.00
2016.01.12 11:53:18.753,2.0666,2.06694,1.12,1.00
2016.01.12 11:53:18.804,2.06662,2.06694,1.00,1.00
2016.01.12 11:53:18.854,2.06662,2.06698,1.00,1.00
2016.01.12 11:53:18.905,2.0667,2.06707,1.00,1.00
2016.01.12 11:53:19.134,2.06668,2.06707,1.00,1.50
2016.01.12 11:53:19.185,2.06669,2.06703,1.00,1.00
2016.01.12 11:53:19.387,2.06668,2.06706,1.00,1.00
2016.01.12 11:53:20.178,2.06669,2.06707,1.00,1.00
2016.01.12 11:53:20.596,2.06675,2.06707,1.00,1.00
2016.01.12 11:53:20.912,2.06677,2.06707,1.00,1.00
2016.01.12 11:53:21.013,2.06677,2.06712,1.00,1.00
2016.01.12 11:53:21.548,2.06677,2.06713,1.00,1.00
2016.01.12 11:53:21.599,2.06696,2.06713,1.00,1.00
2016.01.12 11:53:21.650,2.06696,2.06715,1.00,1.00
2016.01.12 11:53:21.701,2.06695,2.06717,1.00,1.00
2016.01.12 11:53:21.802,2.06698,2.06725,1.00,1.00
2016.01.12 11:53:21.903,2.06698,2.06732,1.00,1.00
2016.01.12 11:53:22.010,2.06698,2.06736,1.12,1.00
2016.01.12 11:53:22.111,2.06702,2.06736,1.00,1.00
2016.01.12 11:53:22.213,2.067,2.06736,1.00,1.00
2016.01.12 11:53:22.416,2.067,2.06732,1.00,1.00
2016.01.12 11:53:22.517,2.06696,2.06732,1.12,1.00
2016.01.12 11:53:22.669,2.06696,2.06727,1.00,1.50
2016.01.12 11:53:22.720,2.06689,2.06727,1.50,1.50
2016.01.12 11:53:22.770,2.06689,2.06718,1.50,1.00
2016.01.12 11:53:22.821,2.06685,2.06718,1.75,1.00
2016.01.12 11:53:22.973,2.06683,2.0672,3.00,1.00
2016.01.12 11:53:23.759,2.06683,2.06715,1.75,1.00
2016.01.12 11:53:24.063,2.06683,2.0671,1.75,1.00
2016.01.12 11:53:24.214,2.06676,2.0671,1.75,1.37
2016.01.12 11:53:24.315,2.06676,2.0671,1.00,1.37
2016.01.12 11:53:24.417,2.06676,2.06705,1.00,1.00
2016.01.12 11:53:25.197,2.0667,2.06705,1.75,1.00
2016.01.12 11:53:25.299,2.06669,2.06705,1.50,1.00
2016.01.12 11:53:25.807,2.0667,2.06705,1.00,1.00
2016.01.12 11:53:25.886,2.0667,2.06705,1.75,1.00
2016.01.12 11:53:26.298,2.06673,2.06703,1.12,1.00
2016.01.12 11:53:26.601,2.0667,2.06701,1.75,1.00
2016.01.12 11:53:27.265,2.0667,2.06704,1.75,1.50
2016.01.12 11:53:27.467,2.06669,2.06701,1.75,1.00
2016.01.12 11:53:27.820,2.0667,2.06703,1.75,1.00
2016.01.12 11:53:28.366,2.0667,2.067,1.75,1.00
2016.01.12 11:53:28.568,2.06673,2.06704,1.12,1.00
2016.01.12 11:53:30.970,2.06674,2.06704,1.00,1.12
2016.01.12 11:53:32.014,2.06667,2.06704,1.75,1.37
2016.01.12 11:53:32.327,2.06668,2.06699,1.00,1.37
2016.01.12 11:53:32.630,2.06667,2.06697,1.00,1.37
2016.01.12 11:53:32.731,2.06654,2.0669,2.25,1.37
2016.01.12 11:53:32.883,2.06653,2.06685,1.75,1.00
2016.01.12 11:53:33.410,2.06654,2.06684,1.50,1.00
2016.01.12 11:53:33.814,2.0666,2.06684,1.00,1.00
2016.01.12 11:53:33.866,2.0666,2.06688,1.00,1.00
2016.01.12 11:53:34.269,2.06654,2.06686,1.50,1.37
2016.01.12 11:53:34.320,2.06648,2.06683,1.50,1.00
2016.01.12 11:53:34.522,2.06656,2.0669,1.12,1.37
2016.01.12 11:53:34.623,2.06661,2.06693,1.00,1.00
2016.01.12 11:53:34.882,2.06661,2.06695,1.00,1.12
2016.01.12 11:53:35.410,2.06662,2.06699,1.37,1.75
2016.01.12 11:53:35.511,2.06662,2.06702,1.75,1.50
2016.01.12 11:53:35.562,2.06662,2.06703,1.75,1.37
2016.01.12 11:53:35.715,2.06662,2.067,1.12,1.37
2016.01.12 11:53:35.766,2.06662,2.067,1.12,1.37
2016.01.12 11:53:36.317,2.0666,2.06699,1.75,1.37
2016.01.12 11:53:36.521,2.06659,2.06697,1.00,1.50
2016.01.12 11:53:36.723,2.06663,2.06698,1.00,1.87
2016.01.12 11:53:36.774,2.06663,2.06696,1.00,1.00
2016.01.12 11:53:37.026,2.06664,2.06703,1.75,1.37
2016.01.12 11:53:37.534,2.06664,2.06702,1.00,1.37
2016.01.12 11:53:37.951,2.06661,2.06698,1.00,1.12
2016.01.12 11:53:38.254,2.06661,2.06701,1.00,1.00
2016.01.12 11:53:38.766,2.06661,2.067,1.00,1.00
2016.01.12 11:53:39.975,2.06661,2.06699,1.00,1.00
2016.01.12 11:53:40.378,2.06662,2.06702,1.00,1.50
2016.01.12 11:53:40.681,2.06661,2.06699,1.00,1.00
2016.01.12 11:53:41.210,2.06661,2.06698,1.00,1.00
2016.01.12 11:53:41.715,2.06661,2.06699,1.00,1.00
2016.01.12 11:53:42.237,2.06661,2.06698,1.00,1.00
2016.01.12 11:53:42.338,2.06661,2.067,1.00,1.00
2016.01.12 11:53:42.576,2.06661,2.06696,1.00,1.00
2016.01.12 11:53:42.626,2.06658,2.06696,1.00,1.12
2016.01.12 11:53:43.131,2.0666,2.06701,1.00,2.25
2016.01.12 11:53:43.581,2.06658,2.06697,1.00,1.50
2016.01.12 11:53:44.095,2.06658,2.06692,1.00,1.00
2016.01.12 11:53:44.247,2.06651,2.06687,1.00,1.37
2016.01.12 11:53:44.349,2.06647,2.06685,1.00,1.12
2016.01.12 11:53:44.852,2.06647,2.06684,1.00,1.12
2016.01.12 11:53:45.760,2.06647,2.06682,1.00,1.00
2016.01.12 11:53:46.114,2.06645,2.06682,1.00,1.00
2016.01.12 11:53:46.215,2.06644,2.06679,1.00,1.00
2016.01.12 11:53:46.669,2.06643,2.06675,1.00,1.00
2016.01.12 11:53:46.720,2.06641,2.06674,1.00,1.00
2016.01.12 11:53:46.822,2.06638,2.06674,1.00,1.37
2016.01.12 11:53:46.973,2.06638,2.06671,1.00,1.00
2016.01.12 11:53:47.125,2.06635,2.06671,1.00,1.12
2016.01.12 11:53:47.548,2.06635,2.06669,1.00,1.00
2016.01.12 11:53:47.599,2.06632,2.06669,1.12,1.00
2016.01.12 11:53:48.053,2.06629,2.06666,2.25,1.00
2016.01.12 11:53:48.588,2.06638,2.06673,1.00,1.75
2016.01.12 11:53:48.639,2.06638,2.06673,1.00,1.00
2016.01.12 11:53:48.690,2.0664,2.06677,1.37,1.00
2016.01.12 11:53:48.842,2.06642,2.06682,1.75,1.50
2016.01.12 11:53:49.347,2.06644,2.06683,1.75,1.00
2016.01.12 11:53:49.958,2.06647,2.06685,1.12,1.37
2016.01.12 11:53:50.276,2.06647,2.06676,1.12,1.00
2016.01.12 11:53:50.428,2.06642,2.06675,1.00,1.00
2016.01.12 11:53:50.529,2.06642,2.0668,1.00,1.00
2016.01.12 11:53:52.552,2.06642,2.06679,1.00,1.00
2016.01.12 11:53:52.770,2.06642,2.06676,1.00,1.00
2016.01.12 11:53:53.291,2.06641,2.06676,1.50,1.00
2016.01.12 11:53:53.998,2.06641,2.06674,1.00,1.00
2016.01.12 11:53:54.537,2.06642,2.06677,1.00,1.00
2016.01.12 11:53:54.588,2.06644,2.06677,1.00,1.00
2016.01.12 11:53:54.689,2.06642,2.06677,1.00,1.00
2016.01.12 11:53:55.197,2.06641,2.06677,1.50,1.00
2016.01.12 11:53:55.702,2.06642,2.06677,1.00,1.00
2016.01.12 11:53:58.691,2.06643,2.06677,1.00,1.00
2016.01.12 11:53:59.286,2.06642,2.06677,1.00,1.00
2016.01.12 11:54:00.915,2.06645,2.06677,1.50,1.00
2016.01.12 11:54:01.218,2.0665,2.0668,1.12,1.00
2016.01.12 11:54:03.682,2.06649,2.06683,1.50,1.00
2016.01.12 11:54:03.875,2.0665,2.06681,1.12,1.00
2016.01.12 11:54:04.434,2.0665,2.06683,1.12,1.00
2016.01.12 11:54:04.936,2.0665,2.06683,1.12,1.37
2016.01.12 11:54:05.930,2.06648,2.06681,1.75,1.37
2016.01.12 11:54:06.235,2.0663,2.06656,1.00,1.00
2016.01.12 11:54:06.786,2.06632,2.06656,1.00,1.00
2016.01.12 11:54:06.888,2.06632,2.06663,1.00,1.00
2016.01.12 11:54:06.989,2.06632,2.06666,1.00,1.00
2016.01.12 11:54:07.191,2.06632,2.06662,1.00,1.00
2016.01.12 11:54:07.516,2.06632,2.06665,1.00,1.12
2016.01.12 11:54:08.021,2.06631,2.06665,1.00,1.12
2016.01.12 11:54:08.173,2.06631,2.06661,1.00,1.00
2016.01.12 11:54:08.680,2.0663,2.06661,1.00,1.00
2016.01.12 11:54:09.838,2.0663,2.06664,1.50,1.12
2016.01.12 11:54:10.068,2.06637,2.06662,1.00,1.00
2016.01.12 11:54:10.322,2.06647,2.06683,1.50,1.50
2016.01.12 11:54:10.474,2.06647,2.06682,1.00,1.37
2016.01.12 11:54:10.626,2.06642,2.0668,1.75,1.37
2016.01.12 11:54:10.677,2.06642,2.06679,1.00,1.12
2016.01.12 11:54:10.778,2.06637,2.06675,1.12,1.37
2016.01.12 11:54:11.703,2.06637,2.06676,1.12,1.00
2016.01.12 11:54:14.715,2.06641,2.06676,1.00,1.00
2016.01.12 11:54:15.119,2.06641,2.06674,1.00,1.00
2016.01.12 11:54:16.120,2.0665,2.06674,1.00,1.00
2016.01.12 11:54:16.221,2.06652,2.06682,1.12,1.00
2016.01.12 11:54:16.424,2.06655,2.06681,1.00,1.00
2016.01.12 11:54:16.777,2.06654,2.06686,1.00,1.00
2016.01.12 11:54:17.105,2.06654,2.06684,1.00,1.00
2016.01.12 11:54:17.206,2.06652,2.06684,1.12,1.00
2016.01.12 11:54:18.808,2.06656,2.06684,1.00,1.00
2016.01.12 11:54:19.332,2.06657,2.06684,1.00,1.00
2016.01.12 11:54:19.461,2.06654,2.06684,1.00,1.00
2016.01.12 11:54:20.135,2.06652,2.06684,1.12,1.00
2016.01.12 11:54:20.639,2.06653,2.06685,1.00,1.00
2016.01.12 11:54:22.014,2.06655,2.06685,1.00,1.00
2016.01.12 11:54:22.347,2.06663,2.06685,1.00,1.00
2016.01.12 11:54:22.499,2.06663,2.06693,1.00,1.00
2016.01.12 11:54:22.853,2.06659,2.06692,1.00,1.00
2016.01.12 11:54:22.954,2.06663,2.06692,1.00,1.00
2016.01.12 11:54:23.647,2.06661,2.06692,1.00,1.00
2016.01.12 11:54:24.149,2.06662,2.06692,1.00,1.00
2016.01.12 11:54:24.561,2.06659,2.06692,1.00,1.00
2016.01.12 11:54:24.664,2.06659,2.06694,1.00,1.00
2016.01.12 11:54:24.765,2.06662,2.06694,1.00,1.00
2016.01.12 11:54:25.068,2.06664,2.06698,1.00,1.00
2016.01.12 11:54:25.119,2.06664,2.06695,1.00,1.00
2016.01.12 11:54:25.605,2.06664,2.06694,1.00,1.37
2016.01.12 11:54:25.811,2.06657,2.06686,1.12,1.00
2016.01.12 11:54:26.115,2.06656,2.06683,1.50,1.00
2016.01.12 11:54:28.116,2.06655,2.06683,1.00,1.00
2016.01.12 11:54:28.319,2.06661,2.06694,1.75,1.12
2016.01.12 11:54:28.421,2.06659,2.06692,1.75,1.00
2016.01.12 11:54:28.623,2.06656,2.06687,1.75,1.00
2016.01.12 11:54:29.166,2.06656,2.06686,1.75,1.00
2016.01.12 11:54:29.519,2.06655,2.06688,1.75,1.00
2016.01.12 11:54:30.475,2.06662,2.06688,1.00,1.00
2016.01.12 11:54:30.525,2.06662,2.0669,1.50,1.00
2016.01.12 11:54:30.627,2.06662,2.06697,1.75,1.00
2016.01.12 11:54:30.677,2.06662,2.06693,1.75,1.00
2016.01.12 11:54:30.829,2.06653,2.06682,1.00,1.00
2016.01.12 11:54:30.880,2.06655,2.06682,1.00,1.00
2016.01.12 11:54:30.931,2.06653,2.06682,1.00,1.00
2016.01.12 11:54:31.133,2.06656,2.06682,1.00,1.00
2016.01.12 11:54:31.184,2.06656,2.06687,1.00,1.00
2016.01.12 11:54:31.235,2.06658,2.0669,1.00,1.50
2016.01.12 11:54:31.472,2.0666,2.0669,1.00,1.00
2016.01.12 11:54:33.028,2.0666,2.06692,1.12,1.00
2016.01.12 11:54:33.280,2.0666,2.06695,1.12,1.00
2016.01.12 11:54:33.583,2.0666,2.06693,1.12,1.00
2016.01.12 11:54:33.890,2.06663,2.06695,1.50,1.00
2016.01.12 11:54:34.043,2.06668,2.06702,1.00,1.87
2016.01.12 11:54:34.094,2.06668,2.06702,1.37,1.87
2016.01.12 11:54:34.397,2.06677,2.06702,1.00,1.00
2016.01.12 11:54:34.448,2.06675,2.06702,1.00,1.00
2016.01.12 11:54:34.599,2.06675,2.06705,1.00,1.00
2016.01.12 11:54:34.751,2.06676,2.0671,1.00,1.00
2016.01.12 11:54:35.273,2.06672,2.0671,2.25,1.50
2016.01.12 11:54:35.476,2.06672,2.0671,2.25,1.87
2016.01.12 11:54:35.802,2.06668,2.06701,1.87,1.12
2016.01.12 11:54:35.853,2.06668,2.06701,1.00,1.12
2016.01.12 11:54:36.384,2.06667,2.067,1.00,1.12
2016.01.12 11:54:36.589,2.06667,2.06702,1.00,1.00
2016.01.12 11:54:39.815,2.06671,2.06702,1.00,1.00
2016.01.12 11:54:40.068,2.06678,2.06714,1.00,1.00
2016.01.12 11:54:40.219,2.06681,2.06714,1.00,1.00
2016.01.12 11:54:40.270,2.06681,2.06716,2.25,1.12
2016.01.12 11:54:40.371,2.06684,2.06716,1.00,1.12
2016.01.12 11:54:40.696,2.06692,2.06719,1.00,1.75
2016.01.12 11:54:40.748,2.06692,2.0672,1.00,1.00
2016.01.12 11:54:40.850,2.06692,2.06726,1.00,1.00
2016.01.12 11:54:41.053,2.06694,2.06726,1.00,1.00
2016.01.12 11:54:41.356,2.06698,2.06734,1.00,1.12
2016.01.12 11:54:41.652,2.067,2.06733,1.00,1.00
2016.01.12 11:54:42.154,2.067,2.06737,1.00,1.75
2016.01.12 11:54:43.003,2.06703,2.06738,1.00,1.75
2016.01.12 11:54:43.155,2.06706,2.06738,1.00,1.00
2016.01.12 11:54:43.257,2.06706,2.06742,1.00,1.00
2016.01.12 11:54:43.871,2.06704,2.06742,1.00,1.00
2016.01.12 11:54:44.196,2.06702,2.06741,1.00,1.00
2016.01.12 11:54:44.248,2.06706,2.06742,1.00,1.00
2016.01.12 11:54:44.864,2.06708,2.06742,1.00,1.00
2016.01.12 11:54:45.969,2.06704,2.06742,1.00,1.00
2016.01.12 11:54:46.675,2.06703,2.06742,1.50,1.50
2016.01.12 11:54:46.786,2.06707,2.06742,1.50,1.00
2016.01.12 11:54:46.937,2.06707,2.06746,2.25,1.00
2016.01.12 11:54:46.988,2.0671,2.06746,1.00,1.00
2016.01.12 11:54:47.875,2.0671,2.06747,1.00,1.50
2016.01.12 11:54:48.404,2.06709,2.06747,1.00,1.50
2016.01.12 11:54:48.950,2.0671,2.06747,1.00,1.00
2016.01.12 11:54:49.203,2.06708,2.06747,1.50,1.00
2016.01.12 11:54:49.305,2.06707,2.06743,1.50,1.00
2016.01.12 11:54:50.757,2.06707,2.0674,1.00,1.00
2016.01.12 11:54:50.909,2.06697,2.06736,1.75,1.12
2016.01.12 11:54:51.010,2.06697,2.06732,1.75,1.12
2016.01.12 11:54:51.061,2.06697,2.06729,1.00,1.00
2016.01.12 11:54:51.112,2.06687,2.06728,2.25,1.12
2016.01.12 11:54:51.264,2.06687,2.06728,1.50,3.37
2016.01.12 11:54:51.314,2.06684,2.06722,1.87,1.00
2016.01.12 11:54:51.950,2.06682,2.06717,1.75,1.00
2016.01.12 11:54:52.353,2.06679,2.06717,1.12,1.00
2016.01.12 11:54:52.758,2.06676,2.06712,1.00,1.00
2016.01.12 11:54:53.005,2.06673,2.0671,1.00,1.00
2016.01.12 11:54:53.106,2.06675,2.06711,1.00,1.00
2016.01.12 11:54:54.271,2.06676,2.06711,1.00,1.00
2016.01.12 11:54:55.080,2.06675,2.06711,1.00,1.00
2016.01.12 11:54:55.616,2.06676,2.06711,1.00,1.00
2016.01.12 11:54:56.319,2.06671,2.06711,3.00,1.00
2016.01.12 11:54:56.572,2.0668,2.06712,1.00,1.00
2016.01.12 11:54:56.825,2.06692,2.06725,1.00,1.12
2016.01.12 11:54:56.952,2.06691,2.06727,1.87,1.50
2016.01.12 11:54:57.053,2.06691,2.06724,1.87,1.00
2016.01.12 11:54:59.298,2.06691,2.06727,1.87,1.00
2016.01.12 11:54:59.399,2.06695,2.06727,1.00,1.00
2016.01.12 11:54:59.450,2.06695,2.0673,1.00,1.00
2016.01.12 11:54:59.501,2.067,2.0673,1.00,1.00
2016.01.12 11:54:59.653,2.06703,2.06737,1.00,1.00
2016.01.12 11:54:59.808,2.06703,2.0674,1.50,1.50
2016.01.12 11:55:00.111,2.06706,2.06741,1.00,1.00
2016.01.12 11:55:00.212,2.06705,2.06743,1.50,1.50
2016.01.12 11:55:02.159,2.06703,2.06743,1.00,1.50
2016.01.12 11:55:02.260,2.06703,2.0674,1.50,1.00
2016.01.12 11:55:02.660,2.0671,2.06741,1.00,1.00
2016.01.12 11:55:02.863,2.06713,2.0675,1.50,1.75
2016.01.12 11:55:03.386,2.06712,2.0675,1.00,1.75
2016.01.12 11:55:04.089,2.06705,2.06744,1.75,1.00
2016.01.12 11:55:04.392,2.06707,2.06748,1.75,1.12
2016.01.12 11:55:04.645,2.06711,2.06749,1.00,1.50
2016.01.12 11:55:04.947,2.0672,2.06757,1.12,1.00
2016.01.12 11:55:05.301,2.06717,2.06755,1.00,1.00
2016.01.12 11:55:05.402,2.06717,2.06753,1.00,1.00
2016.01.12 11:55:05.959,2.06714,2.06752,2.25,1.00
2016.01.12 11:55:06.159,2.06714,2.0675,1.00,1.00
2016.01.12 11:55:06.364,2.06716,2.06754,1.00,1.50
2016.01.12 11:55:06.927,2.06716,2.06753,1.00,1.00
2016.01.12 11:55:07.257,2.06714,2.06753,1.50,1.00
2016.01.12 11:55:07.359,2.06714,2.0675,1.00,1.37
2016.01.12 11:55:07.492,2.06708,2.06745,1.12,1.00
2016.01.12 11:55:08.272,2.06709,2.06745,1.00,1.00
2016.01.12 11:55:08.475,2.06703,2.0674,1.75,1.00
2016.01.12 11:55:09.024,2.06704,2.06741,1.75,1.00
2016.01.12 11:55:09.991,2.06703,2.06743,1.75,1.37
2016.01.12 11:55:10.781,2.06706,2.06743,1.50,1.00
2016.01.12 11:55:11.084,2.06717,2.06743,1.00,1.00
2016.01.12 11:55:11.186,2.06717,2.06748,1.00,1.37
2016.01.12 11:55:11.281,2.06719,2.06754,1.37,1.37
2016.01.12 11:55:11.332,2.06719,2.06757,1.50,1.00
2016.01.12 11:55:11.435,2.06717,2.06757,1.00,1.12
2016.01.12 11:55:11.656,2.06717,2.06754,1.00,1.00
2016.01.12 11:55:11.959,2.06708,2.06745,1.75,1.12
2016.01.12 11:55:12.774,2.0671,2.06749,1.37,1.00
2016.01.12 11:55:13.194,2.06719,2.06754,1.12,1.37
2016.01.12 11:55:13.245,2.06719,2.06754,1.12,1.00
2016.01.12 11:55:13.296,2.06726,2.06755,1.00,1.00
2016.01.12 11:55:13.397,2.06728,2.06764,1.00,1.87
2016.01.12 11:55:13.638,2.06724,2.06765,1.50,3.00
2016.01.12 11:55:14.302,2.06727,2.06765,1.00,2.25
2016.01.12 11:55:14.723,2.06725,2.06764,1.12,1.87
2016.01.12 11:55:14.874,2.06728,2.06764,1.00,1.12
2016.01.12 11:55:15.391,2.06731,2.06765,1.00,2.25
2016.01.12 11:55:15.594,2.06728,2.06764,1.00,1.12
2016.01.12 11:55:15.746,2.06731,2.06764,1.00,1.12
2016.01.12 11:55:16.159,2.06733,2.06765,1.00,1.50
2016.01.12 11:55:16.311,2.06733,2.06771,1.00,2.25
2016.01.12 11:55:16.412,2.06735,2.06771,1.00,2.25
2016.01.12 11:55:17.478,2.06732,2.06771,1.00,1.50
2016.01.12 11:55:17.579,2.0673,2.06769,1.00,1.00
2016.01.12 11:55:18.790,2.06732,2.06771,1.00,2.62
2016.01.12 11:55:19.297,2.06731,2.06771,1.00,1.87
2016.01.12 11:55:20.226,2.06732,2.06771,1.00,1.37
2016.01.12 11:55:20.567,2.06726,2.06762,1.00,1.75
2016.01.12 11:55:21.086,2.06727,2.06761,1.00,1.75
2016.01.12 11:55:21.635,2.06726,2.06761,1.00,1.75
2016.01.12 11:55:22.234,2.06727,2.06762,1.00,1.75
2016.01.12 11:55:23.425,2.06725,2.06762,1.00,1.75
2016.01.12 11:55:24.043,2.06726,2.06765,1.50,1.00
2016.01.12 11:55:24.094,2.06735,2.06765,1.00,1.00
2016.01.12 11:55:24.339,2.06739,2.06772,1.00,1.00
2016.01.12 11:55:24.850,2.06741,2.06772,1.00,1.00
2016.01.12 11:55:25.054,2.06738,2.06772,1.00,1.00
2016.01.12 11:55:25.962,2.06731,2.06767,1.50,1.00
2016.01.12 11:55:26.463,2.06731,2.06768,1.00,1.00
2016.01.12 11:55:26.565,2.06731,2.06768,1.00,1.87
2016.01.12 11:55:26.697,2.06726,2.06759,1.00,1.00
2016.01.12 11:55:26.748,2.06722,2.0676,1.12,1.00
2016.01.12 11:55:26.849,2.06721,2.06756,1.50,1.00
2016.01.12 11:55:26.950,2.06721,2.06761,1.50,1.12
2016.01.12 11:55:28.226,2.06723,2.06761,1.00,1.12
2016.01.12 11:55:28.773,2.06724,2.06761,1.00,1.12
2016.01.12 11:55:29.275,2.06723,2.06761,1.00,1.12
2016.01.12 11:55:29.828,2.06722,2.06761,1.12,1.12
2016.01.12 11:55:30.080,2.06722,2.06761,1.12,1.50
2016.01.12 11:55:31.034,2.06725,2.0676,1.00,1.00
2016.01.12 11:55:31.237,2.06726,2.06763,1.50,1.00
2016.01.12 11:55:32.388,2.06726,2.06765,1.50,1.00
2016.01.12 11:55:32.541,2.06724,2.06763,1.75,1.00
2016.01.12 11:55:33.251,2.06724,2.06763,1.75,1.87
2016.01.12 11:55:33.554,2.0672,2.06755,2.25,1.00
2016.01.12 11:55:37.067,2.06723,2.06762,1.75,1.00
2016.01.12 11:55:37.571,2.06723,2.06762,1.75,1.37
2016.01.12 11:55:37.622,2.06721,2.06758,1.75,1.00
2016.01.12 11:55:37.774,2.0672,2.06757,1.00,1.00
2016.01.12 11:55:37.876,2.06721,2.06757,1.00,1.37
2016.01.12 11:55:38.412,2.0672,2.0675,1.00,1.00
2016.01.12 11:55:39.069,2.06716,2.06754,2.25,1.00
2016.01.12 11:55:40.381,2.06718,2.06753,1.50,1.00
2016.01.12 11:55:40.926,2.06719,2.06757,1.12,1.00
2016.01.12 11:55:41.279,2.06718,2.06758,1.75,1.12
2016.01.12 11:55:41.582,2.06718,2.06755,2.25,1.00
2016.01.12 11:55:43.533,2.06721,2.06756,1.75,1.00
2016.01.12 11:55:44.009,2.06721,2.06758,1.75,1.12
2016.01.12 11:55:44.312,2.06726,2.06755,1.00,1.12
2016.01.12 11:55:44.464,2.06726,2.06761,1.00,1.12
2016.01.12 11:55:44.971,2.06725,2.06752,1.00,1.00
2016.01.12 11:55:45.022,2.06721,2.06752,1.50,1.12
2016.01.12 11:55:45.124,2.06714,2.06747,1.00,1.00
2016.01.12 11:55:45.175,2.06712,2.06747,1.00,1.00
2016.01.12 11:55:45.276,2.06716,2.06751,1.00,1.00
2016.01.12 11:55:45.580,2.06713,2.06748,1.00,1.12
2016.01.12 11:55:47.203,2.0671,2.06747,1.37,1.12
2016.01.12 11:55:47.714,2.0671,2.06746,1.00,1.12
2016.01.12 11:55:49.148,2.06714,2.06746,1.00,1.12
2016.01.12 11:55:49.299,2.06716,2.06752,1.00,1.50
2016.01.12 11:55:49.804,2.06717,2.06752,1.00,1.00
2016.01.12 11:55:49.855,2.06719,2.06752,1.00,1.00
2016.01.12 11:55:50.765,2.06716,2.06752,1.50,1.00
2016.01.12 11:55:51.356,2.06719,2.06752,1.00,1.00
2016.01.12 11:55:51.962,2.0672,2.06752,1.00,1.00
2016.01.12 11:55:52.265,2.06723,2.06752,1.00,1.00
2016.01.12 11:55:52.366,2.06724,2.06759,1.50,2.25
2016.01.12 11:55:52.569,2.06727,2.06759,1.00,1.12
2016.01.12 11:55:53.587,2.06725,2.06759,1.12,1.00
2016.01.12 11:55:53.638,2.06725,2.06759,1.12,1.37
2016.01.12 11:55:53.840,2.0672,2.06753,1.00,1.00
2016.01.12 11:55:53.891,2.06718,2.06751,1.12,1.00
2016.01.12 11:55:54.445,2.06715,2.0675,1.75,1.50
2016.01.12 11:55:54.881,2.06715,2.0675,1.00,1.50
2016.01.12 11:55:55.901,2.06716,2.0675,1.00,1.50
2016.01.12 11:55:57.809,2.06716,2.0675,1.37,1.50
2016.01.12 11:55:58.310,2.06717,2.06753,1.00,1.75
2016.01.12 11:55:58.699,2.06716,2.06745,1.00,1.12
2016.01.12 11:55:58.750,2.06712,2.06742,1.00,1.00
2016.01.12 11:55:58.901,2.06711,2.06742,1.00,1.37
2016.01.12 11:55:59.158,2.06709,2.06742,1.00,1.75
2016.01.12 11:55:59.426,2.06709,2.06742,1.37,1.75
2016.01.12 11:55:59.628,2.06727,2.06762,2.25,1.00
2016.01.12 11:55:59.679,2.06729,2.06762,1.00,1.00
2016.01.12 11:56:00.019,2.06736,2.06766,1.37,1.37
2016.01.12 11:56:00.121,2.06737,2.0677,1.00,1.00
2016.01.12 11:56:00.272,2.06737,2.06773,1.12,1.00
2016.01.12 11:56:00.323,2.06737,2.06771,1.12,1.00
2016.01.12 11:56:00.475,2.06737,2.06773,1.00,1.00
2016.01.12 11:56:00.949,2.06737,2.0677,1.50,1.00
2016.01.12 11:56:01.252,2.06727,2.06764,1.00,1.87
2016.01.12 11:56:02.017,2.06732,2.06764,1.00,1.87
2016.01.12 11:56:02.118,2.06734,2.06769,1.50,1.50
2016.01.12 11:56:02.169,2.06737,2.06769,1.00,1.00
2016.01.12 11:56:02.321,2.06737,2.06773,1.87,1.00
2016.01.12 11:56:02.371,2.06742,2.06775,1.00,1.50
2016.01.12 11:56:03.395,2.0674,2.06775,1.00,1.50
2016.01.12 11:56:03.799,2.06738,2.06774,1.00,1.12
2016.01.12 11:56:03.900,2.06738,2.06771,1.00,1.00
2016.01.12 11:56:04.379,2.06736,2.06771,1.00,1.00
2016.01.12 11:56:04.531,2.06735,2.06769,1.12,1.00
2016.01.12 11:56:04.832,2.06744,2.06771,1.00,1.00
2016.01.12 11:56:04.984,2.06742,2.06771,1.00,1.00
2016.01.12 11:56:05.093,2.0674,2.06771,1.50,1.00
2016.01.12 11:56:06.111,2.06736,2.06766,1.00,1.00
2016.01.12 11:56:06.162,2.06736,2.06768,1.00,1.00
2016.01.12 11:56:06.313,2.06739,2.06768,1.00,1.00
2016.01.12 11:56:06.572,2.06736,2.06769,1.00,1.00
2016.01.12 11:56:06.774,2.06739,2.06771,1.00,1.00
2016.01.12 11:56:07.078,2.06743,2.06771,1.00,1.00
2016.01.12 11:56:07.336,2.06739,2.06771,1.00,1.00
2016.01.12 11:56:07.527,2.06737,2.06771,1.12,1.00
2016.01.12 11:56:07.578,2.06737,2.06766,1.00,1.00
2016.01.12 11:56:07.629,2.06735,2.06766,1.00,1.00
2016.01.12 11:56:08.083,2.06741,2.06771,1.00,1.75
2016.01.12 11:56:08.235,2.06744,2.06774,1.00,1.00
2016.01.12 11:56:08.286,2.06744,2.06771,1.00,1.00
2016.01.12 11:56:08.529,2.06738,2.06768,1.00,1.00
2016.01.12 11:56:08.630,2.06735,2.06768,1.00,1.00
2016.01.12 11:56:08.832,2.06738,2.06768,1.00,1.00
2016.01.12 11:56:09.034,2.06734,2.06768,1.12,1.12
2016.01.12 11:56:09.085,2.06734,2.06764,1.00,1.00
2016.01.12 11:56:09.136,2.06729,2.06764,1.50,1.00
2016.01.12 11:56:09.288,2.06733,2.06764,1.00,1.00
2016.01.12 11:56:09.624,2.06733,2.06767,1.37,1.00
2016.01.12 11:56:09.675,2.06736,2.0677,1.00,1.50
2016.01.12 11:56:10.187,2.06737,2.0677,1.00,1.00
2016.01.12 11:56:10.596,2.06739,2.0677,1.00,1.00
2016.01.12 11:56:11.152,2.0674,2.0677,1.00,1.00
2016.01.12 11:56:11.805,2.06739,2.0677,1.50,1.00
2016.01.12 11:56:14.360,2.0674,2.0677,1.00,1.00
2016.01.12 11:56:17.318,2.06739,2.0677,1.50,1.00
2016.01.12 11:56:20.937,2.0674,2.06773,1.00,1.12
2016.01.12 11:56:20.988,2.06743,2.06773,1.00,1.00
2016.01.12 11:56:21.389,2.06746,2.06773,1.00,1.00
2016.01.12 11:56:21.440,2.06749,2.06777,1.00,1.00
2016.01.12 11:56:21.541,2.06748,2.06783,1.50,1.37
2016.01.12 11:56:21.592,2.06748,2.06783,1.87,1.00
2016.01.12 11:56:22.115,2.06751,2.06783,1.00,1.00
2016.01.12 11:56:22.267,2.06756,2.06783,1.00,1.00
2016.01.12 11:56:22.419,2.06756,2.06785,1.00,1.00
2016.01.12 11:56:22.504,2.06759,2.06788,1.00,1.00
2016.01.12 11:56:22.556,2.06759,2.06793,1.87,1.00
2016.01.12 11:56:22.606,2.06762,2.06794,1.00,1.12
2016.01.12 11:56:22.909,2.06768,2.068,1.00,1.50
2016.01.12 11:56:23.011,2.06765,2.068,1.37,1.50
2016.01.12 11:56:23.599,2.06765,2.06794,1.00,1.00
2016.01.12 11:56:23.737,2.06761,2.06795,1.00,1.87
2016.01.12 11:56:23.889,2.06756,2.06794,1.00,1.75
2016.01.12 11:56:24.151,2.06756,2.06789,1.00,1.00
2016.01.12 11:56:24.403,2.06756,2.06793,1.00,1.50
2016.01.12 11:56:26.282,2.06751,2.0679,1.75,1.00
2016.01.12 11:56:30.346,2.06751,2.06789,1.75,1.00
2016.01.12 11:56:33.210,2.06752,2.0679,1.50,1.87
2016.01.12 11:56:33.711,2.06752,2.0679,1.50,1.87
2016.01.12 11:56:34.614,2.06752,2.0679,1.50,1.87
2016.01.12 11:56:34.798,2.06752,2.06788,1.50,1.00
2016.01.12 11:56:35.101,2.06757,2.06795,1.75,1.00
2016.01.12 11:56:35.317,2.06757,2.06797,2.25,1.00
2016.01.12 11:56:36.321,2.06757,2.06797,2.25,1.37
2016.01.12 11:56:36.826,2.06757,2.06794,2.25,1.00
2016.01.12 11:56:37.074,2.0676,2.06798,1.50,1.00
2016.01.12 11:56:37.580,2.06764,2.06801,1.50,1.75
2016.01.12 11:56:38.458,2.06765,2.06801,1.00,1.75
2016.01.12 11:56:38.609,2.06765,2.06805,2.25,1.00
2016.01.12 11:56:39.249,2.06765,2.06803,2.25,1.00
2016.01.12 11:56:39.400,2.06768,2.06807,1.12,1.87
2016.01.12 11:56:41.246,2.06767,2.06806,1.50,1.00
2016.01.12 11:56:41.750,2.06768,2.06807,1.12,1.12
2016.01.12 11:56:42.863,2.06769,2.06807,1.00,1.12
2016.01.12 11:56:43.463,2.0677,2.06809,1.00,3.00
2016.01.12 11:56:44.003,2.06771,2.06809,1.00,3.00
2016.01.12 11:56:44.458,2.06773,2.06809,1.00,3.00
2016.01.12 11:56:46.072,2.06774,2.06811,1.00,1.75
2016.01.12 11:56:48.620,2.06775,2.06811,1.00,1.75
2016.01.12 11:56:49.074,2.06778,2.06814,1.00,2.62
2016.01.12 11:56:49.629,2.06774,2.06814,1.50,2.62
2016.01.12 11:56:51.268,2.06776,2.06814,1.00,1.75
2016.01.12 11:56:51.470,2.06774,2.06814,1.00,1.75
2016.01.12 11:56:52.070,2.06777,2.06814,1.00,1.75
2016.01.12 11:56:52.222,2.06777,2.06814,1.00,1.12
2016.01.12 11:56:52.374,2.06774,2.06814,2.25,1.12
2016.01.12 11:56:53.353,2.06775,2.06814,1.66,1.00
2016.01.12 11:56:53.607,2.06786,2.06826,1.87,1.00
2016.01.12 11:56:54.212,2.06796,2.06826,1.00,1.00
2016.01.12 11:56:54.324,2.06797,2.06831,1.00,1.00
2016.01.12 11:56:54.375,2.06797,2.06834,1.00,1.12
2016.01.12 11:56:54.678,2.068,2.06838,1.00,1.75
2016.01.12 11:56:54.981,2.06807,2.06838,1.00,1.75
2016.01.12 11:56:55.132,2.06807,2.06838,1.00,1.37
2016.01.12 11:56:55.183,2.06807,2.06843,1.87,1.75
2016.01.12 11:56:55.270,2.06814,2.06843,1.00,1.37
2016.01.12 11:56:55.321,2.06814,2.06845,1.75,1.00
2016.01.12 11:56:55.372,2.0681,2.06848,1.75,1.87
2016.01.12 11:56:55.423,2.06813,2.06848,1.37,2.25
2016.01.12 11:56:55.726,2.06813,2.06846,1.37,1.00
2016.01.12 11:56:55.929,2.06802,2.0684,1.00,2.25
2016.01.12 11:56:56.295,2.06798,2.0684,1.12,1.50
2016.01.12 11:56:56.447,2.06798,2.06836,1.12,1.00
2016.01.12 11:56:57.673,2.06798,2.0684,1.12,1.87
2016.01.12 11:56:57.775,2.068,2.0684,2.10,1.50
2016.01.12 11:56:57.926,2.06814,2.06846,1.00,1.00
2016.01.12 11:56:58.078,2.0681,2.06846,1.00,1.00
2016.01.12 11:56:59.787,2.0681,2.06847,1.00,1.00
2016.01.12 11:56:59.838,2.06807,2.06845,1.00,1.00
2016.01.12 11:57:00.551,2.06807,2.06847,1.00,1.50
2016.01.12 11:57:00.702,2.0681,2.06847,1.00,1.50
2016.01.12 11:57:01.156,2.06815,2.06847,1.00,1.00
2016.01.12 11:57:01.248,2.06807,2.06844,1.12,1.00
2016.01.12 11:57:01.501,2.06809,2.06844,1.00,1.00
2016.01.12 11:57:01.753,2.06809,2.06846,1.00,1.00
2016.01.12 11:57:02.257,2.06809,2.06845,1.00,1.00
2016.01.12 11:57:02.308,2.06809,2.06847,1.00,1.00
2016.01.12 11:57:02.850,2.06809,2.06848,1.50,1.00
2016.01.12 11:57:03.153,2.06811,2.06848,1.00,1.00
2016.01.12 11:57:03.456,2.06815,2.06833,1.00,1.00
2016.01.12 11:57:03.507,2.06815,2.06842,1.00,1.87
2016.01.12 11:57:03.608,2.06808,2.0684,1.00,1.00
2016.01.12 11:57:03.805,2.06806,2.0684,1.00,1.00
2016.01.12 11:57:04.008,2.06811,2.06839,1.00,1.00
2016.01.12 11:57:04.109,2.06805,2.06839,1.37,1.00
2016.01.12 11:57:04.210,2.06805,2.06837,1.00,1.00
2016.01.12 11:57:04.362,2.06802,2.06836,1.00,1.12
2016.01.12 11:57:05.083,2.06802,2.06832,1.00,1.00
2016.01.12 11:57:05.386,2.06806,2.06832,1.00,1.00
2016.01.12 11:57:05.704,2.06808,2.06832,1.00,1.00
2016.01.12 11:57:05.755,2.06805,2.06832,1.00,1.00
2016.01.12 11:57:06.408,2.06805,2.06831,1.00,1.00
2016.01.12 11:57:06.459,2.06801,2.06831,1.00,1.00
2016.01.12 11:57:06.964,2.06801,2.06831,1.37,1.00
2016.01.12 11:57:07.902,2.06798,2.06827,1.37,1.00
2016.01.12 11:57:07.953,2.06798,2.06827,1.00,1.00
2016.01.12 11:57:08.054,2.06791,2.06828,1.00,1.00
2016.01.12 11:57:08.105,2.06792,2.06826,1.00,1.00
2016.01.12 11:57:08.206,2.06786,2.06826,1.75,1.00
2016.01.12 11:57:08.502,2.06782,2.06824,3.00,1.00
2016.01.12 11:57:08.555,2.06783,2.06824,1.00,1.00
2016.01.12 11:57:08.707,2.06783,2.0682,1.50,1.00
2016.01.12 11:57:09.222,2.06783,2.06819,1.12,1.12
2016.01.12 11:57:10.028,2.06783,2.06815,1.00,1.00
2016.01.12 11:57:10.332,2.06785,2.06818,1.00,1.00
2016.01.12 11:57:10.483,2.06783,2.06818,1.00,1.00
2016.01.12 11:57:10.981,2.06786,2.06818,1.57,1.00
2016.01.12 11:57:11.112,2.06799,2.06831,1.37,1.00
2016.01.12 11:57:11.164,2.06799,2.06838,1.37,1.42
2016.01.12 11:57:11.215,2.06799,2.06838,1.75,1.05
2016.01.12 11:57:11.624,2.06805,2.06841,1.50,1.00
2016.01.12 11:57:12.140,2.06803,2.0684,1.75,1.00
2016.01.12 11:57:12.639,2.06803,2.06843,2.25,1.00
2016.01.12 11:57:13.476,2.06803,2.06842,1.75,1.00
2016.01.12 11:57:14.436,2.06806,2.06844,1.87,1.00
2016.01.12 11:57:14.638,2.06808,2.06849,1.75,1.00
2016.01.12 11:57:14.832,2.06811,2.06846,1.50,1.00
2016.01.12 11:57:15.352,2.06815,2.06845,1.00,1.00
2016.01.12 11:57:16.129,2.06811,2.06845,1.00,1.00
2016.01.12 11:57:16.230,2.06814,2.06844,1.00,1.00
2016.01.12 11:57:16.445,2.06811,2.06848,1.87,1.37
2016.01.12 11:57:16.554,2.06814,2.06848,1.00,1.37
2016.01.12 11:57:16.857,2.06819,2.06849,1.00,1.00
2016.01.12 11:57:17.363,2.06819,2.0685,1.00,1.00
2016.01.12 11:57:17.664,2.06819,2.06848,1.00,1.00
2016.01.12 11:57:18.822,2.06819,2.06849,1.00,1.00
2016.01.12 11:57:18.974,2.06814,2.06849,1.00,1.00
2016.01.12 11:57:19.227,2.06814,2.06847,1.00,1.00
2016.01.12 11:57:19.733,2.06814,2.06845,1.50,1.00
2016.01.12 11:57:19.935,2.06814,2.06848,1.50,1.00
2016.01.12 11:57:20.041,2.06814,2.06852,1.50,1.00
2016.01.12 11:57:20.552,2.06816,2.06858,1.87,1.75
2016.01.12 11:57:20.717,2.06828,2.06864,1.00,1.00
2016.01.12 11:57:21.588,2.06828,2.06861,1.00,1.37
2016.01.12 11:57:21.639,2.06825,2.0686,1.00,1.37
2016.01.12 11:57:21.690,2.06823,2.06858,1.00,1.75
2016.01.12 11:57:21.741,2.06816,2.06846,1.00,1.00
2016.01.12 11:57:21.792,2.06808,2.06846,1.37,1.37
2016.01.12 11:57:21.843,2.06808,2.06846,1.00,1.75
2016.01.12 11:57:22.045,2.06815,2.0685,1.00,1.00
2016.01.12 11:57:22.349,2.06825,2.06857,1.00,1.00
2016.01.12 11:57:22.551,2.06825,2.06861,1.00,1.00
2016.01.12 11:57:22.655,2.06823,2.06858,1.37,1.00
2016.01.12 11:57:22.807,2.06816,2.06856,1.37,1.37
2016.01.12 11:57:22.858,2.06815,2.06853,1.50,1.00
2016.01.12 11:57:24.354,2.06819,2.06853,1.00,1.00
2016.01.12 11:57:25.255,2.06816,2.06853,1.00,1.00
2016.01.12 11:57:25.669,2.06819,2.06853,1.00,1.00
2016.01.12 11:57:27.316,2.06821,2.06859,1.00,1.50
2016.01.12 11:57:27.367,2.06821,2.0686,1.00,1.75
2016.01.12 11:57:27.473,2.06824,2.06864,1.37,2.25
2016.01.12 11:57:27.524,2.06824,2.06864,1.75,1.00
2016.01.12 11:57:27.828,2.06827,2.06869,1.75,3.37
2016.01.12 11:57:28.319,2.06836,2.06869,1.00,3.00
2016.01.12 11:57:28.429,2.06829,2.06869,1.12,1.50
2016.01.12 11:57:28.480,2.06832,2.06867,1.00,1.00
2016.01.12 11:57:28.582,2.06829,2.06867,1.12,1.00
2016.01.12 11:57:30.266,2.06829,2.06859,1.12,1.00
2016.01.12 11:57:30.569,2.06822,2.06858,1.00,1.00
2016.01.12 11:57:30.922,2.06822,2.06855,1.00,1.00
2016.01.12 11:57:31.231,2.06819,2.06847,1.00,1.00
2016.01.12 11:57:31.282,2.06806,2.06845,1.87,1.37
2016.01.12 11:57:31.383,2.06806,2.06841,1.00,1.00
2016.01.12 11:57:31.535,2.06803,2.06841,1.00,1.00
2016.01.12 11:57:31.636,2.06808,2.06842,1.00,1.12
2016.01.12 11:57:31.937,2.0681,2.06844,1.00,1.00
2016.01.12 11:57:32.392,2.06808,2.06844,1.00,1.00
2016.01.12 11:57:32.644,2.06808,2.06841,1.00,1.00
2016.01.12 11:57:33.470,2.06808,2.06844,1.00,1.50
2016.01.12 11:57:34.212,2.06808,2.06844,1.00,3.37
2016.01.12 11:57:34.263,2.06808,2.06844,1.00,3.75
2016.01.12 11:57:34.616,2.06805,2.06841,1.00,1.87
2016.01.12 11:57:34.818,2.06805,2.06839,1.00,1.00
2016.01.12 11:57:35.202,2.06805,2.06841,1.00,1.12
2016.01.12 11:57:35.555,2.06805,2.06839,1.00,1.00
2016.01.12 11:57:36.457,2.06805,2.06838,1.00,1.00
2016.01.12 11:57:36.811,2.06803,2.06838,1.00,1.00
2016.01.12 11:57:37.426,2.06803,2.06834,1.00,1.00
2016.01.12 11:57:37.535,2.06807,2.06839,1.12,1.00
2016.01.12 11:57:37.889,2.068,2.06824,2.25,1.00
2016.01.12 11:57:37.990,2.068,2.06824,1.50,1.00
2016.01.12 11:57:38.142,2.06793,2.06824,1.12,1.00
2016.01.12 11:57:38.193,2.06793,2.06829,1.12,1.00
2016.01.12 11:57:38.344,2.06796,2.06833,1.37,1.00
2016.01.12 11:57:38.849,2.06792,2.06834,1.75,1.50
2016.01.12 11:57:39.369,2.06798,2.06837,1.75,1.00
2016.01.12 11:57:39.471,2.06798,2.06835,2.25,1.00
2016.01.12 11:57:39.727,2.06802,2.06837,1.00,1.00
2016.01.12 11:57:39.778,2.06802,2.06837,1.87,1.00
2016.01.12 11:57:39.930,2.06802,2.06837,1.87,1.00
2016.01.12 11:57:40.031,2.06799,2.06834,2.25,1.00
2016.01.12 11:57:40.334,2.06815,2.06849,1.00,1.00
2016.01.12 11:57:40.435,2.06813,2.06849,1.00,1.00
2016.01.12 11:57:40.637,2.06818,2.06849,1.00,1.00
2016.01.12 11:57:41.092,2.06815,2.06843,1.00,1.00
2016.01.12 11:57:41.143,2.06813,2.06843,1.00,1.00
2016.01.12 11:57:41.193,2.06813,2.06839,1.00,1.00
2016.01.12 11:57:41.244,2.06801,2.06838,1.37,1.00
2016.01.12 11:57:41.295,2.06801,2.06834,1.00,1.00
2016.01.12 11:57:41.447,2.06799,2.06833,1.00,1.00
2016.01.12 11:57:41.599,2.06795,2.06831,1.50,1.00
2016.01.12 11:57:41.650,2.06796,2.06829,1.00,1.00
2016.01.12 11:57:42.105,2.06795,2.06832,1.50,1.00
2016.01.12 11:57:42.796,2.06795,2.06829,2.25,1.00
2016.01.12 11:57:43.099,2.0679,2.06825,1.00,1.00
2016.01.12 11:57:43.251,2.06792,2.06827,1.00,1.50
2016.01.12 11:57:44.512,2.06788,2.06823,2.25,1.00
2016.01.12 11:57:44.563,2.06795,2.06825,1.00,1.00
2016.01.12 11:57:44.664,2.06793,2.06824,1.87,1.00
2016.01.12 11:57:44.715,2.06794,2.06826,1.00,1.00
2016.01.12 11:57:44.816,2.06793,2.06808,1.00,1.00
2016.01.12 11:57:44.917,2.06793,2.06812,1.00,1.00
2016.01.12 11:57:45.018,2.0678,2.06812,1.12,1.00
2016.01.12 11:57:45.142,2.06778,2.06809,2.25,1.00
2016.01.12 11:57:45.193,2.06778,2.06812,2.25,1.00
2016.01.12 11:57:45.706,2.06779,2.06815,1.50,1.50
2016.01.12 11:57:45.858,2.06783,2.06818,1.00,1.50
2016.01.12 11:57:46.379,2.06784,2.06818,1.00,1.50
2016.01.12 11:57:47.295,2.06784,2.06816,1.00,1.00
2016.01.12 11:57:48.016,2.06784,2.06815,1.00,1.00
2016.01.12 11:57:48.403,2.06784,2.06817,1.00,1.00
2016.01.12 11:57:48.931,2.06783,2.06818,1.00,1.50
2016.01.12 11:57:49.284,2.06783,2.06818,1.00,1.87
2016.01.12 11:57:49.335,2.06779,2.06814,1.00,1.50
2016.01.12 11:57:49.436,2.06778,2.0681,1.00,1.00
2016.01.12 11:57:49.538,2.06778,2.06814,1.00,1.50
2016.01.12 11:57:50.029,2.06782,2.06813,1.00,1.12
2016.01.12 11:57:50.548,2.06782,2.06812,1.00,1.00
2016.01.12 11:57:52.340,2.06779,2.06812,1.00,1.00
2016.01.12 11:57:52.844,2.06774,2.06804,1.75,1.00
2016.01.12 11:57:53.147,2.06751,2.06789,1.75,1.00
2016.01.12 11:57:53.198,2.06759,2.06789,1.00,1.37
2016.01.12 11:57:53.400,2.06749,2.06784,1.00,1.00
2016.01.12 11:57:53.502,2.06751,2.06783,1.00,1.37
2016.01.12 11:57:54.169,2.06751,2.06784,1.00,1.37
2016.01.12 11:57:54.282,2.06751,2.06784,1.00,1.00
2016.01.12 11:57:54.801,2.06751,2.06783,1.00,1.00
2016.01.12 11:57:55.303,2.06751,2.06784,1.00,1.00
2016.01.12 11:57:55.804,2.06752,2.06783,1.00,1.37
2016.01.12 11:57:55.855,2.06746,2.06781,2.25,1.50
2016.01.12 11:57:56.195,2.06743,2.06778,1.00,1.87
2016.01.12 11:57:56.397,2.06741,2.06777,1.00,2.25
2016.01.12 11:57:56.960,2.06742,2.06768,1.00,1.00
2016.01.12 11:57:57.062,2.06725,2.06762,3.00,1.50
2016.01.12 11:57:57.163,2.06726,2.06755,1.12,1.00
2016.01.12 11:57:57.319,2.06721,2.06755,1.00,1.00
2016.01.12 11:57:57.370,2.0672,2.0675,1.00,1.00
2016.01.12 11:57:57.623,2.0672,2.06756,1.00,1.00
2016.01.12 11:57:57.724,2.06715,2.06755,1.50,1.00
2016.01.12 11:57:57.825,2.06715,2.06759,1.50,1.00
2016.01.12 11:57:58.078,2.06719,2.06759,1.00,1.00
2016.01.12 11:57:58.386,2.06726,2.06767,1.00,1.00
2016.01.12 11:57:58.437,2.06728,2.06767,1.00,1.00
2016.01.12 11:57:58.740,2.06739,2.06776,1.00,1.00
2016.01.12 11:57:59.626,2.06739,2.06775,1.00,1.00
2016.01.12 11:57:59.728,2.06739,2.06779,1.00,1.00
2016.01.12 11:58:00.424,2.06737,2.06779,1.00,1.00
2016.01.12 11:58:00.651,2.06737,2.06768,1.00,1.00
2016.01.12 11:58:00.752,2.06731,2.06766,1.50,1.00
2016.01.12 11:58:00.903,2.06725,2.06765,1.00,1.00
2016.01.12 11:58:01.005,2.06722,2.06765,1.00,1.00
2016.01.12 11:58:01.173,2.06721,2.06753,1.00,1.00
2016.01.12 11:58:01.325,2.06706,2.06744,1.00,1.00
2016.01.12 11:58:01.376,2.06702,2.06744,1.00,1.00
2016.01.12 11:58:01.575,2.06702,2.06744,1.75,1.50
2016.01.12 11:58:02.448,2.06701,2.06744,1.37,2.25
2016.01.12 11:58:02.499,2.06701,2.06743,1.00,1.75
2016.01.12 11:58:03.048,2.06699,2.06742,3.37,1.75
2016.01.12 11:58:03.660,2.067,2.06742,1.00,1.75
2016.01.12 11:58:04.152,2.06703,2.06742,1.00,1.75
2016.01.12 11:58:04.456,2.0672,2.06757,1.00,1.37
2016.01.12 11:58:04.506,2.06722,2.06757,1.00,1.37
2016.01.12 11:58:04.709,2.06726,2.06763,1.00,1.00
2016.01.12 11:58:04.760,2.06729,2.06763,1.00,1.00
2016.01.12 11:58:05.498,2.06724,2.06763,1.00,1.00
2016.01.12 11:58:05.657,2.06724,2.06763,1.00,1.50
2016.01.12 11:58:06.150,2.06718,2.06758,1.00,1.50
2016.01.12 11:58:07.319,2.06718,2.06754,1.00,1.00
2016.01.12 11:58:07.624,2.06706,2.06745,1.00,1.75
2016.01.12 11:58:07.876,2.06703,2.06744,1.50,1.75
2016.01.12 11:58:08.078,2.06706,2.06744,1.00,1.75
2016.01.12 11:58:08.384,2.06704,2.06748,1.00,1.75
2016.01.12 11:58:08.485,2.06705,2.06749,1.12,2.25
2016.01.12 11:58:08.586,2.06707,2.06749,1.00,1.75
2016.01.12 11:58:08.890,2.06715,2.06751,1.00,1.12
2016.01.12 11:58:09.429,2.06715,2.0675,1.00,1.00
2016.01.12 11:58:09.581,2.06708,2.0675,2.25,1.00
2016.01.12 11:58:10.086,2.06709,2.06749,1.50,1.00
2016.01.12 11:58:10.238,2.06709,2.06739,1.12,1.00
2016.01.12 11:58:10.339,2.06703,2.06744,1.00,1.50
2016.01.12 11:58:10.557,2.06703,2.06744,1.12,2.25
2016.01.12 11:58:10.709,2.06701,2.0674,1.75,1.00
2016.01.12 11:58:10.861,2.06701,2.0674,1.00,1.50
2016.01.12 11:58:11.114,2.06696,2.06739,2.25,1.12
2016.01.12 11:58:11.288,2.06698,2.06737,1.12,1.00
2016.01.12 11:58:11.591,2.06695,2.06735,1.75,1.00
2016.01.12 11:58:12.146,2.06694,2.06735,1.37,1.37
2016.01.12 11:58:12.197,2.06694,2.06735,1.00,1.75
2016.01.12 11:58:12.248,2.06686,2.06729,3.75,1.00
2016.01.12 11:58:12.946,2.06686,2.06724,1.75,1.00
2016.01.12 11:58:13.098,2.06682,2.06724,1.00,2.25
2016.01.12 11:58:13.149,2.06682,2.0672,1.00,1.00
2016.01.12 11:58:13.656,2.0668,2.06716,1.12,1.37
2016.01.12 11:58:13.959,2.06663,2.06703,1.75,1.00
2016.01.12 11:58:14.161,2.06661,2.06701,1.37,1.37
2016.01.12 11:58:14.212,2.06662,2.06701,1.00,1.75
2016.01.12 11:58:14.762,2.06661,2.06701,1.00,1.75
2016.01.12 11:58:15.962,2.0666,2.06702,1.00,1.75
2016.01.12 11:58:16.752,2.06659,2.067,1.12,1.75
2016.01.12 11:58:16.853,2.06657,2.06695,1.37,1.37
2016.01.12 11:58:17.056,2.06656,2.06694,1.00,1.50
2016.01.12 11:58:17.107,2.06656,2.06691,1.00,1.00
2016.01.12 11:58:17.258,2.06646,2.06689,1.12,1.75
2016.01.12 11:58:17.797,2.06647,2.06689,1.00,2.25
2016.01.12 11:58:21.890,2.06649,2.06687,1.00,1.75
2016.01.12 11:58:22.042,2.06653,2.06691,1.00,1.12
2016.01.12 11:58:22.093,2.06666,2.06694,1.00,2.25
2016.01.12 11:58:22.524,2.06667,2.067,1.00,2.25
2016.01.12 11:58:22.575,2.06669,2.06701,1.00,2.25
2016.01.12 11:58:22.676,2.06657,2.06694,1.00,1.37
2016.01.12 11:58:23.182,2.06656,2.06693,1.00,1.75
2016.01.12 11:58:23.993,2.06653,2.06688,1.00,1.37
2016.01.12 11:58:24.094,2.06648,2.06686,1.00,1.50
2016.01.12 11:58:24.395,2.06648,2.06674,1.00,1.00
2016.01.12 11:58:24.446,2.06643,2.06674,1.00,1.00
2016.01.12 11:58:24.497,2.06643,2.06671,1.37,1.12
2016.01.12 11:58:24.699,2.06652,2.06686,1.75,1.12
2016.01.12 11:58:24.801,2.06653,2.0669,1.37,1.37
2016.01.12 11:58:25.053,2.06655,2.06693,1.12,1.00
2016.01.12 11:58:27.923,2.06657,2.06693,1.00,1.00
2016.01.12 11:58:29.711,2.0666,2.06692,1.37,1.00
2016.01.12 11:58:29.813,2.06661,2.06698,1.37,1.75
2016.01.12 11:58:31.059,2.06663,2.06698,1.00,1.75
2016.01.12 11:58:31.160,2.06665,2.06699,1.00,1.00
2016.01.12 11:58:31.211,2.06667,2.06705,1.37,1.75
2016.01.12 11:58:31.665,2.06664,2.06705,1.37,1.75
2016.01.12 11:58:31.816,2.06664,2.06705,1.00,1.75
2016.01.12 11:58:31.918,2.06667,2.06705,1.12,2.25
2016.01.12 11:58:32.792,2.06668,2.06704,1.00,1.75
2016.01.12 11:58:33.095,2.06667,2.06699,1.00,1.00
2016.01.12 11:58:36.544,2.06665,2.06699,1.00,1.00
2016.01.12 11:58:38.667,2.0667,2.06699,1.00,1.00
2016.01.12 11:58:38.718,2.0667,2.06701,1.00,1.12
2016.01.12 11:58:38.819,2.0667,2.06707,1.37,1.75
2016.01.12 11:58:38.921,2.06669,2.06711,1.87,1.37
2016.01.12 11:58:38.972,2.06684,2.06712,1.00,1.87
2016.01.12 11:58:39.312,2.06689,2.06719,1.00,1.75
2016.01.12 11:58:41.288,2.06687,2.06719,1.00,1.75
2016.01.12 11:58:41.490,2.06689,2.06719,1.00,1.75
2016.01.12 11:58:42.397,2.06691,2.06718,1.00,1.50
2016.01.12 11:58:42.600,2.06701,2.06734,1.00,1.05
2016.01.12 11:58:42.762,2.06701,2.06743,1.37,1.75
2016.01.12 11:58:42.813,2.06706,2.06746,1.00,1.00
2016.01.12 11:58:42.915,2.06713,2.06749,1.00,2.25
2016.01.12 11:58:43.470,2.06713,2.06745,1.00,1.00
2016.01.12 11:58:43.723,2.0671,2.06745,1.00,1.00
2016.01.12 11:58:44.352,2.0671,2.06746,1.00,1.00
2016.01.12 11:58:45.258,2.0671,2.06743,1.00,1.00
2016.01.12 11:58:46.116,2.06712,2.06743,1.00,1.00
2016.01.12 11:58:46.485,2.06712,2.06746,1.00,1.00
2016.01.12 11:58:47.264,2.06712,2.06747,1.00,1.12
2016.01.12 11:58:47.315,2.06716,2.06747,1.00,1.12
2016.01.12 11:58:48.347,2.06716,2.06746,1.00,1.00
2016.01.12 11:58:49.473,2.06716,2.06738,1.00,1.00
2016.01.12 11:58:49.524,2.0671,2.06738,1.00,1.00
2016.01.12 11:58:49.574,2.0671,2.06738,1.00,2.25
2016.01.12 11:58:49.776,2.06703,2.06733,1.00,1.00
2016.01.12 11:58:49.975,2.06703,2.06729,1.00,1.00
2016.01.12 11:58:51.684,2.06703,2.06729,1.37,1.00
2016.01.12 11:58:51.786,2.06709,2.06741,1.00,1.75
2016.01.12 11:58:51.837,2.06712,2.06741,1.00,1.75
2016.01.12 11:58:51.989,2.06712,2.06742,1.00,1.50
2016.01.12 11:58:52.091,2.06712,2.06746,1.00,1.75
2016.01.12 11:58:52.302,2.06712,2.06748,1.00,1.00
2016.01.12 11:58:52.353,2.06714,2.06754,1.45,2.25
2016.01.12 11:58:52.505,2.06724,2.0676,1.12,1.00
2016.01.12 11:58:52.556,2.06724,2.06764,1.12,1.87
2016.01.12 11:58:52.959,2.06729,2.06757,1.00,1.00
2016.01.12 11:58:53.010,2.06727,2.06757,1.00,1.50
2016.01.12 11:58:53.061,2.06722,2.06755,1.50,1.00
2016.01.12 11:58:53.162,2.06722,2.06749,1.00,1.50
2016.01.12 11:58:53.263,2.06717,2.06748,1.00,1.50
2016.01.12 11:58:54.245,2.06723,2.06748,1.00,1.50
2016.01.12 11:58:54.456,2.06726,2.06765,1.37,1.75
2016.01.12 11:58:54.507,2.06738,2.06768,1.00,1.37
2016.01.12 11:58:54.608,2.06736,2.06769,1.00,1.00
2016.01.12 11:58:54.709,2.06736,2.06771,1.00,1.12
2016.01.12 11:58:54.911,2.06742,2.06772,1.00,1.87
2016.01.12 11:58:55.270,2.06742,2.06769,1.00,1.00
2016.01.12 11:58:55.574,2.06739,2.06769,1.00,1.00
2016.01.12 11:58:56.104,2.06739,2.06768,1.00,1.00
2016.01.12 11:58:56.405,2.06741,2.06768,1.00,1.00
2016.01.12 11:58:56.709,2.06741,2.06772,1.00,1.37
2016.01.12 11:58:58.285,2.06741,2.06768,1.00,1.00
2016.01.12 11:58:58.336,2.06737,2.06768,1.00,1.00
2016.01.12 11:58:58.386,2.06737,2.06761,1.00,1.00
2016.01.12 11:58:58.437,2.06727,2.06761,1.50,1.00
2016.01.12 11:58:58.689,2.06728,2.06759,1.00,1.75
2016.01.12 11:58:58.791,2.06725,2.06753,1.00,1.00
2016.01.12 11:58:59.317,2.06726,2.06759,1.00,1.75
2016.01.12 11:58:59.418,2.06735,2.0676,1.00,1.12
2016.01.12 11:58:59.519,2.06735,2.06771,1.00,2.25
2016.01.12 11:58:59.671,2.06741,2.0677,1.00,1.50
2016.01.12 11:59:01.285,2.06743,2.0677,1.00,1.50
2016.01.12 11:59:01.438,2.06743,2.06775,1.00,1.00
2016.01.12 11:59:01.842,2.06739,2.06777,1.00,1.00
2016.01.12 11:59:01.892,2.06739,2.06771,1.00,1.37
2016.01.12 11:59:02.695,2.06739,2.0677,1.37,1.00
2016.01.12 11:59:02.948,2.06742,2.06776,1.12,1.37
2016.01.12 11:59:04.423,2.06742,2.06772,1.00,1.00
2016.01.12 11:59:04.474,2.06734,2.06772,1.50,1.00
2016.01.12 11:59:04.525,2.06733,2.06767,1.00,1.00
2016.01.12 11:59:04.683,2.06725,2.06764,1.00,1.87
2016.01.12 11:59:04.785,2.06725,2.06759,1.00,1.00
2016.01.12 11:59:04.836,2.06718,2.06759,1.50,1.75
2016.01.12 11:59:05.493,2.06718,2.06755,1.50,1.00
2016.01.12 11:59:05.661,2.06714,2.06753,1.50,1.00
2016.01.12 11:59:06.166,2.06715,2.06753,1.00,1.00
2016.01.12 11:59:06.570,2.06717,2.06753,1.00,1.00
2016.01.12 11:59:06.915,2.06719,2.06753,1.00,1.00
2016.01.12 11:59:07.796,2.06717,2.06753,1.00,1.00
2016.01.12 11:59:08.354,2.06719,2.06753,1.00,1.00
2016.01.12 11:59:10.335,2.06728,2.06753,1.00,1.00
2016.01.12 11:59:10.436,2.06728,2.06758,1.00,1.00
2016.01.12 11:59:10.487,2.06731,2.06758,1.00,1.00
2016.01.12 11:59:10.814,2.06734,2.06758,1.00,1.00
2016.01.12 11:59:10.966,2.06732,2.06758,1.00,1.00
2016.01.12 11:59:11.118,2.06727,2.06758,1.00,1.00
2016.01.12 11:59:11.624,2.06726,2.06758,1.00,1.00
2016.01.12 11:59:12.246,2.06726,2.06755,1.00,1.00
2016.01.12 11:59:12.297,2.06722,2.06755,1.50,1.00
2016.01.12 11:59:12.348,2.06722,2.06758,1.00,1.00
2016.01.12 11:59:12.722,2.06726,2.06758,1.00,1.00
2016.01.12 11:59:12.874,2.0672,2.06757,1.00,1.00
2016.01.12 11:59:12.925,2.0672,2.06755,1.00,1.00
2016.01.12 11:59:13.178,2.06717,2.06756,1.50,1.00
2016.01.12 11:59:13.329,2.06714,2.06753,1.37,1.37
2016.01.12 11:59:13.417,2.06714,2.06752,1.00,1.00
2016.01.12 11:59:13.468,2.06716,2.06752,1.00,1.00
2016.01.12 11:59:13.927,2.06716,2.0675,1.00,1.00
2016.01.12 11:59:15.418,2.06716,2.06749,1.00,1.00
2016.01.12 11:59:16.057,2.06717,2.0675,1.00,1.00
2016.01.12 11:59:17.346,2.06717,2.06748,1.00,1.00
2016.01.12 11:59:18.126,2.06717,2.06747,1.00,1.00
2016.01.12 11:59:18.328,2.06717,2.06749,1.00,1.00
2016.01.12 11:59:19.264,2.06717,2.06748,1.00,1.00
2016.01.12 11:59:19.771,2.06717,2.06747,1.00,1.00
2016.01.12 11:59:19.882,2.06713,2.06747,1.00,1.00
2016.01.12 11:59:20.873,2.06717,2.06748,1.00,1.50
2016.01.12 11:59:21.427,2.06717,2.06745,1.00,1.00
2016.01.12 11:59:21.574,2.06713,2.06743,1.00,1.37
2016.01.12 11:59:21.676,2.06708,2.06743,1.00,1.37
2016.01.12 11:59:21.879,2.06711,2.06744,1.00,1.75
2016.01.12 11:59:22.070,2.06708,2.06744,1.00,1.75
2016.01.12 11:59:23.083,2.0671,2.06744,1.00,1.75
2016.01.12 11:59:24.087,2.06707,2.06743,1.00,1.75
2016.01.12 11:59:24.954,2.06709,2.06739,1.00,1.00
2016.01.12 11:59:25.257,2.06711,2.0674,1.00,1.12
2016.01.12 11:59:25.745,2.06709,2.0674,1.00,1.12
2016.01.12 11:59:27.254,2.06704,2.06734,1.50,1.00
2016.01.12 11:59:27.355,2.06695,2.06732,1.12,1.37
2016.01.12 11:59:27.607,2.06691,2.06726,1.50,1.50
2016.01.12 11:59:30.302,2.06691,2.06722,1.00,1.00
2016.01.12 11:59:30.354,2.06687,2.06722,1.00,1.37
2016.01.12 11:59:30.455,2.06684,2.06721,1.00,1.00
2016.01.12 11:59:30.873,2.06686,2.06722,1.00,1.37
2016.01.12 11:59:30.924,2.06687,2.06726,1.00,1.00
2016.01.12 11:59:31.018,2.06689,2.06731,1.75,1.50
2016.01.12 11:59:31.323,2.06696,2.06732,1.00,1.00
2016.01.12 11:59:31.627,2.06711,2.0674,1.00,1.75
2016.01.12 11:59:31.829,2.06716,2.06744,1.00,1.00
2016.01.12 11:59:32.081,2.06714,2.06744,1.00,1.00
2016.01.12 11:59:32.233,2.0671,2.06744,1.00,1.00
2016.01.12 11:59:32.435,2.06708,2.06744,1.50,1.50
2016.01.12 11:59:32.486,2.06708,2.0674,1.50,1.50
2016.01.12 11:59:32.789,2.06705,2.06741,1.00,1.75
2016.01.12 11:59:33.093,2.06717,2.06753,1.50,1.50
2016.01.12 11:59:33.148,2.06717,2.06753,1.50,1.50
2016.01.12 11:59:33.250,2.06717,2.06753,1.87,1.00
2016.01.12 11:59:33.936,2.06717,2.06748,1.12,1.00
2016.01.12 11:59:34.649,2.06713,2.06748,1.12,1.00
2016.01.12 11:59:35.391,2.06715,2.06748,1.00,1.00
2016.01.12 11:59:35.692,2.06715,2.06744,1.00,1.00
2016.01.12 11:59:36.197,2.06716,2.06744,1.00,1.00
2016.01.12 11:59:37.401,2.06716,2.06749,1.12,1.00
2016.01.12 11:59:37.502,2.06719,2.06749,1.00,1.00
2016.01.12 11:59:37.852,2.06721,2.06749,1.00,1.00
2016.01.12 11:59:39.363,2.06718,2.06749,1.00,1.00
2016.01.12 11:59:41.016,2.06715,2.06749,1.00,1.00
2016.01.12 11:59:41.126,2.06717,2.06749,1.00,1.00
2016.01.12 11:59:41.707,2.06718,2.06749,1.00,1.00
2016.01.12 11:59:42.750,2.06715,2.06749,1.00,1.00
2016.01.12 11:59:45.494,2.06715,2.06747,1.00,1.00
2016.01.12 11:59:45.969,2.06713,2.06747,1.00,1.00
2016.01.12 11:59:46.020,2.06711,2.06747,1.00,1.00
2016.01.12 11:59:46.071,2.06711,2.06744,1.00,1.00
2016.01.12 11:59:46.377,2.06711,2.06746,1.00,1.00
2016.01.12 11:59:46.946,2.06711,2.06744,1.00,1.00
2016.01.12 11:59:47.852,2.06711,2.06746,1.00,1.50
2016.01.12 11:59:48.384,2.0671,2.06746,1.00,1.50
2016.01.12 11:59:48.599,2.06713,2.06746,1.00,1.50
2016.01.12 11:59:48.952,2.06716,2.06746,1.00,1.00
2016.01.12 11:59:49.156,2.06714,2.06746,1.00,1.00
2016.01.12 11:59:50.310,2.06714,2.0674,1.00,1.00
2016.01.12 11:59:50.361,2.0671,2.0674,1.00,1.00
2016.01.12 11:59:53.078,2.0671,2.06744,1.00,1.00
2016.01.12 11:59:53.595,2.06712,2.06747,1.00,1.50
2016.01.12 11:59:53.900,2.06714,2.06747,1.00,1.00
2016.01.12 11:59:54.406,2.06715,2.06747,1.00,1.00
2016.01.12 11:59:55.178,2.06715,2.06751,1.00,1.00
2016.01.12 11:59:55.938,2.06715,2.06748,1.00,1.00
2016.01.12 11:59:59.093,2.06715,2.06745,1.00,1.00
2016.01.12 11:59:59.499,2.06717,2.06751,1.00,1.00
2016.01.12 11:59:59.600,2.06719,2.06751,1.00,1.00
