2012.10.02 19:00:00.013,1.5736,1.57385,1.50,1.45
2012.10.02 19:00:00.192,1.57358,1.57386,2.25,1.35
2012.10.02 19:00:00.433,1.57345,1.57382,3.00,2.27
2012.10.02 19:00:00.493,1.57345,1.57364,1.50,1.73
2012.10.02 19:00:00.613,1.57335,1.57364,1.50,1.73
2012.10.02 19:00:00.974,1.57335,1.57364,1.73,1.73
2012.10.02 19:00:01.152,1.57334,1.57369,3.23,1.13
2012.10.02 19:00:01.332,1.57344,1.57374,1.73,3.54
2012.10.02 19:00:01.933,1.57344,1.57376,1.73,1.73
2012.10.02 19:00:02.976,1.57342,1.57377,1.73,2.48
2012.10.02 19:00:03.664,1.57345,1.57384,1.73,3.23
2012.10.02 19:00:04.902,1.57342,1.57376,3.23,1.50
2012.10.02 19:00:05.262,1.57342,1.57376,1.73,1.73
2012.10.02 19:00:05.932,1.57342,1.57376,4.73,1.50
2012.10.02 19:00:05.992,1.57342,1.5738,3.98,1.73
2012.10.02 19:00:06.062,1.57351,1.57385,1.50,1.73
2012.10.02 19:00:06.412,1.57358,1.57387,1.50,2.48
2012.10.02 19:00:06.592,1.57368,1.57404,5.48,2.48
2012.10.02 19:00:06.652,1.57373,1.57404,1.61,1.50
2012.10.02 19:00:07.023,1.57373,1.57407,1.73,2.20
2012.10.02 19:00:07.382,1.57361,1.57396,1.35,2.48
2012.10.02 19:00:10.690,1.5736,1.57396,2.48,2.48
2012.10.02 19:00:10.752,1.57365,1.57399,1.50,3.23
2012.10.02 19:00:11.152,1.57365,1.57397,1.50,1.27
2012.10.02 19:00:11.212,1.57362,1.57392,1.50,1.73
2012.10.02 19:00:11.272,1.57359,1.57392,1.50,1.73
2012.10.02 19:00:12.692,1.57359,1.57392,1.50,1.73
2012.10.02 19:00:12.993,1.57358,1.57388,1.50,1.73
2012.10.02 19:00:13.053,1.57358,1.57388,2.25,1.13
2012.10.02 19:00:15.124,1.57358,1.57394,1.50,2.10
2012.10.02 19:00:15.302,1.57358,1.57394,2.25,1.73
2012.10.02 19:00:15.363,1.57358,1.57394,2.48,2.25
2012.10.02 19:00:15.853,1.57367,1.574,1.50,3.23
2012.10.02 19:00:15.974,1.57365,1.574,2.48,3.23
2012.10.02 19:00:16.544,1.57369,1.574,1.73,1.50
2012.10.02 19:00:16.603,1.57371,1.57405,2.48,1.35
2012.10.02 19:00:16.662,1.57371,1.57407,2.48,2.10
2012.10.02 19:00:16.787,1.57378,1.57407,2.02,1.50
2012.10.02 19:00:16.962,1.57382,1.57409,1.50,2.25
2012.10.02 19:00:17.252,1.57382,1.57409,2.48,1.50
2012.10.02 19:00:17.556,1.57377,1.57412,1.95,1.05
2012.10.02 19:00:17.900,1.57377,1.57412,1.73,1.13
2012.10.02 19:00:18.392,1.57376,1.57412,2.48,1.13
2012.10.02 19:00:18.636,1.57372,1.57402,1.13,2.48
2012.10.02 19:00:18.778,1.57366,1.57399,2.25,1.73
2012.10.02 19:00:18.843,1.57366,1.57399,1.50,1.73
2012.10.02 19:00:18.962,1.5736,1.57398,2.48,2.48
2012.10.02 19:00:19.682,1.5736,1.57398,2.48,1.73
2012.10.02 19:00:19.802,1.5736,1.57398,3.38,1.50
2012.10.02 19:00:23.902,1.57366,1.57398,2.48,1.50
2012.10.02 19:00:23.962,1.57368,1.57404,2.25,3.23
2012.10.02 19:00:24.083,1.57368,1.57404,3.23,2.25
2012.10.02 19:00:25.534,1.57375,1.57406,2.48,1.50
2012.10.02 19:00:25.592,1.57375,1.5741,2.48,2.48
2012.10.02 19:00:25.943,1.57371,1.57405,1.73,1.50
2012.10.02 19:00:26.062,1.57371,1.57405,1.50,1.73
2012.10.02 19:00:26.183,1.57369,1.57402,1.50,2.48
2012.10.02 19:00:26.843,1.5737,1.57405,1.50,1.73
2012.10.02 19:00:29.093,1.57366,1.57403,1.35,2.48
2012.10.02 19:00:29.152,1.57365,1.57403,2.10,2.48
2012.10.02 19:00:29.272,1.57365,1.57399,1.50,1.73
2012.10.02 19:00:30.672,1.57365,1.57399,2.25,1.73
2012.10.02 19:00:30.792,1.57365,1.57403,2.48,2.48
2012.10.02 19:00:30.972,1.57372,1.57407,1.50,1.73
2012.10.02 19:00:32.163,1.57367,1.57404,1.73,2.48
2012.10.02 19:00:32.462,1.57376,1.57407,1.50,1.73
2012.10.02 19:00:34.152,1.57376,1.57407,1.50,1.73
2012.10.02 19:00:34.442,1.57371,1.57407,2.25,1.73
2012.10.02 19:00:35.164,1.57375,1.57407,1.50,1.73
2012.10.02 19:00:35.522,1.57378,1.57407,1.50,1.73
2012.10.02 19:00:35.652,1.57373,1.57407,1.50,1.73
2012.10.02 19:00:36.976,1.57373,1.57407,1.50,1.73
2012.10.02 19:00:37.035,1.57373,1.57407,1.50,1.73
2012.10.02 19:00:37.293,1.57368,1.57404,1.73,2.48
2012.10.02 19:00:37.534,1.57368,1.57404,2.48,2.48
2012.10.02 19:00:37.835,1.57368,1.57404,1.73,2.48
2012.10.02 19:00:38.012,1.57368,1.57399,1.50,1.73
2012.10.02 19:00:38.552,1.57366,1.57397,1.50,1.50
2012.10.02 19:00:38.612,1.57361,1.57397,1.50,1.50
2012.10.02 19:00:41.403,1.57361,1.57397,2.25,1.50
2012.10.02 19:00:41.564,1.57361,1.57397,2.48,1.50
2012.10.02 19:00:42.092,1.57366,1.57399,1.50,1.73
2012.10.02 19:00:44.782,1.57361,1.57399,1.73,3.23
2012.10.02 19:00:44.902,1.57359,1.57393,1.73,2.25
2012.10.02 19:00:45.156,1.5736,1.57398,2.48,3.23
2012.10.02 19:00:45.272,1.57366,1.57399,1.50,1.73
2012.10.02 19:00:45.584,1.57372,1.57404,1.50,2.48
2012.10.02 19:00:45.702,1.57372,1.57404,1.50,1.73
2012.10.02 19:00:46.692,1.57372,1.57399,1.50,1.50
2012.10.02 19:00:46.992,1.57363,1.57399,1.50,1.73
2012.10.02 19:00:49.065,1.57368,1.57399,1.50,1.73
2012.10.02 19:00:49.377,1.5737,1.57399,1.50,1.73
2012.10.02 19:00:50.282,1.5737,1.57399,1.50,1.50
2012.10.02 19:00:50.602,1.57381,1.5741,1.50,1.73
2012.10.02 19:00:50.962,1.57381,1.5741,1.50,2.48
2012.10.02 19:00:51.083,1.57375,1.5741,1.50,2.48
2012.10.02 19:00:51.204,1.5737,1.57408,1.50,2.48
2012.10.02 19:00:52.763,1.5737,1.57408,1.50,2.48
2012.10.02 19:00:52.883,1.57365,1.57404,1.73,2.48
2012.10.02 19:00:54.412,1.57365,1.57401,1.73,1.50
2012.10.02 19:00:55.104,1.57365,1.57401,1.50,1.73
2012.10.02 19:00:55.462,1.57358,1.57387,1.50,1.73
2012.10.02 19:01:11.912,1.57353,1.57387,1.50,1.73
2012.10.02 19:01:14.983,1.57353,1.57387,1.50,1.73
2012.10.02 19:01:18.042,1.57353,1.57387,1.50,1.73
2012.10.02 19:01:20.206,1.57353,1.57387,1.50,1.73
2012.10.02 19:01:21.022,1.57355,1.57387,1.50,1.73
2012.10.02 19:01:22.945,1.57352,1.57387,1.50,1.73
2012.10.02 19:01:26.929,1.57354,1.57386,1.50,1.73
2012.10.02 19:01:27.345,1.57357,1.57386,1.50,1.73
2012.10.02 19:01:27.700,1.57366,1.57389,1.50,1.38
2012.10.02 19:01:27.766,1.57366,1.57393,1.50,1.50
2012.10.02 19:01:27.882,1.57366,1.57397,2.25,2.48
2012.10.02 19:01:28.362,1.57368,1.57394,1.50,1.50
2012.10.02 19:01:28.423,1.57369,1.57397,2.48,2.25
2012.10.02 19:01:28.483,1.57369,1.57404,2.48,1.35
2012.10.02 19:01:29.263,1.57373,1.57404,1.50,1.35
2012.10.02 19:01:29.622,1.57376,1.57404,1.50,1.35
2012.10.02 19:01:33.683,1.57376,1.5741,1.50,4.73
2012.10.02 19:01:33.804,1.57376,1.5741,2.25,4.73
2012.10.02 19:01:35.563,1.57377,1.57411,1.50,3.23
2012.10.02 19:01:35.742,1.57386,1.57423,1.35,1.73
2012.10.02 19:01:38.449,1.57389,1.57421,2.48,3.00
2012.10.02 19:01:38.759,1.5738,1.57411,2.48,3.00
2012.10.02 19:01:39.682,1.5738,1.57411,1.73,2.25
2012.10.02 19:01:40.053,1.5738,1.57414,3.98,2.25
2012.10.02 19:01:40.292,1.5738,1.57416,4.73,1.50
2012.10.02 19:01:40.873,1.57385,1.57422,1.73,4.73
2012.10.02 19:01:42.833,1.57384,1.57417,1.50,1.73
2012.10.02 19:01:42.952,1.5738,1.57412,2.25,1.73
2012.10.02 19:01:43.252,1.57379,1.5741,1.50,2.48
2012.10.02 19:01:43.835,1.57373,1.57411,2.48,4.73
2012.10.02 19:01:45.142,1.57381,1.57415,1.50,1.73
2012.10.02 19:01:45.263,1.57381,1.57417,1.73,1.50
2012.10.02 19:01:45.383,1.57388,1.57424,1.50,2.48
2012.10.02 19:01:45.684,1.57381,1.57414,1.50,1.73
2012.10.02 19:01:45.862,1.57381,1.57414,1.50,1.73
2012.10.02 19:01:46.300,1.57376,1.57409,1.50,1.73
2012.10.02 19:01:48.842,1.57376,1.57409,1.50,1.73
2012.10.02 19:02:05.928,1.57378,1.57409,1.50,1.73
2012.10.02 19:02:06.307,1.5738,1.57409,1.50,1.73
2012.10.02 19:02:07.162,1.5738,1.57411,2.25,4.73
2012.10.02 19:02:07.403,1.57384,1.57413,1.50,2.10
2012.10.02 19:02:07.462,1.57386,1.57414,1.50,1.35
2012.10.02 19:02:10.888,1.57384,1.57414,1.50,1.35
2012.10.02 19:02:10.952,1.57381,1.57414,2.25,1.35
2012.10.02 19:02:30.525,1.57385,1.57417,1.50,1.73
2012.10.02 19:02:31.276,1.57386,1.57417,1.50,1.73
2012.10.02 19:02:39.174,1.5738,1.57417,2.25,1.73
2012.10.02 19:02:40.894,1.57383,1.57417,1.50,1.73
2012.10.02 19:02:41.254,1.57386,1.57417,1.50,1.73
2012.10.02 19:02:41.712,1.57386,1.57421,2.59,1.32
2012.10.02 19:02:41.775,1.57393,1.57422,2.48,1.50
2012.10.02 19:02:41.832,1.57393,1.57422,2.48,1.13
2012.10.02 19:02:41.892,1.57393,1.57426,2.48,3.23
2012.10.02 19:02:41.952,1.57393,1.57426,1.73,3.98
2012.10.02 19:02:42.312,1.57393,1.57416,1.50,1.73
2012.10.02 19:02:42.432,1.57388,1.57416,1.50,1.73
2012.10.02 19:02:45.172,1.57382,1.57416,1.50,1.73
2012.10.02 19:02:45.883,1.57386,1.57416,1.50,1.73
2012.10.02 19:02:47.532,1.57386,1.57419,2.48,1.73
2012.10.02 19:02:48.045,1.57386,1.57424,2.48,1.73
2012.10.02 19:02:49.882,1.57386,1.57425,3.57,2.48
2012.10.02 19:02:49.942,1.57389,1.57425,2.25,1.73
2012.10.02 19:02:50.062,1.57391,1.57425,2.48,1.50
2012.10.02 19:02:50.242,1.57393,1.57426,1.73,3.60
2012.10.02 19:02:50.422,1.57391,1.57424,1.50,3.23
2012.10.02 19:02:50.601,1.57387,1.57424,2.25,3.23
2012.10.02 19:02:50.912,1.57387,1.57416,1.50,1.50
2012.10.02 19:02:51.333,1.57387,1.57416,1.50,1.73
2012.10.02 19:02:56.722,1.5739,1.57421,3.00,1.36
2012.10.02 19:02:56.843,1.57393,1.57426,2.48,3.30
2012.10.02 19:02:56.903,1.57393,1.57418,1.73,1.50
2012.10.02 19:02:56.962,1.57393,1.57425,1.73,1.73
2012.10.02 19:02:57.205,1.57386,1.57422,2.48,2.48
2012.10.02 19:03:01.192,1.57386,1.57417,1.73,1.50
2012.10.02 19:03:01.373,1.5738,1.57417,2.25,1.73
2012.10.02 19:03:01.433,1.5738,1.57417,1.50,1.73
2012.10.02 19:03:01.672,1.57373,1.57409,1.50,1.73
2012.10.02 19:03:02.942,1.5737,1.57405,1.35,2.48
2012.10.02 19:03:03.532,1.57374,1.5741,1.50,1.73
2012.10.02 19:03:03.772,1.57381,1.57413,2.25,2.10
2012.10.02 19:03:03.952,1.57381,1.57409,1.50,1.73
2012.10.02 19:03:04.257,1.57374,1.5741,1.50,1.73
2012.10.02 19:03:06.695,1.57377,1.5741,1.50,1.73
2012.10.02 19:03:06.932,1.57377,1.57412,2.48,2.48
2012.10.02 19:03:07.112,1.57381,1.57416,1.50,1.73
2012.10.02 19:03:07.233,1.57375,1.57409,1.73,1.50
2012.10.02 19:03:07.533,1.57375,1.57411,2.48,1.73
2012.10.02 19:03:07.653,1.57376,1.57411,1.50,1.73
2012.10.02 19:03:07.772,1.57376,1.57412,1.50,2.48
2012.10.02 19:03:07.952,1.57376,1.57412,2.25,1.73
2012.10.02 19:03:08.013,1.57376,1.57412,2.48,1.73
2012.10.02 19:03:08.172,1.57376,1.57412,1.73,2.48
2012.10.02 19:03:08.442,1.57376,1.57412,1.50,2.48
2012.10.02 19:03:13.322,1.5737,1.57406,2.48,2.48
2012.10.02 19:03:15.182,1.5737,1.57406,1.73,2.48
2012.10.02 19:03:15.542,1.5737,1.57404,2.48,3.23
2012.10.02 19:03:19.163,1.5737,1.57406,2.48,1.73
2012.10.02 19:03:19.402,1.57374,1.57406,1.50,1.35
2012.10.02 19:03:19.523,1.57374,1.57406,1.73,1.13
2012.10.02 19:03:19.643,1.57374,1.57406,1.50,1.35
2012.10.02 19:03:25.783,1.57373,1.57407,1.50,2.48
2012.10.02 19:03:26.342,1.57371,1.57407,2.48,2.48
2012.10.02 19:03:27.512,1.57371,1.57401,1.50,1.73
2012.10.02 19:03:28.512,1.57365,1.57401,2.25,1.73
2012.10.02 19:03:29.066,1.57365,1.57401,1.50,1.73
2012.10.02 19:03:29.686,1.57365,1.57401,1.50,1.73
2012.10.02 19:03:29.743,1.57365,1.57401,2.25,1.73
2012.10.02 19:03:38.255,1.57373,1.57401,1.50,1.73
2012.10.02 19:03:39.483,1.57365,1.57401,2.25,1.73
2012.10.02 19:03:39.932,1.57373,1.57401,1.50,1.73
2012.10.02 19:03:41.733,1.57373,1.57387,1.50,1.50
2012.10.02 19:03:41.793,1.57359,1.57387,1.73,1.50
2012.10.02 19:03:41.853,1.57359,1.57386,1.50,1.73
2012.10.02 19:03:41.913,1.57359,1.57386,1.73,1.50
2012.10.02 19:03:41.977,1.57359,1.57393,2.48,1.50
2012.10.02 19:03:42.254,1.57358,1.57387,1.50,1.73
2012.10.02 19:03:42.613,1.57362,1.57401,2.48,3.23
2012.10.02 19:03:42.732,1.57362,1.57394,1.50,1.73
2012.10.02 19:03:42.912,1.57362,1.57398,2.48,1.73
2012.10.02 19:03:43.093,1.57369,1.57402,1.50,3.23
2012.10.02 19:03:45.923,1.57369,1.57403,2.25,1.73
2012.10.02 19:03:46.222,1.57369,1.57403,2.48,1.73
2012.10.02 19:03:46.283,1.57364,1.57393,1.73,1.50
2012.10.02 19:03:46.343,1.57364,1.57393,1.50,1.73
2012.10.02 19:03:46.523,1.57359,1.57393,1.65,1.73
2012.10.02 19:03:52.273,1.57364,1.57394,1.50,1.73
2012.10.02 19:03:52.522,1.57364,1.57396,1.50,1.35
2012.10.02 19:03:54.185,1.57371,1.57399,1.50,1.73
2012.10.02 19:03:54.303,1.57371,1.57398,1.50,1.35
2012.10.02 19:03:54.482,1.57371,1.57394,1.50,1.73
2012.10.02 19:03:54.722,1.57372,1.57398,1.50,1.35
2012.10.02 19:03:54.782,1.57372,1.57398,1.50,1.89
2012.10.02 19:03:55.144,1.57372,1.57394,1.50,1.73
2012.10.02 19:03:55.206,1.57372,1.57394,1.50,1.73
2012.10.02 19:03:55.263,1.5737,1.57394,1.50,1.73
2012.10.02 19:03:55.563,1.5737,1.57399,1.50,1.73
2012.10.02 19:03:55.803,1.57375,1.57399,1.50,1.73
2012.10.02 19:03:56.222,1.57376,1.57404,1.50,1.73
2012.10.02 19:03:56.282,1.57383,1.57404,1.50,1.73
2012.10.02 19:03:56.632,1.57378,1.57404,1.50,1.73
2012.10.02 19:03:56.922,1.57378,1.57404,1.50,1.73
2012.10.02 19:03:57.262,1.57378,1.57404,1.50,1.73
2012.10.02 19:03:57.826,1.57376,1.57404,1.50,1.73
2012.10.02 19:03:57.889,1.57372,1.57404,1.50,1.73
2012.10.02 19:04:01.293,1.57366,1.57402,2.25,3.98
2012.10.02 19:04:01.697,1.57364,1.5739,2.48,1.50
2012.10.02 19:04:02.384,1.57358,1.5739,1.73,1.50
2012.10.02 19:04:02.503,1.57357,1.5739,1.13,1.50
2012.10.02 19:04:02.562,1.57365,1.57398,1.50,1.73
2012.10.02 19:04:02.683,1.57365,1.57401,2.48,2.85
2012.10.02 19:04:02.922,1.57365,1.57394,2.48,1.50
2012.10.02 19:04:03.252,1.57359,1.57391,1.73,1.50
2012.10.02 19:04:03.536,1.57368,1.57401,1.50,1.35
2012.10.02 19:04:04.742,1.57373,1.57401,1.50,1.35
2012.10.02 19:04:07.973,1.57373,1.57406,1.50,1.35
2012.10.02 19:04:10.643,1.57373,1.57408,2.25,1.73
2012.10.02 19:04:10.942,1.57379,1.57414,1.50,1.73
2012.10.02 19:04:11.353,1.57379,1.57414,1.50,1.73
2012.10.02 19:04:11.593,1.57379,1.57414,1.50,1.73
2012.10.02 19:04:12.075,1.57379,1.57413,2.25,1.73
2012.10.02 19:04:12.192,1.57379,1.57413,1.50,1.73
2012.10.02 19:04:12.706,1.57379,1.57414,1.50,1.73
2012.10.02 19:04:13.893,1.57379,1.57413,1.50,1.73
2012.10.02 19:04:13.952,1.57384,1.57416,1.50,1.74
2012.10.02 19:04:14.072,1.57384,1.57416,1.50,1.35
2012.10.02 19:04:26.602,1.57384,1.57418,2.25,1.73
2012.10.02 19:04:26.944,1.57384,1.57418,1.50,2.48
2012.10.02 19:04:27.315,1.57384,1.57416,1.50,1.56
2012.10.02 19:04:28.712,1.57384,1.57418,2.25,2.31
2012.10.02 19:04:28.773,1.57384,1.5742,2.25,3.23
2012.10.02 19:04:30.132,1.57384,1.5742,2.25,2.48
2012.10.02 19:04:30.312,1.57397,1.57431,2.48,1.73
2012.10.02 19:04:30.433,1.57397,1.57429,1.73,2.48
2012.10.02 19:04:30.793,1.57392,1.57418,1.50,1.73
2012.10.02 19:04:30.912,1.57378,1.57415,1.73,2.48
2012.10.02 19:04:32.483,1.57378,1.57415,2.48,1.50
2012.10.02 19:04:32.543,1.57387,1.57417,1.73,1.50
2012.10.02 19:04:32.662,1.57387,1.57417,1.73,2.25
2012.10.02 19:04:37.993,1.57387,1.57423,2.25,3.00
2012.10.02 19:04:38.112,1.5739,1.57423,2.48,2.25
2012.10.02 19:04:47.099,1.57391,1.57429,2.48,2.48
2012.10.02 19:04:47.635,1.57391,1.57427,2.48,1.73
2012.10.02 19:04:54.373,1.57391,1.57423,2.48,1.50
2012.10.02 19:04:54.793,1.57385,1.5742,2.48,2.48
2012.10.02 19:04:55.357,1.57385,1.57423,3.23,2.48
2012.10.02 19:04:55.635,1.57386,1.57422,1.50,1.73
2012.10.02 19:04:55.692,1.57385,1.57423,2.48,2.48
2012.10.02 19:04:58.132,1.57384,1.57413,1.35,1.50
2012.10.02 19:05:00.082,1.57384,1.57414,1.35,1.50
2012.10.02 19:05:00.205,1.57384,1.57419,1.35,2.48
2012.10.02 19:05:05.212,1.57388,1.57424,1.50,1.80
2012.10.02 19:05:05.452,1.57386,1.57422,2.25,2.48
2012.10.02 19:05:15.664,1.57387,1.57422,1.50,2.48
2012.10.02 19:05:16.202,1.57388,1.57426,1.50,1.87
2012.10.02 19:05:18.674,1.57388,1.57425,2.25,1.35
2012.10.02 19:05:18.793,1.5739,1.57426,1.73,1.35
2012.10.02 19:05:28.923,1.57391,1.57427,3.23,1.73
2012.10.02 19:05:28.984,1.57391,1.57427,3.23,2.48
2012.10.02 19:05:31.663,1.57391,1.57427,2.48,2.48
2012.10.02 19:05:31.846,1.57385,1.57423,2.48,2.48
2012.10.02 19:05:31.903,1.57385,1.57423,2.48,1.73
2012.10.02 19:05:32.082,1.57392,1.57429,1.73,2.48
2012.10.02 19:05:32.203,1.57392,1.57429,1.73,2.48
2012.10.02 19:05:32.323,1.57387,1.57425,2.25,2.48
2012.10.02 19:05:32.623,1.57384,1.57419,2.10,1.73
2012.10.02 19:05:32.883,1.57387,1.57425,2.48,1.73
2012.10.02 19:05:33.202,1.57393,1.57426,1.73,1.73
2012.10.02 19:05:36.955,1.57393,1.5743,1.73,1.32
2012.10.02 19:05:37.314,1.57392,1.57424,2.25,2.48
2012.10.02 19:05:37.375,1.57392,1.57424,2.48,2.25
2012.10.02 19:05:37.552,1.57392,1.57424,3.23,1.50
2012.10.02 19:05:38.292,1.57391,1.57424,1.73,2.25
2012.10.02 19:05:41.712,1.57394,1.57425,1.50,2.48
2012.10.02 19:05:45.655,1.57394,1.5743,1.50,2.48
2012.10.02 19:05:45.713,1.57387,1.57425,3.00,2.48
2012.10.02 19:05:45.893,1.57391,1.57424,1.73,1.88
2012.10.02 19:05:46.013,1.57391,1.57424,1.73,2.63
2012.10.02 19:05:46.531,1.57396,1.57431,2.25,1.13
2012.10.02 19:05:47.117,1.57396,1.57432,1.50,2.78
2012.10.02 19:05:47.232,1.57394,1.57428,1.50,3.23
2012.10.02 19:05:47.472,1.57396,1.57429,1.50,2.48
2012.10.02 19:05:47.773,1.57399,1.57433,1.73,1.28
2012.10.02 19:05:47.893,1.57399,1.57434,1.73,2.40
2012.10.02 19:05:48.013,1.57406,1.57434,1.73,1.50
2012.10.02 19:05:48.432,1.57408,1.57435,2.25,1.73
2012.10.02 19:05:48.494,1.57408,1.57435,1.50,2.48
2012.10.02 19:05:48.612,1.57405,1.57435,1.50,2.48
2012.10.02 19:05:49.173,1.57407,1.57436,1.50,1.28
2012.10.02 19:05:49.233,1.5741,1.57439,1.50,1.05
2012.10.02 19:05:49.353,1.57412,1.57439,1.50,1.05
2012.10.02 19:05:49.473,1.57413,1.5744,1.50,1.13
2012.10.02 19:05:49.533,1.57409,1.5744,1.50,1.13
2012.10.02 19:05:49.975,1.57409,1.5744,1.50,2.63
2012.10.02 19:05:50.032,1.57402,1.57439,1.73,2.40
2012.10.02 19:05:50.093,1.57401,1.57439,2.48,2.63
2012.10.02 19:05:50.962,1.57401,1.57439,1.73,2.63
2012.10.02 19:05:51.083,1.57401,1.57439,2.48,2.63
2012.10.02 19:05:51.662,1.57404,1.57439,2.25,2.63
2012.10.02 19:05:51.723,1.57407,1.5744,2.48,1.35
2012.10.02 19:05:52.212,1.57411,1.5744,1.50,1.35
2012.10.02 19:05:52.393,1.57408,1.5744,1.73,1.35
2012.10.02 19:05:53.433,1.57408,1.57441,1.73,1.35
2012.10.02 19:05:53.982,1.57408,1.57442,1.50,1.25
2012.10.02 19:05:55.642,1.57404,1.5744,1.50,1.35
2012.10.02 19:05:56.884,1.57404,1.5744,1.73,1.35
2012.10.02 19:05:57.479,1.57404,1.5744,1.50,1.35
2012.10.02 19:06:08.143,1.57407,1.57441,1.50,2.10
2012.10.02 19:06:08.202,1.57407,1.57441,1.73,2.10
2012.10.02 19:06:08.502,1.57408,1.57443,1.50,1.13
2012.10.02 19:06:08.742,1.57403,1.57439,1.50,2.48
2012.10.02 19:06:10.113,1.57407,1.57439,1.50,2.48
2012.10.02 19:06:10.234,1.57408,1.57444,2.25,1.88
2012.10.02 19:06:11.872,1.57408,1.57446,1.50,2.48
2012.10.02 19:06:12.441,1.57408,1.57446,2.25,2.48
2012.10.02 19:06:13.351,1.57412,1.57446,1.73,1.73
2012.10.02 19:06:13.412,1.57408,1.57446,2.48,2.48
2012.10.02 19:06:13.472,1.57408,1.57446,1.50,2.48
2012.10.02 19:06:13.952,1.57408,1.57446,2.25,1.73
2012.10.02 19:06:14.013,1.57413,1.57447,1.73,1.73
2012.10.02 19:06:14.192,1.57413,1.5745,1.50,3.02
2012.10.02 19:06:18.994,1.57413,1.57448,1.50,1.35
2012.10.02 19:06:19.325,1.57413,1.57448,1.50,1.35
2012.10.02 19:06:19.671,1.57413,1.57436,1.50,1.09
2012.10.02 19:06:19.732,1.57401,1.57433,1.73,2.63
2012.10.02 19:06:19.912,1.57397,1.57433,1.32,2.63
2012.10.02 19:06:20.152,1.57395,1.57433,2.48,2.85
2012.10.02 19:06:22.992,1.574,1.57433,3.52,1.13
2012.10.02 19:06:23.112,1.57401,1.57436,1.73,1.32
2012.10.02 19:06:23.233,1.574,1.57436,2.48,1.32
2012.10.02 19:06:23.294,1.574,1.57435,2.25,1.13
2012.10.02 19:06:23.474,1.57401,1.57435,1.73,1.13
2012.10.02 19:06:23.652,1.574,1.57435,2.48,1.13
2012.10.02 19:06:23.952,1.57413,1.57435,1.50,2.48
2012.10.02 19:06:24.014,1.57411,1.57435,2.25,1.50
2012.10.02 19:06:24.527,1.57412,1.57442,1.50,1.20
2012.10.02 19:06:24.601,1.57412,1.57447,1.50,1.73
2012.10.02 19:06:25.142,1.57409,1.57443,1.73,1.73
2012.10.02 19:06:26.002,1.57407,1.57443,2.25,2.29
2012.10.02 19:06:26.122,1.57407,1.57443,1.50,3.04
2012.10.02 19:06:27.673,1.57407,1.57443,1.50,3.04
2012.10.02 19:06:27.733,1.57396,1.57428,2.48,2.25
2012.10.02 19:06:27.792,1.57396,1.57428,3.00,1.78
2012.10.02 19:06:27.913,1.5739,1.57428,1.50,3.43
2012.10.02 19:06:27.972,1.57391,1.57428,1.73,3.00
2012.10.02 19:06:35.572,1.57397,1.57431,1.50,1.25
2012.10.02 19:06:35.902,1.57392,1.5743,2.25,2.48
2012.10.02 19:06:37.532,1.57392,1.5743,2.48,2.48
2012.10.02 19:06:42.392,1.57392,1.5743,2.48,1.73
2012.10.02 19:06:42.572,1.57402,1.57436,2.25,1.28
2012.10.02 19:06:43.601,1.57402,1.57439,2.25,2.48
2012.10.02 19:06:43.668,1.57402,1.57441,2.48,3.98
2012.10.02 19:06:44.442,1.57408,1.57442,1.50,1.73
2012.10.02 19:06:44.632,1.57405,1.57438,1.50,2.48
2012.10.02 19:06:44.932,1.57399,1.5743,1.50,2.48
2012.10.02 19:06:45.173,1.57398,1.57429,1.50,2.48
2012.10.02 19:06:45.293,1.57393,1.57428,1.50,3.23
2012.10.02 19:06:46.942,1.57393,1.57429,1.50,5.93
2012.10.02 19:06:47.063,1.5738,1.57413,2.46,1.35
2012.10.02 19:06:47.122,1.57386,1.57413,1.50,1.35
2012.10.02 19:06:47.542,1.5738,1.57413,4.71,1.35
2012.10.02 19:06:47.942,1.57386,1.57412,1.50,1.35
2012.10.02 19:06:48.002,1.57384,1.57412,1.50,1.35
2012.10.02 19:06:48.062,1.5738,1.57412,1.71,1.35
2012.10.02 19:06:48.492,1.57386,1.57413,1.50,1.35
2012.10.02 19:06:48.853,1.57392,1.57413,1.50,1.35
2012.10.02 19:06:48.973,1.57389,1.57413,1.50,1.35
2012.10.02 19:06:49.032,1.57387,1.57413,1.50,1.35
2012.10.02 19:06:50.042,1.57392,1.57413,1.50,1.35
2012.10.02 19:06:50.444,1.5739,1.57413,1.50,1.35
2012.10.02 19:06:50.502,1.57382,1.57413,1.50,1.35
2012.10.02 19:06:51.763,1.57388,1.57413,1.50,1.35
2012.10.02 19:06:52.045,1.57388,1.57413,1.50,1.35
2012.10.02 19:06:52.233,1.57395,1.57417,1.50,1.88
2012.10.02 19:06:52.294,1.57393,1.57417,1.50,1.88
2012.10.02 19:06:52.359,1.57387,1.57417,1.50,1.88
2012.10.02 19:06:52.423,1.57387,1.57417,1.73,1.65
2012.10.02 19:06:52.483,1.57387,1.57418,2.48,1.13
2012.10.02 19:06:52.802,1.57393,1.57424,1.50,1.35
2012.10.02 19:06:53.804,1.57386,1.57418,2.48,2.48
2012.10.02 19:06:53.863,1.57386,1.57418,2.48,3.23
2012.10.02 19:06:53.982,1.57386,1.57418,2.25,3.98
2012.10.02 19:06:58.982,1.5738,1.57412,1.73,1.50
2012.10.02 19:06:59.773,1.5738,1.57412,1.73,2.25
2012.10.02 19:07:00.133,1.57374,1.57405,3.75,2.48
2012.10.02 19:07:00.382,1.57376,1.5741,1.50,2.48
2012.10.02 19:07:01.014,1.57372,1.57409,2.48,1.35
2012.10.02 19:07:02.202,1.57377,1.5741,1.50,2.48
2012.10.02 19:07:02.263,1.57378,1.57416,2.48,1.35
2012.10.02 19:07:02.322,1.57385,1.57417,1.50,1.88
2012.10.02 19:07:02.682,1.57383,1.57417,1.50,2.48
2012.10.02 19:07:02.922,1.57381,1.57417,2.25,2.48
2012.10.02 19:07:04.062,1.57381,1.57417,2.25,1.73
2012.10.02 19:07:04.963,1.57381,1.57417,2.25,2.48
2012.10.02 19:07:05.652,1.57381,1.57417,1.50,2.48
2012.10.02 19:07:06.012,1.57375,1.57411,2.25,2.48
2012.10.02 19:07:07.032,1.57375,1.57411,2.25,1.73
2012.10.02 19:07:07.092,1.57375,1.57411,2.25,2.48
2012.10.02 19:07:07.446,1.57385,1.57411,1.50,1.73
2012.10.02 19:07:07.503,1.57385,1.57414,1.73,1.50
2012.10.02 19:07:07.622,1.57385,1.57419,1.73,2.48
2012.10.02 19:07:07.683,1.57382,1.57419,3.00,2.48
2012.10.02 19:07:08.311,1.57382,1.57419,2.25,2.48
2012.10.02 19:07:08.494,1.57382,1.57419,2.48,1.73
2012.10.02 19:07:12.054,1.57388,1.57426,1.50,2.48
2012.10.02 19:07:12.652,1.57388,1.57424,2.25,2.48
2012.10.02 19:07:26.412,1.57389,1.57425,2.25,1.73
2012.10.02 19:07:26.594,1.57398,1.57425,2.48,1.50
2012.10.02 19:07:26.653,1.57398,1.57428,2.25,2.48
2012.10.02 19:07:26.714,1.57398,1.57428,1.50,2.48
2012.10.02 19:07:26.772,1.57403,1.57428,1.50,2.10
2012.10.02 19:07:27.076,1.574,1.57434,1.73,2.48
2012.10.02 19:07:27.262,1.57403,1.57436,2.25,1.20
2012.10.02 19:07:30.023,1.57401,1.57433,1.73,1.50
2012.10.02 19:07:34.453,1.574,1.57433,1.73,2.25
2012.10.02 19:07:34.575,1.574,1.57433,1.50,2.48
2012.10.02 19:07:38.374,1.57396,1.57433,1.73,1.73
2012.10.02 19:07:38.492,1.57396,1.57433,1.50,1.73
2012.10.02 19:07:48.052,1.57397,1.57435,1.50,2.85
2012.10.02 19:07:52.193,1.57393,1.5743,3.23,1.73
2012.10.02 19:07:52.672,1.57393,1.5743,3.23,1.73
2012.10.02 19:07:52.792,1.57393,1.5743,3.23,1.73
2012.10.02 19:07:53.370,1.57397,1.57434,1.50,4.73
2012.10.02 19:07:53.893,1.57393,1.5743,3.23,1.73
2012.10.02 19:07:55.873,1.57399,1.57436,1.50,1.35
2012.10.02 19:08:00.855,1.57399,1.57434,1.50,1.35
2012.10.02 19:08:01.243,1.57394,1.57431,1.50,3.15
2012.10.02 19:08:01.612,1.57394,1.57425,2.25,1.73
2012.10.02 19:08:01.792,1.57394,1.57425,2.48,1.50
2012.10.02 19:08:02.042,1.57394,1.57431,2.48,2.10
2012.10.02 19:08:02.656,1.57394,1.57431,2.48,2.48
2012.10.02 19:08:03.184,1.57394,1.57431,2.48,2.10
2012.10.02 19:08:08.403,1.57399,1.57436,1.50,1.35
2012.10.02 19:08:14.254,1.57399,1.57437,2.25,1.21
2012.10.02 19:08:14.548,1.57399,1.57436,1.50,1.35
2012.10.02 19:08:16.492,1.57394,1.57431,2.48,1.73
2012.10.02 19:08:18.885,1.57394,1.57431,2.48,1.73
2012.10.02 19:08:19.112,1.57394,1.57431,2.48,1.73
2012.10.02 19:08:24.723,1.57393,1.57426,1.73,1.50
2012.10.02 19:08:27.052,1.57394,1.57431,2.48,1.73
2012.10.02 19:08:29.183,1.57394,1.57431,2.48,1.73
2012.10.02 19:08:29.362,1.57399,1.57435,2.48,1.73
2012.10.02 19:08:39.143,1.574,1.57437,3.23,1.73
2012.10.02 19:08:39.264,1.574,1.57437,3.23,1.73
2012.10.02 19:08:39.942,1.574,1.57437,3.23,1.73
2012.10.02 19:08:41.962,1.574,1.57437,2.48,2.48
2012.10.02 19:08:42.023,1.574,1.57435,1.50,1.35
2012.10.02 19:08:42.144,1.57396,1.57432,2.25,2.10
2012.10.02 19:08:42.943,1.57393,1.57424,1.73,1.50
2012.10.02 19:08:43.792,1.57393,1.57428,1.73,1.73
2012.10.02 19:08:48.885,1.57394,1.57429,1.73,1.20
2012.10.02 19:08:49.062,1.57394,1.57428,1.50,2.48
2012.10.02 19:08:49.363,1.57394,1.57431,2.25,1.23
2012.10.02 19:08:49.483,1.57394,1.57433,2.48,3.23
2012.10.02 19:08:49.858,1.57402,1.57433,1.50,1.73
2012.10.02 19:08:50.342,1.574,1.57432,1.50,2.33
2012.10.02 19:08:50.402,1.57396,1.57432,2.25,2.33
2012.10.02 19:08:53.493,1.57396,1.57432,2.25,2.03
2012.10.02 19:08:53.742,1.57396,1.57432,2.25,2.03
2012.10.02 19:09:02.954,1.57396,1.57432,2.25,1.95
2012.10.02 19:09:03.443,1.57397,1.57433,1.32,3.08
2012.10.02 19:09:05.076,1.57397,1.57428,1.32,1.50
2012.10.02 19:09:05.815,1.57397,1.57431,1.32,2.10
2012.10.02 19:09:09.365,1.57397,1.57431,1.32,2.10
2012.10.02 19:09:09.794,1.574,1.57434,3.23,1.73
2012.10.02 19:09:09.912,1.574,1.57434,3.23,2.48
2012.10.02 19:09:09.977,1.574,1.57434,3.23,1.73
2012.10.02 19:09:14.263,1.57401,1.57431,1.73,1.50
2012.10.02 19:09:14.382,1.57401,1.57431,1.73,1.50
2012.10.02 19:09:14.602,1.57401,1.57431,1.73,1.50
2012.10.02 19:09:14.783,1.57401,1.57431,1.73,1.50
2012.10.02 19:09:18.663,1.57401,1.57431,1.73,1.50
2012.10.02 19:09:19.143,1.57413,1.57439,1.73,1.50
2012.10.02 19:09:19.530,1.57413,1.57446,1.73,1.50
2012.10.02 19:09:20.662,1.57412,1.57446,1.73,1.50
2012.10.02 19:09:20.782,1.57407,1.57439,1.61,1.50
2012.10.02 19:09:20.842,1.57406,1.57439,2.48,1.50
2012.10.02 19:09:20.963,1.57405,1.57436,1.73,1.50
2012.10.02 19:09:21.222,1.574,1.57435,1.35,1.73
2012.10.02 19:09:21.342,1.574,1.5743,1.35,1.50
2012.10.02 19:09:21.882,1.57404,1.5743,1.50,1.50
2012.10.02 19:09:22.223,1.57396,1.5743,1.13,1.73
2012.10.02 19:09:23.722,1.57392,1.5743,2.48,1.73
2012.10.02 19:09:28.402,1.57392,1.5743,1.73,2.48
2012.10.02 19:09:28.462,1.57386,1.57424,2.48,1.50
2012.10.02 19:09:28.822,1.57386,1.57424,2.48,1.73
2012.10.02 19:09:29.632,1.57391,1.57428,2.25,2.03
2012.10.02 19:09:29.874,1.57394,1.57428,2.48,1.50
2012.10.02 19:09:30.473,1.57396,1.57434,2.48,2.70
2012.10.02 19:09:31.843,1.57393,1.57428,1.73,1.50
2012.10.02 19:09:36.223,1.57396,1.57428,1.32,2.48
2012.10.02 19:09:36.552,1.57393,1.57428,1.73,1.50
2012.10.02 19:09:36.912,1.57398,1.57433,1.73,1.88
2012.10.02 19:09:41.062,1.574,1.57438,2.48,1.73
2012.10.02 19:09:41.183,1.574,1.57436,2.48,1.73
2012.10.02 19:09:52.022,1.57399,1.57432,2.48,1.50
2012.10.02 19:09:52.570,1.57399,1.57437,2.48,1.73
2012.10.02 19:09:59.912,1.57406,1.57441,2.25,2.85
2012.10.02 19:10:00.077,1.57406,1.57439,2.25,2.70
2012.10.02 19:10:01.643,1.57397,1.57434,3.23,1.73
2012.10.02 19:10:02.254,1.57405,1.57434,1.73,1.50
2012.10.02 19:10:05.663,1.57404,1.57434,1.73,1.50
2012.10.02 19:10:05.724,1.57404,1.57434,1.73,1.50
2012.10.02 19:10:05.962,1.57397,1.57434,2.63,1.50
2012.10.02 19:10:06.083,1.57397,1.57434,2.63,1.73
2012.10.02 19:10:06.504,1.574,1.57427,1.73,1.50
2012.10.02 19:10:06.954,1.57396,1.57427,1.73,1.50
2012.10.02 19:10:07.013,1.57396,1.57427,1.73,1.50
2012.10.02 19:10:07.192,1.57396,1.5743,1.73,1.50
2012.10.02 19:10:07.782,1.57396,1.57433,1.73,2.10
2012.10.02 19:10:10.443,1.57396,1.57433,2.07,1.73
2012.10.02 19:10:10.563,1.574,1.57436,2.48,1.50
2012.10.02 19:10:10.682,1.574,1.57432,1.50,1.73
2012.10.02 19:10:10.802,1.57395,1.57429,2.25,1.28
2012.10.02 19:10:12.922,1.57388,1.57426,2.48,2.03
2012.10.02 19:10:13.462,1.57395,1.57426,1.73,1.50
2012.10.02 19:10:16.352,1.57396,1.57431,1.73,1.95
2012.10.02 19:10:17.512,1.57396,1.57429,1.73,1.13
2012.10.02 19:10:17.572,1.57393,1.57429,2.25,1.35
2012.10.02 19:10:18.193,1.57393,1.57427,2.25,2.10
2012.10.02 19:10:18.726,1.57388,1.57424,2.48,1.88
2012.10.02 19:10:19.297,1.57392,1.57424,1.32,1.88
2012.10.02 19:10:19.852,1.57392,1.57424,1.32,1.50
2012.10.02 19:10:28.123,1.57399,1.57429,1.50,1.35
2012.10.02 19:10:29.182,1.57399,1.57429,1.50,1.35
2012.10.02 19:10:29.736,1.57399,1.57429,1.50,1.35
2012.10.02 19:10:30.713,1.57392,1.57429,1.32,1.35
2012.10.02 19:10:32.962,1.57392,1.5743,1.32,2.10
2012.10.02 19:10:33.082,1.57392,1.5743,1.32,2.10
2012.10.02 19:10:35.902,1.57393,1.57429,1.73,1.35
2012.10.02 19:10:35.967,1.57393,1.57429,1.73,1.28
2012.10.02 19:10:36.472,1.57392,1.57429,1.32,1.28
2012.10.02 19:10:36.652,1.57391,1.57428,2.48,1.28
2012.10.02 19:10:36.772,1.57391,1.57423,2.25,2.03
2012.10.02 19:10:37.132,1.57382,1.57418,2.48,1.20
2012.10.02 19:10:37.442,1.57382,1.57419,1.73,2.10
2012.10.02 19:10:37.502,1.57382,1.57419,1.73,2.10
2012.10.02 19:10:38.075,1.57383,1.57419,1.73,1.88
2012.10.02 19:10:39.232,1.57386,1.57419,1.73,1.88
2012.10.02 19:10:39.293,1.57392,1.57423,2.48,2.25
2012.10.02 19:10:39.413,1.57392,1.57426,2.97,1.28
2012.10.02 19:10:39.474,1.57394,1.5743,2.48,2.40
2012.10.02 19:10:39.772,1.57398,1.57434,3.23,1.95
2012.10.02 19:10:39.953,1.57398,1.57434,2.25,1.43
2012.10.02 19:10:40.463,1.57392,1.57429,1.73,1.50
2012.10.02 19:10:41.323,1.57393,1.57424,1.73,1.50
2012.10.02 19:10:41.443,1.57393,1.57424,1.73,1.50
2012.10.02 19:10:41.563,1.57393,1.57426,1.73,1.50
2012.10.02 19:10:41.683,1.57393,1.57425,1.73,1.50
2012.10.02 19:10:41.863,1.57394,1.5743,2.48,1.73
2012.10.02 19:10:41.923,1.57394,1.5743,2.48,3.23
2012.10.02 19:10:42.102,1.57393,1.57424,1.73,1.50
2012.10.02 19:10:42.702,1.57393,1.57426,1.73,1.50
2012.10.02 19:10:43.273,1.57391,1.5743,2.48,1.73
2012.10.02 19:10:44.012,1.57389,1.57423,3.23,1.50
2012.10.02 19:10:44.312,1.57387,1.57423,2.58,1.73
2012.10.02 19:10:45.383,1.57387,1.57423,1.83,1.73
2012.10.02 19:10:45.563,1.57387,1.57423,1.73,2.48
2012.10.02 19:10:45.742,1.57384,1.57414,1.60,2.48
2012.10.02 19:10:45.982,1.57383,1.57414,1.08,1.73
2012.10.02 19:10:46.213,1.57383,1.57414,1.08,1.73
2012.10.02 19:10:46.332,1.57386,1.57423,1.08,2.10
2012.10.02 19:10:46.392,1.57386,1.57423,1.08,2.48
2012.10.02 19:10:46.452,1.57385,1.57422,2.35,1.73
2012.10.02 19:10:47.005,1.57383,1.57418,1.08,1.73
2012.10.02 19:10:47.362,1.57392,1.57428,3.23,1.50
2012.10.02 19:10:50.233,1.57392,1.57428,3.23,1.50
2012.10.02 19:10:50.352,1.57392,1.57428,3.23,1.50
2012.10.02 19:10:55.202,1.57392,1.57428,2.40,2.48
2012.10.02 19:10:59.162,1.57392,1.57428,1.50,2.48
2012.10.02 19:10:59.283,1.57384,1.57422,2.25,3.57
2012.10.02 19:11:00.173,1.57384,1.57422,2.25,2.82
2012.10.02 19:11:00.233,1.57384,1.57422,2.48,2.25
2012.10.02 19:11:00.653,1.5739,1.57423,2.25,1.73
2012.10.02 19:11:00.713,1.5739,1.57421,1.50,1.73
2012.10.02 19:11:00.772,1.57382,1.57421,2.48,3.23
2012.10.02 19:11:02.433,1.57382,1.57416,1.73,2.48
2012.10.02 19:11:02.855,1.57376,1.57414,2.25,2.48
2012.10.02 19:11:05.182,1.57376,1.57407,1.50,1.73
2012.10.02 19:11:05.302,1.5737,1.57407,2.25,1.73
2012.10.02 19:11:07.984,1.57374,1.57408,1.50,1.73
2012.10.02 19:11:08.163,1.57376,1.57412,2.48,1.73
2012.10.02 19:11:10.124,1.57376,1.57412,2.48,2.48
2012.10.02 19:11:10.482,1.57369,1.57407,2.48,1.73
2012.10.02 19:11:10.783,1.57377,1.57413,2.48,3.38
2012.10.02 19:11:11.933,1.57381,1.57414,1.50,1.35
2012.10.02 19:11:12.473,1.57376,1.57412,1.73,2.48
2012.10.02 19:11:12.842,1.57376,1.57409,1.50,1.73
2012.10.02 19:11:13.203,1.57376,1.57412,1.50,2.48
2012.10.02 19:11:13.323,1.57376,1.57412,1.50,1.73
2012.10.02 19:11:13.914,1.57382,1.57417,2.25,1.35
2012.10.02 19:11:13.973,1.57382,1.57418,2.48,2.48
2012.10.02 19:11:16.203,1.57382,1.57416,1.73,1.73
2012.10.02 19:11:16.562,1.57377,1.57413,2.25,2.07
2012.10.02 19:11:27.362,1.57377,1.57413,2.48,2.07
2012.10.02 19:11:27.882,1.57377,1.57413,2.48,2.07
2012.10.02 19:11:31.995,1.57377,1.5741,2.48,1.73
2012.10.02 19:11:32.233,1.57379,1.5741,2.48,1.50
2012.10.02 19:11:32.773,1.57379,1.57416,2.48,1.28
2012.10.02 19:11:33.253,1.57379,1.57414,1.73,2.48
2012.10.02 19:11:33.373,1.57379,1.57414,2.48,1.73
2012.10.02 19:11:33.612,1.57379,1.57414,1.73,2.48
2012.10.02 19:11:34.232,1.57375,1.57413,3.23,1.73
2012.10.02 19:11:37.295,1.57375,1.5741,1.50,1.73
2012.10.02 19:11:37.632,1.57375,1.5741,2.25,2.48
2012.10.02 19:11:37.692,1.57375,1.5741,2.25,2.85
2012.10.02 19:11:37.881,1.57371,1.57407,2.48,1.73
2012.10.02 19:11:38.423,1.57377,1.57413,1.50,2.10
2012.10.02 19:11:40.342,1.57372,1.57409,2.48,1.73
2012.10.02 19:11:42.985,1.57377,1.57411,1.50,1.73
2012.10.02 19:11:43.223,1.57382,1.57415,1.50,3.23
2012.10.02 19:11:43.342,1.57379,1.57412,1.50,1.73
2012.10.02 19:11:43.402,1.57376,1.57412,2.25,1.73
2012.10.02 19:11:57.932,1.57369,1.57403,1.50,1.73
2012.10.02 19:11:57.992,1.57369,1.57403,1.50,2.48
2012.10.02 19:12:01.632,1.57364,1.57403,2.48,2.48
2012.10.02 19:12:08.103,1.57365,1.57403,1.32,2.48
2012.10.02 19:12:30.225,1.57367,1.57404,2.48,2.48
2012.10.02 19:12:31.222,1.57367,1.57404,2.48,2.48
2012.10.02 19:12:46.202,1.57368,1.57405,1.50,2.48
2012.10.02 19:12:53.113,1.57373,1.57407,1.50,1.73
2012.10.02 19:12:53.293,1.57378,1.57411,1.50,4.13
2012.10.02 19:12:53.652,1.57378,1.57414,2.25,1.73
2012.10.02 19:12:53.773,1.57383,1.57416,2.25,2.10
2012.10.02 19:12:54.253,1.57377,1.57411,3.23,1.50
2012.10.02 19:12:54.433,1.57377,1.5741,1.50,1.73
2012.10.02 19:12:55.033,1.57381,1.57414,1.50,2.48
2012.10.02 19:12:55.272,1.57381,1.57414,1.50,1.50
2012.10.02 19:12:55.513,1.57381,1.57414,1.50,1.73
2012.10.02 19:12:55.633,1.57376,1.57413,2.25,2.48
2012.10.02 19:12:56.682,1.57376,1.57413,1.50,2.48
2012.10.02 19:12:57.205,1.57376,1.57413,2.25,2.48
2012.10.02 19:12:57.632,1.5737,1.57405,3.23,2.25
2012.10.02 19:12:57.993,1.57366,1.57404,2.48,2.48
2012.10.02 19:12:58.293,1.57366,1.57404,2.48,2.48
2012.10.02 19:13:00.802,1.57366,1.57404,2.48,2.48
2012.10.02 19:13:04.553,1.57366,1.57404,3.98,2.48
2012.10.02 19:13:11.585,1.57367,1.57402,1.73,1.50
2012.10.02 19:13:11.910,1.57365,1.57398,2.58,2.48
2012.10.02 19:13:12.415,1.57365,1.57397,1.08,1.73
2012.10.02 19:13:12.777,1.57366,1.57402,2.48,1.73
2012.10.02 19:13:13.383,1.57366,1.57402,2.58,1.73
2012.10.02 19:13:13.766,1.57369,1.57402,1.73,1.50
2012.10.02 19:13:15.932,1.57371,1.57409,2.48,2.48
2012.10.02 19:13:19.622,1.57369,1.57403,1.73,1.50
2012.10.02 19:13:20.883,1.5737,1.57403,2.48,1.50
2012.10.02 19:13:20.942,1.57373,1.57409,1.73,1.73
2012.10.02 19:13:21.122,1.57373,1.57409,1.73,1.50
2012.10.02 19:13:32.703,1.57378,1.57414,1.73,2.70
2012.10.02 19:13:33.866,1.57375,1.57406,2.48,1.50
2012.10.02 19:13:40.233,1.57375,1.57407,2.48,1.50
2012.10.02 19:13:40.292,1.57375,1.57411,2.48,1.73
2012.10.02 19:13:43.473,1.57381,1.57413,1.50,1.73
2012.10.02 19:13:44.012,1.57374,1.57412,2.48,1.73
2012.10.02 19:13:47.145,1.57374,1.57412,2.48,2.48
2012.10.02 19:13:47.644,1.57378,1.57414,2.25,2.00
2012.10.02 19:13:47.763,1.57378,1.57414,3.23,3.00
2012.10.02 19:13:47.943,1.57378,1.57414,2.25,3.98
2012.10.02 19:13:48.483,1.57372,1.5741,2.48,2.48
2012.10.02 19:13:48.914,1.57372,1.5741,2.48,2.48
2012.10.02 19:13:57.635,1.57372,1.5741,2.48,3.23
2012.10.02 19:13:57.888,1.57384,1.5741,2.48,1.50
2012.10.02 19:13:57.956,1.57383,1.57418,3.23,2.25
2012.10.02 19:13:58.072,1.57382,1.57418,2.85,2.25
2012.10.02 19:13:59.623,1.57382,1.57418,2.10,1.50
2012.10.02 19:13:59.922,1.57382,1.57418,1.73,1.73
2012.10.02 19:14:00.944,1.57382,1.57418,1.73,2.48
2012.10.02 19:14:01.302,1.57375,1.57411,2.48,1.73
2012.10.02 19:14:01.423,1.57375,1.57409,1.73,1.73
2012.10.02 19:14:01.482,1.57375,1.57409,1.50,1.73
2012.10.02 19:14:07.546,1.57375,1.57409,1.73,1.73
2012.10.02 19:14:09.463,1.57377,1.57409,1.50,2.48
2012.10.02 19:14:10.674,1.57377,1.57413,1.50,3.23
2012.10.02 19:14:11.012,1.57377,1.5741,2.25,1.73
2012.10.02 19:14:11.193,1.57375,1.57411,2.25,1.73
2012.10.02 19:14:11.253,1.57375,1.57411,2.25,1.73
2012.10.02 19:14:11.612,1.57375,1.57411,2.33,1.73
2012.10.02 19:14:11.753,1.57375,1.57411,2.55,1.73
2012.10.02 19:14:11.873,1.57382,1.57414,2.48,1.13
2012.10.02 19:14:11.996,1.57382,1.57413,1.50,1.35
2012.10.02 19:14:12.293,1.57375,1.57412,1.43,1.73
2012.10.02 19:14:20.443,1.57387,1.57413,2.25,1.73
2012.10.02 19:14:20.562,1.57383,1.57418,1.61,1.50
2012.10.02 19:14:20.743,1.5738,1.57418,2.63,1.50
2012.10.02 19:14:20.983,1.5738,1.57418,2.48,1.73
2012.10.02 19:14:21.103,1.57374,1.5741,3.04,1.50
2012.10.02 19:14:21.223,1.57374,1.5741,2.48,1.50
2012.10.02 19:14:21.753,1.57381,1.57417,1.50,2.48
2012.10.02 19:14:22.112,1.57381,1.57417,2.25,2.48
2012.10.02 19:14:22.232,1.57377,1.57413,2.48,1.73
2012.10.02 19:14:22.524,1.57381,1.57415,1.50,2.48
2012.10.02 19:14:26.412,1.57381,1.57417,1.50,2.48
2012.10.02 19:14:26.532,1.57375,1.57411,1.73,2.48
2012.10.02 19:14:35.613,1.57372,1.57409,1.73,2.48
2012.10.02 19:14:35.674,1.57372,1.57406,1.50,1.73
2012.10.02 19:14:35.793,1.57367,1.57404,1.50,2.48
2012.10.02 19:14:35.914,1.57367,1.57404,2.25,1.73
2012.10.02 19:14:36.033,1.57366,1.57404,2.48,1.50
2012.10.02 19:14:36.213,1.57373,1.57405,1.50,3.23
2012.10.02 19:14:36.433,1.57373,1.57405,1.73,2.25
2012.10.02 19:14:36.493,1.57371,1.57403,2.48,1.50
2012.10.02 19:14:36.553,1.57372,1.57408,2.48,1.73
2012.10.02 19:14:36.672,1.57372,1.57409,2.25,1.36
2012.10.02 19:14:36.914,1.57368,1.57404,1.50,2.48
2012.10.02 19:14:36.974,1.57373,1.57407,1.73,3.23
2012.10.02 19:14:39.293,1.57373,1.57409,2.48,1.95
2012.10.02 19:14:39.503,1.57373,1.57409,1.73,2.70
2012.10.02 19:14:40.703,1.57374,1.57409,2.07,1.50
2012.10.02 19:14:40.823,1.57378,1.57412,2.48,1.50
2012.10.02 19:14:41.324,1.57378,1.57415,2.48,2.48
2012.10.02 19:14:42.123,1.57378,1.57411,2.48,1.50
2012.10.02 19:14:42.709,1.57377,1.57409,1.73,1.50
2012.10.02 19:14:47.702,1.57374,1.57409,1.10,2.48
2012.10.02 19:14:49.309,1.57374,1.57409,1.10,2.78
2012.10.02 19:14:49.433,1.57372,1.57409,2.60,2.70
2012.10.02 19:14:49.673,1.57367,1.574,1.10,1.13
2012.10.02 19:14:49.853,1.57367,1.57403,1.10,3.15
2012.10.02 19:14:50.363,1.57367,1.57403,1.10,3.23
2012.10.02 19:14:50.552,1.57367,1.57403,1.10,2.85
2012.10.02 19:14:51.092,1.57374,1.57403,1.10,1.50
2012.10.02 19:14:52.273,1.57366,1.57403,2.60,1.95
2012.10.02 19:14:52.861,1.57366,1.57403,2.60,1.95
2012.10.02 19:14:53.384,1.57366,1.57403,2.60,1.95
2012.10.02 19:14:53.685,1.57371,1.57399,1.10,1.50
2012.10.02 19:14:53.803,1.57365,1.57399,3.23,1.50
2012.10.02 19:14:53.862,1.57367,1.57401,2.48,1.50
2012.10.02 19:14:54.217,1.57367,1.57404,2.48,1.35
2012.10.02 19:14:55.944,1.57367,1.57404,1.73,2.07
2012.10.02 19:14:56.062,1.57365,1.57399,1.73,2.48
2012.10.02 19:14:56.123,1.57365,1.57394,1.73,1.50
2012.10.02 19:14:56.482,1.57357,1.57394,1.73,2.48
2012.10.02 19:14:57.557,1.57356,1.57392,2.48,1.95
2012.10.02 19:14:57.986,1.57356,1.57392,2.48,1.95
2012.10.02 19:14:58.051,1.57356,1.57392,2.48,1.95
2012.10.02 19:14:58.503,1.57351,1.57389,2.48,2.48
2012.10.02 19:14:58.563,1.5735,1.57383,1.73,1.50
2012.10.02 19:14:58.743,1.57347,1.57383,2.63,2.48
2012.10.02 19:15:01.145,1.57347,1.57383,2.48,2.10
2012.10.02 19:15:01.323,1.57347,1.57382,2.48,1.35
2012.10.02 19:15:03.743,1.57347,1.57382,2.48,1.35
2012.10.02 19:15:03.802,1.57347,1.57383,2.48,1.88
2012.10.02 19:15:03.863,1.57347,1.5738,2.48,1.50
2012.10.02 19:15:04.043,1.57346,1.57382,1.50,1.35
2012.10.02 19:15:04.583,1.57341,1.57378,1.73,1.73
2012.10.02 19:15:07.714,1.57345,1.57383,2.48,2.48
2012.10.02 19:15:07.833,1.57345,1.57383,3.23,2.48
2012.10.02 19:15:19.223,1.5735,1.57388,2.48,1.73
2012.10.02 19:15:19.762,1.5735,1.57386,1.73,1.35
2012.10.02 19:15:26.474,1.5735,1.57385,1.73,1.35
2012.10.02 19:15:26.593,1.57345,1.57383,2.25,2.48
2012.10.02 19:15:26.713,1.57345,1.57383,2.48,2.48
2012.10.02 19:15:27.213,1.5735,1.57383,1.73,1.80
2012.10.02 19:15:31.274,1.57345,1.57383,2.48,2.48
2012.10.02 19:15:31.943,1.57345,1.57383,1.73,2.48
2012.10.02 19:15:32.063,1.57345,1.57383,2.48,2.48
2012.10.02 19:15:32.573,1.57347,1.57383,2.25,2.48
2012.10.02 19:15:32.692,1.57347,1.57383,2.48,2.48
2012.10.02 19:15:34.432,1.57349,1.57383,1.13,1.73
2012.10.02 19:15:34.672,1.57352,1.57391,3.23,2.48
2012.10.02 19:15:36.723,1.5736,1.57391,1.50,2.48
2012.10.02 19:15:37.023,1.57363,1.57399,1.73,2.48
2012.10.02 19:15:37.444,1.57357,1.57394,1.35,2.48
2012.10.02 19:15:37.503,1.57356,1.57392,2.48,1.73
2012.10.02 19:15:38.053,1.57354,1.57388,1.73,1.50
2012.10.02 19:15:41.693,1.57354,1.57388,1.73,1.50
2012.10.02 19:15:41.814,1.57361,1.57394,1.73,1.88
2012.10.02 19:15:42.234,1.57357,1.57391,1.73,1.73
2012.10.02 19:15:52.173,1.57355,1.57391,1.73,1.73
2012.10.02 19:15:52.533,1.57361,1.57397,1.73,1.50
2012.10.02 19:15:52.892,1.57367,1.57401,1.73,1.50
2012.10.02 19:15:53.193,1.57364,1.574,2.48,2.25
2012.10.02 19:15:53.254,1.57364,1.574,2.48,2.48
2012.10.02 19:15:53.813,1.57365,1.57401,1.73,3.75
2012.10.02 19:15:55.463,1.57367,1.57398,1.73,1.50
2012.10.02 19:15:56.013,1.57364,1.57399,2.48,2.25
2012.10.02 19:15:56.572,1.57362,1.57397,1.73,1.50
2012.10.02 19:15:59.642,1.57362,1.57397,3.38,1.50
2012.10.02 19:15:59.943,1.57367,1.57401,1.73,2.37
2012.10.02 19:16:00.393,1.57362,1.57398,2.48,2.48
2012.10.02 19:16:00.692,1.57362,1.57398,1.73,2.48
2012.10.02 19:16:03.693,1.57363,1.57394,2.07,2.48
2012.10.02 19:16:03.754,1.57372,1.57394,1.50,1.73
2012.10.02 19:16:03.934,1.57367,1.57394,3.77,1.50
2012.10.02 19:16:04.053,1.57367,1.57395,3.23,1.50
2012.10.02 19:16:04.113,1.57368,1.57401,2.10,1.50
2012.10.02 19:16:04.233,1.57368,1.57401,1.13,2.48
2012.10.02 19:16:04.413,1.57363,1.57401,1.73,2.48
2012.10.02 19:16:05.073,1.57363,1.57401,2.48,2.48
2012.10.02 19:16:09.163,1.57365,1.57401,1.73,1.73
2012.10.02 19:16:09.283,1.57376,1.5741,1.73,1.50
2012.10.02 19:16:09.403,1.57372,1.5741,2.35,2.25
2012.10.02 19:16:09.523,1.57372,1.5741,1.73,2.48
2012.10.02 19:16:10.062,1.57367,1.57403,2.48,1.50
2012.10.02 19:16:10.946,1.57367,1.57403,2.48,2.25
2012.10.02 19:16:11.003,1.57367,1.57403,1.73,2.48
2012.10.02 19:16:19.414,1.57364,1.57397,1.73,2.25
2012.10.02 19:16:19.533,1.57361,1.57397,1.73,2.48
2012.10.02 19:16:19.713,1.57361,1.57397,3.23,1.50
2012.10.02 19:16:29.864,1.57361,1.57395,3.23,1.50
2012.10.02 19:16:30.043,1.57361,1.57395,3.23,2.48
2012.10.02 19:16:30.163,1.57361,1.57397,6.23,2.48
2012.10.02 19:16:30.284,1.57361,1.57397,1.50,2.48
2012.10.02 19:16:30.403,1.57355,1.57393,1.88,2.48
2012.10.02 19:16:30.646,1.57355,1.57393,2.48,1.73
2012.10.02 19:16:30.704,1.5736,1.57396,1.50,1.73
2012.10.02 19:16:31.043,1.5736,1.57396,1.73,1.73
2012.10.02 19:16:34.614,1.57356,1.57391,1.73,1.50
2012.10.02 19:16:34.973,1.57356,1.57391,1.73,1.73
2012.10.02 19:16:35.363,1.57356,1.57391,1.73,1.50
2012.10.02 19:16:46.904,1.57353,1.5739,2.48,2.48
2012.10.02 19:16:47.832,1.57353,1.5739,2.10,2.48
2012.10.02 19:16:54.693,1.57355,1.57392,2.63,2.48
2012.10.02 19:16:54.753,1.57355,1.57393,2.85,2.25
2012.10.02 19:16:55.062,1.57355,1.57392,1.50,2.48
2012.10.02 19:16:55.183,1.5735,1.57389,2.10,2.48
2012.10.02 19:17:09.883,1.57356,1.5739,1.84,2.48
2012.10.02 19:17:10.188,1.5735,1.57384,2.19,2.25
2012.10.02 19:17:10.583,1.5735,1.57384,2.48,1.50
2012.10.02 19:17:10.655,1.5735,1.57384,1.73,2.25
2012.10.02 19:17:10.714,1.5735,1.57383,1.73,1.50
2012.10.02 19:17:11.415,1.57347,1.57382,3.00,2.25
2012.10.02 19:17:11.723,1.57346,1.57378,1.50,4.08
2012.10.02 19:17:11.783,1.5734,1.57376,1.50,2.48
2012.10.02 19:17:11.903,1.5734,1.57376,1.73,2.48
2012.10.02 19:17:12.203,1.5734,1.57376,1.73,2.48
2012.10.02 19:17:12.323,1.5734,1.57376,1.50,2.48
2012.10.02 19:17:12.384,1.5734,1.57376,1.73,2.48
2012.10.02 19:17:12.973,1.5734,1.57376,1.73,2.48
2012.10.02 19:17:13.373,1.5734,1.57376,2.48,1.73
2012.10.02 19:17:13.493,1.57342,1.57376,1.73,1.50
2012.10.02 19:17:13.553,1.57345,1.57378,2.48,2.25
2012.10.02 19:17:22.953,1.57343,1.57376,2.48,2.25
2012.10.02 19:17:23.073,1.57339,1.57376,1.73,2.48
2012.10.02 19:17:26.723,1.57339,1.57376,1.73,2.48
2012.10.02 19:17:35.423,1.57333,1.57372,2.48,2.48
2012.10.02 19:17:35.483,1.57333,1.57372,2.48,2.48
2012.10.02 19:17:36.153,1.57333,1.57372,2.48,2.48
2012.10.02 19:17:36.776,1.57333,1.57372,2.48,2.48
2012.10.02 19:17:39.673,1.57333,1.57371,1.73,1.13
2012.10.02 19:17:44.063,1.57328,1.57364,1.73,2.25
2012.10.02 19:17:55.523,1.57328,1.57364,1.73,2.48
2012.10.02 19:18:02.703,1.57326,1.5736,1.73,1.50
2012.10.02 19:18:03.216,1.57331,1.57364,2.02,1.50
2012.10.02 19:18:03.273,1.57331,1.57369,3.52,2.25
2012.10.02 19:18:03.333,1.57332,1.57369,1.73,2.25
2012.10.02 19:18:03.573,1.57332,1.5737,1.73,2.48
2012.10.02 19:18:04.127,1.57331,1.57368,2.63,2.48
2012.10.02 19:18:04.663,1.57325,1.57361,2.48,2.48
2012.10.02 19:18:05.195,1.57325,1.57361,2.48,1.73
2012.10.02 19:18:05.605,1.57325,1.57361,1.73,2.48
2012.10.02 19:18:05.715,1.57325,1.57361,2.48,1.73
2012.10.02 19:18:06.233,1.57325,1.57361,1.73,2.48
2012.10.02 19:18:08.468,1.57325,1.57361,1.73,2.48
2012.10.02 19:18:08.643,1.57325,1.57361,2.48,2.48
2012.10.02 19:18:08.705,1.57332,1.57361,1.50,1.73
2012.10.02 19:18:08.824,1.57332,1.57366,1.73,2.25
2012.10.02 19:18:11.873,1.57329,1.57366,2.82,2.25
2012.10.02 19:18:11.934,1.57329,1.57366,2.48,2.48
2012.10.02 19:18:11.993,1.57329,1.57366,1.73,2.48
2012.10.02 19:18:18.305,1.57329,1.57366,2.48,2.48
2012.10.02 19:18:18.663,1.57334,1.57369,1.73,2.48
2012.10.02 19:18:19.144,1.57334,1.57369,1.73,2.48
2012.10.02 19:18:19.204,1.57334,1.57368,1.73,1.73
2012.10.02 19:18:19.324,1.57329,1.57366,1.50,2.48
2012.10.02 19:18:19.564,1.57329,1.57366,1.50,2.48
2012.10.02 19:18:25.499,1.57329,1.57364,1.50,2.48
2012.10.02 19:18:25.779,1.57329,1.57364,1.50,2.48
2012.10.02 19:18:26.323,1.57327,1.57357,1.35,1.50
2012.10.02 19:18:27.143,1.57327,1.57357,1.73,1.50
2012.10.02 19:18:27.263,1.57331,1.57364,1.73,1.50
2012.10.02 19:18:28.025,1.57333,1.57367,2.48,1.50
2012.10.02 19:18:28.215,1.57333,1.57368,1.73,3.23
2012.10.02 19:18:28.575,1.57333,1.57369,2.48,4.73
2012.10.02 19:18:40.463,1.57333,1.57369,1.73,2.48
2012.10.02 19:18:40.523,1.57333,1.57364,1.50,2.48
2012.10.02 19:18:40.644,1.57327,1.57363,2.48,2.48
2012.10.02 19:18:43.203,1.57327,1.57363,2.48,2.25
2012.10.02 19:18:43.563,1.57327,1.57363,1.73,2.48
2012.10.02 19:18:43.863,1.57327,1.57363,1.73,2.48
2012.10.02 19:18:44.288,1.57327,1.57363,1.73,2.48
2012.10.02 19:18:45.953,1.57332,1.57365,1.50,2.70
2012.10.02 19:18:46.403,1.57333,1.5737,1.73,2.29
2012.10.02 19:18:46.704,1.57332,1.5737,2.48,3.04
2012.10.02 19:18:46.943,1.57331,1.57363,1.50,2.48
2012.10.02 19:18:47.619,1.57327,1.57363,2.85,2.48
2012.10.02 19:18:47.943,1.57334,1.57363,1.50,1.73
2012.10.02 19:18:48.303,1.57334,1.57369,1.73,1.73
2012.10.02 19:18:48.944,1.57334,1.57369,1.73,1.73
2012.10.02 19:18:49.567,1.57334,1.57369,1.73,1.73
2012.10.02 19:18:55.138,1.57334,1.57369,1.73,1.73
2012.10.02 19:18:59.873,1.57333,1.57369,3.23,1.73
2012.10.02 19:19:00.497,1.57333,1.57369,3.23,1.73
2012.10.02 19:19:01.159,1.57333,1.57369,2.48,2.48
2012.10.02 19:19:02.322,1.57333,1.57369,2.48,2.48
2012.10.02 19:19:02.862,1.57333,1.57369,3.23,1.95
2012.10.02 19:19:03.104,1.57333,1.57369,2.48,2.48
2012.10.02 19:19:03.303,1.57333,1.57368,2.48,1.20
2012.10.02 19:19:04.293,1.57332,1.57363,1.73,1.50
2012.10.02 19:19:04.603,1.57334,1.57363,1.73,1.50
2012.10.02 19:19:05.064,1.57331,1.57363,1.73,1.50
2012.10.02 19:19:07.963,1.57326,1.57363,1.73,2.25
2012.10.02 19:19:08.023,1.57326,1.57363,1.73,2.48
2012.10.02 19:19:12.703,1.57326,1.57363,1.73,1.73
2012.10.02 19:19:13.033,1.57329,1.57363,1.20,1.50
2012.10.02 19:19:18.023,1.57329,1.57363,1.35,1.50
2012.10.02 19:19:24.313,1.57329,1.57364,1.35,1.73
2012.10.02 19:19:25.784,1.57329,1.57359,1.35,1.50
2012.10.02 19:19:27.014,1.57325,1.57359,1.35,1.50
2012.10.02 19:19:30.898,1.57325,1.57354,1.35,1.50
2012.10.02 19:19:31.144,1.57323,1.57356,1.88,1.73
2012.10.02 19:19:31.263,1.57319,1.5735,3.23,1.50
2012.10.02 19:19:31.384,1.57319,1.5735,1.88,1.50
2012.10.02 19:19:31.445,1.57321,1.57358,1.13,2.48
2012.10.02 19:19:31.806,1.5732,1.57358,1.73,2.48
2012.10.02 19:19:37.783,1.57326,1.57362,1.50,3.98
2012.10.02 19:19:39.713,1.57324,1.57357,1.50,2.48
2012.10.02 19:19:40.245,1.57321,1.57357,1.73,2.48
2012.10.02 19:19:51.963,1.57315,1.57353,2.48,2.25
2012.10.02 19:19:52.023,1.57315,1.57353,2.48,2.48
2012.10.02 19:19:52.084,1.57315,1.57349,2.10,2.48
2012.10.02 19:19:52.204,1.57315,1.57348,1.35,2.48
2012.10.02 19:19:52.264,1.57315,1.57348,1.35,2.25
2012.10.02 19:19:52.623,1.57313,1.57348,3.90,2.48
2012.10.02 19:19:52.683,1.57313,1.57348,3.75,2.48
2012.10.02 19:19:52.803,1.57315,1.5735,1.50,3.23
2012.10.02 19:19:53.106,1.57315,1.57349,1.50,1.73
2012.10.02 19:19:53.164,1.57315,1.57349,1.50,1.73
2012.10.02 19:19:53.224,1.57315,1.57349,1.73,1.73
2012.10.02 19:19:57.644,1.57314,1.57347,3.98,2.10
2012.10.02 19:19:58.683,1.57314,1.57342,3.98,2.63
2012.10.02 19:19:59.043,1.57314,1.57342,3.98,1.50
2012.10.02 19:20:02.626,1.57314,1.57342,3.98,2.25
2012.10.02 19:20:02.951,1.57314,1.57339,3.75,1.05
2012.10.02 19:20:03.494,1.57314,1.57334,3.75,1.05
2012.10.02 19:20:04.014,1.57313,1.57334,3.75,1.13
2012.10.02 19:20:07.293,1.57314,1.57335,3.75,1.20
2012.10.02 19:20:09.005,1.57313,1.57334,3.75,1.13
2012.10.02 19:20:09.543,1.57313,1.57336,3.75,2.03
2012.10.02 19:20:09.783,1.57313,1.57338,3.75,1.35
2012.10.02 19:20:09.843,1.57313,1.57338,3.75,1.13
2012.10.02 19:20:11.993,1.57314,1.57339,3.75,1.13
2012.10.02 19:20:17.004,1.57314,1.57338,3.75,1.28
2012.10.02 19:20:17.545,1.57313,1.57333,3.75,1.05
2012.10.02 19:20:17.932,1.57313,1.57332,3.75,1.28
2012.10.02 19:20:25.383,1.57314,1.5733,3.75,1.05
2012.10.02 19:20:25.743,1.57314,1.57331,3.00,2.48
2012.10.02 19:20:27.243,1.57314,1.57333,3.00,1.73
2012.10.02 19:20:27.424,1.57313,1.57337,3.00,2.48
2012.10.02 19:20:27.959,1.57314,1.57333,3.00,1.73
2012.10.02 19:20:30.674,1.57314,1.57334,3.00,1.35
2012.10.02 19:20:30.853,1.57314,1.57334,3.00,1.35
2012.10.02 19:20:30.973,1.57313,1.57331,3.00,1.28
2012.10.02 19:20:32.375,1.57313,1.57331,3.00,1.28
2012.10.02 19:20:32.444,1.57313,1.57331,3.00,1.05
2012.10.02 19:20:37.223,1.57313,1.57337,3.00,1.73
2012.10.02 19:20:37.403,1.57313,1.57337,3.00,1.50
2012.10.02 19:20:37.564,1.57313,1.57337,3.00,2.25
2012.10.02 19:20:38.083,1.57313,1.57333,3.00,1.50
2012.10.02 19:20:38.633,1.57313,1.57334,3.00,2.25
2012.10.02 19:20:40.301,1.57313,1.57339,3.00,1.28
2012.10.02 19:20:41.623,1.57314,1.57339,3.00,1.28
2012.10.02 19:20:43.893,1.57313,1.57339,3.00,1.35
2012.10.02 19:20:44.963,1.57313,1.57345,3.00,2.70
2012.10.02 19:20:45.263,1.57314,1.57344,3.00,1.05
2012.10.02 19:20:45.323,1.57314,1.57345,3.00,2.48
2012.10.02 19:20:46.046,1.57313,1.57345,3.00,2.48
2012.10.02 19:20:50.292,1.57314,1.57345,3.00,2.48
2012.10.02 19:20:50.474,1.5733,1.57345,1.50,1.73
2012.10.02 19:20:50.654,1.5733,1.57355,1.73,1.50
2012.10.02 19:20:50.774,1.5733,1.57355,1.73,1.50
2012.10.02 19:20:51.254,1.5733,1.57366,1.73,2.48
2012.10.02 19:20:52.986,1.57337,1.57369,1.09,1.73
2012.10.02 19:20:53.044,1.57341,1.57375,1.73,1.88
2012.10.02 19:20:53.343,1.57343,1.57375,1.73,1.50
2012.10.02 19:20:53.965,1.57338,1.57375,1.13,2.25
2012.10.02 19:20:54.035,1.57336,1.57368,1.73,1.50
2012.10.02 19:20:55.424,1.57342,1.57373,1.50,1.73
2012.10.02 19:20:55.544,1.57343,1.5738,2.48,1.35
2012.10.02 19:20:56.615,1.57343,1.57381,1.73,2.48
2012.10.02 19:20:56.974,1.57335,1.57363,1.62,1.50
2012.10.02 19:20:57.214,1.57332,1.57363,1.13,1.50
2012.10.02 19:20:57.335,1.5733,1.57363,1.73,1.50
2012.10.02 19:21:03.363,1.57331,1.57366,2.48,1.73
2012.10.02 19:21:19.455,1.57331,1.57366,1.73,3.23
2012.10.02 19:21:19.578,1.57331,1.57368,1.50,2.48
2012.10.02 19:21:19.649,1.57331,1.57368,2.25,2.48
2012.10.02 19:21:19.894,1.57331,1.57368,2.25,1.73
2012.10.02 19:21:19.954,1.57338,1.5737,2.48,2.25
2012.10.02 19:21:20.135,1.57338,1.57374,2.48,2.40
2012.10.02 19:21:20.695,1.57338,1.57374,2.48,2.25
2012.10.02 19:21:23.376,1.57338,1.57374,2.48,2.25
2012.10.02 19:21:23.883,1.5734,1.57374,1.73,1.50
2012.10.02 19:21:23.943,1.57338,1.57374,2.25,2.48
2012.10.02 19:21:24.124,1.57333,1.57369,1.73,2.48
2012.10.02 19:21:24.255,1.57332,1.57369,1.73,2.48
2012.10.02 19:21:24.553,1.57333,1.57369,1.73,5.48
2012.10.02 19:21:24.795,1.57331,1.57369,3.23,5.48
2012.10.02 19:21:26.125,1.57333,1.57368,1.73,3.23
2012.10.02 19:21:30.623,1.57331,1.57369,3.23,2.48
2012.10.02 19:21:35.503,1.57332,1.57364,1.73,2.25
2012.10.02 19:21:36.106,1.57333,1.57364,1.73,1.50
2012.10.02 19:21:36.906,1.57332,1.57364,1.73,2.25
2012.10.02 19:21:39.663,1.57333,1.57368,1.73,1.73
2012.10.02 19:21:40.044,1.57332,1.57368,3.23,2.48
2012.10.02 19:21:40.167,1.57333,1.57368,1.73,1.73
2012.10.02 19:21:40.224,1.57333,1.57368,2.07,1.50
2012.10.02 19:21:40.344,1.57333,1.57368,1.28,1.50
2012.10.02 19:21:40.465,1.57333,1.57366,1.05,1.61
2012.10.02 19:21:40.704,1.57328,1.57364,3.98,2.48
2012.10.02 19:21:40.764,1.57332,1.57364,2.70,2.48
2012.10.02 19:21:40.944,1.57328,1.57364,1.73,2.48
2012.10.02 19:21:41.363,1.57328,1.57364,1.73,2.48
2012.10.02 19:21:41.683,1.57326,1.57359,1.50,2.48
2012.10.02 19:21:42.174,1.57321,1.57359,3.23,2.48
2012.10.02 19:21:42.605,1.57321,1.57359,2.48,2.48
2012.10.02 19:21:42.783,1.57321,1.57359,1.50,2.48
2012.10.02 19:21:43.213,1.57322,1.57359,1.50,2.48
2012.10.02 19:21:43.553,1.57322,1.57359,1.73,2.48
2012.10.02 19:21:43.794,1.57321,1.57359,1.50,2.48
2012.10.02 19:21:43.913,1.57321,1.57359,2.48,3.75
2012.10.02 19:21:44.223,1.57321,1.57359,3.23,2.48
2012.10.02 19:21:44.654,1.57324,1.57359,1.73,1.73
2012.10.02 19:21:44.774,1.57334,1.57359,1.73,1.50
2012.10.02 19:21:44.833,1.57334,1.57368,1.73,1.50
2012.10.02 19:22:04.262,1.57332,1.57368,1.73,2.48
2012.10.02 19:22:04.514,1.57332,1.57368,1.73,2.25
2012.10.02 19:22:04.940,1.57332,1.57366,1.73,1.50
2012.10.02 19:22:05.824,1.57333,1.57371,2.48,2.48
2012.10.02 19:22:10.574,1.57332,1.57365,1.73,1.50
2012.10.02 19:22:10.753,1.57329,1.57365,1.73,2.48
2012.10.02 19:22:11.424,1.57323,1.57359,2.48,2.48
2012.10.02 19:22:11.544,1.57318,1.57354,2.10,2.25
2012.10.02 19:22:30.193,1.57318,1.5735,1.50,2.48
2012.10.02 19:22:30.253,1.57313,1.57348,3.60,2.48
2012.10.02 19:22:31.394,1.57314,1.57348,3.98,1.73
2012.10.02 19:22:31.694,1.57314,1.57348,4.73,1.50
2012.10.02 19:22:45.424,1.57317,1.57355,1.73,2.48
2012.10.02 19:22:45.484,1.57317,1.57355,1.73,2.25
2012.10.02 19:22:47.473,1.57317,1.57355,1.73,2.25
2012.10.02 19:22:47.533,1.57317,1.57355,1.50,2.48
2012.10.02 19:22:48.233,1.57314,1.57349,3.23,2.48
2012.10.02 19:22:50.534,1.57313,1.57342,3.23,1.50
2012.10.02 19:22:50.843,1.57314,1.57342,3.23,2.25
2012.10.02 19:22:50.964,1.57314,1.57342,3.23,1.50
2012.10.02 19:22:51.144,1.57314,1.57342,3.23,2.25
2012.10.02 19:22:51.454,1.57314,1.57342,3.00,2.48
2012.10.02 19:22:55.102,1.57313,1.57342,3.00,2.48
2012.10.02 19:22:55.168,1.57313,1.57342,3.23,1.50
2012.10.02 19:22:55.704,1.57313,1.57347,3.00,2.86
2012.10.02 19:22:55.883,1.57313,1.57347,3.00,2.86
2012.10.02 19:22:55.944,1.57313,1.57347,3.23,2.48
2012.10.02 19:22:56.843,1.57313,1.57347,3.23,2.48
2012.10.02 19:22:59.035,1.57314,1.57347,3.00,2.78
2012.10.02 19:22:59.454,1.57314,1.57339,3.00,2.48
2012.10.02 19:22:59.994,1.57313,1.57332,3.00,1.50
2012.10.02 19:23:01.874,1.57314,1.57332,2.25,1.50
2012.10.02 19:23:08.514,1.57314,1.57332,1.50,1.73
2012.10.02 19:23:09.597,1.57313,1.57332,1.50,1.73
2012.10.02 19:23:09.843,1.57314,1.57339,1.50,2.85
2012.10.02 19:23:10.143,1.57314,1.57334,1.50,2.48
2012.10.02 19:23:11.424,1.57313,1.57334,1.50,2.48
2012.10.02 19:23:15.739,1.57314,1.57334,1.50,2.48
2012.10.02 19:23:19.043,1.57314,1.57328,1.50,1.50
2012.10.02 19:23:32.173,1.57314,1.57335,1.50,1.50
2012.10.02 19:23:32.997,1.57313,1.57335,1.50,1.50
2012.10.02 19:23:43.384,1.57313,1.57342,1.50,1.50
2012.10.02 19:23:43.973,1.57314,1.57342,1.50,1.50
2012.10.02 19:23:45.274,1.57313,1.57342,1.50,1.50
2012.10.02 19:23:51.454,1.57313,1.57342,1.50,2.25
2012.10.02 19:23:55.903,1.57313,1.57336,1.50,1.50
2012.10.02 19:23:56.306,1.57313,1.57338,1.50,4.50
2012.10.02 19:23:57.183,1.57314,1.57338,1.50,2.25
2012.10.02 19:23:57.702,1.57313,1.57341,1.50,2.25
2012.10.02 19:24:00.978,1.57314,1.57341,1.50,2.25
2012.10.02 19:24:05.184,1.57313,1.57341,1.50,2.25
2012.10.02 19:24:08.523,1.57314,1.57339,1.50,4.50
2012.10.02 19:24:08.583,1.57314,1.57335,1.50,1.50
2012.10.02 19:24:12.213,1.57314,1.57337,1.50,1.50
2012.10.02 19:24:12.395,1.57314,1.57339,1.50,1.50
2012.10.02 19:24:14.224,1.57313,1.57335,1.50,2.48
2012.10.02 19:24:14.473,1.57297,1.57329,1.35,1.50
2012.10.02 19:24:19.934,1.57293,1.57329,2.95,2.25
2012.10.02 19:24:20.114,1.57293,1.57329,2.58,2.25
2012.10.02 19:24:20.173,1.57293,1.57329,2.48,2.25
2012.10.02 19:24:21.083,1.57293,1.57322,2.48,1.50
2012.10.02 19:24:21.264,1.5729,1.57316,1.50,1.73
2012.10.02 19:24:21.323,1.57285,1.57316,1.88,1.73
2012.10.02 19:24:21.503,1.57273,1.57311,1.73,2.48
2012.10.02 19:24:24.334,1.57273,1.57307,2.48,1.73
2012.10.02 19:24:24.394,1.57273,1.57306,1.73,1.50
2012.10.02 19:24:24.755,1.57273,1.57306,1.73,3.00
2012.10.02 19:24:24.935,1.57266,1.57303,1.35,2.48
2012.10.02 19:24:25.243,1.57265,1.57303,2.10,2.48
2012.10.02 19:24:26.203,1.57266,1.57303,1.35,1.73
2012.10.02 19:24:26.504,1.57271,1.57303,1.73,1.50
2012.10.02 19:24:27.155,1.57266,1.57303,2.63,2.25
2012.10.02 19:24:27.215,1.57266,1.57303,1.88,2.48
2012.10.02 19:24:29.107,1.57269,1.57303,2.25,1.73
2012.10.02 19:24:29.421,1.57272,1.57308,1.73,2.25
2012.10.02 19:24:29.485,1.57279,1.57307,1.50,1.50
2012.10.02 19:24:29.605,1.57274,1.57307,1.50,1.73
2012.10.02 19:24:30.153,1.57274,1.57308,1.50,1.73
2012.10.02 19:24:30.285,1.57282,1.57301,1.50,1.73
2012.10.02 19:24:30.405,1.57282,1.57308,1.50,1.50
2012.10.02 19:24:30.898,1.57282,1.57307,1.50,1.50
2012.10.02 19:24:31.013,1.57282,1.57309,1.50,2.10
2012.10.02 19:24:31.133,1.57275,1.57311,1.73,2.48
2012.10.02 19:24:31.544,1.57276,1.57311,1.73,1.50
2012.10.02 19:24:33.235,1.57286,1.57318,1.50,1.73
2012.10.02 19:24:33.354,1.57286,1.57318,1.73,1.50
2012.10.02 19:24:34.466,1.57281,1.57318,3.23,2.25
2012.10.02 19:24:34.523,1.57281,1.57317,3.23,2.48
2012.10.02 19:24:42.163,1.57281,1.57316,2.48,2.48
2012.10.02 19:24:42.229,1.57281,1.57316,2.25,1.73
2012.10.02 19:24:42.356,1.57277,1.57313,1.73,2.48
2012.10.02 19:24:52.713,1.57277,1.57311,1.73,1.32
2012.10.02 19:24:52.833,1.57271,1.57309,1.50,2.48
2012.10.02 19:24:59.713,1.57271,1.57309,3.23,2.48
2012.10.02 19:25:05.848,1.57276,1.57307,1.73,1.50
2012.10.02 19:25:06.383,1.57276,1.57311,1.73,1.35
2012.10.02 19:25:13.986,1.57282,1.57317,2.48,1.35
2012.10.02 19:25:14.104,1.57287,1.57318,1.50,2.10
2012.10.02 19:25:14.755,1.57287,1.57319,1.50,1.13
2012.10.02 19:25:14.874,1.57287,1.57323,2.48,1.65
2012.10.02 19:25:14.935,1.57287,1.57323,2.48,1.50
2012.10.02 19:25:14.995,1.57291,1.57323,1.38,1.50
2012.10.02 19:25:15.554,1.57299,1.57326,1.73,1.13
2012.10.02 19:25:15.794,1.57299,1.57328,1.73,1.50
2012.10.02 19:25:16.780,1.57299,1.57328,1.73,1.13
2012.10.02 19:25:17.864,1.57299,1.57332,1.73,3.23
2012.10.02 19:25:18.103,1.57297,1.57329,1.50,2.48
2012.10.02 19:25:18.404,1.57293,1.57329,1.50,2.48
2012.10.02 19:25:18.855,1.57293,1.57328,1.50,1.73
2012.10.02 19:25:21.036,1.57293,1.57328,1.50,2.48
2012.10.02 19:25:21.471,1.57293,1.57329,1.50,3.98
2012.10.02 19:25:21.775,1.57296,1.57328,1.50,1.73
2012.10.02 19:25:22.134,1.57297,1.57329,1.50,1.73
2012.10.02 19:25:22.193,1.57296,1.57329,1.50,2.48
2012.10.02 19:25:22.253,1.57297,1.57329,1.73,1.50
2012.10.02 19:25:22.796,1.57293,1.57329,1.50,2.48
2012.10.02 19:25:22.973,1.57288,1.57324,2.48,2.25
2012.10.02 19:25:23.093,1.57288,1.57324,2.25,2.48
2012.10.02 19:25:26.643,1.57288,1.57324,2.25,2.48
2012.10.02 19:25:26.703,1.57289,1.57324,1.50,1.73
2012.10.02 19:25:26.763,1.57289,1.57324,1.73,1.50
2012.10.02 19:25:45.924,1.57288,1.57317,1.73,1.84
2012.10.02 19:25:46.206,1.57275,1.5731,1.73,1.73
2012.10.02 19:25:46.347,1.57273,1.57306,1.50,1.13
2012.10.02 19:25:46.404,1.57273,1.57299,1.50,1.50
2012.10.02 19:25:46.464,1.57274,1.57306,1.50,1.28
2012.10.02 19:25:47.053,1.57272,1.57298,1.50,1.50
2012.10.02 19:25:47.113,1.57272,1.57304,3.00,1.73
2012.10.02 19:25:50.674,1.57272,1.57306,2.25,1.13
2012.10.02 19:25:50.793,1.57272,1.57308,2.48,1.50
2012.10.02 19:25:51.226,1.57272,1.57308,3.23,1.50
2012.10.02 19:25:51.404,1.57283,1.57316,2.48,1.05
2012.10.02 19:25:51.704,1.57283,1.57316,1.50,1.88
2012.10.02 19:25:51.884,1.57277,1.57313,2.48,1.73
2012.10.02 19:25:53.143,1.57272,1.57309,1.73,1.73
2012.10.02 19:25:53.264,1.57266,1.57295,1.50,1.73
2012.10.02 19:25:53.503,1.57266,1.57301,2.48,1.73
2012.10.02 19:25:53.743,1.57272,1.5731,1.50,3.38
2012.10.02 19:25:53.863,1.57272,1.5731,1.50,3.23
2012.10.02 19:25:53.923,1.57272,1.5731,1.73,3.23
2012.10.02 19:25:57.043,1.57272,1.57309,1.73,1.13
2012.10.02 19:25:57.793,1.57272,1.57309,1.73,1.13
2012.10.02 19:25:58.094,1.57272,1.5731,1.50,3.23
2012.10.02 19:25:58.273,1.57272,1.5731,1.73,3.23
2012.10.02 19:25:59.304,1.57272,1.57309,1.50,1.73
2012.10.02 19:25:59.676,1.57275,1.5731,1.03,2.25
2012.10.02 19:25:59.733,1.57272,1.57309,2.85,1.73
2012.10.02 19:26:00.274,1.57276,1.5731,1.35,2.48
2012.10.02 19:26:00.803,1.57276,1.57304,1.35,1.50
2012.10.02 19:26:02.123,1.57276,1.57309,1.35,2.48
2012.10.02 19:26:08.853,1.57272,1.5731,2.48,3.23
2012.10.02 19:26:09.404,1.57272,1.5731,2.48,2.48
2012.10.02 19:26:20.083,1.57272,1.5731,2.48,1.50
2012.10.02 19:26:20.143,1.57272,1.5731,2.48,2.25
2012.10.02 19:26:20.204,1.57272,1.5731,1.50,2.48
2012.10.02 19:26:20.455,1.57272,1.5731,2.25,2.48
2012.10.02 19:26:20.908,1.57272,1.57308,1.50,1.13
2012.10.02 19:26:21.027,1.57272,1.57308,1.50,1.13
2012.10.02 19:26:21.144,1.57272,1.5731,2.25,1.88
2012.10.02 19:26:21.264,1.57272,1.5731,2.48,1.73
2012.10.02 19:26:21.867,1.57272,1.5731,2.48,2.48
2012.10.02 19:26:21.983,1.57272,1.5731,2.48,2.10
2012.10.02 19:26:32.804,1.57276,1.57314,2.48,3.23
2012.10.02 19:26:54.583,1.57276,1.57305,2.48,1.50
2012.10.02 19:26:54.890,1.57282,1.57312,1.73,1.50
2012.10.02 19:26:54.959,1.57282,1.57313,1.73,1.73
2012.10.02 19:26:55.027,1.57282,1.5731,1.73,1.50
2012.10.02 19:26:55.384,1.57282,1.5731,2.25,1.50
2012.10.02 19:26:55.714,1.5728,1.57313,1.73,2.70
2012.10.02 19:26:55.895,1.5728,1.57313,1.73,1.95
2012.10.02 19:26:56.374,1.5728,1.57311,1.50,1.28
2012.10.02 19:26:56.537,1.5728,1.57313,2.48,1.35
2012.10.02 19:26:56.654,1.57285,1.57313,1.50,1.35
2012.10.02 19:27:02.733,1.5728,1.57314,1.73,1.20
2012.10.02 19:27:04.423,1.5728,1.57316,1.73,3.23
2012.10.02 19:27:04.785,1.57285,1.57314,1.50,1.20
2012.10.02 19:27:04.844,1.57281,1.57314,1.88,1.20
2012.10.02 19:27:08.734,1.5728,1.57313,1.73,1.20
2012.10.02 19:27:08.975,1.57275,1.57302,1.73,2.25
2012.10.02 19:27:09.035,1.57264,1.57299,2.63,1.52
2012.10.02 19:27:09.094,1.57264,1.57299,1.50,1.52
2012.10.02 19:27:09.467,1.57264,1.57296,2.25,1.73
2012.10.02 19:27:09.535,1.57268,1.57297,1.50,1.35
2012.10.02 19:27:09.595,1.57268,1.57297,1.50,1.35
2012.10.02 19:27:11.376,1.57268,1.57303,2.25,3.01
2012.10.02 19:27:11.564,1.57268,1.57303,2.48,2.40
2012.10.02 19:27:11.624,1.57268,1.57303,2.48,2.40
2012.10.02 19:27:11.744,1.57271,1.57303,1.73,2.40
2012.10.02 19:27:11.983,1.57266,1.573,1.50,2.25
2012.10.02 19:27:12.104,1.57266,1.57292,1.50,1.50
2012.10.02 19:27:13.564,1.57257,1.57292,1.73,1.50
2012.10.02 19:27:14.074,1.57269,1.57303,1.50,1.35
2012.10.02 19:27:21.304,1.57269,1.57303,1.73,1.35
2012.10.02 19:27:23.395,1.57269,1.57304,2.48,1.35
2012.10.02 19:27:23.987,1.57269,1.57304,1.73,3.60
2012.10.02 19:27:24.059,1.57269,1.57304,2.48,1.35
2012.10.02 19:27:24.124,1.57266,1.57301,2.48,1.50
2012.10.02 19:27:25.424,1.57261,1.57296,3.23,2.25
2012.10.02 19:27:25.544,1.57258,1.5729,2.48,2.25
2012.10.02 19:27:25.963,1.57258,1.5729,1.73,3.75
2012.10.02 19:27:26.290,1.57258,1.5729,1.50,5.48
2012.10.02 19:27:26.357,1.57249,1.57279,2.25,1.35
2012.10.02 19:27:26.534,1.57245,1.57279,2.48,1.35
2012.10.02 19:27:26.725,1.57245,1.57282,3.23,3.75
2012.10.02 19:27:27.034,1.57245,1.57282,3.45,1.88
2012.10.02 19:27:27.354,1.57263,1.57283,1.50,1.88
2012.10.02 19:27:28.594,1.57259,1.57282,1.50,1.88
2012.10.02 19:27:28.913,1.57245,1.57288,1.95,1.35
2012.10.02 19:27:29.826,1.57248,1.57284,2.48,1.50
2012.10.02 19:27:31.004,1.57252,1.57288,1.73,2.85
2012.10.02 19:27:31.694,1.57252,1.57288,2.48,2.48
2012.10.02 19:27:31.876,1.57258,1.57291,2.48,3.75
2012.10.02 19:27:32.854,1.57253,1.5729,1.73,1.50
2012.10.02 19:27:33.094,1.57253,1.57288,1.73,1.35
2012.10.02 19:27:33.214,1.57253,1.57288,3.09,1.88
2012.10.02 19:27:34.916,1.57258,1.57293,2.48,1.35
2012.10.02 19:27:35.279,1.57258,1.57293,2.48,1.35
2012.10.02 19:27:35.407,1.5726,1.57296,1.47,1.88
2012.10.02 19:27:36.637,1.57265,1.57298,2.48,1.50
2012.10.02 19:27:36.884,1.57265,1.57301,2.48,1.73
2012.10.02 19:27:37.395,1.57265,1.57301,2.48,1.88
2012.10.02 19:27:37.934,1.57265,1.57301,2.48,1.88
2012.10.02 19:27:41.315,1.57265,1.57301,2.48,1.73
2012.10.02 19:27:41.645,1.57265,1.57301,2.48,1.73
2012.10.02 19:27:43.444,1.57265,1.57297,1.73,2.25
2012.10.02 19:27:43.564,1.57261,1.57295,1.73,2.48
2012.10.02 19:27:44.414,1.57261,1.57295,1.73,1.73
2012.10.02 19:27:44.540,1.57263,1.57301,2.48,2.48
2012.10.02 19:27:44.663,1.57263,1.57299,2.48,1.13
2012.10.02 19:27:44.906,1.57263,1.57295,1.73,1.13
2012.10.02 19:27:47.584,1.57261,1.57295,1.73,1.88
2012.10.02 19:27:48.134,1.57261,1.57295,1.73,1.73
2012.10.02 19:27:48.477,1.57262,1.57295,1.73,1.88
2012.10.02 19:27:49.250,1.57264,1.573,2.48,1.88
2012.10.02 19:27:50.010,1.57264,1.57299,2.25,1.50
2012.10.02 19:27:50.234,1.57261,1.57293,1.50,2.48
2012.10.02 19:27:50.474,1.57258,1.57294,2.48,3.60
2012.10.02 19:27:51.604,1.57258,1.57294,2.48,2.10
2012.10.02 19:27:52.674,1.57258,1.57294,1.73,2.85
2012.10.02 19:27:52.794,1.57249,1.57284,2.25,2.10
2012.10.02 19:27:53.095,1.57249,1.57286,2.48,1.35
2012.10.02 19:27:56.703,1.57254,1.57289,2.48,1.46
2012.10.02 19:27:56.824,1.57254,1.57292,2.48,2.10
2012.10.02 19:28:00.017,1.57254,1.57292,2.48,2.10
2012.10.02 19:28:00.324,1.57264,1.57284,1.50,1.50
2012.10.02 19:28:00.644,1.57259,1.57288,1.73,1.50
2012.10.02 19:28:00.766,1.57259,1.57288,1.50,1.73
2012.10.02 19:28:00.884,1.57262,1.57289,1.50,1.73
2012.10.02 19:28:01.075,1.57257,1.57289,1.50,1.73
2012.10.02 19:28:01.946,1.57257,1.57288,1.50,1.35
2012.10.02 19:28:02.514,1.57254,1.57288,1.50,2.85
2012.10.02 19:28:03.116,1.57252,1.57288,2.48,2.85
2012.10.02 19:28:09.934,1.57252,1.57288,2.82,2.10
2012.10.02 19:28:10.053,1.57252,1.57288,3.42,1.50
2012.10.02 19:28:10.413,1.57258,1.57291,2.48,1.50
2012.10.02 19:28:10.475,1.57258,1.57293,2.48,1.35
2012.10.02 19:28:11.473,1.57258,1.57293,1.73,2.10
2012.10.02 19:28:11.653,1.57258,1.57293,2.48,1.35
2012.10.02 19:28:13.203,1.57258,1.57294,2.48,3.75
2012.10.02 19:28:14.012,1.57258,1.57293,1.73,2.10
2012.10.02 19:28:15.167,1.57258,1.57293,2.48,1.35
2012.10.02 19:28:17.654,1.57258,1.57289,1.73,1.13
2012.10.02 19:28:17.774,1.57258,1.57289,1.50,1.35
2012.10.02 19:28:17.835,1.57252,1.57289,1.73,2.85
2012.10.02 19:28:22.714,1.57252,1.57285,2.48,1.35
2012.10.02 19:28:23.047,1.57252,1.57283,1.50,2.25
2012.10.02 19:28:23.164,1.57245,1.57279,1.50,1.73
2012.10.02 19:28:23.224,1.57245,1.57279,1.73,1.50
2012.10.02 19:28:23.736,1.57244,1.57279,1.73,1.88
2012.10.02 19:28:24.268,1.57248,1.57284,1.73,1.35
2012.10.02 19:28:27.524,1.57248,1.57284,2.48,1.35
2012.10.02 19:28:27.584,1.57249,1.57284,1.73,1.35
2012.10.02 19:28:27.704,1.57251,1.57286,2.25,2.10
2012.10.02 19:28:27.919,1.5725,1.57286,1.73,2.10
2012.10.02 19:28:28.066,1.57248,1.57286,2.93,1.88
2012.10.02 19:28:28.184,1.57249,1.57287,2.48,2.10
2012.10.02 19:28:28.704,1.57249,1.57283,1.73,1.35
2012.10.02 19:28:28.764,1.57249,1.57287,2.48,2.10
2012.10.02 19:28:29.050,1.57249,1.57284,1.73,1.35
2012.10.02 19:28:29.120,1.57249,1.57287,2.48,2.10
2012.10.02 19:28:29.344,1.57249,1.57284,1.50,1.35
2012.10.02 19:28:29.404,1.57249,1.57287,2.25,2.10
2012.10.02 19:28:30.535,1.57249,1.57284,1.50,1.35
2012.10.02 19:28:30.594,1.57249,1.57287,2.25,2.10
2012.10.02 19:28:30.945,1.57256,1.57284,1.50,1.35
2012.10.02 19:28:31.364,1.57256,1.57288,2.25,1.50
2012.10.02 19:28:31.426,1.57256,1.5729,2.25,3.00
2012.10.02 19:28:31.606,1.57256,1.5729,2.25,3.00
2012.10.02 19:28:31.725,1.57256,1.57291,2.48,3.04
2012.10.02 19:28:31.784,1.57256,1.57292,2.48,2.85
2012.10.02 19:28:31.844,1.57256,1.57292,2.25,2.85
2012.10.02 19:28:35.143,1.57256,1.57292,3.00,2.10
2012.10.02 19:28:35.384,1.57256,1.57292,3.23,1.50
2012.10.02 19:28:35.564,1.57256,1.57292,2.48,1.50
2012.10.02 19:28:36.076,1.5726,1.57296,2.48,2.85
2012.10.02 19:28:36.135,1.5726,1.57296,2.25,2.85
2012.10.02 19:28:36.255,1.57261,1.57296,1.73,2.63
2012.10.02 19:28:36.434,1.57266,1.57297,2.25,2.25
2012.10.02 19:28:38.315,1.57261,1.57297,1.73,2.25
2012.10.02 19:28:39.304,1.5726,1.57296,2.48,1.88
2012.10.02 19:28:39.644,1.5726,1.57296,2.48,2.10
2012.10.02 19:28:46.506,1.5726,1.57295,2.48,1.35
2012.10.02 19:28:46.565,1.5726,1.57291,2.48,1.50
2012.10.02 19:28:46.874,1.57257,1.57293,2.48,1.73
2012.10.02 19:28:48.675,1.57264,1.57299,1.50,1.88
2012.10.02 19:28:48.794,1.57267,1.57303,2.48,1.73
2012.10.02 19:28:51.484,1.57267,1.57303,1.73,1.73
2012.10.02 19:28:52.784,1.57272,1.57305,1.50,1.35
2012.10.02 19:28:53.144,1.57265,1.57297,1.73,1.50
2012.10.02 19:28:53.204,1.57265,1.57296,2.48,3.00
2012.10.02 19:28:53.264,1.57265,1.57296,2.25,3.23
2012.10.02 19:28:53.645,1.57266,1.57296,1.73,2.25
2012.10.02 19:28:53.704,1.57266,1.57303,1.73,1.73
2012.10.02 19:28:55.965,1.5727,1.57306,2.48,2.48
2012.10.02 19:28:56.086,1.57271,1.57306,1.73,1.50
2012.10.02 19:28:56.264,1.57271,1.57306,1.73,1.50
2012.10.02 19:28:56.939,1.57276,1.57306,2.25,2.25
2012.10.02 19:28:57.414,1.57276,1.57306,2.25,2.25
2012.10.02 19:28:57.845,1.57277,1.57313,1.73,2.48
2012.10.02 19:28:58.084,1.57277,1.57312,1.73,1.50
2012.10.02 19:28:58.385,1.57277,1.57307,1.73,1.50
2012.10.02 19:28:58.684,1.57277,1.57307,1.73,3.00
2012.10.02 19:28:59.186,1.57276,1.57306,2.25,3.75
2012.10.02 19:29:00.654,1.57278,1.57306,2.25,2.25
2012.10.02 19:29:00.714,1.57278,1.57307,2.25,2.25
2012.10.02 19:29:00.834,1.57278,1.5731,2.25,2.48
2012.10.02 19:29:00.954,1.57278,1.57311,2.48,2.25
2012.10.02 19:29:01.705,1.57278,1.57311,2.48,3.00
2012.10.02 19:29:02.186,1.57278,1.57309,2.48,1.50
2012.10.02 19:29:02.893,1.57278,1.57308,2.48,1.50
2012.10.02 19:29:03.674,1.57276,1.57308,2.48,2.25
2012.10.02 19:29:03.794,1.5727,1.57304,2.25,2.48
2012.10.02 19:29:03.854,1.5727,1.57304,1.50,2.48
2012.10.02 19:29:04.235,1.5727,1.57304,1.50,3.23
2012.10.02 19:29:04.295,1.57268,1.57304,1.80,3.23
2012.10.02 19:29:04.414,1.57262,1.57298,1.80,1.73
2012.10.02 19:29:04.545,1.57262,1.57298,1.50,2.48
2012.10.02 19:29:04.664,1.57262,1.57298,2.48,2.48
2012.10.02 19:29:05.205,1.57262,1.57298,1.50,2.48
2012.10.02 19:29:07.054,1.57262,1.57298,1.50,1.73
2012.10.02 19:29:07.614,1.57262,1.57294,1.50,1.50
2012.10.02 19:29:07.675,1.57255,1.57291,1.73,2.25
2012.10.02 19:29:07.990,1.57255,1.57291,1.50,2.48
2012.10.02 19:29:10.144,1.57255,1.57291,2.25,1.73
2012.10.02 19:29:10.264,1.57255,1.57291,2.48,1.73
2012.10.02 19:29:10.326,1.57259,1.57291,1.50,1.73
2012.10.02 19:29:10.685,1.5726,1.57293,1.50,1.73
2012.10.02 19:29:10.804,1.57255,1.57291,1.73,3.23
2012.10.02 19:29:10.985,1.57255,1.5729,1.50,2.48
2012.10.02 19:29:11.045,1.57255,1.57288,1.50,1.73
2012.10.02 19:29:11.394,1.57255,1.57288,1.50,1.73
2012.10.02 19:29:11.804,1.5725,1.57286,1.50,2.48
2012.10.02 19:29:13.534,1.5725,1.57287,2.25,1.73
2012.10.02 19:29:14.116,1.57258,1.57288,1.50,1.73
2012.10.02 19:29:14.475,1.57263,1.57291,1.50,2.22
2012.10.02 19:29:14.596,1.57263,1.57297,1.50,1.73
2012.10.02 19:29:14.655,1.57263,1.57301,2.25,2.40
2012.10.02 19:29:14.715,1.57263,1.57301,2.48,2.10
2012.10.02 19:29:15.382,1.57263,1.57301,2.48,2.10
2012.10.02 19:29:17.514,1.57263,1.57301,2.48,1.73
2012.10.02 19:29:17.575,1.57263,1.57301,1.73,2.48
2012.10.02 19:29:17.693,1.57263,1.57301,2.48,1.73
2012.10.02 19:29:17.938,1.57269,1.57303,1.50,1.73
2012.10.02 19:29:18.054,1.57269,1.57306,1.50,1.73
2012.10.02 19:29:18.317,1.57269,1.57307,2.25,2.48
2012.10.02 19:29:18.391,1.57269,1.57307,1.50,2.48
2012.10.02 19:29:18.656,1.57269,1.57306,1.50,1.73
2012.10.02 19:29:18.776,1.57269,1.57304,1.50,1.73
2012.10.02 19:29:18.836,1.57269,1.57304,1.50,2.27
2012.10.02 19:29:19.454,1.57269,1.57297,1.50,1.20
2012.10.02 19:29:19.573,1.57262,1.57297,1.50,1.95
2012.10.02 19:29:19.935,1.57262,1.57289,1.50,1.73
2012.10.02 19:29:19.994,1.57256,1.57289,1.50,2.18
2012.10.02 19:29:20.234,1.57256,1.57289,2.25,1.73
2012.10.02 19:29:20.414,1.57256,1.5729,2.25,1.47
2012.10.02 19:29:20.594,1.57254,1.57289,1.50,3.23
2012.10.02 19:29:20.955,1.57251,1.57289,1.50,3.23
2012.10.02 19:29:22.285,1.57251,1.57289,2.48,2.48
2012.10.02 19:29:23.461,1.57251,1.57289,2.48,1.73
2012.10.02 19:29:24.121,1.57251,1.57289,2.48,2.48
2012.10.02 19:29:24.676,1.57251,1.57289,2.48,1.73
2012.10.02 19:29:26.767,1.57251,1.57289,2.48,2.48
2012.10.02 19:29:26.980,1.57251,1.57289,2.48,1.73
2012.10.02 19:29:27.415,1.57251,1.57289,2.48,2.48
2012.10.02 19:29:33.874,1.57251,1.57289,2.48,1.73
2012.10.02 19:29:34.115,1.57253,1.57289,1.73,1.50
2012.10.02 19:29:34.474,1.57257,1.57295,2.25,3.98
2012.10.02 19:29:34.841,1.57257,1.5729,1.50,3.23
2012.10.02 19:29:36.964,1.57252,1.5729,2.10,6.23
2012.10.02 19:29:38.934,1.57253,1.5729,1.35,5.48
2012.10.02 19:29:38.994,1.57253,1.5729,1.35,5.25
2012.10.02 19:29:41.685,1.57252,1.5729,4.17,2.25
2012.10.02 19:29:41.804,1.57252,1.5729,3.83,2.48
2012.10.02 19:29:41.924,1.57252,1.5729,1.95,2.48
2012.10.02 19:29:42.870,1.57252,1.57289,1.50,1.61
2012.10.02 19:29:43.175,1.57246,1.57282,1.73,2.48
2012.10.02 19:29:43.354,1.57246,1.57281,1.50,1.73
2012.10.02 19:29:50.214,1.57246,1.57282,2.25,2.73
2012.10.02 19:29:50.395,1.57246,1.57282,2.48,1.73
2012.10.02 19:29:50.924,1.57251,1.57282,1.50,1.73
2012.10.02 19:29:51.284,1.57249,1.57277,1.50,1.73
2012.10.02 19:29:51.344,1.57242,1.57274,1.13,2.48
2012.10.02 19:29:51.465,1.57238,1.57274,2.10,2.48
2012.10.02 19:29:51.894,1.57238,1.57272,1.50,2.48
2012.10.02 19:29:52.085,1.57237,1.57269,1.73,1.73
2012.10.02 19:29:52.644,1.5724,1.57276,1.50,2.48
2012.10.02 19:29:54.413,1.5724,1.57276,1.50,2.48
2012.10.02 19:29:54.654,1.5724,1.57275,1.50,1.62
2012.10.02 19:29:54.850,1.5724,1.57274,2.48,1.35
2012.10.02 19:29:56.344,1.5724,1.57274,2.48,2.10
2012.10.02 19:29:56.585,1.57229,1.57266,1.13,2.48
2012.10.02 19:29:56.704,1.57229,1.57266,1.28,2.25
2012.10.02 19:29:57.204,1.57233,1.57271,2.48,2.48
2012.10.02 19:29:57.745,1.57233,1.57271,2.48,2.48
2012.10.02 19:29:57.984,1.57226,1.57261,1.50,2.31
2012.10.02 19:29:58.165,1.57235,1.57272,1.50,1.43
2012.10.02 19:29:58.495,1.57235,1.57273,2.48,2.03
2012.10.02 19:29:58.555,1.57246,1.57274,1.50,2.78
2012.10.02 19:29:58.917,1.57246,1.57272,1.50,2.24
2012.10.02 19:29:59.047,1.57246,1.57274,1.50,1.65
2012.10.02 19:29:59.534,1.57246,1.57281,1.50,2.48
2012.10.02 19:29:59.974,1.57244,1.57276,1.50,2.48
2012.10.02 19:30:00.034,1.57239,1.57276,2.48,2.48
2012.10.02 19:30:00.704,1.5724,1.57276,1.73,1.73
2012.10.02 19:30:00.764,1.57241,1.57276,1.73,1.73
2012.10.02 19:30:01.141,1.57241,1.57276,1.73,1.73
2012.10.02 19:30:02.025,1.57239,1.57275,2.48,1.73
2012.10.02 19:30:02.159,1.57237,1.57272,3.00,1.73
2012.10.02 19:30:02.514,1.57232,1.57253,1.50,1.73
2012.10.02 19:30:02.575,1.57223,1.57253,1.20,1.73
2012.10.02 19:30:02.830,1.57219,1.57253,1.20,1.73
2012.10.02 19:30:03.190,1.57223,1.57254,1.50,1.73
2012.10.02 19:30:03.445,1.57223,1.57259,1.73,2.48
2012.10.02 19:30:03.895,1.57228,1.57261,1.50,1.35
2012.10.02 19:30:04.374,1.57228,1.57258,1.50,2.07
2012.10.02 19:30:04.556,1.57224,1.57251,1.73,2.25
2012.10.02 19:30:04.619,1.57224,1.5725,2.25,1.73
2012.10.02 19:30:04.927,1.57218,1.5725,2.40,1.73
2012.10.02 19:30:04.984,1.57219,1.5725,1.50,2.48
2012.10.02 19:30:05.164,1.57219,1.5725,1.50,2.73
2012.10.02 19:30:05.287,1.57219,1.5725,1.50,2.48
2012.10.02 19:30:05.644,1.57219,1.57251,1.50,4.73
2012.10.02 19:30:06.164,1.57219,1.5725,1.50,1.73
2012.10.02 19:30:06.354,1.57219,1.5725,1.50,1.73
2012.10.02 19:30:07.414,1.57219,1.5725,1.50,1.73
2012.10.02 19:30:07.775,1.57219,1.57256,1.50,2.48
2012.10.02 19:30:08.314,1.57219,1.57255,1.73,2.48
2012.10.02 19:30:08.734,1.57219,1.5725,1.73,1.17
2012.10.02 19:30:08.916,1.57218,1.57252,1.50,1.83
2012.10.02 19:30:08.978,1.57218,1.57252,1.73,1.35
2012.10.02 19:30:09.095,1.57224,1.57257,1.50,1.35
2012.10.02 19:30:09.454,1.57229,1.57254,1.50,1.73
2012.10.02 19:30:09.947,1.57229,1.57254,1.50,2.25
2012.10.02 19:30:10.244,1.57229,1.57255,1.50,1.50
2012.10.02 19:30:10.365,1.57225,1.57261,1.73,2.85
2012.10.02 19:30:10.485,1.57231,1.57261,1.50,1.35
2012.10.02 19:30:10.726,1.57231,1.57264,1.73,2.85
2012.10.02 19:30:11.267,1.57226,1.57264,1.73,2.48
2012.10.02 19:30:11.782,1.57226,1.57264,1.73,3.23
2012.10.02 19:30:12.084,1.57221,1.57249,1.59,1.50
2012.10.02 19:30:12.145,1.57219,1.57249,1.50,1.73
2012.10.02 19:30:12.204,1.57212,1.57249,1.73,2.48
2012.10.02 19:30:12.445,1.57227,1.57249,1.50,1.73
2012.10.02 19:30:12.564,1.57227,1.5726,1.73,1.50
2012.10.02 19:30:12.800,1.57234,1.57266,1.50,1.73
2012.10.02 19:30:14.404,1.57234,1.57267,2.25,2.48
2012.10.02 19:30:14.764,1.57241,1.5727,1.50,1.73
2012.10.02 19:30:15.065,1.57241,1.57266,1.50,1.50
2012.10.02 19:30:15.131,1.57241,1.5727,1.50,1.73
2012.10.02 19:30:15.634,1.57241,1.57267,1.50,2.25
2012.10.02 19:30:16.226,1.57241,1.57267,1.50,2.25
2012.10.02 19:30:16.344,1.57234,1.57267,2.48,2.25
2012.10.02 19:30:16.404,1.57234,1.57266,2.48,1.50
2012.10.02 19:30:16.524,1.57234,1.57266,1.50,3.23
2012.10.02 19:30:16.764,1.57234,1.57263,1.50,1.73
2012.10.02 19:30:16.884,1.57234,1.57266,1.50,3.23
2012.10.02 19:30:16.944,1.57228,1.57264,2.25,1.27
2012.10.02 19:30:17.485,1.57229,1.57264,1.50,1.27
2012.10.02 19:30:17.544,1.57229,1.57265,1.73,2.48
2012.10.02 19:30:17.724,1.57229,1.57264,1.50,2.48
2012.10.02 19:30:18.143,1.57229,1.57266,1.73,1.92
2012.10.02 19:30:18.443,1.5723,1.57266,1.73,2.67
2012.10.02 19:30:18.685,1.57239,1.57264,1.50,2.25
2012.10.02 19:30:19.384,1.57239,1.57264,1.50,3.00
2012.10.02 19:30:19.504,1.57231,1.57264,1.50,2.48
2012.10.02 19:30:19.624,1.57227,1.57264,1.50,2.48
2012.10.02 19:30:22.154,1.57227,1.57264,2.25,2.48
2012.10.02 19:30:22.274,1.5723,1.57264,1.73,2.25
2012.10.02 19:30:22.814,1.57237,1.57267,1.50,2.10
2012.10.02 19:30:24.874,1.57231,1.57265,1.73,3.23
2012.10.02 19:30:25.553,1.57228,1.57265,2.48,3.23
2012.10.02 19:30:25.615,1.57231,1.57265,1.73,3.23
2012.10.02 19:30:26.134,1.57235,1.57273,1.50,2.48
2012.10.02 19:30:26.254,1.57241,1.57274,1.50,1.69
2012.10.02 19:30:26.636,1.57241,1.57275,2.25,1.32
2012.10.02 19:30:26.875,1.57245,1.57274,1.73,1.50
2012.10.02 19:30:26.995,1.57241,1.57274,1.73,2.25
2012.10.02 19:30:27.237,1.57252,1.57282,1.50,2.03
2012.10.02 19:30:27.294,1.57252,1.57282,1.73,1.50
2012.10.02 19:30:27.415,1.57252,1.57282,1.73,1.50
2012.10.02 19:30:27.934,1.57251,1.57286,1.73,1.73
2012.10.02 19:30:28.174,1.57251,1.57287,2.48,4.50
2012.10.02 19:30:28.534,1.57251,1.57286,1.73,1.50
2012.10.02 19:30:28.654,1.57251,1.57287,1.73,5.48
2012.10.02 19:30:29.184,1.57251,1.57286,1.73,1.73
2012.10.02 19:30:29.725,1.57251,1.57286,1.50,2.48
2012.10.02 19:30:31.185,1.57244,1.5728,1.73,2.48
2012.10.02 19:30:31.935,1.57244,1.5728,2.48,1.50
2012.10.02 19:30:32.054,1.57248,1.57282,2.48,1.50
2012.10.02 19:30:32.596,1.57248,1.57286,1.73,2.48
2012.10.02 19:30:34.964,1.57252,1.57286,1.73,1.73
2012.10.02 19:30:35.265,1.57252,1.57286,1.73,1.50
2012.10.02 19:30:35.444,1.57254,1.57289,2.48,2.25
2012.10.02 19:30:35.744,1.57258,1.57293,1.73,1.73
2012.10.02 19:30:36.405,1.5726,1.57296,1.73,3.23
2012.10.02 19:30:37.074,1.5726,1.57296,1.73,3.23
2012.10.02 19:30:37.315,1.5726,1.5729,1.73,2.48
2012.10.02 19:30:37.374,1.5726,1.5729,1.73,1.73
2012.10.02 19:30:37.924,1.57255,1.5729,1.73,3.23
2012.10.02 19:30:38.225,1.57259,1.57291,1.07,1.65
2012.10.02 19:30:38.584,1.57251,1.57277,2.04,2.25
2012.10.02 19:30:38.644,1.57251,1.57277,1.73,1.50
2012.10.02 19:30:38.704,1.57251,1.57277,1.73,2.25
2012.10.02 19:30:38.765,1.57242,1.57278,1.73,3.23
2012.10.02 19:30:38.884,1.5724,1.5727,2.48,1.50
2012.10.02 19:30:39.064,1.57246,1.57283,1.50,2.48
2012.10.02 19:30:39.124,1.57246,1.57283,1.73,2.25
2012.10.02 19:30:39.485,1.57251,1.57284,2.48,1.50
2012.10.02 19:30:39.785,1.57258,1.57289,1.73,1.50
2012.10.02 19:30:39.904,1.57258,1.57296,1.73,3.23
2012.10.02 19:30:39.964,1.57258,1.57296,1.73,3.23
2012.10.02 19:30:40.295,1.57258,1.57295,1.73,2.48
2012.10.02 19:30:41.647,1.57258,1.57296,1.73,2.48
2012.10.02 19:30:43.494,1.57258,1.57296,1.73,3.23
2012.10.02 19:30:45.065,1.57254,1.5729,2.48,1.50
2012.10.02 19:30:46.444,1.57254,1.5729,1.73,2.25
2012.10.02 19:30:46.536,1.57254,1.5729,1.73,2.48
2012.10.02 19:30:46.914,1.57254,1.5729,3.23,1.73
2012.10.02 19:30:47.215,1.57267,1.5729,1.73,1.50
2012.10.02 19:30:47.454,1.57266,1.57292,1.73,1.50
2012.10.02 19:30:47.514,1.57266,1.57296,1.73,2.25
2012.10.02 19:30:47.574,1.57267,1.57297,2.48,1.50
2012.10.02 19:30:47.994,1.5727,1.573,1.73,1.50
2012.10.02 19:30:48.632,1.5727,1.57301,1.73,1.50
2012.10.02 19:30:48.697,1.57267,1.57301,2.48,2.25
2012.10.02 19:30:48.874,1.57262,1.57298,3.23,2.25
2012.10.02 19:30:48.994,1.57262,1.57298,3.23,2.25
2012.10.02 19:30:50.136,1.57266,1.57299,1.73,1.73
2012.10.02 19:30:52.246,1.57266,1.573,1.73,2.25
2012.10.02 19:30:53.214,1.57266,1.57303,2.48,1.73
2012.10.02 19:30:53.574,1.57273,1.57305,1.73,2.25
2012.10.02 19:30:53.904,1.57273,1.57309,1.50,2.48
2012.10.02 19:30:56.204,1.57273,1.57309,1.73,2.48
2012.10.02 19:30:56.325,1.57273,1.57309,1.73,2.48
2012.10.02 19:30:56.446,1.57277,1.57315,1.50,2.48
2012.10.02 19:30:56.864,1.57272,1.57297,1.73,2.25
2012.10.02 19:30:57.044,1.57272,1.57296,1.50,1.73
2012.10.02 19:30:57.164,1.57272,1.57297,1.50,2.48
2012.10.02 19:30:57.284,1.57272,1.573,1.50,1.73
2012.10.02 19:30:57.344,1.57266,1.573,1.50,1.73
2012.10.02 19:30:57.471,1.57266,1.57296,1.50,1.50
2012.10.02 19:30:57.538,1.57264,1.57299,1.35,1.73
2012.10.02 19:30:57.774,1.57262,1.57299,1.50,2.48
2012.10.02 19:30:58.914,1.57262,1.5729,1.50,1.50
2012.10.02 19:30:59.154,1.57262,1.573,2.25,3.98
2012.10.02 19:30:59.215,1.57262,1.573,2.48,3.75
2012.10.02 19:30:59.394,1.57267,1.57301,1.73,3.00
2012.10.02 19:30:59.515,1.57262,1.573,1.50,1.73
2012.10.02 19:30:59.754,1.57262,1.57299,1.73,1.73
2012.10.02 19:31:01.394,1.57263,1.573,1.73,1.73
2012.10.02 19:31:01.775,1.57268,1.57301,2.48,2.25
2012.10.02 19:31:01.840,1.57274,1.57303,1.73,1.50
2012.10.02 19:31:02.265,1.57269,1.57305,2.48,2.48
2012.10.02 19:31:02.486,1.57269,1.57304,2.25,1.73
2012.10.02 19:31:02.546,1.57269,1.57304,1.50,2.48
2012.10.02 19:31:03.176,1.57269,1.57305,2.25,3.98
2012.10.02 19:31:03.294,1.57276,1.57308,1.73,1.13
2012.10.02 19:31:03.834,1.5728,1.57317,1.73,2.48
2012.10.02 19:31:05.374,1.5728,1.57316,1.73,2.48
2012.10.02 19:31:05.495,1.57272,1.57309,2.48,2.48
2012.10.02 19:31:05.615,1.57272,1.57309,1.73,2.48
2012.10.02 19:31:09.115,1.57272,1.57309,1.73,2.48
2012.10.02 19:31:09.474,1.57274,1.57309,1.73,2.25
2012.10.02 19:31:11.215,1.5728,1.57311,1.50,2.25
2012.10.02 19:31:11.574,1.57276,1.57306,1.50,1.50
2012.10.02 19:31:11.694,1.57271,1.57304,2.85,2.25
2012.10.02 19:31:12.204,1.57271,1.57305,2.48,1.50
2012.10.02 19:31:12.506,1.57271,1.57306,1.73,1.50
2012.10.02 19:31:12.568,1.5727,1.57305,1.73,2.48
2012.10.02 19:31:16.316,1.57267,1.57305,1.73,2.48
2012.10.02 19:31:16.674,1.57267,1.573,1.73,2.25
2012.10.02 19:31:16.794,1.57267,1.573,1.50,2.48
2012.10.02 19:31:17.034,1.57262,1.57298,1.73,2.48
2012.10.02 19:31:17.694,1.57262,1.57298,1.73,3.23
2012.10.02 19:31:17.814,1.57256,1.57292,1.50,2.48
2012.10.02 19:31:18.189,1.57256,1.57292,2.48,1.50
2012.10.02 19:31:18.494,1.57261,1.57297,1.73,3.98
2012.10.02 19:31:18.805,1.57256,1.57292,1.50,2.48
2012.10.02 19:31:18.864,1.57256,1.57292,2.25,1.73
2012.10.02 19:31:18.984,1.57261,1.57292,1.73,1.50
2012.10.02 19:31:19.044,1.57262,1.57298,3.23,1.73
2012.10.02 19:31:19.165,1.57264,1.57297,1.73,1.73
2012.10.02 19:31:19.224,1.57267,1.57295,1.50,1.73
2012.10.02 19:31:19.344,1.5726,1.57295,2.48,2.48
2012.10.02 19:31:19.704,1.57259,1.57292,1.73,2.25
2012.10.02 19:31:19.764,1.57259,1.57292,1.50,2.48
2012.10.02 19:31:19.957,1.57254,1.57292,1.73,2.48
2012.10.02 19:31:20.844,1.57254,1.57292,1.73,2.48
2012.10.02 19:31:20.904,1.57254,1.57292,1.73,2.48
2012.10.02 19:31:21.454,1.57254,1.57292,1.73,3.23
2012.10.02 19:31:23.235,1.57259,1.57293,2.25,1.73
2012.10.02 19:31:23.475,1.57255,1.57291,2.10,2.48
2012.10.02 19:31:27.105,1.57249,1.57288,2.48,1.50
2012.10.02 19:31:27.656,1.57254,1.57292,1.73,3.23
2012.10.02 19:31:27.894,1.57248,1.57286,2.10,1.50
2012.10.02 19:31:28.445,1.57253,1.57287,1.73,1.50
2012.10.02 19:31:28.504,1.57253,1.5729,1.73,3.98
2012.10.02 19:31:29.174,1.57253,1.5729,1.73,3.98
2012.10.02 19:31:29.684,1.57253,1.5729,1.73,3.98
2012.10.02 19:31:33.494,1.57248,1.57286,2.10,1.50
2012.10.02 19:31:34.195,1.57253,1.57287,1.73,1.50
2012.10.02 19:31:34.737,1.57253,1.57289,1.73,2.48
2012.10.02 19:31:41.097,1.57253,1.57287,2.48,1.50
2012.10.02 19:31:41.454,1.57253,1.57288,1.50,1.73
2012.10.02 19:31:41.514,1.57253,1.57287,1.50,1.73
2012.10.02 19:31:41.755,1.57251,1.57281,1.73,1.50
2012.10.02 19:31:41.994,1.57251,1.57288,2.48,4.73
2012.10.02 19:31:42.174,1.5725,1.57288,2.48,3.23
2012.10.02 19:31:43.124,1.5725,1.57288,2.48,1.73
2012.10.02 19:31:50.445,1.57256,1.57288,2.48,1.73
2012.10.02 19:31:50.684,1.57258,1.57294,1.65,1.73
2012.10.02 19:31:50.744,1.57258,1.57294,1.88,1.50
2012.10.02 19:31:50.864,1.57258,1.57294,1.50,1.73
2012.10.02 19:31:51.245,1.57256,1.57289,2.48,1.73
2012.10.02 19:31:51.798,1.57256,1.57289,1.73,1.50
2012.10.02 19:31:52.334,1.57256,1.57289,1.73,1.50
2012.10.02 19:31:55.865,1.57259,1.57295,2.48,1.73
2012.10.02 19:31:58.305,1.57259,1.57294,2.48,1.50
2012.10.02 19:31:58.734,1.57259,1.57292,2.48,1.50
2012.10.02 19:31:59.034,1.57259,1.57295,2.48,1.73
2012.10.02 19:31:59.575,1.57259,1.57294,2.48,1.50
2012.10.02 19:32:00.076,1.57259,1.57295,2.48,3.23
2012.10.02 19:32:00.614,1.57259,1.57294,2.48,1.50
2012.10.02 19:32:00.794,1.57259,1.57291,2.48,1.50
2012.10.02 19:32:00.974,1.57259,1.5729,1.50,1.73
2012.10.02 19:32:01.035,1.5725,1.57289,2.48,1.73
2012.10.02 19:32:05.414,1.5725,1.57286,2.48,1.50
2012.10.02 19:32:05.544,1.5725,1.57286,2.25,1.73
2012.10.02 19:32:07.975,1.5725,1.57289,2.25,2.48
2012.10.02 19:32:08.094,1.5725,1.57289,2.48,1.73
2012.10.02 19:32:08.357,1.5725,1.57289,2.48,1.73
2012.10.02 19:32:08.545,1.57256,1.57291,2.48,3.00
2012.10.02 19:32:09.085,1.57256,1.57292,3.23,1.50
2012.10.02 19:32:09.604,1.57256,1.57291,3.23,2.25
2012.10.02 19:32:10.064,1.57256,1.5729,3.23,1.50
2012.10.02 19:32:10.864,1.57256,1.5729,3.23,1.50
2012.10.02 19:32:11.325,1.57256,1.57292,3.23,1.50
2012.10.02 19:32:15.274,1.57256,1.57292,3.23,3.75
2012.10.02 19:32:15.516,1.57254,1.57285,1.28,1.50
2012.10.02 19:32:15.756,1.57251,1.57284,2.48,2.25
2012.10.02 19:32:15.814,1.57251,1.57287,2.48,1.50
2012.10.02 19:32:16.795,1.57251,1.57287,2.48,1.73
2012.10.02 19:32:17.374,1.57251,1.57284,2.48,1.50
2012.10.02 19:32:17.734,1.57246,1.57282,3.60,1.50
2012.10.02 19:32:19.064,1.57251,1.57284,2.48,1.50
2012.10.02 19:32:19.434,1.57251,1.57288,2.48,2.48
2012.10.02 19:32:22.515,1.57251,1.57285,2.48,1.50
2012.10.02 19:32:22.638,1.57246,1.57283,2.10,1.50
2012.10.02 19:32:22.995,1.5725,1.57283,1.73,1.50
2012.10.02 19:32:23.355,1.5725,1.57285,3.57,1.50
2012.10.02 19:32:23.474,1.5725,1.57285,3.23,1.73
2012.10.02 19:32:23.724,1.57244,1.5728,2.85,1.50
2012.10.02 19:32:24.116,1.57244,1.5728,1.73,2.48
2012.10.02 19:32:25.655,1.57244,1.5728,2.48,1.73
2012.10.02 19:32:25.716,1.57244,1.5728,2.48,1.50
2012.10.02 19:32:28.165,1.57244,1.5728,2.48,1.50
2012.10.02 19:32:28.285,1.57248,1.57284,2.48,2.48
2012.10.02 19:32:28.834,1.57248,1.57284,2.48,2.25
2012.10.02 19:32:28.895,1.57248,1.57284,2.48,3.23
2012.10.02 19:32:29.014,1.57247,1.57279,1.35,1.50
2012.10.02 19:32:29.194,1.57243,1.57279,2.48,1.73
2012.10.02 19:32:30.137,1.57243,1.57279,2.48,1.73
2012.10.02 19:32:31.484,1.57243,1.57279,2.48,1.73
2012.10.02 19:32:32.425,1.57261,1.57281,1.09,1.73
2012.10.02 19:32:32.605,1.57274,1.57303,1.32,1.50
2012.10.02 19:32:33.040,1.57274,1.57303,1.32,1.50
2012.10.02 19:32:33.113,1.57277,1.57312,1.73,1.50
2012.10.02 19:32:35.914,1.57275,1.57312,1.62,2.25
2012.10.02 19:32:36.035,1.57275,1.57312,1.35,3.98
2012.10.02 19:32:42.464,1.57276,1.57312,1.73,1.73
2012.10.02 19:32:42.525,1.57276,1.57312,1.73,1.50
2012.10.02 19:32:42.704,1.57276,1.57312,1.73,1.73
2012.10.02 19:32:42.945,1.57273,1.57311,1.88,1.40
2012.10.02 19:32:43.005,1.57272,1.57306,1.50,1.73
2012.10.02 19:32:43.577,1.57269,1.57306,2.48,1.73
2012.10.02 19:32:47.585,1.57269,1.57307,2.48,2.48
2012.10.02 19:32:48.004,1.57274,1.57312,2.48,1.73
2012.10.02 19:32:49.404,1.57275,1.57312,1.43,1.50
2012.10.02 19:32:49.525,1.5728,1.57314,2.48,1.50
2012.10.02 19:32:49.934,1.5728,1.57317,2.48,2.48
2012.10.02 19:32:50.645,1.5728,1.57315,2.48,1.50
2012.10.02 19:32:50.885,1.57277,1.57313,1.73,1.50
2012.10.02 19:32:54.665,1.5728,1.57314,3.98,1.50
2012.10.02 19:32:54.724,1.57284,1.57318,2.48,3.23
2012.10.02 19:32:54.904,1.57284,1.57319,6.23,1.73
2012.10.02 19:32:55.024,1.57296,1.57324,1.73,1.65
2012.10.02 19:32:55.613,1.57293,1.57329,4.73,1.50
2012.10.02 19:32:55.875,1.57294,1.57329,2.48,2.25
2012.10.02 19:32:55.995,1.57294,1.57323,1.50,1.50
2012.10.02 19:32:56.055,1.57291,1.57323,1.35,1.50
2012.10.02 19:33:04.704,1.57287,1.57323,2.48,1.50
2012.10.02 19:33:04.765,1.57294,1.57328,2.25,2.48
2012.10.02 19:33:04.824,1.57294,1.5733,2.48,2.25
2012.10.02 19:33:04.885,1.57294,1.5733,3.98,1.50
2012.10.02 19:33:05.106,1.57299,1.57333,2.48,1.73
2012.10.02 19:33:05.229,1.57299,1.57335,2.48,1.50
2012.10.02 19:33:09.394,1.57297,1.57332,3.23,1.50
2012.10.02 19:33:09.737,1.57297,1.5733,1.73,1.50
2012.10.02 19:33:12.384,1.57296,1.57332,5.88,2.25
2012.10.02 19:33:12.865,1.57296,1.57332,3.63,1.50
2012.10.02 19:33:13.164,1.57302,1.5733,2.10,1.50
2012.10.02 19:33:13.467,1.57298,1.57328,1.52,1.50
2012.10.02 19:33:13.973,1.57298,1.57326,1.52,1.50
2012.10.02 19:33:14.095,1.57298,1.57331,1.52,3.00
2012.10.02 19:33:14.155,1.57297,1.57331,1.73,2.25
2012.10.02 19:33:14.394,1.57296,1.57331,2.48,2.25
2012.10.02 19:33:14.454,1.57296,1.57331,2.48,3.00
2012.10.02 19:33:14.755,1.57291,1.57323,2.88,1.50
2012.10.02 19:33:14.934,1.57286,1.57322,3.79,2.25
2012.10.02 19:33:15.054,1.57286,1.57319,3.79,1.50
2012.10.02 19:33:15.174,1.57286,1.57322,3.79,1.50
2012.10.02 19:33:15.474,1.57286,1.57319,3.79,1.50
2012.10.02 19:33:15.654,1.57286,1.57322,3.79,1.50
2012.10.02 19:33:15.714,1.57286,1.57322,3.79,2.25
2012.10.02 19:33:15.834,1.57287,1.57322,1.73,1.50
2012.10.02 19:33:26.745,1.57286,1.57318,2.29,1.50
2012.10.02 19:33:26.804,1.57286,1.57318,1.73,1.50
2012.10.02 19:33:30.524,1.57285,1.57318,1.41,1.50
2012.10.02 19:33:30.765,1.5728,1.57318,3.60,1.50
2012.10.02 19:33:30.945,1.5728,1.57318,3.60,1.50
2012.10.02 19:33:31.289,1.57287,1.57318,1.73,1.50
2012.10.02 19:33:31.785,1.5728,1.57318,3.23,1.50
2012.10.02 19:33:31.965,1.57287,1.57318,1.73,1.50
2012.10.02 19:33:33.185,1.57286,1.57318,1.73,1.50
2012.10.02 19:33:33.336,1.57292,1.57323,2.10,1.50
2012.10.02 19:33:33.574,1.57292,1.57327,2.10,1.50
2012.10.02 19:33:34.346,1.57292,1.57327,2.10,1.50
2012.10.02 19:33:35.744,1.57291,1.57327,2.73,2.25
2012.10.02 19:33:35.805,1.57291,1.57326,2.48,3.00
2012.10.02 19:33:36.646,1.57291,1.57326,1.73,1.50
2012.10.02 19:33:36.824,1.57291,1.57323,1.50,3.23
2012.10.02 19:33:36.884,1.57291,1.57322,2.25,1.73
2012.10.02 19:33:37.124,1.57291,1.57327,2.48,6.23
2012.10.02 19:33:37.934,1.57291,1.57327,2.48,2.48
2012.10.02 19:33:38.734,1.57291,1.57326,2.48,1.50
2012.10.02 19:33:39.294,1.57295,1.5733,2.48,2.82
2012.10.02 19:33:41.356,1.57295,1.57332,2.48,2.97
2012.10.02 19:33:41.685,1.57296,1.57331,2.48,1.73
2012.10.02 19:33:42.404,1.57296,1.57331,1.73,1.73
2012.10.02 19:33:42.772,1.57296,1.57327,1.50,1.73
2012.10.02 19:33:43.814,1.57291,1.57327,2.48,3.23
2012.10.02 19:33:43.934,1.57291,1.57327,1.73,3.23
2012.10.02 19:33:44.294,1.57283,1.5732,1.73,2.48
2012.10.02 19:33:45.935,1.57283,1.57318,1.73,1.73
2012.10.02 19:33:46.474,1.57278,1.57316,2.48,2.48
2012.10.02 19:33:46.534,1.57278,1.57316,2.48,2.48
2012.10.02 19:33:47.505,1.57282,1.57316,1.73,2.85
2012.10.02 19:33:47.865,1.57294,1.57326,2.48,1.50
2012.10.02 19:33:47.925,1.57304,1.57332,1.50,1.73
2012.10.02 19:33:47.985,1.57304,1.57332,2.20,1.50
2012.10.02 19:33:48.045,1.57304,1.57337,2.20,1.50
2012.10.02 19:33:48.235,1.57305,1.57342,2.48,3.00
2012.10.02 19:33:48.485,1.57305,1.57342,2.48,3.00
2012.10.02 19:33:48.844,1.57304,1.57332,2.20,1.50
2012.10.02 19:33:48.965,1.57304,1.57332,1.45,1.50
2012.10.02 19:33:49.025,1.57306,1.57335,2.48,1.50
2012.10.02 19:33:49.085,1.57306,1.57335,2.25,1.50
2012.10.02 19:33:49.325,1.57302,1.57335,1.35,1.50
2012.10.02 19:33:49.385,1.57305,1.57337,2.48,1.50
2012.10.02 19:33:52.275,1.57301,1.57333,2.48,1.50
2012.10.02 19:33:52.814,1.573,1.57332,1.35,1.50
2012.10.02 19:33:53.317,1.573,1.57332,1.35,1.50
2012.10.02 19:33:55.225,1.573,1.57332,1.35,1.50
2012.10.02 19:33:55.976,1.573,1.57337,1.35,1.50
2012.10.02 19:33:56.234,1.57299,1.57336,2.85,1.73
2012.10.02 19:33:59.194,1.573,1.57337,1.35,1.73
2012.10.02 19:33:59.314,1.57299,1.57337,2.85,1.50
2012.10.02 19:34:02.605,1.57305,1.57341,2.48,1.73
2012.10.02 19:34:02.665,1.57305,1.57339,2.48,1.50
2012.10.02 19:34:03.025,1.57299,1.57337,2.85,1.50
2012.10.02 19:34:07.016,1.57305,1.57343,2.48,1.73
2012.10.02 19:34:07.435,1.57315,1.57344,1.13,1.73
2012.10.02 19:34:07.554,1.57317,1.57353,2.48,1.50
2012.10.02 19:34:11.825,1.57317,1.57353,2.48,1.84
2012.10.02 19:34:11.945,1.57315,1.57346,2.27,2.25
2012.10.02 19:34:12.005,1.57311,1.57346,1.35,2.48
2012.10.02 19:34:12.186,1.57307,1.57342,1.73,2.25
2012.10.02 19:34:12.366,1.57307,1.57338,1.50,1.73
2012.10.02 19:34:12.727,1.57304,1.57338,1.50,1.73
2012.10.02 19:34:15.215,1.57304,1.57342,2.25,2.48
2012.10.02 19:34:16.565,1.57304,1.57339,1.50,1.73
2012.10.02 19:34:17.165,1.57304,1.57342,2.25,2.48
2012.10.02 19:34:17.284,1.57304,1.57342,2.48,2.25
2012.10.02 19:34:17.346,1.57304,1.57342,2.48,1.50
2012.10.02 19:34:21.368,1.57311,1.57346,2.48,1.73
2012.10.02 19:34:21.425,1.57311,1.57347,2.48,1.73
2012.10.02 19:34:21.724,1.57317,1.57352,1.73,1.73
2012.10.02 19:34:21.964,1.57317,1.57353,2.48,1.73
2012.10.02 19:34:22.274,1.57317,1.57353,2.48,1.50
2012.10.02 19:34:32.504,1.57317,1.57353,2.48,2.48
2012.10.02 19:34:32.624,1.57317,1.57353,2.48,2.48
2012.10.02 19:34:32.804,1.57317,1.57353,2.48,1.50
2012.10.02 19:34:33.164,1.57317,1.57353,2.48,1.73
2012.10.02 19:34:33.224,1.57317,1.57353,2.48,2.48
2012.10.02 19:34:33.405,1.57317,1.57351,1.73,1.73
2012.10.02 19:34:33.585,1.57309,1.57344,1.73,1.73
2012.10.02 19:34:35.258,1.5731,1.57344,1.50,1.73
2012.10.02 19:34:35.555,1.57303,1.57341,2.79,1.50
2012.10.02 19:34:38.044,1.57309,1.57345,2.48,1.50
2012.10.02 19:34:41.844,1.57314,1.57349,1.50,1.73
2012.10.02 19:34:48.504,1.57314,1.57347,1.50,3.23
2012.10.02 19:34:48.564,1.57307,1.57345,1.50,2.48
2012.10.02 19:34:48.685,1.57307,1.57345,2.25,2.48
2012.10.02 19:34:48.745,1.57307,1.57345,2.48,2.25
2012.10.02 19:34:48.864,1.57307,1.57345,2.48,1.50
2012.10.02 19:34:51.705,1.57307,1.57345,2.48,1.50
2012.10.02 19:34:55.066,1.57315,1.57352,2.48,1.50
2012.10.02 19:34:55.126,1.57315,1.57352,2.48,1.50
2012.10.02 19:34:55.365,1.5732,1.57357,1.35,1.50
2012.10.02 19:35:00.185,1.57327,1.57357,1.35,1.50
2012.10.02 19:35:00.364,1.57327,1.57363,1.35,1.73
2012.10.02 19:35:00.514,1.57327,1.57363,1.35,1.50
2012.10.02 19:35:01.459,1.57327,1.57362,1.35,1.50
2012.10.02 19:35:01.984,1.57327,1.57363,1.35,3.00
2012.10.02 19:35:04.525,1.57327,1.57362,1.35,1.50
2012.10.02 19:35:04.585,1.57327,1.57362,1.35,1.73
2012.10.02 19:35:04.646,1.57327,1.57356,1.35,1.50
2012.10.02 19:35:05.181,1.57328,1.57361,1.35,1.50
2012.10.02 19:35:10.985,1.57328,1.57357,1.35,1.50
2012.10.02 19:35:12.525,1.57327,1.57363,1.96,1.50
2012.10.02 19:35:15.974,1.57327,1.57358,1.21,1.50
2012.10.02 19:35:16.034,1.57321,1.57358,2.48,1.50
2012.10.02 19:35:24.885,1.57321,1.57358,2.48,2.25
2012.10.02 19:35:25.304,1.57321,1.57355,2.48,1.73
2012.10.02 19:35:31.480,1.57322,1.57358,2.48,2.48
2012.10.02 19:35:31.604,1.57322,1.57358,2.48,2.48
2012.10.02 19:35:32.025,1.5732,1.57354,2.48,1.50
2012.10.02 19:35:32.264,1.57319,1.57354,1.50,3.23
2012.10.02 19:35:32.815,1.57316,1.57354,2.85,3.23
2012.10.02 19:35:34.894,1.57318,1.57354,1.35,2.48
2012.10.02 19:35:35.084,1.57316,1.57353,2.48,1.73
2012.10.02 19:35:35.145,1.57316,1.57352,1.73,1.73
2012.10.02 19:35:35.264,1.57312,1.57349,1.13,2.48
2012.10.02 19:35:35.824,1.57311,1.57345,2.48,1.50
2012.10.02 19:35:35.945,1.57309,1.57343,1.35,1.50
2012.10.02 19:35:46.895,1.57307,1.57343,2.48,1.50
2012.10.02 19:35:47.418,1.57307,1.57343,2.48,1.50
2012.10.02 19:35:49.234,1.57307,1.57343,2.48,1.50
2012.10.02 19:35:49.574,1.5731,1.57343,1.35,1.50
2012.10.02 19:35:50.285,1.57309,1.57343,1.35,1.50
2012.10.02 19:35:56.264,1.57305,1.57341,2.48,1.50
2012.10.02 19:36:04.195,1.57313,1.57351,2.48,1.73
2012.10.02 19:36:04.255,1.57313,1.57351,2.48,1.50
2012.10.02 19:36:04.375,1.57313,1.57349,1.73,1.50
2012.10.02 19:36:04.734,1.57307,1.57345,2.48,1.73
2012.10.02 19:36:11.454,1.57315,1.57345,1.13,1.73
2012.10.02 19:36:11.575,1.57318,1.57353,2.88,1.50
2012.10.02 19:36:11.755,1.57318,1.57353,3.98,1.50
2012.10.02 19:36:17.325,1.57323,1.57353,1.50,1.50
2012.10.02 19:36:17.385,1.57325,1.57359,1.50,1.73
2012.10.02 19:36:19.337,1.57316,1.57354,3.98,1.50
2012.10.02 19:36:23.698,1.57316,1.57354,2.48,2.25
2012.10.02 19:36:24.085,1.57314,1.57347,1.65,1.73
2012.10.02 19:36:24.325,1.57314,1.57347,1.50,2.48
2012.10.02 19:36:24.505,1.57309,1.57347,1.73,3.98
2012.10.02 19:36:24.626,1.57304,1.5734,2.48,1.73
2012.10.02 19:36:26.245,1.57304,1.57336,2.48,1.50
2012.10.02 19:36:26.544,1.57292,1.57326,1.73,2.48
2012.10.02 19:36:26.735,1.57292,1.57326,1.73,3.23
2012.10.02 19:36:27.215,1.57285,1.57324,2.48,3.23
2012.10.02 19:36:29.254,1.57283,1.57314,2.25,2.25
2012.10.02 19:36:29.434,1.57281,1.57314,1.13,3.08
2012.10.02 19:36:29.495,1.57276,1.57314,2.48,2.85
2012.10.02 19:36:29.675,1.57283,1.57315,2.25,1.73
2012.10.02 19:36:29.854,1.57283,1.57319,2.48,1.50
2012.10.02 19:36:35.786,1.57287,1.57324,2.48,3.23
2012.10.02 19:36:37.296,1.57287,1.57324,2.48,3.00
2012.10.02 19:36:37.656,1.57292,1.57328,2.48,3.23
2012.10.02 19:36:37.836,1.57292,1.57328,2.48,2.48
2012.10.02 19:36:38.377,1.57292,1.57328,2.48,1.50
2012.10.02 19:36:43.086,1.57294,1.57328,2.48,1.50
2012.10.02 19:36:43.453,1.57298,1.57335,2.48,2.25
2012.10.02 19:36:43.756,1.57303,1.57335,1.59,2.25
2012.10.02 19:36:44.465,1.57303,1.57342,3.09,1.88
2012.10.02 19:36:44.585,1.57305,1.57342,1.35,1.50
2012.10.02 19:36:45.859,1.57309,1.57346,2.48,1.73
2012.10.02 19:36:47.264,1.57309,1.57346,2.48,1.73
2012.10.02 19:36:48.405,1.57309,1.57346,2.48,1.73
2012.10.02 19:36:53.265,1.57305,1.57341,2.85,2.48
2012.10.02 19:37:05.875,1.57305,1.5734,1.73,2.48
2012.10.02 19:37:05.936,1.57305,1.57339,1.50,2.48
2012.10.02 19:37:05.996,1.573,1.57336,2.48,1.73
2012.10.02 19:37:16.287,1.573,1.57336,1.73,2.48
2012.10.02 19:37:16.879,1.573,1.57336,2.48,1.73
2012.10.02 19:37:18.936,1.57303,1.57338,1.50,1.73
2012.10.02 19:37:19.235,1.57303,1.57341,2.25,2.48
2012.10.02 19:37:19.701,1.57309,1.57343,1.50,1.52
2012.10.02 19:37:19.770,1.57309,1.57344,1.50,1.73
2012.10.02 19:37:20.546,1.57303,1.57339,2.48,1.50
2012.10.02 19:37:22.966,1.57307,1.57344,1.73,1.73
2012.10.02 19:37:23.175,1.57307,1.57345,2.48,2.48
2012.10.02 19:37:23.355,1.57312,1.57349,1.73,2.48
2012.10.02 19:37:28.465,1.57312,1.57345,1.73,1.50
2012.10.02 19:37:28.525,1.57307,1.57343,2.48,1.50
2012.10.02 19:37:30.325,1.57311,1.57349,2.48,3.23
2012.10.02 19:37:32.587,1.57311,1.57349,1.73,3.23
2012.10.02 19:37:32.892,1.57305,1.57343,2.48,1.73
2012.10.02 19:37:33.135,1.57305,1.57343,2.48,1.73
2012.10.02 19:37:39.195,1.57305,1.57342,1.50,2.48
2012.10.02 19:37:39.574,1.57295,1.57327,2.10,1.50
2012.10.02 19:37:41.216,1.57297,1.57329,2.48,1.50
2012.10.02 19:37:41.316,1.57297,1.57334,2.48,1.50
2012.10.02 19:37:41.375,1.57304,1.57337,1.50,1.73
2012.10.02 19:37:41.435,1.57309,1.57339,1.50,1.73
2012.10.02 19:37:43.445,1.57308,1.57336,1.50,1.73
2012.10.02 19:37:43.505,1.57298,1.57336,2.48,1.73
2012.10.02 19:38:08.865,1.57298,1.57336,2.48,2.48
2012.10.02 19:38:09.171,1.57291,1.57326,1.35,1.73
2012.10.02 19:38:10.166,1.57289,1.57326,2.48,1.73
2012.10.02 19:38:10.656,1.57295,1.57328,2.48,1.50
2012.10.02 19:38:11.152,1.57295,1.57331,2.48,1.73
2012.10.02 19:38:11.705,1.57292,1.57327,2.48,1.50
2012.10.02 19:38:17.445,1.57291,1.57327,1.20,1.50
2012.10.02 19:38:23.625,1.57289,1.57322,2.07,1.50
2012.10.02 19:38:23.804,1.57286,1.57317,1.35,1.73
2012.10.02 19:38:24.044,1.57283,1.57317,1.13,1.73
2012.10.02 19:38:24.165,1.57283,1.57313,1.13,1.50
2012.10.02 19:38:24.285,1.57276,1.5731,1.28,1.73
2012.10.02 19:38:24.466,1.57281,1.5731,1.05,1.73
2012.10.02 19:38:24.585,1.57279,1.57315,2.48,2.25
2012.10.02 19:38:24.646,1.57279,1.57315,2.48,1.50
2012.10.02 19:38:24.825,1.57287,1.57321,2.48,1.50
2012.10.02 19:38:24.885,1.57286,1.57318,1.28,1.50
2012.10.02 19:38:27.159,1.57287,1.57321,2.48,1.50
2012.10.02 19:38:27.225,1.57287,1.57323,2.48,1.50
2012.10.02 19:38:34.106,1.57294,1.57329,1.73,1.73
2012.10.02 19:38:37.205,1.57288,1.57327,2.48,2.48
2012.10.02 19:38:37.565,1.5729,1.57328,2.48,2.59
2012.10.02 19:38:37.925,1.5729,1.57328,2.48,3.57
2012.10.02 19:38:37.985,1.5729,1.57328,2.48,2.82
2012.10.02 19:38:38.345,1.57291,1.57328,1.28,1.50
2012.10.02 19:38:39.486,1.57291,1.57328,1.28,1.50
2012.10.02 19:38:40.855,1.57291,1.57328,1.28,2.25
2012.10.02 19:38:41.035,1.5729,1.57325,2.48,1.73
2012.10.02 19:38:42.845,1.57285,1.57322,2.78,1.50
2012.10.02 19:38:43.445,1.57285,1.57322,1.73,2.25
2012.10.02 19:38:43.505,1.57282,1.57315,1.35,1.73
2012.10.02 19:38:44.735,1.5728,1.57315,1.35,1.73
2012.10.02 19:38:46.105,1.57283,1.57319,1.50,1.73
2012.10.02 19:38:46.165,1.57283,1.57321,2.25,2.48
2012.10.02 19:38:46.287,1.57284,1.57321,1.35,1.50
2012.10.02 19:38:46.405,1.57283,1.57321,2.10,2.25
2012.10.02 19:38:46.715,1.57281,1.57316,1.62,1.50
2012.10.02 19:38:46.774,1.57281,1.57316,1.35,1.73
2012.10.02 19:38:47.145,1.57281,1.57316,1.69,1.73
2012.10.02 19:38:47.325,1.57286,1.57321,1.20,1.50
2012.10.02 19:38:47.831,1.5729,1.57326,2.48,1.73
2012.10.02 19:38:48.016,1.5729,1.57324,1.73,1.73
2012.10.02 19:38:48.136,1.57285,1.57322,2.85,1.73
2012.10.02 19:38:48.255,1.57285,1.57322,2.25,2.02
2012.10.02 19:38:48.375,1.57285,1.57322,2.48,1.73
2012.10.02 19:38:49.115,1.57285,1.57322,3.98,1.73
2012.10.02 19:38:49.416,1.57316,1.57328,1.09,1.50
2012.10.02 19:38:49.536,1.57317,1.57336,1.56,1.05
2012.10.02 19:38:49.656,1.57317,1.57339,1.19,1.65
2012.10.02 19:38:49.716,1.57316,1.57343,1.50,1.13
2012.10.02 19:38:50.475,1.57316,1.57351,1.35,1.73
2012.10.02 19:38:52.145,1.57316,1.57349,1.35,1.50
2012.10.02 19:38:52.326,1.57312,1.57343,1.73,1.50
2012.10.02 19:38:52.386,1.57313,1.57343,1.35,1.50
2012.10.02 19:38:52.745,1.57314,1.57343,1.73,1.50
2012.10.02 19:38:52.806,1.57314,1.57343,1.73,1.50
2012.10.02 19:38:52.926,1.57314,1.57339,1.73,1.50
2012.10.02 19:38:53.106,1.57318,1.57342,1.50,1.50
2012.10.02 19:38:53.166,1.57321,1.57354,1.50,2.63
2012.10.02 19:38:53.376,1.57321,1.57354,2.25,1.88
2012.10.02 19:38:53.948,1.57321,1.57353,1.50,1.73
2012.10.02 19:38:54.775,1.57326,1.57353,1.50,1.73
2012.10.02 19:38:55.081,1.57334,1.57362,1.73,1.50
2012.10.02 19:38:55.385,1.57341,1.57362,1.32,1.50
2012.10.02 19:38:55.445,1.57341,1.57375,1.32,1.73
2012.10.02 19:38:55.626,1.57341,1.57375,1.32,2.48
2012.10.02 19:38:56.485,1.57337,1.57375,2.48,1.73
2012.10.02 19:38:58.635,1.57342,1.57375,1.32,2.48
2012.10.02 19:38:59.168,1.57337,1.57375,2.48,1.73
2012.10.02 19:39:00.365,1.57341,1.57375,1.32,1.73
2012.10.02 19:39:00.606,1.57343,1.57381,2.48,2.25
2012.10.02 19:39:00.845,1.57343,1.57375,2.48,1.50
2012.10.02 19:39:01.031,1.57343,1.57372,2.48,1.50
2012.10.02 19:39:01.156,1.57343,1.57372,1.73,1.50
2012.10.02 19:39:01.275,1.57341,1.57373,1.13,1.73
2012.10.02 19:39:01.884,1.57341,1.57372,1.13,1.50
2012.10.02 19:39:03.459,1.57341,1.57372,1.13,1.50
2012.10.02 19:39:03.755,1.57338,1.57374,2.48,2.48
2012.10.02 19:39:03.815,1.57338,1.57374,2.48,2.25
2012.10.02 19:39:06.475,1.57338,1.57374,2.48,2.25
2012.10.02 19:39:06.536,1.57338,1.57374,2.25,2.48
2012.10.02 19:39:07.257,1.57338,1.57369,1.50,1.50
2012.10.02 19:39:07.437,1.57329,1.57364,1.13,1.73
2012.10.02 19:39:08.465,1.57328,1.57356,1.73,1.50
2012.10.02 19:39:08.526,1.57328,1.57356,1.50,1.73
2012.10.02 19:39:08.586,1.57323,1.57356,1.50,1.73
2012.10.02 19:39:11.225,1.57327,1.57362,2.48,1.73
2012.10.02 19:39:11.645,1.57327,1.57364,1.73,1.73
2012.10.02 19:39:11.785,1.57327,1.57356,1.50,1.73
2012.10.02 19:39:11.910,1.57327,1.57364,2.25,1.47
2012.10.02 19:39:12.035,1.57327,1.57365,2.48,3.98
2012.10.02 19:39:13.205,1.57327,1.57365,1.73,3.23
2012.10.02 19:39:13.325,1.57323,1.57356,1.73,1.73
2012.10.02 19:39:13.385,1.57323,1.57359,2.48,2.48
2012.10.02 19:39:13.566,1.57328,1.57363,2.48,1.73
2012.10.02 19:39:21.925,1.57328,1.57364,1.50,1.27
2012.10.02 19:39:23.777,1.57328,1.57357,1.50,1.73
2012.10.02 19:39:26.026,1.57328,1.57359,1.50,1.73
2012.10.02 19:39:26.715,1.57328,1.57364,2.25,1.27
2012.10.02 19:39:26.775,1.57328,1.57366,2.48,2.48
2012.10.02 19:39:28.067,1.57328,1.57365,1.73,1.73
2012.10.02 19:39:29.025,1.57328,1.57366,2.48,2.48
2012.10.02 19:39:29.086,1.57328,1.57365,1.73,1.73
2012.10.02 19:39:29.585,1.57328,1.57366,2.48,2.48
2012.10.02 19:39:35.076,1.57328,1.57365,1.73,1.73
2012.10.02 19:39:36.885,1.57322,1.5736,2.85,2.25
2012.10.02 19:39:37.005,1.57322,1.57356,2.48,1.73
2012.10.02 19:39:38.847,1.57322,1.57358,2.48,1.73
2012.10.02 19:39:39.556,1.57322,1.57356,2.48,1.73
2012.10.02 19:39:40.155,1.57322,1.57353,2.48,1.50
2012.10.02 19:39:40.455,1.57321,1.57353,2.25,1.73
2012.10.02 19:39:42.515,1.57317,1.57354,2.48,2.48
2012.10.02 19:39:44.180,1.57317,1.57349,1.73,1.50
2012.10.02 19:39:44.306,1.57317,1.57349,1.50,1.73
2012.10.02 19:39:44.546,1.57312,1.57348,2.07,1.73
2012.10.02 19:39:44.606,1.57312,1.57348,1.73,2.48
2012.10.02 19:39:44.725,1.57304,1.57337,2.03,1.73
2012.10.02 19:39:44.785,1.57304,1.57338,1.65,1.73
2012.10.02 19:39:44.845,1.57298,1.57334,1.73,2.48
2012.10.02 19:39:44.965,1.57298,1.57334,3.01,1.50
2012.10.02 19:39:45.026,1.57304,1.57337,2.48,1.50
2012.10.02 19:39:45.207,1.57304,1.57337,1.73,2.25
2012.10.02 19:39:45.446,1.57304,1.57337,1.50,2.48
2012.10.02 19:39:45.509,1.57298,1.57334,1.88,2.48
2012.10.02 19:39:45.685,1.57298,1.57334,1.73,3.75
2012.10.02 19:39:45.985,1.57298,1.57334,1.73,3.98
2012.10.02 19:39:51.165,1.57298,1.57334,2.48,1.73
2012.10.02 19:39:52.406,1.57298,1.57334,1.73,2.48
2012.10.02 19:39:52.745,1.57298,1.5733,1.50,1.73
2012.10.02 19:39:53.035,1.57292,1.57329,2.25,2.48
2012.10.02 19:39:53.177,1.57292,1.57329,2.25,1.73
2012.10.02 19:39:53.415,1.57292,1.57329,3.23,1.50
2012.10.02 19:39:54.656,1.57297,1.57334,1.73,2.85
2012.10.02 19:39:54.839,1.57297,1.5733,2.48,1.50
2012.10.02 19:39:54.896,1.57297,1.5733,2.25,1.73
2012.10.02 19:39:55.257,1.5729,1.57329,2.85,2.48
2012.10.02 19:39:56.045,1.5729,1.57325,1.50,2.48
2012.10.02 19:39:57.165,1.5729,1.57325,1.50,2.48
2012.10.02 19:39:57.546,1.57285,1.5732,1.50,3.23
2012.10.02 19:40:01.225,1.57282,1.57317,1.50,2.48
2012.10.02 19:40:01.345,1.57279,1.57315,1.50,1.73
2012.10.02 19:40:04.231,1.57279,1.57317,2.25,1.73
2012.10.02 19:40:04.296,1.57279,1.57317,2.48,1.73
2012.10.02 19:40:06.656,1.57279,1.57317,2.48,2.48
2012.10.02 19:40:06.715,1.57279,1.57317,1.73,2.48
2012.10.02 19:40:07.229,1.57276,1.5731,1.73,1.50
2012.10.02 19:40:11.655,1.57281,1.5731,1.50,1.50
2012.10.02 19:40:11.998,1.57282,1.5731,1.73,1.50
2012.10.02 19:40:14.106,1.57281,1.57312,1.73,1.50
2012.10.02 19:40:14.464,1.57288,1.57318,1.73,1.50
2012.10.02 19:40:16.225,1.57288,1.57321,1.73,1.50
2012.10.02 19:40:16.345,1.57288,1.57324,1.73,2.48
2012.10.02 19:40:16.945,1.57291,1.57324,1.73,2.48
2012.10.02 19:40:17.065,1.57297,1.5733,1.73,1.50
2012.10.02 19:40:18.645,1.57297,1.5733,1.73,1.50
2012.10.02 19:40:19.067,1.57302,1.57334,1.50,1.73
2012.10.02 19:40:19.375,1.57297,1.57332,1.35,1.73
2012.10.02 19:40:23.038,1.57297,1.57332,1.73,3.23
2012.10.02 19:40:23.732,1.57297,1.57331,1.73,2.25
2012.10.02 19:40:28.375,1.57297,1.57327,1.73,1.50
2012.10.02 19:40:30.895,1.57291,1.57327,3.23,1.73
2012.10.02 19:40:32.425,1.57291,1.57327,3.23,1.73
2012.10.02 19:40:32.735,1.57293,1.57327,1.23,1.50
2012.10.02 19:40:32.795,1.57292,1.57327,1.35,1.73
2012.10.02 19:40:32.975,1.57292,1.57322,1.35,1.50
2012.10.02 19:40:33.285,1.57286,1.57322,2.63,2.48
2012.10.02 19:40:33.345,1.57286,1.57322,2.48,2.48
2012.10.02 19:40:33.465,1.57286,1.57322,2.97,2.48
2012.10.02 19:40:33.585,1.57286,1.57322,2.48,2.48
2012.10.02 19:40:35.396,1.57286,1.57322,2.63,1.73
2012.10.02 19:40:35.515,1.5729,1.57326,2.48,1.73
2012.10.02 19:40:36.275,1.57288,1.57321,2.48,2.48
2012.10.02 19:40:36.335,1.57286,1.57319,1.13,2.48
2012.10.02 19:40:36.729,1.57286,1.57314,1.13,1.50
2012.10.02 19:40:37.238,1.57285,1.57315,1.35,1.50
2012.10.02 19:40:37.875,1.57286,1.57314,1.13,1.50
2012.10.02 19:40:38.256,1.57286,1.57317,1.13,1.50
2012.10.02 19:40:39.427,1.57286,1.57317,1.13,1.50
2012.10.02 19:40:39.606,1.57289,1.57321,1.73,1.50
2012.10.02 19:40:39.665,1.57289,1.57321,1.73,1.50
2012.10.02 19:40:39.938,1.57289,1.57321,1.73,1.50
2012.10.02 19:40:43.107,1.5729,1.57321,1.32,1.50
2012.10.02 19:40:43.465,1.57296,1.57326,1.73,1.50
2012.10.02 19:40:43.584,1.57296,1.57326,1.73,1.50
2012.10.02 19:40:43.998,1.57296,1.57326,1.73,2.25
2012.10.02 19:40:44.303,1.57281,1.57307,1.55,1.50
2012.10.02 19:40:44.367,1.57267,1.57304,1.84,1.35
2012.10.02 19:40:44.426,1.57267,1.57294,1.69,1.50
2012.10.02 19:40:44.485,1.57266,1.573,1.88,1.88
2012.10.02 19:40:45.085,1.57266,1.573,1.73,1.88
2012.10.02 19:40:48.275,1.57266,1.573,1.73,1.50
2012.10.02 19:40:51.315,1.57262,1.57299,3.23,1.50
2012.10.02 19:40:51.496,1.57262,1.57298,3.23,2.48
2012.10.02 19:40:53.929,1.57262,1.57299,2.48,3.23
2012.10.02 19:40:54.065,1.57262,1.57299,1.50,3.68
2012.10.02 19:40:54.185,1.57262,1.57299,2.25,1.43
2012.10.02 19:40:54.606,1.57262,1.57299,2.48,2.48
2012.10.02 19:40:57.148,1.57265,1.57298,1.73,1.73
2012.10.02 19:40:57.387,1.57266,1.57298,1.73,1.50
2012.10.02 19:40:57.505,1.57262,1.57298,2.48,1.73
2012.10.02 19:40:57.626,1.57262,1.57298,2.48,2.48
2012.10.02 19:40:57.927,1.57262,1.57295,1.73,1.73
2012.10.02 19:40:58.168,1.57256,1.57292,2.10,2.25
2012.10.02 19:40:58.285,1.57256,1.57292,1.88,2.48
2012.10.02 19:40:59.115,1.57256,1.57292,1.50,3.98
2012.10.02 19:41:05.497,1.57254,1.57287,1.50,1.73
2012.10.02 19:41:06.065,1.57251,1.57287,3.23,1.73
2012.10.02 19:41:09.105,1.57251,1.57287,3.23,1.73
2012.10.02 19:41:09.348,1.57251,1.57287,2.48,2.48
2012.10.02 19:41:09.466,1.57251,1.57285,1.73,1.50
2012.10.02 19:41:09.646,1.57248,1.57279,1.50,2.48
2012.10.02 19:41:09.706,1.57243,1.57278,1.73,2.48
2012.10.02 19:41:11.635,1.57242,1.5728,2.48,1.73
2012.10.02 19:41:11.755,1.57242,1.5728,2.48,1.73
2012.10.02 19:41:18.665,1.57246,1.57285,1.73,2.48
2012.10.02 19:41:18.946,1.57246,1.57283,1.50,1.61
2012.10.02 19:41:19.327,1.5724,1.57279,2.48,2.48
2012.10.02 19:41:21.507,1.5724,1.57279,2.48,2.48
2012.10.02 19:41:21.580,1.5724,1.57279,2.48,2.48
2012.10.02 19:41:22.268,1.57246,1.57279,1.50,1.13
2012.10.02 19:41:22.626,1.57247,1.57281,1.73,1.65
2012.10.02 19:41:22.846,1.57249,1.57281,1.50,1.73
2012.10.02 19:41:22.965,1.57261,1.57289,1.50,2.03
2012.10.02 19:41:23.145,1.57261,1.57296,1.73,2.10
2012.10.02 19:41:33.415,1.5726,1.57292,1.73,1.50
2012.10.02 19:41:33.955,1.57261,1.57291,1.73,1.50
2012.10.02 19:41:34.707,1.57267,1.57303,3.00,2.10
2012.10.02 19:41:35.125,1.57268,1.57303,1.73,1.73
2012.10.02 19:41:35.606,1.57268,1.57303,1.73,1.88
2012.10.02 19:41:38.405,1.57268,1.57303,1.73,1.73
2012.10.02 19:41:38.525,1.57275,1.57312,1.73,1.88
2012.10.02 19:41:39.005,1.57269,1.57305,1.35,2.48
2012.10.02 19:41:39.426,1.57276,1.57312,3.23,1.88
2012.10.02 19:41:41.706,1.57276,1.57312,2.48,2.48
2012.10.02 19:41:41.766,1.57276,1.57309,1.50,2.48
2012.10.02 19:41:41.827,1.5727,1.57306,2.48,2.48
2012.10.02 19:41:43.127,1.5727,1.57306,2.48,1.73
2012.10.02 19:41:43.245,1.57275,1.57306,1.73,1.50
2012.10.02 19:41:47.045,1.57276,1.57312,2.48,1.73
2012.10.02 19:41:47.405,1.57276,1.57308,2.48,1.50
2012.10.02 19:41:47.586,1.57269,1.57307,2.48,2.48
2012.10.02 19:41:48.436,1.57269,1.57307,2.48,1.73
2012.10.02 19:41:48.896,1.57276,1.57308,3.23,1.50
2012.10.02 19:41:49.016,1.57276,1.57312,3.23,2.40
2012.10.02 19:41:49.206,1.57272,1.57307,1.73,2.25
2012.10.02 19:41:49.386,1.57269,1.57307,2.48,2.48
2012.10.02 19:41:50.156,1.57274,1.57307,2.25,1.73
2012.10.02 19:41:50.278,1.57276,1.57313,1.73,2.40
2012.10.02 19:42:03.605,1.57276,1.57306,1.73,1.50
2012.10.02 19:42:03.845,1.57267,1.57303,3.23,1.73
2012.10.02 19:42:03.966,1.57267,1.57302,1.73,3.98
2012.10.02 19:42:04.027,1.57266,1.57293,2.25,1.50
2012.10.02 19:42:04.326,1.57259,1.57293,1.73,1.50
2012.10.02 19:42:06.445,1.57257,1.57293,2.48,2.03
2012.10.02 19:42:06.505,1.57257,1.57292,2.48,1.28
2012.10.02 19:42:06.566,1.57257,1.5729,2.25,1.32
2012.10.02 19:42:06.807,1.57252,1.57288,2.25,4.88
2012.10.02 19:42:07.246,1.57246,1.57283,2.48,1.13
2012.10.02 19:42:14.495,1.57246,1.57283,1.73,1.13
2012.10.02 19:42:14.556,1.57246,1.57276,1.50,1.35
2012.10.02 19:42:14.677,1.5724,1.57276,2.48,1.35
2012.10.02 19:42:16.935,1.5724,1.57279,2.48,2.10
2012.10.02 19:42:16.996,1.57245,1.57283,2.48,3.00
2012.10.02 19:42:17.287,1.57245,1.57283,2.48,2.48
2012.10.02 19:42:20.999,1.57245,1.57283,2.48,1.73
2012.10.02 19:42:21.126,1.57245,1.57283,2.48,2.48
2012.10.02 19:42:25.197,1.57263,1.57287,1.50,1.65
2012.10.02 19:42:25.670,1.5728,1.57289,2.25,2.07
2012.10.02 19:42:25.748,1.57279,1.57289,2.25,2.07
2012.10.02 19:42:25.820,1.57285,1.57322,2.25,1.12
2012.10.02 19:42:25.890,1.57285,1.57324,2.86,1.88
2012.10.02 19:42:26.136,1.57287,1.57322,1.73,1.13
2012.10.02 19:42:26.258,1.57285,1.57322,2.48,1.35
2012.10.02 19:42:26.617,1.57282,1.57318,2.48,1.73
2012.10.02 19:42:26.977,1.57282,1.57318,2.48,1.73
2012.10.02 19:42:34.437,1.57282,1.57306,1.50,1.35
2012.10.02 19:42:34.497,1.5728,1.57306,1.50,1.35
2012.10.02 19:42:34.615,1.57274,1.57306,1.50,1.35
2012.10.02 19:42:34.676,1.5727,1.57306,3.23,3.00
2012.10.02 19:42:38.686,1.5727,1.57303,2.48,2.48
2012.10.02 19:42:38.745,1.5727,1.57299,2.25,1.73
2012.10.02 19:42:38.986,1.57254,1.57291,1.38,1.50
2012.10.02 19:42:39.046,1.57254,1.57291,1.38,2.25
2012.10.02 19:42:39.237,1.57253,1.57291,2.48,2.48
2012.10.02 19:42:39.357,1.57253,1.57291,2.48,1.73
2012.10.02 19:42:39.476,1.57254,1.57291,1.56,1.50
2012.10.02 19:42:39.986,1.57261,1.57297,2.48,1.73
2012.10.02 19:42:41.616,1.57265,1.57299,1.50,1.50
2012.10.02 19:42:41.736,1.57271,1.57302,2.25,3.15
2012.10.02 19:42:41.796,1.57271,1.57302,2.48,3.00
2012.10.02 19:42:43.276,1.57271,1.57303,2.48,1.13
2012.10.02 19:42:43.995,1.57271,1.57306,2.48,1.35
2012.10.02 19:42:44.730,1.57271,1.57306,1.73,1.35
2012.10.02 19:42:44.868,1.57263,1.573,1.73,2.40
2012.10.02 19:42:44.928,1.57263,1.573,1.73,2.63
2012.10.02 19:42:45.166,1.57263,1.573,1.73,2.63
2012.10.02 19:42:47.406,1.57263,1.573,2.48,1.73
2012.10.02 19:42:47.740,1.5727,1.57302,2.48,1.80
2012.10.02 19:42:47.813,1.5727,1.57308,2.48,1.35
2012.10.02 19:42:47.876,1.5727,1.57306,2.48,1.35
2012.10.02 19:42:58.725,1.5727,1.57306,3.98,2.25
2012.10.02 19:42:58.846,1.57271,1.57304,1.50,2.48
2012.10.02 19:42:58.906,1.57274,1.57308,3.00,1.13
2012.10.02 19:42:59.265,1.57276,1.57311,1.73,1.65
2012.10.02 19:42:59.663,1.57274,1.57311,2.48,1.65
2012.10.02 19:42:59.728,1.57274,1.57311,2.48,1.73
2012.10.02 19:43:00.977,1.57274,1.57307,1.73,1.13
2012.10.02 19:43:01.096,1.57269,1.57306,2.48,2.48
2012.10.02 19:43:05.397,1.57277,1.57307,1.50,1.35
2012.10.02 19:43:06.356,1.57277,1.57304,1.50,1.73
2012.10.02 19:43:06.477,1.57271,1.57302,2.48,1.50
2012.10.02 19:43:06.775,1.57271,1.57303,3.23,1.50
2012.10.02 19:43:07.016,1.57274,1.57308,1.73,1.73
2012.10.02 19:43:07.615,1.57268,1.57306,2.48,2.48
2012.10.02 19:43:07.736,1.57268,1.57302,2.25,1.13
2012.10.02 19:43:07.856,1.57264,1.57301,2.48,2.78
2012.10.02 19:43:11.966,1.57264,1.57301,2.48,2.48
2012.10.02 19:43:12.896,1.57272,1.57301,1.32,1.50
2012.10.02 19:43:13.076,1.57277,1.57312,2.48,2.25
2012.10.02 19:43:14.145,1.57277,1.57313,2.48,3.00
2012.10.02 19:43:14.761,1.57277,1.57312,2.48,1.50
2012.10.02 19:43:15.297,1.57277,1.57312,2.48,1.50
2012.10.02 19:43:16.156,1.57277,1.57312,1.73,1.50
2012.10.02 19:43:16.336,1.57272,1.57308,2.48,2.48
2012.10.02 19:43:19.456,1.57272,1.57303,1.73,1.13
2012.10.02 19:43:19.636,1.57265,1.57303,2.48,3.00
2012.10.02 19:43:19.696,1.57269,1.57303,1.50,2.25
2012.10.02 19:43:19.755,1.57269,1.57303,1.73,1.88
2012.10.02 19:43:21.920,1.5727,1.57302,1.73,1.13
2012.10.02 19:43:22.035,1.5727,1.573,1.50,1.13
2012.10.02 19:43:22.095,1.57263,1.573,2.48,1.13
2012.10.02 19:43:22.156,1.57267,1.57301,1.73,1.05
2012.10.02 19:43:22.215,1.57268,1.57302,1.73,1.80
2012.10.02 19:43:22.276,1.5727,1.57304,2.48,1.88
2012.10.02 19:43:24.446,1.5727,1.57307,2.48,2.10
2012.10.02 19:43:24.506,1.57275,1.57307,1.73,1.50
2012.10.02 19:43:24.565,1.57275,1.57311,3.23,1.50
2012.10.02 19:43:26.925,1.57275,1.57303,3.23,1.50
2012.10.02 19:43:27.285,1.57271,1.57297,1.36,3.00
2012.10.02 19:43:27.345,1.57267,1.57297,1.73,3.00
2012.10.02 19:43:27.405,1.57267,1.573,1.73,1.50
2012.10.02 19:43:27.645,1.57267,1.57302,3.23,1.50
2012.10.02 19:43:28.005,1.57267,1.57303,2.48,1.35
2012.10.02 19:43:28.188,1.57267,1.57303,3.23,1.35
2012.10.02 19:43:32.215,1.57267,1.57305,1.73,2.48
2012.10.02 19:43:32.275,1.57267,1.57299,1.73,1.13
2012.10.02 19:43:36.096,1.57267,1.57303,2.48,2.03
2012.10.02 19:43:36.157,1.57267,1.57298,2.48,1.13
2012.10.02 19:43:39.415,1.57267,1.57303,2.48,1.73
2012.10.02 19:43:39.476,1.57267,1.57303,2.48,1.50
2012.10.02 19:43:46.225,1.57267,1.57302,2.48,1.65
2012.10.02 19:43:46.285,1.57267,1.57301,1.73,1.35
2012.10.02 19:43:46.526,1.5726,1.57299,3.48,1.50
2012.10.02 19:43:47.177,1.57262,1.57299,1.73,2.25
2012.10.02 19:43:47.295,1.5726,1.57299,3.23,2.48
2012.10.02 19:43:51.565,1.57265,1.57304,3.23,2.78
2012.10.02 19:43:54.085,1.57265,1.57304,3.23,2.48
2012.10.02 19:44:00.016,1.57265,1.57304,3.23,1.73
2012.10.02 19:44:00.611,1.57265,1.57304,2.48,1.50
2012.10.02 19:44:01.116,1.57265,1.57304,2.48,1.73
2012.10.02 19:44:01.666,1.57265,1.57304,2.48,2.48
2012.10.02 19:44:06.930,1.57265,1.57304,2.48,1.73
2012.10.02 19:44:07.599,1.57265,1.57304,2.48,2.48
2012.10.02 19:44:12.808,1.57264,1.57303,3.23,1.73
2012.10.02 19:44:13.190,1.57264,1.57303,3.23,1.73
2012.10.02 19:44:13.738,1.57264,1.57303,3.23,1.73
2012.10.02 19:44:13.927,1.57264,1.57303,2.48,2.48
2012.10.02 19:44:14.103,1.57263,1.57297,1.50,2.48
2012.10.02 19:44:14.171,1.57263,1.57297,2.25,1.73
2012.10.02 19:44:14.296,1.57264,1.57297,1.73,1.50
2012.10.02 19:44:14.415,1.57266,1.57302,2.48,1.73
2012.10.02 19:44:18.426,1.57261,1.57298,1.73,2.48
2012.10.02 19:44:19.195,1.5726,1.57298,2.48,2.48
2012.10.02 19:44:19.436,1.57259,1.57291,2.48,1.50
2012.10.02 19:44:20.397,1.57257,1.57291,2.07,1.50
2012.10.02 19:44:20.637,1.57261,1.57293,1.73,1.50
2012.10.02 19:44:20.935,1.57261,1.57296,1.73,4.50
2012.10.02 19:44:21.055,1.57261,1.57294,1.73,2.25
2012.10.02 19:44:21.295,1.57261,1.57296,1.73,3.75
2012.10.02 19:44:22.556,1.57261,1.57296,1.73,2.25
2012.10.02 19:44:22.616,1.57261,1.57293,1.73,1.50
2012.10.02 19:44:22.795,1.5726,1.57292,2.48,1.50
2012.10.02 19:44:23.035,1.5726,1.57296,2.48,2.48
2012.10.02 19:44:23.096,1.5726,1.57295,2.48,1.73
2012.10.02 19:44:23.337,1.57265,1.57295,1.50,1.73
2012.10.02 19:44:24.486,1.57262,1.57296,2.48,2.48
2012.10.02 19:44:27.045,1.57258,1.57296,2.48,2.48
2012.10.02 19:44:27.788,1.57258,1.57296,2.48,2.48
2012.10.02 19:44:33.635,1.57264,1.57298,1.50,1.50
2012.10.02 19:44:34.179,1.57261,1.57295,2.48,2.48
2012.10.02 19:44:35.085,1.57259,1.57292,2.48,1.50
2012.10.02 19:44:35.725,1.57259,1.57295,2.48,4.73
2012.10.02 19:44:36.556,1.57263,1.57299,1.50,1.50
2012.10.02 19:44:38.766,1.57267,1.57303,1.50,2.40
2012.10.02 19:44:38.825,1.57267,1.57304,1.73,1.35
2012.10.02 19:44:41.748,1.57267,1.57298,1.73,1.13
2012.10.02 19:44:41.810,1.57262,1.57296,2.25,1.13
2012.10.02 19:44:42.535,1.57262,1.57298,3.00,3.00
2012.10.02 19:44:42.657,1.57262,1.57298,3.23,2.85
2012.10.02 19:44:47.425,1.57262,1.57298,2.48,2.48
2012.10.02 19:44:47.605,1.57262,1.57298,2.25,2.48
2012.10.02 19:44:49.346,1.57259,1.57288,2.48,1.50
2012.10.02 19:44:51.475,1.57261,1.57298,2.48,1.13
2012.10.02 19:44:53.676,1.57268,1.57299,1.50,2.25
2012.10.02 19:44:53.737,1.5727,1.57304,1.50,1.50
2012.10.02 19:44:54.396,1.5727,1.57306,1.50,5.10
2012.10.02 19:44:54.945,1.5727,1.57306,1.50,5.10
2012.10.02 19:44:55.067,1.5727,1.57298,1.50,1.73
2012.10.02 19:44:55.305,1.5727,1.57303,1.50,1.35
2012.10.02 19:44:56.637,1.5727,1.57306,2.25,4.35
2012.10.02 19:44:56.828,1.57274,1.57309,2.48,2.48
2012.10.02 19:44:58.185,1.57274,1.57308,1.73,1.13
2012.10.02 19:44:58.245,1.57274,1.57303,1.50,2.48
2012.10.02 19:44:58.755,1.57274,1.57302,1.50,1.50
2012.10.02 19:44:59.566,1.57274,1.57302,2.25,1.50
2012.10.02 19:45:01.345,1.57274,1.57303,2.48,3.90
2012.10.02 19:45:01.825,1.57274,1.57308,2.48,2.25
2012.10.02 19:45:02.195,1.57279,1.57309,2.25,2.44
2012.10.02 19:45:02.406,1.57279,1.57309,1.50,3.19
2012.10.02 19:45:04.145,1.57274,1.57308,2.48,2.25
2012.10.02 19:45:05.706,1.57278,1.57309,1.50,2.48
2012.10.02 19:45:06.207,1.57278,1.57308,1.50,2.25
2012.10.02 19:45:06.327,1.57271,1.57302,2.48,1.50
2012.10.02 19:45:06.445,1.57271,1.57302,2.48,3.75
2012.10.02 19:45:06.649,1.57271,1.57302,2.48,1.50
2012.10.02 19:45:08.473,1.57271,1.57302,2.48,3.00
2012.10.02 19:45:08.930,1.57271,1.57302,2.48,3.00
2012.10.02 19:45:10.928,1.57271,1.57302,1.73,1.50
2012.10.02 19:45:11.165,1.57263,1.57294,1.50,1.35
2012.10.02 19:45:11.466,1.57258,1.57291,1.50,2.48
2012.10.02 19:45:11.525,1.57258,1.57289,1.50,1.13
2012.10.02 19:45:12.055,1.57258,1.57289,1.50,2.63
2012.10.02 19:45:12.586,1.57258,1.57289,1.50,1.13
2012.10.02 19:45:13.006,1.57258,1.57291,1.50,1.73
2012.10.02 19:45:13.066,1.57258,1.57289,1.50,1.73
2012.10.02 19:45:13.961,1.57258,1.57281,1.50,1.84
2012.10.02 19:45:14.086,1.57253,1.57281,1.73,1.84
2012.10.02 19:45:14.146,1.57253,1.57281,1.73,2.25
2012.10.02 19:45:14.267,1.57247,1.5728,2.48,3.00
2012.10.02 19:45:14.386,1.57247,1.5728,2.25,3.23
2012.10.02 19:45:14.746,1.57245,1.57271,1.50,1.32
2012.10.02 19:45:14.806,1.57241,1.57271,1.50,1.32
2012.10.02 19:45:15.246,1.57241,1.57269,1.50,1.13
2012.10.02 19:45:15.509,1.57236,1.57265,1.73,1.13
2012.10.02 19:45:15.836,1.57236,1.57264,1.50,1.13
2012.10.02 19:45:16.606,1.5723,1.57266,2.25,3.15
2012.10.02 19:45:16.726,1.5723,1.57266,2.48,2.93
2012.10.02 19:45:16.849,1.57233,1.57268,1.73,2.48
2012.10.02 19:45:17.676,1.57243,1.57275,1.50,2.40
2012.10.02 19:45:17.796,1.57243,1.57278,1.73,1.65
2012.10.02 19:45:18.045,1.57243,1.57278,1.73,1.35
2012.10.02 19:45:18.296,1.57248,1.57278,1.50,1.35
2012.10.02 19:45:18.630,1.57248,1.5728,2.25,3.00
2012.10.02 19:45:18.885,1.57248,1.57283,3.23,1.35
2012.10.02 19:45:18.946,1.57248,1.57284,3.23,2.10
2012.10.02 19:45:19.008,1.57252,1.57284,1.50,1.73
2012.10.02 19:45:19.186,1.57252,1.57284,1.50,1.73
2012.10.02 19:45:19.306,1.57252,1.57284,1.73,1.50
2012.10.02 19:45:19.846,1.57253,1.57288,1.73,1.13
2012.10.02 19:45:37.905,1.57253,1.57288,1.73,1.13
2012.10.02 19:45:38.265,1.57253,1.57287,1.50,1.73
2012.10.02 19:45:38.447,1.57253,1.57286,2.48,1.50
2012.10.02 19:45:38.565,1.57255,1.57289,1.73,2.48
2012.10.02 19:45:38.937,1.57255,1.57288,1.73,1.73
2012.10.02 19:45:39.295,1.57253,1.57285,1.50,1.13
2012.10.02 19:45:43.937,1.57253,1.57287,2.25,2.40
2012.10.02 19:45:44.465,1.57255,1.57287,1.73,1.43
2012.10.02 19:45:45.495,1.57254,1.57286,1.73,1.65
2012.10.02 19:45:46.826,1.57253,1.57286,2.48,3.75
2012.10.02 19:45:46.945,1.57253,1.57286,2.25,3.98
2012.10.02 19:45:47.457,1.57253,1.57286,1.50,3.38
2012.10.02 19:45:59.046,1.5725,1.57286,1.50,3.60
2012.10.02 19:46:02.665,1.57251,1.57286,1.50,3.90
2012.10.02 19:46:02.726,1.57251,1.57286,1.73,3.90
2012.10.02 19:46:04.735,1.5726,1.57292,1.50,3.53
2012.10.02 19:46:04.855,1.5726,1.57292,1.73,1.65
2012.10.02 19:46:04.915,1.5726,1.57292,1.73,3.00
2012.10.02 19:46:05.155,1.57254,1.57292,2.48,3.75
2012.10.02 19:46:05.395,1.57254,1.57292,1.50,4.73
2012.10.02 19:46:05.910,1.57252,1.57286,2.48,1.73
2012.10.02 19:46:06.416,1.57254,1.57292,1.50,4.73
2012.10.02 19:46:14.495,1.57259,1.57292,1.50,3.60
2012.10.02 19:46:14.556,1.57259,1.57292,1.73,1.88
2012.10.02 19:46:14.736,1.57259,1.57291,1.73,1.13
2012.10.02 19:46:14.965,1.5726,1.57293,2.48,1.35
2012.10.02 19:46:15.826,1.5726,1.57291,1.73,1.13
2012.10.02 19:46:15.885,1.5726,1.57292,2.48,1.50
2012.10.02 19:46:15.946,1.5726,1.57294,2.48,1.13
2012.10.02 19:46:16.185,1.57259,1.57292,3.23,1.50
2012.10.02 19:46:17.746,1.57261,1.57294,2.48,2.63
2012.10.02 19:46:18.235,1.57261,1.57296,1.73,1.32
2012.10.02 19:46:18.564,1.57259,1.57293,1.50,2.48
2012.10.02 19:46:18.633,1.57255,1.57293,1.50,4.13
2012.10.02 19:46:29.676,1.57255,1.57293,2.25,2.25
2012.10.02 19:46:29.856,1.5726,1.57294,3.23,1.35
2012.10.02 19:46:29.916,1.5726,1.5729,2.48,1.13
2012.10.02 19:46:30.225,1.5726,1.5729,1.50,1.35
2012.10.02 19:46:31.018,1.57255,1.5729,1.50,1.35
2012.10.02 19:46:32.220,1.57253,1.57279,1.73,1.50
2012.10.02 19:46:34.336,1.57252,1.57286,1.73,1.73
2012.10.02 19:46:35.160,1.5725,1.57286,2.48,2.48
2012.10.02 19:46:35.336,1.57244,1.5728,3.23,2.48
2012.10.02 19:46:43.906,1.57244,1.5728,1.73,2.48
2012.10.02 19:46:44.026,1.57244,1.57279,1.50,1.13
2012.10.02 19:46:44.146,1.57238,1.57277,1.73,2.48
2012.10.02 19:46:45.916,1.57238,1.57276,2.48,1.35
2012.10.02 19:46:46.355,1.57238,1.57276,2.48,1.35
2012.10.02 19:46:46.546,1.57238,1.57276,2.48,1.35
2012.10.02 19:46:46.767,1.57238,1.57276,2.48,1.35
2012.10.02 19:46:53.857,1.57237,1.57272,1.73,1.73
2012.10.02 19:46:54.095,1.57246,1.57277,1.73,1.88
2012.10.02 19:46:56.366,1.57246,1.57277,1.73,1.50
2012.10.02 19:47:01.485,1.57247,1.57283,1.50,2.85
2012.10.02 19:47:16.176,1.57247,1.57283,1.73,2.63
2012.10.02 19:47:16.236,1.57252,1.57283,1.73,1.50
2012.10.02 19:47:16.415,1.57252,1.5729,3.23,2.48
2012.10.02 19:47:20.373,1.57252,1.57285,1.73,1.50
2012.10.02 19:47:21.385,1.57247,1.57285,2.48,2.25
2012.10.02 19:47:21.566,1.57245,1.57279,4.73,2.48
2012.10.02 19:47:22.473,1.57246,1.57283,4.32,1.13
2012.10.02 19:47:22.787,1.57251,1.57283,1.73,1.35
2012.10.02 19:47:27.215,1.57251,1.57283,2.48,1.35
2012.10.02 19:47:27.596,1.57251,1.57283,1.50,1.35
2012.10.02 19:47:29.716,1.57247,1.57283,1.73,2.85
2012.10.02 19:47:32.786,1.57247,1.57283,1.73,2.48
2012.10.02 19:47:33.476,1.57247,1.57283,2.25,2.48
2012.10.02 19:47:34.011,1.57247,1.57283,1.50,2.48
2012.10.02 19:47:42.657,1.57247,1.57283,1.73,2.25
2012.10.02 19:47:42.716,1.57247,1.57283,2.48,1.65
2012.10.02 19:47:49.725,1.57251,1.57284,1.73,1.50
2012.10.02 19:47:50.446,1.57247,1.57284,3.23,2.25
2012.10.02 19:47:50.505,1.57247,1.57283,3.23,1.13
2012.10.02 19:47:50.565,1.57247,1.57283,3.23,1.28
2012.10.02 19:47:51.169,1.57247,1.57279,1.73,1.50
2012.10.02 19:47:57.056,1.57242,1.57279,1.73,2.48
2012.10.02 19:48:01.226,1.57246,1.57275,1.50,1.73
2012.10.02 19:48:01.589,1.57246,1.57281,1.73,1.88
2012.10.02 19:48:01.707,1.57249,1.57281,1.73,1.73
2012.10.02 19:48:01.826,1.57257,1.57283,1.50,1.50
2012.10.02 19:48:01.886,1.57257,1.57288,1.50,2.97
2012.10.02 19:48:01.945,1.57257,1.57288,1.50,2.63
2012.10.02 19:48:04.056,1.57257,1.57288,1.50,3.00
2012.10.02 19:48:04.416,1.5725,1.57277,2.25,1.13
2012.10.02 19:48:04.476,1.5725,1.57282,1.50,1.13
2012.10.02 19:48:04.656,1.57248,1.57278,1.50,1.88
2012.10.02 19:48:04.836,1.57241,1.57275,1.73,2.48
2012.10.02 19:48:06.876,1.57241,1.57273,1.73,2.82
2012.10.02 19:48:07.176,1.57229,1.57266,1.88,1.13
2012.10.02 19:48:07.236,1.5723,1.57267,1.35,1.88
2012.10.02 19:48:08.076,1.57229,1.57267,2.48,2.10
2012.10.02 19:48:08.636,1.57231,1.57267,1.73,2.10
2012.10.02 19:48:11.075,1.57234,1.57267,1.50,1.73
2012.10.02 19:48:11.136,1.57234,1.57267,3.75,1.73
2012.10.02 19:48:11.496,1.57247,1.57267,1.73,1.50
2012.10.02 19:48:11.556,1.57247,1.57269,1.73,1.50
2012.10.02 19:48:11.616,1.57247,1.57274,1.73,1.50
2012.10.02 19:48:11.676,1.57247,1.57279,1.73,1.50
2012.10.02 19:48:12.916,1.57244,1.57279,2.48,2.25
2012.10.02 19:48:13.397,1.57241,1.57278,1.73,2.48
2012.10.02 19:48:23.996,1.57241,1.57278,1.73,1.73
2012.10.02 19:48:24.116,1.57241,1.57278,1.73,2.48
2012.10.02 19:48:24.176,1.57241,1.57278,1.73,1.73
2012.10.02 19:48:24.357,1.57246,1.57283,1.73,2.40
2012.10.02 19:48:24.578,1.57246,1.57282,1.73,1.24
2012.10.02 19:48:24.936,1.57238,1.57274,2.79,2.25
2012.10.02 19:48:25.055,1.57238,1.57274,2.48,2.48
2012.10.02 19:48:27.176,1.57239,1.57274,1.73,1.73
2012.10.02 19:48:27.297,1.57242,1.57274,1.73,1.50
2012.10.02 19:48:27.610,1.57243,1.57274,1.73,1.50
2012.10.02 19:48:27.740,1.57247,1.57281,1.73,2.44
2012.10.02 19:48:27.856,1.57247,1.57273,1.73,1.50
2012.10.02 19:48:27.976,1.57239,1.57271,1.50,2.48
2012.10.02 19:48:28.156,1.57235,1.57271,1.50,2.48
2012.10.02 19:48:28.515,1.57236,1.57271,1.50,1.73
2012.10.02 19:48:28.576,1.57236,1.57271,1.73,1.50
2012.10.02 19:48:28.945,1.57235,1.57271,2.25,2.48
2012.10.02 19:48:29.065,1.57235,1.57271,1.50,2.48
2012.10.02 19:48:34.627,1.57235,1.57271,1.50,2.63
2012.10.02 19:48:34.688,1.57235,1.57271,1.50,2.63
2012.10.02 19:48:34.986,1.57241,1.57271,1.50,1.50
2012.10.02 19:48:35.166,1.57244,1.57276,1.50,1.73
2012.10.02 19:48:35.626,1.57245,1.57281,1.50,1.28
2012.10.02 19:48:35.685,1.57245,1.57281,1.50,1.28
2012.10.02 19:48:37.658,1.57241,1.57276,1.73,1.73
2012.10.02 19:49:05.636,1.57243,1.5728,1.73,1.73
2012.10.02 19:49:05.941,1.57248,1.5728,1.50,1.73
2012.10.02 19:49:05.997,1.57248,1.5728,1.73,1.73
2012.10.02 19:49:06.133,1.57246,1.5728,1.73,1.73
2012.10.02 19:49:07.746,1.57246,1.57275,1.73,1.50
2012.10.02 19:49:08.046,1.57231,1.57268,1.73,1.73
2012.10.02 19:49:10.715,1.57231,1.57268,1.73,1.73
2012.10.02 19:49:17.726,1.57234,1.57268,1.50,1.73
2012.10.02 19:49:17.786,1.57247,1.57277,1.73,1.65
2012.10.02 19:49:17.906,1.57247,1.57272,1.73,1.50
2012.10.02 19:49:18.147,1.57234,1.57272,2.48,2.63
2012.10.02 19:49:23.416,1.57235,1.57267,1.50,1.73
2012.10.02 19:49:23.656,1.5724,1.57273,2.48,1.88
2012.10.02 19:49:23.896,1.57241,1.57276,1.73,2.25
2012.10.02 19:49:24.255,1.57246,1.57276,1.73,1.50
2012.10.02 19:49:28.186,1.57257,1.57276,1.09,1.50
2012.10.02 19:49:28.246,1.57272,1.57282,1.50,1.73
2012.10.02 19:49:28.306,1.57272,1.57288,1.50,1.28
2012.10.02 19:49:28.457,1.57267,1.57295,1.73,1.50
2012.10.02 19:49:28.876,1.57272,1.57295,1.73,1.50
2012.10.02 19:49:28.998,1.57272,1.57301,1.73,1.50
2012.10.02 19:49:33.156,1.57272,1.57305,1.73,1.50
2012.10.02 19:49:44.776,1.57272,1.5731,3.23,2.48
2012.10.02 19:49:45.976,1.57272,1.5731,3.23,2.48
2012.10.02 19:49:46.515,1.57272,1.5731,3.23,2.48
2012.10.02 19:49:47.167,1.57282,1.57311,2.85,2.48
2012.10.02 19:49:47.347,1.57292,1.57317,1.50,2.03
2012.10.02 19:49:47.587,1.57283,1.57314,2.48,2.82
2012.10.02 19:49:47.945,1.57274,1.57309,3.75,1.60
2012.10.02 19:49:48.006,1.57272,1.57308,1.50,3.00
2012.10.02 19:49:48.066,1.5727,1.57308,1.50,3.00
2012.10.02 19:49:50.887,1.5727,1.57308,2.25,4.50
2012.10.02 19:49:52.020,1.57268,1.57296,1.50,1.50
2012.10.02 19:49:53.897,1.57266,1.57296,1.73,1.50
2012.10.02 19:49:53.956,1.57268,1.57304,2.25,2.48
2012.10.02 19:49:56.886,1.57268,1.57304,3.00,1.73
2012.10.02 19:49:57.066,1.57283,1.57311,1.73,3.00
2012.10.02 19:49:57.186,1.57275,1.57311,1.50,4.88
2012.10.02 19:49:57.247,1.57275,1.57311,1.50,4.88
2012.10.02 19:49:57.606,1.57275,1.57305,1.50,1.50
2012.10.02 19:49:58.125,1.57272,1.57305,1.73,1.50
2012.10.02 19:49:58.285,1.57272,1.5731,3.23,4.13
2012.10.02 19:50:01.116,1.57272,1.5731,3.23,2.48
2012.10.02 19:50:01.559,1.57277,1.5731,1.73,1.50
2012.10.02 19:50:01.916,1.57279,1.57312,3.98,1.80
2012.10.02 19:50:02.155,1.57288,1.57321,1.50,2.10
2012.10.02 19:50:02.457,1.57291,1.57324,1.50,1.88
2012.10.02 19:50:03.366,1.57287,1.57324,2.48,2.48
2012.10.02 19:50:03.485,1.57287,1.57323,1.50,1.58
2012.10.02 19:50:03.546,1.57281,1.57316,1.73,2.48
2012.10.02 19:50:05.665,1.57284,1.57316,1.50,1.73
2012.10.02 19:50:06.425,1.5728,1.57316,2.25,1.98
2012.10.02 19:50:06.496,1.5728,1.57316,1.50,2.88
2012.10.02 19:50:07.287,1.57273,1.57311,2.48,2.48
2012.10.02 19:50:09.028,1.57281,1.57314,1.73,1.13
2012.10.02 19:50:09.086,1.57281,1.57316,1.73,1.35
2012.10.02 19:50:09.917,1.57279,1.57316,2.48,1.35
2012.10.02 19:50:10.036,1.57279,1.57314,1.50,2.48
2012.10.02 19:50:10.156,1.57275,1.57312,2.48,2.48
2012.10.02 19:50:17.477,1.57284,1.57312,1.50,1.73
2012.10.02 19:50:17.536,1.57284,1.57312,1.50,1.50
2012.10.02 19:50:20.847,1.57281,1.57312,1.73,1.50
2012.10.02 19:50:21.026,1.57284,1.57312,1.50,1.50
2012.10.02 19:50:21.397,1.57284,1.57312,1.50,1.73
2012.10.02 19:50:21.615,1.57276,1.57312,1.50,1.73
2012.10.02 19:50:23.721,1.57274,1.57312,2.48,2.48
2012.10.02 19:50:24.257,1.57275,1.57307,1.73,1.50
2012.10.02 19:50:24.964,1.57275,1.57307,1.73,1.73
2012.10.02 19:50:28.157,1.57272,1.57307,1.73,1.73
2012.10.02 19:50:32.487,1.57275,1.57307,1.73,1.73
2012.10.02 19:50:33.500,1.57272,1.57307,1.73,1.73
2012.10.02 19:50:35.657,1.57275,1.57307,1.73,1.73
2012.10.02 19:50:39.176,1.57271,1.57307,1.73,1.73
2012.10.02 19:50:47.518,1.57276,1.57307,1.50,1.73
2012.10.02 19:50:59.557,1.57271,1.57307,1.73,1.73
2012.10.02 19:51:10.509,1.57275,1.57309,1.73,1.73
2012.10.02 19:51:11.657,1.57272,1.57309,1.73,2.48
2012.10.02 19:51:17.406,1.57275,1.57309,1.73,1.73
2012.10.02 19:51:17.466,1.57272,1.57309,1.73,2.48
2012.10.02 19:51:17.789,1.57275,1.57309,1.73,1.73
2012.10.02 19:51:17.998,1.57271,1.57309,3.23,2.48
2012.10.02 19:51:20.586,1.57271,1.57309,3.23,2.48
2012.10.02 19:51:20.707,1.57276,1.57309,1.50,1.73
2012.10.02 19:51:20.766,1.57276,1.57309,1.73,1.50
2012.10.02 19:51:21.256,1.5727,1.57305,1.88,1.73
2012.10.02 19:51:32.118,1.57271,1.57305,1.50,3.38
2012.10.02 19:51:32.558,1.57275,1.57309,1.50,1.28
2012.10.02 19:51:32.887,1.57275,1.57309,1.50,1.28
2012.10.02 19:51:35.596,1.57274,1.57309,2.48,2.03
2012.10.02 19:51:35.956,1.5727,1.57302,1.50,1.88
2012.10.02 19:51:41.926,1.57269,1.57304,1.73,1.13
2012.10.02 19:51:42.046,1.57267,1.57298,1.50,3.23
2012.10.02 19:51:42.630,1.5726,1.57298,1.35,3.98
2012.10.02 19:51:43.625,1.57264,1.57298,1.73,1.50
2012.10.02 19:51:43.745,1.57264,1.57298,1.73,1.50
2012.10.02 19:51:49.796,1.57268,1.57299,1.73,1.50
2012.10.02 19:51:49.857,1.57268,1.57303,1.73,1.88
2012.10.02 19:51:50.037,1.57268,1.57303,1.73,3.15
2012.10.02 19:51:50.578,1.57268,1.57302,1.73,1.88
2012.10.02 19:51:51.256,1.57268,1.57302,1.73,1.88
2012.10.02 19:51:51.376,1.57268,1.57302,1.73,1.65
2012.10.02 19:51:51.496,1.57268,1.57302,1.73,1.65
2012.10.02 19:51:51.797,1.57268,1.57292,1.73,1.50
2012.10.02 19:51:52.099,1.57268,1.57292,1.73,1.50
2012.10.02 19:51:53.765,1.57269,1.57299,1.73,1.50
2012.10.02 19:51:59.601,1.57273,1.57305,1.73,1.50
2012.10.02 19:52:01.416,1.57273,1.57305,1.73,1.50
2012.10.02 19:52:01.536,1.57289,1.57316,1.73,2.78
2012.10.02 19:52:01.596,1.57289,1.57316,1.73,1.50
2012.10.02 19:52:02.748,1.57283,1.57316,1.73,1.50
2012.10.02 19:52:02.866,1.57283,1.57316,1.73,1.50
2012.10.02 19:52:03.916,1.57282,1.57316,1.73,2.25
2012.10.02 19:52:04.037,1.57282,1.57312,1.50,1.73
2012.10.02 19:52:04.744,1.57279,1.57312,1.73,1.73
2012.10.02 19:52:09.207,1.57279,1.57305,1.73,1.50
2012.10.02 19:52:11.139,1.57279,1.5731,1.73,1.50
2012.10.02 19:52:18.495,1.57277,1.5731,1.50,1.73
2012.10.02 19:52:19.849,1.57272,1.5731,3.23,1.73
2012.10.02 19:52:31.146,1.57272,1.57308,3.23,1.50
2012.10.02 19:52:31.207,1.57272,1.57306,1.73,1.50
2012.10.02 19:52:37.506,1.57272,1.57306,1.73,1.50
2012.10.02 19:52:39.895,1.57277,1.57306,1.73,1.50
2012.10.02 19:52:40.076,1.57277,1.57306,1.73,1.50
2012.10.02 19:52:40.326,1.5727,1.57306,1.13,1.73
2012.10.02 19:52:40.386,1.5727,1.573,1.13,1.50
2012.10.02 19:52:40.730,1.57264,1.57295,1.83,1.50
2012.10.02 19:52:40.789,1.57264,1.5729,1.83,1.50
2012.10.02 19:52:42.220,1.57264,1.57292,1.73,1.50
2012.10.02 19:52:42.637,1.57264,1.57294,1.73,1.50
2012.10.02 19:52:51.696,1.57264,1.57294,1.73,1.50
2012.10.02 19:52:52.419,1.57268,1.573,1.73,3.15
2012.10.02 19:52:53.140,1.57268,1.573,1.73,3.00
2012.10.02 19:52:58.750,1.57268,1.57298,1.73,1.50
2012.10.02 19:52:59.196,1.57267,1.573,1.73,1.50
2012.10.02 19:53:12.443,1.57267,1.57298,1.73,1.50
2012.10.02 19:53:13.255,1.57267,1.57297,1.73,1.50
2012.10.02 19:53:23.031,1.57267,1.57297,1.73,1.50
2012.10.02 19:53:26.916,1.57268,1.57297,1.73,1.50
2012.10.02 19:53:32.517,1.57268,1.57298,1.73,1.50
2012.10.02 19:53:32.590,1.57268,1.573,1.73,1.50
2012.10.02 19:53:37.541,1.57268,1.573,1.73,1.50
2012.10.02 19:53:52.666,1.57267,1.57302,1.73,1.73
2012.10.02 19:53:58.988,1.57267,1.57302,1.73,1.73
2012.10.02 19:54:00.406,1.57267,1.57302,1.73,1.73
2012.10.02 19:54:00.709,1.57272,1.57307,1.73,1.73
2012.10.02 19:54:03.938,1.57273,1.57307,1.73,1.73
2012.10.02 19:54:04.296,1.57277,1.57307,1.73,1.50
2012.10.02 19:54:05.595,1.57271,1.57307,3.23,1.73
2012.10.02 19:54:05.717,1.57271,1.57305,2.48,2.25
2012.10.02 19:54:05.836,1.57266,1.57302,3.23,1.73
2012.10.02 19:54:15.947,1.57267,1.57302,1.73,1.73
2012.10.02 19:54:16.256,1.57271,1.57302,1.73,1.50
2012.10.02 19:54:20.776,1.57271,1.57307,3.23,2.03
2012.10.02 19:54:40.976,1.57271,1.57304,1.73,1.50
2012.10.02 19:54:51.929,1.57272,1.57304,1.73,1.50
2012.10.02 19:54:52.028,1.57271,1.57304,1.73,1.50
2012.10.02 19:54:52.858,1.57272,1.57304,1.73,1.50
2012.10.02 19:54:53.439,1.57272,1.57304,1.73,1.50
2012.10.02 19:55:00.313,1.57272,1.57304,1.73,1.73
2012.10.02 19:55:03.406,1.57272,1.57305,1.73,1.73
2012.10.02 19:55:07.366,1.57272,1.57305,1.73,1.73
2012.10.02 19:55:07.426,1.57269,1.57305,2.48,2.48
2012.10.02 19:55:07.666,1.57262,1.57299,1.73,2.48
2012.10.02 19:55:07.726,1.57261,1.57299,2.29,1.50
2012.10.02 19:55:08.027,1.57259,1.57295,1.80,2.48
2012.10.02 19:55:08.386,1.57254,1.5729,2.25,3.33
2012.10.02 19:55:08.506,1.57254,1.5729,2.48,2.48
2012.10.02 19:55:14.616,1.57254,1.5729,2.48,1.73
2012.10.02 19:55:14.736,1.57258,1.57296,2.48,1.73
2012.10.02 19:55:34.486,1.57261,1.57295,1.50,2.48
2012.10.02 19:55:37.136,1.57258,1.57288,1.08,1.50
2012.10.02 19:55:38.857,1.57257,1.57289,1.08,1.50
2012.10.02 19:55:39.206,1.57257,1.57289,1.08,2.25
2012.10.02 19:55:39.657,1.57254,1.57289,4.08,2.48
2012.10.02 19:55:40.185,1.57254,1.57289,1.73,2.48
2012.10.02 19:55:41.436,1.57254,1.57289,1.08,2.48
2012.10.02 19:55:41.959,1.57254,1.57285,1.08,1.50
2012.10.02 19:55:43.716,1.57254,1.57285,4.08,1.50
2012.10.02 19:55:44.370,1.57254,1.57285,1.08,1.50
2012.10.02 19:55:46.716,1.57254,1.57285,3.33,1.50
2012.10.02 19:55:48.417,1.57254,1.57285,3.33,1.50
2012.10.02 19:55:49.436,1.57254,1.57285,2.58,1.50
2012.10.02 19:55:49.999,1.57254,1.57285,4.83,1.50
2012.10.02 19:55:50.580,1.57254,1.57285,1.83,1.50
2012.10.02 19:55:51.138,1.57254,1.57285,4.08,1.50
2012.10.02 19:55:51.674,1.57254,1.57285,2.58,1.50
2012.10.02 19:56:05.001,1.57254,1.57285,1.08,1.50
2012.10.02 19:56:08.440,1.57257,1.57287,1.61,1.73
2012.10.02 19:56:09.107,1.57257,1.57288,2.36,1.73
2012.10.02 19:56:09.286,1.57258,1.57292,1.08,1.73
2012.10.02 19:56:09.409,1.57259,1.57292,1.50,1.73
2012.10.02 19:56:09.527,1.57269,1.57297,1.50,1.13
2012.10.02 19:56:10.400,1.57267,1.57297,1.50,1.73
2012.10.02 19:56:10.958,1.5726,1.57297,1.73,1.73
2012.10.02 19:56:14.916,1.57259,1.57296,1.73,1.73
2012.10.02 19:56:15.037,1.57259,1.57296,1.50,1.73
2012.10.02 19:56:15.629,1.57256,1.5729,1.46,1.73
2012.10.02 19:56:16.608,1.57258,1.5729,1.23,1.73
2012.10.02 19:56:16.670,1.57258,1.5729,1.46,1.50
2012.10.02 19:56:16.787,1.57261,1.57297,2.48,1.73
2012.10.02 19:56:23.126,1.57264,1.57303,2.48,1.73
2012.10.02 19:56:23.246,1.5727,1.57306,2.48,3.53
2012.10.02 19:56:26.656,1.5727,1.57307,1.73,2.48
2012.10.02 19:56:26.957,1.57265,1.57299,1.13,3.23
2012.10.02 19:56:36.268,1.57263,1.57298,1.73,1.73
2012.10.02 19:56:36.608,1.57263,1.57298,2.48,2.48
2012.10.02 19:56:36.998,1.57263,1.57298,1.73,3.23
2012.10.02 19:56:38.837,1.57263,1.57298,2.48,2.48
2012.10.02 19:56:41.766,1.5726,1.57294,1.73,1.50
2012.10.02 19:56:42.068,1.57258,1.5729,1.61,1.73
2012.10.02 19:56:42.433,1.57245,1.57283,1.61,2.73
2012.10.02 19:56:42.826,1.57245,1.57281,1.50,1.73
2012.10.02 19:56:43.167,1.57245,1.57281,1.61,1.73
2012.10.02 19:56:43.758,1.57245,1.57281,1.61,1.73
2012.10.02 19:56:44.459,1.57245,1.57281,1.61,1.73
2012.10.02 19:56:45.506,1.57245,1.57281,1.50,1.73
2012.10.02 19:56:46.617,1.57243,1.57276,1.50,1.73
2012.10.02 19:56:47.217,1.5724,1.57276,1.73,4.73
2012.10.02 19:56:47.764,1.5724,1.57276,2.48,2.48
2012.10.02 19:56:50.477,1.5724,1.57276,1.73,2.48
2012.10.02 19:56:50.538,1.5724,1.57276,2.48,1.73
2012.10.02 19:56:52.177,1.5724,1.57276,2.48,1.73
2012.10.02 19:56:52.357,1.57244,1.57281,3.23,1.73
2012.10.02 19:56:52.477,1.57244,1.57281,3.13,2.25
2012.10.02 19:56:52.968,1.57249,1.57279,1.63,1.50
2012.10.02 19:56:53.266,1.57235,1.57271,2.25,2.48
2012.10.02 19:56:53.987,1.57235,1.57271,1.50,2.48
2012.10.02 19:56:54.299,1.57235,1.57271,2.25,2.48
2012.10.02 19:56:54.769,1.57235,1.57271,1.50,3.98
2012.10.02 19:56:54.887,1.57235,1.57268,1.50,2.48
2012.10.02 19:56:55.007,1.57232,1.57265,1.50,2.48
2012.10.02 19:56:55.066,1.57227,1.57265,1.50,2.48
2012.10.02 19:57:03.509,1.57227,1.57259,2.25,1.73
2012.10.02 19:57:03.892,1.57227,1.57258,1.50,1.73
2012.10.02 19:57:04.439,1.57227,1.57264,1.50,1.35
2012.10.02 19:57:07.237,1.57227,1.57265,2.25,1.73
2012.10.02 19:57:07.296,1.57227,1.57265,2.48,1.73
2012.10.02 19:57:08.157,1.57234,1.57268,1.50,3.23
2012.10.02 19:57:10.346,1.57228,1.57267,2.48,1.73
2012.10.02 19:57:12.326,1.57228,1.57267,1.73,2.48
2012.10.02 19:57:13.936,1.57226,1.57261,1.73,1.50
2012.10.02 19:57:14.618,1.57229,1.57267,1.73,2.48
2012.10.02 19:57:15.916,1.57229,1.57267,2.48,1.73
2012.10.02 19:57:17.868,1.57229,1.57267,2.48,1.73
2012.10.02 19:57:17.986,1.57229,1.57267,2.48,1.50
2012.10.02 19:57:18.226,1.57235,1.57271,1.50,1.73
2012.10.02 19:57:18.677,1.57235,1.57272,2.25,3.63
2012.10.02 19:57:19.097,1.57235,1.57273,2.48,3.23
2012.10.02 19:57:20.638,1.57235,1.57273,1.73,2.48
2012.10.02 19:57:20.816,1.57235,1.57272,1.50,4.73
2012.10.02 19:57:24.906,1.57235,1.57269,1.50,1.13
2012.10.02 19:57:38.096,1.57233,1.57269,1.50,1.13
2012.10.02 19:57:42.357,1.57233,1.5727,3.00,1.88
2012.10.02 19:57:42.598,1.57234,1.5727,3.23,1.65
2012.10.02 19:57:42.836,1.57238,1.57273,2.48,1.73
2012.10.02 19:57:42.958,1.57238,1.57274,3.11,2.25
2012.10.02 19:57:43.019,1.57238,1.57274,3.11,1.88
2012.10.02 19:57:43.137,1.57243,1.57281,2.48,1.73
2012.10.02 19:57:50.697,1.57243,1.57281,1.73,2.48
2012.10.02 19:57:51.325,1.57243,1.57281,2.48,1.73
2012.10.02 19:57:53.997,1.57249,1.57285,1.50,1.88
2012.10.02 19:57:55.968,1.57249,1.57281,1.50,1.73
2012.10.02 19:57:56.087,1.57244,1.5728,1.50,2.48
2012.10.02 19:57:58.888,1.57248,1.5728,2.25,1.73
2012.10.02 19:57:58.974,1.57251,1.57283,2.25,1.73
2012.10.02 19:57:59.038,1.57251,1.57284,2.25,1.13
2012.10.02 19:57:59.477,1.57251,1.57281,1.50,1.73
2012.10.02 19:57:59.656,1.57244,1.57281,1.50,1.73
2012.10.02 19:58:02.616,1.57243,1.57277,1.73,1.73
2012.10.02 19:58:08.197,1.5724,1.57277,1.73,1.73
2012.10.02 19:58:08.556,1.5724,1.57277,1.73,1.50
2012.10.02 19:58:13.480,1.57245,1.57277,2.10,1.50
2012.10.02 19:58:13.538,1.57245,1.57282,2.10,1.50
2012.10.02 19:58:30.672,1.57244,1.57278,2.10,1.50
2012.10.02 19:58:30.797,1.57244,1.57278,2.10,1.50
2012.10.02 19:58:31.096,1.57244,1.57279,2.85,1.73
2012.10.02 19:58:32.416,1.57244,1.57282,2.48,3.00
2012.10.02 19:58:32.537,1.57244,1.57282,3.60,1.50
2012.10.02 19:58:32.877,1.5725,1.57286,2.48,1.73
2012.10.02 19:58:33.199,1.5725,1.57282,1.50,1.73
2012.10.02 19:58:33.437,1.5725,1.57286,2.48,2.48
2012.10.02 19:58:33.497,1.5725,1.57286,2.48,1.73
2012.10.02 19:58:33.677,1.57254,1.57289,1.50,1.73
2012.10.02 19:58:34.407,1.57254,1.57292,2.25,1.73
2012.10.02 19:58:34.526,1.57254,1.57292,2.48,1.50
2012.10.02 19:58:34.586,1.57259,1.57293,1.50,1.50
2012.10.02 19:58:35.104,1.57259,1.57298,1.50,2.48
2012.10.02 19:58:36.707,1.57259,1.57298,2.48,1.50
2012.10.02 19:58:37.274,1.57265,1.57302,2.48,1.73
2012.10.02 19:58:37.717,1.57258,1.57293,2.48,1.50
2012.10.02 19:58:37.897,1.57255,1.57293,2.48,1.50
2012.10.02 19:58:39.468,1.57261,1.573,3.00,1.73
2012.10.02 19:58:39.587,1.57261,1.573,3.23,1.73
2012.10.02 19:58:42.227,1.57261,1.573,2.48,1.73
2012.10.02 19:58:42.468,1.57261,1.573,2.48,1.73
2012.10.02 19:58:43.010,1.57264,1.57299,2.48,1.50
2012.10.02 19:58:52.597,1.57261,1.57298,3.23,1.50
2012.10.02 19:58:53.499,1.57261,1.57299,3.23,3.00
2012.10.02 19:58:54.657,1.57261,1.57299,3.23,3.75
2012.10.02 19:58:56.787,1.57261,1.57298,2.48,3.23
2012.10.02 19:59:02.869,1.5726,1.57296,1.73,2.48
2012.10.02 19:59:02.987,1.57255,1.57293,1.73,3.23
2012.10.02 19:59:03.497,1.5726,1.57292,1.50,1.73
2012.10.02 19:59:03.904,1.57256,1.57292,2.48,1.50
2012.10.02 19:59:05.567,1.57261,1.57296,2.48,3.23
2012.10.02 19:59:06.787,1.57259,1.57292,2.48,1.50
2012.10.02 19:59:06.966,1.57254,1.57292,1.35,2.48
2012.10.02 19:59:07.206,1.57255,1.57292,1.73,2.48
2012.10.02 19:59:07.507,1.57255,1.57292,1.73,1.50
2012.10.02 19:59:09.197,1.57254,1.57292,1.36,2.25
2012.10.02 19:59:09.257,1.57253,1.5729,1.73,2.48
2012.10.02 19:59:19.388,1.57249,1.57285,2.58,1.73
2012.10.02 19:59:19.508,1.57259,1.57293,2.48,1.73
2012.10.02 19:59:19.962,1.57264,1.57302,2.25,2.37
2012.10.02 19:59:20.228,1.57264,1.57302,2.48,2.10
2012.10.02 19:59:34.947,1.5727,1.57306,1.50,3.23
2012.10.02 19:59:40.167,1.5727,1.57306,1.50,3.23
2012.10.02 19:59:40.287,1.57267,1.57298,1.50,1.73
2012.10.02 19:59:40.347,1.57262,1.57298,1.50,1.73
2012.10.02 19:59:45.697,1.57262,1.57295,1.50,2.48
2012.10.02 19:59:45.757,1.57255,1.57291,1.50,1.73
2012.10.02 19:59:46.297,1.5725,1.57288,2.48,1.73
2012.10.02 19:59:49.968,1.57248,1.57281,1.83,2.25
2012.10.02 19:59:50.027,1.57248,1.57281,1.61,2.48
2012.10.02 19:59:50.148,1.57248,1.57281,2.36,1.73
2012.10.02 19:59:50.267,1.57249,1.57281,1.08,1.50
2012.10.02 19:59:50.670,1.5725,1.57284,2.48,1.73
2012.10.02 19:59:52.157,1.57251,1.57286,1.32,1.73
2012.10.02 19:59:52.578,1.57255,1.57293,2.48,2.48
