2014.01.20 17:00:01.471,1.86554,1.86573,1.00,1.00
2014.01.20 17:00:08.376,1.86559,1.86578,1.00,1.00
2014.01.20 17:00:25.756,1.86562,1.86581,1.00,1.00
2014.01.20 17:00:59.321,1.86566,1.86585,1.00,1.00
2014.01.20 17:00:59.681,1.8657,1.86589,1.00,1.00
2014.01.20 17:01:05.634,1.86572,1.86591,1.00,1.00
2014.01.20 17:01:18.025,1.86572,1.86591,1.08,1.00
2014.01.20 17:01:18.076,1.86576,1.86595,1.00,1.00
2014.01.20 17:01:18.284,1.86579,1.86597,1.00,1.00
2014.01.20 17:01:19.888,1.86579,1.86592,1.00,1.00
2014.01.20 17:01:20.203,1.86579,1.86597,1.00,1.00
2014.01.20 17:01:41.363,1.86579,1.86592,1.00,1.00
2014.01.20 17:01:53.311,1.86579,1.86597,1.00,1.00
2014.01.20 17:01:56.644,1.86579,1.86598,1.00,1.00
2014.01.20 17:02:01.984,1.86576,1.86595,1.00,1.00
2014.01.20 17:02:02.288,1.86566,1.86585,1.00,1.00
2014.01.20 17:02:08.262,1.8657,1.86589,1.00,1.00
2014.01.20 17:02:27.892,1.8657,1.86587,1.00,1.00
2014.01.20 17:02:34.593,1.8657,1.86582,1.00,1.00
2014.01.20 17:02:34.644,1.86566,1.86582,1.00,1.00
2014.01.20 17:02:38.472,1.86563,1.86582,1.00,1.50
2014.01.20 17:02:46.533,1.86567,1.86586,1.00,1.00
2014.01.20 17:02:46.851,1.86563,1.86582,1.50,1.00
2014.01.20 17:02:48.293,1.86559,1.86578,1.00,1.00
2014.01.20 17:02:48.710,1.86562,1.86581,1.00,1.00
2014.01.20 17:03:00.686,1.86559,1.86578,1.00,1.00
2014.01.20 17:03:03.803,1.86562,1.86581,1.00,1.00
2014.01.20 17:03:05.782,1.86566,1.86585,1.00,1.00
2014.01.20 17:03:29.612,1.86563,1.86582,1.00,1.00
2014.01.20 17:03:55.473,1.86567,1.86586,1.00,1.00
2014.01.20 17:03:58.678,1.8657,1.86589,1.00,1.00
2014.01.20 17:04:12.906,1.86575,1.86592,1.00,1.00
2014.01.20 17:04:31.600,1.86575,1.86587,1.00,1.00
2014.01.20 17:04:31.867,1.86575,1.86592,1.00,1.00
2014.01.20 17:04:34.601,1.86575,1.86594,1.00,1.00
2014.01.20 17:04:54.296,1.86579,1.86598,1.00,1.00
2014.01.20 17:04:54.802,1.86579,1.86592,1.00,1.00
2014.01.20 17:05:09.541,1.86579,1.86587,1.00,1.00
2014.01.20 17:05:10.421,1.86572,1.86584,1.15,1.00
2014.01.20 17:05:10.982,1.86576,1.86583,1.00,1.00
2014.01.20 17:05:11.411,1.86576,1.86587,1.00,1.00
2014.01.20 17:05:15.390,1.86576,1.86592,1.00,1.00
2014.01.20 17:05:15.541,1.86579,1.86592,1.00,1.00
2014.01.20 17:05:17.262,1.86577,1.86592,1.00,1.00
2014.01.20 17:05:25.599,1.86577,1.86587,1.00,1.00
2014.01.20 17:05:28.844,1.86574,1.86587,1.00,1.00
2014.01.20 17:05:46.102,1.86574,1.86592,1.00,1.50
2014.01.20 17:05:52.699,1.86577,1.86596,1.00,1.00
2014.01.20 17:05:53.153,1.8658,1.86597,1.00,1.00
2014.01.20 17:06:05.309,1.86583,1.86599,1.00,1.00
2014.01.20 17:06:05.360,1.8659,1.86607,1.00,1.13
2014.01.20 17:06:05.662,1.86595,1.86607,1.00,1.00
2014.01.20 17:06:05.914,1.86589,1.86602,1.00,1.00
2014.01.20 17:06:06.217,1.86583,1.86601,1.08,1.00
2014.01.20 17:06:06.730,1.86583,1.86601,1.00,1.00
2014.01.20 17:06:10.161,1.86583,1.86601,1.58,1.00
2014.01.20 17:06:10.211,1.86592,1.86607,1.00,1.00
2014.01.20 17:06:10.312,1.86595,1.86607,1.00,1.00
2014.01.20 17:06:15.238,1.86595,1.86602,1.00,1.00
2014.01.20 17:06:30.891,1.86595,1.86612,1.00,1.00
2014.01.20 17:06:31.449,1.86599,1.86617,1.00,1.00
2014.01.20 17:06:33.058,1.86599,1.86618,1.00,1.00
2014.01.20 17:06:33.210,1.86605,1.86622,1.00,1.00
2014.01.20 17:06:43.439,1.86598,1.86617,1.55,1.50
2014.01.20 17:06:43.490,1.86598,1.86617,1.18,1.50
2014.01.20 17:06:43.642,1.86595,1.86614,1.00,1.00
2014.01.20 17:06:43.743,1.86592,1.86611,1.00,1.00
2014.01.20 17:06:46.710,1.86596,1.86615,1.00,1.00
2014.01.20 17:06:56.597,1.86596,1.86612,1.00,1.00
2014.01.20 17:07:00.148,1.86596,1.86603,1.00,1.00
2014.01.20 17:07:00.249,1.86591,1.86602,1.00,1.00
2014.01.20 17:07:04.439,1.86591,1.8661,1.00,1.00
2014.01.20 17:07:09.821,1.86594,1.86613,1.00,1.00
2014.01.20 17:07:12.973,1.86594,1.86613,1.08,1.00
2014.01.20 17:07:13.124,1.86598,1.86617,1.00,1.50
2014.01.20 17:07:13.226,1.86603,1.86617,1.00,1.00
2014.01.20 17:07:13.377,1.86604,1.86622,1.38,1.00
2014.01.20 17:07:13.579,1.86607,1.86626,1.00,1.00
2014.01.20 17:07:13.938,1.86607,1.86626,1.15,1.00
2014.01.20 17:07:14.039,1.86612,1.8663,1.00,1.00
2014.01.20 17:07:20.949,1.86607,1.86617,1.00,1.00
2014.01.20 17:07:21.151,1.86609,1.86628,1.00,1.00
2014.01.20 17:07:21.677,1.86609,1.86627,1.00,1.00
2014.01.20 17:07:25.466,1.86615,1.86627,1.00,1.00
2014.01.20 17:07:25.689,1.86615,1.86632,1.00,1.00
2014.01.20 17:07:25.790,1.86611,1.8663,1.10,1.00
2014.01.20 17:07:27.637,1.86611,1.86622,1.00,1.00
2014.01.20 17:07:27.940,1.86605,1.86622,1.00,1.00
2014.01.20 17:07:29.200,1.86605,1.86617,1.00,1.00
2014.01.20 17:07:29.550,1.866,1.86617,1.00,1.00
2014.01.20 17:07:30.388,1.866,1.86619,1.00,1.00
2014.01.20 17:07:30.439,1.86604,1.86622,1.00,1.00
2014.01.20 17:07:32.521,1.86607,1.86622,1.00,1.00
2014.01.20 17:07:32.722,1.86607,1.86626,1.00,1.00
2014.01.20 17:07:34.760,1.8661,1.86627,1.00,1.00
2014.01.20 17:07:34.912,1.8661,1.86629,1.00,1.00
2014.01.20 17:07:35.063,1.86614,1.86632,1.00,1.00
2014.01.20 17:07:35.505,1.86619,1.86638,1.00,1.00
2014.01.20 17:07:35.717,1.86616,1.86635,1.00,1.00
2014.01.20 17:07:48.622,1.86619,1.86638,1.00,1.00
2014.01.20 17:07:51.643,1.86619,1.86637,1.00,1.00
2014.01.20 17:07:51.946,1.86617,1.86627,1.00,1.00
2014.01.20 17:07:51.997,1.86613,1.86627,1.00,1.00
2014.01.20 17:07:52.148,1.8661,1.86627,1.00,1.00
2014.01.20 17:08:00.688,1.86606,1.86625,1.00,1.00
2014.01.20 17:08:00.840,1.866,1.86618,1.00,1.00
2014.01.20 17:08:01.142,1.86575,1.86607,1.10,1.10
2014.01.20 17:08:01.243,1.86588,1.86606,1.00,1.00
2014.01.20 17:08:01.368,1.86575,1.86607,1.10,1.10
2014.01.20 17:08:01.469,1.8658,1.86598,1.00,1.00
2014.01.20 17:08:02.057,1.8658,1.86597,1.00,1.00
2014.01.20 17:08:02.260,1.86574,1.86593,1.00,1.00
2014.01.20 17:08:02.479,1.86578,1.86596,1.00,1.00
2014.01.20 17:08:09.089,1.86578,1.86592,1.00,1.00
2014.01.20 17:08:09.292,1.86575,1.86592,1.00,1.00
2014.01.20 17:08:19.868,1.86575,1.86594,1.00,1.00
2014.01.20 17:08:20.150,1.86578,1.86596,1.00,1.00
2014.01.20 17:08:30.649,1.86575,1.86594,1.10,1.00
2014.01.20 17:09:12.066,1.86575,1.86592,1.00,1.00
2014.01.20 17:09:12.268,1.86573,1.86591,1.00,1.00
2014.01.20 17:09:12.665,1.86573,1.86587,1.00,1.00
2014.01.20 17:09:21.701,1.86569,1.86587,1.00,1.00
2014.01.20 17:09:22.316,1.86569,1.86588,1.00,1.00
2014.01.20 17:09:22.367,1.86566,1.86584,1.00,1.00
2014.01.20 17:09:22.697,1.86566,1.86577,1.00,1.00
2014.01.20 17:09:44.075,1.86557,1.86575,1.15,1.00
2014.01.20 17:09:45.180,1.86562,1.86568,1.00,1.00
2014.01.20 17:09:51.267,1.86565,1.86583,1.00,1.00
2014.01.20 17:09:55.894,1.86565,1.86572,1.00,1.00
2014.01.20 17:10:12.219,1.86565,1.86577,1.00,1.00
2014.01.20 17:10:15.419,1.86562,1.86577,1.00,1.00
2014.01.20 17:10:19.466,1.86562,1.86581,1.00,1.00
2014.01.20 17:10:19.517,1.86567,1.86586,1.00,1.00
2014.01.20 17:10:19.971,1.86573,1.86592,1.00,1.00
2014.01.20 17:10:20.277,1.86576,1.86594,1.00,1.00
2014.01.20 17:10:24.009,1.86571,1.8659,1.00,1.00
2014.01.20 17:11:07.839,1.86578,1.8659,1.00,1.00
2014.01.20 17:11:07.889,1.86578,1.86593,1.00,1.00
2014.01.20 17:11:14.708,1.86578,1.86591,1.00,1.00
2014.01.20 17:11:20.374,1.86573,1.86591,1.00,1.00
2014.01.20 17:11:38.195,1.86578,1.86591,1.00,1.00
2014.01.20 17:11:38.784,1.86573,1.86591,1.00,1.00
2014.01.20 17:11:52.398,1.86575,1.86593,1.00,1.00
2014.01.20 17:11:58.918,1.86578,1.86593,1.00,1.00
2014.01.20 17:12:01.002,1.86575,1.86593,1.00,1.00
2014.01.20 17:12:02.103,1.86578,1.86593,1.00,1.00
2014.01.20 17:12:05.308,1.86575,1.86593,1.00,1.00
2014.01.20 17:12:23.528,1.86573,1.86591,1.00,1.00
2014.01.20 17:12:25.753,1.86583,1.86591,1.00,1.00
2014.01.20 17:12:31.580,1.86583,1.86593,1.00,1.00
2014.01.20 17:12:34.882,1.86578,1.86593,1.00,1.00
2014.01.20 17:12:37.878,1.86583,1.86593,1.00,1.00
2014.01.20 17:12:58.881,1.86583,1.86596,1.00,1.00
2014.01.20 17:13:07.443,1.86588,1.86596,1.00,1.00
2014.01.20 17:13:18.514,1.86588,1.866,1.00,1.00
2014.01.20 17:13:52.922,1.86588,1.86605,1.00,1.00
2014.01.20 17:13:55.992,1.86589,1.86607,1.00,1.00
2014.01.20 17:13:56.094,1.86591,1.8661,1.00,1.00
2014.01.20 17:13:56.201,1.86593,1.86612,1.00,1.08
2014.01.20 17:13:56.503,1.86593,1.86612,1.58,1.08
2014.01.20 17:13:56.554,1.86599,1.86618,1.00,1.08
2014.01.20 17:13:56.655,1.86599,1.86618,1.00,1.00
2014.01.20 17:13:56.706,1.86608,1.86618,1.00,1.00
2014.01.20 17:13:56.756,1.86608,1.86623,1.00,1.00
2014.01.20 17:13:56.807,1.86608,1.86625,1.00,1.00
2014.01.20 17:13:56.909,1.86613,1.86625,1.00,1.00
2014.01.20 17:13:57.015,1.86613,1.86629,1.00,1.00
2014.01.20 17:13:57.698,1.86618,1.86629,1.00,1.00
2014.01.20 17:14:00.111,1.86613,1.86629,1.00,1.00
2014.01.20 17:14:08.651,1.8661,1.86629,1.00,1.00
2014.01.20 17:14:08.913,1.86618,1.86629,1.00,1.00
2014.01.20 17:14:09.115,1.86618,1.86632,1.00,1.00
2014.01.20 17:14:09.908,1.86614,1.86632,1.00,1.00
2014.01.20 17:14:10.633,1.86618,1.86632,1.00,1.00
2014.01.20 17:14:13.869,1.86623,1.86632,1.00,1.00
2014.01.20 17:14:13.920,1.86623,1.86636,1.00,1.00
2014.01.20 17:14:14.021,1.86623,1.8664,1.00,1.00
2014.01.20 17:14:14.381,1.86621,1.8664,1.00,1.00
2014.01.20 17:14:24.272,1.86617,1.86636,1.00,1.00
2014.01.20 17:14:30.910,1.86618,1.86636,1.00,1.00
2014.01.20 17:14:30.961,1.86621,1.8664,1.00,1.00
2014.01.20 17:14:33.669,1.86628,1.8664,1.00,1.00
2014.01.20 17:14:33.821,1.86628,1.86643,1.00,1.00
2014.01.20 17:14:33.972,1.86628,1.86646,1.00,1.00
2014.01.20 17:14:34.271,1.86633,1.86646,1.00,1.00
2014.01.20 17:14:36.930,1.86628,1.86646,1.00,1.00
2014.01.20 17:14:39.651,1.86627,1.86646,1.00,1.00
2014.01.20 17:14:39.702,1.86625,1.86643,1.00,1.00
2014.01.20 17:14:42.593,1.86628,1.86647,1.00,1.00
2014.01.20 17:14:44.763,1.86623,1.86642,1.00,1.00
2014.01.20 17:14:45.093,1.86608,1.86627,1.00,1.50
2014.01.20 17:14:45.396,1.86611,1.8663,1.00,1.00
2014.01.20 17:14:45.892,1.86608,1.86627,1.00,1.00
2014.01.20 17:14:46.235,1.86611,1.8663,1.00,1.00
2014.01.20 17:14:56.581,1.86613,1.8663,1.00,1.00
2014.01.20 17:15:04.576,1.86613,1.86626,1.00,1.00
2014.01.20 17:15:04.778,1.86613,1.86629,1.00,1.00
2014.01.20 17:15:06.171,1.86611,1.86629,1.00,1.00
2014.01.20 17:15:17.146,1.86608,1.86626,1.00,1.00
2014.01.20 17:15:17.449,1.86598,1.86612,1.00,1.00
2014.01.20 17:15:17.601,1.86598,1.86617,1.00,1.00
2014.01.20 17:15:18.331,1.86595,1.86614,1.00,1.00
2014.01.20 17:15:20.232,1.86598,1.86614,1.00,1.00
2014.01.20 17:15:26.611,1.86595,1.86614,1.00,1.00
2014.01.20 17:15:26.813,1.86591,1.8661,1.00,1.00
2014.01.20 17:15:27.116,1.86583,1.86602,1.50,1.00
2014.01.20 17:15:27.457,1.86585,1.86604,1.00,1.00
2014.01.20 17:15:36.352,1.86583,1.866,1.00,1.00
2014.01.20 17:15:36.402,1.86581,1.866,1.00,1.00
2014.01.20 17:15:36.504,1.86573,1.86591,1.15,1.00
2014.01.20 17:15:36.807,1.86573,1.86586,1.00,1.00
2014.01.20 17:15:38.986,1.86573,1.86582,1.00,1.00
2014.01.20 17:15:39.591,1.86568,1.86582,1.00,1.00
2014.01.20 17:15:44.312,1.86568,1.86587,1.50,1.00
2014.01.20 17:15:44.634,1.86568,1.86582,1.00,1.00
2014.01.20 17:15:45.247,1.86568,1.86586,1.00,1.10
2014.01.20 17:15:45.990,1.86567,1.86586,1.00,1.00
2014.01.20 17:15:48.857,1.86563,1.8658,1.00,1.00
2014.01.20 17:16:00.186,1.86568,1.8658,1.00,1.00
2014.01.20 17:16:12.088,1.86568,1.86585,1.00,1.00
2014.01.20 17:16:12.266,1.86568,1.86587,1.50,1.00
2014.01.20 17:16:13.125,1.86573,1.86587,1.00,1.00
2014.01.20 17:16:22.149,1.86573,1.86585,1.00,1.50
2014.01.20 17:16:22.301,1.86573,1.86585,1.00,1.10
2014.01.20 17:16:22.503,1.86573,1.86582,1.00,1.00
2014.01.20 17:16:22.806,1.86584,1.86596,1.00,1.00
2014.01.20 17:16:22.907,1.86573,1.86591,1.00,1.00
2014.01.20 17:16:23.058,1.86573,1.86585,1.00,1.00
2014.01.20 17:16:25.282,1.86573,1.86582,1.00,1.00
2014.01.20 17:16:35.110,1.86568,1.86582,1.00,1.00
2014.01.20 17:16:57.635,1.86568,1.86579,1.00,1.00
2014.01.20 17:17:06.074,1.86568,1.86582,1.00,1.00
2014.01.20 17:17:06.244,1.86563,1.86582,1.50,1.00
2014.01.20 17:17:24.251,1.86558,1.8657,1.00,1.00
2014.01.20 17:17:27.217,1.86558,1.86573,1.00,1.00
2014.01.20 17:17:30.980,1.86554,1.86573,1.00,1.00
2014.01.20 17:17:31.828,1.86563,1.86573,1.00,1.00
2014.01.20 17:17:32.630,1.86554,1.86573,1.00,1.00
2014.01.20 17:17:37.405,1.86558,1.86577,1.00,1.00
2014.01.20 17:17:39.201,1.86558,1.86572,1.00,1.00
2014.01.20 17:17:39.382,1.86553,1.86572,1.00,1.00
2014.01.20 17:17:39.433,1.8655,1.86569,1.00,1.00
2014.01.20 17:17:39.735,1.86543,1.86559,1.00,1.00
2014.01.20 17:17:40.053,1.86543,1.86555,1.00,1.00
2014.01.20 17:17:40.360,1.86534,1.86552,1.10,1.00
2014.01.20 17:17:43.724,1.8653,1.86548,1.00,1.00
2014.01.20 17:17:57.692,1.86534,1.86552,1.00,1.00
2014.01.20 17:18:05.690,1.8653,1.86549,1.00,1.00
2014.01.20 17:18:10.084,1.86527,1.86546,1.00,1.00
2014.01.20 17:18:10.400,1.86523,1.86542,1.00,1.00
2014.01.20 17:18:10.702,1.86519,1.86538,1.00,1.00
2014.01.20 17:18:39.542,1.86528,1.86538,1.00,1.00
2014.01.20 17:18:39.870,1.86523,1.86538,1.00,1.00
2014.01.20 17:18:40.085,1.86523,1.86538,1.08,1.00
2014.01.20 17:18:40.186,1.86532,1.86551,1.00,1.13
2014.01.20 17:18:40.388,1.86529,1.86548,1.00,1.00
2014.01.20 17:18:40.690,1.86523,1.86541,1.00,1.00
2014.01.20 17:18:41.001,1.86533,1.86546,1.00,1.13
2014.01.20 17:18:41.812,1.86533,1.86546,1.08,1.00
2014.01.20 17:18:42.015,1.86548,1.86562,1.00,1.00
2014.01.20 17:18:42.116,1.86549,1.86568,1.00,1.00
2014.01.20 17:18:42.218,1.86553,1.86568,1.00,1.00
2014.01.20 17:18:46.444,1.86553,1.86572,1.50,1.00
2014.01.20 17:18:47.988,1.86553,1.86569,1.00,1.00
2014.01.20 17:18:57.937,1.8655,1.86569,1.00,1.00
2014.01.20 17:18:58.038,1.8655,1.86569,1.00,1.15
2014.01.20 17:18:58.383,1.86543,1.86555,1.00,1.00
2014.01.20 17:18:58.585,1.86536,1.86555,1.00,1.00
2014.01.20 17:18:58.755,1.86534,1.86553,1.00,1.00
2014.01.20 17:18:59.076,1.86533,1.86551,1.00,1.00
2014.01.20 17:18:59.737,1.86532,1.86551,1.00,1.00
2014.01.20 17:19:00.859,1.86529,1.86548,1.00,1.00
2014.01.20 17:19:01.165,1.86528,1.86545,1.00,1.00
2014.01.20 17:19:07.846,1.86526,1.86545,1.00,1.00
2014.01.20 17:19:08.149,1.8652,1.86539,1.00,1.00
2014.01.20 17:19:10.024,1.8652,1.86539,1.38,1.00
2014.01.20 17:19:10.276,1.8652,1.86539,1.38,1.00
2014.01.20 17:19:14.842,1.86518,1.86536,1.38,1.00
2014.01.20 17:19:14.943,1.86517,1.86536,1.00,1.00
2014.01.20 17:19:34.041,1.8652,1.86539,1.00,1.00
2014.01.20 17:19:39.953,1.86516,1.86535,1.00,1.00
2014.01.20 17:19:45.063,1.86518,1.86535,1.00,1.00
2014.01.20 17:19:50.358,1.86518,1.86535,1.34,1.00
2014.01.20 17:19:50.459,1.86533,1.86547,1.00,1.00
2014.01.20 17:19:50.561,1.86535,1.86554,1.00,1.00
2014.01.20 17:19:50.863,1.8653,1.86549,1.00,1.00
2014.01.20 17:19:52.826,1.86533,1.86549,1.00,1.00
2014.01.20 17:19:52.984,1.86535,1.86554,1.00,1.00
2014.01.20 17:19:53.193,1.86538,1.86554,1.00,1.00
2014.01.20 17:19:53.294,1.86539,1.86558,1.00,1.00
2014.01.20 17:20:03.543,1.86535,1.86554,1.00,1.00
2014.01.20 17:20:03.948,1.86533,1.86552,1.00,1.00
2014.01.20 17:20:23.570,1.86538,1.86552,1.00,1.00
2014.01.20 17:20:23.771,1.86538,1.86555,1.00,1.00
2014.01.20 17:20:23.872,1.86541,1.8656,1.00,1.00
2014.01.20 17:20:42.218,1.86539,1.86558,1.00,1.00
2014.01.20 17:20:52.859,1.86534,1.86553,1.00,1.00
2014.01.20 17:20:53.163,1.86538,1.86551,1.00,1.00
2014.01.20 17:20:53.214,1.86538,1.86553,1.00,1.00
2014.01.20 17:20:53.365,1.86534,1.86552,1.00,1.00
2014.01.20 17:20:53.416,1.86532,1.86551,1.00,1.00
2014.01.20 17:20:53.517,1.8653,1.86549,1.00,1.00
2014.01.20 17:20:53.888,1.8653,1.86547,1.00,1.00
2014.01.20 17:20:53.939,1.86524,1.86543,1.00,1.00
2014.01.20 17:20:59.996,1.86528,1.86547,1.00,1.50
2014.01.20 17:21:04.318,1.86528,1.86542,1.00,1.00
2014.01.20 17:21:04.520,1.86524,1.86542,1.00,1.00
2014.01.20 17:21:07.076,1.86521,1.8654,1.00,1.00
2014.01.20 17:21:07.137,1.86517,1.86536,1.00,1.00
2014.01.20 17:21:09.889,1.86521,1.8654,1.00,1.00
2014.01.20 17:21:10.588,1.86521,1.86537,1.00,1.00
2014.01.20 17:21:10.791,1.86518,1.86537,1.00,1.50
2014.01.20 17:21:37.826,1.8652,1.86539,1.00,1.00
2014.01.20 17:21:56.527,1.86528,1.86546,1.00,1.00
2014.01.20 17:21:57.438,1.86528,1.86546,1.00,1.38
2014.01.20 17:21:57.539,1.86528,1.86546,1.00,1.13
2014.01.20 17:21:57.626,1.86524,1.86543,1.00,1.00
2014.01.20 17:22:12.510,1.86522,1.8654,1.00,1.00
2014.01.20 17:22:27.159,1.86517,1.86535,1.00,1.00
2014.01.20 17:22:27.489,1.86513,1.86531,1.50,1.00
2014.01.20 17:22:38.278,1.86509,1.86527,1.00,1.00
2014.01.20 17:22:53.897,1.86508,1.86522,1.00,1.00
2014.01.20 17:22:53.948,1.86504,1.86522,1.00,1.00
2014.01.20 17:22:53.999,1.86503,1.8652,1.00,1.00
2014.01.20 17:23:05.566,1.86501,1.8652,1.00,1.00
2014.01.20 17:23:08.820,1.86496,1.86514,1.00,1.10
2014.01.20 17:23:08.972,1.86488,1.86507,1.00,1.00
2014.01.20 17:23:09.023,1.86488,1.86507,1.00,1.08
2014.01.20 17:23:09.073,1.86485,1.86503,1.00,1.00
2014.01.20 17:23:09.124,1.86488,1.86503,1.00,1.00
2014.01.20 17:23:09.430,1.86488,1.86498,1.00,1.00
2014.01.20 17:23:09.481,1.86488,1.86505,1.00,1.00
2014.01.20 17:23:16.327,1.86491,1.8651,1.00,1.00
2014.01.20 17:23:31.694,1.86495,1.86514,1.00,1.00
2014.01.20 17:23:32.048,1.86499,1.86517,1.00,1.00
2014.01.20 17:23:38.126,1.86499,1.86518,1.00,1.00
2014.01.20 17:23:59.996,1.86499,1.86518,1.18,1.00
2014.01.20 17:24:00.047,1.86502,1.86521,1.00,1.00
2014.01.20 17:24:43.235,1.86502,1.86521,1.58,1.00
2014.01.20 17:24:43.386,1.86507,1.86525,1.00,1.00
2014.01.20 17:24:43.689,1.86512,1.86531,1.00,1.00
2014.01.20 17:24:54.933,1.86517,1.86536,1.00,1.00
2014.01.20 17:24:56.244,1.86514,1.86532,1.00,1.00
2014.01.20 17:24:58.889,1.86503,1.86522,1.58,1.00
2014.01.20 17:24:59.209,1.86503,1.86522,1.00,1.00
2014.01.20 17:25:02.465,1.86508,1.86526,1.00,1.00
2014.01.20 17:25:05.619,1.86508,1.86522,1.00,1.00
2014.01.20 17:25:05.772,1.86503,1.86522,1.10,1.50
2014.01.20 17:25:07.305,1.86508,1.86526,1.00,1.00
2014.01.20 17:25:07.633,1.86512,1.8653,1.00,1.00
2014.01.20 17:25:31.384,1.86518,1.8653,1.00,1.00
2014.01.20 17:25:31.485,1.86519,1.86538,1.00,1.00
2014.01.20 17:25:35.876,1.86523,1.86538,1.00,1.00
2014.01.20 17:25:36.193,1.86528,1.86543,1.00,1.00
2014.01.20 17:25:36.434,1.86528,1.86547,1.50,1.00
2014.01.20 17:25:36.864,1.86533,1.86547,1.00,1.00
2014.01.20 17:25:37.084,1.86528,1.86547,1.00,1.00
2014.01.20 17:25:59.967,1.86533,1.86547,1.00,1.00
2014.01.20 17:26:00.187,1.86528,1.86547,1.50,1.00
2014.01.20 17:26:09.461,1.86523,1.86542,1.00,1.00
2014.01.20 17:26:09.767,1.86519,1.86537,1.08,1.00
2014.01.20 17:26:09.868,1.86519,1.86537,1.00,1.00
2014.01.20 17:26:17.157,1.86513,1.86531,1.00,1.00
2014.01.20 17:26:37.042,1.8651,1.86529,1.00,1.00
2014.01.20 17:26:44.364,1.8651,1.86529,1.15,1.00
2014.01.20 17:26:44.422,1.86516,1.86535,1.00,1.00
2014.01.20 17:26:46.952,1.86513,1.86531,1.00,1.00
2014.01.20 17:27:07.883,1.8652,1.86537,1.00,1.00
2014.01.20 17:27:18.844,1.8652,1.86537,1.08,1.00
2014.01.20 17:27:30.600,1.86521,1.8654,1.00,1.00
2014.01.20 17:27:38.323,1.86521,1.86537,1.00,1.00
2014.01.20 17:27:38.626,1.86519,1.86537,1.00,1.00
2014.01.20 17:27:38.677,1.86516,1.86534,1.00,1.00
2014.01.20 17:27:38.778,1.86512,1.86531,1.10,1.00
2014.01.20 17:28:11.152,1.86512,1.86527,1.00,1.00
2014.01.20 17:28:33.125,1.86507,1.86525,1.00,1.00
2014.01.20 17:28:36.209,1.86512,1.86527,1.00,1.00
2014.01.20 17:28:36.620,1.86509,1.86527,1.00,1.50
2014.01.20 17:29:31.264,1.86513,1.86531,1.00,1.00
2014.01.20 17:29:31.365,1.86516,1.86535,1.00,1.00
2014.01.20 17:29:31.567,1.86521,1.86539,1.00,1.00
2014.01.20 17:29:31.820,1.86517,1.86536,1.00,1.00
2014.01.20 17:29:32.239,1.86522,1.8654,1.00,1.00
2014.01.20 17:29:33.327,1.86519,1.86538,1.00,1.00
2014.01.20 17:29:41.611,1.86521,1.8654,1.00,1.00
2014.01.20 17:30:07.783,1.86526,1.86544,1.00,1.00
2014.01.20 17:30:08.086,1.86532,1.86547,1.00,1.00
2014.01.20 17:30:08.187,1.86532,1.86551,1.00,1.00
2014.01.20 17:30:09.385,1.86532,1.86547,1.00,1.00
2014.01.20 17:30:09.435,1.86529,1.86547,1.00,1.50
2014.01.20 17:30:09.637,1.86525,1.86543,1.00,1.00
2014.01.20 17:30:12.253,1.86521,1.8654,1.00,1.00
2014.01.20 17:30:15.474,1.86518,1.86536,1.00,1.00
2014.01.20 17:30:18.203,1.86518,1.86532,1.00,1.00
2014.01.20 17:30:47.129,1.86518,1.86536,1.00,1.00
2014.01.20 17:30:47.230,1.86524,1.86542,1.00,1.00
2014.01.20 17:30:47.738,1.86524,1.86543,1.00,1.00
2014.01.20 17:30:49.023,1.8652,1.86539,1.00,1.00
2014.01.20 17:30:49.478,1.86515,1.86534,1.00,1.00
2014.01.20 17:31:02.198,1.86517,1.86536,1.00,1.00
2014.01.20 17:31:05.387,1.86524,1.86543,1.00,1.10
2014.01.20 17:31:05.690,1.86532,1.86551,1.00,1.00
2014.01.20 17:31:08.398,1.86528,1.86547,1.50,1.00
2014.01.20 17:31:16.948,1.86531,1.86549,1.00,1.00
2014.01.20 17:31:17.049,1.86533,1.86552,1.00,1.10
2014.01.20 17:31:17.369,1.86537,1.86555,1.00,1.08
2014.01.20 17:31:17.487,1.86537,1.86555,1.00,1.00
2014.01.20 17:32:12.445,1.86539,1.86558,1.00,1.00
2014.01.20 17:32:23.324,1.86543,1.86562,1.00,1.50
2014.01.20 17:32:23.629,1.86551,1.8657,1.00,1.00
2014.01.20 17:32:23.882,1.86551,1.86582,1.15,1.00
2014.01.20 17:32:23.983,1.86556,1.86582,1.08,1.00
2014.01.20 17:32:24.333,1.86568,1.86582,1.00,1.00
2014.01.20 17:32:34.337,1.86568,1.86582,1.00,1.15
2014.01.20 17:32:34.438,1.8656,1.86579,1.00,1.00
2014.01.20 17:32:34.567,1.86555,1.86574,1.00,1.00
2014.01.20 17:32:34.875,1.86538,1.86566,1.50,1.38
2014.01.20 17:32:34.926,1.86533,1.86566,1.00,1.53
2014.01.20 17:32:34.977,1.86538,1.86557,1.00,1.00
2014.01.20 17:32:35.355,1.86543,1.86562,1.00,1.00
2014.01.20 17:32:35.658,1.8655,1.86569,1.00,1.00
2014.01.20 17:33:06.329,1.86555,1.86574,1.00,1.08
2014.01.20 17:33:06.870,1.86555,1.86574,1.00,1.00
2014.01.20 17:33:17.256,1.86551,1.8657,1.00,1.00
2014.01.20 17:33:17.558,1.86553,1.8657,1.00,1.00
2014.01.20 17:33:17.861,1.86549,1.86567,1.00,1.58
2014.01.20 17:33:17.912,1.8654,1.86557,1.00,1.00
2014.01.20 17:33:18.013,1.8655,1.86569,1.00,1.10
2014.01.20 17:33:18.316,1.86547,1.86566,1.00,1.00
2014.01.20 17:33:18.637,1.86552,1.86571,1.00,1.00
2014.01.20 17:33:19.996,1.86552,1.86571,1.38,1.00
2014.01.20 17:33:20.148,1.86557,1.86576,1.00,1.00
2014.01.20 17:33:20.249,1.86561,1.86578,1.00,1.00
2014.01.20 17:33:20.401,1.86561,1.8658,1.00,1.00
2014.01.20 17:33:23.735,1.86561,1.8658,1.00,1.48
2014.01.20 17:33:23.786,1.86555,1.86574,1.00,1.00
2014.01.20 17:33:50.406,1.8655,1.86569,1.00,1.00
2014.01.20 17:33:50.798,1.86545,1.86564,1.08,1.00
2014.01.20 17:33:50.966,1.86545,1.86564,1.00,1.00
2014.01.20 17:34:05.673,1.86542,1.86561,1.00,1.00
2014.01.20 17:34:12.984,1.86542,1.86561,1.18,1.00
2014.01.20 17:34:13.577,1.86542,1.86561,1.00,1.00
2014.01.20 17:34:56.851,1.86545,1.86564,1.00,1.00
2014.01.20 17:34:57.275,1.86548,1.86567,1.00,1.00
2014.01.20 17:35:03.015,1.86545,1.86564,1.00,1.00
2014.01.20 17:35:39.253,1.8655,1.86567,1.00,1.00
2014.01.20 17:35:54.657,1.8655,1.86562,1.00,1.00
2014.01.20 17:36:04.434,1.8655,1.86567,1.00,1.38
2014.01.20 17:36:05.184,1.8655,1.86567,1.00,1.38
2014.01.20 17:36:20.626,1.8655,1.86569,1.00,1.38
2014.01.20 17:36:27.685,1.8655,1.86569,1.00,1.13
2014.01.20 17:36:27.906,1.8655,1.86569,1.00,1.38
2014.01.20 17:36:34.765,1.8655,1.86569,1.00,1.13
2014.01.20 17:36:39.349,1.86539,1.86572,1.58,1.88
2014.01.20 17:36:39.850,1.86539,1.86572,1.15,1.88
2014.01.20 17:36:52.350,1.86539,1.86572,1.15,1.88
2014.01.20 17:36:52.452,1.86541,1.86572,1.50,1.88
2014.01.20 17:36:52.553,1.86541,1.86572,1.50,1.50
2014.01.20 17:36:53.157,1.86543,1.86577,1.15,1.95
2014.01.20 17:36:53.208,1.86543,1.86577,1.15,1.95
2014.01.20 17:37:12.454,1.86547,1.86577,2.25,1.38
2014.01.20 17:37:12.757,1.86578,1.86593,1.00,1.00
2014.01.20 17:37:12.859,1.86578,1.86607,1.15,1.00
2014.01.20 17:37:12.910,1.8658,1.86607,1.50,1.00
2014.01.20 17:37:13.011,1.8658,1.86612,1.50,1.50
2014.01.20 17:37:13.121,1.86578,1.86612,1.15,1.50
2014.01.20 17:37:13.196,1.86582,1.86601,1.00,1.00
2014.01.20 17:37:13.499,1.86576,1.86582,1.00,1.00
2014.01.20 17:37:13.601,1.86567,1.86582,1.00,1.00
2014.01.20 17:37:13.713,1.86565,1.86582,1.00,1.00
2014.01.20 17:37:13.864,1.86563,1.86582,1.00,1.50
2014.01.20 17:37:24.539,1.86566,1.86585,1.00,1.00
2014.01.20 17:37:27.398,1.86569,1.86588,1.00,1.00
2014.01.20 17:37:36.585,1.86569,1.86588,1.00,1.34
2014.01.20 17:37:36.888,1.86563,1.86569,1.00,1.00
2014.01.20 17:37:36.989,1.86564,1.86576,1.00,1.00
2014.01.20 17:37:37.142,1.86564,1.86583,1.00,1.00
2014.01.20 17:37:37.193,1.86568,1.86587,1.00,1.00
2014.01.20 17:37:39.761,1.86564,1.86583,1.00,1.00
2014.01.20 17:37:40.274,1.86564,1.86582,1.00,1.00
2014.01.20 17:37:40.845,1.86564,1.86582,1.00,1.38
2014.01.20 17:37:45.184,1.86564,1.86582,1.00,1.00
2014.01.20 17:37:45.854,1.86564,1.86583,1.00,1.00
2014.01.20 17:37:50.853,1.86564,1.86582,1.00,1.00
2014.01.20 17:37:51.191,1.86564,1.86582,1.00,1.38
2014.01.20 17:37:51.654,1.86564,1.86582,1.00,1.00
2014.01.20 17:37:54.212,1.86564,1.86582,1.00,1.48
2014.01.20 17:37:54.515,1.8656,1.86577,1.00,1.20
2014.01.20 17:37:54.568,1.86548,1.86567,1.00,1.00
2014.01.20 17:38:01.869,1.86563,1.86574,1.00,1.18
2014.01.20 17:38:02.071,1.86563,1.86577,1.00,1.00
2014.01.20 17:38:02.122,1.86558,1.86577,1.00,1.00
2014.01.20 17:38:19.562,1.86558,1.86573,1.00,1.00
2014.01.20 17:38:24.742,1.86561,1.8658,1.10,1.00
2014.01.20 17:38:24.843,1.86568,1.86587,1.50,2.25
2014.01.20 17:38:25.146,1.86575,1.86593,1.00,1.00
2014.01.20 17:38:34.326,1.86575,1.86592,1.00,1.00
2014.01.20 17:38:34.641,1.86571,1.86587,1.00,1.00
2014.01.20 17:38:35.409,1.86571,1.8659,1.00,1.00
2014.01.20 17:38:35.511,1.86575,1.86593,1.00,1.00
2014.01.20 17:38:36.341,1.86577,1.86593,1.00,1.00
2014.01.20 17:38:36.645,1.86603,1.86633,1.15,1.13
2014.01.20 17:38:36.797,1.86603,1.86641,1.15,1.50
2014.01.20 17:38:37.251,1.8661,1.86629,1.00,1.00
2014.01.20 17:38:37.734,1.86613,1.86632,1.00,1.00
2014.01.20 17:38:39.228,1.86619,1.86638,1.00,1.18
2014.01.20 17:38:39.735,1.86619,1.86637,1.00,1.38
2014.01.20 17:38:40.216,1.86619,1.86638,1.00,1.00
2014.01.20 17:38:43.651,1.86623,1.86642,1.00,1.00
2014.01.20 17:38:47.304,1.86619,1.86638,1.00,1.00
2014.01.20 17:39:15.650,1.86624,1.86643,1.00,1.10
2014.01.20 17:39:24.740,1.86627,1.86646,1.00,1.00
2014.01.20 17:39:26.942,1.86627,1.86646,1.00,1.38
2014.01.20 17:39:27.093,1.86622,1.86641,1.00,1.00
2014.01.20 17:39:32.790,1.86619,1.86638,1.00,1.00
2014.01.20 17:39:33.096,1.86617,1.86635,1.00,1.00
2014.01.20 17:39:33.147,1.86613,1.86632,1.00,1.00
2014.01.20 17:39:33.414,1.86613,1.86627,1.00,1.00
2014.01.20 17:39:38.361,1.86613,1.86632,1.00,1.00
2014.01.20 17:39:38.520,1.86617,1.86635,1.00,1.00
2014.01.20 17:39:38.822,1.86622,1.8664,1.00,1.00
2014.01.20 17:40:04.004,1.86622,1.8664,1.00,1.08
2014.01.20 17:40:04.054,1.86614,1.86633,1.00,1.00
2014.01.20 17:40:05.449,1.86614,1.86632,1.00,1.00
2014.01.20 17:40:05.773,1.86611,1.8663,1.00,1.00
2014.01.20 17:40:05.874,1.86611,1.86622,1.00,1.00
2014.01.20 17:40:06.127,1.86608,1.86622,1.00,1.00
2014.01.20 17:40:13.119,1.86608,1.86617,1.00,1.00
2014.01.20 17:40:13.171,1.86597,1.86616,1.28,1.00
2014.01.20 17:40:13.222,1.86597,1.86616,1.13,1.15
2014.01.20 17:40:13.524,1.866,1.86617,1.00,1.00
2014.01.20 17:40:13.855,1.86605,1.86617,1.00,1.00
2014.01.20 17:40:41.059,1.86605,1.86622,1.00,1.00
2014.01.20 17:40:47.230,1.86605,1.86622,1.00,1.38
2014.01.20 17:40:47.283,1.86591,1.8661,3.00,1.00
2014.01.20 17:40:47.334,1.86591,1.8661,1.50,1.00
2014.01.20 17:41:03.544,1.86587,1.86606,1.00,1.00
2014.01.20 17:41:17.624,1.86588,1.86606,1.00,1.00
2014.01.20 17:41:22.859,1.86593,1.86606,1.00,1.00
2014.01.20 17:41:42.106,1.86588,1.86606,1.00,1.00
2014.01.20 17:41:44.329,1.86587,1.86606,1.00,1.00
2014.01.20 17:41:44.857,1.86588,1.86606,1.00,1.00
2014.01.20 17:42:03.734,1.86588,1.86616,1.00,1.50
2014.01.20 17:42:04.314,1.86588,1.86616,1.00,1.50
2014.01.20 17:42:18.077,1.86583,1.86612,1.00,1.10
2014.01.20 17:42:25.308,1.86583,1.86612,1.00,1.08
2014.01.20 17:42:30.640,1.86588,1.86614,1.00,1.95
2014.01.20 17:42:30.991,1.86589,1.86608,1.00,1.00
2014.01.20 17:42:51.567,1.86588,1.86606,1.00,1.00
2014.01.20 17:42:53.315,1.86587,1.86606,1.00,1.00
2014.01.20 17:43:07.562,1.86591,1.8661,1.00,1.00
2014.01.20 17:43:19.638,1.86593,1.8661,1.00,1.00
2014.01.20 17:43:19.688,1.86595,1.86614,1.00,1.00
2014.01.20 17:43:20.327,1.8659,1.86609,1.00,1.00
2014.01.20 17:43:49.424,1.86593,1.86609,1.00,1.00
2014.01.20 17:43:51.625,1.8659,1.86609,1.00,1.00
2014.01.20 17:44:15.627,1.86593,1.86609,1.00,1.00
2014.01.20 17:44:20.357,1.86593,1.8662,1.00,1.58
2014.01.20 17:44:21.240,1.86593,1.8662,1.00,1.15
2014.01.20 17:44:21.371,1.86593,1.86612,1.50,1.00
2014.01.20 17:44:28.883,1.86593,1.86609,1.00,1.00
2014.01.20 17:44:28.933,1.8659,1.86609,1.00,1.00
2014.01.20 17:44:29.085,1.86588,1.86605,1.00,1.00
2014.01.20 17:44:35.011,1.86588,1.86607,1.50,1.00
2014.01.20 17:44:35.121,1.86591,1.8661,1.00,1.00
2014.01.20 17:44:40.346,1.86593,1.8661,1.00,1.00
2014.01.20 17:44:40.707,1.86595,1.86614,1.00,1.00
2014.01.20 17:44:40.808,1.86599,1.86618,1.00,1.00
2014.01.20 17:44:41.255,1.86595,1.86614,1.00,1.00
2014.01.20 17:44:52.567,1.86598,1.86614,1.00,1.00
2014.01.20 17:44:54.120,1.86595,1.86614,1.00,1.00
2014.01.20 17:44:54.355,1.86598,1.86614,1.00,1.00
2014.01.20 17:44:58.046,1.86598,1.86614,1.08,1.00
2014.01.20 17:44:58.097,1.86598,1.86617,1.58,1.00
2014.01.20 17:44:58.198,1.86608,1.86627,1.00,1.38
2014.01.20 17:44:58.351,1.86608,1.86627,1.00,1.00
2014.01.20 17:44:58.402,1.86612,1.86631,1.00,1.00
2014.01.20 17:45:01.387,1.86616,1.86635,1.00,1.88
2014.01.20 17:45:01.488,1.86612,1.86631,1.00,1.00
2014.01.20 17:45:01.690,1.86609,1.86628,1.00,1.13
2014.01.20 17:45:05.867,1.86609,1.86628,1.00,1.38
2014.01.20 17:45:08.320,1.86609,1.86628,1.00,1.00
2014.01.20 17:45:09.385,1.86609,1.86628,1.00,1.38
2014.01.20 17:45:10.045,1.86609,1.86628,1.00,1.00
2014.01.20 17:45:11.694,1.86609,1.86628,1.00,1.38
2014.01.20 17:45:13.123,1.86609,1.86628,1.00,1.38
2014.01.20 17:45:13.275,1.86603,1.86621,1.00,1.00
2014.01.20 17:45:13.477,1.86603,1.86616,1.00,1.00
2014.01.20 17:45:14.470,1.86603,1.86614,1.00,1.00
2014.01.20 17:45:16.889,1.86603,1.86617,1.00,1.00
2014.01.20 17:45:17.346,1.86603,1.86613,1.00,1.00
2014.01.20 17:45:23.075,1.86603,1.86616,1.00,1.00
2014.01.20 17:45:23.178,1.86613,1.86627,1.00,1.13
2014.01.20 17:45:23.331,1.86613,1.86632,1.58,1.00
2014.01.20 17:45:23.382,1.86623,1.86634,1.08,1.38
2014.01.20 17:45:23.534,1.86623,1.86634,1.00,1.00
2014.01.20 17:45:23.635,1.86615,1.86642,1.65,1.88
2014.01.20 17:45:23.737,1.86626,1.86642,1.00,1.88
2014.01.20 17:45:23.936,1.86626,1.86645,1.00,1.00
2014.01.20 17:45:23.986,1.86629,1.86648,1.00,1.38
2014.01.20 17:45:24.087,1.86626,1.86645,1.00,1.00
2014.01.20 17:45:24.138,1.86626,1.86642,1.00,1.88
2014.01.20 17:45:24.487,1.86621,1.86634,1.00,1.00
2014.01.20 17:45:36.967,1.86621,1.8664,1.00,1.00
2014.01.20 17:45:51.735,1.86624,1.86643,1.00,1.00
2014.01.20 17:45:55.264,1.86624,1.86642,1.00,1.00
2014.01.20 17:46:01.313,1.86624,1.86643,1.00,1.00
2014.01.20 17:46:02.853,1.86624,1.86642,1.00,1.00
2014.01.20 17:46:12.247,1.86624,1.86643,1.00,1.00
2014.01.20 17:46:16.846,1.86624,1.86642,1.00,1.00
2014.01.20 17:46:17.149,1.86624,1.86632,1.00,1.00
2014.01.20 17:46:17.286,1.86624,1.86642,1.00,1.00
2014.01.20 17:46:17.994,1.86621,1.8664,1.00,1.00
2014.01.20 17:46:19.656,1.86621,1.86639,1.00,1.00
2014.01.20 17:46:23.203,1.86621,1.86637,1.00,1.00
2014.01.20 17:46:25.188,1.86621,1.86632,1.00,1.00
2014.01.20 17:46:25.628,1.86621,1.86637,1.00,1.00
2014.01.20 17:46:30.579,1.86621,1.86639,1.00,1.00
2014.01.20 17:46:34.207,1.86621,1.86637,1.00,1.00
2014.01.20 17:46:42.493,1.86621,1.86639,1.00,1.00
2014.01.20 17:46:46.232,1.86621,1.86637,1.00,1.00
2014.01.20 17:46:54.482,1.86621,1.86639,1.00,1.13
2014.01.20 17:46:58.244,1.86621,1.86637,1.00,1.00
2014.01.20 17:47:02.002,1.86621,1.86639,1.00,1.00
2014.01.20 17:47:18.017,1.8661,1.86639,1.53,1.00
2014.01.20 17:47:19.667,1.8661,1.86642,1.53,1.00
2014.01.20 17:47:24.392,1.8661,1.86642,1.53,1.38
2014.01.20 17:47:25.272,1.8661,1.86642,1.53,1.00
2014.01.20 17:47:25.393,1.8661,1.86632,1.53,1.00
2014.01.20 17:47:25.724,1.86618,1.86632,1.00,1.00
2014.01.20 17:47:26.070,1.86615,1.86632,1.00,1.00
2014.01.20 17:47:30.586,1.86615,1.86634,1.00,1.00
2014.01.20 17:47:34.852,1.86615,1.86627,1.00,1.00
2014.01.20 17:47:42.355,1.86615,1.86634,1.00,1.50
2014.01.20 17:47:46.203,1.86615,1.86632,1.00,1.00
2014.01.20 17:47:46.532,1.86615,1.86627,1.00,1.00
2014.01.20 17:47:46.739,1.86612,1.86627,1.00,1.00
2014.01.20 17:48:06.889,1.86612,1.86631,1.00,1.00
2014.01.20 17:48:09.612,1.86612,1.86627,1.00,1.00
2014.01.20 17:48:19.401,1.86612,1.86631,1.00,1.00
2014.01.20 17:48:40.373,1.86612,1.86627,1.00,1.00
2014.01.20 17:48:46.712,1.86603,1.86627,1.20,1.00
2014.01.20 17:48:52.359,1.86618,1.86627,1.00,1.00
2014.01.20 17:49:22.460,1.86616,1.86627,1.00,1.00
2014.01.20 17:49:26.579,1.86605,1.86624,1.10,1.00
2014.01.20 17:49:26.680,1.86606,1.86614,1.00,1.00
2014.01.20 17:49:26.782,1.86603,1.86612,1.10,1.00
2014.01.20 17:49:26.933,1.86603,1.86622,1.08,1.00
2014.01.20 17:49:26.984,1.86609,1.86627,1.00,1.00
2014.01.20 17:49:27.434,1.86611,1.86627,1.00,1.00
2014.01.20 17:49:27.789,1.86615,1.86627,1.00,1.00
2014.01.20 17:49:59.703,1.86615,1.86622,1.00,1.00
2014.01.20 17:49:59.754,1.86612,1.86622,1.00,1.00
2014.01.20 17:50:36.122,1.86612,1.86627,1.00,1.00
2014.01.20 17:50:36.274,1.86614,1.86627,1.00,1.00
2014.01.20 17:50:42.430,1.86614,1.86632,1.00,1.00
2014.01.20 17:50:42.733,1.86616,1.86632,1.00,1.00
2014.01.20 17:50:42.834,1.86616,1.86635,1.00,1.00
2014.01.20 17:50:43.174,1.86618,1.86637,1.00,1.88
2014.01.20 17:50:43.823,1.86618,1.86627,1.00,1.00
2014.01.20 17:50:52.417,1.86618,1.86632,1.00,1.00
2014.01.20 17:50:59.011,1.86622,1.86632,1.00,1.00
2014.01.20 17:51:00.670,1.8661,1.86627,1.15,1.00
2014.01.20 17:51:00.771,1.86602,1.86621,1.38,1.00
2014.01.20 17:51:00.872,1.86607,1.86626,1.00,1.00
2014.01.20 17:51:01.024,1.86615,1.86634,1.00,1.08
2014.01.20 17:51:01.075,1.86615,1.86634,1.00,1.00
2014.01.20 17:51:02.408,1.86619,1.86637,1.00,1.00
2014.01.20 17:51:04.059,1.86619,1.86627,1.00,1.00
2014.01.20 17:51:04.215,1.86608,1.86627,1.50,1.50
2014.01.20 17:51:04.481,1.86613,1.86627,1.00,1.00
2014.01.20 17:51:27.380,1.86613,1.86632,1.00,1.50
2014.01.20 17:51:36.145,1.86616,1.86632,1.00,1.00
2014.01.20 17:51:43.909,1.86607,1.86624,1.08,1.00
2014.01.20 17:51:44.061,1.86611,1.86617,1.00,1.00
2014.01.20 17:51:44.112,1.86611,1.8663,1.00,1.00
2014.01.20 17:51:44.163,1.86616,1.86632,1.00,1.00
2014.01.20 17:51:44.503,1.86616,1.86622,1.00,1.00
2014.01.20 17:51:44.899,1.86616,1.86632,1.00,1.00
2014.01.20 17:51:47.594,1.86619,1.86632,1.00,1.00
2014.01.20 17:51:52.874,1.86621,1.86632,1.00,1.00
2014.01.20 17:51:52.925,1.86621,1.86637,1.00,1.00
2014.01.20 17:51:52.976,1.86623,1.86637,1.00,1.00
2014.01.20 17:51:53.697,1.86623,1.86642,1.00,1.50
2014.01.20 17:51:53.950,1.86629,1.86647,1.00,1.10
2014.01.20 17:52:01.450,1.86633,1.86647,1.00,1.00
2014.01.20 17:52:01.918,1.86633,1.86652,1.00,1.50
2014.01.20 17:52:12.964,1.86628,1.86647,1.00,1.00
2014.01.20 17:52:23.179,1.86632,1.86651,1.00,1.00
2014.01.20 17:52:24.118,1.86632,1.86642,1.00,1.00
2014.01.20 17:52:24.270,1.86628,1.86642,1.00,1.00
2014.01.20 17:52:24.523,1.86624,1.86642,1.00,1.00
2014.01.20 17:52:24.624,1.86616,1.86635,1.18,1.00
2014.01.20 17:52:25.407,1.86616,1.86635,1.00,1.00
2014.01.20 17:52:36.448,1.86616,1.86632,1.00,1.00
2014.01.20 17:52:42.423,1.86612,1.86631,1.00,1.00
2014.01.20 17:52:49.852,1.86612,1.86622,1.00,1.00
2014.01.20 17:52:50.109,1.86609,1.86622,1.00,1.00
2014.01.20 17:52:56.677,1.86609,1.86628,1.00,1.00
2014.01.20 17:52:56.829,1.86612,1.86631,1.00,1.00
2014.01.20 17:53:41.807,1.86612,1.86627,1.00,1.00
2014.01.20 17:53:47.875,1.86612,1.86619,1.00,1.00
2014.01.20 17:53:47.925,1.86609,1.86618,1.00,1.00
2014.01.20 17:53:51.383,1.86609,1.86627,1.00,1.00
2014.01.20 17:53:51.815,1.86609,1.86622,1.00,1.00
2014.01.20 17:53:52.169,1.86609,1.86627,1.00,1.00
2014.01.20 17:53:53.356,1.86609,1.86628,1.00,1.00
2014.01.20 17:53:53.457,1.86612,1.86631,1.00,1.00
2014.01.20 17:53:53.892,1.86614,1.86632,1.00,1.00
2014.01.20 17:53:54.226,1.8661,1.86629,1.00,1.00
2014.01.20 17:53:55.336,1.8661,1.86627,1.00,1.00
2014.01.20 17:53:58.636,1.8661,1.86622,1.00,1.00
2014.01.20 17:54:01.858,1.8661,1.86627,1.00,1.00
2014.01.20 17:54:01.909,1.866,1.86619,1.00,1.00
2014.01.20 17:54:04.889,1.86598,1.86616,1.00,1.00
2014.01.20 17:54:05.410,1.86597,1.86616,1.00,1.00
2014.01.20 17:54:12.650,1.86597,1.86616,1.38,1.00
2014.01.20 17:54:16.059,1.86597,1.86616,1.00,1.00
2014.01.20 17:54:17.116,1.86597,1.86616,1.38,1.00
2014.01.20 17:54:17.225,1.86597,1.86616,1.00,1.00
2014.01.20 17:54:19.690,1.86597,1.86616,1.38,1.00
2014.01.20 17:54:19.757,1.86597,1.86616,1.00,1.00
2014.01.20 17:54:20.089,1.86597,1.86616,1.38,1.00
2014.01.20 17:54:20.198,1.86597,1.86616,1.13,1.00
2014.01.20 17:54:24.629,1.86598,1.86616,1.00,1.00
2014.01.20 17:54:25.176,1.86597,1.86616,1.00,1.00
2014.01.20 17:54:32.235,1.86597,1.86616,1.38,1.00
2014.01.20 17:54:32.337,1.86597,1.86616,1.95,1.00
2014.01.20 17:54:32.388,1.86601,1.8662,1.20,1.00
2014.01.20 17:54:32.439,1.86601,1.8662,1.95,1.00
2014.01.20 17:54:32.489,1.86617,1.86627,1.00,1.50
2014.01.20 17:54:32.591,1.86615,1.86627,1.10,1.00
2014.01.20 17:54:32.692,1.86617,1.86627,1.00,1.00
2014.01.20 17:54:43.144,1.86617,1.86627,1.50,1.00
2014.01.20 17:54:43.398,1.86625,1.86642,1.00,1.00
2014.01.20 17:54:43.448,1.86625,1.86642,1.08,1.00
2014.01.20 17:54:43.600,1.86618,1.86627,1.00,1.00
2014.01.20 17:54:44.992,1.86618,1.86637,1.38,1.00
2014.01.20 17:54:45.093,1.86618,1.86627,1.00,1.00
2014.01.20 17:54:57.156,1.86618,1.86632,1.10,1.00
2014.01.20 17:55:00.894,1.86618,1.86627,1.10,1.00
2014.01.20 17:55:01.515,1.86624,1.86643,1.00,1.00
2014.01.20 17:55:02.037,1.8662,1.86627,1.00,1.00
2014.01.20 17:55:21.030,1.86616,1.86626,1.15,1.00
2014.01.20 17:55:42.437,1.86623,1.86642,1.00,1.00
2014.01.20 17:55:46.460,1.86623,1.86642,1.00,1.00
2014.01.20 17:55:51.498,1.86623,1.86629,1.00,1.00
2014.01.20 17:56:12.835,1.86623,1.86632,1.00,1.00
2014.01.20 17:56:16.105,1.8662,1.86632,1.00,1.00
2014.01.20 17:56:26.383,1.8662,1.86637,1.00,1.00
2014.01.20 17:56:27.178,1.8661,1.86627,1.75,1.00
2014.01.20 17:56:27.380,1.86605,1.86624,1.00,1.00
2014.01.20 17:56:27.430,1.86602,1.86621,1.00,1.00
2014.01.20 17:56:27.736,1.866,1.86619,1.00,1.00
2014.01.20 17:56:31.145,1.86598,1.86617,1.00,1.00
2014.01.20 17:56:39.866,1.86598,1.86612,1.00,1.00
2014.01.20 17:56:49.385,1.86593,1.86612,1.00,1.50
2014.01.20 17:56:57.926,1.86596,1.86612,1.00,1.00
2014.01.20 17:57:04.432,1.86592,1.86611,1.00,1.00
2014.01.20 17:57:45.703,1.86593,1.86611,1.00,1.00
2014.01.20 17:57:45.805,1.86596,1.86615,1.00,1.00
2014.01.20 17:57:46.143,1.86598,1.86615,1.00,1.00
2014.01.20 17:57:46.446,1.86611,1.8663,1.00,1.08
2014.01.20 17:57:46.890,1.86601,1.8662,1.00,1.00
2014.01.20 17:57:47.092,1.86599,1.86618,1.00,1.00
2014.01.20 17:58:09.662,1.86599,1.86618,1.38,1.00
2014.01.20 17:58:09.965,1.86597,1.86616,1.38,1.00
2014.01.20 17:58:10.016,1.86597,1.86616,1.00,1.00
2014.01.20 17:58:11.301,1.86597,1.86612,1.00,1.00
2014.01.20 17:58:11.532,1.86593,1.86612,1.00,1.50
2014.01.20 17:58:46.812,1.86593,1.86612,1.00,1.58
2014.01.20 17:58:47.166,1.86596,1.86615,1.00,1.00
2014.01.20 17:58:56.462,1.86596,1.86615,1.38,1.00
2014.01.20 17:58:56.512,1.86599,1.86618,1.38,1.00
2014.01.20 17:58:56.613,1.86609,1.86627,1.00,1.50
2014.01.20 17:58:56.867,1.86609,1.86627,1.00,1.00
2014.01.20 17:58:58.410,1.86609,1.86628,1.00,1.00
2014.01.20 17:58:58.853,1.86609,1.86622,1.00,1.00
2014.01.20 17:58:59.156,1.86608,1.86622,1.00,1.50
2014.01.20 17:58:59.207,1.86608,1.86623,1.00,1.50
2014.01.20 17:58:59.308,1.86608,1.86627,1.95,1.00
2014.01.20 17:58:59.359,1.86608,1.86625,1.95,1.00
2014.01.20 17:58:59.662,1.86598,1.86617,1.00,1.00
2014.01.20 17:59:01.633,1.86598,1.86617,1.88,1.00
2014.01.20 17:59:01.785,1.86598,1.86617,1.88,1.00
2014.01.20 17:59:01.922,1.86601,1.8662,1.38,1.00
2014.01.20 17:59:01.973,1.86603,1.86622,1.38,1.00
2014.01.20 17:59:03.850,1.86603,1.86622,1.38,1.00
2014.01.20 17:59:05.981,1.86603,1.86622,1.00,1.10
2014.01.20 17:59:06.032,1.86598,1.86616,1.38,1.00
2014.01.20 17:59:07.707,1.86598,1.86616,1.38,1.00
2014.01.20 17:59:07.923,1.86603,1.86616,1.38,1.00
2014.01.20 17:59:08.125,1.86603,1.86622,1.88,1.10
2014.01.20 17:59:09.351,1.86603,1.86622,1.88,1.00
2014.01.20 17:59:10.121,1.86603,1.86622,1.88,1.00
2014.01.20 17:59:11.662,1.86608,1.86622,1.00,1.00
2014.01.20 17:59:11.763,1.86608,1.86626,1.00,1.00
2014.01.20 17:59:11.814,1.86608,1.86626,1.38,1.00
2014.01.20 17:59:11.865,1.86617,1.86636,1.38,1.00
2014.01.20 17:59:11.916,1.86617,1.86636,1.00,1.00
2014.01.20 17:59:11.967,1.86614,1.86633,1.13,1.00
2014.01.20 17:59:12.376,1.86609,1.86628,1.38,1.00
2014.01.20 17:59:13.861,1.86609,1.86628,1.38,1.00
2014.01.20 17:59:14.193,1.86609,1.86628,1.38,1.00
2014.01.20 17:59:14.302,1.86609,1.86628,1.38,1.00
2014.01.20 17:59:14.454,1.86609,1.86627,1.00,1.10
2014.01.20 17:59:14.606,1.86608,1.86625,1.00,1.58
2014.01.20 17:59:14.708,1.86609,1.86628,1.38,1.00
2014.01.20 17:59:14.962,1.86615,1.86634,1.00,1.00
2014.01.20 17:59:15.952,1.86617,1.86636,1.13,1.00
2014.01.20 17:59:16.449,1.86626,1.86645,1.00,1.00
2014.01.20 17:59:20.130,1.86626,1.86645,1.38,1.00
2014.01.20 17:59:21.454,1.86626,1.86645,1.00,1.00
2014.01.20 17:59:21.861,1.8663,1.86649,1.00,1.00
2014.01.20 17:59:22.164,1.86634,1.86653,1.00,1.00
2014.01.20 17:59:22.620,1.86634,1.86642,1.00,1.00
2014.01.20 17:59:22.670,1.8663,1.86642,1.00,1.00
2014.01.20 17:59:22.772,1.86626,1.86642,1.00,1.00
2014.01.20 17:59:22.873,1.86622,1.86641,1.00,1.00
2014.01.20 17:59:22.974,1.86622,1.86638,1.00,1.50
2014.01.20 17:59:23.075,1.86609,1.86628,1.00,1.00
2014.01.20 17:59:23.827,1.86619,1.86635,1.00,1.15
2014.01.20 17:59:23.878,1.86628,1.86638,1.00,1.50
2014.01.20 17:59:23.979,1.86628,1.8664,1.00,1.00
2014.01.20 17:59:24.080,1.86632,1.86644,1.00,1.00
2014.01.20 17:59:24.131,1.86632,1.8665,1.00,1.50
2014.01.20 17:59:26.128,1.86632,1.8665,1.72,1.00
2014.01.20 17:59:26.229,1.86648,1.86662,1.00,1.00
2014.01.20 17:59:26.280,1.86651,1.86666,1.00,1.00
2014.01.20 17:59:26.381,1.86653,1.8667,1.00,1.00
2014.01.20 17:59:26.432,1.86653,1.8667,1.38,1.00
2014.01.20 17:59:26.533,1.86653,1.8667,1.00,1.00
2014.01.20 17:59:26.787,1.86654,1.86673,1.00,1.00
2014.01.20 17:59:27.992,1.86654,1.86673,1.38,1.00
2014.01.20 17:59:28.093,1.86654,1.86673,1.00,1.00
2014.01.20 17:59:29.373,1.86651,1.8667,1.00,1.00
2014.01.20 17:59:29.676,1.86634,1.86651,1.00,1.00
2014.01.20 17:59:29.726,1.86632,1.86651,1.00,1.00
2014.01.20 17:59:29.777,1.86619,1.86657,1.50,1.28
2014.01.20 17:59:29.828,1.86615,1.86653,1.88,1.15
2014.01.20 17:59:30.130,1.86613,1.86648,1.00,1.50
2014.01.20 17:59:30.663,1.8662,1.86639,1.00,1.00
2014.01.20 17:59:31.411,1.86633,1.86639,1.00,1.00
2014.01.20 17:59:31.462,1.86633,1.86646,1.00,1.00
2014.01.20 17:59:31.564,1.86633,1.86651,1.00,1.50
2014.01.20 17:59:31.665,1.86637,1.86656,1.00,1.00
2014.01.20 17:59:34.194,1.86643,1.86656,1.00,1.00
2014.01.20 17:59:38.931,1.86648,1.86658,1.00,1.00
2014.01.20 17:59:45.715,1.86643,1.86658,1.00,1.00
2014.01.20 17:59:45.959,1.86643,1.86654,1.00,1.00
2014.01.20 17:59:46.592,1.86635,1.86652,1.00,1.00
2014.01.20 17:59:46.695,1.86629,1.86648,1.10,1.38
2014.01.20 17:59:46.796,1.86621,1.86642,2.25,1.00
2014.01.20 17:59:47.106,1.86621,1.86639,2.25,1.08
2014.01.20 17:59:47.258,1.86613,1.86628,1.00,1.00
2014.01.20 17:59:48.613,1.86617,1.86628,1.38,1.00
2014.01.20 17:59:48.666,1.86622,1.86639,1.38,1.58
2014.01.20 17:59:48.767,1.86633,1.86639,1.00,1.00
2014.01.20 17:59:48.818,1.86633,1.8665,1.00,1.00
2014.01.20 17:59:48.919,1.86635,1.86654,1.00,1.00
2014.01.20 17:59:53.872,1.86635,1.86647,1.00,1.00
2014.01.20 17:59:53.973,1.86629,1.86642,1.00,1.00
2014.01.20 17:59:54.074,1.86615,1.86642,1.75,1.75
2014.01.20 17:59:54.125,1.86615,1.8664,1.00,1.50
2014.01.20 17:59:54.226,1.86608,1.8664,1.68,1.50
2014.01.20 17:59:54.276,1.8661,1.86629,1.43,1.00
2014.01.20 17:59:54.795,1.8661,1.86629,1.00,1.00
2014.01.20 17:59:55.118,1.86613,1.86629,1.00,1.00
2014.01.20 17:59:56.293,1.86613,1.86631,1.00,1.00
2014.01.20 17:59:56.394,1.86628,1.86638,1.00,1.10
2014.01.20 17:59:56.596,1.86628,1.86643,1.00,1.00
2014.01.20 17:59:58.087,1.86633,1.86643,1.00,1.00
2014.01.20 17:59:58.263,1.86633,1.86647,1.00,1.00
2014.01.20 17:59:58.314,1.8664,1.86647,1.00,1.00
2014.01.20 17:59:58.415,1.86638,1.86647,1.00,1.00
2014.01.20 17:59:58.516,1.86633,1.86647,1.00,1.00
2014.01.20 17:59:58.617,1.86628,1.86647,1.00,1.00
2014.01.20 17:59:58.912,1.86632,1.86647,1.00,1.00
2014.01.20 17:59:59.251,1.86623,1.86641,1.00,1.00
2014.01.20 17:59:59.471,1.86628,1.86641,1.00,1.00
