2010.09.13 05:00:00.663,1.65735,1.65785,1.00,1.00
2010.09.13 05:00:00.944,1.65735,1.6579,1.00,1.00
2010.09.13 05:00:01.255,1.65735,1.6579,1.00,1.00
2010.09.13 05:00:01.564,1.65735,1.65795,1.00,1.00
2010.09.13 05:00:02.684,1.6574,1.65795,1.00,1.00
2010.09.13 05:00:04.925,1.6574,1.6579,1.00,1.00
2010.09.13 05:00:04.993,1.6575,1.658,1.00,2.30
2010.09.13 05:00:05.114,1.6575,1.658,1.00,1.50
2010.09.13 05:00:05.173,1.6575,1.658,1.00,1.00
2010.09.13 05:00:05.705,1.6574,1.65795,3.20,1.00
2010.09.13 05:00:05.975,1.6574,1.65795,1.00,1.00
2010.09.13 05:00:06.755,1.65735,1.65795,1.00,1.00
2010.09.13 05:00:07.224,1.6574,1.6579,1.00,1.00
2010.09.13 05:00:08.133,1.65745,1.6579,1.00,1.00
2010.09.13 05:00:11.094,1.6573,1.65785,1.00,1.00
2010.09.13 05:00:11.184,1.6573,1.6578,1.00,1.40
2010.09.13 05:00:11.232,1.6573,1.6578,1.00,1.40
2010.09.13 05:00:11.370,1.6573,1.6578,1.00,2.20
2010.09.13 05:00:11.433,1.65735,1.6578,1.00,2.20
2010.09.13 05:00:11.492,1.65735,1.6578,1.00,1.00
2010.09.13 05:00:11.514,1.65735,1.65785,1.00,2.30
2010.09.13 05:00:11.547,1.6573,1.6578,1.00,1.00
2010.09.13 05:00:12.572,1.65725,1.65775,1.00,1.00
2010.09.13 05:00:12.895,1.65725,1.6577,1.00,1.00
2010.09.13 05:00:13.984,1.65725,1.65775,1.00,1.00
2010.09.13 05:00:14.712,1.65725,1.6577,1.00,1.00
2010.09.13 05:00:16.485,1.6573,1.65775,1.00,1.00
2010.09.13 05:00:16.704,1.6573,1.65775,1.60,1.00
2010.09.13 05:00:17.123,1.65735,1.65775,1.00,1.00
2010.09.13 05:00:18.436,1.6574,1.65775,1.00,1.00
2010.09.13 05:00:19.053,1.65735,1.6577,1.70,1.00
2010.09.13 05:00:19.700,1.65735,1.65775,1.00,1.00
2010.09.13 05:00:19.841,1.65745,1.65795,1.00,1.00
2010.09.13 05:00:19.973,1.6575,1.658,1.00,2.20
2010.09.13 05:00:20.315,1.6575,1.65805,1.00,1.00
2010.09.13 05:00:21.169,1.6575,1.658,1.00,2.20
2010.09.13 05:00:21.494,1.6575,1.658,1.00,2.40
2010.09.13 05:00:21.693,1.6575,1.658,1.00,1.00
2010.09.13 05:00:22.542,1.6575,1.65795,1.00,1.00
2010.09.13 05:00:22.849,1.65745,1.6579,1.00,1.40
2010.09.13 05:00:23.158,1.65745,1.6579,1.00,1.40
2010.09.13 05:00:23.465,1.65745,1.65795,1.00,1.00
2010.09.13 05:00:23.774,1.65745,1.6579,1.00,1.80
2010.09.13 05:00:24.084,1.6575,1.65795,1.00,1.00
2010.09.13 05:00:24.752,1.65745,1.65795,1.00,1.00
2010.09.13 05:00:25.068,1.65745,1.658,1.00,2.30
2010.09.13 05:00:25.682,1.6575,1.658,1.00,2.40
2010.09.13 05:00:26.293,1.6575,1.65795,1.00,1.00
2010.09.13 05:00:26.981,1.6575,1.65795,1.00,1.00
2010.09.13 05:00:27.907,1.65755,1.658,1.00,2.50
2010.09.13 05:00:28.083,1.65755,1.658,1.00,2.40
2010.09.13 05:00:28.286,1.65755,1.658,1.00,1.00
2010.09.13 05:00:28.976,1.65755,1.658,1.00,1.00
2010.09.13 05:00:29.174,1.65755,1.65805,1.00,1.00
2010.09.13 05:00:29.489,1.6575,1.658,1.00,2.30
2010.09.13 05:00:29.799,1.6575,1.658,1.00,1.00
2010.09.13 05:00:30.627,1.65755,1.658,1.00,2.20
2010.09.13 05:00:30.895,1.6575,1.658,1.00,1.00
2010.09.13 05:00:31.165,1.6575,1.658,1.00,2.30
2010.09.13 05:00:31.435,1.6575,1.65795,1.00,1.00
2010.09.13 05:00:33.133,1.6575,1.658,1.00,2.30
2010.09.13 05:00:34.182,1.6575,1.65795,1.00,1.00
2010.09.13 05:00:50.343,1.65745,1.65795,1.00,1.00
2010.09.13 05:00:50.664,1.6575,1.65795,1.00,1.00
2010.09.13 05:00:52.416,1.6575,1.65795,1.00,1.00
2010.09.13 05:00:56.144,1.65745,1.65795,1.00,1.00
2010.09.13 05:00:56.663,1.6575,1.65795,1.00,1.00
2010.09.13 05:01:15.167,1.6573,1.65785,1.00,2.40
2010.09.13 05:01:15.434,1.65725,1.65785,1.00,1.10
2010.09.13 05:01:15.704,1.65725,1.6577,1.00,1.00
2010.09.13 05:01:16.980,1.65725,1.6577,1.00,1.00
2010.09.13 05:01:17.325,1.65725,1.65775,1.00,1.00
2010.09.13 05:01:17.894,1.65725,1.6577,1.00,1.00
2010.09.13 05:01:18.273,1.65725,1.6577,1.00,1.00
2010.09.13 05:01:19.103,1.65725,1.6577,1.00,1.00
2010.09.13 05:01:20.041,1.65725,1.6577,1.00,1.00
2010.09.13 05:01:20.252,1.65725,1.6577,1.00,1.00
2010.09.13 05:01:20.493,1.65725,1.65775,1.00,1.00
2010.09.13 05:01:20.704,1.65725,1.6577,1.00,1.00
2010.09.13 05:01:22.233,1.6572,1.6577,1.00,1.00
2010.09.13 05:01:22.553,1.65725,1.6577,1.00,1.00
2010.09.13 05:01:22.763,1.65725,1.6577,1.00,1.00
2010.09.13 05:01:22.973,1.65725,1.65775,1.00,1.00
2010.09.13 05:01:23.838,1.65725,1.6577,1.00,1.00
2010.09.13 05:01:24.085,1.65725,1.6577,1.00,1.00
2010.09.13 05:01:24.334,1.65725,1.65775,1.00,1.60
2010.09.13 05:01:24.583,1.65725,1.65775,1.00,1.00
2010.09.13 05:01:24.824,1.65725,1.6577,1.00,1.00
2010.09.13 05:01:25.064,1.65725,1.6577,1.00,1.00
2010.09.13 05:01:25.302,1.65725,1.6577,1.00,1.00
2010.09.13 05:01:26.157,1.65725,1.6577,1.00,1.00
2010.09.13 05:01:26.675,1.65725,1.6577,1.00,1.00
2010.09.13 05:01:32.093,1.65725,1.6577,1.00,1.00
2010.09.13 05:01:32.195,1.65725,1.65775,1.00,1.40
2010.09.13 05:01:32.303,1.65725,1.6578,1.00,1.00
2010.09.13 05:01:33.018,1.6573,1.65785,1.00,1.00
2010.09.13 05:01:34.212,1.65735,1.6578,1.00,1.00
2010.09.13 05:01:35.027,1.6574,1.6579,1.00,2.30
2010.09.13 05:01:35.383,1.6574,1.65785,1.00,1.00
2010.09.13 05:01:36.747,1.6574,1.6579,1.00,2.40
2010.09.13 05:01:37.178,1.6574,1.65785,1.00,1.00
2010.09.13 05:01:43.866,1.6574,1.65785,1.00,1.00
2010.09.13 05:01:44.965,1.6574,1.6579,1.00,2.40
2010.09.13 05:01:45.784,1.6574,1.6579,1.00,2.30
2010.09.13 05:01:46.073,1.6573,1.65785,1.00,1.00
2010.09.13 05:01:46.324,1.6573,1.65785,1.00,1.50
2010.09.13 05:01:46.573,1.6573,1.65785,1.00,2.30
2010.09.13 05:01:46.823,1.6573,1.65785,1.00,1.00
2010.09.13 05:01:47.524,1.6573,1.65785,1.00,1.00
2010.09.13 05:01:47.773,1.6573,1.6579,1.00,2.40
2010.09.13 05:01:48.222,1.6574,1.65785,1.00,1.00
2010.09.13 05:01:49.066,1.65735,1.65785,1.00,1.00
2010.09.13 05:01:49.662,1.6574,1.65785,1.00,1.00
2010.09.13 05:01:50.666,1.6574,1.65785,1.00,1.00
2010.09.13 05:01:50.898,1.6574,1.65785,1.00,1.00
2010.09.13 05:01:51.118,1.65745,1.6579,1.00,2.00
2010.09.13 05:01:51.337,1.65745,1.6579,1.00,1.60
2010.09.13 05:01:51.904,1.65745,1.6579,1.00,1.00
2010.09.13 05:01:52.198,1.6574,1.6579,1.00,1.60
2010.09.13 05:01:52.484,1.65745,1.65795,1.00,2.10
2010.09.13 05:01:52.777,1.6575,1.6579,1.00,1.50
2010.09.13 05:01:53.992,1.6575,1.6579,1.00,1.00
2010.09.13 05:01:54.574,1.65745,1.65785,1.00,1.00
2010.09.13 05:01:58.934,1.65735,1.65785,1.00,1.00
2010.09.13 05:01:59.175,1.6573,1.65775,1.00,1.00
2010.09.13 05:01:59.654,1.6573,1.6578,1.00,1.00
2010.09.13 05:01:59.895,1.6573,1.65775,1.00,1.00
2010.09.13 05:02:00.195,1.6573,1.65775,1.00,2.10
2010.09.13 05:02:01.038,1.6573,1.65775,1.00,2.00
2010.09.13 05:02:01.194,1.6573,1.65775,1.00,2.10
2010.09.13 05:02:02.031,1.65725,1.65775,1.00,2.10
2010.09.13 05:02:02.185,1.6573,1.65775,1.00,2.00
2010.09.13 05:02:02.313,1.6573,1.65775,1.00,1.00
2010.09.13 05:02:02.899,1.65725,1.65775,1.00,1.00
2010.09.13 05:02:03.025,1.65725,1.65775,1.00,2.10
2010.09.13 05:02:03.833,1.65725,1.6577,1.00,1.00
2010.09.13 05:02:06.119,1.6573,1.65775,1.00,2.00
2010.09.13 05:02:06.299,1.6573,1.65775,1.00,1.00
2010.09.13 05:02:06.383,1.6573,1.65775,1.00,1.00
2010.09.13 05:02:06.511,1.6573,1.65775,1.00,1.60
2010.09.13 05:02:06.593,1.6573,1.65775,1.00,2.00
2010.09.13 05:02:06.753,1.6573,1.65775,1.00,1.00
2010.09.13 05:02:08.116,1.65725,1.65765,1.00,1.00
2010.09.13 05:02:08.364,1.65725,1.6577,1.00,1.00
2010.09.13 05:02:09.269,1.65725,1.6577,1.00,2.00
2010.09.13 05:02:09.615,1.65725,1.65765,1.00,3.60
2010.09.13 05:02:09.954,1.6572,1.65765,1.00,1.00
2010.09.13 05:02:11.398,1.6573,1.65775,1.00,1.60
2010.09.13 05:02:11.717,1.65735,1.65775,1.00,1.60
2010.09.13 05:02:13.391,1.65735,1.6577,1.00,1.00
2010.09.13 05:02:13.589,1.6572,1.65765,1.00,1.00
2010.09.13 05:02:13.918,1.6572,1.6577,1.00,2.00
2010.09.13 05:02:14.244,1.6572,1.6577,1.00,1.00
2010.09.13 05:02:14.574,1.65725,1.65775,1.00,1.00
2010.09.13 05:02:14.853,1.6572,1.65765,1.00,1.00
2010.09.13 05:02:15.763,1.6573,1.6577,1.00,1.00
2010.09.13 05:02:17.172,1.65725,1.65765,1.00,1.00
2010.09.13 05:02:19.163,1.6573,1.6577,1.00,1.00
2010.09.13 05:02:19.848,1.65725,1.6577,1.00,1.00
2010.09.13 05:02:20.016,1.6573,1.65775,1.00,1.00
2010.09.13 05:02:20.184,1.6573,1.65775,1.00,1.00
2010.09.13 05:02:20.425,1.65725,1.6577,1.00,1.00
2010.09.13 05:02:21.874,1.6573,1.65775,1.00,1.00
2010.09.13 05:02:22.453,1.6573,1.6577,1.00,1.00
2010.09.13 05:02:23.033,1.6573,1.65775,1.00,1.00
2010.09.13 05:02:23.778,1.6573,1.65775,1.00,1.00
2010.09.13 05:02:25.793,1.65725,1.6577,1.00,1.00
2010.09.13 05:02:27.044,1.6572,1.6577,1.00,1.00
2010.09.13 05:02:27.714,1.6573,1.65775,1.00,1.00
2010.09.13 05:02:27.903,1.6573,1.65775,1.00,1.00
2010.09.13 05:02:28.790,1.65725,1.65775,1.00,1.00
2010.09.13 05:02:29.634,1.6573,1.65775,1.00,1.00
2010.09.13 05:02:33.164,1.6573,1.65785,1.00,4.00
2010.09.13 05:02:33.363,1.6573,1.65775,1.00,1.00
2010.09.13 05:02:34.037,1.6573,1.6578,1.00,1.00
2010.09.13 05:02:35.213,1.65735,1.6578,1.00,1.00
2010.09.13 05:02:36.135,1.6573,1.65775,1.00,1.00
2010.09.13 05:02:38.697,1.65725,1.65775,1.00,1.00
2010.09.13 05:02:40.435,1.6573,1.6578,1.00,1.00
2010.09.13 05:02:41.527,1.65735,1.6578,1.00,1.00
2010.09.13 05:02:41.865,1.6574,1.65785,1.00,1.00
2010.09.13 05:02:42.203,1.6574,1.65785,1.00,1.00
2010.09.13 05:02:42.545,1.65735,1.6578,1.00,1.00
2010.09.13 05:02:42.824,1.65735,1.65785,1.00,1.00
2010.09.13 05:02:43.103,1.65735,1.65785,1.00,1.00
2010.09.13 05:02:43.677,1.6574,1.65785,1.00,1.00
2010.09.13 05:02:44.294,1.65735,1.6578,1.00,1.00
2010.09.13 05:02:44.604,1.65745,1.65785,1.00,1.00
2010.09.13 05:02:44.914,1.65745,1.6579,1.00,1.00
2010.09.13 05:02:45.994,1.6574,1.65785,1.00,1.00
2010.09.13 05:02:46.554,1.65735,1.65785,1.70,1.00
2010.09.13 05:02:47.184,1.65735,1.6578,1.00,1.00
2010.09.13 05:02:47.333,1.65735,1.65785,1.00,1.00
2010.09.13 05:02:47.483,1.65735,1.65785,1.70,1.00
2010.09.13 05:02:47.635,1.65735,1.6578,1.00,1.00
2010.09.13 05:02:49.310,1.6574,1.6578,1.00,1.00
2010.09.13 05:02:49.323,1.6574,1.6578,1.00,1.00
2010.09.13 05:03:01.265,1.65735,1.65775,1.00,1.00
2010.09.13 05:03:01.325,1.65735,1.65775,1.00,1.00
2010.09.13 05:03:03.383,1.6574,1.6578,1.00,1.00
2010.09.13 05:03:03.553,1.6574,1.6578,1.00,1.00
2010.09.13 05:03:03.594,1.6573,1.65775,1.00,1.00
2010.09.13 05:03:03.764,1.6573,1.65775,1.00,1.00
2010.09.13 05:03:05.630,1.6573,1.6577,1.00,1.00
2010.09.13 05:03:06.109,1.6573,1.65765,1.00,1.00
2010.09.13 05:03:07.095,1.6573,1.6577,1.00,1.00
2010.09.13 05:03:08.386,1.65735,1.65785,1.00,1.00
2010.09.13 05:03:09.403,1.6574,1.6578,1.00,1.00
2010.09.13 05:03:15.713,1.65735,1.65775,1.00,1.00
2010.09.13 05:03:15.883,1.6573,1.65775,1.00,1.00
2010.09.13 05:03:16.523,1.6573,1.6578,1.00,1.00
2010.09.13 05:03:17.700,1.65735,1.6578,1.00,1.00
2010.09.13 05:03:18.144,1.6574,1.6578,1.00,1.00
2010.09.13 05:03:24.904,1.65735,1.6578,1.00,1.00
2010.09.13 05:03:25.895,1.65735,1.65775,1.00,1.00
2010.09.13 05:03:26.697,1.65725,1.65775,1.00,1.00
2010.09.13 05:03:27.253,1.65725,1.65775,1.00,1.00
2010.09.13 05:03:27.813,1.65725,1.6577,1.00,1.00
2010.09.13 05:03:28.094,1.6572,1.65765,1.00,1.00
2010.09.13 05:03:28.867,1.65725,1.6577,1.00,1.00
2010.09.13 05:03:28.993,1.65725,1.65775,1.00,1.00
2010.09.13 05:03:29.113,1.6572,1.6577,1.00,1.00
2010.09.13 05:03:29.394,1.65715,1.6576,1.00,1.00
2010.09.13 05:03:29.685,1.65705,1.65755,1.00,1.00
2010.09.13 05:03:29.975,1.657,1.6575,1.00,1.00
2010.09.13 05:03:30.680,1.65705,1.65755,1.00,1.00
2010.09.13 05:03:31.089,1.6571,1.6576,1.00,1.00
2010.09.13 05:03:31.783,1.6571,1.6575,1.00,1.00
2010.09.13 05:03:33.133,1.65715,1.6575,1.00,1.00
2010.09.13 05:03:33.870,1.65715,1.65755,1.00,1.00
2010.09.13 05:03:36.033,1.6572,1.6576,1.00,1.00
2010.09.13 05:03:36.744,1.6572,1.6576,1.00,1.00
2010.09.13 05:03:38.143,1.65725,1.6576,1.00,1.00
2010.09.13 05:03:40.644,1.6572,1.65755,1.00,1.00
2010.09.13 05:03:41.675,1.65725,1.6576,1.00,1.00
2010.09.13 05:03:45.853,1.65725,1.65765,1.00,1.00
2010.09.13 05:03:46.383,1.6573,1.65775,1.00,1.00
2010.09.13 05:03:46.563,1.6573,1.65775,1.00,1.00
2010.09.13 05:03:46.905,1.65715,1.65725,6.40,1.00
2010.09.13 05:03:47.084,1.6569,1.65705,1.60,1.00
2010.09.13 05:03:47.827,1.65625,1.6568,1.00,1.00
2010.09.13 05:03:49.009,1.6562,1.65675,1.00,1.00
2010.09.13 05:03:49.344,1.6562,1.6567,1.00,1.00
2010.09.13 05:03:49.584,1.65625,1.65655,1.00,1.00
2010.09.13 05:03:50.352,1.65635,1.65665,1.00,1.00
2010.09.13 05:03:50.584,1.6565,1.657,3.20,1.00
2010.09.13 05:03:50.786,1.6565,1.657,6.40,1.00
2010.09.13 05:03:51.845,1.65655,1.657,6.40,1.00
2010.09.13 05:03:52.183,1.65655,1.657,1.00,1.00
2010.09.13 05:03:52.524,1.6565,1.65695,6.40,1.00
2010.09.13 05:03:53.369,1.6566,1.65695,1.00,1.00
2010.09.13 05:03:53.648,1.65665,1.65715,6.40,1.00
2010.09.13 05:03:54.285,1.65665,1.65715,6.50,1.00
2010.09.13 05:03:54.604,1.65665,1.65715,6.40,1.00
2010.09.13 05:03:55.363,1.65665,1.6571,6.50,1.00
2010.09.13 05:03:55.588,1.65665,1.6571,1.00,1.00
2010.09.13 05:03:55.816,1.6568,1.65715,1.00,1.00
2010.09.13 05:03:56.164,1.6568,1.65735,1.00,1.00
2010.09.13 05:03:56.916,1.6568,1.6573,1.00,1.00
2010.09.13 05:03:57.936,1.65685,1.65735,1.00,1.00
2010.09.13 05:03:58.054,1.6569,1.6574,1.00,1.00
2010.09.13 05:03:58.293,1.65685,1.6574,1.00,1.00
2010.09.13 05:03:58.935,1.65695,1.65745,1.00,1.00
2010.09.13 05:03:59.613,1.65695,1.6574,1.00,1.00
2010.09.13 05:03:59.955,1.65695,1.6574,1.00,1.00
2010.09.13 05:04:00.114,1.65695,1.6574,1.00,1.00
2010.09.13 05:04:00.593,1.65695,1.65745,1.00,1.00
2010.09.13 05:04:00.753,1.657,1.6575,1.00,1.00
2010.09.13 05:04:01.571,1.65705,1.6575,1.00,1.00
2010.09.13 05:04:03.284,1.65705,1.65745,1.00,1.00
2010.09.13 05:04:03.676,1.6571,1.65755,1.00,1.00
2010.09.13 05:04:03.875,1.6571,1.6576,1.00,1.00
2010.09.13 05:04:07.604,1.65705,1.65755,1.00,1.00
2010.09.13 05:04:09.627,1.65705,1.6575,1.00,1.00
2010.09.13 05:04:10.184,1.657,1.6575,1.00,1.00
2010.09.13 05:04:10.353,1.657,1.6575,1.00,1.00
2010.09.13 05:04:11.187,1.65705,1.6575,1.00,1.00
2010.09.13 05:04:12.303,1.6571,1.6575,1.00,1.00
2010.09.13 05:04:12.724,1.65705,1.6575,1.00,1.00
2010.09.13 05:04:13.145,1.657,1.6575,1.00,1.00
2010.09.13 05:04:14.036,1.65705,1.6575,1.00,1.00
2010.09.13 05:04:14.715,1.65705,1.65745,1.00,1.00
2010.09.13 05:04:16.714,1.657,1.6574,1.00,1.00
2010.09.13 05:04:17.193,1.65705,1.65745,1.00,1.00
2010.09.13 05:04:17.883,1.6569,1.65735,1.00,1.00
2010.09.13 05:04:17.933,1.6569,1.65735,1.00,1.00
2010.09.13 05:04:18.203,1.65685,1.65735,1.00,1.00
2010.09.13 05:04:18.875,1.6569,1.65735,1.00,1.00
2010.09.13 05:04:19.214,1.6569,1.65735,1.00,1.00
2010.09.13 05:04:20.234,1.6569,1.6573,1.00,1.00
2010.09.13 05:04:21.916,1.65695,1.65735,1.00,1.00
2010.09.13 05:04:24.513,1.65695,1.65735,1.00,1.00
2010.09.13 05:04:26.696,1.6569,1.6573,1.00,1.00
2010.09.13 05:04:27.407,1.6569,1.6574,1.00,1.00
2010.09.13 05:04:27.703,1.6569,1.6574,1.00,1.00
2010.09.13 05:04:27.884,1.6569,1.6574,1.00,1.00
2010.09.13 05:04:28.067,1.6569,1.6573,1.00,1.00
2010.09.13 05:04:28.741,1.6569,1.6574,1.00,1.00
2010.09.13 05:04:30.225,1.65695,1.6575,1.00,1.00
2010.09.13 05:04:30.325,1.65695,1.6575,1.00,1.00
2010.09.13 05:04:30.424,1.65705,1.6575,3.20,1.00
2010.09.13 05:04:30.953,1.65705,1.6575,3.20,1.00
2010.09.13 05:04:31.055,1.65705,1.65755,3.60,1.00
2010.09.13 05:04:31.295,1.65705,1.65755,3.20,1.00
2010.09.13 05:04:31.535,1.65705,1.65745,3.20,1.00
2010.09.13 05:04:31.776,1.6569,1.65735,3.20,1.00
2010.09.13 05:04:32.015,1.6569,1.65725,3.20,1.00
2010.09.13 05:04:32.669,1.6567,1.6572,1.00,1.00
2010.09.13 05:04:33.344,1.6567,1.6572,1.00,1.00
2010.09.13 05:04:33.534,1.6567,1.65715,1.00,1.00
2010.09.13 05:04:33.723,1.65655,1.6571,1.00,1.00
2010.09.13 05:04:34.640,1.65675,1.6574,2.00,1.00
2010.09.13 05:04:34.846,1.65675,1.65735,5.20,1.00
2010.09.13 05:04:35.047,1.6568,1.65735,1.00,1.00
2010.09.13 05:04:35.248,1.6568,1.65745,1.00,1.00
2010.09.13 05:04:36.017,1.6568,1.6572,1.00,1.00
2010.09.13 05:04:36.294,1.6568,1.65735,1.00,5.50
2010.09.13 05:04:36.575,1.6568,1.65735,1.00,1.00
2010.09.13 05:04:38.065,1.65685,1.6573,1.00,1.00
2010.09.13 05:04:38.216,1.6569,1.65735,1.00,1.00
2010.09.13 05:04:38.514,1.6569,1.65735,1.00,1.00
2010.09.13 05:04:39.773,1.6569,1.65735,1.00,1.00
2010.09.13 05:04:39.974,1.6569,1.65735,1.00,1.00
2010.09.13 05:04:41.324,1.65695,1.65735,1.00,1.00
2010.09.13 05:04:41.984,1.65695,1.6574,1.00,1.00
2010.09.13 05:04:42.678,1.65695,1.6574,1.00,1.00
2010.09.13 05:04:43.393,1.657,1.6574,1.00,1.00
2010.09.13 05:04:43.984,1.65695,1.65735,1.00,1.00
2010.09.13 05:04:45.109,1.65695,1.6573,1.00,1.00
2010.09.13 05:04:46.625,1.65695,1.65735,1.00,1.00
2010.09.13 05:04:47.145,1.657,1.65735,1.00,1.00
2010.09.13 05:04:47.649,1.65695,1.6573,1.00,1.00
2010.09.13 05:04:50.769,1.657,1.65745,1.00,1.00
2010.09.13 05:04:51.571,1.657,1.65745,1.00,1.00
2010.09.13 05:04:52.113,1.65705,1.65745,1.00,1.00
2010.09.13 05:04:53.028,1.6571,1.65745,1.00,1.00
2010.09.13 05:04:53.981,1.6571,1.65745,1.00,1.00
2010.09.13 05:04:54.257,1.6571,1.65755,1.00,1.00
2010.09.13 05:04:54.334,1.65715,1.65755,1.00,1.00
2010.09.13 05:04:56.797,1.6572,1.65755,1.00,1.00
2010.09.13 05:05:03.333,1.65715,1.65755,1.00,1.00
2010.09.13 05:05:03.453,1.65715,1.6575,1.00,1.00
2010.09.13 05:05:04.853,1.6572,1.65755,1.00,1.00
2010.09.13 05:05:11.874,1.6571,1.6575,1.00,1.00
2010.09.13 05:05:12.788,1.6571,1.6575,1.00,1.00
2010.09.13 05:05:12.816,1.65705,1.6575,1.00,1.00
2010.09.13 05:05:13.504,1.65705,1.6575,1.00,1.00
2010.09.13 05:05:14.177,1.65705,1.6575,1.00,1.00
2010.09.13 05:05:14.510,1.6571,1.6575,1.00,1.00
2010.09.13 05:05:15.155,1.65695,1.65735,1.00,1.00
2010.09.13 05:05:16.895,1.657,1.65735,1.00,1.00
2010.09.13 05:05:17.441,1.657,1.6574,1.00,1.00
2010.09.13 05:05:17.553,1.657,1.6574,1.00,1.00
2010.09.13 05:05:18.224,1.65705,1.65745,1.00,1.00
2010.09.13 05:05:18.445,1.657,1.6575,1.00,1.00
2010.09.13 05:05:18.554,1.657,1.6574,1.00,1.00
2010.09.13 05:05:18.845,1.657,1.6574,1.00,1.00
2010.09.13 05:05:20.020,1.65705,1.6575,1.00,1.00
2010.09.13 05:05:22.024,1.65705,1.6575,1.00,1.00
2010.09.13 05:05:22.204,1.65705,1.65745,1.00,1.00
2010.09.13 05:05:24.224,1.65695,1.65745,1.00,1.00
2010.09.13 05:05:25.918,1.657,1.65745,1.00,1.00
2010.09.13 05:05:26.414,1.657,1.6574,1.00,1.00
2010.09.13 05:05:29.995,1.657,1.65745,1.00,1.00
2010.09.13 05:05:30.273,1.657,1.6575,1.00,1.00
2010.09.13 05:05:31.005,1.65705,1.6575,1.00,1.00
2010.09.13 05:05:31.949,1.6571,1.6575,1.00,1.00
2010.09.13 05:05:33.046,1.65705,1.65745,1.00,1.00
2010.09.13 05:05:34.493,1.65705,1.6575,1.00,1.00
2010.09.13 05:05:34.735,1.657,1.6575,6.50,1.00
2010.09.13 05:05:35.606,1.657,1.6575,1.00,1.00
2010.09.13 05:05:36.533,1.65705,1.6575,1.00,1.00
2010.09.13 05:05:36.813,1.65705,1.65745,1.00,1.00
2010.09.13 05:05:39.024,1.657,1.65745,1.00,1.00
2010.09.13 05:05:39.333,1.657,1.65745,1.00,1.00
2010.09.13 05:05:40.076,1.657,1.6574,1.00,1.00
2010.09.13 05:05:40.196,1.65705,1.65745,1.00,1.00
2010.09.13 05:05:41.105,1.657,1.65745,1.00,1.00
2010.09.13 05:05:41.175,1.657,1.65745,1.00,1.00
2010.09.13 05:05:42.927,1.657,1.6574,1.00,1.00
2010.09.13 05:05:45.583,1.657,1.65745,1.00,1.00
2010.09.13 05:05:45.671,1.657,1.65745,1.00,1.00
2010.09.13 05:05:46.475,1.65705,1.65745,1.00,1.00
2010.09.13 05:05:53.075,1.65705,1.6575,1.00,1.00
2010.09.13 05:05:54.648,1.6571,1.65755,1.00,1.00
2010.09.13 05:05:55.993,1.65705,1.6575,1.00,1.00
2010.09.13 05:05:56.154,1.65705,1.65755,1.00,1.00
2010.09.13 05:05:56.244,1.65695,1.6575,6.50,1.00
2010.09.13 05:05:56.336,1.65695,1.6575,1.00,1.00
2010.09.13 05:05:56.425,1.65695,1.65745,1.00,1.00
2010.09.13 05:05:57.048,1.65695,1.65745,1.00,1.00
2010.09.13 05:05:57.333,1.65695,1.6574,1.00,1.00
2010.09.13 05:05:58.153,1.6569,1.6574,1.00,1.00
2010.09.13 05:05:59.522,1.6569,1.65735,1.00,1.00
2010.09.13 05:05:59.644,1.65695,1.65735,1.00,1.00
2010.09.13 05:06:01.271,1.65695,1.6574,1.00,1.00
2010.09.13 05:06:01.439,1.6569,1.6574,1.00,1.00
2010.09.13 05:06:01.695,1.65695,1.6574,1.00,1.00
2010.09.13 05:06:02.793,1.657,1.65735,1.00,1.00
2010.09.13 05:06:04.223,1.657,1.6574,1.00,1.00
2010.09.13 05:06:05.924,1.6569,1.65735,1.00,1.00
2010.09.13 05:06:06.851,1.6569,1.6573,1.00,1.00
2010.09.13 05:06:08.381,1.6569,1.65725,1.00,1.00
2010.09.13 05:06:08.571,1.6568,1.65725,1.00,1.00
2010.09.13 05:06:08.758,1.6568,1.65705,1.00,1.00
2010.09.13 05:06:08.950,1.6566,1.65705,1.00,1.00
2010.09.13 05:06:09.836,1.6566,1.65705,1.00,1.00
2010.09.13 05:06:10.746,1.6566,1.657,1.00,1.00
2010.09.13 05:06:11.255,1.65665,1.657,1.00,1.00
2010.09.13 05:06:11.976,1.6565,1.65695,1.00,1.00
2010.09.13 05:06:12.264,1.6565,1.65695,1.00,1.00
2010.09.13 05:06:12.843,1.6565,1.6569,1.00,1.00
2010.09.13 05:06:13.344,1.65655,1.657,1.00,1.00
2010.09.13 05:06:14.132,1.6566,1.65705,1.00,1.00
2010.09.13 05:06:15.253,1.65665,1.6571,1.00,1.00
2010.09.13 05:06:16.143,1.6566,1.6571,1.00,1.00
2010.09.13 05:06:16.276,1.65665,1.6571,1.00,1.00
2010.09.13 05:06:17.054,1.65665,1.65705,1.00,1.00
2010.09.13 05:06:33.304,1.6567,1.6571,1.00,1.00
2010.09.13 05:06:44.804,1.6567,1.6572,1.00,1.00
2010.09.13 05:06:45.024,1.6567,1.6572,1.00,1.00
2010.09.13 05:06:46.085,1.65675,1.6572,1.00,1.00
2010.09.13 05:06:47.545,1.6567,1.6572,1.00,1.00
2010.09.13 05:06:47.616,1.6567,1.6572,1.00,1.00
2010.09.13 05:06:48.613,1.65675,1.6572,1.00,1.00
2010.09.13 05:06:48.954,1.6568,1.65725,1.00,1.00
2010.09.13 05:06:49.633,1.65685,1.65725,1.00,1.00
2010.09.13 05:06:50.143,1.6568,1.6572,1.00,1.00
2010.09.13 05:06:50.844,1.6568,1.65725,1.00,1.00
2010.09.13 05:06:51.025,1.6568,1.65725,1.00,1.00
2010.09.13 05:06:51.273,1.6568,1.65725,1.00,1.00
2010.09.13 05:06:51.513,1.6568,1.65725,1.00,1.00
2010.09.13 05:06:52.104,1.6568,1.6573,1.00,1.00
2010.09.13 05:06:52.378,1.65685,1.65735,1.00,1.00
2010.09.13 05:06:53.184,1.65685,1.6573,1.00,1.00
2010.09.13 05:06:53.884,1.65695,1.65735,1.00,1.00
2010.09.13 05:06:54.054,1.65695,1.6574,1.00,1.00
2010.09.13 05:06:54.224,1.65695,1.65745,1.00,1.00
2010.09.13 05:06:54.476,1.65695,1.65745,1.00,1.00
2010.09.13 05:06:55.428,1.657,1.6575,1.00,1.00
2010.09.13 05:06:55.983,1.657,1.65745,1.00,1.00
2010.09.13 05:06:56.175,1.65705,1.6575,1.00,1.00
2010.09.13 05:06:57.115,1.65705,1.65745,1.00,1.00
2010.09.13 05:06:58.173,1.65705,1.65745,1.00,1.00
2010.09.13 05:06:58.345,1.6571,1.65755,1.00,1.00
2010.09.13 05:06:59.025,1.65705,1.6575,1.00,1.00
2010.09.13 05:07:01.406,1.65705,1.65745,1.00,1.00
2010.09.13 05:07:01.758,1.657,1.65745,1.00,1.00
2010.09.13 05:07:01.830,1.657,1.65745,1.00,1.00
2010.09.13 05:07:02.719,1.657,1.65745,1.00,1.00
2010.09.13 05:07:04.403,1.657,1.6574,1.00,1.00
2010.09.13 05:07:07.838,1.65705,1.65745,1.00,1.00
2010.09.13 05:07:08.775,1.65715,1.6577,1.00,1.00
2010.09.13 05:07:09.122,1.6572,1.65765,1.00,1.00
2010.09.13 05:07:09.350,1.65715,1.6576,1.00,1.00
2010.09.13 05:07:09.970,1.6571,1.6576,1.00,1.00
2010.09.13 05:07:10.185,1.65705,1.65755,1.00,1.00
2010.09.13 05:07:10.863,1.657,1.6575,1.00,1.00
2010.09.13 05:07:11.745,1.657,1.65745,1.00,1.00
2010.09.13 05:07:12.678,1.6569,1.6574,1.00,1.00
2010.09.13 05:07:12.844,1.65695,1.65745,1.00,1.60
2010.09.13 05:07:13.014,1.65695,1.6574,1.00,1.00
2010.09.13 05:07:13.343,1.6569,1.6574,1.00,1.00
2010.09.13 05:07:14.227,1.65695,1.65745,1.00,1.00
2010.09.13 05:07:14.513,1.65695,1.6574,1.00,1.00
2010.09.13 05:07:15.830,1.657,1.65755,1.00,1.50
2010.09.13 05:07:16.068,1.65705,1.65755,1.00,1.00
2010.09.13 05:07:16.144,1.6571,1.65755,1.00,1.00
2010.09.13 05:07:17.073,1.65715,1.6576,1.00,1.00
2010.09.13 05:07:18.274,1.65715,1.65755,1.00,1.00
2010.09.13 05:07:18.783,1.65715,1.6576,1.00,1.00
2010.09.13 05:07:19.594,1.65715,1.65755,1.00,1.00
2010.09.13 05:07:21.433,1.6571,1.65755,1.00,1.00
2010.09.13 05:07:21.605,1.65705,1.6575,1.00,1.00
2010.09.13 05:07:22.140,1.65705,1.6575,1.00,1.00
2010.09.13 05:07:22.317,1.65705,1.6575,1.00,1.00
2010.09.13 05:07:22.434,1.6571,1.6575,1.00,2.10
2010.09.13 05:07:23.178,1.6571,1.6575,1.00,1.00
2010.09.13 05:07:23.494,1.6571,1.6575,1.00,1.00
2010.09.13 05:07:26.424,1.6571,1.6575,1.00,1.00
2010.09.13 05:07:27.095,1.6571,1.65755,1.00,1.00
2010.09.13 05:07:28.203,1.65715,1.65755,1.00,1.00
2010.09.13 05:07:28.603,1.6572,1.65755,1.00,1.00
2010.09.13 05:07:28.794,1.65715,1.65755,1.00,1.00
2010.09.13 05:07:30.253,1.65715,1.6575,1.00,1.00
2010.09.13 05:07:31.153,1.6571,1.6575,1.00,1.00
2010.09.13 05:07:31.884,1.65705,1.65745,1.00,1.00
2010.09.13 05:07:33.693,1.657,1.65745,1.00,1.00
2010.09.13 05:07:34.412,1.657,1.65745,1.00,1.00
2010.09.13 05:07:35.105,1.657,1.6574,1.00,1.00
2010.09.13 05:07:40.437,1.6569,1.6574,1.00,1.00
2010.09.13 05:07:40.484,1.6569,1.6574,1.00,1.00
2010.09.13 05:07:40.590,1.6569,1.65735,1.00,1.00
2010.09.13 05:07:42.135,1.65695,1.65735,1.00,1.00
2010.09.13 05:07:43.267,1.65685,1.65725,1.00,1.00
2010.09.13 05:07:43.354,1.65685,1.6573,1.00,1.00
2010.09.13 05:07:43.526,1.6569,1.6573,1.00,1.00
2010.09.13 05:07:43.774,1.6569,1.65735,1.00,3.20
2010.09.13 05:07:43.943,1.65695,1.65735,1.00,3.20
2010.09.13 05:07:44.807,1.65705,1.65755,1.00,1.00
2010.09.13 05:07:45.146,1.65715,1.6576,1.00,1.00
2010.09.13 05:07:45.486,1.6572,1.65775,1.00,3.80
2010.09.13 05:07:45.724,1.6572,1.6578,1.00,3.90
2010.09.13 05:07:46.350,1.65725,1.6578,1.00,3.30
2010.09.13 05:07:46.600,1.65725,1.6578,1.00,1.00
2010.09.13 05:07:47.163,1.65725,1.6578,1.00,1.00
2010.09.13 05:07:48.163,1.65735,1.6578,1.00,1.00
2010.09.13 05:07:48.647,1.6573,1.6578,1.00,1.00
2010.09.13 05:07:48.864,1.65735,1.6578,1.00,1.00
2010.09.13 05:07:49.784,1.65735,1.6578,1.00,1.00
2010.09.13 05:07:52.555,1.6573,1.6578,1.00,1.00
2010.09.13 05:07:54.016,1.65735,1.6578,1.00,1.00
2010.09.13 05:07:56.428,1.6574,1.6579,1.00,1.00
2010.09.13 05:07:58.053,1.65745,1.6579,1.00,1.00
2010.09.13 05:08:05.376,1.65745,1.65795,1.00,1.00
2010.09.13 05:08:05.593,1.65745,1.65795,1.00,1.00
2010.09.13 05:08:05.952,1.6575,1.65795,1.00,1.00
2010.09.13 05:08:07.775,1.65755,1.658,1.00,1.00
2010.09.13 05:08:08.035,1.6575,1.658,1.00,1.00
2010.09.13 05:08:08.364,1.65745,1.658,1.00,1.00
2010.09.13 05:08:08.854,1.65745,1.65795,1.00,1.00
2010.09.13 05:08:09.013,1.65745,1.65795,1.00,1.00
2010.09.13 05:08:09.787,1.6574,1.6579,1.00,1.00
2010.09.13 05:08:10.136,1.6573,1.65775,1.00,1.00
2010.09.13 05:08:11.236,1.6573,1.65775,1.00,1.00
2010.09.13 05:08:11.344,1.65735,1.65775,1.00,1.00
2010.09.13 05:08:11.563,1.65735,1.6578,1.00,1.00
2010.09.13 05:08:12.334,1.65735,1.65785,1.00,1.00
2010.09.13 05:08:12.644,1.6574,1.65785,1.00,1.00
2010.09.13 05:08:12.793,1.6574,1.65785,1.00,1.00
2010.09.13 05:08:12.944,1.65735,1.65785,1.00,1.00
2010.09.13 05:08:13.105,1.65725,1.65785,1.00,1.00
2010.09.13 05:08:13.264,1.65725,1.65775,1.00,1.00
2010.09.13 05:08:13.505,1.65725,1.65785,1.00,1.00
2010.09.13 05:08:14.263,1.6573,1.65775,1.00,1.00
2010.09.13 05:08:14.804,1.6573,1.65775,1.00,1.00
2010.09.13 05:08:16.004,1.6573,1.6577,1.00,1.00
2010.09.13 05:08:18.098,1.65725,1.6577,1.00,1.00
2010.09.13 05:08:18.443,1.65725,1.65765,1.00,1.00
2010.09.13 05:08:19.254,1.65725,1.65765,1.00,1.00
2010.09.13 05:08:20.830,1.6573,1.65775,1.00,1.00
2010.09.13 05:08:20.966,1.6573,1.65775,1.00,1.00
2010.09.13 05:08:21.615,1.6573,1.65775,1.00,1.00
2010.09.13 05:08:21.866,1.65725,1.65775,1.00,1.00
2010.09.13 05:08:21.933,1.65725,1.65775,1.00,1.90
2010.09.13 05:08:22.056,1.6573,1.65765,1.00,1.00
2010.09.13 05:08:22.123,1.6573,1.65765,1.00,1.00
2010.09.13 05:08:22.463,1.6573,1.65775,1.00,1.00
2010.09.13 05:08:23.108,1.65725,1.6577,1.00,1.00
2010.09.13 05:08:24.107,1.6573,1.6577,1.00,1.00
2010.09.13 05:08:25.905,1.65735,1.65775,1.00,1.00
2010.09.13 05:08:26.580,1.6573,1.65775,1.00,1.00
2010.09.13 05:08:27.194,1.6573,1.6577,1.00,1.00
2010.09.13 05:08:39.024,1.65725,1.6577,1.00,1.00
2010.09.13 05:08:40.819,1.65725,1.6577,1.00,1.00
2010.09.13 05:08:42.131,1.65725,1.6577,1.00,1.00
2010.09.13 05:08:42.984,1.6571,1.65765,1.00,1.00
2010.09.13 05:08:43.640,1.6571,1.65765,1.00,3.60
2010.09.13 05:08:44.074,1.6571,1.65765,1.00,5.10
2010.09.13 05:08:44.356,1.6571,1.65755,1.00,1.00
2010.09.13 05:08:45.204,1.65705,1.65755,1.00,1.00
2010.09.13 05:08:45.855,1.657,1.6575,1.00,1.00
2010.09.13 05:08:46.193,1.65705,1.6575,1.00,1.00
2010.09.13 05:08:46.701,1.657,1.65745,1.00,1.00
2010.09.13 05:08:49.183,1.657,1.6574,1.00,1.00
2010.09.13 05:08:51.665,1.65705,1.65745,1.00,1.00
2010.09.13 05:08:52.363,1.657,1.6574,1.00,1.00
2010.09.13 05:08:53.256,1.65705,1.65745,1.00,1.00
2010.09.13 05:08:54.273,1.6571,1.65745,1.00,1.00
2010.09.13 05:08:55.733,1.65705,1.6574,1.00,1.00
2010.09.13 05:08:56.114,1.657,1.6574,1.00,1.00
2010.09.13 05:09:00.677,1.657,1.6574,1.00,1.00
2010.09.13 05:09:01.873,1.657,1.6574,1.00,1.00
2010.09.13 05:09:03.123,1.65705,1.65745,1.00,1.00
2010.09.13 05:09:03.273,1.65705,1.65745,1.00,1.00
2010.09.13 05:09:05.264,1.657,1.65745,1.00,1.00
2010.09.13 05:09:07.147,1.657,1.6574,1.00,1.00
2010.09.13 05:09:12.472,1.65705,1.65745,1.00,1.00
2010.09.13 05:09:13.226,1.65705,1.65755,1.00,1.00
2010.09.13 05:09:13.345,1.65705,1.6576,1.00,1.00
2010.09.13 05:09:13.585,1.65715,1.65765,1.00,4.60
2010.09.13 05:09:13.705,1.6572,1.6577,1.00,1.60
2010.09.13 05:09:13.824,1.6572,1.6577,1.00,1.00
2010.09.13 05:09:14.185,1.6572,1.6577,1.00,1.00
2010.09.13 05:09:15.444,1.65725,1.65765,1.00,1.00
2010.09.13 05:09:16.038,1.6572,1.65765,1.00,1.00
2010.09.13 05:09:17.075,1.6572,1.6577,1.00,3.20
2010.09.13 05:09:17.223,1.6572,1.65765,1.00,1.00
2010.09.13 05:09:17.364,1.6572,1.6577,1.00,3.60
2010.09.13 05:09:17.880,1.65725,1.6577,1.00,3.60
2010.09.13 05:09:18.444,1.65715,1.6576,1.00,1.00
2010.09.13 05:09:18.734,1.65715,1.6576,1.00,1.00
2010.09.13 05:09:19.293,1.65715,1.6576,1.00,1.00
2010.09.13 05:09:20.748,1.65715,1.6576,1.00,1.00
2010.09.13 05:09:21.053,1.6572,1.6576,1.00,1.00
2010.09.13 05:09:21.763,1.6572,1.6576,1.00,1.00
2010.09.13 05:09:22.915,1.6572,1.6576,1.00,1.00
2010.09.13 05:09:25.444,1.65715,1.65755,1.00,1.00
2010.09.13 05:09:25.623,1.65715,1.65755,1.00,1.00
2010.09.13 05:09:25.804,1.65715,1.6575,1.00,1.00
2010.09.13 05:09:26.074,1.65715,1.65755,1.00,1.00
2010.09.13 05:09:27.345,1.65715,1.6575,1.00,1.00
2010.09.13 05:09:31.477,1.65715,1.65755,1.00,1.00
2010.09.13 05:09:31.861,1.65715,1.65755,1.00,1.00
2010.09.13 05:09:31.981,1.65715,1.6576,1.00,1.00
2010.09.13 05:09:33.414,1.6572,1.65765,1.00,1.00
2010.09.13 05:09:34.194,1.6572,1.6576,1.00,1.00
2010.09.13 05:09:35.094,1.6572,1.6576,1.00,1.00
2010.09.13 05:09:35.764,1.6572,1.6576,1.00,1.00
2010.09.13 05:09:37.137,1.65715,1.6576,1.00,1.00
2010.09.13 05:09:38.124,1.6572,1.65755,1.00,1.00
2010.09.13 05:09:38.886,1.65715,1.6575,1.00,1.00
2010.09.13 05:09:39.740,1.65715,1.65755,1.00,1.00
2010.09.13 05:09:39.985,1.65715,1.65755,1.00,1.00
2010.09.13 05:09:40.095,1.6571,1.6575,1.00,1.00
2010.09.13 05:09:42.094,1.65715,1.65755,1.00,1.00
2010.09.13 05:09:42.903,1.6571,1.6575,1.00,1.00
2010.09.13 05:09:43.583,1.65715,1.65755,1.00,1.00
2010.09.13 05:09:44.149,1.6571,1.65755,1.00,1.00
2010.09.13 05:09:44.296,1.6571,1.6575,1.00,1.00
2010.09.13 05:09:45.315,1.6571,1.65755,1.00,1.00
2010.09.13 05:09:45.713,1.65715,1.65755,1.00,1.00
2010.09.13 05:09:46.614,1.6571,1.6575,1.00,1.00
2010.09.13 05:09:50.392,1.65705,1.65745,1.00,1.00
2010.09.13 05:09:53.113,1.65705,1.65745,1.00,1.00
2010.09.13 05:09:56.963,1.6571,1.6575,1.00,1.00
2010.09.13 05:09:57.105,1.65705,1.65745,1.00,1.00
2010.09.13 05:10:01.319,1.65705,1.6575,1.00,1.00
2010.09.13 05:10:02.122,1.6571,1.6575,1.00,1.00
2010.09.13 05:10:13.484,1.65715,1.6576,1.00,1.00
2010.09.13 05:10:13.614,1.6571,1.65755,1.00,1.00
2010.09.13 05:10:13.757,1.65715,1.65755,1.00,1.00
2010.09.13 05:10:15.622,1.65715,1.6575,1.00,1.00
2010.09.13 05:10:19.169,1.65725,1.6578,1.00,1.00
2010.09.13 05:10:19.274,1.6573,1.65775,1.00,1.00
2010.09.13 05:10:19.595,1.6573,1.6578,1.00,1.00
2010.09.13 05:10:20.415,1.65735,1.65775,1.00,1.00
2010.09.13 05:10:21.084,1.65735,1.6578,1.00,1.00
2010.09.13 05:10:21.424,1.6574,1.6578,1.00,1.00
2010.09.13 05:10:24.075,1.65735,1.6578,1.00,1.00
2010.09.13 05:10:24.234,1.65735,1.65775,1.00,1.00
2010.09.13 05:10:24.997,1.65725,1.65775,1.00,5.20
2010.09.13 05:10:25.195,1.65725,1.65765,1.00,3.20
2010.09.13 05:10:26.185,1.65725,1.65765,1.00,3.30
2010.09.13 05:10:27.166,1.65725,1.6576,1.00,1.00
2010.09.13 05:10:28.924,1.6572,1.6576,1.00,1.00
2010.09.13 05:10:30.244,1.65725,1.65765,1.00,3.30
2010.09.13 05:10:32.334,1.6573,1.65765,1.00,3.20
2010.09.13 05:10:32.444,1.6573,1.6577,1.00,3.20
2010.09.13 05:10:33.105,1.6573,1.65775,1.00,1.00
2010.09.13 05:10:33.983,1.6573,1.65765,1.00,1.60
2010.09.13 05:10:35.007,1.65735,1.6576,1.00,1.60
2010.09.13 05:10:35.299,1.6573,1.65765,1.00,8.00
2010.09.13 05:10:36.194,1.6573,1.65765,1.00,8.10
2010.09.13 05:10:37.065,1.6573,1.65765,1.00,8.00
2010.09.13 05:10:38.784,1.6573,1.6577,1.00,1.60
2010.09.13 05:10:38.924,1.6573,1.6576,1.00,1.60
2010.09.13 05:10:39.204,1.65735,1.65765,1.00,1.60
2010.09.13 05:10:39.724,1.65735,1.6577,1.00,1.60
2010.09.13 05:10:40.556,1.6574,1.6577,1.00,1.60
2010.09.13 05:10:40.785,1.65735,1.6578,1.00,4.90
2010.09.13 05:10:41.406,1.6574,1.6578,1.00,4.90
2010.09.13 05:10:43.684,1.65725,1.6577,1.00,1.00
2010.09.13 05:10:43.944,1.6572,1.6577,1.00,1.00
2010.09.13 05:10:45.181,1.65725,1.6577,1.00,1.00
2010.09.13 05:10:45.313,1.6572,1.65765,1.00,1.00
2010.09.13 05:10:45.455,1.6572,1.65765,1.00,1.00
2010.09.13 05:10:47.133,1.6572,1.6576,1.00,1.00
2010.09.13 05:10:49.064,1.65725,1.65765,1.00,1.00
2010.09.13 05:10:50.094,1.65715,1.65765,1.00,1.00
2010.09.13 05:10:51.066,1.65715,1.6576,1.00,1.00
2010.09.13 05:10:52.124,1.65715,1.65755,1.00,1.00
2010.09.13 05:11:01.179,1.65715,1.65755,1.00,1.00
2010.09.13 05:11:01.275,1.65715,1.65765,1.00,1.00
2010.09.13 05:11:01.481,1.65715,1.65765,1.00,1.00
2010.09.13 05:11:03.624,1.6572,1.65765,1.00,1.00
2010.09.13 05:11:03.876,1.65725,1.65765,1.00,1.00
2010.09.13 05:11:11.688,1.65715,1.6576,1.00,1.00
2010.09.13 05:11:12.114,1.65715,1.6576,1.00,1.00
2010.09.13 05:11:13.523,1.65715,1.65755,1.00,1.00
2010.09.13 05:11:14.234,1.65715,1.65755,1.00,1.00
2010.09.13 05:11:14.428,1.65715,1.65765,1.00,1.00
2010.09.13 05:11:15.083,1.6572,1.65765,1.00,1.00
2010.09.13 05:11:15.263,1.6572,1.65765,1.00,1.00
2010.09.13 05:11:15.766,1.657,1.65745,1.00,1.00
2010.09.13 05:11:16.597,1.65705,1.65755,1.00,1.00
2010.09.13 05:11:17.133,1.65705,1.6575,1.00,1.00
2010.09.13 05:11:18.805,1.6571,1.6575,1.00,1.00
2010.09.13 05:11:18.914,1.65705,1.6575,1.00,1.00
2010.09.13 05:11:19.124,1.657,1.65745,1.00,1.00
2010.09.13 05:11:19.423,1.65705,1.6575,1.00,1.00
2010.09.13 05:11:19.523,1.65695,1.6574,1.00,1.00
2010.09.13 05:11:20.451,1.65685,1.65735,1.00,1.00
2010.09.13 05:11:20.966,1.65685,1.6573,1.00,1.00
2010.09.13 05:11:22.174,1.65685,1.6573,1.00,1.00
2010.09.13 05:11:22.904,1.65685,1.65725,1.00,1.00
2010.09.13 05:11:24.394,1.6569,1.6573,1.00,1.00
2010.09.13 05:11:24.534,1.65685,1.65725,1.00,1.00
2010.09.13 05:11:24.814,1.6569,1.6573,1.00,1.00
2010.09.13 05:11:24.954,1.6569,1.6574,1.00,1.00
2010.09.13 05:11:25.632,1.65685,1.6574,1.00,1.00
2010.09.13 05:11:25.966,1.6569,1.65735,1.00,1.00
2010.09.13 05:11:26.276,1.6569,1.65735,1.00,1.00
2010.09.13 05:11:26.585,1.65695,1.6574,1.00,1.00
2010.09.13 05:11:27.438,1.6569,1.6574,1.00,1.00
2010.09.13 05:11:27.700,1.6569,1.65745,1.00,3.20
2010.09.13 05:11:27.968,1.6569,1.6574,1.00,1.00
2010.09.13 05:11:28.706,1.657,1.6574,1.00,1.00
2010.09.13 05:11:29.049,1.65695,1.6574,1.00,1.00
2010.09.13 05:11:29.796,1.65695,1.65745,1.00,1.00
2010.09.13 05:11:30.328,1.65695,1.6574,1.00,1.00
2010.09.13 05:11:30.529,1.657,1.6574,1.00,1.00
2010.09.13 05:11:30.724,1.657,1.6574,1.00,1.00
2010.09.13 05:11:31.205,1.65695,1.6574,1.00,1.00
2010.09.13 05:11:31.404,1.65695,1.65745,1.00,1.00
2010.09.13 05:11:32.710,1.65705,1.65745,1.00,1.00
2010.09.13 05:11:32.836,1.657,1.65745,1.00,1.00
2010.09.13 05:11:32.904,1.657,1.65755,1.00,1.00
2010.09.13 05:11:33.024,1.657,1.65755,1.00,1.00
2010.09.13 05:11:33.143,1.657,1.65755,1.00,2.10
2010.09.13 05:11:34.346,1.6571,1.65755,1.00,2.00
2010.09.13 05:11:35.164,1.6571,1.65755,1.00,2.10
2010.09.13 05:11:35.710,1.6571,1.65755,1.00,1.00
2010.09.13 05:11:35.975,1.65715,1.65765,1.00,1.00
2010.09.13 05:11:36.229,1.657,1.65755,1.00,1.00
2010.09.13 05:11:36.996,1.6571,1.65755,1.00,1.00
2010.09.13 05:11:37.317,1.6571,1.6576,1.80,1.00
2010.09.13 05:11:37.636,1.65725,1.6578,1.00,3.80
2010.09.13 05:11:38.203,1.65725,1.65775,1.00,1.00
2010.09.13 05:11:38.510,1.6572,1.65775,1.00,1.00
2010.09.13 05:11:38.815,1.6572,1.65775,1.00,1.00
2010.09.13 05:11:40.331,1.65715,1.65765,1.00,1.00
2010.09.13 05:11:40.597,1.65715,1.6576,1.00,1.00
2010.09.13 05:11:40.857,1.6571,1.6576,1.00,1.00
2010.09.13 05:11:41.118,1.65705,1.65755,1.00,1.00
2010.09.13 05:11:42.096,1.6571,1.65755,1.00,1.00
2010.09.13 05:11:43.164,1.6571,1.6575,1.00,1.00
2010.09.13 05:11:49.486,1.6571,1.6575,1.00,1.00
2010.09.13 05:11:49.931,1.65705,1.65745,1.00,1.00
2010.09.13 05:11:50.293,1.65705,1.6575,1.00,1.00
2010.09.13 05:11:50.724,1.6571,1.6575,1.00,1.00
2010.09.13 05:11:50.973,1.65705,1.6575,1.00,1.00
2010.09.13 05:11:52.073,1.6571,1.6575,1.00,1.00
2010.09.13 05:11:57.014,1.65705,1.65745,1.00,1.00
2010.09.13 05:12:00.025,1.6569,1.6574,1.00,1.00
2010.09.13 05:12:00.174,1.6569,1.6574,1.00,1.00
2010.09.13 05:12:00.899,1.6569,1.6574,1.00,1.00
2010.09.13 05:12:01.049,1.65695,1.65745,1.00,1.00
2010.09.13 05:12:01.186,1.657,1.65745,1.00,1.00
2010.09.13 05:12:03.044,1.65705,1.65745,1.00,1.00
2010.09.13 05:12:03.154,1.65705,1.65745,1.00,1.00
2010.09.13 05:12:04.836,1.6571,1.65755,1.00,1.00
2010.09.13 05:12:05.026,1.6571,1.65755,1.00,1.00
2010.09.13 05:12:06.144,1.65715,1.65755,1.00,1.00
2010.09.13 05:12:07.225,1.65705,1.65755,1.00,1.00
2010.09.13 05:12:08.168,1.65705,1.6575,1.00,1.00
2010.09.13 05:12:10.205,1.65705,1.65745,1.00,1.00
2010.09.13 05:12:15.246,1.6571,1.65755,1.00,1.00
2010.09.13 05:12:16.144,1.6571,1.65755,1.00,1.00
2010.09.13 05:12:16.760,1.65715,1.65755,1.00,1.00
2010.09.13 05:12:20.988,1.6572,1.65765,1.00,1.00
2010.09.13 05:12:21.206,1.6572,1.65765,1.00,1.00
2010.09.13 05:12:22.147,1.6571,1.6576,1.00,1.00
2010.09.13 05:12:24.844,1.65715,1.65765,1.00,1.00
2010.09.13 05:12:26.028,1.65715,1.6576,1.00,1.00
2010.09.13 05:12:26.306,1.6571,1.6576,1.00,1.00
2010.09.13 05:12:26.446,1.65715,1.65765,1.00,1.00
2010.09.13 05:12:26.585,1.6572,1.65765,1.00,1.00
2010.09.13 05:12:27.158,1.6572,1.65775,1.00,2.00
2010.09.13 05:12:27.372,1.6572,1.65775,1.00,1.00
2010.09.13 05:12:27.579,1.65725,1.65775,1.00,1.00
2010.09.13 05:12:27.788,1.6573,1.65785,1.00,1.00
2010.09.13 05:12:28.539,1.6573,1.6578,1.00,1.00
2010.09.13 05:12:28.876,1.65735,1.65775,1.00,1.00
2010.09.13 05:12:29.215,1.6573,1.6578,1.00,1.00
2010.09.13 05:12:29.555,1.65735,1.6578,1.00,1.00
2010.09.13 05:12:30.395,1.6574,1.65785,1.00,1.00
2010.09.13 05:12:31.024,1.6574,1.6579,1.00,1.00
2010.09.13 05:12:31.858,1.65745,1.65785,1.00,1.00
2010.09.13 05:12:32.356,1.6574,1.65785,1.00,1.00
2010.09.13 05:12:33.154,1.65745,1.65785,1.00,1.00
2010.09.13 05:12:39.958,1.6575,1.6579,1.00,1.00
2010.09.13 05:12:40.197,1.65745,1.65785,1.00,1.00
2010.09.13 05:12:40.437,1.6575,1.6579,1.00,1.00
2010.09.13 05:12:41.185,1.65745,1.65785,1.00,1.00
2010.09.13 05:12:44.344,1.6575,1.6579,1.00,1.00
2010.09.13 05:12:47.825,1.65755,1.6579,1.00,1.00
2010.09.13 05:12:48.405,1.65755,1.65795,1.00,1.00
2010.09.13 05:12:49.257,1.6576,1.65795,1.00,1.00
2010.09.13 05:12:50.334,1.65755,1.6579,1.00,1.00
2010.09.13 05:12:50.713,1.6576,1.65795,1.00,1.00
2010.09.13 05:12:51.650,1.65755,1.6579,1.00,1.00
2010.09.13 05:12:52.056,1.6576,1.65795,1.00,1.00
2010.09.13 05:12:53.685,1.65755,1.6579,1.00,1.00
2010.09.13 05:12:54.798,1.6575,1.6579,1.00,1.00
2010.09.13 05:12:54.985,1.6575,1.6579,1.00,1.00
2010.09.13 05:12:56.687,1.65755,1.6579,1.00,1.00
2010.09.13 05:12:57.394,1.65755,1.65795,1.00,1.00
2010.09.13 05:12:58.834,1.65755,1.658,1.00,3.20
2010.09.13 05:12:59.092,1.6576,1.658,1.00,3.20
2010.09.13 05:12:59.816,1.65755,1.65795,1.00,1.00
2010.09.13 05:13:00.612,1.6576,1.658,1.00,3.20
2010.09.13 05:13:00.850,1.6576,1.65795,1.00,1.00
2010.09.13 05:13:01.314,1.6576,1.658,1.00,3.30
2010.09.13 05:13:03.164,1.6576,1.658,1.00,6.50
2010.09.13 05:13:03.254,1.6576,1.658,1.00,3.30
2010.09.13 05:13:04.461,1.6576,1.65795,1.00,1.00
2010.09.13 05:13:06.569,1.6576,1.658,1.00,3.20
2010.09.13 05:13:06.681,1.65765,1.658,1.00,1.00
2010.09.13 05:13:08.036,1.65765,1.65805,1.00,3.30
2010.09.13 05:13:08.268,1.6576,1.658,1.00,1.00
2010.09.13 05:13:08.496,1.65755,1.65795,1.00,1.00
2010.09.13 05:13:08.726,1.6576,1.65805,1.00,6.90
2010.09.13 05:13:08.956,1.6576,1.6581,1.00,1.00
2010.09.13 05:13:09.957,1.6576,1.65805,1.00,3.70
2010.09.13 05:13:10.146,1.6576,1.65805,1.00,7.00
2010.09.13 05:13:10.334,1.6576,1.65795,1.00,4.80
2010.09.13 05:13:11.330,1.6576,1.65795,1.00,3.20
2010.09.13 05:13:11.567,1.6576,1.65805,1.00,1.00
2010.09.13 05:13:12.026,1.6576,1.65805,1.00,1.00
2010.09.13 05:13:12.778,1.6574,1.6579,1.00,1.00
2010.09.13 05:13:13.109,1.6573,1.65785,1.00,6.40
2010.09.13 05:13:13.435,1.65735,1.6578,1.00,1.00
2010.09.13 05:13:13.704,1.6573,1.6578,1.00,1.00
2010.09.13 05:13:14.285,1.65725,1.65775,1.00,1.00
2010.09.13 05:13:14.560,1.65725,1.6577,1.00,1.00
2010.09.13 05:13:15.376,1.65725,1.65765,1.00,1.00
2010.09.13 05:13:16.401,1.65725,1.6576,1.00,1.00
2010.09.13 05:13:18.484,1.65715,1.6576,1.00,1.00
2010.09.13 05:13:19.315,1.65715,1.65755,1.00,1.00
2010.09.13 05:13:21.854,1.6572,1.65765,1.00,1.00
2010.09.13 05:13:22.075,1.6572,1.65775,1.00,1.00
2010.09.13 05:13:22.682,1.6572,1.65775,1.60,1.00
2010.09.13 05:13:22.890,1.6573,1.65785,1.00,1.00
2010.09.13 05:13:23.096,1.65735,1.6579,1.00,1.00
2010.09.13 05:13:24.003,1.65735,1.65785,1.00,1.00
2010.09.13 05:13:24.295,1.6574,1.6579,1.00,3.20
2010.09.13 05:13:24.596,1.6574,1.6579,1.00,3.30
2010.09.13 05:13:25.184,1.65745,1.6579,1.00,3.30
2010.09.13 05:13:26.456,1.6574,1.6579,1.00,1.00
2010.09.13 05:13:26.546,1.6573,1.65785,1.00,1.00
2010.09.13 05:13:26.882,1.6573,1.6578,1.00,3.20
2010.09.13 05:13:27.515,1.65725,1.6578,1.00,3.30
2010.09.13 05:13:27.805,1.6573,1.65785,1.00,1.60
2010.09.13 05:13:28.095,1.65735,1.6579,1.00,6.40
2010.09.13 05:13:28.385,1.6574,1.65795,1.00,8.00
2010.09.13 05:13:29.494,1.65745,1.65795,1.00,8.00
2010.09.13 05:13:29.774,1.65745,1.65795,1.00,8.40
2010.09.13 05:13:30.054,1.6574,1.6579,1.00,1.00
2010.09.13 05:13:30.394,1.65745,1.6579,1.00,1.00
2010.09.13 05:13:31.306,1.65745,1.65795,1.00,8.10
2010.09.13 05:13:31.395,1.65745,1.65795,1.00,6.50
2010.09.13 05:13:31.485,1.6575,1.65795,1.00,6.40
2010.09.13 05:13:31.574,1.6575,1.65795,1.00,3.20
2010.09.13 05:13:33.065,1.65755,1.65795,1.00,3.20
2010.09.13 05:13:33.714,1.6575,1.65795,1.00,3.20
2010.09.13 05:13:34.285,1.65755,1.65795,1.00,3.20
2010.09.13 05:13:34.495,1.6575,1.65795,1.00,3.20
2010.09.13 05:13:35.317,1.65745,1.6579,1.00,1.00
2010.09.13 05:13:35.544,1.65735,1.65785,1.00,1.00
2010.09.13 05:13:35.776,1.65735,1.65785,1.00,1.00
2010.09.13 05:13:36.006,1.65735,1.6578,1.00,3.70
2010.09.13 05:13:36.567,1.65735,1.6578,1.00,3.20
2010.09.13 05:13:36.853,1.6574,1.6578,1.00,1.00
2010.09.13 05:13:37.124,1.65735,1.6578,1.00,1.00
2010.09.13 05:13:38.164,1.65735,1.65775,1.00,1.00
2010.09.13 05:13:38.898,1.6574,1.65775,1.00,1.00
2010.09.13 05:13:39.045,1.6574,1.65775,1.00,1.00
2010.09.13 05:13:39.631,1.6574,1.6578,1.00,1.00
2010.09.13 05:13:40.673,1.65735,1.65775,1.00,1.00
2010.09.13 05:13:41.173,1.6574,1.6578,1.00,1.00
2010.09.13 05:13:41.535,1.6573,1.65775,1.00,1.00
2010.09.13 05:13:41.693,1.6573,1.65775,1.00,1.00
2010.09.13 05:13:42.248,1.6573,1.65775,1.00,1.00
2010.09.13 05:13:42.312,1.65735,1.6578,1.00,1.00
2010.09.13 05:13:42.633,1.65735,1.6578,1.00,1.00
2010.09.13 05:13:43.904,1.6574,1.6578,1.00,1.00
2010.09.13 05:13:44.558,1.6574,1.65775,1.00,1.00
2010.09.13 05:13:46.094,1.65735,1.65775,1.00,1.00
2010.09.13 05:13:46.987,1.6574,1.6578,1.00,1.00
2010.09.13 05:13:47.445,1.6573,1.65775,1.00,1.00
2010.09.13 05:13:47.513,1.6573,1.65775,1.00,1.00
2010.09.13 05:13:48.243,1.6573,1.65775,1.00,2.10
2010.09.13 05:13:48.316,1.6573,1.6577,1.00,1.00
2010.09.13 05:13:48.865,1.6573,1.65775,1.00,2.00
2010.09.13 05:13:49.165,1.6573,1.65775,1.00,1.00
2010.09.13 05:13:49.464,1.65735,1.65775,1.00,1.00
2010.09.13 05:13:49.764,1.6573,1.65775,1.00,1.00
2010.09.13 05:13:51.304,1.65735,1.65775,1.00,1.00
2010.09.13 05:13:51.745,1.6573,1.65775,1.00,1.00
2010.09.13 05:13:53.280,1.65735,1.6578,1.00,1.00
2010.09.13 05:13:54.414,1.65745,1.6578,1.00,1.00
2010.09.13 05:13:55.938,1.6574,1.6578,1.00,1.00
2010.09.13 05:13:57.397,1.6574,1.65775,1.00,1.00
2010.09.13 05:13:59.235,1.65745,1.6578,1.00,1.00
2010.09.13 05:14:03.997,1.6574,1.6578,1.00,1.00
2010.09.13 05:14:05.425,1.65735,1.65775,1.00,1.00
2010.09.13 05:14:09.406,1.65735,1.6578,1.00,1.00
2010.09.13 05:14:09.804,1.6574,1.65785,1.00,1.00
2010.09.13 05:14:10.115,1.65745,1.65785,1.00,1.00
2010.09.13 05:14:10.947,1.6574,1.6578,1.00,1.00
2010.09.13 05:14:11.485,1.65745,1.6578,1.00,1.00
2010.09.13 05:14:11.666,1.6574,1.6578,1.00,1.00
2010.09.13 05:14:13.804,1.65735,1.6578,1.00,1.00
2010.09.13 05:14:14.325,1.65735,1.6578,1.00,1.00
2010.09.13 05:14:14.637,1.6573,1.65775,1.00,1.00
2010.09.13 05:14:15.452,1.65735,1.6578,1.00,1.00
2010.09.13 05:14:15.576,1.65735,1.6578,1.00,1.00
2010.09.13 05:14:15.944,1.65735,1.6578,1.00,1.00
2010.09.13 05:14:16.354,1.65735,1.6578,1.00,1.00
2010.09.13 05:14:17.488,1.6574,1.65775,1.00,1.00
2010.09.13 05:14:18.275,1.6574,1.6578,1.00,1.00
2010.09.13 05:14:18.524,1.6574,1.6578,1.00,1.00
2010.09.13 05:14:18.875,1.6574,1.6578,1.00,1.00
2010.09.13 05:14:19.695,1.65735,1.6578,1.00,1.00
2010.09.13 05:14:20.494,1.65735,1.65775,1.00,1.00
2010.09.13 05:14:20.933,1.6574,1.6578,1.00,1.00
2010.09.13 05:14:21.653,1.6574,1.6578,1.00,1.00
2010.09.13 05:14:22.134,1.65745,1.6578,1.00,1.00
2010.09.13 05:14:26.003,1.6574,1.6578,1.00,1.00
2010.09.13 05:14:26.143,1.6574,1.6578,1.00,1.00
2010.09.13 05:14:27.844,1.6574,1.65775,1.00,1.00
2010.09.13 05:14:28.174,1.65745,1.6578,1.00,1.00
2010.09.13 05:14:29.204,1.6574,1.65775,1.00,1.00
2010.09.13 05:14:35.224,1.6574,1.6578,1.00,1.00
2010.09.13 05:14:35.404,1.6574,1.6579,1.00,6.50
2010.09.13 05:14:35.586,1.6574,1.6579,1.00,3.30
2010.09.13 05:14:35.765,1.65745,1.65795,1.00,8.70
2010.09.13 05:14:35.945,1.65745,1.65795,1.00,1.60
2010.09.13 05:14:36.404,1.65755,1.65795,1.00,1.60
2010.09.13 05:14:37.515,1.6575,1.6579,1.00,1.00
2010.09.13 05:14:37.584,1.65745,1.6579,1.00,1.00
2010.09.13 05:14:37.863,1.6575,1.65795,1.00,1.70
2010.09.13 05:14:38.324,1.6575,1.6579,1.00,1.00
2010.09.13 05:14:39.578,1.65755,1.65795,1.00,1.60
2010.09.13 05:14:39.785,1.6575,1.65795,1.00,1.00
2010.09.13 05:14:41.247,1.65755,1.658,1.00,3.20
2010.09.13 05:14:41.546,1.65755,1.658,1.00,3.30
2010.09.13 05:14:43.189,1.6576,1.658,1.00,3.30
2010.09.13 05:14:44.108,1.65765,1.658,1.00,3.20
2010.09.13 05:14:46.088,1.6576,1.658,1.00,3.20
2010.09.13 05:14:46.594,1.6576,1.658,1.00,3.60
2010.09.13 05:14:47.276,1.65755,1.658,1.00,3.60
2010.09.13 05:14:47.961,1.65755,1.65795,1.00,1.00
2010.09.13 05:14:48.096,1.6575,1.65795,1.00,1.00
2010.09.13 05:14:49.405,1.65755,1.65795,1.00,1.00
2010.09.13 05:14:50.075,1.6575,1.65795,1.00,1.00
2010.09.13 05:14:50.835,1.65755,1.65795,1.00,1.00
2010.09.13 05:14:51.568,1.6575,1.6579,1.00,1.00
2010.09.13 05:14:52.114,1.6575,1.6579,1.00,1.00
2010.09.13 05:14:53.325,1.6575,1.65795,1.00,1.00
2010.09.13 05:14:54.121,1.6575,1.65795,1.00,1.00
2010.09.13 05:14:54.198,1.6575,1.6579,1.00,1.00
2010.09.13 05:14:55.415,1.65755,1.65795,1.00,1.00
2010.09.13 05:15:03.405,1.6575,1.6579,1.00,1.00
2010.09.13 05:15:12.800,1.65755,1.65795,1.00,1.00
2010.09.13 05:15:15.055,1.6576,1.658,1.00,5.30
2010.09.13 05:15:15.324,1.6576,1.658,1.00,4.90
2010.09.13 05:15:16.117,1.6576,1.65795,1.00,1.00
2010.09.13 05:15:17.047,1.6576,1.658,1.00,4.90
2010.09.13 05:15:22.842,1.65755,1.65795,1.00,1.00
2010.09.13 05:15:25.895,1.65755,1.6579,1.00,1.00
2010.09.13 05:15:28.542,1.6576,1.65795,1.00,1.00
2010.09.13 05:15:34.034,1.65755,1.65795,1.00,1.00
2010.09.13 05:15:40.478,1.6576,1.65795,1.00,1.00
2010.09.13 05:15:42.192,1.65755,1.6579,1.00,1.00
2010.09.13 05:15:53.026,1.65755,1.65795,1.00,1.00
2010.09.13 05:16:05.933,1.6575,1.65795,1.00,1.00
2010.09.13 05:16:07.095,1.65755,1.65795,1.00,1.00
2010.09.13 05:16:07.550,1.65755,1.65795,1.00,1.00
2010.09.13 05:16:12.096,1.65755,1.6579,1.00,1.00
2010.09.13 05:16:12.534,1.65755,1.65795,1.00,1.00
2010.09.13 05:16:14.295,1.6575,1.6579,1.00,1.00
2010.09.13 05:16:14.326,1.6575,1.65795,1.00,1.00
2010.09.13 05:16:15.437,1.6575,1.6579,1.00,1.00
2010.09.13 05:16:37.368,1.6574,1.65785,1.00,1.00
2010.09.13 05:16:39.375,1.6574,1.6578,1.00,1.00
2010.09.13 05:16:44.164,1.6574,1.6578,1.00,1.00
2010.09.13 05:16:44.386,1.65745,1.6579,1.00,1.00
2010.09.13 05:16:44.615,1.65745,1.6579,1.00,1.00
2010.09.13 05:16:45.954,1.6575,1.6579,1.00,1.00
2010.09.13 05:16:50.414,1.65745,1.6579,1.00,1.00
2010.09.13 05:16:50.515,1.65745,1.6579,1.00,1.00
2010.09.13 05:16:51.254,1.65745,1.65785,1.00,1.00
2010.09.13 05:16:52.255,1.65745,1.6578,1.00,1.00
2010.09.13 05:17:00.465,1.65735,1.6578,1.00,1.00
2010.09.13 05:17:01.337,1.65725,1.6577,1.00,1.00
2010.09.13 05:17:02.145,1.6573,1.6577,1.00,1.00
2010.09.13 05:17:03.277,1.65725,1.65765,1.00,1.00
2010.09.13 05:17:03.945,1.6573,1.6577,1.00,1.00
2010.09.13 05:17:04.826,1.6573,1.65775,1.00,1.00
2010.09.13 05:17:06.087,1.6573,1.6577,1.00,1.00
2010.09.13 05:17:06.729,1.65735,1.6577,1.00,1.00
2010.09.13 05:17:07.116,1.65735,1.65775,1.00,1.00
2010.09.13 05:17:12.055,1.65735,1.65775,1.00,1.00
2010.09.13 05:17:13.206,1.6573,1.6577,1.00,1.00
2010.09.13 05:17:15.325,1.65735,1.65775,1.00,1.00
2010.09.13 05:17:20.065,1.65735,1.65775,1.00,1.00
2010.09.13 05:17:32.660,1.6573,1.6577,1.00,1.00
2010.09.13 05:17:32.808,1.6573,1.6577,1.00,1.00
2010.09.13 05:17:34.657,1.65725,1.65765,1.00,1.00
2010.09.13 05:17:39.770,1.6573,1.65775,1.00,1.00
2010.09.13 05:17:40.469,1.6573,1.65775,1.00,1.00
2010.09.13 05:17:41.145,1.6573,1.6577,1.00,1.00
2010.09.13 05:17:41.625,1.65735,1.6578,1.00,1.00
2010.09.13 05:17:41.917,1.65735,1.6578,1.00,1.00
2010.09.13 05:17:42.818,1.6574,1.65785,1.00,1.00
2010.09.13 05:17:43.136,1.6574,1.6578,1.00,1.00
2010.09.13 05:17:43.984,1.65745,1.65785,1.00,1.00
2010.09.13 05:17:44.305,1.65745,1.6578,1.00,1.00
2010.09.13 05:17:47.114,1.6574,1.6578,1.00,1.00
2010.09.13 05:17:50.997,1.6574,1.6578,1.00,1.00
2010.09.13 05:17:51.215,1.65745,1.6578,1.00,1.00
2010.09.13 05:17:53.303,1.6574,1.6578,1.00,1.00
2010.09.13 05:17:56.334,1.65745,1.65785,1.00,1.00
2010.09.13 05:17:57.335,1.6574,1.6578,1.00,1.00
2010.09.13 05:17:58.145,1.65745,1.65785,1.00,1.00
2010.09.13 05:17:58.646,1.6574,1.6578,1.00,1.00
2010.09.13 05:17:59.114,1.65755,1.6578,1.00,1.00
2010.09.13 05:18:00.574,1.6574,1.6578,1.00,1.00
2010.09.13 05:18:03.184,1.6574,1.6578,1.00,1.00
2010.09.13 05:18:03.974,1.65745,1.6578,1.00,1.00
2010.09.13 05:18:05.425,1.65735,1.6578,1.00,1.00
2010.09.13 05:18:05.875,1.6574,1.6578,1.00,1.00
2010.09.13 05:18:06.025,1.6574,1.6578,1.00,1.00
2010.09.13 05:18:06.315,1.65745,1.65785,1.00,1.00
2010.09.13 05:18:07.006,1.65745,1.6579,1.00,1.00
2010.09.13 05:18:07.184,1.65745,1.65785,1.00,1.00
2010.09.13 05:18:08.594,1.6575,1.65785,1.00,1.00
2010.09.13 05:18:09.125,1.6575,1.6579,1.00,1.00
2010.09.13 05:18:09.758,1.6575,1.6579,1.00,1.00
2010.09.13 05:18:10.085,1.65755,1.6579,1.00,1.00
2010.09.13 05:18:13.776,1.65745,1.6579,1.00,1.00
2010.09.13 05:18:13.845,1.65745,1.6579,1.00,2.30
2010.09.13 05:18:14.195,1.65745,1.65785,1.00,1.00
2010.09.13 05:18:14.344,1.65745,1.65785,1.00,1.00
2010.09.13 05:18:15.347,1.65745,1.6578,1.00,1.00
2010.09.13 05:18:16.675,1.6574,1.6578,1.00,1.00
2010.09.13 05:18:18.146,1.65745,1.65785,1.00,1.00
2010.09.13 05:18:18.165,1.65745,1.65785,1.00,1.00
2010.09.13 05:18:19.279,1.65745,1.65785,1.00,1.00
2010.09.13 05:18:20.004,1.6575,1.65785,1.00,1.00
2010.09.13 05:18:20.345,1.65745,1.6579,1.00,2.20
2010.09.13 05:18:20.516,1.65745,1.6579,1.00,1.00
2010.09.13 05:18:20.684,1.6575,1.6579,1.00,1.00
2010.09.13 05:18:22.266,1.65755,1.6579,1.00,1.00
2010.09.13 05:18:24.394,1.65755,1.65795,1.00,2.30
2010.09.13 05:18:24.724,1.65755,1.65795,1.00,1.00
2010.09.13 05:18:25.452,1.65755,1.65795,1.00,2.30
2010.09.13 05:18:25.566,1.6575,1.6579,1.00,1.00
2010.09.13 05:18:26.328,1.6575,1.6579,1.00,1.00
2010.09.13 05:18:27.073,1.6575,1.65785,1.00,1.00
2010.09.13 05:18:28.460,1.65735,1.65785,1.00,1.00
2010.09.13 05:18:28.484,1.65735,1.65785,1.00,1.00
2010.09.13 05:18:28.677,1.6574,1.6579,1.00,1.00
2010.09.13 05:18:28.705,1.6574,1.6579,1.00,1.00
2010.09.13 05:18:28.919,1.6574,1.6579,1.00,1.00
2010.09.13 05:18:30.507,1.6575,1.6579,1.00,1.00
2010.09.13 05:18:30.850,1.6574,1.65785,1.00,1.00
2010.09.13 05:18:31.055,1.6574,1.6578,1.00,1.00
2010.09.13 05:18:32.086,1.65735,1.65775,1.00,1.00
2010.09.13 05:18:34.057,1.6574,1.65775,1.00,1.00
2010.09.13 05:18:38.064,1.65735,1.6577,1.00,1.00
2010.09.13 05:18:39.900,1.6574,1.65775,1.00,1.00
2010.09.13 05:18:42.535,1.65735,1.6577,1.00,1.00
2010.09.13 05:18:42.714,1.65735,1.6577,1.00,1.00
2010.09.13 05:18:44.015,1.6574,1.65775,1.00,1.00
2010.09.13 05:18:45.158,1.65735,1.65775,1.00,1.00
2010.09.13 05:18:49.757,1.6574,1.6578,1.00,1.00
2010.09.13 05:18:50.654,1.6573,1.65775,1.00,1.00
2010.09.13 05:18:50.714,1.6573,1.65775,1.00,1.00
2010.09.13 05:18:50.775,1.6573,1.65775,1.00,2.20
2010.09.13 05:18:51.906,1.65725,1.65775,1.00,2.30
2010.09.13 05:18:52.795,1.6573,1.65775,1.00,2.10
2010.09.13 05:18:53.025,1.6573,1.65775,1.00,1.60
2010.09.13 05:18:54.250,1.65735,1.65775,1.00,1.70
2010.09.13 05:18:54.555,1.65735,1.6577,1.00,1.00
2010.09.13 05:18:54.707,1.6572,1.65765,1.00,1.00
2010.09.13 05:18:54.855,1.6572,1.6576,1.00,1.00
2010.09.13 05:18:56.030,1.65715,1.6576,1.00,1.00
2010.09.13 05:18:56.376,1.6572,1.6576,1.00,1.00
2010.09.13 05:18:56.715,1.65725,1.6576,1.00,1.00
2010.09.13 05:18:56.995,1.65725,1.6576,1.00,1.00
2010.09.13 05:18:57.135,1.65725,1.6577,1.00,1.40
2010.09.13 05:18:57.274,1.65725,1.65775,1.00,2.30
2010.09.13 05:18:58.210,1.65725,1.6577,1.00,1.00
2010.09.13 05:18:59.107,1.65725,1.65775,1.00,2.20
2010.09.13 05:19:00.725,1.6573,1.65775,1.00,2.20
2010.09.13 05:19:00.946,1.6573,1.65775,1.00,1.00
2010.09.13 05:19:01.166,1.6573,1.6578,1.00,1.00
2010.09.13 05:19:01.860,1.65735,1.65775,1.00,1.00
2010.09.13 05:19:02.057,1.65735,1.6578,1.00,1.00
2010.09.13 05:19:02.246,1.65735,1.6578,1.00,1.00
2010.09.13 05:19:02.698,1.6574,1.6578,1.00,1.00
2010.09.13 05:19:03.242,1.6574,1.6578,1.00,1.70
2010.09.13 05:19:03.516,1.6574,1.6578,1.00,1.60
2010.09.13 05:19:05.114,1.65745,1.6578,1.00,1.60
2010.09.13 05:19:08.974,1.6574,1.6578,1.00,1.60
2010.09.13 05:19:09.546,1.6573,1.6578,1.00,1.60
2010.09.13 05:19:10.166,1.65735,1.6578,1.00,1.60
2010.09.13 05:19:10.471,1.6574,1.6579,1.00,1.00
2010.09.13 05:19:11.075,1.6574,1.6579,1.00,1.00
2010.09.13 05:19:11.375,1.65745,1.6579,1.00,1.00
2010.09.13 05:19:12.135,1.65745,1.6579,1.00,1.00
2010.09.13 05:19:12.445,1.6574,1.6578,1.00,1.00
2010.09.13 05:19:12.655,1.65735,1.6578,1.00,1.00
2010.09.13 05:19:13.386,1.65735,1.65775,1.00,1.00
2010.09.13 05:19:13.926,1.6574,1.65785,1.00,7.00
2010.09.13 05:19:14.655,1.65735,1.6578,1.00,1.00
2010.09.13 05:19:14.880,1.65735,1.65775,1.00,1.00
2010.09.13 05:19:15.096,1.65735,1.65775,1.00,1.00
2010.09.13 05:19:15.315,1.6574,1.65775,1.00,1.00
2010.09.13 05:19:16.531,1.65735,1.65775,1.00,1.00
2010.09.13 05:19:16.880,1.65735,1.65785,1.00,1.00
2010.09.13 05:19:17.795,1.6574,1.65785,1.00,1.00
2010.09.13 05:19:18.759,1.65745,1.65785,1.00,1.00
2010.09.13 05:19:20.164,1.6575,1.6579,1.00,1.00
2010.09.13 05:19:21.086,1.6575,1.65785,1.00,1.00
2010.09.13 05:19:23.946,1.6574,1.65785,1.00,1.00
2010.09.13 05:19:24.015,1.6574,1.65785,1.00,1.00
2010.09.13 05:19:24.205,1.6574,1.65785,1.00,1.00
2010.09.13 05:19:26.117,1.65745,1.65785,1.00,1.00
2010.09.13 05:19:26.595,1.65745,1.6578,1.00,1.00
2010.09.13 05:19:27.195,1.6574,1.6578,1.00,1.00
2010.09.13 05:19:27.744,1.6574,1.65775,1.00,1.00
2010.09.13 05:19:28.134,1.6574,1.6578,1.00,1.00
2010.09.13 05:19:32.115,1.6574,1.65785,1.00,1.00
2010.09.13 05:19:32.771,1.6574,1.65785,1.00,6.40
2010.09.13 05:19:33.357,1.6574,1.6578,1.00,1.00
2010.09.13 05:19:33.698,1.6574,1.6578,1.00,1.00
2010.09.13 05:19:35.076,1.65735,1.65775,1.00,1.00
2010.09.13 05:19:35.644,1.6574,1.6578,1.00,1.00
2010.09.13 05:19:36.325,1.65735,1.6578,1.00,1.00
2010.09.13 05:19:37.026,1.6574,1.65775,1.00,1.00
2010.09.13 05:19:40.720,1.6574,1.65775,1.00,1.00
2010.09.13 05:19:40.804,1.65735,1.6577,1.00,1.00
2010.09.13 05:19:41.146,1.65735,1.65775,1.00,1.00
2010.09.13 05:19:42.028,1.6573,1.6577,1.00,1.00
2010.09.13 05:19:43.277,1.65735,1.65775,1.00,1.00
2010.09.13 05:19:43.582,1.6573,1.6577,1.00,1.00
2010.09.13 05:19:45.413,1.65735,1.65775,1.00,1.00
2010.09.13 05:19:46.704,1.6573,1.6577,1.00,1.00
2010.09.13 05:19:47.525,1.65735,1.65775,1.00,1.00
2010.09.13 05:19:48.174,1.6573,1.6577,1.00,1.00
2010.09.13 05:19:49.568,1.65725,1.6577,1.00,1.00
2010.09.13 05:19:50.665,1.6573,1.6577,1.00,1.00
2010.09.13 05:19:52.115,1.65735,1.6577,1.00,1.00
2010.09.13 05:19:53.319,1.6573,1.65765,1.00,1.00
2010.09.13 05:19:54.119,1.6573,1.6577,1.00,1.00
2010.09.13 05:19:55.169,1.65725,1.65765,1.00,1.00
2010.09.13 05:19:56.620,1.65725,1.65765,1.00,1.00
2010.09.13 05:19:57.548,1.6573,1.65775,1.00,1.00
2010.09.13 05:19:57.868,1.6573,1.6577,1.00,1.00
2010.09.13 05:19:59.168,1.65725,1.6577,1.00,1.00
2010.09.13 05:20:00.339,1.6573,1.6577,1.00,1.00
2010.09.13 05:20:01.515,1.65735,1.65775,1.00,1.00
2010.09.13 05:20:01.856,1.6574,1.65775,1.00,1.00
2010.09.13 05:20:02.034,1.65735,1.65775,1.00,1.00
2010.09.13 05:20:05.966,1.65725,1.65775,1.00,1.00
2010.09.13 05:20:06.265,1.6573,1.65775,1.00,1.00
2010.09.13 05:20:08.355,1.65735,1.65775,1.00,1.00
2010.09.13 05:20:09.319,1.6573,1.6577,1.00,1.00
2010.09.13 05:20:11.649,1.65735,1.6577,1.00,1.00
2010.09.13 05:20:11.771,1.65735,1.6578,1.00,1.00
2010.09.13 05:20:11.885,1.65735,1.65785,1.00,1.00
2010.09.13 05:20:12.116,1.65735,1.65785,1.00,1.00
2010.09.13 05:20:12.238,1.6574,1.65785,1.00,1.00
2010.09.13 05:20:13.665,1.65745,1.6579,1.00,1.00
2010.09.13 05:20:14.135,1.6575,1.6579,1.00,1.00
2010.09.13 05:20:25.648,1.65755,1.658,1.00,1.00
2010.09.13 05:20:25.957,1.65755,1.658,1.00,1.00
2010.09.13 05:20:26.266,1.65755,1.65805,1.00,1.00
2010.09.13 05:20:26.576,1.6575,1.65795,1.00,1.00
2010.09.13 05:20:29.469,1.65755,1.658,1.00,1.00
2010.09.13 05:20:30.375,1.6576,1.658,1.00,1.00
2010.09.13 05:20:32.679,1.65755,1.65795,1.00,1.00
2010.09.13 05:20:34.167,1.6575,1.65795,1.00,1.70
2010.09.13 05:20:35.336,1.6575,1.6579,1.00,1.00
2010.09.13 05:20:36.185,1.6575,1.6579,1.00,1.00
2010.09.13 05:20:42.048,1.6575,1.65795,1.00,1.60
2010.09.13 05:20:42.277,1.6575,1.65795,1.00,1.00
2010.09.13 05:20:44.475,1.6575,1.6579,1.00,1.00
2010.09.13 05:20:54.586,1.6575,1.65795,1.00,1.60
2010.09.13 05:20:54.734,1.6575,1.65795,1.00,1.00
2010.09.13 05:20:56.665,1.6575,1.65795,1.00,1.60
2010.09.13 05:20:56.874,1.6575,1.65795,1.00,1.00
2010.09.13 05:20:58.417,1.6575,1.6579,1.00,1.00
2010.09.13 05:21:06.191,1.6575,1.658,1.00,1.70
2010.09.13 05:21:07.728,1.6576,1.658,1.00,1.60
2010.09.13 05:21:08.770,1.65755,1.658,1.00,1.60
2010.09.13 05:21:10.215,1.6576,1.658,1.00,1.70
2010.09.13 05:21:11.078,1.65765,1.6581,1.00,4.80
2010.09.13 05:21:11.387,1.6576,1.65805,1.00,1.00
2010.09.13 05:21:11.935,1.6576,1.65805,1.00,2.00
2010.09.13 05:21:12.135,1.6576,1.65805,1.00,3.20
2010.09.13 05:21:12.330,1.65755,1.65805,1.00,3.20
2010.09.13 05:21:12.516,1.6576,1.65805,1.00,3.20
2010.09.13 05:21:13.189,1.6576,1.6581,1.00,1.00
2010.09.13 05:21:13.476,1.65755,1.65805,1.00,1.00
2010.09.13 05:21:13.766,1.65755,1.65805,1.00,3.30
2010.09.13 05:21:14.055,1.65755,1.658,1.00,1.00
2010.09.13 05:21:14.345,1.65755,1.658,1.00,1.00
2010.09.13 05:21:15.981,1.65755,1.65795,1.00,1.00
2010.09.13 05:21:16.325,1.65755,1.65795,1.00,1.00
2010.09.13 05:21:23.387,1.6575,1.65795,1.00,1.00
2010.09.13 05:21:23.502,1.6575,1.658,1.00,1.00
2010.09.13 05:21:23.687,1.6575,1.658,1.00,1.00
2010.09.13 05:21:24.547,1.65755,1.658,1.00,1.00
2010.09.13 05:21:24.795,1.6575,1.65795,1.00,1.00
2010.09.13 05:21:25.275,1.65755,1.658,1.00,1.00
2010.09.13 05:21:26.175,1.6575,1.6579,1.00,1.00
2010.09.13 05:21:26.505,1.65755,1.65795,1.00,1.00
2010.09.13 05:21:27.446,1.65755,1.658,1.00,1.00
2010.09.13 05:21:27.665,1.65755,1.658,1.00,1.00
2010.09.13 05:21:28.242,1.6575,1.658,1.00,1.00
2010.09.13 05:21:28.325,1.6575,1.65795,1.00,1.00
2010.09.13 05:21:34.916,1.6575,1.6579,1.00,1.00
2010.09.13 05:21:38.775,1.65745,1.6579,1.00,1.00
2010.09.13 05:21:39.044,1.65745,1.6579,1.00,1.00
2010.09.13 05:21:40.214,1.6574,1.65785,1.00,1.00
2010.09.13 05:21:40.928,1.65745,1.65795,1.00,1.00
2010.09.13 05:21:42.075,1.65745,1.6579,1.00,1.00
2010.09.13 05:21:42.969,1.6575,1.6579,1.00,1.00
2010.09.13 05:21:45.816,1.65755,1.6579,1.00,1.00
2010.09.13 05:21:46.007,1.6575,1.6579,1.00,1.00
2010.09.13 05:21:46.234,1.65755,1.658,1.00,1.00
2010.09.13 05:21:46.456,1.65755,1.658,1.00,1.00
2010.09.13 05:21:46.686,1.65755,1.658,1.00,1.00
2010.09.13 05:21:46.917,1.6575,1.65795,1.00,1.00
2010.09.13 05:21:48.877,1.6575,1.6579,1.00,1.00
2010.09.13 05:21:49.167,1.6575,1.65795,1.00,1.00
2010.09.13 05:21:50.841,1.6575,1.6579,1.00,1.00
2010.09.13 05:21:51.055,1.6575,1.6579,1.00,1.00
2010.09.13 05:21:51.275,1.6575,1.65795,1.00,1.00
2010.09.13 05:21:54.175,1.6575,1.6579,1.00,1.00
2010.09.13 05:21:55.032,1.65755,1.658,1.00,1.00
2010.09.13 05:21:55.276,1.6575,1.65795,1.00,1.00
2010.09.13 05:21:57.068,1.6575,1.6579,1.00,1.00
2010.09.13 05:21:57.758,1.6575,1.6579,1.00,1.00
2010.09.13 05:22:02.678,1.6574,1.6579,1.00,1.00
2010.09.13 05:22:03.398,1.6574,1.65785,1.00,1.00
2010.09.13 05:22:04.105,1.65735,1.6578,1.00,1.00
2010.09.13 05:22:04.265,1.65735,1.6578,1.00,1.00
2010.09.13 05:22:04.755,1.6574,1.6578,1.00,1.00
2010.09.13 05:22:04.925,1.6574,1.6578,1.00,1.00
2010.09.13 05:22:06.072,1.6574,1.6579,1.00,1.00
2010.09.13 05:22:06.475,1.65745,1.6579,1.00,1.00
2010.09.13 05:22:25.471,1.6574,1.65785,1.00,1.00
2010.09.13 05:22:25.758,1.6574,1.6578,1.00,1.00
2010.09.13 05:22:26.037,1.6574,1.65785,1.00,1.00
2010.09.13 05:22:26.316,1.6574,1.6578,1.00,1.00
2010.09.13 05:22:27.420,1.65735,1.6578,1.00,1.00
2010.09.13 05:22:28.195,1.65735,1.6578,1.00,1.00
2010.09.13 05:22:29.214,1.6574,1.6578,1.00,1.00
2010.09.13 05:22:32.095,1.6573,1.65775,1.00,1.00
2010.09.13 05:22:32.309,1.65735,1.6578,1.00,1.00
2010.09.13 05:22:35.116,1.6574,1.6578,1.00,1.00
2010.09.13 05:22:43.688,1.65735,1.6578,1.00,1.00
2010.09.13 05:22:45.825,1.6574,1.6578,1.00,1.00
2010.09.13 05:22:46.698,1.6574,1.65785,1.00,1.00
2010.09.13 05:22:47.105,1.65735,1.65785,1.00,1.00
2010.09.13 05:22:48.065,1.6574,1.65785,1.00,1.00
2010.09.13 05:22:49.846,1.65745,1.6579,1.00,1.00
2010.09.13 05:22:50.495,1.6574,1.65785,1.00,1.00
2010.09.13 05:22:50.655,1.65745,1.6579,1.00,1.00
2010.09.13 05:22:52.056,1.6575,1.6579,1.00,1.00
2010.09.13 05:22:55.569,1.65745,1.65795,1.00,1.00
2010.09.13 05:22:56.751,1.6575,1.65795,1.00,1.00
2010.09.13 05:23:03.626,1.65755,1.658,1.00,1.00
2010.09.13 05:23:08.408,1.6575,1.65795,1.00,1.00
2010.09.13 05:23:11.104,1.65755,1.658,1.00,1.00
2010.09.13 05:23:11.654,1.6575,1.65795,1.00,1.00
2010.09.13 05:23:13.817,1.65755,1.658,1.00,1.00
2010.09.13 05:23:15.084,1.6575,1.65795,1.00,1.00
2010.09.13 05:23:20.284,1.65745,1.6579,1.00,1.00
2010.09.13 05:23:22.155,1.6574,1.6579,1.00,1.00
2010.09.13 05:23:23.154,1.65745,1.6579,1.00,1.00
2010.09.13 05:23:24.365,1.65745,1.6579,1.00,1.00
2010.09.13 05:23:24.991,1.65745,1.65805,1.00,8.50
2010.09.13 05:23:25.067,1.65745,1.658,1.00,1.00
2010.09.13 05:23:25.145,1.6574,1.65795,1.00,1.60
2010.09.13 05:23:25.988,1.65745,1.65795,1.00,1.60
2010.09.13 05:23:26.984,1.6575,1.65795,1.00,1.60
2010.09.13 05:23:27.255,1.6575,1.6579,1.00,1.00
2010.09.13 05:23:27.946,1.65745,1.6579,1.00,1.00
2010.09.13 05:23:28.206,1.6574,1.65785,1.00,1.00
2010.09.13 05:23:28.467,1.6574,1.65785,1.00,1.00
2010.09.13 05:23:28.917,1.65735,1.65785,1.00,1.00
2010.09.13 05:23:29.146,1.65735,1.65785,1.00,2.10
2010.09.13 05:23:29.918,1.6574,1.6578,1.00,1.00
2010.09.13 05:23:30.246,1.65735,1.6578,1.00,1.00
2010.09.13 05:23:31.781,1.6574,1.6578,1.00,1.00
2010.09.13 05:23:32.348,1.65735,1.65785,1.00,2.10
2010.09.13 05:23:32.594,1.65735,1.65785,1.00,1.00
2010.09.13 05:23:32.835,1.6574,1.6579,1.00,1.00
2010.09.13 05:23:33.738,1.6574,1.6579,1.00,1.00
2010.09.13 05:23:34.115,1.65745,1.6579,1.00,1.00
2010.09.13 05:23:35.766,1.65745,1.65785,1.00,1.00
2010.09.13 05:23:39.595,1.65745,1.65785,1.00,1.90
2010.09.13 05:23:39.618,1.6573,1.65775,1.00,1.00
2010.09.13 05:23:39.676,1.6573,1.65775,1.00,1.00
2010.09.13 05:23:40.013,1.6573,1.65775,1.00,1.00
2010.09.13 05:23:41.221,1.6573,1.65775,1.00,1.00
2010.09.13 05:23:42.096,1.6573,1.6577,1.00,1.00
2010.09.13 05:23:44.614,1.65735,1.65775,1.00,1.00
2010.09.13 05:23:44.684,1.65735,1.6578,1.00,1.60
2010.09.13 05:23:44.895,1.65735,1.6578,1.00,1.00
2010.09.13 05:23:45.427,1.6573,1.65775,1.00,1.00
2010.09.13 05:23:47.275,1.65735,1.65775,1.00,1.00
2010.09.13 05:23:47.946,1.6573,1.65775,1.00,1.00
2010.09.13 05:23:48.627,1.6573,1.65775,1.00,1.00
2010.09.13 05:23:50.265,1.6573,1.65775,1.00,1.00
2010.09.13 05:23:50.475,1.6573,1.6578,1.00,1.00
2010.09.13 05:23:51.698,1.65735,1.65775,1.00,1.00
2010.09.13 05:23:51.846,1.65735,1.6578,1.00,1.00
2010.09.13 05:23:54.608,1.6573,1.65775,1.00,1.00
2010.09.13 05:23:54.720,1.6573,1.65775,1.00,1.00
2010.09.13 05:23:56.059,1.6573,1.6577,1.00,1.00
2010.09.13 05:23:58.266,1.65735,1.65775,1.00,1.00
2010.09.13 05:23:58.494,1.65735,1.6578,1.00,1.00
2010.09.13 05:23:59.399,1.6573,1.65775,1.00,1.00
2010.09.13 05:23:59.695,1.6573,1.65775,1.00,1.00
2010.09.13 05:24:01.415,1.6573,1.6577,1.00,1.00
2010.09.13 05:24:07.708,1.65735,1.65775,1.00,1.00
2010.09.13 05:24:07.796,1.65735,1.6578,1.00,1.00
2010.09.13 05:24:09.529,1.65735,1.65775,1.00,1.00
2010.09.13 05:24:11.235,1.65735,1.65775,1.00,1.00
2010.09.13 05:24:27.368,1.65735,1.65775,1.00,1.00
2010.09.13 05:24:27.518,1.6574,1.65785,1.00,1.00
2010.09.13 05:24:29.746,1.65745,1.65785,1.00,1.00
2010.09.13 05:24:31.637,1.65745,1.65795,1.00,1.50
2010.09.13 05:24:32.347,1.65745,1.65795,1.00,1.00
2010.09.13 05:24:32.671,1.65745,1.6579,1.00,1.00
2010.09.13 05:24:33.696,1.6574,1.65785,1.00,1.60
2010.09.13 05:24:34.042,1.65745,1.6579,1.00,1.00
2010.09.13 05:24:35.541,1.6575,1.65795,1.00,1.70
2010.09.13 05:24:37.881,1.65745,1.65795,1.00,1.60
2010.09.13 05:24:38.338,1.65745,1.6579,1.00,1.00
2010.09.13 05:24:38.617,1.6574,1.6579,1.00,1.00
2010.09.13 05:24:38.897,1.6574,1.6579,1.00,3.90
2010.09.13 05:24:40.735,1.6574,1.65785,1.00,1.00
2010.09.13 05:24:42.679,1.65735,1.65785,1.00,1.00
2010.09.13 05:24:42.796,1.65735,1.65785,1.00,4.80
2010.09.13 05:24:42.919,1.6574,1.65785,1.00,4.60
2010.09.13 05:24:43.537,1.6574,1.6579,1.00,1.00
2010.09.13 05:24:43.751,1.6574,1.6579,1.00,1.00
2010.09.13 05:24:44.776,1.6574,1.65785,1.00,1.00
2010.09.13 05:24:45.758,1.65745,1.65785,1.00,1.00
2010.09.13 05:24:46.548,1.65745,1.6579,1.00,1.00
2010.09.13 05:24:46.807,1.65745,1.6579,1.00,1.00
2010.09.13 05:24:46.876,1.65745,1.6579,1.00,1.00
2010.09.13 05:24:47.146,1.6574,1.6579,1.00,1.00
2010.09.13 05:24:47.298,1.6574,1.6579,1.00,1.00
2010.09.13 05:24:47.428,1.6574,1.65785,1.00,3.20
2010.09.13 05:24:48.228,1.6574,1.65785,1.00,3.20
2010.09.13 05:24:49.060,1.6574,1.6578,1.00,1.00
2010.09.13 05:24:50.547,1.6574,1.65785,1.00,3.20
2010.09.13 05:24:50.708,1.6574,1.6579,1.00,1.00
2010.09.13 05:24:50.866,1.65745,1.6579,1.00,1.00
2010.09.13 05:24:52.390,1.65745,1.6579,1.00,1.00
2010.09.13 05:24:53.946,1.65745,1.65785,1.00,1.00
2010.09.13 05:24:56.052,1.6574,1.65785,1.00,1.00
2010.09.13 05:24:57.317,1.65735,1.65785,1.00,2.00
2010.09.13 05:24:58.496,1.6574,1.65785,1.00,2.00
2010.09.13 05:24:58.645,1.6574,1.65785,1.00,1.00
2010.09.13 05:24:58.797,1.6574,1.65785,1.00,1.00
2010.09.13 05:24:59.227,1.6575,1.65795,1.00,1.00
2010.09.13 05:24:59.499,1.6575,1.658,1.00,1.00
2010.09.13 05:24:59.766,1.65755,1.658,1.00,1.00
2010.09.13 05:24:59.896,1.65755,1.658,1.00,1.00
2010.09.13 05:25:02.098,1.6576,1.658,1.00,1.00
2010.09.13 05:25:04.124,1.6575,1.65795,1.00,1.00
2010.09.13 05:25:04.459,1.6575,1.65795,1.00,1.00
2010.09.13 05:25:06.512,1.6575,1.6579,1.00,1.00
2010.09.13 05:25:07.646,1.65745,1.6579,1.00,1.00
2010.09.13 05:25:07.857,1.65745,1.6579,1.00,1.00
2010.09.13 05:25:08.470,1.65745,1.6579,1.00,1.00
2010.09.13 05:25:09.407,1.65745,1.6579,1.00,1.00
2010.09.13 05:25:10.561,1.6576,1.6579,1.00,1.00
2010.09.13 05:25:11.135,1.6575,1.6579,1.00,1.00
2010.09.13 05:25:11.256,1.6575,1.6579,1.00,1.00
2010.09.13 05:25:13.090,1.6574,1.65785,1.00,1.00
2010.09.13 05:25:13.208,1.6574,1.65785,1.00,1.00
2010.09.13 05:25:14.545,1.65745,1.6579,1.00,1.00
2010.09.13 05:25:14.813,1.65745,1.6579,1.00,1.00
2010.09.13 05:25:16.739,1.6575,1.6579,1.00,1.00
2010.09.13 05:25:19.996,1.6574,1.65785,1.00,1.00
2010.09.13 05:25:20.237,1.65745,1.6579,1.00,1.00
2010.09.13 05:25:20.716,1.6574,1.65785,1.00,1.00
2010.09.13 05:25:22.206,1.65745,1.65785,1.00,1.00
2010.09.13 05:25:22.656,1.6574,1.6578,1.00,1.00
2010.09.13 05:25:24.258,1.65745,1.65785,1.00,1.00
2010.09.13 05:25:24.598,1.65745,1.6579,1.00,1.00
2010.09.13 05:25:25.991,1.65755,1.658,1.00,1.00
2010.09.13 05:25:26.327,1.65755,1.658,1.00,1.00
2010.09.13 05:25:28.226,1.6576,1.658,1.00,1.00
2010.09.13 05:25:28.947,1.65755,1.658,1.00,1.00
2010.09.13 05:25:29.631,1.65755,1.65795,1.00,1.00
2010.09.13 05:25:29.915,1.6575,1.658,1.00,1.00
2010.09.13 05:25:30.200,1.6575,1.65795,1.00,1.00
2010.09.13 05:25:30.498,1.6575,1.65795,1.00,1.00
2010.09.13 05:25:32.166,1.6575,1.6579,1.00,1.00
2010.09.13 05:25:34.885,1.6575,1.658,1.00,1.00
2010.09.13 05:25:35.129,1.65755,1.658,1.00,1.00
2010.09.13 05:25:35.900,1.65755,1.658,1.00,1.00
2010.09.13 05:25:36.897,1.6576,1.658,1.00,1.00
2010.09.13 05:25:38.085,1.6577,1.6581,1.00,1.40
2010.09.13 05:25:38.287,1.6577,1.6582,1.00,1.00
2010.09.13 05:25:39.207,1.6577,1.6582,1.00,1.60
2010.09.13 05:25:39.471,1.6577,1.6582,1.00,2.00
2010.09.13 05:25:39.727,1.6577,1.65815,1.00,1.00
2010.09.13 05:25:41.466,1.6577,1.6581,1.00,1.00
2010.09.13 05:25:42.819,1.6577,1.6581,1.00,1.00
2010.09.13 05:25:42.914,1.6577,1.6581,1.00,1.00
2010.09.13 05:25:45.757,1.6577,1.6582,1.00,1.00
2010.09.13 05:25:45.999,1.6576,1.6581,1.00,1.60
2010.09.13 05:25:46.239,1.6576,1.6581,1.00,2.00
2010.09.13 05:25:46.478,1.65755,1.65805,1.00,1.50
2010.09.13 05:25:47.255,1.65755,1.658,1.00,1.00
2010.09.13 05:25:47.593,1.65765,1.65815,1.00,1.00
2010.09.13 05:25:47.929,1.6576,1.6581,1.00,1.00
2010.09.13 05:25:49.090,1.6576,1.65805,1.00,1.00
2010.09.13 05:25:49.372,1.65755,1.658,1.00,1.00
2010.09.13 05:25:49.677,1.6575,1.658,1.00,1.00
2010.09.13 05:25:49.837,1.6575,1.658,1.00,1.00
2010.09.13 05:25:50.146,1.65755,1.658,1.00,1.00
2010.09.13 05:25:50.956,1.65755,1.658,1.00,1.00
2010.09.13 05:25:51.729,1.6576,1.658,1.00,1.00
2010.09.13 05:26:01.502,1.65765,1.6581,1.00,2.00
2010.09.13 05:26:01.678,1.65765,1.6581,1.00,1.00
2010.09.13 05:26:04.166,1.6577,1.6581,1.00,1.00
2010.09.13 05:26:04.360,1.65765,1.65805,1.00,1.00
2010.09.13 05:26:06.037,1.6577,1.6581,1.00,1.00
2010.09.13 05:26:06.766,1.6577,1.6581,1.00,1.00
2010.09.13 05:26:06.967,1.6576,1.65805,1.00,1.00
2010.09.13 05:26:08.747,1.6576,1.658,1.00,1.00
2010.09.13 05:26:12.868,1.65765,1.6581,1.00,2.10
2010.09.13 05:26:12.945,1.65765,1.6581,1.00,1.00
2010.09.13 05:26:13.186,1.65765,1.6581,1.00,1.00
2010.09.13 05:26:15.067,1.6577,1.6581,1.00,1.00
2010.09.13 05:26:18.521,1.6577,1.6581,1.00,1.00
2010.09.13 05:26:18.556,1.6577,1.6582,1.00,4.80
2010.09.13 05:26:18.657,1.6577,1.6582,1.00,3.30
2010.09.13 05:26:19.216,1.6577,1.6582,1.00,1.00
2010.09.13 05:26:19.462,1.6579,1.65825,1.00,1.00
2010.09.13 05:26:19.697,1.6579,1.6583,1.00,1.00
2010.09.13 05:26:20.397,1.65785,1.6583,1.00,1.00
2010.09.13 05:26:21.002,1.65785,1.6583,1.00,1.50
2010.09.13 05:26:21.337,1.65775,1.65825,1.00,1.00
2010.09.13 05:26:22.567,1.65775,1.6582,1.00,1.00
2010.09.13 05:26:23.867,1.65775,1.65815,1.00,1.00
2010.09.13 05:26:51.168,1.65765,1.6581,1.00,1.00
2010.09.13 05:26:51.458,1.65765,1.6581,1.00,1.50
2010.09.13 05:26:51.746,1.65765,1.6581,1.00,1.00
2010.09.13 05:26:52.998,1.6577,1.6581,1.00,1.00
2010.09.13 05:26:54.734,1.6577,1.6581,1.00,1.00
2010.09.13 05:26:55.038,1.6577,1.6581,1.00,1.00
2010.09.13 05:27:06.064,1.6576,1.6581,1.50,1.00
2010.09.13 05:27:06.269,1.6576,1.65805,1.00,1.00
2010.09.13 05:27:06.877,1.65755,1.658,1.00,1.00
2010.09.13 05:27:07.379,1.65755,1.658,1.00,1.00
2010.09.13 05:27:08.207,1.6575,1.65795,1.00,1.00
2010.09.13 05:27:09.217,1.65755,1.658,1.00,1.00
2010.09.13 05:27:10.819,1.65755,1.6579,1.00,1.00
2010.09.13 05:27:11.010,1.65745,1.6579,1.00,1.00
2010.09.13 05:27:11.203,1.65735,1.65785,1.00,2.00
2010.09.13 05:27:11.469,1.65735,1.6578,1.00,1.00
2010.09.13 05:27:11.738,1.65735,1.65785,1.00,2.00
2010.09.13 05:27:12.006,1.65735,1.65785,1.00,2.20
2010.09.13 05:27:12.648,1.65735,1.6578,1.00,1.00
2010.09.13 05:27:13.542,1.6574,1.6579,1.00,1.00
2010.09.13 05:27:14.944,1.65745,1.65795,1.00,1.00
2010.09.13 05:27:16.026,1.6575,1.65795,1.00,1.00
2010.09.13 05:27:16.266,1.65745,1.6579,1.00,1.00
2010.09.13 05:27:17.019,1.65745,1.65785,1.00,2.20
2010.09.13 05:27:17.259,1.65735,1.6578,1.00,1.00
2010.09.13 05:27:18.907,1.65735,1.65775,1.00,1.00
2010.09.13 05:27:22.742,1.6574,1.65785,1.00,2.00
2010.09.13 05:27:23.007,1.6574,1.6579,1.00,1.00
2010.09.13 05:27:23.528,1.6574,1.6579,1.00,1.00
2010.09.13 05:27:24.268,1.65745,1.6579,1.00,1.00
2010.09.13 05:27:25.147,1.6575,1.65795,1.00,1.00
2010.09.13 05:27:25.937,1.65745,1.6579,1.00,1.00
2010.09.13 05:27:26.397,1.65745,1.6579,1.00,1.00
2010.09.13 05:27:26.617,1.65745,1.65785,1.00,1.40
2010.09.13 05:27:27.252,1.6574,1.65785,1.00,2.10
2010.09.13 05:27:27.462,1.65735,1.6578,1.00,1.00
2010.09.13 05:27:29.322,1.6574,1.6579,1.00,1.00
2010.09.13 05:27:29.568,1.65745,1.6579,1.00,1.00
2010.09.13 05:27:30.967,1.65735,1.65785,1.00,2.00
2010.09.13 05:27:31.299,1.6574,1.6579,1.00,1.00
2010.09.13 05:27:31.627,1.65745,1.65795,1.00,1.00
2010.09.13 05:27:33.535,1.65745,1.6579,1.00,1.00
2010.09.13 05:27:33.629,1.6574,1.65785,1.00,1.50
2010.09.13 05:27:33.728,1.65735,1.6578,1.00,1.00
2010.09.13 05:27:33.827,1.65725,1.6578,1.00,1.00
2010.09.13 05:27:33.927,1.65725,1.65775,1.00,1.00
2010.09.13 05:27:34.634,1.65725,1.65775,1.00,2.00
2010.09.13 05:27:34.980,1.65725,1.6577,1.00,1.00
2010.09.13 05:27:35.317,1.65725,1.65775,1.00,2.00
2010.09.13 05:27:35.657,1.65725,1.65775,1.00,1.00
2010.09.13 05:27:37.258,1.65725,1.6577,1.00,1.00
2010.09.13 05:27:38.836,1.65725,1.65765,1.00,1.00
2010.09.13 05:27:41.356,1.6572,1.65765,1.00,1.00
2010.09.13 05:27:41.989,1.6572,1.65765,1.00,2.00
2010.09.13 05:27:43.347,1.6572,1.6576,1.00,1.00
2010.09.13 05:27:43.636,1.6572,1.65765,1.00,2.00
2010.09.13 05:27:43.776,1.6572,1.65765,1.00,1.00
2010.09.13 05:27:44.612,1.65715,1.6576,1.00,1.00
2010.09.13 05:27:45.980,1.65715,1.65755,1.00,1.00
2010.09.13 05:27:46.321,1.65715,1.65755,1.00,1.00
2010.09.13 05:27:47.195,1.65715,1.65755,1.00,1.00
2010.09.13 05:27:47.617,1.65715,1.6576,1.00,1.00
2010.09.13 05:27:49.151,1.6571,1.65755,1.00,1.00
2010.09.13 05:27:49.176,1.65705,1.65755,1.00,1.00
2010.09.13 05:27:49.275,1.6571,1.65755,1.00,1.00
2010.09.13 05:27:49.392,1.65715,1.6576,1.00,1.00
2010.09.13 05:27:50.693,1.6572,1.6576,1.00,1.00
2010.09.13 05:27:51.506,1.65715,1.65755,1.00,1.00
2010.09.13 05:27:52.106,1.6572,1.65755,1.00,1.00
2010.09.13 05:27:56.797,1.65725,1.6576,1.00,1.00
2010.09.13 05:27:56.916,1.6572,1.6576,1.00,1.00
2010.09.13 05:27:58.028,1.65725,1.6576,1.00,1.00
2010.09.13 05:27:58.366,1.65725,1.65765,1.00,2.30
2010.09.13 05:27:58.876,1.6572,1.6576,1.00,1.00
2010.09.13 05:28:01.257,1.6572,1.65755,1.00,1.00
2010.09.13 05:28:02.181,1.6572,1.6576,1.00,1.00
2010.09.13 05:28:03.161,1.65715,1.65755,1.00,1.00
2010.09.13 05:28:04.087,1.6572,1.65755,1.00,1.00
2010.09.13 05:28:04.268,1.65725,1.6576,1.00,1.00
2010.09.13 05:28:10.579,1.6572,1.65755,1.00,1.00
2010.09.13 05:28:10.931,1.65725,1.6576,1.00,1.00
2010.09.13 05:28:13.276,1.65725,1.65765,1.00,2.30
2010.09.13 05:28:15.955,1.6572,1.6576,1.00,1.00
2010.09.13 05:28:25.667,1.6572,1.6576,1.00,1.00
2010.09.13 05:28:26.084,1.65725,1.6576,1.00,1.00
2010.09.13 05:28:29.935,1.65725,1.65765,1.00,2.10
2010.09.13 05:28:30.117,1.6572,1.6576,1.00,1.00
2010.09.13 05:28:30.182,1.65725,1.65765,1.00,2.00
2010.09.13 05:28:30.236,1.65725,1.65765,1.00,1.00
2010.09.13 05:28:30.787,1.65725,1.65775,1.00,3.30
2010.09.13 05:28:31.071,1.65725,1.6578,1.00,1.00
2010.09.13 05:28:31.346,1.6573,1.65775,1.00,1.00
2010.09.13 05:28:32.802,1.6574,1.6578,1.00,1.00
2010.09.13 05:28:33.590,1.6573,1.65775,1.00,1.00
2010.09.13 05:28:34.316,1.6573,1.65775,1.00,1.00
2010.09.13 05:28:34.478,1.65735,1.65775,1.00,1.00
2010.09.13 05:28:45.271,1.6573,1.6577,1.00,1.00
2010.09.13 05:28:45.548,1.65735,1.6578,1.00,1.00
2010.09.13 05:28:46.473,1.65745,1.658,1.00,1.00
2010.09.13 05:28:46.739,1.6575,1.658,1.00,1.00
2010.09.13 05:28:48.039,1.65755,1.658,1.00,1.00
2010.09.13 05:28:48.717,1.6575,1.65795,1.00,1.00
2010.09.13 05:28:50.556,1.6575,1.6579,1.00,1.00
2010.09.13 05:28:51.101,1.65745,1.6579,1.00,1.00
2010.09.13 05:28:51.284,1.6574,1.65785,1.00,1.00
2010.09.13 05:28:52.199,1.65735,1.6578,1.00,1.00
2010.09.13 05:28:53.126,1.65735,1.6578,1.00,1.00
2010.09.13 05:28:54.081,1.65735,1.65775,1.00,1.00
2010.09.13 05:28:54.378,1.65735,1.65785,1.00,2.00
2010.09.13 05:28:54.528,1.6574,1.65785,1.00,2.00
2010.09.13 05:28:54.676,1.6574,1.6579,1.00,1.00
2010.09.13 05:29:02.306,1.65735,1.6579,1.00,1.00
2010.09.13 05:29:02.517,1.65735,1.65785,1.00,1.00
2010.09.13 05:29:02.727,1.65735,1.65785,1.00,2.00
2010.09.13 05:29:04.145,1.65735,1.6578,1.00,1.00
2010.09.13 05:29:05.072,1.65735,1.65775,1.00,1.00
2010.09.13 05:29:05.959,1.65735,1.65785,1.00,2.00
2010.09.13 05:29:06.009,1.6573,1.65785,1.00,2.10
2010.09.13 05:29:06.046,1.6573,1.65785,1.00,1.60
2010.09.13 05:29:06.217,1.6573,1.65785,1.00,1.00
2010.09.13 05:29:06.387,1.6573,1.65785,1.00,2.10
2010.09.13 05:29:06.556,1.65735,1.6578,1.00,1.00
2010.09.13 05:29:08.800,1.65735,1.65775,1.00,1.00
2010.09.13 05:29:13.455,1.6574,1.65775,1.00,1.00
2010.09.13 05:29:13.966,1.6574,1.65775,1.00,1.00
2010.09.13 05:29:14.692,1.6573,1.65775,1.00,1.00
2010.09.13 05:29:14.829,1.6573,1.65775,1.00,1.00
2010.09.13 05:29:15.227,1.6573,1.6578,1.00,2.10
2010.09.13 05:29:16.107,1.65735,1.6578,1.00,1.00
2010.09.13 05:29:17.106,1.65735,1.65775,1.00,1.00
2010.09.13 05:29:18.227,1.6574,1.65775,1.00,1.00
2010.09.13 05:29:19.108,1.65735,1.65775,1.00,1.00
2010.09.13 05:29:22.525,1.6574,1.65785,1.00,2.00
2010.09.13 05:29:22.807,1.6575,1.65795,1.00,1.00
2010.09.13 05:29:25.081,1.65755,1.65795,1.00,1.00
2010.09.13 05:29:46.108,1.6575,1.6579,1.00,1.00
2010.09.13 05:29:46.168,1.65755,1.65795,1.00,1.00
2010.09.13 05:29:46.818,1.6574,1.6579,1.00,1.00
2010.09.13 05:30:01.997,1.65735,1.65785,1.00,1.00
2010.09.13 05:30:02.174,1.65735,1.65785,1.00,2.00
2010.09.13 05:30:02.687,1.65735,1.6578,1.00,1.00
2010.09.13 05:30:03.877,1.65735,1.6578,1.00,1.00
2010.09.13 05:30:05.186,1.65735,1.65775,1.00,1.00
2010.09.13 05:30:17.179,1.65725,1.6578,1.00,2.10
2010.09.13 05:30:17.326,1.65725,1.6578,1.00,1.00
2010.09.13 05:30:18.946,1.65725,1.6577,1.00,1.00
2010.09.13 05:30:19.627,1.65725,1.6577,1.00,1.00
2010.09.13 05:30:19.752,1.6572,1.65765,1.00,2.00
2010.09.13 05:30:20.608,1.65715,1.6576,1.00,1.00
2010.09.13 05:30:20.757,1.65715,1.6576,1.00,1.00
2010.09.13 05:30:20.845,1.65715,1.6576,1.00,1.00
2010.09.13 05:30:20.989,1.6571,1.65755,1.00,1.00
2010.09.13 05:30:21.899,1.6571,1.65755,1.00,1.00
2010.09.13 05:30:22.856,1.65705,1.6575,1.00,1.00
2010.09.13 05:30:23.920,1.65705,1.65745,1.00,1.00
2010.09.13 05:30:24.478,1.657,1.6575,1.00,1.00
2010.09.13 05:30:24.566,1.657,1.6575,1.00,1.00
2010.09.13 05:30:24.656,1.657,1.6575,1.00,2.10
2010.09.13 05:30:24.835,1.657,1.65745,1.00,1.00
2010.09.13 05:30:26.166,1.657,1.65745,1.00,1.00
2010.09.13 05:30:27.357,1.657,1.6574,1.00,1.00
2010.09.13 05:30:35.847,1.6569,1.65735,1.00,1.00
2010.09.13 05:30:36.007,1.65695,1.6574,1.00,1.60
2010.09.13 05:30:36.166,1.65695,1.6574,1.00,1.00
2010.09.13 05:30:38.227,1.657,1.6574,1.00,1.00
2010.09.13 05:30:51.216,1.65695,1.65735,1.00,1.00
2010.09.13 05:30:54.356,1.65695,1.6573,1.00,1.00
2010.09.13 05:31:04.797,1.657,1.65735,1.00,1.00
2010.09.13 05:31:04.895,1.65695,1.6573,1.00,1.00
2010.09.13 05:31:07.136,1.657,1.65735,1.00,1.00
2010.09.13 05:31:08.262,1.65695,1.6573,1.00,1.00
2010.09.13 05:31:12.399,1.65695,1.65735,1.00,1.00
2010.09.13 05:31:13.136,1.65695,1.6574,1.00,1.00
2010.09.13 05:31:13.556,1.65695,1.65735,1.00,1.00
2010.09.13 05:31:13.766,1.65695,1.65735,1.00,1.00
2010.09.13 05:31:15.184,1.65695,1.65735,1.00,1.00
2010.09.13 05:31:17.299,1.65685,1.6573,1.00,1.00
2010.09.13 05:31:18.216,1.6569,1.6573,1.00,1.00
2010.09.13 05:31:18.418,1.6569,1.65735,1.00,1.00
2010.09.13 05:31:18.642,1.6569,1.65735,1.00,1.00
2010.09.13 05:31:18.856,1.65695,1.6574,1.00,1.00
2010.09.13 05:31:18.997,1.65695,1.6574,1.00,1.00
2010.09.13 05:31:19.870,1.65695,1.6574,1.00,1.00
2010.09.13 05:31:20.119,1.657,1.6574,1.00,1.00
2010.09.13 05:31:21.129,1.65695,1.65735,1.00,1.00
2010.09.13 05:31:23.303,1.6568,1.65725,1.00,2.00
2010.09.13 05:31:23.420,1.6568,1.65725,1.00,1.00
2010.09.13 05:31:23.528,1.6568,1.6573,1.00,1.00
2010.09.13 05:31:23.638,1.65685,1.6573,1.00,1.00
2010.09.13 05:31:24.617,1.65685,1.65735,1.00,1.00
2010.09.13 05:31:24.886,1.6568,1.6573,1.00,1.00
2010.09.13 05:31:25.156,1.65685,1.6573,1.00,1.00
2010.09.13 05:31:26.097,1.6569,1.6573,1.00,1.00
2010.09.13 05:31:26.297,1.65685,1.65725,1.00,1.00
2010.09.13 05:31:27.069,1.6569,1.65735,1.00,1.00
2010.09.13 05:31:27.228,1.6569,1.6574,1.00,1.00
2010.09.13 05:31:27.387,1.65695,1.6574,1.00,1.00
2010.09.13 05:31:27.706,1.6569,1.65735,1.00,1.00
2010.09.13 05:31:28.027,1.65695,1.6574,1.00,1.00
2010.09.13 05:31:29.168,1.65695,1.65735,1.00,1.00
2010.09.13 05:31:29.467,1.65695,1.6572,1.00,1.00
2010.09.13 05:31:29.527,1.6568,1.6572,1.00,1.00
2010.09.13 05:31:29.587,1.6568,1.65715,1.00,1.40
2010.09.13 05:31:29.649,1.65675,1.65715,1.00,2.00
2010.09.13 05:31:29.766,1.65675,1.65715,1.00,1.40
2010.09.13 05:31:30.332,1.6567,1.65725,3.20,2.00
2010.09.13 05:31:30.618,1.6568,1.65735,1.00,1.00
2010.09.13 05:31:30.899,1.6568,1.6573,1.00,1.00
2010.09.13 05:31:31.177,1.65685,1.6573,1.00,1.00
2010.09.13 05:31:32.886,1.65685,1.6573,1.00,1.00
2010.09.13 05:31:33.066,1.6568,1.65725,1.00,1.50
2010.09.13 05:31:33.247,1.6568,1.65725,1.00,2.00
2010.09.13 05:31:34.166,1.6568,1.6572,1.00,1.00
2010.09.13 05:31:35.443,1.6568,1.65715,1.00,1.00
2010.09.13 05:31:36.668,1.65685,1.6572,1.00,1.00
2010.09.13 05:31:37.428,1.6568,1.6572,1.00,1.00
2010.09.13 05:31:37.640,1.6568,1.65715,1.00,1.00
2010.09.13 05:31:37.839,1.65685,1.6572,1.00,1.00
2010.09.13 05:31:38.149,1.6568,1.6572,1.00,1.00
2010.09.13 05:31:38.459,1.6568,1.65715,1.00,1.00
2010.09.13 05:31:39.831,1.65675,1.65715,1.00,1.00
2010.09.13 05:31:41.261,1.65675,1.6571,1.00,1.00
2010.09.13 05:31:45.299,1.6567,1.6571,1.00,1.00
2010.09.13 05:31:45.619,1.6567,1.6571,1.00,1.00
2010.09.13 05:31:47.287,1.65675,1.6571,1.00,1.00
2010.09.13 05:31:48.917,1.65675,1.6571,1.00,1.00
2010.09.13 05:31:49.037,1.65675,1.65715,1.00,1.00
2010.09.13 05:31:50.206,1.6568,1.65715,1.00,1.00
2010.09.13 05:31:50.692,1.65675,1.65715,1.00,1.00
2010.09.13 05:31:51.267,1.6568,1.65715,1.00,1.00
2010.09.13 05:31:52.123,1.6568,1.65725,1.00,1.00
2010.09.13 05:31:52.317,1.65685,1.65725,1.00,1.00
2010.09.13 05:31:53.767,1.6569,1.65725,1.00,1.00
2010.09.13 05:31:54.108,1.65685,1.6572,1.00,1.00
2010.09.13 05:31:55.846,1.65685,1.65725,1.00,1.00
2010.09.13 05:31:58.268,1.65675,1.6572,1.00,1.00
2010.09.13 05:31:58.521,1.65675,1.6572,1.00,1.50
2010.09.13 05:31:59.256,1.6568,1.6572,1.00,2.00
2010.09.13 05:31:59.440,1.6568,1.65725,1.00,1.00
2010.09.13 05:32:00.086,1.65685,1.6573,1.00,2.00
2010.09.13 05:32:00.268,1.6569,1.6573,1.00,1.40
2010.09.13 05:32:00.448,1.6569,1.65735,1.00,1.00
2010.09.13 05:32:02.108,1.65695,1.65735,1.00,1.00
2010.09.13 05:32:02.589,1.6569,1.65735,1.00,1.00
2010.09.13 05:32:02.827,1.6569,1.65735,1.00,1.00
2010.09.13 05:32:03.068,1.6569,1.65735,1.00,2.10
2010.09.13 05:32:05.017,1.6569,1.6573,1.00,1.00
2010.09.13 05:32:05.107,1.6569,1.6573,1.00,1.00
2010.09.13 05:32:06.697,1.6569,1.6573,1.00,1.00
2010.09.13 05:32:09.801,1.65695,1.65735,1.00,1.00
2010.09.13 05:32:09.979,1.65695,1.6574,1.00,1.00
2010.09.13 05:32:10.718,1.65695,1.65735,1.00,1.00
2010.09.13 05:32:13.457,1.657,1.65735,1.00,1.00
2010.09.13 05:32:14.108,1.657,1.6574,1.00,1.00
2010.09.13 05:32:18.507,1.657,1.65735,1.00,1.00
2010.09.13 05:32:19.138,1.65695,1.65735,1.00,1.00
2010.09.13 05:32:19.266,1.65695,1.65735,1.00,2.10
2010.09.13 05:32:19.596,1.65695,1.6573,1.00,1.00
2010.09.13 05:32:20.850,1.657,1.65735,1.00,1.00
2010.09.13 05:32:22.298,1.65695,1.65735,1.00,1.00
2010.09.13 05:32:23.267,1.657,1.65735,1.00,1.00
2010.09.13 05:32:23.407,1.65695,1.6573,1.00,1.00
2010.09.13 05:32:24.066,1.65695,1.6573,1.00,1.00
2010.09.13 05:32:25.071,1.65695,1.65735,1.00,2.10
2010.09.13 05:32:27.707,1.65685,1.6573,1.00,1.00
2010.09.13 05:32:28.450,1.65685,1.65715,1.00,1.60
2010.09.13 05:32:28.795,1.6569,1.6573,1.00,1.00
2010.09.13 05:32:29.600,1.65695,1.6574,1.00,1.00
2010.09.13 05:32:31.120,1.657,1.6574,1.00,1.00
2010.09.13 05:32:32.146,1.65705,1.6574,1.00,1.00
2010.09.13 05:32:32.346,1.657,1.65735,1.00,1.00
2010.09.13 05:32:33.748,1.657,1.6574,1.00,1.00
2010.09.13 05:32:34.643,1.65705,1.6574,1.00,1.00
2010.09.13 05:32:36.047,1.657,1.6574,1.00,2.00
2010.09.13 05:32:37.458,1.657,1.65735,1.00,1.00
2010.09.13 05:32:38.067,1.65695,1.6573,1.00,1.00
2010.09.13 05:32:39.369,1.65695,1.6573,1.00,1.00
2010.09.13 05:32:39.919,1.65695,1.6573,1.00,1.00
2010.09.13 05:32:40.817,1.65685,1.6573,1.00,1.00
2010.09.13 05:32:41.461,1.65685,1.65725,1.00,1.40
2010.09.13 05:32:41.588,1.6569,1.65725,1.00,2.20
2010.09.13 05:32:41.837,1.6569,1.65725,1.00,2.40
2010.09.13 05:32:43.036,1.6569,1.65725,1.00,2.50
2010.09.13 05:32:43.277,1.65685,1.65725,1.00,2.60
2010.09.13 05:32:43.699,1.65685,1.65725,1.00,2.40
2010.09.13 05:32:43.867,1.6569,1.65725,1.00,2.20
2010.09.13 05:32:44.037,1.6569,1.6573,1.00,1.00
2010.09.13 05:32:44.438,1.6569,1.6573,1.00,1.00
2010.09.13 05:32:45.289,1.65695,1.6573,1.00,1.00
2010.09.13 05:32:47.737,1.6569,1.6573,1.00,1.00
2010.09.13 05:32:48.377,1.65685,1.65725,1.00,1.00
2010.09.13 05:32:48.548,1.65685,1.65725,1.00,2.30
2010.09.13 05:32:49.097,1.6568,1.65725,1.00,2.30
2010.09.13 05:32:49.989,1.6568,1.6572,1.00,1.00
2010.09.13 05:32:50.937,1.6568,1.6572,1.00,1.00
2010.09.13 05:33:17.280,1.6568,1.6572,1.00,1.00
2010.09.13 05:33:17.401,1.65685,1.6572,1.00,1.00
2010.09.13 05:33:19.137,1.6568,1.6572,1.00,1.00
2010.09.13 05:33:19.527,1.65685,1.6572,1.00,1.00
2010.09.13 05:33:21.548,1.6569,1.6572,1.00,1.00
2010.09.13 05:33:22.319,1.6568,1.6572,1.00,1.00
2010.09.13 05:33:22.447,1.6568,1.6572,1.00,1.00
2010.09.13 05:33:23.202,1.6568,1.6572,1.00,1.00
2010.09.13 05:33:24.437,1.6568,1.6572,1.00,1.00
2010.09.13 05:33:26.163,1.65685,1.6572,1.00,1.00
2010.09.13 05:33:28.443,1.6568,1.6572,1.00,1.00
2010.09.13 05:33:28.996,1.65685,1.6572,1.00,1.00
2010.09.13 05:33:29.417,1.6568,1.6572,1.00,1.00
2010.09.13 05:33:30.160,1.6568,1.6572,1.00,1.00
2010.09.13 05:33:30.547,1.65685,1.6572,1.00,1.00
2010.09.13 05:33:30.746,1.6568,1.6572,1.00,1.00
2010.09.13 05:33:32.563,1.65685,1.6572,1.00,1.00
2010.09.13 05:33:32.947,1.6568,1.6572,1.00,1.00
2010.09.13 05:33:33.647,1.6568,1.6572,1.00,1.00
2010.09.13 05:33:33.817,1.6568,1.6572,1.00,1.00
2010.09.13 05:33:34.190,1.6568,1.6572,1.00,1.00
2010.09.13 05:33:34.370,1.6568,1.6572,1.00,1.00
2010.09.13 05:33:34.947,1.6568,1.6572,1.00,1.00
2010.09.13 05:33:36.617,1.6568,1.6572,1.00,2.30
2010.09.13 05:33:46.477,1.6567,1.6572,1.00,2.40
2010.09.13 05:33:46.607,1.6567,1.6571,1.00,1.40
2010.09.13 05:33:46.728,1.65675,1.6571,1.00,1.40
2010.09.13 05:33:47.027,1.65675,1.6572,1.00,2.30
2010.09.13 05:33:47.176,1.6568,1.6572,1.00,1.00
2010.09.13 05:33:47.777,1.65675,1.6572,1.00,1.00
2010.09.13 05:33:49.067,1.6568,1.6572,1.00,1.00
2010.09.13 05:33:50.426,1.6567,1.6572,1.00,1.00
2010.09.13 05:33:50.708,1.6567,1.65715,1.00,1.40
2010.09.13 05:33:50.777,1.6567,1.65715,1.00,2.20
2010.09.13 05:33:52.207,1.6567,1.65715,1.00,2.40
2010.09.13 05:33:53.026,1.6567,1.6571,1.00,1.00
2010.09.13 05:33:53.176,1.6567,1.6571,1.00,1.00
2010.09.13 05:33:53.718,1.65675,1.65715,1.00,2.40
2010.09.13 05:33:53.866,1.65675,1.65715,1.00,2.30
2010.09.13 05:33:53.936,1.6567,1.6571,1.00,1.00
2010.09.13 05:33:54.799,1.65675,1.65715,1.00,1.00
2010.09.13 05:33:55.996,1.6568,1.65715,1.00,1.00
2010.09.13 05:33:56.818,1.65675,1.65715,1.00,1.00
2010.09.13 05:33:57.747,1.65675,1.65715,1.00,1.00
2010.09.13 05:33:58.256,1.65675,1.65715,1.00,1.00
2010.09.13 05:33:59.258,1.6567,1.6571,1.00,1.00
2010.09.13 05:33:59.618,1.65675,1.65715,1.00,1.00
2010.09.13 05:33:59.798,1.65675,1.6572,1.00,1.00
2010.09.13 05:34:00.534,1.6568,1.6572,1.00,1.00
2010.09.13 05:34:01.160,1.65675,1.6572,1.00,1.00
2010.09.13 05:34:02.257,1.6568,1.6572,1.00,1.00
2010.09.13 05:34:08.270,1.6567,1.65715,1.00,2.20
2010.09.13 05:34:09.159,1.6567,1.65715,1.00,2.40
2010.09.13 05:34:10.276,1.6567,1.6571,1.00,1.00
2010.09.13 05:34:17.106,1.6567,1.65715,1.00,2.20
2010.09.13 05:34:17.407,1.6567,1.6572,1.00,1.00
2010.09.13 05:34:17.647,1.65675,1.6572,1.00,1.00
2010.09.13 05:34:19.499,1.65685,1.65725,1.00,2.40
2010.09.13 05:34:19.620,1.6568,1.6572,1.00,1.00
2010.09.13 05:34:19.816,1.6568,1.6572,1.00,1.00
2010.09.13 05:34:20.041,1.65675,1.6572,1.00,1.00
2010.09.13 05:34:20.957,1.6568,1.6572,1.00,1.00
2010.09.13 05:34:24.329,1.6567,1.65715,1.00,1.40
2010.09.13 05:34:24.428,1.65675,1.65715,1.00,2.20
2010.09.13 05:34:25.089,1.65675,1.65715,1.00,2.20
2010.09.13 05:34:26.155,1.6567,1.65715,1.00,2.30
2010.09.13 05:34:27.278,1.6567,1.6571,1.00,1.00
2010.09.13 05:34:28.021,1.6567,1.6571,1.00,1.00
2010.09.13 05:34:28.936,1.6567,1.65715,1.00,2.40
2010.09.13 05:34:30.036,1.65665,1.6571,1.00,1.00
2010.09.13 05:34:30.376,1.6566,1.6571,1.00,1.00
2010.09.13 05:34:30.548,1.6566,1.65705,1.00,1.00
2010.09.13 05:34:30.728,1.6566,1.65705,1.00,2.30
2010.09.13 05:34:30.897,1.6566,1.65705,1.00,2.40
2010.09.13 05:34:33.544,1.6566,1.657,1.00,1.00
2010.09.13 05:34:43.380,1.65655,1.65695,1.00,1.00
2010.09.13 05:34:44.650,1.6566,1.657,1.00,1.90
2010.09.13 05:34:44.983,1.6566,1.65695,1.00,1.00
2010.09.13 05:34:45.497,1.6566,1.65695,1.00,1.60
2010.09.13 05:34:45.587,1.6565,1.6569,1.00,1.00
2010.09.13 05:34:46.717,1.65655,1.65695,1.00,1.90
2010.09.13 05:34:46.978,1.65645,1.6569,1.00,1.00
2010.09.13 05:34:47.108,1.65645,1.65685,1.00,1.00
2010.09.13 05:34:47.245,1.6565,1.65685,1.00,2.20
2010.09.13 05:34:47.902,1.65645,1.65685,1.00,2.20
2010.09.13 05:34:48.250,1.6565,1.65685,1.00,2.20
2010.09.13 05:34:49.769,1.6566,1.65705,1.00,1.40
2010.09.13 05:34:50.330,1.6566,1.6571,1.00,1.00
2010.09.13 05:34:50.530,1.6567,1.6571,1.00,1.00
2010.09.13 05:34:50.728,1.65665,1.6572,1.00,1.00
2010.09.13 05:34:50.917,1.65665,1.65715,1.00,1.40
2010.09.13 05:34:51.515,1.65665,1.65715,1.00,1.80
2010.09.13 05:34:51.833,1.6567,1.6571,1.00,1.00
2010.09.13 05:34:53.449,1.65665,1.6571,1.00,1.00
2010.09.13 05:34:54.058,1.65665,1.6571,1.00,1.00
2010.09.13 05:34:54.173,1.65665,1.65705,1.00,2.20
2010.09.13 05:34:54.277,1.6566,1.65705,1.00,2.40
2010.09.13 05:34:56.511,1.6566,1.6571,1.00,1.00
2010.09.13 05:34:56.598,1.6566,1.6571,1.00,1.00
2010.09.13 05:34:56.647,1.6566,1.6571,1.00,2.00
2010.09.13 05:34:56.766,1.6566,1.6571,1.00,1.00
2010.09.13 05:34:57.407,1.65665,1.6571,1.00,1.00
2010.09.13 05:34:57.462,1.6567,1.65715,1.00,1.00
2010.09.13 05:34:58.478,1.65665,1.65715,1.00,1.00
2010.09.13 05:34:58.817,1.6567,1.6572,1.00,1.00
2010.09.13 05:34:59.815,1.6567,1.65715,1.00,1.00
2010.09.13 05:34:59.920,1.6567,1.65715,1.00,1.00
2010.09.13 05:35:00.359,1.65665,1.6571,1.00,1.00
2010.09.13 05:35:00.457,1.65665,1.65705,1.00,1.00
2010.09.13 05:35:01.679,1.6566,1.65705,1.00,1.00
2010.09.13 05:35:01.980,1.6567,1.6571,1.00,1.00
2010.09.13 05:35:02.168,1.65665,1.6571,1.00,1.00
2010.09.13 05:35:04.187,1.65665,1.6571,1.00,1.00
2010.09.13 05:35:05.500,1.6567,1.65715,1.00,2.00
2010.09.13 05:35:06.228,1.65665,1.6571,1.00,1.00
2010.09.13 05:35:08.122,1.6567,1.65715,1.00,2.10
2010.09.13 05:35:08.231,1.65665,1.6571,1.00,1.00
2010.09.13 05:35:10.567,1.6567,1.65715,1.00,2.10
2010.09.13 05:35:10.851,1.6567,1.65715,1.00,1.00
2010.09.13 05:35:11.660,1.6567,1.6572,1.00,1.00
2010.09.13 05:35:12.409,1.65675,1.65725,1.00,1.00
2010.09.13 05:35:12.859,1.6568,1.65725,1.00,1.00
2010.09.13 05:35:14.097,1.65685,1.6573,1.00,1.00
2010.09.13 05:35:14.397,1.65685,1.65735,1.00,1.00
2010.09.13 05:35:16.197,1.6569,1.65735,1.00,1.00
2010.09.13 05:35:28.700,1.6568,1.6573,1.00,1.00
2010.09.13 05:35:28.837,1.6568,1.6573,1.00,2.40
2010.09.13 05:35:29.816,1.6568,1.65725,1.00,1.00
2010.09.13 05:35:30.134,1.6568,1.6573,1.00,2.40
2010.09.13 05:35:31.068,1.6568,1.65725,1.00,1.00
2010.09.13 05:35:32.948,1.6568,1.6573,1.00,2.40
2010.09.13 05:35:33.819,1.6568,1.65725,1.00,1.00
2010.09.13 05:35:34.330,1.6568,1.65725,1.00,1.00
2010.09.13 05:35:35.681,1.65685,1.6573,1.00,2.40
2010.09.13 05:35:36.505,1.6568,1.65725,1.00,1.00
2010.09.13 05:35:38.107,1.65685,1.65725,1.00,1.00
2010.09.13 05:35:38.391,1.6568,1.65725,1.00,1.00
2010.09.13 05:35:40.627,1.6568,1.65725,1.00,1.00
2010.09.13 05:35:40.707,1.6568,1.65725,1.00,1.00
2010.09.13 05:35:50.388,1.65685,1.6573,1.00,2.40
2010.09.13 05:35:50.537,1.65685,1.6573,1.00,1.00
2010.09.13 05:35:50.676,1.65685,1.6573,1.00,1.00
2010.09.13 05:35:52.167,1.65685,1.65735,1.00,1.00
2010.09.13 05:35:52.338,1.65685,1.6573,1.00,1.00
2010.09.13 05:35:52.506,1.65685,1.6573,1.00,1.00
2010.09.13 05:35:53.232,1.65685,1.65735,1.00,1.00
2010.09.13 05:35:53.566,1.6569,1.65735,1.00,1.00
2010.09.13 05:35:54.048,1.65685,1.6573,1.00,1.00
2010.09.13 05:35:54.156,1.65685,1.6573,1.00,1.00
2010.09.13 05:35:55.100,1.6569,1.6573,1.00,1.00
2010.09.13 05:35:56.754,1.65695,1.65735,1.00,1.00
2010.09.13 05:35:59.279,1.6569,1.6573,1.00,1.00
2010.09.13 05:36:05.537,1.65685,1.6573,1.00,1.50
2010.09.13 05:36:06.318,1.65685,1.6573,1.00,2.30
2010.09.13 05:36:08.076,1.65685,1.65725,1.00,1.00
2010.09.13 05:36:09.818,1.65675,1.65725,1.00,1.00
2010.09.13 05:36:09.859,1.65675,1.6572,1.00,1.40
2010.09.13 05:36:10.492,1.65675,1.6572,1.00,2.20
2010.09.13 05:36:10.514,1.6568,1.6572,1.00,1.40
2010.09.13 05:36:10.540,1.6568,1.65725,1.00,1.00
2010.09.13 05:36:11.149,1.65675,1.65725,1.00,1.00
2010.09.13 05:36:11.830,1.6568,1.6572,1.00,1.40
2010.09.13 05:36:11.958,1.65675,1.6572,1.00,1.00
2010.09.13 05:36:12.087,1.65675,1.65725,1.00,1.00
2010.09.13 05:36:13.356,1.6568,1.65725,1.00,1.00
2010.09.13 05:36:14.197,1.65685,1.65725,1.00,1.00
2010.09.13 05:36:16.903,1.6568,1.65725,1.00,1.00
2010.09.13 05:36:24.092,1.65675,1.65725,1.00,1.00
2010.09.13 05:36:25.249,1.65675,1.6572,1.00,1.00
2010.09.13 05:36:25.736,1.6568,1.65725,1.00,1.00
2010.09.13 05:36:26.320,1.65675,1.65725,1.00,1.00
2010.09.13 05:36:26.617,1.65675,1.65725,1.00,2.40
2010.09.13 05:36:26.917,1.65675,1.65725,1.00,2.30
2010.09.13 05:36:28.083,1.65675,1.6572,1.00,1.00
2010.09.13 05:36:28.987,1.65675,1.65715,1.00,1.00
2010.09.13 05:36:48.386,1.6568,1.65725,1.00,1.00
2010.09.13 05:36:49.309,1.6568,1.6573,1.00,1.00
2010.09.13 05:36:50.987,1.65685,1.6573,1.00,1.00
2010.09.13 05:36:51.387,1.6568,1.6573,1.00,1.00
2010.09.13 05:36:52.283,1.65685,1.6573,1.00,1.00
2010.09.13 05:36:52.727,1.6568,1.65725,1.00,1.00
2010.09.13 05:36:53.170,1.6569,1.6573,1.00,1.00
2010.09.13 05:36:53.458,1.6569,1.6573,1.00,1.00
2010.09.13 05:36:53.748,1.65685,1.6573,1.00,1.00
2010.09.13 05:36:55.019,1.6569,1.6573,1.00,1.00
2010.09.13 05:36:59.691,1.6568,1.65725,1.00,1.00
2010.09.13 05:37:01.038,1.65685,1.6573,1.00,1.00
2010.09.13 05:37:03.137,1.6569,1.6573,1.00,1.00
2010.09.13 05:37:07.807,1.6569,1.6574,1.00,2.00
2010.09.13 05:37:08.147,1.6569,1.6574,1.00,1.00
2010.09.13 05:37:09.509,1.65695,1.6574,1.00,1.00
2010.09.13 05:37:10.117,1.657,1.6574,1.00,1.00
2010.09.13 05:37:11.599,1.65695,1.65735,1.00,1.00
2010.09.13 05:37:11.727,1.6569,1.65735,1.00,1.00
2010.09.13 05:37:12.788,1.6569,1.6573,1.00,1.00
2010.09.13 05:37:13.717,1.65695,1.65735,1.00,1.00
2010.09.13 05:37:14.117,1.6569,1.6573,1.00,1.00
2010.09.13 05:37:14.636,1.65695,1.65735,1.00,1.00
2010.09.13 05:37:15.476,1.6569,1.6573,1.00,1.00
2010.09.13 05:37:16.977,1.65685,1.6573,1.00,1.00
2010.09.13 05:37:17.217,1.65685,1.6573,1.00,1.00
2010.09.13 05:37:18.598,1.6569,1.6573,1.00,1.00
2010.09.13 05:37:18.909,1.65685,1.65725,1.00,1.00
2010.09.13 05:37:21.000,1.6569,1.6573,1.00,1.00
2010.09.13 05:37:21.099,1.65685,1.65725,1.00,1.00
2010.09.13 05:37:36.698,1.65685,1.6573,1.00,1.00
2010.09.13 05:37:36.876,1.65685,1.6573,1.00,1.00
2010.09.13 05:37:39.099,1.6569,1.6573,1.00,1.00
2010.09.13 05:37:50.997,1.65695,1.65735,1.00,1.00
2010.09.13 05:37:51.170,1.65685,1.6573,1.00,1.00
2010.09.13 05:37:51.417,1.65685,1.6573,1.00,1.00
2010.09.13 05:37:53.278,1.65685,1.65725,1.00,1.00
2010.09.13 05:37:54.942,1.65685,1.6573,1.00,1.00
2010.09.13 05:37:55.081,1.65685,1.65725,1.00,1.00
2010.09.13 05:37:56.328,1.6569,1.65725,1.00,1.00
2010.09.13 05:37:57.177,1.6569,1.6573,1.00,1.00
2010.09.13 05:38:01.064,1.65675,1.65715,1.00,1.00
2010.09.13 05:38:01.251,1.6568,1.65715,1.00,1.00
2010.09.13 05:38:01.432,1.6568,1.65715,1.00,1.40
2010.09.13 05:38:01.610,1.6568,1.65725,1.00,1.00
2010.09.13 05:38:02.630,1.65685,1.65725,1.00,1.00
2010.09.13 05:38:02.958,1.6568,1.65725,1.00,1.00
2010.09.13 05:38:03.618,1.65685,1.6572,1.00,1.00
2010.09.13 05:38:05.067,1.65685,1.65725,1.00,1.00
2010.09.13 05:38:08.327,1.6569,1.65725,1.00,1.00
2010.09.13 05:38:09.566,1.65685,1.65725,1.00,1.00
2010.09.13 05:38:09.909,1.6569,1.65725,1.00,1.00
2010.09.13 05:38:11.076,1.65685,1.65725,1.00,1.00
2010.09.13 05:38:12.229,1.65685,1.6572,1.00,1.00
2010.09.13 05:38:12.367,1.6568,1.6572,1.00,1.00
2010.09.13 05:38:13.469,1.65675,1.6572,1.00,1.00
2010.09.13 05:38:13.771,1.6567,1.65715,1.00,1.00
2010.09.13 05:38:16.073,1.65675,1.65715,1.00,1.00
2010.09.13 05:38:26.437,1.65675,1.6572,1.00,1.00
2010.09.13 05:38:26.697,1.65675,1.65725,1.00,1.00
2010.09.13 05:38:26.947,1.6568,1.6572,1.00,1.00
2010.09.13 05:38:27.703,1.6568,1.65725,1.00,1.00
2010.09.13 05:38:28.448,1.65685,1.65725,1.00,1.00
2010.09.13 05:38:30.225,1.65675,1.6572,1.00,1.00
2010.09.13 05:38:31.462,1.65675,1.6572,1.00,1.00
2010.09.13 05:38:31.749,1.65675,1.65715,1.00,1.00
2010.09.13 05:38:40.729,1.6568,1.6572,1.00,1.00
2010.09.13 05:38:40.947,1.65685,1.6573,1.00,1.00
2010.09.13 05:38:41.057,1.65685,1.6573,1.00,1.00
2010.09.13 05:38:42.540,1.6569,1.6573,1.00,1.00
2010.09.13 05:38:43.091,1.65695,1.6573,1.00,1.00
2010.09.13 05:38:43.278,1.65695,1.6573,1.00,1.00
2010.09.13 05:38:43.708,1.6568,1.65725,1.00,1.00
2010.09.13 05:38:45.298,1.65685,1.65725,1.00,1.00
2010.09.13 05:38:46.169,1.65685,1.6572,1.00,1.00
2010.09.13 05:38:53.027,1.65675,1.65715,1.00,1.00
2010.09.13 05:39:09.535,1.6568,1.6572,1.00,1.00
2010.09.13 05:39:09.670,1.65685,1.65725,1.00,1.00
2010.09.13 05:39:09.802,1.6568,1.6572,1.00,1.00
2010.09.13 05:39:11.068,1.65685,1.6572,1.00,1.00
2010.09.13 05:39:11.487,1.6568,1.6572,1.00,1.00
2010.09.13 05:39:12.708,1.6568,1.6572,1.00,1.00
2010.09.13 05:39:14.070,1.6568,1.65715,1.00,1.00
2010.09.13 05:39:18.997,1.65685,1.6572,1.00,1.00
2010.09.13 05:39:19.270,1.65685,1.65725,1.00,1.00
2010.09.13 05:39:19.543,1.65675,1.6572,1.00,1.00
2010.09.13 05:39:20.363,1.65675,1.6572,1.00,1.00
2010.09.13 05:39:20.632,1.6567,1.6572,1.00,1.00
2010.09.13 05:39:20.881,1.6567,1.65715,1.00,1.00
2010.09.13 05:39:21.690,1.65675,1.65715,1.00,1.00
2010.09.13 05:39:22.707,1.6568,1.65715,1.00,1.00
2010.09.13 05:39:23.047,1.6568,1.6572,1.00,1.00
2010.09.13 05:39:26.067,1.6568,1.6572,1.00,1.00
2010.09.13 05:39:27.086,1.65685,1.65725,1.00,1.00
2010.09.13 05:39:27.238,1.6568,1.6572,1.00,1.00
2010.09.13 05:39:27.388,1.6568,1.6572,1.00,1.00
2010.09.13 05:39:28.368,1.6568,1.6573,1.00,1.00
2010.09.13 05:39:28.914,1.6568,1.6573,1.00,1.00
2010.09.13 05:39:29.156,1.65685,1.65725,1.00,1.00
2010.09.13 05:39:30.077,1.65685,1.6573,1.00,1.00
2010.09.13 05:39:31.177,1.6569,1.6573,1.00,1.00
2010.09.13 05:39:34.467,1.6569,1.65735,1.00,1.00
2010.09.13 05:39:35.968,1.65695,1.65735,1.00,1.00
2010.09.13 05:39:40.553,1.6569,1.65735,1.00,1.00
2010.09.13 05:39:40.908,1.6568,1.6573,1.00,1.00
2010.09.13 05:39:41.007,1.6568,1.6573,1.00,1.00
2010.09.13 05:39:41.920,1.65685,1.6573,1.00,1.00
2010.09.13 05:39:42.257,1.6569,1.6573,1.00,1.00
2010.09.13 05:39:51.988,1.6569,1.65735,1.00,1.00
2010.09.13 05:39:56.071,1.65685,1.65735,1.00,1.00
2010.09.13 05:39:58.602,1.65685,1.6573,1.00,1.00
2010.09.13 05:39:59.027,1.65685,1.65725,1.00,1.00
2010.09.13 05:40:00.884,1.6569,1.6573,1.00,1.00
2010.09.13 05:40:05.085,1.65685,1.65725,1.00,1.00
2010.09.13 05:40:05.372,1.6568,1.65725,1.00,1.00
2010.09.13 05:40:07.237,1.6568,1.6572,1.00,1.00
2010.09.13 05:40:26.117,1.65685,1.6573,1.00,2.00
2010.09.13 05:40:26.217,1.65685,1.6573,1.00,1.00
2010.09.13 05:40:26.319,1.6568,1.65725,1.00,1.00
2010.09.13 05:40:26.519,1.65685,1.6573,1.00,2.10
2010.09.13 05:40:26.617,1.65685,1.6573,1.00,1.60
2010.09.13 05:40:26.718,1.65685,1.6573,1.00,1.00
2010.09.13 05:40:27.440,1.6568,1.65725,1.00,1.00
2010.09.13 05:40:29.167,1.6568,1.6572,1.00,1.00
2010.09.13 05:40:30.618,1.6567,1.65715,1.00,1.00
2010.09.13 05:40:32.581,1.6567,1.65715,1.00,1.00
2010.09.13 05:40:33.178,1.6567,1.6571,1.00,1.00
2010.09.13 05:40:38.828,1.6567,1.65715,1.00,1.00
2010.09.13 05:40:39.006,1.65675,1.6572,1.00,1.00
2010.09.13 05:40:41.542,1.6568,1.65725,1.00,1.00
2010.09.13 05:40:41.697,1.6568,1.65725,1.00,1.00
2010.09.13 05:40:42.097,1.65675,1.65725,1.00,1.00
2010.09.13 05:40:43.168,1.6568,1.65725,1.00,1.00
2010.09.13 05:40:46.177,1.65675,1.6572,1.00,1.00
2010.09.13 05:40:46.577,1.65675,1.65725,1.00,1.00
2010.09.13 05:40:47.258,1.65675,1.6572,1.00,1.00
2010.09.13 05:40:48.106,1.65675,1.6572,1.00,1.00
2010.09.13 05:41:07.118,1.6568,1.6572,1.00,1.00
2010.09.13 05:41:07.257,1.65675,1.6572,1.00,1.00
2010.09.13 05:41:28.077,1.6567,1.65715,1.00,1.00
2010.09.13 05:41:28.156,1.6567,1.65715,1.00,1.00
2010.09.13 05:41:28.236,1.6567,1.65715,1.00,2.00
2010.09.13 05:41:28.307,1.65675,1.65715,1.00,1.80
2010.09.13 05:41:28.387,1.6567,1.65715,1.00,1.00
2010.09.13 05:41:28.467,1.65675,1.65715,1.00,1.00
2010.09.13 05:41:28.547,1.65675,1.65715,1.00,1.00
2010.09.13 05:41:28.837,1.65675,1.6572,1.00,1.90
2010.09.13 05:41:29.258,1.6567,1.6572,1.00,1.00
2010.09.13 05:41:31.118,1.65675,1.6572,1.00,1.00
2010.09.13 05:41:43.559,1.6568,1.65725,1.00,1.00
2010.09.13 05:41:43.846,1.6568,1.65725,1.00,1.00
2010.09.13 05:41:45.216,1.65685,1.65725,1.00,1.00
2010.09.13 05:41:46.057,1.6569,1.65725,1.00,1.00
2010.09.13 05:41:47.578,1.65685,1.6572,1.00,1.00
2010.09.13 05:41:49.175,1.6569,1.65725,1.00,1.00
2010.09.13 05:42:02.376,1.6569,1.6573,1.00,1.00
2010.09.13 05:42:02.686,1.6569,1.6574,1.00,1.00
2010.09.13 05:42:03.798,1.657,1.65745,1.00,1.00
2010.09.13 05:42:05.316,1.657,1.6574,1.00,1.00
2010.09.13 05:42:06.216,1.65705,1.65745,1.00,1.00
2010.09.13 05:42:06.607,1.657,1.6574,1.00,1.00
2010.09.13 05:42:12.468,1.65705,1.6575,1.00,1.00
2010.09.13 05:42:13.226,1.6571,1.65755,1.00,1.00
2010.09.13 05:42:13.489,1.65705,1.6575,1.90,1.00
2010.09.13 05:42:13.749,1.65705,1.6575,1.00,1.00
2010.09.13 05:42:14.009,1.65705,1.6575,1.00,1.00
2010.09.13 05:42:14.268,1.65705,1.6575,1.00,1.00
2010.09.13 05:42:14.498,1.65705,1.6575,1.00,1.00
2010.09.13 05:42:16.636,1.65705,1.6575,1.00,1.00
2010.09.13 05:42:19.090,1.65705,1.65745,1.00,1.00
2010.09.13 05:42:27.756,1.65695,1.6574,1.00,1.00
2010.09.13 05:42:28.718,1.657,1.65745,1.00,2.10
2010.09.13 05:42:28.947,1.657,1.65745,1.00,1.60
2010.09.13 05:42:29.483,1.657,1.65745,1.00,1.00
2010.09.13 05:42:31.028,1.65685,1.65735,1.60,1.00
2010.09.13 05:42:31.227,1.65685,1.65735,1.60,1.00
2010.09.13 05:42:31.286,1.65685,1.65735,1.00,2.10
2010.09.13 05:42:31.463,1.65685,1.65735,1.00,3.70
2010.09.13 05:42:31.526,1.6568,1.6573,1.00,1.00
2010.09.13 05:42:32.099,1.6568,1.6573,1.00,1.00
2010.09.13 05:42:32.240,1.6568,1.65725,1.00,1.00
2010.09.13 05:42:33.216,1.6568,1.65725,1.00,1.00
2010.09.13 05:42:35.098,1.6568,1.6572,1.00,1.00
2010.09.13 05:42:36.797,1.6568,1.6572,1.00,1.00
2010.09.13 05:42:37.006,1.6568,1.6572,1.00,1.00
2010.09.13 05:42:41.326,1.6569,1.65725,1.00,1.00
2010.09.13 05:42:41.495,1.6569,1.6573,1.00,1.40
2010.09.13 05:42:41.517,1.6569,1.6574,1.00,8.00
2010.09.13 05:42:41.566,1.6569,1.6574,1.00,6.40
2010.09.13 05:42:41.599,1.6569,1.6574,1.00,3.20
2010.09.13 05:42:42.187,1.6569,1.65745,1.00,1.00
2010.09.13 05:42:43.129,1.657,1.6575,1.00,1.00
2010.09.13 05:42:43.406,1.657,1.65745,1.00,1.00
2010.09.13 05:42:45.109,1.65705,1.65745,1.00,1.00
2010.09.13 05:42:46.487,1.657,1.65745,1.00,1.00
2010.09.13 05:42:48.248,1.657,1.6574,1.00,1.00
2010.09.13 05:42:49.486,1.657,1.65735,1.00,1.00
2010.09.13 05:42:52.441,1.65695,1.65735,1.00,1.00
2010.09.13 05:42:52.996,1.657,1.6574,1.00,1.00
2010.09.13 05:42:53.337,1.657,1.65745,1.00,1.00
2010.09.13 05:42:53.677,1.65705,1.65745,1.00,1.00
2010.09.13 05:42:58.591,1.6571,1.6575,1.00,1.00
2010.09.13 05:43:04.047,1.65705,1.65745,1.00,1.00
2010.09.13 05:43:05.488,1.6571,1.6575,1.00,1.00
2010.09.13 05:43:09.856,1.65705,1.65745,1.00,1.00
2010.09.13 05:43:12.661,1.65705,1.65745,1.00,1.00
2010.09.13 05:43:14.544,1.6571,1.65745,1.00,1.00
2010.09.13 05:43:14.802,1.6571,1.65745,1.00,1.00
2010.09.13 05:43:15.060,1.6571,1.65755,1.00,1.00
2010.09.13 05:43:15.279,1.6571,1.6575,1.00,1.00
2010.09.13 05:43:17.464,1.65705,1.6575,1.00,1.00
2010.09.13 05:43:17.558,1.65695,1.6574,1.00,1.00
2010.09.13 05:43:18.247,1.65685,1.65735,2.10,1.00
2010.09.13 05:43:18.336,1.65685,1.65735,1.00,1.00
2010.09.13 05:43:18.516,1.65685,1.65735,1.00,1.00
2010.09.13 05:43:18.606,1.6568,1.65735,3.30,1.00
2010.09.13 05:43:18.846,1.6568,1.65735,1.00,1.00
2010.09.13 05:43:19.897,1.6568,1.6573,1.00,1.00
2010.09.13 05:43:20.058,1.6568,1.65725,1.00,1.00
2010.09.13 05:43:21.099,1.6568,1.65725,1.00,1.00
2010.09.13 05:43:33.710,1.65685,1.6573,1.00,1.00
2010.09.13 05:43:35.427,1.6568,1.6573,1.00,1.00
2010.09.13 05:43:36.070,1.65685,1.6573,1.00,1.00
2010.09.13 05:43:38.221,1.6569,1.6574,1.00,1.00
2010.09.13 05:43:38.856,1.65695,1.6574,1.00,1.00
2010.09.13 05:43:50.247,1.6569,1.65735,1.00,1.00
2010.09.13 05:43:50.869,1.65695,1.6574,1.00,1.00
2010.09.13 05:43:51.556,1.6569,1.6574,1.00,1.00
2010.09.13 05:43:53.092,1.65695,1.6574,1.00,1.00
2010.09.13 05:43:57.818,1.6569,1.65735,1.00,1.00
2010.09.13 05:43:58.436,1.65685,1.65735,1.00,1.00
2010.09.13 05:44:00.129,1.65685,1.6573,1.00,1.00
2010.09.13 05:44:06.327,1.6569,1.6574,1.00,1.00
2010.09.13 05:44:06.486,1.65695,1.65745,1.00,2.00
2010.09.13 05:44:07.119,1.6569,1.6573,1.00,1.00
2010.09.13 05:44:08.106,1.6569,1.65735,1.00,1.00
2010.09.13 05:44:09.027,1.65695,1.65745,1.00,2.00
2010.09.13 05:44:09.677,1.65695,1.6574,1.00,1.00
2010.09.13 05:44:10.509,1.65695,1.65735,1.00,1.00
2010.09.13 05:44:16.818,1.6569,1.65735,1.00,1.00
2010.09.13 05:44:16.927,1.65695,1.6574,1.00,1.00
2010.09.13 05:44:18.446,1.65695,1.65735,1.00,1.00
2010.09.13 05:44:20.306,1.65695,1.6574,1.00,1.00
2010.09.13 05:44:20.806,1.65695,1.65735,1.00,1.00
2010.09.13 05:44:21.046,1.65695,1.6574,1.00,1.00
2010.09.13 05:44:21.296,1.65695,1.65735,1.00,1.00
2010.09.13 05:44:22.429,1.65685,1.6573,1.00,1.00
2010.09.13 05:44:23.236,1.65685,1.6573,1.00,1.00
2010.09.13 05:44:24.685,1.6568,1.65725,1.00,1.00
2010.09.13 05:44:25.236,1.6568,1.6572,1.00,1.00
2010.09.13 05:44:25.577,1.65675,1.65725,1.00,1.00
2010.09.13 05:44:25.747,1.6567,1.6572,1.00,1.00
2010.09.13 05:44:26.436,1.6567,1.6572,1.00,1.00
2010.09.13 05:44:26.631,1.6567,1.65715,1.00,1.00
2010.09.13 05:44:26.827,1.65665,1.6571,1.00,1.00
2010.09.13 05:44:28.646,1.6567,1.6571,1.00,1.00
2010.09.13 05:44:28.861,1.65665,1.65705,1.00,1.00
2010.09.13 05:44:29.517,1.6567,1.6571,1.00,1.00
2010.09.13 05:44:29.737,1.6567,1.65715,1.00,1.00
2010.09.13 05:44:31.043,1.6567,1.6572,2.00,1.00
2010.09.13 05:44:31.149,1.6567,1.6572,1.00,1.50
2010.09.13 05:44:31.357,1.6567,1.6572,1.00,2.00
2010.09.13 05:44:31.985,1.65665,1.6571,1.00,1.00
2010.09.13 05:44:32.089,1.65665,1.65715,1.00,1.00
2010.09.13 05:44:33.297,1.65665,1.6571,1.00,1.00
2010.09.13 05:44:34.116,1.65665,1.65705,1.00,1.00
2010.09.13 05:44:39.746,1.6567,1.6571,1.00,1.00
2010.09.13 05:44:41.048,1.65665,1.65705,1.00,1.00
2010.09.13 05:44:57.949,1.65665,1.6571,1.00,1.00
2010.09.13 05:44:58.966,1.65655,1.657,1.00,1.00
2010.09.13 05:44:59.312,1.65645,1.6569,1.00,1.00
2010.09.13 05:44:59.659,1.6564,1.6569,1.00,1.00
2010.09.13 05:45:00.001,1.6564,1.6569,1.00,1.00
2010.09.13 05:45:00.310,1.6564,1.65685,1.00,1.00
2010.09.13 05:45:00.620,1.6564,1.65685,1.00,1.00
2010.09.13 05:45:02.106,1.65645,1.6568,1.00,1.00
2010.09.13 05:45:02.478,1.65645,1.6569,1.00,1.00
2010.09.13 05:45:02.728,1.6564,1.6569,1.00,1.00
2010.09.13 05:45:03.548,1.65645,1.6569,1.00,1.00
2010.09.13 05:45:03.967,1.65645,1.65685,1.00,1.00
2010.09.13 05:45:05.246,1.65635,1.6568,1.00,1.00
2010.09.13 05:45:05.801,1.65625,1.6567,1.00,1.00
2010.09.13 05:45:06.549,1.6563,1.65675,1.00,1.00
2010.09.13 05:45:06.896,1.6563,1.65675,1.00,1.00
2010.09.13 05:45:07.070,1.6563,1.6567,1.00,1.00
2010.09.13 05:45:08.511,1.65635,1.6567,1.00,1.00
2010.09.13 05:45:12.627,1.6563,1.6567,1.00,1.00
2010.09.13 05:45:30.195,1.6563,1.65665,1.00,1.00
2010.09.13 05:45:31.756,1.65635,1.6567,1.00,1.00
2010.09.13 05:45:44.188,1.65635,1.65675,1.00,1.00
2010.09.13 05:45:46.054,1.6563,1.6567,1.00,1.00
2010.09.13 05:45:55.097,1.6564,1.65685,1.00,1.00
2010.09.13 05:45:55.270,1.6564,1.65685,1.00,1.00
2010.09.13 05:45:55.437,1.6564,1.6568,1.00,1.00
2010.09.13 05:45:55.608,1.6564,1.65685,1.00,1.00
2010.09.13 05:45:56.097,1.6564,1.6569,1.00,1.00
2010.09.13 05:45:58.357,1.65645,1.6569,1.00,1.00
2010.09.13 05:45:59.198,1.6565,1.65685,1.00,1.00
2010.09.13 05:46:00.561,1.65645,1.65685,1.00,1.00
2010.09.13 05:46:00.824,1.6565,1.65695,1.00,1.00
2010.09.13 05:46:01.592,1.65645,1.65685,1.00,1.00
2010.09.13 05:46:01.880,1.6564,1.65685,1.00,1.00
2010.09.13 05:46:03.196,1.6564,1.6568,1.00,1.00
2010.09.13 05:46:04.750,1.6564,1.65685,1.00,1.00
2010.09.13 05:46:05.320,1.65645,1.65685,1.00,1.00
2010.09.13 05:46:05.879,1.6564,1.65685,1.00,1.00
2010.09.13 05:46:06.439,1.65645,1.65685,1.00,1.00
2010.09.13 05:46:07.309,1.6563,1.6568,1.00,1.00
2010.09.13 05:46:07.650,1.65635,1.6568,1.00,1.00
2010.09.13 05:46:08.933,1.6563,1.6568,1.00,1.00
2010.09.13 05:46:09.279,1.6563,1.65675,1.00,1.00
2010.09.13 05:46:09.727,1.6563,1.6567,1.00,1.00
2010.09.13 05:46:09.958,1.65635,1.6567,1.00,1.00
2010.09.13 05:46:10.735,1.6564,1.6569,3.30,1.00
2010.09.13 05:46:11.218,1.65645,1.65685,1.00,1.00
2010.09.13 05:46:12.107,1.6564,1.6568,1.00,1.00
2010.09.13 05:46:13.226,1.65645,1.6568,1.00,1.00
2010.09.13 05:46:13.856,1.6565,1.65685,1.00,1.00
2010.09.13 05:46:16.949,1.6564,1.6568,1.00,1.00
2010.09.13 05:46:29.658,1.6563,1.65675,2.00,1.00
2010.09.13 05:46:29.746,1.6563,1.65675,1.00,1.00
2010.09.13 05:46:29.863,1.6563,1.65675,1.00,1.00
2010.09.13 05:46:30.418,1.65635,1.6568,1.00,1.00
2010.09.13 05:46:30.648,1.6563,1.65675,1.00,1.00
2010.09.13 05:46:31.588,1.6563,1.65675,1.00,1.00
2010.09.13 05:46:31.868,1.6563,1.65675,1.00,1.00
2010.09.13 05:46:33.910,1.65635,1.65675,1.00,1.00
2010.09.13 05:46:41.027,1.6563,1.6567,1.00,1.00
2010.09.13 05:46:41.629,1.65635,1.65675,1.00,1.00
2010.09.13 05:46:41.795,1.6563,1.65675,1.00,1.00
2010.09.13 05:46:42.067,1.65625,1.65675,1.00,1.00
2010.09.13 05:46:42.241,1.65625,1.65675,1.00,1.00
2010.09.13 05:46:42.577,1.65625,1.6567,1.00,1.00
2010.09.13 05:46:43.357,1.65625,1.65665,1.00,1.00
2010.09.13 05:46:44.837,1.65625,1.65665,1.00,1.00
2010.09.13 05:46:45.907,1.65625,1.65665,1.00,1.00
2010.09.13 05:46:50.377,1.6562,1.65665,1.00,1.00
2010.09.13 05:46:51.265,1.6562,1.6566,1.00,1.00
2010.09.13 05:46:51.326,1.6562,1.6567,1.00,2.00
2010.09.13 05:46:51.466,1.6562,1.6567,1.00,1.00
2010.09.13 05:46:51.587,1.6562,1.6567,1.00,1.00
2010.09.13 05:46:51.827,1.65625,1.6567,1.00,1.00
2010.09.13 05:46:52.060,1.65625,1.65665,1.00,1.00
2010.09.13 05:46:54.026,1.6563,1.65665,1.00,1.00
2010.09.13 05:46:54.116,1.6563,1.65665,1.00,1.00
2010.09.13 05:46:54.906,1.6563,1.6567,1.00,1.00
2010.09.13 05:46:55.358,1.65635,1.65675,1.00,1.00
2010.09.13 05:46:55.509,1.65635,1.65675,1.00,1.00
2010.09.13 05:46:58.466,1.6564,1.65675,1.00,1.00
2010.09.13 05:47:04.587,1.6564,1.6568,1.00,1.00
2010.09.13 05:47:05.758,1.65635,1.6568,1.00,1.00
2010.09.13 05:47:06.097,1.6564,1.65675,1.00,1.00
2010.09.13 05:47:09.392,1.65635,1.65675,1.00,1.00
2010.09.13 05:47:10.535,1.6565,1.65675,1.00,1.00
2010.09.13 05:47:11.217,1.6565,1.65675,1.00,1.00
2010.09.13 05:47:11.557,1.6564,1.65675,1.00,1.00
2010.09.13 05:47:12.246,1.6563,1.6567,1.00,1.00
2010.09.13 05:47:13.908,1.6563,1.65665,1.00,1.00
2010.09.13 05:47:16.957,1.65625,1.65665,1.00,1.00
2010.09.13 05:47:17.131,1.6562,1.6566,1.00,1.00
2010.09.13 05:47:17.849,1.65625,1.6566,1.00,1.00
2010.09.13 05:47:18.276,1.6562,1.6566,1.00,1.00
2010.09.13 05:47:20.226,1.6562,1.65655,1.00,1.00
2010.09.13 05:47:26.208,1.65615,1.65655,1.00,1.00
2010.09.13 05:47:26.627,1.6562,1.65665,1.00,2.00
2010.09.13 05:47:26.836,1.6562,1.65665,1.00,1.00
2010.09.13 05:47:27.503,1.6563,1.65675,1.00,1.00
2010.09.13 05:47:27.949,1.65625,1.6567,1.00,1.00
2010.09.13 05:47:28.588,1.6563,1.65675,1.00,1.00
2010.09.13 05:47:29.268,1.65635,1.65675,1.00,1.00
2010.09.13 05:47:29.888,1.65635,1.6568,1.00,1.00
2010.09.13 05:47:30.699,1.65635,1.65685,1.00,1.00
2010.09.13 05:47:30.887,1.65635,1.65685,1.00,1.00
2010.09.13 05:47:31.257,1.6564,1.65685,1.00,1.00
2010.09.13 05:47:31.856,1.6564,1.65685,1.00,1.00
2010.09.13 05:47:32.179,1.6564,1.65685,1.00,1.00
2010.09.13 05:47:32.696,1.6564,1.65685,1.00,1.00
2010.09.13 05:47:33.886,1.65635,1.6568,1.00,1.00
2010.09.13 05:47:35.656,1.65635,1.65675,1.00,1.00
2010.09.13 05:47:36.618,1.6563,1.65675,1.00,1.00
2010.09.13 05:47:37.347,1.65625,1.65675,1.00,1.00
2010.09.13 05:47:37.519,1.65635,1.6568,1.00,1.60
2010.09.13 05:47:37.809,1.65635,1.6568,1.00,1.60
2010.09.13 05:47:38.626,1.6564,1.6569,1.00,1.00
2010.09.13 05:47:38.841,1.6564,1.65685,1.00,1.00
2010.09.13 05:47:39.243,1.65635,1.65685,1.00,1.00
2010.09.13 05:47:40.271,1.6564,1.6568,1.00,1.00
2010.09.13 05:47:41.785,1.6564,1.65685,1.00,1.00
2010.09.13 05:47:42.058,1.65635,1.6568,1.00,1.00
2010.09.13 05:47:43.149,1.6564,1.65685,1.00,1.00
2010.09.13 05:47:43.448,1.6564,1.6568,1.00,1.00
2010.09.13 05:47:44.549,1.65635,1.65675,1.00,1.00
2010.09.13 05:47:44.824,1.65635,1.6568,1.00,1.00
2010.09.13 05:47:45.089,1.6563,1.65675,1.00,1.00
2010.09.13 05:47:46.465,1.65635,1.65675,1.00,1.00
2010.09.13 05:47:46.812,1.6563,1.6567,1.00,1.00
2010.09.13 05:47:47.666,1.6563,1.65675,1.00,1.00
2010.09.13 05:47:48.461,1.65635,1.6567,1.00,1.00
2010.09.13 05:47:51.798,1.6563,1.6567,1.00,1.00
2010.09.13 05:47:52.111,1.6563,1.65685,1.00,1.00
2010.09.13 05:47:52.928,1.6563,1.65675,1.00,1.00
2010.09.13 05:47:53.268,1.65625,1.65675,1.00,1.00
2010.09.13 05:47:54.424,1.6563,1.65675,1.00,1.00
2010.09.13 05:47:54.713,1.65625,1.6567,1.00,2.00
2010.09.13 05:47:55.004,1.65615,1.65665,1.00,1.00
2010.09.13 05:47:55.571,1.6562,1.65665,1.00,1.00
2010.09.13 05:47:56.262,1.65625,1.6567,1.00,1.00
2010.09.13 05:47:56.608,1.6562,1.65665,1.00,1.00
2010.09.13 05:47:57.503,1.6564,1.657,1.00,6.50
2010.09.13 05:47:57.851,1.6564,1.657,1.00,1.50
2010.09.13 05:47:58.107,1.6564,1.657,1.00,1.00
2010.09.13 05:48:00.135,1.65645,1.657,1.00,1.00
2010.09.13 05:48:00.799,1.6565,1.657,1.00,1.00
2010.09.13 05:48:02.766,1.6565,1.65705,1.60,1.00
2010.09.13 05:48:03.612,1.6565,1.657,1.00,1.00
2010.09.13 05:48:03.944,1.65645,1.6569,1.00,1.00
2010.09.13 05:48:05.534,1.65665,1.65695,1.00,1.00
2010.09.13 05:48:05.748,1.65665,1.657,1.00,1.00
2010.09.13 05:48:06.302,1.65665,1.65705,1.00,1.00
2010.09.13 05:48:07.053,1.6565,1.657,1.00,1.00
2010.09.13 05:48:07.402,1.6564,1.6569,1.00,1.00
2010.09.13 05:48:07.549,1.6564,1.6569,1.00,1.00
2010.09.13 05:48:08.371,1.6564,1.6569,1.00,1.00
2010.09.13 05:48:08.860,1.6564,1.65685,1.00,1.00
2010.09.13 05:48:09.540,1.65635,1.6568,1.00,1.00
2010.09.13 05:48:09.830,1.65635,1.65675,1.00,1.00
2010.09.13 05:48:11.931,1.6562,1.65675,1.00,1.00
2010.09.13 05:48:12.198,1.6562,1.6567,1.00,1.00
2010.09.13 05:48:12.467,1.6563,1.6567,1.00,1.00
2010.09.13 05:48:13.008,1.6563,1.65675,1.00,1.00
2010.09.13 05:48:13.989,1.6563,1.6567,1.00,1.00
2010.09.13 05:48:14.387,1.6563,1.65675,1.00,1.00
2010.09.13 05:48:14.587,1.6563,1.6567,1.00,1.00
2010.09.13 05:48:18.376,1.65635,1.65675,1.00,1.00
2010.09.13 05:48:19.486,1.6563,1.65675,1.00,1.00
2010.09.13 05:48:20.714,1.65635,1.65675,1.00,1.00
2010.09.13 05:48:22.870,1.6564,1.65675,1.00,1.00
2010.09.13 05:48:23.108,1.65645,1.6569,1.00,1.00
2010.09.13 05:48:23.288,1.65645,1.6569,1.00,1.00
2010.09.13 05:48:23.467,1.6564,1.6569,1.00,1.00
2010.09.13 05:48:24.036,1.6564,1.6569,1.00,1.00
2010.09.13 05:48:24.385,1.65645,1.6569,1.00,1.00
2010.09.13 05:48:25.070,1.6564,1.6569,1.00,1.00
2010.09.13 05:48:25.920,1.6564,1.6569,1.00,1.00
2010.09.13 05:48:26.190,1.65645,1.6569,1.00,1.00
2010.09.13 05:48:27.157,1.6564,1.6569,1.00,1.00
2010.09.13 05:48:27.942,1.6564,1.6569,1.70,1.00
2010.09.13 05:48:28.151,1.65655,1.657,1.00,1.00
2010.09.13 05:48:28.358,1.65655,1.657,1.00,1.00
2010.09.13 05:48:31.114,1.65655,1.657,1.00,1.00
2010.09.13 05:48:31.338,1.6565,1.65695,1.00,1.00
2010.09.13 05:48:32.421,1.65645,1.65695,1.00,1.00
2010.09.13 05:48:33.359,1.6565,1.657,1.00,2.10
2010.09.13 05:48:33.689,1.65645,1.6569,1.00,1.00
2010.09.13 05:48:34.313,1.6565,1.6569,1.00,1.00
2010.09.13 05:48:34.423,1.6565,1.6569,1.00,1.00
2010.09.13 05:48:35.097,1.6565,1.65695,1.00,1.00
2010.09.13 05:48:35.636,1.65655,1.65695,1.00,1.00
2010.09.13 05:48:36.597,1.6566,1.65705,1.00,2.00
2010.09.13 05:48:36.841,1.6565,1.6571,1.00,1.00
2010.09.13 05:48:37.060,1.6566,1.65705,1.00,2.00
2010.09.13 05:48:37.277,1.6566,1.6571,1.00,1.00
2010.09.13 05:48:38.160,1.6565,1.65705,1.00,1.00
2010.09.13 05:48:38.368,1.6565,1.65705,1.00,2.10
2010.09.13 05:48:38.590,1.65655,1.65705,1.00,2.00
2010.09.13 05:48:39.197,1.6565,1.65695,1.00,1.00
2010.09.13 05:48:39.798,1.6566,1.657,1.00,1.00
2010.09.13 05:48:40.478,1.6567,1.6571,1.00,1.00
2010.09.13 05:48:40.846,1.6567,1.65715,1.00,1.00
2010.09.13 05:48:42.117,1.6567,1.6571,1.00,1.00
2010.09.13 05:48:43.584,1.6567,1.6571,1.00,1.00
2010.09.13 05:48:51.067,1.65665,1.6572,1.00,1.00
2010.09.13 05:48:51.407,1.6567,1.6572,1.00,1.00
2010.09.13 05:48:53.206,1.6567,1.65715,1.00,1.00
2010.09.13 05:48:53.980,1.6567,1.6571,1.00,1.00
2010.09.13 05:48:57.934,1.65655,1.65705,1.00,1.00
2010.09.13 05:48:59.696,1.6566,1.6571,1.00,1.00
2010.09.13 05:49:03.157,1.6566,1.65715,1.00,1.00
2010.09.13 05:49:03.316,1.6566,1.65715,1.00,1.00
2010.09.13 05:49:04.307,1.65655,1.65705,1.00,1.00
2010.09.13 05:49:04.597,1.6566,1.6571,1.00,1.00
2010.09.13 05:49:04.887,1.65655,1.65705,1.00,1.00
2010.09.13 05:49:06.084,1.6566,1.65715,1.00,1.00
2010.09.13 05:49:06.250,1.6566,1.65715,1.00,2.10
2010.09.13 05:49:07.244,1.6566,1.65705,1.00,1.00
2010.09.13 05:49:08.057,1.6566,1.657,1.00,1.00
2010.09.13 05:49:08.817,1.65655,1.65705,1.00,1.00
2010.09.13 05:49:09.027,1.65655,1.657,1.00,1.00
2010.09.13 05:49:10.049,1.6566,1.65705,1.00,1.00
2010.09.13 05:49:10.188,1.6566,1.65705,1.00,1.00
2010.09.13 05:49:10.326,1.6566,1.65705,1.00,1.00
2010.09.13 05:49:10.607,1.6566,1.6571,1.00,1.00
2010.09.13 05:49:10.746,1.65665,1.6571,1.00,1.00
2010.09.13 05:49:11.711,1.6566,1.6571,1.00,1.00
2010.09.13 05:49:12.048,1.6567,1.6571,1.00,1.00
2010.09.13 05:49:12.387,1.65665,1.65705,1.00,1.00
2010.09.13 05:49:13.303,1.65665,1.65705,1.00,1.00
2010.09.13 05:49:14.531,1.65665,1.65705,1.00,1.00
2010.09.13 05:49:15.137,1.6566,1.65705,1.00,1.00
2010.09.13 05:49:15.978,1.65665,1.65715,1.00,1.00
2010.09.13 05:49:16.684,1.65665,1.6571,1.00,1.00
2010.09.13 05:49:18.517,1.6567,1.65715,1.00,1.00
2010.09.13 05:49:18.677,1.6567,1.6571,1.00,1.00
2010.09.13 05:49:19.035,1.65675,1.65715,1.00,1.00
2010.09.13 05:49:20.818,1.6567,1.6571,1.00,1.00
2010.09.13 05:49:21.090,1.65675,1.6572,1.00,1.00
2010.09.13 05:49:21.527,1.65675,1.6572,1.00,1.00
2010.09.13 05:49:22.642,1.6567,1.65715,1.00,1.00
2010.09.13 05:49:23.886,1.6567,1.6571,1.00,1.00
2010.09.13 05:49:25.727,1.65675,1.65715,1.00,1.00
2010.09.13 05:49:27.449,1.6567,1.65715,1.00,1.00
2010.09.13 05:49:28.127,1.65675,1.65715,1.00,1.00
2010.09.13 05:49:40.467,1.65665,1.6571,1.00,1.00
2010.09.13 05:49:41.120,1.65665,1.6571,1.00,1.00
2010.09.13 05:49:43.097,1.65665,1.65705,1.00,1.00
2010.09.13 05:49:44.607,1.6566,1.65705,1.00,1.00
2010.09.13 05:49:44.927,1.6566,1.65705,1.00,1.00
2010.09.13 05:49:45.166,1.6566,1.65705,1.00,1.00
2010.09.13 05:49:46.078,1.65655,1.657,1.00,1.00
2010.09.13 05:49:47.047,1.65655,1.65695,1.00,1.00
2010.09.13 05:49:47.719,1.65655,1.657,1.00,1.00
2010.09.13 05:49:47.878,1.6565,1.65695,1.00,1.00
2010.09.13 05:49:48.043,1.65655,1.65695,1.00,1.00
2010.09.13 05:50:04.081,1.6566,1.65705,1.00,1.00
2010.09.13 05:50:04.208,1.6566,1.6571,1.00,2.00
2010.09.13 05:50:04.502,1.6567,1.65715,1.00,1.00
2010.09.13 05:50:05.343,1.6567,1.65715,1.00,1.00
2010.09.13 05:50:05.830,1.65665,1.6571,1.00,1.00
2010.09.13 05:50:06.068,1.6567,1.65715,1.00,1.00
2010.09.13 05:50:08.167,1.65675,1.65715,1.00,1.00
2010.09.13 05:50:09.067,1.65665,1.6571,1.00,1.00
2010.09.13 05:50:09.207,1.65665,1.6571,1.00,1.00
2010.09.13 05:50:09.348,1.6567,1.65715,1.00,1.00
2010.09.13 05:50:09.627,1.65665,1.6571,1.00,1.00
2010.09.13 05:50:10.350,1.65665,1.6571,1.00,1.00
2010.09.13 05:50:10.619,1.6566,1.65705,1.00,1.00
2010.09.13 05:50:10.888,1.65665,1.6571,1.00,1.00
2010.09.13 05:50:11.417,1.6566,1.6571,1.00,1.00
2010.09.13 05:50:11.996,1.65665,1.6571,1.00,1.00
2010.09.13 05:50:13.171,1.65665,1.65705,1.00,1.00
2010.09.13 05:50:15.317,1.6567,1.65705,1.00,1.00
2010.09.13 05:50:15.837,1.6567,1.6571,1.00,1.00
2010.09.13 05:50:18.109,1.65675,1.6571,1.00,1.00
2010.09.13 05:50:18.717,1.65675,1.6571,1.00,1.00
2010.09.13 05:50:19.526,1.6567,1.6571,1.00,1.00
2010.09.13 05:50:24.868,1.6567,1.65705,1.00,1.00
2010.09.13 05:50:25.370,1.65675,1.6572,1.00,1.00
2010.09.13 05:50:26.180,1.6568,1.65725,1.00,1.00
2010.09.13 05:50:26.458,1.65685,1.6573,1.00,1.00
2010.09.13 05:50:28.133,1.6569,1.6573,1.00,1.00
2010.09.13 05:50:28.801,1.6569,1.65725,1.00,1.00
2010.09.13 05:50:32.338,1.65695,1.6573,1.00,1.00
2010.09.13 05:50:32.487,1.65695,1.6574,1.00,1.90
2010.09.13 05:50:32.638,1.65695,1.6574,1.00,1.40
2010.09.13 05:50:32.881,1.657,1.6575,1.00,1.00
2010.09.13 05:50:33.120,1.65705,1.6575,1.00,1.00
2010.09.13 05:50:34.380,1.6571,1.65755,1.00,1.00
2010.09.13 05:50:34.648,1.65715,1.65755,1.00,1.00
2010.09.13 05:50:34.829,1.65715,1.6576,1.00,1.00
2010.09.13 05:50:36.209,1.6572,1.6576,1.00,1.00
2010.09.13 05:50:36.569,1.65715,1.65755,1.00,1.00
2010.09.13 05:50:36.751,1.6571,1.65755,1.00,1.00
2010.09.13 05:50:37.749,1.65705,1.65755,1.00,1.00
2010.09.13 05:50:38.426,1.6571,1.65755,1.00,1.00
2010.09.13 05:50:39.398,1.6571,1.6575,1.00,1.00
2010.09.13 05:50:40.419,1.657,1.6575,1.00,1.00
2010.09.13 05:50:40.726,1.657,1.65745,1.00,1.00
2010.09.13 05:50:42.318,1.657,1.6574,1.00,1.00
2010.09.13 05:50:46.206,1.65705,1.65745,1.00,1.00
2010.09.13 05:50:46.428,1.65705,1.65745,1.00,1.00
2010.09.13 05:50:47.290,1.657,1.6574,1.00,1.00
2010.09.13 05:50:47.678,1.65705,1.6575,1.00,1.00
2010.09.13 05:50:49.936,1.657,1.6574,1.00,1.00
2010.09.13 05:50:50.061,1.6569,1.6574,1.00,1.00
2010.09.13 05:50:50.298,1.6568,1.65735,1.90,1.00
2010.09.13 05:50:50.417,1.6568,1.65735,1.00,1.00
2010.09.13 05:50:51.438,1.65675,1.6573,1.00,1.00
2010.09.13 05:50:52.887,1.6568,1.6573,1.00,1.00
2010.09.13 05:50:54.367,1.65675,1.65725,1.00,1.00
2010.09.13 05:50:55.978,1.6568,1.6573,1.00,1.00
2010.09.13 05:50:58.710,1.65675,1.65725,1.00,1.00
2010.09.13 05:51:00.739,1.6568,1.65735,1.00,1.00
2010.09.13 05:51:00.967,1.6568,1.65735,1.90,1.00
2010.09.13 05:51:01.667,1.65685,1.6574,1.00,1.00
2010.09.13 05:51:01.890,1.6569,1.65745,1.00,1.00
2010.09.13 05:51:03.116,1.65695,1.65745,1.00,1.00
2010.09.13 05:51:03.226,1.65695,1.65745,1.00,1.00
2010.09.13 05:51:03.797,1.6569,1.65745,1.00,1.00
2010.09.13 05:51:05.149,1.65695,1.65745,1.00,1.00
2010.09.13 05:51:05.806,1.657,1.6574,1.00,1.00
2010.09.13 05:51:08.253,1.657,1.65745,1.00,1.00
2010.09.13 05:51:08.347,1.65705,1.6575,1.00,1.00
2010.09.13 05:51:10.017,1.6571,1.6575,1.00,1.00
2010.09.13 05:51:11.438,1.65705,1.6575,1.00,1.00
2010.09.13 05:51:12.663,1.6571,1.6575,1.00,1.00
2010.09.13 05:51:12.880,1.65705,1.6575,1.00,1.00
2010.09.13 05:51:14.849,1.6571,1.65755,1.00,1.00
2010.09.13 05:51:16.617,1.65715,1.6576,1.00,1.00
2010.09.13 05:51:16.972,1.6572,1.6576,1.00,1.00
2010.09.13 05:51:19.467,1.65715,1.65755,1.00,1.00
2010.09.13 05:51:20.298,1.6572,1.6576,1.00,1.00
2010.09.13 05:51:28.721,1.65725,1.6577,1.00,1.00
2010.09.13 05:51:29.228,1.65735,1.6578,1.00,1.00
2010.09.13 05:51:29.399,1.65735,1.6578,1.00,1.00
2010.09.13 05:51:31.193,1.6574,1.6578,1.00,1.00
2010.09.13 05:51:31.390,1.6574,1.6578,1.00,1.00
2010.09.13 05:51:33.157,1.65735,1.6578,1.00,1.00
2010.09.13 05:51:34.146,1.65735,1.65775,1.00,1.00
2010.09.13 05:51:35.046,1.65735,1.6578,1.00,1.00
2010.09.13 05:51:36.137,1.65735,1.65775,1.00,1.00
2010.09.13 05:51:36.318,1.6574,1.65785,1.00,1.00
2010.09.13 05:51:38.051,1.65745,1.65785,1.00,1.00
2010.09.13 05:51:50.088,1.6575,1.65795,1.00,1.00
2010.09.13 05:51:50.623,1.6575,1.65795,1.00,1.00
2010.09.13 05:51:50.733,1.65745,1.65795,1.00,1.00
2010.09.13 05:51:50.979,1.65745,1.65795,1.00,1.00
2010.09.13 05:51:51.287,1.65745,1.6579,1.00,1.00
2010.09.13 05:51:54.017,1.65745,1.65785,1.00,1.00
2010.09.13 05:51:58.378,1.6574,1.6579,1.00,1.00
2010.09.13 05:51:58.480,1.65745,1.65785,1.00,1.00
2010.09.13 05:51:59.319,1.6574,1.6578,1.00,1.00
2010.09.13 05:52:04.107,1.65745,1.65785,1.00,1.00
2010.09.13 05:52:04.756,1.65745,1.65785,1.00,1.00
2010.09.13 05:52:04.851,1.6575,1.65795,1.00,1.00
2010.09.13 05:52:06.087,1.65755,1.65795,1.00,1.00
2010.09.13 05:52:06.177,1.65755,1.65795,1.00,1.00
2010.09.13 05:52:07.631,1.6576,1.65795,1.00,1.00
2010.09.13 05:52:08.193,1.6576,1.658,1.00,1.00
2010.09.13 05:52:13.089,1.6576,1.658,1.00,1.00
2010.09.13 05:52:17.978,1.6576,1.65805,1.00,1.00
2010.09.13 05:52:23.807,1.65745,1.65785,1.40,1.00
2010.09.13 05:52:24.008,1.65735,1.65785,3.20,2.00
2010.09.13 05:52:24.684,1.65715,1.6577,1.00,1.80
2010.09.13 05:52:25.128,1.6572,1.6577,1.00,1.80
2010.09.13 05:52:25.251,1.6572,1.6577,1.00,1.40
2010.09.13 05:52:25.477,1.6572,1.65775,1.00,1.00
2010.09.13 05:52:26.121,1.6572,1.6577,1.00,1.00
2010.09.13 05:52:28.162,1.6572,1.65765,1.00,1.00
2010.09.13 05:52:28.959,1.65725,1.6577,1.00,1.00
2010.09.13 05:52:29.149,1.6572,1.65765,1.00,1.00
2010.09.13 05:52:29.577,1.65725,1.65775,1.00,1.00
2010.09.13 05:52:29.788,1.65725,1.65775,1.00,1.00
2010.09.13 05:52:31.367,1.6573,1.65775,1.00,1.00
2010.09.13 05:52:32.849,1.65735,1.65785,1.00,1.00
2010.09.13 05:52:33.277,1.6574,1.65785,1.00,1.00
2010.09.13 05:52:35.047,1.65735,1.65785,1.00,1.00
2010.09.13 05:52:35.732,1.6574,1.65785,1.00,1.00
2010.09.13 05:52:35.890,1.6574,1.6579,1.00,1.00
2010.09.13 05:52:36.652,1.65745,1.6579,1.00,1.00
2010.09.13 05:52:37.720,1.6574,1.65785,1.00,1.00
2010.09.13 05:52:37.963,1.6574,1.6579,1.00,1.00
2010.09.13 05:52:38.210,1.6574,1.65785,1.00,1.00
2010.09.13 05:52:39.924,1.65745,1.65795,1.00,2.10
2010.09.13 05:52:40.217,1.65745,1.65795,1.00,1.00
2010.09.13 05:52:40.651,1.65745,1.6579,1.00,1.00
2010.09.13 05:52:41.091,1.6575,1.65795,1.00,1.00
2010.09.13 05:52:42.029,1.65755,1.65795,1.00,1.00
2010.09.13 05:52:42.978,1.65755,1.658,1.00,1.00
2010.09.13 05:52:43.209,1.65755,1.658,1.00,1.00
2010.09.13 05:52:43.737,1.6575,1.65795,1.00,1.00
2010.09.13 05:52:45.209,1.65755,1.658,1.00,1.00
2010.09.13 05:52:45.497,1.65755,1.658,1.00,1.00
2010.09.13 05:52:47.264,1.6576,1.658,1.00,1.00
2010.09.13 05:52:50.348,1.6576,1.6581,1.00,1.00
2010.09.13 05:52:51.059,1.65755,1.65805,1.00,1.50
2010.09.13 05:52:51.087,1.6576,1.65805,1.00,1.50
2010.09.13 05:52:51.199,1.6576,1.65805,1.00,1.00
2010.09.13 05:52:51.522,1.65755,1.65805,1.00,1.00
2010.09.13 05:52:53.422,1.6576,1.65805,1.00,1.00
2010.09.13 05:52:55.464,1.65755,1.658,1.00,1.00
2010.09.13 05:52:56.122,1.65755,1.65805,1.00,1.00
2010.09.13 05:52:56.228,1.6576,1.658,1.00,1.00
2010.09.13 05:52:56.861,1.65755,1.65805,1.00,1.00
2010.09.13 05:52:57.174,1.6575,1.658,1.00,1.00
2010.09.13 05:52:57.478,1.6575,1.65795,1.00,1.00
2010.09.13 05:52:58.087,1.65755,1.658,1.00,1.00
2010.09.13 05:52:59.167,1.65755,1.658,1.00,1.00
2010.09.13 05:52:59.819,1.6575,1.65795,1.00,1.00
2010.09.13 05:53:00.157,1.65755,1.65795,1.00,1.00
2010.09.13 05:53:00.347,1.65755,1.65795,1.00,1.00
2010.09.13 05:53:01.140,1.65755,1.65805,1.00,1.00
2010.09.13 05:53:01.800,1.6576,1.6581,1.00,1.00
2010.09.13 05:53:02.128,1.6576,1.65805,1.00,1.00
2010.09.13 05:53:03.343,1.6577,1.6582,1.00,3.90
2010.09.13 05:53:03.551,1.6577,1.6582,1.00,1.00
2010.09.13 05:53:04.502,1.6578,1.65825,1.00,1.00
2010.09.13 05:53:04.818,1.65785,1.65825,1.00,1.00
2010.09.13 05:53:05.138,1.65775,1.6582,1.00,1.00
2010.09.13 05:53:06.271,1.6577,1.6582,1.00,1.00
2010.09.13 05:53:06.588,1.6576,1.6581,2.20,1.00
2010.09.13 05:53:06.908,1.65755,1.65805,1.00,2.00
2010.09.13 05:53:07.168,1.6576,1.65805,1.00,1.00
2010.09.13 05:53:07.429,1.65765,1.6581,1.00,1.00
2010.09.13 05:53:08.241,1.6576,1.6581,1.00,1.00
2010.09.13 05:53:08.379,1.65765,1.6581,1.00,1.00
2010.09.13 05:53:08.819,1.6576,1.65805,1.00,1.00
2010.09.13 05:53:09.978,1.6576,1.658,1.00,1.00
2010.09.13 05:53:10.290,1.65755,1.658,1.00,1.00
2010.09.13 05:53:10.599,1.6576,1.65805,1.00,1.00
2010.09.13 05:53:11.653,1.6576,1.65805,1.40,1.00
2010.09.13 05:53:11.739,1.6576,1.65805,2.00,1.00
2010.09.13 05:53:11.828,1.65755,1.65805,1.00,2.10
2010.09.13 05:53:12.276,1.65755,1.65805,1.00,1.00
2010.09.13 05:53:12.917,1.6576,1.65805,1.00,1.00
2010.09.13 05:53:14.117,1.65765,1.65805,1.00,1.00
2010.09.13 05:53:14.878,1.65765,1.6581,1.00,1.00
2010.09.13 05:53:15.201,1.6576,1.65805,2.00,1.00
2010.09.13 05:53:16.034,1.6576,1.65805,1.40,1.00
2010.09.13 05:53:16.200,1.6576,1.65805,1.00,2.00
2010.09.13 05:53:16.357,1.6576,1.65805,1.00,2.10
2010.09.13 05:53:17.427,1.6576,1.65805,1.00,2.10
2010.09.13 05:53:17.749,1.6576,1.65805,1.00,2.10
2010.09.13 05:53:18.071,1.65755,1.65805,1.00,1.00
2010.09.13 05:53:18.390,1.65755,1.65805,1.00,2.10
2010.09.13 05:53:18.997,1.65755,1.65805,1.00,1.00
2010.09.13 05:53:19.288,1.6576,1.65805,1.00,1.00
2010.09.13 05:53:19.908,1.65765,1.6581,1.00,1.00
2010.09.13 05:53:20.838,1.65765,1.65815,1.00,2.10
2010.09.13 05:53:21.128,1.65765,1.65815,1.00,1.00
2010.09.13 05:53:21.761,1.65765,1.6581,1.00,1.00
2010.09.13 05:53:22.056,1.65765,1.65815,1.00,1.40
2010.09.13 05:53:22.229,1.65765,1.65815,1.00,2.00
2010.09.13 05:53:22.571,1.65765,1.65815,1.00,2.10
2010.09.13 05:53:23.936,1.6577,1.65815,1.00,1.00
2010.09.13 05:53:24.730,1.65775,1.6582,1.00,1.00
2010.09.13 05:53:25.412,1.65775,1.6582,1.00,1.00
2010.09.13 05:53:25.643,1.6576,1.65805,1.00,2.00
2010.09.13 05:53:27.128,1.6576,1.65805,1.00,2.00
2010.09.13 05:53:28.169,1.6576,1.65805,1.00,2.10
2010.09.13 05:53:28.311,1.6576,1.65805,1.00,1.50
2010.09.13 05:53:28.450,1.65765,1.65805,1.00,1.00
2010.09.13 05:53:28.730,1.6576,1.65805,1.00,1.00
2010.09.13 05:53:30.128,1.65765,1.658,1.00,1.00
2010.09.13 05:53:31.117,1.65765,1.65805,1.00,1.00
2010.09.13 05:53:32.183,1.6577,1.65805,1.00,1.00
2010.09.13 05:53:34.058,1.6577,1.6581,1.00,1.00
2010.09.13 05:53:34.178,1.6577,1.6581,1.00,1.00
2010.09.13 05:53:36.019,1.65775,1.65815,1.00,1.00
2010.09.13 05:53:37.834,1.65775,1.6581,1.00,1.00
2010.09.13 05:53:38.507,1.65775,1.65815,1.00,1.00
2010.09.13 05:53:39.967,1.65775,1.6582,1.00,2.10
2010.09.13 05:53:40.780,1.6577,1.65815,1.00,1.00
2010.09.13 05:53:42.152,1.65775,1.6581,1.00,1.00
2010.09.13 05:53:42.413,1.65775,1.65815,1.00,1.00
2010.09.13 05:53:44.658,1.6577,1.6581,1.00,1.00
2010.09.13 05:53:46.745,1.65765,1.6581,1.00,1.00
2010.09.13 05:53:47.611,1.6576,1.65805,1.00,1.00
2010.09.13 05:53:49.027,1.6576,1.658,1.00,1.00
2010.09.13 05:53:50.172,1.6576,1.6581,1.00,1.00
2010.09.13 05:53:50.320,1.6576,1.6581,2.10,1.00
2010.09.13 05:53:50.467,1.6576,1.6581,1.00,1.00
2010.09.13 05:53:51.155,1.6576,1.6581,1.00,1.00
2010.09.13 05:53:51.618,1.65765,1.6581,1.00,1.00
2010.09.13 05:53:52.120,1.65765,1.65805,1.00,1.00
2010.09.13 05:53:53.325,1.6577,1.65805,1.00,1.00
2010.09.13 05:53:53.458,1.65765,1.65805,1.00,1.00
2010.09.13 05:53:53.987,1.6577,1.65805,1.00,1.00
2010.09.13 05:53:54.258,1.65755,1.658,1.90,1.00
2010.09.13 05:53:54.398,1.65755,1.658,1.00,1.00
2010.09.13 05:53:54.568,1.65755,1.658,1.00,1.00
2010.09.13 05:53:55.303,1.6575,1.658,1.00,1.00
2010.09.13 05:53:55.861,1.6574,1.65785,1.00,1.00
2010.09.13 05:53:56.061,1.65745,1.6579,1.00,1.00
2010.09.13 05:53:57.190,1.65745,1.65785,1.00,1.00
2010.09.13 05:53:58.615,1.6575,1.65785,1.00,1.00
2010.09.13 05:54:06.402,1.65755,1.658,1.00,1.00
2010.09.13 05:54:07.080,1.6575,1.65795,1.00,1.00
2010.09.13 05:54:07.993,1.65765,1.6582,1.00,1.00
2010.09.13 05:54:08.344,1.6576,1.6581,1.00,1.00
2010.09.13 05:54:09.173,1.65755,1.65815,1.50,1.00
2010.09.13 05:54:09.483,1.6575,1.6581,1.90,1.00
2010.09.13 05:54:09.765,1.6575,1.65805,1.00,1.00
2010.09.13 05:54:10.519,1.65745,1.65795,1.00,1.00
2010.09.13 05:54:10.820,1.6575,1.65795,1.00,1.00
2010.09.13 05:54:12.019,1.6575,1.65795,1.00,1.00
2010.09.13 05:54:12.277,1.65745,1.65795,1.00,1.00
2010.09.13 05:54:13.048,1.6575,1.65795,1.00,1.00
2010.09.13 05:54:13.327,1.65745,1.65795,1.00,1.00
2010.09.13 05:54:13.854,1.65745,1.65785,1.00,1.00
2010.09.13 05:54:13.990,1.65735,1.65785,1.00,1.00
2010.09.13 05:54:14.257,1.65735,1.6578,1.00,1.00
2010.09.13 05:54:14.518,1.6574,1.6578,1.00,1.00
2010.09.13 05:54:15.424,1.6572,1.6576,1.00,1.00
2010.09.13 05:54:16.070,1.65725,1.6576,1.00,1.00
2010.09.13 05:54:16.394,1.6572,1.6576,1.00,1.00
2010.09.13 05:54:17.331,1.6572,1.65765,1.00,1.00
2010.09.13 05:54:17.502,1.65715,1.6577,1.00,1.00
2010.09.13 05:54:18.394,1.6573,1.65775,1.00,1.00
2010.09.13 05:54:18.741,1.65725,1.65775,1.00,1.00
2010.09.13 05:54:19.420,1.6573,1.65775,1.00,1.00
2010.09.13 05:54:20.968,1.65735,1.65775,1.00,1.00
2010.09.13 05:54:24.742,1.65725,1.6577,1.00,1.00
2010.09.13 05:54:26.840,1.6573,1.65775,1.00,1.00
2010.09.13 05:54:29.880,1.6574,1.6579,1.00,1.60
2010.09.13 05:54:30.019,1.6574,1.6579,1.00,1.00
2010.09.13 05:54:30.179,1.65745,1.658,1.00,1.00
2010.09.13 05:54:30.338,1.6575,1.658,1.00,1.00
2010.09.13 05:54:30.798,1.6575,1.65795,1.00,1.00
2010.09.13 05:54:32.039,1.6575,1.65795,1.00,1.00
2010.09.13 05:54:32.158,1.6575,1.658,1.00,1.00
2010.09.13 05:54:32.397,1.6575,1.658,1.00,1.00
2010.09.13 05:54:33.259,1.65755,1.658,1.00,1.00
2010.09.13 05:54:34.406,1.6575,1.65795,1.00,1.00
2010.09.13 05:54:34.582,1.65745,1.65795,1.00,1.00
2010.09.13 05:54:34.917,1.6575,1.658,1.00,1.00
2010.09.13 05:54:35.087,1.6575,1.65795,1.00,1.00
2010.09.13 05:54:36.377,1.6575,1.6579,1.00,1.00
2010.09.13 05:54:41.371,1.6574,1.6579,1.00,1.00
2010.09.13 05:54:41.637,1.65745,1.6579,1.00,1.00
2010.09.13 05:54:43.752,1.6575,1.6579,1.00,1.00
2010.09.13 05:54:45.088,1.6574,1.6579,1.00,1.00
2010.09.13 05:54:45.780,1.65745,1.6579,1.00,1.00
2010.09.13 05:54:47.008,1.6575,1.6579,1.00,1.00
2010.09.13 05:54:48.734,1.65735,1.65785,1.00,1.00
2010.09.13 05:54:50.118,1.65735,1.6578,1.00,1.00
2010.09.13 05:54:51.649,1.65735,1.65775,1.00,1.00
2010.09.13 05:54:53.130,1.65735,1.6578,1.00,1.00
2010.09.13 05:54:53.415,1.6573,1.65775,1.00,1.00
2010.09.13 05:54:55.808,1.65735,1.65775,1.00,1.00
2010.09.13 05:54:55.997,1.6573,1.65775,1.00,1.00
2010.09.13 05:54:57.532,1.65735,1.65775,1.00,1.00
2010.09.13 05:54:57.700,1.65735,1.65775,1.00,1.00
2010.09.13 05:54:58.485,1.6573,1.65775,1.00,1.00
2010.09.13 05:54:58.878,1.6573,1.65775,1.00,1.00
2010.09.13 05:54:59.889,1.6572,1.65765,1.00,1.00
2010.09.13 05:55:00.060,1.65715,1.65755,1.00,1.00
2010.09.13 05:55:00.230,1.657,1.65745,1.00,2.00
2010.09.13 05:55:00.400,1.6569,1.65745,1.00,2.00
2010.09.13 05:55:01.239,1.6568,1.6574,1.00,3.20
2010.09.13 05:55:01.528,1.65685,1.65735,1.00,1.00
2010.09.13 05:55:01.818,1.6569,1.6574,1.00,1.00
2010.09.13 05:55:02.685,1.6569,1.6574,1.00,1.00
2010.09.13 05:55:02.970,1.6569,1.65735,1.00,1.00
2010.09.13 05:55:03.817,1.65695,1.65735,1.00,1.00
2010.09.13 05:55:04.109,1.6569,1.6574,1.00,1.00
2010.09.13 05:55:05.467,1.65695,1.6574,1.00,1.00
2010.09.13 05:55:06.209,1.65695,1.65745,1.00,1.00
2010.09.13 05:55:09.499,1.657,1.6575,1.00,1.00
2010.09.13 05:55:11.545,1.657,1.6575,1.00,1.00
2010.09.13 05:55:12.028,1.65695,1.6575,1.00,1.00
2010.09.13 05:55:12.948,1.657,1.6575,1.00,1.00
2010.09.13 05:55:15.198,1.65695,1.6575,1.00,1.00
2010.09.13 05:55:15.347,1.65695,1.6575,1.00,1.00
2010.09.13 05:55:15.489,1.65695,1.6575,1.00,1.00
2010.09.13 05:55:16.816,1.657,1.6575,1.00,1.00
2010.09.13 05:55:23.979,1.6569,1.6575,1.00,1.00
2010.09.13 05:55:24.228,1.6569,1.65745,1.00,1.00
2010.09.13 05:55:25.668,1.6569,1.65745,1.00,1.00
2010.09.13 05:55:26.107,1.6569,1.65745,1.00,1.00
2010.09.13 05:55:27.209,1.6569,1.6574,1.00,1.00
2010.09.13 05:55:27.338,1.6569,1.6574,1.00,1.00
2010.09.13 05:55:27.468,1.6569,1.65745,1.00,1.00
2010.09.13 05:55:27.598,1.6569,1.65745,1.00,1.00
2010.09.13 05:55:28.621,1.6569,1.6574,1.00,1.00
2010.09.13 05:55:35.488,1.6569,1.65745,1.00,1.00
2010.09.13 05:55:36.569,1.65695,1.6574,1.00,1.00
2010.09.13 05:55:36.962,1.6569,1.6574,1.00,1.00
2010.09.13 05:55:37.285,1.6569,1.65745,1.00,1.00
2010.09.13 05:55:38.631,1.65695,1.6574,1.00,1.00
2010.09.13 05:55:38.969,1.65705,1.6575,1.00,1.80
2010.09.13 05:55:39.139,1.6571,1.6575,1.40,1.00
2010.09.13 05:55:39.309,1.6571,1.65765,1.40,1.00
2010.09.13 05:55:39.479,1.65715,1.6577,1.00,1.00
2010.09.13 05:55:40.362,1.65715,1.6577,1.00,1.00
2010.09.13 05:55:40.948,1.6572,1.6577,1.00,1.00
2010.09.13 05:55:41.201,1.6572,1.65765,1.00,1.00
2010.09.13 05:55:41.450,1.6572,1.65765,1.00,2.20
2010.09.13 05:55:42.244,1.6571,1.6576,1.00,1.00
2010.09.13 05:55:42.420,1.65715,1.6576,1.00,1.00
2010.09.13 05:55:42.828,1.6572,1.65765,1.00,1.00
2010.09.13 05:55:43.008,1.6572,1.65765,1.00,1.00
2010.09.13 05:55:43.188,1.65715,1.65765,1.00,1.00
2010.09.13 05:55:44.300,1.6572,1.65765,1.00,1.00
2010.09.13 05:55:46.048,1.65725,1.6577,1.00,1.00
2010.09.13 05:55:47.017,1.6572,1.6577,1.00,1.00
2010.09.13 05:55:47.177,1.6572,1.6577,1.00,1.00
2010.09.13 05:55:47.337,1.65725,1.6577,1.00,1.00
2010.09.13 05:55:48.338,1.6573,1.6578,1.00,1.00
2010.09.13 05:55:49.061,1.65725,1.65775,1.40,1.00
2010.09.13 05:55:49.322,1.65725,1.65775,1.00,1.00
2010.09.13 05:55:50.158,1.65725,1.6577,1.00,1.00
2010.09.13 05:55:50.278,1.6573,1.65775,1.00,1.00
2010.09.13 05:55:51.533,1.65735,1.6578,1.00,1.00
2010.09.13 05:55:52.101,1.6573,1.6578,1.00,1.00
2010.09.13 05:55:52.497,1.6573,1.65775,1.00,1.00
2010.09.13 05:55:52.857,1.6573,1.6578,1.00,1.00
2010.09.13 05:55:53.089,1.65735,1.6579,1.00,3.60
2010.09.13 05:55:53.697,1.65735,1.6579,1.00,1.00
2010.09.13 05:55:53.760,1.6574,1.6579,1.00,1.00
2010.09.13 05:55:54.191,1.65745,1.6579,1.00,1.00
2010.09.13 05:55:55.317,1.6575,1.6579,1.00,1.00
2010.09.13 05:55:55.550,1.65745,1.6579,1.00,1.00
2010.09.13 05:55:55.779,1.65735,1.65785,1.00,1.00
2010.09.13 05:55:56.502,1.6574,1.65785,1.00,1.00
2010.09.13 05:55:56.704,1.6574,1.6579,1.00,1.00
2010.09.13 05:55:57.068,1.6574,1.65785,1.00,1.00
2010.09.13 05:55:58.417,1.65735,1.65785,1.00,1.00
2010.09.13 05:55:59.097,1.65735,1.6578,1.00,1.00
2010.09.13 05:55:59.678,1.65745,1.6579,1.00,1.00
2010.09.13 05:56:00.345,1.65745,1.6579,1.00,1.00
2010.09.13 05:56:00.597,1.6574,1.6579,1.00,1.00
2010.09.13 05:56:01.147,1.65745,1.6579,1.00,1.00
2010.09.13 05:56:02.759,1.6574,1.65785,1.00,1.00
2010.09.13 05:56:03.090,1.6574,1.6579,1.00,1.00
2010.09.13 05:56:04.171,1.65735,1.6578,1.00,1.00
2010.09.13 05:56:05.177,1.6574,1.65785,1.00,1.00
2010.09.13 05:56:06.129,1.6574,1.65785,1.00,1.00
2010.09.13 05:56:08.270,1.65735,1.65785,1.00,1.00
2010.09.13 05:56:08.450,1.65735,1.6578,1.00,1.00
2010.09.13 05:56:13.237,1.65735,1.65785,1.00,1.00
2010.09.13 05:56:13.398,1.6574,1.65785,1.00,1.00
2010.09.13 05:56:13.568,1.65745,1.6579,1.00,1.00
2010.09.13 05:56:14.489,1.65735,1.65785,1.00,1.00
2010.09.13 05:56:14.830,1.65735,1.6578,1.00,1.00
2010.09.13 05:56:15.478,1.6573,1.65775,1.00,1.00
2010.09.13 05:56:16.191,1.65735,1.6578,1.00,1.00
2010.09.13 05:56:17.078,1.65735,1.65775,1.00,1.00
2010.09.13 05:56:25.313,1.6573,1.65775,1.00,1.00
2010.09.13 05:56:26.473,1.65735,1.65775,1.00,1.00
2010.09.13 05:56:27.680,1.6573,1.6577,1.00,1.00
2010.09.13 05:56:28.207,1.6573,1.65775,1.00,1.00
2010.09.13 05:56:30.339,1.6573,1.6577,1.00,1.00
2010.09.13 05:56:32.828,1.6573,1.65765,1.00,1.00
2010.09.13 05:56:33.557,1.65725,1.65765,1.00,1.00
2010.09.13 05:56:34.988,1.6573,1.6577,1.00,1.00
2010.09.13 05:56:40.927,1.6573,1.6577,1.00,1.00
2010.09.13 05:56:41.804,1.65715,1.6576,1.00,1.00
2010.09.13 05:56:42.215,1.6571,1.6576,1.00,1.00
2010.09.13 05:56:42.761,1.6571,1.6575,1.00,1.00
2010.09.13 05:56:43.950,1.65705,1.6575,1.00,1.00
2010.09.13 05:56:44.705,1.65705,1.65755,1.00,1.00
2010.09.13 05:56:45.000,1.65705,1.65755,1.00,1.00
2010.09.13 05:56:45.289,1.6571,1.65755,1.00,1.00
2010.09.13 05:56:46.041,1.6571,1.65755,1.00,1.00
2010.09.13 05:56:46.877,1.6571,1.6575,1.00,1.00
2010.09.13 05:56:47.028,1.6571,1.6575,1.00,1.00
2010.09.13 05:56:47.339,1.65705,1.6575,1.00,1.00
2010.09.13 05:56:47.497,1.6571,1.6575,1.00,1.00
2010.09.13 05:56:47.818,1.65705,1.6575,1.00,1.00
2010.09.13 05:56:48.128,1.6571,1.6575,1.00,1.00
2010.09.13 05:56:49.122,1.6571,1.6575,1.00,1.00
2010.09.13 05:56:51.920,1.65705,1.6575,1.00,1.00
2010.09.13 05:56:52.000,1.65705,1.65755,1.00,1.00
2010.09.13 05:56:52.078,1.65715,1.6576,1.00,1.00
2010.09.13 05:56:52.339,1.65715,1.65765,1.00,1.00
2010.09.13 05:56:52.519,1.65725,1.6577,1.00,1.00
2010.09.13 05:56:52.698,1.6572,1.65775,1.00,1.00
2010.09.13 05:56:53.377,1.6572,1.65775,1.00,1.00
2010.09.13 05:56:53.648,1.6573,1.65775,1.00,1.00
2010.09.13 05:56:54.191,1.65735,1.65775,1.00,1.00
2010.09.13 05:56:55.148,1.65735,1.6578,1.00,1.00
2010.09.13 05:56:55.327,1.65735,1.65775,1.00,1.00
2010.09.13 05:56:55.919,1.6574,1.6578,1.00,1.00
2010.09.13 05:56:56.958,1.65735,1.65775,1.00,1.00
2010.09.13 05:57:00.038,1.6574,1.65775,1.00,1.00
2010.09.13 05:57:04.862,1.6574,1.6578,1.00,1.00
2010.09.13 05:57:05.628,1.65745,1.6578,1.00,1.00
2010.09.13 05:57:05.958,1.6574,1.6578,1.00,1.00
2010.09.13 05:57:06.829,1.6574,1.65765,1.00,4.80
2010.09.13 05:57:07.015,1.6571,1.65755,1.00,1.00
2010.09.13 05:57:07.251,1.65715,1.65755,1.00,1.00
2010.09.13 05:57:07.484,1.65715,1.65755,1.00,1.00
2010.09.13 05:57:07.718,1.65715,1.65755,1.00,1.00
2010.09.13 05:57:08.178,1.65715,1.6576,1.00,1.00
2010.09.13 05:57:08.900,1.65715,1.65765,1.00,1.00
2010.09.13 05:57:09.240,1.6573,1.6577,1.00,1.00
2010.09.13 05:57:09.400,1.65725,1.6577,1.00,1.00
2010.09.13 05:57:10.197,1.6573,1.6577,1.00,1.00
2010.09.13 05:57:12.109,1.65735,1.65775,1.00,1.00
2010.09.13 05:57:15.407,1.6573,1.6577,1.00,1.00
2010.09.13 05:57:15.850,1.65735,1.65775,1.00,1.00
2010.09.13 05:57:26.599,1.6573,1.6577,1.00,1.00
2010.09.13 05:57:27.918,1.6573,1.65775,1.00,1.00
2010.09.13 05:57:28.099,1.65735,1.65775,1.00,1.00
2010.09.13 05:57:28.281,1.6573,1.6577,1.00,1.00
2010.09.13 05:57:29.045,1.6573,1.6577,1.00,1.00
2010.09.13 05:57:29.282,1.6573,1.6577,1.00,1.00
2010.09.13 05:57:29.509,1.6573,1.6577,1.00,1.00
2010.09.13 05:57:29.969,1.65735,1.6577,1.00,1.00
2010.09.13 05:57:30.200,1.6573,1.6577,1.00,1.00
2010.09.13 05:57:31.052,1.6573,1.6577,1.00,1.00
2010.09.13 05:57:31.848,1.6573,1.6577,1.00,1.00
2010.09.13 05:57:33.198,1.65735,1.6577,1.00,1.00
2010.09.13 05:57:36.788,1.65735,1.65775,1.00,1.00
2010.09.13 05:57:36.950,1.65735,1.65775,1.00,1.00
2010.09.13 05:57:37.008,1.65735,1.6577,1.00,1.00
2010.09.13 05:57:37.068,1.6573,1.6577,1.00,1.00
2010.09.13 05:57:37.127,1.6573,1.6577,1.00,1.00
2010.09.13 05:57:38.156,1.6573,1.6577,1.00,1.00
2010.09.13 05:57:38.390,1.65735,1.65775,1.00,1.00
2010.09.13 05:57:39.892,1.65735,1.65775,1.00,1.00
2010.09.13 05:57:40.409,1.6574,1.65775,1.00,1.00
2010.09.13 05:57:40.668,1.6574,1.65775,1.00,1.00
2010.09.13 05:57:41.552,1.65735,1.65775,1.00,1.00
2010.09.13 05:57:41.889,1.65735,1.65775,1.00,1.00
2010.09.13 05:57:42.687,1.6574,1.6578,1.00,1.00
2010.09.13 05:57:43.584,1.6574,1.6578,1.00,1.00
2010.09.13 05:57:44.150,1.65745,1.6578,1.00,1.00
2010.09.13 05:57:46.063,1.6574,1.6577,1.00,1.00
2010.09.13 05:57:46.827,1.6574,1.6577,1.00,1.00
2010.09.13 05:57:48.176,1.65735,1.6577,1.00,1.00
2010.09.13 05:57:48.359,1.65735,1.6577,1.00,1.00
2010.09.13 05:57:48.928,1.6574,1.6577,1.00,1.00
2010.09.13 05:57:50.741,1.65735,1.6578,1.00,1.00
2010.09.13 05:57:51.368,1.65735,1.6578,1.00,1.00
2010.09.13 05:57:51.463,1.65745,1.65785,1.00,1.00
2010.09.13 05:57:51.549,1.6574,1.65785,1.00,1.00
2010.09.13 05:57:51.708,1.65745,1.65785,1.00,1.00
2010.09.13 05:57:52.860,1.6575,1.65785,1.00,1.00
2010.09.13 05:57:53.462,1.6574,1.6577,1.00,1.00
2010.09.13 05:57:53.589,1.65735,1.6577,1.00,1.00
2010.09.13 05:57:55.499,1.65735,1.65765,1.00,1.00
2010.09.13 05:57:55.923,1.65715,1.65755,1.00,1.00
2010.09.13 05:57:56.109,1.65725,1.65755,1.00,1.00
2010.09.13 05:57:56.289,1.6572,1.65755,1.00,1.00
2010.09.13 05:57:57.422,1.65725,1.65755,1.00,1.00
2010.09.13 05:57:57.668,1.65725,1.65755,1.00,1.00
2010.09.13 05:57:59.902,1.65725,1.65755,1.00,1.00
2010.09.13 05:58:00.040,1.6573,1.65755,1.00,1.00
2010.09.13 05:58:02.492,1.6573,1.65755,1.00,1.00
2010.09.13 05:58:02.578,1.65725,1.65755,1.00,1.00
2010.09.13 05:58:03.088,1.6573,1.65765,1.00,1.00
2010.09.13 05:58:03.952,1.65725,1.65755,1.00,1.00
2010.09.13 05:58:05.767,1.65725,1.65755,1.00,1.00
2010.09.13 05:58:08.018,1.6572,1.65755,1.00,1.00
2010.09.13 05:58:10.268,1.65725,1.6576,1.00,1.00
2010.09.13 05:58:10.382,1.6571,1.6575,1.00,1.00
2010.09.13 05:58:11.282,1.6571,1.6575,1.00,1.00
2010.09.13 05:58:12.118,1.6571,1.65745,1.00,1.00
2010.09.13 05:58:13.140,1.6571,1.6575,1.00,1.00
2010.09.13 05:58:14.521,1.65715,1.65755,1.00,3.40
2010.09.13 05:58:14.831,1.65715,1.65755,1.00,1.00
2010.09.13 05:58:14.974,1.6571,1.6575,1.00,1.00
2010.09.13 05:58:16.081,1.6571,1.65745,1.00,1.00
2010.09.13 05:58:24.270,1.65705,1.65745,1.00,1.60
2010.09.13 05:58:24.397,1.65705,1.65745,1.00,1.00
2010.09.13 05:58:24.758,1.6571,1.65745,1.00,1.00
2010.09.13 05:58:24.877,1.6571,1.65745,1.00,1.60
2010.09.13 05:58:24.997,1.6571,1.65745,1.00,1.00
2010.09.13 05:58:26.364,1.6571,1.65755,1.00,1.00
2010.09.13 05:58:26.648,1.6571,1.65755,1.00,1.00
2010.09.13 05:58:26.802,1.6571,1.6575,1.00,1.00
2010.09.13 05:58:26.938,1.65715,1.6576,1.00,1.00
2010.09.13 05:58:27.706,1.65715,1.6576,1.00,1.00
2010.09.13 05:58:27.941,1.65715,1.65755,1.00,1.00
2010.09.13 05:58:29.502,1.6572,1.6576,1.00,1.00
2010.09.13 05:58:29.838,1.6572,1.6576,1.00,1.00
2010.09.13 05:58:30.119,1.65725,1.6576,1.00,1.00
2010.09.13 05:58:32.069,1.6572,1.65755,1.00,1.00
2010.09.13 05:58:35.223,1.6572,1.6576,1.00,1.00
2010.09.13 05:58:38.317,1.6572,1.65755,1.00,1.00
2010.09.13 05:58:44.147,1.6572,1.6576,1.00,1.00
2010.09.13 05:58:44.957,1.6572,1.65755,1.00,1.00
2010.09.13 05:58:49.875,1.6572,1.6576,1.00,1.00
2010.09.13 05:58:53.427,1.6572,1.65755,1.00,1.00
2010.09.13 05:58:53.817,1.6571,1.65755,1.00,1.00
2010.09.13 05:58:55.321,1.65715,1.65755,1.00,1.00
2010.09.13 05:58:55.728,1.6571,1.6575,1.00,1.00
2010.09.13 05:58:58.526,1.65715,1.65755,1.00,1.00
2010.09.13 05:58:59.572,1.6571,1.6575,1.00,1.00
2010.09.13 05:59:00.277,1.65715,1.65755,1.00,1.00
2010.09.13 05:59:09.908,1.6571,1.6576,1.00,1.00
2010.09.13 05:59:10.059,1.6571,1.6576,1.00,1.00
2010.09.13 05:59:10.399,1.6571,1.6576,1.00,1.00
2010.09.13 05:59:11.629,1.6571,1.65755,1.00,1.00
2010.09.13 05:59:12.279,1.6571,1.6575,1.00,1.00
2010.09.13 05:59:13.038,1.65715,1.65755,1.00,1.00
2010.09.13 05:59:15.746,1.65705,1.6575,1.00,1.00
2010.09.13 05:59:16.305,1.65705,1.6575,1.00,1.00
2010.09.13 05:59:16.524,1.6571,1.65755,1.00,1.00
2010.09.13 05:59:18.460,1.6571,1.65755,1.00,1.00
2010.09.13 05:59:19.089,1.65715,1.65755,1.00,1.00
2010.09.13 05:59:19.893,1.65705,1.6575,1.00,1.00
2010.09.13 05:59:20.149,1.65705,1.6575,1.00,1.00
2010.09.13 05:59:20.409,1.65705,1.65755,1.00,1.00
2010.09.13 05:59:21.247,1.65705,1.6575,1.00,1.00
2010.09.13 05:59:22.128,1.65715,1.65755,1.00,1.00
2010.09.13 05:59:22.399,1.65715,1.65755,1.00,4.90
2010.09.13 05:59:23.435,1.65715,1.6576,1.00,1.00
2010.09.13 05:59:24.188,1.6572,1.6576,1.00,1.00
2010.09.13 05:59:28.821,1.6571,1.6576,1.00,1.00
2010.09.13 05:59:29.459,1.65715,1.6576,1.00,1.00
2010.09.13 05:59:30.522,1.65715,1.65755,1.00,1.00
2010.09.13 05:59:30.639,1.65715,1.6576,1.00,1.00
2010.09.13 05:59:31.061,1.65715,1.65755,1.00,1.00
2010.09.13 05:59:32.647,1.6571,1.65755,1.00,1.00
2010.09.13 05:59:33.347,1.65705,1.65755,1.00,1.00
2010.09.13 05:59:33.450,1.65705,1.65755,1.00,1.00
2010.09.13 05:59:33.891,1.65705,1.6575,1.00,1.00
2010.09.13 05:59:35.591,1.6571,1.6575,1.00,1.00
2010.09.13 05:59:36.048,1.6571,1.65745,1.00,1.00
2010.09.13 05:59:36.838,1.65715,1.6575,1.00,1.00
2010.09.13 05:59:36.950,1.6571,1.6575,1.00,1.00
2010.09.13 05:59:37.939,1.6571,1.65755,1.00,1.00
2010.09.13 05:59:39.028,1.65715,1.65755,1.00,1.00
2010.09.13 05:59:42.172,1.6572,1.65755,1.00,1.00
2010.09.13 05:59:42.965,1.65715,1.65755,1.00,1.00
2010.09.13 05:59:45.049,1.65715,1.65755,1.00,1.00
2010.09.13 05:59:47.008,1.6571,1.65755,1.00,1.00
2010.09.13 05:59:47.138,1.6571,1.65755,1.00,1.00
2010.09.13 05:59:48.975,1.6571,1.6575,1.00,1.00
2010.09.13 05:59:50.645,1.65705,1.6575,1.00,1.00
2010.09.13 05:59:50.780,1.65705,1.65745,1.00,1.00
2010.09.13 05:59:51.450,1.65705,1.6575,1.00,1.00
2010.09.13 05:59:51.790,1.65705,1.65745,1.00,1.00
2010.09.13 05:59:54.511,1.65715,1.65765,1.00,1.00
2010.09.13 05:59:55.050,1.65715,1.6576,1.00,1.50
2010.09.13 05:59:55.320,1.65705,1.6575,1.00,1.00
2010.09.13 05:59:56.172,1.6571,1.6575,1.00,1.00
2010.09.13 05:59:57.248,1.65705,1.6575,1.00,1.00
2010.09.13 05:59:58.299,1.65705,1.65745,1.00,1.00
2010.09.13 05:59:58.473,1.65705,1.6575,1.00,1.00
2010.09.13 05:59:58.619,1.6571,1.65745,1.00,1.00
2010.09.13 05:59:58.849,1.6571,1.6575,1.00,1.00
2010.09.13 05:59:59.308,1.6571,1.6575,1.00,1.00
2010.09.13 05:59:59.869,1.6571,1.6575,1.00,1.00
