2015.01.19 15:00:08.214,1.84405,1.84426,1.00,1.00
2015.01.19 15:00:08.518,1.84403,1.84422,1.00,1.00
2015.01.19 15:00:08.973,1.844,1.84419,1.00,1.37
2015.01.19 15:00:09.075,1.84389,1.84415,1.50,1.00
2015.01.19 15:00:09.177,1.84393,1.8442,1.00,1.00
2015.01.19 15:00:09.279,1.84396,1.84422,1.00,1.00
2015.01.19 15:00:09.862,1.844,1.84424,1.00,1.00
2015.01.19 15:00:10.185,1.84394,1.84418,1.00,1.00
2015.01.19 15:00:22.692,1.84391,1.84415,1.00,1.00
2015.01.19 15:00:24.164,1.84388,1.84413,1.00,1.00
2015.01.19 15:00:32.408,1.8439,1.84416,1.00,1.00
2015.01.19 15:00:33.079,1.84396,1.84418,1.00,1.00
2015.01.19 15:00:33.180,1.84397,1.84422,1.00,1.00
2015.01.19 15:00:34.523,1.844,1.84424,1.00,1.00
2015.01.19 15:00:36.371,1.84402,1.84427,1.00,1.00
2015.01.19 15:00:36.676,1.84405,1.84424,1.00,1.00
2015.01.19 15:00:55.851,1.84407,1.84428,1.00,1.00
2015.01.19 15:00:56.564,1.84407,1.84428,1.37,1.00
2015.01.19 15:00:56.716,1.84415,1.84436,1.00,1.00
2015.01.19 15:00:56.918,1.84417,1.84438,1.00,1.00
2015.01.19 15:00:59.116,1.84421,1.8444,1.00,1.00
2015.01.19 15:01:00.240,1.84424,1.84443,1.00,1.00
2015.01.19 15:01:01.891,1.84426,1.84447,1.00,1.00
2015.01.19 15:01:04.775,1.8443,1.84451,1.00,1.00
2015.01.19 15:01:04.826,1.84427,1.84453,1.00,1.00
2015.01.19 15:01:06.156,1.8443,1.84455,1.00,1.00
2015.01.19 15:01:16.183,1.84427,1.84453,1.00,1.00
2015.01.19 15:01:21.664,1.84424,1.8445,1.00,1.00
2015.01.19 15:01:24.406,1.84424,1.8445,1.95,1.00
2015.01.19 15:01:24.456,1.8443,1.84456,1.00,1.00
2015.01.19 15:01:24.558,1.84432,1.84459,1.00,1.00
2015.01.19 15:01:25.541,1.84435,1.84461,1.00,1.00
2015.01.19 15:01:27.648,1.84439,1.84461,1.00,1.00
2015.01.19 15:01:27.852,1.84439,1.84466,1.50,1.00
2015.01.19 15:01:28.411,1.8444,1.84466,1.00,1.00
2015.01.19 15:01:28.940,1.84439,1.84466,1.00,1.00
2015.01.19 15:01:31.795,1.84437,1.84463,1.00,1.00
2015.01.19 15:01:34.946,1.84437,1.84463,1.45,1.00
2015.01.19 15:01:34.997,1.84444,1.84471,1.00,1.50
2015.01.19 15:01:35.048,1.84444,1.84471,1.37,1.00
2015.01.19 15:01:35.099,1.84447,1.84474,1.00,1.00
2015.01.19 15:01:35.149,1.84452,1.84474,1.00,1.00
2015.01.19 15:01:35.200,1.84452,1.84476,1.00,1.00
2015.01.19 15:01:35.863,1.84455,1.84479,1.00,1.00
2015.01.19 15:01:39.646,1.84455,1.84475,1.00,1.37
2015.01.19 15:01:39.697,1.84445,1.8447,1.00,1.00
2015.01.19 15:01:39.848,1.84441,1.84468,1.00,1.00
2015.01.19 15:01:40.151,1.84445,1.84471,1.00,1.12
2015.01.19 15:01:40.252,1.84442,1.84469,1.00,1.00
2015.01.19 15:01:42.172,1.84442,1.84469,1.00,1.37
2015.01.19 15:01:42.223,1.8444,1.84465,1.00,1.00
2015.01.19 15:01:42.475,1.84437,1.84463,1.00,1.12
2015.01.19 15:01:46.491,1.84441,1.84463,1.00,1.00
2015.01.19 15:01:46.593,1.84439,1.84463,1.00,1.00
2015.01.19 15:01:46.644,1.84439,1.84466,1.50,1.00
2015.01.19 15:01:48.081,1.84443,1.84462,1.00,1.00
2015.01.19 15:01:52.121,1.84443,1.84462,1.00,1.75
2015.01.19 15:01:52.172,1.84437,1.84456,1.00,1.37
2015.01.19 15:01:52.374,1.84433,1.84454,1.00,1.00
2015.01.19 15:02:02.043,1.84433,1.84454,1.00,1.87
2015.01.19 15:02:02.548,1.84433,1.84452,1.00,1.00
2015.01.19 15:02:02.800,1.84427,1.84448,1.00,1.00
2015.01.19 15:02:14.055,1.84425,1.84446,1.00,1.00
2015.01.19 15:02:14.652,1.84425,1.84446,1.00,1.87
2015.01.19 15:02:15.190,1.84425,1.84446,1.00,1.50
2015.01.19 15:02:31.610,1.84427,1.84448,1.00,1.00
2015.01.19 15:02:33.488,1.8443,1.84451,1.00,1.00
2015.01.19 15:02:36.039,1.84427,1.84448,1.00,1.00
2015.01.19 15:02:38.434,1.8443,1.84449,1.37,1.00
2015.01.19 15:02:38.535,1.84434,1.84455,1.00,1.00
2015.01.19 15:02:38.586,1.84436,1.84455,1.00,1.00
2015.01.19 15:02:38.737,1.84434,1.84455,1.87,1.00
2015.01.19 15:02:39.040,1.84436,1.84455,1.00,1.00
2015.01.19 15:02:39.545,1.84438,1.84457,1.00,1.00
2015.01.19 15:02:40.718,1.84438,1.84452,1.00,1.00
2015.01.19 15:02:40.769,1.84429,1.84447,1.00,1.00
2015.01.19 15:02:40.820,1.84426,1.84447,1.00,1.00
2015.01.19 15:02:41.023,1.84434,1.84447,1.00,1.00
2015.01.19 15:02:41.275,1.84434,1.8445,1.00,1.00
2015.01.19 15:02:41.477,1.84436,1.8445,1.00,1.00
2015.01.19 15:02:42.514,1.84436,1.84454,1.00,1.00
2015.01.19 15:02:42.700,1.84437,1.84456,1.00,1.00
2015.01.19 15:02:43.148,1.84434,1.84453,1.00,1.00
2015.01.19 15:02:43.299,1.84428,1.84449,1.00,1.00
2015.01.19 15:02:43.552,1.84433,1.84449,1.00,1.00
2015.01.19 15:02:43.955,1.84432,1.84453,1.87,1.00
2015.01.19 15:02:44.056,1.84436,1.84455,1.00,1.00
2015.01.19 15:02:44.359,1.84439,1.84458,1.00,1.00
2015.01.19 15:02:45.362,1.8444,1.84461,1.00,1.00
2015.01.19 15:02:47.127,1.84444,1.84463,1.00,1.00
2015.01.19 15:02:47.430,1.84447,1.84466,1.00,1.00
2015.01.19 15:02:50.526,1.84449,1.84468,1.00,1.00
2015.01.19 15:02:50.884,1.84449,1.84464,1.00,1.00
2015.01.19 15:02:50.986,1.84442,1.84463,1.00,1.37
2015.01.19 15:02:51.088,1.84433,1.84454,1.00,1.00
2015.01.19 15:02:54.060,1.84431,1.8445,1.00,1.00
2015.01.19 15:03:13.871,1.84434,1.84453,1.00,1.00
2015.01.19 15:03:14.288,1.84436,1.84457,1.00,1.00
2015.01.19 15:03:20.574,1.84433,1.84454,1.00,1.00
2015.01.19 15:03:33.417,1.84437,1.84456,1.00,1.00
2015.01.19 15:03:39.364,1.8444,1.84459,1.00,1.00
2015.01.19 15:03:40.384,1.84442,1.84463,1.00,1.00
2015.01.19 15:03:58.194,1.84445,1.84464,1.00,1.00
2015.01.19 15:03:58.749,1.84448,1.84467,1.00,1.00
2015.01.19 15:04:04.001,1.84444,1.84465,1.00,1.00
2015.01.19 15:04:07.399,1.84459,1.84465,1.00,1.00
2015.01.19 15:04:07.450,1.84459,1.84469,1.00,1.00
2015.01.19 15:04:07.501,1.84463,1.84469,1.00,1.00
2015.01.19 15:04:07.552,1.84463,1.84483,1.00,1.00
2015.01.19 15:04:07.653,1.84465,1.84486,1.00,1.00
2015.01.19 15:04:07.704,1.84465,1.84485,1.00,1.37
2015.01.19 15:04:07.760,1.84459,1.8448,1.00,1.00
2015.01.19 15:04:19.156,1.84462,1.84483,1.00,1.00
2015.01.19 15:04:21.186,1.84464,1.84485,1.00,1.00
2015.01.19 15:04:22.679,1.84474,1.84485,1.00,1.00
2015.01.19 15:04:22.729,1.84474,1.84488,1.00,1.00
2015.01.19 15:04:22.831,1.84475,1.84493,1.00,1.00
2015.01.19 15:04:22.932,1.84481,1.845,1.00,1.00
2015.01.19 15:04:24.919,1.84477,1.84498,1.00,1.00
2015.01.19 15:04:26.103,1.84474,1.84495,1.00,1.00
2015.01.19 15:04:28.129,1.84472,1.84497,1.00,1.00
2015.01.19 15:04:29.114,1.84469,1.84494,1.00,1.12
2015.01.19 15:04:29.458,1.84467,1.84491,1.00,1.00
2015.01.19 15:04:32.671,1.84471,1.84491,1.00,1.00
2015.01.19 15:04:32.722,1.84472,1.84497,1.00,1.00
2015.01.19 15:04:32.823,1.84474,1.84499,1.00,1.00
2015.01.19 15:04:33.354,1.84474,1.845,1.50,1.00
2015.01.19 15:04:40.555,1.84476,1.84503,1.00,1.00
2015.01.19 15:04:45.693,1.84474,1.84499,1.00,1.00
2015.01.19 15:04:46.046,1.84471,1.84497,1.00,1.00
2015.01.19 15:04:46.938,1.84475,1.84494,1.00,1.00
2015.01.19 15:04:57.791,1.84472,1.84491,1.00,1.00
2015.01.19 15:05:00.308,1.84474,1.84495,1.00,1.00
2015.01.19 15:05:00.965,1.84474,1.84493,1.00,1.00
2015.01.19 15:05:02.391,1.84474,1.84495,1.00,1.12
2015.01.19 15:05:04.958,1.84476,1.84497,1.00,1.00
2015.01.19 15:05:05.268,1.8448,1.84498,1.00,1.00
2015.01.19 15:05:05.521,1.84484,1.84503,1.00,1.00
2015.01.19 15:05:09.361,1.84481,1.845,1.00,1.00
2015.01.19 15:05:28.059,1.84481,1.845,1.00,1.37
2015.01.19 15:05:28.160,1.84475,1.84494,1.00,1.00
2015.01.19 15:05:28.363,1.84478,1.84497,1.00,1.00
2015.01.19 15:05:29.947,1.84479,1.84497,1.00,1.00
2015.01.19 15:05:30.048,1.84484,1.84503,1.00,1.00
2015.01.19 15:05:32.259,1.84479,1.84498,1.00,1.00
2015.01.19 15:05:32.360,1.84475,1.84496,1.00,1.00
2015.01.19 15:05:32.764,1.84478,1.84499,1.00,1.00
2015.01.19 15:05:33.067,1.8449,1.845,1.00,1.00
2015.01.19 15:05:33.118,1.84495,1.84509,1.00,1.00
2015.01.19 15:05:33.219,1.84497,1.84516,1.00,1.50
2015.01.19 15:05:33.332,1.84502,1.84523,1.00,1.00
2015.01.19 15:05:34.979,1.84499,1.84516,1.00,1.00
2015.01.19 15:05:35.030,1.84495,1.84516,1.00,1.00
2015.01.19 15:05:35.131,1.84498,1.84516,1.00,1.00
2015.01.19 15:05:35.182,1.84499,1.84518,1.00,1.00
2015.01.19 15:05:36.845,1.84495,1.84516,1.00,1.00
2015.01.19 15:05:41.242,1.84491,1.84512,1.00,1.00
2015.01.19 15:05:41.712,1.8449,1.84509,1.00,1.00
2015.01.19 15:05:42.229,1.84487,1.84506,1.00,1.00
2015.01.19 15:05:42.883,1.84487,1.84506,1.37,1.00
2015.01.19 15:05:43.348,1.84489,1.84508,1.50,1.00
2015.01.19 15:05:43.901,1.84489,1.84508,1.87,1.00
2015.01.19 15:05:44.698,1.84489,1.84508,1.87,1.00
2015.01.19 15:05:45.222,1.8449,1.84508,1.12,1.00
2015.01.19 15:05:45.688,1.8449,1.84508,1.37,1.00
2015.01.19 15:05:45.789,1.84491,1.84512,1.37,1.00
2015.01.19 15:05:46.603,1.84492,1.84512,1.37,1.00
2015.01.19 15:05:46.816,1.84494,1.84515,1.00,1.00
2015.01.19 15:05:46.968,1.84498,1.84517,1.00,1.00
2015.01.19 15:05:47.322,1.845,1.84519,1.00,1.00
2015.01.19 15:05:49.736,1.84502,1.84523,1.50,1.00
2015.01.19 15:05:50.709,1.84505,1.84526,1.00,1.00
2015.01.19 15:05:51.239,1.84509,1.84528,1.00,1.00
2015.01.19 15:05:51.594,1.84505,1.84526,1.00,1.00
2015.01.19 15:05:53.018,1.84502,1.84523,1.00,1.00
2015.01.19 15:05:54.003,1.845,1.84519,1.00,1.00
2015.01.19 15:05:58.415,1.84495,1.84516,1.00,1.00
2015.01.19 15:05:59.085,1.84494,1.84513,1.00,1.00
2015.01.19 15:06:00.055,1.84492,1.84511,1.00,1.00
2015.01.19 15:06:00.821,1.84489,1.84508,1.00,1.00
2015.01.19 15:06:01.680,1.84489,1.84506,1.00,1.00
2015.01.19 15:06:01.731,1.84483,1.84504,1.00,1.00
2015.01.19 15:06:02.238,1.84484,1.84505,1.00,1.00
2015.01.19 15:06:07.876,1.84482,1.84501,1.00,1.00
2015.01.19 15:06:08.750,1.8448,1.84499,1.00,1.00
2015.01.19 15:06:09.724,1.84481,1.84502,1.00,1.00
2015.01.19 15:06:09.877,1.84484,1.84505,1.00,1.00
2015.01.19 15:06:13.835,1.84489,1.8451,1.00,1.00
2015.01.19 15:06:17.974,1.84487,1.84506,1.00,1.00
2015.01.19 15:06:18.126,1.84481,1.84502,1.00,1.00
2015.01.19 15:06:18.529,1.8448,1.84499,1.00,1.00
2015.01.19 15:06:19.165,1.8448,1.84499,1.00,1.37
2015.01.19 15:06:19.417,1.84477,1.84496,1.00,1.00
2015.01.19 15:06:19.518,1.84474,1.84493,1.00,1.00
2015.01.19 15:06:20.861,1.8447,1.84491,1.00,1.00
2015.01.19 15:06:21.114,1.8447,1.84491,1.00,1.37
2015.01.19 15:06:21.423,1.84468,1.84487,1.00,1.00
2015.01.19 15:06:23.397,1.8447,1.84491,1.00,1.00
2015.01.19 15:06:23.831,1.84473,1.84492,1.00,1.00
2015.01.19 15:06:23.932,1.84475,1.84496,1.00,1.00
2015.01.19 15:06:25.492,1.84477,1.84498,1.00,1.00
2015.01.19 15:06:28.649,1.84481,1.845,1.00,1.00
2015.01.19 15:06:32.647,1.84482,1.845,1.00,1.00
2015.01.19 15:06:33.215,1.84481,1.845,1.00,1.00
2015.01.19 15:06:40.673,1.84484,1.84503,1.00,1.00
2015.01.19 15:06:51.226,1.84481,1.845,1.00,1.00
2015.01.19 15:06:57.356,1.84481,1.84498,1.00,1.00
2015.01.19 15:06:57.508,1.84476,1.84495,1.00,1.00
2015.01.19 15:06:57.609,1.84473,1.84492,1.00,1.00
2015.01.19 15:07:03.622,1.84475,1.84494,1.00,1.00
2015.01.19 15:07:03.886,1.84471,1.84492,1.00,1.00
2015.01.19 15:07:17.423,1.84471,1.84492,1.37,1.00
2015.01.19 15:07:17.525,1.84479,1.84498,1.37,1.00
2015.01.19 15:07:17.626,1.84486,1.84505,1.00,1.00
2015.01.19 15:07:17.728,1.84488,1.84507,1.00,1.00
2015.01.19 15:07:17.829,1.8449,1.84511,1.00,1.00
2015.01.19 15:07:24.424,1.84488,1.84507,1.00,1.00
2015.01.19 15:07:27.533,1.84489,1.8451,1.00,1.00
2015.01.19 15:07:27.634,1.84493,1.84512,1.00,1.00
2015.01.19 15:07:30.726,1.84495,1.84514,1.00,1.00
2015.01.19 15:07:39.962,1.84492,1.84513,1.50,1.00
2015.01.19 15:07:45.893,1.84492,1.84513,1.87,1.00
2015.01.19 15:07:46.096,1.84508,1.84529,1.00,1.00
2015.01.19 15:07:46.198,1.84511,1.8453,1.00,1.00
2015.01.19 15:07:47.959,1.84511,1.8453,1.37,1.00
2015.01.19 15:07:48.270,1.84528,1.8454,1.12,1.00
2015.01.19 15:07:48.321,1.84531,1.84549,1.00,1.00
2015.01.19 15:07:48.423,1.84532,1.84553,1.00,1.00
2015.01.19 15:07:48.626,1.84533,1.8456,1.00,1.00
2015.01.19 15:07:48.676,1.84536,1.8456,1.00,1.00
2015.01.19 15:07:49.385,1.84536,1.84563,1.00,1.00
2015.01.19 15:07:49.801,1.84541,1.84563,1.00,1.00
2015.01.19 15:07:50.123,1.84524,1.84549,1.00,1.37
2015.01.19 15:07:50.177,1.84518,1.84549,1.00,1.37
2015.01.19 15:07:50.228,1.84518,1.84549,1.00,1.47
2015.01.19 15:07:50.329,1.84516,1.84548,1.50,1.87
2015.01.19 15:07:50.833,1.84517,1.84548,1.00,1.37
2015.01.19 15:07:51.138,1.84515,1.84548,1.00,1.37
2015.01.19 15:07:52.299,1.84516,1.84548,1.00,1.37
2015.01.19 15:07:52.818,1.84515,1.84548,1.00,1.37
2015.01.19 15:07:53.144,1.84512,1.84543,1.00,1.37
2015.01.19 15:07:53.479,1.84512,1.84543,1.00,1.37
2015.01.19 15:07:54.010,1.84512,1.84543,1.00,1.37
2015.01.19 15:07:54.516,1.84512,1.8454,1.00,1.00
2015.01.19 15:07:55.345,1.84515,1.8454,1.00,1.00
2015.01.19 15:07:55.446,1.84515,1.84543,1.00,1.00
2015.01.19 15:07:55.497,1.84519,1.84543,1.00,1.00
2015.01.19 15:07:55.598,1.84516,1.84543,1.00,1.00
2015.01.19 15:07:55.699,1.84514,1.84543,1.00,1.00
2015.01.19 15:07:55.901,1.84512,1.84543,1.00,1.00
2015.01.19 15:07:56.002,1.84512,1.8454,1.00,1.00
2015.01.19 15:07:56.053,1.8451,1.8454,1.00,1.00
2015.01.19 15:07:56.154,1.84514,1.8454,1.00,1.00
2015.01.19 15:07:56.457,1.84516,1.8454,1.00,1.00
2015.01.19 15:07:56.558,1.84513,1.8454,1.00,1.00
2015.01.19 15:07:57.874,1.84514,1.8454,1.00,1.12
2015.01.19 15:08:00.560,1.84515,1.8454,1.00,1.12
2015.01.19 15:08:01.517,1.84513,1.8454,1.00,1.12
2015.01.19 15:08:03.338,1.84513,1.8454,1.00,1.87
2015.01.19 15:08:03.389,1.84511,1.84539,1.00,1.12
2015.01.19 15:08:03.490,1.84509,1.84538,1.00,1.00
2015.01.19 15:08:03.847,1.84512,1.8454,1.00,1.37
2015.01.19 15:08:04.150,1.84512,1.84536,1.00,1.00
2015.01.19 15:08:04.325,1.84512,1.84538,1.00,1.00
2015.01.19 15:08:04.477,1.84512,1.8454,1.00,1.50
2015.01.19 15:08:04.584,1.84512,1.84537,1.00,1.00
2015.01.19 15:08:04.842,1.8451,1.84537,1.00,1.00
2015.01.19 15:08:12.615,1.8451,1.84533,1.00,1.00
2015.01.19 15:08:15.143,1.8452,1.84533,1.00,1.00
2015.01.19 15:08:15.244,1.8452,1.84537,1.00,1.00
2015.01.19 15:08:15.295,1.8452,1.84537,1.50,1.00
2015.01.19 15:08:15.346,1.84525,1.84552,1.12,1.65
2015.01.19 15:08:15.396,1.84527,1.84552,1.00,1.17
2015.01.19 15:08:15.699,1.84531,1.84553,1.00,1.00
2015.01.19 15:08:15.800,1.84531,1.84557,1.87,1.00
2015.01.19 15:08:16.003,1.84536,1.8456,1.00,1.00
2015.01.19 15:08:16.357,1.84531,1.84565,1.37,1.00
2015.01.19 15:08:16.710,1.84531,1.84565,1.00,1.37
2015.01.19 15:08:17.013,1.8453,1.84561,1.00,1.00
2015.01.19 15:08:17.368,1.84533,1.84559,1.00,1.00
2015.01.19 15:08:17.570,1.8454,1.84568,1.00,1.00
2015.01.19 15:08:17.721,1.84543,1.84568,1.00,1.00
2015.01.19 15:08:17.873,1.84547,1.84573,1.00,1.00
2015.01.19 15:08:18.025,1.84541,1.84573,1.00,1.00
2015.01.19 15:08:18.076,1.84541,1.8457,1.00,1.00
2015.01.19 15:08:18.378,1.84545,1.8457,1.00,1.00
2015.01.19 15:08:19.893,1.84545,1.8457,1.37,1.00
2015.01.19 15:08:19.944,1.84547,1.84579,1.37,1.00
2015.01.19 15:08:19.994,1.84558,1.84579,1.00,1.00
2015.01.19 15:08:20.096,1.84558,1.84586,1.00,1.00
2015.01.19 15:08:20.448,1.84564,1.84586,1.00,1.00
2015.01.19 15:08:20.650,1.84561,1.84586,1.00,1.00
2015.01.19 15:08:22.436,1.84555,1.84586,1.00,1.00
2015.01.19 15:08:22.538,1.84559,1.84586,1.00,1.00
2015.01.19 15:08:22.740,1.84555,1.84585,1.00,1.37
2015.01.19 15:08:23.263,1.84555,1.84583,1.00,1.12
2015.01.19 15:08:23.364,1.84555,1.84581,1.00,1.00
2015.01.19 15:08:23.516,1.84552,1.84582,1.00,1.37
2015.01.19 15:08:23.617,1.84552,1.8458,1.00,1.37
2015.01.19 15:08:23.770,1.84546,1.84573,1.00,1.00
2015.01.19 15:08:23.871,1.84541,1.84573,1.00,1.00
2015.01.19 15:08:25.710,1.84541,1.84572,1.00,1.00
2015.01.19 15:08:26.021,1.84542,1.84572,1.00,1.37
2015.01.19 15:08:26.122,1.84543,1.84575,1.00,1.55
2015.01.19 15:08:26.224,1.84543,1.84575,1.00,1.12
2015.01.19 15:08:26.376,1.84546,1.84575,1.00,1.12
2015.01.19 15:08:26.679,1.84548,1.84581,1.00,1.00
2015.01.19 15:08:26.931,1.84552,1.84582,1.00,1.12
2015.01.19 15:08:27.234,1.84552,1.84582,1.00,1.37
2015.01.19 15:08:27.541,1.84552,1.84582,1.00,1.00
2015.01.19 15:08:27.642,1.84552,1.84584,1.00,1.00
2015.01.19 15:08:27.844,1.84552,1.84585,1.00,1.47
2015.01.19 15:08:29.245,1.84552,1.84585,1.00,1.47
2015.01.19 15:08:30.214,1.84552,1.84585,1.00,1.47
2015.01.19 15:08:30.265,1.8455,1.84582,1.00,1.00
2015.01.19 15:08:30.366,1.84553,1.84582,1.00,1.00
2015.01.19 15:08:30.945,1.84552,1.84583,1.00,1.12
2015.01.19 15:08:31.487,1.84552,1.84581,1.00,1.00
2015.01.19 15:08:32.065,1.84552,1.84579,1.00,1.00
2015.01.19 15:08:32.580,1.84552,1.8458,1.00,1.00
2015.01.19 15:08:33.492,1.84552,1.84583,1.00,1.12
2015.01.19 15:08:35.340,1.84552,1.84585,1.00,1.47
2015.01.19 15:08:35.856,1.84552,1.84583,1.00,1.00
2015.01.19 15:08:36.256,1.84552,1.84586,1.00,1.55
2015.01.19 15:08:37.178,1.84554,1.84587,1.00,1.52
2015.01.19 15:08:37.484,1.84554,1.84583,1.00,1.00
2015.01.19 15:08:37.635,1.84554,1.84586,1.00,1.55
2015.01.19 15:08:37.737,1.84554,1.84583,1.00,1.00
2015.01.19 15:08:38.090,1.84554,1.84585,1.00,1.10
2015.01.19 15:08:38.511,1.84558,1.84586,1.00,1.17
2015.01.19 15:08:38.721,1.84559,1.84588,1.00,1.37
2015.01.19 15:08:39.130,1.84557,1.84588,1.00,1.37
2015.01.19 15:08:39.667,1.84557,1.84589,1.00,1.37
2015.01.19 15:08:42.448,1.84555,1.84583,1.00,1.00
2015.01.19 15:08:42.549,1.84556,1.84585,1.00,1.00
2015.01.19 15:08:42.752,1.84555,1.84583,1.00,1.00
2015.01.19 15:08:43.632,1.84553,1.84583,1.00,1.12
2015.01.19 15:08:43.834,1.84553,1.84577,1.00,1.00
2015.01.19 15:08:43.885,1.84551,1.84577,1.00,1.00
2015.01.19 15:08:45.458,1.84551,1.8458,1.00,1.00
2015.01.19 15:08:45.967,1.84552,1.8458,1.00,1.00
2015.01.19 15:08:46.069,1.84555,1.8458,1.00,1.00
2015.01.19 15:08:49.020,1.84555,1.84577,1.00,1.00
2015.01.19 15:08:49.832,1.84554,1.84577,1.00,1.50
2015.01.19 15:08:53.266,1.84554,1.84575,1.00,1.00
2015.01.19 15:08:53.376,1.84554,1.84577,1.00,1.00
2015.01.19 15:08:53.578,1.84556,1.84577,1.00,1.00
2015.01.19 15:08:53.875,1.84554,1.84577,1.00,1.00
2015.01.19 15:08:54.077,1.84554,1.84575,1.00,1.00
2015.01.19 15:08:54.127,1.84552,1.84575,1.00,1.00
2015.01.19 15:08:54.665,1.84553,1.84575,1.00,1.00
2015.01.19 15:08:54.867,1.84556,1.84575,1.00,1.00
2015.01.19 15:08:57.006,1.84556,1.84579,1.00,1.00
2015.01.19 15:08:57.924,1.84556,1.84575,1.00,1.00
2015.01.19 15:09:00.264,1.84551,1.84575,1.00,1.00
2015.01.19 15:09:00.567,1.84551,1.84572,1.00,1.00
2015.01.19 15:09:01.886,1.84551,1.84575,1.00,1.00
2015.01.19 15:09:02.412,1.84552,1.84575,1.00,1.00
2015.01.19 15:09:02.667,1.84557,1.84577,1.00,1.00
2015.01.19 15:09:02.769,1.84557,1.8458,1.00,1.00
2015.01.19 15:09:02.821,1.8456,1.8458,1.00,1.00
2015.01.19 15:09:02.923,1.84558,1.8458,1.00,1.00
2015.01.19 15:09:03.034,1.8456,1.8458,1.00,1.00
2015.01.19 15:09:03.186,1.8456,1.84582,1.00,1.00
2015.01.19 15:09:03.592,1.84562,1.84582,1.00,1.00
2015.01.19 15:09:03.744,1.84561,1.84585,1.37,1.00
2015.01.19 15:09:03.845,1.84561,1.84585,1.50,1.00
2015.01.19 15:09:04.382,1.84557,1.84584,1.50,1.00
2015.01.19 15:09:04.534,1.84557,1.84581,1.00,1.00
2015.01.19 15:09:04.868,1.84557,1.84578,1.00,1.00
2015.01.19 15:09:05.897,1.84555,1.84578,1.00,1.00
2015.01.19 15:09:06.466,1.84555,1.84576,1.00,1.00
2015.01.19 15:09:06.979,1.84551,1.84576,1.00,1.00
2015.01.19 15:09:07.029,1.8455,1.8457,1.00,1.00
2015.01.19 15:09:07.334,1.84548,1.84566,1.00,1.00
2015.01.19 15:09:07.536,1.84545,1.84564,1.00,1.00
2015.01.19 15:09:08.175,1.84547,1.84564,1.00,1.00
2015.01.19 15:09:08.713,1.84546,1.84564,1.00,1.00
2015.01.19 15:09:10.062,1.84544,1.84564,1.00,1.00
2015.01.19 15:09:10.214,1.84544,1.84559,1.00,1.00
2015.01.19 15:09:11.702,1.84547,1.84559,1.00,1.00
2015.01.19 15:09:12.914,1.84545,1.84559,1.00,1.00
2015.01.19 15:09:13.368,1.84543,1.84559,1.00,1.00
2015.01.19 15:09:17.376,1.84543,1.84561,1.00,1.00
2015.01.19 15:09:18.066,1.84542,1.84561,1.50,1.00
2015.01.19 15:09:18.168,1.84542,1.84558,1.00,1.00
2015.01.19 15:09:18.319,1.84534,1.84551,1.00,1.00
2015.01.19 15:09:18.370,1.84534,1.84549,1.00,1.00
2015.01.19 15:09:18.522,1.84524,1.8454,1.00,1.00
2015.01.19 15:09:18.573,1.84524,1.84538,1.00,1.00
2015.01.19 15:09:18.624,1.84519,1.84538,1.50,1.00
2015.01.19 15:09:21.390,1.84523,1.84538,1.00,1.00
2015.01.19 15:09:21.441,1.84523,1.84541,1.00,1.00
2015.01.19 15:09:21.492,1.84523,1.84541,1.37,1.00
2015.01.19 15:09:21.795,1.84527,1.84546,1.12,1.00
2015.01.19 15:09:22.301,1.84528,1.84546,1.00,1.00
2015.01.19 15:09:22.903,1.8453,1.84546,1.00,1.00
2015.01.19 15:09:23.206,1.84533,1.84553,1.12,1.00
2015.01.19 15:09:23.258,1.84537,1.84553,1.00,1.00
2015.01.19 15:09:23.561,1.8454,1.84558,1.00,1.00
2015.01.19 15:09:23.915,1.84542,1.84558,1.00,1.00
2015.01.19 15:09:27.893,1.84543,1.84558,1.00,1.00
2015.01.19 15:09:28.471,1.84543,1.8456,1.00,1.00
2015.01.19 15:09:28.976,1.84544,1.8456,1.00,1.00
2015.01.19 15:09:36.446,1.84544,1.8456,1.37,1.00
2015.01.19 15:09:36.498,1.84545,1.84563,1.12,1.00
2015.01.19 15:09:36.548,1.84553,1.84563,1.00,1.00
2015.01.19 15:09:36.902,1.84555,1.84565,1.00,1.00
2015.01.19 15:09:36.953,1.84555,1.84573,1.00,1.00
2015.01.19 15:09:37.004,1.84557,1.84573,1.00,1.00
2015.01.19 15:09:37.327,1.8456,1.84574,1.00,1.00
2015.01.19 15:09:37.377,1.8456,1.84577,1.00,1.00
2015.01.19 15:09:37.681,1.84558,1.84577,1.00,1.00
2015.01.19 15:09:37.732,1.84559,1.8458,1.00,1.00
2015.01.19 15:09:39.425,1.84562,1.8458,1.00,1.00
2015.01.19 15:09:40.769,1.84563,1.8458,1.00,1.00
2015.01.19 15:09:41.021,1.84564,1.84583,1.37,1.00
2015.01.19 15:09:41.123,1.84566,1.84585,1.00,1.00
2015.01.19 15:09:41.274,1.8456,1.84579,1.00,1.00
2015.01.19 15:09:41.591,1.84556,1.84575,1.00,1.00
2015.01.19 15:09:41.642,1.84556,1.84577,1.00,1.00
2015.01.19 15:09:41.897,1.84553,1.84574,1.00,1.00
2015.01.19 15:09:42.200,1.84552,1.84571,1.00,1.00
2015.01.19 15:09:42.554,1.84549,1.84568,1.00,1.00
2015.01.19 15:09:43.024,1.84543,1.84562,1.00,1.00
2015.01.19 15:09:43.125,1.84539,1.8456,1.50,1.00
2015.01.19 15:09:43.226,1.84539,1.84553,1.00,1.00
2015.01.19 15:09:43.278,1.84534,1.84553,1.00,1.00
2015.01.19 15:09:43.329,1.84531,1.8455,1.00,1.00
2015.01.19 15:09:44.892,1.84528,1.84547,1.00,1.00
2015.01.19 15:09:51.541,1.84534,1.84547,1.00,1.00
2015.01.19 15:09:51.642,1.84528,1.84547,1.50,1.00
2015.01.19 15:09:52.198,1.8453,1.84547,1.00,1.00
2015.01.19 15:09:52.400,1.84531,1.84551,1.00,1.00
2015.01.19 15:09:52.919,1.8453,1.84551,1.00,1.00
2015.01.19 15:09:54.187,1.8453,1.84551,2.25,1.00
2015.01.19 15:09:54.237,1.84537,1.84556,1.00,1.00
2015.01.19 15:09:54.339,1.8454,1.84559,1.00,1.00
2015.01.19 15:09:54.642,1.84546,1.84559,1.00,1.00
2015.01.19 15:09:55.009,1.84546,1.84563,1.00,1.00
2015.01.19 15:09:55.681,1.84549,1.84563,1.00,1.00
2015.01.19 15:09:55.833,1.84545,1.84563,1.00,1.00
2015.01.19 15:09:56.136,1.8455,1.84563,1.00,1.00
2015.01.19 15:09:56.439,1.84552,1.84563,1.00,1.00
2015.01.19 15:09:58.854,1.84552,1.84571,1.00,1.00
2015.01.19 15:10:00.087,1.84556,1.84571,1.00,1.00
2015.01.19 15:10:00.189,1.84556,1.84575,1.00,1.00
2015.01.19 15:10:00.239,1.84564,1.84575,1.00,1.00
2015.01.19 15:10:00.291,1.84564,1.84578,1.00,1.00
2015.01.19 15:10:00.442,1.84559,1.84578,1.00,1.00
2015.01.19 15:10:00.645,1.84567,1.84578,1.00,1.00
2015.01.19 15:10:00.746,1.84559,1.84578,1.00,1.00
2015.01.19 15:10:00.998,1.84566,1.84578,1.00,1.00
2015.01.19 15:10:01.100,1.84561,1.84578,1.00,1.00
2015.01.19 15:10:01.201,1.84564,1.84578,1.00,1.00
2015.01.19 15:10:01.251,1.84564,1.84582,1.00,1.00
2015.01.19 15:10:01.404,1.84566,1.84582,1.00,1.00
2015.01.19 15:10:01.908,1.84566,1.84584,1.00,1.00
2015.01.19 15:10:01.959,1.84568,1.84584,1.00,1.00
2015.01.19 15:10:03.044,1.84568,1.84587,1.00,1.00
2015.01.19 15:10:03.146,1.84568,1.84592,1.00,1.12
2015.01.19 15:10:03.265,1.84568,1.84585,1.00,1.00
2015.01.19 15:10:03.316,1.84564,1.84585,1.00,1.00
2015.01.19 15:10:03.829,1.8456,1.84585,1.00,1.00
2015.01.19 15:10:04.283,1.84564,1.84585,1.00,1.00
2015.01.19 15:10:04.334,1.84564,1.84588,1.00,1.00
2015.01.19 15:10:04.385,1.84569,1.84588,1.00,1.00
2015.01.19 15:10:04.486,1.8457,1.84593,1.00,1.00
2015.01.19 15:10:04.594,1.84575,1.84593,1.00,1.00
2015.01.19 15:10:05.100,1.84576,1.84593,1.00,1.00
2015.01.19 15:10:05.151,1.84574,1.84593,1.00,1.00
2015.01.19 15:10:05.302,1.84572,1.84593,1.00,1.00
2015.01.19 15:10:06.484,1.84573,1.84593,1.00,1.00
2015.01.19 15:10:06.593,1.8458,1.84593,1.00,1.00
2015.01.19 15:10:06.644,1.8458,1.84599,1.00,1.00
2015.01.19 15:10:06.898,1.8458,1.84601,1.00,1.00
2015.01.19 15:10:07.000,1.8458,1.84606,1.00,1.00
2015.01.19 15:10:07.154,1.84582,1.84606,1.00,1.00
2015.01.19 15:10:07.458,1.84589,1.84608,1.00,1.00
2015.01.19 15:10:07.559,1.84589,1.84611,1.00,1.00
2015.01.19 15:10:07.610,1.84594,1.84611,1.00,1.00
2015.01.19 15:10:07.661,1.84594,1.84614,1.00,1.00
2015.01.19 15:10:07.711,1.84597,1.84614,1.00,1.00
2015.01.19 15:10:07.763,1.84597,1.84616,1.00,1.00
2015.01.19 15:10:08.275,1.84598,1.84616,1.00,1.00
2015.01.19 15:10:08.426,1.84599,1.84622,1.00,1.00
2015.01.19 15:10:09.005,1.84598,1.84622,1.00,1.00
2015.01.19 15:10:09.107,1.84598,1.84629,1.00,1.37
2015.01.19 15:10:09.687,1.84598,1.84629,1.00,1.00
2015.01.19 15:10:09.789,1.84602,1.84632,1.00,1.37
2015.01.19 15:10:10.091,1.84605,1.84636,1.00,1.50
2015.01.19 15:10:10.356,1.84604,1.84636,1.00,1.37
2015.01.19 15:10:10.457,1.84609,1.84639,1.00,1.75
2015.01.19 15:10:10.795,1.84614,1.84641,1.00,2.25
2015.01.19 15:10:10.897,1.84612,1.84644,1.00,1.75
2015.01.19 15:10:10.998,1.84615,1.84643,1.00,1.37
2015.01.19 15:10:11.099,1.84611,1.84645,1.00,1.47
2015.01.19 15:10:11.150,1.84611,1.84644,1.00,1.50
2015.01.19 15:10:11.656,1.84611,1.84642,1.00,1.37
2015.01.19 15:10:12.161,1.8461,1.84642,1.00,1.37
2015.01.19 15:10:12.702,1.84609,1.84639,1.00,1.37
2015.01.19 15:10:12.753,1.84607,1.84639,1.00,1.37
2015.01.19 15:10:13.235,1.84612,1.84643,1.00,1.75
2015.01.19 15:10:13.776,1.8461,1.84641,1.00,1.75
2015.01.19 15:10:13.978,1.84611,1.84642,1.00,1.37
2015.01.19 15:10:14.079,1.84609,1.84642,1.00,1.75
2015.01.19 15:10:14.382,1.84611,1.8464,1.00,1.75
2015.01.19 15:10:14.483,1.84611,1.8464,1.00,1.37
2015.01.19 15:10:14.887,1.84613,1.84639,1.00,1.37
2015.01.19 15:10:15.391,1.84613,1.84642,1.00,1.37
2015.01.19 15:10:16.202,1.84611,1.84642,1.00,1.50
2015.01.19 15:10:16.372,1.84611,1.84643,1.00,1.37
2015.01.19 15:10:16.423,1.84608,1.84643,1.00,1.37
2015.01.19 15:10:16.625,1.84611,1.84644,1.00,1.75
2015.01.19 15:10:17.497,1.84612,1.84646,1.00,1.82
2015.01.19 15:10:18.984,1.84612,1.84645,1.00,2.32
2015.01.19 15:10:19.494,1.84611,1.84644,1.00,3.00
2015.01.19 15:10:19.797,1.84612,1.84645,1.00,3.07
2015.01.19 15:10:20.343,1.84612,1.84644,1.00,1.75
2015.01.19 15:10:20.491,1.84612,1.84644,1.00,1.75
2015.01.19 15:10:20.592,1.84612,1.84642,1.00,1.37
2015.01.19 15:10:21.097,1.84612,1.8464,1.00,1.50
2015.01.19 15:10:21.147,1.8461,1.84639,1.00,1.37
2015.01.19 15:10:21.303,1.8461,1.84637,1.00,1.75
2015.01.19 15:10:21.354,1.84608,1.84637,1.00,1.75
2015.01.19 15:10:23.315,1.84604,1.84636,1.00,1.50
2015.01.19 15:10:23.416,1.84604,1.84631,1.00,1.37
2015.01.19 15:10:23.467,1.84601,1.84631,1.00,1.37
2015.01.19 15:10:23.518,1.84601,1.84626,1.00,1.37
2015.01.19 15:10:23.569,1.84599,1.84626,1.00,1.37
2015.01.19 15:10:23.821,1.84599,1.84631,1.00,1.50
2015.01.19 15:10:23.872,1.84601,1.84631,1.00,1.50
2015.01.19 15:10:24.175,1.84603,1.84635,1.00,2.25
2015.01.19 15:10:24.226,1.84606,1.84635,1.00,1.50
2015.01.19 15:10:24.327,1.84608,1.84637,1.00,1.00
2015.01.19 15:10:24.859,1.84608,1.84639,1.00,1.10
2015.01.19 15:10:24.910,1.84608,1.84639,1.00,1.57
2015.01.19 15:10:25.222,1.8461,1.8464,1.00,1.92
2015.01.19 15:10:25.937,1.8461,1.8464,1.00,1.55
2015.01.19 15:10:26.089,1.84606,1.84643,1.00,2.70
2015.01.19 15:10:26.139,1.84606,1.84643,1.00,3.00
2015.01.19 15:10:27.932,1.84604,1.84637,1.00,1.37
2015.01.19 15:10:29.141,1.84607,1.84637,1.00,1.37
2015.01.19 15:10:31.267,1.84605,1.84638,1.00,1.37
2015.01.19 15:10:31.721,1.84607,1.84636,1.00,1.37
2015.01.19 15:10:33.033,1.84604,1.84634,1.00,1.37
2015.01.19 15:10:33.135,1.84606,1.84633,1.00,1.00
2015.01.19 15:10:33.361,1.84602,1.84633,1.00,1.37
2015.01.19 15:10:33.412,1.84602,1.84638,1.00,1.50
2015.01.19 15:10:33.463,1.84604,1.84638,1.00,1.50
2015.01.19 15:10:33.968,1.84605,1.84635,1.00,1.37
2015.01.19 15:10:34.952,1.84605,1.84638,1.00,2.25
2015.01.19 15:10:35.002,1.84602,1.84638,1.00,2.25
2015.01.19 15:10:35.104,1.84596,1.84635,1.12,1.37
2015.01.19 15:10:35.155,1.84596,1.84635,1.00,2.25
2015.01.19 15:10:35.307,1.84593,1.84631,1.37,1.37
2015.01.19 15:10:35.560,1.84594,1.84633,1.00,1.87
2015.01.19 15:10:35.762,1.84594,1.84633,1.00,2.25
2015.01.19 15:10:36.119,1.84591,1.84627,1.00,1.75
2015.01.19 15:10:36.663,1.84588,1.84627,1.00,3.00
2015.01.19 15:10:37.243,1.84588,1.84625,1.00,1.75
2015.01.19 15:10:37.395,1.84586,1.84625,1.00,1.87
2015.01.19 15:10:37.748,1.84584,1.84618,1.00,1.37
2015.01.19 15:10:37.799,1.84581,1.84615,1.50,1.00
2015.01.19 15:10:38.349,1.84581,1.84615,1.50,1.37
2015.01.19 15:10:38.710,1.84581,1.8461,1.00,1.00
2015.01.19 15:10:40.146,1.84585,1.8461,1.00,1.00
2015.01.19 15:10:40.499,1.84581,1.8461,1.00,1.00
2015.01.19 15:10:41.205,1.84581,1.84608,1.00,1.00
2015.01.19 15:10:41.256,1.84575,1.84608,1.00,1.00
2015.01.19 15:10:41.660,1.84572,1.84602,1.00,1.00
2015.01.19 15:10:42.194,1.84571,1.84602,1.00,1.00
2015.01.19 15:10:42.638,1.84571,1.84602,1.37,1.00
2015.01.19 15:10:42.739,1.84578,1.84612,1.50,1.00
2015.01.19 15:10:42.941,1.84587,1.84612,1.00,1.00
2015.01.19 15:10:43.196,1.84587,1.84614,1.00,1.00
2015.01.19 15:10:44.888,1.84585,1.84614,1.00,1.00
2015.01.19 15:10:44.990,1.84583,1.84614,1.00,1.00
2015.01.19 15:10:45.192,1.84584,1.8461,1.00,1.00
2015.01.19 15:10:45.344,1.84581,1.8461,1.00,1.00
2015.01.19 15:10:46.101,1.84583,1.8461,1.00,1.00
2015.01.19 15:10:46.605,1.84583,1.84609,1.00,1.00
2015.01.19 15:10:47.497,1.8458,1.84606,1.00,1.00
2015.01.19 15:10:47.800,1.84577,1.84602,1.00,1.00
2015.01.19 15:10:47.952,1.84573,1.84599,1.00,1.00
2015.01.19 15:10:49.338,1.84577,1.84601,1.00,1.00
2015.01.19 15:11:01.567,1.84573,1.846,1.00,1.00
2015.01.19 15:11:03.776,1.84569,1.84595,1.00,1.00
2015.01.19 15:11:07.533,1.84566,1.84593,1.00,1.00
2015.01.19 15:11:07.835,1.84563,1.8459,1.00,1.00
2015.01.19 15:11:08.171,1.84561,1.84586,1.00,1.00
2015.01.19 15:11:10.718,1.84557,1.84583,1.00,1.00
2015.01.19 15:11:13.576,1.84554,1.84581,1.00,1.00
2015.01.19 15:11:15.557,1.84552,1.84577,1.00,1.00
2015.01.19 15:11:18.158,1.84548,1.84575,1.37,1.00
2015.01.19 15:11:18.961,1.84548,1.84575,1.00,1.00
2015.01.19 15:11:21.750,1.84548,1.84575,1.37,1.00
2015.01.19 15:11:22.275,1.84548,1.84575,1.37,1.00
2015.01.19 15:11:22.979,1.84549,1.84575,1.75,1.00
2015.01.19 15:11:23.030,1.84554,1.84581,1.37,1.00
2015.01.19 15:11:23.485,1.8456,1.84586,1.12,1.00
2015.01.19 15:11:30.602,1.8456,1.84586,1.37,1.00
2015.01.19 15:11:31.917,1.84563,1.84589,1.00,1.00
2015.01.19 15:11:48.793,1.84563,1.84589,1.37,1.00
2015.01.19 15:11:49.194,1.84563,1.84589,1.00,1.00
2015.01.19 15:11:51.863,1.84563,1.84584,1.00,1.00
2015.01.19 15:11:53.042,1.84561,1.8458,1.00,1.00
2015.01.19 15:12:04.617,1.84564,1.84583,1.00,1.00
2015.01.19 15:12:20.406,1.84566,1.84583,1.00,1.00
2015.01.19 15:12:20.659,1.84579,1.84598,1.00,1.12
2015.01.19 15:12:20.710,1.84579,1.8459,1.00,1.00
2015.01.19 15:12:20.760,1.84575,1.8459,1.00,1.00
2015.01.19 15:12:20.862,1.84563,1.84584,1.00,1.00
2015.01.19 15:12:21.013,1.84566,1.84587,1.00,1.00
2015.01.19 15:12:21.316,1.84564,1.84583,1.00,1.00
2015.01.19 15:12:21.630,1.84559,1.84578,1.00,1.00
2015.01.19 15:12:30.543,1.84562,1.84581,1.00,1.00
2015.01.19 15:12:31.462,1.84562,1.84581,1.37,1.00
2015.01.19 15:12:31.769,1.84565,1.84581,1.00,1.00
2015.01.19 15:12:31.870,1.84566,1.84587,1.37,1.00
2015.01.19 15:12:31.972,1.84569,1.8459,1.00,1.00
2015.01.19 15:12:32.073,1.84569,1.8459,1.37,1.00
2015.01.19 15:12:32.224,1.84572,1.84593,1.12,1.00
2015.01.19 15:13:07.701,1.84574,1.84593,1.37,1.00
2015.01.19 15:13:07.802,1.84573,1.84593,1.00,1.00
2015.01.19 15:13:07.853,1.84578,1.84599,1.00,1.00
2015.01.19 15:13:07.954,1.84581,1.84602,1.00,1.00
2015.01.19 15:13:08.408,1.84579,1.84598,1.00,1.00
2015.01.19 15:13:12.835,1.8458,1.84598,1.00,1.00
2015.01.19 15:13:12.936,1.8458,1.84601,1.87,1.00
2015.01.19 15:13:13.189,1.84582,1.84601,1.00,1.00
2015.01.19 15:13:13.492,1.84585,1.84604,1.00,1.00
2015.01.19 15:13:15.143,1.84587,1.84606,1.00,1.00
2015.01.19 15:13:15.647,1.84588,1.84606,1.00,1.00
2015.01.19 15:13:16.168,1.84587,1.84606,1.50,1.00
2015.01.19 15:13:16.471,1.84589,1.84606,1.00,1.00
2015.01.19 15:13:18.212,1.84588,1.84606,1.00,1.00
2015.01.19 15:13:18.529,1.8459,1.84606,1.00,1.00
2015.01.19 15:13:18.630,1.8459,1.84611,1.00,1.00
2015.01.19 15:13:27.864,1.8459,1.84611,1.37,1.00
2015.01.19 15:13:28.369,1.84593,1.84612,1.12,1.00
2015.01.19 15:13:30.678,1.84594,1.84612,1.37,1.00
2015.01.19 15:13:31.959,1.84597,1.84612,1.00,1.00
2015.01.19 15:13:33.616,1.84594,1.84612,1.00,1.00
2015.01.19 15:13:34.464,1.84595,1.84616,1.00,1.00
2015.01.19 15:13:36.333,1.84597,1.84618,1.00,1.00
2015.01.19 15:13:36.636,1.84601,1.8462,1.00,1.00
2015.01.19 15:13:45.274,1.84597,1.84618,1.00,1.00
2015.01.19 15:13:51.552,1.84593,1.84614,1.00,1.00
2015.01.19 15:13:51.855,1.84588,1.84607,1.00,1.00
2015.01.19 15:13:52.414,1.84584,1.84605,1.00,1.00
2015.01.19 15:14:01.037,1.84584,1.84605,1.37,1.00
2015.01.19 15:14:01.138,1.84584,1.84605,1.37,1.00
2015.01.19 15:14:01.953,1.84584,1.84605,1.37,1.00
2015.01.19 15:14:02.498,1.84584,1.84605,1.12,1.00
2015.01.19 15:14:02.750,1.84584,1.84605,1.37,1.00
2015.01.19 15:14:03.354,1.84584,1.84605,1.12,1.00
2015.01.19 15:14:03.556,1.84584,1.84605,1.37,1.00
2015.01.19 15:14:04.060,1.84584,1.84605,1.00,1.00
2015.01.19 15:14:17.953,1.8459,1.8461,1.00,1.00
2015.01.19 15:14:18.059,1.84595,1.84616,1.00,1.00
2015.01.19 15:14:18.161,1.84592,1.84613,1.00,1.00
2015.01.19 15:14:18.569,1.84596,1.84615,1.00,1.00
2015.01.19 15:14:18.872,1.84599,1.84615,1.00,1.00
2015.01.19 15:14:32.868,1.84599,1.84619,1.00,1.00
2015.01.19 15:14:36.341,1.84598,1.84619,1.87,1.00
2015.01.19 15:14:42.543,1.84601,1.8462,1.00,1.00
2015.01.19 15:14:47.258,1.84601,1.8462,1.37,1.00
2015.01.19 15:14:50.399,1.84601,1.8462,1.12,1.00
2015.01.19 15:15:02.190,1.84602,1.8462,1.12,1.00
2015.01.19 15:15:02.695,1.84603,1.84624,1.00,1.00
2015.01.19 15:15:09.984,1.84606,1.84627,1.00,1.00
2015.01.19 15:15:28.084,1.8461,1.84629,1.00,1.00
2015.01.19 15:15:41.852,1.84606,1.84625,1.00,1.00
2015.01.19 15:15:41.954,1.84602,1.84623,1.00,1.00
2015.01.19 15:15:42.106,1.84595,1.84616,1.00,1.00
2015.01.19 15:15:42.358,1.8457,1.84594,2.25,1.00
2015.01.19 15:15:42.459,1.84566,1.84594,1.00,1.00
2015.01.19 15:15:42.510,1.84566,1.84601,1.00,1.00
2015.01.19 15:15:42.561,1.84562,1.84601,1.37,1.00
2015.01.19 15:15:42.612,1.84562,1.846,1.00,1.00
2015.01.19 15:15:42.713,1.84562,1.84593,1.00,1.00
2015.01.19 15:15:42.764,1.84557,1.84593,1.00,1.00
2015.01.19 15:15:42.865,1.84555,1.84592,1.00,1.00
2015.01.19 15:15:43.017,1.84551,1.84592,1.12,1.00
2015.01.19 15:15:43.118,1.84554,1.84591,1.00,1.00
2015.01.19 15:15:43.422,1.84554,1.84589,1.00,1.00
2015.01.19 15:15:43.523,1.84554,1.84592,1.00,1.50
2015.01.19 15:15:43.625,1.8456,1.84579,1.00,1.00
2015.01.19 15:15:43.726,1.84557,1.84581,1.00,1.00
2015.01.19 15:15:43.828,1.84559,1.84584,1.00,1.00
2015.01.19 15:15:48.412,1.84559,1.84581,1.00,1.00
2015.01.19 15:15:48.463,1.84551,1.8458,1.00,1.37
2015.01.19 15:15:48.514,1.84548,1.84578,1.00,1.12
2015.01.19 15:15:48.564,1.84548,1.84578,1.00,1.37
2015.01.19 15:15:48.665,1.84542,1.84576,1.12,1.37
2015.01.19 15:15:49.189,1.84542,1.84576,1.00,1.37
2015.01.19 15:15:49.700,1.84542,1.84576,1.00,1.37
2015.01.19 15:15:50.326,1.84542,1.84576,1.12,1.37
2015.01.19 15:15:51.073,1.84542,1.84576,1.37,1.12
2015.01.19 15:15:51.585,1.84542,1.84576,1.37,1.00
2015.01.19 15:15:52.093,1.84546,1.84577,1.00,1.00
2015.01.19 15:15:52.607,1.84543,1.84576,1.37,1.00
2015.01.19 15:15:55.461,1.84543,1.84576,1.00,1.75
2015.01.19 15:15:55.512,1.84535,1.84563,1.00,1.37
2015.01.19 15:15:55.610,1.84535,1.84563,1.00,1.75
2015.01.19 15:15:55.661,1.84527,1.84554,1.00,1.00
2015.01.19 15:15:55.762,1.84527,1.84556,1.00,1.00
2015.01.19 15:15:55.813,1.84527,1.84559,1.50,1.00
2015.01.19 15:15:55.865,1.84533,1.84559,1.00,1.00
2015.01.19 15:15:55.916,1.84533,1.8457,1.00,1.20
2015.01.19 15:15:55.966,1.84537,1.8457,1.00,1.00
2015.01.19 15:15:56.017,1.84537,1.8458,1.00,1.37
2015.01.19 15:15:56.068,1.84543,1.84583,1.00,1.57
2015.01.19 15:15:56.270,1.84548,1.84586,1.00,1.00
2015.01.19 15:15:56.321,1.84546,1.84586,1.00,1.00
2015.01.19 15:15:56.473,1.8455,1.84587,1.00,1.00
2015.01.19 15:15:56.523,1.84551,1.8459,1.00,2.62
2015.01.19 15:15:56.625,1.84552,1.84591,1.00,1.50
2015.01.19 15:15:57.090,1.84548,1.84588,1.00,1.00
2015.01.19 15:15:58.549,1.84548,1.84588,1.37,1.75
2015.01.19 15:16:02.201,1.84548,1.84585,1.37,1.37
2015.01.19 15:16:07.203,1.84548,1.84588,1.50,1.87
2015.01.19 15:16:08.472,1.84548,1.84588,1.37,1.87
2015.01.19 15:16:10.099,1.84548,1.84588,1.50,1.87
2015.01.19 15:16:10.518,1.84548,1.84587,1.37,1.37
2015.01.19 15:16:10.569,1.84548,1.8458,1.37,1.00
2015.01.19 15:16:10.620,1.84545,1.8458,1.37,1.37
2015.01.19 15:16:10.721,1.84544,1.84579,1.37,1.37
2015.01.19 15:16:11.024,1.84549,1.84577,1.00,1.12
2015.01.19 15:16:11.225,1.84543,1.84575,1.00,1.00
2015.01.19 15:16:11.734,1.84543,1.84575,1.00,1.37
2015.01.19 15:16:13.219,1.84543,1.84575,1.00,1.12
2015.01.19 15:16:13.320,1.84543,1.84575,1.00,1.87
2015.01.19 15:16:13.623,1.84543,1.84571,1.00,1.37
2015.01.19 15:16:13.775,1.84539,1.84571,1.00,1.37
2015.01.19 15:16:14.027,1.84539,1.84569,1.00,1.37
2015.01.19 15:16:14.078,1.84533,1.84569,1.37,1.37
2015.01.19 15:16:20.240,1.84532,1.84563,1.00,1.87
2015.01.19 15:16:20.492,1.84529,1.84565,1.12,1.37
2015.01.19 15:16:25.849,1.84528,1.84566,1.37,1.37
2015.01.19 15:16:26.458,1.84532,1.84566,1.00,1.37
2015.01.19 15:16:27.199,1.84532,1.84569,1.00,1.50
2015.01.19 15:16:27.502,1.84532,1.84567,1.00,1.37
2015.01.19 15:16:27.856,1.84528,1.84566,1.37,1.37
2015.01.19 15:16:27.906,1.84528,1.84566,1.37,1.50
2015.01.19 15:16:28.415,1.84527,1.84563,1.37,1.37
2015.01.19 15:16:35.810,1.84528,1.84562,1.37,1.87
2015.01.19 15:16:35.963,1.84528,1.84562,1.12,1.12
2015.01.19 15:16:36.015,1.84531,1.84562,1.00,1.12
2015.01.19 15:16:36.319,1.84536,1.84568,1.75,1.00
2015.01.19 15:16:36.420,1.8454,1.84574,1.37,1.00
2015.01.19 15:16:36.471,1.84549,1.84574,1.00,1.00
2015.01.19 15:16:36.522,1.84549,1.84578,1.00,1.37
2015.01.19 15:16:36.734,1.84549,1.84578,1.00,1.00
2015.01.19 15:16:36.886,1.84553,1.84578,1.00,1.00
2015.01.19 15:16:36.987,1.84553,1.84581,1.00,1.00
2015.01.19 15:16:37.089,1.84553,1.84583,1.00,1.12
2015.01.19 15:16:38.850,1.8456,1.84586,1.00,1.00
2015.01.19 15:16:38.951,1.8456,1.8459,1.12,1.00
2015.01.19 15:16:39.002,1.84563,1.8459,1.00,1.00
2015.01.19 15:16:39.103,1.84565,1.84594,1.00,1.00
2015.01.19 15:16:39.205,1.8457,1.84597,1.00,1.37
2015.01.19 15:16:39.256,1.8457,1.84597,1.00,1.00
2015.01.19 15:16:39.307,1.84567,1.846,1.00,1.50
2015.01.19 15:16:39.408,1.84567,1.84597,1.00,1.00
2015.01.19 15:16:39.661,1.84565,1.84598,1.00,1.00
2015.01.19 15:16:39.963,1.84568,1.84593,1.00,1.00
2015.01.19 15:16:40.064,1.84568,1.84597,1.00,1.00
2015.01.19 15:16:40.216,1.84572,1.84597,1.00,1.00
2015.01.19 15:16:45.221,1.84572,1.84602,1.00,1.00
2015.01.19 15:16:45.402,1.84574,1.84602,1.00,1.00
2015.01.19 15:16:49.981,1.84571,1.84602,1.00,1.12
2015.01.19 15:16:56.838,1.84572,1.84602,1.00,1.12
2015.01.19 15:16:57.371,1.84571,1.84602,1.00,1.12
2015.01.19 15:17:00.071,1.84571,1.84602,1.37,1.00
2015.01.19 15:17:00.575,1.84571,1.84602,1.12,1.00
2015.01.19 15:17:00.676,1.84571,1.84602,1.37,1.00
2015.01.19 15:17:01.394,1.84571,1.84602,1.37,1.00
2015.01.19 15:17:01.909,1.84572,1.84602,1.37,1.00
2015.01.19 15:17:02.424,1.84575,1.84602,1.37,1.00
2015.01.19 15:17:02.525,1.84575,1.84607,1.37,1.00
2015.01.19 15:17:02.929,1.84576,1.84607,1.12,1.00
2015.01.19 15:17:03.463,1.84573,1.84607,1.37,1.00
2015.01.19 15:17:04.216,1.84573,1.84607,1.37,1.00
2015.01.19 15:17:04.721,1.84578,1.84607,1.00,1.12
2015.01.19 15:17:04.822,1.84576,1.84607,1.12,1.12
2015.01.19 15:17:04.923,1.84573,1.84607,2.25,1.00
2015.01.19 15:17:05.024,1.84573,1.84607,1.87,1.00
2015.01.19 15:17:05.625,1.84573,1.84607,1.87,1.00
2015.01.19 15:17:06.258,1.84573,1.84607,1.87,1.00
2015.01.19 15:17:09.371,1.84575,1.84607,1.37,1.00
2015.01.19 15:17:09.891,1.84575,1.84607,1.37,1.00
2015.01.19 15:17:10.587,1.84574,1.84607,1.12,1.00
2015.01.19 15:17:10.665,1.84574,1.84599,1.00,1.00
2015.01.19 15:17:10.767,1.84571,1.84598,1.00,1.00
2015.01.19 15:17:10.868,1.84569,1.84596,1.00,1.00
2015.01.19 15:17:10.969,1.84562,1.84594,1.87,1.00
2015.01.19 15:17:11.071,1.84562,1.84592,1.00,1.00
2015.01.19 15:17:11.373,1.8457,1.84596,1.00,1.00
2015.01.19 15:17:11.880,1.84566,1.84593,1.00,1.00
2015.01.19 15:17:14.163,1.84564,1.8459,1.00,1.00
2015.01.19 15:17:14.466,1.84561,1.84587,1.00,1.00
2015.01.19 15:17:14.769,1.84558,1.84584,1.00,1.00
2015.01.19 15:17:14.819,1.84555,1.84582,1.00,1.00
2015.01.19 15:17:19.733,1.84555,1.84582,1.37,1.00
2015.01.19 15:17:20.244,1.84555,1.84582,1.87,1.00
2015.01.19 15:17:20.551,1.84562,1.84581,1.00,1.00
2015.01.19 15:17:30.100,1.84565,1.84584,1.00,1.00
2015.01.19 15:17:42.018,1.84566,1.84584,1.00,1.00
2015.01.19 15:17:43.194,1.84567,1.84586,1.00,1.00
2015.01.19 15:17:51.150,1.84567,1.84586,1.87,1.00
2015.01.19 15:17:51.352,1.8457,1.84586,1.00,1.00
2015.01.19 15:17:51.453,1.84567,1.84586,1.00,1.00
2015.01.19 15:17:54.210,1.84568,1.84586,1.00,1.00
2015.01.19 15:17:54.312,1.8457,1.84586,1.00,1.00
2015.01.19 15:17:54.615,1.84572,1.84586,1.00,1.00
2015.01.19 15:17:56.406,1.84573,1.84586,1.00,1.00
2015.01.19 15:17:56.507,1.84573,1.8459,1.00,1.00
2015.01.19 15:17:57.184,1.84571,1.8459,1.00,1.00
2015.01.19 15:17:57.285,1.84569,1.8459,1.00,1.00
2015.01.19 15:17:57.941,1.84566,1.84585,1.00,1.00
2015.01.19 15:17:59.361,1.84563,1.84584,1.00,1.00
2015.01.19 15:18:03.772,1.84559,1.8458,1.00,1.00
2015.01.19 15:18:04.076,1.84557,1.84576,1.00,1.00
2015.01.19 15:18:04.379,1.84554,1.84573,1.00,1.00
2015.01.19 15:18:07.207,1.84554,1.84573,1.37,1.00
2015.01.19 15:18:08.087,1.84556,1.84577,1.00,1.00
2015.01.19 15:18:08.289,1.84556,1.84577,1.50,1.00
2015.01.19 15:18:08.418,1.84559,1.8458,1.37,1.00
2015.01.19 15:18:08.519,1.84562,1.84583,1.00,1.00
2015.01.19 15:18:17.418,1.84562,1.84583,1.00,1.37
2015.01.19 15:18:17.728,1.84559,1.84578,1.00,1.00
2015.01.19 15:18:28.408,1.84562,1.84581,1.00,1.00
2015.01.19 15:18:28.710,1.84566,1.84585,1.00,1.00
2015.01.19 15:18:35.795,1.84569,1.84588,1.00,1.00
2015.01.19 15:18:43.138,1.84571,1.8459,1.12,1.00
2015.01.19 15:18:43.491,1.84575,1.84594,1.00,1.00
2015.01.19 15:18:46.561,1.84575,1.84594,1.37,1.00
2015.01.19 15:18:46.663,1.84577,1.84598,1.00,1.00
2015.01.19 15:18:48.015,1.84581,1.846,1.00,1.00
2015.01.19 15:18:55.252,1.84576,1.84595,1.00,1.00
2015.01.19 15:19:04.497,1.84573,1.84594,1.00,1.00
2015.01.19 15:19:06.800,1.84571,1.8459,1.00,1.00
2015.01.19 15:19:07.895,1.84571,1.8459,1.00,1.37
2015.01.19 15:19:08.047,1.84567,1.84586,1.00,1.12
2015.01.19 15:19:08.243,1.84567,1.84586,1.00,1.37
2015.01.19 15:19:08.295,1.84564,1.84585,1.00,1.37
2015.01.19 15:19:08.346,1.8456,1.84579,1.00,1.00
2015.01.19 15:19:11.392,1.8456,1.84575,1.00,1.00
2015.01.19 15:19:11.443,1.84556,1.84575,1.00,1.87
2015.01.19 15:19:11.544,1.84547,1.84568,1.00,1.00
2015.01.19 15:19:11.646,1.84545,1.84564,1.00,1.00
2015.01.19 15:19:11.747,1.84536,1.84557,1.00,1.00
2015.01.19 15:19:12.100,1.84535,1.84554,1.00,1.00
2015.01.19 15:19:12.302,1.84531,1.84552,1.00,1.00
2015.01.19 15:19:13.515,1.84529,1.84554,1.00,1.00
2015.01.19 15:19:13.616,1.84535,1.8456,1.00,1.00
2015.01.19 15:19:14.835,1.84538,1.84562,1.00,1.00
2015.01.19 15:19:14.937,1.84541,1.84566,1.00,1.00
2015.01.19 15:19:15.189,1.84544,1.84568,1.00,1.00
2015.01.19 15:19:16.449,1.84545,1.84568,1.37,1.00
2015.01.19 15:19:16.550,1.84551,1.84575,1.00,1.00
2015.01.19 15:19:16.702,1.84554,1.84579,1.00,1.00
2015.01.19 15:19:16.803,1.84556,1.84582,1.00,1.00
2015.01.19 15:19:20.037,1.8456,1.84586,1.00,1.00
2015.01.19 15:19:20.699,1.8456,1.84579,1.00,1.00
2015.01.19 15:19:21.103,1.84562,1.84583,1.00,1.00
2015.01.19 15:19:22.128,1.84559,1.84578,1.00,1.00
2015.01.19 15:19:22.330,1.84553,1.84574,1.00,1.00
2015.01.19 15:19:22.633,1.84551,1.8457,1.00,1.00
2015.01.19 15:19:30.870,1.84552,1.8457,1.00,1.00
2015.01.19 15:19:31.022,1.84561,1.8458,1.00,1.00
2015.01.19 15:19:37.240,1.84561,1.8458,1.37,1.00
2015.01.19 15:19:37.738,1.84563,1.84584,1.37,1.00
2015.01.19 15:19:37.985,1.84566,1.84587,1.37,1.00
2015.01.19 15:19:38.036,1.84572,1.84591,1.00,1.00
2015.01.19 15:19:42.881,1.84568,1.84589,1.00,1.00
2015.01.19 15:19:42.982,1.84566,1.84585,1.00,1.00
2015.01.19 15:19:47.524,1.84567,1.84588,1.00,1.00
2015.01.19 15:19:47.625,1.84571,1.8459,1.00,1.00
2015.01.19 15:19:47.827,1.84573,1.84594,1.00,1.12
2015.01.19 15:19:47.979,1.84575,1.84596,1.00,1.37
2015.01.19 15:19:50.653,1.84575,1.84596,1.00,1.37
2015.01.19 15:19:51.339,1.84575,1.84596,1.00,1.37
2015.01.19 15:19:53.381,1.84575,1.84596,1.00,1.12
2015.01.19 15:19:54.052,1.84575,1.84596,1.00,1.37
2015.01.19 15:19:55.855,1.84575,1.84596,1.00,1.37
2015.01.19 15:19:56.257,1.84575,1.84594,1.00,1.00
2015.01.19 15:19:56.803,1.84574,1.84593,1.00,1.00
2015.01.19 15:20:00.944,1.84575,1.84596,1.00,1.12
2015.01.19 15:20:03.776,1.84578,1.84599,1.00,1.37
2015.01.19 15:20:04.883,1.84578,1.84599,1.00,1.00
2015.01.19 15:20:08.134,1.84578,1.84599,1.00,1.37
2015.01.19 15:20:08.337,1.84578,1.84599,1.00,1.12
2015.01.19 15:20:14.046,1.84578,1.84598,1.00,1.12
2015.01.19 15:20:14.147,1.84574,1.84593,1.00,1.00
2015.01.19 15:20:21.812,1.84574,1.84593,1.00,1.37
2015.01.19 15:20:22.216,1.84574,1.84593,1.00,1.00
2015.01.19 15:20:24.740,1.84574,1.84591,1.00,1.75
2015.01.19 15:20:24.791,1.84564,1.84583,1.00,1.00
2015.01.19 15:20:24.892,1.84566,1.84587,1.00,1.00
2015.01.19 15:20:25.145,1.84565,1.84584,1.00,1.00
2015.01.19 15:20:25.448,1.84562,1.84581,1.00,1.00
2015.01.19 15:20:26.444,1.84565,1.84586,1.00,1.87
2015.01.19 15:20:27.158,1.84565,1.84586,1.00,1.00
2015.01.19 15:20:27.360,1.84574,1.84593,1.00,1.87
2015.01.19 15:20:29.333,1.84574,1.84593,1.00,1.37
2015.01.19 15:20:30.668,1.84574,1.84593,1.00,1.37
2015.01.19 15:20:32.466,1.84574,1.84593,1.00,1.87
2015.01.19 15:20:32.769,1.84574,1.84591,1.00,1.50
2015.01.19 15:20:33.383,1.84574,1.84592,1.00,1.37
2015.01.19 15:20:34.154,1.84574,1.84593,1.00,2.62
2015.01.19 15:20:34.695,1.84574,1.84593,1.00,2.62
2015.01.19 15:20:37.278,1.84574,1.84593,1.00,2.62
2015.01.19 15:20:37.693,1.84574,1.84593,1.00,1.37
2015.01.19 15:20:38.414,1.84574,1.84592,1.00,1.37
2015.01.19 15:20:39.199,1.84574,1.84593,1.00,1.37
2015.01.19 15:20:39.755,1.84574,1.84593,1.00,1.00
2015.01.19 15:20:40.260,1.84574,1.84593,1.00,2.25
2015.01.19 15:20:40.361,1.84574,1.84593,1.00,1.37
2015.01.19 15:20:40.664,1.8457,1.84589,1.00,1.00
2015.01.19 15:20:40.967,1.8457,1.84584,1.00,1.00
2015.01.19 15:20:41.377,1.8457,1.84588,1.00,1.00
2015.01.19 15:20:41.831,1.8457,1.84591,1.00,3.37
2015.01.19 15:20:42.905,1.8457,1.84589,1.00,1.00
2015.01.19 15:20:43.410,1.8457,1.84588,1.00,1.00
2015.01.19 15:20:43.813,1.8457,1.8459,1.00,1.00
2015.01.19 15:20:44.318,1.8457,1.84591,1.00,1.12
2015.01.19 15:20:44.368,1.8457,1.84588,1.00,1.00
2015.01.19 15:20:44.703,1.8457,1.84591,1.00,1.87
2015.01.19 15:20:45.107,1.8457,1.84589,1.00,1.00
2015.01.19 15:20:45.584,1.8457,1.84584,1.00,1.00
2015.01.19 15:20:45.904,1.8457,1.84588,1.00,1.00
2015.01.19 15:20:46.006,1.8457,1.84591,1.00,1.50
2015.01.19 15:20:46.107,1.8457,1.84588,1.00,1.00
2015.01.19 15:20:46.314,1.8457,1.84591,1.00,1.50
2015.01.19 15:20:48.622,1.8457,1.84589,1.00,1.00
2015.01.19 15:20:48.969,1.8457,1.84591,1.00,1.00
2015.01.19 15:20:49.328,1.8457,1.84589,1.00,1.00
2015.01.19 15:20:49.429,1.8457,1.84591,1.00,1.00
2015.01.19 15:20:52.946,1.8457,1.84591,1.00,1.87
2015.01.19 15:20:53.147,1.8457,1.84588,1.00,1.00
2015.01.19 15:20:53.652,1.8457,1.84589,1.00,1.12
2015.01.19 15:20:54.166,1.8457,1.8459,1.00,2.25
2015.01.19 15:20:54.486,1.8457,1.84588,1.00,1.00
2015.01.19 15:20:54.997,1.8457,1.84587,1.00,1.00
2015.01.19 15:20:55.455,1.8457,1.84589,1.00,2.25
2015.01.19 15:20:56.007,1.8457,1.84588,1.00,1.00
2015.01.19 15:20:56.482,1.8457,1.8459,1.00,1.12
2015.01.19 15:20:56.995,1.8457,1.84591,1.00,1.50
2015.01.19 15:20:57.247,1.8457,1.84588,1.00,1.50
2015.01.19 15:20:57.452,1.8457,1.84591,1.00,1.00
2015.01.19 15:20:57.767,1.8457,1.84589,1.00,1.00
2015.01.19 15:20:57.879,1.8457,1.84591,1.00,1.00
2015.01.19 15:20:58.132,1.8457,1.84589,1.00,1.00
2015.01.19 15:20:58.757,1.8457,1.84591,1.00,1.00
2015.01.19 15:20:58.858,1.8457,1.84589,1.00,1.00
2015.01.19 15:20:59.110,1.8457,1.84591,1.00,1.00
2015.01.19 15:20:59.967,1.8457,1.84588,1.00,1.00
2015.01.19 15:21:01.058,1.8457,1.84589,1.00,1.00
2015.01.19 15:21:01.833,1.8457,1.84588,1.00,1.50
2015.01.19 15:21:02.388,1.8457,1.84588,1.00,1.37
2015.01.19 15:21:02.762,1.84568,1.84587,1.00,1.12
2015.01.19 15:21:05.273,1.84568,1.84584,1.00,1.00
2015.01.19 15:21:05.810,1.84568,1.84586,1.00,1.50
2015.01.19 15:21:06.350,1.84568,1.84587,1.00,1.00
2015.01.19 15:21:07.754,1.84568,1.84586,1.00,1.00
2015.01.19 15:21:08.295,1.84568,1.84586,1.00,1.37
2015.01.19 15:21:08.664,1.84568,1.84584,1.00,1.37
2015.01.19 15:21:08.715,1.84563,1.84584,1.00,1.87
2015.01.19 15:21:09.243,1.84563,1.84583,1.00,1.95
2015.01.19 15:21:10.661,1.84563,1.84584,1.00,2.02
2015.01.19 15:21:11.027,1.84563,1.84584,1.00,1.65
2015.01.19 15:21:11.844,1.84563,1.84584,1.00,2.40
2015.01.19 15:21:12.473,1.84563,1.84584,1.00,2.02
2015.01.19 15:21:12.877,1.84563,1.84584,1.00,2.02
2015.01.19 15:21:13.532,1.84563,1.84582,1.00,1.00
2015.01.19 15:21:14.717,1.84563,1.8458,1.00,1.00
2015.01.19 15:21:15.753,1.84563,1.84579,1.00,1.00
2015.01.19 15:21:17.693,1.8456,1.84577,1.00,1.00
2015.01.19 15:21:20.189,1.8456,1.84576,1.00,1.00
2015.01.19 15:21:21.195,1.8456,1.84577,1.00,1.00
2015.01.19 15:21:21.398,1.8456,1.84579,1.00,1.00
2015.01.19 15:21:25.144,1.8456,1.84581,1.00,1.37
2015.01.19 15:21:27.506,1.8456,1.84581,1.00,1.12
2015.01.19 15:21:31.829,1.8456,1.84581,1.00,1.37
2015.01.19 15:21:32.347,1.8456,1.84581,1.00,1.37
2015.01.19 15:21:36.832,1.8456,1.84579,1.00,1.00
2015.01.19 15:21:39.314,1.8456,1.84581,1.00,1.12
2015.01.19 15:21:39.684,1.8456,1.84578,1.00,1.00
2015.01.19 15:21:39.785,1.8456,1.84581,1.00,1.87
2015.01.19 15:21:40.290,1.8456,1.84581,1.00,1.87
2015.01.19 15:21:41.072,1.8456,1.84579,1.00,1.00
2015.01.19 15:21:41.628,1.8456,1.84581,1.00,1.37
2015.01.19 15:21:42.772,1.8456,1.84578,1.00,1.00
2015.01.19 15:21:43.552,1.8456,1.84581,1.00,1.87
2015.01.19 15:21:44.163,1.8456,1.84581,1.00,1.00
2015.01.19 15:21:45.742,1.8456,1.84581,1.00,1.37
2015.01.19 15:21:46.324,1.8456,1.84581,1.00,1.00
2015.01.19 15:21:58.923,1.84563,1.84584,1.00,1.00
2015.01.19 15:21:59.429,1.84568,1.84589,1.00,1.00
2015.01.19 15:21:59.749,1.84573,1.84592,1.00,1.00
2015.01.19 15:22:02.104,1.84573,1.84589,1.00,1.50
2015.01.19 15:22:02.256,1.84557,1.84578,1.00,1.00
2015.01.19 15:22:02.458,1.84557,1.84575,1.00,1.00
2015.01.19 15:22:11.496,1.84554,1.84575,1.00,1.87
2015.01.19 15:22:13.607,1.84551,1.84572,1.00,1.12
2015.01.19 15:22:14.122,1.84551,1.84571,1.00,1.00
2015.01.19 15:22:14.630,1.84551,1.84572,1.00,1.50
2015.01.19 15:22:22.381,1.84548,1.84569,1.00,1.00
2015.01.19 15:22:35.008,1.84548,1.84569,1.37,1.00
2015.01.19 15:22:35.059,1.84554,1.84573,1.00,1.00
2015.01.19 15:22:35.463,1.84556,1.84575,1.00,1.00
2015.01.19 15:22:47.237,1.84558,1.84579,1.00,1.00
2015.01.19 15:22:48.330,1.84562,1.84583,1.00,1.00
2015.01.19 15:22:53.465,1.84568,1.84587,1.00,1.00
2015.01.19 15:22:54.592,1.84568,1.84586,1.00,1.00
2015.01.19 15:22:55.106,1.84568,1.84587,1.00,1.00
2015.01.19 15:22:57.453,1.84568,1.84587,1.37,1.00
2015.01.19 15:22:57.655,1.84576,1.84595,1.00,1.00
2015.01.19 15:22:57.757,1.84578,1.84599,1.00,1.00
2015.01.19 15:22:57.962,1.84577,1.84596,1.00,1.00
2015.01.19 15:22:58.265,1.84569,1.84588,1.00,1.00
2015.01.19 15:22:58.568,1.84566,1.84582,1.00,1.00
2015.01.19 15:22:58.619,1.84563,1.84582,1.00,1.00
2015.01.19 15:22:58.771,1.8456,1.84579,1.00,1.00
2015.01.19 15:22:59.326,1.8456,1.84578,1.00,1.00
2015.01.19 15:22:59.729,1.84556,1.84577,1.00,1.00
2015.01.19 15:22:59.783,1.84556,1.84577,1.00,1.37
2015.01.19 15:23:00.288,1.84556,1.84574,1.00,1.12
2015.01.19 15:23:00.600,1.84553,1.84569,1.00,1.00
2015.01.19 15:23:01.121,1.84553,1.84569,1.00,1.37
2015.01.19 15:23:01.676,1.84553,1.84569,1.00,1.00
2015.01.19 15:23:01.878,1.84553,1.84574,1.00,3.00
2015.01.19 15:23:05.083,1.84553,1.84573,1.00,1.00
2015.01.19 15:23:05.607,1.84553,1.84574,1.00,1.50
2015.01.19 15:23:09.192,1.84552,1.84571,1.00,1.00
2015.01.19 15:23:15.421,1.84552,1.84571,1.45,1.00
2015.01.19 15:23:15.472,1.84557,1.84576,1.00,1.00
2015.01.19 15:23:15.523,1.84557,1.84576,1.45,1.00
2015.01.19 15:23:15.573,1.8456,1.84579,1.00,1.00
2015.01.19 15:23:15.879,1.84565,1.84584,1.00,1.00
2015.01.19 15:23:21.516,1.84568,1.84589,1.00,1.00
2015.01.19 15:23:27.136,1.84571,1.8459,1.00,1.00
2015.01.19 15:23:31.466,1.84578,1.84595,1.37,1.00
2015.01.19 15:23:31.668,1.84586,1.84603,1.00,1.00
2015.01.19 15:23:31.870,1.84586,1.84605,1.00,1.00
2015.01.19 15:23:32.173,1.84588,1.84609,1.00,1.00
2015.01.19 15:23:32.375,1.84588,1.84609,1.37,1.00
2015.01.19 15:23:33.266,1.84588,1.84609,1.00,1.00
2015.01.19 15:23:33.672,1.84588,1.84609,1.37,1.00
2015.01.19 15:23:33.722,1.84591,1.84612,1.00,1.00
2015.01.19 15:23:33.824,1.84593,1.84614,1.00,1.00
2015.01.19 15:23:33.925,1.8459,1.84617,1.37,1.00
2015.01.19 15:23:34.463,1.8459,1.84617,2.77,1.00
2015.01.19 15:23:34.715,1.84597,1.84623,1.00,1.00
2015.01.19 15:23:35.372,1.84597,1.84623,1.52,1.00
2015.01.19 15:23:38.472,1.84595,1.84626,1.00,1.37
2015.01.19 15:23:38.624,1.84591,1.84623,1.00,1.37
2015.01.19 15:23:39.210,1.84591,1.84623,1.00,1.00
2015.01.19 15:23:42.912,1.84591,1.84623,1.37,1.00
2015.01.19 15:23:43.419,1.84591,1.84623,1.12,1.00
2015.01.19 15:23:44.089,1.84591,1.84623,1.00,1.37
2015.01.19 15:23:47.484,1.84591,1.84623,1.50,1.12
2015.01.19 15:23:48.033,1.84591,1.84623,1.87,1.37
2015.01.19 15:23:48.539,1.84592,1.84623,1.00,1.37
2015.01.19 15:23:49.047,1.84592,1.84623,1.12,1.00
2015.01.19 15:23:49.210,1.84592,1.84623,1.37,1.00
2015.01.19 15:23:49.311,1.84592,1.84623,1.12,1.00
2015.01.19 15:23:49.412,1.84592,1.84623,3.22,1.00
2015.01.19 15:23:53.651,1.84596,1.84628,1.17,1.37
2015.01.19 15:23:53.853,1.84595,1.84628,1.15,1.00
2015.01.19 15:23:53.905,1.84594,1.84628,1.50,1.00
2015.01.19 15:23:54.056,1.84589,1.84621,1.15,1.00
2015.01.19 15:23:54.607,1.8459,1.84621,1.17,1.37
2015.01.19 15:23:56.042,1.84591,1.84625,1.07,1.50
2015.01.19 15:23:56.144,1.84594,1.84626,1.00,1.00
2015.01.19 15:23:58.860,1.84594,1.84626,1.00,1.37
2015.01.19 15:23:59.164,1.8459,1.84616,1.00,1.00
2015.01.19 15:23:59.568,1.84592,1.84619,1.00,1.00
2015.01.19 15:23:59.669,1.84596,1.84623,1.00,1.50
2015.01.19 15:24:00.457,1.846,1.84624,1.00,1.00
2015.01.19 15:24:01.574,1.846,1.84623,1.00,1.00
2015.01.19 15:24:01.778,1.8459,1.84615,1.00,1.00
2015.01.19 15:24:01.880,1.84588,1.84612,1.00,1.00
2015.01.19 15:24:01.981,1.84584,1.84611,1.00,1.00
2015.01.19 15:24:03.004,1.84583,1.84607,1.00,1.00
2015.01.19 15:24:03.764,1.84585,1.84612,1.00,1.00
2015.01.19 15:24:07.895,1.84585,1.84611,1.00,1.00
2015.01.19 15:24:08.419,1.84585,1.84612,1.00,1.50
2015.01.19 15:24:08.470,1.84589,1.84608,1.00,1.00
2015.01.19 15:24:14.661,1.84589,1.84608,1.37,1.00
2015.01.19 15:24:14.763,1.84596,1.84615,1.00,1.00
2015.01.19 15:24:15.217,1.84591,1.84612,1.00,1.00
2015.01.19 15:24:15.319,1.8459,1.84609,1.00,1.00
2015.01.19 15:24:16.948,1.84592,1.84611,1.00,1.00
2015.01.19 15:24:18.622,1.84594,1.84615,1.00,1.00
2015.01.19 15:24:18.976,1.84597,1.84615,1.12,1.00
2015.01.19 15:24:19.027,1.84598,1.84617,1.00,1.00
2015.01.19 15:24:19.228,1.846,1.84617,1.00,1.00
2015.01.19 15:24:19.430,1.84598,1.84617,1.00,1.00
2015.01.19 15:24:20.087,1.84599,1.84617,1.00,1.00
2015.01.19 15:24:20.253,1.84601,1.84622,1.00,1.00
2015.01.19 15:24:22.281,1.84601,1.84622,1.00,1.37
2015.01.19 15:24:22.332,1.84595,1.84616,1.00,1.00
2015.01.19 15:24:22.382,1.84595,1.84616,1.00,1.37
2015.01.19 15:24:22.483,1.84595,1.84616,1.00,1.00
2015.01.19 15:24:23.821,1.84595,1.84616,1.00,1.37
2015.01.19 15:24:25.381,1.84595,1.84616,1.00,1.00
2015.01.19 15:24:27.678,1.84595,1.84614,1.00,1.00
2015.01.19 15:24:28.433,1.84595,1.84616,1.00,1.00
2015.01.19 15:24:43.555,1.84598,1.84619,1.00,1.00
2015.01.19 15:24:44.211,1.846,1.84621,1.00,1.00
2015.01.19 15:24:44.514,1.846,1.84618,1.00,1.00
2015.01.19 15:24:44.565,1.84596,1.84615,1.00,1.00
2015.01.19 15:24:44.767,1.84594,1.84613,1.00,1.00
2015.01.19 15:24:49.074,1.84594,1.84613,1.00,1.37
2015.01.19 15:24:49.596,1.84594,1.84613,1.00,1.00
2015.01.19 15:24:54.616,1.84594,1.84609,1.00,1.00
2015.01.19 15:24:54.666,1.8459,1.84609,1.00,1.00
2015.01.19 15:25:00.523,1.8459,1.84603,1.00,1.00
2015.01.19 15:25:01.044,1.8459,1.84604,1.00,1.00
2015.01.19 15:25:01.095,1.8459,1.84609,1.00,1.00
2015.01.19 15:25:02.324,1.8459,1.84609,1.00,1.37
2015.01.19 15:25:02.375,1.84587,1.84605,1.00,1.00
2015.01.19 15:25:02.476,1.8458,1.84601,1.00,1.00
2015.01.19 15:25:02.628,1.84582,1.84603,1.00,1.00
2015.01.19 15:25:04.177,1.84583,1.84603,1.00,1.00
2015.01.19 15:25:04.682,1.84582,1.84603,1.57,1.00
2015.01.19 15:25:07.285,1.84582,1.84603,1.95,1.00
2015.01.19 15:25:08.373,1.84585,1.84603,1.00,1.00
2015.01.19 15:25:08.525,1.84586,1.84605,1.00,1.00
2015.01.19 15:25:08.894,1.84588,1.84607,1.00,1.00
2015.01.19 15:25:12.199,1.84588,1.84607,1.37,1.00
2015.01.19 15:25:12.970,1.84588,1.84607,1.00,1.00
2015.01.19 15:25:14.576,1.8459,1.84611,1.00,1.00
2015.01.19 15:25:15.340,1.84592,1.84613,1.00,1.00
2015.01.19 15:25:18.103,1.84592,1.84613,1.37,1.00
2015.01.19 15:25:18.406,1.84608,1.84627,1.00,1.00
2015.01.19 15:25:24.486,1.8461,1.84629,1.00,1.00
2015.01.19 15:25:31.771,1.84613,1.84632,1.00,1.00
2015.01.19 15:25:33.633,1.84617,1.84636,1.00,1.00
2015.01.19 15:25:34.440,1.84617,1.84636,1.75,1.00
2015.01.19 15:25:34.541,1.84628,1.84647,1.00,1.00
2015.01.19 15:25:34.743,1.84632,1.84651,1.00,1.00
2015.01.19 15:25:35.174,1.84635,1.84654,1.00,1.00
2015.01.19 15:25:35.528,1.84636,1.84662,1.00,1.00
2015.01.19 15:25:42.781,1.84633,1.8466,1.00,1.00
2015.01.19 15:25:44.105,1.84637,1.84661,1.00,1.00
2015.01.19 15:25:45.069,1.84633,1.84665,1.12,1.00
2015.01.19 15:25:45.171,1.84633,1.84665,1.37,1.00
2015.01.19 15:25:47.674,1.84633,1.84665,1.37,1.00
2015.01.19 15:25:47.825,1.84637,1.84669,1.00,1.00
2015.01.19 15:25:47.876,1.84639,1.84669,1.00,1.00
2015.01.19 15:25:48.383,1.84639,1.84669,1.37,1.00
2015.01.19 15:25:48.485,1.84642,1.84676,1.37,1.00
2015.01.19 15:25:48.535,1.84646,1.84676,1.00,1.00
2015.01.19 15:25:50.619,1.84649,1.84676,1.00,1.00
2015.01.19 15:25:50.720,1.84649,1.84679,1.12,1.00
2015.01.19 15:25:50.821,1.84649,1.84682,1.12,1.00
2015.01.19 15:25:51.338,1.84648,1.84682,1.50,1.00
2015.01.19 15:25:51.845,1.84648,1.84682,1.37,1.00
2015.01.19 15:25:52.367,1.84648,1.84682,1.12,1.00
2015.01.19 15:25:52.875,1.84648,1.84682,1.37,1.00
2015.01.19 15:25:53.027,1.84648,1.84682,1.00,1.37
2015.01.19 15:25:53.544,1.84648,1.84682,1.00,1.37
2015.01.19 15:25:54.516,1.84648,1.84682,1.00,1.00
2015.01.19 15:25:56.964,1.84648,1.84682,1.00,1.37
2015.01.19 15:26:01.668,1.84648,1.84682,1.12,1.00
2015.01.19 15:26:06.562,1.84648,1.84682,1.00,1.37
2015.01.19 15:26:06.865,1.84648,1.84682,1.00,1.37
2015.01.19 15:26:07.218,1.84645,1.84679,1.12,1.12
2015.01.19 15:26:07.737,1.84645,1.84679,1.37,1.00
2015.01.19 15:26:08.181,1.84648,1.84679,1.00,1.00
2015.01.19 15:26:08.282,1.84649,1.84681,1.00,1.00
2015.01.19 15:26:09.811,1.84649,1.84681,1.37,1.00
2015.01.19 15:26:10.810,1.84652,1.84683,1.00,1.00
2015.01.19 15:26:11.524,1.84652,1.84683,1.37,1.00
2015.01.19 15:26:14.305,1.84651,1.84683,1.00,1.37
2015.01.19 15:26:14.457,1.84642,1.84675,1.87,1.00
2015.01.19 15:26:14.608,1.84642,1.84674,1.00,1.12
2015.01.19 15:26:14.911,1.84642,1.84676,1.00,1.00
2015.01.19 15:26:16.233,1.84642,1.84675,1.00,1.00
2015.01.19 15:26:16.846,1.84642,1.84672,1.00,1.00
2015.01.19 15:26:17.371,1.84642,1.84673,1.00,1.12
2015.01.19 15:26:17.673,1.84646,1.84672,1.00,1.00
2015.01.19 15:26:19.639,1.84643,1.8467,1.00,1.00
2015.01.19 15:26:19.741,1.84641,1.84666,1.00,1.00
2015.01.19 15:26:23.899,1.84639,1.84663,1.00,1.00
2015.01.19 15:26:27.896,1.84636,1.84661,1.00,1.00
2015.01.19 15:26:30.131,1.84636,1.8466,1.00,1.00
2015.01.19 15:26:30.283,1.84632,1.84659,1.00,1.87
2015.01.19 15:26:31.979,1.84636,1.84655,1.00,1.00
2015.01.19 15:26:44.140,1.84634,1.84653,1.00,1.00
2015.01.19 15:26:51.440,1.8463,1.84651,1.00,1.00
2015.01.19 15:26:58.859,1.8463,1.84651,1.00,1.37
2015.01.19 15:26:58.961,1.8463,1.84651,1.00,1.00
2015.01.19 15:26:59.011,1.84628,1.84649,1.00,1.00
2015.01.19 15:27:03.099,1.84628,1.84647,1.00,1.00
2015.01.19 15:27:03.401,1.84623,1.84642,1.00,1.00
2015.01.19 15:27:22.639,1.8462,1.84639,1.00,1.00
2015.01.19 15:27:30.823,1.84617,1.84636,1.00,1.00
2015.01.19 15:27:32.984,1.84613,1.84634,1.00,1.00
2015.01.19 15:27:33.186,1.84613,1.84628,1.00,1.00
2015.01.19 15:27:33.237,1.84611,1.84628,1.00,1.00
2015.01.19 15:27:33.338,1.84604,1.84623,1.00,1.00
2015.01.19 15:27:33.439,1.846,1.84621,1.00,1.00
2015.01.19 15:27:34.528,1.84598,1.84619,1.00,1.00
2015.01.19 15:27:35.765,1.84605,1.84626,1.00,1.00
2015.01.19 15:27:39.623,1.84605,1.84626,1.00,1.37
2015.01.19 15:27:39.954,1.84602,1.84623,1.00,1.50
2015.01.19 15:27:40.458,1.84602,1.84623,1.00,1.95
2015.01.19 15:27:41.147,1.84602,1.8462,1.00,1.00
2015.01.19 15:27:41.817,1.84598,1.84619,1.00,1.50
2015.01.19 15:27:41.918,1.84593,1.84619,1.00,1.50
2015.01.19 15:27:42.120,1.84591,1.84616,1.00,1.00
2015.01.19 15:27:44.983,1.84594,1.8462,1.00,1.00
2015.01.19 15:27:51.908,1.84597,1.84622,1.00,1.12
2015.01.19 15:27:54.111,1.84595,1.84619,1.00,1.00
2015.01.19 15:27:57.619,1.8459,1.84616,1.00,1.00
2015.01.19 15:27:58.226,1.8459,1.84616,1.00,1.37
2015.01.19 15:27:58.327,1.84586,1.84612,1.00,1.00
2015.01.19 15:27:59.250,1.84586,1.84612,1.37,1.00
2015.01.19 15:27:59.301,1.84588,1.84615,1.00,1.00
2015.01.19 15:27:59.453,1.84588,1.84615,1.37,1.00
2015.01.19 15:27:59.503,1.84593,1.8462,1.00,1.00
2015.01.19 15:27:59.605,1.84596,1.84622,1.00,1.00
2015.01.19 15:27:59.958,1.846,1.84624,1.00,1.00
2015.01.19 15:28:00.477,1.84605,1.84626,1.00,1.00
2015.01.19 15:28:11.629,1.84605,1.84624,1.00,1.00
2015.01.19 15:28:11.955,1.84603,1.84622,1.00,1.00
2015.01.19 15:28:13.147,1.84603,1.84621,1.00,1.00
2015.01.19 15:28:13.355,1.846,1.84619,1.00,1.50
2015.01.19 15:28:13.406,1.846,1.84617,1.00,1.00
2015.01.19 15:28:17.136,1.846,1.84619,1.00,1.50
2015.01.19 15:28:17.640,1.84597,1.84618,1.00,1.00
2015.01.19 15:28:17.792,1.84595,1.84614,1.00,1.00
2015.01.19 15:28:18.095,1.84592,1.84611,1.00,1.00
2015.01.19 15:28:27.918,1.84592,1.84606,1.00,1.00
2015.01.19 15:28:28.019,1.8459,1.84606,1.00,1.12
2015.01.19 15:28:28.120,1.84579,1.846,1.00,1.00
2015.01.19 15:28:28.222,1.84576,1.84597,1.00,1.00
2015.01.19 15:28:28.525,1.84573,1.84594,1.00,1.00
2015.01.19 15:28:28.827,1.8457,1.84591,1.00,1.00
2015.01.19 15:28:29.097,1.84568,1.84593,1.00,1.00
2015.01.19 15:28:41.567,1.84568,1.84593,1.00,1.15
2015.01.19 15:28:41.668,1.84565,1.84591,1.00,1.15
2015.01.19 15:28:41.769,1.84561,1.84586,1.00,1.00
2015.01.19 15:28:42.022,1.84564,1.84591,1.00,1.00
2015.01.19 15:28:42.174,1.8457,1.84595,1.00,1.00
2015.01.19 15:28:42.329,1.8457,1.84597,1.12,1.00
2015.01.19 15:28:43.200,1.84573,1.84599,1.00,1.50
2015.01.19 15:29:02.983,1.84573,1.84594,1.00,1.37
2015.01.19 15:29:03.084,1.84563,1.84584,1.00,1.00
2015.01.19 15:29:10.687,1.84569,1.8459,1.00,1.00
2015.01.19 15:29:17.436,1.84569,1.84586,1.00,1.00
2015.01.19 15:29:17.739,1.84569,1.84584,1.00,1.00
2015.01.19 15:29:17.969,1.84566,1.84584,1.00,1.00
2015.01.19 15:29:19.388,1.84566,1.84581,1.00,1.00
2015.01.19 15:29:19.489,1.84566,1.84584,1.00,1.00
2015.01.19 15:29:19.641,1.84566,1.84586,1.00,1.00
2015.01.19 15:29:20.179,1.84566,1.84587,1.00,1.00
2015.01.19 15:29:24.450,1.84566,1.84585,1.00,1.00
2015.01.19 15:29:25.131,1.84566,1.84583,1.00,1.00
2015.01.19 15:29:25.233,1.84566,1.84587,1.00,1.00
2015.01.19 15:29:26.420,1.84566,1.84585,1.00,1.00
2015.01.19 15:29:26.723,1.84563,1.84583,1.00,1.00
2015.01.19 15:29:27.191,1.84562,1.84581,1.00,1.00
2015.01.19 15:29:30.853,1.84562,1.84578,1.00,1.00
2015.01.19 15:29:31.397,1.84562,1.84579,1.00,1.00
2015.01.19 15:29:31.847,1.84562,1.84581,1.00,1.00
2015.01.19 15:29:33.668,1.84566,1.84585,1.00,1.00
2015.01.19 15:29:33.770,1.84567,1.84588,1.00,1.00
2015.01.19 15:29:33.871,1.84571,1.8459,1.00,1.00
2015.01.19 15:29:34.174,1.84574,1.84593,1.00,1.00
2015.01.19 15:29:34.527,1.84575,1.84596,1.00,1.00
2015.01.19 15:29:35.985,1.84573,1.84594,1.00,1.00
2015.01.19 15:29:36.288,1.8457,1.84591,1.00,1.00
2015.01.19 15:29:36.797,1.8457,1.84591,1.37,1.00
2015.01.19 15:29:36.848,1.84576,1.84597,1.00,1.00
2015.01.19 15:29:38.968,1.84578,1.84599,1.00,1.00
2015.01.19 15:29:41.269,1.84578,1.84597,1.00,1.00
2015.01.19 15:29:42.492,1.84576,1.84597,1.00,1.50
2015.01.19 15:29:43.027,1.84576,1.84597,1.37,1.00
2015.01.19 15:29:43.128,1.84581,1.84602,1.87,1.00
2015.01.19 15:29:43.279,1.8459,1.84611,1.00,1.00
2015.01.19 15:29:43.380,1.8459,1.84608,1.00,1.00
2015.01.19 15:29:43.629,1.8459,1.84611,1.00,1.50
2015.01.19 15:29:43.679,1.84587,1.84608,1.00,1.00
2015.01.19 15:29:50.174,1.84587,1.84607,1.00,1.00
2015.01.19 15:29:50.707,1.8459,1.84611,1.00,1.00
2015.01.19 15:29:50.808,1.84592,1.84613,1.00,1.00
2015.01.19 15:29:51.111,1.84595,1.84616,1.00,1.00
2015.01.19 15:29:51.414,1.84599,1.84618,1.00,1.00
2015.01.19 15:29:51.717,1.84602,1.84621,1.00,1.00
2015.01.19 15:29:53.136,1.84606,1.84625,1.00,1.00
2015.01.19 15:29:53.893,1.84605,1.8463,1.00,1.00
2015.01.19 15:29:54.044,1.84608,1.84632,1.00,1.00
2015.01.19 15:29:54.347,1.84611,1.84635,1.00,1.00
2015.01.19 15:29:55.568,1.84608,1.84632,1.00,1.00
2015.01.19 15:29:56.409,1.8461,1.84632,1.00,1.00
2015.01.19 15:29:56.460,1.8461,1.84636,1.87,1.00
2015.01.19 15:29:56.561,1.84614,1.84639,1.00,1.00
2015.01.19 15:29:56.662,1.8461,1.84639,1.00,1.37
2015.01.19 15:29:56.763,1.84606,1.84637,1.00,1.47
2015.01.19 15:29:56.864,1.84606,1.84635,1.00,1.37
2015.01.19 15:29:57.117,1.84602,1.84632,1.00,1.00
2015.01.19 15:29:57.168,1.84602,1.8463,1.00,1.00
2015.01.19 15:29:57.792,1.84602,1.84632,1.00,1.00
2015.01.19 15:29:58.095,1.84598,1.8463,1.37,1.00
2015.01.19 15:29:58.146,1.84598,1.8463,1.00,1.37
2015.01.19 15:29:58.406,1.84594,1.84626,1.00,1.37
2015.01.19 15:29:58.457,1.84594,1.84625,1.00,1.37
2015.01.19 15:29:58.662,1.84593,1.84625,1.00,1.87
2015.01.19 15:29:59.269,1.84593,1.84625,1.00,1.87
2015.01.19 15:30:00.771,1.84593,1.84625,1.00,1.50
2015.01.19 15:30:01.438,1.84593,1.84624,1.00,1.00
2015.01.19 15:30:01.489,1.8459,1.84622,1.00,1.37
2015.01.19 15:30:01.793,1.84586,1.84616,1.00,1.00
2015.01.19 15:30:02.096,1.84589,1.84615,1.00,1.00
2015.01.19 15:30:02.399,1.84599,1.84623,1.00,1.00
2015.01.19 15:30:02.652,1.84599,1.84625,1.00,1.00
2015.01.19 15:30:03.258,1.84595,1.84621,1.00,1.00
2015.01.19 15:30:03.560,1.84595,1.84611,1.00,1.00
2015.01.19 15:30:03.611,1.8459,1.84611,1.00,1.00
2015.01.19 15:30:04.167,1.8459,1.84613,1.00,1.00
2015.01.19 15:30:04.810,1.8459,1.84612,1.00,1.00
2015.01.19 15:30:05.113,1.84585,1.84611,1.00,1.87
2015.01.19 15:30:05.345,1.84591,1.84611,1.00,1.87
2015.01.19 15:30:05.447,1.84591,1.84615,1.00,1.00
2015.01.19 15:30:05.812,1.84589,1.84612,1.00,1.00
2015.01.19 15:30:07.184,1.84589,1.84612,1.00,1.37
2015.01.19 15:30:07.234,1.84586,1.84612,1.00,1.95
2015.01.19 15:30:07.336,1.8459,1.84609,1.00,1.00
2015.01.19 15:30:42.786,1.8459,1.84608,1.00,1.00
2015.01.19 15:30:42.837,1.84584,1.84605,1.00,1.00
2015.01.19 15:30:44.424,1.84582,1.84603,1.00,1.00
2015.01.19 15:30:47.153,1.84582,1.84602,1.00,1.00
2015.01.19 15:30:48.395,1.84582,1.84603,1.00,1.00
2015.01.19 15:31:03.598,1.84582,1.84603,1.00,1.37
2015.01.19 15:31:03.901,1.8458,1.84596,1.00,1.00
2015.01.19 15:31:04.002,1.84578,1.84596,1.00,1.00
2015.01.19 15:31:04.512,1.84578,1.84597,1.00,1.50
2015.01.19 15:31:04.966,1.84575,1.84594,1.00,1.00
2015.01.19 15:31:07.085,1.84573,1.84592,1.00,1.00
2015.01.19 15:31:07.288,1.84564,1.84585,1.00,1.00
2015.01.19 15:31:09.388,1.84561,1.84582,1.00,1.00
2015.01.19 15:31:12.376,1.84561,1.84582,1.37,1.00
2015.01.19 15:31:12.679,1.84567,1.84586,1.00,1.00
2015.01.19 15:31:50.141,1.84567,1.84586,1.37,1.00
2015.01.19 15:31:50.293,1.84571,1.8459,1.00,1.00
2015.01.19 15:31:50.495,1.84574,1.84593,1.00,1.00
2015.01.19 15:31:50.836,1.84576,1.84597,1.00,1.00
2015.01.19 15:32:02.504,1.84574,1.84595,1.00,1.00
2015.01.19 15:32:07.465,1.84574,1.84595,1.00,1.37
2015.01.19 15:32:07.566,1.84569,1.84588,1.00,1.00
2015.01.19 15:32:12.327,1.84572,1.84588,1.00,1.00
2015.01.19 15:32:12.832,1.84569,1.84588,1.00,1.00
2015.01.19 15:32:13.609,1.84571,1.84588,1.00,1.00
2015.01.19 15:32:13.874,1.84569,1.84588,1.00,1.00
2015.01.19 15:32:14.105,1.84569,1.84588,1.87,1.00
2015.01.19 15:32:14.157,1.84576,1.84595,1.00,1.00
2015.01.19 15:32:15.238,1.84576,1.8459,1.00,1.00
2015.01.19 15:32:15.288,1.8457,1.8459,1.00,1.00
2015.01.19 15:32:15.390,1.84567,1.84586,1.00,1.00
2015.01.19 15:32:15.642,1.84572,1.84593,1.00,1.00
2015.01.19 15:32:15.693,1.8457,1.84589,1.00,1.00
2015.01.19 15:32:15.795,1.84566,1.84587,1.00,1.00
2015.01.19 15:32:16.674,1.84569,1.8459,1.00,1.00
2015.01.19 15:32:20.747,1.84572,1.84593,1.00,1.00
2015.01.19 15:32:28.547,1.84572,1.84593,1.00,1.07
2015.01.19 15:32:28.850,1.8457,1.84588,1.00,1.37
2015.01.19 15:32:28.901,1.84564,1.84583,1.00,1.00
2015.01.19 15:32:31.230,1.84566,1.84587,1.00,1.00
2015.01.19 15:32:45.409,1.84568,1.84589,1.00,1.00
2015.01.19 15:32:57.720,1.84572,1.84593,1.00,1.00
2015.01.19 15:32:58.175,1.84576,1.84595,1.00,1.00
2015.01.19 15:32:58.479,1.84579,1.84598,1.00,1.00
2015.01.19 15:33:02.977,1.84583,1.84602,1.00,1.00
2015.01.19 15:33:03.279,1.84586,1.84605,1.00,1.00
2015.01.19 15:33:07.396,1.8459,1.84609,1.00,1.00
2015.01.19 15:33:14.174,1.8459,1.84609,1.00,1.37
2015.01.19 15:33:14.326,1.84585,1.84604,1.00,1.00
2015.01.19 15:33:14.780,1.84581,1.84602,1.00,1.00
2015.01.19 15:33:18.274,1.84579,1.846,1.00,1.20
2015.01.19 15:33:18.577,1.84576,1.84596,1.00,1.00
2015.01.19 15:33:18.729,1.84578,1.84599,1.00,1.00
2015.01.19 15:33:18.831,1.84582,1.84603,1.00,1.00
2015.01.19 15:33:19.133,1.84592,1.84609,1.00,1.00
2015.01.19 15:33:19.285,1.84594,1.84613,1.00,1.00
2015.01.19 15:33:20.132,1.84596,1.84613,1.00,1.00
2015.01.19 15:33:20.233,1.84594,1.84613,1.00,1.00
2015.01.19 15:33:23.615,1.84594,1.84613,1.00,1.37
2015.01.19 15:33:23.665,1.84592,1.84611,1.00,1.12
2015.01.19 15:33:25.435,1.84589,1.84608,1.00,1.00
2015.01.19 15:33:25.737,1.84587,1.84606,1.00,1.00
2015.01.19 15:33:26.041,1.84591,1.84606,1.00,1.00
2015.01.19 15:33:26.192,1.84591,1.84608,1.00,1.00
2015.01.19 15:33:26.394,1.84589,1.84608,1.00,1.00
2015.01.19 15:33:26.495,1.84592,1.84608,1.00,1.00
2015.01.19 15:33:26.748,1.84592,1.84611,1.50,1.00
2015.01.19 15:33:27.816,1.84597,1.84611,1.00,1.00
2015.01.19 15:33:28.380,1.84592,1.84611,1.50,1.00
2015.01.19 15:33:28.481,1.84596,1.84611,1.00,1.00
2015.01.19 15:33:28.582,1.84592,1.84611,1.50,1.00
2015.01.19 15:33:30.170,1.84589,1.8461,1.00,1.00
2015.01.19 15:33:30.906,1.84589,1.8461,1.00,1.82
2015.01.19 15:33:30.957,1.84586,1.84607,1.00,1.37
2015.01.19 15:33:31.059,1.84584,1.84603,1.00,1.00
2015.01.19 15:33:31.160,1.84581,1.846,1.00,1.00
2015.01.19 15:33:31.465,1.84576,1.84595,1.00,1.00
2015.01.19 15:33:33.485,1.84572,1.84591,1.00,1.00
2015.01.19 15:33:33.586,1.84568,1.84589,1.00,1.00
2015.01.19 15:33:34.242,1.84566,1.84587,1.00,1.00
2015.01.19 15:33:34.545,1.84564,1.84583,1.00,1.00
2015.01.19 15:33:35.013,1.84561,1.84582,1.00,1.00
2015.01.19 15:33:35.467,1.84558,1.84579,1.00,1.00
2015.01.19 15:33:35.775,1.84555,1.84576,1.00,1.00
2015.01.19 15:33:39.979,1.84553,1.84577,1.00,1.00
2015.01.19 15:33:40.080,1.84548,1.84572,1.50,1.00
2015.01.19 15:33:41.870,1.84548,1.84572,1.00,1.37
2015.01.19 15:33:41.921,1.84543,1.84568,1.00,1.00
2015.01.19 15:33:42.375,1.8454,1.84569,1.00,1.12
2015.01.19 15:33:42.426,1.8454,1.84565,1.00,1.00
2015.01.19 15:33:42.476,1.84536,1.84565,1.50,1.00
2015.01.19 15:33:43.053,1.84536,1.84566,1.00,1.00
2015.01.19 15:33:43.580,1.84536,1.84565,1.00,1.00
2015.01.19 15:33:43.832,1.84534,1.84564,1.00,1.00
2015.01.19 15:33:43.883,1.84534,1.84559,1.00,1.00
2015.01.19 15:33:43.934,1.84531,1.84559,1.55,1.00
2015.01.19 15:33:43.984,1.84531,1.84554,1.07,1.00
2015.01.19 15:33:44.035,1.84528,1.84554,1.00,1.00
2015.01.19 15:33:44.136,1.84524,1.84554,1.00,1.00
2015.01.19 15:33:44.644,1.84524,1.84555,1.00,1.12
2015.01.19 15:33:44.745,1.84524,1.84555,1.00,1.37
2015.01.19 15:33:44.796,1.84522,1.84553,1.00,1.37
2015.01.19 15:33:45.149,1.84521,1.84556,1.00,1.37
2015.01.19 15:33:45.351,1.84518,1.84553,1.07,1.37
2015.01.19 15:33:45.553,1.84513,1.84553,1.37,1.52
2015.01.19 15:33:45.654,1.84514,1.8455,1.00,1.37
2015.01.19 15:33:46.159,1.84514,1.84548,1.00,1.37
2015.01.19 15:33:46.260,1.84515,1.84554,1.87,1.52
2015.01.19 15:33:46.676,1.84518,1.84555,1.12,1.52
2015.01.19 15:33:47.388,1.84515,1.84554,1.37,1.37
2015.01.19 15:33:47.710,1.84512,1.84552,1.37,1.50
2015.01.19 15:33:49.271,1.84516,1.84549,1.00,1.37
2015.01.19 15:33:49.422,1.84518,1.84553,1.12,1.47
2015.01.19 15:33:49.927,1.84518,1.84556,1.37,1.52
2015.01.19 15:33:50.312,1.84519,1.84558,1.37,1.37
2015.01.19 15:33:50.413,1.84521,1.8456,1.37,1.45
2015.01.19 15:33:50.716,1.84522,1.84559,1.37,1.10
2015.01.19 15:33:50.817,1.84522,1.84559,1.75,1.10
2015.01.19 15:33:50.919,1.84525,1.84563,1.37,1.52
2015.01.19 15:33:52.212,1.84523,1.84562,1.12,1.52
2015.01.19 15:33:52.619,1.84523,1.84562,1.00,1.90
2015.01.19 15:33:53.137,1.84522,1.84561,1.12,1.92
2015.01.19 15:33:54.102,1.84522,1.8456,1.37,1.45
2015.01.19 15:33:54.412,1.84522,1.8456,1.12,2.40
2015.01.19 15:33:54.563,1.84515,1.84551,1.37,1.12
2015.01.19 15:33:54.780,1.84515,1.84549,1.37,1.00
2015.01.19 15:33:55.083,1.84515,1.84549,1.12,1.37
2015.01.19 15:33:55.539,1.84515,1.84544,1.00,1.00
2015.01.19 15:33:55.590,1.8451,1.84544,1.75,1.00
2015.01.19 15:33:55.641,1.84511,1.84544,1.00,1.00
2015.01.19 15:33:55.792,1.84507,1.84546,1.37,1.55
2015.01.19 15:33:55.944,1.84507,1.84542,1.00,1.37
2015.01.19 15:33:56.247,1.84502,1.84541,1.37,1.75
2015.01.19 15:33:56.551,1.84497,1.84534,1.37,1.37
2015.01.19 15:33:56.704,1.84494,1.84534,2.25,2.32
2015.01.19 15:33:57.007,1.84491,1.84526,1.12,1.37
2015.01.19 15:33:57.058,1.84491,1.84526,1.20,1.37
2015.01.19 15:33:57.310,1.84496,1.84533,1.50,1.00
2015.01.19 15:33:57.361,1.84499,1.84533,1.00,1.00
2015.01.19 15:33:57.513,1.84491,1.84526,1.00,1.00
2015.01.19 15:33:57.563,1.84488,1.84524,1.87,1.00
2015.01.19 15:33:57.614,1.84488,1.84524,1.12,1.12
2015.01.19 15:34:00.322,1.84486,1.84527,1.47,1.50
2015.01.19 15:34:02.247,1.84493,1.84527,1.37,1.37
2015.01.19 15:34:02.500,1.84495,1.84536,1.37,1.47
2015.01.19 15:34:03.015,1.84498,1.84541,1.37,3.22
2015.01.19 15:34:03.842,1.84498,1.84541,1.37,3.60
2015.01.19 15:34:04.026,1.84496,1.84538,1.37,1.55
2015.01.19 15:34:04.178,1.845,1.8454,1.00,1.90
2015.01.19 15:34:04.480,1.84501,1.84544,1.37,2.40
2015.01.19 15:34:05.272,1.84501,1.84543,1.75,1.37
2015.01.19 15:34:05.640,1.84501,1.84543,1.37,1.37
2015.01.19 15:34:05.741,1.84501,1.84543,1.37,1.37
2015.01.19 15:34:06.044,1.84504,1.84545,1.50,1.45
2015.01.19 15:34:06.850,1.84506,1.84542,1.37,1.00
2015.01.19 15:34:08.361,1.84508,1.84543,1.37,1.12
2015.01.19 15:34:10.147,1.84511,1.84543,1.37,1.00
2015.01.19 15:34:10.651,1.84512,1.84545,1.12,1.37
2015.01.19 15:34:11.438,1.84508,1.84549,1.75,1.37
2015.01.19 15:34:16.048,1.84508,1.84548,1.75,1.12
2015.01.19 15:34:16.250,1.84517,1.84552,1.00,2.10
2015.01.19 15:34:16.754,1.84514,1.84552,1.37,1.37
2015.01.19 15:34:19.984,1.84513,1.84551,1.00,1.50
2015.01.19 15:34:20.296,1.8451,1.84547,1.37,1.37
2015.01.19 15:34:20.703,1.84507,1.84547,1.87,1.37
2015.01.19 15:34:21.468,1.84507,1.84547,1.50,1.50
2015.01.19 15:34:25.770,1.84507,1.84547,1.12,2.25
2015.01.19 15:34:27.017,1.84507,1.84546,1.00,1.92
2015.01.19 15:34:27.320,1.84507,1.8454,1.00,1.37
2015.01.19 15:34:27.371,1.84503,1.8454,1.00,1.37
2015.01.19 15:34:27.422,1.84503,1.8454,1.37,1.37
2015.01.19 15:34:27.625,1.84503,1.84546,2.62,2.40
2015.01.19 15:34:28.891,1.84503,1.84546,1.87,2.40
2015.01.19 15:34:29.402,1.84507,1.84547,1.00,2.40
2015.01.19 15:34:31.595,1.84507,1.84544,1.00,1.57
2015.01.19 15:34:32.383,1.84507,1.84544,1.00,1.85
2015.01.19 15:34:33.215,1.84507,1.8454,1.00,1.37
2015.01.19 15:34:36.091,1.84507,1.84541,1.12,1.12
2015.01.19 15:34:36.409,1.8451,1.8454,1.00,1.00
2015.01.19 15:34:38.199,1.8451,1.84544,1.50,1.47
2015.01.19 15:34:39.006,1.8451,1.84544,1.00,1.20
2015.01.19 15:34:40.149,1.8451,1.84544,1.00,1.47
2015.01.19 15:34:40.673,1.8451,1.84544,1.00,1.10
2015.01.19 15:34:41.640,1.8451,1.84544,1.37,1.00
2015.01.19 15:34:44.462,1.84513,1.84545,1.00,1.00
2015.01.19 15:34:45.000,1.84513,1.84545,1.37,1.00
2015.01.19 15:34:45.625,1.84513,1.84545,1.00,1.00
2015.01.19 15:34:46.627,1.84513,1.84545,1.37,1.00
2015.01.19 15:34:47.143,1.84513,1.84545,1.37,1.00
2015.01.19 15:34:48.450,1.84513,1.84545,1.37,1.00
2015.01.19 15:34:48.651,1.84513,1.84545,1.37,1.00
2015.01.19 15:34:51.642,1.84513,1.84545,1.87,1.00
2015.01.19 15:34:52.828,1.84516,1.84548,1.37,1.12
2015.01.19 15:34:53.236,1.84516,1.84548,1.00,1.37
2015.01.19 15:34:53.488,1.84512,1.84546,1.00,1.37
2015.01.19 15:34:53.842,1.84512,1.84546,1.00,1.75
2015.01.19 15:34:53.944,1.8451,1.84544,1.00,2.62
2015.01.19 15:34:54.348,1.8451,1.84544,1.37,1.87
2015.01.19 15:34:54.852,1.8451,1.84544,1.12,1.12
2015.01.19 15:34:55.381,1.8451,1.84543,1.00,1.37
2015.01.19 15:34:55.759,1.84513,1.8454,1.00,1.00
2015.01.19 15:35:01.326,1.84516,1.84542,1.00,1.00
2015.01.19 15:35:02.144,1.84518,1.84542,1.00,1.00
2015.01.19 15:35:02.195,1.84519,1.84546,1.00,1.37
2015.01.19 15:35:02.297,1.84516,1.84541,1.00,1.00
2015.01.19 15:35:02.600,1.84513,1.84538,1.00,1.00
2015.01.19 15:35:03.162,1.84513,1.84532,1.00,1.00
2015.01.19 15:35:09.239,1.84516,1.84535,1.00,1.00
2015.01.19 15:35:09.654,1.84513,1.84532,1.00,1.00
2015.01.19 15:35:09.805,1.84508,1.84529,1.00,1.00
2015.01.19 15:35:09.907,1.84505,1.84526,1.00,1.00
2015.01.19 15:35:10.210,1.84508,1.84529,1.00,1.00
2015.01.19 15:35:10.513,1.84505,1.84523,1.00,1.00
2015.01.19 15:35:10.564,1.84501,1.8452,1.00,1.00
2015.01.19 15:35:10.782,1.84506,1.84527,1.00,1.00
2015.01.19 15:35:10.883,1.84511,1.84532,1.00,1.00
2015.01.19 15:35:11.186,1.84514,1.84533,1.00,1.00
2015.01.19 15:35:12.081,1.84511,1.8453,1.00,1.00
2015.01.19 15:35:12.183,1.84513,1.84534,1.00,1.00
2015.01.19 15:35:12.990,1.84512,1.84531,1.00,1.00
2015.01.19 15:35:15.832,1.84512,1.84531,1.00,1.37
2015.01.19 15:35:16.135,1.84512,1.8453,1.00,1.90
2015.01.19 15:35:16.186,1.84505,1.84526,1.00,1.37
2015.01.19 15:35:16.340,1.84505,1.84526,1.00,1.37
2015.01.19 15:35:16.391,1.84502,1.84523,1.00,1.37
2015.01.19 15:35:16.932,1.84502,1.84523,1.00,1.12
2015.01.19 15:35:17.832,1.845,1.84519,1.00,1.00
2015.01.19 15:35:43.105,1.84503,1.84522,1.00,1.00
2015.01.19 15:35:45.442,1.845,1.84519,1.00,1.00
2015.01.19 15:35:46.884,1.845,1.84519,1.37,1.00
2015.01.19 15:35:48.815,1.845,1.84519,1.00,1.00
2015.01.19 15:35:50.868,1.845,1.84516,1.00,1.00
2015.01.19 15:35:50.918,1.84493,1.84512,1.00,1.00
2015.01.19 15:35:52.360,1.84497,1.84516,1.00,1.00
2015.01.19 15:35:52.663,1.84498,1.84519,1.00,1.00
2015.01.19 15:35:53.168,1.84498,1.84519,1.37,1.00
2015.01.19 15:35:53.752,1.84498,1.84519,1.00,1.00
2015.01.19 15:35:59.295,1.84501,1.84522,1.00,1.00
2015.01.19 15:36:15.346,1.84501,1.8452,1.00,1.00
2015.01.19 15:36:15.548,1.84495,1.84516,1.00,1.00
2015.01.19 15:36:26.009,1.84493,1.84512,1.00,1.00
2015.01.19 15:36:36.010,1.84496,1.84515,1.00,1.00
2015.01.19 15:36:36.314,1.84499,1.84518,1.00,1.00
2015.01.19 15:36:39.116,1.84499,1.84518,1.37,1.00
2015.01.19 15:36:39.217,1.84502,1.84521,1.00,1.00
2015.01.19 15:36:39.976,1.84503,1.84524,1.00,1.00
2015.01.19 15:36:40.489,1.84503,1.84524,1.37,1.00
2015.01.19 15:36:40.641,1.8451,1.84531,1.00,1.00
2015.01.19 15:36:45.562,1.84513,1.84534,1.00,1.00
2015.01.19 15:36:52.520,1.8451,1.84531,1.00,1.00
2015.01.19 15:36:57.045,1.84513,1.84532,1.00,1.00
2015.01.19 15:36:58.923,1.84515,1.84536,1.00,1.00
2015.01.19 15:36:59.573,1.84521,1.8454,1.00,1.00
2015.01.19 15:36:59.927,1.84524,1.84543,1.00,1.00
2015.01.19 15:37:00.028,1.84527,1.84548,1.12,1.00
2015.01.19 15:37:00.078,1.84527,1.84548,1.37,1.00
2015.01.19 15:37:00.381,1.84528,1.84548,1.37,1.00
2015.01.19 15:37:00.482,1.84535,1.84556,1.00,1.00
2015.01.19 15:37:03.868,1.84538,1.84559,1.00,1.00
2015.01.19 15:37:09.805,1.84535,1.84556,1.00,1.00
2015.01.19 15:37:10.108,1.84533,1.84552,1.00,1.00
2015.01.19 15:37:10.865,1.84534,1.84552,1.00,1.00
2015.01.19 15:37:10.916,1.84537,1.84556,1.00,1.00
2015.01.19 15:37:10.967,1.8454,1.84556,1.37,1.00
2015.01.19 15:37:11.018,1.8454,1.84563,1.37,1.00
2015.01.19 15:37:11.120,1.84545,1.8457,1.00,1.00
2015.01.19 15:37:13.904,1.84548,1.84573,1.00,1.00
2015.01.19 15:37:16.964,1.84546,1.8457,1.00,1.12
2015.01.19 15:37:17.469,1.84545,1.8457,1.00,1.37
2015.01.19 15:37:18.036,1.84545,1.8457,1.00,1.37
2015.01.19 15:37:19.107,1.84545,1.8457,1.00,1.12
2015.01.19 15:37:19.208,1.84545,1.8457,1.00,1.37
2015.01.19 15:37:19.735,1.84545,1.8457,1.00,1.37
2015.01.19 15:37:24.581,1.84545,1.8457,1.00,1.37
2015.01.19 15:37:24.783,1.84539,1.84565,1.00,1.37
2015.01.19 15:37:25.491,1.84539,1.84565,1.00,1.00
2015.01.19 15:37:27.670,1.84542,1.84567,1.00,1.00
2015.01.19 15:37:27.872,1.84539,1.84565,1.12,1.00
2015.01.19 15:37:28.175,1.84545,1.8457,1.00,1.00
2015.01.19 15:37:29.521,1.84542,1.84568,1.00,1.00
2015.01.19 15:37:33.411,1.84542,1.84568,1.37,1.00
2015.01.19 15:37:33.563,1.84549,1.84575,1.00,1.12
2015.01.19 15:37:34.076,1.84549,1.84575,1.00,1.37
2015.01.19 15:37:34.578,1.84549,1.84575,1.00,1.00
2015.01.19 15:37:46.647,1.84544,1.84571,1.00,1.00
2015.01.19 15:37:46.748,1.84541,1.84568,1.00,1.12
2015.01.19 15:37:47.970,1.84541,1.84568,1.37,1.00
2015.01.19 15:37:48.374,1.84541,1.84568,1.12,1.00
2015.01.19 15:37:48.838,1.84545,1.84571,1.00,1.00
2015.01.19 15:37:51.371,1.84545,1.84571,1.00,1.37
2015.01.19 15:37:51.676,1.84545,1.8457,1.00,1.37
2015.01.19 15:37:51.728,1.84542,1.84567,1.00,1.87
2015.01.19 15:37:51.933,1.84544,1.84565,1.00,1.00
2015.01.19 15:38:00.413,1.84544,1.84564,1.00,1.37
2015.01.19 15:38:00.716,1.84542,1.84561,1.00,1.37
2015.01.19 15:38:01.018,1.84542,1.84561,1.00,1.87
2015.01.19 15:38:02.142,1.84539,1.84558,1.00,1.12
2015.01.19 15:38:04.794,1.84535,1.84556,1.00,1.00
2015.01.19 15:38:07.387,1.84535,1.84556,1.00,1.57
2015.01.19 15:38:07.438,1.84533,1.84554,1.00,1.00
2015.01.19 15:38:07.489,1.84533,1.84548,1.00,1.37
2015.01.19 15:38:07.539,1.8453,1.84548,1.00,1.37
2015.01.19 15:38:07.691,1.8453,1.84549,1.00,1.37
2015.01.19 15:38:07.792,1.84526,1.84547,1.00,1.00
2015.01.19 15:38:09.740,1.84529,1.8455,1.00,1.00
2015.01.19 15:38:10.048,1.84532,1.84553,1.37,1.00
2015.01.19 15:38:11.325,1.84532,1.84553,1.00,1.00
2015.01.19 15:38:13.599,1.84532,1.84553,1.37,1.00
2015.01.19 15:38:13.953,1.84534,1.84555,1.00,1.00
2015.01.19 15:38:20.098,1.84531,1.84552,1.00,1.00
2015.01.19 15:38:22.001,1.84531,1.84552,1.00,1.37
2015.01.19 15:38:22.512,1.84531,1.84552,1.00,1.00
2015.01.19 15:38:23.274,1.84529,1.84548,1.00,1.00
2015.01.19 15:38:23.729,1.84532,1.84551,1.00,1.00
2015.01.19 15:38:24.284,1.84535,1.84554,1.00,1.00
2015.01.19 15:38:27.991,1.84538,1.84559,1.00,1.00
2015.01.19 15:38:28.244,1.8454,1.84561,1.00,1.00
2015.01.19 15:38:30.788,1.84544,1.84563,1.00,1.00
2015.01.19 15:38:31.091,1.84548,1.84567,1.00,1.00
2015.01.19 15:38:31.550,1.8455,1.84571,1.00,1.00
2015.01.19 15:38:36.164,1.84554,1.84573,1.00,1.00
2015.01.19 15:38:36.820,1.84556,1.84577,1.00,1.00
2015.01.19 15:38:53.750,1.84554,1.84573,1.00,1.00
2015.01.19 15:38:56.374,1.84558,1.84577,1.00,1.00
2015.01.19 15:38:56.626,1.8456,1.84581,1.00,1.00
2015.01.19 15:38:57.140,1.84564,1.84581,1.00,1.00
2015.01.19 15:38:57.191,1.84565,1.84584,1.00,1.00
2015.01.19 15:38:57.292,1.84572,1.84591,1.00,1.00
2015.01.19 15:39:09.795,1.84569,1.8459,1.00,1.00
2015.01.19 15:39:09.947,1.84566,1.84587,1.00,1.00
2015.01.19 15:39:10.350,1.84564,1.84583,1.00,1.12
2015.01.19 15:39:10.653,1.84562,1.84581,1.00,1.37
2015.01.19 15:39:10.805,1.84559,1.84578,1.00,1.00
2015.01.19 15:39:37.895,1.84555,1.84574,1.00,1.00
2015.01.19 15:39:38.299,1.84552,1.84571,1.00,1.00
2015.01.19 15:39:38.653,1.84549,1.8457,1.00,1.00
2015.01.19 15:39:43.752,1.84549,1.8457,1.37,1.00
2015.01.19 15:39:43.803,1.84552,1.84573,1.37,1.00
2015.01.19 15:39:44.307,1.84552,1.84573,1.37,1.00
2015.01.19 15:39:51.310,1.84552,1.84573,1.12,1.00
2015.01.19 15:39:55.251,1.84552,1.84573,1.00,1.87
2015.01.19 15:39:55.352,1.84545,1.84566,1.00,1.37
2015.01.19 15:39:55.453,1.8454,1.84561,1.00,1.00
2015.01.19 15:39:55.555,1.8454,1.84561,1.00,1.37
2015.01.19 15:39:55.707,1.84538,1.84557,1.00,1.00
2015.01.19 15:39:55.909,1.84534,1.84555,1.00,1.00
2015.01.19 15:39:56.005,1.84534,1.84555,1.00,1.37
2015.01.19 15:39:56.056,1.84531,1.84552,1.00,1.00
2015.01.19 15:39:57.356,1.8453,1.84549,1.00,1.00
2015.01.19 15:39:57.659,1.84527,1.84546,1.00,1.00
2015.01.19 15:40:00.665,1.84521,1.84547,1.00,1.37
2015.01.19 15:40:00.767,1.84516,1.84541,1.00,1.00
2015.01.19 15:40:00.868,1.84514,1.84538,1.00,1.00
2015.01.19 15:40:01.171,1.84507,1.84534,1.00,1.00
2015.01.19 15:40:01.373,1.84507,1.84534,1.00,1.37
2015.01.19 15:40:01.908,1.84507,1.84534,1.00,1.37
2015.01.19 15:40:02.473,1.84507,1.84534,1.00,1.37
2015.01.19 15:40:02.777,1.84506,1.8453,1.50,1.00
2015.01.19 15:40:05.814,1.84509,1.84534,1.00,1.00
2015.01.19 15:40:07.594,1.84508,1.8454,1.00,1.12
2015.01.19 15:40:08.686,1.84508,1.84539,1.00,1.00
2015.01.19 15:40:08.890,1.84508,1.84538,1.00,1.37
2015.01.19 15:40:08.995,1.84504,1.84538,1.87,1.87
2015.01.19 15:40:09.184,1.84505,1.84538,1.37,1.00
2015.01.19 15:40:09.425,1.84504,1.84538,1.37,1.37
2015.01.19 15:40:09.627,1.84504,1.84538,1.87,1.00
2015.01.19 15:40:09.933,1.84504,1.84538,1.37,1.37
2015.01.19 15:40:11.421,1.84504,1.84538,1.37,1.00
2015.01.19 15:40:11.523,1.84504,1.84538,1.37,1.37
2015.01.19 15:40:12.038,1.84506,1.84538,1.00,1.71
2015.01.19 15:40:14.572,1.84506,1.84537,1.00,1.37
2015.01.19 15:40:15.077,1.84505,1.84537,1.12,1.37
2015.01.19 15:40:18.756,1.84505,1.84537,1.50,1.37
2015.01.19 15:40:19.196,1.84505,1.84535,1.50,1.37
2015.01.19 15:40:19.645,1.84507,1.84537,1.00,3.71
2015.01.19 15:40:19.976,1.84505,1.84536,1.00,1.09
2015.01.19 15:40:20.279,1.84501,1.84526,1.00,1.00
2015.01.19 15:40:20.582,1.84502,1.84528,1.00,1.87
2015.01.19 15:40:20.885,1.84498,1.84528,1.12,1.50
2015.01.19 15:40:20.986,1.84501,1.84528,1.00,1.50
2015.01.19 15:40:21.346,1.84501,1.84531,1.12,1.50
2015.01.19 15:40:22.665,1.84502,1.84531,1.37,1.00
2015.01.19 15:40:22.766,1.84504,1.84536,1.12,1.00
2015.01.19 15:40:23.282,1.84505,1.84536,1.00,1.00
2015.01.19 15:40:25.052,1.84506,1.84536,1.00,1.00
2015.01.19 15:40:25.600,1.84506,1.84537,1.00,1.12
2015.01.19 15:40:25.803,1.84506,1.84538,1.00,1.37
2015.01.19 15:40:25.904,1.84506,1.84538,1.00,1.12
2015.01.19 15:40:26.107,1.84506,1.84538,1.87,1.00
2015.01.19 15:40:26.410,1.84511,1.84538,1.00,1.00
2015.01.19 15:40:26.713,1.84507,1.84538,1.37,1.00
2015.01.19 15:40:27.257,1.84508,1.84539,1.12,1.87
2015.01.19 15:40:27.709,1.84507,1.84539,2.62,1.00
2015.01.19 15:40:28.592,1.84512,1.84539,1.00,1.00
2015.01.19 15:40:28.694,1.84509,1.84543,1.37,1.37
2015.01.19 15:40:29.237,1.84511,1.84543,1.00,1.37
2015.01.19 15:40:29.673,1.84517,1.84543,1.00,1.37
2015.01.19 15:40:29.724,1.84517,1.84545,1.00,1.87
2015.01.19 15:40:29.775,1.84521,1.84542,1.00,1.00
2015.01.19 15:40:29.876,1.84515,1.84542,1.00,1.00
2015.01.19 15:40:30.331,1.84513,1.84539,1.00,1.00
2015.01.19 15:40:32.883,1.84516,1.84539,1.00,1.00
2015.01.19 15:40:33.626,1.84517,1.84539,1.00,1.00
2015.01.19 15:40:33.939,1.84522,1.84541,1.00,1.37
2015.01.19 15:40:34.091,1.84517,1.84537,1.00,1.00
2015.01.19 15:40:34.192,1.84517,1.84542,1.50,1.46
2015.01.19 15:40:34.293,1.8452,1.84544,1.00,1.71
2015.01.19 15:40:34.949,1.84517,1.84541,1.00,1.09
2015.01.19 15:40:36.608,1.84516,1.84537,1.00,1.00
2015.01.19 15:40:36.910,1.84514,1.84533,1.00,1.37
2015.01.19 15:40:37.213,1.84511,1.84529,1.00,1.00
2015.01.19 15:40:37.264,1.84504,1.84523,1.00,1.00
2015.01.19 15:40:38.776,1.84504,1.84523,1.00,1.37
2015.01.19 15:40:38.928,1.845,1.84519,1.00,1.00
2015.01.19 15:40:39.079,1.845,1.84519,1.00,1.34
2015.01.19 15:40:39.130,1.84494,1.84509,1.00,1.00
2015.01.19 15:40:39.231,1.84494,1.84506,1.00,1.37
2015.01.19 15:40:39.282,1.84479,1.84497,1.00,1.00
2015.01.19 15:40:39.383,1.84466,1.84499,1.50,1.37
2015.01.19 15:40:39.535,1.84466,1.84502,1.87,1.87
2015.01.19 15:40:39.636,1.84466,1.84502,1.12,1.50
2015.01.19 15:40:39.939,1.84471,1.84495,1.00,1.12
2015.01.19 15:40:40.041,1.84472,1.84497,1.00,1.00
2015.01.19 15:40:40.142,1.84469,1.84501,1.00,1.00
2015.01.19 15:40:40.344,1.84469,1.84499,1.00,1.00
2015.01.19 15:40:40.697,1.84469,1.84497,1.00,1.00
2015.01.19 15:40:43.551,1.84466,1.84497,1.00,1.87
2015.01.19 15:40:46.054,1.84466,1.84497,1.00,1.87
2015.01.19 15:40:48.420,1.84466,1.84493,1.00,1.00
2015.01.19 15:40:48.521,1.84459,1.84492,1.37,1.12
2015.01.19 15:40:48.572,1.84459,1.84492,1.00,1.37
2015.01.19 15:40:48.622,1.84459,1.84488,1.00,1.00
2015.01.19 15:40:48.824,1.84454,1.84486,1.37,1.00
2015.01.19 15:40:49.345,1.8445,1.84487,2.40,1.12
2015.01.19 15:40:49.967,1.84451,1.84485,1.57,1.00
2015.01.19 15:40:50.068,1.8445,1.84487,1.92,1.12
2015.01.19 15:40:50.593,1.84451,1.84486,1.57,1.00
2015.01.19 15:40:50.896,1.84455,1.84489,1.37,1.12
2015.01.19 15:40:51.306,1.84452,1.84486,1.00,1.37
2015.01.19 15:40:51.408,1.84448,1.84484,1.37,1.87
2015.01.19 15:40:51.509,1.84447,1.8448,1.00,1.37
2015.01.19 15:40:52.044,1.84445,1.84479,1.37,1.12
2015.01.19 15:40:53.533,1.84448,1.84479,1.00,1.12
2015.01.19 15:40:53.887,1.84448,1.84474,1.00,1.00
2015.01.19 15:40:53.988,1.84435,1.84468,1.50,1.12
2015.01.19 15:40:54.089,1.84441,1.84468,1.00,1.87
2015.01.19 15:40:54.190,1.84441,1.84473,1.50,1.87
2015.01.19 15:40:54.241,1.84441,1.84473,2.25,1.00
2015.01.19 15:40:54.342,1.84444,1.8448,1.37,1.37
2015.01.19 15:40:57.910,1.84443,1.84478,1.57,1.00
2015.01.19 15:40:58.255,1.84446,1.84481,1.50,1.00
2015.01.19 15:40:58.761,1.84444,1.84484,1.75,1.37
2015.01.19 15:40:59.128,1.84444,1.84486,3.00,1.37
2015.01.19 15:41:04.754,1.84447,1.84489,1.75,1.37
2015.01.19 15:41:06.492,1.84454,1.84488,1.12,1.87
2015.01.19 15:41:08.672,1.84452,1.84486,1.37,1.00
2015.01.19 15:41:08.828,1.84452,1.84489,1.37,1.37
2015.01.19 15:41:09.661,1.84453,1.84489,1.50,1.00
2015.01.19 15:41:10.783,1.84453,1.84489,1.37,1.37
2015.01.19 15:41:11.399,1.84452,1.84489,1.50,1.00
2015.01.19 15:41:13.799,1.8445,1.84489,1.50,1.37
2015.01.19 15:41:13.901,1.84447,1.84486,1.37,1.87
2015.01.19 15:41:14.205,1.84444,1.8448,1.75,1.00
2015.01.19 15:41:14.729,1.84449,1.84479,1.37,1.00
2015.01.19 15:41:15.032,1.84447,1.84479,1.75,1.00
2015.01.19 15:41:15.618,1.84447,1.84479,1.37,1.00
2015.01.19 15:41:15.719,1.84449,1.84479,1.37,1.00
2015.01.19 15:41:15.867,1.84448,1.84478,1.37,1.00
2015.01.19 15:41:16.816,1.84447,1.84478,1.12,1.12
2015.01.19 15:41:16.866,1.84447,1.84474,1.12,1.00
2015.01.19 15:41:17.920,1.84441,1.84474,1.75,1.00
2015.01.19 15:41:18.424,1.84441,1.84475,1.75,1.00
2015.01.19 15:41:18.645,1.84441,1.84478,1.75,1.00
2015.01.19 15:41:19.402,1.84444,1.8448,1.75,1.00
2015.01.19 15:41:19.936,1.84446,1.84484,2.25,1.00
2015.01.19 15:41:20.441,1.84449,1.84485,2.25,1.00
2015.01.19 15:41:20.542,1.84453,1.84487,1.37,1.12
2015.01.19 15:41:20.643,1.84453,1.84487,1.50,1.00
2015.01.19 15:41:21.757,1.84451,1.84487,1.37,1.00
2015.01.19 15:41:21.858,1.84446,1.84483,1.37,1.37
2015.01.19 15:41:21.908,1.84446,1.84479,1.37,1.00
2015.01.19 15:41:21.959,1.84442,1.84479,2.25,1.00
2015.01.19 15:41:22.060,1.8444,1.84477,1.37,1.37
2015.01.19 15:41:22.365,1.84439,1.84472,1.37,1.00
2015.01.19 15:41:23.335,1.84438,1.84472,1.00,1.37
2015.01.19 15:41:23.386,1.84432,1.84462,1.37,1.00
2015.01.19 15:41:23.438,1.84432,1.84462,1.37,1.00
2015.01.19 15:41:23.489,1.84431,1.8446,1.37,1.00
2015.01.19 15:41:24.008,1.84427,1.84462,1.90,1.00
2015.01.19 15:41:24.418,1.84427,1.84465,1.75,1.00
2015.01.19 15:41:24.670,1.84431,1.84465,1.00,1.00
2015.01.19 15:41:24.721,1.84431,1.84468,1.12,1.00
2015.01.19 15:41:24.873,1.84436,1.84468,1.00,1.00
2015.01.19 15:41:25.183,1.84437,1.84474,1.37,1.47
2015.01.19 15:41:25.235,1.84442,1.84477,1.37,1.00
2015.01.19 15:41:25.337,1.84447,1.84477,1.12,1.00
2015.01.19 15:41:25.438,1.84447,1.84483,1.37,1.12
2015.01.19 15:41:25.742,1.84449,1.84487,1.12,2.32
2015.01.19 15:41:26.046,1.84445,1.84483,1.00,2.25
2015.01.19 15:41:26.349,1.8445,1.84482,1.00,1.75
2015.01.19 15:41:26.551,1.8445,1.84482,1.00,1.37
2015.01.19 15:41:26.856,1.8445,1.84482,1.00,1.37
2015.01.19 15:41:27.058,1.8445,1.84482,1.12,1.12
2015.01.19 15:41:27.666,1.8445,1.84482,1.50,1.37
2015.01.19 15:41:29.095,1.8445,1.84482,1.12,1.12
2015.01.19 15:41:30.014,1.8445,1.84482,1.37,1.00
2015.01.19 15:41:30.418,1.84452,1.84486,1.12,1.37
2015.01.19 15:41:31.025,1.84452,1.84486,1.37,1.00
2015.01.19 15:41:32.320,1.84454,1.84486,1.37,1.00
2015.01.19 15:41:32.370,1.84456,1.84488,1.37,1.00
2015.01.19 15:41:32.936,1.84456,1.84488,1.87,1.00
2015.01.19 15:41:33.696,1.84461,1.84495,1.00,1.37
2015.01.19 15:41:33.747,1.84461,1.84495,1.37,1.00
2015.01.19 15:41:34.151,1.84461,1.84495,1.12,1.12
2015.01.19 15:41:34.354,1.84461,1.84495,1.37,1.00
2015.01.19 15:41:34.867,1.84461,1.84495,1.37,1.12
2015.01.19 15:41:34.968,1.84461,1.84495,1.12,1.37
2015.01.19 15:41:35.070,1.84461,1.84495,1.37,1.00
2015.01.19 15:41:35.856,1.84461,1.84495,1.37,1.00
2015.01.19 15:41:36.122,1.84465,1.84497,1.12,1.00
2015.01.19 15:41:36.173,1.84465,1.84497,1.37,1.00
2015.01.19 15:41:36.976,1.84465,1.84497,1.37,1.00
2015.01.19 15:41:37.229,1.84467,1.84501,1.37,1.12
2015.01.19 15:41:37.330,1.84473,1.845,1.00,1.00
2015.01.19 15:41:38.061,1.84473,1.845,1.00,1.37
2015.01.19 15:41:38.220,1.84471,1.84497,1.00,1.00
2015.01.19 15:41:40.386,1.84471,1.84497,1.00,1.87
2015.01.19 15:41:40.437,1.84469,1.84494,1.00,1.00
2015.01.19 15:41:40.744,1.84464,1.84491,1.12,1.00
2015.01.19 15:41:41.931,1.84462,1.84488,1.12,1.00
2015.01.19 15:41:42.744,1.84465,1.84491,1.00,1.00
2015.01.19 15:41:43.403,1.84465,1.84491,1.00,1.87
2015.01.19 15:41:43.505,1.84458,1.84484,1.00,1.00
2015.01.19 15:41:43.606,1.84455,1.84481,1.00,1.00
2015.01.19 15:41:44.618,1.84455,1.84481,1.37,1.00
2015.01.19 15:41:46.121,1.84455,1.84481,1.12,1.00
2015.01.19 15:41:47.112,1.84455,1.84481,1.37,1.00
2015.01.19 15:41:47.415,1.84455,1.84481,1.37,1.00
2015.01.19 15:41:48.447,1.84458,1.84484,1.37,1.00
2015.01.19 15:41:48.572,1.84462,1.84481,1.00,1.00
2015.01.19 15:41:50.553,1.84462,1.84481,1.37,1.00
2015.01.19 15:41:50.654,1.84465,1.84486,1.00,1.00
2015.01.19 15:41:51.164,1.84465,1.84486,1.87,1.00
2015.01.19 15:41:51.214,1.84465,1.84486,1.87,1.00
2015.01.19 15:41:51.315,1.8447,1.84489,1.00,1.00
2015.01.19 15:41:51.417,1.84472,1.84491,1.00,1.00
2015.01.19 15:41:58.032,1.84468,1.84489,1.00,1.00
2015.01.19 15:42:04.394,1.84472,1.84491,1.00,1.00
2015.01.19 15:42:10.924,1.84472,1.84491,1.37,1.00
2015.01.19 15:42:11.465,1.84472,1.84491,1.00,1.00
2015.01.19 15:42:13.864,1.84469,1.84488,1.00,1.00
2015.01.19 15:42:28.495,1.84471,1.8449,1.50,1.00
2015.01.19 15:42:31.195,1.84471,1.8449,1.00,1.37
2015.01.19 15:42:32.638,1.84471,1.8449,1.00,1.00
2015.01.19 15:42:33.832,1.84471,1.8449,1.00,1.37
2015.01.19 15:42:34.867,1.84468,1.84489,1.00,1.37
2015.01.19 15:42:34.968,1.84465,1.84486,1.00,1.12
2015.01.19 15:42:35.485,1.84465,1.84486,1.00,1.37
2015.01.19 15:42:37.946,1.84465,1.84486,1.00,1.37
2015.01.19 15:42:38.451,1.84464,1.84483,1.00,1.00
2015.01.19 15:42:39.978,1.84464,1.84483,1.00,1.37
2015.01.19 15:42:40.282,1.84461,1.8448,1.00,1.00
2015.01.19 15:42:59.600,1.84461,1.8448,1.00,1.37
2015.01.19 15:43:00.059,1.84465,1.84484,1.00,1.00
2015.01.19 15:43:00.160,1.84468,1.84489,1.00,1.00
2015.01.19 15:43:00.262,1.84471,1.8449,1.00,1.00
2015.01.19 15:43:03.706,1.84474,1.8449,1.00,1.00
2015.01.19 15:43:04.003,1.84477,1.84494,1.00,1.00
2015.01.19 15:43:04.371,1.84478,1.84496,1.00,1.00
2015.01.19 15:43:04.472,1.8448,1.84499,1.00,1.00
2015.01.19 15:43:04.976,1.84481,1.84499,1.00,1.00
2015.01.19 15:43:06.794,1.84482,1.84499,1.00,1.00
2015.01.19 15:43:06.895,1.84486,1.84506,1.00,1.00
2015.01.19 15:43:07.402,1.84487,1.84506,1.00,1.00
2015.01.19 15:43:07.919,1.84488,1.84506,1.00,1.00
2015.01.19 15:43:08.183,1.8449,1.84509,1.00,1.00
2015.01.19 15:43:08.435,1.84492,1.84509,1.00,1.00
2015.01.19 15:43:08.738,1.84494,1.84509,1.00,1.00
2015.01.19 15:43:09.092,1.84496,1.84509,1.00,1.00
2015.01.19 15:43:09.295,1.84497,1.84513,1.00,1.00
2015.01.19 15:43:09.485,1.84499,1.84513,1.00,1.00
2015.01.19 15:43:09.535,1.84497,1.84513,1.00,1.00
2015.01.19 15:43:09.637,1.84497,1.84515,1.00,1.00
2015.01.19 15:43:10.193,1.84498,1.84515,1.00,1.00
2015.01.19 15:43:12.074,1.845,1.84515,1.00,1.00
2015.01.19 15:43:12.276,1.84502,1.84521,1.00,1.00
2015.01.19 15:43:12.377,1.84502,1.84525,1.00,1.00
2015.01.19 15:43:14.675,1.84502,1.84525,1.00,1.37
2015.01.19 15:43:14.928,1.84505,1.84525,1.00,1.00
2015.01.19 15:43:15.029,1.845,1.84525,1.00,1.00
2015.01.19 15:43:15.630,1.845,1.84525,1.00,1.37
2015.01.19 15:43:19.709,1.845,1.84525,1.00,1.37
2015.01.19 15:43:19.861,1.84498,1.84522,1.00,1.00
2015.01.19 15:43:24.150,1.84498,1.84522,1.00,1.37
2015.01.19 15:43:24.352,1.84494,1.84521,1.50,1.37
2015.01.19 15:43:24.857,1.84494,1.84521,1.00,1.12
2015.01.19 15:43:24.908,1.84492,1.84518,1.50,1.00
2015.01.19 15:43:29.337,1.84493,1.84518,1.00,1.00
2015.01.19 15:43:29.640,1.84496,1.84518,1.00,1.00
2015.01.19 15:43:34.271,1.84496,1.8452,1.00,1.00
2015.01.19 15:43:34.372,1.84498,1.8452,1.00,1.00
2015.01.19 15:43:34.905,1.84499,1.8452,1.00,1.00
2015.01.19 15:43:35.208,1.84501,1.8452,1.00,1.00
2015.01.19 15:43:40.196,1.84501,1.84525,1.00,1.00
2015.01.19 15:43:41.565,1.845,1.84525,1.00,1.00
2015.01.19 15:43:41.666,1.84498,1.84525,1.50,1.37
2015.01.19 15:43:45.836,1.84499,1.84525,1.00,1.37
2015.01.19 15:43:46.372,1.84499,1.84525,1.00,1.12
2015.01.19 15:43:47.115,1.84499,1.84525,1.00,1.37
2015.01.19 15:43:47.634,1.845,1.84525,1.00,1.00
2015.01.19 15:43:49.708,1.84501,1.84525,1.00,1.00
2015.01.19 15:43:49.809,1.84504,1.84525,1.00,1.00
2015.01.19 15:43:50.026,1.84501,1.84525,1.00,1.00
2015.01.19 15:43:51.670,1.84503,1.84525,1.00,1.00
2015.01.19 15:43:51.771,1.84501,1.84525,1.00,1.00
2015.01.19 15:43:52.467,1.84504,1.84525,1.00,1.00
2015.01.19 15:43:53.841,1.84503,1.84525,1.00,1.00
2015.01.19 15:43:54.304,1.845,1.84525,1.00,1.00
2015.01.19 15:43:55.180,1.84498,1.84525,1.50,1.12
2015.01.19 15:43:55.231,1.84498,1.84525,1.50,1.37
2015.01.19 15:43:55.747,1.84499,1.84525,1.00,1.37
2015.01.19 15:43:56.456,1.84499,1.84525,1.00,1.37
2015.01.19 15:43:59.125,1.845,1.84525,1.00,1.37
2015.01.19 15:43:59.647,1.845,1.84525,1.00,1.12
2015.01.19 15:44:00.105,1.84501,1.84522,1.00,1.00
2015.01.19 15:44:00.776,1.84502,1.84522,1.00,1.00
2015.01.19 15:44:01.291,1.84501,1.84522,1.00,1.00
2015.01.19 15:44:03.887,1.84504,1.84522,1.00,1.00
2015.01.19 15:44:04.190,1.84506,1.84527,1.00,1.00
2015.01.19 15:44:07.140,1.84509,1.8453,1.00,1.00
2015.01.19 15:44:07.442,1.84514,1.8453,1.00,1.00
2015.01.19 15:44:07.493,1.84509,1.8453,1.00,1.00
2015.01.19 15:44:10.941,1.84509,1.8453,1.00,1.37
2015.01.19 15:44:11.153,1.84509,1.8453,1.00,1.00
2015.01.19 15:44:13.981,1.84509,1.8453,1.00,1.37
2015.01.19 15:44:14.523,1.84509,1.8453,1.00,1.00
2015.01.19 15:44:18.697,1.84509,1.8453,1.50,1.00
2015.01.19 15:44:18.849,1.84516,1.84535,1.00,1.00
2015.01.19 15:44:19.255,1.84518,1.84539,1.00,1.00
2015.01.19 15:44:19.910,1.84521,1.8454,1.00,1.00
2015.01.19 15:44:23.918,1.84521,1.8454,1.00,1.37
2015.01.19 15:44:23.970,1.84519,1.84538,1.00,1.00
2015.01.19 15:44:24.323,1.84515,1.84536,1.00,1.00
2015.01.19 15:44:28.586,1.84515,1.84536,1.00,1.37
2015.01.19 15:44:29.631,1.8451,1.84529,1.00,1.00
2015.01.19 15:44:36.669,1.84513,1.84532,1.00,1.00
2015.01.19 15:44:38.288,1.84515,1.84534,1.00,1.00
2015.01.19 15:44:41.259,1.84518,1.84537,1.00,1.00
2015.01.19 15:44:46.474,1.84521,1.8454,1.12,1.00
2015.01.19 15:44:46.777,1.84524,1.84543,1.00,1.00
2015.01.19 15:44:47.666,1.84526,1.84545,1.00,1.00
2015.01.19 15:44:54.695,1.84526,1.84545,1.37,1.00
2015.01.19 15:44:54.796,1.84528,1.84549,1.00,1.00
2015.01.19 15:45:00.382,1.84528,1.84549,1.37,1.00
2015.01.19 15:45:00.433,1.84533,1.84554,1.00,1.00
2015.01.19 15:45:00.534,1.84536,1.84557,1.00,1.00
2015.01.19 15:45:05.292,1.84536,1.84557,1.00,1.37
2015.01.19 15:45:05.595,1.84532,1.84551,1.00,1.00
2015.01.19 15:45:08.068,1.84536,1.84551,1.00,1.00
2015.01.19 15:45:08.421,1.84532,1.84551,1.00,1.00
2015.01.19 15:45:08.875,1.84528,1.84549,1.00,1.00
2015.01.19 15:45:08.926,1.84528,1.84545,1.00,1.37
2015.01.19 15:45:09.027,1.84522,1.84539,1.00,1.00
2015.01.19 15:45:09.178,1.84518,1.84539,1.00,1.00
2015.01.19 15:45:09.431,1.84521,1.84539,1.00,1.00
2015.01.19 15:45:12.160,1.84518,1.84539,1.00,1.00
2015.01.19 15:45:12.547,1.84522,1.84541,1.00,1.00
2015.01.19 15:45:12.951,1.84524,1.84545,1.00,1.00
2015.01.19 15:45:13.457,1.84524,1.84545,1.37,1.00
2015.01.19 15:45:13.558,1.84529,1.8455,1.00,1.00
2015.01.19 15:45:14.949,1.84532,1.84551,1.00,1.00
2015.01.19 15:45:16.944,1.84535,1.84554,1.00,1.00
2015.01.19 15:45:19.653,1.84536,1.84557,1.00,1.00
2015.01.19 15:45:27.722,1.84533,1.84554,1.00,1.00
2015.01.19 15:45:33.008,1.84531,1.84552,1.00,1.00
2015.01.19 15:45:33.980,1.84528,1.84549,1.00,1.12
2015.01.19 15:45:35.384,1.84527,1.84546,1.00,1.00
2015.01.19 15:45:35.636,1.8452,1.84541,1.00,1.00
2015.01.19 15:45:35.737,1.84519,1.84538,1.00,1.00
2015.01.19 15:45:42.090,1.84516,1.84535,1.00,1.00
2015.01.19 15:45:43.141,1.84516,1.84535,1.00,1.37
2015.01.19 15:45:43.192,1.84513,1.84532,1.00,1.00
2015.01.19 15:45:47.073,1.8451,1.84531,1.00,1.00
2015.01.19 15:45:59.479,1.84507,1.84526,1.00,1.00
2015.01.19 15:45:59.783,1.84504,1.84523,1.00,1.00
2015.01.19 15:46:34.248,1.84506,1.84527,1.00,1.00
2015.01.19 15:46:39.447,1.84509,1.84528,1.00,1.00
2015.01.19 15:46:53.522,1.84506,1.84525,1.00,1.00
2015.01.19 15:46:54.908,1.84503,1.84524,1.00,1.00
2015.01.19 15:46:58.211,1.84501,1.8452,1.00,1.00
2015.01.19 15:47:06.795,1.84495,1.84516,1.00,1.87
2015.01.19 15:47:06.906,1.84495,1.84516,1.00,1.37
2015.01.19 15:47:06.957,1.84491,1.8451,1.00,1.00
2015.01.19 15:47:22.116,1.84494,1.84513,1.00,1.00
2015.01.19 15:47:25.083,1.8449,1.84511,1.00,1.37
2015.01.19 15:47:25.248,1.84483,1.84504,1.00,1.00
2015.01.19 15:47:25.298,1.84481,1.84502,1.00,1.00
2015.01.19 15:47:27.079,1.84478,1.84499,1.00,1.00
2015.01.19 15:47:39.918,1.84478,1.84499,1.00,1.37
2015.01.19 15:47:39.969,1.84473,1.84492,1.00,1.00
2015.01.19 15:47:43.901,1.8447,1.84489,1.00,1.00
2015.01.19 15:47:44.053,1.84472,1.84493,1.00,1.00
2015.01.19 15:47:44.154,1.8447,1.84489,1.00,1.00
2015.01.19 15:47:50.929,1.8447,1.84489,1.37,1.00
2015.01.19 15:47:51.238,1.84486,1.84495,2.10,1.00
2015.01.19 15:47:51.288,1.84481,1.84502,1.15,1.00
2015.01.19 15:47:51.390,1.84487,1.84508,1.00,1.00
2015.01.19 15:47:51.951,1.8449,1.84509,1.00,1.00
2015.01.19 15:47:53.869,1.8449,1.84509,1.37,1.00
2015.01.19 15:47:55.653,1.8449,1.84509,1.37,1.00
2015.01.19 15:47:56.158,1.8449,1.84509,1.37,1.00
2015.01.19 15:47:57.883,1.84492,1.84513,1.37,1.00
2015.01.19 15:47:58.860,1.84492,1.84513,1.75,1.00
2015.01.19 15:47:59.166,1.84495,1.84516,1.75,1.00
2015.01.19 15:47:59.686,1.84495,1.84516,1.75,1.00
2015.01.19 15:48:00.699,1.84495,1.84516,1.50,1.00
2015.01.19 15:48:00.902,1.84495,1.84516,1.37,1.00
2015.01.19 15:48:07.744,1.84495,1.84516,1.37,1.00
2015.01.19 15:48:08.645,1.84495,1.84516,1.00,1.00
2015.01.19 15:48:10.747,1.84495,1.84516,1.37,1.00
2015.01.19 15:48:14.557,1.84495,1.84516,1.00,1.00
2015.01.19 15:48:16.160,1.84498,1.84519,1.12,1.00
2015.01.19 15:48:16.463,1.84501,1.84522,1.00,1.00
2015.01.19 15:48:16.919,1.84505,1.84524,1.00,1.00
2015.01.19 15:48:20.565,1.84505,1.84524,1.37,1.00
2015.01.19 15:48:20.768,1.84507,1.84528,1.00,1.00
2015.01.19 15:48:21.280,1.84507,1.84528,1.37,1.00
2015.01.19 15:48:21.583,1.84511,1.8453,1.00,1.00
2015.01.19 15:48:29.699,1.84505,1.84526,1.00,1.00
2015.01.19 15:48:51.246,1.84508,1.84529,1.00,1.00
2015.01.19 15:48:51.651,1.84511,1.8453,1.00,1.00
2015.01.19 15:48:54.288,1.84503,1.84524,1.00,1.87
2015.01.19 15:48:54.490,1.84496,1.84517,1.00,1.00
2015.01.19 15:48:58.711,1.84496,1.84517,1.37,1.00
2015.01.19 15:48:58.963,1.84511,1.84546,1.75,1.00
2015.01.19 15:48:59.014,1.84512,1.84547,1.20,1.00
2015.01.19 15:48:59.065,1.84513,1.84552,1.00,1.50
2015.01.19 15:48:59.216,1.84513,1.84554,1.00,1.00
2015.01.19 15:48:59.368,1.84527,1.84548,1.00,1.00
2015.01.19 15:49:00.622,1.84527,1.84548,1.37,1.00
2015.01.19 15:49:00.673,1.84531,1.8455,1.00,1.00
2015.01.19 15:49:01.026,1.84532,1.84556,1.00,1.00
2015.01.19 15:49:01.347,1.84526,1.84552,1.00,1.00
2015.01.19 15:49:01.448,1.84527,1.84554,1.00,1.00
2015.01.19 15:49:01.910,1.84526,1.8455,1.00,1.00
2015.01.19 15:49:02.317,1.84523,1.84548,1.00,1.00
2015.01.19 15:49:02.469,1.84519,1.84545,1.00,1.00
2015.01.19 15:49:05.539,1.84519,1.84545,1.00,1.37
2015.01.19 15:49:07.281,1.84519,1.84545,1.00,1.00
2015.01.19 15:49:07.735,1.84517,1.84542,1.00,1.00
2015.01.19 15:49:33.381,1.84517,1.84542,1.37,1.00
2015.01.19 15:49:33.499,1.84517,1.84542,1.00,1.00
2015.01.19 15:49:33.550,1.84517,1.84542,1.37,1.00
2015.01.19 15:49:35.175,1.84517,1.84542,1.00,1.00
2015.01.19 15:50:07.720,1.84511,1.84552,1.37,1.75
2015.01.19 15:50:08.720,1.8451,1.84551,1.12,1.75
2015.01.19 15:50:10.658,1.84507,1.8455,1.87,1.75
2015.01.19 15:50:10.812,1.84508,1.8455,1.37,1.75
2015.01.19 15:50:10.913,1.84507,1.8455,2.25,1.37
2015.01.19 15:50:11.244,1.84507,1.8455,1.37,1.75
2015.01.19 15:50:11.446,1.84507,1.8455,1.37,1.37
2015.01.19 15:50:11.757,1.84507,1.8455,1.37,1.50
2015.01.19 15:50:11.858,1.84509,1.8455,1.37,1.37
2015.01.19 15:50:12.033,1.84509,1.8455,1.12,1.50
2015.01.19 15:50:12.520,1.84507,1.8455,1.37,1.37
2015.01.19 15:50:12.828,1.84511,1.84551,1.37,1.87
2015.01.19 15:50:13.131,1.84511,1.84553,1.37,1.50
2015.01.19 15:50:13.640,1.84511,1.84553,1.75,1.37
2015.01.19 15:50:14.258,1.84519,1.84545,1.00,1.00
2015.01.19 15:50:14.966,1.84523,1.84542,1.00,1.00
2015.01.19 15:50:16.352,1.84526,1.84545,1.00,1.00
2015.01.19 15:50:22.238,1.84526,1.84545,1.37,1.00
2015.01.19 15:50:22.339,1.84529,1.8455,1.00,1.00
2015.01.19 15:50:42.903,1.84533,1.84552,1.00,1.00
2015.01.19 15:51:05.703,1.84537,1.84558,1.00,1.00
2015.01.19 15:51:08.954,1.84535,1.84554,1.00,1.00
2015.01.19 15:51:12.799,1.84532,1.84551,1.00,1.00
2015.01.19 15:51:12.900,1.84526,1.84547,1.00,1.00
2015.01.19 15:51:13.153,1.84526,1.84547,1.00,1.37
2015.01.19 15:51:13.255,1.8452,1.84541,1.00,1.00
2015.01.19 15:51:25.884,1.84519,1.84538,1.00,1.00
2015.01.19 15:51:53.827,1.84519,1.84536,1.00,1.00
2015.01.19 15:51:53.928,1.84507,1.84526,1.00,1.00
2015.01.19 15:51:54.030,1.84503,1.84524,1.00,1.37
2015.01.19 15:51:54.181,1.845,1.84521,1.00,1.00
2015.01.19 15:52:05.155,1.84503,1.84522,1.00,1.00
2015.01.19 15:52:05.509,1.84498,1.84519,1.00,1.00
2015.01.19 15:52:05.610,1.84495,1.84516,1.00,1.00
2015.01.19 15:52:05.913,1.84501,1.8452,1.00,1.00
2015.01.19 15:53:03.367,1.84499,1.84518,1.00,1.00
2015.01.19 15:53:13.592,1.84501,1.8452,1.00,1.00
2015.01.19 15:53:24.787,1.84508,1.84529,1.00,1.00
2015.01.19 15:53:26.949,1.84506,1.84525,1.00,1.00
2015.01.19 15:53:31.035,1.84503,1.84524,1.00,1.00
2015.01.19 15:53:31.590,1.84501,1.8452,1.00,1.00
2015.01.19 15:53:31.900,1.84499,1.84518,1.00,1.00
2015.01.19 15:53:39.537,1.84493,1.84514,1.00,1.00
2015.01.19 15:53:44.555,1.84496,1.84517,1.00,1.00
2015.01.19 15:53:46.825,1.84496,1.84517,1.00,1.37
2015.01.19 15:53:50.083,1.84493,1.84514,1.00,1.00
2015.01.19 15:53:51.348,1.84493,1.84514,1.37,1.00
2015.01.19 15:53:51.449,1.84493,1.84514,1.00,1.00
2015.01.19 15:53:51.499,1.84496,1.84517,1.00,1.00
2015.01.19 15:53:51.806,1.84501,1.8452,1.00,1.00
2015.01.19 15:53:53.797,1.84503,1.84524,1.00,1.00
2015.01.19 15:53:58.379,1.84503,1.84524,1.00,1.37
2015.01.19 15:53:58.430,1.84501,1.8452,1.00,1.00
2015.01.19 15:53:59.388,1.84501,1.8452,1.00,1.37
2015.01.19 15:53:59.541,1.84498,1.84517,1.00,1.12
2015.01.19 15:53:59.693,1.84498,1.84517,1.00,1.75
2015.01.19 15:53:59.744,1.84492,1.84511,1.00,1.12
2015.01.19 15:53:59.796,1.84492,1.84511,1.00,1.37
2015.01.19 15:54:00.315,1.84492,1.84511,1.00,1.37
2015.01.19 15:54:00.769,1.84492,1.84511,1.00,1.12
2015.01.19 15:54:01.049,1.84492,1.84511,1.00,1.37
2015.01.19 15:54:01.750,1.84489,1.84508,1.00,1.12
2015.01.19 15:54:01.952,1.84487,1.84506,1.00,1.00
2015.01.19 15:54:09.295,1.84484,1.84503,1.00,1.00
2015.01.19 15:54:12.604,1.8448,1.84501,1.00,1.00
2015.01.19 15:54:12.706,1.84479,1.84498,1.00,1.00
2015.01.19 15:54:15.037,1.84475,1.84496,1.00,1.00
2015.01.19 15:54:15.491,1.84471,1.8449,1.00,1.00
2015.01.19 15:54:15.592,1.84467,1.84488,1.00,1.00
2015.01.19 15:54:21.550,1.84462,1.84481,1.00,1.00
2015.01.19 15:54:22.107,1.84462,1.84481,1.37,1.00
2015.01.19 15:54:23.244,1.84462,1.84481,1.37,1.00
2015.01.19 15:54:23.845,1.84462,1.84481,1.12,1.00
2015.01.19 15:54:27.891,1.84464,1.84483,1.00,1.00
2015.01.19 15:54:28.144,1.84466,1.84487,1.37,1.00
2015.01.19 15:54:28.668,1.84466,1.84487,1.00,1.00
2015.01.19 15:54:31.116,1.84467,1.84487,1.00,1.00
2015.01.19 15:54:31.167,1.84467,1.84487,1.37,1.00
2015.01.19 15:54:31.218,1.84475,1.84496,1.00,1.00
2015.01.19 15:54:31.421,1.84478,1.84497,1.00,1.00
2015.01.19 15:54:32.188,1.84474,1.84493,1.00,1.00
2015.01.19 15:54:43.868,1.84474,1.84493,1.57,1.00
2015.01.19 15:54:44.170,1.84483,1.84498,1.00,1.00
2015.01.19 15:54:44.221,1.84487,1.84508,1.00,1.00
2015.01.19 15:54:44.323,1.8449,1.84511,1.00,1.00
2015.01.19 15:55:01.127,1.8449,1.84511,1.00,1.37
2015.01.19 15:55:01.657,1.84488,1.84507,1.00,1.00
2015.01.19 15:55:05.531,1.84488,1.84507,1.00,1.37
2015.01.19 15:55:05.973,1.84485,1.84504,1.00,1.00
2015.01.19 15:55:10.030,1.84482,1.84503,1.00,1.00
2015.01.19 15:55:16.345,1.84482,1.84503,1.00,2.85
2015.01.19 15:55:16.396,1.84477,1.84496,1.00,1.00
2015.01.19 15:55:16.447,1.84477,1.84496,1.00,1.37
2015.01.19 15:55:16.548,1.84473,1.84494,1.00,1.00
2015.01.19 15:55:21.705,1.84477,1.84496,1.00,1.00
2015.01.19 15:55:24.886,1.84477,1.84496,1.00,1.27
2015.01.19 15:55:24.987,1.84474,1.84495,1.00,1.10
2015.01.19 15:55:32.382,1.84477,1.84496,1.00,1.00
2015.01.19 15:55:46.753,1.84479,1.845,1.00,1.00
2015.01.19 15:55:48.488,1.84482,1.84503,1.00,1.00
2015.01.19 15:55:48.791,1.84486,1.84505,1.37,1.00
2015.01.19 15:55:48.842,1.84489,1.84508,1.12,1.00
2015.01.19 15:55:51.015,1.84489,1.84508,1.37,1.00
2015.01.19 15:55:51.167,1.84492,1.84511,1.00,1.00
2015.01.19 15:56:35.037,1.84488,1.84509,1.00,1.37
2015.01.19 15:56:35.138,1.84486,1.84505,1.00,1.00
2015.01.19 15:56:35.240,1.84482,1.84503,1.00,1.00
2015.01.19 15:56:35.391,1.8448,1.84499,1.00,1.00
2015.01.19 15:56:35.492,1.84477,1.84498,1.00,1.00
2015.01.19 15:56:44.391,1.84475,1.84494,1.00,1.00
2015.01.19 15:56:46.353,1.84473,1.84492,1.00,1.00
2015.01.19 15:56:53.023,1.84473,1.84492,1.50,1.00
2015.01.19 15:56:53.175,1.84475,1.84494,1.37,1.00
2015.01.19 15:56:54.605,1.84475,1.84494,1.12,1.00
2015.01.19 15:56:58.248,1.84471,1.8449,1.00,1.00
2015.01.19 15:56:58.555,1.84462,1.84481,1.00,1.00
2015.01.19 15:56:58.911,1.84459,1.84478,1.00,1.00
2015.01.19 15:57:06.371,1.84456,1.84477,1.00,1.00
2015.01.19 15:57:22.167,1.84456,1.84477,1.00,1.37
2015.01.19 15:57:22.218,1.84452,1.84473,1.00,1.12
2015.01.19 15:57:22.269,1.84452,1.84473,1.00,1.37
2015.01.19 15:57:22.572,1.8445,1.84469,1.00,1.37
2015.01.19 15:57:22.673,1.84446,1.84467,1.00,1.12
2015.01.19 15:57:23.431,1.84447,1.84469,1.00,1.00
2015.01.19 15:57:23.532,1.84453,1.84477,1.00,1.00
2015.01.19 15:57:24.091,1.84458,1.84478,1.00,1.00
2015.01.19 15:57:24.142,1.84458,1.8448,1.00,1.00
2015.01.19 15:57:24.193,1.84459,1.84482,1.00,1.00
2015.01.19 15:57:24.732,1.84462,1.84482,1.00,1.00
2015.01.19 15:57:25.164,1.84465,1.84482,1.00,1.00
2015.01.19 15:57:25.672,1.84465,1.84483,1.00,1.00
2015.01.19 15:57:29.030,1.84459,1.8448,1.00,1.00
2015.01.19 15:57:29.631,1.84457,1.84476,1.00,1.00
2015.01.19 15:57:31.006,1.84455,1.84474,1.00,1.00
2015.01.19 15:57:35.731,1.84455,1.84474,1.37,1.00
2015.01.19 15:57:37.904,1.84455,1.84474,1.37,1.00
2015.01.19 15:57:38.056,1.84456,1.84477,1.37,1.00
2015.01.19 15:57:39.621,1.84459,1.8448,1.00,1.00
2015.01.19 15:57:39.801,1.84462,1.84481,1.00,1.00
2015.01.19 15:57:43.435,1.8446,1.84479,1.00,1.00
2015.01.19 15:57:43.788,1.84457,1.84476,1.00,1.00
2015.01.19 15:57:44.360,1.84454,1.84475,1.00,1.00
2015.01.19 15:57:49.305,1.84458,1.84477,1.00,1.00
2015.01.19 15:57:52.789,1.84455,1.84474,1.00,1.00
2015.01.19 15:57:55.135,1.8445,1.84469,1.00,1.00
2015.01.19 15:57:57.366,1.8445,1.84468,1.00,1.00
2015.01.19 15:57:57.417,1.84446,1.84467,1.00,1.00
2015.01.19 15:57:57.469,1.84446,1.84458,1.00,1.00
2015.01.19 15:57:57.520,1.84439,1.84458,1.00,1.50
2015.01.19 15:57:57.621,1.84439,1.84455,1.00,1.00
2015.01.19 15:57:57.672,1.84434,1.84455,1.00,1.50
2015.01.19 15:58:05.342,1.84432,1.84453,1.00,1.00
2015.01.19 15:58:05.900,1.84432,1.84445,1.00,1.00
2015.01.19 15:58:06.001,1.84422,1.84441,1.12,1.00
2015.01.19 15:58:06.254,1.84426,1.84443,1.00,1.00
2015.01.19 15:58:06.355,1.84423,1.84442,1.00,1.00
2015.01.19 15:58:06.406,1.84423,1.8444,1.00,1.00
2015.01.19 15:58:06.457,1.84421,1.8444,1.00,1.50
2015.01.19 15:58:06.659,1.84417,1.84443,1.00,1.00
2015.01.19 15:58:07.113,1.8442,1.84445,1.00,1.50
2015.01.19 15:58:07.466,1.8442,1.84442,1.00,1.00
2015.01.19 15:58:08.038,1.8442,1.84443,1.00,1.00
2015.01.19 15:58:08.155,1.8442,1.84445,1.00,1.87
2015.01.19 15:58:09.631,1.84421,1.84448,1.00,1.87
2015.01.19 15:58:10.944,1.84421,1.84448,1.00,1.87
2015.01.19 15:58:11.459,1.84421,1.84448,1.00,1.87
2015.01.19 15:58:11.611,1.84424,1.84448,1.00,1.12
2015.01.19 15:58:13.414,1.84424,1.84447,1.00,1.00
2015.01.19 15:58:13.918,1.84421,1.84447,1.00,1.37
2015.01.19 15:58:13.968,1.84421,1.84445,1.00,1.37
2015.01.19 15:58:14.492,1.84421,1.84443,1.00,1.00
2015.01.19 15:58:15.952,1.84421,1.84442,1.00,1.12
2015.01.19 15:58:16.461,1.84421,1.84441,1.00,1.00
2015.01.19 15:58:16.764,1.84421,1.84441,1.00,1.37
2015.01.19 15:58:18.092,1.84419,1.84441,1.00,1.37
2015.01.19 15:58:18.244,1.84417,1.84441,1.00,1.87
2015.01.19 15:58:18.371,1.84417,1.84436,1.00,1.12
2015.01.19 15:58:18.422,1.8441,1.84436,1.00,1.87
2015.01.19 15:58:18.573,1.84404,1.84436,1.00,1.12
2015.01.19 15:58:18.674,1.84404,1.84436,1.00,1.37
2015.01.19 15:58:19.377,1.84404,1.84436,1.00,1.12
2015.01.19 15:58:19.812,1.84407,1.84438,1.00,1.37
2015.01.19 15:58:20.869,1.84407,1.84438,1.00,1.37
2015.01.19 15:58:22.369,1.84407,1.84438,1.12,1.00
2015.01.19 15:58:22.420,1.84409,1.84438,1.00,1.00
2015.01.19 15:58:22.724,1.84407,1.84437,1.00,1.37
2015.01.19 15:58:23.078,1.84403,1.8443,1.00,1.00
2015.01.19 15:58:23.179,1.84401,1.8443,1.00,1.00
2015.01.19 15:58:23.812,1.84401,1.8443,1.00,1.75
2015.01.19 15:58:23.964,1.84399,1.84427,1.00,1.37
2015.01.19 15:58:24.065,1.84396,1.84427,1.00,1.50
2015.01.19 15:58:24.882,1.84396,1.84425,1.00,1.37
2015.01.19 15:58:26.796,1.84396,1.84425,1.00,1.37
2015.01.19 15:58:26.948,1.84396,1.84425,1.00,1.37
2015.01.19 15:58:27.405,1.84396,1.8443,1.37,1.87
2015.01.19 15:58:27.456,1.84404,1.8443,1.00,1.12
2015.01.19 15:58:27.809,1.84404,1.84436,1.00,1.87
2015.01.19 15:58:28.340,1.84405,1.84437,1.00,1.50
2015.01.19 15:58:33.347,1.84405,1.84438,1.00,1.87
2015.01.19 15:58:33.398,1.84403,1.84435,1.00,1.37
2015.01.19 15:58:33.449,1.84401,1.84433,1.00,1.00
2015.01.19 15:58:33.550,1.84401,1.84433,1.00,1.50
2015.01.19 15:58:33.652,1.84401,1.84435,1.50,1.37
2015.01.19 15:58:33.753,1.84403,1.84437,1.00,1.50
2015.01.19 15:58:36.350,1.84404,1.84437,1.00,1.50
2015.01.19 15:58:36.452,1.84405,1.84437,1.37,1.00
2015.01.19 15:58:36.957,1.84408,1.8444,1.00,1.37
2015.01.19 15:58:37.459,1.84409,1.84442,1.00,1.37
2015.01.19 15:58:40.058,1.84409,1.84443,1.00,1.87
2015.01.19 15:58:40.160,1.84409,1.84443,1.00,2.25
2015.01.19 15:58:40.261,1.84407,1.84438,1.00,1.00
2015.01.19 15:58:40.464,1.84409,1.84435,1.00,1.00
2015.01.19 15:58:40.565,1.84406,1.84433,1.00,1.00
2015.01.19 15:58:40.666,1.84408,1.84433,1.00,1.00
2015.01.19 15:58:40.716,1.84408,1.84437,1.00,1.12
2015.01.19 15:58:40.768,1.84416,1.84437,1.00,1.00
2015.01.19 15:58:40.818,1.84416,1.84447,1.00,1.07
2015.01.19 15:58:40.869,1.8442,1.84447,1.00,1.00
2015.01.19 15:58:40.920,1.84421,1.84454,1.00,1.07
2015.01.19 15:58:41.021,1.84427,1.84459,1.00,1.12
2015.01.19 15:58:41.273,1.84436,1.84473,1.00,1.15
2015.01.19 15:58:41.375,1.84436,1.84473,1.00,1.00
2015.01.19 15:58:41.476,1.8444,1.84479,1.00,1.37
2015.01.19 15:58:41.678,1.84436,1.84478,1.00,1.12
2015.01.19 15:58:41.779,1.84441,1.84471,1.00,1.00
2015.01.19 15:58:41.880,1.84438,1.8447,1.00,1.00
2015.01.19 15:58:41.981,1.84436,1.84468,1.00,1.00
2015.01.19 15:58:42.751,1.84431,1.84463,1.50,1.00
2015.01.19 15:58:43.054,1.84431,1.84463,1.00,1.50
2015.01.19 15:58:43.105,1.84428,1.8446,1.00,1.37
2015.01.19 15:58:43.206,1.84425,1.84457,1.50,1.37
2015.01.19 15:58:43.721,1.84425,1.84457,1.00,1.37
2015.01.19 15:58:45.400,1.84425,1.84457,1.00,1.00
2015.01.19 15:58:46.321,1.84425,1.84457,1.00,3.00
2015.01.19 15:58:46.525,1.84422,1.84454,1.00,1.50
2015.01.19 15:58:47.024,1.84422,1.84454,1.00,1.37
2015.01.19 15:58:48.445,1.84422,1.84454,1.12,1.12
2015.01.19 15:58:49.315,1.84422,1.84454,1.75,1.00
2015.01.19 15:58:49.618,1.84434,1.8446,1.37,1.00
2015.01.19 15:58:49.921,1.84441,1.84465,1.00,1.00
2015.01.19 15:58:52.996,1.84443,1.84469,1.00,1.00
2015.01.19 15:58:55.464,1.84443,1.84469,1.37,1.00
2015.01.19 15:58:55.515,1.84442,1.84476,1.37,1.00
2015.01.19 15:58:55.566,1.84442,1.84476,2.25,1.00
2015.01.19 15:58:55.617,1.84446,1.8448,1.37,1.00
2015.01.19 15:58:56.374,1.84447,1.8448,1.00,1.00
2015.01.19 15:58:56.887,1.84446,1.8448,1.00,1.00
2015.01.19 15:59:00.103,1.84446,1.8448,1.37,1.00
2015.01.19 15:59:00.608,1.84446,1.8448,1.37,1.00
2015.01.19 15:59:00.810,1.84446,1.8448,1.50,1.00
2015.01.19 15:59:00.911,1.84452,1.84486,1.00,1.52
2015.01.19 15:59:02.056,1.84452,1.84486,1.37,1.52
2015.01.19 15:59:02.561,1.84452,1.84486,1.12,1.27
2015.01.19 15:59:03.270,1.84452,1.84486,1.37,1.15
2015.01.19 15:59:03.422,1.84461,1.84493,1.37,1.15
2015.01.19 15:59:03.523,1.84461,1.84495,1.37,1.12
2015.01.19 15:59:03.775,1.84461,1.84495,1.00,1.37
2015.01.19 15:59:04.280,1.84461,1.84495,1.37,1.12
2015.01.19 15:59:04.562,1.84461,1.84495,1.12,1.37
2015.01.19 15:59:04.767,1.84461,1.84495,1.37,1.37
2015.01.19 15:59:05.160,1.84461,1.84495,1.37,1.00
2015.01.19 15:59:05.211,1.84467,1.84501,1.00,1.87
2015.01.19 15:59:05.908,1.84467,1.84501,1.00,1.37
2015.01.19 15:59:07.510,1.84467,1.84501,1.00,1.87
2015.01.19 15:59:07.712,1.84467,1.84501,1.00,1.37
2015.01.19 15:59:07.914,1.84467,1.84501,1.50,1.00
2015.01.19 15:59:07.965,1.84473,1.84505,1.00,1.47
2015.01.19 15:59:08.016,1.84473,1.84505,1.37,1.00
2015.01.19 15:59:08.369,1.84474,1.84508,1.37,1.12
2015.01.19 15:59:08.595,1.84471,1.84511,1.37,1.37
2015.01.19 15:59:12.143,1.84472,1.84512,1.75,1.37
2015.01.19 15:59:12.647,1.84474,1.84517,1.75,1.50
2015.01.19 15:59:13.162,1.8448,1.84519,1.37,1.37
2015.01.19 15:59:15.085,1.84483,1.84519,1.00,1.37
2015.01.19 15:59:15.498,1.84483,1.84519,1.37,1.37
2015.01.19 15:59:16.574,1.84483,1.84525,1.37,5.55
2015.01.19 15:59:16.888,1.84483,1.84525,1.50,1.37
2015.01.19 15:59:17.191,1.84495,1.84526,1.75,1.00
2015.01.19 15:59:17.292,1.84498,1.84532,1.00,2.02
2015.01.19 15:59:17.343,1.84498,1.84539,1.00,1.12
2015.01.19 15:59:17.494,1.845,1.8454,1.00,1.10
2015.01.19 15:59:17.797,1.84503,1.84542,1.00,1.15
2015.01.19 15:59:18.402,1.84503,1.84539,1.12,1.37
2015.01.19 15:59:18.907,1.84502,1.84541,1.37,1.55
2015.01.19 15:59:19.511,1.84502,1.84541,1.37,1.55
2015.01.19 15:59:22.117,1.84502,1.84545,1.75,2.85
2015.01.19 15:59:22.218,1.84508,1.84549,1.37,1.52
2015.01.19 15:59:22.269,1.84508,1.84549,1.57,1.07
2015.01.19 15:59:22.320,1.84508,1.8455,1.57,1.00
2015.01.19 15:59:22.471,1.8451,1.84549,1.00,1.12
2015.01.19 15:59:22.522,1.84511,1.84546,1.00,1.00
2015.01.19 15:59:22.725,1.84511,1.84552,1.00,1.50
2015.01.19 15:59:22.775,1.84516,1.84552,1.00,1.00
2015.01.19 15:59:22.826,1.84516,1.84554,1.00,1.00
2015.01.19 15:59:22.927,1.84516,1.84556,1.00,1.57
2015.01.19 15:59:23.095,1.84517,1.84554,1.00,1.00
2015.01.19 15:59:23.197,1.84514,1.84554,1.00,1.00
2015.01.19 15:59:23.248,1.84514,1.84552,1.00,1.00
2015.01.19 15:59:24.260,1.84514,1.84551,1.12,1.37
2015.01.19 15:59:24.864,1.84514,1.84555,1.37,1.75
2015.01.19 15:59:25.066,1.84515,1.84556,1.00,2.32
2015.01.19 15:59:25.167,1.84517,1.84559,1.00,3.15
2015.01.19 15:59:25.470,1.8452,1.84554,1.00,1.50
2015.01.19 15:59:26.176,1.84519,1.84556,1.00,1.85
2015.01.19 15:59:26.485,1.84518,1.84554,1.00,1.75
2015.01.19 15:59:26.788,1.84518,1.84556,1.37,1.47
2015.01.19 15:59:27.195,1.84518,1.84558,1.37,1.52
2015.01.19 15:59:27.397,1.84521,1.84561,1.37,1.87
2015.01.19 15:59:27.599,1.8452,1.8456,1.12,1.50
2015.01.19 15:59:27.903,1.84518,1.84556,1.37,1.37
2015.01.19 15:59:28.107,1.84518,1.84556,1.12,1.50
2015.01.19 15:59:28.411,1.84518,1.84552,1.00,1.57
2015.01.19 15:59:28.462,1.84511,1.8455,1.37,1.37
2015.01.19 15:59:28.513,1.84511,1.8455,1.37,1.75
2015.01.19 15:59:29.041,1.84513,1.84549,1.00,1.75
2015.01.19 15:59:29.244,1.84513,1.84551,1.37,1.75
2015.01.19 15:59:30.556,1.84515,1.84549,1.00,1.37
2015.01.19 15:59:31.093,1.84511,1.84549,1.37,1.37
2015.01.19 15:59:31.246,1.84515,1.84557,1.37,4.35
2015.01.19 15:59:32.155,1.84516,1.84556,1.37,1.75
2015.01.19 15:59:32.944,1.84517,1.84556,1.37,1.75
2015.01.19 15:59:33.268,1.84515,1.84554,1.37,1.50
2015.01.19 15:59:33.521,1.84519,1.84555,1.00,1.75
2015.01.19 15:59:33.572,1.84519,1.84555,1.37,1.37
2015.01.19 15:59:33.673,1.84521,1.84555,1.37,1.37
2015.01.19 15:59:33.875,1.84515,1.84549,1.50,1.00
2015.01.19 15:59:33.976,1.84512,1.84549,1.12,2.25
2015.01.19 15:59:34.178,1.84506,1.84544,2.85,1.37
2015.01.19 15:59:34.380,1.84506,1.84542,3.22,1.50
2015.01.19 15:59:34.481,1.84506,1.84542,1.50,1.00
2015.01.19 15:59:34.532,1.84511,1.84545,1.00,1.12
2015.01.19 15:59:34.683,1.84506,1.84545,1.15,1.00
2015.01.19 15:59:34.734,1.84506,1.84543,1.65,1.00
2015.01.19 15:59:34.886,1.84503,1.84541,1.00,1.00
2015.01.19 15:59:34.937,1.845,1.8453,1.15,1.00
2015.01.19 15:59:34.987,1.84494,1.8453,1.65,1.50
2015.01.19 15:59:35.038,1.8449,1.84527,2.44,1.00
2015.01.19 15:59:35.089,1.84486,1.84526,1.47,1.00
2015.01.19 15:59:35.190,1.84483,1.84524,1.52,1.00
2015.01.19 15:59:35.644,1.84481,1.8452,2.10,1.00
2015.01.19 15:59:35.998,1.84481,1.8452,2.47,1.37
2015.01.19 15:59:36.504,1.84481,1.84517,2.47,1.12
2015.01.19 15:59:36.812,1.8448,1.84519,1.00,1.37
2015.01.19 15:59:36.913,1.84476,1.84512,1.27,1.37
2015.01.19 15:59:37.065,1.8447,1.8451,1.95,1.37
2015.01.19 15:59:37.115,1.8447,1.84512,3.15,1.37
2015.01.19 15:59:37.317,1.84474,1.84514,1.37,1.37
2015.01.19 15:59:37.418,1.84476,1.84517,1.37,2.40
2015.01.19 15:59:37.722,1.84476,1.84508,1.00,1.37
2015.01.19 15:59:37.874,1.84468,1.84502,1.52,1.00
2015.01.19 15:59:37.925,1.84468,1.84502,1.15,1.37
2015.01.19 15:59:38.127,1.84466,1.84504,1.52,1.87
2015.01.19 15:59:38.628,1.84467,1.84503,1.27,1.50
2015.01.19 15:59:38.678,1.84467,1.84503,1.12,1.50
2015.01.19 15:59:38.830,1.84471,1.84503,1.00,1.50
2015.01.19 15:59:39.083,1.84466,1.84502,1.37,1.37
2015.01.19 15:59:39.235,1.84466,1.84501,1.00,2.25
2015.01.19 15:59:39.789,1.84467,1.84497,1.00,1.37
2015.01.19 15:59:39.840,1.84461,1.84495,1.37,1.12
2015.01.19 15:59:40.148,1.84459,1.84494,1.52,1.37
2015.01.19 15:59:40.642,1.84457,1.84493,1.52,1.37
2015.01.19 15:59:40.946,1.84455,1.84493,4.42,2.25
2015.01.19 15:59:40.997,1.84452,1.84493,1.57,2.25
2015.01.19 15:59:41.048,1.84452,1.84493,1.20,2.25
2015.01.19 15:59:41.351,1.84442,1.84474,1.12,1.37
2015.01.19 15:59:41.654,1.84441,1.84479,1.00,1.12
2015.01.19 15:59:41.705,1.84444,1.84482,1.00,1.65
2015.01.19 15:59:41.806,1.84442,1.84482,1.00,3.15
2015.01.19 15:59:42.327,1.8444,1.84482,1.50,1.65
2015.01.19 15:59:42.479,1.8444,1.84476,1.50,1.12
2015.01.19 15:59:43.058,1.8444,1.84476,1.00,1.00
2015.01.19 15:59:43.159,1.84439,1.84476,1.12,1.37
2015.01.19 15:59:43.900,1.84435,1.84474,1.17,2.62
2015.01.19 15:59:44.442,1.84435,1.8447,1.00,1.12
2015.01.19 15:59:44.493,1.84435,1.8447,1.00,1.75
2015.01.19 15:59:44.813,1.84437,1.84469,1.00,1.75
2015.01.19 15:59:45.119,1.84433,1.8447,1.00,1.75
2015.01.19 15:59:45.170,1.84433,1.84465,1.00,1.75
2015.01.19 15:59:45.221,1.8443,1.84465,1.10,1.75
2015.01.19 15:59:45.272,1.8443,1.84464,1.10,1.75
2015.01.19 15:59:45.524,1.84427,1.84464,1.50,1.75
2015.01.19 15:59:45.777,1.84427,1.84462,1.00,2.25
2015.01.19 15:59:45.979,1.84425,1.84459,1.00,1.50
2015.01.19 15:59:46.231,1.84427,1.84459,1.00,1.50
2015.01.19 15:59:46.332,1.84425,1.84459,1.00,1.50
2015.01.19 15:59:46.484,1.84425,1.84459,1.00,2.32
2015.01.19 15:59:46.635,1.84419,1.84457,1.37,1.75
2015.01.19 15:59:46.888,1.84419,1.84454,1.37,1.37
2015.01.19 15:59:47.190,1.84416,1.8445,1.37,1.12
2015.01.19 15:59:47.493,1.84412,1.84449,1.52,1.37
2015.01.19 15:59:48.200,1.84412,1.84451,1.37,1.75
2015.01.19 15:59:48.402,1.84409,1.84448,1.12,2.25
2015.01.19 15:59:48.705,1.84406,1.84447,1.37,1.75
2015.01.19 15:59:49.109,1.84406,1.84447,1.37,1.75
2015.01.19 15:59:49.412,1.84405,1.84446,1.47,1.75
2015.01.19 15:59:49.715,1.84405,1.84446,1.85,1.37
2015.01.19 15:59:49.917,1.84403,1.84444,1.57,2.25
2015.01.19 15:59:50.018,1.84402,1.84442,1.37,1.37
2015.01.19 15:59:50.523,1.84404,1.84442,1.75,1.12
2015.01.19 15:59:50.789,1.84419,1.84462,1.75,1.37
2015.01.19 15:59:50.941,1.84416,1.84458,2.77,1.50
2015.01.19 15:59:51.043,1.84416,1.84456,4.05,1.00
2015.01.19 15:59:51.323,1.84413,1.84456,1.52,1.00
2015.01.19 15:59:51.475,1.84419,1.84459,1.00,1.00
2015.01.19 15:59:51.677,1.8442,1.84463,1.00,1.50
2015.01.19 15:59:51.778,1.84419,1.84459,1.00,1.00
2015.01.19 15:59:51.930,1.84422,1.84463,1.00,1.50
2015.01.19 15:59:52.031,1.84422,1.84463,1.87,2.25
2015.01.19 15:59:52.335,1.84428,1.84468,1.37,1.50
2015.01.19 15:59:52.649,1.84429,1.8447,1.37,1.75
2015.01.19 15:59:52.752,1.84429,1.84471,1.37,1.75
2015.01.19 15:59:52.853,1.84429,1.84469,1.00,1.50
2015.01.19 15:59:52.904,1.84427,1.84463,1.00,1.00
2015.01.19 15:59:52.955,1.84423,1.84463,1.00,1.00
2015.01.19 15:59:53.006,1.84417,1.84459,1.37,1.12
2015.01.19 15:59:53.360,1.84423,1.84465,1.00,2.62
2015.01.19 15:59:53.461,1.84427,1.84468,1.00,1.45
2015.01.19 15:59:53.664,1.84428,1.8447,1.00,1.37
2015.01.19 15:59:53.765,1.8443,1.8447,1.00,1.00
2015.01.19 15:59:54.335,1.8443,1.84469,1.37,1.37
2015.01.19 15:59:54.838,1.84428,1.84469,1.10,1.12
2015.01.19 15:59:54.890,1.84426,1.84453,2.02,1.00
2015.01.19 15:59:55.325,1.84428,1.84449,1.10,1.00
2015.01.19 15:59:55.679,1.84427,1.84458,1.10,1.00
2015.01.19 15:59:56.031,1.84422,1.84457,1.00,1.00
2015.01.19 15:59:56.082,1.84422,1.84455,1.00,1.37
2015.01.19 15:59:56.336,1.84417,1.84453,1.37,1.37
2015.01.19 15:59:56.690,1.84417,1.84453,1.37,1.37
2015.01.19 15:59:57.227,1.84416,1.84454,1.37,1.37
2015.01.19 15:59:57.530,1.84417,1.84453,1.37,1.37
2015.01.19 15:59:57.833,1.84416,1.84452,1.37,1.37
2015.01.19 15:59:58.192,1.84411,1.84449,2.02,1.37
2015.01.19 15:59:58.345,1.84412,1.84448,1.55,1.37
2015.01.19 15:59:58.690,1.84412,1.84443,1.55,1.00
2015.01.19 15:59:59.217,1.84409,1.84444,2.40,1.00
2015.01.19 15:59:59.741,1.84409,1.84443,3.15,1.00
