2010.06.08 17:00:01.183,1.74805,1.74865,4.10,1.00
2010.06.08 17:00:01.317,1.74805,1.74865,1.70,1.00
2010.06.08 17:00:02.979,1.74805,1.74865,1.00,1.00
2010.06.08 17:00:03.316,1.74805,1.74865,1.00,1.00
2010.06.08 17:00:03.655,1.74805,1.74865,1.70,1.00
2010.06.08 17:00:04.018,1.74805,1.74855,1.70,1.00
2010.06.08 17:00:04.360,1.74785,1.74845,2.40,3.00
2010.06.08 17:00:04.619,1.7479,1.74845,1.30,1.00
2010.06.08 17:00:05.515,1.7482,1.74865,1.30,1.00
2010.06.08 17:00:05.858,1.7481,1.74875,8.90,1.20
2010.06.08 17:00:06.195,1.7481,1.74875,4.90,1.20
2010.06.08 17:00:06.538,1.7482,1.74875,1.70,1.00
2010.06.08 17:00:06.919,1.7482,1.74875,1.00,1.00
2010.06.08 17:00:07.219,1.7482,1.74875,1.70,1.00
2010.06.08 17:00:08.846,1.7482,1.7488,1.10,1.30
2010.06.08 17:00:08.998,1.7482,1.74875,1.00,1.00
2010.06.08 17:00:10.597,1.74825,1.7488,1.00,1.00
2010.06.08 17:00:10.941,1.7484,1.74895,1.00,2.40
2010.06.08 17:00:11.498,1.7484,1.749,1.00,1.00
2010.06.08 17:00:11.787,1.7484,1.749,1.00,1.00
2010.06.08 17:00:12.078,1.7484,1.74895,1.00,1.00
2010.06.08 17:00:12.419,1.74835,1.7488,1.60,1.00
2010.06.08 17:00:13.094,1.7483,1.74865,1.00,1.00
2010.06.08 17:00:13.328,1.74835,1.74885,1.30,1.60
2010.06.08 17:00:13.556,1.7483,1.7489,1.00,1.10
2010.06.08 17:00:13.962,1.7483,1.7489,1.00,2.70
2010.06.08 17:00:14.203,1.7483,1.7489,1.00,2.30
2010.06.08 17:00:15.220,1.7486,1.7489,2.40,1.60
2010.06.08 17:00:15.568,1.74855,1.74905,2.40,1.00
2010.06.08 17:00:16.249,1.74865,1.7491,2.40,2.30
2010.06.08 17:00:16.906,1.74855,1.74905,2.40,1.00
2010.06.08 17:00:17.247,1.7485,1.74905,5.20,1.00
2010.06.08 17:00:17.647,1.7485,1.749,4.80,1.70
2010.06.08 17:00:17.847,1.7485,1.749,4.80,3.30
2010.06.08 17:00:18.048,1.7488,1.7492,6.10,1.10
2010.06.08 17:00:18.632,1.7485,1.74905,7.20,1.00
2010.06.08 17:00:18.899,1.7485,1.74895,2.40,1.30
2010.06.08 17:00:19.168,1.7484,1.74885,1.60,1.00
2010.06.08 17:00:19.426,1.74835,1.74885,1.00,1.00
2010.06.08 17:00:20.385,1.7484,1.74885,1.60,1.00
2010.06.08 17:00:20.729,1.7484,1.74895,1.60,1.20
2010.06.08 17:00:21.295,1.7484,1.74895,2.40,1.00
2010.06.08 17:00:21.509,1.74845,1.74905,6.60,2.80
2010.06.08 17:00:22.735,1.74855,1.74905,5.20,2.30
2010.06.08 17:00:22.905,1.74855,1.74905,4.20,2.30
2010.06.08 17:00:23.075,1.74855,1.74905,1.80,2.30
2010.06.08 17:00:25.070,1.74855,1.74915,1.80,2.80
2010.06.08 17:00:25.357,1.74845,1.74905,4.20,1.00
2010.06.08 17:00:25.626,1.74845,1.74905,2.60,1.00
2010.06.08 17:00:25.899,1.74845,1.749,1.30,1.00
2010.06.08 17:00:26.168,1.7484,1.749,1.00,1.00
2010.06.08 17:00:26.619,1.7484,1.7489,1.00,1.00
2010.06.08 17:00:26.961,1.74835,1.7489,1.00,1.00
2010.06.08 17:00:27.805,1.74825,1.7489,3.00,1.00
2010.06.08 17:00:28.925,1.7484,1.7489,1.60,1.00
2010.06.08 17:00:29.075,1.7484,1.74895,1.60,2.80
2010.06.08 17:00:30.605,1.74835,1.74895,1.70,2.80
2010.06.08 17:00:30.754,1.7484,1.74895,1.60,2.80
2010.06.08 17:00:30.908,1.74835,1.74885,1.70,1.00
2010.06.08 17:00:31.056,1.74835,1.74885,1.00,1.00
2010.06.08 17:00:31.204,1.74845,1.74895,1.00,2.30
2010.06.08 17:00:31.355,1.74845,1.749,1.00,2.60
2010.06.08 17:00:31.505,1.74835,1.74895,2.60,1.00
2010.06.08 17:00:32.182,1.74835,1.74895,2.60,1.20
2010.06.08 17:00:32.476,1.74835,1.74895,2.60,2.80
2010.06.08 17:00:33.467,1.7484,1.749,2.90,1.30
2010.06.08 17:00:33.782,1.7485,1.74915,4.20,1.80
2010.06.08 17:00:35.225,1.7485,1.74915,4.10,1.80
2010.06.08 17:00:35.556,1.74845,1.7491,1.00,2.30
2010.06.08 17:00:35.886,1.7485,1.7491,1.70,2.30
2010.06.08 17:00:38.405,1.74845,1.749,1.00,1.00
2010.06.08 17:00:38.692,1.74845,1.74895,1.00,1.00
2010.06.08 17:00:38.960,1.7486,1.74905,1.30,5.10
2010.06.08 17:00:39.227,1.7487,1.74905,1.00,1.00
2010.06.08 17:00:39.663,1.7485,1.74905,1.00,1.00
2010.06.08 17:00:39.929,1.7485,1.7491,1.70,2.30
2010.06.08 17:00:40.247,1.7486,1.74915,1.00,7.50
2010.06.08 17:00:40.565,1.7486,1.74915,1.00,4.30
2010.06.08 17:00:41.219,1.7486,1.74915,1.00,2.30
2010.06.08 17:00:41.591,1.7486,1.74915,1.00,1.60
2010.06.08 17:00:41.827,1.7486,1.7492,1.00,1.00
2010.06.08 17:00:42.359,1.7485,1.74905,1.30,1.00
2010.06.08 17:00:42.663,1.7484,1.749,1.60,4.20
2010.06.08 17:00:42.969,1.74835,1.7488,1.00,1.30
2010.06.08 17:00:43.520,1.74835,1.7488,1.00,1.80
2010.06.08 17:00:43.779,1.74815,1.7486,2.50,2.00
2010.06.08 17:00:44.037,1.74815,1.7487,2.50,4.80
2010.06.08 17:00:44.297,1.7482,1.74875,2.40,1.70
2010.06.08 17:00:45.863,1.7482,1.7488,2.40,2.10
2010.06.08 17:00:46.075,1.7482,1.7488,2.40,2.20
2010.06.08 17:00:47.017,1.74825,1.7488,1.60,1.00
2010.06.08 17:00:47.427,1.74825,1.7488,2.40,1.00
2010.06.08 17:00:47.628,1.74825,1.7489,4.20,1.00
2010.06.08 17:00:49.187,1.7482,1.7487,2.40,1.00
2010.06.08 17:00:49.426,1.7482,1.74875,2.90,1.00
2010.06.08 17:00:56.765,1.7483,1.7488,1.00,1.70
2010.06.08 17:00:56.965,1.7482,1.74875,3.00,1.00
2010.06.08 17:01:00.767,1.7482,1.7487,3.00,1.00
2010.06.08 17:01:00.936,1.7482,1.7487,2.90,1.00
2010.06.08 17:01:01.497,1.74795,1.7484,8.50,1.00
2010.06.08 17:01:01.785,1.74795,1.7484,2.40,1.00
2010.06.08 17:01:03.382,1.74795,1.7483,2.40,1.00
2010.06.08 17:01:03.561,1.74785,1.7483,1.00,1.00
2010.06.08 17:01:03.909,1.74775,1.7483,1.00,1.00
2010.06.08 17:01:04.820,1.7477,1.7483,1.00,1.00
2010.06.08 17:01:05.175,1.7477,1.74815,1.00,1.00
2010.06.08 17:01:05.875,1.74775,1.7482,1.00,1.00
2010.06.08 17:01:06.224,1.74755,1.748,5.00,1.00
2010.06.08 17:01:06.530,1.74755,1.748,2.60,1.00
2010.06.08 17:01:07.191,1.7474,1.7478,2.40,1.00
2010.06.08 17:01:07.531,1.74735,1.7478,2.10,1.00
2010.06.08 17:01:07.868,1.7473,1.7477,1.40,1.00
2010.06.08 17:01:08.563,1.74715,1.74775,1.00,1.00
2010.06.08 17:01:08.901,1.74695,1.74755,4.80,1.80
2010.06.08 17:01:09.239,1.7469,1.7474,2.40,1.80
2010.06.08 17:01:09.950,1.74685,1.7474,2.40,1.00
2010.06.08 17:01:10.300,1.7469,1.7475,3.40,1.00
2010.06.08 17:01:10.637,1.7469,1.7475,3.70,1.00
2010.06.08 17:01:10.996,1.7469,1.74755,3.70,6.60
2010.06.08 17:01:11.351,1.74695,1.7475,1.30,1.00
2010.06.08 17:01:11.698,1.74695,1.74755,1.80,2.30
2010.06.08 17:01:13.655,1.74695,1.7475,1.30,2.80
2010.06.08 17:01:13.847,1.74695,1.7475,1.00,4.80
2010.06.08 17:01:14.036,1.74695,1.74755,1.80,2.30
2010.06.08 17:01:14.714,1.74695,1.74755,1.00,1.30
2010.06.08 17:01:15.062,1.7469,1.7475,2.40,5.20
2010.06.08 17:01:15.587,1.7469,1.74745,2.40,4.80
2010.06.08 17:01:15.767,1.7469,1.7474,2.40,1.00
2010.06.08 17:01:15.947,1.7469,1.7474,1.00,6.50
2010.06.08 17:01:16.126,1.74685,1.7474,2.40,6.50
2010.06.08 17:01:17.855,1.74685,1.7474,2.40,5.20
2010.06.08 17:01:18.026,1.74685,1.7474,2.40,1.00
2010.06.08 17:01:18.196,1.74695,1.74745,1.20,1.30
2010.06.08 17:01:18.364,1.74695,1.74755,1.20,2.40
2010.06.08 17:01:18.762,1.74695,1.7476,1.20,10.50
2010.06.08 17:01:18.993,1.74705,1.74765,1.00,1.00
2010.06.08 17:01:19.226,1.74705,1.7476,3.20,1.70
2010.06.08 17:01:19.455,1.74705,1.7476,1.00,1.70
2010.06.08 17:01:20.085,1.74705,1.74765,3.20,2.30
2010.06.08 17:01:20.758,1.74705,1.7476,1.00,2.10
2010.06.08 17:01:21.246,1.74705,1.7476,1.00,1.70
2010.06.08 17:01:21.499,1.7471,1.74765,1.00,2.30
2010.06.08 17:01:21.728,1.7471,1.74765,1.00,2.50
2010.06.08 17:01:22.205,1.7472,1.74765,2.60,1.00
2010.06.08 17:01:22.441,1.7472,1.74785,2.60,4.10
2010.06.08 17:01:24.266,1.7473,1.74785,1.30,1.00
2010.06.08 17:01:24.496,1.74725,1.74785,2.40,1.70
2010.06.08 17:01:24.725,1.7472,1.74785,2.60,1.70
2010.06.08 17:01:25.424,1.74725,1.74775,1.00,1.30
2010.06.08 17:01:25.769,1.74725,1.7478,1.00,1.00
2010.06.08 17:01:26.979,1.7472,1.7477,1.00,1.00
2010.06.08 17:01:27.814,1.74715,1.7477,1.00,1.00
2010.06.08 17:01:28.896,1.74715,1.7475,1.00,1.00
2010.06.08 17:01:29.237,1.7471,1.7475,1.00,1.00
2010.06.08 17:01:29.536,1.747,1.7475,1.00,1.00
2010.06.08 17:01:33.197,1.747,1.7475,1.00,1.80
2010.06.08 17:01:33.365,1.747,1.7475,1.00,2.00
2010.06.08 17:01:34.035,1.747,1.74755,1.00,1.00
2010.06.08 17:01:34.682,1.74695,1.7475,1.60,1.30
2010.06.08 17:01:34.787,1.7469,1.7476,2.40,2.50
2010.06.08 17:01:35.184,1.7469,1.7476,6.10,1.10
2010.06.08 17:01:35.286,1.74695,1.7476,1.00,1.00
2010.06.08 17:01:35.403,1.7469,1.7476,8.50,1.10
2010.06.08 17:01:35.505,1.7469,1.7476,4.80,2.50
2010.06.08 17:01:35.929,1.7469,1.7476,3.70,2.50
2010.06.08 17:01:36.267,1.7469,1.7476,4.10,2.50
2010.06.08 17:01:36.606,1.747,1.7476,1.00,2.50
2010.06.08 17:01:37.286,1.74705,1.7477,1.00,8.90
2010.06.08 17:01:37.534,1.74705,1.7477,1.00,4.10
2010.06.08 17:01:38.250,1.74705,1.7477,1.20,4.10
2010.06.08 17:01:38.459,1.74715,1.7477,1.30,2.00
2010.06.08 17:01:38.656,1.74715,1.74775,1.30,2.30
2010.06.08 17:01:41.275,1.7471,1.74775,2.80,2.30
2010.06.08 17:01:42.915,1.74725,1.74775,1.00,2.30
2010.06.08 17:01:43.619,1.7472,1.74775,1.30,2.30
2010.06.08 17:01:43.880,1.7473,1.7479,4.80,1.20
2010.06.08 17:01:44.137,1.74745,1.748,3.40,2.30
2010.06.08 17:01:45.059,1.74785,1.7484,1.30,2.30
2010.06.08 17:01:45.396,1.74775,1.7483,1.00,1.00
2010.06.08 17:01:47.105,1.74785,1.7484,1.00,2.70
2010.06.08 17:01:47.725,1.74795,1.74845,1.00,2.90
2010.06.08 17:01:48.209,1.74795,1.74845,1.00,1.60
2010.06.08 17:01:48.523,1.74835,1.7487,1.00,1.30
2010.06.08 17:01:49.003,1.74835,1.74885,1.80,2.30
2010.06.08 17:01:49.141,1.74825,1.74885,1.80,2.80
2010.06.08 17:01:50.449,1.74825,1.74885,1.80,2.70
2010.06.08 17:01:50.698,1.74815,1.74875,2.40,1.00
2010.06.08 17:01:50.945,1.748,1.74875,2.90,2.60
2010.06.08 17:01:51.539,1.7482,1.74875,1.00,2.80
2010.06.08 17:01:51.877,1.7481,1.7487,1.80,2.30
2010.06.08 17:01:52.294,1.7481,1.74865,1.00,1.00
2010.06.08 17:01:54.746,1.748,1.7486,1.00,2.10
2010.06.08 17:01:54.968,1.74805,1.7486,1.00,1.00
2010.06.08 17:01:55.186,1.74805,1.74855,1.30,1.00
2010.06.08 17:01:55.406,1.7479,1.74855,2.40,4.10
2010.06.08 17:01:56.116,1.7479,1.7486,7.20,2.30
2010.06.08 17:01:56.795,1.7479,1.7486,7.80,2.30
2010.06.08 17:01:57.472,1.7479,1.74855,4.80,2.70
2010.06.08 17:01:57.748,1.7478,1.74835,1.00,1.00
2010.06.08 17:01:58.370,1.74795,1.74845,1.80,1.00
2010.06.08 17:01:59.046,1.74795,1.74845,1.30,1.00
2010.06.08 17:01:59.557,1.748,1.7485,1.70,1.00
2010.06.08 17:02:00.817,1.7479,1.7485,1.00,1.00
2010.06.08 17:02:01.748,1.7479,1.74825,1.00,1.30
2010.06.08 17:02:02.106,1.74775,1.7483,3.20,4.00
2010.06.08 17:02:02.452,1.7475,1.74805,2.40,1.70
2010.06.08 17:02:02.754,1.7475,1.74815,1.60,9.00
2010.06.08 17:02:03.047,1.74745,1.7481,2.40,2.40
2010.06.08 17:02:03.670,1.74745,1.74805,2.40,2.50
2010.06.08 17:02:03.936,1.7474,1.74805,1.00,2.50
2010.06.08 17:02:04.712,1.7474,1.748,1.00,1.20
2010.06.08 17:02:04.906,1.7473,1.748,2.40,1.20
2010.06.08 17:02:05.307,1.74735,1.748,1.30,1.20
2010.06.08 17:02:05.509,1.74735,1.748,1.80,1.00
2010.06.08 17:02:06.525,1.7473,1.74795,2.40,1.00
2010.06.08 17:02:07.162,1.7473,1.7479,2.40,1.00
2010.06.08 17:02:07.458,1.74725,1.7479,4.20,2.70
2010.06.08 17:02:09.125,1.74735,1.7479,1.30,2.70
2010.06.08 17:02:09.284,1.74735,1.7479,1.30,2.30
2010.06.08 17:02:09.869,1.74725,1.7479,4.20,2.70
2010.06.08 17:02:10.124,1.74755,1.74795,1.00,1.30
2010.06.08 17:02:10.380,1.74745,1.748,4.20,1.00
2010.06.08 17:02:10.993,1.7474,1.74805,2.40,2.90
2010.06.08 17:02:11.676,1.74745,1.74805,1.30,1.50
2010.06.08 17:02:12.017,1.74745,1.74805,4.20,1.40
2010.06.08 17:02:13.557,1.74745,1.74805,1.80,1.40
2010.06.08 17:02:13.825,1.7474,1.74805,2.40,3.20
2010.06.08 17:02:14.094,1.7474,1.74805,2.40,3.00
2010.06.08 17:02:15.380,1.74745,1.74805,1.00,2.60
2010.06.08 17:02:15.587,1.74745,1.74805,1.80,1.30
2010.06.08 17:02:19.341,1.7474,1.748,2.40,2.00
2010.06.08 17:02:20.690,1.74735,1.7479,1.00,1.70
2010.06.08 17:02:21.376,1.7473,1.7479,1.00,1.70
2010.06.08 17:02:23.587,1.7473,1.7479,1.00,4.10
2010.06.08 17:02:24.799,1.7473,1.7478,1.00,1.00
2010.06.08 17:02:24.907,1.7473,1.7478,1.00,1.70
2010.06.08 17:02:25.015,1.7472,1.7478,2.40,1.70
2010.06.08 17:02:25.315,1.7472,1.7478,1.00,1.70
2010.06.08 17:02:25.770,1.7472,1.7477,1.00,1.70
2010.06.08 17:02:26.115,1.74725,1.7477,1.00,1.70
2010.06.08 17:02:26.796,1.74725,1.7477,1.00,1.00
2010.06.08 17:02:27.411,1.74725,1.7477,1.00,1.00
2010.06.08 17:02:27.989,1.7471,1.7477,1.70,1.00
2010.06.08 17:02:28.218,1.7471,1.74765,1.70,1.00
2010.06.08 17:02:31.315,1.747,1.74765,4.80,1.00
2010.06.08 17:02:31.549,1.7471,1.74765,1.70,1.00
2010.06.08 17:02:32.008,1.747,1.7476,6.50,1.00
2010.06.08 17:02:32.237,1.747,1.7476,4.10,1.00
2010.06.08 17:02:34.025,1.74715,1.74765,1.00,1.00
2010.06.08 17:02:34.560,1.74705,1.74765,1.00,1.00
2010.06.08 17:02:34.838,1.74695,1.7476,3.70,2.30
2010.06.08 17:02:35.290,1.7469,1.7476,3.00,4.20
2010.06.08 17:02:35.590,1.7469,1.74755,3.40,2.30
2010.06.08 17:02:36.371,1.74705,1.7476,1.00,1.00
2010.06.08 17:02:39.077,1.74705,1.7475,1.00,1.30
2010.06.08 17:02:39.185,1.74695,1.7475,2.40,1.80
2010.06.08 17:02:39.557,1.74685,1.7475,2.90,2.60
2010.06.08 17:02:40.334,1.74685,1.74745,2.40,1.00
2010.06.08 17:02:40.962,1.74685,1.74745,3.10,1.00
2010.06.08 17:02:42.045,1.74685,1.74745,1.00,2.80
2010.06.08 17:02:43.125,1.74685,1.74745,1.10,2.30
2010.06.08 17:02:43.521,1.74685,1.74745,1.00,2.30
2010.06.08 17:02:47.452,1.74685,1.74745,1.10,3.00
2010.06.08 17:02:47.781,1.74695,1.7475,1.00,1.20
2010.06.08 17:02:48.325,1.747,1.7475,2.00,1.00
2010.06.08 17:02:48.556,1.7469,1.74745,1.30,1.00
2010.06.08 17:02:48.996,1.7469,1.74745,1.30,2.30
2010.06.08 17:02:49.237,1.7469,1.74745,1.70,2.30
2010.06.08 17:02:49.757,1.7469,1.74745,1.70,1.60
2010.06.08 17:02:50.016,1.7469,1.7475,1.70,1.00
2010.06.08 17:02:51.487,1.7469,1.7475,1.80,1.00
2010.06.08 17:02:51.644,1.7469,1.7475,1.90,1.00
2010.06.08 17:02:51.725,1.7471,1.7475,1.00,1.00
2010.06.08 17:02:51.805,1.7471,1.7475,1.70,1.00
2010.06.08 17:02:51.886,1.7471,1.7476,1.70,2.30
2010.06.08 17:02:51.966,1.7471,1.74755,1.30,1.00
2010.06.08 17:02:52.045,1.74695,1.74755,2.80,1.80
2010.06.08 17:02:52.740,1.74695,1.74745,1.00,2.30
2010.06.08 17:02:53.069,1.74685,1.74725,1.30,1.00
2010.06.08 17:02:54.066,1.7466,1.7472,2.80,1.80
2010.06.08 17:02:54.748,1.7466,1.7472,1.80,2.30
2010.06.08 17:02:56.252,1.74665,1.7472,1.80,1.60
2010.06.08 17:02:56.557,1.74665,1.74725,1.80,2.30
2010.06.08 17:02:57.887,1.74645,1.747,1.60,1.80
2010.06.08 17:02:58.147,1.7467,1.7472,1.00,2.90
2010.06.08 17:02:58.406,1.7467,1.74725,1.00,1.00
2010.06.08 17:02:58.778,1.74685,1.7473,1.00,2.30
2010.06.08 17:02:59.127,1.7467,1.74725,1.00,1.00
2010.06.08 17:02:59.468,1.74675,1.74725,1.00,1.00
2010.06.08 17:02:59.759,1.74675,1.7473,1.80,1.00
2010.06.08 17:03:00.118,1.74675,1.7473,1.00,1.00
2010.06.08 17:03:01.038,1.74675,1.74725,1.00,1.00
2010.06.08 17:03:03.218,1.7468,1.74725,1.00,1.00
2010.06.08 17:03:03.556,1.7468,1.74735,1.80,2.30
2010.06.08 17:03:04.859,1.74675,1.7473,1.00,1.00
2010.06.08 17:03:05.536,1.74675,1.7473,1.00,2.00
2010.06.08 17:03:05.868,1.74675,1.7473,1.00,2.80
2010.06.08 17:03:06.200,1.7467,1.7472,1.00,1.00
2010.06.08 17:03:06.881,1.7467,1.74715,1.00,2.10
2010.06.08 17:03:07.234,1.7464,1.7469,2.40,1.00
2010.06.08 17:03:07.859,1.74635,1.7469,1.00,1.00
2010.06.08 17:03:08.657,1.74635,1.747,2.50,5.20
2010.06.08 17:03:08.957,1.74645,1.747,1.00,1.00
2010.06.08 17:03:09.257,1.74645,1.74695,1.00,1.00
2010.06.08 17:03:11.926,1.74645,1.74695,1.00,2.00
2010.06.08 17:03:14.146,1.74645,1.74705,1.00,2.70
2010.06.08 17:03:14.396,1.74655,1.74705,1.00,1.30
2010.06.08 17:03:14.586,1.74655,1.74715,1.00,4.30
2010.06.08 17:03:15.125,1.74655,1.74715,1.70,3.00
2010.06.08 17:03:15.335,1.7467,1.74715,1.00,1.00
2010.06.08 17:03:15.349,1.7467,1.7472,1.20,1.00
2010.06.08 17:03:16.946,1.74685,1.74725,1.00,1.90
2010.06.08 17:03:17.301,1.74685,1.7474,1.00,2.00
2010.06.08 17:03:18.937,1.74685,1.7474,1.00,1.00
2010.06.08 17:03:19.195,1.74685,1.74745,1.10,2.30
2010.06.08 17:03:20.245,1.74685,1.7474,1.00,1.00
2010.06.08 17:03:20.870,1.74685,1.7474,1.00,2.00
2010.06.08 17:03:21.295,1.74685,1.7474,1.00,2.00
2010.06.08 17:03:22.643,1.74685,1.7473,1.00,1.00
2010.06.08 17:03:22.653,1.7468,1.7473,1.00,1.00
2010.06.08 17:03:24.729,1.7468,1.74725,1.00,1.00
2010.06.08 17:03:24.987,1.7468,1.7473,1.00,2.30
2010.06.08 17:03:25.117,1.7468,1.7473,1.00,2.30
2010.06.08 17:03:26.549,1.7468,1.74735,1.00,1.00
2010.06.08 17:03:26.891,1.74695,1.74745,1.80,1.00
2010.06.08 17:03:27.259,1.74695,1.74745,1.70,1.00
2010.06.08 17:03:27.601,1.74695,1.74755,1.70,4.20
2010.06.08 17:03:29.720,1.74715,1.74755,2.20,1.60
2010.06.08 17:03:29.999,1.7472,1.7476,1.00,1.00
2010.06.08 17:03:30.161,1.74725,1.74765,1.00,1.30
2010.06.08 17:03:30.326,1.74725,1.74775,1.00,1.80
2010.06.08 17:03:30.979,1.74725,1.74775,1.20,1.80
2010.06.08 17:03:31.143,1.74735,1.74785,1.30,5.50
2010.06.08 17:03:31.489,1.7473,1.74785,1.00,2.60
2010.06.08 17:03:31.830,1.7473,1.74775,1.00,1.80
2010.06.08 17:03:32.594,1.74725,1.74775,1.00,1.80
2010.06.08 17:03:33.569,1.7473,1.74775,1.00,1.80
2010.06.08 17:03:34.207,1.7473,1.74775,1.00,2.60
2010.06.08 17:03:36.917,1.7473,1.7477,1.00,1.00
2010.06.08 17:03:37.085,1.7473,1.7477,1.00,2.30
2010.06.08 17:03:37.415,1.7473,1.7477,1.00,2.30
2010.06.08 17:03:38.778,1.7473,1.7478,1.00,1.00
2010.06.08 17:03:39.679,1.7473,1.74775,1.00,1.00
2010.06.08 17:03:39.958,1.74725,1.74775,1.00,1.00
2010.06.08 17:03:40.240,1.74725,1.74765,1.00,1.70
2010.06.08 17:03:40.871,1.7473,1.7476,1.00,1.00
2010.06.08 17:03:41.159,1.7471,1.74765,1.10,1.00
2010.06.08 17:03:44.820,1.7474,1.7478,1.00,2.30
2010.06.08 17:03:45.109,1.74725,1.7477,1.60,1.80
2010.06.08 17:03:45.400,1.74715,1.7478,2.50,9.00
2010.06.08 17:03:46.068,1.74715,1.7477,1.10,2.50
2010.06.08 17:03:46.420,1.74725,1.7477,1.00,1.00
2010.06.08 17:03:48.806,1.7473,1.74785,1.00,2.30
2010.06.08 17:03:49.293,1.74735,1.74785,1.00,2.30
2010.06.08 17:03:49.560,1.74735,1.74785,1.70,1.00
2010.06.08 17:03:49.870,1.74735,1.7479,1.70,2.30
2010.06.08 17:03:50.820,1.74735,1.7479,1.70,2.80
2010.06.08 17:03:51.156,1.7473,1.7479,1.00,2.80
2010.06.08 17:03:51.496,1.7473,1.7479,1.00,3.00
2010.06.08 17:03:52.098,1.7473,1.7479,1.00,4.30
2010.06.08 17:03:53.805,1.7473,1.74785,1.00,1.00
2010.06.08 17:03:56.794,1.7473,1.74785,1.20,1.00
2010.06.08 17:03:57.015,1.7473,1.74795,2.50,2.30
2010.06.08 17:03:57.197,1.7473,1.748,2.50,4.30
2010.06.08 17:03:57.718,1.74735,1.748,2.40,4.30
2010.06.08 17:03:59.468,1.74735,1.748,2.80,4.30
2010.06.08 17:04:01.085,1.7474,1.748,1.00,1.30
2010.06.08 17:04:01.365,1.7474,1.74805,2.60,3.00
2010.06.08 17:04:01.504,1.7474,1.74805,3.40,3.00
2010.06.08 17:04:01.644,1.7474,1.74805,4.90,3.00
2010.06.08 17:04:03.305,1.74755,1.74805,1.00,3.00
2010.06.08 17:04:04.634,1.74755,1.74805,1.00,1.40
2010.06.08 17:04:05.112,1.74755,1.7481,1.00,1.00
2010.06.08 17:04:05.331,1.74775,1.7482,1.00,1.70
2010.06.08 17:04:05.588,1.7478,1.74815,1.00,1.00
2010.06.08 17:04:05.840,1.7478,1.7482,1.00,1.30
2010.06.08 17:04:06.253,1.7478,1.7483,1.00,2.80
2010.06.08 17:04:06.599,1.74775,1.74825,1.00,2.00
2010.06.08 17:04:12.355,1.7478,1.74825,1.00,2.00
2010.06.08 17:04:12.557,1.7478,1.74815,1.00,1.00
2010.06.08 17:04:12.897,1.74795,1.7482,1.00,1.30
2010.06.08 17:04:13.408,1.74795,1.7484,1.00,4.40
2010.06.08 17:04:13.667,1.74785,1.7482,1.00,2.00
2010.06.08 17:04:18.005,1.74775,1.7482,1.00,2.00
2010.06.08 17:04:19.521,1.74785,1.7482,1.00,2.00
2010.06.08 17:04:22.736,1.74785,1.7482,1.00,1.30
2010.06.08 17:04:23.694,1.74785,1.7483,1.00,2.60
2010.06.08 17:04:23.830,1.74785,1.7482,1.00,2.00
2010.06.08 17:04:24.881,1.74785,1.74815,1.00,1.80
2010.06.08 17:04:25.232,1.7478,1.7481,1.00,1.30
2010.06.08 17:04:25.580,1.7478,1.74815,1.00,1.80
2010.06.08 17:04:26.570,1.7478,1.74815,1.00,1.00
2010.06.08 17:04:26.920,1.74785,1.74835,1.00,2.30
2010.06.08 17:04:28.758,1.7478,1.74835,1.00,3.10
2010.06.08 17:04:29.042,1.74765,1.74795,3.20,1.00
2010.06.08 17:04:29.300,1.7477,1.7482,1.00,1.00
2010.06.08 17:04:30.137,1.74765,1.7482,1.00,1.40
2010.06.08 17:04:30.446,1.74765,1.7482,1.00,1.00
2010.06.08 17:04:30.755,1.74765,1.7482,1.00,3.10
2010.06.08 17:04:31.736,1.74765,1.74805,1.00,2.00
2010.06.08 17:04:32.067,1.7474,1.74765,3.20,2.10
2010.06.08 17:04:32.396,1.74735,1.7478,1.00,1.00
2010.06.08 17:04:33.963,1.7474,1.7478,1.00,1.00
2010.06.08 17:04:34.107,1.7474,1.74795,1.50,4.40
2010.06.08 17:04:34.245,1.7476,1.74795,1.00,2.00
2010.06.08 17:04:34.882,1.7476,1.74805,1.70,1.40
2010.06.08 17:04:35.228,1.7476,1.74805,1.00,3.60
2010.06.08 17:04:35.567,1.7474,1.74775,5.60,1.00
2010.06.08 17:04:36.390,1.7474,1.74775,4.00,2.00
2010.06.08 17:04:36.733,1.7471,1.7477,2.50,4.20
2010.06.08 17:04:38.382,1.747,1.7476,1.30,1.80
2010.06.08 17:04:38.809,1.7472,1.7477,1.70,2.30
2010.06.08 17:04:39.221,1.7472,1.7477,1.30,2.30
2010.06.08 17:04:39.461,1.74715,1.7477,1.00,2.30
2010.06.08 17:04:39.800,1.7472,1.7477,1.70,2.30
2010.06.08 17:04:40.829,1.747,1.7476,9.70,1.80
2010.06.08 17:04:41.169,1.747,1.7476,4.10,1.80
2010.06.08 17:04:41.512,1.747,1.7476,2.60,1.80
2010.06.08 17:04:41.691,1.7471,1.7476,1.70,1.00
2010.06.08 17:04:42.215,1.7471,1.74765,1.00,1.00
2010.06.08 17:04:42.898,1.7471,1.7477,1.30,2.10
2010.06.08 17:04:43.238,1.7471,1.7477,2.60,1.00
2010.06.08 17:04:43.576,1.74715,1.7477,1.00,1.00
2010.06.08 17:04:44.117,1.7472,1.7477,1.30,1.00
2010.06.08 17:04:44.309,1.7472,1.7478,1.70,1.80
2010.06.08 17:04:44.497,1.74715,1.7476,1.00,1.80
2010.06.08 17:04:44.687,1.7471,1.7477,2.90,1.80
2010.06.08 17:04:46.426,1.7471,1.7477,1.60,1.80
2010.06.08 17:04:46.988,1.74715,1.7477,1.00,1.80
2010.06.08 17:04:48.237,1.7472,1.7477,1.00,1.80
2010.06.08 17:04:51.270,1.7472,1.7477,1.70,1.00
2010.06.08 17:04:51.570,1.7472,1.7478,2.80,4.20
2010.06.08 17:04:51.776,1.7472,1.7478,3.00,4.20
2010.06.08 17:04:51.987,1.7472,1.7478,2.80,4.20
2010.06.08 17:04:52.552,1.7472,1.7478,2.90,4.20
2010.06.08 17:04:52.897,1.7472,1.7478,3.00,4.20
2010.06.08 17:04:54.674,1.7473,1.7478,1.00,4.20
2010.06.08 17:04:54.915,1.7473,1.7479,1.70,4.20
2010.06.08 17:04:55.144,1.7477,1.7479,1.00,1.30
2010.06.08 17:04:55.369,1.7477,1.74815,1.00,1.00
2010.06.08 17:04:56.071,1.74785,1.7483,1.00,1.00
2010.06.08 17:04:56.759,1.74775,1.7482,1.00,2.00
2010.06.08 17:04:58.043,1.74775,1.74815,1.00,1.80
2010.06.08 17:04:58.178,1.7476,1.74815,1.00,2.30
2010.06.08 17:04:59.409,1.7476,1.7481,1.00,1.80
2010.06.08 17:05:00.442,1.7476,1.74805,1.00,1.00
2010.06.08 17:05:00.740,1.7476,1.74795,1.00,1.00
2010.06.08 17:05:01.344,1.7476,1.74805,1.00,1.00
2010.06.08 17:05:01.697,1.7476,1.748,1.00,1.00
2010.06.08 17:05:02.040,1.74755,1.748,1.10,1.80
2010.06.08 17:05:02.380,1.7476,1.748,1.00,1.30
2010.06.08 17:05:02.930,1.7476,1.7481,1.00,4.20
2010.06.08 17:05:03.283,1.74755,1.7479,1.00,1.80
2010.06.08 17:05:04.282,1.74755,1.7478,1.00,1.80
2010.06.08 17:05:04.600,1.74755,1.7477,1.00,1.00
2010.06.08 17:05:04.891,1.74755,1.7478,1.00,1.80
2010.06.08 17:05:05.180,1.74755,1.7478,1.00,1.30
2010.06.08 17:05:05.822,1.74755,1.748,1.00,1.80
2010.06.08 17:05:06.171,1.74755,1.7481,1.00,4.20
2010.06.08 17:05:06.865,1.74755,1.748,1.00,1.00
2010.06.08 17:05:07.140,1.74755,1.74795,1.20,1.00
2010.06.08 17:05:07.420,1.74755,1.7481,1.00,4.20
2010.06.08 17:05:08.015,1.7477,1.748,1.30,1.00
2010.06.08 17:05:08.360,1.7478,1.7482,1.20,1.00
2010.06.08 17:05:08.696,1.7478,1.7482,1.00,1.00
2010.06.08 17:05:09.376,1.7478,1.7483,1.00,2.80
2010.06.08 17:05:10.246,1.74795,1.7483,1.00,1.00
2010.06.08 17:05:11.155,1.74795,1.7482,1.00,1.00
2010.06.08 17:05:13.377,1.74795,1.74815,1.00,1.00
2010.06.08 17:05:13.515,1.74795,1.7482,1.00,1.00
2010.06.08 17:05:13.817,1.74795,1.7482,1.00,1.80
2010.06.08 17:05:14.272,1.74795,1.74815,1.00,1.00
2010.06.08 17:05:14.570,1.7478,1.74815,1.00,1.00
2010.06.08 17:05:15.317,1.7478,1.7482,1.00,1.30
2010.06.08 17:05:15.507,1.7478,1.7483,1.00,1.00
2010.06.08 17:05:15.706,1.7478,1.7484,2.60,4.20
2010.06.08 17:05:16.047,1.7478,1.7483,1.00,1.80
2010.06.08 17:05:16.758,1.7478,1.7483,1.00,1.80
2010.06.08 17:05:19.284,1.7478,1.7483,1.00,1.80
2010.06.08 17:05:19.859,1.7478,1.7482,1.00,2.00
2010.06.08 17:05:20.635,1.7478,1.7482,1.00,1.00
2010.06.08 17:05:20.849,1.7478,1.7482,1.00,2.00
2010.06.08 17:05:21.129,1.7479,1.7483,1.00,1.00
2010.06.08 17:05:21.689,1.7479,1.7482,1.00,1.00
2010.06.08 17:05:21.970,1.7479,1.7483,1.00,1.00
2010.06.08 17:05:22.217,1.7479,1.7482,1.00,2.00
2010.06.08 17:05:23.456,1.7479,1.7482,1.00,1.00
2010.06.08 17:05:23.645,1.7479,1.7484,1.00,1.00
2010.06.08 17:05:24.513,1.7479,1.7483,1.00,1.30
2010.06.08 17:05:24.872,1.74775,1.74835,1.00,7.40
2010.06.08 17:05:25.219,1.74775,1.7483,1.00,4.10
2010.06.08 17:05:25.418,1.74775,1.7482,1.00,2.00
2010.06.08 17:05:25.617,1.74775,1.7483,1.00,4.10
2010.06.08 17:05:26.153,1.74775,1.74815,1.00,1.30
2010.06.08 17:05:26.360,1.74775,1.74825,1.00,1.00
2010.06.08 17:05:27.986,1.74775,1.7483,1.00,2.30
2010.06.08 17:05:28.526,1.74775,1.7483,1.00,2.30
2010.06.08 17:05:29.506,1.7477,1.7483,1.20,3.70
2010.06.08 17:05:30.188,1.7477,1.7483,1.20,4.20
2010.06.08 17:05:30.408,1.74775,1.7483,1.00,2.30
2010.06.08 17:05:30.627,1.7477,1.7483,1.00,3.70
2010.06.08 17:05:30.885,1.7477,1.7483,1.00,4.20
2010.06.08 17:05:31.667,1.7478,1.74835,1.30,2.30
2010.06.08 17:05:31.915,1.74775,1.74835,1.00,3.70
2010.06.08 17:05:32.448,1.74775,1.7483,1.00,1.00
2010.06.08 17:05:33.419,1.74775,1.74825,1.00,2.00
2010.06.08 17:05:33.656,1.74775,1.74825,1.00,1.30
2010.06.08 17:05:33.896,1.74775,1.7483,1.00,4.20
2010.06.08 17:05:34.741,1.74775,1.74825,1.00,2.00
2010.06.08 17:05:35.080,1.74775,1.7483,1.00,1.40
2010.06.08 17:05:35.420,1.7478,1.74845,1.30,4.20
2010.06.08 17:05:36.197,1.7478,1.74845,1.30,2.30
2010.06.08 17:05:38.108,1.7478,1.74845,1.30,4.30
2010.06.08 17:05:38.350,1.7478,1.74845,1.30,6.70
2010.06.08 17:05:38.597,1.74775,1.7483,1.00,1.30
2010.06.08 17:05:38.841,1.7478,1.74825,1.00,1.00
2010.06.08 17:05:39.401,1.74775,1.7482,1.00,1.00
2010.06.08 17:05:39.729,1.74765,1.74815,1.70,1.30
2010.06.08 17:05:40.049,1.74765,1.74815,1.80,1.30
2010.06.08 17:05:41.806,1.74765,1.74815,1.00,1.70
2010.06.08 17:05:41.977,1.74765,1.74805,1.00,3.70
2010.06.08 17:05:42.146,1.74765,1.74805,1.00,1.80
2010.06.08 17:05:42.316,1.74765,1.74805,1.00,1.80
2010.06.08 17:05:42.486,1.74765,1.74805,1.00,4.20
2010.06.08 17:05:43.371,1.74765,1.74805,1.00,4.20
2010.06.08 17:05:44.082,1.74765,1.7478,1.00,1.00
2010.06.08 17:05:44.620,1.74745,1.7478,1.00,1.80
2010.06.08 17:05:44.796,1.74775,1.748,1.00,2.40
2010.06.08 17:05:45.492,1.74775,1.74835,1.70,2.10
2010.06.08 17:05:45.836,1.7477,1.7483,1.00,5.90
2010.06.08 17:05:46.180,1.7478,1.74825,1.80,1.60
2010.06.08 17:05:46.594,1.7478,1.7483,1.80,4.80
2010.06.08 17:05:46.957,1.7477,1.7482,1.00,1.30
2010.06.08 17:05:49.023,1.7479,1.74835,1.30,1.60
2010.06.08 17:05:49.265,1.7479,1.7485,1.30,2.30
2010.06.08 17:05:49.499,1.7478,1.74845,5.20,2.30
2010.06.08 17:05:50.079,1.748,1.74855,1.80,1.00
2010.06.08 17:05:50.418,1.74795,1.7485,1.00,1.30
2010.06.08 17:05:51.325,1.74805,1.7485,3.20,1.30
2010.06.08 17:05:51.669,1.74815,1.7485,1.00,1.30
2010.06.08 17:05:52.086,1.74815,1.74855,1.00,1.30
2010.06.08 17:05:52.443,1.7481,1.7486,3.10,1.30
2010.06.08 17:05:52.789,1.74815,1.7487,1.00,2.80
2010.06.08 17:05:53.458,1.74815,1.7487,1.00,4.20
2010.06.08 17:05:53.821,1.74815,1.7487,1.20,4.80
2010.06.08 17:05:54.498,1.7481,1.7487,4.80,1.80
2010.06.08 17:05:54.862,1.74795,1.7485,4.20,2.00
2010.06.08 17:05:55.211,1.748,1.7486,1.70,1.60
2010.06.08 17:05:55.560,1.7479,1.7485,4.40,1.70
2010.06.08 17:05:55.999,1.7479,1.74845,2.40,1.30
2010.06.08 17:05:56.346,1.7476,1.74825,2.40,1.70
2010.06.08 17:05:56.688,1.74765,1.74825,1.80,2.10
2010.06.08 17:05:58.191,1.7477,1.7483,1.70,2.10
2010.06.08 17:05:58.700,1.74775,1.7483,1.00,1.00
2010.06.08 17:05:58.960,1.7478,1.7484,1.70,2.30
2010.06.08 17:05:59.579,1.7478,1.7484,1.00,3.70
2010.06.08 17:05:59.863,1.74765,1.7483,2.40,5.00
2010.06.08 17:06:00.658,1.7477,1.7483,1.30,3.60
2010.06.08 17:06:01.031,1.7477,1.7483,1.80,3.10
2010.06.08 17:06:01.358,1.7477,1.7483,4.20,1.80
2010.06.08 17:06:01.686,1.7478,1.7484,1.30,3.70
2010.06.08 17:06:02.323,1.748,1.74845,1.30,1.00
2010.06.08 17:06:02.672,1.7481,1.7487,2.50,1.80
2010.06.08 17:06:03.021,1.74815,1.7488,1.00,6.60
2010.06.08 17:06:03.678,1.74815,1.7488,1.00,2.80
2010.06.08 17:06:04.019,1.74815,1.7486,2.40,1.30
2010.06.08 17:06:04.358,1.74825,1.7488,1.00,2.30
2010.06.08 17:06:05.074,1.7482,1.74875,1.00,1.00
2010.06.08 17:06:05.420,1.7482,1.7487,1.30,1.00
2010.06.08 17:06:05.718,1.7482,1.7488,1.80,3.00
2010.06.08 17:06:06.019,1.74825,1.7488,1.00,2.30
2010.06.08 17:06:06.374,1.7482,1.7488,1.80,3.00
2010.06.08 17:06:06.717,1.7482,1.7488,1.80,1.00
2010.06.08 17:06:07.058,1.74835,1.74885,1.00,1.00
2010.06.08 17:06:07.397,1.7483,1.74885,1.30,1.00
2010.06.08 17:06:08.030,1.74825,1.74885,2.40,2.00
2010.06.08 17:06:08.628,1.74835,1.7489,1.30,1.60
2010.06.08 17:06:08.918,1.7483,1.74885,1.70,2.30
2010.06.08 17:06:09.443,1.7482,1.74885,1.20,4.30
2010.06.08 17:06:09.744,1.74825,1.74875,1.00,1.60
2010.06.08 17:06:10.092,1.74825,1.7488,1.00,2.00
2010.06.08 17:06:10.810,1.74825,1.7488,1.00,4.30
2010.06.08 17:06:11.161,1.7487,1.7491,1.00,4.40
2010.06.08 17:06:11.510,1.74875,1.74915,1.30,3.00
2010.06.08 17:06:12.179,1.7487,1.74915,1.70,1.00
2010.06.08 17:06:12.520,1.7487,1.74915,1.00,1.00
2010.06.08 17:06:12.861,1.7487,1.74915,1.70,1.00
2010.06.08 17:06:13.423,1.7488,1.74925,1.00,2.00
2010.06.08 17:06:13.772,1.7487,1.7492,2.80,1.00
2010.06.08 17:06:14.776,1.74865,1.7491,1.00,1.00
2010.06.08 17:06:15.122,1.74875,1.7493,2.00,1.00
2010.06.08 17:06:15.407,1.74875,1.7493,2.00,5.50
2010.06.08 17:06:17.081,1.7488,1.7493,1.00,4.80
2010.06.08 17:06:17.697,1.7488,1.74925,1.30,2.40
2010.06.08 17:06:18.041,1.74885,1.7494,1.70,5.50
2010.06.08 17:06:18.680,1.7488,1.7493,2.00,2.40
2010.06.08 17:06:18.967,1.7488,1.74935,2.00,4.80
2010.06.08 17:06:19.473,1.7487,1.74925,4.10,1.00
2010.06.08 17:06:19.715,1.7487,1.74925,4.50,1.00
2010.06.08 17:06:21.971,1.74865,1.74925,1.00,1.00
2010.06.08 17:06:22.121,1.74865,1.74915,1.00,4.40
2010.06.08 17:06:22.265,1.74865,1.74915,1.00,3.70
2010.06.08 17:06:22.417,1.74865,1.74925,1.00,3.10
2010.06.08 17:06:22.566,1.74865,1.74925,1.00,1.00
2010.06.08 17:06:23.246,1.74865,1.7493,2.90,10.80
2010.06.08 17:06:24.006,1.74865,1.74925,2.90,4.80
2010.06.08 17:06:24.425,1.74865,1.74925,1.50,6.10
2010.06.08 17:06:24.535,1.74865,1.7492,1.00,1.60
2010.06.08 17:06:24.646,1.7486,1.7492,1.20,1.60
2010.06.08 17:06:25.094,1.7486,1.74925,1.20,4.70
2010.06.08 17:06:25.439,1.7486,1.7492,1.00,1.00
2010.06.08 17:06:25.776,1.7486,1.7492,1.00,6.30
2010.06.08 17:06:26.118,1.7486,1.7492,1.00,2.30
2010.06.08 17:06:26.461,1.74885,1.74935,1.00,1.70
2010.06.08 17:06:27.158,1.74885,1.74945,1.00,2.00
2010.06.08 17:06:27.350,1.74885,1.74935,2.00,1.00
2010.06.08 17:06:27.806,1.74885,1.74935,1.00,1.00
2010.06.08 17:06:28.002,1.74885,1.7494,1.00,1.30
2010.06.08 17:06:28.353,1.74885,1.74945,2.00,1.00
2010.06.08 17:06:29.243,1.74885,1.7494,1.30,1.00
2010.06.08 17:06:29.591,1.7488,1.7494,2.40,1.00
2010.06.08 17:06:29.937,1.7488,1.7494,2.50,1.00
2010.06.08 17:06:30.759,1.74885,1.74945,2.00,1.00
2010.06.08 17:06:31.100,1.74885,1.74945,4.40,1.00
2010.06.08 17:06:31.617,1.7489,1.7495,1.00,1.00
2010.06.08 17:06:32.298,1.74895,1.7496,6.80,3.90
2010.06.08 17:06:32.605,1.74895,1.7496,7.70,3.90
2010.06.08 17:06:35.516,1.74895,1.7496,2.90,3.90
2010.06.08 17:06:35.807,1.74895,1.7496,2.90,2.30
2010.06.08 17:06:36.097,1.74895,1.74945,1.50,1.60
2010.06.08 17:06:36.388,1.74885,1.7494,1.30,1.00
2010.06.08 17:06:36.678,1.74885,1.7494,1.70,1.00
2010.06.08 17:06:36.917,1.74895,1.7494,1.30,1.00
2010.06.08 17:06:37.036,1.74895,1.7495,1.70,2.70
2010.06.08 17:06:38.507,1.74885,1.7494,1.00,1.30
2010.06.08 17:06:38.817,1.74875,1.7493,1.00,1.00
2010.06.08 17:06:38.945,1.74875,1.7493,1.00,2.00
2010.06.08 17:06:39.076,1.74875,1.7493,1.00,2.80
2010.06.08 17:06:40.827,1.7487,1.7493,1.30,2.80
2010.06.08 17:06:41.046,1.74865,1.7493,2.40,2.80
2010.06.08 17:06:42.045,1.74865,1.7493,2.50,2.80
2010.06.08 17:06:43.678,1.74865,1.7493,2.40,2.80
2010.06.08 17:06:43.889,1.74865,1.7493,2.50,2.80
2010.06.08 17:06:44.427,1.7486,1.74925,1.00,1.40
2010.06.08 17:06:44.755,1.7486,1.74925,2.60,1.00
2010.06.08 17:06:45.376,1.74865,1.74925,1.00,1.00
2010.06.08 17:06:46.129,1.7486,1.74925,2.50,1.00
2010.06.08 17:06:46.395,1.7486,1.74925,1.20,2.60
2010.06.08 17:06:46.656,1.7486,1.74925,1.30,2.60
2010.06.08 17:06:46.925,1.7486,1.74915,1.00,1.70
2010.06.08 17:06:48.475,1.7486,1.74915,1.00,1.70
2010.06.08 17:06:48.809,1.74855,1.7491,2.50,1.00
2010.06.08 17:06:49.038,1.74855,1.7491,1.20,1.00
2010.06.08 17:06:49.458,1.7485,1.749,1.00,1.00
2010.06.08 17:06:50.032,1.74845,1.749,1.00,1.00
2010.06.08 17:06:50.227,1.74845,1.7491,1.00,7.60
2010.06.08 17:06:50.426,1.74845,1.74905,1.00,2.40
2010.06.08 17:06:50.768,1.74845,1.749,1.00,1.80
2010.06.08 17:06:51.350,1.74855,1.7491,1.70,4.70
2010.06.08 17:06:51.598,1.74845,1.7491,1.30,2.30
2010.06.08 17:06:51.848,1.74845,1.7491,1.00,2.30
2010.06.08 17:06:52.097,1.74845,1.74905,1.00,1.00
2010.06.08 17:06:52.719,1.74835,1.749,1.00,3.70
2010.06.08 17:06:53.059,1.74845,1.74905,1.30,2.30
2010.06.08 17:06:53.737,1.7484,1.74905,1.00,2.30
2010.06.08 17:06:54.221,1.74845,1.74905,1.30,2.30
2010.06.08 17:06:58.136,1.74845,1.74905,1.30,2.70
2010.06.08 17:06:58.346,1.7484,1.749,2.60,1.30
2010.06.08 17:06:59.090,1.7484,1.749,1.80,3.70
2010.06.08 17:07:01.568,1.74835,1.7489,1.00,1.70
2010.06.08 17:07:02.117,1.74835,1.7488,1.00,1.30
2010.06.08 17:07:02.399,1.74835,1.7489,1.00,1.70
2010.06.08 17:07:03.073,1.74835,1.74885,1.00,1.30
2010.06.08 17:07:03.428,1.7484,1.7489,1.00,1.00
2010.06.08 17:07:03.769,1.7483,1.7488,1.00,1.30
2010.06.08 17:07:04.000,1.7483,1.7489,2.60,2.20
2010.06.08 17:07:04.603,1.7483,1.7489,2.60,1.80
2010.06.08 17:07:06.569,1.74845,1.7489,1.00,1.30
2010.06.08 17:07:06.886,1.74845,1.749,1.00,2.60
2010.06.08 17:07:07.559,1.74835,1.7489,2.80,1.80
2010.06.08 17:07:08.130,1.7485,1.749,1.60,1.80
2010.06.08 17:07:08.379,1.74855,1.74905,1.30,2.40
2010.06.08 17:07:08.809,1.74855,1.74905,1.30,2.50
2010.06.08 17:07:09.092,1.74855,1.74905,1.30,1.00
2010.06.08 17:07:09.689,1.74855,1.74905,1.00,2.10
2010.06.08 17:07:10.372,1.74855,1.74905,1.00,1.00
2010.06.08 17:07:12.122,1.7485,1.7491,1.00,1.40
2010.06.08 17:07:12.470,1.74855,1.7491,1.00,2.00
2010.06.08 17:07:13.490,1.74865,1.7491,1.30,1.00
2010.06.08 17:07:14.482,1.74855,1.7491,1.00,1.80
2010.06.08 17:07:14.830,1.74855,1.7491,1.00,3.40
2010.06.08 17:07:15.176,1.74855,1.7491,1.00,2.60
2010.06.08 17:07:15.515,1.74855,1.7491,1.00,1.00
2010.06.08 17:07:16.807,1.7486,1.7491,1.70,1.00
2010.06.08 17:07:17.067,1.7486,1.7491,1.00,1.00
2010.06.08 17:07:17.611,1.7486,1.7491,1.30,1.20
2010.06.08 17:07:17.910,1.74855,1.7491,1.00,1.00
2010.06.08 17:07:18.786,1.74855,1.7491,1.40,1.00
2010.06.08 17:07:20.154,1.74855,1.7491,1.30,1.00
2010.06.08 17:07:21.499,1.74855,1.7491,1.40,1.00
2010.06.08 17:07:23.343,1.74855,1.7491,1.40,1.00
2010.06.08 17:07:23.445,1.74855,1.7491,1.30,1.00
2010.06.08 17:07:23.656,1.74855,1.7491,1.40,1.00
2010.06.08 17:07:26.155,1.74855,1.7491,1.30,1.00
2010.06.08 17:07:28.838,1.74855,1.7491,1.40,1.00
2010.06.08 17:07:29.174,1.74855,1.7491,1.30,1.00
2010.06.08 17:07:29.384,1.74855,1.7491,1.30,1.00
2010.06.08 17:07:31.987,1.74855,1.7491,1.40,1.00
2010.06.08 17:07:32.206,1.7486,1.74915,1.70,1.00
2010.06.08 17:07:32.704,1.74855,1.7491,1.40,1.00
2010.06.08 17:07:32.932,1.74855,1.7491,1.30,1.00
2010.06.08 17:07:33.155,1.74855,1.7491,1.40,1.00
2010.06.08 17:07:34.328,1.7486,1.7491,1.00,1.00
2010.06.08 17:07:34.673,1.7486,1.74905,1.00,1.00
2010.06.08 17:07:35.208,1.74855,1.7491,1.30,1.00
2010.06.08 17:07:36.667,1.74865,1.7492,1.80,2.00
2010.06.08 17:07:37.006,1.74865,1.7492,1.80,1.00
2010.06.08 17:07:37.798,1.74865,1.7492,4.40,1.00
2010.06.08 17:07:37.936,1.74865,1.7492,4.20,1.00
2010.06.08 17:07:38.614,1.74885,1.74935,1.30,2.80
2010.06.08 17:07:38.958,1.74885,1.74935,1.30,1.00
2010.06.08 17:07:39.296,1.74885,1.74935,1.30,1.00
2010.06.08 17:07:40.457,1.74895,1.74935,1.80,1.00
2010.06.08 17:07:40.795,1.74895,1.7494,1.80,1.00
2010.06.08 17:07:42.897,1.74895,1.7494,1.30,1.00
2010.06.08 17:07:43.189,1.74875,1.7493,2.40,1.00
2010.06.08 17:07:43.618,1.74875,1.7494,2.90,3.00
2010.06.08 17:07:43.911,1.74885,1.74935,1.30,1.00
2010.06.08 17:07:45.158,1.74885,1.74935,2.90,1.00
2010.06.08 17:07:46.285,1.74885,1.74935,2.40,1.00
2010.06.08 17:07:47.118,1.74885,1.74935,2.90,1.00
2010.06.08 17:07:49.536,1.74885,1.7495,2.90,4.20
2010.06.08 17:07:49.856,1.74885,1.7495,2.90,4.20
2010.06.08 17:07:50.179,1.74885,1.7494,2.40,1.00
2010.06.08 17:07:50.958,1.7489,1.7495,1.00,2.70
2010.06.08 17:07:52.485,1.74885,1.74945,4.50,1.00
2010.06.08 17:07:52.828,1.7489,1.7495,1.00,2.70
2010.06.08 17:07:54.287,1.74885,1.74945,4.50,1.00
2010.06.08 17:07:55.631,1.74885,1.74925,1.60,1.00
2010.06.08 17:07:55.917,1.74875,1.7493,2.80,1.00
2010.06.08 17:07:56.207,1.74885,1.74935,3.30,1.00
2010.06.08 17:07:56.547,1.74885,1.7493,2.00,1.30
2010.06.08 17:07:57.228,1.7487,1.7493,1.50,1.70
2010.06.08 17:07:57.486,1.7487,1.7493,1.50,1.00
2010.06.08 17:07:57.746,1.7487,1.7493,1.30,1.00
2010.06.08 17:07:58.381,1.74885,1.74935,1.60,4.40
2010.06.08 17:07:58.730,1.74875,1.7493,1.00,1.00
2010.06.08 17:07:59.069,1.7489,1.7493,1.00,1.00
2010.06.08 17:07:59.727,1.74885,1.7493,1.00,2.30
2010.06.08 17:08:00.017,1.74885,1.7493,1.00,1.00
2010.06.08 17:08:01.039,1.7488,1.7492,2.50,1.00
2010.06.08 17:08:01.381,1.74885,1.74925,1.70,1.00
2010.06.08 17:08:01.820,1.74895,1.7493,1.00,1.60
2010.06.08 17:08:02.171,1.749,1.74945,1.00,2.30
2010.06.08 17:08:02.519,1.749,1.7495,1.00,2.80
2010.06.08 17:08:03.519,1.749,1.74935,1.00,1.30
2010.06.08 17:08:03.857,1.74885,1.7494,1.00,1.00
2010.06.08 17:08:04.056,1.74885,1.74935,1.00,1.30
2010.06.08 17:08:04.255,1.74885,1.7493,1.00,1.00
2010.06.08 17:08:09.118,1.74885,1.74925,1.00,1.00
2010.06.08 17:08:09.446,1.7488,1.7491,1.00,1.00
2010.06.08 17:08:10.148,1.7487,1.74915,1.00,1.30
2010.06.08 17:08:10.445,1.7487,1.74925,1.70,1.00
2010.06.08 17:08:11.945,1.7487,1.74915,1.70,1.00
2010.06.08 17:08:12.964,1.7487,1.74915,1.00,1.00
2010.06.08 17:08:16.596,1.7487,1.749,1.00,2.30
2010.06.08 17:08:17.203,1.74855,1.7488,3.20,1.00
2010.06.08 17:08:17.289,1.7483,1.7488,1.00,1.80
2010.06.08 17:08:17.825,1.7483,1.74875,1.00,1.00
2010.06.08 17:08:18.603,1.7483,1.7487,1.00,1.30
2010.06.08 17:08:18.950,1.7483,1.74875,1.00,1.30
2010.06.08 17:08:19.205,1.7483,1.7488,1.00,1.20
2010.06.08 17:08:19.813,1.7483,1.74875,1.00,1.30
2010.06.08 17:08:20.070,1.7483,1.74875,1.00,1.80
2010.06.08 17:08:21.708,1.74815,1.7486,4.00,1.00
2010.06.08 17:08:22.037,1.7481,1.7486,1.00,1.00
2010.06.08 17:08:22.366,1.7481,1.74875,1.80,4.20
2010.06.08 17:08:23.034,1.7481,1.7486,1.00,1.00
2010.06.08 17:08:23.966,1.7482,1.74865,1.00,1.30
2010.06.08 17:08:24.155,1.7482,1.74875,1.00,4.20
2010.06.08 17:08:24.535,1.7481,1.74865,1.00,1.30
2010.06.08 17:08:25.004,1.7481,1.7486,1.00,1.00
2010.06.08 17:08:25.555,1.74795,1.7485,3.30,1.00
2010.06.08 17:08:25.829,1.7479,1.74835,1.00,1.00
2010.06.08 17:08:26.096,1.7478,1.74835,3.30,1.00
2010.06.08 17:08:26.759,1.7478,1.7483,1.00,2.30
2010.06.08 17:08:27.099,1.7476,1.74815,1.00,1.20
2010.06.08 17:08:29.587,1.74755,1.7481,1.00,1.00
2010.06.08 17:08:29.815,1.74765,1.74815,2.00,1.00
2010.06.08 17:08:31.746,1.74765,1.74815,1.60,1.20
2010.06.08 17:08:31.877,1.74755,1.74815,1.00,1.20
2010.06.08 17:08:32.008,1.74755,1.7481,1.00,2.30
2010.06.08 17:08:34.954,1.74755,1.7481,2.80,2.30
2010.06.08 17:08:35.215,1.74765,1.7481,2.00,2.30
2010.06.08 17:08:40.548,1.74765,1.7481,1.00,2.30
2010.06.08 17:08:44.762,1.74755,1.7481,2.00,2.80
2010.06.08 17:08:45.876,1.7478,1.7481,1.00,2.30
2010.06.08 17:08:46.216,1.74755,1.7481,2.00,2.80
2010.06.08 17:08:47.947,1.74765,1.7481,1.00,2.30
2010.06.08 17:08:54.061,1.7474,1.7478,2.40,1.00
2010.06.08 17:08:54.158,1.74735,1.7478,1.60,1.00
2010.06.08 17:08:54.601,1.74725,1.7478,1.00,1.00
2010.06.08 17:08:54.701,1.7473,1.7479,1.00,2.30
2010.06.08 17:08:54.798,1.7473,1.7479,3.40,1.00
2010.06.08 17:08:55.214,1.74735,1.74795,1.30,2.70
2010.06.08 17:08:55.563,1.7472,1.7477,1.30,1.20
2010.06.08 17:08:55.911,1.7471,1.7477,3.70,1.00
2010.06.08 17:08:56.599,1.7471,1.74775,4.90,1.80
2010.06.08 17:08:56.940,1.7471,1.7476,1.00,1.00
2010.06.08 17:08:57.276,1.74715,1.7476,1.00,1.00
2010.06.08 17:08:57.960,1.74715,1.7477,1.00,2.80
2010.06.08 17:08:58.301,1.7471,1.74765,1.00,1.00
2010.06.08 17:08:58.519,1.7471,1.7477,1.00,2.70
2010.06.08 17:08:58.727,1.7471,1.7477,1.10,2.70
2010.06.08 17:08:59.516,1.7471,1.7476,1.00,1.00
2010.06.08 17:08:59.857,1.74715,1.7476,1.00,1.00
2010.06.08 17:09:00.382,1.7472,1.74775,1.00,2.30
2010.06.08 17:09:00.668,1.7471,1.74775,1.00,2.30
2010.06.08 17:09:04.217,1.7471,1.7477,1.00,1.00
2010.06.08 17:09:04.398,1.7471,1.74755,1.00,1.60
2010.06.08 17:09:04.859,1.7471,1.74755,1.00,2.30
2010.06.08 17:09:05.202,1.74675,1.74735,1.00,1.30
2010.06.08 17:09:05.553,1.74665,1.7473,4.00,1.00
2010.06.08 17:09:05.900,1.74675,1.7473,1.70,1.00
2010.06.08 17:09:06.620,1.7467,1.7474,2.40,2.70
2010.06.08 17:09:08.185,1.74665,1.7473,4.20,1.00
2010.06.08 17:09:09.148,1.7466,1.74725,2.90,1.10
2010.06.08 17:09:10.525,1.7467,1.74725,1.00,1.10
2010.06.08 17:09:12.436,1.7468,1.7473,1.00,1.00
2010.06.08 17:09:12.776,1.7468,1.74735,1.00,1.10
2010.06.08 17:09:13.435,1.74685,1.74735,1.30,1.10
2010.06.08 17:09:13.953,1.7469,1.74735,1.00,1.00
2010.06.08 17:09:14.139,1.7468,1.74735,1.00,1.10
2010.06.08 17:09:15.005,1.7469,1.74735,1.00,1.00
2010.06.08 17:09:15.506,1.74695,1.74735,1.30,1.00
2010.06.08 17:09:15.707,1.747,1.7475,1.00,1.00
2010.06.08 17:09:17.238,1.74695,1.74735,1.30,1.00
2010.06.08 17:09:17.446,1.7468,1.74735,1.00,1.00
2010.06.08 17:09:18.258,1.7468,1.74735,1.00,2.70
2010.06.08 17:09:18.581,1.7467,1.74705,1.00,1.00
2010.06.08 17:09:18.899,1.7465,1.74705,2.40,1.00
2010.06.08 17:09:19.993,1.74655,1.74705,4.00,1.00
2010.06.08 17:09:20.158,1.74665,1.7472,1.00,2.30
2010.06.08 17:09:21.507,1.74675,1.74725,1.00,1.00
2010.06.08 17:09:21.818,1.74675,1.74725,1.00,1.00
2010.06.08 17:09:22.127,1.74685,1.74725,1.00,1.00
2010.06.08 17:09:22.657,1.7469,1.74725,1.00,1.00
2010.06.08 17:09:22.876,1.7469,1.7473,1.00,1.10
2010.06.08 17:09:23.496,1.7469,1.7473,1.00,1.10
2010.06.08 17:09:25.336,1.7469,1.7473,1.00,1.10
2010.06.08 17:09:25.564,1.7469,1.7473,1.00,1.30
2010.06.08 17:09:26.498,1.7469,1.7473,1.00,1.10
2010.06.08 17:09:26.717,1.7469,1.7473,1.00,1.00
2010.06.08 17:09:26.936,1.7469,1.7474,1.00,3.70
2010.06.08 17:09:27.322,1.7469,1.7474,1.00,2.30
2010.06.08 17:09:28.596,1.7469,1.7474,1.00,1.00
2010.06.08 17:09:28.916,1.7469,1.74745,1.00,2.30
2010.06.08 17:09:29.550,1.7471,1.7475,1.00,1.00
2010.06.08 17:09:29.670,1.74715,1.7475,1.00,1.00
2010.06.08 17:09:29.787,1.74715,1.7475,1.00,1.00
2010.06.08 17:09:29.911,1.74715,1.7475,1.00,1.00
2010.06.08 17:09:30.511,1.74715,1.7474,1.00,1.00
2010.06.08 17:09:30.969,1.7471,1.7474,1.10,1.00
2010.06.08 17:09:31.653,1.74715,1.74745,1.00,1.00
2010.06.08 17:09:34.166,1.74715,1.7474,1.00,1.00
2010.06.08 17:09:34.527,1.747,1.7474,1.00,1.00
2010.06.08 17:09:34.707,1.747,1.7474,1.00,1.00
2010.06.08 17:09:35.067,1.747,1.7474,1.00,1.00
2010.06.08 17:09:35.814,1.74685,1.7472,1.20,1.00
2010.06.08 17:09:36.118,1.74685,1.74735,1.20,2.70
2010.06.08 17:09:36.457,1.74685,1.74735,1.00,1.00
2010.06.08 17:09:37.180,1.74685,1.74725,1.00,1.00
2010.06.08 17:09:37.357,1.74685,1.74725,1.00,1.00
2010.06.08 17:09:37.876,1.74715,1.74735,1.00,1.00
2010.06.08 17:09:38.434,1.74715,1.74745,1.00,1.00
2010.06.08 17:09:38.776,1.74695,1.74745,1.00,1.00
2010.06.08 17:09:39.456,1.74695,1.74745,1.00,1.00
2010.06.08 17:09:40.181,1.74695,1.7474,1.00,1.00
2010.06.08 17:09:40.446,1.74695,1.7474,1.00,1.00
2010.06.08 17:09:40.739,1.747,1.74745,1.00,1.00
2010.06.08 17:09:41.027,1.747,1.74745,1.00,1.00
2010.06.08 17:09:41.659,1.74695,1.74745,1.00,1.00
2010.06.08 17:09:41.909,1.747,1.74745,1.00,1.00
2010.06.08 17:09:42.396,1.747,1.74745,1.00,1.00
2010.06.08 17:09:43.152,1.74715,1.74745,1.00,1.00
2010.06.08 17:09:43.836,1.747,1.74745,1.00,1.00
2010.06.08 17:09:53.219,1.74695,1.7474,1.00,1.00
2010.06.08 17:09:54.017,1.74695,1.7474,1.00,1.00
2010.06.08 17:09:54.780,1.74695,1.74745,1.10,1.00
2010.06.08 17:09:54.996,1.747,1.74745,1.00,1.00
2010.06.08 17:09:55.520,1.747,1.74745,1.00,1.00
2010.06.08 17:09:58.346,1.747,1.7474,1.00,1.00
2010.06.08 17:09:58.535,1.747,1.7474,1.00,1.00
2010.06.08 17:10:01.888,1.74705,1.74745,1.00,1.00
2010.06.08 17:10:04.529,1.74755,1.7479,1.00,1.00
2010.06.08 17:10:04.648,1.74755,1.7481,1.70,3.10
2010.06.08 17:10:04.988,1.7477,1.7482,1.20,4.10
2010.06.08 17:10:07.036,1.74785,1.74835,1.00,2.30
2010.06.08 17:10:07.187,1.7478,1.74815,1.00,2.00
2010.06.08 17:10:07.756,1.74775,1.74825,1.00,1.00
2010.06.08 17:10:08.027,1.7478,1.74825,1.00,1.00
2010.06.08 17:10:08.516,1.7478,1.7483,1.00,6.10
2010.06.08 17:10:08.791,1.74785,1.7483,1.00,1.20
2010.06.08 17:10:09.450,1.7478,1.74825,1.00,8.20
2010.06.08 17:10:09.748,1.74775,1.7482,1.00,1.70
2010.06.08 17:10:10.048,1.7478,1.74815,1.00,4.80
2010.06.08 17:10:10.496,1.74775,1.74815,1.10,4.80
2010.06.08 17:10:10.843,1.74775,1.74805,1.00,3.70
2010.06.08 17:10:11.150,1.7478,1.7481,1.00,1.00
2010.06.08 17:10:12.797,1.7478,1.74815,1.20,1.30
2010.06.08 17:10:13.037,1.7478,1.74825,1.00,3.70
2010.06.08 17:10:13.275,1.7478,1.7482,1.00,1.00
2010.06.08 17:10:13.981,1.7478,1.7482,1.00,2.00
2010.06.08 17:10:14.320,1.7475,1.748,2.00,1.00
2010.06.08 17:10:14.467,1.7475,1.7479,1.00,1.00
2010.06.08 17:10:15.292,1.7475,1.7481,1.00,4.70
2010.06.08 17:10:15.447,1.7475,1.7481,1.00,3.90
2010.06.08 17:10:15.797,1.7475,1.7481,1.00,4.70
2010.06.08 17:10:16.136,1.7475,1.7481,1.00,2.30
2010.06.08 17:10:18.075,1.7477,1.7481,1.00,1.00
2010.06.08 17:10:18.489,1.74775,1.74815,1.00,1.00
2010.06.08 17:10:18.688,1.74775,1.74815,1.00,1.20
2010.06.08 17:10:20.909,1.74775,1.74815,1.00,1.00
2010.06.08 17:10:22.025,1.74775,1.74825,1.00,2.80
2010.06.08 17:10:25.934,1.74775,1.74825,1.00,3.00
2010.06.08 17:10:26.115,1.74775,1.74825,1.00,2.80
2010.06.08 17:10:26.330,1.74775,1.74825,1.00,3.00
2010.06.08 17:10:28.179,1.74775,1.74825,1.00,2.80
2010.06.08 17:10:28.720,1.74775,1.74825,1.00,3.00
2010.06.08 17:10:29.736,1.74775,1.74825,1.00,2.00
2010.06.08 17:10:29.956,1.74775,1.7483,1.70,2.80
2010.06.08 17:10:30.165,1.74775,1.7483,1.80,2.50
2010.06.08 17:10:30.705,1.74795,1.7483,1.00,1.60
2010.06.08 17:10:30.912,1.7481,1.7486,1.00,2.90
2010.06.08 17:10:31.258,1.7482,1.74875,1.00,1.60
2010.06.08 17:10:31.596,1.7483,1.7487,1.00,1.00
2010.06.08 17:10:33.006,1.7483,1.7486,1.00,1.00
2010.06.08 17:10:33.488,1.7483,1.74865,1.00,1.00
2010.06.08 17:10:33.939,1.7483,1.74875,1.00,5.20
2010.06.08 17:10:34.197,1.7483,1.74875,1.00,2.30
2010.06.08 17:10:34.787,1.7483,1.74865,1.00,1.00
2010.06.08 17:10:35.117,1.7483,1.7487,1.00,2.30
2010.06.08 17:10:35.860,1.7483,1.74865,1.00,1.00
2010.06.08 17:10:36.145,1.74815,1.74865,1.00,1.00
2010.06.08 17:10:37.567,1.74825,1.7487,1.00,1.30
2010.06.08 17:10:37.727,1.74825,1.7487,1.00,1.00
2010.06.08 17:10:38.285,1.74825,1.7487,1.00,2.30
2010.06.08 17:10:38.447,1.74825,1.74875,1.00,2.30
2010.06.08 17:10:38.887,1.74825,1.74875,1.00,2.90
2010.06.08 17:10:39.172,1.7482,1.74855,1.00,1.00
2010.06.08 17:10:39.836,1.74825,1.74875,1.00,2.30
2010.06.08 17:10:40.129,1.74825,1.7487,1.00,1.00
2010.06.08 17:10:40.421,1.74815,1.74865,1.00,1.00
2010.06.08 17:10:40.708,1.74815,1.7487,1.00,1.00
2010.06.08 17:10:41.357,1.74815,1.74865,1.00,1.00
2010.06.08 17:10:41.839,1.74815,1.74865,1.00,1.00
2010.06.08 17:10:42.136,1.74815,1.74865,1.00,1.00
2010.06.08 17:10:42.215,1.74815,1.74865,1.00,1.00
2010.06.08 17:10:42.376,1.74815,1.74865,1.00,1.00
2010.06.08 17:10:43.353,1.74815,1.74865,1.00,1.00
2010.06.08 17:10:43.774,1.74815,1.7487,1.00,2.90
2010.06.08 17:10:44.081,1.74815,1.74865,1.00,1.30
2010.06.08 17:10:44.387,1.7483,1.7487,1.00,1.00
2010.06.08 17:10:46.546,1.7483,1.7487,1.00,1.90
2010.06.08 17:10:46.828,1.7483,1.74865,1.00,1.00
2010.06.08 17:10:48.263,1.74875,1.749,1.00,3.20
2010.06.08 17:10:48.530,1.74875,1.7492,1.00,1.30
2010.06.08 17:10:48.799,1.74865,1.7491,1.00,2.10
2010.06.08 17:10:49.390,1.74865,1.7491,1.00,1.00
2010.06.08 17:10:49.632,1.7487,1.7492,1.00,1.40
2010.06.08 17:10:50.556,1.7487,1.7492,1.00,2.90
2010.06.08 17:10:50.898,1.7487,1.7491,1.00,1.00
2010.06.08 17:10:53.967,1.7487,1.7491,1.00,1.00
2010.06.08 17:10:55.158,1.7485,1.749,4.90,1.00
2010.06.08 17:10:55.319,1.74865,1.74905,1.00,3.10
2010.06.08 17:10:55.480,1.74865,1.74905,1.00,1.00
2010.06.08 17:10:56.383,1.74855,1.74905,1.00,1.00
2010.06.08 17:10:57.515,1.74855,1.74905,1.00,1.00
2010.06.08 17:10:59.305,1.74855,1.74905,1.00,1.00
2010.06.08 17:10:59.436,1.74855,1.7491,1.00,2.10
2010.06.08 17:10:59.564,1.74855,1.7491,1.00,1.00
2010.06.08 17:11:06.096,1.74855,1.7491,1.00,1.00
2010.06.08 17:11:06.776,1.74855,1.7491,1.00,1.00
2010.06.08 17:11:09.557,1.74855,1.7491,1.00,1.00
2010.06.08 17:11:11.762,1.7486,1.7491,1.30,2.30
2010.06.08 17:11:11.907,1.74855,1.7491,1.00,2.30
2010.06.08 17:11:13.437,1.74845,1.74895,1.00,1.00
2010.06.08 17:11:13.946,1.74845,1.74895,1.00,1.30
2010.06.08 17:11:15.130,1.7485,1.74905,1.00,7.10
2010.06.08 17:11:15.411,1.7484,1.749,1.20,2.00
2010.06.08 17:11:15.691,1.7484,1.74895,1.20,2.90
2010.06.08 17:11:19.776,1.7484,1.74895,1.20,1.00
2010.06.08 17:11:20.166,1.7484,1.7489,1.20,1.00
2010.06.08 17:11:20.365,1.74855,1.74905,1.00,2.90
2010.06.08 17:11:20.956,1.74855,1.74905,1.70,2.90
2010.06.08 17:11:21.277,1.74865,1.7491,1.00,1.00
2010.06.08 17:11:22.626,1.7486,1.74905,1.00,1.60
2010.06.08 17:11:23.142,1.74845,1.749,2.80,1.00
2010.06.08 17:11:23.260,1.7485,1.749,1.00,1.00
2010.06.08 17:11:23.576,1.7485,1.749,1.00,2.90
2010.06.08 17:11:28.104,1.7485,1.749,1.00,3.70
2010.06.08 17:11:29.439,1.7485,1.7489,1.00,1.00
2010.06.08 17:11:30.590,1.7485,1.74895,1.00,1.00
2010.06.08 17:11:30.920,1.7485,1.749,1.00,3.80
2010.06.08 17:11:32.206,1.7485,1.749,1.00,5.20
2010.06.08 17:11:32.416,1.7485,1.7489,1.00,3.10
2010.06.08 17:11:32.705,1.7485,1.7489,1.00,2.40
2010.06.08 17:11:33.296,1.74845,1.7489,1.00,2.90
2010.06.08 17:11:33.381,1.74845,1.7489,1.00,1.00
2010.06.08 17:11:33.660,1.74845,1.74895,1.00,1.30
2010.06.08 17:11:33.939,1.74845,1.749,1.30,1.40
2010.06.08 17:11:34.216,1.74845,1.749,1.00,1.40
2010.06.08 17:11:35.129,1.74845,1.74895,1.00,1.00
2010.06.08 17:11:37.143,1.74845,1.74895,1.00,1.00
2010.06.08 17:11:37.640,1.7484,1.74895,1.20,1.30
2010.06.08 17:11:37.776,1.74845,1.7489,1.00,1.00
2010.06.08 17:11:39.440,1.7484,1.7489,1.00,1.00
2010.06.08 17:11:39.697,1.7484,1.74885,1.00,1.00
2010.06.08 17:11:40.629,1.7484,1.7489,2.50,1.00
2010.06.08 17:11:40.927,1.7484,1.74895,1.00,1.00
2010.06.08 17:11:41.268,1.7484,1.74895,1.00,1.00
2010.06.08 17:11:41.999,1.7485,1.74905,1.00,4.60
2010.06.08 17:11:42.296,1.7484,1.74895,1.00,1.00
2010.06.08 17:11:43.381,1.7484,1.74895,1.00,1.00
2010.06.08 17:11:44.043,1.74845,1.74895,1.00,1.00
2010.06.08 17:11:47.556,1.74845,1.7489,1.00,1.00
2010.06.08 17:11:47.876,1.74845,1.749,1.10,1.00
2010.06.08 17:11:48.370,1.74845,1.749,1.10,2.30
2010.06.08 17:11:48.712,1.74845,1.7489,1.00,1.00
2010.06.08 17:11:49.398,1.74845,1.74885,1.00,1.00
2010.06.08 17:11:51.506,1.74845,1.74895,1.00,2.30
2010.06.08 17:11:52.539,1.74845,1.74885,1.00,1.00
2010.06.08 17:11:52.699,1.74845,1.74895,1.00,1.00
2010.06.08 17:11:52.864,1.74875,1.74905,1.00,6.30
2010.06.08 17:11:53.343,1.74875,1.7492,1.00,3.20
2010.06.08 17:11:53.510,1.74875,1.74925,1.00,3.00
2010.06.08 17:11:55.807,1.74875,1.74925,1.00,2.30
2010.06.08 17:11:56.497,1.7488,1.74925,1.00,1.00
2010.06.08 17:12:01.135,1.7488,1.7493,1.00,3.00
2010.06.08 17:12:01.861,1.7488,1.74925,1.00,1.00
2010.06.08 17:12:05.096,1.7488,1.7493,1.00,2.30
2010.06.08 17:12:05.226,1.74885,1.7493,1.00,1.60
2010.06.08 17:12:05.356,1.74895,1.74945,1.00,1.30
2010.06.08 17:12:05.697,1.74895,1.7495,1.00,1.00
2010.06.08 17:12:06.667,1.749,1.7495,1.00,1.00
2010.06.08 17:12:06.938,1.749,1.7495,1.00,1.00
2010.06.08 17:12:07.207,1.74905,1.7495,1.00,1.00
2010.06.08 17:12:07.476,1.74895,1.7495,1.00,1.00
2010.06.08 17:12:07.917,1.749,1.7495,1.00,1.00
2010.06.08 17:12:08.779,1.74905,1.7495,1.00,1.00
2010.06.08 17:12:11.579,1.749,1.7496,1.00,4.70
2010.06.08 17:12:11.868,1.749,1.7496,1.00,2.30
2010.06.08 17:12:15.409,1.749,1.7496,1.00,2.30
2010.06.08 17:12:15.605,1.74905,1.7496,1.00,2.30
2010.06.08 17:12:18.199,1.74905,1.7496,1.00,6.30
2010.06.08 17:12:18.666,1.74905,1.7495,1.00,1.00
2010.06.08 17:12:20.418,1.74905,1.74955,1.00,2.00
2010.06.08 17:12:20.951,1.74905,1.7495,1.00,1.00
2010.06.08 17:12:21.130,1.749,1.7495,1.30,1.00
2010.06.08 17:12:21.297,1.749,1.7496,1.00,2.30
2010.06.08 17:12:21.951,1.749,1.7496,1.00,2.30
2010.06.08 17:12:22.505,1.74915,1.7496,1.00,2.30
2010.06.08 17:12:23.555,1.74915,1.74965,1.00,2.80
2010.06.08 17:12:23.866,1.74915,1.74965,1.00,1.40
2010.06.08 17:12:24.188,1.74915,1.7497,1.00,1.00
2010.06.08 17:12:24.366,1.74915,1.7497,1.00,1.00
2010.06.08 17:12:24.926,1.7492,1.7497,1.00,1.00
2010.06.08 17:12:25.389,1.7492,1.7497,1.00,1.00
2010.06.08 17:12:26.035,1.74925,1.7497,1.00,1.00
2010.06.08 17:12:26.798,1.7493,1.7497,1.00,1.00
2010.06.08 17:12:27.045,1.74925,1.7497,1.00,1.00
2010.06.08 17:12:27.645,1.74915,1.74965,1.00,1.00
2010.06.08 17:12:27.778,1.74915,1.74965,1.00,2.00
2010.06.08 17:12:28.393,1.74915,1.74955,1.00,1.00
2010.06.08 17:12:28.741,1.74905,1.7495,1.00,1.00
2010.06.08 17:12:29.349,1.74915,1.7496,1.00,1.00
2010.06.08 17:12:29.693,1.74915,1.74955,1.00,1.00
2010.06.08 17:12:30.037,1.7491,1.74955,1.00,1.00
2010.06.08 17:12:31.041,1.74905,1.74955,1.00,1.00
2010.06.08 17:12:31.370,1.74915,1.74955,1.00,1.00
2010.06.08 17:12:31.697,1.7493,1.7496,1.00,1.00
2010.06.08 17:12:32.030,1.7493,1.7497,1.00,1.00
2010.06.08 17:12:32.691,1.7493,1.74975,1.00,1.00
2010.06.08 17:12:32.908,1.7494,1.74985,1.00,2.30
2010.06.08 17:12:35.899,1.7494,1.7498,1.00,1.00
2010.06.08 17:12:36.202,1.7494,1.7498,1.00,1.40
2010.06.08 17:12:36.500,1.74945,1.74995,6.10,2.80
2010.06.08 17:12:36.839,1.74945,1.74995,4.80,2.80
2010.06.08 17:12:37.178,1.7494,1.7499,1.00,1.00
2010.06.08 17:12:37.518,1.7494,1.7498,1.00,1.00
2010.06.08 17:12:37.858,1.7493,1.7498,1.00,1.00
2010.06.08 17:12:38.872,1.7493,1.74985,1.00,1.20
2010.06.08 17:12:39.198,1.7493,1.7498,1.00,1.30
2010.06.08 17:12:39.530,1.7493,1.74975,1.00,1.00
2010.06.08 17:12:40.085,1.7493,1.74975,1.00,1.00
2010.06.08 17:12:40.670,1.7493,1.74985,1.00,1.00
2010.06.08 17:12:40.958,1.7493,1.74985,1.00,1.00
2010.06.08 17:12:41.985,1.7493,1.74985,1.00,1.00
2010.06.08 17:12:45.596,1.74945,1.74985,1.00,1.00
2010.06.08 17:12:45.736,1.74945,1.75,1.00,2.30
2010.06.08 17:12:46.203,1.74945,1.74995,1.00,2.40
2010.06.08 17:12:46.484,1.74945,1.75,1.00,4.30
2010.06.08 17:12:46.766,1.74945,1.7499,1.00,1.00
2010.06.08 17:12:47.051,1.74945,1.74985,2.00,1.00
2010.06.08 17:12:47.600,1.7497,1.75005,1.00,1.00
2010.06.08 17:12:47.932,1.7497,1.7501,1.00,1.00
2010.06.08 17:12:48.952,1.7498,1.7502,1.00,1.00
2010.06.08 17:12:50.201,1.7498,1.75025,1.00,1.00
2010.06.08 17:12:50.889,1.7497,1.7503,1.20,4.80
2010.06.08 17:12:51.231,1.7498,1.75025,1.00,1.00
2010.06.08 17:12:51.637,1.7498,1.75025,1.00,1.00
2010.06.08 17:12:51.846,1.7498,1.75025,1.00,1.00
2010.06.08 17:12:52.267,1.7498,1.75035,1.00,2.40
2010.06.08 17:12:53.356,1.7498,1.7504,1.00,4.40
2010.06.08 17:12:53.605,1.7498,1.7504,1.00,4.40
2010.06.08 17:12:54.157,1.7498,1.7504,1.00,4.40
2010.06.08 17:12:54.842,1.74985,1.75035,2.00,1.00
2010.06.08 17:12:55.010,1.75005,1.75035,1.00,4.80
2010.06.08 17:12:55.452,1.75,1.75035,1.00,2.40
2010.06.08 17:12:55.622,1.74995,1.75055,2.40,1.00
2010.06.08 17:12:55.971,1.75,1.7506,3.00,2.30
2010.06.08 17:12:56.436,1.75,1.75045,2.50,1.00
2010.06.08 17:12:56.782,1.75015,1.75065,1.00,1.60
2010.06.08 17:12:57.128,1.75005,1.7507,1.00,3.40
2010.06.08 17:12:57.468,1.75,1.75065,2.90,1.00
2010.06.08 17:12:58.192,1.7501,1.75055,1.00,1.00
2010.06.08 17:12:58.531,1.75025,1.7507,1.00,1.00
2010.06.08 17:12:58.872,1.75035,1.7507,1.00,1.00
2010.06.08 17:12:59.503,1.7502,1.7507,1.00,1.20
2010.06.08 17:12:59.843,1.7502,1.75065,1.00,1.00
2010.06.08 17:13:00.174,1.7502,1.75065,1.00,2.30
2010.06.08 17:13:01.506,1.7501,1.75065,1.00,2.30
2010.06.08 17:13:02.008,1.75005,1.75065,1.00,2.30
2010.06.08 17:13:03.360,1.75,1.75065,2.40,2.30
2010.06.08 17:13:03.476,1.75005,1.75065,1.00,2.30
2010.06.08 17:13:04.279,1.75,1.7506,2.40,1.00
2010.06.08 17:13:04.958,1.75,1.75065,2.40,5.20
2010.06.08 17:13:05.575,1.74995,1.75055,1.00,1.00
2010.06.08 17:13:05.921,1.74995,1.7505,1.00,1.00
2010.06.08 17:13:06.271,1.74995,1.7506,1.00,2.80
2010.06.08 17:13:06.620,1.75,1.7506,1.00,2.80
2010.06.08 17:13:07.321,1.74995,1.7506,1.00,2.80
2010.06.08 17:13:07.768,1.74995,1.7505,1.00,1.70
2010.06.08 17:13:07.996,1.75005,1.7505,1.00,1.70
2010.06.08 17:13:08.228,1.75,1.75035,1.00,1.00
2010.06.08 17:13:08.781,1.75,1.7504,1.00,1.30
2010.06.08 17:13:09.132,1.74995,1.75035,1.00,1.00
2010.06.08 17:13:09.481,1.7499,1.7502,1.00,1.00
2010.06.08 17:13:10.099,1.7499,1.7502,1.00,1.00
2010.06.08 17:13:10.392,1.74985,1.7504,1.00,1.00
2010.06.08 17:13:10.682,1.74995,1.7504,1.00,1.00
2010.06.08 17:13:11.030,1.7498,1.7504,2.90,1.00
2010.06.08 17:13:11.714,1.7496,1.7501,1.00,2.90
2010.06.08 17:13:12.033,1.74965,1.7502,1.00,2.30
2010.06.08 17:13:12.351,1.7497,1.75025,1.00,1.20
2010.06.08 17:13:12.667,1.74975,1.75025,1.00,1.20
2010.06.08 17:13:13.618,1.7497,1.75025,1.00,1.20
2010.06.08 17:13:13.920,1.74975,1.75025,1.00,1.00
2010.06.08 17:13:14.219,1.74975,1.75025,1.00,1.20
2010.06.08 17:13:14.934,1.7498,1.75025,1.00,1.00
2010.06.08 17:13:15.279,1.74975,1.75025,1.00,1.00
2010.06.08 17:13:17.723,1.74965,1.75025,1.00,1.20
2010.06.08 17:13:17.962,1.74965,1.75025,1.00,1.10
2010.06.08 17:13:18.427,1.7497,1.75025,1.00,1.10
2010.06.08 17:13:19.027,1.74975,1.75025,1.00,1.10
2010.06.08 17:13:19.366,1.7497,1.75025,1.00,1.10
2010.06.08 17:13:20.107,1.74965,1.75025,1.00,1.10
2010.06.08 17:13:20.355,1.7497,1.75025,1.00,1.10
2010.06.08 17:13:20.894,1.74975,1.75025,1.00,1.10
2010.06.08 17:13:21.052,1.7497,1.75035,1.00,1.10
2010.06.08 17:13:21.208,1.74975,1.75035,1.70,1.00
2010.06.08 17:13:21.366,1.7498,1.75035,1.00,1.00
2010.06.08 17:13:22.798,1.7497,1.75025,2.50,1.00
2010.06.08 17:13:23.472,1.74975,1.75025,1.00,1.00
2010.06.08 17:13:24.077,1.7498,1.75025,1.00,1.00
2010.06.08 17:13:24.386,1.74975,1.75025,1.00,1.00
2010.06.08 17:13:24.696,1.74975,1.75025,1.00,1.00
2010.06.08 17:13:25.717,1.7498,1.75025,1.00,1.00
2010.06.08 17:13:25.922,1.74985,1.75025,1.00,1.00
2010.06.08 17:13:27.351,1.7498,1.7503,1.00,1.30
2010.06.08 17:13:27.702,1.74995,1.75035,1.00,1.00
2010.06.08 17:13:28.385,1.74995,1.75045,1.00,1.10
2010.06.08 17:13:28.741,1.7501,1.75055,1.00,1.60
2010.06.08 17:13:29.097,1.7497,1.75,1.00,1.00
2010.06.08 17:13:29.756,1.7497,1.75,1.00,1.00
2010.06.08 17:13:30.089,1.7497,1.7501,1.00,1.30
2010.06.08 17:13:30.430,1.7497,1.75015,1.00,1.00
2010.06.08 17:13:31.148,1.7497,1.75,1.00,1.00
2010.06.08 17:13:31.494,1.7496,1.75,1.00,1.00
2010.06.08 17:13:31.836,1.7496,1.75,1.00,1.00
2010.06.08 17:13:33.128,1.7496,1.74985,1.00,1.00
2010.06.08 17:13:37.816,1.7496,1.74995,1.00,1.30
2010.06.08 17:13:37.986,1.7496,1.75,1.00,1.00
2010.06.08 17:13:39.385,1.7496,1.75,1.00,1.00
2010.06.08 17:13:39.725,1.7496,1.75,1.00,1.00
2010.06.08 17:13:40.206,1.7496,1.75,1.00,1.00
2010.06.08 17:13:40.797,1.7496,1.75,1.00,1.00
2010.06.08 17:13:41.018,1.7495,1.7498,1.00,1.00
2010.06.08 17:13:41.237,1.74935,1.7498,1.00,1.00
2010.06.08 17:13:41.456,1.74935,1.7498,1.00,1.00
2010.06.08 17:13:41.942,1.7495,1.7499,1.00,2.30
2010.06.08 17:13:42.250,1.7493,1.74965,9.30,1.00
2010.06.08 17:13:42.559,1.74925,1.74965,1.00,1.00
2010.06.08 17:13:42.869,1.7492,1.74975,1.00,1.40
2010.06.08 17:13:43.878,1.7492,1.74975,1.00,1.40
2010.06.08 17:13:44.547,1.7492,1.74975,1.00,1.40
2010.06.08 17:13:45.207,1.7492,1.7497,1.00,1.70
2010.06.08 17:13:45.555,1.7492,1.7497,1.00,3.30
2010.06.08 17:13:45.718,1.7493,1.74965,1.00,1.00
2010.06.08 17:13:47.407,1.74925,1.74955,1.00,1.00
2010.06.08 17:13:48.618,1.74925,1.74965,1.00,1.00
2010.06.08 17:13:49.397,1.74925,1.74955,1.00,1.00
2010.06.08 17:13:50.498,1.74925,1.7496,1.00,1.00
2010.06.08 17:13:51.289,1.74925,1.7496,1.00,1.80
2010.06.08 17:13:51.628,1.7492,1.7496,1.00,1.00
2010.06.08 17:13:52.307,1.7492,1.7497,1.00,1.00
2010.06.08 17:13:52.645,1.7492,1.7497,1.00,1.00
2010.06.08 17:13:52.906,1.7492,1.74965,1.00,1.00
2010.06.08 17:13:53.382,1.7492,1.74965,1.00,1.00
2010.06.08 17:13:53.731,1.74925,1.74965,1.00,1.00
2010.06.08 17:13:54.080,1.7492,1.7496,1.00,1.00
2010.06.08 17:13:54.417,1.7492,1.7496,1.00,1.00
2010.06.08 17:13:56.437,1.74905,1.7495,1.00,1.00
2010.06.08 17:13:57.939,1.74905,1.7495,1.00,1.00
2010.06.08 17:13:58.556,1.7492,1.7495,1.00,1.80
2010.06.08 17:13:58.989,1.7492,1.7495,1.00,1.30
2010.06.08 17:13:59.332,1.7492,1.7496,1.00,1.00
2010.06.08 17:13:59.919,1.74905,1.7495,1.20,1.00
2010.06.08 17:14:00.508,1.7492,1.7496,1.00,1.80
2010.06.08 17:14:00.757,1.7492,1.7496,1.00,1.00
2010.06.08 17:14:02.732,1.74905,1.7494,1.00,1.00
2010.06.08 17:14:03.245,1.74905,1.7494,1.00,1.00
2010.06.08 17:14:06.809,1.74905,1.74945,1.00,1.30
2010.06.08 17:14:06.995,1.74905,1.7495,1.00,1.00
2010.06.08 17:14:07.543,1.74905,1.7494,1.00,1.00
2010.06.08 17:14:07.910,1.74905,1.7494,1.00,1.00
2010.06.08 17:14:09.376,1.74905,1.7494,1.00,1.00
2010.06.08 17:14:09.614,1.749,1.7494,1.00,1.00
2010.06.08 17:14:09.841,1.749,1.74935,1.00,1.00
2010.06.08 17:14:10.439,1.749,1.74935,1.00,1.70
2010.06.08 17:14:10.780,1.7488,1.74935,1.00,4.10
2010.06.08 17:14:11.121,1.7488,1.74915,1.00,1.00
2010.06.08 17:14:11.934,1.74895,1.74925,1.00,1.30
2010.06.08 17:14:12.282,1.74895,1.74925,1.00,1.00
2010.06.08 17:14:12.631,1.74895,1.7494,1.00,1.40
2010.06.08 17:14:12.860,1.7492,1.7494,1.00,1.00
2010.06.08 17:14:13.452,1.7492,1.74965,1.00,1.00
2010.06.08 17:14:13.678,1.749,1.7494,5.60,1.00
2010.06.08 17:14:13.906,1.74895,1.7494,1.00,1.00
2010.06.08 17:14:14.247,1.749,1.7495,1.00,1.00
2010.06.08 17:14:16.524,1.749,1.74935,1.00,2.30
2010.06.08 17:14:16.869,1.7489,1.74925,1.00,2.00
2010.06.08 17:14:17.185,1.7494,1.74955,1.00,6.40
2010.06.08 17:14:17.501,1.7492,1.74945,2.10,1.00
2010.06.08 17:14:18.182,1.7491,1.74945,1.00,1.00
2010.06.08 17:14:18.476,1.7491,1.7494,1.00,1.00
2010.06.08 17:14:19.059,1.74925,1.7496,1.00,1.30
2010.06.08 17:14:19.759,1.74915,1.74955,1.00,1.00
2010.06.08 17:14:20.382,1.74905,1.74955,1.00,2.80
2010.06.08 17:14:21.028,1.74905,1.7494,1.00,1.00
2010.06.08 17:14:21.599,1.74905,1.74955,1.00,2.80
2010.06.08 17:14:22.522,1.7492,1.74955,1.00,1.00
2010.06.08 17:14:22.780,1.7491,1.74955,1.00,1.20
2010.06.08 17:14:23.300,1.7491,1.74955,1.00,1.00
2010.06.08 17:14:24.228,1.7491,1.74955,1.00,1.20
2010.06.08 17:14:24.573,1.7492,1.74965,1.00,2.30
2010.06.08 17:14:24.817,1.7492,1.7497,1.00,1.20
2010.06.08 17:14:25.298,1.7493,1.7497,1.00,1.20
2010.06.08 17:14:25.889,1.7493,1.74965,1.00,1.00
2010.06.08 17:14:26.163,1.7493,1.74975,1.00,1.00
2010.06.08 17:14:30.128,1.7493,1.7497,1.00,1.00
2010.06.08 17:14:30.643,1.7493,1.74975,1.00,2.10
2010.06.08 17:14:30.948,1.7493,1.74975,1.00,1.00
2010.06.08 17:14:31.549,1.7491,1.74965,2.30,1.00
2010.06.08 17:14:31.846,1.7491,1.74965,1.00,1.00
2010.06.08 17:14:33.189,1.74915,1.74965,1.00,1.00
2010.06.08 17:14:34.398,1.7491,1.74965,1.00,1.00
2010.06.08 17:14:34.587,1.7491,1.74965,1.00,1.00
2010.06.08 17:14:34.778,1.74915,1.74975,1.30,1.00
2010.06.08 17:14:34.970,1.74925,1.74985,1.00,2.80
2010.06.08 17:14:35.554,1.74935,1.7499,1.00,3.00
2010.06.08 17:14:35.819,1.74925,1.74975,1.00,1.00
2010.06.08 17:14:36.079,1.7492,1.74975,6.80,1.00
2010.06.08 17:14:36.419,1.74925,1.74985,1.00,1.00
2010.06.08 17:14:37.087,1.74925,1.7498,1.00,1.30
2010.06.08 17:14:37.291,1.74915,1.74975,2.90,1.00
2010.06.08 17:14:39.198,1.74915,1.7497,2.40,1.00
2010.06.08 17:14:40.145,1.74915,1.74975,3.70,1.00
2010.06.08 17:14:40.356,1.7492,1.7498,1.00,1.00
2010.06.08 17:14:41.598,1.74925,1.7498,1.00,1.00
2010.06.08 17:14:42.295,1.74925,1.74985,1.00,1.00
2010.06.08 17:14:48.028,1.74925,1.74985,1.00,1.00
2010.06.08 17:14:50.677,1.7493,1.74985,1.00,1.00
2010.06.08 17:14:50.826,1.7494,1.7499,1.00,2.80
2010.06.08 17:14:51.035,1.7494,1.7499,1.00,1.00
2010.06.08 17:14:52.117,1.7494,1.7499,1.00,1.00
2010.06.08 17:14:52.347,1.7494,1.7499,1.00,1.00
2010.06.08 17:14:52.577,1.74945,1.74995,1.00,2.80
2010.06.08 17:14:52.806,1.7494,1.74995,1.00,2.80
2010.06.08 17:14:53.007,1.74945,1.74995,1.00,2.80
2010.06.08 17:14:53.797,1.74945,1.74995,1.00,2.80
2010.06.08 17:14:54.326,1.7495,1.74995,1.00,2.80
2010.06.08 17:14:54.656,1.7495,1.74995,1.00,2.80
2010.06.08 17:14:56.383,1.74945,1.74995,1.00,2.80
2010.06.08 17:14:56.534,1.74955,1.74995,1.00,2.80
2010.06.08 17:14:56.676,1.7495,1.74995,1.00,2.80
2010.06.08 17:14:57.636,1.74955,1.74995,1.00,2.80
2010.06.08 17:14:57.983,1.74955,1.75005,1.00,1.00
2010.06.08 17:14:58.289,1.7496,1.7501,2.70,1.00
2010.06.08 17:14:58.594,1.7496,1.75015,1.30,1.00
2010.06.08 17:14:59.228,1.74975,1.75015,1.00,1.00
2010.06.08 17:14:59.566,1.7497,1.75015,1.00,1.00
2010.06.08 17:14:59.906,1.74975,1.75015,1.00,1.00
2010.06.08 17:15:00.435,1.74975,1.75015,1.00,1.00
2010.06.08 17:15:00.776,1.74965,1.75015,1.00,1.00
2010.06.08 17:15:01.117,1.7497,1.7503,1.00,2.80
2010.06.08 17:15:02.295,1.74975,1.7503,1.00,2.80
2010.06.08 17:15:02.869,1.74975,1.7503,1.00,1.00
2010.06.08 17:15:02.978,1.7497,1.7503,2.50,1.00
2010.06.08 17:15:05.730,1.74975,1.7503,1.30,1.00
2010.06.08 17:15:05.929,1.74985,1.7504,1.00,2.00
2010.06.08 17:15:06.126,1.74985,1.7504,1.00,1.00
2010.06.08 17:15:06.797,1.7499,1.7504,1.00,1.00
2010.06.08 17:15:07.772,1.74995,1.7504,1.00,1.00
2010.06.08 17:15:08.758,1.75,1.7504,1.00,1.00
2010.06.08 17:15:11.137,1.75,1.7503,1.00,1.00
2010.06.08 17:15:11.616,1.74995,1.7503,1.00,1.00
2010.06.08 17:15:12.128,1.7499,1.75045,1.00,1.00
2010.06.08 17:15:12.807,1.7499,1.75045,1.00,1.00
2010.06.08 17:15:13.147,1.7499,1.7505,1.00,2.80
2010.06.08 17:15:13.704,1.7499,1.7505,1.00,2.80
2010.06.08 17:15:14.001,1.7499,1.75045,1.00,1.00
2010.06.08 17:15:14.999,1.74995,1.75045,1.00,1.00
2010.06.08 17:15:15.690,1.75,1.7505,1.00,1.00
2010.06.08 17:15:15.906,1.75,1.75055,1.00,1.00
2010.06.08 17:15:16.737,1.7501,1.75055,1.00,1.00
2010.06.08 17:15:17.337,1.75,1.7506,1.00,1.20
2010.06.08 17:15:17.682,1.74995,1.75055,2.50,1.80
2010.06.08 17:15:21.046,1.74995,1.75055,2.40,1.80
2010.06.08 17:15:21.213,1.74995,1.75055,1.60,1.80
2010.06.08 17:15:21.315,1.7499,1.75055,3.70,1.80
2010.06.08 17:15:21.719,1.74995,1.75055,1.00,1.80
2010.06.08 17:15:21.937,1.7499,1.75055,3.60,1.80
2010.06.08 17:15:22.199,1.7499,1.75045,3.20,1.00
2010.06.08 17:15:23.031,1.7499,1.75045,1.00,3.10
2010.06.08 17:15:23.238,1.7498,1.75025,1.00,1.00
2010.06.08 17:15:23.447,1.7498,1.75035,1.00,2.80
2010.06.08 17:15:24.008,1.74985,1.75035,1.30,2.80
2010.06.08 17:15:24.349,1.7498,1.7504,1.00,2.80
2010.06.08 17:15:26.295,1.74985,1.7504,1.00,2.30
2010.06.08 17:15:26.390,1.74975,1.7504,2.60,3.00
2010.06.08 17:15:26.476,1.74975,1.7504,2.80,3.00
2010.06.08 17:15:27.599,1.74975,1.7504,2.60,3.00
2010.06.08 17:15:28.277,1.74975,1.7504,2.70,3.00
2010.06.08 17:15:28.617,1.74975,1.7504,2.80,3.00
2010.06.08 17:15:28.926,1.74985,1.75025,1.00,1.00
2010.06.08 17:15:29.957,1.7498,1.75025,1.00,1.00
2010.06.08 17:15:30.601,1.74985,1.75025,1.00,1.00
2010.06.08 17:15:30.986,1.74975,1.75025,1.00,1.00
2010.06.08 17:15:31.596,1.7498,1.75025,1.00,1.00
2010.06.08 17:15:32.100,1.7498,1.75035,1.00,2.80
2010.06.08 17:15:32.748,1.74985,1.75035,1.00,2.80
2010.06.08 17:15:34.806,1.7497,1.75025,1.00,2.30
2010.06.08 17:15:36.237,1.74975,1.75025,1.00,2.30
2010.06.08 17:15:36.578,1.7499,1.7503,1.00,1.00
2010.06.08 17:15:36.989,1.7498,1.75025,1.00,1.00
2010.06.08 17:15:37.360,1.74975,1.7502,1.00,1.00
2010.06.08 17:15:37.699,1.74975,1.75015,1.00,1.00
2010.06.08 17:15:38.403,1.75,1.7501,1.00,1.30
2010.06.08 17:15:38.751,1.75,1.75025,1.00,1.30
2010.06.08 17:15:39.308,1.75,1.75035,1.00,1.30
2010.06.08 17:15:39.652,1.75,1.75045,1.00,1.00
2010.06.08 17:15:41.001,1.7499,1.75035,1.00,1.00
2010.06.08 17:15:41.308,1.74995,1.75035,1.00,1.00
2010.06.08 17:15:41.919,1.75015,1.7504,1.00,1.00
2010.06.08 17:15:42.592,1.7502,1.7506,1.00,1.00
2010.06.08 17:15:42.919,1.7502,1.7507,1.00,1.40
2010.06.08 17:15:43.111,1.7502,1.75065,1.00,2.30
2010.06.08 17:15:44.389,1.7501,1.7506,1.00,2.30
2010.06.08 17:15:44.728,1.7503,1.7505,1.00,1.00
2010.06.08 17:15:45.067,1.7501,1.7505,1.00,1.00
2010.06.08 17:15:45.609,1.7501,1.7506,1.00,4.70
2010.06.08 17:15:45.955,1.7501,1.7505,1.00,1.00
2010.06.08 17:15:47.757,1.7501,1.7505,1.10,1.00
2010.06.08 17:15:47.916,1.7501,1.7506,1.10,3.00
2010.06.08 17:15:48.077,1.7501,1.7506,1.00,3.00
2010.06.08 17:15:48.578,1.7501,1.7506,1.00,2.30
2010.06.08 17:15:48.916,1.7501,1.7506,1.00,2.30
2010.06.08 17:15:49.257,1.7501,1.7506,1.00,3.00
2010.06.08 17:15:49.973,1.7503,1.7507,1.00,3.00
2010.06.08 17:15:50.284,1.7502,1.7507,1.00,2.70
2010.06.08 17:15:50.903,1.7502,1.7507,1.00,2.70
2010.06.08 17:15:51.231,1.7502,1.7507,1.00,2.70
2010.06.08 17:15:51.556,1.7502,1.7507,1.00,3.00
2010.06.08 17:15:52.259,1.7502,1.75065,1.00,3.00
2010.06.08 17:15:52.603,1.75015,1.75065,1.00,4.60
2010.06.08 17:15:52.951,1.75,1.7505,1.20,1.00
2010.06.08 17:15:53.660,1.75005,1.75045,1.00,1.00
2010.06.08 17:15:53.996,1.75,1.75045,1.00,1.00
2010.06.08 17:15:54.746,1.75005,1.75045,1.00,1.00
2010.06.08 17:15:55.117,1.75005,1.75055,1.00,2.30
2010.06.08 17:15:55.463,1.7503,1.7507,1.00,1.00
2010.06.08 17:15:56.112,1.75025,1.75065,1.00,1.00
2010.06.08 17:15:56.424,1.75025,1.75065,1.00,1.40
2010.06.08 17:15:57.086,1.75035,1.75065,1.00,1.00
2010.06.08 17:15:57.431,1.75025,1.75065,1.00,1.00
2010.06.08 17:15:58.099,1.75025,1.7506,1.00,3.00
2010.06.08 17:15:58.799,1.75025,1.7505,1.00,3.10
2010.06.08 17:15:59.137,1.75025,1.7505,1.00,1.00
2010.06.08 17:15:59.903,1.75025,1.7505,1.00,2.30
2010.06.08 17:16:00.259,1.75015,1.75035,1.00,2.30
2010.06.08 17:16:00.601,1.74995,1.7504,1.00,3.10
2010.06.08 17:16:00.959,1.74995,1.7504,1.00,5.50
2010.06.08 17:16:01.299,1.7499,1.75035,1.00,1.00
2010.06.08 17:16:04.053,1.7499,1.75035,1.00,3.10
2010.06.08 17:16:04.399,1.7499,1.75035,1.00,1.00
2010.06.08 17:16:05.403,1.7499,1.75035,1.10,3.10
2010.06.08 17:16:05.693,1.7499,1.75045,1.00,3.00
2010.06.08 17:16:05.981,1.7499,1.7504,1.00,2.30
2010.06.08 17:16:07.388,1.7499,1.7504,1.00,2.30
2010.06.08 17:16:07.734,1.7499,1.75045,1.00,2.30
2010.06.08 17:16:08.448,1.74985,1.7504,1.00,2.30
2010.06.08 17:16:08.704,1.7499,1.75035,1.00,4.70
2010.06.08 17:16:08.962,1.7499,1.75035,1.00,7.10
2010.06.08 17:16:09.558,1.7499,1.7503,1.00,5.50
2010.06.08 17:16:09.901,1.74985,1.75035,1.00,4.40
2010.06.08 17:16:10.506,1.74985,1.75035,1.00,3.00
2010.06.08 17:16:10.787,1.74985,1.75035,1.00,2.30
2010.06.08 17:16:11.626,1.7499,1.75035,1.00,2.30
2010.06.08 17:16:12.546,1.7499,1.75035,1.00,4.40
2010.06.08 17:16:12.808,1.7499,1.75035,1.00,2.30
2010.06.08 17:16:13.491,1.74985,1.75035,1.00,4.40
2010.06.08 17:16:13.722,1.74985,1.75035,1.00,4.40
2010.06.08 17:16:13.956,1.7499,1.75035,1.00,1.30
2010.06.08 17:16:14.178,1.7499,1.7504,1.00,2.30
2010.06.08 17:16:14.397,1.74985,1.7504,1.00,2.30
2010.06.08 17:16:15.091,1.7499,1.7504,1.00,2.30
2010.06.08 17:16:15.779,1.75,1.75045,1.00,1.00
2010.06.08 17:16:16.117,1.75005,1.75045,1.00,1.00
2010.06.08 17:16:16.826,1.75005,1.7506,1.00,2.30
2010.06.08 17:16:18.516,1.7502,1.7506,1.00,2.30
2010.06.08 17:16:18.778,1.7502,1.7506,1.00,1.00
2010.06.08 17:16:19.037,1.7502,1.75065,1.00,1.00
2010.06.08 17:16:20.898,1.7504,1.7507,1.00,1.00
2010.06.08 17:16:21.502,1.75035,1.7507,1.00,1.40
2010.06.08 17:16:21.855,1.75035,1.75065,1.00,7.80
2010.06.08 17:16:24.096,1.75035,1.7506,1.00,2.40
2010.06.08 17:16:24.598,1.75035,1.7506,1.00,4.80
2010.06.08 17:16:24.966,1.75035,1.7506,1.00,2.40
2010.06.08 17:16:25.670,1.7501,1.75065,1.00,2.30
2010.06.08 17:16:25.899,1.7501,1.7507,1.20,5.40
2010.06.08 17:16:26.359,1.7501,1.7507,1.20,3.00
2010.06.08 17:16:26.587,1.7502,1.7507,1.00,4.40
2010.06.08 17:16:31.061,1.7502,1.7507,1.00,3.00
2010.06.08 17:16:31.241,1.7502,1.7507,1.00,3.70
2010.06.08 17:16:31.416,1.7502,1.7507,1.00,6.80
2010.06.08 17:16:31.746,1.7501,1.75065,1.00,3.60
2010.06.08 17:16:32.079,1.7501,1.7505,1.00,1.00
2010.06.08 17:16:32.773,1.7501,1.75045,1.00,2.80
2010.06.08 17:16:33.362,1.74995,1.75035,1.00,1.00
2010.06.08 17:16:34.172,1.7499,1.75045,1.70,1.00
2010.06.08 17:16:36.439,1.75005,1.7505,1.00,1.60
2010.06.08 17:16:37.125,1.75005,1.75055,1.00,2.30
2010.06.08 17:16:37.469,1.75005,1.75045,1.00,1.00
2010.06.08 17:16:38.428,1.75005,1.7504,1.00,1.00
2010.06.08 17:16:38.881,1.7501,1.7504,1.00,1.00
2010.06.08 17:16:39.181,1.75,1.75035,1.00,2.30
2010.06.08 17:16:39.512,1.75005,1.75035,1.00,2.30
2010.06.08 17:16:39.841,1.7498,1.7503,1.00,5.40
2010.06.08 17:16:40.528,1.7498,1.7503,1.00,2.30
2010.06.08 17:16:40.886,1.7499,1.75035,1.00,2.30
2010.06.08 17:16:41.234,1.7499,1.75035,1.00,1.60
2010.06.08 17:16:41.879,1.7499,1.7504,1.00,1.00
2010.06.08 17:16:49.335,1.74985,1.7504,1.00,1.00
2010.06.08 17:16:51.408,1.74995,1.7504,1.00,1.00
2010.06.08 17:16:53.938,1.7498,1.7503,1.00,1.00
2010.06.08 17:16:54.256,1.7498,1.7503,1.00,3.00
2010.06.08 17:16:54.597,1.7498,1.7503,1.00,2.30
2010.06.08 17:16:59.086,1.7498,1.7503,2.40,2.30
2010.06.08 17:17:02.888,1.7498,1.7503,1.00,2.30
2010.06.08 17:17:03.026,1.7498,1.7503,1.70,2.30
2010.06.08 17:17:03.065,1.7498,1.7503,2.40,2.30
2010.06.08 17:17:06.354,1.7498,1.7503,2.00,2.30
2010.06.08 17:17:08.115,1.7497,1.7503,1.00,3.00
2010.06.08 17:17:08.342,1.7497,1.7502,1.00,1.00
2010.06.08 17:17:08.571,1.7496,1.7502,1.50,1.00
2010.06.08 17:17:09.601,1.7497,1.7502,2.00,1.00
2010.06.08 17:17:09.916,1.7497,1.75025,2.00,1.00
2010.06.08 17:17:13.846,1.7497,1.75025,1.30,1.00
2010.06.08 17:17:14.056,1.7497,1.75025,2.00,1.00
2010.06.08 17:17:15.076,1.7497,1.7502,1.30,1.00
2010.06.08 17:17:15.169,1.7496,1.7502,1.50,1.00
2010.06.08 17:17:16.828,1.7496,1.7502,1.50,1.40
2010.06.08 17:17:17.166,1.7496,1.7502,1.50,1.40
2010.06.08 17:17:17.508,1.74965,1.7502,1.00,1.00
2010.06.08 17:17:18.230,1.74925,1.7498,2.80,1.00
2010.06.08 17:17:19.235,1.7494,1.75,1.00,1.00
2010.06.08 17:17:19.590,1.74945,1.75,1.30,1.20
2010.06.08 17:17:19.929,1.74945,1.75,1.80,1.00
2010.06.08 17:17:20.909,1.74935,1.75,7.70,1.20
2010.06.08 17:17:21.198,1.74935,1.74995,2.40,1.00
2010.06.08 17:17:21.486,1.7493,1.74995,1.20,2.80
2010.06.08 17:17:22.579,1.74945,1.75005,1.80,2.30
2010.06.08 17:17:22.806,1.74935,1.75,5.30,1.00
2010.06.08 17:17:23.313,1.74945,1.75005,1.80,2.30
2010.06.08 17:17:23.887,1.74945,1.75,1.30,1.00
2010.06.08 17:17:24.568,1.74935,1.75,2.90,1.00
2010.06.08 17:17:24.946,1.74935,1.75,2.90,1.80
2010.06.08 17:17:25.192,1.74945,1.75005,1.80,2.30
2010.06.08 17:17:25.431,1.74945,1.7501,1.00,3.00
2010.06.08 17:17:25.667,1.74945,1.7501,1.00,2.30
2010.06.08 17:17:26.009,1.7494,1.75,2.80,1.00
2010.06.08 17:17:26.708,1.7494,1.75,2.40,1.00
2010.06.08 17:17:27.556,1.74945,1.75,1.30,1.00
2010.06.08 17:17:27.726,1.74945,1.75005,1.80,2.30
2010.06.08 17:17:27.897,1.74945,1.75005,1.80,1.60
2010.06.08 17:17:28.354,1.74945,1.7501,1.80,2.30
2010.06.08 17:17:31.146,1.74945,1.7501,4.20,2.30
2010.06.08 17:17:31.647,1.74955,1.7501,1.70,2.30
2010.06.08 17:17:33.457,1.74955,1.75005,1.30,1.00
2010.06.08 17:17:33.981,1.7495,1.75005,1.00,1.00
2010.06.08 17:17:34.206,1.7495,1.75005,1.00,1.20
2010.06.08 17:17:34.435,1.74945,1.75005,4.50,1.20
2010.06.08 17:17:34.696,1.74945,1.75005,2.10,1.20
2010.06.08 17:17:35.486,1.74945,1.75,1.00,1.80
2010.06.08 17:17:35.766,1.74945,1.75005,2.10,1.20
2010.06.08 17:17:36.728,1.7495,1.75005,1.00,1.20
2010.06.08 17:17:37.678,1.74945,1.75005,2.10,1.20
2010.06.08 17:17:38.145,1.74955,1.75005,1.00,1.20
2010.06.08 17:17:45.166,1.74945,1.75,2.40,1.00
2010.06.08 17:17:45.646,1.74955,1.75005,1.00,1.20
2010.06.08 17:17:46.918,1.74955,1.75005,1.00,1.00
2010.06.08 17:17:47.037,1.7496,1.75015,1.00,2.30
2010.06.08 17:17:47.157,1.7495,1.7501,1.20,1.00
2010.06.08 17:17:47.578,1.7495,1.7501,1.00,2.80
2010.06.08 17:17:47.930,1.74945,1.75,1.00,1.00
2010.06.08 17:17:48.272,1.74955,1.75005,1.00,3.10
2010.06.08 17:17:48.900,1.74955,1.75005,1.00,1.00
2010.06.08 17:17:53.216,1.74955,1.75,1.00,1.00
2010.06.08 17:17:53.397,1.74945,1.75005,1.70,2.10
2010.06.08 17:17:53.576,1.74945,1.75005,1.80,1.00
2010.06.08 17:17:53.745,1.74945,1.75005,1.20,1.00
2010.06.08 17:17:54.688,1.74945,1.75,1.20,1.00
2010.06.08 17:17:54.977,1.74945,1.75,1.20,5.20
2010.06.08 17:17:56.416,1.74965,1.75,1.00,4.80
2010.06.08 17:17:56.527,1.74965,1.75,1.00,2.40
2010.06.08 17:17:56.638,1.7496,1.7501,1.70,1.00
2010.06.08 17:17:56.746,1.7496,1.7501,1.00,1.00
2010.06.08 17:17:57.159,1.7496,1.7501,1.00,2.80
2010.06.08 17:17:57.492,1.74955,1.75,1.00,1.00
2010.06.08 17:17:57.832,1.7494,1.74985,2.00,1.00
2010.06.08 17:17:58.169,1.74935,1.74985,1.00,1.00
2010.06.08 17:17:59.131,1.74935,1.74975,1.00,1.00
2010.06.08 17:17:59.443,1.7494,1.74975,1.00,1.00
2010.06.08 17:17:59.837,1.74935,1.74975,1.30,1.00
2010.06.08 17:18:00.179,1.7493,1.74975,1.00,1.00
2010.06.08 17:18:01.459,1.74925,1.74975,1.00,1.00
2010.06.08 17:18:01.867,1.74925,1.74975,1.00,2.00
2010.06.08 17:18:02.077,1.74925,1.74975,1.00,1.00
2010.06.08 17:18:03.167,1.7493,1.74975,1.00,1.00
2010.06.08 17:18:04.371,1.7493,1.74975,2.80,1.00
2010.06.08 17:18:04.431,1.7494,1.74975,1.00,1.00
2010.06.08 17:18:09.706,1.7494,1.7498,1.00,1.00
2010.06.08 17:18:11.098,1.74935,1.7498,1.00,1.00
2010.06.08 17:18:11.677,1.7494,1.7498,1.00,1.00
2010.06.08 17:18:19.889,1.74935,1.74985,1.80,1.00
2010.06.08 17:18:20.056,1.7495,1.7499,1.00,1.00
2010.06.08 17:18:21.233,1.7495,1.7499,1.00,1.00
2010.06.08 17:18:22.246,1.7498,1.7499,1.80,1.00
2010.06.08 17:18:22.579,1.7497,1.75035,1.00,2.30
2010.06.08 17:18:22.917,1.74965,1.75035,2.40,2.30
2010.06.08 17:18:24.486,1.74965,1.75035,2.40,4.70
2010.06.08 17:18:25.359,1.7497,1.75035,1.60,4.70
2010.06.08 17:18:25.486,1.7498,1.75035,1.00,2.30
2010.06.08 17:18:25.617,1.7498,1.7504,1.00,3.70
2010.06.08 17:18:25.745,1.7498,1.7504,1.80,2.30
2010.06.08 17:18:25.987,1.7498,1.7504,2.60,1.60
2010.06.08 17:18:26.117,1.74995,1.7504,1.00,1.60
2010.06.08 17:18:26.482,1.74995,1.75045,1.00,3.10
2010.06.08 17:18:26.760,1.74995,1.75045,1.00,1.00
2010.06.08 17:18:29.817,1.7499,1.7504,1.30,1.00
2010.06.08 17:18:29.987,1.7498,1.7504,3.40,1.10
2010.06.08 17:18:30.521,1.7497,1.7503,1.00,1.00
2010.06.08 17:18:30.749,1.74965,1.75025,2.40,1.70
2010.06.08 17:18:34.097,1.7497,1.75025,1.00,1.30
2010.06.08 17:18:34.376,1.7497,1.7503,1.00,2.70
2010.06.08 17:18:35.696,1.74965,1.75025,2.40,1.70
2010.06.08 17:18:38.070,1.7496,1.75025,2.90,1.70
2010.06.08 17:18:38.287,1.7496,1.75025,2.90,4.10
2010.06.08 17:18:38.408,1.7496,1.75025,1.00,4.10
2010.06.08 17:18:39.541,1.7496,1.75025,1.00,2.70
2010.06.08 17:18:39.877,1.7496,1.75025,1.70,2.70
2010.06.08 17:18:42.412,1.7496,1.75025,2.90,4.10
2010.06.08 17:18:44.387,1.7496,1.75005,2.40,1.00
2010.06.08 17:18:44.917,1.7496,1.75005,1.00,1.00
2010.06.08 17:18:45.088,1.74955,1.75005,1.00,1.00
2010.06.08 17:18:46.636,1.74955,1.75005,1.00,1.00
2010.06.08 17:18:47.178,1.7495,1.7501,1.00,1.00
2010.06.08 17:18:47.316,1.7494,1.7501,9.90,1.20
2010.06.08 17:18:47.448,1.7494,1.7501,3.40,1.20
2010.06.08 17:18:47.787,1.7494,1.75,2.90,1.00
2010.06.08 17:18:48.331,1.7494,1.75,2.80,1.00
2010.06.08 17:18:48.696,1.7494,1.75005,3.30,2.30
2010.06.08 17:18:49.056,1.7494,1.75005,2.90,2.30
2010.06.08 17:18:51.437,1.7494,1.75005,1.30,2.30
2010.06.08 17:18:51.566,1.7494,1.75005,1.00,2.30
2010.06.08 17:18:53.567,1.7494,1.75005,1.00,3.70
2010.06.08 17:18:53.756,1.74935,1.75005,2.50,3.70
2010.06.08 17:18:53.946,1.74935,1.75,2.50,1.00
2010.06.08 17:18:54.136,1.7495,1.75005,1.00,4.10
2010.06.08 17:18:54.327,1.7495,1.75005,1.00,2.70
2010.06.08 17:18:55.047,1.7495,1.75005,1.00,1.00
2010.06.08 17:18:59.564,1.7494,1.75,2.40,1.00
2010.06.08 17:19:00.046,1.7495,1.7501,1.00,2.30
2010.06.08 17:19:00.377,1.7495,1.75005,1.00,1.00
2010.06.08 17:19:00.706,1.7495,1.7501,1.00,2.30
2010.06.08 17:19:01.048,1.7494,1.7501,2.80,2.80
2010.06.08 17:19:02.426,1.7494,1.75005,2.80,2.30
2010.06.08 17:19:02.785,1.7494,1.75005,1.00,2.30
2010.06.08 17:19:03.245,1.7494,1.74995,1.00,1.00
2010.06.08 17:19:06.507,1.74935,1.74995,1.20,1.20
2010.06.08 17:19:06.637,1.74935,1.74995,1.00,1.20
2010.06.08 17:19:08.176,1.7493,1.7499,1.00,2.30
2010.06.08 17:19:10.096,1.7493,1.74985,1.00,1.00
2010.06.08 17:19:10.576,1.7493,1.74985,1.20,1.00
2010.06.08 17:19:14.006,1.7493,1.74985,1.00,1.00
2010.06.08 17:19:14.257,1.7493,1.74985,1.00,2.90
2010.06.08 17:19:14.507,1.7493,1.74975,1.00,1.00
2010.06.08 17:19:14.959,1.7492,1.74975,2.40,1.00
2010.06.08 17:19:18.047,1.7492,1.7497,1.00,1.60
2010.06.08 17:19:18.227,1.7491,1.74955,1.00,1.00
2010.06.08 17:19:18.577,1.7491,1.74965,1.00,2.80
2010.06.08 17:19:19.134,1.7491,1.7497,1.00,2.30
2010.06.08 17:19:19.505,1.7491,1.74965,1.60,1.00
2010.06.08 17:19:19.782,1.74935,1.7498,1.30,1.00
2010.06.08 17:19:20.058,1.74935,1.74985,1.70,1.00
2010.06.08 17:19:22.566,1.74935,1.7499,1.70,1.60
2010.06.08 17:19:22.736,1.74935,1.74995,1.70,2.80
2010.06.08 17:19:24.076,1.7494,1.74995,1.00,2.80
2010.06.08 17:19:24.276,1.74935,1.74995,1.70,2.80
2010.06.08 17:19:24.702,1.74935,1.74985,1.30,1.00
2010.06.08 17:19:24.811,1.7493,1.74985,1.20,1.00
2010.06.08 17:19:25.328,1.74925,1.7498,1.30,1.00
2010.06.08 17:19:25.540,1.74915,1.7498,4.50,1.00
2010.06.08 17:19:25.746,1.74915,1.7498,4.50,1.10
2010.06.08 17:19:25.956,1.7492,1.7498,1.00,1.10
2010.06.08 17:19:27.146,1.7493,1.74985,1.00,1.00
2010.06.08 17:19:27.369,1.7493,1.7499,1.00,3.00
2010.06.08 17:19:27.588,1.7493,1.74985,1.00,1.00
2010.06.08 17:19:28.678,1.7493,1.74985,1.00,1.20
2010.06.08 17:19:28.960,1.7492,1.7498,2.80,1.00
2010.06.08 17:19:29.237,1.7492,1.74985,3.20,1.00
2010.06.08 17:19:30.228,1.7492,1.7498,2.80,1.00
2010.06.08 17:19:31.928,1.7492,1.74985,3.20,1.00
2010.06.08 17:19:32.596,1.7492,1.7498,2.80,1.00
2010.06.08 17:19:33.145,1.7492,1.74985,3.20,1.00
2010.06.08 17:19:33.730,1.7492,1.74985,5.60,1.00
2010.06.08 17:19:36.303,1.7492,1.74985,5.20,1.00
2010.06.08 17:19:40.019,1.7492,1.74985,5.20,2.10
2010.06.08 17:19:40.217,1.7492,1.74985,2.80,2.10
2010.06.08 17:19:40.417,1.7492,1.7498,2.40,1.00
2010.06.08 17:19:41.357,1.7492,1.7498,2.40,1.00
2010.06.08 17:19:41.956,1.74915,1.7498,1.20,4.20
2010.06.08 17:19:43.979,1.74915,1.7498,1.20,2.80
2010.06.08 17:19:44.476,1.74915,1.7498,1.20,4.20
2010.06.08 17:19:46.216,1.74925,1.7498,1.00,2.30
2010.06.08 17:19:46.780,1.74915,1.74975,1.00,1.60
2010.06.08 17:19:46.947,1.74905,1.7497,2.80,1.00
2010.06.08 17:19:49.396,1.74905,1.74965,2.80,1.00
2010.06.08 17:19:49.962,1.7491,1.7497,1.00,2.60
2010.06.08 17:19:50.116,1.7491,1.7497,1.00,1.20
2010.06.08 17:19:50.267,1.74935,1.7497,1.00,1.00
2010.06.08 17:19:50.577,1.74925,1.7497,1.00,1.00
2010.06.08 17:19:50.736,1.7491,1.7497,1.00,1.20
2010.06.08 17:19:51.598,1.74915,1.74975,1.00,1.00
2010.06.08 17:19:58.581,1.7491,1.74965,2.40,1.00
2010.06.08 17:19:58.722,1.7491,1.7497,1.00,1.00
2010.06.08 17:19:59.853,1.74905,1.7497,3.70,1.40
2010.06.08 17:20:00.197,1.749,1.74965,1.00,2.70
2010.06.08 17:20:01.140,1.749,1.7496,1.00,2.70
2010.06.08 17:20:01.477,1.749,1.7496,1.00,2.30
2010.06.08 17:20:01.819,1.749,1.7496,1.00,2.30
2010.06.08 17:20:03.292,1.749,1.7496,1.00,2.50
2010.06.08 17:20:03.736,1.749,1.7496,1.00,2.30
2010.06.08 17:20:04.148,1.749,1.7496,2.30,1.00
2010.06.08 17:20:04.388,1.749,1.74965,2.90,1.10
2010.06.08 17:20:04.608,1.7491,1.74965,1.00,1.10
2010.06.08 17:20:05.731,1.7491,1.7497,1.00,1.00
2010.06.08 17:20:06.420,1.7491,1.74965,1.00,1.00
2010.06.08 17:20:06.608,1.7491,1.7497,1.00,1.00
2010.06.08 17:20:06.798,1.7491,1.74965,1.00,1.00
2010.06.08 17:20:07.330,1.7491,1.7497,1.00,1.00
2010.06.08 17:20:07.834,1.7492,1.74975,1.00,1.00
2010.06.08 17:20:10.569,1.7493,1.74985,2.00,1.00
2010.06.08 17:20:11.447,1.7493,1.74985,2.00,1.20
2010.06.08 17:20:14.667,1.7494,1.74995,1.00,3.40
2010.06.08 17:20:19.461,1.7494,1.74995,1.00,2.90
2010.06.08 17:20:19.510,1.74935,1.7499,1.00,1.00
2010.06.08 17:20:20.282,1.7494,1.74995,1.00,2.30
2010.06.08 17:20:20.631,1.7493,1.7499,1.30,1.00
2010.06.08 17:20:22.286,1.7494,1.74995,1.00,4.70
2010.06.08 17:20:22.446,1.7494,1.74995,1.00,2.30
2010.06.08 17:20:23.018,1.7495,1.74995,1.00,2.30
2010.06.08 17:20:23.359,1.7493,1.7498,1.00,1.00
2010.06.08 17:20:23.527,1.7494,1.74995,1.00,8.50
2010.06.08 17:20:23.935,1.7494,1.74995,1.00,3.70
2010.06.08 17:20:24.282,1.74945,1.74995,1.30,2.80
2010.06.08 17:20:24.630,1.7493,1.74995,1.30,2.80
2010.06.08 17:20:24.967,1.7493,1.74995,1.30,4.20
2010.06.08 17:20:25.290,1.7493,1.7499,1.00,2.70
2010.06.08 17:20:26.118,1.7494,1.7499,1.00,2.30
2010.06.08 17:20:26.438,1.7493,1.7499,3.20,2.30
2010.06.08 17:20:26.616,1.7493,1.7499,1.00,2.30
2010.06.08 17:20:29.396,1.74935,1.7499,1.30,2.30
2010.06.08 17:20:29.607,1.74935,1.7499,2.90,2.30
2010.06.08 17:20:29.816,1.7494,1.7499,2.80,2.30
2010.06.08 17:20:30.027,1.7494,1.74995,2.80,1.00
2010.06.08 17:20:30.241,1.7495,1.74995,1.00,1.00
2010.06.08 17:20:30.448,1.7495,1.74995,2.80,1.00
2010.06.08 17:20:32.280,1.7495,1.75005,2.80,1.00
2010.06.08 17:20:33.517,1.7495,1.75005,1.00,1.00
2010.06.08 17:20:35.170,1.7495,1.75005,1.00,1.10
2010.06.08 17:20:37.695,1.7495,1.75005,1.00,1.00
2010.06.08 17:20:39.210,1.74945,1.75,1.80,1.00
2010.06.08 17:20:39.530,1.7495,1.75,1.00,1.00
2010.06.08 17:20:41.662,1.7495,1.75005,1.00,2.70
2010.06.08 17:20:41.792,1.7495,1.75005,1.00,1.10
2010.06.08 17:20:45.265,1.7495,1.75005,1.00,2.70
2010.06.08 17:20:45.365,1.7495,1.75,1.00,1.00
2010.06.08 17:20:47.217,1.7495,1.75,1.00,1.00
2010.06.08 17:20:47.996,1.7495,1.75,1.00,1.00
2010.06.08 17:21:02.857,1.7494,1.74995,1.00,1.00
2010.06.08 17:21:03.347,1.7494,1.74995,1.00,2.70
2010.06.08 17:21:07.978,1.7494,1.74995,1.00,4.10
2010.06.08 17:21:08.178,1.7493,1.74985,1.10,1.00
2010.06.08 17:21:08.576,1.7493,1.74985,1.20,1.00
2010.06.08 17:21:08.986,1.7493,1.74985,1.00,1.00
2010.06.08 17:21:09.297,1.7493,1.74985,1.20,1.00
2010.06.08 17:21:09.608,1.7492,1.7498,1.00,2.70
2010.06.08 17:21:09.953,1.7492,1.7498,2.80,2.70
2010.06.08 17:21:10.149,1.7493,1.7498,2.00,2.30
2010.06.08 17:21:11.397,1.7494,1.7498,1.00,2.30
2010.06.08 17:21:11.608,1.7494,1.7499,1.00,3.00
2010.06.08 17:21:11.818,1.7494,1.7499,1.00,2.80
2010.06.08 17:21:14.171,1.7494,1.7499,1.00,3.10
2010.06.08 17:21:19.690,1.7494,1.7499,1.00,2.30
2010.06.08 17:21:25.052,1.7494,1.7499,1.00,2.40
2010.06.08 17:21:25.316,1.7494,1.7499,1.00,2.50
2010.06.08 17:21:25.577,1.7493,1.74985,1.60,1.00
2010.06.08 17:21:25.837,1.74925,1.74985,1.80,2.80
2010.06.08 17:21:28.077,1.74925,1.7498,1.00,2.80
2010.06.08 17:21:29.817,1.74925,1.7498,1.00,3.00
2010.06.08 17:21:30.675,1.7491,1.7497,4.10,1.00
2010.06.08 17:21:30.871,1.7491,1.7497,1.70,1.00
2010.06.08 17:21:33.460,1.74895,1.7495,1.00,1.00
2010.06.08 17:21:33.597,1.74895,1.7495,1.00,2.30
2010.06.08 17:21:33.736,1.74895,1.74955,1.00,1.20
2010.06.08 17:21:34.157,1.74895,1.74955,1.00,1.00
2010.06.08 17:21:37.617,1.74905,1.74955,1.00,1.00
2010.06.08 17:21:37.827,1.74905,1.74955,1.70,1.00
2010.06.08 17:21:38.037,1.74905,1.74955,1.80,1.00
2010.06.08 17:21:38.933,1.74905,1.74955,1.00,1.00
2010.06.08 17:21:39.133,1.74905,1.74955,1.00,1.40
2010.06.08 17:21:40.165,1.74905,1.74955,1.00,1.00
2010.06.08 17:21:41.297,1.749,1.74955,1.80,1.00
2010.06.08 17:21:42.099,1.749,1.74955,1.00,1.00
2010.06.08 17:21:42.341,1.749,1.74955,1.00,1.00
2010.06.08 17:21:43.397,1.7491,1.74955,1.30,1.00
2010.06.08 17:21:43.788,1.74915,1.7496,1.00,1.00
2010.06.08 17:21:44.071,1.74905,1.7496,1.00,1.20
2010.06.08 17:21:44.348,1.7491,1.7496,1.00,1.00
2010.06.08 17:21:45.537,1.74915,1.7496,1.30,1.00
2010.06.08 17:21:46.067,1.7492,1.7497,1.00,3.00
2010.06.08 17:21:46.252,1.74915,1.7497,1.00,3.50
2010.06.08 17:21:46.657,1.74915,1.7497,1.00,3.70
2010.06.08 17:21:46.866,1.74915,1.74965,1.00,1.00
2010.06.08 17:21:47.823,1.74915,1.74965,1.00,1.00
2010.06.08 17:21:50.880,1.74925,1.7497,1.00,3.10
2010.06.08 17:21:51.351,1.74925,1.74975,1.00,2.30
2010.06.08 17:21:51.487,1.74925,1.74975,1.00,2.50
2010.06.08 17:21:52.739,1.74925,1.7497,1.00,1.00
2010.06.08 17:21:54.145,1.74925,1.7497,1.00,1.00
2010.06.08 17:21:54.255,1.74925,1.74965,1.00,1.00
2010.06.08 17:21:54.429,1.74925,1.74975,1.00,2.50
2010.06.08 17:21:57.046,1.74925,1.7497,1.00,1.00
2010.06.08 17:21:57.188,1.74925,1.74975,1.30,2.90
2010.06.08 17:21:57.900,1.7491,1.74965,1.00,1.00
2010.06.08 17:21:58.576,1.7491,1.74965,1.00,2.90
2010.06.08 17:21:58.798,1.7491,1.74965,1.00,5.30
2010.06.08 17:21:59.266,1.7491,1.74965,1.00,2.90
2010.06.08 17:22:00.272,1.74905,1.7496,1.20,1.00
2010.06.08 17:22:00.537,1.74905,1.7496,1.50,1.00
2010.06.08 17:22:01.370,1.74925,1.7497,1.00,3.00
2010.06.08 17:22:01.628,1.74925,1.7497,1.00,1.00
2010.06.08 17:22:01.889,1.7493,1.74965,1.30,1.00
2010.06.08 17:22:02.569,1.7492,1.7497,2.00,1.00
2010.06.08 17:22:02.907,1.74915,1.7497,2.40,1.00
2010.06.08 17:22:03.253,1.74925,1.7497,1.00,1.00
2010.06.08 17:22:03.931,1.74925,1.7497,1.00,1.00
2010.06.08 17:22:04.153,1.7492,1.7497,2.00,1.00
2010.06.08 17:22:04.580,1.7492,1.7497,2.00,1.00
2010.06.08 17:22:04.798,1.74935,1.7497,1.00,1.00
2010.06.08 17:22:05.359,1.74925,1.7497,1.00,1.00
2010.06.08 17:22:05.836,1.74915,1.7497,1.00,1.30
2010.06.08 17:22:06.181,1.74915,1.74965,1.00,1.00
2010.06.08 17:22:09.115,1.74935,1.7498,1.00,2.30
2010.06.08 17:22:09.177,1.74935,1.74985,1.00,1.00
2010.06.08 17:22:09.236,1.74935,1.74985,1.00,1.40
2010.06.08 17:22:10.957,1.74935,1.74985,1.00,1.00
2010.06.08 17:22:11.846,1.74945,1.74985,1.00,1.00
2010.06.08 17:22:12.084,1.74935,1.74985,1.00,1.00
2010.06.08 17:22:12.529,1.74935,1.74985,1.00,1.40
2010.06.08 17:22:12.747,1.74935,1.74985,1.00,1.00
2010.06.08 17:22:12.969,1.74935,1.74985,1.00,1.40
2010.06.08 17:22:14.707,1.7496,1.74985,1.30,1.40
2010.06.08 17:22:14.898,1.74965,1.75,1.00,1.00
2010.06.08 17:22:15.087,1.7493,1.7498,1.10,1.00
2010.06.08 17:22:15.622,1.7493,1.74965,3.20,1.00
2010.06.08 17:22:15.821,1.74925,1.74965,1.10,1.00
2010.06.08 17:22:17.050,1.7497,1.74995,1.00,1.00
2010.06.08 17:22:17.327,1.7497,1.7502,1.00,1.00
2010.06.08 17:22:18.291,1.7497,1.7502,1.00,3.00
2010.06.08 17:22:18.629,1.7497,1.75015,1.00,1.00
2010.06.08 17:22:18.866,1.7497,1.75015,1.00,1.00
2010.06.08 17:22:19.096,1.7497,1.7502,1.00,3.00
2010.06.08 17:22:19.587,1.7497,1.75015,1.00,1.00
2010.06.08 17:22:28.045,1.7497,1.7502,1.00,2.30
2010.06.08 17:22:29.498,1.7497,1.75015,1.00,1.00
2010.06.08 17:22:29.831,1.7497,1.75015,1.00,2.10
2010.06.08 17:22:30.285,1.7498,1.75015,1.00,1.60
2010.06.08 17:22:30.449,1.7498,1.7503,1.00,1.40
2010.06.08 17:22:30.614,1.7498,1.7503,1.00,1.40
2010.06.08 17:22:30.779,1.7498,1.75025,1.00,1.00
2010.06.08 17:22:30.940,1.7498,1.75025,1.00,1.30
2010.06.08 17:22:31.428,1.74985,1.7503,1.00,1.00
2010.06.08 17:22:31.927,1.7498,1.7503,1.70,1.00
2010.06.08 17:22:32.268,1.7498,1.7503,2.20,1.00
2010.06.08 17:22:32.863,1.7498,1.75035,1.00,1.40
2010.06.08 17:22:33.886,1.7498,1.75035,1.00,1.40
2010.06.08 17:22:34.779,1.7498,1.75035,1.00,3.00
2010.06.08 17:22:35.236,1.7498,1.75035,1.00,1.40
2010.06.08 17:22:36.560,1.7498,1.75035,1.60,1.40
2010.06.08 17:22:36.736,1.74985,1.75035,1.00,1.40
2010.06.08 17:22:38.106,1.74985,1.75035,1.00,3.00
2010.06.08 17:22:38.779,1.74985,1.75035,1.00,1.40
2010.06.08 17:22:39.607,1.74985,1.75035,1.00,1.30
2010.06.08 17:22:39.985,1.74985,1.75035,1.00,2.60
2010.06.08 17:22:40.147,1.74985,1.75025,1.00,1.00
2010.06.08 17:22:45.067,1.7499,1.75025,1.00,1.00
2010.06.08 17:22:45.628,1.75,1.75045,1.00,1.00
2010.06.08 17:22:46.517,1.75,1.75045,1.00,1.00
2010.06.08 17:22:46.721,1.75015,1.7505,1.00,3.10
2010.06.08 17:22:47.216,1.75015,1.7506,1.00,2.70
2010.06.08 17:22:47.531,1.7503,1.75065,1.00,1.00
2010.06.08 17:22:48.215,1.7502,1.7506,1.30,2.30
2010.06.08 17:22:48.562,1.75015,1.7506,1.00,2.30
2010.06.08 17:22:49.234,1.75025,1.7507,1.70,1.00
2010.06.08 17:22:49.586,1.75025,1.7507,1.20,1.00
2010.06.08 17:22:49.932,1.75025,1.7507,1.10,1.00
2010.06.08 17:22:50.610,1.75025,1.7507,1.00,1.00
2010.06.08 17:22:51.499,1.75025,1.7506,1.00,1.00
2010.06.08 17:22:51.908,1.75025,1.75065,1.00,2.30
2010.06.08 17:22:52.117,1.75025,1.7506,1.00,1.00
2010.06.08 17:22:52.813,1.74995,1.7504,1.00,1.00
2010.06.08 17:22:53.160,1.74995,1.7504,1.00,1.00
2010.06.08 17:22:54.046,1.74995,1.75045,1.00,2.90
2010.06.08 17:22:54.339,1.74995,1.75045,1.00,2.90
2010.06.08 17:22:54.643,1.74995,1.75045,1.00,2.30
2010.06.08 17:22:55.068,1.74995,1.75045,1.00,2.30
2010.06.08 17:22:55.287,1.74995,1.75045,1.00,2.90
2010.06.08 17:22:58.956,1.75005,1.75045,1.00,2.30
2010.06.08 17:22:59.392,1.75005,1.7505,1.00,2.30
2010.06.08 17:23:00.927,1.75005,1.7505,1.00,2.90
2010.06.08 17:23:01.679,1.7501,1.7505,1.00,1.00
2010.06.08 17:23:01.820,1.7501,1.75055,1.00,1.00
2010.06.08 17:23:04.856,1.7501,1.7505,1.00,1.00
2010.06.08 17:23:05.257,1.7501,1.75055,1.00,1.00
2010.06.08 17:23:05.878,1.7501,1.7506,1.00,1.00
2010.06.08 17:23:06.442,1.75015,1.7506,1.00,1.00
2010.06.08 17:23:06.657,1.7501,1.7507,1.00,2.90
2010.06.08 17:23:07.327,1.7501,1.7507,1.00,3.00
2010.06.08 17:23:07.666,1.7501,1.7507,1.00,2.90
2010.06.08 17:23:09.680,1.75015,1.7507,1.00,2.90
2010.06.08 17:23:11.386,1.7502,1.7507,5.60,2.10
2010.06.08 17:23:11.823,1.75055,1.75085,1.00,1.00
2010.06.08 17:23:11.971,1.75055,1.7509,1.00,1.30
2010.06.08 17:23:12.161,1.75055,1.75105,1.00,2.90
2010.06.08 17:23:12.539,1.75055,1.75095,1.00,1.00
2010.06.08 17:23:13.191,1.75055,1.75095,1.00,1.30
2010.06.08 17:23:13.526,1.7505,1.75095,1.00,1.30
2010.06.08 17:23:13.868,1.7505,1.7509,1.00,1.90
2010.06.08 17:23:14.209,1.7505,1.75085,1.00,1.00
2010.06.08 17:23:14.980,1.7505,1.75085,1.00,1.00
2010.06.08 17:23:15.269,1.7505,1.75095,1.00,1.30
2010.06.08 17:23:15.945,1.7505,1.75095,1.00,1.00
2010.06.08 17:23:16.568,1.7505,1.7508,1.00,1.00
2010.06.08 17:23:16.847,1.75055,1.75095,1.00,1.00
2010.06.08 17:23:17.415,1.75055,1.75095,1.00,1.00
2010.06.08 17:23:18.498,1.75055,1.75105,1.00,2.80
2010.06.08 17:23:19.610,1.75075,1.7512,1.00,1.00
2010.06.08 17:23:19.929,1.75075,1.75115,1.00,1.00
2010.06.08 17:23:20.247,1.7506,1.75115,1.00,1.00
2010.06.08 17:23:21.158,1.7506,1.75105,1.00,1.00
2010.06.08 17:23:21.643,1.7506,1.75105,1.00,1.00
2010.06.08 17:23:22.200,1.7506,1.751,1.00,1.00
2010.06.08 17:23:22.541,1.7506,1.7511,1.00,1.00
2010.06.08 17:23:22.877,1.7506,1.7511,1.00,2.10
2010.06.08 17:23:23.556,1.7506,1.75105,1.00,1.00
2010.06.08 17:23:23.904,1.7506,1.7511,1.00,1.20
2010.06.08 17:23:24.250,1.7506,1.7511,1.00,1.20
2010.06.08 17:23:30.071,1.75055,1.75115,1.10,1.00
2010.06.08 17:23:30.408,1.75055,1.7511,1.00,1.00
2010.06.08 17:23:30.748,1.75055,1.7511,1.10,1.00
2010.06.08 17:23:31.516,1.75055,1.75105,1.10,1.00
2010.06.08 17:23:31.976,1.75055,1.75105,1.20,1.00
2010.06.08 17:23:35.273,1.7508,1.7511,1.60,1.30
2010.06.08 17:23:35.358,1.75115,1.75135,1.00,4.80
2010.06.08 17:23:35.447,1.7511,1.75115,1.00,2.40
2010.06.08 17:23:35.849,1.7511,1.7515,1.00,1.00
2010.06.08 17:23:35.946,1.7513,1.75185,1.00,10.80
2010.06.08 17:23:36.030,1.75115,1.75165,1.00,1.00
2010.06.08 17:23:36.629,1.7513,1.75165,1.30,1.00
2010.06.08 17:23:36.977,1.7514,1.7519,1.00,3.70
2010.06.08 17:23:37.320,1.75135,1.75185,1.00,2.40
2010.06.08 17:23:37.598,1.75135,1.7518,1.00,2.10
2010.06.08 17:23:37.877,1.75135,1.7518,1.00,1.00
2010.06.08 17:23:38.494,1.75135,1.75175,1.00,1.60
2010.06.08 17:23:38.641,1.7512,1.75165,1.00,1.00
2010.06.08 17:23:38.778,1.7512,1.75175,1.10,2.40
2010.06.08 17:23:38.920,1.7516,1.75185,1.00,6.10
2010.06.08 17:23:39.059,1.7516,1.75205,1.00,1.00
2010.06.08 17:23:39.199,1.7516,1.75205,1.00,1.00
2010.06.08 17:23:39.879,1.75145,1.75205,1.00,3.50
2010.06.08 17:23:40.218,1.7515,1.75195,1.00,1.00
2010.06.08 17:23:40.558,1.7515,1.7519,1.00,1.90
2010.06.08 17:23:41.696,1.7515,1.75195,1.00,1.00
2010.06.08 17:23:41.988,1.7515,1.752,1.00,1.30
2010.06.08 17:23:42.756,1.7515,1.752,1.00,1.00
2010.06.08 17:23:44.317,1.75155,1.75205,1.00,1.00
2010.06.08 17:23:44.916,1.7516,1.75205,1.00,1.00
2010.06.08 17:23:45.072,1.7516,1.75205,1.00,1.00
2010.06.08 17:23:47.530,1.7515,1.752,1.00,1.00
2010.06.08 17:23:47.829,1.7515,1.7519,1.00,1.00
2010.06.08 17:23:48.411,1.75135,1.7519,1.00,1.00
2010.06.08 17:23:49.031,1.7515,1.752,1.00,1.00
2010.06.08 17:23:49.313,1.75185,1.75225,1.00,1.00
2010.06.08 17:23:49.589,1.75185,1.7523,1.00,1.00
2010.06.08 17:23:50.261,1.75175,1.7523,1.00,1.00
2010.06.08 17:23:50.878,1.7517,1.7522,2.80,1.00
2010.06.08 17:23:51.557,1.7517,1.7522,1.20,2.00
2010.06.08 17:23:51.590,1.7517,1.7522,1.00,2.00
2010.06.08 17:23:52.988,1.7517,1.7522,1.20,2.00
2010.06.08 17:23:53.988,1.75175,1.7523,5.20,1.10
2010.06.08 17:23:54.117,1.75175,1.7523,7.70,1.00
2010.06.08 17:23:54.914,1.75175,1.7523,7.70,1.00
2010.06.08 17:23:55.262,1.75185,1.7524,1.00,1.20
2010.06.08 17:23:55.611,1.75175,1.7523,2.90,1.00
2010.06.08 17:23:59.252,1.7517,1.75225,1.00,1.00
2010.06.08 17:23:59.512,1.75165,1.75225,1.00,1.00
2010.06.08 17:24:00.127,1.75165,1.75225,1.20,2.00
2010.06.08 17:24:00.386,1.7517,1.75215,1.00,1.00
2010.06.08 17:24:00.733,1.7516,1.75215,1.00,1.70
2010.06.08 17:24:01.394,1.7516,1.75215,1.00,1.00
2010.06.08 17:24:01.701,1.7516,1.7522,1.00,1.00
2010.06.08 17:24:02.009,1.75165,1.75225,1.00,1.00
2010.06.08 17:24:02.670,1.75165,1.7522,1.00,1.00
2010.06.08 17:24:03.015,1.7515,1.7521,2.10,1.00
2010.06.08 17:24:03.363,1.75175,1.7523,1.00,2.00
2010.06.08 17:24:04.065,1.75165,1.75215,1.00,1.30
2010.06.08 17:24:04.395,1.7515,1.7521,8.10,1.00
2010.06.08 17:24:04.727,1.7515,1.75205,1.00,1.00
2010.06.08 17:24:05.435,1.7514,1.75195,1.00,1.00
2010.06.08 17:24:05.781,1.7513,1.7519,1.00,1.30
2010.06.08 17:24:06.089,1.75125,1.75185,1.00,1.00
2010.06.08 17:24:06.399,1.7512,1.7518,1.30,1.00
2010.06.08 17:24:07.061,1.75115,1.7518,4.40,1.00
2010.06.08 17:24:07.398,1.7513,1.75185,1.00,1.00
2010.06.08 17:24:07.740,1.75115,1.75175,7.20,1.00
2010.06.08 17:24:08.162,1.75115,1.75175,5.80,1.00
2010.06.08 17:24:08.510,1.75115,1.75175,3.20,1.00
2010.06.08 17:24:11.249,1.75095,1.7515,1.00,1.00
2010.06.08 17:24:11.518,1.75125,1.7517,1.00,1.60
2010.06.08 17:24:11.996,1.75125,1.75175,1.00,1.60
2010.06.08 17:24:12.197,1.75115,1.75175,1.00,1.00
2010.06.08 17:24:16.856,1.75115,1.7516,1.00,1.00
2010.06.08 17:24:17.090,1.751,1.7516,1.00,1.00
2010.06.08 17:24:17.319,1.751,1.75155,1.00,1.00
2010.06.08 17:24:17.717,1.751,1.7515,1.00,1.30
2010.06.08 17:24:17.949,1.75085,1.7514,1.00,1.00
2010.06.08 17:24:18.277,1.75085,1.7514,1.00,1.00
2010.06.08 17:24:18.609,1.75085,1.7514,1.00,1.00
2010.06.08 17:24:18.938,1.7509,1.7514,1.00,1.00
2010.06.08 17:24:21.276,1.75085,1.7514,1.00,1.00
2010.06.08 17:24:21.838,1.7509,1.7514,1.00,1.00
2010.06.08 17:24:22.257,1.75085,1.7514,1.00,1.00
2010.06.08 17:24:22.387,1.7509,1.7515,1.00,1.30
2010.06.08 17:24:22.739,1.7509,1.7515,1.30,1.30
2010.06.08 17:24:22.871,1.7509,1.75155,2.60,1.00
2010.06.08 17:24:23.842,1.75115,1.7516,1.00,3.70
2010.06.08 17:24:24.489,1.7514,1.752,2.40,3.90
2010.06.08 17:24:24.673,1.7518,1.7519,2.40,1.00
2010.06.08 17:24:24.862,1.75175,1.75205,2.00,1.00
2010.06.08 17:24:25.385,1.75175,1.7523,1.00,1.00
2010.06.08 17:24:25.751,1.7519,1.7524,1.00,1.60
2010.06.08 17:24:26.093,1.75195,1.75245,2.00,1.00
2010.06.08 17:24:26.752,1.75195,1.7525,1.00,1.00
2010.06.08 17:24:27.081,1.752,1.7527,1.00,2.40
2010.06.08 17:24:27.418,1.75195,1.75265,2.40,1.00
2010.06.08 17:24:27.761,1.75195,1.7527,1.70,3.10
2010.06.08 17:24:28.477,1.75195,1.7527,1.70,4.40
2010.06.08 17:24:30.011,1.75195,1.75265,1.70,2.40
2010.06.08 17:24:30.377,1.75195,1.75265,1.00,2.40
2010.06.08 17:24:30.511,1.7519,1.7526,2.00,1.60
2010.06.08 17:24:30.639,1.75185,1.7525,1.60,1.00
2010.06.08 17:24:30.767,1.75185,1.7526,5.50,1.30
2010.06.08 17:24:31.415,1.75195,1.75265,1.30,2.80
2010.06.08 17:24:31.760,1.75205,1.75265,1.00,5.70
2010.06.08 17:24:32.100,1.75205,1.7527,1.70,1.00
2010.06.08 17:24:32.791,1.75195,1.75255,2.10,1.00
2010.06.08 17:24:33.091,1.75195,1.7527,2.90,2.00
2010.06.08 17:24:33.693,1.75215,1.75275,1.30,4.80
2010.06.08 17:24:34.345,1.75205,1.7528,1.70,1.00
2010.06.08 17:24:34.606,1.752,1.75255,2.40,1.00
2010.06.08 17:24:34.864,1.75205,1.75255,1.30,5.20
2010.06.08 17:24:35.475,1.75205,1.75255,1.70,1.00
2010.06.08 17:24:35.822,1.75205,1.75255,1.30,1.00
2010.06.08 17:24:36.172,1.75205,1.75255,1.70,1.00
2010.06.08 17:24:37.207,1.75205,1.7527,1.00,1.00
2010.06.08 17:24:37.556,1.752,1.7527,2.40,1.70
2010.06.08 17:24:37.812,1.75215,1.75275,1.00,2.40
2010.06.08 17:24:38.182,1.75215,1.7528,1.00,6.00
2010.06.08 17:24:38.443,1.75215,1.7528,1.00,2.80
2010.06.08 17:24:39.042,1.75215,1.7528,1.00,3.00
2010.06.08 17:24:39.729,1.75215,1.7528,1.00,1.20
2010.06.08 17:24:39.970,1.75215,1.7528,1.00,1.00
2010.06.08 17:24:41.265,1.7521,1.7527,4.10,1.00
2010.06.08 17:24:41.616,1.75205,1.7527,1.00,1.00
2010.06.08 17:24:41.962,1.75215,1.75275,1.00,1.00
2010.06.08 17:24:42.987,1.75215,1.7527,1.00,1.00
2010.06.08 17:24:43.334,1.7521,1.7527,1.60,1.00
2010.06.08 17:24:44.033,1.75205,1.7527,1.00,1.00
2010.06.08 17:24:46.407,1.75205,1.75265,1.00,1.00
2010.06.08 17:24:48.644,1.75215,1.7527,1.00,1.00
2010.06.08 17:24:50.388,1.75215,1.7527,1.70,1.00
2010.06.08 17:24:50.660,1.75225,1.7528,1.00,1.00
2010.06.08 17:24:52.016,1.75235,1.7528,1.00,1.00
2010.06.08 17:24:53.055,1.7523,1.7528,1.30,1.00
2010.06.08 17:24:53.360,1.7524,1.7528,1.30,1.00
2010.06.08 17:24:53.670,1.75245,1.7528,1.00,1.00
2010.06.08 17:24:53.868,1.75245,1.753,1.00,1.00
2010.06.08 17:24:54.068,1.75245,1.753,1.00,1.70
2010.06.08 17:24:54.621,1.75235,1.7529,1.00,1.00
2010.06.08 17:24:54.956,1.75235,1.75255,1.00,1.00
2010.06.08 17:24:55.297,1.75235,1.75255,1.00,1.00
2010.06.08 17:24:56.431,1.75235,1.75255,1.00,1.00
2010.06.08 17:24:56.750,1.75235,1.75255,1.00,1.00
2010.06.08 17:24:56.951,1.75225,1.75255,1.00,1.00
2010.06.08 17:24:57.147,1.75235,1.75255,1.00,1.00
2010.06.08 17:24:57.347,1.7524,1.75255,1.30,1.00
2010.06.08 17:24:57.869,1.75245,1.75255,1.00,1.00
2010.06.08 17:24:59.830,1.75245,1.75295,1.00,1.00
2010.06.08 17:25:01.569,1.75235,1.7529,3.60,1.00
2010.06.08 17:25:01.898,1.75235,1.7529,1.20,1.00
2010.06.08 17:25:02.227,1.75235,1.7529,1.00,1.00
2010.06.08 17:25:05.136,1.7522,1.75285,9.70,1.00
2010.06.08 17:25:05.197,1.7522,1.75285,7.30,1.00
2010.06.08 17:25:05.540,1.7522,1.75285,4.90,1.00
2010.06.08 17:25:05.882,1.7522,1.75285,1.70,2.80
2010.06.08 17:25:06.568,1.75235,1.7529,1.00,1.00
2010.06.08 17:25:07.137,1.7523,1.7528,1.30,1.00
2010.06.08 17:25:07.327,1.75225,1.7527,1.00,1.00
2010.06.08 17:25:08.040,1.75235,1.7529,1.00,1.00
2010.06.08 17:25:08.377,1.7523,1.75285,1.00,1.00
2010.06.08 17:25:09.038,1.75235,1.7529,1.00,1.00
2010.06.08 17:25:10.183,1.7523,1.75285,1.00,1.00
2010.06.08 17:25:10.727,1.75225,1.75285,1.00,1.00
2010.06.08 17:25:10.968,1.75215,1.7528,7.20,1.80
2010.06.08 17:25:11.208,1.75225,1.75285,1.00,1.00
2010.06.08 17:25:13.383,1.75225,1.75285,1.00,1.00
2010.06.08 17:25:14.387,1.75235,1.7529,1.00,1.30
2010.06.08 17:25:14.559,1.75235,1.75295,1.00,1.20
2010.06.08 17:25:15.991,1.75245,1.75295,1.00,1.00
2010.06.08 17:25:17.399,1.75255,1.7531,1.00,1.00
2010.06.08 17:25:17.888,1.75265,1.7532,1.00,1.80
2010.06.08 17:25:18.138,1.75255,1.753,4.80,1.00
2010.06.08 17:25:18.706,1.75245,1.753,1.00,1.00
2010.06.08 17:25:18.953,1.7524,1.753,1.00,1.00
2010.06.08 17:25:19.430,1.75235,1.7529,1.00,1.00
2010.06.08 17:25:20.044,1.7524,1.753,1.00,1.00
2010.06.08 17:25:21.070,1.75265,1.75305,1.00,1.30
2010.06.08 17:25:21.368,1.75265,1.7532,1.00,2.50
2010.06.08 17:25:22.055,1.75235,1.7529,1.00,1.00
2010.06.08 17:25:22.306,1.75235,1.75295,1.00,1.80
2010.06.08 17:25:22.552,1.75235,1.75295,1.00,1.00
2010.06.08 17:25:24.306,1.75235,1.75295,1.00,1.80
2010.06.08 17:25:24.436,1.75235,1.7529,1.00,1.00
2010.06.08 17:25:25.568,1.75235,1.75295,1.00,1.00
2010.06.08 17:25:28.884,1.75235,1.75295,1.00,1.00
2010.06.08 17:25:29.073,1.75235,1.75295,1.00,1.00
2010.06.08 17:25:31.300,1.7524,1.75295,1.30,1.00
2010.06.08 17:25:31.488,1.75245,1.75305,2.00,4.20
2010.06.08 17:25:31.681,1.7524,1.75285,1.30,1.00
2010.06.08 17:25:31.919,1.75235,1.75285,1.00,1.00
2010.06.08 17:25:32.158,1.7524,1.75295,1.30,1.00
2010.06.08 17:25:32.620,1.75235,1.75295,1.00,1.00
2010.06.08 17:25:33.539,1.75225,1.7529,4.30,1.00
2010.06.08 17:25:33.878,1.75225,1.7529,1.10,1.00
2010.06.08 17:25:34.470,1.75225,1.7528,1.00,1.00
2010.06.08 17:25:35.448,1.7523,1.75295,1.00,4.20
2010.06.08 17:25:36.127,1.7523,1.75285,1.00,1.00
2010.06.08 17:25:37.185,1.75225,1.7528,1.00,1.30
2010.06.08 17:25:37.771,1.7523,1.75295,1.00,7.40
2010.06.08 17:25:38.121,1.75235,1.753,1.00,2.70
2010.06.08 17:25:38.437,1.75225,1.75285,5.20,1.30
2010.06.08 17:25:38.891,1.75225,1.75295,2.80,2.40
2010.06.08 17:25:39.201,1.75235,1.753,1.00,1.00
2010.06.08 17:25:39.539,1.75235,1.753,5.20,1.00
2010.06.08 17:25:40.463,1.75235,1.753,5.40,1.00
2010.06.08 17:25:40.676,1.75235,1.753,5.20,1.00
2010.06.08 17:25:41.132,1.75235,1.75305,5.60,3.20
2010.06.08 17:25:41.349,1.7524,1.7531,1.00,1.00
2010.06.08 17:25:42.240,1.7525,1.753,1.00,1.30
2010.06.08 17:25:42.758,1.7524,1.7529,1.00,1.60
2010.06.08 17:25:43.010,1.7524,1.75295,1.00,1.00
2010.06.08 17:25:43.736,1.75235,1.7529,1.50,1.00
2010.06.08 17:25:43.976,1.75235,1.7529,1.00,1.00
2010.06.08 17:25:44.628,1.75245,1.75305,1.00,1.00
2010.06.08 17:25:45.210,1.75245,1.75305,2.80,1.00
2010.06.08 17:25:45.468,1.75245,1.75305,1.00,1.00
2010.06.08 17:25:47.027,1.75235,1.75295,5.20,1.00
2010.06.08 17:25:47.251,1.75235,1.75295,1.00,1.00
2010.06.08 17:25:50.628,1.7524,1.75295,1.00,1.00
2010.06.08 17:25:51.860,1.7524,1.7529,1.30,1.00
2010.06.08 17:25:52.384,1.7524,1.7529,1.70,1.00
2010.06.08 17:25:52.659,1.7524,1.753,1.00,1.80
2010.06.08 17:25:52.938,1.75245,1.753,6.10,1.00
2010.06.08 17:25:53.611,1.7524,1.753,1.00,1.00
2010.06.08 17:25:55.601,1.7524,1.753,1.00,5.20
2010.06.08 17:25:56.299,1.75235,1.75295,4.50,1.00
2010.06.08 17:25:56.528,1.7523,1.7529,2.00,4.80
2010.06.08 17:25:57.738,1.7523,1.75295,2.00,1.00
2010.06.08 17:25:58.220,1.7523,1.75295,1.00,1.00
2010.06.08 17:25:58.418,1.7523,1.75295,1.00,1.00
2010.06.08 17:25:58.617,1.7524,1.753,1.00,1.00
2010.06.08 17:25:59.168,1.7522,1.75285,2.80,1.00
2010.06.08 17:25:59.357,1.7522,1.75285,1.00,1.00
2010.06.08 17:26:00.079,1.7522,1.75285,1.00,2.00
2010.06.08 17:26:00.758,1.7522,1.75285,1.00,1.00
2010.06.08 17:26:01.815,1.75275,1.753,1.00,4.50
2010.06.08 17:26:02.166,1.7529,1.75345,2.80,1.00
2010.06.08 17:26:02.803,1.75305,1.7534,2.40,1.70
2010.06.08 17:26:03.092,1.7527,1.7532,1.00,1.00
2010.06.08 17:26:03.380,1.7527,1.7532,2.80,1.00
2010.06.08 17:26:04.101,1.7527,1.75335,1.00,2.80
2010.06.08 17:26:04.440,1.7527,1.75325,1.00,1.00
2010.06.08 17:26:05.053,1.75275,1.7533,1.00,1.00
2010.06.08 17:26:05.622,1.7527,1.75315,1.00,1.00
2010.06.08 17:26:06.289,1.7527,1.75325,1.00,1.00
2010.06.08 17:26:06.598,1.75285,1.75335,1.00,2.10
2010.06.08 17:26:06.937,1.75285,1.75335,1.00,1.00
2010.06.08 17:26:08.550,1.75285,1.75345,1.00,2.70
2010.06.08 17:26:09.188,1.75285,1.7534,1.00,1.70
2010.06.08 17:26:09.561,1.75325,1.7536,1.00,1.00
2010.06.08 17:26:09.907,1.75315,1.7537,1.30,7.70
2010.06.08 17:26:10.566,1.7532,1.75385,4.80,2.80
2010.06.08 17:26:10.887,1.7532,1.75385,4.80,2.30
2010.06.08 17:26:12.151,1.75315,1.75365,1.00,1.00
2010.06.08 17:26:12.457,1.75305,1.75365,1.00,1.00
2010.06.08 17:26:12.872,1.75305,1.75365,1.00,1.00
2010.06.08 17:26:13.183,1.75305,1.75365,1.30,1.30
2010.06.08 17:26:13.535,1.75305,1.7537,1.30,2.80
2010.06.08 17:26:14.219,1.75315,1.7537,1.00,2.30
2010.06.08 17:26:14.506,1.75315,1.7537,4.80,1.00
2010.06.08 17:26:14.783,1.75335,1.7539,2.40,3.20
2010.06.08 17:26:15.065,1.75345,1.75405,2.40,2.30
2010.06.08 17:26:15.673,1.75345,1.7541,8.20,2.30
2010.06.08 17:26:16.022,1.7535,1.7541,1.30,2.80
2010.06.08 17:26:16.670,1.75355,1.7541,1.80,2.30
2010.06.08 17:26:17.318,1.7535,1.7541,1.30,2.80
2010.06.08 17:26:18.657,1.7535,1.7541,2.60,2.30
2010.06.08 17:26:19.181,1.7534,1.754,2.90,3.30
2010.06.08 17:26:19.805,1.7534,1.75395,2.40,1.00
2010.06.08 17:26:20.149,1.75335,1.75385,1.00,1.00
2010.06.08 17:26:20.487,1.7533,1.75385,1.00,1.00
2010.06.08 17:26:21.296,1.7535,1.75395,1.70,1.00
2010.06.08 17:26:21.641,1.75365,1.75415,1.00,1.00
2010.06.08 17:26:22.291,1.7537,1.7541,1.00,1.60
2010.06.08 17:26:22.598,1.75345,1.75405,1.00,2.30
2010.06.08 17:26:22.895,1.7534,1.75405,5.00,2.30
2010.06.08 17:26:23.592,1.7534,1.75405,2.60,2.30
2010.06.08 17:26:23.945,1.75355,1.75405,1.00,2.30
2010.06.08 17:26:24.120,1.7535,1.75405,1.30,2.30
2010.06.08 17:26:24.302,1.7535,1.754,4.80,1.00
2010.06.08 17:26:25.057,1.7533,1.754,2.40,4.70
2010.06.08 17:26:25.576,1.7533,1.754,2.40,5.20
2010.06.08 17:26:26.402,1.75335,1.754,1.00,4.70
2010.06.08 17:26:26.742,1.75335,1.754,1.00,2.30
2010.06.08 17:26:27.102,1.7533,1.754,2.90,2.80
2010.06.08 17:26:27.716,1.7533,1.754,6.60,2.30
2010.06.08 17:26:27.970,1.7533,1.754,9.00,2.30
2010.06.08 17:26:28.569,1.7533,1.754,7.70,2.30
2010.06.08 17:26:28.911,1.7533,1.7539,7.70,1.00
2010.06.08 17:26:29.498,1.7533,1.7539,1.60,1.20
2010.06.08 17:26:29.817,1.75325,1.75385,1.10,1.60
2010.06.08 17:26:29.992,1.75325,1.7538,1.00,1.00
2010.06.08 17:26:30.159,1.75325,1.7538,1.10,1.00
2010.06.08 17:26:31.182,1.75325,1.75375,1.00,2.30
2010.06.08 17:26:32.519,1.7533,1.7539,2.80,1.00
2010.06.08 17:26:32.859,1.75325,1.7539,1.10,1.00
2010.06.08 17:26:34.040,1.75325,1.75375,1.00,1.00
2010.06.08 17:26:34.545,1.7531,1.75375,2.60,2.30
2010.06.08 17:26:34.868,1.7531,1.75375,4.20,2.30
2010.06.08 17:26:35.202,1.75325,1.7538,1.00,1.00
2010.06.08 17:26:38.028,1.75315,1.7537,1.00,2.30
2010.06.08 17:26:39.730,1.7531,1.75365,1.00,2.30
2010.06.08 17:26:42.161,1.753,1.7536,1.60,2.30
2010.06.08 17:26:42.279,1.7531,1.7536,1.00,2.30
2010.06.08 17:26:42.400,1.7531,1.7536,1.00,1.60
2010.06.08 17:26:43.078,1.753,1.75365,1.00,2.70
2010.06.08 17:26:43.416,1.753,1.7536,1.00,2.30
2010.06.08 17:26:45.050,1.753,1.75355,1.00,1.60
2010.06.08 17:26:45.172,1.75285,1.7535,2.80,1.00
2010.06.08 17:26:45.288,1.75285,1.7535,2.90,1.00
2010.06.08 17:26:45.408,1.75285,1.7535,7.70,1.00
2010.06.08 17:26:45.789,1.75285,1.7535,7.20,1.00
2010.06.08 17:26:46.133,1.7528,1.75345,1.30,2.30
2010.06.08 17:26:47.841,1.7529,1.75345,1.00,1.60
2010.06.08 17:26:48.080,1.7529,1.7535,1.00,1.00
2010.06.08 17:26:50.829,1.75285,1.75345,2.40,1.00
2010.06.08 17:26:51.039,1.7528,1.75345,2.90,1.10
2010.06.08 17:26:52.028,1.7528,1.75345,2.90,1.00
2010.06.08 17:26:52.327,1.7528,1.75345,2.40,3.60
2010.06.08 17:26:52.629,1.7528,1.75345,2.90,1.00
2010.06.08 17:26:53.283,1.7528,1.75345,2.40,3.60
2010.06.08 17:26:53.849,1.7527,1.7533,1.00,2.30
2010.06.08 17:26:54.129,1.7527,1.7533,1.00,2.80
2010.06.08 17:26:54.378,1.75265,1.7533,1.00,3.60
2010.06.08 17:26:55.460,1.75265,1.7533,1.00,2.80
2010.06.08 17:26:56.037,1.7526,1.75325,1.30,2.30
2010.06.08 17:26:56.287,1.7526,1.75325,1.00,3.90
2010.06.08 17:26:56.468,1.7525,1.75315,2.40,2.70
2010.06.08 17:26:57.139,1.7526,1.75315,1.00,2.30
2010.06.08 17:26:57.837,1.7526,1.7532,1.00,2.30
2010.06.08 17:26:58.178,1.7527,1.7532,1.00,2.30
2010.06.08 17:26:58.520,1.7526,1.7532,1.00,2.30
2010.06.08 17:27:00.695,1.7525,1.75315,6.10,1.00
2010.06.08 17:27:00.873,1.75255,1.7532,1.00,2.70
2010.06.08 17:27:01.049,1.75255,1.7532,2.90,2.70
2010.06.08 17:27:01.221,1.75255,1.7532,2.90,1.00
2010.06.08 17:27:01.732,1.75265,1.75325,1.00,2.30
2010.06.08 17:27:01.906,1.75275,1.75345,2.90,2.70
2010.06.08 17:27:02.248,1.7528,1.75345,2.40,2.70
2010.06.08 17:27:03.148,1.75285,1.75345,1.60,1.10
2010.06.08 17:27:03.508,1.75285,1.7535,2.90,1.00
2010.06.08 17:27:05.098,1.75285,1.75345,1.00,1.00
2010.06.08 17:27:05.608,1.75275,1.7534,1.30,2.10
2010.06.08 17:27:05.868,1.75275,1.7534,1.30,2.30
2010.06.08 17:27:06.476,1.75275,1.75335,1.00,1.00
2010.06.08 17:27:06.784,1.75275,1.7534,1.30,2.30
2010.06.08 17:27:08.178,1.75275,1.7533,1.00,1.00
2010.06.08 17:27:08.378,1.75265,1.7532,2.50,1.00
2010.06.08 17:27:08.906,1.75265,1.7532,2.40,1.00
2010.06.08 17:27:10.709,1.75265,1.7533,2.40,1.00
2010.06.08 17:27:10.948,1.7526,1.7532,2.50,1.00
2010.06.08 17:27:11.187,1.7526,1.7532,2.40,1.00
2010.06.08 17:27:11.895,1.7526,1.7532,2.80,1.00
2010.06.08 17:27:12.241,1.7527,1.7533,1.00,2.00
2010.06.08 17:27:12.577,1.7527,1.7533,1.00,1.00
2010.06.08 17:27:14.954,1.7527,1.7533,2.10,1.00
2010.06.08 17:27:15.264,1.7529,1.7535,1.00,3.40
2010.06.08 17:27:15.570,1.7529,1.7535,1.00,2.30
2010.06.08 17:27:16.209,1.7529,1.75355,2.90,1.20
2010.06.08 17:27:17.118,1.7529,1.75345,2.40,1.00
2010.06.08 17:27:17.348,1.75285,1.7534,1.00,5.30
2010.06.08 17:27:17.890,1.75265,1.7533,2.40,1.00
2010.06.08 17:27:18.230,1.75255,1.7532,7.20,1.00
2010.06.08 17:27:18.844,1.7526,1.7532,5.20,1.00
2010.06.08 17:27:19.215,1.7527,1.75335,4.80,2.30
2010.06.08 17:27:19.532,1.75285,1.7533,1.00,1.00
2010.06.08 17:27:20.192,1.7525,1.75315,2.30,1.00
2010.06.08 17:27:20.528,1.75265,1.7534,1.00,1.80
2010.06.08 17:27:21.279,1.75265,1.7533,1.00,1.00
2010.06.08 17:27:21.634,1.7524,1.75285,1.00,1.60
2010.06.08 17:27:21.963,1.75225,1.75295,2.00,1.00
2010.06.08 17:27:22.650,1.75225,1.75295,1.80,1.00
2010.06.08 17:27:22.993,1.75185,1.75235,3.20,1.00
2010.06.08 17:27:23.343,1.752,1.7523,1.00,1.30
2010.06.08 17:27:23.973,1.752,1.75265,1.00,1.00
2010.06.08 17:27:25.952,1.752,1.75255,1.00,1.00
2010.06.08 17:27:26.652,1.7519,1.75245,1.00,1.00
2010.06.08 17:27:26.930,1.75185,1.75245,1.00,1.00
2010.06.08 17:27:27.564,1.752,1.75255,1.00,1.00
2010.06.08 17:27:29.427,1.7519,1.7525,4.20,1.00
2010.06.08 17:27:29.666,1.7519,1.7525,1.00,1.00
2010.06.08 17:27:30.397,1.75185,1.75245,1.20,1.00
2010.06.08 17:27:31.268,1.75185,1.75245,1.20,1.00
2010.06.08 17:27:31.406,1.75185,1.75245,1.20,1.00
2010.06.08 17:27:31.972,1.7519,1.75255,1.00,1.00
2010.06.08 17:27:32.312,1.7519,1.7525,1.00,3.70
2010.06.08 17:27:33.028,1.7516,1.75205,1.60,1.00
2010.06.08 17:27:33.373,1.7514,1.75205,1.10,1.00
2010.06.08 17:27:34.725,1.7514,1.75185,1.00,1.30
2010.06.08 17:27:35.021,1.7512,1.7518,4.80,1.00
2010.06.08 17:27:35.357,1.7512,1.7518,1.00,1.00
2010.06.08 17:27:35.970,1.75125,1.75195,1.30,1.00
2010.06.08 17:27:36.311,1.7515,1.75225,5.60,1.00
2010.06.08 17:27:36.544,1.7515,1.75215,4.80,1.30
2010.06.08 17:27:37.123,1.75145,1.7521,1.00,1.00
2010.06.08 17:27:37.350,1.7512,1.75185,3.70,1.00
2010.06.08 17:27:37.690,1.7512,1.7519,1.00,1.70
2010.06.08 17:27:38.423,1.75115,1.7519,2.80,1.70
2010.06.08 17:27:38.755,1.7513,1.75195,1.00,2.80
2010.06.08 17:27:39.084,1.75115,1.7519,2.80,1.70
2010.06.08 17:27:40.617,1.7512,1.7519,2.00,1.00
2010.06.08 17:27:40.808,1.7512,1.7519,2.00,1.00
2010.06.08 17:27:41.859,1.75115,1.7518,2.80,1.00
2010.06.08 17:27:42.150,1.75135,1.752,2.00,2.30
2010.06.08 17:27:42.423,1.7513,1.752,1.00,5.20
2010.06.08 17:27:43.375,1.75115,1.7518,1.40,2.40
2010.06.08 17:27:43.929,1.75115,1.75185,1.40,2.40
2010.06.08 17:27:44.140,1.7512,1.7519,1.20,2.40
2010.06.08 17:27:44.348,1.7512,1.75195,6.00,1.00
2010.06.08 17:27:45.927,1.75135,1.75205,1.00,3.20
2010.06.08 17:27:46.267,1.75135,1.75205,1.00,2.40
2010.06.08 17:27:46.332,1.75135,1.75205,1.00,1.00
2010.06.08 17:27:46.390,1.75135,1.75205,1.00,1.00
2010.06.08 17:27:48.590,1.75135,1.75205,1.00,1.00
2010.06.08 17:27:48.991,1.7514,1.75205,1.00,1.00
2010.06.08 17:27:49.162,1.7514,1.752,1.00,1.00
2010.06.08 17:27:49.328,1.75135,1.752,1.00,1.00
2010.06.08 17:27:49.835,1.75135,1.752,1.00,1.00
2010.06.08 17:27:50.048,1.7514,1.75205,1.30,3.70
2010.06.08 17:27:50.250,1.7514,1.7521,1.30,1.00
2010.06.08 17:27:50.448,1.7514,1.7521,1.30,2.80
2010.06.08 17:27:50.990,1.75145,1.75215,1.00,4.80
2010.06.08 17:27:51.336,1.7513,1.7521,7.20,1.00
2010.06.08 17:27:53.048,1.7513,1.7521,7.30,1.00
2010.06.08 17:27:55.082,1.75135,1.7521,1.00,1.00
2010.06.08 17:27:55.597,1.7514,1.75215,2.80,2.40
2010.06.08 17:27:55.698,1.7514,1.7522,5.20,2.70
2010.06.08 17:27:56.417,1.75145,1.7522,2.40,1.00
2010.06.08 17:27:56.656,1.7514,1.7522,5.20,1.00
2010.06.08 17:27:56.886,1.7514,1.7522,5.40,1.00
2010.06.08 17:27:57.398,1.7515,1.7522,1.00,1.00
2010.06.08 17:27:57.528,1.7515,1.75225,1.00,3.70
2010.06.08 17:27:57.659,1.7515,1.75225,1.00,2.30
2010.06.08 17:27:58.165,1.75145,1.75225,4.80,2.30
2010.06.08 17:27:58.488,1.75145,1.7522,2.50,2.40
2010.06.08 17:27:58.819,1.75145,1.7522,1.00,3.20
2010.06.08 17:27:59.147,1.75145,1.7522,1.00,1.00
2010.06.08 17:27:59.731,1.7514,1.7519,2.40,1.00
2010.06.08 17:27:59.970,1.7513,1.7519,1.00,1.00
2010.06.08 17:28:00.566,1.75135,1.75195,1.00,1.00
2010.06.08 17:28:00.810,1.75155,1.7522,1.00,1.00
2010.06.08 17:28:01.147,1.75155,1.75225,1.00,1.20
2010.06.08 17:28:02.296,1.75155,1.75225,1.00,1.40
2010.06.08 17:28:02.652,1.7515,1.75215,1.00,1.00
2010.06.08 17:28:02.834,1.75165,1.75225,1.00,1.00
2010.06.08 17:28:03.014,1.75165,1.75225,1.00,1.00
2010.06.08 17:28:04.749,1.7515,1.7522,1.80,1.00
2010.06.08 17:28:06.317,1.75165,1.75225,1.00,2.40
2010.06.08 17:28:06.418,1.75165,1.75225,1.00,1.00
2010.06.08 17:28:06.519,1.75175,1.75225,1.00,1.00
2010.06.08 17:28:06.708,1.7517,1.75225,1.30,1.00
2010.06.08 17:28:07.441,1.75135,1.75195,4.00,1.00
2010.06.08 17:28:07.779,1.7513,1.75195,1.00,6.50
2010.06.08 17:28:08.118,1.7513,1.7519,1.00,1.00
2010.06.08 17:28:08.809,1.7512,1.7518,1.00,1.00
2010.06.08 17:28:09.487,1.7512,1.7518,1.00,1.00
2010.06.08 17:28:09.913,1.75125,1.75185,1.00,1.00
2010.06.08 17:28:10.100,1.7512,1.7516,2.40,1.00
2010.06.08 17:28:10.273,1.751,1.7516,1.00,1.00
2010.06.08 17:28:10.931,1.751,1.75155,1.00,1.00
2010.06.08 17:28:11.282,1.7509,1.7515,1.00,1.00
2010.06.08 17:28:11.748,1.751,1.7516,1.00,2.10
2010.06.08 17:28:11.978,1.751,1.7516,1.00,1.00
2010.06.08 17:28:12.437,1.751,1.7516,1.00,1.00
2010.06.08 17:28:13.338,1.751,1.7516,1.00,3.00
2010.06.08 17:28:13.549,1.751,1.75155,1.00,1.00
2010.06.08 17:28:13.758,1.751,1.7516,1.00,1.00
2010.06.08 17:28:13.968,1.751,1.75155,1.00,1.00
2010.06.08 17:28:14.177,1.751,1.75155,1.00,1.00
2010.06.08 17:28:14.387,1.751,1.7516,1.00,1.00
2010.06.08 17:28:14.567,1.751,1.7516,1.00,1.00
2010.06.08 17:28:14.917,1.7511,1.7516,1.00,1.00
2010.06.08 17:28:15.441,1.75115,1.7516,1.00,1.00
2010.06.08 17:28:15.668,1.75115,1.7516,1.00,1.00
2010.06.08 17:28:15.898,1.75115,1.7518,1.00,1.00
2010.06.08 17:28:16.128,1.75115,1.7518,1.00,1.00
2010.06.08 17:28:17.698,1.75115,1.7518,1.00,1.00
2010.06.08 17:28:17.797,1.75115,1.7518,1.00,1.00
2010.06.08 17:28:18.098,1.75115,1.75175,1.00,1.00
2010.06.08 17:28:18.197,1.7512,1.75175,1.00,1.00
2010.06.08 17:28:18.299,1.75115,1.75175,1.00,1.00
2010.06.08 17:28:18.687,1.7512,1.7518,1.00,1.70
2010.06.08 17:28:19.031,1.7512,1.7518,1.00,1.00
2010.06.08 17:28:20.851,1.7512,1.7518,1.00,1.00
2010.06.08 17:28:21.170,1.7512,1.7518,1.00,1.00
2010.06.08 17:28:22.642,1.75115,1.7518,1.00,1.00
2010.06.08 17:28:22.857,1.75115,1.7518,1.00,5.20
2010.06.08 17:28:23.078,1.75115,1.7518,1.00,1.00
2010.06.08 17:28:24.487,1.75115,1.7518,1.00,5.20
2010.06.08 17:28:24.998,1.75115,1.7518,1.00,1.00
2010.06.08 17:28:25.050,1.75115,1.7518,1.00,1.00
2010.06.08 17:28:25.151,1.75115,1.7518,1.00,2.80
2010.06.08 17:28:25.197,1.75115,1.7518,1.00,5.20
2010.06.08 17:28:25.264,1.75115,1.7518,1.00,5.20
2010.06.08 17:28:25.369,1.75115,1.7518,1.00,5.20
2010.06.08 17:28:25.753,1.75135,1.75175,1.00,1.30
2010.06.08 17:28:25.815,1.75135,1.7519,1.00,1.00
2010.06.08 17:28:25.869,1.75135,1.7519,1.00,2.00
2010.06.08 17:28:25.981,1.75115,1.7519,2.00,4.80
2010.06.08 17:28:26.707,1.7512,1.7519,1.00,1.00
2010.06.08 17:28:27.056,1.75115,1.75185,1.00,1.00
2010.06.08 17:28:28.323,1.7514,1.75205,1.80,1.60
2010.06.08 17:28:28.601,1.75155,1.7522,1.80,1.00
2010.06.08 17:28:29.071,1.7516,1.75225,1.00,1.00
2010.06.08 17:28:29.409,1.7516,1.7523,1.00,1.00
2010.06.08 17:28:29.747,1.7516,1.7523,1.00,1.00
2010.06.08 17:28:30.087,1.75165,1.75235,1.00,4.10
2010.06.08 17:28:30.801,1.7517,1.75235,2.40,2.30
2010.06.08 17:28:31.140,1.75175,1.7524,1.30,3.10
2010.06.08 17:28:31.387,1.75175,1.7524,1.00,3.10
2010.06.08 17:28:31.770,1.75165,1.7524,4.40,3.10
2010.06.08 17:28:32.018,1.7517,1.7524,2.40,3.10
2010.06.08 17:28:34.708,1.75185,1.7524,1.00,3.10
2010.06.08 17:28:34.768,1.75185,1.7524,1.00,1.60
2010.06.08 17:28:34.826,1.75185,1.7526,1.00,3.00
2010.06.08 17:28:35.049,1.75185,1.7526,1.00,2.80
2010.06.08 17:28:35.107,1.7519,1.7526,1.00,2.30
2010.06.08 17:28:35.166,1.7519,1.7526,1.00,1.60
2010.06.08 17:28:35.217,1.7519,1.75265,1.00,8.90
2010.06.08 17:28:35.316,1.7519,1.75265,1.00,7.50
2010.06.08 17:28:35.978,1.7519,1.75265,1.00,8.90
2010.06.08 17:28:36.319,1.75185,1.7526,1.00,1.00
2010.06.08 17:28:36.837,1.75185,1.7526,1.40,1.00
2010.06.08 17:28:37.000,1.7519,1.75265,5.20,2.30
2010.06.08 17:28:37.158,1.7519,1.7527,5.20,1.00
2010.06.08 17:28:37.830,1.752,1.7527,4.80,1.00
2010.06.08 17:28:38.152,1.7519,1.7527,5.20,1.00
2010.06.08 17:28:38.469,1.7519,1.75265,2.80,3.70
2010.06.08 17:28:38.789,1.7519,1.7526,1.00,1.00
2010.06.08 17:28:43.157,1.7519,1.75255,1.00,1.00
2010.06.08 17:28:43.357,1.7519,1.7526,1.00,1.00
2010.06.08 17:28:43.878,1.75195,1.75265,1.00,5.20
2010.06.08 17:28:44.393,1.75195,1.75265,2.80,2.80
2010.06.08 17:28:44.711,1.75195,1.75265,1.00,1.00
2010.06.08 17:28:46.926,1.75195,1.75265,2.80,1.80
2010.06.08 17:28:47.097,1.75195,1.7526,1.00,1.00
2010.06.08 17:28:47.996,1.7519,1.7525,1.00,1.00
2010.06.08 17:28:48.212,1.75195,1.7525,1.00,1.00
2010.06.08 17:28:48.638,1.7519,1.7525,1.00,1.00
2010.06.08 17:28:48.858,1.7519,1.7525,1.00,1.00
2010.06.08 17:28:49.078,1.7518,1.7525,9.30,1.00
2010.06.08 17:28:49.468,1.7518,1.7525,9.40,1.00
2010.06.08 17:28:49.818,1.7519,1.75265,2.50,4.90
2010.06.08 17:28:50.164,1.7519,1.75265,5.30,1.70
2010.06.08 17:28:50.748,1.75215,1.75265,2.40,1.70
2010.06.08 17:28:51.252,1.75215,1.7528,2.40,1.10
2010.06.08 17:28:51.480,1.75215,1.75295,5.20,5.00
2010.06.08 17:28:51.709,1.7522,1.7529,1.00,1.30
2010.06.08 17:28:51.938,1.7522,1.75285,1.00,2.10
2010.06.08 17:28:52.872,1.7521,1.75275,1.00,1.00
2010.06.08 17:28:55.539,1.75205,1.75265,1.00,1.00
2010.06.08 17:28:56.808,1.7519,1.7525,6.80,1.00
2010.06.08 17:28:57.394,1.7519,1.7525,3.50,1.00
2010.06.08 17:28:57.645,1.7519,1.7525,1.20,1.00
2010.06.08 17:28:58.199,1.7519,1.7525,1.00,1.00
2010.06.08 17:29:00.299,1.75205,1.7526,1.00,2.80
2010.06.08 17:29:00.519,1.75205,1.7526,1.00,1.00
2010.06.08 17:29:00.739,1.752,1.7527,1.00,1.00
2010.06.08 17:29:01.968,1.75205,1.7527,1.30,1.00
2010.06.08 17:29:02.158,1.75215,1.75275,1.00,1.00
2010.06.08 17:29:06.195,1.75205,1.75275,1.00,1.00
2010.06.08 17:29:06.500,1.75205,1.75275,1.00,1.00
2010.06.08 17:29:07.863,1.75205,1.75275,1.00,1.80
2010.06.08 17:29:08.101,1.75215,1.75275,1.00,1.00
2010.06.08 17:29:10.101,1.7521,1.7527,1.00,1.00
2010.06.08 17:29:10.220,1.752,1.7526,3.70,1.00
2010.06.08 17:29:10.338,1.75195,1.7526,2.40,1.00
2010.06.08 17:29:10.458,1.7519,1.7525,1.00,1.00
2010.06.08 17:29:10.687,1.75195,1.7525,1.00,1.00
2010.06.08 17:29:11.393,1.75205,1.7526,1.00,5.20
2010.06.08 17:29:11.728,1.75195,1.7526,1.00,1.00
2010.06.08 17:29:13.548,1.75195,1.7526,1.00,1.00
2010.06.08 17:29:15.007,1.75195,1.7526,1.00,1.00
2010.06.08 17:29:17.587,1.75195,1.7526,1.00,1.00
2010.06.08 17:29:21.148,1.7519,1.75255,1.40,1.10
2010.06.08 17:29:21.276,1.7519,1.75255,1.20,1.10
2010.06.08 17:29:21.406,1.7519,1.7525,1.20,1.00
2010.06.08 17:29:21.565,1.7519,1.7525,1.00,1.00
2010.06.08 17:29:22.022,1.7519,1.7525,1.00,1.70
2010.06.08 17:29:22.360,1.75185,1.75245,1.00,1.00
2010.06.08 17:29:22.700,1.7519,1.75245,1.00,1.00
2010.06.08 17:29:33.126,1.75185,1.75245,1.00,1.00
2010.06.08 17:29:36.191,1.7518,1.7524,1.00,1.00
2010.06.08 17:29:36.870,1.7519,1.7525,1.00,1.00
2010.06.08 17:29:37.242,1.75205,1.75255,1.00,3.70
2010.06.08 17:29:37.467,1.752,1.75255,1.00,1.00
2010.06.08 17:29:37.680,1.752,1.75255,1.70,1.00
2010.06.08 17:29:38.356,1.75205,1.75265,1.00,1.00
2010.06.08 17:29:39.548,1.75215,1.75275,1.00,1.00
2010.06.08 17:29:39.678,1.7521,1.75265,1.30,1.00
2010.06.08 17:29:39.808,1.75205,1.75265,1.00,1.00
2010.06.08 17:29:40.390,1.752,1.7526,1.00,2.80
2010.06.08 17:29:40.633,1.75195,1.7526,1.00,2.80
2010.06.08 17:29:40.870,1.7519,1.7526,1.00,2.70
2010.06.08 17:29:41.109,1.75195,1.7525,1.00,1.70
2010.06.08 17:29:42.447,1.75205,1.75255,1.00,2.40
2010.06.08 17:29:42.803,1.75205,1.7526,1.00,5.10
2010.06.08 17:29:42.993,1.75195,1.7526,1.00,2.70
2010.06.08 17:29:43.179,1.7519,1.7526,1.20,2.70
2010.06.08 17:29:43.622,1.7519,1.7525,1.00,1.00
2010.06.08 17:29:43.879,1.75195,1.7526,1.00,1.00
2010.06.08 17:29:49.770,1.7519,1.7526,1.00,1.00
2010.06.08 17:29:50.269,1.75235,1.7527,1.00,3.20
2010.06.08 17:29:50.619,1.75235,1.7527,1.00,1.60
2010.06.08 17:29:50.731,1.75225,1.7529,1.00,1.00
2010.06.08 17:29:50.948,1.75225,1.7529,1.00,1.00
2010.06.08 17:29:53.818,1.75225,1.7528,1.00,1.00
2010.06.08 17:29:54.068,1.75235,1.753,1.00,3.00
2010.06.08 17:29:54.197,1.75235,1.753,1.00,2.20
2010.06.08 17:29:54.318,1.75235,1.753,1.00,1.00
2010.06.08 17:29:54.446,1.7523,1.7529,3.70,1.00
2010.06.08 17:29:54.812,1.7523,1.7529,1.30,1.00
2010.06.08 17:29:55.000,1.75225,1.7529,1.00,1.00
2010.06.08 17:30:00.507,1.75225,1.7529,1.00,1.00
2010.06.08 17:30:01.023,1.75225,1.75285,1.00,2.40
2010.06.08 17:30:01.238,1.75215,1.75275,1.00,1.00
2010.06.08 17:30:02.465,1.75215,1.75275,1.00,1.80
2010.06.08 17:30:02.813,1.75215,1.7527,1.00,1.30
2010.06.08 17:30:03.160,1.7521,1.75265,1.00,1.00
2010.06.08 17:30:03.399,1.7523,1.75265,2.40,1.00
2010.06.08 17:30:03.639,1.75245,1.75295,1.00,2.30
2010.06.08 17:30:04.035,1.75245,1.7528,1.00,1.00
2010.06.08 17:30:04.276,1.75215,1.75265,1.30,1.00
2010.06.08 17:30:04.910,1.75215,1.75265,1.00,1.00
2010.06.08 17:30:05.529,1.75215,1.75275,1.20,1.00
2010.06.08 17:30:05.872,1.7521,1.75265,1.00,1.00
2010.06.08 17:30:06.594,1.7522,1.75285,1.00,5.10
2010.06.08 17:30:06.902,1.7522,1.75285,1.00,2.70
2010.06.08 17:30:07.790,1.75225,1.75285,2.40,2.00
2010.06.08 17:30:08.413,1.75235,1.75295,1.00,1.00
2010.06.08 17:30:09.102,1.75235,1.7529,1.00,1.00
2010.06.08 17:30:09.302,1.75235,1.7529,1.00,1.70
2010.06.08 17:30:09.680,1.75235,1.7529,1.00,1.00
2010.06.08 17:30:10.019,1.75225,1.7529,1.00,1.00
2010.06.08 17:30:10.358,1.75225,1.7529,1.00,1.00
2010.06.08 17:30:10.698,1.7522,1.75285,1.00,1.70
2010.06.08 17:30:11.723,1.7522,1.75275,1.00,1.00
2010.06.08 17:30:12.088,1.7522,1.7528,1.00,1.30
2010.06.08 17:30:12.268,1.7522,1.75285,1.00,4.20
2010.06.08 17:30:13.074,1.7522,1.75285,1.20,1.80
2010.06.08 17:30:14.328,1.75225,1.75285,3.00,1.80
2010.06.08 17:30:14.673,1.7523,1.75295,1.00,2.80
2010.06.08 17:30:15.020,1.75225,1.75285,1.00,1.00
2010.06.08 17:30:17.139,1.7523,1.7529,1.00,2.80
2010.06.08 17:30:17.606,1.7523,1.7529,1.00,3.70
2010.06.08 17:30:17.954,1.7522,1.75265,1.00,1.00
2010.06.08 17:30:18.302,1.7522,1.7527,1.00,3.70
2010.06.08 17:30:18.914,1.7522,1.7527,1.00,2.40
2010.06.08 17:30:19.780,1.75205,1.7526,1.00,2.40
2010.06.08 17:30:20.118,1.75205,1.7527,1.00,2.40
2010.06.08 17:30:21.120,1.75225,1.75285,1.80,2.90
2010.06.08 17:30:21.298,1.75225,1.75285,1.80,2.70
2010.06.08 17:30:21.479,1.75235,1.75285,1.30,1.00
2010.06.08 17:30:21.660,1.75235,1.75285,1.70,1.00
2010.06.08 17:30:22.187,1.75225,1.7529,2.00,1.00
2010.06.08 17:30:22.560,1.7525,1.75305,1.00,1.60
2010.06.08 17:30:22.903,1.75245,1.753,1.00,4.10
2010.06.08 17:30:23.420,1.7523,1.7529,1.00,1.00
2010.06.08 17:30:23.740,1.7525,1.75305,1.00,1.00
2010.06.08 17:30:24.058,1.75255,1.75305,1.00,1.00
2010.06.08 17:30:25.351,1.7525,1.75305,1.00,1.00
2010.06.08 17:30:28.051,1.7524,1.753,1.00,1.00
2010.06.08 17:30:28.138,1.75235,1.75305,1.00,1.10
2010.06.08 17:30:28.228,1.75235,1.75305,3.10,1.10
2010.06.08 17:30:28.321,1.75235,1.75305,3.10,2.50
2010.06.08 17:30:28.710,1.75235,1.753,3.10,2.30
2010.06.08 17:30:29.056,1.75235,1.75285,1.00,1.00
2010.06.08 17:30:29.741,1.75225,1.75285,1.00,1.00
2010.06.08 17:30:30.530,1.75225,1.75285,1.00,1.00
2010.06.08 17:30:31.180,1.7522,1.7527,2.40,1.00
2010.06.08 17:30:31.741,1.7521,1.7527,2.40,1.00
2010.06.08 17:30:31.990,1.75215,1.7528,1.00,1.00
2010.06.08 17:30:32.838,1.75225,1.7528,1.00,1.00
2010.06.08 17:30:33.483,1.7522,1.7528,1.00,1.00
2010.06.08 17:30:33.834,1.75235,1.75285,1.00,1.00
2010.06.08 17:30:34.180,1.75225,1.75285,1.00,1.00
2010.06.08 17:30:35.277,1.75225,1.75285,1.00,1.00
2010.06.08 17:30:35.519,1.75225,1.75285,1.00,1.00
2010.06.08 17:30:35.770,1.75225,1.75285,1.00,1.00
2010.06.08 17:30:36.198,1.7523,1.75285,1.00,1.00
2010.06.08 17:30:36.437,1.7523,1.75285,1.00,1.00
2010.06.08 17:30:38.107,1.75225,1.75285,1.00,1.00
2010.06.08 17:30:38.309,1.7521,1.7526,2.40,1.00
2010.06.08 17:30:38.508,1.75225,1.7528,1.00,4.40
2010.06.08 17:30:38.699,1.75225,1.7528,1.00,1.00
2010.06.08 17:30:38.887,1.7522,1.75275,2.40,1.00
2010.06.08 17:30:39.238,1.75215,1.75275,3.20,1.00
2010.06.08 17:30:39.430,1.7522,1.75275,1.00,1.00
2010.06.08 17:30:39.741,1.75225,1.75275,1.00,1.00
2010.06.08 17:30:41.067,1.7522,1.75275,1.00,1.00
2010.06.08 17:30:41.547,1.75225,1.75275,1.00,1.00
2010.06.08 17:30:41.656,1.75225,1.7528,1.00,1.00
2010.06.08 17:30:43.508,1.7523,1.7528,2.40,1.00
2010.06.08 17:30:43.770,1.75235,1.7528,1.00,1.00
2010.06.08 17:30:44.142,1.75235,1.7528,3.10,1.00
2010.06.08 17:30:46.967,1.75235,1.7528,3.20,1.00
2010.06.08 17:30:48.257,1.75235,1.7528,3.10,1.00
2010.06.08 17:30:48.368,1.75255,1.75285,1.00,1.00
2010.06.08 17:30:48.598,1.75255,1.75285,1.00,1.00
2010.06.08 17:30:49.074,1.75245,1.75285,1.30,1.00
2010.06.08 17:30:49.420,1.75235,1.75285,1.00,1.00
2010.06.08 17:30:49.761,1.7525,1.75285,1.00,1.00
2010.06.08 17:30:50.450,1.7525,1.75285,1.00,1.00
2010.06.08 17:30:51.742,1.7526,1.753,1.00,1.00
2010.06.08 17:30:53.569,1.7526,1.753,1.00,1.00
2010.06.08 17:30:53.910,1.75255,1.7531,1.00,1.00
2010.06.08 17:30:54.789,1.75255,1.7531,1.00,1.00
2010.06.08 17:30:55.322,1.75255,1.7531,1.00,1.00
2010.06.08 17:30:58.790,1.75255,1.7531,1.00,1.00
2010.06.08 17:30:59.146,1.7525,1.7529,1.00,1.00
2010.06.08 17:30:59.263,1.75245,1.7529,1.00,1.00
2010.06.08 17:30:59.381,1.7525,1.7529,1.00,1.00
2010.06.08 17:30:59.879,1.75255,1.75305,1.00,1.00
2010.06.08 17:31:00.923,1.75265,1.75305,1.00,1.00
2010.06.08 17:31:03.113,1.7527,1.75305,1.00,1.00
2010.06.08 17:31:03.371,1.75265,1.75305,1.00,1.00
2010.06.08 17:31:03.828,1.75265,1.75305,1.00,1.00
2010.06.08 17:31:04.788,1.7527,1.75305,1.00,1.00
2010.06.08 17:31:04.928,1.7527,1.75305,1.00,1.00
2010.06.08 17:31:05.067,1.7527,1.75315,1.00,1.00
2010.06.08 17:31:05.210,1.75275,1.75315,1.00,1.00
2010.06.08 17:31:05.932,1.7527,1.75315,1.00,1.00
2010.06.08 17:31:06.292,1.7529,1.7532,1.00,1.00
2010.06.08 17:31:06.632,1.7529,1.7532,1.00,1.00
2010.06.08 17:31:07.443,1.75285,1.7532,1.00,1.00
2010.06.08 17:31:07.675,1.75285,1.75315,1.00,1.00
2010.06.08 17:31:08.570,1.75285,1.75315,1.00,1.00
2010.06.08 17:31:08.883,1.75285,1.75315,1.00,1.00
2010.06.08 17:31:09.221,1.75285,1.75315,1.00,1.00
2010.06.08 17:31:10.201,1.75275,1.75315,1.00,1.00
2010.06.08 17:31:10.462,1.75275,1.75315,1.00,1.00
2010.06.08 17:31:11.898,1.75275,1.75315,1.00,1.00
2010.06.08 17:31:12.229,1.75275,1.75315,1.00,1.00
2010.06.08 17:31:12.560,1.75285,1.7532,1.00,1.00
2010.06.08 17:31:13.341,1.75275,1.75315,1.00,1.00
2010.06.08 17:31:15.386,1.75275,1.75325,1.00,1.00
2010.06.08 17:31:15.489,1.75285,1.75325,1.00,1.00
2010.06.08 17:31:16.305,1.75275,1.75325,3.00,1.00
2010.06.08 17:31:16.401,1.75275,1.75325,1.00,1.00
2010.06.08 17:31:17.478,1.75275,1.75325,1.00,1.00
2010.06.08 17:31:18.559,1.75275,1.75325,1.00,1.00
2010.06.08 17:31:18.818,1.7528,1.75325,1.00,1.00
2010.06.08 17:31:21.551,1.75285,1.75325,1.00,1.00
2010.06.08 17:31:21.860,1.7528,1.75325,1.00,1.00
2010.06.08 17:31:23.757,1.75275,1.75325,1.00,1.00
2010.06.08 17:31:23.998,1.7528,1.75325,1.00,1.00
2010.06.08 17:31:24.530,1.7528,1.7533,1.00,1.00
2010.06.08 17:31:24.772,1.75275,1.75335,1.00,1.00
2010.06.08 17:31:25.448,1.7528,1.75335,1.00,1.00
2010.06.08 17:31:25.838,1.75275,1.75335,1.00,1.00
2010.06.08 17:31:26.160,1.75275,1.75335,1.00,1.00
2010.06.08 17:31:26.481,1.75275,1.75335,1.00,1.00
2010.06.08 17:31:26.800,1.7528,1.7534,1.00,1.00
2010.06.08 17:31:27.468,1.7528,1.7534,1.00,1.00
2010.06.08 17:31:27.808,1.75265,1.75335,1.00,1.00
2010.06.08 17:31:29.377,1.75265,1.75335,1.00,1.00
2010.06.08 17:31:29.669,1.75265,1.75335,1.00,1.00
2010.06.08 17:31:29.918,1.75265,1.75335,1.00,1.00
2010.06.08 17:31:31.119,1.75265,1.75335,1.00,1.00
2010.06.08 17:31:32.008,1.75265,1.75335,1.00,1.00
2010.06.08 17:31:33.218,1.75265,1.75335,1.00,1.00
2010.06.08 17:31:33.563,1.75275,1.75335,1.00,1.00
2010.06.08 17:31:35.718,1.75265,1.75325,2.80,1.00
2010.06.08 17:31:36.341,1.75275,1.7533,1.00,1.00
2010.06.08 17:31:36.651,1.75285,1.7534,1.00,1.20
2010.06.08 17:31:36.939,1.75285,1.75335,1.00,1.00
2010.06.08 17:31:37.639,1.75285,1.7534,1.00,1.10
2010.06.08 17:31:38.651,1.75295,1.7534,1.00,1.00
2010.06.08 17:31:38.941,1.75285,1.75335,1.00,1.00
2010.06.08 17:31:39.231,1.75285,1.7534,1.00,1.00
2010.06.08 17:31:40.768,1.75285,1.7534,1.00,1.00
2010.06.08 17:31:40.998,1.7529,1.7534,1.00,1.00
2010.06.08 17:31:41.582,1.75295,1.7534,1.00,1.00
2010.06.08 17:31:41.921,1.753,1.7534,1.00,1.00
2010.06.08 17:31:42.259,1.753,1.7534,1.00,1.00
2010.06.08 17:31:42.600,1.75295,1.7534,1.00,1.00
2010.06.08 17:31:43.876,1.75285,1.7534,5.20,1.00
2010.06.08 17:31:44.101,1.75295,1.7534,1.00,1.00
2010.06.08 17:31:44.547,1.75285,1.7534,5.40,1.00
2010.06.08 17:31:44.917,1.7529,1.7534,1.00,1.00
2010.06.08 17:31:45.539,1.75285,1.7534,3.00,1.00
2010.06.08 17:31:45.850,1.75295,1.7534,1.00,1.00
2010.06.08 17:31:46.506,1.75285,1.7535,5.20,1.00
2010.06.08 17:31:46.850,1.7529,1.7535,1.00,1.00
2010.06.08 17:31:47.441,1.75285,1.7535,5.20,1.00
2010.06.08 17:31:48.479,1.75295,1.75355,1.00,2.30
2010.06.08 17:31:52.336,1.75295,1.7536,1.00,2.30
2010.06.08 17:31:55.197,1.75295,1.75355,1.00,1.00
2010.06.08 17:31:56.122,1.75285,1.75345,4.30,1.00
2010.06.08 17:31:56.304,1.75285,1.75345,1.00,1.00
2010.06.08 17:31:56.479,1.75285,1.7535,1.00,1.00
2010.06.08 17:31:56.841,1.75285,1.7535,1.00,1.00
2010.06.08 17:31:58.445,1.75295,1.75355,1.00,3.20
2010.06.08 17:31:58.610,1.75295,1.75355,1.00,1.60
2010.06.08 17:31:59.486,1.75295,1.7536,1.00,1.00
2010.06.08 17:32:00.149,1.75295,1.75345,1.00,1.30
2010.06.08 17:32:00.490,1.75285,1.75345,1.00,1.00
2010.06.08 17:32:00.990,1.7529,1.75345,1.30,1.00
2010.06.08 17:32:01.291,1.75285,1.7535,1.00,1.00
2010.06.08 17:32:01.987,1.75285,1.7535,1.00,1.00
2010.06.08 17:32:03.507,1.75285,1.7535,1.00,1.00
2010.06.08 17:32:03.831,1.7529,1.7535,1.00,1.00
2010.06.08 17:32:04.077,1.75285,1.7535,1.00,1.00
2010.06.08 17:32:04.826,1.7529,1.7535,1.00,1.00
2010.06.08 17:32:05.519,1.75285,1.7535,1.00,1.00
2010.06.08 17:32:06.418,1.7529,1.7535,1.00,1.00
2010.06.08 17:32:07.228,1.7528,1.7533,1.30,1.00
2010.06.08 17:32:07.472,1.75285,1.75335,1.00,2.40
2010.06.08 17:32:07.708,1.753,1.7534,1.00,2.40
2010.06.08 17:32:08.097,1.753,1.7535,1.00,1.30
2010.06.08 17:32:08.443,1.753,1.7536,1.00,1.00
2010.06.08 17:32:08.793,1.7529,1.7536,5.30,1.00
2010.06.08 17:32:09.482,1.75295,1.7536,1.00,1.00
2010.06.08 17:32:09.833,1.75295,1.7536,2.50,1.00
2010.06.08 17:32:10.178,1.753,1.7536,1.00,1.00
2010.06.08 17:32:11.939,1.75295,1.75345,1.00,1.30
2010.06.08 17:32:12.169,1.7529,1.75355,1.00,1.60
2010.06.08 17:32:12.398,1.7529,1.7536,1.00,1.00
2010.06.08 17:32:12.627,1.7529,1.7536,5.40,1.00
2010.06.08 17:32:12.857,1.75295,1.7536,1.00,1.00
2010.06.08 17:32:13.429,1.75295,1.7536,1.00,1.00
2010.06.08 17:32:13.982,1.753,1.7536,1.00,1.00
2010.06.08 17:32:14.248,1.75295,1.7536,1.00,1.00
2010.06.08 17:32:16.241,1.7529,1.7536,5.20,3.10
2010.06.08 17:32:16.438,1.75285,1.75335,2.40,1.00
2010.06.08 17:32:16.660,1.75275,1.75335,2.10,1.00
2010.06.08 17:32:16.878,1.75285,1.75345,1.00,1.00
2010.06.08 17:32:17.801,1.75285,1.75345,1.00,1.00
2010.06.08 17:32:18.143,1.75285,1.75345,1.00,1.00
2010.06.08 17:32:19.509,1.75295,1.75345,1.00,1.00
2010.06.08 17:32:19.741,1.75285,1.75345,1.00,1.00
2010.06.08 17:32:20.207,1.75305,1.75365,1.00,7.10
2010.06.08 17:32:20.442,1.75295,1.7536,1.00,1.00
2010.06.08 17:32:21.008,1.7529,1.7536,6.70,1.00
2010.06.08 17:32:21.348,1.7529,1.7536,4.40,1.00
2010.06.08 17:32:22.652,1.7529,1.75355,4.60,1.00
2010.06.08 17:32:22.796,1.7529,1.75355,3.20,1.70
2010.06.08 17:32:23.425,1.7529,1.75355,3.10,1.70
2010.06.08 17:32:23.723,1.75295,1.7536,1.00,2.80
2010.06.08 17:32:24.072,1.75295,1.7535,1.00,1.30
2010.06.08 17:32:24.746,1.75305,1.7537,1.00,5.10
2010.06.08 17:32:24.968,1.75305,1.75365,1.00,1.00
2010.06.08 17:32:25.198,1.753,1.75365,5.20,1.00
2010.06.08 17:32:26.576,1.753,1.75365,2.80,1.00
2010.06.08 17:32:26.928,1.753,1.7536,1.00,1.70
2010.06.08 17:32:27.191,1.753,1.7536,1.10,1.70
2010.06.08 17:32:27.789,1.75305,1.75365,1.00,1.00
2010.06.08 17:32:28.638,1.75305,1.75365,1.00,1.00
2010.06.08 17:32:29.320,1.75305,1.7537,1.00,2.60
2010.06.08 17:32:29.468,1.753,1.7536,5.50,1.00
2010.06.08 17:32:29.768,1.75305,1.7537,1.00,4.40
2010.06.08 17:32:31.372,1.7531,1.7537,1.00,3.00
2010.06.08 17:32:31.458,1.753,1.7535,6.10,1.00
2010.06.08 17:32:31.638,1.753,1.7535,2.40,2.00
2010.06.08 17:32:31.728,1.7529,1.7534,1.00,1.30
2010.06.08 17:32:32.084,1.7529,1.7534,1.00,2.00
2010.06.08 17:32:32.198,1.75295,1.7535,1.00,1.00
2010.06.08 17:32:32.721,1.7529,1.75355,1.00,1.00
2010.06.08 17:32:33.410,1.75295,1.7536,1.50,3.00
2010.06.08 17:32:33.707,1.75295,1.7536,1.50,1.40
2010.06.08 17:32:34.007,1.75295,1.7536,1.50,1.00
2010.06.08 17:32:37.571,1.75295,1.7536,1.60,1.00
2010.06.08 17:32:37.770,1.75305,1.7537,1.00,1.40
2010.06.08 17:32:37.908,1.753,1.7536,5.90,1.00
2010.06.08 17:32:38.047,1.753,1.7536,3.50,1.00
2010.06.08 17:32:38.188,1.75305,1.7537,1.00,1.40
2010.06.08 17:32:38.999,1.75305,1.75365,1.00,1.00
2010.06.08 17:32:39.340,1.753,1.7537,3.10,1.40
2010.06.08 17:32:39.678,1.753,1.7537,5.50,1.00
2010.06.08 17:32:40.369,1.75315,1.75375,1.00,1.30
2010.06.08 17:32:40.888,1.753,1.7537,5.50,1.00
2010.06.08 17:32:42.608,1.7533,1.7538,1.00,6.10
2010.06.08 17:32:43.101,1.75315,1.7538,3.10,1.00
2010.06.08 17:32:44.267,1.75315,1.75375,3.10,1.30
2010.06.08 17:32:44.469,1.753,1.7537,5.60,1.00
2010.06.08 17:32:44.669,1.75315,1.7538,1.00,3.00
2010.06.08 17:32:45.277,1.75315,1.7538,1.00,3.80
2010.06.08 17:32:45.721,1.75315,1.7538,5.50,3.80
2010.06.08 17:32:46.525,1.75315,1.7538,3.10,3.80
2010.06.08 17:32:46.871,1.75315,1.7538,1.00,3.80
2010.06.08 17:32:48.526,1.75315,1.7538,1.00,2.20
2010.06.08 17:32:48.616,1.75315,1.7538,1.00,1.40
2010.06.08 17:32:49.389,1.7532,1.7538,2.40,1.40
2010.06.08 17:32:49.495,1.7532,1.7538,3.10,1.00
2010.06.08 17:32:49.641,1.7532,1.7538,1.00,2.00
2010.06.08 17:32:49.708,1.7531,1.7537,6.20,1.00
2010.06.08 17:32:50.094,1.7531,1.7537,6.30,1.00
2010.06.08 17:32:50.173,1.7531,1.7537,3.70,1.00
2010.06.08 17:32:50.249,1.75315,1.7537,1.00,1.00
2010.06.08 17:32:51.254,1.7531,1.7536,2.80,1.00
2010.06.08 17:32:51.603,1.7531,1.7536,1.00,1.00
2010.06.08 17:32:52.577,1.7531,1.7536,1.00,2.00
2010.06.08 17:32:52.698,1.7531,1.75355,1.00,1.00
2010.06.08 17:32:52.899,1.7531,1.7536,1.00,1.30
2010.06.08 17:32:53.401,1.7531,1.75345,1.00,1.00
2010.06.08 17:32:53.603,1.7531,1.75345,1.00,1.00
2010.06.08 17:32:54.994,1.7531,1.75355,1.00,1.00
2010.06.08 17:32:55.749,1.7531,1.75345,1.00,1.00
2010.06.08 17:32:56.249,1.7531,1.75345,1.00,1.00
2010.06.08 17:32:56.595,1.7531,1.7536,1.00,1.00
2010.06.08 17:32:56.943,1.7531,1.7537,1.00,2.80
2010.06.08 17:32:57.191,1.7531,1.75365,1.00,1.00
2010.06.08 17:32:57.702,1.7531,1.7536,1.00,1.00
2010.06.08 17:32:57.947,1.7531,1.7537,3.00,1.40
2010.06.08 17:32:58.290,1.7531,1.7537,1.00,1.40
2010.06.08 17:32:58.629,1.7531,1.75375,3.00,1.00
2010.06.08 17:32:58.991,1.7531,1.75375,2.80,2.10
2010.06.08 17:32:59.292,1.7532,1.75375,2.40,1.40
2010.06.08 17:32:59.588,1.75315,1.75375,2.40,1.40
2010.06.08 17:32:59.889,1.75305,1.7536,1.00,1.00
2010.06.08 17:33:00.960,1.7531,1.7537,2.90,1.00
2010.06.08 17:33:01.247,1.7531,1.7537,3.10,1.00
2010.06.08 17:33:02.147,1.7531,1.7535,2.40,1.00
2010.06.08 17:33:02.439,1.7531,1.7536,1.00,1.00
2010.06.08 17:33:02.979,1.75305,1.75365,2.40,1.10
2010.06.08 17:33:03.524,1.75305,1.75365,2.40,2.50
2010.06.08 17:33:03.865,1.753,1.75355,1.00,1.00
2010.06.08 17:33:05.230,1.75295,1.75335,1.00,1.00
2010.06.08 17:33:05.798,1.75295,1.7534,1.00,1.00
2010.06.08 17:33:06.039,1.75295,1.75345,1.00,2.00
2010.06.08 17:33:06.278,1.75295,1.75345,1.00,1.00
2010.06.08 17:33:06.770,1.75295,1.75345,1.00,1.00
2010.06.08 17:33:06.940,1.753,1.75355,1.00,1.00
2010.06.08 17:33:07.279,1.7531,1.7537,1.00,3.90
2010.06.08 17:33:07.668,1.7531,1.7537,1.00,2.30
2010.06.08 17:33:07.844,1.7531,1.7537,1.00,1.00
2010.06.08 17:33:09.099,1.75305,1.75355,2.50,1.00
2010.06.08 17:33:09.370,1.7532,1.7538,1.00,1.20
2010.06.08 17:33:09.649,1.75305,1.7537,2.30,1.00
2010.06.08 17:33:09.928,1.75305,1.7537,1.00,1.00
2010.06.08 17:33:10.630,1.75305,1.7537,1.00,1.00
2010.06.08 17:33:10.952,1.75325,1.7538,4.80,1.00
2010.06.08 17:33:11.270,1.7532,1.7538,2.00,1.00
2010.06.08 17:33:11.588,1.75325,1.75385,1.00,1.00
2010.06.08 17:33:12.129,1.7532,1.7538,1.00,1.00
2010.06.08 17:33:12.737,1.7532,1.7538,3.10,1.00
2010.06.08 17:33:12.930,1.7532,1.7538,1.00,1.00
2010.06.08 17:33:14.771,1.7535,1.754,2.40,1.00
2010.06.08 17:33:15.916,1.75355,1.7541,2.40,1.10
2010.06.08 17:33:16.264,1.75355,1.75405,4.80,1.00
2010.06.08 17:33:16.613,1.7535,1.754,2.40,1.00
2010.06.08 17:33:16.959,1.7533,1.7539,6.00,1.00
2010.06.08 17:33:17.603,1.75325,1.7539,5.50,1.00
2010.06.08 17:33:17.901,1.7534,1.754,1.00,1.00
2010.06.08 17:33:18.758,1.7534,1.754,2.00,1.00
2010.06.08 17:33:19.030,1.75355,1.75415,1.00,1.00
2010.06.08 17:33:19.813,1.75355,1.75415,5.20,1.00
2010.06.08 17:33:20.179,1.75355,1.7542,5.50,4.40
2010.06.08 17:33:20.360,1.7536,1.7542,1.00,1.00
2010.06.08 17:33:21.121,1.75375,1.75425,1.00,1.00
2010.06.08 17:33:21.398,1.7537,1.7542,1.60,1.00
2010.06.08 17:33:21.677,1.75365,1.7542,1.00,1.00
2010.06.08 17:33:22.018,1.75365,1.7542,1.00,1.00
2010.06.08 17:33:22.359,1.75355,1.7541,3.30,1.00
2010.06.08 17:33:22.759,1.75355,1.7541,1.70,1.00
2010.06.08 17:33:22.949,1.7536,1.7541,1.00,1.00
2010.06.08 17:33:24.213,1.7536,1.75415,1.00,1.00
2010.06.08 17:33:24.512,1.7536,1.75415,6.10,1.00
2010.06.08 17:33:24.689,1.7537,1.75425,1.00,1.00
2010.06.08 17:33:24.868,1.7537,1.75425,1.00,1.00
2010.06.08 17:33:25.407,1.7537,1.75425,1.00,1.00
2010.06.08 17:33:25.589,1.7537,1.75425,1.00,1.00
2010.06.08 17:33:26.200,1.7537,1.7542,1.00,1.00
2010.06.08 17:33:26.464,1.75365,1.7542,1.00,1.00
2010.06.08 17:33:26.732,1.7539,1.7543,1.00,1.00
2010.06.08 17:33:27.799,1.7538,1.7543,1.00,1.00
2010.06.08 17:33:28.272,1.7538,1.7543,1.00,1.00
2010.06.08 17:33:28.608,1.75375,1.7543,2.40,1.00
2010.06.08 17:33:28.948,1.75375,1.7543,2.40,1.00
2010.06.08 17:33:29.150,1.7537,1.7543,2.40,1.00
2010.06.08 17:33:29.719,1.7536,1.75425,5.50,2.00
2010.06.08 17:33:29.917,1.7536,1.75425,5.60,2.00
2010.06.08 17:33:31.537,1.7536,1.75425,4.80,2.00
2010.06.08 17:33:32.929,1.7536,1.7542,4.80,1.00
2010.06.08 17:33:33.352,1.7536,1.754,5.20,1.00
2010.06.08 17:33:33.640,1.7538,1.75405,2.40,1.30
2010.06.08 17:33:33.931,1.7539,1.7543,2.40,1.30
2010.06.08 17:33:34.691,1.75405,1.75455,1.00,1.30
2010.06.08 17:33:35.030,1.754,1.75465,1.00,1.00
2010.06.08 17:33:35.409,1.75395,1.7545,2.90,1.00
2010.06.08 17:33:35.742,1.75385,1.75445,1.00,1.00
2010.06.08 17:33:36.079,1.7538,1.75435,1.00,1.00
2010.06.08 17:33:36.815,1.754,1.7544,1.00,2.40
2010.06.08 17:33:37.161,1.754,1.7546,1.00,1.00
2010.06.08 17:33:38.199,1.75395,1.75455,1.00,1.00
2010.06.08 17:33:38.542,1.754,1.7546,1.00,1.00
2010.06.08 17:33:39.263,1.754,1.7546,1.00,1.00
2010.06.08 17:33:39.560,1.754,1.7546,1.00,1.00
2010.06.08 17:33:40.004,1.754,1.7546,1.00,1.00
2010.06.08 17:33:40.321,1.754,1.7546,1.00,1.00
2010.06.08 17:33:40.659,1.754,1.7546,1.00,1.00
2010.06.08 17:33:41.333,1.754,1.7546,1.70,1.00
2010.06.08 17:33:41.670,1.7541,1.7547,1.00,1.00
2010.06.08 17:33:42.013,1.754,1.7545,1.30,1.00
2010.06.08 17:33:42.738,1.7539,1.75465,1.10,4.80
2010.06.08 17:33:43.078,1.7539,1.75465,1.10,2.40
2010.06.08 17:33:43.809,1.754,1.75465,1.00,3.70
2010.06.08 17:33:44.149,1.75415,1.75475,1.00,1.60
2010.06.08 17:33:44.489,1.75405,1.7547,1.30,1.00
2010.06.08 17:33:44.877,1.754,1.7547,1.00,1.00
2010.06.08 17:33:45.223,1.7542,1.7548,1.00,2.80
2010.06.08 17:33:45.561,1.7541,1.75475,1.00,2.40
2010.06.08 17:33:46.261,1.75405,1.7548,1.80,1.00
2010.06.08 17:33:46.604,1.7541,1.7548,1.00,4.80
2010.06.08 17:33:47.223,1.7541,1.75475,1.00,2.40
2010.06.08 17:33:47.510,1.7542,1.75475,1.00,4.80
2010.06.08 17:33:47.783,1.75415,1.75485,1.00,1.00
2010.06.08 17:33:48.458,1.7542,1.7548,5.20,1.00
2010.06.08 17:33:48.802,1.7542,1.75485,4.90,1.00
2010.06.08 17:33:49.109,1.7542,1.75485,1.00,1.00
2010.06.08 17:33:49.419,1.7542,1.75485,1.00,1.00
2010.06.08 17:33:50.169,1.75425,1.75485,1.00,1.00
2010.06.08 17:33:50.448,1.75435,1.75485,1.00,1.00
2010.06.08 17:33:50.735,1.7542,1.75485,1.00,1.00
2010.06.08 17:33:51.122,1.7543,1.75485,1.00,1.00
2010.06.08 17:33:51.464,1.7543,1.755,1.00,5.20
2010.06.08 17:33:51.814,1.75435,1.755,1.00,2.80
2010.06.08 17:33:52.518,1.75435,1.75495,1.00,1.30
2010.06.08 17:33:52.864,1.7542,1.7549,5.40,1.00
2010.06.08 17:33:53.211,1.75425,1.7549,6.30,1.00
2010.06.08 17:33:53.627,1.75425,1.75495,6.60,1.00
2010.06.08 17:33:53.996,1.75425,1.7549,2.40,1.00
2010.06.08 17:33:54.345,1.75425,1.7549,1.50,1.00
2010.06.08 17:33:54.933,1.75425,1.75485,6.60,1.00
2010.06.08 17:33:55.191,1.75435,1.75495,1.00,3.20
2010.06.08 17:33:55.450,1.7545,1.7551,1.00,1.00
2010.06.08 17:33:56.053,1.75445,1.75505,5.90,1.00
2010.06.08 17:33:56.399,1.7544,1.7551,1.00,1.00
2010.06.08 17:33:56.723,1.7544,1.755,1.00,1.00
2010.06.08 17:33:57.364,1.75435,1.7551,2.80,1.20
2010.06.08 17:33:57.702,1.7544,1.7551,5.20,1.80
2010.06.08 17:33:58.040,1.7544,1.7551,6.60,1.00
2010.06.08 17:33:58.380,1.7544,1.7551,1.80,2.80
2010.06.08 17:33:59.090,1.7544,1.7551,6.60,1.00
2010.06.08 17:33:59.428,1.7544,1.7551,6.60,1.00
2010.06.08 17:33:59.958,1.7544,1.7551,6.80,1.00
2010.06.08 17:34:00.745,1.75425,1.75485,2.40,2.20
2010.06.08 17:34:00.910,1.7542,1.75485,6.40,2.20
2010.06.08 17:34:01.084,1.7543,1.7549,1.00,1.60
2010.06.08 17:34:01.250,1.7543,1.75495,1.00,1.80
2010.06.08 17:34:01.632,1.7542,1.7549,7.60,1.00
2010.06.08 17:34:01.972,1.75425,1.7548,1.00,1.00
2010.06.08 17:34:02.450,1.7542,1.7548,1.00,1.00
2010.06.08 17:34:02.787,1.75415,1.7548,1.30,1.00
2010.06.08 17:34:03.197,1.7542,1.75485,1.00,1.80
2010.06.08 17:34:03.518,1.75425,1.75495,1.00,1.80
2010.06.08 17:34:05.034,1.7542,1.75485,4.30,1.00
2010.06.08 17:34:05.207,1.7542,1.75485,1.00,1.00
2010.06.08 17:34:06.093,1.75415,1.75465,1.30,1.00
2010.06.08 17:34:06.440,1.75405,1.75465,1.00,1.00
2010.06.08 17:34:07.014,1.75405,1.75465,1.00,1.80
2010.06.08 17:34:07.692,1.75405,1.75465,1.00,1.00
2010.06.08 17:34:08.117,1.75405,1.75465,3.30,1.00
2010.06.08 17:34:08.465,1.75405,1.75465,1.00,1.00
2010.06.08 17:34:08.811,1.7541,1.75465,1.00,1.00
2010.06.08 17:34:09.515,1.7541,1.75475,1.00,1.00
2010.06.08 17:34:09.864,1.75405,1.75475,1.20,1.80
2010.06.08 17:34:10.214,1.75405,1.75465,1.00,1.80
2010.06.08 17:34:11.121,1.75405,1.75465,1.00,1.80
2010.06.08 17:34:11.419,1.7541,1.75465,1.00,1.00
2010.06.08 17:34:11.758,1.7541,1.7546,1.00,1.00
2010.06.08 17:34:12.689,1.75405,1.7546,1.00,1.00
2010.06.08 17:34:12.909,1.7541,1.7546,1.00,1.00
2010.06.08 17:34:13.624,1.7539,1.75445,1.00,1.30
2010.06.08 17:34:13.984,1.7541,1.7548,2.80,2.50
2010.06.08 17:34:14.682,1.754,1.75465,1.60,1.00
2010.06.08 17:34:14.988,1.7539,1.75465,5.80,1.00
2010.06.08 17:34:15.297,1.7539,1.75465,5.70,1.00
2010.06.08 17:34:15.920,1.7538,1.75455,6.10,1.00
2010.06.08 17:34:16.313,1.75385,1.75455,1.30,1.00
2010.06.08 17:34:16.664,1.7539,1.75465,5.20,1.00
2010.06.08 17:34:17.008,1.7539,1.75465,5.40,1.00
2010.06.08 17:34:17.290,1.75395,1.75465,1.00,1.00
2010.06.08 17:34:17.903,1.75395,1.7547,1.00,1.00
2010.06.08 17:34:18.219,1.75395,1.75455,4.90,1.00
2010.06.08 17:34:18.533,1.754,1.75465,1.00,1.00
2010.06.08 17:34:18.841,1.75395,1.7547,1.00,1.00
2010.06.08 17:34:19.967,1.7539,1.7545,4.80,1.70
2010.06.08 17:34:20.173,1.7539,1.7545,1.00,1.00
2010.06.08 17:34:20.923,1.7538,1.75425,1.00,1.00
2010.06.08 17:34:21.271,1.75375,1.75435,1.00,3.20
2010.06.08 17:34:21.610,1.7537,1.75435,1.00,3.20
2010.06.08 17:34:21.977,1.75375,1.75435,1.00,3.20
2010.06.08 17:34:22.229,1.7537,1.75445,4.80,1.00
2010.06.08 17:34:22.489,1.75375,1.75445,2.40,1.00
2010.06.08 17:34:22.911,1.7537,1.75445,2.40,1.00
2010.06.08 17:34:23.183,1.75365,1.75435,1.00,1.00
2010.06.08 17:34:23.533,1.7537,1.75435,1.00,1.00
2010.06.08 17:34:24.527,1.75365,1.75435,1.00,1.00
2010.06.08 17:34:24.819,1.75375,1.75445,1.90,5.20
2010.06.08 17:34:25.109,1.75375,1.75445,1.80,2.80
2010.06.08 17:34:25.653,1.7538,1.75445,1.00,2.80
2010.06.08 17:34:25.943,1.7537,1.75425,1.00,1.00
2010.06.08 17:34:26.234,1.7537,1.7543,1.00,1.00
2010.06.08 17:34:26.521,1.75365,1.75425,1.00,1.00
2010.06.08 17:34:27.271,1.75345,1.75415,2.80,1.00
2010.06.08 17:34:27.608,1.75345,1.75415,2.40,1.00
2010.06.08 17:34:28.016,1.7535,1.75415,1.00,1.00
2010.06.08 17:34:28.369,1.7534,1.75415,5.60,1.80
2010.06.08 17:34:28.719,1.75345,1.75405,1.30,1.00
2010.06.08 17:34:29.062,1.7534,1.75405,1.00,1.00
2010.06.08 17:34:30.268,1.7536,1.7541,1.00,1.30
2010.06.08 17:34:30.449,1.7536,1.7541,1.00,2.40
2010.06.08 17:34:30.629,1.75345,1.75405,1.60,1.00
2010.06.08 17:34:31.140,1.7535,1.7541,1.00,2.80
2010.06.08 17:34:31.153,1.7535,1.7541,1.00,1.00
2010.06.08 17:34:31.997,1.7535,1.7541,1.00,1.00
2010.06.08 17:34:32.877,1.75355,1.7541,1.00,1.00
2010.06.08 17:34:33.009,1.7535,1.7541,1.00,1.00
2010.06.08 17:34:33.739,1.7535,1.7541,1.00,1.00
2010.06.08 17:34:33.867,1.75355,1.7541,1.00,1.00
2010.06.08 17:34:34.511,1.75345,1.7541,1.00,1.00
2010.06.08 17:34:35.156,1.7535,1.7541,1.00,1.00
2010.06.08 17:34:35.728,1.75345,1.75405,1.00,1.30
2010.06.08 17:34:35.930,1.75355,1.754,1.00,1.00
2010.06.08 17:34:36.672,1.75365,1.7542,1.00,1.00
2010.06.08 17:34:37.010,1.7542,1.75435,4.00,1.60
2010.06.08 17:34:37.630,1.7543,1.7549,1.00,1.00
2010.06.08 17:34:37.912,1.7541,1.75465,2.80,1.00
2010.06.08 17:34:38.188,1.7541,1.75475,1.00,1.80
2010.06.08 17:34:38.900,1.7541,1.75475,1.00,1.00
2010.06.08 17:34:39.243,1.75415,1.7548,1.00,1.00
2010.06.08 17:34:39.534,1.75405,1.75465,1.00,1.00
2010.06.08 17:34:40.163,1.75405,1.75455,1.00,1.30
2010.06.08 17:34:40.453,1.75385,1.75455,4.80,1.80
2010.06.08 17:34:41.083,1.75395,1.75465,5.20,1.00
2010.06.08 17:34:41.776,1.7544,1.7551,3.70,1.80
2010.06.08 17:34:42.073,1.7544,1.7551,3.40,1.00
2010.06.08 17:34:42.730,1.75475,1.7551,1.30,1.00
2010.06.08 17:34:43.072,1.7548,1.7555,3.20,1.00
2010.06.08 17:34:43.409,1.7548,1.7555,3.20,1.80
2010.06.08 17:34:44.110,1.75475,1.7554,1.00,1.80
2010.06.08 17:34:45.171,1.7548,1.75505,1.00,1.00
2010.06.08 17:34:45.510,1.75475,1.75505,1.00,1.00
2010.06.08 17:34:46.276,1.75455,1.75495,1.00,1.00
2010.06.08 17:34:47.438,1.7547,1.75515,1.00,1.00
2010.06.08 17:34:48.112,1.75455,1.75515,2.80,1.00
2010.06.08 17:34:48.456,1.75505,1.75585,4.10,1.00
2010.06.08 17:34:49.142,1.75515,1.75585,4.80,1.00
2010.06.08 17:34:49.493,1.75485,1.75555,4.80,1.00
2010.06.08 17:34:49.843,1.75495,1.75565,4.80,3.20
2010.06.08 17:34:50.547,1.75485,1.7556,4.80,1.80
2010.06.08 17:34:50.885,1.75485,1.7556,4.80,2.30
2010.06.08 17:34:51.222,1.7548,1.75545,4.80,1.00
2010.06.08 17:34:51.845,1.75485,1.75555,5.20,1.00
2010.06.08 17:34:52.135,1.7549,1.7556,2.40,1.70
2010.06.08 17:34:52.413,1.75495,1.7556,1.00,7.30
2010.06.08 17:34:53.101,1.7549,1.7556,1.30,1.00
2010.06.08 17:34:53.445,1.75495,1.7556,1.00,1.00
2010.06.08 17:34:53.772,1.75495,1.7556,2.80,1.00
2010.06.08 17:34:54.394,1.75495,1.7556,1.00,1.00
2010.06.08 17:34:54.719,1.75495,1.7557,2.80,1.80
2010.06.08 17:34:54.992,1.75495,1.7557,2.90,1.80
2010.06.08 17:34:55.613,1.75495,1.7556,1.00,1.30
2010.06.08 17:34:55.883,1.7552,1.7557,3.20,1.80
2010.06.08 17:34:56.202,1.7552,1.75575,3.60,1.00
2010.06.08 17:34:56.897,1.75505,1.7558,5.20,1.30
2010.06.08 17:34:57.244,1.75515,1.7557,4.80,1.80
2010.06.08 17:34:57.592,1.755,1.7557,1.00,1.80
2010.06.08 17:34:58.224,1.755,1.7556,2.80,1.30
2010.06.08 17:34:58.572,1.755,1.7557,1.00,1.80
2010.06.08 17:34:59.250,1.7549,1.7555,1.00,1.80
2010.06.08 17:35:00.041,1.7549,1.75555,3.00,1.00
2010.06.08 17:35:00.205,1.7549,1.7556,4.40,1.00
2010.06.08 17:35:00.370,1.75495,1.7557,1.00,1.20
2010.06.08 17:35:00.530,1.75495,1.7555,4.80,1.00
2010.06.08 17:35:00.690,1.75485,1.7555,1.50,1.00
2010.06.08 17:35:01.063,1.75485,1.7555,1.00,1.00
2010.06.08 17:35:01.414,1.75495,1.75545,1.00,1.30
2010.06.08 17:35:01.762,1.75495,1.75555,1.00,1.30
2010.06.08 17:35:02.100,1.75495,1.75555,5.20,1.30
2010.06.08 17:35:02.510,1.75495,1.75555,1.00,2.00
2010.06.08 17:35:02.858,1.755,1.75565,3.10,2.00
2010.06.08 17:35:03.201,1.75495,1.75555,1.00,2.00
2010.06.08 17:35:03.402,1.75495,1.75565,1.00,1.30
2010.06.08 17:35:03.603,1.75495,1.75555,1.00,1.30
2010.06.08 17:35:04.151,1.75495,1.75545,1.00,1.30
2010.06.08 17:35:04.350,1.75485,1.75545,1.00,2.00
2010.06.08 17:35:04.639,1.755,1.75545,5.20,1.30
2010.06.08 17:35:04.930,1.7551,1.75575,1.00,1.70
2010.06.08 17:35:05.220,1.755,1.75565,5.20,1.30
2010.06.08 17:35:05.509,1.755,1.75565,2.40,1.30
2010.06.08 17:35:06.115,1.75495,1.7556,3.10,1.30
2010.06.08 17:35:06.349,1.75495,1.7556,1.00,1.30
2010.06.08 17:35:06.590,1.7549,1.7555,1.10,1.30
2010.06.08 17:35:07.344,1.7549,1.7555,1.00,1.30
2010.06.08 17:35:08.018,1.7549,1.7555,1.00,1.30
2010.06.08 17:35:08.723,1.75495,1.7555,1.00,1.30
2010.06.08 17:35:09.053,1.7549,1.7555,1.00,1.30
2010.06.08 17:35:09.369,1.7549,1.7556,1.00,2.00
2010.06.08 17:35:10.074,1.7547,1.75535,1.00,2.00
2010.06.08 17:35:10.359,1.7547,1.75535,3.10,2.00
2010.06.08 17:35:10.984,1.7547,1.75525,2.50,2.00
2010.06.08 17:35:11.336,1.75465,1.75525,1.00,2.00
2010.06.08 17:35:11.681,1.7547,1.7554,1.00,2.40
2010.06.08 17:35:12.360,1.75475,1.75535,1.00,2.00
2010.06.08 17:35:12.705,1.75475,1.75525,1.00,1.30
2010.06.08 17:35:13.057,1.75475,1.7554,1.00,2.00
2010.06.08 17:35:13.986,1.7548,1.75545,2.40,1.30
2010.06.08 17:35:14.602,1.755,1.7556,3.10,1.00
2010.06.08 17:35:14.941,1.7549,1.75545,1.00,1.30
2010.06.08 17:35:15.300,1.7548,1.75545,5.20,1.30
2010.06.08 17:35:16.152,1.7548,1.75545,1.00,1.30
2010.06.08 17:35:16.319,1.7548,1.75545,1.00,1.30
2010.06.08 17:35:16.684,1.7549,1.75545,1.00,1.30
2010.06.08 17:35:17.033,1.7548,1.75545,1.00,1.30
2010.06.08 17:35:17.601,1.7548,1.7554,1.00,1.00
2010.06.08 17:35:17.829,1.7548,1.7554,1.00,2.00
2010.06.08 17:35:18.059,1.755,1.75555,1.00,2.00
2010.06.08 17:35:18.665,1.755,1.75545,1.00,1.00
2010.06.08 17:35:18.983,1.755,1.75555,1.00,2.30
2010.06.08 17:35:19.300,1.7548,1.75545,2.00,2.30
2010.06.08 17:35:19.612,1.7548,1.75545,2.90,2.30
2010.06.08 17:35:20.304,1.7549,1.75545,1.00,2.30
2010.06.08 17:35:20.658,1.75495,1.75535,1.00,1.30
2010.06.08 17:35:20.933,1.7547,1.75535,1.00,1.00
2010.06.08 17:35:21.310,1.7546,1.7553,1.00,1.30
2010.06.08 17:35:21.583,1.7545,1.75515,3.30,1.70
2010.06.08 17:35:21.862,1.7546,1.75515,1.00,1.00
2010.06.08 17:35:22.899,1.75465,1.7553,1.00,1.70
2010.06.08 17:35:23.379,1.75455,1.7552,1.00,2.30
2010.06.08 17:35:23.620,1.7546,1.7552,1.00,2.30
2010.06.08 17:35:24.238,1.7546,1.75525,1.00,1.00
2010.06.08 17:35:24.581,1.7548,1.7553,2.40,1.00
2010.06.08 17:35:24.921,1.7547,1.75535,5.20,1.70
2010.06.08 17:35:25.724,1.7548,1.75535,2.40,1.30
2010.06.08 17:35:26.073,1.7547,1.75535,5.20,1.70
2010.06.08 17:35:26.311,1.7548,1.75535,2.40,1.30
2010.06.08 17:35:26.550,1.75475,1.75535,1.00,1.30
2010.06.08 17:35:26.978,1.75475,1.75525,1.00,1.00
2010.06.08 17:35:27.233,1.7547,1.75525,1.00,1.00
2010.06.08 17:35:27.840,1.7547,1.75525,1.00,1.00
2010.06.08 17:35:29.049,1.7547,1.75525,1.00,1.00
2010.06.08 17:35:29.327,1.7547,1.75525,1.00,1.00
2010.06.08 17:35:29.607,1.75475,1.75525,1.00,1.00
2010.06.08 17:35:30.176,1.75475,1.75535,1.50,1.00
2010.06.08 17:35:30.490,1.7548,1.75535,1.00,1.00
2010.06.08 17:35:30.812,1.7548,1.75535,1.00,1.00
2010.06.08 17:35:31.218,1.75485,1.75535,1.00,1.00
2010.06.08 17:35:31.827,1.7548,1.75535,1.00,1.00
2010.06.08 17:35:31.974,1.75505,1.75545,1.00,1.00
2010.06.08 17:35:33.068,1.7548,1.7554,1.00,1.00
2010.06.08 17:35:34.117,1.7548,1.7554,1.00,1.00
2010.06.08 17:35:34.289,1.7548,1.7554,2.40,1.00
2010.06.08 17:35:34.939,1.7548,1.7554,2.50,1.00
2010.06.08 17:35:36.200,1.7548,1.7554,3.70,1.00
2010.06.08 17:35:36.537,1.7548,1.7554,2.40,1.00
2010.06.08 17:35:36.879,1.7548,1.75535,1.00,2.50
2010.06.08 17:35:37.218,1.75475,1.75535,1.00,2.50
2010.06.08 17:35:38.162,1.7547,1.75535,1.00,2.50
2010.06.08 17:35:40.099,1.75475,1.75535,1.00,2.50
2010.06.08 17:35:40.507,1.7548,1.75535,1.00,2.50
2010.06.08 17:35:40.567,1.7547,1.75535,1.00,2.50
2010.06.08 17:35:40.809,1.755,1.7555,2.40,1.00
2010.06.08 17:35:41.052,1.755,1.75535,2.40,1.00
2010.06.08 17:35:41.629,1.7547,1.75535,2.50,1.70
2010.06.08 17:35:41.914,1.75475,1.75535,2.40,2.10
2010.06.08 17:35:42.201,1.75475,1.7554,2.40,1.00
2010.06.08 17:35:42.632,1.75475,1.75535,2.40,1.70
2010.06.08 17:35:42.973,1.75465,1.75535,4.90,1.70
2010.06.08 17:35:43.308,1.75465,1.75535,5.40,1.30
2010.06.08 17:35:43.649,1.75475,1.7554,4.80,1.00
2010.06.08 17:35:43.932,1.75475,1.75545,4.80,2.40
2010.06.08 17:35:44.972,1.75475,1.75545,4.80,2.40
2010.06.08 17:35:45.059,1.75475,1.75545,4.80,2.40
2010.06.08 17:35:45.647,1.75475,1.75535,4.80,1.30
2010.06.08 17:35:45.828,1.75465,1.75535,4.90,1.70
2010.06.08 17:35:47.635,1.7547,1.75535,1.00,1.30
2010.06.08 17:35:47.787,1.7547,1.7554,1.00,2.10
2010.06.08 17:35:48.088,1.7548,1.7554,1.00,1.30
2010.06.08 17:35:48.491,1.7548,1.75545,1.00,1.70
2010.06.08 17:35:48.817,1.7548,1.75545,2.40,1.70
2010.06.08 17:35:49.950,1.75485,1.75545,2.80,1.00
2010.06.08 17:35:50.295,1.75485,1.7555,2.40,2.10
2010.06.08 17:35:50.481,1.75495,1.75555,5.20,1.10
2010.06.08 17:35:50.658,1.75495,1.7555,4.80,2.10
2010.06.08 17:35:51.145,1.75485,1.7555,2.40,2.10
2010.06.08 17:35:51.330,1.75485,1.7555,2.40,2.70
2010.06.08 17:35:51.693,1.75485,1.7555,2.50,2.70
2010.06.08 17:35:52.381,1.75485,1.7555,2.40,2.70
2010.06.08 17:35:53.008,1.75505,1.7555,5.20,1.00
2010.06.08 17:35:53.273,1.75505,1.75555,4.80,1.00
2010.06.08 17:35:53.540,1.75495,1.7554,4.80,1.00
2010.06.08 17:35:53.981,1.75495,1.7554,2.40,1.00
2010.06.08 17:35:54.328,1.75485,1.7554,3.10,1.00
2010.06.08 17:35:54.908,1.75495,1.7555,4.80,1.00
2010.06.08 17:35:55.159,1.75495,1.7555,5.50,1.00
2010.06.08 17:35:55.667,1.75495,1.7555,5.50,1.00
2010.06.08 17:35:55.916,1.75495,1.7555,5.60,1.00
2010.06.08 17:35:56.154,1.75515,1.7557,2.00,3.20
2010.06.08 17:35:56.392,1.7552,1.7557,1.00,3.20
2010.06.08 17:35:56.972,1.75515,1.75565,1.00,1.00
2010.06.08 17:35:57.993,1.7551,1.75565,3.70,1.00
2010.06.08 17:35:58.248,1.75505,1.75565,1.00,1.00
2010.06.08 17:35:58.609,1.75505,1.75565,1.00,1.00
2010.06.08 17:35:58.875,1.75515,1.75565,1.00,1.00
2010.06.08 17:35:59.631,1.75515,1.75565,1.00,1.00
2010.06.08 17:36:00.282,1.7551,1.75565,1.00,1.00
2010.06.08 17:36:00.879,1.75515,1.75565,1.00,1.00
2010.06.08 17:36:01.309,1.7551,1.75565,1.00,1.00
2010.06.08 17:36:02.628,1.7552,1.75565,1.00,1.00
2010.06.08 17:36:02.809,1.7552,1.75565,2.40,1.00
2010.06.08 17:36:02.989,1.7551,1.75565,1.00,1.00
2010.06.08 17:36:04.138,1.75515,1.75565,1.00,1.00
2010.06.08 17:36:04.484,1.75515,1.75565,1.00,1.00
2010.06.08 17:36:06.429,1.75525,1.75585,3.10,3.60
2010.06.08 17:36:06.957,1.75525,1.7558,3.10,1.30
2010.06.08 17:36:07.222,1.75525,1.75575,1.00,1.00
2010.06.08 17:36:07.489,1.7552,1.75575,1.00,1.00
2010.06.08 17:36:08.020,1.75525,1.75575,1.00,1.00
2010.06.08 17:36:08.945,1.75525,1.7558,1.00,1.00
2010.06.08 17:36:09.140,1.75515,1.7557,3.20,1.00
2010.06.08 17:36:09.328,1.75515,1.7557,1.00,1.00
2010.06.08 17:36:09.521,1.75515,1.7557,1.00,1.00
2010.06.08 17:36:10.089,1.75515,1.7557,3.10,1.00
2010.06.08 17:36:12.132,1.7552,1.75575,3.10,1.00
2010.06.08 17:36:14.020,1.7552,1.75575,3.20,1.00
2010.06.08 17:36:14.266,1.75525,1.7559,1.00,2.20
2010.06.08 17:36:14.615,1.75525,1.7559,1.00,2.40
2010.06.08 17:36:15.139,1.7552,1.7559,3.10,2.30
2010.06.08 17:36:15.732,1.7552,1.7559,3.20,2.30
2010.06.08 17:36:16.109,1.7552,1.7559,3.20,2.30
2010.06.08 17:36:16.901,1.7553,1.7559,5.50,1.00
2010.06.08 17:36:17.129,1.7553,1.7559,5.50,1.70
2010.06.08 17:36:17.479,1.7553,1.7559,2.40,1.70
2010.06.08 17:36:17.823,1.7552,1.7559,3.10,1.70
2010.06.08 17:36:18.575,1.7551,1.7557,2.80,1.00
2010.06.08 17:36:18.863,1.75515,1.7557,1.00,1.00
2010.06.08 17:36:19.788,1.7551,1.7557,1.40,1.00
2010.06.08 17:36:20.068,1.75525,1.75585,1.00,1.00
2010.06.08 17:36:20.336,1.75525,1.75585,5.50,1.00
2010.06.08 17:36:21.096,1.75525,1.75585,3.10,1.00
2010.06.08 17:36:21.444,1.75495,1.75555,1.00,1.00
2010.06.08 17:36:21.793,1.75505,1.7556,5.50,1.00
2010.06.08 17:36:22.497,1.75505,1.7556,5.50,1.00
2010.06.08 17:36:22.844,1.7551,1.7556,5.50,1.00
2010.06.08 17:36:23.530,1.75505,1.7556,3.10,1.00
2010.06.08 17:36:24.219,1.7552,1.7556,2.40,1.00
2010.06.08 17:36:24.554,1.75515,1.7556,4.80,1.00
2010.06.08 17:36:25.239,1.75515,1.7556,4.80,1.00
2010.06.08 17:36:26.330,1.7551,1.7556,5.50,1.00
2010.06.08 17:36:27.060,1.7552,1.75575,3.10,1.00
2010.06.08 17:36:27.319,1.7553,1.75575,1.00,1.00
2010.06.08 17:36:27.580,1.75525,1.7558,3.10,1.00
2010.06.08 17:36:27.976,1.75525,1.7558,5.50,1.00
2010.06.08 17:36:28.310,1.75535,1.7558,2.40,1.00
2010.06.08 17:36:28.649,1.75525,1.7558,2.40,1.00
2010.06.08 17:36:29.399,1.7553,1.7558,2.40,1.00
2010.06.08 17:36:29.660,1.7553,1.7558,2.40,1.00
2010.06.08 17:36:30.789,1.7552,1.7558,5.50,1.00
2010.06.08 17:36:31.413,1.7552,1.7558,1.00,1.00
2010.06.08 17:36:31.857,1.75515,1.75565,1.00,1.00
2010.06.08 17:36:32.200,1.75505,1.75565,1.00,1.00
2010.06.08 17:36:32.538,1.7551,1.75565,1.30,1.00
2010.06.08 17:36:32.879,1.75515,1.75575,3.10,1.00
2010.06.08 17:36:33.220,1.75535,1.7558,1.00,1.20
2010.06.08 17:36:33.821,1.7553,1.7558,2.40,1.10
2010.06.08 17:36:34.104,1.75535,1.7558,2.10,1.00
2010.06.08 17:36:34.394,1.75545,1.7558,2.00,1.00
2010.06.08 17:36:35.038,1.75525,1.7558,2.00,1.00
2010.06.08 17:36:35.325,1.75525,1.7558,2.00,1.00
2010.06.08 17:36:35.872,1.75535,1.7558,2.00,1.00
2010.06.08 17:36:36.422,1.75535,1.7558,2.00,1.20
2010.06.08 17:36:37.298,1.7554,1.7558,1.30,1.20
2010.06.08 17:36:37.841,1.7555,1.7558,1.30,1.00
2010.06.08 17:36:38.379,1.7555,1.75575,1.30,1.00
2010.06.08 17:36:38.664,1.7554,1.75575,1.30,1.00
2010.06.08 17:36:38.943,1.7553,1.75575,1.30,1.00
2010.06.08 17:36:39.822,1.75525,1.75575,2.00,1.00
2010.06.08 17:36:40.160,1.7553,1.75575,1.00,1.00
2010.06.08 17:36:40.498,1.7553,1.75575,1.00,1.00
2010.06.08 17:36:40.840,1.75535,1.75585,2.00,1.00
2010.06.08 17:36:41.491,1.75545,1.7556,1.70,1.00
2010.06.08 17:36:41.790,1.75545,1.7556,1.30,1.00
2010.06.08 17:36:42.110,1.75535,1.75575,1.70,1.00
2010.06.08 17:36:43.119,1.75545,1.7559,1.30,1.20
2010.06.08 17:36:43.390,1.75545,1.7559,1.70,1.20
2010.06.08 17:36:45.320,1.75535,1.75585,2.00,1.00
2010.06.08 17:36:48.220,1.75535,1.7556,1.30,1.00
2010.06.08 17:36:48.308,1.75525,1.7556,2.00,1.00
2010.06.08 17:36:48.759,1.7552,1.7556,1.30,1.00
2010.06.08 17:36:48.848,1.7551,1.7556,2.00,1.00
2010.06.08 17:36:48.938,1.7551,1.7556,1.30,1.00
2010.06.08 17:36:49.028,1.75495,1.75555,1.00,2.40
2010.06.08 17:36:49.119,1.75495,1.75545,1.00,2.40
2010.06.08 17:36:50.113,1.75495,1.75535,1.00,1.00
2010.06.08 17:36:50.457,1.7549,1.7553,2.00,1.00
2010.06.08 17:36:53.118,1.755,1.7553,1.30,1.00
2010.06.08 17:36:53.409,1.755,1.7553,2.00,1.00
2010.06.08 17:36:54.107,1.755,1.75535,1.00,1.00
2010.06.08 17:36:54.708,1.7549,1.75535,1.00,1.00
2010.06.08 17:36:55.200,1.7549,1.75535,1.00,1.00
2010.06.08 17:36:55.450,1.755,1.75535,1.00,1.00
2010.06.08 17:36:56.158,1.75485,1.7553,4.80,1.10
2010.06.08 17:36:56.415,1.75475,1.7553,2.80,1.00
2010.06.08 17:36:56.681,1.75475,1.7553,1.00,1.00
2010.06.08 17:36:58.161,1.75485,1.7553,2.80,1.00
2010.06.08 17:36:58.460,1.75485,1.75535,1.00,1.00
2010.06.08 17:36:58.761,1.75475,1.75525,1.00,1.00
2010.06.08 17:36:59.009,1.75465,1.75525,1.00,1.00
2010.06.08 17:36:59.610,1.75465,1.7551,1.00,1.00
2010.06.08 17:37:00.588,1.7547,1.7551,1.00,1.00
2010.06.08 17:37:01.060,1.7547,1.7551,1.80,1.00
2010.06.08 17:37:01.344,1.7547,1.75525,1.80,1.00
2010.06.08 17:37:01.904,1.7547,1.75525,1.70,1.00
2010.06.08 17:37:02.762,1.75485,1.75525,1.80,1.00
2010.06.08 17:37:03.100,1.75485,1.75525,1.70,1.00
2010.06.08 17:37:03.401,1.755,1.7554,1.00,1.00
2010.06.08 17:37:04.061,1.75475,1.75525,1.70,1.00
2010.06.08 17:37:05.440,1.75475,1.7553,1.70,1.00
2010.06.08 17:37:07.233,1.75485,1.75535,1.00,1.00
2010.06.08 17:37:07.319,1.75475,1.7552,1.70,1.00
2010.06.08 17:37:07.401,1.75465,1.7552,2.40,1.00
2010.06.08 17:37:07.478,1.7546,1.7552,5.70,1.00
2010.06.08 17:37:07.559,1.7546,1.75515,7.00,1.00
2010.06.08 17:37:08.141,1.7547,1.75525,1.00,1.00
2010.06.08 17:37:08.640,1.75465,1.755,2.40,1.00
2010.06.08 17:37:09.304,1.75485,1.7552,1.00,3.20
2010.06.08 17:37:09.610,1.75475,1.7553,1.00,1.00
2010.06.08 17:37:11.096,1.7547,1.7553,4.80,1.00
2010.06.08 17:37:11.306,1.7547,1.75535,1.00,1.00
2010.06.08 17:37:11.492,1.75465,1.7553,1.00,1.00
2010.06.08 17:37:14.534,1.75495,1.7554,1.00,1.00
2010.06.08 17:37:14.883,1.75475,1.7554,1.80,1.00
2010.06.08 17:37:15.220,1.75475,1.7554,1.00,1.00
2010.06.08 17:37:15.733,1.75475,1.7554,1.80,1.00
2010.06.08 17:37:15.916,1.7549,1.7554,1.30,1.00
2010.06.08 17:37:16.264,1.75495,1.75545,1.00,1.00
2010.06.08 17:37:19.462,1.75485,1.7554,1.00,1.00
2010.06.08 17:37:19.849,1.75475,1.7554,5.20,1.00
2010.06.08 17:37:20.049,1.75485,1.7554,1.00,1.00
2010.06.08 17:37:20.440,1.75495,1.7554,1.00,1.00
2010.06.08 17:37:20.959,1.75485,1.7554,1.00,1.00
2010.06.08 17:37:21.560,1.75475,1.7554,1.00,1.00
2010.06.08 17:37:21.790,1.75485,1.7554,1.00,1.00
2010.06.08 17:37:22.020,1.75495,1.7554,1.00,1.00
2010.06.08 17:37:22.249,1.75495,1.75555,1.00,2.40
2010.06.08 17:37:22.824,1.75495,1.75555,1.00,1.00
2010.06.08 17:37:26.029,1.75495,1.75545,1.00,1.30
2010.06.08 17:37:26.210,1.75475,1.7554,4.40,1.00
2010.06.08 17:37:26.390,1.75475,1.7554,2.00,1.00
2010.06.08 17:37:26.568,1.75475,1.7554,1.00,1.00
2010.06.08 17:37:26.750,1.75475,1.7554,1.00,1.00
2010.06.08 17:37:27.070,1.7548,1.7554,1.00,1.00
2010.06.08 17:37:27.290,1.75475,1.7554,1.00,1.00
2010.06.08 17:37:29.188,1.7547,1.755,1.30,1.00
2010.06.08 17:37:29.693,1.75465,1.75505,1.60,3.70
2010.06.08 17:37:30.046,1.75465,1.75515,1.00,1.00
2010.06.08 17:37:30.373,1.7545,1.7551,3.20,1.00
2010.06.08 17:37:30.942,1.75445,1.7551,1.00,1.00
2010.06.08 17:37:31.203,1.75455,1.75515,1.00,3.20
2010.06.08 17:37:31.458,1.75455,1.75515,1.00,1.00
2010.06.08 17:37:31.717,1.75455,1.75515,1.00,1.00
2010.06.08 17:37:33.308,1.7544,1.7551,1.80,1.00
2010.06.08 17:37:34.919,1.7543,1.75475,1.00,1.00
2010.06.08 17:37:35.478,1.7543,1.7548,1.20,1.30
2010.06.08 17:37:35.962,1.75445,1.75515,1.00,2.60
2010.06.08 17:37:36.306,1.7545,1.75515,2.20,1.00
2010.06.08 17:37:36.992,1.75445,1.75505,1.30,1.00
2010.06.08 17:37:37.330,1.7544,1.7551,2.80,4.00
2010.06.08 17:37:37.672,1.7544,1.755,1.00,1.00
2010.06.08 17:37:38.397,1.7543,1.7549,1.00,3.00
2010.06.08 17:37:38.741,1.7543,1.7548,1.00,1.00
2010.06.08 17:37:39.418,1.7541,1.7548,1.00,1.00
2010.06.08 17:37:39.751,1.7542,1.7549,1.00,1.00
2010.06.08 17:37:40.089,1.7543,1.75495,1.00,8.00
2010.06.08 17:37:40.431,1.7542,1.7549,1.00,1.00
2010.06.08 17:37:40.650,1.75435,1.75495,1.00,6.10
2010.06.08 17:37:41.228,1.75435,1.755,4.10,1.00
2010.06.08 17:37:41.455,1.75475,1.75515,1.00,3.70
2010.06.08 17:37:41.812,1.75475,1.7553,1.00,3.90
2010.06.08 17:37:42.482,1.75495,1.75545,1.00,2.40
2010.06.08 17:37:42.795,1.75485,1.75565,1.00,4.20
2010.06.08 17:37:43.432,1.75485,1.75545,1.00,1.30
2010.06.08 17:37:43.741,1.75485,1.7554,1.00,1.00
2010.06.08 17:37:44.082,1.75485,1.75545,1.00,1.80
2010.06.08 17:37:44.843,1.75485,1.75545,1.00,1.00
2010.06.08 17:37:45.180,1.75485,1.75535,1.00,1.00
2010.06.08 17:37:45.519,1.75485,1.75535,1.00,1.80
2010.06.08 17:37:45.904,1.75485,1.75535,1.00,1.00
2010.06.08 17:37:46.238,1.75485,1.75545,1.00,2.80
2010.06.08 17:37:46.900,1.7549,1.75555,1.00,1.70
2010.06.08 17:37:47.621,1.75485,1.75555,1.00,1.70
2010.06.08 17:37:47.857,1.75485,1.75555,1.00,1.80
2010.06.08 17:37:49.749,1.7549,1.7556,1.00,4.80
2010.06.08 17:37:50.089,1.7549,1.75565,1.00,1.80
2010.06.08 17:37:50.760,1.755,1.75565,1.00,1.30
2010.06.08 17:37:50.960,1.75505,1.75565,1.00,1.00
2010.06.08 17:37:51.863,1.75495,1.7555,3.20,1.80
2010.06.08 17:37:52.215,1.7551,1.7557,1.00,1.00
2010.06.08 17:37:52.908,1.755,1.7557,3.20,2.80
2010.06.08 17:37:53.255,1.75495,1.7556,1.00,1.30
2010.06.08 17:37:53.602,1.7548,1.7556,3.20,1.80
2010.06.08 17:37:54.262,1.7548,1.7556,3.10,1.80
2010.06.08 17:37:54.602,1.7548,1.7556,3.00,1.80
2010.06.08 17:37:54.940,1.7548,1.7556,3.20,1.80
2010.06.08 17:37:55.362,1.75485,1.7556,1.00,1.80
2010.06.08 17:37:55.933,1.755,1.75565,1.00,6.50
2010.06.08 17:37:56.224,1.7549,1.7556,1.00,1.80
2010.06.08 17:37:58.179,1.7549,1.75555,1.00,2.40
2010.06.08 17:37:58.621,1.7549,1.75555,1.00,2.40
2010.06.08 17:37:58.745,1.7549,1.7556,1.00,2.80
2010.06.08 17:37:59.090,1.7549,1.7556,1.00,1.80
2010.06.08 17:37:59.430,1.7549,1.75565,2.80,1.80
2010.06.08 17:37:59.951,1.7549,1.7557,2.80,4.20
2010.06.08 17:38:00.289,1.7549,1.7557,3.20,4.20
2010.06.08 17:38:00.972,1.7549,1.7556,1.00,4.20
2010.06.08 17:38:01.311,1.7549,1.7556,1.20,4.20
2010.06.08 17:38:02.002,1.7549,1.7557,3.30,4.40
2010.06.08 17:38:02.148,1.7549,1.7557,3.30,4.20
2010.06.08 17:38:02.298,1.7549,1.7556,3.30,1.80
2010.06.08 17:38:02.449,1.7549,1.7556,1.20,4.20
2010.06.08 17:38:02.598,1.75495,1.7556,2.40,1.00
2010.06.08 17:38:02.986,1.75495,1.7557,2.40,2.00
2010.06.08 17:38:03.144,1.7549,1.75565,1.00,3.00
2010.06.08 17:38:03.491,1.7549,1.75565,5.70,1.00
2010.06.08 17:38:04.521,1.755,1.7556,1.00,1.80
2010.06.08 17:38:06.775,1.7552,1.7558,2.90,1.00
2010.06.08 17:38:07.002,1.7552,1.7558,5.30,1.00
2010.06.08 17:38:07.223,1.7552,1.7557,1.00,1.00
2010.06.08 17:38:07.805,1.7552,1.7556,1.00,1.00
2010.06.08 17:38:08.154,1.7552,1.7556,1.00,1.00
2010.06.08 17:38:08.842,1.7552,1.7558,1.00,1.00
2010.06.08 17:38:09.508,1.7552,1.7557,1.20,1.00
2010.06.08 17:38:09.858,1.7553,1.7557,1.60,1.00
2010.06.08 17:38:09.999,1.7552,1.7557,1.00,1.00
2010.06.08 17:38:10.139,1.7552,1.7558,1.00,1.00
2010.06.08 17:38:10.282,1.75535,1.75585,1.00,1.30
2010.06.08 17:38:10.419,1.75535,1.75595,1.00,4.80
2010.06.08 17:38:10.559,1.75535,1.7559,1.00,1.00
2010.06.08 17:38:11.193,1.75535,1.7558,1.00,1.00
2010.06.08 17:38:11.458,1.75525,1.7558,1.00,1.00
2010.06.08 17:38:12.001,1.75525,1.7559,1.00,1.00
2010.06.08 17:38:12.231,1.75535,1.7559,2.40,1.00
2010.06.08 17:38:12.817,1.75525,1.7559,2.00,1.00
2010.06.08 17:38:13.051,1.75525,1.7558,1.00,1.00
2010.06.08 17:38:15.720,1.7553,1.75595,1.60,1.80
2010.06.08 17:38:15.858,1.7553,1.75585,3.20,1.30
2010.06.08 17:38:16.000,1.75525,1.7558,1.00,1.00
2010.06.08 17:38:16.961,1.75515,1.7557,1.00,1.00
2010.06.08 17:38:19.420,1.75515,1.7555,1.00,1.80
2010.06.08 17:38:19.718,1.755,1.7555,1.60,1.80
2010.06.08 17:38:20.216,1.7549,1.7555,1.00,1.80
2010.06.08 17:38:20.919,1.7549,1.7555,5.30,1.30
2010.06.08 17:38:21.129,1.7549,1.7554,5.20,1.00
2010.06.08 17:38:21.528,1.7549,1.7554,1.00,1.00
2010.06.08 17:38:21.872,1.7548,1.7554,3.60,1.00
2010.06.08 17:38:22.209,1.7548,1.7554,1.20,1.00
2010.06.08 17:38:22.820,1.7548,1.75545,1.20,1.00
2010.06.08 17:38:23.091,1.75485,1.7554,1.00,1.00
2010.06.08 17:38:24.378,1.75495,1.75545,1.00,1.30
2010.06.08 17:38:24.588,1.75495,1.75535,1.00,1.30
2010.06.08 17:38:25.075,1.75485,1.7553,2.30,1.00
2010.06.08 17:38:25.423,1.7548,1.7554,1.00,1.80
2010.06.08 17:38:25.773,1.75485,1.7555,1.00,2.00
2010.06.08 17:38:27.421,1.75485,1.75545,1.00,1.30
2010.06.08 17:38:27.740,1.75485,1.7555,1.00,2.00
2010.06.08 17:38:28.061,1.75485,1.7555,1.10,2.00
2010.06.08 17:38:28.722,1.75485,1.7555,1.10,1.80
2010.06.08 17:38:29.928,1.7551,1.7555,1.00,1.30
2010.06.08 17:38:30.402,1.7551,1.75575,1.00,4.40
2010.06.08 17:38:30.744,1.75515,1.75575,1.00,1.00
2010.06.08 17:38:31.076,1.7551,1.75575,1.00,1.00
2010.06.08 17:38:32.206,1.75515,1.7558,1.00,1.80
2010.06.08 17:38:32.361,1.7553,1.75585,1.00,1.00
2010.06.08 17:38:32.512,1.7553,1.75615,4.30,7.50
2010.06.08 17:38:33.069,1.75525,1.756,2.40,1.80
2010.06.08 17:38:33.413,1.7551,1.75595,6.60,6.10
2010.06.08 17:38:33.753,1.75515,1.7559,2.40,1.80
2010.06.08 17:38:34.214,1.7551,1.75585,2.40,1.80
2010.06.08 17:38:34.563,1.75505,1.75565,1.00,1.00
2010.06.08 17:38:34.913,1.755,1.7557,5.90,1.30
2010.06.08 17:38:35.250,1.75505,1.75575,1.00,1.00
2010.06.08 17:38:35.849,1.7551,1.7558,1.00,1.80
2010.06.08 17:38:37.724,1.7552,1.7559,1.80,1.00
2010.06.08 17:38:38.960,1.75535,1.756,1.00,6.80
2010.06.08 17:38:39.561,1.75535,1.756,1.00,1.00
2010.06.08 17:38:39.885,1.7554,1.7559,1.30,1.00
2010.06.08 17:38:40.202,1.75545,1.75605,1.70,3.20
2010.06.08 17:38:40.521,1.7554,1.75605,1.00,1.00
2010.06.08 17:38:40.909,1.7554,1.75605,1.00,1.00
2010.06.08 17:38:41.257,1.75545,1.75595,1.30,1.00
2010.06.08 17:38:41.604,1.7554,1.75595,1.30,1.00
2010.06.08 17:38:42.312,1.7553,1.75595,2.80,1.00
2010.06.08 17:38:42.681,1.7553,1.75595,1.00,1.00
2010.06.08 17:38:43.215,1.75525,1.75585,1.00,2.40
2010.06.08 17:38:43.566,1.75535,1.7558,2.40,1.00
2010.06.08 17:38:43.915,1.75525,1.7558,4.80,1.00
2010.06.08 17:38:45.035,1.75525,1.75565,4.80,1.00
2010.06.08 17:38:45.361,1.75535,1.7556,1.00,1.30
2010.06.08 17:38:45.680,1.7553,1.7558,1.30,1.00
2010.06.08 17:38:46.348,1.7552,1.7558,1.70,1.00
2010.06.08 17:38:47.403,1.7552,1.7558,1.00,1.00
2010.06.08 17:38:47.741,1.7552,1.7558,1.90,1.00
2010.06.08 17:38:48.080,1.75525,1.75595,1.00,1.00
2010.06.08 17:38:48.281,1.75525,1.75605,1.00,2.80
2010.06.08 17:38:49.089,1.7552,1.75595,2.10,6.00
2010.06.08 17:38:49.433,1.7552,1.75595,1.00,8.40
2010.06.08 17:38:50.989,1.7552,1.75595,1.00,8.50
2010.06.08 17:38:51.249,1.7552,1.75575,1.00,1.00
2010.06.08 17:38:51.561,1.7551,1.75575,1.00,1.70
2010.06.08 17:38:52.228,1.7551,1.75585,1.80,5.20
2010.06.08 17:38:52.729,1.7551,1.75585,1.00,6.60
2010.06.08 17:38:52.978,1.7551,1.75585,1.00,6.60
2010.06.08 17:38:55.267,1.7551,1.75585,1.00,6.80
2010.06.08 17:38:55.671,1.7551,1.75585,1.00,6.60
2010.06.08 17:38:57.071,1.7551,1.7558,1.00,1.00
2010.06.08 17:38:57.329,1.7551,1.7558,5.20,1.00
2010.06.08 17:38:57.941,1.7551,1.75585,5.20,1.80
2010.06.08 17:38:59.626,1.7551,1.75585,5.20,1.00
2010.06.08 17:38:59.938,1.7551,1.75585,5.20,1.80
2010.06.08 17:39:00.241,1.7551,1.75585,4.80,1.80
2010.06.08 17:39:03.118,1.7551,1.75585,4.80,2.40
2010.06.08 17:39:06.591,1.7551,1.75585,4.90,2.40
2010.06.08 17:39:06.742,1.7551,1.75585,4.80,2.40
2010.06.08 17:39:07.181,1.7551,1.75585,4.90,2.40
2010.06.08 17:39:08.941,1.7551,1.75585,4.80,2.50
2010.06.08 17:39:09.941,1.7551,1.7558,4.80,1.00
2010.06.08 17:39:14.807,1.75515,1.7558,1.00,1.00
2010.06.08 17:39:15.415,1.75505,1.75575,1.00,2.80
2010.06.08 17:39:17.128,1.755,1.75555,1.30,1.00
2010.06.08 17:39:17.459,1.7549,1.75555,1.30,1.00
2010.06.08 17:39:17.638,1.75485,1.75555,1.00,1.80
2010.06.08 17:39:18.045,1.75485,1.7555,1.00,2.40
2010.06.08 17:39:18.239,1.7549,1.75555,1.00,2.10
2010.06.08 17:39:18.584,1.7549,1.75555,1.80,1.00
2010.06.08 17:39:19.411,1.755,1.75555,1.30,1.00
2010.06.08 17:39:19.750,1.7549,1.7557,1.80,4.80
2010.06.08 17:39:20.089,1.75505,1.75575,1.00,1.00
2010.06.08 17:39:20.476,1.7551,1.75575,1.30,1.00
2010.06.08 17:39:20.804,1.75515,1.75575,1.00,4.80
2010.06.08 17:39:21.130,1.75505,1.75575,1.00,5.20
2010.06.08 17:39:21.779,1.7551,1.75575,1.30,1.00
2010.06.08 17:39:22.538,1.75515,1.75585,1.00,3.20
2010.06.08 17:39:22.749,1.75515,1.75585,1.00,3.20
2010.06.08 17:39:23.829,1.7552,1.75585,1.00,3.20
2010.06.08 17:39:24.486,1.75505,1.75575,1.00,2.80
2010.06.08 17:39:24.783,1.75505,1.75575,1.00,2.80
2010.06.08 17:39:27.772,1.75505,1.7557,1.00,1.30
2010.06.08 17:39:28.112,1.755,1.75565,1.00,5.20
2010.06.08 17:39:28.271,1.75495,1.75565,1.00,5.20
2010.06.08 17:39:28.437,1.75485,1.7555,1.00,2.40
2010.06.08 17:39:28.601,1.75485,1.75535,1.00,1.30
2010.06.08 17:39:29.002,1.75485,1.75545,1.00,1.30
2010.06.08 17:39:29.169,1.75465,1.75545,5.40,1.80
2010.06.08 17:39:31.380,1.75495,1.7554,1.80,2.40
2010.06.08 17:39:31.799,1.75495,1.75555,1.80,1.00
2010.06.08 17:39:31.878,1.755,1.7556,1.00,1.00
2010.06.08 17:39:31.951,1.75495,1.7556,2.00,1.00
2010.06.08 17:39:32.512,1.75495,1.75555,2.00,1.00
2010.06.08 17:39:32.856,1.75495,1.75555,1.00,1.00
2010.06.08 17:39:33.200,1.7547,1.75545,1.30,5.20
2010.06.08 17:39:33.544,1.75475,1.7554,1.00,2.80
2010.06.08 17:39:33.910,1.75475,1.7554,1.00,5.20
2010.06.08 17:39:34.256,1.7548,1.75545,1.00,2.40
2010.06.08 17:39:35.279,1.75455,1.75515,3.20,5.60
2010.06.08 17:39:35.993,1.7545,1.75505,1.30,1.00
2010.06.08 17:39:36.084,1.75465,1.7552,1.00,1.00
2010.06.08 17:39:36.259,1.75465,1.7552,1.00,1.00
2010.06.08 17:39:37.520,1.7548,1.7554,2.00,1.00
2010.06.08 17:39:37.860,1.75495,1.75555,2.00,1.00
2010.06.08 17:39:38.778,1.75485,1.75555,1.00,1.00
2010.06.08 17:39:40.279,1.75495,1.75555,1.00,1.00
2010.06.08 17:39:40.481,1.75495,1.7555,1.00,1.00
2010.06.08 17:39:42.740,1.75465,1.75535,1.00,1.30
2010.06.08 17:39:43.084,1.75465,1.75535,1.00,4.20
2010.06.08 17:39:43.381,1.7547,1.75545,4.20,4.20
2010.06.08 17:39:43.753,1.7547,1.75545,6.60,1.80
2010.06.08 17:39:44.052,1.7547,1.75545,7.20,1.80
2010.06.08 17:39:44.681,1.75495,1.7555,1.00,1.00
2010.06.08 17:39:45.020,1.7547,1.75545,1.80,1.80
2010.06.08 17:39:45.360,1.7548,1.75555,1.80,1.00
2010.06.08 17:39:45.894,1.7547,1.75545,6.60,1.80
2010.06.08 17:39:47.018,1.7547,1.75545,4.20,1.80
2010.06.08 17:39:47.473,1.7547,1.75545,6.60,1.80
2010.06.08 17:39:47.764,1.7548,1.75555,1.80,1.00
2010.06.08 17:39:48.052,1.7548,1.75545,1.30,1.00
2010.06.08 17:39:48.331,1.7548,1.75555,1.80,1.00
2010.06.08 17:39:48.558,1.75475,1.75545,4.80,1.80
2010.06.08 17:39:48.790,1.7548,1.75555,1.80,5.80
2010.06.08 17:39:49.019,1.75475,1.75545,4.80,1.80
2010.06.08 17:39:49.248,1.7547,1.75545,6.60,1.80
2010.06.08 17:39:49.984,1.7547,1.75545,6.60,1.70
2010.06.08 17:39:50.170,1.7547,1.75545,4.20,1.70
2010.06.08 17:39:50.361,1.75465,1.7553,1.00,1.00
2010.06.08 17:39:50.549,1.75465,1.7553,1.00,1.00
2010.06.08 17:39:51.431,1.75465,1.75535,1.00,1.70
2010.06.08 17:39:53.243,1.75465,1.75535,1.00,1.90
2010.06.08 17:39:57.467,1.7546,1.75535,1.80,1.90
2010.06.08 17:39:58.698,1.7546,1.75535,1.80,1.70
2010.06.08 17:39:59.197,1.7546,1.75535,1.80,4.10
2010.06.08 17:39:59.370,1.75455,1.7553,1.20,2.40
2010.06.08 17:40:00.048,1.75455,1.75535,1.20,6.60
2010.06.08 17:40:01.664,1.75455,1.75535,1.00,6.60
2010.06.08 17:40:01.861,1.75455,1.7552,1.00,2.80
2010.06.08 17:40:02.049,1.75455,1.7552,1.00,5.20
2010.06.08 17:40:02.449,1.75455,1.75515,1.00,1.00
2010.06.08 17:40:02.641,1.75455,1.75515,1.00,4.20
2010.06.08 17:40:03.122,1.75455,1.75515,1.00,1.30
2010.06.08 17:40:03.465,1.75455,1.7552,1.00,5.20
2010.06.08 17:40:04.818,1.75455,1.7552,1.00,4.80
2010.06.08 17:40:05.391,1.7546,1.75535,2.80,2.40
2010.06.08 17:40:05.447,1.7546,1.7554,1.00,5.20
2010.06.08 17:40:05.597,1.7546,1.7554,1.00,5.20
2010.06.08 17:40:05.677,1.7546,1.7554,2.80,2.80
2010.06.08 17:40:05.718,1.7546,1.7554,5.20,1.00
2010.06.08 17:40:07.870,1.7547,1.7555,2.80,2.80
2010.06.08 17:40:08.049,1.7547,1.75545,2.80,1.30
2010.06.08 17:40:08.229,1.75465,1.7554,3.10,1.00
2010.06.08 17:40:08.729,1.7547,1.75545,2.80,1.80
2010.06.08 17:40:09.661,1.7548,1.75555,1.00,2.00
2010.06.08 17:40:09.892,1.7547,1.75545,5.20,1.80
2010.06.08 17:40:11.120,1.7546,1.75535,6.40,1.80
2010.06.08 17:40:11.439,1.75465,1.75535,1.00,1.80
2010.06.08 17:40:11.759,1.7547,1.75545,5.20,1.80
2010.06.08 17:40:16.413,1.75465,1.75515,1.00,1.80
2010.06.08 17:40:16.710,1.75465,1.75525,1.00,2.80
2010.06.08 17:40:17.012,1.75465,1.75515,1.00,1.00
2010.06.08 17:40:17.413,1.75465,1.75515,1.00,1.00
2010.06.08 17:40:17.761,1.75445,1.75515,1.70,1.00
2010.06.08 17:40:21.648,1.75445,1.75515,1.70,1.00
2010.06.08 17:40:21.941,1.7545,1.7552,1.00,1.00
2010.06.08 17:40:22.201,1.75435,1.755,2.80,1.30
2010.06.08 17:40:22.816,1.75435,1.75495,1.00,1.00
2010.06.08 17:40:23.070,1.75435,1.755,1.00,2.40
2010.06.08 17:40:23.410,1.75435,1.75495,1.00,1.00
2010.06.08 17:40:24.072,1.75435,1.75495,1.00,1.00
2010.06.08 17:40:25.429,1.75435,1.755,1.00,2.40
2010.06.08 17:40:26.042,1.75435,1.75505,1.00,2.40
2010.06.08 17:40:27.165,1.75435,1.7551,1.00,4.80
2010.06.08 17:40:28.189,1.75445,1.75515,1.80,1.00
2010.06.08 17:40:28.390,1.7544,1.7551,1.00,1.80
2010.06.08 17:40:28.885,1.7545,1.7551,1.30,1.00
2010.06.08 17:40:29.095,1.7545,1.7551,1.00,1.30
2010.06.08 17:40:29.303,1.75445,1.75515,1.80,2.80
2010.06.08 17:40:30.342,1.75445,1.75515,1.80,1.00
2010.06.08 17:40:32.188,1.75445,1.75515,1.80,1.00
2010.06.08 17:40:32.438,1.75445,1.7551,1.80,4.80
2010.06.08 17:40:32.899,1.75445,1.7551,1.80,4.90
2010.06.08 17:40:33.032,1.75445,1.7551,1.00,6.10
2010.06.08 17:40:35.154,1.75445,1.7551,1.80,4.80
2010.06.08 17:40:37.652,1.75455,1.75505,1.30,2.40
2010.06.08 17:40:38.080,1.75455,1.7551,1.30,2.40
2010.06.08 17:40:38.142,1.75455,1.75525,1.80,2.00
2010.06.08 17:40:38.161,1.75455,1.75525,1.80,1.00
2010.06.08 17:40:38.931,1.7545,1.7552,2.40,1.00
2010.06.08 17:40:39.272,1.75445,1.7552,2.40,1.00
2010.06.08 17:40:43.349,1.7544,1.7552,4.20,3.20
2010.06.08 17:40:43.468,1.75445,1.7552,2.40,1.00
2010.06.08 17:40:43.977,1.7545,1.7552,2.40,1.00
2010.06.08 17:40:44.087,1.7545,1.7552,4.80,1.00
2010.06.08 17:40:44.569,1.7545,1.7552,4.80,1.00
2010.06.08 17:40:47.788,1.7546,1.75525,1.00,1.00
2010.06.08 17:40:47.948,1.7546,1.75525,1.00,1.00
2010.06.08 17:40:48.109,1.7545,1.75525,4.80,1.00
2010.06.08 17:40:49.119,1.7545,1.7553,4.80,2.00
2010.06.08 17:40:49.340,1.7546,1.7553,1.00,2.40
2010.06.08 17:40:49.579,1.75445,1.75525,3.70,2.40
2010.06.08 17:40:49.819,1.75445,1.7553,6.10,6.80
2010.06.08 17:40:50.059,1.7546,1.75535,1.00,2.10
2010.06.08 17:40:50.431,1.7546,1.75535,1.00,2.00
2010.06.08 17:40:51.322,1.75455,1.75525,2.80,2.00
2010.06.08 17:40:51.783,1.7546,1.75525,1.00,1.30
2010.06.08 17:40:52.100,1.7546,1.7553,1.00,2.00
2010.06.08 17:40:54.398,1.7547,1.7554,1.00,2.60
2010.06.08 17:40:54.579,1.7546,1.7553,1.00,2.00
2010.06.08 17:40:55.178,1.7546,1.7553,1.00,1.30
2010.06.08 17:40:55.746,1.7546,1.75535,1.00,1.80
2010.06.08 17:40:56.957,1.7546,1.7553,1.00,2.00
2010.06.08 17:41:01.518,1.75455,1.7552,6.10,1.00
2010.06.08 17:41:01.570,1.75455,1.7552,6.30,1.00
2010.06.08 17:41:01.617,1.75455,1.7552,6.10,1.00
2010.06.08 17:41:01.669,1.7546,1.7553,1.00,2.00
2010.06.08 17:41:01.720,1.7546,1.75525,1.00,1.30
2010.06.08 17:41:01.816,1.7546,1.7553,1.00,2.00
2010.06.08 17:41:02.880,1.7545,1.7552,1.00,2.00
2010.06.08 17:41:03.817,1.7545,1.7552,1.00,2.00
2010.06.08 17:41:04.751,1.7545,1.7552,1.00,2.00
2010.06.08 17:41:05.077,1.75445,1.75505,6.60,1.00
2010.06.08 17:41:05.339,1.75445,1.75505,2.80,1.00
2010.06.08 17:41:05.478,1.75445,1.75485,1.00,1.00
2010.06.08 17:41:05.749,1.75425,1.75485,1.70,1.00
2010.06.08 17:41:05.889,1.7544,1.755,1.00,1.30
2010.06.08 17:41:06.352,1.7544,1.75505,1.00,1.00
2010.06.08 17:41:07.548,1.7544,1.7551,1.00,1.20
2010.06.08 17:41:08.181,1.7543,1.75495,1.00,1.00
2010.06.08 17:41:08.470,1.75435,1.755,1.00,2.00
2010.06.08 17:41:08.759,1.75435,1.755,5.20,1.00
2010.06.08 17:41:09.051,1.75445,1.7551,1.00,1.00
2010.06.08 17:41:09.342,1.75465,1.75525,2.80,1.60
2010.06.08 17:41:10.012,1.75445,1.7551,5.60,1.00
2010.06.08 17:41:10.629,1.7545,1.75515,1.00,1.00
2010.06.08 17:41:10.938,1.7545,1.75515,1.80,1.00
2010.06.08 17:41:11.058,1.75455,1.7553,2.40,3.60
2010.06.08 17:41:11.179,1.75455,1.7553,2.40,1.20
2010.06.08 17:41:11.790,1.75455,1.7553,2.40,1.00
2010.06.08 17:41:13.589,1.7546,1.7553,4.80,1.00
2010.06.08 17:41:14.052,1.7546,1.7553,4.80,1.00
2010.06.08 17:41:14.302,1.75455,1.7553,5.20,1.00
2010.06.08 17:41:14.554,1.75455,1.75525,2.40,1.00
2010.06.08 17:41:14.805,1.75465,1.7552,1.30,1.00
2010.06.08 17:41:15.407,1.75455,1.7552,5.00,1.00
2010.06.08 17:41:15.758,1.7546,1.75525,1.00,1.00
2010.06.08 17:41:17.390,1.7545,1.75515,1.00,1.00
2010.06.08 17:41:18.399,1.75465,1.7553,1.00,1.00
2010.06.08 17:41:19.116,1.7545,1.75525,4.20,1.80
2010.06.08 17:41:20.975,1.7546,1.75525,1.30,1.00
2010.06.08 17:41:21.109,1.7547,1.75535,1.30,1.00
2010.06.08 17:41:21.238,1.75475,1.75545,1.00,1.00
2010.06.08 17:41:23.081,1.75475,1.75545,1.00,1.70
2010.06.08 17:41:23.190,1.7546,1.7554,2.40,2.40
2010.06.08 17:41:25.361,1.75485,1.75545,1.00,4.80
2010.06.08 17:41:25.925,1.75485,1.7555,1.00,3.10
2010.06.08 17:41:26.157,1.75475,1.75545,1.00,1.00
2010.06.08 17:41:27.529,1.7547,1.7554,4.20,1.00
2010.06.08 17:41:27.876,1.7546,1.7554,1.80,5.20
2010.06.08 17:41:28.221,1.7547,1.75535,1.00,1.00
2010.06.08 17:41:28.519,1.75465,1.75535,3.70,1.00
2010.06.08 17:41:28.913,1.75465,1.75535,2.40,1.80
2010.06.08 17:41:29.213,1.7546,1.75535,1.80,1.80
2010.06.08 17:41:31.080,1.7546,1.75535,4.20,1.80
2010.06.08 17:41:31.244,1.7547,1.75535,1.00,1.00
2010.06.08 17:41:31.400,1.7547,1.7554,1.00,2.40
2010.06.08 17:41:31.567,1.75475,1.7554,1.00,1.00
2010.06.08 17:41:31.811,1.75475,1.75545,1.00,1.00
2010.06.08 17:41:32.832,1.7547,1.7554,4.20,1.00
2010.06.08 17:41:33.170,1.7546,1.75535,4.20,1.80
2010.06.08 17:41:33.511,1.7546,1.75535,4.20,1.00
2010.06.08 17:41:33.980,1.7547,1.75535,1.30,1.00
2010.06.08 17:41:34.325,1.75475,1.75545,1.00,1.10
2010.06.08 17:41:34.871,1.7547,1.75525,2.40,1.00
2010.06.08 17:41:35.069,1.75465,1.75525,1.00,1.00
2010.06.08 17:41:35.272,1.7547,1.75535,1.00,1.00
2010.06.08 17:41:35.755,1.75475,1.7554,1.00,1.00
2010.06.08 17:41:35.980,1.75475,1.7554,1.00,1.00
2010.06.08 17:41:37.778,1.75455,1.7554,8.60,5.30
2010.06.08 17:41:38.122,1.75445,1.75515,4.00,1.80
2010.06.08 17:41:38.339,1.7544,1.75515,4.20,1.80
2010.06.08 17:41:38.559,1.7544,1.75515,4.70,1.80
2010.06.08 17:41:40.349,1.7544,1.75515,4.20,1.80
2010.06.08 17:41:41.378,1.7544,1.75515,4.20,2.00
2010.06.08 17:41:42.330,1.7544,1.75515,4.20,1.80
2010.06.08 17:41:46.166,1.75445,1.75515,4.80,1.80
2010.06.08 17:41:46.378,1.7544,1.75515,1.80,1.80
2010.06.08 17:41:49.409,1.7545,1.75525,1.80,1.00
2010.06.08 17:41:50.099,1.7545,1.7552,1.80,2.40
2010.06.08 17:41:50.189,1.7545,1.7552,1.80,4.80
2010.06.08 17:41:50.631,1.7544,1.75515,1.80,1.80
2010.06.08 17:41:53.857,1.7544,1.75515,1.80,2.00
2010.06.08 17:42:02.857,1.7544,1.75515,1.80,1.90
2010.06.08 17:42:07.589,1.7544,1.75515,2.00,1.80
2010.06.08 17:42:09.615,1.7544,1.75515,1.80,1.80
2010.06.08 17:42:10.069,1.7545,1.7552,1.80,5.50
2010.06.08 17:42:10.308,1.7545,1.75525,1.80,1.00
2010.06.08 17:42:11.458,1.75445,1.75515,4.80,1.80
2010.06.08 17:42:12.081,1.75445,1.75515,1.00,1.80
2010.06.08 17:42:12.609,1.7544,1.75515,1.80,1.80
2010.06.08 17:42:15.181,1.7544,1.75515,1.80,2.00
2010.06.08 17:42:15.408,1.75445,1.75515,1.00,1.00
2010.06.08 17:42:15.569,1.7544,1.75515,1.80,1.90
2010.06.08 17:42:15.738,1.7544,1.75515,1.80,1.80
2010.06.08 17:42:16.744,1.7544,1.75515,1.80,2.00
2010.06.08 17:42:18.619,1.7544,1.75505,1.00,1.00
2010.06.08 17:42:21.288,1.7544,1.7551,1.00,1.30
2010.06.08 17:42:21.378,1.7544,1.75515,1.80,1.80
2010.06.08 17:42:22.149,1.7544,1.75515,1.80,2.00
2010.06.08 17:42:23.624,1.7544,1.7551,1.80,1.00
2010.06.08 17:42:23.888,1.75425,1.7547,2.40,2.40
2010.06.08 17:42:24.144,1.75415,1.75475,2.40,1.80
2010.06.08 17:42:24.560,1.75415,1.7547,4.00,1.00
2010.06.08 17:42:24.905,1.75395,1.75465,1.00,1.00
2010.06.08 17:42:27.487,1.75395,1.75455,1.00,1.00
2010.06.08 17:42:27.775,1.7541,1.75475,1.00,1.00
2010.06.08 17:42:28.091,1.754,1.75465,1.00,1.00
2010.06.08 17:42:28.728,1.754,1.7547,2.80,1.30
2010.06.08 17:42:29.075,1.75395,1.75465,1.00,1.00
2010.06.08 17:42:29.759,1.75395,1.75455,1.00,1.00
2010.06.08 17:42:31.880,1.75395,1.75445,1.00,1.00
2010.06.08 17:42:31.978,1.7538,1.75445,1.00,1.00
2010.06.08 17:42:32.018,1.75385,1.75445,1.30,1.00
2010.06.08 17:42:32.719,1.7539,1.75455,1.00,1.20
2010.06.08 17:42:33.778,1.7539,1.75455,1.00,1.20
2010.06.08 17:42:33.919,1.7539,1.75455,4.20,1.00
2010.06.08 17:42:34.198,1.7539,1.7546,1.00,1.90
2010.06.08 17:42:34.338,1.7539,1.75455,1.00,1.00
2010.06.08 17:42:35.192,1.7539,1.75455,1.00,1.00
2010.06.08 17:42:36.655,1.7539,1.7546,1.90,1.00
2010.06.08 17:42:36.716,1.7539,1.7546,4.30,1.00
2010.06.08 17:42:36.878,1.7539,1.7546,4.30,1.00
2010.06.08 17:42:41.788,1.75395,1.75465,1.00,1.00
2010.06.08 17:42:41.948,1.7539,1.75465,4.10,1.00
2010.06.08 17:42:42.357,1.7539,1.75465,4.10,1.00
2010.06.08 17:42:42.522,1.7539,1.75465,4.10,1.00
2010.06.08 17:42:42.859,1.754,1.75465,1.00,1.00
2010.06.08 17:42:43.200,1.75405,1.75465,1.00,1.00
2010.06.08 17:42:44.384,1.75405,1.7547,1.00,1.00
2010.06.08 17:42:44.641,1.75405,1.75475,1.00,1.00
2010.06.08 17:42:46.298,1.75405,1.7547,1.00,1.00
2010.06.08 17:42:47.590,1.75395,1.7546,1.00,1.00
2010.06.08 17:42:49.338,1.754,1.7546,1.30,1.00
2010.06.08 17:42:49.470,1.75405,1.75475,1.00,5.60
2010.06.08 17:42:49.599,1.7541,1.75475,1.00,3.50
2010.06.08 17:42:49.728,1.7541,1.75475,1.80,2.40
2010.06.08 17:42:49.859,1.7541,1.75475,1.80,1.00
2010.06.08 17:42:50.599,1.75405,1.75465,1.00,1.00
2010.06.08 17:42:52.585,1.7541,1.7547,1.00,1.30
2010.06.08 17:42:52.930,1.7541,1.7548,1.00,1.70
2010.06.08 17:42:53.615,1.7541,1.7548,1.00,1.90
2010.06.08 17:42:53.930,1.7541,1.7548,1.00,1.70
2010.06.08 17:42:59.960,1.75415,1.75485,1.00,1.00
2010.06.08 17:43:00.502,1.75415,1.75485,1.00,1.00
2010.06.08 17:43:00.809,1.75415,1.7548,1.00,3.70
2010.06.08 17:43:00.919,1.75405,1.75475,1.00,1.00
2010.06.08 17:43:01.509,1.754,1.75465,1.00,1.00
2010.06.08 17:43:02.063,1.754,1.75465,1.00,1.00
2010.06.08 17:43:02.760,1.754,1.75465,1.00,1.00
2010.06.08 17:43:03.103,1.754,1.75465,1.00,1.00
2010.06.08 17:43:03.438,1.7539,1.7546,2.80,1.30
2010.06.08 17:43:03.589,1.75395,1.75465,2.40,1.00
2010.06.08 17:43:04.059,1.75395,1.75465,2.40,1.00
2010.06.08 17:43:04.214,1.75415,1.7547,1.00,1.00
2010.06.08 17:43:04.362,1.7541,1.7547,4.80,1.00
2010.06.08 17:43:04.508,1.75415,1.7547,4.80,1.00
2010.06.08 17:43:04.854,1.75415,1.7547,2.80,1.00
2010.06.08 17:43:05.206,1.75415,1.7547,1.00,1.00
2010.06.08 17:43:05.559,1.7541,1.7547,2.40,2.40
2010.06.08 17:43:05.709,1.7541,1.7547,2.40,1.00
2010.06.08 17:43:05.859,1.7541,1.7547,2.40,1.00
2010.06.08 17:43:06.009,1.7541,1.7547,2.40,1.00
2010.06.08 17:43:06.158,1.7541,1.7547,2.40,1.00
2010.06.08 17:43:07.259,1.7541,1.75465,2.40,1.00
2010.06.08 17:43:07.753,1.7541,1.75465,2.40,1.00
2010.06.08 17:43:09.458,1.754,1.75465,5.20,1.00
2010.06.08 17:43:09.716,1.754,1.75465,6.80,1.00
2010.06.08 17:43:10.101,1.7541,1.75465,1.00,1.00
2010.06.08 17:43:10.378,1.7541,1.7547,1.00,1.00
2010.06.08 17:43:10.519,1.7541,1.7547,2.60,1.00
2010.06.08 17:43:10.661,1.7541,1.7547,7.40,1.00
2010.06.08 17:43:10.939,1.7541,1.7547,7.20,1.00
2010.06.08 17:43:11.272,1.7541,1.7547,7.20,1.00
2010.06.08 17:43:11.458,1.7541,1.75475,7.20,1.00
2010.06.08 17:43:11.639,1.75415,1.75475,2.40,1.00
2010.06.08 17:43:11.829,1.7541,1.7547,2.40,1.00
2010.06.08 17:43:12.229,1.7541,1.7547,1.00,1.00
2010.06.08 17:43:12.419,1.75415,1.7547,1.00,1.00
2010.06.08 17:43:13.828,1.7541,1.7548,4.20,1.00
2010.06.08 17:43:13.947,1.7541,1.7548,6.60,1.00
2010.06.08 17:43:15.220,1.7541,1.7547,5.20,1.00
2010.06.08 17:43:15.891,1.75415,1.75485,1.00,1.00
2010.06.08 17:43:15.978,1.7541,1.75475,1.70,1.00
2010.06.08 17:43:16.459,1.7541,1.75475,1.00,1.00
2010.06.08 17:43:19.368,1.75415,1.75475,4.80,1.00
2010.06.08 17:43:19.568,1.75415,1.7548,5.20,1.00
2010.06.08 17:43:20.870,1.75405,1.75465,3.10,1.00
2010.06.08 17:43:21.249,1.75405,1.75465,1.00,1.00
2010.06.08 17:43:21.446,1.7541,1.7548,4.20,1.00
2010.06.08 17:43:21.759,1.7541,1.7548,1.80,1.00
2010.06.08 17:43:22.069,1.7541,1.75475,1.00,1.30
2010.06.08 17:43:22.382,1.75405,1.7547,1.00,1.00
2010.06.08 17:43:23.073,1.75405,1.7548,1.00,4.80
2010.06.08 17:43:26.110,1.75395,1.75475,2.80,2.80
2010.06.08 17:43:26.130,1.75395,1.75475,2.90,2.80
2010.06.08 17:43:26.388,1.75395,1.75475,2.80,2.80
2010.06.08 17:43:27.193,1.75395,1.7547,1.00,4.80
2010.06.08 17:43:28.689,1.75395,1.75465,1.00,1.00
2010.06.08 17:43:28.918,1.75395,1.7547,1.00,4.90
2010.06.08 17:43:29.791,1.75395,1.7547,1.00,4.80
2010.06.08 17:43:30.780,1.75395,1.75465,1.00,1.00
2010.06.08 17:43:32.679,1.75395,1.7546,1.00,1.00
2010.06.08 17:43:33.160,1.7539,1.75455,1.20,1.00
2010.06.08 17:43:33.288,1.7539,1.75455,1.00,1.70
2010.06.08 17:43:33.418,1.7539,1.75455,1.00,1.70
2010.06.08 17:43:34.829,1.7539,1.75455,1.00,1.90
2010.06.08 17:43:36.131,1.75385,1.75455,1.00,1.90
2010.06.08 17:43:38.163,1.75385,1.75455,1.00,1.70
2010.06.08 17:43:38.419,1.7539,1.75455,1.00,1.70
2010.06.08 17:43:38.792,1.7539,1.75455,1.00,1.00
2010.06.08 17:43:38.982,1.7538,1.7544,1.60,1.00
2010.06.08 17:43:39.169,1.7537,1.7544,2.40,1.00
2010.06.08 17:43:40.710,1.7536,1.7543,1.00,1.00
2010.06.08 17:43:41.051,1.7535,1.7542,1.00,1.00
2010.06.08 17:43:41.736,1.7532,1.7539,1.00,4.80
2010.06.08 17:43:42.071,1.7534,1.7539,1.00,2.40
2010.06.08 17:43:42.785,1.7533,1.7539,1.60,5.20
2010.06.08 17:43:43.134,1.75305,1.7538,1.80,1.00
2010.06.08 17:43:45.123,1.75325,1.7539,3.70,1.00
2010.06.08 17:43:45.372,1.7533,1.754,1.00,1.20
2010.06.08 17:43:45.966,1.7533,1.754,1.00,1.10
2010.06.08 17:43:46.216,1.75325,1.75395,4.20,1.00
2010.06.08 17:43:46.463,1.75325,1.754,4.20,1.00
2010.06.08 17:43:46.802,1.7533,1.754,1.00,2.80
2010.06.08 17:43:47.188,1.7533,1.754,1.00,1.00
2010.06.08 17:43:47.871,1.7534,1.7541,1.00,2.80
2010.06.08 17:43:48.213,1.7534,1.7541,1.00,1.00
2010.06.08 17:43:53.048,1.7533,1.754,1.00,1.00
2010.06.08 17:43:55.649,1.7533,1.7538,1.00,1.30
2010.06.08 17:43:56.384,1.75325,1.7538,1.00,1.30
2010.06.08 17:43:56.519,1.75325,1.7537,1.00,1.30
2010.06.08 17:43:56.658,1.75325,1.7538,1.00,1.30
2010.06.08 17:43:56.800,1.75325,1.7538,2.80,1.30
2010.06.08 17:43:57.198,1.75325,1.7537,2.80,1.30
2010.06.08 17:43:57.328,1.75325,1.7537,1.00,1.30
2010.06.08 17:43:58.300,1.75325,1.7538,2.80,1.30
2010.06.08 17:43:58.960,1.75325,1.7537,1.00,1.30
2010.06.08 17:44:00.172,1.75325,1.75365,1.00,1.30
2010.06.08 17:44:00.510,1.75325,1.7537,1.00,1.30
2010.06.08 17:44:02.368,1.75325,1.75375,1.00,1.30
2010.06.08 17:44:04.339,1.7533,1.7538,1.00,1.30
2010.06.08 17:44:04.479,1.75325,1.75375,4.20,1.30
2010.06.08 17:44:04.618,1.75325,1.75375,3.40,1.30
2010.06.08 17:44:04.758,1.7532,1.75375,3.20,1.30
2010.06.08 17:44:06.080,1.7534,1.75375,1.00,1.30
2010.06.08 17:44:06.228,1.7534,1.754,2.80,4.50
2010.06.08 17:44:06.721,1.7534,1.754,5.20,2.10
2010.06.08 17:44:06.812,1.75335,1.75385,1.60,1.30
2010.06.08 17:44:06.888,1.7533,1.75385,5.20,1.30
2010.06.08 17:44:07.543,1.7533,1.7538,1.00,1.30
2010.06.08 17:44:08.217,1.7533,1.7538,2.80,1.30
2010.06.08 17:44:08.421,1.75335,1.754,1.00,2.10
2010.06.08 17:44:08.629,1.7533,1.75385,2.80,1.30
2010.06.08 17:44:11.008,1.7534,1.754,2.40,2.10
2010.06.08 17:44:11.962,1.7533,1.7539,5.20,1.30
2010.06.08 17:44:13.099,1.7534,1.754,2.80,1.30
2010.06.08 17:44:13.333,1.75335,1.7539,1.00,1.30
2010.06.08 17:44:13.561,1.7534,1.754,2.80,1.30
2010.06.08 17:44:14.669,1.7535,1.75415,2.80,4.20
2010.06.08 17:44:15.039,1.7535,1.75415,2.80,2.60
2010.06.08 17:44:15.271,1.75335,1.7538,2.40,1.30
2010.06.08 17:44:15.441,1.75325,1.7538,1.00,1.30
2010.06.08 17:44:15.611,1.75335,1.7539,1.00,1.30
2010.06.08 17:44:15.780,1.7533,1.75375,3.20,1.30
2010.06.08 17:44:16.245,1.7533,1.7538,3.20,1.00
2010.06.08 17:44:16.593,1.7534,1.75395,1.00,1.30
2010.06.08 17:44:16.930,1.75345,1.7541,1.00,2.40
2010.06.08 17:44:17.270,1.75345,1.7541,1.00,3.10
2010.06.08 17:44:17.890,1.7534,1.75405,1.00,1.70
2010.06.08 17:44:19.704,1.7533,1.75395,10.10,1.00
2010.06.08 17:44:19.802,1.7533,1.7539,5.60,1.30
2010.06.08 17:44:19.899,1.7533,1.7539,1.60,1.30
2010.06.08 17:44:19.998,1.7533,1.754,1.00,2.00
2010.06.08 17:44:22.069,1.75325,1.75395,1.00,2.00
2010.06.08 17:44:22.507,1.7532,1.75395,6.30,2.00
2010.06.08 17:44:24.238,1.7532,1.75385,6.00,1.00
2010.06.08 17:44:24.358,1.7532,1.75385,1.20,2.00
2010.06.08 17:44:24.732,1.7532,1.75385,1.00,2.00
2010.06.08 17:44:25.768,1.75325,1.75385,1.00,1.00
2010.06.08 17:44:25.919,1.75325,1.75395,1.00,2.00
2010.06.08 17:44:26.752,1.75325,1.75385,1.00,1.30
2010.06.08 17:44:26.980,1.75325,1.75385,1.00,1.00
2010.06.08 17:44:27.208,1.7532,1.75385,1.00,1.00
2010.06.08 17:44:27.429,1.75325,1.75395,1.00,1.00
2010.06.08 17:44:27.660,1.75325,1.75395,3.50,1.00
2010.06.08 17:44:27.889,1.75325,1.75395,1.10,1.00
2010.06.08 17:44:28.139,1.75325,1.75395,1.00,1.00
2010.06.08 17:44:28.730,1.75325,1.75395,1.10,1.00
2010.06.08 17:44:29.379,1.75335,1.75405,2.80,1.30
2010.06.08 17:44:29.539,1.75335,1.75395,2.80,1.00
2010.06.08 17:44:29.699,1.75335,1.75395,1.00,1.00
2010.06.08 17:44:35.348,1.75335,1.754,1.00,4.10
2010.06.08 17:44:35.498,1.75335,1.754,1.00,1.00
2010.06.08 17:44:36.077,1.75335,1.75395,1.00,1.00
2010.06.08 17:44:37.801,1.75335,1.75385,1.00,1.00
2010.06.08 17:44:38.161,1.75325,1.75385,1.00,1.00
2010.06.08 17:44:39.107,1.75325,1.75395,1.00,1.00
2010.06.08 17:44:39.531,1.7532,1.75385,1.00,1.00
2010.06.08 17:44:39.730,1.7532,1.75385,1.00,1.00
2010.06.08 17:44:39.930,1.7532,1.7537,1.00,1.00
2010.06.08 17:44:40.466,1.7532,1.7537,1.00,1.00
2010.06.08 17:44:41.520,1.75315,1.7538,1.10,1.00
2010.06.08 17:44:41.740,1.75315,1.7537,1.00,1.00
2010.06.08 17:44:41.959,1.75315,1.7538,1.10,1.00
2010.06.08 17:44:42.485,1.75315,1.7537,1.00,1.00
2010.06.08 17:44:43.662,1.7533,1.75375,1.00,1.30
2010.06.08 17:44:43.862,1.75325,1.75375,1.00,1.00
2010.06.08 17:44:44.482,1.75345,1.7539,1.00,1.00
2010.06.08 17:44:44.681,1.75335,1.7539,1.00,1.00
2010.06.08 17:44:45.021,1.75335,1.75395,1.00,1.00
2010.06.08 17:44:55.344,1.7532,1.75385,1.70,4.80
2010.06.08 17:44:55.549,1.7531,1.7538,1.00,1.00
2010.06.08 17:44:55.759,1.75305,1.7537,1.00,1.70
2010.06.08 17:44:56.010,1.7531,1.7537,1.00,1.70
2010.06.08 17:44:56.647,1.7531,1.75365,1.00,6.60
2010.06.08 17:44:56.892,1.7531,1.7536,1.00,6.10
2010.06.08 17:44:57.376,1.7531,1.7536,1.00,4.80
2010.06.08 17:44:57.726,1.7531,1.75355,1.00,1.00
2010.06.08 17:44:59.127,1.7531,1.7538,1.20,4.20
2010.06.08 17:44:59.399,1.7531,1.7538,1.20,2.80
2010.06.08 17:44:59.672,1.75315,1.7538,1.30,1.00
2010.06.08 17:45:00.295,1.7532,1.7539,1.00,1.00
2010.06.08 17:45:00.592,1.7532,1.7539,1.00,1.00
2010.06.08 17:45:00.900,1.7532,1.75385,1.00,1.30
2010.06.08 17:45:01.203,1.7531,1.7538,1.20,1.00
2010.06.08 17:45:01.655,1.7531,1.7538,1.00,1.00
2010.06.08 17:45:01.965,1.75285,1.7535,1.00,1.30
2010.06.08 17:45:02.272,1.75285,1.7536,1.80,5.20
2010.06.08 17:45:03.903,1.75295,1.7537,1.80,1.40
2010.06.08 17:45:04.349,1.75295,1.7537,1.80,1.20
2010.06.08 17:45:05.382,1.75295,1.75365,1.80,1.00
2010.06.08 17:45:05.619,1.75295,1.75365,1.80,1.00
2010.06.08 17:45:06.088,1.75295,1.7537,1.80,1.00
2010.06.08 17:45:08.248,1.75295,1.7537,1.80,1.00
2010.06.08 17:45:08.458,1.75295,1.7537,1.80,1.00
2010.06.08 17:45:08.962,1.75295,1.75365,1.80,1.00
2010.06.08 17:45:09.130,1.7529,1.7536,1.00,2.80
2010.06.08 17:45:10.420,1.7529,1.7535,1.10,4.20
2010.06.08 17:45:10.739,1.7529,1.7535,1.10,1.30
2010.06.08 17:45:11.118,1.7529,1.75355,1.10,2.40
2010.06.08 17:45:11.440,1.7529,1.7536,1.10,2.80
2010.06.08 17:45:13.694,1.75295,1.7537,1.80,1.00
2010.06.08 17:45:13.958,1.7529,1.7537,3.20,1.00
2010.06.08 17:45:14.093,1.7529,1.7536,1.00,1.00
2010.06.08 17:45:14.233,1.7529,1.7536,1.00,1.80
2010.06.08 17:45:14.500,1.7529,1.75355,1.00,1.00
2010.06.08 17:45:14.769,1.7529,1.75355,1.00,1.00
2010.06.08 17:45:16.369,1.75285,1.7536,1.00,4.80
2010.06.08 17:45:16.432,1.75285,1.7536,2.80,2.40
2010.06.08 17:45:16.518,1.75285,1.75365,2.80,2.80
2010.06.08 17:45:16.788,1.75285,1.75365,2.80,2.80
2010.06.08 17:45:18.127,1.75295,1.75365,1.00,2.80
2010.06.08 17:45:18.481,1.75295,1.75365,1.80,2.80
2010.06.08 17:45:18.613,1.7531,1.7538,1.00,5.90
2010.06.08 17:45:18.735,1.75305,1.7537,1.30,1.00
2010.06.08 17:45:18.860,1.75295,1.7537,1.80,1.00
2010.06.08 17:45:19.584,1.75305,1.75375,1.80,1.00
2010.06.08 17:45:21.580,1.75315,1.7538,1.00,4.40
2010.06.08 17:45:22.146,1.7533,1.7538,1.00,1.00
2010.06.08 17:45:22.401,1.7533,1.75395,1.00,1.00
2010.06.08 17:45:22.775,1.7533,1.75395,1.00,1.00
2010.06.08 17:45:23.122,1.75345,1.7541,1.00,2.10
2010.06.08 17:45:23.786,1.7535,1.7541,1.00,1.00
2010.06.08 17:45:24.075,1.75335,1.75405,2.80,1.70
2010.06.08 17:45:24.365,1.7533,1.7539,1.60,1.00
2010.06.08 17:45:24.650,1.75325,1.7539,1.20,1.00
2010.06.08 17:45:25.644,1.7534,1.754,1.00,1.30
2010.06.08 17:45:25.769,1.7534,1.75405,1.00,3.00
2010.06.08 17:45:25.900,1.7534,1.75405,1.00,1.00
2010.06.08 17:45:26.028,1.7534,1.754,1.00,1.70
2010.06.08 17:45:26.515,1.75335,1.7539,1.60,1.00
2010.06.08 17:45:26.650,1.75325,1.7539,1.00,1.00
2010.06.08 17:45:26.990,1.7533,1.75395,1.00,1.30
2010.06.08 17:45:27.332,1.7533,1.754,1.80,1.00
2010.06.08 17:45:27.670,1.7533,1.754,1.00,1.90
2010.06.08 17:45:28.146,1.75325,1.7539,4.40,1.00
2010.06.08 17:45:28.410,1.7533,1.754,1.00,4.10
2010.06.08 17:45:28.679,1.7533,1.754,1.00,1.70
2010.06.08 17:45:29.025,1.7533,1.754,1.00,1.90
2010.06.08 17:45:29.538,1.7533,1.754,5.20,1.90
2010.06.08 17:45:29.789,1.7533,1.75395,6.60,1.00
2010.06.08 17:45:30.439,1.7534,1.75395,1.00,2.00
2010.06.08 17:45:30.613,1.7534,1.75395,1.00,1.00
2010.06.08 17:45:30.785,1.75365,1.754,1.00,1.30
2010.06.08 17:45:31.190,1.75365,1.75405,1.00,1.00
2010.06.08 17:45:31.541,1.75365,1.75405,1.00,1.00
2010.06.08 17:45:33.390,1.75345,1.75405,1.00,1.00
2010.06.08 17:45:33.748,1.7535,1.75405,1.00,1.00
2010.06.08 17:45:33.929,1.7535,1.75405,1.70,1.00
2010.06.08 17:45:34.696,1.7536,1.7541,1.00,1.00
2010.06.08 17:45:35.045,1.75375,1.75435,1.00,1.30
2010.06.08 17:45:35.232,1.75375,1.7544,1.00,3.20
2010.06.08 17:45:35.410,1.75375,1.7544,1.00,1.00
2010.06.08 17:45:36.099,1.75365,1.75425,4.80,1.00
2010.06.08 17:45:36.280,1.75365,1.75425,1.00,1.00
2010.06.08 17:45:36.560,1.7538,1.7544,1.00,1.60
2010.06.08 17:45:37.070,1.7538,1.75445,1.00,1.00
2010.06.08 17:45:37.355,1.7536,1.75425,3.30,1.00
2010.06.08 17:45:37.702,1.7536,1.75425,3.60,1.00
2010.06.08 17:45:38.044,1.75365,1.7543,1.00,1.00
2010.06.08 17:45:38.408,1.75365,1.7543,2.80,1.00
2010.06.08 17:45:38.720,1.75395,1.7546,5.20,1.30
2010.06.08 17:45:39.039,1.75385,1.75455,4.80,1.00
2010.06.08 17:45:39.670,1.7541,1.7546,2.40,1.00
2010.06.08 17:45:40.528,1.754,1.7546,1.00,2.00
2010.06.08 17:45:40.634,1.75395,1.7546,4.80,1.70
2010.06.08 17:45:41.840,1.75395,1.7546,4.80,1.90
2010.06.08 17:45:42.275,1.75395,1.7546,4.80,1.70
2010.06.08 17:45:42.517,1.75405,1.7546,2.80,1.00
2010.06.08 17:45:44.061,1.75405,1.75465,2.80,1.00
2010.06.08 17:45:44.881,1.75425,1.7548,1.30,1.00
2010.06.08 17:45:45.099,1.75425,1.75485,1.30,3.60
2010.06.08 17:45:45.320,1.7543,1.75495,1.00,1.00
2010.06.08 17:45:45.538,1.75425,1.75495,4.10,1.00
2010.06.08 17:45:46.529,1.75425,1.7549,4.10,1.00
2010.06.08 17:45:46.848,1.75425,1.75495,4.10,1.00
2010.06.08 17:45:47.159,1.75425,1.75485,4.10,1.00
2010.06.08 17:45:47.288,1.7543,1.7549,1.30,1.00
2010.06.08 17:45:47.419,1.75435,1.755,1.00,1.00
2010.06.08 17:45:47.888,1.7544,1.755,1.00,1.00
2010.06.08 17:45:48.020,1.7544,1.75505,1.00,2.80
2010.06.08 17:45:48.148,1.7544,1.75505,1.00,1.20
2010.06.08 17:45:48.554,1.7544,1.75505,1.00,1.30
2010.06.08 17:45:48.878,1.7544,1.75505,1.00,1.20
2010.06.08 17:45:49.201,1.75425,1.75495,1.80,1.00
2010.06.08 17:45:49.928,1.7544,1.75495,1.00,1.00
2010.06.08 17:45:53.858,1.75455,1.755,1.00,2.30
2010.06.08 17:45:53.969,1.75455,1.75505,1.00,1.00
2010.06.08 17:45:54.088,1.75455,1.75495,1.00,1.00
2010.06.08 17:45:54.528,1.75455,1.75505,1.00,5.40
2010.06.08 17:45:54.638,1.75455,1.75505,1.00,1.00
2010.06.08 17:45:55.765,1.75445,1.75505,1.20,1.00
2010.06.08 17:45:56.136,1.7545,1.75505,1.00,1.00
2010.06.08 17:45:56.319,1.7545,1.75505,1.00,1.00
2010.06.08 17:45:58.652,1.7545,1.75495,1.00,1.00
2010.06.08 17:45:58.842,1.75445,1.755,1.00,1.80
2010.06.08 17:45:59.031,1.7545,1.755,1.00,1.80
2010.06.08 17:45:59.852,1.7545,1.7549,1.00,1.30
2010.06.08 17:46:00.074,1.75445,1.75485,1.20,1.00
2010.06.08 17:46:01.218,1.75445,1.75485,1.00,1.00
2010.06.08 17:46:03.559,1.75445,1.75495,1.00,1.80
2010.06.08 17:46:03.900,1.75445,1.75495,1.00,1.00
2010.06.08 17:46:04.532,1.7545,1.755,1.00,1.00
2010.06.08 17:46:04.875,1.7547,1.7551,1.00,3.70
2010.06.08 17:46:05.224,1.7547,1.75525,1.00,1.00
2010.06.08 17:46:05.571,1.7547,1.75535,1.00,1.00
2010.06.08 17:46:06.271,1.7548,1.75525,1.00,1.00
2010.06.08 17:46:07.179,1.7548,1.75535,1.00,1.00
2010.06.08 17:46:08.820,1.7548,1.75535,1.00,6.60
2010.06.08 17:46:09.249,1.7548,1.7553,1.00,2.80
2010.06.08 17:46:09.470,1.7548,1.7553,1.00,2.40
2010.06.08 17:46:09.689,1.7548,1.75535,1.00,6.60
2010.06.08 17:46:10.380,1.7548,1.75535,1.00,6.80
2010.06.08 17:46:10.803,1.7548,1.75535,1.00,6.30
2010.06.08 17:46:10.993,1.75495,1.7555,1.00,4.80
2010.06.08 17:46:11.269,1.75515,1.7555,1.00,2.40
2010.06.08 17:46:11.409,1.75515,1.7557,1.00,1.30
2010.06.08 17:46:11.550,1.7553,1.7558,1.00,6.30
2010.06.08 17:46:11.689,1.7553,1.7558,1.00,3.90
2010.06.08 17:46:12.119,1.7553,1.7558,1.00,2.50
2010.06.08 17:46:12.466,1.7553,1.75575,1.00,1.00
2010.06.08 17:46:13.380,1.7553,1.75575,1.00,1.00
2010.06.08 17:46:13.610,1.7553,1.7558,1.00,2.00
2010.06.08 17:46:14.219,1.75545,1.7559,1.00,2.10
2010.06.08 17:46:15.059,1.75545,1.75585,1.00,1.00
2010.06.08 17:46:15.339,1.75545,1.7559,1.00,2.10
2010.06.08 17:46:15.787,1.75545,1.7559,1.00,1.50
2010.06.08 17:46:16.072,1.75545,1.7558,1.00,1.30
2010.06.08 17:46:16.343,1.7554,1.75575,1.00,1.00
2010.06.08 17:46:16.990,1.7552,1.75565,2.00,6.10
2010.06.08 17:46:17.298,1.7551,1.7556,1.00,2.80
2010.06.08 17:46:17.591,1.7552,1.7556,1.00,2.80
2010.06.08 17:46:17.932,1.7553,1.7556,1.00,2.80
2010.06.08 17:46:18.273,1.7553,1.75575,1.00,6.60
2010.06.08 17:46:18.613,1.7553,1.75575,1.00,3.70
2010.06.08 17:46:18.902,1.7553,1.75565,1.00,1.30
2010.06.08 17:46:19.253,1.7553,1.7556,1.00,1.00
2010.06.08 17:46:19.550,1.7553,1.75575,1.00,6.60
2010.06.08 17:46:19.734,1.7553,1.7557,1.00,1.30
2010.06.08 17:46:19.910,1.7553,1.75565,1.00,1.00
2010.06.08 17:46:21.960,1.7552,1.75555,1.00,1.00
2010.06.08 17:46:22.230,1.7552,1.75555,1.00,1.00
2010.06.08 17:46:22.500,1.7552,1.7555,1.00,1.30
2010.06.08 17:46:22.931,1.7552,1.75545,1.00,1.00
2010.06.08 17:46:23.123,1.7552,1.75545,1.10,1.00
2010.06.08 17:46:23.496,1.7552,1.75545,1.00,1.00
2010.06.08 17:46:24.216,1.75555,1.75585,1.00,5.60
2010.06.08 17:46:24.571,1.7554,1.75575,1.00,2.40
2010.06.08 17:46:24.912,1.75525,1.75575,1.00,2.40
2010.06.08 17:46:25.253,1.75525,1.75565,1.00,1.00
2010.06.08 17:46:25.951,1.75525,1.7557,1.00,6.10
2010.06.08 17:46:26.292,1.75525,1.75575,1.00,1.00
2010.06.08 17:46:26.440,1.75525,1.7558,1.00,1.00
2010.06.08 17:46:26.591,1.75525,1.75575,1.00,1.00
2010.06.08 17:46:26.739,1.75525,1.7558,1.00,1.00
2010.06.08 17:46:27.271,1.7554,1.7558,1.00,1.00
2010.06.08 17:46:27.425,1.75525,1.75575,1.00,1.00
2010.06.08 17:46:27.778,1.7552,1.75575,1.10,1.70
2010.06.08 17:46:28.651,1.7552,1.75575,1.00,1.00
2010.06.08 17:46:29.689,1.7552,1.75575,1.00,1.00
2010.06.08 17:46:30.340,1.7552,1.7556,1.00,1.30
2010.06.08 17:46:30.652,1.75515,1.75555,1.00,1.00
2010.06.08 17:46:30.830,1.75485,1.7555,1.20,1.00
2010.06.08 17:46:31.009,1.75485,1.7555,1.00,1.00
2010.06.08 17:46:31.190,1.75485,1.75535,1.00,1.00
2010.06.08 17:46:31.845,1.755,1.75555,1.00,1.00
2010.06.08 17:46:34.263,1.75495,1.7555,1.00,1.00
2010.06.08 17:46:34.393,1.75515,1.7557,1.00,1.00
2010.06.08 17:46:38.872,1.75515,1.7556,1.00,1.00
2010.06.08 17:46:39.615,1.75515,1.75575,1.00,1.00
2010.06.08 17:46:39.835,1.75555,1.7558,1.00,2.30
2010.06.08 17:46:40.641,1.75555,1.75595,1.00,1.00
2010.06.08 17:46:41.319,1.7555,1.756,1.00,1.00
2010.06.08 17:46:41.660,1.7555,1.7559,1.00,1.00
2010.06.08 17:46:43.817,1.7555,1.7559,1.00,1.00
2010.06.08 17:46:45.320,1.7555,1.7557,1.00,1.00
2010.06.08 17:46:46.459,1.7555,1.75575,1.00,6.10
2010.06.08 17:46:46.639,1.7555,1.7558,1.00,1.00
2010.06.08 17:46:47.889,1.7555,1.75585,1.00,4.80
2010.06.08 17:46:48.441,1.7555,1.75595,1.00,6.10
2010.06.08 17:46:48.583,1.7555,1.756,1.00,1.00
2010.06.08 17:46:48.979,1.7555,1.75595,1.00,1.00
2010.06.08 17:46:50.442,1.7555,1.75595,1.00,1.00
2010.06.08 17:46:52.592,1.7555,1.756,1.00,1.00
2010.06.08 17:46:52.800,1.7555,1.756,1.00,5.60
2010.06.08 17:46:53.010,1.7555,1.756,1.00,5.40
2010.06.08 17:46:54.620,1.7555,1.75595,1.00,1.00
2010.06.08 17:46:54.809,1.75545,1.7558,1.00,1.00
2010.06.08 17:46:55.481,1.75545,1.756,1.00,4.20
2010.06.08 17:46:55.590,1.75545,1.75595,1.00,1.00
2010.06.08 17:46:55.698,1.75545,1.756,1.00,5.20
2010.06.08 17:46:55.809,1.75545,1.756,1.00,5.30
2010.06.08 17:46:56.049,1.75545,1.7559,1.00,1.00
2010.06.08 17:46:56.291,1.7556,1.75595,1.00,4.80
2010.06.08 17:46:56.982,1.7557,1.75625,1.00,1.00
2010.06.08 17:46:57.321,1.75555,1.75615,1.00,1.00
2010.06.08 17:46:58.002,1.75575,1.75625,1.00,1.00
2010.06.08 17:46:58.698,1.75575,1.75615,1.00,1.80
2010.06.08 17:46:59.042,1.75575,1.7561,1.00,1.00
2010.06.08 17:46:59.963,1.75575,1.756,1.00,1.30
2010.06.08 17:47:00.241,1.7556,1.756,1.00,1.80
2010.06.08 17:47:00.840,1.7556,1.7562,1.00,1.00
2010.06.08 17:47:01.774,1.7558,1.7563,1.00,1.00
2010.06.08 17:47:04.143,1.75585,1.7563,1.00,1.00
2010.06.08 17:47:04.439,1.75585,1.75625,1.00,1.00
2010.06.08 17:47:04.742,1.75585,1.75635,1.00,4.80
2010.06.08 17:47:05.219,1.75585,1.75635,1.00,5.20
2010.06.08 17:47:05.502,1.75585,1.7563,1.00,1.00
2010.06.08 17:47:05.780,1.75585,1.75625,1.00,1.00
2010.06.08 17:47:06.110,1.75585,1.7563,1.00,1.00
2010.06.08 17:47:06.441,1.75585,1.7563,1.00,2.00
2010.06.08 17:47:07.131,1.7559,1.7563,1.10,1.00
2010.06.08 17:47:07.292,1.7559,1.7563,1.20,1.80
2010.06.08 17:47:07.845,1.7559,1.7563,1.00,1.80
2010.06.08 17:47:08.192,1.7559,1.7564,1.00,1.00
2010.06.08 17:47:08.530,1.7559,1.75645,1.00,5.20
2010.06.08 17:47:09.225,1.7559,1.7565,1.20,2.80
2010.06.08 17:47:10.273,1.756,1.7564,1.00,2.80
2010.06.08 17:47:10.577,1.7559,1.7564,1.00,2.00
2010.06.08 17:47:11.170,1.7559,1.7564,1.00,2.00
2010.06.08 17:47:11.853,1.75595,1.7565,1.00,1.00
2010.06.08 17:47:12.171,1.75595,1.7564,1.00,2.00
2010.06.08 17:47:12.800,1.75595,1.7563,1.00,1.00
2010.06.08 17:47:13.514,1.75595,1.75635,1.00,1.00
2010.06.08 17:47:13.863,1.75595,1.75645,1.00,1.00
2010.06.08 17:47:14.132,1.7559,1.7562,1.10,2.40
2010.06.08 17:47:14.644,1.7559,1.75615,1.00,1.00
2010.06.08 17:47:14.928,1.7559,1.75635,1.00,1.00
2010.06.08 17:47:15.234,1.756,1.75635,1.00,5.40
2010.06.08 17:47:15.544,1.7561,1.75665,1.00,4.80
2010.06.08 17:47:16.123,1.7562,1.75665,1.00,4.80
2010.06.08 17:47:16.401,1.7562,1.75675,1.00,4.80
2010.06.08 17:47:17.219,1.7562,1.7567,1.00,1.00
2010.06.08 17:47:17.500,1.7562,1.7566,1.00,1.00
2010.06.08 17:47:17.719,1.75625,1.75665,1.20,6.10
2010.06.08 17:47:17.939,1.75625,1.7566,1.00,1.00
2010.06.08 17:47:18.158,1.75625,1.7566,1.00,1.00
2010.06.08 17:47:18.694,1.75625,1.7566,1.00,1.00
2010.06.08 17:47:18.927,1.75625,1.7566,1.00,5.20
2010.06.08 17:47:19.146,1.75625,1.7565,1.00,2.40
2010.06.08 17:47:19.366,1.75625,1.7565,1.00,6.60
2010.06.08 17:47:20.050,1.75625,1.75655,1.00,2.40
2010.06.08 17:47:20.663,1.75625,1.7565,1.00,1.00
2010.06.08 17:47:20.930,1.75605,1.75655,1.00,6.10
2010.06.08 17:47:21.325,1.75605,1.75655,1.00,2.40
2010.06.08 17:47:21.592,1.7562,1.7567,1.00,6.60
2010.06.08 17:47:23.010,1.7562,1.7567,1.00,4.20
2010.06.08 17:47:23.355,1.7562,1.7567,1.00,1.00
2010.06.08 17:47:23.700,1.7562,1.7566,1.00,2.40
2010.06.08 17:47:24.338,1.7561,1.7566,1.00,2.40
2010.06.08 17:47:25.258,1.7561,1.7566,1.00,3.00
2010.06.08 17:47:25.691,1.7562,1.7566,1.00,2.40
2010.06.08 17:47:26.222,1.7562,1.7566,1.00,4.80
2010.06.08 17:47:26.496,1.75635,1.75665,1.00,4.80
2010.06.08 17:47:26.763,1.75635,1.75675,1.00,4.80
2010.06.08 17:47:27.984,1.7562,1.75665,1.00,4.80
2010.06.08 17:47:28.321,1.7562,1.7566,1.00,4.80
2010.06.08 17:47:29.847,1.7562,1.7566,1.00,2.40
2010.06.08 17:47:29.986,1.75635,1.7567,1.00,6.10
2010.06.08 17:47:30.112,1.75635,1.7567,1.00,4.80
2010.06.08 17:47:30.229,1.75635,1.7568,1.00,4.80
2010.06.08 17:47:30.811,1.75635,1.7567,1.00,4.80
2010.06.08 17:47:31.143,1.75635,1.7568,1.00,4.80
2010.06.08 17:47:31.474,1.75635,1.7567,1.00,4.80
2010.06.08 17:47:31.800,1.75635,1.75675,1.00,4.80
2010.06.08 17:47:32.774,1.75635,1.7568,1.00,4.20
2010.06.08 17:47:33.679,1.75635,1.7567,1.00,1.00
2010.06.08 17:47:34.488,1.75635,1.75685,1.00,3.70
2010.06.08 17:47:34.724,1.75635,1.75685,1.00,2.40
2010.06.08 17:47:34.962,1.75645,1.7569,1.00,4.80
2010.06.08 17:47:35.603,1.75645,1.75685,1.00,4.80
2010.06.08 17:47:35.921,1.75645,1.7568,1.00,2.40
2010.06.08 17:47:36.582,1.75625,1.75685,1.00,2.40
2010.06.08 17:47:36.871,1.7562,1.7568,1.20,1.00
2010.06.08 17:47:37.019,1.7562,1.7568,1.20,2.80
2010.06.08 17:47:37.170,1.7562,1.7568,1.00,4.80
2010.06.08 17:47:37.943,1.75635,1.75685,1.00,3.70
2010.06.08 17:47:38.281,1.75635,1.7569,1.00,1.70
2010.06.08 17:47:39.961,1.75635,1.75695,1.00,4.80
2010.06.08 17:47:40.173,1.7565,1.757,1.00,1.00
2010.06.08 17:47:42.144,1.7565,1.75695,1.00,3.90
2010.06.08 17:47:42.194,1.7562,1.7568,1.00,1.80
2010.06.08 17:47:42.239,1.7562,1.7567,1.00,1.00
2010.06.08 17:47:42.290,1.7562,1.7567,1.00,1.80
2010.06.08 17:47:43.911,1.75615,1.7567,1.00,1.80
2010.06.08 17:47:46.102,1.75615,1.7567,1.00,6.60
2010.06.08 17:47:46.251,1.75615,1.7564,1.00,1.00
2010.06.08 17:47:46.741,1.7562,1.7567,1.00,1.80
2010.06.08 17:47:47.107,1.7562,1.7567,1.00,6.60
2010.06.08 17:47:47.675,1.7562,1.75665,1.00,1.00
2010.06.08 17:47:48.465,1.75615,1.75655,1.00,2.40
2010.06.08 17:47:48.815,1.75595,1.75635,1.00,1.00
2010.06.08 17:47:50.185,1.75595,1.75645,1.00,1.00
2010.06.08 17:47:52.072,1.75585,1.75645,1.00,1.00
2010.06.08 17:47:58.053,1.75605,1.75655,1.00,4.70
2010.06.08 17:47:58.631,1.75605,1.75655,1.00,2.30
2010.06.08 17:47:58.946,1.75605,1.75655,1.00,1.80
2010.06.08 17:47:59.254,1.7559,1.75645,1.00,1.80
2010.06.08 17:47:59.784,1.7561,1.75665,1.00,3.40
2010.06.08 17:48:00.137,1.7561,1.75655,1.00,1.80
2010.06.08 17:48:06.681,1.7561,1.75655,1.00,1.00
2010.06.08 17:48:06.760,1.7561,1.75665,1.00,1.80
2010.06.08 17:48:10.068,1.7561,1.75665,1.70,1.00
2010.06.08 17:48:10.139,1.75625,1.75675,1.00,1.00
2010.06.08 17:48:10.991,1.75625,1.7568,1.00,1.70
2010.06.08 17:48:11.300,1.75625,1.75685,1.00,1.00
2010.06.08 17:48:11.610,1.75635,1.7569,1.00,3.00
2010.06.08 17:48:12.240,1.7564,1.7569,1.00,2.30
2010.06.08 17:48:12.593,1.7564,1.7569,1.00,1.70
2010.06.08 17:48:12.933,1.7564,1.757,1.00,2.00
2010.06.08 17:48:13.271,1.7564,1.757,1.00,2.00
2010.06.08 17:48:14.312,1.7564,1.757,1.00,1.80
2010.06.08 17:48:16.087,1.7564,1.7569,1.00,1.80
2010.06.08 17:48:17.790,1.7563,1.75685,1.00,1.80
2010.06.08 17:48:18.170,1.7563,1.75685,1.00,6.60
2010.06.08 17:48:19.745,1.7563,1.75685,1.00,6.70
2010.06.08 17:48:19.908,1.7563,1.75685,1.00,6.80
2010.06.08 17:48:20.108,1.7563,1.75685,1.00,6.60
2010.06.08 17:48:20.875,1.7563,1.75685,1.00,6.80
2010.06.08 17:48:21.438,1.7563,1.7567,1.00,1.00
2010.06.08 17:48:21.575,1.75625,1.75665,1.00,1.30
2010.06.08 17:48:21.713,1.75625,1.7568,1.00,1.00
2010.06.08 17:48:22.237,1.75625,1.7568,1.00,1.00
2010.06.08 17:48:22.586,1.7565,1.75695,1.00,2.30
2010.06.08 17:48:23.603,1.7565,1.75705,1.00,1.80
2010.06.08 17:48:23.940,1.7565,1.7571,1.00,2.40
2010.06.08 17:48:24.564,1.7565,1.75705,1.00,1.30
2010.06.08 17:48:24.903,1.7565,1.75715,1.00,4.20
2010.06.08 17:48:25.246,1.7567,1.75715,1.00,1.30
2010.06.08 17:48:25.952,1.7567,1.7572,1.00,1.00
2010.06.08 17:48:26.291,1.75655,1.75715,1.00,1.00
2010.06.08 17:48:26.632,1.75665,1.75715,1.00,5.20
2010.06.08 17:48:27.320,1.75665,1.75705,1.00,2.00
2010.06.08 17:48:27.661,1.75665,1.757,1.00,1.00
2010.06.08 17:48:28.410,1.75655,1.7569,1.00,1.00
2010.06.08 17:48:28.753,1.75655,1.757,1.00,1.00
2010.06.08 17:48:29.483,1.75655,1.75695,1.00,4.80
2010.06.08 17:48:30.175,1.75655,1.7569,1.00,2.40
2010.06.08 17:48:30.871,1.75655,1.75705,1.00,4.80
2010.06.08 17:48:31.209,1.75655,1.75705,1.00,4.80
2010.06.08 17:48:31.430,1.7567,1.75705,1.00,4.80
2010.06.08 17:48:31.649,1.7567,1.75715,1.00,4.80
2010.06.08 17:48:32.127,1.7567,1.7572,1.00,1.00
2010.06.08 17:48:32.366,1.7566,1.7573,1.00,2.80
2010.06.08 17:48:32.603,1.75675,1.75735,1.00,1.00
2010.06.08 17:48:33.072,1.75715,1.75765,1.00,4.80
2010.06.08 17:48:33.755,1.75705,1.75745,1.00,1.30
2010.06.08 17:48:34.106,1.75705,1.7573,1.00,2.00
2010.06.08 17:48:34.450,1.75655,1.7573,5.50,2.00
2010.06.08 17:48:35.053,1.7565,1.75725,6.10,1.00
2010.06.08 17:48:35.406,1.7565,1.7572,2.50,1.00
2010.06.08 17:48:35.752,1.7565,1.7572,1.00,1.00
2010.06.08 17:48:36.409,1.75645,1.7572,2.50,1.00
2010.06.08 17:48:36.752,1.75645,1.7572,2.40,1.00
2010.06.08 17:48:36.969,1.75645,1.7572,1.60,1.00
2010.06.08 17:48:37.197,1.7565,1.7572,1.00,1.00
2010.06.08 17:48:37.413,1.75645,1.7571,6.10,1.00
2010.06.08 17:48:37.771,1.75645,1.7571,4.80,1.00
2010.06.08 17:48:38.145,1.75625,1.7569,1.00,1.00
2010.06.08 17:48:38.500,1.75615,1.7569,3.00,1.80
2010.06.08 17:48:39.179,1.7562,1.7569,3.70,1.00
2010.06.08 17:48:39.524,1.75635,1.75705,1.80,2.40
2010.06.08 17:48:39.871,1.75635,1.7571,1.80,1.80
2010.06.08 17:48:40.413,1.75635,1.757,1.00,1.00
2010.06.08 17:48:41.270,1.75635,1.757,1.00,1.00
2010.06.08 17:48:41.729,1.75635,1.757,1.00,1.80
2010.06.08 17:48:41.919,1.7563,1.757,1.00,1.80
2010.06.08 17:48:42.762,1.7563,1.757,1.00,1.80
2010.06.08 17:48:43.176,1.7563,1.757,1.00,1.80
2010.06.08 17:48:44.510,1.7563,1.7569,1.00,1.00
2010.06.08 17:48:45.051,1.7564,1.75705,6.00,2.40
2010.06.08 17:48:45.213,1.75645,1.7572,1.00,4.20
2010.06.08 17:48:45.551,1.75645,1.7572,4.10,1.00
2010.06.08 17:48:45.950,1.75645,1.7571,2.80,1.30
2010.06.08 17:48:46.294,1.75645,1.7571,1.00,1.80
2010.06.08 17:48:47.177,1.75645,1.7571,1.00,1.80
2010.06.08 17:48:47.780,1.7564,1.7571,1.00,1.80
2010.06.08 17:48:48.120,1.75645,1.7571,1.00,1.80
2010.06.08 17:48:48.820,1.7564,1.7571,1.10,1.80
2010.06.08 17:48:49.159,1.75645,1.7571,1.00,1.80
2010.06.08 17:48:50.368,1.75655,1.7572,1.00,1.00
2010.06.08 17:49:03.551,1.7565,1.757,1.00,1.00
2010.06.08 17:49:04.161,1.75655,1.75715,1.70,3.20
2010.06.08 17:49:04.654,1.7566,1.75715,1.00,3.20
2010.06.08 17:49:05.006,1.7565,1.7571,1.00,2.40
2010.06.08 17:49:05.355,1.7561,1.75675,1.00,4.80
2010.06.08 17:49:06.036,1.7561,1.7568,4.60,4.80
2010.06.08 17:49:06.385,1.7561,1.7568,4.90,2.40
2010.06.08 17:49:06.736,1.75615,1.7568,1.00,2.40
2010.06.08 17:49:07.301,1.7562,1.75685,1.00,4.80
2010.06.08 17:49:07.512,1.75635,1.7569,1.00,4.80
2010.06.08 17:49:07.719,1.75635,1.75695,1.00,1.00
2010.06.08 17:49:09.101,1.7561,1.7568,2.40,5.20
2010.06.08 17:49:09.301,1.75625,1.7568,1.00,4.80
2010.06.08 17:49:09.505,1.7563,1.7569,1.30,5.20
2010.06.08 17:49:10.213,1.75625,1.75685,1.00,4.80
2010.06.08 17:49:10.551,1.75625,1.75695,1.00,1.00
2010.06.08 17:49:11.124,1.75615,1.75675,3.20,4.20
2010.06.08 17:49:11.463,1.7561,1.75685,1.00,5.80
2010.06.08 17:49:11.799,1.7561,1.75685,1.00,4.20
2010.06.08 17:49:12.165,1.7561,1.75685,1.00,4.20
2010.06.08 17:49:12.472,1.7561,1.75675,1.00,1.30
2010.06.08 17:49:12.978,1.75615,1.75675,1.00,1.80
2010.06.08 17:49:13.284,1.75615,1.75665,1.00,4.80
2010.06.08 17:49:13.552,1.75615,1.75685,1.00,2.80
2010.06.08 17:49:13.820,1.7561,1.75685,1.00,2.80
2010.06.08 17:49:15.146,1.7561,1.75685,1.00,2.80
2010.06.08 17:49:15.802,1.75615,1.75675,1.00,1.00
2010.06.08 17:49:16.499,1.75615,1.75685,1.00,1.00
2010.06.08 17:49:16.682,1.75615,1.75685,1.00,1.00
2010.06.08 17:49:17.241,1.7562,1.75685,1.00,1.00
2010.06.08 17:49:17.935,1.7562,1.7568,1.00,1.00
2010.06.08 17:49:18.460,1.7562,1.7568,1.00,1.00
2010.06.08 17:49:18.798,1.75615,1.7568,1.00,1.00
2010.06.08 17:49:19.448,1.7562,1.75675,1.00,1.00
2010.06.08 17:49:19.795,1.75615,1.75675,1.00,1.00
2010.06.08 17:49:20.066,1.75635,1.757,1.00,1.60
2010.06.08 17:49:20.656,1.7563,1.75705,1.70,6.60
2010.06.08 17:49:20.911,1.7564,1.75715,1.80,3.60
2010.06.08 17:49:21.249,1.7564,1.75715,1.80,1.00
2010.06.08 17:49:28.069,1.75645,1.75715,1.00,1.00
2010.06.08 17:49:28.280,1.7565,1.75725,1.80,1.00
2010.06.08 17:49:28.839,1.7565,1.75725,1.80,1.00
2010.06.08 17:49:29.081,1.7566,1.75725,1.80,1.00
2010.06.08 17:49:29.311,1.75665,1.75725,1.00,1.00
2010.06.08 17:49:29.542,1.75665,1.75735,1.00,5.20
2010.06.08 17:49:30.091,1.75665,1.7573,1.00,1.30
2010.06.08 17:49:30.433,1.75665,1.75725,1.00,1.00
2010.06.08 17:49:30.770,1.75665,1.75725,1.00,1.00
2010.06.08 17:49:32.637,1.7567,1.75725,1.00,1.00
2010.06.08 17:49:32.827,1.7567,1.75735,1.00,1.80
2010.06.08 17:49:33.339,1.7568,1.75735,1.00,1.30
2010.06.08 17:49:33.683,1.7567,1.7573,1.00,1.00
2010.06.08 17:49:34.021,1.75675,1.7574,1.00,1.00
2010.06.08 17:49:34.781,1.75695,1.75755,1.00,1.30
2010.06.08 17:49:35.123,1.7568,1.7574,1.00,1.00
2010.06.08 17:49:35.461,1.7568,1.7574,1.10,1.00
2010.06.08 17:49:36.122,1.7568,1.75745,1.10,1.00
2010.06.08 17:49:36.454,1.7568,1.7574,1.10,1.00
2010.06.08 17:49:36.950,1.7568,1.75735,1.10,1.00
2010.06.08 17:49:37.051,1.7568,1.75745,1.10,1.00
2010.06.08 17:49:37.505,1.7568,1.75745,1.00,1.70
2010.06.08 17:49:38.534,1.7568,1.7574,1.00,1.00
2010.06.08 17:49:39.748,1.7568,1.7574,1.00,2.80
2010.06.08 17:49:39.938,1.7568,1.7574,1.00,5.30
2010.06.08 17:49:40.521,1.7568,1.7574,1.00,5.20
2010.06.08 17:49:40.709,1.7568,1.7574,1.00,1.00
2010.06.08 17:49:40.910,1.75675,1.75745,1.00,6.80
2010.06.08 17:49:41.119,1.75675,1.75735,1.00,1.30
2010.06.08 17:49:41.811,1.75685,1.75745,1.00,2.40
2010.06.08 17:49:41.949,1.75685,1.75745,1.00,1.30
2010.06.08 17:49:42.090,1.75675,1.75745,1.00,1.80
2010.06.08 17:49:42.230,1.7567,1.7573,2.80,1.00
2010.06.08 17:49:42.371,1.7567,1.7573,1.00,1.00
2010.06.08 17:49:42.839,1.75675,1.75735,1.00,1.00
2010.06.08 17:49:43.195,1.75665,1.7573,1.00,1.00
2010.06.08 17:49:43.544,1.75665,1.7572,1.00,1.00
2010.06.08 17:49:44.221,1.75665,1.7572,1.00,1.00
2010.06.08 17:49:46.047,1.75665,1.7572,1.00,1.00
2010.06.08 17:49:46.209,1.75665,1.75735,1.00,1.00
2010.06.08 17:49:46.363,1.75665,1.7573,1.00,1.70
2010.06.08 17:49:46.513,1.75665,1.75725,1.00,1.30
2010.06.08 17:49:46.660,1.75665,1.7572,1.00,1.00
2010.06.08 17:49:47.360,1.75665,1.7572,1.10,1.00
2010.06.08 17:49:49.215,1.75665,1.7572,1.00,1.00
2010.06.08 17:49:49.495,1.7567,1.75745,5.20,1.90
2010.06.08 17:49:49.772,1.75665,1.7574,6.00,2.00
2010.06.08 17:49:50.051,1.75665,1.7573,5.30,1.00
2010.06.08 17:49:50.600,1.75665,1.7569,1.00,1.00
2010.06.08 17:49:50.949,1.75605,1.75665,4.80,1.00
2010.06.08 17:49:51.291,1.756,1.7566,2.40,1.00
2010.06.08 17:49:51.667,1.75595,1.7566,3.10,1.00
2010.06.08 17:49:54.025,1.75595,1.75655,2.40,1.00
2010.06.08 17:49:54.632,1.75595,1.75655,4.80,1.00
2010.06.08 17:49:54.959,1.75595,1.75655,2.40,1.00
2010.06.08 17:49:56.000,1.75595,1.75655,2.40,1.00
2010.06.08 17:49:56.149,1.756,1.75655,2.40,1.00
2010.06.08 17:49:56.299,1.75605,1.75655,2.40,1.00
2010.06.08 17:49:56.440,1.75605,1.75665,4.80,1.00
2010.06.08 17:49:56.590,1.75605,1.7567,4.80,1.70
2010.06.08 17:49:56.739,1.75605,1.7567,4.80,1.00
2010.06.08 17:49:57.507,1.75605,1.75675,1.00,1.00
2010.06.08 17:49:58.071,1.75615,1.75675,1.00,1.00
2010.06.08 17:49:59.799,1.75615,1.7568,1.00,1.00
2010.06.08 17:50:00.001,1.75615,1.7569,1.00,4.40
2010.06.08 17:50:00.206,1.75625,1.7569,1.00,1.00
2010.06.08 17:50:01.164,1.75635,1.757,1.00,3.10
2010.06.08 17:50:01.270,1.75635,1.757,1.00,1.00
2010.06.08 17:50:01.381,1.75625,1.7569,1.00,1.00
2010.06.08 17:50:02.822,1.75625,1.7569,1.00,2.00
2010.06.08 17:50:03.144,1.7562,1.75685,1.00,1.00
2010.06.08 17:50:04.092,1.75615,1.75685,3.10,1.00
2010.06.08 17:50:04.773,1.75615,1.75685,1.00,2.00
2010.06.08 17:50:05.082,1.75615,1.75685,3.10,1.00
2010.06.08 17:50:05.748,1.75625,1.75695,4.40,1.10
2010.06.08 17:50:06.083,1.75625,1.75695,6.80,1.00
2010.06.08 17:50:07.437,1.75605,1.7567,6.80,1.00
2010.06.08 17:50:07.757,1.75615,1.75675,6.80,1.00
2010.06.08 17:50:08.443,1.75625,1.7568,2.40,1.70
2010.06.08 17:50:08.789,1.7561,1.7568,2.40,1.70
2010.06.08 17:50:09.473,1.75615,1.75685,4.80,1.00
2010.06.08 17:50:10.326,1.7562,1.7569,1.00,1.00
2010.06.08 17:50:11.257,1.75615,1.7569,4.80,1.00
2010.06.08 17:50:11.915,1.75625,1.757,2.40,1.00
2010.06.08 17:50:12.241,1.75625,1.7569,2.40,1.00
2010.06.08 17:50:12.930,1.75615,1.7569,4.40,1.00
2010.06.08 17:50:13.270,1.75625,1.757,2.40,1.00
2010.06.08 17:50:13.471,1.75615,1.7569,6.80,1.00
2010.06.08 17:50:13.670,1.75625,1.757,2.40,1.00
2010.06.08 17:50:13.870,1.75615,1.7569,6.80,1.00
2010.06.08 17:50:14.371,1.7562,1.75695,1.00,1.30
2010.06.08 17:50:14.636,1.7561,1.7566,2.40,1.00
2010.06.08 17:50:14.893,1.7561,1.7566,2.40,2.00
2010.06.08 17:50:15.154,1.75595,1.7567,6.80,2.70
2010.06.08 17:50:15.531,1.756,1.7567,2.40,1.10
2010.06.08 17:50:15.792,1.7561,1.7567,2.40,1.00
2010.06.08 17:50:16.132,1.7563,1.7569,4.80,1.00
2010.06.08 17:50:16.473,1.7563,1.7568,2.40,1.00
2010.06.08 17:50:16.928,1.75605,1.7567,4.80,1.00
2010.06.08 17:50:17.256,1.75605,1.7566,2.40,2.00
2010.06.08 17:50:17.583,1.75595,1.7566,2.40,2.00
2010.06.08 17:50:18.612,1.756,1.7567,4.80,2.00
2010.06.08 17:50:20.643,1.75625,1.7568,2.40,1.70
2010.06.08 17:50:20.871,1.7562,1.7567,2.40,1.00
2010.06.08 17:50:21.101,1.75605,1.7567,1.00,1.00
2010.06.08 17:50:21.512,1.75605,1.7567,1.00,1.70
2010.06.08 17:50:21.762,1.75595,1.75665,2.40,1.70
2010.06.08 17:50:22.108,1.75595,1.75665,3.10,2.40
2010.06.08 17:50:22.458,1.756,1.7566,4.80,1.00
2010.06.08 17:50:22.829,1.756,1.7566,4.80,2.00
2010.06.08 17:50:23.177,1.7559,1.75665,4.80,1.00
2010.06.08 17:50:24.901,1.75585,1.75645,1.00,1.30
2010.06.08 17:50:25.100,1.7558,1.75645,2.40,2.00
2010.06.08 17:50:25.500,1.75575,1.75645,1.50,2.00
2010.06.08 17:50:26.082,1.7557,1.7564,1.00,1.00
2010.06.08 17:50:26.414,1.75575,1.75645,1.50,2.00
2010.06.08 17:50:27.699,1.75575,1.75635,1.00,1.00
2010.06.08 17:50:28.114,1.75575,1.75635,1.00,2.00
2010.06.08 17:50:28.403,1.7557,1.75635,1.00,2.00
2010.06.08 17:50:30.456,1.75565,1.75635,3.20,2.00
2010.06.08 17:50:30.805,1.75565,1.7563,1.00,1.00
2010.06.08 17:50:30.895,1.7557,1.7563,4.80,1.00
2010.06.08 17:50:30.982,1.7557,1.75635,4.80,2.00
2010.06.08 17:50:31.075,1.7557,1.75635,4.80,2.10
2010.06.08 17:50:31.437,1.7557,1.75625,4.80,1.00
2010.06.08 17:50:31.525,1.7557,1.75625,2.40,4.10
2010.06.08 17:50:31.873,1.75565,1.75625,1.00,1.70
2010.06.08 17:50:32.502,1.7556,1.7563,1.00,1.00
2010.06.08 17:50:32.846,1.7556,1.7563,3.20,1.00
2010.06.08 17:50:33.195,1.75565,1.75635,1.00,4.00
2010.06.08 17:50:33.872,1.7557,1.75645,2.40,1.10
2010.06.08 17:50:34.549,1.75575,1.75645,1.00,1.00
2010.06.08 17:50:36.370,1.7557,1.7563,2.40,1.00
2010.06.08 17:50:37.804,1.75565,1.7563,1.00,1.00
2010.06.08 17:50:38.001,1.7556,1.7563,2.90,1.00
2010.06.08 17:50:38.193,1.7556,1.7562,2.40,1.00
2010.06.08 17:50:38.381,1.7556,1.75615,2.40,1.00
2010.06.08 17:50:44.273,1.7556,1.7562,2.40,1.00
2010.06.08 17:50:44.610,1.7557,1.75625,4.80,1.00
2010.06.08 17:50:44.781,1.7556,1.75625,3.70,1.00
2010.06.08 17:50:45.290,1.7556,1.75625,2.40,1.00
2010.06.08 17:50:46.650,1.75565,1.75625,5.50,1.00
2010.06.08 17:50:47.159,1.75565,1.7562,5.50,1.00
2010.06.08 17:50:47.759,1.75565,1.7562,4.80,1.00
2010.06.08 17:50:47.939,1.7556,1.75625,2.40,1.00
2010.06.08 17:50:48.975,1.7557,1.75625,4.80,1.00
2010.06.08 17:50:49.254,1.75565,1.75625,2.40,2.20
2010.06.08 17:50:49.530,1.75575,1.75625,1.00,1.00
2010.06.08 17:50:49.923,1.75575,1.7562,1.00,1.00
2010.06.08 17:50:50.265,1.75575,1.75625,1.00,1.00
2010.06.08 17:50:50.613,1.75565,1.75635,1.00,1.00
2010.06.08 17:50:54.039,1.75565,1.75635,1.70,1.00
2010.06.08 17:50:54.181,1.7557,1.7564,3.20,1.70
2010.06.08 17:50:54.651,1.75575,1.7564,2.20,1.00
2010.06.08 17:50:55.135,1.75575,1.75635,1.00,1.00
2010.06.08 17:50:55.482,1.7558,1.7564,3.10,1.00
2010.06.08 17:50:55.809,1.7558,1.7564,3.20,1.00
2010.06.08 17:50:56.534,1.7559,1.7564,1.00,1.00
2010.06.08 17:50:57.080,1.75585,1.7564,1.00,1.00
2010.06.08 17:50:57.522,1.7559,1.7564,1.00,1.00
2010.06.08 17:50:57.761,1.7559,1.75645,3.20,1.00
2010.06.08 17:50:58.000,1.7559,1.75645,7.00,1.00
2010.06.08 17:50:58.240,1.75595,1.75645,1.00,1.00
2010.06.08 17:50:58.754,1.7559,1.75645,7.00,1.00
2010.06.08 17:50:59.003,1.75605,1.75645,1.00,1.00
2010.06.08 17:50:59.900,1.75605,1.75645,1.00,1.00
2010.06.08 17:51:00.305,1.75605,1.75645,1.00,1.00
2010.06.08 17:51:00.655,1.7561,1.75675,2.80,1.20
2010.06.08 17:51:01.007,1.75635,1.75695,1.00,1.60
2010.06.08 17:51:01.656,1.7565,1.75715,1.00,1.00
2010.06.08 17:51:01.922,1.75655,1.75715,1.80,1.00
2010.06.08 17:51:02.520,1.7565,1.7571,2.40,1.30
2010.06.08 17:51:02.865,1.7563,1.7571,1.00,7.40
2010.06.08 17:51:03.211,1.7563,1.757,1.00,4.10
2010.06.08 17:51:03.654,1.7563,1.757,1.00,2.80
2010.06.08 17:51:03.996,1.75635,1.75705,1.00,1.30
2010.06.08 17:51:04.346,1.75645,1.7571,1.30,1.00
2010.06.08 17:51:04.835,1.7565,1.75715,1.00,1.00
2010.06.08 17:51:05.180,1.7567,1.75715,1.00,1.00
2010.06.08 17:51:05.865,1.7568,1.7575,1.00,5.60
2010.06.08 17:51:06.204,1.75675,1.75745,1.70,1.00
2010.06.08 17:51:06.554,1.7567,1.7574,1.00,5.20
2010.06.08 17:51:06.889,1.7567,1.7574,1.00,1.00
2010.06.08 17:51:08.080,1.75665,1.7574,1.00,5.20
2010.06.08 17:51:08.309,1.75665,1.7574,1.00,5.20
2010.06.08 17:51:08.769,1.75665,1.7573,1.00,1.00
2010.06.08 17:51:09.002,1.75665,1.7573,1.00,1.80
2010.06.08 17:51:09.711,1.75665,1.75735,2.30,2.40
2010.06.08 17:51:10.059,1.75665,1.7572,1.00,1.00
2010.06.08 17:51:10.302,1.75655,1.7573,4.20,1.80
2010.06.08 17:51:11.052,1.7565,1.7572,1.00,1.00
2010.06.08 17:51:11.361,1.7566,1.75725,1.00,2.40
2010.06.08 17:51:11.670,1.75665,1.75735,4.10,1.00
2010.06.08 17:51:12.389,1.7567,1.75735,1.00,1.00
2010.06.08 17:51:12.660,1.75675,1.75735,1.00,1.00
2010.06.08 17:51:13.731,1.7567,1.75735,1.00,1.00
2010.06.08 17:51:14.400,1.7567,1.75735,1.00,1.00
2010.06.08 17:51:15.210,1.7567,1.75735,1.00,1.00
2010.06.08 17:51:15.819,1.7567,1.75735,1.00,1.00
2010.06.08 17:51:16.440,1.7567,1.75735,1.00,1.00
2010.06.08 17:51:17.155,1.7567,1.75735,1.00,1.00
2010.06.08 17:51:17.311,1.75675,1.75735,1.00,1.00
2010.06.08 17:51:18.703,1.7567,1.75735,1.00,1.00
2010.06.08 17:51:19.040,1.7567,1.75735,1.00,1.00
2010.06.08 17:51:19.381,1.75655,1.75725,1.00,6.60
2010.06.08 17:51:20.002,1.75655,1.75725,1.00,1.80
2010.06.08 17:51:20.919,1.75655,1.75715,1.30,1.00
2010.06.08 17:51:21.421,1.75665,1.7572,1.00,1.80
2010.06.08 17:51:21.559,1.75675,1.7572,1.00,1.30
2010.06.08 17:51:21.701,1.7567,1.75735,1.30,1.40
2010.06.08 17:51:22.213,1.7565,1.75735,5.20,7.00
2010.06.08 17:51:22.352,1.7565,1.7573,1.00,2.40
2010.06.08 17:51:22.691,1.7564,1.7572,6.80,1.00
2010.06.08 17:51:23.450,1.75635,1.7571,1.20,1.00
2010.06.08 17:51:24.482,1.75635,1.7567,1.20,1.30
2010.06.08 17:51:24.823,1.75605,1.75665,1.00,1.00
2010.06.08 17:51:25.883,1.75635,1.75685,1.70,1.00
2010.06.08 17:51:26.222,1.75635,1.757,1.00,1.00
2010.06.08 17:51:26.892,1.75635,1.7569,1.00,1.00
2010.06.08 17:51:27.980,1.75645,1.7571,1.00,1.00
2010.06.08 17:51:30.576,1.75635,1.757,2.80,1.00
2010.06.08 17:51:31.828,1.75655,1.75705,1.00,1.30
2010.06.08 17:51:32.319,1.75655,1.75715,3.10,1.00
2010.06.08 17:51:32.530,1.7563,1.7569,1.10,1.00
2010.06.08 17:51:32.745,1.75635,1.757,1.00,1.00
2010.06.08 17:51:33.868,1.75635,1.757,2.00,1.00
2010.06.08 17:51:34.210,1.75635,1.75705,1.00,2.00
2010.06.08 17:51:34.904,1.7563,1.7569,1.00,1.00
2010.06.08 17:51:35.244,1.7563,1.75695,1.00,2.00
2010.06.08 17:51:35.580,1.7563,1.75695,1.00,2.00
2010.06.08 17:51:36.070,1.7563,1.7568,1.00,1.00
2010.06.08 17:51:36.320,1.7563,1.75685,1.00,2.00
2010.06.08 17:51:37.311,1.7563,1.75685,1.00,1.30
2010.06.08 17:51:37.483,1.75615,1.7568,1.00,4.80
2010.06.08 17:51:37.650,1.756,1.7566,1.00,1.30
2010.06.08 17:51:38.174,1.75595,1.75655,3.20,1.00
2010.06.08 17:51:38.525,1.7559,1.75645,1.00,1.00
2010.06.08 17:51:38.872,1.7559,1.75655,1.00,1.00
2010.06.08 17:51:39.561,1.75585,1.7564,2.00,1.00
2010.06.08 17:51:39.904,1.7559,1.7567,2.80,4.80
2010.06.08 17:51:40.252,1.75585,1.7566,5.50,2.00
2010.06.08 17:51:40.551,1.7559,1.7566,4.10,3.10
2010.06.08 17:51:41.198,1.7558,1.75645,1.60,1.00
2010.06.08 17:51:41.518,1.75595,1.7566,1.00,1.00
2010.06.08 17:51:41.920,1.7559,1.7566,5.50,1.70
2010.06.08 17:51:42.120,1.7559,1.7566,1.00,1.70
2010.06.08 17:51:44.320,1.75595,1.7566,1.00,1.00
2010.06.08 17:51:44.866,1.7559,1.7566,1.00,1.70
2010.06.08 17:51:45.074,1.756,1.75665,1.00,1.00
2010.06.08 17:51:45.287,1.756,1.75665,3.10,1.00
2010.06.08 17:51:45.491,1.756,1.75665,3.10,2.00
2010.06.08 17:51:45.702,1.7559,1.7566,8.70,2.00
2010.06.08 17:51:46.263,1.75595,1.75665,1.00,1.00
2010.06.08 17:51:46.943,1.75585,1.75655,4.70,1.00
2010.06.08 17:51:47.418,1.75585,1.75655,3.10,1.00
2010.06.08 17:51:47.700,1.75585,1.75655,3.20,1.00
2010.06.08 17:51:48.548,1.75585,1.75655,3.10,1.00
2010.06.08 17:51:48.840,1.7559,1.7566,2.00,1.00
2010.06.08 17:51:49.421,1.75575,1.75625,1.50,1.00
2010.06.08 17:51:49.719,1.75565,1.75625,1.00,2.80
2010.06.08 17:51:50.068,1.75535,1.7558,1.00,1.00
2010.06.08 17:51:50.752,1.75525,1.7557,2.40,1.00
2010.06.08 17:51:51.061,1.75525,1.75585,4.80,1.00
2010.06.08 17:51:52.577,1.75515,1.75575,4.80,1.00
2010.06.08 17:51:53.164,1.75515,1.7556,2.40,1.00
2010.06.08 17:51:53.519,1.7552,1.75585,2.40,1.00
2010.06.08 17:51:53.862,1.75515,1.75585,4.80,1.00
2010.06.08 17:51:54.199,1.75515,1.75575,4.80,1.00
2010.06.08 17:51:54.551,1.75515,1.75575,6.10,1.00
2010.06.08 17:51:54.897,1.7553,1.7558,3.10,1.00
2010.06.08 17:51:55.499,1.7553,1.7558,1.00,1.00
2010.06.08 17:51:56.252,1.7552,1.7558,1.00,1.00
2010.06.08 17:51:56.528,1.75525,1.7558,1.30,1.00
2010.06.08 17:51:56.792,1.7553,1.7558,1.00,1.00
2010.06.08 17:51:57.873,1.7554,1.7559,1.00,1.00
2010.06.08 17:51:58.091,1.7554,1.7559,1.00,1.00
2010.06.08 17:51:58.330,1.7553,1.7559,1.00,1.00
2010.06.08 17:51:58.569,1.7553,1.7559,1.00,1.00
2010.06.08 17:51:59.071,1.7554,1.7559,1.00,1.00
2010.06.08 17:51:59.923,1.75535,1.7559,1.00,1.00
2010.06.08 17:52:00.231,1.7554,1.7559,1.00,1.00
2010.06.08 17:52:00.946,1.7553,1.75595,2.00,1.00
2010.06.08 17:52:01.302,1.75535,1.75595,5.50,1.00
2010.06.08 17:52:02.613,1.75545,1.75595,3.10,1.00
2010.06.08 17:52:02.841,1.75535,1.75595,5.50,1.00
2010.06.08 17:52:03.071,1.75535,1.75595,5.50,1.00
2010.06.08 17:52:03.301,1.75545,1.75595,3.10,1.00
2010.06.08 17:52:03.923,1.75545,1.75595,3.10,1.00
2010.06.08 17:52:04.805,1.75545,1.75595,5.50,1.00
2010.06.08 17:52:05.361,1.75545,1.75595,5.50,1.00
2010.06.08 17:52:05.555,1.75535,1.75585,3.20,1.00
2010.06.08 17:52:05.751,1.75545,1.75585,1.00,1.00
2010.06.08 17:52:07.129,1.75535,1.75585,2.50,1.00
2010.06.08 17:52:07.251,1.75535,1.75585,2.40,1.00
2010.06.08 17:52:07.700,1.7553,1.75585,2.40,1.00
2010.06.08 17:52:07.838,1.7552,1.75585,9.40,1.00
2010.06.08 17:52:08.187,1.7552,1.75585,9.30,1.00
2010.06.08 17:52:08.529,1.7552,1.75585,9.30,1.00
2010.06.08 17:52:08.871,1.7552,1.75585,3.10,1.00
2010.06.08 17:52:09.964,1.7552,1.7556,2.40,1.00
2010.06.08 17:52:10.019,1.7552,1.7556,2.10,1.00
2010.06.08 17:52:10.079,1.7552,1.7556,1.30,1.00
2010.06.08 17:52:10.140,1.75515,1.7556,4.80,1.00
2010.06.08 17:52:10.663,1.75515,1.75555,2.40,1.00
2010.06.08 17:52:10.726,1.75505,1.75555,1.00,1.00
2010.06.08 17:52:11.252,1.7549,1.75555,7.90,1.00
2010.06.08 17:52:12.451,1.7549,1.7554,4.80,1.00
2010.06.08 17:52:12.566,1.7548,1.7554,4.80,1.00
2010.06.08 17:52:12.672,1.7548,1.7554,1.00,1.00
2010.06.08 17:52:13.119,1.7548,1.7554,1.50,1.00
2010.06.08 17:52:13.462,1.7548,1.7554,1.00,1.00
2010.06.08 17:52:14.143,1.7548,1.7552,1.00,1.00
2010.06.08 17:52:14.481,1.7544,1.75485,2.40,1.00
2010.06.08 17:52:15.187,1.7546,1.7549,1.00,1.00
2010.06.08 17:52:15.633,1.7546,1.7549,3.10,1.00
2010.06.08 17:52:16.070,1.7546,1.7549,1.00,1.00
2010.06.08 17:52:16.289,1.75445,1.7549,6.80,1.00
2010.06.08 17:52:16.851,1.75475,1.7549,1.00,1.00
2010.06.08 17:52:17.122,1.7548,1.75525,1.00,1.00
2010.06.08 17:52:18.207,1.7548,1.7553,3.10,1.00
2010.06.08 17:52:18.461,1.7548,1.7553,6.30,1.00
2010.06.08 17:52:19.200,1.7549,1.7553,3.10,1.00
2010.06.08 17:52:20.404,1.75495,1.7555,1.00,1.00
2010.06.08 17:52:20.641,1.75495,1.75535,1.00,1.00
2010.06.08 17:52:21.950,1.75485,1.75535,3.20,1.00
2010.06.08 17:52:23.181,1.75495,1.75535,1.00,1.00
2010.06.08 17:52:23.700,1.755,1.75545,1.00,1.00
2010.06.08 17:52:23.975,1.75515,1.75555,1.00,1.00
2010.06.08 17:52:24.322,1.75515,1.75555,1.60,1.00
2010.06.08 17:52:25.679,1.75515,1.7556,1.60,1.00
2010.06.08 17:52:27.912,1.7552,1.7557,1.00,1.00
2010.06.08 17:52:27.959,1.7552,1.7557,1.20,1.00
2010.06.08 17:52:28.000,1.7552,1.7557,2.50,1.00
2010.06.08 17:52:28.379,1.7552,1.7557,4.10,1.00
2010.06.08 17:52:28.435,1.7552,1.7557,4.90,1.00
2010.06.08 17:52:28.993,1.7552,1.7557,3.20,1.00
2010.06.08 17:52:29.331,1.7552,1.75585,3.20,1.00
2010.06.08 17:52:30.092,1.7552,1.75585,2.40,1.00
2010.06.08 17:52:30.416,1.75515,1.75585,4.80,1.00
2010.06.08 17:52:31.080,1.75535,1.756,1.00,1.00
2010.06.08 17:52:31.780,1.75535,1.75605,1.00,2.30
2010.06.08 17:52:31.939,1.75535,1.7561,1.00,1.00
2010.06.08 17:52:32.260,1.75535,1.7561,1.00,1.00
2010.06.08 17:52:32.773,1.75535,1.7561,1.00,1.00
2010.06.08 17:52:33.050,1.75535,1.7561,1.00,1.00
2010.06.08 17:52:33.329,1.75535,1.7561,1.00,1.00
2010.06.08 17:52:33.609,1.75535,1.7561,1.00,1.00
2010.06.08 17:52:33.890,1.75535,1.7561,1.00,1.20
2010.06.08 17:52:34.834,1.7553,1.75605,4.90,1.00
2010.06.08 17:52:35.121,1.75545,1.75605,1.00,1.10
2010.06.08 17:52:35.301,1.75545,1.75605,1.00,1.00
2010.06.08 17:52:35.480,1.75545,1.75595,1.00,1.00
2010.06.08 17:52:35.661,1.7553,1.75595,4.00,1.00
2010.06.08 17:52:36.100,1.7553,1.75595,2.40,1.00
2010.06.08 17:52:36.446,1.7553,1.75595,4.10,1.00
2010.06.08 17:52:36.790,1.7553,1.75595,4.10,1.00
2010.06.08 17:52:37.132,1.7553,1.7558,4.10,1.00
2010.06.08 17:52:37.303,1.75525,1.7557,2.40,1.00
2010.06.08 17:52:37.471,1.7551,1.7556,2.40,1.00
2010.06.08 17:52:37.964,1.75505,1.7556,6.50,1.00
2010.06.08 17:52:38.130,1.7552,1.7557,1.70,1.00
2010.06.08 17:52:39.580,1.75505,1.7556,1.00,1.00
2010.06.08 17:52:39.760,1.75505,1.7556,4.40,1.00
2010.06.08 17:52:39.940,1.75505,1.7556,2.40,1.00
2010.06.08 17:52:40.119,1.755,1.7556,4.80,1.00
2010.06.08 17:52:40.940,1.755,1.7556,2.40,1.00
2010.06.08 17:52:45.589,1.75505,1.7557,1.00,1.00
2010.06.08 17:52:45.729,1.75505,1.7557,2.90,1.00
2010.06.08 17:52:46.350,1.7553,1.75575,1.30,1.00
2010.06.08 17:52:46.492,1.75545,1.75575,1.00,1.00
2010.06.08 17:52:46.835,1.75555,1.7561,2.40,1.00
2010.06.08 17:52:47.561,1.75555,1.7561,2.80,1.00
2010.06.08 17:52:48.451,1.75555,1.7561,5.30,1.00
2010.06.08 17:52:49.236,1.75565,1.7561,4.80,1.00
2010.06.08 17:52:49.588,1.75555,1.7561,7.70,1.00
2010.06.08 17:52:49.932,1.7556,1.7561,2.40,1.00
2010.06.08 17:52:50.270,1.75565,1.7562,1.00,1.00
2010.06.08 17:52:53.200,1.7556,1.75615,1.00,1.00
2010.06.08 17:52:53.390,1.75555,1.75615,6.10,1.00
2010.06.08 17:52:53.589,1.75555,1.75615,3.70,1.00
2010.06.08 17:52:53.790,1.75555,1.75615,2.40,1.00
2010.06.08 17:52:55.591,1.75555,1.7562,4.80,1.20
2010.06.08 17:52:57.290,1.75555,1.7562,2.40,1.20
2010.06.08 17:52:57.711,1.75555,1.7562,4.80,1.20
2010.06.08 17:52:57.879,1.75555,1.7562,2.40,1.20
2010.06.08 17:52:58.388,1.75555,1.7562,4.80,1.20
2010.06.08 17:52:58.629,1.75555,1.7562,2.40,1.20
2010.06.08 17:52:59.854,1.75555,1.7562,4.80,1.20
2010.06.08 17:53:00.269,1.75555,1.7562,2.40,1.00
2010.06.08 17:53:03.629,1.7556,1.7562,1.30,1.00
2010.06.08 17:53:03.778,1.7556,1.7562,3.70,1.00
2010.06.08 17:53:03.834,1.75565,1.7562,1.00,1.00
2010.06.08 17:53:04.235,1.7557,1.7562,1.00,1.00
2010.06.08 17:53:04.631,1.7557,1.7562,5.20,1.00
2010.06.08 17:53:04.978,1.75595,1.75625,1.80,1.00
2010.06.08 17:53:05.263,1.75595,1.75625,1.80,1.00
2010.06.08 17:53:07.214,1.75585,1.75625,1.00,1.00
2010.06.08 17:53:07.592,1.7559,1.75625,1.30,1.00
2010.06.08 17:53:07.861,1.75595,1.75625,1.00,1.00
2010.06.08 17:53:08.122,1.75595,1.75655,1.00,1.00
2010.06.08 17:53:08.465,1.75595,1.75655,1.00,1.00
2010.06.08 17:53:09.078,1.75615,1.7566,1.00,1.00
2010.06.08 17:53:09.429,1.75615,1.75665,1.00,1.00
2010.06.08 17:53:10.114,1.75605,1.75665,1.00,3.40
2010.06.08 17:53:10.381,1.75605,1.75665,1.00,3.20
2010.06.08 17:53:10.992,1.75615,1.75645,1.00,1.00
2010.06.08 17:53:11.261,1.756,1.75645,1.00,1.00
2010.06.08 17:53:11.430,1.75615,1.75665,1.00,1.00
2010.06.08 17:53:11.601,1.75615,1.7566,1.00,1.00
2010.06.08 17:53:11.770,1.75615,1.7565,1.00,1.00
2010.06.08 17:53:12.282,1.75635,1.75665,1.00,1.00
2010.06.08 17:53:12.450,1.75635,1.75665,1.00,1.00
2010.06.08 17:53:13.130,1.75635,1.75665,1.00,1.00
2010.06.08 17:53:16.009,1.7564,1.75665,1.30,1.00
2010.06.08 17:53:16.537,1.75645,1.75665,1.00,1.00
2010.06.08 17:53:17.029,1.7564,1.75665,2.80,1.00
2010.06.08 17:53:17.169,1.7564,1.7569,2.80,1.00
2010.06.08 17:53:17.652,1.7565,1.7571,1.00,2.80
2010.06.08 17:53:17.790,1.7565,1.7571,1.00,1.00
2010.06.08 17:53:18.438,1.75685,1.7572,1.00,1.60
2010.06.08 17:53:18.790,1.75655,1.7573,1.70,4.30
2010.06.08 17:53:19.476,1.75685,1.7573,1.00,1.00
2010.06.08 17:53:19.833,1.75685,1.75735,1.00,1.00
2010.06.08 17:53:20.175,1.7566,1.7572,1.60,1.00
2010.06.08 17:53:20.522,1.75655,1.7572,1.80,1.00
2010.06.08 17:53:20.863,1.7567,1.75725,1.00,1.00
2010.06.08 17:53:22.261,1.75675,1.75725,1.70,1.00
2010.06.08 17:53:22.391,1.7567,1.75725,1.00,1.00
2010.06.08 17:53:22.513,1.75675,1.75725,1.30,1.00
2010.06.08 17:53:23.257,1.7568,1.75725,1.00,1.00
2010.06.08 17:53:24.532,1.75665,1.75705,1.00,3.10
2010.06.08 17:53:25.004,1.75655,1.75665,1.60,6.10
2010.06.08 17:53:25.363,1.75595,1.75605,1.60,1.00
2010.06.08 17:53:25.673,1.7556,1.7558,1.60,3.70
2010.06.08 17:53:26.344,1.75505,1.75575,3.10,3.50
2010.06.08 17:53:26.685,1.75495,1.75565,5.50,2.00
2010.06.08 17:53:27.378,1.7549,1.75555,1.00,1.00
2010.06.08 17:53:27.646,1.75475,1.75545,2.40,2.00
2010.06.08 17:53:28.432,1.75495,1.75555,3.10,1.00
2010.06.08 17:53:28.830,1.75495,1.7556,3.10,3.20
2010.06.08 17:53:29.179,1.75505,1.75575,3.10,1.70
2010.06.08 17:53:29.836,1.755,1.75565,1.00,1.00
2010.06.08 17:53:30.150,1.755,1.75565,1.00,1.70
2010.06.08 17:53:30.812,1.75505,1.7557,1.00,1.00
2010.06.08 17:53:31.031,1.75505,1.75575,1.00,2.00
2010.06.08 17:53:31.249,1.75505,1.75575,2.80,2.00
2010.06.08 17:53:31.677,1.7551,1.7558,4.80,1.00
2010.06.08 17:53:32.250,1.75495,1.7556,1.00,2.00
2010.06.08 17:53:32.544,1.75485,1.7554,5.50,1.30
2010.06.08 17:53:32.833,1.7547,1.75525,4.80,1.00
2010.06.08 17:53:33.541,1.7546,1.7552,4.80,2.00
2010.06.08 17:53:34.221,1.75465,1.75525,1.00,1.00
2010.06.08 17:53:34.562,1.7548,1.7553,1.00,1.30
2010.06.08 17:53:35.207,1.7548,1.75535,1.00,1.00
2010.06.08 17:53:35.502,1.7552,1.75575,1.00,1.00
2010.06.08 17:53:35.841,1.7553,1.75575,1.00,1.00
2010.06.08 17:53:40.642,1.75525,1.75575,1.30,1.00
2010.06.08 17:53:40.761,1.7551,1.75575,5.20,1.00
2010.06.08 17:53:40.880,1.7551,1.75575,2.00,1.00
2010.06.08 17:53:40.999,1.7551,1.75575,1.00,1.00
2010.06.08 17:53:42.047,1.755,1.7557,3.60,4.80
2010.06.08 17:53:42.179,1.755,1.7557,1.00,4.80
2010.06.08 17:53:42.568,1.755,1.75575,1.00,3.00
2010.06.08 17:53:43.650,1.75495,1.7556,6.10,1.00
2010.06.08 17:53:43.950,1.75495,1.7556,2.40,1.00
2010.06.08 17:53:44.572,1.7549,1.7556,1.00,1.00
2010.06.08 17:53:50.264,1.75485,1.7556,2.80,1.00
2010.06.08 17:53:52.233,1.75485,1.7556,2.40,1.00
2010.06.08 17:53:53.838,1.7549,1.75565,2.90,4.80
2010.06.08 17:53:54.186,1.7549,1.7556,2.90,2.40
2010.06.08 17:53:54.532,1.755,1.75575,1.00,2.90
2010.06.08 17:53:55.182,1.755,1.75575,2.00,1.00
2010.06.08 17:53:55.392,1.7549,1.7556,3.60,1.00
2010.06.08 17:53:55.601,1.7547,1.75545,3.20,2.40
2010.06.08 17:53:55.810,1.7547,1.75545,3.00,4.80
2010.06.08 17:53:56.240,1.7548,1.75555,1.00,1.70
2010.06.08 17:53:56.550,1.7547,1.7555,2.90,3.00
2010.06.08 17:53:57.088,1.7547,1.7555,2.40,3.00
2010.06.08 17:53:57.393,1.7548,1.7556,7.70,1.40
2010.06.08 17:53:58.051,1.75485,1.75565,4.80,3.70
2010.06.08 17:53:58.210,1.7549,1.7556,2.40,1.30
2010.06.08 17:53:58.724,1.75485,1.7556,2.40,1.00
2010.06.08 17:53:59.031,1.7549,1.7557,2.80,5.30
2010.06.08 17:53:59.341,1.7549,1.7557,2.80,5.10
2010.06.08 17:54:00.336,1.7549,1.7556,2.40,2.00
2010.06.08 17:54:00.682,1.75495,1.7557,6.60,2.00
2010.06.08 17:54:01.339,1.755,1.7557,1.00,2.00
2010.06.08 17:54:02.778,1.75495,1.7556,1.00,1.00
2010.06.08 17:54:02.850,1.75505,1.75565,1.00,1.30
2010.06.08 17:54:02.920,1.75505,1.75565,1.00,3.70
2010.06.08 17:54:02.992,1.75505,1.75565,1.00,2.40
2010.06.08 17:54:03.059,1.75505,1.75575,1.00,4.20
2010.06.08 17:54:03.129,1.75505,1.75575,1.00,1.80
2010.06.08 17:54:03.841,1.75515,1.7558,1.00,1.00
2010.06.08 17:54:04.185,1.75515,1.7558,1.00,1.00
2010.06.08 17:54:05.834,1.75515,1.7558,1.00,1.00
2010.06.08 17:54:06.422,1.7553,1.7558,1.30,1.00
2010.06.08 17:54:06.656,1.7554,1.756,1.70,3.20
2010.06.08 17:54:07.003,1.7553,1.756,1.00,1.00
2010.06.08 17:54:08.111,1.7554,1.756,1.00,1.30
2010.06.08 17:54:08.352,1.7554,1.756,1.30,1.00
2010.06.08 17:54:08.746,1.7553,1.756,1.00,1.00
2010.06.08 17:54:09.096,1.7555,1.7561,1.30,3.00
2010.06.08 17:54:09.803,1.7554,1.75605,4.10,1.00
2010.06.08 17:54:10.144,1.7554,1.7561,1.00,2.60
2010.06.08 17:54:10.495,1.755,1.75555,3.70,1.00
2010.06.08 17:54:10.843,1.7551,1.75555,1.00,1.00
2010.06.08 17:54:14.291,1.755,1.75555,1.00,1.00
2010.06.08 17:54:14.831,1.75495,1.7554,1.30,1.00
2010.06.08 17:54:15.100,1.75505,1.7556,1.00,2.60
2010.06.08 17:54:15.516,1.75505,1.7556,1.00,1.00
2010.06.08 17:54:15.754,1.75485,1.75535,1.00,1.00
2010.06.08 17:54:17.680,1.755,1.75535,1.30,1.00
2010.06.08 17:54:17.760,1.75505,1.7555,1.00,3.20
2010.06.08 17:54:17.840,1.75505,1.7555,1.00,1.60
2010.06.08 17:54:17.919,1.755,1.7555,2.40,1.60
2010.06.08 17:54:18.001,1.755,1.7556,2.40,1.00
2010.06.08 17:54:18.079,1.75495,1.7556,2.80,1.00
2010.06.08 17:54:18.152,1.75495,1.7556,1.00,1.00
2010.06.08 17:54:18.232,1.75525,1.7556,1.00,1.00
2010.06.08 17:54:18.595,1.75525,1.7556,1.80,1.00
2010.06.08 17:54:18.676,1.75515,1.7556,2.80,1.00
2010.06.08 17:54:18.752,1.75515,1.7556,2.80,1.00
2010.06.08 17:54:19.092,1.75505,1.7556,2.00,1.00
2010.06.08 17:54:19.756,1.75515,1.75565,1.00,1.00
2010.06.08 17:54:20.060,1.75515,1.75565,1.00,1.00
2010.06.08 17:54:20.662,1.7551,1.75565,4.20,1.00
2010.06.08 17:54:20.964,1.75525,1.7559,1.80,1.00
2010.06.08 17:54:21.577,1.7551,1.7558,2.80,1.00
2010.06.08 17:54:21.866,1.75535,1.75585,1.00,1.30
2010.06.08 17:54:22.110,1.75535,1.75595,1.00,1.00
2010.06.08 17:54:22.350,1.75535,1.75595,1.00,1.00
2010.06.08 17:54:22.589,1.75535,1.75595,1.00,2.00
2010.06.08 17:54:23.216,1.7555,1.75595,1.00,1.00
2010.06.08 17:54:23.491,1.7554,1.75595,1.00,1.00
2010.06.08 17:54:23.754,1.7552,1.75585,1.00,2.00
2010.06.08 17:54:24.359,1.75515,1.75585,1.00,1.80
2010.06.08 17:54:25.044,1.75525,1.7559,1.80,1.00
2010.06.08 17:54:25.261,1.75525,1.75585,1.80,1.00
2010.06.08 17:54:26.950,1.75525,1.75585,1.00,1.00
2010.06.08 17:54:28.497,1.75525,1.75585,5.20,1.00
2010.06.08 17:54:28.770,1.7553,1.75585,1.00,1.00
2010.06.08 17:54:29.656,1.7552,1.7558,1.00,1.00
2010.06.08 17:54:29.915,1.7552,1.7558,1.00,2.00
2010.06.08 17:54:30.179,1.75515,1.7558,1.00,1.00
2010.06.08 17:54:30.432,1.7552,1.7559,1.00,1.70
2010.06.08 17:54:31.035,1.75525,1.7559,2.40,1.00
2010.06.08 17:54:31.387,1.75545,1.75605,1.00,1.20
2010.06.08 17:54:33.212,1.75545,1.75605,5.20,1.00
2010.06.08 17:54:33.412,1.7556,1.75605,1.00,1.00
2010.06.08 17:54:33.979,1.7554,1.75595,1.60,1.00
2010.06.08 17:54:34.321,1.7553,1.7559,1.60,1.30
2010.06.08 17:54:34.661,1.7552,1.75585,2.40,1.00
2010.06.08 17:54:35.225,1.75525,1.75585,1.30,1.00
2010.06.08 17:54:35.571,1.75525,1.75595,1.70,1.00
2010.06.08 17:54:36.111,1.75525,1.7559,1.70,1.00
2010.06.08 17:54:36.324,1.7552,1.7558,1.60,1.00
2010.06.08 17:54:36.532,1.75515,1.7558,4.50,1.00
2010.06.08 17:54:36.740,1.75515,1.7558,2.90,1.00
2010.06.08 17:54:37.700,1.7553,1.7558,1.30,1.00
2010.06.08 17:54:37.979,1.7554,1.7559,1.00,1.00
2010.06.08 17:54:38.120,1.7553,1.75575,4.80,1.00
2010.06.08 17:54:38.261,1.75525,1.75575,1.00,1.00
2010.06.08 17:54:38.400,1.7552,1.75575,2.40,1.00
2010.06.08 17:54:38.895,1.75515,1.75575,2.00,1.00
2010.06.08 17:54:39.243,1.75515,1.7557,1.00,1.00
2010.06.08 17:54:40.659,1.75515,1.75575,1.00,1.00
2010.06.08 17:54:41.016,1.75515,1.75575,1.30,1.00
2010.06.08 17:54:41.215,1.75525,1.75575,1.00,1.00
2010.06.08 17:54:41.790,1.75525,1.75585,1.00,1.20
2010.06.08 17:54:43.982,1.7553,1.75585,1.00,1.20
2010.06.08 17:54:44.219,1.75525,1.75585,1.00,1.20
2010.06.08 17:54:44.467,1.75525,1.75585,3.70,1.20
2010.06.08 17:54:45.043,1.7553,1.75585,1.00,1.00
2010.06.08 17:54:45.347,1.75525,1.75585,1.80,1.00
2010.06.08 17:54:45.647,1.75525,1.7558,2.40,1.00
2010.06.08 17:54:46.009,1.75525,1.7558,3.70,1.00
2010.06.08 17:54:46.356,1.7553,1.75585,1.00,1.00
2010.06.08 17:54:46.705,1.7553,1.75585,2.80,1.00
2010.06.08 17:54:48.861,1.75525,1.75585,4.80,2.40
2010.06.08 17:54:48.994,1.75525,1.75585,4.80,1.00
2010.06.08 17:54:49.123,1.75525,1.7558,4.80,1.00
2010.06.08 17:54:49.569,1.75525,1.7558,2.40,1.00
2010.06.08 17:54:49.930,1.7554,1.7558,1.00,1.00
2010.06.08 17:54:51.490,1.7555,1.756,1.00,1.00
2010.06.08 17:54:53.391,1.75545,1.75585,1.30,1.00
2010.06.08 17:54:54.174,1.7552,1.75585,1.00,1.10
2010.06.08 17:54:54.521,1.7551,1.75555,1.00,1.00
2010.06.08 17:54:55.884,1.7552,1.7556,1.00,1.00
2010.06.08 17:54:56.222,1.7552,1.7556,1.00,1.00
2010.06.08 17:54:57.260,1.75515,1.7556,1.30,1.00
2010.06.08 17:54:57.784,1.7551,1.7556,5.20,1.00
2010.06.08 17:54:57.993,1.7552,1.7556,1.00,1.00
2010.06.08 17:54:59.205,1.7551,1.7556,2.80,1.00
2010.06.08 17:54:59.522,1.7551,1.7556,1.00,1.00
2010.06.08 17:55:01.640,1.7552,1.75565,1.00,1.00
2010.06.08 17:55:07.804,1.7552,1.75565,1.00,1.00
2010.06.08 17:55:08.117,1.7552,1.75575,1.00,1.00
2010.06.08 17:55:09.166,1.7551,1.75575,3.70,1.00
2010.06.08 17:55:09.512,1.7551,1.75565,1.30,1.00
2010.06.08 17:55:12.844,1.7552,1.75575,1.00,1.00
2010.06.08 17:55:13.105,1.7551,1.75575,1.30,1.00
2010.06.08 17:55:13.662,1.7551,1.75575,1.30,1.00
2010.06.08 17:55:14.304,1.7551,1.75565,1.00,1.00
2010.06.08 17:55:14.886,1.7551,1.75565,2.80,1.00
2010.06.08 17:55:15.172,1.7552,1.75565,1.00,1.00
2010.06.08 17:55:15.734,1.7551,1.75565,1.00,1.00
2010.06.08 17:55:17.041,1.75505,1.7556,1.30,1.00
2010.06.08 17:55:17.183,1.755,1.75555,1.00,1.70
2010.06.08 17:55:17.700,1.7551,1.7557,1.00,1.00
2010.06.08 17:55:17.842,1.7552,1.7557,1.00,1.00
2010.06.08 17:55:19.122,1.75515,1.7557,3.70,1.00
2010.06.08 17:55:19.367,1.75515,1.7557,1.60,1.00
2010.06.08 17:55:19.600,1.7551,1.7557,4.20,1.00
2010.06.08 17:55:22.181,1.7551,1.75545,1.30,1.00
2010.06.08 17:55:22.268,1.75505,1.75545,1.80,1.00
2010.06.08 17:55:26.942,1.7551,1.75545,1.00,1.00
2010.06.08 17:55:27.471,1.75495,1.75545,3.70,1.00
2010.06.08 17:55:28.018,1.7549,1.75545,3.00,1.00
2010.06.08 17:55:28.352,1.7549,1.75545,1.00,1.00
2010.06.08 17:55:28.681,1.75485,1.75535,1.70,1.00
2010.06.08 17:55:29.012,1.75475,1.75525,1.00,1.00
2010.06.08 17:55:29.351,1.75485,1.75525,1.30,1.00
2010.06.08 17:55:29.711,1.75485,1.75525,1.70,1.00
2010.06.08 17:55:30.053,1.755,1.7554,1.00,1.00
2010.06.08 17:55:30.252,1.75495,1.75525,1.30,1.00
2010.06.08 17:55:30.451,1.75485,1.75525,1.30,1.00
2010.06.08 17:55:30.650,1.75485,1.75525,1.70,1.00
2010.06.08 17:55:30.852,1.7549,1.75525,1.00,1.00
2010.06.08 17:55:31.575,1.7549,1.7554,4.20,1.00
2010.06.08 17:55:32.264,1.7549,1.7554,2.80,1.00
2010.06.08 17:55:32.694,1.7549,1.7554,4.20,1.00
2010.06.08 17:55:32.944,1.7549,1.7554,4.10,1.00
2010.06.08 17:55:33.900,1.755,1.7556,1.20,2.30
2010.06.08 17:55:34.418,1.7554,1.7556,2.40,2.30
2010.06.08 17:55:34.766,1.75545,1.756,1.70,2.40
2010.06.08 17:55:35.064,1.75545,1.756,1.70,1.00
2010.06.08 17:55:35.600,1.75545,1.75605,1.70,1.00
2010.06.08 17:55:36.231,1.75545,1.75605,4.10,1.00
2010.06.08 17:55:36.570,1.75545,1.75605,4.10,1.00
2010.06.08 17:55:36.912,1.75545,1.75605,1.00,1.90
2010.06.08 17:55:37.534,1.7553,1.75595,8.00,1.00
2010.06.08 17:55:37.785,1.75545,1.75605,2.40,1.00
2010.06.08 17:55:38.385,1.7555,1.75605,1.00,1.00
2010.06.08 17:55:38.723,1.7555,1.75605,1.70,1.00
2010.06.08 17:55:39.061,1.7554,1.75595,1.00,1.00
2010.06.08 17:55:39.390,1.7554,1.75595,1.00,1.00
2010.06.08 17:55:40.841,1.7553,1.75595,2.80,1.00
2010.06.08 17:55:41.261,1.7553,1.7558,2.40,1.00
2010.06.08 17:55:41.472,1.75515,1.7558,7.30,1.00
2010.06.08 17:55:42.172,1.75515,1.75585,2.60,1.00
2010.06.08 17:55:42.510,1.75525,1.75595,6.60,1.00
2010.06.08 17:55:43.486,1.7553,1.75595,2.40,1.00
2010.06.08 17:55:43.687,1.75535,1.75595,1.30,1.00
2010.06.08 17:55:43.974,1.7554,1.75595,1.00,1.00
2010.06.08 17:55:44.265,1.75525,1.75595,1.80,1.00
2010.06.08 17:55:44.918,1.75525,1.756,2.40,4.20
2010.06.08 17:55:46.116,1.7555,1.7561,1.00,1.00
2010.06.08 17:55:50.592,1.7555,1.756,1.00,1.00
2010.06.08 17:55:51.276,1.75535,1.756,1.80,1.00
2010.06.08 17:55:51.523,1.7555,1.756,1.00,1.00
2010.06.08 17:55:52.563,1.75565,1.7562,1.00,1.00
2010.06.08 17:55:53.049,1.7557,1.7562,1.80,1.00
2010.06.08 17:55:53.291,1.75565,1.7562,1.00,1.00
2010.06.08 17:55:53.881,1.75565,1.7562,1.80,1.00
2010.06.08 17:55:54.163,1.75565,1.7562,1.00,1.00
2010.06.08 17:55:55.041,1.7555,1.7562,2.60,1.00
2010.06.08 17:55:55.457,1.7555,1.7562,2.90,1.00
2010.06.08 17:55:55.807,1.7556,1.75605,1.00,1.00
2010.06.08 17:55:57.347,1.75555,1.75605,1.00,1.00
2010.06.08 17:55:57.480,1.75565,1.75605,1.00,1.00
2010.06.08 17:55:58.584,1.7554,1.7559,1.00,1.00
2010.06.08 17:55:59.241,1.7553,1.7559,2.90,1.00
2010.06.08 17:56:00.081,1.7552,1.75585,2.00,1.00
2010.06.08 17:56:00.426,1.7553,1.75585,2.00,1.00
2010.06.08 17:56:00.682,1.7554,1.75585,1.30,1.00
2010.06.08 17:56:00.943,1.7554,1.756,2.00,1.00
2010.06.08 17:56:01.612,1.7557,1.7562,2.00,1.00
2010.06.08 17:56:01.843,1.75575,1.7562,1.00,1.00
2010.06.08 17:56:02.073,1.7558,1.75635,1.00,1.00
2010.06.08 17:56:02.530,1.7557,1.75635,1.00,1.00
2010.06.08 17:56:02.762,1.7558,1.75635,1.00,1.00
2010.06.08 17:56:03.542,1.7558,1.75635,1.00,1.00
2010.06.08 17:56:03.751,1.7557,1.75645,2.40,2.70
2010.06.08 17:56:04.081,1.75575,1.75635,1.00,1.00
2010.06.08 17:56:04.486,1.75575,1.75635,1.30,1.00
2010.06.08 17:56:04.825,1.75565,1.75635,1.00,1.00
2010.06.08 17:56:06.493,1.7557,1.75635,4.80,1.00
2010.06.08 17:56:07.085,1.75575,1.75635,2.00,1.00
2010.06.08 17:56:07.441,1.75555,1.7562,1.50,1.00
2010.06.08 17:56:07.784,1.75555,1.7562,1.00,1.00
2010.06.08 17:56:08.722,1.7556,1.7561,2.00,1.00
2010.06.08 17:56:09.065,1.7556,1.7561,1.00,1.00
2010.06.08 17:56:09.412,1.75555,1.7561,1.70,1.00
2010.06.08 17:56:10.121,1.75555,1.75625,1.70,10.60
2010.06.08 17:56:10.461,1.75555,1.75625,1.70,9.00
2010.06.08 17:56:10.760,1.7557,1.75625,1.00,5.90
2010.06.08 17:56:11.062,1.75575,1.75625,1.00,1.00
2010.06.08 17:56:13.429,1.75575,1.75625,1.00,1.40
2010.06.08 17:56:14.490,1.75565,1.75625,1.00,1.40
2010.06.08 17:56:14.752,1.75565,1.75625,1.30,1.00
2010.06.08 17:56:15.005,1.7557,1.7564,1.00,1.00
2010.06.08 17:56:15.617,1.75575,1.75645,2.00,1.00
2010.06.08 17:56:15.965,1.7557,1.75645,1.00,5.50
2010.06.08 17:56:17.081,1.7559,1.7565,1.00,1.00
2010.06.08 17:56:17.920,1.75595,1.7565,1.30,1.00
2010.06.08 17:56:18.586,1.7561,1.7567,1.00,2.70
2010.06.08 17:56:18.814,1.7561,1.7567,1.70,1.10
2010.06.08 17:56:19.031,1.7561,1.7567,1.70,1.00
2010.06.08 17:56:19.370,1.7561,1.7567,1.00,1.00
2010.06.08 17:56:20.168,1.75605,1.7567,1.70,1.00
2010.06.08 17:56:20.405,1.7561,1.7567,1.00,1.00
2010.06.08 17:56:21.671,1.75605,1.7567,1.70,1.00
2010.06.08 17:56:22.349,1.75605,1.7567,1.70,1.00
2010.06.08 17:56:23.048,1.75605,1.7567,1.70,1.00
2010.06.08 17:56:23.211,1.75595,1.75665,4.50,3.10
2010.06.08 17:56:23.369,1.75595,1.75665,3.10,6.80
2010.06.08 17:56:23.530,1.75595,1.75665,1.00,6.80
2010.06.08 17:56:24.732,1.75595,1.75665,1.00,7.00
2010.06.08 17:56:25.412,1.756,1.7567,1.00,6.90
2010.06.08 17:56:25.749,1.756,1.7567,1.00,5.40
2010.06.08 17:56:26.089,1.756,1.7567,1.00,5.40
2010.06.08 17:56:26.470,1.756,1.7567,1.00,5.60
2010.06.08 17:56:26.592,1.756,1.7567,1.00,5.40
2010.06.08 17:56:26.711,1.7562,1.7567,1.00,4.70
2010.06.08 17:56:26.832,1.7562,1.75675,1.00,1.00
2010.06.08 17:56:26.953,1.7562,1.7568,1.00,1.00
2010.06.08 17:56:28.220,1.7562,1.75695,1.00,7.60
2010.06.08 17:56:28.914,1.7563,1.75695,1.70,2.80
2010.06.08 17:56:29.581,1.7563,1.757,1.70,2.00
2010.06.08 17:56:29.830,1.7563,1.75695,1.00,5.50
2010.06.08 17:56:30.320,1.7563,1.75695,1.00,3.10
2010.06.08 17:56:30.959,1.7563,1.757,1.70,1.00
2010.06.08 17:56:31.299,1.7563,1.757,1.70,1.00
2010.06.08 17:56:32.519,1.7563,1.7569,1.70,2.40
2010.06.08 17:56:35.549,1.7563,1.757,1.70,1.00
2010.06.08 17:56:36.415,1.7563,1.75695,1.70,1.00
2010.06.08 17:56:36.719,1.7563,1.75695,1.70,2.50
2010.06.08 17:56:37.168,1.7563,1.75695,2.00,2.90
2010.06.08 17:56:37.793,1.7563,1.75695,2.00,3.70
2010.06.08 17:56:38.382,1.7563,1.75695,2.00,1.10
2010.06.08 17:56:39.141,1.7563,1.75695,2.00,3.70
2010.06.08 17:56:39.649,1.7563,1.75695,2.00,3.50
2010.06.08 17:56:41.029,1.7563,1.75695,2.00,1.10
2010.06.08 17:56:44.254,1.7563,1.75695,1.30,1.10
2010.06.08 17:56:44.502,1.75615,1.75675,4.90,1.00
2010.06.08 17:56:44.750,1.75615,1.75675,1.00,1.00
2010.06.08 17:56:45.001,1.7563,1.75685,1.00,1.60
2010.06.08 17:56:45.443,1.7563,1.7569,1.00,1.00
2010.06.08 17:56:46.045,1.7562,1.75695,1.00,3.50
2010.06.08 17:56:46.721,1.7565,1.757,1.00,1.00
2010.06.08 17:56:47.026,1.75655,1.757,1.30,1.00
2010.06.08 17:56:47.722,1.75645,1.7571,3.60,3.10
2010.06.08 17:56:48.080,1.75645,1.7571,1.00,1.00
2010.06.08 17:56:48.251,1.75645,1.7571,2.10,1.00
2010.06.08 17:56:48.420,1.7565,1.75715,1.00,3.80
2010.06.08 17:56:48.589,1.7565,1.75715,1.00,1.40
2010.06.08 17:56:50.123,1.7565,1.75715,1.00,2.80
2010.06.08 17:56:50.312,1.7564,1.7571,1.00,1.00
2010.06.08 17:56:50.499,1.75635,1.75705,2.60,1.00
2010.06.08 17:56:50.679,1.75635,1.75705,1.00,1.00
2010.06.08 17:56:55.422,1.75655,1.75705,1.30,1.00
2010.06.08 17:56:55.600,1.75665,1.75725,1.00,1.00
2010.06.08 17:56:56.036,1.75665,1.75725,1.80,1.00
2010.06.08 17:56:56.722,1.7566,1.75725,2.40,1.00
2010.06.08 17:56:57.064,1.75665,1.75725,1.00,1.00
2010.06.08 17:56:57.392,1.75665,1.75725,1.80,1.00
2010.06.08 17:56:58.082,1.7566,1.75725,5.20,1.20
2010.06.08 17:56:59.267,1.75665,1.75735,1.00,2.90
2010.06.08 17:56:59.951,1.7566,1.7573,5.20,2.00
2010.06.08 17:57:00.292,1.7566,1.75725,5.20,1.00
2010.06.08 17:57:00.922,1.75665,1.75735,1.80,1.00
2010.06.08 17:57:02.330,1.75665,1.75735,1.30,1.00
2010.06.08 17:57:02.728,1.75665,1.75735,3.70,1.00
2010.06.08 17:57:02.866,1.7567,1.7574,4.80,1.20
2010.06.08 17:57:03.000,1.7567,1.7574,5.20,1.00
2010.06.08 17:57:03.130,1.75675,1.7574,4.80,1.20
2010.06.08 17:57:03.261,1.7567,1.7574,4.80,1.20
2010.06.08 17:57:04.017,1.7567,1.75735,1.00,1.00
2010.06.08 17:57:04.365,1.75665,1.75715,1.60,1.00
2010.06.08 17:57:04.967,1.75635,1.7569,4.80,1.00
2010.06.08 17:57:05.320,1.75645,1.75695,1.00,1.30
2010.06.08 17:57:05.667,1.75645,1.7571,1.00,3.60
2010.06.08 17:57:06.161,1.75645,1.7571,1.80,1.00
2010.06.08 17:57:06.508,1.7561,1.7568,1.00,1.00
2010.06.08 17:57:06.854,1.7561,1.7568,1.00,5.40
2010.06.08 17:57:07.527,1.75615,1.7568,1.00,1.00
2010.06.08 17:57:07.789,1.75625,1.7569,1.00,2.40
2010.06.08 17:57:08.043,1.7562,1.75685,2.40,1.00
2010.06.08 17:57:08.292,1.7563,1.757,1.00,9.00
2010.06.08 17:57:09.330,1.7563,1.7569,1.00,1.30
2010.06.08 17:57:09.671,1.7562,1.75685,1.60,1.00
2010.06.08 17:57:10.289,1.75615,1.75685,4.10,1.00
2010.06.08 17:57:10.635,1.75615,1.75695,7.00,4.70
2010.06.08 17:57:11.251,1.7562,1.75695,2.40,2.40
2010.06.08 17:57:12.193,1.7562,1.757,2.40,7.90
2010.06.08 17:57:12.452,1.7562,1.75695,2.40,2.40
2010.06.08 17:57:15.785,1.75625,1.757,1.70,1.30
2010.06.08 17:57:16.209,1.7564,1.757,1.00,1.00
2010.06.08 17:57:16.432,1.7564,1.75705,1.00,1.00
2010.06.08 17:57:16.691,1.7564,1.75705,1.00,1.00
2010.06.08 17:57:17.331,1.7564,1.75705,1.00,1.00
2010.06.08 17:57:18.101,1.75665,1.75705,1.00,1.00
2010.06.08 17:57:18.365,1.7566,1.7571,1.00,1.00
2010.06.08 17:57:18.725,1.7566,1.7572,1.00,1.00
2010.06.08 17:57:19.076,1.7566,1.7573,1.20,1.00
2010.06.08 17:57:19.423,1.7566,1.7572,1.00,1.00
2010.06.08 17:57:19.754,1.75655,1.7572,1.00,1.00
2010.06.08 17:57:24.418,1.75655,1.7571,1.00,1.00
2010.06.08 17:57:25.040,1.75655,1.75715,1.00,2.80
2010.06.08 17:57:25.671,1.75655,1.75715,1.00,1.00
2010.06.08 17:57:25.964,1.75655,1.7572,1.00,5.20
2010.06.08 17:57:27.092,1.75655,1.7572,1.00,5.40
2010.06.08 17:57:27.869,1.75655,1.7572,1.00,5.20
2010.06.08 17:57:28.143,1.75655,1.7572,1.00,4.40
2010.06.08 17:57:28.379,1.7565,1.7572,1.00,2.80
2010.06.08 17:57:28.621,1.7565,1.75715,1.00,1.00
2010.06.08 17:57:28.862,1.7565,1.7572,1.00,2.80
2010.06.08 17:57:29.458,1.7566,1.7572,1.80,1.00
2010.06.08 17:57:29.722,1.7565,1.75715,1.00,5.20
2010.06.08 17:57:29.981,1.7565,1.75715,1.00,5.20
2010.06.08 17:57:30.526,1.75645,1.75715,1.00,1.00
2010.06.08 17:57:30.876,1.756,1.7567,1.00,1.00
2010.06.08 17:57:32.732,1.756,1.7567,1.00,1.00
2010.06.08 17:57:32.819,1.756,1.7567,1.00,2.00
2010.06.08 17:57:32.899,1.756,1.7567,1.00,1.80
2010.06.08 17:57:33.402,1.756,1.7567,1.00,1.00
2010.06.08 17:57:33.497,1.75595,1.7567,1.40,2.00
2010.06.08 17:57:33.591,1.75595,1.7567,5.40,2.70
2010.06.08 17:57:33.681,1.75595,1.7567,3.00,5.10
2010.06.08 17:57:34.371,1.75575,1.7565,2.40,1.00
2010.06.08 17:57:34.711,1.7558,1.7565,1.00,1.00
2010.06.08 17:57:35.050,1.7558,1.7565,1.00,2.80
2010.06.08 17:57:35.414,1.75575,1.7565,1.00,2.80
2010.06.08 17:57:35.752,1.7557,1.75645,1.00,5.20
2010.06.08 17:57:36.010,1.75565,1.75645,1.00,5.90
2010.06.08 17:57:37.734,1.75565,1.75635,1.00,1.00
2010.06.08 17:57:38.005,1.75565,1.75635,1.20,1.00
2010.06.08 17:57:40.389,1.75565,1.75635,1.00,1.00
2010.06.08 17:57:41.270,1.7556,1.75625,6.30,1.00
2010.06.08 17:57:41.873,1.7556,1.75625,2.50,1.00
2010.06.08 17:57:42.430,1.7556,1.75625,2.40,1.00
2010.06.08 17:57:43.339,1.7556,1.75625,1.60,1.00
2010.06.08 17:57:43.521,1.75555,1.7561,3.30,1.00
2010.06.08 17:57:44.231,1.75555,1.75615,1.00,2.40
2010.06.08 17:57:44.427,1.75555,1.7561,5.30,2.00
2010.06.08 17:57:44.625,1.7554,1.756,2.40,1.00
2010.06.08 17:57:45.151,1.75535,1.75595,2.40,1.30
2010.06.08 17:57:45.346,1.75535,1.75605,1.00,2.00
2010.06.08 17:57:46.404,1.75535,1.756,1.00,1.30
2010.06.08 17:57:46.759,1.75535,1.756,1.00,1.00
2010.06.08 17:57:47.094,1.75535,1.75605,1.00,2.80
2010.06.08 17:57:48.061,1.75535,1.75595,1.00,1.30
2010.06.08 17:57:48.342,1.7554,1.756,1.00,5.60
2010.06.08 17:57:48.621,1.75535,1.75595,1.00,1.00
2010.06.08 17:57:49.912,1.756,1.75615,1.00,1.60
2010.06.08 17:57:50.204,1.7559,1.7566,1.00,1.00
2010.06.08 17:57:50.490,1.7559,1.7566,1.00,1.00
2010.06.08 17:57:50.987,1.7559,1.75655,1.00,1.00
2010.06.08 17:57:51.334,1.7557,1.7563,4.00,1.00
2010.06.08 17:57:51.671,1.7555,1.75615,2.40,1.00
2010.06.08 17:57:52.405,1.75535,1.7561,1.70,2.40
2010.06.08 17:57:52.752,1.75535,1.7561,1.80,2.40
2010.06.08 17:57:53.092,1.75525,1.756,4.20,2.40
2010.06.08 17:57:53.713,1.75525,1.756,1.80,2.40
2010.06.08 17:57:53.993,1.75525,1.756,4.20,1.00
2010.06.08 17:57:54.272,1.75535,1.75605,1.80,2.70
2010.06.08 17:57:54.594,1.7553,1.7559,2.40,1.00
2010.06.08 17:57:54.967,1.7552,1.7559,1.00,1.00
2010.06.08 17:57:55.293,1.7552,1.75585,1.00,1.00
2010.06.08 17:57:55.950,1.7552,1.7559,1.00,1.20
2010.06.08 17:57:56.665,1.75535,1.7558,1.30,1.00
2010.06.08 17:57:56.956,1.7555,1.75625,2.90,2.40
2010.06.08 17:57:57.244,1.7555,1.75625,2.40,5.20
2010.06.08 17:57:57.883,1.7555,1.75625,2.40,2.40
2010.06.08 17:57:58.220,1.7555,1.75625,2.40,4.70
2010.06.08 17:57:58.560,1.75535,1.7561,9.00,1.00
2010.06.08 17:57:59.288,1.7554,1.7561,1.00,1.00
2010.06.08 17:57:59.921,1.75545,1.7561,1.30,1.00
2010.06.08 17:58:00.597,1.75545,1.7561,6.10,1.00
2010.06.08 17:58:00.944,1.7554,1.75605,1.00,1.30
2010.06.08 17:58:01.284,1.7554,1.7561,1.00,1.00
2010.06.08 17:58:01.966,1.75535,1.75605,4.00,4.20
2010.06.08 17:58:02.314,1.7555,1.7562,1.00,1.00
2010.06.08 17:58:02.754,1.75545,1.75615,1.80,1.00
2010.06.08 17:58:03.532,1.75545,1.75615,1.80,1.00
2010.06.08 17:58:03.748,1.75545,1.75615,1.80,1.20
2010.06.08 17:58:03.965,1.75535,1.75595,1.00,1.00
2010.06.08 17:58:04.181,1.7553,1.75595,1.60,1.00
2010.06.08 17:58:04.392,1.75525,1.75585,3.70,1.00
2010.06.08 17:58:04.764,1.7552,1.75585,2.40,1.00
2010.06.08 17:58:05.106,1.7552,1.75585,4.20,1.00
2010.06.08 17:58:05.452,1.75535,1.756,1.00,1.00
2010.06.08 17:58:06.782,1.75535,1.756,1.00,1.50
2010.06.08 17:58:06.910,1.75535,1.756,1.00,1.00
2010.06.08 17:58:07.280,1.75535,1.756,1.00,2.40
2010.06.08 17:58:07.409,1.75525,1.75595,1.80,1.20
2010.06.08 17:58:07.648,1.75525,1.75595,1.80,1.00
2010.06.08 17:58:08.150,1.75525,1.7557,1.80,1.00
2010.06.08 17:58:08.418,1.7552,1.7557,1.00,1.30
2010.06.08 17:58:08.684,1.7552,1.7558,1.00,1.60
2010.06.08 17:58:09.312,1.75505,1.75565,2.40,1.00
2010.06.08 17:58:09.653,1.75515,1.7558,1.00,5.00
2010.06.08 17:58:09.991,1.75505,1.75575,6.10,1.00
2010.06.08 17:58:10.334,1.75505,1.7557,1.00,1.70
2010.06.08 17:58:11.027,1.755,1.7557,1.00,1.70
2010.06.08 17:58:13.184,1.75505,1.7557,1.00,1.70
2010.06.08 17:58:13.313,1.7551,1.7558,1.00,1.00
2010.06.08 17:58:14.720,1.7551,1.75565,1.00,1.00
2010.06.08 17:58:14.941,1.75485,1.7555,3.00,2.80
2010.06.08 17:58:15.161,1.7548,1.75545,1.00,1.00
2010.06.08 17:58:15.380,1.7548,1.7555,1.00,1.70
2010.06.08 17:58:15.760,1.75475,1.7555,6.50,1.00
2010.06.08 17:58:16.066,1.75475,1.7554,2.90,1.00
2010.06.08 17:58:16.669,1.75475,1.7554,1.00,1.00
2010.06.08 17:58:18.352,1.75485,1.7555,1.70,1.00
2010.06.08 17:58:18.452,1.75495,1.7555,1.30,1.00
2010.06.08 17:58:18.855,1.755,1.75555,1.00,1.00
2010.06.08 17:58:18.960,1.755,1.7556,1.00,2.30
2010.06.08 17:58:19.062,1.755,1.7556,1.00,1.00
2010.06.08 17:58:19.160,1.755,1.75565,1.00,1.00
2010.06.08 17:58:20.203,1.755,1.75565,1.00,1.00
2010.06.08 17:58:21.297,1.75505,1.7557,1.00,1.00
2010.06.08 17:58:23.363,1.755,1.75565,1.00,1.00
2010.06.08 17:58:23.520,1.75505,1.7557,1.00,2.80
2010.06.08 17:58:23.681,1.75505,1.7557,1.00,1.00
2010.06.08 17:58:23.989,1.75505,1.7557,1.00,1.00
2010.06.08 17:58:24.994,1.7551,1.7557,1.00,1.50
2010.06.08 17:58:25.305,1.755,1.75565,2.80,1.00
2010.06.08 17:58:25.611,1.755,1.75565,1.00,1.00
2010.06.08 17:58:25.920,1.755,1.75565,1.00,1.00
2010.06.08 17:58:27.127,1.755,1.7556,1.00,1.00
2010.06.08 17:58:27.304,1.755,1.7556,1.00,1.80
2010.06.08 17:58:27.485,1.755,1.7556,1.00,1.00
2010.06.08 17:58:27.964,1.75495,1.7556,1.30,1.00
2010.06.08 17:58:28.263,1.75485,1.7555,1.00,1.00
2010.06.08 17:58:33.872,1.75485,1.75555,1.70,2.90
2010.06.08 17:58:34.257,1.75485,1.75555,1.70,1.00
2010.06.08 17:58:34.605,1.7548,1.75545,1.00,1.00
2010.06.08 17:58:34.949,1.7548,1.7555,1.00,1.00
2010.06.08 17:58:36.730,1.7548,1.75545,1.00,1.00
2010.06.08 17:58:37.280,1.7548,1.7555,1.00,1.00
2010.06.08 17:58:37.469,1.7548,1.7555,1.20,1.00
2010.06.08 17:58:37.810,1.75495,1.75555,1.00,3.70
2010.06.08 17:58:38.322,1.75495,1.7556,1.00,1.70
2010.06.08 17:58:38.485,1.75495,1.75555,1.00,1.00
2010.06.08 17:58:40.209,1.75485,1.7555,2.40,2.00
2010.06.08 17:58:40.380,1.75475,1.75545,1.00,2.00
2010.06.08 17:58:40.553,1.75485,1.7555,1.00,1.00
2010.06.08 17:58:41.097,1.75485,1.7555,1.00,2.00
2010.06.08 17:58:41.445,1.7549,1.75555,1.00,1.00
2010.06.08 17:58:41.795,1.755,1.75565,1.00,1.00
2010.06.08 17:58:42.160,1.755,1.75565,1.00,1.20
2010.06.08 17:58:42.524,1.7549,1.7556,1.00,1.80
2010.06.08 17:58:43.170,1.7549,1.7555,1.00,1.00
2010.06.08 17:58:44.230,1.7549,1.7556,1.00,1.80
2010.06.08 17:58:44.955,1.7548,1.75555,4.20,1.00
2010.06.08 17:58:45.325,1.7548,1.75555,3.40,1.00
2010.06.08 17:58:45.675,1.7548,1.7554,1.00,1.00
2010.06.08 17:58:46.023,1.7548,1.75545,1.00,1.30
2010.06.08 17:58:46.234,1.75495,1.7555,1.30,1.10
2010.06.08 17:58:46.447,1.755,1.7556,1.00,2.30
2010.06.08 17:58:46.828,1.755,1.7556,1.00,1.60
2010.06.08 17:58:47.043,1.75495,1.7556,2.80,1.00
2010.06.08 17:58:47.360,1.7549,1.75555,5.20,1.00
2010.06.08 17:58:47.681,1.75495,1.7556,1.80,1.00
2010.06.08 17:58:48.073,1.75505,1.75565,1.00,1.00
2010.06.08 17:58:48.390,1.7552,1.7558,1.00,1.00
2010.06.08 17:58:48.701,1.7552,1.7559,1.00,1.70
2010.06.08 17:58:49.367,1.7553,1.75595,1.00,2.80
2010.06.08 17:58:49.709,1.7553,1.75595,1.00,1.00
2010.06.08 17:58:50.050,1.7553,1.75595,1.00,1.00
2010.06.08 17:58:52.489,1.7553,1.75595,2.80,1.00
2010.06.08 17:58:52.529,1.7553,1.75595,5.20,1.00
2010.06.08 17:58:52.549,1.7554,1.756,1.00,2.20
2010.06.08 17:58:52.602,1.7554,1.756,1.00,1.00
2010.06.08 17:58:52.976,1.75535,1.756,1.70,1.40
2010.06.08 17:58:53.044,1.75535,1.756,1.00,1.40
2010.06.08 17:58:53.150,1.75535,1.756,1.00,1.20
2010.06.08 17:58:53.265,1.75535,1.756,1.00,1.00
2010.06.08 17:58:53.836,1.75545,1.75605,1.00,1.00
2010.06.08 17:58:54.188,1.75555,1.7562,2.80,1.00
2010.06.08 17:58:54.532,1.75555,1.75615,2.40,1.80
2010.06.08 17:58:54.876,1.7555,1.7562,1.70,1.20
2010.06.08 17:58:55.573,1.7554,1.7561,1.60,1.00
2010.06.08 17:58:55.902,1.7554,1.7561,1.00,1.00
2010.06.08 17:58:57.290,1.7555,1.75615,1.00,1.00
2010.06.08 17:58:59.355,1.75545,1.75615,1.30,5.20
2010.06.08 17:58:59.635,1.7556,1.75625,1.00,3.20
2010.06.08 17:59:00.263,1.7556,1.7563,1.00,4.30
2010.06.08 17:59:00.608,1.7557,1.7563,1.00,1.00
2010.06.08 17:59:01.883,1.7558,1.75645,4.80,1.70
2010.06.08 17:59:02.144,1.7557,1.7563,6.20,1.00
2010.06.08 17:59:02.481,1.75575,1.7564,1.00,1.00
2010.06.08 17:59:03.186,1.7558,1.7565,1.70,3.70
2010.06.08 17:59:04.190,1.75575,1.7564,1.00,1.00
2010.06.08 17:59:05.123,1.7557,1.7563,2.40,1.00
2010.06.08 17:59:05.403,1.7557,1.7563,1.00,1.00
2010.06.08 17:59:05.681,1.75575,1.7564,1.00,1.00
2010.06.08 17:59:07.368,1.7558,1.75645,1.00,3.70
2010.06.08 17:59:07.602,1.7558,1.7565,1.70,6.20
2010.06.08 17:59:07.751,1.7558,1.7565,1.70,3.00
2010.06.08 17:59:08.050,1.7558,1.75645,1.30,1.00
2010.06.08 17:59:08.498,1.75575,1.75645,1.00,2.00
2010.06.08 17:59:08.656,1.7558,1.7565,1.70,2.80
2010.06.08 17:59:10.183,1.7558,1.7564,1.70,1.00
2010.06.08 17:59:10.443,1.75565,1.7562,2.40,1.00
2010.06.08 17:59:10.702,1.75555,1.7562,1.00,1.00
2010.06.08 17:59:11.098,1.75555,1.7562,1.00,1.00
2010.06.08 17:59:11.445,1.7554,1.75605,1.00,1.00
2010.06.08 17:59:11.794,1.75545,1.75605,1.30,1.00
2010.06.08 17:59:12.134,1.7554,1.75605,1.00,1.00
2010.06.08 17:59:13.012,1.7554,1.7561,1.00,1.00
2010.06.08 17:59:14.840,1.7554,1.7561,1.00,1.00
2010.06.08 17:59:15.255,1.7554,1.7561,1.00,1.20
2010.06.08 17:59:16.044,1.75535,1.756,1.50,1.00
2010.06.08 17:59:16.702,1.75535,1.75605,1.00,3.40
2010.06.08 17:59:16.983,1.75535,1.75605,1.00,3.20
2010.06.08 17:59:18.764,1.7552,1.7559,5.90,2.40
2010.06.08 17:59:19.063,1.7552,1.75595,4.30,4.40
2010.06.08 17:59:21.071,1.75525,1.75595,1.00,4.40
2010.06.08 17:59:23.214,1.7552,1.75585,2.40,2.00
2010.06.08 17:59:23.570,1.7552,1.75595,4.10,3.60
2010.06.08 17:59:24.265,1.7552,1.75595,4.10,2.00
2010.06.08 17:59:24.798,1.7552,1.7559,2.00,2.80
2010.06.08 17:59:25.144,1.7552,1.7559,1.00,1.00
2010.06.08 17:59:27.851,1.7552,1.75585,1.00,2.40
2010.06.08 17:59:27.972,1.7552,1.75585,1.00,6.10
2010.06.08 17:59:28.444,1.7552,1.7558,1.00,1.00
2010.06.08 17:59:29.190,1.7552,1.7559,1.00,1.00
2010.06.08 17:59:30.552,1.7552,1.7559,4.10,1.00
2010.06.08 17:59:30.767,1.7552,1.7559,1.00,1.00
2010.06.08 17:59:30.972,1.75515,1.7558,8.50,1.00
2010.06.08 17:59:31.212,1.7552,1.7558,4.80,1.00
2010.06.08 17:59:31.451,1.7552,1.75585,6.60,1.20
2010.06.08 17:59:31.692,1.7552,1.7558,1.80,1.60
2010.06.08 17:59:31.934,1.7552,1.7558,3.70,2.70
2010.06.08 17:59:32.293,1.7552,1.7558,1.30,2.70
2010.06.08 17:59:32.483,1.755,1.75575,5.20,2.30
2010.06.08 17:59:34.521,1.755,1.75575,2.80,2.30
2010.06.08 17:59:35.452,1.755,1.7557,2.80,1.00
2010.06.08 17:59:35.860,1.755,1.7557,5.20,1.00
2010.06.08 17:59:36.204,1.7549,1.7555,1.60,1.00
2010.06.08 17:59:36.543,1.7547,1.7554,2.80,1.00
2010.06.08 17:59:37.396,1.7547,1.7554,1.00,1.00
2010.06.08 17:59:38.222,1.75465,1.7553,6.90,1.00
2010.06.08 17:59:38.845,1.75445,1.7551,7.70,1.00
2010.06.08 17:59:39.172,1.75445,1.7552,9.00,1.00
2010.06.08 17:59:39.500,1.75445,1.75515,7.70,1.30
2010.06.08 17:59:40.203,1.75435,1.7551,5.00,1.00
2010.06.08 17:59:41.594,1.75425,1.7549,1.00,1.00
2010.06.08 17:59:43.871,1.75425,1.75495,1.80,1.10
2010.06.08 17:59:45.591,1.75425,1.7549,1.30,1.00
2010.06.08 17:59:46.292,1.7542,1.75475,1.00,1.00
2010.06.08 17:59:46.631,1.7542,1.75475,1.00,1.00
2010.06.08 17:59:46.952,1.7542,1.75475,1.00,1.00
2010.06.08 17:59:47.272,1.7542,1.75465,1.00,1.00
2010.06.08 17:59:47.596,1.75415,1.7548,1.00,1.00
2010.06.08 17:59:48.213,1.7542,1.7547,1.00,1.00
2010.06.08 17:59:48.458,1.7542,1.7547,1.00,2.40
2010.06.08 17:59:49.461,1.7542,1.7549,3.20,4.20
2010.06.08 17:59:49.705,1.7542,1.75475,1.00,1.00
2010.06.08 17:59:51.266,1.7542,1.7548,1.00,1.80
2010.06.08 17:59:51.615,1.7542,1.7548,1.00,1.00
2010.06.08 17:59:51.902,1.7542,1.7549,1.00,1.00
2010.06.08 17:59:52.917,1.7542,1.7549,1.00,1.00
2010.06.08 17:59:53.319,1.75425,1.75495,1.00,7.40
2010.06.08 17:59:53.490,1.75425,1.75495,1.00,2.50
2010.06.08 17:59:53.951,1.7543,1.75495,1.00,1.00
2010.06.08 17:59:54.633,1.75425,1.75485,2.40,1.00
2010.06.08 17:59:54.972,1.7542,1.75495,4.10,2.50
2010.06.08 17:59:55.488,1.75425,1.75495,4.10,1.80
2010.06.08 17:59:55.825,1.7542,1.7549,1.20,1.20
2010.06.08 17:59:56.163,1.75415,1.7548,1.30,1.30
2010.06.08 17:59:56.502,1.75415,1.7548,1.00,1.80
2010.06.08 17:59:56.868,1.75415,1.7548,1.00,1.00
2010.06.08 17:59:57.228,1.75415,1.7548,1.30,1.00
2010.06.08 17:59:57.634,1.75415,1.75475,1.00,1.00
2010.06.08 17:59:57.841,1.75415,1.75485,1.30,1.00
2010.06.08 17:59:59.069,1.75415,1.75485,1.00,2.80
2010.06.08 17:59:59.411,1.7541,1.75475,1.00,1.00
