2017.07.20 09:00:00.154,1.64351,1.64373,1.00,1.00
2017.07.20 09:00:00.660,1.6435,1.64374,1.00,1.50
2017.07.20 09:00:01.002,1.6435,1.64377,1.00,2.10
2017.07.20 09:00:01.266,1.64351,1.64373,1.00,1.00
2017.07.20 09:00:01.567,1.6435,1.64377,1.00,1.00
2017.07.20 09:00:02.123,1.64351,1.64377,1.00,1.00
2017.07.20 09:00:02.378,1.64349,1.64375,1.00,1.00
2017.07.20 09:00:02.887,1.64348,1.64375,1.00,1.00
2017.07.20 09:00:03.396,1.64348,1.64376,1.00,1.12
2017.07.20 09:00:03.827,1.64351,1.64375,1.00,1.00
2017.07.20 09:00:03.879,1.64348,1.64376,1.12,1.12
2017.07.20 09:00:04.387,1.64348,1.64375,1.00,1.50
2017.07.20 09:00:04.489,1.64347,1.64373,1.50,1.00
2017.07.20 09:00:04.654,1.64347,1.64375,1.50,1.00
2017.07.20 09:00:04.930,1.64349,1.64376,1.00,1.12
2017.07.20 09:00:05.893,1.64349,1.64375,1.00,1.00
2017.07.20 09:00:06.397,1.64348,1.64375,1.00,1.00
2017.07.20 09:00:06.903,1.64349,1.64375,1.25,1.00
2017.07.20 09:00:07.545,1.64349,1.64376,1.25,1.87
2017.07.20 09:00:07.849,1.64351,1.64375,1.00,1.50
2017.07.20 09:00:08.954,1.64351,1.64378,1.50,2.25
2017.07.20 09:00:09.881,1.64352,1.64372,1.00,1.00
2017.07.20 09:00:10.186,1.64348,1.64372,1.00,1.00
2017.07.20 09:00:10.695,1.64348,1.64373,1.00,1.50
2017.07.20 09:00:11.239,1.64348,1.64372,1.50,1.00
2017.07.20 09:00:11.392,1.64352,1.64373,1.00,1.50
2017.07.20 09:00:11.545,1.64348,1.64372,2.06,1.00
2017.07.20 09:00:11.646,1.64351,1.64373,1.00,1.00
2017.07.20 09:00:11.748,1.64347,1.64372,2.25,1.00
2017.07.20 09:00:12.071,1.64347,1.64368,1.00,1.00
2017.07.20 09:00:12.648,1.64347,1.64367,1.00,1.00
2017.07.20 09:00:12.801,1.64344,1.64368,1.00,1.00
2017.07.20 09:00:13.367,1.64345,1.64367,1.00,1.00
2017.07.20 09:00:13.967,1.64345,1.64368,1.00,1.00
2017.07.20 09:00:14.501,1.64345,1.64367,1.00,1.00
2017.07.20 09:00:15.075,1.64345,1.64368,1.00,1.00
2017.07.20 09:00:15.286,1.64348,1.64367,1.00,1.00
2017.07.20 09:00:15.388,1.64348,1.64371,1.00,1.12
2017.07.20 09:00:15.470,1.64346,1.64371,1.00,1.12
2017.07.20 09:00:15.625,1.64346,1.64368,1.00,1.00
2017.07.20 09:00:15.946,1.64351,1.64372,1.00,1.37
2017.07.20 09:00:16.466,1.64352,1.64372,1.00,1.37
2017.07.20 09:00:16.771,1.64352,1.64373,1.00,1.00
2017.07.20 09:00:17.193,1.64357,1.64372,1.00,1.00
2017.07.20 09:00:17.811,1.64357,1.64373,1.00,1.00
2017.07.20 09:00:18.316,1.64352,1.64372,1.50,1.00
2017.07.20 09:00:18.926,1.64352,1.64373,1.50,1.00
2017.07.20 09:00:20.025,1.64352,1.64372,1.50,1.00
2017.07.20 09:00:20.311,1.64357,1.64373,1.00,1.00
2017.07.20 09:00:20.364,1.64357,1.64379,1.00,1.75
2017.07.20 09:00:20.516,1.64357,1.64381,1.00,1.00
2017.07.20 09:00:21.068,1.64357,1.64382,1.00,1.12
2017.07.20 09:00:21.593,1.64356,1.64381,1.00,1.50
2017.07.20 09:00:21.695,1.64354,1.6438,1.00,1.00
2017.07.20 09:00:22.285,1.64355,1.64382,1.00,2.62
2017.07.20 09:00:22.487,1.64353,1.6438,1.00,1.00
2017.07.20 09:00:25.034,1.64353,1.64373,1.00,1.00
2017.07.20 09:00:25.086,1.64348,1.64376,2.62,1.50
2017.07.20 09:00:25.136,1.64348,1.64372,1.75,1.50
2017.07.20 09:00:25.187,1.64348,1.64371,1.62,1.00
2017.07.20 09:00:25.289,1.64347,1.64371,1.25,1.00
2017.07.20 09:00:25.340,1.64351,1.64373,1.12,1.37
2017.07.20 09:00:25.662,1.64346,1.64368,1.00,1.00
2017.07.20 09:00:25.714,1.64345,1.6437,1.25,1.00
2017.07.20 09:00:25.765,1.64343,1.64367,2.51,1.00
2017.07.20 09:00:26.279,1.64342,1.64366,1.07,1.00
2017.07.20 09:00:26.781,1.64342,1.64367,1.07,1.50
2017.07.20 09:00:27.386,1.64342,1.64367,1.17,1.50
2017.07.20 09:00:28.629,1.64342,1.64368,1.65,1.00
2017.07.20 09:00:29.029,1.64342,1.64366,1.17,1.00
2017.07.20 09:00:31.021,1.64341,1.64368,1.65,1.00
2017.07.20 09:00:31.527,1.64342,1.64367,1.17,1.00
2017.07.20 09:00:32.094,1.64344,1.64368,1.00,1.00
2017.07.20 09:00:32.630,1.64343,1.64367,1.01,1.00
2017.07.20 09:00:33.224,1.64344,1.64367,1.00,1.00
2017.07.20 09:00:33.868,1.64343,1.64367,1.76,1.00
2017.07.20 09:00:34.400,1.64343,1.64368,1.01,1.00
2017.07.20 09:00:34.451,1.64346,1.64367,1.50,1.00
2017.07.20 09:00:34.502,1.64346,1.64369,2.25,1.00
2017.07.20 09:00:34.553,1.6435,1.64369,1.25,1.00
2017.07.20 09:00:34.654,1.64352,1.64377,1.69,1.00
2017.07.20 09:00:35.196,1.64352,1.64376,1.25,1.00
2017.07.20 09:00:35.725,1.64351,1.64377,1.25,1.00
2017.07.20 09:00:36.486,1.6435,1.64377,1.25,1.00
2017.07.20 09:00:36.537,1.64352,1.64377,1.25,1.00
2017.07.20 09:00:37.166,1.64352,1.64376,1.25,1.00
2017.07.20 09:00:37.715,1.64351,1.64377,1.69,1.00
2017.07.20 09:00:38.225,1.64352,1.64377,1.25,1.00
2017.07.20 09:00:39.175,1.64352,1.64376,1.25,1.00
2017.07.20 09:00:39.749,1.64352,1.64377,1.69,1.50
2017.07.20 09:00:40.255,1.64352,1.64376,1.69,1.00
2017.07.20 09:00:40.664,1.64348,1.64376,1.00,1.00
2017.07.20 09:00:40.715,1.64347,1.64365,1.50,1.00
2017.07.20 09:00:41.020,1.64333,1.64355,1.30,1.00
2017.07.20 09:00:41.782,1.64338,1.64363,1.07,2.25
2017.07.20 09:00:41.834,1.64339,1.64363,1.00,1.75
2017.07.20 09:00:42.036,1.64334,1.64359,1.37,1.00
2017.07.20 09:00:42.087,1.64334,1.64359,1.00,1.00
2017.07.20 09:00:42.597,1.64334,1.6436,1.00,1.00
2017.07.20 09:00:43.147,1.64335,1.6436,1.00,1.00
2017.07.20 09:00:43.653,1.64334,1.6436,1.00,1.00
2017.07.20 09:00:44.166,1.64335,1.6436,1.00,1.00
2017.07.20 09:00:44.676,1.64334,1.6436,1.00,1.00
2017.07.20 09:00:45.192,1.64335,1.6436,1.00,1.00
2017.07.20 09:00:45.243,1.64332,1.64358,1.00,1.00
2017.07.20 09:00:45.798,1.64332,1.64359,1.50,1.00
2017.07.20 09:00:45.928,1.64337,1.64359,1.00,1.00
2017.07.20 09:00:46.438,1.64337,1.64358,1.00,1.00
2017.07.20 09:00:47.061,1.64337,1.64359,1.00,1.00
2017.07.20 09:00:47.636,1.64337,1.64358,1.00,1.00
2017.07.20 09:00:48.337,1.64337,1.64359,1.00,1.00
2017.07.20 09:00:49.028,1.64337,1.64358,1.00,1.00
2017.07.20 09:00:50.685,1.64337,1.64359,1.00,1.00
2017.07.20 09:00:51.273,1.64337,1.64358,1.00,1.00
2017.07.20 09:00:51.324,1.64337,1.64361,1.00,1.00
2017.07.20 09:00:51.375,1.64337,1.64358,1.00,1.00
2017.07.20 09:00:51.907,1.64337,1.64359,1.00,1.00
2017.07.20 09:00:52.573,1.64341,1.64359,1.00,1.00
2017.07.20 09:00:52.624,1.64337,1.64365,1.00,1.75
2017.07.20 09:00:52.675,1.64339,1.64364,1.00,1.37
2017.07.20 09:00:52.726,1.64339,1.64364,1.00,1.00
2017.07.20 09:00:52.778,1.64337,1.64362,1.00,1.00
2017.07.20 09:00:53.393,1.64337,1.64361,1.00,1.00
2017.07.20 09:00:53.722,1.64337,1.64359,1.00,1.00
2017.07.20 09:00:54.179,1.64334,1.64359,1.00,1.00
2017.07.20 09:00:54.717,1.64334,1.64358,1.00,1.00
2017.07.20 09:00:55.246,1.64334,1.64359,1.00,1.00
2017.07.20 09:00:55.774,1.64334,1.64358,1.00,1.00
2017.07.20 09:00:56.205,1.64331,1.64358,3.19,1.00
2017.07.20 09:00:56.268,1.64333,1.64358,1.00,1.00
2017.07.20 09:00:56.420,1.64331,1.64358,1.00,1.00
2017.07.20 09:00:56.472,1.64329,1.64354,1.12,1.00
2017.07.20 09:00:56.575,1.64325,1.64353,1.00,1.00
2017.07.20 09:00:56.778,1.64326,1.6435,1.00,1.00
2017.07.20 09:00:56.981,1.64326,1.64352,1.00,1.12
2017.07.20 09:00:57.033,1.64324,1.64352,1.00,1.12
2017.07.20 09:00:57.834,1.64325,1.64352,1.00,1.12
2017.07.20 09:00:58.344,1.64326,1.64352,1.00,1.12
2017.07.20 09:00:58.889,1.64327,1.64353,1.00,1.50
2017.07.20 09:01:00.949,1.64326,1.64352,1.00,1.12
2017.07.20 09:01:01.303,1.64325,1.64347,1.00,1.00
2017.07.20 09:01:01.354,1.64322,1.64347,1.12,1.00
2017.07.20 09:01:01.405,1.64321,1.64345,1.50,1.00
2017.07.20 09:01:01.710,1.64321,1.64343,1.00,1.00
2017.07.20 09:01:02.310,1.64322,1.64343,1.00,1.00
2017.07.20 09:01:03.979,1.64322,1.64342,1.00,1.00
2017.07.20 09:01:04.131,1.64317,1.64342,1.69,1.00
2017.07.20 09:01:04.647,1.64317,1.64343,1.00,1.00
2017.07.20 09:01:05.656,1.64318,1.64343,1.00,1.00
2017.07.20 09:01:05.808,1.64318,1.64345,1.50,1.00
2017.07.20 09:01:06.344,1.64321,1.64345,1.00,1.00
2017.07.20 09:01:07.895,1.64322,1.64348,2.25,1.87
2017.07.20 09:01:08.098,1.64329,1.64356,1.00,1.50
2017.07.20 09:01:08.687,1.6433,1.64356,1.25,1.50
2017.07.20 09:01:09.195,1.6433,1.64355,1.25,1.00
2017.07.20 09:01:09.767,1.64328,1.64355,1.25,1.00
2017.07.20 09:01:15.498,1.64327,1.64355,2.25,1.00
2017.07.20 09:01:16.006,1.64328,1.64355,1.00,1.00
2017.07.20 09:01:16.534,1.64327,1.64355,2.25,1.00
2017.07.20 09:01:17.193,1.64328,1.64355,1.00,1.00
2017.07.20 09:01:17.817,1.64327,1.64355,3.00,1.00
2017.07.20 09:01:18.486,1.64328,1.64355,1.00,1.00
2017.07.20 09:01:19.015,1.64327,1.64355,3.00,1.00
2017.07.20 09:01:19.596,1.64328,1.64356,1.50,1.00
2017.07.20 09:01:20.175,1.64328,1.64357,1.00,1.50
2017.07.20 09:01:20.751,1.64328,1.64356,1.50,1.00
2017.07.20 09:01:21.335,1.64328,1.64357,1.00,1.50
2017.07.20 09:01:21.488,1.64331,1.64357,1.00,1.50
2017.07.20 09:01:21.589,1.64328,1.64357,1.00,1.50
2017.07.20 09:01:21.640,1.64332,1.64356,1.00,1.00
2017.07.20 09:01:21.742,1.64333,1.64359,1.00,1.00
2017.07.20 09:01:21.894,1.64331,1.64358,1.50,1.00
2017.07.20 09:01:22.400,1.64333,1.64359,1.00,1.00
2017.07.20 09:01:22.653,1.64331,1.64359,1.00,1.00
2017.07.20 09:01:23.008,1.64335,1.6436,1.00,1.50
2017.07.20 09:01:23.598,1.64336,1.6436,1.00,1.00
2017.07.20 09:01:24.917,1.64335,1.6436,1.00,1.00
2017.07.20 09:01:25.425,1.64336,1.6436,1.00,1.00
2017.07.20 09:01:25.961,1.64335,1.6436,1.00,1.00
2017.07.20 09:01:26.631,1.64335,1.64361,1.50,1.00
2017.07.20 09:01:26.936,1.64323,1.64349,1.00,1.00
2017.07.20 09:01:27.291,1.64327,1.6435,1.00,1.00
2017.07.20 09:01:27.444,1.64331,1.64359,1.00,1.00
2017.07.20 09:01:27.685,1.64335,1.64359,1.00,1.00
2017.07.20 09:01:27.838,1.64335,1.64365,2.25,1.00
2017.07.20 09:01:28.344,1.64337,1.64364,1.00,1.00
2017.07.20 09:01:28.446,1.64335,1.64365,1.50,1.50
2017.07.20 09:01:28.976,1.64336,1.64365,1.00,1.50
2017.07.20 09:01:29.483,1.64336,1.64364,1.50,1.00
2017.07.20 09:01:30.089,1.64335,1.64364,1.50,1.00
2017.07.20 09:01:30.292,1.64337,1.64363,1.00,1.00
2017.07.20 09:01:30.697,1.64335,1.64362,1.00,1.00
2017.07.20 09:01:31.147,1.64335,1.64364,1.00,1.00
2017.07.20 09:01:31.699,1.64336,1.64364,1.00,1.50
2017.07.20 09:01:32.272,1.64337,1.64365,1.00,1.50
2017.07.20 09:01:32.795,1.64336,1.64365,1.50,1.50
2017.07.20 09:01:33.257,1.64336,1.64363,1.00,1.00
2017.07.20 09:01:33.816,1.64335,1.64363,1.00,1.00
2017.07.20 09:01:34.651,1.64336,1.64363,1.00,1.00
2017.07.20 09:01:35.486,1.64335,1.64363,1.00,1.00
2017.07.20 09:01:35.798,1.64334,1.64356,1.00,1.00
2017.07.20 09:01:35.899,1.64326,1.64351,1.00,1.00
2017.07.20 09:01:36.001,1.64324,1.64351,1.00,1.00
2017.07.20 09:01:36.204,1.64326,1.64351,1.00,1.00
2017.07.20 09:01:36.408,1.64324,1.64351,1.00,1.00
2017.07.20 09:01:36.459,1.64327,1.64352,1.00,1.00
2017.07.20 09:01:36.715,1.64326,1.64355,1.00,1.00
2017.07.20 09:01:36.766,1.64325,1.64351,1.12,1.00
2017.07.20 09:01:36.868,1.64323,1.64352,2.25,1.00
2017.07.20 09:01:36.918,1.64325,1.64352,1.00,1.00
2017.07.20 09:01:37.090,1.64323,1.64351,3.00,1.00
2017.07.20 09:01:37.576,1.64325,1.64352,1.00,1.00
2017.07.20 09:01:38.088,1.64326,1.64352,1.00,1.00
2017.07.20 09:01:38.291,1.64327,1.64354,1.00,1.00
2017.07.20 09:01:38.443,1.64327,1.64356,1.00,1.46
2017.07.20 09:01:38.595,1.64326,1.64352,1.12,1.00
2017.07.20 09:01:39.127,1.64325,1.64351,1.50,1.00
2017.07.20 09:01:39.653,1.64326,1.64352,1.00,1.12
2017.07.20 09:01:40.161,1.64325,1.64351,1.00,1.00
2017.07.20 09:01:40.675,1.64327,1.64351,1.00,1.00
2017.07.20 09:01:41.086,1.64324,1.64351,1.00,1.00
2017.07.20 09:01:41.615,1.64325,1.64352,1.00,1.12
2017.07.20 09:01:42.156,1.64325,1.64351,1.00,1.00
2017.07.20 09:01:42.493,1.64327,1.64351,1.00,1.00
2017.07.20 09:01:42.753,1.64325,1.64351,1.00,1.00
2017.07.20 09:01:43.238,1.64327,1.64351,1.00,1.00
2017.07.20 09:01:43.786,1.64327,1.64352,1.00,1.12
2017.07.20 09:01:44.424,1.64327,1.64351,1.00,1.00
2017.07.20 09:01:45.633,1.64328,1.64351,1.00,1.00
2017.07.20 09:01:46.225,1.64328,1.64352,1.00,1.12
2017.07.20 09:01:46.868,1.64329,1.64354,1.00,1.50
2017.07.20 09:01:47.020,1.6433,1.64356,1.00,1.00
2017.07.20 09:01:47.071,1.64332,1.64357,1.00,1.00
2017.07.20 09:01:47.173,1.64329,1.64355,1.00,1.00
2017.07.20 09:01:47.717,1.64329,1.64356,1.00,1.50
2017.07.20 09:01:47.960,1.64332,1.64355,1.00,1.00
2017.07.20 09:01:48.064,1.64329,1.64356,1.00,1.50
2017.07.20 09:01:48.217,1.64327,1.64355,1.50,1.00
2017.07.20 09:01:48.795,1.64327,1.64356,1.00,1.50
2017.07.20 09:01:49.243,1.64331,1.64356,1.50,2.25
2017.07.20 09:01:49.497,1.64332,1.6436,1.00,1.50
2017.07.20 09:01:50.770,1.64332,1.64357,1.00,1.00
2017.07.20 09:01:51.660,1.64332,1.64356,1.00,1.00
2017.07.20 09:01:52.376,1.6433,1.64356,1.12,1.00
2017.07.20 09:01:52.944,1.64331,1.64356,1.00,1.00
2017.07.20 09:01:53.448,1.6433,1.64355,1.12,1.00
2017.07.20 09:01:53.785,1.64331,1.64353,1.00,1.00
2017.07.20 09:01:53.938,1.64326,1.64353,1.50,1.00
2017.07.20 09:01:56.750,1.64325,1.64351,1.50,1.00
2017.07.20 09:01:57.008,1.64326,1.64354,2.25,2.59
2017.07.20 09:01:57.464,1.64325,1.64352,1.00,1.00
2017.07.20 09:01:57.769,1.64314,1.64334,1.00,1.00
2017.07.20 09:01:57.922,1.64311,1.64332,1.00,1.00
2017.07.20 09:01:58.480,1.64311,1.64331,1.00,1.00
2017.07.20 09:02:00.197,1.64311,1.64333,1.00,1.00
2017.07.20 09:02:00.683,1.64311,1.6433,1.00,1.00
2017.07.20 09:02:00.908,1.64307,1.6433,1.75,1.00
2017.07.20 09:02:00.959,1.64307,1.64332,1.75,1.50
2017.07.20 09:02:01.010,1.64307,1.64332,1.00,1.50
2017.07.20 09:02:01.244,1.64312,1.64332,1.00,1.50
2017.07.20 09:02:01.815,1.64306,1.64332,1.50,1.00
2017.07.20 09:02:02.329,1.64306,1.64333,2.25,1.50
2017.07.20 09:02:02.876,1.64306,1.64332,1.00,1.00
2017.07.20 09:02:03.460,1.64307,1.64333,1.00,1.00
2017.07.20 09:02:03.562,1.64309,1.64334,1.00,1.00
2017.07.20 09:02:03.663,1.64309,1.64336,1.00,1.00
2017.07.20 09:02:04.185,1.64308,1.64336,1.00,1.00
2017.07.20 09:02:04.784,1.64309,1.64336,1.00,1.50
2017.07.20 09:02:05.436,1.64308,1.64336,1.00,1.00
2017.07.20 09:02:05.740,1.64307,1.64334,2.25,1.12
2017.07.20 09:02:06.468,1.64307,1.64333,1.50,1.00
2017.07.20 09:02:06.979,1.64307,1.64334,1.00,1.87
2017.07.20 09:02:07.533,1.64307,1.64333,1.00,1.00
2017.07.20 09:02:08.149,1.64307,1.64332,1.00,1.00
2017.07.20 09:02:08.673,1.64307,1.64333,1.00,1.50
2017.07.20 09:02:09.276,1.64307,1.64332,1.00,1.00
2017.07.20 09:02:09.581,1.64306,1.6433,1.50,1.00
2017.07.20 09:02:09.987,1.64306,1.64326,1.00,1.00
2017.07.20 09:02:10.299,1.64306,1.64329,1.00,1.00
2017.07.20 09:02:10.801,1.64307,1.64326,1.00,1.00
2017.07.20 09:02:11.128,1.64311,1.64326,1.00,1.00
2017.07.20 09:02:11.547,1.64307,1.64326,1.00,1.00
2017.07.20 09:02:11.598,1.64301,1.64326,1.00,1.00
2017.07.20 09:02:11.750,1.64307,1.64325,1.00,1.00
2017.07.20 09:02:11.903,1.64312,1.64331,1.12,1.00
2017.07.20 09:02:12.055,1.64312,1.64336,1.12,1.00
2017.07.20 09:02:12.106,1.64312,1.64338,1.12,1.00
2017.07.20 09:02:12.208,1.64314,1.64339,1.00,1.12
2017.07.20 09:02:12.595,1.64314,1.64337,1.00,1.00
2017.07.20 09:02:12.848,1.64302,1.64328,1.00,1.00
2017.07.20 09:02:13.001,1.64301,1.64326,1.00,1.00
2017.07.20 09:02:13.540,1.643,1.64326,1.00,1.00
2017.07.20 09:02:13.983,1.64296,1.64319,1.75,1.00
2017.07.20 09:02:14.136,1.64292,1.64317,3.00,1.00
2017.07.20 09:02:14.237,1.64297,1.64317,1.00,1.00
2017.07.20 09:02:14.289,1.64297,1.6432,1.00,1.00
2017.07.20 09:02:14.644,1.64293,1.6432,1.00,1.00
2017.07.20 09:02:15.048,1.64296,1.6432,1.00,1.00
2017.07.20 09:02:15.251,1.64297,1.64322,1.00,1.00
2017.07.20 09:02:15.403,1.64297,1.64324,1.00,1.00
2017.07.20 09:02:18.125,1.64297,1.64322,1.00,1.00
2017.07.20 09:02:18.381,1.64288,1.64317,2.25,1.50
2017.07.20 09:02:18.483,1.64288,1.64317,1.50,1.50
2017.07.20 09:02:18.789,1.64288,1.64313,1.00,1.00
2017.07.20 09:02:19.296,1.64287,1.64313,1.00,1.00
2017.07.20 09:02:20.640,1.64291,1.64313,1.00,1.00
2017.07.20 09:02:20.691,1.64294,1.64318,1.00,1.00
2017.07.20 09:02:20.742,1.64297,1.64323,1.00,1.37
2017.07.20 09:02:20.795,1.64296,1.64324,1.50,1.00
2017.07.20 09:02:21.316,1.64299,1.64326,1.00,1.87
2017.07.20 09:02:21.621,1.64292,1.64306,1.75,1.00
2017.07.20 09:02:21.878,1.64277,1.64302,1.50,1.00
2017.07.20 09:02:22.387,1.64277,1.64299,1.50,1.00
2017.07.20 09:02:22.945,1.64276,1.64299,1.00,1.00
2017.07.20 09:02:23.589,1.64277,1.64299,1.00,1.69
2017.07.20 09:02:23.981,1.64276,1.64297,1.00,1.00
2017.07.20 09:02:24.517,1.64277,1.64297,1.00,1.00
2017.07.20 09:02:25.091,1.64276,1.64297,1.00,1.00
2017.07.20 09:02:25.294,1.64272,1.64296,1.00,1.00
2017.07.20 09:02:25.620,1.64272,1.64294,1.00,1.00
2017.07.20 09:02:25.925,1.64264,1.64288,1.00,1.00
2017.07.20 09:02:26.026,1.64264,1.64286,1.00,1.00
2017.07.20 09:02:26.746,1.64265,1.64286,1.00,1.00
2017.07.20 09:02:27.011,1.64264,1.64289,1.00,1.00
2017.07.20 09:02:27.214,1.6426,1.64286,1.12,2.62
2017.07.20 09:02:27.410,1.64257,1.64279,2.62,1.00
2017.07.20 09:02:27.795,1.64258,1.64281,1.00,1.00
2017.07.20 09:02:28.318,1.64258,1.64283,1.50,1.00
2017.07.20 09:02:28.521,1.64259,1.64281,1.00,1.00
2017.07.20 09:02:28.828,1.6427,1.64293,1.00,1.00
2017.07.20 09:02:29.284,1.64273,1.64293,1.00,1.00
2017.07.20 09:02:29.437,1.64277,1.64298,1.00,1.50
2017.07.20 09:02:29.639,1.64273,1.64298,1.87,1.00
2017.07.20 09:02:30.171,1.64273,1.64298,1.00,1.69
2017.07.20 09:02:30.755,1.64273,1.64298,1.00,1.50
2017.07.20 09:02:31.296,1.64272,1.64298,1.00,1.50
2017.07.20 09:02:31.448,1.64273,1.64296,1.00,1.00
2017.07.20 09:02:31.736,1.64272,1.64299,1.00,1.50
2017.07.20 09:02:31.838,1.64269,1.64295,1.37,1.00
2017.07.20 09:02:32.142,1.64268,1.64286,1.00,1.00
2017.07.20 09:02:32.244,1.64267,1.64288,1.00,1.00
2017.07.20 09:02:32.680,1.64277,1.64289,1.00,1.00
2017.07.20 09:02:32.731,1.64277,1.64296,1.50,1.00
2017.07.20 09:02:32.833,1.64277,1.64299,1.00,1.00
2017.07.20 09:02:32.934,1.64276,1.64302,1.00,1.00
2017.07.20 09:02:32.985,1.64281,1.64302,1.00,1.00
2017.07.20 09:02:33.036,1.6428,1.64305,1.00,1.00
2017.07.20 09:02:33.138,1.64276,1.64302,1.00,1.00
2017.07.20 09:02:33.339,1.64273,1.64299,1.50,1.00
2017.07.20 09:02:33.391,1.64271,1.64298,1.00,1.00
2017.07.20 09:02:33.442,1.6427,1.64295,1.00,1.00
2017.07.20 09:02:33.646,1.6427,1.64298,1.00,1.50
2017.07.20 09:02:34.192,1.64271,1.64298,1.00,1.50
2017.07.20 09:02:34.574,1.64269,1.64298,1.00,1.00
2017.07.20 09:02:35.496,1.6427,1.64298,1.00,1.50
2017.07.20 09:02:35.678,1.64281,1.64298,1.00,1.50
2017.07.20 09:02:35.729,1.64281,1.643,1.00,1.50
2017.07.20 09:02:35.780,1.64283,1.643,1.00,1.12
2017.07.20 09:02:35.960,1.64284,1.64306,1.00,1.00
2017.07.20 09:02:36.112,1.64284,1.64309,1.00,1.00
2017.07.20 09:02:36.619,1.64283,1.64309,1.50,1.00
2017.07.20 09:02:37.329,1.64284,1.64312,1.00,1.00
2017.07.20 09:02:37.865,1.64283,1.64312,3.00,1.00
2017.07.20 09:02:38.230,1.64286,1.64309,1.00,4.12
2017.07.20 09:02:38.433,1.64275,1.64299,1.00,1.00
2017.07.20 09:02:38.535,1.64272,1.64299,1.00,1.50
2017.07.20 09:02:38.823,1.64266,1.64295,3.00,1.00
2017.07.20 09:02:39.708,1.64268,1.64294,1.00,1.00
2017.07.20 09:02:40.233,1.64268,1.64295,1.00,1.00
2017.07.20 09:02:40.436,1.64266,1.64294,1.87,1.00
2017.07.20 09:02:40.952,1.64271,1.64294,1.00,1.00
2017.07.20 09:02:41.428,1.64271,1.64296,1.00,1.00
2017.07.20 09:02:41.663,1.64271,1.64296,1.00,1.19
2017.07.20 09:02:41.968,1.64267,1.64288,1.00,1.00
2017.07.20 09:02:43.813,1.64263,1.64288,1.75,1.00
2017.07.20 09:02:44.349,1.64267,1.64288,1.00,1.00
2017.07.20 09:02:44.855,1.64262,1.64288,3.00,1.00
2017.07.20 09:02:45.159,1.64272,1.64288,1.00,1.00
2017.07.20 09:02:45.463,1.64272,1.6429,1.00,1.00
2017.07.20 09:02:46.080,1.64267,1.6429,1.50,1.00
2017.07.20 09:02:46.181,1.64272,1.6429,1.00,1.00
2017.07.20 09:02:46.232,1.64274,1.64299,1.00,2.00
2017.07.20 09:02:46.334,1.64275,1.64302,1.00,1.31
2017.07.20 09:02:46.753,1.64274,1.64303,1.50,1.50
2017.07.20 09:02:47.430,1.64275,1.64303,1.00,2.44
2017.07.20 09:02:48.405,1.64278,1.64303,1.00,1.00
2017.07.20 09:02:48.710,1.64289,1.64313,1.12,1.00
2017.07.20 09:02:49.065,1.64287,1.64312,1.00,1.00
2017.07.20 09:02:49.607,1.64287,1.64313,1.00,1.12
2017.07.20 09:02:50.048,1.64285,1.64311,1.00,1.00
2017.07.20 09:02:50.894,1.64285,1.64309,1.00,1.00
2017.07.20 09:02:51.047,1.64282,1.64308,1.12,1.00
2017.07.20 09:02:51.149,1.6428,1.64309,1.50,1.50
2017.07.20 09:02:51.728,1.64281,1.64309,1.00,1.50
2017.07.20 09:02:52.247,1.64282,1.64309,1.00,1.00
2017.07.20 09:02:52.555,1.64292,1.64308,1.00,1.00
2017.07.20 09:02:52.606,1.64293,1.6431,1.00,1.00
2017.07.20 09:02:52.708,1.64297,1.64319,1.00,2.25
2017.07.20 09:02:52.940,1.64298,1.64323,1.00,1.25
2017.07.20 09:02:53.451,1.64297,1.64323,1.50,1.00
2017.07.20 09:02:54.022,1.64298,1.64322,1.00,1.00
2017.07.20 09:02:54.581,1.64297,1.64323,1.50,1.19
2017.07.20 09:02:54.952,1.64297,1.64319,1.50,1.00
2017.07.20 09:02:55.485,1.64298,1.64319,1.00,1.00
2017.07.20 09:02:55.992,1.64297,1.64319,1.50,1.00
2017.07.20 09:02:56.350,1.64297,1.64322,1.50,1.00
2017.07.20 09:02:57.194,1.64298,1.64322,1.00,1.25
2017.07.20 09:02:57.709,1.64297,1.64319,1.50,1.00
2017.07.20 09:02:58.321,1.64298,1.64319,1.00,1.00
2017.07.20 09:02:58.995,1.64297,1.64319,1.50,1.00
2017.07.20 09:02:59.754,1.64298,1.64319,1.00,1.00
2017.07.20 09:03:00.029,1.64297,1.64321,1.00,1.00
2017.07.20 09:03:00.488,1.64301,1.64322,1.00,1.00
2017.07.20 09:03:00.691,1.64301,1.64325,1.00,1.00
2017.07.20 09:03:00.844,1.64302,1.64328,1.00,1.00
2017.07.20 09:03:01.600,1.64301,1.64328,1.00,1.00
2017.07.20 09:03:02.108,1.64302,1.64329,1.50,1.00
2017.07.20 09:03:02.462,1.64305,1.64334,1.50,1.75
2017.07.20 09:03:02.614,1.64305,1.64334,1.87,1.00
2017.07.20 09:03:02.887,1.6431,1.64334,1.00,1.00
2017.07.20 09:03:03.192,1.64309,1.6433,1.00,1.00
2017.07.20 09:03:03.441,1.64305,1.6433,1.12,1.00
2017.07.20 09:03:07.093,1.64307,1.6433,1.00,1.00
2017.07.20 09:03:07.399,1.6431,1.64334,1.00,1.00
2017.07.20 09:03:07.562,1.64311,1.64337,1.00,1.00
2017.07.20 09:03:08.069,1.64309,1.64336,1.50,1.00
2017.07.20 09:03:08.374,1.64306,1.64335,2.25,1.00
2017.07.20 09:03:08.577,1.64308,1.64336,1.00,1.00
2017.07.20 09:03:08.755,1.64306,1.64335,2.25,1.00
2017.07.20 09:03:09.345,1.64307,1.64335,1.00,2.25
2017.07.20 09:03:10.223,1.64306,1.64335,3.00,1.00
2017.07.20 09:03:10.772,1.64308,1.64336,1.00,1.00
2017.07.20 09:03:11.317,1.64308,1.64335,1.00,1.00
2017.07.20 09:03:11.624,1.64307,1.64333,2.25,1.00
2017.07.20 09:03:11.777,1.64307,1.64335,2.25,1.00
2017.07.20 09:03:12.093,1.64312,1.64336,1.00,1.50
2017.07.20 09:03:12.448,1.64311,1.64338,1.00,1.12
2017.07.20 09:03:12.499,1.64311,1.64334,1.00,1.00
2017.07.20 09:03:13.997,1.64311,1.64337,1.50,1.00
2017.07.20 09:03:14.402,1.64309,1.64337,1.50,1.00
2017.07.20 09:03:14.906,1.64309,1.64336,1.00,1.00
2017.07.20 09:03:15.449,1.6431,1.64336,1.00,1.87
2017.07.20 09:03:15.500,1.6431,1.64334,1.00,1.00
2017.07.20 09:03:16.403,1.64311,1.64334,1.00,1.00
2017.07.20 09:03:16.973,1.6431,1.64335,1.00,1.00
2017.07.20 09:03:17.515,1.64309,1.64336,1.00,1.87
2017.07.20 09:03:18.547,1.64309,1.64336,1.00,3.00
2017.07.20 09:03:19.695,1.64308,1.64335,1.00,1.12
2017.07.20 09:03:20.245,1.64309,1.64335,1.00,1.00
2017.07.20 09:03:20.746,1.64309,1.64336,1.00,1.87
2017.07.20 09:03:20.847,1.64307,1.64336,1.50,1.87
2017.07.20 09:03:20.898,1.64307,1.64334,2.25,1.00
2017.07.20 09:03:22.693,1.64311,1.64335,1.00,1.00
2017.07.20 09:03:23.005,1.64322,1.64346,1.00,1.37
2017.07.20 09:03:23.056,1.64322,1.64346,1.00,1.00
2017.07.20 09:03:23.209,1.64322,1.64348,1.00,1.00
2017.07.20 09:03:23.260,1.64322,1.64346,1.00,1.00
2017.07.20 09:03:23.311,1.6432,1.64345,2.44,1.00
2017.07.20 09:03:23.550,1.6432,1.64348,1.00,1.50
2017.07.20 09:03:23.860,1.64321,1.64344,1.00,1.00
2017.07.20 09:03:23.912,1.64319,1.64344,1.12,1.00
2017.07.20 09:03:24.382,1.64319,1.64346,1.87,1.00
2017.07.20 09:03:24.972,1.6432,1.64346,1.00,1.50
2017.07.20 09:03:25.567,1.64319,1.64346,1.87,1.00
2017.07.20 09:03:26.969,1.6432,1.64346,1.00,1.00
2017.07.20 09:03:27.020,1.64319,1.64344,1.12,1.37
2017.07.20 09:03:27.324,1.64313,1.64335,1.00,1.00
2017.07.20 09:03:27.614,1.64316,1.64339,1.00,1.00
2017.07.20 09:03:27.716,1.64317,1.64343,1.00,1.50
2017.07.20 09:03:27.767,1.64316,1.6434,1.00,2.62
2017.07.20 09:03:27.971,1.64309,1.64333,1.12,1.00
2017.07.20 09:03:28.225,1.64309,1.6433,1.12,1.00
2017.07.20 09:03:28.555,1.64313,1.64338,1.00,1.00
2017.07.20 09:03:28.908,1.64313,1.64336,1.87,1.00
2017.07.20 09:03:29.474,1.64313,1.64337,1.12,1.50
2017.07.20 09:03:30.031,1.64313,1.64339,1.87,1.00
2017.07.20 09:03:30.285,1.64313,1.64337,1.87,1.00
2017.07.20 09:03:31.864,1.64314,1.64337,1.00,1.00
2017.07.20 09:03:32.381,1.64313,1.64337,1.87,1.00
2017.07.20 09:03:37.526,1.64314,1.64337,1.00,1.00
2017.07.20 09:03:38.279,1.64313,1.64337,1.12,1.00
2017.07.20 09:03:38.533,1.64312,1.6434,1.50,1.00
2017.07.20 09:03:42.820,1.64312,1.64337,2.25,1.00
2017.07.20 09:03:43.351,1.64308,1.64331,2.25,1.00
2017.07.20 09:03:43.402,1.64308,1.64333,1.75,1.00
2017.07.20 09:03:43.504,1.64305,1.64329,1.00,1.00
2017.07.20 09:03:43.809,1.643,1.64328,1.50,1.00
2017.07.20 09:03:43.910,1.64301,1.64326,1.00,1.00
2017.07.20 09:03:44.750,1.64301,1.64328,1.00,1.00
2017.07.20 09:03:44.852,1.64303,1.64328,1.00,1.00
2017.07.20 09:03:44.903,1.64304,1.64332,1.00,1.50
2017.07.20 09:03:45.208,1.64304,1.64329,1.50,1.00
2017.07.20 09:03:46.105,1.64304,1.64332,2.25,1.00
2017.07.20 09:03:46.387,1.64304,1.6433,1.00,1.00
2017.07.20 09:03:46.489,1.64301,1.64328,3.19,1.00
2017.07.20 09:03:48.349,1.64302,1.64328,1.00,1.00
2017.07.20 09:03:48.854,1.64302,1.64326,1.00,1.00
2017.07.20 09:03:49.858,1.64305,1.64326,1.00,1.00
2017.07.20 09:03:49.909,1.64305,1.6433,1.50,1.00
2017.07.20 09:03:50.079,1.64307,1.64331,1.00,1.00
2017.07.20 09:03:50.640,1.64308,1.64331,1.00,1.00
2017.07.20 09:03:51.424,1.64307,1.64328,1.50,1.00
2017.07.20 09:03:51.945,1.64308,1.64328,1.00,1.00
2017.07.20 09:03:52.161,1.64308,1.6433,1.00,1.00
2017.07.20 09:03:52.776,1.64307,1.6433,1.50,1.00
2017.07.20 09:03:53.516,1.64308,1.6433,1.00,1.00
2017.07.20 09:03:54.027,1.64307,1.6433,1.50,1.00
2017.07.20 09:03:54.556,1.64308,1.6433,1.00,1.00
2017.07.20 09:03:55.245,1.64307,1.6433,1.50,1.00
2017.07.20 09:03:56.017,1.64308,1.64329,1.00,1.00
2017.07.20 09:03:57.062,1.64307,1.64329,2.25,1.00
2017.07.20 09:03:57.421,1.64308,1.64323,1.00,1.00
2017.07.20 09:03:57.472,1.64304,1.64323,1.37,1.00
2017.07.20 09:03:57.523,1.64302,1.64322,1.00,1.00
2017.07.20 09:03:57.625,1.64302,1.6432,1.00,1.00
2017.07.20 09:03:58.276,1.64301,1.6432,1.00,1.00
2017.07.20 09:03:58.922,1.64302,1.64322,1.00,1.00
2017.07.20 09:04:00.043,1.64303,1.64323,1.00,1.00
2017.07.20 09:04:00.094,1.64307,1.64323,1.00,1.00
2017.07.20 09:04:00.146,1.64307,1.64328,1.50,1.00
2017.07.20 09:04:00.474,1.64307,1.6433,1.50,1.00
2017.07.20 09:04:02.544,1.64306,1.6433,1.00,1.00
2017.07.20 09:04:02.646,1.64307,1.64328,1.50,1.00
2017.07.20 09:04:02.950,1.64312,1.64328,1.00,1.00
2017.07.20 09:04:03.002,1.64306,1.64328,1.50,1.00
2017.07.20 09:04:03.548,1.64306,1.64327,1.00,1.00
2017.07.20 09:04:04.126,1.64307,1.64327,1.00,1.00
2017.07.20 09:04:04.491,1.643,1.64323,1.37,1.00
2017.07.20 09:04:04.542,1.64297,1.6432,1.50,1.00
2017.07.20 09:04:04.746,1.64297,1.64318,1.00,1.00
2017.07.20 09:04:04.899,1.64295,1.64318,1.00,1.00
2017.07.20 09:04:04.950,1.64295,1.64316,1.00,1.00
2017.07.20 09:04:05.153,1.64294,1.64321,1.00,1.00
2017.07.20 09:04:05.585,1.64294,1.64318,1.00,1.00
2017.07.20 09:04:06.156,1.64295,1.64318,1.00,1.00
2017.07.20 09:04:06.658,1.64294,1.64318,1.00,1.00
2017.07.20 09:04:07.374,1.64293,1.64313,1.00,1.00
2017.07.20 09:04:07.425,1.64288,1.64313,1.75,1.00
2017.07.20 09:04:07.578,1.64287,1.64311,1.37,1.00
2017.07.20 09:04:07.629,1.64287,1.64311,1.00,1.19
2017.07.20 09:04:07.680,1.64282,1.64305,1.00,1.00
2017.07.20 09:04:07.832,1.64278,1.64304,1.50,1.00
2017.07.20 09:04:08.035,1.64278,1.643,1.50,1.00
2017.07.20 09:04:08.247,1.64278,1.64302,1.00,1.00
2017.07.20 09:04:08.738,1.64286,1.64308,1.00,1.37
2017.07.20 09:04:09.042,1.64286,1.6431,1.00,1.00
2017.07.20 09:04:09.346,1.64284,1.6431,1.00,1.00
2017.07.20 09:04:09.448,1.64282,1.6431,2.62,1.00
2017.07.20 09:04:10.201,1.64283,1.6431,1.00,1.00
2017.07.20 09:04:10.252,1.64283,1.64306,1.00,1.00
2017.07.20 09:04:10.815,1.64282,1.64306,1.87,1.00
2017.07.20 09:04:11.837,1.64283,1.64306,1.00,1.00
2017.07.20 09:04:12.142,1.64282,1.64303,1.12,1.00
2017.07.20 09:04:12.345,1.64279,1.64302,1.00,1.00
2017.07.20 09:04:12.447,1.64279,1.643,1.00,1.00
2017.07.20 09:04:12.975,1.64278,1.64301,1.12,1.00
2017.07.20 09:04:13.476,1.64279,1.64301,1.00,1.00
2017.07.20 09:04:13.986,1.64278,1.64301,1.12,1.00
2017.07.20 09:04:14.985,1.64279,1.64301,1.00,1.00
2017.07.20 09:04:15.289,1.6429,1.64309,1.00,1.50
2017.07.20 09:04:15.622,1.64294,1.64307,1.00,1.00
2017.07.20 09:04:15.674,1.64294,1.64309,1.00,1.25
2017.07.20 09:04:15.775,1.64285,1.64305,2.62,1.00
2017.07.20 09:04:15.877,1.64281,1.64301,1.00,1.00
2017.07.20 09:04:15.979,1.64278,1.64301,1.00,1.00
2017.07.20 09:04:16.080,1.64278,1.64304,1.00,1.00
2017.07.20 09:04:16.664,1.64273,1.64302,3.94,1.00
2017.07.20 09:04:16.968,1.64272,1.64292,1.12,1.00
2017.07.20 09:04:17.170,1.64268,1.64292,1.00,1.00
2017.07.20 09:04:17.272,1.64267,1.6429,1.00,1.00
2017.07.20 09:04:17.822,1.64268,1.6429,1.00,1.00
2017.07.20 09:04:18.446,1.64267,1.6429,1.00,1.00
2017.07.20 09:04:18.962,1.64268,1.6429,1.00,1.00
2017.07.20 09:04:19.465,1.64267,1.64289,1.00,1.00
2017.07.20 09:04:20.034,1.64268,1.64289,1.00,1.00
2017.07.20 09:04:20.535,1.64267,1.64289,1.00,1.00
2017.07.20 09:04:21.396,1.64268,1.64289,1.00,1.19
2017.07.20 09:04:21.798,1.64262,1.64283,1.00,1.62
2017.07.20 09:04:21.900,1.64264,1.64288,1.00,1.44
2017.07.20 09:04:22.104,1.64269,1.6429,1.00,1.12
2017.07.20 09:04:22.408,1.64266,1.64286,1.00,1.00
2017.07.20 09:04:22.765,1.64263,1.64283,1.37,1.00
2017.07.20 09:04:22.817,1.64254,1.64283,1.37,1.00
2017.07.20 09:04:22.868,1.64254,1.64283,1.00,1.00
2017.07.20 09:04:22.969,1.64255,1.64281,1.00,1.00
2017.07.20 09:04:23.316,1.64254,1.64278,1.00,1.00
2017.07.20 09:04:24.278,1.64262,1.64278,1.00,1.00
2017.07.20 09:04:24.380,1.64269,1.64286,1.00,1.00
2017.07.20 09:04:24.481,1.64269,1.64289,1.12,1.00
2017.07.20 09:04:24.583,1.64269,1.64291,1.12,1.00
2017.07.20 09:04:25.216,1.6427,1.64292,1.00,1.00
2017.07.20 09:04:25.376,1.64269,1.6429,1.12,1.00
2017.07.20 09:04:25.883,1.6427,1.64289,1.00,1.00
2017.07.20 09:04:26.399,1.64269,1.64289,1.12,1.00
2017.07.20 09:04:26.911,1.64269,1.64285,1.12,1.00
2017.07.20 09:04:26.964,1.6427,1.64288,1.00,1.00
2017.07.20 09:04:27.270,1.6427,1.6429,1.00,1.00
2017.07.20 09:04:27.942,1.64269,1.6429,1.12,1.00
2017.07.20 09:04:28.260,1.64271,1.64295,1.00,1.00
2017.07.20 09:04:28.312,1.64274,1.64299,1.50,1.12
2017.07.20 09:04:28.567,1.64278,1.64304,1.00,1.87
2017.07.20 09:04:29.080,1.64279,1.64305,1.12,1.00
2017.07.20 09:04:29.633,1.64282,1.64305,1.00,1.00
2017.07.20 09:04:29.887,1.64283,1.64307,1.00,1.00
2017.07.20 09:04:30.465,1.64282,1.64308,1.00,1.00
2017.07.20 09:04:30.999,1.64283,1.64308,1.00,1.00
2017.07.20 09:04:31.554,1.64282,1.64308,1.00,1.00
2017.07.20 09:04:32.124,1.64283,1.64308,1.00,1.00
2017.07.20 09:04:32.670,1.64282,1.64308,1.00,1.25
2017.07.20 09:04:33.017,1.64283,1.64305,1.00,1.00
2017.07.20 09:04:33.644,1.64282,1.64305,1.00,1.00
2017.07.20 09:04:34.396,1.64282,1.64308,1.00,1.00
2017.07.20 09:04:34.949,1.64283,1.64308,1.00,1.25
2017.07.20 09:04:35.000,1.64283,1.64306,1.00,1.00
2017.07.20 09:04:35.312,1.64283,1.64299,1.00,1.19
2017.07.20 09:04:35.363,1.64274,1.64299,2.25,1.19
2017.07.20 09:04:35.414,1.64274,1.64294,1.75,1.00
2017.07.20 09:04:35.515,1.64275,1.64294,1.00,1.00
2017.07.20 09:04:35.703,1.64274,1.64292,1.00,1.00
2017.07.20 09:04:36.455,1.64275,1.64292,1.00,1.00
2017.07.20 09:04:37.276,1.64274,1.64292,1.00,1.00
2017.07.20 09:04:37.857,1.64275,1.64292,1.00,1.00
2017.07.20 09:04:38.396,1.64274,1.64292,1.00,1.00
2017.07.20 09:04:38.829,1.64279,1.64294,1.00,1.00
2017.07.20 09:04:39.033,1.64278,1.64297,1.00,1.00
2017.07.20 09:04:39.595,1.64279,1.64297,1.00,1.00
2017.07.20 09:04:40.116,1.64278,1.64296,1.00,1.00
2017.07.20 09:04:40.528,1.64279,1.64298,1.00,1.00
2017.07.20 09:04:40.934,1.64279,1.64296,1.00,1.00
2017.07.20 09:04:41.243,1.64278,1.64299,1.00,1.00
2017.07.20 09:04:41.505,1.64279,1.64296,1.00,1.00
2017.07.20 09:04:41.607,1.64278,1.64298,1.00,1.00
2017.07.20 09:04:41.810,1.64278,1.64301,1.00,1.00
2017.07.20 09:04:42.339,1.64278,1.64302,1.00,1.50
2017.07.20 09:04:42.406,1.64278,1.643,1.00,1.00
2017.07.20 09:04:42.609,1.64278,1.64302,1.50,1.00
2017.07.20 09:04:43.117,1.64278,1.64301,1.50,1.00
2017.07.20 09:04:43.632,1.64278,1.64302,1.50,1.00
2017.07.20 09:04:43.734,1.64278,1.643,1.50,1.00
2017.07.20 09:04:43.952,1.64279,1.64302,1.00,1.00
2017.07.20 09:04:44.410,1.64279,1.643,1.00,1.00
2017.07.20 09:04:44.784,1.64282,1.64301,1.00,1.00
2017.07.20 09:04:44.835,1.64285,1.64308,1.00,1.00
2017.07.20 09:04:44.988,1.64285,1.64311,1.00,1.00
2017.07.20 09:04:45.252,1.64287,1.64311,1.00,1.00
2017.07.20 09:04:45.355,1.64287,1.64313,1.37,1.00
2017.07.20 09:04:45.456,1.64289,1.64315,1.00,1.00
2017.07.20 09:04:45.761,1.64289,1.64312,1.00,1.00
2017.07.20 09:04:46.346,1.64289,1.64314,1.00,1.50
2017.07.20 09:04:46.499,1.64293,1.64314,1.00,1.00
2017.07.20 09:04:46.803,1.64284,1.64312,3.37,1.00
2017.07.20 09:04:46.905,1.64284,1.64312,1.00,1.00
2017.07.20 09:04:47.007,1.64287,1.64311,1.00,1.00
2017.07.20 09:04:47.530,1.64286,1.6431,1.00,1.00
2017.07.20 09:04:48.341,1.64287,1.6431,1.00,1.00
2017.07.20 09:04:48.854,1.64286,1.6431,1.00,1.00
2017.07.20 09:04:50.081,1.64289,1.64312,1.00,1.00
2017.07.20 09:04:50.386,1.64293,1.64316,1.00,1.00
2017.07.20 09:04:50.932,1.64292,1.64316,1.12,1.25
2017.07.20 09:04:51.569,1.64293,1.64316,1.00,1.25
2017.07.20 09:04:52.419,1.64292,1.64316,1.12,1.25
2017.07.20 09:04:52.571,1.64293,1.64319,1.12,1.12
2017.07.20 09:04:52.762,1.64291,1.64317,1.00,1.50
2017.07.20 09:04:52.814,1.64289,1.64316,1.00,1.50
2017.07.20 09:04:53.169,1.64287,1.64316,1.50,1.00
2017.07.20 09:04:53.657,1.64288,1.64315,1.00,1.31
2017.07.20 09:04:53.709,1.64286,1.64311,1.12,1.00
2017.07.20 09:04:53.810,1.64284,1.64311,1.00,1.69
2017.07.20 09:04:53.912,1.64284,1.64311,1.00,1.19
2017.07.20 09:04:54.420,1.64284,1.64311,1.00,1.50
2017.07.20 09:04:55.056,1.64285,1.64311,1.00,1.00
2017.07.20 09:04:55.665,1.64285,1.64312,1.00,1.87
2017.07.20 09:04:55.716,1.64288,1.64312,1.00,1.12
2017.07.20 09:04:55.859,1.64288,1.64316,1.00,1.50
2017.07.20 09:04:56.393,1.64288,1.64315,1.00,1.00
2017.07.20 09:04:57.011,1.64288,1.64314,1.00,1.00
2017.07.20 09:04:57.557,1.64287,1.64314,1.12,1.00
2017.07.20 09:04:57.811,1.64288,1.64312,1.00,1.00
2017.07.20 09:04:58.319,1.64288,1.64313,1.00,1.00
2017.07.20 09:04:58.597,1.64289,1.64316,1.00,1.00
2017.07.20 09:04:59.277,1.6429,1.64316,1.00,1.00
2017.07.20 09:04:59.777,1.64292,1.64317,1.00,2.62
2017.07.20 09:05:00.030,1.64297,1.64323,1.50,1.00
2017.07.20 09:05:00.284,1.64296,1.64321,1.00,1.00
2017.07.20 09:05:00.385,1.64296,1.64324,1.00,1.00
2017.07.20 09:05:00.970,1.64297,1.64324,1.00,1.00
2017.07.20 09:05:01.174,1.64296,1.64324,1.00,1.19
2017.07.20 09:05:01.479,1.6429,1.64315,1.00,1.00
2017.07.20 09:05:01.634,1.64288,1.64315,1.00,1.50
2017.07.20 09:05:02.157,1.6429,1.64315,1.00,1.00
2017.07.20 09:05:02.558,1.64288,1.64315,1.00,1.00
2017.07.20 09:05:04.258,1.6429,1.64315,1.00,1.50
2017.07.20 09:05:04.513,1.64288,1.64315,1.50,1.00
2017.07.20 09:05:05.044,1.64289,1.64318,1.50,1.37
2017.07.20 09:05:05.325,1.64294,1.64318,1.00,1.00
2017.07.20 09:05:05.426,1.64295,1.64322,1.69,1.37
2017.07.20 09:05:05.477,1.64295,1.64322,1.12,1.50
2017.07.20 09:05:06.269,1.64293,1.64317,1.37,1.00
2017.07.20 09:05:06.327,1.6429,1.64317,1.50,1.00
2017.07.20 09:05:06.735,1.6429,1.64315,1.50,1.00
2017.07.20 09:05:07.040,1.64285,1.6431,1.12,1.00
2017.07.20 09:05:07.758,1.64286,1.6431,1.00,1.00
2017.07.20 09:05:08.264,1.64285,1.6431,1.12,1.00
2017.07.20 09:05:08.845,1.64286,1.64312,1.50,1.00
2017.07.20 09:05:09.323,1.64289,1.64314,1.25,1.00
2017.07.20 09:05:09.847,1.64288,1.64315,1.25,1.87
2017.07.20 09:05:10.013,1.64286,1.64314,1.50,1.50
2017.07.20 09:05:11.909,1.64291,1.64314,1.00,1.50
2017.07.20 09:05:12.213,1.64291,1.64318,1.00,1.00
2017.07.20 09:05:12.264,1.64296,1.64319,1.00,1.00
2017.07.20 09:05:12.518,1.64301,1.64326,1.00,1.12
2017.07.20 09:05:12.694,1.64307,1.6433,1.00,1.00
2017.07.20 09:05:12.999,1.64317,1.64338,1.00,1.75
2017.07.20 09:05:13.101,1.64316,1.64339,1.00,1.50
2017.07.20 09:05:13.304,1.64317,1.64342,1.00,1.69
2017.07.20 09:05:13.459,1.64316,1.64339,1.00,1.00
2017.07.20 09:05:13.988,1.64317,1.64339,1.00,1.00
2017.07.20 09:05:14.557,1.64317,1.64338,1.00,1.00
2017.07.20 09:05:15.046,1.64317,1.64342,1.00,1.00
2017.07.20 09:05:15.572,1.64316,1.64342,1.00,1.00
2017.07.20 09:05:15.875,1.64317,1.64339,1.00,1.00
2017.07.20 09:05:15.977,1.64312,1.64338,1.75,1.50
2017.07.20 09:05:16.028,1.64308,1.64332,1.75,1.00
2017.07.20 09:05:16.236,1.64306,1.6433,1.00,1.00
2017.07.20 09:05:16.339,1.64306,1.64328,1.00,1.00
2017.07.20 09:05:17.125,1.64305,1.64327,1.00,1.00
2017.07.20 09:05:18.128,1.64306,1.64327,1.00,1.00
2017.07.20 09:05:19.009,1.64305,1.64327,1.00,1.00
2017.07.20 09:05:19.694,1.64306,1.64327,1.00,1.00
2017.07.20 09:05:20.222,1.64305,1.64327,1.00,1.00
2017.07.20 09:05:20.816,1.64302,1.64329,1.50,1.56
2017.07.20 09:05:20.918,1.64302,1.64331,1.50,2.44
2017.07.20 09:05:21.121,1.64305,1.6433,1.00,1.00
2017.07.20 09:05:21.723,1.64305,1.64331,1.00,1.00
2017.07.20 09:05:22.233,1.64305,1.6433,1.00,1.00
2017.07.20 09:05:22.849,1.64305,1.64331,1.00,1.00
2017.07.20 09:05:23.489,1.64305,1.6433,1.00,1.00
2017.07.20 09:05:24.091,1.64305,1.64331,1.00,1.00
2017.07.20 09:05:24.605,1.64305,1.6433,1.00,1.00
2017.07.20 09:05:25.266,1.64306,1.6433,1.00,1.00
2017.07.20 09:05:25.621,1.64306,1.64332,3.19,1.00
2017.07.20 09:05:25.722,1.64307,1.64335,1.09,1.50
2017.07.20 09:05:26.321,1.6431,1.64335,1.00,1.00
2017.07.20 09:05:26.422,1.64312,1.6434,1.25,1.00
2017.07.20 09:05:26.647,1.64314,1.6434,1.00,1.00
2017.07.20 09:05:26.951,1.64318,1.64345,1.12,1.00
2017.07.20 09:05:27.411,1.64322,1.64345,1.50,1.12
2017.07.20 09:05:27.462,1.64324,1.64351,1.37,1.50
2017.07.20 09:05:27.513,1.64327,1.64351,1.00,1.00
2017.07.20 09:05:27.665,1.64328,1.64354,1.00,1.00
2017.07.20 09:05:28.020,1.64326,1.64354,1.50,1.00
2017.07.20 09:05:28.534,1.64326,1.64353,1.50,1.00
2017.07.20 09:05:29.062,1.64327,1.64354,1.00,1.00
2017.07.20 09:05:29.631,1.64328,1.64354,1.00,1.00
2017.07.20 09:05:30.313,1.64327,1.64354,1.00,1.00
2017.07.20 09:05:30.819,1.64327,1.64355,1.50,1.00
2017.07.20 09:05:31.359,1.64327,1.64356,1.00,1.50
2017.07.20 09:05:31.890,1.6433,1.64356,1.00,1.00
2017.07.20 09:05:32.457,1.6433,1.64355,1.00,1.00
2017.07.20 09:05:33.253,1.64328,1.64355,1.00,1.50
2017.07.20 09:05:33.456,1.64332,1.64357,1.00,1.00
2017.07.20 09:05:33.559,1.64333,1.6436,1.00,1.19
2017.07.20 09:05:33.611,1.64336,1.6436,1.00,1.19
2017.07.20 09:05:33.866,1.64329,1.64358,1.87,1.50
2017.07.20 09:05:34.055,1.64329,1.64355,1.12,1.00
2017.07.20 09:05:34.258,1.64325,1.64354,1.50,1.00
2017.07.20 09:05:34.461,1.64328,1.64355,1.00,1.50
2017.07.20 09:05:34.987,1.6433,1.64354,1.00,1.00
2017.07.20 09:05:35.508,1.6433,1.64355,1.00,1.00
2017.07.20 09:05:36.429,1.64329,1.64355,1.00,1.00
2017.07.20 09:05:36.996,1.6433,1.64355,1.00,1.00
2017.07.20 09:05:37.515,1.6433,1.64356,1.00,1.00
2017.07.20 09:05:38.026,1.64329,1.64356,1.00,1.00
2017.07.20 09:05:38.941,1.64327,1.64355,3.00,1.00
2017.07.20 09:05:39.488,1.64327,1.64356,1.50,2.25
2017.07.20 09:05:40.010,1.64327,1.64355,2.25,1.00
2017.07.20 09:05:40.564,1.64327,1.64356,1.50,2.25
2017.07.20 09:05:41.407,1.64327,1.64355,2.25,1.00
2017.07.20 09:05:42.589,1.64327,1.64356,1.50,1.87
2017.07.20 09:05:43.243,1.64327,1.64355,2.25,1.00
2017.07.20 09:05:44.098,1.64327,1.64356,1.50,1.87
2017.07.20 09:05:44.552,1.64332,1.64356,1.00,1.12
2017.07.20 09:05:44.925,1.64336,1.64359,1.00,1.00
2017.07.20 09:05:45.079,1.64341,1.64365,1.00,1.00
2017.07.20 09:05:45.585,1.64341,1.64366,1.00,1.00
2017.07.20 09:05:46.468,1.6434,1.64366,1.00,1.25
2017.07.20 09:05:47.490,1.64341,1.64366,1.00,1.00
2017.07.20 09:05:48.581,1.6434,1.64366,1.00,1.00
2017.07.20 09:05:49.126,1.64341,1.64366,1.00,1.00
2017.07.20 09:05:49.659,1.6434,1.64366,1.00,1.00
2017.07.20 09:05:50.297,1.64341,1.64366,1.00,1.00
2017.07.20 09:05:50.611,1.64342,1.64364,1.00,1.25
2017.07.20 09:05:50.663,1.6434,1.64364,1.00,1.25
2017.07.20 09:05:51.012,1.6434,1.64362,1.00,1.00
2017.07.20 09:05:51.380,1.64341,1.64365,1.00,1.00
2017.07.20 09:05:51.431,1.64339,1.64361,1.00,1.00
2017.07.20 09:05:51.533,1.64336,1.64361,1.00,1.00
2017.07.20 09:05:51.837,1.64336,1.64358,1.00,1.00
2017.07.20 09:05:51.888,1.64334,1.64357,1.00,1.00
2017.07.20 09:05:52.518,1.64334,1.64358,1.00,1.00
2017.07.20 09:05:52.670,1.64331,1.64355,1.00,1.00
2017.07.20 09:05:53.092,1.64327,1.64348,1.00,1.00
2017.07.20 09:05:53.599,1.64325,1.64348,1.34,1.00
2017.07.20 09:05:53.866,1.64324,1.64348,1.00,1.00
2017.07.20 09:05:54.398,1.64324,1.64349,1.00,1.50
2017.07.20 09:05:55.127,1.64324,1.64348,1.00,1.00
2017.07.20 09:05:55.718,1.64324,1.64349,1.00,1.00
2017.07.20 09:05:56.409,1.64324,1.64348,1.00,1.00
2017.07.20 09:05:56.947,1.64324,1.64349,1.00,1.00
2017.07.20 09:05:57.535,1.64324,1.64348,1.00,1.00
2017.07.20 09:05:57.636,1.64322,1.64348,1.00,1.00
2017.07.20 09:05:58.042,1.64321,1.64345,1.00,1.00
2017.07.20 09:05:58.351,1.64317,1.64334,1.00,1.00
2017.07.20 09:05:58.878,1.64317,1.64335,1.00,1.00
2017.07.20 09:05:59.652,1.64317,1.64334,1.00,1.00
2017.07.20 09:06:00.214,1.64312,1.64335,1.50,1.00
2017.07.20 09:06:00.808,1.64312,1.64334,1.25,1.00
2017.07.20 09:06:01.354,1.64313,1.64335,1.00,1.00
2017.07.20 09:06:01.728,1.64316,1.64334,1.00,1.00
2017.07.20 09:06:01.880,1.64313,1.64335,1.00,1.00
2017.07.20 09:06:02.420,1.64313,1.64334,1.00,1.00
2017.07.20 09:06:02.522,1.64315,1.64334,1.00,1.00
2017.07.20 09:06:02.920,1.64313,1.64335,1.00,1.00
2017.07.20 09:06:03.478,1.64311,1.64335,1.00,1.00
2017.07.20 09:06:04.552,1.64311,1.64334,1.00,1.00
2017.07.20 09:06:05.060,1.6431,1.64335,1.00,1.00
2017.07.20 09:06:05.588,1.6431,1.64334,1.00,1.00
2017.07.20 09:06:06.114,1.64309,1.64335,2.02,1.00
2017.07.20 09:06:06.368,1.64309,1.64338,2.77,1.00
2017.07.20 09:06:06.790,1.6431,1.64336,1.00,1.00
2017.07.20 09:06:07.094,1.64312,1.64336,1.00,1.00
2017.07.20 09:06:07.200,1.64312,1.64338,1.00,1.00
2017.07.20 09:06:07.403,1.64313,1.6434,1.00,1.50
2017.07.20 09:06:07.454,1.64316,1.6434,1.00,1.50
2017.07.20 09:06:07.679,1.64321,1.64347,1.00,1.00
2017.07.20 09:06:07.729,1.64323,1.64346,1.00,1.00
2017.07.20 09:06:08.073,1.64325,1.64347,1.00,1.00
2017.07.20 09:06:08.650,1.64325,1.64346,1.00,1.00
2017.07.20 09:06:09.188,1.64325,1.64347,1.00,1.00
2017.07.20 09:06:09.594,1.64325,1.6435,1.00,1.12
2017.07.20 09:06:09.796,1.64323,1.6435,1.00,1.12
2017.07.20 09:06:11.832,1.64323,1.64346,1.00,1.00
2017.07.20 09:06:11.984,1.64319,1.64344,1.00,1.87
2017.07.20 09:06:12.036,1.64317,1.64341,1.00,1.00
2017.07.20 09:06:13.341,1.64315,1.64343,1.12,1.00
2017.07.20 09:06:13.392,1.64315,1.6434,1.12,1.00
2017.07.20 09:06:13.495,1.64315,1.64342,1.12,1.00
2017.07.20 09:06:13.902,1.64315,1.64344,2.62,1.00
2017.07.20 09:06:14.004,1.64315,1.64344,3.75,1.00
2017.07.20 09:06:14.540,1.64316,1.64345,1.00,1.87
2017.07.20 09:06:15.086,1.64316,1.64344,1.00,1.50
2017.07.20 09:06:15.589,1.64315,1.64344,2.62,1.00
2017.07.20 09:06:16.103,1.64316,1.64344,1.50,1.00
2017.07.20 09:06:16.729,1.64316,1.64345,1.00,1.12
2017.07.20 09:06:17.319,1.64316,1.64344,1.00,1.00
2017.07.20 09:06:18.100,1.64316,1.64345,1.00,1.87
2017.07.20 09:06:18.633,1.64315,1.64344,3.75,1.00
2017.07.20 09:06:19.209,1.64316,1.64344,1.00,1.50
2017.07.20 09:06:19.730,1.64315,1.64344,2.62,1.00
2017.07.20 09:06:20.078,1.64317,1.64344,1.00,1.00
2017.07.20 09:06:20.923,1.64315,1.64343,2.25,1.00
2017.07.20 09:06:21.245,1.64313,1.64336,1.75,1.00
2017.07.20 09:06:21.397,1.64312,1.64334,1.00,1.87
2017.07.20 09:06:21.448,1.64312,1.6433,1.00,1.00
2017.07.20 09:06:21.828,1.64315,1.64334,1.00,1.12
2017.07.20 09:06:21.980,1.64318,1.64342,1.00,1.37
2017.07.20 09:06:22.031,1.64319,1.64341,1.00,1.00
2017.07.20 09:06:22.184,1.64315,1.64341,3.00,1.00
2017.07.20 09:06:22.235,1.64315,1.64338,3.00,1.00
2017.07.20 09:06:22.539,1.64305,1.64332,1.00,1.00
2017.07.20 09:06:23.146,1.64304,1.64332,1.12,1.00
2017.07.20 09:06:23.350,1.64307,1.64332,1.00,1.00
2017.07.20 09:06:23.401,1.64307,1.64334,1.00,1.00
2017.07.20 09:06:23.504,1.64309,1.64337,1.00,1.00
2017.07.20 09:06:23.555,1.64311,1.64337,1.00,1.00
2017.07.20 09:06:23.991,1.64314,1.64338,1.00,1.00
2017.07.20 09:06:24.042,1.64314,1.6434,1.00,1.12
2017.07.20 09:06:25.032,1.64315,1.6434,1.00,1.00
2017.07.20 09:06:25.549,1.64314,1.64339,1.00,1.00
2017.07.20 09:06:26.179,1.64314,1.6434,1.00,1.00
2017.07.20 09:06:26.748,1.64314,1.64341,1.00,1.25
2017.07.20 09:06:27.641,1.64315,1.64341,1.00,1.00
2017.07.20 09:06:28.301,1.64314,1.64341,1.00,1.00
2017.07.20 09:06:29.267,1.64315,1.64341,1.00,1.00
2017.07.20 09:06:29.457,1.64321,1.64341,1.00,1.00
2017.07.20 09:06:29.559,1.64318,1.64341,1.00,1.00
2017.07.20 09:06:30.312,1.64326,1.64345,1.00,1.50
2017.07.20 09:06:30.850,1.64326,1.64346,1.00,1.00
2017.07.20 09:06:31.249,1.64326,1.64348,1.00,1.12
2017.07.20 09:06:31.799,1.64326,1.64347,1.00,1.00
2017.07.20 09:06:32.327,1.64326,1.64346,1.00,1.00
2017.07.20 09:06:34.520,1.64326,1.64344,1.00,1.00
2017.07.20 09:06:34.722,1.64326,1.64346,1.00,1.00
2017.07.20 09:06:37.229,1.64326,1.64344,1.00,1.00
2017.07.20 09:06:40.348,1.64326,1.64347,1.00,1.12
2017.07.20 09:06:41.172,1.64326,1.64344,1.00,1.00
2017.07.20 09:06:42.734,1.64326,1.64346,1.00,1.00
2017.07.20 09:06:43.039,1.64326,1.64343,1.00,1.00
2017.07.20 09:06:43.090,1.6432,1.64343,1.00,1.00
2017.07.20 09:06:43.141,1.64325,1.64343,1.00,1.00
2017.07.20 09:06:43.293,1.6432,1.64343,1.00,1.00
2017.07.20 09:06:43.344,1.64323,1.64342,1.00,1.00
2017.07.20 09:06:43.574,1.64314,1.64337,1.37,1.00
2017.07.20 09:06:43.626,1.64324,1.64332,1.00,1.00
2017.07.20 09:06:43.870,1.6432,1.64332,1.00,1.00
2017.07.20 09:06:43.921,1.64312,1.64332,1.00,1.00
2017.07.20 09:06:44.022,1.64318,1.64332,1.00,1.00
2017.07.20 09:06:44.074,1.64318,1.64336,1.00,1.00
2017.07.20 09:06:44.770,1.64318,1.64338,1.00,1.00
2017.07.20 09:06:46.938,1.64318,1.64339,1.00,1.00
2017.07.20 09:06:49.363,1.64318,1.64335,1.00,1.00
2017.07.20 09:06:49.870,1.64318,1.64334,1.00,1.00
2017.07.20 09:06:50.781,1.64318,1.64332,1.00,1.00
2017.07.20 09:06:51.291,1.64315,1.64327,1.00,1.00
2017.07.20 09:06:51.595,1.64312,1.64321,1.00,1.00
2017.07.20 09:06:51.813,1.64312,1.64329,1.00,1.12
2017.07.20 09:06:51.865,1.64316,1.64334,1.00,1.37
2017.07.20 09:06:51.916,1.64316,1.64334,1.00,1.00
2017.07.20 09:06:52.458,1.64316,1.64335,1.00,1.00
2017.07.20 09:06:54.141,1.64313,1.64332,1.00,1.00
2017.07.20 09:06:54.445,1.64317,1.64332,1.00,1.00
2017.07.20 09:06:55.139,1.64311,1.64332,1.00,1.00
2017.07.20 09:06:56.070,1.64317,1.64332,1.00,1.00
2017.07.20 09:06:56.172,1.64317,1.64334,1.00,1.00
2017.07.20 09:06:58.558,1.6431,1.64329,1.00,1.00
2017.07.20 09:06:58.610,1.64312,1.64329,1.00,1.25
2017.07.20 09:06:58.937,1.64306,1.64323,1.00,1.00
2017.07.20 09:06:59.471,1.64306,1.64322,1.00,1.00
2017.07.20 09:06:59.972,1.64306,1.64321,1.00,1.00
2017.07.20 09:07:00.277,1.64323,1.64337,1.00,1.00
2017.07.20 09:07:00.480,1.64323,1.6434,1.00,1.50
2017.07.20 09:07:01.483,1.64323,1.64338,1.00,1.00
2017.07.20 09:07:03.071,1.64323,1.6434,1.00,1.50
2017.07.20 09:07:03.511,1.64327,1.64341,1.00,1.00
2017.07.20 09:07:03.768,1.64332,1.64348,1.00,1.37
2017.07.20 09:07:03.921,1.64324,1.64348,1.00,1.00
2017.07.20 09:07:03.972,1.64327,1.64347,1.00,1.00
2017.07.20 09:07:04.277,1.64327,1.64345,1.00,1.00
2017.07.20 09:07:04.844,1.64327,1.64345,1.00,1.37
2017.07.20 09:07:05.811,1.64327,1.64345,1.00,1.00
2017.07.20 09:07:06.354,1.64327,1.64344,1.00,1.00
2017.07.20 09:07:06.680,1.64327,1.64341,1.00,1.00
2017.07.20 09:07:06.984,1.64327,1.64338,1.00,1.00
2017.07.20 09:07:07.497,1.64327,1.64337,1.00,1.00
2017.07.20 09:07:08.600,1.64327,1.64335,1.00,1.00
2017.07.20 09:07:09.786,1.64325,1.64335,1.00,1.00
2017.07.20 09:07:13.722,1.64316,1.64335,1.00,1.00
2017.07.20 09:07:13.824,1.64311,1.64335,1.00,1.00
2017.07.20 09:07:13.876,1.64318,1.64335,1.00,1.25
2017.07.20 09:07:14.198,1.64318,1.64333,1.00,1.00
2017.07.20 09:07:17.251,1.64308,1.64333,1.50,2.25
2017.07.20 09:07:17.302,1.64312,1.64333,1.00,2.44
2017.07.20 09:07:17.611,1.64314,1.6433,1.00,1.00
2017.07.20 09:07:17.713,1.64314,1.64332,1.00,1.00
2017.07.20 09:07:20.076,1.64314,1.64331,1.00,1.00
2017.07.20 09:07:20.228,1.64304,1.64329,1.00,1.69
2017.07.20 09:07:20.279,1.64307,1.64327,1.00,1.00
2017.07.20 09:07:20.583,1.64306,1.64316,1.00,1.00
2017.07.20 09:07:21.107,1.64305,1.64316,1.00,1.00
2017.07.20 09:07:21.699,1.64305,1.64317,1.00,1.00
2017.07.20 09:07:22.573,1.64305,1.64314,1.00,1.00
2017.07.20 09:07:22.675,1.64302,1.64314,1.00,1.00
2017.07.20 09:07:22.828,1.64298,1.64311,1.00,1.00
2017.07.20 09:07:23.397,1.64298,1.6431,1.00,1.00
2017.07.20 09:07:24.445,1.64295,1.6431,1.00,1.50
2017.07.20 09:07:26.928,1.64287,1.6431,1.00,1.00
2017.07.20 09:07:27.030,1.64291,1.64312,1.00,1.37
2017.07.20 09:07:27.233,1.64291,1.64316,1.00,1.50
2017.07.20 09:07:27.487,1.64295,1.64316,1.00,1.00
2017.07.20 09:07:27.589,1.64291,1.64316,1.50,1.00
2017.07.20 09:07:27.640,1.64294,1.64316,1.00,1.00
2017.07.20 09:07:28.066,1.64294,1.64318,1.00,1.00
2017.07.20 09:07:28.618,1.64294,1.64319,1.00,1.00
2017.07.20 09:07:28.872,1.64294,1.64316,1.00,1.00
2017.07.20 09:07:29.390,1.64294,1.64315,1.00,1.00
2017.07.20 09:07:29.898,1.64294,1.64316,1.00,1.12
2017.07.20 09:07:30.329,1.64291,1.64315,1.00,1.00
2017.07.20 09:07:30.684,1.64288,1.64316,1.50,1.12
2017.07.20 09:07:30.923,1.64288,1.64314,1.00,1.00
2017.07.20 09:07:34.225,1.64288,1.64313,1.00,1.00
2017.07.20 09:07:34.953,1.64288,1.64314,1.00,1.00
2017.07.20 09:07:36.632,1.64288,1.64311,1.00,1.00
2017.07.20 09:07:36.937,1.64285,1.64308,1.00,1.25
2017.07.20 09:07:37.463,1.64285,1.64309,1.00,1.00
2017.07.20 09:07:38.248,1.64285,1.64303,1.00,1.00
2017.07.20 09:07:38.773,1.64285,1.64304,1.00,1.00
2017.07.20 09:07:39.479,1.64285,1.64308,1.00,1.00
2017.07.20 09:07:41.065,1.64288,1.6431,1.00,1.00
2017.07.20 09:07:41.589,1.64288,1.64311,1.00,1.87
2017.07.20 09:07:42.158,1.64288,1.6431,1.00,1.00
2017.07.20 09:07:42.695,1.64288,1.64308,1.00,1.00
2017.07.20 09:07:43.203,1.64288,1.64309,1.00,1.00
2017.07.20 09:07:43.709,1.64288,1.64308,1.00,1.00
2017.07.20 09:07:44.213,1.64288,1.64309,1.00,1.00
2017.07.20 09:07:44.741,1.64288,1.64308,1.00,1.00
2017.07.20 09:07:45.254,1.64288,1.64309,1.00,1.00
2017.07.20 09:07:46.018,1.64288,1.64308,1.00,1.00
2017.07.20 09:07:46.654,1.64288,1.64311,1.00,1.12
2017.07.20 09:07:47.080,1.64288,1.64309,1.00,1.00
2017.07.20 09:07:47.673,1.64288,1.64311,1.00,1.12
2017.07.20 09:07:48.280,1.64288,1.6431,1.00,1.00
2017.07.20 09:07:48.846,1.64288,1.64311,1.00,1.12
2017.07.20 09:07:49.365,1.64288,1.6431,1.00,1.00
2017.07.20 09:07:49.949,1.64288,1.64311,1.00,1.12
2017.07.20 09:07:50.480,1.64288,1.6431,1.00,1.00
2017.07.20 09:07:51.022,1.64288,1.64311,1.00,1.12
2017.07.20 09:07:51.962,1.64288,1.64312,1.00,1.00
2017.07.20 09:07:52.687,1.64288,1.64313,1.00,1.00
2017.07.20 09:07:53.368,1.64288,1.64312,1.00,1.00
2017.07.20 09:07:54.107,1.64288,1.64313,1.00,1.50
2017.07.20 09:07:55.417,1.64288,1.64312,1.00,1.00
2017.07.20 09:07:55.950,1.64288,1.64313,1.00,1.50
2017.07.20 09:07:56.464,1.64288,1.64312,1.00,1.00
2017.07.20 09:07:57.011,1.64288,1.64313,1.00,1.00
2017.07.20 09:07:57.569,1.64288,1.64312,1.00,1.00
2017.07.20 09:07:57.754,1.64288,1.64307,1.00,1.12
2017.07.20 09:07:58.060,1.64284,1.64299,1.00,1.50
2017.07.20 09:07:58.610,1.64284,1.64298,1.00,1.00
2017.07.20 09:07:59.862,1.64284,1.64299,1.00,1.00
2017.07.20 09:08:00.251,1.6428,1.64299,1.00,1.19
2017.07.20 09:08:00.303,1.64279,1.64295,1.00,1.19
2017.07.20 09:08:00.455,1.64272,1.64289,1.00,1.00
2017.07.20 09:08:00.557,1.64272,1.64287,1.00,1.25
2017.07.20 09:08:00.608,1.64269,1.64286,1.00,1.69
2017.07.20 09:08:00.659,1.64267,1.64286,1.00,1.69
2017.07.20 09:08:00.710,1.64267,1.64283,1.00,1.00
2017.07.20 09:08:01.050,1.64265,1.64283,1.00,1.00
2017.07.20 09:08:01.102,1.64264,1.64281,1.00,1.25
2017.07.20 09:08:01.153,1.64264,1.64283,1.00,1.69
2017.07.20 09:08:01.694,1.64264,1.64282,1.00,1.50
2017.07.20 09:08:01.999,1.64264,1.64279,1.00,1.69
2017.07.20 09:08:02.667,1.64264,1.64278,1.00,1.00
2017.07.20 09:08:03.148,1.64264,1.64274,1.00,1.00
2017.07.20 09:08:03.199,1.6426,1.64274,1.00,1.00
2017.07.20 09:08:03.250,1.64257,1.64274,1.00,1.69
2017.07.20 09:08:03.351,1.64257,1.64269,1.00,1.00
2017.07.20 09:08:03.922,1.64252,1.64269,1.00,1.00
2017.07.20 09:08:03.973,1.6425,1.64268,1.00,1.00
2017.07.20 09:08:04.227,1.64248,1.64268,1.00,1.00
2017.07.20 09:08:05.431,1.64248,1.64269,1.00,1.00
2017.07.20 09:08:07.259,1.64248,1.64263,1.50,1.00
2017.07.20 09:08:08.121,1.64248,1.64268,1.50,1.00
2017.07.20 09:08:08.632,1.64247,1.64269,1.87,1.00
2017.07.20 09:08:09.178,1.64248,1.64269,1.00,1.50
2017.07.20 09:08:09.689,1.64247,1.64268,1.87,1.00
2017.07.20 09:08:10.359,1.64248,1.64268,1.00,1.00
2017.07.20 09:08:10.885,1.64248,1.64269,1.00,1.00
2017.07.20 09:08:11.417,1.64247,1.64269,1.87,1.00
2017.07.20 09:08:11.688,1.64248,1.64271,1.00,1.00
2017.07.20 09:08:12.214,1.64247,1.64271,1.87,1.00
2017.07.20 09:08:12.264,1.64251,1.64271,1.00,1.00
2017.07.20 09:08:12.458,1.64251,1.64274,1.00,1.00
2017.07.20 09:08:13.489,1.64251,1.64273,1.00,1.25
2017.07.20 09:08:13.543,1.64251,1.64271,1.00,1.00
2017.07.20 09:08:14.265,1.64245,1.64267,1.50,1.50
2017.07.20 09:08:14.417,1.64241,1.64264,1.00,1.50
2017.07.20 09:08:14.469,1.64245,1.64266,1.00,1.00
2017.07.20 09:08:14.621,1.64247,1.64269,1.00,1.00
2017.07.20 09:08:14.672,1.64248,1.64273,1.00,1.50
2017.07.20 09:08:14.874,1.64252,1.64276,1.00,1.00
2017.07.20 09:08:15.259,1.64252,1.64278,1.00,3.56
2017.07.20 09:08:15.765,1.64252,1.64277,1.00,1.00
2017.07.20 09:08:16.238,1.64255,1.64277,1.00,1.00
2017.07.20 09:08:17.119,1.64255,1.64278,1.00,1.87
2017.07.20 09:08:17.762,1.64255,1.64277,1.00,1.00
2017.07.20 09:08:17.914,1.64255,1.64281,1.00,1.69
2017.07.20 09:08:19.147,1.64255,1.64282,1.00,2.06
2017.07.20 09:08:19.613,1.64262,1.64284,1.00,1.50
2017.07.20 09:08:19.918,1.64264,1.64284,1.00,1.00
2017.07.20 09:08:20.122,1.64264,1.64289,1.00,1.69
2017.07.20 09:08:23.786,1.64264,1.64288,1.00,2.06
2017.07.20 09:08:24.920,1.64264,1.64288,1.00,1.12
2017.07.20 09:08:29.779,1.64274,1.64291,1.00,4.69
2017.07.20 09:08:29.830,1.64274,1.64291,1.00,1.00
2017.07.20 09:08:29.881,1.64279,1.64298,1.00,1.75
2017.07.20 09:08:29.932,1.64279,1.64302,1.00,1.00
2017.07.20 09:08:30.468,1.64279,1.64301,1.50,1.25
2017.07.20 09:08:30.520,1.64279,1.64304,1.00,1.69
2017.07.20 09:08:30.831,1.64279,1.64299,1.00,1.00
2017.07.20 09:08:30.983,1.64275,1.64299,1.50,1.19
2017.07.20 09:08:31.034,1.64272,1.64294,1.50,1.00
2017.07.20 09:08:31.338,1.64274,1.64289,1.00,1.00
2017.07.20 09:08:31.536,1.6427,1.64288,1.00,1.19
2017.07.20 09:08:34.792,1.64268,1.64281,1.00,1.25
2017.07.20 09:08:34.843,1.64265,1.6428,1.00,1.00
2017.07.20 09:08:34.894,1.64265,1.64276,1.00,1.00
2017.07.20 09:08:34.946,1.6426,1.64273,1.00,1.00
2017.07.20 09:08:36.618,1.6426,1.64274,1.00,1.00
2017.07.20 09:08:37.084,1.6426,1.64277,1.00,1.00
2017.07.20 09:08:37.608,1.6426,1.64276,1.00,1.00
2017.07.20 09:08:38.214,1.6426,1.64273,1.00,1.00
2017.07.20 09:08:38.815,1.6426,1.64278,1.00,1.00
2017.07.20 09:08:39.130,1.6426,1.64274,1.00,1.00
2017.07.20 09:08:39.421,1.6426,1.64279,1.00,1.50
2017.07.20 09:08:39.928,1.6426,1.64278,1.00,1.25
2017.07.20 09:08:40.900,1.6426,1.64273,1.00,1.00
2017.07.20 09:08:41.183,1.6426,1.64278,1.00,1.69
2017.07.20 09:08:41.285,1.64255,1.64278,1.00,1.00
2017.07.20 09:08:41.336,1.6426,1.64278,1.00,1.00
2017.07.20 09:08:41.488,1.64263,1.64282,1.00,1.00
2017.07.20 09:08:42.013,1.64263,1.64283,1.00,1.00
2017.07.20 09:08:46.900,1.64263,1.64282,1.00,1.00
2017.07.20 09:08:49.910,1.64258,1.64275,1.50,1.00
2017.07.20 09:08:51.004,1.64253,1.64275,1.00,1.00
2017.07.20 09:08:51.207,1.64253,1.64272,1.00,1.00
2017.07.20 09:08:57.691,1.64249,1.64272,1.50,1.25
2017.07.20 09:08:57.742,1.64247,1.64269,1.50,1.00
2017.07.20 09:08:58.048,1.64247,1.64267,1.00,1.00
2017.07.20 09:08:58.453,1.64244,1.64267,1.50,1.00
2017.07.20 09:08:58.504,1.64247,1.64267,1.00,1.00
2017.07.20 09:08:59.158,1.64247,1.64268,1.00,1.00
2017.07.20 09:08:59.500,1.64247,1.64271,1.00,1.19
2017.07.20 09:09:00.203,1.64247,1.64271,1.00,1.00
2017.07.20 09:09:00.647,1.64247,1.64273,1.00,2.44
2017.07.20 09:09:01.312,1.64247,1.64272,1.00,1.00
2017.07.20 09:09:02.812,1.64247,1.64273,1.00,1.69
2017.07.20 09:09:03.322,1.64247,1.64272,1.00,1.00
2017.07.20 09:09:03.836,1.64247,1.64273,1.00,1.69
2017.07.20 09:09:03.938,1.64247,1.64263,1.00,1.00
2017.07.20 09:09:03.989,1.64244,1.64263,2.25,1.00
2017.07.20 09:09:04.092,1.64244,1.64258,1.00,1.00
2017.07.20 09:09:05.924,1.64234,1.64258,1.00,1.25
2017.07.20 09:09:06.289,1.64236,1.64258,1.00,1.00
2017.07.20 09:09:06.644,1.6424,1.64259,1.00,1.00
2017.07.20 09:09:07.211,1.6424,1.64258,1.00,1.00
2017.07.20 09:09:07.879,1.6424,1.64261,1.00,1.87
2017.07.20 09:09:07.930,1.64245,1.64264,1.00,2.25
2017.07.20 09:09:08.031,1.64245,1.64268,1.00,1.50
2017.07.20 09:09:08.082,1.64247,1.64268,1.00,1.50
2017.07.20 09:09:08.388,1.6425,1.64268,1.00,1.00
2017.07.20 09:09:08.692,1.6425,1.64274,1.00,1.00
2017.07.20 09:09:09.216,1.64251,1.64274,1.00,1.19
2017.07.20 09:09:09.318,1.64253,1.64274,1.00,1.25
2017.07.20 09:09:09.622,1.64252,1.64268,1.00,1.00
2017.07.20 09:09:10.247,1.64252,1.64269,1.00,1.00
2017.07.20 09:09:10.768,1.64253,1.64269,1.00,1.00
2017.07.20 09:09:11.129,1.64253,1.64273,1.00,1.00
2017.07.20 09:09:11.281,1.64248,1.64273,2.62,1.00
2017.07.20 09:09:11.755,1.64249,1.64269,1.12,1.00
2017.07.20 09:09:12.683,1.64249,1.64271,1.12,1.00
2017.07.20 09:09:12.735,1.64249,1.64269,1.12,1.00
2017.07.20 09:09:13.563,1.64247,1.64264,1.50,1.00
2017.07.20 09:09:13.929,1.64247,1.64264,1.00,1.00
2017.07.20 09:09:14.560,1.64248,1.64264,1.00,1.00
2017.07.20 09:09:15.086,1.64247,1.64263,1.50,1.00
2017.07.20 09:09:15.639,1.64247,1.64264,1.00,1.00
2017.07.20 09:09:15.842,1.64243,1.64259,2.25,1.00
2017.07.20 09:09:16.351,1.64243,1.64258,1.00,1.00
2017.07.20 09:09:17.070,1.64243,1.64253,1.50,1.00
2017.07.20 09:09:17.323,1.64238,1.64253,1.87,1.00
2017.07.20 09:09:17.375,1.64238,1.64253,1.50,1.00
2017.07.20 09:09:18.109,1.64239,1.64253,1.00,1.00
2017.07.20 09:09:18.718,1.64238,1.64253,1.50,1.00
2017.07.20 09:09:19.225,1.64239,1.64253,1.00,1.00
2017.07.20 09:09:19.740,1.64238,1.64253,1.50,1.00
2017.07.20 09:09:19.894,1.64238,1.64248,1.50,1.00
2017.07.20 09:09:20.046,1.64233,1.64249,1.00,1.00
2017.07.20 09:09:20.554,1.64234,1.64249,1.12,1.00
2017.07.20 09:09:21.118,1.64233,1.64248,1.00,1.00
2017.07.20 09:09:21.624,1.64233,1.64249,1.00,1.00
2017.07.20 09:09:21.881,1.64233,1.64254,1.00,1.50
2017.07.20 09:09:22.708,1.64233,1.64248,1.00,1.00
2017.07.20 09:09:24.833,1.64233,1.64254,1.00,1.50
2017.07.20 09:09:25.427,1.64233,1.64253,1.00,1.00
2017.07.20 09:09:26.530,1.64234,1.64258,1.12,1.87
2017.07.20 09:09:26.700,1.64241,1.64258,1.00,1.00
2017.07.20 09:09:26.854,1.64234,1.64254,1.37,1.00
2017.07.20 09:09:26.905,1.64234,1.64254,1.00,1.00
2017.07.20 09:09:27.463,1.64234,1.64253,1.00,1.00
2017.07.20 09:09:28.734,1.64232,1.64253,1.50,1.00
2017.07.20 09:09:29.722,1.64232,1.64254,1.00,1.00
2017.07.20 09:09:31.743,1.64232,1.64249,1.00,1.00
2017.07.20 09:09:31.895,1.64224,1.64243,1.50,1.00
2017.07.20 09:09:31.996,1.6422,1.64243,1.00,1.00
2017.07.20 09:09:32.435,1.6422,1.64238,1.00,1.00
2017.07.20 09:09:33.140,1.6422,1.64244,1.00,1.50
2017.07.20 09:09:33.583,1.64219,1.64239,1.00,1.50
2017.07.20 09:09:33.685,1.64214,1.64239,1.10,1.50
2017.07.20 09:09:33.786,1.64211,1.64233,1.27,1.00
2017.07.20 09:09:33.990,1.64213,1.64239,1.10,1.50
2017.07.20 09:09:34.251,1.64217,1.64238,1.00,1.00
2017.07.20 09:09:34.610,1.64214,1.64238,1.10,1.00
2017.07.20 09:09:34.853,1.64216,1.64238,1.00,1.00
2017.07.20 09:09:36.089,1.64216,1.64239,1.00,1.50
2017.07.20 09:09:36.191,1.64213,1.64239,1.07,1.50
2017.07.20 09:09:36.466,1.64212,1.64233,1.07,1.00
2017.07.20 09:09:36.771,1.64208,1.64223,1.07,1.00
2017.07.20 09:09:36.872,1.64204,1.64223,1.12,1.00
2017.07.20 09:09:36.974,1.64196,1.64218,2.62,1.00
2017.07.20 09:09:37.123,1.64195,1.64218,1.00,1.00
2017.07.20 09:09:37.630,1.64195,1.64219,1.00,1.50
2017.07.20 09:09:37.938,1.64195,1.64213,1.00,1.00
2017.07.20 09:09:38.141,1.64195,1.64218,1.00,1.00
2017.07.20 09:09:38.510,1.64193,1.64218,1.00,1.00
2017.07.20 09:09:38.612,1.64196,1.64218,1.00,1.00
2017.07.20 09:09:39.670,1.64194,1.64218,1.00,1.00
2017.07.20 09:09:39.823,1.64198,1.6422,1.19,1.00
2017.07.20 09:09:39.874,1.64202,1.64224,1.00,1.12
2017.07.20 09:09:40.380,1.64203,1.64223,1.00,1.00
2017.07.20 09:09:41.692,1.64201,1.64218,1.50,1.00
2017.07.20 09:09:41.743,1.64201,1.64223,1.50,1.00
2017.07.20 09:09:41.795,1.64201,1.64221,1.00,1.00
2017.07.20 09:09:42.354,1.64198,1.6422,1.50,1.00
2017.07.20 09:09:42.405,1.64203,1.64222,1.00,1.00
2017.07.20 09:09:42.614,1.64206,1.64233,1.00,1.50
2017.07.20 09:09:42.665,1.64209,1.64234,1.00,1.00
2017.07.20 09:09:42.969,1.64217,1.64238,1.00,1.12
2017.07.20 09:09:43.071,1.64217,1.64242,1.00,1.00
2017.07.20 09:09:43.223,1.64217,1.64238,1.00,1.00
2017.07.20 09:09:44.470,1.64217,1.64239,1.00,1.00
2017.07.20 09:09:45.014,1.64216,1.64239,1.00,1.00
2017.07.20 09:09:45.599,1.64216,1.64238,1.00,1.00
2017.07.20 09:09:46.515,1.64216,1.64239,1.00,1.00
2017.07.20 09:09:47.051,1.64216,1.64233,1.00,1.00
2017.07.20 09:09:47.152,1.64216,1.64238,1.00,1.00
2017.07.20 09:09:49.006,1.64216,1.64233,1.00,1.00
2017.07.20 09:09:49.312,1.64199,1.64221,1.46,1.00
2017.07.20 09:09:49.363,1.64206,1.64221,1.00,1.00
2017.07.20 09:09:49.706,1.64217,1.64233,1.12,1.00
2017.07.20 09:09:50.011,1.64219,1.64233,1.00,1.00
2017.07.20 09:09:50.163,1.64219,1.64239,1.00,1.00
2017.07.20 09:09:50.743,1.64219,1.64234,1.00,1.00
2017.07.20 09:09:50.998,1.6422,1.64239,1.00,1.00
2017.07.20 09:09:51.484,1.64216,1.64239,2.25,1.00
2017.07.20 09:09:51.687,1.64216,1.64234,2.25,1.00
2017.07.20 09:09:51.941,1.64216,1.64239,1.50,1.00
2017.07.20 09:09:51.992,1.64219,1.64239,1.00,1.00
2017.07.20 09:09:52.427,1.64216,1.64239,1.50,1.00
2017.07.20 09:09:52.833,1.64216,1.64233,2.25,1.00
2017.07.20 09:09:53.357,1.64217,1.64233,1.00,1.00
2017.07.20 09:09:53.900,1.64216,1.64234,1.00,1.00
2017.07.20 09:09:54.356,1.64216,1.64243,1.00,1.50
2017.07.20 09:09:54.812,1.64217,1.64239,1.00,1.00
2017.07.20 09:09:55.849,1.64217,1.64244,1.00,1.50
2017.07.20 09:09:57.487,1.64217,1.64238,1.00,1.00
2017.07.20 09:09:58.155,1.64217,1.64243,1.00,1.00
2017.07.20 09:09:58.661,1.64218,1.64243,1.00,1.00
2017.07.20 09:09:59.210,1.64219,1.64243,1.00,1.00
2017.07.20 09:09:59.818,1.64222,1.64245,1.87,1.00
2017.07.20 09:10:00.121,1.64227,1.64248,1.00,1.00
2017.07.20 09:10:00.425,1.64229,1.64254,1.31,1.50
2017.07.20 09:10:00.932,1.64233,1.64254,1.00,1.00
2017.07.20 09:10:01.084,1.64234,1.64259,1.00,1.12
2017.07.20 09:10:01.135,1.64239,1.64261,1.00,1.00
2017.07.20 09:10:01.287,1.64241,1.64267,1.50,1.75
2017.07.20 09:10:01.389,1.64242,1.64268,1.50,1.00
2017.07.20 09:10:01.934,1.64242,1.64269,2.25,1.50
2017.07.20 09:10:03.470,1.64241,1.64268,1.50,1.00
2017.07.20 09:10:03.977,1.64242,1.64268,1.00,1.00
2017.07.20 09:10:04.613,1.64241,1.64268,1.00,1.00
2017.07.20 09:10:05.140,1.64242,1.64268,1.00,1.50
2017.07.20 09:10:05.292,1.64242,1.64264,1.00,1.00
2017.07.20 09:10:05.343,1.64242,1.64268,1.00,1.00
2017.07.20 09:10:05.495,1.64241,1.64266,1.00,1.00
2017.07.20 09:10:05.748,1.64242,1.64268,1.00,1.00
2017.07.20 09:10:06.289,1.64241,1.64268,1.50,1.00
2017.07.20 09:10:06.727,1.64241,1.64264,1.00,1.00
2017.07.20 09:10:07.309,1.64242,1.64264,1.00,1.00
2017.07.20 09:10:07.830,1.64241,1.64264,1.00,1.00
2017.07.20 09:10:08.368,1.64242,1.64264,1.00,1.00
2017.07.20 09:10:09.001,1.64241,1.64266,1.00,1.00
2017.07.20 09:10:09.631,1.64242,1.64266,1.00,1.00
2017.07.20 09:10:10.337,1.64242,1.64263,1.00,1.00
2017.07.20 09:10:10.590,1.64242,1.64266,1.00,1.00
2017.07.20 09:10:10.792,1.64241,1.64264,1.00,1.00
2017.07.20 09:10:11.304,1.64241,1.64265,1.00,1.00
2017.07.20 09:10:11.809,1.64242,1.64266,1.00,1.00
2017.07.20 09:10:12.147,1.64241,1.64263,1.00,1.00
2017.07.20 09:10:12.299,1.64241,1.64268,1.00,1.00
2017.07.20 09:10:12.704,1.64242,1.64264,1.00,1.00
2017.07.20 09:10:13.571,1.64241,1.64264,1.00,1.00
2017.07.20 09:10:14.091,1.6424,1.64264,1.00,1.00
2017.07.20 09:10:14.294,1.64237,1.64263,1.50,1.00
2017.07.20 09:10:14.614,1.64238,1.64266,1.00,1.50
2017.07.20 09:10:14.716,1.64238,1.64264,1.00,1.00
2017.07.20 09:10:15.294,1.64238,1.64265,1.00,1.00
2017.07.20 09:10:15.921,1.64238,1.64266,1.00,1.50
2017.07.20 09:10:16.229,1.64239,1.64264,1.00,1.00
2017.07.20 09:10:16.686,1.64238,1.64259,1.12,1.00
2017.07.20 09:10:16.858,1.64233,1.64259,1.00,1.12
2017.07.20 09:10:17.112,1.64233,1.64263,1.50,2.25
2017.07.20 09:10:17.214,1.64234,1.64259,1.50,1.00
2017.07.20 09:10:17.761,1.64234,1.64258,1.00,1.00
2017.07.20 09:10:18.269,1.64235,1.64258,1.00,1.00
2017.07.20 09:10:18.844,1.64234,1.64253,1.00,1.00
2017.07.20 09:10:18.895,1.64228,1.64253,1.50,1.50
2017.07.20 09:10:18.946,1.64228,1.64252,1.12,1.00
2017.07.20 09:10:19.099,1.64231,1.64252,1.00,1.00
2017.07.20 09:10:21.623,1.64231,1.64251,1.00,1.00
2017.07.20 09:10:21.825,1.64226,1.64251,1.00,1.00
2017.07.20 09:10:22.028,1.64226,1.64249,1.00,1.00
2017.07.20 09:10:24.044,1.64226,1.64248,1.00,1.00
2017.07.20 09:10:24.297,1.64224,1.64248,1.50,1.00
2017.07.20 09:10:24.804,1.64224,1.64247,1.00,1.00
2017.07.20 09:10:25.322,1.64224,1.64248,1.00,1.50
2017.07.20 09:10:26.706,1.64224,1.64243,1.00,1.00
2017.07.20 09:10:27.057,1.64224,1.64238,1.00,1.00
2017.07.20 09:10:27.108,1.64224,1.64244,1.00,1.00
2017.07.20 09:10:28.220,1.64224,1.64247,1.00,1.00
2017.07.20 09:10:28.335,1.64224,1.64249,1.00,1.50
2017.07.20 09:10:32.425,1.64224,1.64243,1.50,1.00
2017.07.20 09:10:32.476,1.64224,1.64249,1.00,1.00
2017.07.20 09:10:33.597,1.64224,1.64243,1.00,1.00
2017.07.20 09:10:34.199,1.64224,1.64244,1.00,1.00
2017.07.20 09:10:34.848,1.64224,1.64243,1.00,1.00
2017.07.20 09:10:35.121,1.64224,1.64248,1.00,1.00
2017.07.20 09:10:35.714,1.64224,1.64249,1.00,1.00
2017.07.20 09:10:40.866,1.64224,1.64248,1.50,1.00
2017.07.20 09:10:41.178,1.64226,1.64248,1.00,1.00
2017.07.20 09:10:43.604,1.64226,1.64251,1.00,1.00
2017.07.20 09:10:43.655,1.64229,1.64253,1.00,1.37
2017.07.20 09:10:43.858,1.64225,1.64249,1.00,1.00
2017.07.20 09:10:44.399,1.64224,1.64249,1.00,1.50
2017.07.20 09:10:46.175,1.64224,1.64248,1.00,1.00
2017.07.20 09:10:46.700,1.64225,1.64248,1.00,1.00
2017.07.20 09:10:47.383,1.64225,1.64249,1.00,1.50
2017.07.20 09:10:48.968,1.64224,1.64233,1.00,1.00
2017.07.20 09:10:49.019,1.64224,1.64239,1.00,1.00
2017.07.20 09:10:49.070,1.64217,1.64239,1.37,1.00
2017.07.20 09:10:49.172,1.64215,1.64239,1.00,1.00
2017.07.20 09:10:50.967,1.64215,1.64238,1.00,1.00
2017.07.20 09:10:52.115,1.64215,1.64239,1.50,1.00
2017.07.20 09:10:52.787,1.64215,1.64238,1.00,1.00
2017.07.20 09:10:53.708,1.64215,1.64233,1.00,1.00
2017.07.20 09:10:54.199,1.64213,1.64234,1.00,1.00
2017.07.20 09:10:54.396,1.64202,1.64223,1.37,1.00
2017.07.20 09:10:54.447,1.64202,1.64223,1.00,1.50
2017.07.20 09:10:54.599,1.64198,1.64223,1.50,1.00
2017.07.20 09:10:54.752,1.64197,1.64219,1.00,1.00
2017.07.20 09:10:54.956,1.642,1.64223,1.00,1.00
2017.07.20 09:10:55.058,1.642,1.64226,1.00,1.00
2017.07.20 09:10:55.286,1.642,1.64228,1.00,2.25
2017.07.20 09:10:55.489,1.64199,1.64226,1.87,1.00
2017.07.20 09:10:55.945,1.64199,1.64224,1.12,1.00
2017.07.20 09:10:56.249,1.64183,1.64208,3.00,1.00
2017.07.20 09:10:56.576,1.64193,1.64214,1.12,1.37
2017.07.20 09:10:56.684,1.6419,1.64214,1.00,1.37
2017.07.20 09:10:56.785,1.6419,1.64208,1.00,1.00
2017.07.20 09:10:56.938,1.6419,1.64214,1.50,1.00
2017.07.20 09:10:57.039,1.64191,1.64218,1.00,1.00
2017.07.20 09:10:57.293,1.64195,1.64218,1.00,1.50
2017.07.20 09:10:57.664,1.64204,1.64223,1.00,1.00
2017.07.20 09:10:58.798,1.64204,1.64218,1.00,1.00
2017.07.20 09:10:59.109,1.64201,1.64218,1.00,1.00
2017.07.20 09:11:01.776,1.64201,1.64219,1.00,1.00
2017.07.20 09:11:02.907,1.64201,1.64224,1.00,1.00
2017.07.20 09:11:03.110,1.64203,1.64224,1.00,1.00
2017.07.20 09:11:04.589,1.64205,1.64223,1.00,1.00
2017.07.20 09:11:04.640,1.6421,1.64231,1.09,1.75
2017.07.20 09:11:04.792,1.6421,1.64233,1.09,1.00
2017.07.20 09:11:06.379,1.6421,1.64238,1.50,1.50
2017.07.20 09:11:06.481,1.64212,1.64238,1.00,1.00
2017.07.20 09:11:07.007,1.64214,1.64239,1.00,1.87
2017.07.20 09:11:07.550,1.64213,1.64238,1.00,1.00
2017.07.20 09:11:08.337,1.64215,1.64239,1.00,1.87
2017.07.20 09:11:08.499,1.64213,1.64238,1.00,1.50
2017.07.20 09:11:09.005,1.64214,1.64238,1.00,1.00
2017.07.20 09:11:09.369,1.64214,1.64234,1.00,1.00
2017.07.20 09:11:09.793,1.64211,1.64234,1.50,1.00
2017.07.20 09:11:10.351,1.64211,1.64233,1.69,1.00
2017.07.20 09:11:10.503,1.64214,1.64233,1.00,1.00
2017.07.20 09:11:10.705,1.64212,1.64233,1.00,1.00
2017.07.20 09:11:11.049,1.6421,1.64233,1.50,1.00
2017.07.20 09:11:11.792,1.64209,1.64233,1.87,1.00
2017.07.20 09:11:12.297,1.6421,1.64233,1.00,1.00
2017.07.20 09:11:12.841,1.64209,1.64233,1.12,1.00
2017.07.20 09:11:13.394,1.6421,1.64233,1.00,1.00
2017.07.20 09:11:13.952,1.64209,1.64233,1.12,1.00
2017.07.20 09:11:14.054,1.64213,1.64234,1.00,1.00
2017.07.20 09:11:14.257,1.64211,1.64233,1.00,1.00
2017.07.20 09:11:14.309,1.64219,1.64233,1.00,1.00
2017.07.20 09:11:14.360,1.64213,1.64233,1.00,1.00
2017.07.20 09:11:14.867,1.64212,1.64233,1.00,1.00
2017.07.20 09:11:15.397,1.64212,1.64234,1.00,1.00
2017.07.20 09:11:15.448,1.64228,1.64243,1.00,1.12
2017.07.20 09:11:15.954,1.64227,1.64248,1.00,1.00
2017.07.20 09:11:16.490,1.64228,1.64248,1.00,1.00
2017.07.20 09:11:17.002,1.64228,1.64249,1.00,1.00
2017.07.20 09:11:17.716,1.64227,1.64249,1.50,1.00
2017.07.20 09:11:18.247,1.64228,1.64249,1.00,1.00
2017.07.20 09:11:19.179,1.64231,1.64255,1.00,1.00
2017.07.20 09:11:19.230,1.64234,1.64257,1.00,1.00
2017.07.20 09:11:19.535,1.64237,1.64259,1.00,1.00
2017.07.20 09:11:19.637,1.64234,1.64259,1.00,1.00
2017.07.20 09:11:20.534,1.64234,1.64254,1.00,1.00
2017.07.20 09:11:20.636,1.64232,1.64254,1.00,1.00
2017.07.20 09:11:20.797,1.6423,1.64253,1.00,1.00
2017.07.20 09:11:21.799,1.64232,1.64253,1.00,1.00
2017.07.20 09:11:22.015,1.6423,1.64254,1.00,1.00
2017.07.20 09:11:22.240,1.6423,1.64257,1.00,1.00
2017.07.20 09:11:22.527,1.64233,1.64256,1.00,1.00
2017.07.20 09:11:23.049,1.64233,1.64257,1.00,1.00
2017.07.20 09:11:23.644,1.64233,1.64256,1.00,1.00
2017.07.20 09:11:23.802,1.6423,1.64256,1.00,1.00
2017.07.20 09:11:24.543,1.6423,1.64257,1.00,1.00
2017.07.20 09:11:24.747,1.64232,1.64257,1.00,1.00
2017.07.20 09:11:24.918,1.6423,1.64257,1.00,1.00
2017.07.20 09:11:25.570,1.6423,1.64253,1.00,1.00
2017.07.20 09:11:25.874,1.6423,1.64248,1.00,1.00
2017.07.20 09:11:26.071,1.64228,1.64248,1.00,1.00
2017.07.20 09:11:26.609,1.64227,1.64248,1.00,1.00
2017.07.20 09:11:27.784,1.64225,1.64248,2.25,1.00
2017.07.20 09:11:27.987,1.64225,1.64243,1.00,1.00
2017.07.20 09:11:28.141,1.64225,1.64248,1.00,1.00
2017.07.20 09:11:28.446,1.64227,1.64253,1.00,1.50
2017.07.20 09:11:28.860,1.64224,1.64247,1.52,1.00
2017.07.20 09:11:28.911,1.64222,1.64248,1.12,1.00
2017.07.20 09:11:29.012,1.64218,1.64244,2.40,1.00
2017.07.20 09:11:29.770,1.64218,1.64244,2.40,1.00
2017.07.20 09:11:29.923,1.64218,1.64248,2.96,1.12
2017.07.20 09:11:30.024,1.64223,1.64248,1.00,1.12
2017.07.20 09:11:30.329,1.64225,1.64248,1.00,1.00
2017.07.20 09:11:30.647,1.64223,1.64248,1.00,1.00
2017.07.20 09:11:31.180,1.64224,1.64248,1.00,1.00
2017.07.20 09:11:31.636,1.64227,1.64248,1.00,1.00
2017.07.20 09:11:32.752,1.64228,1.64248,1.00,1.00
2017.07.20 09:11:34.076,1.64232,1.64253,1.00,1.00
2017.07.20 09:11:34.714,1.64233,1.64253,1.00,1.00
2017.07.20 09:11:35.441,1.64235,1.64253,1.00,1.00
2017.07.20 09:11:36.563,1.64235,1.64248,1.00,1.00
2017.07.20 09:11:37.141,1.64235,1.64254,1.00,1.00
2017.07.20 09:11:37.837,1.64235,1.64253,1.00,1.00
2017.07.20 09:11:38.380,1.64236,1.64253,1.00,1.00
2017.07.20 09:11:40.132,1.64232,1.64249,1.00,1.00
2017.07.20 09:11:40.233,1.6423,1.64249,1.50,1.00
2017.07.20 09:11:40.335,1.64225,1.64249,1.00,1.00
2017.07.20 09:11:40.487,1.64225,1.64243,1.00,1.00
2017.07.20 09:11:41.119,1.64225,1.64248,1.00,1.00
2017.07.20 09:11:44.214,1.64225,1.64248,1.71,1.00
2017.07.20 09:11:44.265,1.64233,1.64248,1.00,1.00
2017.07.20 09:11:44.316,1.64226,1.64248,2.59,1.00
2017.07.20 09:11:44.367,1.64231,1.64248,1.37,1.00
2017.07.20 09:11:44.468,1.64229,1.64249,1.00,1.00
2017.07.20 09:11:44.977,1.64229,1.64248,1.00,1.00
2017.07.20 09:11:45.180,1.64227,1.64247,1.00,1.00
2017.07.20 09:11:45.282,1.64224,1.64248,1.00,2.62
2017.07.20 09:11:45.333,1.64224,1.64244,1.00,1.00
2017.07.20 09:11:45.722,1.64223,1.64248,1.50,2.62
2017.07.20 09:11:46.238,1.64223,1.64247,1.00,1.00
2017.07.20 09:11:46.441,1.64227,1.64248,1.00,1.50
2017.07.20 09:11:46.542,1.64226,1.64253,2.25,1.12
2017.07.20 09:11:46.644,1.64228,1.64249,1.00,1.00
2017.07.20 09:11:47.163,1.64227,1.64253,3.00,1.00
2017.07.20 09:11:47.379,1.64231,1.64253,1.00,1.00
2017.07.20 09:11:49.428,1.64231,1.64254,1.00,1.00
2017.07.20 09:11:49.732,1.64231,1.64249,1.00,1.00
2017.07.20 09:11:49.783,1.64228,1.64249,1.00,1.00
2017.07.20 09:11:50.464,1.6423,1.64249,1.00,1.00
2017.07.20 09:11:50.750,1.64228,1.64249,1.00,1.00
2017.07.20 09:11:50.832,1.64228,1.64252,1.00,1.12
2017.07.20 09:11:51.339,1.64228,1.64251,1.00,1.00
2017.07.20 09:11:51.390,1.64228,1.64249,1.00,1.00
2017.07.20 09:11:51.916,1.64228,1.64251,1.00,1.00
2017.07.20 09:11:52.068,1.64231,1.64252,1.00,1.12
2017.07.20 09:11:52.693,1.64231,1.64249,1.00,1.00
2017.07.20 09:11:53.866,1.64229,1.64249,1.00,1.00
2017.07.20 09:11:54.676,1.64228,1.64249,1.00,1.00
2017.07.20 09:11:55.174,1.64228,1.64251,1.00,1.00
2017.07.20 09:11:55.361,1.64231,1.64252,1.00,1.12
2017.07.20 09:11:55.989,1.6423,1.64252,1.00,1.12
2017.07.20 09:11:56.294,1.64233,1.64254,1.00,1.00
2017.07.20 09:11:56.924,1.64233,1.64258,1.00,1.00
2017.07.20 09:11:56.975,1.64233,1.64253,1.00,1.00
2017.07.20 09:11:58.489,1.6423,1.64251,1.00,1.00
2017.07.20 09:11:58.590,1.6423,1.64249,1.00,1.00
2017.07.20 09:11:58.779,1.64227,1.64249,1.50,1.00
2017.07.20 09:11:59.033,1.64227,1.64251,1.50,1.12
2017.07.20 09:11:59.488,1.6423,1.64254,1.34,1.75
2017.07.20 09:11:59.590,1.64233,1.64254,1.00,1.00
2017.07.20 09:11:59.753,1.64234,1.64256,1.00,1.00
2017.07.20 09:12:00.014,1.64234,1.64254,1.00,1.00
2017.07.20 09:12:00.569,1.64234,1.64253,1.00,1.00
2017.07.20 09:12:01.083,1.64233,1.64254,1.00,1.00
2017.07.20 09:12:01.597,1.64233,1.64249,1.00,1.00
2017.07.20 09:12:01.902,1.64231,1.64253,1.00,1.00
2017.07.20 09:12:02.106,1.64233,1.64254,1.00,1.12
2017.07.20 09:12:02.410,1.64235,1.64254,1.00,1.00
2017.07.20 09:12:02.937,1.64235,1.64252,1.00,1.00
2017.07.20 09:12:02.988,1.64233,1.64252,1.00,1.00
2017.07.20 09:12:03.090,1.64233,1.64248,1.00,1.00
2017.07.20 09:12:03.395,1.64231,1.64248,1.00,1.00
2017.07.20 09:12:03.597,1.64229,1.64248,1.00,1.00
2017.07.20 09:12:03.766,1.64225,1.64248,1.00,1.00
2017.07.20 09:12:04.059,1.64227,1.64248,1.00,1.00
2017.07.20 09:12:04.589,1.64229,1.64248,1.00,1.00
2017.07.20 09:12:05.117,1.64228,1.64248,1.00,1.00
2017.07.20 09:12:05.785,1.6423,1.64248,1.00,1.00
2017.07.20 09:12:06.865,1.6423,1.64252,1.00,1.00
2017.07.20 09:12:07.451,1.6423,1.64253,1.00,1.87
2017.07.20 09:12:07.967,1.6423,1.64252,1.00,1.00
2017.07.20 09:12:08.582,1.6423,1.64253,1.00,1.12
2017.07.20 09:12:09.119,1.6423,1.64252,1.00,1.00
2017.07.20 09:12:09.170,1.64228,1.64248,1.00,1.00
2017.07.20 09:12:09.272,1.64226,1.64248,1.00,1.00
2017.07.20 09:12:09.816,1.64224,1.64248,1.00,1.00
2017.07.20 09:12:09.920,1.64224,1.64252,1.00,1.00
2017.07.20 09:12:10.276,1.64226,1.64252,1.00,1.50
2017.07.20 09:12:11.174,1.64227,1.64248,1.00,1.00
2017.07.20 09:12:11.635,1.64232,1.64248,1.00,1.00
2017.07.20 09:12:11.775,1.64232,1.64254,1.00,1.37
2017.07.20 09:12:12.187,1.64232,1.64248,1.00,1.00
2017.07.20 09:12:12.492,1.64228,1.64248,1.00,1.00
2017.07.20 09:12:12.991,1.64226,1.64248,1.00,1.00
2017.07.20 09:12:13.514,1.64225,1.64248,1.00,1.00
2017.07.20 09:12:15.046,1.64225,1.64251,1.00,1.00
2017.07.20 09:12:15.577,1.64225,1.64252,1.00,1.50
2017.07.20 09:12:17.408,1.64225,1.64248,1.00,1.34
2017.07.20 09:12:17.619,1.64212,1.64239,1.00,4.12
2017.07.20 09:12:17.671,1.64212,1.64237,1.00,1.00
2017.07.20 09:12:17.778,1.64209,1.64237,1.50,1.09
2017.07.20 09:12:17.879,1.64209,1.64234,1.50,1.00
2017.07.20 09:12:18.184,1.64209,1.64228,1.00,1.00
2017.07.20 09:12:18.609,1.64209,1.64233,1.50,1.00
2017.07.20 09:12:19.600,1.64208,1.64233,1.87,1.00
2017.07.20 09:12:19.912,1.64209,1.64231,1.00,1.00
2017.07.20 09:12:20.014,1.64199,1.64227,1.00,2.62
2017.07.20 09:12:20.115,1.64198,1.64225,1.50,1.00
2017.07.20 09:12:20.795,1.64198,1.64226,1.50,1.00
2017.07.20 09:12:21.199,1.642,1.64226,1.00,1.00
2017.07.20 09:12:21.585,1.64198,1.64225,1.00,1.00
2017.07.20 09:12:21.855,1.64199,1.64224,1.34,1.00
2017.07.20 09:12:22.111,1.64203,1.64229,1.87,1.00
2017.07.20 09:12:22.725,1.64202,1.64228,1.37,1.00
2017.07.20 09:12:23.100,1.64202,1.64226,1.37,1.00
2017.07.20 09:12:23.201,1.64203,1.64229,1.12,1.00
2017.07.20 09:12:23.846,1.64202,1.64228,1.00,1.00
2017.07.20 09:12:24.350,1.64203,1.64228,1.00,1.00
2017.07.20 09:12:25.139,1.64202,1.64228,1.00,1.50
2017.07.20 09:12:25.588,1.64202,1.64225,1.00,1.00
2017.07.20 09:12:26.247,1.64203,1.64225,1.00,1.00
2017.07.20 09:12:26.789,1.64202,1.64228,1.00,1.50
2017.07.20 09:12:28.105,1.64203,1.64225,1.00,1.00
2017.07.20 09:12:28.963,1.64202,1.64225,1.00,1.00
2017.07.20 09:12:29.466,1.64203,1.64225,1.00,1.00
2017.07.20 09:12:29.974,1.64202,1.64224,1.00,1.00
2017.07.20 09:12:30.025,1.64202,1.64226,1.00,1.00
2017.07.20 09:12:30.646,1.64203,1.64226,1.00,1.00
2017.07.20 09:12:31.207,1.64202,1.64226,1.00,1.00
2017.07.20 09:12:31.767,1.64203,1.64226,1.00,1.00
2017.07.20 09:12:32.398,1.64202,1.64226,1.00,1.00
2017.07.20 09:12:33.014,1.64202,1.64224,1.00,1.00
2017.07.20 09:12:34.216,1.64203,1.64224,1.00,1.00
2017.07.20 09:12:34.723,1.64203,1.64223,1.00,1.00
2017.07.20 09:12:35.318,1.64196,1.6422,1.75,1.09
2017.07.20 09:12:35.371,1.64193,1.64208,1.75,1.00
2017.07.20 09:12:35.422,1.64189,1.64208,1.75,1.00
2017.07.20 09:12:35.473,1.64185,1.64206,1.75,1.00
2017.07.20 09:12:35.524,1.6418,1.64202,1.00,1.00
2017.07.20 09:12:35.626,1.64175,1.64193,1.00,1.00
2017.07.20 09:12:35.908,1.64153,1.64175,1.31,1.00
2017.07.20 09:12:35.959,1.64149,1.64175,1.50,1.00
2017.07.20 09:12:36.487,1.6415,1.64176,1.00,1.00
2017.07.20 09:12:36.691,1.6415,1.64173,1.00,1.00
2017.07.20 09:12:36.968,1.64136,1.6416,1.50,1.00
2017.07.20 09:12:37.019,1.64129,1.64157,4.12,1.00
2017.07.20 09:12:37.324,1.6412,1.64137,1.00,1.00
2017.07.20 09:12:37.375,1.64113,1.64137,1.00,1.00
2017.07.20 09:12:37.427,1.64111,1.64137,1.00,1.00
2017.07.20 09:12:37.478,1.64108,1.64137,2.25,1.00
2017.07.20 09:12:37.632,1.64115,1.64142,1.00,1.12
2017.07.20 09:12:37.936,1.64119,1.64144,1.00,1.00
2017.07.20 09:12:38.479,1.64119,1.64145,1.00,1.00
2017.07.20 09:12:38.957,1.64121,1.64144,1.00,1.00
2017.07.20 09:12:39.217,1.64115,1.64142,1.00,1.00
2017.07.20 09:12:39.268,1.64115,1.64137,1.00,1.00
2017.07.20 09:12:39.319,1.64109,1.64138,1.50,1.50
2017.07.20 09:12:39.370,1.64109,1.64138,1.12,1.50
2017.07.20 09:12:39.658,1.64109,1.64136,1.00,1.00
2017.07.20 09:12:40.527,1.64107,1.64135,2.25,1.00
2017.07.20 09:12:41.648,1.64107,1.64133,1.00,1.00
2017.07.20 09:12:41.952,1.64095,1.64124,2.25,1.00
2017.07.20 09:12:42.093,1.64095,1.64124,1.00,1.00
2017.07.20 09:12:42.144,1.64095,1.64122,1.50,1.00
2017.07.20 09:12:42.449,1.64098,1.64125,1.00,1.00
2017.07.20 09:12:43.023,1.64097,1.64126,1.00,1.25
2017.07.20 09:12:43.348,1.64095,1.64118,1.00,1.00
2017.07.20 09:12:43.551,1.64091,1.64115,1.00,1.00
2017.07.20 09:12:43.652,1.64089,1.64109,1.00,1.00
2017.07.20 09:12:43.703,1.64089,1.64114,1.00,1.00
2017.07.20 09:12:43.754,1.64087,1.64113,1.50,1.75
2017.07.20 09:12:43.856,1.64088,1.64113,1.30,1.00
2017.07.20 09:12:43.907,1.64092,1.64115,1.00,1.00
2017.07.20 09:12:43.958,1.64095,1.6412,1.00,2.25
2017.07.20 09:12:44.060,1.64102,1.64123,1.00,1.00
2017.07.20 09:12:44.574,1.64102,1.64124,1.00,1.00
2017.07.20 09:12:45.096,1.64102,1.64123,1.00,1.00
2017.07.20 09:12:45.695,1.64102,1.64124,1.00,1.00
2017.07.20 09:12:46.207,1.64102,1.64123,1.00,1.00
2017.07.20 09:12:46.782,1.64102,1.64124,1.00,1.00
2017.07.20 09:12:47.360,1.64097,1.64123,1.00,1.00
2017.07.20 09:12:47.462,1.64106,1.64128,1.00,2.25
2017.07.20 09:12:47.563,1.64101,1.64128,1.00,1.50
2017.07.20 09:12:47.723,1.64111,1.64128,1.00,1.00
2017.07.20 09:12:47.774,1.64111,1.6413,1.00,1.00
2017.07.20 09:12:47.825,1.64116,1.6413,1.00,1.00
2017.07.20 09:12:47.876,1.64116,1.64136,1.00,1.00
2017.07.20 09:12:48.559,1.64114,1.64137,1.00,1.00
2017.07.20 09:12:48.879,1.64107,1.64131,1.00,1.00
2017.07.20 09:12:48.930,1.64106,1.64128,1.00,1.00
2017.07.20 09:12:48.982,1.64103,1.64127,1.00,1.00
2017.07.20 09:12:49.083,1.64098,1.64124,1.00,1.00
2017.07.20 09:12:49.438,1.64097,1.64122,1.00,1.00
2017.07.20 09:12:50.062,1.64097,1.64123,1.00,1.00
2017.07.20 09:12:50.366,1.64092,1.6412,2.25,1.00
2017.07.20 09:12:50.489,1.64092,1.6412,1.50,1.00
2017.07.20 09:12:50.540,1.64094,1.64121,1.00,1.00
2017.07.20 09:12:50.844,1.64098,1.64126,1.00,1.37
2017.07.20 09:12:50.896,1.64098,1.64126,1.00,1.00
2017.07.20 09:12:50.998,1.64097,1.64124,1.50,1.25
2017.07.20 09:12:51.418,1.64094,1.64122,1.00,2.25
2017.07.20 09:12:51.469,1.64092,1.64122,1.00,2.25
2017.07.20 09:12:51.943,1.64093,1.6412,1.00,1.00
2017.07.20 09:12:52.380,1.64092,1.64122,1.00,2.25
2017.07.20 09:12:52.532,1.64097,1.64121,1.00,1.00
2017.07.20 09:12:53.082,1.64098,1.64121,1.00,1.00
2017.07.20 09:12:53.235,1.64096,1.64121,1.00,1.00
2017.07.20 09:12:53.336,1.64098,1.64121,1.00,1.00
2017.07.20 09:12:53.788,1.641,1.64121,1.00,1.00
2017.07.20 09:12:53.839,1.64098,1.64121,1.00,1.00
2017.07.20 09:12:54.230,1.641,1.64121,1.00,1.00
2017.07.20 09:12:54.790,1.641,1.64122,1.00,1.00
2017.07.20 09:12:54.943,1.64098,1.64122,1.00,1.00
2017.07.20 09:12:55.168,1.641,1.64121,1.00,1.00
2017.07.20 09:12:55.920,1.641,1.64122,1.00,1.00
2017.07.20 09:12:56.377,1.64095,1.64121,1.00,1.00
2017.07.20 09:12:56.597,1.64098,1.64122,1.00,1.00
2017.07.20 09:12:56.901,1.64106,1.64128,1.00,1.00
2017.07.20 09:12:57.156,1.641,1.64124,1.12,1.00
2017.07.20 09:12:57.688,1.64101,1.64125,1.00,1.00
2017.07.20 09:12:57.840,1.64099,1.64125,1.00,1.00
2017.07.20 09:12:58.078,1.64101,1.64125,1.00,1.00
2017.07.20 09:12:58.483,1.64099,1.64125,1.00,1.00
2017.07.20 09:12:58.584,1.64101,1.64124,1.00,1.00
2017.07.20 09:12:58.958,1.64103,1.64125,1.00,1.00
2017.07.20 09:12:59.530,1.64103,1.64124,1.00,1.00
2017.07.20 09:13:00.075,1.64103,1.64125,1.00,1.00
2017.07.20 09:13:00.278,1.64106,1.64129,1.00,1.00
2017.07.20 09:13:00.798,1.64105,1.6413,1.00,1.50
2017.07.20 09:13:00.950,1.64108,1.64129,1.00,1.00
2017.07.20 09:13:01.002,1.64108,1.64135,1.00,1.75
2017.07.20 09:13:01.053,1.64113,1.64136,1.00,2.25
2017.07.20 09:13:01.105,1.64113,1.64138,1.00,1.00
2017.07.20 09:13:01.248,1.64113,1.6414,1.00,1.12
2017.07.20 09:13:01.299,1.64119,1.6414,1.00,1.00
2017.07.20 09:13:01.756,1.64116,1.64141,1.00,1.00
2017.07.20 09:13:02.354,1.64116,1.6414,1.00,1.00
2017.07.20 09:13:02.685,1.64118,1.6414,1.00,1.00
2017.07.20 09:13:03.231,1.64119,1.64143,1.00,1.50
2017.07.20 09:13:03.282,1.64123,1.64146,1.00,1.75
2017.07.20 09:13:03.384,1.64123,1.64148,1.00,1.00
2017.07.20 09:13:03.485,1.64124,1.64151,1.00,1.00
2017.07.20 09:13:03.688,1.64127,1.64152,1.00,1.50
2017.07.20 09:13:04.226,1.64128,1.64152,1.00,1.00
2017.07.20 09:13:04.737,1.64128,1.64151,1.00,1.00
2017.07.20 09:13:05.690,1.64136,1.64158,1.00,1.00
2017.07.20 09:13:05.792,1.6413,1.64155,1.75,1.00
2017.07.20 09:13:05.894,1.64134,1.64158,1.00,1.00
2017.07.20 09:13:05.996,1.64138,1.64161,1.00,1.00
2017.07.20 09:13:06.199,1.64147,1.64174,1.50,2.25
2017.07.20 09:13:06.351,1.6415,1.64175,1.00,1.00
2017.07.20 09:13:06.670,1.64153,1.64169,1.00,1.00
2017.07.20 09:13:07.089,1.64154,1.64173,1.00,1.00
2017.07.20 09:13:07.191,1.64152,1.64174,1.00,1.00
2017.07.20 09:13:07.394,1.6415,1.64174,1.00,1.00
2017.07.20 09:13:07.901,1.64151,1.64174,1.00,1.00
2017.07.20 09:13:08.210,1.64151,1.64169,1.00,1.00
2017.07.20 09:13:08.311,1.64154,1.64173,1.00,1.00
2017.07.20 09:13:08.362,1.64148,1.64171,1.00,1.00
2017.07.20 09:13:08.413,1.64146,1.64171,3.19,1.00
2017.07.20 09:13:08.516,1.64141,1.64167,1.75,1.00
2017.07.20 09:13:08.718,1.64145,1.6417,1.50,1.50
2017.07.20 09:13:08.769,1.64146,1.6417,1.00,1.75
2017.07.20 09:13:08.820,1.64146,1.64169,1.00,1.00
2017.07.20 09:13:08.975,1.64144,1.6417,1.00,1.50
2017.07.20 09:13:09.027,1.64144,1.64167,1.00,1.00
2017.07.20 09:13:09.078,1.64142,1.64168,1.00,1.50
2017.07.20 09:13:09.281,1.6414,1.64165,1.00,1.00
2017.07.20 09:13:09.666,1.64143,1.64167,1.00,1.00
2017.07.20 09:13:10.023,1.64138,1.64163,1.00,1.00
2017.07.20 09:13:10.077,1.64138,1.64165,1.00,1.00
2017.07.20 09:13:10.439,1.64138,1.64158,1.00,1.00
2017.07.20 09:13:10.695,1.64124,1.6415,1.75,1.00
2017.07.20 09:13:10.879,1.64128,1.64152,1.00,1.00
2017.07.20 09:13:10.982,1.64124,1.6415,1.50,1.00
2017.07.20 09:13:11.084,1.64124,1.64148,1.50,1.00
2017.07.20 09:13:11.591,1.64123,1.64149,1.00,1.50
2017.07.20 09:13:12.198,1.64123,1.64148,1.00,1.00
2017.07.20 09:13:12.506,1.64114,1.64138,2.25,1.50
2017.07.20 09:13:12.557,1.64112,1.64138,1.00,2.44
2017.07.20 09:13:13.064,1.64109,1.64135,1.00,1.25
2017.07.20 09:13:13.291,1.64112,1.64135,1.00,1.00
2017.07.20 09:13:13.595,1.64116,1.64142,1.09,1.75
2017.07.20 09:13:13.747,1.64116,1.64142,1.09,1.00
2017.07.20 09:13:14.103,1.64118,1.64144,1.50,1.69
2017.07.20 09:13:14.357,1.64121,1.64148,1.00,2.06
2017.07.20 09:13:14.628,1.6412,1.64147,1.00,2.06
2017.07.20 09:13:14.932,1.64123,1.64147,1.00,1.69
2017.07.20 09:13:15.824,1.64123,1.64148,1.00,1.12
2017.07.20 09:13:16.352,1.64123,1.64146,1.00,1.00
2017.07.20 09:13:16.403,1.64121,1.64147,1.00,1.69
2017.07.20 09:13:16.612,1.64118,1.64146,1.12,1.00
2017.07.20 09:13:16.869,1.64118,1.64143,1.12,1.00
2017.07.20 09:13:17.074,1.64114,1.64141,1.69,1.00
2017.07.20 09:13:17.319,1.64114,1.64139,1.00,1.00
2017.07.20 09:13:17.774,1.64117,1.6414,1.00,1.00
2017.07.20 09:13:18.352,1.64117,1.64141,1.00,1.00
2017.07.20 09:13:19.227,1.64117,1.6414,1.00,1.00
2017.07.20 09:13:19.604,1.64114,1.64141,1.00,1.00
2017.07.20 09:13:19.721,1.64114,1.64139,1.00,1.00
2017.07.20 09:13:19.772,1.64112,1.64138,1.50,1.00
2017.07.20 09:13:19.943,1.64116,1.64138,1.00,1.00
2017.07.20 09:13:20.197,1.64116,1.64142,1.00,1.00
2017.07.20 09:13:20.729,1.64117,1.64143,1.00,1.00
2017.07.20 09:13:21.915,1.6412,1.64143,1.00,1.00
2017.07.20 09:13:22.016,1.64119,1.64145,1.00,1.00
2017.07.20 09:13:22.219,1.64117,1.64143,1.50,1.00
2017.07.20 09:13:22.524,1.64117,1.64143,1.00,1.69
2017.07.20 09:13:22.626,1.64115,1.64142,1.12,1.19
2017.07.20 09:13:23.127,1.64116,1.64142,1.00,1.19
2017.07.20 09:13:23.695,1.64115,1.64142,1.12,1.19
2017.07.20 09:13:24.212,1.64115,1.64142,1.12,1.00
2017.07.20 09:13:24.415,1.64116,1.64144,1.50,1.00
2017.07.20 09:13:24.935,1.64117,1.64144,1.00,1.00
2017.07.20 09:13:25.480,1.64117,1.64145,1.00,1.00
2017.07.20 09:13:26.212,1.64117,1.64143,1.00,1.00
2017.07.20 09:13:26.548,1.64115,1.64146,2.25,1.87
2017.07.20 09:13:27.088,1.64116,1.64145,1.00,1.00
2017.07.20 09:13:28.016,1.64115,1.64146,1.87,1.87
2017.07.20 09:13:28.209,1.64115,1.64144,1.87,1.00
2017.07.20 09:13:28.517,1.64114,1.64139,1.00,1.00
2017.07.20 09:13:28.570,1.6411,1.64139,3.37,1.00
2017.07.20 09:13:29.123,1.64113,1.64139,1.00,1.00
2017.07.20 09:13:29.529,1.64115,1.64139,1.00,1.00
2017.07.20 09:13:30.086,1.64116,1.64139,1.00,1.00
2017.07.20 09:13:30.640,1.64115,1.64139,1.12,1.00
2017.07.20 09:13:31.344,1.64115,1.64134,1.12,1.00
2017.07.20 09:13:31.875,1.64116,1.64134,1.00,1.00
2017.07.20 09:13:32.621,1.64116,1.64138,1.00,1.00
2017.07.20 09:13:32.925,1.64121,1.64143,1.00,1.00
2017.07.20 09:13:33.027,1.64121,1.64147,1.00,1.00
2017.07.20 09:13:33.078,1.64128,1.64147,1.00,1.00
2017.07.20 09:13:33.129,1.64127,1.64149,1.00,1.00
2017.07.20 09:13:33.232,1.64125,1.64153,1.00,1.50
2017.07.20 09:13:33.283,1.6413,1.64153,1.00,1.50
2017.07.20 09:13:34.039,1.64129,1.64153,1.50,1.00
2017.07.20 09:13:34.404,1.64131,1.64153,1.00,1.00
2017.07.20 09:13:34.456,1.64129,1.64153,1.50,1.00
2017.07.20 09:13:34.507,1.64131,1.64153,1.00,1.00
2017.07.20 09:13:34.558,1.64129,1.64153,2.25,1.00
2017.07.20 09:13:34.811,1.64131,1.64153,1.00,1.00
2017.07.20 09:13:35.285,1.64129,1.64153,1.50,1.50
2017.07.20 09:13:35.597,1.64129,1.64148,1.50,1.00
2017.07.20 09:13:35.800,1.64124,1.64145,1.00,1.00
2017.07.20 09:13:35.902,1.6413,1.64148,1.00,1.00
2017.07.20 09:13:35.953,1.64129,1.6415,1.00,1.00
2017.07.20 09:13:36.204,1.6413,1.64153,1.00,1.00
2017.07.20 09:13:36.772,1.6413,1.64154,1.00,1.00
2017.07.20 09:13:36.823,1.6413,1.64156,1.00,1.00
2017.07.20 09:13:37.430,1.6413,1.64157,1.00,1.50
2017.07.20 09:13:38.464,1.64134,1.64157,1.00,1.00
2017.07.20 09:13:38.770,1.64134,1.64157,1.50,1.00
2017.07.20 09:13:39.798,1.64134,1.64159,2.25,1.50
2017.07.20 09:13:40.001,1.64139,1.64158,1.00,1.00
2017.07.20 09:13:40.310,1.64146,1.64158,1.00,1.00
2017.07.20 09:13:40.513,1.64142,1.64163,1.00,1.00
2017.07.20 09:13:40.869,1.6414,1.64163,1.50,1.00
2017.07.20 09:13:40.921,1.64138,1.64163,1.50,2.44
2017.07.20 09:13:41.025,1.6414,1.64162,1.00,1.25
2017.07.20 09:13:41.127,1.64138,1.64162,1.12,1.25
2017.07.20 09:13:41.420,1.64137,1.6416,1.50,1.25
2017.07.20 09:13:41.728,1.64141,1.64158,1.00,1.00
2017.07.20 09:13:41.933,1.64136,1.64157,1.00,1.25
2017.07.20 09:13:42.136,1.64141,1.64156,1.00,1.25
2017.07.20 09:13:42.339,1.64134,1.64153,1.00,1.00
2017.07.20 09:13:42.518,1.64134,1.64157,1.50,1.25
2017.07.20 09:13:42.622,1.64137,1.64158,1.00,1.25
2017.07.20 09:13:42.673,1.64132,1.64157,1.50,1.25
2017.07.20 09:13:42.724,1.64134,1.64156,1.50,1.25
2017.07.20 09:13:42.825,1.64132,1.64156,1.87,1.25
2017.07.20 09:13:42.876,1.64139,1.64157,1.00,1.25
2017.07.20 09:13:42.927,1.64136,1.64158,1.00,1.00
2017.07.20 09:13:42.978,1.64136,1.64153,1.00,1.00
2017.07.20 09:13:43.181,1.64136,1.64158,1.00,1.69
2017.07.20 09:13:43.232,1.64141,1.64157,1.00,1.25
2017.07.20 09:13:43.552,1.64141,1.64158,1.50,1.00
2017.07.20 09:13:43.860,1.64141,1.64163,1.50,1.00
2017.07.20 09:13:44.013,1.64142,1.64158,1.00,1.00
2017.07.20 09:13:44.324,1.64145,1.64158,1.00,1.00
2017.07.20 09:13:44.851,1.64139,1.64158,1.12,1.00
2017.07.20 09:13:44.953,1.64141,1.64158,1.00,1.00
2017.07.20 09:13:45.206,1.64135,1.64156,1.00,1.00
2017.07.20 09:13:45.258,1.64135,1.64153,1.00,1.00
2017.07.20 09:13:45.460,1.64135,1.64156,1.00,1.25
2017.07.20 09:13:45.511,1.64135,1.64153,1.00,1.00
2017.07.20 09:13:45.918,1.64137,1.64154,1.00,1.00
2017.07.20 09:13:46.332,1.64131,1.64153,1.00,1.00
2017.07.20 09:13:46.598,1.64135,1.64153,1.00,1.00
2017.07.20 09:13:46.649,1.64133,1.64153,1.50,1.00
2017.07.20 09:13:46.750,1.64136,1.64154,1.00,1.00
2017.07.20 09:13:46.852,1.64131,1.64153,1.00,1.00
2017.07.20 09:13:46.955,1.64134,1.64154,1.00,1.00
2017.07.20 09:13:47.299,1.64138,1.64154,1.00,1.00
2017.07.20 09:13:47.502,1.64137,1.64158,1.87,1.25
2017.07.20 09:13:47.705,1.64138,1.64153,1.00,1.00
2017.07.20 09:13:48.341,1.64137,1.64153,1.87,1.00
2017.07.20 09:13:48.523,1.64135,1.64153,1.00,1.69
2017.07.20 09:13:48.928,1.64131,1.6415,1.00,1.25
2017.07.20 09:13:49.232,1.64128,1.64151,1.00,1.25
2017.07.20 09:13:49.283,1.64128,1.64149,1.00,1.25
2017.07.20 09:13:50.011,1.64131,1.64148,1.00,1.25
2017.07.20 09:13:50.113,1.64128,1.64149,1.00,1.69
2017.07.20 09:13:50.679,1.64128,1.64148,1.00,1.69
2017.07.20 09:13:50.948,1.64126,1.64147,1.00,1.25
2017.07.20 09:13:51.151,1.64128,1.64147,1.00,1.25
2017.07.20 09:13:52.065,1.64128,1.64149,1.00,1.00
2017.07.20 09:13:52.116,1.64125,1.64147,1.12,1.25
2017.07.20 09:13:52.218,1.64125,1.64149,1.12,1.69
2017.07.20 09:13:52.420,1.64129,1.64148,1.50,1.00
2017.07.20 09:13:52.845,1.64134,1.64148,1.50,1.00
2017.07.20 09:13:54.469,1.64134,1.64153,1.50,1.00
2017.07.20 09:13:54.520,1.64134,1.64156,1.50,1.25
2017.07.20 09:13:54.571,1.64134,1.64159,1.50,1.69
2017.07.20 09:13:55.931,1.64138,1.64158,1.00,1.25
2017.07.20 09:13:56.438,1.64138,1.64157,1.00,1.25
2017.07.20 09:13:56.733,1.64134,1.64157,1.50,1.25
2017.07.20 09:13:56.886,1.64134,1.64153,1.00,1.00
2017.07.20 09:13:56.987,1.64138,1.64158,1.00,1.69
2017.07.20 09:13:57.038,1.64133,1.64149,1.12,1.00
2017.07.20 09:13:57.089,1.64134,1.64154,1.00,1.50
2017.07.20 09:13:57.190,1.64131,1.64153,1.50,1.00
2017.07.20 09:13:57.241,1.64129,1.64153,1.00,1.00
2017.07.20 09:13:57.733,1.64128,1.64151,1.00,1.25
2017.07.20 09:13:58.290,1.64127,1.64151,1.12,1.25
2017.07.20 09:13:58.644,1.64128,1.64148,1.00,1.00
2017.07.20 09:13:59.296,1.64127,1.64148,1.12,1.00
2017.07.20 09:13:59.660,1.64125,1.64148,1.00,1.00
2017.07.20 09:14:00.172,1.64123,1.64147,1.84,1.25
2017.07.20 09:14:00.223,1.64122,1.64144,1.34,1.25
2017.07.20 09:14:00.448,1.64118,1.64143,1.00,1.25
2017.07.20 09:14:00.601,1.64117,1.64141,1.50,1.25
2017.07.20 09:14:00.904,1.6412,1.64141,1.00,1.25
2017.07.20 09:14:01.424,1.64119,1.64141,1.00,1.25
2017.07.20 09:14:02.655,1.64119,1.64139,1.00,1.25
2017.07.20 09:14:02.959,1.64113,1.64135,1.00,1.25
2017.07.20 09:14:03.548,1.64112,1.64134,1.50,1.25
2017.07.20 09:14:03.751,1.64114,1.64134,1.00,1.25
2017.07.20 09:14:04.299,1.64114,1.64133,1.00,1.25
2017.07.20 09:14:04.727,1.64114,1.64135,1.00,1.25
2017.07.20 09:14:04.943,1.64112,1.64133,1.00,1.25
2017.07.20 09:14:05.247,1.64116,1.64133,1.00,1.25
2017.07.20 09:14:05.450,1.64115,1.64135,1.00,1.25
2017.07.20 09:14:05.551,1.64118,1.64138,1.00,1.37
2017.07.20 09:14:05.603,1.64118,1.6414,1.00,1.25
2017.07.20 09:14:06.106,1.64119,1.64141,1.00,1.69
2017.07.20 09:14:06.900,1.64119,1.6414,1.00,1.00
2017.07.20 09:14:07.506,1.64119,1.64141,1.00,1.69
2017.07.20 09:14:08.091,1.64119,1.6414,1.00,1.00
2017.07.20 09:14:08.939,1.64119,1.64141,1.00,1.00
2017.07.20 09:14:09.041,1.64115,1.6414,1.09,1.25
2017.07.20 09:14:09.257,1.64117,1.6414,1.00,1.69
2017.07.20 09:14:09.662,1.64119,1.64139,1.00,1.25
2017.07.20 09:14:10.187,1.64119,1.6414,1.00,1.69
2017.07.20 09:14:10.513,1.64109,1.64129,1.00,1.25
2017.07.20 09:14:10.868,1.64107,1.64128,1.09,1.25
2017.07.20 09:14:11.411,1.64107,1.64129,1.00,1.25
2017.07.20 09:14:11.564,1.64107,1.64131,1.00,1.25
2017.07.20 09:14:11.666,1.6411,1.64132,1.00,1.25
2017.07.20 09:14:12.011,1.64112,1.64134,1.00,1.25
2017.07.20 09:14:12.417,1.64113,1.64137,1.00,1.69
2017.07.20 09:14:12.468,1.64115,1.64138,1.00,2.06
2017.07.20 09:14:12.772,1.64123,1.64146,1.00,1.62
2017.07.20 09:14:13.322,1.64122,1.64141,1.09,1.25
2017.07.20 09:14:13.475,1.64126,1.64147,1.00,1.31
2017.07.20 09:14:13.527,1.64128,1.64148,1.00,1.25
2017.07.20 09:14:13.577,1.64128,1.6415,1.00,1.25
2017.07.20 09:14:13.680,1.64131,1.6415,1.00,1.25
2017.07.20 09:14:13.782,1.64132,1.64152,1.00,1.25
2017.07.20 09:14:14.306,1.64131,1.64151,1.00,1.25
2017.07.20 09:14:14.357,1.64129,1.64151,1.00,1.25
2017.07.20 09:14:14.561,1.64131,1.6415,1.00,1.25
2017.07.20 09:14:14.713,1.6413,1.64153,1.00,1.25
2017.07.20 09:14:14.764,1.64132,1.64153,1.00,1.25
2017.07.20 09:14:15.118,1.64132,1.64149,1.00,1.00
2017.07.20 09:14:15.277,1.6413,1.64149,1.00,1.00
2017.07.20 09:14:15.329,1.64133,1.64153,1.00,1.69
2017.07.20 09:14:15.814,1.6413,1.64152,1.50,1.25
2017.07.20 09:14:15.866,1.64132,1.64152,1.00,1.25
2017.07.20 09:14:15.968,1.64129,1.64152,1.50,1.25
2017.07.20 09:14:16.498,1.6413,1.64152,1.00,1.25
2017.07.20 09:14:16.549,1.64131,1.6415,1.00,1.25
2017.07.20 09:14:17.061,1.64131,1.64152,1.00,1.25
2017.07.20 09:14:17.163,1.64132,1.6415,1.00,1.25
2017.07.20 09:14:17.466,1.64132,1.64152,1.00,1.25
2017.07.20 09:14:17.720,1.64129,1.64152,1.50,1.25
2017.07.20 09:14:17.771,1.64128,1.6415,1.50,1.25
2017.07.20 09:14:18.320,1.64128,1.64149,1.00,1.25
2017.07.20 09:14:18.688,1.6413,1.64149,1.00,1.25
2017.07.20 09:14:19.207,1.6413,1.6415,1.00,1.25
2017.07.20 09:14:19.258,1.64128,1.6415,1.00,1.25
2017.07.20 09:14:19.521,1.6413,1.6415,1.00,1.25
2017.07.20 09:14:19.623,1.64132,1.64153,1.00,1.25
2017.07.20 09:14:19.674,1.64133,1.64155,1.50,1.25
2017.07.20 09:14:20.258,1.64134,1.64155,1.00,1.25
2017.07.20 09:14:20.411,1.64134,1.64153,1.00,1.25
2017.07.20 09:14:20.921,1.64133,1.64154,1.00,1.69
2017.07.20 09:14:21.434,1.64132,1.64154,1.50,1.00
2017.07.20 09:14:21.738,1.64134,1.64154,1.00,1.00
2017.07.20 09:14:21.991,1.64132,1.64154,1.50,1.00
2017.07.20 09:14:22.144,1.64136,1.64154,1.00,1.00
2017.07.20 09:14:22.471,1.64138,1.64153,1.00,1.00
2017.07.20 09:14:22.981,1.64137,1.64153,2.25,1.00
2017.07.20 09:14:24.656,1.64139,1.64153,1.00,1.00
2017.07.20 09:14:25.224,1.64139,1.64159,1.00,1.00
2017.07.20 09:14:26.105,1.64139,1.64158,1.00,1.00
2017.07.20 09:14:27.943,1.6414,1.64158,1.00,1.00
2017.07.20 09:14:28.045,1.6414,1.64153,1.00,1.00
2017.07.20 09:14:28.349,1.64131,1.64143,1.00,1.69
2017.07.20 09:14:28.400,1.64122,1.64143,1.75,1.69
2017.07.20 09:14:28.575,1.64122,1.64139,1.00,1.25
2017.07.20 09:14:29.226,1.64122,1.64138,1.00,1.00
2017.07.20 09:14:29.734,1.64122,1.64139,1.00,1.25
2017.07.20 09:14:30.068,1.64122,1.64143,1.00,1.69
2017.07.20 09:14:30.575,1.64121,1.64143,1.50,1.69
2017.07.20 09:14:30.946,1.64122,1.64138,1.00,1.00
2017.07.20 09:14:31.460,1.64121,1.64139,1.00,1.25
2017.07.20 09:14:32.175,1.64122,1.64139,1.00,1.25
2017.07.20 09:14:32.598,1.64122,1.64141,1.00,1.25
2017.07.20 09:14:33.218,1.64121,1.64141,1.00,1.25
2017.07.20 09:14:33.737,1.64121,1.64139,1.00,1.25
2017.07.20 09:14:33.939,1.64118,1.64138,1.12,1.25
2017.07.20 09:14:34.092,1.64118,1.64133,1.12,1.00
2017.07.20 09:14:34.287,1.64114,1.64133,1.12,1.00
2017.07.20 09:14:35.169,1.64115,1.64133,1.00,1.00
2017.07.20 09:14:35.606,1.6411,1.64128,1.12,1.00
2017.07.20 09:14:35.859,1.64111,1.64132,1.00,1.25
2017.07.20 09:14:36.113,1.64114,1.64133,1.00,1.69
2017.07.20 09:14:36.817,1.64113,1.64133,1.00,1.00
2017.07.20 09:14:37.324,1.64113,1.64134,1.00,1.00
2017.07.20 09:14:37.577,1.64111,1.64134,1.50,1.00
2017.07.20 09:14:37.789,1.64113,1.64134,1.00,1.00
2017.07.20 09:14:38.156,1.64111,1.64134,1.50,1.00
2017.07.20 09:14:38.207,1.64113,1.64134,1.00,1.00
2017.07.20 09:14:39.000,1.64113,1.64133,1.00,1.00
2017.07.20 09:14:39.632,1.64114,1.64133,1.00,1.00
2017.07.20 09:14:40.175,1.64113,1.64133,1.00,1.00
2017.07.20 09:14:40.521,1.64113,1.64128,1.00,1.00
2017.07.20 09:14:40.676,1.64111,1.64128,1.00,1.00
2017.07.20 09:14:41.327,1.64111,1.64129,1.00,1.00
2017.07.20 09:14:42.622,1.6411,1.64129,1.00,1.00
2017.07.20 09:14:43.133,1.64109,1.64129,1.00,1.00
2017.07.20 09:14:43.387,1.64112,1.64129,1.00,1.00
2017.07.20 09:14:43.606,1.64109,1.64128,1.00,1.00
2017.07.20 09:14:45.146,1.64109,1.64129,1.00,1.00
2017.07.20 09:14:45.298,1.64111,1.64129,1.00,1.00
2017.07.20 09:14:45.348,1.64111,1.64133,1.00,1.50
2017.07.20 09:14:46.945,1.64111,1.64128,1.00,1.00
2017.07.20 09:14:47.691,1.64111,1.64129,1.00,1.00
2017.07.20 09:14:51.789,1.64112,1.64129,1.00,1.00
2017.07.20 09:14:51.995,1.6411,1.64129,1.00,1.00
2017.07.20 09:14:53.188,1.6411,1.64123,1.00,1.00
2017.07.20 09:14:54.019,1.6411,1.64128,1.00,1.00
2017.07.20 09:14:54.650,1.6411,1.64123,1.00,1.00
2017.07.20 09:14:55.626,1.6411,1.64124,1.00,1.00
2017.07.20 09:14:55.832,1.64097,1.64114,1.31,1.50
2017.07.20 09:14:55.934,1.64094,1.64114,1.50,1.50
2017.07.20 09:14:57.245,1.64094,1.64113,1.00,1.00
2017.07.20 09:14:57.734,1.64099,1.64116,1.00,1.00
2017.07.20 09:14:57.948,1.64102,1.64124,1.12,1.00
2017.07.20 09:14:58.460,1.64102,1.64123,1.00,1.00
2017.07.20 09:14:58.511,1.64105,1.64123,1.00,1.00
2017.07.20 09:14:59.427,1.64107,1.64123,1.00,1.00
2017.07.20 09:15:00.098,1.64107,1.64124,1.00,1.00
2017.07.20 09:15:01.258,1.64107,1.64128,1.00,1.50
2017.07.20 09:15:01.410,1.64105,1.64127,1.50,1.00
2017.07.20 09:15:01.461,1.64105,1.64124,1.00,1.00
2017.07.20 09:15:02.234,1.64105,1.64127,1.00,1.00
2017.07.20 09:15:02.387,1.64105,1.64124,1.00,1.00
2017.07.20 09:15:02.677,1.64105,1.64127,1.00,1.00
2017.07.20 09:15:03.321,1.64105,1.64128,1.00,1.00
2017.07.20 09:15:03.372,1.64105,1.64124,1.00,1.00
2017.07.20 09:15:04.048,1.64105,1.64128,1.00,1.50
2017.07.20 09:15:04.557,1.64106,1.64127,1.00,1.00
2017.07.20 09:15:04.608,1.64104,1.64127,1.00,1.00
2017.07.20 09:15:05.265,1.64105,1.64123,1.00,1.00
2017.07.20 09:15:06.120,1.64105,1.64127,1.00,1.00
2017.07.20 09:15:06.171,1.64105,1.64129,1.50,1.50
2017.07.20 09:15:06.222,1.64108,1.64129,1.00,1.50
2017.07.20 09:15:06.425,1.64106,1.64131,1.00,1.50
2017.07.20 09:15:06.476,1.64109,1.64131,1.00,1.50
2017.07.20 09:15:06.780,1.64117,1.64139,1.00,1.00
2017.07.20 09:15:07.085,1.64119,1.64139,1.00,1.00
2017.07.20 09:15:07.186,1.64118,1.64141,1.00,1.00
2017.07.20 09:15:07.237,1.64121,1.64145,1.00,2.25
2017.07.20 09:15:07.440,1.64121,1.64145,1.00,2.25
2017.07.20 09:15:08.348,1.64122,1.64145,1.00,2.25
2017.07.20 09:15:09.740,1.64121,1.64145,1.00,2.25
2017.07.20 09:15:10.182,1.64121,1.64138,1.00,1.00
2017.07.20 09:15:10.510,1.64117,1.64139,1.00,1.00
2017.07.20 09:15:11.116,1.64119,1.64139,1.00,1.00
2017.07.20 09:15:11.437,1.64117,1.64139,1.00,1.00
2017.07.20 09:15:11.638,1.64117,1.64143,1.34,1.00
2017.07.20 09:15:11.689,1.6412,1.64143,1.00,1.00
2017.07.20 09:15:12.101,1.64127,1.64143,1.00,1.00
2017.07.20 09:15:12.253,1.64125,1.64143,1.00,1.00
2017.07.20 09:15:12.876,1.64125,1.64144,1.00,1.00
2017.07.20 09:15:13.395,1.64124,1.64144,1.50,1.00
2017.07.20 09:15:13.446,1.64127,1.64144,1.00,1.00
2017.07.20 09:15:13.994,1.64127,1.64143,1.00,1.00
2017.07.20 09:15:14.045,1.64125,1.64143,1.50,1.00
2017.07.20 09:15:14.315,1.64127,1.64143,1.00,1.00
2017.07.20 09:15:18.150,1.64125,1.64143,1.50,1.00
2017.07.20 09:15:20.535,1.64126,1.64133,1.00,1.00
2017.07.20 09:15:20.716,1.64126,1.64139,1.00,1.00
2017.07.20 09:15:20.768,1.64123,1.64139,1.00,1.00
2017.07.20 09:15:21.298,1.6412,1.64138,1.50,1.00
2017.07.20 09:15:22.136,1.6412,1.64134,1.50,1.00
2017.07.20 09:15:22.289,1.6412,1.64134,1.00,1.00
2017.07.20 09:15:24.613,1.6412,1.64143,1.37,1.00
2017.07.20 09:15:24.663,1.64123,1.64139,1.12,1.00
2017.07.20 09:15:24.765,1.64123,1.64148,1.37,1.50
2017.07.20 09:15:24.918,1.64125,1.64148,1.37,1.00
2017.07.20 09:15:25.543,1.6413,1.64148,1.00,1.00
2017.07.20 09:15:27.028,1.64132,1.64148,1.00,1.00
2017.07.20 09:15:27.228,1.6413,1.64148,1.00,1.00
2017.07.20 09:15:28.894,1.6413,1.64149,1.00,1.00
2017.07.20 09:15:29.563,1.6413,1.64144,1.00,1.00
2017.07.20 09:15:29.664,1.64128,1.64144,1.00,1.00
2017.07.20 09:15:29.766,1.64121,1.64143,1.00,1.50
2017.07.20 09:15:29.817,1.64118,1.64143,1.00,1.50
2017.07.20 09:15:30.339,1.64119,1.64143,1.00,1.00
2017.07.20 09:15:30.844,1.6412,1.64143,1.00,1.00
2017.07.20 09:15:33.145,1.64123,1.64143,1.00,1.00
2017.07.20 09:15:36.065,1.64123,1.64138,1.00,1.00
2017.07.20 09:15:36.167,1.64121,1.64138,1.00,1.00
2017.07.20 09:15:36.219,1.64121,1.64133,1.00,1.00
2017.07.20 09:15:36.321,1.64117,1.64133,1.50,1.00
2017.07.20 09:15:37.030,1.64116,1.64133,1.12,1.00
2017.07.20 09:15:37.334,1.64119,1.64133,1.00,1.00
2017.07.20 09:15:37.639,1.64121,1.64134,1.00,1.00
2017.07.20 09:15:37.894,1.6412,1.64138,1.87,1.00
2017.07.20 09:15:38.554,1.64121,1.64138,1.00,1.00
2017.07.20 09:15:39.224,1.6412,1.64138,1.87,1.00
2017.07.20 09:15:39.725,1.64121,1.64138,1.00,1.00
2017.07.20 09:15:39.905,1.6412,1.64133,1.87,1.00
2017.07.20 09:15:40.006,1.64121,1.64139,1.00,1.00
2017.07.20 09:15:40.570,1.64121,1.64138,1.00,1.00
2017.07.20 09:15:40.823,1.64118,1.64139,1.00,1.00
2017.07.20 09:15:41.076,1.6412,1.64139,1.00,1.00
2017.07.20 09:15:44.880,1.64122,1.64139,1.00,1.00
2017.07.20 09:15:45.463,1.64121,1.64139,1.00,1.00
2017.07.20 09:15:47.296,1.64121,1.64143,1.00,1.00
2017.07.20 09:15:47.479,1.64127,1.64147,1.00,1.31
2017.07.20 09:15:47.632,1.64124,1.64149,2.25,1.00
2017.07.20 09:15:47.785,1.64128,1.64149,1.00,1.00
2017.07.20 09:15:47.887,1.64126,1.64149,1.50,1.00
2017.07.20 09:15:48.427,1.64127,1.64148,1.00,1.00
2017.07.20 09:15:48.995,1.64126,1.64148,1.87,1.00
2017.07.20 09:15:49.665,1.64127,1.64148,1.00,1.00
2017.07.20 09:15:50.207,1.64126,1.64148,1.00,1.00
2017.07.20 09:15:50.839,1.64127,1.64148,1.00,1.00
2017.07.20 09:15:51.666,1.64126,1.64148,1.50,1.00
2017.07.20 09:15:52.168,1.64127,1.64148,1.00,1.00
2017.07.20 09:15:52.900,1.64126,1.64148,1.50,1.00
2017.07.20 09:15:53.406,1.64127,1.64148,1.00,1.00
2017.07.20 09:15:54.091,1.64126,1.64148,1.00,1.00
2017.07.20 09:15:54.612,1.64126,1.64149,1.00,1.00
2017.07.20 09:15:55.115,1.64127,1.64149,1.00,1.50
2017.07.20 09:15:55.636,1.64126,1.64149,1.00,1.00
2017.07.20 09:15:56.259,1.64127,1.64149,1.00,1.00
2017.07.20 09:15:56.809,1.64126,1.64149,1.00,1.00
2017.07.20 09:15:57.330,1.64127,1.64149,1.00,1.00
2017.07.20 09:15:59.668,1.64126,1.64149,1.00,1.00
2017.07.20 09:16:00.203,1.64127,1.64149,1.00,1.00
2017.07.20 09:16:00.780,1.64126,1.64149,1.00,1.25
2017.07.20 09:16:01.307,1.64126,1.64149,1.00,1.56
2017.07.20 09:16:01.858,1.64127,1.64149,1.00,1.56
2017.07.20 09:16:01.909,1.64122,1.64147,1.75,1.00
2017.07.20 09:16:02.010,1.64121,1.64144,2.25,1.00
2017.07.20 09:16:02.112,1.64121,1.64143,1.00,1.00
2017.07.20 09:16:02.213,1.64116,1.64141,1.00,1.00
2017.07.20 09:16:02.610,1.64117,1.64144,1.00,1.50
2017.07.20 09:16:03.068,1.64119,1.64144,1.00,1.50
2017.07.20 09:16:04.311,1.64121,1.64144,1.00,1.00
2017.07.20 09:16:04.968,1.64121,1.64143,1.00,1.00
2017.07.20 09:16:05.273,1.64126,1.64148,1.09,1.00
2017.07.20 09:16:05.578,1.64131,1.64148,1.00,1.00
2017.07.20 09:16:06.616,1.64132,1.64148,1.09,1.00
2017.07.20 09:16:06.668,1.64136,1.64153,1.00,1.00
2017.07.20 09:16:06.719,1.64141,1.64158,1.00,1.00
2017.07.20 09:16:06.821,1.64141,1.64164,1.00,1.50
2017.07.20 09:16:07.394,1.64141,1.64158,1.50,1.00
2017.07.20 09:16:08.107,1.64139,1.64158,1.00,1.00
2017.07.20 09:16:08.158,1.64137,1.64153,1.37,1.00
2017.07.20 09:16:08.210,1.64137,1.64153,1.00,1.00
2017.07.20 09:16:10.787,1.64134,1.64153,1.50,1.00
2017.07.20 09:16:11.395,1.64136,1.64153,1.00,1.00
2017.07.20 09:16:11.717,1.64137,1.64159,1.00,1.00
2017.07.20 09:16:12.236,1.64137,1.64154,1.00,1.00
2017.07.20 09:16:12.391,1.64137,1.64158,1.00,1.00
2017.07.20 09:16:13.685,1.64137,1.64154,1.00,1.00
2017.07.20 09:16:13.989,1.64139,1.64154,1.00,1.00
2017.07.20 09:16:15.302,1.64137,1.64154,1.00,1.00
2017.07.20 09:16:15.353,1.64137,1.64159,1.00,1.00
2017.07.20 09:16:15.556,1.64137,1.64153,1.00,1.00
2017.07.20 09:16:15.861,1.64139,1.64153,1.00,1.00
2017.07.20 09:16:16.556,1.64139,1.64158,1.00,1.00
2017.07.20 09:16:17.088,1.64139,1.64159,1.00,1.00
2017.07.20 09:16:21.204,1.64139,1.64153,1.00,1.00
2017.07.20 09:16:21.496,1.64139,1.64158,1.00,1.00
2017.07.20 09:16:22.313,1.64138,1.64158,1.00,1.00
2017.07.20 09:16:22.737,1.64138,1.64154,1.00,1.00
2017.07.20 09:16:23.436,1.64136,1.64154,1.00,1.00
2017.07.20 09:16:23.487,1.64134,1.64154,1.50,1.00
2017.07.20 09:16:24.031,1.64134,1.64153,1.50,1.00
2017.07.20 09:16:25.969,1.64134,1.64154,1.00,1.00
2017.07.20 09:16:28.421,1.64133,1.64154,1.00,1.00
2017.07.20 09:16:28.624,1.64131,1.64154,1.00,1.00
2017.07.20 09:16:29.245,1.64133,1.64154,1.00,1.00
2017.07.20 09:16:30.046,1.64132,1.64154,1.00,1.00
2017.07.20 09:16:30.518,1.64129,1.64154,1.50,1.00
2017.07.20 09:16:31.089,1.64129,1.64153,1.00,1.00
2017.07.20 09:16:31.241,1.64132,1.64153,1.00,1.00
2017.07.20 09:16:31.342,1.6413,1.64154,1.00,1.00
2017.07.20 09:16:31.871,1.64131,1.64154,1.00,1.00
2017.07.20 09:16:32.174,1.64129,1.64153,1.00,1.00
2017.07.20 09:16:32.225,1.64131,1.64153,1.00,1.00
2017.07.20 09:16:32.977,1.6413,1.64153,1.00,1.00
2017.07.20 09:16:33.691,1.6413,1.64153,1.37,1.00
2017.07.20 09:16:33.869,1.6413,1.64155,1.37,1.00
2017.07.20 09:16:34.072,1.6413,1.64155,1.37,1.00
2017.07.20 09:16:34.578,1.6413,1.64155,1.37,1.00
2017.07.20 09:16:35.124,1.6413,1.64155,1.37,1.00
2017.07.20 09:16:37.897,1.6413,1.64155,1.37,1.00
2017.07.20 09:16:38.405,1.6413,1.64154,1.37,1.00
2017.07.20 09:16:38.938,1.64131,1.64154,1.00,1.00
2017.07.20 09:16:41.998,1.64131,1.64156,1.12,1.00
2017.07.20 09:16:42.151,1.64133,1.64156,1.00,1.00
2017.07.20 09:16:42.678,1.64134,1.64157,1.00,1.00
2017.07.20 09:16:43.217,1.64134,1.64156,1.00,1.00
2017.07.20 09:16:44.309,1.64134,1.64157,1.00,1.00
2017.07.20 09:16:45.631,1.64134,1.64156,1.00,1.00
2017.07.20 09:16:46.581,1.64134,1.64153,1.00,1.00
2017.07.20 09:16:50.246,1.64134,1.64156,1.00,1.00
2017.07.20 09:16:50.482,1.64134,1.64153,1.00,1.00
2017.07.20 09:16:50.882,1.64134,1.64153,1.46,1.00
2017.07.20 09:16:51.456,1.64135,1.64153,1.00,1.00
2017.07.20 09:16:51.965,1.64128,1.64154,2.25,1.00
2017.07.20 09:16:52.067,1.64128,1.64152,1.50,1.00
2017.07.20 09:16:52.168,1.64126,1.64153,1.50,2.25
2017.07.20 09:16:52.219,1.64126,1.64149,1.12,1.00
2017.07.20 09:16:52.372,1.64123,1.64149,1.12,1.00
2017.07.20 09:16:52.627,1.64121,1.64144,3.37,1.00
2017.07.20 09:16:52.956,1.64122,1.64149,1.37,2.25
2017.07.20 09:16:53.210,1.64121,1.64148,2.62,1.12
2017.07.20 09:16:53.261,1.64121,1.64143,1.87,1.00
2017.07.20 09:16:53.853,1.64121,1.64143,1.12,1.00
2017.07.20 09:16:54.401,1.64121,1.64143,2.62,1.00
2017.07.20 09:16:54.808,1.64121,1.64143,2.62,1.00
2017.07.20 09:16:55.594,1.64121,1.64144,2.62,1.00
2017.07.20 09:16:56.412,1.64121,1.64144,2.62,1.00
2017.07.20 09:16:57.029,1.64123,1.64144,1.12,1.00
2017.07.20 09:16:57.806,1.64123,1.64144,1.37,1.00
2017.07.20 09:16:58.961,1.6412,1.64144,2.21,1.00
2017.07.20 09:16:59.616,1.64122,1.64143,1.12,1.00
2017.07.20 09:16:59.768,1.64122,1.64143,1.37,1.00
2017.07.20 09:17:00.297,1.64122,1.64144,1.37,1.00
2017.07.20 09:17:00.449,1.64122,1.64144,1.37,1.00
2017.07.20 09:17:00.917,1.64121,1.64138,1.50,1.00
2017.07.20 09:17:00.968,1.64121,1.64143,1.87,1.00
2017.07.20 09:17:01.279,1.64121,1.64138,1.00,1.00
2017.07.20 09:17:01.431,1.64121,1.64144,1.00,1.50
2017.07.20 09:17:01.868,1.64121,1.64138,1.37,1.00
2017.07.20 09:17:02.392,1.64121,1.64144,1.37,1.50
2017.07.20 09:17:03.428,1.64121,1.64144,1.00,1.00
2017.07.20 09:17:04.459,1.6412,1.64144,1.00,1.50
2017.07.20 09:17:04.814,1.6412,1.64139,1.00,1.00
2017.07.20 09:17:04.966,1.64114,1.64134,1.00,1.00
2017.07.20 09:17:05.079,1.64111,1.64134,1.00,1.00
2017.07.20 09:17:05.134,1.64111,1.64134,1.37,1.00
2017.07.20 09:17:05.438,1.64118,1.64134,1.00,1.00
2017.07.20 09:17:05.541,1.64116,1.64134,1.00,1.00
2017.07.20 09:17:07.063,1.64116,1.64133,1.00,1.00
2017.07.20 09:17:07.468,1.64114,1.64133,1.00,1.00
2017.07.20 09:17:08.090,1.64114,1.64134,1.00,1.00
2017.07.20 09:17:08.142,1.64117,1.64134,1.00,1.00
2017.07.20 09:17:08.547,1.64114,1.64133,1.00,1.00
2017.07.20 09:17:09.242,1.64113,1.64133,1.00,1.00
2017.07.20 09:17:10.170,1.64113,1.64134,1.00,1.00
2017.07.20 09:17:10.475,1.64115,1.64134,1.00,1.00
2017.07.20 09:17:11.633,1.64115,1.64133,1.00,1.00
2017.07.20 09:17:11.683,1.64113,1.64133,1.00,1.00
2017.07.20 09:17:12.218,1.64113,1.64134,1.00,1.00
2017.07.20 09:17:12.370,1.64111,1.64134,1.00,1.00
2017.07.20 09:17:13.085,1.6411,1.64134,1.00,1.00
2017.07.20 09:17:13.136,1.6411,1.64129,1.00,1.00
2017.07.20 09:17:13.451,1.64108,1.64128,1.00,1.00
2017.07.20 09:17:13.604,1.64108,1.64129,1.37,1.12
2017.07.20 09:17:13.993,1.64112,1.64129,1.00,1.00
2017.07.20 09:17:15.143,1.64112,1.64128,1.00,1.00
2017.07.20 09:17:16.828,1.64112,1.64128,1.37,1.00
2017.07.20 09:17:17.183,1.64115,1.64128,1.00,1.00
2017.07.20 09:17:17.744,1.64115,1.64131,1.12,1.00
2017.07.20 09:17:18.048,1.64115,1.64129,1.00,1.00
2017.07.20 09:17:18.328,1.64112,1.64129,1.37,1.00
2017.07.20 09:17:18.955,1.64112,1.64129,1.12,1.00
2017.07.20 09:17:19.499,1.64109,1.64128,1.37,1.00
2017.07.20 09:17:19.601,1.64109,1.64121,1.37,1.00
2017.07.20 09:17:19.703,1.64104,1.64121,1.37,1.00
2017.07.20 09:17:19.754,1.64104,1.64122,1.37,1.00
2017.07.20 09:17:19.935,1.6411,1.64126,1.00,1.12
2017.07.20 09:17:20.442,1.6411,1.64127,1.00,1.00
2017.07.20 09:17:20.954,1.6411,1.64126,1.00,1.00
2017.07.20 09:17:21.005,1.64107,1.64127,1.00,1.00
2017.07.20 09:17:21.537,1.64107,1.64126,1.00,1.00
2017.07.20 09:17:21.767,1.64109,1.64127,1.00,1.00
2017.07.20 09:17:22.374,1.64111,1.64127,1.00,1.00
2017.07.20 09:17:22.640,1.64112,1.64129,1.00,1.00
2017.07.20 09:17:22.691,1.64109,1.64129,1.00,1.00
2017.07.20 09:17:23.240,1.6411,1.64129,1.00,1.50
2017.07.20 09:17:23.493,1.64109,1.64124,1.00,1.00
2017.07.20 09:17:24.036,1.64108,1.64124,1.00,1.00
2017.07.20 09:17:24.221,1.64105,1.64123,1.00,1.00
2017.07.20 09:17:24.374,1.64109,1.64124,1.00,1.00
2017.07.20 09:17:24.861,1.64111,1.64124,1.00,1.00
2017.07.20 09:17:26.189,1.6411,1.64124,1.00,1.00
2017.07.20 09:17:26.363,1.6411,1.64128,1.00,1.00
2017.07.20 09:17:26.465,1.64106,1.64128,1.00,1.00
2017.07.20 09:17:26.566,1.64106,1.64123,1.00,1.00
2017.07.20 09:17:26.879,1.64106,1.64119,1.00,1.00
2017.07.20 09:17:27.676,1.64105,1.64124,1.00,1.00
2017.07.20 09:17:28.185,1.64102,1.64118,1.37,1.00
2017.07.20 09:17:28.337,1.64102,1.64118,1.00,1.00
2017.07.20 09:17:28.489,1.64099,1.64119,1.00,1.50
2017.07.20 09:17:28.694,1.64096,1.64119,1.00,1.00
2017.07.20 09:17:29.227,1.64096,1.64118,1.12,1.00
2017.07.20 09:17:29.749,1.64096,1.64118,1.37,1.00
2017.07.20 09:17:29.852,1.64096,1.64118,1.37,1.00
2017.07.20 09:17:30.106,1.641,1.64123,1.00,1.00
2017.07.20 09:17:30.207,1.64105,1.64123,1.00,1.00
2017.07.20 09:17:30.714,1.64106,1.64123,1.00,1.00
2017.07.20 09:17:30.893,1.64104,1.64123,1.00,1.00
2017.07.20 09:17:31.421,1.64103,1.64119,1.00,1.00
2017.07.20 09:17:31.751,1.64103,1.64123,1.00,1.50
2017.07.20 09:17:31.802,1.641,1.64118,1.00,1.00
2017.07.20 09:17:32.176,1.64102,1.64118,1.00,1.00
2017.07.20 09:17:32.582,1.64099,1.64118,1.00,1.00
2017.07.20 09:17:32.684,1.64099,1.64123,1.37,1.00
2017.07.20 09:17:33.021,1.641,1.64119,1.12,1.00
2017.07.20 09:17:33.173,1.641,1.64122,1.12,1.00
2017.07.20 09:17:33.276,1.64103,1.64123,1.00,1.00
2017.07.20 09:17:33.530,1.64101,1.64122,1.00,1.00
2017.07.20 09:17:34.117,1.641,1.64123,1.12,1.00
2017.07.20 09:17:34.270,1.641,1.64118,1.00,1.00
2017.07.20 09:17:34.778,1.64099,1.64118,1.00,1.00
2017.07.20 09:17:35.137,1.64102,1.64119,1.00,1.00
2017.07.20 09:17:36.322,1.64096,1.64118,1.00,1.00
2017.07.20 09:17:36.424,1.64095,1.64113,1.00,1.00
2017.07.20 09:17:36.930,1.64096,1.64113,1.00,1.00
2017.07.20 09:17:37.659,1.64096,1.64115,1.00,1.12
2017.07.20 09:17:37.761,1.64096,1.64113,1.00,1.00
2017.07.20 09:17:37.812,1.64092,1.64113,1.09,1.00
2017.07.20 09:17:37.913,1.64098,1.64113,1.00,1.00
2017.07.20 09:17:38.015,1.64095,1.64114,1.00,1.00
2017.07.20 09:17:38.218,1.641,1.64113,1.00,1.00
2017.07.20 09:17:38.440,1.64098,1.64113,1.00,1.00
2017.07.20 09:17:38.593,1.64098,1.64118,1.00,1.00
2017.07.20 09:17:38.694,1.641,1.64118,1.00,1.00
2017.07.20 09:17:38.998,1.64099,1.64114,1.00,1.00
2017.07.20 09:17:39.151,1.64099,1.64119,1.00,1.87
2017.07.20 09:17:39.670,1.64098,1.64119,1.00,1.87
2017.07.20 09:17:40.178,1.64098,1.64114,1.00,1.00
2017.07.20 09:17:40.599,1.64096,1.64114,1.00,1.00
2017.07.20 09:17:41.119,1.64095,1.64114,1.00,1.00
2017.07.20 09:17:41.372,1.64095,1.64118,1.00,1.00
2017.07.20 09:17:41.741,1.64098,1.64118,1.00,1.50
2017.07.20 09:17:42.047,1.64101,1.64113,1.00,1.00
2017.07.20 09:17:42.097,1.64099,1.64113,1.00,1.00
2017.07.20 09:17:42.307,1.64099,1.64118,1.00,1.00
2017.07.20 09:17:42.408,1.64101,1.64119,1.00,1.87
2017.07.20 09:17:42.938,1.641,1.64118,1.00,1.00
2017.07.20 09:17:45.486,1.641,1.64113,1.00,1.00
2017.07.20 09:17:47.576,1.641,1.64119,1.00,1.50
2017.07.20 09:17:48.033,1.64101,1.64123,1.00,1.50
2017.07.20 09:17:48.578,1.64102,1.64123,1.00,1.50
2017.07.20 09:17:48.984,1.64102,1.64119,1.00,1.00
2017.07.20 09:17:50.789,1.64102,1.64124,1.00,1.50
2017.07.20 09:17:50.891,1.64102,1.64126,1.00,1.12
2017.07.20 09:17:51.044,1.64102,1.64123,1.00,1.00
2017.07.20 09:17:51.498,1.64104,1.64123,1.00,1.00
2017.07.20 09:17:52.251,1.64104,1.64124,1.00,1.00
2017.07.20 09:17:52.556,1.64109,1.64128,1.00,1.00
2017.07.20 09:17:53.063,1.64108,1.64128,1.00,1.00
2017.07.20 09:17:53.620,1.64108,1.64127,1.00,1.00
2017.07.20 09:17:54.191,1.64108,1.64128,1.37,1.00
2017.07.20 09:17:54.527,1.64111,1.64128,1.00,1.00
2017.07.20 09:17:55.066,1.64111,1.64127,1.00,1.00
2017.07.20 09:17:56.436,1.64111,1.64128,1.00,1.00
2017.07.20 09:17:57.080,1.64111,1.64127,1.00,1.00
2017.07.20 09:17:58.728,1.64111,1.64128,1.00,1.50
2017.07.20 09:17:59.238,1.64111,1.64127,1.00,1.00
2017.07.20 09:17:59.798,1.64111,1.64128,1.00,1.50
2017.07.20 09:18:00.349,1.64112,1.64128,1.00,1.50
2017.07.20 09:18:01.206,1.64112,1.64127,1.00,1.00
2017.07.20 09:18:01.707,1.64112,1.64128,1.00,1.50
2017.07.20 09:18:02.380,1.64112,1.64127,1.00,1.00
2017.07.20 09:18:02.583,1.64116,1.64133,1.37,1.12
2017.07.20 09:18:03.130,1.64118,1.64133,1.00,1.00
2017.07.20 09:18:03.526,1.64116,1.64134,1.00,1.00
2017.07.20 09:18:03.628,1.64114,1.64132,1.00,1.00
2017.07.20 09:18:04.134,1.64115,1.64132,1.00,1.00
2017.07.20 09:18:04.727,1.64115,1.64133,1.00,1.50
2017.07.20 09:18:05.612,1.64115,1.64132,1.00,1.00
2017.07.20 09:18:06.215,1.64115,1.64133,1.00,1.50
2017.07.20 09:18:06.747,1.64115,1.64132,1.00,1.00
2017.07.20 09:18:07.369,1.64115,1.64133,1.00,1.00
2017.07.20 09:18:07.935,1.64114,1.64133,1.00,1.00
2017.07.20 09:18:08.368,1.64114,1.64128,1.00,1.00
2017.07.20 09:18:08.643,1.64114,1.64132,1.00,1.00
2017.07.20 09:18:08.890,1.64114,1.64129,1.00,1.00
2017.07.20 09:18:09.196,1.64114,1.64132,1.00,1.00
2017.07.20 09:18:09.514,1.64114,1.64128,1.00,1.00
2017.07.20 09:18:11.826,1.64114,1.64129,1.00,1.00
2017.07.20 09:18:12.342,1.64111,1.64129,1.00,1.00
2017.07.20 09:18:12.852,1.64113,1.64129,1.00,1.00
2017.07.20 09:18:12.954,1.64116,1.64133,1.00,1.50
2017.07.20 09:18:13.460,1.64116,1.64132,1.00,1.00
2017.07.20 09:18:13.748,1.64119,1.64133,1.00,1.00
2017.07.20 09:18:18.350,1.64119,1.64138,1.00,2.25
2017.07.20 09:18:18.869,1.6412,1.64137,1.50,1.50
2017.07.20 09:18:19.173,1.64123,1.64138,1.00,2.25
2017.07.20 09:18:19.756,1.64121,1.64137,1.00,1.50
2017.07.20 09:18:20.372,1.64121,1.64134,1.50,1.00
2017.07.20 09:18:20.525,1.64118,1.64138,1.00,1.50
2017.07.20 09:18:20.677,1.64121,1.64137,1.00,1.00
2017.07.20 09:18:21.299,1.6412,1.64137,1.00,1.00
2017.07.20 09:18:21.807,1.6412,1.64138,1.00,1.50
2017.07.20 09:18:22.315,1.6412,1.64137,1.50,1.00
2017.07.20 09:18:22.641,1.64122,1.64138,1.00,1.00
2017.07.20 09:18:22.948,1.6412,1.64137,1.00,1.00
2017.07.20 09:18:23.477,1.6412,1.64138,1.00,1.00
2017.07.20 09:18:24.163,1.6412,1.64137,1.00,1.00
2017.07.20 09:18:24.672,1.6412,1.64138,1.00,1.00
2017.07.20 09:18:25.196,1.6412,1.64137,1.00,1.00
2017.07.20 09:18:26.049,1.6412,1.64138,1.00,1.00
2017.07.20 09:18:26.150,1.64123,1.64137,1.00,1.00
2017.07.20 09:18:26.966,1.64122,1.64137,1.00,1.12
2017.07.20 09:18:27.489,1.64123,1.64137,1.00,1.12
2017.07.20 09:18:27.590,1.64121,1.64137,1.00,1.12
2017.07.20 09:18:28.291,1.6412,1.64138,1.00,1.37
2017.07.20 09:18:28.797,1.64121,1.64138,1.00,1.37
2017.07.20 09:18:29.342,1.6412,1.64138,1.00,1.37
2017.07.20 09:18:29.865,1.64119,1.64139,1.50,2.25
2017.07.20 09:18:30.912,1.64119,1.64134,1.00,1.00
2017.07.20 09:18:30.963,1.64117,1.64134,1.00,1.12
2017.07.20 09:18:31.470,1.64121,1.64136,1.00,1.50
2017.07.20 09:18:31.521,1.64121,1.64137,1.00,1.12
2017.07.20 09:18:31.978,1.64124,1.64136,1.00,1.00
2017.07.20 09:18:32.246,1.64122,1.64136,1.00,1.00
2017.07.20 09:18:32.803,1.64122,1.64137,1.00,1.12
2017.07.20 09:18:33.309,1.64123,1.64137,1.00,1.12
2017.07.20 09:18:33.755,1.6412,1.64136,1.00,1.00
2017.07.20 09:18:34.279,1.6412,1.64137,1.00,1.12
2017.07.20 09:18:34.381,1.64123,1.64136,1.00,1.00
2017.07.20 09:18:34.888,1.64123,1.64137,1.00,1.12
2017.07.20 09:18:35.456,1.6412,1.64136,1.00,1.00
2017.07.20 09:18:35.558,1.64123,1.64137,1.00,1.12
2017.07.20 09:18:36.076,1.64122,1.64138,1.00,1.37
2017.07.20 09:18:36.380,1.64124,1.64136,1.00,1.00
2017.07.20 09:18:36.896,1.64123,1.64136,1.00,1.00
2017.07.20 09:18:37.617,1.64123,1.64137,1.00,1.12
2017.07.20 09:18:38.087,1.64128,1.64141,1.00,1.75
2017.07.20 09:18:38.189,1.64123,1.64141,1.00,1.75
2017.07.20 09:18:38.290,1.64123,1.6414,1.00,1.00
2017.07.20 09:18:38.801,1.64124,1.6414,1.00,1.00
2017.07.20 09:18:39.244,1.64124,1.64138,1.00,1.00
2017.07.20 09:18:39.396,1.64122,1.64138,1.00,1.00
2017.07.20 09:18:39.599,1.64124,1.64138,1.00,1.00
2017.07.20 09:18:39.836,1.64124,1.64141,1.00,1.50
2017.07.20 09:18:40.682,1.64124,1.6414,1.00,1.00
2017.07.20 09:18:41.268,1.64125,1.6414,1.00,1.00
2017.07.20 09:18:41.957,1.64125,1.64141,1.00,1.50
2017.07.20 09:18:42.715,1.64125,1.6414,1.00,1.00
2017.07.20 09:18:42.867,1.64125,1.64142,1.00,1.00
2017.07.20 09:18:42.969,1.64128,1.64142,1.00,1.00
2017.07.20 09:18:43.273,1.64132,1.64144,1.00,1.00
2017.07.20 09:18:43.816,1.64131,1.64144,1.00,1.00
2017.07.20 09:18:44.274,1.64129,1.64144,1.50,1.50
2017.07.20 09:18:44.379,1.64132,1.64144,1.00,1.00
2017.07.20 09:18:44.581,1.64129,1.64144,1.00,1.00
2017.07.20 09:18:47.981,1.64129,1.64149,1.00,1.87
2017.07.20 09:18:48.495,1.64129,1.64148,1.00,1.00
2017.07.20 09:18:48.798,1.64126,1.64145,1.87,1.00
2017.07.20 09:18:49.305,1.64129,1.64144,1.00,1.00
2017.07.20 09:18:49.817,1.64126,1.64144,1.00,1.00
2017.07.20 09:18:49.868,1.64124,1.64144,1.00,1.00
2017.07.20 09:18:49.919,1.64124,1.64144,1.37,1.00
2017.07.20 09:18:50.426,1.64128,1.64148,1.00,1.00
2017.07.20 09:18:50.477,1.64128,1.64143,1.00,1.00
2017.07.20 09:18:50.629,1.64129,1.64148,1.00,1.00
2017.07.20 09:18:51.033,1.64129,1.64144,1.00,1.00
2017.07.20 09:18:51.717,1.64129,1.64143,1.00,1.00
2017.07.20 09:18:51.768,1.64126,1.64143,1.00,1.00
2017.07.20 09:18:51.870,1.64124,1.64143,1.00,1.00
2017.07.20 09:18:52.073,1.64126,1.64143,1.00,1.00
2017.07.20 09:18:52.580,1.64125,1.64143,1.00,1.00
2017.07.20 09:18:52.783,1.64123,1.64143,1.00,1.00
2017.07.20 09:18:53.127,1.64122,1.64139,1.37,1.00
2017.07.20 09:18:53.382,1.64124,1.64143,1.12,1.00
2017.07.20 09:18:53.585,1.64122,1.64144,1.00,1.50
2017.07.20 09:18:53.788,1.64125,1.64144,1.00,2.25
2017.07.20 09:18:54.100,1.6412,1.64144,1.50,1.50
2017.07.20 09:18:54.469,1.64118,1.64139,1.00,1.00
2017.07.20 09:18:54.621,1.6412,1.64144,1.00,1.00
2017.07.20 09:18:54.723,1.64124,1.64146,1.37,1.00
2017.07.20 09:18:54.825,1.64129,1.64152,1.71,1.00
2017.07.20 09:18:54.876,1.64132,1.64152,1.37,1.00
2017.07.20 09:18:55.182,1.64149,1.64163,1.37,1.00
2017.07.20 09:18:55.233,1.64149,1.64173,1.37,1.25
2017.07.20 09:18:55.743,1.64152,1.64173,1.37,1.00
2017.07.20 09:18:56.200,1.64147,1.64164,1.00,1.00
2017.07.20 09:18:56.723,1.64146,1.64163,1.12,1.00
2017.07.20 09:18:56.982,1.64141,1.64163,1.12,1.00
2017.07.20 09:18:57.236,1.64141,1.64163,1.87,1.00
2017.07.20 09:18:57.441,1.64142,1.64163,1.00,1.00
2017.07.20 09:18:57.930,1.64139,1.64163,2.62,1.00
2017.07.20 09:18:58.185,1.64157,1.64179,1.12,1.00
2017.07.20 09:18:58.236,1.64153,1.64179,1.87,1.00
2017.07.20 09:18:58.288,1.64157,1.64179,1.00,1.00
2017.07.20 09:18:58.591,1.64158,1.64178,1.37,1.00
2017.07.20 09:18:58.744,1.64157,1.64178,1.37,1.00
2017.07.20 09:18:58.907,1.64158,1.64178,1.37,1.00
2017.07.20 09:18:58.958,1.64155,1.64178,1.37,1.00
2017.07.20 09:18:59.456,1.64158,1.64178,1.37,1.00
2017.07.20 09:18:59.995,1.64158,1.64178,1.37,1.00
2017.07.20 09:19:00.047,1.64158,1.64182,1.37,1.75
2017.07.20 09:19:00.098,1.64158,1.64182,1.37,1.75
2017.07.20 09:19:00.367,1.64158,1.64183,1.37,2.25
2017.07.20 09:19:00.418,1.64159,1.64182,1.87,1.75
2017.07.20 09:19:00.570,1.64168,1.64188,1.37,1.00
2017.07.20 09:19:00.722,1.64171,1.64183,1.37,1.00
2017.07.20 09:19:00.824,1.64166,1.64183,1.75,1.00
2017.07.20 09:19:00.875,1.64167,1.64184,1.00,1.00
2017.07.20 09:19:01.640,1.64164,1.64187,1.37,1.00
2017.07.20 09:19:01.944,1.64166,1.64188,1.87,1.00
2017.07.20 09:19:02.046,1.64172,1.64193,1.12,2.25
2017.07.20 09:19:02.169,1.64172,1.64193,1.12,1.50
2017.07.20 09:19:02.220,1.64179,1.64193,1.00,1.50
2017.07.20 09:19:02.322,1.64177,1.64193,1.00,1.00
2017.07.20 09:19:02.425,1.64179,1.64193,1.00,1.00
2017.07.20 09:19:02.842,1.64179,1.64199,1.00,2.62
2017.07.20 09:19:02.893,1.64179,1.64194,1.00,1.00
2017.07.20 09:19:03.270,1.64179,1.64198,1.00,1.12
2017.07.20 09:19:03.776,1.6418,1.64199,1.00,1.87
2017.07.20 09:19:04.035,1.64178,1.64198,1.00,1.12
2017.07.20 09:19:04.253,1.64181,1.64199,1.00,1.37
2017.07.20 09:19:04.608,1.64178,1.64199,1.12,1.87
2017.07.20 09:19:05.203,1.64171,1.64198,1.12,1.87
2017.07.20 09:19:05.572,1.64171,1.64194,1.12,1.00
2017.07.20 09:19:05.877,1.64176,1.64199,1.37,1.00
2017.07.20 09:19:06.405,1.64177,1.64199,1.37,1.50
2017.07.20 09:19:07.062,1.64178,1.642,1.00,1.00
2017.07.20 09:19:07.366,1.64181,1.64204,1.50,1.00
2017.07.20 09:19:07.671,1.64187,1.64204,1.50,1.00
2017.07.20 09:19:07.902,1.64186,1.64204,1.37,1.00
2017.07.20 09:19:07.954,1.64188,1.64204,1.37,1.00
2017.07.20 09:19:08.259,1.64188,1.64204,1.00,1.00
2017.07.20 09:19:08.875,1.64188,1.64213,1.50,1.50
2017.07.20 09:19:09.027,1.64194,1.64216,1.00,2.25
2017.07.20 09:19:09.346,1.64202,1.64219,1.31,1.00
2017.07.20 09:19:09.751,1.64202,1.64219,1.19,1.00
2017.07.20 09:19:10.378,1.64203,1.64219,1.00,1.00
2017.07.20 09:19:10.531,1.64203,1.64224,1.00,1.00
2017.07.20 09:19:10.683,1.64203,1.64224,1.69,1.00
2017.07.20 09:19:11.073,1.64203,1.64226,1.19,1.12
2017.07.20 09:19:11.412,1.64203,1.64223,1.19,1.00
2017.07.20 09:19:11.882,1.64203,1.64223,1.50,1.00
2017.07.20 09:19:12.035,1.64205,1.64223,1.00,1.00
2017.07.20 09:19:12.340,1.64208,1.64223,1.00,1.00
2017.07.20 09:19:12.901,1.64209,1.64223,1.00,1.00
2017.07.20 09:19:13.002,1.6421,1.64229,1.00,1.75
2017.07.20 09:19:13.245,1.64214,1.64229,1.00,1.00
2017.07.20 09:19:13.348,1.64212,1.64229,1.00,1.00
2017.07.20 09:19:14.224,1.64214,1.64229,1.00,1.00
2017.07.20 09:19:15.006,1.64212,1.64229,1.00,1.00
2017.07.20 09:19:15.182,1.64212,1.64223,1.00,1.00
2017.07.20 09:19:15.233,1.6421,1.64223,1.00,1.00
2017.07.20 09:19:15.437,1.64208,1.64223,1.00,1.00
2017.07.20 09:19:15.641,1.64205,1.64223,1.00,1.00
2017.07.20 09:19:15.743,1.64207,1.64223,1.00,1.00
2017.07.20 09:19:16.048,1.64212,1.64229,1.00,1.00
2017.07.20 09:19:16.099,1.64212,1.64233,1.00,1.00
2017.07.20 09:19:16.150,1.64214,1.64233,1.00,1.00
2017.07.20 09:19:16.321,1.64218,1.64239,1.00,1.00
2017.07.20 09:19:16.625,1.64221,1.64239,1.00,1.50
2017.07.20 09:19:16.931,1.64234,1.64253,1.37,1.00
2017.07.20 09:19:17.442,1.64234,1.64253,1.37,1.00
2017.07.20 09:19:17.955,1.64234,1.64253,1.37,1.00
2017.07.20 09:19:18.360,1.64234,1.64253,1.37,1.00
2017.07.20 09:19:18.898,1.64239,1.64253,1.00,1.00
2017.07.20 09:19:20.028,1.64241,1.64253,1.00,1.00
2017.07.20 09:19:20.202,1.64241,1.6426,1.00,1.00
2017.07.20 09:19:20.355,1.64243,1.64263,1.00,1.50
2017.07.20 09:19:20.609,1.64243,1.64264,1.00,1.00
2017.07.20 09:19:20.812,1.64241,1.64264,1.00,1.00
2017.07.20 09:19:21.116,1.64243,1.64264,1.00,1.50
2017.07.20 09:19:21.953,1.6424,1.64264,1.00,1.00
2017.07.20 09:19:22.004,1.6424,1.64259,1.00,1.00
2017.07.20 09:19:22.818,1.64238,1.64264,1.00,1.50
2017.07.20 09:19:23.069,1.64238,1.64259,1.00,1.00
2017.07.20 09:19:23.373,1.64243,1.64258,1.00,1.00
2017.07.20 09:19:23.782,1.64241,1.64258,1.00,1.00
2017.07.20 09:19:24.298,1.64241,1.64259,1.00,1.00
2017.07.20 09:19:24.349,1.64239,1.64259,1.00,1.00
2017.07.20 09:19:24.655,1.64241,1.64259,1.00,1.00
2017.07.20 09:19:25.304,1.64241,1.64258,1.00,1.00
2017.07.20 09:19:26.417,1.6424,1.64258,1.00,1.00
2017.07.20 09:19:26.729,1.64242,1.64258,1.00,1.00
2017.07.20 09:19:27.948,1.64243,1.64258,1.00,1.00
2017.07.20 09:19:28.974,1.64236,1.64258,1.00,1.00
2017.07.20 09:19:29.482,1.64237,1.64259,1.00,1.00
2017.07.20 09:19:29.837,1.64234,1.64259,1.00,1.00
2017.07.20 09:19:29.888,1.64234,1.64249,1.00,1.00
2017.07.20 09:19:30.041,1.64231,1.64248,1.00,1.00
2017.07.20 09:19:30.268,1.64225,1.64248,1.00,1.00
2017.07.20 09:19:30.629,1.64228,1.64249,1.00,1.00
2017.07.20 09:19:30.731,1.64228,1.64252,1.00,1.00
2017.07.20 09:19:30.832,1.6423,1.64257,1.00,1.00
2017.07.20 09:19:30.934,1.64234,1.64257,1.00,1.00
2017.07.20 09:19:31.238,1.64234,1.64249,1.00,1.00
2017.07.20 09:19:31.340,1.64228,1.64249,1.00,1.00
2017.07.20 09:19:31.679,1.64226,1.64249,1.00,1.50
2017.07.20 09:19:32.752,1.64226,1.64243,1.00,1.00
2017.07.20 09:19:33.025,1.64224,1.64243,1.00,1.00
2017.07.20 09:19:33.546,1.64225,1.64243,1.00,1.00
2017.07.20 09:19:33.734,1.64225,1.64249,1.00,1.50
2017.07.20 09:19:34.374,1.64224,1.64249,1.00,1.50
2017.07.20 09:19:35.126,1.64224,1.64244,1.00,1.00
2017.07.20 09:19:35.648,1.64223,1.64244,1.00,1.00
2017.07.20 09:19:35.876,1.64225,1.64249,1.00,1.00
2017.07.20 09:19:35.927,1.64226,1.64243,1.00,1.00
2017.07.20 09:19:36.435,1.64225,1.64244,1.00,1.00
2017.07.20 09:19:36.848,1.64224,1.64249,1.00,1.50
2017.07.20 09:19:37.385,1.64224,1.64249,1.00,2.62
2017.07.20 09:19:37.564,1.64224,1.64242,1.00,1.50
2017.07.20 09:19:37.615,1.64224,1.64244,1.00,1.69
2017.07.20 09:19:37.876,1.64222,1.64244,1.00,1.00
2017.07.20 09:19:38.709,1.64221,1.64244,1.00,1.00
2017.07.20 09:19:39.879,1.64224,1.64244,1.00,1.00
2017.07.20 09:19:40.340,1.64222,1.64244,1.00,1.00
2017.07.20 09:19:40.983,1.64219,1.64244,1.00,1.00
2017.07.20 09:19:41.258,1.64222,1.64239,1.00,1.00
2017.07.20 09:19:41.860,1.64221,1.64239,1.00,1.00
2017.07.20 09:19:42.119,1.64221,1.64244,1.00,1.00
2017.07.20 09:19:42.220,1.64221,1.64239,1.00,1.00
2017.07.20 09:19:42.271,1.64217,1.64239,1.00,1.00
2017.07.20 09:19:42.778,1.64218,1.64239,1.00,1.00
2017.07.20 09:19:43.397,1.64221,1.64239,1.00,1.00
2017.07.20 09:19:43.853,1.64223,1.64239,1.00,1.00
2017.07.20 09:19:44.619,1.64223,1.64238,1.00,1.00
2017.07.20 09:19:45.800,1.64223,1.64243,1.00,1.00
2017.07.20 09:19:45.953,1.64227,1.64243,1.00,1.00
2017.07.20 09:19:46.370,1.64225,1.64243,1.00,1.00
2017.07.20 09:19:46.939,1.64225,1.64244,1.00,1.00
2017.07.20 09:19:46.990,1.64227,1.64244,1.00,1.00
2017.07.20 09:19:47.041,1.64227,1.64249,1.00,1.00
2017.07.20 09:19:47.092,1.64227,1.64243,1.00,1.00
2017.07.20 09:19:47.196,1.64227,1.64248,1.00,1.00
2017.07.20 09:19:47.451,1.64225,1.64248,1.00,1.00
2017.07.20 09:19:47.696,1.64227,1.64244,1.50,1.00
2017.07.20 09:19:47.798,1.64227,1.64249,1.00,1.00
2017.07.20 09:19:48.347,1.64228,1.64249,1.00,1.00
2017.07.20 09:19:48.398,1.64228,1.64244,1.00,1.00
2017.07.20 09:19:48.843,1.64225,1.64244,1.00,1.00
2017.07.20 09:19:49.249,1.64228,1.64244,1.00,1.00
2017.07.20 09:19:49.787,1.64228,1.64243,1.00,1.00
2017.07.20 09:19:50.257,1.64226,1.64243,1.12,1.00
2017.07.20 09:19:50.815,1.64227,1.64243,1.00,1.00
2017.07.20 09:19:51.359,1.64226,1.64243,1.12,1.00
2017.07.20 09:19:51.410,1.64231,1.64249,1.00,1.00
2017.07.20 09:19:51.461,1.64234,1.64256,1.00,1.50
2017.07.20 09:19:51.512,1.64239,1.64259,1.00,2.25
2017.07.20 09:19:51.614,1.64239,1.64259,1.00,1.00
2017.07.20 09:19:51.766,1.64239,1.64253,1.00,1.00
2017.07.20 09:19:52.021,1.64233,1.64249,1.50,1.00
2017.07.20 09:19:52.072,1.64237,1.64253,1.00,1.00
2017.07.20 09:19:52.365,1.64237,1.64257,1.50,1.00
2017.07.20 09:19:52.416,1.64237,1.64254,1.50,1.00
2017.07.20 09:19:52.518,1.64236,1.64258,1.87,1.00
2017.07.20 09:19:52.569,1.64237,1.64253,1.00,1.00
2017.07.20 09:19:52.874,1.64232,1.64253,2.25,1.00
2017.07.20 09:19:52.925,1.64233,1.64253,1.00,1.00
2017.07.20 09:19:53.328,1.64233,1.64254,1.00,1.00
2017.07.20 09:19:53.582,1.64233,1.64248,1.50,1.00
2017.07.20 09:19:53.980,1.64232,1.64254,1.87,1.00
2017.07.20 09:19:54.082,1.64237,1.64248,1.00,1.00
2017.07.20 09:19:54.323,1.64235,1.64257,1.12,1.00
2017.07.20 09:19:54.374,1.64233,1.64254,1.37,1.00
2017.07.20 09:19:55.033,1.64234,1.64253,1.00,1.00
2017.07.20 09:19:55.239,1.64234,1.64258,1.00,1.00
2017.07.20 09:19:55.519,1.64234,1.64254,1.00,1.00
2017.07.20 09:19:55.772,1.64236,1.64259,1.00,1.00
2017.07.20 09:19:55.874,1.64241,1.64258,1.00,1.00
2017.07.20 09:19:56.551,1.6424,1.64258,1.00,1.00
2017.07.20 09:19:57.057,1.64241,1.64258,1.00,1.00
2017.07.20 09:19:57.363,1.64241,1.64254,1.00,1.00
2017.07.20 09:19:57.840,1.6424,1.64259,1.00,1.00
2017.07.20 09:19:58.145,1.6424,1.64263,1.00,1.50
2017.07.20 09:19:58.196,1.64245,1.64263,1.00,1.00
2017.07.20 09:19:58.987,1.64243,1.64263,1.00,1.00
2017.07.20 09:19:59.518,1.64243,1.64264,1.00,1.00
2017.07.20 09:19:59.670,1.64245,1.64264,1.00,1.00
2017.07.20 09:19:59.772,1.64242,1.64264,1.50,1.00
2017.07.20 09:19:59.874,1.64244,1.64264,1.00,1.00
2017.07.20 09:20:00.179,1.64248,1.64264,1.00,1.00
2017.07.20 09:20:00.705,1.64244,1.64264,1.00,1.00
2017.07.20 09:20:01.339,1.64245,1.64264,1.00,1.00
2017.07.20 09:20:01.633,1.64242,1.64264,1.00,1.25
2017.07.20 09:20:01.685,1.64242,1.64254,1.00,1.00
2017.07.20 09:20:01.736,1.64242,1.64258,1.00,1.00
2017.07.20 09:20:01.793,1.64237,1.64258,1.87,1.00
2017.07.20 09:20:02.016,1.64234,1.64259,1.75,2.62
2017.07.20 09:20:02.068,1.64228,1.64249,1.75,1.00
2017.07.20 09:20:02.119,1.64228,1.64252,1.37,1.00
2017.07.20 09:20:02.172,1.64231,1.64254,1.37,1.00
2017.07.20 09:20:02.224,1.64231,1.64254,1.00,1.00
2017.07.20 09:20:02.447,1.64231,1.64249,1.00,1.00
2017.07.20 09:20:03.005,1.64231,1.64248,1.00,1.00
2017.07.20 09:20:03.310,1.64235,1.64248,1.00,1.00
2017.07.20 09:20:03.887,1.64235,1.64249,1.00,1.00
2017.07.20 09:20:05.161,1.64235,1.64248,1.00,1.00
2017.07.20 09:20:05.971,1.64233,1.64248,1.00,1.00
2017.07.20 09:20:06.839,1.64233,1.64249,1.00,1.00
2017.07.20 09:20:07.145,1.64234,1.64254,1.00,1.00
2017.07.20 09:20:07.297,1.64235,1.64248,1.00,1.00
2017.07.20 09:20:07.774,1.64233,1.64248,1.00,1.00
2017.07.20 09:20:10.024,1.64231,1.64248,1.00,1.00
2017.07.20 09:20:10.549,1.64232,1.64248,1.00,1.00
2017.07.20 09:20:11.395,1.64231,1.64248,1.00,1.00
2017.07.20 09:20:16.093,1.64231,1.64253,1.00,1.00
2017.07.20 09:20:16.297,1.64236,1.64254,1.00,1.00
2017.07.20 09:20:16.601,1.64239,1.64254,1.00,1.00
2017.07.20 09:20:16.804,1.6424,1.64259,1.00,1.00
2017.07.20 09:20:17.335,1.64241,1.64259,1.00,1.00
2017.07.20 09:20:19.220,1.64243,1.64259,1.00,1.00
2017.07.20 09:20:19.587,1.64241,1.64259,1.00,1.00
2017.07.20 09:20:20.095,1.64243,1.64259,1.00,1.00
2017.07.20 09:20:21.259,1.64243,1.64264,1.00,1.00
2017.07.20 09:20:21.310,1.64245,1.64264,1.00,1.00
2017.07.20 09:20:22.469,1.64245,1.64263,1.00,1.00
2017.07.20 09:20:22.723,1.64243,1.64263,1.00,1.00
2017.07.20 09:20:22.883,1.64243,1.64258,1.00,1.00
2017.07.20 09:20:23.445,1.64251,1.6427,1.69,2.44
2017.07.20 09:20:23.750,1.64265,1.64273,1.00,1.00
2017.07.20 09:20:24.206,1.64262,1.64273,1.00,1.00
2017.07.20 09:20:24.433,1.64262,1.6427,1.00,1.00
2017.07.20 09:20:24.484,1.64262,1.64273,1.00,1.00
2017.07.20 09:20:24.738,1.6426,1.64274,1.00,1.00
2017.07.20 09:20:25.255,1.6426,1.64273,1.00,1.00
2017.07.20 09:20:25.504,1.64262,1.64273,1.00,1.00
2017.07.20 09:20:25.942,1.6426,1.64273,1.00,1.00
2017.07.20 09:20:26.448,1.6426,1.64274,1.00,1.00
2017.07.20 09:20:27.231,1.64258,1.64274,1.00,1.00
2017.07.20 09:20:27.384,1.64258,1.64278,1.00,1.00
2017.07.20 09:20:27.435,1.6426,1.64278,1.00,1.00
2017.07.20 09:20:27.739,1.6426,1.64273,1.00,1.00
2017.07.20 09:20:28.105,1.6426,1.64279,1.00,1.00
2017.07.20 09:20:28.630,1.64254,1.64278,1.67,1.00
2017.07.20 09:20:28.681,1.64254,1.64273,1.67,1.00
2017.07.20 09:20:29.192,1.64254,1.64274,1.67,1.00
2017.07.20 09:20:29.716,1.64261,1.64273,1.00,1.00
2017.07.20 09:20:29.818,1.64258,1.64273,1.00,1.00
2017.07.20 09:20:31.119,1.64258,1.64279,1.00,1.00
2017.07.20 09:20:31.395,1.64258,1.64274,1.00,1.00
2017.07.20 09:20:31.910,1.64257,1.64274,1.00,1.00
2017.07.20 09:20:31.961,1.64257,1.64279,1.00,1.00
2017.07.20 09:20:32.164,1.64257,1.64274,1.00,1.00
2017.07.20 09:20:32.469,1.64259,1.64274,1.00,1.00
2017.07.20 09:20:33.011,1.64261,1.64273,1.00,1.00
2017.07.20 09:20:33.061,1.64261,1.64279,1.00,1.00
2017.07.20 09:20:33.214,1.64261,1.64274,1.00,1.00
2017.07.20 09:20:33.619,1.64263,1.64274,1.00,1.00
2017.07.20 09:20:33.721,1.64263,1.64278,1.00,1.00
2017.07.20 09:20:34.791,1.64264,1.64283,1.25,1.00
2017.07.20 09:20:34.842,1.64268,1.64283,1.00,1.00
2017.07.20 09:20:34.893,1.64266,1.64283,1.50,1.00
2017.07.20 09:20:34.944,1.64271,1.64288,1.00,1.00
2017.07.20 09:20:35.250,1.64273,1.64283,1.00,1.00
2017.07.20 09:20:35.514,1.6427,1.64284,1.00,1.00
2017.07.20 09:20:35.818,1.64267,1.64284,1.00,1.50
2017.07.20 09:20:35.869,1.64267,1.64278,1.00,1.00
2017.07.20 09:20:36.376,1.64267,1.64283,1.00,1.00
2017.07.20 09:20:36.427,1.6427,1.64283,1.00,1.00
2017.07.20 09:20:36.742,1.64274,1.64283,1.00,1.00
2017.07.20 09:20:37.858,1.64274,1.64284,1.00,1.00
2017.07.20 09:20:38.011,1.64277,1.64289,1.00,1.00
2017.07.20 09:20:38.173,1.64282,1.64289,1.00,1.00
2017.07.20 09:20:38.230,1.64283,1.64293,1.00,1.00
2017.07.20 09:20:38.281,1.64283,1.64298,1.50,1.00
2017.07.20 09:20:38.332,1.64285,1.64299,1.00,1.00
2017.07.20 09:20:38.383,1.64285,1.64304,1.00,1.00
2017.07.20 09:20:38.434,1.64288,1.64308,1.00,1.12
2017.07.20 09:20:38.535,1.64291,1.64313,1.00,1.50
2017.07.20 09:20:38.637,1.64294,1.64313,1.00,1.00
2017.07.20 09:20:39.062,1.64295,1.64304,1.87,1.00
2017.07.20 09:20:39.216,1.64293,1.64304,1.00,1.00
2017.07.20 09:20:39.621,1.64294,1.64309,1.00,1.00
2017.07.20 09:20:40.298,1.64294,1.64308,1.00,1.00
2017.07.20 09:20:40.349,1.64297,1.64312,1.00,1.00
2017.07.20 09:20:40.450,1.64295,1.64313,1.00,1.00
2017.07.20 09:20:40.968,1.64295,1.64312,1.00,1.00
2017.07.20 09:20:41.222,1.64292,1.64309,1.00,1.00
2017.07.20 09:20:41.555,1.64287,1.64306,1.00,1.12
2017.07.20 09:20:41.657,1.64287,1.64303,1.00,1.00
2017.07.20 09:20:42.163,1.64288,1.64303,1.00,1.00
2017.07.20 09:20:42.904,1.64288,1.64309,1.00,1.75
2017.07.20 09:20:43.107,1.64288,1.64309,1.00,1.00
2017.07.20 09:20:43.158,1.6429,1.64309,1.00,1.00
2017.07.20 09:20:43.938,1.64288,1.64309,1.00,1.50
2017.07.20 09:20:44.478,1.64289,1.64309,1.00,1.50
2017.07.20 09:20:45.273,1.64288,1.64309,1.00,1.00
2017.07.20 09:20:46.745,1.64286,1.64304,1.00,1.00
2017.07.20 09:20:47.404,1.64286,1.64303,1.00,1.00
2017.07.20 09:20:48.389,1.64286,1.64306,1.00,1.12
2017.07.20 09:20:48.899,1.64287,1.64305,1.00,1.00
2017.07.20 09:20:49.051,1.64292,1.64308,1.00,1.75
2017.07.20 09:20:49.254,1.64289,1.64308,1.00,1.00
2017.07.20 09:20:49.921,1.64289,1.64307,1.00,1.00
2017.07.20 09:20:50.489,1.64289,1.64308,1.00,2.25
2017.07.20 09:20:51.024,1.64289,1.64307,1.00,1.00
2017.07.20 09:20:51.568,1.64289,1.64308,1.00,1.50
2017.07.20 09:20:51.670,1.64293,1.64308,1.00,1.12
2017.07.20 09:20:51.974,1.64294,1.64314,1.00,1.00
2017.07.20 09:20:52.104,1.64294,1.64308,1.00,1.00
2017.07.20 09:20:52.156,1.64291,1.64308,1.12,1.00
2017.07.20 09:20:53.063,1.64288,1.64308,1.00,1.00
2017.07.20 09:20:53.321,1.64287,1.64304,1.00,1.00
2017.07.20 09:20:53.473,1.64284,1.64304,1.50,1.00
2017.07.20 09:20:54.234,1.64284,1.64309,1.50,1.00
2017.07.20 09:20:54.285,1.64286,1.64309,1.00,1.00
2017.07.20 09:20:54.627,1.6429,1.64309,1.00,1.50
2017.07.20 09:20:55.897,1.6429,1.64308,1.50,1.00
2017.07.20 09:20:56.100,1.64295,1.64314,1.00,1.00
2017.07.20 09:20:56.201,1.64295,1.64308,1.00,1.00
2017.07.20 09:20:56.252,1.64291,1.64308,1.12,1.00
2017.07.20 09:20:57.375,1.64288,1.64308,1.00,1.00
2017.07.20 09:20:57.876,1.64289,1.64308,1.00,1.00
2017.07.20 09:20:57.978,1.64289,1.64313,1.00,1.87
2017.07.20 09:20:58.029,1.64293,1.64312,1.25,1.00
2017.07.20 09:20:58.427,1.6429,1.64309,1.37,1.00
2017.07.20 09:20:58.480,1.6429,1.64309,1.00,1.00
2017.07.20 09:20:59.865,1.64292,1.64303,1.00,1.00
2017.07.20 09:20:59.968,1.6429,1.64303,1.50,1.00
2017.07.20 09:21:00.069,1.64288,1.64303,1.00,1.00
2017.07.20 09:21:00.121,1.64288,1.64308,1.00,1.00
2017.07.20 09:21:00.173,1.64291,1.64308,1.00,1.00
2017.07.20 09:21:00.376,1.64289,1.64308,1.00,1.00
2017.07.20 09:21:01.281,1.6429,1.64304,1.00,1.00
2017.07.20 09:21:01.383,1.64288,1.64304,1.00,1.00
2017.07.20 09:21:02.073,1.64286,1.64304,1.00,1.00
2017.07.20 09:21:02.175,1.64282,1.64304,1.00,1.19
2017.07.20 09:21:02.276,1.64279,1.64304,1.00,1.19
2017.07.20 09:21:02.800,1.6428,1.64304,1.00,1.00
2017.07.20 09:21:03.763,1.6428,1.64298,1.00,1.00
2017.07.20 09:21:04.354,1.6428,1.64303,1.00,1.00
2017.07.20 09:21:04.788,1.64283,1.64303,1.00,1.00
2017.07.20 09:21:04.889,1.64285,1.64309,1.00,1.50
2017.07.20 09:21:05.103,1.64285,1.64303,1.00,1.00
2017.07.20 09:21:05.366,1.64283,1.64304,1.00,1.00
2017.07.20 09:21:05.999,1.64282,1.64304,1.00,1.00
2017.07.20 09:21:06.354,1.6428,1.64304,1.50,1.00
2017.07.20 09:21:06.405,1.6428,1.64299,1.00,1.25
2017.07.20 09:21:06.659,1.64278,1.643,1.00,1.25
2017.07.20 09:21:06.960,1.64275,1.64299,1.00,1.25
2017.07.20 09:21:07.178,1.64278,1.64299,1.00,1.25
2017.07.20 09:21:07.380,1.64275,1.64298,1.00,1.25
2017.07.20 09:21:08.204,1.64275,1.64297,1.00,1.25
2017.07.20 09:21:08.457,1.64275,1.64299,1.00,1.25
2017.07.20 09:21:09.003,1.64275,1.64298,1.00,1.00
2017.07.20 09:21:10.799,1.64273,1.64298,1.00,1.69
2017.07.20 09:21:11.003,1.64275,1.64298,1.00,1.69
2017.07.20 09:21:11.258,1.64273,1.64298,1.00,1.69
2017.07.20 09:21:12.006,1.64273,1.64297,1.00,1.25
2017.07.20 09:21:12.203,1.64273,1.64288,1.00,1.00
2017.07.20 09:21:12.306,1.64267,1.64286,1.00,1.69
2017.07.20 09:21:12.485,1.6426,1.64286,1.00,1.69
2017.07.20 09:21:12.591,1.64263,1.64286,1.00,1.00
2017.07.20 09:21:13.186,1.64263,1.64285,1.00,1.25
2017.07.20 09:21:13.789,1.64263,1.64286,1.00,1.25
2017.07.20 09:21:13.965,1.64261,1.64286,1.00,1.25
2017.07.20 09:21:14.300,1.64263,1.64285,1.00,1.25
2017.07.20 09:21:16.411,1.64265,1.64285,1.00,1.25
2017.07.20 09:21:16.960,1.64266,1.64286,1.00,1.25
2017.07.20 09:21:17.336,1.64266,1.64283,1.00,1.00
2017.07.20 09:21:17.655,1.64266,1.64286,1.00,1.25
2017.07.20 09:21:17.757,1.64265,1.64269,1.00,1.00
2017.07.20 09:21:17.859,1.64245,1.64254,6.75,1.25
2017.07.20 09:21:17.911,1.64242,1.64253,1.00,1.25
2017.07.20 09:21:17.962,1.64238,1.64259,1.12,1.25
2017.07.20 09:21:18.487,1.64238,1.64261,1.00,1.25
2017.07.20 09:21:18.689,1.64239,1.64256,1.00,1.00
2017.07.20 09:21:18.740,1.64236,1.64256,1.00,1.00
2017.07.20 09:21:18.791,1.64234,1.64257,1.00,1.00
2017.07.20 09:21:19.298,1.64236,1.64256,1.00,1.00
2017.07.20 09:21:19.935,1.64235,1.64257,1.00,1.00
2017.07.20 09:21:20.256,1.64235,1.64255,1.00,1.25
2017.07.20 09:21:20.509,1.64235,1.64257,1.00,1.00
2017.07.20 09:21:20.864,1.64235,1.64255,1.00,1.25
2017.07.20 09:21:21.396,1.64234,1.64256,1.00,1.69
2017.07.20 09:21:21.947,1.64234,1.64255,1.00,1.25
2017.07.20 09:21:22.454,1.64233,1.64256,1.00,1.69
2017.07.20 09:21:22.765,1.64234,1.64254,1.00,1.25
2017.07.20 09:21:22.867,1.64233,1.64257,1.00,1.69
2017.07.20 09:21:23.019,1.64235,1.64256,1.00,1.25
2017.07.20 09:21:23.119,1.64231,1.64256,1.00,1.69
2017.07.20 09:21:23.322,1.64234,1.64257,1.00,2.44
2017.07.20 09:21:23.626,1.64234,1.64255,1.00,1.25
2017.07.20 09:21:23.994,1.64231,1.64254,1.00,1.25
2017.07.20 09:21:24.297,1.64228,1.64254,1.76,1.25
2017.07.20 09:21:24.500,1.64228,1.64256,1.01,1.25
2017.07.20 09:21:24.602,1.64228,1.64254,1.01,1.25
2017.07.20 09:21:25.175,1.64232,1.64255,1.00,1.25
2017.07.20 09:21:25.575,1.64235,1.64256,1.00,1.25
2017.07.20 09:21:25.677,1.6423,1.64253,1.00,1.25
2017.07.20 09:21:25.728,1.6423,1.64256,1.00,1.00
2017.07.20 09:21:25.881,1.64232,1.64257,1.00,1.50
2017.07.20 09:21:26.086,1.6423,1.64256,1.00,1.50
2017.07.20 09:21:26.390,1.64233,1.64256,1.00,1.00
2017.07.20 09:21:26.694,1.64231,1.64256,1.00,1.00
2017.07.20 09:21:27.209,1.64232,1.64257,1.00,1.00
2017.07.20 09:21:27.716,1.64232,1.64256,1.00,1.00
2017.07.20 09:21:28.139,1.64228,1.64256,1.50,1.00
2017.07.20 09:21:28.727,1.64228,1.64257,1.00,1.50
2017.07.20 09:21:29.421,1.64228,1.64256,1.50,1.00
2017.07.20 09:21:30.306,1.64228,1.64257,1.00,1.50
2017.07.20 09:21:30.876,1.64228,1.64256,1.50,1.00
2017.07.20 09:21:31.434,1.64229,1.64256,1.00,1.00
2017.07.20 09:21:31.758,1.64229,1.64256,1.00,1.75
2017.07.20 09:21:32.115,1.64232,1.64256,1.00,1.37
2017.07.20 09:21:32.217,1.64232,1.64256,1.00,1.00
2017.07.20 09:21:32.874,1.64232,1.64257,1.00,1.00
2017.07.20 09:21:33.026,1.6423,1.64257,1.00,1.00
2017.07.20 09:21:33.078,1.6423,1.64251,1.00,1.00
2017.07.20 09:21:33.129,1.64228,1.64252,1.87,1.00
2017.07.20 09:21:33.636,1.64229,1.64251,1.00,1.00
2017.07.20 09:21:34.356,1.64229,1.64252,1.00,1.00
2017.07.20 09:21:35.055,1.64229,1.64251,1.00,1.00
2017.07.20 09:21:35.986,1.64229,1.64252,1.00,1.00
2017.07.20 09:21:36.497,1.64229,1.64248,1.00,1.00
2017.07.20 09:21:37.960,1.64229,1.64252,1.00,1.00
2017.07.20 09:21:38.516,1.6423,1.64251,1.00,1.00
2017.07.20 09:21:39.141,1.6423,1.64252,1.00,1.00
2017.07.20 09:21:39.507,1.64235,1.64253,1.00,1.00
2017.07.20 09:21:39.659,1.64236,1.64256,1.00,1.00
2017.07.20 09:21:39.913,1.64235,1.64253,1.00,1.00
2017.07.20 09:21:40.014,1.64232,1.64252,1.00,1.00
2017.07.20 09:21:40.529,1.64232,1.64251,1.00,1.00
2017.07.20 09:21:41.076,1.64232,1.64255,1.00,1.75
2017.07.20 09:21:41.127,1.64236,1.64255,1.00,1.75
2017.07.20 09:21:41.279,1.64236,1.64255,1.00,1.00
2017.07.20 09:21:41.431,1.64234,1.64256,1.00,1.00
2017.07.20 09:21:41.837,1.6423,1.64256,1.00,1.00
2017.07.20 09:21:42.039,1.64235,1.64256,1.00,1.00
2017.07.20 09:21:42.328,1.64233,1.64255,1.00,1.00
2017.07.20 09:21:42.837,1.64233,1.64256,1.00,1.00
2017.07.20 09:21:43.350,1.64234,1.64255,1.00,1.00
2017.07.20 09:21:43.713,1.64236,1.64256,1.00,1.00
2017.07.20 09:21:44.243,1.64234,1.64256,1.00,1.00
2017.07.20 09:21:44.790,1.64234,1.64255,1.00,1.00
2017.07.20 09:21:45.044,1.64236,1.64256,1.00,1.00
2017.07.20 09:21:45.145,1.64232,1.64255,1.00,1.00
2017.07.20 09:21:45.703,1.6423,1.64255,1.00,1.00
2017.07.20 09:21:46.325,1.6423,1.64256,1.00,1.00
2017.07.20 09:21:46.877,1.64231,1.64256,1.00,1.00
2017.07.20 09:21:48.274,1.64231,1.64255,1.00,1.00
2017.07.20 09:21:48.816,1.64232,1.64255,1.00,1.00
2017.07.20 09:21:49.361,1.64232,1.64256,1.00,1.00
2017.07.20 09:21:50.566,1.64232,1.64255,1.50,1.00
2017.07.20 09:21:51.096,1.64232,1.64256,1.00,1.00
2017.07.20 09:21:51.808,1.64232,1.64255,1.50,1.00
2017.07.20 09:21:51.909,1.64232,1.64257,1.50,1.69
2017.07.20 09:21:52.265,1.64236,1.6426,1.00,1.69
2017.07.20 09:21:52.418,1.64236,1.6426,1.00,1.25
2017.07.20 09:21:52.930,1.64236,1.64259,1.00,1.25
2017.07.20 09:21:53.341,1.64236,1.6426,1.00,1.69
2017.07.20 09:21:54.989,1.64232,1.64259,1.50,1.19
2017.07.20 09:21:56.455,1.64232,1.6426,1.50,1.69
2017.07.20 09:21:57.626,1.64237,1.6426,1.00,1.69
2017.07.20 09:22:00.115,1.64237,1.64259,1.00,1.19
2017.07.20 09:22:00.368,1.64237,1.64259,1.00,2.06
2017.07.20 09:22:00.419,1.64237,1.64259,1.00,2.06
2017.07.20 09:22:01.179,1.64237,1.64258,1.00,1.19
2017.07.20 09:22:01.991,1.64232,1.64252,1.50,1.87
2017.07.20 09:22:02.042,1.6423,1.64252,1.50,1.31
2017.07.20 09:22:02.093,1.6423,1.64248,1.00,1.25
2017.07.20 09:22:02.296,1.64226,1.64246,1.00,2.06
2017.07.20 09:22:02.935,1.64226,1.64245,1.00,1.00
2017.07.20 09:22:03.575,1.64226,1.64246,1.00,1.12
2017.07.20 09:22:04.107,1.64226,1.64245,1.00,1.00
2017.07.20 09:22:04.673,1.64226,1.64248,1.00,1.50
2017.07.20 09:22:04.724,1.64226,1.64243,1.00,1.00
2017.07.20 09:22:04.826,1.64224,1.64242,1.00,1.00
2017.07.20 09:22:04.877,1.64221,1.64242,1.00,1.50
2017.07.20 09:22:04.928,1.64219,1.64238,1.00,1.00
2017.07.20 09:22:05.081,1.64217,1.64238,1.00,1.00
2017.07.20 09:22:05.932,1.64218,1.64237,1.00,1.00
2017.07.20 09:22:06.488,1.64218,1.64238,1.00,1.00
2017.07.20 09:22:07.034,1.64218,1.64237,1.00,1.00
2017.07.20 09:22:07.135,1.64216,1.64237,1.00,1.00
2017.07.20 09:22:07.660,1.64216,1.64238,1.50,1.00
2017.07.20 09:22:07.711,1.64216,1.64241,1.50,1.00
2017.07.20 09:22:07.813,1.64216,1.64243,1.00,1.00
2017.07.20 09:22:07.864,1.6422,1.64244,1.00,3.94
2017.07.20 09:22:08.371,1.6422,1.64243,1.00,1.00
2017.07.20 09:22:08.936,1.64222,1.64243,1.00,1.00
2017.07.20 09:22:09.475,1.64223,1.64243,1.00,1.00
2017.07.20 09:22:10.045,1.64223,1.64244,1.00,1.12
2017.07.20 09:22:10.759,1.64223,1.64243,1.00,1.00
2017.07.20 09:22:10.861,1.64221,1.64244,1.00,1.87
2017.07.20 09:22:10.965,1.64218,1.64238,1.00,1.00
2017.07.20 09:22:11.498,1.64217,1.64239,1.00,1.00
2017.07.20 09:22:12.006,1.64217,1.64238,1.00,1.00
2017.07.20 09:22:12.568,1.64217,1.64239,1.00,1.00
2017.07.20 09:22:12.872,1.64213,1.64236,1.00,1.69
2017.07.20 09:22:13.399,1.64211,1.64234,1.00,1.19
2017.07.20 09:22:13.584,1.64207,1.64234,1.00,1.69
2017.07.20 09:22:13.840,1.64207,1.64233,1.00,1.25
2017.07.20 09:22:14.043,1.64207,1.64235,1.00,2.06
2017.07.20 09:22:14.663,1.64208,1.64235,1.00,1.00
2017.07.20 09:22:14.765,1.6421,1.64236,1.00,1.12
2017.07.20 09:22:15.091,1.64197,1.64218,1.00,1.00
2017.07.20 09:22:15.244,1.64191,1.64217,1.75,1.00
2017.07.20 09:22:15.295,1.64191,1.64214,1.75,1.25
2017.07.20 09:22:15.346,1.64191,1.64214,1.00,1.25
2017.07.20 09:22:15.398,1.64191,1.64216,1.00,1.00
2017.07.20 09:22:15.449,1.64189,1.64209,1.00,1.00
2017.07.20 09:22:16.022,1.6419,1.64209,1.00,1.00
2017.07.20 09:22:16.367,1.6419,1.64214,1.00,1.69
2017.07.20 09:22:16.891,1.64191,1.64214,1.00,1.25
2017.07.20 09:22:16.993,1.64191,1.64211,1.00,1.00
2017.07.20 09:22:17.045,1.64188,1.64209,1.00,1.00
2017.07.20 09:22:17.096,1.64188,1.64208,1.00,1.19
2017.07.20 09:22:17.147,1.64183,1.64207,1.50,1.19
2017.07.20 09:22:17.248,1.6418,1.64206,1.00,1.25
2017.07.20 09:22:17.789,1.6418,1.64207,1.00,1.69
2017.07.20 09:22:17.992,1.64183,1.64207,1.00,1.19
2017.07.20 09:22:18.397,1.64183,1.64207,1.00,1.00
2017.07.20 09:22:19.037,1.64183,1.64208,1.00,2.44
2017.07.20 09:22:19.369,1.64183,1.64201,1.00,1.00
2017.07.20 09:22:19.471,1.64178,1.64199,1.00,1.50
2017.07.20 09:22:19.573,1.64173,1.64198,1.00,1.00
2017.07.20 09:22:22.020,1.64173,1.64198,1.00,1.19
2017.07.20 09:22:22.171,1.64173,1.64193,1.00,1.00
2017.07.20 09:22:22.736,1.64173,1.64192,1.00,1.25
2017.07.20 09:22:23.415,1.64173,1.64193,1.00,1.25
2017.07.20 09:22:24.953,1.64172,1.64193,1.00,1.25
2017.07.20 09:22:25.207,1.64172,1.64195,1.00,1.25
2017.07.20 09:22:25.308,1.64172,1.64197,1.00,1.00
2017.07.20 09:22:25.641,1.64172,1.64194,1.00,1.00
2017.07.20 09:22:25.945,1.64164,1.64184,3.00,1.19
2017.07.20 09:22:26.098,1.64156,1.64182,1.00,1.00
2017.07.20 09:22:26.556,1.64153,1.64182,1.50,1.00
2017.07.20 09:22:27.498,1.64156,1.64181,1.00,1.00
2017.07.20 09:22:27.678,1.64155,1.64183,1.00,1.00
2017.07.20 09:22:28.226,1.64155,1.64182,1.00,1.00
2017.07.20 09:22:28.719,1.64155,1.64177,1.00,1.00
2017.07.20 09:22:28.872,1.64149,1.64174,1.00,1.50
2017.07.20 09:22:28.923,1.64149,1.64169,1.00,1.00
2017.07.20 09:22:28.974,1.64144,1.64169,1.50,1.00
2017.07.20 09:22:29.228,1.64144,1.64163,1.00,1.50
2017.07.20 09:22:29.380,1.64135,1.64156,1.00,1.00
2017.07.20 09:22:29.482,1.64131,1.64157,1.00,1.50
2017.07.20 09:22:29.998,1.64132,1.64157,1.00,1.00
2017.07.20 09:22:30.464,1.6413,1.64156,1.00,1.00
2017.07.20 09:22:30.617,1.6413,1.64158,1.50,1.00
2017.07.20 09:22:30.668,1.64133,1.6416,1.00,1.37
2017.07.20 09:22:31.195,1.64132,1.64158,1.00,1.00
2017.07.20 09:22:31.296,1.6413,1.64158,2.25,1.00
2017.07.20 09:22:31.844,1.64131,1.64159,1.00,2.06
2017.07.20 09:22:32.849,1.64132,1.64159,1.00,1.12
2017.07.20 09:22:32.900,1.64138,1.64161,1.00,1.00
2017.07.20 09:22:33.426,1.64138,1.6416,1.00,1.00
2017.07.20 09:22:34.114,1.64138,1.64161,1.00,1.00
2017.07.20 09:22:34.746,1.64138,1.6416,1.00,1.00
2017.07.20 09:22:35.427,1.64138,1.64161,1.00,1.00
2017.07.20 09:22:35.804,1.64136,1.64161,1.00,1.00
2017.07.20 09:22:36.326,1.64136,1.6416,1.00,1.00
2017.07.20 09:22:36.855,1.64137,1.6416,1.00,1.00
2017.07.20 09:22:37.361,1.64136,1.6416,1.00,1.00
2017.07.20 09:22:37.412,1.64133,1.64161,1.12,1.69
2017.07.20 09:22:37.615,1.64139,1.64165,1.00,2.44
2017.07.20 09:22:38.139,1.64138,1.64164,1.00,1.62
2017.07.20 09:22:38.291,1.64136,1.64164,1.50,1.37
2017.07.20 09:22:39.875,1.64135,1.64165,1.50,2.81
2017.07.20 09:22:40.200,1.64137,1.64164,1.00,1.37
2017.07.20 09:22:40.707,1.64138,1.64165,1.00,1.50
2017.07.20 09:22:41.248,1.64137,1.64164,1.00,1.37
2017.07.20 09:22:41.750,1.64138,1.64165,1.00,1.50
2017.07.20 09:22:42.471,1.64137,1.64164,1.00,1.37
2017.07.20 09:22:43.015,1.64136,1.64164,1.50,1.37
2017.07.20 09:22:43.384,1.64138,1.64164,1.00,1.37
2017.07.20 09:22:43.689,1.64132,1.64154,1.00,1.00
2017.07.20 09:22:43.893,1.64135,1.6416,1.00,1.12
2017.07.20 09:22:43.994,1.64138,1.6416,1.00,1.12
2017.07.20 09:22:44.498,1.64139,1.64159,1.00,1.00
2017.07.20 09:22:45.119,1.64139,1.6416,1.00,1.12
2017.07.20 09:22:45.834,1.64139,1.64159,1.00,1.00
2017.07.20 09:22:46.876,1.64141,1.64159,1.00,1.00
2017.07.20 09:22:47.391,1.64141,1.6416,1.00,1.12
2017.07.20 09:22:47.996,1.64141,1.64159,1.00,1.00
2017.07.20 09:22:48.199,1.64141,1.64164,1.00,1.37
2017.07.20 09:22:48.251,1.64141,1.64163,1.00,1.00
2017.07.20 09:22:48.302,1.64143,1.64169,1.00,3.19
2017.07.20 09:22:48.608,1.64138,1.64156,1.00,1.00
2017.07.20 09:22:48.822,1.64133,1.64157,1.00,1.00
2017.07.20 09:22:49.329,1.64134,1.64156,1.00,1.00
2017.07.20 09:22:49.554,1.64134,1.6416,1.00,1.50
2017.07.20 09:22:49.707,1.64134,1.64155,1.00,1.69
2017.07.20 09:22:50.013,1.64112,1.64138,1.00,1.25
2017.07.20 09:22:50.198,1.64115,1.64139,1.00,1.25
2017.07.20 09:22:50.401,1.64112,1.64138,1.00,1.00
2017.07.20 09:22:50.654,1.64111,1.64136,1.00,1.25
2017.07.20 09:22:50.958,1.64111,1.64131,1.00,1.25
2017.07.20 09:22:51.009,1.64107,1.64131,1.00,1.25
2017.07.20 09:22:51.316,1.64108,1.64129,1.00,1.25
2017.07.20 09:22:51.417,1.64103,1.64127,1.12,1.00
2017.07.20 09:22:51.570,1.64103,1.64125,1.00,1.25
2017.07.20 09:22:51.723,1.641,1.64123,1.00,1.25
2017.07.20 09:22:52.540,1.64103,1.64125,1.00,1.25
2017.07.20 09:22:52.794,1.64103,1.64127,1.00,1.00
2017.07.20 09:22:53.358,1.64103,1.64126,1.00,1.00
2017.07.20 09:22:53.921,1.64103,1.64127,1.00,1.00
2017.07.20 09:22:54.436,1.64104,1.64126,1.00,1.00
2017.07.20 09:22:54.977,1.64104,1.64127,1.00,1.00
2017.07.20 09:22:56.116,1.64103,1.64126,1.00,1.00
2017.07.20 09:22:56.288,1.64105,1.64126,1.00,1.00
2017.07.20 09:22:56.821,1.64105,1.64127,1.00,1.00
2017.07.20 09:22:57.023,1.64103,1.64126,1.00,1.00
2017.07.20 09:22:57.186,1.64103,1.64129,2.25,1.69
2017.07.20 09:22:57.417,1.64105,1.64128,1.00,1.25
2017.07.20 09:22:57.519,1.64105,1.64132,1.00,1.25
2017.07.20 09:22:57.722,1.64108,1.64132,1.00,1.69
2017.07.20 09:22:58.287,1.64108,1.64133,1.00,1.69
2017.07.20 09:22:58.835,1.64107,1.64132,1.00,1.00
2017.07.20 09:22:58.992,1.64105,1.64132,1.00,1.00
2017.07.20 09:22:59.531,1.64107,1.64132,1.00,1.25
2017.07.20 09:23:00.065,1.64106,1.64132,1.00,1.69
2017.07.20 09:23:00.406,1.64103,1.64129,1.00,1.00
2017.07.20 09:23:00.711,1.64104,1.64127,1.00,1.12
2017.07.20 09:23:01.016,1.64108,1.64126,1.00,1.00
2017.07.20 09:23:01.544,1.64109,1.64127,1.00,1.12
2017.07.20 09:23:02.529,1.64109,1.64126,1.00,1.00
2017.07.20 09:23:03.147,1.6411,1.64126,1.00,1.00
2017.07.20 09:23:03.577,1.64114,1.64127,1.00,1.12
2017.07.20 09:23:03.628,1.64127,1.64141,1.00,1.00
2017.07.20 09:23:03.679,1.64128,1.64143,1.00,1.00
2017.07.20 09:23:03.731,1.64135,1.64156,1.00,3.56
2017.07.20 09:23:03.782,1.64135,1.64156,1.00,2.00
2017.07.20 09:23:03.833,1.64139,1.64156,1.00,2.00
2017.07.20 09:23:03.884,1.64139,1.64156,1.00,1.25
2017.07.20 09:23:03.986,1.64139,1.6415,1.00,1.00
2017.07.20 09:23:04.038,1.64137,1.6415,1.00,1.00
2017.07.20 09:23:04.140,1.64134,1.64151,1.00,1.00
2017.07.20 09:23:04.799,1.64134,1.6415,1.00,1.00
2017.07.20 09:23:04.850,1.64132,1.6415,1.00,1.00
2017.07.20 09:23:05.086,1.64134,1.64158,1.00,2.25
2017.07.20 09:23:05.187,1.64137,1.64162,1.00,1.00
2017.07.20 09:23:05.339,1.6414,1.64163,1.00,1.12
2017.07.20 09:23:05.696,1.6414,1.64158,1.00,1.00
2017.07.20 09:23:05.747,1.64137,1.64158,1.00,1.00
2017.07.20 09:23:05.849,1.64133,1.64162,1.12,1.00
2017.07.20 09:23:05.951,1.64138,1.64164,1.50,1.50
2017.07.20 09:23:06.300,1.6414,1.64164,1.00,1.69
2017.07.20 09:23:07.235,1.64139,1.64164,1.00,1.69
2017.07.20 09:23:07.797,1.64138,1.64163,1.50,1.25
2017.07.20 09:23:08.210,1.64135,1.64159,1.50,1.00
2017.07.20 09:23:08.261,1.64135,1.64159,1.00,1.00
2017.07.20 09:23:08.717,1.64131,1.64158,1.00,1.00
2017.07.20 09:23:09.061,1.6413,1.64153,1.12,1.00
2017.07.20 09:23:11.352,1.6413,1.64154,1.00,1.00
2017.07.20 09:23:14.274,1.64129,1.64154,1.00,1.00
2017.07.20 09:23:14.735,1.64129,1.64148,1.00,1.00
2017.07.20 09:23:15.861,1.64129,1.64154,1.00,1.69
2017.07.20 09:23:15.912,1.64129,1.64145,1.00,1.00
2017.07.20 09:23:15.963,1.64126,1.64146,1.00,1.69
2017.07.20 09:23:16.014,1.64125,1.64144,1.00,1.00
2017.07.20 09:23:16.117,1.64121,1.64144,1.00,1.00
2017.07.20 09:23:16.523,1.64118,1.64143,1.00,1.00
2017.07.20 09:23:16.645,1.64121,1.64145,1.00,1.69
2017.07.20 09:23:16.969,1.64138,1.64157,1.00,1.00
2017.07.20 09:23:17.020,1.64139,1.64159,1.00,1.50
2017.07.20 09:23:17.122,1.64136,1.64159,1.00,1.50
2017.07.20 09:23:17.216,1.64139,1.64159,1.00,1.50
2017.07.20 09:23:17.521,1.64141,1.64159,1.00,1.00
2017.07.20 09:23:18.503,1.64141,1.6416,1.00,1.00
2017.07.20 09:23:18.820,1.64138,1.64158,1.00,1.00
2017.07.20 09:23:18.922,1.64135,1.64158,1.00,1.00
2017.07.20 09:23:19.483,1.64131,1.64155,1.00,1.00
2017.07.20 09:23:19.819,1.64134,1.64155,1.00,1.00
2017.07.20 09:23:20.123,1.64122,1.64146,1.75,1.00
2017.07.20 09:23:20.225,1.64122,1.64146,1.50,1.00
2017.07.20 09:23:20.429,1.64117,1.64143,1.50,1.00
2017.07.20 09:23:21.021,1.64116,1.64144,3.00,1.00
2017.07.20 09:23:21.539,1.64116,1.64142,3.00,1.00
2017.07.20 09:23:21.692,1.64116,1.64142,1.50,1.00
2017.07.20 09:23:22.066,1.64117,1.64144,1.50,1.00
2017.07.20 09:23:24.563,1.64117,1.6414,1.00,1.00
2017.07.20 09:23:24.664,1.64117,1.64142,2.25,1.00
2017.07.20 09:23:24.977,1.64119,1.64145,1.00,1.00
2017.07.20 09:23:25.028,1.64118,1.64143,1.00,1.00
2017.07.20 09:23:27.138,1.64118,1.64134,1.00,1.00
2017.07.20 09:23:27.240,1.64111,1.64133,1.75,1.00
2017.07.20 09:23:27.341,1.64107,1.64132,1.37,1.00
2017.07.20 09:23:27.443,1.64106,1.64133,1.50,1.50
2017.07.20 09:23:27.558,1.64103,1.6413,1.09,1.00
2017.07.20 09:23:28.068,1.64106,1.64131,1.00,1.00
2017.07.20 09:23:28.277,1.64103,1.6413,1.00,1.50
2017.07.20 09:23:28.379,1.64105,1.64131,1.00,1.69
2017.07.20 09:23:28.582,1.64098,1.64124,1.12,1.50
2017.07.20 09:23:28.633,1.64095,1.64121,1.00,1.50
2017.07.20 09:23:29.158,1.64094,1.64121,1.00,1.87
2017.07.20 09:23:29.761,1.64095,1.6412,1.00,1.00
2017.07.20 09:23:30.309,1.64095,1.64121,1.00,1.87
2017.07.20 09:23:30.849,1.64094,1.64121,1.00,1.87
2017.07.20 09:23:32.002,1.64096,1.64121,1.00,1.12
2017.07.20 09:23:32.533,1.64096,1.6412,1.00,1.00
2017.07.20 09:23:33.138,1.64096,1.64121,1.00,1.12
2017.07.20 09:23:33.774,1.64095,1.6412,1.00,1.00
2017.07.20 09:23:34.276,1.64095,1.64121,1.00,1.12
2017.07.20 09:23:34.824,1.64095,1.6412,1.00,1.00
2017.07.20 09:23:35.565,1.64095,1.64121,1.00,1.87
2017.07.20 09:23:36.079,1.64095,1.6412,1.00,1.00
2017.07.20 09:23:36.825,1.64095,1.64121,1.00,1.87
2017.07.20 09:23:37.147,1.64082,1.64108,1.87,1.50
2017.07.20 09:23:37.743,1.64081,1.64107,1.09,1.00
2017.07.20 09:23:38.320,1.64082,1.64108,1.00,1.12
2017.07.20 09:23:38.682,1.64079,1.64107,1.00,1.69
2017.07.20 09:23:38.733,1.64079,1.64105,1.00,1.25
2017.07.20 09:23:38.835,1.64076,1.64104,1.50,2.06
2017.07.20 09:23:38.987,1.64076,1.64102,1.00,1.25
2017.07.20 09:23:39.738,1.64076,1.64103,1.00,1.25
2017.07.20 09:23:40.245,1.64076,1.64102,1.00,1.00
2017.07.20 09:23:40.748,1.64076,1.64103,1.50,1.50
2017.07.20 09:23:41.069,1.64066,1.64093,1.87,1.00
2017.07.20 09:23:41.373,1.6405,1.64066,1.22,1.00
2017.07.20 09:23:41.672,1.64037,1.64063,1.75,1.75
2017.07.20 09:23:41.774,1.64036,1.64066,2.62,1.00
2017.07.20 09:23:42.079,1.64038,1.64066,1.75,1.00
2017.07.20 09:23:42.360,1.64057,1.64081,2.21,1.12
2017.07.20 09:23:42.412,1.6406,1.64082,1.34,1.37
2017.07.20 09:23:42.464,1.64064,1.6409,1.01,1.37
2017.07.20 09:23:42.968,1.64069,1.64089,1.00,1.12
2017.07.20 09:23:43.278,1.64073,1.64093,1.00,1.00
2017.07.20 09:23:43.380,1.64073,1.64095,1.00,1.12
2017.07.20 09:23:43.532,1.64072,1.64089,1.00,1.00
2017.07.20 09:23:43.583,1.64065,1.64086,1.12,1.00
2017.07.20 09:23:43.871,1.64062,1.64087,1.00,1.00
2017.07.20 09:23:43.973,1.64064,1.64087,1.00,1.00
2017.07.20 09:23:44.074,1.64061,1.64088,1.50,1.00
2017.07.20 09:23:44.277,1.64063,1.6409,1.00,1.00
2017.07.20 09:23:44.896,1.64063,1.64089,1.00,1.00
2017.07.20 09:23:45.200,1.64062,1.64087,1.00,1.00
2017.07.20 09:23:45.505,1.64063,1.64083,1.00,1.00
2017.07.20 09:23:46.037,1.64063,1.64087,1.00,1.00
2017.07.20 09:23:46.291,1.6406,1.64086,1.00,1.00
2017.07.20 09:23:46.574,1.64058,1.64087,1.00,2.25
2017.07.20 09:23:46.625,1.64058,1.64084,1.00,1.00
2017.07.20 09:23:46.930,1.64057,1.64082,1.00,1.00
2017.07.20 09:23:47.184,1.64055,1.64081,1.00,1.00
2017.07.20 09:23:47.440,1.64054,1.64079,1.00,1.37
2017.07.20 09:23:47.880,1.64053,1.64074,1.00,1.00
2017.07.20 09:23:48.184,1.6405,1.64074,1.00,1.00
2017.07.20 09:23:48.686,1.64051,1.64074,1.00,1.00
2017.07.20 09:23:48.788,1.64052,1.64077,1.00,1.00
2017.07.20 09:23:48.889,1.64053,1.64079,1.00,1.00
2017.07.20 09:23:49.120,1.64056,1.6408,1.00,1.00
2017.07.20 09:23:49.622,1.64058,1.64079,1.00,1.00
2017.07.20 09:23:49.926,1.64067,1.64086,1.00,1.00
2017.07.20 09:23:50.249,1.64065,1.64082,1.00,1.00
2017.07.20 09:23:50.301,1.64057,1.64083,1.00,1.50
2017.07.20 09:23:50.504,1.64059,1.64082,1.00,1.00
2017.07.20 09:23:50.707,1.64055,1.64079,1.00,1.00
2017.07.20 09:23:51.288,1.64055,1.64078,1.00,1.50
2017.07.20 09:23:51.593,1.64053,1.64079,1.00,1.50
2017.07.20 09:23:51.847,1.64053,1.64073,1.00,1.00
2017.07.20 09:23:51.999,1.64049,1.6407,1.00,1.00
2017.07.20 09:23:52.151,1.64049,1.64073,1.00,1.00
2017.07.20 09:23:52.697,1.6405,1.64075,1.00,1.12
2017.07.20 09:23:52.800,1.64056,1.64078,1.00,2.25
2017.07.20 09:23:52.902,1.64056,1.64078,1.00,1.00
2017.07.20 09:23:53.679,1.64057,1.64079,1.00,1.00
2017.07.20 09:23:53.781,1.64053,1.64078,1.00,1.50
2017.07.20 09:23:53.933,1.64053,1.64074,1.00,1.00
2017.07.20 09:23:54.457,1.64052,1.64074,1.00,1.50
2017.07.20 09:23:55.090,1.64052,1.64075,1.00,1.12
2017.07.20 09:23:55.394,1.64056,1.64074,1.00,1.00
2017.07.20 09:23:55.496,1.64056,1.64078,1.00,1.00
2017.07.20 09:23:55.800,1.64058,1.64079,1.00,1.12
2017.07.20 09:23:56.326,1.64058,1.64078,1.00,1.00
2017.07.20 09:23:57.512,1.64061,1.64078,1.00,1.00
2017.07.20 09:23:57.614,1.64061,1.64082,1.00,1.12
2017.07.20 09:23:58.203,1.64061,1.64081,1.00,1.00
2017.07.20 09:23:58.724,1.6406,1.64081,1.00,1.00
2017.07.20 09:23:59.196,1.64064,1.64081,1.00,1.00
2017.07.20 09:23:59.400,1.64067,1.64091,1.00,1.37
2017.07.20 09:23:59.451,1.64067,1.64091,1.00,1.00
2017.07.20 09:23:59.553,1.64067,1.64089,1.00,1.00
2017.07.20 09:23:59.857,1.64065,1.64088,1.00,1.87
2017.07.20 09:23:59.907,1.6407,1.64088,1.00,1.12
2017.07.20 09:24:00.161,1.64071,1.64093,1.00,1.00
2017.07.20 09:24:00.705,1.64072,1.64094,1.00,1.50
2017.07.20 09:24:00.806,1.64072,1.64088,1.00,1.00
2017.07.20 09:24:00.909,1.6407,1.64088,1.00,1.00
2017.07.20 09:24:00.960,1.6407,1.64084,1.00,1.00
2017.07.20 09:24:01.012,1.64067,1.64084,1.00,1.50
2017.07.20 09:24:01.215,1.64066,1.64086,1.00,1.00
2017.07.20 09:24:01.316,1.6407,1.64089,1.00,1.37
2017.07.20 09:24:01.368,1.6407,1.64089,1.00,1.00
2017.07.20 09:24:01.646,1.64071,1.64094,1.00,1.00
2017.07.20 09:24:01.698,1.64074,1.64097,1.00,1.12
2017.07.20 09:24:02.003,1.64085,1.64108,1.00,1.00
2017.07.20 09:24:02.308,1.64075,1.64094,1.75,1.00
2017.07.20 09:24:02.359,1.6407,1.64088,2.25,1.00
2017.07.20 09:24:02.461,1.64068,1.64084,1.75,1.00
2017.07.20 09:24:02.563,1.64061,1.64078,1.00,1.00
2017.07.20 09:24:02.614,1.64057,1.64074,1.50,1.00
2017.07.20 09:24:02.665,1.64053,1.64074,1.75,1.00
2017.07.20 09:24:02.807,1.64049,1.64072,1.00,1.00
2017.07.20 09:24:03.349,1.6405,1.64073,1.00,1.50
2017.07.20 09:24:04.046,1.64049,1.64073,1.12,1.50
2017.07.20 09:24:04.404,1.64051,1.64073,1.00,1.00
2017.07.20 09:24:04.913,1.6405,1.64073,1.50,1.00
2017.07.20 09:24:05.222,1.64052,1.64078,1.00,1.00
2017.07.20 09:24:05.392,1.64054,1.64079,1.00,1.50
2017.07.20 09:24:05.707,1.64056,1.64079,1.00,1.50
2017.07.20 09:24:06.241,1.64057,1.64079,1.00,1.00
2017.07.20 09:24:06.794,1.64057,1.64083,1.00,2.62
2017.07.20 09:24:07.018,1.64059,1.64082,1.00,1.00
2017.07.20 09:24:07.476,1.64059,1.64078,1.00,1.00
2017.07.20 09:24:07.528,1.64059,1.64083,1.00,1.00
2017.07.20 09:24:07.579,1.64059,1.64085,1.00,1.00
2017.07.20 09:24:07.630,1.64062,1.64085,1.00,1.50
2017.07.20 09:24:08.139,1.64063,1.64085,1.00,1.00
2017.07.20 09:24:08.648,1.64064,1.64085,1.00,1.00
2017.07.20 09:24:09.166,1.64064,1.64086,1.00,1.00
2017.07.20 09:24:09.502,1.64066,1.64086,1.00,1.00
2017.07.20 09:24:10.009,1.64066,1.64085,1.00,1.00
2017.07.20 09:24:10.240,1.64065,1.6409,1.50,1.00
2017.07.20 09:24:10.291,1.6407,1.6409,1.00,1.00
2017.07.20 09:24:10.596,1.64076,1.64099,1.00,1.00
2017.07.20 09:24:11.135,1.64077,1.64098,1.00,1.00
2017.07.20 09:24:11.896,1.64074,1.64098,1.00,1.00
2017.07.20 09:24:11.999,1.64074,1.64095,1.00,1.00
2017.07.20 09:24:12.101,1.64068,1.64094,1.37,1.00
2017.07.20 09:24:12.203,1.64068,1.64092,1.00,1.00
2017.07.20 09:24:12.533,1.64066,1.64091,1.00,1.00
2017.07.20 09:24:13.154,1.64066,1.64092,1.00,1.12
2017.07.20 09:24:13.941,1.64067,1.64091,1.00,1.00
2017.07.20 09:24:14.104,1.64067,1.64091,1.34,1.00
2017.07.20 09:24:14.206,1.64076,1.64098,1.00,1.00
2017.07.20 09:24:14.257,1.64076,1.64101,1.00,1.37
2017.07.20 09:24:14.308,1.64076,1.64102,1.00,1.12
2017.07.20 09:24:14.868,1.64075,1.64101,1.00,1.00
2017.07.20 09:24:14.920,1.64075,1.64093,1.00,1.00
2017.07.20 09:24:14.971,1.64075,1.64097,1.00,1.00
2017.07.20 09:24:15.022,1.64078,1.641,1.00,1.00
2017.07.20 09:24:15.296,1.64083,1.64108,1.00,1.00
2017.07.20 09:24:15.802,1.64081,1.64108,1.00,1.00
2017.07.20 09:24:16.508,1.64081,1.64107,1.00,1.00
2017.07.20 09:24:17.006,1.64083,1.64108,1.00,1.00
2017.07.20 09:24:17.310,1.64079,1.64101,1.00,1.00
2017.07.20 09:24:17.816,1.6408,1.64102,1.00,1.37
2017.07.20 09:24:18.367,1.64081,1.64102,1.00,1.37
2017.07.20 09:24:18.626,1.64078,1.64102,1.00,1.37
2017.07.20 09:24:19.653,1.64086,1.64107,1.00,1.75
2017.07.20 09:24:19.755,1.64088,1.64111,1.00,1.75
2017.07.20 09:24:19.857,1.64088,1.64111,1.00,1.00
2017.07.20 09:24:19.908,1.6409,1.64111,1.00,1.00
2017.07.20 09:24:20.162,1.6409,1.64113,1.00,1.00
2017.07.20 09:24:20.365,1.6409,1.64116,1.00,1.50
2017.07.20 09:24:20.416,1.64092,1.64115,1.00,1.12
2017.07.20 09:24:21.742,1.64091,1.64115,1.00,1.12
2017.07.20 09:24:22.119,1.64093,1.64115,1.00,1.12
2017.07.20 09:24:22.385,1.64091,1.64116,1.00,1.50
2017.07.20 09:24:22.436,1.64091,1.64115,1.34,1.12
2017.07.20 09:24:22.741,1.64096,1.64121,1.00,1.00
2017.07.20 09:24:23.045,1.64093,1.64121,1.34,1.50
2017.07.20 09:24:23.646,1.64094,1.64116,1.09,1.00
2017.07.20 09:24:24.174,1.64095,1.64115,1.00,1.00
2017.07.20 09:24:24.681,1.64095,1.64116,1.00,1.12
2017.07.20 09:24:25.345,1.64094,1.64116,1.00,1.12
2017.07.20 09:24:25.852,1.64095,1.64116,1.00,1.12
2017.07.20 09:24:26.563,1.64095,1.64115,1.00,1.00
2017.07.20 09:24:26.614,1.64093,1.64116,1.00,1.12
2017.07.20 09:24:27.133,1.64096,1.64121,1.00,1.75
2017.07.20 09:24:27.235,1.64096,1.64123,1.00,1.75
2017.07.20 09:24:27.337,1.64096,1.64123,1.00,1.75
2017.07.20 09:24:27.774,1.64093,1.64119,1.00,1.00
2017.07.20 09:24:28.027,1.64095,1.64119,1.00,1.00
2017.07.20 09:24:28.129,1.64093,1.64119,1.00,2.25
2017.07.20 09:24:28.180,1.64093,1.64118,1.00,1.37
2017.07.20 09:24:28.333,1.64091,1.64118,1.00,2.25
2017.07.20 09:24:28.738,1.64093,1.64118,1.00,1.50
2017.07.20 09:24:29.131,1.6409,1.64115,1.00,1.00
2017.07.20 09:24:29.675,1.6409,1.64117,1.00,1.37
2017.07.20 09:24:29.827,1.64092,1.64117,1.00,1.37
2017.07.20 09:24:30.355,1.64093,1.64118,1.00,1.50
2017.07.20 09:24:30.721,1.6409,1.64117,1.50,1.37
2017.07.20 09:24:30.965,1.64092,1.64119,1.00,3.00
2017.07.20 09:24:31.526,1.64091,1.64115,1.00,1.00
2017.07.20 09:24:32.038,1.64091,1.64116,1.00,1.87
2017.07.20 09:24:32.657,1.64091,1.64115,1.00,1.00
2017.07.20 09:24:33.175,1.64091,1.64116,1.00,1.87
2017.07.20 09:24:34.320,1.64091,1.64115,1.00,1.00
2017.07.20 09:24:34.911,1.64091,1.64116,1.00,1.87
2017.07.20 09:24:35.064,1.64087,1.64114,1.00,2.25
2017.07.20 09:24:35.115,1.64087,1.64106,1.00,1.00
2017.07.20 09:24:35.277,1.64083,1.64106,1.37,1.00
2017.07.20 09:24:35.379,1.64084,1.6411,1.00,1.37
2017.07.20 09:24:35.430,1.6409,1.64111,1.00,1.00
2017.07.20 09:24:35.532,1.6409,1.64113,1.00,1.50
2017.07.20 09:24:36.059,1.64091,1.64114,1.00,1.00
2017.07.20 09:24:36.578,1.64092,1.64114,1.00,1.00
2017.07.20 09:24:36.629,1.64094,1.64114,1.00,1.50
2017.07.20 09:24:37.162,1.64093,1.64113,1.00,1.00
2017.07.20 09:24:37.726,1.64092,1.64113,1.00,1.00
2017.07.20 09:24:38.250,1.64092,1.64114,1.00,1.00
2017.07.20 09:24:38.795,1.64093,1.64113,1.00,1.00
2017.07.20 09:24:39.787,1.64093,1.64114,1.00,1.00
2017.07.20 09:24:40.328,1.64093,1.64113,1.00,1.00
2017.07.20 09:24:40.853,1.64093,1.64114,1.00,1.00
2017.07.20 09:24:41.834,1.64093,1.64113,1.00,1.00
2017.07.20 09:24:42.337,1.64093,1.64114,1.00,1.00
2017.07.20 09:24:42.853,1.64093,1.64119,1.00,1.75
2017.07.20 09:24:43.029,1.64093,1.64119,1.00,1.00
2017.07.20 09:24:43.636,1.64092,1.64118,1.00,1.00
2017.07.20 09:24:44.242,1.6409,1.64113,1.00,1.00
2017.07.20 09:24:44.394,1.64088,1.64113,1.12,1.87
2017.07.20 09:24:44.927,1.64087,1.64113,1.00,1.87
2017.07.20 09:24:45.485,1.64087,1.64112,1.00,1.00
2017.07.20 09:24:46.000,1.64086,1.64112,1.00,1.00
2017.07.20 09:24:46.519,1.64086,1.64113,1.00,1.12
2017.07.20 09:24:47.296,1.64086,1.64112,1.00,1.00
2017.07.20 09:24:47.449,1.64088,1.64113,1.00,1.87
2017.07.20 09:24:47.854,1.64092,1.64114,1.00,1.00
2017.07.20 09:24:48.172,1.64092,1.64116,1.00,1.00
2017.07.20 09:24:48.223,1.64094,1.64117,1.34,1.12
2017.07.20 09:24:48.575,1.641,1.64126,1.00,1.00
2017.07.20 09:24:48.779,1.64105,1.64127,1.00,1.00
2017.07.20 09:24:49.083,1.64109,1.64129,1.50,1.00
2017.07.20 09:24:50.078,1.64109,1.64133,1.00,1.00
2017.07.20 09:24:50.181,1.64107,1.64132,1.00,1.00
2017.07.20 09:24:50.348,1.64108,1.64129,1.00,1.00
2017.07.20 09:24:50.450,1.64105,1.64129,1.50,1.00
2017.07.20 09:24:50.653,1.64105,1.64123,1.00,1.00
2017.07.20 09:24:50.907,1.64105,1.64128,1.00,1.00
2017.07.20 09:24:51.009,1.64104,1.64131,1.50,1.00
2017.07.20 09:24:51.060,1.64111,1.64134,1.00,1.50
2017.07.20 09:24:51.259,1.64112,1.64138,1.00,1.20
2017.07.20 09:24:51.767,1.64112,1.64137,1.00,1.57
2017.07.20 09:24:52.735,1.64112,1.64129,1.00,1.00
2017.07.20 09:24:52.786,1.64109,1.64129,1.00,1.00
2017.07.20 09:24:52.837,1.64106,1.64132,2.44,1.00
2017.07.20 09:24:52.888,1.64104,1.64133,1.37,1.50
2017.07.20 09:24:52.939,1.6411,1.64133,1.00,1.00
2017.07.20 09:24:52.990,1.6411,1.64136,1.00,1.37
2017.07.20 09:24:53.092,1.6411,1.64138,1.00,1.07
2017.07.20 09:24:53.194,1.6411,1.64134,1.00,1.00
2017.07.20 09:24:53.404,1.64104,1.6413,1.00,1.00
2017.07.20 09:24:53.455,1.64105,1.64132,1.00,1.87
2017.07.20 09:24:53.607,1.64103,1.64131,1.25,1.00
2017.07.20 09:24:54.131,1.64103,1.64132,1.25,1.87
2017.07.20 09:24:54.660,1.64104,1.64131,1.00,1.00
2017.07.20 09:24:55.066,1.64101,1.64132,1.87,2.62
2017.07.20 09:24:55.422,1.64102,1.64131,1.19,1.00
2017.07.20 09:24:55.726,1.64105,1.64131,1.00,1.00
2017.07.20 09:24:56.309,1.6411,1.64132,1.50,1.12
2017.07.20 09:24:56.411,1.64111,1.6414,1.00,1.45
2017.07.20 09:24:56.462,1.64113,1.6414,1.00,1.07
2017.07.20 09:24:56.766,1.64111,1.64138,1.00,1.07
2017.07.20 09:24:56.817,1.64109,1.64133,1.12,1.00
2017.07.20 09:24:56.969,1.64105,1.64131,1.50,1.50
2017.07.20 09:24:57.786,1.64104,1.64131,1.50,1.00
2017.07.20 09:24:57.989,1.64104,1.64134,1.50,1.50
2017.07.20 09:24:58.091,1.64105,1.64131,1.00,1.00
2017.07.20 09:24:58.295,1.64102,1.64129,1.00,1.00
2017.07.20 09:24:58.826,1.64101,1.64129,1.00,1.00
2017.07.20 09:24:59.371,1.641,1.64129,1.00,1.00
2017.07.20 09:24:59.887,1.641,1.64128,1.00,1.50
2017.07.20 09:25:00.393,1.641,1.64127,1.00,1.00
2017.07.20 09:25:00.444,1.64098,1.64123,1.50,1.00
2017.07.20 09:25:00.736,1.64092,1.6412,1.00,1.00
2017.07.20 09:25:00.787,1.64092,1.64118,1.00,1.00
2017.07.20 09:25:00.991,1.64091,1.6412,1.00,1.50
2017.07.20 09:25:01.041,1.64092,1.6412,1.19,2.25
2017.07.20 09:25:01.397,1.64098,1.64126,1.00,1.00
2017.07.20 09:25:01.883,1.64097,1.64125,1.50,1.75
2017.07.20 09:25:01.934,1.64095,1.64121,1.00,1.00
2017.07.20 09:25:02.390,1.64092,1.6412,2.25,1.00
2017.07.20 09:25:02.984,1.64093,1.6412,1.00,1.50
2017.07.20 09:25:03.394,1.64088,1.64116,1.84,1.00
2017.07.20 09:25:03.597,1.64087,1.64116,2.02,1.12
2017.07.20 09:25:04.309,1.64087,1.64115,2.77,1.00
2017.07.20 09:25:05.146,1.64087,1.64116,2.02,1.12
2017.07.20 09:25:06.904,1.64087,1.64115,2.77,1.00
2017.07.20 09:25:07.421,1.64089,1.64116,1.00,1.12
2017.07.20 09:25:08.360,1.64089,1.64115,1.00,1.00
2017.07.20 09:25:08.815,1.64087,1.64116,1.00,1.12
2017.07.20 09:25:08.866,1.64087,1.64109,1.00,1.00
2017.07.20 09:25:08.968,1.64083,1.6411,1.37,1.00
2017.07.20 09:25:09.019,1.64081,1.6411,2.44,1.00
2017.07.20 09:25:09.070,1.64082,1.6411,1.19,1.00
2017.07.20 09:25:09.374,1.64087,1.64114,1.00,1.75
2017.07.20 09:25:09.476,1.64087,1.64114,1.00,1.12
2017.07.20 09:25:10.021,1.64088,1.64114,1.00,1.12
2017.07.20 09:25:10.282,1.64086,1.64114,1.69,1.87
2017.07.20 09:25:10.334,1.64086,1.64111,1.25,1.00
2017.07.20 09:25:10.639,1.64089,1.64115,1.00,1.50
2017.07.20 09:25:10.963,1.64091,1.64115,1.00,1.50
2017.07.20 09:25:11.489,1.6409,1.64114,1.00,1.12
2017.07.20 09:25:11.692,1.64087,1.64114,1.00,1.87
2017.07.20 09:25:14.832,1.64087,1.64113,1.00,1.00
2017.07.20 09:25:15.346,1.64088,1.64113,1.00,1.00
2017.07.20 09:25:15.499,1.6409,1.64114,1.00,1.00
2017.07.20 09:25:15.652,1.6409,1.64119,1.50,3.00
2017.07.20 09:25:15.909,1.64092,1.64119,1.00,3.00
2017.07.20 09:25:16.807,1.64093,1.64119,1.00,3.00
2017.07.20 09:25:17.072,1.64093,1.64119,1.00,1.87
2017.07.20 09:25:17.124,1.64098,1.64125,1.50,1.50
2017.07.20 09:25:17.226,1.64101,1.64128,1.00,1.00
2017.07.20 09:25:17.732,1.64101,1.64129,1.00,2.25
2017.07.20 09:25:18.319,1.64099,1.64128,1.50,1.00
2017.07.20 09:25:18.504,1.64099,1.64124,1.00,1.00
2017.07.20 09:25:18.808,1.64096,1.64124,1.50,1.00
2017.07.20 09:25:19.352,1.64097,1.64125,1.00,1.50
2017.07.20 09:25:20.191,1.64097,1.64124,1.00,1.00
2017.07.20 09:25:20.715,1.64097,1.64125,1.00,1.00
2017.07.20 09:25:21.230,1.64098,1.64124,1.00,1.00
2017.07.20 09:25:21.433,1.64096,1.64124,1.00,1.00
2017.07.20 09:25:22.156,1.64095,1.64124,1.00,1.00
2017.07.20 09:25:22.623,1.64094,1.6412,1.00,1.00
2017.07.20 09:25:22.826,1.64091,1.6412,1.69,1.00
2017.07.20 09:25:23.526,1.64091,1.64119,2.44,1.00
2017.07.20 09:25:24.155,1.64091,1.6412,1.00,1.00
2017.07.20 09:25:24.257,1.64094,1.64122,1.69,1.00
2017.07.20 09:25:24.618,1.64096,1.64122,1.00,1.00
2017.07.20 09:25:24.856,1.64094,1.64122,1.69,1.00
2017.07.20 09:25:24.907,1.64094,1.64124,2.44,1.00
2017.07.20 09:25:25.317,1.64098,1.64123,1.00,1.00
2017.07.20 09:25:25.519,1.64098,1.64128,1.00,4.50
2017.07.20 09:25:26.116,1.64099,1.64127,1.00,1.87
2017.07.20 09:25:26.386,1.64101,1.64127,1.00,1.12
2017.07.20 09:25:26.640,1.6411,1.64139,1.87,1.57
2017.07.20 09:25:27.096,1.6411,1.64133,1.12,1.00
2017.07.20 09:25:27.268,1.6411,1.64139,1.12,1.57
2017.07.20 09:25:27.319,1.64108,1.64134,1.75,1.50
2017.07.20 09:25:27.726,1.64112,1.64134,1.00,1.00
2017.07.20 09:25:28.273,1.64113,1.64134,1.00,1.00
2017.07.20 09:25:28.936,1.64113,1.64135,1.00,1.12
2017.07.20 09:25:29.671,1.64113,1.64138,1.00,1.45
2017.07.20 09:25:30.049,1.64113,1.64128,1.00,1.00
2017.07.20 09:25:30.151,1.64105,1.64128,1.75,1.50
2017.07.20 09:25:30.253,1.64105,1.64128,1.00,1.50
2017.07.20 09:25:30.456,1.64102,1.64128,1.00,1.00
2017.07.20 09:25:30.557,1.641,1.64121,1.00,1.00
2017.07.20 09:25:30.771,1.64097,1.64121,1.00,1.00
2017.07.20 09:25:30.925,1.64097,1.64124,1.00,1.50
2017.07.20 09:25:31.157,1.641,1.6412,1.00,1.00
2017.07.20 09:25:31.258,1.64098,1.64121,1.00,1.00
2017.07.20 09:25:31.654,1.64095,1.64119,1.00,1.00
2017.07.20 09:25:31.705,1.64095,1.64117,1.00,1.00
2017.07.20 09:25:31.756,1.64091,1.64114,1.12,1.00
2017.07.20 09:25:32.262,1.64091,1.64113,1.00,1.00
2017.07.20 09:25:32.363,1.64089,1.64114,1.00,1.87
2017.07.20 09:25:32.639,1.64086,1.64114,1.00,1.12
2017.07.20 09:25:33.046,1.6409,1.64114,1.00,1.87
2017.07.20 09:25:33.147,1.64088,1.64114,1.00,1.87
2017.07.20 09:25:33.654,1.64087,1.64113,1.00,1.00
2017.07.20 09:25:34.290,1.64087,1.64114,1.00,1.87
2017.07.20 09:25:35.103,1.64087,1.64113,1.00,1.00
2017.07.20 09:25:35.571,1.6409,1.64114,1.00,1.87
2017.07.20 09:25:35.764,1.64088,1.64114,1.00,1.87
2017.07.20 09:25:36.521,1.64088,1.64113,1.00,1.00
2017.07.20 09:25:37.939,1.64094,1.64114,1.00,1.12
2017.07.20 09:25:38.142,1.64097,1.64123,1.00,1.00
2017.07.20 09:25:38.675,1.64098,1.64123,1.00,1.50
2017.07.20 09:25:41.680,1.64097,1.64123,1.00,1.50
2017.07.20 09:25:42.250,1.64096,1.64124,1.00,2.62
2017.07.20 09:25:42.780,1.64094,1.64122,1.50,1.00
2017.07.20 09:25:43.452,1.64094,1.64119,1.00,1.00
2017.07.20 09:25:43.989,1.64096,1.64119,1.00,1.00
2017.07.20 09:25:44.236,1.64096,1.64124,1.00,2.62
2017.07.20 09:25:44.287,1.64098,1.64124,1.00,1.87
2017.07.20 09:25:44.666,1.64101,1.64124,1.00,1.87
2017.07.20 09:25:45.198,1.64101,1.64123,1.00,1.00
2017.07.20 09:25:45.732,1.64101,1.64124,1.00,1.87
2017.07.20 09:25:46.281,1.64101,1.64123,1.00,1.50
2017.07.20 09:25:50.243,1.64101,1.64124,1.00,1.87
2017.07.20 09:25:50.294,1.64097,1.64123,1.00,1.00
2017.07.20 09:25:51.041,1.64098,1.64123,1.00,1.50
2017.07.20 09:25:51.371,1.64096,1.64123,1.50,1.00
2017.07.20 09:25:52.977,1.64095,1.64123,1.50,1.00
2017.07.20 09:25:53.079,1.64094,1.64122,1.00,1.19
2017.07.20 09:25:53.591,1.64094,1.64122,1.00,1.25
2017.07.20 09:25:54.241,1.64093,1.64123,1.87,2.81
2017.07.20 09:25:54.791,1.64094,1.64122,1.00,1.19
2017.07.20 09:25:56.036,1.64093,1.6412,1.87,1.00
2017.07.20 09:25:56.340,1.64091,1.64117,1.00,1.00
2017.07.20 09:25:56.962,1.64092,1.64117,1.00,1.00
2017.07.20 09:25:57.521,1.64092,1.64116,1.00,1.00
2017.07.20 09:25:57.810,1.64089,1.64116,1.00,1.00
2017.07.20 09:25:58.728,1.6409,1.64117,1.00,1.00
2017.07.20 09:25:59.282,1.64089,1.64117,1.00,1.00
2017.07.20 09:26:00.050,1.6409,1.64117,1.00,1.00
2017.07.20 09:26:00.304,1.64095,1.64117,1.00,1.00
2017.07.20 09:26:00.565,1.64094,1.64122,1.87,1.00
2017.07.20 09:26:00.666,1.64094,1.64124,2.62,3.37
2017.07.20 09:26:01.244,1.64095,1.64123,2.25,1.00
2017.07.20 09:26:01.550,1.64095,1.64118,1.50,1.00
2017.07.20 09:26:01.652,1.64095,1.64123,1.50,1.50
2017.07.20 09:26:01.805,1.64098,1.64123,1.00,1.00
2017.07.20 09:26:02.045,1.64096,1.64123,1.00,1.00
2017.07.20 09:26:02.301,1.64098,1.64123,1.00,1.00
2017.07.20 09:26:03.360,1.64097,1.64124,1.00,2.62
2017.07.20 09:26:03.466,1.64095,1.64124,1.00,2.62
2017.07.20 09:26:03.880,1.64098,1.64123,1.00,1.00
2017.07.20 09:26:04.185,1.641,1.64124,1.00,1.12
2017.07.20 09:26:04.489,1.64103,1.64127,1.00,1.75
2017.07.20 09:26:04.590,1.64103,1.64127,1.00,1.37
2017.07.20 09:26:04.901,1.64103,1.64128,1.00,1.12
2017.07.20 09:26:05.461,1.64103,1.64127,1.00,1.00
2017.07.20 09:26:05.885,1.64105,1.64127,1.00,1.00
2017.07.20 09:26:06.540,1.64105,1.64128,1.00,1.12
2017.07.20 09:26:08.737,1.64105,1.64127,1.00,1.00
2017.07.20 09:26:09.274,1.64105,1.64128,1.00,1.12
2017.07.20 09:26:09.798,1.64105,1.64127,1.00,1.00
2017.07.20 09:26:10.368,1.64105,1.64128,1.00,1.87
2017.07.20 09:26:12.100,1.64105,1.64127,1.00,1.00
2017.07.20 09:26:13.278,1.64104,1.64127,1.00,1.00
2017.07.20 09:26:13.680,1.64108,1.64132,1.00,1.50
2017.07.20 09:26:13.731,1.64108,1.64132,1.00,1.12
2017.07.20 09:26:14.093,1.64116,1.64137,1.00,2.32
2017.07.20 09:26:14.318,1.64115,1.64138,1.00,1.07
2017.07.20 09:26:15.105,1.64116,1.64138,1.00,1.07
2017.07.20 09:26:15.462,1.64115,1.64133,1.00,1.00
2017.07.20 09:26:15.615,1.64111,1.64133,1.00,1.50
2017.07.20 09:26:15.818,1.64108,1.64133,1.00,1.50
2017.07.20 09:26:16.453,1.64108,1.64133,1.00,1.12
2017.07.20 09:26:16.606,1.6411,1.64134,1.00,1.50
2017.07.20 09:26:17.625,1.64113,1.64133,1.00,1.00
2017.07.20 09:26:17.830,1.64109,1.64133,1.00,1.00
2017.07.20 09:26:18.311,1.64111,1.64133,1.00,1.00
2017.07.20 09:26:19.494,1.64107,1.64133,1.00,1.00
2017.07.20 09:26:19.596,1.64106,1.64131,1.50,1.00
2017.07.20 09:26:20.032,1.64106,1.64128,1.00,1.00
2017.07.20 09:26:20.560,1.64105,1.64128,1.50,1.00
2017.07.20 09:26:24.704,1.64105,1.64129,1.00,1.00
2017.07.20 09:26:25.055,1.64105,1.64124,1.00,1.00
2017.07.20 09:26:25.375,1.64095,1.64118,1.00,1.00
2017.07.20 09:26:25.426,1.64095,1.64122,1.00,1.50
2017.07.20 09:26:25.528,1.64097,1.64123,1.00,1.37
2017.07.20 09:26:25.832,1.64097,1.64118,1.00,1.00
2017.07.20 09:26:26.446,1.64097,1.64122,1.00,1.00
2017.07.20 09:26:27.034,1.64095,1.64122,1.00,1.00
2017.07.20 09:26:27.136,1.64095,1.6412,1.00,1.00
2017.07.20 09:26:27.338,1.64095,1.64122,1.00,1.00
2017.07.20 09:26:27.511,1.64099,1.64123,1.00,1.00
2017.07.20 09:26:28.149,1.641,1.64123,1.00,1.00
2017.07.20 09:26:28.711,1.64098,1.64123,1.00,1.50
2017.07.20 09:26:28.813,1.64101,1.64125,1.00,1.00
2017.07.20 09:26:29.117,1.64104,1.64128,1.00,1.87
2017.07.20 09:26:29.904,1.64101,1.64123,1.00,1.00
2017.07.20 09:26:30.516,1.64101,1.64124,1.00,1.00
2017.07.20 09:26:31.131,1.64102,1.64123,1.00,1.00
2017.07.20 09:26:36.452,1.641,1.64123,1.00,1.00
2017.07.20 09:26:36.986,1.64099,1.64124,1.50,1.00
2017.07.20 09:26:37.614,1.641,1.64124,1.00,1.50
2017.07.20 09:26:40.858,1.64102,1.64124,1.00,1.00
2017.07.20 09:26:41.390,1.64101,1.64124,1.00,1.50
2017.07.20 09:26:42.819,1.641,1.64125,1.00,1.00
2017.07.20 09:26:43.330,1.64101,1.64124,1.00,1.00
2017.07.20 09:26:43.881,1.64101,1.64125,1.00,1.00
2017.07.20 09:26:44.530,1.64101,1.64124,1.00,1.00
2017.07.20 09:26:45.106,1.64101,1.64125,1.00,1.00
2017.07.20 09:26:45.615,1.64101,1.64124,1.00,1.00
2017.07.20 09:26:46.233,1.641,1.64125,1.00,1.50
2017.07.20 09:26:46.761,1.641,1.64124,1.00,1.00
2017.07.20 09:26:47.285,1.641,1.64125,1.00,1.50
2017.07.20 09:26:48.063,1.64101,1.64125,1.00,1.00
2017.07.20 09:26:48.669,1.64101,1.64124,1.00,1.00
2017.07.20 09:26:49.339,1.64101,1.64125,1.50,1.00
2017.07.20 09:26:49.654,1.64101,1.64128,1.50,1.00
2017.07.20 09:26:49.928,1.641,1.64126,1.12,1.00
2017.07.20 09:26:50.688,1.64101,1.64126,1.00,1.00
2017.07.20 09:26:51.827,1.64101,1.64128,1.50,1.00
2017.07.20 09:26:52.760,1.64102,1.64129,1.00,3.00
2017.07.20 09:26:53.503,1.64103,1.64129,1.00,1.00
2017.07.20 09:26:53.605,1.64101,1.64128,1.00,1.50
2017.07.20 09:26:54.262,1.64101,1.64126,1.50,1.00
2017.07.20 09:26:57.359,1.64101,1.64128,1.00,1.50
2017.07.20 09:26:57.670,1.64103,1.64128,1.00,1.50
2017.07.20 09:27:00.667,1.64106,1.64129,1.34,1.00
2017.07.20 09:27:00.820,1.64106,1.64132,1.00,1.50
2017.07.20 09:27:01.149,1.64106,1.64132,1.12,1.00
2017.07.20 09:27:01.657,1.64105,1.64131,1.00,1.00
2017.07.20 09:27:02.197,1.64106,1.64131,1.00,1.00
2017.07.20 09:27:02.704,1.64106,1.6413,1.84,1.00
2017.07.20 09:27:03.271,1.64105,1.64129,2.59,1.00
2017.07.20 09:27:05.988,1.64105,1.64127,1.34,1.00
2017.07.20 09:27:10.250,1.64106,1.64129,1.34,1.00
2017.07.20 09:27:11.998,1.64106,1.64127,1.34,1.00
2017.07.20 09:27:14.632,1.64105,1.64127,4.09,1.00
2017.07.20 09:27:15.242,1.64105,1.64126,1.84,1.00
2017.07.20 09:27:16.558,1.64105,1.64128,1.84,1.00
2017.07.20 09:27:16.762,1.64105,1.6413,4.09,1.50
2017.07.20 09:27:17.057,1.64105,1.64128,3.34,1.00
2017.07.20 09:27:17.601,1.64106,1.64127,1.84,1.00
2017.07.20 09:27:18.999,1.64102,1.64127,1.84,1.00
2017.07.20 09:27:24.535,1.64102,1.64127,2.59,1.00
2017.07.20 09:27:24.687,1.64102,1.64129,3.34,1.00
2017.07.20 09:27:24.890,1.64104,1.64131,1.09,1.50
2017.07.20 09:27:25.295,1.64102,1.64129,2.96,1.00
2017.07.20 09:27:28.175,1.64102,1.64128,4.46,1.00
2017.07.20 09:27:29.520,1.64102,1.64126,2.59,1.00
2017.07.20 09:27:30.427,1.64102,1.64127,3.34,1.00
2017.07.20 09:27:31.691,1.64109,1.64126,1.84,1.00
2017.07.20 09:27:32.620,1.64109,1.64127,1.84,1.00
2017.07.20 09:27:33.624,1.64109,1.64126,1.84,1.00
2017.07.20 09:27:38.754,1.64103,1.64127,3.34,1.50
2017.07.20 09:27:41.574,1.64101,1.64127,1.34,1.50
2017.07.20 09:27:45.349,1.641,1.64125,1.84,1.00
2017.07.20 09:27:46.417,1.64099,1.64124,2.59,1.00
2017.07.20 09:27:46.468,1.64099,1.64121,1.34,1.00
2017.07.20 09:27:46.679,1.64093,1.64116,1.84,1.00
2017.07.20 09:27:46.831,1.64093,1.64114,1.84,1.00
2017.07.20 09:27:47.802,1.64093,1.64115,1.84,1.00
2017.07.20 09:27:48.589,1.64093,1.64114,2.59,1.00
2017.07.20 09:27:49.122,1.64093,1.64115,2.59,1.00
2017.07.20 09:27:49.969,1.64093,1.64114,2.59,1.00
2017.07.20 09:27:50.749,1.64093,1.64115,2.59,1.00
2017.07.20 09:27:51.299,1.64093,1.64114,1.84,1.00
2017.07.20 09:27:51.992,1.64093,1.64115,2.77,1.00
2017.07.20 09:27:53.037,1.64093,1.64114,2.77,1.00
2017.07.20 09:27:54.117,1.64093,1.64115,1.27,1.00
2017.07.20 09:27:54.800,1.64095,1.64115,1.00,1.00
2017.07.20 09:27:55.169,1.64093,1.64114,2.02,1.00
2017.07.20 09:27:55.688,1.64092,1.64115,2.59,1.00
2017.07.20 09:27:56.669,1.64092,1.64114,1.84,1.00
2017.07.20 09:27:57.012,1.64089,1.64113,1.09,1.00
2017.07.20 09:27:57.065,1.64089,1.64107,1.09,1.00
2017.07.20 09:27:57.167,1.64086,1.64108,1.00,1.50
2017.07.20 09:27:57.218,1.64083,1.64107,1.09,1.00
2017.07.20 09:27:57.370,1.64083,1.64103,1.00,1.00
2017.07.20 09:27:57.421,1.64081,1.64103,1.09,1.00
2017.07.20 09:27:57.953,1.64078,1.64104,1.84,2.25
2017.07.20 09:27:58.531,1.64078,1.64103,1.84,1.00
2017.07.20 09:27:59.043,1.64078,1.64104,1.84,1.50
2017.07.20 09:27:59.550,1.64078,1.64103,1.84,1.00
2017.07.20 09:28:00.067,1.64078,1.64104,1.84,1.50
2017.07.20 09:28:01.429,1.64078,1.64103,1.84,1.00
2017.07.20 09:28:02.026,1.64078,1.64104,1.84,2.25
2017.07.20 09:28:02.573,1.64078,1.64103,1.84,1.00
2017.07.20 09:28:03.313,1.64078,1.64101,1.84,1.00
2017.07.20 09:28:03.364,1.64076,1.64101,1.09,1.00
2017.07.20 09:28:04.020,1.64073,1.641,3.34,1.00
2017.07.20 09:28:05.661,1.64078,1.641,1.84,1.00
2017.07.20 09:28:05.915,1.64084,1.6411,1.84,1.00
2017.07.20 09:28:05.966,1.64083,1.64109,1.34,1.00
2017.07.20 09:28:06.068,1.64085,1.64109,1.34,1.00
2017.07.20 09:28:06.170,1.64088,1.64114,1.25,2.62
2017.07.20 09:28:06.761,1.64086,1.64113,2.21,1.50
2017.07.20 09:28:07.639,1.64087,1.64113,1.00,1.50
2017.07.20 09:28:08.204,1.64086,1.64113,2.21,1.00
2017.07.20 09:28:09.010,1.64087,1.64113,1.00,1.50
2017.07.20 09:28:09.447,1.64088,1.64113,3.34,1.00
2017.07.20 09:28:09.548,1.6409,1.64115,1.59,1.00
2017.07.20 09:28:10.088,1.64091,1.64116,1.27,2.62
2017.07.20 09:28:10.620,1.64092,1.64116,1.00,1.12
2017.07.20 09:28:11.166,1.64092,1.64115,1.00,1.00
2017.07.20 09:28:11.699,1.64092,1.64116,1.00,1.12
2017.07.20 09:28:13.600,1.64092,1.64115,1.00,1.00
2017.07.20 09:28:14.313,1.64092,1.64116,1.00,1.12
2017.07.20 09:28:17.064,1.64092,1.64115,1.00,1.00
2017.07.20 09:28:17.586,1.64092,1.64116,1.00,1.12
2017.07.20 09:28:18.129,1.64089,1.64116,2.59,1.12
2017.07.20 09:28:18.440,1.64095,1.64115,1.84,1.00
2017.07.20 09:28:18.673,1.64102,1.64125,1.84,1.50
2017.07.20 09:28:20.720,1.64102,1.64126,2.59,1.00
2017.07.20 09:28:21.545,1.64102,1.64125,2.59,1.00
2017.07.20 09:28:22.551,1.64102,1.64126,2.59,1.00
2017.07.20 09:28:23.459,1.64102,1.64125,2.59,1.00
2017.07.20 09:28:23.713,1.64102,1.64126,1.00,1.50
2017.07.20 09:28:23.764,1.64097,1.64121,1.34,1.00
2017.07.20 09:28:23.815,1.64096,1.64121,1.00,1.00
2017.07.20 09:28:23.866,1.64095,1.64119,1.00,1.00
2017.07.20 09:28:24.415,1.64095,1.6412,1.50,1.00
2017.07.20 09:28:25.031,1.64095,1.64119,1.50,1.00
2017.07.20 09:28:25.566,1.64092,1.64119,1.84,1.50
2017.07.20 09:28:25.901,1.64093,1.64115,1.34,1.00
2017.07.20 09:28:27.243,1.64097,1.64119,1.84,1.00
2017.07.20 09:28:27.395,1.64098,1.64123,1.84,1.00
2017.07.20 09:28:28.783,1.64099,1.64126,1.34,1.00
2017.07.20 09:28:29.590,1.64101,1.64126,1.50,1.00
2017.07.20 09:28:29.641,1.64102,1.64126,3.34,1.50
2017.07.20 09:28:29.965,1.64107,1.64131,1.84,1.50
2017.07.20 09:28:31.849,1.64106,1.64131,1.00,1.50
2017.07.20 09:28:32.001,1.64106,1.64127,1.00,1.00
2017.07.20 09:28:32.052,1.64102,1.64127,1.09,1.00
2017.07.20 09:28:32.103,1.64102,1.64124,1.09,1.00
2017.07.20 09:28:32.827,1.64098,1.64123,1.00,1.50
2017.07.20 09:28:32.878,1.64095,1.64119,1.31,1.00
2017.07.20 09:28:33.182,1.64093,1.64117,1.09,1.00
2017.07.20 09:28:33.610,1.64094,1.64119,1.00,1.50
2017.07.20 09:28:33.712,1.64094,1.64119,1.84,1.00
2017.07.20 09:28:34.239,1.64096,1.64122,1.34,1.75
2017.07.20 09:28:35.319,1.64096,1.64121,1.34,1.00
2017.07.20 09:28:35.832,1.64095,1.6412,1.00,1.00
2017.07.20 09:28:36.474,1.64096,1.64121,1.00,1.00
2017.07.20 09:28:36.989,1.64095,1.6412,1.09,1.00
2017.07.20 09:28:37.040,1.64095,1.64118,1.00,1.00
2017.07.20 09:28:37.142,1.64095,1.6412,1.00,1.00
2017.07.20 09:28:37.649,1.64093,1.64119,1.84,1.00
2017.07.20 09:28:38.032,1.64098,1.64119,1.00,1.00
2017.07.20 09:28:38.083,1.64098,1.64121,1.12,1.00
2017.07.20 09:28:38.454,1.64099,1.64121,1.34,1.00
2017.07.20 09:28:38.606,1.64108,1.64131,1.34,1.37
2017.07.20 09:28:38.657,1.64108,1.64131,1.34,1.00
2017.07.20 09:28:38.811,1.64107,1.64133,3.34,1.00
2017.07.20 09:28:39.341,1.6411,1.64133,1.00,1.00
2017.07.20 09:28:41.050,1.6411,1.64134,1.00,1.00
2017.07.20 09:28:42.724,1.64112,1.64134,1.84,1.00
2017.07.20 09:28:43.848,1.64112,1.64133,1.84,1.00
2017.07.20 09:28:47.124,1.64112,1.64134,1.84,2.62
2017.07.20 09:28:48.930,1.64112,1.64133,1.84,1.00
2017.07.20 09:28:49.530,1.64112,1.64134,1.84,1.12
2017.07.20 09:28:49.783,1.6411,1.64133,1.00,1.00
2017.07.20 09:28:49.834,1.6411,1.6413,1.00,1.00
2017.07.20 09:28:50.350,1.64109,1.64129,1.09,1.00
2017.07.20 09:28:50.937,1.64109,1.6413,1.09,1.00
2017.07.20 09:28:51.449,1.64109,1.64129,1.09,1.00
2017.07.20 09:28:51.990,1.64109,1.6413,1.09,1.00
2017.07.20 09:28:52.501,1.64112,1.6413,1.84,1.00
2017.07.20 09:28:52.653,1.64118,1.64141,1.00,1.00
2017.07.20 09:28:53.169,1.64118,1.64142,1.00,1.12
2017.07.20 09:28:53.625,1.64117,1.64142,3.34,1.87
2017.07.20 09:28:53.849,1.64118,1.64142,1.00,1.87
2017.07.20 09:28:53.900,1.64115,1.64139,1.34,1.00
2017.07.20 09:28:54.002,1.64113,1.64137,1.09,1.00
2017.07.20 09:28:54.145,1.64111,1.64136,1.34,1.37
2017.07.20 09:28:54.449,1.64111,1.64133,1.34,1.00
2017.07.20 09:28:54.551,1.64111,1.64133,1.09,1.00
2017.07.20 09:28:55.060,1.64111,1.64134,1.09,1.00
2017.07.20 09:28:55.639,1.64111,1.64133,1.09,1.00
2017.07.20 09:28:56.162,1.64111,1.64134,1.09,1.00
2017.07.20 09:28:56.491,1.64113,1.64133,1.00,1.00
2017.07.20 09:28:57.147,1.64112,1.64134,1.00,1.00
2017.07.20 09:28:57.931,1.64112,1.64133,1.00,1.00
2017.07.20 09:28:58.256,1.64114,1.64133,1.00,1.00
2017.07.20 09:28:58.760,1.64114,1.64134,1.00,1.00
2017.07.20 09:28:59.320,1.64114,1.64133,1.00,1.00
2017.07.20 09:28:59.852,1.64114,1.64134,1.00,1.00
2017.07.20 09:29:00.640,1.64114,1.64133,1.00,1.00
2017.07.20 09:29:02.163,1.64114,1.64134,1.00,1.00
2017.07.20 09:29:02.702,1.64114,1.64133,1.00,1.00
2017.07.20 09:29:03.142,1.64114,1.64137,1.00,1.75
2017.07.20 09:29:03.455,1.64114,1.64137,1.00,1.12
2017.07.20 09:29:04.642,1.64114,1.64136,1.00,1.00
2017.07.20 09:29:05.359,1.64114,1.64137,1.00,1.12
2017.07.20 09:29:07.132,1.64114,1.64136,1.00,1.00
2017.07.20 09:29:07.234,1.64111,1.64136,2.59,1.50
2017.07.20 09:29:07.550,1.64111,1.64134,2.59,1.00
2017.07.20 09:29:08.109,1.64111,1.64135,2.59,1.00
2017.07.20 09:29:09.265,1.64111,1.64134,2.59,1.00
2017.07.20 09:29:09.693,1.64111,1.64135,2.59,1.75
2017.07.20 09:29:16.425,1.64111,1.64134,1.84,1.50
2017.07.20 09:29:16.970,1.6411,1.64134,1.34,1.50
2017.07.20 09:29:17.509,1.6411,1.64135,1.34,2.25
2017.07.20 09:29:18.052,1.64108,1.64134,4.09,1.50
2017.07.20 09:29:18.736,1.64109,1.64129,1.09,1.00
2017.07.20 09:29:19.040,1.64104,1.64128,3.34,1.00
2017.07.20 09:29:19.142,1.64108,1.64128,1.00,1.00
2017.07.20 09:29:19.345,1.64106,1.64128,1.00,1.00
2017.07.20 09:29:19.516,1.64106,1.64128,1.34,1.00
2017.07.20 09:29:20.060,1.64106,1.64129,1.34,1.00
2017.07.20 09:29:20.566,1.64107,1.64129,1.09,1.00
2017.07.20 09:29:21.116,1.64107,1.64128,1.00,1.00
2017.07.20 09:29:21.623,1.64106,1.64128,1.12,1.00
2017.07.20 09:29:22.420,1.64107,1.64128,1.00,1.00
2017.07.20 09:29:22.725,1.64107,1.64128,1.34,1.00
2017.07.20 09:29:22.877,1.64107,1.64134,1.34,1.50
2017.07.20 09:29:23.481,1.64108,1.64133,1.34,1.00
2017.07.20 09:29:24.120,1.64108,1.64134,1.34,1.50
2017.07.20 09:29:24.655,1.64108,1.64133,1.34,1.00
2017.07.20 09:29:24.959,1.64107,1.64128,1.34,1.00
2017.07.20 09:29:25.819,1.64109,1.64134,1.84,1.00
2017.07.20 09:29:26.022,1.64109,1.64128,1.00,1.00
2017.07.20 09:29:26.333,1.64109,1.64128,1.84,1.00
2017.07.20 09:29:26.435,1.64109,1.64134,1.84,2.25
2017.07.20 09:29:26.536,1.64108,1.64134,1.00,1.50
2017.07.20 09:29:27.162,1.64108,1.64129,2.59,1.00
2017.07.20 09:29:27.819,1.64107,1.64129,1.00,1.00
2017.07.20 09:29:28.333,1.64108,1.64129,1.00,1.00
2017.07.20 09:29:28.864,1.64108,1.64129,2.59,1.00
2017.07.20 09:29:29.117,1.64108,1.64129,1.00,1.00
2017.07.20 09:29:29.657,1.64109,1.64128,1.84,1.00
2017.07.20 09:29:30.550,1.64108,1.64128,1.00,1.00
2017.07.20 09:29:31.274,1.64108,1.64129,1.00,1.00
2017.07.20 09:29:31.546,1.64106,1.64129,1.12,1.00
2017.07.20 09:29:32.024,1.64108,1.64129,1.00,1.00
2017.07.20 09:29:32.429,1.64108,1.64129,2.59,1.00
2017.07.20 09:29:34.166,1.64109,1.64129,1.00,1.00
2017.07.20 09:29:34.318,1.64108,1.64129,2.59,1.00
2017.07.20 09:29:34.852,1.64108,1.64129,1.00,1.00
2017.07.20 09:29:35.054,1.64107,1.64129,2.59,1.00
2017.07.20 09:29:35.600,1.64107,1.64128,1.84,1.00
2017.07.20 09:29:36.052,1.64107,1.64128,1.00,1.00
2017.07.20 09:29:36.523,1.64109,1.64128,1.84,1.00
2017.07.20 09:29:36.979,1.64107,1.64124,1.00,1.00
2017.07.20 09:29:37.237,1.64097,1.64122,1.00,1.00
2017.07.20 09:29:37.389,1.64098,1.64122,4.09,1.37
2017.07.20 09:29:37.491,1.64101,1.64124,1.09,1.00
2017.07.20 09:29:37.801,1.64103,1.64124,2.59,1.00
2017.07.20 09:29:38.105,1.64109,1.64129,1.00,1.00
2017.07.20 09:29:38.630,1.64108,1.64128,2.59,1.00
2017.07.20 09:29:40.438,1.64109,1.64128,1.00,1.00
2017.07.20 09:29:40.980,1.64109,1.64128,1.34,1.00
2017.07.20 09:29:41.485,1.64109,1.64129,1.00,1.00
2017.07.20 09:29:41.536,1.64109,1.64129,1.34,1.00
2017.07.20 09:29:41.850,1.64109,1.64129,1.00,1.00
2017.07.20 09:29:41.952,1.64107,1.64129,1.00,1.00
2017.07.20 09:29:42.074,1.64107,1.64129,2.59,1.00
2017.07.20 09:29:42.530,1.64107,1.64129,1.00,1.00
2017.07.20 09:29:42.581,1.6411,1.64129,1.00,1.00
2017.07.20 09:29:42.784,1.64108,1.64129,1.00,1.00
2017.07.20 09:29:43.481,1.64109,1.64129,1.00,1.00
2017.07.20 09:29:44.086,1.64107,1.64128,2.59,1.00
2017.07.20 09:29:44.137,1.64107,1.64128,1.00,1.00
2017.07.20 09:29:44.443,1.64109,1.64128,1.00,1.00
2017.07.20 09:29:44.960,1.64107,1.64128,1.84,1.00
2017.07.20 09:29:45.617,1.64107,1.64129,2.59,1.00
2017.07.20 09:29:46.148,1.64109,1.64129,1.00,1.00
2017.07.20 09:29:46.661,1.64108,1.64129,1.00,1.00
2017.07.20 09:29:47.009,1.64108,1.64129,1.34,1.00
2017.07.20 09:29:47.515,1.64109,1.64129,1.00,1.00
2017.07.20 09:29:48.039,1.6411,1.64133,1.09,1.00
2017.07.20 09:29:48.293,1.64112,1.64133,1.00,1.00
2017.07.20 09:29:53.653,1.64112,1.64135,1.50,1.00
2017.07.20 09:29:54.430,1.64112,1.64136,1.50,1.00
2017.07.20 09:29:55.533,1.64112,1.64135,1.50,1.00
2017.07.20 09:29:56.367,1.64112,1.64136,1.50,1.00
2017.07.20 09:29:56.889,1.64112,1.64135,1.50,1.00
2017.07.20 09:29:57.640,1.64112,1.64136,1.50,1.00
2017.07.20 09:29:58.872,1.64116,1.64136,1.00,1.00
2017.07.20 09:29:59.536,1.64116,1.64135,1.00,1.00
2017.07.20 09:29:59.587,1.64112,1.64135,1.00,1.00
2017.07.20 09:30:00.166,1.64112,1.64136,1.00,1.00
2017.07.20 09:30:01.516,1.64112,1.64135,1.00,1.00
2017.07.20 09:30:01.862,1.64117,1.64135,1.00,1.00
2017.07.20 09:30:02.065,1.64117,1.64137,1.00,1.12
2017.07.20 09:30:02.951,1.64117,1.64136,1.00,1.00
2017.07.20 09:30:03.631,1.64117,1.64137,1.00,1.00
2017.07.20 09:30:04.087,1.64112,1.64136,1.09,1.00
2017.07.20 09:30:04.600,1.64112,1.64137,1.09,1.00
2017.07.20 09:30:05.096,1.64115,1.64137,1.00,1.00
2017.07.20 09:30:05.530,1.64115,1.6414,1.00,1.50
2017.07.20 09:30:06.700,1.64114,1.64139,1.00,1.00
2017.07.20 09:30:07.288,1.64112,1.64137,1.84,1.00
2017.07.20 09:30:08.676,1.64114,1.64139,1.00,1.00
2017.07.20 09:30:09.982,1.64115,1.6414,1.00,1.00
2017.07.20 09:30:10.519,1.64114,1.64141,1.00,3.75
2017.07.20 09:30:10.990,1.64113,1.64138,1.00,1.00
2017.07.20 09:30:11.686,1.64114,1.64139,1.00,1.00
2017.07.20 09:30:12.406,1.64114,1.64136,1.00,1.00
2017.07.20 09:30:12.979,1.64114,1.64137,1.00,1.00
2017.07.20 09:30:14.860,1.64114,1.64136,1.00,1.00
2017.07.20 09:30:15.371,1.64114,1.64137,1.00,1.00
2017.07.20 09:30:15.594,1.64112,1.64137,1.09,1.00
2017.07.20 09:30:16.160,1.64111,1.64136,3.34,1.00
2017.07.20 09:30:17.357,1.64111,1.64137,1.84,1.00
2017.07.20 09:30:18.842,1.64111,1.64136,3.34,1.00
2017.07.20 09:30:22.467,1.64111,1.64136,1.00,1.00
2017.07.20 09:30:22.620,1.64109,1.64134,1.09,1.00
2017.07.20 09:30:23.135,1.64107,1.64133,1.12,1.50
2017.07.20 09:30:23.332,1.64103,1.6413,3.34,1.00
2017.07.20 09:30:23.434,1.64105,1.64132,1.09,1.50
2017.07.20 09:30:23.738,1.64105,1.64127,1.00,1.00
2017.07.20 09:30:23.890,1.641,1.64123,1.12,1.00
2017.07.20 09:30:24.249,1.641,1.64121,1.00,1.00
2017.07.20 09:30:24.512,1.64087,1.64114,3.34,1.00
2017.07.20 09:30:25.831,1.64087,1.64112,2.21,1.00
2017.07.20 09:30:30.245,1.64092,1.64112,1.00,1.00
2017.07.20 09:30:30.948,1.64091,1.64112,1.00,1.00
2017.07.20 09:30:31.843,1.64091,1.64111,1.00,1.00
2017.07.20 09:30:32.547,1.64092,1.64111,1.00,1.00
2017.07.20 09:30:34.567,1.64086,1.64108,1.37,1.12
2017.07.20 09:30:34.618,1.64086,1.64106,1.00,1.25
2017.07.20 09:30:34.669,1.64081,1.64106,1.50,1.00
2017.07.20 09:30:34.822,1.64087,1.64106,1.00,1.00
2017.07.20 09:30:35.299,1.64082,1.64106,1.34,1.00
2017.07.20 09:30:35.350,1.64081,1.64105,1.12,1.69
2017.07.20 09:30:35.401,1.64081,1.64105,1.12,3.19
2017.07.20 09:30:35.452,1.64081,1.64102,1.12,1.00
2017.07.20 09:30:35.750,1.64077,1.641,1.09,1.00
2017.07.20 09:30:36.081,1.64081,1.641,1.00,1.00
2017.07.20 09:30:36.132,1.64081,1.64104,1.00,1.00
2017.07.20 09:30:36.921,1.64082,1.64104,1.00,1.00
2017.07.20 09:30:37.464,1.64082,1.64103,1.00,1.00
2017.07.20 09:30:37.681,1.64087,1.64103,1.00,1.00
2017.07.20 09:30:37.936,1.64087,1.64106,1.00,1.00
2017.07.20 09:30:38.713,1.64087,1.64107,1.00,1.69
2017.07.20 09:30:39.325,1.64082,1.64107,1.50,1.00
2017.07.20 09:30:39.724,1.64086,1.64107,1.00,1.00
2017.07.20 09:30:39.775,1.64082,1.64107,1.00,1.00
2017.07.20 09:30:40.051,1.64086,1.64108,1.00,1.50
2017.07.20 09:30:40.451,1.64082,1.64108,1.50,1.00
2017.07.20 09:30:41.045,1.64087,1.64108,1.00,1.00
2017.07.20 09:30:41.679,1.64085,1.64108,1.00,1.00
2017.07.20 09:30:42.185,1.64084,1.64108,1.00,1.50
2017.07.20 09:30:42.998,1.64086,1.64108,1.00,1.50
2017.07.20 09:30:43.151,1.64084,1.64107,1.00,1.00
2017.07.20 09:30:43.252,1.64082,1.64106,1.00,1.00
2017.07.20 09:30:43.377,1.64082,1.64104,1.00,1.00
2017.07.20 09:30:44.373,1.64081,1.64104,1.00,1.00
2017.07.20 09:30:44.576,1.64077,1.64101,1.50,1.00
2017.07.20 09:30:44.627,1.64077,1.64093,1.00,1.50
2017.07.20 09:30:44.678,1.64072,1.64093,1.50,1.50
2017.07.20 09:30:44.729,1.64068,1.64089,1.09,1.00
2017.07.20 09:30:44.781,1.64067,1.64089,1.34,1.00
2017.07.20 09:30:45.173,1.64072,1.64087,1.00,1.00
2017.07.20 09:30:45.274,1.64067,1.64085,1.00,1.00
2017.07.20 09:30:45.891,1.64066,1.64085,1.00,1.00
2017.07.20 09:30:46.670,1.64066,1.64086,1.00,1.50
2017.07.20 09:30:48.401,1.64072,1.64086,1.00,1.00
2017.07.20 09:30:48.503,1.64072,1.64088,1.00,1.12
2017.07.20 09:30:48.707,1.64077,1.64091,1.00,1.00
2017.07.20 09:30:48.758,1.64077,1.64096,1.09,1.00
2017.07.20 09:30:49.164,1.64081,1.64106,1.00,3.75
2017.07.20 09:30:49.489,1.64078,1.64105,1.00,1.00
2017.07.20 09:30:49.540,1.64081,1.64107,1.00,1.87
2017.07.20 09:30:50.047,1.64082,1.64107,1.34,1.00
2017.07.20 09:30:50.402,1.64087,1.64107,1.00,1.00
2017.07.20 09:30:50.706,1.64087,1.64109,1.00,1.87
2017.07.20 09:30:51.219,1.64087,1.64108,1.00,1.50
2017.07.20 09:30:51.675,1.64092,1.64113,1.00,1.37
2017.07.20 09:30:51.726,1.64092,1.64113,1.00,1.00
2017.07.20 09:30:52.447,1.64092,1.64114,1.00,1.12
2017.07.20 09:30:53.529,1.6409,1.64114,1.34,1.12
2017.07.20 09:30:53.631,1.64091,1.64112,1.00,1.00
2017.07.20 09:30:54.638,1.64086,1.64112,1.00,1.00
2017.07.20 09:30:54.740,1.64086,1.6411,1.00,1.00
2017.07.20 09:30:55.780,1.64084,1.6411,1.84,1.00
2017.07.20 09:30:56.085,1.64076,1.641,1.84,1.00
2017.07.20 09:30:56.679,1.64076,1.64101,1.84,1.00
2017.07.20 09:30:57.440,1.64076,1.641,1.34,1.00
2017.07.20 09:31:01.152,1.64075,1.64099,1.84,1.00
2017.07.20 09:31:01.305,1.64075,1.64101,1.84,2.25
2017.07.20 09:31:01.356,1.64075,1.64099,1.84,1.00
2017.07.20 09:31:02.594,1.64074,1.64099,1.00,1.00
2017.07.20 09:31:02.645,1.64072,1.64096,1.34,1.00
2017.07.20 09:31:02.797,1.64071,1.64096,1.50,1.00
2017.07.20 09:31:03.364,1.64072,1.64096,1.00,1.00
2017.07.20 09:31:03.888,1.64072,1.64097,1.50,1.00
2017.07.20 09:31:05.685,1.64077,1.64097,1.00,1.00
2017.07.20 09:31:05.941,1.64081,1.64105,2.59,1.00
2017.07.20 09:31:05.992,1.64082,1.64107,1.34,1.50
2017.07.20 09:31:06.567,1.64082,1.64106,1.34,1.00
2017.07.20 09:31:06.618,1.64082,1.64106,1.00,1.00
2017.07.20 09:31:07.189,1.64081,1.64107,1.50,1.00
2017.07.20 09:31:07.341,1.64081,1.64106,1.84,1.00
2017.07.20 09:31:07.972,1.64082,1.64106,1.50,1.00
2017.07.20 09:31:08.580,1.64082,1.64105,1.00,1.00
2017.07.20 09:31:08.885,1.64084,1.6411,2.59,1.87
2017.07.20 09:31:12.948,1.64085,1.6411,4.09,1.37
2017.07.20 09:31:13.159,1.64087,1.64111,1.34,1.00
2017.07.20 09:31:13.211,1.64085,1.64109,1.84,1.00
2017.07.20 09:31:13.517,1.64084,1.64109,1.00,1.00
2017.07.20 09:31:13.745,1.6408,1.64105,1.34,1.00
2017.07.20 09:31:14.303,1.64082,1.64106,1.00,1.00
2017.07.20 09:31:14.852,1.64081,1.64106,1.00,1.50
2017.07.20 09:31:15.159,1.64083,1.64106,1.00,1.00
2017.07.20 09:31:15.676,1.64083,1.64105,1.00,1.00
2017.07.20 09:31:15.983,1.6408,1.64105,1.84,1.00
2017.07.20 09:31:16.039,1.64081,1.64105,1.34,1.00
2017.07.20 09:31:16.140,1.64081,1.64104,1.84,1.00
2017.07.20 09:31:16.446,1.64079,1.64104,1.34,1.00
2017.07.20 09:31:18.881,1.64077,1.64103,1.84,1.50
2017.07.20 09:31:19.389,1.64077,1.64104,1.34,1.00
2017.07.20 09:31:21.313,1.64077,1.64103,3.34,1.00
2017.07.20 09:31:22.437,1.64077,1.64104,1.84,1.50
2017.07.20 09:31:22.488,1.64077,1.64101,1.34,1.00
2017.07.20 09:31:22.640,1.64076,1.64101,1.50,1.50
2017.07.20 09:31:22.741,1.64074,1.64101,1.46,1.50
2017.07.20 09:31:22.792,1.64072,1.64099,2.96,1.00
2017.07.20 09:31:23.096,1.64073,1.64097,1.34,1.00
2017.07.20 09:31:23.300,1.64074,1.64101,2.02,3.00
2017.07.20 09:31:23.507,1.64076,1.64099,1.00,1.00
2017.07.20 09:31:23.846,1.64071,1.64096,1.00,1.00
2017.07.20 09:31:23.897,1.64071,1.64093,1.00,1.00
2017.07.20 09:31:24.482,1.64071,1.64092,1.00,1.00
2017.07.20 09:31:24.598,1.64069,1.64092,3.19,1.00
2017.07.20 09:31:24.649,1.64069,1.64092,1.59,1.00
2017.07.20 09:31:24.903,1.64073,1.64098,1.34,1.00
2017.07.20 09:31:25.411,1.64073,1.64099,2.02,1.00
2017.07.20 09:31:25.570,1.64076,1.64101,1.00,1.00
2017.07.20 09:31:26.071,1.64074,1.64101,1.09,1.00
2017.07.20 09:31:27.181,1.64072,1.641,1.84,1.00
2017.07.20 09:31:27.806,1.64075,1.64102,1.00,2.25
2017.07.20 09:31:28.282,1.64073,1.64099,1.34,1.00
2017.07.20 09:31:28.383,1.64075,1.64102,2.25,1.00
2017.07.20 09:31:28.434,1.64077,1.64102,1.00,1.00
2017.07.20 09:31:28.941,1.64077,1.64101,1.00,1.00
2017.07.20 09:31:29.044,1.64075,1.64101,2.62,1.50
2017.07.20 09:31:29.293,1.64072,1.64098,2.59,1.00
2017.07.20 09:31:29.828,1.64074,1.64099,1.09,1.00
2017.07.20 09:31:30.152,1.64072,1.64097,1.84,1.00
2017.07.20 09:31:30.681,1.64072,1.64096,3.34,1.00
2017.07.20 09:31:30.732,1.64072,1.64099,4.09,1.00
2017.07.20 09:31:31.394,1.64072,1.64097,2.59,1.00
2017.07.20 09:31:33.281,1.64072,1.64099,2.59,1.00
2017.07.20 09:31:34.216,1.64072,1.64097,1.34,1.00
2017.07.20 09:31:34.742,1.64071,1.64098,5.59,1.00
2017.07.20 09:31:35.091,1.64072,1.64096,1.34,1.00
2017.07.20 09:31:36.285,1.64073,1.64098,1.34,1.00
2017.07.20 09:31:37.009,1.64073,1.64098,1.00,1.00
2017.07.20 09:31:37.162,1.64073,1.64095,1.00,1.00
2017.07.20 09:31:37.214,1.6407,1.64097,1.00,1.87
2017.07.20 09:31:37.418,1.64069,1.64094,1.00,1.00
2017.07.20 09:31:37.723,1.64071,1.64094,1.00,1.00
2017.07.20 09:31:37.927,1.64071,1.64096,1.00,1.00
2017.07.20 09:31:38.432,1.64072,1.64096,1.00,1.00
2017.07.20 09:31:39.081,1.64071,1.64096,1.00,1.37
2017.07.20 09:31:39.132,1.64068,1.64095,1.00,1.00
2017.07.20 09:31:39.235,1.64068,1.64095,1.00,2.62
2017.07.20 09:31:39.539,1.64067,1.64089,1.00,1.00
2017.07.20 09:31:39.762,1.64062,1.64086,1.00,1.00
2017.07.20 09:31:39.915,1.64063,1.64088,1.00,1.12
2017.07.20 09:31:40.067,1.64064,1.64086,1.00,1.00
2017.07.20 09:31:40.571,1.64064,1.64085,1.00,1.00
2017.07.20 09:31:40.824,1.64062,1.64085,1.50,1.00
2017.07.20 09:31:41.611,1.64062,1.64086,1.50,1.00
2017.07.20 09:31:42.146,1.64061,1.64086,1.50,1.50
2017.07.20 09:31:42.799,1.64061,1.64085,1.50,1.00
2017.07.20 09:31:43.430,1.64061,1.64086,1.50,1.50
2017.07.20 09:31:43.998,1.64061,1.64085,1.50,1.00
2017.07.20 09:31:44.518,1.64061,1.64086,1.50,1.50
2017.07.20 09:31:45.098,1.64062,1.64085,1.00,1.00
2017.07.20 09:31:45.828,1.64062,1.64086,1.00,1.50
2017.07.20 09:31:46.662,1.64062,1.64085,1.00,1.00
2017.07.20 09:31:47.678,1.64062,1.64086,1.00,1.50
2017.07.20 09:31:48.740,1.64062,1.64085,1.00,1.00
2017.07.20 09:31:49.707,1.64062,1.64086,1.00,1.50
2017.07.20 09:31:50.253,1.64062,1.64085,1.00,1.00
2017.07.20 09:31:50.941,1.64062,1.64086,1.00,1.50
2017.07.20 09:31:51.144,1.64059,1.64084,1.00,1.00
2017.07.20 09:31:51.950,1.64057,1.64082,1.00,1.00
2017.07.20 09:31:52.052,1.64057,1.64084,1.09,1.00
2017.07.20 09:31:52.252,1.64062,1.64085,1.00,1.00
2017.07.20 09:31:52.759,1.64061,1.64086,1.50,1.50
2017.07.20 09:31:53.429,1.64061,1.64085,1.50,1.00
2017.07.20 09:31:54.250,1.64061,1.64086,1.50,1.50
2017.07.20 09:31:54.554,1.64063,1.64086,1.00,1.00
2017.07.20 09:31:54.858,1.64061,1.64084,1.00,1.00
2017.07.20 09:31:55.371,1.64061,1.64085,1.50,1.12
2017.07.20 09:31:55.523,1.64059,1.64084,1.00,1.00
2017.07.20 09:31:56.233,1.6406,1.64084,1.00,1.00
2017.07.20 09:31:56.588,1.64061,1.64088,1.50,1.50
2017.07.20 09:31:56.965,1.64061,1.64086,1.50,1.00
2017.07.20 09:31:58.175,1.64062,1.64086,1.00,1.50
2017.07.20 09:31:59.453,1.64062,1.64088,1.00,1.50
2017.07.20 09:32:00.478,1.64061,1.64088,1.50,1.50
2017.07.20 09:32:01.003,1.64062,1.64088,1.00,1.00
2017.07.20 09:32:02.962,1.64062,1.64084,1.00,1.00
2017.07.20 09:32:03.470,1.64061,1.64084,1.00,1.50
2017.07.20 09:32:03.649,1.64059,1.64084,1.00,1.00
2017.07.20 09:32:03.751,1.64057,1.64084,1.50,1.50
2017.07.20 09:32:03.954,1.64061,1.64085,1.00,1.50
2017.07.20 09:32:04.660,1.64062,1.64085,1.00,1.00
2017.07.20 09:32:05.530,1.64062,1.64084,1.00,1.00
2017.07.20 09:32:05.940,1.64062,1.64085,1.34,1.00
2017.07.20 09:32:06.598,1.64062,1.64084,1.34,1.00
2017.07.20 09:32:07.443,1.64062,1.64085,1.34,1.00
2017.07.20 09:32:08.478,1.64062,1.64084,1.34,1.00
2017.07.20 09:32:08.930,1.64062,1.64084,1.00,1.00
2017.07.20 09:32:10.639,1.64062,1.64085,1.00,1.00
2017.07.20 09:32:11.425,1.64062,1.64084,1.00,1.00
2017.07.20 09:32:12.326,1.64061,1.64084,1.09,1.00
2017.07.20 09:32:12.968,1.64061,1.64085,1.09,1.00
2017.07.20 09:32:13.969,1.64061,1.64084,1.09,1.00
2017.07.20 09:32:18.285,1.64061,1.64085,1.00,1.00
2017.07.20 09:32:18.849,1.64062,1.64084,1.00,1.00
2017.07.20 09:32:19.363,1.64062,1.64085,1.00,1.00
2017.07.20 09:32:19.952,1.64062,1.64084,1.00,1.00
2017.07.20 09:32:20.332,1.64062,1.64088,1.00,2.25
2017.07.20 09:32:20.433,1.64063,1.64088,1.00,1.00
2017.07.20 09:32:21.152,1.64063,1.64088,1.34,1.00
2017.07.20 09:32:21.355,1.64071,1.64095,1.00,1.00
2017.07.20 09:32:21.456,1.64072,1.64098,1.00,1.50
2017.07.20 09:32:21.994,1.64072,1.64099,1.00,2.59
2017.07.20 09:32:22.247,1.64072,1.64097,1.09,1.00
2017.07.20 09:32:22.573,1.64076,1.64103,1.00,3.00
2017.07.20 09:32:23.580,1.64076,1.64102,1.00,1.00
2017.07.20 09:32:24.169,1.64076,1.64103,1.00,3.00
2017.07.20 09:32:24.485,1.64076,1.64098,1.00,1.00
2017.07.20 09:32:24.740,1.64074,1.64098,1.00,1.25
2017.07.20 09:32:25.483,1.64073,1.64098,1.00,1.00
2017.07.20 09:32:26.048,1.64073,1.64099,1.00,1.50
2017.07.20 09:32:27.338,1.64074,1.64099,1.00,1.50
2017.07.20 09:32:27.842,1.64073,1.64099,1.00,1.50
2017.07.20 09:32:28.351,1.64074,1.64099,1.00,1.50
2017.07.20 09:32:28.959,1.64073,1.64098,1.00,1.00
2017.07.20 09:32:29.773,1.64074,1.64099,1.00,1.50
2017.07.20 09:32:29.976,1.64073,1.64095,1.00,1.00
2017.07.20 09:32:30.661,1.64073,1.64096,1.00,1.00
2017.07.20 09:32:30.864,1.64074,1.64098,1.00,1.00
2017.07.20 09:32:30.915,1.64076,1.64098,1.00,1.00
2017.07.20 09:32:31.431,1.64073,1.64097,1.09,1.00
2017.07.20 09:32:31.939,1.64074,1.64098,1.00,1.50
2017.07.20 09:32:32.445,1.64074,1.64097,1.00,1.00
2017.07.20 09:32:33.102,1.64073,1.64097,1.09,1.00
2017.07.20 09:32:33.723,1.64074,1.64097,1.00,1.00
2017.07.20 09:32:34.351,1.64073,1.64097,1.09,1.00
2017.07.20 09:32:34.601,1.64072,1.64095,1.34,1.00
2017.07.20 09:32:35.144,1.6407,1.64096,1.84,1.00
2017.07.20 09:32:35.923,1.64072,1.64094,1.00,1.09
2017.07.20 09:32:36.254,1.64058,1.6408,1.50,1.00
2017.07.20 09:32:36.457,1.64057,1.64083,3.00,1.00
2017.07.20 09:32:38.086,1.64058,1.64083,1.50,1.19
2017.07.20 09:32:38.766,1.64059,1.64084,1.37,1.25
2017.07.20 09:32:38.817,1.64059,1.64086,1.37,1.44
2017.07.20 09:32:39.020,1.64058,1.64083,1.12,2.06
2017.07.20 09:32:39.274,1.64057,1.64084,1.50,1.00
2017.07.20 09:32:39.731,1.64058,1.64085,1.34,1.50
2017.07.20 09:32:40.511,1.64061,1.64086,1.00,1.25
2017.07.20 09:32:40.764,1.64058,1.64085,1.00,1.25
2017.07.20 09:32:40.815,1.64058,1.64083,1.00,1.19
2017.07.20 09:32:41.333,1.64057,1.6408,1.00,1.19
2017.07.20 09:32:41.885,1.64058,1.6408,1.00,1.19
2017.07.20 09:32:42.206,1.64054,1.64071,1.00,1.25
2017.07.20 09:32:42.360,1.64046,1.64066,1.50,1.00
2017.07.20 09:32:42.571,1.64046,1.64062,1.00,1.00
2017.07.20 09:32:42.623,1.64041,1.64062,1.45,1.00
2017.07.20 09:32:42.674,1.64041,1.6406,1.07,1.00
2017.07.20 09:32:42.879,1.64032,1.64055,1.46,1.00
2017.07.20 09:32:43.082,1.64032,1.64057,1.09,1.00
2017.07.20 09:32:43.386,1.64032,1.64055,1.09,1.00
2017.07.20 09:32:44.115,1.64029,1.64052,1.46,1.00
2017.07.20 09:32:44.479,1.64029,1.64052,1.12,1.00
2017.07.20 09:32:44.995,1.64029,1.64051,1.12,1.00
2017.07.20 09:32:45.530,1.6403,1.64051,1.00,1.00
2017.07.20 09:32:45.947,1.64029,1.64051,1.12,1.19
2017.07.20 09:32:46.183,1.64028,1.64051,1.00,1.00
2017.07.20 09:32:46.234,1.64028,1.64048,1.12,1.00
2017.07.20 09:32:46.538,1.64023,1.64047,1.37,1.00
2017.07.20 09:32:46.589,1.64023,1.64047,1.00,1.00
2017.07.20 09:32:46.691,1.6403,1.64053,1.00,1.87
2017.07.20 09:32:47.021,1.64029,1.64056,1.50,1.00
2017.07.20 09:32:47.607,1.6403,1.64053,1.00,1.00
2017.07.20 09:32:47.709,1.6403,1.64055,1.00,1.00
2017.07.20 09:32:47.811,1.64029,1.64053,1.00,1.00
2017.07.20 09:32:48.115,1.64031,1.64057,1.09,1.00
2017.07.20 09:32:48.175,1.64032,1.64059,1.00,1.50
2017.07.20 09:32:48.378,1.64032,1.64059,1.00,1.69
2017.07.20 09:32:48.480,1.6403,1.64057,1.00,1.25
2017.07.20 09:32:49.576,1.6403,1.64056,1.00,1.00
2017.07.20 09:32:50.504,1.64027,1.6405,2.96,1.00
2017.07.20 09:32:50.707,1.64022,1.64046,1.57,1.00
2017.07.20 09:32:50.923,1.64027,1.64048,1.00,1.00
2017.07.20 09:32:51.026,1.64031,1.64054,1.00,1.62
2017.07.20 09:32:51.179,1.64032,1.64055,1.00,1.00
2017.07.20 09:32:51.230,1.64032,1.64058,1.00,3.19
2017.07.20 09:32:51.484,1.64031,1.64055,1.46,1.00
2017.07.20 09:32:51.692,1.64029,1.64055,1.00,1.00
2017.07.20 09:32:51.794,1.64027,1.64052,1.34,1.00
2017.07.20 09:32:52.282,1.6403,1.64055,1.00,1.00
2017.07.20 09:32:52.949,1.64027,1.6405,1.34,1.00
2017.07.20 09:32:53.000,1.64022,1.64047,1.12,1.00
2017.07.20 09:32:53.547,1.64022,1.64046,1.10,1.00
2017.07.20 09:32:54.514,1.64021,1.64046,1.16,1.00
2017.07.20 09:32:54.616,1.64022,1.64044,1.00,1.00
2017.07.20 09:32:54.920,1.64018,1.64041,1.22,1.00
2017.07.20 09:32:55.240,1.64019,1.64039,1.15,1.00
2017.07.20 09:32:55.749,1.64018,1.64039,1.22,1.00
2017.07.20 09:32:56.295,1.64017,1.64034,1.22,1.00
2017.07.20 09:32:57.850,1.6401,1.64034,1.20,1.00
2017.07.20 09:32:57.901,1.64007,1.64031,1.87,1.44
2017.07.20 09:32:58.054,1.63997,1.64021,1.00,1.19
2017.07.20 09:32:58.105,1.63993,1.64018,1.12,1.00
2017.07.20 09:32:58.207,1.63992,1.64015,1.50,1.25
2017.07.20 09:32:58.461,1.63986,1.64013,1.50,1.00
2017.07.20 09:32:58.618,1.63989,1.64014,1.00,1.00
2017.07.20 09:32:58.922,1.64,1.64022,1.00,1.00
2017.07.20 09:32:59.126,1.63997,1.64022,1.00,1.25
2017.07.20 09:32:59.227,1.63995,1.64022,1.00,1.25
2017.07.20 09:32:59.430,1.63995,1.64018,1.00,1.19
2017.07.20 09:32:59.706,1.63996,1.64021,1.00,1.87
2017.07.20 09:33:00.011,1.63998,1.6402,1.00,1.12
2017.07.20 09:33:00.214,1.63999,1.64023,1.00,1.00
2017.07.20 09:33:00.702,1.63998,1.64024,1.00,1.94
2017.07.20 09:33:01.247,1.63999,1.64024,1.00,2.25
2017.07.20 09:33:02.213,1.63997,1.64023,1.00,2.25
2017.07.20 09:33:02.315,1.63994,1.6402,1.00,1.00
2017.07.20 09:33:02.416,1.63991,1.64018,2.21,1.19
2017.07.20 09:33:02.721,1.63991,1.64015,1.00,1.00
2017.07.20 09:33:03.294,1.63991,1.64014,1.00,1.00
2017.07.20 09:33:05.159,1.63991,1.64015,1.00,1.00
2017.07.20 09:33:05.553,1.63993,1.64014,1.00,1.00
2017.07.20 09:33:06.100,1.63991,1.64014,1.00,1.00
2017.07.20 09:33:06.261,1.63989,1.64005,1.00,1.00
2017.07.20 09:33:06.313,1.6398,1.64005,1.15,1.19
2017.07.20 09:33:06.414,1.63979,1.64001,1.15,1.00
2017.07.20 09:33:06.567,1.63979,1.64006,1.25,2.44
2017.07.20 09:33:06.618,1.63981,1.64,1.07,1.00
2017.07.20 09:33:07.094,1.63979,1.64004,1.15,1.56
2017.07.20 09:33:07.246,1.63977,1.64004,1.22,1.69
2017.07.20 09:33:07.551,1.63972,1.63988,1.00,1.50
2017.07.20 09:33:07.818,1.63972,1.63998,1.87,1.19
2017.07.20 09:33:08.021,1.63973,1.63999,1.00,1.31
2017.07.20 09:33:08.275,1.63973,1.63999,1.00,1.19
2017.07.20 09:33:08.427,1.63973,1.63999,1.50,1.19
2017.07.20 09:33:08.800,1.63973,1.63998,1.00,1.44
2017.07.20 09:33:08.902,1.63973,1.63999,1.50,1.19
2017.07.20 09:33:09.206,1.63973,1.63998,1.50,1.50
2017.07.20 09:33:09.410,1.63973,1.63998,1.00,1.19
2017.07.20 09:33:09.461,1.63973,1.63998,1.00,1.87
2017.07.20 09:33:09.512,1.63973,1.63995,1.00,1.19
2017.07.20 09:33:09.563,1.6397,1.63995,1.50,1.37
2017.07.20 09:33:09.716,1.63969,1.63997,1.00,1.87
2017.07.20 09:33:09.767,1.63969,1.63997,1.00,1.87
2017.07.20 09:33:10.193,1.6397,1.63996,1.00,1.44
2017.07.20 09:33:10.497,1.63973,1.63998,1.50,1.50
2017.07.20 09:33:10.548,1.63973,1.63998,1.00,1.50
2017.07.20 09:33:10.701,1.63973,1.63998,1.00,1.50
2017.07.20 09:33:11.282,1.63973,1.63997,1.00,1.19
2017.07.20 09:33:11.434,1.63967,1.63986,1.00,1.19
2017.07.20 09:33:11.537,1.63959,1.63984,2.00,1.44
2017.07.20 09:33:11.892,1.63954,1.63978,1.69,2.06
2017.07.20 09:33:11.950,1.63956,1.63979,1.00,1.69
2017.07.20 09:33:12.001,1.63954,1.63979,1.69,1.69
2017.07.20 09:33:12.153,1.63952,1.63979,1.00,1.69
2017.07.20 09:33:12.306,1.63952,1.63979,1.50,2.06
2017.07.20 09:33:12.357,1.63959,1.63981,1.00,1.37
2017.07.20 09:33:12.408,1.63959,1.6398,1.00,1.44
2017.07.20 09:33:12.612,1.63955,1.63978,1.00,1.25
2017.07.20 09:33:12.739,1.63955,1.63975,1.00,1.00
2017.07.20 09:33:12.892,1.63951,1.63975,1.00,1.19
2017.07.20 09:33:12.995,1.63956,1.63975,1.00,1.69
2017.07.20 09:33:13.147,1.63953,1.63978,1.00,1.50
2017.07.20 09:33:13.199,1.63953,1.63978,1.00,1.50
2017.07.20 09:33:13.543,1.6395,1.63973,2.25,1.19
2017.07.20 09:33:13.594,1.6395,1.63973,1.00,1.69
2017.07.20 09:33:13.897,1.63948,1.63968,1.50,1.19
2017.07.20 09:33:14.128,1.63917,1.63941,1.50,1.69
2017.07.20 09:33:14.230,1.63911,1.63926,1.19,1.00
2017.07.20 09:33:14.281,1.63907,1.63927,1.69,1.00
2017.07.20 09:33:14.382,1.63906,1.63928,1.50,1.00
2017.07.20 09:33:14.433,1.63909,1.63931,1.00,1.50
2017.07.20 09:33:14.749,1.63903,1.63929,1.07,1.00
2017.07.20 09:33:14.800,1.6391,1.63929,1.00,1.00
2017.07.20 09:33:14.952,1.639,1.63928,1.57,1.25
2017.07.20 09:33:15.104,1.63917,1.63927,2.25,1.00
2017.07.20 09:33:15.155,1.63897,1.63923,1.07,1.00
2017.07.20 09:33:15.390,1.639,1.63918,1.07,1.00
2017.07.20 09:33:15.899,1.63895,1.63916,1.07,1.00
2017.07.20 09:33:16.258,1.63888,1.63913,1.07,1.00
2017.07.20 09:33:16.309,1.63888,1.63913,1.00,1.00
2017.07.20 09:33:16.360,1.63886,1.63913,1.50,1.00
2017.07.20 09:33:16.463,1.6389,1.63915,1.00,1.25
2017.07.20 09:33:16.768,1.63886,1.63912,1.50,1.00
2017.07.20 09:33:16.921,1.63889,1.63911,1.00,1.00
2017.07.20 09:33:17.556,1.63888,1.63912,1.00,1.00
2017.07.20 09:33:17.886,1.6389,1.63911,1.00,1.00
2017.07.20 09:33:18.153,1.63888,1.63912,1.00,1.00
2017.07.20 09:33:18.255,1.63891,1.63912,1.00,1.00
2017.07.20 09:33:18.794,1.6389,1.63912,1.00,1.00
2017.07.20 09:33:18.946,1.63892,1.63917,1.00,1.12
2017.07.20 09:33:19.048,1.63896,1.63916,1.00,1.00
2017.07.20 09:33:19.352,1.63898,1.63916,1.00,1.00
2017.07.20 09:33:19.695,1.63899,1.63918,1.00,1.00
2017.07.20 09:33:19.847,1.63901,1.63921,1.00,1.00
2017.07.20 09:33:20.001,1.63901,1.63925,1.09,1.37
2017.07.20 09:33:20.052,1.63909,1.63928,1.00,1.75
2017.07.20 09:33:20.256,1.63909,1.6393,1.00,1.00
2017.07.20 09:33:20.460,1.63911,1.63931,1.00,1.00
2017.07.20 09:33:20.975,1.6391,1.6393,1.00,1.00
2017.07.20 09:33:21.532,1.6391,1.63931,1.00,1.00
2017.07.20 09:33:21.888,1.63916,1.63935,1.00,1.00
2017.07.20 09:33:22.395,1.63916,1.63936,1.00,1.87
2017.07.20 09:33:22.943,1.63916,1.63935,1.00,1.00
2017.07.20 09:33:23.282,1.63924,1.6394,1.00,1.75
2017.07.20 09:33:23.333,1.63924,1.63947,1.00,2.62
2017.07.20 09:33:23.384,1.63924,1.6395,1.00,4.12
2017.07.20 09:33:23.435,1.63927,1.63949,1.00,1.37
2017.07.20 09:33:23.537,1.63927,1.6395,1.09,1.50
2017.07.20 09:33:23.638,1.63929,1.6395,1.00,1.00
2017.07.20 09:33:23.988,1.63931,1.6395,1.00,1.00
2017.07.20 09:33:24.554,1.63928,1.63949,1.00,1.00
2017.07.20 09:33:24.731,1.6393,1.63949,1.00,1.00
2017.07.20 09:33:25.251,1.63929,1.6395,1.00,1.50
2017.07.20 09:33:25.673,1.63927,1.6395,1.09,1.50
2017.07.20 09:33:26.193,1.63928,1.6395,1.00,1.50
2017.07.20 09:33:26.725,1.63934,1.63949,1.34,1.00
2017.07.20 09:33:26.981,1.63937,1.63961,1.00,1.12
2017.07.20 09:33:27.032,1.63937,1.63955,1.00,1.00
2017.07.20 09:33:27.083,1.63933,1.63954,1.25,1.00
2017.07.20 09:33:27.134,1.63931,1.63953,1.25,1.00
2017.07.20 09:33:27.186,1.63931,1.63945,1.25,1.00
2017.07.20 09:33:27.339,1.63915,1.63935,1.37,1.00
2017.07.20 09:33:27.463,1.63912,1.63928,1.69,1.00
2017.07.20 09:33:27.514,1.63906,1.63928,1.75,1.50
2017.07.20 09:33:27.616,1.63901,1.63927,1.50,1.00
2017.07.20 09:33:27.870,1.63903,1.63931,1.00,1.37
2017.07.20 09:33:27.972,1.63905,1.63932,1.00,1.50
2017.07.20 09:33:28.277,1.63909,1.63938,1.00,2.06
2017.07.20 09:33:28.328,1.63909,1.63933,1.25,1.00
2017.07.20 09:33:28.548,1.63902,1.6393,1.69,1.00
2017.07.20 09:33:28.650,1.63906,1.63933,1.25,1.87
2017.07.20 09:33:28.953,1.63908,1.63936,1.00,1.75
2017.07.20 09:33:29.055,1.63909,1.63937,1.25,1.37
2017.07.20 09:33:29.106,1.63909,1.63936,1.25,1.00
2017.07.20 09:33:29.157,1.63912,1.63936,1.00,1.00
2017.07.20 09:33:29.208,1.63912,1.63938,1.69,1.00
2017.07.20 09:33:29.411,1.63912,1.6394,1.69,1.87
2017.07.20 09:33:29.931,1.63912,1.63939,1.69,1.00
2017.07.20 09:33:30.460,1.63913,1.6394,1.25,1.12
2017.07.20 09:33:30.939,1.63915,1.6394,1.00,1.12
2017.07.20 09:33:31.465,1.63915,1.63939,1.00,1.00
2017.07.20 09:33:31.989,1.63917,1.6394,1.00,1.12
2017.07.20 09:33:32.040,1.63915,1.63944,1.00,1.75
2017.07.20 09:33:32.091,1.63917,1.63945,1.00,1.75
2017.07.20 09:33:32.142,1.63917,1.63945,1.00,1.37
2017.07.20 09:33:32.193,1.63917,1.63946,1.50,1.25
2017.07.20 09:33:32.244,1.63919,1.63946,1.00,1.00
2017.07.20 09:33:32.765,1.6392,1.63946,1.00,1.00
2017.07.20 09:33:33.095,1.6392,1.63948,1.00,1.12
2017.07.20 09:33:33.146,1.6392,1.63944,1.00,1.00
2017.07.20 09:33:33.697,1.63919,1.63943,1.00,1.00
2017.07.20 09:33:34.088,1.63921,1.63943,1.00,1.00
2017.07.20 09:33:34.393,1.6393,1.63952,1.00,3.00
2017.07.20 09:33:34.559,1.63928,1.63951,1.00,1.00
2017.07.20 09:33:34.661,1.63928,1.63955,1.00,1.69
2017.07.20 09:33:34.721,1.63928,1.63951,1.00,1.00
2017.07.20 09:33:35.847,1.63929,1.63951,1.00,1.00
2017.07.20 09:33:36.560,1.63929,1.63952,1.00,1.00
2017.07.20 09:33:36.866,1.63932,1.63955,1.00,1.00
2017.07.20 09:33:37.394,1.63933,1.63955,1.00,1.00
2017.07.20 09:33:37.709,1.63931,1.63955,1.00,1.00
2017.07.20 09:33:38.574,1.63932,1.63955,1.00,1.00
2017.07.20 09:33:38.751,1.63934,1.63955,1.00,1.00
2017.07.20 09:33:39.170,1.63936,1.63955,1.00,1.00
2017.07.20 09:33:39.412,1.63937,1.63958,1.00,1.00
2017.07.20 09:33:39.666,1.6394,1.63958,1.00,1.00
2017.07.20 09:33:40.199,1.63939,1.63958,1.00,1.00
2017.07.20 09:33:40.939,1.63938,1.63959,1.00,1.12
2017.07.20 09:33:41.358,1.63936,1.63959,1.00,1.12
2017.07.20 09:33:41.562,1.63933,1.63959,1.00,1.12
2017.07.20 09:33:41.663,1.63938,1.63959,1.00,1.12
2017.07.20 09:33:41.867,1.63938,1.63962,1.00,1.00
2017.07.20 09:33:42.094,1.6394,1.63963,1.00,1.00
2017.07.20 09:33:42.348,1.6394,1.63967,1.00,2.67
2017.07.20 09:33:42.552,1.63943,1.63968,1.00,2.10
2017.07.20 09:33:42.605,1.63945,1.63968,1.00,1.73
2017.07.20 09:33:42.963,1.63946,1.63972,1.00,1.69
2017.07.20 09:33:43.573,1.63946,1.63972,1.00,1.19
2017.07.20 09:33:43.624,1.63946,1.63969,1.00,1.00
2017.07.20 09:33:43.929,1.63952,1.63964,1.00,1.00
2017.07.20 09:33:43.980,1.63944,1.63962,1.00,1.69
2017.07.20 09:33:44.031,1.6394,1.63961,1.37,1.19
2017.07.20 09:33:44.082,1.63934,1.63961,1.00,1.31
2017.07.20 09:33:44.252,1.63934,1.63957,1.00,1.00
2017.07.20 09:33:44.304,1.63931,1.63958,1.00,1.31
2017.07.20 09:33:44.559,1.63928,1.63956,1.50,1.00
2017.07.20 09:33:45.085,1.63929,1.63957,1.00,1.00
2017.07.20 09:33:45.187,1.63932,1.63958,1.00,1.87
2017.07.20 09:33:45.569,1.6393,1.63956,1.00,1.00
2017.07.20 09:33:45.893,1.63932,1.63958,1.00,1.87
2017.07.20 09:33:46.210,1.6393,1.63956,1.00,1.00
2017.07.20 09:33:46.914,1.63932,1.63956,1.00,1.00
2017.07.20 09:33:47.218,1.63941,1.63968,1.12,1.69
2017.07.20 09:33:47.269,1.63942,1.63968,1.00,1.69
2017.07.20 09:33:47.941,1.63942,1.63968,1.00,1.19
2017.07.20 09:33:48.371,1.63942,1.63968,1.00,1.25
2017.07.20 09:33:48.422,1.63941,1.63968,1.12,1.19
2017.07.20 09:33:48.730,1.63941,1.63968,1.12,1.44
2017.07.20 09:33:49.001,1.63941,1.63968,1.12,1.19
2017.07.20 09:33:49.104,1.63941,1.63971,1.87,1.19
2017.07.20 09:33:49.205,1.63941,1.63971,1.87,1.25
2017.07.20 09:33:49.366,1.63943,1.6397,1.00,1.00
2017.07.20 09:33:49.861,1.63943,1.63969,1.00,1.19
2017.07.20 09:33:50.115,1.63932,1.63959,1.00,1.12
2017.07.20 09:33:50.217,1.63937,1.63959,1.00,1.12
2017.07.20 09:33:50.522,1.63945,1.63968,1.00,3.56
2017.07.20 09:33:51.030,1.63944,1.63968,1.00,1.19
2017.07.20 09:33:51.609,1.63944,1.63969,1.00,1.19
2017.07.20 09:33:51.761,1.63944,1.63969,1.00,1.25
2017.07.20 09:33:51.812,1.63941,1.63967,1.00,1.00
2017.07.20 09:33:52.015,1.63941,1.6397,1.00,1.69
2017.07.20 09:33:52.409,1.63941,1.63969,1.50,1.69
2017.07.20 09:33:52.954,1.6394,1.63968,1.00,2.25
2017.07.20 09:33:53.106,1.63941,1.63965,1.00,1.00
2017.07.20 09:33:53.157,1.63941,1.63965,1.00,1.19
2017.07.20 09:33:53.411,1.63941,1.63968,1.00,1.31
2017.07.20 09:33:53.614,1.63941,1.63968,1.00,1.69
2017.07.20 09:33:54.157,1.63942,1.63968,1.00,1.25
2017.07.20 09:33:54.475,1.63943,1.6397,1.00,1.37
2017.07.20 09:33:54.678,1.63943,1.6397,1.00,1.31
2017.07.20 09:33:54.729,1.63943,1.63969,1.00,1.19
2017.07.20 09:33:54.780,1.63945,1.6397,1.00,1.19
2017.07.20 09:33:55.084,1.63954,1.63978,1.00,1.19
2017.07.20 09:33:55.692,1.63954,1.63979,1.00,1.19
2017.07.20 09:33:56.182,1.63954,1.63981,1.00,1.31
2017.07.20 09:33:56.791,1.63954,1.63981,1.00,1.31
2017.07.20 09:33:57.480,1.63955,1.63982,1.00,1.81
2017.07.20 09:33:58.002,1.63955,1.63981,1.00,1.31
2017.07.20 09:33:58.359,1.63957,1.63982,1.00,1.31
2017.07.20 09:33:58.680,1.63954,1.63983,1.00,3.37
2017.07.20 09:33:58.993,1.63955,1.63983,1.00,2.44
2017.07.20 09:33:59.666,1.63956,1.63983,1.00,3.56
2017.07.20 09:34:00.193,1.63956,1.63982,1.00,2.06
2017.07.20 09:34:00.694,1.63956,1.63981,1.00,1.50
2017.07.20 09:34:00.884,1.63954,1.63978,1.50,1.19
2017.07.20 09:34:01.430,1.63954,1.63978,1.50,1.25
2017.07.20 09:34:02.121,1.63955,1.63981,1.00,2.25
2017.07.20 09:34:02.172,1.63955,1.63982,1.00,1.56
2017.07.20 09:34:02.222,1.63956,1.63978,1.00,1.44
2017.07.20 09:34:02.616,1.63955,1.63978,1.50,1.37
2017.07.20 09:34:02.849,1.63955,1.63979,1.50,1.44
2017.07.20 09:34:03.306,1.63954,1.63979,1.00,1.31
2017.07.20 09:34:03.408,1.63956,1.63982,1.00,1.44
2017.07.20 09:34:03.510,1.63956,1.63983,1.50,1.31
2017.07.20 09:34:03.561,1.63956,1.63983,1.00,1.19
2017.07.20 09:34:03.612,1.63958,1.63982,1.00,1.00
2017.07.20 09:34:04.154,1.63959,1.63983,1.00,1.19
2017.07.20 09:34:04.459,1.63961,1.63983,1.00,1.19
2017.07.20 09:34:05.658,1.63961,1.63983,1.00,1.19
2017.07.20 09:34:06.164,1.6396,1.63983,1.00,1.69
2017.07.20 09:34:06.266,1.6396,1.63983,1.00,1.69
2017.07.20 09:34:06.317,1.63962,1.63983,1.00,1.25
2017.07.20 09:34:06.368,1.63962,1.63986,1.00,1.50
2017.07.20 09:34:06.419,1.63963,1.63987,1.00,1.00
2017.07.20 09:34:06.661,1.63965,1.63988,1.00,1.25
2017.07.20 09:34:08.002,1.63966,1.63988,1.00,1.00
2017.07.20 09:34:08.054,1.63966,1.63992,1.00,2.25
2017.07.20 09:34:08.105,1.63971,1.63993,1.00,2.00
2017.07.20 09:34:08.157,1.63971,1.63992,1.00,1.00
2017.07.20 09:34:08.321,1.63968,1.63993,1.00,1.12
2017.07.20 09:34:08.631,1.6397,1.63992,1.00,1.00
2017.07.20 09:34:08.948,1.63972,1.63992,1.00,1.00
2017.07.20 09:34:09.520,1.63973,1.63993,1.00,1.12
2017.07.20 09:34:09.673,1.63973,1.63996,1.00,1.19
2017.07.20 09:34:11.631,1.63973,1.63996,1.00,1.00
2017.07.20 09:34:12.009,1.63978,1.63998,1.00,1.12
2017.07.20 09:34:12.315,1.63983,1.64004,1.00,1.27
2017.07.20 09:34:12.619,1.63981,1.64006,1.00,1.45
2017.07.20 09:34:12.921,1.63984,1.64007,1.00,1.95
2017.07.20 09:34:13.224,1.63982,1.64006,1.00,1.37
2017.07.20 09:34:13.922,1.63983,1.64006,1.00,1.37
2017.07.20 09:34:14.448,1.63984,1.64006,1.00,1.22
2017.07.20 09:34:14.955,1.63985,1.64006,1.00,1.22
2017.07.20 09:34:15.502,1.63986,1.64007,1.00,1.22
2017.07.20 09:34:15.603,1.63984,1.64007,1.00,1.22
2017.07.20 09:34:15.911,1.63986,1.64007,1.00,1.15
2017.07.20 09:34:16.367,1.63987,1.64011,1.00,1.00
2017.07.20 09:34:17.410,1.63987,1.6401,1.00,1.00
2017.07.20 09:34:17.778,1.63988,1.64012,1.00,1.00
2017.07.20 09:34:17.880,1.63988,1.64014,1.00,1.31
2017.07.20 09:34:19.348,1.63989,1.64014,1.00,1.25
2017.07.20 09:34:20.118,1.63987,1.64015,1.00,2.44
2017.07.20 09:34:20.460,1.63989,1.64014,1.00,1.00
2017.07.20 09:34:20.609,1.63987,1.64014,1.00,1.00
2017.07.20 09:34:21.156,1.63986,1.64014,1.50,1.87
2017.07.20 09:34:22.138,1.63987,1.64014,1.00,1.50
2017.07.20 09:34:22.658,1.63986,1.64014,1.50,1.50
2017.07.20 09:34:22.866,1.63988,1.64014,1.00,1.50
2017.07.20 09:34:23.547,1.63987,1.64014,1.00,1.50
2017.07.20 09:34:24.078,1.63986,1.64014,1.50,1.69
2017.07.20 09:34:25.589,1.63985,1.64015,1.87,2.44
2017.07.20 09:34:26.092,1.63986,1.64014,1.00,1.25
2017.07.20 09:34:26.608,1.63985,1.64015,1.87,2.44
2017.07.20 09:34:27.150,1.63985,1.64015,1.87,2.25
2017.07.20 09:34:27.587,1.63972,1.64002,1.87,1.50
2017.07.20 09:34:28.095,1.63973,1.64001,1.00,1.12
2017.07.20 09:34:28.610,1.63973,1.64,1.00,1.00
2017.07.20 09:34:29.161,1.63972,1.64,1.12,1.50
2017.07.20 09:34:30.111,1.63973,1.64,1.00,1.00
2017.07.20 09:34:30.670,1.63972,1.64,1.87,1.00
2017.07.20 09:34:31.196,1.63973,1.64,1.00,1.00
2017.07.20 09:34:31.904,1.63973,1.63999,1.00,1.00
2017.07.20 09:34:32.581,1.63972,1.63999,1.87,1.00
2017.07.20 09:34:34.109,1.63973,1.63999,1.00,1.00
2017.07.20 09:34:35.169,1.63972,1.63999,1.12,1.00
2017.07.20 09:34:35.750,1.63973,1.63999,1.00,1.00
2017.07.20 09:34:36.155,1.63972,1.63997,1.12,1.00
2017.07.20 09:34:36.484,1.63972,1.63995,1.12,1.00
2017.07.20 09:34:36.535,1.63973,1.63997,1.00,1.00
2017.07.20 09:34:37.042,1.63973,1.63998,1.00,1.00
2017.07.20 09:34:37.568,1.63973,1.63999,1.00,1.00
2017.07.20 09:34:37.822,1.63974,1.64001,1.00,1.50
2017.07.20 09:34:37.874,1.6398,1.64006,1.00,1.12
2017.07.20 09:34:37.927,1.6398,1.64007,1.50,1.69
2017.07.20 09:34:37.978,1.63985,1.64008,1.00,1.19
2017.07.20 09:34:38.282,1.63987,1.64008,1.00,1.25
2017.07.20 09:34:38.333,1.63983,1.64008,1.00,1.25
2017.07.20 09:34:38.434,1.63986,1.64007,1.00,1.25
2017.07.20 09:34:39.034,1.63986,1.64012,1.00,1.44
2017.07.20 09:34:39.085,1.63986,1.64013,1.00,2.06
2017.07.20 09:34:39.339,1.63987,1.64012,1.00,1.50
2017.07.20 09:34:39.440,1.63984,1.64008,1.50,1.19
2017.07.20 09:34:40.417,1.63984,1.64008,1.50,1.00
2017.07.20 09:34:40.519,1.63986,1.64012,1.00,1.56
2017.07.20 09:34:40.622,1.63986,1.64011,1.00,1.12
2017.07.20 09:34:40.673,1.63992,1.64017,1.00,2.81
2017.07.20 09:34:40.724,1.63992,1.64016,1.00,1.25
2017.07.20 09:34:40.876,1.6399,1.64016,1.00,1.37
2017.07.20 09:34:41.261,1.63989,1.64014,1.00,2.06
2017.07.20 09:34:41.667,1.63987,1.64013,1.00,2.25
2017.07.20 09:34:41.921,1.63987,1.64013,1.00,1.69
2017.07.20 09:34:42.444,1.63987,1.64013,1.00,2.06
2017.07.20 09:34:43.780,1.63988,1.64013,1.00,2.06
2017.07.20 09:34:44.449,1.63987,1.64013,1.00,2.81
2017.07.20 09:34:45.638,1.63988,1.64013,1.00,2.06
2017.07.20 09:34:46.482,1.63987,1.64013,1.00,2.06
2017.07.20 09:34:51.742,1.63987,1.64013,1.00,1.87
2017.07.20 09:34:51.844,1.63988,1.64016,1.00,1.12
2017.07.20 09:34:51.896,1.63991,1.64018,1.00,2.81
2017.07.20 09:34:52.245,1.63994,1.64019,1.00,1.69
2017.07.20 09:34:52.399,1.64001,1.64027,1.50,1.12
2017.07.20 09:34:52.551,1.64004,1.64028,1.00,1.56
2017.07.20 09:34:53.318,1.64004,1.64028,1.00,1.00
2017.07.20 09:34:53.369,1.64004,1.6403,1.00,1.00
2017.07.20 09:34:53.674,1.64006,1.64031,1.00,1.50
2017.07.20 09:34:53.978,1.64011,1.64033,1.00,1.00
2017.07.20 09:34:54.130,1.64011,1.64039,1.00,2.81
2017.07.20 09:34:54.474,1.64015,1.64038,1.00,1.00
2017.07.20 09:34:54.981,1.64015,1.64039,1.00,1.50
2017.07.20 09:34:55.500,1.64015,1.64038,1.00,1.00
2017.07.20 09:34:56.014,1.64014,1.64038,1.00,1.00
2017.07.20 09:34:56.670,1.64014,1.64039,1.00,1.25
2017.07.20 09:34:57.012,1.64007,1.64028,1.00,1.00
2017.07.20 09:34:57.375,1.64006,1.64034,3.00,1.50
2017.07.20 09:34:57.527,1.64009,1.64034,1.00,1.00
2017.07.20 09:34:57.853,1.64012,1.64038,1.00,1.19
2017.07.20 09:34:57.955,1.64012,1.64039,1.00,1.87
2017.07.20 09:34:58.158,1.64013,1.64034,1.00,1.00
2017.07.20 09:34:58.676,1.64011,1.64033,1.00,1.00
2017.07.20 09:34:59.220,1.6401,1.64032,1.00,1.00
2017.07.20 09:34:59.271,1.64012,1.64033,1.00,2.44
2017.07.20 09:34:59.883,1.64012,1.64032,1.00,1.00
2017.07.20 09:35:00.467,1.64012,1.64033,1.00,1.00
2017.07.20 09:35:00.670,1.64003,1.64027,1.00,1.69
2017.07.20 09:35:00.721,1.64003,1.64018,1.00,1.00
2017.07.20 09:35:00.772,1.64001,1.64019,1.00,1.00
2017.07.20 09:35:00.874,1.63997,1.64015,1.87,1.00
2017.07.20 09:35:01.091,1.63988,1.64009,1.00,1.00
2017.07.20 09:35:01.193,1.63986,1.6401,1.00,1.87
2017.07.20 09:35:01.699,1.63985,1.64009,1.00,1.00
2017.07.20 09:35:02.210,1.63984,1.64009,1.00,1.00
2017.07.20 09:35:02.758,1.63985,1.64009,1.00,1.00
2017.07.20 09:35:02.959,1.63987,1.64009,1.00,1.00
2017.07.20 09:35:03.287,1.63994,1.64017,1.00,1.75
2017.07.20 09:35:03.338,1.63994,1.6402,1.00,2.44
2017.07.20 09:35:03.388,1.63996,1.6402,1.00,1.69
2017.07.20 09:35:03.439,1.63996,1.6402,1.00,1.31
2017.07.20 09:35:03.642,1.63995,1.6402,1.00,1.31
2017.07.20 09:35:04.174,1.63995,1.64019,1.00,1.00
2017.07.20 09:35:05.397,1.63995,1.6402,1.00,2.06
2017.07.20 09:35:05.977,1.63994,1.64019,1.00,1.25
2017.07.20 09:35:06.521,1.63994,1.64014,1.00,1.00
2017.07.20 09:35:06.573,1.63987,1.64012,1.75,1.00
2017.07.20 09:35:06.624,1.63987,1.64011,1.75,1.19
2017.07.20 09:35:06.675,1.63987,1.64012,1.37,1.31
2017.07.20 09:35:06.726,1.63987,1.64006,1.00,1.00
2017.07.20 09:35:07.132,1.63986,1.64006,1.00,1.19
2017.07.20 09:35:07.183,1.63982,1.64001,1.00,1.00
2017.07.20 09:35:07.306,1.63982,1.64001,1.00,1.37
2017.07.20 09:35:07.407,1.63979,1.63996,1.00,1.00
2017.07.20 09:35:07.920,1.63978,1.63997,1.00,1.12
2017.07.20 09:35:08.376,1.63976,1.63997,1.00,1.12
2017.07.20 09:35:08.960,1.63976,1.63996,1.00,1.00
2017.07.20 09:35:09.213,1.63973,1.63996,1.00,1.00
2017.07.20 09:35:09.518,1.6397,1.63996,1.34,1.00
2017.07.20 09:35:10.031,1.63972,1.63995,1.00,1.00
2017.07.20 09:35:10.552,1.63971,1.63995,1.09,1.00
2017.07.20 09:35:11.162,1.63972,1.63995,1.00,1.00
2017.07.20 09:35:12.105,1.63972,1.63996,1.00,1.50
2017.07.20 09:35:14.880,1.63972,1.63995,1.00,1.00
2017.07.20 09:35:15.397,1.63972,1.63996,1.00,1.50
2017.07.20 09:35:16.375,1.63973,1.63997,1.00,1.12
2017.07.20 09:35:17.064,1.63976,1.63997,1.00,1.12
2017.07.20 09:35:17.368,1.63978,1.63997,1.00,1.12
2017.07.20 09:35:18.029,1.63979,1.63997,1.00,1.12
2017.07.20 09:35:18.540,1.63979,1.63996,1.00,1.00
2017.07.20 09:35:18.922,1.63981,1.63996,1.00,1.00
2017.07.20 09:35:19.633,1.63981,1.63997,1.00,1.12
2017.07.20 09:35:20.418,1.63981,1.63996,1.00,1.00
2017.07.20 09:35:21.570,1.63981,1.63997,1.00,1.12
2017.07.20 09:35:22.077,1.63981,1.63996,1.50,1.00
2017.07.20 09:35:22.330,1.63982,1.64003,1.00,1.75
2017.07.20 09:35:22.381,1.63982,1.64004,1.00,1.50
2017.07.20 09:35:24.020,1.63981,1.64003,1.00,1.37
2017.07.20 09:35:24.274,1.63981,1.64004,1.00,1.00
2017.07.20 09:35:24.807,1.63982,1.64004,1.00,1.00
2017.07.20 09:35:25.329,1.63982,1.64003,1.50,1.00
2017.07.20 09:35:25.839,1.63981,1.64004,1.00,1.37
2017.07.20 09:35:26.371,1.63979,1.64004,1.00,1.75
2017.07.20 09:35:26.530,1.63981,1.64003,1.00,1.50
2017.07.20 09:35:27.197,1.63979,1.64003,1.00,1.50
2017.07.20 09:35:27.350,1.63979,1.63999,1.00,1.00
2017.07.20 09:35:27.503,1.63977,1.64,1.00,1.00
2017.07.20 09:35:28.077,1.63977,1.63999,1.50,1.00
2017.07.20 09:35:28.585,1.63977,1.64,1.50,1.00
2017.07.20 09:35:29.148,1.63977,1.63999,1.00,1.00
2017.07.20 09:35:29.657,1.63978,1.64,1.00,1.00
2017.07.20 09:35:30.487,1.63978,1.63999,1.00,1.00
2017.07.20 09:35:31.027,1.63979,1.64,1.00,1.00
2017.07.20 09:35:31.538,1.63979,1.63999,1.00,1.00
2017.07.20 09:35:32.092,1.63978,1.63999,1.00,1.00
2017.07.20 09:35:32.630,1.63978,1.64,1.00,1.00
2017.07.20 09:35:33.223,1.63977,1.63999,1.00,1.00
2017.07.20 09:35:33.630,1.63973,1.63999,1.34,1.19
2017.07.20 09:35:33.732,1.63973,1.64,1.34,1.69
2017.07.20 09:35:34.238,1.63974,1.63999,1.09,1.00
2017.07.20 09:35:35.543,1.63975,1.63999,1.00,1.00
2017.07.20 09:35:35.998,1.63977,1.63999,1.00,1.00
2017.07.20 09:35:36.511,1.63977,1.64,1.00,1.00
2017.07.20 09:35:36.809,1.63975,1.63999,1.00,1.00
2017.07.20 09:35:37.440,1.63975,1.64,1.00,1.25
2017.07.20 09:35:37.949,1.63973,1.64,1.34,1.69
2017.07.20 09:35:38.123,1.63976,1.64,1.00,1.25
2017.07.20 09:35:38.823,1.63974,1.63995,1.00,1.00
2017.07.20 09:35:38.924,1.63968,1.63994,1.00,1.25
2017.07.20 09:35:38.975,1.63968,1.63994,1.00,1.19
2017.07.20 09:35:39.279,1.63967,1.63992,1.00,1.69
2017.07.20 09:35:39.586,1.63967,1.63992,1.00,1.69
2017.07.20 09:35:40.092,1.63967,1.63992,1.00,1.69
2017.07.20 09:35:40.430,1.63965,1.63991,1.09,1.69
2017.07.20 09:35:43.518,1.63966,1.63991,1.00,1.69
2017.07.20 09:35:45.680,1.63966,1.63992,1.50,1.00
2017.07.20 09:35:46.348,1.63967,1.63992,1.00,1.00
2017.07.20 09:35:46.459,1.63971,1.63993,1.00,1.00
2017.07.20 09:35:46.826,1.63977,1.63994,1.00,1.50
2017.07.20 09:35:47.847,1.63977,1.63995,1.00,1.00
2017.07.20 09:35:48.422,1.63977,1.63994,1.00,1.00
2017.07.20 09:35:48.960,1.63977,1.63995,1.00,1.00
2017.07.20 09:35:49.533,1.63977,1.63994,1.00,1.00
2017.07.20 09:35:50.237,1.63977,1.63995,1.00,1.00
2017.07.20 09:35:50.748,1.63977,1.63994,1.00,1.00
2017.07.20 09:35:51.418,1.63977,1.63995,1.00,1.00
2017.07.20 09:35:53.089,1.63981,1.63994,1.00,1.00
2017.07.20 09:35:53.140,1.63981,1.64003,1.00,1.94
2017.07.20 09:35:53.242,1.63981,1.64005,1.00,1.00
2017.07.20 09:35:53.791,1.63982,1.64006,1.00,1.19
2017.07.20 09:35:53.842,1.63979,1.64004,1.00,2.81
2017.07.20 09:35:53.893,1.63978,1.64003,1.00,2.25
2017.07.20 09:35:54.135,1.63969,1.63994,1.50,1.19
2017.07.20 09:35:54.338,1.63969,1.63991,1.50,1.00
2017.07.20 09:35:55.019,1.63969,1.63992,1.50,1.31
2017.07.20 09:35:55.547,1.63969,1.63991,1.50,1.00
2017.07.20 09:35:56.089,1.63969,1.63992,1.50,1.31
2017.07.20 09:35:56.416,1.63976,1.63994,1.00,1.50
2017.07.20 09:35:56.517,1.63977,1.63996,1.00,1.37
2017.07.20 09:35:56.568,1.63977,1.63999,1.00,1.87
2017.07.20 09:35:56.721,1.63978,1.64005,1.09,2.06
2017.07.20 09:35:56.772,1.63978,1.64005,1.09,1.69
2017.07.20 09:35:56.823,1.63977,1.64002,3.34,1.00
2017.07.20 09:35:57.157,1.63977,1.64002,2.59,1.19
2017.07.20 09:35:57.487,1.63982,1.64002,1.00,1.19
2017.07.20 09:35:57.672,1.63976,1.63999,1.50,1.19
2017.07.20 09:35:57.723,1.63971,1.63994,1.09,1.50
2017.07.20 09:35:57.875,1.6397,1.63994,1.00,1.50
2017.07.20 09:35:58.027,1.6397,1.63992,1.00,1.00
2017.07.20 09:35:58.129,1.6397,1.63994,1.00,1.69
2017.07.20 09:35:58.181,1.63968,1.63994,1.00,1.00
2017.07.20 09:35:58.312,1.63971,1.63994,1.00,1.00
2017.07.20 09:35:58.414,1.63973,1.63997,1.00,1.00
2017.07.20 09:35:58.555,1.63975,1.63996,1.00,1.00
2017.07.20 09:35:58.910,1.63976,1.64,1.00,1.00
2017.07.20 09:35:59.063,1.63978,1.64005,1.50,1.12
2017.07.20 09:35:59.165,1.63982,1.64005,1.00,1.12
2017.07.20 09:35:59.559,1.63982,1.64009,1.00,1.25
2017.07.20 09:35:59.863,1.63983,1.64007,1.12,1.00
2017.07.20 09:36:00.392,1.63984,1.64008,1.00,1.00
2017.07.20 09:36:00.998,1.63983,1.64008,1.12,1.00
2017.07.20 09:36:01.264,1.63983,1.6401,1.87,1.00
2017.07.20 09:36:01.579,1.63984,1.6401,1.00,1.19
2017.07.20 09:36:01.892,1.63986,1.64008,1.00,1.50
2017.07.20 09:36:02.400,1.63987,1.64008,1.00,1.25
2017.07.20 09:36:02.745,1.63986,1.64006,1.12,1.31
2017.07.20 09:36:02.848,1.63979,1.64006,1.00,1.31
2017.07.20 09:36:03.382,1.63979,1.64003,1.00,1.00
2017.07.20 09:36:03.925,1.63979,1.64004,1.00,1.00
2017.07.20 09:36:04.026,1.63982,1.64004,1.00,1.00
2017.07.20 09:36:04.601,1.63982,1.64005,1.00,1.00
2017.07.20 09:36:04.733,1.63982,1.64008,1.50,1.00
2017.07.20 09:36:05.250,1.63981,1.64007,1.50,1.00
2017.07.20 09:36:05.352,1.63984,1.64007,1.00,1.00
2017.07.20 09:36:05.881,1.63984,1.64005,1.12,1.00
2017.07.20 09:36:07.350,1.63985,1.64005,1.00,1.00
2017.07.20 09:36:08.218,1.63984,1.64005,1.12,1.00
2017.07.20 09:36:09.306,1.63985,1.64005,1.00,1.00
2017.07.20 09:36:10.709,1.63984,1.64005,1.12,1.00
2017.07.20 09:36:10.760,1.63984,1.64008,1.12,1.19
2017.07.20 09:36:10.811,1.63991,1.64008,1.00,1.00
2017.07.20 09:36:11.346,1.63992,1.64013,1.00,1.75
2017.07.20 09:36:11.550,1.63989,1.64009,1.00,1.19
2017.07.20 09:36:11.893,1.63988,1.64009,1.00,1.00
2017.07.20 09:36:12.000,1.63989,1.64008,1.00,1.19
2017.07.20 09:36:12.153,1.63989,1.64009,1.00,1.25
2017.07.20 09:36:12.675,1.63988,1.6401,1.00,1.25
2017.07.20 09:36:12.777,1.63983,1.64008,1.75,1.00
2017.07.20 09:36:12.929,1.63983,1.64008,1.50,1.00
2017.07.20 09:36:13.461,1.63983,1.64011,2.25,1.25
2017.07.20 09:36:13.613,1.63984,1.64011,1.00,1.19
2017.07.20 09:36:14.177,1.63983,1.6401,1.50,1.00
2017.07.20 09:36:14.482,1.63986,1.64012,1.00,1.00
2017.07.20 09:36:15.028,1.63986,1.64012,1.00,1.69
2017.07.20 09:36:15.441,1.63984,1.64011,1.00,1.25
2017.07.20 09:36:15.493,1.63986,1.64011,1.00,1.25
2017.07.20 09:36:15.594,1.63984,1.64011,1.00,1.25
2017.07.20 09:36:16.108,1.63987,1.64011,1.00,1.00
2017.07.20 09:36:16.222,1.63984,1.64011,1.00,1.00
2017.07.20 09:36:16.697,1.63986,1.64011,1.00,1.00
2017.07.20 09:36:16.849,1.63983,1.64011,1.84,1.25
2017.07.20 09:36:16.900,1.63983,1.64011,1.84,1.31
2017.07.20 09:36:17.507,1.63983,1.64009,1.00,1.00
2017.07.20 09:36:18.093,1.63982,1.64006,1.50,1.00
2017.07.20 09:36:18.498,1.63982,1.64008,1.00,1.00
2017.07.20 09:36:19.032,1.63982,1.64008,1.00,1.69
2017.07.20 09:36:19.898,1.63981,1.64007,1.50,1.25
2017.07.20 09:36:20.442,1.63981,1.64007,1.84,1.25
2017.07.20 09:36:20.543,1.63982,1.64007,4.09,1.00
2017.07.20 09:36:20.594,1.63987,1.64012,1.09,1.00
2017.07.20 09:36:20.798,1.6399,1.64014,1.00,1.00
2017.07.20 09:36:21.102,1.63997,1.64017,1.37,1.50
2017.07.20 09:36:21.378,1.64001,1.64026,1.87,1.25
2017.07.20 09:36:21.784,1.64001,1.64028,1.87,2.44
2017.07.20 09:36:21.835,1.64002,1.64028,1.00,2.25
2017.07.20 09:36:22.191,1.64004,1.64029,1.00,1.00
2017.07.20 09:36:22.516,1.64005,1.64031,1.00,1.12
2017.07.20 09:36:23.694,1.64005,1.6403,1.00,1.00
2017.07.20 09:36:25.060,1.64007,1.6403,1.00,1.00
2017.07.20 09:36:25.596,1.64007,1.64031,1.00,1.12
2017.07.20 09:36:26.750,1.64007,1.6403,1.00,1.00
2017.07.20 09:36:27.680,1.64007,1.64031,1.00,1.12
2017.07.20 09:36:28.266,1.64005,1.64031,1.00,1.12
2017.07.20 09:36:29.180,1.64005,1.6403,1.00,1.00
2017.07.20 09:36:29.594,1.64007,1.64034,1.00,1.75
2017.07.20 09:36:29.797,1.64009,1.64035,1.00,1.25
2017.07.20 09:36:30.366,1.64008,1.64035,1.50,1.19
2017.07.20 09:36:30.468,1.64007,1.64033,1.50,1.31
2017.07.20 09:36:30.807,1.64003,1.64026,1.00,1.00
2017.07.20 09:36:31.011,1.64007,1.64031,1.00,1.25
2017.07.20 09:36:31.370,1.64009,1.64034,1.00,1.19
2017.07.20 09:36:32.113,1.64009,1.64034,1.00,1.19
2017.07.20 09:36:32.215,1.64006,1.6403,1.12,1.19
2017.07.20 09:36:32.418,1.64002,1.64028,1.50,1.37
2017.07.20 09:36:32.661,1.64002,1.64029,1.00,1.87
2017.07.20 09:36:33.367,1.64002,1.64028,1.00,1.00
2017.07.20 09:36:33.869,1.64002,1.64029,1.87,1.00
2017.07.20 09:36:34.031,1.64005,1.6403,1.00,1.00
2017.07.20 09:36:36.245,1.64007,1.6403,1.00,1.00
2017.07.20 09:36:36.496,1.64005,1.6403,1.00,1.00
2017.07.20 09:36:40.079,1.64006,1.64031,1.00,1.00
2017.07.20 09:36:40.402,1.64005,1.6403,1.00,1.19
2017.07.20 09:36:40.504,1.64003,1.64028,1.00,1.00
2017.07.20 09:36:42.304,1.64005,1.6403,1.00,1.00
2017.07.20 09:36:42.405,1.64006,1.64033,1.00,2.06
2017.07.20 09:36:42.928,1.64006,1.64032,1.12,1.25
2017.07.20 09:36:43.432,1.64006,1.64032,1.12,1.19
2017.07.20 09:36:43.837,1.64007,1.64033,1.00,1.69
2017.07.20 09:36:44.367,1.64006,1.64033,1.87,1.50
2017.07.20 09:36:44.418,1.64006,1.6403,1.12,1.00
2017.07.20 09:36:44.996,1.64007,1.6403,1.00,1.00
2017.07.20 09:36:45.098,1.64008,1.64033,1.00,1.00
2017.07.20 09:36:45.632,1.64007,1.64032,1.00,1.00
2017.07.20 09:36:45.999,1.64006,1.64029,1.12,1.00
2017.07.20 09:36:46.050,1.64006,1.64031,1.12,1.00
2017.07.20 09:36:46.291,1.64006,1.64026,1.12,1.00
2017.07.20 09:36:46.596,1.63998,1.64008,1.37,1.00
2017.07.20 09:36:46.647,1.63998,1.64007,1.00,1.00
2017.07.20 09:36:47.190,1.63999,1.64008,1.00,1.00
2017.07.20 09:36:47.454,1.63999,1.6402,1.00,1.00
2017.07.20 09:36:47.512,1.63999,1.64007,1.00,1.00
2017.07.20 09:36:47.564,1.64004,1.64024,1.00,1.00
2017.07.20 09:36:48.070,1.64003,1.64024,1.00,1.00
2017.07.20 09:36:48.172,1.64003,1.64011,1.00,1.00
2017.07.20 09:36:48.675,1.63999,1.64008,1.37,1.00
2017.07.20 09:36:48.726,1.64,1.64008,1.00,1.00
2017.07.20 09:36:49.344,1.63999,1.64008,1.00,1.00
2017.07.20 09:36:50.376,1.64,1.64008,1.00,1.00
2017.07.20 09:36:50.880,1.63999,1.64008,1.00,1.00
2017.07.20 09:36:51.033,1.64001,1.6401,1.00,1.00
2017.07.20 09:36:51.084,1.63999,1.64009,1.00,1.00
2017.07.20 09:36:51.408,1.63999,1.64008,1.00,1.00
2017.07.20 09:36:52.188,1.63999,1.64007,1.00,1.00
2017.07.20 09:36:52.853,1.64,1.64007,1.00,1.00
2017.07.20 09:36:53.505,1.63999,1.64007,1.00,1.00
2017.07.20 09:36:54.650,1.64,1.64007,1.00,1.00
2017.07.20 09:36:55.235,1.63999,1.64007,1.00,1.00
2017.07.20 09:36:55.854,1.64,1.64007,1.00,1.00
2017.07.20 09:36:56.747,1.64,1.64007,1.00,1.00
2017.07.20 09:36:57.338,1.63998,1.64004,1.00,1.00
2017.07.20 09:36:57.389,1.6399,1.63998,1.12,1.00
2017.07.20 09:36:57.541,1.63986,1.63994,1.00,1.00
2017.07.20 09:36:58.053,1.63986,1.63994,1.00,1.00
2017.07.20 09:36:58.585,1.63985,1.63994,1.00,1.00
2017.07.20 09:36:59.214,1.63986,1.63994,1.00,1.00
2017.07.20 09:36:59.564,1.63986,1.63998,1.00,1.00
2017.07.20 09:36:59.615,1.63986,1.63998,1.00,1.19
2017.07.20 09:36:59.943,1.63986,1.63993,1.00,1.00
2017.07.20 09:37:00.545,1.63985,1.63998,1.00,1.00
2017.07.20 09:37:00.796,1.63985,1.63994,1.00,1.00
2017.07.20 09:37:01.043,1.63986,1.63999,1.00,1.00
2017.07.20 09:37:02.015,1.63985,1.63999,1.00,1.00
2017.07.20 09:37:02.568,1.63985,1.63998,1.00,1.00
2017.07.20 09:37:03.139,1.63986,1.63998,1.00,1.00
2017.07.20 09:37:03.765,1.63985,1.63999,1.00,1.00
2017.07.20 09:37:03.917,1.63985,1.63995,1.00,1.00
2017.07.20 09:37:04.426,1.63986,1.63995,1.00,1.00
2017.07.20 09:37:04.878,1.63985,1.63998,1.00,1.00
2017.07.20 09:37:05.419,1.63986,1.63998,1.00,1.00
2017.07.20 09:37:05.921,1.63985,1.63998,1.00,1.00
2017.07.20 09:37:06.742,1.63986,1.63998,1.00,1.00
2017.07.20 09:37:07.316,1.63986,1.63999,1.00,1.00
2017.07.20 09:37:07.575,1.63986,1.63994,1.00,1.00
2017.07.20 09:37:08.117,1.63985,1.63994,1.00,1.00
2017.07.20 09:37:08.632,1.63986,1.63999,1.00,1.00
2017.07.20 09:37:09.285,1.63985,1.63999,1.00,1.00
2017.07.20 09:37:10.030,1.63986,1.63999,1.00,1.00
2017.07.20 09:37:10.827,1.63985,1.63994,1.00,1.00
2017.07.20 09:37:11.132,1.63976,1.63989,1.37,1.00
2017.07.20 09:37:11.184,1.63973,1.63989,1.00,1.00
2017.07.20 09:37:11.437,1.63973,1.6398,1.00,1.00
2017.07.20 09:37:11.697,1.63964,1.63979,1.00,1.00
2017.07.20 09:37:12.525,1.63963,1.63979,1.50,1.00
2017.07.20 09:37:13.866,1.63963,1.63978,1.00,1.00
2017.07.20 09:37:14.393,1.63962,1.63978,1.84,1.00
2017.07.20 09:37:14.601,1.63967,1.63979,1.00,1.00
2017.07.20 09:37:14.906,1.63972,1.63983,1.50,1.00
2017.07.20 09:37:15.449,1.6397,1.63979,1.00,1.00
2017.07.20 09:37:15.602,1.6396,1.63973,1.75,1.00
2017.07.20 09:37:15.825,1.63956,1.63974,1.00,1.00
2017.07.20 09:37:15.876,1.63958,1.63974,1.34,1.00
2017.07.20 09:37:16.403,1.63958,1.63973,1.34,1.00
2017.07.20 09:37:16.556,1.63956,1.63974,1.34,1.00
2017.07.20 09:37:16.923,1.63959,1.63974,1.00,1.00
2017.07.20 09:37:17.429,1.63958,1.63974,1.09,1.00
2017.07.20 09:37:18.126,1.63958,1.63974,1.34,1.00
2017.07.20 09:37:18.492,1.63958,1.63969,1.34,1.00
2017.07.20 09:37:19.255,1.63954,1.63969,1.34,1.00
2017.07.20 09:37:20.003,1.63954,1.63965,1.50,1.00
2017.07.20 09:37:20.106,1.63949,1.63964,1.75,1.00
2017.07.20 09:37:20.207,1.63944,1.63964,1.00,1.00
2017.07.20 09:37:20.258,1.6394,1.63959,1.71,1.00
2017.07.20 09:37:20.809,1.6394,1.63958,1.34,1.00
2017.07.20 09:37:23.252,1.6394,1.63959,1.34,1.00
2017.07.20 09:37:23.686,1.63948,1.63963,1.00,1.00
2017.07.20 09:37:24.024,1.6395,1.63964,1.00,1.00
2017.07.20 09:37:24.278,1.6395,1.63969,1.00,1.00
2017.07.20 09:37:26.269,1.63952,1.63969,1.00,1.00
2017.07.20 09:37:26.791,1.63952,1.63964,1.00,1.00
2017.07.20 09:37:26.995,1.63941,1.63958,1.00,1.00
2017.07.20 09:37:27.046,1.63944,1.63958,1.00,1.00
2017.07.20 09:37:28.179,1.63943,1.63958,1.00,1.00
2017.07.20 09:37:28.508,1.63945,1.63958,1.00,1.00
2017.07.20 09:37:29.053,1.63946,1.63958,1.00,1.00
2017.07.20 09:37:30.282,1.63946,1.63959,1.00,1.00
2017.07.20 09:37:30.798,1.63943,1.63959,1.34,1.00
2017.07.20 09:37:33.385,1.63943,1.63958,1.34,1.00
2017.07.20 09:37:34.158,1.63943,1.63959,1.34,1.00
2017.07.20 09:37:34.971,1.63943,1.63958,1.34,1.00
2017.07.20 09:37:36.863,1.63943,1.63959,1.34,1.00
2017.07.20 09:37:36.914,1.63943,1.63959,1.00,1.00
2017.07.20 09:37:36.965,1.63939,1.63959,3.34,1.00
2017.07.20 09:37:37.016,1.63939,1.63953,2.59,1.00
2017.07.20 09:37:37.562,1.6394,1.63953,1.00,1.00
2017.07.20 09:37:38.336,1.63944,1.63959,1.84,1.00
2017.07.20 09:37:38.388,1.63948,1.63963,1.84,1.00
2017.07.20 09:37:38.490,1.63954,1.63963,1.00,1.00
2017.07.20 09:37:38.991,1.63955,1.63963,1.00,1.00
2017.07.20 09:37:39.397,1.6395,1.63963,1.00,1.00
2017.07.20 09:37:39.498,1.63954,1.63963,1.00,1.00
2017.07.20 09:37:39.781,1.63949,1.63963,1.00,1.00
2017.07.20 09:37:39.994,1.63951,1.63963,1.00,1.00
2017.07.20 09:37:40.146,1.63951,1.63969,1.00,1.00
2017.07.20 09:37:40.298,1.63952,1.63964,1.00,1.00
2017.07.20 09:37:40.501,1.63949,1.63964,1.00,1.00
2017.07.20 09:37:40.821,1.63947,1.63964,1.00,1.00
2017.07.20 09:37:41.710,1.63947,1.63969,1.00,1.00
2017.07.20 09:37:41.814,1.63946,1.63963,1.00,1.00
2017.07.20 09:37:41.916,1.63946,1.63968,1.00,1.00
2017.07.20 09:37:42.554,1.63948,1.63968,1.25,1.00
2017.07.20 09:37:42.756,1.6395,1.63974,1.00,1.00
2017.07.20 09:37:43.458,1.63951,1.63974,1.00,1.00
2017.07.20 09:37:43.718,1.63952,1.63969,1.00,1.00
2017.07.20 09:37:44.054,1.63954,1.63969,1.00,1.00
2017.07.20 09:37:44.988,1.63954,1.63974,1.00,1.00
2017.07.20 09:37:45.481,1.63954,1.63964,1.00,1.00
2017.07.20 09:37:45.693,1.63952,1.63964,1.00,1.00
2017.07.20 09:37:46.114,1.63952,1.63961,1.00,1.00
2017.07.20 09:37:46.318,1.63949,1.63959,1.00,1.00
2017.07.20 09:37:47.022,1.63949,1.63955,1.00,1.00
2017.07.20 09:37:47.403,1.63949,1.63959,1.00,1.00
2017.07.20 09:37:47.930,1.63949,1.63955,1.00,1.00
2017.07.20 09:37:48.104,1.63949,1.63966,1.00,1.50
2017.07.20 09:37:48.155,1.63949,1.63957,1.00,1.00
2017.07.20 09:37:48.366,1.6394,1.63953,1.00,1.00
2017.07.20 09:37:48.417,1.63928,1.63938,1.00,1.00
2017.07.20 09:37:50.474,1.63929,1.63938,1.00,1.00
2017.07.20 09:37:50.987,1.63929,1.63939,1.00,1.00
2017.07.20 09:37:52.424,1.63929,1.63938,1.00,1.00
2017.07.20 09:37:52.931,1.63929,1.63939,1.00,1.00
2017.07.20 09:37:53.516,1.63928,1.63938,1.00,1.00
2017.07.20 09:37:53.898,1.6393,1.63944,1.00,1.00
2017.07.20 09:37:55.274,1.6393,1.63939,1.00,1.00
2017.07.20 09:37:55.326,1.63928,1.63939,1.00,1.00
2017.07.20 09:37:55.428,1.6393,1.63943,1.00,1.00
2017.07.20 09:37:55.631,1.63932,1.63943,1.00,1.00
2017.07.20 09:37:55.941,1.63935,1.63943,1.00,1.00
2017.07.20 09:37:56.248,1.63937,1.63943,1.00,1.00
2017.07.20 09:37:57.243,1.63941,1.63948,1.00,1.00
2017.07.20 09:37:57.497,1.63944,1.63951,1.00,1.00
2017.07.20 09:37:57.761,1.63944,1.63953,1.00,1.00
2017.07.20 09:37:57.913,1.63942,1.63953,1.00,1.00
2017.07.20 09:37:58.442,1.63943,1.63954,1.00,1.00
2017.07.20 09:38:00.651,1.63943,1.63953,1.00,1.00
2017.07.20 09:38:01.788,1.63943,1.63958,1.00,1.00
2017.07.20 09:38:02.605,1.63944,1.63958,1.00,1.00
2017.07.20 09:38:02.791,1.63947,1.63958,1.00,1.00
2017.07.20 09:38:04.117,1.63946,1.63958,1.00,1.00
2017.07.20 09:38:04.454,1.63948,1.63959,1.00,1.00
2017.07.20 09:38:04.989,1.63948,1.63958,1.00,1.00
2017.07.20 09:38:05.143,1.6395,1.63964,1.00,1.00
2017.07.20 09:38:05.194,1.63958,1.63964,1.00,1.00
2017.07.20 09:38:05.498,1.63955,1.63964,1.00,1.00
2017.07.20 09:38:05.999,1.63955,1.63963,1.00,1.00
2017.07.20 09:38:06.217,1.63958,1.63963,1.00,1.00
2017.07.20 09:38:06.797,1.63958,1.63964,1.00,1.00
2017.07.20 09:38:08.320,1.63955,1.63961,1.00,1.00
2017.07.20 09:38:08.423,1.63949,1.63959,1.00,1.00
2017.07.20 09:38:08.475,1.63949,1.63955,1.00,1.00
2017.07.20 09:38:08.526,1.63947,1.63955,1.00,1.00
2017.07.20 09:38:08.678,1.63947,1.63958,1.00,1.00
2017.07.20 09:38:08.942,1.63947,1.63955,1.00,1.00
2017.07.20 09:38:09.044,1.63947,1.63958,1.00,1.00
2017.07.20 09:38:09.303,1.63946,1.63955,1.00,1.00
2017.07.20 09:38:09.354,1.63949,1.63971,1.00,1.00
2017.07.20 09:38:09.405,1.63946,1.63969,1.00,1.00
2017.07.20 09:38:09.457,1.63962,1.63969,1.00,1.00
2017.07.20 09:38:09.660,1.63962,1.63978,1.75,1.19
2017.07.20 09:38:09.853,1.63966,1.63978,1.00,1.00
2017.07.20 09:38:10.005,1.6397,1.63978,1.00,1.00
2017.07.20 09:38:10.208,1.63968,1.63978,1.00,1.00
2017.07.20 09:38:10.704,1.63966,1.63978,1.00,1.00
2017.07.20 09:38:11.242,1.63967,1.63978,1.00,1.00
2017.07.20 09:38:11.930,1.63967,1.63975,1.00,1.00
2017.07.20 09:38:12.032,1.63959,1.6397,1.50,1.00
2017.07.20 09:38:12.185,1.63958,1.63973,1.75,1.00
2017.07.20 09:38:12.330,1.63963,1.63973,1.00,1.00
2017.07.20 09:38:12.386,1.63963,1.63979,1.00,1.00
2017.07.20 09:38:12.539,1.63962,1.63974,1.00,1.00
2017.07.20 09:38:12.692,1.63962,1.63978,1.00,1.00
2017.07.20 09:38:13.148,1.63963,1.63974,1.00,1.00
2017.07.20 09:38:13.491,1.63958,1.63974,1.00,1.00
2017.07.20 09:38:13.643,1.63957,1.63978,1.00,1.00
2017.07.20 09:38:13.694,1.63959,1.63973,1.00,1.00
2017.07.20 09:38:13.796,1.6396,1.63978,1.00,1.00
2017.07.20 09:38:13.949,1.63961,1.63973,1.00,1.00
2017.07.20 09:38:14.151,1.63959,1.63973,1.00,1.00
2017.07.20 09:38:14.757,1.63957,1.63973,1.00,1.00
2017.07.20 09:38:14.911,1.63959,1.63973,1.00,1.00
2017.07.20 09:38:15.114,1.63959,1.63978,1.00,1.00
2017.07.20 09:38:15.166,1.63969,1.63979,1.00,1.00
2017.07.20 09:38:15.218,1.63972,1.63989,1.00,1.87
2017.07.20 09:38:15.320,1.63976,1.63989,1.00,1.00
2017.07.20 09:38:15.811,1.63976,1.63994,1.00,1.00
2017.07.20 09:38:15.913,1.63979,1.63989,1.00,1.00
2017.07.20 09:38:16.015,1.63977,1.63994,1.00,1.00
2017.07.20 09:38:16.663,1.6398,1.63994,1.00,1.00
2017.07.20 09:38:17.179,1.63981,1.63994,1.00,1.00
2017.07.20 09:38:17.381,1.63979,1.63993,1.00,1.00
2017.07.20 09:38:17.634,1.63982,1.63988,1.00,1.00
2017.07.20 09:38:17.736,1.6398,1.63989,1.00,1.00
2017.07.20 09:38:17.838,1.63978,1.63989,1.00,1.00
2017.07.20 09:38:18.042,1.63976,1.63989,1.00,1.00
2017.07.20 09:38:18.143,1.63978,1.63989,1.00,1.00
2017.07.20 09:38:19.630,1.63977,1.63989,1.00,1.00
2017.07.20 09:38:20.148,1.63976,1.63989,1.00,1.00
2017.07.20 09:38:20.655,1.63977,1.63989,1.00,1.00
2017.07.20 09:38:22.252,1.63977,1.63983,1.00,1.00
2017.07.20 09:38:22.556,1.63974,1.63983,1.00,1.00
2017.07.20 09:38:22.722,1.63972,1.63983,1.00,1.00
2017.07.20 09:38:23.350,1.63972,1.63988,1.00,1.00
2017.07.20 09:38:23.854,1.63974,1.63988,1.00,1.00
2017.07.20 09:38:24.057,1.63974,1.63993,1.00,1.00
2017.07.20 09:38:24.209,1.63974,1.63988,1.00,1.00
2017.07.20 09:38:24.777,1.63975,1.63989,1.00,1.00
2017.07.20 09:38:25.305,1.63975,1.63984,1.00,1.00
2017.07.20 09:38:25.457,1.63972,1.63983,1.00,1.00
2017.07.20 09:38:25.932,1.63969,1.63983,1.00,1.00
2017.07.20 09:38:25.983,1.63972,1.63983,1.00,1.00
2017.07.20 09:38:26.288,1.63975,1.63983,1.00,1.00
2017.07.20 09:38:26.339,1.63971,1.63983,1.12,1.00
2017.07.20 09:38:26.850,1.63971,1.63984,1.00,1.00
2017.07.20 09:38:30.782,1.63973,1.63984,1.00,1.00
2017.07.20 09:38:30.932,1.63971,1.63984,1.00,1.00
2017.07.20 09:38:34.371,1.63971,1.63988,1.00,1.00
2017.07.20 09:38:34.422,1.63971,1.63983,1.00,1.00
2017.07.20 09:38:34.755,1.63973,1.63984,1.00,1.00
2017.07.20 09:38:35.142,1.63967,1.63984,1.50,1.00
2017.07.20 09:38:35.680,1.63966,1.63984,1.87,1.00
2017.07.20 09:38:35.731,1.63967,1.63988,1.00,1.00
2017.07.20 09:38:35.782,1.63966,1.63983,1.87,1.00
2017.07.20 09:38:36.191,1.63968,1.63983,1.00,1.00
2017.07.20 09:38:36.243,1.63966,1.63984,2.62,1.00
2017.07.20 09:38:36.547,1.63968,1.63984,1.00,1.00
2017.07.20 09:38:37.178,1.63969,1.63984,1.00,1.00
2017.07.20 09:38:37.890,1.63968,1.63984,1.00,1.00
2017.07.20 09:38:38.886,1.63967,1.63984,1.50,1.00
2017.07.20 09:38:39.478,1.63968,1.63983,1.00,1.00
2017.07.20 09:38:39.791,1.6397,1.63983,1.00,1.00
2017.07.20 09:38:39.843,1.63968,1.63983,1.00,1.00
2017.07.20 09:38:40.348,1.63967,1.63983,1.00,1.00
2017.07.20 09:38:40.911,1.63968,1.63983,1.00,1.00
2017.07.20 09:38:41.455,1.63967,1.63983,1.00,1.00
2017.07.20 09:38:41.872,1.63964,1.63983,1.46,1.00
2017.07.20 09:38:42.130,1.63963,1.63978,1.00,1.00
2017.07.20 09:38:42.383,1.63961,1.63979,1.00,1.00
2017.07.20 09:38:43.154,1.63964,1.63979,1.00,1.00
2017.07.20 09:38:43.584,1.6397,1.63979,1.00,1.00
2017.07.20 09:38:43.635,1.63966,1.63979,1.00,1.00
2017.07.20 09:38:43.788,1.63964,1.63979,1.00,1.00
2017.07.20 09:38:44.317,1.63964,1.63978,1.00,1.00
2017.07.20 09:38:44.621,1.63964,1.63974,1.50,1.00
2017.07.20 09:38:44.912,1.63959,1.63974,1.00,1.00
2017.07.20 09:38:44.964,1.63958,1.63968,1.00,1.00
2017.07.20 09:38:45.167,1.63954,1.63968,2.25,1.00
2017.07.20 09:38:46.372,1.63954,1.63973,1.84,1.00
2017.07.20 09:38:46.717,1.63957,1.63974,1.00,1.00
2017.07.20 09:38:47.021,1.63963,1.63974,1.00,1.00
2017.07.20 09:38:47.330,1.63976,1.63987,1.00,1.00
2017.07.20 09:38:47.653,1.6397,1.63979,1.00,1.00
2017.07.20 09:38:47.704,1.63966,1.63979,1.00,1.00
2017.07.20 09:38:48.060,1.63966,1.63974,1.00,1.00
2017.07.20 09:38:48.161,1.63964,1.63973,1.12,1.00
2017.07.20 09:38:48.263,1.63962,1.63973,1.00,1.00
2017.07.20 09:38:48.365,1.63962,1.63979,1.50,1.00
2017.07.20 09:38:48.416,1.63963,1.63983,1.00,1.00
2017.07.20 09:38:48.615,1.63964,1.63978,1.00,1.00
2017.07.20 09:38:48.768,1.63962,1.63978,1.00,1.00
2017.07.20 09:38:48.869,1.63964,1.63978,1.00,1.00
2017.07.20 09:38:49.399,1.63964,1.63983,1.00,1.00
2017.07.20 09:38:51.075,1.63966,1.63983,1.00,1.00
2017.07.20 09:38:51.618,1.63965,1.63983,1.50,1.00
2017.07.20 09:38:52.402,1.63967,1.63983,1.00,1.00
2017.07.20 09:38:53.354,1.63967,1.63984,1.00,1.00
2017.07.20 09:38:54.062,1.63966,1.63984,1.50,1.00
2017.07.20 09:38:54.963,1.63965,1.63984,1.50,1.00
2017.07.20 09:38:55.508,1.63966,1.63984,1.00,1.00
2017.07.20 09:38:56.169,1.63965,1.63984,1.50,1.00
2017.07.20 09:38:56.779,1.63966,1.63984,1.00,1.00
2017.07.20 09:38:57.761,1.63966,1.63983,1.00,1.00
2017.07.20 09:38:58.092,1.63968,1.63983,1.00,1.00
2017.07.20 09:39:02.881,1.63966,1.63983,1.00,1.00
2017.07.20 09:39:03.484,1.63965,1.63983,2.25,1.00
2017.07.20 09:39:03.990,1.63966,1.63983,1.00,1.00
2017.07.20 09:39:04.654,1.63965,1.63983,1.50,1.00
2017.07.20 09:39:06.072,1.63968,1.63983,1.00,1.00
2017.07.20 09:39:07.298,1.63967,1.63983,1.12,1.00
2017.07.20 09:39:07.850,1.63968,1.63983,1.00,1.00
2017.07.20 09:39:08.387,1.63968,1.63984,1.00,1.00
2017.07.20 09:39:09.208,1.63967,1.63984,1.12,1.00
2017.07.20 09:39:10.341,1.63968,1.63984,1.00,1.00
2017.07.20 09:39:10.698,1.63967,1.63977,1.12,1.00
2017.07.20 09:39:10.851,1.63962,1.63974,1.00,1.00
2017.07.20 09:39:10.953,1.63952,1.63969,2.25,1.00
2017.07.20 09:39:11.493,1.63951,1.63969,1.12,1.00
2017.07.20 09:39:12.026,1.63948,1.63963,2.25,1.00
2017.07.20 09:39:12.330,1.63942,1.63958,1.75,1.00
2017.07.20 09:39:12.482,1.63943,1.63958,1.00,1.00
2017.07.20 09:39:12.988,1.63942,1.63958,1.12,1.00
2017.07.20 09:39:13.510,1.63943,1.63958,1.00,1.00
2017.07.20 09:39:13.562,1.63942,1.63953,1.12,1.00
2017.07.20 09:39:13.786,1.63934,1.63949,1.84,1.00
2017.07.20 09:39:14.085,1.63933,1.63944,1.00,1.00
2017.07.20 09:39:14.187,1.63933,1.63948,1.00,1.00
2017.07.20 09:39:14.829,1.63934,1.63948,1.00,1.00
2017.07.20 09:39:15.082,1.63933,1.63954,1.00,1.00
2017.07.20 09:39:15.335,1.63938,1.63954,1.00,1.00
2017.07.20 09:39:15.658,1.6394,1.63954,1.00,1.00
2017.07.20 09:39:15.760,1.6394,1.63959,1.00,1.00
2017.07.20 09:39:16.691,1.63941,1.63959,1.00,1.00
2017.07.20 09:39:17.227,1.63942,1.63959,1.00,1.00
2017.07.20 09:39:17.738,1.63943,1.63959,1.00,1.00
2017.07.20 09:39:18.684,1.63943,1.63964,1.00,1.00
2017.07.20 09:39:18.870,1.63947,1.63964,1.00,1.00
2017.07.20 09:39:19.385,1.63947,1.63963,1.00,1.00
2017.07.20 09:39:21.632,1.63946,1.63973,1.50,1.00
2017.07.20 09:39:21.684,1.63949,1.63973,1.00,1.00
2017.07.20 09:39:21.993,1.63957,1.63973,1.00,1.00
2017.07.20 09:39:22.196,1.63957,1.63978,1.00,1.00
2017.07.20 09:39:22.400,1.63957,1.63983,1.00,1.00
2017.07.20 09:39:22.704,1.6396,1.63983,1.00,1.00
2017.07.20 09:39:23.021,1.63959,1.63978,1.00,1.00
2017.07.20 09:39:23.211,1.63954,1.63978,1.00,1.00
2017.07.20 09:39:23.852,1.63954,1.63979,1.00,1.00
2017.07.20 09:39:23.953,1.63954,1.63981,1.34,1.69
2017.07.20 09:39:24.004,1.63959,1.63981,1.00,1.25
2017.07.20 09:39:24.334,1.63963,1.63984,1.50,1.00
2017.07.20 09:39:24.870,1.63962,1.63983,1.12,1.00
2017.07.20 09:39:25.785,1.63963,1.63983,1.00,1.00
2017.07.20 09:39:26.291,1.63962,1.63983,1.12,1.00
2017.07.20 09:39:26.832,1.63962,1.63979,1.12,1.00
2017.07.20 09:39:27.045,1.63959,1.63978,1.50,1.00
2017.07.20 09:39:27.648,1.63958,1.63978,1.12,1.00
2017.07.20 09:39:28.120,1.63955,1.63978,1.00,1.00
2017.07.20 09:39:28.171,1.63955,1.63974,1.00,1.00
2017.07.20 09:39:28.222,1.63953,1.63974,1.12,1.00
2017.07.20 09:39:28.539,1.6395,1.63968,1.09,1.00
2017.07.20 09:39:29.046,1.6395,1.63969,1.00,1.00
2017.07.20 09:39:29.300,1.63944,1.63968,1.12,1.00
2017.07.20 09:39:29.897,1.63945,1.63968,1.00,1.00
2017.07.20 09:39:30.435,1.63945,1.63964,1.00,1.00
2017.07.20 09:39:30.638,1.63945,1.63969,1.00,1.00
2017.07.20 09:39:31.290,1.63944,1.63969,1.12,1.00
2017.07.20 09:39:31.963,1.63945,1.63969,1.00,1.00
2017.07.20 09:39:32.014,1.63945,1.63964,1.00,1.00
2017.07.20 09:39:32.217,1.63944,1.63969,1.09,1.12
2017.07.20 09:39:32.521,1.63946,1.63969,1.00,1.00
2017.07.20 09:39:33.104,1.63946,1.63968,1.46,1.00
2017.07.20 09:39:33.768,1.63947,1.63968,1.00,1.00
2017.07.20 09:39:34.278,1.63945,1.63968,1.34,1.00
2017.07.20 09:39:34.691,1.63944,1.63964,1.00,1.00
2017.07.20 09:39:34.894,1.63934,1.63959,1.75,1.50
2017.07.20 09:39:34.996,1.63933,1.63953,1.00,1.00
2017.07.20 09:39:35.561,1.63932,1.63953,1.00,1.00
2017.07.20 09:39:36.063,1.63933,1.63953,1.00,1.00
2017.07.20 09:39:37.026,1.63932,1.63953,1.00,1.00
2017.07.20 09:39:37.077,1.63933,1.63959,1.00,1.50
2017.07.20 09:39:37.129,1.63932,1.63959,1.34,1.50
2017.07.20 09:39:37.470,1.63945,1.63963,1.87,1.00
2017.07.20 09:39:37.978,1.63946,1.63963,1.00,1.00
2017.07.20 09:39:38.232,1.63941,1.63964,1.00,1.00
2017.07.20 09:39:39.972,1.63942,1.63964,1.00,1.00
2017.07.20 09:39:41.018,1.63942,1.63959,1.00,1.00
2017.07.20 09:39:41.385,1.63936,1.63953,1.75,1.00
2017.07.20 09:39:41.436,1.63936,1.63953,1.00,1.00
2017.07.20 09:39:41.689,1.63938,1.63953,1.00,1.00
2017.07.20 09:39:41.931,1.63937,1.63959,1.12,1.00
2017.07.20 09:39:42.559,1.63938,1.63959,1.00,1.00
2017.07.20 09:39:43.228,1.63937,1.63959,1.12,1.00
2017.07.20 09:39:43.783,1.63936,1.63958,1.00,1.00
2017.07.20 09:39:43.835,1.63934,1.63958,1.00,1.00
2017.07.20 09:39:44.322,1.63934,1.63953,1.50,1.00
2017.07.20 09:39:44.912,1.63933,1.63953,1.87,1.00
2017.07.20 09:39:46.241,1.63934,1.63953,1.00,1.00
2017.07.20 09:39:46.950,1.63929,1.63948,1.84,1.00
2017.07.20 09:39:47.152,1.63929,1.63949,1.00,1.00
2017.07.20 09:39:47.204,1.63927,1.63949,1.00,1.00
2017.07.20 09:39:47.741,1.63926,1.63949,2.62,1.00
2017.07.20 09:39:47.944,1.63932,1.63949,1.00,1.00
2017.07.20 09:39:48.473,1.63931,1.63949,1.12,1.00
2017.07.20 09:39:49.020,1.63932,1.63949,1.00,1.00
2017.07.20 09:39:49.589,1.63931,1.63949,1.87,1.00
2017.07.20 09:39:50.155,1.63932,1.63949,1.00,1.00
2017.07.20 09:39:51.446,1.63931,1.63949,1.12,1.00
2017.07.20 09:39:51.497,1.63931,1.63953,1.12,1.50
2017.07.20 09:39:51.987,1.63932,1.63948,1.00,1.00
2017.07.20 09:39:52.089,1.63932,1.63953,1.00,1.00
2017.07.20 09:39:52.257,1.63932,1.63948,1.50,1.00
2017.07.20 09:39:52.769,1.63933,1.63948,1.00,1.00
2017.07.20 09:39:53.341,1.63933,1.63953,1.00,1.00
2017.07.20 09:39:54.787,1.63934,1.63953,1.00,1.00
2017.07.20 09:39:55.552,1.63934,1.63943,1.00,1.00
2017.07.20 09:39:55.603,1.63934,1.63949,1.00,1.00
2017.07.20 09:39:55.655,1.63929,1.63949,1.00,1.00
2017.07.20 09:39:55.758,1.63928,1.63951,1.00,1.00
2017.07.20 09:39:55.860,1.63931,1.63951,1.00,1.00
2017.07.20 09:39:56.200,1.63939,1.63954,1.00,1.00
2017.07.20 09:39:56.403,1.6394,1.63959,1.00,1.00
2017.07.20 09:39:56.930,1.63939,1.63959,1.50,1.00
2017.07.20 09:39:57.347,1.63939,1.63953,1.00,1.00
2017.07.20 09:39:57.450,1.63937,1.63953,1.00,1.00
2017.07.20 09:39:57.552,1.63933,1.63953,1.00,1.00
2017.07.20 09:39:57.861,1.63936,1.63953,1.00,1.00
2017.07.20 09:39:58.495,1.63933,1.63953,1.00,1.00
2017.07.20 09:39:59.209,1.63934,1.63953,1.00,1.00
2017.07.20 09:39:59.711,1.63933,1.63953,1.00,1.00
2017.07.20 09:40:00.479,1.63933,1.63959,2.25,1.00
2017.07.20 09:40:00.888,1.63935,1.63959,1.00,1.00
2017.07.20 09:40:01.192,1.63935,1.63954,1.00,1.00
2017.07.20 09:40:01.293,1.63935,1.63958,1.00,1.00
2017.07.20 09:40:01.809,1.63934,1.63958,1.50,1.00
2017.07.20 09:40:03.893,1.63935,1.63958,1.00,1.00
2017.07.20 09:40:04.380,1.63937,1.63958,1.00,1.00
2017.07.20 09:40:04.685,1.63939,1.63958,1.00,1.00
2017.07.20 09:40:05.098,1.63939,1.63953,1.00,1.00
2017.07.20 09:40:05.149,1.63939,1.63959,1.00,1.00
2017.07.20 09:40:05.305,1.63937,1.63959,1.00,1.00
2017.07.20 09:40:05.457,1.63937,1.63964,1.00,3.00
2017.07.20 09:40:05.508,1.63936,1.63959,1.00,1.00
2017.07.20 09:40:06.016,1.63935,1.63959,1.00,1.00
2017.07.20 09:40:06.423,1.63936,1.63954,1.00,1.00
2017.07.20 09:40:06.583,1.63934,1.63954,1.00,1.00
2017.07.20 09:40:06.960,1.63932,1.63954,1.87,1.00
2017.07.20 09:40:07.477,1.63934,1.63954,1.00,1.00
2017.07.20 09:40:07.986,1.63933,1.63948,1.00,1.00
2017.07.20 09:40:08.493,1.63932,1.63948,1.87,1.00
2017.07.20 09:40:08.886,1.63932,1.63954,1.12,1.00
2017.07.20 09:40:09.553,1.63932,1.63948,1.87,1.00
2017.07.20 09:40:11.463,1.63932,1.63944,1.12,1.00
2017.07.20 09:40:12.972,1.63931,1.63948,1.50,1.00
2017.07.20 09:40:13.124,1.63931,1.63944,1.50,1.00
2017.07.20 09:40:14.987,1.63932,1.63948,1.12,1.00
2017.07.20 09:40:15.247,1.63931,1.63954,1.50,1.00
2017.07.20 09:40:15.298,1.63938,1.63954,1.00,1.00
2017.07.20 09:40:15.636,1.63943,1.63959,1.00,1.00
2017.07.20 09:40:16.175,1.63942,1.63958,1.87,1.00
2017.07.20 09:40:16.683,1.63943,1.63958,1.00,1.00
2017.07.20 09:40:17.126,1.6394,1.63953,1.09,1.00
2017.07.20 09:40:17.228,1.63938,1.63953,1.46,1.00
2017.07.20 09:40:17.738,1.63938,1.63954,1.46,1.00
2017.07.20 09:40:20.410,1.63938,1.63948,1.46,1.00
2017.07.20 09:40:20.662,1.63934,1.63949,1.75,1.00
2017.07.20 09:40:20.713,1.63934,1.63945,1.37,1.00
2017.07.20 09:40:20.815,1.6393,1.63944,1.75,1.00
2017.07.20 09:40:21.017,1.6393,1.63944,1.00,1.00
2017.07.20 09:40:21.979,1.63929,1.63944,1.00,1.00
2017.07.20 09:40:22.659,1.6393,1.63944,1.00,1.00
2017.07.20 09:40:23.200,1.63929,1.63944,1.00,1.00
2017.07.20 09:40:24.038,1.6393,1.63944,1.00,1.00
2017.07.20 09:40:24.591,1.63929,1.63944,1.09,1.00
2017.07.20 09:40:26.621,1.6393,1.63944,1.00,1.00
2017.07.20 09:40:26.672,1.63933,1.63948,1.00,1.00
2017.07.20 09:40:26.723,1.6394,1.63953,1.00,1.00
2017.07.20 09:40:27.073,1.63943,1.63953,1.12,1.00
2017.07.20 09:40:27.124,1.63939,1.63953,1.00,1.00
2017.07.20 09:40:27.226,1.63939,1.63948,1.00,1.00
2017.07.20 09:40:27.327,1.63935,1.63948,1.50,1.00
2017.07.20 09:40:27.430,1.63935,1.63953,1.00,1.00
2017.07.20 09:40:28.623,1.63941,1.63953,1.00,1.00
2017.07.20 09:40:28.927,1.63935,1.63948,1.00,1.00
2017.07.20 09:40:28.978,1.63933,1.63943,1.37,1.00
2017.07.20 09:40:29.029,1.63931,1.63943,1.00,1.00
2017.07.20 09:40:29.536,1.63935,1.63943,1.00,1.00
2017.07.20 09:40:30.077,1.63934,1.63943,1.00,1.00
2017.07.20 09:40:30.880,1.63935,1.63943,1.00,1.00
2017.07.20 09:40:31.720,1.63934,1.63943,1.00,1.00
2017.07.20 09:40:31.822,1.63935,1.63949,1.00,1.00
2017.07.20 09:40:32.358,1.63934,1.63949,1.00,1.00
2017.07.20 09:40:32.993,1.63935,1.63949,1.00,1.00
2017.07.20 09:40:33.095,1.63934,1.63943,1.00,1.00
2017.07.20 09:40:33.450,1.63934,1.63949,1.00,1.00
2017.07.20 09:40:34.133,1.63934,1.63948,1.00,1.00
2017.07.20 09:40:34.909,1.63935,1.63948,1.00,1.00
2017.07.20 09:40:35.577,1.63934,1.63948,1.00,1.00
2017.07.20 09:40:36.315,1.63935,1.63948,1.00,1.00
2017.07.20 09:40:36.856,1.63934,1.63948,1.00,1.00
2017.07.20 09:40:36.908,1.63935,1.63943,1.00,1.00
2017.07.20 09:40:37.456,1.63934,1.63944,1.00,1.00
2017.07.20 09:40:37.810,1.63935,1.63949,1.00,1.00
2017.07.20 09:40:37.912,1.63934,1.63943,1.00,1.00
2017.07.20 09:40:38.449,1.63935,1.63943,1.00,1.00
2017.07.20 09:40:39.237,1.63934,1.63954,1.09,1.00
2017.07.20 09:40:39.288,1.63934,1.63944,1.09,1.00
2017.07.20 09:40:39.542,1.63931,1.63943,1.50,1.00
2017.07.20 09:40:40.087,1.6393,1.63943,1.12,1.00
2017.07.20 09:40:40.642,1.63931,1.63943,1.00,1.00
2017.07.20 09:40:42.676,1.6393,1.63943,1.12,1.00
2017.07.20 09:40:43.178,1.63931,1.63943,1.00,1.00
2017.07.20 09:40:43.864,1.6393,1.63943,1.12,1.00
2017.07.20 09:40:44.415,1.63931,1.63943,1.00,1.00
2017.07.20 09:40:44.517,1.6393,1.63948,1.12,1.00
2017.07.20 09:40:44.618,1.63934,1.63948,1.00,1.00
2017.07.20 09:40:45.262,1.63934,1.63949,1.12,1.00
2017.07.20 09:40:45.679,1.63935,1.63944,1.00,1.00
2017.07.20 09:40:45.831,1.63935,1.63949,1.00,1.00
2017.07.20 09:40:46.080,1.63935,1.63945,1.00,1.00
2017.07.20 09:40:46.632,1.63934,1.63944,1.12,1.00
2017.07.20 09:40:47.161,1.6393,1.63943,1.00,1.00
2017.07.20 09:40:47.518,1.6393,1.63948,1.00,1.00
2017.07.20 09:40:47.822,1.63932,1.63948,1.00,1.00
2017.07.20 09:40:48.336,1.63933,1.63948,1.00,1.00
2017.07.20 09:40:48.842,1.63932,1.63948,1.50,1.00
2017.07.20 09:40:49.346,1.63932,1.63949,1.50,1.00
2017.07.20 09:40:49.910,1.63933,1.63949,1.00,1.00
2017.07.20 09:40:50.411,1.63932,1.63949,1.50,1.00
2017.07.20 09:40:50.953,1.63933,1.63949,1.00,1.00
2017.07.20 09:40:51.713,1.63932,1.63949,1.50,1.00
2017.07.20 09:40:52.280,1.63933,1.63949,1.00,1.00
2017.07.20 09:40:52.483,1.63936,1.63953,1.00,1.00
2017.07.20 09:40:52.584,1.6394,1.63953,1.00,1.00
2017.07.20 09:40:52.954,1.63942,1.63953,1.00,1.00
2017.07.20 09:40:53.158,1.63938,1.63953,1.37,1.00
2017.07.20 09:40:53.260,1.63943,1.63958,1.00,1.00
2017.07.20 09:40:53.362,1.63945,1.63958,1.00,1.00
2017.07.20 09:40:53.869,1.63944,1.63958,1.00,1.00
2017.07.20 09:40:54.343,1.63943,1.63954,1.00,1.00
2017.07.20 09:40:54.445,1.63938,1.63954,1.75,1.00
2017.07.20 09:40:54.597,1.63938,1.63953,1.00,1.00
2017.07.20 09:40:55.623,1.63939,1.63953,1.00,1.00
2017.07.20 09:40:56.133,1.6394,1.63953,1.00,1.00
2017.07.20 09:40:56.437,1.63942,1.63953,1.00,1.00
2017.07.20 09:40:56.799,1.63937,1.63948,2.62,1.00
2017.07.20 09:40:59.113,1.6394,1.63949,1.00,1.00
2017.07.20 09:40:59.164,1.63942,1.63959,1.00,1.00
2017.07.20 09:40:59.215,1.63942,1.63951,1.00,1.00
2017.07.20 09:40:59.545,1.63941,1.63953,1.00,1.00
2017.07.20 09:41:00.052,1.6394,1.63953,1.00,1.00
2017.07.20 09:41:00.559,1.6394,1.63954,1.00,1.00
2017.07.20 09:41:01.081,1.63941,1.63954,1.00,1.00
2017.07.20 09:41:01.514,1.63939,1.63954,1.00,1.00
2017.07.20 09:41:01.566,1.63941,1.63954,1.00,1.00
2017.07.20 09:41:01.870,1.63946,1.63953,1.00,1.00
2017.07.20 09:41:02.175,1.63941,1.63953,2.25,1.00
2017.07.20 09:41:02.277,1.63944,1.63953,1.00,1.00
2017.07.20 09:41:02.784,1.63943,1.63954,1.00,1.00
2017.07.20 09:41:02.835,1.63941,1.63954,1.00,1.00
2017.07.20 09:41:02.937,1.63937,1.63954,1.00,1.00
2017.07.20 09:41:03.241,1.63939,1.63954,1.00,1.00
2017.07.20 09:41:03.550,1.63942,1.63953,1.00,1.00
2017.07.20 09:41:03.857,1.63945,1.63954,1.00,1.00
2017.07.20 09:41:04.061,1.63943,1.63954,1.00,1.00
2017.07.20 09:41:04.264,1.6394,1.63948,1.12,1.00
2017.07.20 09:41:04.468,1.63937,1.63948,1.50,1.00
2017.07.20 09:41:04.520,1.63937,1.63954,1.50,1.00
2017.07.20 09:41:04.672,1.63939,1.63954,1.00,1.00
2017.07.20 09:41:05.042,1.63944,1.63954,1.00,1.00
2017.07.20 09:41:05.549,1.63944,1.63953,1.00,1.00
2017.07.20 09:41:06.078,1.63943,1.63953,1.00,1.00
2017.07.20 09:41:06.760,1.63944,1.63953,1.00,1.00
2017.07.20 09:41:07.192,1.63944,1.63949,1.00,1.00
2017.07.20 09:41:07.243,1.63938,1.63949,1.75,1.00
2017.07.20 09:41:07.345,1.63937,1.63954,1.50,1.00
2017.07.20 09:41:07.446,1.63943,1.63954,1.00,1.00
2017.07.20 09:41:08.013,1.63942,1.63953,1.50,1.00
2017.07.20 09:41:08.497,1.63942,1.63949,1.00,1.00
2017.07.20 09:41:08.650,1.63935,1.63943,1.00,1.00
2017.07.20 09:41:08.751,1.63932,1.63943,1.00,1.00
2017.07.20 09:41:09.360,1.63933,1.63948,1.00,1.00
2017.07.20 09:41:09.462,1.63939,1.63948,1.00,1.00
2017.07.20 09:41:09.563,1.63939,1.63953,1.00,1.00
2017.07.20 09:41:09.817,1.63939,1.63959,1.00,1.00
2017.07.20 09:41:09.868,1.63941,1.63959,1.00,1.00
2017.07.20 09:41:09.970,1.63939,1.63959,1.12,1.00
2017.07.20 09:41:10.174,1.63941,1.63959,1.00,1.00
2017.07.20 09:41:10.711,1.6394,1.63959,1.00,1.00
2017.07.20 09:41:11.398,1.6394,1.63958,1.00,1.00
2017.07.20 09:41:11.652,1.63938,1.63958,1.00,1.00
2017.07.20 09:41:11.854,1.63938,1.63954,1.00,1.00
2017.07.20 09:41:12.164,1.63936,1.63954,1.00,1.00
2017.07.20 09:41:13.054,1.63937,1.63954,1.00,1.00
2017.07.20 09:41:13.370,1.63937,1.63949,1.00,1.00
2017.07.20 09:41:13.471,1.63933,1.63949,1.00,1.00
2017.07.20 09:41:15.365,1.63933,1.63944,1.00,1.00
2017.07.20 09:41:16.333,1.63933,1.63943,1.00,1.00
2017.07.20 09:41:16.517,1.63933,1.63948,1.00,1.00
2017.07.20 09:41:16.619,1.63933,1.63943,1.00,1.00
2017.07.20 09:41:17.168,1.63932,1.63948,1.00,1.00
2017.07.20 09:41:17.819,1.63932,1.63943,1.00,1.00
2017.07.20 09:41:18.020,1.63932,1.63948,1.00,1.00
2017.07.20 09:41:18.791,1.63933,1.63948,1.00,1.00
2017.07.20 09:41:20.460,1.63931,1.63948,1.00,1.00
2017.07.20 09:41:21.189,1.63931,1.63939,1.00,1.00
2017.07.20 09:41:21.240,1.63931,1.63943,1.00,1.00
2017.07.20 09:41:21.291,1.6393,1.63938,1.00,1.00
2017.07.20 09:41:21.343,1.6393,1.63943,1.00,1.00
2017.07.20 09:41:21.395,1.63928,1.63943,1.00,1.00
2017.07.20 09:41:21.496,1.6393,1.63943,1.00,1.00
2017.07.20 09:41:21.851,1.6393,1.63949,1.00,1.00
2017.07.20 09:41:21.975,1.63932,1.63949,1.00,1.00
2017.07.20 09:41:23.409,1.63929,1.63944,1.00,1.00
2017.07.20 09:41:23.770,1.63927,1.63944,1.50,1.00
2017.07.20 09:41:24.479,1.63928,1.63944,1.00,1.00
2017.07.20 09:41:28.352,1.63928,1.63943,1.84,1.00
2017.07.20 09:41:28.504,1.63932,1.63943,1.00,1.00
2017.07.20 09:41:29.163,1.63931,1.63943,1.00,1.00
2017.07.20 09:41:29.265,1.63931,1.63953,1.00,1.00
2017.07.20 09:41:30.310,1.6393,1.63953,1.00,1.00
2017.07.20 09:41:31.133,1.63931,1.63953,1.00,1.00
2017.07.20 09:41:31.683,1.63933,1.63957,1.00,1.00
2017.07.20 09:41:31.784,1.63938,1.63958,1.00,1.12
2017.07.20 09:41:32.090,1.6394,1.63958,1.00,1.00
2017.07.20 09:41:32.637,1.63941,1.63958,1.00,1.00
2017.07.20 09:41:33.160,1.63942,1.63958,1.00,1.00
2017.07.20 09:41:33.654,1.63941,1.63966,1.00,1.12
2017.07.20 09:41:33.706,1.63943,1.63959,1.25,1.00
2017.07.20 09:41:34.043,1.6394,1.63958,1.00,1.00
2017.07.20 09:41:34.550,1.6394,1.63959,2.25,1.00
2017.07.20 09:41:34.962,1.6394,1.63953,1.50,1.00
2017.07.20 09:41:35.334,1.63942,1.63953,1.00,1.00
2017.07.20 09:41:35.663,1.63944,1.63953,1.00,1.00
2017.07.20 09:41:36.019,1.6394,1.63953,1.00,1.00
2017.07.20 09:41:36.829,1.6394,1.63958,1.00,1.00
2017.07.20 09:41:37.336,1.6394,1.63959,2.25,1.00
2017.07.20 09:41:37.873,1.6394,1.63964,2.25,1.00
2017.07.20 09:41:38.025,1.63944,1.63964,1.00,1.00
2017.07.20 09:41:38.443,1.63951,1.63963,1.00,1.00
2017.07.20 09:41:38.494,1.63955,1.63974,1.00,1.75
2017.07.20 09:41:38.647,1.63956,1.63974,1.00,1.00
2017.07.20 09:41:38.801,1.63955,1.63969,1.69,1.00
2017.07.20 09:41:38.903,1.6395,1.63969,3.19,1.00
2017.07.20 09:41:38.954,1.6395,1.63969,2.81,1.00
2017.07.20 09:41:39.474,1.63951,1.63969,1.00,1.00
2017.07.20 09:41:39.525,1.6395,1.63963,1.12,1.00
2017.07.20 09:41:39.628,1.6395,1.63969,1.12,1.00
2017.07.20 09:41:40.172,1.63951,1.63969,1.00,1.00
2017.07.20 09:41:40.830,1.6395,1.63969,3.56,1.00
2017.07.20 09:41:41.337,1.63951,1.63969,1.00,1.00
2017.07.20 09:41:41.876,1.63951,1.63968,1.00,1.00
2017.07.20 09:41:41.927,1.63954,1.63968,1.00,1.00
2017.07.20 09:41:41.978,1.63955,1.63973,1.50,1.00
2017.07.20 09:41:42.751,1.63955,1.63969,2.25,1.00
2017.07.20 09:41:42.903,1.63954,1.63974,1.75,1.00
2017.07.20 09:41:44.859,1.63955,1.63979,2.02,1.00
2017.07.20 09:41:44.910,1.63961,1.63979,1.25,1.00
2017.07.20 09:41:45.215,1.63964,1.63979,1.00,1.00
2017.07.20 09:41:45.729,1.63965,1.63979,1.00,1.00
2017.07.20 09:41:46.335,1.63964,1.63984,1.00,1.00
2017.07.20 09:41:46.386,1.63963,1.63988,3.19,1.00
2017.07.20 09:41:46.437,1.63972,1.63988,1.00,1.00
2017.07.20 09:41:46.589,1.63976,1.63994,1.00,1.00
2017.07.20 09:41:47.096,1.63977,1.63993,1.00,1.00
2017.07.20 09:41:47.618,1.63976,1.63993,1.50,1.00
2017.07.20 09:41:48.259,1.63977,1.63993,1.00,1.00
2017.07.20 09:41:48.759,1.63975,1.63994,1.00,1.00
2017.07.20 09:41:48.911,1.63971,1.63994,1.00,1.00
2017.07.20 09:41:49.433,1.63972,1.63994,1.00,1.00
2017.07.20 09:41:49.951,1.63971,1.63993,1.50,1.00
2017.07.20 09:41:50.459,1.63972,1.63999,2.44,1.00
2017.07.20 09:41:50.611,1.63975,1.63999,2.02,1.00
2017.07.20 09:41:50.915,1.63988,1.64003,1.00,1.00
2017.07.20 09:41:51.068,1.63989,1.64009,1.00,1.00
2017.07.20 09:41:51.462,1.63988,1.64014,1.37,1.50
2017.07.20 09:41:51.665,1.63993,1.64014,1.00,1.50
2017.07.20 09:41:52.019,1.63993,1.64005,1.87,1.00
2017.07.20 09:41:52.071,1.63993,1.64009,1.12,1.00
2017.07.20 09:41:52.224,1.63991,1.64003,1.50,1.00
2017.07.20 09:41:52.648,1.63991,1.64009,1.50,1.00
2017.07.20 09:41:53.061,1.6399,1.64003,1.50,1.00
2017.07.20 09:41:53.417,1.63992,1.64003,1.00,1.00
2017.07.20 09:41:53.620,1.63991,1.64008,1.00,1.00
2017.07.20 09:41:53.911,1.63991,1.64003,1.50,1.00
2017.07.20 09:41:54.429,1.6399,1.64004,1.50,1.00
2017.07.20 09:41:55.079,1.6399,1.64009,1.50,1.00
2017.07.20 09:41:55.727,1.63991,1.64013,1.00,1.00
2017.07.20 09:41:55.778,1.63996,1.64013,1.00,1.00
2017.07.20 09:41:56.083,1.63995,1.64009,1.00,1.00
2017.07.20 09:41:56.325,1.6399,1.64009,1.50,1.00
2017.07.20 09:41:57.024,1.63991,1.64009,1.00,1.00
2017.07.20 09:41:57.565,1.6399,1.64009,1.00,1.00
2017.07.20 09:41:58.109,1.63991,1.64008,1.00,1.00
2017.07.20 09:41:58.397,1.6399,1.64014,1.50,1.00
2017.07.20 09:41:58.549,1.63992,1.64014,1.00,1.00
2017.07.20 09:41:58.859,1.63994,1.64014,1.00,1.00
2017.07.20 09:41:59.007,1.63992,1.64014,1.00,1.00
2017.07.20 09:41:59.337,1.63992,1.64008,1.00,1.00
2017.07.20 09:41:59.495,1.63992,1.64014,1.00,1.00
2017.07.20 09:42:00.271,1.63994,1.64013,1.00,1.00
2017.07.20 09:42:00.322,1.63995,1.64018,1.00,1.00
2017.07.20 09:42:00.888,1.63995,1.64021,1.00,1.00
2017.07.20 09:42:00.939,1.63997,1.64024,1.00,2.62
2017.07.20 09:42:01.243,1.64,1.64023,1.50,1.00
2017.07.20 09:42:01.614,1.64003,1.64023,1.12,1.00
2017.07.20 09:42:01.665,1.64003,1.64029,1.87,1.00
2017.07.20 09:42:01.868,1.64003,1.64023,1.87,1.00
2017.07.20 09:42:02.488,1.64003,1.64029,1.87,1.00
2017.07.20 09:42:02.590,1.64004,1.64023,1.00,1.00
2017.07.20 09:42:02.894,1.64006,1.64023,1.00,1.00
2017.07.20 09:42:03.416,1.6401,1.64029,1.00,1.00
2017.07.20 09:42:03.941,1.64011,1.64029,1.00,1.00
2017.07.20 09:42:04.443,1.64015,1.64029,1.50,1.00
2017.07.20 09:42:05.812,1.64015,1.64033,1.00,1.00
2017.07.20 09:42:06.353,1.64016,1.64033,1.00,1.00
2017.07.20 09:42:06.406,1.64016,1.64038,1.00,1.00
2017.07.20 09:42:06.610,1.64016,1.64034,1.00,1.00
2017.07.20 09:42:07.667,1.64014,1.64034,1.00,1.00
2017.07.20 09:42:13.055,1.64015,1.64034,1.00,1.00
2017.07.20 09:42:14.304,1.64015,1.64041,1.34,1.12
2017.07.20 09:42:14.523,1.64027,1.64048,1.00,1.37
2017.07.20 09:42:14.574,1.64027,1.64048,1.00,1.00
2017.07.20 09:42:15.168,1.64028,1.64048,1.00,1.00
2017.07.20 09:42:15.472,1.64031,1.64048,1.00,1.00
2017.07.20 09:42:16.408,1.64031,1.64049,1.00,1.00
2017.07.20 09:42:16.459,1.64032,1.64052,1.00,1.00
2017.07.20 09:42:16.510,1.64034,1.64054,1.00,1.12
2017.07.20 09:42:16.814,1.64044,1.64058,1.00,1.00
2017.07.20 09:42:17.851,1.64044,1.64054,1.00,1.00
2017.07.20 09:42:19.178,1.64041,1.64054,1.00,1.00
2017.07.20 09:42:21.152,1.6404,1.64059,1.00,1.00
2017.07.20 09:42:21.457,1.64042,1.64059,1.00,1.00
2017.07.20 09:42:21.997,1.64043,1.64059,1.00,1.00
2017.07.20 09:42:22.374,1.64043,1.64054,1.00,1.00
2017.07.20 09:42:22.425,1.64043,1.64059,1.00,1.00
2017.07.20 09:42:22.672,1.64046,1.64059,1.00,1.00
2017.07.20 09:42:23.088,1.64044,1.64064,1.00,1.12
2017.07.20 09:42:23.139,1.64046,1.64064,1.00,1.12
2017.07.20 09:42:23.443,1.64049,1.64064,1.00,1.00
2017.07.20 09:42:24.281,1.6405,1.64064,1.00,1.00
2017.07.20 09:42:25.079,1.6405,1.64069,1.00,1.00
2017.07.20 09:42:25.604,1.64051,1.64068,1.00,1.00
2017.07.20 09:42:26.147,1.64051,1.64069,1.00,1.00
2017.07.20 09:42:26.350,1.64054,1.64069,1.00,1.00
2017.07.20 09:42:26.694,1.64052,1.64069,1.00,1.00
2017.07.20 09:42:27.329,1.64055,1.64073,1.00,1.00
2017.07.20 09:42:27.380,1.64058,1.64081,1.00,1.75
2017.07.20 09:42:27.431,1.64064,1.64081,1.00,1.75
2017.07.20 09:42:27.482,1.64064,1.64083,1.00,1.00
2017.07.20 09:42:28.197,1.64063,1.64083,1.12,1.00
2017.07.20 09:42:28.704,1.64064,1.64083,1.00,1.00
2017.07.20 09:42:29.239,1.64063,1.64083,1.87,1.00
2017.07.20 09:42:29.492,1.64065,1.64083,1.00,1.00
2017.07.20 09:42:29.595,1.64063,1.64083,1.00,1.00
2017.07.20 09:42:30.187,1.64063,1.64079,1.00,1.00
2017.07.20 09:42:30.390,1.64061,1.64079,1.00,1.00
2017.07.20 09:42:30.900,1.6406,1.64079,1.00,1.00
2017.07.20 09:42:31.428,1.64059,1.64079,2.44,1.00
2017.07.20 09:42:31.967,1.6406,1.64079,1.69,1.00
2017.07.20 09:42:32.569,1.64059,1.64079,1.50,1.00
2017.07.20 09:42:32.729,1.64061,1.64079,1.69,1.00
2017.07.20 09:42:32.780,1.64064,1.64083,1.00,1.00
2017.07.20 09:42:33.269,1.64066,1.64083,1.00,1.00
2017.07.20 09:42:33.421,1.64066,1.64088,1.00,1.00
2017.07.20 09:42:33.574,1.6407,1.64092,1.00,1.00
2017.07.20 09:42:33.677,1.64071,1.64094,1.25,1.00
2017.07.20 09:42:34.049,1.64073,1.64094,1.00,1.00
2017.07.20 09:42:34.779,1.64074,1.64094,1.00,1.00
2017.07.20 09:42:36.011,1.64074,1.64099,1.00,2.25
2017.07.20 09:42:36.113,1.64079,1.64099,2.44,1.50
2017.07.20 09:42:36.637,1.64078,1.64099,2.44,1.00
2017.07.20 09:42:37.453,1.64079,1.64099,1.00,1.00
2017.07.20 09:42:38.127,1.64078,1.64098,2.44,1.00
2017.07.20 09:42:38.644,1.64079,1.64098,1.00,1.00
2017.07.20 09:42:38.797,1.64075,1.64098,2.44,1.00
2017.07.20 09:42:39.348,1.64075,1.64098,1.25,1.00
2017.07.20 09:42:40.092,1.64076,1.64098,1.00,1.00
2017.07.20 09:42:40.307,1.64076,1.64093,1.00,1.00
2017.07.20 09:42:40.409,1.64074,1.64093,2.44,1.00
2017.07.20 09:42:42.173,1.64074,1.64098,1.00,1.00
2017.07.20 09:42:42.421,1.64074,1.64093,1.00,1.00
2017.07.20 09:42:42.758,1.64076,1.64093,1.00,1.00
2017.07.20 09:42:43.221,1.64074,1.64093,1.50,1.00
2017.07.20 09:42:45.696,1.64074,1.64098,3.19,1.00
2017.07.20 09:42:47.299,1.64073,1.64098,2.25,1.00
2017.07.20 09:42:47.803,1.64073,1.64094,1.50,1.37
2017.07.20 09:42:47.955,1.64058,1.64078,1.50,1.00
2017.07.20 09:42:48.462,1.64057,1.64078,1.00,1.00
2017.07.20 09:42:49.318,1.64056,1.64078,2.25,1.00
2017.07.20 09:42:52.968,1.64056,1.64083,1.69,1.50
2017.07.20 09:42:53.171,1.64068,1.64093,1.25,1.00
2017.07.20 09:42:53.222,1.6407,1.64094,1.00,1.00
2017.07.20 09:42:53.273,1.6407,1.64096,1.00,1.50
2017.07.20 09:42:53.431,1.64071,1.64094,1.00,1.00
2017.07.20 09:42:53.937,1.64072,1.64088,1.00,1.00
2017.07.20 09:42:53.988,1.6407,1.64088,1.00,1.00
2017.07.20 09:42:54.495,1.64071,1.64088,1.00,1.00
2017.07.20 09:42:55.194,1.64072,1.64093,1.00,1.00
2017.07.20 09:42:55.701,1.64074,1.64093,1.00,1.00
2017.07.20 09:42:57.589,1.64074,1.64098,1.00,1.00
2017.07.20 09:42:57.833,1.64074,1.64094,1.00,1.00
2017.07.20 09:42:58.339,1.64073,1.64094,1.50,1.00
2017.07.20 09:43:00.150,1.64074,1.64094,1.25,1.00
2017.07.20 09:43:00.499,1.64075,1.64084,1.00,1.00
2017.07.20 09:43:00.550,1.64067,1.64084,1.75,1.00
2017.07.20 09:43:00.652,1.64067,1.64084,1.00,1.00
2017.07.20 09:43:00.805,1.64064,1.6409,1.37,1.00
2017.07.20 09:43:00.856,1.64071,1.64089,1.00,1.00
2017.07.20 09:43:01.181,1.64069,1.64083,1.12,1.00
2017.07.20 09:43:01.434,1.64064,1.64083,2.06,1.00
2017.07.20 09:43:01.485,1.64064,1.64087,2.06,1.00
2017.07.20 09:43:01.689,1.64064,1.64084,1.12,1.00
2017.07.20 09:43:02.534,1.64065,1.64084,1.00,1.00
2017.07.20 09:43:02.838,1.64069,1.64084,1.12,1.00
2017.07.20 09:43:03.310,1.64065,1.64088,1.37,1.00
2017.07.20 09:43:03.362,1.64066,1.64088,1.19,1.00
2017.07.20 09:43:03.413,1.6407,1.64088,1.00,1.00
2017.07.20 09:43:03.809,1.64074,1.64088,1.00,1.00
2017.07.20 09:43:04.015,1.64072,1.64089,1.00,1.00
2017.07.20 09:43:04.219,1.64069,1.64089,1.00,1.00
2017.07.20 09:43:04.830,1.6407,1.64089,1.00,1.00
2017.07.20 09:43:05.418,1.64069,1.64089,1.50,1.00
2017.07.20 09:43:05.755,1.64073,1.64089,1.00,1.00
2017.07.20 09:43:06.266,1.64074,1.64089,1.00,1.00
2017.07.20 09:43:06.789,1.64073,1.64089,1.00,1.00
2017.07.20 09:43:07.337,1.64074,1.64089,1.00,1.00
2017.07.20 09:43:07.850,1.64073,1.64089,1.00,1.00
2017.07.20 09:43:08.468,1.64074,1.64089,1.00,1.00
2017.07.20 09:43:09.013,1.64073,1.64089,1.00,1.00
2017.07.20 09:43:10.057,1.64074,1.64089,1.00,1.00
2017.07.20 09:43:10.631,1.64073,1.64089,2.44,1.00
2017.07.20 09:43:10.896,1.64073,1.64093,2.44,1.00
2017.07.20 09:43:11.435,1.64074,1.64093,1.00,1.00
2017.07.20 09:43:12.441,1.64073,1.64093,1.69,1.00
2017.07.20 09:43:13.097,1.64072,1.64093,2.06,1.00
2017.07.20 09:43:13.209,1.64072,1.64088,2.06,1.00
2017.07.20 09:43:13.523,1.64068,1.64088,1.00,1.00
2017.07.20 09:43:14.133,1.64066,1.64088,1.87,1.00
2017.07.20 09:43:14.184,1.64066,1.64083,1.87,1.00
2017.07.20 09:43:14.236,1.64066,1.64088,1.87,1.00
2017.07.20 09:43:14.389,1.64067,1.64084,1.00,1.00
2017.07.20 09:43:15.471,1.64067,1.64089,1.00,1.00
2017.07.20 09:43:17.362,1.6407,1.64089,1.00,1.00
2017.07.20 09:43:17.665,1.64076,1.64093,1.25,1.00
2017.07.20 09:43:17.968,1.64078,1.64093,1.00,1.00
2017.07.20 09:43:18.673,1.64078,1.64094,1.00,1.00
2017.07.20 09:43:19.216,1.64078,1.64093,1.00,1.00
2017.07.20 09:43:19.521,1.64082,1.64093,1.12,1.00
2017.07.20 09:43:19.877,1.64078,1.64093,1.00,1.00
2017.07.20 09:43:20.407,1.64078,1.64098,1.00,1.00
2017.07.20 09:43:20.979,1.64079,1.64098,1.00,1.00
2017.07.20 09:43:21.131,1.64078,1.64093,1.00,1.00
2017.07.20 09:43:21.657,1.64073,1.64089,1.00,1.00
2017.07.20 09:43:21.759,1.64072,1.64093,1.00,1.00
2017.07.20 09:43:21.811,1.64076,1.64093,1.00,1.00
2017.07.20 09:43:21.862,1.64076,1.641,2.06,1.00
2017.07.20 09:43:21.913,1.64078,1.641,1.69,1.00
2017.07.20 09:43:22.217,1.64081,1.64103,2.44,1.00
2017.07.20 09:43:22.319,1.64082,1.64108,1.25,1.00
2017.07.20 09:43:22.421,1.64084,1.64104,1.25,1.00
2017.07.20 09:43:22.939,1.64083,1.64104,1.00,1.00
2017.07.20 09:43:24.798,1.64082,1.64104,1.50,1.00
2017.07.20 09:43:26.995,1.64082,1.64103,1.50,1.00
2017.07.20 09:43:27.343,1.64081,1.64099,1.00,1.00
2017.07.20 09:43:28.052,1.64082,1.64099,1.00,1.00
2017.07.20 09:43:28.560,1.64081,1.64099,1.00,1.00
2017.07.20 09:43:29.130,1.64082,1.64099,1.00,1.00
2017.07.20 09:43:29.537,1.64078,1.64098,1.75,1.00
2017.07.20 09:43:30.021,1.64078,1.64099,1.00,1.00
2017.07.20 09:43:30.072,1.64078,1.64102,1.00,1.00
2017.07.20 09:43:30.599,1.64077,1.64094,1.00,1.00
2017.07.20 09:43:30.650,1.64073,1.64096,1.75,1.00
2017.07.20 09:43:30.752,1.64076,1.64098,1.00,1.00
2017.07.20 09:43:31.174,1.64079,1.64098,1.00,1.00
2017.07.20 09:43:31.225,1.64079,1.64104,1.50,2.25
2017.07.20 09:43:31.595,1.64082,1.64104,1.00,1.00
2017.07.20 09:43:32.051,1.64079,1.64104,2.81,1.00
2017.07.20 09:43:32.597,1.64081,1.64099,1.00,1.00
2017.07.20 09:43:32.902,1.64076,1.64088,1.00,1.00
2017.07.20 09:43:32.953,1.64073,1.64088,2.25,1.00
2017.07.20 09:43:33.258,1.64069,1.64088,1.00,1.00
2017.07.20 09:43:33.879,1.6407,1.64088,1.00,1.00
2017.07.20 09:43:35.570,1.64069,1.64088,1.69,1.00
2017.07.20 09:43:36.088,1.6407,1.64089,1.00,1.00
2017.07.20 09:43:36.759,1.64069,1.64089,1.00,1.00
2017.07.20 09:43:37.351,1.64069,1.64088,1.00,1.00
2017.07.20 09:43:37.454,1.64071,1.64088,1.00,1.00
2017.07.20 09:43:39.117,1.64071,1.64093,1.00,1.00
2017.07.20 09:43:39.218,1.64071,1.64089,1.00,1.00
2017.07.20 09:43:39.799,1.64071,1.64093,1.00,1.00
2017.07.20 09:43:40.325,1.64071,1.64094,1.00,1.00
2017.07.20 09:43:40.858,1.6407,1.64094,1.00,1.50
2017.07.20 09:43:42.304,1.64071,1.64094,1.00,1.00
2017.07.20 09:43:42.915,1.64072,1.64094,1.00,1.00
2017.07.20 09:43:43.678,1.64071,1.64094,1.00,1.00
2017.07.20 09:43:44.217,1.6407,1.64094,1.00,1.00
2017.07.20 09:43:44.847,1.6407,1.64093,1.25,1.00
2017.07.20 09:43:44.899,1.64072,1.64093,1.00,1.00
2017.07.20 09:43:45.467,1.64072,1.64094,1.00,1.00
2017.07.20 09:43:46.611,1.64072,1.64093,1.00,1.00
2017.07.20 09:43:48.784,1.64071,1.64093,1.00,1.00
2017.07.20 09:43:49.333,1.64072,1.64093,1.00,1.00
2017.07.20 09:43:50.179,1.64073,1.64093,1.00,1.00
2017.07.20 09:43:54.421,1.64073,1.64094,1.25,1.00
2017.07.20 09:43:57.190,1.64073,1.64096,1.00,1.00
2017.07.20 09:43:57.291,1.64075,1.64101,3.52,1.75
2017.07.20 09:43:57.494,1.6409,1.64114,1.00,1.37
2017.07.20 09:43:57.596,1.6409,1.64114,1.00,1.00
2017.07.20 09:43:57.799,1.64092,1.64114,1.00,1.00
2017.07.20 09:43:58.380,1.64089,1.64114,1.00,1.00
2017.07.20 09:43:58.532,1.64089,1.64108,1.00,1.00
2017.07.20 09:43:59.004,1.64091,1.64115,1.00,1.12
2017.07.20 09:43:59.627,1.64092,1.64117,1.00,2.25
2017.07.20 09:44:03.016,1.64091,1.64116,1.00,1.50
2017.07.20 09:44:03.522,1.64096,1.64118,1.00,2.25
2017.07.20 09:44:03.676,1.64096,1.64118,1.00,1.50
2017.07.20 09:44:03.879,1.64096,1.64117,1.00,1.50
2017.07.20 09:44:05.428,1.64093,1.64117,1.00,1.50
2017.07.20 09:44:05.631,1.6409,1.64115,1.00,1.12
2017.07.20 09:44:06.001,1.64087,1.64112,1.50,1.12
2017.07.20 09:44:06.330,1.64077,1.641,1.50,1.12
2017.07.20 09:44:06.797,1.64076,1.64097,1.00,1.00
2017.07.20 09:44:07.000,1.64076,1.641,1.00,1.50
2017.07.20 09:44:07.520,1.64082,1.64101,2.01,1.12
2017.07.20 09:44:07.622,1.64089,1.64111,1.00,1.00
2017.07.20 09:44:07.673,1.64085,1.64111,2.06,1.00
2017.07.20 09:44:07.724,1.64089,1.64111,1.00,1.00
2017.07.20 09:44:07.775,1.6409,1.64111,1.19,1.00
2017.07.20 09:44:07.826,1.6409,1.64113,1.19,1.00
2017.07.20 09:44:07.978,1.64091,1.64113,1.00,1.00
2017.07.20 09:44:08.232,1.64091,1.64117,1.00,1.00
2017.07.20 09:44:08.284,1.64096,1.64117,1.00,1.00
2017.07.20 09:44:08.563,1.64099,1.64124,1.50,1.00
2017.07.20 09:44:08.614,1.64099,1.64124,1.50,1.00
2017.07.20 09:44:09.005,1.64102,1.64127,1.00,1.00
2017.07.20 09:44:09.208,1.641,1.64125,1.37,1.00
2017.07.20 09:44:09.614,1.64099,1.64127,1.50,1.00
2017.07.20 09:44:09.833,1.64099,1.64124,2.25,1.00
2017.07.20 09:44:10.244,1.64099,1.64124,1.12,1.00
2017.07.20 09:44:10.728,1.64099,1.64124,1.69,1.00
2017.07.20 09:44:11.272,1.64099,1.64124,1.50,1.00
2017.07.20 09:44:11.509,1.64099,1.64126,1.00,1.00
2017.07.20 09:44:11.712,1.641,1.64128,1.00,1.20
2017.07.20 09:44:12.164,1.64101,1.64124,1.00,1.00
2017.07.20 09:44:12.215,1.64097,1.64124,1.00,1.50
2017.07.20 09:44:12.316,1.64099,1.64125,1.00,1.00
2017.07.20 09:44:12.696,1.64101,1.64124,1.00,1.00
2017.07.20 09:44:13.203,1.64104,1.64125,1.00,1.00
2017.07.20 09:44:14.563,1.64104,1.64124,1.00,1.00
2017.07.20 09:44:15.097,1.64104,1.64125,1.00,1.00
2017.07.20 09:44:15.249,1.64101,1.64125,1.00,1.00
2017.07.20 09:44:15.368,1.64101,1.64128,1.00,2.32
2017.07.20 09:44:15.838,1.64099,1.64126,1.00,1.00
2017.07.20 09:44:16.986,1.64102,1.64126,1.00,1.00
2017.07.20 09:44:17.139,1.64103,1.64129,1.00,1.10
2017.07.20 09:44:17.242,1.64106,1.64131,1.00,1.00
2017.07.20 09:44:17.581,1.64112,1.64137,1.00,1.12
2017.07.20 09:44:17.885,1.64114,1.64137,1.00,1.12
2017.07.20 09:44:17.937,1.64112,1.64137,1.00,1.87
2017.07.20 09:44:18.509,1.6411,1.64137,1.00,1.87
2017.07.20 09:44:19.007,1.64108,1.64135,2.25,1.00
2017.07.20 09:44:19.484,1.64108,1.64133,1.50,1.00
2017.07.20 09:44:19.687,1.64108,1.64135,1.50,1.00
2017.07.20 09:44:20.259,1.64108,1.64134,1.50,1.00
2017.07.20 09:44:20.762,1.64108,1.64135,1.50,1.00
2017.07.20 09:44:21.279,1.64109,1.64136,1.00,1.00
2017.07.20 09:44:21.810,1.64108,1.64135,1.50,1.00
2017.07.20 09:44:34.199,1.64108,1.64134,1.50,1.00
2017.07.20 09:44:34.749,1.64108,1.64135,1.50,1.00
2017.07.20 09:44:35.535,1.64108,1.64133,1.00,1.00
2017.07.20 09:44:36.108,1.64108,1.64131,1.00,1.50
2017.07.20 09:44:36.412,1.64103,1.64123,1.00,1.00
2017.07.20 09:44:36.666,1.64103,1.64126,1.00,1.00
2017.07.20 09:44:36.767,1.64103,1.64124,1.00,1.00
2017.07.20 09:44:37.080,1.64104,1.64122,1.00,1.00
2017.07.20 09:44:37.283,1.641,1.64122,1.50,1.00
2017.07.20 09:44:37.334,1.641,1.6412,1.50,1.00
2017.07.20 09:44:38.080,1.64099,1.6412,1.00,1.00
2017.07.20 09:44:38.271,1.641,1.64122,1.00,1.00
2017.07.20 09:44:38.805,1.64099,1.64121,1.00,1.00
2017.07.20 09:44:39.031,1.64099,1.64123,1.00,1.00
2017.07.20 09:44:39.582,1.641,1.64123,1.00,1.00
2017.07.20 09:44:40.120,1.64099,1.64123,1.50,1.00
2017.07.20 09:44:40.729,1.641,1.64123,1.50,1.00
2017.07.20 09:44:41.149,1.64103,1.64123,1.00,1.00
2017.07.20 09:44:41.403,1.6411,1.64137,1.00,1.50
2017.07.20 09:44:41.454,1.64112,1.64138,1.00,1.00
2017.07.20 09:44:41.777,1.64112,1.6414,1.00,1.87
2017.07.20 09:44:42.328,1.64112,1.64139,1.00,1.00
2017.07.20 09:44:42.832,1.64112,1.6414,1.00,1.87
2017.07.20 09:44:43.352,1.64112,1.64139,1.00,1.00
2017.07.20 09:44:43.597,1.64114,1.64139,1.00,1.50
2017.07.20 09:44:43.903,1.64128,1.64141,1.00,1.00
2017.07.20 09:44:44.005,1.64128,1.64153,1.00,1.00
2017.07.20 09:44:44.695,1.64128,1.64154,1.50,1.00
2017.07.20 09:44:45.041,1.6413,1.64149,1.00,1.00
2017.07.20 09:44:45.143,1.64124,1.64149,1.75,1.00
2017.07.20 09:44:45.244,1.64121,1.64149,1.87,3.37
2017.07.20 09:44:45.295,1.64122,1.64149,1.00,3.37
2017.07.20 09:44:45.549,1.64122,1.64149,1.00,1.87
2017.07.20 09:44:46.201,1.64122,1.64147,1.00,1.00
2017.07.20 09:44:46.740,1.64122,1.64146,1.00,1.00
2017.07.20 09:44:46.842,1.64121,1.64149,1.00,1.87
2017.07.20 09:44:47.054,1.64129,1.64149,1.00,1.00
2017.07.20 09:44:47.206,1.64129,1.64153,1.50,1.50
2017.07.20 09:44:47.569,1.64129,1.64148,1.00,1.00
2017.07.20 09:44:47.923,1.64128,1.64153,1.12,1.00
2017.07.20 09:44:48.076,1.6413,1.64154,1.00,1.00
2017.07.20 09:44:48.407,1.64133,1.64154,1.00,1.00
2017.07.20 09:44:49.220,1.64134,1.64154,1.00,1.00
2017.07.20 09:44:49.569,1.64134,1.64157,1.00,1.00
2017.07.20 09:44:50.114,1.64136,1.64157,1.00,1.00
2017.07.20 09:44:50.643,1.64135,1.64157,1.00,1.50
2017.07.20 09:44:51.227,1.64134,1.64157,1.00,1.50
2017.07.20 09:44:51.552,1.64134,1.64154,1.00,1.00
2017.07.20 09:44:52.080,1.64133,1.64154,1.00,1.00
2017.07.20 09:44:52.587,1.64134,1.64154,1.00,1.00
2017.07.20 09:44:53.117,1.64133,1.64154,1.00,1.00
2017.07.20 09:44:53.648,1.64134,1.64153,1.00,1.00
2017.07.20 09:44:54.161,1.64135,1.64153,1.00,1.00
2017.07.20 09:44:55.379,1.64133,1.64153,1.50,1.00
2017.07.20 09:44:55.896,1.64133,1.64154,1.50,1.00
2017.07.20 09:44:56.467,1.64134,1.64154,1.00,1.00
2017.07.20 09:44:57.006,1.64133,1.64154,1.50,1.00
2017.07.20 09:44:57.622,1.64134,1.64154,1.00,1.00
2017.07.20 09:44:57.907,1.64132,1.64154,1.00,1.00
2017.07.20 09:44:58.060,1.64132,1.64156,1.00,1.00
2017.07.20 09:44:58.111,1.64136,1.64156,1.00,1.00
2017.07.20 09:44:58.213,1.64137,1.64163,1.00,1.37
2017.07.20 09:44:58.264,1.64138,1.64153,1.00,1.00
2017.07.20 09:44:58.366,1.64132,1.64159,2.25,1.50
2017.07.20 09:44:58.417,1.64132,1.64153,1.37,1.00
2017.07.20 09:44:58.469,1.64131,1.64153,1.00,1.00
2017.07.20 09:44:58.983,1.64132,1.64154,1.00,1.00
2017.07.20 09:44:59.494,1.64131,1.64155,1.00,1.00
2017.07.20 09:44:59.902,1.64131,1.64153,1.00,1.00
2017.07.20 09:45:00.692,1.64132,1.64153,1.00,1.00
2017.07.20 09:45:00.996,1.64137,1.64161,1.12,1.00
2017.07.20 09:45:01.098,1.64137,1.64164,1.87,1.50
2017.07.20 09:45:01.250,1.64139,1.64164,1.00,1.50
2017.07.20 09:45:01.958,1.6414,1.64165,1.00,1.37
2017.07.20 09:45:02.263,1.64143,1.64163,1.00,1.00
2017.07.20 09:45:02.829,1.64146,1.64171,1.00,1.37
2017.07.20 09:45:02.880,1.64147,1.64171,1.00,1.00
2017.07.20 09:45:02.982,1.64141,1.64167,2.25,1.00
2017.07.20 09:45:03.134,1.64143,1.64167,1.00,1.12
2017.07.20 09:45:03.236,1.64145,1.64168,1.50,1.37
2017.07.20 09:45:03.287,1.64148,1.64172,1.00,1.87
2017.07.20 09:45:03.541,1.64147,1.64169,1.00,1.00
2017.07.20 09:45:03.744,1.64141,1.64164,1.50,1.00
2017.07.20 09:45:04.250,1.64142,1.64164,1.00,1.00
2017.07.20 09:45:04.301,1.64142,1.64162,1.00,1.00
2017.07.20 09:45:04.912,1.64141,1.64162,1.00,1.00
2017.07.20 09:45:05.485,1.64142,1.64162,1.00,1.00
2017.07.20 09:45:06.339,1.64141,1.64162,1.00,1.00
2017.07.20 09:45:06.867,1.64142,1.64162,1.00,1.00
2017.07.20 09:45:07.425,1.64141,1.64162,1.00,1.00
2017.07.20 09:45:07.578,1.64142,1.64166,1.00,1.00
2017.07.20 09:45:08.114,1.64142,1.64167,1.50,1.00
2017.07.20 09:45:08.608,1.64142,1.64167,1.50,1.34
2017.07.20 09:45:08.836,1.64138,1.64163,1.50,1.00
2017.07.20 09:45:09.404,1.64141,1.64163,1.00,1.00
2017.07.20 09:45:09.506,1.64141,1.64168,1.50,1.37
2017.07.20 09:45:09.557,1.64141,1.64168,2.25,1.00
2017.07.20 09:45:09.710,1.64142,1.64168,3.34,1.00
2017.07.20 09:45:10.020,1.64173,1.64194,1.00,1.00
2017.07.20 09:45:10.173,1.64177,1.64199,1.12,1.00
2017.07.20 09:45:10.274,1.64178,1.64205,1.50,1.42
2017.07.20 09:45:10.325,1.64184,1.64209,1.00,1.57
2017.07.20 09:45:10.666,1.64189,1.64214,1.00,1.30
2017.07.20 09:45:10.821,1.64186,1.64213,1.00,2.10
2017.07.20 09:45:10.922,1.64189,1.64212,1.00,1.30
2017.07.20 09:45:11.430,1.6419,1.64213,1.00,1.42
2017.07.20 09:45:11.717,1.64185,1.64204,1.00,1.00
2017.07.20 09:45:11.768,1.64185,1.64201,1.00,1.00
2017.07.20 09:45:11.947,1.64177,1.642,1.00,1.75
2017.07.20 09:45:11.998,1.64179,1.64194,1.00,1.00
2017.07.20 09:45:12.457,1.64178,1.642,1.00,1.00
2017.07.20 09:45:12.711,1.64182,1.64206,1.00,1.95
2017.07.20 09:45:12.762,1.64182,1.64206,1.00,1.10
2017.07.20 09:45:13.402,1.64185,1.64207,1.00,1.20
2017.07.20 09:45:13.727,1.64191,1.64213,1.00,1.67
2017.07.20 09:45:14.234,1.6419,1.64213,1.00,1.30
2017.07.20 09:45:15.085,1.64192,1.64213,1.00,1.30
2017.07.20 09:45:15.187,1.6419,1.64213,1.00,1.30
2017.07.20 09:45:15.289,1.64188,1.64209,1.00,1.25
2017.07.20 09:45:15.340,1.64186,1.64209,1.00,1.25
2017.07.20 09:45:15.442,1.64183,1.64206,1.12,1.00
2017.07.20 09:45:16.133,1.64183,1.64208,1.87,1.17
2017.07.20 09:45:16.631,1.64183,1.64204,1.12,1.00
2017.07.20 09:45:17.114,1.64182,1.64206,1.00,1.10
2017.07.20 09:45:17.165,1.64182,1.64204,1.00,1.00
2017.07.20 09:45:17.318,1.64176,1.642,1.19,1.00
2017.07.20 09:45:18.158,1.64178,1.642,1.00,1.00
2017.07.20 09:45:18.209,1.64177,1.64202,2.25,1.00
2017.07.20 09:45:18.615,1.64181,1.64206,1.00,1.50
2017.07.20 09:45:18.932,1.64183,1.64206,1.00,1.10
2017.07.20 09:45:19.335,1.64181,1.64201,1.00,1.00
2017.07.20 09:45:19.437,1.64174,1.64198,1.37,1.69
2017.07.20 09:45:19.488,1.64174,1.64197,1.00,1.50
2017.07.20 09:45:19.540,1.64172,1.64196,1.00,1.00
2017.07.20 09:45:20.010,1.64174,1.64197,1.00,1.12
2017.07.20 09:45:20.213,1.64172,1.64197,1.00,1.87
2017.07.20 09:45:20.314,1.64174,1.64197,1.00,1.12
2017.07.20 09:45:20.874,1.64174,1.64196,1.00,1.00
2017.07.20 09:45:21.186,1.64176,1.64196,1.00,1.00
2017.07.20 09:45:21.631,1.64178,1.642,1.00,1.75
2017.07.20 09:45:21.834,1.64178,1.64204,1.00,1.00
2017.07.20 09:45:22.366,1.6418,1.642,1.00,1.00
2017.07.20 09:45:22.885,1.6418,1.64201,1.00,1.00
2017.07.20 09:45:23.138,1.64175,1.642,1.00,1.00
2017.07.20 09:45:23.673,1.64174,1.64199,1.00,1.00
2017.07.20 09:45:28.221,1.64174,1.642,1.00,1.00
2017.07.20 09:45:29.806,1.64176,1.642,1.00,1.00
2017.07.20 09:45:30.163,1.64179,1.642,1.00,1.00
2017.07.20 09:45:30.711,1.64179,1.64201,1.00,1.00
2017.07.20 09:45:31.219,1.64179,1.642,1.00,1.00
2017.07.20 09:45:32.331,1.64179,1.64201,1.00,1.00
2017.07.20 09:45:32.880,1.64179,1.642,1.00,1.00
2017.07.20 09:45:33.410,1.64177,1.642,1.00,1.00
2017.07.20 09:45:33.632,1.64179,1.642,1.00,1.00
2017.07.20 09:45:34.327,1.64178,1.642,1.00,1.00
2017.07.20 09:45:34.948,1.64178,1.64201,1.00,1.00
2017.07.20 09:45:35.569,1.64178,1.642,1.00,1.00
2017.07.20 09:45:36.112,1.64177,1.64201,1.00,1.00
2017.07.20 09:45:36.527,1.64175,1.64201,1.00,1.25
2017.07.20 09:45:36.629,1.64172,1.64198,1.00,1.00
2017.07.20 09:45:37.076,1.64175,1.642,1.00,1.50
2017.07.20 09:45:37.597,1.64174,1.64199,1.00,1.00
2017.07.20 09:45:37.852,1.64172,1.642,1.50,1.50
2017.07.20 09:45:38.359,1.64173,1.642,1.00,1.00
2017.07.20 09:45:38.663,1.64171,1.64199,1.50,1.50
2017.07.20 09:45:40.914,1.64171,1.64198,1.50,1.00
2017.07.20 09:45:42.120,1.64172,1.64199,1.00,1.50
2017.07.20 09:45:42.364,1.64174,1.64199,1.00,1.00
2017.07.20 09:45:42.908,1.64176,1.64199,1.00,1.00
2017.07.20 09:45:43.010,1.64171,1.64199,1.00,2.25
2017.07.20 09:45:43.526,1.64171,1.64198,1.00,1.00
2017.07.20 09:45:43.830,1.64169,1.64196,1.87,1.00
2017.07.20 09:45:44.135,1.64166,1.64191,1.00,1.00
2017.07.20 09:45:44.343,1.64164,1.64191,1.00,1.00
2017.07.20 09:45:44.398,1.64164,1.64183,1.00,1.00
2017.07.20 09:45:44.703,1.64143,1.64166,1.87,1.00
2017.07.20 09:45:44.804,1.6414,1.64167,1.50,1.37
2017.07.20 09:45:44.856,1.64138,1.64158,1.75,1.00
2017.07.20 09:45:44.907,1.64135,1.64158,1.37,1.00
2017.07.20 09:45:44.959,1.64131,1.64154,3.37,1.00
2017.07.20 09:45:45.010,1.64131,1.64154,1.37,1.00
2017.07.20 09:45:45.113,1.6413,1.64153,1.00,1.00
2017.07.20 09:45:45.164,1.64127,1.64151,1.50,1.00
2017.07.20 09:45:45.584,1.64134,1.6415,1.00,1.00
2017.07.20 09:45:45.635,1.64131,1.64156,1.00,1.00
2017.07.20 09:45:45.686,1.64133,1.64156,1.00,1.00
2017.07.20 09:45:45.737,1.64133,1.64158,1.12,1.00
2017.07.20 09:45:45.839,1.64134,1.64156,1.00,1.00
2017.07.20 09:45:46.042,1.64134,1.6416,1.00,1.00
2017.07.20 09:45:46.349,1.64137,1.6416,1.00,1.00
2017.07.20 09:45:46.654,1.64135,1.6416,1.00,1.00
2017.07.20 09:45:46.755,1.64133,1.64159,1.12,1.00
2017.07.20 09:45:47.008,1.64137,1.64159,1.00,1.00
2017.07.20 09:45:47.265,1.64137,1.64161,1.00,1.00
2017.07.20 09:45:47.598,1.64134,1.64161,1.50,1.00
2017.07.20 09:45:48.219,1.64135,1.64161,1.00,1.00
2017.07.20 09:45:49.455,1.64134,1.64154,1.00,1.00
2017.07.20 09:45:49.506,1.64131,1.64156,1.50,1.00
2017.07.20 09:45:49.557,1.64128,1.64151,1.75,1.00
2017.07.20 09:45:49.607,1.64128,1.64151,1.87,1.00
2017.07.20 09:45:49.709,1.64128,1.64151,1.00,1.00
2017.07.20 09:45:50.246,1.64127,1.64147,1.00,1.00
2017.07.20 09:45:50.451,1.6412,1.64143,1.12,1.00
2017.07.20 09:45:50.502,1.64117,1.64141,2.25,1.00
2017.07.20 09:45:50.705,1.64115,1.6414,1.00,1.50
2017.07.20 09:45:50.807,1.64113,1.64141,1.50,1.50
2017.07.20 09:45:50.858,1.64113,1.64139,1.00,1.00
2017.07.20 09:45:51.164,1.64117,1.64137,1.00,1.00
2017.07.20 09:45:52.046,1.64117,1.64136,1.00,1.00
2017.07.20 09:45:55.054,1.64117,1.64133,1.00,1.00
2017.07.20 09:45:58.018,1.64116,1.64133,1.00,1.00
2017.07.20 09:45:58.474,1.64117,1.64131,1.00,1.00
2017.07.20 09:45:59.283,1.6411,1.64131,1.00,1.00
2017.07.20 09:45:59.334,1.64106,1.64131,1.87,1.00
2017.07.20 09:45:59.436,1.64112,1.64131,1.00,1.00
2017.07.20 09:45:59.487,1.64116,1.64136,1.00,1.00
2017.07.20 09:45:59.589,1.64116,1.6414,1.00,1.37
2017.07.20 09:45:59.640,1.64115,1.6414,1.00,1.00
2017.07.20 09:46:00.212,1.64116,1.64141,1.00,1.00
2017.07.20 09:46:00.769,1.64122,1.64141,1.00,1.00
2017.07.20 09:46:00.820,1.64116,1.64141,2.06,1.00
2017.07.20 09:46:00.871,1.64122,1.64147,1.00,1.50
2017.07.20 09:46:01.075,1.6412,1.64145,1.50,1.00
2017.07.20 09:46:01.857,1.64119,1.64143,1.00,1.00
2017.07.20 09:46:02.213,1.64117,1.64142,1.00,1.00
2017.07.20 09:46:02.366,1.64115,1.64141,2.25,1.00
2017.07.20 09:46:02.467,1.64113,1.64137,2.25,1.00
2017.07.20 09:46:02.620,1.64108,1.64133,1.37,1.00
2017.07.20 09:46:02.807,1.64106,1.64132,1.50,1.00
2017.07.20 09:46:03.011,1.64116,1.64132,1.00,1.00
2017.07.20 09:46:03.062,1.64119,1.6414,1.00,1.75
2017.07.20 09:46:03.166,1.64119,1.6414,1.00,1.37
2017.07.20 09:46:03.217,1.64119,1.6414,1.00,1.00
2017.07.20 09:46:03.318,1.64121,1.64141,1.00,1.00
2017.07.20 09:46:03.471,1.64118,1.64141,1.87,1.00
2017.07.20 09:46:03.998,1.64119,1.6414,1.00,1.00
2017.07.20 09:46:04.563,1.64122,1.64141,1.00,1.00
2017.07.20 09:46:04.723,1.64119,1.64141,1.00,1.00
2017.07.20 09:46:05.481,1.64118,1.64141,1.87,1.00
2017.07.20 09:46:06.030,1.64119,1.64141,1.00,1.00
2017.07.20 09:46:06.960,1.64118,1.64141,1.87,1.00
2017.07.20 09:46:07.061,1.64118,1.64143,1.87,1.50
2017.07.20 09:46:07.581,1.64119,1.64144,1.00,1.00
2017.07.20 09:46:08.095,1.64118,1.64144,1.12,1.00
2017.07.20 09:46:08.906,1.64118,1.64145,1.87,1.00
2017.07.20 09:46:09.655,1.64119,1.64145,1.00,1.00
2017.07.20 09:46:10.406,1.64118,1.64145,1.87,1.00
2017.07.20 09:46:10.614,1.64119,1.64143,1.00,1.00
2017.07.20 09:46:11.376,1.64118,1.64143,2.62,1.00
2017.07.20 09:46:12.398,1.64119,1.64143,1.00,1.00
2017.07.20 09:46:12.915,1.64119,1.64142,1.00,1.00
2017.07.20 09:46:13.472,1.64118,1.64142,1.87,1.00
2017.07.20 09:46:13.815,1.64117,1.64138,1.37,1.00
2017.07.20 09:46:14.191,1.64116,1.64137,1.00,1.00
2017.07.20 09:46:14.394,1.64116,1.64139,1.00,1.00
2017.07.20 09:46:14.749,1.64119,1.6414,1.00,1.00
2017.07.20 09:46:15.341,1.6412,1.64141,1.00,1.00
2017.07.20 09:46:16.021,1.64119,1.64141,1.12,1.00
2017.07.20 09:46:16.564,1.6412,1.64141,1.00,1.00
2017.07.20 09:46:16.818,1.64111,1.64134,1.50,1.00
2017.07.20 09:46:17.379,1.64111,1.64133,1.00,1.00
2017.07.20 09:46:18.587,1.64112,1.64133,1.00,1.00
2017.07.20 09:46:19.561,1.64108,1.64133,1.12,1.00
2017.07.20 09:46:19.713,1.64108,1.6413,1.12,1.00
2017.07.20 09:46:20.248,1.64108,1.64129,1.12,1.00
2017.07.20 09:46:20.839,1.64109,1.64129,1.00,1.00
2017.07.20 09:46:21.296,1.64102,1.64127,1.92,1.00
2017.07.20 09:46:21.398,1.64102,1.64127,1.07,1.00
2017.07.20 09:46:21.920,1.64102,1.64127,1.07,1.00
2017.07.20 09:46:22.534,1.64102,1.64126,1.57,1.00
2017.07.20 09:46:23.082,1.64103,1.64125,1.07,1.00
2017.07.20 09:46:23.476,1.64103,1.64129,1.07,1.00
2017.07.20 09:46:23.985,1.64102,1.64129,1.17,1.00
2017.07.20 09:46:24.453,1.64103,1.64127,1.10,1.00
2017.07.20 09:46:24.757,1.64102,1.64125,1.07,1.00
2017.07.20 09:46:25.062,1.64102,1.64123,1.07,1.00
2017.07.20 09:46:25.583,1.64101,1.64124,1.15,1.00
2017.07.20 09:46:25.887,1.64097,1.64121,1.35,1.00
2017.07.20 09:46:26.192,1.64096,1.64118,1.22,1.00
2017.07.20 09:46:26.294,1.64096,1.6412,1.22,1.00
2017.07.20 09:46:27.082,1.64097,1.6412,1.22,1.00
2017.07.20 09:46:27.661,1.64095,1.6412,1.22,1.00
2017.07.20 09:46:28.934,1.64097,1.6412,1.22,1.00
2017.07.20 09:46:31.002,1.64097,1.64122,1.22,1.50
2017.07.20 09:46:31.539,1.64097,1.64122,1.22,1.50
2017.07.20 09:46:31.812,1.64103,1.6413,1.00,2.25
2017.07.20 09:46:32.045,1.64106,1.64129,1.00,1.00
2017.07.20 09:46:32.361,1.64108,1.64129,1.00,1.00
2017.07.20 09:46:32.715,1.64108,1.64126,1.00,1.00
2017.07.20 09:46:33.222,1.64111,1.64127,1.00,1.00
2017.07.20 09:46:33.742,1.64111,1.64126,1.00,1.00
2017.07.20 09:46:33.911,1.64106,1.64127,1.00,1.00
2017.07.20 09:46:34.437,1.64105,1.64127,1.00,1.00
2017.07.20 09:46:35.025,1.64105,1.64126,1.00,1.00
2017.07.20 09:46:35.579,1.64105,1.64127,1.00,1.00
2017.07.20 09:46:36.227,1.64106,1.64127,1.00,1.50
2017.07.20 09:46:36.329,1.64103,1.64121,1.00,1.00
2017.07.20 09:46:36.835,1.64102,1.64122,1.10,1.00
2017.07.20 09:46:37.347,1.64102,1.64121,1.10,1.00
2017.07.20 09:46:39.235,1.64093,1.64121,3.22,1.00
2017.07.20 09:46:39.794,1.64104,1.64121,1.00,1.00
2017.07.20 09:46:40.334,1.64104,1.64122,1.00,1.00
2017.07.20 09:46:40.868,1.64105,1.64122,1.00,1.00
2017.07.20 09:46:41.391,1.64104,1.64122,1.00,1.00
2017.07.20 09:46:41.899,1.64104,1.64121,1.00,1.00
2017.07.20 09:46:42.726,1.64104,1.64122,1.00,1.50
2017.07.20 09:46:43.590,1.64104,1.64121,1.00,1.00
2017.07.20 09:46:46.130,1.64104,1.64122,1.00,1.00
2017.07.20 09:46:46.537,1.64102,1.64122,1.10,1.00
2017.07.20 09:46:47.246,1.64102,1.64121,1.10,1.00
2017.07.20 09:46:47.836,1.64102,1.64122,1.00,1.00
2017.07.20 09:46:48.371,1.64101,1.64121,1.07,1.00
2017.07.20 09:46:49.121,1.64102,1.64122,1.10,1.00
2017.07.20 09:46:49.648,1.64102,1.64121,1.10,1.00
2017.07.20 09:46:50.305,1.64102,1.64122,1.10,1.00
2017.07.20 09:46:50.850,1.641,1.64121,1.15,1.00
2017.07.20 09:46:51.359,1.641,1.64123,1.17,1.50
2017.07.20 09:46:51.511,1.64103,1.64123,1.00,1.00
2017.07.20 09:46:51.562,1.64103,1.64128,1.00,2.25
2017.07.20 09:46:51.613,1.64109,1.64129,1.00,1.75
2017.07.20 09:46:51.664,1.64109,1.64129,1.00,1.00
2017.07.20 09:46:51.715,1.64104,1.64125,1.00,1.00
2017.07.20 09:46:51.817,1.64101,1.64125,1.10,1.00
2017.07.20 09:46:51.919,1.64105,1.64131,1.00,3.00
2017.07.20 09:46:52.055,1.64105,1.64131,1.00,2.62
2017.07.20 09:46:52.575,1.64105,1.64128,1.00,1.00
2017.07.20 09:46:53.081,1.64105,1.64129,1.00,1.00
2017.07.20 09:46:53.590,1.64105,1.6413,1.00,1.00
2017.07.20 09:46:54.557,1.64106,1.6413,1.00,1.00
2017.07.20 09:46:55.110,1.64106,1.64131,1.00,1.87
2017.07.20 09:46:55.647,1.64108,1.6413,1.00,1.00
2017.07.20 09:46:56.251,1.64108,1.64131,1.00,1.12
2017.07.20 09:46:56.844,1.64108,1.6413,1.00,1.00
2017.07.20 09:46:57.391,1.64108,1.64131,1.00,1.12
2017.07.20 09:46:57.724,1.64106,1.6413,1.00,1.00
2017.07.20 09:46:57.914,1.64108,1.6413,1.00,1.00
2017.07.20 09:46:58.473,1.64107,1.64131,1.00,1.12
2017.07.20 09:46:59.005,1.64106,1.64131,1.00,1.12
2017.07.20 09:46:59.567,1.64106,1.6413,1.00,1.00
2017.07.20 09:47:00.102,1.64106,1.64131,1.00,1.12
2017.07.20 09:47:00.608,1.64105,1.64131,1.00,1.12
2017.07.20 09:47:01.188,1.64105,1.6413,1.00,1.00
2017.07.20 09:47:01.702,1.64106,1.64131,1.00,1.12
2017.07.20 09:47:02.357,1.64106,1.6413,1.00,1.00
2017.07.20 09:47:02.907,1.64105,1.64131,1.00,1.12
2017.07.20 09:47:03.424,1.64103,1.64127,1.00,1.00
2017.07.20 09:47:03.577,1.64101,1.64126,1.10,1.00
2017.07.20 09:47:04.281,1.64102,1.64126,1.50,1.00
2017.07.20 09:47:04.800,1.64102,1.64127,1.50,1.00
2017.07.20 09:47:04.851,1.64102,1.64123,1.00,1.00
2017.07.20 09:47:05.296,1.64096,1.64118,1.22,1.00
2017.07.20 09:47:05.800,1.64096,1.64118,1.22,1.00
2017.07.20 09:47:06.350,1.64096,1.64119,1.22,1.00
2017.07.20 09:47:06.899,1.64096,1.64118,1.22,1.00
2017.07.20 09:47:07.103,1.64097,1.64123,1.22,2.25
2017.07.20 09:47:07.357,1.64096,1.64123,1.72,1.37
2017.07.20 09:47:07.872,1.64099,1.64123,1.25,1.00
2017.07.20 09:47:08.387,1.64101,1.64122,1.20,1.00
2017.07.20 09:47:08.906,1.641,1.64122,1.15,1.00
2017.07.20 09:47:09.551,1.641,1.64123,1.15,1.00
2017.07.20 09:47:10.097,1.64102,1.64122,1.00,1.00
2017.07.20 09:47:10.683,1.64102,1.64123,1.00,1.00
2017.07.20 09:47:11.552,1.64103,1.64128,1.00,1.75
2017.07.20 09:47:11.704,1.64103,1.64127,1.00,1.00
2017.07.20 09:47:12.374,1.64103,1.64128,1.00,1.00
2017.07.20 09:47:13.047,1.64103,1.64127,1.00,1.00
2017.07.20 09:47:13.481,1.64107,1.64127,1.00,1.00
2017.07.20 09:47:14.028,1.64107,1.64132,1.50,1.75
2017.07.20 09:47:14.080,1.64109,1.64132,1.00,1.37
2017.07.20 09:47:14.265,1.6411,1.64132,1.00,1.00
2017.07.20 09:47:14.913,1.6411,1.64133,1.00,1.12
2017.07.20 09:47:15.601,1.6411,1.64132,1.00,1.00
2017.07.20 09:47:15.905,1.6411,1.64137,1.00,1.37
2017.07.20 09:47:16.058,1.6411,1.6414,1.50,4.31
2017.07.20 09:47:16.159,1.64111,1.64135,1.00,1.00
2017.07.20 09:47:16.670,1.64109,1.64135,1.00,1.00
2017.07.20 09:47:17.291,1.64109,1.64136,1.00,1.12
2017.07.20 09:47:17.842,1.6411,1.64136,1.00,1.12
2017.07.20 09:47:18.372,1.64109,1.64135,1.00,1.00
2017.07.20 09:47:19.021,1.64109,1.64136,1.00,1.12
2017.07.20 09:47:19.540,1.64109,1.64135,1.00,1.00
2017.07.20 09:47:20.160,1.64109,1.64136,1.00,1.12
2017.07.20 09:47:20.701,1.6411,1.64135,1.00,1.00
2017.07.20 09:47:21.445,1.64109,1.64135,1.00,1.00
2017.07.20 09:47:21.672,1.64107,1.64133,1.09,1.00
2017.07.20 09:47:21.994,1.64108,1.64135,1.00,1.00
2017.07.20 09:47:22.660,1.64106,1.64132,1.84,1.00
2017.07.20 09:47:23.353,1.64107,1.64133,1.09,1.00
2017.07.20 09:47:23.959,1.64108,1.64133,1.00,1.00
2017.07.20 09:47:25.181,1.64108,1.64136,1.00,1.87
2017.07.20 09:47:25.687,1.64108,1.64135,1.00,1.00
2017.07.20 09:47:26.272,1.64108,1.64136,1.25,1.87
2017.07.20 09:47:26.619,1.64111,1.64136,1.00,1.87
2017.07.20 09:47:26.802,1.64108,1.64135,1.25,1.00
2017.07.20 09:47:27.574,1.64107,1.64134,1.84,1.00
2017.07.20 09:47:28.133,1.64107,1.64134,2.02,1.00
2017.07.20 09:47:28.741,1.64107,1.64134,2.02,1.00
2017.07.20 09:47:29.058,1.64108,1.64136,1.25,1.12
2017.07.20 09:47:29.615,1.64108,1.64135,1.25,1.00
2017.07.20 09:47:30.263,1.64108,1.64136,1.25,1.12
2017.07.20 09:47:30.566,1.6411,1.64136,1.00,1.12
2017.07.20 09:47:31.386,1.6411,1.64136,1.00,1.37
2017.07.20 09:47:32.020,1.6411,1.64134,1.00,1.00
2017.07.20 09:47:32.558,1.6411,1.64135,1.00,1.12
2017.07.20 09:47:33.066,1.6411,1.64134,1.00,1.00
2017.07.20 09:47:33.612,1.64109,1.64135,1.00,1.87
2017.07.20 09:47:34.127,1.64109,1.64134,1.00,1.00
2017.07.20 09:47:34.634,1.64109,1.64135,1.00,1.87
2017.07.20 09:47:35.181,1.64109,1.64134,1.00,1.00
2017.07.20 09:47:36.129,1.64109,1.64135,1.00,1.87
2017.07.20 09:47:36.762,1.64109,1.64134,1.00,1.00
2017.07.20 09:47:37.457,1.64109,1.64135,1.00,1.87
2017.07.20 09:47:37.509,1.64107,1.64135,1.09,1.87
2017.07.20 09:47:38.051,1.64107,1.64134,1.09,1.00
2017.07.20 09:47:38.579,1.64107,1.64135,1.09,1.87
2017.07.20 09:47:39.311,1.64106,1.64134,1.84,1.00
2017.07.20 09:47:39.682,1.64109,1.64135,1.00,1.87
2017.07.20 09:47:40.241,1.64109,1.64134,1.00,1.00
2017.07.20 09:47:40.572,1.64107,1.64134,1.09,1.50
2017.07.20 09:47:44.110,1.64108,1.64135,1.00,1.12
2017.07.20 09:47:44.630,1.64107,1.64134,1.00,1.00
2017.07.20 09:47:45.250,1.64107,1.64135,1.00,1.87
2017.07.20 09:47:45.892,1.64109,1.64135,1.00,1.87
2017.07.20 09:47:46.519,1.64109,1.64134,1.00,1.00
2017.07.20 09:47:47.052,1.64109,1.64135,1.00,1.00
2017.07.20 09:47:47.722,1.6411,1.64137,1.00,1.12
2017.07.20 09:47:49.383,1.6411,1.64136,1.00,1.00
2017.07.20 09:47:49.960,1.6411,1.64137,1.00,1.12
2017.07.20 09:47:50.511,1.6411,1.64136,1.00,1.00
2017.07.20 09:47:50.613,1.64109,1.64134,1.00,1.00
2017.07.20 09:47:51.256,1.64109,1.64133,1.00,1.00
2017.07.20 09:47:51.900,1.64109,1.64134,1.00,1.00
2017.07.20 09:47:52.001,1.64107,1.64133,1.00,1.50
2017.07.20 09:47:53.198,1.64105,1.64133,1.00,1.00
2017.07.20 09:47:53.758,1.64105,1.64134,1.00,1.50
2017.07.20 09:47:54.436,1.64105,1.64133,1.00,1.00
2017.07.20 09:47:54.994,1.64105,1.64134,1.00,1.50
2017.07.20 09:47:55.540,1.64105,1.64133,1.00,1.00
2017.07.20 09:47:56.062,1.64106,1.64134,1.00,1.50
2017.07.20 09:47:56.586,1.64106,1.64133,1.00,1.00
2017.07.20 09:47:57.160,1.64106,1.64134,1.00,1.50
2017.07.20 09:47:57.739,1.64106,1.64133,1.00,1.00
2017.07.20 09:47:58.251,1.64106,1.64134,1.00,1.50
2017.07.20 09:47:58.770,1.64106,1.64133,1.00,1.00
2017.07.20 09:47:59.763,1.64107,1.64134,1.00,1.50
2017.07.20 09:48:00.358,1.64107,1.64133,1.00,1.00
2017.07.20 09:48:03.212,1.64106,1.64133,1.00,1.50
2017.07.20 09:48:03.878,1.64106,1.64132,1.00,1.00
2017.07.20 09:48:04.130,1.64104,1.64132,1.50,1.00
2017.07.20 09:48:05.739,1.64106,1.64132,1.00,1.00
2017.07.20 09:48:06.653,1.64105,1.64132,1.00,1.00
2017.07.20 09:48:07.154,1.64105,1.64131,1.50,1.00
2017.07.20 09:48:07.812,1.64106,1.64131,1.00,1.00
2017.07.20 09:48:08.318,1.64107,1.64131,1.87,1.00
2017.07.20 09:48:08.420,1.64109,1.64135,1.12,1.00
2017.07.20 09:48:09.252,1.64108,1.64135,1.50,1.00
2017.07.20 09:48:09.601,1.6411,1.64136,1.00,1.00
2017.07.20 09:48:10.126,1.64109,1.64136,1.00,1.00
2017.07.20 09:48:10.727,1.6411,1.64136,1.00,1.00
2017.07.20 09:48:11.036,1.64112,1.64136,1.00,1.00
2017.07.20 09:48:13.196,1.64113,1.64136,1.00,1.00
2017.07.20 09:48:13.247,1.64112,1.64139,1.87,1.00
2017.07.20 09:48:13.892,1.64113,1.64139,1.00,1.50
2017.07.20 09:48:14.467,1.64112,1.64139,1.87,1.50
2017.07.20 09:48:15.043,1.64113,1.64139,1.00,1.00
2017.07.20 09:48:15.319,1.64124,1.64142,1.00,1.50
2017.07.20 09:48:15.826,1.64125,1.64142,1.00,1.50
2017.07.20 09:48:16.461,1.64124,1.64143,1.87,1.50
2017.07.20 09:48:17.170,1.64123,1.64142,2.25,1.50
2017.07.20 09:48:17.945,1.64124,1.64143,1.50,1.50
2017.07.20 09:48:18.274,1.64121,1.64143,1.50,1.50
2017.07.20 09:48:19.005,1.6412,1.64142,1.00,1.50
2017.07.20 09:48:19.057,1.64118,1.6414,1.37,1.00
2017.07.20 09:48:19.254,1.64115,1.64139,1.00,1.00
2017.07.20 09:48:19.356,1.64112,1.64139,1.84,1.00
2017.07.20 09:48:19.833,1.64117,1.64139,1.00,1.50
2017.07.20 09:48:23.272,1.64111,1.64139,2.02,1.00
2017.07.20 09:48:23.323,1.64112,1.64139,1.84,1.00
2017.07.20 09:48:23.627,1.64128,1.64148,1.09,1.50
2017.07.20 09:48:23.678,1.64129,1.64151,1.00,1.00
2017.07.20 09:48:23.967,1.64132,1.64155,1.00,1.00
2017.07.20 09:48:24.069,1.64132,1.64153,1.00,1.00
2017.07.20 09:48:24.120,1.64132,1.64155,1.00,1.00
2017.07.20 09:48:24.171,1.64132,1.64153,1.00,1.00
2017.07.20 09:48:24.273,1.64128,1.64153,3.19,1.00
2017.07.20 09:48:24.374,1.64132,1.64153,1.00,1.00
2017.07.20 09:48:24.628,1.64129,1.64153,1.00,1.00
2017.07.20 09:48:24.729,1.64132,1.64156,1.00,1.50
2017.07.20 09:48:25.243,1.64133,1.64154,1.12,1.00
2017.07.20 09:48:25.794,1.64132,1.64155,1.87,1.12
2017.07.20 09:48:26.123,1.64137,1.64154,1.00,1.00
2017.07.20 09:48:27.046,1.64137,1.64155,1.00,1.87
2017.07.20 09:48:27.643,1.6413,1.64154,1.00,1.00
2017.07.20 09:48:27.694,1.64137,1.64155,1.00,1.87
2017.07.20 09:48:27.745,1.64128,1.64154,1.00,1.00
2017.07.20 09:48:27.796,1.64132,1.64151,1.00,1.00
2017.07.20 09:48:28.405,1.64132,1.6415,1.00,1.00
2017.07.20 09:48:28.946,1.64132,1.64151,1.00,1.00
2017.07.20 09:48:29.520,1.64132,1.64155,1.00,1.12
2017.07.20 09:48:30.632,1.64131,1.64156,1.50,1.50
2017.07.20 09:48:30.734,1.64133,1.64158,1.00,1.00
2017.07.20 09:48:30.785,1.64133,1.64155,1.00,1.00
2017.07.20 09:48:30.938,1.64125,1.64149,1.87,1.00
2017.07.20 09:48:31.041,1.64122,1.64147,1.00,1.00
2017.07.20 09:48:31.500,1.64127,1.64148,1.00,1.00
2017.07.20 09:48:31.652,1.64127,1.64152,1.50,1.12
2017.07.20 09:48:31.855,1.64127,1.6415,1.00,1.00
2017.07.20 09:48:32.168,1.64127,1.64153,1.00,1.50
2017.07.20 09:48:33.322,1.64126,1.64153,1.00,1.50
2017.07.20 09:48:34.969,1.64125,1.64152,1.50,1.00
2017.07.20 09:48:35.262,1.64127,1.64152,1.00,1.00
2017.07.20 09:48:35.633,1.64125,1.64152,1.00,1.00
2017.07.20 09:48:36.090,1.64127,1.64152,1.00,1.00
2017.07.20 09:48:37.781,1.64125,1.64152,1.50,2.25
2017.07.20 09:48:37.832,1.64125,1.64146,1.00,1.00
2017.07.20 09:48:37.882,1.64121,1.64145,1.37,1.00
2017.07.20 09:48:38.095,1.64117,1.64144,2.81,1.00
2017.07.20 09:48:38.593,1.64117,1.64141,1.00,1.87
2017.07.20 09:48:39.111,1.64117,1.64139,1.00,1.00
2017.07.20 09:48:39.163,1.64117,1.64142,1.50,1.50
2017.07.20 09:48:39.367,1.64119,1.64142,1.00,1.00
2017.07.20 09:48:39.769,1.64117,1.64141,1.00,1.00
2017.07.20 09:48:40.022,1.64116,1.64139,1.00,1.00
2017.07.20 09:48:40.449,1.64116,1.64136,1.00,1.00
2017.07.20 09:48:40.736,1.64112,1.64136,1.00,1.00
2017.07.20 09:48:41.263,1.64111,1.64135,1.00,1.00
2017.07.20 09:48:41.876,1.64111,1.64137,1.00,1.00
2017.07.20 09:48:43.066,1.64112,1.64137,1.00,1.00
2017.07.20 09:48:44.001,1.64112,1.64138,1.00,1.00
2017.07.20 09:48:44.154,1.64112,1.64135,1.00,1.00
2017.07.20 09:48:44.380,1.64112,1.64137,1.00,1.00
2017.07.20 09:48:44.748,1.64111,1.64135,1.00,1.00
2017.07.20 09:48:45.002,1.64111,1.64138,1.50,1.50
2017.07.20 09:48:45.974,1.64117,1.64138,1.00,1.00
2017.07.20 09:48:46.465,1.64117,1.64139,1.00,1.65
2017.07.20 09:48:46.787,1.64114,1.64139,1.00,1.65
2017.07.20 09:48:47.307,1.64114,1.64134,1.00,1.50
2017.07.20 09:48:47.358,1.64106,1.64128,1.50,1.00
2017.07.20 09:48:47.518,1.64099,1.64126,1.25,1.00
2017.07.20 09:48:47.569,1.64099,1.64122,1.25,1.00
2017.07.20 09:48:48.117,1.64098,1.64123,1.25,1.00
2017.07.20 09:48:48.618,1.64098,1.64122,1.25,1.00
2017.07.20 09:48:48.965,1.64089,1.64111,1.00,1.00
2017.07.20 09:48:49.067,1.64086,1.64111,1.00,1.00
2017.07.20 09:48:49.118,1.64086,1.64106,1.00,1.00
2017.07.20 09:48:49.169,1.64084,1.64106,1.00,1.00
2017.07.20 09:48:49.271,1.6408,1.64106,1.25,1.00
2017.07.20 09:48:49.373,1.64078,1.64105,1.09,1.50
2017.07.20 09:48:49.784,1.64077,1.64103,1.84,1.00
2017.07.20 09:48:50.301,1.64077,1.64104,1.34,1.00
2017.07.20 09:48:50.830,1.64077,1.64105,1.84,1.50
2017.07.20 09:48:51.193,1.64075,1.64095,1.00,1.00
2017.07.20 09:48:51.295,1.64069,1.64094,1.09,1.00
2017.07.20 09:48:51.548,1.64071,1.64094,1.00,1.50
2017.07.20 09:48:52.054,1.64072,1.64093,1.00,1.00
2017.07.20 09:48:53.011,1.64072,1.64094,1.00,1.50
2017.07.20 09:48:54.620,1.64072,1.64093,1.00,1.00
2017.07.20 09:48:55.499,1.64072,1.64094,1.00,1.50
2017.07.20 09:48:55.707,1.64072,1.64098,1.00,1.50
2017.07.20 09:48:56.021,1.64072,1.64096,1.00,1.00
2017.07.20 09:48:57.405,1.64072,1.64095,1.00,1.00
2017.07.20 09:49:00.140,1.64069,1.64095,1.09,1.50
2017.07.20 09:49:00.241,1.64069,1.64088,1.00,1.00
2017.07.20 09:49:00.292,1.64061,1.64087,2.25,1.00
2017.07.20 09:49:00.395,1.64062,1.64087,1.50,1.50
2017.07.20 09:49:00.497,1.64065,1.64087,1.00,1.50
2017.07.20 09:49:00.751,1.64068,1.64092,1.00,1.37
2017.07.20 09:49:01.391,1.64068,1.64093,1.00,1.50
2017.07.20 09:49:01.795,1.6407,1.64093,1.00,1.00
2017.07.20 09:49:03.012,1.64067,1.64093,1.50,1.00
2017.07.20 09:49:03.545,1.64068,1.64092,1.00,1.00
2017.07.20 09:49:04.085,1.64068,1.64093,1.00,1.00
2017.07.20 09:49:04.594,1.64068,1.64092,1.00,1.00
2017.07.20 09:49:05.130,1.64069,1.64092,1.00,1.00
2017.07.20 09:49:06.155,1.64069,1.64093,1.00,1.50
2017.07.20 09:49:07.081,1.64069,1.64092,1.00,1.00
2017.07.20 09:49:07.755,1.64069,1.64093,1.00,1.00
2017.07.20 09:49:08.022,1.64072,1.64092,1.00,1.00
2017.07.20 09:49:08.624,1.64072,1.64093,1.00,1.00
2017.07.20 09:49:08.676,1.64069,1.64093,1.00,1.00
2017.07.20 09:49:09.222,1.64069,1.64092,1.00,1.00
2017.07.20 09:49:09.735,1.6407,1.64093,1.00,1.00
2017.07.20 09:49:10.831,1.6407,1.64093,1.00,1.75
2017.07.20 09:49:11.394,1.64069,1.64092,1.00,1.50
2017.07.20 09:49:11.990,1.6407,1.64092,1.00,1.50
2017.07.20 09:49:14.035,1.64068,1.64093,1.00,2.25
2017.07.20 09:49:14.615,1.64069,1.64093,1.00,1.75
2017.07.20 09:49:14.821,1.64065,1.6409,1.00,1.50
2017.07.20 09:49:14.923,1.64065,1.64088,1.00,1.00
2017.07.20 09:49:15.514,1.64065,1.64087,1.00,1.00
2017.07.20 09:49:15.564,1.64068,1.64092,1.00,1.50
2017.07.20 09:49:15.717,1.64066,1.64092,1.00,1.50
2017.07.20 09:49:16.122,1.64069,1.64092,1.00,1.50
2017.07.20 09:49:16.537,1.64069,1.64093,1.00,1.00
2017.07.20 09:49:17.139,1.64069,1.64092,1.00,1.00
2017.07.20 09:49:17.697,1.64071,1.64092,1.09,1.00
2017.07.20 09:49:17.748,1.64073,1.64096,1.00,1.00
2017.07.20 09:49:17.799,1.64075,1.641,1.00,1.37
2017.07.20 09:49:17.850,1.64075,1.64102,1.00,1.00
2017.07.20 09:49:18.220,1.64076,1.64104,1.50,1.50
2017.07.20 09:49:19.098,1.64077,1.64104,1.00,1.00
2017.07.20 09:49:20.133,1.64075,1.64104,1.50,1.00
2017.07.20 09:49:20.285,1.64075,1.64098,1.00,1.00
2017.07.20 09:49:20.793,1.64074,1.64099,1.00,1.12
2017.07.20 09:49:21.224,1.64087,1.64107,1.00,1.00
2017.07.20 09:49:21.275,1.64086,1.64111,1.50,1.00
2017.07.20 09:49:21.427,1.64087,1.64113,1.00,1.50
2017.07.20 09:49:21.530,1.64087,1.64108,1.50,1.00
2017.07.20 09:49:21.581,1.64087,1.64111,1.00,1.00
2017.07.20 09:49:21.632,1.64081,1.64108,2.81,2.25
2017.07.20 09:49:21.733,1.64077,1.64102,1.50,1.00
2017.07.20 09:49:22.304,1.64076,1.64103,1.00,1.00
2017.07.20 09:49:22.356,1.64076,1.641,1.00,1.00
2017.07.20 09:49:22.559,1.64076,1.64102,1.00,1.00
2017.07.20 09:49:24.258,1.64077,1.64102,1.00,1.00
2017.07.20 09:49:24.771,1.64077,1.64101,1.00,1.00
2017.07.20 09:49:25.115,1.64075,1.64099,1.00,1.34
2017.07.20 09:49:25.319,1.64063,1.64085,1.00,1.00
2017.07.20 09:49:25.370,1.64061,1.64084,1.00,1.00
2017.07.20 09:49:25.421,1.64058,1.64085,1.00,1.00
2017.07.20 09:49:25.471,1.64056,1.64083,1.87,1.00
2017.07.20 09:49:25.776,1.64057,1.64081,1.50,1.00
2017.07.20 09:49:27.264,1.64057,1.6408,1.00,1.00
2017.07.20 09:49:31.639,1.64057,1.64081,1.00,1.00
2017.07.20 09:49:32.525,1.64061,1.64081,1.00,1.00
2017.07.20 09:49:32.678,1.64066,1.64091,1.00,1.25
2017.07.20 09:49:32.779,1.64068,1.64092,1.00,1.56
2017.07.20 09:49:33.292,1.64067,1.64092,1.00,1.19
2017.07.20 09:49:34.433,1.64067,1.64094,1.00,2.44
2017.07.20 09:49:34.953,1.64067,1.64094,1.00,1.50
2017.07.20 09:49:35.157,1.64069,1.64094,1.00,1.50
2017.07.20 09:49:35.685,1.64069,1.64096,1.50,1.50
2017.07.20 09:49:36.471,1.6407,1.64096,1.00,1.50
2017.07.20 09:49:37.063,1.64069,1.64096,1.50,1.50
2017.07.20 09:49:37.664,1.6407,1.64096,1.00,1.25
2017.07.20 09:49:38.405,1.64069,1.64095,1.50,1.19
2017.07.20 09:49:38.862,1.6407,1.64096,1.50,1.25
2017.07.20 09:49:39.395,1.64069,1.64095,1.00,1.00
2017.07.20 09:49:39.898,1.6407,1.64095,1.00,1.00
2017.07.20 09:49:40.405,1.64069,1.64096,1.00,1.00
2017.07.20 09:49:40.911,1.6407,1.64096,1.00,1.00
2017.07.20 09:49:41.077,1.64074,1.64099,1.00,1.00
2017.07.20 09:49:41.381,1.64073,1.64099,1.00,2.25
2017.07.20 09:49:41.986,1.64074,1.64099,1.00,1.50
2017.07.20 09:49:42.381,1.64074,1.64095,1.00,1.00
2017.07.20 09:49:42.884,1.64073,1.64095,1.00,1.00
2017.07.20 09:49:43.352,1.6407,1.64095,1.69,1.00
2017.07.20 09:49:43.899,1.64071,1.64096,1.00,1.00
2017.07.20 09:49:44.254,1.64072,1.641,3.19,1.37
2017.07.20 09:49:44.305,1.64074,1.64101,1.25,1.00
2017.07.20 09:49:44.812,1.64075,1.641,1.00,1.00
2017.07.20 09:49:45.313,1.64075,1.64101,1.00,1.00
2017.07.20 09:49:45.872,1.64075,1.641,1.00,1.00
2017.07.20 09:49:46.393,1.64074,1.641,1.00,1.00
2017.07.20 09:49:46.990,1.64074,1.64101,1.00,1.00
2017.07.20 09:49:47.611,1.64074,1.641,1.00,1.00
2017.07.20 09:49:48.781,1.64074,1.64101,1.00,1.00
2017.07.20 09:49:49.841,1.64074,1.641,1.00,1.00
2017.07.20 09:49:50.075,1.64072,1.641,1.50,1.00
2017.07.20 09:49:50.870,1.64072,1.64101,1.00,1.00
2017.07.20 09:49:51.413,1.64072,1.641,1.00,1.00
2017.07.20 09:49:52.004,1.64071,1.64101,2.25,1.00
2017.07.20 09:49:52.463,1.64072,1.641,1.00,1.19
2017.07.20 09:49:52.969,1.64071,1.64099,1.00,1.25
2017.07.20 09:49:53.541,1.64072,1.64099,1.00,1.25
2017.07.20 09:49:54.054,1.64071,1.64099,1.00,1.25
2017.07.20 09:49:54.662,1.64072,1.64099,1.00,1.25
2017.07.20 09:49:55.191,1.64071,1.64099,1.00,1.25
2017.07.20 09:49:55.705,1.64072,1.64099,1.00,1.00
2017.07.20 09:49:56.287,1.64071,1.64099,1.00,1.00
2017.07.20 09:49:56.810,1.64072,1.64099,1.00,1.25
2017.07.20 09:49:57.422,1.64071,1.64099,1.00,1.00
2017.07.20 09:49:57.948,1.64071,1.64098,1.00,1.25
2017.07.20 09:49:58.256,1.64068,1.64095,1.00,1.00
2017.07.20 09:49:58.459,1.64066,1.64096,1.87,1.31
2017.07.20 09:49:59.007,1.64067,1.64095,1.00,1.00
2017.07.20 09:49:59.523,1.64066,1.64096,1.12,1.31
2017.07.20 09:50:00.080,1.64067,1.64095,1.00,1.25
2017.07.20 09:50:00.923,1.64066,1.64096,1.12,1.31
2017.07.20 09:50:01.519,1.64067,1.64095,1.00,1.00
2017.07.20 09:50:02.165,1.64066,1.64096,1.87,1.12
2017.07.20 09:50:02.729,1.64067,1.64095,1.00,1.00
2017.07.20 09:50:03.512,1.64066,1.64096,1.12,1.12
2017.07.20 09:50:04.262,1.64067,1.64095,1.00,1.00
2017.07.20 09:50:04.768,1.64066,1.64096,1.12,1.12
2017.07.20 09:50:05.464,1.64067,1.64095,1.00,1.00
2017.07.20 09:50:05.996,1.64066,1.64096,1.12,1.87
2017.07.20 09:50:06.602,1.64067,1.64095,1.00,1.00
2017.07.20 09:50:07.176,1.64066,1.64096,1.12,1.87
2017.07.20 09:50:07.947,1.64067,1.64095,1.00,1.50
2017.07.20 09:50:08.612,1.64066,1.64096,1.12,1.87
2017.07.20 09:50:09.126,1.64067,1.64095,1.00,1.50
2017.07.20 09:50:09.644,1.64066,1.64095,1.12,1.00
2017.07.20 09:50:11.056,1.64067,1.64095,1.00,1.50
2017.07.20 09:50:11.568,1.64067,1.64095,1.00,1.69
2017.07.20 09:50:11.722,1.64062,1.64095,3.00,1.52
2017.07.20 09:50:12.026,1.64067,1.64092,1.00,1.69
2017.07.20 09:50:12.739,1.64066,1.64092,1.12,1.69
2017.07.20 09:50:13.094,1.64064,1.64092,1.75,2.06
2017.07.20 09:50:13.548,1.64059,1.64081,1.75,1.25
2017.07.20 09:50:13.752,1.64053,1.64078,1.00,1.00
2017.07.20 09:50:13.869,1.64054,1.64076,1.00,1.00
2017.07.20 09:50:13.921,1.64048,1.64077,1.00,1.00
2017.07.20 09:50:14.427,1.64049,1.64076,1.00,1.00
2017.07.20 09:50:14.948,1.64048,1.64076,1.00,1.00
2017.07.20 09:50:15.440,1.64047,1.64073,1.00,1.00
2017.07.20 09:50:15.948,1.64044,1.64074,2.59,1.00
2017.07.20 09:50:16.560,1.64045,1.64073,1.34,1.00
2017.07.20 09:50:17.105,1.64044,1.64074,2.77,1.00
2017.07.20 09:50:17.616,1.64045,1.64073,2.21,1.00
2017.07.20 09:50:18.189,1.64044,1.64074,1.84,1.00
2017.07.20 09:50:18.714,1.64045,1.64073,2.21,1.00
2017.07.20 09:50:19.915,1.64045,1.64074,1.34,1.00
2017.07.20 09:50:20.516,1.64045,1.64073,1.84,1.00
2017.07.20 09:50:21.028,1.64046,1.64074,1.09,1.00
2017.07.20 09:50:21.534,1.64046,1.64073,1.09,1.00
2017.07.20 09:50:22.119,1.64046,1.64074,1.84,1.00
2017.07.20 09:50:22.796,1.64046,1.64073,1.84,1.00
2017.07.20 09:50:23.577,1.64046,1.64074,1.09,1.00
2017.07.20 09:50:24.113,1.64046,1.64073,1.84,1.00
2017.07.20 09:50:24.647,1.64046,1.64074,1.09,1.00
2017.07.20 09:50:25.170,1.64045,1.64073,1.34,1.00
2017.07.20 09:50:25.935,1.64044,1.64074,1.84,1.00
2017.07.20 09:50:26.660,1.64045,1.64073,1.34,1.00
2017.07.20 09:50:27.376,1.64044,1.64074,1.50,1.00
2017.07.20 09:50:27.896,1.64045,1.64073,1.00,1.00
2017.07.20 09:50:28.600,1.64045,1.64072,1.00,1.00
2017.07.20 09:50:29.168,1.64044,1.64072,1.00,1.00
2017.07.20 09:50:29.677,1.64045,1.64073,1.00,1.69
2017.07.20 09:50:30.395,1.64045,1.64073,1.00,1.00
2017.07.20 09:50:30.897,1.64044,1.64073,1.12,1.00
2017.07.20 09:50:31.656,1.64045,1.64073,1.00,1.00
2017.07.20 09:50:32.181,1.64044,1.64073,1.12,1.00
2017.07.20 09:50:32.690,1.64045,1.64073,1.00,1.00
2017.07.20 09:50:33.273,1.64044,1.64073,1.12,1.00
2017.07.20 09:50:33.777,1.64045,1.64073,1.00,1.00
2017.07.20 09:50:34.287,1.64044,1.64073,1.12,1.00
2017.07.20 09:50:34.936,1.64045,1.64073,1.00,1.00
2017.07.20 09:50:35.614,1.64044,1.64073,1.12,1.00
2017.07.20 09:50:36.185,1.64045,1.64073,1.00,1.00
2017.07.20 09:50:36.715,1.64044,1.64073,1.12,1.00
2017.07.20 09:50:37.198,1.64047,1.64072,1.00,1.00
2017.07.20 09:50:37.249,1.64047,1.64074,1.00,1.50
2017.07.20 09:50:37.514,1.64045,1.64074,1.00,1.50
2017.07.20 09:50:38.288,1.64044,1.64075,1.12,1.87
2017.07.20 09:50:38.915,1.64045,1.64074,1.00,1.00
2017.07.20 09:50:39.446,1.64044,1.64075,1.12,1.87
2017.07.20 09:50:40.061,1.64045,1.64074,1.00,1.00
2017.07.20 09:50:40.667,1.64044,1.64075,1.12,1.87
2017.07.20 09:50:41.233,1.64045,1.64074,1.00,1.00
2017.07.20 09:50:41.446,1.64047,1.64075,1.00,1.12
2017.07.20 09:50:42.524,1.64047,1.64074,1.00,1.00
2017.07.20 09:50:43.030,1.64047,1.64075,1.00,1.12
2017.07.20 09:50:43.394,1.64044,1.64075,1.12,1.12
2017.07.20 09:50:44.061,1.64045,1.64074,1.00,1.00
2017.07.20 09:50:44.315,1.64045,1.64074,1.00,2.59
2017.07.20 09:50:44.518,1.64036,1.64063,1.25,1.87
2017.07.20 09:50:44.569,1.64038,1.64062,1.19,1.00
2017.07.20 09:50:44.670,1.64042,1.6407,1.00,1.37
2017.07.20 09:50:44.722,1.64042,1.6407,2.02,1.00
2017.07.20 09:50:44.823,1.64045,1.64071,1.09,1.87
2017.07.20 09:50:45.484,1.64043,1.6407,1.34,1.00
2017.07.20 09:50:46.001,1.64043,1.64071,1.34,1.87
2017.07.20 09:50:46.852,1.64045,1.6407,1.09,1.00
2017.07.20 09:50:47.389,1.64045,1.64071,1.09,1.87
2017.07.20 09:50:48.059,1.64043,1.6407,1.59,1.00
2017.07.20 09:50:48.263,1.64043,1.6407,1.25,1.00
2017.07.20 09:50:48.314,1.64042,1.6407,1.69,1.52
2017.07.20 09:50:48.498,1.64032,1.64062,1.09,1.00
2017.07.20 09:50:49.040,1.64033,1.64061,1.00,1.00
2017.07.20 09:50:49.555,1.64032,1.64061,1.00,1.00
2017.07.20 09:50:50.556,1.64032,1.64061,1.00,1.37
2017.07.20 09:50:51.186,1.64032,1.64061,1.00,1.00
2017.07.20 09:50:51.736,1.64033,1.64061,1.00,1.50
2017.07.20 09:50:51.837,1.64032,1.64059,1.00,1.00
2017.07.20 09:50:52.357,1.64033,1.64059,1.00,1.00
2017.07.20 09:50:52.475,1.64033,1.64061,1.00,1.50
2017.07.20 09:50:53.276,1.64032,1.64061,1.00,1.00
2017.07.20 09:50:53.827,1.64033,1.64061,1.00,1.87
2017.07.20 09:50:54.488,1.64032,1.64061,1.00,1.00
2017.07.20 09:50:55.206,1.64033,1.64061,1.00,1.69
2017.07.20 09:50:55.566,1.64033,1.64061,1.00,2.06
2017.07.20 09:50:56.337,1.64032,1.64061,1.00,1.19
2017.07.20 09:50:56.886,1.64033,1.6406,1.00,1.19
2017.07.20 09:50:57.488,1.64032,1.6406,1.00,1.19
2017.07.20 09:50:57.939,1.64032,1.64058,1.00,2.02
2017.07.20 09:50:58.106,1.64025,1.64051,1.00,1.00
2017.07.20 09:50:58.163,1.64021,1.64052,1.84,1.50
2017.07.20 09:50:58.467,1.64021,1.6405,1.84,1.00
2017.07.20 09:50:59.056,1.64022,1.6405,1.00,1.00
2017.07.20 09:50:59.584,1.64021,1.6405,1.84,1.00
2017.07.20 09:51:00.179,1.64022,1.6405,1.00,1.00
2017.07.20 09:51:00.719,1.64021,1.6405,1.84,1.00
2017.07.20 09:51:01.263,1.64022,1.6405,1.00,1.00
2017.07.20 09:51:03.266,1.64022,1.64048,1.50,1.00
2017.07.20 09:51:03.933,1.64022,1.64049,1.00,1.00
2017.07.20 09:51:04.490,1.64022,1.64048,1.00,1.00
2017.07.20 09:51:08.179,1.64022,1.6405,1.50,1.00
2017.07.20 09:51:12.097,1.64022,1.64049,1.00,1.00
2017.07.20 09:51:12.291,1.64021,1.64047,1.50,1.00
2017.07.20 09:51:12.595,1.64011,1.64028,1.12,1.00
2017.07.20 09:51:12.748,1.64002,1.64029,1.00,1.00
2017.07.20 09:51:12.799,1.63999,1.64027,1.75,1.50
2017.07.20 09:51:13.104,1.63998,1.64022,1.00,1.00
2017.07.20 09:51:13.645,1.63997,1.64021,1.50,1.00
2017.07.20 09:51:13.696,1.63997,1.64023,1.50,1.00
2017.07.20 09:51:14.227,1.63997,1.64022,1.50,1.00
2017.07.20 09:51:14.825,1.63998,1.64022,1.00,1.00
2017.07.20 09:51:15.548,1.63997,1.64022,2.25,1.00
2017.07.20 09:51:16.835,1.63998,1.64022,1.00,1.00
2017.07.20 09:51:17.402,1.63997,1.64022,1.50,1.00
2017.07.20 09:51:18.309,1.63998,1.64022,1.00,1.00
2017.07.20 09:51:18.885,1.63997,1.64022,1.00,1.00
2017.07.20 09:51:18.988,1.63995,1.64016,1.50,1.00
2017.07.20 09:51:19.140,1.63988,1.64015,1.00,1.00
2017.07.20 09:51:19.292,1.63986,1.64014,1.50,1.34
2017.07.20 09:51:19.597,1.63971,1.63999,1.62,1.00
2017.07.20 09:51:19.648,1.63971,1.63999,1.25,1.00
2017.07.20 09:51:20.193,1.63974,1.63999,1.09,1.00
2017.07.20 09:51:20.244,1.63977,1.64,1.25,1.12
2017.07.20 09:51:20.346,1.63981,1.64008,1.50,1.12
2017.07.20 09:51:20.448,1.63982,1.64011,1.00,1.50
2017.07.20 09:51:20.651,1.63985,1.64012,1.00,1.12
2017.07.20 09:51:20.855,1.63986,1.64015,1.00,1.50
2017.07.20 09:51:21.268,1.63986,1.64013,1.00,1.00
2017.07.20 09:51:21.471,1.63986,1.64015,1.00,2.25
2017.07.20 09:51:22.010,1.63985,1.64015,2.62,1.50
2017.07.20 09:51:22.539,1.63986,1.64015,1.00,1.50
2017.07.20 09:51:22.916,1.63985,1.64012,1.12,1.00
2017.07.20 09:51:23.220,1.63976,1.63999,1.00,1.00
2017.07.20 09:51:23.433,1.63972,1.63999,1.07,1.00
2017.07.20 09:51:23.977,1.63972,1.64,1.07,1.87
2017.07.20 09:51:24.559,1.63972,1.63999,1.07,1.00
2017.07.20 09:51:24.917,1.63977,1.64,1.00,1.87
2017.07.20 09:51:25.171,1.63982,1.64009,1.00,1.00
2017.07.20 09:51:25.894,1.63982,1.6401,1.00,1.00
2017.07.20 09:51:26.405,1.63982,1.64009,1.00,1.00
2017.07.20 09:51:26.812,1.6398,1.6401,1.00,2.25
2017.07.20 09:51:26.863,1.6398,1.64008,1.00,2.06
2017.07.20 09:51:27.167,1.63976,1.64004,1.50,1.00
2017.07.20 09:51:27.756,1.63976,1.64005,1.00,1.50
2017.07.20 09:51:28.181,1.63976,1.64002,1.00,1.00
2017.07.20 09:51:28.563,1.63976,1.64,1.00,1.00
2017.07.20 09:51:30.004,1.63972,1.64,2.32,1.00
2017.07.20 09:51:30.055,1.63972,1.63998,1.57,1.00
2017.07.20 09:51:30.360,1.63961,1.63984,1.00,1.00
2017.07.20 09:51:30.665,1.63957,1.63985,1.50,1.50
2017.07.20 09:51:31.100,1.63957,1.63983,1.50,1.00
2017.07.20 09:51:31.303,1.63953,1.63982,1.50,1.00
2017.07.20 09:51:31.405,1.63958,1.63982,1.00,1.00
2017.07.20 09:51:31.913,1.63956,1.63983,1.50,1.50
2017.07.20 09:51:32.434,1.63957,1.63982,1.00,1.00
2017.07.20 09:51:32.836,1.63962,1.63983,1.00,1.00
2017.07.20 09:51:32.937,1.63957,1.63983,1.50,1.00
2017.07.20 09:51:32.988,1.63962,1.63983,1.00,1.00
2017.07.20 09:51:33.090,1.63958,1.63982,1.00,1.00
2017.07.20 09:51:33.596,1.63961,1.63983,1.00,1.00
2017.07.20 09:51:33.698,1.63957,1.63983,1.00,1.00
2017.07.20 09:51:34.244,1.63957,1.63982,1.50,1.00
2017.07.20 09:51:34.699,1.63959,1.63983,1.00,1.00
2017.07.20 09:51:35.371,1.63959,1.63982,1.00,1.00
2017.07.20 09:51:35.763,1.63945,1.63969,1.00,1.75
2017.07.20 09:51:35.915,1.63948,1.63971,1.00,1.00
2017.07.20 09:51:36.016,1.63945,1.63971,1.00,1.00
2017.07.20 09:51:36.169,1.63945,1.63968,1.00,1.00
2017.07.20 09:51:36.221,1.63939,1.63963,1.50,1.00
2017.07.20 09:51:36.424,1.63943,1.63967,1.00,1.75
2017.07.20 09:51:36.526,1.63945,1.63968,1.00,1.00
2017.07.20 09:51:36.628,1.63942,1.63967,1.00,1.00
2017.07.20 09:51:36.679,1.63944,1.63967,1.00,1.00
2017.07.20 09:51:36.730,1.63944,1.63969,1.00,1.00
2017.07.20 09:51:36.781,1.63944,1.63973,1.00,1.50
2017.07.20 09:51:37.142,1.63947,1.63973,1.00,1.50
2017.07.20 09:51:37.665,1.63946,1.63973,1.00,1.50
2017.07.20 09:51:38.173,1.63945,1.63973,1.00,1.50
2017.07.20 09:51:38.513,1.63947,1.63973,1.00,1.00
2017.07.20 09:51:38.665,1.63944,1.63972,1.50,1.00
2017.07.20 09:51:38.716,1.63946,1.63973,1.00,1.50
2017.07.20 09:51:38.970,1.63944,1.63972,1.00,1.00
2017.07.20 09:51:39.478,1.63943,1.63973,1.50,1.00
2017.07.20 09:51:39.999,1.63944,1.63972,1.50,1.00
2017.07.20 09:51:40.202,1.63947,1.63973,1.00,1.00
2017.07.20 09:51:40.303,1.63944,1.63972,1.00,1.00
2017.07.20 09:51:40.844,1.63947,1.63972,1.00,1.00
2017.07.20 09:51:40.996,1.63944,1.63972,1.00,1.00
2017.07.20 09:51:41.249,1.63946,1.63973,1.00,1.00
2017.07.20 09:51:41.351,1.63944,1.63972,1.00,1.00
2017.07.20 09:51:41.569,1.63947,1.63973,1.00,1.50
2017.07.20 09:51:41.671,1.63943,1.63973,1.50,1.50
2017.07.20 09:51:42.180,1.63944,1.63972,1.50,1.00
2017.07.20 09:51:42.686,1.63943,1.63973,1.00,1.50
2017.07.20 09:51:43.196,1.63943,1.63971,1.00,1.00
2017.07.20 09:51:43.452,1.63939,1.63969,1.84,1.00
2017.07.20 09:51:43.503,1.63941,1.63969,1.00,1.00
2017.07.20 09:51:44.096,1.63941,1.63968,1.00,1.00
2017.07.20 09:51:44.614,1.6394,1.63968,1.50,1.00
2017.07.20 09:51:44.921,1.63938,1.63964,1.50,1.50
2017.07.20 09:51:45.175,1.63929,1.63958,1.12,1.09
2017.07.20 09:51:45.226,1.63929,1.63956,1.12,1.00
2017.07.20 09:51:45.530,1.63921,1.63946,1.00,1.50
2017.07.20 09:51:46.001,1.63916,1.63945,1.87,1.00
2017.07.20 09:51:46.538,1.63917,1.63945,1.00,1.00
2017.07.20 09:51:47.094,1.63916,1.63945,1.50,1.00
2017.07.20 09:51:47.743,1.63917,1.63945,1.50,1.00
2017.07.20 09:51:48.349,1.63918,1.63945,1.00,1.00
2017.07.20 09:51:49.731,1.63917,1.63945,1.00,1.00
2017.07.20 09:51:50.436,1.63918,1.63945,1.00,1.00
2017.07.20 09:51:50.750,1.63916,1.63945,1.50,1.00
2017.07.20 09:51:50.801,1.63918,1.63946,1.00,1.00
2017.07.20 09:51:51.856,1.63918,1.63946,1.34,1.50
2017.07.20 09:51:52.160,1.63928,1.63956,1.50,1.12
2017.07.20 09:51:52.211,1.63929,1.63952,1.00,1.00
2017.07.20 09:51:52.262,1.63926,1.63952,1.12,1.50
2017.07.20 09:51:52.313,1.63928,1.63952,1.00,1.00
2017.07.20 09:51:52.364,1.63928,1.63956,1.00,1.12
2017.07.20 09:51:52.415,1.63928,1.63956,1.50,1.87
2017.07.20 09:51:52.516,1.63928,1.63956,1.50,1.50
2017.07.20 09:51:53.160,1.63931,1.63956,1.00,1.00
2017.07.20 09:51:53.312,1.63929,1.63956,1.00,1.00
2017.07.20 09:51:53.415,1.63927,1.63957,1.87,1.87
2017.07.20 09:51:54.192,1.63928,1.63956,1.00,1.00
2017.07.20 09:51:54.730,1.63927,1.63957,1.87,1.87
2017.07.20 09:51:55.279,1.63928,1.63956,1.00,1.00
2017.07.20 09:51:55.330,1.63927,1.63954,1.12,1.00
2017.07.20 09:51:55.829,1.63929,1.63954,1.00,1.00
2017.07.20 09:51:56.449,1.63929,1.63953,1.00,1.00
2017.07.20 09:51:57.006,1.63929,1.63954,1.00,1.00
2017.07.20 09:51:57.536,1.63929,1.63953,1.00,1.00
2017.07.20 09:51:58.395,1.63929,1.63954,1.00,1.00
2017.07.20 09:51:59.247,1.63929,1.63953,1.00,1.00
2017.07.20 09:51:59.762,1.63932,1.63953,1.00,1.00
2017.07.20 09:52:00.280,1.63932,1.63954,1.00,1.00
2017.07.20 09:52:00.808,1.63931,1.63953,1.00,1.00
2017.07.20 09:52:01.344,1.63931,1.63954,1.00,1.00
2017.07.20 09:52:02.694,1.63931,1.63953,1.00,1.00
2017.07.20 09:52:03.844,1.63931,1.63954,1.00,1.00
2017.07.20 09:52:04.372,1.6393,1.63953,1.00,1.00
2017.07.20 09:52:06.058,1.63924,1.63952,1.50,1.00
2017.07.20 09:52:06.210,1.63924,1.63948,1.50,1.00
2017.07.20 09:52:06.865,1.63924,1.63949,1.50,1.00
2017.07.20 09:52:07.017,1.63924,1.63952,1.50,1.00
2017.07.20 09:52:07.262,1.63928,1.63952,2.77,1.00
2017.07.20 09:52:07.364,1.63935,1.63959,1.27,1.00
2017.07.20 09:52:07.416,1.63944,1.63959,1.00,1.00
2017.07.20 09:52:07.466,1.63944,1.63963,1.00,1.00
2017.07.20 09:52:07.991,1.63945,1.63963,1.00,1.00
2017.07.20 09:52:08.042,1.63943,1.63963,1.00,1.00
2017.07.20 09:52:08.247,1.63944,1.63959,1.00,1.00
2017.07.20 09:52:08.552,1.63938,1.63958,1.00,1.00
2017.07.20 09:52:08.755,1.63936,1.63958,1.00,1.00
2017.07.20 09:52:09.269,1.63936,1.63959,1.00,1.50
2017.07.20 09:52:09.771,1.63936,1.63958,1.00,1.00
2017.07.20 09:52:11.102,1.63936,1.63959,1.00,1.50
2017.07.20 09:52:11.346,1.63934,1.63959,1.00,1.87
2017.07.20 09:52:11.939,1.63935,1.63958,1.00,1.00
2017.07.20 09:52:12.640,1.63934,1.63958,1.00,1.00
2017.07.20 09:52:13.272,1.63934,1.63954,1.00,1.00
2017.07.20 09:52:13.580,1.63929,1.63949,1.00,1.00
2017.07.20 09:52:13.631,1.63927,1.63949,1.00,1.00
2017.07.20 09:52:14.071,1.63924,1.63949,1.00,1.00
2017.07.20 09:52:14.173,1.63922,1.63945,1.00,1.00
2017.07.20 09:52:14.706,1.63923,1.63944,1.00,1.00
2017.07.20 09:52:15.213,1.63924,1.63944,1.50,1.00
2017.07.20 09:52:15.739,1.63927,1.63949,1.00,1.75
2017.07.20 09:52:15.790,1.63927,1.63949,1.00,1.00
2017.07.20 09:52:16.043,1.63931,1.63949,1.00,1.50
2017.07.20 09:52:16.627,1.63931,1.6395,1.00,1.00
2017.07.20 09:52:17.087,1.63932,1.63953,1.00,1.50
2017.07.20 09:52:18.364,1.63933,1.63953,1.00,1.00
2017.07.20 09:52:18.739,1.63931,1.63953,1.00,1.00
2017.07.20 09:52:23.954,1.63932,1.63953,1.00,1.00
2017.07.20 09:52:25.991,1.6393,1.63953,1.00,1.50
2017.07.20 09:52:30.150,1.6393,1.63948,1.00,1.50
2017.07.20 09:52:30.204,1.63924,1.63948,1.00,1.50
2017.07.20 09:52:30.255,1.63926,1.63948,1.00,1.50
2017.07.20 09:52:30.458,1.63924,1.63947,1.00,1.00
2017.07.20 09:52:30.859,1.63926,1.63948,1.00,1.50
2017.07.20 09:52:31.144,1.63924,1.63947,1.00,1.00
2017.07.20 09:52:31.692,1.63925,1.63948,1.00,1.50
2017.07.20 09:52:32.455,1.63925,1.63947,1.00,1.00
2017.07.20 09:52:32.976,1.63924,1.63947,1.69,1.00
2017.07.20 09:52:33.478,1.63924,1.63948,1.00,1.50
2017.07.20 09:52:33.847,1.63927,1.63948,1.25,1.50
2017.07.20 09:52:34.371,1.63926,1.63947,1.00,1.00
2017.07.20 09:52:35.137,1.63926,1.63948,1.00,1.00
2017.07.20 09:52:35.908,1.63927,1.63948,1.00,1.00
2017.07.20 09:52:36.419,1.63926,1.63948,1.00,1.00
2017.07.20 09:52:37.374,1.63925,1.63948,1.50,1.00
2017.07.20 09:52:37.880,1.63924,1.63948,1.00,1.12
2017.07.20 09:52:38.047,1.63921,1.63947,1.12,1.00
2017.07.20 09:52:38.659,1.63921,1.63948,1.12,1.50
2017.07.20 09:52:39.165,1.63921,1.63947,1.12,1.00
2017.07.20 09:52:39.634,1.63918,1.63944,1.87,1.00
2017.07.20 09:52:39.685,1.63918,1.63944,1.00,1.00
2017.07.20 09:52:40.238,1.63919,1.63944,1.00,1.00
2017.07.20 09:52:40.779,1.63919,1.63944,1.00,1.37
2017.07.20 09:52:41.284,1.63919,1.63944,1.00,1.00
2017.07.20 09:52:41.856,1.63918,1.63944,1.00,1.00
2017.07.20 09:52:42.696,1.63919,1.63944,1.00,1.00
2017.07.20 09:52:43.212,1.63918,1.63944,1.00,1.00
2017.07.20 09:52:43.771,1.63919,1.63944,1.00,1.00
2017.07.20 09:52:44.413,1.63918,1.63944,1.00,1.00
2017.07.20 09:52:44.953,1.63919,1.63944,1.00,1.00
2017.07.20 09:52:45.396,1.63916,1.63944,1.12,1.50
2017.07.20 09:52:46.182,1.63917,1.63945,1.00,2.25
2017.07.20 09:52:46.720,1.63916,1.63944,1.46,1.50
2017.07.20 09:52:47.260,1.63919,1.63945,1.09,1.00
2017.07.20 09:52:47.687,1.63922,1.63945,1.84,1.00
2017.07.20 09:52:47.889,1.63931,1.63954,1.09,1.00
2017.07.20 09:52:48.757,1.63931,1.63955,1.09,1.00
2017.07.20 09:52:49.435,1.63931,1.63954,1.09,1.00
2017.07.20 09:52:49.537,1.63931,1.63956,1.09,1.00
2017.07.20 09:52:49.589,1.63931,1.63958,1.09,1.50
2017.07.20 09:52:51.228,1.63931,1.63959,1.09,3.37
2017.07.20 09:52:51.777,1.63931,1.63958,1.09,1.50
2017.07.20 09:52:51.878,1.63933,1.63958,1.25,1.50
2017.07.20 09:52:51.929,1.63931,1.63958,1.09,2.25
2017.07.20 09:52:52.070,1.63931,1.63958,1.34,1.00
2017.07.20 09:52:52.122,1.63936,1.63963,1.00,1.00
2017.07.20 09:52:52.173,1.63937,1.6396,1.00,1.00
2017.07.20 09:52:52.275,1.63939,1.63964,1.00,1.12
2017.07.20 09:52:52.681,1.63942,1.63963,1.00,1.00
2017.07.20 09:52:52.883,1.63939,1.63963,1.00,1.00
2017.07.20 09:52:53.712,1.63938,1.63963,1.12,1.00
2017.07.20 09:52:53.916,1.6394,1.63963,1.00,1.00
2017.07.20 09:52:54.714,1.63941,1.63963,1.00,1.00
2017.07.20 09:52:55.195,1.63939,1.63963,1.69,1.00
2017.07.20 09:52:55.418,1.63942,1.63963,1.00,1.00
2017.07.20 09:52:56.220,1.63942,1.63969,1.50,1.50
2017.07.20 09:52:56.271,1.63944,1.63971,1.00,1.50
2017.07.20 09:52:56.617,1.63959,1.63979,1.00,1.00
2017.07.20 09:52:57.124,1.6396,1.63983,1.00,1.00
2017.07.20 09:52:57.649,1.63959,1.63984,1.00,1.34
2017.07.20 09:52:57.700,1.63957,1.63983,1.12,1.52
2017.07.20 09:52:57.831,1.63955,1.63968,1.00,1.00
2017.07.20 09:52:57.882,1.6395,1.63968,3.37,1.00
2017.07.20 09:52:57.934,1.6395,1.63968,3.00,1.00
2017.07.20 09:52:58.036,1.6395,1.63974,1.00,1.34
2017.07.20 09:52:58.240,1.63949,1.63969,1.50,1.00
2017.07.20 09:52:58.443,1.63945,1.63968,1.00,1.00
2017.07.20 09:52:58.494,1.63945,1.63971,1.00,1.00
2017.07.20 09:52:58.697,1.63947,1.63971,1.00,1.00
2017.07.20 09:52:59.058,1.6395,1.63968,1.00,1.00
2017.07.20 09:52:59.109,1.6395,1.63975,1.00,3.34
2017.07.20 09:52:59.650,1.6395,1.63973,1.00,1.00
2017.07.20 09:52:59.904,1.63949,1.63975,1.12,1.00
2017.07.20 09:53:00.107,1.63951,1.63975,1.00,1.00
2017.07.20 09:53:00.361,1.63949,1.63975,1.87,1.00
2017.07.20 09:53:00.564,1.6395,1.63973,1.50,1.00
2017.07.20 09:53:00.898,1.63946,1.63969,2.25,1.00
2017.07.20 09:53:00.949,1.63946,1.63969,1.00,1.00
2017.07.20 09:53:01.355,1.63946,1.63974,1.00,2.77
2017.07.20 09:53:01.407,1.63946,1.63974,1.00,1.50
2017.07.20 09:53:01.609,1.63948,1.63974,1.00,1.50
2017.07.20 09:53:01.913,1.63947,1.63968,1.00,1.00
2017.07.20 09:53:02.176,1.63945,1.63969,1.12,1.00
2017.07.20 09:53:02.328,1.63945,1.63963,1.12,1.00
2017.07.20 09:53:02.887,1.63946,1.63963,1.00,1.00
2017.07.20 09:53:03.643,1.63945,1.63963,1.12,1.00
2017.07.20 09:53:04.306,1.63946,1.63963,1.00,1.00
2017.07.20 09:53:04.928,1.63946,1.63969,1.00,1.00
2017.07.20 09:53:05.135,1.63946,1.63964,1.00,1.00
2017.07.20 09:53:05.186,1.63946,1.63969,1.00,1.00
2017.07.20 09:53:06.035,1.63945,1.63969,1.12,1.00
2017.07.20 09:53:06.543,1.63945,1.63959,1.12,1.00
2017.07.20 09:53:06.746,1.63941,1.63958,1.00,1.00
2017.07.20 09:53:07.022,1.63941,1.63963,1.00,1.00
2017.07.20 09:53:07.529,1.6394,1.63963,1.00,1.00
2017.07.20 09:53:07.783,1.63942,1.63963,1.25,1.00
2017.07.20 09:53:08.317,1.63941,1.63963,2.44,1.00
2017.07.20 09:53:08.621,1.63941,1.63958,1.00,1.00
2017.07.20 09:53:08.826,1.63941,1.63964,1.00,1.00
2017.07.20 09:53:09.098,1.63944,1.63964,1.00,1.00
2017.07.20 09:53:09.504,1.63948,1.63964,1.00,1.00
2017.07.20 09:53:10.011,1.63949,1.63964,1.00,1.00
2017.07.20 09:53:10.518,1.63948,1.63963,1.00,1.00
2017.07.20 09:53:11.124,1.63949,1.63963,1.00,1.00
2017.07.20 09:53:11.429,1.63948,1.63959,1.00,1.00
2017.07.20 09:53:11.531,1.63948,1.63963,1.00,1.00
2017.07.20 09:53:12.038,1.63949,1.63963,1.00,1.00
2017.07.20 09:53:12.568,1.63949,1.63964,1.00,1.00
2017.07.20 09:53:12.937,1.63948,1.63959,1.00,1.00
2017.07.20 09:53:13.039,1.63949,1.63963,1.00,1.00
2017.07.20 09:53:13.743,1.63948,1.63964,1.00,1.00
2017.07.20 09:53:14.426,1.63949,1.63964,1.00,1.00
2017.07.20 09:53:14.837,1.63949,1.63974,1.00,1.00
2017.07.20 09:53:14.888,1.63951,1.63974,1.00,1.00
2017.07.20 09:53:15.436,1.63952,1.63974,1.00,1.00
2017.07.20 09:53:15.746,1.63947,1.63969,1.50,1.00
2017.07.20 09:53:16.253,1.63948,1.63969,1.00,1.00
2017.07.20 09:53:16.819,1.63949,1.63969,1.00,1.00
2017.07.20 09:53:17.138,1.63955,1.63969,1.00,1.00
2017.07.20 09:53:17.493,1.63954,1.63973,1.00,1.00
2017.07.20 09:53:18.151,1.63955,1.63973,1.00,1.00
2017.07.20 09:53:18.662,1.63954,1.63974,1.00,1.00
2017.07.20 09:53:19.202,1.63955,1.63974,1.00,1.00
2017.07.20 09:53:19.522,1.63954,1.63968,1.00,1.00
2017.07.20 09:53:20.150,1.63955,1.63968,1.00,1.00
2017.07.20 09:53:20.302,1.63955,1.63973,1.00,1.00
2017.07.20 09:53:20.816,1.63954,1.63973,1.00,1.00
2017.07.20 09:53:21.574,1.63955,1.63973,1.00,1.00
2017.07.20 09:53:22.147,1.63954,1.63973,1.00,1.00
2017.07.20 09:53:22.660,1.63955,1.63973,1.00,1.00
2017.07.20 09:53:23.188,1.63958,1.63973,1.00,1.00
2017.07.20 09:53:24.688,1.63958,1.63973,1.00,1.00
2017.07.20 09:53:25.297,1.63959,1.63973,1.00,1.00
2017.07.20 09:53:26.376,1.63958,1.63973,1.00,1.00
2017.07.20 09:53:26.619,1.63955,1.63974,1.50,1.00
2017.07.20 09:53:26.826,1.63959,1.63974,1.00,1.00
2017.07.20 09:53:27.377,1.63958,1.63974,1.00,1.00
2017.07.20 09:53:27.918,1.63959,1.63974,1.00,1.00
2017.07.20 09:53:28.746,1.63958,1.63974,1.00,1.00
2017.07.20 09:53:29.294,1.63959,1.63973,1.00,1.00
2017.07.20 09:53:29.915,1.63958,1.63973,1.00,1.00
2017.07.20 09:53:30.435,1.63959,1.63973,1.00,1.00
2017.07.20 09:53:30.928,1.63959,1.63978,1.00,1.00
2017.07.20 09:53:31.339,1.63959,1.63973,1.00,1.00
2017.07.20 09:53:31.902,1.63958,1.63973,1.00,1.00
2017.07.20 09:53:32.493,1.63958,1.63978,1.00,1.00
2017.07.20 09:53:32.676,1.63958,1.63973,1.00,1.00
2017.07.20 09:53:33.182,1.63959,1.63973,1.00,1.00
2017.07.20 09:53:34.007,1.63958,1.63973,1.00,1.00
2017.07.20 09:53:34.559,1.63959,1.63973,1.00,1.00
2017.07.20 09:53:35.396,1.63958,1.63973,1.00,1.00
2017.07.20 09:53:36.174,1.63959,1.63973,1.00,1.00
2017.07.20 09:53:36.702,1.63958,1.63979,1.00,1.00
2017.07.20 09:53:37.225,1.63959,1.63979,1.00,1.00
2017.07.20 09:53:37.877,1.63958,1.63979,1.00,1.00
2017.07.20 09:53:38.406,1.63957,1.63979,1.00,1.00
2017.07.20 09:53:38.761,1.63957,1.63983,1.00,1.00
2017.07.20 09:53:39.284,1.63958,1.63983,1.00,1.00
2017.07.20 09:53:39.796,1.63957,1.63983,1.84,1.00
2017.07.20 09:53:40.378,1.63958,1.63979,1.00,1.00
2017.07.20 09:53:40.581,1.63962,1.63988,1.84,1.50
2017.07.20 09:53:40.633,1.63967,1.63988,1.09,1.12
2017.07.20 09:53:40.684,1.63966,1.63994,4.65,1.00
2017.07.20 09:53:40.836,1.63972,1.63997,3.71,1.00
2017.07.20 09:53:41.141,1.63985,1.64004,1.00,1.00
2017.07.20 09:53:41.727,1.63984,1.64004,1.09,1.00
2017.07.20 09:53:41.981,1.63981,1.64003,1.46,1.00
2017.07.20 09:53:42.487,1.63981,1.64003,1.87,1.00
2017.07.20 09:53:45.555,1.63981,1.64004,1.12,1.00
2017.07.20 09:53:45.606,1.63983,1.64004,1.84,1.00
2017.07.20 09:53:45.657,1.63985,1.64009,1.84,1.00
2017.07.20 09:53:45.708,1.63988,1.64009,1.00,1.00
2017.07.20 09:53:46.164,1.63981,1.64003,3.00,1.00
2017.07.20 09:53:46.215,1.63982,1.64003,1.00,1.00
2017.07.20 09:53:46.796,1.63981,1.64004,1.12,1.00
2017.07.20 09:53:47.598,1.63981,1.64003,1.12,1.00
2017.07.20 09:53:48.075,1.63982,1.63999,1.00,1.00
2017.07.20 09:53:48.382,1.63978,1.63993,1.00,1.00
2017.07.20 09:53:48.483,1.63978,1.63999,1.00,1.00
2017.07.20 09:53:48.635,1.63977,1.63994,1.12,1.00
2017.07.20 09:53:48.797,1.63978,1.63998,1.00,1.00
2017.07.20 09:53:49.360,1.63977,1.63998,1.12,1.00
2017.07.20 09:53:49.715,1.63977,1.63993,1.12,1.00
2017.07.20 09:53:50.272,1.63978,1.63993,1.00,1.00
2017.07.20 09:53:50.487,1.63966,1.63988,1.50,1.00
2017.07.20 09:53:51.352,1.63967,1.63988,1.00,1.00
2017.07.20 09:53:51.895,1.63966,1.63988,1.00,1.00
2017.07.20 09:53:52.402,1.63966,1.63992,1.50,1.00
2017.07.20 09:53:52.555,1.63966,1.63994,1.50,1.50
2017.07.20 09:53:53.086,1.63967,1.63994,1.00,1.50
2017.07.20 09:53:53.575,1.63968,1.63996,1.00,1.50
2017.07.20 09:53:53.648,1.6397,1.63995,1.00,1.00
2017.07.20 09:53:53.955,1.63974,1.63999,1.00,1.75
2017.07.20 09:53:54.006,1.63973,1.63999,1.84,1.00
2017.07.20 09:53:54.057,1.63975,1.63993,1.00,1.00
2017.07.20 09:53:54.601,1.63976,1.63993,1.00,1.00
2017.07.20 09:53:54.943,1.63976,1.63999,1.00,1.00
2017.07.20 09:53:55.502,1.63976,1.63998,1.00,1.00
2017.07.20 09:53:55.654,1.63974,1.63998,1.00,1.00
2017.07.20 09:53:56.184,1.63973,1.63998,2.59,1.00
2017.07.20 09:53:56.705,1.63974,1.63998,1.00,1.00
2017.07.20 09:53:57.355,1.63973,1.63998,1.84,1.00
2017.07.20 09:53:58.004,1.63974,1.63998,1.00,1.00
2017.07.20 09:53:58.571,1.63973,1.63998,1.84,1.00
2017.07.20 09:53:59.375,1.63974,1.63998,1.00,1.00
2017.07.20 09:53:59.910,1.63975,1.63998,1.00,1.00
2017.07.20 09:54:01.044,1.63977,1.63998,1.00,1.00
2017.07.20 09:54:01.348,1.63984,1.63995,1.00,1.00
2017.07.20 09:54:01.450,1.63985,1.63999,1.00,1.00
2017.07.20 09:54:01.551,1.63984,1.63995,1.00,1.00
2017.07.20 09:54:01.653,1.63984,1.63998,1.00,1.00
2017.07.20 09:54:02.189,1.63985,1.63998,1.00,1.00
2017.07.20 09:54:02.558,1.63985,1.63995,1.00,1.00
2017.07.20 09:54:02.659,1.63981,1.63993,2.25,1.00
2017.07.20 09:54:03.116,1.6398,1.63999,1.75,1.00
2017.07.20 09:54:03.419,1.63981,1.63993,1.50,1.00
2017.07.20 09:54:03.672,1.63981,1.63999,1.50,1.00
2017.07.20 09:54:05.471,1.63979,1.63999,1.00,1.00
2017.07.20 09:54:05.522,1.63979,1.63994,1.00,1.00
2017.07.20 09:54:05.573,1.63977,1.63994,1.00,1.00
2017.07.20 09:54:05.995,1.63975,1.63994,1.00,1.00
2017.07.20 09:54:06.198,1.63973,1.63993,1.00,1.00
2017.07.20 09:54:06.249,1.63973,1.63989,1.00,1.00
2017.07.20 09:54:06.351,1.63971,1.63989,1.00,1.00
2017.07.20 09:54:06.527,1.63967,1.63989,1.00,1.50
2017.07.20 09:54:06.680,1.63964,1.63988,1.00,1.50
2017.07.20 09:54:07.189,1.63965,1.63989,1.00,1.87
2017.07.20 09:54:07.493,1.63962,1.63988,1.50,1.50
2017.07.20 09:54:08.003,1.63961,1.63988,1.00,1.50
2017.07.20 09:54:08.168,1.63963,1.63988,1.00,1.00
2017.07.20 09:54:08.477,1.6396,1.63978,1.00,1.00
2017.07.20 09:54:09.495,1.6396,1.63979,1.00,1.00
2017.07.20 09:54:12.079,1.63958,1.63979,1.37,1.00
2017.07.20 09:54:12.588,1.63958,1.63979,1.00,1.00
2017.07.20 09:54:14.507,1.63959,1.63979,1.00,1.00
2017.07.20 09:54:15.380,1.63958,1.63979,1.00,1.00
2017.07.20 09:54:15.699,1.63958,1.63974,1.00,1.00
2017.07.20 09:54:16.001,1.63956,1.63973,1.00,1.00
2017.07.20 09:54:16.153,1.63956,1.63983,1.00,1.00
2017.07.20 09:54:16.457,1.63959,1.63983,1.00,1.00
2017.07.20 09:54:16.976,1.63958,1.63984,1.00,1.00
2017.07.20 09:54:18.266,1.63959,1.63984,1.00,1.00
2017.07.20 09:54:18.773,1.63958,1.63983,1.00,1.00
2017.07.20 09:54:19.524,1.63959,1.63986,1.00,1.00
2017.07.20 09:54:19.733,1.63959,1.63988,1.00,1.87
2017.07.20 09:54:19.784,1.63963,1.63988,1.00,1.50
2017.07.20 09:54:20.287,1.63962,1.63988,1.12,1.12
2017.07.20 09:54:21.345,1.63963,1.63988,1.00,1.00
2017.07.20 09:54:22.039,1.63963,1.63983,1.00,1.00
2017.07.20 09:54:22.090,1.63963,1.63989,1.00,1.87
2017.07.20 09:54:22.677,1.63962,1.63989,1.87,1.50
2017.07.20 09:54:23.259,1.63963,1.63989,1.00,1.00
2017.07.20 09:54:23.926,1.63962,1.63989,1.87,1.00
2017.07.20 09:54:24.437,1.63963,1.63989,1.00,1.00
2017.07.20 09:54:24.956,1.63962,1.63989,1.87,1.00
2017.07.20 09:54:25.506,1.63963,1.63989,1.00,1.00
2017.07.20 09:54:26.028,1.63964,1.63989,1.00,1.00
2017.07.20 09:54:26.663,1.63964,1.63983,1.00,1.00
2017.07.20 09:54:27.171,1.63963,1.63983,1.00,1.00
2017.07.20 09:54:28.895,1.63964,1.63983,1.00,1.00
2017.07.20 09:54:30.777,1.63964,1.63989,1.00,1.00
2017.07.20 09:54:31.095,1.63966,1.63989,1.00,1.00
2017.07.20 09:54:33.003,1.63964,1.63989,1.00,1.00
2017.07.20 09:54:33.610,1.63965,1.63991,1.00,1.00
2017.07.20 09:54:33.712,1.63968,1.63992,1.00,1.12
2017.07.20 09:54:34.016,1.63968,1.63988,1.00,1.00
2017.07.20 09:54:34.176,1.63968,1.63991,1.00,1.00
2017.07.20 09:54:34.743,1.63968,1.63993,1.00,1.37
2017.07.20 09:54:35.166,1.63969,1.63989,1.00,1.00
2017.07.20 09:54:35.217,1.63967,1.63993,1.00,1.00
2017.07.20 09:54:35.369,1.63968,1.63988,1.00,1.00
2017.07.20 09:54:35.842,1.63966,1.63988,1.50,1.00
2017.07.20 09:54:35.943,1.63966,1.63994,1.34,1.00
2017.07.20 09:54:36.045,1.63967,1.63988,1.09,1.00
2017.07.20 09:54:36.552,1.63966,1.63993,1.34,1.00
2017.07.20 09:54:36.857,1.63971,1.63994,1.34,1.00
2017.07.20 09:54:37.111,1.63977,1.63999,1.00,1.00
2017.07.20 09:54:37.618,1.63978,1.63999,1.00,1.00
2017.07.20 09:54:38.527,1.63985,1.64003,1.09,1.00
2017.07.20 09:54:38.781,1.63989,1.64009,1.00,1.00
2017.07.20 09:54:39.308,1.63989,1.64008,1.00,1.00
2017.07.20 09:54:39.829,1.6399,1.64008,1.00,1.00
2017.07.20 09:54:39.938,1.6399,1.64014,1.00,1.00
2017.07.20 09:54:40.442,1.63991,1.64014,1.00,1.00
2017.07.20 09:54:41.022,1.63992,1.64014,1.00,1.00
2017.07.20 09:54:43.249,1.63992,1.64008,1.00,1.00
2017.07.20 09:54:43.350,1.63985,1.64003,1.50,1.00
2017.07.20 09:54:43.401,1.63985,1.63998,1.50,1.00
2017.07.20 09:54:43.452,1.63983,1.63998,1.12,1.00
2017.07.20 09:54:43.571,1.63978,1.63998,2.59,1.00
2017.07.20 09:54:43.622,1.63978,1.63998,1.09,1.00
2017.07.20 09:54:43.926,1.63976,1.63999,1.50,1.00
2017.07.20 09:54:44.456,1.63977,1.63998,1.00,1.00
2017.07.20 09:54:44.608,1.63976,1.63989,1.00,1.00
2017.07.20 09:54:44.831,1.63964,1.63989,1.84,1.00
2017.07.20 09:54:45.354,1.63966,1.63989,1.00,1.00
2017.07.20 09:54:46.224,1.63964,1.63989,1.00,1.00
2017.07.20 09:54:48.299,1.63964,1.63984,1.50,1.00
2017.07.20 09:54:49.102,1.63964,1.63988,1.00,1.00
2017.07.20 09:54:49.203,1.63964,1.63983,1.00,1.00
2017.07.20 09:54:49.835,1.63963,1.63983,1.00,1.00
2017.07.20 09:54:51.763,1.63963,1.63989,1.00,1.37
2017.07.20 09:54:52.529,1.63964,1.63989,1.00,1.37
2017.07.20 09:54:53.148,1.63963,1.63989,1.00,1.37
2017.07.20 09:54:54.373,1.63964,1.63989,1.00,1.37
2017.07.20 09:54:54.832,1.63963,1.63983,1.00,1.00
2017.07.20 09:54:55.136,1.63953,1.63973,1.71,1.00
2017.07.20 09:54:55.187,1.63953,1.63973,1.34,1.00
2017.07.20 09:54:57.437,1.63953,1.63973,1.12,1.00
2017.07.20 09:54:57.979,1.63952,1.63973,1.50,1.00
2017.07.20 09:54:58.043,1.63952,1.63979,1.50,1.00
2017.07.20 09:54:58.592,1.63953,1.63979,1.00,1.00
2017.07.20 09:54:59.131,1.63952,1.63973,1.87,1.00
2017.07.20 09:54:59.651,1.63953,1.63973,1.00,1.00
2017.07.20 09:55:00.157,1.63952,1.63973,1.50,1.00
2017.07.20 09:55:00.571,1.63949,1.63974,1.00,1.12
2017.07.20 09:55:00.774,1.63947,1.63974,1.84,1.12
2017.07.20 09:55:01.446,1.63947,1.63963,1.00,1.00
2017.07.20 09:55:01.654,1.63944,1.63963,1.00,1.00
2017.07.20 09:55:02.581,1.63942,1.63963,1.00,1.00
2017.07.20 09:55:03.123,1.63943,1.63963,1.00,1.00
2017.07.20 09:55:05.442,1.63942,1.63963,1.00,1.00
2017.07.20 09:55:06.968,1.63941,1.63969,1.00,1.37
2017.07.20 09:55:07.186,1.63941,1.63969,1.84,1.00
2017.07.20 09:55:07.401,1.63944,1.63969,1.00,1.00
2017.07.20 09:55:07.714,1.63944,1.63964,1.00,1.00
2017.07.20 09:55:08.333,1.63945,1.63964,1.00,1.00
2017.07.20 09:55:08.846,1.63944,1.63964,1.87,1.00
2017.07.20 09:55:09.351,1.63945,1.63964,1.00,1.00
2017.07.20 09:55:09.811,1.63944,1.63969,1.87,1.00
2017.07.20 09:55:10.455,1.63945,1.63969,1.00,1.00
2017.07.20 09:55:10.557,1.63945,1.63958,1.00,1.00
2017.07.20 09:55:10.860,1.63932,1.63954,2.62,1.12
2017.07.20 09:55:10.911,1.6393,1.63954,1.00,1.12
2017.07.20 09:55:10.963,1.6393,1.63954,1.00,1.37
2017.07.20 09:55:11.168,1.63925,1.63948,3.00,1.37
2017.07.20 09:55:11.320,1.63924,1.63948,1.00,1.37
2017.07.20 09:55:11.472,1.63921,1.63948,2.59,1.12
2017.07.20 09:55:11.574,1.63921,1.63948,1.84,1.37
2017.07.20 09:55:11.625,1.63921,1.63948,1.84,1.00
2017.07.20 09:55:11.676,1.63921,1.63944,2.59,1.00
2017.07.20 09:55:11.895,1.63921,1.63949,1.84,1.37
2017.07.20 09:55:12.097,1.63923,1.63949,1.00,1.37
2017.07.20 09:55:12.293,1.63923,1.63948,1.00,1.12
2017.07.20 09:55:12.660,1.63925,1.63949,1.09,1.00
2017.07.20 09:55:12.913,1.63932,1.63958,1.00,1.00
2017.07.20 09:55:13.435,1.63933,1.63959,1.00,1.87
2017.07.20 09:55:13.971,1.63933,1.63958,1.00,1.00
2017.07.20 09:55:14.082,1.63935,1.63959,1.00,1.12
2017.07.20 09:55:15.003,1.63934,1.63959,1.00,1.00
2017.07.20 09:55:15.532,1.63935,1.63959,1.00,1.00
2017.07.20 09:55:16.253,1.63934,1.63959,1.00,1.00
2017.07.20 09:55:16.781,1.63935,1.63959,1.00,1.00
2017.07.20 09:55:17.289,1.63934,1.63959,1.00,1.00
2017.07.20 09:55:17.816,1.63935,1.63959,1.00,1.00
2017.07.20 09:55:18.254,1.63933,1.63959,1.50,1.00
2017.07.20 09:55:18.467,1.63935,1.63959,1.00,1.00
2017.07.20 09:55:18.822,1.63933,1.63958,1.50,1.00
2017.07.20 09:55:19.337,1.63932,1.63958,1.00,1.00
2017.07.20 09:55:19.709,1.63931,1.63953,1.00,1.00
2017.07.20 09:55:19.962,1.63926,1.63949,1.00,1.00
2017.07.20 09:55:20.064,1.63921,1.63949,3.00,1.00
2017.07.20 09:55:20.216,1.63922,1.63949,1.00,1.00
2017.07.20 09:55:20.371,1.63926,1.6395,1.00,1.00
2017.07.20 09:55:20.700,1.63926,1.63953,1.00,2.62
2017.07.20 09:55:21.162,1.63925,1.63948,1.00,1.00
2017.07.20 09:55:21.416,1.63926,1.63952,1.00,1.00
2017.07.20 09:55:21.517,1.6393,1.63953,1.00,1.00
2017.07.20 09:55:21.568,1.63925,1.63953,1.50,1.00
2017.07.20 09:55:21.771,1.63925,1.63948,1.50,1.00
2017.07.20 09:55:22.234,1.63922,1.63949,1.00,1.00
2017.07.20 09:55:22.742,1.63922,1.63948,1.00,1.00
2017.07.20 09:55:23.339,1.63921,1.63948,1.12,1.12
2017.07.20 09:55:23.845,1.63922,1.63948,1.00,1.00
2017.07.20 09:55:24.473,1.63921,1.63948,1.87,1.00
2017.07.20 09:55:25.124,1.63922,1.63949,1.00,1.00
2017.07.20 09:55:25.328,1.63922,1.6393,1.00,1.00
2017.07.20 09:55:25.380,1.63921,1.63934,1.12,1.00
2017.07.20 09:55:25.533,1.63911,1.63938,1.00,1.50
2017.07.20 09:55:25.709,1.63914,1.6394,1.00,1.00
2017.07.20 09:55:26.013,1.63916,1.6394,1.00,1.00
2017.07.20 09:55:26.744,1.63916,1.63939,1.00,1.00
2017.07.20 09:55:27.113,1.63918,1.6394,1.00,1.00
2017.07.20 09:55:27.858,1.63918,1.63939,1.00,1.00
2017.07.20 09:55:28.163,1.63919,1.63943,1.00,1.75
2017.07.20 09:55:28.214,1.63921,1.63943,1.00,1.37
2017.07.20 09:55:28.367,1.63921,1.63943,1.00,1.00
2017.07.20 09:55:28.723,1.63921,1.63948,1.50,1.12
2017.07.20 09:55:28.775,1.63925,1.63948,1.00,1.12
2017.07.20 09:55:29.079,1.63927,1.63948,1.00,1.00
2017.07.20 09:55:29.582,1.63927,1.63949,1.00,1.00
2017.07.20 09:55:30.133,1.63927,1.63948,1.00,1.00
2017.07.20 09:55:30.516,1.63927,1.63951,1.00,1.00
2017.07.20 09:55:30.567,1.63927,1.63953,1.00,1.50
2017.07.20 09:55:30.618,1.63929,1.63953,1.00,1.12
2017.07.20 09:55:31.087,1.63929,1.63948,1.00,1.00
2017.07.20 09:55:31.240,1.63928,1.63954,1.00,1.00
2017.07.20 09:55:31.392,1.63931,1.63954,1.00,1.00
2017.07.20 09:55:31.699,1.63931,1.63949,1.00,1.00
2017.07.20 09:55:31.902,1.63931,1.63953,1.00,1.12
2017.07.20 09:55:32.580,1.63928,1.63953,1.00,1.12
2017.07.20 09:55:32.812,1.63927,1.63948,1.50,1.00
2017.07.20 09:55:33.845,1.63927,1.63949,1.00,1.00
2017.07.20 09:55:34.350,1.63926,1.63949,1.50,1.00
2017.07.20 09:55:34.890,1.63926,1.63948,1.50,1.00
2017.07.20 09:55:35.194,1.63927,1.63943,1.00,1.00
2017.07.20 09:55:35.440,1.63925,1.63943,1.12,1.00
2017.07.20 09:55:35.751,1.63925,1.63949,1.00,1.00
2017.07.20 09:55:35.903,1.63927,1.63949,1.00,1.00
2017.07.20 09:55:36.452,1.63927,1.63948,1.00,1.00
2017.07.20 09:55:37.052,1.63927,1.63949,1.00,1.00
2017.07.20 09:55:38.085,1.63925,1.63949,1.00,1.00
2017.07.20 09:55:42.640,1.63925,1.63943,1.00,1.00
2017.07.20 09:55:42.793,1.63923,1.63944,1.00,1.00
2017.07.20 09:55:42.895,1.63921,1.63944,1.00,1.00
2017.07.20 09:55:43.048,1.63919,1.63944,1.00,1.00
2017.07.20 09:55:44.057,1.63923,1.63944,1.00,1.00
2017.07.20 09:55:44.593,1.63924,1.63944,1.00,1.00
2017.07.20 09:55:50.946,1.63924,1.63943,1.00,1.00
2017.07.20 09:55:51.463,1.63923,1.63943,1.00,1.00
2017.07.20 09:55:51.998,1.63923,1.63944,1.00,1.00
2017.07.20 09:55:52.251,1.63919,1.63944,1.00,1.00
2017.07.20 09:55:52.799,1.63919,1.63943,1.00,1.00
2017.07.20 09:55:53.350,1.63921,1.63943,1.00,1.00
2017.07.20 09:55:53.688,1.63923,1.63943,1.00,1.00
2017.07.20 09:55:54.471,1.63922,1.63943,1.50,1.00
2017.07.20 09:55:55.000,1.63923,1.63943,1.00,1.00
2017.07.20 09:55:55.551,1.63924,1.63943,1.00,1.00
2017.07.20 09:55:57.204,1.63924,1.63944,1.00,1.00
2017.07.20 09:55:57.746,1.63924,1.63943,1.00,1.00
2017.07.20 09:55:57.797,1.63924,1.63949,1.00,1.00
2017.07.20 09:55:58.051,1.63926,1.63949,1.00,1.00
2017.07.20 09:55:58.852,1.63926,1.63948,1.00,1.00
2017.07.20 09:55:59.156,1.63929,1.63949,1.00,1.00
2017.07.20 09:55:59.208,1.63932,1.63954,1.00,1.00
2017.07.20 09:55:59.465,1.6393,1.63954,1.50,1.00
2017.07.20 09:55:59.517,1.63934,1.63954,1.00,1.00
2017.07.20 09:55:59.619,1.63935,1.63959,1.00,1.00
2017.07.20 09:55:59.670,1.63934,1.63954,1.00,1.00
2017.07.20 09:56:00.202,1.63935,1.63953,1.00,1.00
2017.07.20 09:56:00.714,1.63934,1.63954,1.00,1.00
2017.07.20 09:56:01.350,1.63934,1.63953,1.00,1.00
2017.07.20 09:56:02.140,1.63935,1.63953,1.00,1.00
2017.07.20 09:56:02.412,1.63933,1.63953,1.00,1.00
2017.07.20 09:56:02.463,1.63929,1.63953,2.40,1.00
2017.07.20 09:56:04.213,1.63936,1.63957,1.09,1.00
2017.07.20 09:56:04.365,1.6394,1.63964,2.00,1.00
2017.07.20 09:56:06.359,1.6394,1.63969,1.12,1.00
2017.07.20 09:56:06.461,1.63939,1.63967,1.75,1.00
2017.07.20 09:56:06.988,1.6394,1.63969,1.37,2.25
2017.07.20 09:56:08.434,1.63942,1.63968,1.00,1.12
2017.07.20 09:56:08.947,1.63944,1.63968,1.84,1.12
2017.07.20 09:56:09.253,1.63959,1.63984,2.96,1.50
2017.07.20 09:56:09.355,1.63959,1.63984,2.96,1.50
2017.07.20 09:56:10.079,1.63959,1.63983,1.84,1.00
2017.07.20 09:56:10.131,1.6396,1.63983,2.02,1.00
2017.07.20 09:56:10.483,1.6396,1.63988,2.77,1.00
2017.07.20 09:56:11.246,1.63963,1.63989,1.09,1.50
2017.07.20 09:56:11.453,1.63963,1.63984,1.09,1.00
2017.07.20 09:56:12.049,1.63964,1.63984,1.00,1.00
2017.07.20 09:56:12.151,1.63962,1.63984,1.12,1.00
2017.07.20 09:56:13.042,1.63963,1.63984,1.00,1.00
2017.07.20 09:56:13.547,1.63962,1.63984,1.12,1.00
2017.07.20 09:56:14.593,1.63963,1.63984,1.00,1.00
2017.07.20 09:56:15.754,1.63962,1.63984,1.12,1.00
2017.07.20 09:56:16.299,1.63963,1.63983,1.00,1.00
2017.07.20 09:56:16.860,1.63962,1.63984,1.12,1.00
2017.07.20 09:56:17.381,1.63963,1.63978,1.00,1.00
2017.07.20 09:56:17.432,1.63963,1.63983,1.00,1.00
2017.07.20 09:56:17.982,1.63963,1.63979,1.00,1.00
2017.07.20 09:56:18.286,1.63955,1.63973,1.00,1.00
2017.07.20 09:56:18.797,1.63954,1.63968,1.00,1.00
2017.07.20 09:56:18.899,1.63952,1.63968,1.12,1.00
2017.07.20 09:56:18.950,1.63946,1.63968,1.50,1.00
2017.07.20 09:56:19.052,1.63943,1.63969,1.00,1.00
2017.07.20 09:56:19.183,1.63943,1.63964,1.00,1.00
2017.07.20 09:56:20.219,1.63943,1.63963,1.00,1.00
2017.07.20 09:56:20.755,1.63944,1.63964,1.00,1.00
2017.07.20 09:56:20.983,1.63944,1.63967,1.00,1.12
2017.07.20 09:56:21.565,1.63942,1.63963,1.00,1.00
2017.07.20 09:56:21.717,1.63942,1.63969,1.00,1.87
2017.07.20 09:56:21.769,1.63945,1.63964,1.00,1.00
2017.07.20 09:56:21.984,1.63945,1.63968,1.00,1.00
2017.07.20 09:56:22.086,1.63947,1.63968,1.00,1.00
2017.07.20 09:56:22.390,1.63951,1.63973,1.00,1.00
2017.07.20 09:56:22.441,1.63951,1.63969,1.00,1.00
2017.07.20 09:56:22.993,1.6395,1.63969,1.00,1.00
2017.07.20 09:56:23.585,1.6395,1.63974,1.00,1.00
2017.07.20 09:56:23.687,1.63948,1.63975,1.00,1.50
2017.07.20 09:56:24.196,1.63948,1.63968,1.00,1.00
2017.07.20 09:56:24.459,1.63948,1.63976,1.00,1.50
2017.07.20 09:56:24.747,1.63949,1.63973,1.00,1.00
2017.07.20 09:56:25.260,1.63948,1.63973,1.00,1.00
2017.07.20 09:56:25.575,1.63948,1.63975,1.00,1.00
2017.07.20 09:56:25.866,1.63948,1.63973,1.00,1.00
2017.07.20 09:56:26.585,1.63948,1.63974,1.00,1.00
2017.07.20 09:56:27.100,1.63948,1.63964,1.00,1.00
2017.07.20 09:56:27.274,1.63944,1.63964,1.12,1.00
2017.07.20 09:56:27.325,1.63936,1.63958,1.12,1.00
2017.07.20 09:56:27.427,1.63937,1.63954,1.00,1.00
2017.07.20 09:56:27.478,1.63935,1.63954,1.00,1.00
2017.07.20 09:56:27.529,1.63933,1.63954,1.00,1.00
2017.07.20 09:56:28.044,1.63931,1.63954,1.69,1.00
2017.07.20 09:56:28.621,1.63933,1.63954,1.00,1.00
2017.07.20 09:56:29.146,1.63934,1.63954,1.25,1.00
2017.07.20 09:56:29.378,1.63933,1.63958,2.06,1.00
2017.07.20 09:56:30.066,1.63933,1.63958,2.40,1.00
2017.07.20 09:56:30.714,1.6394,1.63962,1.34,1.00
2017.07.20 09:56:30.867,1.63948,1.63974,1.00,1.00
2017.07.20 09:56:30.918,1.63952,1.63975,1.00,1.00
2017.07.20 09:56:31.071,1.63959,1.63984,1.00,1.00
2017.07.20 09:56:31.122,1.63962,1.63984,1.00,1.00
2017.07.20 09:56:31.173,1.63963,1.63988,1.25,1.00
2017.07.20 09:56:31.224,1.63963,1.63988,1.19,1.00
2017.07.20 09:56:31.469,1.63962,1.63988,1.00,1.50
2017.07.20 09:56:31.571,1.63961,1.63986,1.00,1.00
2017.07.20 09:56:31.892,1.6396,1.63983,1.00,1.00
2017.07.20 09:56:32.394,1.63961,1.63983,1.00,1.00
2017.07.20 09:56:33.049,1.6396,1.63983,1.87,1.00
2017.07.20 09:56:33.731,1.63961,1.63983,1.00,1.00
2017.07.20 09:56:34.410,1.6396,1.63983,2.06,1.00
2017.07.20 09:56:34.736,1.63969,1.63989,1.00,1.00
2017.07.20 09:56:35.381,1.63968,1.63989,1.00,1.00
2017.07.20 09:56:35.952,1.63969,1.63989,1.00,1.00
2017.07.20 09:56:36.530,1.63968,1.63989,1.00,1.00
2017.07.20 09:56:37.041,1.63969,1.63989,1.00,1.00
2017.07.20 09:56:37.345,1.63974,1.63994,1.00,1.00
2017.07.20 09:56:37.852,1.63975,1.63994,1.00,1.00
2017.07.20 09:56:38.385,1.63974,1.63993,1.50,1.00
2017.07.20 09:56:39.218,1.63974,1.63994,1.50,1.00
2017.07.20 09:56:39.751,1.63975,1.63994,1.00,1.00
2017.07.20 09:56:40.730,1.63974,1.63994,1.50,1.00
2017.07.20 09:56:41.266,1.63975,1.63993,1.00,1.00
2017.07.20 09:56:41.601,1.63976,1.63993,1.19,1.00
2017.07.20 09:56:41.922,1.63984,1.63998,1.00,1.00
2017.07.20 09:56:41.973,1.63986,1.64004,1.00,1.00
2017.07.20 09:56:42.125,1.63987,1.63999,1.00,1.00
2017.07.20 09:56:42.451,1.63987,1.63999,2.25,1.00
2017.07.20 09:56:43.599,1.63987,1.64003,2.25,1.00
2017.07.20 09:56:43.650,1.63987,1.64009,2.25,1.00
2017.07.20 09:56:43.752,1.63994,1.64015,1.00,1.00
2017.07.20 09:56:43.803,1.63996,1.64019,1.50,1.12
2017.07.20 09:56:43.904,1.63998,1.64019,1.00,1.00
2017.07.20 09:56:44.209,1.64005,1.64019,1.00,1.00
2017.07.20 09:56:44.389,1.64005,1.64024,1.00,1.00
2017.07.20 09:56:44.689,1.64005,1.64019,1.00,1.00
2017.07.20 09:56:44.993,1.64004,1.64014,1.00,1.00
2017.07.20 09:56:46.291,1.64002,1.64014,1.00,1.00
2017.07.20 09:56:46.342,1.64002,1.64019,1.00,1.00
2017.07.20 09:56:46.596,1.64005,1.64019,1.00,1.00
2017.07.20 09:56:48.277,1.64005,1.64024,1.00,1.00
2017.07.20 09:56:49.902,1.64005,1.64019,1.00,1.00
2017.07.20 09:56:51.982,1.64005,1.64018,1.00,1.00
2017.07.20 09:56:52.295,1.64008,1.64019,1.00,1.00
2017.07.20 09:56:53.672,1.64008,1.64018,1.00,1.00
2017.07.20 09:56:55.427,1.64007,1.64018,1.00,1.00
2017.07.20 09:56:55.733,1.64008,1.64023,1.00,1.00
2017.07.20 09:56:56.088,1.64008,1.64028,1.00,1.00
2017.07.20 09:56:56.291,1.6401,1.64028,1.00,1.00
2017.07.20 09:56:56.600,1.64012,1.64028,1.00,1.00
2017.07.20 09:56:57.007,1.64015,1.64029,1.00,1.00
2017.07.20 09:56:57.522,1.64015,1.64028,1.00,1.00
2017.07.20 09:56:58.028,1.64014,1.64028,1.00,1.00
2017.07.20 09:56:58.333,1.64014,1.64034,1.00,1.00
2017.07.20 09:56:58.535,1.64016,1.64034,1.00,1.00
2017.07.20 09:56:59.075,1.64016,1.64033,1.00,1.00
2017.07.20 09:56:59.591,1.64016,1.64034,1.00,1.00
2017.07.20 09:57:00.202,1.64016,1.64028,1.00,1.00
2017.07.20 09:57:01.834,1.64016,1.64034,1.00,1.00
2017.07.20 09:57:01.936,1.64018,1.64034,1.00,1.00
2017.07.20 09:57:02.282,1.64018,1.64029,1.00,1.00
2017.07.20 09:57:02.781,1.64018,1.64033,1.00,1.00
2017.07.20 09:57:03.394,1.64018,1.64034,1.00,1.00
2017.07.20 09:57:03.931,1.64019,1.64034,1.00,1.00
2017.07.20 09:57:05.802,1.64017,1.64034,1.00,1.00
2017.07.20 09:57:07.432,1.64021,1.64034,1.00,1.00
2017.07.20 09:57:08.290,1.64022,1.64034,1.00,1.00
2017.07.20 09:57:08.643,1.64026,1.64034,1.00,1.00
2017.07.20 09:57:08.796,1.64026,1.64039,1.50,1.00
2017.07.20 09:57:09.122,1.64026,1.64035,1.00,1.00
2017.07.20 09:57:09.627,1.64025,1.64035,1.87,1.00
2017.07.20 09:57:09.881,1.64028,1.64039,1.12,1.00
2017.07.20 09:57:10.392,1.64029,1.64039,1.00,1.00
2017.07.20 09:57:10.544,1.64029,1.64043,1.00,1.00
2017.07.20 09:57:10.864,1.64031,1.64043,1.37,1.00
2017.07.20 09:57:10.916,1.6403,1.64048,1.75,1.00
2017.07.20 09:57:11.017,1.6403,1.64048,1.50,1.00
2017.07.20 09:57:11.119,1.64032,1.64048,1.00,1.00
2017.07.20 09:57:11.665,1.64033,1.64048,1.00,1.00
2017.07.20 09:57:12.262,1.64034,1.64048,1.00,1.00
2017.07.20 09:57:12.779,1.64034,1.64054,1.00,1.00
2017.07.20 09:57:13.300,1.64034,1.64053,1.00,1.00
2017.07.20 09:57:14.300,1.64033,1.64053,1.12,1.00
2017.07.20 09:57:14.801,1.64034,1.64053,1.00,1.00
2017.07.20 09:57:15.328,1.64033,1.64053,1.12,1.00
2017.07.20 09:57:15.875,1.64034,1.64053,1.00,1.00
2017.07.20 09:57:16.129,1.64039,1.64058,1.00,1.00
2017.07.20 09:57:16.689,1.64038,1.64058,1.00,1.00
2017.07.20 09:57:17.215,1.64039,1.64058,1.00,1.00
2017.07.20 09:57:17.266,1.64039,1.64062,1.00,1.00
2017.07.20 09:57:17.469,1.64036,1.64053,1.50,1.00
2017.07.20 09:57:17.571,1.64034,1.64054,1.50,1.00
2017.07.20 09:57:17.793,1.64035,1.64048,1.00,1.00
2017.07.20 09:57:17.846,1.64029,1.64048,1.37,1.00
2017.07.20 09:57:17.897,1.64028,1.64048,1.12,1.00
2017.07.20 09:57:18.613,1.64029,1.64048,1.00,1.00
2017.07.20 09:57:18.780,1.64029,1.64054,1.00,1.00
2017.07.20 09:57:19.036,1.64028,1.64049,1.12,1.00
2017.07.20 09:57:19.600,1.64029,1.64049,1.00,1.00
2017.07.20 09:57:20.005,1.64029,1.64053,1.25,1.00
2017.07.20 09:57:20.056,1.64033,1.64053,1.00,1.00
2017.07.20 09:57:20.405,1.64043,1.64059,1.00,1.00
2017.07.20 09:57:21.050,1.64042,1.64059,1.00,1.00
2017.07.20 09:57:21.259,1.64043,1.64063,1.00,1.50
2017.07.20 09:57:21.782,1.64042,1.64063,1.00,1.50
2017.07.20 09:57:22.407,1.64043,1.64063,1.00,1.00
2017.07.20 09:57:22.937,1.64042,1.64063,1.00,1.00
2017.07.20 09:57:24.276,1.64042,1.64063,1.00,1.00
2017.07.20 09:57:24.833,1.64038,1.64063,2.25,1.00
2017.07.20 09:57:24.985,1.64039,1.64063,1.00,1.00
2017.07.20 09:57:25.490,1.64038,1.64063,1.50,1.00
2017.07.20 09:57:26.051,1.64039,1.64063,1.50,1.00
2017.07.20 09:57:27.131,1.64039,1.64064,2.25,1.00
2017.07.20 09:57:27.675,1.64039,1.64063,1.50,1.00
2017.07.20 09:57:28.449,1.6404,1.64063,1.00,1.00
2017.07.20 09:57:28.974,1.64041,1.64069,1.00,1.50
2017.07.20 09:57:29.515,1.64041,1.64068,1.00,1.00
2017.07.20 09:57:30.541,1.64041,1.64069,1.00,2.25
2017.07.20 09:57:31.832,1.64041,1.64064,1.00,1.00
2017.07.20 09:57:32.137,1.64048,1.64068,1.19,1.00
2017.07.20 09:57:32.440,1.64051,1.64068,1.00,1.00
2017.07.20 09:57:34.365,1.64051,1.64074,1.90,1.00
2017.07.20 09:57:34.416,1.64058,1.64074,1.00,1.00
2017.07.20 09:57:34.732,1.64062,1.64074,1.00,1.00
2017.07.20 09:57:35.311,1.64061,1.64074,1.12,1.00
2017.07.20 09:57:35.812,1.64062,1.64074,1.00,1.00
2017.07.20 09:57:36.672,1.64061,1.64074,1.12,1.00
2017.07.20 09:57:37.353,1.64062,1.64074,1.00,1.00
2017.07.20 09:57:37.882,1.64061,1.64074,1.12,1.00
2017.07.20 09:57:38.349,1.64062,1.6407,1.00,1.00
2017.07.20 09:57:38.400,1.64058,1.64069,1.87,1.00
2017.07.20 09:57:38.451,1.64057,1.64068,1.00,1.00
2017.07.20 09:57:38.553,1.64053,1.64068,1.00,1.00
2017.07.20 09:57:38.655,1.6405,1.64068,2.25,1.00
2017.07.20 09:57:38.807,1.64054,1.64069,1.25,1.00
2017.07.20 09:57:39.112,1.64055,1.64074,1.00,1.00
2017.07.20 09:57:39.264,1.64057,1.64074,1.00,1.00
2017.07.20 09:57:39.776,1.64055,1.64074,1.00,1.00
2017.07.20 09:57:40.364,1.64054,1.64074,1.87,1.00
2017.07.20 09:57:40.448,1.64054,1.64068,1.87,1.00
2017.07.20 09:57:40.753,1.64051,1.64064,1.75,1.00
2017.07.20 09:57:40.804,1.64051,1.64064,1.37,1.00
2017.07.20 09:57:40.905,1.6405,1.64064,1.12,1.00
2017.07.20 09:57:41.483,1.64051,1.64064,1.00,1.00
2017.07.20 09:57:42.003,1.64051,1.64063,1.00,1.00
2017.07.20 09:57:42.206,1.64047,1.64063,1.87,1.00
2017.07.20 09:57:42.257,1.64047,1.64063,1.50,1.00
2017.07.20 09:57:42.981,1.64047,1.64064,1.00,1.00
2017.07.20 09:57:43.387,1.64047,1.64068,1.25,1.00
2017.07.20 09:57:43.591,1.64049,1.64063,1.00,1.00
2017.07.20 09:57:43.896,1.6405,1.64069,1.00,1.00
2017.07.20 09:57:44.253,1.64052,1.64069,1.00,1.00
2017.07.20 09:57:44.787,1.64051,1.64069,1.00,1.00
2017.07.20 09:57:45.293,1.6405,1.64069,1.87,1.00
2017.07.20 09:57:45.599,1.6405,1.64064,1.87,1.00
2017.07.20 09:57:46.211,1.64051,1.64064,1.00,1.00
2017.07.20 09:57:47.063,1.6405,1.64064,1.12,1.00
2017.07.20 09:57:47.754,1.6405,1.64063,1.12,1.00
2017.07.20 09:57:47.805,1.64048,1.64063,1.00,1.00
2017.07.20 09:57:49.068,1.64045,1.64059,1.00,1.00
2017.07.20 09:57:49.326,1.64041,1.64059,1.00,1.00
2017.07.20 09:57:49.871,1.6404,1.64058,1.25,1.00
2017.07.20 09:57:52.220,1.6404,1.64053,1.25,1.00
2017.07.20 09:57:52.481,1.64035,1.64053,1.00,1.00
2017.07.20 09:57:52.658,1.64035,1.64059,1.00,1.00
2017.07.20 09:57:53.063,1.64033,1.64059,2.25,1.00
2017.07.20 09:57:53.202,1.64034,1.64054,1.00,1.00
2017.07.20 09:57:53.455,1.64025,1.64051,2.25,1.00
2017.07.20 09:57:53.770,1.64028,1.64053,1.00,1.00
2017.07.20 09:57:53.973,1.64026,1.64052,1.50,1.09
2017.07.20 09:57:54.024,1.64026,1.64044,1.50,1.00
2017.07.20 09:57:54.075,1.64023,1.64044,1.37,1.00
2017.07.20 09:57:54.126,1.64021,1.64043,1.00,1.00
2017.07.20 09:57:54.178,1.64015,1.6404,1.37,1.00
2017.07.20 09:57:54.229,1.64015,1.6404,1.00,1.00
2017.07.20 09:57:54.281,1.64019,1.64043,1.00,1.00
2017.07.20 09:57:54.658,1.64022,1.64043,1.00,1.00
2017.07.20 09:57:54.765,1.64016,1.6404,1.87,1.00
2017.07.20 09:57:54.866,1.64013,1.64038,2.25,1.00
2017.07.20 09:57:55.070,1.64015,1.64042,1.00,1.00
2017.07.20 09:57:55.173,1.64018,1.64042,1.00,1.00
2017.07.20 09:57:55.477,1.64017,1.64033,1.00,1.00
2017.07.20 09:57:55.853,1.64016,1.64038,1.00,1.00
2017.07.20 09:57:55.904,1.64016,1.64043,2.62,1.00
2017.07.20 09:57:55.955,1.6402,1.64043,1.00,1.00
2017.07.20 09:57:56.261,1.64017,1.64042,1.00,1.00
2017.07.20 09:57:56.762,1.64018,1.64043,1.00,1.00
2017.07.20 09:57:57.300,1.64016,1.64043,1.00,1.00
2017.07.20 09:57:57.503,1.64016,1.64041,1.50,1.00
2017.07.20 09:57:58.401,1.64016,1.6404,1.00,1.00
2017.07.20 09:57:59.210,1.64015,1.6404,1.00,1.00
2017.07.20 09:57:59.513,1.64014,1.64033,1.00,1.00
2017.07.20 09:57:59.665,1.64005,1.64032,2.25,1.00
2017.07.20 09:57:59.869,1.64005,1.64032,1.00,1.00
2017.07.20 09:58:00.169,1.6401,1.64031,1.00,1.00
2017.07.20 09:58:00.220,1.6401,1.64033,1.00,1.50
2017.07.20 09:58:00.727,1.6401,1.64034,1.00,1.00
2017.07.20 09:58:01.592,1.6401,1.64037,1.50,1.00
2017.07.20 09:58:01.744,1.6401,1.64034,1.50,1.00
2017.07.20 09:58:01.981,1.6401,1.64037,1.00,1.00
2017.07.20 09:58:02.814,1.64013,1.64038,1.00,1.50
2017.07.20 09:58:03.119,1.64021,1.64044,1.00,1.00
2017.07.20 09:58:03.424,1.64019,1.64044,1.00,1.00
2017.07.20 09:58:04.016,1.6402,1.64044,1.00,1.00
2017.07.20 09:58:04.726,1.64022,1.64044,1.00,1.00
2017.07.20 09:58:05.622,1.6402,1.64044,1.12,1.00
2017.07.20 09:58:05.978,1.64017,1.64044,1.00,1.00
2017.07.20 09:58:06.049,1.64017,1.64039,1.00,1.00
2017.07.20 09:58:06.881,1.64017,1.64043,1.50,1.00
2017.07.20 09:58:07.392,1.64016,1.64043,1.00,1.50
2017.07.20 09:58:07.909,1.64017,1.64043,1.00,1.00
2017.07.20 09:58:08.273,1.64023,1.64043,1.00,1.00
2017.07.20 09:58:08.422,1.64023,1.64048,1.00,1.50
2017.07.20 09:58:08.473,1.64023,1.64049,1.00,1.50
2017.07.20 09:58:08.727,1.64025,1.64049,1.00,1.00
2017.07.20 09:58:09.030,1.64023,1.64049,1.00,1.00
2017.07.20 09:58:09.554,1.64024,1.64049,1.00,1.00
2017.07.20 09:58:12.808,1.64023,1.64049,1.50,1.00
2017.07.20 09:58:13.525,1.64025,1.64049,1.00,1.00
2017.07.20 09:58:16.632,1.64025,1.64051,1.00,1.00
2017.07.20 09:58:17.139,1.64026,1.64052,1.00,1.00
2017.07.20 09:58:17.332,1.64026,1.64048,1.00,1.00
2017.07.20 09:58:17.448,1.64026,1.64051,1.00,1.00
2017.07.20 09:58:18.042,1.64026,1.64052,1.00,1.00
2017.07.20 09:58:18.244,1.64029,1.64052,1.00,1.00
2017.07.20 09:58:18.611,1.64029,1.64049,1.00,1.00
2017.07.20 09:58:18.823,1.64029,1.64051,1.00,1.00
2017.07.20 09:58:19.343,1.64029,1.64052,1.00,1.00
2017.07.20 09:58:19.864,1.64028,1.64051,1.00,1.00
2017.07.20 09:58:20.370,1.64027,1.64051,1.00,1.00
2017.07.20 09:58:20.903,1.64028,1.64051,1.00,1.00
2017.07.20 09:58:21.463,1.64028,1.64052,1.00,1.00
2017.07.20 09:58:22.051,1.64026,1.64051,1.00,1.00
2017.07.20 09:58:22.152,1.64026,1.64049,1.00,1.00
2017.07.20 09:58:22.305,1.64018,1.64045,1.75,1.00
2017.07.20 09:58:22.457,1.64018,1.64045,1.00,1.00
2017.07.20 09:58:22.864,1.6402,1.64045,1.00,1.00
2017.07.20 09:58:23.470,1.6402,1.64046,1.25,1.00
2017.07.20 09:58:23.724,1.64017,1.64046,1.00,1.00
2017.07.20 09:58:24.499,1.64018,1.64045,1.00,1.00
2017.07.20 09:58:25.086,1.64018,1.64046,1.00,1.00
2017.07.20 09:58:25.812,1.64018,1.64045,1.00,1.00
2017.07.20 09:58:26.422,1.64018,1.64046,1.00,1.00
2017.07.20 09:58:26.727,1.64018,1.64045,1.19,1.00
2017.07.20 09:58:27.125,1.64023,1.64046,1.65,1.00
2017.07.20 09:58:27.751,1.64025,1.64045,2.02,1.00
2017.07.20 09:58:28.261,1.64025,1.64046,2.02,1.00
2017.07.20 09:58:29.108,1.64025,1.64045,2.02,1.00
2017.07.20 09:58:29.552,1.64027,1.64049,1.19,1.75
2017.07.20 09:58:29.755,1.64027,1.64049,1.00,1.00
2017.07.20 09:58:29.857,1.64023,1.6405,2.40,1.00
2017.07.20 09:58:30.315,1.64025,1.64049,2.02,1.00
2017.07.20 09:58:30.366,1.64025,1.64049,1.27,1.00
2017.07.20 09:58:30.898,1.64025,1.6405,1.27,1.00
2017.07.20 09:58:31.051,1.64027,1.6405,1.00,1.00
2017.07.20 09:58:31.359,1.64027,1.64056,1.50,1.00
2017.07.20 09:58:31.460,1.64029,1.64054,1.00,1.00
2017.07.20 09:58:31.916,1.64029,1.64048,1.00,1.00
2017.07.20 09:58:32.018,1.64027,1.64048,1.00,1.00
2017.07.20 09:58:32.069,1.64026,1.64043,1.00,1.00
2017.07.20 09:58:32.272,1.64017,1.64044,1.12,1.00
2017.07.20 09:58:32.937,1.64018,1.64038,1.00,1.00
2017.07.20 09:58:33.462,1.64017,1.64038,1.12,1.00
2017.07.20 09:58:33.525,1.64017,1.64044,1.12,1.00
2017.07.20 09:58:34.222,1.64018,1.64044,1.00,1.00
2017.07.20 09:58:34.602,1.64026,1.64045,1.00,1.00
2017.07.20 09:58:34.856,1.64035,1.64058,1.00,1.00
2017.07.20 09:58:35.382,1.64036,1.64058,1.00,1.00
2017.07.20 09:58:35.535,1.64038,1.64058,1.00,1.00
2017.07.20 09:58:35.942,1.64038,1.64054,1.00,1.00
2017.07.20 09:58:35.993,1.64038,1.64059,1.00,1.00
2017.07.20 09:58:36.934,1.6404,1.64059,1.00,1.00
2017.07.20 09:58:37.648,1.64039,1.64059,1.00,1.00
2017.07.20 09:58:37.749,1.64036,1.64059,1.00,1.00
2017.07.20 09:58:41.765,1.64038,1.64059,1.00,1.00
2017.07.20 09:58:41.867,1.64035,1.64059,1.00,1.00
2017.07.20 09:58:41.918,1.64035,1.64055,1.00,1.00
2017.07.20 09:58:42.070,1.64035,1.64058,1.00,1.50
2017.07.20 09:58:42.121,1.64035,1.64058,1.19,1.50
2017.07.20 09:58:42.638,1.64037,1.64058,1.19,1.00
2017.07.20 09:58:43.261,1.64037,1.64059,1.25,1.00
2017.07.20 09:58:43.516,1.64038,1.64062,2.02,1.00
2017.07.20 09:58:43.568,1.64038,1.64063,1.65,1.87
2017.07.20 09:58:43.771,1.64043,1.64068,1.00,1.50
2017.07.20 09:58:43.923,1.64041,1.64068,1.31,1.50
2017.07.20 09:58:43.974,1.64044,1.64068,1.00,1.00
2017.07.20 09:58:45.517,1.64044,1.64068,1.69,1.00
2017.07.20 09:58:46.020,1.64044,1.64068,1.69,1.00
2017.07.20 09:58:46.546,1.64045,1.64068,1.00,1.00
2017.07.20 09:58:47.066,1.64044,1.64068,1.69,1.00
2017.07.20 09:58:47.744,1.64045,1.64068,1.00,1.00
2017.07.20 09:58:48.048,1.64043,1.64068,1.50,1.00
2017.07.20 09:58:48.155,1.64046,1.64068,1.00,1.00
2017.07.20 09:58:48.459,1.64044,1.64068,1.00,1.00
2017.07.20 09:58:49.329,1.64046,1.64068,1.00,1.00
2017.07.20 09:58:49.875,1.64047,1.64068,1.00,1.00
2017.07.20 09:58:50.410,1.64046,1.64068,1.00,1.00
2017.07.20 09:58:51.111,1.64047,1.64068,1.00,1.00
2017.07.20 09:58:51.724,1.64046,1.64068,1.00,1.00
2017.07.20 09:58:52.660,1.64047,1.64068,1.00,1.00
2017.07.20 09:58:53.230,1.64046,1.64068,1.00,1.00
2017.07.20 09:58:53.748,1.64047,1.64069,1.00,1.00
2017.07.20 09:58:54.500,1.64046,1.64069,1.00,1.00
2017.07.20 09:58:54.825,1.64047,1.64063,1.00,1.00
2017.07.20 09:58:54.927,1.64047,1.64069,1.00,1.00
2017.07.20 09:58:55.501,1.64046,1.64068,1.00,1.00
2017.07.20 09:58:55.792,1.64047,1.64072,1.00,1.00
2017.07.20 09:58:56.323,1.64047,1.64071,1.00,1.00
2017.07.20 09:58:56.374,1.64047,1.64068,1.00,1.00
2017.07.20 09:58:56.694,1.64043,1.64059,1.37,1.00
2017.07.20 09:58:56.796,1.64036,1.64059,1.00,1.00
2017.07.20 09:58:56.898,1.64042,1.64063,1.00,1.00
2017.07.20 09:58:57.103,1.64055,1.64077,1.00,1.00
2017.07.20 09:58:57.306,1.64056,1.64083,1.00,1.00
2017.07.20 09:58:57.357,1.64057,1.6408,1.00,1.00
2017.07.20 09:58:57.470,1.6406,1.64084,1.00,1.00
2017.07.20 09:58:57.524,1.64066,1.64087,1.00,1.37
2017.07.20 09:58:57.626,1.64067,1.64088,1.00,1.00
2017.07.20 09:58:57.930,1.64067,1.64092,1.19,1.00
2017.07.20 09:58:57.981,1.64071,1.64093,1.00,1.00
2017.07.20 09:58:58.285,1.64069,1.64089,1.50,1.00
2017.07.20 09:58:58.587,1.64071,1.64089,1.00,1.00
2017.07.20 09:58:59.130,1.6407,1.64089,1.50,1.00
2017.07.20 09:58:59.653,1.6407,1.64088,1.50,1.00
2017.07.20 09:59:00.224,1.64069,1.64088,1.00,1.00
2017.07.20 09:59:00.931,1.6407,1.64088,1.00,1.00
2017.07.20 09:59:01.481,1.64069,1.64088,1.00,1.00
2017.07.20 09:59:01.988,1.64069,1.64089,1.00,1.00
2017.07.20 09:59:02.999,1.64069,1.64088,1.00,1.00
2017.07.20 09:59:03.152,1.64069,1.64091,1.00,1.00
2017.07.20 09:59:03.564,1.6407,1.64089,1.00,1.00
2017.07.20 09:59:04.164,1.6407,1.64092,1.00,1.00
2017.07.20 09:59:05.075,1.64069,1.64092,1.00,1.00
2017.07.20 09:59:06.050,1.6407,1.64092,1.00,1.00
2017.07.20 09:59:06.352,1.6407,1.64089,1.00,1.00
2017.07.20 09:59:06.983,1.64069,1.64089,1.00,1.00
2017.07.20 09:59:07.408,1.64069,1.64083,1.00,1.00
2017.07.20 09:59:07.459,1.64065,1.64083,1.87,1.00
2017.07.20 09:59:08.682,1.64061,1.64083,1.00,1.50
2017.07.20 09:59:08.783,1.64061,1.64081,1.00,1.00
2017.07.20 09:59:09.360,1.6406,1.64081,1.00,1.00
2017.07.20 09:59:09.715,1.64061,1.64078,1.00,1.00
2017.07.20 09:59:09.817,1.64056,1.64078,1.75,1.00
2017.07.20 09:59:09.970,1.64055,1.64078,1.87,1.00
2017.07.20 09:59:10.507,1.64056,1.64078,1.00,1.00
2017.07.20 09:59:11.204,1.64055,1.64078,1.12,1.00
2017.07.20 09:59:11.721,1.64056,1.64078,1.00,1.00
2017.07.20 09:59:12.238,1.64055,1.64078,1.87,1.00
2017.07.20 09:59:12.761,1.64056,1.64078,1.00,1.00
2017.07.20 09:59:13.286,1.64058,1.64078,1.00,1.00
2017.07.20 09:59:13.444,1.64061,1.64083,1.25,1.00
2017.07.20 09:59:13.546,1.64062,1.64078,1.00,1.00
2017.07.20 09:59:13.800,1.64051,1.64074,1.19,1.00
2017.07.20 09:59:13.852,1.64051,1.64074,1.19,1.00
2017.07.20 09:59:13.903,1.64059,1.64078,1.19,1.00
2017.07.20 09:59:14.056,1.6406,1.64083,1.19,1.00
2017.07.20 09:59:14.260,1.64061,1.64086,1.19,1.00
2017.07.20 09:59:14.362,1.64063,1.64084,1.19,1.00
2017.07.20 09:59:17.823,1.64064,1.64083,1.25,1.00
2017.07.20 09:59:18.362,1.64064,1.64087,1.19,1.00
2017.07.20 09:59:18.413,1.64067,1.64089,1.19,1.37
2017.07.20 09:59:18.515,1.64065,1.64089,1.25,1.37
2017.07.20 09:59:21.134,1.64063,1.64088,1.31,1.12
2017.07.20 09:59:21.236,1.64063,1.64088,2.06,1.12
2017.07.20 09:59:21.750,1.64063,1.64088,1.31,1.12
2017.07.20 09:59:21.953,1.64063,1.64088,1.87,1.12
2017.07.20 09:59:22.314,1.64063,1.64083,1.19,1.00
2017.07.20 09:59:22.366,1.64062,1.64088,1.19,1.87
2017.07.20 09:59:23.006,1.64063,1.64089,1.69,1.00
2017.07.20 09:59:25.001,1.64064,1.64089,1.31,1.00
2017.07.20 09:59:25.104,1.64066,1.64091,1.25,1.00
2017.07.20 09:59:25.206,1.64068,1.64089,1.00,1.00
2017.07.20 09:59:25.801,1.64066,1.64089,1.69,1.00
2017.07.20 09:59:26.295,1.64066,1.64089,1.69,1.00
2017.07.20 09:59:26.751,1.64069,1.64089,1.19,1.00
2017.07.20 09:59:27.317,1.64069,1.64089,1.19,1.00
2017.07.20 09:59:28.914,1.64069,1.64089,1.19,1.00
2017.07.20 09:59:30.057,1.64069,1.64093,1.19,1.00
2017.07.20 09:59:30.896,1.64069,1.64094,1.31,1.00
2017.07.20 09:59:31.442,1.64069,1.64094,1.31,1.00
2017.07.20 09:59:31.493,1.64069,1.64088,1.12,1.00
2017.07.20 09:59:31.814,1.64067,1.64088,1.31,1.00
2017.07.20 09:59:31.916,1.64067,1.64093,1.50,2.25
2017.07.20 09:59:32.219,1.64065,1.64091,1.75,1.00
2017.07.20 09:59:32.422,1.64067,1.64093,1.31,2.25
2017.07.20 09:59:33.516,1.64071,1.64093,1.19,1.00
2017.07.20 09:59:33.973,1.64072,1.64088,1.00,1.00
2017.07.20 09:59:34.499,1.64073,1.64088,1.00,1.00
2017.07.20 09:59:35.143,1.64068,1.64088,1.94,1.00
2017.07.20 09:59:35.662,1.64067,1.64088,1.31,1.00
2017.07.20 09:59:36.480,1.64065,1.64089,1.81,1.00
2017.07.20 09:59:37.021,1.64065,1.6409,1.56,1.00
2017.07.20 09:59:37.506,1.64068,1.64088,1.19,1.00
2017.07.20 09:59:37.658,1.64065,1.64092,2.25,1.50
2017.07.20 09:59:38.202,1.64068,1.64088,1.19,1.00
2017.07.20 09:59:38.507,1.64088,1.64099,1.44,1.00
2017.07.20 09:59:38.558,1.6409,1.64112,1.25,1.00
2017.07.20 09:59:38.660,1.64092,1.64114,1.25,1.37
2017.07.20 09:59:39.198,1.64093,1.64117,1.00,1.00
2017.07.20 09:59:39.345,1.64093,1.64113,1.00,1.00
2017.07.20 09:59:39.969,1.64092,1.64113,1.31,1.00
2017.07.20 09:59:40.382,1.64092,1.64113,1.19,1.00
2017.07.20 09:59:40.922,1.64092,1.64113,1.00,1.00
2017.07.20 09:59:41.428,1.64088,1.64113,1.19,1.00
2017.07.20 09:59:41.631,1.64089,1.64111,1.25,1.00
2017.07.20 09:59:41.935,1.64086,1.64113,2.06,1.00
2017.07.20 09:59:42.674,1.64089,1.64113,1.19,1.00
2017.07.20 09:59:42.776,1.64085,1.64113,3.37,1.50
2017.07.20 09:59:42.827,1.64085,1.6411,2.62,1.00
2017.07.20 09:59:43.131,1.6409,1.64113,1.19,1.50
2017.07.20 09:59:43.976,1.64086,1.64113,1.56,1.50
2017.07.20 09:59:44.498,1.64086,1.64113,1.75,1.50
2017.07.20 09:59:44.549,1.64086,1.64113,1.75,1.50
2017.07.20 09:59:45.468,1.64093,1.64113,1.19,1.50
2017.07.20 09:59:45.772,1.64099,1.64118,1.56,1.00
2017.07.20 09:59:46.603,1.64099,1.64119,1.56,1.00
2017.07.20 09:59:49.025,1.641,1.64119,1.56,1.00
2017.07.20 09:59:49.076,1.641,1.64124,1.56,1.50
2017.07.20 09:59:49.228,1.64107,1.64124,1.19,1.00
2017.07.20 09:59:49.279,1.64107,1.64124,1.00,1.00
2017.07.20 09:59:49.749,1.64104,1.64124,1.69,1.00
2017.07.20 09:59:50.053,1.641,1.64124,1.00,1.00
2017.07.20 09:59:50.315,1.641,1.64119,1.00,1.00
2017.07.20 09:59:50.656,1.64092,1.64113,1.19,1.00
2017.07.20 09:59:51.187,1.64092,1.64115,1.00,1.00
2017.07.20 09:59:51.440,1.6409,1.64113,2.44,1.00
2017.07.20 09:59:51.976,1.64091,1.64113,1.31,1.00
2017.07.20 09:59:52.285,1.64092,1.64118,1.00,1.87
2017.07.20 09:59:52.336,1.64092,1.64113,1.19,1.00
2017.07.20 09:59:52.387,1.64095,1.64118,1.19,1.12
2017.07.20 09:59:52.540,1.641,1.64119,1.00,1.00
2017.07.20 09:59:52.945,1.64102,1.64119,1.00,1.00
2017.07.20 09:59:53.120,1.64099,1.64119,1.00,1.00
2017.07.20 09:59:53.626,1.641,1.64119,1.00,1.00
2017.07.20 09:59:54.153,1.64099,1.64119,1.00,1.00
2017.07.20 09:59:54.204,1.64097,1.64118,1.37,2.96
2017.07.20 09:59:54.255,1.64093,1.64118,1.75,1.09
2017.07.20 09:59:54.306,1.64093,1.64114,1.75,1.12
2017.07.20 09:59:54.357,1.64089,1.64114,1.50,1.00
2017.07.20 09:59:54.459,1.64088,1.64113,1.12,1.00
2017.07.20 09:59:54.789,1.64092,1.64113,1.00,1.00
2017.07.20 09:59:54.840,1.6409,1.64113,1.25,1.12
2017.07.20 09:59:55.364,1.6409,1.64114,1.25,1.00
2017.07.20 09:59:58.260,1.64088,1.64114,2.44,1.00
2017.07.20 09:59:59.625,1.64089,1.64114,1.69,1.50
