2016.08.04 15:00:00.074,1.72167,1.72202,1.00,1.50
2016.08.04 15:00:00.175,1.72166,1.72199,1.00,1.00
2016.08.04 15:00:00.226,1.72165,1.72199,1.12,1.00
2016.08.04 15:00:00.575,1.72167,1.72201,1.00,1.12
2016.08.04 15:00:00.676,1.72167,1.72202,1.00,1.50
2016.08.04 15:00:00.727,1.72169,1.72202,1.00,1.50
2016.08.04 15:00:00.929,1.72169,1.72202,1.00,1.50
2016.08.04 15:00:01.030,1.72167,1.72202,1.00,2.25
2016.08.04 15:00:01.392,1.72172,1.72204,1.00,1.75
2016.08.04 15:00:01.443,1.72182,1.72207,1.50,1.00
2016.08.04 15:00:01.493,1.72182,1.72212,1.50,1.00
2016.08.04 15:00:01.544,1.72182,1.7221,1.00,1.00
2016.08.04 15:00:01.645,1.72177,1.72207,1.00,1.00
2016.08.04 15:00:01.748,1.72175,1.72207,1.00,1.00
2016.08.04 15:00:02.032,1.72175,1.72207,1.00,1.00
2016.08.04 15:00:02.082,1.72175,1.7221,1.00,1.00
2016.08.04 15:00:02.441,1.72175,1.7221,1.00,1.00
2016.08.04 15:00:02.542,1.72175,1.7221,1.50,1.00
2016.08.04 15:00:02.643,1.72178,1.7221,1.00,1.00
2016.08.04 15:00:02.841,1.72182,1.72213,1.00,1.50
2016.08.04 15:00:02.892,1.72182,1.72215,1.00,1.75
2016.08.04 15:00:02.945,1.72182,1.72215,1.00,1.75
2016.08.04 15:00:03.047,1.72187,1.72215,1.00,1.75
2016.08.04 15:00:03.352,1.72179,1.72214,1.50,1.50
2016.08.04 15:00:03.403,1.72179,1.72213,1.50,1.12
2016.08.04 15:00:03.454,1.72179,1.72214,1.50,1.50
2016.08.04 15:00:03.667,1.72179,1.72214,1.50,2.25
2016.08.04 15:00:04.510,1.72179,1.72212,1.50,1.00
2016.08.04 15:00:04.561,1.72179,1.72214,1.50,2.25
2016.08.04 15:00:04.662,1.72179,1.72211,1.50,1.50
2016.08.04 15:00:04.713,1.72179,1.72211,1.50,2.25
2016.08.04 15:00:04.825,1.72179,1.72211,1.12,2.62
2016.08.04 15:00:04.876,1.72179,1.72205,1.00,1.00
2016.08.04 15:00:04.927,1.72175,1.72205,1.00,1.00
2016.08.04 15:00:05.129,1.72175,1.72205,1.00,1.37
2016.08.04 15:00:05.180,1.72175,1.72203,1.00,1.50
2016.08.04 15:00:05.231,1.7217,1.72203,1.00,1.50
2016.08.04 15:00:05.282,1.7217,1.72206,1.00,2.25
2016.08.04 15:00:05.387,1.7217,1.72205,1.00,1.75
2016.08.04 15:00:05.438,1.7217,1.72205,1.50,1.50
2016.08.04 15:00:05.489,1.7217,1.72205,1.50,1.12
2016.08.04 15:00:05.539,1.72171,1.72205,1.00,1.12
2016.08.04 15:00:05.590,1.72171,1.72206,1.00,3.00
2016.08.04 15:00:05.901,1.72171,1.72206,1.00,2.25
2016.08.04 15:00:06.003,1.72176,1.72206,1.00,1.50
2016.08.04 15:00:06.557,1.72177,1.72206,1.00,1.50
2016.08.04 15:00:06.961,1.72177,1.72206,1.00,1.00
2016.08.04 15:00:07.063,1.72177,1.72206,1.00,1.00
2016.08.04 15:00:07.265,1.72177,1.72206,1.00,1.75
2016.08.04 15:00:08.134,1.72177,1.72206,1.00,1.75
2016.08.04 15:00:08.184,1.72177,1.72204,1.00,1.50
2016.08.04 15:00:08.286,1.72177,1.72203,1.00,1.12
2016.08.04 15:00:08.336,1.72178,1.72203,1.00,1.00
2016.08.04 15:00:08.387,1.72178,1.72211,1.00,1.75
2016.08.04 15:00:08.536,1.72178,1.72211,1.00,1.75
2016.08.04 15:00:08.848,1.72178,1.72211,1.00,1.75
2016.08.04 15:00:08.950,1.72178,1.72211,1.00,1.75
2016.08.04 15:00:09.000,1.72178,1.72211,1.00,2.25
2016.08.04 15:00:09.051,1.72178,1.72211,1.00,4.50
2016.08.04 15:00:09.102,1.72178,1.72206,1.00,1.00
2016.08.04 15:00:09.153,1.72178,1.72206,1.00,1.75
2016.08.04 15:00:09.311,1.72172,1.72206,1.00,1.75
2016.08.04 15:00:09.364,1.72172,1.72199,1.50,1.00
2016.08.04 15:00:09.416,1.72172,1.72199,1.00,1.00
2016.08.04 15:00:09.568,1.72173,1.72204,1.00,1.00
2016.08.04 15:00:09.720,1.72175,1.72204,1.00,1.00
2016.08.04 15:00:09.981,1.72175,1.7221,1.50,1.50
2016.08.04 15:00:10.032,1.72176,1.7221,1.12,1.50
2016.08.04 15:00:10.083,1.72176,1.7221,1.12,1.00
2016.08.04 15:00:10.139,1.72176,1.7221,1.12,1.00
2016.08.04 15:00:10.296,1.72176,1.7221,1.12,1.00
2016.08.04 15:00:10.448,1.72176,1.7221,1.00,1.00
2016.08.04 15:00:10.499,1.72173,1.72207,1.50,1.50
2016.08.04 15:00:10.549,1.72173,1.72207,2.25,1.50
2016.08.04 15:00:10.600,1.72173,1.72206,2.25,1.00
2016.08.04 15:00:10.852,1.72173,1.72209,2.25,1.50
2016.08.04 15:00:11.453,1.72175,1.72209,1.00,1.50
2016.08.04 15:00:11.554,1.72176,1.72209,1.00,1.00
2016.08.04 15:00:11.656,1.72176,1.72205,1.00,1.00
2016.08.04 15:00:11.757,1.72176,1.72205,1.00,1.00
2016.08.04 15:00:11.859,1.72172,1.72205,1.50,1.00
2016.08.04 15:00:11.960,1.72172,1.72205,1.00,1.00
2016.08.04 15:00:12.011,1.72171,1.72205,1.00,1.50
2016.08.04 15:00:12.062,1.72171,1.72205,1.00,1.50
2016.08.04 15:00:12.163,1.72172,1.72205,1.00,1.00
2016.08.04 15:00:12.213,1.72173,1.72208,1.00,1.50
2016.08.04 15:00:12.356,1.72173,1.72209,1.12,1.50
2016.08.04 15:00:12.407,1.72173,1.72209,2.25,1.00
2016.08.04 15:00:13.587,1.72177,1.72209,1.00,1.00
2016.08.04 15:00:14.149,1.72177,1.72208,1.00,1.00
2016.08.04 15:00:14.313,1.72177,1.72209,1.00,1.50
2016.08.04 15:00:14.548,1.72174,1.72209,1.75,1.50
2016.08.04 15:00:14.599,1.72176,1.72209,1.00,1.50
2016.08.04 15:00:14.806,1.72176,1.72201,1.00,1.00
2016.08.04 15:00:14.857,1.72173,1.72201,1.37,1.00
2016.08.04 15:00:14.907,1.72173,1.72206,1.00,1.50
2016.08.04 15:00:14.958,1.72173,1.72207,1.00,1.50
2016.08.04 15:00:15.109,1.72173,1.72207,1.00,1.00
2016.08.04 15:00:15.261,1.72173,1.72209,1.00,1.00
2016.08.04 15:00:15.313,1.72173,1.72209,1.50,1.00
2016.08.04 15:00:15.364,1.72176,1.72209,1.00,1.00
2016.08.04 15:00:15.415,1.72176,1.72211,1.50,1.00
2016.08.04 15:00:15.466,1.72177,1.72214,1.75,1.50
2016.08.04 15:00:15.567,1.72176,1.72213,1.75,1.00
2016.08.04 15:00:15.668,1.72173,1.72206,2.25,1.00
2016.08.04 15:00:15.719,1.72173,1.72206,1.75,1.00
2016.08.04 15:00:15.769,1.72176,1.72205,1.00,1.00
2016.08.04 15:00:15.870,1.72173,1.72205,1.00,1.00
2016.08.04 15:00:15.972,1.72173,1.72207,1.00,1.00
2016.08.04 15:00:16.073,1.72173,1.72207,1.50,1.00
2016.08.04 15:00:16.174,1.72173,1.72207,1.00,1.00
2016.08.04 15:00:17.090,1.72176,1.72207,1.00,1.00
2016.08.04 15:00:17.599,1.72187,1.72212,1.00,1.37
2016.08.04 15:00:17.650,1.72187,1.72218,1.00,2.25
2016.08.04 15:00:17.701,1.72186,1.72218,1.00,1.75
2016.08.04 15:00:17.752,1.72186,1.72219,1.00,2.25
2016.08.04 15:00:17.803,1.72187,1.72218,1.00,1.50
2016.08.04 15:00:17.854,1.72192,1.72217,1.00,1.37
2016.08.04 15:00:17.905,1.72192,1.72221,1.00,2.25
2016.08.04 15:00:18.060,1.72192,1.72219,1.00,1.75
2016.08.04 15:00:18.111,1.72191,1.72219,1.00,1.75
2016.08.04 15:00:18.212,1.72191,1.72217,1.00,1.50
2016.08.04 15:00:18.365,1.72192,1.72217,1.00,1.50
2016.08.04 15:00:18.466,1.72186,1.72217,1.00,2.25
2016.08.04 15:00:18.770,1.72192,1.72216,1.00,1.37
2016.08.04 15:00:18.821,1.72192,1.72208,1.00,1.00
2016.08.04 15:00:18.872,1.7218,1.72208,1.37,1.00
2016.08.04 15:00:19.073,1.72176,1.72205,1.37,1.00
2016.08.04 15:00:19.124,1.72182,1.72205,1.00,1.75
2016.08.04 15:00:19.175,1.72181,1.72207,1.00,2.47
2016.08.04 15:00:19.276,1.72182,1.72208,1.00,2.25
2016.08.04 15:00:19.327,1.72182,1.72208,1.00,1.50
2016.08.04 15:00:19.479,1.72187,1.72208,1.00,1.37
2016.08.04 15:00:19.530,1.72187,1.72214,1.00,1.75
2016.08.04 15:00:20.206,1.72192,1.72214,1.00,1.75
2016.08.04 15:00:20.307,1.72186,1.72214,1.00,1.75
2016.08.04 15:00:20.358,1.72186,1.72213,1.00,1.50
2016.08.04 15:00:20.564,1.72187,1.72213,1.00,1.50
2016.08.04 15:00:21.017,1.72187,1.72209,1.00,1.00
2016.08.04 15:00:21.068,1.72181,1.72209,1.00,1.37
2016.08.04 15:00:21.170,1.72182,1.72205,1.00,1.12
2016.08.04 15:00:21.273,1.72182,1.72205,1.00,1.37
2016.08.04 15:00:21.327,1.72182,1.72205,1.00,1.75
2016.08.04 15:00:21.479,1.72182,1.72204,1.00,1.12
2016.08.04 15:00:21.529,1.72182,1.7221,1.00,2.25
2016.08.04 15:00:21.580,1.72182,1.7221,1.00,1.87
2016.08.04 15:00:22.048,1.72181,1.72209,1.00,2.25
2016.08.04 15:00:22.099,1.72177,1.72209,1.00,2.25
2016.08.04 15:00:22.150,1.72177,1.72205,1.00,1.00
2016.08.04 15:00:22.454,1.72178,1.7221,1.00,1.75
2016.08.04 15:00:22.657,1.72182,1.72216,1.00,3.97
2016.08.04 15:00:22.707,1.72191,1.72214,1.00,1.00
2016.08.04 15:00:22.821,1.72186,1.72214,1.00,1.00
2016.08.04 15:00:22.872,1.72182,1.72214,1.50,1.00
2016.08.04 15:00:22.924,1.72182,1.72215,1.50,2.25
2016.08.04 15:00:22.975,1.72182,1.72209,1.12,1.12
2016.08.04 15:00:23.027,1.72182,1.72209,1.00,1.12
2016.08.04 15:00:23.078,1.72179,1.7221,1.00,1.37
2016.08.04 15:00:23.130,1.72175,1.72207,1.37,1.00
2016.08.04 15:00:23.181,1.72176,1.72207,1.12,1.00
2016.08.04 15:00:23.283,1.72174,1.72207,1.00,1.75
2016.08.04 15:00:23.334,1.72178,1.72205,1.00,1.12
2016.08.04 15:00:23.385,1.72178,1.72201,1.00,1.00
2016.08.04 15:00:23.436,1.72175,1.72201,1.00,1.00
2016.08.04 15:00:23.597,1.72175,1.72208,1.50,1.75
2016.08.04 15:00:24.066,1.72179,1.72208,1.00,1.75
2016.08.04 15:00:25.183,1.72178,1.72207,1.00,2.25
2016.08.04 15:00:25.284,1.72178,1.72208,1.00,3.00
2016.08.04 15:00:25.335,1.72176,1.72208,1.00,3.00
2016.08.04 15:00:25.387,1.72176,1.72208,1.00,2.25
2016.08.04 15:00:25.488,1.72176,1.72208,1.00,3.75
2016.08.04 15:00:25.667,1.72176,1.722,1.00,1.00
2016.08.04 15:00:25.718,1.72171,1.72196,1.00,1.00
2016.08.04 15:00:25.768,1.72171,1.72192,1.00,1.00
2016.08.04 15:00:25.819,1.72165,1.72192,1.12,1.00
2016.08.04 15:00:25.870,1.7216,1.72187,2.25,1.00
2016.08.04 15:00:25.920,1.7216,1.72187,1.00,1.00
2016.08.04 15:00:25.971,1.72166,1.72189,1.00,1.00
2016.08.04 15:00:26.123,1.72166,1.72192,1.00,1.12
2016.08.04 15:00:26.173,1.72161,1.72196,1.50,1.75
2016.08.04 15:00:26.224,1.72168,1.72199,1.00,1.75
2016.08.04 15:00:26.275,1.72168,1.72198,1.00,1.75
2016.08.04 15:00:26.327,1.72168,1.72198,1.00,1.50
2016.08.04 15:00:26.788,1.72169,1.72199,1.00,1.75
2016.08.04 15:00:26.991,1.72168,1.72198,1.00,1.50
2016.08.04 15:00:27.595,1.72168,1.72198,1.00,1.50
2016.08.04 15:00:27.869,1.72168,1.72199,1.00,1.75
2016.08.04 15:00:27.970,1.72168,1.72198,1.00,1.50
2016.08.04 15:00:29.889,1.72168,1.72199,1.00,1.75
2016.08.04 15:00:29.990,1.72172,1.72202,1.00,1.75
2016.08.04 15:00:30.041,1.72172,1.72202,1.50,1.75
2016.08.04 15:00:30.092,1.72172,1.72207,1.00,2.47
2016.08.04 15:00:30.143,1.72172,1.72202,1.00,1.00
2016.08.04 15:00:30.592,1.72177,1.72202,1.00,1.00
2016.08.04 15:00:30.693,1.72172,1.72202,1.00,1.00
2016.08.04 15:00:30.794,1.72167,1.72196,1.50,1.00
2016.08.04 15:00:30.896,1.72176,1.72201,1.00,1.37
2016.08.04 15:00:30.947,1.72176,1.72201,1.00,1.75
2016.08.04 15:00:31.099,1.72169,1.72201,1.50,1.75
2016.08.04 15:00:31.307,1.72177,1.72208,1.00,1.75
2016.08.04 15:00:31.459,1.72177,1.72204,1.00,1.50
2016.08.04 15:00:31.509,1.72176,1.722,1.00,1.00
2016.08.04 15:00:31.661,1.72176,1.722,1.50,1.00
2016.08.04 15:00:31.712,1.72176,1.72209,1.50,1.50
2016.08.04 15:00:31.763,1.72176,1.72207,1.50,1.12
2016.08.04 15:00:31.814,1.72176,1.72206,1.00,1.00
2016.08.04 15:00:31.865,1.7217,1.72205,1.75,1.00
2016.08.04 15:00:32.029,1.72178,1.72209,1.00,1.75
2016.08.04 15:00:32.085,1.72178,1.72209,1.00,1.75
2016.08.04 15:00:32.136,1.72178,1.72209,1.50,1.00
2016.08.04 15:00:32.187,1.7218,1.72213,1.00,1.50
2016.08.04 15:00:32.288,1.72183,1.72211,1.00,1.00
2016.08.04 15:00:32.440,1.72183,1.72211,1.00,1.50
2016.08.04 15:00:32.490,1.72183,1.72211,1.00,1.50
2016.08.04 15:00:32.916,1.72178,1.72211,1.00,1.75
2016.08.04 15:00:32.967,1.72175,1.72205,1.00,1.12
2016.08.04 15:00:33.069,1.72175,1.72204,1.00,1.00
2016.08.04 15:00:33.119,1.72171,1.72204,1.12,1.50
2016.08.04 15:00:33.170,1.72171,1.72199,1.12,1.00
2016.08.04 15:00:33.221,1.72167,1.72199,1.00,1.00
2016.08.04 15:00:33.322,1.72163,1.72197,1.00,2.25
2016.08.04 15:00:33.423,1.72163,1.72197,1.00,2.25
2016.08.04 15:00:33.474,1.72163,1.72192,1.00,1.00
2016.08.04 15:00:33.524,1.72163,1.72191,1.00,1.12
2016.08.04 15:00:33.575,1.72163,1.72189,1.00,1.00
2016.08.04 15:00:33.699,1.7216,1.72189,1.50,1.00
2016.08.04 15:00:33.750,1.72167,1.72196,1.00,1.00
2016.08.04 15:00:33.802,1.72161,1.72196,1.75,1.00
2016.08.04 15:00:33.852,1.72161,1.72197,1.75,1.87
2016.08.04 15:00:34.248,1.72161,1.72197,1.75,1.12
2016.08.04 15:00:34.299,1.72165,1.72198,1.00,1.37
2016.08.04 15:00:34.400,1.72161,1.72197,1.75,1.12
2016.08.04 15:00:35.102,1.72164,1.72198,1.12,1.37
2016.08.04 15:00:35.267,1.72167,1.72198,1.00,1.37
2016.08.04 15:00:35.318,1.7218,1.72199,1.37,1.12
2016.08.04 15:00:35.368,1.72187,1.72206,1.00,1.50
2016.08.04 15:00:35.419,1.7218,1.72206,1.37,1.00
2016.08.04 15:00:35.470,1.72184,1.72206,1.00,1.00
2016.08.04 15:00:35.597,1.72184,1.72214,1.50,1.37
2016.08.04 15:00:35.650,1.72184,1.72214,1.50,1.00
2016.08.04 15:00:35.701,1.72189,1.72223,1.00,1.75
2016.08.04 15:00:35.752,1.72189,1.72223,1.12,1.00
2016.08.04 15:00:35.803,1.7219,1.72224,1.00,1.12
2016.08.04 15:00:35.904,1.72193,1.72225,1.00,1.50
2016.08.04 15:00:36.006,1.72193,1.72224,1.00,1.12
2016.08.04 15:00:36.208,1.722,1.72224,1.00,1.12
2016.08.04 15:00:37.094,1.722,1.72224,1.00,1.12
2016.08.04 15:00:37.144,1.72197,1.72224,1.00,1.12
2016.08.04 15:00:37.246,1.72195,1.7222,1.00,1.00
2016.08.04 15:00:37.296,1.72202,1.7222,1.00,1.00
2016.08.04 15:00:37.347,1.72202,1.7222,1.00,1.75
2016.08.04 15:00:37.398,1.72202,1.7222,1.00,1.75
2016.08.04 15:00:37.831,1.72202,1.72224,1.00,1.75
2016.08.04 15:00:37.933,1.72197,1.72224,1.50,1.75
2016.08.04 15:00:37.983,1.72197,1.72223,1.50,1.00
2016.08.04 15:00:38.034,1.72196,1.72223,1.50,1.00
2016.08.04 15:00:38.135,1.72196,1.72223,1.00,1.00
2016.08.04 15:00:38.287,1.72201,1.72223,1.00,1.00
2016.08.04 15:00:38.642,1.72201,1.72223,1.00,1.00
2016.08.04 15:00:38.913,1.72201,1.72223,1.00,1.00
2016.08.04 15:00:40.241,1.72201,1.72227,1.00,1.37
2016.08.04 15:00:40.292,1.72201,1.72227,1.00,1.00
2016.08.04 15:00:40.647,1.72201,1.72228,1.50,1.00
2016.08.04 15:00:41.001,1.72201,1.72228,1.00,1.00
2016.08.04 15:00:41.155,1.72201,1.72228,1.12,1.00
2016.08.04 15:00:41.319,1.72202,1.72227,1.00,1.00
2016.08.04 15:00:41.868,1.72202,1.72228,1.00,1.00
2016.08.04 15:00:42.171,1.72207,1.72232,1.00,1.00
2016.08.04 15:00:42.222,1.72216,1.72238,1.50,1.00
2016.08.04 15:00:42.323,1.72217,1.72249,1.37,1.00
2016.08.04 15:00:42.373,1.72217,1.72249,2.25,1.00
2016.08.04 15:00:42.424,1.72224,1.72251,1.00,1.00
2016.08.04 15:00:42.525,1.72228,1.72261,1.00,1.00
2016.08.04 15:00:42.668,1.72231,1.72261,1.00,1.00
2016.08.04 15:00:43.024,1.72231,1.72264,1.00,1.00
2016.08.04 15:00:43.125,1.72231,1.72261,1.00,1.00
2016.08.04 15:00:43.625,1.72229,1.72264,1.50,1.00
2016.08.04 15:00:43.828,1.72228,1.72261,1.75,1.00
2016.08.04 15:00:43.979,1.72227,1.72258,1.50,1.00
2016.08.04 15:00:44.131,1.72227,1.72257,1.50,1.00
2016.08.04 15:00:44.647,1.72228,1.72257,1.12,1.00
2016.08.04 15:00:44.748,1.72225,1.72257,1.75,1.00
2016.08.04 15:00:44.900,1.72226,1.72257,1.00,1.00
2016.08.04 15:00:44.951,1.72226,1.72257,1.50,1.00
2016.08.04 15:00:45.457,1.72229,1.72263,1.37,1.00
2016.08.04 15:00:45.508,1.72229,1.72263,1.75,1.00
2016.08.04 15:00:45.559,1.72237,1.72265,1.00,1.00
2016.08.04 15:00:45.660,1.72233,1.72266,1.00,1.00
2016.08.04 15:00:45.762,1.72232,1.72263,1.12,1.00
2016.08.04 15:00:45.812,1.72232,1.72258,1.12,1.00
2016.08.04 15:00:45.863,1.72229,1.72258,1.75,1.00
2016.08.04 15:00:45.914,1.72226,1.72256,1.75,1.00
2016.08.04 15:00:45.965,1.72225,1.72256,1.00,1.00
2016.08.04 15:00:46.066,1.72222,1.72256,1.75,1.00
2016.08.04 15:00:46.167,1.72219,1.72253,1.12,1.00
2016.08.04 15:00:46.218,1.72218,1.72253,1.50,1.00
2016.08.04 15:00:46.338,1.72215,1.72253,2.25,1.00
2016.08.04 15:00:46.389,1.72215,1.72253,2.25,1.50
2016.08.04 15:00:46.753,1.72215,1.72252,2.25,1.00
2016.08.04 15:00:47.059,1.72215,1.72253,2.25,1.50
2016.08.04 15:00:47.161,1.72215,1.72253,2.25,1.50
2016.08.04 15:00:47.262,1.72215,1.7225,1.75,1.00
2016.08.04 15:00:47.313,1.72212,1.7225,2.25,1.00
2016.08.04 15:00:47.363,1.72213,1.72249,1.75,1.00
2016.08.04 15:00:47.506,1.72211,1.72249,2.25,1.00
2016.08.04 15:00:47.607,1.72211,1.72248,1.75,1.00
2016.08.04 15:00:47.709,1.7221,1.7224,1.37,1.00
2016.08.04 15:00:47.760,1.7221,1.7224,1.00,1.00
2016.08.04 15:00:47.861,1.72207,1.7224,2.25,1.00
2016.08.04 15:00:48.415,1.72207,1.7224,1.50,1.00
2016.08.04 15:00:48.466,1.72206,1.72237,1.75,1.00
2016.08.04 15:00:48.517,1.72206,1.72237,1.37,1.00
2016.08.04 15:00:48.568,1.72206,1.72237,1.00,1.00
2016.08.04 15:00:48.669,1.72208,1.72247,1.00,1.87
2016.08.04 15:00:48.770,1.72209,1.72247,1.50,1.87
2016.08.04 15:00:48.821,1.72209,1.72247,2.25,1.12
2016.08.04 15:00:48.871,1.72213,1.72247,1.00,1.00
2016.08.04 15:00:49.209,1.72209,1.72245,1.87,1.37
2016.08.04 15:00:49.260,1.72207,1.72239,1.00,1.75
2016.08.04 15:00:49.361,1.72206,1.72233,1.50,1.00
2016.08.04 15:00:49.412,1.72206,1.72233,1.00,1.00
2016.08.04 15:00:49.462,1.72206,1.72234,1.00,2.25
2016.08.04 15:00:49.513,1.72206,1.72234,1.00,2.62
2016.08.04 15:00:49.564,1.72202,1.72229,1.00,1.00
2016.08.04 15:00:49.867,1.72201,1.72227,1.00,1.00
2016.08.04 15:00:49.922,1.72201,1.72227,1.00,1.50
2016.08.04 15:00:50.171,1.72201,1.72227,1.00,1.00
2016.08.04 15:00:50.323,1.72201,1.72227,1.00,1.50
2016.08.04 15:00:50.560,1.72201,1.72227,1.00,1.00
2016.08.04 15:00:50.990,1.72201,1.72222,1.00,1.00
2016.08.04 15:00:51.041,1.72197,1.72226,1.00,1.00
2016.08.04 15:00:51.142,1.72196,1.72224,1.00,1.00
2016.08.04 15:00:51.344,1.72184,1.72218,1.46,1.00
2016.08.04 15:00:51.395,1.72184,1.72218,1.08,1.00
2016.08.04 15:00:51.446,1.72184,1.72218,1.00,1.00
2016.08.04 15:00:51.496,1.72181,1.72218,1.37,1.00
2016.08.04 15:00:51.547,1.72191,1.72218,1.00,1.00
2016.08.04 15:00:51.648,1.7218,1.72218,1.31,1.00
2016.08.04 15:00:51.699,1.72182,1.72218,1.69,1.00
2016.08.04 15:00:52.059,1.7218,1.72218,2.06,1.00
2016.08.04 15:00:52.164,1.7218,1.72214,1.31,1.00
2016.08.04 15:00:52.215,1.72184,1.72214,1.56,1.12
2016.08.04 15:00:52.266,1.72184,1.72215,1.00,1.75
2016.08.04 15:00:52.317,1.72176,1.72215,1.00,1.75
2016.08.04 15:00:52.368,1.72176,1.72215,1.00,2.25
2016.08.04 15:00:52.470,1.72176,1.72212,1.00,1.00
2016.08.04 15:00:52.621,1.72178,1.72211,1.00,1.00
2016.08.04 15:00:52.672,1.72178,1.72216,1.00,1.75
2016.08.04 15:00:52.723,1.72179,1.72216,1.00,1.75
2016.08.04 15:00:52.874,1.72179,1.72216,1.00,1.75
2016.08.04 15:00:53.178,1.72179,1.72217,1.50,1.75
2016.08.04 15:00:53.330,1.72179,1.72216,2.25,1.75
2016.08.04 15:00:53.464,1.72179,1.72218,2.62,1.75
2016.08.04 15:00:53.565,1.72179,1.72218,2.62,1.75
2016.08.04 15:00:53.666,1.72179,1.72218,2.62,1.75
2016.08.04 15:00:53.768,1.72179,1.72215,2.62,1.00
2016.08.04 15:00:53.938,1.7218,1.72214,1.00,1.00
2016.08.04 15:00:54.371,1.7218,1.72214,1.50,1.00
2016.08.04 15:00:54.472,1.7218,1.72214,1.50,1.00
2016.08.04 15:00:54.523,1.72181,1.72214,1.00,1.00
2016.08.04 15:00:54.573,1.72188,1.72222,1.00,1.37
2016.08.04 15:00:54.624,1.72191,1.72222,1.00,1.00
2016.08.04 15:00:54.675,1.72191,1.72223,1.00,1.12
2016.08.04 15:00:54.776,1.72191,1.72214,1.00,1.00
2016.08.04 15:00:54.956,1.72191,1.7222,1.00,1.00
2016.08.04 15:00:55.011,1.72191,1.72225,1.00,1.50
2016.08.04 15:00:55.065,1.72192,1.72221,1.00,1.00
2016.08.04 15:00:55.170,1.72191,1.72221,1.00,1.00
2016.08.04 15:00:55.220,1.72189,1.72221,1.00,1.00
2016.08.04 15:00:55.575,1.72189,1.72221,1.00,1.00
2016.08.04 15:00:56.155,1.72189,1.72224,1.00,1.00
2016.08.04 15:00:56.836,1.72189,1.72221,1.00,1.00
2016.08.04 15:00:56.937,1.72189,1.72224,1.00,1.50
2016.08.04 15:00:57.197,1.72185,1.72224,1.00,1.50
2016.08.04 15:00:57.248,1.72192,1.7222,1.00,1.00
2016.08.04 15:00:57.551,1.72192,1.72217,1.00,1.00
2016.08.04 15:00:57.652,1.72192,1.72221,1.00,1.00
2016.08.04 15:00:57.855,1.72186,1.7222,1.00,1.00
2016.08.04 15:00:58.885,1.72186,1.72219,1.00,1.00
2016.08.04 15:00:59.373,1.72186,1.72212,1.00,1.00
2016.08.04 15:00:59.487,1.72186,1.72217,1.00,1.00
2016.08.04 15:00:59.588,1.72186,1.72217,1.12,1.00
2016.08.04 15:00:59.689,1.72186,1.72215,1.00,1.00
2016.08.04 15:00:59.790,1.72186,1.7221,1.00,1.00
2016.08.04 15:00:59.841,1.72181,1.7221,1.50,1.00
2016.08.04 15:00:59.892,1.72181,1.7221,1.00,1.00
2016.08.04 15:01:00.174,1.72181,1.72213,1.00,1.12
2016.08.04 15:01:00.397,1.72187,1.72214,1.00,1.00
2016.08.04 15:01:00.549,1.72192,1.72217,1.00,1.12
2016.08.04 15:01:00.599,1.72192,1.72217,1.00,1.00
2016.08.04 15:01:00.650,1.72186,1.72219,1.00,1.12
2016.08.04 15:01:00.701,1.72186,1.7222,1.00,1.37
2016.08.04 15:01:00.802,1.72188,1.7222,1.00,1.37
2016.08.04 15:01:00.852,1.72188,1.72221,1.00,1.50
2016.08.04 15:01:01.054,1.72188,1.72221,1.00,1.50
2016.08.04 15:01:01.236,1.72188,1.72221,1.00,1.50
2016.08.04 15:01:01.287,1.72183,1.72218,1.12,1.00
2016.08.04 15:01:01.553,1.72186,1.72218,1.00,1.00
2016.08.04 15:01:02.058,1.72186,1.72217,1.00,1.00
2016.08.04 15:01:02.228,1.72183,1.72218,1.12,1.00
2016.08.04 15:01:02.443,1.72183,1.72218,1.12,1.00
2016.08.04 15:01:02.786,1.72183,1.72215,1.12,1.00
2016.08.04 15:01:03.471,1.72187,1.72215,1.00,1.00
2016.08.04 15:01:03.594,1.72187,1.72218,1.00,1.00
2016.08.04 15:01:03.696,1.72186,1.72213,1.00,1.00
2016.08.04 15:01:03.747,1.72183,1.72213,1.12,1.00
2016.08.04 15:01:03.950,1.72181,1.72209,1.00,1.00
2016.08.04 15:01:04.154,1.72174,1.72204,1.00,1.00
2016.08.04 15:01:04.255,1.72173,1.72204,1.87,1.00
2016.08.04 15:01:04.305,1.72173,1.72204,1.12,1.00
2016.08.04 15:01:04.982,1.72173,1.72204,1.12,1.50
2016.08.04 15:01:05.286,1.72173,1.72204,1.12,1.00
2016.08.04 15:01:05.388,1.72173,1.722,1.12,1.00
2016.08.04 15:01:05.439,1.72173,1.722,1.00,1.00
2016.08.04 15:01:05.490,1.72167,1.72201,1.00,1.00
2016.08.04 15:01:05.743,1.72167,1.72197,1.00,1.00
2016.08.04 15:01:05.844,1.72162,1.72197,1.12,1.00
2016.08.04 15:01:05.947,1.72161,1.72197,1.50,1.00
2016.08.04 15:01:05.998,1.72159,1.72193,1.75,1.00
2016.08.04 15:01:06.101,1.72159,1.72192,1.37,1.00
2016.08.04 15:01:06.152,1.72159,1.72192,1.00,1.00
2016.08.04 15:01:06.254,1.72159,1.72192,1.50,1.00
2016.08.04 15:01:06.305,1.72159,1.72184,1.00,1.00
2016.08.04 15:01:06.407,1.72159,1.72185,1.00,1.00
2016.08.04 15:01:06.458,1.72157,1.72188,1.00,2.62
2016.08.04 15:01:06.508,1.72157,1.72188,1.00,1.87
2016.08.04 15:01:06.662,1.72152,1.72186,1.87,1.00
2016.08.04 15:01:06.716,1.72152,1.72182,1.00,1.00
2016.08.04 15:01:07.103,1.72152,1.72182,1.00,1.50
2016.08.04 15:01:07.204,1.72152,1.72182,1.00,1.00
2016.08.04 15:01:07.306,1.72152,1.72185,1.00,2.62
2016.08.04 15:01:07.407,1.72152,1.72185,1.00,1.87
2016.08.04 15:01:07.667,1.72147,1.72185,1.50,1.87
2016.08.04 15:01:07.996,1.72147,1.72183,1.50,1.00
2016.08.04 15:01:08.198,1.72151,1.72183,1.00,1.00
2016.08.04 15:01:08.299,1.72152,1.72185,1.00,1.37
2016.08.04 15:01:08.350,1.72151,1.72186,1.75,1.00
2016.08.04 15:01:08.400,1.72152,1.72187,1.50,1.00
2016.08.04 15:01:08.548,1.72154,1.72193,1.12,1.75
2016.08.04 15:01:08.599,1.72156,1.72193,1.00,1.75
2016.08.04 15:01:08.700,1.72156,1.72191,1.00,1.50
2016.08.04 15:01:08.751,1.72152,1.72191,1.87,1.50
2016.08.04 15:01:08.801,1.72152,1.72187,1.50,1.00
2016.08.04 15:01:08.852,1.72156,1.72187,1.00,1.00
2016.08.04 15:01:08.903,1.72156,1.72184,1.00,1.00
2016.08.04 15:01:08.954,1.72156,1.72184,1.00,1.37
2016.08.04 15:01:09.004,1.72156,1.72191,1.00,1.37
2016.08.04 15:01:09.055,1.72156,1.72191,1.00,1.00
2016.08.04 15:01:09.106,1.72156,1.72194,1.00,1.75
2016.08.04 15:01:09.207,1.72156,1.72189,1.00,1.00
2016.08.04 15:01:09.484,1.72161,1.7219,1.00,1.00
2016.08.04 15:01:09.586,1.72157,1.72189,1.00,1.00
2016.08.04 15:01:10.077,1.72157,1.72185,1.00,1.00
2016.08.04 15:01:10.178,1.72156,1.72189,1.00,1.00
2016.08.04 15:01:10.280,1.72154,1.72189,1.12,1.50
2016.08.04 15:01:10.551,1.72156,1.72189,1.00,1.50
2016.08.04 15:01:11.430,1.72156,1.72189,1.00,2.25
2016.08.04 15:01:11.676,1.72162,1.72189,1.00,2.25
2016.08.04 15:01:12.162,1.72157,1.72189,1.00,2.25
2016.08.04 15:01:12.263,1.72152,1.72189,1.75,2.25
2016.08.04 15:01:12.314,1.72152,1.72185,1.75,1.00
2016.08.04 15:01:12.467,1.72156,1.72185,1.00,1.00
2016.08.04 15:01:14.030,1.72156,1.72185,1.37,1.00
2016.08.04 15:01:14.131,1.72157,1.72184,1.75,1.00
2016.08.04 15:01:14.377,1.72157,1.72184,2.25,1.00
2016.08.04 15:01:14.429,1.72157,1.72189,2.25,1.50
2016.08.04 15:01:15.046,1.72157,1.72189,1.75,1.50
2016.08.04 15:01:15.097,1.72157,1.72186,1.75,1.00
2016.08.04 15:01:15.148,1.72157,1.72186,1.87,1.00
2016.08.04 15:01:15.198,1.72157,1.72181,1.12,1.00
2016.08.04 15:01:15.249,1.72152,1.72181,1.75,1.00
2016.08.04 15:01:15.300,1.72152,1.72182,1.75,1.00
2016.08.04 15:01:15.445,1.72152,1.72182,1.50,1.00
2016.08.04 15:01:15.498,1.72152,1.72175,1.50,1.00
2016.08.04 15:01:15.549,1.72147,1.72175,1.12,1.00
2016.08.04 15:01:15.600,1.72152,1.72181,1.00,1.37
2016.08.04 15:01:15.651,1.72152,1.72181,1.12,1.50
2016.08.04 15:01:15.702,1.72147,1.72175,2.25,1.00
2016.08.04 15:01:15.752,1.72147,1.72175,1.75,1.00
2016.08.04 15:01:15.803,1.72148,1.72178,1.75,1.00
2016.08.04 15:01:15.854,1.72148,1.72178,1.00,1.00
2016.08.04 15:01:15.905,1.72148,1.72177,1.00,1.00
2016.08.04 15:01:15.956,1.72152,1.72177,1.00,1.00
2016.08.04 15:01:16.875,1.72148,1.72177,1.37,1.00
2016.08.04 15:01:16.976,1.72151,1.72177,1.00,1.00
2016.08.04 15:01:17.027,1.72151,1.72185,1.37,3.75
2016.08.04 15:01:17.078,1.72151,1.72185,1.50,3.75
2016.08.04 15:01:17.128,1.72151,1.7218,1.12,1.00
2016.08.04 15:01:17.298,1.72147,1.7218,2.25,1.00
2016.08.04 15:01:17.349,1.72148,1.7218,1.37,1.00
2016.08.04 15:01:17.732,1.72152,1.7218,1.00,1.00
2016.08.04 15:01:17.783,1.72152,1.72175,1.00,1.00
2016.08.04 15:01:18.351,1.72151,1.72175,1.00,1.00
2016.08.04 15:01:18.453,1.72147,1.72174,1.50,1.00
2016.08.04 15:01:18.555,1.72147,1.72174,2.25,1.00
2016.08.04 15:01:18.606,1.72147,1.72178,2.25,1.00
2016.08.04 15:01:18.657,1.72147,1.72178,1.50,1.00
2016.08.04 15:01:18.945,1.72147,1.72179,2.25,1.00
2016.08.04 15:01:18.996,1.72147,1.72176,2.25,1.00
2016.08.04 15:01:19.248,1.72147,1.72176,1.12,1.00
2016.08.04 15:01:19.760,1.72146,1.72176,1.50,1.00
2016.08.04 15:01:20.220,1.72146,1.72175,1.50,1.00
2016.08.04 15:01:20.271,1.72146,1.72175,1.12,1.00
2016.08.04 15:01:20.444,1.72145,1.72175,1.50,1.00
2016.08.04 15:01:20.495,1.72146,1.72175,1.12,1.00
2016.08.04 15:01:20.596,1.72147,1.72177,1.00,1.00
2016.08.04 15:01:21.536,1.72147,1.72175,1.00,1.00
2016.08.04 15:01:22.059,1.72147,1.72176,1.00,1.00
2016.08.04 15:01:22.109,1.72147,1.72181,1.00,2.25
2016.08.04 15:01:22.210,1.72147,1.72177,1.00,1.12
2016.08.04 15:01:22.261,1.72143,1.72177,1.75,1.00
2016.08.04 15:01:22.362,1.72143,1.72178,1.00,1.75
2016.08.04 15:01:22.413,1.72143,1.72177,1.00,1.50
2016.08.04 15:01:22.463,1.72143,1.72177,1.75,1.00
2016.08.04 15:01:22.514,1.72143,1.72159,1.75,1.00
2016.08.04 15:01:22.667,1.72136,1.7216,1.00,1.00
2016.08.04 15:01:22.718,1.72126,1.7216,2.62,1.00
2016.08.04 15:01:22.769,1.72125,1.7216,2.25,1.00
2016.08.04 15:01:22.870,1.72131,1.7216,1.00,1.00
2016.08.04 15:01:22.921,1.72131,1.72164,1.00,1.50
2016.08.04 15:01:22.972,1.72132,1.72164,1.00,1.00
2016.08.04 15:01:23.174,1.72133,1.72165,1.50,1.00
2016.08.04 15:01:23.742,1.72133,1.72166,1.50,1.00
2016.08.04 15:01:24.062,1.72132,1.72167,1.75,1.00
2016.08.04 15:01:24.578,1.72134,1.72166,1.00,1.00
2016.08.04 15:01:25.115,1.72134,1.72165,1.00,1.00
2016.08.04 15:01:25.216,1.72134,1.72167,1.00,1.00
2016.08.04 15:01:25.517,1.72134,1.72164,1.50,1.00
2016.08.04 15:01:26.129,1.72134,1.72165,1.50,1.00
2016.08.04 15:01:26.706,1.72135,1.72167,1.75,1.00
2016.08.04 15:01:26.959,1.72131,1.72164,1.75,1.00
2016.08.04 15:01:27.283,1.72131,1.72167,1.50,2.25
2016.08.04 15:01:27.384,1.72129,1.72167,1.75,2.25
2016.08.04 15:01:27.435,1.72129,1.72166,1.75,1.00
2016.08.04 15:01:27.847,1.7213,1.72167,1.75,1.00
2016.08.04 15:01:27.898,1.72132,1.72167,1.75,1.00
2016.08.04 15:01:28.135,1.72131,1.72169,1.75,1.12
2016.08.04 15:01:28.185,1.72131,1.72169,2.25,1.12
2016.08.04 15:01:28.236,1.72131,1.72169,2.25,1.12
2016.08.04 15:01:28.337,1.72131,1.72169,2.25,1.12
2016.08.04 15:01:28.489,1.72132,1.72169,1.75,1.12
2016.08.04 15:01:28.540,1.72132,1.7217,1.75,2.25
2016.08.04 15:01:28.641,1.72132,1.7217,1.75,1.50
2016.08.04 15:01:28.692,1.72132,1.7217,1.75,2.25
2016.08.04 15:01:28.819,1.72132,1.7217,1.75,1.50
2016.08.04 15:01:28.920,1.72132,1.7217,1.75,1.50
2016.08.04 15:01:29.391,1.72132,1.7217,2.25,1.50
2016.08.04 15:01:29.956,1.72132,1.7217,1.75,1.50
2016.08.04 15:01:30.007,1.7213,1.72169,1.75,1.12
2016.08.04 15:01:30.159,1.72133,1.72171,1.50,2.25
2016.08.04 15:01:30.210,1.72133,1.72168,1.50,1.00
2016.08.04 15:01:30.311,1.72133,1.72166,1.50,1.00
2016.08.04 15:01:30.672,1.72132,1.72166,1.75,1.00
2016.08.04 15:01:31.142,1.72132,1.72169,1.75,1.12
2016.08.04 15:01:31.193,1.72141,1.72169,1.00,1.00
2016.08.04 15:01:31.244,1.72141,1.72172,1.00,1.12
2016.08.04 15:01:31.294,1.72141,1.72173,1.00,1.50
2016.08.04 15:01:31.345,1.72141,1.72176,1.00,1.75
2016.08.04 15:01:31.396,1.72146,1.72176,1.00,1.00
2016.08.04 15:01:32.125,1.72146,1.72178,1.00,1.12
2016.08.04 15:01:32.176,1.72146,1.72178,1.00,1.87
2016.08.04 15:01:32.227,1.72146,1.72176,1.00,1.00
2016.08.04 15:01:32.545,1.72151,1.72176,1.00,1.00
2016.08.04 15:01:33.056,1.72151,1.72177,1.00,1.00
2016.08.04 15:01:33.107,1.72146,1.72179,1.50,1.87
2016.08.04 15:01:33.157,1.72147,1.72179,1.00,1.37
2016.08.04 15:01:33.258,1.72147,1.72179,1.12,1.00
2016.08.04 15:01:33.309,1.72147,1.72179,1.50,1.00
2016.08.04 15:01:33.360,1.72148,1.72179,1.00,1.00
2016.08.04 15:01:33.562,1.72147,1.72179,1.50,1.00
2016.08.04 15:01:33.613,1.72147,1.72179,1.50,1.50
2016.08.04 15:01:33.728,1.72147,1.72179,1.50,2.25
2016.08.04 15:01:33.779,1.72147,1.72179,1.50,1.50
2016.08.04 15:01:34.150,1.72147,1.72179,1.00,1.00
2016.08.04 15:01:34.200,1.72144,1.72178,1.00,1.12
2016.08.04 15:01:34.650,1.72144,1.72178,1.00,1.12
2016.08.04 15:01:34.701,1.72144,1.72179,1.00,1.50
2016.08.04 15:01:34.892,1.72144,1.72179,1.00,1.50
2016.08.04 15:01:34.946,1.72142,1.72178,1.50,1.12
2016.08.04 15:01:34.997,1.72142,1.72174,1.00,1.00
2016.08.04 15:01:35.202,1.72148,1.72177,1.00,1.00
2016.08.04 15:01:35.253,1.72149,1.72177,1.00,1.00
2016.08.04 15:01:35.354,1.72149,1.72177,1.00,1.00
2016.08.04 15:01:35.657,1.72146,1.72177,1.00,1.00
2016.08.04 15:01:35.885,1.72146,1.7218,1.00,1.00
2016.08.04 15:01:36.354,1.72147,1.7218,1.50,1.00
2016.08.04 15:01:36.923,1.72147,1.7218,1.00,1.00
2016.08.04 15:01:37.206,1.72146,1.72178,1.00,1.00
2016.08.04 15:01:37.257,1.72146,1.72177,1.00,1.00
2016.08.04 15:01:37.308,1.72152,1.72174,1.00,1.00
2016.08.04 15:01:37.359,1.72152,1.72174,1.00,1.00
2016.08.04 15:01:37.410,1.72152,1.72177,1.00,1.00
2016.08.04 15:01:37.461,1.72152,1.72177,1.00,1.00
2016.08.04 15:01:37.512,1.72156,1.72189,1.00,1.75
2016.08.04 15:01:37.563,1.72156,1.72189,1.00,1.75
2016.08.04 15:01:37.614,1.72156,1.72189,1.50,1.00
2016.08.04 15:01:37.716,1.72157,1.72188,1.00,1.00
2016.08.04 15:01:37.766,1.72157,1.72188,1.00,1.00
2016.08.04 15:01:38.093,1.72161,1.72188,1.00,1.00
2016.08.04 15:01:38.415,1.72162,1.72188,1.00,1.50
2016.08.04 15:01:38.516,1.72158,1.72188,1.00,1.00
2016.08.04 15:01:38.618,1.72158,1.72188,1.00,1.50
2016.08.04 15:01:38.719,1.72161,1.72186,1.00,1.00
2016.08.04 15:01:39.132,1.72161,1.72188,1.00,1.50
2016.08.04 15:01:39.234,1.72158,1.72188,1.00,1.50
2016.08.04 15:01:40.116,1.72161,1.72188,1.00,1.50
2016.08.04 15:01:40.167,1.72161,1.72188,1.50,1.50
2016.08.04 15:01:40.218,1.72161,1.72188,1.00,1.00
2016.08.04 15:01:40.424,1.72162,1.72192,1.00,1.00
2016.08.04 15:01:40.577,1.72162,1.72192,1.50,1.00
2016.08.04 15:01:40.627,1.72162,1.72192,1.50,1.50
2016.08.04 15:01:40.729,1.72162,1.72192,1.00,1.50
2016.08.04 15:01:41.068,1.72162,1.72192,1.50,1.50
2016.08.04 15:01:41.119,1.72162,1.72192,1.00,1.50
2016.08.04 15:01:41.323,1.72162,1.72189,1.00,1.00
2016.08.04 15:01:41.441,1.72156,1.72187,1.87,1.00
2016.08.04 15:01:41.492,1.72156,1.72187,1.50,1.00
2016.08.04 15:01:41.542,1.72154,1.72182,1.00,1.00
2016.08.04 15:01:41.593,1.72151,1.72182,1.00,1.00
2016.08.04 15:01:41.896,1.72152,1.72181,1.00,1.50
2016.08.04 15:01:41.947,1.72152,1.72179,1.00,1.12
2016.08.04 15:01:42.098,1.72147,1.72179,1.50,1.12
2016.08.04 15:01:42.149,1.72147,1.72179,1.00,1.12
2016.08.04 15:01:42.250,1.72147,1.72171,1.00,1.00
2016.08.04 15:01:42.387,1.72147,1.72167,1.00,1.12
2016.08.04 15:01:42.438,1.72142,1.72166,1.00,1.00
2016.08.04 15:01:42.540,1.72146,1.72176,1.00,1.75
2016.08.04 15:01:42.590,1.72146,1.72176,1.00,1.00
2016.08.04 15:01:43.024,1.72146,1.72178,1.00,1.37
2016.08.04 15:01:43.356,1.72146,1.72175,1.00,1.00
2016.08.04 15:01:43.407,1.72142,1.72175,1.50,1.00
2016.08.04 15:01:43.508,1.72147,1.72175,1.00,1.00
2016.08.04 15:01:43.711,1.72142,1.72174,1.00,1.12
2016.08.04 15:01:43.761,1.72142,1.72175,1.00,1.50
2016.08.04 15:01:43.812,1.72141,1.72175,2.25,1.50
2016.08.04 15:01:43.863,1.72141,1.72173,1.00,1.00
2016.08.04 15:01:43.913,1.7214,1.72171,1.00,1.50
2016.08.04 15:01:43.964,1.72136,1.72163,1.75,1.00
2016.08.04 15:01:44.015,1.72131,1.72163,1.75,1.00
2016.08.04 15:01:44.065,1.72131,1.72167,1.75,1.00
2016.08.04 15:01:44.215,1.72133,1.72167,1.00,1.75
2016.08.04 15:01:44.499,1.72137,1.72167,1.00,1.75
2016.08.04 15:01:44.650,1.72137,1.72167,1.50,1.75
2016.08.04 15:01:44.701,1.72137,1.72167,1.50,1.00
2016.08.04 15:01:44.752,1.7214,1.72169,1.00,1.00
2016.08.04 15:01:45.055,1.72142,1.72169,1.00,1.00
2016.08.04 15:01:45.345,1.72142,1.72169,2.25,1.00
2016.08.04 15:01:45.396,1.72142,1.72175,2.25,1.00
2016.08.04 15:01:45.447,1.72142,1.72175,1.00,1.50
2016.08.04 15:01:45.650,1.72143,1.72174,1.00,1.00
2016.08.04 15:01:45.751,1.72147,1.72175,1.00,1.00
2016.08.04 15:01:45.802,1.72147,1.72181,1.50,1.75
2016.08.04 15:01:45.852,1.72147,1.72178,1.00,1.12
2016.08.04 15:01:45.903,1.72145,1.72178,1.87,1.12
2016.08.04 15:01:46.061,1.72145,1.72178,1.12,1.12
2016.08.04 15:01:46.333,1.72146,1.7218,1.00,1.50
2016.08.04 15:01:46.655,1.72145,1.72178,1.12,1.12
2016.08.04 15:01:46.756,1.7214,1.72174,2.25,1.00
2016.08.04 15:01:46.807,1.7214,1.72174,1.50,1.12
2016.08.04 15:01:46.857,1.7214,1.72176,1.50,1.75
2016.08.04 15:01:47.166,1.72139,1.72176,2.25,1.75
2016.08.04 15:01:47.221,1.72139,1.72171,2.25,1.00
2016.08.04 15:01:47.272,1.7214,1.72171,1.50,1.00
2016.08.04 15:01:47.323,1.72142,1.72171,1.00,1.00
2016.08.04 15:01:47.435,1.7214,1.72172,1.50,1.00
2016.08.04 15:01:47.739,1.7214,1.72174,1.50,1.87
2016.08.04 15:01:48.036,1.72142,1.72173,1.00,1.00
2016.08.04 15:01:48.139,1.7214,1.72173,1.50,1.00
2016.08.04 15:01:48.241,1.7214,1.72174,1.50,1.87
2016.08.04 15:01:48.291,1.72143,1.72174,1.00,1.87
2016.08.04 15:01:48.443,1.72143,1.72177,1.50,1.75
2016.08.04 15:01:50.143,1.72147,1.72178,1.00,1.75
2016.08.04 15:01:50.244,1.72146,1.72179,1.12,1.00
2016.08.04 15:01:50.447,1.72141,1.72171,1.75,1.00
2016.08.04 15:01:50.498,1.72141,1.72171,1.37,1.37
2016.08.04 15:01:50.548,1.72136,1.72171,3.37,1.37
2016.08.04 15:01:50.649,1.72136,1.72171,1.87,1.37
2016.08.04 15:01:50.750,1.72137,1.72167,1.12,1.00
2016.08.04 15:01:50.861,1.72136,1.72167,1.37,1.00
2016.08.04 15:01:51.165,1.72136,1.72165,1.37,1.50
2016.08.04 15:01:51.216,1.72132,1.72165,1.87,1.50
2016.08.04 15:01:51.367,1.72132,1.72164,1.37,1.00
2016.08.04 15:01:51.418,1.72131,1.72164,3.00,1.00
2016.08.04 15:01:51.546,1.72132,1.72165,1.37,1.50
2016.08.04 15:01:51.669,1.72132,1.72164,1.37,1.00
2016.08.04 15:01:51.811,1.72132,1.72164,1.87,1.00
2016.08.04 15:01:51.967,1.72132,1.72164,1.37,1.00
2016.08.04 15:01:52.220,1.72127,1.72157,1.00,1.00
2016.08.04 15:01:52.271,1.72127,1.7215,1.00,1.00
2016.08.04 15:01:52.322,1.7212,1.7215,1.87,1.00
2016.08.04 15:01:52.372,1.72119,1.72153,1.50,1.87
2016.08.04 15:01:52.474,1.72119,1.72151,1.00,1.00
2016.08.04 15:01:52.525,1.72117,1.72151,1.00,1.37
2016.08.04 15:01:52.575,1.72115,1.7215,1.37,1.12
2016.08.04 15:01:52.677,1.72115,1.72149,1.37,1.00
2016.08.04 15:01:52.840,1.72114,1.72148,1.50,1.50
2016.08.04 15:01:52.891,1.72114,1.72144,1.50,1.00
2016.08.04 15:01:52.942,1.72112,1.72144,1.75,1.00
2016.08.04 15:01:53.100,1.72113,1.72147,1.75,1.00
2016.08.04 15:01:53.252,1.72122,1.72147,1.00,1.00
2016.08.04 15:01:53.354,1.72122,1.72152,1.00,1.50
2016.08.04 15:01:53.405,1.72124,1.72152,1.00,1.00
2016.08.04 15:01:53.455,1.72124,1.72149,1.00,1.00
2016.08.04 15:01:53.506,1.72122,1.72149,1.00,1.00
2016.08.04 15:01:53.643,1.72126,1.72152,1.00,1.00
2016.08.04 15:01:53.694,1.72126,1.72155,1.00,1.12
2016.08.04 15:01:53.745,1.72126,1.72156,1.00,1.37
2016.08.04 15:01:53.953,1.72126,1.72151,1.00,1.00
2016.08.04 15:01:54.460,1.72126,1.72153,1.00,1.00
2016.08.04 15:01:55.104,1.72127,1.72152,1.00,1.00
2016.08.04 15:01:55.155,1.72127,1.72154,1.00,1.00
2016.08.04 15:01:55.683,1.72126,1.72153,1.00,1.00
2016.08.04 15:01:56.248,1.72126,1.7215,1.00,1.00
2016.08.04 15:01:56.350,1.72121,1.7215,1.00,1.75
2016.08.04 15:01:56.552,1.72126,1.72153,1.00,1.00
2016.08.04 15:01:56.699,1.72126,1.72153,1.00,1.50
2016.08.04 15:01:56.750,1.72119,1.72154,1.00,1.75
2016.08.04 15:01:56.801,1.72117,1.72153,1.87,1.75
2016.08.04 15:01:56.851,1.72118,1.72153,1.00,1.75
2016.08.04 15:01:57.222,1.72126,1.72153,1.00,1.75
2016.08.04 15:01:57.324,1.72126,1.72158,1.00,1.50
2016.08.04 15:01:57.425,1.72127,1.72158,1.00,1.00
2016.08.04 15:01:58.183,1.72127,1.72158,1.00,1.50
2016.08.04 15:01:58.385,1.72125,1.72157,1.00,1.00
2016.08.04 15:01:58.651,1.72125,1.72158,1.00,1.50
2016.08.04 15:01:59.069,1.72123,1.72156,1.50,1.00
2016.08.04 15:01:59.120,1.72121,1.72154,1.00,1.00
2016.08.04 15:01:59.271,1.72119,1.72154,1.00,1.00
2016.08.04 15:01:59.373,1.72121,1.72154,1.00,1.00
2016.08.04 15:01:59.626,1.72127,1.72154,1.00,1.00
2016.08.04 15:02:00.169,1.72128,1.72154,1.00,1.00
2016.08.04 15:02:00.220,1.72128,1.72156,1.00,1.50
2016.08.04 15:02:00.272,1.72128,1.72156,1.00,1.00
2016.08.04 15:02:00.322,1.72128,1.72159,1.00,1.50
2016.08.04 15:02:00.475,1.72128,1.72159,1.00,1.50
2016.08.04 15:02:00.885,1.72127,1.72158,1.00,1.12
2016.08.04 15:02:01.088,1.72127,1.72159,1.00,2.25
2016.08.04 15:02:01.139,1.72127,1.72159,1.00,1.50
2016.08.04 15:02:01.341,1.72127,1.72159,1.12,1.00
2016.08.04 15:02:01.442,1.72127,1.72161,1.12,1.12
2016.08.04 15:02:01.644,1.72127,1.72156,1.00,1.00
2016.08.04 15:02:01.790,1.72127,1.72151,1.00,1.00
2016.08.04 15:02:01.942,1.72122,1.72151,1.00,1.00
2016.08.04 15:02:02.332,1.72116,1.72151,1.50,1.00
2016.08.04 15:02:02.383,1.72116,1.72151,1.50,1.00
2016.08.04 15:02:02.434,1.72116,1.72151,1.00,1.50
2016.08.04 15:02:02.535,1.72116,1.72149,1.00,1.00
2016.08.04 15:02:03.233,1.72116,1.72144,1.00,1.00
2016.08.04 15:02:03.334,1.72112,1.72143,1.00,1.00
2016.08.04 15:02:03.435,1.72112,1.72143,1.00,1.75
2016.08.04 15:02:03.486,1.7211,1.72143,1.00,1.75
2016.08.04 15:02:03.537,1.72107,1.72138,1.12,1.00
2016.08.04 15:02:03.588,1.72106,1.72138,2.62,1.00
2016.08.04 15:02:03.639,1.72107,1.72136,1.87,1.00
2016.08.04 15:02:03.983,1.72107,1.72137,1.12,1.00
2016.08.04 15:02:04.084,1.72107,1.72137,1.87,1.00
2016.08.04 15:02:04.135,1.72107,1.72136,1.12,1.00
2016.08.04 15:02:04.236,1.72107,1.72136,1.00,1.12
2016.08.04 15:02:04.287,1.72103,1.72136,1.00,1.12
2016.08.04 15:02:04.337,1.72103,1.72135,1.00,1.00
2016.08.04 15:02:04.439,1.72097,1.7213,1.00,1.50
2016.08.04 15:02:04.489,1.72096,1.7213,1.50,1.50
2016.08.04 15:02:04.540,1.72095,1.72128,1.50,1.00
2016.08.04 15:02:04.642,1.72097,1.72129,1.00,1.00
2016.08.04 15:02:04.852,1.72097,1.72125,1.00,1.00
2016.08.04 15:02:04.960,1.72095,1.72125,1.00,1.00
2016.08.04 15:02:05.115,1.72095,1.72123,1.00,1.00
2016.08.04 15:02:05.217,1.72095,1.72126,1.00,1.00
2016.08.04 15:02:05.487,1.72095,1.72126,1.00,1.00
2016.08.04 15:02:05.588,1.72095,1.72128,1.00,1.00
2016.08.04 15:02:06.045,1.72102,1.72126,1.00,1.00
2016.08.04 15:02:06.146,1.72102,1.7213,1.00,1.50
2016.08.04 15:02:06.248,1.72102,1.72133,1.50,1.00
2016.08.04 15:02:06.349,1.72107,1.72139,1.00,2.25
2016.08.04 15:02:06.546,1.72107,1.72135,1.00,1.00
2016.08.04 15:02:06.597,1.72101,1.72135,4.50,1.00
2016.08.04 15:02:06.647,1.72101,1.72135,3.00,1.75
2016.08.04 15:02:06.698,1.72101,1.72135,3.00,1.75
2016.08.04 15:02:06.749,1.72101,1.72134,1.87,1.75
2016.08.04 15:02:06.800,1.72101,1.72134,1.50,1.75
2016.08.04 15:02:06.850,1.72101,1.72132,1.00,1.12
2016.08.04 15:02:07.053,1.72101,1.72127,1.00,1.12
2016.08.04 15:02:07.357,1.72097,1.72124,1.00,1.00
2016.08.04 15:02:07.579,1.72096,1.72124,1.00,1.00
2016.08.04 15:02:07.801,1.72096,1.72124,1.00,1.00
2016.08.04 15:02:07.852,1.72092,1.72122,1.12,1.00
2016.08.04 15:02:07.953,1.72091,1.72122,2.25,1.00
2016.08.04 15:02:08.003,1.72091,1.72122,2.25,1.00
2016.08.04 15:02:08.054,1.72089,1.72117,1.87,1.00
2016.08.04 15:02:08.227,1.72089,1.72119,1.87,1.12
2016.08.04 15:02:08.278,1.72089,1.72119,1.12,1.00
2016.08.04 15:02:08.520,1.72089,1.72122,1.12,1.00
2016.08.04 15:02:08.951,1.72087,1.72122,1.75,1.00
2016.08.04 15:02:09.052,1.72087,1.72122,1.00,1.75
2016.08.04 15:02:09.277,1.72085,1.7212,1.87,1.50
2016.08.04 15:02:09.440,1.72085,1.7212,1.12,1.50
2016.08.04 15:02:09.642,1.72083,1.72119,2.25,1.37
2016.08.04 15:02:09.848,1.72083,1.72117,2.25,1.00
2016.08.04 15:02:09.899,1.72083,1.72117,1.50,1.00
2016.08.04 15:02:09.950,1.72082,1.72113,1.00,1.00
2016.08.04 15:02:10.202,1.72082,1.72116,1.00,1.87
2016.08.04 15:02:10.354,1.72082,1.72116,1.00,1.37
2016.08.04 15:02:10.405,1.72084,1.72116,1.00,1.37
2016.08.04 15:02:10.557,1.72093,1.72121,1.00,1.00
2016.08.04 15:02:10.658,1.72092,1.72125,1.00,1.00
2016.08.04 15:02:10.708,1.72092,1.72125,1.00,1.00
2016.08.04 15:02:10.961,1.72095,1.72128,1.75,1.00
2016.08.04 15:02:11.012,1.72094,1.72128,3.00,1.00
2016.08.04 15:02:11.167,1.72094,1.72128,1.75,1.00
2016.08.04 15:02:11.268,1.72093,1.72127,1.00,1.50
2016.08.04 15:02:12.109,1.72093,1.72127,1.00,1.50
2016.08.04 15:02:12.405,1.72093,1.72127,1.00,1.50
2016.08.04 15:02:12.456,1.72093,1.72125,1.00,1.00
2016.08.04 15:02:12.506,1.72093,1.72125,1.00,1.00
2016.08.04 15:02:12.557,1.72093,1.72123,1.00,1.00
2016.08.04 15:02:12.607,1.72093,1.72123,1.00,1.00
2016.08.04 15:02:12.658,1.72087,1.72115,1.87,1.00
2016.08.04 15:02:12.709,1.72087,1.72115,1.37,1.00
2016.08.04 15:02:12.759,1.72084,1.72115,1.37,1.37
2016.08.04 15:02:12.810,1.72084,1.72115,1.37,1.37
2016.08.04 15:02:12.861,1.72082,1.72115,1.50,2.25
2016.08.04 15:02:12.912,1.72079,1.72115,1.12,2.25
2016.08.04 15:02:12.962,1.7208,1.72113,1.00,1.37
2016.08.04 15:02:13.064,1.72079,1.7211,1.12,1.00
2016.08.04 15:02:13.165,1.72078,1.7211,1.37,1.00
2016.08.04 15:02:13.320,1.72077,1.7211,1.50,1.00
2016.08.04 15:02:14.391,1.72086,1.72114,1.00,1.50
2016.08.04 15:02:14.442,1.72086,1.72114,1.00,1.00
2016.08.04 15:02:14.493,1.72088,1.72114,1.00,1.00
2016.08.04 15:02:14.695,1.72088,1.72119,1.00,1.00
2016.08.04 15:02:14.900,1.72088,1.72116,1.00,1.00
2016.08.04 15:02:15.001,1.7208,1.72117,1.37,2.62
2016.08.04 15:02:15.052,1.72077,1.72113,3.75,1.00
2016.08.04 15:02:15.103,1.72082,1.72111,1.00,1.00
2016.08.04 15:02:15.380,1.7209,1.72114,1.00,1.00
2016.08.04 15:02:15.431,1.72088,1.72114,1.50,1.00
2016.08.04 15:02:15.532,1.72088,1.72109,1.00,1.00
2016.08.04 15:02:15.633,1.72084,1.72106,1.37,1.00
2016.08.04 15:02:15.684,1.72084,1.72107,1.00,1.00
2016.08.04 15:02:15.734,1.72079,1.72107,1.00,1.00
2016.08.04 15:02:15.785,1.72079,1.72107,1.00,1.12
2016.08.04 15:02:15.836,1.72076,1.72107,1.00,1.12
2016.08.04 15:02:15.886,1.72076,1.72107,1.50,1.00
2016.08.04 15:02:15.937,1.72075,1.72107,1.75,1.00
2016.08.04 15:02:15.988,1.72074,1.72104,1.75,1.00
2016.08.04 15:02:16.089,1.72074,1.72104,1.00,1.00
2016.08.04 15:02:16.241,1.72073,1.72104,1.50,1.00
2016.08.04 15:02:16.292,1.72077,1.72107,1.00,1.00
2016.08.04 15:02:16.342,1.72077,1.72107,1.00,1.00
2016.08.04 15:02:16.444,1.72077,1.72107,1.00,1.50
2016.08.04 15:02:16.704,1.72074,1.72104,1.00,1.50
2016.08.04 15:02:16.754,1.72071,1.721,1.37,1.00
2016.08.04 15:02:16.805,1.72067,1.721,1.75,1.50
2016.08.04 15:02:17.058,1.72072,1.721,1.00,1.50
2016.08.04 15:02:17.108,1.72071,1.72102,1.00,1.00
2016.08.04 15:02:17.221,1.72071,1.72102,1.00,1.00
2016.08.04 15:02:17.272,1.72067,1.721,1.75,1.00
2016.08.04 15:02:17.323,1.72067,1.721,1.75,1.50
2016.08.04 15:02:17.374,1.72067,1.72099,1.50,1.00
2016.08.04 15:02:17.424,1.72067,1.72099,1.50,1.00
2016.08.04 15:02:17.475,1.72071,1.72099,1.00,1.00
2016.08.04 15:02:17.627,1.72071,1.72099,1.00,1.00
2016.08.04 15:02:17.982,1.72071,1.72099,1.00,1.50
2016.08.04 15:02:18.148,1.72072,1.72098,1.00,1.00
2016.08.04 15:02:18.503,1.72067,1.72097,1.00,1.00
2016.08.04 15:02:18.654,1.72067,1.72094,1.00,1.00
2016.08.04 15:02:18.705,1.72067,1.72094,1.00,1.00
2016.08.04 15:02:18.806,1.72067,1.72094,1.00,1.00
2016.08.04 15:02:18.858,1.72061,1.72091,1.37,1.00
2016.08.04 15:02:18.908,1.72061,1.72091,1.00,1.50
2016.08.04 15:02:19.010,1.72061,1.72091,1.00,1.00
2016.08.04 15:02:19.131,1.72058,1.72091,1.37,1.00
2016.08.04 15:02:19.181,1.72056,1.72091,2.25,1.00
2016.08.04 15:02:19.232,1.72056,1.72083,1.75,1.00
2016.08.04 15:02:19.283,1.72052,1.72083,1.75,1.50
2016.08.04 15:02:19.334,1.72051,1.72078,1.75,1.00
2016.08.04 15:02:19.385,1.72051,1.72078,1.00,1.00
2016.08.04 15:02:19.436,1.72044,1.72078,2.25,1.00
2016.08.04 15:02:19.537,1.72045,1.72076,1.75,1.00
2016.08.04 15:02:19.587,1.72045,1.72076,1.00,1.75
2016.08.04 15:02:19.638,1.72042,1.72075,1.00,1.50
2016.08.04 15:02:19.739,1.72052,1.72079,1.00,1.75
2016.08.04 15:02:19.840,1.72053,1.72082,1.00,1.75
2016.08.04 15:02:19.891,1.72053,1.72082,1.00,1.00
2016.08.04 15:02:20.030,1.72053,1.72086,1.00,2.25
2016.08.04 15:02:20.081,1.72057,1.72086,1.00,1.50
2016.08.04 15:02:20.132,1.72057,1.72086,1.50,1.50
2016.08.04 15:02:20.183,1.72057,1.72086,2.25,1.50
2016.08.04 15:02:20.238,1.72057,1.72089,1.00,1.12
2016.08.04 15:02:20.340,1.72056,1.72085,1.00,1.00
2016.08.04 15:02:20.441,1.72056,1.72085,1.00,1.00
2016.08.04 15:02:20.643,1.72052,1.72079,1.50,1.00
2016.08.04 15:02:20.694,1.72052,1.72079,1.00,1.75
2016.08.04 15:02:20.745,1.72047,1.72079,1.00,1.75
2016.08.04 15:02:20.903,1.72047,1.72081,1.50,1.12
2016.08.04 15:02:20.954,1.72048,1.72081,1.12,1.12
2016.08.04 15:02:21.055,1.72046,1.72081,1.75,1.12
2016.08.04 15:02:21.156,1.72045,1.72081,2.25,1.87
2016.08.04 15:02:21.257,1.72044,1.72079,1.75,1.00
2016.08.04 15:02:21.359,1.72043,1.72078,1.75,1.00
2016.08.04 15:02:21.410,1.72043,1.72077,1.00,1.00
2016.08.04 15:02:21.460,1.72041,1.72077,2.25,1.50
2016.08.04 15:02:21.562,1.72041,1.72077,1.50,1.50
2016.08.04 15:02:21.613,1.72049,1.72077,1.00,1.50
2016.08.04 15:02:21.725,1.72051,1.72077,1.50,1.00
2016.08.04 15:02:21.777,1.72053,1.72082,1.00,1.50
2016.08.04 15:02:21.828,1.72053,1.72082,1.00,1.00
2016.08.04 15:02:21.929,1.72053,1.72082,1.00,1.00
2016.08.04 15:02:21.980,1.72055,1.72084,1.00,1.00
2016.08.04 15:02:22.031,1.72057,1.72085,1.00,1.12
2016.08.04 15:02:22.082,1.72057,1.72089,1.37,1.00
2016.08.04 15:02:22.134,1.72057,1.72091,1.37,1.12
2016.08.04 15:02:22.184,1.72057,1.72094,1.37,1.75
2016.08.04 15:02:22.235,1.72057,1.72094,1.37,1.87
2016.08.04 15:02:22.286,1.72058,1.72093,1.75,1.00
2016.08.04 15:02:22.337,1.72058,1.72092,1.75,1.00
2016.08.04 15:02:22.439,1.72058,1.72092,1.75,1.00
2016.08.04 15:02:22.665,1.7206,1.72091,1.50,1.00
2016.08.04 15:02:22.716,1.72062,1.72091,1.00,1.00
2016.08.04 15:02:22.767,1.72062,1.72094,1.00,1.00
2016.08.04 15:02:22.818,1.7206,1.72094,1.75,1.00
2016.08.04 15:02:22.868,1.72064,1.72095,1.75,1.00
2016.08.04 15:02:22.920,1.72064,1.72095,1.75,1.00
2016.08.04 15:02:23.021,1.72064,1.72096,1.75,1.00
2016.08.04 15:02:23.438,1.72064,1.72096,1.75,1.00
2016.08.04 15:02:23.489,1.72064,1.72096,2.25,1.00
2016.08.04 15:02:23.633,1.72067,1.72101,1.75,1.75
2016.08.04 15:02:23.738,1.72067,1.721,1.75,2.25
2016.08.04 15:02:23.789,1.72065,1.72093,1.75,1.00
2016.08.04 15:02:23.840,1.72072,1.72093,1.00,1.00
2016.08.04 15:02:23.995,1.7208,1.72106,1.00,1.00
2016.08.04 15:02:24.046,1.7208,1.72109,1.00,1.00
2016.08.04 15:02:24.148,1.72079,1.72107,1.00,1.00
2016.08.04 15:02:24.249,1.72079,1.72106,1.00,1.00
2016.08.04 15:02:24.300,1.72076,1.72106,1.12,1.00
2016.08.04 15:02:24.351,1.72072,1.72106,1.75,1.00
2016.08.04 15:02:24.500,1.72072,1.72106,1.00,1.00
2016.08.04 15:02:24.551,1.72072,1.72106,1.00,1.50
2016.08.04 15:02:24.652,1.72072,1.72106,1.00,1.00
2016.08.04 15:02:24.753,1.72072,1.72106,1.00,1.50
2016.08.04 15:02:24.854,1.72071,1.721,1.00,1.00
2016.08.04 15:02:24.905,1.72074,1.721,1.00,1.00
2016.08.04 15:02:25.057,1.72074,1.72105,1.50,1.00
2016.08.04 15:02:25.158,1.72076,1.72105,1.00,1.00
2016.08.04 15:02:25.282,1.72078,1.72111,1.00,1.00
2016.08.04 15:02:25.333,1.72081,1.72115,1.00,1.00
2016.08.04 15:02:25.384,1.72087,1.72116,2.25,1.00
2016.08.04 15:02:25.435,1.72087,1.72118,2.25,1.00
2016.08.04 15:02:25.486,1.72087,1.72118,1.75,1.00
2016.08.04 15:02:25.691,1.72087,1.72117,2.25,1.00
2016.08.04 15:02:25.894,1.72087,1.72117,1.75,1.00
2016.08.04 15:02:25.996,1.72087,1.72117,2.25,1.00
2016.08.04 15:02:26.569,1.72088,1.72117,1.50,1.00
2016.08.04 15:02:26.889,1.72088,1.72118,1.75,1.00
2016.08.04 15:02:27.369,1.72088,1.72114,1.75,1.00
2016.08.04 15:02:28.292,1.72088,1.72114,1.00,1.00
2016.08.04 15:02:29.469,1.72087,1.72114,1.00,1.00
2016.08.04 15:02:29.672,1.72087,1.72116,1.00,1.00
2016.08.04 15:02:29.874,1.72101,1.72121,1.00,1.00
2016.08.04 15:02:29.925,1.72101,1.72124,1.00,1.00
2016.08.04 15:02:30.077,1.72096,1.72124,1.75,1.00
2016.08.04 15:02:30.178,1.72096,1.72124,2.25,1.00
2016.08.04 15:02:30.229,1.72096,1.72126,1.50,1.00
2016.08.04 15:02:30.280,1.72098,1.72129,1.00,1.12
2016.08.04 15:02:30.331,1.72098,1.72129,1.00,1.12
2016.08.04 15:02:30.381,1.72102,1.72135,1.00,2.25
2016.08.04 15:02:30.432,1.72102,1.72135,1.00,1.00
2016.08.04 15:02:30.483,1.72102,1.72136,1.00,1.00
2016.08.04 15:02:30.584,1.72104,1.72136,1.00,1.00
2016.08.04 15:02:30.635,1.72104,1.72136,1.00,1.50
2016.08.04 15:02:30.752,1.72102,1.72136,2.25,1.00
2016.08.04 15:02:30.806,1.721,1.72137,1.00,1.00
2016.08.04 15:02:30.856,1.721,1.72135,1.00,1.00
2016.08.04 15:02:30.907,1.72103,1.72135,1.75,1.00
2016.08.04 15:02:30.958,1.72103,1.72135,1.75,1.50
2016.08.04 15:02:31.009,1.72103,1.72135,1.00,1.50
2016.08.04 15:02:31.111,1.72101,1.72135,1.00,2.25
2016.08.04 15:02:31.162,1.72101,1.72135,1.00,1.50
2016.08.04 15:02:31.264,1.72099,1.72135,1.87,1.50
2016.08.04 15:02:31.528,1.72101,1.72135,1.00,1.50
2016.08.04 15:02:31.579,1.72113,1.72137,1.00,1.37
2016.08.04 15:02:31.630,1.72113,1.7214,1.00,1.50
2016.08.04 15:02:31.681,1.72113,1.72142,1.00,1.50
2016.08.04 15:02:31.782,1.72113,1.72137,1.00,1.00
2016.08.04 15:02:31.884,1.72111,1.72137,1.00,1.00
2016.08.04 15:02:32.438,1.72112,1.72137,1.00,1.00
2016.08.04 15:02:32.545,1.72111,1.72137,1.00,1.00
2016.08.04 15:02:32.646,1.72111,1.72137,1.50,1.00
2016.08.04 15:02:32.697,1.72111,1.72143,1.00,1.00
2016.08.04 15:02:32.900,1.72113,1.72142,1.00,1.00
2016.08.04 15:02:32.951,1.72113,1.72139,1.12,1.00
2016.08.04 15:02:33.002,1.72111,1.72139,1.37,1.00
2016.08.04 15:02:33.053,1.72111,1.72141,1.00,1.00
2016.08.04 15:02:33.356,1.72111,1.72141,1.00,1.00
2016.08.04 15:02:33.558,1.72111,1.72141,1.00,1.00
2016.08.04 15:02:34.168,1.7211,1.72141,1.00,1.00
2016.08.04 15:02:34.680,1.72111,1.72141,1.00,1.00
2016.08.04 15:02:34.782,1.72111,1.72143,1.00,1.00
2016.08.04 15:02:34.883,1.72112,1.72145,1.00,1.12
2016.08.04 15:02:34.985,1.72112,1.72147,1.00,1.75
2016.08.04 15:02:35.086,1.72112,1.72145,1.00,1.12
2016.08.04 15:02:35.238,1.72112,1.72145,1.00,1.00
2016.08.04 15:02:35.289,1.72112,1.72145,1.00,1.00
2016.08.04 15:02:35.474,1.72109,1.72145,1.12,1.00
2016.08.04 15:02:36.174,1.72109,1.72145,1.87,1.50
2016.08.04 15:02:36.275,1.72109,1.72144,1.12,1.00
2016.08.04 15:02:36.328,1.72109,1.72144,1.00,1.00
2016.08.04 15:02:36.592,1.72107,1.72145,1.00,1.50
2016.08.04 15:02:37.777,1.7211,1.72145,1.00,1.00
2016.08.04 15:02:38.582,1.7211,1.72145,1.00,1.50
2016.08.04 15:02:39.176,1.7211,1.72145,1.00,1.00
2016.08.04 15:02:40.955,1.72118,1.72148,1.00,1.12
2016.08.04 15:02:41.006,1.72118,1.72147,1.00,1.00
2016.08.04 15:02:41.108,1.72118,1.7215,1.00,1.00
2016.08.04 15:02:41.209,1.72118,1.72154,1.00,2.25
2016.08.04 15:02:41.310,1.72118,1.72153,1.00,1.75
2016.08.04 15:02:41.544,1.72118,1.72153,1.00,2.25
2016.08.04 15:02:41.595,1.72117,1.72153,1.00,1.75
2016.08.04 15:02:41.985,1.72121,1.72153,1.00,1.75
2016.08.04 15:02:42.036,1.72121,1.72156,1.00,1.75
2016.08.04 15:02:42.087,1.72125,1.72156,1.00,1.75
2016.08.04 15:02:42.137,1.72125,1.72157,1.00,1.12
2016.08.04 15:02:42.188,1.72126,1.72162,1.00,1.75
2016.08.04 15:02:42.239,1.72126,1.72163,1.00,2.25
2016.08.04 15:02:42.290,1.72126,1.72163,1.00,1.75
2016.08.04 15:02:42.442,1.72128,1.72166,1.00,1.87
2016.08.04 15:02:42.492,1.72137,1.72166,1.00,1.87
2016.08.04 15:02:42.543,1.72137,1.72166,1.00,1.12
2016.08.04 15:02:42.594,1.72137,1.72169,1.00,1.50
2016.08.04 15:02:42.645,1.72137,1.7217,1.00,1.12
2016.08.04 15:02:42.696,1.72132,1.7217,2.25,1.00
2016.08.04 15:02:42.746,1.72132,1.72161,1.12,1.00
2016.08.04 15:02:42.797,1.72128,1.72161,1.50,1.00
2016.08.04 15:02:42.848,1.72128,1.72163,1.00,1.75
2016.08.04 15:02:42.899,1.72129,1.72164,1.00,3.00
2016.08.04 15:02:42.950,1.72129,1.72164,1.50,3.00
2016.08.04 15:02:43.001,1.7213,1.72164,1.00,3.00
2016.08.04 15:02:43.052,1.7213,1.72163,1.00,1.75
2016.08.04 15:02:43.185,1.72129,1.72163,1.50,1.75
2016.08.04 15:02:43.289,1.7213,1.72163,1.00,1.75
2016.08.04 15:02:43.492,1.7213,1.72163,1.00,1.75
2016.08.04 15:02:43.593,1.72127,1.72162,1.00,1.75
2016.08.04 15:02:43.644,1.72127,1.72159,1.00,1.75
2016.08.04 15:02:43.695,1.72125,1.72159,1.00,1.75
2016.08.04 15:02:43.797,1.72124,1.72159,1.00,1.75
2016.08.04 15:02:43.898,1.72122,1.72159,1.50,1.75
2016.08.04 15:02:44.035,1.72122,1.72153,1.50,1.00
2016.08.04 15:02:44.087,1.72125,1.72153,1.00,1.00
2016.08.04 15:02:44.138,1.72125,1.7216,1.00,1.75
2016.08.04 15:02:44.189,1.72121,1.72159,1.00,2.25
2016.08.04 15:02:44.240,1.72121,1.7215,1.00,1.00
2016.08.04 15:02:44.291,1.72121,1.7215,1.00,1.00
2016.08.04 15:02:44.342,1.72118,1.72157,1.12,1.50
2016.08.04 15:02:44.393,1.72116,1.72157,1.12,2.25
2016.08.04 15:02:44.444,1.72119,1.72157,1.00,1.50
2016.08.04 15:02:44.496,1.72116,1.72156,1.12,1.12
2016.08.04 15:02:44.547,1.72115,1.72156,1.37,1.75
2016.08.04 15:02:44.598,1.72115,1.72152,1.00,1.12
2016.08.04 15:02:44.649,1.72113,1.72151,1.00,1.75
2016.08.04 15:02:44.700,1.72113,1.72151,1.50,1.75
2016.08.04 15:02:44.751,1.72114,1.72152,1.00,1.00
2016.08.04 15:02:44.855,1.72117,1.72152,1.75,1.00
2016.08.04 15:02:44.906,1.72117,1.72158,1.75,1.12
2016.08.04 15:02:45.311,1.72117,1.72158,2.25,1.12
2016.08.04 15:02:45.362,1.72117,1.72157,1.50,1.50
2016.08.04 15:02:45.514,1.72117,1.72156,1.50,1.12
2016.08.04 15:02:45.564,1.72118,1.72156,1.00,1.12
2016.08.04 15:02:45.616,1.72118,1.72159,1.00,1.75
2016.08.04 15:02:45.824,1.72118,1.72159,1.00,1.75
2016.08.04 15:02:45.875,1.72117,1.7216,1.50,3.00
2016.08.04 15:02:46.099,1.72118,1.7216,1.00,3.00
2016.08.04 15:02:46.150,1.72119,1.7216,1.00,2.25
2016.08.04 15:02:46.200,1.7212,1.72161,1.00,1.75
2016.08.04 15:02:46.453,1.7212,1.72159,1.00,1.75
2016.08.04 15:02:46.608,1.7212,1.72159,1.00,2.25
2016.08.04 15:02:46.909,1.7212,1.72159,1.50,1.75
2016.08.04 15:02:47.353,1.7212,1.72159,1.00,1.75
2016.08.04 15:02:47.404,1.72117,1.72151,1.00,1.00
2016.08.04 15:02:47.455,1.72112,1.72149,2.25,1.00
2016.08.04 15:02:47.556,1.72115,1.72149,1.50,1.00
2016.08.04 15:02:47.607,1.72115,1.72149,1.12,1.00
2016.08.04 15:02:47.657,1.72114,1.72149,1.50,1.00
2016.08.04 15:02:47.984,1.72114,1.72154,2.25,1.87
2016.08.04 15:02:48.187,1.72119,1.72154,1.00,1.37
2016.08.04 15:02:48.288,1.7212,1.72154,1.00,1.37
2016.08.04 15:02:48.338,1.7212,1.72157,1.00,1.75
2016.08.04 15:02:49.976,1.7212,1.72157,1.00,2.25
2016.08.04 15:02:50.027,1.7212,1.72155,1.00,1.50
2016.08.04 15:02:50.078,1.72117,1.72155,1.00,1.50
2016.08.04 15:02:50.214,1.72117,1.72152,1.00,1.00
2016.08.04 15:02:50.417,1.72116,1.72152,1.12,1.00
2016.08.04 15:02:50.720,1.72117,1.72152,1.00,1.00
2016.08.04 15:02:50.771,1.72117,1.72152,1.00,1.75
2016.08.04 15:02:51.075,1.72117,1.72154,1.00,1.75
2016.08.04 15:02:51.233,1.72115,1.72154,1.50,1.75
2016.08.04 15:02:51.287,1.72123,1.72155,1.00,1.00
2016.08.04 15:02:51.388,1.72126,1.72156,1.00,1.00
2016.08.04 15:02:51.489,1.72125,1.72159,1.00,1.00
2016.08.04 15:02:52.498,1.72129,1.7216,1.00,1.12
2016.08.04 15:02:52.599,1.72129,1.7216,1.00,1.00
2016.08.04 15:02:52.701,1.7213,1.72164,1.00,1.00
2016.08.04 15:02:52.953,1.7213,1.7216,1.50,1.00
2016.08.04 15:02:53.117,1.72138,1.72171,1.00,1.00
2016.08.04 15:02:53.168,1.72138,1.72173,1.00,2.25
2016.08.04 15:02:53.219,1.72138,1.72173,1.00,1.50
2016.08.04 15:02:53.321,1.72138,1.72173,1.00,2.25
2016.08.04 15:02:53.422,1.72141,1.72173,1.00,2.25
2016.08.04 15:02:53.524,1.72141,1.72173,1.00,2.25
2016.08.04 15:02:53.574,1.72141,1.72173,1.00,1.50
2016.08.04 15:02:54.232,1.72138,1.72173,1.00,2.25
2016.08.04 15:02:54.788,1.72138,1.72173,1.00,1.75
2016.08.04 15:02:54.889,1.72137,1.72173,1.12,1.50
2016.08.04 15:02:55.206,1.72132,1.72173,2.25,1.50
2016.08.04 15:02:55.358,1.72132,1.72163,2.25,1.00
2016.08.04 15:02:55.409,1.72133,1.72163,1.75,1.50
2016.08.04 15:02:55.461,1.72133,1.72158,1.00,1.00
2016.08.04 15:02:55.512,1.72122,1.72158,1.00,1.12
2016.08.04 15:02:55.562,1.72122,1.72155,1.00,1.00
2016.08.04 15:02:55.664,1.72119,1.72155,1.50,2.25
2016.08.04 15:02:55.714,1.72118,1.72152,1.00,1.75
2016.08.04 15:02:55.765,1.72118,1.72148,1.00,1.75
2016.08.04 15:02:55.873,1.72118,1.72154,1.87,2.62
2016.08.04 15:02:55.924,1.72129,1.72154,1.00,2.62
2016.08.04 15:02:55.975,1.7213,1.72157,1.00,1.00
2016.08.04 15:02:56.026,1.7213,1.72161,1.00,1.00
2016.08.04 15:02:56.077,1.7213,1.72166,1.50,1.00
2016.08.04 15:02:56.127,1.72132,1.72164,1.00,1.00
2016.08.04 15:02:56.178,1.72132,1.72162,1.00,1.00
2016.08.04 15:02:56.229,1.72127,1.72162,1.00,1.00
2016.08.04 15:02:56.280,1.72126,1.72158,1.00,1.50
2016.08.04 15:02:56.331,1.72126,1.72158,1.00,1.50
2016.08.04 15:02:56.636,1.72125,1.72158,1.00,1.50
2016.08.04 15:02:56.792,1.7213,1.72168,1.00,3.00
2016.08.04 15:02:56.843,1.7213,1.72168,1.00,2.25
2016.08.04 15:02:56.894,1.72131,1.72168,1.00,2.25
2016.08.04 15:02:57.046,1.72131,1.72168,1.00,1.75
2016.08.04 15:02:57.097,1.72131,1.72168,1.12,1.75
2016.08.04 15:02:57.198,1.72131,1.72168,1.12,1.50
2016.08.04 15:02:57.400,1.72134,1.72168,1.00,1.50
2016.08.04 15:02:57.606,1.72138,1.72169,1.00,1.75
2016.08.04 15:02:57.708,1.72137,1.72169,1.00,1.75
2016.08.04 15:02:57.910,1.72146,1.72169,1.00,1.37
2016.08.04 15:02:57.961,1.72146,1.72169,1.00,1.00
2016.08.04 15:02:58.011,1.72147,1.72178,1.00,1.75
2016.08.04 15:02:58.062,1.72147,1.72175,1.00,1.00
2016.08.04 15:02:58.541,1.72147,1.72175,1.00,1.00
2016.08.04 15:02:58.592,1.72147,1.72172,1.00,1.00
2016.08.04 15:02:58.643,1.72141,1.72172,1.00,1.50
2016.08.04 15:02:58.694,1.72133,1.7216,1.50,1.00
2016.08.04 15:02:58.795,1.72129,1.72163,1.87,1.50
2016.08.04 15:02:58.846,1.72129,1.72163,1.37,1.50
2016.08.04 15:02:58.897,1.72129,1.72163,1.00,1.50
2016.08.04 15:02:59.218,1.72129,1.72163,1.00,1.00
2016.08.04 15:02:59.320,1.72133,1.72163,1.00,1.00
2016.08.04 15:02:59.370,1.72133,1.72163,1.00,1.12
2016.08.04 15:02:59.482,1.72133,1.72163,1.00,1.50
2016.08.04 15:02:59.684,1.72133,1.72171,1.00,2.25
2016.08.04 15:02:59.735,1.7214,1.72171,1.00,1.75
2016.08.04 15:02:59.786,1.7214,1.72167,1.00,1.00
2016.08.04 15:02:59.837,1.72142,1.72167,1.00,1.00
2016.08.04 15:02:59.888,1.72142,1.72175,1.00,1.00
2016.08.04 15:02:59.939,1.72145,1.72175,1.00,1.00
2016.08.04 15:02:59.990,1.72145,1.72175,1.37,1.00
2016.08.04 15:03:00.040,1.72152,1.72175,1.00,1.00
2016.08.04 15:03:00.091,1.72152,1.72183,1.00,1.75
2016.08.04 15:03:00.142,1.72145,1.72183,1.00,1.75
2016.08.04 15:03:00.192,1.72145,1.7218,1.00,1.50
2016.08.04 15:03:00.398,1.72145,1.7218,1.00,1.75
2016.08.04 15:03:00.500,1.72144,1.7218,1.00,1.75
2016.08.04 15:03:00.905,1.72142,1.7218,1.00,1.75
2016.08.04 15:03:01.208,1.72143,1.7218,1.00,1.75
2016.08.04 15:03:01.309,1.72143,1.72178,1.00,1.75
2016.08.04 15:03:02.007,1.72148,1.7218,1.00,1.75
2016.08.04 15:03:02.108,1.72147,1.7218,1.00,1.75
2016.08.04 15:03:02.209,1.72147,1.7218,1.00,1.37
2016.08.04 15:03:02.311,1.72153,1.72184,1.00,1.75
2016.08.04 15:03:02.413,1.72154,1.72189,1.00,1.87
2016.08.04 15:03:02.464,1.72154,1.72189,1.00,1.75
2016.08.04 15:03:03.153,1.72154,1.72189,1.00,1.75
2016.08.04 15:03:03.710,1.72153,1.72188,1.00,1.75
2016.08.04 15:03:04.748,1.72157,1.72188,1.00,1.75
2016.08.04 15:03:04.799,1.72157,1.72191,1.00,1.00
2016.08.04 15:03:04.850,1.72158,1.72191,1.00,1.00
2016.08.04 15:03:05.034,1.72159,1.72191,1.50,1.00
2016.08.04 15:03:05.138,1.7216,1.72191,1.00,1.00
2016.08.04 15:03:05.242,1.72156,1.72191,1.00,1.00
2016.08.04 15:03:05.293,1.72156,1.72196,1.37,1.75
2016.08.04 15:03:05.344,1.72156,1.7219,1.75,1.00
2016.08.04 15:03:05.395,1.72156,1.7219,1.12,1.37
2016.08.04 15:03:05.446,1.72154,1.72187,2.25,1.00
2016.08.04 15:03:05.497,1.72154,1.72187,1.00,1.75
2016.08.04 15:03:05.750,1.72151,1.72183,1.00,1.00
2016.08.04 15:03:05.801,1.72151,1.72183,1.00,1.75
2016.08.04 15:03:05.953,1.7215,1.72183,1.50,1.75
2016.08.04 15:03:06.340,1.7215,1.72183,1.00,1.75
2016.08.04 15:03:06.391,1.72147,1.72183,1.50,1.75
2016.08.04 15:03:07.281,1.72147,1.72183,1.50,2.25
2016.08.04 15:03:07.484,1.72147,1.72183,1.50,1.75
2016.08.04 15:03:07.942,1.72147,1.72183,1.50,2.25
2016.08.04 15:03:08.518,1.72147,1.72173,1.00,1.00
2016.08.04 15:03:08.620,1.72142,1.72172,1.50,1.00
2016.08.04 15:03:08.671,1.72143,1.72172,1.00,1.00
2016.08.04 15:03:08.722,1.72143,1.72172,1.00,1.75
2016.08.04 15:03:08.974,1.72138,1.72172,1.00,1.75
2016.08.04 15:03:09.431,1.72136,1.72173,1.50,1.75
2016.08.04 15:03:10.619,1.72136,1.72173,1.50,1.75
2016.08.04 15:03:10.669,1.72141,1.72172,1.00,1.75
2016.08.04 15:03:10.720,1.72143,1.72172,1.00,1.00
2016.08.04 15:03:10.771,1.72143,1.72177,1.00,1.75
2016.08.04 15:03:10.821,1.72143,1.72182,1.75,1.75
2016.08.04 15:03:10.872,1.72143,1.72179,1.75,1.12
2016.08.04 15:03:10.923,1.72141,1.72175,1.12,1.00
2016.08.04 15:03:10.973,1.72139,1.7217,2.62,1.00
2016.08.04 15:03:11.024,1.72139,1.7217,1.50,1.75
2016.08.04 15:03:11.075,1.72139,1.72169,1.00,1.75
2016.08.04 15:03:11.236,1.72136,1.72169,1.50,1.75
2016.08.04 15:03:12.420,1.72136,1.72169,1.50,1.75
2016.08.04 15:03:12.521,1.72137,1.7217,2.25,1.00
2016.08.04 15:03:12.572,1.72137,1.72175,2.25,1.75
2016.08.04 15:03:13.258,1.72136,1.72175,1.75,1.75
2016.08.04 15:03:13.314,1.72136,1.72175,1.50,1.75
2016.08.04 15:03:13.415,1.72136,1.72175,1.12,1.75
2016.08.04 15:03:13.722,1.72136,1.72171,1.12,1.50
2016.08.04 15:03:14.035,1.72136,1.72171,1.87,1.50
2016.08.04 15:03:14.238,1.72136,1.72168,1.12,1.00
2016.08.04 15:03:14.440,1.72133,1.72168,1.75,1.00
2016.08.04 15:03:14.542,1.72132,1.72168,2.25,1.00
2016.08.04 15:03:14.802,1.72133,1.72168,1.75,1.00
2016.08.04 15:03:15.029,1.72133,1.72168,1.75,1.50
2016.08.04 15:03:15.130,1.72133,1.7216,1.75,1.00
2016.08.04 15:03:15.231,1.7213,1.7216,1.75,1.00
2016.08.04 15:03:16.344,1.7213,1.72154,1.37,1.00
2016.08.04 15:03:16.395,1.7213,1.72154,1.00,1.00
2016.08.04 15:03:16.445,1.7213,1.72158,1.00,1.00
2016.08.04 15:03:16.497,1.72122,1.72158,2.25,1.00
2016.08.04 15:03:16.548,1.72122,1.72158,2.25,1.00
2016.08.04 15:03:16.598,1.72124,1.72158,1.50,1.00
2016.08.04 15:03:16.649,1.72124,1.72159,1.50,1.00
2016.08.04 15:03:16.953,1.72126,1.72158,1.00,1.00
2016.08.04 15:03:17.004,1.72126,1.72158,1.50,1.00
2016.08.04 15:03:17.156,1.72126,1.72159,1.50,1.00
2016.08.04 15:03:17.208,1.72126,1.72159,1.00,1.00
2016.08.04 15:03:17.259,1.72126,1.72159,1.00,1.50
2016.08.04 15:03:17.360,1.72126,1.72158,1.00,1.00
2016.08.04 15:03:17.996,1.72126,1.72158,1.50,1.00
2016.08.04 15:03:18.046,1.72126,1.72161,2.25,1.00
2016.08.04 15:03:18.299,1.72128,1.72161,1.37,1.00
2016.08.04 15:03:18.350,1.72128,1.7216,1.37,1.00
2016.08.04 15:03:18.401,1.72129,1.7216,1.12,1.00
2016.08.04 15:03:18.451,1.72137,1.72167,1.00,1.37
2016.08.04 15:03:18.583,1.72145,1.72169,1.00,1.37
2016.08.04 15:03:18.634,1.72145,1.7217,1.50,1.00
2016.08.04 15:03:18.686,1.72145,1.7217,1.00,1.00
2016.08.04 15:03:18.736,1.7214,1.72171,1.37,1.37
2016.08.04 15:03:18.787,1.72139,1.72171,1.37,1.37
2016.08.04 15:03:18.838,1.72138,1.72167,1.50,1.00
2016.08.04 15:03:18.939,1.72138,1.72167,1.00,1.00
2016.08.04 15:03:18.990,1.72135,1.72167,1.12,1.00
2016.08.04 15:03:19.091,1.72139,1.72169,1.00,1.00
2016.08.04 15:03:19.248,1.72135,1.72169,1.12,1.00
2016.08.04 15:03:19.299,1.72135,1.7217,1.87,1.12
2016.08.04 15:03:19.412,1.72139,1.7217,1.00,1.12
2016.08.04 15:03:19.463,1.72141,1.72174,1.87,1.37
2016.08.04 15:03:19.514,1.72141,1.72174,2.25,1.00
2016.08.04 15:03:19.665,1.72141,1.72174,1.50,1.00
2016.08.04 15:03:19.766,1.72141,1.72174,2.25,1.00
2016.08.04 15:03:20.302,1.72141,1.72174,1.50,1.00
2016.08.04 15:03:21.069,1.72142,1.72177,1.12,1.12
2016.08.04 15:03:21.290,1.72141,1.72177,2.25,1.12
2016.08.04 15:03:21.504,1.72141,1.72177,1.50,1.12
2016.08.04 15:03:22.749,1.72141,1.72171,1.50,1.00
2016.08.04 15:03:22.850,1.7214,1.72171,1.75,1.00
2016.08.04 15:03:22.952,1.7214,1.72171,1.37,1.87
2016.08.04 15:03:23.054,1.7214,1.72172,1.00,1.75
2016.08.04 15:03:23.105,1.72137,1.72172,1.00,1.75
2016.08.04 15:03:23.360,1.72136,1.72168,1.50,1.37
2016.08.04 15:03:23.504,1.72136,1.72163,1.50,1.00
2016.08.04 15:03:23.556,1.72136,1.72166,1.00,1.12
2016.08.04 15:03:23.608,1.72131,1.72166,2.25,1.12
2016.08.04 15:03:23.660,1.72129,1.72166,1.75,1.12
2016.08.04 15:03:23.741,1.72129,1.72167,1.75,1.37
2016.08.04 15:03:23.792,1.72131,1.72167,1.50,1.37
2016.08.04 15:03:23.843,1.72134,1.72166,1.00,1.12
2016.08.04 15:03:24.661,1.72135,1.72167,1.00,1.37
2016.08.04 15:03:24.863,1.72135,1.72169,1.00,2.25
2016.08.04 15:03:24.914,1.72136,1.72169,1.00,1.75
2016.08.04 15:03:28.069,1.7214,1.72173,1.00,1.75
2016.08.04 15:03:28.119,1.72143,1.72173,1.00,1.75
2016.08.04 15:03:28.170,1.72147,1.72177,1.00,1.00
2016.08.04 15:03:28.273,1.72147,1.72177,1.50,1.00
2016.08.04 15:03:28.374,1.72152,1.72182,1.50,1.12
2016.08.04 15:03:28.425,1.72156,1.72182,1.00,1.12
2016.08.04 15:03:28.546,1.72156,1.72182,1.37,1.12
2016.08.04 15:03:28.597,1.72161,1.72194,1.00,1.50
2016.08.04 15:03:28.800,1.72161,1.72193,1.00,1.00
2016.08.04 15:03:28.850,1.72161,1.72193,1.50,1.00
2016.08.04 15:03:29.164,1.72161,1.72182,1.50,1.00
2016.08.04 15:03:29.215,1.72161,1.72182,1.00,1.00
2016.08.04 15:03:29.266,1.72156,1.72179,1.00,1.00
2016.08.04 15:03:29.367,1.72152,1.72179,1.00,1.00
2016.08.04 15:03:29.469,1.72151,1.72185,1.00,1.00
2016.08.04 15:03:29.520,1.72154,1.72185,1.00,1.00
2016.08.04 15:03:29.571,1.72156,1.72187,1.00,1.00
2016.08.04 15:03:29.672,1.72156,1.72189,1.50,1.00
2016.08.04 15:03:29.773,1.72156,1.72189,1.00,1.00
2016.08.04 15:03:30.277,1.72157,1.72189,1.00,1.00
2016.08.04 15:03:31.080,1.72157,1.72189,1.50,1.00
2016.08.04 15:03:32.096,1.72157,1.72189,1.00,1.50
2016.08.04 15:03:32.197,1.72154,1.72183,1.00,1.00
2016.08.04 15:03:32.248,1.72148,1.72183,1.37,1.37
2016.08.04 15:03:32.299,1.72148,1.72181,1.00,1.00
2016.08.04 15:03:32.450,1.72148,1.72183,1.00,1.75
2016.08.04 15:03:34.266,1.72148,1.72183,1.00,1.75
2016.08.04 15:03:34.317,1.72158,1.72183,1.00,1.75
2016.08.04 15:03:34.368,1.72164,1.72183,1.00,1.75
2016.08.04 15:03:34.419,1.72164,1.7219,1.00,2.47
2016.08.04 15:03:34.470,1.72169,1.72193,1.75,1.50
2016.08.04 15:03:34.520,1.72173,1.72199,1.37,1.00
2016.08.04 15:03:34.571,1.72173,1.72199,1.37,1.00
2016.08.04 15:03:34.621,1.72176,1.72207,1.00,1.37
2016.08.04 15:03:34.800,1.72175,1.72209,1.00,1.12
2016.08.04 15:03:34.853,1.72175,1.7221,1.37,1.37
2016.08.04 15:03:34.905,1.72176,1.72212,1.75,1.50
2016.08.04 15:03:35.695,1.72176,1.7221,1.75,1.00
2016.08.04 15:03:36.184,1.72176,1.72212,1.75,1.50
2016.08.04 15:03:37.487,1.72176,1.72212,2.25,1.50
2016.08.04 15:03:37.708,1.72176,1.72212,1.75,1.50
2016.08.04 15:03:39.202,1.72176,1.72212,2.25,1.50
2016.08.04 15:03:39.702,1.72176,1.72212,1.75,1.50
2016.08.04 15:03:39.854,1.72174,1.72212,2.25,1.50
2016.08.04 15:03:39.904,1.72174,1.72212,1.75,1.50
2016.08.04 15:03:40.106,1.72174,1.72212,1.75,1.50
2016.08.04 15:03:40.473,1.72173,1.72213,3.75,1.75
2016.08.04 15:03:40.524,1.72179,1.72214,1.00,1.12
2016.08.04 15:03:40.575,1.7218,1.72217,1.75,1.00
2016.08.04 15:03:40.626,1.7218,1.72217,1.75,1.50
2016.08.04 15:03:40.676,1.7218,1.72215,1.12,1.50
2016.08.04 15:03:40.727,1.7218,1.72215,1.12,2.25
2016.08.04 15:03:40.778,1.72179,1.72215,1.37,2.25
2016.08.04 15:03:40.828,1.72177,1.72215,1.75,2.25
2016.08.04 15:03:41.031,1.72177,1.72214,1.75,1.37
2016.08.04 15:03:41.247,1.72176,1.72213,1.75,1.12
2016.08.04 15:03:41.566,1.72182,1.72214,1.00,1.37
2016.08.04 15:03:41.617,1.72182,1.72214,1.00,1.37
2016.08.04 15:03:41.668,1.72183,1.72219,1.37,1.50
2016.08.04 15:03:41.718,1.72187,1.72222,2.25,1.87
2016.08.04 15:03:41.769,1.72187,1.72222,2.25,1.50
2016.08.04 15:03:41.921,1.72187,1.72222,1.50,1.50
2016.08.04 15:03:42.073,1.72187,1.7222,1.50,1.00
2016.08.04 15:03:42.184,1.72187,1.72217,1.00,1.50
2016.08.04 15:03:42.235,1.72181,1.72213,1.50,1.00
2016.08.04 15:03:42.286,1.7218,1.72209,1.00,1.00
2016.08.04 15:03:42.437,1.72177,1.72208,1.00,1.00
2016.08.04 15:03:42.488,1.72174,1.72208,1.00,1.50
2016.08.04 15:03:42.792,1.72173,1.72208,1.50,1.50
2016.08.04 15:03:43.451,1.72173,1.72208,1.00,1.50
2016.08.04 15:03:43.502,1.72173,1.72204,1.00,1.00
2016.08.04 15:03:43.806,1.72169,1.72199,1.00,1.12
2016.08.04 15:03:43.907,1.72165,1.72197,1.37,1.00
2016.08.04 15:03:44.008,1.72163,1.72196,1.00,1.00
2016.08.04 15:03:44.364,1.72161,1.72195,1.50,1.50
2016.08.04 15:03:44.415,1.72161,1.72195,1.00,1.50
2016.08.04 15:03:44.875,1.72162,1.72195,1.50,1.50
2016.08.04 15:03:44.926,1.72162,1.72195,1.50,1.00
2016.08.04 15:03:44.976,1.72162,1.72196,1.50,1.50
2016.08.04 15:03:45.077,1.72162,1.72196,1.00,1.50
2016.08.04 15:03:45.179,1.72162,1.72196,1.50,1.00
2016.08.04 15:03:45.844,1.72162,1.72192,1.50,1.00
2016.08.04 15:03:45.895,1.72162,1.72193,1.00,1.50
2016.08.04 15:03:45.946,1.72162,1.72193,1.00,1.50
2016.08.04 15:03:45.996,1.72162,1.72192,1.00,1.12
2016.08.04 15:03:46.098,1.72162,1.72193,1.00,1.50
2016.08.04 15:03:46.199,1.72162,1.72192,1.00,1.12
2016.08.04 15:03:46.250,1.72158,1.72192,1.50,2.25
2016.08.04 15:03:46.300,1.72158,1.7219,1.00,1.75
2016.08.04 15:03:46.401,1.72158,1.7219,1.00,1.00
2016.08.04 15:03:46.452,1.72162,1.7219,1.00,1.00
2016.08.04 15:03:46.604,1.72169,1.72201,1.12,1.50
2016.08.04 15:03:46.728,1.72169,1.72193,1.12,1.00
2016.08.04 15:03:46.779,1.72168,1.72193,1.50,1.00
2016.08.04 15:03:46.830,1.72168,1.72196,1.50,1.00
2016.08.04 15:03:46.880,1.72168,1.72196,1.00,1.50
2016.08.04 15:03:46.931,1.72161,1.72197,1.00,1.75
2016.08.04 15:03:46.981,1.72161,1.72196,1.00,1.37
2016.08.04 15:03:47.032,1.72161,1.72195,1.00,1.12
2016.08.04 15:03:47.588,1.72159,1.72191,1.00,1.00
2016.08.04 15:03:47.638,1.72159,1.72191,1.00,1.50
2016.08.04 15:03:47.689,1.72159,1.72188,1.00,1.00
2016.08.04 15:03:47.790,1.72156,1.72188,1.00,1.00
2016.08.04 15:03:47.995,1.72156,1.72185,1.00,1.00
2016.08.04 15:03:48.306,1.72151,1.72181,2.25,1.00
2016.08.04 15:03:48.408,1.72151,1.72181,1.50,1.00
2016.08.04 15:03:48.509,1.72151,1.72181,1.50,1.00
2016.08.04 15:03:48.559,1.7215,1.72181,1.75,1.00
2016.08.04 15:03:48.610,1.72148,1.72181,1.75,1.00
2016.08.04 15:03:48.661,1.72147,1.72181,1.87,1.00
2016.08.04 15:03:48.812,1.72147,1.72181,1.87,1.00
2016.08.04 15:03:48.913,1.72147,1.72181,1.75,1.00
2016.08.04 15:03:49.213,1.72143,1.72173,2.25,1.00
2016.08.04 15:03:49.314,1.72138,1.72171,1.50,1.00
2016.08.04 15:03:49.365,1.72138,1.72171,1.00,1.00
2016.08.04 15:03:49.415,1.72138,1.72172,1.00,1.12
2016.08.04 15:03:49.517,1.72139,1.72172,1.00,1.00
2016.08.04 15:03:49.618,1.72138,1.72171,1.00,1.12
2016.08.04 15:03:49.720,1.72136,1.72171,1.87,1.12
2016.08.04 15:03:49.872,1.72136,1.72171,1.12,1.12
2016.08.04 15:03:49.923,1.72136,1.72169,1.12,1.00
2016.08.04 15:03:49.974,1.72135,1.72169,1.50,1.00
2016.08.04 15:03:50.024,1.72133,1.72168,1.75,1.00
2016.08.04 15:03:50.125,1.72132,1.72169,2.25,1.00
2016.08.04 15:03:50.227,1.72133,1.72169,1.75,1.00
2016.08.04 15:03:51.098,1.72133,1.72171,1.75,1.12
2016.08.04 15:03:51.552,1.72132,1.72171,3.00,1.12
2016.08.04 15:03:51.603,1.72132,1.72169,2.62,1.37
2016.08.04 15:03:51.654,1.72132,1.72169,1.12,1.37
2016.08.04 15:03:52.596,1.72132,1.72172,1.12,1.75
2016.08.04 15:03:52.981,1.72132,1.72172,1.87,1.75
2016.08.04 15:03:53.083,1.72132,1.72174,1.50,2.25
2016.08.04 15:03:53.187,1.72137,1.72174,1.87,1.37
2016.08.04 15:03:53.238,1.72139,1.72175,1.00,1.00
2016.08.04 15:03:53.500,1.72144,1.72179,1.75,2.25
2016.08.04 15:03:53.550,1.72152,1.72179,1.00,2.25
2016.08.04 15:03:53.601,1.72152,1.72179,1.00,1.00
2016.08.04 15:03:53.652,1.72143,1.72182,1.75,1.12
2016.08.04 15:03:53.704,1.72145,1.72185,1.12,1.75
2016.08.04 15:03:53.755,1.72146,1.72185,1.87,1.75
2016.08.04 15:03:53.805,1.72146,1.72185,1.37,1.75
2016.08.04 15:03:53.957,1.7215,1.72185,1.00,1.75
2016.08.04 15:03:54.008,1.7215,1.72186,1.00,1.75
2016.08.04 15:03:54.432,1.72147,1.72185,1.12,1.75
2016.08.04 15:03:54.533,1.72147,1.72185,1.12,1.75
2016.08.04 15:03:54.836,1.72146,1.72185,1.37,1.75
2016.08.04 15:03:55.326,1.72146,1.72185,1.37,1.75
2016.08.04 15:03:56.113,1.72146,1.72185,1.37,1.75
2016.08.04 15:03:57.617,1.72147,1.72185,1.12,1.75
2016.08.04 15:03:57.718,1.72148,1.72185,1.00,1.75
2016.08.04 15:03:58.423,1.7215,1.72185,1.00,1.75
2016.08.04 15:03:58.524,1.72153,1.72189,1.00,1.75
2016.08.04 15:03:58.575,1.72157,1.72189,1.00,1.75
2016.08.04 15:03:58.625,1.72157,1.72195,1.50,1.75
2016.08.04 15:03:59.872,1.72157,1.72195,1.00,1.75
2016.08.04 15:03:59.923,1.72162,1.722,1.00,1.75
2016.08.04 15:04:00.025,1.72162,1.72201,1.00,2.25
2016.08.04 15:04:00.329,1.72162,1.72201,1.00,2.25
2016.08.04 15:04:00.380,1.72162,1.72201,1.50,2.25
2016.08.04 15:04:00.430,1.72162,1.72201,1.50,3.00
2016.08.04 15:04:00.497,1.72162,1.72201,1.00,3.00
2016.08.04 15:04:00.547,1.72162,1.72201,1.00,2.25
2016.08.04 15:04:01.521,1.72162,1.72201,1.00,1.75
2016.08.04 15:04:01.673,1.72161,1.72201,1.12,1.75
2016.08.04 15:04:01.833,1.72161,1.72201,1.87,1.37
2016.08.04 15:04:01.883,1.72161,1.72201,2.25,1.00
2016.08.04 15:04:01.934,1.72166,1.72206,1.12,1.75
2016.08.04 15:04:01.985,1.72167,1.72206,1.00,1.75
2016.08.04 15:04:04.034,1.72167,1.72201,1.00,1.00
2016.08.04 15:04:04.136,1.72167,1.72201,1.00,1.00
2016.08.04 15:04:04.747,1.72167,1.722,1.00,1.00
2016.08.04 15:04:05.353,1.72172,1.72208,1.00,1.75
2016.08.04 15:04:05.454,1.72172,1.72208,1.00,1.37
2016.08.04 15:04:05.556,1.72171,1.72207,1.12,1.12
2016.08.04 15:04:05.671,1.72178,1.72215,1.00,1.75
2016.08.04 15:04:05.772,1.72185,1.72215,1.00,1.75
2016.08.04 15:04:05.823,1.72185,1.72215,1.00,1.37
2016.08.04 15:04:05.874,1.72187,1.72222,1.00,1.75
2016.08.04 15:04:05.925,1.72187,1.72222,1.37,1.37
2016.08.04 15:04:05.976,1.72186,1.72224,1.75,1.00
2016.08.04 15:04:06.026,1.72186,1.72226,1.75,1.50
2016.08.04 15:04:06.077,1.72189,1.72224,1.12,1.50
2016.08.04 15:04:06.128,1.72189,1.72224,1.50,1.50
2016.08.04 15:04:06.179,1.72187,1.72225,1.75,1.00
2016.08.04 15:04:06.230,1.72187,1.72225,1.37,1.00
2016.08.04 15:04:06.280,1.72193,1.72228,1.00,1.75
2016.08.04 15:04:06.435,1.7219,1.72231,1.75,1.50
2016.08.04 15:04:06.843,1.72191,1.72231,1.50,1.50
2016.08.04 15:04:07.045,1.72189,1.72231,2.25,1.50
2016.08.04 15:04:08.346,1.72189,1.7223,2.25,1.12
2016.08.04 15:04:10.753,1.72189,1.7223,1.87,1.50
2016.08.04 15:04:10.804,1.72189,1.7223,1.50,1.75
2016.08.04 15:04:11.333,1.72189,1.7223,1.00,2.25
2016.08.04 15:04:11.391,1.72189,1.72229,1.00,1.75
2016.08.04 15:04:12.253,1.72189,1.72227,1.00,1.50
2016.08.04 15:04:12.304,1.72185,1.72225,2.25,1.00
2016.08.04 15:04:12.355,1.72185,1.72225,1.75,1.00
2016.08.04 15:04:12.526,1.72185,1.72223,1.00,1.00
2016.08.04 15:04:12.577,1.72185,1.72223,1.50,1.00
2016.08.04 15:04:13.156,1.72185,1.72223,1.00,1.00
2016.08.04 15:04:13.257,1.72185,1.72223,1.00,1.00
2016.08.04 15:04:13.656,1.72185,1.72223,1.50,1.00
2016.08.04 15:04:13.969,1.72185,1.72223,1.00,1.00
2016.08.04 15:04:16.652,1.72185,1.72223,1.00,1.50
2016.08.04 15:04:20.259,1.72185,1.72223,1.00,1.00
2016.08.04 15:04:25.633,1.72187,1.72223,1.00,1.00
2016.08.04 15:04:25.684,1.72187,1.72223,1.50,1.00
2016.08.04 15:04:25.735,1.72191,1.72227,1.37,1.37
2016.08.04 15:04:25.786,1.72196,1.72226,1.12,1.00
2016.08.04 15:04:25.974,1.72191,1.7223,1.75,1.00
2016.08.04 15:04:26.025,1.72191,1.72231,1.37,1.37
2016.08.04 15:04:26.076,1.72191,1.72231,1.00,1.75
2016.08.04 15:04:26.625,1.72191,1.72232,1.00,1.75
2016.08.04 15:04:26.995,1.72191,1.72227,1.00,1.50
2016.08.04 15:04:27.049,1.72186,1.72222,1.50,1.50
2016.08.04 15:04:27.100,1.72184,1.72222,1.12,1.50
2016.08.04 15:04:27.151,1.72181,1.72217,3.00,1.00
2016.08.04 15:04:27.202,1.72185,1.72217,1.37,1.37
2016.08.04 15:04:27.252,1.72185,1.72217,1.00,1.75
2016.08.04 15:04:27.303,1.72187,1.72217,1.00,1.37
2016.08.04 15:04:27.354,1.72187,1.72216,1.00,1.00
2016.08.04 15:04:27.665,1.72187,1.72223,1.00,1.75
2016.08.04 15:04:27.766,1.72187,1.72225,1.00,1.75
2016.08.04 15:04:27.817,1.72183,1.72225,3.00,2.25
2016.08.04 15:04:27.927,1.72183,1.72225,2.25,3.75
2016.08.04 15:04:27.978,1.72183,1.72222,1.75,1.00
2016.08.04 15:04:28.029,1.72181,1.72218,1.75,1.00
2016.08.04 15:04:28.080,1.72181,1.72218,1.37,1.37
2016.08.04 15:04:28.131,1.72181,1.72218,1.00,1.75
2016.08.04 15:04:28.707,1.7218,1.72218,1.12,1.75
2016.08.04 15:04:28.910,1.72181,1.72218,1.00,1.75
2016.08.04 15:04:29.016,1.72177,1.72218,2.25,1.75
2016.08.04 15:04:29.067,1.72177,1.72216,2.25,1.12
2016.08.04 15:04:29.168,1.72177,1.72215,2.25,1.00
2016.08.04 15:04:29.570,1.72177,1.72216,2.25,1.12
2016.08.04 15:04:29.968,1.72182,1.72218,1.00,1.75
2016.08.04 15:04:30.094,1.72181,1.72218,1.00,1.75
2016.08.04 15:04:31.184,1.72178,1.72218,1.75,2.25
2016.08.04 15:04:31.235,1.72178,1.72212,1.75,1.00
2016.08.04 15:04:31.286,1.72174,1.72212,2.25,1.00
2016.08.04 15:04:31.388,1.72174,1.72212,2.25,1.12
2016.08.04 15:04:31.439,1.72177,1.72212,1.00,1.50
2016.08.04 15:04:31.490,1.72174,1.72212,1.87,1.50
2016.08.04 15:04:31.541,1.72174,1.72212,1.87,1.75
2016.08.04 15:04:32.002,1.72177,1.72212,1.00,1.75
2016.08.04 15:04:32.104,1.72178,1.72212,1.12,1.37
2016.08.04 15:04:32.155,1.72178,1.72213,1.12,1.50
2016.08.04 15:04:32.256,1.72178,1.72212,1.12,1.37
2016.08.04 15:04:33.396,1.72175,1.72212,1.75,1.37
2016.08.04 15:04:35.449,1.72175,1.72212,1.37,1.37
2016.08.04 15:04:35.501,1.72175,1.72212,1.00,1.75
2016.08.04 15:04:35.689,1.72175,1.72205,1.00,1.37
2016.08.04 15:04:35.740,1.7217,1.72205,1.00,1.75
2016.08.04 15:04:35.791,1.72173,1.72205,1.00,1.75
2016.08.04 15:04:35.894,1.72172,1.72204,1.00,1.50
2016.08.04 15:04:35.945,1.72172,1.72204,1.37,1.12
2016.08.04 15:04:35.996,1.72173,1.72209,1.50,1.37
2016.08.04 15:04:36.147,1.72173,1.72209,1.12,1.37
2016.08.04 15:04:36.198,1.72173,1.72209,1.00,1.75
2016.08.04 15:04:36.299,1.72171,1.72209,1.50,1.75
2016.08.04 15:04:36.552,1.72171,1.72209,1.00,1.75
2016.08.04 15:04:36.708,1.72171,1.72209,1.00,1.75
2016.08.04 15:04:37.191,1.72171,1.72209,1.00,1.75
2016.08.04 15:04:37.339,1.72171,1.72209,1.00,1.75
2016.08.04 15:04:38.751,1.72171,1.72209,1.50,1.75
2016.08.04 15:04:38.942,1.72171,1.72209,1.50,1.75
2016.08.04 15:04:39.195,1.72171,1.72209,1.50,1.75
2016.08.04 15:04:39.296,1.72168,1.72205,1.75,1.12
2016.08.04 15:04:39.347,1.72168,1.72205,1.37,1.37
2016.08.04 15:04:39.397,1.72168,1.72205,1.00,1.75
2016.08.04 15:04:39.600,1.72169,1.72205,1.00,1.75
2016.08.04 15:04:39.712,1.72165,1.72201,1.50,1.12
2016.08.04 15:04:39.764,1.7216,1.722,1.75,1.37
2016.08.04 15:04:39.814,1.72161,1.72195,1.00,1.00
2016.08.04 15:04:39.865,1.72158,1.72195,1.37,1.37
2016.08.04 15:04:39.916,1.72153,1.72191,2.25,1.87
2016.08.04 15:04:40.017,1.72154,1.72187,1.12,1.37
2016.08.04 15:04:40.119,1.72154,1.72187,1.00,1.75
2016.08.04 15:04:40.322,1.72159,1.7219,1.50,1.75
2016.08.04 15:04:40.373,1.72159,1.72192,1.50,1.12
2016.08.04 15:04:40.424,1.72159,1.72193,1.87,1.75
2016.08.04 15:04:40.569,1.72159,1.72193,1.87,1.12
2016.08.04 15:04:40.630,1.72159,1.72194,1.12,3.37
2016.08.04 15:04:40.731,1.72159,1.72194,1.12,2.62
2016.08.04 15:04:40.899,1.72159,1.72194,1.12,3.37
2016.08.04 15:04:40.949,1.72159,1.72194,1.12,2.62
2016.08.04 15:04:41.398,1.72156,1.72194,3.00,2.62
2016.08.04 15:04:41.499,1.72157,1.72194,1.75,2.25
2016.08.04 15:04:41.660,1.72157,1.72196,1.75,2.25
2016.08.04 15:04:42.106,1.72153,1.72187,1.75,1.00
2016.08.04 15:04:42.157,1.72151,1.72187,1.75,1.00
2016.08.04 15:04:42.208,1.72149,1.72185,1.75,2.25
2016.08.04 15:04:42.259,1.72149,1.72185,1.37,2.62
2016.08.04 15:04:42.310,1.72143,1.72179,1.12,1.75
2016.08.04 15:04:42.563,1.72142,1.72179,1.50,1.75
2016.08.04 15:04:45.206,1.72141,1.72179,1.75,1.75
2016.08.04 15:04:45.308,1.72141,1.72179,2.25,1.75
2016.08.04 15:04:48.411,1.72143,1.72179,1.12,1.75
2016.08.04 15:04:51.239,1.72141,1.72179,2.25,1.75
2016.08.04 15:04:51.290,1.72141,1.72179,1.75,1.75
2016.08.04 15:04:51.392,1.72142,1.72179,1.50,1.75
2016.08.04 15:04:51.544,1.72143,1.72179,1.12,1.75
2016.08.04 15:04:51.646,1.72141,1.72179,1.75,1.75
2016.08.04 15:04:51.696,1.72141,1.72179,2.25,1.75
2016.08.04 15:04:51.905,1.72142,1.72179,1.50,1.75
2016.08.04 15:04:51.958,1.72143,1.72179,1.12,1.75
2016.08.04 15:04:52.218,1.72149,1.72179,1.00,1.75
2016.08.04 15:04:52.269,1.72151,1.72183,1.37,1.37
2016.08.04 15:04:52.319,1.72152,1.72183,1.12,1.00
2016.08.04 15:04:52.370,1.72152,1.72186,1.12,1.37
2016.08.04 15:04:52.623,1.72151,1.72186,1.37,1.37
2016.08.04 15:04:53.094,1.72152,1.72186,1.12,1.37
2016.08.04 15:04:53.145,1.72152,1.72189,1.12,1.75
2016.08.04 15:04:54.095,1.72152,1.72189,1.37,1.37
2016.08.04 15:04:54.146,1.72156,1.72189,1.50,1.00
2016.08.04 15:04:54.197,1.72157,1.72191,1.12,1.00
2016.08.04 15:04:54.298,1.72156,1.72191,2.25,1.00
2016.08.04 15:04:54.602,1.72156,1.72194,2.25,1.75
2016.08.04 15:04:54.774,1.72157,1.72194,1.12,1.75
2016.08.04 15:04:55.073,1.72156,1.72194,2.25,1.75
2016.08.04 15:04:55.950,1.72159,1.72194,1.00,1.75
2016.08.04 15:04:57.327,1.72156,1.72194,2.25,1.75
2016.08.04 15:04:57.378,1.72156,1.72194,1.87,1.75
2016.08.04 15:04:57.565,1.72156,1.72187,1.50,1.00
2016.08.04 15:04:57.877,1.72156,1.72187,1.00,1.00
2016.08.04 15:04:57.978,1.72161,1.72187,1.00,1.00
2016.08.04 15:04:58.080,1.72161,1.72194,1.00,2.25
2016.08.04 15:04:58.130,1.72161,1.72194,1.00,1.75
2016.08.04 15:04:59.180,1.72157,1.72194,1.12,1.75
2016.08.04 15:04:59.913,1.72157,1.72193,1.12,1.75
2016.08.04 15:05:01.833,1.72165,1.72193,1.00,1.75
2016.08.04 15:05:01.934,1.72166,1.72199,1.00,1.75
2016.08.04 15:05:01.984,1.72165,1.722,1.87,1.50
2016.08.04 15:05:02.035,1.72165,1.722,2.25,1.00
2016.08.04 15:05:02.086,1.72166,1.722,1.00,1.00
2016.08.04 15:05:02.188,1.72165,1.722,1.00,1.00
2016.08.04 15:05:02.340,1.72165,1.72198,1.00,1.00
2016.08.04 15:05:02.391,1.72163,1.72198,1.37,1.37
2016.08.04 15:05:02.441,1.72163,1.72198,1.00,1.75
2016.08.04 15:05:02.543,1.7216,1.72191,1.00,1.00
2016.08.04 15:05:03.086,1.72159,1.72191,1.00,1.00
2016.08.04 15:05:03.188,1.72156,1.72191,1.00,1.00
2016.08.04 15:05:03.239,1.72156,1.72187,1.00,1.00
2016.08.04 15:05:03.289,1.72156,1.72187,1.00,1.00
2016.08.04 15:05:03.441,1.72149,1.72187,1.37,1.37
2016.08.04 15:05:03.587,1.72149,1.72182,1.00,1.00
2016.08.04 15:05:03.970,1.72149,1.72187,1.37,1.75
2016.08.04 15:05:04.071,1.72151,1.72186,1.00,1.00
2016.08.04 15:05:05.368,1.72158,1.72186,1.00,1.00
2016.08.04 15:05:05.520,1.72157,1.72193,1.37,1.37
2016.08.04 15:05:05.571,1.72156,1.72191,1.75,1.00
2016.08.04 15:05:05.622,1.72156,1.72191,1.37,1.37
2016.08.04 15:05:05.672,1.72156,1.72191,1.00,1.75
2016.08.04 15:05:05.774,1.72156,1.72186,1.00,1.37
2016.08.04 15:05:05.825,1.72152,1.72184,1.37,1.12
2016.08.04 15:05:05.876,1.72152,1.72184,1.00,1.12
2016.08.04 15:05:06.166,1.72152,1.72184,1.00,1.12
2016.08.04 15:05:07.502,1.72148,1.72184,3.00,1.12
2016.08.04 15:05:08.043,1.72148,1.72184,2.25,1.12
2016.08.04 15:05:09.754,1.72148,1.72184,2.25,1.12
2016.08.04 15:05:09.805,1.72148,1.7218,1.12,1.37
2016.08.04 15:05:09.855,1.72144,1.7218,1.12,1.50
2016.08.04 15:05:10.481,1.72144,1.7218,1.00,1.50
2016.08.04 15:05:10.582,1.72144,1.72176,1.00,1.75
2016.08.04 15:05:10.684,1.72141,1.72176,1.00,1.75
2016.08.04 15:05:14.346,1.72143,1.72176,1.00,1.75
2016.08.04 15:05:14.396,1.72143,1.72177,1.50,1.00
2016.08.04 15:05:14.498,1.72143,1.72177,1.50,1.00
2016.08.04 15:05:14.548,1.72144,1.72177,1.00,1.00
2016.08.04 15:05:15.112,1.72143,1.72177,3.00,1.00
2016.08.04 15:05:15.636,1.72143,1.72176,3.00,1.00
2016.08.04 15:05:15.686,1.72143,1.72176,3.75,1.00
2016.08.04 15:05:16.265,1.72143,1.72177,3.00,1.00
2016.08.04 15:05:16.818,1.72144,1.72178,1.00,1.00
2016.08.04 15:05:18.416,1.72145,1.72178,1.00,1.00
2016.08.04 15:05:19.906,1.72147,1.72178,1.00,1.00
2016.08.04 15:05:26.284,1.72146,1.72178,1.00,1.00
2016.08.04 15:05:26.756,1.72146,1.72178,1.50,1.00
2016.08.04 15:05:26.811,1.72146,1.72178,1.00,1.00
2016.08.04 15:05:26.915,1.72149,1.72183,1.37,1.37
2016.08.04 15:05:26.966,1.7215,1.72183,1.87,1.37
2016.08.04 15:05:27.017,1.72157,1.7219,1.00,1.37
2016.08.04 15:05:27.067,1.72157,1.72193,1.00,3.00
2016.08.04 15:05:27.118,1.72159,1.72194,1.00,1.75
2016.08.04 15:05:27.220,1.72157,1.7219,1.00,1.37
2016.08.04 15:05:27.271,1.72157,1.7219,1.00,1.75
2016.08.04 15:05:27.321,1.72157,1.7219,1.00,1.75
2016.08.04 15:05:27.615,1.72157,1.72189,1.37,1.37
2016.08.04 15:05:27.716,1.72157,1.7219,1.50,1.37
2016.08.04 15:05:27.818,1.72156,1.72184,1.50,1.37
2016.08.04 15:05:27.919,1.72157,1.72185,1.00,1.75
2016.08.04 15:05:28.324,1.72155,1.72185,1.12,1.75
2016.08.04 15:05:28.666,1.72155,1.72185,1.87,1.75
2016.08.04 15:05:28.767,1.72155,1.72185,1.12,1.75
2016.08.04 15:05:28.982,1.72154,1.72185,2.25,1.75
2016.08.04 15:05:29.032,1.72154,1.72184,1.50,1.75
2016.08.04 15:05:29.083,1.72154,1.72184,1.00,1.75
2016.08.04 15:05:29.441,1.72154,1.72182,1.00,1.37
2016.08.04 15:05:29.492,1.7215,1.72178,1.37,1.00
2016.08.04 15:05:29.542,1.72142,1.72177,1.50,1.37
2016.08.04 15:05:29.708,1.72139,1.72177,1.50,1.75
2016.08.04 15:05:29.910,1.72139,1.72174,1.00,1.75
2016.08.04 15:05:30.237,1.72136,1.72173,1.87,2.25
2016.08.04 15:05:31.408,1.72136,1.72173,1.37,2.25
2016.08.04 15:05:31.662,1.72136,1.7217,1.37,1.00
2016.08.04 15:05:32.235,1.72136,1.72171,1.37,1.12
2016.08.04 15:05:32.285,1.72133,1.72169,2.25,1.00
2016.08.04 15:05:33.240,1.72139,1.72169,1.50,1.00
2016.08.04 15:05:33.291,1.72139,1.72172,1.87,1.37
2016.08.04 15:05:33.341,1.72141,1.72175,1.12,1.12
2016.08.04 15:05:33.392,1.72141,1.72175,1.50,1.12
2016.08.04 15:05:33.443,1.72146,1.72175,1.00,1.00
2016.08.04 15:05:33.696,1.72146,1.72177,1.00,1.00
2016.08.04 15:05:33.847,1.72146,1.72178,1.12,1.37
2016.08.04 15:05:33.898,1.72147,1.72178,1.00,1.75
2016.08.04 15:05:33.949,1.72148,1.72178,1.37,1.37
2016.08.04 15:05:33.999,1.72148,1.72181,1.75,1.00
2016.08.04 15:05:34.050,1.72148,1.72181,1.37,1.37
2016.08.04 15:05:34.213,1.72148,1.72182,1.00,1.75
2016.08.04 15:05:34.466,1.72147,1.72182,1.00,2.25
2016.08.04 15:05:34.518,1.72147,1.72181,1.00,1.50
2016.08.04 15:05:34.568,1.72144,1.72178,1.37,1.00
2016.08.04 15:05:34.619,1.72144,1.72181,1.37,2.25
2016.08.04 15:05:34.670,1.72143,1.72174,1.50,1.00
2016.08.04 15:05:34.721,1.72141,1.72174,1.75,1.00
2016.08.04 15:05:34.773,1.72139,1.72174,1.50,1.37
2016.08.04 15:05:34.823,1.72138,1.72174,1.00,1.75
2016.08.04 15:05:34.874,1.72137,1.72172,1.12,1.12
2016.08.04 15:05:35.353,1.72135,1.72172,2.25,1.12
2016.08.04 15:05:35.556,1.72138,1.72172,1.00,1.12
2016.08.04 15:05:35.658,1.72136,1.72172,1.50,1.12
2016.08.04 15:05:35.969,1.72138,1.72174,1.00,2.25
2016.08.04 15:05:39.082,1.72138,1.72171,1.00,1.00
2016.08.04 15:05:39.284,1.72135,1.72171,1.75,1.50
2016.08.04 15:05:40.172,1.72135,1.7217,1.75,1.00
2016.08.04 15:05:40.223,1.72135,1.7217,1.37,1.37
2016.08.04 15:05:40.273,1.72135,1.7217,1.00,2.25
2016.08.04 15:05:40.324,1.72135,1.7217,1.00,2.25
2016.08.04 15:05:40.375,1.72132,1.72166,1.75,1.00
2016.08.04 15:05:40.425,1.72132,1.72166,1.37,1.12
2016.08.04 15:05:40.476,1.72128,1.72163,2.25,1.00
2016.08.04 15:05:40.526,1.72128,1.72163,1.50,1.00
2016.08.04 15:05:40.686,1.7213,1.72166,1.12,1.50
2016.08.04 15:05:40.737,1.72133,1.72167,1.00,1.75
2016.08.04 15:05:40.787,1.72133,1.72169,1.00,1.75
2016.08.04 15:05:40.838,1.72133,1.72169,1.75,1.00
2016.08.04 15:05:40.995,1.72142,1.72169,1.50,1.00
2016.08.04 15:05:41.048,1.72148,1.72182,1.00,1.87
2016.08.04 15:05:41.102,1.72148,1.72181,1.00,1.00
2016.08.04 15:05:41.154,1.72148,1.72181,1.00,1.00
2016.08.04 15:05:42.848,1.72143,1.72178,2.25,1.00
2016.08.04 15:05:42.899,1.72143,1.72177,1.50,1.00
2016.08.04 15:05:42.949,1.72143,1.72177,1.50,1.00
2016.08.04 15:05:43.164,1.72143,1.72177,1.00,1.75
2016.08.04 15:05:43.215,1.72143,1.72177,1.00,1.37
2016.08.04 15:05:43.266,1.72139,1.72175,1.75,1.00
2016.08.04 15:05:43.418,1.72138,1.72173,1.50,1.00
2016.08.04 15:05:43.469,1.72137,1.72173,1.75,1.12
2016.08.04 15:05:43.570,1.72137,1.72172,1.75,1.00
2016.08.04 15:05:43.621,1.72135,1.7217,1.75,1.00
2016.08.04 15:05:43.874,1.72135,1.7217,2.25,1.00
2016.08.04 15:05:43.925,1.72137,1.7217,1.75,1.00
2016.08.04 15:05:44.069,1.72141,1.7217,1.00,1.00
2016.08.04 15:05:44.120,1.72141,1.72178,1.37,1.87
2016.08.04 15:05:44.171,1.72141,1.72178,2.25,1.87
2016.08.04 15:05:44.374,1.72139,1.72178,2.25,1.87
2016.08.04 15:05:44.577,1.72142,1.72178,1.75,1.87
2016.08.04 15:05:46.201,1.72139,1.72178,2.25,1.87
2016.08.04 15:05:46.828,1.72139,1.72178,2.25,1.87
2016.08.04 15:05:46.951,1.72139,1.72178,1.87,2.25
2016.08.04 15:05:47.002,1.72142,1.72178,1.00,2.25
2016.08.04 15:05:47.154,1.7214,1.72178,1.00,2.25
2016.08.04 15:05:47.493,1.72139,1.72175,1.12,1.75
2016.08.04 15:05:47.594,1.72138,1.72173,1.50,1.12
2016.08.04 15:05:47.796,1.72138,1.72173,1.50,1.87
2016.08.04 15:05:48.198,1.72139,1.72173,1.12,1.87
2016.08.04 15:05:48.299,1.72139,1.72173,1.12,1.12
2016.08.04 15:05:51.437,1.72138,1.72173,1.50,1.12
2016.08.04 15:05:55.368,1.72137,1.72172,1.37,1.37
2016.08.04 15:05:55.469,1.72136,1.72172,1.00,1.75
2016.08.04 15:05:55.683,1.72136,1.72172,1.00,2.25
2016.08.04 15:05:56.105,1.72136,1.72172,1.00,1.75
2016.08.04 15:05:56.541,1.72133,1.7217,1.37,1.50
2016.08.04 15:05:56.592,1.72132,1.72164,2.25,1.12
2016.08.04 15:05:56.643,1.72132,1.72163,1.00,1.00
2016.08.04 15:05:56.693,1.72134,1.72163,1.00,1.00
2016.08.04 15:05:56.744,1.72134,1.7217,1.00,1.75
2016.08.04 15:05:56.795,1.72134,1.7217,1.12,1.75
2016.08.04 15:05:56.944,1.72135,1.7217,1.00,1.75
2016.08.04 15:05:57.449,1.72136,1.72171,1.00,1.75
2016.08.04 15:05:58.267,1.72137,1.72171,1.00,1.75
2016.08.04 15:05:58.319,1.72142,1.72171,1.00,1.75
2016.08.04 15:05:58.370,1.72142,1.72176,1.37,2.10
2016.08.04 15:05:58.420,1.72144,1.72178,1.00,1.00
2016.08.04 15:05:58.471,1.72144,1.72178,1.00,1.00
2016.08.04 15:06:01.108,1.72145,1.72179,1.00,1.00
2016.08.04 15:06:01.380,1.72145,1.72179,1.00,1.00
2016.08.04 15:06:02.061,1.72145,1.72179,1.00,1.00
2016.08.04 15:06:02.264,1.72145,1.72176,1.00,1.00
2016.08.04 15:06:02.365,1.72144,1.72176,1.00,1.00
2016.08.04 15:06:02.556,1.72142,1.72166,1.00,1.00
2016.08.04 15:06:02.607,1.72133,1.72165,1.50,1.00
2016.08.04 15:06:02.658,1.72136,1.72165,1.00,1.00
2016.08.04 15:06:02.708,1.72136,1.72167,1.00,1.00
2016.08.04 15:06:02.759,1.72142,1.7217,1.50,1.50
2016.08.04 15:06:02.816,1.72142,1.72174,1.50,2.25
2016.08.04 15:06:02.867,1.72142,1.72174,1.37,1.37
2016.08.04 15:06:02.917,1.72142,1.72177,1.75,1.00
2016.08.04 15:06:02.968,1.72141,1.72177,3.75,1.00
2016.08.04 15:06:03.069,1.72141,1.72177,3.00,1.00
2016.08.04 15:06:03.221,1.72141,1.72177,2.25,1.00
2016.08.04 15:06:03.352,1.72141,1.72175,1.75,1.00
2016.08.04 15:06:03.403,1.72142,1.72174,1.37,1.00
2016.08.04 15:06:03.454,1.72142,1.72174,1.00,1.00
2016.08.04 15:06:03.764,1.72139,1.72163,1.75,1.00
2016.08.04 15:06:03.814,1.72136,1.72163,2.25,1.00
2016.08.04 15:06:03.865,1.72136,1.72163,1.75,1.00
2016.08.04 15:06:03.916,1.72136,1.72163,1.37,1.00
2016.08.04 15:06:03.967,1.7213,1.72157,1.00,1.00
2016.08.04 15:06:04.017,1.72129,1.72157,1.50,1.00
2016.08.04 15:06:04.068,1.72126,1.72146,1.50,1.00
2016.08.04 15:06:04.177,1.72126,1.72147,1.37,1.50
2016.08.04 15:06:04.227,1.72113,1.72147,2.25,2.25
2016.08.04 15:06:04.278,1.72116,1.72147,1.00,2.25
2016.08.04 15:06:04.329,1.72116,1.72144,1.00,1.00
2016.08.04 15:06:04.430,1.72108,1.72133,1.75,1.00
2016.08.04 15:06:04.480,1.72106,1.72133,1.75,1.00
2016.08.04 15:06:04.531,1.72103,1.72133,1.37,1.00
2016.08.04 15:06:04.582,1.72102,1.72135,1.00,1.50
2016.08.04 15:06:04.683,1.72104,1.72135,1.00,1.50
2016.08.04 15:06:04.733,1.72104,1.72139,1.37,1.37
2016.08.04 15:06:04.784,1.72104,1.72134,1.75,1.00
2016.08.04 15:06:04.914,1.72104,1.72134,1.37,1.00
2016.08.04 15:06:04.965,1.72104,1.7213,1.00,1.00
2016.08.04 15:06:05.016,1.721,1.7213,1.37,1.00
2016.08.04 15:06:05.069,1.72097,1.72132,1.12,1.87
2016.08.04 15:06:05.120,1.72095,1.7213,2.25,1.00
2016.08.04 15:06:05.171,1.72095,1.72128,2.25,1.00
2016.08.04 15:06:05.272,1.72096,1.72128,1.50,1.00
2016.08.04 15:06:05.525,1.72095,1.72128,1.75,1.00
2016.08.04 15:06:06.373,1.72091,1.72122,1.75,1.00
2016.08.04 15:06:06.474,1.72091,1.72127,1.75,1.00
2016.08.04 15:06:06.525,1.72091,1.72121,1.75,1.00
2016.08.04 15:06:06.576,1.72091,1.72121,1.75,1.00
2016.08.04 15:06:06.626,1.72091,1.72124,1.37,1.00
2016.08.04 15:06:06.677,1.72092,1.72127,1.00,1.75
2016.08.04 15:06:06.779,1.72093,1.72128,1.00,1.75
2016.08.04 15:06:06.829,1.72093,1.72128,1.50,1.75
2016.08.04 15:06:06.936,1.72098,1.72128,1.00,1.37
2016.08.04 15:06:06.987,1.72098,1.72133,1.50,1.00
2016.08.04 15:06:07.038,1.72098,1.72136,1.87,1.37
2016.08.04 15:06:07.089,1.72098,1.72133,2.25,1.00
2016.08.04 15:06:07.139,1.72098,1.72133,1.75,1.00
2016.08.04 15:06:07.291,1.72098,1.7213,1.37,1.00
2016.08.04 15:06:07.342,1.72098,1.7213,1.37,1.50
2016.08.04 15:06:07.392,1.72093,1.72126,1.50,1.00
2016.08.04 15:06:07.443,1.72091,1.72126,1.75,1.00
2016.08.04 15:06:07.494,1.72091,1.72127,1.50,1.00
2016.08.04 15:06:07.595,1.72088,1.72124,1.37,1.00
2016.08.04 15:06:07.696,1.72088,1.72124,1.00,1.00
2016.08.04 15:06:07.877,1.7209,1.72128,1.75,1.50
2016.08.04 15:06:07.928,1.72095,1.72129,1.00,1.00
2016.08.04 15:06:07.979,1.72095,1.72132,1.00,2.25
2016.08.04 15:06:08.030,1.72095,1.72132,1.87,1.37
2016.08.04 15:06:08.080,1.72095,1.72132,2.25,1.00
2016.08.04 15:06:08.383,1.72095,1.72134,3.00,1.00
2016.08.04 15:06:08.434,1.721,1.72134,1.00,1.00
2016.08.04 15:06:08.485,1.72101,1.72135,1.00,1.12
2016.08.04 15:06:08.536,1.72102,1.72138,1.00,1.75
2016.08.04 15:06:08.638,1.72102,1.72137,1.12,1.37
2016.08.04 15:06:08.797,1.72102,1.72138,1.50,1.00
2016.08.04 15:06:08.898,1.72102,1.72137,1.50,1.00
2016.08.04 15:06:13.424,1.72102,1.72137,1.50,1.00
2016.08.04 15:06:13.475,1.72097,1.72137,3.00,1.87
2016.08.04 15:06:13.526,1.72097,1.72132,1.75,1.00
2016.08.04 15:06:13.577,1.72099,1.72132,1.50,1.00
2016.08.04 15:06:13.779,1.72097,1.72132,1.75,1.00
2016.08.04 15:06:14.040,1.72096,1.72132,2.25,1.00
2016.08.04 15:06:17.002,1.72096,1.72131,2.25,1.00
2016.08.04 15:06:17.305,1.72096,1.72131,1.87,1.12
2016.08.04 15:06:17.444,1.72096,1.72131,1.50,1.50
2016.08.04 15:06:18.531,1.72096,1.72131,1.00,1.50
2016.08.04 15:06:19.743,1.72095,1.72131,1.00,1.50
2016.08.04 15:06:19.793,1.72095,1.7213,1.00,1.12
2016.08.04 15:06:19.961,1.72093,1.7213,1.50,1.12
2016.08.04 15:06:20.750,1.72092,1.7213,2.25,1.12
2016.08.04 15:06:20.801,1.72092,1.72126,2.25,1.00
2016.08.04 15:06:21.038,1.72088,1.72126,4.50,1.37
2016.08.04 15:06:21.089,1.72088,1.72126,4.50,1.75
2016.08.04 15:06:21.249,1.72088,1.72123,3.75,1.12
2016.08.04 15:06:21.350,1.72088,1.72123,2.25,1.12
2016.08.04 15:06:21.401,1.72088,1.72123,2.25,1.12
2016.08.04 15:06:21.714,1.72088,1.72123,1.75,1.12
2016.08.04 15:06:21.765,1.72087,1.72123,2.25,1.12
2016.08.04 15:06:21.917,1.72087,1.72121,2.25,1.00
2016.08.04 15:06:21.968,1.72087,1.72121,1.75,1.00
2016.08.04 15:06:22.019,1.72085,1.7212,1.75,1.00
2016.08.04 15:06:22.120,1.72084,1.72115,1.75,1.00
2016.08.04 15:06:22.253,1.72082,1.72115,1.37,1.00
2016.08.04 15:06:22.304,1.7208,1.72115,1.75,1.00
2016.08.04 15:06:22.515,1.72086,1.72115,1.00,1.00
2016.08.04 15:06:22.566,1.72087,1.72115,1.00,1.00
2016.08.04 15:06:22.617,1.72087,1.72119,1.00,1.75
2016.08.04 15:06:22.667,1.72086,1.72119,1.37,1.37
2016.08.04 15:06:22.718,1.72086,1.72119,1.75,1.00
2016.08.04 15:06:22.769,1.72087,1.72119,1.37,1.00
2016.08.04 15:06:22.820,1.72089,1.72123,1.00,1.75
2016.08.04 15:06:22.870,1.72091,1.72123,1.00,1.75
2016.08.04 15:06:22.921,1.72091,1.72125,1.00,1.75
2016.08.04 15:06:22.972,1.72089,1.72125,1.37,1.37
2016.08.04 15:06:23.023,1.72089,1.72125,1.75,1.00
2016.08.04 15:06:23.238,1.72088,1.72123,1.75,1.00
2016.08.04 15:06:23.289,1.72087,1.72123,1.37,1.50
2016.08.04 15:06:23.340,1.72085,1.72121,1.75,1.87
2016.08.04 15:06:23.442,1.72085,1.7212,1.37,1.37
2016.08.04 15:06:23.493,1.72085,1.7212,1.00,1.75
2016.08.04 15:06:23.544,1.72087,1.72118,1.00,1.37
2016.08.04 15:06:23.645,1.72087,1.72118,1.37,1.00
2016.08.04 15:06:23.748,1.72085,1.72118,1.75,1.00
2016.08.04 15:06:23.849,1.72082,1.72113,1.75,1.50
2016.08.04 15:06:23.951,1.72079,1.7211,3.22,1.00
2016.08.04 15:06:24.089,1.72078,1.72109,1.00,1.00
2016.08.04 15:06:24.140,1.72078,1.72109,1.00,1.00
2016.08.04 15:06:24.969,1.72078,1.72109,1.00,1.50
2016.08.04 15:06:25.140,1.72078,1.72109,1.00,1.00
2016.08.04 15:06:25.494,1.72073,1.72109,1.50,1.00
2016.08.04 15:06:25.545,1.72073,1.72109,1.50,1.37
2016.08.04 15:06:26.407,1.72073,1.72111,1.50,1.75
2016.08.04 15:06:26.458,1.72075,1.72111,1.12,1.75
2016.08.04 15:06:26.508,1.72075,1.72113,1.12,2.25
2016.08.04 15:06:26.559,1.72074,1.72113,1.87,1.37
2016.08.04 15:06:26.610,1.72074,1.72113,3.00,1.00
2016.08.04 15:06:26.863,1.72076,1.72113,1.75,1.00
2016.08.04 15:06:27.032,1.72076,1.72113,1.75,1.50
2016.08.04 15:06:27.434,1.72076,1.72113,1.75,1.00
2016.08.04 15:06:28.059,1.72075,1.72113,1.75,1.50
2016.08.04 15:06:28.161,1.72075,1.72112,1.50,1.37
2016.08.04 15:06:28.212,1.72075,1.7211,1.50,1.00
2016.08.04 15:06:28.262,1.72075,1.7211,1.00,1.00
2016.08.04 15:06:29.038,1.72075,1.72109,1.00,1.00
2016.08.04 15:06:29.240,1.72075,1.7211,1.00,1.00
2016.08.04 15:06:31.347,1.72075,1.72108,1.00,1.00
2016.08.04 15:06:31.984,1.72075,1.7211,1.00,1.00
2016.08.04 15:06:32.419,1.72074,1.72112,1.75,1.37
2016.08.04 15:06:32.470,1.72076,1.72112,1.75,1.00
2016.08.04 15:06:32.673,1.72076,1.72112,1.75,1.00
2016.08.04 15:06:32.941,1.72074,1.72112,1.75,1.00
2016.08.04 15:06:33.174,1.72074,1.72112,1.75,1.50
2016.08.04 15:06:33.231,1.72074,1.72112,1.75,1.00
2016.08.04 15:06:33.652,1.72076,1.72112,1.75,1.00
2016.08.04 15:06:33.880,1.72074,1.72112,1.75,1.00
2016.08.04 15:06:35.094,1.72082,1.72114,1.00,1.50
2016.08.04 15:06:35.145,1.72082,1.72115,1.00,1.12
2016.08.04 15:06:35.196,1.72082,1.72117,1.37,1.37
2016.08.04 15:06:35.247,1.72084,1.72118,1.00,1.00
2016.08.04 15:06:35.306,1.72084,1.72119,1.00,2.25
2016.08.04 15:06:35.357,1.72082,1.72118,1.87,1.87
2016.08.04 15:06:35.408,1.72082,1.72115,1.00,1.00
2016.08.04 15:06:35.458,1.72079,1.72115,2.25,1.00
2016.08.04 15:06:35.509,1.72079,1.72115,1.50,1.00
2016.08.04 15:06:35.560,1.72079,1.72115,1.00,1.00
2016.08.04 15:06:35.683,1.72079,1.72115,1.00,1.00
2016.08.04 15:06:35.745,1.72081,1.72115,1.00,1.00
2016.08.04 15:06:35.846,1.72079,1.72115,1.00,1.00
2016.08.04 15:06:36.362,1.72092,1.72115,1.00,1.00
2016.08.04 15:06:36.413,1.72092,1.72117,1.75,1.00
2016.08.04 15:06:36.464,1.7209,1.72117,1.37,1.00
2016.08.04 15:06:36.515,1.72097,1.72126,1.00,1.75
2016.08.04 15:06:36.649,1.72088,1.72124,1.50,1.12
2016.08.04 15:06:36.699,1.72087,1.72124,1.37,1.37
2016.08.04 15:06:36.750,1.72087,1.72121,1.12,1.75
2016.08.04 15:06:36.801,1.72086,1.72119,1.37,1.12
2016.08.04 15:06:36.852,1.72087,1.72119,1.00,1.12
2016.08.04 15:06:37.215,1.72084,1.7212,2.25,1.50
2016.08.04 15:06:37.266,1.72084,1.7212,1.75,1.50
2016.08.04 15:06:37.468,1.72084,1.7212,2.25,1.50
2016.08.04 15:06:38.566,1.7208,1.7212,3.00,2.25
2016.08.04 15:06:38.667,1.7208,1.7212,3.00,2.25
2016.08.04 15:06:38.970,1.7208,1.72119,2.25,1.12
2016.08.04 15:06:39.072,1.72082,1.7212,1.75,1.50
2016.08.04 15:06:39.225,1.7209,1.72128,1.50,2.25
2016.08.04 15:06:39.276,1.72092,1.72128,1.00,1.75
2016.08.04 15:06:39.327,1.72092,1.72128,1.12,1.37
2016.08.04 15:06:39.378,1.72092,1.72128,1.50,1.37
2016.08.04 15:06:39.479,1.72091,1.72128,1.75,1.37
2016.08.04 15:06:39.530,1.72091,1.72128,1.37,1.75
2016.08.04 15:06:39.581,1.72091,1.72121,1.00,1.00
2016.08.04 15:06:39.631,1.72091,1.7212,1.00,1.37
2016.08.04 15:06:39.682,1.72089,1.7212,1.00,1.75
2016.08.04 15:06:39.733,1.72086,1.7212,1.75,1.75
2016.08.04 15:06:39.977,1.72085,1.7212,2.62,1.75
2016.08.04 15:06:40.078,1.72086,1.7212,1.75,1.75
2016.08.04 15:06:40.129,1.72086,1.7212,2.25,1.75
2016.08.04 15:06:40.230,1.72086,1.7212,1.75,1.75
2016.08.04 15:06:40.824,1.72086,1.72121,1.00,1.75
2016.08.04 15:06:40.874,1.72085,1.72121,1.00,1.75
2016.08.04 15:06:41.052,1.72086,1.72121,1.00,1.75
2016.08.04 15:06:41.102,1.72086,1.72121,1.37,1.37
2016.08.04 15:06:41.153,1.72091,1.72126,1.00,1.75
2016.08.04 15:06:41.457,1.72092,1.72126,1.00,1.75
2016.08.04 15:06:41.508,1.72092,1.72126,1.37,1.37
2016.08.04 15:06:41.559,1.72092,1.72132,2.25,2.25
2016.08.04 15:06:41.660,1.72092,1.72131,1.50,1.75
2016.08.04 15:06:41.812,1.72092,1.72132,1.50,2.25
2016.08.04 15:06:42.128,1.72093,1.72132,1.37,1.75
2016.08.04 15:06:42.432,1.72093,1.72129,1.37,1.50
2016.08.04 15:06:42.482,1.72092,1.72129,1.50,1.50
2016.08.04 15:06:42.584,1.72093,1.72129,1.37,1.50
2016.08.04 15:06:42.635,1.72093,1.72132,1.37,2.25
2016.08.04 15:06:42.686,1.72094,1.72132,1.12,1.75
2016.08.04 15:06:42.837,1.72094,1.72132,1.12,1.75
2016.08.04 15:06:42.888,1.72096,1.72132,1.00,1.75
2016.08.04 15:06:42.990,1.72094,1.72132,1.12,1.75
2016.08.04 15:06:43.380,1.72097,1.72132,1.00,1.75
2016.08.04 15:06:45.037,1.72098,1.72136,1.00,1.75
2016.08.04 15:06:45.088,1.72099,1.72138,1.37,1.87
2016.08.04 15:06:45.138,1.72099,1.72138,1.75,1.50
2016.08.04 15:06:45.189,1.72099,1.72138,1.75,1.50
2016.08.04 15:06:45.291,1.72099,1.72138,1.50,1.50
2016.08.04 15:06:45.342,1.72099,1.72138,1.12,1.75
2016.08.04 15:06:46.943,1.72099,1.72138,1.87,1.75
2016.08.04 15:06:46.994,1.72104,1.72138,1.00,1.75
2016.08.04 15:06:47.044,1.72107,1.72141,1.00,2.47
2016.08.04 15:06:47.095,1.72107,1.72145,1.00,3.75
2016.08.04 15:06:47.146,1.72107,1.72145,1.00,1.75
2016.08.04 15:06:47.197,1.72107,1.72145,1.50,1.75
2016.08.04 15:06:47.247,1.72107,1.72145,1.50,1.75
2016.08.04 15:06:47.399,1.72107,1.72145,1.87,1.75
2016.08.04 15:06:47.450,1.72109,1.72144,1.00,1.00
2016.08.04 15:06:47.761,1.72109,1.72144,1.50,1.00
2016.08.04 15:06:48.295,1.7211,1.72144,1.00,1.00
2016.08.04 15:06:49.596,1.72109,1.72141,1.00,1.00
2016.08.04 15:06:49.646,1.72109,1.7214,1.00,1.00
2016.08.04 15:06:49.793,1.72102,1.7214,1.37,1.37
2016.08.04 15:06:49.844,1.72102,1.7214,1.12,1.75
2016.08.04 15:06:49.996,1.72102,1.72137,1.12,1.12
2016.08.04 15:06:50.200,1.72102,1.7214,1.12,1.75
2016.08.04 15:06:50.301,1.72102,1.7214,1.87,1.75
2016.08.04 15:06:50.352,1.72102,1.7214,1.12,1.75
2016.08.04 15:06:50.548,1.72102,1.7214,1.00,1.75
2016.08.04 15:06:50.700,1.72101,1.7214,1.50,1.75
2016.08.04 15:06:50.751,1.72101,1.7214,1.50,1.75
2016.08.04 15:06:50.901,1.721,1.7214,1.75,2.25
2016.08.04 15:06:51.070,1.721,1.7214,1.75,1.75
2016.08.04 15:06:51.292,1.721,1.7214,2.25,1.75
2016.08.04 15:06:51.503,1.721,1.7214,1.75,1.75
2016.08.04 15:06:51.757,1.721,1.72137,1.75,1.12
2016.08.04 15:06:51.959,1.721,1.7214,1.75,1.75
2016.08.04 15:06:52.857,1.721,1.72138,1.75,1.50
2016.08.04 15:06:54.141,1.721,1.72138,1.00,1.75
2016.08.04 15:06:54.669,1.721,1.72138,1.50,1.75
2016.08.04 15:06:54.923,1.721,1.72138,1.00,1.75
2016.08.04 15:06:55.058,1.72101,1.72138,1.00,1.75
2016.08.04 15:06:55.571,1.72101,1.7214,1.00,1.75
2016.08.04 15:06:55.672,1.721,1.7214,1.00,1.75
2016.08.04 15:06:55.883,1.72101,1.7214,1.00,1.75
2016.08.04 15:06:55.985,1.721,1.7214,1.50,1.75
2016.08.04 15:06:56.098,1.721,1.7214,1.00,1.75
2016.08.04 15:06:56.151,1.721,1.72138,1.12,1.75
2016.08.04 15:06:56.201,1.721,1.72138,1.12,2.25
2016.08.04 15:06:56.354,1.721,1.72138,1.12,1.75
2016.08.04 15:06:56.455,1.72102,1.72138,1.00,1.75
2016.08.04 15:06:58.537,1.721,1.72138,1.12,1.75
2016.08.04 15:06:58.588,1.72099,1.72136,1.37,1.50
2016.08.04 15:06:58.639,1.72099,1.72136,1.00,1.50
2016.08.04 15:06:58.690,1.72097,1.72134,1.12,1.75
2016.08.04 15:06:58.792,1.72096,1.72133,2.25,1.75
2016.08.04 15:06:58.842,1.72096,1.72133,1.75,1.75
2016.08.04 15:06:58.894,1.72099,1.72133,1.00,1.75
2016.08.04 15:06:58.995,1.72095,1.72133,2.62,1.75
2016.08.04 15:06:59.046,1.72096,1.72133,1.75,1.75
2016.08.04 15:06:59.097,1.72096,1.72133,1.87,1.75
2016.08.04 15:06:59.299,1.72096,1.72133,2.62,1.75
2016.08.04 15:06:59.350,1.72096,1.72133,1.87,1.75
2016.08.04 15:06:59.400,1.72096,1.72133,1.37,1.75
2016.08.04 15:06:59.451,1.72096,1.72133,1.87,1.75
2016.08.04 15:06:59.618,1.72096,1.72133,1.37,1.75
2016.08.04 15:06:59.719,1.72096,1.72133,1.87,1.75
2016.08.04 15:06:59.823,1.72097,1.72133,1.00,1.75
2016.08.04 15:07:00.041,1.72097,1.72133,1.00,1.75
2016.08.04 15:07:00.142,1.72102,1.72133,1.00,1.00
2016.08.04 15:07:00.193,1.72102,1.72135,1.00,3.00
2016.08.04 15:07:00.294,1.72102,1.72135,1.00,2.25
2016.08.04 15:07:00.345,1.72102,1.72135,1.00,1.50
2016.08.04 15:07:05.428,1.72101,1.72135,1.00,1.50
2016.08.04 15:07:05.772,1.72097,1.72135,3.00,3.00
2016.08.04 15:07:05.823,1.72097,1.7213,2.25,1.00
2016.08.04 15:07:05.873,1.72097,1.7213,1.50,1.75
2016.08.04 15:07:11.278,1.72097,1.7213,1.00,1.75
2016.08.04 15:07:12.130,1.72097,1.7213,1.00,1.75
2016.08.04 15:07:13.184,1.72097,1.7213,1.50,1.00
2016.08.04 15:07:13.235,1.72097,1.72131,1.50,1.00
2016.08.04 15:07:13.286,1.72097,1.72129,1.00,1.00
2016.08.04 15:07:13.387,1.72097,1.72129,1.00,1.00
2016.08.04 15:07:15.248,1.72102,1.72129,1.00,1.00
2016.08.04 15:07:15.349,1.72102,1.72129,1.00,1.00
2016.08.04 15:07:15.450,1.72102,1.72129,1.00,1.00
2016.08.04 15:07:15.552,1.72102,1.72135,1.00,1.00
2016.08.04 15:07:15.602,1.72102,1.72135,1.00,1.00
2016.08.04 15:07:16.144,1.72102,1.72135,1.50,1.00
2016.08.04 15:07:16.418,1.72102,1.72135,1.00,1.00
2016.08.04 15:07:16.469,1.72098,1.72135,1.75,1.37
2016.08.04 15:07:16.519,1.721,1.72135,1.00,1.75
2016.08.04 15:07:16.570,1.721,1.72138,1.87,2.25
2016.08.04 15:07:16.621,1.721,1.72138,2.25,2.25
2016.08.04 15:07:16.722,1.72105,1.72138,1.00,2.25
2016.08.04 15:07:16.823,1.72105,1.72138,1.00,2.25
2016.08.04 15:07:16.874,1.72105,1.7214,1.87,1.37
2016.08.04 15:07:16.924,1.72107,1.72142,1.00,3.00
2016.08.04 15:07:16.975,1.72107,1.72142,1.00,2.25
2016.08.04 15:07:17.138,1.72107,1.72142,1.00,1.50
2016.08.04 15:07:17.828,1.72107,1.72142,1.00,1.50
2016.08.04 15:07:17.929,1.72107,1.72142,1.00,1.50
2016.08.04 15:07:18.208,1.72107,1.72142,1.00,1.50
2016.08.04 15:07:18.513,1.7211,1.72142,1.50,1.50
2016.08.04 15:07:18.615,1.7211,1.72142,1.00,1.50
2016.08.04 15:07:18.716,1.7211,1.72142,1.00,1.00
2016.08.04 15:07:19.252,1.72109,1.72142,1.00,1.00
2016.08.04 15:07:19.755,1.72109,1.72142,1.00,1.00
2016.08.04 15:07:19.908,1.72107,1.72138,1.00,1.00
2016.08.04 15:07:20.053,1.72107,1.72138,1.00,1.00
2016.08.04 15:07:20.104,1.72106,1.72137,1.00,1.00
2016.08.04 15:07:20.155,1.72106,1.72137,1.00,1.00
2016.08.04 15:07:20.256,1.72103,1.72137,1.00,1.00
2016.08.04 15:07:20.357,1.72101,1.72137,2.25,1.00
2016.08.04 15:07:20.459,1.72106,1.72137,1.00,1.00
2016.08.04 15:07:20.662,1.72106,1.72133,1.00,1.00
2016.08.04 15:07:20.814,1.72112,1.72137,1.00,1.50
2016.08.04 15:07:20.865,1.72112,1.72137,1.00,1.00
2016.08.04 15:07:21.182,1.72106,1.72137,1.00,1.00
2016.08.04 15:07:21.233,1.72106,1.72137,1.00,1.00
2016.08.04 15:07:21.283,1.72112,1.72137,1.00,1.00
2016.08.04 15:07:21.439,1.72111,1.72137,1.00,1.00
2016.08.04 15:07:22.849,1.72111,1.72137,1.00,1.00
2016.08.04 15:07:23.361,1.72112,1.72137,1.00,1.00
2016.08.04 15:07:23.462,1.72107,1.72137,1.50,1.00
2016.08.04 15:07:23.821,1.72107,1.72137,1.00,1.00
2016.08.04 15:07:24.321,1.72107,1.72137,1.50,1.00
2016.08.04 15:07:24.372,1.72112,1.72137,1.00,1.00
2016.08.04 15:07:24.523,1.72111,1.72137,1.00,1.00
2016.08.04 15:07:24.574,1.72107,1.72137,1.50,1.00
2016.08.04 15:07:24.625,1.72107,1.72141,1.37,1.12
2016.08.04 15:07:24.675,1.72106,1.72141,1.50,1.12
2016.08.04 15:07:24.834,1.72106,1.72141,1.50,1.12
2016.08.04 15:07:24.966,1.72106,1.72138,1.37,1.12
2016.08.04 15:07:25.017,1.72106,1.72136,1.00,1.75
2016.08.04 15:07:25.625,1.72106,1.72135,1.00,1.75
2016.08.04 15:07:26.087,1.72111,1.72138,1.00,1.75
2016.08.04 15:07:26.137,1.72111,1.72141,1.00,1.75
2016.08.04 15:07:26.238,1.72111,1.72144,1.00,1.75
2016.08.04 15:07:26.289,1.72111,1.72145,1.37,1.37
2016.08.04 15:07:26.340,1.72112,1.72145,1.50,1.00
2016.08.04 15:07:26.391,1.72116,1.72146,1.00,1.00
2016.08.04 15:07:26.527,1.72116,1.72147,1.00,1.50
2016.08.04 15:07:27.129,1.72116,1.72146,1.00,1.00
2016.08.04 15:07:27.482,1.72112,1.72146,1.50,1.00
2016.08.04 15:07:28.978,1.72117,1.72146,1.00,1.00
2016.08.04 15:07:29.029,1.72117,1.72147,1.00,1.50
2016.08.04 15:07:29.297,1.72112,1.72146,1.00,1.00
2016.08.04 15:07:29.348,1.72112,1.72146,1.00,1.00
2016.08.04 15:07:29.492,1.72113,1.72146,1.00,1.00
2016.08.04 15:07:29.544,1.72112,1.72142,1.50,1.00
2016.08.04 15:07:29.595,1.72111,1.72141,1.00,1.37
2016.08.04 15:07:29.646,1.72108,1.72141,1.00,1.75
2016.08.04 15:07:29.696,1.72108,1.72141,1.00,1.75
2016.08.04 15:07:29.747,1.72107,1.72141,1.00,2.25
2016.08.04 15:07:29.966,1.72107,1.72141,1.50,2.25
2016.08.04 15:07:30.016,1.72107,1.7214,1.50,1.75
2016.08.04 15:07:30.067,1.72107,1.7214,1.00,1.75
2016.08.04 15:07:30.570,1.72106,1.7214,1.00,1.75
2016.08.04 15:07:30.672,1.72105,1.7214,1.00,1.75
2016.08.04 15:07:30.723,1.72105,1.72135,1.00,1.00
2016.08.04 15:07:30.825,1.72105,1.72139,1.00,1.00
2016.08.04 15:07:30.876,1.72105,1.72139,1.00,1.00
2016.08.04 15:07:31.248,1.72105,1.72139,1.00,1.00
2016.08.04 15:07:31.349,1.72105,1.72139,1.00,1.00
2016.08.04 15:07:31.944,1.72105,1.72139,1.00,1.00
2016.08.04 15:07:33.034,1.7211,1.72141,1.12,1.00
2016.08.04 15:07:33.085,1.7211,1.72141,1.12,1.00
2016.08.04 15:07:33.135,1.72109,1.72145,2.25,1.75
2016.08.04 15:07:33.186,1.72109,1.72145,2.25,1.75
2016.08.04 15:07:33.237,1.72109,1.72145,2.25,2.25
2016.08.04 15:07:33.287,1.72109,1.72145,2.25,2.25
2016.08.04 15:07:33.338,1.72109,1.72142,1.50,1.00
2016.08.04 15:07:33.439,1.72109,1.72139,1.00,1.00
2016.08.04 15:07:34.148,1.72109,1.72139,1.00,1.50
2016.08.04 15:07:34.255,1.72109,1.72139,1.00,1.00
2016.08.04 15:07:35.318,1.72109,1.72136,1.00,1.00
2016.08.04 15:07:36.018,1.72109,1.72137,1.00,1.00
2016.08.04 15:07:36.069,1.72105,1.72137,1.00,1.00
2016.08.04 15:07:36.120,1.72105,1.72137,1.50,1.00
2016.08.04 15:07:36.221,1.72105,1.72139,1.50,1.50
2016.08.04 15:07:36.469,1.72105,1.72134,1.50,1.00
2016.08.04 15:07:36.672,1.72105,1.72134,1.50,1.00
2016.08.04 15:07:36.722,1.72105,1.72134,1.00,1.00
2016.08.04 15:07:37.462,1.72105,1.72134,1.00,1.00
2016.08.04 15:07:37.564,1.72105,1.72134,1.00,1.00
2016.08.04 15:07:37.684,1.72105,1.72134,1.00,1.00
2016.08.04 15:07:37.735,1.72108,1.72141,1.00,1.75
2016.08.04 15:07:39.128,1.72108,1.72142,1.00,1.75
2016.08.04 15:07:40.366,1.72105,1.72141,1.00,1.75
2016.08.04 15:07:40.467,1.72105,1.72141,1.00,1.75
2016.08.04 15:07:40.619,1.72105,1.72135,1.00,1.00
2016.08.04 15:07:40.669,1.72105,1.72135,1.00,1.00
2016.08.04 15:07:40.720,1.72105,1.72138,1.00,1.75
2016.08.04 15:07:40.771,1.72102,1.72134,1.37,1.37
2016.08.04 15:07:40.821,1.72099,1.72134,1.50,1.75
2016.08.04 15:07:41.978,1.72099,1.72135,1.50,2.25
2016.08.04 15:07:42.028,1.72099,1.72131,1.50,1.50
2016.08.04 15:07:42.230,1.72099,1.72131,1.00,1.50
2016.08.04 15:07:42.454,1.72099,1.72132,1.00,2.25
2016.08.04 15:07:42.505,1.72097,1.7213,1.00,1.37
2016.08.04 15:07:42.607,1.72096,1.7213,1.12,1.37
2016.08.04 15:07:42.658,1.72096,1.7213,1.12,1.75
2016.08.04 15:07:42.714,1.72096,1.7213,1.00,1.75
2016.08.04 15:07:43.000,1.72095,1.72127,1.00,1.50
2016.08.04 15:07:43.084,1.72097,1.72127,1.00,1.50
2016.08.04 15:07:43.213,1.72095,1.72127,1.00,1.50
2016.08.04 15:07:43.382,1.72096,1.72127,1.00,1.50
2016.08.04 15:07:43.896,1.72097,1.72127,1.00,1.50
2016.08.04 15:07:44.098,1.72096,1.72126,1.00,1.12
2016.08.04 15:07:44.199,1.72091,1.72126,1.12,1.12
2016.08.04 15:07:44.385,1.72092,1.72127,1.00,1.50
2016.08.04 15:07:44.435,1.72092,1.72126,1.00,1.12
2016.08.04 15:07:44.739,1.72092,1.72127,1.00,1.50
2016.08.04 15:07:45.059,1.72092,1.72126,1.00,1.12
2016.08.04 15:07:46.032,1.72092,1.72124,1.00,1.00
2016.08.04 15:07:46.874,1.72092,1.72124,1.00,1.00
2016.08.04 15:07:46.976,1.72092,1.72125,1.00,1.00
2016.08.04 15:07:47.285,1.72091,1.72124,1.12,1.00
2016.08.04 15:07:47.861,1.72091,1.72124,1.12,1.37
2016.08.04 15:07:47.986,1.72091,1.72124,1.00,1.75
2016.08.04 15:07:48.445,1.72091,1.72124,1.50,1.75
2016.08.04 15:07:48.496,1.72092,1.72123,1.00,1.75
2016.08.04 15:07:48.648,1.72087,1.72119,1.87,1.37
2016.08.04 15:07:48.699,1.72087,1.72119,1.12,1.37
2016.08.04 15:07:48.749,1.72087,1.72119,1.00,1.75
2016.08.04 15:07:48.801,1.72084,1.72119,1.37,1.75
2016.08.04 15:07:48.852,1.72084,1.72119,1.00,1.75
2016.08.04 15:07:48.903,1.72084,1.72119,1.50,1.75
2016.08.04 15:07:49.004,1.72084,1.72114,1.00,1.00
2016.08.04 15:07:49.176,1.72084,1.72114,1.00,1.00
2016.08.04 15:07:49.317,1.72082,1.72114,1.00,1.00
2016.08.04 15:07:49.419,1.72081,1.72114,1.12,1.00
2016.08.04 15:07:49.520,1.72082,1.72113,1.00,1.00
2016.08.04 15:07:49.698,1.72081,1.72113,1.12,1.00
2016.08.04 15:07:49.941,1.72081,1.72114,1.12,1.50
2016.08.04 15:07:50.042,1.72081,1.72113,1.12,1.00
2016.08.04 15:07:50.143,1.72081,1.72114,1.12,1.50
2016.08.04 15:07:50.611,1.72081,1.72114,1.12,1.00
2016.08.04 15:07:51.510,1.72081,1.72114,1.12,1.50
2016.08.04 15:07:51.761,1.72081,1.72114,1.12,1.00
2016.08.04 15:07:52.224,1.72081,1.72109,1.12,1.00
2016.08.04 15:07:52.757,1.72081,1.72111,1.12,1.00
2016.08.04 15:07:53.275,1.72081,1.7211,1.12,1.00
2016.08.04 15:07:53.877,1.72081,1.72111,1.12,1.00
2016.08.04 15:07:53.927,1.72091,1.72115,1.00,1.12
2016.08.04 15:07:53.978,1.72091,1.72119,1.00,1.00
2016.08.04 15:07:54.029,1.72092,1.7212,1.00,1.12
2016.08.04 15:07:54.080,1.72092,1.7212,1.00,1.12
2016.08.04 15:07:54.131,1.72092,1.72122,1.00,1.75
2016.08.04 15:07:54.332,1.72091,1.72122,1.00,2.25
2016.08.04 15:07:54.383,1.72094,1.72122,1.00,1.50
2016.08.04 15:07:54.433,1.72096,1.72122,1.00,1.00
2016.08.04 15:07:54.484,1.72096,1.72122,1.00,1.00
2016.08.04 15:07:54.586,1.72097,1.72128,1.00,1.00
2016.08.04 15:07:54.636,1.72101,1.72129,1.00,1.12
2016.08.04 15:07:54.687,1.72101,1.72129,1.00,1.00
2016.08.04 15:07:54.789,1.721,1.72133,1.00,1.00
2016.08.04 15:07:55.414,1.721,1.72133,1.00,1.00
2016.08.04 15:07:55.521,1.72101,1.72133,1.00,1.00
2016.08.04 15:07:56.068,1.721,1.72133,1.00,1.00
2016.08.04 15:07:56.575,1.72099,1.72133,1.00,1.50
2016.08.04 15:07:56.626,1.72097,1.72132,1.00,1.12
2016.08.04 15:07:57.502,1.72102,1.72132,1.00,1.12
2016.08.04 15:07:58.440,1.72102,1.72133,1.00,2.25
2016.08.04 15:07:59.230,1.72102,1.72132,1.00,1.12
2016.08.04 15:07:59.331,1.72101,1.72133,1.00,2.25
2016.08.04 15:07:59.882,1.72102,1.72133,1.00,2.25
2016.08.04 15:08:00.679,1.72102,1.72132,1.00,1.12
2016.08.04 15:08:01.134,1.72102,1.72133,1.00,2.25
2016.08.04 15:08:01.631,1.72102,1.72133,1.00,1.50
2016.08.04 15:08:01.681,1.72102,1.72133,1.00,1.00
2016.08.04 15:08:01.833,1.72102,1.72135,1.00,1.37
2016.08.04 15:08:02.238,1.72102,1.72136,1.00,1.50
2016.08.04 15:08:02.339,1.72101,1.72135,1.12,1.37
2016.08.04 15:08:02.542,1.72106,1.72136,1.00,1.50
2016.08.04 15:08:02.648,1.72107,1.72137,1.50,1.75
2016.08.04 15:08:02.699,1.72107,1.72142,2.25,2.25
2016.08.04 15:08:02.750,1.72112,1.72142,1.00,1.00
2016.08.04 15:08:02.801,1.72112,1.72142,1.00,1.00
2016.08.04 15:08:03.186,1.72112,1.72144,1.00,1.12
2016.08.04 15:08:03.237,1.72112,1.72144,1.00,1.12
2016.08.04 15:08:03.699,1.72112,1.72144,1.00,1.12
2016.08.04 15:08:03.800,1.72111,1.72144,1.00,1.12
2016.08.04 15:08:04.192,1.72111,1.72144,1.75,1.00
2016.08.04 15:08:04.703,1.72112,1.72144,1.75,1.00
2016.08.04 15:08:05.455,1.72116,1.72144,1.00,1.00
2016.08.04 15:08:06.766,1.72117,1.72144,1.00,1.00
2016.08.04 15:08:08.717,1.72112,1.72144,1.75,1.00
2016.08.04 15:08:09.258,1.72116,1.72144,1.00,1.00
2016.08.04 15:08:09.359,1.72117,1.72147,1.00,1.00
2016.08.04 15:08:09.410,1.72112,1.72146,1.75,1.12
2016.08.04 15:08:09.461,1.7211,1.7214,1.75,1.00
2016.08.04 15:08:09.616,1.72104,1.72129,1.50,1.00
2016.08.04 15:08:09.667,1.72099,1.72129,1.00,1.75
2016.08.04 15:08:09.718,1.72097,1.72126,1.00,1.12
2016.08.04 15:08:09.819,1.72096,1.72127,1.00,1.50
2016.08.04 15:08:10.158,1.72096,1.72128,1.00,1.75
2016.08.04 15:08:10.259,1.72096,1.72128,1.00,1.75
2016.08.04 15:08:10.310,1.72096,1.72127,1.00,1.50
2016.08.04 15:08:10.668,1.72096,1.72128,1.00,1.75
2016.08.04 15:08:10.720,1.72096,1.72128,1.50,1.00
2016.08.04 15:08:10.909,1.72097,1.72128,1.75,1.00
2016.08.04 15:08:11.011,1.72097,1.72128,1.00,1.00
2016.08.04 15:08:11.062,1.72097,1.72128,1.50,1.00
2016.08.04 15:08:11.163,1.72097,1.7213,1.50,1.00
2016.08.04 15:08:11.580,1.72097,1.7213,1.00,1.00
2016.08.04 15:08:11.732,1.72101,1.7213,1.00,1.00
2016.08.04 15:08:11.783,1.72101,1.7213,1.12,1.00
2016.08.04 15:08:12.037,1.72097,1.7213,2.25,1.00
2016.08.04 15:08:12.088,1.72098,1.7213,1.75,1.00
2016.08.04 15:08:12.262,1.72102,1.7213,1.00,1.00
2016.08.04 15:08:13.427,1.72101,1.7213,1.12,1.00
2016.08.04 15:08:13.674,1.72102,1.7213,1.00,1.00
2016.08.04 15:08:13.966,1.72101,1.7213,1.12,1.00
2016.08.04 15:08:14.230,1.72097,1.7213,1.75,1.00
2016.08.04 15:08:14.332,1.72101,1.72129,1.12,1.00
2016.08.04 15:08:14.382,1.72101,1.72129,1.00,1.50
2016.08.04 15:08:14.433,1.72097,1.72129,1.00,1.50
2016.08.04 15:08:14.544,1.72097,1.72129,1.00,1.00
2016.08.04 15:08:15.275,1.72096,1.72129,1.00,1.00
2016.08.04 15:08:15.774,1.72096,1.7213,1.00,2.25
2016.08.04 15:08:15.824,1.72096,1.72125,1.00,1.50
2016.08.04 15:08:15.925,1.72096,1.72122,1.00,1.00
2016.08.04 15:08:16.026,1.72092,1.72124,1.00,1.00
2016.08.04 15:08:16.230,1.72097,1.72124,1.00,1.00
2016.08.04 15:08:16.473,1.72092,1.72124,1.00,1.00
2016.08.04 15:08:16.676,1.72096,1.72124,1.00,1.00
2016.08.04 15:08:18.455,1.72096,1.72125,1.00,1.00
2016.08.04 15:08:18.732,1.72091,1.72125,1.00,1.00
2016.08.04 15:08:19.233,1.72092,1.72124,1.00,1.00
2016.08.04 15:08:19.544,1.72092,1.72122,1.00,1.00
2016.08.04 15:08:19.645,1.72092,1.72119,1.00,1.12
2016.08.04 15:08:19.939,1.7209,1.72119,1.00,1.12
2016.08.04 15:08:20.040,1.7209,1.72119,1.00,1.12
2016.08.04 15:08:20.091,1.72089,1.72118,1.00,1.00
2016.08.04 15:08:20.142,1.7208,1.72115,1.75,1.00
2016.08.04 15:08:20.192,1.7208,1.72115,1.12,1.75
2016.08.04 15:08:20.344,1.7208,1.72114,1.12,1.50
2016.08.04 15:08:20.395,1.72079,1.72113,1.00,1.75
2016.08.04 15:08:20.446,1.72077,1.72112,1.50,2.25
2016.08.04 15:08:20.574,1.72077,1.72112,1.50,3.00
2016.08.04 15:08:20.836,1.72077,1.72111,1.50,1.75
2016.08.04 15:08:20.887,1.72077,1.72111,1.00,1.75
2016.08.04 15:08:20.938,1.72078,1.72113,1.50,2.25
2016.08.04 15:08:20.988,1.72078,1.72113,1.87,2.25
2016.08.04 15:08:21.039,1.72077,1.72113,2.25,1.12
2016.08.04 15:08:21.140,1.72078,1.72113,1.12,1.12
2016.08.04 15:08:21.691,1.72078,1.72113,1.37,1.00
2016.08.04 15:08:21.742,1.72082,1.72113,1.37,1.00
2016.08.04 15:08:21.899,1.72083,1.72116,1.12,1.12
2016.08.04 15:08:21.950,1.72082,1.72116,1.87,1.37
2016.08.04 15:08:22.052,1.72082,1.72115,1.37,1.12
2016.08.04 15:08:22.154,1.72077,1.72112,1.75,1.50
2016.08.04 15:08:22.205,1.72077,1.72111,1.00,1.00
2016.08.04 15:08:22.257,1.72076,1.72111,2.25,1.87
2016.08.04 15:08:22.307,1.72076,1.72107,2.25,1.00
2016.08.04 15:08:22.358,1.72076,1.72107,1.50,1.00
2016.08.04 15:08:22.460,1.72076,1.72107,1.50,1.12
2016.08.04 15:08:22.510,1.72076,1.72107,1.00,1.87
2016.08.04 15:08:22.561,1.72076,1.72107,1.00,2.25
2016.08.04 15:08:23.067,1.72074,1.72107,1.00,1.75
2016.08.04 15:08:23.118,1.72074,1.72107,1.75,1.00
2016.08.04 15:08:23.169,1.72075,1.72109,1.75,1.00
2016.08.04 15:08:23.275,1.72074,1.72105,1.75,1.00
2016.08.04 15:08:23.376,1.72074,1.72108,1.75,1.00
2016.08.04 15:08:23.477,1.72075,1.72112,1.75,2.25
2016.08.04 15:08:23.629,1.72074,1.72112,1.75,1.50
2016.08.04 15:08:23.679,1.72077,1.72113,1.12,2.25
2016.08.04 15:08:23.730,1.72077,1.72113,1.12,1.75
2016.08.04 15:08:23.781,1.72077,1.72114,1.87,1.75
2016.08.04 15:08:23.900,1.72081,1.72116,1.00,1.50
2016.08.04 15:08:23.951,1.72081,1.72116,1.00,1.00
2016.08.04 15:08:24.153,1.72081,1.72116,1.00,1.50
2016.08.04 15:08:24.558,1.72081,1.72113,1.00,1.00
2016.08.04 15:08:24.761,1.7208,1.72113,1.50,1.00
2016.08.04 15:08:24.983,1.72081,1.72113,1.00,1.00
2016.08.04 15:08:25.033,1.72081,1.72115,1.00,1.00
2016.08.04 15:08:25.544,1.72081,1.72114,1.00,1.00
2016.08.04 15:08:25.645,1.72081,1.72114,1.00,1.00
2016.08.04 15:08:25.696,1.7208,1.72114,1.00,1.50
2016.08.04 15:08:25.747,1.7208,1.72114,1.00,1.00
2016.08.04 15:08:25.951,1.7208,1.72114,1.00,1.50
2016.08.04 15:08:26.052,1.7208,1.72106,1.00,1.00
2016.08.04 15:08:26.173,1.7208,1.72103,1.00,1.00
2016.08.04 15:08:26.224,1.72075,1.72103,1.50,1.00
2016.08.04 15:08:26.274,1.7207,1.72102,1.75,1.00
2016.08.04 15:08:26.325,1.72067,1.72102,1.00,1.50
2016.08.04 15:08:26.534,1.72065,1.72102,1.50,1.50
2016.08.04 15:08:26.584,1.72066,1.72102,1.12,1.50
2016.08.04 15:08:27.547,1.72065,1.72102,1.50,1.50
2016.08.04 15:08:29.237,1.72064,1.72102,1.75,1.50
2016.08.04 15:08:29.687,1.72064,1.72102,1.75,1.50
2016.08.04 15:08:31.562,1.72064,1.721,1.75,1.00
2016.08.04 15:08:31.846,1.72064,1.72102,1.75,2.25
2016.08.04 15:08:32.572,1.72067,1.72102,1.00,2.25
2016.08.04 15:08:32.622,1.72069,1.72102,1.00,1.50
2016.08.04 15:08:32.774,1.72069,1.72104,1.00,1.75
2016.08.04 15:08:33.159,1.72068,1.72102,1.00,1.50
2016.08.04 15:08:33.214,1.72068,1.72102,1.00,2.25
2016.08.04 15:08:33.264,1.72071,1.72104,1.00,2.25
2016.08.04 15:08:33.315,1.72071,1.72104,1.00,1.75
2016.08.04 15:08:33.366,1.72068,1.72104,1.00,1.75
2016.08.04 15:08:33.417,1.72068,1.72104,1.50,1.12
2016.08.04 15:08:33.569,1.72068,1.72103,1.50,1.00
2016.08.04 15:08:33.670,1.72068,1.72105,1.50,1.87
2016.08.04 15:08:33.771,1.72072,1.72105,1.00,1.87
2016.08.04 15:08:33.949,1.72072,1.72104,1.00,1.12
2016.08.04 15:08:34.101,1.72072,1.72102,1.00,1.00
2016.08.04 15:08:34.156,1.72068,1.72102,1.50,1.00
2016.08.04 15:08:34.257,1.72068,1.72102,1.50,1.00
2016.08.04 15:08:34.308,1.72062,1.72095,3.00,1.00
2016.08.04 15:08:34.360,1.72072,1.72094,1.00,1.00
2016.08.04 15:08:34.411,1.72072,1.72092,1.00,1.00
2016.08.04 15:08:34.512,1.72072,1.72096,1.00,1.87
2016.08.04 15:08:34.563,1.72072,1.72093,1.00,1.12
2016.08.04 15:08:34.614,1.72072,1.72093,1.00,1.87
2016.08.04 15:08:34.732,1.72072,1.72093,1.00,1.75
2016.08.04 15:08:34.833,1.72072,1.72098,1.00,1.87
2016.08.04 15:08:34.884,1.72071,1.72098,1.00,1.12
2016.08.04 15:08:35.138,1.72071,1.72099,1.00,1.50
2016.08.04 15:08:35.188,1.72071,1.721,1.00,2.25
2016.08.04 15:08:35.239,1.72071,1.721,1.00,1.50
2016.08.04 15:08:35.290,1.72071,1.72099,1.00,1.00
2016.08.04 15:08:35.808,1.72071,1.721,1.00,1.00
2016.08.04 15:08:36.183,1.72071,1.72098,1.00,1.00
2016.08.04 15:08:36.234,1.72071,1.72098,1.00,1.75
2016.08.04 15:08:36.335,1.72071,1.72095,1.00,1.37
2016.08.04 15:08:36.436,1.72071,1.72096,1.00,1.50
2016.08.04 15:08:36.639,1.72071,1.72095,1.00,1.37
2016.08.04 15:08:37.029,1.72071,1.72098,1.00,1.75
2016.08.04 15:08:37.084,1.72071,1.72102,1.00,2.25
2016.08.04 15:08:37.286,1.72071,1.72102,1.00,1.50
2016.08.04 15:08:37.337,1.72071,1.72101,1.00,1.37
2016.08.04 15:08:38.176,1.72067,1.72101,1.00,1.37
2016.08.04 15:08:38.277,1.72066,1.72101,1.12,1.37
2016.08.04 15:08:38.748,1.72066,1.72102,1.12,1.50
2016.08.04 15:08:38.901,1.72072,1.72102,1.00,1.50
2016.08.04 15:08:39.160,1.72072,1.72101,1.00,1.37
2016.08.04 15:08:39.463,1.72072,1.72105,1.50,1.75
2016.08.04 15:08:39.514,1.72086,1.72108,1.00,1.75
2016.08.04 15:08:39.565,1.72081,1.72107,1.00,1.00
2016.08.04 15:08:39.666,1.7208,1.72114,1.00,1.87
2016.08.04 15:08:39.717,1.7208,1.72116,1.00,1.75
2016.08.04 15:08:39.767,1.72079,1.72115,1.00,1.75
2016.08.04 15:08:39.818,1.72079,1.72115,1.00,1.75
2016.08.04 15:08:40.186,1.72081,1.72116,1.00,1.75
2016.08.04 15:08:40.591,1.72077,1.72116,1.00,1.75
2016.08.04 15:08:40.793,1.72079,1.72116,1.00,1.75
2016.08.04 15:08:41.114,1.72082,1.72116,1.00,1.75
2016.08.04 15:08:41.169,1.72078,1.72116,1.00,1.75
2016.08.04 15:08:41.322,1.72076,1.7211,1.12,1.37
2016.08.04 15:08:41.373,1.72073,1.72107,1.75,1.00
2016.08.04 15:08:41.424,1.72073,1.72107,1.75,1.00
2016.08.04 15:08:41.474,1.7207,1.72107,1.37,1.75
2016.08.04 15:08:41.576,1.72071,1.72107,1.87,1.75
2016.08.04 15:08:41.780,1.72071,1.72107,1.12,1.75
2016.08.04 15:08:42.759,1.72075,1.72109,1.00,1.75
2016.08.04 15:08:42.809,1.72079,1.7211,1.12,1.75
2016.08.04 15:08:42.860,1.72081,1.72114,1.00,1.50
2016.08.04 15:08:43.017,1.72082,1.72118,1.00,1.87
2016.08.04 15:08:43.068,1.72082,1.72118,1.00,1.75
2016.08.04 15:08:43.810,1.72081,1.72118,1.00,1.75
2016.08.04 15:08:44.362,1.72084,1.72118,1.00,1.75
2016.08.04 15:08:44.717,1.72084,1.72118,1.00,1.75
2016.08.04 15:08:44.768,1.7208,1.72114,1.12,1.12
2016.08.04 15:08:45.421,1.7208,1.72114,1.12,1.12
2016.08.04 15:08:45.766,1.7208,1.72114,1.87,1.12
2016.08.04 15:08:46.057,1.7208,1.72114,1.12,1.12
2016.08.04 15:08:46.988,1.72082,1.72114,1.00,1.12
2016.08.04 15:08:47.669,1.7208,1.72114,1.12,1.12
2016.08.04 15:08:47.901,1.7208,1.72114,1.87,1.12
2016.08.04 15:08:48.129,1.7208,1.72114,1.87,1.12
2016.08.04 15:08:48.180,1.7208,1.72114,1.12,1.12
2016.08.04 15:08:48.823,1.7208,1.72114,1.12,1.12
2016.08.04 15:08:48.874,1.7208,1.72114,1.87,1.12
2016.08.04 15:08:48.925,1.7208,1.72114,1.87,1.12
2016.08.04 15:08:49.073,1.72083,1.72114,1.00,1.12
2016.08.04 15:08:50.591,1.72083,1.72114,1.00,1.75
2016.08.04 15:08:50.642,1.72083,1.72114,1.00,1.75
2016.08.04 15:08:51.013,1.72083,1.72112,1.00,1.75
2016.08.04 15:08:51.476,1.72083,1.72114,1.00,2.25
2016.08.04 15:08:52.415,1.72083,1.72112,1.00,1.00
2016.08.04 15:08:52.465,1.72083,1.72114,1.00,2.25
2016.08.04 15:08:53.077,1.72083,1.72114,1.00,1.75
2016.08.04 15:08:53.128,1.72083,1.72113,1.00,1.00
2016.08.04 15:08:53.178,1.72083,1.72118,1.00,1.75
2016.08.04 15:08:53.229,1.72083,1.72118,1.00,1.37
2016.08.04 15:08:53.329,1.72083,1.72118,1.00,2.62
2016.08.04 15:08:53.380,1.72078,1.72111,1.00,1.00
2016.08.04 15:08:53.430,1.72078,1.72111,1.00,1.37
2016.08.04 15:08:53.481,1.72078,1.72111,1.00,1.75
2016.08.04 15:08:54.016,1.72077,1.7211,1.00,1.75
2016.08.04 15:08:54.292,1.72077,1.7211,1.00,1.50
2016.08.04 15:08:54.393,1.72077,1.7211,1.00,1.12
2016.08.04 15:08:54.602,1.72077,1.7211,1.00,1.12
2016.08.04 15:08:54.703,1.72077,1.7211,1.00,1.87
2016.08.04 15:08:54.889,1.72077,1.72109,1.00,1.00
2016.08.04 15:08:57.406,1.72075,1.72109,1.12,1.00
2016.08.04 15:08:57.609,1.72076,1.72109,1.00,1.00
2016.08.04 15:08:58.389,1.72074,1.72109,1.50,1.00
2016.08.04 15:08:58.812,1.72076,1.72109,1.00,1.00
2016.08.04 15:08:58.990,1.72074,1.72109,2.25,1.00
2016.08.04 15:08:59.114,1.72074,1.7211,1.50,2.62
2016.08.04 15:08:59.215,1.72074,1.72105,1.12,1.37
2016.08.04 15:08:59.266,1.72074,1.72105,1.00,1.75
2016.08.04 15:08:59.316,1.72074,1.72105,1.00,1.75
2016.08.04 15:08:59.729,1.7207,1.72105,1.12,1.75
2016.08.04 15:09:00.959,1.7207,1.72105,1.12,1.75
2016.08.04 15:09:01.009,1.72073,1.72107,1.00,1.75
2016.08.04 15:09:01.060,1.72073,1.72107,1.00,1.75
2016.08.04 15:09:01.111,1.72077,1.7211,2.25,1.00
2016.08.04 15:09:01.162,1.72077,1.72113,2.25,1.12
2016.08.04 15:09:01.212,1.72079,1.72113,1.12,1.12
2016.08.04 15:09:01.314,1.72077,1.72112,1.75,1.00
2016.08.04 15:09:01.364,1.72077,1.72112,1.75,1.00
2016.08.04 15:09:01.415,1.72077,1.72113,1.75,1.12
2016.08.04 15:09:01.516,1.72077,1.72113,1.00,1.75
2016.08.04 15:09:02.923,1.72077,1.72112,1.00,1.75
2016.08.04 15:09:03.034,1.72077,1.72112,1.37,1.37
2016.08.04 15:09:03.086,1.72081,1.72112,1.00,1.00
2016.08.04 15:09:03.624,1.72081,1.72114,1.00,1.00
2016.08.04 15:09:04.221,1.72081,1.72113,1.00,1.75
2016.08.04 15:09:04.329,1.72073,1.72107,1.75,1.00
2016.08.04 15:09:04.382,1.72073,1.72107,1.37,1.37
2016.08.04 15:09:04.432,1.72073,1.72106,1.00,1.50
2016.08.04 15:09:04.483,1.72073,1.72106,1.50,2.25
2016.08.04 15:09:04.686,1.72073,1.72106,1.00,3.00
2016.08.04 15:09:04.736,1.72068,1.72103,1.75,1.00
2016.08.04 15:09:05.028,1.72069,1.72103,1.50,1.00
2016.08.04 15:09:05.412,1.72068,1.72103,1.75,1.00
2016.08.04 15:09:06.130,1.72068,1.72103,1.75,1.00
2016.08.04 15:09:09.415,1.72068,1.72103,1.00,1.75
2016.08.04 15:09:09.466,1.72066,1.72101,1.50,1.50
2016.08.04 15:09:09.517,1.72063,1.72097,1.50,1.12
2016.08.04 15:09:09.622,1.72063,1.72097,1.50,1.75
2016.08.04 15:09:09.672,1.72063,1.72094,1.00,2.25
2016.08.04 15:09:09.723,1.72063,1.72094,1.00,1.50
2016.08.04 15:09:09.774,1.72062,1.72097,1.00,1.75
2016.08.04 15:09:09.825,1.72063,1.72097,1.00,1.00
2016.08.04 15:09:10.853,1.72063,1.72097,1.00,1.00
2016.08.04 15:09:11.646,1.72063,1.72097,1.00,1.00
2016.08.04 15:09:11.848,1.72063,1.72097,1.00,1.00
2016.08.04 15:09:11.949,1.72063,1.72097,1.00,1.00
2016.08.04 15:09:12.000,1.72063,1.72098,1.00,1.00
2016.08.04 15:09:12.051,1.72066,1.72098,1.00,1.00
2016.08.04 15:09:12.202,1.72066,1.72099,1.37,1.37
2016.08.04 15:09:12.253,1.72066,1.72099,1.75,1.00
2016.08.04 15:09:12.835,1.72065,1.72099,1.75,1.00
2016.08.04 15:09:13.977,1.72066,1.72099,1.75,1.00
2016.08.04 15:09:15.102,1.72065,1.72099,1.75,1.00
2016.08.04 15:09:15.791,1.72065,1.72099,1.75,1.50
2016.08.04 15:09:16.232,1.72066,1.72099,1.75,1.00
2016.08.04 15:09:17.155,1.72066,1.72099,1.75,1.00
2016.08.04 15:09:17.205,1.72061,1.72099,2.25,1.87
2016.08.04 15:09:17.256,1.72061,1.72099,2.25,2.25
2016.08.04 15:09:17.401,1.72061,1.72098,2.25,1.50
2016.08.04 15:09:17.503,1.72061,1.72094,1.37,1.12
2016.08.04 15:09:17.553,1.72061,1.72094,1.00,1.50
2016.08.04 15:09:17.604,1.72061,1.72095,1.00,1.75
2016.08.04 15:09:17.655,1.72059,1.72095,1.50,2.25
2016.08.04 15:09:17.706,1.72059,1.72095,1.00,2.25
2016.08.04 15:09:18.059,1.72059,1.72095,1.00,2.25
2016.08.04 15:09:18.267,1.72059,1.72095,1.00,2.25
2016.08.04 15:09:18.711,1.72059,1.72094,1.00,1.50
2016.08.04 15:09:18.762,1.72055,1.72091,3.00,1.00
2016.08.04 15:09:19.168,1.72055,1.72091,3.00,1.00
2016.08.04 15:09:19.219,1.72055,1.72091,2.62,1.37
2016.08.04 15:09:19.269,1.72055,1.72091,2.25,1.75
2016.08.04 15:09:21.999,1.72056,1.72091,1.00,1.75
2016.08.04 15:09:26.174,1.72055,1.72091,2.25,1.75
2016.08.04 15:09:30.383,1.72056,1.72091,1.00,1.75
2016.08.04 15:09:31.660,1.72055,1.72091,3.00,1.75
2016.08.04 15:09:32.275,1.72055,1.72091,2.25,1.75
2016.08.04 15:09:33.215,1.72055,1.72091,1.50,1.75
2016.08.04 15:09:33.601,1.72055,1.72091,1.50,1.75
2016.08.04 15:09:33.652,1.72055,1.72088,1.00,1.12
2016.08.04 15:09:33.703,1.72051,1.72087,2.25,1.00
2016.08.04 15:09:33.753,1.72051,1.72087,1.37,1.37
2016.08.04 15:09:33.804,1.72051,1.72083,1.00,1.12
2016.08.04 15:09:33.905,1.72052,1.72083,1.00,1.12
2016.08.04 15:09:34.007,1.72052,1.72088,1.00,3.00
2016.08.04 15:09:34.058,1.72052,1.72088,1.50,2.25
2016.08.04 15:09:34.384,1.72052,1.72088,1.00,2.25
2016.08.04 15:09:36.396,1.72052,1.72088,1.87,2.25
2016.08.04 15:09:36.448,1.72053,1.72088,1.12,2.25
2016.08.04 15:09:36.499,1.72053,1.72088,1.12,2.25
2016.08.04 15:09:36.916,1.72052,1.72083,1.50,1.12
2016.08.04 15:09:36.967,1.72052,1.72082,1.50,1.00
2016.08.04 15:09:37.018,1.72052,1.72082,1.00,1.00
2016.08.04 15:09:37.069,1.72048,1.72082,2.25,1.00
2016.08.04 15:09:37.120,1.72053,1.72082,1.00,1.00
2016.08.04 15:09:37.271,1.72053,1.72083,1.50,1.00
2016.08.04 15:09:37.322,1.72055,1.72084,1.00,1.37
2016.08.04 15:09:37.373,1.72056,1.72088,1.37,1.00
2016.08.04 15:09:37.423,1.72058,1.72089,1.12,1.50
2016.08.04 15:09:37.474,1.72058,1.7209,1.12,1.37
2016.08.04 15:09:37.525,1.72056,1.7209,1.87,1.37
2016.08.04 15:09:37.575,1.72056,1.7209,1.50,1.75
2016.08.04 15:09:37.783,1.72055,1.72089,1.87,1.50
2016.08.04 15:09:39.705,1.72055,1.72088,1.12,1.12
2016.08.04 15:09:39.756,1.72054,1.72088,2.25,1.12
2016.08.04 15:09:39.857,1.72054,1.72088,1.50,1.12
2016.08.04 15:09:39.958,1.72052,1.72088,2.25,1.12
2016.08.04 15:09:40.604,1.72052,1.72088,1.75,1.12
2016.08.04 15:09:44.323,1.72054,1.72088,1.50,1.12
2016.08.04 15:09:46.501,1.72054,1.72088,1.50,1.12
2016.08.04 15:09:46.552,1.72052,1.72088,2.25,1.12
2016.08.04 15:09:46.602,1.72052,1.72085,1.87,1.37
2016.08.04 15:09:46.653,1.72052,1.72085,1.50,1.37
2016.08.04 15:09:46.704,1.72052,1.72085,1.00,1.37
2016.08.04 15:09:46.805,1.72052,1.72084,1.00,1.12
2016.08.04 15:09:46.906,1.72051,1.72082,1.00,1.00
2016.08.04 15:09:47.404,1.72049,1.72082,1.37,1.00
2016.08.04 15:09:47.968,1.72048,1.72082,2.25,1.00
2016.08.04 15:09:48.415,1.72048,1.72082,1.87,1.00
2016.08.04 15:09:48.516,1.7205,1.72082,1.12,1.00
2016.08.04 15:09:48.567,1.7205,1.72088,1.12,3.75
2016.08.04 15:09:48.618,1.72049,1.72088,3.37,1.87
2016.08.04 15:09:48.669,1.7205,1.72088,1.75,1.00
2016.08.04 15:09:48.790,1.7205,1.72088,1.87,1.50
2016.08.04 15:09:48.933,1.7205,1.72088,2.62,1.50
2016.08.04 15:09:49.035,1.72052,1.72088,1.75,1.50
2016.08.04 15:09:49.136,1.7205,1.72088,1.75,1.50
2016.08.04 15:09:49.187,1.7205,1.72084,1.75,1.00
2016.08.04 15:09:49.238,1.7205,1.72084,1.37,1.37
2016.08.04 15:09:49.373,1.7205,1.72083,1.00,1.00
2016.08.04 15:09:49.913,1.7205,1.72083,1.00,1.00
2016.08.04 15:09:50.014,1.72051,1.72084,1.37,1.37
2016.08.04 15:09:50.065,1.72052,1.72084,1.50,1.00
2016.08.04 15:09:52.721,1.72053,1.72087,1.00,1.00
2016.08.04 15:09:52.772,1.72054,1.72087,1.00,1.00
2016.08.04 15:09:52.823,1.72054,1.72087,1.00,1.00
2016.08.04 15:09:52.874,1.72055,1.72091,1.37,1.87
2016.08.04 15:09:53.037,1.72054,1.72091,1.00,2.25
2016.08.04 15:09:53.140,1.72054,1.72087,1.00,1.12
2016.08.04 15:09:53.241,1.72054,1.72088,1.00,1.37
2016.08.04 15:09:53.343,1.72056,1.72088,1.00,1.37
2016.08.04 15:09:53.394,1.72052,1.72086,1.37,1.00
2016.08.04 15:09:53.445,1.7205,1.72086,1.75,1.00
2016.08.04 15:09:53.496,1.7205,1.72083,1.37,1.37
2016.08.04 15:09:53.547,1.72047,1.72082,1.00,1.50
2016.08.04 15:09:53.598,1.72047,1.72078,1.00,1.37
2016.08.04 15:09:53.648,1.72047,1.72077,1.00,1.00
2016.08.04 15:09:53.699,1.72047,1.72078,1.00,1.37
2016.08.04 15:09:53.866,1.72047,1.72078,1.00,1.00
2016.08.04 15:09:53.916,1.72047,1.7208,1.00,1.00
2016.08.04 15:09:53.967,1.72051,1.72081,1.00,1.00
2016.08.04 15:09:54.018,1.7205,1.72081,1.00,1.50
2016.08.04 15:09:54.170,1.72047,1.72081,1.50,1.50
2016.08.04 15:09:54.221,1.72047,1.72081,1.00,1.50
2016.08.04 15:09:54.374,1.72049,1.72081,1.37,1.12
2016.08.04 15:09:54.425,1.7205,1.72081,1.00,1.00
2016.08.04 15:09:54.841,1.7205,1.72085,1.00,1.50
2016.08.04 15:09:56.162,1.72049,1.72085,1.37,1.50
2016.08.04 15:09:56.264,1.72049,1.72081,1.00,1.00
2016.08.04 15:09:57.040,1.72049,1.72081,1.00,1.00
2016.08.04 15:09:57.427,1.72049,1.72081,1.00,1.00
2016.08.04 15:09:57.730,1.72049,1.72081,1.00,1.00
2016.08.04 15:09:58.229,1.72049,1.72081,1.00,1.00
2016.08.04 15:10:00.630,1.72051,1.72081,1.00,1.00
2016.08.04 15:10:00.781,1.72046,1.72081,3.00,1.00
2016.08.04 15:10:00.933,1.72047,1.72081,1.00,1.00
2016.08.04 15:10:02.042,1.72047,1.72081,1.50,1.00
2016.08.04 15:10:02.187,1.72047,1.72081,1.00,1.00
2016.08.04 15:10:02.238,1.72047,1.72081,1.00,1.50
2016.08.04 15:10:02.343,1.72046,1.72081,1.50,1.50
2016.08.04 15:10:03.556,1.72047,1.72081,1.00,1.50
2016.08.04 15:10:03.607,1.72047,1.72081,1.00,1.50
2016.08.04 15:10:06.209,1.72047,1.72081,1.00,1.50
2016.08.04 15:10:06.799,1.72047,1.72081,1.50,1.50
2016.08.04 15:10:06.958,1.72047,1.72081,2.25,1.00
2016.08.04 15:10:07.009,1.72047,1.72079,1.00,1.00
2016.08.04 15:10:07.110,1.72047,1.72081,1.50,1.00
2016.08.04 15:10:07.264,1.72048,1.72081,1.00,1.00
2016.08.04 15:10:07.314,1.72048,1.72081,1.00,1.00
2016.08.04 15:10:07.365,1.72056,1.72085,1.50,2.25
2016.08.04 15:10:07.417,1.72056,1.72085,1.50,1.37
2016.08.04 15:10:07.467,1.72056,1.72089,1.00,1.75
2016.08.04 15:10:07.518,1.72057,1.72089,1.00,1.75
2016.08.04 15:10:07.569,1.72062,1.7209,1.00,1.75
2016.08.04 15:10:07.620,1.72062,1.7209,1.87,1.75
2016.08.04 15:10:07.671,1.72063,1.72095,1.37,2.47
2016.08.04 15:10:07.722,1.72072,1.72096,1.00,1.75
2016.08.04 15:10:07.773,1.72072,1.72101,1.00,1.75
2016.08.04 15:10:07.824,1.72072,1.72101,1.00,1.50
2016.08.04 15:10:07.928,1.72072,1.72101,1.00,1.50
2016.08.04 15:10:07.979,1.72072,1.72105,1.00,1.75
2016.08.04 15:10:08.131,1.72072,1.72106,1.00,1.75
2016.08.04 15:10:08.232,1.72072,1.72106,1.00,2.25
2016.08.04 15:10:08.333,1.72072,1.72106,1.00,2.25
2016.08.04 15:10:08.646,1.72072,1.72106,1.00,1.75
2016.08.04 15:10:08.697,1.72072,1.721,1.00,1.00
2016.08.04 15:10:08.748,1.72072,1.721,1.00,1.00
2016.08.04 15:10:08.855,1.72068,1.721,1.37,1.00
2016.08.04 15:10:08.910,1.72063,1.72098,1.75,1.00
2016.08.04 15:10:08.960,1.72066,1.72098,1.00,1.00
2016.08.04 15:10:09.011,1.72071,1.72098,1.00,1.00
2016.08.04 15:10:09.062,1.72071,1.721,1.00,1.12
2016.08.04 15:10:09.113,1.72072,1.72108,1.75,1.12
2016.08.04 15:10:09.214,1.72074,1.72109,2.25,1.50
2016.08.04 15:10:09.620,1.72074,1.72109,1.50,1.50
2016.08.04 15:10:09.671,1.72074,1.72108,1.50,1.12
2016.08.04 15:10:09.772,1.72074,1.72109,1.50,1.50
2016.08.04 15:10:09.823,1.72072,1.72108,1.75,1.12
2016.08.04 15:10:09.937,1.72072,1.72108,1.37,1.50
2016.08.04 15:10:09.988,1.72073,1.72112,1.75,3.75
2016.08.04 15:10:10.089,1.72073,1.72112,1.75,3.00
2016.08.04 15:10:10.140,1.72073,1.72112,1.75,2.25
2016.08.04 15:10:10.242,1.72075,1.72112,1.37,2.25
2016.08.04 15:10:10.293,1.72075,1.72112,1.37,1.75
2016.08.04 15:10:10.394,1.72076,1.72112,1.12,1.75
2016.08.04 15:10:10.496,1.72077,1.72112,1.12,1.75
2016.08.04 15:10:11.402,1.72077,1.72111,1.12,1.50
2016.08.04 15:10:11.503,1.72074,1.72111,2.62,1.50
2016.08.04 15:10:11.604,1.72074,1.72111,1.87,1.50
2016.08.04 15:10:11.654,1.72074,1.72111,1.37,1.50
2016.08.04 15:10:11.705,1.72073,1.72111,3.37,1.50
2016.08.04 15:10:11.756,1.72073,1.72111,2.62,1.50
2016.08.04 15:10:11.807,1.72073,1.72111,1.75,1.50
2016.08.04 15:10:12.488,1.72073,1.72111,1.37,3.22
2016.08.04 15:10:12.539,1.72073,1.72111,1.50,3.97
2016.08.04 15:10:12.590,1.72073,1.72111,1.50,2.25
2016.08.04 15:10:12.641,1.72073,1.72107,1.50,1.00
2016.08.04 15:10:14.554,1.72073,1.72107,1.00,1.00
2016.08.04 15:10:16.499,1.72072,1.72107,1.00,1.50
2016.08.04 15:10:16.550,1.72072,1.72107,1.50,1.50
2016.08.04 15:10:16.991,1.72072,1.72106,1.50,1.00
2016.08.04 15:10:17.193,1.72072,1.72107,1.50,1.50
2016.08.04 15:10:17.602,1.72072,1.72106,1.50,1.00
2016.08.04 15:10:17.905,1.72072,1.72107,1.50,1.50
2016.08.04 15:10:20.839,1.72072,1.72107,1.50,1.00
2016.08.04 15:10:22.255,1.72072,1.72107,2.25,1.00
2016.08.04 15:10:22.537,1.72072,1.72107,1.00,1.00
2016.08.04 15:10:23.151,1.72072,1.72107,1.50,1.00
2016.08.04 15:10:23.252,1.72072,1.72107,2.25,1.00
2016.08.04 15:10:24.655,1.72072,1.72107,1.50,1.00
2016.08.04 15:10:24.813,1.72072,1.72107,2.25,1.00
2016.08.04 15:10:26.621,1.72072,1.72107,3.00,1.00
2016.08.04 15:10:26.671,1.72072,1.72107,3.00,1.00
2016.08.04 15:10:26.783,1.72083,1.72107,1.00,1.00
2016.08.04 15:10:26.834,1.72083,1.72116,1.00,1.50
2016.08.04 15:10:26.935,1.72086,1.7212,1.00,2.25
2016.08.04 15:10:27.036,1.72084,1.7212,1.75,2.25
2016.08.04 15:10:27.137,1.72082,1.7212,3.75,1.50
2016.08.04 15:10:28.075,1.72084,1.7212,1.75,1.50
2016.08.04 15:10:28.232,1.72084,1.72116,1.75,1.00
2016.08.04 15:10:28.291,1.72082,1.72116,1.75,1.00
2016.08.04 15:10:28.443,1.72082,1.72116,2.25,1.00
2016.08.04 15:10:28.494,1.72082,1.72116,1.75,1.00
2016.08.04 15:10:28.545,1.72082,1.72116,1.00,1.75
2016.08.04 15:10:28.976,1.7208,1.72116,1.00,1.75
2016.08.04 15:10:29.176,1.7208,1.72116,1.00,1.75
2016.08.04 15:10:29.227,1.72079,1.72115,1.87,1.50
2016.08.04 15:10:29.431,1.72081,1.72115,1.12,1.50
2016.08.04 15:10:29.482,1.72081,1.72115,1.87,1.50
2016.08.04 15:10:30.635,1.72082,1.72121,1.00,1.75
2016.08.04 15:10:30.828,1.72083,1.72121,1.87,1.75
2016.08.04 15:10:30.879,1.72085,1.72121,1.50,1.75
2016.08.04 15:10:30.980,1.72084,1.72121,1.75,1.75
2016.08.04 15:10:31.082,1.72086,1.72121,1.12,1.75
2016.08.04 15:10:31.668,1.72086,1.72122,1.12,1.75
2016.08.04 15:10:32.420,1.72085,1.72122,1.50,1.75
2016.08.04 15:10:33.396,1.72085,1.72122,1.50,1.75
2016.08.04 15:10:33.447,1.72084,1.72121,1.12,1.75
2016.08.04 15:10:33.548,1.72083,1.72121,1.00,2.25
2016.08.04 15:10:33.599,1.72083,1.72121,1.00,3.00
2016.08.04 15:10:33.660,1.72084,1.72116,1.00,1.75
2016.08.04 15:10:33.761,1.72085,1.7212,1.50,1.12
2016.08.04 15:10:33.862,1.72086,1.7212,1.12,1.12
2016.08.04 15:10:34.165,1.72086,1.72121,1.12,1.50
2016.08.04 15:10:34.266,1.72086,1.72121,1.12,1.50
2016.08.04 15:10:34.689,1.72086,1.72121,1.87,1.50
2016.08.04 15:10:35.177,1.72086,1.72121,2.62,1.50
2016.08.04 15:10:35.278,1.72087,1.72121,1.00,1.50
2016.08.04 15:10:35.380,1.72086,1.72121,1.87,1.50
2016.08.04 15:10:35.531,1.72087,1.72121,1.00,1.50
2016.08.04 15:10:35.927,1.72087,1.72121,1.00,1.75
2016.08.04 15:10:35.978,1.72087,1.72121,1.00,1.75
2016.08.04 15:10:36.115,1.72087,1.72116,1.00,1.50
2016.08.04 15:10:36.166,1.72077,1.72114,1.50,1.75
2016.08.04 15:10:36.226,1.72077,1.72114,1.00,1.75
2016.08.04 15:10:36.278,1.72082,1.72118,1.00,1.75
2016.08.04 15:10:36.330,1.72082,1.72117,1.00,1.00
2016.08.04 15:10:36.381,1.72082,1.72117,1.00,1.00
2016.08.04 15:10:36.482,1.72086,1.72117,1.00,1.00
2016.08.04 15:10:36.533,1.72086,1.72118,1.75,1.00
2016.08.04 15:10:36.584,1.72095,1.72119,1.00,1.00
2016.08.04 15:10:36.635,1.72095,1.72119,1.50,1.00
2016.08.04 15:10:36.686,1.72099,1.72133,1.00,1.75
2016.08.04 15:10:36.825,1.72096,1.72134,1.50,1.75
2016.08.04 15:10:36.876,1.72098,1.72136,1.75,1.75
2016.08.04 15:10:36.977,1.72098,1.72136,1.75,1.75
2016.08.04 15:10:37.188,1.721,1.72136,1.12,1.75
2016.08.04 15:10:37.290,1.72111,1.72139,1.00,1.75
2016.08.04 15:10:37.340,1.72111,1.72145,1.00,1.75
2016.08.04 15:10:37.391,1.72108,1.72145,1.75,1.75
2016.08.04 15:10:37.704,1.72108,1.72145,1.75,1.75
2016.08.04 15:10:37.756,1.72102,1.72141,1.50,1.75
2016.08.04 15:10:37.857,1.72101,1.72135,1.00,1.00
2016.08.04 15:10:37.959,1.72099,1.72129,1.00,1.00
2016.08.04 15:10:38.060,1.72098,1.72132,1.00,1.00
2016.08.04 15:10:38.220,1.72098,1.72132,1.00,1.00
2016.08.04 15:10:38.270,1.72098,1.72133,1.50,1.00
2016.08.04 15:10:38.885,1.721,1.72133,1.00,1.00
2016.08.04 15:10:39.192,1.72101,1.72133,1.00,1.00
2016.08.04 15:10:39.243,1.72102,1.72136,1.50,1.00
2016.08.04 15:10:39.294,1.72102,1.72136,1.50,1.00
2016.08.04 15:10:39.652,1.72102,1.72136,1.00,1.00
2016.08.04 15:10:40.148,1.72102,1.72136,1.50,1.00
2016.08.04 15:10:40.324,1.72102,1.72136,1.00,1.00
2016.08.04 15:10:40.476,1.72102,1.72136,1.00,1.00
2016.08.04 15:10:40.577,1.72102,1.72136,1.00,1.00
2016.08.04 15:10:40.982,1.72097,1.72131,1.00,1.00
2016.08.04 15:10:41.083,1.72097,1.72131,1.00,1.00
2016.08.04 15:10:41.185,1.72093,1.72131,1.50,1.75
2016.08.04 15:10:41.696,1.72093,1.7213,1.50,1.75
2016.08.04 15:10:42.202,1.72093,1.72131,1.50,1.75
2016.08.04 15:10:42.950,1.72093,1.72131,2.25,1.75
2016.08.04 15:10:43.100,1.72094,1.72131,1.12,1.75
2016.08.04 15:10:43.252,1.72093,1.72131,3.00,1.75
2016.08.04 15:10:43.302,1.72093,1.72131,3.00,1.75
2016.08.04 15:10:43.353,1.72097,1.72131,1.00,1.00
2016.08.04 15:10:43.707,1.72097,1.72131,1.00,1.00
2016.08.04 15:10:43.808,1.72097,1.72132,1.00,1.50
2016.08.04 15:10:43.909,1.72097,1.72132,1.00,1.50
2016.08.04 15:10:44.011,1.72097,1.72131,1.00,1.00
2016.08.04 15:10:44.314,1.72097,1.72131,1.00,1.00
2016.08.04 15:10:45.017,1.72097,1.72131,1.00,1.00
2016.08.04 15:10:45.118,1.72097,1.72131,1.00,1.00
2016.08.04 15:10:45.220,1.72097,1.72132,1.00,1.50
2016.08.04 15:10:45.624,1.72097,1.72132,1.00,1.50
2016.08.04 15:10:45.796,1.72097,1.72132,1.00,1.50
2016.08.04 15:10:48.221,1.72097,1.72132,1.00,1.50
2016.08.04 15:10:48.272,1.72095,1.72128,1.00,1.00
2016.08.04 15:10:48.423,1.72095,1.72128,1.00,1.00
2016.08.04 15:10:49.151,1.72095,1.72132,1.37,1.37
2016.08.04 15:10:49.202,1.72095,1.72132,1.75,1.00
2016.08.04 15:10:49.303,1.721,1.72138,1.00,1.75
2016.08.04 15:10:49.354,1.721,1.72138,1.75,1.00
2016.08.04 15:10:49.405,1.72104,1.72138,1.75,1.00
2016.08.04 15:10:49.507,1.72109,1.72144,1.00,1.75
2016.08.04 15:10:49.558,1.72106,1.72144,2.25,1.75
2016.08.04 15:10:49.609,1.72106,1.72144,2.25,1.75
2016.08.04 15:10:49.660,1.72106,1.72146,2.25,1.75
2016.08.04 15:10:49.871,1.72107,1.72146,1.12,1.75
2016.08.04 15:10:50.202,1.72106,1.72146,2.25,1.75
2016.08.04 15:10:50.287,1.72106,1.72146,2.25,1.75
2016.08.04 15:10:50.591,1.72106,1.72146,2.25,1.75
2016.08.04 15:10:50.794,1.72106,1.72146,1.50,2.25
2016.08.04 15:10:51.213,1.72107,1.72146,1.12,1.75
2016.08.04 15:10:52.677,1.72106,1.72146,2.25,2.25
2016.08.04 15:10:52.727,1.72106,1.72146,2.25,2.25
2016.08.04 15:10:52.829,1.72106,1.72145,2.25,1.75
2016.08.04 15:10:52.880,1.72106,1.72145,2.25,2.25
2016.08.04 15:10:53.136,1.72106,1.72145,2.25,1.75
2016.08.04 15:10:53.395,1.72107,1.72145,1.12,1.75
2016.08.04 15:10:53.497,1.72107,1.72146,1.12,1.75
2016.08.04 15:10:53.999,1.72107,1.72146,1.12,1.75
2016.08.04 15:10:54.100,1.72108,1.72146,1.00,1.75
2016.08.04 15:10:54.302,1.72106,1.72146,2.25,2.25
2016.08.04 15:10:54.504,1.72106,1.72146,2.25,2.25
2016.08.04 15:10:54.708,1.72106,1.72146,2.25,2.25
2016.08.04 15:10:54.916,1.72106,1.72146,2.25,2.25
2016.08.04 15:10:55.072,1.72106,1.72146,2.25,2.25
2016.08.04 15:10:55.376,1.72106,1.72146,1.50,1.75
2016.08.04 15:10:56.370,1.72106,1.72146,1.12,1.75
2016.08.04 15:10:56.434,1.72106,1.72138,1.00,1.00
2016.08.04 15:10:56.484,1.72106,1.72131,1.00,1.00
2016.08.04 15:10:56.586,1.72104,1.72133,1.00,1.75
2016.08.04 15:10:56.687,1.72098,1.72131,1.00,1.00
2016.08.04 15:10:56.788,1.72096,1.72131,2.47,1.00
2016.08.04 15:10:56.839,1.72101,1.72131,1.75,1.00
2016.08.04 15:10:56.889,1.72101,1.72138,1.75,1.87
2016.08.04 15:10:56.940,1.72108,1.7214,1.00,1.50
2016.08.04 15:10:56.990,1.72108,1.7214,1.50,1.00
2016.08.04 15:10:57.041,1.72107,1.72142,1.75,1.00
2016.08.04 15:10:57.245,1.72107,1.72142,1.75,1.00
2016.08.04 15:10:57.295,1.72107,1.7214,1.75,1.00
2016.08.04 15:10:57.396,1.72107,1.72142,1.75,1.50
2016.08.04 15:10:57.447,1.72107,1.72142,1.75,1.50
2016.08.04 15:10:57.498,1.72107,1.72142,1.75,1.00
2016.08.04 15:10:57.549,1.72112,1.72144,1.00,1.12
2016.08.04 15:10:57.599,1.72112,1.72144,1.75,1.00
2016.08.04 15:10:57.701,1.72112,1.72135,1.75,1.00
2016.08.04 15:10:57.751,1.72104,1.72135,2.47,1.00
2016.08.04 15:10:57.803,1.72101,1.72131,1.12,1.00
2016.08.04 15:10:57.854,1.72098,1.72131,1.75,1.00
2016.08.04 15:10:58.407,1.72098,1.72132,1.75,1.00
2016.08.04 15:10:58.611,1.72098,1.72135,1.75,1.50
2016.08.04 15:10:58.712,1.72104,1.72135,1.00,1.50
2016.08.04 15:10:58.813,1.72104,1.72135,1.00,1.50
2016.08.04 15:10:58.915,1.72104,1.72135,1.75,1.50
2016.08.04 15:10:59.016,1.72104,1.72135,1.75,1.00
2016.08.04 15:10:59.357,1.72104,1.72138,1.75,1.00
2016.08.04 15:10:59.408,1.72104,1.72141,1.75,2.62
2016.08.04 15:10:59.459,1.72111,1.72141,1.00,1.87
2016.08.04 15:10:59.510,1.72111,1.72141,1.75,1.00
2016.08.04 15:10:59.561,1.7211,1.72141,1.75,1.00
2016.08.04 15:10:59.713,1.7211,1.72144,1.75,1.00
2016.08.04 15:10:59.814,1.7211,1.72146,1.75,1.00
2016.08.04 15:10:59.916,1.72111,1.72146,1.75,1.00
2016.08.04 15:11:00.018,1.72111,1.72146,2.25,1.00
2016.08.04 15:11:00.119,1.72113,1.7215,1.75,1.00
2016.08.04 15:11:00.322,1.72118,1.72153,1.50,2.25
2016.08.04 15:11:00.516,1.72122,1.72154,1.00,1.00
2016.08.04 15:11:00.568,1.72122,1.72156,1.50,1.00
2016.08.04 15:11:01.017,1.72122,1.72155,1.50,1.00
2016.08.04 15:11:01.068,1.72123,1.72155,1.00,1.00
2016.08.04 15:11:01.119,1.72123,1.72157,1.00,1.00
2016.08.04 15:11:02.917,1.72123,1.72154,1.00,1.00
2016.08.04 15:11:02.968,1.72122,1.72154,1.50,1.00
2016.08.04 15:11:03.074,1.72123,1.72155,1.00,1.00
2016.08.04 15:11:03.175,1.72122,1.72157,1.50,1.00
2016.08.04 15:11:03.226,1.72122,1.72157,1.50,1.00
2016.08.04 15:11:03.277,1.72123,1.72157,1.00,1.00
2016.08.04 15:11:05.221,1.72123,1.72155,1.00,1.00
2016.08.04 15:11:05.272,1.72122,1.72155,1.50,1.00
2016.08.04 15:11:05.322,1.72122,1.72157,1.50,1.50
2016.08.04 15:11:05.424,1.72122,1.72157,1.50,1.00
2016.08.04 15:11:05.755,1.72123,1.72157,1.00,1.00
2016.08.04 15:11:05.806,1.72123,1.72161,1.75,3.00
2016.08.04 15:11:05.857,1.72123,1.72161,1.75,1.50
2016.08.04 15:11:05.958,1.72128,1.72161,1.12,1.00
2016.08.04 15:11:06.059,1.72127,1.72161,1.37,1.00
2016.08.04 15:11:06.110,1.72127,1.72164,1.37,1.50
2016.08.04 15:11:06.211,1.72127,1.72164,1.37,2.25
2016.08.04 15:11:06.262,1.72127,1.72162,1.37,1.12
2016.08.04 15:11:06.313,1.72127,1.72159,1.37,1.00
2016.08.04 15:11:06.363,1.72121,1.72159,1.75,1.00
2016.08.04 15:11:06.414,1.72121,1.72159,1.75,1.12
2016.08.04 15:11:08.985,1.72121,1.72158,1.75,1.00
2016.08.04 15:11:09.187,1.72121,1.72159,1.75,1.12
2016.08.04 15:11:09.288,1.72121,1.72155,1.75,1.00
2016.08.04 15:11:09.981,1.72121,1.72158,1.75,1.00
2016.08.04 15:11:10.486,1.72121,1.72159,1.75,1.12
2016.08.04 15:11:11.284,1.72122,1.72155,1.50,1.00
2016.08.04 15:11:11.335,1.72122,1.72155,1.00,1.37
2016.08.04 15:11:11.436,1.72122,1.72155,1.00,1.37
2016.08.04 15:11:11.588,1.72117,1.72155,1.75,1.87
2016.08.04 15:11:11.780,1.72117,1.72155,1.75,1.87
2016.08.04 15:11:12.684,1.72117,1.72153,1.75,1.00
2016.08.04 15:11:13.481,1.7212,1.72153,1.12,1.00
2016.08.04 15:11:13.532,1.72123,1.72156,1.00,1.00
2016.08.04 15:11:13.583,1.72123,1.72156,1.00,1.00
2016.08.04 15:11:13.633,1.7212,1.72149,1.12,1.00
2016.08.04 15:11:13.734,1.7212,1.72145,1.12,1.50
2016.08.04 15:11:13.785,1.72111,1.72145,3.22,1.50
2016.08.04 15:11:13.836,1.72113,1.7214,1.00,1.00
2016.08.04 15:11:13.937,1.72113,1.72142,1.00,1.00
2016.08.04 15:11:14.632,1.72107,1.72142,1.75,1.00
2016.08.04 15:11:15.152,1.72111,1.72142,1.00,1.00
2016.08.04 15:11:15.203,1.72111,1.72142,1.37,1.00
2016.08.04 15:11:15.254,1.72111,1.72142,1.75,1.00
2016.08.04 15:11:15.355,1.72112,1.72146,1.75,1.00
2016.08.04 15:11:15.406,1.72119,1.72152,1.37,1.00
2016.08.04 15:11:15.456,1.72119,1.72155,1.75,1.50
2016.08.04 15:11:15.558,1.72119,1.72155,1.75,1.50
2016.08.04 15:11:15.760,1.7212,1.72155,1.75,1.50
2016.08.04 15:11:16.097,1.72116,1.72155,1.75,1.50
2016.08.04 15:11:16.148,1.72116,1.72151,1.75,1.50
2016.08.04 15:11:16.198,1.72113,1.72151,2.47,2.25
2016.08.04 15:11:16.249,1.72111,1.72151,2.25,3.00
2016.08.04 15:11:16.556,1.72111,1.72149,1.75,1.12
2016.08.04 15:11:16.860,1.72111,1.72149,2.25,1.12
2016.08.04 15:11:16.999,1.72117,1.72149,1.00,1.12
2016.08.04 15:11:17.049,1.72117,1.72151,1.75,1.00
2016.08.04 15:11:17.151,1.72117,1.72153,1.75,1.50
2016.08.04 15:11:17.252,1.72117,1.72153,1.75,1.50
2016.08.04 15:11:17.642,1.72117,1.72153,1.75,1.50
2016.08.04 15:11:17.705,1.72117,1.72153,1.37,1.75
2016.08.04 15:11:17.756,1.72117,1.72153,1.00,1.75
2016.08.04 15:11:17.807,1.72113,1.72149,1.37,1.37
2016.08.04 15:11:17.857,1.72113,1.72149,1.75,1.12
2016.08.04 15:11:17.908,1.72114,1.72152,1.50,1.75
2016.08.04 15:11:17.959,1.72114,1.72152,2.25,1.75
2016.08.04 15:11:18.357,1.72114,1.72152,2.25,1.75
2016.08.04 15:11:18.408,1.72114,1.72149,1.50,1.12
2016.08.04 15:11:18.458,1.72114,1.72149,1.12,1.37
2016.08.04 15:11:18.510,1.72114,1.72149,1.00,1.75
2016.08.04 15:11:18.561,1.72114,1.72149,1.00,1.75
2016.08.04 15:11:19.162,1.72114,1.72149,1.37,1.50
2016.08.04 15:11:19.213,1.72114,1.72148,1.50,1.00
2016.08.04 15:11:19.314,1.72114,1.72152,2.25,1.75
2016.08.04 15:11:19.571,1.72114,1.72148,1.50,1.00
2016.08.04 15:11:19.622,1.72114,1.72148,1.12,1.37
2016.08.04 15:11:19.709,1.72114,1.72148,1.00,1.50
2016.08.04 15:11:20.065,1.72114,1.72148,1.37,1.12
2016.08.04 15:11:20.115,1.72114,1.72152,2.25,1.75
2016.08.04 15:11:20.166,1.72114,1.72152,1.50,1.75
2016.08.04 15:11:20.566,1.72114,1.72152,1.12,1.75
2016.08.04 15:11:20.617,1.72112,1.72147,1.00,1.75
2016.08.04 15:11:21.261,1.72112,1.72147,1.37,1.37
2016.08.04 15:11:21.314,1.72112,1.72147,1.75,1.00
2016.08.04 15:11:22.221,1.72114,1.72147,1.50,1.00
2016.08.04 15:11:22.424,1.72117,1.72152,1.00,1.75
2016.08.04 15:11:24.121,1.72114,1.72152,1.50,1.75
2016.08.04 15:11:25.905,1.72114,1.72148,1.50,1.12
2016.08.04 15:11:25.955,1.72114,1.72148,1.12,1.37
2016.08.04 15:11:26.006,1.72114,1.72148,1.12,1.37
2016.08.04 15:11:26.158,1.72111,1.72146,1.50,1.00
2016.08.04 15:11:26.209,1.72111,1.72146,1.00,1.00
2016.08.04 15:11:27.206,1.72111,1.72145,1.00,1.00
2016.08.04 15:11:27.610,1.72114,1.72146,1.00,1.00
2016.08.04 15:11:27.661,1.72114,1.72154,1.87,3.00
2016.08.04 15:11:27.774,1.72114,1.72154,2.25,3.00
2016.08.04 15:11:27.976,1.72114,1.72154,2.25,3.00
2016.08.04 15:11:28.294,1.72114,1.72154,2.25,3.75
2016.08.04 15:11:28.764,1.72114,1.72154,2.25,4.50
2016.08.04 15:11:28.815,1.72114,1.72147,1.75,1.00
2016.08.04 15:11:28.866,1.72112,1.72147,1.37,1.37
2016.08.04 15:11:28.967,1.72112,1.72147,1.00,1.75
2016.08.04 15:11:30.827,1.7211,1.72147,1.37,1.75
2016.08.04 15:11:30.951,1.7211,1.72147,1.87,1.75
2016.08.04 15:11:31.914,1.7211,1.72144,1.37,1.12
2016.08.04 15:11:33.875,1.72113,1.72147,1.00,1.75
2016.08.04 15:11:33.976,1.72114,1.72147,1.50,1.00
2016.08.04 15:11:34.077,1.72114,1.72147,2.25,1.00
2016.08.04 15:11:34.530,1.72114,1.72149,3.00,1.00
2016.08.04 15:11:34.581,1.72117,1.72149,1.00,1.00
2016.08.04 15:11:34.682,1.72122,1.72149,1.00,1.00
2016.08.04 15:11:34.836,1.72125,1.72156,1.00,1.00
2016.08.04 15:11:34.888,1.72125,1.72158,1.00,1.50
2016.08.04 15:11:34.939,1.72122,1.72154,2.25,1.00
2016.08.04 15:11:34.990,1.72127,1.72154,1.00,1.00
2016.08.04 15:11:35.041,1.72127,1.72154,1.00,1.37
2016.08.04 15:11:35.092,1.72127,1.72154,1.00,1.75
2016.08.04 15:11:35.144,1.72127,1.72154,1.00,1.37
2016.08.04 15:11:35.195,1.72121,1.72154,1.87,1.12
2016.08.04 15:11:35.246,1.72123,1.72154,1.00,1.12
2016.08.04 15:11:35.297,1.72123,1.72154,1.50,1.12
2016.08.04 15:11:35.348,1.72128,1.72161,1.00,3.00
2016.08.04 15:11:35.399,1.72128,1.72161,1.00,2.25
2016.08.04 15:11:35.563,1.72123,1.72161,3.00,2.25
2016.08.04 15:11:35.667,1.72123,1.72161,3.75,2.25
2016.08.04 15:11:35.717,1.72123,1.72161,4.50,2.25
2016.08.04 15:11:35.768,1.72123,1.72161,3.75,2.25
2016.08.04 15:11:35.920,1.72123,1.72161,3.00,2.25
2016.08.04 15:11:35.971,1.72125,1.72155,1.00,1.00
2016.08.04 15:11:36.123,1.72125,1.72155,1.00,1.00
2016.08.04 15:11:36.174,1.72129,1.7216,1.00,1.00
2016.08.04 15:11:36.224,1.72129,1.7216,1.50,1.00
2016.08.04 15:11:36.484,1.72129,1.7216,1.00,1.00
2016.08.04 15:11:36.788,1.72125,1.7216,2.25,1.00
2016.08.04 15:11:36.838,1.72126,1.7216,1.00,1.00
2016.08.04 15:11:36.889,1.72129,1.72162,1.00,1.75
2016.08.04 15:11:36.940,1.72129,1.72163,1.87,1.37
2016.08.04 15:11:36.990,1.72131,1.72163,1.75,1.00
2016.08.04 15:11:37.492,1.7213,1.72163,1.75,1.00
2016.08.04 15:11:38.374,1.72128,1.72163,1.00,2.25
2016.08.04 15:11:38.425,1.72128,1.72158,1.00,1.00
2016.08.04 15:11:38.475,1.72128,1.72158,1.00,1.50
2016.08.04 15:11:39.336,1.72128,1.72158,1.00,1.00
2016.08.04 15:11:40.491,1.72125,1.72158,1.87,1.00
2016.08.04 15:11:40.592,1.72125,1.72158,1.50,1.00
2016.08.04 15:11:41.404,1.72122,1.72157,1.87,1.37
2016.08.04 15:11:41.455,1.72122,1.72157,1.50,1.75
2016.08.04 15:11:41.556,1.72122,1.72157,1.00,1.75
2016.08.04 15:11:41.607,1.72132,1.72157,1.00,1.37
2016.08.04 15:11:41.658,1.72132,1.72158,1.00,1.50
2016.08.04 15:11:41.759,1.72132,1.72158,1.00,1.00
2016.08.04 15:11:41.810,1.72132,1.72166,1.00,1.50
2016.08.04 15:11:41.860,1.72132,1.72166,1.37,1.12
2016.08.04 15:11:41.911,1.72133,1.7217,1.37,1.75
2016.08.04 15:11:41.962,1.72133,1.7217,2.25,1.50
2016.08.04 15:11:42.114,1.72133,1.7217,2.25,1.50
2016.08.04 15:11:42.164,1.72135,1.7217,1.00,1.50
2016.08.04 15:11:42.265,1.72133,1.7217,1.50,1.50
2016.08.04 15:11:42.391,1.72133,1.7217,1.50,1.50
2016.08.04 15:11:42.492,1.72133,1.7217,1.50,2.25
2016.08.04 15:11:42.593,1.72133,1.72169,1.12,1.37
2016.08.04 15:11:42.644,1.7213,1.72167,1.50,1.37
2016.08.04 15:11:42.695,1.72128,1.72164,1.75,1.50
2016.08.04 15:11:42.948,1.72128,1.72164,2.25,1.50
2016.08.04 15:11:43.740,1.72129,1.72164,1.50,1.50
2016.08.04 15:11:44.092,1.72129,1.72164,1.50,1.50
2016.08.04 15:11:44.142,1.7213,1.72164,1.12,1.50
2016.08.04 15:11:44.295,1.7213,1.72164,1.12,1.50
2016.08.04 15:11:44.345,1.72129,1.72164,1.50,1.50
2016.08.04 15:11:44.396,1.72129,1.72164,2.25,1.50
2016.08.04 15:11:44.447,1.72129,1.72164,3.00,1.50
2016.08.04 15:11:44.498,1.72132,1.72164,1.00,1.50
2016.08.04 15:11:44.649,1.72132,1.7217,1.00,2.25
2016.08.04 15:11:44.953,1.72132,1.7217,1.00,3.00
2016.08.04 15:11:45.155,1.72132,1.7217,1.00,2.25
2016.08.04 15:11:45.206,1.72134,1.7217,1.37,2.25
2016.08.04 15:11:45.257,1.72134,1.7217,1.50,1.87
2016.08.04 15:11:45.307,1.72136,1.7217,1.00,1.12
2016.08.04 15:11:46.332,1.72136,1.72172,1.00,2.25
2016.08.04 15:11:46.434,1.72136,1.72172,1.00,1.75
2016.08.04 15:11:47.046,1.72136,1.72168,1.00,1.00
2016.08.04 15:11:47.097,1.72128,1.72166,1.75,1.75
2016.08.04 15:11:47.299,1.72128,1.72166,1.00,1.75
2016.08.04 15:11:47.821,1.72128,1.72165,1.00,1.75
2016.08.04 15:11:48.202,1.72126,1.72165,1.37,1.75
2016.08.04 15:11:48.746,1.72126,1.72161,1.37,1.37
2016.08.04 15:11:48.797,1.72121,1.72155,2.25,1.00
2016.08.04 15:11:48.847,1.72121,1.72155,1.00,1.00
2016.08.04 15:11:48.949,1.72121,1.72155,1.00,1.00
2016.08.04 15:11:49.151,1.72121,1.72155,1.00,1.50
2016.08.04 15:11:49.303,1.72121,1.72155,1.37,1.12
2016.08.04 15:11:49.354,1.72121,1.7216,1.37,1.75
2016.08.04 15:11:49.404,1.72124,1.72159,1.00,1.00
2016.08.04 15:11:49.723,1.72126,1.72159,1.00,1.00
2016.08.04 15:11:50.379,1.72127,1.72159,1.00,1.00
2016.08.04 15:11:51.233,1.72127,1.72159,1.00,1.00
2016.08.04 15:11:51.284,1.72127,1.7216,1.37,1.37
2016.08.04 15:11:51.335,1.72127,1.72164,1.87,1.75
2016.08.04 15:11:51.386,1.72127,1.72164,2.25,1.12
2016.08.04 15:11:51.436,1.72132,1.72168,1.12,3.00
2016.08.04 15:11:51.487,1.72132,1.72168,1.50,3.00
2016.08.04 15:11:51.639,1.72132,1.72166,1.00,1.00
2016.08.04 15:11:51.795,1.72132,1.72165,1.50,1.00
2016.08.04 15:11:51.998,1.72132,1.72165,1.00,1.00
2016.08.04 15:11:52.217,1.72132,1.72166,1.00,1.00
2016.08.04 15:11:52.420,1.72132,1.72166,1.00,1.50
2016.08.04 15:11:52.521,1.72132,1.72165,1.00,1.00
2016.08.04 15:11:52.623,1.7213,1.72161,1.37,1.00
2016.08.04 15:11:52.767,1.7213,1.72165,1.37,1.37
2016.08.04 15:11:52.818,1.7213,1.72162,1.00,1.00
2016.08.04 15:11:53.225,1.72127,1.72163,1.12,1.75
2016.08.04 15:11:53.276,1.72127,1.72163,1.00,1.75
2016.08.04 15:11:53.327,1.72124,1.72157,1.12,1.50
2016.08.04 15:11:53.377,1.72124,1.72154,1.12,1.00
2016.08.04 15:11:53.428,1.72124,1.72153,1.00,1.37
2016.08.04 15:11:53.479,1.72121,1.72153,1.00,1.50
2016.08.04 15:11:53.580,1.72117,1.7215,1.12,1.00
2016.08.04 15:11:53.942,1.72115,1.7215,1.75,1.00
2016.08.04 15:11:58.379,1.72114,1.7215,3.00,1.00
2016.08.04 15:11:58.837,1.72118,1.7215,1.00,1.00
2016.08.04 15:11:58.888,1.72118,1.7215,1.37,1.00
2016.08.04 15:11:58.938,1.72127,1.7215,1.00,1.00
2016.08.04 15:11:58.989,1.72127,1.72154,1.00,1.00
2016.08.04 15:11:59.040,1.72126,1.72156,1.50,1.00
2016.08.04 15:11:59.141,1.72127,1.72156,1.75,1.00
2016.08.04 15:11:59.293,1.72127,1.7216,1.75,1.12
2016.08.04 15:12:00.054,1.72127,1.7216,1.75,1.50
2016.08.04 15:12:00.156,1.72127,1.7216,1.75,1.12
2016.08.04 15:12:00.206,1.72127,1.7216,1.00,1.87
2016.08.04 15:12:00.257,1.72127,1.7216,1.00,1.75
2016.08.04 15:12:00.307,1.72125,1.7216,1.00,1.75
2016.08.04 15:12:00.358,1.72122,1.72157,1.50,1.75
2016.08.04 15:12:00.409,1.72122,1.72157,1.00,1.75
2016.08.04 15:12:00.459,1.72122,1.72154,1.00,1.87
2016.08.04 15:12:00.651,1.72119,1.72154,1.50,1.87
2016.08.04 15:12:01.347,1.72119,1.72154,1.50,1.87
2016.08.04 15:12:01.397,1.72119,1.72154,1.37,1.87
2016.08.04 15:12:01.552,1.72119,1.72149,1.00,1.00
2016.08.04 15:12:01.603,1.72119,1.72154,1.00,1.50
2016.08.04 15:12:01.654,1.7212,1.72155,1.00,1.75
2016.08.04 15:12:02.009,1.7212,1.72155,1.75,1.00
2016.08.04 15:12:02.060,1.72121,1.72158,2.25,1.87
2016.08.04 15:12:02.111,1.72121,1.72158,2.25,1.12
2016.08.04 15:12:02.161,1.72124,1.72159,1.37,1.37
2016.08.04 15:12:02.263,1.72124,1.7216,1.37,1.50
2016.08.04 15:12:04.964,1.72125,1.7216,1.12,1.50
2016.08.04 15:12:05.169,1.72128,1.7216,1.00,1.50
2016.08.04 15:12:05.220,1.72128,1.72162,1.00,1.75
2016.08.04 15:12:05.271,1.72131,1.72162,1.00,1.75
2016.08.04 15:12:05.321,1.72131,1.72162,1.00,1.00
2016.08.04 15:12:05.473,1.7213,1.72162,1.87,1.00
2016.08.04 15:12:05.524,1.72132,1.72162,1.50,1.00
2016.08.04 15:12:05.575,1.72135,1.72168,1.00,1.00
2016.08.04 15:12:05.777,1.72135,1.7217,1.00,1.87
2016.08.04 15:12:05.879,1.72135,1.7217,1.00,1.50
2016.08.04 15:12:06.225,1.72135,1.7217,1.00,1.50
2016.08.04 15:12:06.633,1.72144,1.7217,1.00,1.50
2016.08.04 15:12:06.683,1.72144,1.72174,1.00,1.75
2016.08.04 15:12:06.734,1.72149,1.72174,1.00,1.50
2016.08.04 15:12:06.785,1.72151,1.72182,1.00,2.25
2016.08.04 15:12:06.836,1.72152,1.72182,1.00,1.00
2016.08.04 15:12:06.887,1.72152,1.72188,1.00,1.75
2016.08.04 15:12:06.939,1.72152,1.72188,1.50,1.50
2016.08.04 15:12:07.045,1.72155,1.72188,2.25,1.00
2016.08.04 15:12:07.096,1.72155,1.7219,2.25,1.00
2016.08.04 15:12:07.755,1.72155,1.7219,1.50,1.00
2016.08.04 15:12:07.856,1.72155,1.72189,1.50,1.00
2016.08.04 15:12:08.189,1.72152,1.72185,1.75,1.00
2016.08.04 15:12:08.240,1.72152,1.72185,1.12,1.12
2016.08.04 15:12:08.341,1.7215,1.72185,1.75,1.12
2016.08.04 15:12:08.658,1.72151,1.72185,1.50,1.12
2016.08.04 15:12:08.760,1.72151,1.72188,1.50,2.25
2016.08.04 15:12:08.861,1.72151,1.72188,1.50,1.75
2016.08.04 15:12:08.912,1.72151,1.72188,1.75,1.37
2016.08.04 15:12:08.962,1.72155,1.72188,1.00,1.00
2016.08.04 15:12:09.508,1.72156,1.72188,1.00,1.00
2016.08.04 15:12:09.559,1.72156,1.7219,1.00,1.00
2016.08.04 15:12:09.761,1.72156,1.72188,1.00,1.00
2016.08.04 15:12:10.371,1.72155,1.72188,1.50,1.00
2016.08.04 15:12:10.473,1.72155,1.72184,1.00,1.00
2016.08.04 15:12:10.627,1.72148,1.72184,2.25,1.00
2016.08.04 15:12:10.680,1.72157,1.72188,1.00,1.75
2016.08.04 15:12:10.731,1.72157,1.72188,1.37,1.37
2016.08.04 15:12:10.783,1.72167,1.72194,1.00,2.47
2016.08.04 15:12:10.834,1.72167,1.72198,1.37,1.12
2016.08.04 15:12:10.885,1.72163,1.72193,1.37,1.00
2016.08.04 15:12:10.935,1.72163,1.72193,1.37,1.37
2016.08.04 15:12:10.986,1.72156,1.72189,2.85,1.00
2016.08.04 15:12:11.036,1.72156,1.72189,1.00,1.00
2016.08.04 15:12:11.087,1.72155,1.7219,1.00,1.50
2016.08.04 15:12:11.137,1.72151,1.7219,1.75,1.50
2016.08.04 15:12:11.239,1.72151,1.7219,1.37,1.75
2016.08.04 15:12:11.481,1.72156,1.72192,1.00,3.00
2016.08.04 15:12:11.532,1.72156,1.72192,1.37,2.25
2016.08.04 15:12:11.583,1.72162,1.72192,1.00,1.50
2016.08.04 15:12:11.633,1.72162,1.72192,1.37,1.00
2016.08.04 15:12:11.684,1.72163,1.72198,1.12,1.50
2016.08.04 15:12:11.735,1.72163,1.72198,1.50,1.00
2016.08.04 15:12:12.460,1.7217,1.72199,1.37,1.37
2016.08.04 15:12:12.511,1.72171,1.72199,1.00,1.00
2016.08.04 15:12:12.664,1.72171,1.722,1.00,1.00
2016.08.04 15:12:12.765,1.72166,1.72199,1.37,1.37
2016.08.04 15:12:12.816,1.7216,1.72199,1.87,1.75
2016.08.04 15:12:12.866,1.72164,1.72199,1.00,1.75
2016.08.04 15:12:12.917,1.72164,1.72199,1.00,1.50
2016.08.04 15:12:12.968,1.72164,1.72199,1.00,1.50
2016.08.04 15:12:13.069,1.72162,1.72199,1.50,1.50
2016.08.04 15:12:13.274,1.72159,1.72198,2.25,1.12
2016.08.04 15:12:13.864,1.72161,1.72199,1.75,1.50
2016.08.04 15:12:14.871,1.72163,1.72199,1.87,1.50
2016.08.04 15:12:14.973,1.72162,1.72199,1.50,1.50
2016.08.04 15:12:15.074,1.72162,1.72199,1.50,1.12
2016.08.04 15:12:15.221,1.72166,1.72204,1.50,1.00
2016.08.04 15:12:15.271,1.72164,1.72203,2.25,1.00
2016.08.04 15:12:15.322,1.72171,1.72203,1.00,1.00
2016.08.04 15:12:15.373,1.72171,1.72205,1.00,1.00
2016.08.04 15:12:15.577,1.72171,1.72201,1.00,1.00
2016.08.04 15:12:15.880,1.72164,1.72199,1.75,1.00
2016.08.04 15:12:16.103,1.72164,1.72199,1.75,1.00
2016.08.04 15:12:16.822,1.72167,1.72199,1.00,1.00
2016.08.04 15:12:17.214,1.7217,1.72199,1.00,1.00
2016.08.04 15:12:17.265,1.7217,1.72203,1.50,1.00
2016.08.04 15:12:17.316,1.72174,1.72203,1.00,1.00
2016.08.04 15:12:17.367,1.72174,1.72209,1.37,1.37
2016.08.04 15:12:17.418,1.72178,1.72209,1.00,1.37
2016.08.04 15:12:17.468,1.72178,1.72214,1.00,1.87
2016.08.04 15:12:17.519,1.72178,1.72214,1.00,1.12
2016.08.04 15:12:17.570,1.72178,1.72214,1.00,1.00
2016.08.04 15:12:17.772,1.72178,1.72216,1.00,1.00
2016.08.04 15:12:17.823,1.72178,1.72218,1.00,1.00
2016.08.04 15:12:18.034,1.72178,1.72218,1.00,1.50
2016.08.04 15:12:18.084,1.72177,1.72217,2.25,1.00
2016.08.04 15:12:18.186,1.72177,1.72217,3.00,1.00
2016.08.04 15:12:18.287,1.72178,1.72217,2.47,1.00
2016.08.04 15:12:18.338,1.72188,1.72217,1.00,1.00
2016.08.04 15:12:18.555,1.72188,1.72221,1.00,1.00
2016.08.04 15:12:18.685,1.72188,1.72219,1.00,1.00
2016.08.04 15:12:18.971,1.72183,1.72219,1.75,1.00
2016.08.04 15:12:19.156,1.72181,1.72219,1.75,1.00
2016.08.04 15:12:19.569,1.72182,1.72221,1.75,1.00
2016.08.04 15:12:19.671,1.72181,1.7222,1.75,1.00
2016.08.04 15:12:19.772,1.72185,1.7222,1.00,1.50
2016.08.04 15:12:21.032,1.72185,1.72218,1.00,1.00
2016.08.04 15:12:21.082,1.72185,1.72218,1.00,1.50
2016.08.04 15:12:21.212,1.72185,1.72218,1.00,1.00
2016.08.04 15:12:21.264,1.72185,1.7222,1.50,1.50
2016.08.04 15:12:21.314,1.72185,1.7222,1.50,1.50
2016.08.04 15:12:21.365,1.72185,1.72224,2.25,1.00
2016.08.04 15:12:21.466,1.72185,1.72224,1.75,2.25
2016.08.04 15:12:21.568,1.72185,1.7222,1.75,1.12
2016.08.04 15:12:21.770,1.72191,1.72224,1.00,1.75
2016.08.04 15:12:21.833,1.72197,1.72224,1.00,1.75
2016.08.04 15:12:21.943,1.72191,1.72224,2.62,1.37
2016.08.04 15:12:21.994,1.72199,1.72234,2.25,1.00
2016.08.04 15:12:22.095,1.72202,1.72234,1.00,1.00
2016.08.04 15:12:22.145,1.72202,1.72233,1.00,1.00
2016.08.04 15:12:22.196,1.72199,1.72228,1.00,1.00
2016.08.04 15:12:22.348,1.72193,1.72225,1.75,1.00
2016.08.04 15:12:22.398,1.72193,1.72232,1.75,1.75
2016.08.04 15:12:22.449,1.72193,1.72232,1.37,1.75
2016.08.04 15:12:22.500,1.72195,1.72233,1.00,1.75
2016.08.04 15:12:22.551,1.72195,1.72233,1.37,1.75
2016.08.04 15:12:22.602,1.72195,1.72233,1.75,1.75
2016.08.04 15:12:22.878,1.72199,1.72235,1.00,1.75
2016.08.04 15:12:23.423,1.72199,1.72234,1.00,1.75
2016.08.04 15:12:23.676,1.72199,1.72237,1.00,2.25
2016.08.04 15:12:23.878,1.72199,1.72235,1.00,1.75
2016.08.04 15:12:24.190,1.72199,1.72235,1.00,1.75
2016.08.04 15:12:24.677,1.72199,1.72236,1.00,1.75
2016.08.04 15:12:24.778,1.72199,1.72237,2.25,1.50
2016.08.04 15:12:24.880,1.72205,1.72237,1.00,1.00
2016.08.04 15:12:25.504,1.72205,1.72239,1.50,1.00
2016.08.04 15:12:25.605,1.72205,1.7224,2.25,1.00
2016.08.04 15:12:25.757,1.72206,1.72245,1.37,1.50
2016.08.04 15:12:25.807,1.72211,1.72247,1.12,1.75
2016.08.04 15:12:25.858,1.72211,1.72249,1.12,1.75
2016.08.04 15:12:25.960,1.72211,1.72249,1.50,1.50
2016.08.04 15:12:26.091,1.72211,1.72249,1.75,1.50
2016.08.04 15:12:26.584,1.72211,1.72249,2.25,1.50
2016.08.04 15:12:26.786,1.72211,1.72249,1.75,2.25
2016.08.04 15:12:26.887,1.72216,1.72249,1.00,1.50
2016.08.04 15:12:26.987,1.72216,1.72249,1.75,1.00
2016.08.04 15:12:27.089,1.72216,1.72254,1.75,1.00
2016.08.04 15:12:27.960,1.72216,1.72255,1.75,1.00
2016.08.04 15:12:28.567,1.72216,1.72254,1.75,1.00
2016.08.04 15:12:28.930,1.72215,1.72251,1.75,1.00
2016.08.04 15:12:29.198,1.7221,1.72252,1.75,1.00
2016.08.04 15:12:29.299,1.7221,1.7225,1.75,1.00
2016.08.04 15:12:29.606,1.72204,1.72243,3.22,1.00
2016.08.04 15:12:29.796,1.72207,1.72246,1.00,1.00
2016.08.04 15:12:30.207,1.72209,1.72246,1.00,1.00
2016.08.04 15:12:30.309,1.72209,1.72248,1.75,1.00
2016.08.04 15:12:30.410,1.72215,1.72256,1.50,2.25
2016.08.04 15:12:30.511,1.72219,1.72259,1.00,1.37
2016.08.04 15:12:30.612,1.72219,1.72259,1.00,1.00
2016.08.04 15:12:30.730,1.72219,1.7226,1.00,1.12
2016.08.04 15:12:30.781,1.72218,1.72258,1.12,1.00
2016.08.04 15:12:30.934,1.72218,1.72258,1.12,1.00
2016.08.04 15:12:30.984,1.7222,1.7226,1.00,1.12
2016.08.04 15:12:31.035,1.7222,1.72254,1.00,1.00
2016.08.04 15:12:31.086,1.72216,1.72253,1.75,1.50
2016.08.04 15:12:31.311,1.72213,1.72251,1.75,1.00
2016.08.04 15:12:31.412,1.72211,1.7225,2.25,1.75
2016.08.04 15:12:31.463,1.72211,1.72249,2.25,1.50
2016.08.04 15:12:31.513,1.72211,1.72248,2.25,1.37
2016.08.04 15:12:31.727,1.72214,1.72249,1.12,1.50
2016.08.04 15:12:31.779,1.72211,1.72249,2.25,1.50
2016.08.04 15:12:33.276,1.72211,1.72251,2.25,1.75
2016.08.04 15:12:33.327,1.72211,1.72251,1.75,1.75
2016.08.04 15:12:33.378,1.72213,1.72251,1.37,1.75
2016.08.04 15:12:33.731,1.72213,1.72248,1.37,1.37
2016.08.04 15:12:33.782,1.72216,1.72248,1.37,1.00
2016.08.04 15:12:33.833,1.72216,1.7225,1.37,1.37
2016.08.04 15:12:33.884,1.72216,1.7225,1.50,1.00
2016.08.04 15:12:33.934,1.72217,1.72254,1.12,1.75
2016.08.04 15:12:33.985,1.72217,1.72251,1.12,1.00
2016.08.04 15:12:34.199,1.72217,1.72253,1.12,1.50
2016.08.04 15:12:34.672,1.72217,1.72254,1.12,2.25
2016.08.04 15:12:35.077,1.72217,1.72254,1.12,1.75
2016.08.04 15:12:35.178,1.72217,1.72253,1.12,1.50
2016.08.04 15:12:35.229,1.72217,1.72253,1.12,2.25
2016.08.04 15:12:35.358,1.72217,1.72253,1.37,1.87
2016.08.04 15:12:35.409,1.72221,1.72253,1.00,1.50
2016.08.04 15:12:35.529,1.72221,1.72253,1.00,1.00
2016.08.04 15:12:35.580,1.72221,1.72254,1.00,1.00
2016.08.04 15:12:35.631,1.72224,1.72254,1.37,1.00
2016.08.04 15:12:35.682,1.72225,1.72261,1.12,2.25
2016.08.04 15:12:35.733,1.72236,1.72267,1.00,1.37
2016.08.04 15:12:35.784,1.72236,1.72267,1.37,1.00
2016.08.04 15:12:35.936,1.72229,1.72267,1.75,1.50
2016.08.04 15:12:35.987,1.72229,1.72261,1.37,1.12
2016.08.04 15:12:36.038,1.72229,1.7226,1.37,1.00
2016.08.04 15:12:36.090,1.72229,1.7226,1.00,1.00
2016.08.04 15:12:36.141,1.72229,1.72264,1.00,2.25
2016.08.04 15:12:36.303,1.72229,1.72258,1.00,1.00
2016.08.04 15:12:36.354,1.72222,1.72258,1.75,1.00
2016.08.04 15:12:36.459,1.72222,1.72254,1.75,1.00
2016.08.04 15:12:36.510,1.72222,1.72254,1.50,1.00
2016.08.04 15:12:36.613,1.72222,1.72254,1.12,1.00
2016.08.04 15:12:36.665,1.72217,1.72254,2.25,1.00
2016.08.04 15:12:36.716,1.72217,1.72254,1.75,1.50
2016.08.04 15:12:36.767,1.72217,1.72253,1.75,1.00
2016.08.04 15:12:36.930,1.72217,1.72253,1.75,1.50
2016.08.04 15:12:36.980,1.72217,1.72251,1.75,1.00
2016.08.04 15:12:37.031,1.72217,1.72251,1.37,1.37
2016.08.04 15:12:37.082,1.72212,1.72251,1.75,1.75
2016.08.04 15:12:37.239,1.72216,1.72251,1.00,1.75
2016.08.04 15:12:37.290,1.72216,1.72254,1.00,1.75
2016.08.04 15:12:37.341,1.72216,1.72255,1.00,1.75
2016.08.04 15:12:37.391,1.72217,1.72256,1.37,1.75
2016.08.04 15:12:37.492,1.72216,1.72256,2.25,1.37
2016.08.04 15:12:38.189,1.72218,1.72256,1.75,1.37
2016.08.04 15:12:38.391,1.72216,1.72256,2.25,1.37
2016.08.04 15:12:38.695,1.72218,1.72256,1.75,1.37
2016.08.04 15:12:39.229,1.72219,1.72256,1.75,1.37
2016.08.04 15:12:39.330,1.72216,1.72248,1.75,1.00
2016.08.04 15:12:39.432,1.72217,1.72248,1.75,1.00
2016.08.04 15:12:39.482,1.72213,1.72248,2.10,1.87
2016.08.04 15:12:39.533,1.7221,1.72248,1.75,2.25
2016.08.04 15:12:39.692,1.7221,1.72247,1.75,1.75
2016.08.04 15:12:40.054,1.7221,1.72248,1.75,1.75
2016.08.04 15:12:40.105,1.7221,1.72248,1.00,2.25
2016.08.04 15:12:40.409,1.7221,1.72247,1.00,1.75
2016.08.04 15:12:40.460,1.7221,1.72247,1.00,2.25
2016.08.04 15:12:40.561,1.72206,1.72242,1.37,1.50
2016.08.04 15:12:40.662,1.72206,1.72241,1.37,1.37
2016.08.04 15:12:40.713,1.72204,1.72241,1.75,1.87
2016.08.04 15:12:40.764,1.72199,1.72237,1.75,1.50
2016.08.04 15:12:40.978,1.72206,1.72243,1.00,1.75
2016.08.04 15:12:41.028,1.72209,1.72243,1.00,1.75
2016.08.04 15:12:41.129,1.72212,1.72246,1.50,1.00
2016.08.04 15:12:41.230,1.72212,1.72247,1.50,1.00
2016.08.04 15:12:41.382,1.72208,1.72244,1.75,1.00
2016.08.04 15:12:41.433,1.72208,1.72243,1.50,1.00
2016.08.04 15:12:41.484,1.7221,1.72243,1.00,1.00
2016.08.04 15:12:41.535,1.7221,1.72248,1.75,2.25
2016.08.04 15:12:41.789,1.7221,1.72248,1.75,1.50
2016.08.04 15:12:42.355,1.7221,1.72248,1.75,1.50
2016.08.04 15:12:44.491,1.7221,1.72244,1.75,1.00
2016.08.04 15:12:44.643,1.72208,1.72243,1.00,1.75
2016.08.04 15:12:44.694,1.72208,1.72245,1.12,1.87
2016.08.04 15:12:44.744,1.72208,1.72244,1.50,1.00
2016.08.04 15:12:45.865,1.72208,1.72245,1.50,1.12
2016.08.04 15:12:45.916,1.72208,1.72247,2.25,2.25
2016.08.04 15:12:45.966,1.72208,1.72247,2.25,2.25
2016.08.04 15:12:46.068,1.72208,1.72247,2.25,1.75
2016.08.04 15:12:46.118,1.72209,1.72247,1.12,1.75
2016.08.04 15:12:47.427,1.72208,1.72246,1.50,1.50
2016.08.04 15:12:47.477,1.72208,1.72246,1.50,1.50
2016.08.04 15:12:48.012,1.72208,1.72247,2.25,1.75
2016.08.04 15:12:48.226,1.72212,1.72247,1.00,1.75
2016.08.04 15:12:49.012,1.72212,1.72247,1.37,1.37
2016.08.04 15:12:49.063,1.72213,1.72247,1.00,1.00
2016.08.04 15:12:52.221,1.72209,1.72244,1.00,1.00
2016.08.04 15:12:52.849,1.72205,1.72242,1.50,1.75
2016.08.04 15:12:52.951,1.72204,1.72242,1.75,1.75
2016.08.04 15:12:53.052,1.72202,1.72233,1.75,1.00
2016.08.04 15:12:53.255,1.72201,1.72237,1.00,2.25
2016.08.04 15:12:53.312,1.722,1.72237,1.12,2.25
2016.08.04 15:12:53.363,1.722,1.72237,1.12,1.75
2016.08.04 15:12:53.465,1.72204,1.72237,1.00,1.75
2016.08.04 15:12:53.516,1.72204,1.72236,1.00,1.50
2016.08.04 15:12:53.566,1.72204,1.72236,1.50,1.50
2016.08.04 15:12:53.617,1.72204,1.72241,1.50,2.25
2016.08.04 15:12:53.667,1.72204,1.72241,1.00,1.75
2016.08.04 15:12:53.718,1.72204,1.72241,1.37,1.37
2016.08.04 15:12:53.769,1.72204,1.72241,2.25,1.37
2016.08.04 15:12:53.821,1.72206,1.72246,1.37,2.25
2016.08.04 15:12:53.922,1.72206,1.72242,1.37,1.50
2016.08.04 15:12:54.029,1.72206,1.72244,1.75,1.00
2016.08.04 15:12:54.232,1.72206,1.72245,1.75,1.12
2016.08.04 15:12:54.441,1.72207,1.72246,1.75,1.37
2016.08.04 15:12:54.755,1.72206,1.72246,2.25,1.87
2016.08.04 15:12:55.843,1.72206,1.72246,2.25,2.25
2016.08.04 15:12:56.045,1.72206,1.72246,2.25,2.25
2016.08.04 15:12:56.579,1.72206,1.72246,2.25,2.25
2016.08.04 15:12:56.633,1.72206,1.7224,1.50,1.00
2016.08.04 15:12:58.937,1.72206,1.7224,1.50,1.00
2016.08.04 15:12:59.868,1.72208,1.72246,1.50,2.25
2016.08.04 15:12:59.919,1.72211,1.72246,1.00,2.25
2016.08.04 15:12:59.969,1.72216,1.7225,1.00,1.75
2016.08.04 15:13:00.170,1.72216,1.72252,1.12,1.50
2016.08.04 15:13:00.272,1.72211,1.72246,2.25,1.00
2016.08.04 15:13:00.374,1.72211,1.72249,1.75,1.00
2016.08.04 15:13:00.678,1.72211,1.72249,1.75,1.00
2016.08.04 15:13:00.730,1.72211,1.72249,1.37,1.37
2016.08.04 15:13:00.781,1.72211,1.72249,1.00,1.75
2016.08.04 15:13:01.127,1.72214,1.72249,1.00,1.75
2016.08.04 15:13:01.178,1.72214,1.72249,1.00,1.75
2016.08.04 15:13:01.337,1.72214,1.72249,1.12,1.75
2016.08.04 15:13:01.388,1.72214,1.72249,1.75,1.00
2016.08.04 15:13:01.652,1.72213,1.72249,1.75,1.00
2016.08.04 15:13:01.753,1.72215,1.72249,1.75,1.00
2016.08.04 15:13:01.956,1.72219,1.72249,1.00,1.00
2016.08.04 15:13:02.007,1.72219,1.72255,1.00,2.25
2016.08.04 15:13:02.678,1.72218,1.72255,1.00,2.25
2016.08.04 15:13:02.857,1.72216,1.72254,1.50,1.75
2016.08.04 15:13:02.958,1.72214,1.72254,1.75,2.25
2016.08.04 15:13:03.060,1.72214,1.72252,1.75,1.12
2016.08.04 15:13:03.161,1.72214,1.72253,1.00,1.75
2016.08.04 15:13:03.211,1.72212,1.72248,1.50,1.50
2016.08.04 15:13:03.262,1.72211,1.72248,3.00,1.50
2016.08.04 15:13:03.493,1.72209,1.72249,3.00,1.75
2016.08.04 15:13:03.668,1.72211,1.72249,1.75,1.75
2016.08.04 15:13:04.336,1.72209,1.72249,3.00,2.25
2016.08.04 15:13:04.437,1.72209,1.72249,2.25,2.25
2016.08.04 15:13:04.635,1.72209,1.72249,2.25,3.00
2016.08.04 15:13:05.080,1.72209,1.72248,2.25,1.50
2016.08.04 15:13:05.132,1.72209,1.72247,1.75,1.12
2016.08.04 15:13:05.183,1.72209,1.72247,1.75,1.12
2016.08.04 15:13:05.284,1.72207,1.72245,1.50,1.50
2016.08.04 15:13:05.335,1.72205,1.72245,2.25,1.50
2016.08.04 15:13:05.488,1.72205,1.72245,2.25,1.50
2016.08.04 15:13:08.392,1.72205,1.72245,2.25,1.50
2016.08.04 15:13:09.536,1.72205,1.72245,1.75,1.50
2016.08.04 15:13:09.649,1.72205,1.72245,1.75,2.25
2016.08.04 15:13:09.937,1.72205,1.72245,1.75,1.50
2016.08.04 15:13:11.956,1.72205,1.72245,1.37,1.75
2016.08.04 15:13:12.007,1.72204,1.7224,1.12,1.75
2016.08.04 15:13:12.404,1.72203,1.7224,1.87,1.75
2016.08.04 15:13:12.663,1.72204,1.7224,1.12,1.75
2016.08.04 15:13:13.579,1.72203,1.7224,1.37,1.75
2016.08.04 15:13:15.175,1.72203,1.7224,1.37,1.75
2016.08.04 15:13:16.177,1.72203,1.7224,1.37,1.75
2016.08.04 15:13:16.228,1.72204,1.7224,1.12,1.75
2016.08.04 15:13:17.435,1.72203,1.7224,1.37,1.75
2016.08.04 15:13:17.942,1.72204,1.7224,1.12,1.75
2016.08.04 15:13:18.010,1.72205,1.7224,1.00,1.75
2016.08.04 15:13:18.425,1.72204,1.7224,1.12,1.75
2016.08.04 15:13:18.627,1.72203,1.7224,1.37,1.75
2016.08.04 15:13:18.729,1.72204,1.7224,1.12,1.75
2016.08.04 15:13:18.912,1.72203,1.7224,1.37,1.75
2016.08.04 15:13:19.813,1.72205,1.7224,1.00,1.75
2016.08.04 15:13:20.134,1.72203,1.7224,1.37,1.75
2016.08.04 15:13:20.235,1.72207,1.72245,1.00,2.25
2016.08.04 15:13:20.286,1.72207,1.72245,1.87,2.25
2016.08.04 15:13:20.337,1.72208,1.72245,1.75,1.75
2016.08.04 15:13:20.447,1.7221,1.72245,1.12,1.75
2016.08.04 15:13:20.498,1.72213,1.72245,1.00,1.00
2016.08.04 15:13:20.599,1.72213,1.72245,1.00,1.00
2016.08.04 15:13:20.701,1.72216,1.72252,1.50,1.00
2016.08.04 15:13:20.751,1.72218,1.72252,1.00,1.00
2016.08.04 15:13:20.954,1.72213,1.72248,1.00,1.00
2016.08.04 15:13:21.004,1.72213,1.72248,1.00,1.00
2016.08.04 15:13:21.105,1.72213,1.72247,1.00,1.00
2016.08.04 15:13:21.156,1.72213,1.72241,1.00,1.00
2016.08.04 15:13:21.207,1.72208,1.72241,1.75,1.00
2016.08.04 15:13:21.416,1.72204,1.72241,1.75,1.00
2016.08.04 15:13:21.624,1.72204,1.72241,1.75,1.50
2016.08.04 15:13:21.725,1.72203,1.72237,1.00,1.12
2016.08.04 15:13:21.776,1.72197,1.72237,2.25,1.12
2016.08.04 15:13:21.827,1.72198,1.72237,1.75,1.12
2016.08.04 15:13:21.928,1.72198,1.72238,1.75,2.25
2016.08.04 15:13:22.029,1.72197,1.72235,2.25,1.00
2016.08.04 15:13:22.232,1.72198,1.72238,1.75,2.25
2016.08.04 15:13:22.333,1.72198,1.72238,1.75,1.50
2016.08.04 15:13:22.437,1.72198,1.72235,1.75,1.00
2016.08.04 15:13:22.538,1.72198,1.72237,1.75,1.12
2016.08.04 15:13:22.589,1.72201,1.72237,1.50,1.12
2016.08.04 15:13:22.639,1.72202,1.72238,1.12,1.50
2016.08.04 15:13:22.741,1.72201,1.72238,2.25,1.50
2016.08.04 15:13:23.318,1.72202,1.72238,1.12,1.50
2016.08.04 15:13:23.495,1.72202,1.72238,1.12,1.75
2016.08.04 15:13:23.547,1.722,1.72238,1.00,1.75
2016.08.04 15:13:23.648,1.72197,1.72236,2.25,1.75
2016.08.04 15:13:23.699,1.72197,1.72236,2.25,1.75
2016.08.04 15:13:23.749,1.72196,1.72225,1.75,1.00
2016.08.04 15:13:23.800,1.72194,1.72225,1.37,1.00
2016.08.04 15:13:23.851,1.72194,1.7223,1.12,1.75
2016.08.04 15:13:23.902,1.72193,1.7223,1.50,1.75
2016.08.04 15:13:23.952,1.72191,1.72225,1.75,1.00
2016.08.04 15:13:24.003,1.72191,1.72225,1.37,1.00
2016.08.04 15:13:24.054,1.72191,1.7223,1.00,1.75
2016.08.04 15:13:24.155,1.72191,1.72225,1.00,1.37
2016.08.04 15:13:24.219,1.7219,1.72225,2.62,1.37
2016.08.04 15:13:24.446,1.72191,1.7223,1.00,1.75
2016.08.04 15:13:24.599,1.72191,1.72229,1.37,1.37
2016.08.04 15:13:24.649,1.72191,1.72229,1.75,1.00
2016.08.04 15:13:25.838,1.72191,1.72231,1.75,2.25
2016.08.04 15:13:25.940,1.72191,1.72231,2.25,1.50
2016.08.04 15:13:26.041,1.72192,1.72231,1.75,1.50
2016.08.04 15:13:26.092,1.72198,1.72232,1.00,1.75
2016.08.04 15:13:26.142,1.72198,1.72233,1.75,1.00
2016.08.04 15:13:26.519,1.72198,1.72236,1.75,1.50
2016.08.04 15:13:26.998,1.72198,1.72236,1.75,1.50
2016.08.04 15:13:27.150,1.72198,1.72236,1.75,2.25
2016.08.04 15:13:27.252,1.72198,1.72236,1.75,1.50
2016.08.04 15:13:27.455,1.72201,1.72236,1.50,2.25
2016.08.04 15:13:27.858,1.72198,1.72235,1.75,1.12
2016.08.04 15:13:28.061,1.72198,1.72232,1.75,1.00
2016.08.04 15:13:28.162,1.72197,1.72234,1.75,1.00
2016.08.04 15:13:28.325,1.72208,1.72237,1.00,1.50
2016.08.04 15:13:28.376,1.72208,1.72241,1.00,2.25
2016.08.04 15:13:28.427,1.72208,1.72241,1.37,1.00
2016.08.04 15:13:28.478,1.72208,1.72241,1.75,1.00
2016.08.04 15:13:28.633,1.7221,1.72241,1.75,1.00
2016.08.04 15:13:28.684,1.7221,1.72245,1.75,1.00
2016.08.04 15:13:28.735,1.72213,1.72245,1.12,1.00
2016.08.04 15:13:28.836,1.72218,1.72247,1.00,1.00
2016.08.04 15:13:28.937,1.72218,1.72247,1.00,1.00
2016.08.04 15:13:28.988,1.72218,1.72251,1.00,1.50
2016.08.04 15:13:29.139,1.72214,1.72251,3.22,1.50
2016.08.04 15:13:29.543,1.72215,1.72251,1.75,2.25
2016.08.04 15:13:29.594,1.72215,1.72248,1.75,1.50
2016.08.04 15:13:29.645,1.72216,1.72248,1.00,1.50
2016.08.04 15:13:30.328,1.72214,1.72248,1.75,1.50
2016.08.04 15:13:30.378,1.72217,1.72248,1.00,1.50
2016.08.04 15:13:30.429,1.72217,1.72247,1.00,1.00
2016.08.04 15:13:31.400,1.72217,1.72246,1.00,1.00
2016.08.04 15:13:31.533,1.72215,1.72246,1.50,1.00
2016.08.04 15:13:31.807,1.72215,1.72251,1.50,1.00
2016.08.04 15:13:32.209,1.72214,1.72251,1.87,1.12
2016.08.04 15:13:32.260,1.72214,1.72251,1.87,1.50
2016.08.04 15:13:33.856,1.72214,1.72251,1.37,1.50
2016.08.04 15:13:33.907,1.72214,1.72252,1.37,1.75
2016.08.04 15:13:33.957,1.72214,1.72252,1.87,1.75
2016.08.04 15:13:34.631,1.72215,1.72252,1.12,1.75
2016.08.04 15:13:36.685,1.72214,1.72252,1.87,1.75
2016.08.04 15:13:36.899,1.72214,1.72252,1.37,1.75
2016.08.04 15:13:36.950,1.72213,1.72252,2.25,1.75
2016.08.04 15:13:38.050,1.72214,1.72252,1.37,1.75
2016.08.04 15:13:38.351,1.72214,1.72252,1.87,1.75
2016.08.04 15:13:38.402,1.72214,1.72244,1.37,1.00
2016.08.04 15:13:38.453,1.72209,1.72244,3.00,1.00
2016.08.04 15:13:38.503,1.72209,1.72244,2.25,1.00
2016.08.04 15:13:38.554,1.72209,1.72244,1.50,1.75
2016.08.04 15:13:38.655,1.72209,1.72244,1.00,1.75
2016.08.04 15:13:38.706,1.72209,1.72243,1.00,1.50
2016.08.04 15:13:38.873,1.72209,1.72242,1.00,1.37
2016.08.04 15:13:38.988,1.72209,1.72242,1.00,1.37
2016.08.04 15:13:39.592,1.72209,1.72242,1.00,1.37
2016.08.04 15:13:40.198,1.72209,1.72239,1.00,1.00
2016.08.04 15:13:40.765,1.72209,1.72238,1.00,1.00
2016.08.04 15:13:41.278,1.72209,1.72239,1.00,1.00
2016.08.04 15:13:41.535,1.72209,1.72242,1.00,1.37
2016.08.04 15:13:41.586,1.72209,1.72242,1.00,1.37
2016.08.04 15:13:41.767,1.72209,1.72242,1.00,1.37
2016.08.04 15:13:41.867,1.72209,1.72242,1.00,1.37
2016.08.04 15:13:43.069,1.72209,1.72242,1.00,1.37
2016.08.04 15:13:43.459,1.72208,1.72242,1.12,1.37
2016.08.04 15:13:43.661,1.72208,1.72242,1.50,1.37
2016.08.04 15:13:43.712,1.72211,1.72242,1.00,1.00
2016.08.04 15:13:43.762,1.72211,1.72242,1.00,1.00
2016.08.04 15:13:43.813,1.72211,1.72238,1.00,1.00
2016.08.04 15:13:43.864,1.72207,1.72238,1.00,1.12
2016.08.04 15:13:44.029,1.72207,1.7224,1.00,1.50
2016.08.04 15:13:44.080,1.72212,1.72241,1.00,1.75
2016.08.04 15:13:44.131,1.72212,1.72243,1.00,1.37
2016.08.04 15:13:44.181,1.72213,1.72244,1.00,1.00
2016.08.04 15:13:44.232,1.72213,1.72251,1.37,1.37
2016.08.04 15:13:44.283,1.72213,1.72251,1.75,1.12
2016.08.04 15:13:44.333,1.72219,1.72252,1.00,1.37
2016.08.04 15:13:44.384,1.72223,1.72253,1.00,1.50
2016.08.04 15:13:44.435,1.72223,1.72258,1.37,1.37
2016.08.04 15:13:44.486,1.72223,1.72258,1.75,1.12
2016.08.04 15:13:44.536,1.72224,1.72258,1.50,1.50
2016.08.04 15:13:44.587,1.72224,1.72258,1.50,2.25
2016.08.04 15:13:44.638,1.72223,1.72251,1.37,1.37
2016.08.04 15:13:44.688,1.72214,1.72247,1.12,1.12
2016.08.04 15:13:44.739,1.72212,1.72247,1.50,1.12
2016.08.04 15:13:44.959,1.72211,1.72247,3.00,1.12
2016.08.04 15:13:45.062,1.72227,1.72247,1.00,1.12
2016.08.04 15:13:45.113,1.72227,1.72251,1.00,1.00
2016.08.04 15:13:45.165,1.72234,1.72251,1.00,1.00
2016.08.04 15:13:45.267,1.72238,1.72251,1.37,1.00
2016.08.04 15:13:45.318,1.72238,1.72252,1.75,1.00
2016.08.04 15:13:45.369,1.72238,1.72252,1.00,1.00
2016.08.04 15:13:45.420,1.72239,1.72275,1.00,1.75
2016.08.04 15:13:45.470,1.72239,1.72275,1.50,1.37
2016.08.04 15:13:45.521,1.72239,1.72275,1.50,1.87
2016.08.04 15:13:45.572,1.72239,1.72268,1.50,1.00
2016.08.04 15:13:45.623,1.72238,1.72268,1.75,1.00
2016.08.04 15:13:45.742,1.72232,1.72268,3.97,1.12
2016.08.04 15:13:45.793,1.72232,1.72269,1.50,2.25
2016.08.04 15:13:46.010,1.72231,1.72269,1.75,3.00
2016.08.04 15:13:46.111,1.72231,1.72267,1.75,1.12
2016.08.04 15:13:46.162,1.72229,1.72265,1.75,1.00
2016.08.04 15:13:46.579,1.7223,1.72267,1.75,2.62
2016.08.04 15:13:46.630,1.7223,1.72265,1.75,1.00
2016.08.04 15:13:47.371,1.72229,1.72265,1.75,1.00
2016.08.04 15:13:47.632,1.72229,1.72267,1.75,1.12
2016.08.04 15:13:47.683,1.7223,1.72269,2.62,2.25
2016.08.04 15:13:47.734,1.72239,1.72269,1.00,1.75
2016.08.04 15:13:47.785,1.72242,1.72272,1.00,1.12
2016.08.04 15:13:47.836,1.72242,1.72273,1.12,1.12
2016.08.04 15:13:47.887,1.72242,1.72271,1.50,1.00
2016.08.04 15:13:47.937,1.72234,1.72269,2.47,2.25
2016.08.04 15:13:47.988,1.72231,1.72269,2.25,2.25
2016.08.04 15:13:48.038,1.7223,1.72269,1.50,1.37
2016.08.04 15:13:48.155,1.7223,1.72269,1.50,1.37
2016.08.04 15:13:48.206,1.7223,1.72269,1.50,2.25
2016.08.04 15:13:48.358,1.7223,1.72267,1.50,1.50
2016.08.04 15:13:48.836,1.7223,1.72266,1.50,1.37
2016.08.04 15:13:48.987,1.72231,1.72266,1.37,1.37
2016.08.04 15:13:49.038,1.72231,1.72268,1.37,1.75
2016.08.04 15:13:49.184,1.7223,1.72268,1.50,1.75
2016.08.04 15:13:49.236,1.7223,1.72266,1.50,1.37
2016.08.04 15:13:49.287,1.72231,1.72266,1.37,1.37
2016.08.04 15:13:49.504,1.72231,1.72266,1.37,1.37
2016.08.04 15:13:49.656,1.72231,1.72264,1.37,1.00
2016.08.04 15:13:50.638,1.72231,1.72264,1.37,1.00
2016.08.04 15:13:55.538,1.72231,1.72263,1.00,1.37
2016.08.04 15:13:55.589,1.72225,1.7226,1.50,1.00
2016.08.04 15:13:55.639,1.72225,1.7226,1.00,1.50
2016.08.04 15:13:55.690,1.72225,1.7226,1.00,2.25
2016.08.04 15:13:55.741,1.72225,1.72254,1.00,1.00
2016.08.04 15:13:56.305,1.72221,1.72254,1.75,1.00
2016.08.04 15:13:56.356,1.72221,1.72254,1.50,1.00
2016.08.04 15:13:56.659,1.72221,1.72257,1.50,1.75
2016.08.04 15:13:56.823,1.72221,1.72254,1.50,1.00
2016.08.04 15:13:57.983,1.72215,1.72254,1.75,1.50
2016.08.04 15:13:58.034,1.72215,1.72251,1.75,1.00
2016.08.04 15:13:58.084,1.72215,1.72251,1.37,1.12
2016.08.04 15:13:58.135,1.72215,1.72252,1.37,2.25
2016.08.04 15:13:58.236,1.72215,1.72252,1.37,1.75
2016.08.04 15:13:58.337,1.72215,1.72252,1.37,2.25
2016.08.04 15:13:59.059,1.72215,1.72252,1.37,1.75
2016.08.04 15:13:59.261,1.72211,1.72249,1.75,1.12
2016.08.04 15:13:59.626,1.7221,1.72248,1.75,1.00
2016.08.04 15:13:59.811,1.7221,1.72248,1.37,1.37
2016.08.04 15:13:59.862,1.7221,1.72248,1.00,2.25
2016.08.04 15:13:59.912,1.7221,1.72244,1.00,1.75
2016.08.04 15:13:59.963,1.72207,1.72242,1.50,1.12
2016.08.04 15:14:00.064,1.72207,1.72242,1.87,1.12
2016.08.04 15:14:00.166,1.72207,1.7224,1.87,1.00
2016.08.04 15:14:00.267,1.72207,1.72238,1.50,1.00
2016.08.04 15:14:00.369,1.72205,1.7224,1.75,1.50
2016.08.04 15:14:00.470,1.72205,1.7224,1.75,1.00
2016.08.04 15:14:00.865,1.72205,1.7224,1.75,1.50
2016.08.04 15:14:01.169,1.7221,1.7224,1.00,1.00
2016.08.04 15:14:01.220,1.7221,1.7224,1.37,1.00
2016.08.04 15:14:01.271,1.72212,1.72244,1.00,1.00
2016.08.04 15:14:01.473,1.72216,1.72247,1.50,1.00
2016.08.04 15:14:01.525,1.72216,1.72251,1.87,1.87
2016.08.04 15:14:01.576,1.72217,1.72249,1.00,1.00
2016.08.04 15:14:02.671,1.72217,1.72249,1.12,1.00
2016.08.04 15:14:02.722,1.72217,1.7225,1.75,1.00
2016.08.04 15:14:02.773,1.72223,1.72251,1.00,1.00
2016.08.04 15:14:02.824,1.72227,1.72251,1.00,1.00
2016.08.04 15:14:02.874,1.72224,1.72259,1.00,1.12
2016.08.04 15:14:03.080,1.72224,1.72256,1.00,1.50
2016.08.04 15:14:03.132,1.72222,1.72256,1.12,1.50
2016.08.04 15:14:03.654,1.72222,1.72253,1.12,1.00
2016.08.04 15:14:03.806,1.72222,1.72253,1.12,1.00
2016.08.04 15:14:04.009,1.72217,1.72253,1.75,1.37
2016.08.04 15:14:04.060,1.72217,1.72253,1.37,1.50
2016.08.04 15:14:04.258,1.72217,1.72252,1.37,1.37
2016.08.04 15:14:04.571,1.72217,1.72252,1.37,1.87
2016.08.04 15:14:04.621,1.72215,1.72252,1.75,2.62
2016.08.04 15:14:04.824,1.72212,1.72248,3.00,1.00
2016.08.04 15:14:05.077,1.72213,1.72248,1.12,1.00
2016.08.04 15:14:05.465,1.72212,1.72248,2.25,1.00
2016.08.04 15:14:05.878,1.72219,1.72248,1.00,1.00
2016.08.04 15:14:05.979,1.72227,1.72255,1.00,1.75
2016.08.04 15:14:06.032,1.72234,1.72257,1.00,1.12
2016.08.04 15:14:06.083,1.72236,1.72258,1.00,2.10
2016.08.04 15:14:06.135,1.72239,1.72267,1.50,1.00
2016.08.04 15:14:06.186,1.7225,1.72278,1.00,1.75
2016.08.04 15:14:06.236,1.7225,1.72278,1.50,1.75
2016.08.04 15:14:06.287,1.7225,1.72282,1.50,1.87
2016.08.04 15:14:06.410,1.7225,1.72282,1.50,1.37
2016.08.04 15:14:06.461,1.72246,1.72281,1.75,2.25
2016.08.04 15:14:06.511,1.72243,1.72262,1.00,1.00
2016.08.04 15:14:06.612,1.72241,1.72258,1.00,1.00
2016.08.04 15:14:06.714,1.72239,1.72259,1.00,2.62
2016.08.04 15:14:06.815,1.72239,1.72258,1.00,1.12
2016.08.04 15:14:06.879,1.72239,1.72259,1.00,1.37
2016.08.04 15:14:06.930,1.72234,1.72259,1.50,1.37
2016.08.04 15:14:06.980,1.72234,1.72258,1.50,1.12
2016.08.04 15:14:07.082,1.72234,1.72258,1.12,1.50
2016.08.04 15:14:07.228,1.72234,1.72258,1.00,1.50
2016.08.04 15:14:07.279,1.72228,1.72259,1.37,2.62
2016.08.04 15:14:07.330,1.72228,1.72258,1.37,1.12
2016.08.04 15:14:07.482,1.72227,1.72258,2.25,1.12
2016.08.04 15:14:07.684,1.7223,1.72259,1.00,3.37
2016.08.04 15:14:07.785,1.7223,1.72258,1.00,1.12
2016.08.04 15:14:07.835,1.72227,1.72258,1.50,1.12
2016.08.04 15:14:08.319,1.72225,1.72258,1.75,1.00
2016.08.04 15:14:08.370,1.72225,1.72258,1.37,1.00
2016.08.04 15:14:08.499,1.72225,1.72259,1.37,1.50
2016.08.04 15:14:08.550,1.72225,1.72259,1.12,2.62
2016.08.04 15:14:08.600,1.72225,1.72258,1.12,1.87
2016.08.04 15:14:08.652,1.72223,1.72258,2.25,1.87
2016.08.04 15:14:08.702,1.72223,1.72257,2.25,1.00
2016.08.04 15:14:08.905,1.72223,1.72259,2.25,2.62
2016.08.04 15:14:09.026,1.72226,1.72258,1.00,1.12
2016.08.04 15:14:09.085,1.72226,1.72259,1.00,2.62
2016.08.04 15:14:09.386,1.72226,1.72258,1.00,1.12
2016.08.04 15:14:09.437,1.72223,1.72258,2.25,1.12
2016.08.04 15:14:09.538,1.72226,1.72259,1.00,2.62
2016.08.04 15:14:09.795,1.72227,1.72258,1.00,1.50
2016.08.04 15:14:09.845,1.72227,1.72258,1.00,1.37
2016.08.04 15:14:09.896,1.72227,1.72259,1.37,2.62
2016.08.04 15:14:09.947,1.72227,1.72259,1.75,2.25
2016.08.04 15:14:09.997,1.72227,1.72258,1.75,1.12
2016.08.04 15:14:10.048,1.7223,1.72258,1.50,1.12
2016.08.04 15:14:10.099,1.7223,1.72258,1.50,1.00
2016.08.04 15:14:10.150,1.72232,1.72258,1.00,1.00
2016.08.04 15:14:10.251,1.72227,1.72258,1.75,1.00
2016.08.04 15:14:10.302,1.72227,1.72259,1.75,1.87
2016.08.04 15:14:10.353,1.72227,1.72259,1.75,1.37
2016.08.04 15:14:10.404,1.72227,1.72258,1.37,1.50
2016.08.04 15:14:10.454,1.72224,1.72258,1.50,1.50
2016.08.04 15:14:10.670,1.72224,1.72256,1.50,1.00
2016.08.04 15:14:11.282,1.72224,1.72256,1.00,1.00
2016.08.04 15:14:11.475,1.72222,1.72256,1.37,1.37
2016.08.04 15:14:11.526,1.72222,1.72255,1.00,1.00
2016.08.04 15:14:11.858,1.72222,1.7225,1.00,1.00
2016.08.04 15:14:11.959,1.72222,1.7225,1.00,1.50
2016.08.04 15:14:12.010,1.72227,1.7225,1.00,1.00
2016.08.04 15:14:12.061,1.72227,1.72252,1.00,1.50
2016.08.04 15:14:12.111,1.72232,1.72252,1.00,1.00
2016.08.04 15:14:12.162,1.72232,1.72255,1.00,1.00
2016.08.04 15:14:12.213,1.72231,1.72258,1.00,1.50
2016.08.04 15:14:12.263,1.72231,1.72258,1.00,1.12
2016.08.04 15:14:12.314,1.72231,1.72258,1.00,1.50
2016.08.04 15:14:12.365,1.72231,1.72258,1.00,1.37
2016.08.04 15:14:12.415,1.72232,1.72259,1.00,3.37
2016.08.04 15:14:12.467,1.72232,1.72259,1.50,3.37
2016.08.04 15:14:12.622,1.72237,1.72258,1.00,1.12
2016.08.04 15:14:12.673,1.72237,1.72258,1.50,1.00
2016.08.04 15:14:12.724,1.72237,1.72258,1.00,1.00
2016.08.04 15:14:12.780,1.72237,1.72258,1.37,1.00
2016.08.04 15:14:12.830,1.72242,1.72272,1.00,1.00
2016.08.04 15:14:12.888,1.72242,1.72274,1.00,1.50
2016.08.04 15:14:12.939,1.72247,1.72274,1.00,1.00
2016.08.04 15:14:12.990,1.72247,1.72274,1.00,1.00
2016.08.04 15:14:13.041,1.72249,1.72277,1.50,1.00
2016.08.04 15:14:13.092,1.72249,1.72286,1.87,2.85
2016.08.04 15:14:13.142,1.72253,1.72286,1.00,1.00
2016.08.04 15:14:13.330,1.7225,1.72286,1.75,1.00
2016.08.04 15:14:13.554,1.72249,1.72286,2.25,1.00
2016.08.04 15:14:14.442,1.72254,1.72289,1.00,1.50
2016.08.04 15:14:14.544,1.72258,1.72292,1.00,1.75
2016.08.04 15:14:14.594,1.72258,1.72295,1.00,1.50
2016.08.04 15:14:14.645,1.72258,1.72295,1.12,2.25
2016.08.04 15:14:14.847,1.72258,1.72295,1.12,1.50
2016.08.04 15:14:15.430,1.72258,1.72294,1.12,1.12
2016.08.04 15:14:15.745,1.72258,1.72294,1.87,1.12
2016.08.04 15:14:16.216,1.72258,1.72295,1.87,1.50
2016.08.04 15:14:16.347,1.72258,1.72295,2.62,1.50
2016.08.04 15:14:16.635,1.72259,1.72295,1.00,1.50
2016.08.04 15:14:16.685,1.7226,1.72297,1.00,1.75
2016.08.04 15:14:16.736,1.7226,1.72297,1.75,1.00
2016.08.04 15:14:17.226,1.7226,1.72297,1.75,1.50
2016.08.04 15:14:17.327,1.7226,1.72296,1.75,1.00
2016.08.04 15:14:17.378,1.7226,1.72296,1.75,1.12
2016.08.04 15:14:17.530,1.7226,1.72296,1.75,1.87
2016.08.04 15:14:17.681,1.72255,1.72294,1.75,1.00
2016.08.04 15:14:17.798,1.72255,1.72294,1.50,1.37
2016.08.04 15:14:17.849,1.72254,1.72291,1.75,1.12
2016.08.04 15:14:18.507,1.72254,1.72294,1.75,2.25
2016.08.04 15:14:19.159,1.72254,1.72293,1.75,1.75
2016.08.04 15:14:19.768,1.72254,1.72294,2.25,2.25
2016.08.04 15:14:19.968,1.72254,1.72292,1.75,1.50
2016.08.04 15:14:22.140,1.72256,1.72294,1.12,1.75
2016.08.04 15:14:22.242,1.72257,1.72294,1.00,1.75
2016.08.04 15:14:22.292,1.7226,1.72298,1.00,1.75
2016.08.04 15:14:22.343,1.7226,1.72298,1.75,1.12
2016.08.04 15:14:22.444,1.7226,1.72299,1.75,1.87
2016.08.04 15:14:24.263,1.72257,1.72295,2.25,1.00
2016.08.04 15:14:24.315,1.72257,1.72295,2.25,1.00
2016.08.04 15:14:24.366,1.72261,1.72295,1.12,1.37
2016.08.04 15:14:24.417,1.72261,1.72295,1.12,1.37
2016.08.04 15:14:24.468,1.72261,1.72296,1.12,1.50
2016.08.04 15:14:24.519,1.72261,1.72296,1.50,1.37
2016.08.04 15:14:24.570,1.72261,1.72299,3.00,2.25
2016.08.04 15:14:24.621,1.72261,1.72299,3.00,2.25
2016.08.04 15:14:24.726,1.72261,1.72298,3.00,1.12
2016.08.04 15:14:24.999,1.72261,1.72298,1.75,1.12
2016.08.04 15:14:25.050,1.72261,1.72296,1.75,1.00
2016.08.04 15:14:25.101,1.72261,1.72295,1.37,1.12
2016.08.04 15:14:25.152,1.7226,1.72295,1.00,1.50
2016.08.04 15:14:25.304,1.7226,1.72295,1.00,1.00
2016.08.04 15:14:25.406,1.72257,1.72296,2.25,1.87
2016.08.04 15:14:25.456,1.72257,1.72296,3.00,1.50
2016.08.04 15:14:25.507,1.72261,1.72296,2.25,1.00
2016.08.04 15:14:25.558,1.72261,1.72296,2.25,1.00
2016.08.04 15:14:25.770,1.72261,1.72299,2.25,1.37
2016.08.04 15:14:27.629,1.72261,1.72299,2.25,1.87
2016.08.04 15:14:27.679,1.72261,1.72299,1.75,1.87
2016.08.04 15:14:27.815,1.72261,1.72299,1.12,2.25
2016.08.04 15:14:27.866,1.72261,1.72296,1.12,1.37
2016.08.04 15:14:27.917,1.72261,1.72296,1.87,1.37
2016.08.04 15:14:28.072,1.72261,1.72293,1.12,1.00
2016.08.04 15:14:28.122,1.72256,1.72293,1.37,1.37
2016.08.04 15:14:28.179,1.72256,1.72289,1.37,1.00
2016.08.04 15:14:28.232,1.72253,1.72282,1.75,1.00
2016.08.04 15:14:28.283,1.72251,1.72282,1.75,1.00
2016.08.04 15:14:28.334,1.72251,1.72282,1.37,1.00
2016.08.04 15:14:28.385,1.72251,1.72282,1.00,1.00
2016.08.04 15:14:28.436,1.72248,1.72285,1.75,1.75
2016.08.04 15:14:28.537,1.72248,1.72282,1.75,1.50
2016.08.04 15:14:28.639,1.72252,1.72282,1.00,1.50
2016.08.04 15:14:28.874,1.72256,1.72282,1.00,1.50
2016.08.04 15:14:29.419,1.72252,1.72282,1.00,1.50
2016.08.04 15:14:29.874,1.72252,1.72282,1.00,1.00
2016.08.04 15:14:30.057,1.72252,1.72285,1.00,2.25
2016.08.04 15:14:30.375,1.72252,1.72283,1.00,1.12
2016.08.04 15:14:31.054,1.72257,1.72283,1.00,1.12
2016.08.04 15:14:31.233,1.72257,1.72285,1.00,2.25
2016.08.04 15:14:31.335,1.72261,1.72287,1.00,1.75
2016.08.04 15:14:31.436,1.72257,1.72287,1.00,1.37
2016.08.04 15:14:31.607,1.72257,1.72287,1.00,1.00
2016.08.04 15:14:32.011,1.72257,1.72289,1.00,1.50
2016.08.04 15:14:32.164,1.72254,1.72287,1.00,1.00
2016.08.04 15:14:32.417,1.72252,1.72285,1.37,1.37
2016.08.04 15:14:32.567,1.72249,1.72283,1.50,1.50
2016.08.04 15:14:32.618,1.72249,1.72283,1.00,1.50
2016.08.04 15:14:33.167,1.72249,1.72283,1.00,1.00
2016.08.04 15:14:35.475,1.72252,1.72283,1.00,1.00
2016.08.04 15:14:35.576,1.72249,1.72284,1.00,2.25
2016.08.04 15:14:35.778,1.72249,1.72283,1.00,1.00
2016.08.04 15:14:35.930,1.72247,1.72282,1.37,1.37
2016.08.04 15:14:35.980,1.72247,1.72278,1.00,1.12
2016.08.04 15:14:36.031,1.72241,1.72278,1.37,2.25
2016.08.04 15:14:36.082,1.72241,1.72275,1.00,1.75
2016.08.04 15:14:36.482,1.72237,1.72275,2.25,1.75
2016.08.04 15:14:36.685,1.72237,1.72275,2.25,1.75
2016.08.04 15:14:37.285,1.72237,1.72274,2.25,1.50
2016.08.04 15:14:37.386,1.72237,1.72276,2.25,1.75
2016.08.04 15:14:38.751,1.72237,1.72278,2.25,2.25
2016.08.04 15:14:38.852,1.72247,1.72278,1.00,1.37
2016.08.04 15:14:39.008,1.72247,1.72278,1.00,1.00
2016.08.04 15:14:39.058,1.72247,1.7228,1.00,1.87
2016.08.04 15:14:39.109,1.72247,1.7228,1.00,1.12
2016.08.04 15:14:39.414,1.72251,1.7228,1.00,1.12
2016.08.04 15:14:39.515,1.72251,1.7228,1.00,1.00
2016.08.04 15:14:39.566,1.72251,1.72282,1.00,1.00
2016.08.04 15:14:39.616,1.72247,1.72282,2.25,1.00
2016.08.04 15:14:39.946,1.72247,1.72282,2.25,1.00
2016.08.04 15:14:40.047,1.72247,1.72276,1.87,1.00
2016.08.04 15:14:40.098,1.72247,1.72276,1.50,1.00
2016.08.04 15:14:40.149,1.72246,1.72276,1.00,1.00
2016.08.04 15:14:40.646,1.72246,1.72277,1.00,1.50
2016.08.04 15:14:40.848,1.72246,1.72277,1.00,2.25
2016.08.04 15:14:41.016,1.72241,1.72277,2.25,2.25
2016.08.04 15:14:41.218,1.72241,1.72277,1.75,2.25
2016.08.04 15:14:41.269,1.72241,1.72273,1.75,1.00
2016.08.04 15:14:41.320,1.72242,1.72273,1.75,1.50
2016.08.04 15:14:41.370,1.72242,1.72272,1.37,1.37
2016.08.04 15:14:41.421,1.72241,1.72271,1.00,1.00
2016.08.04 15:14:41.522,1.72236,1.7227,1.50,1.00
2016.08.04 15:14:41.756,1.72236,1.72271,1.50,1.00
2016.08.04 15:14:41.951,1.72236,1.7227,2.25,1.00
2016.08.04 15:14:42.153,1.72236,1.72271,2.25,1.00
2016.08.04 15:14:42.355,1.72236,1.7227,2.25,1.00
2016.08.04 15:14:42.557,1.72236,1.72271,1.50,1.00
2016.08.04 15:14:42.658,1.72236,1.72271,1.00,1.00
2016.08.04 15:14:42.759,1.72236,1.72272,1.37,1.37
2016.08.04 15:14:42.810,1.72239,1.72272,1.00,1.00
2016.08.04 15:14:43.259,1.72242,1.72273,1.00,1.00
2016.08.04 15:14:43.360,1.72241,1.72279,1.87,2.25
2016.08.04 15:14:43.411,1.72244,1.72279,1.00,2.25
2016.08.04 15:14:43.462,1.72241,1.72276,1.37,1.12
2016.08.04 15:14:43.513,1.72241,1.72276,1.00,1.50
2016.08.04 15:14:43.563,1.72242,1.72275,1.37,1.12
2016.08.04 15:14:43.614,1.72242,1.72275,1.75,1.00
2016.08.04 15:14:43.665,1.72242,1.72275,1.75,1.00
2016.08.04 15:14:44.173,1.72242,1.72275,1.75,1.00
2016.08.04 15:14:44.224,1.72242,1.72278,2.25,1.00
2016.08.04 15:14:44.274,1.72242,1.72275,1.37,1.37
2016.08.04 15:14:44.325,1.72239,1.72275,2.25,2.25
2016.08.04 15:14:44.662,1.72239,1.72275,2.25,2.25
2016.08.04 15:14:44.763,1.72242,1.72275,1.37,1.37
2016.08.04 15:14:44.814,1.72242,1.72279,2.25,1.00
2016.08.04 15:14:44.865,1.72242,1.7228,2.25,1.12
2016.08.04 15:14:44.966,1.72243,1.7228,1.37,1.50
2016.08.04 15:14:45.017,1.72243,1.72277,1.00,1.00
2016.08.04 15:14:45.170,1.72242,1.72277,1.00,1.50
2016.08.04 15:14:45.363,1.72241,1.72277,1.50,2.25
2016.08.04 15:14:45.565,1.72241,1.72277,1.50,2.25
2016.08.04 15:14:45.666,1.72241,1.72277,1.50,2.25
2016.08.04 15:14:46.667,1.72241,1.72277,1.50,2.25
2016.08.04 15:14:46.973,1.72241,1.72277,1.50,2.25
2016.08.04 15:14:47.277,1.72241,1.72277,1.50,2.25
2016.08.04 15:14:48.278,1.72241,1.72277,1.50,2.25
2016.08.04 15:14:48.884,1.72241,1.72277,1.00,2.25
2016.08.04 15:14:48.935,1.72241,1.72271,1.00,1.00
2016.08.04 15:14:48.986,1.72239,1.72271,1.37,1.12
2016.08.04 15:14:49.036,1.72239,1.72271,1.00,1.50
2016.08.04 15:14:49.087,1.72235,1.72271,2.25,2.25
2016.08.04 15:14:49.188,1.72233,1.72266,1.75,1.00
2016.08.04 15:14:49.289,1.72232,1.72266,1.37,1.37
2016.08.04 15:14:49.340,1.72236,1.72263,1.00,1.00
2016.08.04 15:14:49.391,1.72236,1.72263,1.00,1.00
2016.08.04 15:14:49.543,1.72236,1.72266,1.00,1.87
2016.08.04 15:14:49.690,1.72236,1.72266,1.00,1.50
2016.08.04 15:14:49.791,1.72242,1.72266,1.00,1.00
2016.08.04 15:14:49.842,1.72237,1.72266,1.00,1.00
2016.08.04 15:14:49.893,1.72237,1.72267,1.00,1.12
2016.08.04 15:14:49.994,1.72237,1.72267,1.00,1.87
2016.08.04 15:14:50.377,1.72232,1.72266,1.87,1.00
2016.08.04 15:14:50.427,1.72232,1.72266,1.12,1.50
2016.08.04 15:14:50.555,1.72226,1.72262,1.87,1.37
2016.08.04 15:14:50.606,1.72224,1.72259,1.50,1.00
2016.08.04 15:14:50.809,1.72224,1.72259,1.00,1.00
2016.08.04 15:14:51.011,1.72224,1.72259,1.50,1.00
2016.08.04 15:14:51.213,1.72224,1.72259,1.00,1.00
2016.08.04 15:14:51.415,1.72224,1.72259,1.00,1.00
2016.08.04 15:14:51.618,1.72226,1.72259,1.00,1.00
2016.08.04 15:14:51.669,1.72226,1.72262,2.62,1.37
2016.08.04 15:14:51.723,1.72228,1.72264,1.00,1.00
2016.08.04 15:14:51.780,1.72228,1.72262,1.00,1.50
2016.08.04 15:14:51.881,1.72227,1.72262,1.37,1.87
2016.08.04 15:14:51.932,1.72226,1.72262,1.50,2.25
2016.08.04 15:14:51.983,1.72226,1.7226,1.50,1.12
2016.08.04 15:14:52.084,1.72226,1.72257,1.50,1.00
2016.08.04 15:14:52.135,1.72226,1.72257,1.50,1.50
2016.08.04 15:14:52.494,1.72226,1.72257,1.50,1.00
2016.08.04 15:14:52.545,1.72232,1.72257,1.00,1.00
2016.08.04 15:14:52.596,1.72232,1.72265,1.00,1.00
2016.08.04 15:14:52.646,1.72231,1.72265,1.12,1.00
2016.08.04 15:14:52.748,1.72232,1.72265,1.00,1.00
2016.08.04 15:14:52.900,1.72232,1.72265,1.00,1.00
2016.08.04 15:14:53.001,1.72232,1.72265,1.00,2.25
2016.08.04 15:14:53.052,1.72228,1.72262,1.75,1.00
2016.08.04 15:14:53.153,1.72226,1.72262,1.75,1.00
2016.08.04 15:14:53.448,1.72226,1.7226,1.75,1.00
2016.08.04 15:14:53.499,1.72226,1.72257,1.75,1.00
2016.08.04 15:14:53.550,1.72227,1.72257,1.37,1.00
2016.08.04 15:14:53.601,1.72227,1.72257,1.00,1.00
2016.08.04 15:14:54.162,1.72226,1.72257,1.12,1.00
2016.08.04 15:14:54.607,1.72227,1.72262,1.00,1.00
2016.08.04 15:14:54.708,1.72226,1.72262,1.12,1.00
2016.08.04 15:14:54.874,1.72226,1.72262,1.12,1.00
2016.08.04 15:14:55.228,1.72226,1.72262,1.00,1.00
2016.08.04 15:14:55.329,1.72226,1.72262,1.00,1.50
2016.08.04 15:14:55.380,1.72226,1.72262,1.00,1.50
2016.08.04 15:14:55.430,1.72226,1.72261,1.00,1.00
2016.08.04 15:14:56.523,1.72226,1.7226,1.00,1.12
2016.08.04 15:14:56.574,1.72226,1.7226,1.00,1.50
2016.08.04 15:14:56.841,1.72232,1.72262,1.00,1.37
2016.08.04 15:14:56.892,1.72232,1.72262,1.00,1.00
2016.08.04 15:14:57.044,1.72229,1.72257,1.37,1.00
2016.08.04 15:14:57.094,1.72229,1.72257,1.00,1.00
2016.08.04 15:14:57.145,1.72225,1.72257,1.00,2.25
2016.08.04 15:14:57.196,1.72225,1.72257,1.00,2.25
2016.08.04 15:14:57.340,1.7222,1.72257,1.12,3.00
2016.08.04 15:14:57.391,1.72221,1.72255,1.00,1.37
2016.08.04 15:14:57.442,1.72221,1.72253,1.00,1.00
2016.08.04 15:14:57.492,1.72221,1.72252,1.00,1.00
2016.08.04 15:14:57.796,1.72227,1.72251,1.00,1.00
2016.08.04 15:14:57.945,1.72222,1.72251,1.00,1.00
2016.08.04 15:14:59.050,1.72227,1.72251,1.00,1.00
2016.08.04 15:15:00.152,1.72226,1.72251,1.00,1.00
2016.08.04 15:15:00.664,1.72222,1.72251,1.00,1.00
2016.08.04 15:15:01.003,1.72222,1.72247,1.00,1.00
2016.08.04 15:15:01.372,1.72227,1.72247,1.00,1.00
2016.08.04 15:15:01.915,1.72232,1.72249,1.00,1.00
2016.08.04 15:15:02.016,1.72232,1.72255,1.00,1.00
2016.08.04 15:15:02.167,1.72227,1.72255,1.50,1.00
2016.08.04 15:15:02.370,1.72228,1.72254,1.12,1.00
2016.08.04 15:15:02.471,1.72232,1.72254,1.00,1.00
2016.08.04 15:15:02.521,1.72232,1.72256,1.00,1.00
2016.08.04 15:15:02.623,1.72232,1.72254,1.00,1.00
2016.08.04 15:15:02.724,1.72232,1.72256,1.00,1.00
2016.08.04 15:15:03.254,1.72232,1.72257,1.00,1.00
2016.08.04 15:15:03.405,1.72226,1.72254,2.25,1.00
2016.08.04 15:15:03.507,1.72227,1.72257,1.00,1.00
2016.08.04 15:15:03.557,1.72227,1.72257,1.37,1.00
2016.08.04 15:15:03.608,1.7223,1.72258,1.00,1.00
2016.08.04 15:15:03.911,1.7223,1.7226,1.00,1.00
2016.08.04 15:15:04.533,1.72227,1.7226,1.75,1.00
2016.08.04 15:15:04.584,1.72231,1.7226,1.00,1.00
2016.08.04 15:15:05.599,1.72227,1.7226,2.25,1.00
2016.08.04 15:15:06.859,1.72231,1.7226,1.00,1.00
2016.08.04 15:15:07.061,1.72236,1.7226,1.00,1.00
2016.08.04 15:15:07.162,1.72231,1.7226,1.37,1.00
2016.08.04 15:15:07.213,1.72231,1.7226,1.75,1.00
2016.08.04 15:15:07.734,1.72229,1.72259,1.75,1.00
2016.08.04 15:15:07.850,1.72231,1.72259,1.75,1.00
2016.08.04 15:15:07.951,1.72231,1.72262,1.75,1.00
2016.08.04 15:15:08.104,1.72233,1.72262,1.75,1.00
2016.08.04 15:15:08.154,1.72236,1.72262,1.12,1.00
2016.08.04 15:15:08.570,1.72242,1.72263,1.00,1.00
2016.08.04 15:15:08.852,1.72233,1.72263,1.75,1.00
2016.08.04 15:15:08.953,1.72233,1.72265,2.25,1.00
2016.08.04 15:15:10.394,1.72233,1.72265,1.75,1.00
2016.08.04 15:15:10.495,1.72235,1.72265,1.00,1.00
2016.08.04 15:15:11.387,1.72233,1.72265,1.50,1.00
2016.08.04 15:15:11.818,1.72233,1.72265,2.25,1.00
2016.08.04 15:15:11.920,1.72233,1.72267,3.00,1.00
2016.08.04 15:15:12.021,1.72233,1.72267,1.37,1.00
2016.08.04 15:15:12.072,1.72233,1.72267,1.00,1.00
2016.08.04 15:15:12.224,1.72235,1.72268,1.00,1.50
2016.08.04 15:15:12.326,1.72234,1.72265,1.00,1.12
2016.08.04 15:15:12.473,1.72234,1.72265,1.00,1.50
2016.08.04 15:15:12.857,1.72233,1.72264,1.00,1.00
2016.08.04 15:15:13.063,1.72233,1.72264,1.37,1.00
2016.08.04 15:15:13.113,1.72235,1.72264,1.00,1.00
2016.08.04 15:15:13.265,1.72235,1.72267,1.00,1.00
2016.08.04 15:15:13.651,1.72237,1.72268,1.00,2.25
2016.08.04 15:15:14.165,1.72237,1.72268,1.00,1.50
2016.08.04 15:15:14.459,1.72235,1.72264,1.00,1.00
2016.08.04 15:15:14.671,1.72237,1.72261,1.00,1.00
2016.08.04 15:15:14.721,1.72237,1.72264,1.00,1.00
2016.08.04 15:15:14.823,1.72237,1.72264,1.00,1.50
2016.08.04 15:15:14.924,1.72236,1.72261,1.00,1.00
2016.08.04 15:15:15.026,1.72231,1.72261,1.50,1.00
2016.08.04 15:15:15.076,1.72237,1.72261,1.00,1.00
2016.08.04 15:15:15.127,1.72237,1.72265,1.00,1.00
2016.08.04 15:15:15.178,1.72231,1.72265,1.00,1.00
2016.08.04 15:15:15.330,1.72228,1.72263,1.12,1.00
2016.08.04 15:15:15.431,1.72228,1.72264,1.12,1.50
2016.08.04 15:15:15.481,1.72228,1.72264,1.37,1.50
2016.08.04 15:15:15.631,1.72228,1.72264,1.75,1.50
2016.08.04 15:15:15.836,1.72231,1.72263,1.00,1.00
2016.08.04 15:15:16.042,1.72231,1.72264,1.00,1.00
2016.08.04 15:15:16.575,1.72232,1.72267,1.00,1.00
2016.08.04 15:15:16.626,1.72233,1.72267,1.00,1.00
2016.08.04 15:15:16.677,1.72233,1.72267,1.37,1.00
2016.08.04 15:15:16.727,1.72234,1.72267,1.50,1.00
2016.08.04 15:15:16.778,1.72234,1.72267,1.50,1.00
2016.08.04 15:15:16.928,1.72234,1.72263,1.00,1.00
2016.08.04 15:15:16.979,1.7223,1.72262,1.12,1.00
2016.08.04 15:15:17.030,1.72228,1.72263,1.75,1.50
2016.08.04 15:15:17.131,1.72228,1.72263,2.25,1.50
2016.08.04 15:15:17.334,1.72227,1.72261,1.75,1.00
2016.08.04 15:15:17.384,1.72227,1.72261,1.37,1.00
2016.08.04 15:15:17.435,1.72227,1.72261,1.00,1.00
2016.08.04 15:15:17.486,1.72226,1.7226,1.00,1.00
2016.08.04 15:15:17.536,1.72226,1.7226,1.00,1.50
2016.08.04 15:15:18.393,1.72226,1.7226,1.12,1.50
2016.08.04 15:15:18.569,1.72234,1.72265,1.00,1.00
2016.08.04 15:15:18.827,1.72235,1.72268,1.00,1.50
2016.08.04 15:15:18.928,1.72235,1.72268,1.00,2.25
2016.08.04 15:15:19.158,1.72233,1.72266,1.50,1.00
2016.08.04 15:15:20.577,1.72233,1.72264,1.50,1.00
2016.08.04 15:15:20.853,1.72236,1.72264,1.00,1.00
2016.08.04 15:15:21.004,1.72241,1.72268,1.00,1.50
2016.08.04 15:15:21.055,1.72241,1.72268,1.50,1.50
2016.08.04 15:15:21.106,1.72241,1.72271,1.50,1.37
2016.08.04 15:15:21.156,1.72241,1.72271,1.50,1.00
2016.08.04 15:15:21.460,1.72241,1.72271,1.00,1.00
2016.08.04 15:15:21.529,1.7224,1.72271,1.00,1.50
2016.08.04 15:15:21.718,1.7224,1.72267,1.00,1.00
2016.08.04 15:15:21.772,1.72239,1.72264,1.00,1.00
2016.08.04 15:15:21.823,1.72232,1.72264,1.00,1.75
2016.08.04 15:15:21.873,1.72233,1.72265,1.00,1.75
2016.08.04 15:15:21.975,1.72232,1.72261,1.00,1.12
2016.08.04 15:15:22.541,1.72232,1.72262,1.00,1.37
2016.08.04 15:15:22.592,1.72236,1.72262,1.00,1.00
2016.08.04 15:15:22.940,1.72236,1.72264,1.00,1.50
2016.08.04 15:15:22.991,1.72236,1.72264,1.00,1.00
2016.08.04 15:15:23.247,1.72241,1.72266,1.00,1.12
2016.08.04 15:15:23.653,1.72241,1.72266,1.00,1.87
2016.08.04 15:15:23.857,1.72235,1.72266,1.00,1.87
2016.08.04 15:15:23.958,1.72237,1.72266,1.00,1.87
2016.08.04 15:15:24.333,1.72237,1.72264,1.00,1.00
2016.08.04 15:15:24.994,1.72247,1.72264,1.00,1.00
2016.08.04 15:15:25.044,1.72247,1.72268,1.00,1.00
2016.08.04 15:15:25.095,1.72242,1.72272,1.00,1.37
2016.08.04 15:15:25.198,1.72242,1.72274,1.00,3.00
2016.08.04 15:15:25.248,1.72242,1.72273,1.00,1.75
2016.08.04 15:15:25.299,1.72242,1.72269,1.00,1.00
2016.08.04 15:15:25.350,1.72241,1.72269,1.50,1.00
2016.08.04 15:15:25.400,1.72241,1.72269,1.50,1.37
2016.08.04 15:15:25.451,1.72241,1.72267,1.50,1.00
2016.08.04 15:15:25.653,1.72242,1.72267,1.00,1.00
2016.08.04 15:15:26.156,1.72241,1.72266,1.00,1.00
2016.08.04 15:15:26.358,1.72237,1.72264,1.00,1.00
2016.08.04 15:15:26.560,1.72231,1.72264,2.25,1.00
2016.08.04 15:15:26.713,1.72231,1.72264,1.87,1.37
2016.08.04 15:15:26.764,1.72232,1.72259,1.00,1.12
2016.08.04 15:15:26.966,1.72232,1.72261,1.00,1.50
2016.08.04 15:15:27.491,1.72231,1.72261,1.00,1.50
2016.08.04 15:15:28.660,1.72231,1.72258,1.00,1.00
2016.08.04 15:15:28.863,1.72231,1.7226,1.00,1.37
2016.08.04 15:15:29.409,1.72232,1.7226,1.00,1.37
2016.08.04 15:15:29.686,1.72231,1.72259,1.00,1.12
2016.08.04 15:15:29.888,1.72231,1.72258,1.00,1.00
2016.08.04 15:15:30.039,1.72231,1.72256,1.00,1.00
2016.08.04 15:15:30.090,1.72226,1.72256,1.87,1.00
2016.08.04 15:15:30.141,1.72222,1.72246,1.87,1.00
2016.08.04 15:15:30.191,1.72226,1.72246,1.00,1.00
2016.08.04 15:15:30.292,1.72222,1.72247,1.00,1.00
2016.08.04 15:15:30.394,1.72232,1.72251,1.00,1.00
2016.08.04 15:15:30.444,1.72232,1.72254,1.00,1.75
2016.08.04 15:15:30.495,1.72225,1.72254,1.00,1.75
2016.08.04 15:15:30.546,1.72225,1.72251,1.00,1.00
2016.08.04 15:15:30.726,1.72232,1.72255,1.00,1.75
2016.08.04 15:15:30.979,1.72226,1.72255,1.00,1.75
2016.08.04 15:15:31.080,1.72232,1.72252,1.00,1.12
2016.08.04 15:15:31.181,1.72231,1.72257,1.00,1.75
2016.08.04 15:15:31.283,1.72232,1.72257,1.00,1.75
2016.08.04 15:15:31.384,1.72236,1.72256,1.00,1.75
2016.08.04 15:15:31.942,1.72236,1.72257,1.00,1.75
2016.08.04 15:15:32.094,1.72232,1.72257,1.00,1.75
2016.08.04 15:15:32.792,1.72232,1.72256,1.00,1.75
2016.08.04 15:15:33.058,1.72236,1.72256,1.00,1.75
2016.08.04 15:15:33.292,1.72236,1.72256,1.00,1.75
2016.08.04 15:15:33.342,1.72236,1.72257,1.00,1.12
2016.08.04 15:15:33.744,1.72236,1.72256,1.00,1.00
2016.08.04 15:15:33.795,1.72236,1.72256,1.00,1.00
2016.08.04 15:15:34.295,1.72231,1.72256,1.00,1.00
2016.08.04 15:15:34.346,1.72231,1.72257,1.00,1.12
2016.08.04 15:15:34.396,1.72228,1.72257,1.00,1.12
2016.08.04 15:15:34.497,1.72231,1.72255,1.00,1.00
2016.08.04 15:15:34.548,1.72231,1.7225,1.00,1.00
2016.08.04 15:15:34.599,1.72219,1.7225,1.75,1.00
2016.08.04 15:15:34.650,1.72217,1.72249,2.25,1.00
2016.08.04 15:15:34.701,1.72222,1.72249,1.00,1.00
2016.08.04 15:15:34.752,1.72222,1.72247,1.00,1.00
2016.08.04 15:15:34.854,1.72222,1.72247,1.00,1.37
2016.08.04 15:15:34.956,1.72222,1.72246,1.00,1.12
2016.08.04 15:15:35.870,1.72222,1.72246,1.00,1.12
2016.08.04 15:15:36.263,1.72217,1.72246,1.00,1.12
2016.08.04 15:15:36.737,1.72217,1.72247,1.00,1.37
2016.08.04 15:15:36.788,1.72221,1.72248,1.00,1.50
2016.08.04 15:15:36.941,1.72221,1.72248,1.37,1.12
2016.08.04 15:15:36.992,1.72221,1.72245,1.00,1.00
2016.08.04 15:15:37.043,1.72222,1.72242,1.00,1.00
2016.08.04 15:15:37.094,1.72222,1.72239,1.00,1.00
2016.08.04 15:15:37.145,1.72213,1.72239,1.00,1.00
2016.08.04 15:15:37.195,1.72211,1.72239,1.00,1.00
2016.08.04 15:15:37.297,1.7221,1.72239,1.00,1.50
2016.08.04 15:15:37.347,1.72207,1.72237,1.00,1.00
2016.08.04 15:15:37.398,1.72206,1.72237,1.12,1.50
2016.08.04 15:15:37.449,1.72206,1.72236,1.00,1.50
2016.08.04 15:15:37.499,1.72201,1.72233,1.50,1.00
2016.08.04 15:15:37.765,1.722,1.72233,1.75,1.00
2016.08.04 15:15:37.899,1.72202,1.72233,1.12,1.00
2016.08.04 15:15:38.086,1.72201,1.72233,1.50,1.50
2016.08.04 15:15:38.282,1.72199,1.72233,1.75,1.50
2016.08.04 15:15:38.383,1.72198,1.72227,1.75,1.00
2016.08.04 15:15:38.484,1.72198,1.7223,1.75,1.00
2016.08.04 15:15:39.140,1.72199,1.7223,1.75,1.00
2016.08.04 15:15:39.395,1.72204,1.72231,1.00,1.00
2016.08.04 15:15:39.446,1.72205,1.72237,1.75,1.00
2016.08.04 15:15:39.497,1.72212,1.72237,1.00,1.00
2016.08.04 15:15:39.851,1.72212,1.72243,1.00,1.00
2016.08.04 15:15:39.952,1.72212,1.7224,1.00,1.00
2016.08.04 15:15:40.104,1.72211,1.7224,1.12,1.00
2016.08.04 15:15:40.459,1.72211,1.72237,1.12,1.00
2016.08.04 15:15:40.682,1.72207,1.72235,1.00,1.00
2016.08.04 15:15:40.986,1.72207,1.7223,1.00,1.00
2016.08.04 15:15:41.188,1.72206,1.72235,1.00,1.50
2016.08.04 15:15:41.289,1.72206,1.7223,1.00,1.00
2016.08.04 15:15:41.491,1.72206,1.72232,1.00,1.00
2016.08.04 15:15:41.642,1.72206,1.72232,1.12,1.00
2016.08.04 15:15:41.693,1.72207,1.72237,1.00,1.00
2016.08.04 15:15:41.744,1.72207,1.72237,1.37,1.00
2016.08.04 15:15:41.865,1.72207,1.72237,1.75,1.00
2016.08.04 15:15:41.916,1.72218,1.72247,1.00,1.12
2016.08.04 15:15:41.967,1.72222,1.7225,1.00,1.87
2016.08.04 15:15:42.018,1.72222,1.7225,1.00,1.12
2016.08.04 15:15:42.068,1.72227,1.72253,1.00,1.12
2016.08.04 15:15:42.119,1.72227,1.72253,1.50,1.12
2016.08.04 15:15:42.170,1.72227,1.72261,1.50,2.25
2016.08.04 15:15:42.271,1.7223,1.72261,1.00,1.50
2016.08.04 15:15:42.373,1.72233,1.72261,1.00,1.50
2016.08.04 15:15:42.423,1.72233,1.72261,1.00,2.25
2016.08.04 15:15:42.474,1.72233,1.72261,1.00,1.50
2016.08.04 15:15:42.525,1.72233,1.72267,1.00,2.25
2016.08.04 15:15:42.576,1.72236,1.72267,1.00,1.75
2016.08.04 15:15:42.626,1.72236,1.72268,1.00,1.50
2016.08.04 15:15:42.677,1.72236,1.72268,1.00,1.12
2016.08.04 15:15:43.183,1.72234,1.72268,1.50,1.12
2016.08.04 15:15:43.486,1.72235,1.72268,1.12,1.12
2016.08.04 15:15:43.970,1.72233,1.72268,1.75,1.87
2016.08.04 15:15:44.178,1.72236,1.72268,1.00,1.12
2016.08.04 15:15:44.477,1.72233,1.72268,1.75,1.87
2016.08.04 15:15:44.528,1.72233,1.72265,1.75,1.00
2016.08.04 15:15:45.072,1.72232,1.72265,1.75,1.00
2016.08.04 15:15:47.030,1.72232,1.72265,1.37,1.12
2016.08.04 15:15:47.081,1.72232,1.72265,1.00,1.12
2016.08.04 15:15:47.246,1.72231,1.72265,1.50,1.12
2016.08.04 15:15:47.297,1.72231,1.72265,1.00,1.87
2016.08.04 15:15:47.600,1.72232,1.72265,1.00,1.12
2016.08.04 15:15:48.329,1.72231,1.72265,1.50,1.12
2016.08.04 15:15:48.381,1.72233,1.72265,1.00,1.12
2016.08.04 15:15:48.432,1.72233,1.72266,1.00,2.25
2016.08.04 15:15:48.483,1.72232,1.72265,1.00,1.12
2016.08.04 15:15:48.963,1.72232,1.72264,1.00,1.00
2016.08.04 15:15:49.335,1.72231,1.72265,1.00,1.87
2016.08.04 15:15:49.539,1.72232,1.72265,1.00,1.12
2016.08.04 15:15:49.590,1.72233,1.72266,1.00,1.50
2016.08.04 15:15:50.165,1.72232,1.72265,1.00,1.12
2016.08.04 15:15:50.275,1.72233,1.72266,1.00,2.25
2016.08.04 15:15:50.376,1.72231,1.72264,1.00,1.00
2016.08.04 15:15:50.527,1.7223,1.72264,1.12,1.00
2016.08.04 15:15:50.831,1.72231,1.72264,1.00,1.00
2016.08.04 15:15:50.932,1.7223,1.72264,1.12,1.00
2016.08.04 15:15:51.093,1.72229,1.72264,1.50,1.00
2016.08.04 15:15:51.336,1.72228,1.72264,1.75,1.00
2016.08.04 15:15:52.000,1.7223,1.72264,1.12,1.00
2016.08.04 15:15:53.787,1.72233,1.72265,1.00,1.87
2016.08.04 15:15:54.170,1.72229,1.72265,1.50,2.62
2016.08.04 15:15:54.821,1.72234,1.72265,1.00,1.87
2016.08.04 15:15:54.871,1.72234,1.72265,2.25,1.00
2016.08.04 15:15:55.029,1.72235,1.72265,2.25,1.00
2016.08.04 15:15:55.080,1.72235,1.72267,2.25,2.25
2016.08.04 15:15:55.484,1.72235,1.72267,1.50,3.00
2016.08.04 15:15:55.535,1.72235,1.72266,1.00,1.50
2016.08.04 15:15:55.586,1.72235,1.72262,1.00,1.00
2016.08.04 15:15:55.788,1.72235,1.72258,1.00,1.50
2016.08.04 15:15:55.839,1.72235,1.72259,1.00,1.75
2016.08.04 15:15:56.124,1.72227,1.72258,1.00,1.50
2016.08.04 15:15:56.377,1.72227,1.72259,1.00,2.25
2016.08.04 15:15:56.630,1.72227,1.72258,1.00,1.50
2016.08.04 15:15:56.832,1.72229,1.72259,1.37,1.75
2016.08.04 15:15:56.882,1.72232,1.72261,1.00,1.75
2016.08.04 15:15:56.933,1.72232,1.72261,1.00,1.75
2016.08.04 15:15:56.984,1.72232,1.72261,1.00,1.12
2016.08.04 15:15:57.380,1.72231,1.72261,1.50,1.12
2016.08.04 15:15:57.636,1.72237,1.72261,1.00,1.12
2016.08.04 15:15:57.753,1.72231,1.72259,1.50,1.00
2016.08.04 15:15:57.804,1.72231,1.72259,1.00,1.00
2016.08.04 15:15:57.854,1.72231,1.72259,1.00,1.00
2016.08.04 15:15:57.905,1.72231,1.72255,1.00,1.00
2016.08.04 15:15:58.363,1.72237,1.72255,1.00,1.00
2016.08.04 15:15:59.014,1.72237,1.72259,1.00,1.00
2016.08.04 15:15:59.064,1.72237,1.72262,1.00,1.37
2016.08.04 15:15:59.115,1.72237,1.72263,1.00,1.50
2016.08.04 15:15:59.165,1.72241,1.72263,1.00,1.12
2016.08.04 15:15:59.216,1.72241,1.72264,1.00,1.00
2016.08.04 15:15:59.375,1.72241,1.7226,1.00,1.00
2016.08.04 15:15:59.476,1.72237,1.7226,1.00,1.00
2016.08.04 15:15:59.628,1.72236,1.72259,1.00,1.00
2016.08.04 15:15:59.679,1.72241,1.72259,1.00,1.00
2016.08.04 15:15:59.881,1.72236,1.72259,1.00,1.00
2016.08.04 15:16:00.644,1.72236,1.72258,1.00,1.00
2016.08.04 15:16:03.345,1.72237,1.72258,1.00,1.00
2016.08.04 15:16:05.870,1.72231,1.72258,1.00,1.00
2016.08.04 15:16:06.022,1.72231,1.7226,1.00,1.50
2016.08.04 15:16:06.173,1.72237,1.7226,1.00,1.50
2016.08.04 15:16:06.632,1.72236,1.72257,1.00,1.00
2016.08.04 15:16:06.891,1.72232,1.72257,1.00,1.00
2016.08.04 15:16:06.942,1.72232,1.72262,1.00,1.12
2016.08.04 15:16:06.992,1.72232,1.72263,1.00,1.00
2016.08.04 15:16:07.043,1.72239,1.72267,1.00,1.50
2016.08.04 15:16:07.144,1.72235,1.72264,1.75,1.00
2016.08.04 15:16:07.195,1.72236,1.72264,1.50,1.00
2016.08.04 15:16:07.296,1.72235,1.72264,1.75,1.00
2016.08.04 15:16:07.347,1.72235,1.72266,2.25,1.00
2016.08.04 15:16:08.924,1.72235,1.72264,1.75,1.00
2016.08.04 15:16:09.126,1.72233,1.72259,2.25,1.00
2016.08.04 15:16:09.177,1.72233,1.72259,1.12,1.00
2016.08.04 15:16:09.228,1.72232,1.72259,1.12,1.00
2016.08.04 15:16:09.330,1.72232,1.72257,1.00,1.00
2016.08.04 15:16:10.393,1.7223,1.72257,1.00,1.00
2016.08.04 15:16:10.892,1.72232,1.72257,1.00,1.00
2016.08.04 15:16:11.257,1.7223,1.72257,1.00,1.00
2016.08.04 15:16:12.085,1.72229,1.72257,1.00,1.00
2016.08.04 15:16:12.230,1.72234,1.72262,1.00,1.00
2016.08.04 15:16:12.286,1.72234,1.72262,1.00,1.00
2016.08.04 15:16:12.337,1.72231,1.72264,1.50,1.00
2016.08.04 15:16:12.439,1.72235,1.72263,1.00,1.00
2016.08.04 15:16:12.490,1.72235,1.72264,1.00,1.00
2016.08.04 15:16:12.540,1.72238,1.72264,1.00,1.00
2016.08.04 15:16:12.591,1.72238,1.72264,1.00,1.00
2016.08.04 15:16:12.643,1.72238,1.72264,1.50,1.00
2016.08.04 15:16:12.694,1.72238,1.72264,2.25,1.00
2016.08.04 15:16:12.744,1.72244,1.72264,1.00,1.00
2016.08.04 15:16:13.106,1.72243,1.72272,1.00,1.12
2016.08.04 15:16:13.257,1.72243,1.72272,1.00,1.12
2016.08.04 15:16:13.560,1.72243,1.72274,1.00,1.75
2016.08.04 15:16:13.965,1.72244,1.72276,1.00,3.00
2016.08.04 15:16:14.368,1.72244,1.72277,1.00,3.75
2016.08.04 15:16:14.419,1.72244,1.72277,1.00,4.50
2016.08.04 15:16:14.521,1.72244,1.72277,1.00,3.75
2016.08.04 15:16:16.679,1.72244,1.72276,1.00,1.75
2016.08.04 15:16:17.315,1.72244,1.72272,1.00,1.12
2016.08.04 15:16:17.366,1.7224,1.7227,1.00,1.00
2016.08.04 15:16:17.416,1.72239,1.7227,1.50,1.50
2016.08.04 15:16:17.467,1.7224,1.7227,1.00,1.00
2016.08.04 15:16:17.568,1.7224,1.72269,1.00,1.00
2016.08.04 15:16:17.782,1.72239,1.72269,1.12,1.00
2016.08.04 15:16:17.833,1.72238,1.72269,1.50,1.50
2016.08.04 15:16:17.883,1.72238,1.72269,1.12,1.50
2016.08.04 15:16:17.934,1.72242,1.72269,1.00,1.00
2016.08.04 15:16:17.985,1.72242,1.72269,1.00,1.00
2016.08.04 15:16:18.035,1.72239,1.72269,1.00,1.00
2016.08.04 15:16:18.187,1.72239,1.72269,1.00,1.00
2016.08.04 15:16:18.703,1.7224,1.72269,1.00,1.00
2016.08.04 15:16:18.948,1.72242,1.72269,1.00,1.00
2016.08.04 15:16:19.469,1.7224,1.72269,1.00,1.00
2016.08.04 15:16:19.975,1.72241,1.72269,1.00,1.00
2016.08.04 15:16:20.595,1.72241,1.72268,1.00,1.00
2016.08.04 15:16:20.645,1.72241,1.72268,1.00,1.50
2016.08.04 15:16:20.746,1.72241,1.72268,1.00,1.75
2016.08.04 15:16:20.848,1.72232,1.72268,1.00,2.25
2016.08.04 15:16:21.590,1.72231,1.72268,1.75,3.00
2016.08.04 15:16:22.233,1.72233,1.72268,1.00,3.75
2016.08.04 15:16:22.479,1.72233,1.72268,1.00,4.50
2016.08.04 15:16:23.011,1.72231,1.72268,1.87,3.75
2016.08.04 15:16:23.061,1.72231,1.72267,1.50,1.75
2016.08.04 15:16:23.112,1.72231,1.72265,1.00,1.75
2016.08.04 15:16:23.163,1.72231,1.72263,1.00,1.87
2016.08.04 15:16:23.348,1.72231,1.72257,1.00,1.00
2016.08.04 15:16:23.945,1.72232,1.72257,1.00,1.00
2016.08.04 15:16:25.242,1.72234,1.72257,1.00,1.00
2016.08.04 15:16:25.499,1.72234,1.72257,1.00,1.00
2016.08.04 15:16:25.884,1.72234,1.72257,1.00,1.00
2016.08.04 15:16:25.986,1.72226,1.72257,2.25,1.00
2016.08.04 15:16:26.366,1.72226,1.72257,2.25,1.00
2016.08.04 15:16:26.644,1.72227,1.72257,1.00,1.00
2016.08.04 15:16:27.032,1.72227,1.72257,1.87,1.00
2016.08.04 15:16:27.082,1.72227,1.72257,1.12,1.00
2016.08.04 15:16:27.268,1.72227,1.72257,1.12,1.00
2016.08.04 15:16:27.949,1.72232,1.72257,1.00,1.00
2016.08.04 15:16:28.000,1.72232,1.72257,1.00,1.00
2016.08.04 15:16:28.808,1.72232,1.72257,1.00,1.00
2016.08.04 15:16:30.247,1.72232,1.72262,1.00,1.75
2016.08.04 15:16:30.298,1.72229,1.72261,1.00,1.75
2016.08.04 15:16:30.348,1.72229,1.72253,1.00,1.00
2016.08.04 15:16:30.664,1.72231,1.72253,1.00,1.00
2016.08.04 15:16:31.233,1.72232,1.72253,1.00,1.00
2016.08.04 15:16:31.433,1.72232,1.72263,1.00,4.72
2016.08.04 15:16:31.484,1.72232,1.72263,1.00,3.00
2016.08.04 15:16:31.585,1.72232,1.72262,1.00,1.75
2016.08.04 15:16:31.686,1.72232,1.72263,1.00,3.00
2016.08.04 15:16:31.787,1.72233,1.72263,1.00,2.25
2016.08.04 15:16:32.376,1.72233,1.72262,1.00,1.75
2016.08.04 15:16:32.427,1.72233,1.72262,1.00,2.25
2016.08.04 15:16:32.619,1.72233,1.72262,1.00,1.75
2016.08.04 15:16:32.669,1.72233,1.72263,1.00,2.25
2016.08.04 15:16:32.720,1.72233,1.72262,1.00,1.75
2016.08.04 15:16:32.822,1.72233,1.72263,1.00,3.00
2016.08.04 15:16:32.923,1.72241,1.72263,1.00,1.75
2016.08.04 15:16:32.973,1.72241,1.72267,1.00,1.50
2016.08.04 15:16:33.024,1.72241,1.72267,1.00,2.25
2016.08.04 15:16:33.385,1.72243,1.72267,1.00,2.25
2016.08.04 15:16:33.436,1.72241,1.72267,1.00,2.25
2016.08.04 15:16:34.125,1.72241,1.72267,1.00,3.00
2016.08.04 15:16:34.257,1.72241,1.72267,1.00,2.25
2016.08.04 15:16:34.525,1.72243,1.72267,1.00,2.25
2016.08.04 15:16:34.575,1.72243,1.72267,1.00,1.50
2016.08.04 15:16:34.626,1.72248,1.72271,1.00,1.75
2016.08.04 15:16:34.829,1.72244,1.7227,1.00,1.75
2016.08.04 15:16:34.930,1.72244,1.7227,1.00,1.75
2016.08.04 15:16:35.464,1.72245,1.72271,1.00,1.75
2016.08.04 15:16:35.666,1.72244,1.7227,1.00,2.25
2016.08.04 15:16:35.767,1.72244,1.72271,1.00,1.75
2016.08.04 15:16:35.818,1.72242,1.72271,1.00,1.75
2016.08.04 15:16:36.121,1.72242,1.72271,1.00,1.75
2016.08.04 15:16:36.505,1.72242,1.72271,1.00,1.75
2016.08.04 15:16:36.556,1.72238,1.72269,1.00,2.25
2016.08.04 15:16:36.607,1.72238,1.72269,1.00,2.25
2016.08.04 15:16:36.658,1.72242,1.72269,1.00,1.75
2016.08.04 15:16:36.760,1.72242,1.7227,1.00,2.25
2016.08.04 15:16:36.861,1.72242,1.72271,1.00,1.75
2016.08.04 15:16:37.434,1.72246,1.72271,1.00,1.75
2016.08.04 15:16:37.535,1.72245,1.72271,1.00,1.75
2016.08.04 15:16:37.672,1.72245,1.7227,1.00,1.00
2016.08.04 15:16:37.773,1.72247,1.72272,1.00,1.50
2016.08.04 15:16:38.027,1.72247,1.72276,1.00,1.75
2016.08.04 15:16:38.777,1.72247,1.72275,1.00,1.00
2016.08.04 15:16:39.391,1.72246,1.72275,1.00,1.00
2016.08.04 15:16:41.044,1.72247,1.72275,1.00,1.00
2016.08.04 15:16:41.392,1.72249,1.72275,1.00,1.00
2016.08.04 15:16:41.698,1.72248,1.72271,1.00,1.00
2016.08.04 15:16:41.951,1.72245,1.72267,1.00,1.00
2016.08.04 15:16:42.052,1.72237,1.72268,1.00,1.00
2016.08.04 15:16:42.151,1.72236,1.72266,1.00,1.00
2016.08.04 15:16:42.201,1.72232,1.72264,1.50,1.00
2016.08.04 15:16:42.252,1.72237,1.72262,1.00,1.00
2016.08.04 15:16:42.303,1.72237,1.72262,1.00,1.50
2016.08.04 15:16:42.455,1.72234,1.72262,1.00,1.50
2016.08.04 15:16:42.505,1.72234,1.72262,1.00,1.50
2016.08.04 15:16:42.607,1.72234,1.72264,1.00,1.75
2016.08.04 15:16:42.658,1.72236,1.72264,1.00,1.75
2016.08.04 15:16:42.709,1.72236,1.72266,1.00,1.75
2016.08.04 15:16:42.810,1.72238,1.72266,1.00,1.12
2016.08.04 15:16:43.345,1.72239,1.72266,1.00,1.12
2016.08.04 15:16:43.649,1.72243,1.72266,1.00,1.12
2016.08.04 15:16:43.902,1.72245,1.72268,1.00,1.75
2016.08.04 15:16:44.464,1.72243,1.72268,1.00,1.75
2016.08.04 15:16:44.856,1.72245,1.72268,1.00,1.75
2016.08.04 15:16:45.025,1.72245,1.72269,1.00,1.75
2016.08.04 15:16:45.076,1.72243,1.72269,1.00,1.00
2016.08.04 15:16:45.126,1.72237,1.72269,1.00,1.00
2016.08.04 15:16:45.430,1.7224,1.72269,1.00,2.25
2016.08.04 15:16:45.531,1.72241,1.72269,1.00,1.00
2016.08.04 15:16:45.733,1.72241,1.72269,1.00,1.00
2016.08.04 15:16:45.834,1.72241,1.72264,1.00,1.00
2016.08.04 15:16:45.935,1.72241,1.72268,1.00,1.00
2016.08.04 15:16:46.156,1.72243,1.72268,1.00,1.00
2016.08.04 15:16:46.679,1.72244,1.72268,1.00,1.00
2016.08.04 15:16:47.273,1.72242,1.72268,1.00,1.00
2016.08.04 15:16:47.374,1.72245,1.72268,1.00,1.00
2016.08.04 15:16:48.129,1.72243,1.72268,1.00,1.00
2016.08.04 15:16:48.443,1.72245,1.72268,1.00,1.00
2016.08.04 15:16:48.597,1.72245,1.7227,1.00,1.00
2016.08.04 15:16:49.116,1.72244,1.7227,1.00,1.00
2016.08.04 15:16:49.974,1.72246,1.7227,1.00,1.00
2016.08.04 15:16:50.503,1.72247,1.72269,1.00,1.00
2016.08.04 15:16:51.754,1.72247,1.7227,1.00,1.00
2016.08.04 15:16:52.633,1.72247,1.72269,1.00,1.00
2016.08.04 15:16:52.756,1.72245,1.72269,1.00,1.00
2016.08.04 15:16:54.174,1.72243,1.72269,1.00,1.00
2016.08.04 15:16:54.787,1.72242,1.72269,1.00,1.00
2016.08.04 15:16:54.838,1.72244,1.72269,1.00,1.00
2016.08.04 15:16:55.391,1.7224,1.72271,1.00,1.12
2016.08.04 15:16:55.546,1.72244,1.72271,1.00,1.12
2016.08.04 15:16:56.959,1.7224,1.72268,1.00,1.00
2016.08.04 15:16:58.284,1.7224,1.72267,1.00,1.00
2016.08.04 15:17:00.589,1.72242,1.72267,1.00,1.00
2016.08.04 15:17:01.210,1.72243,1.72267,1.00,1.00
2016.08.04 15:17:01.577,1.72241,1.72268,1.00,1.00
2016.08.04 15:17:02.360,1.72245,1.72268,1.00,1.00
2016.08.04 15:17:02.493,1.72243,1.72268,1.00,1.00
2016.08.04 15:17:04.111,1.72245,1.72268,1.00,1.00
2016.08.04 15:17:04.311,1.72243,1.72268,1.00,1.00
2016.08.04 15:17:04.518,1.72243,1.72271,1.00,1.00
2016.08.04 15:17:04.569,1.72243,1.72271,1.00,1.00
2016.08.04 15:17:04.620,1.72245,1.72271,1.00,1.00
2016.08.04 15:17:07.214,1.72244,1.72271,1.00,1.00
2016.08.04 15:17:07.264,1.72244,1.72271,1.00,1.00
2016.08.04 15:17:07.366,1.72245,1.72266,1.00,1.00
2016.08.04 15:17:07.467,1.72245,1.72271,1.00,1.00
2016.08.04 15:17:07.881,1.72246,1.72271,1.00,1.00
2016.08.04 15:17:07.932,1.72244,1.72271,1.00,1.00
2016.08.04 15:17:08.523,1.72242,1.72271,1.00,1.00
2016.08.04 15:17:08.573,1.72242,1.72271,1.00,1.00
2016.08.04 15:17:08.675,1.72241,1.72268,1.00,1.00
2016.08.04 15:17:08.917,1.72239,1.72268,1.00,1.00
2016.08.04 15:17:09.016,1.72243,1.72268,1.00,1.00
2016.08.04 15:17:09.255,1.72243,1.7227,1.00,1.00
2016.08.04 15:17:09.356,1.72247,1.7227,1.00,1.00
2016.08.04 15:17:09.458,1.72242,1.72264,1.00,1.00
2016.08.04 15:17:09.559,1.72237,1.72264,1.00,1.00
2016.08.04 15:17:09.661,1.72235,1.72264,1.00,1.00
2016.08.04 15:17:09.864,1.72237,1.72264,1.00,1.00
2016.08.04 15:17:10.066,1.72237,1.72264,1.00,1.00
2016.08.04 15:17:10.298,1.72237,1.72263,1.00,1.00
2016.08.04 15:17:10.400,1.72237,1.72265,1.00,1.00
2016.08.04 15:17:10.450,1.72235,1.72265,1.00,1.50
2016.08.04 15:17:10.789,1.72235,1.72265,1.00,2.25
2016.08.04 15:17:10.990,1.72235,1.72263,1.00,1.00
2016.08.04 15:17:11.395,1.72235,1.72263,1.00,1.50
2016.08.04 15:17:11.586,1.72235,1.72262,1.00,1.00
2016.08.04 15:17:12.092,1.72234,1.72262,1.00,1.00
2016.08.04 15:17:12.193,1.72235,1.72263,1.00,1.50
2016.08.04 15:17:12.295,1.72235,1.72263,1.00,2.25
2016.08.04 15:17:13.067,1.72235,1.72263,1.00,1.50
2016.08.04 15:17:13.622,1.72236,1.72263,1.00,1.50
2016.08.04 15:17:13.774,1.72236,1.72263,1.00,1.00
2016.08.04 15:17:13.926,1.72238,1.72263,1.00,1.00
2016.08.04 15:17:14.152,1.72236,1.72263,1.00,1.00
2016.08.04 15:17:16.404,1.72236,1.72263,1.00,1.50
2016.08.04 15:17:16.455,1.72233,1.72259,1.00,1.00
2016.08.04 15:17:16.660,1.72231,1.72259,1.00,1.00
2016.08.04 15:17:17.817,1.72231,1.72259,1.00,1.87
2016.08.04 15:17:17.868,1.72231,1.72259,1.00,2.25
2016.08.04 15:17:22.603,1.72231,1.72259,1.00,2.25
2016.08.04 15:17:23.957,1.72233,1.72259,1.00,2.25
2016.08.04 15:17:24.009,1.72233,1.72259,1.00,2.25
2016.08.04 15:17:24.180,1.72233,1.72259,1.00,2.25
2016.08.04 15:17:24.282,1.72229,1.72259,1.00,2.25
2016.08.04 15:17:24.383,1.72227,1.72259,1.00,3.00
2016.08.04 15:17:24.786,1.72227,1.72259,1.00,3.00
2016.08.04 15:17:25.229,1.72228,1.72259,1.00,3.00
2016.08.04 15:17:25.901,1.72228,1.72256,1.00,1.12
2016.08.04 15:17:26.108,1.72228,1.72256,1.00,1.12
2016.08.04 15:17:26.343,1.72219,1.72256,1.75,1.12
2016.08.04 15:17:26.793,1.72219,1.72256,1.75,1.12
2016.08.04 15:17:26.844,1.7223,1.72256,1.00,1.12
2016.08.04 15:17:29.091,1.7223,1.72256,1.00,1.12
2016.08.04 15:17:29.757,1.72233,1.72256,1.00,1.12
2016.08.04 15:17:29.810,1.72233,1.72256,1.00,1.87
2016.08.04 15:17:29.862,1.72236,1.72256,1.00,1.12
2016.08.04 15:17:29.913,1.72236,1.72259,1.00,1.75
2016.08.04 15:17:29.964,1.72238,1.7226,1.00,1.12
2016.08.04 15:17:30.065,1.72236,1.7226,1.00,1.12
2016.08.04 15:17:30.166,1.72233,1.7226,1.00,1.12
2016.08.04 15:17:30.476,1.72229,1.7226,1.00,1.12
2016.08.04 15:17:30.527,1.72229,1.72257,1.00,1.00
2016.08.04 15:17:30.594,1.72229,1.72257,1.00,1.00
2016.08.04 15:17:30.948,1.72226,1.72257,1.12,1.00
2016.08.04 15:17:31.049,1.72236,1.72257,1.00,1.00
2016.08.04 15:17:31.176,1.72236,1.7226,1.00,1.00
2016.08.04 15:17:31.231,1.72236,1.7226,1.00,1.00
2016.08.04 15:17:31.332,1.72233,1.7226,1.00,1.00
2016.08.04 15:17:31.383,1.72233,1.7226,1.00,1.50
2016.08.04 15:17:31.434,1.72233,1.7226,1.00,1.50
2016.08.04 15:17:31.535,1.72231,1.7226,1.00,1.50
2016.08.04 15:17:31.586,1.72236,1.7226,1.00,1.50
2016.08.04 15:17:31.636,1.72236,1.7226,1.00,1.50
2016.08.04 15:17:32.034,1.72239,1.7226,1.00,1.50
2016.08.04 15:17:32.198,1.72239,1.7226,1.00,1.50
2016.08.04 15:17:32.249,1.72236,1.7226,1.00,1.50
2016.08.04 15:17:32.300,1.72236,1.72259,1.00,1.37
2016.08.04 15:17:32.351,1.72233,1.72259,1.00,1.37
2016.08.04 15:17:32.401,1.72233,1.72259,1.00,1.87
2016.08.04 15:17:32.503,1.72233,1.72259,1.00,1.37
2016.08.04 15:17:33.500,1.72233,1.72259,1.00,1.37
2016.08.04 15:17:33.905,1.72233,1.72257,1.00,1.00
2016.08.04 15:17:34.006,1.72233,1.72257,1.00,1.00
2016.08.04 15:17:34.301,1.72232,1.72257,1.00,1.00
2016.08.04 15:17:35.051,1.72233,1.72257,1.00,1.00
2016.08.04 15:17:35.103,1.72233,1.72257,1.00,1.00
2016.08.04 15:17:35.154,1.72235,1.72259,1.00,1.37
2016.08.04 15:17:35.204,1.72235,1.7226,1.00,2.25
2016.08.04 15:17:35.568,1.72237,1.7226,1.00,2.25
2016.08.04 15:17:36.323,1.72237,1.7226,1.00,2.25
2016.08.04 15:17:36.374,1.72231,1.7226,1.00,2.25
2016.08.04 15:17:36.425,1.72231,1.72259,1.00,1.75
2016.08.04 15:17:36.679,1.72236,1.72259,1.00,1.75
2016.08.04 15:17:37.172,1.72236,1.72259,1.00,1.12
2016.08.04 15:17:37.375,1.72233,1.72259,1.00,1.12
2016.08.04 15:17:37.425,1.72233,1.7226,1.00,2.25
2016.08.04 15:17:38.368,1.72234,1.72259,1.00,1.12
2016.08.04 15:17:38.421,1.72234,1.7226,1.00,2.25
2016.08.04 15:17:38.931,1.72233,1.7226,1.00,2.25
2016.08.04 15:17:39.336,1.72234,1.7226,1.00,2.25
2016.08.04 15:17:39.645,1.72233,1.7226,1.00,2.25
2016.08.04 15:17:40.239,1.72234,1.7226,1.00,2.25
2016.08.04 15:17:40.495,1.72232,1.7226,1.00,2.25
2016.08.04 15:17:40.647,1.72232,1.7226,1.00,3.00
2016.08.04 15:17:40.698,1.72232,1.72255,1.00,1.00
2016.08.04 15:17:40.991,1.72233,1.7226,1.00,2.25
2016.08.04 15:17:41.591,1.72234,1.7226,1.00,2.25
2016.08.04 15:17:41.642,1.72234,1.7226,1.00,2.25
2016.08.04 15:17:41.743,1.72232,1.7226,1.00,2.25
2016.08.04 15:17:42.317,1.72232,1.72255,1.00,1.00
2016.08.04 15:17:42.368,1.72224,1.72254,1.12,1.00
2016.08.04 15:17:42.419,1.72224,1.72254,1.00,1.37
2016.08.04 15:17:42.469,1.72231,1.72254,1.00,1.37
2016.08.04 15:17:42.571,1.72229,1.72254,1.00,1.37
2016.08.04 15:17:42.621,1.72229,1.72255,1.00,1.50
2016.08.04 15:17:42.723,1.72226,1.72255,1.00,2.25
2016.08.04 15:17:42.876,1.72228,1.72255,1.00,2.25
2016.08.04 15:17:43.276,1.7223,1.72255,1.00,2.25
2016.08.04 15:17:45.168,1.72228,1.72254,1.00,1.37
2016.08.04 15:17:45.220,1.72228,1.72254,1.00,1.37
2016.08.04 15:17:45.322,1.72228,1.72254,1.00,1.37
2016.08.04 15:17:45.574,1.7223,1.72255,1.00,1.50
2016.08.04 15:17:45.882,1.72233,1.72255,1.00,1.50
2016.08.04 15:17:46.255,1.72232,1.7226,1.00,1.87
2016.08.04 15:17:46.307,1.72234,1.72259,1.00,1.00
2016.08.04 15:17:46.580,1.72239,1.72266,1.00,1.87
2016.08.04 15:17:47.524,1.72239,1.72266,1.00,1.87
2016.08.04 15:17:48.286,1.72238,1.72266,1.00,1.87
2016.08.04 15:17:48.337,1.72238,1.72266,1.00,2.62
2016.08.04 15:17:48.387,1.72238,1.72266,1.00,1.87
2016.08.04 15:17:48.641,1.72238,1.72266,1.00,1.12
2016.08.04 15:17:49.104,1.7224,1.72266,1.00,1.12
2016.08.04 15:17:49.409,1.72242,1.72266,1.00,1.12
2016.08.04 15:17:49.822,1.72255,1.72271,1.00,1.50
2016.08.04 15:17:49.873,1.72251,1.72278,1.00,1.75
2016.08.04 15:17:50.085,1.72251,1.72278,1.00,2.62
2016.08.04 15:17:50.143,1.72251,1.72278,1.00,1.12
2016.08.04 15:17:50.194,1.72249,1.72278,1.00,1.12
2016.08.04 15:17:50.245,1.72249,1.72278,1.00,1.87
2016.08.04 15:17:50.295,1.72249,1.72278,1.00,2.25
2016.08.04 15:17:50.346,1.72249,1.72275,1.00,1.87
2016.08.04 15:17:50.447,1.72249,1.72274,1.00,1.12
2016.08.04 15:17:50.709,1.72247,1.72274,1.00,1.12
2016.08.04 15:17:51.187,1.7225,1.72274,1.00,1.12
2016.08.04 15:17:51.410,1.72248,1.72274,1.00,1.12
2016.08.04 15:17:51.512,1.7225,1.72274,1.00,1.12
2016.08.04 15:17:52.329,1.7225,1.72278,1.00,1.75
2016.08.04 15:17:52.488,1.72255,1.72279,1.00,1.87
2016.08.04 15:17:52.590,1.7226,1.72279,1.00,1.12
2016.08.04 15:17:52.741,1.7226,1.72279,1.00,1.12
2016.08.04 15:17:52.792,1.72259,1.7228,1.00,1.50
2016.08.04 15:17:52.893,1.72259,1.72279,1.00,1.12
2016.08.04 15:17:53.046,1.72259,1.7228,1.00,1.50
2016.08.04 15:17:54.198,1.7226,1.7228,1.00,1.50
2016.08.04 15:17:54.413,1.7226,1.72279,1.00,1.12
2016.08.04 15:17:54.923,1.72261,1.72279,1.00,1.12
2016.08.04 15:17:55.569,1.72259,1.72279,1.00,1.12
2016.08.04 15:17:55.958,1.72259,1.7228,1.00,1.50
2016.08.04 15:17:56.775,1.7226,1.72279,1.00,1.12
2016.08.04 15:17:57.996,1.7226,1.7228,1.00,1.50
2016.08.04 15:17:58.097,1.7226,1.7228,1.00,1.37
2016.08.04 15:17:58.148,1.7226,1.7228,1.00,1.00
2016.08.04 15:17:58.199,1.7226,1.72286,1.00,1.50
2016.08.04 15:17:59.420,1.72261,1.72286,1.00,1.50
2016.08.04 15:17:59.581,1.72261,1.72285,1.00,1.00
2016.08.04 15:17:59.880,1.72261,1.72286,1.00,1.00
2016.08.04 15:17:59.981,1.72262,1.72286,1.00,1.00
2016.08.04 15:18:00.083,1.72262,1.72286,1.00,1.00
2016.08.04 15:18:00.387,1.7226,1.72286,1.00,1.00
2016.08.04 15:18:02.907,1.7226,1.72286,1.00,1.75
2016.08.04 15:18:03.241,1.7226,1.72285,1.00,1.50
2016.08.04 15:18:03.292,1.72258,1.72285,1.00,1.50
2016.08.04 15:18:04.072,1.72258,1.72283,1.00,1.00
2016.08.04 15:18:06.174,1.72258,1.72283,1.00,1.00
2016.08.04 15:18:07.098,1.72258,1.72279,1.00,1.00
2016.08.04 15:18:07.200,1.72256,1.72279,1.00,1.00
2016.08.04 15:18:07.707,1.72256,1.72279,1.00,1.00
2016.08.04 15:18:08.277,1.72256,1.72279,1.00,1.00
2016.08.04 15:18:08.798,1.72255,1.72279,1.00,1.00
2016.08.04 15:18:09.082,1.72255,1.72279,1.00,1.00
2016.08.04 15:18:10.316,1.72255,1.72279,1.00,1.00
2016.08.04 15:18:10.822,1.72254,1.72279,1.00,1.00
2016.08.04 15:18:11.587,1.72253,1.72279,1.00,1.00
2016.08.04 15:18:11.840,1.72254,1.72279,1.00,1.00
2016.08.04 15:18:11.891,1.72258,1.72279,1.00,1.00
2016.08.04 15:18:12.044,1.72261,1.72284,1.00,1.00
2016.08.04 15:18:13.074,1.72261,1.72284,1.00,1.00
2016.08.04 15:18:13.124,1.72261,1.72284,1.00,1.50
2016.08.04 15:18:13.225,1.72255,1.72284,1.00,1.50
2016.08.04 15:18:13.276,1.72255,1.72283,1.00,1.00
2016.08.04 15:18:13.428,1.72256,1.72283,1.00,1.00
2016.08.04 15:18:13.529,1.72258,1.72283,1.00,1.00
2016.08.04 15:18:14.206,1.72258,1.72283,1.00,1.00
2016.08.04 15:18:14.740,1.72257,1.72283,1.00,1.00
2016.08.04 15:18:14.791,1.72253,1.72283,1.00,1.00
2016.08.04 15:18:15.210,1.72257,1.72283,1.00,1.00
2016.08.04 15:18:16.334,1.7226,1.72283,1.00,1.00
2016.08.04 15:18:16.385,1.7226,1.72284,1.00,1.50
2016.08.04 15:18:17.889,1.7226,1.72284,1.00,1.00
2016.08.04 15:18:18.506,1.7226,1.72284,1.00,1.00
2016.08.04 15:18:18.556,1.72257,1.72284,1.00,1.00
2016.08.04 15:18:18.759,1.72261,1.72284,1.00,1.00
2016.08.04 15:18:18.861,1.72261,1.72284,1.00,1.50
2016.08.04 15:18:18.912,1.72261,1.72284,1.00,1.50
2016.08.04 15:18:18.962,1.72256,1.72284,1.37,1.50
2016.08.04 15:18:19.013,1.72257,1.72284,1.00,1.00
2016.08.04 15:18:19.064,1.72255,1.72284,1.00,1.00
2016.08.04 15:18:19.116,1.72252,1.72283,1.50,1.00
2016.08.04 15:18:19.218,1.72254,1.72284,1.00,1.00
2016.08.04 15:18:19.417,1.72252,1.72284,1.50,1.00
2016.08.04 15:18:20.150,1.72252,1.72284,1.50,1.00
2016.08.04 15:18:20.206,1.72252,1.72284,1.50,1.00
2016.08.04 15:18:20.256,1.7226,1.72281,1.00,1.00
2016.08.04 15:18:20.307,1.7226,1.72281,1.00,1.00
2016.08.04 15:18:20.470,1.72256,1.72281,1.00,1.75
2016.08.04 15:18:21.055,1.72254,1.72281,1.00,1.75
2016.08.04 15:18:21.156,1.72257,1.72281,1.00,1.75
2016.08.04 15:18:21.257,1.72256,1.72284,1.00,1.75
2016.08.04 15:18:21.465,1.72254,1.72284,1.00,1.75
2016.08.04 15:18:21.516,1.72254,1.72284,1.00,1.75
2016.08.04 15:18:21.668,1.72251,1.72284,1.00,1.75
2016.08.04 15:18:22.019,1.72251,1.72282,1.00,1.75
2016.08.04 15:18:22.070,1.72251,1.7228,1.00,1.75
2016.08.04 15:18:22.121,1.72247,1.72274,1.00,1.00
2016.08.04 15:18:22.381,1.72247,1.72274,1.00,1.37
2016.08.04 15:18:22.432,1.72247,1.72274,1.00,1.75
2016.08.04 15:18:22.533,1.72244,1.72274,1.00,1.75
2016.08.04 15:18:24.518,1.72244,1.72274,1.00,1.75
2016.08.04 15:18:26.341,1.72244,1.72274,1.00,2.25
2016.08.04 15:18:27.038,1.72236,1.72274,1.50,2.25
2016.08.04 15:18:27.257,1.72236,1.72274,1.50,1.75
2016.08.04 15:18:27.418,1.72236,1.72274,1.50,1.75
2016.08.04 15:18:27.552,1.72236,1.72274,1.50,2.25
2016.08.04 15:18:27.762,1.72236,1.72273,1.50,1.50
2016.08.04 15:18:27.863,1.72236,1.72272,1.50,1.87
2016.08.04 15:18:27.914,1.72234,1.7227,2.25,1.00
2016.08.04 15:18:28.023,1.72234,1.7227,2.25,1.00
2016.08.04 15:18:28.074,1.72244,1.7227,1.00,1.00
2016.08.04 15:18:28.225,1.72244,1.7227,1.00,1.00
2016.08.04 15:18:28.276,1.72244,1.72275,1.50,1.00
2016.08.04 15:18:28.327,1.72247,1.72278,1.00,2.25
2016.08.04 15:18:28.428,1.7225,1.72278,1.00,1.50
2016.08.04 15:18:28.478,1.7225,1.72278,1.00,3.00
2016.08.04 15:18:28.614,1.7225,1.72274,1.00,1.87
2016.08.04 15:18:28.664,1.72244,1.72271,1.00,1.12
2016.08.04 15:18:29.170,1.72246,1.72271,1.00,1.12
2016.08.04 15:18:29.688,1.72245,1.72271,1.00,1.12
2016.08.04 15:18:29.739,1.72243,1.72271,1.00,1.12
2016.08.04 15:18:29.789,1.72243,1.72271,1.00,1.87
2016.08.04 15:18:30.318,1.72242,1.72271,1.00,1.87
2016.08.04 15:18:30.369,1.72239,1.7227,1.00,1.00
2016.08.04 15:18:30.471,1.72237,1.72267,1.00,2.25
2016.08.04 15:18:30.572,1.72237,1.72263,1.00,1.00
2016.08.04 15:18:31.035,1.7224,1.72264,1.00,1.00
2016.08.04 15:18:31.339,1.72229,1.72264,1.50,1.00
2016.08.04 15:18:31.670,1.72238,1.72264,1.00,1.00
2016.08.04 15:18:32.831,1.72241,1.72264,1.00,1.00
2016.08.04 15:18:33.188,1.72242,1.72267,1.00,1.75
2016.08.04 15:18:33.290,1.72243,1.72267,1.00,1.00
2016.08.04 15:18:33.341,1.72241,1.72267,1.00,1.00
2016.08.04 15:18:33.442,1.72241,1.72267,1.00,1.12
2016.08.04 15:18:33.493,1.72241,1.72267,1.00,1.50
2016.08.04 15:18:34.044,1.72242,1.72267,1.00,1.50
2016.08.04 15:18:34.595,1.72241,1.72267,1.00,1.50
2016.08.04 15:18:35.047,1.72241,1.72267,1.00,2.25
2016.08.04 15:18:35.549,1.7224,1.72267,1.00,2.25
2016.08.04 15:18:36.953,1.72242,1.72267,1.00,2.25
2016.08.04 15:18:37.004,1.72242,1.72267,1.00,1.50
2016.08.04 15:18:37.055,1.72242,1.72269,1.00,1.37
2016.08.04 15:18:37.106,1.72242,1.72269,1.00,1.12
2016.08.04 15:18:37.298,1.72251,1.72274,1.00,2.25
2016.08.04 15:18:37.348,1.72256,1.72277,1.00,2.25
2016.08.04 15:18:37.399,1.72256,1.72274,1.00,1.00
2016.08.04 15:18:37.450,1.72256,1.72278,1.00,1.87
2016.08.04 15:18:37.500,1.72256,1.72278,1.00,1.50
2016.08.04 15:18:37.753,1.72256,1.72278,1.00,1.00
2016.08.04 15:18:38.158,1.72259,1.72278,1.00,1.00
2016.08.04 15:18:38.312,1.72258,1.72281,1.00,1.75
2016.08.04 15:18:38.363,1.7226,1.72285,1.00,2.25
2016.08.04 15:18:38.415,1.7226,1.72284,1.00,1.75
2016.08.04 15:18:38.466,1.72261,1.72284,1.00,2.25
2016.08.04 15:18:38.516,1.72261,1.72284,1.00,1.75
2016.08.04 15:18:38.567,1.72262,1.72285,1.00,2.25
2016.08.04 15:18:38.618,1.72262,1.72284,1.00,1.50
2016.08.04 15:18:38.719,1.72262,1.72285,1.00,2.25
2016.08.04 15:18:38.871,1.72261,1.72284,1.00,1.50
2016.08.04 15:18:39.113,1.72261,1.72284,1.00,2.25
2016.08.04 15:18:39.164,1.72262,1.72284,1.00,1.50
2016.08.04 15:18:39.265,1.72256,1.72284,1.00,1.50
2016.08.04 15:18:39.478,1.72258,1.72284,1.00,1.50
2016.08.04 15:18:39.732,1.72257,1.72285,1.00,2.25
2016.08.04 15:18:40.090,1.72256,1.72284,1.00,1.50
2016.08.04 15:18:40.141,1.72256,1.72283,1.00,1.12
2016.08.04 15:18:40.296,1.72256,1.72283,1.00,1.75
2016.08.04 15:18:40.697,1.72259,1.72283,1.00,1.75
2016.08.04 15:18:41.441,1.72255,1.72283,1.00,1.75
2016.08.04 15:18:42.066,1.72255,1.72283,1.00,2.25
2016.08.04 15:18:44.370,1.72255,1.7228,1.00,1.50
2016.08.04 15:18:45.282,1.72255,1.7228,1.00,1.37
2016.08.04 15:18:45.332,1.72255,1.7228,1.00,1.00
2016.08.04 15:18:45.484,1.72262,1.72286,1.00,1.50
2016.08.04 15:18:47.663,1.72261,1.72277,1.00,1.00
2016.08.04 15:18:47.764,1.72247,1.72273,1.37,1.00
2016.08.04 15:18:47.815,1.72247,1.72273,1.00,1.00
2016.08.04 15:18:47.866,1.72243,1.72269,1.00,1.00
2016.08.04 15:18:47.916,1.72243,1.72269,1.00,1.50
2016.08.04 15:18:47.967,1.72242,1.72268,1.00,1.12
2016.08.04 15:18:48.177,1.72242,1.72267,1.00,1.00
2016.08.04 15:18:51.060,1.72242,1.72269,1.00,2.25
2016.08.04 15:18:51.662,1.72239,1.72269,1.00,2.25
2016.08.04 15:18:51.713,1.72239,1.72264,1.00,1.50
2016.08.04 15:18:51.915,1.7224,1.72264,1.00,1.00
2016.08.04 15:18:52.656,1.72246,1.72264,1.00,1.00
2016.08.04 15:18:52.707,1.72246,1.72264,1.00,1.50
2016.08.04 15:18:52.810,1.72248,1.72264,1.00,1.00
2016.08.04 15:18:52.911,1.72248,1.7227,1.00,1.00
2016.08.04 15:18:53.526,1.72247,1.7227,1.00,1.00
2016.08.04 15:18:57.791,1.72247,1.72269,1.00,1.00
2016.08.04 15:18:58.976,1.72242,1.72269,1.00,1.00
2016.08.04 15:18:59.102,1.72242,1.72265,1.00,1.00
2016.08.04 15:19:00.077,1.7224,1.72265,1.00,1.00
2016.08.04 15:19:00.491,1.72247,1.72264,1.00,1.00
2016.08.04 15:19:00.542,1.72247,1.7227,1.00,1.12
2016.08.04 15:19:00.644,1.72249,1.72276,1.00,2.25
2016.08.04 15:19:00.745,1.72249,1.72276,1.00,1.75
2016.08.04 15:19:00.846,1.72248,1.72276,1.00,2.25
2016.08.04 15:19:01.074,1.7224,1.72271,1.00,1.37
2016.08.04 15:19:01.125,1.7224,1.72266,1.00,1.00
2016.08.04 15:19:01.177,1.72239,1.72266,1.00,1.00
2016.08.04 15:19:01.228,1.72235,1.72262,1.00,2.25
2016.08.04 15:19:01.531,1.72239,1.72262,1.00,2.25
2016.08.04 15:19:01.633,1.72239,1.72262,1.00,1.50
2016.08.04 15:19:02.131,1.72239,1.72267,1.00,1.50
2016.08.04 15:19:02.182,1.72244,1.72267,1.00,1.00
2016.08.04 15:19:02.233,1.72244,1.72263,1.00,1.37
2016.08.04 15:19:02.283,1.72246,1.72263,1.00,1.37
2016.08.04 15:19:02.334,1.72246,1.72268,1.00,1.50
2016.08.04 15:19:02.385,1.72243,1.72268,1.00,1.00
2016.08.04 15:19:02.487,1.7224,1.72267,1.00,1.00
2016.08.04 15:19:02.639,1.7224,1.72266,1.00,1.75
2016.08.04 15:19:02.690,1.72241,1.72266,1.00,2.25
2016.08.04 15:19:02.897,1.72241,1.72267,1.00,1.00
2016.08.04 15:19:02.998,1.72245,1.72267,1.00,1.00
2016.08.04 15:19:03.242,1.72245,1.72267,1.00,1.75
2016.08.04 15:19:03.394,1.72241,1.72266,1.00,2.25
2016.08.04 15:19:03.596,1.72239,1.72266,1.00,2.25
2016.08.04 15:19:04.287,1.72239,1.72266,1.00,1.75
2016.08.04 15:19:04.338,1.72239,1.72266,1.00,1.00
2016.08.04 15:19:04.388,1.72247,1.72266,1.00,1.00
2016.08.04 15:19:04.439,1.72247,1.72271,1.00,1.75
2016.08.04 15:19:04.591,1.72249,1.72271,1.00,1.75
2016.08.04 15:19:05.190,1.72248,1.72272,1.00,1.75
2016.08.04 15:19:05.599,1.72246,1.72272,1.00,1.75
2016.08.04 15:19:05.701,1.72248,1.72272,1.00,1.75
2016.08.04 15:19:05.802,1.72245,1.72272,1.00,1.75
2016.08.04 15:19:07.371,1.72247,1.72272,1.00,1.75
2016.08.04 15:19:07.632,1.72248,1.72269,1.00,1.50
2016.08.04 15:19:07.783,1.72243,1.72269,1.00,2.25
2016.08.04 15:19:07.834,1.72243,1.72266,1.00,1.00
2016.08.04 15:19:07.885,1.72238,1.72266,1.00,1.00
2016.08.04 15:19:07.935,1.72238,1.72265,1.00,1.37
2016.08.04 15:19:07.986,1.72238,1.72265,1.00,1.75
2016.08.04 15:19:08.394,1.72238,1.72265,1.00,2.25
2016.08.04 15:19:08.841,1.72238,1.72265,1.00,3.00
2016.08.04 15:19:09.345,1.72239,1.72265,1.00,3.00
2016.08.04 15:19:09.446,1.72239,1.72265,1.00,2.25
2016.08.04 15:19:09.975,1.72238,1.72265,1.00,2.25
2016.08.04 15:19:10.127,1.72239,1.72265,1.00,1.75
2016.08.04 15:19:10.780,1.72239,1.72269,1.00,1.75
2016.08.04 15:19:10.835,1.72248,1.72264,1.00,1.50
2016.08.04 15:19:10.886,1.72241,1.72264,1.00,1.50
2016.08.04 15:19:10.937,1.72241,1.72265,1.00,1.37
2016.08.04 15:19:10.987,1.72242,1.72265,1.00,1.75
2016.08.04 15:19:11.038,1.72242,1.72264,1.00,1.37
2016.08.04 15:19:11.089,1.72245,1.72264,1.00,1.12
2016.08.04 15:19:11.759,1.72244,1.72264,1.00,1.12
2016.08.04 15:19:12.224,1.72239,1.72264,1.00,1.12
2016.08.04 15:19:13.754,1.7224,1.72264,1.00,1.12
2016.08.04 15:19:13.856,1.7224,1.72265,1.00,1.50
2016.08.04 15:19:14.212,1.7224,1.72265,1.00,2.25
2016.08.04 15:19:14.263,1.7224,1.72264,1.00,1.12
2016.08.04 15:19:14.314,1.72243,1.72264,1.00,1.12
2016.08.04 15:19:14.364,1.72243,1.7227,1.00,2.25
2016.08.04 15:19:14.415,1.72244,1.72269,1.00,1.75
2016.08.04 15:19:14.466,1.72244,1.72269,1.00,1.37
2016.08.04 15:19:14.516,1.72249,1.72272,1.00,1.75
2016.08.04 15:19:14.617,1.72249,1.72275,1.00,1.75
2016.08.04 15:19:14.769,1.72249,1.72275,1.00,1.50
2016.08.04 15:19:14.820,1.72252,1.72275,1.00,1.50
2016.08.04 15:19:14.870,1.72252,1.72275,1.00,2.25
2016.08.04 15:19:15.580,1.72252,1.72275,1.00,1.50
2016.08.04 15:19:15.630,1.7224,1.72269,1.00,1.00
2016.08.04 15:19:15.833,1.72239,1.72267,1.00,1.50
2016.08.04 15:19:15.884,1.72239,1.72267,1.00,1.75
2016.08.04 15:19:16.214,1.72242,1.72264,1.00,1.75
2016.08.04 15:19:16.362,1.72236,1.72263,1.00,1.50
2016.08.04 15:19:16.419,1.72236,1.72259,1.00,1.00
2016.08.04 15:19:16.621,1.72238,1.72262,1.00,1.12
2016.08.04 15:19:17.561,1.72239,1.72263,1.00,1.50
2016.08.04 15:19:18.071,1.72239,1.72262,1.00,1.12
2016.08.04 15:19:18.292,1.72239,1.72263,1.00,1.50
2016.08.04 15:19:19.057,1.72239,1.72262,1.00,1.12
2016.08.04 15:19:19.863,1.7224,1.72262,1.00,1.12
2016.08.04 15:19:20.271,1.7224,1.72263,1.00,1.50
2016.08.04 15:19:20.372,1.7224,1.72262,1.00,1.12
2016.08.04 15:19:21.188,1.72239,1.72262,1.00,1.12
2016.08.04 15:19:21.847,1.7224,1.72262,1.00,1.12
2016.08.04 15:19:24.421,1.7224,1.72263,1.00,1.50
2016.08.04 15:19:24.779,1.72244,1.72263,1.00,1.50
2016.08.04 15:19:25.159,1.72242,1.72263,1.00,1.50
2016.08.04 15:19:25.622,1.72241,1.72262,1.00,1.12
2016.08.04 15:19:25.724,1.72236,1.72266,1.00,1.75
2016.08.04 15:19:26.167,1.72238,1.72267,1.00,1.75
2016.08.04 15:19:26.571,1.72238,1.72269,1.00,1.75
2016.08.04 15:19:27.128,1.72234,1.72268,1.00,1.75
2016.08.04 15:19:27.364,1.72239,1.72269,1.00,1.75
2016.08.04 15:19:27.842,1.72241,1.72268,1.00,1.75
2016.08.04 15:19:27.943,1.72239,1.72268,1.00,2.25
2016.08.04 15:19:28.097,1.72239,1.72267,1.00,1.00
2016.08.04 15:19:28.738,1.72244,1.72267,1.00,1.00
2016.08.04 15:19:29.229,1.72246,1.72267,1.00,1.00
2016.08.04 15:19:29.368,1.72246,1.72272,1.00,1.50
2016.08.04 15:19:29.579,1.72242,1.72268,1.00,1.37
2016.08.04 15:19:29.630,1.72238,1.72268,1.00,1.75
2016.08.04 15:19:29.681,1.72238,1.72265,1.00,1.00
2016.08.04 15:19:29.782,1.72238,1.72265,1.00,1.37
2016.08.04 15:19:29.833,1.7224,1.72265,1.00,1.75
2016.08.04 15:19:29.985,1.72243,1.72265,1.00,1.37
2016.08.04 15:19:30.145,1.72245,1.72265,1.00,1.00
2016.08.04 15:19:30.195,1.72245,1.72271,1.00,1.00
2016.08.04 15:19:30.246,1.72241,1.72272,1.00,1.87
2016.08.04 15:19:30.875,1.72243,1.72272,1.00,1.87
2016.08.04 15:19:30.976,1.72249,1.72272,1.00,1.12
2016.08.04 15:19:31.321,1.72251,1.72273,1.00,1.50
2016.08.04 15:19:31.979,1.72248,1.72273,1.00,1.50
2016.08.04 15:19:32.147,1.72251,1.72272,1.00,1.12
2016.08.04 15:19:33.133,1.72251,1.72273,1.00,1.50
2016.08.04 15:19:33.305,1.72247,1.72273,1.00,1.50
2016.08.04 15:19:33.659,1.72249,1.72273,1.00,1.50
2016.08.04 15:19:33.963,1.72247,1.72273,1.00,1.50
2016.08.04 15:19:34.165,1.72249,1.72273,1.00,1.50
2016.08.04 15:19:34.640,1.7225,1.72272,1.00,1.12
2016.08.04 15:19:34.690,1.7225,1.72272,1.00,1.12
2016.08.04 15:19:35.029,1.72252,1.72272,1.00,1.12
2016.08.04 15:19:35.550,1.7225,1.72272,1.00,1.12
2016.08.04 15:19:37.954,1.7225,1.72272,1.00,1.50
2016.08.04 15:19:38.004,1.7225,1.72268,1.00,1.50
2016.08.04 15:19:38.055,1.72239,1.72266,1.00,1.00
2016.08.04 15:19:38.398,1.72237,1.72263,1.00,1.00
2016.08.04 15:19:38.449,1.72235,1.72263,1.00,1.00
2016.08.04 15:19:38.954,1.72237,1.72263,1.00,1.00
2016.08.04 15:19:39.056,1.72235,1.72263,1.00,1.00
2016.08.04 15:19:39.493,1.72235,1.72263,1.00,1.00
2016.08.04 15:19:39.543,1.7224,1.72263,1.00,1.00
2016.08.04 15:19:40.054,1.72241,1.72263,1.00,1.00
2016.08.04 15:19:40.206,1.72241,1.72263,1.00,1.00
2016.08.04 15:19:40.257,1.72239,1.72263,1.00,1.00
2016.08.04 15:19:41.514,1.72237,1.72263,1.00,1.00
2016.08.04 15:19:41.818,1.72235,1.72263,1.00,1.00
2016.08.04 15:19:42.138,1.72238,1.72263,1.00,1.00
2016.08.04 15:19:44.516,1.72237,1.72263,1.00,1.50
2016.08.04 15:19:44.770,1.72236,1.72259,1.00,1.00
2016.08.04 15:19:44.821,1.72228,1.72259,1.50,1.00
2016.08.04 15:19:45.012,1.72228,1.72254,1.00,1.37
2016.08.04 15:19:45.063,1.72226,1.72253,1.00,2.25
2016.08.04 15:19:45.113,1.72226,1.72251,1.00,1.00
2016.08.04 15:19:45.164,1.72219,1.72249,1.00,2.25
2016.08.04 15:19:45.215,1.72219,1.72249,1.00,3.37
2016.08.04 15:19:45.266,1.72219,1.72248,1.00,1.75
2016.08.04 15:19:45.468,1.72219,1.72248,1.00,2.25
2016.08.04 15:19:45.519,1.72217,1.72248,1.00,2.25
2016.08.04 15:19:45.570,1.72217,1.72248,1.00,3.00
2016.08.04 15:19:45.620,1.72224,1.72248,1.00,3.00
2016.08.04 15:19:45.671,1.72224,1.7225,1.00,1.75
2016.08.04 15:19:45.801,1.72226,1.7225,1.37,1.37
2016.08.04 15:19:45.852,1.72237,1.72254,1.00,1.00
2016.08.04 15:19:45.902,1.72237,1.72262,1.00,1.12
2016.08.04 15:19:45.953,1.72239,1.72262,1.00,1.12
2016.08.04 15:19:46.004,1.72239,1.72262,1.00,1.00
2016.08.04 15:19:46.156,1.7224,1.72265,1.00,1.00
2016.08.04 15:19:46.257,1.7224,1.72266,1.00,3.00
2016.08.04 15:19:46.308,1.7224,1.72256,1.00,1.00
2016.08.04 15:19:46.359,1.72235,1.72256,1.00,1.00
2016.08.04 15:19:46.409,1.72235,1.72258,1.00,1.00
2016.08.04 15:19:46.511,1.72228,1.72258,1.00,1.37
2016.08.04 15:19:46.561,1.72228,1.72251,1.00,1.00
2016.08.04 15:19:46.612,1.72228,1.72243,1.00,1.00
2016.08.04 15:19:46.724,1.72221,1.72244,1.00,3.22
2016.08.04 15:19:46.776,1.72215,1.7224,1.00,1.75
2016.08.04 15:19:46.828,1.7222,1.7224,1.00,1.00
2016.08.04 15:19:46.878,1.7222,1.72245,1.00,2.25
2016.08.04 15:19:46.980,1.72216,1.72245,1.00,2.25
2016.08.04 15:19:47.030,1.72216,1.72245,1.00,1.75
2016.08.04 15:19:47.283,1.72216,1.72242,1.00,1.37
2016.08.04 15:19:47.485,1.72216,1.72243,1.00,1.50
2016.08.04 15:19:47.634,1.7222,1.72243,1.00,1.50
2016.08.04 15:19:47.684,1.72222,1.7225,1.00,1.12
2016.08.04 15:19:47.786,1.7223,1.72253,1.00,1.75
2016.08.04 15:19:47.887,1.7223,1.72256,1.00,2.25
2016.08.04 15:19:48.342,1.72231,1.72256,1.00,2.25
2016.08.04 15:19:48.392,1.72231,1.72256,1.00,1.12
2016.08.04 15:19:48.443,1.72231,1.72256,1.00,1.12
2016.08.04 15:19:48.544,1.72229,1.72256,1.00,1.37
2016.08.04 15:19:48.688,1.72229,1.72256,1.00,2.25
2016.08.04 15:19:48.738,1.72229,1.72256,1.00,2.25
2016.08.04 15:19:48.963,1.72229,1.72256,1.00,3.00
2016.08.04 15:19:49.123,1.72227,1.72256,1.00,3.00
2016.08.04 15:19:49.173,1.72227,1.72253,1.00,1.00
2016.08.04 15:19:49.224,1.72222,1.72253,1.12,1.37
2016.08.04 15:19:49.275,1.72222,1.72251,1.00,1.12
2016.08.04 15:19:49.325,1.72225,1.7225,1.00,1.00
2016.08.04 15:19:49.376,1.72225,1.7225,1.00,1.12
2016.08.04 15:19:49.427,1.72227,1.72251,1.00,1.50
2016.08.04 15:19:49.587,1.72228,1.72252,1.00,1.50
2016.08.04 15:19:49.688,1.72228,1.72252,1.00,1.00
2016.08.04 15:19:49.739,1.7223,1.72255,1.00,1.87
2016.08.04 15:19:49.790,1.7223,1.72256,1.00,1.50
2016.08.04 15:19:50.102,1.72231,1.72258,1.00,1.75
2016.08.04 15:19:50.153,1.72231,1.72258,1.00,1.37
2016.08.04 15:19:50.204,1.72231,1.72261,1.00,3.00
2016.08.04 15:19:50.306,1.72231,1.72261,1.00,1.37
2016.08.04 15:19:50.356,1.72235,1.72261,1.00,1.37
2016.08.04 15:19:50.407,1.72235,1.72261,1.00,3.00
2016.08.04 15:19:50.783,1.72235,1.72261,1.00,1.37
2016.08.04 15:19:50.885,1.72235,1.72262,1.00,1.75
2016.08.04 15:19:51.238,1.72237,1.72262,1.00,1.75
2016.08.04 15:19:51.289,1.72237,1.72259,1.00,1.12
2016.08.04 15:19:51.390,1.72237,1.72259,1.00,1.50
2016.08.04 15:19:51.441,1.72237,1.72259,1.00,1.50
2016.08.04 15:19:51.492,1.72237,1.72255,1.00,1.00
2016.08.04 15:19:51.542,1.72228,1.72255,1.00,1.12
2016.08.04 15:19:51.836,1.72228,1.72255,1.00,1.12
2016.08.04 15:19:52.738,1.72228,1.72255,1.00,1.12
2016.08.04 15:19:52.789,1.72228,1.72252,1.00,1.00
2016.08.04 15:19:52.892,1.72228,1.72247,1.00,1.50
2016.08.04 15:19:52.942,1.72215,1.72247,1.00,2.62
2016.08.04 15:19:52.994,1.72215,1.7224,1.00,1.00
2016.08.04 15:19:53.044,1.72217,1.72239,1.00,1.50
2016.08.04 15:19:53.146,1.72218,1.72241,1.00,1.75
2016.08.04 15:19:53.247,1.72218,1.72241,1.00,1.00
2016.08.04 15:19:53.348,1.72216,1.72241,1.00,1.00
2016.08.04 15:19:53.628,1.72218,1.72241,1.00,1.00
2016.08.04 15:19:54.243,1.72218,1.72241,1.00,1.00
2016.08.04 15:19:54.606,1.72218,1.72241,1.00,1.00
2016.08.04 15:19:55.403,1.72218,1.7224,1.00,1.00
2016.08.04 15:19:55.555,1.72216,1.7224,1.00,1.00
2016.08.04 15:19:57.297,1.72216,1.72241,1.00,1.00
2016.08.04 15:20:00.726,1.72216,1.72247,1.00,1.75
2016.08.04 15:20:00.777,1.7222,1.72247,1.00,1.75
2016.08.04 15:20:00.929,1.72222,1.72251,1.00,3.22
2016.08.04 15:20:01.065,1.72223,1.72251,1.00,1.75
2016.08.04 15:20:01.368,1.72228,1.72251,1.00,1.75
2016.08.04 15:20:01.470,1.72232,1.72251,1.00,1.00
2016.08.04 15:20:01.571,1.72233,1.7226,1.00,1.50
2016.08.04 15:20:01.723,1.72233,1.7226,1.00,2.25
2016.08.04 15:20:01.774,1.72228,1.72255,1.00,1.00
2016.08.04 15:20:01.897,1.72227,1.72255,1.50,1.37
2016.08.04 15:20:01.946,1.72227,1.72251,1.00,1.00
2016.08.04 15:20:02.250,1.72228,1.72261,1.00,3.22
2016.08.04 15:20:02.301,1.72228,1.72261,1.00,1.50
2016.08.04 15:20:02.351,1.72228,1.72261,1.00,2.25
2016.08.04 15:20:02.676,1.72231,1.72261,1.00,2.25
2016.08.04 15:20:02.873,1.72236,1.72261,1.00,1.50
2016.08.04 15:20:02.974,1.72238,1.72261,1.00,2.25
2016.08.04 15:20:03.025,1.72238,1.72261,1.00,1.50
2016.08.04 15:20:03.076,1.72238,1.72266,1.00,1.75
2016.08.04 15:20:03.177,1.72239,1.72266,1.00,1.37
2016.08.04 15:20:03.228,1.72239,1.72266,1.00,1.75
2016.08.04 15:20:03.279,1.72234,1.72261,1.00,1.00
2016.08.04 15:20:03.329,1.72234,1.72263,1.00,1.37
2016.08.04 15:20:03.380,1.72232,1.72264,1.00,1.00
2016.08.04 15:20:03.481,1.72231,1.72264,1.87,1.00
2016.08.04 15:20:03.738,1.72241,1.72272,1.00,1.00
2016.08.04 15:20:03.842,1.72244,1.72275,1.00,1.00
2016.08.04 15:20:04.957,1.72245,1.72275,1.00,1.00
2016.08.04 15:20:05.262,1.72247,1.72275,1.00,1.00
2016.08.04 15:20:05.313,1.72247,1.72278,1.00,1.00
2016.08.04 15:20:06.541,1.72247,1.72278,1.00,1.00
2016.08.04 15:20:06.591,1.72243,1.72276,1.00,1.00
2016.08.04 15:20:06.693,1.72242,1.7227,1.00,1.00
2016.08.04 15:20:06.795,1.72239,1.7227,1.00,1.00
2016.08.04 15:20:06.845,1.72242,1.72273,1.00,1.00
2016.08.04 15:20:07.196,1.72238,1.72271,1.87,1.00
2016.08.04 15:20:07.645,1.72241,1.72274,1.00,1.00
2016.08.04 15:20:07.746,1.72241,1.72274,1.00,1.00
2016.08.04 15:20:07.845,1.72239,1.7227,1.00,1.00
2016.08.04 15:20:08.477,1.72239,1.7227,1.00,1.50
2016.08.04 15:20:08.679,1.72236,1.72269,1.50,1.00
2016.08.04 15:20:08.792,1.72237,1.72269,1.00,1.00
2016.08.04 15:20:10.045,1.72237,1.72269,1.00,1.00
2016.08.04 15:20:10.246,1.72236,1.72269,1.00,1.00
2016.08.04 15:20:10.765,1.72239,1.72269,1.00,1.00
2016.08.04 15:20:11.195,1.72243,1.72274,1.00,1.87
2016.08.04 15:20:11.246,1.72243,1.72273,1.00,1.00
2016.08.04 15:20:11.297,1.72243,1.72273,1.00,1.00
2016.08.04 15:20:11.449,1.72245,1.72274,1.00,1.00
2016.08.04 15:20:11.652,1.72248,1.72274,1.00,1.00
2016.08.04 15:20:14.054,1.72248,1.72277,1.00,1.00
2016.08.04 15:20:14.257,1.72249,1.72277,1.00,1.00
2016.08.04 15:20:14.599,1.72251,1.72277,1.00,1.50
2016.08.04 15:20:14.650,1.72251,1.72277,1.00,1.00
2016.08.04 15:20:16.478,1.7225,1.72277,1.00,1.00
2016.08.04 15:20:16.730,1.72257,1.72286,1.00,1.00
2016.08.04 15:20:16.933,1.72258,1.72282,1.00,1.00
2016.08.04 15:20:16.984,1.72256,1.72282,1.00,1.00
2016.08.04 15:20:17.517,1.72255,1.72282,1.00,1.00
2016.08.04 15:20:18.068,1.72256,1.72282,1.00,1.00
2016.08.04 15:20:18.574,1.72255,1.72282,1.00,1.00
2016.08.04 15:20:19.071,1.72255,1.72282,1.00,1.00
2016.08.04 15:20:19.122,1.72255,1.72282,1.00,1.37
2016.08.04 15:20:19.287,1.72253,1.72282,1.00,1.37
2016.08.04 15:20:19.388,1.72257,1.72283,1.00,1.50
2016.08.04 15:20:19.775,1.72257,1.72283,1.00,1.50
2016.08.04 15:20:19.876,1.72257,1.72283,1.00,1.37
2016.08.04 15:20:19.927,1.72257,1.72283,1.00,1.00
2016.08.04 15:20:20.079,1.72254,1.72281,1.50,1.00
2016.08.04 15:20:20.282,1.72252,1.72281,1.75,1.00
2016.08.04 15:20:20.829,1.72253,1.72281,1.75,1.00
2016.08.04 15:20:21.327,1.72253,1.72281,1.37,1.00
2016.08.04 15:20:21.378,1.72253,1.72281,1.00,1.00
2016.08.04 15:20:21.479,1.7225,1.72281,1.50,1.00
2016.08.04 15:20:21.707,1.72249,1.7228,1.75,1.00
2016.08.04 15:20:21.929,1.72249,1.7228,1.50,1.00
2016.08.04 15:20:21.979,1.72249,1.7228,1.12,1.00
2016.08.04 15:20:22.081,1.72247,1.72282,2.25,1.00
2016.08.04 15:20:22.283,1.72247,1.72282,2.25,1.50
2016.08.04 15:20:22.485,1.72248,1.72282,1.50,1.50
2016.08.04 15:20:22.811,1.72248,1.72281,1.50,1.00
2016.08.04 15:20:23.077,1.72248,1.72281,1.37,1.00
2016.08.04 15:20:23.128,1.72247,1.72277,1.00,1.00
2016.08.04 15:20:23.230,1.72244,1.72277,1.00,1.00
2016.08.04 15:20:23.331,1.72247,1.72276,1.00,1.00
2016.08.04 15:20:24.101,1.72247,1.72277,1.00,1.00
2016.08.04 15:20:24.433,1.72243,1.72278,1.12,1.00
2016.08.04 15:20:24.584,1.72246,1.72279,1.00,1.50
2016.08.04 15:20:24.635,1.72246,1.7228,1.50,1.00
2016.08.04 15:20:24.685,1.72246,1.72281,1.87,1.00
2016.08.04 15:20:24.736,1.72246,1.72281,2.25,1.00
2016.08.04 15:20:24.787,1.72246,1.72281,2.25,1.50
2016.08.04 15:20:24.888,1.72249,1.72281,1.00,1.50
2016.08.04 15:20:25.018,1.72248,1.72281,1.75,1.00
2016.08.04 15:20:25.535,1.72247,1.7228,1.75,1.00
2016.08.04 15:20:25.586,1.72249,1.72282,1.50,1.00
2016.08.04 15:20:26.109,1.72249,1.7227,1.12,1.00
2016.08.04 15:20:26.210,1.72244,1.7227,1.75,1.00
2016.08.04 15:20:26.261,1.7224,1.7227,2.47,1.00
2016.08.04 15:20:26.312,1.72246,1.72272,1.00,1.00
2016.08.04 15:20:26.793,1.72238,1.72272,1.00,1.50
2016.08.04 15:20:27.096,1.72241,1.72272,1.00,1.50
2016.08.04 15:20:27.350,1.72241,1.72272,1.50,1.50
2016.08.04 15:20:27.401,1.72241,1.72271,1.87,1.00
2016.08.04 15:20:27.455,1.72242,1.72271,1.50,1.00
2016.08.04 15:20:27.620,1.72242,1.72274,2.25,1.00
2016.08.04 15:20:27.673,1.72242,1.72274,1.50,2.25
2016.08.04 15:20:27.724,1.72242,1.7227,1.00,1.00
2016.08.04 15:20:27.825,1.7224,1.7227,1.00,1.50
2016.08.04 15:20:27.927,1.7224,1.7227,1.00,1.00
2016.08.04 15:20:27.978,1.72235,1.7227,2.25,1.00
2016.08.04 15:20:28.080,1.72236,1.72269,1.50,1.00
2016.08.04 15:20:28.181,1.72235,1.72268,1.75,1.00
2016.08.04 15:20:28.232,1.72236,1.72268,1.00,1.00
2016.08.04 15:20:28.434,1.72232,1.72265,1.00,1.00
2016.08.04 15:20:28.942,1.72233,1.72265,1.00,1.00
2016.08.04 15:20:29.043,1.72231,1.72265,1.00,1.00
2016.08.04 15:20:29.195,1.7223,1.72265,1.37,1.12
2016.08.04 15:20:29.245,1.7223,1.72264,1.00,1.12
2016.08.04 15:20:29.296,1.72232,1.72264,1.00,1.12
2016.08.04 15:20:29.498,1.7223,1.72264,1.50,1.12
2016.08.04 15:20:29.549,1.72231,1.72264,1.00,1.12
2016.08.04 15:20:30.296,1.72231,1.72264,1.50,1.12
2016.08.04 15:20:31.350,1.72231,1.72266,1.50,1.75
2016.08.04 15:20:31.541,1.72231,1.72265,1.00,1.50
2016.08.04 15:20:31.592,1.72228,1.72263,2.25,1.00
2016.08.04 15:20:31.996,1.72228,1.72265,2.25,2.25
2016.08.04 15:20:32.293,1.72228,1.72263,1.50,1.00
2016.08.04 15:20:32.703,1.72228,1.7226,1.50,1.00
2016.08.04 15:20:32.804,1.72228,1.72262,1.50,1.00
2016.08.04 15:20:33.158,1.72229,1.72262,1.12,1.00
2016.08.04 15:20:33.209,1.72229,1.72263,1.12,1.50
2016.08.04 15:20:33.920,1.72229,1.72263,1.12,1.00
2016.08.04 15:20:34.177,1.72228,1.72263,2.25,1.00
2016.08.04 15:20:34.379,1.72229,1.72263,1.12,1.00
2016.08.04 15:20:36.259,1.72228,1.72263,1.50,1.00
2016.08.04 15:20:37.666,1.7223,1.72263,1.00,1.00
2016.08.04 15:20:37.767,1.7223,1.72266,1.00,2.25
2016.08.04 15:20:39.733,1.7223,1.72263,1.00,1.00
2016.08.04 15:20:39.784,1.72228,1.72263,1.50,1.00
2016.08.04 15:20:39.936,1.72228,1.7226,1.50,1.00
2016.08.04 15:20:39.988,1.72227,1.7226,1.75,1.00
2016.08.04 15:20:40.090,1.72224,1.7226,1.75,1.50
2016.08.04 15:20:40.140,1.72224,1.7226,1.12,2.25
2016.08.04 15:20:40.555,1.72223,1.72257,1.50,1.00
2016.08.04 15:20:40.606,1.72222,1.72257,1.75,1.00
2016.08.04 15:20:40.960,1.72222,1.72253,1.75,1.00
2016.08.04 15:20:41.011,1.72221,1.72253,1.37,1.00
2016.08.04 15:20:41.061,1.72216,1.7225,1.75,1.00
2016.08.04 15:20:41.112,1.72217,1.7225,1.37,1.12
2016.08.04 15:20:41.163,1.72217,1.7225,1.00,1.50
2016.08.04 15:20:41.214,1.72214,1.72248,1.00,1.37
2016.08.04 15:20:41.264,1.72211,1.72247,1.00,1.75
2016.08.04 15:20:41.315,1.7221,1.72247,1.12,1.75
2016.08.04 15:20:41.509,1.72209,1.72239,1.12,1.00
2016.08.04 15:20:41.561,1.72207,1.72241,1.50,1.00
2016.08.04 15:20:41.662,1.72208,1.72241,1.00,1.00
2016.08.04 15:20:42.537,1.72207,1.72241,2.25,1.00
2016.08.04 15:20:42.689,1.72209,1.72241,1.00,1.00
2016.08.04 15:20:42.790,1.72207,1.72241,1.50,1.00
2016.08.04 15:20:44.334,1.72205,1.72239,1.00,1.00
2016.08.04 15:20:44.490,1.72205,1.72237,1.00,1.50
2016.08.04 15:20:44.600,1.72204,1.72237,1.37,1.37
2016.08.04 15:20:44.651,1.722,1.72235,1.00,1.00
2016.08.04 15:20:45.174,1.72201,1.72235,1.00,1.00
2016.08.04 15:20:45.225,1.72201,1.72237,1.37,1.37
2016.08.04 15:20:45.276,1.72201,1.72237,1.75,1.00
2016.08.04 15:20:45.741,1.72205,1.72239,1.12,1.37
2016.08.04 15:20:46.992,1.72205,1.7224,1.12,1.50
2016.08.04 15:20:47.093,1.72205,1.72238,1.12,1.12
2016.08.04 15:20:47.296,1.72205,1.7224,1.12,1.50
2016.08.04 15:20:47.449,1.72205,1.72241,1.12,2.25
2016.08.04 15:20:47.731,1.72202,1.7224,1.75,1.50
2016.08.04 15:20:47.782,1.72202,1.72239,1.75,1.37
2016.08.04 15:20:48.136,1.72201,1.72239,2.25,1.87
2016.08.04 15:20:48.339,1.72202,1.72239,1.75,1.37
2016.08.04 15:20:48.498,1.72201,1.72238,2.25,1.12
2016.08.04 15:20:48.956,1.72201,1.72238,1.75,1.12
2016.08.04 15:20:49.006,1.72201,1.72237,1.75,1.00
2016.08.04 15:20:49.677,1.72201,1.72237,1.75,1.00
2016.08.04 15:20:50.204,1.72202,1.72238,1.75,1.12
2016.08.04 15:20:50.696,1.72202,1.72236,1.75,1.00
2016.08.04 15:20:52.841,1.72204,1.72237,1.37,1.00
2016.08.04 15:20:53.001,1.72204,1.72237,1.00,1.37
2016.08.04 15:20:53.051,1.72204,1.72234,1.00,1.00
2016.08.04 15:20:53.723,1.72202,1.72234,1.00,1.00
2016.08.04 15:20:56.013,1.722,1.72233,1.00,1.00
2016.08.04 15:20:56.215,1.722,1.72231,1.50,1.00
2016.08.04 15:20:57.437,1.722,1.72232,1.50,1.00
2016.08.04 15:20:57.538,1.722,1.72232,1.00,1.00
2016.08.04 15:20:58.805,1.722,1.72232,1.50,1.00
2016.08.04 15:20:59.491,1.72207,1.72232,1.00,1.00
2016.08.04 15:20:59.542,1.72212,1.72234,1.00,1.00
2016.08.04 15:20:59.593,1.72212,1.72242,1.00,1.00
2016.08.04 15:20:59.644,1.72214,1.72247,1.00,2.25
2016.08.04 15:20:59.695,1.72214,1.72247,1.00,1.75
2016.08.04 15:20:59.843,1.72219,1.72249,1.00,1.87
2016.08.04 15:20:59.894,1.72219,1.72249,1.00,1.12
2016.08.04 15:21:00.946,1.72216,1.72249,1.00,1.87
2016.08.04 15:21:01.307,1.72216,1.72244,1.00,1.00
2016.08.04 15:21:01.361,1.72212,1.72244,1.37,1.37
2016.08.04 15:21:01.412,1.72212,1.72242,1.00,1.00
2016.08.04 15:21:01.614,1.72216,1.72242,1.00,1.00
2016.08.04 15:21:01.782,1.72216,1.72244,1.00,1.37
2016.08.04 15:21:01.833,1.72216,1.72244,1.00,1.00
2016.08.04 15:21:02.138,1.72218,1.72244,1.00,1.00
2016.08.04 15:21:02.692,1.72217,1.72244,1.00,1.00
2016.08.04 15:21:03.158,1.72215,1.72244,1.00,1.00
2016.08.04 15:21:03.828,1.72217,1.72244,1.00,1.00
2016.08.04 15:21:04.031,1.72214,1.72246,1.00,1.12
2016.08.04 15:21:04.233,1.72217,1.72247,1.00,1.50
2016.08.04 15:21:04.435,1.72214,1.72247,1.00,2.25
2016.08.04 15:21:04.639,1.72216,1.72247,1.00,1.50
2016.08.04 15:21:04.691,1.72216,1.72249,1.00,2.25
2016.08.04 15:21:04.894,1.72218,1.72249,1.00,1.87
2016.08.04 15:21:04.945,1.72218,1.72249,1.00,1.12
2016.08.04 15:21:04.996,1.72218,1.7225,1.00,1.87
2016.08.04 15:21:05.047,1.72222,1.7225,1.00,1.37
2016.08.04 15:21:05.099,1.72222,1.72251,1.00,1.50
2016.08.04 15:21:05.352,1.7222,1.72251,1.00,2.25
2016.08.04 15:21:05.567,1.72217,1.72249,1.00,1.12
2016.08.04 15:21:05.617,1.72217,1.72248,1.00,1.00
2016.08.04 15:21:05.820,1.72212,1.72241,1.75,1.00
2016.08.04 15:21:05.870,1.7221,1.72241,1.37,1.00
2016.08.04 15:21:05.921,1.7221,1.72237,1.00,1.00
2016.08.04 15:21:05.972,1.72207,1.72237,1.87,1.00
2016.08.04 15:21:06.022,1.72207,1.72237,1.50,1.00
2016.08.04 15:21:06.073,1.72207,1.72236,1.12,1.00
2016.08.04 15:21:06.124,1.72215,1.72243,1.00,1.12
2016.08.04 15:21:06.225,1.72219,1.72243,1.00,1.00
2016.08.04 15:21:06.382,1.72218,1.7225,1.00,1.12
2016.08.04 15:21:06.432,1.72218,1.72249,1.00,1.37
2016.08.04 15:21:06.584,1.72218,1.72249,1.12,1.37
2016.08.04 15:21:06.635,1.72218,1.7225,1.50,1.00
2016.08.04 15:21:06.961,1.72218,1.7225,1.50,1.50
2016.08.04 15:21:07.666,1.72218,1.7225,1.50,1.00
2016.08.04 15:21:07.767,1.7222,1.72252,1.12,1.50
2016.08.04 15:21:08.019,1.72218,1.72251,1.50,1.00
2016.08.04 15:21:08.222,1.72217,1.72251,2.25,1.00
2016.08.04 15:21:08.551,1.72217,1.72251,1.75,1.00
2016.08.04 15:21:09.420,1.72217,1.72252,2.25,1.50
2016.08.04 15:21:09.470,1.72217,1.72252,1.75,1.50
2016.08.04 15:21:09.622,1.72217,1.72252,1.37,1.87
2016.08.04 15:21:09.672,1.72217,1.72252,1.00,2.25
2016.08.04 15:21:09.837,1.72214,1.72246,3.00,1.00
2016.08.04 15:21:09.891,1.72215,1.72246,1.50,1.00
2016.08.04 15:21:09.942,1.72212,1.72244,1.75,1.00
2016.08.04 15:21:10.044,1.72212,1.72243,1.37,1.12
2016.08.04 15:21:10.094,1.72212,1.72243,1.00,1.87
2016.08.04 15:21:10.145,1.72208,1.72243,1.12,2.62
2016.08.04 15:21:10.195,1.72208,1.72242,1.12,1.00
2016.08.04 15:21:10.347,1.72207,1.72241,1.50,1.37
2016.08.04 15:21:10.398,1.72207,1.72241,1.12,1.75
2016.08.04 15:21:10.449,1.72209,1.72242,1.00,1.75
2016.08.04 15:21:11.121,1.72209,1.72239,1.00,1.37
2016.08.04 15:21:12.132,1.72207,1.72239,1.00,1.37
2016.08.04 15:21:13.724,1.72208,1.72239,1.00,1.37
2016.08.04 15:21:14.452,1.72209,1.72239,1.00,1.37
2016.08.04 15:21:15.240,1.72211,1.72239,1.00,1.37
2016.08.04 15:21:15.764,1.72209,1.72239,1.00,1.37
2016.08.04 15:21:15.827,1.72206,1.72239,1.00,1.37
2016.08.04 15:21:15.928,1.72208,1.72239,1.00,1.37
2016.08.04 15:21:16.502,1.72209,1.72239,1.00,1.37
2016.08.04 15:21:16.555,1.72209,1.72239,1.00,1.87
2016.08.04 15:21:18.129,1.72211,1.72239,1.00,1.87
2016.08.04 15:21:18.230,1.72211,1.72239,1.00,1.37
2016.08.04 15:21:18.433,1.72209,1.72239,1.00,1.37
2016.08.04 15:21:18.680,1.72212,1.72243,1.00,2.25
2016.08.04 15:21:18.839,1.72212,1.72243,1.00,1.87
2016.08.04 15:21:18.941,1.72212,1.72243,1.00,1.12
2016.08.04 15:21:19.532,1.72212,1.72243,1.00,1.87
2016.08.04 15:21:19.878,1.72213,1.72243,1.00,1.12
2016.08.04 15:21:25.337,1.72212,1.72243,1.00,1.87
2016.08.04 15:21:25.456,1.7221,1.72243,1.00,1.87
2016.08.04 15:21:25.507,1.7221,1.72243,1.00,2.25
2016.08.04 15:21:26.059,1.72209,1.72241,1.00,1.50
2016.08.04 15:21:26.238,1.72207,1.7224,1.00,1.37
2016.08.04 15:21:26.289,1.72207,1.7224,1.00,1.87
2016.08.04 15:21:26.340,1.72209,1.7224,1.00,1.37
2016.08.04 15:21:26.390,1.72209,1.72239,1.00,1.12
2016.08.04 15:21:26.492,1.72211,1.72239,1.00,1.12
2016.08.04 15:21:26.542,1.72221,1.72239,1.00,1.00
2016.08.04 15:21:26.593,1.72221,1.72243,1.00,1.37
2016.08.04 15:21:26.759,1.72221,1.7225,1.00,1.50
2016.08.04 15:21:26.810,1.72221,1.7225,1.00,1.37
2016.08.04 15:21:26.860,1.72221,1.72254,1.00,1.00
2016.08.04 15:21:26.911,1.72221,1.72254,1.00,1.37
2016.08.04 15:21:26.962,1.72221,1.72254,1.00,1.75
2016.08.04 15:21:27.113,1.72221,1.72251,1.00,1.12
2016.08.04 15:21:27.164,1.72221,1.72249,1.00,1.50
2016.08.04 15:21:27.215,1.72221,1.72249,1.00,1.87
2016.08.04 15:21:27.266,1.72221,1.72248,1.00,1.75
2016.08.04 15:21:27.317,1.72221,1.72243,1.00,1.37
2016.08.04 15:21:27.368,1.72218,1.72243,1.00,1.75
2016.08.04 15:21:27.750,1.72223,1.72243,1.00,1.75
2016.08.04 15:21:27.801,1.72223,1.72248,1.00,1.75
2016.08.04 15:21:27.852,1.72224,1.72248,1.00,1.50
2016.08.04 15:21:27.902,1.72224,1.72254,1.00,1.75
2016.08.04 15:21:27.953,1.72224,1.72254,1.00,1.50
2016.08.04 15:21:28.727,1.72224,1.72255,1.00,1.75
2016.08.04 15:21:28.890,1.72224,1.72254,1.00,1.50
2016.08.04 15:21:28.991,1.72226,1.72255,1.00,1.75
2016.08.04 15:21:31.072,1.72224,1.72255,1.00,1.75
2016.08.04 15:21:31.575,1.72227,1.72255,1.00,1.75
2016.08.04 15:21:31.947,1.7222,1.7225,1.12,1.00
2016.08.04 15:21:31.998,1.7222,1.7225,1.00,1.37
2016.08.04 15:21:32.049,1.72217,1.72244,1.37,1.00
2016.08.04 15:21:32.197,1.72216,1.72244,1.50,1.87
2016.08.04 15:21:32.248,1.72216,1.72244,1.50,1.50
2016.08.04 15:21:32.399,1.72216,1.72244,2.62,1.50
2016.08.04 15:21:32.500,1.72216,1.72244,1.50,1.50
2016.08.04 15:21:32.604,1.72216,1.72244,1.37,1.50
2016.08.04 15:21:32.705,1.72216,1.72244,2.25,1.50
2016.08.04 15:21:32.857,1.72216,1.72244,1.50,1.50
2016.08.04 15:21:32.908,1.72216,1.72244,1.12,1.50
2016.08.04 15:21:33.113,1.72215,1.72244,1.00,1.50
2016.08.04 15:21:34.483,1.72214,1.72244,1.00,1.50
2016.08.04 15:21:34.685,1.72215,1.72244,1.50,1.50
2016.08.04 15:21:34.882,1.72217,1.72244,1.00,1.50
2016.08.04 15:21:34.984,1.72217,1.72244,1.00,1.50
2016.08.04 15:21:35.586,1.72215,1.72244,1.00,1.50
2016.08.04 15:21:35.890,1.72215,1.72244,1.00,1.50
2016.08.04 15:21:35.941,1.72214,1.72244,1.00,2.25
2016.08.04 15:21:36.154,1.72212,1.72238,1.00,1.00
2016.08.04 15:21:36.205,1.7221,1.72238,1.00,1.12
2016.08.04 15:21:36.258,1.72208,1.72237,1.00,1.50
2016.08.04 15:21:36.360,1.72204,1.72237,1.87,1.00
2016.08.04 15:21:36.461,1.72204,1.72235,1.00,1.37
2016.08.04 15:21:36.562,1.72204,1.72232,1.00,1.00
2016.08.04 15:21:37.075,1.72204,1.72232,1.50,1.00
2016.08.04 15:21:37.856,1.72204,1.72228,1.50,1.00
2016.08.04 15:21:37.907,1.72204,1.72228,1.00,1.00
2016.08.04 15:21:38.174,1.72203,1.72234,1.00,1.50
2016.08.04 15:21:38.225,1.72203,1.72234,1.00,1.12
2016.08.04 15:21:38.494,1.72201,1.72234,1.00,1.12
2016.08.04 15:21:38.595,1.72202,1.72234,1.00,1.37
2016.08.04 15:21:38.646,1.72202,1.72234,1.00,1.75
2016.08.04 15:21:38.798,1.72197,1.72231,1.50,1.75
2016.08.04 15:21:38.960,1.72201,1.7223,1.00,1.75
2016.08.04 15:21:39.228,1.72201,1.72228,1.00,1.50
2016.08.04 15:21:39.278,1.72195,1.72228,1.00,2.25
2016.08.04 15:21:40.300,1.72196,1.72226,1.00,1.75
2016.08.04 15:21:40.502,1.72194,1.72225,1.00,1.75
2016.08.04 15:21:40.957,1.72191,1.72226,1.00,1.75
2016.08.04 15:21:41.209,1.7219,1.72221,1.00,1.50
2016.08.04 15:21:41.264,1.7219,1.72222,1.00,1.75
2016.08.04 15:21:41.314,1.7219,1.72222,1.12,1.37
2016.08.04 15:21:41.371,1.72195,1.72222,1.00,1.00
2016.08.04 15:21:41.472,1.72195,1.72226,1.00,2.62
2016.08.04 15:21:41.676,1.72194,1.72226,1.00,1.87
2016.08.04 15:21:42.192,1.72194,1.72226,1.00,1.12
2016.08.04 15:21:42.660,1.72193,1.72226,1.00,1.87
2016.08.04 15:21:42.764,1.72193,1.72226,1.00,1.12
2016.08.04 15:21:42.865,1.72193,1.72223,1.00,1.00
2016.08.04 15:21:42.916,1.72193,1.72222,1.00,1.50
2016.08.04 15:21:42.967,1.72184,1.72216,1.75,1.00
2016.08.04 15:21:43.123,1.72184,1.72217,1.00,1.75
2016.08.04 15:21:43.174,1.72187,1.72217,1.00,1.75
2016.08.04 15:21:43.743,1.72187,1.72216,1.00,1.75
2016.08.04 15:21:44.262,1.72196,1.72224,1.00,2.47
2016.08.04 15:21:44.313,1.72196,1.72225,1.00,1.75
2016.08.04 15:21:44.363,1.722,1.72229,1.00,2.62
2016.08.04 15:21:44.414,1.722,1.72229,1.00,1.75
2016.08.04 15:21:44.465,1.722,1.72229,1.00,1.37
2016.08.04 15:21:44.515,1.722,1.72228,1.00,1.00
2016.08.04 15:21:44.870,1.72199,1.72232,1.00,1.50
2016.08.04 15:21:46.472,1.72199,1.72227,1.00,1.00
2016.08.04 15:21:46.523,1.72199,1.72227,1.00,1.00
2016.08.04 15:21:47.464,1.72199,1.72227,1.00,1.50
2016.08.04 15:21:47.515,1.72197,1.72227,1.00,1.50
2016.08.04 15:21:48.028,1.72196,1.72227,1.00,1.50
2016.08.04 15:21:48.682,1.72195,1.72226,1.00,1.00
2016.08.04 15:21:49.383,1.72193,1.72226,1.00,1.00
2016.08.04 15:21:49.486,1.72195,1.72227,1.00,2.25
2016.08.04 15:21:49.790,1.72193,1.72226,1.00,1.00
2016.08.04 15:21:49.891,1.72196,1.72227,1.00,1.50
2016.08.04 15:21:50.093,1.72195,1.72227,1.00,2.25
2016.08.04 15:21:50.303,1.72195,1.72227,1.00,1.50
2016.08.04 15:21:50.406,1.72195,1.72227,1.00,1.50
2016.08.04 15:21:50.788,1.72199,1.72227,1.00,1.50
2016.08.04 15:21:50.889,1.72199,1.72227,1.00,1.00
2016.08.04 15:21:51.591,1.72198,1.72227,1.00,1.00
2016.08.04 15:21:51.693,1.72206,1.72227,1.00,1.50
2016.08.04 15:21:51.743,1.72206,1.72227,1.00,1.12
2016.08.04 15:21:51.794,1.72212,1.72238,1.00,1.37
2016.08.04 15:21:51.845,1.72212,1.72239,1.00,1.37
2016.08.04 15:21:51.895,1.72211,1.72238,1.00,1.00
2016.08.04 15:21:51.996,1.72209,1.72238,1.00,1.00
2016.08.04 15:21:52.098,1.72207,1.72239,1.00,1.00
2016.08.04 15:21:52.477,1.72207,1.72239,1.00,1.50
2016.08.04 15:21:52.679,1.72205,1.72238,1.00,1.00
2016.08.04 15:21:52.730,1.72204,1.72238,1.37,1.37
2016.08.04 15:21:52.780,1.72203,1.72235,1.00,1.37
2016.08.04 15:21:52.882,1.72197,1.7223,2.25,1.00
2016.08.04 15:21:52.932,1.72197,1.7223,2.25,1.12
2016.08.04 15:21:52.983,1.72197,1.7223,1.87,1.12
2016.08.04 15:21:53.190,1.72197,1.72228,1.12,1.00
2016.08.04 15:21:53.403,1.72196,1.72227,1.50,1.37
2016.08.04 15:21:53.454,1.72196,1.72227,1.50,1.50
2016.08.04 15:21:53.505,1.72196,1.72227,1.00,1.50
2016.08.04 15:21:53.607,1.72196,1.72227,1.50,1.50
2016.08.04 15:21:53.708,1.72196,1.72227,1.50,2.25
2016.08.04 15:21:53.897,1.72196,1.72227,1.00,1.50
2016.08.04 15:21:54.076,1.72195,1.72227,1.00,1.50
2016.08.04 15:21:54.279,1.72193,1.72227,1.87,2.25
2016.08.04 15:21:54.482,1.72193,1.72226,1.12,1.12
2016.08.04 15:21:54.584,1.72193,1.72225,1.12,1.00
2016.08.04 15:21:54.634,1.72191,1.72225,2.25,1.50
2016.08.04 15:21:54.736,1.72191,1.72225,1.37,1.87
2016.08.04 15:21:54.787,1.72191,1.72224,1.00,1.75
2016.08.04 15:21:54.996,1.72195,1.72227,1.00,1.50
2016.08.04 15:21:55.097,1.72197,1.72227,1.00,1.50
2016.08.04 15:21:55.503,1.72196,1.72227,1.00,1.50
2016.08.04 15:21:56.109,1.72195,1.72227,1.00,1.50
2016.08.04 15:21:56.287,1.72196,1.72227,1.00,2.25
2016.08.04 15:21:56.856,1.72196,1.72225,1.00,1.00
2016.08.04 15:21:56.907,1.72196,1.72209,1.00,1.00
2016.08.04 15:21:57.008,1.72196,1.72214,1.00,1.37
2016.08.04 15:21:57.109,1.72196,1.72214,1.00,1.50
2016.08.04 15:21:57.160,1.72196,1.72214,1.00,1.12
2016.08.04 15:21:57.323,1.72196,1.72216,1.00,1.75
2016.08.04 15:21:57.373,1.72196,1.72219,1.00,1.75
2016.08.04 15:21:57.424,1.72189,1.7222,1.00,1.37
2016.08.04 15:21:57.475,1.72189,1.7222,1.00,1.00
2016.08.04 15:21:57.525,1.72191,1.72223,1.00,1.50
2016.08.04 15:21:57.626,1.72189,1.72222,1.00,1.12
2016.08.04 15:21:57.911,1.7219,1.72221,1.00,1.00
2016.08.04 15:21:58.121,1.72189,1.7222,1.50,1.00
2016.08.04 15:21:59.114,1.72186,1.72217,1.50,1.00
2016.08.04 15:21:59.165,1.72186,1.72216,1.00,1.00
2016.08.04 15:21:59.288,1.72182,1.72214,1.00,1.00
2016.08.04 15:21:59.339,1.72182,1.72214,1.00,1.37
2016.08.04 15:21:59.390,1.72181,1.72214,1.00,1.75
2016.08.04 15:21:59.491,1.7218,1.7221,1.00,1.00
2016.08.04 15:21:59.581,1.7218,1.72211,1.50,1.00
2016.08.04 15:21:59.682,1.72182,1.72214,1.00,1.75
2016.08.04 15:21:59.884,1.72181,1.72212,1.00,1.12
2016.08.04 15:22:00.086,1.7218,1.72211,1.00,1.00
2016.08.04 15:22:00.221,1.72179,1.72211,1.50,1.00
2016.08.04 15:22:00.273,1.72179,1.72211,1.00,1.00
2016.08.04 15:22:00.426,1.72181,1.72212,1.00,1.12
2016.08.04 15:22:00.586,1.72182,1.72213,1.00,1.50
2016.08.04 15:22:00.687,1.72184,1.72215,1.00,1.75
2016.08.04 15:22:00.738,1.72184,1.72215,1.00,1.37
2016.08.04 15:22:00.789,1.72189,1.72217,1.00,1.50
2016.08.04 15:22:00.839,1.72189,1.72222,1.00,1.50
2016.08.04 15:22:00.890,1.72188,1.72223,1.12,1.37
2016.08.04 15:22:01.090,1.72188,1.72221,1.12,1.00
2016.08.04 15:22:01.191,1.72186,1.7222,1.50,1.00
2016.08.04 15:22:01.292,1.72188,1.7222,1.12,1.00
2016.08.04 15:22:01.710,1.72189,1.72222,1.00,1.12
2016.08.04 15:22:02.183,1.72188,1.72221,1.12,1.00
2016.08.04 15:22:02.610,1.72188,1.72222,1.12,1.12
2016.08.04 15:22:02.714,1.72191,1.72223,1.00,1.37
2016.08.04 15:22:02.815,1.72193,1.72223,1.00,1.37
2016.08.04 15:22:02.916,1.72189,1.72222,1.00,1.12
2016.08.04 15:22:03.268,1.72192,1.72225,1.00,1.37
2016.08.04 15:22:03.322,1.72192,1.72225,1.00,1.00
2016.08.04 15:22:03.911,1.72193,1.72226,1.00,1.00
2016.08.04 15:22:04.393,1.72193,1.72226,1.00,1.37
2016.08.04 15:22:04.444,1.72193,1.72222,1.00,1.00
2016.08.04 15:22:07.529,1.72192,1.72222,1.00,1.50
2016.08.04 15:22:07.736,1.72192,1.72222,1.00,1.00
2016.08.04 15:22:08.286,1.72197,1.72228,1.50,1.75
2016.08.04 15:22:08.337,1.72204,1.72229,1.00,1.37
2016.08.04 15:22:08.389,1.72204,1.72236,1.00,1.75
2016.08.04 15:22:08.440,1.72204,1.72235,1.00,1.50
2016.08.04 15:22:08.643,1.72202,1.72233,1.00,1.00
2016.08.04 15:22:08.845,1.72203,1.72235,1.00,1.00
2016.08.04 15:22:09.047,1.72206,1.72235,1.00,1.00
2016.08.04 15:22:09.299,1.72198,1.72228,1.00,1.00
2016.08.04 15:22:09.349,1.72195,1.72228,1.00,1.87
2016.08.04 15:22:09.400,1.72195,1.72228,1.50,2.25
2016.08.04 15:22:09.451,1.72197,1.72228,1.00,1.75
2016.08.04 15:22:09.958,1.72197,1.72227,1.00,1.75
2016.08.04 15:22:10.060,1.72195,1.72226,1.87,1.37
2016.08.04 15:22:10.110,1.72195,1.72226,1.87,1.00
2016.08.04 15:22:10.161,1.72195,1.72226,1.50,1.37
2016.08.04 15:22:10.325,1.72193,1.72223,1.00,1.12
2016.08.04 15:22:10.376,1.72193,1.72222,1.00,1.37
2016.08.04 15:22:10.426,1.72193,1.72222,1.00,1.75
2016.08.04 15:22:11.344,1.72192,1.72222,1.00,2.25
2016.08.04 15:22:12.017,1.72189,1.7222,1.00,1.75
2016.08.04 15:22:12.432,1.72187,1.7222,1.50,1.75
2016.08.04 15:22:12.534,1.72188,1.72221,1.00,1.75
2016.08.04 15:22:12.958,1.72191,1.72222,1.00,1.75
2016.08.04 15:22:13.110,1.72193,1.72223,1.00,1.37
2016.08.04 15:22:13.160,1.72196,1.72223,1.00,1.00
2016.08.04 15:22:13.363,1.72193,1.72223,1.00,1.00
2016.08.04 15:22:14.257,1.72195,1.72223,1.00,1.00
2016.08.04 15:22:14.359,1.72193,1.72223,1.00,1.00
2016.08.04 15:22:14.410,1.72193,1.72223,1.00,1.37
2016.08.04 15:22:14.461,1.72193,1.72223,1.00,1.75
2016.08.04 15:22:14.562,1.72188,1.72221,1.00,1.50
2016.08.04 15:22:15.064,1.72192,1.72222,1.00,1.75
2016.08.04 15:22:15.165,1.7219,1.72221,1.00,1.50
2016.08.04 15:22:15.266,1.72192,1.72223,1.00,1.75
2016.08.04 15:22:15.367,1.72192,1.72223,1.00,1.75
2016.08.04 15:22:15.418,1.72192,1.72224,1.00,1.75
2016.08.04 15:22:15.469,1.72194,1.72225,1.00,1.75
2016.08.04 15:22:15.520,1.72194,1.72227,1.00,2.25
2016.08.04 15:22:16.265,1.72194,1.72225,1.00,1.50
2016.08.04 15:22:16.367,1.72197,1.72227,1.50,1.37
2016.08.04 15:22:16.417,1.72197,1.72227,1.50,1.00
2016.08.04 15:22:16.582,1.72199,1.72228,1.00,1.00
2016.08.04 15:22:16.633,1.72199,1.7223,1.00,1.00
2016.08.04 15:22:16.735,1.72196,1.72226,1.12,1.00
2016.08.04 15:22:16.837,1.72195,1.72225,1.37,1.00
2016.08.04 15:22:16.887,1.72195,1.72225,1.00,1.37
2016.08.04 15:22:16.938,1.72193,1.72223,1.00,1.00
2016.08.04 15:22:17.242,1.72193,1.72223,1.00,1.37
2016.08.04 15:22:17.293,1.72193,1.72223,1.00,1.75
2016.08.04 15:22:17.343,1.72193,1.72221,1.00,1.50
2016.08.04 15:22:17.445,1.7219,1.72221,1.00,2.25
2016.08.04 15:22:19.423,1.7219,1.72221,1.00,1.50
2016.08.04 15:22:19.474,1.72188,1.7222,1.00,1.12
2016.08.04 15:22:20.329,1.72189,1.7222,1.00,1.12
2016.08.04 15:22:20.537,1.72188,1.72219,1.50,1.00
2016.08.04 15:22:21.946,1.72189,1.72222,1.00,1.75
2016.08.04 15:22:21.997,1.72189,1.72222,1.37,1.37
2016.08.04 15:22:22.047,1.72189,1.72222,1.50,1.00
2016.08.04 15:22:22.149,1.72193,1.72224,1.00,1.12
2016.08.04 15:22:22.351,1.72192,1.72222,1.00,1.00
2016.08.04 15:22:22.402,1.72192,1.72222,1.00,1.37
2016.08.04 15:22:22.453,1.72192,1.72222,1.00,1.75
2016.08.04 15:22:22.554,1.72192,1.72224,1.00,1.75
2016.08.04 15:22:22.813,1.72192,1.72224,1.00,1.12
2016.08.04 15:22:23.643,1.72192,1.72222,1.00,1.00
2016.08.04 15:22:23.850,1.72192,1.72224,1.00,1.12
2016.08.04 15:22:23.902,1.72192,1.72224,1.00,1.12
2016.08.04 15:22:25.078,1.72192,1.72224,1.00,1.12
2016.08.04 15:22:26.133,1.72194,1.72224,1.00,1.12
2016.08.04 15:22:26.433,1.72193,1.72224,1.00,1.87
2016.08.04 15:22:29.571,1.72191,1.72223,1.12,1.00
2016.08.04 15:22:32.074,1.72192,1.72224,1.00,1.12
2016.08.04 15:22:32.437,1.72197,1.72224,1.00,1.12
2016.08.04 15:22:32.488,1.72197,1.72224,1.00,1.87
2016.08.04 15:22:32.613,1.72201,1.72224,1.12,1.00
2016.08.04 15:22:32.671,1.72204,1.72234,1.00,1.00
2016.08.04 15:22:32.725,1.72204,1.72237,1.75,1.00
2016.08.04 15:22:32.776,1.72206,1.72237,1.37,1.00
2016.08.04 15:22:32.877,1.72204,1.72237,2.25,1.00
2016.08.04 15:22:33.287,1.72204,1.72237,1.75,1.50
2016.08.04 15:22:33.338,1.72204,1.72237,1.00,1.87
2016.08.04 15:22:33.697,1.72203,1.72235,1.12,1.00
2016.08.04 15:22:34.689,1.72203,1.72232,1.12,1.00
2016.08.04 15:22:34.865,1.72205,1.72236,1.00,1.12
2016.08.04 15:22:34.982,1.72203,1.72234,1.87,1.00
2016.08.04 15:22:35.286,1.72201,1.72233,1.50,1.50
2016.08.04 15:22:35.336,1.72201,1.72232,1.00,1.00
2016.08.04 15:22:35.387,1.72197,1.72228,2.25,1.00
2016.08.04 15:22:35.438,1.72197,1.72228,1.50,1.50
2016.08.04 15:22:35.488,1.72197,1.72227,1.50,1.00
2016.08.04 15:22:35.640,1.72197,1.72227,1.00,1.00
2016.08.04 15:22:36.075,1.72198,1.72228,1.00,1.50
2016.08.04 15:22:38.091,1.72196,1.72226,1.00,1.00
2016.08.04 15:22:39.698,1.72193,1.72225,2.25,1.00
2016.08.04 15:22:39.865,1.72196,1.72228,1.00,2.25
2016.08.04 15:22:40.097,1.72197,1.72228,1.00,1.50
2016.08.04 15:22:40.199,1.72197,1.72228,1.00,1.00
2016.08.04 15:22:40.300,1.72197,1.72228,1.00,1.50
2016.08.04 15:22:40.351,1.72196,1.72228,1.00,2.25
2016.08.04 15:22:40.698,1.72199,1.72228,1.00,1.50
2016.08.04 15:22:42.606,1.72199,1.72228,1.00,1.00
2016.08.04 15:22:42.656,1.72196,1.72228,1.00,1.50
2016.08.04 15:22:42.809,1.72196,1.72228,1.00,2.25
2016.08.04 15:22:46.307,1.72196,1.72228,1.50,2.25
2016.08.04 15:22:46.957,1.72196,1.72227,1.00,1.00
2016.08.04 15:22:47.658,1.72196,1.72226,1.00,1.00
2016.08.04 15:22:47.709,1.72194,1.72226,1.00,1.00
2016.08.04 15:22:47.760,1.72193,1.72223,1.00,1.12
2016.08.04 15:22:47.811,1.7219,1.72223,1.12,1.12
2016.08.04 15:22:47.862,1.7219,1.72221,1.12,1.00
2016.08.04 15:22:47.913,1.72189,1.72221,1.50,1.00
2016.08.04 15:22:47.963,1.72188,1.7222,1.00,1.12
2016.08.04 15:22:48.065,1.72188,1.72216,1.00,1.00
2016.08.04 15:22:48.115,1.72185,1.72216,1.12,1.00
2016.08.04 15:22:48.370,1.72184,1.72214,1.50,1.00
2016.08.04 15:22:48.420,1.72183,1.72214,1.75,1.00
2016.08.04 15:22:48.531,1.72184,1.72214,1.50,1.00
2016.08.04 15:22:48.583,1.72184,1.72214,1.00,1.00
2016.08.04 15:22:48.659,1.72184,1.72212,1.00,1.00
2016.08.04 15:22:48.870,1.72184,1.72212,1.50,1.00
2016.08.04 15:22:49.160,1.72185,1.72217,1.00,1.50
2016.08.04 15:22:49.261,1.72188,1.72219,1.00,1.75
2016.08.04 15:22:49.362,1.72186,1.72219,1.00,2.25
2016.08.04 15:22:49.463,1.72185,1.72218,1.00,1.75
2016.08.04 15:22:49.514,1.72185,1.72218,1.00,2.25
2016.08.04 15:22:51.187,1.72185,1.72218,1.12,1.87
2016.08.04 15:22:51.237,1.72185,1.72218,1.50,1.00
2016.08.04 15:22:52.213,1.72187,1.72218,1.12,1.00
2016.08.04 15:22:52.586,1.72187,1.72216,1.12,1.00
2016.08.04 15:22:52.889,1.72187,1.72214,1.12,1.00
2016.08.04 15:22:52.939,1.72183,1.72214,2.25,1.00
2016.08.04 15:22:52.990,1.72184,1.72214,1.75,1.00
2016.08.04 15:22:53.521,1.72183,1.72214,1.75,1.00
2016.08.04 15:22:54.101,1.72183,1.72215,2.25,1.00
2016.08.04 15:22:54.511,1.72183,1.72213,2.25,1.00
2016.08.04 15:22:54.802,1.72183,1.72213,1.75,1.00
2016.08.04 15:22:55.279,1.72184,1.72213,1.37,1.00
2016.08.04 15:22:55.330,1.72184,1.72213,1.00,1.00
2016.08.04 15:22:55.817,1.72184,1.72213,1.00,1.00
2016.08.04 15:22:56.426,1.72185,1.72213,1.00,1.00
2016.08.04 15:22:56.476,1.72188,1.7222,1.12,1.87
2016.08.04 15:22:56.527,1.72191,1.7222,1.00,1.50
2016.08.04 15:22:56.655,1.72188,1.72219,1.50,1.00
2016.08.04 15:22:56.706,1.72186,1.72214,1.75,1.00
2016.08.04 15:22:56.808,1.72189,1.72222,1.00,2.25
2016.08.04 15:22:56.909,1.72188,1.72219,1.75,1.00
2016.08.04 15:22:57.293,1.72188,1.72219,1.00,1.00
2016.08.04 15:22:57.596,1.7219,1.72219,1.00,1.00
2016.08.04 15:22:57.889,1.72188,1.72221,1.00,1.00
2016.08.04 15:22:58.091,1.72188,1.72218,1.00,1.00
2016.08.04 15:22:58.142,1.72186,1.72218,1.50,1.00
2016.08.04 15:22:58.198,1.72187,1.72221,1.00,2.25
2016.08.04 15:22:58.300,1.72186,1.72218,1.50,1.00
2016.08.04 15:22:58.401,1.72188,1.7222,1.00,1.00
2016.08.04 15:22:58.502,1.72186,1.72218,1.50,1.00
2016.08.04 15:22:58.671,1.72187,1.72221,1.00,2.25
2016.08.04 15:22:58.772,1.72186,1.72218,1.50,1.00
2016.08.04 15:22:59.272,1.72186,1.72219,1.00,1.50
2016.08.04 15:22:59.373,1.72186,1.72217,1.50,1.00
2016.08.04 15:22:59.896,1.72186,1.72215,1.00,1.00
2016.08.04 15:22:59.998,1.72184,1.72215,1.00,1.12
2016.08.04 15:23:00.119,1.72183,1.72217,3.00,1.50
2016.08.04 15:23:00.179,1.72183,1.72217,1.00,1.50
2016.08.04 15:23:00.284,1.72184,1.72215,1.00,1.12
2016.08.04 15:23:00.386,1.72184,1.72215,1.50,1.12
2016.08.04 15:23:00.487,1.72185,1.72217,1.00,1.50
2016.08.04 15:23:00.588,1.72191,1.72219,1.00,1.75
2016.08.04 15:23:00.639,1.72191,1.72221,1.50,1.75
2016.08.04 15:23:00.690,1.72198,1.72224,1.00,2.10
2016.08.04 15:23:00.740,1.72198,1.72226,1.00,2.25
2016.08.04 15:23:00.791,1.72198,1.72231,1.00,3.00
2016.08.04 15:23:00.984,1.72199,1.72231,1.00,2.25
2016.08.04 15:23:01.035,1.72199,1.72232,1.00,2.25
2016.08.04 15:23:02.316,1.722,1.72232,1.00,1.75
2016.08.04 15:23:02.676,1.72199,1.72232,1.00,2.25
2016.08.04 15:23:02.777,1.72198,1.72229,1.00,1.12
2016.08.04 15:23:03.076,1.72196,1.72229,1.12,1.12
2016.08.04 15:23:03.749,1.72196,1.72229,1.87,1.12
2016.08.04 15:23:03.801,1.72198,1.72231,1.00,1.50
2016.08.04 15:23:04.012,1.72201,1.72232,1.00,2.25
2016.08.04 15:23:04.113,1.72199,1.72232,1.00,2.25
2016.08.04 15:23:04.478,1.72196,1.72228,1.12,1.00
2016.08.04 15:23:04.579,1.72198,1.72231,1.00,1.50
2016.08.04 15:23:04.815,1.72196,1.72229,1.87,1.12
2016.08.04 15:23:05.018,1.72199,1.7223,1.00,1.37
2016.08.04 15:23:05.121,1.72197,1.72228,1.00,1.00
2016.08.04 15:23:05.684,1.72197,1.7223,1.00,1.37
2016.08.04 15:23:05.914,1.72197,1.72228,1.00,1.00
2016.08.04 15:23:06.015,1.72198,1.72231,1.00,1.50
2016.08.04 15:23:06.116,1.72196,1.72229,1.12,1.12
2016.08.04 15:23:06.295,1.722,1.72232,1.00,1.75
2016.08.04 15:23:06.346,1.722,1.72232,1.50,1.75
2016.08.04 15:23:06.397,1.72213,1.72232,1.00,1.37
2016.08.04 15:23:06.448,1.72213,1.72241,1.00,1.75
2016.08.04 15:23:06.498,1.72215,1.72243,1.00,2.25
2016.08.04 15:23:06.549,1.72215,1.72243,1.00,1.00
2016.08.04 15:23:06.599,1.72215,1.72245,1.00,2.25
2016.08.04 15:23:06.650,1.72215,1.72245,1.00,1.50
2016.08.04 15:23:06.823,1.72213,1.72244,1.00,1.00
2016.08.04 15:23:07.305,1.72211,1.72244,1.00,1.00
2016.08.04 15:23:07.488,1.7221,1.72242,1.00,1.00
2016.08.04 15:23:07.589,1.72209,1.7224,1.50,1.00
2016.08.04 15:23:07.640,1.72209,1.7224,1.50,1.00
2016.08.04 15:23:07.741,1.72209,1.72236,1.50,1.00
2016.08.04 15:23:07.791,1.72209,1.72236,1.00,1.00
2016.08.04 15:23:07.842,1.72206,1.72236,1.00,1.12
2016.08.04 15:23:07.893,1.72206,1.72236,1.00,1.50
2016.08.04 15:23:07.943,1.72206,1.72236,1.00,1.87
2016.08.04 15:23:08.126,1.72206,1.72232,1.00,1.00
2016.08.04 15:23:08.290,1.72206,1.72235,1.00,1.00
2016.08.04 15:23:09.186,1.72207,1.72235,1.00,1.00
2016.08.04 15:23:09.384,1.72207,1.72233,1.00,1.00
2016.08.04 15:23:09.605,1.72207,1.72235,1.00,1.00
2016.08.04 15:23:09.932,1.72207,1.72233,1.00,1.00
2016.08.04 15:23:10.033,1.72202,1.72233,1.50,1.00
2016.08.04 15:23:10.185,1.72202,1.72235,2.25,1.00
2016.08.04 15:23:10.235,1.72202,1.72235,2.25,1.00
2016.08.04 15:23:10.286,1.72202,1.72235,2.25,1.50
2016.08.04 15:23:10.337,1.72207,1.72235,1.00,1.50
2016.08.04 15:23:10.488,1.72207,1.72231,1.00,1.00
2016.08.04 15:23:10.811,1.72202,1.72231,1.00,1.00
2016.08.04 15:23:11.013,1.72202,1.72231,1.50,1.00
2016.08.04 15:23:11.115,1.72202,1.72231,1.00,1.00
2016.08.04 15:23:11.216,1.72207,1.72231,1.00,1.00
2016.08.04 15:23:11.491,1.72211,1.72238,1.00,1.75
2016.08.04 15:23:11.542,1.72211,1.72238,1.00,1.37
2016.08.04 15:23:11.593,1.72215,1.72242,1.00,1.75
2016.08.04 15:23:11.743,1.72211,1.72243,2.25,1.00
2016.08.04 15:23:11.794,1.72212,1.72242,1.12,1.00
2016.08.04 15:23:11.961,1.72212,1.72242,1.00,1.12
2016.08.04 15:23:12.012,1.72212,1.72237,1.00,1.00
2016.08.04 15:23:12.692,1.7221,1.72237,1.00,1.00
2016.08.04 15:23:12.850,1.72207,1.72237,1.00,1.00
2016.08.04 15:23:13.392,1.72212,1.72237,1.00,1.00
2016.08.04 15:23:13.626,1.72207,1.72237,1.50,1.00
2016.08.04 15:23:13.689,1.72208,1.72238,1.00,1.50
2016.08.04 15:23:13.793,1.72211,1.72238,1.00,1.00
2016.08.04 15:23:14.495,1.72209,1.72238,1.00,1.00
2016.08.04 15:23:15.226,1.7221,1.72238,1.00,1.00
2016.08.04 15:23:15.815,1.72214,1.72238,1.00,1.00
2016.08.04 15:23:15.866,1.72214,1.7224,1.00,1.37
2016.08.04 15:23:15.917,1.72215,1.72245,1.00,1.50
2016.08.04 15:23:16.302,1.72216,1.72244,1.00,1.37
2016.08.04 15:23:16.404,1.72216,1.72245,1.00,2.25
2016.08.04 15:23:16.801,1.72211,1.72244,1.50,1.37
2016.08.04 15:23:17.202,1.72211,1.72244,1.00,1.37
2016.08.04 15:23:17.303,1.72207,1.7224,2.25,1.50
2016.08.04 15:23:17.354,1.72207,1.72237,1.50,1.00
2016.08.04 15:23:17.824,1.72206,1.72236,1.00,1.00
2016.08.04 15:23:18.243,1.72206,1.72236,1.50,1.00
2016.08.04 15:23:18.395,1.72207,1.72237,1.00,1.00
2016.08.04 15:23:18.714,1.72206,1.72237,1.50,1.00
2016.08.04 15:23:18.907,1.72211,1.72237,1.00,1.00
2016.08.04 15:23:20.602,1.72208,1.72237,1.00,1.00
2016.08.04 15:23:20.653,1.72208,1.72239,1.00,1.75
2016.08.04 15:23:20.768,1.72208,1.72235,1.00,1.50
2016.08.04 15:23:20.819,1.72203,1.72234,1.00,1.12
2016.08.04 15:23:21.022,1.72201,1.72232,1.00,1.00
2016.08.04 15:23:21.631,1.722,1.72232,1.00,1.00
2016.08.04 15:23:21.733,1.72197,1.7223,2.25,1.00
2016.08.04 15:23:21.834,1.72197,1.72228,2.25,1.00
2016.08.04 15:23:22.051,1.72197,1.7223,1.87,1.12
2016.08.04 15:23:22.101,1.72197,1.7223,1.50,1.50
2016.08.04 15:23:22.154,1.72197,1.7223,1.50,1.50
2016.08.04 15:23:22.255,1.72197,1.72228,2.25,1.00
2016.08.04 15:23:22.718,1.72197,1.72228,1.50,1.00
2016.08.04 15:23:22.910,1.72197,1.72228,1.00,1.00
2016.08.04 15:23:23.722,1.72196,1.72229,1.00,1.12
2016.08.04 15:23:24.051,1.72196,1.72229,1.00,1.87
2016.08.04 15:23:24.207,1.72196,1.72229,1.50,1.12
2016.08.04 15:23:24.324,1.72197,1.72229,1.00,1.12
2016.08.04 15:23:24.425,1.72197,1.72229,1.00,1.87
2016.08.04 15:23:26.560,1.72199,1.72229,1.00,1.12
2016.08.04 15:23:26.712,1.72197,1.72228,1.00,1.00
2016.08.04 15:23:27.048,1.72197,1.72229,1.00,1.87
2016.08.04 15:23:27.657,1.72197,1.72229,1.00,1.12
2016.08.04 15:23:27.989,1.72197,1.72229,1.00,1.12
2016.08.04 15:23:28.299,1.722,1.72229,1.00,1.12
2016.08.04 15:23:28.548,1.72197,1.72229,1.00,1.12
2016.08.04 15:23:28.852,1.72197,1.72227,1.00,1.00
2016.08.04 15:23:29.014,1.72197,1.72226,1.00,1.00
2016.08.04 15:23:29.235,1.72192,1.72226,1.75,1.00
2016.08.04 15:23:29.429,1.72192,1.72225,1.00,1.00
2016.08.04 15:23:30.214,1.72192,1.72225,1.00,1.50
2016.08.04 15:23:30.316,1.72193,1.72225,1.00,1.00
2016.08.04 15:23:30.520,1.72192,1.72225,1.00,1.50
2016.08.04 15:23:30.627,1.72194,1.72225,1.00,1.00
2016.08.04 15:23:30.739,1.7219,1.72223,1.00,1.00
2016.08.04 15:23:31.125,1.72191,1.72225,1.00,1.50
2016.08.04 15:23:31.176,1.72191,1.72223,1.00,1.00
2016.08.04 15:23:31.669,1.72191,1.72221,1.00,1.00
2016.08.04 15:23:31.720,1.72189,1.72221,1.37,1.37
2016.08.04 15:23:31.771,1.72189,1.72221,1.00,1.75
2016.08.04 15:23:31.944,1.72188,1.72219,1.00,1.50
2016.08.04 15:23:34.430,1.72187,1.72219,1.00,1.50
2016.08.04 15:23:34.767,1.72186,1.72219,1.00,1.50
2016.08.04 15:23:35.804,1.72185,1.72217,1.12,1.00
2016.08.04 15:23:36.262,1.72186,1.72219,1.00,1.50
2016.08.04 15:23:36.422,1.72185,1.72219,1.12,1.50
2016.08.04 15:23:36.561,1.72187,1.72219,1.00,1.50
2016.08.04 15:23:37.178,1.72186,1.72219,1.00,1.50
2016.08.04 15:23:37.738,1.72183,1.72218,2.25,1.12
2016.08.04 15:23:38.249,1.72185,1.72219,1.12,1.50
2016.08.04 15:23:38.565,1.72183,1.72218,2.25,1.12
2016.08.04 15:23:38.990,1.72183,1.72218,1.75,1.12
2016.08.04 15:23:39.768,1.72185,1.72218,1.12,1.12
2016.08.04 15:23:39.827,1.72185,1.72216,1.12,1.00
2016.08.04 15:23:42.576,1.72186,1.72217,1.00,1.00
2016.08.04 15:23:42.778,1.72185,1.72216,1.12,1.00
2016.08.04 15:23:43.237,1.72185,1.72218,1.12,1.12
2016.08.04 15:23:43.832,1.72187,1.72218,1.00,1.12
2016.08.04 15:23:44.436,1.72185,1.72216,1.12,1.00
2016.08.04 15:23:44.537,1.72191,1.72216,1.00,1.00
2016.08.04 15:23:44.638,1.72192,1.72223,1.00,3.00
2016.08.04 15:23:44.840,1.72189,1.72223,1.00,2.25
2016.08.04 15:23:46.035,1.72191,1.72222,1.00,1.75
2016.08.04 15:23:46.469,1.72191,1.72222,1.00,1.37
2016.08.04 15:23:46.520,1.72191,1.72222,1.00,1.00
2016.08.04 15:23:47.189,1.72191,1.72222,1.50,1.00
2016.08.04 15:23:47.240,1.72191,1.72223,1.50,1.50
2016.08.04 15:23:47.291,1.72191,1.72223,1.00,1.50
2016.08.04 15:23:47.774,1.72193,1.72223,1.00,1.00
2016.08.04 15:23:48.293,1.72192,1.72223,1.00,1.00
2016.08.04 15:23:48.344,1.72192,1.72223,1.50,1.00
2016.08.04 15:23:49.152,1.72192,1.72223,1.00,1.00
2016.08.04 15:23:50.891,1.72197,1.72223,1.00,1.00
2016.08.04 15:23:51.365,1.72194,1.72223,1.00,1.00
2016.08.04 15:23:53.913,1.72192,1.72221,1.00,1.00
2016.08.04 15:23:54.114,1.72192,1.72223,1.00,1.00
2016.08.04 15:23:54.302,1.72192,1.72222,1.00,1.00
2016.08.04 15:23:54.464,1.72189,1.72222,1.00,1.87
2016.08.04 15:23:54.515,1.72186,1.7221,1.00,1.00
2016.08.04 15:23:54.566,1.72185,1.7221,1.00,1.00
2016.08.04 15:23:54.617,1.72183,1.72206,1.00,1.00
2016.08.04 15:23:54.718,1.72179,1.72206,1.37,1.00
2016.08.04 15:23:54.769,1.72176,1.72206,1.37,1.00
2016.08.04 15:23:54.819,1.72176,1.72204,1.00,1.00
2016.08.04 15:23:54.870,1.72175,1.72204,1.12,1.00
2016.08.04 15:23:55.462,1.72175,1.72205,1.12,1.00
2016.08.04 15:23:55.721,1.72175,1.72206,1.87,1.00
2016.08.04 15:23:55.822,1.72175,1.72205,1.12,1.00
2016.08.04 15:23:56.376,1.72176,1.72207,1.00,1.00
2016.08.04 15:23:56.605,1.72175,1.72205,1.12,1.00
2016.08.04 15:23:56.757,1.72175,1.72205,1.00,1.00
2016.08.04 15:23:56.808,1.72175,1.72206,1.00,1.50
2016.08.04 15:23:57.083,1.72175,1.72203,1.00,1.00
2016.08.04 15:23:57.722,1.72175,1.722,1.00,1.00
2016.08.04 15:23:57.889,1.72175,1.72204,1.00,1.00
2016.08.04 15:23:58.359,1.72175,1.72204,1.00,1.00
2016.08.04 15:23:58.499,1.72175,1.722,1.00,1.00
2016.08.04 15:23:58.555,1.7217,1.722,2.25,1.00
2016.08.04 15:23:58.606,1.7217,1.72199,1.50,1.00
2016.08.04 15:23:58.891,1.72172,1.72203,1.00,1.00
2016.08.04 15:23:59.148,1.72172,1.72203,1.00,1.37
2016.08.04 15:23:59.198,1.7217,1.72201,1.00,1.00
2016.08.04 15:23:59.777,1.72172,1.72201,1.00,1.00
2016.08.04 15:24:00.191,1.72172,1.72202,1.00,1.12
2016.08.04 15:24:00.242,1.72177,1.72202,1.00,1.12
2016.08.04 15:24:00.293,1.72182,1.72208,1.00,1.37
2016.08.04 15:24:00.344,1.72182,1.72209,1.50,1.00
2016.08.04 15:24:00.394,1.72192,1.72216,1.00,1.37
2016.08.04 15:24:00.445,1.72192,1.72218,1.00,1.87
2016.08.04 15:24:00.496,1.72189,1.72221,1.00,1.75
2016.08.04 15:24:00.674,1.72188,1.72221,1.37,1.37
2016.08.04 15:24:00.725,1.72186,1.72215,1.75,1.00
2016.08.04 15:24:00.776,1.72186,1.72215,1.37,1.00
2016.08.04 15:24:00.826,1.72186,1.72212,1.00,1.00
2016.08.04 15:24:00.877,1.72185,1.72212,1.12,1.00
2016.08.04 15:24:00.928,1.72185,1.72212,1.00,1.00
2016.08.04 15:24:00.979,1.72183,1.72212,1.00,1.00
2016.08.04 15:24:01.030,1.72183,1.7221,1.00,1.00
2016.08.04 15:24:01.080,1.72183,1.7221,1.00,1.00
2016.08.04 15:24:01.182,1.72181,1.72204,1.00,1.00
2016.08.04 15:24:01.283,1.72181,1.72204,1.00,1.00
2016.08.04 15:24:01.385,1.72179,1.72206,1.37,1.00
2016.08.04 15:24:01.435,1.72179,1.72206,1.00,1.00
2016.08.04 15:24:01.731,1.72175,1.72205,1.50,1.00
2016.08.04 15:24:02.283,1.72175,1.72204,1.50,1.00
2016.08.04 15:24:02.334,1.72175,1.72206,1.50,1.00
2016.08.04 15:24:02.734,1.72175,1.72203,1.50,1.00
2016.08.04 15:24:02.999,1.72174,1.72202,1.75,1.00
2016.08.04 15:24:03.100,1.72174,1.72204,1.87,1.00
2016.08.04 15:24:03.150,1.72174,1.72204,1.50,1.00
2016.08.04 15:24:03.454,1.72174,1.72202,1.50,1.00
2016.08.04 15:24:03.819,1.72174,1.72207,1.50,1.00
2016.08.04 15:24:03.897,1.72174,1.72206,1.00,1.00
2016.08.04 15:24:04.430,1.72174,1.72201,1.00,1.00
2016.08.04 15:24:04.939,1.72174,1.722,1.00,1.00
2016.08.04 15:24:05.441,1.72173,1.72201,1.00,1.00
2016.08.04 15:24:05.946,1.72174,1.72201,1.00,1.00
2016.08.04 15:24:06.314,1.72177,1.72201,1.00,1.00
2016.08.04 15:24:06.689,1.72177,1.72203,1.00,1.00
2016.08.04 15:24:06.995,1.72182,1.72207,1.00,1.00
2016.08.04 15:24:07.096,1.72181,1.7221,1.12,1.37
2016.08.04 15:24:07.147,1.72181,1.7221,1.12,1.00
2016.08.04 15:24:07.198,1.7218,1.7221,1.87,1.00
2016.08.04 15:24:07.647,1.7218,1.72207,1.87,1.00
2016.08.04 15:24:07.799,1.72176,1.72206,1.87,1.00
2016.08.04 15:24:07.850,1.72176,1.72204,1.50,1.00
2016.08.04 15:24:08.468,1.72176,1.72203,1.50,1.00
2016.08.04 15:24:09.305,1.72176,1.72203,1.00,1.00
2016.08.04 15:24:09.356,1.72176,1.72206,1.00,1.00
2016.08.04 15:24:09.407,1.72175,1.72206,1.12,1.37
2016.08.04 15:24:09.457,1.72175,1.72205,1.00,1.12
2016.08.04 15:24:09.663,1.72172,1.72205,2.62,1.12
2016.08.04 15:24:09.916,1.72176,1.72205,1.00,1.12
2016.08.04 15:24:10.118,1.72176,1.72202,1.00,1.00
2016.08.04 15:24:10.220,1.72172,1.72202,1.87,1.00
2016.08.04 15:24:10.422,1.72172,1.72203,2.62,1.00
2016.08.04 15:24:10.611,1.72172,1.72203,1.87,1.00
2016.08.04 15:24:10.921,1.72177,1.72204,1.00,1.00
2016.08.04 15:24:11.430,1.72176,1.72203,1.00,1.00
2016.08.04 15:24:11.862,1.72176,1.722,1.00,1.00
2016.08.04 15:24:12.003,1.72172,1.722,1.37,1.00
2016.08.04 15:24:12.054,1.72171,1.72197,1.00,1.00
2016.08.04 15:24:12.155,1.7218,1.72208,1.00,1.00
2016.08.04 15:24:12.206,1.72187,1.72208,1.87,1.00
2016.08.04 15:24:12.257,1.72187,1.72215,2.25,1.00
2016.08.04 15:24:12.308,1.72187,1.72215,1.75,1.00
2016.08.04 15:24:12.409,1.72186,1.72215,1.87,1.00
2016.08.04 15:24:12.460,1.72186,1.72213,1.50,1.00
2016.08.04 15:24:12.511,1.72187,1.72213,1.00,1.00
2016.08.04 15:24:12.561,1.72187,1.72211,1.00,1.00
2016.08.04 15:24:12.612,1.72183,1.72211,1.75,1.00
2016.08.04 15:24:12.713,1.72187,1.72211,1.00,1.00
2016.08.04 15:24:12.815,1.72187,1.72214,1.00,1.00
2016.08.04 15:24:13.120,1.72187,1.72215,1.00,1.00
2016.08.04 15:24:13.171,1.72187,1.72216,1.00,1.00
2016.08.04 15:24:13.222,1.72192,1.72216,1.00,1.00
2016.08.04 15:24:13.323,1.72192,1.72218,1.00,1.00
2016.08.04 15:24:13.525,1.72187,1.72217,1.00,1.00
2016.08.04 15:24:14.103,1.72187,1.72216,1.00,1.00
2016.08.04 15:24:14.154,1.72187,1.72212,1.00,1.00
2016.08.04 15:24:14.664,1.72187,1.72211,1.00,1.00
2016.08.04 15:24:15.165,1.72187,1.7221,1.00,1.00
2016.08.04 15:24:15.665,1.72186,1.72218,2.25,1.00
2016.08.04 15:24:15.716,1.72192,1.72218,1.00,1.00
2016.08.04 15:24:15.817,1.72186,1.72218,2.62,1.00
2016.08.04 15:24:15.868,1.72186,1.72218,3.00,1.00
2016.08.04 15:24:15.918,1.72191,1.72218,1.00,1.00
2016.08.04 15:24:16.222,1.72191,1.72216,1.00,1.00
2016.08.04 15:24:16.981,1.72187,1.72216,1.50,1.00
2016.08.04 15:24:17.582,1.72192,1.72216,1.00,1.00
2016.08.04 15:24:18.124,1.72191,1.72216,1.00,1.00
2016.08.04 15:24:18.335,1.72191,1.72217,1.00,1.50
2016.08.04 15:24:18.987,1.72187,1.72217,1.00,1.50
2016.08.04 15:24:20.104,1.72185,1.72217,1.00,1.50
2016.08.04 15:24:20.256,1.72181,1.72215,1.50,1.75
2016.08.04 15:24:20.458,1.72182,1.72213,1.00,1.50
2016.08.04 15:24:20.711,1.72182,1.72213,1.50,1.12
2016.08.04 15:24:20.762,1.72184,1.72213,1.00,1.00
2016.08.04 15:24:21.058,1.72181,1.72216,1.12,1.00
2016.08.04 15:24:21.108,1.72186,1.72216,1.00,1.00
2016.08.04 15:24:21.159,1.72186,1.72217,1.00,1.12
2016.08.04 15:24:21.260,1.72186,1.72214,1.00,1.00
2016.08.04 15:24:21.361,1.72186,1.72212,1.00,1.00
2016.08.04 15:24:21.463,1.72182,1.7221,1.00,1.00
2016.08.04 15:24:21.514,1.72182,1.7221,1.00,1.37
2016.08.04 15:24:21.565,1.72182,1.7221,1.00,1.50
2016.08.04 15:24:21.615,1.72179,1.7221,1.00,1.50
2016.08.04 15:24:21.666,1.72179,1.72208,1.00,1.00
2016.08.04 15:24:21.973,1.72179,1.72204,1.00,1.00
2016.08.04 15:24:22.478,1.72179,1.72203,1.00,1.00
2016.08.04 15:24:22.580,1.72174,1.72203,1.75,1.00
2016.08.04 15:24:22.631,1.72174,1.72206,1.75,1.00
2016.08.04 15:24:22.783,1.72174,1.72206,1.75,1.00
2016.08.04 15:24:23.045,1.72174,1.72204,1.75,1.00
2016.08.04 15:24:23.147,1.72174,1.72202,1.75,1.00
2016.08.04 15:24:23.248,1.72174,1.72202,1.00,1.00
2016.08.04 15:24:23.349,1.72174,1.72205,1.50,1.50
2016.08.04 15:24:23.551,1.72174,1.72204,1.00,1.12
2016.08.04 15:24:24.265,1.72174,1.72204,1.00,1.12
2016.08.04 15:24:24.368,1.72175,1.72206,1.50,1.37
2016.08.04 15:24:24.419,1.72175,1.72206,1.87,1.00
2016.08.04 15:24:24.880,1.72176,1.72209,1.12,1.12
2016.08.04 15:24:25.031,1.72176,1.72207,1.12,1.00
2016.08.04 15:24:25.540,1.72175,1.72209,1.87,1.12
2016.08.04 15:24:25.742,1.72175,1.72208,1.37,1.00
2016.08.04 15:24:25.843,1.72175,1.72205,1.37,1.00
2016.08.04 15:24:26.379,1.72175,1.72204,1.37,1.00
2016.08.04 15:24:26.433,1.72175,1.72208,1.37,1.00
2016.08.04 15:24:26.732,1.72175,1.72205,1.37,1.00
2016.08.04 15:24:27.571,1.72174,1.72205,1.50,1.00
2016.08.04 15:24:27.766,1.7217,1.72202,2.25,1.00
2016.08.04 15:24:28.070,1.7217,1.72204,2.25,1.00
2016.08.04 15:24:28.171,1.7217,1.72204,2.25,1.00
2016.08.04 15:24:28.272,1.7217,1.72204,3.00,1.00
2016.08.04 15:24:28.475,1.7217,1.72204,3.00,1.00
2016.08.04 15:24:28.641,1.72172,1.72205,1.75,1.00
2016.08.04 15:24:28.692,1.72174,1.72205,1.50,1.00
2016.08.04 15:24:29.551,1.72174,1.72204,2.25,1.00
2016.08.04 15:24:29.652,1.72174,1.72205,1.50,1.00
2016.08.04 15:24:29.883,1.7217,1.72205,2.25,1.12
2016.08.04 15:24:30.140,1.7217,1.72204,3.00,1.12
2016.08.04 15:24:30.190,1.7217,1.72204,3.00,1.12
2016.08.04 15:24:30.241,1.7217,1.72201,2.25,1.00
2016.08.04 15:24:30.292,1.7217,1.72201,1.50,1.00
2016.08.04 15:24:30.769,1.7217,1.72204,1.50,1.12
2016.08.04 15:24:31.962,1.7217,1.72201,2.25,1.00
2016.08.04 15:24:32.064,1.7217,1.72201,2.25,1.00
2016.08.04 15:24:32.165,1.7217,1.72202,1.50,1.00
2016.08.04 15:24:32.216,1.72173,1.72202,1.00,1.00
2016.08.04 15:24:32.476,1.72174,1.72204,1.00,1.00
2016.08.04 15:24:32.577,1.72176,1.72207,1.00,1.00
2016.08.04 15:24:32.729,1.72177,1.72207,1.37,1.00
2016.08.04 15:24:32.780,1.72183,1.72214,1.00,1.00
2016.08.04 15:24:32.830,1.72183,1.72214,1.87,1.00
2016.08.04 15:24:32.881,1.72185,1.72217,1.37,1.00
2016.08.04 15:24:32.982,1.72184,1.72217,2.25,1.00
2016.08.04 15:24:33.083,1.72185,1.72219,1.37,1.00
2016.08.04 15:24:33.461,1.72185,1.72219,1.37,1.00
2016.08.04 15:24:33.879,1.72185,1.72217,1.37,1.00
2016.08.04 15:24:33.980,1.72187,1.7222,1.00,1.00
2016.08.04 15:24:34.031,1.72187,1.7222,1.37,1.00
2016.08.04 15:24:34.081,1.72187,1.7222,1.75,1.00
2016.08.04 15:24:34.793,1.72187,1.7222,1.50,1.00
2016.08.04 15:24:34.844,1.72185,1.72218,2.25,1.00
2016.08.04 15:24:34.895,1.72191,1.72218,1.00,1.00
2016.08.04 15:24:34.996,1.72191,1.72218,1.00,1.00
2016.08.04 15:24:35.147,1.72191,1.72221,1.00,1.00
2016.08.04 15:24:35.349,1.72191,1.72219,1.00,1.00
2016.08.04 15:24:36.236,1.72194,1.72219,1.37,1.00
2016.08.04 15:24:36.286,1.72196,1.72224,1.00,1.00
2016.08.04 15:24:36.935,1.72189,1.72222,2.25,1.00
2016.08.04 15:24:37.037,1.72189,1.72222,1.75,1.00
2016.08.04 15:24:37.139,1.72189,1.7222,2.25,1.00
2016.08.04 15:24:37.342,1.72189,1.7222,1.75,1.00
2016.08.04 15:24:38.209,1.72189,1.7222,1.75,1.00
2016.08.04 15:24:38.529,1.72188,1.72217,1.75,1.00
2016.08.04 15:24:40.113,1.72188,1.72215,1.75,1.00
2016.08.04 15:24:40.214,1.72189,1.72218,1.75,1.00
2016.08.04 15:24:40.416,1.72188,1.72216,1.75,1.00
2016.08.04 15:24:41.434,1.72188,1.72218,1.75,1.00
2016.08.04 15:24:42.215,1.72188,1.7222,1.75,1.00
2016.08.04 15:24:44.114,1.72193,1.7222,1.00,1.00
2016.08.04 15:24:44.165,1.72198,1.72227,1.12,1.00
2016.08.04 15:24:44.267,1.72198,1.72228,1.37,1.00
2016.08.04 15:24:44.318,1.72198,1.72228,1.75,1.00
2016.08.04 15:24:44.370,1.72194,1.72223,3.97,1.50
2016.08.04 15:24:44.421,1.72196,1.72223,1.75,1.00
2016.08.04 15:24:44.473,1.72196,1.72223,1.37,1.00
2016.08.04 15:24:44.523,1.72196,1.72223,1.00,1.00
2016.08.04 15:24:44.625,1.72197,1.72223,1.50,1.00
2016.08.04 15:24:44.676,1.72197,1.72223,1.37,1.00
2016.08.04 15:24:44.726,1.72198,1.72223,1.50,1.00
2016.08.04 15:24:44.864,1.72203,1.72223,1.00,1.00
2016.08.04 15:24:44.915,1.72203,1.72223,1.00,1.00
2016.08.04 15:24:44.966,1.72204,1.72234,1.00,1.00
2016.08.04 15:24:45.168,1.72205,1.72239,1.00,1.00
2016.08.04 15:24:45.320,1.72205,1.72238,1.37,1.00
2016.08.04 15:24:45.371,1.72205,1.72238,1.75,1.00
2016.08.04 15:24:45.706,1.72206,1.72238,1.75,1.00
2016.08.04 15:24:46.512,1.72205,1.72238,1.75,1.00
2016.08.04 15:24:46.613,1.72205,1.72238,1.37,1.00
2016.08.04 15:24:46.663,1.72205,1.72238,1.00,1.00
2016.08.04 15:24:46.714,1.72205,1.72238,1.00,1.00
2016.08.04 15:24:46.765,1.72203,1.72235,2.25,1.00
2016.08.04 15:24:47.564,1.72203,1.72235,1.50,1.00
2016.08.04 15:24:47.615,1.72203,1.72235,1.50,1.00
2016.08.04 15:24:47.868,1.72204,1.72235,1.00,1.00
2016.08.04 15:24:48.042,1.72203,1.72235,2.25,1.00
2016.08.04 15:24:49.324,1.72204,1.72235,1.00,1.00
2016.08.04 15:24:49.530,1.72204,1.72237,1.00,2.25
2016.08.04 15:24:49.759,1.72203,1.72234,1.50,1.00
2016.08.04 15:24:49.810,1.72203,1.72234,1.50,1.00
2016.08.04 15:24:50.025,1.72203,1.72236,2.25,1.00
2016.08.04 15:24:50.076,1.72203,1.72236,1.87,1.00
2016.08.04 15:24:50.242,1.72199,1.72229,1.00,1.00
2016.08.04 15:24:50.293,1.72198,1.72227,1.00,1.00
2016.08.04 15:24:50.646,1.72198,1.72225,1.00,1.00
2016.08.04 15:24:50.848,1.72193,1.72222,1.37,1.00
2016.08.04 15:24:50.899,1.72191,1.72222,2.25,1.00
2016.08.04 15:24:51.235,1.72191,1.72222,1.75,1.00
2016.08.04 15:24:51.539,1.72193,1.72223,1.12,1.00
2016.08.04 15:24:51.792,1.72197,1.72223,1.00,1.00
2016.08.04 15:24:51.842,1.72197,1.72226,1.00,1.50
2016.08.04 15:24:51.893,1.72197,1.72226,1.00,1.00
2016.08.04 15:24:52.095,1.72197,1.72226,1.00,1.00
2016.08.04 15:24:52.360,1.72195,1.72226,1.00,1.00
2016.08.04 15:24:52.462,1.72193,1.72223,1.12,1.00
2016.08.04 15:24:52.512,1.72193,1.72223,1.12,1.00
2016.08.04 15:24:52.563,1.72191,1.72222,1.75,1.00
2016.08.04 15:24:52.664,1.72197,1.72227,1.00,1.00
2016.08.04 15:24:52.715,1.72197,1.72227,1.37,1.00
2016.08.04 15:24:52.816,1.72197,1.72227,1.75,1.00
2016.08.04 15:24:52.917,1.72197,1.72226,1.37,1.00
2016.08.04 15:24:53.018,1.72197,1.72226,1.00,1.00
2016.08.04 15:24:53.175,1.72195,1.72226,1.50,1.00
2016.08.04 15:24:54.335,1.72195,1.72226,1.37,1.00
2016.08.04 15:24:54.386,1.72195,1.72226,1.00,1.00
2016.08.04 15:24:54.970,1.72192,1.72224,2.25,1.00
2016.08.04 15:24:55.020,1.72192,1.72224,1.37,1.00
2016.08.04 15:24:55.121,1.72192,1.72224,1.00,1.00
2016.08.04 15:24:55.434,1.72192,1.72224,1.00,1.00
2016.08.04 15:24:56.322,1.72192,1.72224,1.12,1.00
2016.08.04 15:24:56.797,1.72192,1.72224,1.00,1.00
2016.08.04 15:24:57.434,1.72192,1.72225,1.50,1.12
2016.08.04 15:24:57.737,1.72192,1.72219,1.00,1.00
2016.08.04 15:24:58.459,1.72192,1.72214,1.00,1.00
2016.08.04 15:24:59.399,1.72189,1.72214,1.50,1.00
2016.08.04 15:25:00.060,1.72189,1.72215,1.50,1.00
2016.08.04 15:25:00.638,1.72189,1.72214,1.50,1.00
2016.08.04 15:25:01.313,1.72189,1.72213,1.50,1.00
2016.08.04 15:25:01.436,1.72188,1.72213,1.75,1.00
2016.08.04 15:25:01.537,1.72188,1.72213,1.75,1.00
2016.08.04 15:25:01.739,1.72188,1.72212,1.37,1.00
2016.08.04 15:25:01.790,1.72188,1.72212,1.00,1.00
2016.08.04 15:25:02.340,1.72188,1.72211,1.00,1.00
2016.08.04 15:25:02.593,1.72184,1.72211,1.50,1.00
2016.08.04 15:25:02.644,1.72184,1.72214,1.50,1.00
2016.08.04 15:25:02.745,1.72184,1.72212,1.50,1.00
2016.08.04 15:25:03.061,1.72184,1.7221,1.50,1.00
2016.08.04 15:25:03.411,1.72184,1.7221,1.87,1.00
2016.08.04 15:25:03.462,1.72184,1.7221,2.25,1.00
2016.08.04 15:25:04.165,1.72184,1.7221,2.25,1.00
2016.08.04 15:25:04.218,1.72184,1.7221,2.25,1.00
2016.08.04 15:25:04.269,1.72184,1.7221,1.87,1.00
2016.08.04 15:25:04.320,1.72184,1.7221,1.50,1.00
2016.08.04 15:25:04.370,1.72186,1.72206,1.00,1.00
2016.08.04 15:25:05.167,1.72184,1.72206,1.00,1.00
2016.08.04 15:25:06.245,1.72183,1.72206,1.00,1.00
2016.08.04 15:25:06.295,1.72183,1.72208,1.00,1.00
2016.08.04 15:25:06.548,1.72183,1.72206,1.00,1.00
2016.08.04 15:25:06.750,1.72182,1.72206,1.12,1.00
2016.08.04 15:25:07.297,1.72181,1.72206,2.25,1.00
2016.08.04 15:25:08.127,1.72181,1.72206,1.87,1.00
2016.08.04 15:25:08.178,1.72181,1.72209,1.50,1.00
2016.08.04 15:25:08.498,1.72177,1.72202,2.25,1.00
2016.08.04 15:25:08.599,1.72181,1.72202,1.00,1.00
2016.08.04 15:25:08.802,1.72177,1.722,1.75,1.00
2016.08.04 15:25:09.568,1.72176,1.722,1.75,1.00
2016.08.04 15:25:09.772,1.72181,1.722,1.00,1.00
2016.08.04 15:25:11.496,1.72181,1.72197,1.00,1.00
2016.08.04 15:25:11.912,1.72174,1.72197,1.00,1.00
2016.08.04 15:25:12.065,1.72167,1.72196,1.75,1.00
2016.08.04 15:25:12.419,1.72167,1.72196,1.37,1.00
2016.08.04 15:25:12.469,1.72167,1.72196,1.00,1.00
2016.08.04 15:25:12.713,1.72167,1.72196,1.00,1.00
2016.08.04 15:25:13.016,1.72167,1.72193,1.00,1.00
2016.08.04 15:25:13.448,1.72167,1.72193,1.50,1.00
2016.08.04 15:25:13.499,1.72167,1.72195,1.50,1.00
2016.08.04 15:25:13.549,1.72167,1.72195,1.87,1.00
2016.08.04 15:25:13.600,1.72172,1.72195,1.00,1.00
2016.08.04 15:25:13.651,1.72172,1.72195,4.12,1.00
2016.08.04 15:25:13.702,1.72176,1.72203,1.12,1.00
2016.08.04 15:25:13.752,1.72187,1.72203,1.00,1.00
2016.08.04 15:25:14.257,1.72186,1.72204,1.00,1.00
2016.08.04 15:25:14.763,1.72191,1.72204,1.00,1.00
2016.08.04 15:25:15.015,1.72187,1.72204,1.00,1.00
2016.08.04 15:25:15.504,1.72186,1.722,1.00,1.00
2016.08.04 15:25:15.616,1.72181,1.722,1.00,1.00
2016.08.04 15:25:16.017,1.72187,1.722,1.00,1.00
2016.08.04 15:25:17.482,1.72187,1.72205,1.00,1.00
2016.08.04 15:25:17.970,1.72187,1.72202,1.00,1.00
2016.08.04 15:25:18.461,1.72187,1.722,1.00,1.00
2016.08.04 15:25:18.562,1.72182,1.722,1.00,1.00
2016.08.04 15:25:19.063,1.72181,1.722,1.00,1.00
2016.08.04 15:25:19.462,1.72173,1.722,1.50,1.00
2016.08.04 15:25:19.566,1.72168,1.72195,1.87,1.00
2016.08.04 15:25:19.617,1.72168,1.72195,1.75,1.00
2016.08.04 15:25:19.718,1.72168,1.72195,1.37,1.00
2016.08.04 15:25:19.769,1.72168,1.72198,1.00,1.00
2016.08.04 15:25:20.670,1.72168,1.72195,1.00,1.00
2016.08.04 15:25:20.873,1.72168,1.72195,1.00,1.00
2016.08.04 15:25:21.811,1.72168,1.72194,1.00,1.00
2016.08.04 15:25:23.177,1.72167,1.72194,1.87,1.00
2016.08.04 15:25:23.530,1.72172,1.72194,1.00,1.00
2016.08.04 15:25:23.770,1.72172,1.72199,1.00,1.00
2016.08.04 15:25:23.977,1.72172,1.722,1.00,1.12
2016.08.04 15:25:24.078,1.72172,1.722,1.00,1.00
2016.08.04 15:25:24.668,1.72172,1.72206,1.00,1.12
2016.08.04 15:25:25.068,1.72172,1.72197,1.00,1.00
2016.08.04 15:25:25.918,1.72168,1.72197,1.00,1.00
2016.08.04 15:25:25.969,1.72166,1.72197,2.25,1.00
2016.08.04 15:25:26.020,1.72166,1.72192,2.25,1.00
2016.08.04 15:25:26.070,1.72166,1.72196,1.50,1.00
2016.08.04 15:25:26.121,1.72167,1.72196,1.00,1.00
2016.08.04 15:25:26.172,1.72163,1.7219,1.37,1.00
2016.08.04 15:25:26.223,1.72163,1.7219,1.00,1.00
2016.08.04 15:25:26.274,1.72163,1.7219,1.00,1.00
2016.08.04 15:25:26.532,1.72159,1.72189,1.50,1.00
2016.08.04 15:25:26.634,1.72159,1.72189,1.00,1.00
2016.08.04 15:25:26.685,1.72159,1.72191,1.00,1.12
2016.08.04 15:25:26.948,1.72159,1.72191,1.37,1.00
2016.08.04 15:25:27.087,1.72159,1.72192,1.37,1.00
2016.08.04 15:25:27.138,1.72161,1.72192,1.00,1.00
2016.08.04 15:25:27.682,1.72161,1.72191,1.00,1.00
2016.08.04 15:25:28.684,1.72165,1.72196,1.37,1.00
2016.08.04 15:25:28.734,1.72172,1.72196,1.00,1.00
2016.08.04 15:25:28.785,1.72173,1.72203,1.00,1.75
2016.08.04 15:25:28.836,1.72173,1.72203,1.00,1.50
2016.08.04 15:25:28.886,1.72174,1.72202,1.00,1.00
2016.08.04 15:25:28.988,1.72177,1.72202,1.00,1.37
2016.08.04 15:25:29.038,1.72177,1.72204,1.00,1.75
2016.08.04 15:25:29.089,1.72177,1.72205,1.00,1.37
2016.08.04 15:25:29.139,1.72177,1.72205,1.00,1.00
2016.08.04 15:25:29.678,1.72176,1.72203,1.00,1.00
2016.08.04 15:25:30.078,1.72181,1.72203,1.00,1.00
2016.08.04 15:25:30.636,1.72182,1.72203,1.00,1.00
2016.08.04 15:25:30.937,1.72175,1.72204,1.12,1.00
2016.08.04 15:25:31.038,1.72176,1.72204,1.00,1.00
2016.08.04 15:25:31.824,1.72176,1.722,1.00,1.00
2016.08.04 15:25:32.244,1.72172,1.72199,1.00,1.00
2016.08.04 15:25:32.448,1.72177,1.72199,1.00,1.00
2016.08.04 15:25:32.801,1.72177,1.72203,1.00,1.00
2016.08.04 15:25:33.240,1.72172,1.72203,1.00,1.00
2016.08.04 15:25:33.399,1.72173,1.72205,1.00,1.00
2016.08.04 15:25:34.317,1.72173,1.72203,1.00,1.00
2016.08.04 15:25:34.371,1.72173,1.72203,1.00,1.37
2016.08.04 15:25:34.422,1.72173,1.72203,1.00,1.75
2016.08.04 15:25:34.473,1.72173,1.72203,1.00,1.37
2016.08.04 15:25:34.524,1.72173,1.722,1.00,1.00
2016.08.04 15:25:34.625,1.72167,1.72192,1.75,1.00
2016.08.04 15:25:34.727,1.72167,1.72199,1.75,1.00
2016.08.04 15:25:34.929,1.72169,1.722,1.50,1.00
2016.08.04 15:25:35.081,1.72167,1.72199,1.75,1.00
2016.08.04 15:25:35.132,1.72167,1.72199,1.75,1.00
2016.08.04 15:25:35.183,1.72171,1.72199,1.12,1.00
2016.08.04 15:25:35.284,1.72171,1.72198,1.00,1.00
2016.08.04 15:25:35.441,1.72166,1.72198,1.00,1.00
2016.08.04 15:25:35.491,1.72166,1.72198,1.50,1.00
2016.08.04 15:25:35.592,1.72166,1.72193,1.50,1.00
2016.08.04 15:25:35.643,1.72172,1.72193,1.00,1.00
2016.08.04 15:25:35.856,1.72167,1.72193,1.00,1.00
2016.08.04 15:25:35.907,1.72167,1.72195,1.00,1.00
2016.08.04 15:25:36.208,1.72167,1.72197,1.00,1.00
2016.08.04 15:25:36.418,1.72167,1.72197,1.00,1.50
2016.08.04 15:25:36.566,1.72164,1.72195,1.00,1.50
2016.08.04 15:25:36.718,1.72162,1.72192,1.00,1.00
2016.08.04 15:25:37.988,1.72162,1.72192,1.50,1.00
2016.08.04 15:25:38.254,1.72162,1.72192,2.25,1.00
2016.08.04 15:25:40.416,1.72162,1.7219,1.50,1.00
2016.08.04 15:25:40.849,1.72166,1.7219,1.00,1.00
2016.08.04 15:25:41.429,1.72166,1.72195,1.00,1.50
2016.08.04 15:25:41.968,1.72167,1.72195,1.00,1.50
2016.08.04 15:25:42.069,1.72162,1.72195,1.50,1.50
2016.08.04 15:25:42.252,1.72162,1.72195,2.25,1.50
2016.08.04 15:25:43.772,1.72162,1.72195,1.50,1.50
2016.08.04 15:25:44.024,1.72166,1.72195,1.00,1.50
2016.08.04 15:25:45.299,1.72166,1.72191,1.00,1.00
2016.08.04 15:25:45.502,1.72166,1.72194,1.00,1.12
2016.08.04 15:25:45.603,1.72166,1.72195,1.00,1.50
2016.08.04 15:25:45.705,1.72166,1.72194,1.00,1.00
2016.08.04 15:25:45.806,1.72166,1.72194,1.00,1.12
2016.08.04 15:25:46.008,1.72166,1.72195,1.00,1.37
2016.08.04 15:25:46.109,1.72166,1.72193,1.00,1.00
2016.08.04 15:25:46.824,1.72166,1.72192,1.00,1.00
2016.08.04 15:25:47.027,1.72166,1.72195,1.00,1.37
2016.08.04 15:25:47.515,1.72166,1.72192,1.00,1.00
2016.08.04 15:25:47.819,1.72157,1.72188,1.87,1.00
2016.08.04 15:25:47.869,1.72157,1.72188,1.50,1.00
2016.08.04 15:25:47.920,1.72157,1.72183,1.00,1.00
2016.08.04 15:25:48.499,1.72157,1.72182,1.00,1.00
2016.08.04 15:25:49.435,1.72152,1.72182,1.50,1.00
2016.08.04 15:25:49.808,1.72152,1.72182,1.00,1.00
2016.08.04 15:25:50.010,1.72152,1.72184,1.50,1.00
2016.08.04 15:25:50.200,1.72152,1.72183,1.00,1.00
2016.08.04 15:25:51.158,1.72152,1.72183,1.00,1.00
2016.08.04 15:25:51.209,1.72154,1.72185,1.00,1.00
2016.08.04 15:25:51.700,1.72152,1.72183,1.00,1.00
2016.08.04 15:25:52.004,1.72152,1.72175,1.00,1.37
2016.08.04 15:25:52.054,1.72145,1.72175,1.00,1.75
2016.08.04 15:25:52.105,1.7215,1.72181,1.00,3.00
2016.08.04 15:25:52.156,1.7215,1.72181,1.00,2.25
2016.08.04 15:25:52.489,1.72152,1.72181,1.00,2.25
2016.08.04 15:25:52.743,1.72151,1.72181,1.00,3.00
2016.08.04 15:25:52.845,1.72146,1.72177,1.00,1.75
2016.08.04 15:25:52.895,1.72146,1.72176,1.00,1.50
2016.08.04 15:25:52.997,1.72146,1.72175,1.00,1.12
2016.08.04 15:25:53.207,1.72146,1.72177,1.00,1.75
2016.08.04 15:25:53.513,1.72148,1.72179,1.00,1.75
2016.08.04 15:25:53.899,1.72151,1.72179,1.00,1.75
2016.08.04 15:25:54.013,1.72146,1.72176,1.00,1.50
2016.08.04 15:25:54.115,1.72146,1.72175,1.00,1.12
2016.08.04 15:25:54.216,1.72145,1.72179,1.00,2.25
2016.08.04 15:25:54.330,1.72147,1.72178,1.00,1.75
2016.08.04 15:25:54.577,1.72147,1.72178,1.50,1.75
2016.08.04 15:25:54.628,1.72149,1.72179,1.00,1.75
2016.08.04 15:25:55.159,1.7215,1.72179,1.00,1.75
2016.08.04 15:25:55.210,1.72148,1.72179,1.00,2.25
2016.08.04 15:25:55.851,1.72147,1.72178,1.00,1.75
2016.08.04 15:25:56.839,1.72148,1.72179,1.00,2.25
2016.08.04 15:25:58.409,1.7215,1.72179,1.00,1.75
2016.08.04 15:25:58.662,1.7215,1.72179,1.00,1.37
2016.08.04 15:25:58.713,1.72151,1.72179,1.00,1.00
2016.08.04 15:25:59.230,1.72146,1.72169,1.00,1.00
2016.08.04 15:25:59.382,1.72142,1.72168,1.37,1.00
2016.08.04 15:25:59.433,1.72142,1.72169,1.00,1.50
2016.08.04 15:25:59.484,1.72136,1.72169,1.50,1.50
2016.08.04 15:25:59.534,1.72138,1.72171,1.00,2.25
2016.08.04 15:25:59.636,1.72141,1.7217,1.00,1.75
2016.08.04 15:25:59.838,1.72142,1.72175,1.00,1.75
2016.08.04 15:26:00.040,1.72144,1.72176,1.00,1.75
2016.08.04 15:26:00.433,1.72142,1.72174,1.00,1.50
2016.08.04 15:26:00.977,1.72142,1.72174,1.50,1.50
2016.08.04 15:26:01.086,1.72142,1.72174,1.00,1.50
2016.08.04 15:26:01.137,1.72143,1.72175,1.00,1.75
2016.08.04 15:26:01.467,1.72147,1.72172,1.00,1.12
2016.08.04 15:26:01.518,1.72141,1.72172,1.50,1.12
2016.08.04 15:26:01.569,1.72141,1.72171,1.50,1.00
2016.08.04 15:26:01.620,1.72141,1.7217,1.00,1.37
2016.08.04 15:26:01.671,1.72141,1.7217,1.00,1.50
2016.08.04 15:26:02.180,1.72142,1.7217,1.00,1.50
2016.08.04 15:26:02.231,1.72142,1.72171,1.00,1.75
2016.08.04 15:26:02.800,1.7214,1.72171,1.00,1.75
2016.08.04 15:26:03.893,1.72139,1.72171,1.00,1.75
2016.08.04 15:26:04.269,1.72139,1.72171,1.00,1.75
2016.08.04 15:26:04.319,1.72139,1.72171,1.12,1.37
2016.08.04 15:26:04.370,1.72139,1.72171,1.50,1.00
2016.08.04 15:26:05.034,1.72141,1.72171,1.00,1.00
2016.08.04 15:26:05.200,1.72142,1.72174,1.00,1.00
2016.08.04 15:26:05.352,1.72146,1.72174,1.00,1.00
2016.08.04 15:26:05.638,1.72144,1.72174,1.00,1.00
2016.08.04 15:26:05.839,1.72146,1.72174,1.00,1.00
2016.08.04 15:26:05.940,1.72146,1.72174,1.00,1.00
2016.08.04 15:26:05.991,1.72146,1.72174,1.50,1.00
2016.08.04 15:26:06.329,1.72146,1.72174,1.00,1.00
2016.08.04 15:26:06.380,1.72146,1.72174,1.00,1.00
2016.08.04 15:26:06.722,1.72144,1.72174,1.00,1.50
2016.08.04 15:26:07.035,1.72143,1.72174,1.00,1.00
2016.08.04 15:26:07.237,1.72144,1.72174,1.00,1.50
2016.08.04 15:26:07.389,1.72144,1.72174,1.00,1.12
2016.08.04 15:26:07.439,1.72145,1.72177,1.12,1.00
2016.08.04 15:26:07.560,1.72147,1.72178,1.00,1.12
2016.08.04 15:26:07.612,1.72147,1.72182,1.00,2.25
2016.08.04 15:26:07.865,1.72148,1.72181,1.00,1.75
2016.08.04 15:26:07.967,1.72148,1.72182,1.00,2.25
2016.08.04 15:26:08.170,1.7215,1.72182,1.00,1.75
2016.08.04 15:26:09.235,1.7215,1.72182,1.00,1.37
2016.08.04 15:26:09.285,1.7215,1.72182,1.00,1.00
2016.08.04 15:26:09.947,1.72146,1.72177,1.37,1.37
2016.08.04 15:26:09.998,1.72146,1.72177,1.00,1.75
2016.08.04 15:26:10.048,1.72143,1.72171,1.00,1.00
2016.08.04 15:26:10.099,1.7214,1.72171,1.75,1.00
2016.08.04 15:26:10.150,1.7214,1.7217,1.37,1.37
2016.08.04 15:26:10.201,1.7214,1.7217,1.00,1.37
2016.08.04 15:26:10.353,1.72139,1.72171,1.00,1.50
2016.08.04 15:26:10.792,1.72141,1.72171,1.00,1.50
2016.08.04 15:26:11.251,1.72138,1.72171,1.00,2.25
2016.08.04 15:26:11.511,1.72138,1.72171,1.00,1.50
2016.08.04 15:26:11.562,1.72137,1.7217,1.00,1.37
2016.08.04 15:26:11.663,1.72149,1.7218,1.00,2.25
2016.08.04 15:26:11.824,1.72149,1.72179,1.00,1.00
2016.08.04 15:26:11.887,1.7215,1.72179,1.00,1.00
2016.08.04 15:26:13.166,1.7215,1.72179,1.00,1.00
2016.08.04 15:26:14.568,1.7215,1.72179,1.00,1.00
2016.08.04 15:26:15.133,1.72143,1.72179,1.00,1.00
2016.08.04 15:26:15.287,1.72143,1.72179,1.00,1.00
2016.08.04 15:26:15.468,1.72151,1.72177,1.00,1.00
2016.08.04 15:26:15.519,1.72151,1.72177,1.00,1.37
2016.08.04 15:26:15.569,1.72148,1.72176,1.00,1.50
2016.08.04 15:26:15.671,1.72147,1.72177,1.00,1.75
2016.08.04 15:26:15.772,1.72145,1.72176,1.00,1.50
2016.08.04 15:26:15.873,1.72147,1.72177,1.00,1.75
2016.08.04 15:26:16.235,1.7215,1.72177,1.00,1.75
2016.08.04 15:26:16.286,1.72146,1.72177,1.00,2.25
2016.08.04 15:26:16.337,1.72147,1.72177,1.00,1.75
2016.08.04 15:26:16.640,1.72149,1.72177,1.00,1.75
2016.08.04 15:26:18.045,1.72148,1.72177,1.00,1.75
2016.08.04 15:26:18.556,1.7215,1.72176,1.00,1.50
2016.08.04 15:26:18.951,1.72147,1.72176,1.00,1.50
2016.08.04 15:26:19.052,1.72142,1.72176,1.00,1.50
2016.08.04 15:26:19.205,1.72142,1.72176,1.00,1.50
2016.08.04 15:26:19.407,1.72142,1.72172,1.00,1.00
2016.08.04 15:26:19.458,1.72137,1.72167,1.50,1.00
2016.08.04 15:26:19.508,1.72136,1.72167,1.50,1.00
2016.08.04 15:26:19.559,1.72136,1.72166,1.12,1.12
2016.08.04 15:26:19.610,1.72136,1.72166,1.00,1.50
2016.08.04 15:26:19.795,1.72135,1.72166,1.00,1.50
2016.08.04 15:26:19.946,1.72136,1.72166,1.00,1.00
2016.08.04 15:26:20.098,1.72136,1.72166,1.00,1.00
2016.08.04 15:26:20.149,1.72136,1.72166,1.50,1.00
2016.08.04 15:26:20.351,1.72136,1.72166,1.50,1.50
2016.08.04 15:26:20.918,1.72136,1.72166,1.00,1.50
2016.08.04 15:26:21.164,1.72137,1.72166,1.00,1.00
2016.08.04 15:26:21.214,1.72137,1.72166,1.00,1.00
2016.08.04 15:26:21.265,1.72139,1.72166,1.00,1.00
2016.08.04 15:26:21.847,1.72141,1.72166,1.00,1.00
2016.08.04 15:26:21.999,1.72141,1.7217,1.00,1.50
2016.08.04 15:26:22.050,1.72142,1.7217,1.00,1.12
2016.08.04 15:26:22.101,1.72142,1.7217,1.00,1.12
2016.08.04 15:26:22.151,1.72141,1.72175,1.00,1.75
2016.08.04 15:26:22.202,1.72141,1.72175,1.00,1.50
2016.08.04 15:26:22.252,1.72143,1.72177,1.00,1.75
2016.08.04 15:26:22.303,1.72143,1.72176,1.00,1.50
2016.08.04 15:26:22.510,1.72146,1.72175,1.00,1.12
2016.08.04 15:26:22.662,1.72144,1.72175,1.00,1.12
2016.08.04 15:26:22.712,1.72144,1.72174,1.00,1.00
2016.08.04 15:26:22.763,1.72137,1.7217,3.00,1.00
2016.08.04 15:26:22.813,1.72137,1.7217,1.75,1.00
2016.08.04 15:26:22.864,1.72136,1.72168,1.50,1.00
2016.08.04 15:26:22.915,1.72136,1.72168,1.12,1.00
2016.08.04 15:26:22.965,1.72137,1.7217,1.00,1.37
2016.08.04 15:26:23.168,1.72136,1.72168,1.12,1.00
2016.08.04 15:26:23.319,1.72136,1.72168,1.12,1.00
2016.08.04 15:26:23.471,1.72136,1.72168,1.00,1.37
2016.08.04 15:26:23.522,1.72136,1.72166,1.00,1.00
2016.08.04 15:26:23.673,1.72139,1.7217,1.00,1.50
2016.08.04 15:26:23.846,1.72139,1.7217,1.00,1.12
2016.08.04 15:26:24.492,1.72139,1.7217,1.00,1.12
2016.08.04 15:26:26.113,1.72139,1.7217,1.00,1.87
2016.08.04 15:26:26.447,1.72139,1.72169,1.00,1.00
2016.08.04 15:26:26.558,1.72139,1.72167,1.00,1.00
2016.08.04 15:26:26.739,1.72135,1.72168,1.37,1.50
2016.08.04 15:26:27.093,1.72134,1.72165,1.12,1.00
2016.08.04 15:26:27.143,1.72134,1.72165,1.00,1.00
2016.08.04 15:26:27.685,1.72136,1.72167,1.00,1.00
2016.08.04 15:26:27.736,1.72137,1.72167,1.00,1.50
2016.08.04 15:26:27.787,1.72138,1.72167,1.00,1.12
2016.08.04 15:26:27.838,1.72138,1.72167,1.00,1.00
2016.08.04 15:26:27.889,1.72141,1.72171,1.00,1.00
2016.08.04 15:26:28.192,1.72143,1.72171,1.00,1.00
2016.08.04 15:26:29.928,1.72143,1.72171,1.00,1.00
2016.08.04 15:26:29.978,1.72141,1.72171,1.00,1.00
2016.08.04 15:26:30.506,1.7214,1.72171,1.00,1.00
2016.08.04 15:26:32.587,1.72138,1.72171,1.00,1.50
2016.08.04 15:26:32.755,1.72141,1.72171,1.00,1.50
2016.08.04 15:26:33.681,1.7214,1.72171,1.00,1.00
2016.08.04 15:26:33.783,1.72138,1.72171,1.00,1.50
2016.08.04 15:26:33.834,1.72138,1.72171,1.00,1.75
2016.08.04 15:26:33.986,1.72137,1.72173,1.00,2.25
2016.08.04 15:26:34.089,1.72139,1.72173,1.00,1.75
2016.08.04 15:26:34.191,1.72137,1.72173,1.00,2.25
2016.08.04 15:26:34.294,1.72139,1.72167,1.00,1.37
2016.08.04 15:26:34.345,1.72139,1.72167,1.00,1.75
2016.08.04 15:26:34.396,1.72136,1.72167,1.00,1.75
2016.08.04 15:26:34.708,1.72133,1.72164,1.00,1.12
2016.08.04 15:26:34.759,1.72132,1.72161,1.00,1.00
2016.08.04 15:26:35.265,1.72131,1.72161,1.00,1.00
2016.08.04 15:26:35.996,1.72133,1.72164,1.00,1.12
2016.08.04 15:26:36.098,1.72133,1.72161,1.00,1.37
2016.08.04 15:26:36.149,1.72133,1.7216,1.00,1.00
2016.08.04 15:26:36.199,1.72133,1.72164,1.00,1.50
2016.08.04 15:26:36.250,1.72133,1.72164,1.00,1.12
2016.08.04 15:26:41.387,1.72136,1.72168,1.00,1.75
2016.08.04 15:26:41.489,1.72139,1.72168,1.00,1.75
2016.08.04 15:26:42.040,1.72138,1.72168,1.00,1.75
2016.08.04 15:26:42.090,1.72134,1.72166,1.00,1.75
2016.08.04 15:26:42.192,1.72131,1.72166,1.12,1.75
2016.08.04 15:26:42.395,1.72133,1.72165,1.00,1.50
2016.08.04 15:26:42.698,1.72135,1.72166,1.00,1.75
2016.08.04 15:26:42.887,1.72131,1.72165,1.12,1.50
2016.08.04 15:26:43.160,1.7213,1.72162,1.50,1.00
2016.08.04 15:26:43.210,1.7213,1.7216,1.50,1.00
2016.08.04 15:26:43.261,1.72122,1.72156,4.72,1.00
2016.08.04 15:26:43.312,1.72122,1.72156,3.00,1.00
2016.08.04 15:26:43.362,1.72125,1.72154,1.00,1.00
2016.08.04 15:26:43.413,1.72121,1.72154,1.75,1.00
2016.08.04 15:26:43.464,1.72119,1.72155,1.75,1.87
2016.08.04 15:26:43.514,1.72119,1.72153,1.75,1.00
2016.08.04 15:26:43.616,1.7212,1.72152,1.37,1.37
2016.08.04 15:26:43.666,1.72116,1.72147,1.12,1.00
2016.08.04 15:26:43.717,1.72116,1.72147,1.12,1.00
2016.08.04 15:26:43.818,1.72116,1.72147,1.00,1.37
2016.08.04 15:26:43.869,1.72116,1.72145,1.00,1.00
2016.08.04 15:26:44.110,1.72117,1.72146,1.37,1.00
2016.08.04 15:26:44.161,1.72122,1.72151,1.50,1.00
2016.08.04 15:26:44.278,1.72122,1.72153,1.50,1.00
2016.08.04 15:26:44.540,1.72122,1.72154,1.00,1.00
2016.08.04 15:26:45.162,1.72122,1.72156,1.00,1.00
2016.08.04 15:26:45.263,1.72123,1.72155,1.00,1.00
2016.08.04 15:26:47.141,1.72123,1.72155,1.00,1.37
2016.08.04 15:26:47.192,1.72121,1.72151,1.00,1.00
2016.08.04 15:26:47.394,1.72119,1.7215,1.00,1.00
2016.08.04 15:26:47.973,1.72122,1.7215,1.00,1.00
2016.08.04 15:26:48.554,1.72119,1.7215,1.00,1.00
2016.08.04 15:26:48.807,1.72118,1.7215,1.00,1.00
2016.08.04 15:26:49.069,1.72119,1.7215,1.00,1.00
2016.08.04 15:26:49.372,1.72118,1.7215,1.00,1.00
2016.08.04 15:26:49.473,1.72122,1.7215,1.00,1.00
2016.08.04 15:26:49.992,1.72122,1.72151,1.00,1.00
2016.08.04 15:26:50.365,1.72117,1.72135,1.00,1.00
2016.08.04 15:26:50.467,1.72116,1.72126,1.00,1.00
2016.08.04 15:26:50.517,1.72107,1.72126,2.10,1.37
2016.08.04 15:26:50.568,1.72096,1.72105,1.50,1.00
2016.08.04 15:26:50.619,1.72081,1.72105,1.37,1.00
2016.08.04 15:26:50.670,1.72079,1.72097,1.50,1.00
2016.08.04 15:26:50.809,1.72072,1.72098,1.75,1.00
2016.08.04 15:26:50.860,1.72068,1.72098,1.00,1.37
2016.08.04 15:26:50.911,1.72068,1.72096,1.00,1.50
2016.08.04 15:26:51.013,1.72072,1.72097,1.00,2.25
2016.08.04 15:26:51.063,1.72071,1.72093,1.00,1.00
2016.08.04 15:26:51.165,1.72066,1.72095,1.50,1.12
2016.08.04 15:26:51.266,1.72066,1.72094,1.00,1.00
2016.08.04 15:26:51.483,1.72066,1.72094,1.37,1.00
2016.08.04 15:26:51.534,1.72069,1.72095,1.00,1.50
2016.08.04 15:26:51.584,1.72069,1.72092,1.00,1.00
2016.08.04 15:26:52.122,1.72069,1.72091,1.00,1.00
2016.08.04 15:26:52.173,1.72071,1.72091,1.00,1.00
2016.08.04 15:26:56.735,1.72071,1.72099,1.00,1.00
2016.08.04 15:26:57.236,1.72072,1.72099,1.00,1.00
2016.08.04 15:26:57.558,1.72066,1.72099,1.50,1.00
2016.08.04 15:26:57.958,1.72071,1.72099,1.00,1.00
2016.08.04 15:26:59.588,1.72081,1.72099,1.00,1.00
2016.08.04 15:26:59.877,1.72071,1.72099,1.00,1.00
2016.08.04 15:26:59.979,1.72071,1.72101,1.00,1.00
2016.08.04 15:27:00.081,1.72066,1.72097,1.37,1.00
2016.08.04 15:27:00.131,1.72066,1.72097,1.12,1.00
2016.08.04 15:27:00.283,1.72066,1.72095,1.12,1.00
2016.08.04 15:27:00.384,1.72066,1.72097,1.87,1.00
2016.08.04 15:27:00.587,1.72076,1.72105,1.50,1.37
2016.08.04 15:27:00.637,1.72076,1.72109,2.25,1.75
2016.08.04 15:27:00.779,1.72082,1.72109,1.00,1.37
2016.08.04 15:27:00.829,1.72082,1.7211,1.00,1.00
2016.08.04 15:27:01.376,1.72081,1.72109,1.00,1.00
2016.08.04 15:27:01.477,1.72081,1.72111,1.00,1.00
2016.08.04 15:27:01.785,1.72081,1.72108,1.00,1.00
2016.08.04 15:27:02.765,1.72082,1.72108,1.00,1.00
2016.08.04 15:27:04.307,1.72081,1.7211,1.00,1.00
2016.08.04 15:27:04.868,1.72082,1.7211,1.00,1.00
2016.08.04 15:27:05.071,1.72079,1.7211,1.00,1.00
2016.08.04 15:27:05.223,1.72079,1.72108,1.00,1.00
2016.08.04 15:27:06.070,1.72082,1.72108,1.00,1.00
2016.08.04 15:27:06.329,1.72081,1.72111,1.50,1.00
2016.08.04 15:27:06.571,1.72082,1.72111,1.00,1.00
2016.08.04 15:27:07.192,1.72082,1.72112,1.00,1.00
2016.08.04 15:27:08.115,1.72087,1.72112,1.00,1.00
2016.08.04 15:27:08.326,1.72087,1.72115,1.00,2.25
2016.08.04 15:27:10.230,1.72087,1.72112,1.00,1.00
2016.08.04 15:27:10.608,1.72082,1.72112,1.00,1.00
2016.08.04 15:27:12.100,1.72082,1.72114,1.00,1.00
2016.08.04 15:27:12.155,1.72087,1.72114,1.00,1.00
2016.08.04 15:27:12.723,1.72086,1.72114,1.00,1.00
2016.08.04 15:27:15.982,1.72087,1.72114,1.00,1.00
2016.08.04 15:27:17.096,1.72087,1.7211,1.00,1.00
2016.08.04 15:27:18.385,1.72086,1.7211,1.00,1.00
2016.08.04 15:27:18.792,1.72084,1.7211,1.00,1.00
2016.08.04 15:27:19.277,1.72082,1.7211,1.12,1.00
2016.08.04 15:27:19.328,1.72081,1.7211,1.50,1.00
2016.08.04 15:27:19.429,1.72082,1.7211,1.12,1.00
2016.08.04 15:27:19.955,1.72082,1.72109,1.12,1.00
2016.08.04 15:27:20.488,1.72081,1.7211,1.50,1.00
2016.08.04 15:27:21.014,1.72081,1.72111,1.50,1.00
2016.08.04 15:27:21.150,1.72081,1.72109,1.50,1.00
2016.08.04 15:27:21.201,1.72086,1.72109,1.00,1.00
2016.08.04 15:27:21.454,1.72087,1.72111,1.00,1.00
2016.08.04 15:27:21.607,1.72082,1.72111,1.12,1.00
2016.08.04 15:27:22.194,1.72096,1.72111,1.00,1.00
2016.08.04 15:27:22.246,1.72096,1.72116,1.00,1.00
2016.08.04 15:27:22.449,1.72097,1.72118,1.00,1.00
2016.08.04 15:27:23.093,1.72096,1.72118,1.00,1.00
2016.08.04 15:27:23.514,1.72096,1.72118,1.00,1.00
2016.08.04 15:27:23.565,1.72096,1.72117,1.00,1.00
2016.08.04 15:27:23.616,1.72101,1.72117,1.00,1.00
2016.08.04 15:27:23.666,1.72101,1.72118,1.00,1.50
2016.08.04 15:27:23.948,1.72102,1.72117,1.00,1.00
2016.08.04 15:27:24.050,1.72102,1.72118,1.00,1.00
2016.08.04 15:27:24.252,1.72102,1.72116,1.00,1.00
2016.08.04 15:27:24.708,1.72097,1.72116,1.00,1.00
2016.08.04 15:27:25.118,1.72101,1.72116,1.00,1.00
2016.08.04 15:27:25.752,1.72102,1.72116,1.00,1.00
2016.08.04 15:27:26.331,1.72096,1.72116,1.00,1.00
2016.08.04 15:27:28.544,1.72097,1.72116,1.00,1.00
2016.08.04 15:27:29.601,1.72096,1.72116,1.00,1.00
2016.08.04 15:27:30.148,1.72097,1.72116,1.00,1.00
2016.08.04 15:27:30.678,1.72096,1.72116,1.00,1.00
2016.08.04 15:27:30.729,1.72087,1.72116,1.00,1.00
2016.08.04 15:27:30.831,1.72085,1.72115,1.00,1.00
2016.08.04 15:27:31.134,1.72085,1.72112,1.00,1.00
2016.08.04 15:27:32.204,1.72086,1.72112,1.00,1.00
2016.08.04 15:27:32.735,1.72087,1.72112,1.00,1.00
2016.08.04 15:27:33.605,1.72086,1.72112,1.00,1.00
2016.08.04 15:27:35.257,1.72085,1.72112,1.00,1.00
2016.08.04 15:27:35.736,1.72087,1.72114,1.00,1.00
2016.08.04 15:27:36.008,1.72085,1.72114,1.00,1.00
2016.08.04 15:27:36.112,1.72092,1.72114,1.00,1.12
2016.08.04 15:27:36.163,1.72092,1.72113,1.00,1.00
2016.08.04 15:27:36.264,1.72092,1.72107,1.00,1.00
2016.08.04 15:27:36.320,1.72086,1.72107,1.00,1.00
2016.08.04 15:27:36.379,1.72086,1.72101,1.00,1.00
2016.08.04 15:27:36.480,1.72086,1.72105,1.00,1.00
2016.08.04 15:27:36.633,1.72092,1.72104,1.00,1.00
2016.08.04 15:27:36.683,1.72092,1.72109,1.00,1.00
2016.08.04 15:27:36.786,1.72092,1.72113,1.00,1.00
2016.08.04 15:27:36.936,1.72097,1.72115,1.00,1.00
2016.08.04 15:27:37.037,1.72092,1.72113,1.00,1.00
2016.08.04 15:27:37.139,1.72096,1.72113,1.00,1.00
2016.08.04 15:27:37.442,1.72092,1.72114,1.00,1.00
2016.08.04 15:27:37.864,1.72091,1.72116,1.00,1.00
2016.08.04 15:27:38.349,1.72092,1.72107,1.00,1.00
2016.08.04 15:27:38.450,1.72082,1.72107,3.00,1.00
2016.08.04 15:27:38.551,1.72082,1.72098,1.00,1.00
2016.08.04 15:27:38.601,1.72073,1.72098,1.87,1.00
2016.08.04 15:27:38.652,1.72072,1.72095,1.00,1.00
2016.08.04 15:27:38.787,1.72066,1.72095,1.87,1.00
2016.08.04 15:27:38.837,1.72067,1.72095,1.00,1.00
2016.08.04 15:27:38.888,1.72067,1.72097,1.00,1.00
2016.08.04 15:27:38.939,1.72071,1.72097,1.00,1.00
2016.08.04 15:27:38.990,1.72071,1.72099,1.00,1.00
2016.08.04 15:27:39.040,1.7207,1.72099,1.50,1.00
2016.08.04 15:27:39.091,1.7207,1.72099,1.87,1.00
2016.08.04 15:27:39.142,1.7207,1.72097,2.25,1.00
2016.08.04 15:27:39.722,1.7207,1.72098,1.75,1.00
2016.08.04 15:27:39.878,1.7207,1.72102,1.75,1.00
2016.08.04 15:27:40.030,1.72073,1.72102,1.00,1.00
2016.08.04 15:27:40.573,1.72073,1.721,1.00,1.00
2016.08.04 15:27:40.877,1.72073,1.72103,1.00,1.00
2016.08.04 15:27:41.470,1.72073,1.72102,1.00,1.00
2016.08.04 15:27:43.546,1.72074,1.72107,1.00,1.75
2016.08.04 15:27:44.366,1.72073,1.72104,1.50,1.00
2016.08.04 15:27:46.476,1.72074,1.72107,1.00,1.75
2016.08.04 15:27:47.173,1.72073,1.72104,1.50,1.00
2016.08.04 15:27:47.551,1.72073,1.72106,1.50,1.50
2016.08.04 15:27:48.676,1.72074,1.72106,1.37,1.37
2016.08.04 15:27:48.726,1.72076,1.72106,1.75,1.00
2016.08.04 15:27:49.192,1.72077,1.72108,1.75,1.00
2016.08.04 15:27:49.396,1.72076,1.72106,2.25,1.00
2016.08.04 15:27:49.554,1.72076,1.72105,1.75,1.00
2016.08.04 15:27:50.353,1.72075,1.72105,2.25,1.00
2016.08.04 15:27:50.456,1.72077,1.72108,1.50,1.00
2016.08.04 15:27:50.573,1.72077,1.72108,1.37,1.00
2016.08.04 15:27:50.624,1.72075,1.72107,3.00,1.00
2016.08.04 15:27:50.725,1.72076,1.72109,1.50,1.00
2016.08.04 15:27:50.927,1.72076,1.72106,1.50,1.00
2016.08.04 15:27:51.403,1.72076,1.72106,1.37,1.00
2016.08.04 15:27:51.456,1.72076,1.72106,1.00,1.00
2016.08.04 15:27:51.651,1.72076,1.72109,1.00,1.00
2016.08.04 15:27:52.335,1.72074,1.72106,1.12,1.00
2016.08.04 15:27:52.471,1.72076,1.72106,1.00,1.00
2016.08.04 15:27:52.623,1.72076,1.72108,1.00,1.00
2016.08.04 15:27:52.775,1.72076,1.72108,2.62,1.00
2016.08.04 15:27:52.825,1.72076,1.72108,3.00,1.00
2016.08.04 15:27:52.926,1.72079,1.72108,1.00,1.00
2016.08.04 15:27:53.112,1.72079,1.7211,1.00,1.00
2016.08.04 15:27:53.960,1.72079,1.72107,1.00,1.00
2016.08.04 15:27:54.061,1.72079,1.7211,1.00,1.00
2016.08.04 15:27:54.264,1.72079,1.7211,1.50,1.00
2016.08.04 15:27:54.448,1.72079,1.72111,1.00,1.00
2016.08.04 15:27:54.965,1.72079,1.72108,1.00,1.00
2016.08.04 15:27:55.066,1.72077,1.72108,1.75,1.00
2016.08.04 15:27:55.117,1.72077,1.7211,2.25,1.00
2016.08.04 15:27:55.218,1.72077,1.72107,1.50,1.00
2016.08.04 15:27:55.370,1.72079,1.72106,1.00,1.00
2016.08.04 15:27:55.421,1.72079,1.7211,1.00,1.00
2016.08.04 15:27:55.940,1.72086,1.72115,1.00,1.00
2016.08.04 15:27:56.045,1.72092,1.7212,1.00,1.37
2016.08.04 15:27:56.096,1.72092,1.7212,1.00,1.00
2016.08.04 15:27:56.248,1.72093,1.72122,1.37,1.00
2016.08.04 15:27:56.451,1.72097,1.72121,1.00,1.00
2016.08.04 15:27:56.516,1.72097,1.72125,1.00,1.00
2016.08.04 15:27:57.418,1.72097,1.72128,1.00,1.00
2016.08.04 15:27:58.140,1.72101,1.72128,1.00,1.12
2016.08.04 15:27:58.192,1.72101,1.72128,1.00,1.50
2016.08.04 15:27:58.640,1.72096,1.72128,1.00,1.50
2016.08.04 15:27:59.742,1.72107,1.72128,1.00,1.50
2016.08.04 15:28:00.343,1.72102,1.72128,1.00,1.50
2016.08.04 15:28:00.705,1.72102,1.72125,1.00,1.00
2016.08.04 15:28:01.850,1.72101,1.72125,1.00,1.00
2016.08.04 15:28:03.025,1.72101,1.72122,1.00,1.00
2016.08.04 15:28:03.325,1.72101,1.72125,1.00,1.00
2016.08.04 15:28:03.749,1.72097,1.72122,1.00,1.00
2016.08.04 15:28:03.850,1.72091,1.72122,1.50,1.00
2016.08.04 15:28:03.951,1.72092,1.72119,1.12,1.00
2016.08.04 15:28:04.081,1.72092,1.72119,1.00,1.12
2016.08.04 15:28:04.235,1.72092,1.72117,1.00,1.00
2016.08.04 15:28:04.336,1.72092,1.72119,1.00,1.12
2016.08.04 15:28:04.549,1.72091,1.72121,1.00,1.75
2016.08.04 15:28:04.727,1.72091,1.7212,1.00,1.50
2016.08.04 15:28:05.174,1.72091,1.7212,1.00,1.12
2016.08.04 15:28:05.225,1.72091,1.7212,1.00,1.00
2016.08.04 15:28:05.276,1.72091,1.72122,1.00,1.00
2016.08.04 15:28:05.377,1.72097,1.72122,1.00,1.00
2016.08.04 15:28:05.580,1.72092,1.7212,1.00,1.00
2016.08.04 15:28:05.630,1.72092,1.72123,1.00,1.12
2016.08.04 15:28:05.903,1.72092,1.72123,1.00,1.87
2016.08.04 15:28:05.954,1.72092,1.72122,1.00,1.00
2016.08.04 15:28:06.004,1.72092,1.7212,1.00,1.00
2016.08.04 15:28:06.242,1.72087,1.7212,1.75,1.50
2016.08.04 15:28:06.294,1.72087,1.7212,1.37,1.87
2016.08.04 15:28:06.345,1.72087,1.72118,1.00,1.00
2016.08.04 15:28:06.396,1.72087,1.72116,1.00,1.00
2016.08.04 15:28:06.555,1.72091,1.72116,1.00,1.00
2016.08.04 15:28:06.757,1.72091,1.72116,1.00,1.50
2016.08.04 15:28:06.858,1.72091,1.72115,1.00,1.00
2016.08.04 15:28:07.239,1.72086,1.72115,1.00,1.00
2016.08.04 15:28:07.372,1.72086,1.72113,1.00,1.00
2016.08.04 15:28:07.479,1.72086,1.72116,1.00,1.50
2016.08.04 15:28:07.631,1.72086,1.72115,1.00,1.00
2016.08.04 15:28:08.274,1.72086,1.72113,1.00,1.00
2016.08.04 15:28:09.017,1.72085,1.72113,1.00,1.00
2016.08.04 15:28:09.133,1.72085,1.72116,1.50,1.00
2016.08.04 15:28:09.284,1.72089,1.72116,1.37,1.00
2016.08.04 15:28:09.335,1.72089,1.72117,1.50,1.00
2016.08.04 15:28:10.134,1.72089,1.7212,1.50,1.00
2016.08.04 15:28:11.135,1.72089,1.72121,1.50,1.50
2016.08.04 15:28:11.561,1.72089,1.7212,1.50,1.00
2016.08.04 15:28:13.263,1.72086,1.7212,2.25,1.00
2016.08.04 15:28:13.364,1.72086,1.7212,1.75,1.00
2016.08.04 15:28:13.875,1.72087,1.7212,1.75,1.00
2016.08.04 15:28:14.229,1.72086,1.7212,2.25,1.00
2016.08.04 15:28:14.280,1.72086,1.72118,1.75,1.00
2016.08.04 15:28:14.331,1.72084,1.72118,1.50,1.12
2016.08.04 15:28:14.381,1.72084,1.72116,1.00,1.00
2016.08.04 15:28:14.482,1.72081,1.72115,1.87,1.37
2016.08.04 15:28:14.533,1.72087,1.72113,1.00,1.50
2016.08.04 15:28:14.584,1.72087,1.72113,1.00,1.50
2016.08.04 15:28:14.685,1.72087,1.72113,1.00,1.50
2016.08.04 15:28:14.736,1.72091,1.72113,1.00,1.50
2016.08.04 15:28:14.787,1.72091,1.72113,1.00,1.50
2016.08.04 15:28:15.066,1.72091,1.72113,1.00,1.00
2016.08.04 15:28:15.119,1.72091,1.72113,1.00,1.00
2016.08.04 15:28:15.664,1.72092,1.72113,1.00,1.00
2016.08.04 15:28:17.135,1.72084,1.72113,1.00,1.00
2016.08.04 15:28:17.390,1.72082,1.72113,1.00,1.50
2016.08.04 15:28:17.542,1.72082,1.72113,1.00,1.00
2016.08.04 15:28:17.652,1.72082,1.72113,1.00,1.50
2016.08.04 15:28:19.031,1.72081,1.72113,1.00,1.50
2016.08.04 15:28:21.092,1.72081,1.72113,1.00,1.50
2016.08.04 15:28:21.193,1.72079,1.72112,1.00,1.00
2016.08.04 15:28:21.295,1.72079,1.72112,1.00,1.00
2016.08.04 15:28:21.345,1.72079,1.72112,1.00,1.50
2016.08.04 15:28:21.523,1.72079,1.72112,1.00,1.87
2016.08.04 15:28:21.579,1.72078,1.72107,1.00,1.00
2016.08.04 15:28:21.996,1.72076,1.72107,1.00,1.00
2016.08.04 15:28:23.053,1.72079,1.72107,1.00,1.00
2016.08.04 15:28:23.957,1.72076,1.72107,1.00,1.00
2016.08.04 15:28:24.961,1.72075,1.72107,1.00,1.50
2016.08.04 15:28:25.062,1.72077,1.72107,1.00,1.00
2016.08.04 15:28:25.163,1.72075,1.72105,1.50,1.00
2016.08.04 15:28:25.425,1.72075,1.72105,1.00,1.00
2016.08.04 15:28:25.477,1.72074,1.72107,1.50,1.00
2016.08.04 15:28:25.578,1.72075,1.72107,1.00,1.00
2016.08.04 15:28:26.666,1.72075,1.72107,1.00,1.50
2016.08.04 15:28:27.007,1.72078,1.72107,1.00,1.50
2016.08.04 15:28:27.058,1.72078,1.72107,1.00,1.00
2016.08.04 15:28:27.108,1.72076,1.72107,1.00,1.00
2016.08.04 15:28:27.276,1.72075,1.72107,1.00,1.50
2016.08.04 15:28:27.566,1.72076,1.72105,1.00,1.00
2016.08.04 15:28:27.667,1.72076,1.72105,1.37,1.00
2016.08.04 15:28:27.718,1.72078,1.72105,1.00,1.00
2016.08.04 15:28:27.887,1.72084,1.72114,1.00,1.00
2016.08.04 15:28:27.938,1.72084,1.72114,1.00,1.00
2016.08.04 15:28:27.988,1.72084,1.72116,1.12,1.00
2016.08.04 15:28:28.039,1.72084,1.72116,1.50,1.00
2016.08.04 15:28:28.090,1.72084,1.72114,1.50,1.00
2016.08.04 15:28:28.191,1.72084,1.72117,2.25,1.00
2016.08.04 15:28:28.292,1.72086,1.72117,1.00,1.00
2016.08.04 15:28:29.022,1.72088,1.72117,1.00,1.00
2016.08.04 15:28:29.073,1.72093,1.72123,1.37,1.00
2016.08.04 15:28:29.124,1.72104,1.72126,1.00,1.50
2016.08.04 15:28:29.174,1.72104,1.7213,1.00,1.00
2016.08.04 15:28:29.225,1.72102,1.7213,1.00,1.00
2016.08.04 15:28:29.276,1.721,1.72136,2.25,1.50
2016.08.04 15:28:29.377,1.72101,1.7213,1.75,1.00
2016.08.04 15:28:29.479,1.721,1.7213,1.37,1.00
2016.08.04 15:28:29.529,1.721,1.7213,1.12,1.00
2016.08.04 15:28:29.580,1.72098,1.72127,1.75,1.00
2016.08.04 15:28:29.783,1.72098,1.72126,1.37,1.00
2016.08.04 15:28:29.834,1.72097,1.72126,1.12,1.00
2016.08.04 15:28:30.054,1.72097,1.72126,1.00,1.00
2016.08.04 15:28:30.105,1.72091,1.72122,1.75,1.00
2016.08.04 15:28:30.262,1.72091,1.7212,1.75,1.00
2016.08.04 15:28:30.598,1.7209,1.7212,2.25,1.00
2016.08.04 15:28:31.094,1.7209,1.7212,3.00,1.00
2016.08.04 15:28:31.235,1.7209,1.7212,2.25,1.00
2016.08.04 15:28:31.285,1.7209,1.7212,1.37,1.00
2016.08.04 15:28:31.336,1.7209,1.7212,1.12,1.00
2016.08.04 15:28:31.589,1.72087,1.72118,2.25,1.00
2016.08.04 15:28:31.870,1.72087,1.72119,1.75,1.00
2016.08.04 15:28:33.081,1.72089,1.7212,1.12,1.00
2016.08.04 15:28:33.256,1.72089,1.7212,1.00,1.00
2016.08.04 15:28:33.470,1.72086,1.72118,1.75,1.00
2016.08.04 15:28:33.521,1.72086,1.72118,1.75,1.00
2016.08.04 15:28:33.572,1.72086,1.72115,1.75,1.00
2016.08.04 15:28:33.729,1.72082,1.72112,1.00,1.00
2016.08.04 15:28:33.780,1.72082,1.72114,1.00,1.12
2016.08.04 15:28:33.883,1.72084,1.72118,1.00,2.25
2016.08.04 15:28:33.984,1.72085,1.72117,1.00,1.75
2016.08.04 15:28:34.085,1.72087,1.72121,1.50,1.75
2016.08.04 15:28:34.187,1.72097,1.72122,1.00,1.37
2016.08.04 15:28:34.238,1.72097,1.72122,1.00,1.00
2016.08.04 15:28:34.288,1.72097,1.72123,1.37,1.00
2016.08.04 15:28:34.339,1.72101,1.72128,1.00,1.50
2016.08.04 15:28:34.390,1.72104,1.7213,1.00,1.00
2016.08.04 15:28:34.520,1.72102,1.7213,1.87,1.00
2016.08.04 15:28:34.574,1.72102,1.72137,1.75,1.87
2016.08.04 15:28:34.625,1.72102,1.72137,1.75,1.87
2016.08.04 15:28:34.726,1.72102,1.72137,1.75,1.87
2016.08.04 15:28:34.777,1.72102,1.72134,1.75,1.00
2016.08.04 15:28:34.828,1.72106,1.72137,1.00,1.12
2016.08.04 15:28:34.879,1.72106,1.72138,1.00,1.50
2016.08.04 15:28:34.929,1.72107,1.72138,1.00,1.00
2016.08.04 15:28:35.541,1.72107,1.72139,1.00,1.00
2016.08.04 15:28:35.760,1.72107,1.72139,1.00,1.00
2016.08.04 15:28:35.861,1.72107,1.72136,1.00,1.00
2016.08.04 15:28:36.013,1.72106,1.72134,1.37,1.00
2016.08.04 15:28:36.064,1.72102,1.72134,1.50,1.00
2016.08.04 15:28:36.165,1.72102,1.72134,1.00,1.00
2016.08.04 15:28:36.266,1.72102,1.72136,2.25,1.00
2016.08.04 15:28:36.319,1.72102,1.72135,2.25,1.00
2016.08.04 15:28:36.378,1.72106,1.72137,1.00,1.50
2016.08.04 15:28:36.479,1.72106,1.72136,1.00,1.00
2016.08.04 15:28:36.581,1.72106,1.72137,1.00,1.00
2016.08.04 15:28:36.682,1.72106,1.72135,1.00,1.00
2016.08.04 15:28:36.905,1.72106,1.72136,1.00,1.00
2016.08.04 15:28:36.956,1.72106,1.72136,1.00,1.00
2016.08.04 15:28:37.259,1.72101,1.72126,1.00,1.00
2016.08.04 15:28:37.310,1.72099,1.72133,1.37,1.87
2016.08.04 15:28:37.361,1.72107,1.72133,1.00,1.50
2016.08.04 15:28:37.412,1.72107,1.72134,1.00,1.00
2016.08.04 15:28:37.514,1.72107,1.72137,1.00,1.87
2016.08.04 15:28:38.008,1.72103,1.72137,1.12,1.87
2016.08.04 15:28:42.310,1.72107,1.72137,1.00,1.87
2016.08.04 15:28:42.898,1.72103,1.72137,1.12,1.87
2016.08.04 15:28:43.065,1.72106,1.72137,1.00,1.87
2016.08.04 15:28:43.667,1.72107,1.72137,1.00,1.87
2016.08.04 15:28:43.788,1.72103,1.72137,1.12,1.87
2016.08.04 15:28:44.777,1.72106,1.72137,1.00,1.87
2016.08.04 15:28:45.387,1.72107,1.72137,1.00,1.87
2016.08.04 15:28:45.621,1.72103,1.72137,1.12,1.87
2016.08.04 15:28:45.831,1.72106,1.72137,1.00,1.87
2016.08.04 15:28:46.368,1.72107,1.72137,1.00,1.87
2016.08.04 15:28:46.498,1.72107,1.72137,1.00,1.37
2016.08.04 15:28:47.324,1.72111,1.72137,1.00,1.37
2016.08.04 15:28:48.125,1.72112,1.72137,1.00,1.37
2016.08.04 15:28:48.388,1.72112,1.72135,1.00,1.00
2016.08.04 15:28:48.489,1.72112,1.72136,1.00,1.12
2016.08.04 15:28:48.540,1.72102,1.72136,1.37,1.12
2016.08.04 15:28:48.591,1.72101,1.72135,3.00,1.00
2016.08.04 15:28:48.641,1.72101,1.72135,2.25,1.00
2016.08.04 15:28:48.692,1.72101,1.72134,1.12,1.37
2016.08.04 15:28:48.743,1.72101,1.72133,1.00,1.37
2016.08.04 15:28:48.794,1.72099,1.72132,1.00,1.37
2016.08.04 15:28:48.844,1.72099,1.7213,1.00,1.00
2016.08.04 15:28:49.404,1.72099,1.72132,1.00,1.37
2016.08.04 15:28:49.455,1.72099,1.72132,1.00,1.00
2016.08.04 15:28:50.190,1.72098,1.72131,1.12,1.00
2016.08.04 15:28:50.939,1.72101,1.72131,1.00,1.00
2016.08.04 15:28:51.040,1.72101,1.72128,1.00,1.12
2016.08.04 15:28:51.091,1.72101,1.72125,1.00,1.00
2016.08.04 15:28:51.609,1.72102,1.72125,1.00,1.00
2016.08.04 15:28:52.836,1.72106,1.72125,1.00,1.00
2016.08.04 15:28:53.038,1.72093,1.72123,1.37,1.00
2016.08.04 15:28:53.089,1.72094,1.72115,1.00,1.00
2016.08.04 15:28:53.140,1.72096,1.72115,1.00,1.00
2016.08.04 15:28:53.303,1.72096,1.72117,1.00,1.00
2016.08.04 15:28:53.355,1.72096,1.72118,1.00,1.37
2016.08.04 15:28:53.406,1.72096,1.72118,1.00,1.00
2016.08.04 15:28:53.709,1.72101,1.72119,1.00,1.00
2016.08.04 15:28:53.759,1.72096,1.72119,1.00,1.00
2016.08.04 15:28:53.861,1.72096,1.72121,1.00,1.00
2016.08.04 15:28:54.393,1.72097,1.72121,1.00,1.00
2016.08.04 15:28:55.254,1.7209,1.72121,1.12,1.00
2016.08.04 15:28:55.304,1.72088,1.72119,1.50,1.00
2016.08.04 15:28:55.355,1.72088,1.72119,1.37,1.00
2016.08.04 15:28:55.406,1.72087,1.72118,1.00,1.00
2016.08.04 15:28:55.579,1.72092,1.72118,1.00,1.00
2016.08.04 15:28:55.921,1.72092,1.72116,1.00,1.00
2016.08.04 15:28:55.988,1.72092,1.72118,1.00,1.00
2016.08.04 15:28:57.449,1.72091,1.72118,1.00,1.00
2016.08.04 15:28:57.500,1.72092,1.72119,1.00,1.00
2016.08.04 15:28:57.551,1.72096,1.72119,1.00,1.00
2016.08.04 15:28:57.652,1.72096,1.72123,1.00,1.00
2016.08.04 15:28:57.905,1.72097,1.72125,1.00,1.50
2016.08.04 15:28:58.211,1.72097,1.72124,1.00,1.00
2016.08.04 15:28:59.746,1.72102,1.72124,1.00,1.00
2016.08.04 15:29:00.286,1.72101,1.72124,1.00,1.00
2016.08.04 15:29:01.459,1.72107,1.72124,1.00,1.00
2016.08.04 15:29:02.044,1.72106,1.72132,2.25,1.00
2016.08.04 15:29:02.095,1.72107,1.72137,1.50,1.00
2016.08.04 15:29:02.196,1.72107,1.72139,2.25,1.50
2016.08.04 15:29:02.247,1.72112,1.72139,1.00,1.50
2016.08.04 15:29:02.298,1.72112,1.72137,1.00,1.00
2016.08.04 15:29:02.612,1.72117,1.72137,1.00,1.00
2016.08.04 15:29:03.129,1.72116,1.72138,1.00,1.00
2016.08.04 15:29:03.629,1.72117,1.72138,1.00,1.00
2016.08.04 15:29:04.118,1.72116,1.72135,1.00,1.00
2016.08.04 15:29:04.168,1.72112,1.72135,1.00,1.00
2016.08.04 15:29:04.717,1.72111,1.72136,1.00,1.00
2016.08.04 15:29:05.219,1.72112,1.72136,1.00,1.00
2016.08.04 15:29:05.532,1.72111,1.72138,1.50,1.00
2016.08.04 15:29:05.583,1.72112,1.72138,1.00,1.00
2016.08.04 15:29:05.634,1.72114,1.72148,1.00,1.50
2016.08.04 15:29:05.685,1.72117,1.72148,1.00,2.25
2016.08.04 15:29:05.888,1.72117,1.72148,1.00,1.50
2016.08.04 15:29:05.990,1.72117,1.72148,1.00,2.25
2016.08.04 15:29:06.142,1.72117,1.72146,1.00,1.00
2016.08.04 15:29:06.193,1.72115,1.72146,1.50,1.00
2016.08.04 15:29:06.245,1.72111,1.72141,1.75,1.00
2016.08.04 15:29:06.296,1.72111,1.72141,1.50,1.00
2016.08.04 15:29:06.346,1.72111,1.72139,1.50,1.00
2016.08.04 15:29:06.502,1.72111,1.72139,1.00,1.00
2016.08.04 15:29:06.806,1.72117,1.72139,1.00,1.00
2016.08.04 15:29:07.008,1.72117,1.7214,1.00,1.00
2016.08.04 15:29:07.309,1.72117,1.72141,1.00,1.00
2016.08.04 15:29:07.635,1.72122,1.72142,1.00,1.00
2016.08.04 15:29:08.141,1.72122,1.72144,1.00,1.00
2016.08.04 15:29:08.192,1.72116,1.72144,1.00,1.00
2016.08.04 15:29:08.242,1.72116,1.72141,1.00,1.00
2016.08.04 15:29:08.445,1.72116,1.72145,1.00,1.00
2016.08.04 15:29:08.948,1.72117,1.72145,1.00,1.00
2016.08.04 15:29:10.104,1.72121,1.72145,1.00,1.00
2016.08.04 15:29:10.154,1.72117,1.72145,1.00,1.00
2016.08.04 15:29:10.256,1.72121,1.72145,1.00,1.00
2016.08.04 15:29:10.509,1.72122,1.72149,1.00,1.00
2016.08.04 15:29:10.661,1.72126,1.72149,1.00,1.00
2016.08.04 15:29:11.198,1.72127,1.7215,1.00,1.00
2016.08.04 15:29:11.558,1.72121,1.7215,1.00,1.00
2016.08.04 15:29:11.659,1.72127,1.7215,1.00,1.00
2016.08.04 15:29:11.709,1.72127,1.72152,1.00,1.00
2016.08.04 15:29:11.839,1.72127,1.72147,1.00,1.00
2016.08.04 15:29:11.890,1.72117,1.72147,1.87,1.00
2016.08.04 15:29:11.941,1.72117,1.72142,1.00,1.00
2016.08.04 15:29:12.347,1.72116,1.72139,1.00,1.00
2016.08.04 15:29:12.651,1.72116,1.72137,1.00,1.00
2016.08.04 15:29:12.952,1.72116,1.72142,1.00,1.00
2016.08.04 15:29:13.464,1.72116,1.72141,1.00,1.00
2016.08.04 15:29:14.930,1.72116,1.72143,1.00,1.00
2016.08.04 15:29:15.416,1.72111,1.72143,1.75,1.00
2016.08.04 15:29:15.518,1.72111,1.72139,1.75,1.00
2016.08.04 15:29:15.619,1.72111,1.72139,1.00,1.00
2016.08.04 15:29:15.772,1.7211,1.72136,1.00,1.00
2016.08.04 15:29:15.823,1.72107,1.72136,1.87,1.00
2016.08.04 15:29:15.874,1.72107,1.72136,1.12,1.00
2016.08.04 15:29:15.925,1.72107,1.72134,1.00,1.00
2016.08.04 15:29:15.976,1.72106,1.72134,1.00,1.00
2016.08.04 15:29:16.382,1.72101,1.72134,1.37,1.00
2016.08.04 15:29:16.432,1.72101,1.72134,1.12,1.00
2016.08.04 15:29:16.771,1.72107,1.72134,1.00,1.00
2016.08.04 15:29:16.995,1.72107,1.72134,1.00,1.37
2016.08.04 15:29:17.045,1.72107,1.72133,1.00,1.00
2016.08.04 15:29:17.247,1.72107,1.72132,1.00,1.00
2016.08.04 15:29:17.831,1.72107,1.72133,1.00,1.50
2016.08.04 15:29:17.881,1.72102,1.72133,1.00,1.50
2016.08.04 15:29:18.247,1.72102,1.72132,1.00,1.00
2016.08.04 15:29:18.298,1.72097,1.72132,1.37,1.37
2016.08.04 15:29:18.349,1.72096,1.72128,2.25,1.12
2016.08.04 15:29:18.500,1.72096,1.72128,1.50,1.12
2016.08.04 15:29:18.551,1.72096,1.72127,1.00,1.00
2016.08.04 15:29:18.708,1.72096,1.72127,1.00,1.37
2016.08.04 15:29:18.759,1.72096,1.72125,1.00,1.00
2016.08.04 15:29:18.964,1.72093,1.72125,1.00,1.00
2016.08.04 15:29:19.462,1.7209,1.72125,2.25,1.50
2016.08.04 15:29:19.563,1.7209,1.72124,2.25,1.00
2016.08.04 15:29:19.664,1.72093,1.72125,1.00,1.50
2016.08.04 15:29:21.035,1.72095,1.72125,1.00,1.00
2016.08.04 15:29:21.086,1.72095,1.72125,1.50,1.00
2016.08.04 15:29:21.136,1.72095,1.72128,2.25,1.50
2016.08.04 15:29:21.187,1.72095,1.72128,2.25,1.00
2016.08.04 15:29:21.734,1.72095,1.72126,1.75,1.00
2016.08.04 15:29:21.784,1.72094,1.72126,3.00,1.00
2016.08.04 15:29:22.123,1.72095,1.72128,1.75,1.00
2016.08.04 15:29:23.132,1.72094,1.72125,2.25,1.00
2016.08.04 15:29:23.435,1.72094,1.72125,2.25,1.00
2016.08.04 15:29:23.638,1.72094,1.72127,3.00,1.00
2016.08.04 15:29:25.522,1.72094,1.72127,2.25,1.00
2016.08.04 15:29:27.040,1.72094,1.72127,1.37,1.12
2016.08.04 15:29:27.141,1.72095,1.72126,1.00,1.00
2016.08.04 15:29:29.152,1.72095,1.72126,1.37,1.00
2016.08.04 15:29:29.202,1.72102,1.72126,1.00,1.00
2016.08.04 15:29:29.303,1.72102,1.7213,1.00,1.00
2016.08.04 15:29:29.354,1.72102,1.7213,1.37,1.00
2016.08.04 15:29:29.456,1.72101,1.7213,1.75,1.00
2016.08.04 15:29:29.506,1.72102,1.7213,1.50,1.00
2016.08.04 15:29:29.674,1.72102,1.72129,1.00,1.00
2016.08.04 15:29:30.207,1.72102,1.72128,1.00,1.00
2016.08.04 15:29:30.972,1.72102,1.72125,1.00,1.00
2016.08.04 15:29:31.175,1.72102,1.72127,1.00,1.00
2016.08.04 15:29:31.327,1.72107,1.72128,1.00,1.00
2016.08.04 15:29:31.382,1.72107,1.72138,1.37,1.00
2016.08.04 15:29:31.433,1.72106,1.72137,1.75,1.00
2016.08.04 15:29:31.534,1.72107,1.72137,1.50,1.00
2016.08.04 15:29:31.647,1.72107,1.72139,1.50,1.00
2016.08.04 15:29:31.800,1.72107,1.72137,1.12,1.50
2016.08.04 15:29:31.851,1.72106,1.72137,1.00,1.50
2016.08.04 15:29:32.266,1.72107,1.72133,1.00,1.00
2016.08.04 15:29:32.518,1.72102,1.72133,1.00,1.00
2016.08.04 15:29:32.771,1.72102,1.72134,1.00,1.00
2016.08.04 15:29:33.569,1.72102,1.72134,1.12,1.00
2016.08.04 15:29:34.253,1.721,1.72132,1.75,1.00
2016.08.04 15:29:34.473,1.721,1.72129,1.37,1.00
2016.08.04 15:29:34.524,1.721,1.72129,1.00,1.00
2016.08.04 15:29:34.575,1.721,1.72129,1.00,1.00
2016.08.04 15:29:34.625,1.72097,1.72129,1.00,1.00
2016.08.04 15:29:34.879,1.72095,1.72127,1.87,1.00
2016.08.04 15:29:34.929,1.72095,1.72127,1.37,1.50
2016.08.04 15:29:35.378,1.72095,1.72127,1.37,1.87
2016.08.04 15:29:35.428,1.72095,1.72126,1.12,1.00
2016.08.04 15:29:35.856,1.72094,1.72124,1.00,1.00
2016.08.04 15:29:36.356,1.72097,1.72126,1.00,1.00
2016.08.04 15:29:36.466,1.72098,1.72127,1.00,1.37
2016.08.04 15:29:36.567,1.72102,1.72126,1.00,1.00
2016.08.04 15:29:37.108,1.72102,1.72127,1.00,1.00
2016.08.04 15:29:37.268,1.72098,1.72127,1.00,1.00
2016.08.04 15:29:37.320,1.72102,1.72127,1.00,1.00
2016.08.04 15:29:37.826,1.72101,1.72129,1.00,1.00
2016.08.04 15:29:38.129,1.72106,1.72129,1.00,1.00
2016.08.04 15:29:38.230,1.72101,1.72129,1.00,1.00
2016.08.04 15:29:38.602,1.72101,1.72121,1.00,1.00
2016.08.04 15:29:39.150,1.72096,1.72121,1.00,1.00
2016.08.04 15:29:39.261,1.72098,1.72126,1.00,1.50
2016.08.04 15:29:39.374,1.72098,1.72126,1.00,1.00
2016.08.04 15:29:39.539,1.72097,1.72126,1.50,1.00
2016.08.04 15:29:39.730,1.72097,1.72126,1.00,1.00
2016.08.04 15:29:39.882,1.72098,1.72129,1.00,1.12
2016.08.04 15:29:40.052,1.72097,1.72127,1.00,1.00
2016.08.04 15:29:40.352,1.72102,1.72127,1.00,1.00
2016.08.04 15:29:40.763,1.72102,1.7213,1.00,1.50
2016.08.04 15:29:40.946,1.72097,1.72129,1.00,1.12
2016.08.04 15:29:41.047,1.72097,1.7213,1.50,1.50
2016.08.04 15:29:41.249,1.72097,1.72129,1.00,1.12
2016.08.04 15:29:41.554,1.72101,1.72129,1.00,1.12
2016.08.04 15:29:41.765,1.72101,1.72126,1.00,1.00
2016.08.04 15:29:41.827,1.72096,1.72126,2.25,1.00
2016.08.04 15:29:42.032,1.72097,1.72126,1.00,1.00
2016.08.04 15:29:42.582,1.72097,1.72125,1.00,1.00
2016.08.04 15:29:43.097,1.72097,1.72126,1.00,1.00
2016.08.04 15:29:43.949,1.72097,1.72124,1.00,1.00
2016.08.04 15:29:44.161,1.72093,1.72124,1.87,1.00
2016.08.04 15:29:44.286,1.72093,1.72124,1.12,1.00
2016.08.04 15:29:44.779,1.72096,1.72126,1.00,1.00
2016.08.04 15:29:44.848,1.72094,1.72125,1.00,1.00
2016.08.04 15:29:45.370,1.72097,1.72125,1.00,1.00
2016.08.04 15:29:45.704,1.72094,1.72123,1.00,1.00
2016.08.04 15:29:45.755,1.72092,1.72121,1.00,1.00
2016.08.04 15:29:46.191,1.72092,1.72119,1.00,1.00
2016.08.04 15:29:46.719,1.72091,1.72119,1.00,1.00
2016.08.04 15:29:46.980,1.72091,1.72119,1.00,1.12
2016.08.04 15:29:47.935,1.72092,1.72119,1.00,1.12
2016.08.04 15:29:47.986,1.72092,1.7212,1.00,1.50
2016.08.04 15:29:48.260,1.72092,1.72121,1.00,1.75
2016.08.04 15:29:48.523,1.72092,1.7212,1.00,1.50
2016.08.04 15:29:48.878,1.72092,1.72117,1.00,1.00
2016.08.04 15:29:49.947,1.72091,1.72117,1.00,1.00
2016.08.04 15:29:50.582,1.72091,1.72118,1.00,1.00
2016.08.04 15:29:51.139,1.72092,1.72117,1.00,1.00
2016.08.04 15:29:51.687,1.72091,1.72117,1.00,1.00
2016.08.04 15:29:52.279,1.72092,1.72117,1.00,1.00
2016.08.04 15:29:54.197,1.72092,1.72118,1.00,1.00
2016.08.04 15:29:54.588,1.72087,1.72117,1.00,1.00
2016.08.04 15:29:55.082,1.72087,1.72117,1.00,1.00
2016.08.04 15:29:55.591,1.72092,1.72116,1.00,1.00
2016.08.04 15:29:56.122,1.72092,1.72117,1.00,1.00
2016.08.04 15:29:56.947,1.72091,1.72117,1.00,1.00
2016.08.04 15:29:57.149,1.72087,1.72117,1.00,1.00
2016.08.04 15:29:57.305,1.72089,1.7212,1.12,1.12
2016.08.04 15:29:57.406,1.72093,1.72124,1.00,1.00
2016.08.04 15:29:57.760,1.72102,1.72124,1.00,1.00
2016.08.04 15:29:57.810,1.72102,1.72125,1.00,1.12
2016.08.04 15:29:57.911,1.72102,1.72125,1.00,1.00
2016.08.04 15:29:58.266,1.72097,1.72124,1.00,1.00
2016.08.04 15:29:58.326,1.72097,1.72126,1.00,1.00
2016.08.04 15:29:58.607,1.72097,1.72124,1.00,1.00
2016.08.04 15:29:59.116,1.72097,1.72125,1.00,1.00
2016.08.04 15:29:59.269,1.72094,1.72125,1.50,1.00
2016.08.04 15:29:59.479,1.72095,1.72126,1.12,1.00
2016.08.04 15:29:59.892,1.72095,1.72126,1.00,1.00
2016.08.04 15:30:00.612,1.72096,1.72128,1.00,1.50
2016.08.04 15:30:01.505,1.72094,1.72126,1.12,1.00
2016.08.04 15:30:01.679,1.72092,1.72124,1.75,1.00
2016.08.04 15:30:01.730,1.72092,1.72124,1.37,1.37
2016.08.04 15:30:01.781,1.72098,1.72127,1.00,1.37
2016.08.04 15:30:01.832,1.72098,1.72129,1.00,2.25
2016.08.04 15:30:01.984,1.72096,1.72126,1.00,1.75
2016.08.04 15:30:02.035,1.72096,1.72126,1.00,1.00
2016.08.04 15:30:02.187,1.72098,1.72129,1.00,1.75
2016.08.04 15:30:02.288,1.72099,1.7213,1.00,2.25
2016.08.04 15:30:02.497,1.72098,1.72129,1.00,1.75
2016.08.04 15:30:03.009,1.72096,1.72127,1.00,1.50
2016.08.04 15:30:03.060,1.72096,1.72127,1.00,1.75
2016.08.04 15:30:03.111,1.72092,1.72122,1.50,1.00
2016.08.04 15:30:03.162,1.72096,1.7212,1.00,1.00
2016.08.04 15:30:03.213,1.72096,1.7212,1.00,1.37
2016.08.04 15:30:03.290,1.72096,1.7212,1.00,1.87
2016.08.04 15:30:03.396,1.72096,1.7212,1.00,1.37
2016.08.04 15:30:03.599,1.72096,1.72121,1.00,1.50
2016.08.04 15:30:04.025,1.72097,1.72124,1.00,2.25
2016.08.04 15:30:04.076,1.72097,1.72124,1.00,1.75
2016.08.04 15:30:04.126,1.72097,1.72124,1.00,1.12
2016.08.04 15:30:04.430,1.72101,1.72124,1.00,1.12
2016.08.04 15:30:04.481,1.72097,1.72124,1.00,1.12
2016.08.04 15:30:04.683,1.72097,1.72124,1.00,1.12
2016.08.04 15:30:04.785,1.72096,1.72123,1.00,1.00
2016.08.04 15:30:04.836,1.72096,1.7212,1.00,1.00
2016.08.04 15:30:04.887,1.72096,1.72123,1.00,1.00
2016.08.04 15:30:05.030,1.72091,1.72119,1.00,1.00
2016.08.04 15:30:05.082,1.72091,1.72117,1.00,1.00
2016.08.04 15:30:05.602,1.72085,1.72117,1.75,1.12
2016.08.04 15:30:05.653,1.72085,1.72117,1.37,1.50
2016.08.04 15:30:05.703,1.72092,1.72114,1.00,1.00
2016.08.04 15:30:06.012,1.72092,1.7212,1.00,1.50
2016.08.04 15:30:06.114,1.72092,1.72114,1.00,1.00
2016.08.04 15:30:06.619,1.72091,1.72114,1.00,1.00
2016.08.04 15:30:07.574,1.72091,1.72114,1.50,1.00
2016.08.04 15:30:07.625,1.72097,1.72119,1.00,1.12
2016.08.04 15:30:07.726,1.72097,1.72126,1.00,1.00
2016.08.04 15:30:08.029,1.72097,1.72124,1.00,1.00
2016.08.04 15:30:08.626,1.72102,1.72125,1.00,1.00
2016.08.04 15:30:08.828,1.72101,1.72129,1.00,1.50
2016.08.04 15:30:08.929,1.72101,1.72129,1.00,1.00
2016.08.04 15:30:09.460,1.72102,1.72129,1.00,1.00
2016.08.04 15:30:10.201,1.72102,1.72126,1.00,1.00
2016.08.04 15:30:10.512,1.72102,1.72129,1.00,1.00
2016.08.04 15:30:10.563,1.72096,1.72129,3.75,1.00
2016.08.04 15:30:10.613,1.72096,1.72126,3.00,1.00
2016.08.04 15:30:10.664,1.721,1.72126,1.00,1.00
2016.08.04 15:30:10.715,1.72104,1.72132,1.00,1.50
2016.08.04 15:30:10.765,1.72104,1.72132,1.00,1.00
2016.08.04 15:30:10.816,1.72104,1.72134,1.50,1.00
2016.08.04 15:30:10.968,1.72104,1.72134,1.87,1.00
2016.08.04 15:30:11.119,1.72107,1.72138,1.00,1.37
2016.08.04 15:30:12.392,1.72107,1.72138,1.00,1.37
2016.08.04 15:30:12.444,1.72103,1.72135,1.50,1.75
2016.08.04 15:30:12.495,1.72099,1.7213,1.50,1.00
2016.08.04 15:30:12.697,1.72098,1.72128,1.12,1.00
2016.08.04 15:30:12.799,1.72101,1.72132,1.00,1.00
2016.08.04 15:30:13.001,1.72099,1.72133,1.00,1.12
2016.08.04 15:30:13.203,1.72101,1.72132,1.00,1.00
2016.08.04 15:30:13.386,1.72102,1.72134,1.00,2.25
2016.08.04 15:30:13.544,1.72102,1.72134,1.12,1.50
2016.08.04 15:30:13.596,1.72098,1.72129,2.25,1.00
2016.08.04 15:30:13.668,1.72098,1.72129,1.87,1.00
2016.08.04 15:30:13.719,1.72097,1.72129,1.50,1.00
2016.08.04 15:30:13.770,1.72097,1.72129,1.12,1.00
2016.08.04 15:30:15.068,1.72096,1.72129,3.00,1.00
2016.08.04 15:30:15.220,1.72099,1.7213,1.00,1.00
2016.08.04 15:30:15.826,1.72107,1.7213,1.00,1.00
2016.08.04 15:30:16.176,1.72101,1.7213,1.00,1.00
2016.08.04 15:30:16.327,1.72099,1.72131,1.00,1.00
2016.08.04 15:30:16.501,1.72102,1.72133,1.00,1.00
2016.08.04 15:30:16.551,1.72102,1.72133,1.50,1.00
2016.08.04 15:30:16.602,1.72103,1.72133,1.00,1.00
2016.08.04 15:30:16.653,1.72103,1.72133,1.37,1.00
2016.08.04 15:30:16.804,1.72102,1.72134,1.50,1.00
2016.08.04 15:30:17.199,1.72102,1.72131,1.50,1.00
2016.08.04 15:30:17.604,1.72102,1.72133,2.25,1.00
2016.08.04 15:30:17.806,1.72102,1.72132,1.50,1.00
2016.08.04 15:30:17.991,1.72102,1.72134,1.50,1.00
2016.08.04 15:30:18.802,1.72103,1.72134,1.37,1.00
2016.08.04 15:30:19.133,1.72101,1.72134,1.75,1.00
2016.08.04 15:30:19.505,1.72103,1.72135,1.37,1.50
2016.08.04 15:30:19.607,1.72101,1.72132,1.75,1.00
2016.08.04 15:30:19.839,1.72104,1.72134,1.12,1.00
2016.08.04 15:30:20.734,1.72101,1.72134,1.75,1.00
2016.08.04 15:30:21.107,1.72101,1.72134,1.75,1.00
2016.08.04 15:30:21.157,1.72101,1.72134,1.37,1.37
2016.08.04 15:30:21.208,1.72098,1.72129,1.00,1.00
2016.08.04 15:30:21.310,1.72101,1.72131,1.00,1.00
2016.08.04 15:30:21.361,1.72101,1.72132,1.00,1.12
2016.08.04 15:30:21.501,1.72102,1.72133,1.00,1.50
2016.08.04 15:30:21.552,1.72102,1.72133,1.00,1.37
2016.08.04 15:30:21.603,1.72104,1.72134,1.00,1.00
2016.08.04 15:30:22.339,1.7211,1.72135,1.00,1.00
2016.08.04 15:30:22.390,1.7211,1.72141,1.00,2.25
2016.08.04 15:30:22.442,1.72108,1.72138,1.00,1.50
2016.08.04 15:30:22.543,1.72108,1.72138,1.00,1.37
2016.08.04 15:30:22.655,1.72109,1.7214,1.00,1.37
2016.08.04 15:30:22.706,1.72109,1.7214,1.00,1.12
2016.08.04 15:30:23.110,1.72109,1.72142,1.00,2.25
2016.08.04 15:30:24.005,1.72109,1.72142,1.00,1.75
2016.08.04 15:30:25.130,1.72106,1.72139,1.50,1.00
2016.08.04 15:30:25.181,1.72108,1.72139,1.00,1.00
2016.08.04 15:30:25.232,1.72107,1.7214,1.12,1.12
2016.08.04 15:30:25.334,1.72109,1.7214,1.00,1.12
2016.08.04 15:30:25.436,1.7211,1.72142,1.50,1.75
2016.08.04 15:30:25.538,1.72112,1.72143,1.00,2.25
2016.08.04 15:30:25.640,1.72104,1.72133,2.62,1.00
2016.08.04 15:30:25.691,1.72101,1.72133,2.25,1.00
2016.08.04 15:30:25.742,1.72101,1.72127,1.12,1.00
2016.08.04 15:30:25.793,1.72098,1.72127,1.50,1.00
2016.08.04 15:30:26.272,1.72098,1.72126,1.00,1.00
2016.08.04 15:30:26.323,1.72099,1.72126,1.00,1.00
2016.08.04 15:30:26.475,1.72099,1.72127,1.00,1.00
2016.08.04 15:30:26.930,1.72098,1.7213,1.00,1.00
2016.08.04 15:30:27.519,1.72098,1.7213,1.50,1.00
2016.08.04 15:30:27.620,1.72098,1.7213,1.00,1.00
2016.08.04 15:30:28.123,1.72099,1.7213,1.00,1.00
2016.08.04 15:30:28.323,1.72098,1.72127,1.00,1.00
2016.08.04 15:30:28.526,1.721,1.72133,1.00,2.25
2016.08.04 15:30:28.714,1.72099,1.7213,1.00,1.00
2016.08.04 15:30:29.524,1.72099,1.72132,1.00,1.12
2016.08.04 15:30:29.907,1.721,1.72132,1.50,1.00
2016.08.04 15:30:29.958,1.72102,1.72135,1.12,1.00
2016.08.04 15:30:30.009,1.72102,1.72135,1.12,1.87
2016.08.04 15:30:30.060,1.72103,1.72136,1.00,1.12
2016.08.04 15:30:30.161,1.72103,1.72136,1.00,1.87
2016.08.04 15:30:30.212,1.72103,1.72136,1.00,2.62
2016.08.04 15:30:30.263,1.72103,1.72136,1.00,1.87
2016.08.04 15:30:30.515,1.72106,1.72137,1.50,1.87
2016.08.04 15:30:30.566,1.7211,1.72137,1.00,1.37
2016.08.04 15:30:30.617,1.7211,1.72141,1.50,1.00
2016.08.04 15:30:30.667,1.7211,1.72141,1.00,1.00
2016.08.04 15:30:31.103,1.72109,1.72141,1.87,1.00
2016.08.04 15:30:31.154,1.72109,1.72141,1.12,1.00
2016.08.04 15:30:31.255,1.72108,1.7214,1.50,1.00
2016.08.04 15:30:31.356,1.7211,1.7214,1.00,1.00
2016.08.04 15:30:32.161,1.72112,1.72142,1.00,1.00
2016.08.04 15:30:33.039,1.72112,1.72142,1.00,1.00
2016.08.04 15:30:33.515,1.72112,1.72139,1.00,1.00
2016.08.04 15:30:33.566,1.72111,1.72139,1.00,1.37
2016.08.04 15:30:33.617,1.72111,1.72138,1.00,1.00
2016.08.04 15:30:33.953,1.72109,1.72138,1.00,1.00
2016.08.04 15:30:34.575,1.72111,1.72138,1.00,1.00
2016.08.04 15:30:35.060,1.72109,1.72138,1.00,1.00
2016.08.04 15:30:37.166,1.72109,1.72138,1.00,1.50
2016.08.04 15:30:37.438,1.72106,1.72135,1.00,1.87
2016.08.04 15:30:37.489,1.72106,1.72133,1.00,1.00
2016.08.04 15:30:37.725,1.72104,1.72133,1.00,1.00
2016.08.04 15:30:38.127,1.72105,1.72135,1.00,1.87
2016.08.04 15:30:38.178,1.72105,1.72135,1.00,1.50
2016.08.04 15:30:38.329,1.72104,1.72135,1.00,2.62
2016.08.04 15:30:38.504,1.72104,1.72132,1.00,1.00
2016.08.04 15:30:38.630,1.72101,1.7213,1.00,1.00
2016.08.04 15:30:39.131,1.72102,1.72132,1.00,1.50
2016.08.04 15:30:39.182,1.72107,1.72132,1.00,1.00
2016.08.04 15:30:39.233,1.72109,1.72132,1.00,1.00
2016.08.04 15:30:39.284,1.72109,1.72137,1.00,1.00
2016.08.04 15:30:39.543,1.72112,1.72142,1.00,2.25
2016.08.04 15:30:39.594,1.7211,1.72142,1.00,2.25
2016.08.04 15:30:39.853,1.7211,1.72142,1.00,3.00
2016.08.04 15:30:40.470,1.7211,1.72141,1.00,1.50
2016.08.04 15:30:41.055,1.72109,1.72142,1.00,2.25
2016.08.04 15:30:44.727,1.72109,1.7214,1.00,1.12
2016.08.04 15:30:48.634,1.72109,1.72134,1.00,1.00
2016.08.04 15:30:48.787,1.72109,1.72134,1.00,1.00
2016.08.04 15:30:49.173,1.72109,1.72134,1.00,1.00
2016.08.04 15:30:51.991,1.72111,1.72134,1.00,1.00
2016.08.04 15:30:52.796,1.7211,1.72134,1.00,1.00
2016.08.04 15:30:53.713,1.72109,1.72134,1.00,1.00
2016.08.04 15:30:55.688,1.72107,1.72134,1.00,1.00
2016.08.04 15:30:55.888,1.72109,1.72134,1.00,1.00
2016.08.04 15:30:56.426,1.7211,1.72134,1.00,1.00
2016.08.04 15:30:59.112,1.72108,1.72134,1.00,1.00
2016.08.04 15:30:59.213,1.72107,1.72134,1.00,1.00
2016.08.04 15:30:59.264,1.72105,1.72134,1.50,1.00
2016.08.04 15:30:59.314,1.72101,1.72131,1.75,1.00
2016.08.04 15:30:59.365,1.72106,1.72131,1.00,1.00
2016.08.04 15:30:59.894,1.72107,1.72131,1.00,1.00
2016.08.04 15:30:59.945,1.72107,1.72131,1.37,1.00
2016.08.04 15:31:00.046,1.72107,1.72131,1.50,1.00
2016.08.04 15:31:00.351,1.72107,1.72131,1.12,1.00
2016.08.04 15:31:00.453,1.72107,1.72131,1.00,1.00
2016.08.04 15:31:00.504,1.72101,1.72131,1.12,1.00
2016.08.04 15:31:00.706,1.72101,1.7213,1.12,1.00
2016.08.04 15:31:00.889,1.72101,1.72126,1.12,1.00
2016.08.04 15:31:01.864,1.72102,1.72126,1.00,1.00
2016.08.04 15:31:02.179,1.72102,1.7213,1.00,1.00
2016.08.04 15:31:03.198,1.72102,1.72128,1.00,1.00
2016.08.04 15:31:03.299,1.72101,1.72128,1.12,1.00
2016.08.04 15:31:03.350,1.72101,1.72128,1.00,1.00
2016.08.04 15:31:03.703,1.72102,1.72125,1.00,1.00
2016.08.04 15:31:03.855,1.72101,1.72124,1.00,1.00
2016.08.04 15:31:03.906,1.72101,1.72127,1.00,1.50
2016.08.04 15:31:04.108,1.72101,1.72126,1.00,1.00
2016.08.04 15:31:04.804,1.72102,1.72126,1.00,1.00
2016.08.04 15:31:05.111,1.72102,1.72128,1.00,1.00
2016.08.04 15:31:05.213,1.72107,1.72133,1.00,1.50
2016.08.04 15:31:05.263,1.72107,1.72133,1.00,1.50
2016.08.04 15:31:05.314,1.7211,1.72133,1.00,1.50
2016.08.04 15:31:05.365,1.7211,1.72133,1.00,1.00
2016.08.04 15:31:05.516,1.72108,1.72133,1.00,1.00
2016.08.04 15:31:05.684,1.72108,1.72137,1.00,1.00
2016.08.04 15:31:05.836,1.72106,1.72136,1.50,1.00
2016.08.04 15:31:05.999,1.72106,1.72137,2.25,1.50
2016.08.04 15:31:06.133,1.72108,1.72137,1.00,1.00
2016.08.04 15:31:06.235,1.72107,1.72137,1.12,1.50
2016.08.04 15:31:06.387,1.72106,1.72137,2.25,1.50
2016.08.04 15:31:06.589,1.72107,1.72137,1.12,1.50
2016.08.04 15:31:06.757,1.72107,1.72136,1.12,1.00
2016.08.04 15:31:06.913,1.72107,1.72134,1.12,1.00
2016.08.04 15:31:07.014,1.72105,1.72132,1.75,1.00
2016.08.04 15:31:07.065,1.72103,1.72132,1.75,1.00
2016.08.04 15:31:07.218,1.72104,1.72136,1.00,1.12
2016.08.04 15:31:07.637,1.72103,1.72136,1.12,1.87
2016.08.04 15:31:07.958,1.72103,1.72134,1.12,1.00
2016.08.04 15:31:08.062,1.72102,1.72134,2.25,1.00
2016.08.04 15:31:08.344,1.72103,1.72136,1.12,1.87
2016.08.04 15:31:08.458,1.72103,1.72136,1.87,1.87
2016.08.04 15:31:08.610,1.72105,1.72136,1.00,1.12
2016.08.04 15:31:08.762,1.72105,1.72136,1.12,1.00
2016.08.04 15:31:08.915,1.72104,1.72136,1.50,1.00
2016.08.04 15:31:09.747,1.72106,1.72136,1.00,1.00
2016.08.04 15:31:10.271,1.72105,1.72136,1.12,1.00
2016.08.04 15:31:10.322,1.72105,1.72133,1.12,1.00
2016.08.04 15:31:10.373,1.72106,1.72133,1.00,1.00
2016.08.04 15:31:10.424,1.72106,1.72131,1.00,1.00
2016.08.04 15:31:10.475,1.72102,1.72131,2.25,1.00
2016.08.04 15:31:10.525,1.72102,1.72131,3.00,1.00
2016.08.04 15:31:10.577,1.72102,1.72131,2.25,1.00
2016.08.04 15:31:10.729,1.72102,1.72131,1.50,1.00
2016.08.04 15:31:10.873,1.72102,1.72131,1.75,1.00
2016.08.04 15:31:11.075,1.72102,1.72131,1.50,1.00
2016.08.04 15:31:11.878,1.72102,1.72131,1.50,1.00
2016.08.04 15:31:12.131,1.72102,1.72131,1.50,1.00
2016.08.04 15:31:12.277,1.72102,1.72131,1.37,1.00
2016.08.04 15:31:12.681,1.721,1.72131,1.75,1.00
2016.08.04 15:31:12.934,1.721,1.72131,1.75,1.00
2016.08.04 15:31:12.984,1.721,1.72131,1.50,1.00
2016.08.04 15:31:13.035,1.72104,1.72136,1.00,1.50
2016.08.04 15:31:13.086,1.72104,1.72136,1.00,3.00
2016.08.04 15:31:13.137,1.72101,1.72131,1.00,1.00
2016.08.04 15:31:13.187,1.721,1.72131,1.50,1.00
2016.08.04 15:31:13.339,1.721,1.7213,1.00,1.00
2016.08.04 15:31:13.527,1.72101,1.72132,1.50,1.00
2016.08.04 15:31:14.489,1.72101,1.72131,1.50,1.00
2016.08.04 15:31:14.540,1.72101,1.7213,1.00,1.00
2016.08.04 15:31:14.591,1.72099,1.7213,1.00,1.00
2016.08.04 15:31:14.641,1.72099,1.7213,1.00,1.00
2016.08.04 15:31:15.088,1.72102,1.7213,1.00,1.00
2016.08.04 15:31:15.588,1.72099,1.7213,1.00,1.00
2016.08.04 15:31:15.639,1.72099,1.72128,1.00,1.00
2016.08.04 15:31:15.690,1.72099,1.72123,1.00,1.00
2016.08.04 15:31:16.052,1.72092,1.72123,1.00,1.50
2016.08.04 15:31:16.254,1.72097,1.72123,1.00,1.00
2016.08.04 15:31:16.305,1.72097,1.72123,1.12,1.00
2016.08.04 15:31:16.810,1.72097,1.72123,1.00,1.00
2016.08.04 15:31:16.961,1.72093,1.72123,1.50,1.00
2016.08.04 15:31:17.799,1.72093,1.72123,1.00,1.00
2016.08.04 15:31:17.850,1.72092,1.72123,1.87,1.00
2016.08.04 15:31:18.053,1.72093,1.72123,1.00,1.00
2016.08.04 15:31:18.103,1.72093,1.72123,1.50,1.00
2016.08.04 15:31:19.596,1.72093,1.72123,2.25,1.00
2016.08.04 15:31:19.697,1.72094,1.72123,1.75,1.00
2016.08.04 15:31:20.146,1.72094,1.72123,1.75,1.00
2016.08.04 15:31:20.196,1.72094,1.72123,1.00,1.00
2016.08.04 15:31:20.760,1.72093,1.72123,1.00,1.00
2016.08.04 15:31:21.258,1.72092,1.72123,1.87,1.00
2016.08.04 15:31:21.411,1.72092,1.72123,1.37,1.00
2016.08.04 15:31:21.726,1.72091,1.72123,2.25,1.50
2016.08.04 15:31:21.828,1.72092,1.72123,1.37,1.00
2016.08.04 15:31:22.305,1.72092,1.72123,1.12,1.00
2016.08.04 15:31:23.216,1.72092,1.72123,1.87,1.00
2016.08.04 15:31:23.288,1.72095,1.72123,1.00,1.00
2016.08.04 15:31:26.424,1.72095,1.72126,1.00,1.12
2016.08.04 15:31:26.994,1.72095,1.72126,1.00,1.87
2016.08.04 15:31:27.212,1.72095,1.72126,1.00,1.50
2016.08.04 15:31:27.858,1.72095,1.72126,1.00,1.50
2016.08.04 15:31:28.967,1.72095,1.72126,1.00,1.50
2016.08.04 15:31:30.666,1.72095,1.72126,1.00,1.50
2016.08.04 15:31:31.204,1.72095,1.72126,1.00,1.87
2016.08.04 15:31:31.374,1.72092,1.72125,1.00,1.00
2016.08.04 15:31:33.246,1.72091,1.72123,1.12,1.00
2016.08.04 15:31:33.350,1.72094,1.72125,1.00,1.00
2016.08.04 15:31:33.451,1.72094,1.72125,1.50,1.00
2016.08.04 15:31:33.552,1.72096,1.72128,1.50,1.75
2016.08.04 15:31:33.704,1.72096,1.72128,1.50,1.75
2016.08.04 15:31:33.755,1.72097,1.72129,1.00,1.75
2016.08.04 15:31:34.019,1.72097,1.72128,1.50,1.75
2016.08.04 15:31:34.819,1.72097,1.72129,1.50,1.75
2016.08.04 15:31:35.709,1.72097,1.72129,2.25,1.75
2016.08.04 15:31:35.760,1.72097,1.72129,1.50,2.25
2016.08.04 15:31:35.883,1.72097,1.72124,1.50,1.00
2016.08.04 15:31:35.934,1.72096,1.72127,1.00,1.00
2016.08.04 15:31:35.986,1.72095,1.72124,1.00,1.00
2016.08.04 15:31:36.238,1.72088,1.72122,2.25,1.12
2016.08.04 15:31:36.289,1.72088,1.72119,1.37,1.00
2016.08.04 15:31:36.615,1.72088,1.72119,1.37,1.00
2016.08.04 15:31:36.868,1.72088,1.72122,1.87,1.12
2016.08.04 15:31:37.020,1.72088,1.72122,1.50,1.37
2016.08.04 15:31:37.071,1.72085,1.72114,1.87,1.00
2016.08.04 15:31:37.122,1.72085,1.72114,1.50,1.00
2016.08.04 15:31:37.172,1.72085,1.72111,1.00,1.00
2016.08.04 15:31:37.274,1.72082,1.7211,1.00,1.00
2016.08.04 15:31:37.426,1.72079,1.7211,1.87,1.00
2016.08.04 15:31:37.477,1.72079,1.72112,1.37,1.37
2016.08.04 15:31:37.528,1.72079,1.72112,1.00,1.50
2016.08.04 15:31:37.579,1.72079,1.72112,1.00,1.50
2016.08.04 15:31:37.630,1.72079,1.72112,1.37,1.12
2016.08.04 15:31:37.681,1.72079,1.72112,1.75,1.00
2016.08.04 15:31:37.985,1.72079,1.72114,2.25,1.00
2016.08.04 15:31:38.288,1.72085,1.72114,1.00,1.00
2016.08.04 15:31:38.546,1.72085,1.7211,1.00,1.00
2016.08.04 15:31:39.571,1.72085,1.72112,1.00,1.00
2016.08.04 15:31:40.276,1.72085,1.72114,1.00,1.00
2016.08.04 15:31:40.327,1.72081,1.72114,1.50,1.00
2016.08.04 15:31:40.624,1.72082,1.72113,1.12,1.00
2016.08.04 15:31:40.725,1.72079,1.72113,2.25,1.00
2016.08.04 15:31:40.776,1.72079,1.7211,1.75,1.00
2016.08.04 15:31:41.029,1.72079,1.72109,1.00,1.00
2016.08.04 15:31:41.568,1.72079,1.72108,1.00,1.00
2016.08.04 15:31:42.182,1.72079,1.72107,1.00,1.00
2016.08.04 15:31:42.884,1.72079,1.72108,1.00,1.00
2016.08.04 15:31:44.170,1.72079,1.72105,1.00,1.00
2016.08.04 15:31:44.384,1.72075,1.72105,1.87,1.00
2016.08.04 15:31:44.435,1.72075,1.72104,1.87,1.00
2016.08.04 15:31:44.486,1.72075,1.72104,1.75,1.00
2016.08.04 15:31:44.537,1.72075,1.72104,1.75,1.00
2016.08.04 15:31:44.740,1.72075,1.72103,1.75,1.00
2016.08.04 15:31:44.791,1.72072,1.72103,1.75,1.00
2016.08.04 15:31:44.842,1.72072,1.72103,1.00,1.00
2016.08.04 15:31:45.460,1.72073,1.72103,1.00,1.00
2016.08.04 15:31:45.510,1.72074,1.72105,1.00,1.50
2016.08.04 15:31:46.459,1.72073,1.72106,1.50,1.75
2016.08.04 15:31:48.425,1.72076,1.72106,1.00,1.75
2016.08.04 15:31:48.660,1.72073,1.72103,1.00,1.00
2016.08.04 15:31:48.710,1.72073,1.72102,1.00,1.37
2016.08.04 15:31:48.761,1.72073,1.72102,1.00,1.75
2016.08.04 15:31:48.963,1.7207,1.72101,1.00,1.50
2016.08.04 15:31:49.014,1.7207,1.72102,1.00,1.75
2016.08.04 15:31:49.216,1.7207,1.72101,1.00,1.50
2016.08.04 15:31:49.418,1.7207,1.72098,1.00,1.00
2016.08.04 15:31:49.520,1.72064,1.72095,1.37,1.12
2016.08.04 15:31:49.631,1.72064,1.72094,1.37,1.00
2016.08.04 15:31:49.682,1.72062,1.72094,1.50,1.12
2016.08.04 15:31:49.732,1.72062,1.72094,1.00,1.12
2016.08.04 15:31:50.222,1.72062,1.72091,1.00,1.00
2016.08.04 15:31:51.619,1.72062,1.72088,1.00,1.12
2016.08.04 15:31:51.669,1.72058,1.72088,1.00,1.50
2016.08.04 15:31:51.720,1.72055,1.72086,1.00,1.12
2016.08.04 15:31:51.884,1.72053,1.72085,1.12,1.00
2016.08.04 15:31:52.035,1.72055,1.72089,1.00,2.25
2016.08.04 15:31:52.137,1.72055,1.72089,1.00,1.75
2016.08.04 15:31:52.339,1.72062,1.72091,1.00,1.12
2016.08.04 15:31:52.441,1.72056,1.72091,2.25,1.12
2016.08.04 15:31:52.542,1.72061,1.72093,1.00,2.25
2016.08.04 15:31:52.745,1.72061,1.72093,1.50,2.25
2016.08.04 15:31:52.846,1.72061,1.72093,1.00,1.50
2016.08.04 15:31:52.948,1.72058,1.7209,1.12,1.00
2016.08.04 15:31:53.484,1.72058,1.72089,1.12,1.00
2016.08.04 15:31:54.331,1.72061,1.72093,1.00,1.50
2016.08.04 15:31:54.635,1.72061,1.72093,1.00,1.50
2016.08.04 15:31:55.177,1.72062,1.72093,1.00,1.50
2016.08.04 15:31:55.811,1.72061,1.72093,1.00,1.50
2016.08.04 15:31:56.340,1.72062,1.72093,1.00,1.50
2016.08.04 15:31:56.422,1.72062,1.72093,1.00,2.25
2016.08.04 15:31:56.576,1.72062,1.72093,1.50,2.25
2016.08.04 15:31:56.736,1.72063,1.72093,1.00,2.25
2016.08.04 15:31:57.240,1.72072,1.721,1.50,2.25
2016.08.04 15:31:57.341,1.72072,1.72101,1.00,2.10
2016.08.04 15:31:57.393,1.72072,1.72105,1.00,1.50
2016.08.04 15:31:57.443,1.72072,1.72105,1.00,1.50
2016.08.04 15:31:57.545,1.72072,1.72102,1.00,1.00
2016.08.04 15:31:57.752,1.72072,1.72106,1.50,1.75
2016.08.04 15:31:57.854,1.72075,1.72107,1.00,1.75
2016.08.04 15:31:58.328,1.72072,1.72103,1.00,1.12
2016.08.04 15:31:58.378,1.72069,1.72103,1.12,1.12
2016.08.04 15:31:58.429,1.72068,1.72104,1.87,1.37
2016.08.04 15:31:58.533,1.72068,1.72104,1.87,1.37
2016.08.04 15:31:58.641,1.72071,1.72105,1.00,1.75
2016.08.04 15:31:58.691,1.72071,1.721,1.00,1.00
2016.08.04 15:31:58.843,1.72068,1.721,1.50,1.00
2016.08.04 15:31:59.132,1.72068,1.72103,1.87,1.50
2016.08.04 15:31:59.183,1.72068,1.72103,2.25,1.50
2016.08.04 15:31:59.442,1.72071,1.72103,1.00,1.00
2016.08.04 15:31:59.968,1.72072,1.72103,1.00,1.00
2016.08.04 15:32:00.069,1.72068,1.72103,2.25,1.50
2016.08.04 15:32:00.120,1.72068,1.72103,2.25,1.50
2016.08.04 15:32:00.271,1.72068,1.72103,2.25,1.00
2016.08.04 15:32:00.455,1.72068,1.72101,1.00,1.00
2016.08.04 15:32:00.557,1.72067,1.72101,1.50,1.50
2016.08.04 15:32:00.658,1.72067,1.72098,1.00,1.00
2016.08.04 15:32:00.944,1.72065,1.72098,1.87,1.00
2016.08.04 15:32:01.373,1.72065,1.72098,1.12,1.00
2016.08.04 15:32:01.576,1.72066,1.72098,1.00,1.00
2016.08.04 15:32:01.627,1.72066,1.72098,1.50,1.00
2016.08.04 15:32:01.678,1.72068,1.72099,1.00,1.12
2016.08.04 15:32:01.814,1.72068,1.72099,1.37,1.00
2016.08.04 15:32:01.868,1.72067,1.72091,1.00,1.00
2016.08.04 15:32:02.173,1.72062,1.72092,1.00,1.00
2016.08.04 15:32:02.274,1.72067,1.72096,1.00,1.75
2016.08.04 15:32:02.477,1.72066,1.72097,1.00,1.00
2016.08.04 15:32:02.651,1.72069,1.721,1.00,1.75
2016.08.04 15:32:02.836,1.72067,1.721,1.00,1.75
2016.08.04 15:32:03.431,1.72068,1.721,1.00,1.75
2016.08.04 15:32:03.838,1.72068,1.721,1.00,2.25
2016.08.04 15:32:05.638,1.72066,1.721,1.50,1.75
2016.08.04 15:32:05.689,1.72067,1.721,1.00,1.75
2016.08.04 15:32:05.740,1.72067,1.72094,1.00,1.12
2016.08.04 15:32:05.958,1.72063,1.72094,1.00,1.12
2016.08.04 15:32:06.150,1.72062,1.72093,1.00,1.00
2016.08.04 15:32:06.260,1.72063,1.72096,1.00,1.75
2016.08.04 15:32:06.462,1.72067,1.72096,1.00,1.75
2016.08.04 15:32:06.662,1.7207,1.721,1.00,1.75
2016.08.04 15:32:06.864,1.7207,1.72099,1.00,1.00
2016.08.04 15:32:06.966,1.72072,1.72101,1.50,1.00
2016.08.04 15:32:07.067,1.72072,1.72101,1.50,1.00
2016.08.04 15:32:07.240,1.72072,1.72101,1.00,1.00
2016.08.04 15:32:07.543,1.72074,1.72101,1.00,1.00
2016.08.04 15:32:07.594,1.72074,1.72105,1.00,1.12
2016.08.04 15:32:07.794,1.72073,1.72106,1.00,1.50
2016.08.04 15:32:07.845,1.72076,1.72108,1.00,1.75
2016.08.04 15:32:07.897,1.72076,1.72108,1.50,1.00
2016.08.04 15:32:08.266,1.72073,1.72106,1.75,1.00
2016.08.04 15:32:08.584,1.72074,1.72107,1.00,1.12
2016.08.04 15:32:08.872,1.72074,1.72107,1.00,1.87
2016.08.04 15:32:10.179,1.72076,1.72107,1.00,1.12
2016.08.04 15:32:10.282,1.72079,1.7211,1.00,1.75
2016.08.04 15:32:10.384,1.72071,1.72101,2.25,1.00
2016.08.04 15:32:10.486,1.72071,1.721,1.00,1.75
2016.08.04 15:32:11.196,1.72071,1.721,1.00,1.12
2016.08.04 15:32:11.247,1.72071,1.72101,1.50,1.37
2016.08.04 15:32:11.298,1.72071,1.72105,1.50,1.75
2016.08.04 15:32:11.432,1.72071,1.72105,1.87,1.50
2016.08.04 15:32:11.483,1.72072,1.72105,1.12,1.12
2016.08.04 15:32:11.685,1.72072,1.72106,1.12,1.50
2016.08.04 15:32:12.497,1.72072,1.72106,1.12,2.25
2016.08.04 15:32:12.548,1.72074,1.72106,1.00,2.25
2016.08.04 15:32:12.961,1.72074,1.72106,1.00,2.25
2016.08.04 15:32:13.062,1.72074,1.721,1.00,1.00
2016.08.04 15:32:13.113,1.7207,1.721,1.50,1.00
2016.08.04 15:32:13.163,1.7207,1.721,1.00,1.00
2016.08.04 15:32:13.929,1.72067,1.721,3.37,1.00
2016.08.04 15:32:13.979,1.72067,1.721,2.62,1.00
2016.08.04 15:32:14.080,1.72068,1.72099,1.00,1.00
2016.08.04 15:32:15.381,1.72071,1.72099,1.00,1.00
2016.08.04 15:32:15.973,1.72071,1.721,1.00,1.00
2016.08.04 15:32:18.500,1.72067,1.721,1.12,1.00
2016.08.04 15:32:18.551,1.7207,1.72102,1.00,1.12
2016.08.04 15:32:18.703,1.72072,1.72104,1.00,1.75
2016.08.04 15:32:18.754,1.72071,1.72099,1.00,1.00
2016.08.04 15:32:18.804,1.72068,1.72099,1.00,1.00
2016.08.04 15:32:18.906,1.72065,1.72096,1.75,1.00
2016.08.04 15:32:19.137,1.72065,1.72092,1.00,1.00
2016.08.04 15:32:19.188,1.72059,1.72087,1.50,1.00
2016.08.04 15:32:19.239,1.7206,1.72087,1.00,1.00
2016.08.04 15:32:19.289,1.7206,1.72085,1.00,1.00
2016.08.04 15:32:19.538,1.72057,1.72085,1.00,1.00
2016.08.04 15:32:19.589,1.72054,1.72085,1.00,1.00
2016.08.04 15:32:19.740,1.72052,1.72083,2.25,1.00
2016.08.04 15:32:19.791,1.72052,1.72083,1.50,1.00
2016.08.04 15:32:19.994,1.72052,1.72085,2.25,1.00
2016.08.04 15:32:20.505,1.72052,1.72086,2.25,1.00
2016.08.04 15:32:21.093,1.72052,1.72083,2.25,1.00
2016.08.04 15:32:21.354,1.72052,1.72083,1.50,1.00
2016.08.04 15:32:21.563,1.72052,1.72083,1.00,1.50
2016.08.04 15:32:21.693,1.72052,1.72083,1.50,1.00
2016.08.04 15:32:21.996,1.72052,1.72085,2.25,1.00
2016.08.04 15:32:22.097,1.72052,1.72087,1.50,2.25
2016.08.04 15:32:22.300,1.72053,1.72086,1.00,1.00
2016.08.04 15:32:22.670,1.72053,1.72086,1.00,1.50
2016.08.04 15:32:22.720,1.72053,1.72083,1.00,1.00
2016.08.04 15:32:22.822,1.72051,1.7208,1.50,1.00
2016.08.04 15:32:22.872,1.72053,1.72085,1.00,1.75
2016.08.04 15:32:22.923,1.72053,1.72085,2.25,1.00
2016.08.04 15:32:22.974,1.72054,1.72088,1.75,1.50
2016.08.04 15:32:23.197,1.72054,1.72088,1.00,1.75
2016.08.04 15:32:23.450,1.72054,1.72085,1.00,1.50
2016.08.04 15:32:23.551,1.72053,1.72086,1.00,1.75
2016.08.04 15:32:23.851,1.72053,1.72085,1.00,1.50
2016.08.04 15:32:24.300,1.72052,1.72086,1.00,2.25
2016.08.04 15:32:24.653,1.72057,1.72086,1.00,2.25
2016.08.04 15:32:24.816,1.72057,1.72085,1.00,1.50
2016.08.04 15:32:25.069,1.72056,1.72086,1.00,1.75
2016.08.04 15:32:25.222,1.72054,1.72085,1.00,1.50
2016.08.04 15:32:25.273,1.72051,1.72085,1.12,2.25
2016.08.04 15:32:25.375,1.72051,1.72082,1.12,1.00
2016.08.04 15:32:25.476,1.72051,1.72082,1.87,1.00
2016.08.04 15:32:25.527,1.72051,1.72082,1.50,1.12
2016.08.04 15:32:25.577,1.72057,1.72086,1.00,1.75
2016.08.04 15:32:25.628,1.72057,1.72086,1.00,1.37
2016.08.04 15:32:25.954,1.72056,1.72085,1.00,1.12
2016.08.04 15:32:26.908,1.72055,1.72085,1.00,1.12
2016.08.04 15:32:27.384,1.72054,1.72085,1.00,1.87
2016.08.04 15:32:27.485,1.72054,1.72085,1.00,1.87
2016.08.04 15:32:27.549,1.72054,1.72085,1.00,1.12
2016.08.04 15:32:27.600,1.72054,1.72086,1.50,1.37
2016.08.04 15:32:27.707,1.72054,1.72086,1.00,1.37
2016.08.04 15:32:28.266,1.72054,1.72086,1.50,1.37
2016.08.04 15:32:28.675,1.72054,1.72086,1.00,1.37
2016.08.04 15:32:28.777,1.72054,1.72086,1.50,1.37
2016.08.04 15:32:28.898,1.72054,1.72086,1.50,1.75
2016.08.04 15:32:29.050,1.72054,1.72086,1.00,2.25
2016.08.04 15:32:29.101,1.72048,1.72081,1.87,1.87
2016.08.04 15:32:29.157,1.72048,1.72081,1.50,1.87
2016.08.04 15:32:29.208,1.7205,1.72081,1.00,1.87
2016.08.04 15:32:29.362,1.7205,1.72081,1.00,1.12
2016.08.04 15:32:29.413,1.72053,1.72082,1.00,1.50
2016.08.04 15:32:29.464,1.72053,1.72083,1.00,1.75
2016.08.04 15:32:29.978,1.72055,1.72086,1.00,2.25
2016.08.04 15:32:30.030,1.72055,1.72086,1.00,1.87
2016.08.04 15:32:30.214,1.72057,1.72086,1.00,1.12
2016.08.04 15:32:30.793,1.72057,1.72086,1.00,1.12
2016.08.04 15:32:30.844,1.72057,1.72086,1.00,1.37
2016.08.04 15:32:30.895,1.72057,1.72083,1.00,1.75
2016.08.04 15:32:31.016,1.72047,1.72078,1.00,1.00
2016.08.04 15:32:31.117,1.72055,1.72083,1.00,1.75
2016.08.04 15:32:31.218,1.7205,1.72083,1.00,1.75
2016.08.04 15:32:31.768,1.72053,1.72083,1.00,1.75
2016.08.04 15:32:31.819,1.72053,1.72086,1.00,2.25
2016.08.04 15:32:31.870,1.72059,1.72089,1.00,1.75
2016.08.04 15:32:32.022,1.7206,1.72094,1.00,3.60
2016.08.04 15:32:32.073,1.72063,1.72094,1.00,2.85
2016.08.04 15:32:32.124,1.72063,1.72095,1.00,3.22
2016.08.04 15:32:32.176,1.72061,1.72095,1.00,3.97
2016.08.04 15:32:32.227,1.72061,1.72095,1.00,1.87
2016.08.04 15:32:32.485,1.72061,1.72094,1.00,1.12
2016.08.04 15:32:32.536,1.72061,1.72094,1.00,1.37
2016.08.04 15:32:32.587,1.72057,1.7209,1.37,1.37
2016.08.04 15:32:32.637,1.72057,1.72089,1.00,1.50
2016.08.04 15:32:32.688,1.72057,1.72086,1.00,1.37
2016.08.04 15:32:32.739,1.72057,1.72086,1.00,1.75
2016.08.04 15:32:33.178,1.72058,1.72085,1.00,1.50
2016.08.04 15:32:33.228,1.72058,1.72085,1.00,1.12
2016.08.04 15:32:33.364,1.72058,1.72085,1.00,1.00
2016.08.04 15:32:33.417,1.72059,1.72092,1.00,2.25
2016.08.04 15:32:33.672,1.72057,1.72091,1.12,1.50
2016.08.04 15:32:33.723,1.72055,1.72091,1.75,1.50
2016.08.04 15:32:33.875,1.72058,1.72092,1.00,1.75
2016.08.04 15:32:34.197,1.7206,1.72092,1.00,1.75
2016.08.04 15:32:34.874,1.72058,1.72092,1.00,1.75
2016.08.04 15:32:35.077,1.72057,1.72089,1.12,1.00
2016.08.04 15:32:35.128,1.72053,1.72082,1.75,1.00
2016.08.04 15:32:35.179,1.72053,1.72082,1.37,1.37
2016.08.04 15:32:35.229,1.72053,1.7208,1.00,1.00
2016.08.04 15:32:35.499,1.7205,1.7208,1.00,1.00
2016.08.04 15:32:36.230,1.7205,1.7208,1.00,1.00
2016.08.04 15:32:36.331,1.72049,1.7208,1.00,1.00
2016.08.04 15:32:37.433,1.72049,1.7208,1.00,1.00
2016.08.04 15:32:37.686,1.72047,1.7208,1.00,1.50
2016.08.04 15:32:37.787,1.72048,1.7208,1.00,1.00
2016.08.04 15:32:37.888,1.72047,1.72079,1.50,1.00
2016.08.04 15:32:38.040,1.72047,1.7208,1.50,1.00
2016.08.04 15:32:38.485,1.72049,1.7208,1.00,1.00
2016.08.04 15:32:38.536,1.72049,1.7208,1.00,1.00
2016.08.04 15:32:38.637,1.72049,1.7208,1.00,1.00
2016.08.04 15:32:38.738,1.72049,1.7208,1.00,1.00
2016.08.04 15:32:38.840,1.72049,1.7208,1.00,1.00
2016.08.04 15:32:39.198,1.72049,1.7208,1.00,1.00
2016.08.04 15:32:40.047,1.72047,1.7208,1.50,1.00
2016.08.04 15:32:43.346,1.72052,1.7208,1.00,1.00
2016.08.04 15:32:43.447,1.72052,1.7208,1.00,1.00
2016.08.04 15:32:44.935,1.72048,1.7208,1.00,1.00
2016.08.04 15:32:44.986,1.72048,1.7208,1.00,1.50
2016.08.04 15:32:45.125,1.72047,1.7208,1.00,2.25
2016.08.04 15:32:45.227,1.72048,1.7208,1.00,1.50
2016.08.04 15:32:46.250,1.72051,1.7208,1.00,1.50
2016.08.04 15:32:47.352,1.72052,1.7208,1.00,2.25
2016.08.04 15:32:47.453,1.72052,1.72078,1.00,1.00
2016.08.04 15:32:48.606,1.72046,1.72078,1.00,1.00
2016.08.04 15:32:49.460,1.72046,1.72078,1.37,1.00
2016.08.04 15:32:49.511,1.72057,1.72078,1.00,1.00
2016.08.04 15:32:49.562,1.72057,1.7208,1.00,1.00
2016.08.04 15:32:49.664,1.72057,1.72084,1.00,1.50
2016.08.04 15:32:50.451,1.72057,1.72085,1.50,1.75
2016.08.04 15:32:51.053,1.72057,1.72085,1.50,2.25
2016.08.04 15:32:51.154,1.72057,1.72085,1.00,1.75
2016.08.04 15:32:51.709,1.72055,1.72085,1.00,1.75
2016.08.04 15:32:51.760,1.72052,1.72085,1.00,2.25
2016.08.04 15:32:52.064,1.72052,1.72085,1.00,3.00
2016.08.04 15:32:52.264,1.72052,1.72085,1.00,2.25
2016.08.04 15:32:52.323,1.72061,1.72086,1.00,1.75
2016.08.04 15:32:52.374,1.72061,1.72088,1.00,1.00
2016.08.04 15:32:52.425,1.72063,1.72089,1.00,1.12
2016.08.04 15:32:52.578,1.72062,1.7209,1.00,1.00
2016.08.04 15:32:52.631,1.72062,1.72094,1.00,2.25
2016.08.04 15:32:53.369,1.72058,1.72094,1.00,2.25
2016.08.04 15:32:53.544,1.72057,1.72087,1.12,1.00
2016.08.04 15:32:53.594,1.72057,1.72087,1.00,1.12
2016.08.04 15:32:54.621,1.72056,1.72087,1.00,1.12
2016.08.04 15:32:54.827,1.72061,1.72089,1.00,1.75
2016.08.04 15:32:54.878,1.72061,1.72092,1.00,1.50
2016.08.04 15:32:54.928,1.72061,1.72092,1.00,1.50
2016.08.04 15:32:57.273,1.72061,1.72093,1.00,2.25
2016.08.04 15:32:58.225,1.72061,1.72093,1.50,2.25
2016.08.04 15:32:58.662,1.72059,1.7209,1.00,1.00
2016.08.04 15:32:58.945,1.72057,1.7209,2.25,1.00
2016.08.04 15:32:59.046,1.72057,1.72086,1.37,1.00
2016.08.04 15:32:59.097,1.72057,1.72086,1.00,1.12
2016.08.04 15:32:59.147,1.72055,1.72079,1.00,1.00
2016.08.04 15:32:59.198,1.72049,1.72079,1.12,1.00
2016.08.04 15:32:59.952,1.72048,1.72079,1.37,1.00
2016.08.04 15:33:00.087,1.72047,1.72079,1.50,1.00
2016.08.04 15:33:00.263,1.72046,1.72081,2.62,1.00
2016.08.04 15:33:00.634,1.72048,1.72082,1.12,1.50
2016.08.04 15:33:00.736,1.72048,1.72082,1.12,1.50
2016.08.04 15:33:00.837,1.72048,1.72083,1.87,1.12
2016.08.04 15:33:00.938,1.72048,1.72083,1.87,1.12
2016.08.04 15:33:01.336,1.72051,1.72083,1.00,1.12
2016.08.04 15:33:01.549,1.72051,1.72083,1.37,1.12
2016.08.04 15:33:01.600,1.72051,1.72083,1.75,1.00
2016.08.04 15:33:01.850,1.72049,1.72084,1.75,1.00
2016.08.04 15:33:02.451,1.72053,1.72086,1.12,1.87
2016.08.04 15:33:02.502,1.72053,1.72086,1.87,1.12
2016.08.04 15:33:02.552,1.7206,1.72089,1.00,1.37
2016.08.04 15:33:02.603,1.7206,1.72094,1.12,1.12
2016.08.04 15:33:02.654,1.7206,1.72094,1.12,1.12
2016.08.04 15:33:02.704,1.7206,1.72095,1.12,2.25
2016.08.04 15:33:02.755,1.7206,1.72094,1.12,1.00
2016.08.04 15:33:03.967,1.7206,1.72092,1.12,1.00
2016.08.04 15:33:04.139,1.72061,1.72094,1.00,1.00
2016.08.04 15:33:04.651,1.72059,1.72093,1.50,1.00
2016.08.04 15:33:04.780,1.72057,1.72091,1.75,1.00
2016.08.04 15:33:04.881,1.72059,1.72093,1.50,1.00
2016.08.04 15:33:04.982,1.72057,1.7209,1.75,1.00
2016.08.04 15:33:05.184,1.7206,1.72093,1.12,1.00
2016.08.04 15:33:05.450,1.72059,1.7209,1.50,1.00
2016.08.04 15:33:05.843,1.72057,1.72091,2.25,1.00
2016.08.04 15:33:07.053,1.72057,1.72091,1.87,1.00
2016.08.04 15:33:07.104,1.72057,1.72091,1.50,1.12
2016.08.04 15:33:07.657,1.72058,1.72091,1.00,1.12
2016.08.04 15:33:11.851,1.72058,1.72092,1.00,1.50
2016.08.04 15:33:12.154,1.7206,1.72092,1.00,1.50
2016.08.04 15:33:12.256,1.7206,1.72094,1.00,1.75
2016.08.04 15:33:12.647,1.7206,1.72095,1.00,3.00
2016.08.04 15:33:17.348,1.7206,1.72095,1.00,2.25
2016.08.04 15:33:19.268,1.7206,1.72094,1.00,1.75
2016.08.04 15:33:19.808,1.72059,1.72094,1.00,1.75
2016.08.04 15:33:20.033,1.72059,1.72094,1.50,1.12
2016.08.04 15:33:20.113,1.72061,1.72095,1.12,1.87
2016.08.04 15:33:20.163,1.72061,1.72093,1.87,1.00
2016.08.04 15:33:20.491,1.72061,1.72095,1.12,1.87
2016.08.04 15:33:20.592,1.72061,1.72095,1.87,1.87
2016.08.04 15:33:21.378,1.72065,1.72095,1.00,1.37
2016.08.04 15:33:21.429,1.72065,1.72095,1.00,1.00
2016.08.04 15:33:21.480,1.7207,1.72099,1.00,1.12
2016.08.04 15:33:21.531,1.7207,1.72101,1.00,2.62
2016.08.04 15:33:21.582,1.7207,1.72101,1.00,1.37
2016.08.04 15:33:21.633,1.7207,1.72101,1.00,1.00
2016.08.04 15:33:21.734,1.72069,1.72102,1.12,1.12
2016.08.04 15:33:21.836,1.72068,1.721,1.37,1.00
2016.08.04 15:33:22.038,1.7207,1.72102,1.00,1.87
2016.08.04 15:33:22.418,1.72068,1.72101,1.37,1.00
2016.08.04 15:33:22.519,1.72069,1.72102,1.12,1.12
2016.08.04 15:33:22.621,1.72072,1.72103,1.00,1.37
2016.08.04 15:33:22.924,1.72068,1.72101,1.37,1.00
2016.08.04 15:33:22.975,1.72068,1.72101,1.87,1.00
2016.08.04 15:33:23.076,1.72068,1.72101,1.37,1.50
2016.08.04 15:33:23.187,1.72068,1.72101,1.37,1.87
2016.08.04 15:33:23.245,1.72066,1.72096,1.00,1.00
2016.08.04 15:33:23.448,1.72066,1.72098,1.00,1.12
2016.08.04 15:33:23.550,1.72062,1.72092,2.25,1.00
2016.08.04 15:33:23.652,1.72062,1.72095,1.75,1.00
2016.08.04 15:33:23.753,1.72065,1.72098,1.12,1.87
2016.08.04 15:33:23.956,1.72067,1.72098,1.00,1.12
2016.08.04 15:33:24.573,1.72067,1.72098,1.50,1.12
2016.08.04 15:33:25.101,1.72067,1.72098,1.50,1.50
2016.08.04 15:33:25.152,1.72065,1.72096,1.00,1.75
2016.08.04 15:33:25.202,1.72065,1.72096,1.00,1.37
2016.08.04 15:33:25.253,1.72062,1.72092,1.12,1.00
2016.08.04 15:33:25.373,1.72059,1.72092,1.37,1.87
2016.08.04 15:33:25.424,1.72059,1.72089,1.00,1.00
2016.08.04 15:33:25.575,1.72062,1.72089,1.50,1.00
2016.08.04 15:33:25.727,1.72062,1.72089,1.00,1.50
2016.08.04 15:33:25.778,1.72058,1.72089,1.00,1.50
2016.08.04 15:33:26.033,1.72056,1.72089,1.50,1.50
2016.08.04 15:33:26.134,1.72056,1.72086,1.00,1.00
2016.08.04 15:33:26.541,1.72057,1.72088,1.00,1.00
2016.08.04 15:33:26.715,1.72058,1.72089,1.00,1.50
2016.08.04 15:33:27.578,1.72061,1.72089,1.00,1.50
2016.08.04 15:33:28.477,1.72058,1.72089,1.00,1.50
2016.08.04 15:33:29.429,1.72056,1.72088,1.00,1.00
2016.08.04 15:33:29.768,1.72057,1.72088,1.00,1.50
2016.08.04 15:33:30.240,1.72055,1.72088,1.50,1.50
2016.08.04 15:33:30.291,1.72055,1.72088,1.50,1.37
2016.08.04 15:33:30.342,1.72057,1.72085,1.00,1.00
2016.08.04 15:33:30.449,1.72057,1.72085,1.00,1.37
2016.08.04 15:33:30.502,1.72057,1.72085,1.00,1.37
2016.08.04 15:33:31.057,1.72053,1.72083,1.00,1.00
2016.08.04 15:33:31.259,1.72055,1.72086,1.00,1.50
2016.08.04 15:33:31.821,1.72052,1.72088,1.50,2.25
2016.08.04 15:33:32.342,1.72057,1.72088,1.00,2.25
2016.08.04 15:33:34.424,1.72057,1.72086,1.00,1.50
2016.08.04 15:33:35.030,1.72056,1.72086,1.00,1.50
2016.08.04 15:33:37.490,1.72053,1.72086,1.00,1.50
2016.08.04 15:33:38.066,1.72053,1.72085,1.00,1.37
2016.08.04 15:33:38.116,1.72053,1.72085,1.00,1.37
2016.08.04 15:33:38.268,1.72052,1.72082,1.00,1.00
2016.08.04 15:33:39.240,1.72052,1.72083,1.00,1.00
2016.08.04 15:33:43.302,1.7205,1.72081,1.37,1.00
2016.08.04 15:33:43.542,1.7205,1.72083,1.87,1.00
2016.08.04 15:33:43.674,1.7205,1.72081,1.37,1.00
2016.08.04 15:33:43.842,1.7205,1.72083,1.87,1.00
2016.08.04 15:33:46.963,1.7205,1.72083,1.37,1.50
2016.08.04 15:33:47.115,1.7205,1.72083,1.00,1.87
2016.08.04 15:33:47.322,1.7205,1.72083,1.00,1.12
2016.08.04 15:33:47.373,1.72051,1.72085,1.00,2.25
2016.08.04 15:33:47.649,1.72052,1.72083,1.00,1.12
2016.08.04 15:33:48.199,1.72051,1.72083,1.00,1.12
2016.08.04 15:33:49.361,1.72052,1.72083,1.00,1.12
2016.08.04 15:33:50.483,1.72051,1.72083,1.00,1.12
2016.08.04 15:33:50.584,1.72051,1.72083,1.50,1.12
2016.08.04 15:33:50.755,1.72053,1.72085,1.00,2.25
2016.08.04 15:33:50.968,1.72054,1.72087,1.00,1.75
2016.08.04 15:33:51.574,1.72057,1.72087,1.00,1.75
2016.08.04 15:33:53.001,1.72056,1.72087,1.00,1.75
2016.08.04 15:33:53.769,1.72054,1.72087,1.00,1.75
2016.08.04 15:33:54.051,1.72054,1.72085,1.00,1.75
2016.08.04 15:33:54.381,1.72056,1.72087,1.00,1.75
2016.08.04 15:33:54.847,1.72056,1.72085,1.00,1.75
2016.08.04 15:33:55.884,1.72052,1.72086,1.50,1.75
2016.08.04 15:33:56.042,1.72054,1.72088,1.12,1.87
2016.08.04 15:33:56.095,1.72054,1.72088,1.12,1.50
2016.08.04 15:33:56.572,1.72056,1.72088,1.00,1.50
2016.08.04 15:33:56.623,1.72057,1.72088,1.00,1.00
2016.08.04 15:33:57.170,1.72057,1.72088,1.50,1.00
2016.08.04 15:33:57.603,1.72057,1.72088,2.25,1.00
2016.08.04 15:33:57.654,1.72057,1.72088,1.50,1.00
2016.08.04 15:33:58.009,1.72057,1.72087,1.50,1.00
2016.08.04 15:33:58.060,1.72057,1.72087,1.00,1.00
2016.08.04 15:33:58.110,1.72052,1.72082,3.00,1.00
2016.08.04 15:33:58.161,1.72052,1.72081,2.25,1.00
2016.08.04 15:33:58.212,1.72052,1.72082,2.25,1.00
2016.08.04 15:33:58.313,1.72052,1.72082,1.75,1.50
2016.08.04 15:33:58.554,1.72051,1.72082,1.75,1.00
2016.08.04 15:33:59.811,1.72051,1.72084,1.75,1.00
2016.08.04 15:34:00.311,1.72051,1.72083,1.75,1.00
2016.08.04 15:34:00.856,1.72052,1.72083,1.75,1.00
2016.08.04 15:34:01.172,1.72051,1.72083,2.25,1.00
2016.08.04 15:34:01.378,1.72051,1.72083,1.75,1.00
2016.08.04 15:34:01.479,1.72051,1.72083,2.25,1.00
2016.08.04 15:34:01.530,1.72055,1.72086,1.00,1.50
2016.08.04 15:34:01.682,1.72057,1.72086,1.00,1.50
2016.08.04 15:34:01.784,1.72055,1.72086,1.00,1.50
2016.08.04 15:34:02.036,1.72053,1.72085,1.50,1.00
2016.08.04 15:34:02.200,1.72056,1.72085,1.00,1.00
2016.08.04 15:34:02.314,1.72056,1.72086,1.00,1.50
2016.08.04 15:34:02.609,1.72057,1.72086,1.00,1.00
2016.08.04 15:34:03.501,1.72053,1.72083,2.25,1.00
2016.08.04 15:34:03.754,1.72053,1.72086,2.25,1.00
2016.08.04 15:34:03.804,1.72053,1.72086,1.50,1.50
2016.08.04 15:34:03.855,1.72061,1.72088,1.00,1.00
2016.08.04 15:34:03.906,1.72061,1.72091,1.00,1.75
2016.08.04 15:34:03.957,1.72061,1.72092,1.00,1.50
2016.08.04 15:34:04.425,1.7206,1.72091,1.12,1.00
2016.08.04 15:34:04.721,1.72061,1.72092,1.00,1.50
2016.08.04 15:34:04.937,1.72062,1.72092,1.00,1.00
2016.08.04 15:34:05.255,1.72061,1.72092,1.00,1.50
2016.08.04 15:34:10.633,1.72062,1.72092,1.00,1.00
2016.08.04 15:34:11.562,1.72062,1.72095,1.00,1.75
2016.08.04 15:34:12.128,1.72063,1.72095,1.00,1.75
2016.08.04 15:34:13.029,1.72065,1.72096,1.00,2.25
2016.08.04 15:34:13.241,1.72063,1.72093,1.00,1.12
2016.08.04 15:34:15.129,1.72063,1.72094,1.50,1.50
2016.08.04 15:34:15.647,1.72063,1.72093,1.00,1.12
2016.08.04 15:34:15.748,1.72063,1.72095,1.00,1.75
2016.08.04 15:34:16.229,1.72063,1.72092,1.00,1.00
2016.08.04 15:34:16.763,1.72063,1.72093,1.00,1.00
2016.08.04 15:34:17.066,1.72063,1.72095,1.00,1.00
2016.08.04 15:34:17.691,1.72062,1.72095,1.50,1.00
2016.08.04 15:34:26.102,1.72062,1.72095,2.25,1.00
2016.08.04 15:34:26.483,1.72065,1.72096,1.37,1.00
2016.08.04 15:34:26.534,1.72065,1.72096,1.75,1.00
2016.08.04 15:34:26.640,1.72071,1.72096,1.00,1.00
2016.08.04 15:34:26.690,1.72077,1.72105,1.00,1.37
2016.08.04 15:34:26.741,1.72077,1.72107,1.00,1.00
2016.08.04 15:34:26.792,1.72077,1.72107,1.37,1.00
2016.08.04 15:34:26.843,1.72076,1.72107,1.50,1.00
2016.08.04 15:34:27.045,1.72075,1.72107,1.75,1.00
2016.08.04 15:34:27.558,1.72077,1.72107,1.37,1.00
2016.08.04 15:34:27.999,1.72077,1.72107,1.50,1.00
2016.08.04 15:34:28.050,1.72085,1.72114,1.00,1.00
2016.08.04 15:34:28.100,1.72085,1.72116,1.37,1.50
2016.08.04 15:34:28.151,1.72086,1.72119,1.50,1.00
2016.08.04 15:34:28.252,1.72086,1.72116,1.75,1.00
2016.08.04 15:34:28.354,1.72086,1.72116,2.25,1.00
2016.08.04 15:34:28.556,1.72088,1.72116,1.75,1.00
2016.08.04 15:34:28.657,1.72088,1.72117,1.75,1.00
2016.08.04 15:34:28.773,1.72086,1.72119,1.75,1.00
2016.08.04 15:34:28.825,1.72086,1.72119,1.75,1.00
2016.08.04 15:34:29.028,1.72086,1.72119,1.75,1.00
2016.08.04 15:34:29.079,1.72089,1.72121,1.50,1.12
2016.08.04 15:34:29.231,1.72089,1.72121,1.50,1.00
2016.08.04 15:34:29.281,1.7209,1.72122,1.12,2.25
2016.08.04 15:34:29.433,1.7209,1.72122,1.12,1.50
2016.08.04 15:34:29.484,1.72091,1.72122,1.00,1.50
2016.08.04 15:34:29.737,1.72091,1.72122,1.50,1.37
2016.08.04 15:34:29.964,1.72091,1.72122,1.50,1.00
2016.08.04 15:34:30.145,1.72091,1.72124,1.00,1.50
2016.08.04 15:34:30.365,1.72091,1.7212,1.00,1.00
2016.08.04 15:34:30.416,1.72091,1.7212,1.75,1.00
2016.08.04 15:34:30.467,1.7209,1.72122,2.25,1.00
2016.08.04 15:34:30.568,1.72091,1.72122,1.75,1.00
2016.08.04 15:34:30.719,1.72091,1.72122,1.50,1.00
2016.08.04 15:34:30.821,1.72091,1.72124,1.50,1.00
2016.08.04 15:34:30.872,1.72094,1.72124,1.00,1.00
2016.08.04 15:34:30.923,1.72094,1.72124,1.50,1.00
2016.08.04 15:34:30.973,1.72095,1.72127,1.12,1.00
2016.08.04 15:34:31.183,1.72095,1.72129,1.87,1.00
2016.08.04 15:34:31.234,1.72095,1.72129,2.25,1.00
2016.08.04 15:34:32.048,1.72097,1.72129,1.75,1.00
2016.08.04 15:34:32.267,1.72097,1.72132,1.75,1.00
2016.08.04 15:34:32.498,1.72099,1.7213,1.12,1.00
2016.08.04 15:34:32.754,1.72099,1.72132,1.12,1.00
2016.08.04 15:34:33.350,1.72098,1.72131,1.50,1.00
2016.08.04 15:34:33.608,1.72097,1.72129,1.75,1.00
2016.08.04 15:34:34.250,1.72099,1.7213,1.12,1.00
2016.08.04 15:34:34.457,1.721,1.72131,1.00,1.00
2016.08.04 15:34:34.864,1.72095,1.72128,1.75,1.00
2016.08.04 15:34:34.965,1.72094,1.72124,2.25,1.00
2016.08.04 15:34:35.884,1.72095,1.72126,1.00,1.00
2016.08.04 15:34:36.064,1.72097,1.72129,1.00,1.00
2016.08.04 15:34:36.115,1.72097,1.7213,1.37,1.37
2016.08.04 15:34:36.166,1.72097,1.7213,1.75,1.00
2016.08.04 15:34:36.267,1.72098,1.72132,1.50,1.00
2016.08.04 15:34:36.369,1.72098,1.72132,1.50,1.00
2016.08.04 15:34:36.470,1.72101,1.72132,1.00,1.00
2016.08.04 15:34:36.571,1.72098,1.72131,1.50,1.00
2016.08.04 15:34:36.673,1.72101,1.72131,1.00,1.00
2016.08.04 15:34:38.155,1.72098,1.72132,1.50,1.00
2016.08.04 15:34:38.455,1.721,1.72132,1.00,1.00
2016.08.04 15:34:39.236,1.72098,1.72132,1.50,1.00
2016.08.04 15:34:39.957,1.72098,1.72134,1.50,1.87
2016.08.04 15:34:40.357,1.72096,1.72131,1.75,1.00
2016.08.04 15:34:41.039,1.72096,1.72131,1.75,1.00
2016.08.04 15:34:41.140,1.72096,1.72132,1.75,1.00
2016.08.04 15:34:41.191,1.72097,1.72127,1.75,1.00
2016.08.04 15:34:41.292,1.72097,1.72131,1.75,1.50
2016.08.04 15:34:41.343,1.72097,1.72127,1.00,1.00
2016.08.04 15:34:41.409,1.72094,1.72127,1.50,1.00
2016.08.04 15:34:41.510,1.72095,1.72127,1.00,1.00
2016.08.04 15:34:41.834,1.72095,1.72127,1.37,1.00
2016.08.04 15:34:41.884,1.72095,1.72127,1.75,1.00
2016.08.04 15:34:42.065,1.72095,1.72127,1.75,1.50
2016.08.04 15:34:42.760,1.72095,1.72127,1.75,1.00
2016.08.04 15:34:42.920,1.72097,1.72127,1.00,1.00
2016.08.04 15:34:43.473,1.72097,1.72127,1.00,1.00
2016.08.04 15:34:43.930,1.72095,1.72127,1.75,1.00
2016.08.04 15:34:43.981,1.72096,1.72127,1.00,1.00
2016.08.04 15:34:45.021,1.72095,1.72127,1.75,1.00
2016.08.04 15:34:45.072,1.72095,1.72128,1.75,1.50
2016.08.04 15:34:45.949,1.72095,1.72128,1.75,1.50
2016.08.04 15:34:46.049,1.72095,1.72128,1.37,1.50
2016.08.04 15:34:46.124,1.72095,1.72128,1.12,1.50
2016.08.04 15:34:46.499,1.72095,1.72128,1.12,1.00
2016.08.04 15:34:47.096,1.72091,1.72128,2.25,1.00
2016.08.04 15:34:48.386,1.72091,1.72119,1.37,1.00
2016.08.04 15:34:48.437,1.72084,1.72119,1.75,1.00
2016.08.04 15:34:48.488,1.72084,1.72121,1.75,1.12
2016.08.04 15:34:48.622,1.72084,1.72121,1.75,1.12
2016.08.04 15:34:48.672,1.72087,1.72121,1.12,1.12
2016.08.04 15:34:48.723,1.72087,1.72121,1.87,1.12
2016.08.04 15:34:48.875,1.72087,1.72121,1.50,1.12
2016.08.04 15:34:48.925,1.72091,1.72125,1.12,1.37
2016.08.04 15:34:48.976,1.72091,1.72128,1.50,1.75
2016.08.04 15:34:49.178,1.72091,1.72126,1.50,1.12
2016.08.04 15:34:49.280,1.72091,1.72125,1.50,1.00
2016.08.04 15:34:49.381,1.72091,1.72126,1.50,1.12
2016.08.04 15:34:49.432,1.7209,1.72126,1.75,1.12
2016.08.04 15:34:49.483,1.7209,1.72122,1.75,1.00
2016.08.04 15:34:49.585,1.7209,1.72122,1.37,1.00
2016.08.04 15:34:49.635,1.72091,1.72122,1.00,1.37
2016.08.04 15:34:49.819,1.72091,1.72122,1.00,1.87
2016.08.04 15:34:50.072,1.7209,1.72121,1.00,1.12
2016.08.04 15:34:52.060,1.7209,1.72122,1.00,1.37
2016.08.04 15:34:52.110,1.7209,1.72121,1.00,1.12
2016.08.04 15:34:52.400,1.72081,1.72105,1.87,1.00
2016.08.04 15:34:52.452,1.72081,1.72105,1.50,1.00
2016.08.04 15:34:52.503,1.72072,1.72102,1.00,1.50
2016.08.04 15:34:52.604,1.72067,1.72104,2.62,1.12
2016.08.04 15:34:52.654,1.72067,1.72104,2.62,1.50
2016.08.04 15:34:53.236,1.72069,1.72106,1.00,2.25
2016.08.04 15:34:53.409,1.72068,1.72105,1.00,1.75
2016.08.04 15:34:53.581,1.72067,1.72103,1.87,1.87
2016.08.04 15:34:53.682,1.72067,1.72101,1.87,1.00
2016.08.04 15:34:53.935,1.72066,1.72101,1.37,1.00
2016.08.04 15:34:55.508,1.72067,1.72098,1.12,1.00
2016.08.04 15:34:55.609,1.72061,1.72089,3.00,1.00
2016.08.04 15:34:55.710,1.72057,1.72092,1.75,1.00
2016.08.04 15:34:55.761,1.72057,1.72092,1.37,1.37
2016.08.04 15:34:55.811,1.72056,1.7209,1.00,1.12
2016.08.04 15:34:55.967,1.72056,1.7209,1.00,1.87
2016.08.04 15:34:56.470,1.72057,1.72087,1.00,1.00
2016.08.04 15:34:56.572,1.72056,1.72089,1.00,1.00
2016.08.04 15:34:56.677,1.72056,1.7209,1.00,1.12
2016.08.04 15:34:56.895,1.72056,1.72087,1.00,1.00
2016.08.04 15:34:56.996,1.72056,1.7209,1.00,1.12
2016.08.04 15:34:57.047,1.72058,1.7209,1.00,1.12
2016.08.04 15:34:57.098,1.72058,1.72086,1.00,1.00
2016.08.04 15:34:57.694,1.72058,1.72087,1.00,1.00
2016.08.04 15:34:57.808,1.72062,1.72087,1.00,1.00
2016.08.04 15:34:57.909,1.72062,1.72089,1.00,1.00
2016.08.04 15:34:58.646,1.72062,1.72085,1.00,1.00
2016.08.04 15:34:58.748,1.72058,1.72085,1.00,1.00
2016.08.04 15:34:58.798,1.72058,1.72083,1.00,1.00
2016.08.04 15:34:58.849,1.72057,1.72083,2.25,1.00
2016.08.04 15:34:58.950,1.72057,1.72083,1.50,1.00
2016.08.04 15:34:59.051,1.72058,1.72083,1.00,1.00
2016.08.04 15:34:59.203,1.72058,1.72087,1.00,1.00
2016.08.04 15:34:59.754,1.72057,1.72088,2.25,1.00
2016.08.04 15:35:00.182,1.72057,1.72081,2.25,1.00
2016.08.04 15:35:00.233,1.72058,1.72081,1.00,1.00
2016.08.04 15:35:00.537,1.72057,1.72081,1.50,1.00
2016.08.04 15:35:00.588,1.72058,1.72084,1.00,1.00
2016.08.04 15:35:00.638,1.72058,1.72084,1.50,1.00
2016.08.04 15:35:00.740,1.72058,1.72084,1.00,1.00
2016.08.04 15:35:00.918,1.72058,1.72084,1.00,1.00
2016.08.04 15:35:01.319,1.72058,1.72082,1.00,1.00
2016.08.04 15:35:01.369,1.72053,1.72082,1.75,1.00
2016.08.04 15:35:01.420,1.72053,1.72085,1.50,1.00
2016.08.04 15:35:01.521,1.72053,1.72085,2.25,1.00
2016.08.04 15:35:01.622,1.72053,1.72084,1.50,1.00
2016.08.04 15:35:01.926,1.72053,1.72082,1.50,1.00
2016.08.04 15:35:02.269,1.72054,1.7208,1.12,1.00
2016.08.04 15:35:02.418,1.72056,1.7208,1.00,1.00
2016.08.04 15:35:02.621,1.72052,1.72081,1.75,1.00
2016.08.04 15:35:02.972,1.72052,1.7208,1.37,1.00
2016.08.04 15:35:03.023,1.72049,1.7208,1.00,1.00
2016.08.04 15:35:03.210,1.72047,1.7208,2.25,1.00
2016.08.04 15:35:03.261,1.72047,1.7208,1.50,1.00
2016.08.04 15:35:03.312,1.72047,1.72078,1.00,1.00
2016.08.04 15:35:03.636,1.72051,1.72078,1.00,1.00
2016.08.04 15:35:03.687,1.72051,1.72078,1.37,1.00
2016.08.04 15:35:03.737,1.72053,1.72082,1.00,1.00
2016.08.04 15:35:03.788,1.72055,1.72089,1.87,1.37
2016.08.04 15:35:03.839,1.72056,1.72089,1.75,1.00
2016.08.04 15:35:03.940,1.72055,1.72089,2.25,1.00
2016.08.04 15:35:04.142,1.72062,1.72089,1.00,1.00
2016.08.04 15:35:04.306,1.72065,1.72097,1.12,1.37
2016.08.04 15:35:04.357,1.72065,1.72097,1.12,1.00
2016.08.04 15:35:04.407,1.72066,1.72099,1.00,1.12
2016.08.04 15:35:04.458,1.72066,1.72093,1.00,1.00
2016.08.04 15:35:04.509,1.72063,1.72083,1.00,1.00
2016.08.04 15:35:04.559,1.72053,1.72083,1.87,1.00
2016.08.04 15:35:04.610,1.72053,1.72081,1.75,1.00
2016.08.04 15:35:04.711,1.72052,1.72083,1.00,1.00
2016.08.04 15:35:04.761,1.72054,1.72083,1.00,1.00
2016.08.04 15:35:04.812,1.72057,1.72083,1.00,1.00
2016.08.04 15:35:04.913,1.72057,1.72091,1.00,1.50
2016.08.04 15:35:05.014,1.72057,1.72092,1.00,1.75
2016.08.04 15:35:05.206,1.7206,1.72093,1.12,1.00
2016.08.04 15:35:05.730,1.72062,1.72095,1.00,1.12
2016.08.04 15:35:05.932,1.72062,1.72096,1.00,1.50
2016.08.04 15:35:06.229,1.72065,1.72098,1.00,2.25
2016.08.04 15:35:07.130,1.72065,1.72096,1.00,1.50
2016.08.04 15:35:07.333,1.72062,1.72096,1.00,1.50
2016.08.04 15:35:07.510,1.72066,1.72098,1.00,3.00
2016.08.04 15:35:07.893,1.72063,1.72096,1.00,1.50
2016.08.04 15:35:08.237,1.7206,1.72091,1.12,1.00
2016.08.04 15:35:08.395,1.7206,1.72089,1.12,1.00
2016.08.04 15:35:09.022,1.7206,1.7209,1.12,1.00
2016.08.04 15:35:09.416,1.7206,1.72093,1.12,1.00
2016.08.04 15:35:09.981,1.7206,1.72092,1.12,1.00
2016.08.04 15:35:11.268,1.72059,1.72092,2.25,1.00
2016.08.04 15:35:11.319,1.72059,1.72091,1.50,1.00
2016.08.04 15:35:11.895,1.7206,1.72087,1.12,1.00
2016.08.04 15:35:12.421,1.7206,1.72086,1.12,1.00
2016.08.04 15:35:12.874,1.72054,1.72086,2.25,1.00
2016.08.04 15:35:13.060,1.72055,1.72086,1.00,1.00
2016.08.04 15:35:16.231,1.72055,1.72083,1.00,1.00
2016.08.04 15:35:16.333,1.72055,1.72081,1.00,1.00
2016.08.04 15:35:16.434,1.72055,1.72084,1.00,1.00
2016.08.04 15:35:16.536,1.72054,1.72082,1.00,1.00
2016.08.04 15:35:16.746,1.72054,1.72085,1.00,1.00
2016.08.04 15:35:16.904,1.72054,1.72083,1.00,1.00
2016.08.04 15:35:17.408,1.72051,1.72086,1.50,1.50
2016.08.04 15:35:17.509,1.72052,1.72086,1.00,1.00
2016.08.04 15:35:17.813,1.72054,1.72086,1.00,1.00
2016.08.04 15:35:17.914,1.72053,1.72086,1.50,1.00
2016.08.04 15:35:18.015,1.72054,1.72086,1.00,1.00
2016.08.04 15:35:18.730,1.72055,1.72086,1.00,1.00
2016.08.04 15:35:19.111,1.72055,1.7209,1.12,2.25
2016.08.04 15:35:19.162,1.72055,1.7209,1.12,1.87
2016.08.04 15:35:19.906,1.72055,1.72088,1.12,1.00
2016.08.04 15:35:20.306,1.72056,1.72088,1.00,1.00
2016.08.04 15:35:20.512,1.72053,1.72087,2.25,1.00
2016.08.04 15:35:20.998,1.72053,1.72087,1.75,1.00
2016.08.04 15:35:21.049,1.72052,1.72085,2.25,1.00
2016.08.04 15:35:21.099,1.72052,1.72085,3.00,1.00
2016.08.04 15:35:21.314,1.72052,1.7208,1.75,1.00
2016.08.04 15:35:21.364,1.72049,1.7208,1.50,1.00
2016.08.04 15:35:21.415,1.72044,1.72075,2.25,1.00
2016.08.04 15:35:21.467,1.72044,1.72075,1.75,1.00
2016.08.04 15:35:21.517,1.72044,1.72076,2.25,1.00
2016.08.04 15:35:23.352,1.72051,1.72076,1.00,1.00
2016.08.04 15:35:23.403,1.72054,1.72076,1.00,1.00
2016.08.04 15:35:23.454,1.72054,1.72083,1.00,1.00
2016.08.04 15:35:23.555,1.72057,1.72083,1.00,1.00
2016.08.04 15:35:23.610,1.72057,1.72085,1.00,1.00
2016.08.04 15:35:24.156,1.72057,1.72085,1.00,1.50
2016.08.04 15:35:24.210,1.72057,1.72085,1.00,1.00
2016.08.04 15:35:24.832,1.72057,1.72086,1.12,1.37
2016.08.04 15:35:24.883,1.72057,1.72086,1.12,1.00
2016.08.04 15:35:24.934,1.72057,1.7209,1.12,1.87
2016.08.04 15:35:24.985,1.72061,1.7209,1.00,1.87
2016.08.04 15:35:25.503,1.72061,1.7209,1.00,1.50
2016.08.04 15:35:25.554,1.72061,1.7209,1.00,1.12
2016.08.04 15:35:25.658,1.72061,1.72091,1.00,1.50
2016.08.04 15:35:25.712,1.7206,1.7209,1.00,1.12
2016.08.04 15:35:25.763,1.72062,1.7209,1.00,1.12
2016.08.04 15:35:26.340,1.72062,1.72091,1.00,1.50
2016.08.04 15:35:29.159,1.72061,1.72091,1.00,1.50
2016.08.04 15:35:29.262,1.72062,1.7209,1.00,1.12
2016.08.04 15:35:29.660,1.7206,1.7209,1.00,1.12
2016.08.04 15:35:30.518,1.7206,1.7209,1.00,1.87
2016.08.04 15:35:30.670,1.72061,1.7209,1.00,1.87
2016.08.04 15:35:30.771,1.7206,1.7209,1.00,1.87
2016.08.04 15:35:30.833,1.72058,1.7209,1.00,1.87
2016.08.04 15:35:30.948,1.72068,1.72093,1.00,1.75
2016.08.04 15:35:30.999,1.72082,1.72093,1.00,1.75
2016.08.04 15:35:31.049,1.72082,1.72099,1.00,2.47
2016.08.04 15:35:31.100,1.72077,1.72099,2.25,2.47
2016.08.04 15:35:31.151,1.72083,1.721,1.00,2.10
2016.08.04 15:35:31.202,1.72083,1.72113,1.00,1.75
2016.08.04 15:35:31.253,1.72086,1.72113,1.00,1.00
2016.08.04 15:35:31.355,1.7209,1.72116,1.00,1.12
2016.08.04 15:35:31.406,1.7209,1.72116,1.50,1.12
2016.08.04 15:35:31.456,1.7209,1.72118,1.50,1.00
2016.08.04 15:35:31.507,1.7209,1.72118,1.00,1.00
2016.08.04 15:35:31.558,1.72082,1.72116,1.00,1.87
2016.08.04 15:35:31.609,1.72086,1.72116,1.00,1.87
2016.08.04 15:35:31.659,1.72091,1.7212,1.00,1.50
2016.08.04 15:35:31.876,1.72086,1.72119,1.12,1.00
2016.08.04 15:35:31.928,1.72108,1.72123,1.00,1.75
2016.08.04 15:35:31.979,1.72114,1.72123,1.00,1.75
2016.08.04 15:35:32.030,1.72109,1.72131,1.00,2.47
2016.08.04 15:35:32.081,1.72109,1.72139,1.00,1.75
2016.08.04 15:35:32.132,1.72103,1.72136,1.00,1.75
2016.08.04 15:35:32.183,1.72106,1.72136,1.00,1.00
2016.08.04 15:35:32.234,1.72106,1.72131,1.00,1.00
2016.08.04 15:35:32.284,1.72102,1.72131,1.00,1.00
2016.08.04 15:35:32.335,1.721,1.72132,1.00,1.00
2016.08.04 15:35:32.386,1.721,1.7213,1.00,1.00
2016.08.04 15:35:32.961,1.72102,1.7213,1.00,1.00
2016.08.04 15:35:33.062,1.72099,1.7213,1.00,1.00
2016.08.04 15:35:33.336,1.72099,1.7213,1.00,1.00
2016.08.04 15:35:34.037,1.72099,1.7213,1.00,1.00
2016.08.04 15:35:34.239,1.721,1.7213,1.00,1.00
2016.08.04 15:35:34.577,1.721,1.7213,1.00,1.00
2016.08.04 15:35:34.678,1.721,1.7213,1.00,1.00
2016.08.04 15:35:35.086,1.721,1.7213,1.00,1.00
2016.08.04 15:35:36.325,1.72099,1.7213,1.00,1.00
2016.08.04 15:35:36.441,1.72099,1.7213,1.00,1.00
2016.08.04 15:35:36.542,1.72104,1.7213,1.00,1.00
2016.08.04 15:35:36.593,1.72104,1.72132,1.00,1.12
2016.08.04 15:35:36.644,1.72104,1.72136,1.00,1.75
2016.08.04 15:35:36.694,1.72104,1.72136,1.12,1.00
2016.08.04 15:35:36.745,1.72108,1.7214,1.00,1.37
2016.08.04 15:35:36.846,1.72108,1.72139,1.00,1.12
2016.08.04 15:35:37.135,1.72111,1.72142,1.00,1.75
2016.08.04 15:35:37.236,1.7211,1.72141,1.00,1.50
2016.08.04 15:35:37.682,1.72109,1.72141,1.00,1.50
2016.08.04 15:35:37.732,1.7211,1.72143,1.00,1.75
2016.08.04 15:35:37.944,1.72109,1.72141,1.00,1.50
2016.08.04 15:35:38.871,1.72106,1.72139,1.00,1.12
2016.08.04 15:35:39.477,1.72106,1.72135,1.00,1.00
2016.08.04 15:35:39.528,1.72105,1.72135,1.50,1.00
2016.08.04 15:35:39.651,1.72105,1.72138,1.50,1.00
2016.08.04 15:35:40.211,1.72105,1.72136,1.00,1.00
2016.08.04 15:35:40.413,1.72105,1.72139,1.50,1.12
2016.08.04 15:35:40.624,1.72105,1.72135,1.00,1.00
2016.08.04 15:35:41.126,1.72105,1.72134,1.00,1.00
2016.08.04 15:35:42.113,1.72105,1.72137,1.00,1.00
2016.08.04 15:35:42.264,1.72105,1.72137,1.00,1.87
2016.08.04 15:35:42.432,1.72105,1.72134,1.00,1.00
2016.08.04 15:35:43.042,1.72105,1.72135,1.00,1.00
2016.08.04 15:35:43.244,1.72103,1.72135,1.00,1.00
2016.08.04 15:35:43.351,1.72101,1.72132,1.50,1.00
2016.08.04 15:35:44.235,1.72104,1.72134,1.00,1.00
2016.08.04 15:35:44.615,1.72101,1.72134,1.50,1.00
2016.08.04 15:35:44.815,1.72105,1.72135,1.00,1.00
2016.08.04 15:35:45.858,1.72106,1.72137,1.00,1.87
2016.08.04 15:35:46.432,1.72103,1.72135,1.00,1.00
2016.08.04 15:35:46.534,1.72102,1.72136,1.00,1.12
2016.08.04 15:35:46.585,1.72102,1.72128,1.00,1.00
2016.08.04 15:35:46.635,1.72098,1.72126,1.50,1.00
2016.08.04 15:35:46.686,1.72092,1.72126,1.00,2.25
2016.08.04 15:35:46.787,1.72092,1.7212,1.00,1.00
2016.08.04 15:35:46.838,1.72089,1.7212,1.00,1.00
2016.08.04 15:35:47.351,1.7209,1.72121,1.00,1.00
2016.08.04 15:35:47.402,1.7209,1.72127,1.00,3.00
2016.08.04 15:35:47.453,1.72092,1.72125,1.00,1.50
2016.08.04 15:35:47.857,1.72094,1.72127,1.00,2.25
2016.08.04 15:35:48.044,1.72093,1.72127,1.00,3.00
2016.08.04 15:35:48.297,1.72093,1.72126,1.00,1.75
2016.08.04 15:35:48.347,1.72091,1.72124,1.00,1.12
2016.08.04 15:35:48.448,1.72089,1.72125,1.00,1.50
2016.08.04 15:35:48.499,1.72089,1.72122,1.00,1.00
2016.08.04 15:35:48.550,1.72087,1.7212,1.50,1.00
2016.08.04 15:35:48.602,1.72087,1.7212,1.00,1.75
2016.08.04 15:35:48.652,1.72088,1.72122,1.00,1.75
2016.08.04 15:35:49.161,1.72089,1.72121,1.00,1.75
2016.08.04 15:35:49.423,1.72089,1.72122,1.00,2.25
2016.08.04 15:35:49.653,1.72089,1.72122,1.00,1.75
2016.08.04 15:35:50.192,1.72088,1.72117,1.00,1.00
2016.08.04 15:35:50.243,1.72084,1.72114,1.50,1.00
2016.08.04 15:35:50.293,1.72083,1.72114,1.00,1.12
2016.08.04 15:35:50.344,1.72081,1.72112,1.12,1.00
2016.08.04 15:35:50.395,1.72081,1.72112,1.00,2.25
2016.08.04 15:35:50.446,1.72079,1.72111,1.00,1.37
2016.08.04 15:35:50.771,1.72079,1.72109,1.00,1.00
2016.08.04 15:35:50.872,1.72075,1.72107,1.50,1.00
2016.08.04 15:35:50.923,1.72073,1.72105,1.00,1.75
2016.08.04 15:35:51.152,1.72071,1.72105,1.00,2.25
2016.08.04 15:35:51.853,1.72072,1.72104,1.00,1.50
2016.08.04 15:35:53.474,1.72074,1.72105,1.00,1.75
2016.08.04 15:35:53.525,1.72074,1.72107,1.12,1.00
2016.08.04 15:35:53.576,1.72086,1.72111,1.00,1.75
2016.08.04 15:35:53.627,1.72086,1.72115,1.00,1.00
2016.08.04 15:35:53.829,1.72089,1.72119,1.00,1.00
2016.08.04 15:35:54.033,1.72091,1.72119,1.00,1.00
2016.08.04 15:35:56.667,1.72089,1.72119,1.00,1.00
2016.08.04 15:35:56.768,1.72087,1.72119,1.00,1.50
2016.08.04 15:35:56.870,1.72089,1.72119,1.00,1.00
2016.08.04 15:35:58.131,1.7209,1.72119,1.00,1.00
2016.08.04 15:36:00.077,1.72089,1.72119,1.00,1.00
2016.08.04 15:36:00.178,1.72086,1.72119,1.00,1.50
2016.08.04 15:36:00.831,1.72086,1.72115,1.00,1.00
2016.08.04 15:36:00.882,1.72084,1.72107,1.00,1.00
2016.08.04 15:36:01.034,1.72076,1.72107,1.00,1.50
2016.08.04 15:36:01.084,1.7208,1.72107,1.00,1.00
2016.08.04 15:36:01.185,1.7208,1.7211,1.00,1.00
2016.08.04 15:36:01.337,1.7208,1.72111,1.50,1.00
2016.08.04 15:36:03.157,1.72082,1.72114,1.00,1.00
2016.08.04 15:36:04.536,1.72082,1.72113,1.00,1.00
2016.08.04 15:36:04.707,1.72082,1.72113,1.00,1.37
2016.08.04 15:36:04.758,1.72082,1.72111,1.00,1.00
2016.08.04 15:36:05.187,1.72076,1.72111,1.50,1.00
2016.08.04 15:36:05.906,1.72076,1.72112,1.12,1.75
2016.08.04 15:36:05.957,1.72076,1.72106,1.00,1.12
2016.08.04 15:36:06.160,1.72077,1.72108,1.00,1.50
2016.08.04 15:36:06.212,1.72077,1.72108,1.00,1.12
2016.08.04 15:36:06.262,1.72076,1.72108,1.12,1.00
2016.08.04 15:36:06.363,1.72073,1.72103,1.75,1.00
2016.08.04 15:36:06.414,1.72073,1.72103,1.37,1.00
2016.08.04 15:36:06.465,1.72073,1.72103,1.00,1.00
2016.08.04 15:36:06.516,1.72072,1.72103,1.00,1.50
2016.08.04 15:36:06.568,1.72071,1.72101,1.00,1.00
2016.08.04 15:36:07.024,1.7207,1.72101,1.00,1.50
2016.08.04 15:36:07.168,1.72068,1.72098,1.00,1.00
2016.08.04 15:36:13.556,1.72065,1.72098,1.87,1.00
2016.08.04 15:36:13.749,1.72065,1.72098,1.37,1.00
2016.08.04 15:36:14.049,1.72066,1.72097,1.12,1.00
2016.08.04 15:36:14.836,1.72066,1.72097,1.12,1.37
2016.08.04 15:36:14.890,1.72064,1.72096,1.37,1.87
2016.08.04 15:36:14.941,1.72064,1.72095,1.00,1.75
2016.08.04 15:36:15.143,1.72062,1.72093,1.50,1.12
2016.08.04 15:36:15.244,1.72063,1.72094,1.00,1.50
2016.08.04 15:36:15.346,1.72063,1.72092,1.00,1.00
2016.08.04 15:36:15.549,1.72061,1.72092,1.00,1.00
2016.08.04 15:36:17.042,1.72059,1.72092,1.50,1.00
2016.08.04 15:36:17.816,1.72059,1.72092,1.50,1.00
2016.08.04 15:36:18.263,1.7206,1.72091,1.12,1.00
2016.08.04 15:36:18.519,1.72059,1.72093,1.50,1.12
2016.08.04 15:36:18.853,1.72059,1.72092,1.50,1.00
2016.08.04 15:36:19.721,1.72059,1.72093,1.50,1.12
2016.08.04 15:36:24.131,1.72061,1.72092,1.00,1.00
2016.08.04 15:36:24.365,1.7206,1.72092,1.12,1.00
2016.08.04 15:36:24.531,1.7206,1.72093,1.12,1.12
2016.08.04 15:36:32.542,1.72063,1.72094,1.00,1.50
2016.08.04 15:36:32.664,1.72068,1.72096,1.00,1.00
2016.08.04 15:36:32.715,1.72068,1.72099,1.00,1.50
2016.08.04 15:36:32.766,1.72072,1.721,1.00,1.75
2016.08.04 15:36:32.867,1.7207,1.72095,1.00,1.00
2016.08.04 15:36:32.969,1.72067,1.72095,1.00,1.00
2016.08.04 15:36:33.560,1.72066,1.72095,1.00,1.00
2016.08.04 15:36:33.863,1.72062,1.72095,1.75,1.50
2016.08.04 15:36:34.643,1.72062,1.72095,1.75,1.50
2016.08.04 15:36:34.694,1.72062,1.72093,1.75,1.00
2016.08.04 15:36:34.796,1.72062,1.72093,1.00,1.50
2016.08.04 15:36:34.847,1.72062,1.72093,1.00,1.50
2016.08.04 15:36:36.493,1.72062,1.72089,1.00,1.00
2016.08.04 15:36:36.594,1.7206,1.72089,1.00,1.00
2016.08.04 15:36:36.745,1.72059,1.72089,1.50,1.00
2016.08.04 15:36:37.675,1.72059,1.72089,1.00,1.00
2016.08.04 15:36:37.979,1.72057,1.72089,1.37,1.00
2016.08.04 15:36:38.173,1.72056,1.72087,1.50,1.00
2016.08.04 15:36:38.392,1.72056,1.72086,1.00,1.00
2016.08.04 15:36:38.929,1.72055,1.72086,1.00,1.00
2016.08.04 15:36:39.413,1.72057,1.72086,1.00,1.00
2016.08.04 15:36:39.984,1.72058,1.72086,1.00,1.00
2016.08.04 15:36:44.676,1.72053,1.72082,1.00,1.00
2016.08.04 15:36:44.778,1.72051,1.7208,1.00,1.00
2016.08.04 15:36:44.828,1.72047,1.7208,1.50,1.00
2016.08.04 15:36:44.879,1.72047,1.72079,1.00,1.00
2016.08.04 15:36:44.930,1.72047,1.72079,1.00,1.75
2016.08.04 15:36:45.761,1.72049,1.7208,1.00,1.75
2016.08.04 15:36:46.141,1.7205,1.72083,1.00,1.75
2016.08.04 15:36:46.243,1.72049,1.7208,1.00,1.75
2016.08.04 15:36:47.354,1.72047,1.72081,1.50,1.75
2016.08.04 15:36:47.571,1.72049,1.7208,1.00,1.75
2016.08.04 15:36:47.825,1.72052,1.72082,1.00,1.12
2016.08.04 15:36:48.269,1.72054,1.72082,1.00,1.12
2016.08.04 15:36:48.421,1.72055,1.72083,1.00,1.50
2016.08.04 15:36:48.573,1.72052,1.72083,1.00,1.50
2016.08.04 15:36:49.113,1.72051,1.72083,1.00,1.50
2016.08.04 15:36:50.051,1.72051,1.72082,1.00,1.12
2016.08.04 15:36:51.185,1.72045,1.72078,2.25,1.00
2016.08.04 15:36:51.235,1.72045,1.72078,1.50,1.50
2016.08.04 15:36:51.387,1.72044,1.72072,1.12,1.00
2016.08.04 15:36:51.438,1.72041,1.72072,1.75,1.00
2016.08.04 15:36:51.539,1.72041,1.72072,1.00,1.00
2016.08.04 15:36:51.590,1.7204,1.72071,1.50,1.00
2016.08.04 15:36:52.166,1.72041,1.72072,1.00,1.00
2016.08.04 15:36:54.250,1.7204,1.7207,2.25,1.00
2016.08.04 15:36:54.589,1.72041,1.72072,1.00,1.00
2016.08.04 15:36:54.874,1.7204,1.7207,2.25,1.00
2016.08.04 15:36:56.252,1.7204,1.72073,1.50,1.12
2016.08.04 15:36:56.579,1.72041,1.72073,1.00,1.12
2016.08.04 15:36:56.683,1.72041,1.72073,1.50,1.12
2016.08.04 15:36:59.516,1.72046,1.72075,1.00,1.75
2016.08.04 15:36:59.637,1.72046,1.72075,1.00,1.00
2016.08.04 15:36:59.739,1.72046,1.7208,1.00,1.50
2016.08.04 15:36:59.800,1.72045,1.72079,1.00,1.00
2016.08.04 15:37:00.680,1.72045,1.72076,1.00,1.00
2016.08.04 15:37:03.405,1.72045,1.72074,1.00,1.00
2016.08.04 15:37:03.971,1.72045,1.72064,1.00,1.00
2016.08.04 15:37:04.024,1.72032,1.72064,1.84,1.00
2016.08.04 15:37:04.075,1.72035,1.72068,1.00,2.25
2016.08.04 15:37:04.227,1.72036,1.72068,1.50,1.00
2016.08.04 15:37:04.278,1.72042,1.72071,1.00,1.00
2016.08.04 15:37:04.430,1.72042,1.72073,1.00,1.00
2016.08.04 15:37:04.531,1.72042,1.72074,1.00,1.50
2016.08.04 15:37:04.985,1.72042,1.72074,1.00,1.00
2016.08.04 15:37:05.087,1.7204,1.72072,2.25,1.00
2016.08.04 15:37:05.598,1.72047,1.72078,1.00,1.75
2016.08.04 15:37:05.649,1.72047,1.72078,1.00,1.50
2016.08.04 15:37:05.851,1.72047,1.72078,1.50,1.00
2016.08.04 15:37:06.213,1.72049,1.72078,1.00,1.00
2016.08.04 15:37:06.759,1.7205,1.72078,1.00,1.00
2016.08.04 15:37:07.364,1.72051,1.72078,1.00,1.00
2016.08.04 15:37:07.671,1.72049,1.72078,1.50,1.00
2016.08.04 15:37:11.606,1.72049,1.72078,1.00,1.00
2016.08.04 15:37:11.870,1.72052,1.72079,1.00,1.00
2016.08.04 15:37:12.371,1.7205,1.72079,1.00,1.00
2016.08.04 15:37:12.797,1.72052,1.72079,1.00,1.00
2016.08.04 15:37:13.066,1.72052,1.72081,1.00,1.00
2016.08.04 15:37:13.117,1.72054,1.72081,1.00,1.00
2016.08.04 15:37:13.168,1.72054,1.72085,1.00,1.50
2016.08.04 15:37:13.370,1.72052,1.7208,1.00,1.00
2016.08.04 15:37:13.421,1.72052,1.72078,1.00,1.00
2016.08.04 15:37:13.471,1.72049,1.72075,1.12,1.00
2016.08.04 15:37:13.522,1.72043,1.72075,1.75,1.50
2016.08.04 15:37:13.573,1.72041,1.72072,1.75,1.00
2016.08.04 15:37:13.674,1.72041,1.72072,1.12,1.00
2016.08.04 15:37:13.986,1.7204,1.72074,2.25,1.00
2016.08.04 15:37:14.087,1.72042,1.72075,1.00,1.00
2016.08.04 15:37:15.381,1.72045,1.72075,1.00,1.00
2016.08.04 15:37:16.120,1.72041,1.72075,1.12,1.00
2016.08.04 15:37:16.322,1.72043,1.72075,1.00,1.50
2016.08.04 15:37:16.480,1.72043,1.72074,1.00,1.00
2016.08.04 15:37:16.781,1.72044,1.72075,1.00,1.50
2016.08.04 15:37:17.319,1.72043,1.72074,1.00,1.00
2016.08.04 15:37:17.369,1.72043,1.72071,1.00,1.12
2016.08.04 15:37:17.420,1.7204,1.72066,1.00,1.00
2016.08.04 15:37:17.471,1.72035,1.72066,1.00,1.12
2016.08.04 15:37:17.521,1.72036,1.72067,1.00,1.87
2016.08.04 15:37:17.623,1.72032,1.72067,1.87,1.87
2016.08.04 15:37:17.725,1.72032,1.72063,1.87,1.00
2016.08.04 15:37:18.141,1.72032,1.72065,1.37,1.00
2016.08.04 15:37:19.277,1.72032,1.72066,1.87,1.12
2016.08.04 15:37:19.590,1.72032,1.72064,1.37,1.00
2016.08.04 15:37:19.792,1.72032,1.72066,1.87,1.12
2016.08.04 15:37:19.843,1.72032,1.72066,1.87,1.12
2016.08.04 15:37:19.894,1.72036,1.72068,1.00,1.50
2016.08.04 15:37:19.944,1.72036,1.72068,1.75,1.00
2016.08.04 15:37:20.046,1.72036,1.72068,1.75,1.00
2016.08.04 15:37:20.117,1.72036,1.72071,2.25,1.50
2016.08.04 15:37:21.079,1.72037,1.72071,1.75,1.50
2016.08.04 15:37:21.778,1.72037,1.72071,1.75,1.00
2016.08.04 15:37:21.829,1.72038,1.72072,1.75,1.50
2016.08.04 15:37:21.880,1.72038,1.72069,1.00,1.00
2016.08.04 15:37:21.981,1.72038,1.7207,1.50,1.00
2016.08.04 15:37:22.032,1.72038,1.7207,1.50,1.00
2016.08.04 15:37:22.149,1.72036,1.7207,1.37,1.00
2016.08.04 15:37:22.200,1.72033,1.72066,2.25,1.00
2016.08.04 15:37:22.801,1.72035,1.72068,1.50,1.00
2016.08.04 15:37:24.082,1.72034,1.72067,1.75,1.00
2016.08.04 15:37:24.428,1.72036,1.72071,1.37,2.62
2016.08.04 15:37:24.479,1.72037,1.72071,1.12,1.87
2016.08.04 15:37:24.530,1.72037,1.7207,1.12,1.12
2016.08.04 15:37:24.953,1.72037,1.7207,1.12,1.12
2016.08.04 15:37:25.003,1.72037,1.72067,1.12,1.00
2016.08.04 15:37:25.553,1.72037,1.72068,1.12,1.00
2016.08.04 15:37:26.885,1.72037,1.7207,1.12,1.12
2016.08.04 15:37:28.911,1.72037,1.72071,1.12,1.37
2016.08.04 15:37:29.211,1.72037,1.7207,1.12,1.12
2016.08.04 15:37:30.162,1.72037,1.7207,1.12,1.12
2016.08.04 15:37:30.364,1.72037,1.7207,1.12,1.12
2016.08.04 15:37:30.737,1.72037,1.7207,1.12,1.12
2016.08.04 15:37:30.788,1.72033,1.7207,1.75,1.12
2016.08.04 15:37:31.093,1.72033,1.7207,1.75,1.12
2016.08.04 15:37:31.390,1.72033,1.72071,1.75,2.62
2016.08.04 15:37:32.290,1.72038,1.72071,1.00,1.87
2016.08.04 15:37:32.505,1.72038,1.72071,1.00,1.37
2016.08.04 15:37:35.915,1.72038,1.72071,1.00,1.37
2016.08.04 15:37:36.181,1.72038,1.72071,1.00,1.37
2016.08.04 15:37:36.488,1.72032,1.7207,3.00,1.12
2016.08.04 15:37:36.597,1.72034,1.7207,1.75,1.12
2016.08.04 15:37:37.098,1.72033,1.7207,1.75,1.12
2016.08.04 15:37:37.148,1.72033,1.7207,1.75,1.12
2016.08.04 15:37:37.199,1.72032,1.7207,2.25,1.87
2016.08.04 15:37:37.250,1.72032,1.72069,2.25,1.00
2016.08.04 15:37:37.397,1.72034,1.72064,1.00,1.00
2016.08.04 15:37:37.449,1.72034,1.72064,1.00,1.50
2016.08.04 15:37:38.306,1.72034,1.72062,1.00,1.00
2016.08.04 15:37:38.509,1.72034,1.72064,1.00,1.00
2016.08.04 15:37:38.817,1.72034,1.72062,1.00,1.00
2016.08.04 15:37:39.798,1.72034,1.72064,1.00,1.50
2016.08.04 15:37:40.213,1.72034,1.72068,1.00,1.50
2016.08.04 15:37:40.263,1.72034,1.72068,1.00,1.00
2016.08.04 15:37:42.752,1.72037,1.72068,1.00,1.00
2016.08.04 15:37:43.004,1.72035,1.72068,1.00,1.00
2016.08.04 15:37:43.185,1.72037,1.72068,1.00,1.00
2016.08.04 15:37:43.236,1.72046,1.72073,1.00,1.00
2016.08.04 15:37:43.306,1.7204,1.72071,1.12,1.00
2016.08.04 15:37:43.357,1.72036,1.7207,2.25,1.00
2016.08.04 15:37:44.109,1.72037,1.7207,1.75,1.00
2016.08.04 15:37:44.311,1.72039,1.7207,1.37,1.00
2016.08.04 15:37:44.631,1.72037,1.72072,1.75,2.25
2016.08.04 15:37:44.934,1.72038,1.72072,1.50,1.50
2016.08.04 15:37:45.673,1.72038,1.72072,1.50,1.50
2016.08.04 15:37:45.724,1.72043,1.72072,1.37,1.00
2016.08.04 15:37:45.825,1.72043,1.72077,1.50,1.50
2016.08.04 15:37:45.876,1.72043,1.72077,1.50,1.50
2016.08.04 15:37:45.927,1.72044,1.72076,1.12,1.00
2016.08.04 15:37:47.048,1.72046,1.72077,1.00,1.50
2016.08.04 15:37:47.251,1.72045,1.72077,1.00,2.25
2016.08.04 15:37:47.917,1.72045,1.72077,1.00,1.50
2016.08.04 15:37:48.019,1.7204,1.72074,1.75,1.00
2016.08.04 15:37:48.120,1.72039,1.72073,2.25,1.00
2016.08.04 15:37:48.294,1.72039,1.72073,1.37,1.87
2016.08.04 15:37:48.345,1.72039,1.7207,1.00,1.00
2016.08.04 15:37:48.446,1.72038,1.72068,1.00,1.00
2016.08.04 15:37:48.650,1.72038,1.72066,1.00,1.00
2016.08.04 15:37:49.130,1.72038,1.72064,1.00,1.00
2016.08.04 15:37:51.218,1.72038,1.72067,1.00,1.00
2016.08.04 15:37:51.629,1.72039,1.72064,1.00,1.00
2016.08.04 15:37:52.639,1.72037,1.72064,1.00,1.00
2016.08.04 15:37:53.178,1.72037,1.72065,1.00,1.00
2016.08.04 15:37:53.229,1.72033,1.72065,1.75,1.00
2016.08.04 15:37:53.519,1.72036,1.72067,1.12,1.00
2016.08.04 15:37:55.121,1.72035,1.72069,1.50,1.00
2016.08.04 15:37:55.338,1.72037,1.72068,1.00,1.00
2016.08.04 15:37:58.325,1.72036,1.72068,1.12,1.00
2016.08.04 15:37:58.527,1.72035,1.72068,1.50,1.00
2016.08.04 15:37:58.730,1.72035,1.72065,1.50,1.00
2016.08.04 15:37:59.052,1.72035,1.72068,1.50,1.00
2016.08.04 15:38:01.035,1.72034,1.72069,2.21,1.00
2016.08.04 15:38:01.136,1.72036,1.72069,1.12,1.00
2016.08.04 15:38:01.238,1.72038,1.72071,1.00,1.12
2016.08.04 15:38:01.288,1.72038,1.72072,1.50,1.50
2016.08.04 15:38:01.339,1.72038,1.72071,2.62,1.00
2016.08.04 15:38:01.440,1.7204,1.72071,1.00,1.00
2016.08.04 15:38:02.136,1.7204,1.72072,1.00,1.00
2016.08.04 15:38:02.506,1.7204,1.72074,1.50,1.00
2016.08.04 15:38:02.946,1.72041,1.72075,1.00,1.00
2016.08.04 15:38:03.047,1.7204,1.72074,1.50,1.00
2016.08.04 15:38:04.105,1.7204,1.72074,1.50,1.00
2016.08.04 15:38:04.156,1.7204,1.72075,1.50,1.50
2016.08.04 15:38:04.331,1.7204,1.72072,1.50,1.00
2016.08.04 15:38:04.691,1.72043,1.72073,1.00,1.00
2016.08.04 15:38:04.742,1.72047,1.72075,1.00,1.00
2016.08.04 15:38:04.793,1.72047,1.72076,1.00,1.37
2016.08.04 15:38:04.843,1.72047,1.72076,1.00,1.00
2016.08.04 15:38:05.349,1.72048,1.72076,1.00,1.00
2016.08.04 15:38:06.033,1.72046,1.72076,1.00,1.00
2016.08.04 15:38:06.084,1.72046,1.72077,1.00,1.00
2016.08.04 15:38:06.533,1.72048,1.72079,1.00,1.50
2016.08.04 15:38:14.950,1.72049,1.72079,1.00,1.00
2016.08.04 15:38:18.044,1.72049,1.72079,1.00,1.50
2016.08.04 15:38:18.244,1.72047,1.72078,1.00,1.00
2016.08.04 15:38:18.308,1.72051,1.72079,1.00,1.00
2016.08.04 15:38:19.773,1.72048,1.72079,1.00,1.00
2016.08.04 15:38:21.155,1.72048,1.72079,1.00,1.50
2016.08.04 15:38:21.375,1.72048,1.72079,1.00,1.00
2016.08.04 15:38:22.176,1.72049,1.72079,1.00,1.00
2016.08.04 15:38:22.324,1.72047,1.72078,1.00,1.50
2016.08.04 15:38:22.375,1.72047,1.72078,1.00,1.37
2016.08.04 15:38:22.426,1.72047,1.72076,1.00,1.00
2016.08.04 15:38:22.477,1.72044,1.72076,1.00,1.00
2016.08.04 15:38:23.680,1.72044,1.72076,1.00,1.00
2016.08.04 15:38:23.938,1.72044,1.72076,1.00,1.00
2016.08.04 15:38:24.367,1.72044,1.72076,1.00,1.00
2016.08.04 15:38:24.569,1.72044,1.72076,1.00,1.00
2016.08.04 15:38:24.887,1.72044,1.72077,1.12,1.00
2016.08.04 15:38:25.385,1.72044,1.72075,1.12,1.00
2016.08.04 15:38:25.486,1.72043,1.72072,1.50,1.00
2016.08.04 15:38:25.588,1.72037,1.72068,1.00,1.00
2016.08.04 15:38:25.639,1.72037,1.72068,1.50,1.00
2016.08.04 15:38:25.740,1.72037,1.72068,1.00,1.00
2016.08.04 15:38:26.972,1.72037,1.72068,1.37,1.00
2016.08.04 15:38:27.023,1.72037,1.72068,1.75,1.00
2016.08.04 15:38:27.124,1.72037,1.72068,2.25,1.00
2016.08.04 15:38:27.304,1.72039,1.72069,1.50,1.00
2016.08.04 15:38:28.577,1.72036,1.72069,2.25,1.50
2016.08.04 15:38:28.799,1.72037,1.72069,1.75,1.00
2016.08.04 15:38:29.102,1.72039,1.72069,1.50,1.00
2016.08.04 15:38:29.879,1.72038,1.72069,1.75,1.50
2016.08.04 15:38:32.504,1.72036,1.72068,1.75,1.00
2016.08.04 15:38:32.769,1.72036,1.72069,2.25,1.50
2016.08.04 15:38:32.870,1.72038,1.72069,1.75,1.00
2016.08.04 15:38:32.971,1.72038,1.72073,1.75,1.50
2016.08.04 15:38:33.072,1.72043,1.72073,1.00,1.00
2016.08.04 15:38:33.174,1.72049,1.72081,1.12,1.37
2016.08.04 15:38:33.225,1.72049,1.72081,1.50,1.00
2016.08.04 15:38:33.294,1.72049,1.72081,1.50,1.00
2016.08.04 15:38:35.289,1.72052,1.72081,1.00,1.00
2016.08.04 15:38:36.514,1.72049,1.7208,1.50,1.00
2016.08.04 15:38:37.514,1.72049,1.72078,1.50,1.00
2016.08.04 15:38:40.193,1.72049,1.7208,1.50,1.00
2016.08.04 15:38:42.570,1.72049,1.7207,1.50,1.00
2016.08.04 15:38:42.620,1.72049,1.7207,1.12,1.37
2016.08.04 15:38:42.671,1.72049,1.72077,1.12,2.10
2016.08.04 15:38:42.722,1.72049,1.72078,1.00,2.85
2016.08.04 15:38:42.823,1.72049,1.7208,1.00,1.00
2016.08.04 15:38:43.076,1.72055,1.72078,1.00,1.00
2016.08.04 15:38:43.126,1.72055,1.72086,1.37,1.00
2016.08.04 15:38:43.177,1.7206,1.72086,1.00,1.00
2016.08.04 15:38:43.417,1.72059,1.72086,1.12,1.00
2016.08.04 15:38:43.573,1.72058,1.72086,1.37,1.00
2016.08.04 15:38:43.828,1.72058,1.7209,1.00,1.50
2016.08.04 15:38:44.281,1.72058,1.7209,1.00,1.50
2016.08.04 15:38:44.483,1.72058,1.7209,1.00,1.00
2016.08.04 15:38:45.011,1.72057,1.7209,1.00,1.00
2016.08.04 15:38:46.731,1.72057,1.7209,1.00,1.37
2016.08.04 15:38:46.833,1.72057,1.7209,1.00,1.75
2016.08.04 15:38:48.591,1.72054,1.72086,1.00,1.12
2016.08.04 15:38:48.693,1.72051,1.72082,1.50,1.00
2016.08.04 15:38:48.743,1.72051,1.72082,1.12,1.12
2016.08.04 15:38:48.845,1.72051,1.72082,1.00,1.12
2016.08.04 15:38:49.122,1.72049,1.72082,1.00,1.87
2016.08.04 15:38:49.224,1.7205,1.72082,1.00,1.12
2016.08.04 15:38:50.285,1.72047,1.72077,1.12,1.00
2016.08.04 15:38:50.336,1.72047,1.72077,1.00,1.37
2016.08.04 15:38:50.437,1.72043,1.72078,1.00,1.75
2016.08.04 15:38:50.538,1.72043,1.72078,1.00,1.75
2016.08.04 15:38:50.791,1.72044,1.72076,1.00,1.12
2016.08.04 15:38:50.892,1.72043,1.72074,1.00,1.00
2016.08.04 15:38:51.230,1.72043,1.72074,1.00,1.00
2016.08.04 15:38:51.331,1.72044,1.72077,1.00,1.50
2016.08.04 15:38:52.091,1.72043,1.72077,1.00,1.50
2016.08.04 15:38:52.192,1.72041,1.72071,1.50,1.00
2016.08.04 15:38:52.243,1.72041,1.72068,1.00,1.00
2016.08.04 15:38:52.294,1.72038,1.72064,1.75,1.00
2016.08.04 15:38:52.344,1.72036,1.72064,2.25,1.00
2016.08.04 15:38:52.395,1.72034,1.72065,1.75,1.00
2016.08.04 15:38:52.446,1.72034,1.72065,1.12,1.00
2016.08.04 15:38:52.760,1.72032,1.72066,1.50,1.50
2016.08.04 15:38:53.084,1.72034,1.72066,1.12,1.00
2016.08.04 15:38:53.135,1.72034,1.72066,1.87,1.00
2016.08.04 15:38:54.205,1.72034,1.72065,1.12,1.00
2016.08.04 15:38:54.513,1.72034,1.72066,1.50,1.00
2016.08.04 15:38:54.564,1.72034,1.72066,1.75,1.00
2016.08.04 15:38:54.614,1.72035,1.72066,1.75,1.00
2016.08.04 15:38:56.303,1.72035,1.72066,3.00,1.00
2016.08.04 15:38:56.404,1.72035,1.72066,3.00,1.00
2016.08.04 15:38:56.455,1.72035,1.72068,3.00,1.00
2016.08.04 15:38:56.587,1.72037,1.72069,1.12,1.00
2016.08.04 15:38:56.739,1.72037,1.72069,1.12,1.00
2016.08.04 15:38:56.790,1.72036,1.72068,1.50,1.00
2016.08.04 15:38:57.449,1.72039,1.72068,1.00,1.00
2016.08.04 15:38:57.500,1.72039,1.72071,1.00,1.00
2016.08.04 15:38:57.550,1.72039,1.72071,1.00,1.00
2016.08.04 15:38:58.650,1.72039,1.72073,1.50,1.50
2016.08.04 15:39:01.225,1.72039,1.72069,1.50,1.00
2016.08.04 15:39:01.433,1.72039,1.72071,2.25,1.00
2016.08.04 15:39:04.073,1.7204,1.72071,1.00,1.00
2016.08.04 15:39:04.304,1.7204,1.72072,1.00,1.12
2016.08.04 15:39:04.996,1.7204,1.72071,1.00,1.00
2016.08.04 15:39:05.381,1.72039,1.72071,1.50,1.00
2016.08.04 15:39:07.147,1.72039,1.72073,2.25,1.50
2016.08.04 15:39:08.130,1.72039,1.72069,1.50,1.00
2016.08.04 15:39:08.181,1.7204,1.72069,1.00,1.00
2016.08.04 15:39:08.951,1.72039,1.72069,1.50,1.00
2016.08.04 15:39:09.002,1.7204,1.72072,1.00,1.12
2016.08.04 15:39:09.204,1.72042,1.72074,1.00,1.75
2016.08.04 15:39:09.356,1.72042,1.72074,1.12,1.37
2016.08.04 15:39:09.407,1.72045,1.72075,1.00,1.00
2016.08.04 15:39:09.457,1.72045,1.72075,1.50,1.00
2016.08.04 15:39:09.508,1.72045,1.72074,1.00,1.00
2016.08.04 15:39:09.559,1.72045,1.72074,1.50,1.00
2016.08.04 15:39:09.609,1.72045,1.72079,2.25,1.50
2016.08.04 15:39:09.774,1.72046,1.72079,1.50,1.00
2016.08.04 15:39:09.856,1.7205,1.72081,1.00,1.12
2016.08.04 15:39:10.806,1.72047,1.7208,1.37,1.00
2016.08.04 15:39:11.409,1.72049,1.72082,1.00,1.37
2016.08.04 15:39:11.611,1.72048,1.72079,1.12,1.00
2016.08.04 15:39:11.814,1.72047,1.72078,1.37,1.00
2016.08.04 15:39:11.916,1.72049,1.7208,1.00,1.00
2016.08.04 15:39:12.305,1.72051,1.72082,1.00,1.37
2016.08.04 15:39:12.406,1.72052,1.72084,1.00,1.75
2016.08.04 15:39:12.457,1.72053,1.72085,1.37,1.37
2016.08.04 15:39:12.508,1.72059,1.72087,1.00,1.00
2016.08.04 15:39:12.634,1.72059,1.72091,1.00,1.75
2016.08.04 15:39:12.685,1.72059,1.72091,1.37,1.00
2016.08.04 15:39:13.506,1.72058,1.72091,1.50,1.50
2016.08.04 15:39:13.557,1.72059,1.72091,1.37,1.00
2016.08.04 15:39:15.008,1.72059,1.72089,1.37,1.00
2016.08.04 15:39:15.230,1.72059,1.72091,1.37,1.00
2016.08.04 15:39:17.042,1.72059,1.72084,1.37,1.00
2016.08.04 15:39:17.093,1.72051,1.72083,2.25,1.00
2016.08.04 15:39:17.144,1.7205,1.72076,2.47,1.00
2016.08.04 15:39:17.195,1.72047,1.72076,1.00,1.00
2016.08.04 15:39:17.246,1.72045,1.72076,2.25,1.50
2016.08.04 15:39:17.296,1.72045,1.72076,1.50,1.50
2016.08.04 15:39:17.347,1.72047,1.72076,1.00,1.00
2016.08.04 15:39:17.398,1.7205,1.72078,1.50,1.00
2016.08.04 15:39:17.448,1.72055,1.72085,1.00,1.87
2016.08.04 15:39:17.499,1.72055,1.72085,1.50,1.87
2016.08.04 15:39:17.639,1.72059,1.72085,1.00,1.00
2016.08.04 15:39:17.843,1.72058,1.7209,1.00,1.87
2016.08.04 15:39:23.152,1.72057,1.72088,1.12,1.00
2016.08.04 15:39:23.300,1.72057,1.72088,1.12,1.00
2016.08.04 15:39:23.365,1.72047,1.72076,1.75,1.00
2016.08.04 15:39:23.888,1.72046,1.72076,1.75,1.00
2016.08.04 15:39:24.263,1.72046,1.72076,1.75,1.00
2016.08.04 15:39:25.470,1.72046,1.72076,1.37,1.00
2016.08.04 15:39:25.520,1.72046,1.72076,1.00,1.00
2016.08.04 15:39:26.054,1.72046,1.72074,1.00,1.00
2016.08.04 15:39:26.580,1.72047,1.72075,1.00,1.00
2016.08.04 15:39:32.108,1.72043,1.72073,1.00,1.00
2016.08.04 15:39:32.159,1.72043,1.72073,1.00,1.50
2016.08.04 15:39:33.219,1.7204,1.72073,1.00,1.50
2016.08.04 15:39:33.321,1.7204,1.72073,1.00,1.50
2016.08.04 15:39:34.769,1.72039,1.72073,1.50,1.50
2016.08.04 15:39:39.033,1.72041,1.72073,1.00,1.00
2016.08.04 15:39:39.327,1.72041,1.72075,1.50,1.50
2016.08.04 15:39:40.382,1.72041,1.72073,1.00,1.00
2016.08.04 15:39:40.534,1.72041,1.72071,1.50,1.00
2016.08.04 15:39:40.708,1.72042,1.72071,1.00,1.00
2016.08.04 15:39:40.759,1.72042,1.72074,1.00,1.00
2016.08.04 15:39:40.814,1.72049,1.72074,1.00,1.00
2016.08.04 15:39:40.919,1.72049,1.72074,1.75,1.00
2016.08.04 15:39:40.970,1.72049,1.7208,2.25,1.00
2016.08.04 15:39:41.021,1.72049,1.7208,2.25,1.00
2016.08.04 15:39:41.071,1.72053,1.7208,1.12,1.00
2016.08.04 15:39:41.122,1.72053,1.72085,1.12,1.12
2016.08.04 15:39:41.223,1.72053,1.72085,1.12,1.00
2016.08.04 15:39:42.484,1.72055,1.72086,1.00,1.12
2016.08.04 15:39:44.329,1.72055,1.72086,1.00,1.12
2016.08.04 15:39:44.430,1.72055,1.72086,1.12,1.12
2016.08.04 15:39:45.948,1.72055,1.72086,1.00,1.12
2016.08.04 15:39:45.999,1.72055,1.72086,1.00,1.12
2016.08.04 15:39:47.039,1.72055,1.72084,1.00,1.00
2016.08.04 15:39:47.242,1.72055,1.72084,1.00,1.50
2016.08.04 15:39:47.343,1.72052,1.72084,1.00,3.00
2016.08.04 15:39:48.432,1.72052,1.72083,1.00,1.75
2016.08.04 15:39:52.462,1.72051,1.72083,1.00,2.25
2016.08.04 15:39:54.567,1.72051,1.72083,1.12,2.25
2016.08.04 15:39:55.492,1.72047,1.72082,2.25,1.50
2016.08.04 15:39:55.593,1.72048,1.72082,1.75,1.50
2016.08.04 15:39:55.973,1.72047,1.72082,2.25,1.50
2016.08.04 15:39:56.074,1.72049,1.72082,1.00,1.12
2016.08.04 15:39:56.125,1.72049,1.72082,1.00,1.00
2016.08.04 15:39:57.115,1.72049,1.72082,1.00,1.00
2016.08.04 15:39:59.408,1.72051,1.72082,1.00,1.00
2016.08.04 15:40:01.868,1.7205,1.72081,1.00,1.00
2016.08.04 15:40:02.371,1.72051,1.72082,1.00,1.00
2016.08.04 15:40:02.459,1.72053,1.72083,1.00,1.50
2016.08.04 15:40:03.459,1.7205,1.72081,1.00,1.00
2016.08.04 15:40:07.464,1.72048,1.7208,2.25,1.00
2016.08.04 15:40:07.515,1.72049,1.72079,1.00,1.00
2016.08.04 15:40:07.566,1.72048,1.72079,1.37,1.00
2016.08.04 15:40:07.616,1.72048,1.7208,1.00,2.25
2016.08.04 15:40:07.667,1.72045,1.72071,2.25,1.00
2016.08.04 15:40:07.718,1.72045,1.72071,1.50,1.00
2016.08.04 15:40:07.849,1.72045,1.7207,1.00,1.00
2016.08.04 15:40:07.901,1.72042,1.7207,1.00,1.37
2016.08.04 15:40:07.952,1.72041,1.72071,1.00,1.50
2016.08.04 15:40:08.306,1.72041,1.72071,1.50,1.50
2016.08.04 15:40:09.079,1.72041,1.72071,1.50,1.50
2016.08.04 15:40:09.180,1.72041,1.72071,1.00,1.50
2016.08.04 15:40:10.166,1.72039,1.7207,1.50,1.37
2016.08.04 15:40:10.476,1.72041,1.72071,1.00,1.50
2016.08.04 15:40:10.628,1.72042,1.72071,1.00,1.50
2016.08.04 15:40:10.678,1.72042,1.72072,1.00,1.00
2016.08.04 15:40:11.295,1.72041,1.72072,1.00,1.00
2016.08.04 15:40:11.668,1.72041,1.72072,1.50,1.00
2016.08.04 15:40:11.733,1.72041,1.72072,1.87,1.00
2016.08.04 15:40:11.835,1.72041,1.72072,2.25,1.00
2016.08.04 15:40:12.169,1.72045,1.72072,1.00,1.00
2016.08.04 15:40:12.220,1.72045,1.72074,1.00,1.00
2016.08.04 15:40:12.373,1.72044,1.72074,1.00,1.50
2016.08.04 15:40:12.475,1.7204,1.7207,1.75,1.00
2016.08.04 15:40:12.526,1.7204,1.7207,1.37,1.00
2016.08.04 15:40:12.734,1.72042,1.7207,1.00,1.00
2016.08.04 15:40:13.513,1.72042,1.72072,1.00,1.00
2016.08.04 15:40:15.474,1.72039,1.72072,2.25,1.00
2016.08.04 15:40:15.576,1.72041,1.72072,1.00,1.00
2016.08.04 15:40:15.627,1.72044,1.72074,1.00,1.00
2016.08.04 15:40:15.737,1.72041,1.72074,1.50,1.50
2016.08.04 15:40:15.970,1.72041,1.72074,1.00,1.50
2016.08.04 15:40:16.072,1.72041,1.72074,1.37,1.50
2016.08.04 15:40:16.122,1.72042,1.72074,1.00,1.50
2016.08.04 15:40:16.237,1.72042,1.72074,1.50,1.50
2016.08.04 15:40:16.445,1.72042,1.7207,1.50,1.00
2016.08.04 15:40:16.496,1.72042,1.7207,1.50,1.00
2016.08.04 15:40:16.546,1.72039,1.7207,3.00,1.00
2016.08.04 15:40:16.597,1.72039,1.72069,2.25,1.00
2016.08.04 15:40:16.648,1.72039,1.72069,2.25,1.00
2016.08.04 15:40:16.828,1.72039,1.72069,1.75,1.00
2016.08.04 15:40:17.348,1.72034,1.72057,1.00,1.00
2016.08.04 15:40:17.398,1.72031,1.72057,1.37,1.00
2016.08.04 15:40:17.449,1.72031,1.72057,1.00,1.00
2016.08.04 15:40:18.280,1.72029,1.7205,1.00,1.00
2016.08.04 15:40:18.331,1.72028,1.72042,1.00,1.00
2016.08.04 15:40:18.382,1.72021,1.72042,1.37,1.00
2016.08.04 15:40:18.534,1.72007,1.7204,1.50,1.00
2016.08.04 15:40:18.585,1.72007,1.72039,1.50,1.00
2016.08.04 15:40:18.636,1.72005,1.72039,2.25,1.00
2016.08.04 15:40:18.687,1.72006,1.72042,1.75,1.12
2016.08.04 15:40:18.789,1.72008,1.72042,1.12,1.12
2016.08.04 15:40:18.840,1.72009,1.72041,1.00,1.00
2016.08.04 15:40:19.522,1.72008,1.72041,1.12,1.00
2016.08.04 15:40:20.667,1.72008,1.72043,1.12,2.25
2016.08.04 15:40:21.221,1.72008,1.72043,1.12,1.50
2016.08.04 15:40:22.752,1.72007,1.72042,1.50,1.12
2016.08.04 15:40:22.854,1.72012,1.72044,1.00,1.75
2016.08.04 15:40:22.905,1.72012,1.72048,1.12,1.75
2016.08.04 15:40:22.956,1.72014,1.72049,1.00,1.75
2016.08.04 15:40:23.007,1.72014,1.72049,1.00,3.00
2016.08.04 15:40:23.058,1.72016,1.72049,1.00,2.25
2016.08.04 15:40:23.109,1.72016,1.72048,1.00,1.50
2016.08.04 15:40:23.160,1.72016,1.72047,1.00,1.12
2016.08.04 15:40:23.325,1.72017,1.72047,1.00,2.62
2016.08.04 15:40:23.426,1.72017,1.72047,1.00,1.87
2016.08.04 15:40:23.526,1.72013,1.72047,1.00,2.62
2016.08.04 15:40:23.577,1.72013,1.72047,1.00,1.12
2016.08.04 15:40:23.627,1.72014,1.72048,1.00,1.50
2016.08.04 15:40:23.830,1.72016,1.72048,1.00,2.25
2016.08.04 15:40:23.931,1.72016,1.72048,1.00,2.25
2016.08.04 15:40:23.982,1.72016,1.72048,1.00,1.50
2016.08.04 15:40:24.032,1.72016,1.72048,1.00,1.50
2016.08.04 15:40:24.142,1.72017,1.7205,1.00,2.25
2016.08.04 15:40:24.350,1.72015,1.72048,1.00,1.50
2016.08.04 15:40:24.692,1.72017,1.72049,1.00,1.75
2016.08.04 15:40:24.945,1.72019,1.7205,1.00,2.25
2016.08.04 15:40:25.046,1.72019,1.7205,1.00,2.17
2016.08.04 15:40:26.125,1.72018,1.7205,1.00,1.75
2016.08.04 15:40:30.108,1.72018,1.72051,1.00,1.75
2016.08.04 15:40:31.096,1.72018,1.72051,1.00,1.37
2016.08.04 15:40:31.146,1.72021,1.72053,1.00,1.75
2016.08.04 15:40:35.569,1.72023,1.72054,1.00,3.00
2016.08.04 15:40:37.381,1.72023,1.72054,1.00,2.25
2016.08.04 15:40:37.432,1.72023,1.72054,1.00,1.75
2016.08.04 15:40:38.184,1.72024,1.72055,1.00,1.75
2016.08.04 15:40:38.689,1.72024,1.72054,1.00,1.75
2016.08.04 15:40:38.833,1.72024,1.72054,1.00,1.75
2016.08.04 15:40:38.934,1.72024,1.72057,1.00,1.75
2016.08.04 15:40:38.984,1.72032,1.72061,1.00,1.75
2016.08.04 15:40:39.035,1.72032,1.72063,1.00,1.75
2016.08.04 15:40:39.086,1.72033,1.72065,1.00,2.47
2016.08.04 15:40:39.136,1.72033,1.72066,1.00,2.25
2016.08.04 15:40:39.386,1.72035,1.72066,1.00,1.75
2016.08.04 15:40:41.208,1.72035,1.72066,1.00,1.37
2016.08.04 15:40:41.259,1.72035,1.72066,1.00,1.12
2016.08.04 15:40:41.675,1.72038,1.72066,1.00,1.12
2016.08.04 15:40:41.865,1.72038,1.7207,1.00,1.75
2016.08.04 15:40:42.359,1.7204,1.72073,1.00,3.00
2016.08.04 15:40:42.586,1.72039,1.72069,1.00,1.75
2016.08.04 15:40:43.443,1.72035,1.72068,1.00,1.50
2016.08.04 15:40:44.332,1.72035,1.72068,1.00,1.37
2016.08.04 15:40:44.403,1.72039,1.72069,1.00,1.12
2016.08.04 15:40:44.554,1.72041,1.72072,1.00,1.75
2016.08.04 15:40:45.389,1.72039,1.72071,1.00,1.75
2016.08.04 15:40:45.845,1.72038,1.72069,1.00,1.75
2016.08.04 15:40:46.250,1.72036,1.72073,1.00,3.00
2016.08.04 15:40:46.370,1.72036,1.72073,1.37,2.25
2016.08.04 15:40:46.421,1.72036,1.72073,1.50,1.12
2016.08.04 15:40:46.473,1.72038,1.72075,1.00,2.25
2016.08.04 15:40:46.675,1.72041,1.72074,1.00,1.50
2016.08.04 15:40:46.980,1.72034,1.72068,1.75,1.00
2016.08.04 15:40:47.031,1.72034,1.72068,1.37,1.37
2016.08.04 15:40:47.081,1.72034,1.72067,1.00,1.00
2016.08.04 15:40:47.481,1.72033,1.72067,1.00,1.00
2016.08.04 15:40:47.965,1.72033,1.72067,1.00,1.00
2016.08.04 15:40:48.367,1.72033,1.72067,1.00,1.00
2016.08.04 15:40:48.965,1.72037,1.72067,1.00,1.00
2016.08.04 15:40:49.066,1.72037,1.72067,1.00,1.00
2016.08.04 15:40:49.117,1.72037,1.7207,1.00,1.37
2016.08.04 15:40:49.167,1.72034,1.72068,1.75,1.00
2016.08.04 15:40:50.758,1.72037,1.7207,1.12,1.12
2016.08.04 15:40:51.151,1.72038,1.72072,1.00,1.50
2016.08.04 15:40:51.202,1.72038,1.72073,1.00,2.25
2016.08.04 15:40:51.253,1.7204,1.72073,1.00,1.75
2016.08.04 15:40:51.405,1.7204,1.72072,1.00,1.50
2016.08.04 15:40:51.456,1.72038,1.72071,1.00,1.37
2016.08.04 15:40:51.507,1.72038,1.72066,1.00,1.00
2016.08.04 15:40:51.557,1.72035,1.72066,1.50,1.00
2016.08.04 15:40:51.659,1.72034,1.7207,2.25,1.12
2016.08.04 15:40:51.709,1.72034,1.7207,1.87,1.50
2016.08.04 15:40:51.830,1.72034,1.7207,1.50,1.75
2016.08.04 15:40:51.881,1.72031,1.72064,1.50,1.00
2016.08.04 15:40:51.931,1.72031,1.72064,1.37,1.37
2016.08.04 15:40:51.982,1.72028,1.72063,1.12,2.25
2016.08.04 15:40:52.083,1.72028,1.72063,1.12,2.25
2016.08.04 15:40:56.462,1.72031,1.72063,1.00,1.75
2016.08.04 15:40:57.968,1.72031,1.72063,1.00,1.75
2016.08.04 15:40:58.089,1.72029,1.72063,1.00,2.62
2016.08.04 15:40:58.218,1.72024,1.72056,1.75,1.00
2016.08.04 15:40:58.320,1.72023,1.72057,1.37,1.00
2016.08.04 15:40:58.371,1.72023,1.72057,1.87,1.00
2016.08.04 15:40:58.422,1.72025,1.72057,1.37,1.37
2016.08.04 15:40:58.472,1.72027,1.72061,1.00,1.87
2016.08.04 15:40:58.523,1.72027,1.72061,1.12,1.50
2016.08.04 15:40:58.759,1.72026,1.72061,1.50,1.50
2016.08.04 15:40:59.961,1.72025,1.72059,1.75,1.00
2016.08.04 15:41:00.173,1.72025,1.72059,2.25,1.00
2016.08.04 15:41:00.673,1.72027,1.7206,1.12,1.00
2016.08.04 15:41:00.724,1.7203,1.7206,1.37,1.00
2016.08.04 15:41:00.825,1.7203,1.7206,1.75,1.00
2016.08.04 15:41:00.876,1.7203,1.72062,1.75,1.00
2016.08.04 15:41:01.279,1.7203,1.72064,1.75,1.00
2016.08.04 15:41:02.431,1.72029,1.72064,1.75,1.00
2016.08.04 15:41:02.482,1.72029,1.72065,2.25,1.12
2016.08.04 15:41:02.886,1.72029,1.72064,1.75,1.00
2016.08.04 15:41:03.285,1.72029,1.72066,1.75,2.25
2016.08.04 15:41:03.887,1.72029,1.72064,1.75,1.00
2016.08.04 15:41:04.398,1.7203,1.72064,1.75,1.00
2016.08.04 15:41:05.304,1.72029,1.72064,1.75,1.00
2016.08.04 15:41:08.811,1.7203,1.72064,1.75,1.00
2016.08.04 15:41:10.506,1.7203,1.72064,1.75,1.00
2016.08.04 15:41:10.707,1.7203,1.72066,2.25,1.50
2016.08.04 15:41:10.858,1.7203,1.72067,3.00,1.75
2016.08.04 15:41:10.972,1.7203,1.72067,2.25,1.75
2016.08.04 15:41:11.520,1.7203,1.72064,2.25,1.00
2016.08.04 15:41:11.761,1.7203,1.72062,1.75,1.00
2016.08.04 15:41:14.118,1.7203,1.72062,1.75,1.00
2016.08.04 15:41:14.169,1.7203,1.72064,1.75,1.00
2016.08.04 15:41:14.722,1.7203,1.72062,1.75,1.00
2016.08.04 15:41:15.416,1.7203,1.72063,1.75,1.00
2016.08.04 15:41:16.543,1.72031,1.72063,1.50,1.00
2016.08.04 15:41:17.448,1.72031,1.72063,1.50,1.00
2016.08.04 15:41:17.498,1.72031,1.72065,1.50,1.12
2016.08.04 15:41:17.649,1.72032,1.72065,1.12,1.12
2016.08.04 15:41:17.700,1.72032,1.72069,1.12,1.75
2016.08.04 15:41:17.751,1.72032,1.72069,1.75,1.12
2016.08.04 15:41:17.801,1.72037,1.72069,1.00,1.12
2016.08.04 15:41:17.914,1.72037,1.72067,1.00,1.00
2016.08.04 15:41:18.200,1.72037,1.72069,1.12,1.12
2016.08.04 15:41:18.251,1.72037,1.72069,1.12,1.12
2016.08.04 15:41:18.315,1.72036,1.72069,1.50,1.12
2016.08.04 15:41:18.366,1.72037,1.72069,1.00,1.12
2016.08.04 15:41:18.417,1.72037,1.72069,1.50,1.12
2016.08.04 15:41:19.549,1.72037,1.72069,1.12,1.12
2016.08.04 15:41:19.643,1.72037,1.72069,1.50,1.12
2016.08.04 15:41:19.693,1.72037,1.72069,1.75,1.12
2016.08.04 15:41:19.933,1.72037,1.72069,2.25,1.12
2016.08.04 15:41:19.991,1.72037,1.72069,1.75,1.12
2016.08.04 15:41:21.180,1.72042,1.72069,1.00,1.12
2016.08.04 15:41:21.281,1.7204,1.72069,1.00,1.12
2016.08.04 15:41:21.752,1.7204,1.72069,1.12,1.00
2016.08.04 15:41:21.803,1.7204,1.72072,1.00,1.00
2016.08.04 15:41:21.854,1.7204,1.72073,1.00,1.00
2016.08.04 15:41:21.955,1.7204,1.72072,1.12,1.37
2016.08.04 15:41:22.056,1.7204,1.72072,1.00,1.75
2016.08.04 15:41:22.357,1.7204,1.72072,1.00,2.25
2016.08.04 15:41:22.536,1.7204,1.72072,1.50,1.75
2016.08.04 15:41:23.719,1.7204,1.72072,1.00,2.25
2016.08.04 15:41:23.906,1.7204,1.72072,1.00,1.75
2016.08.04 15:41:26.789,1.7204,1.72072,1.50,1.75
2016.08.04 15:41:27.090,1.7204,1.72072,1.00,1.75
2016.08.04 15:41:28.301,1.7204,1.72072,1.00,2.25
2016.08.04 15:41:28.813,1.72041,1.72072,1.00,2.25
2016.08.04 15:41:29.893,1.72041,1.7207,1.00,1.50
2016.08.04 15:41:31.194,1.72041,1.72068,1.00,1.00
2016.08.04 15:41:32.616,1.72041,1.72065,1.00,1.00
2016.08.04 15:41:32.996,1.72041,1.72067,1.00,1.00
2016.08.04 15:41:33.198,1.72041,1.72072,1.00,1.75
2016.08.04 15:41:33.300,1.72041,1.72072,1.50,1.75
2016.08.04 15:41:33.350,1.72041,1.72072,1.50,1.75
2016.08.04 15:41:33.451,1.72041,1.72072,1.87,1.37
2016.08.04 15:41:33.502,1.72041,1.72073,2.25,1.00
2016.08.04 15:41:33.553,1.72044,1.72073,1.00,1.00
2016.08.04 15:41:33.705,1.72041,1.72074,2.25,1.00
2016.08.04 15:41:33.806,1.72041,1.72077,2.25,1.00
2016.08.04 15:41:34.116,1.72041,1.72073,2.25,1.00
2016.08.04 15:41:34.270,1.72044,1.72073,1.00,1.00
2016.08.04 15:41:34.321,1.72044,1.72076,1.00,1.00
2016.08.04 15:41:35.930,1.72044,1.72077,1.00,1.00
2016.08.04 15:41:36.100,1.72044,1.72075,1.00,1.00
2016.08.04 15:41:36.259,1.72044,1.72075,1.00,1.00
2016.08.04 15:41:36.689,1.72044,1.72075,1.00,1.00
2016.08.04 15:41:36.801,1.72044,1.72078,1.00,1.12
2016.08.04 15:41:37.502,1.72044,1.72079,1.00,1.50
2016.08.04 15:41:38.803,1.72044,1.72077,1.00,1.00
2016.08.04 15:41:39.179,1.72043,1.72074,1.00,1.00
2016.08.04 15:41:39.682,1.72043,1.72075,1.00,1.00
2016.08.04 15:41:40.334,1.72043,1.72074,1.00,1.00
2016.08.04 15:41:40.638,1.72043,1.72072,1.00,1.00
2016.08.04 15:41:41.086,1.72043,1.72073,1.12,1.00
2016.08.04 15:41:41.188,1.72043,1.72072,1.00,1.00
2016.08.04 15:41:41.238,1.72042,1.72072,1.50,1.00
2016.08.04 15:41:41.388,1.72042,1.72072,1.50,1.00
2016.08.04 15:41:42.036,1.72042,1.72073,1.50,1.00
2016.08.04 15:41:42.537,1.72042,1.72072,1.50,1.00
2016.08.04 15:41:42.831,1.72048,1.72069,1.00,1.00
2016.08.04 15:41:42.932,1.72042,1.72069,1.75,1.00
2016.08.04 15:41:43.339,1.72045,1.72069,1.50,1.00
2016.08.04 15:41:44.108,1.72045,1.72075,1.50,1.00
2016.08.04 15:41:44.159,1.72048,1.72075,1.00,1.00
2016.08.04 15:41:44.799,1.72048,1.72068,1.00,1.00
2016.08.04 15:41:45.003,1.72042,1.72068,1.00,1.00
2016.08.04 15:41:45.155,1.72042,1.72067,1.00,1.00
2016.08.04 15:41:45.860,1.7204,1.72066,1.00,1.00
2016.08.04 15:41:45.910,1.72036,1.72066,1.87,1.00
2016.08.04 15:41:46.093,1.72036,1.72066,1.50,1.00
2016.08.04 15:41:46.144,1.72036,1.72064,1.87,1.00
2016.08.04 15:41:46.258,1.72036,1.72064,1.87,1.00
2016.08.04 15:41:47.335,1.72036,1.72062,1.37,1.00
2016.08.04 15:41:47.386,1.72032,1.72062,1.87,1.00
2016.08.04 15:41:47.540,1.72032,1.72059,1.00,1.00
2016.08.04 15:41:47.591,1.72032,1.72059,1.00,1.00
2016.08.04 15:41:47.844,1.72029,1.72058,1.50,1.00
2016.08.04 15:41:47.945,1.72029,1.7206,1.50,1.00
2016.08.04 15:41:47.996,1.72033,1.7206,1.00,1.00
2016.08.04 15:41:48.353,1.72033,1.72057,1.00,1.00
2016.08.04 15:41:54.669,1.72033,1.72055,1.00,1.00
2016.08.04 15:41:55.008,1.72033,1.72053,1.00,1.00
2016.08.04 15:41:55.065,1.72028,1.72053,1.00,1.00
2016.08.04 15:41:56.669,1.72028,1.72055,1.00,1.00
2016.08.04 15:41:58.797,1.72033,1.72055,1.00,1.00
2016.08.04 15:41:58.848,1.72034,1.72057,1.00,1.00
2016.08.04 15:41:58.949,1.72034,1.72057,1.75,1.00
2016.08.04 15:41:59.051,1.72033,1.72061,1.75,1.00
2016.08.04 15:42:00.171,1.72033,1.72058,1.75,1.00
2016.08.04 15:42:00.530,1.72033,1.72061,1.75,1.00
2016.08.04 15:42:00.934,1.72033,1.72059,1.75,1.00
2016.08.04 15:42:01.035,1.72033,1.72059,1.00,1.00
2016.08.04 15:42:01.559,1.72033,1.72058,1.00,1.00
2016.08.04 15:42:02.284,1.72027,1.72058,2.25,1.00
2016.08.04 15:42:02.385,1.72027,1.72056,3.00,1.00
2016.08.04 15:42:02.646,1.72027,1.72054,1.50,1.00
2016.08.04 15:42:02.697,1.72027,1.72054,1.00,1.00
2016.08.04 15:42:03.235,1.72026,1.72055,1.00,1.00
2016.08.04 15:42:04.297,1.72025,1.72055,1.12,1.00
2016.08.04 15:42:06.131,1.72025,1.72054,1.12,1.00
2016.08.04 15:42:06.485,1.72026,1.72054,1.00,1.00
2016.08.04 15:42:06.657,1.72025,1.72054,1.12,1.00
2016.08.04 15:42:07.148,1.72025,1.72061,1.12,1.50
2016.08.04 15:42:07.199,1.72025,1.72061,1.12,1.50
2016.08.04 15:42:07.250,1.72024,1.72049,1.00,1.00
2016.08.04 15:42:07.351,1.7202,1.72046,1.50,1.00
2016.08.04 15:42:07.452,1.7202,1.72046,1.00,1.00
2016.08.04 15:42:11.870,1.7202,1.72047,1.00,1.00
2016.08.04 15:42:12.739,1.7202,1.72046,1.00,1.00
2016.08.04 15:42:12.867,1.7202,1.72048,1.00,1.00
2016.08.04 15:42:12.969,1.7202,1.72046,1.00,1.00
2016.08.04 15:42:13.171,1.72023,1.72051,1.00,1.00
2016.08.04 15:42:13.575,1.72023,1.72048,1.00,1.00
2016.08.04 15:42:15.476,1.72023,1.7205,1.00,1.00
2016.08.04 15:42:17.762,1.72023,1.72049,1.00,1.00
2016.08.04 15:42:18.282,1.72023,1.72053,1.00,1.12
2016.08.04 15:42:18.428,1.72023,1.72053,1.00,1.00
2016.08.04 15:42:18.478,1.72023,1.7205,1.50,1.00
2016.08.04 15:42:18.581,1.72023,1.72052,1.50,1.00
2016.08.04 15:42:18.834,1.72023,1.72053,1.00,1.00
2016.08.04 15:42:19.806,1.72023,1.72053,1.12,1.00
2016.08.04 15:42:19.907,1.72025,1.72053,1.00,1.00
2016.08.04 15:42:21.149,1.72025,1.72055,1.00,1.00
2016.08.04 15:42:21.664,1.72025,1.72049,1.00,1.00
2016.08.04 15:42:21.765,1.72025,1.72048,1.00,1.00
2016.08.04 15:42:22.295,1.72025,1.72049,1.00,1.00
2016.08.04 15:42:22.470,1.72025,1.72051,1.00,1.00
2016.08.04 15:42:22.622,1.72026,1.72051,1.00,1.00
2016.08.04 15:42:22.673,1.72026,1.72057,1.00,1.50
2016.08.04 15:42:22.780,1.72026,1.72056,1.00,1.12
2016.08.04 15:42:22.882,1.72027,1.72056,1.00,1.00
2016.08.04 15:42:23.398,1.72027,1.72058,1.00,1.00
2016.08.04 15:42:26.455,1.72028,1.72061,1.00,2.25
2016.08.04 15:42:26.711,1.72028,1.7206,1.00,1.12
2016.08.04 15:42:26.863,1.72027,1.72058,1.00,1.00
2016.08.04 15:42:29.842,1.72027,1.72058,1.00,1.00
2016.08.04 15:42:30.088,1.72029,1.7206,1.00,1.87
2016.08.04 15:42:30.138,1.72029,1.7206,1.00,1.12
2016.08.04 15:42:30.189,1.72032,1.72065,1.00,2.25
2016.08.04 15:42:30.239,1.72032,1.72061,1.00,1.00
2016.08.04 15:42:30.447,1.72031,1.72062,1.00,1.00
2016.08.04 15:42:30.498,1.72028,1.72061,1.37,1.37
2016.08.04 15:42:30.553,1.72028,1.7206,1.00,1.00
2016.08.04 15:42:31.477,1.72027,1.72058,1.00,1.00
2016.08.04 15:42:32.237,1.72027,1.72057,1.00,1.00
2016.08.04 15:42:32.288,1.72024,1.72053,1.87,1.12
2016.08.04 15:42:32.339,1.72024,1.72053,1.00,1.12
2016.08.04 15:42:32.490,1.72022,1.72055,1.50,2.25
2016.08.04 15:42:32.692,1.72022,1.72051,1.00,1.00
2016.08.04 15:42:33.232,1.72022,1.7205,1.00,1.00
2016.08.04 15:42:33.733,1.72022,1.7205,1.00,1.50
2016.08.04 15:42:33.784,1.72022,1.72048,1.00,1.00
2016.08.04 15:42:34.610,1.72022,1.72048,1.00,1.50
2016.08.04 15:42:34.850,1.72017,1.72048,1.50,1.50
2016.08.04 15:42:35.958,1.72017,1.72048,1.50,1.50
2016.08.04 15:42:36.147,1.72017,1.72048,1.00,1.50
2016.08.04 15:42:36.667,1.72018,1.72048,1.00,1.00
2016.08.04 15:42:36.967,1.72017,1.72048,1.00,1.00
2016.08.04 15:42:41.349,1.72017,1.72048,1.50,1.00
2016.08.04 15:42:41.489,1.72017,1.72048,1.00,1.00
2016.08.04 15:42:43.495,1.72017,1.72048,1.50,1.00
2016.08.04 15:42:43.674,1.72017,1.72048,1.00,1.00
2016.08.04 15:42:43.874,1.72017,1.72048,1.50,1.00
2016.08.04 15:42:44.975,1.72017,1.72048,1.50,1.50
2016.08.04 15:42:45.077,1.72018,1.72048,1.00,1.00
2016.08.04 15:42:45.184,1.7202,1.72048,1.00,1.00
2016.08.04 15:42:45.234,1.72021,1.72052,1.00,1.37
2016.08.04 15:42:45.285,1.72024,1.72055,1.00,2.25
2016.08.04 15:42:45.336,1.72024,1.72054,1.12,1.12
2016.08.04 15:42:45.407,1.72033,1.72054,1.00,1.00
2016.08.04 15:42:45.459,1.72033,1.72061,1.00,1.37
2016.08.04 15:42:45.510,1.72034,1.72061,1.00,1.00
2016.08.04 15:42:45.611,1.72034,1.72065,1.00,1.50
2016.08.04 15:42:45.763,1.72032,1.72065,1.00,1.50
2016.08.04 15:42:47.485,1.72031,1.72061,1.00,1.00
2016.08.04 15:42:48.012,1.72032,1.72062,1.00,1.00
2016.08.04 15:42:48.114,1.72033,1.72064,1.50,1.00
2016.08.04 15:42:48.229,1.72035,1.72065,1.00,1.00
2016.08.04 15:42:48.384,1.7204,1.72069,1.00,1.37
2016.08.04 15:42:48.435,1.7204,1.72069,1.00,1.00
2016.08.04 15:42:49.981,1.72037,1.72068,1.00,1.00
2016.08.04 15:42:50.285,1.72036,1.72067,1.12,1.00
2016.08.04 15:42:51.082,1.72037,1.72068,1.00,1.00
2016.08.04 15:42:52.512,1.72033,1.72062,1.87,1.00
2016.08.04 15:42:52.631,1.72033,1.72062,1.12,1.75
2016.08.04 15:42:52.682,1.72028,1.72055,1.00,1.00
2016.08.04 15:42:52.733,1.72025,1.72054,1.00,1.00
2016.08.04 15:42:53.285,1.72025,1.72057,1.00,1.12
2016.08.04 15:42:54.683,1.72025,1.72057,1.00,1.87
2016.08.04 15:42:56.574,1.72025,1.72057,1.00,1.12
2016.08.04 15:42:56.693,1.72025,1.72057,1.00,1.12
2016.08.04 15:43:01.711,1.72026,1.72058,1.00,1.37
2016.08.04 15:43:02.411,1.72025,1.72061,1.00,1.75
2016.08.04 15:43:03.795,1.72025,1.72056,1.00,1.00
2016.08.04 15:43:03.846,1.72025,1.72054,1.00,1.00
2016.08.04 15:43:03.897,1.72023,1.72054,1.87,1.00
2016.08.04 15:43:03.947,1.72023,1.72053,1.50,1.00
2016.08.04 15:43:03.998,1.72017,1.72046,1.87,1.00
2016.08.04 15:43:04.049,1.72017,1.72046,1.50,1.00
2016.08.04 15:43:04.100,1.72017,1.72041,1.00,1.00
2016.08.04 15:43:04.243,1.72013,1.72041,1.12,1.12
2016.08.04 15:43:04.295,1.72013,1.72041,1.00,1.12
2016.08.04 15:43:04.346,1.72013,1.72043,1.00,1.50
2016.08.04 15:43:05.319,1.72013,1.72044,1.50,1.75
2016.08.04 15:43:05.453,1.72017,1.72048,1.00,1.00
2016.08.04 15:43:05.555,1.72017,1.72048,1.00,1.00
2016.08.04 15:43:05.606,1.7202,1.72048,1.00,1.00
2016.08.04 15:43:05.657,1.7202,1.72052,1.00,1.12
2016.08.04 15:43:06.072,1.7202,1.72052,1.50,1.12
2016.08.04 15:43:07.200,1.72023,1.72054,1.00,1.50
2016.08.04 15:43:07.301,1.72032,1.72057,1.00,1.75
2016.08.04 15:43:07.352,1.72032,1.72057,1.00,1.75
2016.08.04 15:43:07.402,1.72031,1.72062,1.00,2.47
2016.08.04 15:43:07.453,1.72031,1.72063,1.00,1.00
2016.08.04 15:43:07.504,1.72031,1.72064,1.00,1.50
2016.08.04 15:43:07.723,1.72034,1.72064,1.00,1.00
2016.08.04 15:43:08.225,1.72035,1.72064,1.00,1.00
2016.08.04 15:43:09.633,1.72035,1.72063,1.00,1.00
2016.08.04 15:43:09.734,1.72035,1.72063,1.00,1.37
2016.08.04 15:43:09.785,1.72035,1.72063,1.00,1.75
2016.08.04 15:43:09.938,1.72032,1.72062,1.00,1.50
2016.08.04 15:43:10.039,1.72029,1.72063,1.00,2.25
2016.08.04 15:43:10.630,1.72028,1.72056,1.00,1.00
2016.08.04 15:43:10.731,1.72025,1.72056,1.37,1.12
2016.08.04 15:43:10.833,1.72025,1.72056,1.00,1.12
2016.08.04 15:43:10.889,1.72025,1.72056,1.12,1.12
2016.08.04 15:43:10.991,1.72025,1.72056,1.00,1.12
2016.08.04 15:43:11.041,1.72024,1.72056,1.00,1.12
2016.08.04 15:43:11.435,1.72024,1.72057,1.50,1.50
2016.08.04 15:43:11.537,1.72026,1.72058,1.00,1.75
2016.08.04 15:43:11.638,1.72026,1.72058,1.00,1.75
2016.08.04 15:43:11.689,1.72026,1.72059,1.00,1.75
2016.08.04 15:43:11.739,1.72031,1.72063,1.00,3.00
2016.08.04 15:43:11.840,1.72034,1.72063,1.00,1.75
2016.08.04 15:43:12.042,1.72036,1.72064,1.00,1.75
2016.08.04 15:43:13.135,1.72035,1.72064,1.00,1.75
2016.08.04 15:43:13.440,1.72037,1.72064,1.00,1.75
2016.08.04 15:43:13.607,1.72035,1.72064,1.00,1.75
2016.08.04 15:43:13.771,1.72035,1.72064,1.00,1.75
2016.08.04 15:43:13.822,1.72035,1.72068,1.00,2.25
2016.08.04 15:43:14.146,1.72037,1.72068,1.00,2.25
2016.08.04 15:43:15.141,1.72037,1.7207,1.00,1.87
2016.08.04 15:43:15.343,1.72039,1.7207,1.00,1.50
2016.08.04 15:43:15.609,1.72038,1.7207,1.00,2.25
2016.08.04 15:43:16.747,1.72036,1.72067,1.00,1.00
2016.08.04 15:43:17.408,1.72037,1.72067,1.00,1.00
2016.08.04 15:43:17.948,1.72036,1.72067,1.00,1.00
2016.08.04 15:43:18.512,1.72038,1.72067,1.00,1.00
2016.08.04 15:43:20.053,1.72038,1.72067,1.00,1.37
2016.08.04 15:43:20.134,1.72032,1.72067,1.12,2.25
2016.08.04 15:43:20.255,1.72032,1.72061,1.50,1.00
2016.08.04 15:43:20.357,1.72029,1.72062,1.00,1.75
2016.08.04 15:43:21.440,1.72027,1.72058,1.00,1.00
2016.08.04 15:43:21.557,1.72025,1.72055,1.12,1.12
2016.08.04 15:43:21.607,1.72025,1.72055,1.00,1.50
2016.08.04 15:43:21.658,1.72023,1.72051,1.37,1.00
2016.08.04 15:43:21.759,1.72022,1.72051,1.50,1.00
2016.08.04 15:43:21.881,1.72022,1.72051,1.00,1.00
2016.08.04 15:43:21.932,1.72019,1.7205,1.00,1.00
2016.08.04 15:43:22.058,1.72019,1.72051,1.00,1.00
2016.08.04 15:43:22.860,1.72016,1.72051,1.87,1.00
2016.08.04 15:43:23.762,1.72016,1.72051,1.50,1.00
2016.08.04 15:43:25.866,1.7202,1.72051,1.00,1.00
2016.08.04 15:43:26.274,1.72021,1.72052,1.75,1.00
2016.08.04 15:43:26.325,1.72023,1.72054,1.12,1.00
2016.08.04 15:43:26.428,1.72023,1.72058,1.87,2.62
2016.08.04 15:43:26.529,1.72025,1.72058,1.00,2.62
2016.08.04 15:43:26.870,1.72026,1.72057,1.50,1.00
2016.08.04 15:43:26.934,1.72026,1.72057,1.00,1.00
2016.08.04 15:43:27.034,1.72026,1.72057,1.50,1.00
2016.08.04 15:43:27.135,1.72026,1.72057,1.00,1.00
2016.08.04 15:43:27.786,1.72027,1.72057,1.00,1.00
2016.08.04 15:43:27.943,1.72027,1.72057,1.00,1.00
2016.08.04 15:43:28.528,1.72027,1.72055,1.00,1.00
2016.08.04 15:43:29.398,1.72027,1.72055,1.00,1.00
2016.08.04 15:43:29.476,1.72029,1.72062,1.00,1.12
2016.08.04 15:43:29.579,1.7203,1.72062,1.75,1.00
2016.08.04 15:43:29.832,1.72032,1.72063,1.12,1.50
2016.08.04 15:43:31.334,1.72033,1.72063,1.00,1.00
2016.08.04 15:43:33.530,1.72032,1.72063,1.12,1.50
2016.08.04 15:43:33.659,1.72031,1.72062,1.50,1.00
2016.08.04 15:43:34.631,1.7203,1.72062,1.12,1.00
2016.08.04 15:43:34.899,1.72025,1.72054,1.87,1.00
2016.08.04 15:43:34.950,1.72025,1.72052,1.87,1.00
2016.08.04 15:43:35.064,1.72021,1.72052,1.12,1.50
2016.08.04 15:43:35.115,1.72019,1.72052,1.00,2.62
2016.08.04 15:43:35.166,1.7202,1.72051,1.00,1.12
2016.08.04 15:43:35.368,1.72017,1.72046,1.37,1.00
2016.08.04 15:43:35.469,1.72016,1.72046,2.25,1.00
2016.08.04 15:43:36.117,1.72016,1.72046,1.50,1.00
2016.08.04 15:43:36.219,1.72016,1.72046,1.00,1.00
2016.08.04 15:43:36.489,1.72016,1.72045,1.00,1.00
2016.08.04 15:43:37.015,1.72016,1.72044,1.00,1.00
2016.08.04 15:43:37.759,1.72016,1.72045,1.00,1.00
2016.08.04 15:43:41.114,1.72012,1.72045,2.25,1.00
2016.08.04 15:43:41.165,1.72011,1.72036,1.87,1.00
2016.08.04 15:43:41.215,1.72006,1.72036,1.37,1.00
2016.08.04 15:43:41.316,1.72004,1.72037,1.50,1.00
2016.08.04 15:43:41.367,1.72004,1.72036,1.00,1.00
2016.08.04 15:43:41.418,1.72004,1.72036,1.12,1.00
2016.08.04 15:43:41.723,1.72004,1.72036,1.00,1.00
2016.08.04 15:43:41.903,1.72002,1.72034,3.00,1.00
2016.08.04 15:43:42.075,1.72002,1.72036,3.00,1.00
2016.08.04 15:43:42.227,1.72003,1.72036,1.87,1.00
2016.08.04 15:43:42.278,1.72004,1.72035,1.12,1.00
2016.08.04 15:43:42.379,1.72004,1.72035,1.50,1.00
2016.08.04 15:43:42.480,1.72004,1.72035,1.12,1.00
2016.08.04 15:43:42.581,1.72004,1.72037,1.12,1.00
2016.08.04 15:43:42.935,1.72004,1.72037,1.12,1.00
2016.08.04 15:43:43.087,1.72003,1.72036,1.50,1.00
2016.08.04 15:43:43.398,1.72003,1.72033,1.50,1.00
2016.08.04 15:43:44.108,1.72003,1.72033,1.87,1.00
2016.08.04 15:43:44.178,1.72003,1.72033,2.25,1.00
2016.08.04 15:43:47.264,1.72007,1.72033,1.00,1.00
2016.08.04 15:43:47.314,1.72009,1.72033,1.00,1.00
2016.08.04 15:43:47.365,1.72012,1.72042,1.00,1.12
2016.08.04 15:43:47.416,1.72012,1.72043,2.25,1.00
2016.08.04 15:43:47.466,1.72017,1.72044,1.00,1.00
2016.08.04 15:43:47.517,1.72017,1.72048,1.00,2.25
2016.08.04 15:43:47.618,1.72017,1.72048,1.12,1.50
2016.08.04 15:43:47.987,1.72014,1.72044,1.75,1.00
2016.08.04 15:43:48.258,1.72015,1.72048,1.75,1.50
2016.08.04 15:43:48.547,1.72014,1.72045,1.87,1.00
2016.08.04 15:43:48.818,1.72014,1.72045,2.25,1.00
2016.08.04 15:43:50.101,1.72014,1.72045,1.87,1.00
2016.08.04 15:43:50.253,1.72015,1.72048,1.75,1.50
2016.08.04 15:43:56.781,1.72016,1.72048,1.50,1.00
2016.08.04 15:44:00.135,1.72016,1.72049,1.50,1.50
2016.08.04 15:44:00.186,1.72014,1.72046,1.12,1.00
2016.08.04 15:44:00.236,1.72013,1.72046,1.75,1.00
2016.08.04 15:44:00.570,1.72013,1.72044,1.75,1.00
2016.08.04 15:44:00.764,1.72015,1.72048,1.75,1.00
2016.08.04 15:44:01.321,1.72015,1.72048,1.75,1.00
2016.08.04 15:44:01.433,1.72015,1.72038,1.00,1.00
2016.08.04 15:44:01.484,1.7201,1.72035,1.87,1.00
2016.08.04 15:44:01.534,1.7201,1.72035,1.00,1.00
2016.08.04 15:44:01.585,1.72004,1.72035,1.00,1.00
2016.08.04 15:44:01.686,1.72002,1.72034,1.50,1.00
2016.08.04 15:44:01.737,1.72002,1.72034,1.00,1.50
2016.08.04 15:44:01.889,1.71997,1.72024,1.75,1.00
2016.08.04 15:44:01.990,1.71992,1.72017,1.12,1.00
2016.08.04 15:44:02.041,1.71986,1.72017,3.00,1.00
2016.08.04 15:44:02.185,1.71986,1.72017,2.25,1.00
2016.08.04 15:44:02.236,1.71986,1.72017,2.25,1.00
2016.08.04 15:44:02.337,1.71986,1.72017,1.50,1.00
2016.08.04 15:44:02.388,1.71986,1.72015,1.50,1.00
2016.08.04 15:44:02.439,1.71986,1.72015,1.50,1.00
2016.08.04 15:44:02.489,1.71982,1.72015,2.25,1.00
2016.08.04 15:44:02.540,1.71982,1.72015,2.25,1.00
2016.08.04 15:44:02.591,1.71982,1.72012,1.75,1.00
2016.08.04 15:44:02.642,1.71982,1.72012,1.00,1.00
2016.08.04 15:44:02.692,1.71978,1.72012,1.75,1.00
2016.08.04 15:44:02.794,1.71979,1.72013,1.75,1.50
2016.08.04 15:44:02.996,1.7198,1.72013,1.50,1.50
2016.08.04 15:44:03.564,1.71978,1.72012,1.75,1.00
2016.08.04 15:44:03.977,1.71978,1.72011,1.75,1.00
2016.08.04 15:44:04.078,1.71977,1.7201,1.75,1.00
2016.08.04 15:44:04.129,1.71977,1.7201,1.00,1.00
2016.08.04 15:44:05.583,1.71976,1.72007,1.12,1.00
2016.08.04 15:44:06.968,1.71979,1.7201,1.00,1.00
2016.08.04 15:44:07.383,1.71976,1.72009,1.12,1.00
2016.08.04 15:44:07.434,1.71976,1.72009,1.12,1.00
2016.08.04 15:44:07.538,1.71976,1.72009,1.12,1.00
2016.08.04 15:44:07.589,1.71977,1.72009,1.00,1.00
2016.08.04 15:44:07.690,1.71975,1.72006,2.25,1.00
2016.08.04 15:44:07.792,1.71975,1.72004,1.50,1.00
2016.08.04 15:44:08.196,1.71975,1.72007,1.50,1.00
2016.08.04 15:44:09.141,1.71975,1.72007,1.50,1.00
2016.08.04 15:44:09.302,1.71976,1.72007,1.12,1.00
2016.08.04 15:44:11.372,1.71975,1.72008,1.50,1.00
2016.08.04 15:44:11.423,1.71974,1.72008,1.75,1.50
2016.08.04 15:44:11.474,1.71971,1.72004,1.00,1.00
2016.08.04 15:44:11.575,1.7197,1.72004,1.50,1.75
2016.08.04 15:44:11.676,1.7197,1.72,1.00,1.00
2016.08.04 15:44:12.224,1.7197,1.71999,1.00,1.00
2016.08.04 15:44:12.817,1.71969,1.71999,1.00,1.00
2016.08.04 15:44:14.066,1.7197,1.71999,1.50,1.00
2016.08.04 15:44:14.167,1.71969,1.71999,1.00,1.00
2016.08.04 15:44:14.218,1.71969,1.72,1.50,1.00
2016.08.04 15:44:14.269,1.7197,1.72,1.00,1.00
2016.08.04 15:44:14.421,1.7197,1.72001,1.50,1.00
2016.08.04 15:44:14.644,1.7197,1.72001,1.00,1.00
2016.08.04 15:44:15.210,1.71969,1.72002,1.50,1.50
2016.08.04 15:44:15.412,1.7197,1.72001,1.00,1.00
2016.08.04 15:44:16.607,1.71969,1.72001,1.00,1.00
2016.08.04 15:44:16.960,1.71969,1.72001,1.50,1.00
2016.08.04 15:44:17.062,1.71972,1.72001,1.75,1.00
2016.08.04 15:44:17.112,1.71976,1.72006,1.00,1.00
2016.08.04 15:44:17.354,1.71975,1.71997,1.00,1.00
2016.08.04 15:44:17.455,1.71969,1.72001,1.75,1.00
2016.08.04 15:44:17.557,1.7197,1.72001,1.00,1.00
2016.08.04 15:44:17.759,1.71969,1.72001,1.12,1.50
2016.08.04 15:44:17.860,1.71969,1.72001,1.00,2.25
2016.08.04 15:44:17.911,1.71967,1.71998,1.00,1.12
2016.08.04 15:44:18.012,1.71966,1.71999,1.00,1.50
2016.08.04 15:44:18.339,1.71966,1.71999,1.50,1.50
2016.08.04 15:44:18.511,1.71966,1.71999,1.00,1.50
2016.08.04 15:44:18.562,1.71965,1.71999,1.12,1.50
2016.08.04 15:44:18.663,1.71965,1.71999,1.12,1.87
2016.08.04 15:44:18.764,1.71965,1.71997,1.00,1.12
2016.08.04 15:44:18.815,1.71964,1.71997,1.00,1.87
2016.08.04 15:44:19.068,1.71964,1.71997,1.00,1.75
2016.08.04 15:44:19.391,1.71964,1.71995,1.00,1.12
2016.08.04 15:44:19.628,1.71958,1.71991,1.75,1.00
2016.08.04 15:44:19.679,1.71957,1.71991,2.25,1.00
2016.08.04 15:44:19.730,1.71954,1.71989,3.00,1.00
2016.08.04 15:44:19.780,1.71954,1.71989,2.25,1.00
2016.08.04 15:44:19.881,1.71954,1.71989,1.50,2.25
2016.08.04 15:44:19.932,1.71954,1.71987,1.50,1.00
2016.08.04 15:44:20.821,1.71954,1.71986,1.00,1.00
2016.08.04 15:44:21.332,1.71954,1.71987,1.00,1.00
2016.08.04 15:44:21.464,1.71951,1.71986,1.50,1.00
2016.08.04 15:44:21.745,1.71952,1.71985,1.12,1.00
2016.08.04 15:44:21.814,1.71954,1.71988,1.00,1.12
2016.08.04 15:44:21.916,1.71957,1.7199,1.00,2.25
2016.08.04 15:44:21.966,1.71957,1.7199,1.00,1.75
2016.08.04 15:44:22.017,1.71959,1.7199,1.00,1.12
2016.08.04 15:44:22.068,1.71959,1.71992,1.00,1.37
2016.08.04 15:44:22.118,1.71959,1.71992,1.00,1.00
2016.08.04 15:44:22.336,1.71957,1.71991,1.00,1.00
2016.08.04 15:44:22.886,1.71958,1.71991,1.00,1.00
2016.08.04 15:44:23.038,1.71956,1.71989,1.50,1.00
2016.08.04 15:44:23.218,1.71956,1.71989,1.00,1.00
2016.08.04 15:44:23.799,1.71957,1.71989,1.00,1.00
2016.08.04 15:44:23.951,1.71956,1.7199,1.50,1.00
2016.08.04 15:44:24.001,1.71956,1.7199,1.00,1.00
2016.08.04 15:44:24.052,1.71955,1.71982,1.12,1.00
2016.08.04 15:44:24.103,1.71948,1.71982,2.62,1.00
2016.08.04 15:44:24.153,1.71948,1.71978,1.87,1.00
2016.08.04 15:44:24.204,1.71944,1.71978,3.00,1.00
2016.08.04 15:44:24.305,1.71944,1.71978,2.25,1.00
2016.08.04 15:44:24.356,1.71946,1.71979,1.00,1.00
2016.08.04 15:44:24.618,1.71944,1.7198,2.25,1.00
2016.08.04 15:44:25.056,1.71945,1.7198,1.12,1.00
2016.08.04 15:44:25.519,1.71946,1.71983,1.00,1.12
2016.08.04 15:44:25.722,1.71945,1.71983,1.12,1.12
2016.08.04 15:44:27.158,1.71943,1.71982,1.75,1.00
2016.08.04 15:44:27.823,1.71943,1.7198,1.75,1.00
2016.08.04 15:44:27.874,1.71943,1.7198,1.37,1.37
2016.08.04 15:44:27.924,1.71943,1.71979,1.00,1.00
2016.08.04 15:44:28.464,1.71942,1.71979,1.00,1.00
2016.08.04 15:44:28.835,1.71943,1.71978,1.00,1.00
2016.08.04 15:44:29.041,1.71941,1.71979,1.50,1.00
2016.08.04 15:44:29.214,1.71941,1.71979,2.25,1.00
2016.08.04 15:44:29.366,1.71944,1.71979,1.00,1.00
2016.08.04 15:44:31.374,1.71943,1.71978,1.00,1.00
2016.08.04 15:44:31.775,1.71943,1.71979,1.00,1.00
2016.08.04 15:44:32.929,1.71942,1.71979,1.00,1.00
2016.08.04 15:44:34.330,1.71942,1.71979,1.50,1.00
2016.08.04 15:44:34.630,1.71942,1.71979,1.50,1.50
2016.08.04 15:44:35.441,1.71943,1.71979,1.00,1.00
2016.08.04 15:44:35.761,1.71942,1.71979,1.50,1.00
2016.08.04 15:44:36.632,1.71942,1.71979,1.50,1.50
2016.08.04 15:44:36.940,1.71942,1.71975,1.00,1.00
2016.08.04 15:44:37.238,1.71933,1.71969,1.50,2.25
2016.08.04 15:44:37.339,1.71934,1.71969,1.00,1.50
2016.08.04 15:44:37.549,1.71933,1.71969,1.50,2.25
2016.08.04 15:44:37.733,1.71935,1.71969,1.00,1.50
2016.08.04 15:44:39.636,1.71934,1.71969,1.00,1.50
2016.08.04 15:44:40.162,1.71933,1.71969,1.50,2.25
2016.08.04 15:44:40.313,1.71933,1.71969,2.25,2.25
2016.08.04 15:44:40.475,1.71933,1.71967,1.50,1.00
2016.08.04 15:44:40.598,1.71933,1.71967,1.00,1.00
2016.08.04 15:44:40.648,1.71933,1.71968,1.50,1.00
2016.08.04 15:44:40.699,1.71933,1.71968,1.12,1.37
2016.08.04 15:44:40.750,1.71933,1.71965,1.00,1.00
2016.08.04 15:44:41.482,1.71934,1.71965,1.00,1.00
2016.08.04 15:44:41.994,1.71935,1.71965,1.00,1.00
2016.08.04 15:44:44.157,1.71937,1.71965,1.00,1.00
2016.08.04 15:44:45.137,1.71937,1.71969,1.00,1.00
2016.08.04 15:44:47.060,1.71935,1.71967,1.50,1.00
2016.08.04 15:44:47.190,1.71935,1.71969,1.50,1.00
2016.08.04 15:44:47.348,1.71937,1.7197,1.00,1.00
2016.08.04 15:44:48.289,1.71936,1.7197,1.00,1.00
2016.08.04 15:44:48.792,1.71937,1.7197,1.00,1.00
2016.08.04 15:44:49.495,1.71937,1.71969,1.00,1.00
2016.08.04 15:44:49.596,1.71936,1.71969,1.37,1.00
2016.08.04 15:44:49.647,1.71938,1.71972,1.50,1.00
2016.08.04 15:44:49.698,1.71941,1.71972,1.00,1.00
2016.08.04 15:44:49.915,1.71941,1.71975,1.00,1.50
2016.08.04 15:44:50.153,1.71943,1.71977,1.00,1.75
2016.08.04 15:44:50.204,1.71943,1.71977,1.37,1.37
2016.08.04 15:44:50.255,1.71943,1.71977,2.25,1.00
2016.08.04 15:44:50.356,1.71942,1.71976,1.75,1.00
2016.08.04 15:44:50.621,1.71941,1.71975,2.25,1.00
2016.08.04 15:44:51.025,1.71944,1.71975,1.50,1.00
2016.08.04 15:44:51.322,1.71941,1.71974,1.75,1.00
2016.08.04 15:44:51.423,1.71942,1.71976,1.75,1.00
2016.08.04 15:44:51.524,1.71941,1.71974,1.75,1.00
2016.08.04 15:44:51.626,1.71941,1.71977,2.25,1.00
2016.08.04 15:44:51.929,1.71942,1.71976,1.75,1.00
2016.08.04 15:44:52.462,1.71942,1.71976,2.25,1.00
2016.08.04 15:44:52.676,1.71942,1.71976,1.75,1.00
2016.08.04 15:44:52.727,1.71944,1.71976,1.50,1.00
2016.08.04 15:44:52.828,1.71945,1.71979,1.12,1.50
2016.08.04 15:44:54.533,1.71946,1.71979,1.00,1.50
2016.08.04 15:44:54.735,1.71945,1.71979,1.12,1.50
2016.08.04 15:44:55.835,1.71944,1.71977,1.50,1.00
2016.08.04 15:44:55.885,1.71945,1.71977,1.12,1.00
2016.08.04 15:44:56.537,1.71945,1.71976,1.12,1.00
2016.08.04 15:44:56.588,1.71942,1.71976,1.75,1.00
2016.08.04 15:44:56.639,1.71939,1.71974,2.25,1.00
2016.08.04 15:44:56.988,1.71939,1.71972,2.25,1.00
2016.08.04 15:44:57.122,1.7194,1.71972,1.75,1.00
2016.08.04 15:44:57.251,1.71939,1.7197,2.25,1.00
2016.08.04 15:44:57.352,1.71939,1.7197,1.75,1.00
2016.08.04 15:44:57.740,1.71939,1.71973,1.75,1.00
2016.08.04 15:44:58.264,1.71939,1.71976,1.75,1.50
2016.08.04 15:44:58.519,1.71939,1.71973,1.75,1.00
2016.08.04 15:44:58.843,1.71949,1.71977,1.00,1.75
2016.08.04 15:44:58.945,1.71952,1.71983,1.00,1.75
2016.08.04 15:44:59.046,1.71951,1.71985,1.75,1.00
2016.08.04 15:45:00.046,1.71952,1.71985,1.50,1.00
2016.08.04 15:45:00.618,1.71952,1.71984,1.50,1.00
2016.08.04 15:45:01.134,1.71952,1.71986,1.50,1.12
2016.08.04 15:45:01.185,1.71952,1.71986,1.50,1.12
2016.08.04 15:45:01.851,1.71953,1.71987,1.12,1.50
2016.08.04 15:45:03.672,1.71959,1.71989,1.00,1.75
2016.08.04 15:45:03.773,1.71959,1.71989,1.00,1.37
2016.08.04 15:45:03.824,1.71959,1.71989,1.00,1.00
2016.08.04 15:45:07.225,1.71959,1.71992,1.00,1.50
2016.08.04 15:45:07.275,1.7196,1.71992,1.75,1.00
2016.08.04 15:45:09.860,1.71958,1.71989,1.75,1.00
2016.08.04 15:45:10.164,1.71961,1.71991,1.50,1.00
2016.08.04 15:45:10.360,1.71961,1.71991,1.50,1.00
2016.08.04 15:45:10.434,1.71961,1.71991,2.25,1.00
2016.08.04 15:45:10.556,1.71963,1.71994,1.37,1.00
2016.08.04 15:45:10.607,1.71963,1.71994,1.75,1.00
2016.08.04 15:45:10.759,1.71963,1.71992,1.75,1.00
2016.08.04 15:45:11.062,1.71962,1.7199,1.75,1.00
2016.08.04 15:45:11.684,1.71957,1.7199,1.12,1.00
2016.08.04 15:45:11.785,1.7195,1.71985,1.75,1.00
2016.08.04 15:45:11.886,1.71944,1.71973,2.25,1.00
2016.08.04 15:45:11.937,1.71946,1.7198,1.12,2.25
2016.08.04 15:45:12.038,1.71943,1.71979,2.25,1.12
2016.08.04 15:45:12.190,1.71943,1.71976,1.75,1.00
2016.08.04 15:45:12.646,1.71942,1.71974,1.75,1.00
2016.08.04 15:45:12.862,1.71942,1.71976,1.75,1.50
2016.08.04 15:45:12.963,1.71942,1.71976,1.37,1.50
2016.08.04 15:45:13.065,1.71942,1.71976,1.00,1.87
2016.08.04 15:45:13.166,1.71942,1.71976,1.37,1.87
2016.08.04 15:45:13.267,1.71942,1.71976,1.75,1.50
2016.08.04 15:45:13.471,1.71942,1.71975,1.75,1.00
2016.08.04 15:45:14.562,1.71942,1.71976,1.75,1.50
2016.08.04 15:45:14.663,1.71942,1.71969,1.00,1.00
2016.08.04 15:45:14.765,1.71941,1.71969,1.00,1.12
2016.08.04 15:45:14.916,1.71938,1.71969,1.00,1.12
2016.08.04 15:45:15.190,1.71935,1.71967,1.37,1.00
2016.08.04 15:45:15.240,1.71935,1.71967,1.50,1.00
2016.08.04 15:45:15.341,1.71935,1.71966,1.37,1.00
2016.08.04 15:45:15.567,1.71935,1.71966,1.37,1.00
2016.08.04 15:45:15.617,1.71934,1.71964,1.37,1.00
2016.08.04 15:45:15.738,1.71934,1.71964,1.37,1.50
2016.08.04 15:45:15.789,1.71933,1.71965,1.00,1.75
2016.08.04 15:45:15.991,1.71933,1.71965,1.00,1.75
2016.08.04 15:45:16.597,1.71933,1.71958,1.00,1.00
2016.08.04 15:45:16.649,1.71923,1.71951,1.12,1.00
2016.08.04 15:45:16.700,1.7192,1.71951,2.25,1.00
2016.08.04 15:45:16.987,1.7192,1.7195,1.75,1.00
2016.08.04 15:45:17.089,1.7192,1.71952,2.25,1.00
2016.08.04 15:45:17.140,1.71922,1.71952,1.12,1.00
2016.08.04 15:45:17.191,1.71923,1.71952,1.37,1.00
2016.08.04 15:45:17.508,1.71923,1.71953,1.00,1.00
2016.08.04 15:45:17.559,1.71921,1.71951,1.37,1.00
2016.08.04 15:45:17.610,1.7192,1.71951,1.37,1.00
2016.08.04 15:45:18.094,1.71922,1.7195,1.12,1.00
2016.08.04 15:45:18.810,1.7192,1.7195,1.37,1.00
2016.08.04 15:45:19.199,1.71915,1.71942,1.75,1.00
2016.08.04 15:45:19.250,1.71914,1.71944,1.75,1.00
2016.08.04 15:45:19.300,1.71914,1.71944,1.00,1.50
2016.08.04 15:45:19.351,1.71914,1.71945,1.00,1.75
2016.08.04 15:45:19.503,1.71914,1.71945,1.00,1.00
2016.08.04 15:45:19.555,1.71913,1.71948,1.87,1.75
2016.08.04 15:45:19.758,1.71914,1.71949,1.37,1.37
2016.08.04 15:45:19.809,1.71914,1.71949,1.75,1.00
2016.08.04 15:45:19.860,1.71918,1.71949,1.12,1.00
2016.08.04 15:45:19.911,1.71918,1.71949,1.12,1.00
2016.08.04 15:45:20.264,1.71919,1.7195,1.00,1.00
2016.08.04 15:45:20.365,1.71919,1.71952,1.00,1.50
2016.08.04 15:45:21.769,1.71921,1.71952,1.00,1.50
2016.08.04 15:45:21.959,1.71922,1.71954,1.00,1.75
2016.08.04 15:45:22.384,1.7192,1.71952,1.00,1.50
2016.08.04 15:45:22.765,1.71921,1.71953,1.00,1.75
2016.08.04 15:45:24.775,1.71919,1.71956,1.37,1.50
2016.08.04 15:45:24.826,1.71919,1.71956,1.75,1.12
2016.08.04 15:45:24.877,1.71921,1.71958,1.50,2.25
2016.08.04 15:45:24.928,1.71922,1.71958,1.37,2.25
2016.08.04 15:45:24.978,1.71922,1.71955,1.00,1.37
2016.08.04 15:45:25.029,1.71926,1.71955,1.00,1.75
2016.08.04 15:45:25.080,1.71926,1.71955,1.00,1.37
2016.08.04 15:45:25.130,1.71926,1.71955,1.00,1.00
2016.08.04 15:45:25.316,1.71918,1.7195,1.75,1.00
2016.08.04 15:45:25.366,1.71918,1.71952,1.75,1.00
2016.08.04 15:45:25.668,1.71918,1.71952,2.25,1.00
2016.08.04 15:45:25.777,1.71918,1.71949,1.37,1.37
2016.08.04 15:45:25.828,1.71918,1.71945,1.00,1.00
2016.08.04 15:45:25.878,1.71918,1.71939,1.00,1.00
2016.08.04 15:45:25.979,1.71911,1.71939,1.00,1.00
2016.08.04 15:45:26.030,1.7191,1.71939,1.00,1.00
2016.08.04 15:45:26.081,1.71911,1.71944,1.00,1.00
2016.08.04 15:45:26.182,1.71916,1.71945,1.00,1.00
2016.08.04 15:45:26.283,1.71911,1.71944,1.00,1.00
2016.08.04 15:45:26.442,1.7191,1.71945,1.50,1.00
2016.08.04 15:45:26.493,1.71914,1.71948,1.50,1.50
2016.08.04 15:45:26.897,1.71912,1.71948,2.25,1.00
2016.08.04 15:45:26.998,1.71913,1.71948,1.75,1.00
2016.08.04 15:45:27.099,1.71916,1.7195,1.00,1.50
2016.08.04 15:45:27.254,1.71916,1.71952,1.00,2.25
2016.08.04 15:45:27.405,1.71918,1.71952,1.00,1.50
2016.08.04 15:45:27.572,1.71918,1.71952,1.00,1.00
2016.08.04 15:45:28.553,1.71918,1.71953,1.50,1.00
2016.08.04 15:45:29.058,1.71918,1.71954,1.50,1.50
2016.08.04 15:45:30.730,1.71918,1.71954,1.50,1.50
2016.08.04 15:45:30.781,1.71919,1.71954,1.00,1.50
2016.08.04 15:45:32.075,1.71918,1.71953,1.50,1.00
2016.08.04 15:45:32.176,1.71918,1.71949,1.00,1.00
2016.08.04 15:45:32.358,1.71917,1.71949,1.75,1.00
2016.08.04 15:45:32.409,1.71922,1.7195,1.00,1.00
2016.08.04 15:45:32.460,1.71922,1.71954,1.00,1.00
2016.08.04 15:45:32.614,1.71921,1.71954,1.75,1.00
2016.08.04 15:45:32.766,1.71922,1.71958,1.75,1.00
2016.08.04 15:45:32.867,1.71922,1.7196,1.75,1.87
2016.08.04 15:45:33.084,1.71922,1.71958,1.75,1.00
2016.08.04 15:45:33.785,1.71921,1.71956,1.75,1.00
2016.08.04 15:45:34.290,1.71921,1.71955,1.75,1.00
2016.08.04 15:45:34.793,1.71922,1.71958,1.75,1.00
2016.08.04 15:45:35.000,1.71927,1.71962,1.75,1.50
2016.08.04 15:45:35.164,1.71929,1.71962,1.12,1.50
2016.08.04 15:45:35.366,1.71929,1.71961,1.12,1.00
2016.08.04 15:45:35.894,1.71929,1.71962,1.12,1.00
2016.08.04 15:45:36.065,1.71932,1.71962,1.00,1.00
2016.08.04 15:45:36.245,1.71932,1.71962,1.00,1.37
2016.08.04 15:45:36.298,1.71926,1.71959,1.00,1.00
2016.08.04 15:45:36.703,1.71929,1.71959,1.00,1.00
2016.08.04 15:45:39.305,1.71928,1.71959,1.00,1.00
2016.08.04 15:45:40.308,1.71927,1.71959,1.00,1.00
2016.08.04 15:45:41.322,1.71927,1.71962,1.87,1.37
2016.08.04 15:45:41.373,1.71928,1.71962,1.37,1.37
2016.08.04 15:45:41.423,1.71929,1.71963,1.00,1.00
2016.08.04 15:45:41.575,1.71931,1.71963,1.00,1.00
2016.08.04 15:45:41.910,1.71931,1.71965,1.00,1.00
2016.08.04 15:45:42.616,1.7193,1.71965,1.00,1.00
2016.08.04 15:45:43.276,1.71929,1.71965,1.00,1.00
2016.08.04 15:45:43.434,1.71929,1.71965,1.00,1.00
2016.08.04 15:45:43.774,1.71931,1.71965,1.00,1.00
2016.08.04 15:45:43.825,1.71931,1.71965,3.00,1.00
2016.08.04 15:45:43.875,1.71935,1.71965,1.00,1.00
2016.08.04 15:45:43.926,1.71937,1.71974,1.87,2.10
2016.08.04 15:45:44.027,1.71938,1.71976,1.75,2.25
2016.08.04 15:45:44.128,1.71938,1.71976,1.75,3.00
2016.08.04 15:45:44.331,1.71938,1.71976,1.75,3.00
2016.08.04 15:45:44.484,1.71938,1.71975,1.75,1.50
2016.08.04 15:45:44.585,1.71938,1.71976,2.25,2.25
2016.08.04 15:45:44.924,1.71938,1.71976,1.75,3.00
2016.08.04 15:45:45.076,1.71939,1.71976,1.75,2.25
2016.08.04 15:45:45.132,1.71939,1.71976,1.75,1.75
2016.08.04 15:45:45.234,1.71939,1.71976,1.75,1.75
2016.08.04 15:45:45.385,1.7194,1.71976,1.50,1.75
2016.08.04 15:45:45.436,1.71943,1.71976,1.37,1.37
2016.08.04 15:45:45.511,1.71944,1.71977,1.50,1.12
2016.08.04 15:45:46.328,1.71944,1.71977,1.50,1.00
2016.08.04 15:45:46.620,1.71944,1.71977,2.25,1.00
2016.08.04 15:45:46.699,1.71944,1.71977,1.50,1.00
2016.08.04 15:45:46.902,1.71944,1.71979,1.50,1.12
2016.08.04 15:45:47.011,1.71944,1.71979,1.50,1.12
2016.08.04 15:45:47.062,1.71944,1.71979,1.50,1.00
2016.08.04 15:45:47.526,1.71944,1.71979,1.00,1.50
2016.08.04 15:45:47.627,1.71944,1.71977,1.00,1.00
2016.08.04 15:45:47.786,1.71944,1.71975,1.00,1.00
2016.08.04 15:45:49.592,1.71944,1.71975,1.00,1.50
2016.08.04 15:45:50.281,1.71944,1.71974,1.00,1.00
2016.08.04 15:45:52.012,1.71944,1.71972,1.00,1.00
2016.08.04 15:45:58.542,1.71944,1.71973,1.00,1.00
2016.08.04 15:45:58.593,1.71944,1.71973,1.00,1.50
2016.08.04 15:45:58.695,1.71947,1.71976,1.00,1.00
2016.08.04 15:46:00.778,1.71947,1.71977,1.00,1.00
2016.08.04 15:46:00.923,1.71947,1.71978,1.00,1.00
2016.08.04 15:46:02.336,1.71944,1.7196,1.00,1.00
2016.08.04 15:46:02.387,1.71936,1.7196,1.00,1.00
2016.08.04 15:46:02.690,1.71936,1.71958,1.00,1.00
2016.08.04 15:46:02.791,1.71933,1.71958,1.75,1.00
2016.08.04 15:46:03.178,1.71932,1.71958,1.37,1.00
2016.08.04 15:46:03.280,1.71932,1.71957,1.00,1.00
2016.08.04 15:46:03.330,1.71929,1.71957,1.00,1.00
2016.08.04 15:46:03.431,1.71929,1.71953,1.00,1.00
2016.08.04 15:46:06.314,1.71929,1.71955,1.00,1.00
2016.08.04 15:46:06.614,1.71929,1.71951,1.00,1.00
2016.08.04 15:46:06.766,1.71929,1.71951,1.00,1.00
2016.08.04 15:46:06.816,1.71929,1.71953,1.00,1.00
2016.08.04 15:46:07.341,1.71929,1.71954,1.00,1.00
2016.08.04 15:46:07.546,1.71929,1.71957,1.00,1.50
2016.08.04 15:46:07.750,1.71929,1.71956,1.00,1.00
2016.08.04 15:46:11.757,1.71936,1.71964,1.00,1.00
2016.08.04 15:46:11.808,1.71936,1.71965,1.00,1.00
2016.08.04 15:46:11.859,1.71943,1.71972,1.00,1.87
2016.08.04 15:46:11.909,1.71943,1.71973,1.00,1.00
2016.08.04 15:46:11.960,1.71945,1.71973,1.12,1.00
2016.08.04 15:46:12.011,1.71945,1.71973,1.50,1.00
2016.08.04 15:46:12.162,1.71946,1.71973,1.12,1.00
2016.08.04 15:46:12.491,1.71946,1.71978,1.12,1.50
2016.08.04 15:46:12.646,1.71948,1.71978,1.00,1.00
2016.08.04 15:46:13.173,1.71947,1.71978,1.00,1.00
2016.08.04 15:46:14.243,1.71946,1.71976,1.12,1.00
2016.08.04 15:46:14.865,1.71943,1.71978,1.75,1.50
2016.08.04 15:46:15.058,1.71947,1.71978,1.00,1.00
2016.08.04 15:46:15.352,1.71945,1.71978,1.50,1.00
2016.08.04 15:46:15.503,1.71945,1.71978,1.50,1.00
2016.08.04 15:46:15.614,1.71945,1.71975,1.50,1.00
2016.08.04 15:46:15.665,1.71946,1.71975,1.12,1.00
2016.08.04 15:46:15.817,1.71946,1.71975,1.00,1.12
2016.08.04 15:46:16.568,1.71942,1.71975,1.12,1.87
2016.08.04 15:46:16.619,1.71942,1.71973,1.12,1.00
2016.08.04 15:46:16.670,1.71941,1.71972,1.37,1.00
2016.08.04 15:46:16.721,1.71941,1.71971,1.00,1.12
2016.08.04 15:46:17.000,1.71941,1.7197,1.00,1.50
2016.08.04 15:46:17.122,1.71941,1.7197,1.00,1.00
2016.08.04 15:46:17.172,1.71938,1.7197,1.00,1.00
2016.08.04 15:46:17.379,1.7194,1.7197,1.00,1.00
2016.08.04 15:46:17.671,1.71938,1.7197,1.00,1.00
2016.08.04 15:46:17.721,1.71938,1.7197,1.00,2.25
2016.08.04 15:46:18.302,1.71939,1.7197,1.00,2.25
2016.08.04 15:46:18.454,1.71937,1.71969,1.12,1.00
2016.08.04 15:46:18.644,1.71937,1.7197,1.12,2.25
2016.08.04 15:46:18.745,1.71939,1.7197,1.00,2.25
2016.08.04 15:46:19.677,1.71935,1.71966,2.25,1.00
2016.08.04 15:46:19.779,1.71935,1.71966,1.87,1.00
2016.08.04 15:46:19.831,1.71927,1.71961,2.25,1.50
2016.08.04 15:46:19.898,1.71927,1.71961,2.25,1.00
2016.08.04 15:46:19.949,1.71927,1.71955,1.50,1.00
2016.08.04 15:46:20.101,1.71924,1.71955,2.25,1.00
2016.08.04 15:46:20.252,1.71926,1.71957,1.75,1.00
2016.08.04 15:46:20.477,1.71924,1.71956,2.25,1.00
2016.08.04 15:46:21.981,1.71924,1.71955,2.25,1.00
2016.08.04 15:46:22.144,1.71924,1.71953,2.25,1.00
2016.08.04 15:46:22.690,1.71924,1.71954,2.25,1.00
2016.08.04 15:46:22.994,1.71924,1.71952,2.25,1.00
2016.08.04 15:46:23.747,1.71924,1.71956,2.25,1.00
2016.08.04 15:46:24.634,1.71924,1.71957,2.25,1.00
2016.08.04 15:46:24.890,1.71924,1.71954,2.25,1.00
2016.08.04 15:46:24.941,1.71923,1.71953,1.00,1.00
2016.08.04 15:46:25.148,1.71923,1.71952,1.50,1.00
2016.08.04 15:46:27.458,1.71924,1.71952,1.00,1.00
2016.08.04 15:46:27.508,1.71924,1.71955,1.00,1.00
2016.08.04 15:46:30.664,1.71925,1.71956,1.00,1.50
2016.08.04 15:46:30.867,1.71925,1.71956,1.00,1.00
2016.08.04 15:46:33.893,1.71924,1.71956,1.00,1.50
2016.08.04 15:46:33.944,1.71924,1.71956,1.00,2.25
2016.08.04 15:46:34.481,1.71923,1.71955,1.50,1.00
2016.08.04 15:46:35.846,1.71923,1.71956,1.50,2.25
2016.08.04 15:46:35.957,1.71923,1.71956,1.50,1.00
2016.08.04 15:46:36.058,1.71924,1.71956,1.00,1.00
2016.08.04 15:46:39.332,1.7193,1.71956,1.00,1.00
2016.08.04 15:46:39.383,1.71933,1.71961,1.00,1.37
2016.08.04 15:46:39.485,1.71933,1.71961,1.00,1.12
2016.08.04 15:46:39.596,1.71931,1.71961,1.00,1.12
2016.08.04 15:46:40.434,1.71931,1.71961,1.00,1.12
2016.08.04 15:46:40.485,1.71936,1.71962,1.00,1.37
2016.08.04 15:46:40.535,1.71936,1.71968,1.00,1.50
2016.08.04 15:46:40.586,1.7194,1.71968,1.00,1.50
2016.08.04 15:46:41.030,1.7194,1.71968,1.00,1.37
2016.08.04 15:46:41.080,1.71946,1.71974,1.00,1.37
2016.08.04 15:46:41.131,1.71946,1.71976,1.12,1.37
2016.08.04 15:46:41.182,1.71949,1.7198,1.00,1.37
2016.08.04 15:46:41.333,1.71949,1.7198,1.00,1.50
2016.08.04 15:46:41.678,1.71949,1.71978,1.00,1.37
2016.08.04 15:46:42.459,1.71948,1.71978,1.00,1.37
2016.08.04 15:46:43.054,1.71948,1.71978,1.00,1.12
2016.08.04 15:46:43.533,1.71948,1.71981,1.00,3.00
2016.08.04 15:46:43.865,1.71947,1.71978,1.00,1.12
2016.08.04 15:46:44.157,1.71944,1.71972,1.00,1.00
2016.08.04 15:46:44.258,1.71943,1.71974,1.12,1.00
2016.08.04 15:46:44.404,1.71942,1.71973,1.00,1.12
2016.08.04 15:46:44.455,1.71942,1.71973,1.00,1.87
2016.08.04 15:46:44.556,1.71946,1.71973,1.00,1.12
2016.08.04 15:46:44.657,1.71943,1.71973,1.50,1.00
2016.08.04 15:46:44.862,1.71944,1.71975,1.12,1.00
2016.08.04 15:46:45.065,1.71939,1.71969,1.00,1.00
2016.08.04 15:46:45.137,1.71935,1.71969,1.00,1.50
2016.08.04 15:46:45.188,1.71935,1.71969,1.00,2.25
2016.08.04 15:46:45.289,1.71935,1.71968,1.50,1.37
2016.08.04 15:46:45.599,1.71935,1.71965,1.50,1.00
2016.08.04 15:46:45.972,1.71935,1.71964,1.00,1.00
2016.08.04 15:46:46.474,1.71935,1.71965,1.50,1.00
2016.08.04 15:46:46.686,1.71936,1.71967,1.00,1.12
2016.08.04 15:46:46.787,1.71936,1.71968,1.00,1.37
2016.08.04 15:46:47.295,1.71937,1.71968,1.00,1.37
2016.08.04 15:46:47.396,1.71939,1.7197,1.00,2.25
2016.08.04 15:46:47.497,1.7194,1.71971,1.00,1.75
2016.08.04 15:46:47.750,1.7194,1.71971,1.00,1.50
2016.08.04 15:46:48.510,1.71938,1.71972,1.00,1.75
2016.08.04 15:46:48.811,1.7194,1.71973,1.00,1.75
2016.08.04 15:46:49.608,1.71941,1.71973,1.00,1.75
2016.08.04 15:46:49.833,1.7194,1.71971,1.00,1.50
2016.08.04 15:46:50.462,1.71939,1.71971,1.00,2.25
2016.08.04 15:46:51.089,1.71939,1.71971,1.00,1.50
2016.08.04 15:46:51.190,1.71942,1.71973,1.00,1.75
2016.08.04 15:46:51.241,1.71942,1.71973,1.12,1.00
2016.08.04 15:46:51.569,1.71944,1.71974,1.00,1.00
2016.08.04 15:46:51.898,1.71941,1.71974,1.50,1.00
2016.08.04 15:46:51.999,1.71943,1.71975,1.00,1.00
2016.08.04 15:46:52.209,1.71941,1.71972,1.50,1.00
2016.08.04 15:46:52.967,1.7194,1.7197,1.75,1.00
2016.08.04 15:46:53.068,1.7194,1.71968,1.75,1.00
2016.08.04 15:46:53.176,1.71937,1.71968,1.50,1.00
2016.08.04 15:46:54.770,1.71937,1.71967,1.00,1.00
2016.08.04 15:46:54.922,1.71935,1.71967,1.00,1.00
2016.08.04 15:46:54.972,1.71936,1.71969,1.00,1.50
2016.08.04 15:46:55.368,1.71934,1.71966,1.50,1.00
2016.08.04 15:46:57.201,1.71936,1.71969,1.00,1.50
2016.08.04 15:47:00.281,1.71939,1.71969,1.00,1.00
2016.08.04 15:47:00.438,1.71947,1.71977,1.00,1.75
2016.08.04 15:47:00.489,1.7195,1.71979,1.00,1.00
2016.08.04 15:47:00.540,1.71952,1.71981,1.00,1.50
2016.08.04 15:47:00.591,1.71954,1.71986,1.00,2.25
2016.08.04 15:47:00.692,1.71954,1.71986,1.00,1.50
2016.08.04 15:47:00.793,1.71963,1.71988,1.00,1.75
2016.08.04 15:47:00.844,1.71963,1.71988,1.00,2.25
2016.08.04 15:47:00.895,1.71964,1.71988,1.00,1.50
2016.08.04 15:47:00.945,1.71964,1.71988,1.00,1.00
2016.08.04 15:47:00.996,1.71962,1.71988,1.12,1.00
2016.08.04 15:47:01.048,1.71962,1.71996,1.12,1.50
2016.08.04 15:47:01.200,1.71964,1.71996,1.00,1.50
2016.08.04 15:47:01.471,1.71962,1.71995,1.12,1.00
2016.08.04 15:47:01.573,1.71962,1.71992,1.12,1.50
2016.08.04 15:47:01.624,1.7196,1.71992,1.75,2.25
2016.08.04 15:47:01.675,1.7196,1.7199,1.00,1.00
2016.08.04 15:47:01.726,1.71955,1.71989,2.25,1.00
2016.08.04 15:47:01.878,1.71955,1.71989,1.50,1.00
2016.08.04 15:47:01.980,1.71955,1.71989,1.50,1.50
2016.08.04 15:47:02.175,1.71957,1.71989,1.00,1.00
2016.08.04 15:47:03.610,1.71955,1.71989,1.50,1.00
2016.08.04 15:47:03.901,1.71956,1.71987,1.00,1.00
2016.08.04 15:47:04.417,1.71958,1.71989,1.00,1.00
2016.08.04 15:47:04.619,1.71959,1.7199,1.00,2.25
2016.08.04 15:47:05.785,1.71959,1.7199,1.00,1.87
2016.08.04 15:47:05.942,1.71959,1.7199,1.00,1.50
2016.08.04 15:47:06.094,1.71957,1.7199,1.00,1.50
2016.08.04 15:47:06.195,1.7196,1.7199,1.00,1.00
2016.08.04 15:47:06.397,1.71962,1.7199,1.00,1.00
2016.08.04 15:47:09.481,1.71966,1.71993,1.00,1.50
2016.08.04 15:47:09.531,1.71966,1.71995,1.00,1.00
2016.08.04 15:47:09.582,1.71967,1.71999,1.00,1.50
2016.08.04 15:47:09.633,1.71967,1.72,1.00,3.75
2016.08.04 15:47:09.786,1.71971,1.72,1.00,3.00
2016.08.04 15:47:09.938,1.71971,1.72,1.00,1.75
2016.08.04 15:47:11.622,1.71968,1.71999,1.00,1.50
2016.08.04 15:47:11.806,1.71971,1.72,1.00,1.75
2016.08.04 15:47:12.179,1.71971,1.72001,1.00,3.00
2016.08.04 15:47:12.229,1.71967,1.72,1.00,1.75
2016.08.04 15:47:12.326,1.71969,1.72001,1.00,2.25
2016.08.04 15:47:12.377,1.71969,1.72,1.00,1.75
2016.08.04 15:47:12.428,1.71967,1.71998,1.00,1.12
2016.08.04 15:47:12.479,1.71967,1.71997,1.00,1.00
2016.08.04 15:47:12.529,1.71963,1.71995,1.75,1.00
2016.08.04 15:47:12.580,1.71963,1.71993,1.00,1.00
2016.08.04 15:47:12.631,1.71958,1.7199,1.75,1.00
2016.08.04 15:47:12.681,1.71957,1.7199,1.00,2.25
2016.08.04 15:47:12.833,1.71956,1.71989,1.50,1.00
2016.08.04 15:47:12.934,1.71958,1.7199,1.00,2.25
2016.08.04 15:47:13.035,1.71958,1.7199,1.00,1.50
2016.08.04 15:47:13.137,1.71961,1.71991,1.00,1.00
2016.08.04 15:47:13.813,1.71964,1.71994,1.00,1.12
2016.08.04 15:47:15.024,1.71962,1.71994,1.00,1.87
2016.08.04 15:47:15.218,1.71963,1.71992,1.00,1.00
2016.08.04 15:47:15.269,1.71963,1.71992,1.00,1.37
2016.08.04 15:47:15.320,1.71956,1.71989,2.25,1.00
2016.08.04 15:47:15.421,1.71956,1.71985,1.00,1.00
2016.08.04 15:47:15.472,1.71954,1.71985,1.37,1.37
2016.08.04 15:47:15.523,1.71951,1.71982,1.50,1.00
2016.08.04 15:47:15.573,1.71951,1.71982,1.50,1.37
2016.08.04 15:47:15.624,1.71947,1.71981,1.00,1.50
2016.08.04 15:47:15.725,1.71946,1.71978,1.87,1.00
2016.08.04 15:47:15.776,1.71946,1.71978,1.50,1.00
2016.08.04 15:47:15.826,1.71946,1.71979,1.50,1.12
2016.08.04 15:47:15.877,1.71946,1.71979,1.87,1.12
2016.08.04 15:47:16.119,1.71946,1.71977,1.37,1.00
2016.08.04 15:47:16.321,1.71946,1.71977,1.00,1.00
2016.08.04 15:47:16.428,1.71947,1.71978,1.37,1.00
2016.08.04 15:47:16.479,1.71948,1.71978,1.00,1.00
2016.08.04 15:47:16.631,1.71949,1.7198,1.00,1.37
2016.08.04 15:47:21.033,1.71949,1.71981,1.00,2.25
2016.08.04 15:47:21.409,1.71948,1.71979,1.00,1.12
2016.08.04 15:47:21.611,1.71951,1.71981,1.00,1.00
2016.08.04 15:47:21.726,1.7195,1.71984,1.50,1.50
2016.08.04 15:47:21.928,1.7195,1.71981,1.50,1.00
2016.08.04 15:47:22.029,1.7195,1.71984,1.50,1.00
2016.08.04 15:47:22.246,1.71951,1.71985,1.00,2.25
2016.08.04 15:47:22.637,1.7195,1.71985,1.50,2.25
2016.08.04 15:47:22.840,1.7195,1.71983,1.00,1.00
2016.08.04 15:47:23.132,1.7195,1.71983,1.50,1.00
2016.08.04 15:47:24.533,1.7195,1.71984,1.50,1.00
2016.08.04 15:47:25.615,1.7195,1.71982,1.00,1.00
2016.08.04 15:47:25.845,1.7195,1.71984,1.00,1.00
2016.08.04 15:47:26.716,1.7195,1.71983,1.00,1.00
2016.08.04 15:47:26.805,1.7195,1.71983,1.00,1.00
2016.08.04 15:47:26.855,1.7195,1.71983,1.50,1.00
2016.08.04 15:47:27.057,1.7195,1.71981,1.00,1.00
2016.08.04 15:47:27.159,1.7195,1.71978,1.00,1.00
2016.08.04 15:47:27.668,1.7195,1.71979,1.00,1.00
2016.08.04 15:47:29.419,1.7195,1.71977,1.00,1.00
2016.08.04 15:47:29.623,1.7195,1.71979,1.00,1.00
2016.08.04 15:47:30.620,1.7195,1.71977,1.00,1.00
2016.08.04 15:47:30.823,1.71945,1.71977,1.12,1.00
2016.08.04 15:47:30.924,1.71945,1.71977,1.87,1.00
2016.08.04 15:47:31.025,1.71949,1.71983,1.00,1.50
2016.08.04 15:47:31.225,1.71957,1.7198,1.00,1.00
2016.08.04 15:47:31.276,1.71957,1.7198,1.50,1.00
2016.08.04 15:47:31.326,1.71959,1.7199,1.50,1.00
2016.08.04 15:47:31.377,1.71959,1.71994,1.50,1.50
2016.08.04 15:47:31.427,1.71959,1.71994,1.50,1.50
2016.08.04 15:47:31.551,1.71962,1.71993,1.00,1.00
2016.08.04 15:47:31.652,1.71966,1.71994,1.00,1.00
2016.08.04 15:47:31.804,1.71967,1.72,1.00,2.25
2016.08.04 15:47:31.855,1.71965,1.71997,1.00,1.00
2016.08.04 15:47:31.906,1.71962,1.71997,1.87,1.37
2016.08.04 15:47:32.045,1.71961,1.71993,1.00,1.00
2016.08.04 15:47:32.154,1.71961,1.71994,1.00,2.62
2016.08.04 15:47:32.457,1.7196,1.71992,1.00,1.00
2016.08.04 15:47:32.798,1.7196,1.71989,1.00,1.00
2016.08.04 15:47:32.849,1.71955,1.71989,1.75,1.50
2016.08.04 15:47:32.900,1.71955,1.71988,1.37,1.00
2016.08.04 15:47:32.951,1.71955,1.71988,1.00,1.12
2016.08.04 15:47:33.056,1.71954,1.71985,1.00,1.00
2016.08.04 15:47:33.359,1.71956,1.71988,1.00,1.87
2016.08.04 15:47:34.878,1.71955,1.71987,1.00,1.00
2016.08.04 15:47:35.030,1.71958,1.7199,1.00,1.87
2016.08.04 15:47:35.081,1.71958,1.7199,1.12,1.50
2016.08.04 15:47:35.526,1.71957,1.7199,1.50,1.50
2016.08.04 15:47:37.054,1.71955,1.7199,1.75,2.25
2016.08.04 15:47:37.316,1.71967,1.7199,1.00,1.00
2016.08.04 15:47:37.366,1.71971,1.71995,1.00,1.75
2016.08.04 15:47:37.517,1.71971,1.72,1.87,2.10
2016.08.04 15:47:37.568,1.71976,1.72006,1.00,1.00
2016.08.04 15:47:39.181,1.71974,1.72006,1.12,1.00
2016.08.04 15:47:43.035,1.71977,1.72006,1.00,1.00
2016.08.04 15:47:43.835,1.71976,1.72006,1.00,1.00
2016.08.04 15:47:44.385,1.71977,1.72006,1.00,1.00
2016.08.04 15:47:45.080,1.71975,1.72006,1.00,1.00
2016.08.04 15:47:45.620,1.71976,1.72006,1.00,1.00
2016.08.04 15:47:45.671,1.71973,1.72006,1.12,1.37
2016.08.04 15:47:45.745,1.71973,1.72006,1.00,1.50
2016.08.04 15:47:46.270,1.71972,1.72006,1.00,1.50
2016.08.04 15:47:47.239,1.71971,1.72006,1.12,1.50
2016.08.04 15:47:49.841,1.71971,1.72006,1.12,1.50
2016.08.04 15:47:49.943,1.71971,1.72005,1.12,1.12
2016.08.04 15:47:50.044,1.71968,1.72004,1.75,1.00
2016.08.04 15:47:50.146,1.71968,1.72004,2.25,1.00
2016.08.04 15:47:50.339,1.71968,1.72002,2.25,1.00
2016.08.04 15:47:51.044,1.71968,1.72004,3.00,1.00
2016.08.04 15:47:51.545,1.71968,1.72002,2.25,1.00
2016.08.04 15:47:51.810,1.71968,1.72,1.75,1.00
2016.08.04 15:47:52.465,1.71964,1.72,2.25,1.00
2016.08.04 15:47:52.566,1.71969,1.72,1.37,1.00
2016.08.04 15:47:52.617,1.71969,1.72,1.75,1.00
2016.08.04 15:47:52.668,1.71969,1.72,2.25,1.00
2016.08.04 15:47:52.718,1.71969,1.72005,2.25,1.50
2016.08.04 15:47:52.769,1.7198,1.72008,1.00,1.75
2016.08.04 15:47:52.870,1.71979,1.72013,2.62,3.60
2016.08.04 15:47:53.004,1.71979,1.72013,2.25,1.50
2016.08.04 15:47:53.055,1.71979,1.72017,2.25,3.00
2016.08.04 15:47:53.164,1.71979,1.72017,1.75,3.00
2016.08.04 15:47:53.867,1.7198,1.72017,1.50,3.00
2016.08.04 15:47:54.249,1.7198,1.72017,1.50,2.25
2016.08.04 15:47:54.469,1.71981,1.72018,1.12,3.00
2016.08.04 15:47:54.520,1.71981,1.72018,1.37,3.00
2016.08.04 15:47:54.570,1.71981,1.72018,1.75,2.62
2016.08.04 15:47:54.621,1.71981,1.72018,1.75,2.25
2016.08.04 15:47:54.678,1.71987,1.72022,1.50,1.12
2016.08.04 15:47:54.779,1.71985,1.7202,1.75,1.00
2016.08.04 15:47:54.881,1.71984,1.72024,2.25,2.25
2016.08.04 15:47:54.982,1.71987,1.72024,1.50,1.50
2016.08.04 15:47:55.184,1.71984,1.7202,1.50,1.87
2016.08.04 15:47:55.258,1.71984,1.7202,1.50,2.25
2016.08.04 15:47:55.450,1.71984,1.72018,1.50,1.00
2016.08.04 15:47:55.848,1.71984,1.7202,1.50,1.50
2016.08.04 15:47:55.899,1.71984,1.72016,1.50,1.00
2016.08.04 15:47:56.600,1.7198,1.72016,1.75,1.00
2016.08.04 15:47:57.822,1.71979,1.72016,1.75,1.00
2016.08.04 15:47:59.299,1.71978,1.72015,1.75,1.12
2016.08.04 15:47:59.351,1.7198,1.72015,1.00,1.50
2016.08.04 15:47:59.402,1.7198,1.72014,1.00,1.00
2016.08.04 15:48:00.670,1.7198,1.72014,1.00,1.50
2016.08.04 15:48:00.754,1.7198,1.72012,1.00,1.00
2016.08.04 15:48:01.696,1.7198,1.72014,1.00,1.00
2016.08.04 15:48:02.695,1.7198,1.72017,1.50,1.37
2016.08.04 15:48:02.797,1.71984,1.72017,1.00,1.00
2016.08.04 15:48:02.898,1.71984,1.72017,1.00,1.50
2016.08.04 15:48:03.557,1.71984,1.72017,1.00,1.00
2016.08.04 15:48:03.658,1.71984,1.72017,1.00,1.50
2016.08.04 15:48:03.709,1.71984,1.72017,1.00,1.00
2016.08.04 15:48:04.251,1.71984,1.72016,1.00,1.00
2016.08.04 15:48:04.301,1.71983,1.72014,1.00,1.12
2016.08.04 15:48:05.865,1.71983,1.72019,1.00,2.25
2016.08.04 15:48:05.966,1.71983,1.72016,1.00,1.75
2016.08.04 15:48:06.561,1.71983,1.72015,1.00,1.50
2016.08.04 15:48:07.868,1.71984,1.7202,1.00,3.37
2016.08.04 15:48:07.919,1.71984,1.72019,1.00,1.75
2016.08.04 15:48:07.969,1.7199,1.72018,1.00,1.00
2016.08.04 15:48:08.020,1.7199,1.72021,1.00,1.37
2016.08.04 15:48:08.128,1.7199,1.72025,1.00,2.25
2016.08.04 15:48:08.179,1.7199,1.72025,1.00,1.75
2016.08.04 15:48:08.331,1.7199,1.72022,1.00,1.00
2016.08.04 15:48:08.432,1.71991,1.72019,1.00,1.12
2016.08.04 15:48:08.482,1.71984,1.72017,1.12,1.00
2016.08.04 15:48:08.533,1.71984,1.72017,1.00,1.37
2016.08.04 15:48:08.584,1.71984,1.72014,1.00,1.00
2016.08.04 15:48:08.997,1.71984,1.72014,1.00,1.00
2016.08.04 15:48:09.480,1.7198,1.72006,1.00,1.00
2016.08.04 15:48:09.531,1.71978,1.72006,1.37,1.00
2016.08.04 15:48:09.581,1.71985,1.72008,1.00,1.00
2016.08.04 15:48:09.632,1.71985,1.72007,1.00,1.37
2016.08.04 15:48:09.683,1.71985,1.72007,1.00,1.75
2016.08.04 15:48:09.734,1.71985,1.72012,1.00,2.10
2016.08.04 15:48:09.784,1.71984,1.72016,1.00,1.75
2016.08.04 15:48:09.886,1.71986,1.72017,1.00,1.75
2016.08.04 15:48:09.987,1.71984,1.72017,1.00,1.75
2016.08.04 15:48:10.089,1.71984,1.72017,1.12,1.37
2016.08.04 15:48:10.140,1.71984,1.72017,1.50,1.00
2016.08.04 15:48:10.190,1.71982,1.72015,1.37,1.00
2016.08.04 15:48:10.241,1.71982,1.72015,1.00,1.37
2016.08.04 15:48:10.292,1.71978,1.72004,1.37,1.00
2016.08.04 15:48:10.436,1.71977,1.72004,1.00,1.00
2016.08.04 15:48:10.487,1.71988,1.72008,1.00,1.50
2016.08.04 15:48:10.538,1.71988,1.72004,1.00,1.00
2016.08.04 15:48:10.589,1.71988,1.72014,1.00,2.10
2016.08.04 15:48:10.640,1.71988,1.7202,1.00,2.62
2016.08.04 15:48:10.690,1.71987,1.7202,1.12,3.00
2016.08.04 15:48:10.741,1.71987,1.72018,1.50,1.87
2016.08.04 15:48:10.792,1.71984,1.72014,1.75,1.00
2016.08.04 15:48:10.893,1.71984,1.72017,1.87,1.12
2016.08.04 15:48:10.944,1.71984,1.72015,1.00,1.50
2016.08.04 15:48:10.994,1.71978,1.72013,1.37,1.00
2016.08.04 15:48:11.045,1.71978,1.72013,1.12,1.00
2016.08.04 15:48:11.200,1.71979,1.72013,1.00,1.00
2016.08.04 15:48:11.301,1.71982,1.72014,1.00,1.12
2016.08.04 15:48:11.974,1.71983,1.72013,1.00,1.00
2016.08.04 15:48:12.282,1.71986,1.72019,1.00,1.37
2016.08.04 15:48:12.383,1.71986,1.72019,1.00,1.12
2016.08.04 15:48:12.887,1.71983,1.72016,1.12,1.00
2016.08.04 15:48:12.990,1.71982,1.72014,2.25,1.00
2016.08.04 15:48:13.041,1.71982,1.72014,1.50,1.00
2016.08.04 15:48:13.091,1.71982,1.72014,1.50,1.00
2016.08.04 15:48:13.198,1.71981,1.72014,1.75,1.00
2016.08.04 15:48:13.300,1.71979,1.72012,1.37,1.50
2016.08.04 15:48:13.351,1.71979,1.72011,1.12,1.00
2016.08.04 15:48:13.402,1.71974,1.72008,1.87,1.12
2016.08.04 15:48:13.453,1.71974,1.72008,1.50,1.50
2016.08.04 15:48:13.504,1.71974,1.72009,1.50,1.75
2016.08.04 15:48:13.706,1.71974,1.72009,1.00,1.75
2016.08.04 15:48:13.932,1.71974,1.72008,1.00,1.50
2016.08.04 15:48:14.183,1.71974,1.72008,1.50,1.50
2016.08.04 15:48:14.385,1.71974,1.72006,1.00,1.12
2016.08.04 15:48:14.688,1.71974,1.72005,1.50,1.00
2016.08.04 15:48:15.321,1.71979,1.72007,1.00,1.37
2016.08.04 15:48:15.372,1.71988,1.72013,1.00,1.75
2016.08.04 15:48:15.423,1.71988,1.72015,1.50,2.47
2016.08.04 15:48:15.474,1.71998,1.72022,1.00,2.47
2016.08.04 15:48:15.524,1.71998,1.72022,1.00,2.10
2016.08.04 15:48:15.575,1.71996,1.72028,1.37,1.37
2016.08.04 15:48:15.626,1.71996,1.72029,1.50,1.00
2016.08.04 15:48:15.677,1.72,1.72029,1.00,1.00
2016.08.04 15:48:15.727,1.72,1.72032,1.00,1.75
2016.08.04 15:48:15.793,1.72,1.72032,1.75,1.00
2016.08.04 15:48:15.844,1.72001,1.72034,1.50,1.00
2016.08.04 15:48:15.894,1.72001,1.72034,1.00,1.75
2016.08.04 15:48:16.002,1.72002,1.72034,1.00,1.75
2016.08.04 15:48:16.320,1.72001,1.72033,1.50,1.75
2016.08.04 15:48:16.782,1.72002,1.72035,1.00,1.75
2016.08.04 15:48:16.973,1.72003,1.72036,1.00,2.25
2016.08.04 15:48:19.044,1.72003,1.72032,1.00,1.50
2016.08.04 15:48:19.318,1.72001,1.72032,1.00,1.50
2016.08.04 15:48:19.585,1.72,1.72031,1.00,1.12
2016.08.04 15:48:19.788,1.72003,1.72032,1.00,1.50
2016.08.04 15:48:19.838,1.72006,1.72036,1.00,1.75
2016.08.04 15:48:19.889,1.72013,1.7204,1.00,1.75
2016.08.04 15:48:20.009,1.72016,1.7204,1.00,1.00
2016.08.04 15:48:20.064,1.72017,1.72044,1.00,1.75
2016.08.04 15:48:20.138,1.72024,1.72048,1.00,1.00
2016.08.04 15:48:20.188,1.72024,1.72051,1.00,1.50
2016.08.04 15:48:20.239,1.72024,1.72051,1.00,1.00
2016.08.04 15:48:20.750,1.72025,1.72051,1.00,1.00
2016.08.04 15:48:21.220,1.72023,1.72051,1.00,1.00
2016.08.04 15:48:21.992,1.72019,1.72051,1.00,1.00
2016.08.04 15:48:22.495,1.7202,1.72051,1.00,1.00
2016.08.04 15:48:22.707,1.72018,1.72049,1.00,1.00
2016.08.04 15:48:22.808,1.72019,1.72051,1.00,1.00
2016.08.04 15:48:23.100,1.72019,1.72051,1.00,1.00
2016.08.04 15:48:23.150,1.72019,1.72051,1.00,1.37
2016.08.04 15:48:23.201,1.72017,1.72051,1.00,1.87
2016.08.04 15:48:23.252,1.72017,1.72049,1.00,1.12
2016.08.04 15:48:23.403,1.72018,1.72049,1.00,1.87
2016.08.04 15:48:23.504,1.72016,1.72048,1.50,1.00
2016.08.04 15:48:24.513,1.72016,1.72048,1.00,1.00
2016.08.04 15:48:24.615,1.72016,1.72044,1.00,1.00
2016.08.04 15:48:24.716,1.7201,1.72041,1.50,1.00
2016.08.04 15:48:24.919,1.7201,1.72036,1.00,1.00
2016.08.04 15:48:25.119,1.72001,1.7203,2.10,1.00
2016.08.04 15:48:25.221,1.72,1.72031,1.00,1.00
2016.08.04 15:48:26.093,1.72,1.72031,1.00,1.50
2016.08.04 15:48:26.254,1.71994,1.7202,1.12,1.00
2016.08.04 15:48:26.305,1.71992,1.7202,1.00,1.00
2016.08.04 15:48:26.356,1.71987,1.7202,1.75,1.00
2016.08.04 15:48:26.457,1.71986,1.72018,3.00,1.00
2016.08.04 15:48:26.559,1.71986,1.72019,1.37,1.00
2016.08.04 15:48:26.609,1.71986,1.72019,1.00,1.00
2016.08.04 15:48:26.660,1.71983,1.72017,1.37,2.62
2016.08.04 15:48:26.711,1.71981,1.72017,3.00,3.00
2016.08.04 15:48:26.761,1.71981,1.72016,1.87,1.87
2016.08.04 15:48:26.812,1.71981,1.72013,1.00,1.50
2016.08.04 15:48:26.863,1.71978,1.72013,1.87,1.50
2016.08.04 15:48:26.964,1.71978,1.72012,1.87,1.00
2016.08.04 15:48:27.015,1.71978,1.72012,1.12,1.00
2016.08.04 15:48:27.132,1.71976,1.72011,2.25,1.00
2016.08.04 15:48:27.395,1.71976,1.72011,2.25,1.87
2016.08.04 15:48:27.624,1.71976,1.72007,1.37,1.00
2016.08.04 15:48:27.674,1.71973,1.72007,3.00,1.00
2016.08.04 15:48:27.725,1.71973,1.72007,3.00,1.00
2016.08.04 15:48:27.776,1.71973,1.72007,1.50,1.12
2016.08.04 15:48:27.826,1.71974,1.72008,1.00,3.00
2016.08.04 15:48:27.877,1.71974,1.72008,1.00,1.50
2016.08.04 15:48:28.543,1.71974,1.72008,1.37,1.12
2016.08.04 15:48:28.594,1.71976,1.72007,1.00,1.12
2016.08.04 15:48:28.644,1.71976,1.72007,1.00,1.12
2016.08.04 15:48:28.695,1.71976,1.72008,1.00,1.00
2016.08.04 15:48:28.745,1.71976,1.72009,1.50,1.00
2016.08.04 15:48:28.796,1.71976,1.72009,1.50,1.37
2016.08.04 15:48:28.914,1.71976,1.72009,1.00,1.87
2016.08.04 15:48:28.965,1.71976,1.72009,1.00,1.37
2016.08.04 15:48:29.167,1.71976,1.72009,1.00,1.87
2016.08.04 15:48:29.217,1.71977,1.72009,1.00,1.12
2016.08.04 15:48:29.519,1.71976,1.72009,1.50,1.12
2016.08.04 15:48:31.336,1.71971,1.72005,1.50,1.00
2016.08.04 15:48:31.538,1.71972,1.72006,1.00,1.00
2016.08.04 15:48:31.740,1.71975,1.72008,1.00,1.12
2016.08.04 15:48:32.524,1.71975,1.72008,1.00,1.87
2016.08.04 15:48:32.575,1.71975,1.72008,1.00,1.50
2016.08.04 15:48:32.626,1.71975,1.72008,1.12,1.00
2016.08.04 15:48:32.676,1.71975,1.72008,1.50,1.00
2016.08.04 15:48:32.828,1.71975,1.7201,1.00,1.50
2016.08.04 15:48:33.081,1.71975,1.7201,1.00,2.62
2016.08.04 15:48:33.233,1.71975,1.7201,1.00,2.62
2016.08.04 15:48:33.283,1.71975,1.7201,1.00,1.50
2016.08.04 15:48:33.334,1.71975,1.7201,1.00,1.50
2016.08.04 15:48:33.536,1.71977,1.7201,1.00,1.50
2016.08.04 15:48:33.656,1.71978,1.7201,1.00,1.00
2016.08.04 15:48:33.707,1.71978,1.72011,1.00,1.50
2016.08.04 15:48:33.858,1.71978,1.72011,1.00,1.00
2016.08.04 15:48:33.960,1.71978,1.72013,1.00,1.50
2016.08.04 15:48:34.119,1.71977,1.72012,1.00,1.00
2016.08.04 15:48:34.630,1.71976,1.72013,1.00,1.00
2016.08.04 15:48:35.038,1.71979,1.72016,1.87,2.62
2016.08.04 15:48:35.089,1.71979,1.72016,2.25,2.25
2016.08.04 15:48:35.192,1.71979,1.72016,2.25,2.62
2016.08.04 15:48:35.355,1.7198,1.72016,1.37,2.62
2016.08.04 15:48:35.834,1.71979,1.72016,2.25,2.62
2016.08.04 15:48:36.021,1.71979,1.72016,1.50,2.62
2016.08.04 15:48:36.186,1.71991,1.72016,1.00,1.87
2016.08.04 15:48:36.238,1.71991,1.72018,1.00,1.50
2016.08.04 15:48:36.289,1.71991,1.72018,1.37,1.37
2016.08.04 15:48:36.340,1.71992,1.72023,1.37,1.00
2016.08.04 15:48:36.391,1.71992,1.72026,1.37,2.25
2016.08.04 15:48:36.442,1.7199,1.72026,1.12,1.87
2016.08.04 15:48:36.493,1.7199,1.72027,1.12,1.75
2016.08.04 15:48:36.544,1.71989,1.72027,1.50,2.25
2016.08.04 15:48:36.746,1.71989,1.72027,1.37,2.25
2016.08.04 15:48:36.848,1.71989,1.72027,1.00,2.25
2016.08.04 15:48:37.050,1.71989,1.72027,1.50,1.75
2016.08.04 15:48:37.467,1.71991,1.72029,1.00,1.75
2016.08.04 15:48:37.519,1.71991,1.72029,1.12,1.87
2016.08.04 15:48:37.570,1.71993,1.72029,1.00,1.87
2016.08.04 15:48:37.621,1.71993,1.72029,1.00,1.75
2016.08.04 15:48:37.938,1.71994,1.72032,1.12,1.12
2016.08.04 15:48:38.039,1.71994,1.72033,1.12,3.00
2016.08.04 15:48:38.090,1.71994,1.72033,1.12,2.25
2016.08.04 15:48:38.247,1.71996,1.72033,1.00,1.87
2016.08.04 15:48:38.396,1.71996,1.72033,1.00,1.75
2016.08.04 15:48:38.548,1.71996,1.72033,1.00,2.62
2016.08.04 15:48:38.769,1.71993,1.72031,1.50,1.75
2016.08.04 15:48:38.819,1.71991,1.72029,1.75,1.12
2016.08.04 15:48:38.870,1.71991,1.72028,1.75,1.00
2016.08.04 15:48:38.921,1.71991,1.72028,1.37,1.87
2016.08.04 15:48:38.972,1.71991,1.72028,1.00,2.25
2016.08.04 15:48:39.270,1.71993,1.72028,1.00,1.75
2016.08.04 15:48:39.792,1.71992,1.72028,1.00,1.75
2016.08.04 15:48:40.043,1.71992,1.72027,1.00,1.50
2016.08.04 15:48:40.144,1.71992,1.72028,1.00,2.25
2016.08.04 15:48:41.075,1.71994,1.72028,1.00,2.25
2016.08.04 15:48:41.277,1.71994,1.72027,1.00,1.50
2016.08.04 15:48:41.959,1.71994,1.72028,1.00,1.75
2016.08.04 15:48:42.631,1.71995,1.72028,1.00,1.75
2016.08.04 15:48:43.461,1.71992,1.72026,1.00,1.12
2016.08.04 15:48:43.663,1.71991,1.72028,1.00,2.25
2016.08.04 15:48:44.215,1.71992,1.72028,1.00,2.25
2016.08.04 15:48:44.463,1.71995,1.72028,1.00,1.75
2016.08.04 15:48:44.965,1.71996,1.72028,1.00,1.75
2016.08.04 15:48:45.967,1.71997,1.72028,1.00,2.25
2016.08.04 15:48:46.769,1.71996,1.72027,1.00,1.50
2016.08.04 15:48:47.028,1.71996,1.72028,1.00,1.75
2016.08.04 15:48:47.078,1.71993,1.72026,1.00,1.12
2016.08.04 15:48:47.635,1.71993,1.72025,1.00,1.00
2016.08.04 15:48:48.636,1.7199,1.72028,1.12,1.75
2016.08.04 15:48:49.073,1.71993,1.72025,1.00,1.00
2016.08.04 15:48:49.237,1.71994,1.72027,1.00,1.50
2016.08.04 15:48:49.979,1.71993,1.72025,1.00,1.00
2016.08.04 15:48:50.638,1.71994,1.72027,1.00,1.50
2016.08.04 15:48:50.841,1.71994,1.72024,1.00,1.00
2016.08.04 15:48:52.882,1.7199,1.72018,1.00,1.00
2016.08.04 15:48:52.934,1.71988,1.72017,1.00,1.00
2016.08.04 15:48:52.984,1.71988,1.72015,1.00,1.50
2016.08.04 15:48:53.035,1.71984,1.72015,1.00,1.50
2016.08.04 15:48:53.086,1.71984,1.72013,1.00,1.00
2016.08.04 15:48:53.412,1.71989,1.72017,1.00,1.75
2016.08.04 15:48:53.463,1.71998,1.72023,1.00,2.47
2016.08.04 15:48:53.514,1.71998,1.72023,1.00,2.47
2016.08.04 15:48:53.565,1.71998,1.72024,1.00,2.10
2016.08.04 15:48:53.616,1.72006,1.7203,1.00,2.25
2016.08.04 15:48:53.667,1.72007,1.72029,1.00,1.50
2016.08.04 15:48:53.719,1.72,1.72029,1.87,1.50
2016.08.04 15:48:53.769,1.72007,1.72037,1.00,1.75
2016.08.04 15:48:53.871,1.72006,1.72037,1.00,1.00
2016.08.04 15:48:54.419,1.72005,1.72037,1.00,1.00
2016.08.04 15:48:55.087,1.72002,1.72035,1.00,2.25
2016.08.04 15:48:55.639,1.72003,1.72035,1.00,2.25
2016.08.04 15:48:56.796,1.72003,1.72034,1.00,1.75
2016.08.04 15:48:58.349,1.72003,1.72033,1.00,1.75
2016.08.04 15:48:58.961,1.72001,1.72033,1.00,2.25
2016.08.04 15:48:59.482,1.72001,1.72033,1.50,2.25
2016.08.04 15:49:00.113,1.72001,1.72033,1.00,2.25
2016.08.04 15:49:00.450,1.71999,1.72033,1.00,2.25
2016.08.04 15:49:01.782,1.71997,1.72029,2.25,1.00
2016.08.04 15:49:01.976,1.71999,1.72033,1.00,1.75
2016.08.04 15:49:02.752,1.71998,1.72031,1.12,1.12
2016.08.04 15:49:03.289,1.71999,1.72033,1.00,2.25
2016.08.04 15:49:03.553,1.71999,1.72032,1.00,1.50
2016.08.04 15:49:03.830,1.72001,1.72032,1.00,1.50
2016.08.04 15:49:03.931,1.72001,1.72032,1.50,1.00
2016.08.04 15:49:06.056,1.72001,1.72033,2.25,1.00
2016.08.04 15:49:06.365,1.72005,1.72037,1.00,1.75
2016.08.04 15:49:06.466,1.72007,1.72038,1.00,2.25
2016.08.04 15:49:06.620,1.72007,1.72038,1.00,1.75
2016.08.04 15:49:07.126,1.72006,1.72038,1.00,1.75
2016.08.04 15:49:07.724,1.72006,1.72041,1.00,1.75
2016.08.04 15:49:07.775,1.72007,1.72039,1.00,1.75
2016.08.04 15:49:08.276,1.72007,1.7204,1.00,1.75
2016.08.04 15:49:08.559,1.72005,1.72038,1.50,1.75
2016.08.04 15:49:08.827,1.72006,1.72038,1.00,1.00
2016.08.04 15:49:08.877,1.72006,1.72039,1.50,1.00
2016.08.04 15:49:09.586,1.72007,1.7204,1.00,1.00
2016.08.04 15:49:09.687,1.72009,1.72042,1.00,1.50
2016.08.04 15:49:10.195,1.72008,1.72042,1.00,1.50
2016.08.04 15:49:10.833,1.72008,1.72042,1.00,1.50
2016.08.04 15:49:12.463,1.72014,1.72042,1.00,1.00
2016.08.04 15:49:12.514,1.72014,1.72044,1.50,1.00
2016.08.04 15:49:12.565,1.7202,1.72047,1.00,1.00
2016.08.04 15:49:12.667,1.72019,1.7205,1.00,1.00
2016.08.04 15:49:12.718,1.72019,1.72052,2.25,1.00
2016.08.04 15:49:12.768,1.72029,1.72053,1.00,1.00
2016.08.04 15:49:12.819,1.72029,1.72059,1.50,1.00
2016.08.04 15:49:12.956,1.72029,1.72061,1.50,1.00
2016.08.04 15:49:13.006,1.72029,1.72067,1.50,1.75
2016.08.04 15:49:13.310,1.72029,1.72068,1.50,3.00
2016.08.04 15:49:13.411,1.72029,1.72066,1.50,1.75
2016.08.04 15:49:13.613,1.72028,1.72067,1.75,1.75
2016.08.04 15:49:13.765,1.72028,1.72067,2.25,1.75
2016.08.04 15:49:14.092,1.72028,1.72066,1.75,1.75
2016.08.04 15:49:15.005,1.72028,1.72064,1.75,1.50
2016.08.04 15:49:15.055,1.72028,1.72064,1.75,1.50
2016.08.04 15:49:15.106,1.7203,1.72067,1.12,1.75
2016.08.04 15:49:15.207,1.72032,1.72068,1.00,2.25
2016.08.04 15:49:15.367,1.72033,1.72068,1.00,1.75
2016.08.04 15:49:16.869,1.72031,1.72068,1.00,2.25
2016.08.04 15:49:17.076,1.72028,1.72067,2.25,1.75
2016.08.04 15:49:17.177,1.72028,1.72065,2.25,1.75
2016.08.04 15:49:17.227,1.72028,1.72065,2.25,1.75
2016.08.04 15:49:17.278,1.72026,1.72062,1.75,1.50
2016.08.04 15:49:17.329,1.72026,1.72062,1.12,2.25
2016.08.04 15:49:17.379,1.72025,1.72062,1.50,2.25
2016.08.04 15:49:18.003,1.72035,1.72062,1.00,1.75
2016.08.04 15:49:18.155,1.7204,1.7207,1.00,1.00
2016.08.04 15:49:18.206,1.72048,1.72076,1.00,1.75
2016.08.04 15:49:18.257,1.72048,1.72082,1.00,1.75
2016.08.04 15:49:18.328,1.72046,1.72082,1.00,1.75
2016.08.04 15:49:18.452,1.72046,1.72081,1.00,1.50
2016.08.04 15:49:18.756,1.72046,1.72076,1.00,1.00
2016.08.04 15:49:18.807,1.72042,1.72076,1.00,1.00
2016.08.04 15:49:19.161,1.7204,1.72076,1.50,1.50
2016.08.04 15:49:19.212,1.7204,1.72076,1.00,2.25
2016.08.04 15:49:19.263,1.7204,1.72076,1.00,2.25
2016.08.04 15:49:19.314,1.72036,1.72076,1.50,2.25
2016.08.04 15:49:19.457,1.72036,1.72071,1.50,1.00
2016.08.04 15:49:20.481,1.72036,1.72071,1.00,1.50
2016.08.04 15:49:20.532,1.72035,1.72071,1.00,1.75
2016.08.04 15:49:20.861,1.72033,1.72069,1.12,1.75
2016.08.04 15:49:20.935,1.72029,1.72066,2.25,1.12
2016.08.04 15:49:20.986,1.72032,1.72068,1.37,1.50
2016.08.04 15:49:21.037,1.72032,1.72068,1.00,1.75
2016.08.04 15:49:21.088,1.7203,1.72068,1.00,2.25
2016.08.04 15:49:21.139,1.7203,1.72068,1.00,2.25
2016.08.04 15:49:21.416,1.72033,1.72068,1.00,1.75
2016.08.04 15:49:21.618,1.72031,1.72068,1.00,1.75
2016.08.04 15:49:22.883,1.72032,1.72068,1.00,1.75
2016.08.04 15:49:24.767,1.72032,1.72068,1.00,1.75
2016.08.04 15:49:25.317,1.72033,1.72068,1.00,1.75
2016.08.04 15:49:26.379,1.72033,1.72068,1.00,2.25
2016.08.04 15:49:26.679,1.72034,1.72068,1.00,1.75
2016.08.04 15:49:26.780,1.72036,1.72069,1.00,1.75
2016.08.04 15:49:27.378,1.72037,1.72068,1.00,1.75
2016.08.04 15:49:28.424,1.72037,1.72069,1.00,1.75
2016.08.04 15:49:29.184,1.72036,1.72069,1.00,1.75
2016.08.04 15:49:31.484,1.72034,1.72069,1.00,1.75
2016.08.04 15:49:36.512,1.72034,1.7207,1.00,2.25
2016.08.04 15:49:38.116,1.72039,1.72073,1.00,1.87
2016.08.04 15:49:38.167,1.72039,1.72073,1.00,1.75
2016.08.04 15:49:38.217,1.7204,1.72074,1.00,2.25
2016.08.04 15:49:38.268,1.7204,1.72073,1.00,1.12
2016.08.04 15:49:38.327,1.72036,1.72072,1.50,1.75
2016.08.04 15:49:38.377,1.72036,1.72072,1.50,1.75
2016.08.04 15:49:38.428,1.72038,1.72073,1.00,1.12
2016.08.04 15:49:38.568,1.72038,1.72074,1.00,1.87
2016.08.04 15:49:38.619,1.72038,1.72074,1.00,1.87
2016.08.04 15:49:39.024,1.72038,1.72074,1.00,2.25
2016.08.04 15:49:39.126,1.72037,1.72074,1.12,2.25
2016.08.04 15:49:39.342,1.72038,1.72074,1.00,2.25
2016.08.04 15:49:39.984,1.72038,1.72074,1.00,2.25
2016.08.04 15:49:40.035,1.72038,1.72072,1.00,2.25
2016.08.04 15:49:40.086,1.72038,1.72072,1.00,2.25
2016.08.04 15:49:40.222,1.72038,1.72074,1.00,1.75
2016.08.04 15:49:40.272,1.72038,1.72074,1.00,1.75
2016.08.04 15:49:41.654,1.72038,1.72074,1.00,3.00
2016.08.04 15:49:41.705,1.72038,1.72069,1.00,1.00
2016.08.04 15:49:41.755,1.72037,1.72062,1.12,1.00
2016.08.04 15:49:41.806,1.72037,1.72062,1.00,1.37
2016.08.04 15:49:41.857,1.72029,1.72063,1.37,2.25
2016.08.04 15:49:41.907,1.72029,1.72063,1.00,2.25
2016.08.04 15:49:42.120,1.72029,1.72063,1.00,1.50
2016.08.04 15:49:42.367,1.72029,1.72062,1.00,1.37
2016.08.04 15:49:42.652,1.72029,1.72063,1.00,1.50
2016.08.04 15:49:42.703,1.72029,1.72063,1.00,1.50
2016.08.04 15:49:42.804,1.72029,1.72063,1.75,1.00
2016.08.04 15:49:42.855,1.72036,1.72063,1.00,1.00
2016.08.04 15:49:42.906,1.72036,1.72065,1.00,1.37
2016.08.04 15:49:43.434,1.72035,1.72065,1.00,1.00
2016.08.04 15:49:43.485,1.72035,1.72066,1.00,1.12
2016.08.04 15:49:44.018,1.72033,1.72066,1.12,1.12
2016.08.04 15:49:44.518,1.72035,1.72066,1.00,1.12
2016.08.04 15:49:45.516,1.72032,1.72067,1.37,1.37
2016.08.04 15:49:45.567,1.72033,1.72069,1.87,1.75
2016.08.04 15:49:45.668,1.72028,1.72061,1.75,1.00
2016.08.04 15:49:45.719,1.72027,1.7206,2.25,1.00
2016.08.04 15:49:45.770,1.72027,1.7206,1.00,1.00
2016.08.04 15:49:45.821,1.72027,1.72061,1.00,1.00
2016.08.04 15:49:45.929,1.72027,1.72062,1.00,1.12
2016.08.04 15:49:45.980,1.72027,1.72064,1.50,1.75
2016.08.04 15:49:46.081,1.72027,1.72064,2.25,1.00
2016.08.04 15:49:46.131,1.72028,1.72064,1.75,1.00
2016.08.04 15:49:46.530,1.7203,1.72064,1.37,1.00
2016.08.04 15:49:46.732,1.72027,1.72065,2.25,1.12
2016.08.04 15:49:46.783,1.72027,1.72065,3.00,1.12
2016.08.04 15:49:47.856,1.72032,1.72065,1.00,1.12
2016.08.04 15:49:47.907,1.72032,1.72065,1.75,1.00
2016.08.04 15:49:47.958,1.72034,1.72071,1.50,1.37
2016.08.04 15:49:48.008,1.72034,1.72071,1.50,1.37
2016.08.04 15:49:48.059,1.72037,1.72071,1.00,1.37
2016.08.04 15:49:48.211,1.72037,1.72072,1.00,1.75
2016.08.04 15:49:48.351,1.72037,1.72072,1.00,1.87
2016.08.04 15:49:48.401,1.72037,1.72072,1.00,1.87
2016.08.04 15:49:48.601,1.72037,1.72072,1.00,1.75
2016.08.04 15:49:52.243,1.72038,1.72072,1.00,1.75
2016.08.04 15:49:52.470,1.72037,1.72072,1.00,2.25
2016.08.04 15:49:53.674,1.72036,1.72071,1.00,1.50
2016.08.04 15:49:54.150,1.72034,1.72072,1.50,2.25
2016.08.04 15:49:54.454,1.72035,1.72072,1.12,2.25
2016.08.04 15:49:55.053,1.72034,1.72072,1.50,2.25
2016.08.04 15:49:55.356,1.72035,1.72072,1.12,2.25
2016.08.04 15:49:55.577,1.72035,1.72071,1.12,1.50
2016.08.04 15:49:55.729,1.72035,1.72072,1.12,2.25
2016.08.04 15:49:56.056,1.72036,1.7207,1.00,1.12
2016.08.04 15:49:56.480,1.72036,1.72072,1.00,1.75
2016.08.04 15:49:56.624,1.72036,1.72072,1.50,1.75
2016.08.04 15:49:56.678,1.7204,1.72072,1.00,1.75
2016.08.04 15:49:57.131,1.72038,1.72072,1.00,1.75
2016.08.04 15:49:57.438,1.7204,1.72072,1.00,1.75
2016.08.04 15:49:58.062,1.72039,1.72072,1.00,1.75
2016.08.04 15:49:58.614,1.7204,1.72072,1.00,1.75
2016.08.04 15:49:59.164,1.72039,1.72072,1.00,1.75
2016.08.04 15:50:00.402,1.72039,1.72072,1.12,1.00
2016.08.04 15:50:00.535,1.7204,1.72072,1.00,1.00
2016.08.04 15:50:01.085,1.72041,1.72072,1.00,1.00
2016.08.04 15:50:01.136,1.72041,1.72072,1.00,1.00
2016.08.04 15:50:01.518,1.7204,1.72073,1.00,1.12
2016.08.04 15:50:01.569,1.72039,1.72073,1.12,1.87
2016.08.04 15:50:01.620,1.72039,1.72073,1.12,1.87
2016.08.04 15:50:01.670,1.72037,1.72071,1.75,1.00
2016.08.04 15:50:01.774,1.72038,1.72072,1.50,1.00
2016.08.04 15:50:01.875,1.72039,1.72073,1.12,1.12
2016.08.04 15:50:02.442,1.72035,1.72068,1.12,1.00
2016.08.04 15:50:02.493,1.72035,1.72068,1.37,1.00
2016.08.04 15:50:02.543,1.72035,1.72068,1.12,1.00
2016.08.04 15:50:02.594,1.72035,1.72068,1.00,1.37
2016.08.04 15:50:02.645,1.72034,1.72063,1.00,1.00
2016.08.04 15:50:02.746,1.72033,1.72063,1.75,1.00
2016.08.04 15:50:02.948,1.72033,1.72063,1.37,1.00
2016.08.04 15:50:03.050,1.72033,1.72063,1.00,1.00
2016.08.04 15:50:03.992,1.72033,1.72066,1.37,1.37
2016.08.04 15:50:04.043,1.72038,1.7207,1.00,1.00
2016.08.04 15:50:04.346,1.72039,1.7207,1.00,1.00
2016.08.04 15:50:04.989,1.7204,1.7207,1.00,1.00
2016.08.04 15:50:05.243,1.72037,1.72066,1.00,1.00
2016.08.04 15:50:05.394,1.72037,1.72066,1.00,1.37
2016.08.04 15:50:05.445,1.72045,1.72064,1.00,1.00
2016.08.04 15:50:05.496,1.72045,1.72066,1.00,1.37
2016.08.04 15:50:05.547,1.72045,1.72078,1.00,1.37
2016.08.04 15:50:05.771,1.72045,1.72079,1.00,2.25
2016.08.04 15:50:05.872,1.72045,1.72079,1.00,2.25
2016.08.04 15:50:06.049,1.72044,1.72077,1.12,1.12
2016.08.04 15:50:06.264,1.72043,1.72078,1.87,1.87
2016.08.04 15:50:06.472,1.72044,1.72077,1.12,1.12
2016.08.04 15:50:06.573,1.72045,1.72078,1.00,2.62
2016.08.04 15:50:06.674,1.72045,1.72078,1.00,1.87
2016.08.04 15:50:06.947,1.72045,1.72078,1.00,2.62
2016.08.04 15:50:07.048,1.72045,1.72078,1.00,1.87
2016.08.04 15:50:07.231,1.72045,1.72078,1.00,1.87
2016.08.04 15:50:09.859,1.72045,1.72079,1.00,1.50
2016.08.04 15:50:10.370,1.72047,1.72079,1.00,1.50
2016.08.04 15:50:11.262,1.72045,1.72079,1.00,1.50
2016.08.04 15:50:13.181,1.72046,1.72079,1.00,1.50
2016.08.04 15:50:13.354,1.72045,1.72078,1.00,1.37
2016.08.04 15:50:15.114,1.72045,1.72076,1.00,1.00
2016.08.04 15:50:15.165,1.72039,1.72069,1.87,1.00
2016.08.04 15:50:15.216,1.72039,1.72069,1.12,1.50
2016.08.04 15:50:15.267,1.72039,1.72068,1.75,1.00
2016.08.04 15:50:15.452,1.72034,1.72064,1.37,1.00
2016.08.04 15:50:15.503,1.72043,1.72064,1.00,1.00
2016.08.04 15:50:15.554,1.7204,1.72074,1.12,1.50
2016.08.04 15:50:15.756,1.72039,1.72074,2.25,1.50
2016.08.04 15:50:15.857,1.72039,1.72074,1.87,1.50
2016.08.04 15:50:16.456,1.7204,1.72074,1.12,1.50
2016.08.04 15:50:16.789,1.72043,1.72075,1.00,1.75
2016.08.04 15:50:16.890,1.72045,1.72075,1.00,1.75
2016.08.04 15:50:16.941,1.72045,1.72075,1.37,1.00
2016.08.04 15:50:16.992,1.72043,1.72075,1.75,1.00
2016.08.04 15:50:17.194,1.72043,1.72075,2.25,1.00
2016.08.04 15:50:18.001,1.72043,1.72075,1.75,1.00
2016.08.04 15:50:18.052,1.72043,1.72075,1.00,1.12
2016.08.04 15:50:18.102,1.72042,1.72075,1.87,1.12
2016.08.04 15:50:18.204,1.72042,1.72075,1.12,1.12
2016.08.04 15:50:19.151,1.72042,1.72075,1.12,1.12
2016.08.04 15:50:19.558,1.72042,1.72075,1.12,1.87
2016.08.04 15:50:19.609,1.72043,1.72075,1.00,1.87
2016.08.04 15:50:19.710,1.72042,1.72075,1.12,1.87
2016.08.04 15:50:20.165,1.72042,1.72075,1.12,1.12
2016.08.04 15:50:21.176,1.72041,1.72072,1.00,1.00
2016.08.04 15:50:22.475,1.72041,1.72072,1.00,1.00
2016.08.04 15:50:24.510,1.72039,1.72071,1.00,1.00
2016.08.04 15:50:26.983,1.72037,1.72071,1.00,1.50
2016.08.04 15:50:27.195,1.72037,1.72071,1.00,1.50
2016.08.04 15:50:28.403,1.72037,1.72071,1.50,1.50
2016.08.04 15:50:30.474,1.72038,1.72071,1.00,1.50
2016.08.04 15:50:30.698,1.72038,1.72071,1.50,1.50
2016.08.04 15:50:30.799,1.72038,1.72071,2.25,1.50
2016.08.04 15:50:30.970,1.72038,1.72071,2.25,1.00
2016.08.04 15:50:31.687,1.72038,1.72071,2.25,1.50
2016.08.04 15:50:32.819,1.72037,1.72071,1.00,1.50
2016.08.04 15:50:33.322,1.72037,1.72071,1.00,1.00
2016.08.04 15:50:33.397,1.72037,1.72071,1.00,1.00
2016.08.04 15:50:33.498,1.72037,1.72071,1.00,1.00
2016.08.04 15:50:33.801,1.72037,1.72071,1.00,1.00
2016.08.04 15:50:34.003,1.72037,1.72069,1.00,1.00
2016.08.04 15:50:34.054,1.72034,1.72069,1.37,1.37
2016.08.04 15:50:34.104,1.72034,1.72068,1.00,1.00
2016.08.04 15:50:34.385,1.72034,1.72068,1.00,1.00
2016.08.04 15:50:34.436,1.72031,1.72066,1.00,1.00
2016.08.04 15:50:34.486,1.72034,1.72066,1.00,1.75
2016.08.04 15:50:34.705,1.72032,1.72066,1.00,2.25
2016.08.04 15:50:34.756,1.72032,1.72065,1.00,1.75
2016.08.04 15:50:35.290,1.72033,1.72065,1.00,1.75
2016.08.04 15:50:35.400,1.72031,1.72064,1.50,1.00
2016.08.04 15:50:37.407,1.72031,1.72066,1.50,2.25
2016.08.04 15:50:37.592,1.72032,1.72066,1.00,1.75
2016.08.04 15:50:37.643,1.72032,1.72067,1.00,2.25
2016.08.04 15:50:37.693,1.72031,1.72067,1.50,2.25
2016.08.04 15:50:37.794,1.72031,1.72067,1.50,2.25
2016.08.04 15:50:38.098,1.72031,1.72067,1.50,2.25
2016.08.04 15:50:38.148,1.72031,1.72067,1.50,1.75
2016.08.04 15:50:38.199,1.72031,1.72067,1.87,1.12
2016.08.04 15:50:39.016,1.72033,1.72067,1.00,1.12
2016.08.04 15:50:39.167,1.72033,1.72067,1.37,1.00
2016.08.04 15:50:39.218,1.72033,1.72067,1.75,1.00
2016.08.04 15:50:39.319,1.72034,1.72067,1.50,1.00
2016.08.04 15:50:39.717,1.72035,1.72067,1.37,1.00
2016.08.04 15:50:39.879,1.72033,1.72067,1.75,1.00
2016.08.04 15:50:40.226,1.72035,1.72067,1.37,1.00
2016.08.04 15:50:40.381,1.72033,1.72067,1.75,1.00
2016.08.04 15:50:41.203,1.72035,1.72067,1.37,1.00
2016.08.04 15:50:41.425,1.72034,1.72067,1.50,1.00
2016.08.04 15:50:41.946,1.72032,1.72067,1.75,1.00
2016.08.04 15:50:42.206,1.72034,1.72067,1.50,1.00
2016.08.04 15:50:42.409,1.72033,1.72067,1.75,1.00
2016.08.04 15:50:42.808,1.72034,1.72067,1.50,1.00
2016.08.04 15:50:43.291,1.72034,1.72067,1.50,1.00
2016.08.04 15:50:45.130,1.72034,1.72067,1.50,1.00
2016.08.04 15:50:45.232,1.72037,1.72067,1.00,1.00
2016.08.04 15:50:45.586,1.72036,1.72067,1.12,1.00
2016.08.04 15:50:46.187,1.72035,1.72067,1.37,1.00
2016.08.04 15:50:49.938,1.72034,1.72067,1.50,1.00
2016.08.04 15:50:50.040,1.72033,1.72067,2.25,1.00
2016.08.04 15:50:50.141,1.72033,1.72067,2.62,1.00
2016.08.04 15:50:50.191,1.72033,1.72067,1.87,1.00
2016.08.04 15:50:50.339,1.72033,1.72067,1.75,1.00
2016.08.04 15:50:50.603,1.72033,1.72067,1.75,1.00
2016.08.04 15:50:50.704,1.72035,1.72067,1.37,1.00
2016.08.04 15:50:52.847,1.72035,1.72067,1.37,1.00
2016.08.04 15:50:52.898,1.72036,1.72067,1.12,1.00
2016.08.04 15:50:55.015,1.72036,1.72067,1.12,1.00
2016.08.04 15:50:57.009,1.72033,1.72067,1.75,1.00
2016.08.04 15:50:57.440,1.72033,1.72067,2.25,1.00
2016.08.04 15:50:57.561,1.72033,1.72067,1.75,1.00
2016.08.04 15:50:59.640,1.72034,1.72067,1.75,1.00
2016.08.04 15:50:59.700,1.72035,1.72067,1.50,1.00
2016.08.04 15:51:00.230,1.72032,1.72067,1.75,1.00
2016.08.04 15:51:00.433,1.72035,1.72069,1.50,1.00
2016.08.04 15:51:00.720,1.72035,1.72069,1.50,1.50
2016.08.04 15:51:01.721,1.72035,1.72068,1.50,1.00
2016.08.04 15:51:01.923,1.72035,1.72069,1.50,1.50
2016.08.04 15:51:02.403,1.72035,1.72069,1.50,1.00
2016.08.04 15:51:02.941,1.72035,1.72065,1.50,1.00
2016.08.04 15:51:03.133,1.72035,1.72068,1.50,1.00
2016.08.04 15:51:05.292,1.72035,1.72068,1.87,1.50
2016.08.04 15:51:05.343,1.72036,1.72068,1.37,1.50
2016.08.04 15:51:05.393,1.72036,1.72068,1.37,1.00
2016.08.04 15:51:05.444,1.72036,1.72069,1.87,1.00
2016.08.04 15:51:05.628,1.72039,1.72071,2.25,1.00
2016.08.04 15:51:07.096,1.72039,1.72071,2.62,1.00
2016.08.04 15:51:07.197,1.72039,1.72071,3.00,1.00
2016.08.04 15:51:07.734,1.72039,1.72071,3.75,1.00
2016.08.04 15:51:07.808,1.7204,1.72075,1.12,1.50
2016.08.04 15:51:07.859,1.72044,1.72075,1.00,1.50
2016.08.04 15:51:07.998,1.72044,1.72075,1.00,1.50
2016.08.04 15:51:08.048,1.72044,1.72075,1.00,1.00
2016.08.04 15:51:08.635,1.72044,1.72075,1.00,1.00
2016.08.04 15:51:09.541,1.72044,1.72075,1.00,1.00
2016.08.04 15:51:09.600,1.72044,1.72075,1.37,1.00
2016.08.04 15:51:09.651,1.72048,1.72076,1.50,1.50
2016.08.04 15:51:09.848,1.72049,1.72077,1.00,1.00
2016.08.04 15:51:10.152,1.72047,1.72079,1.12,1.50
2016.08.04 15:51:10.253,1.72047,1.72075,1.37,1.00
2016.08.04 15:51:10.506,1.72047,1.72075,1.50,1.00
2016.08.04 15:51:10.607,1.72045,1.72075,1.12,1.00
2016.08.04 15:51:10.658,1.72045,1.72073,1.12,1.00
2016.08.04 15:51:11.161,1.72045,1.72074,1.12,1.00
2016.08.04 15:51:11.745,1.72045,1.72075,1.12,1.00
2016.08.04 15:51:11.923,1.72044,1.72075,2.25,1.00
2016.08.04 15:51:11.974,1.72044,1.72075,1.50,1.00
2016.08.04 15:51:12.687,1.72044,1.72075,1.50,1.00
2016.08.04 15:51:12.839,1.72048,1.72074,1.75,1.00
2016.08.04 15:51:12.890,1.72042,1.72074,1.87,1.00
2016.08.04 15:51:12.941,1.72042,1.72074,1.00,1.00
2016.08.04 15:51:13.245,1.72042,1.7207,1.00,1.00
2016.08.04 15:51:13.346,1.72042,1.7207,1.00,1.00
2016.08.04 15:51:14.040,1.72042,1.72073,1.00,1.00
2016.08.04 15:51:14.242,1.72042,1.7207,1.00,1.00
2016.08.04 15:51:14.746,1.72042,1.72069,1.00,1.00
2016.08.04 15:51:15.317,1.72042,1.72071,1.00,1.00
2016.08.04 15:51:15.519,1.72042,1.72069,1.00,1.00
2016.08.04 15:51:16.018,1.72042,1.72072,1.00,1.00
2016.08.04 15:51:16.325,1.72042,1.72074,1.00,1.00
2016.08.04 15:51:16.426,1.72042,1.72075,1.50,1.00
2016.08.04 15:51:16.477,1.72042,1.72072,1.00,1.00
2016.08.04 15:51:16.920,1.72039,1.72072,1.75,1.50
2016.08.04 15:51:16.971,1.7204,1.72072,1.50,1.50
2016.08.04 15:51:17.022,1.7204,1.72072,1.50,1.00
2016.08.04 15:51:17.319,1.7204,1.72072,1.50,1.50
2016.08.04 15:51:17.627,1.7204,1.72072,2.25,1.00
2016.08.04 15:51:18.143,1.7204,1.72072,1.87,1.00
2016.08.04 15:51:18.194,1.7204,1.72072,1.50,1.00
2016.08.04 15:51:18.551,1.7204,1.72072,1.50,1.00
2016.08.04 15:51:18.621,1.72039,1.72072,1.75,1.50
2016.08.04 15:51:18.855,1.72042,1.72072,1.00,1.00
2016.08.04 15:51:20.319,1.72039,1.72072,1.75,1.50
2016.08.04 15:51:20.955,1.72039,1.72072,1.75,1.50
2016.08.04 15:51:25.179,1.7204,1.72072,1.50,1.00
2016.08.04 15:51:25.531,1.72039,1.72072,1.75,1.50
2016.08.04 15:51:26.362,1.72039,1.72072,1.75,1.00
2016.08.04 15:51:26.774,1.72039,1.72073,2.25,1.00
2016.08.04 15:51:28.731,1.72039,1.72073,3.00,1.00
2016.08.04 15:51:28.950,1.72039,1.72072,2.25,1.00
2016.08.04 15:51:30.353,1.72039,1.72073,1.75,1.00
2016.08.04 15:51:30.678,1.72039,1.72071,1.75,1.00
2016.08.04 15:51:31.212,1.72039,1.7207,1.75,1.00
2016.08.04 15:51:31.263,1.72035,1.72069,2.25,1.00
2016.08.04 15:51:31.567,1.72035,1.72067,2.25,1.00
2016.08.04 15:51:31.678,1.72035,1.72071,2.25,1.12
2016.08.04 15:51:32.248,1.72035,1.72069,2.25,1.00
2016.08.04 15:51:33.787,1.72035,1.72069,2.25,1.00
2016.08.04 15:51:34.538,1.72035,1.72068,2.25,1.00
2016.08.04 15:51:35.795,1.72035,1.72068,2.25,1.00
2016.08.04 15:51:37.079,1.72035,1.72068,2.25,1.00
2016.08.04 15:51:37.180,1.72035,1.7207,2.25,1.00
2016.08.04 15:51:37.386,1.72035,1.72071,3.00,1.12
2016.08.04 15:51:38.166,1.72037,1.72072,1.37,1.37
2016.08.04 15:51:39.268,1.72036,1.7207,1.50,1.00
2016.08.04 15:51:39.470,1.72035,1.7207,3.00,1.00
2016.08.04 15:51:39.784,1.72035,1.7207,3.00,1.00
2016.08.04 15:51:41.291,1.72037,1.72072,1.37,1.37
2016.08.04 15:51:41.392,1.72039,1.72072,1.00,1.37
2016.08.04 15:51:47.073,1.72039,1.72072,1.12,1.00
2016.08.04 15:51:49.098,1.72035,1.72073,3.00,1.50
2016.08.04 15:51:49.378,1.72036,1.72073,1.75,1.50
2016.08.04 15:51:49.854,1.72035,1.72072,3.00,1.00
2016.08.04 15:51:50.401,1.72037,1.72072,1.75,1.00
2016.08.04 15:51:50.667,1.72039,1.72072,1.12,1.00
2016.08.04 15:51:50.900,1.72036,1.72072,1.75,1.00
2016.08.04 15:51:51.404,1.72037,1.72072,1.75,1.00
2016.08.04 15:51:52.157,1.72037,1.72071,1.75,1.00
2016.08.04 15:51:54.460,1.72038,1.72071,1.50,1.00
2016.08.04 15:51:55.764,1.72039,1.72073,1.12,1.50
2016.08.04 15:52:00.765,1.72037,1.72072,1.75,1.00
2016.08.04 15:52:01.074,1.72038,1.72073,1.50,1.50
2016.08.04 15:52:02.201,1.72036,1.72072,1.75,1.00
2016.08.04 15:52:02.303,1.72036,1.72073,2.25,1.50
2016.08.04 15:52:02.467,1.72037,1.72071,1.75,1.00
2016.08.04 15:52:03.384,1.72036,1.72072,1.75,1.00
2016.08.04 15:52:03.668,1.72036,1.72072,2.25,1.00
2016.08.04 15:52:03.879,1.72039,1.72072,1.12,1.00
2016.08.04 15:52:05.103,1.72036,1.72072,2.25,1.00
2016.08.04 15:52:05.974,1.72038,1.72071,1.50,1.00
2016.08.04 15:52:06.977,1.72036,1.72072,2.25,1.00
2016.08.04 15:52:07.142,1.72038,1.72072,1.00,1.00
2016.08.04 15:52:07.855,1.72038,1.72072,1.00,1.00
2016.08.04 15:52:08.135,1.72038,1.72072,1.00,1.00
2016.08.04 15:52:08.187,1.72038,1.72069,1.00,1.00
2016.08.04 15:52:08.239,1.72036,1.72069,1.87,1.37
2016.08.04 15:52:08.342,1.72035,1.72067,1.50,1.00
2016.08.04 15:52:08.503,1.72036,1.72067,1.00,1.00
2016.08.04 15:52:08.840,1.72035,1.72069,1.37,1.37
2016.08.04 15:52:08.891,1.72035,1.7207,1.37,1.37
2016.08.04 15:52:08.942,1.72035,1.72069,1.75,1.00
2016.08.04 15:52:09.114,1.72035,1.72069,2.25,1.00
2016.08.04 15:52:09.215,1.72037,1.72072,1.12,1.75
2016.08.04 15:52:09.266,1.72037,1.72072,1.12,1.75
2016.08.04 15:52:09.910,1.72037,1.7207,1.12,1.12
2016.08.04 15:52:13.313,1.72036,1.72071,1.50,1.50
2016.08.04 15:52:14.051,1.72035,1.7207,1.75,1.12
2016.08.04 15:52:14.252,1.72036,1.72069,1.50,1.00
2016.08.04 15:52:14.737,1.72036,1.72069,1.50,1.00
2016.08.04 15:52:14.788,1.72039,1.72069,1.00,1.00
2016.08.04 15:52:15.150,1.72039,1.7207,1.00,1.12
2016.08.04 15:52:20.196,1.72039,1.72069,1.00,1.00
2016.08.04 15:52:22.541,1.72039,1.72067,1.00,1.12
2016.08.04 15:52:22.692,1.72035,1.72067,1.00,1.12
2016.08.04 15:52:23.372,1.72035,1.72068,1.00,1.50
2016.08.04 15:52:27.856,1.72035,1.72068,1.00,1.50
2016.08.04 15:52:27.957,1.72045,1.7207,1.00,1.00
2016.08.04 15:52:28.059,1.72042,1.72076,2.25,1.00
2016.08.04 15:52:28.109,1.72042,1.72076,3.37,1.00
2016.08.04 15:52:28.211,1.72042,1.72075,2.25,1.00
2016.08.04 15:52:28.262,1.72044,1.72078,1.12,1.00
2016.08.04 15:52:28.329,1.72042,1.72078,3.37,1.50
2016.08.04 15:52:28.482,1.72042,1.72078,3.37,1.50
2016.08.04 15:52:28.533,1.72042,1.72077,3.37,1.00
2016.08.04 15:52:28.749,1.72042,1.72077,2.62,1.00
2016.08.04 15:52:28.951,1.72043,1.72077,1.50,1.00
2016.08.04 15:52:29.172,1.72043,1.72077,1.50,1.00
2016.08.04 15:52:30.430,1.72042,1.72077,2.25,1.00
2016.08.04 15:52:31.363,1.72042,1.72077,2.25,1.00
2016.08.04 15:52:31.536,1.72042,1.72075,2.25,1.00
2016.08.04 15:52:31.864,1.72042,1.72074,2.25,1.00
2016.08.04 15:52:31.965,1.72045,1.72072,1.00,1.00
2016.08.04 15:52:32.167,1.72045,1.72074,1.00,1.00
2016.08.04 15:52:32.934,1.72045,1.72078,1.00,1.00
2016.08.04 15:52:33.234,1.72045,1.7208,1.00,1.50
2016.08.04 15:52:33.286,1.72045,1.7208,1.00,1.50
2016.08.04 15:52:33.337,1.72046,1.72081,1.00,2.25
2016.08.04 15:52:33.388,1.72046,1.72081,1.00,2.25
2016.08.04 15:52:33.439,1.7205,1.72081,1.00,1.75
2016.08.04 15:52:34.060,1.72049,1.72081,1.50,1.75
2016.08.04 15:52:34.162,1.72049,1.7208,1.00,1.50
2016.08.04 15:52:34.547,1.72049,1.72082,1.00,2.25
2016.08.04 15:52:34.804,1.72049,1.72082,1.00,2.25
2016.08.04 15:52:34.855,1.72049,1.7208,1.00,1.50
2016.08.04 15:52:37.639,1.72049,1.72082,1.50,2.25
2016.08.04 15:52:37.740,1.72052,1.72082,1.00,2.25
2016.08.04 15:52:37.942,1.72052,1.72082,1.00,1.75
2016.08.04 15:52:38.781,1.72052,1.72082,1.00,1.37
2016.08.04 15:52:38.883,1.72052,1.72082,1.00,1.00
2016.08.04 15:52:39.389,1.72057,1.72087,1.50,1.37
2016.08.04 15:52:39.491,1.72062,1.72093,1.00,1.50
2016.08.04 15:52:39.542,1.72063,1.72094,1.00,1.75
2016.08.04 15:52:39.691,1.72063,1.72094,1.00,1.75
2016.08.04 15:52:41.462,1.72066,1.72095,1.00,1.75
2016.08.04 15:52:41.685,1.72063,1.72095,1.50,1.75
2016.08.04 15:52:41.786,1.72063,1.72093,1.00,1.50
2016.08.04 15:52:41.989,1.72063,1.72094,1.00,2.25
2016.08.04 15:52:42.040,1.7206,1.72094,1.00,2.25
2016.08.04 15:52:42.292,1.72059,1.72094,1.50,2.25
2016.08.04 15:52:42.471,1.72061,1.72094,1.00,2.25
2016.08.04 15:52:42.858,1.72061,1.72094,1.00,1.75
2016.08.04 15:52:43.080,1.72075,1.72099,1.00,1.37
2016.08.04 15:52:43.130,1.72075,1.72101,1.00,2.10
2016.08.04 15:52:43.181,1.7208,1.72109,1.00,1.75
2016.08.04 15:52:43.232,1.7208,1.72109,1.00,1.75
2016.08.04 15:52:43.738,1.72081,1.72109,1.00,1.75
2016.08.04 15:52:44.990,1.72082,1.72109,1.00,1.75
2016.08.04 15:52:46.475,1.7208,1.72109,1.00,1.75
2016.08.04 15:52:48.977,1.7208,1.72111,1.00,1.75
2016.08.04 15:52:49.078,1.7208,1.72111,1.00,1.37
2016.08.04 15:52:49.129,1.7208,1.72111,1.00,1.00
2016.08.04 15:52:49.694,1.72079,1.7211,1.00,1.00
2016.08.04 15:52:52.593,1.72079,1.72112,1.00,1.50
2016.08.04 15:52:53.092,1.72078,1.72109,1.00,1.00
2016.08.04 15:52:53.294,1.72077,1.72109,1.50,1.00
2016.08.04 15:52:53.497,1.72077,1.72109,1.00,1.00
2016.08.04 15:52:55.300,1.72077,1.72108,1.00,1.00
2016.08.04 15:52:57.821,1.72076,1.72108,1.00,1.50
2016.08.04 15:52:58.309,1.72076,1.72107,1.00,1.37
2016.08.04 15:52:58.571,1.72076,1.7211,1.00,2.25
2016.08.04 15:52:58.622,1.72076,1.7211,1.12,1.50
2016.08.04 15:52:58.774,1.72077,1.72109,1.00,1.00
2016.08.04 15:52:58.825,1.72077,1.72109,1.12,1.50
2016.08.04 15:52:58.926,1.72077,1.72109,1.00,1.00
2016.08.04 15:52:59.027,1.72077,1.7211,1.00,1.50
2016.08.04 15:52:59.319,1.72076,1.72108,1.50,1.00
2016.08.04 15:52:59.421,1.72077,1.7211,1.87,1.50
2016.08.04 15:52:59.499,1.72077,1.7211,3.00,1.00
2016.08.04 15:52:59.722,1.72077,1.7211,1.87,1.00
2016.08.04 15:52:59.794,1.72077,1.7211,1.00,1.00
2016.08.04 15:53:00.047,1.72077,1.7211,1.87,1.00
2016.08.04 15:53:00.097,1.72077,1.7211,3.00,1.00
2016.08.04 15:53:00.148,1.72077,1.72107,2.62,1.00
2016.08.04 15:53:00.198,1.72077,1.72107,1.50,1.00
2016.08.04 15:53:00.422,1.72077,1.72107,1.12,1.00
2016.08.04 15:53:00.524,1.72077,1.72107,2.62,1.00
2016.08.04 15:53:00.625,1.72077,1.7211,1.50,1.00
2016.08.04 15:53:00.726,1.72077,1.7211,1.00,1.00
2016.08.04 15:53:00.937,1.72077,1.7211,1.50,1.00
2016.08.04 15:53:01.114,1.72077,1.72107,1.50,1.00
2016.08.04 15:53:01.514,1.72078,1.72109,1.00,1.00
2016.08.04 15:53:01.615,1.72077,1.72103,1.12,1.00
2016.08.04 15:53:01.717,1.72077,1.72109,1.00,1.50
2016.08.04 15:53:01.818,1.72077,1.7211,1.00,1.75
2016.08.04 15:53:02.120,1.7208,1.72109,1.87,1.75
2016.08.04 15:53:02.171,1.7208,1.72113,1.50,1.75
2016.08.04 15:53:02.222,1.72077,1.7211,1.00,1.75
2016.08.04 15:53:02.511,1.72082,1.72113,1.00,1.12
2016.08.04 15:53:02.561,1.72084,1.72114,1.00,1.50
2016.08.04 15:53:02.662,1.72084,1.72116,1.00,1.75
2016.08.04 15:53:03.075,1.72086,1.72117,1.00,1.75
2016.08.04 15:53:03.126,1.72083,1.72114,1.00,1.50
2016.08.04 15:53:03.430,1.72082,1.72114,1.00,1.12
2016.08.04 15:53:03.480,1.72082,1.72113,1.00,1.37
2016.08.04 15:53:03.531,1.7208,1.72113,1.87,1.50
2016.08.04 15:53:03.582,1.7208,1.72113,1.12,1.12
2016.08.04 15:53:03.734,1.72077,1.72107,3.00,1.00
2016.08.04 15:53:03.784,1.72077,1.72107,2.62,1.00
2016.08.04 15:53:03.936,1.72077,1.72107,1.75,1.00
2016.08.04 15:53:04.142,1.72078,1.72111,1.75,1.00
2016.08.04 15:53:04.766,1.72077,1.72109,1.75,1.00
2016.08.04 15:53:04.923,1.72079,1.7211,1.50,1.00
2016.08.04 15:53:05.331,1.72087,1.72117,1.00,1.87
2016.08.04 15:53:05.436,1.72086,1.72117,1.75,1.12
2016.08.04 15:53:05.489,1.72086,1.72118,1.75,1.00
2016.08.04 15:53:05.541,1.72086,1.72118,1.75,1.00
2016.08.04 15:53:05.642,1.72086,1.72118,1.75,1.00
2016.08.04 15:53:06.119,1.72085,1.72116,1.75,1.00
2016.08.04 15:53:06.906,1.72085,1.72116,1.37,1.00
2016.08.04 15:53:06.957,1.72085,1.72116,1.00,1.00
2016.08.04 15:53:07.345,1.72085,1.72116,1.00,1.00
2016.08.04 15:53:07.547,1.72085,1.72116,1.00,1.00
2016.08.04 15:53:08.424,1.72084,1.72114,1.00,1.00
2016.08.04 15:53:08.627,1.72085,1.72116,1.00,1.00
2016.08.04 15:53:08.830,1.72084,1.72114,1.00,1.00
2016.08.04 15:53:10.026,1.72084,1.72117,1.50,1.00
2016.08.04 15:53:10.965,1.72088,1.72118,1.00,1.00
2016.08.04 15:53:11.217,1.72088,1.72118,1.37,1.00
2016.08.04 15:53:11.471,1.72089,1.72122,1.12,1.12
2016.08.04 15:53:15.370,1.72088,1.72119,1.37,1.00
2016.08.04 15:53:15.525,1.72088,1.72119,2.25,1.00
2016.08.04 15:53:15.872,1.72089,1.72122,1.12,1.12
2016.08.04 15:53:17.476,1.72088,1.72119,1.37,1.00
2016.08.04 15:53:17.634,1.72089,1.72122,1.12,1.12
2016.08.04 15:53:19.954,1.72084,1.72114,2.25,1.00
2016.08.04 15:53:20.091,1.72083,1.72114,1.50,1.75
2016.08.04 15:53:20.142,1.72083,1.72114,1.37,1.75
2016.08.04 15:53:20.243,1.72081,1.72108,1.37,1.00
2016.08.04 15:53:20.446,1.72081,1.72109,1.75,1.00
2016.08.04 15:53:20.547,1.72081,1.72112,1.75,1.50
2016.08.04 15:53:20.649,1.72081,1.72112,1.87,1.50
2016.08.04 15:53:20.890,1.72081,1.72112,2.62,1.50
2016.08.04 15:53:21.045,1.72081,1.72112,2.25,1.50
2016.08.04 15:53:21.166,1.72081,1.7211,1.00,1.00
2016.08.04 15:53:21.216,1.72076,1.7211,1.87,1.00
2016.08.04 15:53:21.743,1.72076,1.72111,1.87,1.12
2016.08.04 15:53:21.794,1.72079,1.72111,1.00,1.12
2016.08.04 15:53:21.845,1.72081,1.72114,1.12,1.12
2016.08.04 15:53:22.047,1.72083,1.72114,1.00,1.12
2016.08.04 15:53:22.098,1.72083,1.72115,1.00,1.87
2016.08.04 15:53:22.199,1.72083,1.72114,1.00,1.12
2016.08.04 15:53:22.401,1.72084,1.72117,1.00,1.75
2016.08.04 15:53:22.912,1.72083,1.72117,1.00,1.75
2016.08.04 15:53:24.155,1.72081,1.72111,1.12,1.00
2016.08.04 15:53:24.308,1.72081,1.72111,1.12,1.00
2016.08.04 15:53:24.409,1.72079,1.72111,1.75,1.00
2016.08.04 15:53:24.861,1.72079,1.72111,1.12,1.00
2016.08.04 15:53:24.912,1.72079,1.72111,1.12,1.00
2016.08.04 15:53:24.962,1.72078,1.72111,2.25,1.00
2016.08.04 15:53:25.013,1.72078,1.72111,2.25,1.00
2016.08.04 15:53:25.367,1.72078,1.72111,1.87,1.00
2016.08.04 15:53:25.418,1.7208,1.72111,1.37,1.00
2016.08.04 15:53:25.468,1.7208,1.72109,1.00,1.00
2016.08.04 15:53:25.649,1.7208,1.72109,1.00,1.37
2016.08.04 15:53:25.699,1.7208,1.72112,1.00,1.75
2016.08.04 15:53:26.006,1.7208,1.7211,1.00,1.75
2016.08.04 15:53:27.365,1.7208,1.72109,1.00,1.75
2016.08.04 15:53:29.981,1.7208,1.7211,1.00,1.75
2016.08.04 15:53:30.499,1.7208,1.72109,1.00,1.75
2016.08.04 15:53:31.020,1.7208,1.7211,1.00,1.75
2016.08.04 15:53:31.071,1.7208,1.7211,1.00,1.00
2016.08.04 15:53:33.979,1.7208,1.72109,1.00,1.00
2016.08.04 15:53:39.960,1.7208,1.7211,1.00,1.00
2016.08.04 15:53:41.890,1.7208,1.7211,1.00,1.00
2016.08.04 15:53:41.991,1.7208,1.7211,1.00,1.00
2016.08.04 15:53:44.498,1.7208,1.7211,1.00,1.00
2016.08.04 15:53:45.325,1.7208,1.72111,1.00,1.00
2016.08.04 15:53:45.921,1.7208,1.72111,1.00,1.00
2016.08.04 15:53:47.036,1.7208,1.72111,1.00,1.00
2016.08.04 15:53:47.087,1.7208,1.72111,1.00,1.12
2016.08.04 15:53:47.614,1.7208,1.72111,1.00,1.12
2016.08.04 15:53:47.832,1.7208,1.72111,1.00,1.12
2016.08.04 15:53:48.525,1.7208,1.72111,1.00,1.12
2016.08.04 15:53:49.723,1.7208,1.7211,1.00,1.00
2016.08.04 15:53:50.169,1.7208,1.72108,1.00,1.00
2016.08.04 15:53:50.270,1.72077,1.72107,1.00,1.00
2016.08.04 15:53:50.321,1.72077,1.72107,1.00,1.12
2016.08.04 15:53:50.424,1.72077,1.72108,1.00,2.25
2016.08.04 15:53:50.525,1.72077,1.72105,1.00,1.00
2016.08.04 15:53:50.677,1.72074,1.72105,1.00,1.00
2016.08.04 15:53:51.517,1.72074,1.72105,1.00,1.00
2016.08.04 15:53:51.618,1.72073,1.72105,1.00,1.00
2016.08.04 15:53:52.128,1.72073,1.72106,1.00,1.00
2016.08.04 15:53:52.230,1.7207,1.72104,2.25,1.00
2016.08.04 15:53:52.331,1.72069,1.72099,1.75,1.00
2016.08.04 15:53:52.383,1.72066,1.72099,2.62,1.00
2016.08.04 15:53:52.434,1.72066,1.72099,2.25,1.00
2016.08.04 15:53:52.644,1.72067,1.72101,1.12,1.00
2016.08.04 15:53:57.467,1.72066,1.72099,3.00,1.00
2016.08.04 15:53:58.847,1.72073,1.72099,1.00,1.00
2016.08.04 15:53:58.948,1.72073,1.72101,1.00,1.00
2016.08.04 15:53:59.252,1.72073,1.72103,1.00,1.00
2016.08.04 15:53:59.813,1.72073,1.72103,1.00,1.12
2016.08.04 15:53:59.864,1.72073,1.72101,1.00,1.00
2016.08.04 15:53:59.915,1.72073,1.72101,1.00,1.12
2016.08.04 15:54:00.168,1.72073,1.72099,1.00,1.00
2016.08.04 15:54:02.331,1.72068,1.72099,2.62,1.00
2016.08.04 15:54:02.384,1.72068,1.72099,1.87,1.00
2016.08.04 15:54:02.663,1.72068,1.72102,1.87,1.37
2016.08.04 15:54:02.865,1.72068,1.72102,2.62,1.37
2016.08.04 15:54:03.265,1.72068,1.72101,2.62,1.12
2016.08.04 15:54:03.466,1.72068,1.721,1.87,1.00
2016.08.04 15:54:04.047,1.72069,1.72101,1.00,1.12
2016.08.04 15:54:04.233,1.72068,1.72101,1.87,1.12
2016.08.04 15:54:04.335,1.72068,1.72101,1.12,1.12
2016.08.04 15:54:04.573,1.72068,1.72101,1.87,1.12
2016.08.04 15:54:04.876,1.72068,1.72099,1.12,1.00
2016.08.04 15:54:04.978,1.72069,1.72102,1.00,1.37
2016.08.04 15:54:05.980,1.72068,1.72098,1.87,1.00
2016.08.04 15:54:06.481,1.72068,1.72098,1.12,1.00
2016.08.04 15:54:06.775,1.72068,1.72098,1.12,1.00
2016.08.04 15:54:07.840,1.7207,1.72102,1.00,1.37
2016.08.04 15:54:07.891,1.72073,1.72102,1.00,1.37
2016.08.04 15:54:07.941,1.72076,1.72106,1.00,1.12
2016.08.04 15:54:08.043,1.72082,1.72112,1.00,1.37
2016.08.04 15:54:08.144,1.72082,1.72114,1.00,1.00
2016.08.04 15:54:08.346,1.72082,1.72111,1.00,1.00
2016.08.04 15:54:08.447,1.72082,1.72111,1.12,1.00
2016.08.04 15:54:08.548,1.72082,1.72114,1.12,1.00
2016.08.04 15:54:09.759,1.72082,1.72105,1.00,1.00
2016.08.04 15:54:09.814,1.72079,1.72105,1.00,1.00
2016.08.04 15:54:10.649,1.72079,1.72101,1.00,1.00
2016.08.04 15:54:10.829,1.72079,1.72103,1.00,1.00
2016.08.04 15:54:10.880,1.72079,1.72103,1.00,1.00
2016.08.04 15:54:11.943,1.72086,1.72103,1.00,1.00
2016.08.04 15:54:12.132,1.7209,1.72103,1.00,1.00
2016.08.04 15:54:12.184,1.72092,1.72123,1.00,3.22
2016.08.04 15:54:12.235,1.72087,1.72117,1.12,1.00
2016.08.04 15:54:12.285,1.72086,1.72117,1.75,1.00
2016.08.04 15:54:12.336,1.72085,1.72117,1.00,1.12
2016.08.04 15:54:12.387,1.72084,1.72114,1.00,1.00
2016.08.04 15:54:12.503,1.72084,1.72114,1.12,1.00
2016.08.04 15:54:12.553,1.72084,1.72113,1.00,1.00
2016.08.04 15:54:12.604,1.72083,1.72113,1.75,1.00
2016.08.04 15:54:12.655,1.72082,1.72113,2.25,1.50
2016.08.04 15:54:12.706,1.72084,1.72113,1.00,1.50
2016.08.04 15:54:12.908,1.72083,1.72113,1.75,1.50
2016.08.04 15:54:13.128,1.72082,1.72112,2.25,1.00
2016.08.04 15:54:13.229,1.72082,1.72108,2.25,1.00
2016.08.04 15:54:13.366,1.72082,1.72108,1.75,1.00
2016.08.04 15:54:13.438,1.72084,1.72108,1.00,1.00
2016.08.04 15:54:13.596,1.72082,1.72108,1.87,1.00
2016.08.04 15:54:13.697,1.72082,1.72108,1.00,1.00
2016.08.04 15:54:15.831,1.72082,1.7211,1.00,1.00
2016.08.04 15:54:15.882,1.72079,1.7211,1.00,1.00
2016.08.04 15:54:16.665,1.72079,1.72108,1.00,1.00
2016.08.04 15:54:17.118,1.72079,1.72111,1.50,1.00
2016.08.04 15:54:17.270,1.72079,1.72111,1.50,1.75
2016.08.04 15:54:17.321,1.72079,1.72109,1.00,1.50
2016.08.04 15:54:17.909,1.72079,1.72109,1.00,1.50
2016.08.04 15:54:18.011,1.72079,1.72107,1.00,1.00
2016.08.04 15:54:18.420,1.72079,1.72104,1.00,1.00
2016.08.04 15:54:18.521,1.72079,1.72103,1.00,1.00
2016.08.04 15:54:18.572,1.72075,1.72103,1.00,1.50
2016.08.04 15:54:19.323,1.72075,1.72105,1.00,1.75
2016.08.04 15:54:19.374,1.72075,1.72105,1.00,1.12
2016.08.04 15:54:19.424,1.72079,1.72108,1.00,1.75
2016.08.04 15:54:19.475,1.72079,1.72108,1.00,1.75
2016.08.04 15:54:19.627,1.72075,1.72108,1.50,2.25
2016.08.04 15:54:20.134,1.72078,1.72106,1.00,1.50
2016.08.04 15:54:22.259,1.72078,1.72102,1.00,1.00
2016.08.04 15:54:22.360,1.72074,1.72102,1.00,1.00
2016.08.04 15:54:24.236,1.72074,1.72105,1.00,1.12
2016.08.04 15:54:24.537,1.72074,1.72103,1.00,1.00
2016.08.04 15:54:25.845,1.72074,1.72101,1.00,1.00
2016.08.04 15:54:26.047,1.72074,1.72103,1.00,1.00
2016.08.04 15:54:26.421,1.72074,1.72101,1.00,1.00
2016.08.04 15:54:26.472,1.72074,1.72101,1.00,2.25
2016.08.04 15:54:26.644,1.72074,1.72097,1.00,1.00
2016.08.04 15:54:26.799,1.7207,1.72097,1.00,1.00
2016.08.04 15:54:30.272,1.7207,1.72101,1.00,1.50
2016.08.04 15:54:30.404,1.7207,1.72101,1.75,1.00
2016.08.04 15:54:30.455,1.7207,1.72103,2.25,1.00
2016.08.04 15:54:30.810,1.72074,1.72103,1.00,1.00
2016.08.04 15:54:31.561,1.72074,1.72105,1.00,1.00
2016.08.04 15:54:32.161,1.72074,1.72103,1.00,1.00
2016.08.04 15:54:32.212,1.72074,1.72103,1.50,1.00
2016.08.04 15:54:32.364,1.72074,1.72106,1.50,1.00
2016.08.04 15:54:32.465,1.72075,1.72106,1.00,1.00
2016.08.04 15:54:35.958,1.72074,1.72106,1.50,1.00
2016.08.04 15:54:36.170,1.72075,1.72107,1.00,1.12
2016.08.04 15:54:37.347,1.72074,1.72105,1.00,1.00
2016.08.04 15:54:40.081,1.72075,1.72109,1.00,1.75
2016.08.04 15:54:40.131,1.72079,1.72109,1.50,1.00
2016.08.04 15:54:40.182,1.72079,1.72109,2.25,1.00
2016.08.04 15:54:40.233,1.72082,1.72114,1.00,2.25
2016.08.04 15:54:40.283,1.72082,1.72114,1.00,2.62
2016.08.04 15:54:40.334,1.72082,1.72114,1.00,1.87
2016.08.04 15:54:40.385,1.72082,1.72114,1.00,2.25
2016.08.04 15:54:40.436,1.72081,1.72111,1.12,1.00
2016.08.04 15:54:40.537,1.72081,1.72109,1.12,1.00
2016.08.04 15:54:40.740,1.72077,1.72107,1.75,1.00
2016.08.04 15:54:41.281,1.72076,1.72105,1.75,1.00
2016.08.04 15:54:41.332,1.72076,1.72105,1.12,1.00
2016.08.04 15:54:41.534,1.72073,1.72104,3.00,1.00
2016.08.04 15:54:42.536,1.72073,1.72104,2.25,1.00
2016.08.04 15:54:44.838,1.72073,1.72102,2.25,1.00
2016.08.04 15:54:45.159,1.72073,1.72102,1.75,1.00
2016.08.04 15:54:47.240,1.72073,1.72106,2.25,1.00
2016.08.04 15:54:48.240,1.72073,1.72106,3.00,1.00
2016.08.04 15:54:48.291,1.72075,1.72108,1.50,1.00
2016.08.04 15:54:48.345,1.72077,1.72108,1.00,1.00
2016.08.04 15:54:48.550,1.72077,1.72106,1.00,1.00
2016.08.04 15:54:48.676,1.72077,1.72109,1.12,1.12
2016.08.04 15:54:48.778,1.72077,1.72109,1.87,1.12
2016.08.04 15:54:49.202,1.72077,1.72109,2.25,1.12
2016.08.04 15:54:49.357,1.72077,1.72108,1.50,1.00
2016.08.04 15:54:49.712,1.72077,1.72108,1.12,1.00
2016.08.04 15:54:49.814,1.72077,1.72108,1.00,1.00
2016.08.04 15:54:49.865,1.72077,1.72108,1.00,1.00
2016.08.04 15:54:51.171,1.72077,1.72106,1.00,1.00
2016.08.04 15:54:51.475,1.72077,1.72103,1.00,1.00
2016.08.04 15:54:51.576,1.72077,1.72101,1.00,1.00
2016.08.04 15:54:51.748,1.72077,1.72106,1.00,1.37
2016.08.04 15:54:51.849,1.72077,1.72104,1.00,1.00
2016.08.04 15:54:52.039,1.72072,1.72104,1.00,1.00
2016.08.04 15:54:53.339,1.72072,1.72104,1.00,1.00
2016.08.04 15:54:53.449,1.72073,1.72106,1.00,1.37
2016.08.04 15:54:53.651,1.72074,1.72105,1.00,1.12
2016.08.04 15:54:53.950,1.72072,1.72107,1.50,1.50
2016.08.04 15:54:54.251,1.72074,1.72105,1.00,1.12
2016.08.04 15:54:55.170,1.72073,1.72106,1.00,1.37
2016.08.04 15:54:55.272,1.72072,1.72106,1.00,1.37
2016.08.04 15:54:55.530,1.72072,1.72106,1.75,1.00
2016.08.04 15:54:55.847,1.72072,1.72105,1.00,1.00
2016.08.04 15:54:55.898,1.72072,1.72102,1.50,1.00
2016.08.04 15:55:05.283,1.72072,1.72101,1.00,1.00
2016.08.04 15:55:07.465,1.72072,1.72099,1.00,1.00
2016.08.04 15:55:12.990,1.72072,1.72097,1.00,1.00
2016.08.04 15:55:13.042,1.72067,1.72097,1.00,1.12
2016.08.04 15:55:13.092,1.72067,1.72091,1.00,1.00
2016.08.04 15:55:13.194,1.72071,1.72103,1.00,1.75
2016.08.04 15:55:13.303,1.72071,1.72101,1.00,1.75
2016.08.04 15:55:13.367,1.72071,1.72101,1.00,1.12
2016.08.04 15:55:13.418,1.72071,1.72101,1.50,1.12
2016.08.04 15:55:13.519,1.72071,1.72101,1.00,1.12
2016.08.04 15:55:13.822,1.72073,1.72101,1.00,1.12
2016.08.04 15:55:15.538,1.72073,1.72101,1.00,1.12
2016.08.04 15:55:15.589,1.72073,1.72102,1.00,1.50
2016.08.04 15:55:15.640,1.72085,1.72102,1.00,1.50
2016.08.04 15:55:15.690,1.72093,1.72112,1.00,2.10
2016.08.04 15:55:15.830,1.72097,1.72112,1.00,2.10
2016.08.04 15:55:15.880,1.72088,1.72115,1.00,1.00
2016.08.04 15:55:15.931,1.72088,1.72115,1.00,1.00
2016.08.04 15:55:15.982,1.72087,1.72114,1.00,1.00
2016.08.04 15:55:16.033,1.72086,1.72114,1.00,1.00
2016.08.04 15:55:16.083,1.72086,1.72114,1.00,1.00
2016.08.04 15:55:16.185,1.72088,1.72118,1.00,1.12
2016.08.04 15:55:16.286,1.72086,1.72116,1.00,1.00
2016.08.04 15:55:16.539,1.72085,1.72116,1.00,1.00
2016.08.04 15:55:16.589,1.72083,1.72113,1.87,1.00
2016.08.04 15:55:16.824,1.72083,1.72115,1.87,1.00
2016.08.04 15:55:16.926,1.72081,1.7211,1.75,1.00
2016.08.04 15:55:16.976,1.72083,1.72117,1.00,2.62
2016.08.04 15:55:17.027,1.72083,1.72117,1.00,1.87
2016.08.04 15:55:17.078,1.72083,1.72117,1.37,1.87
2016.08.04 15:55:17.179,1.72082,1.72113,1.75,1.00
2016.08.04 15:55:17.787,1.72081,1.72113,2.25,1.00
2016.08.04 15:55:17.906,1.72082,1.72117,1.75,2.25
2016.08.04 15:55:17.957,1.72082,1.72113,1.37,1.37
2016.08.04 15:55:18.008,1.72078,1.72106,1.37,1.00
2016.08.04 15:55:18.059,1.72078,1.72106,1.00,1.00
2016.08.04 15:55:18.160,1.72078,1.72105,1.00,1.50
2016.08.04 15:55:18.261,1.72073,1.72105,1.00,1.50
2016.08.04 15:55:18.631,1.72073,1.72105,1.00,1.50
2016.08.04 15:55:18.682,1.72082,1.72105,1.00,1.00
2016.08.04 15:55:18.733,1.72083,1.72111,1.00,1.75
2016.08.04 15:55:18.783,1.72086,1.72111,1.50,1.00
2016.08.04 15:55:18.834,1.72087,1.72119,1.00,1.37
2016.08.04 15:55:18.941,1.7209,1.72119,1.00,1.37
2016.08.04 15:55:18.992,1.7209,1.72121,1.00,1.12
2016.08.04 15:55:19.043,1.7209,1.72121,1.50,1.12
2016.08.04 15:55:19.093,1.7209,1.72118,1.50,1.00
2016.08.04 15:55:19.195,1.72091,1.72121,1.00,1.12
2016.08.04 15:55:19.245,1.72091,1.72121,1.00,1.12
2016.08.04 15:55:19.448,1.72091,1.72121,2.25,1.12
2016.08.04 15:55:19.549,1.72091,1.72121,1.50,1.12
2016.08.04 15:55:19.599,1.72091,1.72121,1.00,1.12
2016.08.04 15:55:19.730,1.7209,1.72121,2.25,1.12
2016.08.04 15:55:20.084,1.7209,1.72121,1.50,1.12
2016.08.04 15:55:21.030,1.72091,1.72121,1.00,1.12
2016.08.04 15:55:21.786,1.7209,1.72121,2.25,1.87
2016.08.04 15:55:22.188,1.7209,1.72121,2.25,1.00
2016.08.04 15:55:22.239,1.7209,1.72121,2.25,1.00
2016.08.04 15:55:22.340,1.7209,1.72121,2.25,1.00
2016.08.04 15:55:22.391,1.72092,1.72124,1.12,1.00
2016.08.04 15:55:23.485,1.7209,1.72121,2.25,1.00
2016.08.04 15:55:23.586,1.7209,1.7212,1.50,1.00
2016.08.04 15:55:23.792,1.7209,1.7212,1.00,1.00
2016.08.04 15:55:24.116,1.7209,1.72118,1.00,1.00
2016.08.04 15:55:24.493,1.7209,1.7212,1.50,1.00
2016.08.04 15:55:24.817,1.7209,1.72118,1.00,1.00
2016.08.04 15:55:29.591,1.7209,1.7212,1.00,1.00
2016.08.04 15:55:33.995,1.7209,1.72118,1.00,1.00
2016.08.04 15:55:34.626,1.7209,1.72116,1.00,1.00
2016.08.04 15:55:34.852,1.72085,1.72116,2.25,1.00
2016.08.04 15:55:34.902,1.72085,1.72114,1.50,1.00
2016.08.04 15:55:35.097,1.72085,1.72117,1.50,1.00
2016.08.04 15:55:35.299,1.72085,1.72117,1.00,1.12
2016.08.04 15:55:36.903,1.72085,1.72116,1.00,1.00
2016.08.04 15:55:37.135,1.72085,1.72116,1.50,1.00
2016.08.04 15:55:37.237,1.72083,1.72114,1.50,1.00
2016.08.04 15:55:37.338,1.72081,1.7211,1.50,1.00
2016.08.04 15:55:37.389,1.72081,1.7211,1.37,1.00
2016.08.04 15:55:37.440,1.72081,1.7211,1.00,1.00
2016.08.04 15:55:37.650,1.72081,1.7211,1.00,1.00
2016.08.04 15:55:37.833,1.72081,1.72112,1.00,1.37
2016.08.04 15:55:37.884,1.72082,1.72112,1.00,1.37
2016.08.04 15:55:37.934,1.72083,1.72115,1.50,1.00
2016.08.04 15:55:37.985,1.72083,1.72115,1.50,1.00
2016.08.04 15:55:38.140,1.72083,1.72116,2.25,1.00
2016.08.04 15:55:38.607,1.72083,1.72113,2.25,1.00
2016.08.04 15:55:38.785,1.72083,1.72113,2.25,2.25
2016.08.04 15:55:38.835,1.72083,1.72112,1.12,1.37
2016.08.04 15:55:38.937,1.72083,1.72111,1.00,1.00
2016.08.04 15:55:39.042,1.72083,1.72112,1.00,1.37
2016.08.04 15:55:39.093,1.72083,1.72112,1.00,1.00
2016.08.04 15:55:39.245,1.72083,1.72114,1.00,1.00
2016.08.04 15:55:39.411,1.72083,1.72111,1.00,1.00
2016.08.04 15:55:39.904,1.7208,1.72111,1.50,1.00
2016.08.04 15:55:40.005,1.7208,1.72111,1.50,1.00
2016.08.04 15:55:40.106,1.7208,1.72113,1.50,1.00
2016.08.04 15:55:40.258,1.7208,1.72113,1.50,1.00
2016.08.04 15:55:40.309,1.7208,1.72114,2.25,1.00
2016.08.04 15:55:40.410,1.72082,1.72116,1.12,1.37
2016.08.04 15:55:40.755,1.7208,1.72114,2.25,1.00
2016.08.04 15:55:40.957,1.72085,1.72118,1.00,3.00
2016.08.04 15:55:41.859,1.72085,1.72118,1.00,2.25
2016.08.04 15:55:42.111,1.72085,1.72117,1.00,1.50
2016.08.04 15:55:42.644,1.72086,1.72118,1.12,1.87
2016.08.04 15:55:42.695,1.72086,1.72118,1.12,1.37
2016.08.04 15:55:42.746,1.72086,1.72118,1.12,1.00
2016.08.04 15:55:42.949,1.72089,1.7212,1.00,1.00
2016.08.04 15:55:43.094,1.72089,1.72122,1.00,2.25
2016.08.04 15:55:43.144,1.72089,1.72122,1.50,1.50
2016.08.04 15:55:43.245,1.72089,1.72123,1.50,1.75
2016.08.04 15:55:44.505,1.72093,1.72124,1.00,1.75
2016.08.04 15:55:45.005,1.72092,1.72123,1.00,1.75
2016.08.04 15:55:45.172,1.72094,1.72123,1.00,1.75
2016.08.04 15:55:45.223,1.72102,1.72125,1.00,1.37
2016.08.04 15:55:45.274,1.72102,1.72131,1.00,2.47
2016.08.04 15:55:45.325,1.72111,1.72129,1.00,1.00
2016.08.04 15:55:45.375,1.72111,1.72129,1.00,1.00
2016.08.04 15:55:45.426,1.72113,1.72138,1.00,1.37
2016.08.04 15:55:45.477,1.72113,1.72138,1.00,1.37
2016.08.04 15:55:45.623,1.72113,1.72144,1.00,1.37
2016.08.04 15:55:45.677,1.72114,1.72146,1.00,3.75
2016.08.04 15:55:45.730,1.72115,1.72146,1.00,3.00
2016.08.04 15:55:45.933,1.72115,1.72145,1.00,1.12
2016.08.04 15:55:46.236,1.72116,1.72146,1.00,4.50
2016.08.04 15:55:46.287,1.72116,1.72146,1.00,3.75
2016.08.04 15:55:46.591,1.72116,1.72146,1.00,4.50
2016.08.04 15:55:46.767,1.72116,1.72144,1.00,1.00
2016.08.04 15:55:48.094,1.72116,1.72146,1.00,3.00
2016.08.04 15:55:48.248,1.72116,1.72146,1.00,1.50
2016.08.04 15:55:48.534,1.72113,1.72145,1.50,1.00
2016.08.04 15:55:48.584,1.72113,1.72145,1.50,1.50
2016.08.04 15:55:48.635,1.7211,1.72141,1.37,1.00
2016.08.04 15:55:48.736,1.72109,1.72138,1.00,1.00
2016.08.04 15:55:48.787,1.72109,1.72138,1.00,1.00
2016.08.04 15:55:48.939,1.72106,1.72138,1.00,1.00
2016.08.04 15:55:49.820,1.72107,1.7214,1.00,1.50
2016.08.04 15:55:50.072,1.72106,1.72137,1.00,1.50
2016.08.04 15:55:50.123,1.72106,1.72137,1.00,2.25
2016.08.04 15:55:50.326,1.72106,1.72137,1.00,1.75
2016.08.04 15:55:50.873,1.72106,1.72137,1.00,1.75
2016.08.04 15:55:53.123,1.72105,1.72136,1.00,1.50
2016.08.04 15:55:54.003,1.72107,1.72136,1.00,1.50
2016.08.04 15:55:54.053,1.72108,1.72139,1.00,1.00
2016.08.04 15:55:54.379,1.72108,1.72139,1.00,1.00
2016.08.04 15:55:54.825,1.72107,1.72139,1.50,1.50
2016.08.04 15:55:55.030,1.72107,1.72138,1.00,1.00
2016.08.04 15:55:56.132,1.72108,1.72139,1.00,1.00
2016.08.04 15:55:57.533,1.7211,1.72139,1.00,1.00
2016.08.04 15:56:00.166,1.72111,1.72139,1.00,1.00
2016.08.04 15:56:00.717,1.72112,1.72139,1.00,1.00
2016.08.04 15:56:01.427,1.72112,1.72139,1.00,1.00
2016.08.04 15:56:01.792,1.72112,1.72139,1.00,1.00
2016.08.04 15:56:01.843,1.72107,1.72138,1.50,1.00
2016.08.04 15:56:02.139,1.72108,1.72139,1.00,1.00
2016.08.04 15:56:04.722,1.72108,1.72139,1.00,1.00
2016.08.04 15:56:09.604,1.72108,1.72139,1.00,1.00
2016.08.04 15:56:09.982,1.72107,1.72138,1.50,1.00
2016.08.04 15:56:10.156,1.72107,1.72137,1.00,1.00
2016.08.04 15:56:10.257,1.72107,1.72137,1.50,1.00
2016.08.04 15:56:10.448,1.72109,1.7214,1.00,1.37
2016.08.04 15:56:10.499,1.72109,1.7214,1.00,1.00
2016.08.04 15:56:10.600,1.72109,1.72142,1.00,2.25
2016.08.04 15:56:10.853,1.7211,1.72142,1.00,1.87
2016.08.04 15:56:10.903,1.7211,1.72142,1.00,1.50
2016.08.04 15:56:10.954,1.7211,1.72142,1.00,1.50
2016.08.04 15:56:11.242,1.7211,1.72141,1.00,1.12
2016.08.04 15:56:11.679,1.7211,1.72142,1.00,1.50
2016.08.04 15:56:12.158,1.7211,1.72141,1.00,1.12
2016.08.04 15:56:12.343,1.7211,1.72142,1.00,1.50
2016.08.04 15:56:13.945,1.7211,1.72141,1.00,1.12
2016.08.04 15:56:14.167,1.72109,1.72143,1.00,2.25
2016.08.04 15:56:14.218,1.72109,1.72143,1.00,2.25
2016.08.04 15:56:14.269,1.72109,1.72143,1.37,1.87
2016.08.04 15:56:14.320,1.72109,1.72143,1.75,1.50
2016.08.04 15:56:16.194,1.72113,1.72144,1.00,1.87
2016.08.04 15:56:16.585,1.72113,1.72144,1.00,1.50
2016.08.04 15:56:17.575,1.72115,1.72144,1.00,1.00
2016.08.04 15:56:17.649,1.72112,1.72144,1.12,1.00
2016.08.04 15:56:18.105,1.72112,1.72145,1.12,1.50
2016.08.04 15:56:18.155,1.72113,1.72145,1.00,1.50
2016.08.04 15:56:18.335,1.72113,1.72145,1.00,1.87
2016.08.04 15:56:18.539,1.72113,1.72144,1.00,1.75
2016.08.04 15:56:18.589,1.72109,1.72141,1.75,1.00
2016.08.04 15:56:18.691,1.72109,1.72141,1.00,1.00
2016.08.04 15:56:20.323,1.72109,1.72141,1.00,1.00
2016.08.04 15:56:20.374,1.72109,1.72142,1.00,2.25
2016.08.04 15:56:20.526,1.72109,1.72142,1.00,1.87
2016.08.04 15:56:21.070,1.72109,1.72142,1.00,1.12
2016.08.04 15:56:21.377,1.72109,1.72142,1.00,1.87
2016.08.04 15:56:21.478,1.72109,1.72142,1.37,1.87
2016.08.04 15:56:21.630,1.72109,1.72142,1.50,1.87
2016.08.04 15:56:21.680,1.72109,1.72142,2.62,1.12
2016.08.04 15:56:21.731,1.72109,1.72142,3.00,1.00
2016.08.04 15:56:21.909,1.72109,1.72145,2.25,1.50
2016.08.04 15:56:22.588,1.72109,1.72145,2.25,1.50
2016.08.04 15:56:23.193,1.72109,1.72145,1.75,1.50
2016.08.04 15:56:23.244,1.72115,1.72145,1.00,1.50
2016.08.04 15:56:23.295,1.72115,1.72146,1.00,1.12
2016.08.04 15:56:23.345,1.72115,1.72144,1.00,1.00
2016.08.04 15:56:23.396,1.72115,1.72146,1.00,1.12
2016.08.04 15:56:23.447,1.72112,1.72143,1.12,1.00
2016.08.04 15:56:23.498,1.7211,1.72143,1.87,1.00
2016.08.04 15:56:23.548,1.7211,1.72138,1.12,1.00
2016.08.04 15:56:23.599,1.72107,1.72138,1.87,1.12
2016.08.04 15:56:23.650,1.72107,1.72138,1.50,1.50
2016.08.04 15:56:23.751,1.7211,1.72141,1.00,1.75
2016.08.04 15:56:24.165,1.7211,1.72141,1.00,1.75
2016.08.04 15:56:24.266,1.7211,1.72141,1.00,1.75
2016.08.04 15:56:24.317,1.7211,1.72141,1.00,1.00
2016.08.04 15:56:24.433,1.72109,1.72142,1.12,1.12
2016.08.04 15:56:24.681,1.72109,1.72142,1.50,1.12
2016.08.04 15:56:24.732,1.72114,1.72143,1.00,1.87
2016.08.04 15:56:25.235,1.72112,1.72143,1.50,1.87
2016.08.04 15:56:25.565,1.72114,1.72143,1.00,1.87
2016.08.04 15:56:26.386,1.72114,1.72145,1.00,1.75
2016.08.04 15:56:26.436,1.72118,1.72146,1.00,1.75
2016.08.04 15:56:26.538,1.72118,1.72146,1.00,1.12
2016.08.04 15:56:26.588,1.72118,1.72146,1.00,1.75
2016.08.04 15:56:26.690,1.7212,1.72146,1.00,1.37
2016.08.04 15:56:26.740,1.7212,1.72146,1.00,1.00
2016.08.04 15:56:27.710,1.7212,1.72149,1.00,1.50
2016.08.04 15:56:27.761,1.72118,1.7215,1.00,3.75
2016.08.04 15:56:27.963,1.7212,1.7215,1.00,3.00
2016.08.04 15:56:28.114,1.7212,1.7215,1.00,3.75
2016.08.04 15:56:28.215,1.7212,1.72149,1.00,3.00
2016.08.04 15:56:28.266,1.72119,1.72149,1.00,3.75
2016.08.04 15:56:29.198,1.72119,1.72149,1.00,1.50
2016.08.04 15:56:29.249,1.72116,1.72149,1.50,1.50
2016.08.04 15:56:29.451,1.7212,1.7215,1.00,2.25
2016.08.04 15:56:29.502,1.7212,1.7215,1.00,1.75
2016.08.04 15:56:29.553,1.72122,1.7215,1.00,1.75
2016.08.04 15:56:29.604,1.72122,1.72152,1.00,1.75
2016.08.04 15:56:29.705,1.72122,1.72154,1.00,2.25
2016.08.04 15:56:29.819,1.72123,1.72154,1.00,1.50
2016.08.04 15:56:30.122,1.72122,1.72155,1.00,2.25
2016.08.04 15:56:30.223,1.7212,1.7215,1.00,1.00
2016.08.04 15:56:30.274,1.7212,1.7215,1.00,1.00
2016.08.04 15:56:30.326,1.7212,1.72152,1.00,1.75
2016.08.04 15:56:30.479,1.7212,1.72152,1.00,1.75
2016.08.04 15:56:30.529,1.72121,1.72151,1.00,1.75
2016.08.04 15:56:30.580,1.72121,1.72151,1.00,1.75
2016.08.04 15:56:30.631,1.72121,1.72152,1.00,2.25
2016.08.04 15:56:31.254,1.72119,1.72149,1.00,1.50
2016.08.04 15:56:32.511,1.72119,1.72149,1.00,2.25
2016.08.04 15:56:32.612,1.72119,1.72149,1.00,3.00
2016.08.04 15:56:34.242,1.72117,1.72148,1.00,1.12
2016.08.04 15:56:34.556,1.72119,1.72149,1.00,3.00
2016.08.04 15:56:35.216,1.72117,1.72148,1.00,1.50
2016.08.04 15:56:35.267,1.72117,1.72148,1.00,1.75
2016.08.04 15:56:35.470,1.72118,1.7215,1.00,3.00
2016.08.04 15:56:36.842,1.72118,1.72149,1.00,1.75
2016.08.04 15:56:37.247,1.72116,1.72149,1.00,2.25
2016.08.04 15:56:37.298,1.72116,1.72149,1.00,2.25
2016.08.04 15:56:37.349,1.72118,1.72149,1.00,3.00
2016.08.04 15:56:37.399,1.72118,1.72149,1.00,3.00
2016.08.04 15:56:37.551,1.72117,1.72148,1.00,1.75
2016.08.04 15:56:38.037,1.72118,1.72149,1.00,3.00
2016.08.04 15:56:38.356,1.72118,1.72149,1.00,2.25
2016.08.04 15:56:39.379,1.72117,1.72149,1.00,2.25
2016.08.04 15:56:41.239,1.72118,1.72149,1.00,2.25
2016.08.04 15:56:41.543,1.72115,1.72147,1.00,1.75
2016.08.04 15:56:41.840,1.72117,1.72149,1.00,1.87
2016.08.04 15:56:41.942,1.72117,1.72148,1.00,1.00
2016.08.04 15:56:42.043,1.72119,1.7215,1.00,1.37
2016.08.04 15:56:42.245,1.72119,1.72152,1.00,2.25
2016.08.04 15:56:43.050,1.72117,1.7215,1.50,1.37
2016.08.04 15:56:43.543,1.7212,1.72151,1.00,1.50
2016.08.04 15:56:45.435,1.72119,1.7215,1.00,1.37
2016.08.04 15:56:45.537,1.7212,1.72151,1.00,1.50
2016.08.04 15:56:45.638,1.72119,1.7215,1.00,1.37
2016.08.04 15:56:46.487,1.72119,1.72152,1.00,2.25
2016.08.04 15:56:46.538,1.72119,1.72152,1.50,1.75
2016.08.04 15:56:46.740,1.72121,1.72153,1.00,1.75
2016.08.04 15:56:49.295,1.72119,1.72152,1.50,1.75
2016.08.04 15:56:49.486,1.72119,1.7215,1.50,1.37
2016.08.04 15:56:49.588,1.72119,1.7215,1.00,1.37
2016.08.04 15:56:49.741,1.72119,1.7215,1.50,1.37
2016.08.04 15:56:49.842,1.72119,1.7215,1.00,1.37
2016.08.04 15:56:50.240,1.7212,1.72151,1.00,1.50
2016.08.04 15:56:50.341,1.72118,1.72151,1.00,1.50
2016.08.04 15:56:50.599,1.72119,1.72152,1.00,1.75
2016.08.04 15:56:51.091,1.72118,1.72151,1.00,1.50
2016.08.04 15:56:51.242,1.72118,1.72149,1.00,1.12
2016.08.04 15:56:51.542,1.72119,1.7215,1.00,1.37
2016.08.04 15:56:51.643,1.72118,1.72149,1.00,1.12
2016.08.04 15:56:51.845,1.72118,1.72152,1.00,1.75
2016.08.04 15:56:52.000,1.72118,1.72152,1.00,1.75
2016.08.04 15:56:52.292,1.72119,1.7215,1.00,1.37
2016.08.04 15:56:53.093,1.72117,1.7215,1.00,1.37
2016.08.04 15:56:53.452,1.7212,1.72153,1.00,2.25
2016.08.04 15:56:55.068,1.7212,1.72151,1.00,1.50
2016.08.04 15:56:55.246,1.72121,1.72152,1.00,1.75
2016.08.04 15:56:55.746,1.7212,1.72151,1.00,1.50
2016.08.04 15:56:56.071,1.7212,1.72153,1.00,3.00
2016.08.04 15:56:57.072,1.72119,1.72152,1.00,1.75
2016.08.04 15:56:57.274,1.72121,1.72152,1.00,1.75
2016.08.04 15:56:57.376,1.7212,1.72151,1.00,1.50
2016.08.04 15:56:57.578,1.72121,1.72152,1.00,1.75
2016.08.04 15:56:57.679,1.7212,1.72151,1.00,1.50
2016.08.04 15:56:57.896,1.72121,1.72152,1.00,1.75
2016.08.04 15:56:58.783,1.72123,1.72153,1.00,2.25
2016.08.04 15:56:58.983,1.72121,1.72152,1.00,1.75
2016.08.04 15:56:59.034,1.72121,1.72152,1.00,3.00
2016.08.04 15:56:59.186,1.72122,1.72152,1.00,2.25
2016.08.04 15:56:59.672,1.72121,1.72152,1.00,3.00
2016.08.04 15:56:59.886,1.72123,1.72152,1.00,2.25
2016.08.04 15:57:01.552,1.72121,1.72152,1.00,3.00
2016.08.04 15:57:01.876,1.72123,1.72152,1.00,2.25
2016.08.04 15:57:02.792,1.7212,1.72152,1.00,2.25
2016.08.04 15:57:02.990,1.72122,1.72152,1.00,2.25
2016.08.04 15:57:03.554,1.72121,1.72152,1.00,3.00
2016.08.04 15:57:03.863,1.72123,1.72152,1.00,2.25
2016.08.04 15:57:04.095,1.7212,1.72152,1.00,2.25
2016.08.04 15:57:05.056,1.72122,1.72152,1.00,2.25
2016.08.04 15:57:05.598,1.72121,1.72152,1.00,3.00
2016.08.04 15:57:05.857,1.72122,1.72152,1.00,2.25
2016.08.04 15:57:06.067,1.7212,1.72152,1.00,2.25
2016.08.04 15:57:06.257,1.72122,1.72152,1.00,2.25
2016.08.04 15:57:06.766,1.72121,1.72152,1.00,3.00
2016.08.04 15:57:07.020,1.72122,1.72152,1.00,2.25
2016.08.04 15:57:07.070,1.72122,1.72152,1.00,1.87
2016.08.04 15:57:07.373,1.72124,1.72152,1.00,1.87
2016.08.04 15:57:07.424,1.72121,1.72152,1.00,2.62
2016.08.04 15:57:07.633,1.72123,1.72152,1.00,1.87
2016.08.04 15:57:08.811,1.7212,1.72152,1.00,1.87
2016.08.04 15:57:09.135,1.72124,1.72152,1.00,1.87
2016.08.04 15:57:09.237,1.72122,1.72152,1.00,1.87
2016.08.04 15:57:09.440,1.72121,1.72152,1.00,2.62
2016.08.04 15:57:09.659,1.72123,1.72152,1.00,1.87
2016.08.04 15:57:10.615,1.7212,1.72152,1.00,1.87
2016.08.04 15:57:11.113,1.72122,1.72152,1.00,1.87
2016.08.04 15:57:11.663,1.72119,1.72152,1.12,2.62
2016.08.04 15:57:11.814,1.72122,1.72152,1.00,1.87
2016.08.04 15:57:12.447,1.72121,1.72152,1.00,2.62
2016.08.04 15:57:12.715,1.72123,1.72152,1.00,1.87
2016.08.04 15:57:14.316,1.7212,1.72152,1.00,1.87
2016.08.04 15:57:14.517,1.72122,1.72152,1.00,1.87
2016.08.04 15:57:15.983,1.72122,1.7215,1.00,1.00
2016.08.04 15:57:16.034,1.7212,1.7215,1.00,1.00
2016.08.04 15:57:16.136,1.7212,1.7215,1.00,1.00
2016.08.04 15:57:16.338,1.72123,1.72152,1.00,1.87
2016.08.04 15:57:18.166,1.72123,1.72153,1.00,4.50
2016.08.04 15:57:19.554,1.72123,1.72152,1.00,2.25
2016.08.04 15:57:19.656,1.72123,1.72153,1.00,3.00
2016.08.04 15:57:19.774,1.72127,1.72152,1.00,1.12
2016.08.04 15:57:19.825,1.72127,1.72156,1.00,1.87
2016.08.04 15:57:19.876,1.72126,1.72156,1.00,1.00
2016.08.04 15:57:19.927,1.72123,1.72154,1.50,1.00
2016.08.04 15:57:20.029,1.72121,1.72153,1.37,1.00
2016.08.04 15:57:20.080,1.72121,1.72153,1.00,1.00
2016.08.04 15:57:20.131,1.72121,1.72153,1.00,1.00
2016.08.04 15:57:20.182,1.7212,1.72153,1.50,1.00
2016.08.04 15:57:20.232,1.72119,1.72154,1.12,2.62
2016.08.04 15:57:20.283,1.72119,1.72152,1.12,1.50
2016.08.04 15:57:20.334,1.72116,1.72144,1.00,1.00
2016.08.04 15:57:20.490,1.72113,1.72145,1.00,1.00
2016.08.04 15:57:20.548,1.72118,1.72148,1.00,1.12
2016.08.04 15:57:20.600,1.72118,1.72144,1.00,1.00
2016.08.04 15:57:20.702,1.72119,1.72148,1.00,1.12
2016.08.04 15:57:20.753,1.72119,1.72148,1.00,1.12
2016.08.04 15:57:20.803,1.72119,1.7215,1.00,2.25
2016.08.04 15:57:20.905,1.72119,1.72147,1.00,1.00
2016.08.04 15:57:20.955,1.72117,1.72147,1.00,1.00
2016.08.04 15:57:21.488,1.72118,1.72147,1.00,1.00
2016.08.04 15:57:22.166,1.72118,1.72147,1.00,1.00
2016.08.04 15:57:22.712,1.72118,1.72149,1.00,1.50
2016.08.04 15:57:24.246,1.72123,1.72151,1.00,1.75
2016.08.04 15:57:24.297,1.72124,1.72155,1.37,1.75
2016.08.04 15:57:24.348,1.72137,1.72156,1.00,1.75
2016.08.04 15:57:24.419,1.72137,1.72163,1.00,2.85
2016.08.04 15:57:24.470,1.72138,1.72163,1.00,1.00
2016.08.04 15:57:24.521,1.72138,1.72167,1.00,1.12
2016.08.04 15:57:24.572,1.72135,1.72166,1.00,1.00
2016.08.04 15:57:24.724,1.72135,1.72164,1.00,1.12
2016.08.04 15:57:24.775,1.72132,1.72164,1.00,1.50
2016.08.04 15:57:25.349,1.72132,1.72163,1.00,1.00
2016.08.04 15:57:25.835,1.72132,1.72164,1.00,1.50
2016.08.04 15:57:25.886,1.72132,1.72164,1.00,1.50
2016.08.04 15:57:28.692,1.72132,1.72164,1.00,1.00
2016.08.04 15:57:29.342,1.72132,1.72163,1.00,1.00
2016.08.04 15:57:29.548,1.72131,1.72163,1.00,1.00
2016.08.04 15:57:29.650,1.7213,1.72162,1.50,1.00
2016.08.04 15:57:30.245,1.7213,1.7216,1.00,1.00
2016.08.04 15:57:30.816,1.7213,1.72159,1.00,1.00
2016.08.04 15:57:33.354,1.72127,1.72159,1.37,1.00
2016.08.04 15:57:33.404,1.72127,1.72159,1.00,1.00
2016.08.04 15:57:33.525,1.72125,1.72158,3.00,1.00
2016.08.04 15:57:34.381,1.72128,1.72158,1.00,1.00
2016.08.04 15:57:34.483,1.72125,1.72155,2.25,1.00
2016.08.04 15:57:34.534,1.72125,1.72155,1.37,1.00
2016.08.04 15:57:34.584,1.72125,1.72155,1.00,1.00
2016.08.04 15:57:34.686,1.72124,1.72157,1.00,1.37
2016.08.04 15:57:35.371,1.72124,1.72152,1.00,1.12
2016.08.04 15:57:35.422,1.72124,1.72152,1.00,2.62
2016.08.04 15:57:35.473,1.7212,1.72146,1.50,1.37
2016.08.04 15:57:35.524,1.7212,1.72145,1.00,1.00
2016.08.04 15:57:35.575,1.7212,1.7214,1.00,1.00
2016.08.04 15:57:35.677,1.72111,1.7214,1.00,1.00
2016.08.04 15:57:36.081,1.72111,1.72141,1.00,1.00
2016.08.04 15:57:36.536,1.72111,1.72143,1.00,1.00
2016.08.04 15:57:36.587,1.72111,1.72143,1.00,1.00
2016.08.04 15:57:36.689,1.72111,1.7214,1.00,1.00
2016.08.04 15:57:36.840,1.72111,1.7214,1.50,1.00
2016.08.04 15:57:36.891,1.72111,1.72143,1.50,1.00
2016.08.04 15:57:37.573,1.72112,1.72143,1.00,1.00
2016.08.04 15:57:37.675,1.72116,1.7214,1.00,1.00
2016.08.04 15:57:37.826,1.72117,1.7214,1.37,1.00
2016.08.04 15:57:37.877,1.72117,1.72143,1.87,1.00
2016.08.04 15:57:37.928,1.72121,1.72143,1.00,1.00
2016.08.04 15:57:38.131,1.72117,1.72143,1.00,1.00
2016.08.04 15:57:38.182,1.72117,1.7214,1.00,1.00
2016.08.04 15:57:39.338,1.72115,1.7214,1.50,1.00
2016.08.04 15:57:40.854,1.72115,1.72142,1.50,1.00
2016.08.04 15:57:42.143,1.72117,1.72142,1.00,1.00
2016.08.04 15:57:44.457,1.72116,1.72142,1.00,1.00
2016.08.04 15:57:44.558,1.72115,1.72141,1.50,1.00
2016.08.04 15:57:44.609,1.72115,1.72141,1.00,1.00
2016.08.04 15:57:44.660,1.72113,1.72142,1.37,1.00
2016.08.04 15:57:44.711,1.72113,1.72139,1.00,1.00
2016.08.04 15:57:44.762,1.7211,1.72138,1.37,1.00
2016.08.04 15:57:44.908,1.72106,1.72138,1.50,1.00
2016.08.04 15:57:44.958,1.72105,1.72136,1.37,1.00
2016.08.04 15:57:45.009,1.72105,1.72136,1.00,1.12
2016.08.04 15:57:45.111,1.72105,1.72132,1.00,1.00
2016.08.04 15:57:45.212,1.72104,1.72135,1.00,1.00
2016.08.04 15:57:45.313,1.72106,1.72138,1.00,1.50
2016.08.04 15:57:45.364,1.72106,1.72138,1.12,1.37
2016.08.04 15:57:45.415,1.72106,1.72138,1.50,1.00
2016.08.04 15:57:45.646,1.72108,1.72139,1.00,1.00
2016.08.04 15:57:46.816,1.72109,1.7214,1.00,1.00
2016.08.04 15:57:47.335,1.72107,1.72138,1.00,1.00
2016.08.04 15:57:48.114,1.72108,1.72139,1.00,1.00
2016.08.04 15:57:49.456,1.72106,1.7214,1.50,1.00
2016.08.04 15:57:49.663,1.7211,1.7214,1.00,1.00
2016.08.04 15:57:49.716,1.72112,1.72141,1.00,1.00
2016.08.04 15:57:49.920,1.72111,1.72141,1.00,1.50
2016.08.04 15:57:50.022,1.72107,1.7214,1.00,1.00
2016.08.04 15:57:50.325,1.7211,1.72141,1.00,1.50
2016.08.04 15:57:50.580,1.7211,1.72141,1.00,1.00
2016.08.04 15:57:50.630,1.72109,1.7214,1.00,1.00
2016.08.04 15:57:51.022,1.72111,1.72141,1.00,1.00
2016.08.04 15:57:51.541,1.7211,1.72141,1.00,1.00
2016.08.04 15:57:52.040,1.72107,1.72139,1.00,1.00
2016.08.04 15:57:53.036,1.72109,1.72141,1.00,2.25
2016.08.04 15:57:53.187,1.72109,1.72141,1.00,1.50
2016.08.04 15:57:53.554,1.72106,1.72138,1.50,1.00
2016.08.04 15:57:53.960,1.72106,1.72135,1.00,1.00
2016.08.04 15:57:54.011,1.72102,1.72134,1.50,1.00
2016.08.04 15:57:54.061,1.72102,1.72134,1.12,1.00
2016.08.04 15:57:54.264,1.72102,1.72132,1.12,1.00
2016.08.04 15:57:54.470,1.72102,1.72134,1.12,1.50
2016.08.04 15:57:54.819,1.72103,1.72134,1.00,1.50
2016.08.04 15:57:55.042,1.72103,1.72134,1.00,1.00
2016.08.04 15:57:55.818,1.72101,1.72134,1.50,1.00
2016.08.04 15:57:55.868,1.72099,1.72132,2.25,1.00
2016.08.04 15:57:56.071,1.721,1.72135,1.75,1.87
2016.08.04 15:57:57.038,1.721,1.72135,1.75,1.87
2016.08.04 15:57:57.240,1.72102,1.72135,1.12,1.12
2016.08.04 15:57:58.360,1.72102,1.72135,1.12,1.50
2016.08.04 15:57:58.410,1.72102,1.72135,1.12,1.50
2016.08.04 15:57:58.461,1.72099,1.72133,1.00,1.50
2016.08.04 15:57:58.512,1.72098,1.72131,1.00,1.00
2016.08.04 15:57:58.562,1.72096,1.7213,1.12,1.00
2016.08.04 15:57:58.966,1.72098,1.72131,1.00,2.25
2016.08.04 15:57:59.269,1.72096,1.7213,1.12,1.00
2016.08.04 15:57:59.320,1.72096,1.7213,1.12,1.00
2016.08.04 15:57:59.468,1.72098,1.72131,1.00,1.00
2016.08.04 15:58:00.769,1.72097,1.7213,1.00,1.00
2016.08.04 15:58:00.943,1.72098,1.72131,1.00,1.00
2016.08.04 15:58:03.056,1.721,1.72131,1.00,1.00
2016.08.04 15:58:03.258,1.72097,1.72129,1.50,1.00
2016.08.04 15:58:03.359,1.72101,1.72131,1.00,1.00
2016.08.04 15:58:03.460,1.72099,1.72131,1.00,1.00
2016.08.04 15:58:04.009,1.721,1.72131,1.00,1.00
2016.08.04 15:58:04.163,1.72097,1.72129,1.50,1.00
2016.08.04 15:58:04.265,1.72098,1.72131,1.00,1.00
2016.08.04 15:58:04.467,1.72097,1.72129,1.50,1.00
2016.08.04 15:58:04.673,1.72099,1.72131,1.00,1.00
2016.08.04 15:58:04.774,1.72097,1.72131,1.00,1.50
2016.08.04 15:58:04.875,1.72097,1.72131,1.50,1.00
2016.08.04 15:58:05.251,1.72101,1.72135,1.00,2.25
2016.08.04 15:58:05.405,1.72101,1.72135,1.12,1.50
2016.08.04 15:58:05.456,1.72103,1.72135,1.00,1.00
2016.08.04 15:58:05.868,1.72106,1.72135,1.00,1.00
2016.08.04 15:58:06.870,1.72104,1.72135,1.00,1.50
2016.08.04 15:58:07.076,1.72105,1.72135,1.00,1.00
2016.08.04 15:58:07.622,1.72105,1.72136,1.00,1.00
2016.08.04 15:58:07.926,1.72108,1.72135,1.00,1.00
2016.08.04 15:58:07.977,1.72106,1.72135,1.00,1.00
2016.08.04 15:58:08.175,1.72108,1.72135,1.00,1.00
2016.08.04 15:58:08.360,1.72105,1.72135,1.00,1.00
2016.08.04 15:58:08.677,1.72108,1.72135,1.00,1.00
2016.08.04 15:58:08.871,1.72105,1.72135,1.00,1.00
2016.08.04 15:58:09.076,1.72108,1.72135,1.00,1.00
2016.08.04 15:58:09.271,1.72105,1.72135,1.00,1.00
2016.08.04 15:58:09.437,1.72108,1.72135,1.00,1.00
2016.08.04 15:58:09.773,1.72106,1.72135,1.00,1.00
2016.08.04 15:58:10.173,1.72108,1.72135,1.00,1.00
2016.08.04 15:58:10.681,1.72105,1.72135,1.00,1.00
2016.08.04 15:58:10.981,1.72101,1.72129,1.12,1.00
2016.08.04 15:58:11.034,1.72099,1.72129,1.75,1.00
2016.08.04 15:58:11.103,1.72097,1.72128,1.75,1.00
2016.08.04 15:58:11.154,1.721,1.7213,1.12,1.00
2016.08.04 15:58:11.205,1.721,1.7213,1.00,1.00
2016.08.04 15:58:11.356,1.72098,1.7213,1.12,1.00
2016.08.04 15:58:11.553,1.72095,1.7213,1.75,1.50
2016.08.04 15:58:12.160,1.72098,1.7213,1.12,1.00
2016.08.04 15:58:12.210,1.72098,1.7213,1.12,1.37
2016.08.04 15:58:12.261,1.72096,1.72129,1.00,1.00
2016.08.04 15:58:12.362,1.72094,1.72129,1.00,1.50
2016.08.04 15:58:14.071,1.72096,1.72129,1.00,1.00
2016.08.04 15:58:14.289,1.72095,1.72128,1.00,1.00
2016.08.04 15:58:14.490,1.72097,1.72129,1.00,1.00
2016.08.04 15:58:14.541,1.72097,1.72129,1.00,1.00
2016.08.04 15:58:15.065,1.72094,1.72129,1.00,1.50
2016.08.04 15:58:15.166,1.72093,1.72125,1.50,1.00
2016.08.04 15:58:15.571,1.72094,1.72126,1.00,1.00
2016.08.04 15:58:16.076,1.72093,1.72125,1.50,1.00
2016.08.04 15:58:16.576,1.72093,1.72122,1.00,1.00
2016.08.04 15:58:16.744,1.72093,1.72119,1.00,1.00
2016.08.04 15:58:17.300,1.72088,1.72119,1.50,1.00
2016.08.04 15:58:17.352,1.72085,1.72117,1.87,1.00
2016.08.04 15:58:17.454,1.72085,1.72109,1.37,1.00
2016.08.04 15:58:17.505,1.72082,1.72109,1.00,1.00
2016.08.04 15:58:17.556,1.72081,1.72107,1.00,1.00
2016.08.04 15:58:17.607,1.72073,1.72107,1.50,1.00
2016.08.04 15:58:17.862,1.72073,1.72105,1.00,1.00
2016.08.04 15:58:18.636,1.72073,1.72105,1.00,1.00
2016.08.04 15:58:18.852,1.72073,1.72105,1.00,1.00
2016.08.04 15:58:19.105,1.72071,1.72105,1.50,1.50
2016.08.04 15:58:19.156,1.72071,1.72103,1.50,1.12
2016.08.04 15:58:19.461,1.72071,1.72102,1.00,1.00
2016.08.04 15:58:19.950,1.7207,1.72102,1.12,1.00
2016.08.04 15:58:21.450,1.7207,1.72103,1.87,1.12
2016.08.04 15:58:21.666,1.7207,1.72101,1.12,1.00
2016.08.04 15:58:22.201,1.7207,1.721,1.12,1.00
2016.08.04 15:58:24.385,1.7207,1.72102,1.12,1.00
2016.08.04 15:58:26.297,1.72071,1.72102,1.00,1.00
2016.08.04 15:58:29.778,1.72071,1.72099,1.00,1.00
2016.08.04 15:58:29.930,1.72068,1.72099,1.50,1.00
2016.08.04 15:58:30.137,1.72068,1.72102,1.50,1.00
2016.08.04 15:58:30.292,1.72067,1.721,1.75,1.00
2016.08.04 15:58:33.502,1.72067,1.72101,1.75,1.00
2016.08.04 15:58:34.463,1.72067,1.721,1.75,1.00
2016.08.04 15:58:36.001,1.72069,1.721,1.37,1.00
2016.08.04 15:58:36.165,1.72068,1.72099,1.50,1.00
2016.08.04 15:58:37.901,1.72067,1.72098,1.75,1.00
2016.08.04 15:58:38.067,1.72067,1.721,1.75,1.00
2016.08.04 15:58:39.169,1.72067,1.721,2.25,1.00
2016.08.04 15:58:40.292,1.72067,1.721,1.50,1.00
2016.08.04 15:58:46.223,1.72068,1.72101,1.00,1.00
2016.08.04 15:58:50.297,1.72069,1.72102,1.75,1.00
2016.08.04 15:58:50.398,1.72071,1.72102,1.12,1.00
2016.08.04 15:58:50.618,1.72067,1.72099,1.75,1.00
2016.08.04 15:58:51.132,1.72068,1.721,1.75,1.00
2016.08.04 15:58:56.228,1.72068,1.721,1.37,1.12
2016.08.04 15:58:56.278,1.72068,1.721,1.00,1.12
2016.08.04 15:58:56.785,1.72066,1.72097,1.87,1.00
2016.08.04 15:58:56.987,1.72069,1.72099,1.00,1.00
2016.08.04 15:59:01.122,1.72067,1.72098,1.00,1.00
2016.08.04 15:59:01.381,1.72067,1.72098,1.00,1.37
2016.08.04 15:59:01.432,1.72063,1.72093,1.50,1.00
2016.08.04 15:59:01.534,1.72064,1.72095,2.25,1.00
2016.08.04 15:59:01.585,1.72067,1.72095,1.00,1.00
2016.08.04 15:59:01.636,1.72072,1.72097,1.00,1.00
2016.08.04 15:59:01.737,1.72076,1.72107,1.00,2.85
2016.08.04 15:59:01.788,1.72076,1.72107,1.00,1.00
2016.08.04 15:59:03.729,1.72074,1.72107,1.00,1.00
2016.08.04 15:59:04.230,1.72073,1.72106,1.00,1.00
2016.08.04 15:59:07.397,1.72075,1.72109,1.00,2.25
2016.08.04 15:59:07.498,1.72077,1.72109,1.00,2.25
2016.08.04 15:59:07.549,1.72077,1.72109,1.00,1.50
2016.08.04 15:59:07.600,1.72078,1.72109,1.00,1.00
2016.08.04 15:59:07.820,1.72074,1.72107,1.00,1.00
2016.08.04 15:59:07.871,1.72074,1.72107,1.50,1.00
2016.08.04 15:59:08.845,1.72074,1.72104,1.50,1.00
2016.08.04 15:59:09.021,1.72074,1.72101,1.00,1.00
2016.08.04 15:59:09.072,1.72069,1.72101,1.37,1.00
2016.08.04 15:59:09.123,1.72069,1.72099,1.00,1.00
2016.08.04 15:59:09.225,1.72069,1.72093,1.00,1.00
2016.08.04 15:59:09.275,1.72067,1.72093,1.00,1.00
2016.08.04 15:59:09.326,1.72062,1.72093,1.87,1.00
2016.08.04 15:59:09.529,1.72061,1.72092,1.50,1.00
2016.08.04 15:59:11.252,1.72061,1.72092,1.12,1.12
2016.08.04 15:59:11.303,1.72059,1.72092,1.87,1.12
2016.08.04 15:59:11.354,1.72059,1.72092,1.87,1.12
2016.08.04 15:59:12.657,1.72061,1.72092,1.00,1.12
2016.08.04 15:59:12.923,1.72059,1.72092,1.87,1.12
2016.08.04 15:59:14.176,1.72059,1.72092,1.12,1.12
2016.08.04 15:59:14.226,1.72058,1.7209,1.50,1.00
2016.08.04 15:59:14.732,1.72059,1.72092,1.12,1.12
2016.08.04 15:59:15.492,1.72059,1.72092,1.00,1.75
2016.08.04 15:59:16.422,1.72058,1.7209,1.00,1.50
2016.08.04 15:59:17.019,1.72056,1.72089,1.00,1.37
2016.08.04 15:59:17.221,1.72059,1.72089,1.00,1.37
2016.08.04 15:59:17.520,1.72057,1.72088,1.00,1.12
2016.08.04 15:59:17.622,1.72055,1.72088,3.75,1.12
2016.08.04 15:59:17.723,1.72055,1.72088,2.62,1.12
2016.08.04 15:59:17.824,1.72056,1.72089,1.00,1.37
2016.08.04 15:59:17.875,1.72056,1.72089,1.37,1.00
2016.08.04 15:59:17.926,1.72059,1.72091,1.37,1.00
2016.08.04 15:59:18.027,1.72059,1.72091,1.87,1.00
2016.08.04 15:59:18.507,1.72059,1.72089,1.87,1.00
2016.08.04 15:59:18.557,1.7206,1.72093,1.12,1.12
2016.08.04 15:59:18.608,1.72062,1.72093,1.00,1.12
2016.08.04 15:59:18.709,1.72062,1.72092,1.00,1.00
2016.08.04 15:59:18.760,1.72061,1.72091,1.00,1.00
2016.08.04 15:59:18.811,1.72061,1.72089,1.00,1.50
2016.08.04 15:59:18.912,1.72061,1.72089,1.00,1.00
2016.08.04 15:59:18.963,1.72058,1.72089,1.00,1.00
2016.08.04 15:59:19.115,1.72061,1.72091,1.00,1.37
2016.08.04 15:59:19.217,1.72061,1.7209,1.00,1.00
2016.08.04 15:59:19.419,1.72061,1.72093,1.00,1.50
2016.08.04 15:59:19.831,1.72069,1.72094,1.00,1.37
2016.08.04 15:59:19.894,1.72069,1.721,1.00,1.87
2016.08.04 15:59:19.945,1.72069,1.721,1.00,1.75
2016.08.04 15:59:20.299,1.72068,1.721,1.00,1.50
2016.08.04 15:59:20.350,1.7207,1.721,1.00,1.50
2016.08.04 15:59:20.943,1.72071,1.721,1.00,1.50
2016.08.04 15:59:21.045,1.72068,1.721,1.00,1.50
2016.08.04 15:59:21.095,1.72068,1.721,1.00,1.50
2016.08.04 15:59:21.449,1.72068,1.721,1.00,1.00
2016.08.04 15:59:21.500,1.72069,1.721,1.00,1.00
2016.08.04 15:59:21.551,1.7207,1.721,1.00,1.00
2016.08.04 15:59:21.920,1.7207,1.721,1.00,1.50
2016.08.04 15:59:22.021,1.72069,1.721,1.50,1.00
2016.08.04 15:59:22.315,1.7207,1.721,1.00,1.00
2016.08.04 15:59:23.926,1.72069,1.721,1.00,1.50
2016.08.04 15:59:24.027,1.72065,1.72099,3.37,1.00
2016.08.04 15:59:24.128,1.72066,1.721,1.00,1.00
2016.08.04 15:59:24.456,1.72068,1.721,1.00,1.00
2016.08.04 15:59:24.564,1.72066,1.72099,1.00,1.00
2016.08.04 15:59:24.868,1.72068,1.72099,1.00,1.00
2016.08.04 15:59:25.025,1.72066,1.72099,1.00,1.00
2016.08.04 15:59:25.292,1.72066,1.72099,1.00,1.00
2016.08.04 15:59:25.343,1.72068,1.72099,1.00,1.00
2016.08.04 15:59:25.542,1.72068,1.721,1.00,1.50
2016.08.04 15:59:25.946,1.72069,1.721,1.00,1.00
2016.08.04 15:59:26.047,1.72071,1.721,1.00,1.00
2016.08.04 15:59:27.247,1.72069,1.721,1.00,1.00
2016.08.04 15:59:27.449,1.72071,1.721,1.00,1.00
2016.08.04 15:59:27.721,1.72069,1.721,1.00,1.00
2016.08.04 15:59:28.429,1.7207,1.721,1.00,1.00
2016.08.04 15:59:29.455,1.72071,1.721,1.00,1.00
2016.08.04 15:59:29.923,1.72069,1.721,1.00,1.00
2016.08.04 15:59:31.024,1.7207,1.721,1.00,1.00
2016.08.04 15:59:31.605,1.72071,1.721,1.00,1.00
2016.08.04 15:59:32.275,1.7207,1.721,1.00,1.00
2016.08.04 15:59:32.925,1.72071,1.721,1.00,1.00
2016.08.04 15:59:35.468,1.72068,1.721,1.50,1.00
2016.08.04 15:59:36.546,1.7207,1.721,1.00,1.00
2016.08.04 15:59:39.112,1.72069,1.721,1.00,1.00
2016.08.04 15:59:39.162,1.72069,1.72099,1.00,1.00
2016.08.04 15:59:39.213,1.7207,1.72099,1.00,1.00
2016.08.04 15:59:39.264,1.7207,1.72099,1.50,1.00
2016.08.04 15:59:39.315,1.72069,1.72099,1.75,1.00
2016.08.04 15:59:39.416,1.7207,1.72099,1.50,1.00
2016.08.04 15:59:40.934,1.7207,1.72102,1.50,1.00
2016.08.04 15:59:43.345,1.7207,1.721,1.50,1.00
2016.08.04 15:59:44.383,1.7207,1.72101,1.50,1.00
2016.08.04 15:59:45.244,1.72068,1.721,1.37,1.00
2016.08.04 15:59:45.295,1.72068,1.721,1.00,1.00
2016.08.04 15:59:45.345,1.72064,1.72086,1.37,1.00
2016.08.04 15:59:45.396,1.72058,1.72086,1.50,1.00
2016.08.04 15:59:45.447,1.72063,1.72089,1.00,1.37
2016.08.04 15:59:45.498,1.72063,1.72092,1.00,1.00
2016.08.04 15:59:45.549,1.72064,1.72092,1.50,1.00
2016.08.04 15:59:45.716,1.72066,1.72098,1.00,2.25
2016.08.04 15:59:45.868,1.72066,1.72097,1.00,1.00
2016.08.04 15:59:46.139,1.72066,1.72098,1.00,1.87
2016.08.04 15:59:46.190,1.72066,1.72098,1.00,1.12
2016.08.04 15:59:48.185,1.72064,1.72089,1.87,1.00
2016.08.04 15:59:48.329,1.72064,1.72089,1.00,1.00
2016.08.04 15:59:48.399,1.7206,1.72088,1.00,1.00
2016.08.04 15:59:48.551,1.72057,1.72088,1.12,1.00
2016.08.04 15:59:49.343,1.72056,1.72088,1.50,1.00
2016.08.04 15:59:49.554,1.72057,1.7209,1.50,1.12
2016.08.04 15:59:49.605,1.72057,1.7209,2.25,1.00
2016.08.04 15:59:49.807,1.72057,1.7209,1.75,1.00
2016.08.04 15:59:50.192,1.72057,1.7209,1.75,1.00
2016.08.04 15:59:50.243,1.72062,1.7209,1.00,1.00
2016.08.04 15:59:50.294,1.72062,1.72092,1.00,1.00
2016.08.04 15:59:50.345,1.72066,1.72094,1.00,1.12
2016.08.04 15:59:50.396,1.72066,1.72097,1.50,1.00
2016.08.04 15:59:50.447,1.72065,1.72099,2.25,1.50
2016.08.04 15:59:50.497,1.72065,1.72099,2.25,1.00
2016.08.04 15:59:50.548,1.72065,1.721,2.25,1.12
2016.08.04 15:59:50.731,1.72067,1.721,1.12,1.12
2016.08.04 15:59:50.832,1.72065,1.721,2.25,1.12
2016.08.04 15:59:51.145,1.72065,1.721,1.75,1.12
2016.08.04 15:59:51.253,1.72065,1.72098,1.75,1.00
2016.08.04 15:59:51.556,1.72065,1.72096,1.75,1.00
2016.08.04 15:59:51.657,1.72063,1.72096,1.37,1.00
2016.08.04 15:59:51.708,1.72063,1.72096,1.00,1.37
2016.08.04 15:59:51.962,1.72063,1.72095,1.00,1.12
2016.08.04 15:59:52.765,1.72063,1.72093,1.00,1.00
2016.08.04 15:59:53.069,1.72063,1.72095,1.00,1.12
2016.08.04 15:59:53.265,1.72063,1.72094,1.00,1.00
2016.08.04 15:59:54.300,1.72063,1.72094,1.87,1.00
2016.08.04 15:59:54.351,1.72069,1.72102,1.00,2.25
2016.08.04 15:59:54.401,1.72069,1.72102,1.75,1.00
2016.08.04 15:59:54.452,1.7207,1.72102,1.50,1.00
2016.08.04 15:59:54.554,1.72071,1.72104,1.12,1.12
2016.08.04 15:59:54.756,1.72071,1.72102,1.12,1.00
2016.08.04 15:59:55.396,1.72068,1.72103,2.25,1.00
2016.08.04 15:59:55.498,1.72068,1.72099,1.75,1.00
2016.08.04 15:59:55.801,1.72068,1.72098,1.75,1.00
2016.08.04 15:59:55.903,1.72063,1.72092,2.25,1.00
2016.08.04 15:59:55.965,1.72067,1.721,1.00,1.50
2016.08.04 15:59:56.016,1.72071,1.721,1.00,1.50
2016.08.04 15:59:56.067,1.72071,1.72104,1.37,1.87
2016.08.04 15:59:56.117,1.72071,1.72104,1.75,2.25
2016.08.04 15:59:56.168,1.72071,1.72098,1.37,1.00
2016.08.04 15:59:56.322,1.72068,1.72098,1.00,1.00
2016.08.04 15:59:56.727,1.72065,1.72098,1.00,1.00
2016.08.04 15:59:59.171,1.72065,1.72097,1.00,1.00
2016.08.04 15:59:59.518,1.72064,1.72093,1.00,1.00
