2013.01.31 20:00:00.744,1.51968,1.51993,1.88,1.67
2013.01.31 20:00:00.869,1.51968,1.52,1.88,1.67
2013.01.31 20:00:00.927,1.51968,1.51994,1.13,1.35
2013.01.31 20:00:01.109,1.51968,1.51996,1.50,1.45
2013.01.31 20:00:01.417,1.51968,1.51996,1.50,1.45
2013.01.31 20:00:01.477,1.51968,1.51998,1.50,2.10
2013.01.31 20:00:01.659,1.51967,1.51997,1.50,1.73
2013.01.31 20:00:01.940,1.51962,1.51993,2.48,1.73
2013.01.31 20:00:02.007,1.51962,1.51991,2.25,1.35
2013.01.31 20:00:02.350,1.51964,1.51993,1.73,1.35
2013.01.31 20:00:02.718,1.51966,1.51994,1.73,2.48
2013.01.31 20:00:03.087,1.51966,1.51993,1.73,1.73
2013.01.31 20:00:03.759,1.51961,1.51993,3.23,2.85
2013.01.31 20:00:03.897,1.51961,1.51992,3.00,1.61
2013.01.31 20:00:04.457,1.51961,1.51988,1.50,1.73
2013.01.31 20:00:04.878,1.51961,1.51988,1.50,2.09
2013.01.31 20:00:05.317,1.51961,1.51992,2.25,2.22
2013.01.31 20:00:06.547,1.51959,1.51991,1.50,1.54
2013.01.31 20:00:07.079,1.51958,1.51992,2.48,1.98
2013.01.31 20:00:11.008,1.51959,1.51991,1.50,1.73
2013.01.31 20:00:12.467,1.51957,1.51986,1.50,1.73
2013.01.31 20:00:12.827,1.51956,1.51978,1.50,1.73
2013.01.31 20:00:13.549,1.51952,1.51978,1.50,1.73
2013.01.31 20:00:14.099,1.51952,1.51978,1.50,1.73
2013.01.31 20:00:15.508,1.51951,1.51984,1.73,1.73
2013.01.31 20:00:15.897,1.51951,1.51984,1.73,1.73
2013.01.31 20:00:16.088,1.51951,1.51985,1.73,3.23
2013.01.31 20:00:17.149,1.51952,1.51984,3.00,1.73
2013.01.31 20:00:17.848,1.51952,1.51985,3.00,1.73
2013.01.31 20:00:26.456,1.51952,1.51983,3.83,1.73
2013.01.31 20:00:26.897,1.51952,1.51985,3.83,1.73
2013.01.31 20:00:27.447,1.51952,1.51983,3.75,1.47
2013.01.31 20:00:27.717,1.51953,1.51981,2.25,2.10
2013.01.31 20:00:28.270,1.51954,1.51984,1.58,1.73
2013.01.31 20:00:28.908,1.51954,1.51986,1.50,1.73
2013.01.31 20:00:29.028,1.51958,1.5199,1.50,1.73
2013.01.31 20:00:38.438,1.51961,1.51995,1.50,1.73
2013.01.31 20:00:38.498,1.51961,1.51995,1.73,1.73
2013.01.31 20:00:38.678,1.51962,1.51995,2.67,1.73
2013.01.31 20:00:39.018,1.51962,1.51991,2.25,1.73
2013.01.31 20:00:39.309,1.51962,1.51991,2.25,1.73
2013.01.31 20:00:42.668,1.51958,1.51989,2.25,1.23
2013.01.31 20:00:42.728,1.51958,1.51989,2.25,1.23
2013.01.31 20:00:46.247,1.51956,1.51985,2.25,1.73
2013.01.31 20:00:48.187,1.51956,1.51986,3.00,1.73
2013.01.31 20:00:50.720,1.51958,1.51988,2.25,1.59
2013.01.31 20:00:54.159,1.51954,1.51985,4.58,1.73
2013.01.31 20:00:54.974,1.51954,1.51985,3.83,1.73
2013.01.31 20:00:55.269,1.51961,1.5199,3.15,1.73
2013.01.31 20:00:55.387,1.51961,1.51989,3.57,1.35
2013.01.31 20:00:55.508,1.51962,1.51989,2.63,1.73
2013.01.31 20:00:57.177,1.51962,1.51989,1.50,1.73
2013.01.31 20:00:57.708,1.51965,1.51989,2.25,1.73
2013.01.31 20:00:59.628,1.51965,1.51991,2.25,1.45
2013.01.31 20:00:59.809,1.51965,1.51994,2.25,1.73
2013.01.31 20:00:59.987,1.51966,1.51995,2.25,1.73
2013.01.31 20:01:01.777,1.51966,1.51992,2.25,1.73
2013.01.31 20:01:02.630,1.51963,1.51995,1.35,1.73
2013.01.31 20:01:02.941,1.51964,1.51994,1.35,1.73
2013.01.31 20:01:03.087,1.51963,1.51994,1.35,1.73
2013.01.31 20:01:04.336,1.51963,1.51995,1.35,1.73
2013.01.31 20:01:04.469,1.51963,1.51995,1.35,1.73
2013.01.31 20:01:05.027,1.51965,1.51995,1.35,1.73
2013.01.31 20:01:05.558,1.51964,1.51995,1.35,1.73
2013.01.31 20:01:06.149,1.51964,1.51995,1.35,1.73
2013.01.31 20:01:06.850,1.51966,1.51995,1.50,1.73
2013.01.31 20:01:11.748,1.51966,1.51995,2.25,1.73
2013.01.31 20:01:13.680,1.51966,1.51995,2.25,1.73
2013.01.31 20:01:14.168,1.51964,1.51995,1.17,1.73
2013.01.31 20:01:15.957,1.51963,1.51995,1.35,1.73
2013.01.31 20:01:18.157,1.51964,1.51995,1.35,1.73
2013.01.31 20:01:21.337,1.51962,1.51995,1.73,1.73
2013.01.31 20:01:21.422,1.51963,1.51995,1.35,1.73
2013.01.31 20:01:22.131,1.51964,1.51995,1.17,1.73
2013.01.31 20:01:28.086,1.51964,1.51995,1.17,1.73
2013.01.31 20:01:28.268,1.51964,1.51995,1.17,1.73
2013.01.31 20:01:33.089,1.51964,1.51994,1.17,1.73
2013.01.31 20:01:39.087,1.51964,1.51994,1.17,1.73
2013.01.31 20:01:46.447,1.51964,1.51994,1.17,1.73
2013.01.31 20:01:49.419,1.51972,1.51998,1.50,3.23
2013.01.31 20:01:49.778,1.51982,1.52003,1.13,1.50
2013.01.31 20:01:49.839,1.51982,1.52011,1.13,1.73
2013.01.31 20:01:50.377,1.5198,1.52011,1.35,1.73
2013.01.31 20:01:54.828,1.51979,1.52011,1.35,1.73
2013.01.31 20:01:55.148,1.51984,1.52011,1.13,1.73
2013.01.31 20:01:55.448,1.51999,1.52028,1.13,1.73
2013.01.31 20:01:55.699,1.52,1.52028,1.13,1.73
2013.01.31 20:01:56.308,1.51999,1.52028,1.13,1.73
2013.01.31 20:01:56.427,1.51999,1.52028,1.32,1.73
2013.01.31 20:01:57.478,1.51999,1.52024,1.32,2.25
2013.01.31 20:02:02.135,1.51999,1.52028,1.32,1.73
2013.01.31 20:02:02.206,1.52003,1.52032,1.35,2.48
2013.01.31 20:02:02.730,1.52003,1.52032,1.35,2.48
2013.01.31 20:02:03.641,1.52002,1.52028,1.35,2.25
2013.01.31 20:02:03.709,1.52002,1.52026,1.35,1.50
2013.01.31 20:02:04.010,1.51993,1.52024,1.13,1.73
2013.01.31 20:02:04.197,1.51993,1.52023,1.13,2.10
2013.01.31 20:02:04.378,1.51991,1.52022,2.25,2.48
2013.01.31 20:02:04.937,1.51991,1.52022,1.50,1.35
2013.01.31 20:02:05.322,1.51991,1.52022,1.50,1.35
2013.01.31 20:02:06.180,1.51991,1.52017,1.50,1.73
2013.01.31 20:02:06.247,1.51991,1.52016,1.50,3.98
2013.01.31 20:02:06.847,1.51983,1.52012,1.73,1.86
2013.01.31 20:02:09.257,1.51983,1.52013,1.50,1.73
2013.01.31 20:02:11.977,1.51983,1.52013,1.50,1.73
2013.01.31 20:02:12.241,1.51983,1.52013,1.50,1.73
2013.01.31 20:02:12.547,1.51983,1.52012,1.50,1.73
2013.01.31 20:02:12.668,1.51983,1.52012,1.50,1.73
2013.01.31 20:02:12.988,1.51983,1.52013,1.50,2.48
2013.01.31 20:02:13.474,1.5198,1.52004,1.35,1.50
2013.01.31 20:02:13.859,1.51978,1.52009,1.88,1.73
2013.01.31 20:02:19.958,1.51982,1.52012,1.50,1.35
2013.01.31 20:02:20.412,1.5198,1.52011,1.13,1.86
2013.01.31 20:02:20.538,1.51979,1.52011,1.50,1.86
2013.01.31 20:02:25.218,1.51979,1.52009,1.50,1.73
2013.01.31 20:02:25.801,1.51979,1.52011,1.50,1.73
2013.01.31 20:02:29.315,1.51979,1.52009,1.50,1.73
2013.01.31 20:02:34.825,1.51978,1.52012,3.00,2.48
2013.01.31 20:02:35.146,1.51976,1.52005,1.13,3.63
2013.01.31 20:02:35.207,1.51976,1.52,1.13,1.73
2013.01.31 20:02:35.268,1.51976,1.51998,1.13,1.29
2013.01.31 20:02:35.508,1.51969,1.52003,2.25,1.73
2013.01.31 20:02:35.690,1.51969,1.52002,2.25,1.47
2013.01.31 20:02:36.749,1.51969,1.52003,1.50,1.73
2013.01.31 20:02:40.452,1.51969,1.51997,1.50,1.34
2013.01.31 20:02:41.337,1.51967,1.51997,2.25,1.34
2013.01.31 20:02:41.518,1.51969,1.52001,1.13,1.73
2013.01.31 20:02:41.677,1.51972,1.52002,1.50,1.25
2013.01.31 20:02:41.797,1.51972,1.52004,1.50,1.73
2013.01.31 20:02:42.368,1.5197,1.52002,2.25,3.23
2013.01.31 20:02:42.429,1.5197,1.52002,2.25,3.86
2013.01.31 20:02:43.338,1.5197,1.51997,2.25,1.73
2013.01.31 20:02:43.398,1.51969,1.51997,2.63,2.13
2013.01.31 20:02:44.137,1.51971,1.52,1.50,1.38
2013.01.31 20:02:44.257,1.51974,1.52002,1.13,1.59
2013.01.31 20:02:44.377,1.51974,1.52003,1.13,1.59
2013.01.31 20:02:44.497,1.51975,1.52004,1.13,1.73
2013.01.31 20:02:46.248,1.51972,1.52002,1.50,1.25
2013.01.31 20:02:46.877,1.51969,1.52,2.25,1.73
2013.01.31 20:02:47.057,1.51972,1.52003,1.50,1.25
2013.01.31 20:02:47.117,1.51972,1.52004,1.50,2.48
2013.01.31 20:02:47.238,1.51972,1.52004,1.50,2.48
2013.01.31 20:02:47.531,1.51972,1.52004,1.50,1.73
2013.01.31 20:02:51.207,1.51969,1.52001,1.73,1.73
2013.01.31 20:02:51.387,1.51967,1.52002,4.88,1.73
2013.01.31 20:02:58.089,1.51968,1.52,1.50,1.73
2013.01.31 20:02:58.937,1.5197,1.52001,1.50,2.48
2013.01.31 20:02:58.997,1.5197,1.52001,1.73,2.48
2013.01.31 20:03:07.168,1.51972,1.52003,1.50,1.34
2013.01.31 20:03:07.687,1.51969,1.52,1.13,1.73
2013.01.31 20:03:10.141,1.51968,1.52,1.13,1.73
2013.01.31 20:03:10.208,1.51971,1.52006,1.73,2.85
2013.01.31 20:03:10.452,1.51975,1.52004,1.50,1.80
2013.01.31 20:03:10.677,1.51975,1.52005,1.50,1.35
2013.01.31 20:03:11.037,1.5197,1.52001,1.13,1.73
2013.01.31 20:03:11.428,1.51972,1.52006,1.73,2.84
2013.01.31 20:03:11.977,1.51972,1.52005,1.73,1.34
2013.01.31 20:03:12.037,1.51972,1.52005,1.73,1.34
2013.01.31 20:03:19.538,1.51973,1.52006,1.50,2.85
2013.01.31 20:03:19.888,1.51978,1.52006,1.73,1.50
2013.01.31 20:03:20.439,1.51984,1.5201,1.50,2.48
2013.01.31 20:03:20.572,1.51984,1.52016,1.92,2.48
2013.01.31 20:03:21.020,1.51985,1.52011,1.13,1.73
2013.01.31 20:03:32.117,1.51985,1.52013,1.13,1.73
2013.01.31 20:03:33.547,1.51985,1.52016,1.88,1.73
2013.01.31 20:03:34.097,1.51985,1.52016,1.88,1.73
2013.01.31 20:03:34.508,1.51985,1.52015,1.88,1.73
2013.01.31 20:03:43.130,1.51985,1.52013,1.13,2.48
2013.01.31 20:03:49.647,1.51982,1.52017,4.88,1.43
2013.01.31 20:03:52.357,1.51985,1.52015,1.50,1.73
2013.01.31 20:03:55.727,1.51982,1.52014,3.38,2.48
2013.01.31 20:03:56.048,1.51978,1.52011,2.63,1.73
2013.01.31 20:03:56.909,1.51978,1.52007,1.13,1.73
2013.01.31 20:03:57.268,1.5198,1.52013,1.13,1.50
2013.01.31 20:03:57.328,1.5198,1.52014,1.35,3.23
2013.01.31 20:03:59.167,1.51983,1.52016,1.58,2.82
2013.01.31 20:03:59.228,1.51983,1.52016,1.05,1.73
2013.01.31 20:04:01.978,1.51985,1.52017,2.48,1.73
2013.01.31 20:04:02.098,1.51982,1.52015,2.55,1.73
2013.01.31 20:04:02.458,1.5198,1.52006,1.50,1.73
2013.01.31 20:04:02.988,1.51977,1.52005,2.33,1.73
2013.01.31 20:04:03.302,1.51977,1.52008,2.33,1.73
2013.01.31 20:04:05.908,1.51977,1.5201,2.33,1.73
2013.01.31 20:04:06.838,1.51986,1.52013,1.50,1.73
2013.01.31 20:04:09.100,1.51986,1.52015,1.50,1.73
2013.01.31 20:04:09.468,1.51982,1.52011,1.50,1.23
2013.01.31 20:04:12.229,1.51983,1.52013,1.50,1.35
2013.01.31 20:04:12.587,1.51981,1.52011,1.88,1.45
2013.01.31 20:04:20.099,1.51981,1.52011,1.50,1.45
2013.01.31 20:04:20.337,1.51982,1.52013,1.50,1.50
2013.01.31 20:04:24.198,1.5198,1.52013,1.13,2.25
2013.01.31 20:04:28.881,1.51982,1.52013,2.25,1.50
2013.01.31 20:04:30.668,1.51983,1.52013,1.50,1.50
2013.01.31 20:04:31.127,1.51989,1.52013,1.13,1.50
2013.01.31 20:04:31.202,1.51989,1.52016,1.13,2.55
2013.01.31 20:04:32.038,1.51989,1.52013,1.13,2.48
2013.01.31 20:04:32.397,1.51985,1.52011,3.00,2.48
2013.01.31 20:04:32.458,1.51987,1.52011,1.50,1.73
2013.01.31 20:04:32.577,1.51989,1.52013,1.13,1.73
2013.01.31 20:04:35.847,1.51989,1.52013,1.13,1.73
2013.01.31 20:04:38.685,1.5199,1.5202,1.13,1.61
2013.01.31 20:04:38.788,1.5199,1.52022,1.13,5.38
2013.01.31 20:04:45.447,1.51994,1.52022,1.50,3.98
2013.01.31 20:04:45.568,1.51996,1.52022,1.50,3.98
2013.01.31 20:04:45.703,1.51996,1.52022,1.73,3.75
2013.01.31 20:04:45.832,1.52,1.52022,1.13,2.25
2013.01.31 20:04:45.899,1.51997,1.52023,1.35,1.50
2013.01.31 20:04:45.958,1.51997,1.52023,1.35,1.50
2013.01.31 20:04:46.019,1.51997,1.52023,1.13,1.73
2013.01.31 20:04:46.258,1.51993,1.52023,2.48,1.73
2013.01.31 20:04:46.635,1.51993,1.52027,2.25,2.31
2013.01.31 20:04:47.198,1.51993,1.52023,2.25,1.73
2013.01.31 20:04:49.987,1.51995,1.52024,1.50,2.48
2013.01.31 20:04:50.047,1.51997,1.52028,1.50,3.23
2013.01.31 20:04:50.527,1.51997,1.52027,1.13,1.73
2013.01.31 20:04:50.648,1.52,1.52028,1.50,1.73
2013.01.31 20:04:51.338,1.52,1.52033,1.88,1.73
2013.01.31 20:04:53.680,1.52,1.52028,1.88,1.73
2013.01.31 20:04:54.091,1.52,1.52028,1.88,1.73
2013.01.31 20:04:54.758,1.52001,1.52028,1.13,1.73
2013.01.31 20:04:55.857,1.52,1.52028,1.13,1.73
2013.01.31 20:04:55.917,1.52,1.52028,1.13,1.73
2013.01.31 20:04:56.097,1.51997,1.52028,2.25,2.48
2013.01.31 20:04:56.157,1.51997,1.52028,2.48,2.48
2013.01.31 20:04:56.218,1.51997,1.52028,1.73,1.73
2013.01.31 20:04:56.905,1.51999,1.52028,1.35,1.73
2013.01.31 20:04:57.437,1.51999,1.52028,1.35,1.73
2013.01.31 20:04:57.880,1.52,1.52033,1.13,1.73
2013.01.31 20:04:58.578,1.52,1.52033,1.13,2.10
2013.01.31 20:05:00.669,1.52,1.52034,1.13,3.60
2013.01.31 20:05:00.729,1.52,1.52034,1.13,3.60
2013.01.31 20:05:00.912,1.52,1.52029,1.13,1.73
2013.01.31 20:05:01.889,1.52001,1.52029,1.13,1.73
2013.01.31 20:05:02.291,1.52001,1.52034,1.13,3.98
2013.01.31 20:05:03.872,1.52001,1.52034,1.13,3.23
2013.01.31 20:05:04.557,1.52007,1.52042,1.73,2.48
2013.01.31 20:05:04.619,1.52007,1.52042,1.73,2.48
2013.01.31 20:05:04.930,1.52017,1.52043,1.13,3.23
2013.01.31 20:05:05.247,1.52017,1.52043,1.13,1.73
2013.01.31 20:05:05.748,1.52021,1.52046,1.13,1.73
2013.01.31 20:05:06.258,1.52014,1.52042,1.35,3.23
2013.01.31 20:05:06.437,1.52011,1.52042,1.50,3.23
2013.01.31 20:05:06.959,1.5201,1.52042,1.13,3.23
2013.01.31 20:05:08.727,1.52007,1.52039,1.73,3.57
2013.01.31 20:05:09.029,1.52002,1.52037,1.95,1.98
2013.01.31 20:05:09.622,1.52002,1.52037,1.95,1.98
2013.01.31 20:05:11.058,1.52002,1.52037,1.58,1.98
2013.01.31 20:05:13.659,1.51999,1.52032,2.16,2.48
2013.01.31 20:05:13.777,1.51999,1.52032,1.41,2.09
2013.01.31 20:05:13.898,1.51999,1.52032,1.41,2.09
2013.01.31 20:05:14.018,1.51999,1.52027,1.07,1.20
2013.01.31 20:05:14.198,1.51995,1.52027,1.58,1.20
2013.01.31 20:05:14.321,1.51995,1.52027,1.58,1.20
2013.01.31 20:05:14.709,1.51997,1.52027,2.25,1.20
2013.01.31 20:05:17.577,1.52002,1.52027,1.50,1.20
2013.01.31 20:05:17.758,1.52005,1.52033,1.50,2.48
2013.01.31 20:05:18.288,1.52005,1.52033,1.50,2.33
2013.01.31 20:05:18.899,1.52005,1.52033,1.50,2.48
2013.01.31 20:05:19.078,1.52005,1.52033,1.50,2.48
2013.01.31 20:05:19.258,1.52005,1.52033,1.50,2.48
2013.01.31 20:05:20.197,1.52005,1.52033,1.50,2.48
2013.01.31 20:05:22.595,1.52005,1.52033,1.50,2.48
2013.01.31 20:05:23.887,1.52005,1.52028,1.50,1.50
2013.01.31 20:05:24.446,1.52003,1.52033,1.73,2.48
2013.01.31 20:05:24.968,1.52005,1.52033,1.28,2.48
2013.01.31 20:05:26.114,1.52005,1.52033,1.28,2.48
2013.01.31 20:05:26.298,1.52003,1.52033,1.73,2.48
2013.01.31 20:05:26.817,1.52004,1.52038,1.73,1.73
2013.01.31 20:05:27.679,1.52002,1.52034,1.73,1.73
2013.01.31 20:05:28.958,1.52001,1.52033,2.10,1.73
2013.01.31 20:05:32.689,1.52001,1.52033,2.10,1.73
2013.01.31 20:05:34.398,1.52003,1.52033,1.32,1.73
2013.01.31 20:05:34.948,1.52003,1.52033,1.50,1.73
2013.01.31 20:05:36.308,1.52003,1.52027,1.50,1.50
2013.01.31 20:05:36.978,1.52002,1.52027,1.50,1.50
2013.01.31 20:05:37.522,1.52003,1.52027,1.50,1.50
2013.01.31 20:05:48.194,1.52004,1.52029,2.63,1.50
2013.01.31 20:05:49.125,1.52011,1.52033,1.28,3.00
2013.01.31 20:05:50.948,1.52008,1.52027,1.17,1.50
2013.01.31 20:05:51.008,1.52004,1.52026,1.32,1.50
2013.01.31 20:05:51.068,1.52004,1.52026,1.32,1.50
2013.01.31 20:05:51.188,1.52007,1.52027,1.69,1.50
2013.01.31 20:05:51.928,1.5201,1.52034,1.50,1.73
2013.01.31 20:05:51.988,1.5201,1.52037,1.73,5.10
2013.01.31 20:05:52.170,1.52011,1.52036,1.35,1.50
2013.01.31 20:05:56.949,1.52011,1.52036,1.35,1.50
2013.01.31 20:06:00.228,1.52011,1.52037,1.50,2.25
2013.01.31 20:06:00.409,1.52013,1.52037,1.17,2.25
2013.01.31 20:06:12.489,1.52012,1.52037,1.32,1.50
2013.01.31 20:06:13.466,1.52012,1.52036,1.32,1.50
2013.01.31 20:06:15.698,1.52012,1.52032,1.32,1.50
2013.01.31 20:06:15.821,1.52009,1.52032,3.00,2.25
2013.01.31 20:06:15.952,1.5201,1.52034,1.50,2.48
2013.01.31 20:06:16.211,1.5201,1.52035,2.44,1.13
2013.01.31 20:06:19.628,1.52013,1.52036,1.17,2.55
2013.01.31 20:06:19.929,1.52007,1.52031,1.73,1.50
2013.01.31 20:06:20.090,1.52007,1.52031,1.73,1.50
2013.01.31 20:06:20.619,1.52007,1.52031,1.73,1.50
2013.01.31 20:06:20.949,1.52006,1.52028,1.73,2.25
2013.01.31 20:06:21.008,1.52006,1.52028,1.73,2.25
2013.01.31 20:06:21.129,1.52004,1.52028,3.00,1.50
2013.01.31 20:06:21.758,1.52004,1.52027,1.50,1.50
2013.01.31 20:06:27.648,1.52002,1.52027,2.48,1.50
2013.01.31 20:06:29.588,1.52004,1.52028,1.50,2.25
2013.01.31 20:06:33.627,1.52003,1.52027,3.40,1.50
2013.01.31 20:06:33.690,1.52003,1.52026,4.15,1.50
2013.01.31 20:06:39.758,1.52003,1.52024,2.25,1.50
2013.01.31 20:06:47.888,1.52,1.52025,1.13,1.50
2013.01.31 20:06:56.506,1.52,1.52025,1.13,1.50
2013.01.31 20:07:02.128,1.52,1.52025,1.13,1.50
2013.01.31 20:07:02.740,1.52001,1.52024,1.13,3.00
2013.01.31 20:07:13.739,1.52001,1.52024,1.13,3.75
2013.01.31 20:07:14.611,1.52001,1.52024,1.13,3.00
2013.01.31 20:07:16.873,1.52001,1.52023,1.13,1.50
2013.01.31 20:07:20.418,1.51996,1.52024,1.50,3.98
2013.01.31 20:07:20.539,1.51996,1.52018,1.50,2.25
2013.01.31 20:07:20.779,1.51998,1.52021,1.35,2.25
2013.01.31 20:07:21.380,1.51996,1.52023,1.73,1.50
2013.01.31 20:07:21.438,1.51996,1.52023,1.73,3.15
2013.01.31 20:07:21.618,1.51995,1.5202,1.17,2.25
2013.01.31 20:07:23.269,1.51994,1.5202,1.35,2.25
2013.01.31 20:07:23.578,1.51991,1.52021,1.32,3.38
2013.01.31 20:07:26.847,1.51996,1.5202,1.28,2.25
2013.01.31 20:07:27.489,1.51991,1.5202,1.35,2.25
2013.01.31 20:07:30.219,1.5199,1.52021,2.85,3.38
2013.01.31 20:07:45.078,1.51991,1.52018,1.35,1.50
2013.01.31 20:07:47.888,1.51993,1.5202,1.17,1.50
2013.01.31 20:07:50.657,1.51993,1.5202,1.17,1.50
2013.01.31 20:07:51.567,1.51991,1.52014,1.13,2.25
2013.01.31 20:07:51.808,1.5199,1.52014,2.85,1.50
2013.01.31 20:07:52.182,1.51993,1.52017,1.50,1.50
2013.01.31 20:08:06.908,1.51995,1.52019,1.17,1.50
2013.01.31 20:08:19.070,1.51995,1.52018,1.17,1.13
2013.01.31 20:08:25.228,1.51995,1.52014,1.17,1.50
2013.01.31 20:08:28.748,1.51991,1.52009,1.13,1.50
2013.01.31 20:08:28.988,1.51981,1.52005,3.60,1.50
2013.01.31 20:08:29.108,1.51981,1.52005,3.23,1.50
2013.01.31 20:08:47.119,1.51979,1.52004,2.48,1.13
2013.01.31 20:08:55.148,1.51986,1.52006,1.50,1.50
2013.01.31 20:08:55.268,1.51989,1.52007,1.50,1.13
2013.01.31 20:08:59.438,1.51988,1.52009,1.50,1.35
2013.01.31 20:09:19.409,1.51986,1.52008,1.50,1.13
2013.01.31 20:09:19.468,1.51986,1.5201,1.50,1.35
2013.01.31 20:09:19.649,1.51988,1.52012,1.50,1.13
2013.01.31 20:09:33.338,1.51983,1.52012,1.32,1.13
2013.01.31 20:09:46.379,1.51983,1.52011,1.50,1.35
2013.01.31 20:09:46.969,1.51983,1.52009,1.50,1.35
2013.01.31 20:09:52.231,1.51982,1.5201,1.50,1.35
2013.01.31 20:09:59.201,1.51987,1.52008,2.25,1.13
2013.01.31 20:10:01.770,1.51987,1.5201,1.50,1.35
2013.01.31 20:10:02.075,1.51987,1.5201,1.50,1.35
2013.01.31 20:10:02.479,1.5199,1.5201,1.50,1.35
2013.01.31 20:10:05.998,1.5199,1.5201,1.50,1.35
2013.01.31 20:10:16.837,1.5199,1.52011,1.50,1.73
2013.01.31 20:10:17.826,1.5199,1.52012,1.50,2.48
2013.01.31 20:10:38.778,1.5199,1.52012,1.50,2.48
2013.01.31 20:10:39.385,1.5199,1.52012,1.50,2.48
2013.01.31 20:10:47.660,1.51993,1.52011,2.25,1.73
2013.01.31 20:10:47.958,1.51989,1.52012,1.50,2.48
2013.01.31 20:10:52.170,1.51988,1.52012,1.50,2.85
2013.01.31 20:10:52.358,1.51988,1.52012,1.50,2.63
2013.01.31 20:10:58.218,1.51984,1.5201,1.50,1.50
2013.01.31 20:10:58.459,1.51981,1.5201,2.48,1.50
2013.01.31 20:11:01.968,1.51981,1.5201,2.48,2.25
2013.01.31 20:11:02.028,1.51981,1.52013,1.35,2.10
2013.01.31 20:11:03.649,1.51989,1.52012,1.50,2.10
2013.01.31 20:11:03.769,1.51988,1.52012,1.13,1.73
2013.01.31 20:11:06.099,1.51989,1.52016,2.48,1.50
2013.01.31 20:11:06.788,1.51993,1.52021,1.73,1.88
2013.01.31 20:11:07.649,1.51994,1.52022,1.67,1.73
2013.01.31 20:11:07.973,1.51997,1.52015,2.25,1.73
2013.01.31 20:11:09.898,1.51993,1.52017,1.67,1.73
2013.01.31 20:11:10.338,1.51989,1.52016,1.58,1.73
2013.01.31 20:11:10.619,1.51989,1.52016,1.58,1.73
2013.01.31 20:11:10.924,1.51985,1.52011,2.33,1.73
2013.01.31 20:11:12.218,1.51987,1.52012,1.13,2.10
2013.01.31 20:11:12.279,1.51989,1.52012,2.25,1.13
2013.01.31 20:11:12.519,1.51989,1.5201,2.25,1.73
2013.01.31 20:11:12.828,1.51987,1.52011,1.50,2.48
2013.01.31 20:11:14.194,1.51987,1.52011,1.50,2.48
2013.01.31 20:11:14.800,1.51987,1.5201,1.50,1.73
2013.01.31 20:11:22.448,1.51987,1.52011,1.50,2.48
2013.01.31 20:11:22.558,1.51987,1.52011,1.50,2.48
2013.01.31 20:11:22.809,1.51984,1.52007,2.25,1.73
2013.01.31 20:11:29.429,1.51984,1.52007,2.25,2.25
2013.01.31 20:11:29.488,1.51985,1.52008,2.25,1.50
2013.01.31 20:11:29.548,1.51992,1.52014,1.50,2.10
2013.01.31 20:11:29.608,1.51991,1.52014,1.50,2.10
2013.01.31 20:11:29.668,1.5199,1.5201,1.50,1.73
2013.01.31 20:11:32.618,1.5199,1.5201,1.50,1.73
2013.01.31 20:11:32.679,1.5199,1.5201,1.50,1.73
2013.01.31 20:11:32.738,1.51988,1.52015,3.83,2.85
2013.01.31 20:11:35.552,1.5199,1.52015,1.50,2.48
2013.01.31 20:11:48.157,1.51988,1.52014,1.58,3.68
2013.01.31 20:11:48.218,1.51988,1.52014,2.33,2.93
2013.01.31 20:12:00.164,1.51984,1.52011,2.33,2.48
2013.01.31 20:12:02.189,1.51989,1.52013,1.50,1.35
2013.01.31 20:12:02.311,1.51989,1.52013,1.50,1.13
2013.01.31 20:12:12.104,1.51994,1.52017,1.50,2.48
2013.01.31 20:12:12.169,1.51994,1.52012,1.50,1.88
2013.01.31 20:12:15.889,1.51991,1.5201,1.50,1.73
2013.01.31 20:12:16.505,1.51996,1.52016,1.50,1.73
2013.01.31 20:12:16.999,1.51993,1.52021,3.57,1.50
2013.01.31 20:12:17.239,1.51994,1.52016,3.00,1.73
2013.01.31 20:12:17.468,1.51994,1.52016,2.25,1.73
2013.01.31 20:12:19.415,1.51993,1.52011,2.25,2.48
2013.01.31 20:12:19.768,1.51991,1.5201,2.25,1.73
2013.01.31 20:12:37.404,1.51989,1.5201,1.58,1.73
2013.01.31 20:12:41.369,1.51987,1.5201,3.25,1.73
2013.01.31 20:12:41.428,1.51987,1.52011,3.25,1.73
2013.01.31 20:12:41.550,1.51987,1.52012,2.33,1.05
2013.01.31 20:12:43.089,1.51987,1.52016,1.50,1.73
2013.01.31 20:12:47.209,1.51982,1.5201,2.93,1.50
2013.01.31 20:12:47.729,1.51982,1.52009,2.33,1.73
2013.01.31 20:13:00.132,1.51982,1.52009,2.33,1.73
2013.01.31 20:13:06.421,1.51985,1.52009,1.50,1.73
2013.01.31 20:13:06.689,1.51982,1.52009,1.17,1.73
2013.01.31 20:13:08.188,1.51984,1.52012,1.35,1.50
2013.01.31 20:13:08.248,1.51984,1.52012,1.35,1.50
2013.01.31 20:13:09.469,1.51983,1.5201,2.55,1.50
2013.01.31 20:13:09.770,1.51982,1.52012,5.89,1.20
2013.01.31 20:13:10.140,1.51988,1.52009,3.00,1.50
2013.01.31 20:13:10.943,1.51983,1.5201,1.80,1.73
2013.01.31 20:13:11.069,1.51983,1.5201,1.80,1.73
2013.01.31 20:13:11.269,1.51983,1.5201,2.16,1.73
2013.01.31 20:13:15.770,1.51983,1.52011,1.97,1.73
2013.01.31 20:13:15.894,1.5199,1.52011,1.13,1.50
2013.01.31 20:13:16.439,1.51994,1.52013,1.50,1.73
2013.01.31 20:13:16.971,1.51995,1.52018,2.61,1.73
2013.01.31 20:13:21.359,1.51991,1.52017,1.50,1.50
2013.01.31 20:13:21.488,1.51991,1.52013,1.50,1.13
2013.01.31 20:13:21.792,1.51991,1.5201,1.50,1.73
2013.01.31 20:13:22.336,1.51986,1.52009,1.13,1.50
2013.01.31 20:13:22.884,1.51986,1.52009,1.13,1.50
2013.01.31 20:13:23.120,1.51986,1.52009,1.13,1.73
2013.01.31 20:13:26.675,1.51979,1.52005,2.25,1.73
2013.01.31 20:13:28.450,1.51979,1.52005,2.25,2.85
2013.01.31 20:13:28.509,1.51979,1.52004,2.25,1.20
2013.01.31 20:13:28.629,1.51981,1.52004,1.13,1.50
2013.01.31 20:13:28.688,1.51981,1.52004,1.13,1.88
2013.01.31 20:13:28.929,1.51981,1.52004,1.13,1.88
2013.01.31 20:13:38.109,1.51981,1.52002,1.13,1.50
2013.01.31 20:13:38.229,1.51981,1.52,1.13,1.50
2013.01.31 20:13:38.688,1.51973,1.51998,1.50,1.73
2013.01.31 20:13:48.419,1.51975,1.51999,3.00,2.48
2013.01.31 20:13:48.540,1.51978,1.52002,1.50,1.73
2013.01.31 20:13:49.159,1.5198,1.52005,1.13,2.48
2013.01.31 20:13:52.391,1.51981,1.52004,1.13,1.73
2013.01.31 20:13:58.060,1.51973,1.52003,1.22,1.73
2013.01.31 20:13:58.512,1.51971,1.51998,1.13,1.73
2013.01.31 20:13:58.889,1.51972,1.51998,2.25,1.73
2013.01.31 20:13:59.009,1.51973,1.52,1.58,1.35
2013.01.31 20:13:59.068,1.51974,1.52002,1.05,1.88
2013.01.31 20:13:59.839,1.51974,1.52002,1.05,1.50
2013.01.31 20:14:00.348,1.51974,1.52003,1.05,1.73
2013.01.31 20:14:00.869,1.51972,1.52003,1.35,1.73
2013.01.31 20:14:00.928,1.5197,1.51998,1.73,1.50
2013.01.31 20:14:01.182,1.51971,1.51998,1.50,3.23
2013.01.31 20:14:01.700,1.5197,1.51997,1.13,1.50
2013.01.31 20:14:01.999,1.5197,1.51997,1.13,1.73
2013.01.31 20:14:02.380,1.5197,1.51997,1.13,1.73
2013.01.31 20:14:02.499,1.51971,1.51999,1.35,1.73
2013.01.31 20:14:02.930,1.51971,1.51999,1.35,2.48
2013.01.31 20:14:03.468,1.51971,1.51999,1.13,2.48
2013.01.31 20:14:07.759,1.51968,1.51995,2.63,1.73
2013.01.31 20:14:22.628,1.51962,1.51988,1.50,1.73
2013.01.31 20:14:22.689,1.51962,1.51988,1.50,1.73
2013.01.31 20:14:22.748,1.51959,1.51986,5.48,1.73
2013.01.31 20:14:23.918,1.51956,1.51982,3.38,1.34
2013.01.31 20:14:24.159,1.51956,1.51981,2.25,1.73
2013.01.31 20:14:24.278,1.51956,1.51982,2.25,1.73
2013.01.31 20:14:24.398,1.51956,1.51986,4.13,2.48
2013.01.31 20:14:25.189,1.51956,1.51986,2.25,1.73
2013.01.31 20:14:26.919,1.51956,1.51986,2.25,1.73
2013.01.31 20:14:27.699,1.5196,1.51988,1.50,1.35
2013.01.31 20:14:27.888,1.5196,1.51988,1.50,1.35
2013.01.31 20:14:28.120,1.5196,1.51989,1.13,1.73
2013.01.31 20:14:28.298,1.51961,1.51991,1.35,1.35
2013.01.31 20:14:31.040,1.51971,1.51995,1.50,1.88
2013.01.31 20:14:31.669,1.5197,1.52001,1.50,2.48
2013.01.31 20:14:44.208,1.51967,1.52,3.98,1.73
2013.01.31 20:14:44.548,1.51966,1.52,3.00,2.35
2013.01.31 20:14:54.899,1.51969,1.51998,1.50,1.73
2013.01.31 20:14:54.959,1.51969,1.51998,1.50,3.53
2013.01.31 20:14:55.269,1.51966,1.51993,1.13,1.73
2013.01.31 20:14:55.827,1.51965,1.51993,1.50,1.73
2013.01.31 20:15:01.919,1.51963,1.51993,2.25,1.73
2013.01.31 20:15:02.399,1.51966,1.51996,1.13,1.32
2013.01.31 20:15:02.648,1.5197,1.51999,2.25,1.43
2013.01.31 20:15:04.157,1.5197,1.52,2.25,1.05
2013.01.31 20:15:04.278,1.5197,1.52,2.25,1.05
2013.01.31 20:15:06.299,1.51976,1.52004,1.50,1.73
2013.01.31 20:15:06.538,1.51979,1.52009,1.50,1.35
2013.01.31 20:15:06.729,1.51981,1.5201,1.50,2.82
2013.01.31 20:15:07.030,1.51981,1.5201,1.50,1.32
2013.01.31 20:15:07.089,1.51981,1.52011,1.50,1.73
2013.01.31 20:15:07.149,1.51981,1.52011,1.73,1.73
2013.01.31 20:15:09.280,1.51982,1.52013,1.58,1.73
2013.01.31 20:15:11.541,1.5198,1.52015,2.48,1.73
2013.01.31 20:15:11.899,1.51984,1.52017,1.13,2.55
2013.01.31 20:15:12.930,1.51984,1.52013,1.13,1.73
2013.01.31 20:15:12.989,1.51983,1.52013,3.00,1.73
2013.01.31 20:15:13.290,1.51985,1.52015,1.88,1.35
2013.01.31 20:15:13.561,1.51989,1.52021,1.50,1.73
2013.01.31 20:15:14.099,1.51993,1.52023,1.50,1.73
2013.01.31 20:15:14.640,1.51993,1.52023,1.50,1.73
2013.01.31 20:15:14.699,1.51991,1.52023,2.48,1.73
2013.01.31 20:15:14.759,1.51991,1.52024,2.25,3.23
2013.01.31 20:15:15.139,1.51992,1.52023,1.50,1.35
2013.01.31 20:15:15.379,1.51992,1.52027,1.73,1.73
2013.01.31 20:15:15.821,1.51991,1.5202,1.73,1.73
2013.01.31 20:15:16.132,1.51988,1.52009,1.13,1.50
2013.01.31 20:15:16.450,1.51986,1.52014,1.50,1.73
2013.01.31 20:15:17.299,1.51985,1.52014,2.25,1.73
2013.01.31 20:15:18.583,1.51986,1.52018,1.50,2.93
2013.01.31 20:15:18.839,1.51986,1.52018,1.50,2.93
2013.01.31 20:15:19.394,1.51986,1.52018,1.50,1.80
2013.01.31 20:15:19.459,1.51985,1.52018,1.73,1.43
2013.01.31 20:15:19.519,1.51985,1.52019,1.73,1.43
2013.01.31 20:15:19.940,1.51996,1.52021,1.50,1.73
2013.01.31 20:15:20.300,1.51996,1.52022,1.50,3.98
2013.01.31 20:15:21.399,1.51996,1.52021,1.50,1.73
2013.01.31 20:15:36.439,1.51992,1.52023,2.33,1.73
2013.01.31 20:15:56.720,1.51995,1.52027,1.50,1.09
2013.01.31 20:15:57.990,1.51995,1.52028,1.50,2.84
2013.01.31 20:15:58.290,1.51996,1.52028,3.23,1.73
2013.01.31 20:16:02.429,1.52004,1.52038,2.25,1.62
2013.01.31 20:16:02.550,1.52011,1.52038,1.50,1.37
2013.01.31 20:16:02.669,1.52012,1.5204,1.50,3.04
2013.01.31 20:16:02.795,1.52018,1.5204,1.50,1.73
2013.01.31 20:16:02.920,1.52018,1.52044,1.50,1.47
2013.01.31 20:16:03.464,1.52014,1.52044,2.63,1.27
2013.01.31 20:16:04.471,1.52014,1.52043,1.88,1.27
2013.01.31 20:16:04.681,1.52014,1.52047,2.63,1.27
2013.01.31 20:16:14.140,1.52014,1.52044,2.25,1.27
2013.01.31 20:16:21.071,1.52012,1.52045,1.13,1.27
2013.01.31 20:16:22.832,1.52012,1.52043,1.13,1.27
2013.01.31 20:16:22.899,1.52012,1.52045,1.13,1.27
2013.01.31 20:16:24.379,1.52012,1.52043,1.13,1.27
2013.01.31 20:16:28.029,1.52016,1.52048,2.25,1.73
2013.01.31 20:16:29.822,1.52015,1.52049,3.00,1.45
2013.01.31 20:16:30.171,1.52015,1.52053,4.50,4.08
2013.01.31 20:16:30.452,1.5202,1.52053,1.50,3.60
2013.01.31 20:16:30.989,1.52021,1.52053,2.63,2.85
2013.01.31 20:16:32.960,1.52021,1.52053,1.50,1.73
2013.01.31 20:16:33.099,1.52021,1.52053,1.73,1.73
2013.01.31 20:16:33.159,1.5202,1.52053,3.23,2.48
2013.01.31 20:16:33.279,1.5202,1.52053,2.63,2.48
2013.01.31 20:16:34.441,1.52023,1.52055,1.73,1.05
2013.01.31 20:16:34.499,1.52023,1.52058,1.73,1.05
2013.01.31 20:16:35.489,1.52021,1.52058,4.35,2.07
2013.01.31 20:16:36.899,1.52023,1.52058,1.13,1.32
2013.01.31 20:16:37.080,1.52021,1.52059,2.85,1.80
2013.01.31 20:16:37.259,1.52021,1.52056,2.63,1.46
2013.01.31 20:16:37.499,1.52021,1.52059,3.60,1.05
2013.01.31 20:16:37.812,1.52021,1.52056,3.60,1.05
2013.01.31 20:16:38.059,1.52021,1.52056,2.63,1.50
2013.01.31 20:16:38.311,1.52021,1.52055,1.13,2.48
2013.01.31 20:16:38.430,1.52021,1.52055,1.13,3.30
2013.01.31 20:16:38.670,1.52021,1.52055,1.13,3.30
2013.01.31 20:16:38.910,1.52022,1.52055,1.50,2.85
2013.01.31 20:16:39.030,1.52022,1.52055,1.73,2.48
2013.01.31 20:16:39.149,1.52022,1.52055,1.50,2.48
2013.01.31 20:16:39.209,1.52021,1.52055,1.50,3.30
2013.01.31 20:16:39.621,1.5202,1.52055,1.50,2.48
2013.01.31 20:16:45.450,1.52017,1.5205,1.35,2.48
2013.01.31 20:16:45.571,1.52017,1.52048,1.50,1.50
2013.01.31 20:16:45.809,1.52016,1.52048,1.58,1.50
2013.01.31 20:16:45.930,1.52016,1.52044,1.58,1.45
2013.01.31 20:16:46.502,1.52013,1.52042,1.13,1.45
2013.01.31 20:16:47.073,1.52011,1.52038,1.13,1.73
2013.01.31 20:16:47.679,1.52008,1.52038,2.25,1.73
2013.01.31 20:16:47.800,1.52008,1.52038,2.25,1.73
2013.01.31 20:16:50.952,1.52008,1.52044,2.25,2.28
2013.01.31 20:16:51.288,1.52008,1.52044,2.25,2.28
2013.01.31 20:16:53.321,1.52011,1.52047,1.13,1.53
2013.01.31 20:16:56.389,1.52011,1.52047,1.13,1.53
2013.01.31 20:16:56.509,1.52013,1.52048,1.50,4.73
2013.01.31 20:16:56.689,1.52013,1.52048,1.50,4.34
2013.01.31 20:17:02.440,1.5201,1.52044,1.58,1.34
2013.01.31 20:17:02.560,1.52011,1.52045,1.20,1.73
2013.01.31 20:17:06.959,1.52011,1.52046,1.20,2.48
2013.01.31 20:17:07.020,1.52011,1.52046,1.20,2.95
2013.01.31 20:17:12.179,1.52007,1.52042,1.88,1.45
2013.01.31 20:17:12.717,1.52007,1.5204,1.88,1.73
2013.01.31 20:17:12.859,1.52008,1.5204,1.50,1.73
2013.01.31 20:17:13.118,1.52008,1.5204,2.25,1.73
2013.01.31 20:17:26.606,1.52007,1.52038,1.13,1.56
2013.01.31 20:17:29.889,1.52006,1.52034,1.88,1.56
2013.01.31 20:17:30.009,1.52006,1.52037,1.88,1.29
2013.01.31 20:17:30.069,1.52008,1.52037,1.13,1.29
2013.01.31 20:17:30.380,1.52008,1.52039,1.13,2.09
2013.01.31 20:17:30.739,1.5201,1.52041,1.50,2.95
2013.01.31 20:17:35.836,1.52016,1.52043,1.50,1.45
2013.01.31 20:17:36.349,1.52016,1.52043,1.50,1.63
2013.01.31 20:18:08.009,1.52011,1.52038,1.13,1.54
2013.01.31 20:18:08.068,1.52011,1.52034,1.13,1.43
2013.01.31 20:18:08.309,1.52009,1.52039,1.13,2.10
2013.01.31 20:18:09.890,1.5201,1.52041,1.50,1.63
2013.01.31 20:18:10.069,1.52009,1.52034,1.13,1.25
2013.01.31 20:18:10.249,1.52009,1.5204,1.13,2.48
2013.01.31 20:18:11.874,1.5201,1.52038,1.13,1.34
2013.01.31 20:18:12.179,1.5201,1.52043,1.88,1.32
2013.01.31 20:18:14.620,1.5201,1.52041,1.88,1.32
2013.01.31 20:18:18.359,1.5201,1.52044,1.13,1.32
2013.01.31 20:18:24.180,1.52011,1.52041,2.25,1.32
2013.01.31 20:18:25.254,1.52011,1.52043,2.63,1.32
2013.01.31 20:18:40.909,1.52011,1.52041,3.38,1.32
2013.01.31 20:18:41.669,1.5201,1.52044,1.13,1.32
2013.01.31 20:18:42.356,1.52012,1.52047,1.50,2.07
2013.01.31 20:18:42.484,1.52013,1.52044,1.50,1.32
2013.01.31 20:18:42.552,1.52011,1.52046,2.59,1.32
2013.01.31 20:18:42.862,1.52013,1.52046,1.50,1.59
2013.01.31 20:18:43.169,1.52012,1.52039,1.50,1.20
2013.01.31 20:18:43.828,1.5201,1.52039,1.50,1.20
2013.01.31 20:18:44.430,1.52009,1.52039,2.37,1.20
2013.01.31 20:18:44.669,1.52008,1.52039,1.50,1.20
2013.01.31 20:18:45.177,1.52005,1.52039,1.58,1.20
2013.01.31 20:18:46.059,1.52005,1.52039,1.58,2.70
2013.01.31 20:18:46.169,1.52005,1.52039,1.50,1.20
2013.01.31 20:18:47.189,1.52006,1.52039,1.50,1.20
2013.01.31 20:18:49.490,1.52006,1.52039,1.50,1.56
2013.01.31 20:18:49.729,1.52006,1.52039,1.50,1.47
2013.01.31 20:18:49.908,1.52007,1.52042,1.50,2.67
2013.01.31 20:18:49.969,1.52007,1.52037,1.50,1.47
2013.01.31 20:18:50.499,1.52012,1.52037,1.50,1.47
2013.01.31 20:18:51.120,1.52013,1.52038,1.50,1.47
2013.01.31 20:18:51.903,1.52009,1.52037,1.13,1.47
2013.01.31 20:18:51.970,1.52007,1.52033,1.50,1.45
2013.01.31 20:18:52.029,1.52007,1.52033,1.50,1.45
2013.01.31 20:18:52.940,1.52007,1.52036,1.50,1.29
2013.01.31 20:18:56.490,1.52008,1.52033,1.50,1.52
2013.01.31 20:18:56.670,1.52004,1.52029,1.13,1.52
2013.01.31 20:18:57.179,1.52004,1.52032,1.50,1.52
2013.01.31 20:18:57.665,1.52004,1.52034,1.50,1.52
2013.01.31 20:18:57.790,1.52009,1.52036,1.50,2.84
2013.01.31 20:18:58.479,1.52009,1.52038,1.50,1.34
2013.01.31 20:18:59.950,1.52009,1.5204,1.50,2.09
2013.01.31 20:19:00.112,1.52009,1.5204,1.50,2.13
2013.01.31 20:19:00.240,1.5201,1.52038,1.50,1.65
2013.01.31 20:19:08.120,1.5201,1.52037,1.50,1.32
2013.01.31 20:19:09.711,1.5201,1.52038,1.50,1.32
2013.01.31 20:19:13.922,1.52007,1.52037,1.50,1.32
2013.01.31 20:19:14.180,1.52004,1.52032,1.50,1.52
2013.01.31 20:19:14.239,1.52004,1.52032,1.13,1.52
2013.01.31 20:19:15.662,1.52005,1.52033,1.50,1.52
2013.01.31 20:19:20.280,1.52005,1.52032,1.50,2.27
2013.01.31 20:19:22.863,1.52005,1.52032,1.50,1.52
2013.01.31 20:19:23.055,1.52003,1.52028,1.88,1.52
2013.01.31 20:19:27.350,1.52,1.52032,1.88,1.14
2013.01.31 20:19:27.709,1.52,1.52029,1.88,1.52
2013.01.31 20:19:38.700,1.52005,1.52032,1.50,1.14
2013.01.31 20:19:38.760,1.52007,1.52032,1.50,1.17
2013.01.31 20:19:39.309,1.52009,1.52038,1.50,2.88
2013.01.31 20:19:39.650,1.52009,1.52038,1.50,1.38
2013.01.31 20:19:39.769,1.52007,1.52038,1.88,1.59
2013.01.31 20:19:42.193,1.52004,1.52031,3.00,1.59
2013.01.31 20:19:48.232,1.52007,1.52038,2.25,2.41
2013.01.31 20:19:48.360,1.52012,1.52038,1.50,2.10
2013.01.31 20:19:50.930,1.52012,1.52042,1.50,2.16
2013.01.31 20:20:00.054,1.52011,1.52039,1.50,1.34
2013.01.31 20:20:03.150,1.52011,1.52044,2.25,1.41
2013.01.31 20:20:03.453,1.52009,1.52036,1.88,1.63
2013.01.31 20:20:03.820,1.52009,1.52038,1.50,1.63
2013.01.31 20:20:06.077,1.52009,1.52036,1.50,1.63
2013.01.31 20:20:08.511,1.52009,1.52038,1.50,1.63
2013.01.31 20:20:08.694,1.52009,1.52036,1.50,1.63
2013.01.31 20:20:16.286,1.52009,1.52036,1.50,1.63
2013.01.31 20:20:17.009,1.52009,1.52036,2.25,1.63
2013.01.31 20:20:21.746,1.52013,1.5204,1.50,2.38
2013.01.31 20:20:21.810,1.52013,1.52043,2.25,1.80
2013.01.31 20:20:27.409,1.52012,1.52043,1.50,2.28
2013.01.31 20:20:27.904,1.5201,1.52039,1.88,1.45
2013.01.31 20:20:28.719,1.52006,1.52038,1.50,1.83
2013.01.31 20:20:28.780,1.52006,1.52034,1.50,1.25
2013.01.31 20:20:29.381,1.52006,1.52034,1.50,1.25
2013.01.31 20:20:36.870,1.52006,1.52034,1.50,1.59
2013.01.31 20:20:40.464,1.52006,1.52034,2.25,1.59
2013.01.31 20:20:42.229,1.52006,1.52034,2.25,1.59
2013.01.31 20:20:42.923,1.52006,1.52034,2.25,1.59
2013.01.31 20:20:43.429,1.52001,1.5203,2.25,1.59
2013.01.31 20:20:43.490,1.52001,1.52029,1.88,1.59
2013.01.31 20:20:44.039,1.52001,1.52029,1.58,1.59
2013.01.31 20:20:44.689,1.52001,1.52033,1.58,1.59
2013.01.31 20:20:45.079,1.52006,1.52035,1.50,1.50
2013.01.31 20:20:46.292,1.52006,1.52037,1.50,2.32
2013.01.31 20:20:46.489,1.52006,1.52037,1.50,2.43
2013.01.31 20:20:46.693,1.52006,1.52037,1.50,2.21
2013.01.31 20:20:52.690,1.52006,1.52037,2.25,1.80
2013.01.31 20:20:52.750,1.52011,1.52037,1.88,2.48
2013.01.31 20:20:53.109,1.52012,1.52043,2.25,1.73
2013.01.31 20:20:53.410,1.52013,1.52041,1.13,1.38
2013.01.31 20:21:00.289,1.5201,1.52043,1.13,2.13
2013.01.31 20:21:05.091,1.52006,1.52043,2.33,1.38
2013.01.31 20:21:05.201,1.52009,1.52044,1.05,2.48
2013.01.31 20:21:05.439,1.5201,1.52044,1.73,2.48
2013.01.31 20:21:05.560,1.5201,1.52044,1.50,3.13
2013.01.31 20:21:06.450,1.52004,1.52036,2.25,1.73
2013.01.31 20:21:06.569,1.52002,1.52035,1.13,1.54
2013.01.31 20:21:06.749,1.52008,1.52036,1.13,1.73
2013.01.31 20:21:08.180,1.52011,1.52043,1.50,3.02
2013.01.31 20:21:08.317,1.52011,1.52043,1.73,2.70
2013.01.31 20:21:14.579,1.52012,1.52043,1.73,1.73
2013.01.31 20:21:18.451,1.52013,1.52043,2.48,1.73
2013.01.31 20:21:18.570,1.52013,1.52043,1.50,1.73
2013.01.31 20:21:20.160,1.52008,1.52032,2.10,1.50
2013.01.31 20:21:20.220,1.52002,1.52029,1.35,1.50
2013.01.31 20:21:20.339,1.52001,1.52029,1.13,1.50
2013.01.31 20:21:20.399,1.52001,1.52028,1.13,1.59
2013.01.31 20:21:20.520,1.52001,1.52028,1.13,2.34
2013.01.31 20:21:21.102,1.51997,1.52028,1.35,2.34
2013.01.31 20:21:23.169,1.51993,1.52028,1.35,2.34
2013.01.31 20:21:23.293,1.51993,1.52028,1.83,1.73
2013.01.31 20:21:24.390,1.51994,1.52026,2.48,1.50
2013.01.31 20:21:24.750,1.51994,1.52024,2.48,3.23
2013.01.31 20:21:26.049,1.51991,1.5202,1.13,2.48
2013.01.31 20:21:26.109,1.51991,1.5202,1.35,2.48
2013.01.31 20:21:26.699,1.51986,1.52019,1.73,1.73
2013.01.31 20:21:27.240,1.51983,1.52013,1.05,1.50
2013.01.31 20:21:30.661,1.5198,1.52014,2.42,1.13
2013.01.31 20:21:30.780,1.51976,1.52013,2.85,2.85
2013.01.31 20:21:30.968,1.51985,1.52012,1.35,1.50
2013.01.31 20:21:43.929,1.51984,1.52011,1.73,1.73
2013.01.31 20:21:44.050,1.51984,1.52011,1.73,1.50
2013.01.31 20:21:44.110,1.51985,1.52013,1.73,1.50
2013.01.31 20:21:44.171,1.51985,1.52013,1.73,1.50
2013.01.31 20:21:44.479,1.51987,1.52012,1.73,1.50
2013.01.31 20:21:44.990,1.51983,1.52013,1.73,1.50
2013.01.31 20:21:48.288,1.5198,1.52013,1.35,1.84
2013.01.31 20:21:48.580,1.51978,1.52006,1.73,2.48
2013.01.31 20:21:48.819,1.51975,1.52005,2.31,1.50
2013.01.31 20:21:49.010,1.51975,1.52005,1.73,2.48
2013.01.31 20:21:49.132,1.51977,1.52006,1.73,1.73
2013.01.31 20:21:49.508,1.5198,1.52012,1.63,2.33
2013.01.31 20:21:50.019,1.5198,1.52012,1.73,1.58
2013.01.31 20:21:51.299,1.51981,1.52012,1.73,1.50
2013.01.31 20:21:51.739,1.51981,1.52012,1.73,1.73
2013.01.31 20:21:51.919,1.51982,1.52007,1.73,1.73
2013.01.31 20:21:52.099,1.5198,1.52008,1.73,2.48
2013.01.31 20:21:54.695,1.51979,1.52006,1.73,1.50
2013.01.31 20:21:57.841,1.51979,1.52008,1.73,2.55
2013.01.31 20:22:01.939,1.51976,1.52007,1.73,3.23
2013.01.31 20:22:02.270,1.51976,1.51998,1.50,1.73
2013.01.31 20:22:02.341,1.51976,1.51998,1.50,1.73
2013.01.31 20:22:02.865,1.51971,1.51997,1.50,1.73
2013.01.31 20:22:04.859,1.51971,1.52,1.50,2.48
2013.01.31 20:22:05.780,1.51976,1.52,1.50,1.73
2013.01.31 20:22:07.599,1.51975,1.52001,1.50,1.73
2013.01.31 20:22:08.390,1.51973,1.51999,1.73,1.73
2013.01.31 20:22:08.949,1.51976,1.51998,1.73,1.50
2013.01.31 20:22:09.391,1.51976,1.52001,1.73,1.50
2013.01.31 20:22:09.449,1.5198,1.52005,1.73,2.63
2013.01.31 20:22:09.994,1.51979,1.52006,1.73,1.73
2013.01.31 20:22:13.381,1.51973,1.52006,1.59,1.73
2013.01.31 20:22:13.689,1.51971,1.52006,1.73,1.73
2013.01.31 20:22:14.990,1.51977,1.52006,1.73,1.73
2013.01.31 20:22:15.049,1.51977,1.52005,1.73,1.73
2013.01.31 20:22:16.479,1.51977,1.52003,1.73,1.73
2013.01.31 20:22:16.721,1.51977,1.52003,1.73,1.73
2013.01.31 20:22:17.041,1.51976,1.52,1.50,1.73
2013.01.31 20:22:17.410,1.51971,1.52,1.50,1.73
2013.01.31 20:22:18.115,1.51971,1.51999,1.50,1.73
2013.01.31 20:22:20.889,1.51971,1.52,1.50,1.73
2013.01.31 20:22:21.410,1.51972,1.52,1.50,1.73
2013.01.31 20:22:41.231,1.51977,1.52001,1.50,1.17
2013.01.31 20:22:43.760,1.51976,1.52001,1.50,1.17
2013.01.31 20:22:48.459,1.51977,1.52006,1.50,2.48
2013.01.31 20:22:48.579,1.51977,1.52006,1.73,2.48
2013.01.31 20:22:53.089,1.51977,1.52006,1.73,2.48
2013.01.31 20:23:05.029,1.51977,1.52011,1.73,2.55
2013.01.31 20:23:05.090,1.5198,1.52011,1.73,2.55
2013.01.31 20:23:05.149,1.5198,1.52011,1.73,1.73
2013.01.31 20:23:05.210,1.5198,1.52012,1.50,2.44
2013.01.31 20:23:05.330,1.51986,1.52013,1.61,1.69
2013.01.31 20:23:05.450,1.51981,1.52013,1.73,1.50
2013.01.31 20:23:05.750,1.51986,1.52013,1.61,2.33
2013.01.31 20:23:07.239,1.51991,1.52019,1.20,3.08
2013.01.31 20:23:07.299,1.51991,1.52019,1.58,3.83
2013.01.31 20:23:09.117,1.51986,1.52018,3.48,1.50
2013.01.31 20:23:09.642,1.51986,1.52018,3.48,2.25
2013.01.31 20:23:09.759,1.51985,1.52014,1.13,1.50
2013.01.31 20:23:09.819,1.51982,1.52013,2.63,1.13
2013.01.31 20:23:09.938,1.51982,1.52013,2.25,1.35
2013.01.31 20:23:10.059,1.51982,1.52012,2.25,1.73
2013.01.31 20:23:10.361,1.51974,1.52007,1.35,1.34
2013.01.31 20:23:10.605,1.51972,1.52007,2.48,1.41
2013.01.31 20:23:11.150,1.51975,1.52007,1.50,1.41
2013.01.31 20:23:11.269,1.51975,1.52008,1.73,1.05
2013.01.31 20:23:14.443,1.51972,1.52003,2.48,1.35
2013.01.31 20:23:14.632,1.51972,1.52002,2.48,2.48
2013.01.31 20:23:14.699,1.51972,1.52002,2.10,2.48
2013.01.31 20:23:15.301,1.51972,1.52002,1.88,2.48
2013.01.31 20:23:22.229,1.51972,1.52002,1.88,2.55
2013.01.31 20:23:22.939,1.51969,1.51993,1.35,1.17
2013.01.31 20:23:23.120,1.51969,1.51994,1.88,1.28
2013.01.31 20:23:23.659,1.51967,1.51996,1.73,1.05
2013.01.31 20:23:23.959,1.51967,1.51997,1.73,1.05
2013.01.31 20:23:24.770,1.51966,1.51997,2.48,1.05
2013.01.31 20:23:30.229,1.51966,1.51997,3.23,1.05
2013.01.31 20:23:31.710,1.51966,1.51995,2.48,1.73
2013.01.31 20:23:31.770,1.51963,1.51995,1.73,2.48
2013.01.31 20:23:32.725,1.51962,1.51994,1.73,1.35
2013.01.31 20:23:33.411,1.51962,1.51994,1.50,2.10
2013.01.31 20:23:33.660,1.51962,1.51994,1.50,2.10
2013.01.31 20:23:38.019,1.51962,1.51996,2.25,1.05
2013.01.31 20:23:38.079,1.51962,1.51996,2.48,1.05
2013.01.31 20:23:38.321,1.51971,1.51999,1.73,1.35
2013.01.31 20:23:38.499,1.51971,1.52003,2.22,1.50
2013.01.31 20:23:38.800,1.5197,1.52004,2.10,1.73
2013.01.31 20:23:39.111,1.51973,1.52004,1.35,1.73
2013.01.31 20:23:40.310,1.5197,1.51997,2.10,1.50
2013.01.31 20:23:43.974,1.51974,1.52003,1.13,2.48
2013.01.31 20:23:44.044,1.51971,1.52003,1.73,1.73
2013.01.31 20:23:45.119,1.51975,1.52003,2.48,1.73
2013.01.31 20:23:45.670,1.51971,1.52002,2.10,1.50
2013.01.31 20:23:45.789,1.51971,1.52002,2.10,1.73
2013.01.31 20:23:45.909,1.51971,1.52002,2.85,1.73
2013.01.31 20:23:46.041,1.51971,1.52002,2.85,1.50
2013.01.31 20:23:59.450,1.51974,1.52001,1.88,1.73
2013.01.31 20:23:59.570,1.51974,1.51999,1.88,1.73
2013.01.31 20:24:00.056,1.51974,1.52002,2.63,1.73
2013.01.31 20:24:00.129,1.51975,1.52003,1.13,1.50
2013.01.31 20:24:15.411,1.51974,1.52001,2.25,1.50
2013.01.31 20:24:17.430,1.51976,1.52004,1.50,1.73
2013.01.31 20:24:17.730,1.51976,1.52006,3.23,2.25
2013.01.31 20:24:20.719,1.51979,1.52013,2.48,3.60
2013.01.31 20:24:26.989,1.51985,1.52013,1.50,3.23
2013.01.31 20:24:27.290,1.51986,1.52015,1.73,1.05
2013.01.31 20:24:27.670,1.51986,1.52017,1.73,1.73
2013.01.31 20:24:28.656,1.5199,1.52017,1.50,1.73
2013.01.31 20:24:28.720,1.51992,1.52018,1.73,1.50
2013.01.31 20:24:29.491,1.51992,1.52016,1.73,1.50
2013.01.31 20:24:29.844,1.51992,1.52013,1.73,2.25
2013.01.31 20:24:32.960,1.51994,1.52013,1.73,2.25
2013.01.31 20:24:33.663,1.51995,1.5201,1.73,1.50
2013.01.31 20:24:40.639,1.51991,1.5201,1.73,1.50
2013.01.31 20:24:48.581,1.51991,1.5201,2.10,1.50
2013.01.31 20:24:48.762,1.51991,1.52014,1.35,1.50
2013.01.31 20:24:48.830,1.51991,1.52014,1.35,1.50
2013.01.31 20:24:49.052,1.51988,1.52011,1.88,1.73
2013.01.31 20:24:49.178,1.51988,1.52011,3.00,1.73
2013.01.31 20:24:49.247,1.51988,1.52011,3.75,1.73
2013.01.31 20:24:49.313,1.51988,1.52006,2.25,1.50
2013.01.31 20:24:49.619,1.51986,1.52006,1.73,1.50
2013.01.31 20:24:49.920,1.51991,1.52011,1.56,1.50
2013.01.31 20:24:50.100,1.51986,1.52008,3.23,1.50
2013.01.31 20:24:52.522,1.51986,1.52008,2.48,1.50
2013.01.31 20:24:56.059,1.51991,1.52012,1.25,1.50
2013.01.31 20:25:00.223,1.51992,1.52012,1.25,1.50
2013.01.31 20:25:01.230,1.51991,1.52012,1.73,1.50
2013.01.31 20:25:05.520,1.51991,1.52012,1.73,1.50
2013.01.31 20:25:05.700,1.51988,1.52008,1.73,1.50
2013.01.31 20:25:05.759,1.51988,1.52008,1.73,1.50
2013.01.31 20:25:05.879,1.51988,1.52008,1.73,1.50
2013.01.31 20:25:06.491,1.51988,1.52011,1.05,1.50
2013.01.31 20:25:08.512,1.51989,1.52008,3.00,1.50
2013.01.31 20:25:10.011,1.51986,1.52008,2.33,1.50
2013.01.31 20:25:20.441,1.51983,1.52008,2.33,1.50
2013.01.31 20:25:24.560,1.51988,1.52014,1.50,1.73
2013.01.31 20:25:34.000,1.51987,1.52017,1.50,1.73
2013.01.31 20:26:03.162,1.51991,1.52021,2.63,1.73
2013.01.31 20:26:03.281,1.51993,1.52023,1.13,1.80
2013.01.31 20:26:09.391,1.51995,1.52024,1.50,1.05
2013.01.31 20:26:09.461,1.51998,1.52024,1.13,1.05
2013.01.31 20:26:09.590,1.51998,1.52026,1.13,1.05
2013.01.31 20:26:11.211,1.51998,1.52024,1.13,1.50
2013.01.31 20:26:11.770,1.51998,1.52024,1.13,1.50
2013.01.31 20:26:13.950,1.51998,1.52025,1.50,1.50
2013.01.31 20:26:14.281,1.52,1.52026,1.50,1.73
2013.01.31 20:26:24.810,1.51998,1.52025,1.13,1.50
2013.01.31 20:26:25.333,1.52001,1.52026,1.50,1.73
2013.01.31 20:26:28.719,1.52001,1.52025,1.50,1.50
2013.01.31 20:26:29.510,1.52001,1.52028,1.50,1.73
2013.01.31 20:26:29.890,1.52001,1.52028,1.50,1.73
2013.01.31 20:26:30.211,1.51998,1.52024,1.13,1.73
2013.01.31 20:26:39.401,1.51998,1.52023,1.88,1.73
2013.01.31 20:26:39.461,1.51997,1.52023,4.88,1.73
2013.01.31 20:26:47.661,1.51999,1.52023,1.50,1.73
2013.01.31 20:26:47.961,1.52,1.52025,1.50,1.50
2013.01.31 20:26:49.811,1.51998,1.52026,1.50,1.73
2013.01.31 20:27:10.491,1.51996,1.52026,1.50,1.73
2013.01.31 20:27:10.549,1.51996,1.52026,1.50,1.73
2013.01.31 20:27:10.651,1.51992,1.52023,4.50,1.73
2013.01.31 20:27:10.969,1.51992,1.52023,4.50,1.73
2013.01.31 20:27:11.032,1.51992,1.52018,2.25,1.50
2013.01.31 20:27:11.100,1.51992,1.52018,2.25,1.73
2013.01.31 20:27:13.380,1.51987,1.52014,1.13,1.73
2013.01.31 20:27:13.503,1.51986,1.52015,1.13,1.73
2013.01.31 20:27:13.631,1.51986,1.52015,3.00,1.73
2013.01.31 20:27:14.170,1.51987,1.52015,1.50,1.73
2013.01.31 20:27:14.230,1.51987,1.52014,1.50,1.73
2013.01.31 20:27:14.741,1.51986,1.52016,2.25,1.73
2013.01.31 20:27:14.873,1.51986,1.52016,3.00,1.73
2013.01.31 20:27:16.220,1.51989,1.52019,1.50,1.73
2013.01.31 20:27:16.943,1.5199,1.52019,1.13,1.73
2013.01.31 20:27:20.148,1.51991,1.52019,1.88,1.73
2013.01.31 20:27:29.551,1.51995,1.52024,2.25,1.34
2013.01.31 20:27:31.899,1.51995,1.52021,1.50,1.34
2013.01.31 20:27:32.668,1.51998,1.52021,1.50,1.34
2013.01.31 20:27:34.340,1.51998,1.52021,1.88,1.34
2013.01.31 20:27:34.878,1.51998,1.52023,1.50,1.34
2013.01.31 20:27:39.445,1.51997,1.52021,1.50,1.34
2013.01.31 20:27:39.811,1.51997,1.52028,3.75,1.20
2013.01.31 20:27:40.061,1.51998,1.52028,1.50,1.20
2013.01.31 20:28:10.199,1.51995,1.52027,5.63,1.35
2013.01.31 20:28:15.160,1.51996,1.52026,3.00,2.33
2013.01.31 20:28:30.150,1.51996,1.52025,2.25,1.35
2013.01.31 20:29:30.189,1.51994,1.52024,3.00,1.35
2013.01.31 20:30:01.340,1.51995,1.52028,1.50,1.58
2013.01.31 20:30:01.834,1.52,1.52028,1.50,1.63
2013.01.31 20:30:01.961,1.52,1.52025,2.25,1.73
2013.01.31 20:30:03.520,1.51996,1.52025,1.50,1.73
2013.01.31 20:30:04.373,1.51996,1.52028,3.38,2.20
2013.01.31 20:30:04.562,1.52,1.52029,1.73,2.55
2013.01.31 20:30:04.680,1.52001,1.52028,2.63,1.80
2013.01.31 20:30:05.379,1.52,1.52029,1.50,2.05
2013.01.31 20:30:05.750,1.51996,1.52026,2.63,1.73
2013.01.31 20:30:22.070,1.51994,1.52025,1.50,1.73
2013.01.31 20:30:28.194,1.51994,1.52024,1.50,1.73
2013.01.31 20:30:28.261,1.51994,1.52019,1.50,1.35
2013.01.31 20:30:28.321,1.5199,1.52019,1.13,1.35
2013.01.31 20:30:30.142,1.51992,1.5202,1.50,1.98
2013.01.31 20:31:17.851,1.51993,1.52024,1.50,2.33
2013.01.31 20:31:17.912,1.51993,1.52024,1.50,2.33
2013.01.31 20:31:18.722,1.51993,1.5202,1.50,1.38
2013.01.31 20:31:18.911,1.51989,1.5202,1.50,1.38
2013.01.31 20:31:23.151,1.51988,1.5202,2.25,1.38
2013.01.31 20:31:23.210,1.51991,1.52024,1.50,1.71
2013.01.31 20:31:24.912,1.51991,1.52022,1.50,1.23
2013.01.31 20:31:25.650,1.51996,1.52023,1.50,1.31
2013.01.31 20:31:26.600,1.51992,1.52022,1.50,1.23
2013.01.31 20:31:30.230,1.51992,1.52022,1.50,1.23
2013.01.31 20:31:30.939,1.51997,1.52022,1.13,1.23
2013.01.31 20:31:31.000,1.52,1.52023,1.13,1.35
2013.01.31 20:31:34.320,1.51997,1.52023,1.13,1.35
2013.01.31 20:31:40.092,1.51993,1.52021,1.35,1.35
2013.01.31 20:31:40.372,1.51992,1.52024,3.60,1.35
2013.01.31 20:31:40.612,1.51996,1.52024,1.13,1.60
2013.01.31 20:31:42.512,1.51992,1.52023,1.13,1.69
2013.01.31 20:31:42.821,1.51992,1.52019,1.13,1.14
2013.01.31 20:31:42.949,1.51991,1.5202,1.13,1.14
2013.01.31 20:31:47.511,1.5199,1.52019,2.25,1.14
2013.01.31 20:31:47.632,1.51991,1.52018,2.25,1.89
2013.01.31 20:31:47.691,1.51993,1.52021,2.25,1.14
2013.01.31 20:31:47.812,1.51995,1.52026,4.50,1.41
2013.01.31 20:31:47.990,1.51996,1.52029,1.73,1.35
2013.01.31 20:31:48.716,1.51996,1.52029,2.48,1.43
2013.01.31 20:31:50.911,1.51996,1.52029,2.10,1.43
2013.01.31 20:31:51.187,1.52,1.52029,1.13,1.43
2013.01.31 20:31:54.663,1.51996,1.52029,1.13,1.43
2013.01.31 20:31:54.723,1.51996,1.52029,1.13,1.35
2013.01.31 20:31:54.852,1.51996,1.52027,2.25,1.26
2013.01.31 20:31:58.200,1.51995,1.5203,2.48,2.10
2013.01.31 20:31:59.952,1.52001,1.52033,1.50,1.26
2013.01.31 20:32:00.071,1.52001,1.52034,1.73,2.10
2013.01.31 20:32:00.130,1.52006,1.52034,1.13,2.10
2013.01.31 20:32:02.231,1.52006,1.52034,1.35,2.10
2013.01.31 20:32:17.824,1.5201,1.52034,1.13,1.35
2013.01.31 20:32:18.418,1.52007,1.52033,1.13,1.35
2013.01.31 20:32:20.202,1.52004,1.52034,2.03,2.10
2013.01.31 20:32:20.321,1.52005,1.52034,1.50,2.73
2013.01.31 20:32:20.861,1.52004,1.52034,1.50,2.73
2013.01.31 20:32:22.170,1.52004,1.52028,1.50,1.62
2013.01.31 20:32:23.040,1.52003,1.52028,1.50,3.12
2013.01.31 20:32:23.902,1.52001,1.52028,2.25,3.12
2013.01.31 20:32:24.431,1.52001,1.52028,2.25,1.58
2013.01.31 20:32:28.435,1.52001,1.52026,2.25,1.21
2013.01.31 20:32:28.562,1.52004,1.52026,2.25,1.21
2013.01.31 20:32:28.621,1.52004,1.52029,2.25,2.10
2013.01.31 20:32:28.741,1.52008,1.52028,1.50,1.61
2013.01.31 20:32:29.100,1.52001,1.52033,3.75,1.32
2013.01.31 20:32:29.641,1.52001,1.52033,2.25,1.35
2013.01.31 20:32:29.821,1.52001,1.52036,2.25,1.69
2013.01.31 20:32:39.660,1.52001,1.52034,3.75,1.69
2013.01.31 20:32:40.081,1.52001,1.52029,3.75,1.35
2013.01.31 20:32:42.341,1.51998,1.52029,2.25,1.35
2013.01.31 20:32:42.401,1.51998,1.52028,1.13,1.35
2013.01.31 20:32:42.521,1.51998,1.52028,1.35,1.35
2013.01.31 20:32:43.433,1.51999,1.52028,2.48,1.35
2013.01.31 20:32:43.501,1.51999,1.52028,2.25,1.35
2013.01.31 20:32:51.571,1.51994,1.52028,2.48,1.35
2013.01.31 20:32:54.120,1.51994,1.52027,2.25,1.92
2013.01.31 20:32:56.241,1.51988,1.52018,2.25,1.65
2013.01.31 20:32:59.375,1.51985,1.52018,2.48,2.40
2013.01.31 20:33:02.752,1.51982,1.52013,3.38,1.29
2013.01.31 20:33:03.291,1.51978,1.52008,2.25,1.34
2013.01.31 20:33:08.451,1.51975,1.52004,2.25,1.34
2013.01.31 20:33:08.571,1.51975,1.52003,2.25,1.56
2013.01.31 20:33:08.793,1.51975,1.51999,1.50,1.56
2013.01.31 20:33:08.922,1.51975,1.52003,2.25,1.32
2013.01.31 20:33:09.042,1.51975,1.52003,2.25,1.32
2013.01.31 20:33:09.641,1.51975,1.52003,2.25,1.32
2013.01.31 20:33:10.153,1.51975,1.52002,2.25,1.20
2013.01.31 20:33:10.651,1.51975,1.52002,1.50,1.20
2013.01.31 20:33:10.830,1.51975,1.51998,1.50,1.20
2013.01.31 20:33:11.592,1.51975,1.52004,3.00,1.29
2013.01.31 20:33:11.900,1.51975,1.51999,3.00,1.27
2013.01.31 20:33:12.211,1.51968,1.51994,1.88,1.29
2013.01.31 20:33:12.512,1.51968,1.51994,1.50,1.96
2013.01.31 20:33:12.571,1.51966,1.51994,2.25,1.96
2013.01.31 20:33:12.943,1.51966,1.51998,2.25,2.22
2013.01.31 20:33:13.481,1.51966,1.51988,1.50,1.23
2013.01.31 20:33:13.790,1.51963,1.51988,3.00,1.23
2013.01.31 20:33:14.571,1.51963,1.51996,3.00,1.35
2013.01.31 20:33:15.262,1.51964,1.51996,1.50,1.35
2013.01.31 20:33:15.452,1.51964,1.51997,2.25,1.08
2013.01.31 20:33:15.800,1.51963,1.51994,2.25,1.36
2013.01.31 20:33:19.470,1.51964,1.51993,1.50,1.36
2013.01.31 20:33:19.671,1.51967,1.52001,1.73,1.27
2013.01.31 20:33:20.210,1.51971,1.52001,1.13,1.27
2013.01.31 20:33:20.634,1.51976,1.52001,1.50,1.27
2013.01.31 20:33:21.302,1.51976,1.52003,2.25,1.35
2013.01.31 20:33:22.752,1.51976,1.52001,1.50,1.27
2013.01.31 20:33:23.091,1.51972,1.51997,1.50,1.27
2013.01.31 20:33:23.640,1.51973,1.51997,1.50,1.27
2013.01.31 20:33:24.000,1.51972,1.51998,2.25,1.27
2013.01.31 20:33:24.060,1.51972,1.52003,2.25,1.80
2013.01.31 20:33:24.180,1.51972,1.52003,2.25,1.80
2013.01.31 20:33:24.639,1.51972,1.51996,2.25,1.54
2013.01.31 20:33:25.713,1.51972,1.51996,1.50,1.54
2013.01.31 20:33:26.402,1.51972,1.52002,1.50,1.05
2013.01.31 20:33:26.462,1.51974,1.52002,1.50,1.05
2013.01.31 20:33:26.972,1.51973,1.52004,3.00,1.50
2013.01.31 20:33:27.499,1.51976,1.52004,1.50,2.85
2013.01.31 20:33:27.800,1.51978,1.52009,3.75,1.88
2013.01.31 20:33:30.612,1.51981,1.52008,1.50,1.17
2013.01.31 20:33:30.730,1.51981,1.52009,1.50,1.13
2013.01.31 20:33:31.496,1.51981,1.52009,1.50,1.69
2013.01.31 20:33:32.161,1.51978,1.52007,2.25,1.13
2013.01.31 20:33:32.501,1.51976,1.52006,2.25,1.56
2013.01.31 20:33:32.860,1.51976,1.52003,2.25,1.23
2013.01.31 20:33:33.271,1.51979,1.52008,1.50,1.23
2013.01.31 20:33:33.331,1.5198,1.52008,1.50,1.25
2013.01.31 20:33:33.390,1.5198,1.52013,2.25,1.70
2013.01.31 20:33:35.075,1.5198,1.52013,3.00,1.32
2013.01.31 20:33:35.321,1.51984,1.52013,2.25,1.05
2013.01.31 20:33:35.503,1.51984,1.52022,1.88,3.72
2013.01.31 20:33:36.051,1.51985,1.52021,1.73,1.73
2013.01.31 20:33:36.291,1.51985,1.52021,1.73,1.73
2013.01.31 20:33:36.500,1.51987,1.52021,1.05,1.73
2013.01.31 20:33:40.036,1.51991,1.52022,1.50,1.73
2013.01.31 20:33:40.235,1.51991,1.52022,1.50,1.73
2013.01.31 20:33:44.551,1.51988,1.52018,2.25,1.73
2013.01.31 20:34:01.432,1.51981,1.52001,1.05,1.50
2013.01.31 20:34:01.612,1.51976,1.52001,1.50,1.73
2013.01.31 20:34:01.671,1.51976,1.51999,1.50,1.27
2013.01.31 20:34:01.732,1.51973,1.51999,2.63,1.27
2013.01.31 20:34:07.857,1.51973,1.52001,2.25,1.65
2013.01.31 20:34:12.461,1.51973,1.52001,2.25,1.27
2013.01.31 20:34:12.581,1.51973,1.52003,2.25,1.73
2013.01.31 20:34:43.784,1.5197,1.52004,1.50,1.25
2013.01.31 20:34:43.911,1.5197,1.51998,1.50,1.73
2013.01.31 20:34:44.205,1.5197,1.51998,1.73,1.73
2013.01.31 20:34:44.392,1.5197,1.52,1.50,1.73
2013.01.31 20:34:46.132,1.5197,1.51996,1.50,1.36
2013.01.31 20:34:46.493,1.51967,1.51996,1.13,1.36
2013.01.31 20:34:46.740,1.51966,1.51993,1.13,1.73
2013.01.31 20:34:48.142,1.51966,1.51989,1.13,1.73
2013.01.31 20:34:49.178,1.51963,1.51994,3.38,1.73
2013.01.31 20:34:49.993,1.51963,1.51989,2.63,1.73
2013.01.31 20:34:50.078,1.51965,1.51993,1.50,1.73
2013.01.31 20:34:50.615,1.51965,1.51992,1.50,1.73
2013.01.31 20:34:51.083,1.51965,1.51993,1.50,1.73
2013.01.31 20:34:52.222,1.51965,1.51992,1.50,1.73
2013.01.31 20:34:52.780,1.51965,1.51991,1.73,1.73
2013.01.31 20:34:53.440,1.51965,1.51994,1.73,1.73
2013.01.31 20:35:01.201,1.51966,1.51993,1.35,2.33
2013.01.31 20:35:01.261,1.51966,1.51989,1.13,1.35
2013.01.31 20:35:01.503,1.51967,1.51993,1.35,1.13
2013.01.31 20:35:01.681,1.51967,1.51993,2.48,2.25
2013.01.31 20:35:02.631,1.51971,1.52002,2.63,1.50
2013.01.31 20:35:03.920,1.51976,1.52002,1.13,1.32
2013.01.31 20:35:03.980,1.51976,1.52004,1.35,1.35
2013.01.31 20:35:08.131,1.51975,1.52007,2.85,1.80
2013.01.31 20:35:09.561,1.51975,1.52007,3.60,1.05
2013.01.31 20:35:09.832,1.51975,1.52007,3.60,1.05
2013.01.31 20:35:10.500,1.51977,1.52007,1.35,1.05
2013.01.31 20:35:10.942,1.51981,1.52008,1.35,1.05
2013.01.31 20:35:11.063,1.51981,1.52011,1.13,5.25
2013.01.31 20:35:11.751,1.51976,1.52011,1.35,5.25
2013.01.31 20:35:12.260,1.51981,1.5201,1.13,5.25
2013.01.31 20:35:13.270,1.5198,1.52011,1.13,5.25
2013.01.31 20:35:13.961,1.5198,1.52009,1.13,1.50
2013.01.31 20:35:14.603,1.51981,1.52009,1.50,2.25
2013.01.31 20:35:17.200,1.51982,1.52009,1.13,1.50
2013.01.31 20:35:17.261,1.51987,1.5201,1.50,1.50
2013.01.31 20:35:17.380,1.51987,1.52009,1.50,1.50
2013.01.31 20:35:17.983,1.51987,1.52012,3.00,1.50
2013.01.31 20:35:18.982,1.51985,1.52012,2.48,1.50
2013.01.31 20:35:19.600,1.51985,1.52013,2.25,2.48
2013.01.31 20:35:19.674,1.51986,1.52013,1.50,1.73
2013.01.31 20:35:20.182,1.51985,1.52013,2.63,1.73
2013.01.31 20:35:21.671,1.51985,1.52013,3.60,1.50
2013.01.31 20:35:22.193,1.51986,1.52013,1.73,1.50
2013.01.31 20:35:22.661,1.51987,1.52013,2.48,1.50
2013.01.31 20:35:22.861,1.51987,1.52013,2.48,1.50
2013.01.31 20:35:23.311,1.51988,1.52013,1.73,1.50
2013.01.31 20:35:23.491,1.51987,1.52013,1.73,1.50
2013.01.31 20:35:24.031,1.51987,1.52013,1.73,1.50
2013.01.31 20:35:24.211,1.51987,1.52013,2.85,1.50
2013.01.31 20:35:24.401,1.51987,1.52013,2.85,1.50
2013.01.31 20:35:24.590,1.51988,1.52013,2.48,1.50
2013.01.31 20:35:24.955,1.51987,1.52013,1.35,1.50
2013.01.31 20:35:25.201,1.51987,1.52013,1.35,1.50
2013.01.31 20:35:25.380,1.51987,1.52013,1.35,1.50
2013.01.31 20:35:25.741,1.51987,1.52013,3.23,1.50
2013.01.31 20:35:25.920,1.51988,1.52013,2.10,1.50
2013.01.31 20:35:26.770,1.51989,1.52013,1.50,1.50
2013.01.31 20:35:30.091,1.51989,1.52013,2.63,1.50
2013.01.31 20:35:30.641,1.51988,1.52018,3.23,1.80
2013.01.31 20:35:30.702,1.51988,1.52018,3.23,1.80
2013.01.31 20:35:31.101,1.51988,1.52013,2.48,1.73
2013.01.31 20:35:32.370,1.51988,1.52013,2.25,1.73
2013.01.31 20:35:35.921,1.5199,1.52014,1.13,1.73
2013.01.31 20:35:36.241,1.51991,1.52021,1.35,1.73
2013.01.31 20:35:38.374,1.51991,1.52021,2.48,1.73
2013.01.31 20:35:39.376,1.51995,1.52021,1.73,1.73
2013.01.31 20:35:40.903,1.51995,1.52021,2.48,1.73
2013.01.31 20:35:41.351,1.52,1.52023,1.35,1.73
2013.01.31 20:35:41.532,1.52003,1.52028,1.73,1.73
2013.01.31 20:35:42.141,1.52004,1.52029,1.50,1.73
2013.01.31 20:35:42.739,1.52001,1.5203,2.85,1.73
2013.01.31 20:35:43.184,1.52003,1.52033,1.35,1.05
2013.01.31 20:35:46.133,1.52002,1.5203,1.35,1.73
2013.01.31 20:35:50.590,1.52002,1.5203,1.35,1.73
2013.01.31 20:35:50.651,1.52006,1.5203,1.73,1.50
2013.01.31 20:35:51.710,1.52011,1.52041,1.50,1.95
2013.01.31 20:35:52.122,1.52011,1.52041,2.25,1.95
2013.01.31 20:35:56.384,1.52012,1.52042,1.13,1.35
2013.01.31 20:35:58.123,1.52012,1.52042,1.13,1.35
2013.01.31 20:35:58.251,1.52012,1.52042,1.35,1.35
2013.01.31 20:35:59.231,1.52012,1.52045,1.35,2.48
2013.01.31 20:35:59.483,1.52016,1.52049,2.10,4.35
2013.01.31 20:36:00.352,1.52017,1.52048,3.60,1.35
2013.01.31 20:36:05.101,1.52017,1.52048,1.35,1.73
2013.01.31 20:36:06.781,1.52019,1.52048,2.85,1.73
2013.01.31 20:36:11.426,1.52019,1.52048,1.50,2.02
2013.01.31 20:36:19.822,1.52017,1.52048,1.50,2.02
2013.01.31 20:36:28.099,1.52018,1.52048,2.25,1.27
2013.01.31 20:36:28.221,1.52018,1.5205,2.25,1.36
2013.01.31 20:36:29.201,1.52022,1.5205,1.13,1.36
2013.01.31 20:36:30.204,1.52017,1.5205,1.50,1.36
2013.01.31 20:36:30.631,1.52022,1.52049,1.50,1.73
2013.01.31 20:36:30.752,1.52018,1.52049,3.75,1.73
2013.01.31 20:36:31.311,1.52019,1.52048,1.13,1.73
2013.01.31 20:36:31.523,1.52025,1.52049,1.13,1.73
2013.01.31 20:36:32.943,1.52021,1.5205,1.13,1.73
2013.01.31 20:36:33.574,1.52021,1.5205,1.13,1.73
2013.01.31 20:36:34.141,1.52026,1.52053,1.13,1.61
2013.01.31 20:36:34.711,1.52024,1.52053,3.38,1.45
2013.01.31 20:36:49.883,1.52027,1.52053,4.13,1.45
2013.01.31 20:36:50.001,1.52032,1.52057,1.13,2.13
2013.01.31 20:36:50.321,1.52032,1.52057,1.13,1.73
2013.01.31 20:36:50.441,1.52031,1.52051,1.50,1.73
2013.01.31 20:36:50.702,1.52026,1.52052,1.88,1.73
2013.01.31 20:36:51.850,1.52027,1.52051,1.13,1.73
2013.01.31 20:36:52.421,1.52023,1.5205,2.25,1.73
2013.01.31 20:36:54.772,1.52027,1.5205,1.50,1.73
2013.01.31 20:36:55.463,1.52027,1.5205,1.50,1.50
2013.01.31 20:36:55.531,1.52027,1.52053,2.25,2.48
2013.01.31 20:36:55.851,1.52027,1.52054,2.25,1.73
2013.01.31 20:36:56.335,1.52027,1.52054,2.25,2.48
2013.01.31 20:36:56.410,1.52026,1.52051,1.88,1.73
2013.01.31 20:36:57.112,1.52026,1.52053,1.13,1.73
2013.01.31 20:36:57.462,1.52029,1.52053,1.50,1.73
2013.01.31 20:36:57.812,1.52032,1.52055,1.50,1.59
2013.01.31 20:36:57.942,1.52032,1.52056,1.50,1.73
2013.01.31 20:36:58.772,1.52035,1.52056,1.50,1.73
2013.01.31 20:36:59.132,1.52033,1.52056,1.50,1.73
2013.01.31 20:36:59.537,1.52031,1.52056,2.85,2.48
2013.01.31 20:36:59.602,1.52033,1.52056,1.50,2.48
2013.01.31 20:37:00.134,1.52034,1.52057,1.50,1.73
2013.01.31 20:37:00.661,1.52035,1.52056,1.50,2.48
2013.01.31 20:37:01.193,1.52034,1.52055,2.25,1.73
2013.01.31 20:37:01.521,1.52034,1.5206,2.25,1.05
2013.01.31 20:37:01.871,1.52034,1.52058,1.50,1.73
2013.01.31 20:37:02.133,1.52032,1.52058,2.25,1.73
2013.01.31 20:37:02.191,1.52034,1.52055,1.50,1.73
2013.01.31 20:37:02.624,1.52031,1.52054,1.50,1.73
2013.01.31 20:37:02.693,1.52035,1.52054,1.50,1.73
2013.01.31 20:37:03.028,1.52035,1.52054,1.50,1.73
2013.01.31 20:37:03.345,1.52028,1.52049,1.50,1.50
2013.01.31 20:37:03.412,1.52025,1.52049,1.50,1.50
2013.01.31 20:37:03.952,1.52024,1.52046,1.50,1.50
2013.01.31 20:37:04.547,1.52024,1.52049,1.50,1.50
2013.01.31 20:37:04.614,1.52024,1.52049,1.73,1.50
2013.01.31 20:37:04.921,1.52025,1.52046,1.73,1.50
2013.01.31 20:37:05.614,1.52025,1.52049,2.48,1.50
2013.01.31 20:37:09.352,1.52023,1.5205,2.10,1.50
2013.01.31 20:37:09.544,1.52027,1.5205,1.35,1.50
2013.01.31 20:37:19.400,1.52031,1.52053,1.35,1.50
2013.01.31 20:37:19.979,1.52031,1.52055,1.35,1.50
2013.01.31 20:37:24.592,1.52027,1.52054,1.39,1.50
2013.01.31 20:37:24.904,1.52025,1.52054,2.85,1.50
2013.01.31 20:37:25.541,1.52026,1.52054,1.35,1.50
2013.01.31 20:37:25.602,1.52026,1.52054,1.35,1.73
2013.01.31 20:37:25.723,1.52022,1.52053,1.35,1.73
2013.01.31 20:37:26.252,1.52024,1.52058,2.10,1.05
2013.01.31 20:37:26.394,1.52024,1.52058,2.85,1.05
2013.01.31 20:37:26.462,1.52026,1.5206,1.34,1.05
2013.01.31 20:37:26.822,1.52025,1.52058,4.35,1.73
2013.01.31 20:37:27.120,1.52024,1.52058,2.85,1.73
2013.01.31 20:37:28.555,1.52021,1.52054,1.35,1.73
2013.01.31 20:37:30.733,1.52021,1.52054,1.35,1.73
2013.01.31 20:37:30.812,1.52021,1.52054,1.35,1.73
2013.01.31 20:37:31.321,1.52021,1.52054,1.35,1.73
2013.01.31 20:37:32.411,1.52026,1.52054,1.35,1.73
2013.01.31 20:37:32.721,1.52026,1.52054,1.35,1.50
2013.01.31 20:37:40.216,1.52026,1.52054,1.32,1.50
2013.01.31 20:37:40.903,1.52027,1.52056,1.69,1.50
2013.01.31 20:37:41.023,1.52027,1.52056,1.69,1.50
2013.01.31 20:37:41.521,1.5203,1.52056,1.35,1.50
2013.01.31 20:37:41.641,1.5203,1.52056,1.35,1.50
2013.01.31 20:37:41.883,1.52028,1.52056,1.32,1.50
2013.01.31 20:37:42.071,1.52028,1.52056,1.32,1.50
2013.01.31 20:37:42.861,1.52028,1.52056,1.32,1.50
2013.01.31 20:37:48.842,1.52028,1.52056,1.32,1.50
2013.01.31 20:37:49.222,1.52028,1.52056,1.32,2.25
2013.01.31 20:37:59.961,1.52028,1.52056,1.32,2.25
2013.01.31 20:38:00.081,1.52027,1.52053,1.32,1.50
2013.01.31 20:38:00.430,1.52028,1.52057,1.32,1.50
2013.01.31 20:38:01.205,1.52028,1.52057,1.32,1.50
2013.01.31 20:38:01.461,1.52025,1.52056,1.73,1.50
2013.01.31 20:38:01.982,1.52028,1.52056,1.17,1.50
2013.01.31 20:38:03.822,1.52028,1.52057,1.17,1.50
2013.01.31 20:38:03.942,1.52028,1.52058,1.17,1.73
2013.01.31 20:38:04.002,1.52028,1.52058,1.17,1.73
2013.01.31 20:38:04.198,1.52028,1.52058,1.17,1.73
2013.01.31 20:38:04.561,1.52028,1.52058,1.17,3.00
2013.01.31 20:38:04.923,1.52028,1.52058,1.17,1.50
2013.01.31 20:38:05.641,1.52028,1.52058,1.17,1.50
2013.01.31 20:38:06.711,1.52027,1.52058,1.54,1.67
2013.01.31 20:38:07.212,1.52028,1.52058,1.92,1.67
2013.01.31 20:38:07.455,1.52028,1.52058,1.17,1.67
2013.01.31 20:38:08.140,1.52025,1.52058,2.10,1.50
2013.01.31 20:38:13.132,1.52026,1.52058,1.35,1.50
2013.01.31 20:38:13.581,1.52036,1.52058,4.13,1.50
2013.01.31 20:38:14.191,1.52031,1.52058,1.35,1.50
2013.01.31 20:38:14.863,1.52031,1.52058,1.35,1.50
2013.01.31 20:38:15.310,1.52025,1.52058,2.85,1.50
2013.01.31 20:38:15.864,1.52031,1.52058,1.35,1.50
2013.01.31 20:38:20.700,1.52031,1.52058,1.35,1.50
2013.01.31 20:38:20.763,1.52031,1.52058,1.35,1.50
2013.01.31 20:38:20.881,1.52031,1.52058,1.35,2.25
2013.01.31 20:38:21.191,1.52026,1.52054,1.35,1.50
2013.01.31 20:38:26.272,1.52029,1.52058,1.35,2.25
2013.01.31 20:38:34.861,1.52028,1.5206,1.35,1.73
2013.01.31 20:38:35.462,1.52028,1.5206,1.35,1.50
2013.01.31 20:38:37.881,1.52028,1.5206,1.35,1.50
2013.01.31 20:38:38.448,1.52027,1.5206,1.94,1.50
2013.01.31 20:38:38.752,1.5203,1.52059,1.35,1.50
2013.01.31 20:38:38.991,1.52031,1.52059,1.41,1.50
2013.01.31 20:38:39.231,1.52031,1.5206,1.35,1.50
2013.01.31 20:38:39.780,1.52032,1.5206,1.35,2.25
2013.01.31 20:38:47.243,1.52031,1.52061,2.10,1.50
2013.01.31 20:38:47.494,1.52032,1.52061,1.43,1.50
2013.01.31 20:38:47.634,1.52031,1.52061,2.10,1.50
2013.01.31 20:38:47.813,1.52031,1.5206,2.10,1.50
2013.01.31 20:38:50.347,1.52032,1.52064,1.35,1.58
2013.01.31 20:38:50.413,1.52033,1.52066,1.29,4.58
2013.01.31 20:38:50.592,1.52034,1.52066,1.35,3.83
2013.01.31 20:38:51.121,1.52036,1.52066,1.35,2.33
2013.01.31 20:38:53.101,1.52036,1.52064,1.35,1.58
2013.01.31 20:38:53.161,1.52036,1.52064,1.35,1.58
2013.01.31 20:38:53.221,1.52032,1.52061,1.35,1.50
2013.01.31 20:38:59.731,1.52032,1.52061,1.35,1.50
2013.01.31 20:39:00.284,1.52032,1.52059,1.35,1.50
2013.01.31 20:39:05.990,1.52036,1.52061,1.35,1.50
2013.01.31 20:39:06.050,1.52036,1.52062,1.35,1.58
2013.01.31 20:39:06.282,1.52037,1.52062,1.35,1.58
2013.01.31 20:39:06.591,1.52047,1.52064,1.13,1.50
2013.01.31 20:39:07.632,1.52043,1.5207,1.50,1.73
2013.01.31 20:39:07.693,1.52043,1.52072,1.73,1.13
2013.01.31 20:39:07.765,1.52043,1.52072,1.73,1.13
2013.01.31 20:39:08.011,1.52048,1.52074,1.35,3.00
2013.01.31 20:39:08.072,1.52048,1.52074,1.35,3.75
2013.01.31 20:39:08.882,1.52047,1.5207,1.73,1.50
2013.01.31 20:39:09.701,1.52046,1.5207,1.25,1.50
2013.01.31 20:39:10.202,1.52046,1.52071,1.25,2.25
2013.01.31 20:39:15.431,1.52046,1.52075,1.25,1.50
2013.01.31 20:39:17.163,1.52046,1.52075,1.25,1.50
2013.01.31 20:39:20.132,1.52051,1.52074,1.13,1.73
2013.01.31 20:39:20.907,1.52051,1.52074,1.13,1.73
2013.01.31 20:39:22.171,1.52051,1.52075,1.13,2.48
2013.01.31 20:39:23.361,1.52046,1.52074,1.13,1.73
2013.01.31 20:39:24.326,1.52047,1.52075,1.13,2.48
2013.01.31 20:39:29.282,1.52046,1.52075,1.13,2.48
2013.01.31 20:39:29.838,1.52047,1.52073,1.13,1.73
2013.01.31 20:39:37.421,1.52047,1.52074,1.13,1.73
2013.01.31 20:39:37.481,1.52047,1.52072,1.13,1.73
2013.01.31 20:39:37.660,1.52047,1.5207,1.13,1.73
2013.01.31 20:39:38.016,1.52047,1.5207,1.13,1.73
2013.01.31 20:39:38.870,1.52047,1.52071,1.13,1.73
2013.01.31 20:39:40.320,1.52047,1.52072,2.63,1.73
2013.01.31 20:39:40.713,1.52047,1.52072,2.63,1.73
2013.01.31 20:39:43.690,1.52047,1.52073,2.63,1.73
2013.01.31 20:39:46.012,1.52047,1.52072,1.50,1.36
2013.01.31 20:39:46.251,1.52047,1.52071,1.88,1.73
2013.01.31 20:39:46.312,1.52047,1.52074,1.88,2.48
2013.01.31 20:39:46.441,1.52051,1.52075,1.13,1.61
2013.01.31 20:39:46.502,1.52051,1.52077,1.13,1.80
2013.01.31 20:39:46.801,1.52052,1.52074,1.13,2.38
2013.01.31 20:39:46.881,1.52052,1.52074,1.13,2.38
2013.01.31 20:39:50.920,1.52052,1.52074,1.13,2.38
2013.01.31 20:39:55.831,1.52052,1.52074,2.63,1.63
2013.01.31 20:39:56.463,1.52052,1.52077,2.63,1.63
2013.01.31 20:39:57.841,1.52056,1.5208,1.13,1.63
2013.01.31 20:39:57.900,1.52056,1.52082,1.13,4.59
2013.01.31 20:39:57.967,1.52061,1.52082,1.13,4.59
2013.01.31 20:39:58.270,1.52056,1.52074,6.23,1.47
2013.01.31 20:39:58.332,1.52056,1.52074,4.50,1.47
2013.01.31 20:39:58.760,1.52057,1.52078,1.13,1.47
2013.01.31 20:39:58.821,1.52057,1.52082,1.13,1.54
2013.01.31 20:40:00.132,1.52057,1.5208,1.13,1.73
2013.01.31 20:40:00.250,1.52057,1.5208,1.13,1.73
2013.01.31 20:40:00.431,1.52054,1.52077,1.88,1.50
2013.01.31 20:40:00.562,1.52054,1.52074,1.88,1.50
2013.01.31 20:40:01.642,1.52055,1.52074,1.13,1.50
2013.01.31 20:40:01.980,1.52054,1.52074,1.88,1.50
2013.01.31 20:40:02.634,1.52052,1.52073,1.13,1.73
2013.01.31 20:40:14.310,1.52051,1.52073,1.13,1.73
2013.01.31 20:40:14.431,1.52052,1.52069,1.13,1.47
2013.01.31 20:40:14.852,1.52051,1.52068,1.13,1.73
2013.01.31 20:40:15.470,1.52051,1.52068,1.13,1.73
2013.01.31 20:40:16.395,1.52047,1.52068,1.13,1.50
2013.01.31 20:40:17.450,1.52049,1.52068,1.13,1.73
2013.01.31 20:40:22.903,1.52046,1.52068,1.13,1.73
2013.01.31 20:40:30.085,1.52046,1.52068,1.13,1.73
2013.01.31 20:40:32.642,1.52049,1.52068,1.13,1.50
2013.01.31 20:40:37.332,1.52046,1.52069,1.13,1.73
2013.01.31 20:40:54.140,1.52046,1.52069,1.13,1.73
2013.01.31 20:40:54.320,1.52046,1.52073,1.35,1.73
2013.01.31 20:40:54.500,1.52046,1.52073,1.35,1.73
2013.01.31 20:40:55.693,1.52048,1.52074,1.88,2.48
2013.01.31 20:40:57.540,1.52048,1.52071,1.88,1.73
2013.01.31 20:40:57.841,1.52048,1.5207,1.88,1.50
2013.01.31 20:40:58.201,1.52046,1.52061,1.13,1.50
2013.01.31 20:40:58.260,1.52043,1.52061,1.88,1.50
2013.01.31 20:40:58.511,1.52043,1.5206,2.25,1.73
2013.01.31 20:40:59.111,1.52043,1.52059,1.88,1.73
2013.01.31 20:41:02.063,1.52043,1.52059,1.13,1.73
2013.01.31 20:41:02.943,1.52041,1.52059,1.13,1.73
2013.01.31 20:41:03.211,1.52041,1.52061,1.13,1.73
2013.01.31 20:41:03.271,1.5204,1.52066,4.13,1.73
2013.01.31 20:41:03.630,1.52041,1.52065,1.13,1.73
2013.01.31 20:41:03.961,1.52042,1.52061,1.13,1.73
2013.01.31 20:41:04.140,1.52041,1.52059,2.63,1.73
2013.01.31 20:41:06.353,1.52041,1.52059,2.63,1.73
2013.01.31 20:41:06.501,1.52043,1.52061,1.13,1.73
2013.01.31 20:41:06.631,1.52043,1.52063,1.13,1.73
2013.01.31 20:41:06.692,1.52041,1.52063,1.13,1.73
2013.01.31 20:41:06.763,1.52041,1.52059,2.63,1.73
2013.01.31 20:41:07.123,1.5204,1.5206,2.63,1.73
2013.01.31 20:41:07.242,1.5204,1.52062,2.63,1.73
2013.01.31 20:41:07.360,1.52041,1.52062,1.13,1.73
2013.01.31 20:41:07.482,1.52041,1.5206,1.13,1.73
2013.01.31 20:41:07.540,1.5204,1.5206,2.63,1.73
2013.01.31 20:41:07.720,1.5204,1.5206,1.13,1.73
2013.01.31 20:41:07.892,1.52041,1.52062,1.13,1.73
2013.01.31 20:41:07.951,1.52041,1.52062,1.13,2.03
2013.01.31 20:41:08.285,1.52044,1.52062,1.13,2.03
2013.01.31 20:41:08.351,1.5204,1.52062,1.13,1.73
2013.01.31 20:41:08.472,1.52041,1.52062,1.13,1.73
2013.01.31 20:41:08.591,1.52041,1.52059,1.13,1.73
2013.01.31 20:41:08.711,1.52044,1.52059,1.13,1.73
2013.01.31 20:41:08.891,1.52042,1.52062,1.13,1.73
2013.01.31 20:41:09.011,1.52042,1.52061,1.13,1.73
2013.01.31 20:41:09.250,1.5204,1.5206,1.88,1.73
2013.01.31 20:41:09.370,1.5204,1.52063,1.88,1.73
2013.01.31 20:41:09.431,1.52042,1.5206,1.13,1.73
2013.01.31 20:41:09.671,1.52043,1.5206,1.13,1.73
2013.01.31 20:41:09.911,1.52041,1.52061,1.13,1.73
2013.01.31 20:41:10.037,1.52041,1.52059,1.13,1.73
2013.01.31 20:41:10.221,1.52044,1.52059,1.13,1.50
2013.01.31 20:41:10.341,1.52041,1.52061,1.13,1.73
2013.01.31 20:41:11.161,1.52038,1.52059,1.88,1.73
2013.01.31 20:41:11.221,1.52042,1.52059,1.13,1.73
2013.01.31 20:41:11.281,1.5204,1.52063,1.13,1.73
2013.01.31 20:41:11.341,1.5204,1.52063,1.13,1.73
2013.01.31 20:41:11.401,1.52038,1.52063,1.88,2.78
2013.01.31 20:41:11.461,1.52038,1.5206,1.88,1.73
2013.01.31 20:41:11.772,1.5204,1.52061,1.13,1.73
2013.01.31 20:41:11.891,1.52038,1.52062,1.88,1.95
2013.01.31 20:41:12.130,1.52038,1.52062,1.88,2.70
2013.01.31 20:41:12.191,1.5204,1.52062,1.13,1.73
2013.01.31 20:41:12.552,1.52038,1.52059,1.88,1.73
2013.01.31 20:41:12.671,1.52042,1.52059,1.13,1.73
2013.01.31 20:41:12.791,1.52041,1.52061,1.13,2.10
2013.01.31 20:41:12.850,1.52038,1.52062,1.88,1.73
2013.01.31 20:41:13.161,1.52038,1.5206,1.88,1.73
2013.01.31 20:41:13.281,1.52041,1.52061,1.13,1.73
2013.01.31 20:41:13.400,1.52038,1.52063,1.88,2.48
2013.01.31 20:41:13.760,1.5204,1.5206,1.13,1.73
2013.01.31 20:41:14.411,1.52041,1.52061,1.13,1.73
2013.01.31 20:41:14.651,1.52042,1.5206,1.13,1.73
2013.01.31 20:41:14.770,1.52041,1.52061,1.13,1.73
2013.01.31 20:41:14.830,1.52041,1.52061,1.13,1.73
2013.01.31 20:41:15.131,1.52038,1.5206,1.88,1.73
2013.01.31 20:41:15.191,1.52038,1.5206,1.88,1.73
2013.01.31 20:41:15.433,1.52038,1.52054,1.88,1.73
2013.01.31 20:41:15.551,1.52037,1.52052,2.25,1.50
2013.01.31 20:41:15.672,1.52033,1.52051,1.13,1.50
2013.01.31 20:41:15.971,1.52032,1.5205,2.63,1.73
2013.01.31 20:41:16.151,1.52032,1.5205,1.13,2.48
2013.01.31 20:41:16.271,1.52031,1.52051,1.13,2.48
2013.01.31 20:41:16.421,1.52031,1.52051,1.13,1.73
2013.01.31 20:41:16.600,1.52032,1.52048,1.13,1.73
2013.01.31 20:41:16.820,1.52032,1.52051,1.13,2.48
2013.01.31 20:41:17.161,1.52031,1.52048,1.13,1.73
2013.01.31 20:41:17.401,1.52031,1.5205,1.13,1.73
2013.01.31 20:41:17.580,1.52031,1.52048,1.13,1.73
2013.01.31 20:41:17.791,1.52032,1.52051,1.13,1.73
2013.01.31 20:41:18.116,1.52032,1.52047,1.13,1.73
2013.01.31 20:41:18.181,1.52032,1.52047,1.13,1.73
2013.01.31 20:41:18.360,1.52032,1.52051,1.13,1.73
2013.01.31 20:41:18.621,1.52032,1.52048,1.13,1.73
2013.01.31 20:41:18.931,1.52032,1.52049,1.13,1.73
2013.01.31 20:41:19.193,1.52032,1.5205,1.13,1.73
2013.01.31 20:41:19.442,1.52032,1.5205,1.13,1.73
2013.01.31 20:41:19.561,1.52032,1.52048,1.13,1.73
2013.01.31 20:41:19.886,1.52032,1.52048,1.13,1.73
2013.01.31 20:41:20.131,1.52032,1.52048,1.13,1.73
2013.01.31 20:41:20.371,1.52032,1.52048,1.13,1.73
2013.01.31 20:41:20.771,1.52032,1.52047,1.13,1.73
2013.01.31 20:41:20.890,1.52032,1.52051,1.13,1.73
2013.01.31 20:41:21.130,1.52032,1.52047,1.13,1.73
2013.01.31 20:41:21.190,1.52033,1.52047,1.13,1.73
2013.01.31 20:41:21.551,1.52033,1.52047,1.13,1.73
2013.01.31 20:41:21.670,1.52033,1.52047,1.13,1.73
2013.01.31 20:41:21.910,1.52033,1.52047,1.13,1.73
2013.01.31 20:41:22.090,1.52032,1.52048,1.13,1.73
2013.01.31 20:41:22.351,1.52032,1.52051,1.13,1.73
2013.01.31 20:41:22.681,1.52033,1.52047,1.13,1.73
2013.01.31 20:41:22.861,1.52032,1.52051,1.13,1.73
2013.01.31 20:41:23.090,1.52033,1.52047,1.13,1.73
2013.01.31 20:41:23.331,1.52032,1.52051,1.13,1.73
2013.01.31 20:41:23.641,1.52032,1.52048,1.13,1.73
2013.01.31 20:41:23.880,1.52032,1.52051,1.13,1.73
2013.01.31 20:41:24.120,1.52033,1.52047,1.13,1.73
2013.01.31 20:41:24.440,1.52033,1.5205,1.13,1.73
2013.01.31 20:41:24.620,1.52033,1.52047,1.13,1.73
2013.01.31 20:41:24.861,1.52033,1.5205,1.13,1.73
2013.01.31 20:41:25.443,1.52032,1.5205,1.13,1.73
2013.01.31 20:41:25.511,1.52032,1.5205,1.13,1.73
2013.01.31 20:41:25.737,1.52032,1.52051,1.13,2.48
2013.01.31 20:41:25.880,1.52032,1.52051,1.13,1.73
2013.01.31 20:41:26.002,1.52032,1.5205,1.13,1.73
2013.01.31 20:41:26.062,1.52032,1.52049,1.13,1.73
2013.01.31 20:41:26.121,1.52032,1.52047,1.50,1.73
2013.01.31 20:41:26.375,1.52029,1.5205,1.13,1.73
2013.01.31 20:41:26.621,1.5203,1.52048,1.13,1.73
2013.01.31 20:41:26.861,1.52028,1.52051,1.13,1.73
2013.01.31 20:41:27.161,1.5203,1.52048,1.13,1.73
2013.01.31 20:41:27.365,1.52025,1.52051,1.88,1.73
2013.01.31 20:41:27.611,1.52028,1.52048,1.13,1.73
2013.01.31 20:41:27.890,1.52029,1.5205,1.13,1.73
2013.01.31 20:41:28.041,1.52031,1.52055,1.13,1.73
2013.01.31 20:41:28.221,1.52033,1.52056,1.13,1.73
2013.01.31 20:41:28.280,1.52033,1.52056,1.13,2.48
2013.01.31 20:41:28.401,1.52032,1.52056,1.13,1.73
2013.01.31 20:41:28.641,1.52034,1.52059,1.13,2.48
2013.01.31 20:41:28.702,1.52032,1.52059,1.88,2.48
2013.01.31 20:41:28.821,1.52032,1.52059,1.88,1.73
2013.01.31 20:41:28.941,1.52032,1.52059,1.88,1.73
2013.01.31 20:41:29.180,1.52037,1.52056,1.13,1.73
2013.01.31 20:41:29.241,1.52037,1.52059,1.13,2.48
2013.01.31 20:41:29.371,1.52037,1.52059,1.13,1.73
2013.01.31 20:41:29.431,1.52037,1.5206,1.13,2.48
2013.01.31 20:41:29.610,1.52039,1.5206,1.13,2.78
2013.01.31 20:41:29.791,1.52034,1.5206,1.13,1.73
2013.01.31 20:41:29.971,1.52034,1.5206,1.13,1.73
2013.01.31 20:41:30.212,1.52035,1.5206,1.35,1.73
2013.01.31 20:41:30.272,1.52035,1.5206,1.35,1.73
2013.01.31 20:41:30.336,1.52035,1.5206,1.35,1.73
2013.01.31 20:41:30.402,1.52035,1.5206,1.35,1.73
2013.01.31 20:41:30.641,1.52036,1.52061,1.13,1.73
2013.01.31 20:41:30.701,1.52036,1.52061,1.13,1.73
2013.01.31 20:41:30.881,1.52036,1.52061,1.13,1.05
2013.01.31 20:41:30.941,1.52037,1.52061,1.13,1.05
2013.01.31 20:41:31.181,1.52036,1.52061,1.13,1.73
2013.01.31 20:41:31.241,1.52036,1.52061,1.13,1.73
2013.01.31 20:41:31.361,1.52036,1.5206,1.13,1.73
2013.01.31 20:41:31.421,1.52036,1.5206,1.13,1.73
2013.01.31 20:41:31.721,1.52035,1.52062,1.13,1.80
2013.01.31 20:41:32.033,1.52035,1.52061,1.13,1.73
2013.01.31 20:41:34.402,1.52036,1.52059,1.13,2.03
2013.01.31 20:41:34.941,1.5203,1.52054,1.13,1.73
2013.01.31 20:41:35.531,1.5203,1.52053,1.13,1.73
2013.01.31 20:41:35.771,1.52031,1.52047,1.13,1.50
2013.01.31 20:41:35.892,1.52022,1.52045,1.13,1.73
2013.01.31 20:41:40.070,1.52021,1.52045,1.13,1.73
2013.01.31 20:41:42.384,1.52022,1.52045,1.13,1.73
2013.01.31 20:41:45.882,1.52018,1.52045,1.35,1.73
2013.01.31 20:41:46.002,1.52018,1.52043,1.35,1.73
2013.01.31 20:42:04.661,1.52016,1.52039,1.35,2.18
2013.01.31 20:42:04.721,1.52014,1.52036,2.10,1.50
2013.01.31 20:42:04.782,1.52011,1.52036,1.13,1.73
2013.01.31 20:42:05.257,1.52012,1.52032,2.63,1.50
2013.01.31 20:42:05.328,1.52012,1.52033,2.85,1.50
2013.01.31 20:42:05.905,1.52015,1.5204,1.35,1.50
2013.01.31 20:42:10.123,1.52015,1.5204,1.35,1.50
2013.01.31 20:42:10.301,1.52016,1.52032,1.13,1.50
2013.01.31 20:42:10.600,1.52015,1.52043,1.35,1.73
2013.01.31 20:42:11.482,1.52016,1.52039,1.35,1.50
2013.01.31 20:42:12.117,1.52016,1.52037,1.13,1.73
2013.01.31 20:42:14.061,1.52013,1.52043,1.13,1.80
2013.01.31 20:42:14.202,1.52013,1.52043,1.13,2.55
2013.01.31 20:42:14.331,1.52013,1.52041,1.13,1.29
2013.01.31 20:42:15.064,1.52013,1.5204,1.13,1.56
2013.01.31 20:42:18.152,1.5201,1.5204,1.13,1.56
2013.01.31 20:42:18.293,1.52011,1.52042,1.50,2.55
2013.01.31 20:42:24.901,1.52011,1.52039,1.13,1.73
2013.01.31 20:42:24.961,1.52011,1.52035,1.13,1.25
2013.01.31 20:42:25.261,1.52008,1.52032,1.13,1.73
2013.01.31 20:42:35.266,1.52002,1.52026,1.13,1.73
2013.01.31 20:42:35.701,1.52002,1.52029,1.13,1.50
2013.01.31 20:42:36.171,1.52002,1.52026,1.13,2.48
2013.01.31 20:42:36.231,1.51999,1.52026,1.88,2.48
2013.01.31 20:42:36.591,1.51997,1.52025,1.13,1.50
2013.01.31 20:42:36.651,1.52002,1.52025,1.13,1.73
2013.01.31 20:42:36.711,1.52001,1.52025,2.25,1.73
2013.01.31 20:42:36.831,1.52,1.52027,1.50,1.73
2013.01.31 20:42:37.012,1.52001,1.52027,2.25,1.73
2013.01.31 20:42:37.321,1.52007,1.52027,1.88,1.73
2013.01.31 20:42:37.741,1.52007,1.52034,1.88,1.73
2013.01.31 20:42:38.276,1.52007,1.52034,1.88,1.73
2013.01.31 20:42:38.400,1.52007,1.52034,1.88,1.73
2013.01.31 20:42:39.392,1.52007,1.52034,1.88,1.73
2013.01.31 20:42:40.395,1.52007,1.52034,1.88,1.73
2013.01.31 20:42:41.371,1.52021,1.52034,1.13,1.73
2013.01.31 20:42:41.611,1.52026,1.52044,1.50,3.08
2013.01.31 20:42:41.671,1.52025,1.52053,1.13,1.98
2013.01.31 20:42:41.791,1.52026,1.52056,3.38,1.73
2013.01.31 20:42:41.850,1.52032,1.52056,1.13,1.73
2013.01.31 20:42:41.971,1.52032,1.52056,1.13,1.36
2013.01.31 20:42:42.561,1.52032,1.52058,1.13,1.36
2013.01.31 20:42:43.052,1.52028,1.52053,1.13,1.36
2013.01.31 20:42:43.111,1.52028,1.52056,1.13,1.38
2013.01.31 20:42:44.487,1.52029,1.52056,1.13,1.38
2013.01.31 20:42:48.151,1.52029,1.52053,1.13,1.45
2013.01.31 20:42:48.483,1.52027,1.52053,1.88,1.45
2013.01.31 20:42:54.583,1.52027,1.52055,1.50,1.29
2013.01.31 20:42:54.892,1.52026,1.52053,1.88,1.52
2013.01.31 20:42:55.781,1.52026,1.52059,1.13,2.89
2013.01.31 20:42:56.101,1.52026,1.52059,1.13,1.32
2013.01.31 20:42:56.711,1.52026,1.52059,1.13,1.32
2013.01.31 20:42:56.911,1.52026,1.52061,1.13,1.27
2013.01.31 20:43:00.650,1.52031,1.52061,1.13,1.27
2013.01.31 20:43:01.851,1.52031,1.5206,1.13,1.73
2013.01.31 20:43:02.031,1.52031,1.52062,1.13,5.48
2013.01.31 20:43:02.152,1.52031,1.52062,1.35,4.73
2013.01.31 20:43:02.660,1.52035,1.52067,1.13,1.59
2013.01.31 20:43:03.252,1.52031,1.52067,1.35,1.59
2013.01.31 20:43:05.493,1.52031,1.52067,1.73,1.59
2013.01.31 20:43:05.564,1.52031,1.52064,1.50,1.61
2013.01.31 20:43:06.142,1.52036,1.52064,1.13,1.61
2013.01.31 20:43:06.481,1.52031,1.52064,1.50,1.61
2013.01.31 20:43:06.783,1.52035,1.52068,1.88,1.61
2013.01.31 20:43:07.127,1.52036,1.52065,1.88,1.20
2013.01.31 20:43:07.673,1.52036,1.52065,1.88,2.70
2013.01.31 20:43:07.731,1.52037,1.52065,1.50,2.70
2013.01.31 20:43:07.792,1.52037,1.52065,1.13,2.48
2013.01.31 20:43:08.311,1.52037,1.52065,1.13,2.84
2013.01.31 20:43:08.672,1.52034,1.52065,1.88,3.23
2013.01.31 20:43:09.471,1.52036,1.52066,1.13,1.38
2013.01.31 20:43:10.422,1.52041,1.5207,1.13,5.13
2013.01.31 20:43:11.853,1.5204,1.5207,1.13,5.13
2013.01.31 20:43:15.341,1.52041,1.52069,1.13,2.13
2013.01.31 20:43:15.859,1.52039,1.5207,1.13,2.13
2013.01.31 20:43:19.524,1.52041,1.52074,1.13,2.48
2013.01.31 20:43:19.653,1.5204,1.52075,1.50,3.06
2013.01.31 20:43:20.224,1.52051,1.52077,1.13,1.56
2013.01.31 20:43:20.292,1.52051,1.52082,1.13,1.54
2013.01.31 20:43:20.831,1.52051,1.52082,1.13,1.54
2013.01.31 20:43:21.191,1.52052,1.52076,1.13,2.48
2013.01.31 20:43:21.611,1.5205,1.52083,1.13,1.73
2013.01.31 20:43:22.292,1.52054,1.52083,1.13,1.63
2013.01.31 20:43:24.061,1.52056,1.52079,1.13,1.63
2013.01.31 20:43:24.572,1.52051,1.52084,1.47,2.09
2013.01.31 20:43:24.631,1.52051,1.52084,1.47,1.34
2013.01.31 20:43:28.557,1.52051,1.52083,1.47,2.09
2013.01.31 20:43:29.660,1.52051,1.52083,1.47,1.34
2013.01.31 20:43:31.521,1.52051,1.52082,1.47,2.09
2013.01.31 20:43:31.921,1.52054,1.52082,1.13,2.09
2013.01.31 20:43:31.981,1.52054,1.52083,1.35,1.73
2013.01.31 20:43:32.523,1.52054,1.52083,1.13,1.52
2013.01.31 20:43:38.644,1.52052,1.52082,1.13,1.52
2013.01.31 20:43:38.712,1.52052,1.5208,1.13,1.43
2013.01.31 20:43:39.141,1.52052,1.52078,1.13,1.29
2013.01.31 20:43:39.671,1.52052,1.52078,1.13,1.29
2013.01.31 20:43:39.841,1.52049,1.52078,1.13,1.29
2013.01.31 20:43:53.383,1.5205,1.52079,1.13,1.65
2013.01.31 20:43:53.957,1.52052,1.5208,1.13,1.65
2013.01.31 20:43:54.556,1.52052,1.5208,1.13,1.73
2013.01.31 20:43:56.902,1.52053,1.52084,1.47,1.40
2013.01.31 20:43:57.092,1.52053,1.52084,1.69,1.05
2013.01.31 20:43:58.371,1.52056,1.52088,1.13,2.72
2013.01.31 20:44:01.491,1.52052,1.52086,2.97,3.47
2013.01.31 20:44:01.621,1.52052,1.52086,2.97,4.22
2013.01.31 20:44:02.313,1.52052,1.52085,2.63,1.73
2013.01.31 20:44:05.661,1.52052,1.52085,2.63,3.98
2013.01.31 20:44:08.225,1.52052,1.52085,2.85,3.98
2013.01.31 20:44:15.171,1.52053,1.52085,1.35,3.98
2013.01.31 20:44:22.022,1.52051,1.52086,1.13,3.12
2013.01.31 20:44:23.912,1.52051,1.52081,1.13,2.30
2013.01.31 20:44:23.972,1.52051,1.52081,1.35,1.73
2013.01.31 20:44:24.702,1.52056,1.52081,1.13,1.73
2013.01.31 20:44:25.820,1.52056,1.52084,1.13,1.05
2013.01.31 20:44:26.492,1.52051,1.52083,2.63,1.05
2013.01.31 20:44:27.021,1.52051,1.52083,2.63,1.05
2013.01.31 20:44:34.342,1.52051,1.52083,1.13,2.55
2013.01.31 20:44:34.706,1.52052,1.52084,1.13,2.01
2013.01.31 20:44:36.311,1.52055,1.52085,1.13,1.26
2013.01.31 20:44:36.492,1.52055,1.52086,1.13,2.48
2013.01.31 20:44:40.670,1.52052,1.52087,1.13,1.22
2013.01.31 20:44:42.219,1.52056,1.52088,1.13,2.72
2013.01.31 20:44:58.853,1.52053,1.52087,1.88,1.97
2013.01.31 20:44:59.103,1.52053,1.52084,1.88,1.27
2013.01.31 20:44:59.443,1.52055,1.52085,1.13,2.77
2013.01.31 20:44:59.891,1.52053,1.52083,1.88,1.27
2013.01.31 20:45:01.532,1.52053,1.52085,1.88,3.23
2013.01.31 20:45:01.782,1.52053,1.52084,1.88,1.36
2013.01.31 20:45:05.568,1.52053,1.52084,1.88,1.36
2013.01.31 20:45:05.751,1.52056,1.52086,1.13,3.04
2013.01.31 20:45:05.961,1.52056,1.52086,1.13,1.45
2013.01.31 20:45:06.046,1.52056,1.52087,1.13,1.47
2013.01.31 20:45:06.732,1.52056,1.52089,2.85,1.73
2013.01.31 20:45:06.791,1.52056,1.52091,2.85,4.73
2013.01.31 20:45:13.163,1.52057,1.52087,4.35,1.05
2013.01.31 20:45:13.341,1.52056,1.52088,3.38,1.05
2013.01.31 20:45:13.641,1.52056,1.52089,3.38,1.05
2013.01.31 20:45:21.442,1.52059,1.52094,3.00,1.57
2013.01.31 20:45:23.402,1.52061,1.52094,1.13,3.00
2013.01.31 20:45:24.462,1.52062,1.52094,1.13,2.25
2013.01.31 20:45:27.901,1.52062,1.52094,1.13,1.50
2013.01.31 20:45:28.542,1.52062,1.52094,1.13,1.50
2013.01.31 20:45:29.654,1.52062,1.52094,1.13,1.50
2013.01.31 20:45:30.202,1.52062,1.52094,1.13,1.50
2013.01.31 20:45:32.961,1.52063,1.52094,1.50,1.50
2013.01.31 20:45:33.321,1.52066,1.52094,1.13,1.50
2013.01.31 20:45:33.442,1.52063,1.52094,2.25,1.50
2013.01.31 20:45:38.653,1.52062,1.52092,1.13,1.20
2013.01.31 20:45:38.772,1.52061,1.52092,1.13,2.46
2013.01.31 20:45:42.962,1.52057,1.52087,1.13,1.63
2013.01.31 20:45:43.081,1.52057,1.52089,2.63,1.80
2013.01.31 20:45:43.381,1.52059,1.52089,1.13,1.05
2013.01.31 20:45:46.183,1.5206,1.52088,1.50,1.05
2013.01.31 20:45:53.291,1.5206,1.52083,1.50,1.50
2013.01.31 20:45:53.827,1.52059,1.52083,1.50,1.50
2013.01.31 20:45:59.051,1.5206,1.52083,1.50,1.50
2013.01.31 20:45:59.387,1.52061,1.52088,2.25,2.48
2013.01.31 20:46:10.199,1.52063,1.52089,2.25,1.73
2013.01.31 20:46:20.693,1.52061,1.52094,4.50,2.00
2013.01.31 20:46:21.222,1.52061,1.52094,1.50,2.00
2013.01.31 20:46:24.341,1.52064,1.52094,1.50,2.00
2013.01.31 20:46:24.858,1.52061,1.52094,1.50,2.00
2013.01.31 20:46:25.554,1.52066,1.52094,1.50,1.25
2013.01.31 20:46:25.630,1.52071,1.521,1.13,1.73
2013.01.31 20:46:25.753,1.52071,1.521,1.13,2.27
2013.01.31 20:46:25.951,1.52069,1.52102,1.13,1.43
2013.01.31 20:46:26.192,1.52071,1.52102,1.13,1.05
2013.01.31 20:46:27.512,1.52071,1.52097,1.13,2.25
2013.01.31 20:46:27.871,1.5207,1.52096,1.13,1.73
2013.01.31 20:46:29.211,1.52069,1.52098,1.13,2.10
2013.01.31 20:46:29.392,1.52069,1.52098,1.13,2.10
2013.01.31 20:46:29.914,1.52071,1.52103,2.25,3.60
2013.01.31 20:46:29.987,1.5207,1.52103,2.63,1.73
2013.01.31 20:46:30.598,1.52075,1.52103,1.50,2.10
2013.01.31 20:46:34.555,1.52074,1.52102,1.50,1.05
2013.01.31 20:46:37.343,1.52074,1.52101,1.50,1.05
2013.01.31 20:46:37.405,1.52071,1.521,2.63,1.05
2013.01.31 20:46:37.711,1.52072,1.52101,2.25,1.05
2013.01.31 20:46:37.774,1.52071,1.52101,2.63,1.05
2013.01.31 20:46:41.857,1.52074,1.52101,1.50,1.05
2013.01.31 20:46:42.161,1.52072,1.521,2.25,1.05
2013.01.31 20:46:42.222,1.52072,1.52103,3.00,1.80
2013.01.31 20:46:45.924,1.52073,1.52102,1.50,1.35
2013.01.31 20:46:46.121,1.52073,1.52102,1.50,1.35
2013.01.31 20:46:46.494,1.52073,1.52103,2.25,2.10
2013.01.31 20:46:48.172,1.52072,1.52102,2.25,1.73
2013.01.31 20:46:48.232,1.52072,1.52099,2.25,1.45
2013.01.31 20:47:01.021,1.52073,1.52099,1.50,1.45
2013.01.31 20:47:03.056,1.52073,1.52105,1.73,1.05
2013.01.31 20:47:10.273,1.52073,1.52101,1.50,1.73
2013.01.31 20:47:10.391,1.52073,1.52101,1.50,1.73
2013.01.31 20:47:13.087,1.52073,1.52103,1.13,1.73
2013.01.31 20:47:13.212,1.52073,1.52105,2.85,1.73
2013.01.31 20:47:13.331,1.52076,1.52105,2.48,1.50
2013.01.31 20:47:13.691,1.5208,1.52107,1.35,2.48
2013.01.31 20:47:14.252,1.5208,1.52105,1.73,1.73
2013.01.31 20:47:16.142,1.5208,1.52109,2.48,1.73
2013.01.31 20:47:16.441,1.52081,1.52109,2.85,1.73
2013.01.31 20:47:17.422,1.5208,1.52112,3.23,1.05
2013.01.31 20:47:19.701,1.52083,1.52113,1.35,1.58
2013.01.31 20:47:24.821,1.52083,1.52114,2.48,1.58
2013.01.31 20:47:25.433,1.52085,1.52114,1.35,1.58
2013.01.31 20:47:25.965,1.52086,1.52114,1.35,1.50
2013.01.31 20:47:27.102,1.52085,1.52115,2.85,1.50
2013.01.31 20:47:29.332,1.52086,1.52114,2.48,1.09
2013.01.31 20:47:29.452,1.52086,1.52107,1.50,1.73
2013.01.31 20:47:29.573,1.52083,1.52106,1.50,3.23
2013.01.31 20:47:29.812,1.52079,1.52106,1.50,1.73
2013.01.31 20:47:30.014,1.52077,1.52106,2.10,4.73
2013.01.31 20:47:30.433,1.52076,1.521,1.35,2.03
2013.01.31 20:47:30.793,1.52082,1.52101,1.50,1.13
2013.01.31 20:47:31.151,1.52082,1.52103,2.25,1.73
2013.01.31 20:47:31.212,1.52082,1.52103,2.25,1.50
2013.01.31 20:47:31.392,1.52082,1.52103,2.25,1.13
2013.01.31 20:47:31.923,1.52074,1.52109,1.29,2.25
2013.01.31 20:47:32.420,1.52077,1.5211,1.35,1.73
2013.01.31 20:47:32.661,1.52076,1.52109,1.35,2.67
2013.01.31 20:47:33.860,1.52076,1.52107,1.35,1.73
2013.01.31 20:47:33.952,1.52076,1.52107,1.35,1.73
2013.01.31 20:47:34.246,1.52075,1.52106,2.48,1.73
2013.01.31 20:47:35.766,1.52076,1.52106,1.73,1.73
2013.01.31 20:47:36.353,1.52075,1.52106,1.73,1.73
2013.01.31 20:47:37.132,1.52075,1.52106,3.23,1.73
2013.01.31 20:47:37.193,1.52075,1.52109,3.23,2.67
2013.01.31 20:47:39.842,1.52076,1.52109,1.35,2.01
2013.01.31 20:47:40.336,1.52075,1.52104,1.50,2.48
2013.01.31 20:47:42.213,1.5207,1.52104,2.85,2.48
2013.01.31 20:47:57.732,1.52071,1.52099,1.73,2.48
2013.01.31 20:47:58.041,1.52067,1.52097,2.63,1.34
2013.01.31 20:48:00.713,1.52068,1.52097,1.50,1.34
2013.01.31 20:48:01.303,1.52067,1.52097,2.33,1.34
2013.01.31 20:48:14.123,1.52068,1.52097,1.50,1.53
2013.01.31 20:48:14.610,1.52067,1.52098,3.00,1.90
2013.01.31 20:48:20.166,1.52057,1.52092,1.73,1.73
2013.01.31 20:48:20.354,1.52062,1.52088,1.50,2.48
2013.01.31 20:48:20.541,1.52057,1.52088,2.10,2.48
2013.01.31 20:48:21.411,1.52057,1.52089,1.35,1.73
2013.01.31 20:48:21.532,1.52057,1.52087,1.13,1.73
2013.01.31 20:48:21.803,1.52053,1.52088,2.48,1.73
2013.01.31 20:48:21.932,1.52053,1.52088,2.48,1.73
2013.01.31 20:48:25.753,1.52052,1.52081,3.23,2.85
2013.01.31 20:48:25.884,1.52052,1.5208,1.73,1.88
2013.01.31 20:48:25.942,1.52041,1.52074,2.85,1.35
2013.01.31 20:48:26.241,1.52041,1.52074,1.73,1.73
2013.01.31 20:48:26.541,1.52043,1.5207,1.50,1.35
2013.01.31 20:48:27.221,1.52037,1.52072,1.73,1.35
2013.01.31 20:48:33.651,1.52037,1.52062,1.73,1.50
2013.01.31 20:48:34.012,1.52031,1.52059,1.29,2.25
2013.01.31 20:48:34.072,1.52029,1.52053,1.73,1.50
2013.01.31 20:48:34.193,1.52023,1.52053,2.48,1.73
2013.01.31 20:48:34.252,1.52027,1.52049,1.50,1.50
2013.01.31 20:48:34.492,1.52018,1.52047,1.73,1.73
2013.01.31 20:48:34.744,1.52015,1.52042,2.25,2.36
2013.01.31 20:48:34.933,1.52014,1.52041,1.50,1.73
2013.01.31 20:48:35.173,1.52012,1.52043,1.50,1.25
2013.01.31 20:48:37.763,1.52011,1.52042,1.50,2.00
2013.01.31 20:48:37.883,1.52011,1.52041,1.50,2.00
2013.01.31 20:48:38.543,1.52011,1.52039,1.50,2.00
2013.01.31 20:48:38.662,1.52013,1.52039,1.50,2.00
2013.01.31 20:48:38.754,1.52006,1.52039,3.00,2.75
2013.01.31 20:48:39.903,1.52013,1.52039,1.50,2.00
2013.01.31 20:48:40.129,1.52011,1.52039,1.50,2.00
2013.01.31 20:48:42.718,1.52006,1.52039,3.00,1.25
2013.01.31 20:48:42.874,1.52009,1.52041,1.50,2.00
2013.01.31 20:48:43.673,1.52009,1.52041,2.10,1.73
2013.01.31 20:48:44.098,1.52011,1.52042,1.50,2.10
2013.01.31 20:48:44.752,1.52014,1.52043,1.50,2.10
2013.01.31 20:48:48.141,1.52015,1.52046,1.50,1.26
2013.01.31 20:48:50.798,1.52014,1.52043,2.25,1.35
2013.01.31 20:48:51.451,1.52017,1.52047,1.50,1.26
2013.01.31 20:48:55.743,1.52021,1.52051,1.50,2.76
2013.01.31 20:48:56.041,1.52023,1.52053,1.50,2.31
2013.01.31 20:49:16.924,1.52022,1.52053,1.50,1.94
2013.01.31 20:49:19.141,1.52023,1.52056,1.58,2.76
2013.01.31 20:49:19.262,1.52023,1.52059,1.80,1.43
2013.01.31 20:49:25.559,1.52029,1.5206,2.25,1.05
2013.01.31 20:49:25.854,1.52029,1.52061,2.25,2.10
2013.01.31 20:49:25.923,1.52026,1.52059,1.73,1.35
2013.01.31 20:49:25.983,1.52026,1.52059,1.73,1.80
2013.01.31 20:49:27.414,1.5203,1.52059,1.50,1.05
2013.01.31 20:49:30.802,1.52036,1.52064,1.50,1.35
2013.01.31 20:49:31.461,1.52031,1.52064,1.73,1.35
2013.01.31 20:49:31.884,1.52033,1.52066,1.50,2.10
2013.01.31 20:49:36.896,1.52036,1.52069,1.50,1.59
2013.01.31 20:49:37.023,1.52041,1.52072,1.88,2.10
2013.01.31 20:49:37.224,1.5204,1.52069,1.88,1.27
2013.01.31 20:49:38.382,1.52036,1.52068,1.50,2.40
2013.01.31 20:49:39.611,1.52035,1.52068,3.08,2.02
2013.01.31 20:49:41.643,1.52037,1.52068,1.50,2.40
2013.01.31 20:49:43.212,1.52037,1.52068,2.25,2.02
2013.01.31 20:49:43.272,1.52037,1.52068,1.50,2.02
2013.01.31 20:49:44.744,1.52037,1.5206,2.25,1.54
2013.01.31 20:49:44.952,1.52036,1.52061,2.25,1.73
2013.01.31 20:50:02.386,1.52037,1.52063,1.50,1.73
2013.01.31 20:50:02.512,1.52037,1.52063,1.50,1.73
2013.01.31 20:50:02.752,1.52035,1.52063,1.50,2.10
2013.01.31 20:50:02.933,1.52029,1.52052,1.73,1.13
2013.01.31 20:50:03.052,1.52026,1.52052,2.48,1.35
2013.01.31 20:50:03.112,1.52026,1.52052,2.48,2.10
2013.01.31 20:50:03.471,1.52026,1.52052,2.25,2.37
2013.01.31 20:50:03.811,1.52025,1.52051,1.50,2.10
2013.01.31 20:50:07.663,1.52025,1.52049,1.50,1.35
2013.01.31 20:50:07.783,1.52029,1.52052,1.50,1.35
2013.01.31 20:50:07.962,1.52029,1.52059,1.50,3.30
2013.01.31 20:50:08.323,1.5203,1.5206,2.25,1.05
2013.01.31 20:50:09.173,1.5203,1.52063,3.23,1.35
2013.01.31 20:50:33.698,1.5203,1.52068,2.48,1.52
2013.01.31 20:50:34.273,1.52031,1.52068,2.48,2.02
2013.01.31 20:50:35.722,1.5203,1.52064,2.48,1.73
2013.01.31 20:50:36.092,1.52034,1.52064,1.50,1.73
2013.01.31 20:50:37.022,1.52038,1.52064,1.50,1.73
2013.01.31 20:50:37.573,1.52038,1.52063,1.50,1.34
2013.01.31 20:50:37.872,1.52032,1.52063,1.58,1.34
2013.01.31 20:50:39.141,1.52035,1.52063,1.50,1.73
2013.01.31 20:50:39.697,1.52036,1.52064,1.50,1.73
2013.01.31 20:50:41.405,1.52038,1.52067,1.50,1.29
2013.01.31 20:50:41.711,1.5204,1.52069,1.50,1.63
2013.01.31 20:50:42.261,1.52039,1.52069,1.50,1.63
2013.01.31 20:50:42.844,1.52038,1.52069,1.50,1.63
2013.01.31 20:50:43.387,1.52039,1.52069,1.50,1.63
2013.01.31 20:50:45.133,1.52039,1.52064,2.25,1.73
2013.01.31 20:50:46.622,1.52039,1.52065,1.50,1.73
2013.01.31 20:50:48.363,1.52038,1.52065,1.50,1.73
2013.01.31 20:50:52.374,1.52039,1.52065,1.50,1.73
2013.01.31 20:50:54.702,1.52038,1.52063,1.50,1.73
2013.01.31 20:50:57.289,1.52039,1.52063,1.50,1.73
2013.01.31 20:51:02.643,1.52037,1.52062,1.50,1.73
2013.01.31 20:51:03.143,1.52037,1.52062,1.50,1.73
2013.01.31 20:51:09.943,1.52032,1.5206,1.73,1.73
2013.01.31 20:51:16.422,1.52032,1.5206,1.73,1.73
2013.01.31 20:51:19.683,1.52034,1.52059,1.50,1.73
2013.01.31 20:51:20.327,1.52032,1.5206,1.73,1.73
2013.01.31 20:52:05.372,1.52032,1.52059,1.05,1.73
2013.01.31 20:52:05.902,1.52031,1.52059,1.05,1.73
2013.01.31 20:52:38.813,1.52031,1.5206,1.73,1.73
2013.01.31 20:52:38.933,1.5203,1.52057,3.00,1.35
2013.01.31 20:52:39.292,1.52021,1.52052,1.50,2.18
2013.01.31 20:52:39.354,1.5202,1.52048,3.08,1.73
2013.01.31 20:52:39.473,1.5202,1.52049,2.25,2.13
2013.01.31 20:52:40.382,1.52017,1.52046,2.95,2.88
2013.01.31 20:52:42.483,1.52017,1.52046,1.75,1.38
2013.01.31 20:52:44.065,1.52017,1.52046,1.75,1.38
2013.01.31 20:52:44.825,1.52016,1.52046,1.82,1.38
2013.01.31 20:52:45.642,1.52017,1.52046,2.95,2.88
2013.01.31 20:52:46.355,1.52017,1.52046,2.95,2.88
2013.01.31 20:52:48.453,1.52017,1.52045,1.75,2.48
2013.01.31 20:52:49.393,1.52018,1.52045,1.75,1.73
2013.01.31 20:52:50.723,1.52024,1.52046,1.50,2.13
2013.01.31 20:52:50.842,1.52024,1.52046,1.50,1.73
2013.01.31 20:52:50.962,1.52022,1.52049,1.50,2.10
2013.01.31 20:52:53.439,1.52024,1.5205,1.65,2.48
2013.01.31 20:52:53.962,1.52021,1.5205,1.13,2.48
2013.01.31 20:52:54.892,1.52021,1.52054,1.05,4.41
2013.01.31 20:52:55.452,1.5202,1.52046,2.10,2.48
2013.01.31 20:52:55.573,1.52015,1.52046,1.50,2.48
2013.01.31 20:52:55.872,1.52015,1.52041,3.00,1.73
2013.01.31 20:52:56.183,1.52015,1.52045,1.50,2.48
2013.01.31 20:52:58.593,1.52015,1.52041,2.25,1.73
2013.01.31 20:53:00.444,1.52015,1.52041,1.50,1.73
2013.01.31 20:53:00.743,1.52015,1.5204,1.50,1.98
2013.01.31 20:53:01.083,1.52012,1.52039,1.20,2.48
2013.01.31 20:53:02.664,1.5201,1.5204,1.95,1.23
2013.01.31 20:53:05.122,1.52009,1.52039,1.88,2.48
2013.01.31 20:53:05.242,1.52005,1.52033,1.88,2.82
2013.01.31 20:53:05.423,1.52002,1.5203,1.50,1.73
2013.01.31 20:53:05.482,1.52002,1.5203,1.50,1.98
2013.01.31 20:53:05.662,1.52,1.52021,2.63,2.48
2013.01.31 20:53:05.912,1.51994,1.52021,1.58,2.48
2013.01.31 20:53:06.053,1.51992,1.5202,1.50,1.88
2013.01.31 20:53:06.113,1.51991,1.52016,1.50,1.73
2013.01.31 20:53:06.732,1.5199,1.52016,2.25,1.73
2013.01.31 20:53:07.319,1.51989,1.52015,2.25,1.73
2013.01.31 20:53:08.339,1.51989,1.52015,3.00,1.73
2013.01.31 20:53:10.672,1.51991,1.52017,1.50,1.35
2013.01.31 20:53:13.209,1.51991,1.52018,1.50,1.50
2013.01.31 20:53:16.652,1.51991,1.52019,1.50,1.50
2013.01.31 20:53:16.953,1.51995,1.5202,1.50,1.73
2013.01.31 20:53:17.972,1.51991,1.5202,1.50,1.73
2013.01.31 20:53:18.492,1.51991,1.52019,1.50,1.73
2013.01.31 20:53:19.058,1.51991,1.5202,1.50,1.73
2013.01.31 20:53:19.582,1.51991,1.5202,1.50,1.73
2013.01.31 20:53:19.723,1.51992,1.52021,1.50,1.73
2013.01.31 20:53:28.173,1.51994,1.52022,2.25,1.35
2013.01.31 20:53:28.232,1.51994,1.52024,2.85,1.35
2013.01.31 20:53:28.472,1.51994,1.52024,2.63,1.29
2013.01.31 20:53:29.134,1.51996,1.52021,1.50,1.35
2013.01.31 20:53:31.672,1.52,1.52024,1.50,1.29
2013.01.31 20:53:31.852,1.52,1.52028,1.50,1.35
2013.01.31 20:53:32.273,1.51997,1.52029,1.75,1.73
2013.01.31 20:53:32.352,1.51997,1.52025,1.50,1.20
2013.01.31 20:53:32.925,1.51997,1.52025,1.75,1.20
2013.01.31 20:53:33.571,1.51997,1.52025,1.75,1.20
2013.01.31 20:53:34.323,1.51997,1.52025,1.75,1.20
2013.01.31 20:53:36.684,1.51997,1.52025,1.75,1.20
2013.01.31 20:53:40.312,1.51997,1.52025,1.75,1.20
2013.01.31 20:53:43.452,1.51997,1.52025,1.50,1.20
2013.01.31 20:53:44.092,1.51998,1.52025,2.50,1.20
2013.01.31 20:53:44.892,1.51997,1.52025,3.25,1.20
2013.01.31 20:53:47.592,1.51998,1.52025,2.50,1.20
2013.01.31 20:53:48.664,1.51997,1.52025,3.25,1.20
2013.01.31 20:53:49.205,1.51997,1.52025,3.25,1.20
2013.01.31 20:53:50.898,1.51997,1.52025,3.25,1.20
2013.01.31 20:53:52.252,1.51998,1.52025,2.50,1.20
2013.01.31 20:53:53.262,1.51997,1.52025,3.25,1.20
2013.01.31 20:53:53.807,1.51998,1.52025,2.50,1.20
2013.01.31 20:53:55.798,1.51997,1.52025,1.50,1.20
2013.01.31 20:53:55.923,1.51995,1.52025,2.33,1.20
2013.01.31 20:53:56.102,1.51995,1.52024,2.25,1.54
2013.01.31 20:53:56.402,1.51993,1.52021,3.00,1.17
2013.01.31 20:53:56.523,1.51989,1.52021,1.50,1.17
2013.01.31 20:53:57.713,1.51991,1.5202,1.50,1.17
2013.01.31 20:53:58.772,1.51991,1.5202,1.50,1.17
2013.01.31 20:53:59.373,1.5199,1.5202,1.50,1.17
2013.01.31 20:54:03.322,1.51986,1.52019,1.50,1.54
2013.01.31 20:54:03.912,1.51984,1.52019,3.30,1.54
2013.01.31 20:54:04.500,1.51984,1.52019,2.80,1.54
2013.01.31 20:54:05.143,1.51984,1.52018,2.80,1.54
2013.01.31 20:54:06.136,1.51984,1.52018,2.80,1.54
2013.01.31 20:54:06.322,1.51985,1.52018,1.07,1.54
2013.01.31 20:54:06.563,1.51985,1.52018,1.07,1.54
2013.01.31 20:54:07.052,1.51984,1.52019,2.72,2.29
2013.01.31 20:54:07.112,1.51984,1.52019,2.72,1.54
2013.01.31 20:54:07.977,1.51984,1.52018,3.47,1.17
2013.01.31 20:54:09.066,1.51986,1.52018,1.50,1.17
2013.01.31 20:54:09.315,1.51984,1.52018,3.47,1.92
2013.01.31 20:54:11.243,1.51984,1.52019,4.22,1.73
2013.01.31 20:54:11.303,1.51984,1.52021,4.22,1.41
2013.01.31 20:54:11.624,1.51984,1.52021,2.48,1.41
2013.01.31 20:54:11.752,1.51984,1.52019,3.98,2.10
2013.01.31 20:54:18.152,1.51986,1.52019,1.73,2.48
2013.01.31 20:54:18.272,1.51986,1.52018,1.50,1.63
2013.01.31 20:54:23.202,1.51984,1.52013,1.75,1.32
2013.01.31 20:54:40.123,1.51978,1.52011,1.50,1.32
2013.01.31 20:54:40.185,1.51978,1.52008,1.50,1.76
2013.01.31 20:54:40.253,1.51976,1.52008,1.50,1.76
2013.01.31 20:54:40.513,1.51972,1.52002,3.00,2.31
2013.01.31 20:54:41.424,1.5197,1.51999,2.63,1.56
2013.01.31 20:54:42.953,1.5197,1.52002,2.63,2.31
2013.01.31 20:54:52.523,1.51971,1.52002,1.73,1.73
2013.01.31 20:54:54.192,1.51969,1.52003,2.85,2.48
2013.01.31 20:54:55.958,1.51969,1.52003,2.48,2.10
2013.01.31 20:54:58.893,1.51971,1.52002,1.73,2.48
2013.01.31 20:54:59.521,1.51968,1.52003,2.48,2.48
2013.01.31 20:54:59.823,1.51972,1.52002,3.00,2.48
2013.01.31 20:55:00.351,1.51972,1.52002,3.00,2.40
2013.01.31 20:55:00.473,1.51972,1.52003,3.23,1.65
2013.01.31 20:55:00.852,1.51978,1.52008,2.48,2.40
2013.01.31 20:55:01.441,1.51978,1.52008,2.48,2.48
2013.01.31 20:55:03.803,1.51977,1.52009,1.73,1.73
2013.01.31 20:55:04.345,1.51977,1.5201,1.73,1.73
2013.01.31 20:55:05.282,1.51977,1.52009,1.73,1.73
2013.01.31 20:55:05.831,1.51977,1.5201,1.73,2.48
2013.01.31 20:55:06.492,1.51977,1.52008,1.73,1.73
2013.01.31 20:55:07.772,1.51977,1.52008,1.73,1.73
2013.01.31 20:55:13.213,1.51977,1.5201,1.73,1.05
2013.01.31 20:55:13.452,1.51979,1.5201,2.25,1.05
2013.01.31 20:55:14.768,1.51979,1.5201,2.25,1.05
2013.01.31 20:55:15.072,1.51986,1.52013,1.73,1.35
2013.01.31 20:55:15.133,1.51987,1.52013,1.50,1.35
2013.01.31 20:55:15.433,1.51991,1.52014,1.73,1.50
2013.01.31 20:55:15.733,1.51991,1.52019,1.73,2.48
2013.01.31 20:55:19.896,1.51991,1.52019,1.50,2.48
2013.01.31 20:55:20.162,1.51991,1.52024,3.23,1.80
2013.01.31 20:55:20.942,1.51991,1.52024,2.48,1.05
2013.01.31 20:55:21.482,1.51992,1.52023,1.73,1.80
2013.01.31 20:55:22.364,1.51991,1.52023,1.73,1.05
2013.01.31 20:55:22.671,1.51991,1.52019,1.50,2.10
2013.01.31 20:55:22.979,1.51992,1.52023,1.73,1.32
2013.01.31 20:55:24.664,1.51987,1.52023,1.73,2.18
2013.01.31 20:55:36.473,1.51991,1.52024,1.73,1.05
2013.01.31 20:55:43.643,1.51989,1.52023,2.48,1.05
2013.01.31 20:55:47.592,1.51989,1.52022,2.48,1.05
2013.01.31 20:55:48.903,1.51989,1.52023,2.48,1.05
2013.01.31 20:55:49.374,1.51994,1.52024,1.73,1.05
2013.01.31 20:55:50.942,1.51997,1.52028,1.35,1.05
2013.01.31 20:55:51.476,1.51995,1.52027,2.85,1.05
2013.01.31 20:55:52.034,1.51996,1.52027,1.73,1.05
2013.01.31 20:55:52.162,1.51996,1.52029,1.73,2.10
2013.01.31 20:55:52.222,1.51997,1.52031,1.56,2.33
2013.01.31 20:55:52.582,1.52001,1.52033,1.38,1.58
2013.01.31 20:55:52.764,1.51999,1.52033,1.73,1.58
2013.01.31 20:55:55.773,1.52,1.52033,3.23,1.58
2013.01.31 20:56:00.871,1.52,1.52034,2.48,1.80
2013.01.31 20:56:01.149,1.52,1.52032,1.73,1.58
2013.01.31 20:56:01.332,1.51997,1.52031,1.35,3.23
2013.01.31 20:56:09.702,1.51997,1.52027,1.73,1.73
2013.01.31 20:56:10.263,1.51997,1.52032,1.73,1.43
2013.01.31 20:56:10.703,1.52003,1.52038,1.73,1.82
2013.01.31 20:56:10.762,1.52003,1.52038,1.73,1.97
2013.01.31 20:56:10.883,1.52004,1.52035,2.25,1.35
2013.01.31 20:56:11.242,1.52006,1.52038,1.13,1.43
2013.01.31 20:56:11.602,1.52007,1.52039,1.50,1.35
2013.01.31 20:56:11.903,1.52005,1.52043,2.63,1.50
2013.01.31 20:56:12.524,1.52007,1.52043,2.48,1.73
2013.01.31 20:56:13.402,1.52007,1.52043,1.73,1.73
2013.01.31 20:56:13.463,1.52006,1.52039,1.73,1.73
2013.01.31 20:56:14.003,1.52001,1.52034,2.10,1.73
2013.01.31 20:56:15.973,1.51999,1.52033,1.35,3.98
2013.01.31 20:56:16.212,1.51996,1.52029,1.35,1.35
2013.01.31 20:56:16.332,1.51997,1.5203,1.23,1.13
2013.01.31 20:56:19.454,1.51998,1.52033,1.23,1.73
2013.01.31 20:56:19.972,1.51998,1.52033,1.23,2.48
2013.01.31 20:56:20.777,1.51998,1.52033,1.98,2.48
2013.01.31 20:56:25.674,1.51999,1.52034,2.48,1.73
2013.01.31 20:56:26.533,1.51999,1.52032,2.48,1.73
2013.01.31 20:56:40.444,1.51998,1.52029,1.50,1.35
2013.01.31 20:56:40.804,1.51997,1.52027,2.63,1.35
2013.01.31 20:56:41.184,1.51997,1.52028,1.73,1.35
2013.01.31 20:56:44.202,1.52002,1.52035,1.73,1.35
2013.01.31 20:56:46.133,1.52002,1.52035,1.73,1.43
2013.01.31 20:56:50.813,1.52002,1.52034,1.73,1.35
2013.01.31 20:56:51.364,1.52002,1.52034,1.73,1.35
2013.01.31 20:56:51.770,1.52002,1.52034,1.73,1.35
2013.01.31 20:56:52.173,1.52005,1.52036,1.50,2.67
2013.01.31 20:56:52.293,1.52005,1.52036,1.73,1.80
2013.01.31 20:56:52.352,1.52002,1.52036,1.73,2.55
2013.01.31 20:56:52.803,1.52002,1.52035,1.50,1.41
2013.01.31 20:56:53.172,1.52005,1.52035,2.03,2.55
2013.01.31 20:56:53.232,1.52008,1.52035,1.50,2.55
2013.01.31 20:56:55.234,1.5201,1.52035,1.50,1.05
2013.01.31 20:56:55.413,1.52007,1.52038,2.25,1.23
2013.01.31 20:56:55.473,1.52007,1.52034,2.48,1.73
2013.01.31 20:56:55.603,1.52005,1.52035,3.15,1.50
2013.01.31 20:56:55.915,1.52007,1.52038,2.25,1.50
2013.01.31 20:56:56.326,1.5201,1.52035,1.50,1.73
2013.01.31 20:56:58.894,1.5201,1.52038,2.25,3.00
2013.01.31 20:56:59.032,1.5201,1.52038,2.25,2.48
2013.01.31 20:57:01.923,1.52011,1.52042,2.25,1.80
2013.01.31 20:57:02.325,1.52015,1.52043,2.48,1.05
2013.01.31 20:57:04.422,1.52015,1.52043,1.73,1.05
2013.01.31 20:57:07.144,1.52012,1.52046,2.55,5.10
2013.01.31 20:57:07.203,1.52015,1.52046,1.73,3.60
2013.01.31 20:57:07.726,1.52018,1.52045,1.73,1.13
2013.01.31 20:57:08.705,1.52017,1.52046,1.73,2.10
2013.01.31 20:57:47.772,1.52016,1.52045,2.25,2.48
2013.01.31 20:57:47.962,1.52016,1.52045,2.48,1.50
2013.01.31 20:57:48.202,1.52019,1.52046,1.41,1.50
2013.01.31 20:57:48.382,1.52021,1.52049,1.35,3.83
2013.01.31 20:57:48.442,1.52021,1.52049,1.35,4.05
2013.01.31 20:57:49.716,1.5203,1.52059,2.25,2.48
2013.01.31 20:57:50.254,1.52033,1.52063,1.50,1.05
2013.01.31 20:57:50.433,1.52033,1.52063,1.73,1.05
2013.01.31 20:57:51.376,1.52033,1.52064,1.73,2.55
2013.01.31 20:58:15.654,1.52029,1.52061,2.10,1.73
2013.01.31 20:58:15.832,1.52029,1.52061,2.10,1.73
2013.01.31 20:58:15.962,1.5203,1.52063,1.13,1.73
2013.01.31 20:58:16.422,1.52027,1.52058,1.35,1.73
2013.01.31 20:58:16.930,1.52027,1.52058,1.35,1.73
2013.01.31 20:58:17.392,1.5203,1.52059,1.35,1.50
2013.01.31 20:58:25.612,1.52031,1.52065,1.73,1.80
2013.01.31 20:58:27.752,1.52036,1.52069,1.73,3.00
2013.01.31 20:58:28.343,1.52036,1.52068,1.73,1.50
2013.01.31 20:58:29.273,1.52036,1.5207,1.73,1.50
2013.01.31 20:58:31.082,1.52036,1.52069,1.73,1.50
2013.01.31 20:58:31.613,1.52037,1.52069,1.73,1.50
2013.01.31 20:58:33.682,1.52036,1.52069,1.73,1.50
2013.01.31 20:58:34.292,1.52038,1.52072,1.73,1.05
2013.01.31 20:58:34.594,1.52043,1.52074,2.48,1.80
2013.01.31 20:58:40.785,1.52043,1.52074,1.73,2.55
2013.01.31 20:58:40.916,1.52043,1.52074,1.73,1.05
2013.01.31 20:58:41.224,1.52043,1.52078,2.48,1.05
2013.01.31 20:58:42.153,1.5204,1.52069,2.25,2.10
2013.01.31 20:58:47.692,1.52044,1.5207,1.50,1.62
2013.01.31 20:58:47.752,1.52044,1.5207,1.50,1.05
2013.01.31 20:58:48.113,1.52047,1.52078,2.25,1.43
2013.01.31 20:58:48.173,1.52047,1.52076,2.25,1.05
2013.01.31 20:58:49.522,1.5205,1.52075,1.50,1.73
2013.01.31 20:58:51.272,1.52049,1.52077,1.50,1.05
2013.01.31 20:58:51.392,1.52046,1.52077,2.25,1.05
2013.01.31 20:58:54.098,1.52048,1.52077,1.50,1.05
2013.01.31 20:58:54.172,1.52049,1.52079,2.63,2.10
2013.01.31 20:58:54.243,1.52051,1.52079,2.33,1.73
2013.01.31 20:58:54.764,1.52051,1.52084,3.98,3.00
2013.01.31 20:58:55.772,1.52051,1.52084,3.23,3.23
2013.01.31 20:58:55.892,1.52051,1.52081,1.50,1.63
2013.01.31 20:58:56.235,1.52051,1.52079,2.48,2.85
2013.01.31 20:58:56.684,1.52051,1.52081,2.48,1.13
2013.01.31 20:58:56.803,1.52051,1.52083,2.48,1.50
2013.01.31 20:58:57.192,1.52051,1.52084,2.48,2.25
2013.01.31 20:59:00.143,1.52051,1.52088,2.48,2.48
2013.01.31 20:59:00.209,1.52058,1.52088,1.73,2.48
2013.01.31 20:59:00.333,1.52058,1.52091,2.48,1.73
2013.01.31 20:59:00.393,1.52058,1.52089,1.73,1.73
2013.01.31 20:59:00.452,1.5206,1.52093,1.73,1.54
2013.01.31 20:59:00.754,1.5206,1.52093,1.73,1.54
2013.01.31 20:59:00.993,1.52059,1.52094,1.05,2.25
2013.01.31 20:59:01.173,1.52061,1.52098,1.73,2.48
2013.01.31 20:59:01.472,1.52064,1.52096,1.73,1.50
2013.01.31 20:59:02.054,1.52065,1.52096,1.73,1.50
2013.01.31 20:59:02.632,1.52067,1.52098,0.98,1.50
2013.01.31 20:59:02.752,1.52069,1.52095,0.23,0.75
2013.01.31 20:59:03.705,1.52069,1.52094,0.23,0.75
2013.01.31 20:59:04.013,1.52069,1.52091,0.23,0.75
2013.01.31 20:59:04.349,1.52066,1.52086,0.23,0.75
2013.01.31 20:59:05.688,1.52066,1.52084,0.23,0.75
2013.01.31 20:59:05.874,1.5206,1.52084,0.23,0.75
2013.01.31 20:59:11.324,1.52062,1.52085,0.75,0.23
2013.01.31 20:59:14.180,1.5206,1.52084,0.23,0.75
2013.01.31 20:59:15.834,1.52062,1.52085,0.75,0.23
2013.01.31 20:59:18.413,1.5206,1.52083,0.23,0.75
2013.01.31 20:59:19.373,1.52065,1.52083,0.23,0.75
2013.01.31 20:59:19.434,1.52065,1.52085,0.23,0.75
2013.01.31 20:59:20.122,1.52065,1.5209,0.23,0.98
2013.01.31 20:59:21.943,1.52068,1.5209,0.38,0.23
2013.01.31 20:59:22.308,1.52074,1.52097,1.50,0.23
2013.01.31 20:59:22.446,1.52077,1.52097,0.75,0.23
2013.01.31 20:59:23.482,1.5208,1.52104,0.23,0.23
2013.01.31 20:59:25.034,1.52082,1.52104,0.75,0.23
2013.01.31 20:59:25.973,1.52082,1.52103,0.75,0.75
2013.01.31 20:59:26.514,1.52082,1.52102,0.75,0.75
2013.01.31 20:59:26.762,1.52082,1.52104,0.75,0.23
2013.01.31 20:59:27.242,1.52084,1.52108,0.23,1.50
2013.01.31 20:59:27.373,1.52082,1.52102,0.75,0.23
2013.01.31 20:59:32.051,1.52084,1.52103,0.23,0.75
2013.01.31 20:59:35.182,1.52087,1.52103,0.75,0.75
2013.01.31 20:59:36.419,1.52087,1.52102,0.75,0.75
2013.01.31 20:59:36.483,1.52084,1.52102,0.23,0.75
2013.01.31 20:59:37.594,1.52084,1.52105,0.23,0.75
2013.01.31 20:59:39.552,1.52084,1.52103,0.23,0.75
2013.01.31 20:59:42.622,1.52084,1.52104,0.23,0.75
2013.01.31 20:59:42.742,1.52084,1.52107,0.23,0.75
2013.01.31 20:59:44.482,1.52084,1.52108,0.23,0.75
2013.01.31 20:59:46.710,1.52079,1.52105,0.23,0.23
2013.01.31 20:59:46.786,1.52079,1.52099,0.23,1.50
2013.01.31 20:59:47.093,1.52077,1.52097,0.75,0.75
2013.01.31 20:59:47.212,1.52077,1.521,0.75,0.75
2013.01.31 20:59:48.166,1.52073,1.521,0.23,0.75
2013.01.31 20:59:48.232,1.52073,1.52097,0.98,0.75
2013.01.31 20:59:49.427,1.52073,1.521,0.98,0.75
2013.01.31 20:59:49.492,1.5208,1.521,0.23,0.75
2013.01.31 20:59:49.736,1.5208,1.52102,0.23,0.75
2013.01.31 20:59:50.094,1.5208,1.521,0.23,0.75
2013.01.31 20:59:50.215,1.5208,1.52104,0.23,0.23
2013.01.31 20:59:50.283,1.52082,1.52104,0.75,1.73
2013.01.31 20:59:50.343,1.52085,1.52108,0.23,0.75
2013.01.31 20:59:50.461,1.52085,1.52104,0.23,0.75
2013.01.31 20:59:50.522,1.52082,1.52103,0.75,0.23
2013.01.31 20:59:51.051,1.52082,1.52104,0.75,0.98
2013.01.31 20:59:51.882,1.5208,1.52104,0.23,0.98
2013.01.31 20:59:52.302,1.5208,1.52102,0.23,0.75
2013.01.31 20:59:53.672,1.5208,1.52104,0.23,0.98
2013.01.31 20:59:54.188,1.5208,1.52103,0.23,0.75
2013.01.31 20:59:54.432,1.5208,1.52101,0.23,0.75
2013.01.31 20:59:54.733,1.52082,1.52104,0.75,0.75
2013.01.31 20:59:55.102,1.52081,1.52102,1.50,0.75
2013.01.31 20:59:55.442,1.52081,1.52105,1.50,0.23
2013.01.31 20:59:55.954,1.52081,1.52104,1.50,0.75
2013.01.31 20:59:56.499,1.5208,1.52105,1.50,0.98
2013.01.31 20:59:57.322,1.52079,1.52104,0.23,0.75
2013.01.31 20:59:57.881,1.52079,1.52103,0.23,0.75
2013.01.31 20:59:57.953,1.52079,1.52105,0.23,0.98
2013.01.31 20:59:58.593,1.52079,1.52104,0.23,0.75
2013.01.31 20:59:58.654,1.52079,1.52101,0.23,0.75
2013.01.31 20:59:59.142,1.52079,1.52103,0.23,0.75
2013.01.31 20:59:59.692,1.52079,1.52105,0.23,1.73
