2015.09.21 17:00:00.183,2.17529,2.17574,1.00,1.00
2015.09.21 17:00:00.486,2.17529,2.17572,1.00,1.00
2015.09.21 17:00:00.866,2.17529,2.17576,1.00,1.00
2015.09.21 17:00:01.631,2.17526,2.17574,1.50,1.00
2015.09.21 17:00:02.459,2.17534,2.17566,1.00,1.00
2015.09.21 17:00:03.454,2.17536,2.17569,1.00,1.00
2015.09.21 17:00:10.498,2.17539,2.17571,1.00,1.00
2015.09.21 17:00:10.935,2.17541,2.17574,1.00,1.00
2015.09.21 17:00:11.988,2.17544,2.17578,1.00,1.00
2015.09.21 17:00:12.596,2.17546,2.17581,1.00,1.00
2015.09.21 17:00:12.647,2.1755,2.17583,1.00,1.00
2015.09.21 17:00:13.120,2.17556,2.17589,1.00,1.00
2015.09.21 17:00:13.174,2.17558,2.17592,1.00,1.00
2015.09.21 17:00:13.225,2.17561,2.17595,1.00,1.00
2015.09.21 17:00:13.529,2.17561,2.1759,1.00,1.00
2015.09.21 17:00:13.580,2.17561,2.17595,1.00,1.84
2015.09.21 17:00:13.631,2.17561,2.17584,1.00,1.00
2015.09.21 17:00:13.732,2.17561,2.17588,1.00,1.00
2015.09.21 17:00:13.884,2.17561,2.17595,1.00,1.50
2015.09.21 17:00:15.028,2.17558,2.17592,1.00,1.00
2015.09.21 17:00:15.568,2.1756,2.17593,1.00,1.00
2015.09.21 17:00:15.625,2.17563,2.1761,1.00,1.00
2015.09.21 17:00:16.148,2.17564,2.17611,1.00,1.00
2015.09.21 17:00:16.510,2.17564,2.17613,1.00,1.00
2015.09.21 17:00:16.712,2.17567,2.17614,1.00,1.00
2015.09.21 17:00:17.024,2.17571,2.17619,1.00,1.00
2015.09.21 17:00:18.000,2.17571,2.1762,1.00,1.00
2015.09.21 17:00:20.302,2.17577,2.17623,1.00,1.00
2015.09.21 17:00:20.756,2.17579,2.17628,1.00,1.50
2015.09.21 17:00:20.807,2.17581,2.1763,1.00,1.00
2015.09.21 17:00:21.111,2.17584,2.17633,1.00,1.00
2015.09.21 17:00:21.838,2.17586,2.17635,1.00,1.00
2015.09.21 17:00:22.142,2.17588,2.17636,1.00,1.00
2015.09.21 17:00:22.294,2.17589,2.17638,1.00,1.00
2015.09.21 17:00:22.861,2.1759,2.17638,1.00,1.00
2015.09.21 17:00:23.530,2.17589,2.17638,1.00,1.00
2015.09.21 17:00:23.581,2.17587,2.1764,1.50,1.00
2015.09.21 17:00:25.769,2.17597,2.17647,1.00,1.87
2015.09.21 17:00:25.870,2.17602,2.17654,1.00,1.00
2015.09.21 17:00:25.921,2.17604,2.17657,1.00,1.00
2015.09.21 17:00:26.527,2.17601,2.17654,1.00,1.00
2015.09.21 17:00:26.578,2.17597,2.17653,1.00,1.00
2015.09.21 17:00:26.870,2.17593,2.17646,1.00,1.00
2015.09.21 17:00:26.921,2.17595,2.17649,1.50,1.00
2015.09.21 17:00:26.973,2.17602,2.1765,1.00,1.00
2015.09.21 17:00:27.126,2.17602,2.17654,1.00,1.00
2015.09.21 17:00:27.177,2.176,2.17654,1.00,1.00
2015.09.21 17:00:27.380,2.176,2.1765,1.00,1.00
2015.09.21 17:00:27.431,2.17596,2.17651,1.00,1.00
2015.09.21 17:00:27.583,2.176,2.17653,1.00,1.00
2015.09.21 17:00:30.070,2.176,2.17651,1.00,1.00
2015.09.21 17:00:30.121,2.17597,2.1765,1.00,1.00
2015.09.21 17:00:30.883,2.17597,2.17649,1.00,1.00
2015.09.21 17:00:31.794,2.17597,2.1765,1.00,1.00
2015.09.21 17:00:33.290,2.17594,2.17646,1.50,1.09
2015.09.21 17:00:33.779,2.17593,2.17642,1.00,1.00
2015.09.21 17:00:33.882,2.17596,2.17652,1.00,1.00
2015.09.21 17:00:33.983,2.17594,2.17649,1.00,1.00
2015.09.21 17:00:34.286,2.17598,2.17653,1.50,1.00
2015.09.21 17:00:34.814,2.17603,2.17656,1.00,1.00
2015.09.21 17:00:34.916,2.17594,2.17649,1.00,1.50
2015.09.21 17:00:34.967,2.17591,2.17647,2.25,1.00
2015.09.21 17:00:35.472,2.17591,2.17645,1.00,1.00
2015.09.21 17:00:35.926,2.17588,2.17643,1.42,1.00
2015.09.21 17:00:36.808,2.17588,2.17641,1.42,1.00
2015.09.21 17:00:36.909,2.17588,2.17643,1.42,1.50
2015.09.21 17:00:37.061,2.17588,2.1764,1.42,1.00
2015.09.21 17:00:37.364,2.17586,2.17635,1.80,1.00
2015.09.21 17:00:37.795,2.17587,2.17638,1.42,1.00
2015.09.21 17:00:38.377,2.17588,2.17639,1.00,1.50
2015.09.21 17:00:39.693,2.17588,2.17638,1.42,1.00
2015.09.21 17:00:39.989,2.17589,2.17636,1.00,1.00
2015.09.21 17:00:40.091,2.17582,2.17631,1.00,1.50
2015.09.21 17:00:40.142,2.17581,2.17627,1.00,1.00
2015.09.21 17:00:40.295,2.17575,2.17625,1.00,1.00
2015.09.21 17:00:40.396,2.17572,2.17619,1.00,1.00
2015.09.21 17:00:41.821,2.1757,2.17619,1.00,1.00
2015.09.21 17:00:42.255,2.17573,2.17622,1.00,1.00
2015.09.21 17:00:42.559,2.17576,2.17625,1.00,1.00
2015.09.21 17:00:42.863,2.1758,2.17628,1.00,1.00
2015.09.21 17:00:43.775,2.17577,2.17624,1.00,1.00
2015.09.21 17:00:44.534,2.1758,2.17628,1.00,1.00
2015.09.21 17:00:45.452,2.17582,2.17628,1.00,1.00
2015.09.21 17:00:45.655,2.1758,2.17628,1.00,1.00
2015.09.21 17:00:47.112,2.17588,2.1762,1.00,1.00
2015.09.21 17:00:48.235,2.17585,2.17618,1.00,1.00
2015.09.21 17:00:48.892,2.17587,2.1762,1.00,1.00
2015.09.21 17:00:49.727,2.17588,2.1762,1.00,1.00
2015.09.21 17:00:49.980,2.176,2.17634,1.00,1.00
2015.09.21 17:00:50.082,2.17602,2.17636,1.00,1.00
2015.09.21 17:00:51.554,2.17606,2.17638,1.00,1.00
2015.09.21 17:01:00.086,2.17603,2.17636,1.00,1.00
2015.09.21 17:01:02.095,2.17598,2.1763,1.00,1.00
2015.09.21 17:01:02.248,2.17593,2.17627,1.00,1.00
2015.09.21 17:01:02.778,2.17591,2.17626,1.00,1.00
2015.09.21 17:01:03.033,2.17597,2.17629,1.00,1.00
2015.09.21 17:01:03.135,2.17594,2.17629,1.00,1.00
2015.09.21 17:01:03.887,2.17595,2.1763,1.00,1.00
2015.09.21 17:01:03.938,2.17599,2.17632,1.00,1.00
2015.09.21 17:01:06.422,2.17597,2.1763,1.00,1.00
2015.09.21 17:01:09.444,2.17603,2.17635,1.00,1.00
2015.09.21 17:01:17.022,2.17601,2.17633,1.00,1.00
2015.09.21 17:01:17.073,2.17594,2.17629,1.00,1.00
2015.09.21 17:01:17.327,2.17593,2.17626,1.00,1.00
2015.09.21 17:01:17.485,2.17589,2.17624,1.00,1.00
2015.09.21 17:01:17.688,2.17587,2.17621,1.00,1.00
2015.09.21 17:01:18.845,2.17579,2.17614,1.00,1.00
2015.09.21 17:01:22.829,2.17577,2.17612,1.00,1.00
2015.09.21 17:01:23.133,2.17575,2.17608,1.00,1.00
2015.09.21 17:01:26.097,2.17573,2.17608,1.00,1.00
2015.09.21 17:01:28.465,2.17571,2.17606,1.00,1.00
2015.09.21 17:01:29.230,2.17566,2.17601,1.00,1.00
2015.09.21 17:01:29.637,2.17569,2.17604,1.00,1.00
2015.09.21 17:01:30.192,2.17573,2.17605,1.00,1.00
2015.09.21 17:01:30.529,2.17577,2.17609,1.00,1.00
2015.09.21 17:01:30.834,2.17581,2.17613,1.00,1.00
2015.09.21 17:01:33.962,2.17578,2.17611,1.00,1.00
2015.09.21 17:01:34.779,2.17578,2.17611,1.00,1.34
2015.09.21 17:01:35.085,2.17561,2.17593,1.00,1.00
2015.09.21 17:01:35.242,2.17546,2.17592,1.00,1.00
2015.09.21 17:01:35.344,2.17546,2.17589,1.00,1.00
2015.09.21 17:01:35.445,2.17538,2.17589,1.00,1.00
2015.09.21 17:01:35.599,2.17547,2.17579,1.00,1.00
2015.09.21 17:01:35.954,2.17543,2.17575,1.00,1.00
2015.09.21 17:01:36.295,2.17539,2.17572,1.00,1.00
2015.09.21 17:01:36.447,2.17536,2.1757,1.00,1.00
2015.09.21 17:01:36.498,2.17533,2.17567,1.00,1.00
2015.09.21 17:01:36.802,2.17537,2.17571,1.00,1.00
2015.09.21 17:01:39.171,2.17542,2.17574,1.00,1.00
2015.09.21 17:01:39.699,2.17544,2.17576,1.00,1.00
2015.09.21 17:01:42.859,2.17538,2.1757,1.00,1.00
2015.09.21 17:01:43.113,2.17539,2.17574,1.00,1.00
2015.09.21 17:01:44.439,2.17544,2.17579,1.00,1.00
2015.09.21 17:01:44.749,2.17543,2.17576,1.00,1.00
2015.09.21 17:01:45.921,2.17539,2.17574,1.00,1.00
2015.09.21 17:01:46.923,2.17542,2.17576,1.00,1.00
2015.09.21 17:01:54.197,2.17546,2.17578,1.00,1.00
2015.09.21 17:01:54.248,2.17548,2.17582,1.00,1.00
2015.09.21 17:01:54.299,2.17551,2.17583,1.00,1.00
2015.09.21 17:01:54.451,2.17555,2.17588,1.00,1.00
2015.09.21 17:01:54.503,2.17556,2.17591,1.00,1.00
2015.09.21 17:01:58.571,2.17556,2.17586,1.00,1.00
2015.09.21 17:01:58.723,2.17556,2.17591,1.00,1.00
2015.09.21 17:01:59.027,2.17549,2.17583,1.00,1.00
2015.09.21 17:01:59.330,2.17558,2.17592,1.00,1.00
2015.09.21 17:01:59.666,2.17546,2.17581,1.00,1.00
2015.09.21 17:02:01.154,2.17545,2.17577,1.00,1.00
2015.09.21 17:02:01.974,2.1754,2.17575,1.00,1.00
2015.09.21 17:02:03.046,2.17543,2.17577,1.00,1.00
2015.09.21 17:02:03.350,2.17547,2.17581,1.00,1.00
2015.09.21 17:02:04.173,2.17543,2.17578,1.00,1.00
2015.09.21 17:02:04.225,2.17541,2.17575,1.00,1.00
2015.09.21 17:02:12.162,2.17549,2.17582,1.00,1.00
2015.09.21 17:02:12.365,2.17554,2.17588,1.00,1.00
2015.09.21 17:02:12.416,2.17562,2.17596,1.00,1.00
2015.09.21 17:02:16.485,2.17558,2.17593,1.00,1.00
2015.09.21 17:02:16.536,2.17554,2.17589,1.00,1.00
2015.09.21 17:02:16.884,2.17551,2.17586,1.00,1.00
2015.09.21 17:02:17.189,2.17554,2.17589,1.00,1.00
2015.09.21 17:02:24.039,2.17558,2.1759,1.00,1.00
2015.09.21 17:02:40.582,2.17561,2.17593,1.00,1.00
2015.09.21 17:02:46.257,2.17557,2.17589,1.00,1.00
2015.09.21 17:02:46.308,2.17559,2.17592,1.00,1.00
2015.09.21 17:02:47.124,2.17562,2.17594,1.00,1.00
2015.09.21 17:02:47.276,2.17566,2.17601,1.00,1.00
2015.09.21 17:02:49.283,2.17565,2.17597,1.00,1.00
2015.09.21 17:02:49.590,2.17562,2.17594,1.00,1.00
2015.09.21 17:02:57.960,2.17565,2.17597,1.00,1.00
2015.09.21 17:02:58.011,2.17565,2.176,1.00,1.00
2015.09.21 17:02:58.213,2.17568,2.17602,1.00,1.00
2015.09.21 17:03:00.308,2.17563,2.17598,1.00,1.00
2015.09.21 17:03:02.189,2.17559,2.17592,1.00,1.00
2015.09.21 17:03:19.495,2.17561,2.17595,1.00,1.00
2015.09.21 17:03:22.189,2.17553,2.17586,1.00,1.00
2015.09.21 17:03:22.493,2.17558,2.1759,1.00,1.00
2015.09.21 17:03:28.444,2.1756,2.17592,1.00,1.00
2015.09.21 17:03:30.677,2.17557,2.1759,1.00,1.00
2015.09.21 17:03:30.931,2.17555,2.17587,1.00,1.00
2015.09.21 17:03:31.033,2.17558,2.17592,1.00,1.00
2015.09.21 17:03:33.069,2.17564,2.17597,1.00,1.00
2015.09.21 17:03:37.212,2.17561,2.17595,1.00,1.00
2015.09.21 17:03:39.118,2.17559,2.17591,1.00,1.00
2015.09.21 17:03:59.928,2.17554,2.17587,1.00,1.00
2015.09.21 17:04:00.081,2.17552,2.17584,1.00,1.00
2015.09.21 17:04:03.973,2.17549,2.17582,1.00,1.00
2015.09.21 17:04:04.023,2.17547,2.1758,1.00,1.00
2015.09.21 17:04:04.176,2.17541,2.17575,1.00,1.00
2015.09.21 17:04:04.327,2.17537,2.17572,1.00,1.00
2015.09.21 17:04:04.655,2.17536,2.17568,1.00,1.00
2015.09.21 17:04:04.958,2.17533,2.17566,1.00,1.00
2015.09.21 17:04:06.220,2.17536,2.17569,1.00,1.00
2015.09.21 17:04:06.422,2.17544,2.17579,1.00,1.00
2015.09.21 17:04:06.748,2.17541,2.17575,1.00,1.00
2015.09.21 17:04:07.312,2.17538,2.17571,1.00,1.00
2015.09.21 17:04:10.941,2.17539,2.17571,1.00,1.00
2015.09.21 17:04:11.043,2.1754,2.17575,1.00,1.00
2015.09.21 17:04:12.437,2.17543,2.17575,1.00,1.00
2015.09.21 17:04:12.640,2.17545,2.1758,1.00,1.00
2015.09.21 17:04:12.792,2.17553,2.17583,1.00,1.00
2015.09.21 17:04:12.843,2.17553,2.17585,1.00,1.00
2015.09.21 17:04:12.944,2.1755,2.17582,1.00,1.00
2015.09.21 17:04:13.519,2.17543,2.17578,1.09,1.00
2015.09.21 17:04:13.670,2.1754,2.17575,1.00,1.00
2015.09.21 17:04:14.095,2.17539,2.17571,1.00,1.00
2015.09.21 17:04:15.412,2.17536,2.17569,1.00,1.00
2015.09.21 17:04:16.759,2.17534,2.17566,1.00,1.00
2015.09.21 17:04:18.761,2.17534,2.17564,1.00,1.00
2015.09.21 17:04:18.863,2.17524,2.17556,1.00,1.00
2015.09.21 17:04:19.178,2.17521,2.17555,1.00,1.00
2015.09.21 17:04:23.860,2.17518,2.17553,1.00,1.00
2015.09.21 17:04:23.961,2.17516,2.1755,1.00,1.00
2015.09.21 17:04:25.101,2.1752,2.17553,1.00,1.00
2015.09.21 17:04:25.304,2.17517,2.17551,1.00,1.00
2015.09.21 17:04:25.354,2.17517,2.17549,1.00,1.00
2015.09.21 17:04:25.405,2.1751,2.17545,1.00,1.00
2015.09.21 17:04:25.557,2.17508,2.17541,1.00,1.00
2015.09.21 17:04:26.062,2.17508,2.1754,1.00,1.00
2015.09.21 17:04:26.113,2.175,2.17533,1.00,1.00
2015.09.21 17:04:26.449,2.17493,2.17528,1.00,1.00
2015.09.21 17:04:26.601,2.17498,2.1753,1.00,1.00
2015.09.21 17:04:26.804,2.17501,2.17534,1.00,1.00
2015.09.21 17:04:26.855,2.17497,2.17532,1.34,1.00
2015.09.21 17:04:26.956,2.17504,2.17539,1.00,1.00
2015.09.21 17:04:27.007,2.17501,2.17536,1.00,1.00
2015.09.21 17:04:27.310,2.17501,2.17533,1.00,1.00
2015.09.21 17:04:27.962,2.17493,2.17528,1.09,1.00
2015.09.21 17:04:33.489,2.1749,2.17525,1.00,1.00
2015.09.21 17:04:34.289,2.1749,2.17524,1.00,1.34
2015.09.21 17:04:34.341,2.17488,2.17522,1.00,1.00
2015.09.21 17:04:34.392,2.17482,2.17517,1.00,1.00
2015.09.21 17:04:34.442,2.1748,2.17514,1.00,1.00
2015.09.21 17:04:34.746,2.17478,2.17511,1.00,1.00
2015.09.21 17:04:40.006,2.17478,2.1751,1.00,1.00
2015.09.21 17:04:40.057,2.17473,2.17507,1.00,1.00
2015.09.21 17:04:46.153,2.1747,2.17505,1.00,1.00
2015.09.21 17:04:46.511,2.17465,2.1751,1.37,1.00
2015.09.21 17:04:48.454,2.17466,2.17511,1.00,1.00
2015.09.21 17:04:50.185,2.17465,2.1751,1.37,1.00
2015.09.21 17:04:50.715,2.17465,2.17511,1.37,1.00
2015.09.21 17:04:51.216,2.17466,2.1751,1.00,1.00
2015.09.21 17:04:51.973,2.17473,2.17512,1.00,1.00
2015.09.21 17:04:52.278,2.17479,2.17512,1.00,1.00
2015.09.21 17:04:52.531,2.17481,2.17516,1.00,1.00
2015.09.21 17:04:52.734,2.17486,2.17519,1.00,1.00
2015.09.21 17:04:54.169,2.17486,2.17515,1.00,1.00
2015.09.21 17:04:54.422,2.17481,2.17515,1.00,1.00
2015.09.21 17:04:57.342,2.17481,2.17514,1.00,1.00
2015.09.21 17:04:57.393,2.17479,2.17511,1.00,1.00
2015.09.21 17:04:58.167,2.1748,2.17515,1.00,1.50
2015.09.21 17:04:58.898,2.1748,2.17514,1.00,1.00
2015.09.21 17:04:59.686,2.1748,2.17515,1.00,1.50
2015.09.21 17:05:00.487,2.17479,2.17511,1.00,1.00
2015.09.21 17:05:02.228,2.17476,2.17509,1.00,1.00
2015.09.21 17:05:03.566,2.17473,2.17507,1.00,1.00
2015.09.21 17:05:10.540,2.17477,2.17509,1.00,1.00
2015.09.21 17:05:18.437,2.17461,2.17494,1.50,1.34
2015.09.21 17:05:18.488,2.1744,2.17496,1.87,1.34
2015.09.21 17:05:18.539,2.17453,2.17486,1.00,1.00
2015.09.21 17:05:18.842,2.17456,2.17488,1.00,1.00
2015.09.21 17:05:19.045,2.17459,2.17492,1.00,1.00
2015.09.21 17:05:20.490,2.17458,2.17492,1.00,1.00
2015.09.21 17:05:20.541,2.1746,2.17495,1.00,1.00
2015.09.21 17:05:20.643,2.17465,2.175,1.00,1.00
2015.09.21 17:05:20.946,2.17468,2.17502,1.00,1.00
2015.09.21 17:05:25.247,2.17457,2.17489,1.00,1.00
2015.09.21 17:05:25.757,2.17461,2.17496,1.00,1.34
2015.09.21 17:05:27.840,2.17461,2.17493,1.00,1.00
2015.09.21 17:05:29.143,2.17458,2.17493,1.00,1.00
2015.09.21 17:05:38.587,2.17458,2.17492,1.00,1.00
2015.09.21 17:05:38.638,2.17456,2.1749,1.00,1.00
2015.09.21 17:05:38.891,2.1744,2.17475,1.00,1.09
2015.09.21 17:05:40.277,2.17438,2.17473,1.00,1.00
2015.09.21 17:05:43.920,2.17446,2.1748,1.00,1.00
2015.09.21 17:05:44.224,2.1745,2.17484,1.00,1.00
2015.09.21 17:05:44.527,2.17448,2.17482,1.00,1.00
2015.09.21 17:05:45.225,2.17458,2.17492,1.00,1.00
2015.09.21 17:05:45.662,2.17458,2.17488,1.00,1.00
2015.09.21 17:05:46.066,2.17455,2.17488,1.00,1.00
2015.09.21 17:05:46.524,2.17458,2.17489,1.00,1.00
2015.09.21 17:05:49.881,2.17458,2.17488,1.00,1.00
2015.09.21 17:05:49.932,2.17454,2.17488,1.00,1.00
2015.09.21 17:05:50.766,2.17454,2.17486,1.00,1.84
2015.09.21 17:05:50.918,2.17451,2.17474,1.00,1.00
2015.09.21 17:05:50.969,2.17448,2.17474,1.00,1.00
2015.09.21 17:05:51.020,2.17441,2.17474,1.50,1.00
2015.09.21 17:05:51.121,2.17448,2.1748,1.00,1.00
2015.09.21 17:05:51.498,2.17453,2.17486,1.00,1.00
2015.09.21 17:05:51.956,2.17448,2.17482,1.00,1.00
2015.09.21 17:05:53.543,2.17446,2.17481,1.00,1.00
2015.09.21 17:05:53.594,2.17445,2.17477,1.00,1.00
2015.09.21 17:05:54.787,2.17445,2.17477,1.00,1.34
2015.09.21 17:05:54.838,2.17438,2.17472,1.00,1.34
2015.09.21 17:05:54.890,2.17429,2.17461,1.00,1.00
2015.09.21 17:05:54.991,2.17423,2.17458,1.00,1.00
2015.09.21 17:05:55.093,2.17407,2.17462,1.00,1.50
2015.09.21 17:05:55.245,2.17404,2.17461,1.00,1.37
2015.09.21 17:05:55.398,2.17404,2.17463,1.37,1.87
2015.09.21 17:05:55.499,2.17415,2.1745,1.00,1.00
2015.09.21 17:05:59.893,2.17414,2.17446,1.00,1.00
2015.09.21 17:06:01.550,2.17408,2.17441,1.00,1.00
2015.09.21 17:06:02.905,2.17405,2.17438,1.00,1.00
2015.09.21 17:06:03.725,2.17408,2.1744,1.00,1.00
2015.09.21 17:06:16.706,2.1741,2.17444,1.00,1.00
2015.09.21 17:06:16.807,2.17408,2.17441,1.00,1.00
2015.09.21 17:06:18.974,2.17405,2.17438,1.00,1.00
2015.09.21 17:06:26.839,2.17407,2.17442,1.00,1.00
2015.09.21 17:06:27.041,2.1741,2.17443,1.00,1.50
2015.09.21 17:06:27.395,2.1741,2.17443,1.46,1.00
2015.09.21 17:06:27.497,2.17415,2.17447,1.00,1.00
2015.09.21 17:06:27.548,2.17418,2.17452,1.34,1.00
2015.09.21 17:06:27.649,2.1742,2.17454,1.84,1.00
2015.09.21 17:06:27.700,2.17427,2.17462,1.00,1.00
2015.09.21 17:06:27.751,2.17431,2.17464,1.00,1.00
2015.09.21 17:06:28.101,2.17436,2.1747,1.00,1.00
2015.09.21 17:06:28.202,2.17433,2.17483,1.00,1.50
2015.09.21 17:06:28.253,2.17433,2.1748,1.00,1.00
2015.09.21 17:06:28.556,2.17444,2.17476,1.00,1.00
2015.09.21 17:06:28.657,2.17434,2.17484,1.00,1.50
2015.09.21 17:06:28.758,2.17434,2.17484,1.75,1.50
2015.09.21 17:06:29.061,2.17444,2.17476,1.00,1.00
2015.09.21 17:06:31.474,2.17447,2.17479,1.00,1.00
2015.09.21 17:06:35.429,2.17449,2.17483,1.00,1.00
2015.09.21 17:06:35.864,2.17445,2.17478,1.00,1.00
2015.09.21 17:06:39.002,2.17442,2.17475,1.00,1.00
2015.09.21 17:06:46.912,2.17443,2.17478,1.00,1.00
2015.09.21 17:06:47.064,2.17442,2.17474,1.00,1.00
2015.09.21 17:06:51.450,2.17446,2.1748,1.00,1.00
2015.09.21 17:06:51.556,2.17449,2.17482,1.00,1.00
2015.09.21 17:06:52.030,2.17447,2.17479,1.00,1.00
2015.09.21 17:06:53.486,2.17449,2.17482,1.00,1.00
2015.09.21 17:06:56.203,2.17446,2.1748,1.00,1.00
2015.09.21 17:06:56.693,2.17444,2.17477,1.00,1.00
2015.09.21 17:06:57.097,2.1744,2.17474,1.00,1.00
2015.09.21 17:06:57.299,2.17438,2.17471,1.00,1.00
2015.09.21 17:06:58.693,2.17442,2.17474,1.00,1.00
2015.09.21 17:06:59.997,2.17444,2.17477,1.00,1.00
2015.09.21 17:07:00.469,2.17446,2.17479,1.00,1.00
2015.09.21 17:07:01.864,2.17442,2.17474,1.00,1.00
2015.09.21 17:07:04.778,2.17445,2.17477,1.00,1.00
2015.09.21 17:07:05.191,2.17441,2.17475,1.00,1.00
2015.09.21 17:07:07.552,2.17442,2.17477,1.00,1.00
2015.09.21 17:07:07.881,2.17446,2.1748,1.00,1.00
2015.09.21 17:07:08.336,2.17442,2.17474,1.00,1.00
2015.09.21 17:07:08.767,2.17445,2.17477,1.00,1.00
2015.09.21 17:07:08.970,2.17441,2.17475,1.00,1.00
2015.09.21 17:07:09.744,2.17444,2.17477,1.00,1.00
2015.09.21 17:07:10.252,2.17443,2.17476,1.00,1.00
2015.09.21 17:07:24.808,2.17444,2.17476,1.00,1.00
2015.09.21 17:07:25.061,2.17424,2.17459,1.00,1.00
2015.09.21 17:07:25.264,2.17422,2.17454,1.00,1.00
2015.09.21 17:07:25.732,2.17416,2.1745,1.00,1.00
2015.09.21 17:07:29.462,2.17419,2.17453,1.00,1.00
2015.09.21 17:07:30.170,2.17415,2.17449,1.00,1.00
2015.09.21 17:07:30.423,2.17408,2.17443,1.00,1.00
2015.09.21 17:07:32.547,2.17404,2.17436,1.00,1.00
2015.09.21 17:07:32.869,2.17406,2.17438,1.00,1.00
2015.09.21 17:07:33.372,2.17402,2.17435,1.00,1.00
2015.09.21 17:07:39.516,2.17398,2.17432,1.00,1.00
2015.09.21 17:07:41.088,2.17395,2.17428,1.00,1.00
2015.09.21 17:07:54.677,2.1739,2.17425,1.00,1.00
2015.09.21 17:08:00.507,2.17392,2.17427,1.00,1.00
2015.09.21 17:08:00.912,2.17397,2.17429,1.00,1.00
2015.09.21 17:08:01.523,2.17397,2.17426,1.00,1.84
2015.09.21 17:08:01.624,2.17392,2.17425,1.00,1.34
2015.09.21 17:08:01.675,2.17381,2.17414,3.37,1.00
2015.09.21 17:08:01.726,2.17381,2.17414,2.25,1.00
2015.09.21 17:08:01.979,2.17381,2.17416,1.00,1.00
2015.09.21 17:08:02.232,2.17377,2.17411,1.00,1.00
2015.09.21 17:08:02.851,2.17374,2.17409,1.00,1.00
2015.09.21 17:08:02.952,2.17378,2.1741,1.00,1.00
2015.09.21 17:08:03.823,2.17375,2.17409,1.00,1.00
2015.09.21 17:08:05.694,2.17378,2.17409,1.00,1.00
2015.09.21 17:08:06.686,2.17387,2.1742,1.00,1.00
2015.09.21 17:08:08.900,2.1739,2.17423,1.00,1.00
2015.09.21 17:08:13.319,2.17386,2.17421,1.00,1.00
2015.09.21 17:08:13.970,2.17384,2.17418,1.00,1.00
2015.09.21 17:08:14.438,2.17379,2.17414,1.00,1.00
2015.09.21 17:08:14.900,2.17381,2.17413,1.00,1.00
2015.09.21 17:08:15.205,2.17407,2.17428,1.00,1.00
2015.09.21 17:08:15.256,2.17407,2.17437,1.00,1.00
2015.09.21 17:08:15.409,2.17404,2.17437,1.00,1.00
2015.09.21 17:08:15.815,2.17401,2.17435,1.50,1.00
2015.09.21 17:08:15.916,2.17405,2.17435,1.00,1.00
2015.09.21 17:08:17.690,2.17401,2.17435,1.50,1.00
2015.09.21 17:08:18.585,2.17406,2.17435,1.00,1.00
2015.09.21 17:08:19.432,2.17402,2.17435,1.50,1.00
2015.09.21 17:08:23.943,2.17401,2.17435,1.50,1.00
2015.09.21 17:08:26.705,2.17411,2.17443,1.00,1.00
2015.09.21 17:08:27.031,2.17409,2.17441,1.00,1.00
2015.09.21 17:08:32.808,2.17409,2.17441,1.00,1.34
2015.09.21 17:08:33.062,2.17393,2.17427,1.00,1.00
2015.09.21 17:08:33.466,2.17399,2.17429,1.00,1.00
2015.09.21 17:08:33.517,2.17404,2.17438,1.00,1.00
2015.09.21 17:08:34.160,2.17409,2.17443,1.00,1.00
2015.09.21 17:08:34.314,2.17411,2.17446,1.00,1.00
2015.09.21 17:08:34.821,2.1741,2.17442,1.00,1.00
2015.09.21 17:08:37.099,2.17406,2.17438,1.00,1.00
2015.09.21 17:08:41.105,2.17401,2.17436,1.00,1.00
2015.09.21 17:08:45.263,2.17398,2.17433,1.00,1.00
2015.09.21 17:08:47.590,2.17403,2.17436,1.00,1.00
2015.09.21 17:08:48.142,2.17404,2.17438,1.00,1.00
2015.09.21 17:08:49.390,2.17408,2.17443,1.00,1.00
2015.09.21 17:08:49.918,2.17409,2.17443,1.00,1.00
2015.09.21 17:08:50.070,2.17412,2.17443,1.00,1.00
2015.09.21 17:08:50.172,2.17418,2.1745,1.00,1.00
2015.09.21 17:08:50.223,2.17421,2.17454,1.34,1.00
2015.09.21 17:08:50.273,2.17428,2.17462,1.09,1.00
2015.09.21 17:08:50.375,2.1743,2.17462,1.00,1.00
2015.09.21 17:08:50.476,2.17434,2.17478,1.00,1.00
2015.09.21 17:08:50.780,2.17435,2.1747,1.00,1.00
2015.09.21 17:08:51.573,2.17419,2.17448,1.50,1.00
2015.09.21 17:08:51.627,2.17419,2.17453,1.00,1.00
2015.09.21 17:08:51.679,2.17414,2.17448,1.00,1.00
2015.09.21 17:08:51.983,2.17418,2.17452,1.00,1.00
2015.09.21 17:08:53.074,2.17416,2.17448,1.00,1.00
2015.09.21 17:08:54.251,2.17412,2.17447,1.00,1.00
2015.09.21 17:08:58.208,2.17409,2.17444,1.00,1.00
2015.09.21 17:08:59.599,2.17406,2.17441,1.00,1.00
2015.09.21 17:08:59.902,2.17403,2.17438,1.00,1.00
2015.09.21 17:09:00.843,2.17407,2.17439,1.00,1.00
2015.09.21 17:09:01.012,2.17402,2.17437,1.00,1.00
2015.09.21 17:09:02.035,2.17405,2.17437,1.00,1.00
2015.09.21 17:09:02.086,2.17407,2.1744,1.00,1.00
2015.09.21 17:09:02.137,2.17409,2.1744,1.00,1.00
2015.09.21 17:09:02.924,2.17412,2.1744,1.00,1.00
2015.09.21 17:09:03.228,2.17437,2.17473,1.00,1.00
2015.09.21 17:09:03.279,2.17437,2.17483,1.34,1.00
2015.09.21 17:09:03.380,2.17437,2.17488,1.00,1.34
2015.09.21 17:09:03.533,2.17434,2.17488,1.00,1.34
2015.09.21 17:09:04.014,2.17443,2.17476,1.00,1.00
2015.09.21 17:09:10.017,2.17445,2.17479,1.00,1.50
2015.09.21 17:09:10.068,2.17448,2.17479,1.00,1.00
2015.09.21 17:09:10.119,2.17448,2.17481,1.00,1.00
2015.09.21 17:09:10.271,2.17453,2.17482,1.00,1.00
2015.09.21 17:09:10.322,2.17456,2.17489,1.00,1.50
2015.09.21 17:09:10.373,2.17453,2.17488,1.50,1.00
2015.09.21 17:09:10.424,2.17459,2.17493,1.00,1.34
2015.09.21 17:09:10.808,2.17451,2.17475,1.00,1.34
2015.09.21 17:09:10.909,2.17437,2.1747,1.00,1.00
2015.09.21 17:09:10.960,2.17429,2.17462,1.00,1.34
2015.09.21 17:09:11.061,2.17429,2.17462,1.00,1.00
2015.09.21 17:09:11.112,2.17422,2.17456,1.00,1.00
2015.09.21 17:09:11.213,2.17429,2.17462,1.00,1.00
2015.09.21 17:09:11.264,2.17424,2.17459,1.00,1.00
2015.09.21 17:09:11.719,2.17429,2.17461,1.00,1.00
2015.09.21 17:09:11.820,2.17424,2.17459,1.00,1.00
2015.09.21 17:09:12.432,2.17423,2.17456,1.00,1.00
2015.09.21 17:09:12.703,2.17419,2.17454,1.00,1.00
2015.09.21 17:09:13.954,2.17416,2.1745,1.00,1.00
2015.09.21 17:09:21.105,2.17415,2.17447,1.00,1.00
2015.09.21 17:09:34.681,2.17418,2.17447,1.00,1.00
2015.09.21 17:09:35.052,2.17418,2.17451,1.00,1.00
2015.09.21 17:09:36.350,2.17416,2.17448,1.00,1.00
2015.09.21 17:09:36.982,2.17413,2.17445,1.00,1.00
2015.09.21 17:09:37.298,2.17409,2.17444,1.00,1.00
2015.09.21 17:09:40.823,2.17408,2.1744,1.00,1.00
2015.09.21 17:09:41.177,2.17408,2.17437,1.00,1.00
2015.09.21 17:09:41.278,2.17405,2.17437,1.00,1.00
2015.09.21 17:09:41.663,2.17401,2.17434,1.00,1.00
2015.09.21 17:09:42.378,2.17399,2.17432,1.00,1.00
2015.09.21 17:09:42.429,2.17397,2.17431,1.00,1.00
2015.09.21 17:09:43.196,2.17397,2.17424,1.00,1.50
2015.09.21 17:09:43.247,2.17381,2.17415,1.00,1.00
2015.09.21 17:09:43.298,2.17379,2.17411,1.00,1.00
2015.09.21 17:09:43.602,2.17374,2.17406,1.00,1.00
2015.09.21 17:09:44.594,2.17378,2.17412,1.00,1.00
2015.09.21 17:09:44.826,2.17375,2.17407,1.00,1.00
2015.09.21 17:09:46.153,2.17378,2.17412,1.00,1.00
2015.09.21 17:09:46.204,2.17384,2.17412,1.00,1.00
2015.09.21 17:09:46.255,2.17388,2.17421,1.00,1.00
2015.09.21 17:09:46.407,2.17393,2.17428,1.00,1.00
2015.09.21 17:09:47.097,2.17389,2.17422,1.00,1.00
2015.09.21 17:09:49.478,2.17386,2.1742,1.00,1.00
2015.09.21 17:10:06.936,2.1738,2.17414,1.00,1.00
2015.09.21 17:10:07.432,2.17377,2.17412,1.00,1.00
2015.09.21 17:10:08.840,2.17375,2.17407,1.00,1.00
2015.09.21 17:10:18.001,2.17373,2.17405,1.00,1.00
2015.09.21 17:10:18.153,2.17366,2.17399,1.00,1.00
2015.09.21 17:10:18.533,2.17364,2.17398,1.00,1.00
2015.09.21 17:10:23.895,2.17367,2.17402,1.00,1.00
2015.09.21 17:10:27.317,2.17383,2.17402,1.00,1.00
2015.09.21 17:10:27.367,2.17388,2.1742,1.00,1.00
2015.09.21 17:10:27.418,2.17391,2.17425,1.00,1.00
2015.09.21 17:10:33.442,2.17395,2.17428,1.00,1.00
2015.09.21 17:10:34.651,2.17393,2.17428,1.00,1.00
2015.09.21 17:10:35.508,2.17394,2.17426,1.00,1.00
2015.09.21 17:10:40.898,2.17387,2.1742,1.00,1.00
2015.09.21 17:10:41.555,2.17383,2.17416,1.00,1.00
2015.09.21 17:10:41.658,2.17378,2.17412,1.00,1.00
2015.09.21 17:10:41.711,2.17376,2.1741,1.00,1.00
2015.09.21 17:10:41.864,2.17372,2.17407,1.00,1.00
2015.09.21 17:10:43.454,2.17371,2.17403,1.00,1.00
2015.09.21 17:10:50.368,2.17368,2.17402,1.00,1.00
2015.09.21 17:11:12.080,2.17366,2.17399,1.00,1.00
2015.09.21 17:11:12.232,2.17369,2.17404,1.00,1.00
2015.09.21 17:11:12.384,2.17368,2.174,1.00,1.00
2015.09.21 17:11:13.193,2.1736,2.17393,1.00,1.00
2015.09.21 17:11:16.389,2.17363,2.17395,1.00,1.00
2015.09.21 17:11:16.440,2.17365,2.17398,1.00,1.00
2015.09.21 17:11:16.491,2.17369,2.17401,1.00,1.00
2015.09.21 17:11:16.881,2.1737,2.17404,1.00,1.00
2015.09.21 17:11:19.686,2.1737,2.17403,1.00,1.00
2015.09.21 17:11:25.734,2.17367,2.174,1.00,1.00
2015.09.21 17:11:32.444,2.17364,2.17396,1.00,1.00
2015.09.21 17:11:34.153,2.17361,2.17394,1.00,1.00
2015.09.21 17:11:34.204,2.17359,2.17391,1.00,1.00
2015.09.21 17:11:34.357,2.17354,2.17389,1.00,1.00
2015.09.21 17:11:34.560,2.17349,2.17383,1.00,1.00
2015.09.21 17:11:34.868,2.17347,2.1738,1.00,1.00
2015.09.21 17:11:35.956,2.17345,2.17377,1.00,1.00
2015.09.21 17:11:36.358,2.17347,2.17381,1.00,1.00
2015.09.21 17:11:37.391,2.17344,2.17379,1.00,1.00
2015.09.21 17:11:41.049,2.17347,2.17381,1.00,1.00
2015.09.21 17:11:54.649,2.1735,2.17383,1.00,1.00
2015.09.21 17:11:54.953,2.17357,2.17389,1.00,1.00
2015.09.21 17:11:55.924,2.1735,2.17382,1.00,1.00
2015.09.21 17:11:55.975,2.17347,2.1738,1.00,1.00
2015.09.21 17:11:56.326,2.17354,2.17388,1.00,1.00
2015.09.21 17:11:57.578,2.17362,2.17394,1.00,1.00
2015.09.21 17:11:58.345,2.17358,2.1739,1.00,1.00
2015.09.21 17:12:04.723,2.17356,2.17388,1.00,1.00
2015.09.21 17:12:05.844,2.17351,2.17384,1.00,1.00
2015.09.21 17:12:06.047,2.17353,2.17387,1.00,1.00
2015.09.21 17:12:06.097,2.17358,2.17393,1.00,1.00
2015.09.21 17:12:06.199,2.17365,2.17399,1.00,1.00
2015.09.21 17:12:06.401,2.17361,2.17396,1.00,1.00
2015.09.21 17:12:06.503,2.17359,2.17393,1.00,1.00
2015.09.21 17:12:06.705,2.17356,2.17391,1.00,1.00
2015.09.21 17:12:07.083,2.17362,2.17394,1.00,1.00
2015.09.21 17:12:07.337,2.17358,2.17392,1.00,1.00
2015.09.21 17:12:10.024,2.17358,2.17391,1.00,1.00
2015.09.21 17:12:10.696,2.17358,2.17392,1.00,1.50
2015.09.21 17:12:10.749,2.17354,2.17386,1.00,1.00
2015.09.21 17:12:23.151,2.17351,2.17383,1.00,1.00
2015.09.21 17:12:27.066,2.17342,2.17375,1.00,1.00
2015.09.21 17:12:28.670,2.17338,2.17373,1.00,1.00
2015.09.21 17:12:29.127,2.17336,2.1737,1.00,1.00
2015.09.21 17:12:29.381,2.17332,2.17367,1.00,1.00
2015.09.21 17:12:31.797,2.17335,2.1737,1.00,1.00
2015.09.21 17:12:32.915,2.1734,2.17375,1.00,1.00
2015.09.21 17:12:33.783,2.17337,2.17372,1.00,1.00
2015.09.21 17:12:34.271,2.17333,2.17367,1.00,1.00
2015.09.21 17:12:52.200,2.17332,2.17364,1.00,1.00
2015.09.21 17:12:52.843,2.17334,2.17366,1.00,1.00
2015.09.21 17:12:53.220,2.17325,2.17358,1.00,1.00
2015.09.21 17:12:53.272,2.17329,2.17361,1.00,1.00
2015.09.21 17:12:54.396,2.17325,2.17359,1.00,1.00
2015.09.21 17:13:00.889,2.17332,2.17359,1.00,1.00
2015.09.21 17:13:00.940,2.17332,2.17362,1.00,1.00
2015.09.21 17:13:00.991,2.17336,2.17368,1.00,1.00
2015.09.21 17:13:01.042,2.17341,2.17374,1.00,1.00
2015.09.21 17:13:01.475,2.17344,2.17379,1.00,1.00
2015.09.21 17:13:01.778,2.17343,2.17376,1.00,1.00
2015.09.21 17:13:13.487,2.17341,2.17374,1.00,1.00
2015.09.21 17:13:41.029,2.17347,2.17377,1.00,1.00
2015.09.21 17:13:41.131,2.17343,2.17377,1.00,1.00
2015.09.21 17:13:41.232,2.1734,2.17375,1.00,1.00
2015.09.21 17:13:41.702,2.17343,2.17376,1.00,1.00
2015.09.21 17:13:43.471,2.1734,2.17375,1.00,1.00
2015.09.21 17:13:58.486,2.17343,2.17378,1.00,1.00
2015.09.21 17:14:00.172,2.17346,2.17381,1.00,1.00
2015.09.21 17:14:07.603,2.17344,2.17379,1.00,1.00
2015.09.21 17:14:07.906,2.17337,2.17371,1.00,1.00
2015.09.21 17:14:10.509,2.1734,2.17373,1.00,1.00
2015.09.21 17:14:11.712,2.17345,2.17377,1.00,1.00
2015.09.21 17:14:11.864,2.17346,2.17381,1.00,1.00
2015.09.21 17:14:13.217,2.1735,2.17384,1.00,1.00
2015.09.21 17:14:20.330,2.17347,2.17382,1.00,1.00
2015.09.21 17:14:20.381,2.17344,2.17379,1.00,1.00
2015.09.21 17:14:20.686,2.17343,2.17375,1.00,1.00
2015.09.21 17:14:25.401,2.1734,2.17374,1.00,1.00
2015.09.21 17:14:36.460,2.17337,2.17371,1.00,1.00
2015.09.21 17:14:36.714,2.17334,2.17369,1.00,1.00
2015.09.21 17:14:36.765,2.17332,2.17364,1.00,1.00
2015.09.21 17:14:36.968,2.17326,2.17359,1.00,1.00
2015.09.21 17:14:37.019,2.17324,2.17356,1.00,1.00
2015.09.21 17:14:37.121,2.17319,2.17357,1.00,1.00
2015.09.21 17:14:37.172,2.17298,2.17357,2.25,1.00
2015.09.21 17:14:37.659,2.17307,2.17341,1.00,1.00
2015.09.21 17:14:38.519,2.17309,2.17344,1.00,1.00
2015.09.21 17:14:44.904,2.17307,2.17341,1.00,1.00
2015.09.21 17:14:46.379,2.1731,2.17342,1.00,1.00
2015.09.21 17:14:49.298,2.17312,2.17345,1.00,1.00
2015.09.21 17:14:50.214,2.17309,2.17343,1.00,1.00
2015.09.21 17:14:50.945,2.17307,2.17341,1.00,1.00
2015.09.21 17:14:55.331,2.17306,2.17341,1.00,1.00
2015.09.21 17:14:59.421,2.17304,2.17338,1.00,1.00
2015.09.21 17:14:59.725,2.17295,2.17328,1.00,1.00
2015.09.21 17:15:00.144,2.17291,2.17324,1.00,1.00
2015.09.21 17:15:01.090,2.17293,2.17327,1.00,1.00
2015.09.21 17:15:08.341,2.17293,2.17327,1.37,1.00
2015.09.21 17:15:08.392,2.17307,2.17341,1.34,1.50
2015.09.21 17:15:08.493,2.17314,2.17346,1.00,1.00
2015.09.21 17:15:08.797,2.17317,2.17349,1.00,1.00
2015.09.21 17:15:09.101,2.17313,2.17345,1.00,1.00
2015.09.21 17:15:11.479,2.17309,2.17342,1.00,1.00
2015.09.21 17:15:11.840,2.17301,2.17335,1.00,1.00
2015.09.21 17:15:28.153,2.17301,2.17332,1.00,1.00
2015.09.21 17:15:28.770,2.17288,2.1732,1.00,1.00
2015.09.21 17:15:29.334,2.1729,2.17323,1.00,1.00
2015.09.21 17:15:30.816,2.17292,2.17327,1.00,1.00
2015.09.21 17:15:30.867,2.17295,2.17329,1.00,1.00
2015.09.21 17:15:31.172,2.17302,2.17334,1.00,1.00
2015.09.21 17:15:31.375,2.17302,2.17336,1.00,1.00
2015.09.21 17:15:31.579,2.17309,2.17343,1.00,1.00
2015.09.21 17:15:31.883,2.17318,2.17351,1.00,1.00
2015.09.21 17:15:32.229,2.17323,2.17357,1.00,1.00
2015.09.21 17:15:32.490,2.17327,2.17358,1.00,1.00
2015.09.21 17:15:33.000,2.17327,2.17359,1.00,1.00
2015.09.21 17:15:33.503,2.17327,2.17358,1.00,1.00
2015.09.21 17:15:36.106,2.17327,2.17359,1.00,1.00
2015.09.21 17:15:36.258,2.17322,2.17357,1.00,1.00
2015.09.21 17:15:41.355,2.1732,2.17353,1.00,1.00
2015.09.21 17:15:41.559,2.17315,2.1735,1.00,1.00
2015.09.21 17:15:42.694,2.1732,2.17355,1.00,1.00
2015.09.21 17:15:43.266,2.17324,2.17358,1.00,1.50
2015.09.21 17:15:48.301,2.17327,2.17361,1.00,1.00
2015.09.21 17:16:05.639,2.17329,2.17361,1.00,1.00
2015.09.21 17:16:05.896,2.17334,2.17368,1.00,1.00
2015.09.21 17:16:05.997,2.1734,2.17372,1.00,1.00
2015.09.21 17:16:06.312,2.17343,2.17375,1.00,1.00
2015.09.21 17:16:09.310,2.17337,2.1737,1.00,1.00
2015.09.21 17:16:09.361,2.17335,2.17367,1.00,1.00
2015.09.21 17:16:10.211,2.17333,2.17368,1.00,1.00
2015.09.21 17:16:10.453,2.17331,2.17366,1.00,1.00
2015.09.21 17:16:11.781,2.17335,2.17368,1.00,1.00
2015.09.21 17:16:11.984,2.17337,2.17372,1.00,1.00
2015.09.21 17:16:12.136,2.17341,2.17373,1.00,1.00
2015.09.21 17:16:12.390,2.17342,2.17377,1.00,1.00
2015.09.21 17:16:13.946,2.1734,2.17373,1.00,1.00
2015.09.21 17:16:14.148,2.17337,2.17371,1.00,1.00
2015.09.21 17:16:14.673,2.17335,2.17368,1.00,1.00
2015.09.21 17:16:14.774,2.17331,2.17366,1.00,1.00
2015.09.21 17:16:14.926,2.17327,2.17362,1.00,1.00
2015.09.21 17:16:16.219,2.17325,2.17357,1.00,1.00
2015.09.21 17:16:20.372,2.17328,2.17361,1.00,1.00
2015.09.21 17:16:21.827,2.17326,2.17358,1.00,1.00
2015.09.21 17:16:22.584,2.17322,2.17356,1.00,1.00
2015.09.21 17:16:22.786,2.17324,2.17358,1.00,1.00
2015.09.21 17:16:23.468,2.17323,2.17355,1.00,1.00
2015.09.21 17:16:31.237,2.17319,2.17354,1.00,1.00
2015.09.21 17:16:31.339,2.17317,2.1735,1.00,1.00
2015.09.21 17:16:31.492,2.17313,2.17348,1.00,1.00
2015.09.21 17:16:31.645,2.17318,2.1735,1.00,1.00
2015.09.21 17:16:35.605,2.17314,2.17347,1.00,1.00
2015.09.21 17:16:35.808,2.17314,2.17344,1.00,1.00
2015.09.21 17:16:35.909,2.17306,2.17339,1.00,1.00
2015.09.21 17:16:38.073,2.17306,2.17338,1.00,1.00
2015.09.21 17:16:38.306,2.17311,2.17338,1.00,1.00
2015.09.21 17:16:38.357,2.17311,2.17343,1.00,1.00
2015.09.21 17:16:38.899,2.17311,2.17339,1.00,1.00
2015.09.21 17:16:39.100,2.17311,2.17344,1.00,2.25
2015.09.21 17:16:39.666,2.17309,2.17339,1.00,1.00
2015.09.21 17:16:39.768,2.17303,2.17336,1.00,1.00
2015.09.21 17:16:40.314,2.17307,2.17339,1.00,1.00
2015.09.21 17:16:42.113,2.17307,2.17338,1.00,1.00
2015.09.21 17:16:42.215,2.17307,2.17342,1.00,1.00
2015.09.21 17:16:43.293,2.17312,2.17344,1.00,1.00
2015.09.21 17:16:43.954,2.17312,2.17345,1.00,1.00
2015.09.21 17:16:44.303,2.17313,2.17348,1.00,1.00
2015.09.21 17:16:44.405,2.17313,2.17343,1.00,1.00
2015.09.21 17:16:44.623,2.17316,2.17349,1.00,1.00
2015.09.21 17:16:46.026,2.17316,2.17344,1.00,1.00
2015.09.21 17:16:46.178,2.17316,2.17349,1.00,1.00
2015.09.21 17:16:49.237,2.17316,2.1735,1.00,1.00
2015.09.21 17:16:50.831,2.17316,2.17348,1.00,1.00
2015.09.21 17:16:55.814,2.17316,2.1735,1.00,1.00
2015.09.21 17:16:56.903,2.17313,2.17348,1.00,1.00
2015.09.21 17:16:58.849,2.17316,2.17349,1.00,1.00
2015.09.21 17:17:04.304,2.17316,2.17348,1.00,1.00
2015.09.21 17:17:04.405,2.1731,2.17343,1.00,1.00
2015.09.21 17:17:08.355,2.17309,2.17344,1.00,1.00
2015.09.21 17:17:11.850,2.17313,2.17348,1.00,1.00
2015.09.21 17:17:12.254,2.17316,2.1735,1.00,1.00
2015.09.21 17:17:17.438,2.17313,2.17347,1.34,1.00
2015.09.21 17:17:17.540,2.17319,2.17354,1.09,1.00
2015.09.21 17:17:17.795,2.17321,2.17353,1.00,1.00
2015.09.21 17:17:17.947,2.17325,2.17358,1.00,1.00
2015.09.21 17:17:18.099,2.17324,2.17356,1.34,1.00
2015.09.21 17:17:18.201,2.17327,2.17359,1.00,1.00
2015.09.21 17:17:18.517,2.17332,2.17366,1.00,1.00
2015.09.21 17:17:18.820,2.17335,2.17367,1.00,1.00
2015.09.21 17:17:22.958,2.17336,2.17371,1.00,1.00
2015.09.21 17:17:23.301,2.17334,2.17366,1.00,1.00
2015.09.21 17:17:32.639,2.17336,2.1737,1.00,1.00
2015.09.21 17:17:33.963,2.17333,2.17366,1.00,1.00
2015.09.21 17:17:34.268,2.1733,2.17362,1.00,1.00
2015.09.21 17:17:35.447,2.17325,2.1736,1.00,1.00
2015.09.21 17:17:38.173,2.17323,2.17355,1.00,1.00
2015.09.21 17:17:38.499,2.17317,2.17349,1.00,1.00
2015.09.21 17:17:40.350,2.17327,2.17349,1.00,1.00
2015.09.21 17:17:40.451,2.17322,2.17349,1.00,1.00
2015.09.21 17:17:40.554,2.17324,2.17349,1.00,1.00
2015.09.21 17:17:40.811,2.17331,2.17366,1.00,1.00
2015.09.21 17:17:40.862,2.17337,2.17369,1.00,1.00
2015.09.21 17:17:40.913,2.17339,2.17373,1.00,1.00
2015.09.21 17:17:41.708,2.17332,2.17366,1.00,1.00
2015.09.21 17:17:41.813,2.17326,2.17361,1.00,1.00
2015.09.21 17:17:41.864,2.17324,2.17357,1.00,1.00
2015.09.21 17:17:43.037,2.1732,2.17353,1.00,1.00
2015.09.21 17:17:45.004,2.17323,2.17356,1.00,1.00
2015.09.21 17:17:47.422,2.17321,2.17353,1.00,1.00
2015.09.21 17:17:47.725,2.17318,2.17351,1.00,1.00
2015.09.21 17:17:47.877,2.17315,2.17348,1.00,1.00
2015.09.21 17:17:49.039,2.17315,2.17345,1.00,1.00
2015.09.21 17:17:49.090,2.17306,2.17339,1.00,1.00
2015.09.21 17:17:49.141,2.17304,2.17336,1.00,1.00
2015.09.21 17:17:49.243,2.173,2.17334,1.00,1.00
2015.09.21 17:17:49.294,2.17297,2.17332,1.00,1.00
2015.09.21 17:17:49.345,2.17294,2.17326,1.00,1.00
2015.09.21 17:17:49.396,2.17288,2.17335,1.00,1.12
2015.09.21 17:17:49.447,2.17291,2.17324,1.00,1.00
2015.09.21 17:17:50.675,2.17287,2.17319,1.00,1.00
2015.09.21 17:17:53.618,2.17284,2.17316,1.00,1.00
2015.09.21 17:17:57.936,2.17282,2.17314,1.00,1.00
2015.09.21 17:17:58.240,2.17278,2.1731,1.00,1.00
2015.09.21 17:18:01.811,2.17274,2.17308,1.00,1.00
2015.09.21 17:18:02.013,2.17271,2.17306,1.00,1.00
2015.09.21 17:18:02.216,2.1727,2.17302,1.00,1.00
2015.09.21 17:18:02.317,2.17272,2.17305,1.00,1.00
2015.09.21 17:18:06.490,2.17274,2.17308,1.00,1.00
2015.09.21 17:18:08.573,2.17276,2.17311,1.00,1.00
2015.09.21 17:18:08.624,2.1728,2.17312,1.00,1.00
2015.09.21 17:18:11.601,2.17277,2.1731,1.00,1.00
2015.09.21 17:18:11.804,2.17275,2.17307,1.00,1.00
2015.09.21 17:18:14.466,2.17277,2.1731,1.00,1.00
2015.09.21 17:18:14.517,2.1728,2.17312,1.00,1.00
2015.09.21 17:18:14.668,2.17289,2.17323,1.50,1.00
2015.09.21 17:18:14.770,2.17294,2.17329,1.00,1.00
2015.09.21 17:18:14.821,2.17297,2.17331,1.00,1.00
2015.09.21 17:18:15.243,2.17299,2.17333,1.00,1.00
2015.09.21 17:18:15.600,2.17302,2.17337,1.00,1.34
2015.09.21 17:18:15.905,2.17304,2.17339,1.00,1.00
2015.09.21 17:18:15.955,2.17308,2.17342,1.00,1.00
2015.09.21 17:18:16.108,2.17302,2.17357,1.00,1.09
2015.09.21 17:18:16.486,2.17317,2.1735,1.00,1.00
2015.09.21 17:18:16.588,2.17319,2.17353,1.00,1.00
2015.09.21 17:18:16.689,2.17331,2.17355,1.00,1.00
2015.09.21 17:18:16.740,2.17331,2.17363,1.00,1.00
2015.09.21 17:18:16.791,2.17346,2.17371,1.84,1.00
2015.09.21 17:18:16.842,2.17346,2.17373,1.84,1.00
2015.09.21 17:18:16.893,2.17346,2.17375,1.84,1.00
2015.09.21 17:18:16.944,2.17347,2.17393,1.34,1.00
2015.09.21 17:18:16.996,2.17353,2.17399,1.34,1.37
2015.09.21 17:18:17.047,2.17353,2.17399,1.34,1.00
2015.09.21 17:18:17.148,2.17351,2.17403,1.34,1.09
2015.09.21 17:18:17.815,2.17347,2.17399,1.50,1.34
2015.09.21 17:18:18.221,2.17346,2.17393,1.34,1.00
2015.09.21 17:18:19.522,2.17343,2.17394,1.84,1.00
2015.09.21 17:18:19.928,2.1735,2.17394,1.00,1.00
2015.09.21 17:18:20.390,2.1735,2.17398,1.00,1.00
2015.09.21 17:18:20.441,2.1735,2.17396,1.00,1.00
2015.09.21 17:18:20.745,2.17356,2.17396,1.34,1.00
2015.09.21 17:18:20.796,2.17356,2.17399,1.34,1.00
2015.09.21 17:18:20.847,2.17356,2.17403,1.34,1.00
2015.09.21 17:18:20.899,2.1736,2.17407,1.00,1.00
2015.09.21 17:18:23.102,2.1736,2.17406,1.00,1.00
2015.09.21 17:18:23.710,2.1736,2.17407,1.00,1.50
2015.09.21 17:18:24.310,2.1736,2.17406,1.00,1.00
2015.09.21 17:18:24.798,2.1736,2.17407,1.00,1.84
2015.09.21 17:18:25.178,2.1735,2.17387,1.00,1.00
2015.09.21 17:18:25.231,2.17339,2.17387,1.00,1.00
2015.09.21 17:18:25.837,2.17339,2.17383,1.00,1.00
2015.09.21 17:18:26.776,2.17335,2.17383,1.00,1.00
2015.09.21 17:18:26.827,2.17335,2.17385,1.00,1.00
2015.09.21 17:18:28.398,2.17335,2.17384,1.00,1.00
2015.09.21 17:18:28.873,2.17334,2.17381,1.00,1.00
2015.09.21 17:18:29.177,2.17334,2.17376,1.00,1.00
2015.09.21 17:18:29.329,2.17334,2.17381,1.00,2.25
2015.09.21 17:18:29.820,2.17328,2.17378,1.00,1.00
2015.09.21 17:18:29.972,2.17331,2.1738,1.00,1.50
2015.09.21 17:18:30.638,2.17331,2.17378,1.00,1.00
2015.09.21 17:18:31.411,2.17331,2.1738,1.00,1.00
2015.09.21 17:18:31.462,2.17328,2.17378,1.00,1.00
2015.09.21 17:18:31.767,2.17326,2.17375,1.00,1.00
2015.09.21 17:18:32.070,2.17326,2.17373,1.00,1.00
2015.09.21 17:18:32.453,2.17323,2.17373,1.00,1.50
2015.09.21 17:18:33.915,2.17332,2.17364,1.00,1.00
2015.09.21 17:18:34.812,2.17333,2.17368,1.00,1.00
2015.09.21 17:18:35.494,2.1734,2.17368,1.00,1.00
2015.09.21 17:18:35.546,2.17349,2.17383,1.00,1.00
2015.09.21 17:18:35.951,2.17352,2.17385,1.00,1.00
2015.09.21 17:18:37.003,2.17349,2.17382,1.00,1.00
2015.09.21 17:18:38.436,2.17353,2.17388,1.00,1.00
2015.09.21 17:18:38.487,2.17357,2.1739,1.00,1.00
2015.09.21 17:18:38.791,2.1736,2.17393,1.34,1.00
2015.09.21 17:18:38.843,2.17368,2.17401,1.00,1.50
2015.09.21 17:18:39.243,2.17369,2.17401,2.96,1.00
2015.09.21 17:18:39.294,2.17381,2.17422,1.84,1.00
2015.09.21 17:18:39.345,2.17381,2.17428,1.84,1.00
2015.09.21 17:18:39.396,2.17386,2.17434,1.34,1.00
2015.09.21 17:18:39.837,2.17389,2.1744,1.84,1.34
2015.09.21 17:18:39.888,2.17388,2.17444,1.34,1.00
2015.09.21 17:18:39.939,2.17389,2.17446,1.34,1.50
2015.09.21 17:18:40.092,2.17388,2.17449,1.34,1.50
2015.09.21 17:18:40.547,2.17395,2.17442,1.00,1.00
2015.09.21 17:18:44.525,2.17384,2.17433,1.00,1.00
2015.09.21 17:18:44.576,2.17388,2.17436,1.00,1.00
2015.09.21 17:18:44.728,2.17384,2.17434,1.00,1.00
2015.09.21 17:18:46.426,2.17385,2.17423,1.00,1.00
2015.09.21 17:18:46.578,2.1738,2.17423,1.00,1.00
2015.09.21 17:18:46.629,2.17376,2.17423,1.00,1.00
2015.09.21 17:18:46.782,2.17374,2.17419,1.00,1.00
2015.09.21 17:18:46.833,2.17372,2.17419,1.00,1.50
2015.09.21 17:18:46.936,2.1738,2.17424,1.00,1.00
2015.09.21 17:18:46.988,2.17378,2.17425,1.00,1.00
2015.09.21 17:18:47.039,2.17381,2.17429,1.34,1.37
2015.09.21 17:18:47.090,2.17388,2.17434,1.00,1.00
2015.09.21 17:18:47.461,2.17396,2.17444,1.00,1.00
2015.09.21 17:18:47.512,2.17396,2.17446,1.00,1.00
2015.09.21 17:18:47.664,2.17395,2.17442,1.00,1.00
2015.09.21 17:18:47.766,2.17391,2.17446,1.00,1.00
2015.09.21 17:18:49.130,2.17398,2.17446,1.00,1.00
2015.09.21 17:18:49.433,2.17405,2.17446,1.37,1.00
2015.09.21 17:18:49.787,2.17409,2.17458,1.00,1.00
2015.09.21 17:18:49.838,2.17409,2.17461,1.00,1.00
2015.09.21 17:18:49.889,2.17409,2.17463,1.00,1.00
2015.09.21 17:18:50.237,2.17418,2.17473,1.00,1.37
2015.09.21 17:18:50.288,2.17418,2.17473,1.00,1.00
2015.09.21 17:18:50.390,2.17421,2.17474,1.00,1.00
2015.09.21 17:18:50.693,2.17417,2.17472,1.00,1.00
2015.09.21 17:18:53.573,2.17421,2.17472,1.00,1.00
2015.09.21 17:18:53.624,2.17417,2.17472,1.23,1.00
2015.09.21 17:18:54.378,2.17421,2.17472,1.00,1.00
2015.09.21 17:18:54.530,2.17421,2.17475,1.50,1.00
2015.09.21 17:18:54.911,2.17417,2.17465,1.00,1.00
2015.09.21 17:18:54.963,2.17416,2.17467,1.00,1.00
2015.09.21 17:18:55.064,2.17412,2.17465,1.00,1.00
2015.09.21 17:18:55.171,2.17415,2.17465,1.23,1.00
2015.09.21 17:18:55.476,2.1742,2.17466,1.37,1.00
2015.09.21 17:18:55.577,2.1743,2.17479,1.00,1.00
2015.09.21 17:18:55.628,2.17429,2.17483,1.00,1.00
2015.09.21 17:18:56.077,2.17429,2.17483,1.75,1.00
2015.09.21 17:18:56.432,2.17432,2.17486,1.75,1.00
2015.09.21 17:18:57.106,2.17432,2.17485,1.00,1.00
2015.09.21 17:18:57.692,2.17432,2.17484,1.00,1.00
2015.09.21 17:18:58.448,2.17432,2.17483,1.00,1.00
2015.09.21 17:18:58.949,2.17432,2.17482,2.62,1.00
2015.09.21 17:18:59.051,2.17439,2.17486,1.12,1.00
2015.09.21 17:18:59.102,2.17442,2.17486,1.00,1.00
2015.09.21 17:18:59.153,2.17442,2.17494,1.00,1.00
2015.09.21 17:18:59.204,2.17442,2.175,1.00,1.00
2015.09.21 17:18:59.255,2.17443,2.17503,1.00,1.00
2015.09.21 17:18:59.407,2.17446,2.17504,1.00,1.00
2015.09.21 17:19:00.051,2.17446,2.17501,1.00,1.00
2015.09.21 17:19:00.153,2.1744,2.17496,1.00,1.00
2015.09.21 17:19:00.204,2.17438,2.17496,1.00,1.00
2015.09.21 17:19:00.255,2.17438,2.17492,1.00,1.00
2015.09.21 17:19:00.558,2.17435,2.17486,1.12,1.00
2015.09.21 17:19:00.861,2.1743,2.17468,2.25,1.00
2015.09.21 17:19:00.963,2.17428,2.17468,1.00,1.00
2015.09.21 17:19:01.318,2.17425,2.17466,1.23,1.00
2015.09.21 17:19:01.369,2.17421,2.17458,1.00,1.00
2015.09.21 17:19:01.421,2.17414,2.17458,1.00,1.50
2015.09.21 17:19:01.472,2.17405,2.17456,1.00,1.50
2015.09.21 17:19:01.523,2.17395,2.17456,2.21,1.50
2015.09.21 17:19:01.574,2.17395,2.17453,1.87,1.00
2015.09.21 17:19:01.877,2.17391,2.17449,1.00,1.00
2015.09.21 17:19:02.181,2.17391,2.17432,1.00,1.00
2015.09.21 17:19:02.836,2.17383,2.17437,1.17,1.00
2015.09.21 17:19:02.887,2.17383,2.17437,1.51,1.00
2015.09.21 17:19:06.602,2.17392,2.17437,1.00,1.00
2015.09.21 17:19:06.912,2.174,2.17443,1.50,1.00
2015.09.21 17:19:07.114,2.17397,2.17446,1.17,1.00
2015.09.21 17:19:07.367,2.17396,2.17444,1.50,1.00
2015.09.21 17:19:08.131,2.174,2.17444,1.00,1.00
2015.09.21 17:19:08.182,2.174,2.17449,1.00,1.00
2015.09.21 17:19:08.233,2.174,2.17453,1.00,1.00
2015.09.21 17:19:08.334,2.17405,2.17453,1.00,1.00
2015.09.21 17:19:08.840,2.17405,2.17452,1.00,1.00
2015.09.21 17:19:09.528,2.17405,2.17452,1.67,1.00
2015.09.21 17:19:10.057,2.17405,2.17452,1.50,1.00
2015.09.21 17:19:10.411,2.17405,2.1745,1.00,1.00
2015.09.21 17:19:10.614,2.17407,2.17453,1.00,1.12
2015.09.21 17:19:10.715,2.17407,2.17455,1.00,1.50
2015.09.21 17:19:11.640,2.17407,2.17453,1.00,1.00
2015.09.21 17:19:11.792,2.17396,2.17443,1.00,1.00
2015.09.21 17:19:11.894,2.17396,2.17441,1.00,1.00
2015.09.21 17:19:11.995,2.17391,2.17438,1.00,2.25
2015.09.21 17:19:12.300,2.17392,2.17442,1.00,1.00
2015.09.21 17:19:12.351,2.1739,2.17439,1.00,1.00
2015.09.21 17:19:12.837,2.17402,2.17439,1.00,1.00
2015.09.21 17:19:12.887,2.17402,2.17443,1.17,1.00
2015.09.21 17:19:12.939,2.17407,2.17446,1.00,1.37
2015.09.21 17:19:13.243,2.17422,2.17468,1.84,1.00
2015.09.21 17:19:13.294,2.17422,2.17472,1.34,1.09
2015.09.21 17:19:13.345,2.17422,2.17477,1.00,1.34
2015.09.21 17:19:13.598,2.17415,2.17463,1.12,1.00
2015.09.21 17:19:14.061,2.17417,2.17467,1.00,1.00
2015.09.21 17:19:15.201,2.17417,2.17466,1.00,1.00
2015.09.21 17:19:15.721,2.17417,2.17467,1.00,1.00
2015.09.21 17:19:16.435,2.17417,2.17466,1.00,1.00
2015.09.21 17:19:17.012,2.17417,2.17467,1.00,1.50
2015.09.21 17:19:17.064,2.17415,2.17463,1.00,1.00
2015.09.21 17:19:18.524,2.17418,2.17465,1.00,1.50
2015.09.21 17:19:18.991,2.17415,2.17462,1.00,1.00
2015.09.21 17:19:19.295,2.17412,2.17459,1.00,1.00
2015.09.21 17:19:20.397,2.17412,2.17458,1.50,1.00
2015.09.21 17:19:24.023,2.17421,2.17453,1.00,1.00
2015.09.21 17:19:24.326,2.17417,2.17452,1.00,1.00
2015.09.21 17:19:26.758,2.17425,2.17458,1.00,1.00
2015.09.21 17:19:26.809,2.17427,2.17461,1.00,1.00
2015.09.21 17:19:26.860,2.17422,2.17455,1.00,1.00
2015.09.21 17:19:29.143,2.17427,2.17461,1.00,1.00
2015.09.21 17:19:30.386,2.1743,2.17464,1.00,1.00
2015.09.21 17:19:30.741,2.17428,2.17461,1.00,1.00
2015.09.21 17:19:31.235,2.17426,2.17459,1.00,1.00
2015.09.21 17:19:38.200,2.17422,2.17455,1.00,1.00
2015.09.21 17:19:42.312,2.17422,2.17454,1.00,1.00
2015.09.21 17:19:42.616,2.17424,2.17459,1.00,1.00
2015.09.21 17:19:45.222,2.17425,2.17459,1.00,1.00
2015.09.21 17:19:45.551,2.17421,2.17455,1.00,1.00
2015.09.21 17:19:48.721,2.17419,2.17454,1.00,1.00
2015.09.21 17:19:48.940,2.17424,2.17457,1.00,1.00
2015.09.21 17:19:50.438,2.17422,2.17454,1.00,1.00
2015.09.21 17:19:50.897,2.17421,2.17455,2.62,1.00
2015.09.21 17:19:51.050,2.17436,2.17468,1.00,1.00
2015.09.21 17:19:51.152,2.17432,2.17467,1.00,1.00
2015.09.21 17:19:51.631,2.17429,2.17462,1.00,1.00
2015.09.21 17:19:52.229,2.17434,2.17467,1.00,1.00
2015.09.21 17:19:54.756,2.17429,2.17462,1.00,1.00
2015.09.21 17:19:55.060,2.17438,2.17472,1.00,1.50
2015.09.21 17:19:55.111,2.17441,2.17472,1.00,1.00
2015.09.21 17:19:55.162,2.17441,2.17475,1.00,1.00
2015.09.21 17:19:56.225,2.17439,2.17471,1.00,1.00
2015.09.21 17:19:56.528,2.17444,2.17476,1.00,1.00
2015.09.21 17:19:56.630,2.17448,2.17481,1.00,1.00
2015.09.21 17:19:56.731,2.17453,2.17488,1.00,1.00
2015.09.21 17:19:56.782,2.17453,2.17486,1.00,1.00
2015.09.21 17:19:57.405,2.17453,2.17488,1.00,1.00
2015.09.21 17:19:57.658,2.17462,2.17494,1.00,1.00
2015.09.21 17:19:57.709,2.17464,2.17498,1.00,1.00
2015.09.21 17:19:57.811,2.1747,2.17501,1.00,1.00
2015.09.21 17:19:57.913,2.1747,2.17503,1.00,1.00
2015.09.21 17:19:58.267,2.17472,2.17506,1.00,1.50
2015.09.21 17:19:59.025,2.1747,2.17503,1.00,1.00
2015.09.21 17:20:00.054,2.17469,2.17504,1.00,1.00
2015.09.21 17:20:00.358,2.17477,2.17511,1.00,1.50
2015.09.21 17:20:00.786,2.17477,2.17511,1.34,1.00
2015.09.21 17:20:00.837,2.17484,2.17516,1.00,1.00
2015.09.21 17:20:02.071,2.17484,2.17516,1.37,1.00
2015.09.21 17:20:02.993,2.17487,2.17519,1.50,1.00
2015.09.21 17:20:03.045,2.17487,2.17531,1.50,1.00
2015.09.21 17:20:03.197,2.17487,2.17527,1.12,1.00
2015.09.21 17:20:03.248,2.1748,2.17527,1.00,1.00
2015.09.21 17:20:03.299,2.17472,2.17519,1.37,1.00
2015.09.21 17:20:03.350,2.17472,2.17519,1.00,1.00
2015.09.21 17:20:03.724,2.17474,2.17521,1.00,1.00
2015.09.21 17:20:04.453,2.17471,2.17518,1.00,1.00
2015.09.21 17:20:05.439,2.17471,2.17517,1.00,1.00
2015.09.21 17:20:05.742,2.17468,2.17514,1.00,1.00
2015.09.21 17:20:07.820,2.17467,2.17514,1.00,1.00
2015.09.21 17:20:08.123,2.17464,2.1751,1.00,1.00
2015.09.21 17:20:10.974,2.17465,2.17512,1.00,1.00
2015.09.21 17:20:13.031,2.17465,2.17505,1.00,1.84
2015.09.21 17:20:13.082,2.17456,2.17502,1.37,1.00
2015.09.21 17:20:13.133,2.17452,2.17498,1.00,1.00
2015.09.21 17:20:13.234,2.17444,2.17493,1.00,1.00
2015.09.21 17:20:13.285,2.17439,2.17493,1.00,1.00
2015.09.21 17:20:13.386,2.17437,2.17493,1.30,1.00
2015.09.21 17:20:13.437,2.17439,2.17487,1.00,1.00
2015.09.21 17:20:14.094,2.17443,2.17476,1.00,1.00
2015.09.21 17:20:15.888,2.17455,2.17487,1.00,1.00
2015.09.21 17:20:15.989,2.17449,2.17482,1.00,1.00
2015.09.21 17:20:18.169,2.17447,2.17479,1.00,1.00
2015.09.21 17:20:18.220,2.17444,2.17477,1.00,1.00
2015.09.21 17:20:18.422,2.17441,2.17476,1.00,1.00
2015.09.21 17:20:18.473,2.17439,2.17472,1.00,1.00
2015.09.21 17:20:18.676,2.17445,2.1748,1.09,1.00
2015.09.21 17:20:19.293,2.17445,2.1748,1.34,1.50
2015.09.21 17:20:20.273,2.17454,2.17488,1.00,1.00
2015.09.21 17:20:21.602,2.17449,2.17481,1.00,1.00
2015.09.21 17:20:21.754,2.17452,2.17487,1.00,1.00
2015.09.21 17:20:22.435,2.17451,2.17483,1.00,1.00
2015.09.21 17:20:27.154,2.17453,2.17487,1.00,1.00
2015.09.21 17:20:42.330,2.17458,2.17487,1.00,1.00
2015.09.21 17:20:42.381,2.17462,2.17492,1.00,1.00
2015.09.21 17:20:42.709,2.17467,2.17526,1.17,1.80
2015.09.21 17:20:42.811,2.17467,2.17526,1.17,1.00
2015.09.21 17:20:43.116,2.17482,2.17515,1.00,1.00
2015.09.21 17:20:43.369,2.17477,2.17512,1.00,1.00
2015.09.21 17:20:48.288,2.17475,2.17509,1.00,1.00
2015.09.21 17:20:51.234,2.17454,2.17486,1.00,1.00
2015.09.21 17:20:51.386,2.17439,2.17498,1.00,1.00
2015.09.21 17:20:51.437,2.17449,2.17482,1.00,1.00
2015.09.21 17:21:01.358,2.17445,2.1748,1.00,1.00
2015.09.21 17:21:01.460,2.17444,2.17477,1.00,1.00
2015.09.21 17:21:01.562,2.1744,2.17475,1.00,1.00
2015.09.21 17:21:01.714,2.17444,2.17477,1.00,1.00
2015.09.21 17:21:04.334,2.1744,2.17475,1.00,1.00
2015.09.21 17:21:05.281,2.17439,2.17471,1.00,1.00
2015.09.21 17:21:07.230,2.1744,2.17475,1.00,1.00
2015.09.21 17:21:08.684,2.17443,2.17477,1.00,1.00
2015.09.21 17:21:09.574,2.17446,2.17478,1.00,1.00
2015.09.21 17:21:13.433,2.17448,2.17481,1.00,1.00
2015.09.21 17:21:14.078,2.1745,2.17485,1.00,1.00
2015.09.21 17:21:30.156,2.17447,2.17482,1.00,1.00
2015.09.21 17:21:40.513,2.17454,2.17488,1.00,1.00
2015.09.21 17:21:40.917,2.17463,2.17496,1.00,1.00
2015.09.21 17:21:41.069,2.17467,2.17502,1.00,1.00
2015.09.21 17:21:41.120,2.17471,2.17504,1.00,1.00
2015.09.21 17:21:41.422,2.17474,2.17506,1.00,1.00
2015.09.21 17:21:41.473,2.17471,2.17505,1.00,1.00
2015.09.21 17:21:41.771,2.17474,2.17509,1.00,1.00
2015.09.21 17:21:59.346,2.17478,2.17511,1.00,1.00
2015.09.21 17:22:11.307,2.17481,2.17513,1.00,1.00
2015.09.21 17:22:13.332,2.17483,2.17516,1.00,1.00
2015.09.21 17:22:14.240,2.1748,2.17513,1.00,1.00
2015.09.21 17:22:25.274,2.17484,2.17516,1.00,1.00
2015.09.21 17:22:38.821,2.1748,2.17515,1.00,1.00
2015.09.21 17:22:38.922,2.17477,2.17512,1.00,1.00
2015.09.21 17:22:39.476,2.17475,2.1751,1.00,1.00
2015.09.21 17:22:40.661,2.17478,2.17511,1.00,1.00
2015.09.21 17:22:49.352,2.17474,2.17506,1.00,1.00
2015.09.21 17:22:55.315,2.17473,2.17505,1.00,1.00
2015.09.21 17:22:55.972,2.17475,2.17509,1.00,1.00
2015.09.21 17:23:03.565,2.17472,2.17507,1.00,1.00
2015.09.21 17:23:04.071,2.17477,2.17511,1.00,1.00
2015.09.21 17:23:08.254,2.17473,2.17507,1.00,1.00
2015.09.21 17:23:08.963,2.1747,2.17504,1.00,1.00
2015.09.21 17:23:09.116,2.17467,2.17502,1.00,1.00
2015.09.21 17:23:09.218,2.17467,2.175,1.00,1.00
2015.09.21 17:23:10.212,2.17469,2.17502,1.00,1.00
2015.09.21 17:23:10.670,2.17472,2.17506,1.00,1.00
2015.09.21 17:23:11.763,2.17468,2.17503,1.00,1.00
2015.09.21 17:23:13.249,2.17471,2.17506,1.00,1.00
2015.09.21 17:23:21.098,2.17473,2.17506,1.00,1.00
2015.09.21 17:23:23.119,2.17476,2.17508,1.00,1.00
2015.09.21 17:23:30.069,2.17471,2.17506,1.00,1.00
2015.09.21 17:23:31.301,2.17476,2.17508,1.00,1.00
2015.09.21 17:23:31.574,2.17471,2.17506,1.12,1.00
2015.09.21 17:23:31.625,2.17475,2.17509,1.00,1.00
2015.09.21 17:23:38.152,2.17472,2.17505,1.00,1.00
2015.09.21 17:23:41.880,2.17468,2.17503,1.00,1.00
2015.09.21 17:23:50.467,2.17471,2.17504,1.00,1.00
2015.09.21 17:23:56.911,2.17464,2.17498,1.00,1.00
2015.09.21 17:23:57.063,2.17461,2.17495,1.00,1.00
2015.09.21 17:23:57.570,2.1746,2.17495,1.00,1.00
2015.09.21 17:24:01.151,2.17462,2.17497,1.00,1.00
2015.09.21 17:24:02.611,2.17469,2.17503,1.00,1.00
2015.09.21 17:24:02.916,2.17473,2.17505,1.00,1.00
2015.09.21 17:24:05.756,2.1747,2.17502,1.00,1.00
2015.09.21 17:24:06.418,2.17468,2.17499,1.00,1.00
2015.09.21 17:24:06.621,2.17464,2.17499,1.00,1.00
2015.09.21 17:24:07.013,2.17469,2.17501,1.00,1.00
2015.09.21 17:24:09.425,2.17463,2.17498,1.00,1.00
2015.09.21 17:24:14.917,2.1746,2.17495,1.00,1.00
2015.09.21 17:24:16.231,2.17459,2.17494,1.00,1.00
2015.09.21 17:24:19.959,2.17458,2.1749,1.00,1.00
2015.09.21 17:24:31.433,2.1746,2.17493,1.00,1.00
2015.09.21 17:24:54.463,2.17462,2.17497,1.00,1.00
2015.09.21 17:24:55.663,2.17466,2.17498,1.00,1.00
2015.09.21 17:25:01.875,2.17462,2.17496,1.00,1.00
2015.09.21 17:25:02.800,2.1746,2.17492,1.00,1.00
2015.09.21 17:25:14.198,2.17456,2.1749,1.00,1.00
2015.09.21 17:25:21.746,2.17453,2.17487,1.00,1.00
2015.09.21 17:25:21.847,2.1745,2.17485,1.00,1.50
2015.09.21 17:25:22.140,2.1745,2.17479,1.00,1.00
2015.09.21 17:25:22.191,2.17437,2.17469,1.00,1.00
2015.09.21 17:25:22.445,2.17433,2.17466,1.00,1.00
2015.09.21 17:25:22.648,2.17435,2.17469,1.00,1.00
2015.09.21 17:25:22.850,2.17438,2.1747,1.00,1.00
2015.09.21 17:25:23.305,2.17439,2.17474,1.00,1.00
2015.09.21 17:25:23.915,2.17443,2.17475,1.00,1.00
2015.09.21 17:25:24.472,2.17437,2.17472,1.00,1.00
2015.09.21 17:25:24.524,2.17441,2.17475,1.00,1.00
2015.09.21 17:25:27.226,2.17441,2.17474,1.00,1.00
2015.09.21 17:25:36.462,2.17437,2.17472,1.00,1.00
2015.09.21 17:25:36.513,2.17439,2.17472,1.00,1.00
2015.09.21 17:25:36.564,2.17442,2.17477,1.00,1.00
2015.09.21 17:25:36.615,2.17446,2.17478,1.00,1.00
2015.09.21 17:25:36.920,2.17457,2.17489,1.00,1.00
2015.09.21 17:25:37.496,2.17458,2.17493,1.00,1.00
2015.09.21 17:25:38.099,2.17457,2.1749,1.00,1.00
2015.09.21 17:25:40.060,2.17454,2.17488,1.00,1.00
2015.09.21 17:25:40.263,2.17452,2.17484,1.00,1.00
2015.09.21 17:25:40.415,2.17446,2.17481,1.00,1.00
2015.09.21 17:25:40.567,2.17445,2.17477,1.00,1.00
2015.09.21 17:25:40.904,2.17441,2.17475,1.00,1.00
2015.09.21 17:25:40.962,2.17443,2.17478,1.00,1.00
2015.09.21 17:25:41.266,2.17451,2.17484,1.00,1.00
2015.09.21 17:25:43.525,2.17447,2.17482,1.00,1.00
2015.09.21 17:25:47.283,2.1745,2.17483,1.00,1.00
2015.09.21 17:25:47.630,2.17453,2.17483,1.00,1.00
2015.09.21 17:25:47.682,2.17464,2.17497,1.00,1.00
2015.09.21 17:25:47.784,2.17466,2.175,1.00,1.00
2015.09.21 17:25:47.936,2.17463,2.17498,1.00,1.00
2015.09.21 17:25:48.593,2.17461,2.17494,1.00,1.00
2015.09.21 17:25:49.048,2.17453,2.17485,1.00,1.00
2015.09.21 17:25:49.099,2.17446,2.1748,1.00,1.00
2015.09.21 17:25:49.201,2.17448,2.17482,1.00,1.00
2015.09.21 17:25:49.524,2.17451,2.17486,1.00,1.00
2015.09.21 17:25:49.626,2.17453,2.17488,1.00,1.00
2015.09.21 17:25:49.930,2.17461,2.17493,1.00,1.00
2015.09.21 17:25:52.540,2.17455,2.17489,1.00,1.00
2015.09.21 17:25:52.592,2.17453,2.17487,1.00,1.00
2015.09.21 17:25:52.845,2.17443,2.17478,1.00,1.00
2015.09.21 17:25:53.333,2.17446,2.17479,1.00,1.00
2015.09.21 17:25:55.756,2.17448,2.17482,1.00,1.00
2015.09.21 17:25:58.869,2.17452,2.17487,1.00,1.00
2015.09.21 17:25:58.920,2.17456,2.17488,1.00,1.00
2015.09.21 17:25:59.022,2.17458,2.17492,1.00,1.00
2015.09.21 17:25:59.352,2.17464,2.17498,1.00,1.00
2015.09.21 17:26:01.001,2.17466,2.17501,1.00,1.00
2015.09.21 17:26:01.886,2.17463,2.17498,1.00,1.00
2015.09.21 17:26:02.224,2.17466,2.17501,1.00,1.00
2015.09.21 17:26:03.141,2.17464,2.17498,1.00,1.00
2015.09.21 17:26:08.778,2.17467,2.175,1.00,1.00
2015.09.21 17:26:09.687,2.17469,2.17503,1.00,1.00
2015.09.21 17:26:15.397,2.17471,2.17503,1.00,1.00
2015.09.21 17:26:15.448,2.17474,2.17508,1.00,1.00
2015.09.21 17:26:15.600,2.17478,2.17513,1.00,1.00
2015.09.21 17:26:15.965,2.17482,2.17515,1.00,1.00
2015.09.21 17:26:17.554,2.17486,2.17518,1.00,1.00
2015.09.21 17:26:18.672,2.17482,2.17516,1.00,1.00
2015.09.21 17:26:22.231,2.1748,2.17514,1.00,1.00
2015.09.21 17:26:23.328,2.17485,2.17519,1.00,1.00
2015.09.21 17:26:26.907,2.17487,2.17522,1.00,1.00
2015.09.21 17:26:27.741,2.1749,2.17522,1.00,1.00
2015.09.21 17:26:32.896,2.17494,2.17528,1.00,1.00
2015.09.21 17:26:33.200,2.17501,2.17533,1.00,1.00
2015.09.21 17:26:33.251,2.17496,2.1753,1.00,1.00
2015.09.21 17:26:33.353,2.17499,2.17532,1.00,1.00
2015.09.21 17:26:33.712,2.17502,2.17534,1.00,1.00
2015.09.21 17:26:34.118,2.17494,2.17529,1.00,1.00
2015.09.21 17:26:35.459,2.1749,2.17524,1.00,1.00
2015.09.21 17:26:35.996,2.17489,2.17523,1.00,1.00
2015.09.21 17:26:37.553,2.17487,2.17519,1.00,1.00
2015.09.21 17:26:37.705,2.17483,2.17517,1.00,1.00
2015.09.21 17:26:40.998,2.17479,2.17514,1.00,1.00
2015.09.21 17:26:46.411,2.17483,2.17515,1.00,1.00
2015.09.21 17:26:46.794,2.17494,2.17526,1.00,1.00
2015.09.21 17:26:47.055,2.17498,2.17532,1.00,1.00
2015.09.21 17:26:48.546,2.17492,2.17527,1.00,1.00
2015.09.21 17:26:48.597,2.1749,2.17524,1.00,1.00
2015.09.21 17:26:51.181,2.17493,2.17528,1.00,1.00
2015.09.21 17:26:51.655,2.17496,2.1753,1.00,1.00
2015.09.21 17:26:53.536,2.17501,2.17533,1.00,1.00
2015.09.21 17:26:53.688,2.17498,2.17531,1.00,1.00
2015.09.21 17:26:53.789,2.175,2.17535,1.00,1.00
2015.09.21 17:26:55.762,2.17498,2.17532,1.00,1.00
2015.09.21 17:26:56.065,2.17503,2.17538,1.00,1.00
2015.09.21 17:26:56.476,2.17507,2.1754,1.00,1.00
2015.09.21 17:27:00.873,2.17509,2.17544,1.00,1.00
2015.09.21 17:27:01.434,2.17507,2.17541,1.00,1.00
2015.09.21 17:27:01.737,2.1751,2.17544,1.00,1.00
2015.09.21 17:27:08.854,2.17513,2.17546,1.00,1.00
2015.09.21 17:27:09.784,2.17516,2.17548,1.00,1.00
2015.09.21 17:27:21.981,2.17512,2.17547,1.00,1.00
2015.09.21 17:27:23.146,2.17515,2.1755,1.00,1.00
2015.09.21 17:27:25.225,2.17518,2.17551,1.00,1.00
2015.09.21 17:27:29.973,2.17525,2.1756,1.00,1.00
2015.09.21 17:27:30.553,2.17523,2.17558,1.00,1.00
2015.09.21 17:27:31.414,2.17521,2.17554,1.00,1.00
2015.09.21 17:27:31.855,2.17524,2.17556,1.00,1.00
2015.09.21 17:27:31.906,2.17521,2.17554,1.00,1.00
2015.09.21 17:27:35.778,2.17518,2.17551,1.00,1.00
2015.09.21 17:27:42.500,2.17521,2.17553,1.00,1.00
2015.09.21 17:27:43.531,2.17524,2.17556,1.00,1.00
2015.09.21 17:27:43.683,2.17521,2.17554,1.00,1.00
2015.09.21 17:27:44.914,2.17523,2.17558,1.00,1.00
2015.09.21 17:27:45.319,2.17517,2.17551,1.00,1.00
2015.09.21 17:27:46.372,2.17521,2.17553,1.00,1.00
2015.09.21 17:27:48.464,2.17518,2.17551,1.00,1.00
2015.09.21 17:27:58.727,2.17513,2.17548,1.00,1.00
2015.09.21 17:28:02.740,2.17517,2.17549,1.00,1.00
2015.09.21 17:28:05.414,2.17519,2.17549,1.00,1.00
2015.09.21 17:28:05.515,2.17517,2.17549,1.09,1.00
2015.09.21 17:28:05.818,2.17526,2.1756,1.00,1.00
2015.09.21 17:28:05.869,2.17528,2.17563,1.00,1.00
2015.09.21 17:28:05.970,2.17533,2.17567,1.00,1.00
2015.09.21 17:28:06.601,2.1753,2.17563,1.00,1.00
2015.09.21 17:28:11.621,2.17533,2.17565,1.00,1.00
2015.09.21 17:28:16.356,2.17535,2.17567,1.00,1.00
2015.09.21 17:28:20.845,2.17538,2.1757,1.00,1.00
2015.09.21 17:28:21.157,2.1754,2.17573,1.00,1.00
2015.09.21 17:28:27.868,2.17537,2.17569,1.00,1.00
2015.09.21 17:28:29.091,2.17539,2.17573,1.00,1.00
2015.09.21 17:28:29.243,2.17536,2.17571,1.00,1.00
2015.09.21 17:28:29.294,2.17536,2.17568,1.00,1.00
2015.09.21 17:28:29.597,2.17539,2.17572,1.00,1.00
2015.09.21 17:28:31.231,2.17536,2.17568,1.00,1.00
2015.09.21 17:28:33.270,2.17535,2.1757,1.00,1.00
2015.09.21 17:28:33.321,2.17538,2.17572,1.00,1.00
2015.09.21 17:28:33.805,2.17535,2.1757,1.00,1.00
2015.09.21 17:28:39.462,2.17534,2.17566,1.00,1.00
2015.09.21 17:28:43.691,2.17526,2.17561,1.00,1.00
2015.09.21 17:28:43.843,2.17523,2.17558,1.00,1.00
2015.09.21 17:28:44.201,2.17517,2.17552,1.09,1.00
2015.09.21 17:28:47.309,2.17519,2.17554,1.00,1.00
2015.09.21 17:28:48.347,2.17523,2.17555,1.34,1.00
2015.09.21 17:28:49.263,2.17525,2.17558,1.34,1.00
2015.09.21 17:28:50.109,2.17528,2.17561,1.09,1.00
2015.09.21 17:28:52.922,2.1753,2.17565,1.00,1.00
2015.09.21 17:29:01.738,2.17532,2.17567,1.00,1.00
2015.09.21 17:29:10.302,2.17539,2.17571,1.00,1.00
2015.09.21 17:29:10.505,2.17536,2.17569,1.00,1.00
2015.09.21 17:29:23.603,2.17534,2.17566,1.00,1.00
2015.09.21 17:29:24.328,2.17529,2.17563,1.00,1.00
2015.09.21 17:29:29.226,2.17533,2.17566,1.00,1.00
2015.09.21 17:29:32.846,2.17537,2.1757,1.00,1.00
2015.09.21 17:29:46.141,2.17532,2.17567,1.00,1.00
2015.09.21 17:29:46.777,2.17536,2.17568,1.00,1.00
2015.09.21 17:29:54.308,2.17538,2.17571,1.00,1.00
2015.09.21 17:30:00.528,2.17535,2.17567,1.00,1.00
2015.09.21 17:30:01.033,2.17534,2.17567,1.00,1.00
2015.09.21 17:30:03.037,2.17533,2.17567,1.00,1.00
2015.09.21 17:30:03.390,2.17531,2.17565,1.00,1.00
2015.09.21 17:30:12.098,2.17534,2.17567,1.00,1.00
2015.09.21 17:30:16.424,2.17531,2.17563,1.00,1.00
2015.09.21 17:30:16.751,2.17533,2.17565,1.00,1.00
2015.09.21 17:30:27.359,2.1753,2.17564,1.00,1.00
2015.09.21 17:30:30.068,2.17529,2.17561,1.00,1.00
2015.09.21 17:30:37.401,2.17531,2.17563,1.00,1.00
2015.09.21 17:30:37.708,2.17529,2.17561,1.00,1.00
2015.09.21 17:30:50.469,2.17519,2.17554,1.00,1.00
2015.09.21 17:30:50.621,2.17523,2.17557,1.00,1.00
2015.09.21 17:30:50.924,2.17512,2.17546,1.00,1.00
2015.09.21 17:30:51.575,2.17513,2.17546,1.00,1.00
2015.09.21 17:30:51.852,2.17516,2.1755,1.00,1.00
2015.09.21 17:30:59.075,2.17514,2.17547,1.00,1.00
2015.09.21 17:31:00.692,2.17512,2.17544,1.00,1.00
2015.09.21 17:31:01.054,2.17508,2.17542,1.00,1.00
2015.09.21 17:31:05.809,2.17502,2.17536,1.00,1.00
2015.09.21 17:31:06.128,2.1749,2.17523,1.00,1.00
2015.09.21 17:31:06.230,2.17486,2.17521,1.00,1.00
2015.09.21 17:31:06.685,2.17476,2.17529,1.00,1.00
2015.09.21 17:31:06.735,2.17476,2.17518,1.00,1.00
2015.09.21 17:31:07.139,2.17476,2.17515,1.00,1.00
2015.09.21 17:31:07.864,2.17476,2.17508,1.50,1.00
2015.09.21 17:31:08.167,2.17473,2.17505,1.12,1.00
2015.09.21 17:31:09.093,2.17481,2.17505,1.00,1.00
2015.09.21 17:31:09.144,2.17483,2.17511,1.00,1.00
2015.09.21 17:31:09.422,2.17485,2.17511,1.37,1.00
2015.09.21 17:31:09.473,2.17495,2.17527,1.00,1.00
2015.09.21 17:31:09.677,2.17497,2.1753,1.00,1.00
2015.09.21 17:31:17.358,2.175,2.17534,1.00,1.00
2015.09.21 17:31:20.867,2.17503,2.17536,1.00,1.00
2015.09.21 17:31:23.521,2.17506,2.17539,1.00,1.00
2015.09.21 17:31:30.737,2.17509,2.17542,1.00,1.00
2015.09.21 17:31:31.040,2.17503,2.17538,1.00,1.00
2015.09.21 17:31:31.753,2.17506,2.1754,1.00,1.00
2015.09.21 17:31:34.454,2.17508,2.17543,1.00,1.00
2015.09.21 17:31:34.605,2.17505,2.1754,1.00,1.00
2015.09.21 17:31:34.909,2.17496,2.17531,1.00,1.50
2015.09.21 17:31:35.244,2.17494,2.17526,1.00,1.00
2015.09.21 17:31:35.447,2.17491,2.17524,1.00,1.00
2015.09.21 17:31:35.549,2.17491,2.17518,1.00,1.00
2015.09.21 17:31:35.600,2.17485,2.17517,1.00,1.00
2015.09.21 17:31:35.701,2.17481,2.17517,1.00,1.00
2015.09.21 17:31:35.752,2.17481,2.17515,1.00,1.00
2015.09.21 17:31:36.061,2.1748,2.17506,1.00,1.00
2015.09.21 17:31:36.677,2.17481,2.17506,1.00,1.00
2015.09.21 17:31:36.851,2.17474,2.17506,1.50,1.00
2015.09.21 17:31:38.121,2.17471,2.17503,1.00,1.00
2015.09.21 17:31:41.232,2.17474,2.17508,1.00,1.00
2015.09.21 17:31:52.634,2.17472,2.17505,1.00,1.00
2015.09.21 17:31:56.038,2.17474,2.17508,1.00,1.00
2015.09.21 17:32:00.151,2.17477,2.17509,1.00,1.00
2015.09.21 17:32:02.560,2.17479,2.17513,1.00,1.00
2015.09.21 17:32:10.467,2.17476,2.17511,1.00,1.00
2015.09.21 17:32:31.210,2.17477,2.17511,1.00,1.00
2015.09.21 17:32:31.757,2.17476,2.17511,1.00,1.00
2015.09.21 17:32:36.391,2.17479,2.17513,1.00,1.00
2015.09.21 17:32:36.723,2.17477,2.1751,1.00,1.00
2015.09.21 17:32:48.941,2.17472,2.17504,1.00,1.00
2015.09.21 17:32:49.623,2.17472,2.17503,1.00,1.00
2015.09.21 17:32:49.928,2.17472,2.17498,1.00,1.00
2015.09.21 17:32:51.054,2.17472,2.17498,1.00,1.34
2015.09.21 17:32:51.256,2.17453,2.17484,1.00,1.34
2015.09.21 17:32:51.307,2.17448,2.17482,1.37,1.00
2015.09.21 17:32:51.359,2.17447,2.1748,1.00,1.00
2015.09.21 17:32:51.410,2.17441,2.17494,2.59,1.00
2015.09.21 17:32:51.461,2.17454,2.17497,1.00,1.00
2015.09.21 17:32:51.779,2.1747,2.17504,1.00,1.00
2015.09.21 17:32:52.083,2.17469,2.17501,1.00,1.00
2015.09.21 17:32:52.385,2.17465,2.17499,1.00,1.00
2015.09.21 17:32:53.135,2.17463,2.17494,1.00,1.00
2015.09.21 17:32:53.187,2.17459,2.17491,1.00,1.00
2015.09.21 17:32:53.289,2.17451,2.17486,1.00,1.00
2015.09.21 17:32:53.542,2.17449,2.17482,1.00,1.00
2015.09.21 17:33:01.928,2.17446,2.17479,1.00,1.50
2015.09.21 17:33:02.080,2.17441,2.17476,1.00,1.00
2015.09.21 17:33:05.740,2.17446,2.17478,1.00,1.00
2015.09.21 17:33:20.084,2.17447,2.17481,1.00,1.00
2015.09.21 17:33:32.202,2.17447,2.17478,1.00,1.00
2015.09.21 17:33:32.354,2.17445,2.17478,1.00,1.00
2015.09.21 17:33:33.321,2.17442,2.17476,1.00,1.00
2015.09.21 17:33:41.966,2.1744,2.17473,1.00,1.00
2015.09.21 17:33:44.551,2.1744,2.17473,1.71,1.00
2015.09.21 17:33:44.753,2.17452,2.17484,1.00,1.00
2015.09.21 17:33:45.425,2.17453,2.17488,1.00,1.00
2015.09.21 17:33:47.127,2.17454,2.17488,1.00,1.00
2015.09.21 17:33:49.173,2.17456,2.17488,1.00,1.00
2015.09.21 17:33:49.274,2.1746,2.17493,1.00,1.00
2015.09.21 17:33:49.375,2.17462,2.17493,1.00,1.00
2015.09.21 17:33:50.156,2.17461,2.17493,1.00,1.00
2015.09.21 17:33:51.510,2.17462,2.17496,1.00,1.09
2015.09.21 17:34:00.055,2.17469,2.17503,1.00,1.00
2015.09.21 17:34:00.106,2.17471,2.17506,1.00,1.00
2015.09.21 17:34:00.259,2.17474,2.17509,1.00,1.00
2015.09.21 17:34:00.563,2.17477,2.17511,1.00,1.00
2015.09.21 17:34:00.866,2.17482,2.17515,1.00,1.00
2015.09.21 17:34:00.968,2.17484,2.17518,1.00,1.00
2015.09.21 17:34:02.417,2.17481,2.17515,1.00,1.00
2015.09.21 17:34:04.259,2.17485,2.17517,1.00,1.00
2015.09.21 17:34:04.310,2.17487,2.1752,1.00,1.00
2015.09.21 17:34:04.979,2.17489,2.17523,1.00,1.00
2015.09.21 17:34:06.711,2.17487,2.1752,1.00,1.00
2015.09.21 17:34:07.016,2.17491,2.17523,1.00,1.00
2015.09.21 17:34:12.539,2.17487,2.17521,1.00,1.00
2015.09.21 17:34:12.792,2.17481,2.17514,1.00,1.00
2015.09.21 17:34:21.749,2.17478,2.1751,1.00,1.00
2015.09.21 17:34:24.306,2.17478,2.1751,1.00,1.34
2015.09.21 17:34:24.960,2.17467,2.17502,1.00,1.00
2015.09.21 17:34:25.264,2.17466,2.17498,1.00,1.00
2015.09.21 17:34:25.417,2.17469,2.17502,1.00,1.00
2015.09.21 17:34:26.895,2.17472,2.17504,1.00,1.00
2015.09.21 17:34:27.412,2.17475,2.17507,1.00,1.00
2015.09.21 17:34:27.514,2.17477,2.1751,1.00,1.00
2015.09.21 17:34:31.216,2.1748,2.17515,1.00,1.00
2015.09.21 17:34:31.976,2.17477,2.17512,1.00,1.00
2015.09.21 17:34:32.280,2.17476,2.17509,1.00,1.00
2015.09.21 17:34:33.241,2.17478,2.17513,1.00,1.00
2015.09.21 17:34:34.607,2.17482,2.17514,1.00,1.00
2015.09.21 17:34:37.955,2.17484,2.17518,1.00,1.00
2015.09.21 17:34:39.677,2.17486,2.17521,1.00,1.00
2015.09.21 17:34:39.778,2.17479,2.17511,1.00,1.00
2015.09.21 17:34:44.234,2.1748,2.17515,1.00,1.00
2015.09.21 17:34:45.253,2.17484,2.17516,1.00,1.00
2015.09.21 17:34:47.696,2.17486,2.17519,1.00,1.00
2015.09.21 17:34:50.306,2.17483,2.17516,1.00,1.00
2015.09.21 17:34:52.855,2.17479,2.17514,1.00,1.00
2015.09.21 17:34:53.328,2.17475,2.1751,1.00,1.00
2015.09.21 17:34:53.632,2.17475,2.17503,1.00,1.00
2015.09.21 17:34:54.301,2.17464,2.17496,1.00,1.00
2015.09.21 17:35:00.546,2.17464,2.17493,1.00,1.00
2015.09.21 17:35:03.110,2.17464,2.17496,1.00,1.00
2015.09.21 17:35:05.609,2.17464,2.17494,1.00,1.00
2015.09.21 17:35:05.768,2.17464,2.17496,1.00,1.00
2015.09.21 17:35:12.015,2.17461,2.17493,1.00,1.00
2015.09.21 17:35:12.167,2.17448,2.17482,1.00,1.00
2015.09.21 17:35:12.218,2.17446,2.17478,1.00,1.00
2015.09.21 17:35:12.995,2.1745,2.17484,1.00,1.00
2015.09.21 17:35:13.152,2.17453,2.17488,1.00,1.00
2015.09.21 17:35:13.203,2.17457,2.17489,1.00,1.00
2015.09.21 17:35:13.664,2.1746,2.17493,1.00,1.00
2015.09.21 17:35:14.527,2.1746,2.17494,1.00,1.00
2015.09.21 17:35:15.281,2.17463,2.17495,1.00,1.00
2015.09.21 17:35:42.482,2.17461,2.17493,1.00,1.00
2015.09.21 17:35:42.634,2.17455,2.17488,1.00,1.00
2015.09.21 17:35:42.888,2.17445,2.17479,1.00,1.00
2015.09.21 17:35:43.262,2.17447,2.17479,1.00,1.00
2015.09.21 17:35:45.002,2.17451,2.17485,1.00,1.00
2015.09.21 17:35:45.834,2.17449,2.17483,1.00,1.00
2015.09.21 17:35:46.138,2.17458,2.17491,1.00,1.00
2015.09.21 17:35:49.138,2.17462,2.17494,1.00,1.00
2015.09.21 17:35:49.766,2.17457,2.17492,1.00,1.00
2015.09.21 17:35:49.817,2.17453,2.17485,1.00,1.00
2015.09.21 17:35:50.272,2.17448,2.17481,1.00,1.00
2015.09.21 17:35:50.424,2.17448,2.17478,1.00,1.00
2015.09.21 17:35:50.475,2.17445,2.17478,1.00,1.50
2015.09.21 17:35:56.152,2.17443,2.17475,1.00,1.00
2015.09.21 17:35:57.949,2.17438,2.17472,1.00,1.00
2015.09.21 17:36:02.737,2.17438,2.17469,1.00,1.00
2015.09.21 17:36:02.788,2.17432,2.17466,1.00,1.34
2015.09.21 17:36:02.940,2.17427,2.17461,1.00,1.00
2015.09.21 17:36:03.245,2.17424,2.17458,1.00,1.00
2015.09.21 17:36:08.081,2.17422,2.17454,1.00,1.00
2015.09.21 17:36:20.076,2.17418,2.17453,1.00,1.00
2015.09.21 17:36:26.178,2.17417,2.17449,1.00,1.00
2015.09.21 17:36:35.165,2.17419,2.17451,1.00,1.00
2015.09.21 17:37:03.162,2.17423,2.17451,1.00,1.00
2015.09.21 17:37:03.213,2.17428,2.17463,1.00,1.00
2015.09.21 17:37:03.264,2.17431,2.17465,1.00,1.00
2015.09.21 17:37:03.649,2.17442,2.17468,1.00,1.00
2015.09.21 17:37:03.700,2.17442,2.17498,1.00,1.46
2015.09.21 17:37:03.752,2.17446,2.17481,1.00,1.00
2015.09.21 17:37:04.057,2.1745,2.17482,1.00,1.00
2015.09.21 17:37:06.822,2.17447,2.1748,1.00,1.00
2015.09.21 17:37:12.472,2.17444,2.17479,1.00,1.00
2015.09.21 17:37:12.674,2.17442,2.17476,1.00,1.00
2015.09.21 17:37:12.978,2.17439,2.17473,1.00,1.00
2015.09.21 17:37:14.467,2.17435,2.1747,1.00,1.00
2015.09.21 17:37:17.421,2.17433,2.17467,1.00,1.00
2015.09.21 17:37:17.796,2.17427,2.17449,1.00,1.00
2015.09.21 17:37:17.847,2.17397,2.17448,1.12,1.34
2015.09.21 17:37:17.898,2.174,2.17455,1.00,1.37
2015.09.21 17:37:17.999,2.17413,2.17445,1.00,1.00
2015.09.21 17:37:18.555,2.17416,2.17449,1.00,1.00
2015.09.21 17:37:19.763,2.1742,2.17452,1.00,1.00
2015.09.21 17:37:21.635,2.17417,2.1745,1.00,1.00
2015.09.21 17:37:21.689,2.17417,2.17448,1.00,1.34
2015.09.21 17:37:21.993,2.17415,2.17447,1.00,1.00
2015.09.21 17:37:22.095,2.17411,2.17446,1.00,1.34
2015.09.21 17:37:22.146,2.17419,2.17453,1.00,1.34
2015.09.21 17:37:22.197,2.17411,2.17445,1.00,1.34
2015.09.21 17:37:22.248,2.17403,2.17435,1.00,1.00
2015.09.21 17:37:22.299,2.17399,2.17433,1.00,1.00
2015.09.21 17:37:22.400,2.17401,2.17433,1.00,1.00
2015.09.21 17:37:22.553,2.17402,2.17435,1.00,1.00
2015.09.21 17:37:22.655,2.17405,2.17437,1.00,1.00
2015.09.21 17:37:22.706,2.17407,2.1744,1.00,1.00
2015.09.21 17:37:23.236,2.17415,2.1745,1.00,1.00
2015.09.21 17:37:23.694,2.17419,2.17453,1.00,1.00
2015.09.21 17:37:24.706,2.17423,2.17455,1.00,1.00
2015.09.21 17:37:25.157,2.17428,2.1746,1.00,1.00
2015.09.21 17:37:25.512,2.17431,2.17463,1.00,1.00
2015.09.21 17:37:25.815,2.17428,2.1746,1.00,1.00
2015.09.21 17:37:26.859,2.17424,2.17458,1.00,1.00
2015.09.21 17:37:27.214,2.17421,2.17453,1.00,1.00
2015.09.21 17:37:27.265,2.17419,2.17452,1.00,1.00
2015.09.21 17:37:28.037,2.17423,2.17456,1.00,1.00
2015.09.21 17:37:28.367,2.1742,2.17452,1.00,1.00
2015.09.21 17:37:32.031,2.17421,2.17456,1.00,1.00
2015.09.21 17:37:33.673,2.17417,2.17449,1.00,1.00
2015.09.21 17:37:33.724,2.17419,2.17452,1.00,1.00
2015.09.21 17:37:34.729,2.17416,2.17449,1.00,1.00
2015.09.21 17:37:38.777,2.17418,2.17452,1.00,1.00
2015.09.21 17:37:39.438,2.17414,2.17448,1.00,1.00
2015.09.21 17:37:40.064,2.17418,2.1745,1.00,1.00
2015.09.21 17:37:41.580,2.1742,2.17454,1.00,1.00
2015.09.21 17:37:42.535,2.1742,2.17454,1.00,1.34
2015.09.21 17:37:42.913,2.17409,2.17444,1.00,1.00
2015.09.21 17:37:43.015,2.17411,2.17444,1.00,1.00
2015.09.21 17:37:43.319,2.17414,2.17447,1.00,1.00
2015.09.21 17:37:45.584,2.17411,2.17444,1.00,1.00
2015.09.21 17:37:47.933,2.17413,2.17448,1.00,1.00
2015.09.21 17:37:53.118,2.17417,2.17448,1.00,1.00
2015.09.21 17:37:58.403,2.17416,2.17448,1.00,1.00
2015.09.21 17:38:00.229,2.17413,2.17448,1.00,1.00
2015.09.21 17:38:01.376,2.17417,2.17448,1.00,1.00
2015.09.21 17:38:08.408,2.17421,2.17448,1.00,1.00
2015.09.21 17:38:08.509,2.17427,2.17459,1.00,1.00
2015.09.21 17:38:08.560,2.17425,2.1746,1.00,1.00
2015.09.21 17:38:08.611,2.17433,2.1746,1.00,1.00
2015.09.21 17:38:08.661,2.17433,2.17466,1.50,1.00
2015.09.21 17:38:08.914,2.17436,2.17469,1.00,1.00
2015.09.21 17:38:10.093,2.17438,2.17472,1.00,1.00
2015.09.21 17:38:10.347,2.17435,2.17467,1.00,1.00
2015.09.21 17:38:11.552,2.1743,2.17464,1.00,1.00
2015.09.21 17:38:12.353,2.17433,2.17468,1.00,1.00
2015.09.21 17:38:12.456,2.17437,2.17469,1.00,1.00
2015.09.21 17:38:21.607,2.17437,2.17468,1.00,1.00
2015.09.21 17:38:24.366,2.17437,2.17469,1.00,1.00
2015.09.21 17:38:30.286,2.17431,2.17466,1.00,1.00
2015.09.21 17:38:35.295,2.17429,2.17464,1.00,1.00
2015.09.21 17:38:36.976,2.17428,2.1746,1.00,1.00
2015.09.21 17:38:37.180,2.17423,2.17456,1.00,1.00
2015.09.21 17:38:37.231,2.17411,2.17445,1.00,1.00
2015.09.21 17:38:37.545,2.17413,2.17446,1.00,1.00
2015.09.21 17:38:39.500,2.17416,2.1745,1.00,1.00
2015.09.21 17:38:39.702,2.17423,2.17457,1.00,1.00
2015.09.21 17:38:40.006,2.17422,2.17454,1.00,1.00
2015.09.21 17:38:40.208,2.17424,2.17458,1.00,1.00
2015.09.21 17:38:42.826,2.17428,2.1746,1.00,1.00
2015.09.21 17:38:43.255,2.1743,2.17464,1.00,1.00
2015.09.21 17:38:44.125,2.1743,2.17463,1.00,1.00
2015.09.21 17:38:44.176,2.1743,2.17459,1.00,1.00
2015.09.21 17:38:44.227,2.17425,2.17459,1.00,1.00
2015.09.21 17:38:44.278,2.17413,2.17445,1.00,1.00
2015.09.21 17:38:44.329,2.17413,2.17447,1.00,1.00
2015.09.21 17:38:44.845,2.17412,2.17447,1.50,1.00
2015.09.21 17:38:45.224,2.17415,2.17449,1.00,1.00
2015.09.21 17:38:47.896,2.17419,2.17454,1.00,1.00
2015.09.21 17:38:49.233,2.17423,2.17457,1.00,1.00
2015.09.21 17:38:49.537,2.17429,2.17462,1.00,1.00
2015.09.21 17:38:51.170,2.17431,2.17465,1.00,1.00
2015.09.21 17:38:51.581,2.17428,2.17463,1.00,1.00
2015.09.21 17:39:01.491,2.1743,2.17465,1.00,1.00
2015.09.21 17:39:09.044,2.17427,2.1746,1.00,1.00
2015.09.21 17:39:12.223,2.17425,2.17458,1.00,1.00
2015.09.21 17:39:13.713,2.17423,2.17455,1.00,1.00
2015.09.21 17:39:14.050,2.1742,2.17452,1.00,1.00
2015.09.21 17:39:23.271,2.17417,2.17451,1.00,1.00
2015.09.21 17:39:23.643,2.17417,2.17448,1.00,1.00
2015.09.21 17:39:23.846,2.17417,2.17451,1.00,1.00
2015.09.21 17:39:24.202,2.17417,2.17448,1.00,1.50
2015.09.21 17:39:24.519,2.17417,2.17442,1.00,1.00
2015.09.21 17:39:24.672,2.17408,2.17441,1.00,1.00
2015.09.21 17:39:24.723,2.17405,2.17438,1.00,1.00
2015.09.21 17:39:24.774,2.17397,2.17432,1.00,1.00
2015.09.21 17:39:26.899,2.17393,2.17428,1.00,1.00
2015.09.21 17:39:27.205,2.17392,2.17424,1.00,1.00
2015.09.21 17:39:27.995,2.17389,2.17422,1.00,1.00
2015.09.21 17:39:28.462,2.17387,2.1742,1.00,1.00
2015.09.21 17:39:28.885,2.17384,2.17418,1.00,1.00
2015.09.21 17:39:29.251,2.17382,2.17414,1.00,1.00
2015.09.21 17:39:30.022,2.1738,2.17412,1.00,1.00
2015.09.21 17:39:37.571,2.17387,2.17422,1.00,1.00
2015.09.21 17:39:38.250,2.17391,2.17424,1.00,1.00
2015.09.21 17:39:38.351,2.17394,2.17428,1.00,1.00
2015.09.21 17:39:38.402,2.17397,2.17432,1.00,1.00
2015.09.21 17:39:38.553,2.17395,2.17428,1.00,1.00
2015.09.21 17:39:39.601,2.17395,2.17427,1.00,1.00
2015.09.21 17:39:39.703,2.17386,2.17421,1.00,1.00
2015.09.21 17:39:40.108,2.17393,2.17428,1.00,1.00
2015.09.21 17:39:40.786,2.17401,2.17434,1.00,1.00
2015.09.21 17:39:42.916,2.17397,2.17431,1.00,1.00
2015.09.21 17:39:45.797,2.17402,2.17435,1.00,1.00
2015.09.21 17:39:46.135,2.17405,2.17437,1.00,1.00
2015.09.21 17:39:47.367,2.17402,2.17435,1.00,1.00
2015.09.21 17:39:47.720,2.17404,2.17439,1.00,1.00
2015.09.21 17:39:51.621,2.17407,2.1744,1.00,1.00
2015.09.21 17:40:02.827,2.1741,2.17442,1.00,1.00
2015.09.21 17:40:08.256,2.17412,2.17444,1.00,1.00
2015.09.21 17:40:11.493,2.17408,2.17442,1.00,1.00
2015.09.21 17:40:18.798,2.17405,2.17439,1.00,1.00
2015.09.21 17:40:19.101,2.17403,2.17435,1.00,1.00
2015.09.21 17:40:20.383,2.174,2.17432,1.00,1.00
2015.09.21 17:40:28.451,2.17397,2.17429,1.00,1.00
2015.09.21 17:40:30.021,2.17399,2.17432,1.00,1.00
2015.09.21 17:40:31.384,2.17396,2.1743,1.00,1.00
2015.09.21 17:40:38.552,2.17403,2.17438,1.00,1.00
2015.09.21 17:40:38.704,2.174,2.17432,1.00,1.00
2015.09.21 17:40:38.754,2.17403,2.17436,1.00,1.00
2015.09.21 17:40:39.939,2.17401,2.17434,1.00,1.00
2015.09.21 17:40:40.242,2.17399,2.17431,1.00,1.00
2015.09.21 17:40:43.853,2.17395,2.17429,1.00,1.00
2015.09.21 17:41:01.330,2.17387,2.17419,1.00,1.00
2015.09.21 17:41:01.635,2.17384,2.17416,1.00,1.00
2015.09.21 17:41:08.082,2.17391,2.17426,1.00,1.00
2015.09.21 17:41:09.400,2.17388,2.17423,1.00,1.00
2015.09.21 17:41:10.188,2.17389,2.17423,1.00,1.00
2015.09.21 17:41:13.130,2.17392,2.17425,1.00,1.00
2015.09.21 17:41:13.181,2.17389,2.17423,1.00,1.00
2015.09.21 17:41:14.626,2.17393,2.17426,1.00,1.00
2015.09.21 17:41:15.654,2.17395,2.17428,1.00,1.00
2015.09.21 17:41:16.764,2.17397,2.17431,1.00,1.00
2015.09.21 17:41:24.064,2.17396,2.17428,1.00,1.00
2015.09.21 17:41:24.621,2.17393,2.17426,1.00,1.00
2015.09.21 17:41:24.967,2.17396,2.1743,1.00,1.00
2015.09.21 17:41:26.694,2.174,2.17433,1.00,1.00
2015.09.21 17:41:33.097,2.17403,2.17435,1.00,1.00
2015.09.21 17:41:43.790,2.174,2.17433,1.00,1.00
2015.09.21 17:41:46.480,2.17403,2.17436,1.00,1.00
2015.09.21 17:41:48.717,2.17406,2.17438,1.00,1.00
2015.09.21 17:41:52.748,2.17407,2.17441,1.00,1.00
2015.09.21 17:41:52.799,2.17404,2.17437,1.00,1.00
2015.09.21 17:41:53.266,2.17406,2.17437,1.00,1.00
2015.09.21 17:41:54.083,2.17404,2.17437,1.00,1.00
2015.09.21 17:41:54.285,2.17402,2.17435,1.00,1.00
2015.09.21 17:41:54.629,2.17406,2.17435,1.00,1.00
2015.09.21 17:41:55.252,2.17406,2.17438,1.00,1.00
2015.09.21 17:41:55.404,2.17407,2.17431,1.00,1.00
2015.09.21 17:41:55.726,2.17402,2.17425,1.00,1.00
2015.09.21 17:41:55.777,2.17397,2.17425,1.00,1.00
2015.09.21 17:41:56.600,2.17391,2.17425,1.00,1.00
2015.09.21 17:41:58.463,2.1739,2.17425,1.00,1.00
2015.09.21 17:41:59.240,2.17387,2.17422,1.00,1.00
2015.09.21 17:42:01.096,2.1739,2.17425,1.00,1.00
2015.09.21 17:42:01.400,2.174,2.17433,1.00,1.00
2015.09.21 17:42:01.916,2.17394,2.17426,1.00,1.00
2015.09.21 17:42:04.632,2.17397,2.17429,1.00,1.00
2015.09.21 17:42:04.834,2.17394,2.17427,1.00,1.00
2015.09.21 17:42:06.007,2.17396,2.1743,1.00,1.00
2015.09.21 17:42:15.789,2.17398,2.1743,1.00,1.00
2015.09.21 17:42:15.840,2.17394,2.17428,1.00,1.00
2015.09.21 17:42:15.892,2.17392,2.17421,1.00,1.00
2015.09.21 17:42:16.280,2.17381,2.17413,1.00,1.00
2015.09.21 17:42:16.483,2.17377,2.1741,1.00,1.00
2015.09.21 17:42:16.999,2.17378,2.1741,1.00,1.00
2015.09.21 17:42:17.050,2.17382,2.17414,1.00,1.00
2015.09.21 17:42:18.507,2.17378,2.17413,1.00,1.00
2015.09.21 17:42:20.747,2.17381,2.17415,1.00,1.00
2015.09.21 17:42:27.826,2.17384,2.17417,1.00,1.00
2015.09.21 17:42:34.492,2.17386,2.17421,1.00,1.00
2015.09.21 17:42:34.543,2.17392,2.17426,1.00,1.00
2015.09.21 17:42:34.847,2.1739,2.17423,1.00,1.00
2015.09.21 17:42:35.150,2.17387,2.17419,1.00,1.00
2015.09.21 17:42:38.226,2.1739,2.17422,1.00,1.00
2015.09.21 17:42:39.199,2.17392,2.17425,1.00,1.00
2015.09.21 17:42:43.476,2.17393,2.17428,1.00,1.00
2015.09.21 17:42:48.864,2.17396,2.17431,1.00,1.00
2015.09.21 17:42:50.300,2.17402,2.17436,1.00,1.00
2015.09.21 17:42:50.351,2.17409,2.17444,1.00,1.00
2015.09.21 17:42:50.453,2.17409,2.17439,1.00,1.00
2015.09.21 17:42:50.504,2.17402,2.17436,1.00,1.00
2015.09.21 17:42:50.555,2.17397,2.17431,1.00,1.00
2015.09.21 17:42:50.859,2.17394,2.17427,1.00,1.00
2015.09.21 17:42:58.315,2.17391,2.17424,1.00,1.00
2015.09.21 17:43:10.552,2.17392,2.17426,1.00,1.00
2015.09.21 17:43:10.654,2.1739,2.17423,1.00,1.00
2015.09.21 17:43:11.172,2.17387,2.17419,1.00,1.00
2015.09.21 17:43:23.897,2.1739,2.17422,1.00,1.00
2015.09.21 17:43:25.920,2.17404,2.17436,1.00,1.00
2015.09.21 17:43:26.174,2.17407,2.17442,1.00,1.00
2015.09.21 17:43:26.377,2.17404,2.17439,1.00,1.00
2015.09.21 17:43:26.681,2.17401,2.17436,1.00,1.00
2015.09.21 17:43:27.198,2.17402,2.17435,1.00,1.00
2015.09.21 17:43:37.082,2.17412,2.17435,1.00,1.00
2015.09.21 17:43:37.335,2.17412,2.17443,1.00,1.00
2015.09.21 17:43:37.862,2.17413,2.17447,1.00,1.00
2015.09.21 17:43:38.117,2.17411,2.17444,1.00,1.00
2015.09.21 17:43:40.596,2.17412,2.17444,1.00,1.00
2015.09.21 17:43:41.420,2.17411,2.17444,1.00,1.00
2015.09.21 17:43:42.367,2.1741,2.17444,1.00,1.00
2015.09.21 17:43:43.321,2.17411,2.17444,1.00,1.00
2015.09.21 17:43:43.727,2.17411,2.1744,1.00,1.00
2015.09.21 17:43:45.331,2.17407,2.1744,1.50,1.00
2015.09.21 17:43:46.658,2.17412,2.1744,1.00,1.00
2015.09.21 17:43:47.112,2.17407,2.17424,1.00,1.00
2015.09.21 17:43:47.163,2.17372,2.1741,1.00,1.00
2015.09.21 17:43:47.314,2.17367,2.1741,1.00,1.00
2015.09.21 17:43:47.365,2.17367,2.17413,1.00,1.50
2015.09.21 17:43:47.416,2.17376,2.17409,1.00,1.00
2015.09.21 17:43:47.974,2.17371,2.17405,1.00,1.00
2015.09.21 17:43:48.435,2.17366,2.17398,1.00,1.00
2015.09.21 17:43:48.977,2.17366,2.17399,1.00,1.00
2015.09.21 17:43:50.189,2.17362,2.17395,1.00,1.00
2015.09.21 17:43:50.341,2.17356,2.1739,1.50,1.00
2015.09.21 17:43:50.443,2.17359,2.17393,1.00,1.00
2015.09.21 17:43:51.102,2.17359,2.1739,1.00,1.00
2015.09.21 17:43:51.152,2.17348,2.1738,1.00,1.00
2015.09.21 17:43:51.552,2.17346,2.17379,1.00,1.00
2015.09.21 17:43:54.971,2.17354,2.17389,1.00,1.00
2015.09.21 17:43:55.022,2.17362,2.17392,1.00,1.00
2015.09.21 17:43:55.073,2.17362,2.17396,1.00,1.00
2015.09.21 17:43:55.224,2.17369,2.17402,1.00,1.00
2015.09.21 17:44:04.711,2.17373,2.17406,1.00,1.00
2015.09.21 17:44:04.964,2.17385,2.1742,1.00,1.00
2015.09.21 17:44:19.397,2.17385,2.17418,1.00,1.00
2015.09.21 17:44:20.316,2.17383,2.17417,1.00,1.00
2015.09.21 17:44:30.824,2.17383,2.17417,1.00,2.59
2015.09.21 17:44:31.127,2.17383,2.17409,1.00,1.00
2015.09.21 17:44:31.178,2.17383,2.17415,1.00,1.34
2015.09.21 17:44:31.872,2.17371,2.17403,1.00,1.00
2015.09.21 17:44:32.176,2.17368,2.174,1.00,1.00
2015.09.21 17:44:32.597,2.17363,2.17398,1.00,1.00
2015.09.21 17:44:32.699,2.17363,2.17395,1.00,1.00
2015.09.21 17:44:33.788,2.1736,2.17393,1.00,1.00
2015.09.21 17:44:46.564,2.1736,2.17389,1.00,1.09
2015.09.21 17:44:46.939,2.17355,2.17387,1.00,1.00
2015.09.21 17:44:46.990,2.17357,2.17391,1.00,1.50
2015.09.21 17:44:47.142,2.1736,2.17394,1.00,1.50
2015.09.21 17:44:47.553,2.17355,2.17388,1.00,1.00
2015.09.21 17:44:49.273,2.17359,2.17391,1.00,1.00
2015.09.21 17:44:52.376,2.17355,2.17389,1.00,1.00
2015.09.21 17:45:02.736,2.17358,2.17393,1.00,1.00
2015.09.21 17:45:10.701,2.17359,2.17393,1.00,1.00
2015.09.21 17:45:14.585,2.17356,2.17391,1.00,1.00
2015.09.21 17:45:19.067,2.17359,2.17393,1.00,1.00
2015.09.21 17:45:20.474,2.17363,2.17398,1.00,1.00
2015.09.21 17:45:25.134,2.17367,2.17401,1.00,1.00
2015.09.21 17:45:26.941,2.1736,2.17395,1.00,1.00
2015.09.21 17:45:31.322,2.17357,2.1739,1.00,1.00
2015.09.21 17:45:35.147,2.17359,2.17393,1.00,1.00
2015.09.21 17:45:35.959,2.17364,2.17395,1.00,1.00
2015.09.21 17:45:36.060,2.17365,2.17399,1.50,1.00
2015.09.21 17:45:36.431,2.17367,2.17402,1.00,1.00
2015.09.21 17:45:39.083,2.17368,2.17402,1.00,1.00
2015.09.21 17:45:39.185,2.17371,2.17405,1.00,1.00
2015.09.21 17:45:43.877,2.17371,2.17404,1.00,1.00
2015.09.21 17:45:55.024,2.17368,2.17402,1.00,1.00
2015.09.21 17:45:56.930,2.17361,2.17395,1.00,1.00
2015.09.21 17:45:57.336,2.17364,2.17398,1.00,1.00
2015.09.21 17:45:57.982,2.17368,2.174,1.00,1.00
2015.09.21 17:45:58.234,2.17372,2.17405,1.00,1.00
2015.09.21 17:46:25.761,2.17372,2.17403,1.00,1.00
2015.09.21 17:46:25.863,2.17372,2.17405,1.00,1.00
2015.09.21 17:46:25.964,2.17372,2.17403,1.00,1.00
2015.09.21 17:46:26.280,2.17372,2.17405,1.00,1.00
2015.09.21 17:46:43.858,2.17377,2.17412,1.00,1.00
2015.09.21 17:46:44.010,2.17384,2.17416,1.00,1.00
2015.09.21 17:46:44.313,2.17387,2.17419,1.00,1.00
2015.09.21 17:47:14.422,2.17385,2.17417,1.00,1.00
2015.09.21 17:47:14.474,2.17379,2.17413,1.00,1.00
2015.09.21 17:47:56.632,2.17379,2.17412,1.00,1.00
2015.09.21 17:47:56.734,2.17375,2.17404,1.00,1.00
2015.09.21 17:47:57.328,2.17375,2.17395,1.00,1.00
2015.09.21 17:47:57.621,2.17368,2.17395,1.00,1.00
2015.09.21 17:47:57.724,2.17366,2.17395,1.00,1.00
2015.09.21 17:47:59.285,2.17366,2.17392,1.00,1.34
2015.09.21 17:47:59.336,2.17363,2.17392,1.00,1.34
2015.09.21 17:47:59.539,2.17352,2.17385,1.00,1.00
2015.09.21 17:47:59.590,2.17349,2.17383,1.00,1.00
2015.09.21 17:48:01.545,2.17353,2.17386,1.00,1.00
2015.09.21 17:48:01.848,2.17357,2.17389,1.00,1.00
2015.09.21 17:48:02.461,2.1736,2.17389,1.00,1.00
2015.09.21 17:48:02.512,2.1736,2.17392,1.50,1.00
2015.09.21 17:48:03.150,2.17361,2.17396,1.00,1.00
2015.09.21 17:48:05.222,2.17359,2.17391,1.00,1.00
2015.09.21 17:48:10.605,2.17361,2.17394,1.00,1.00
2015.09.21 17:48:18.394,2.17361,2.17392,1.00,1.34
2015.09.21 17:48:18.596,2.17353,2.17387,1.00,1.00
2015.09.21 17:48:21.299,2.17355,2.17389,1.00,1.00
2015.09.21 17:48:21.771,2.17359,2.17391,1.00,1.00
2015.09.21 17:48:22.554,2.1736,2.17395,1.00,1.09
2015.09.21 17:48:23.597,2.17364,2.17396,1.00,1.00
2015.09.21 17:48:35.506,2.1736,2.17393,1.00,1.00
2015.09.21 17:48:36.842,2.17355,2.1739,1.00,1.00
2015.09.21 17:48:44.721,2.17353,2.17385,1.00,1.00
2015.09.21 17:48:47.371,2.17349,2.17384,1.00,1.00
2015.09.21 17:49:25.272,2.17355,2.1739,1.00,1.00
2015.09.21 17:49:25.575,2.17365,2.17398,1.00,1.00
2015.09.21 17:49:25.626,2.17371,2.17406,1.00,1.00
2015.09.21 17:49:25.727,2.17363,2.17397,1.00,1.00
2015.09.21 17:49:25.829,2.1736,2.17395,1.50,1.00
2015.09.21 17:49:26.346,2.17361,2.17395,1.00,1.00
2015.09.21 17:49:26.397,2.17365,2.17395,1.00,1.00
2015.09.21 17:49:26.448,2.17365,2.17399,1.50,1.00
2015.09.21 17:49:26.499,2.17371,2.17406,1.00,1.00
2015.09.21 17:49:26.702,2.17375,2.17408,1.00,1.00
2015.09.21 17:49:36.591,2.17378,2.17411,1.00,1.00
2015.09.21 17:49:50.460,2.17376,2.17409,1.00,1.00
2015.09.21 17:50:01.518,2.17377,2.17412,1.00,1.00
2015.09.21 17:50:12.138,2.17376,2.17409,1.00,1.00
2015.09.21 17:50:24.918,2.17371,2.17406,1.00,1.00
2015.09.21 17:50:24.969,2.17366,2.17397,1.00,1.00
2015.09.21 17:50:25.273,2.17364,2.17394,1.00,1.09
2015.09.21 17:50:25.795,2.17368,2.174,1.00,1.34
2015.09.21 17:50:25.998,2.17362,2.17396,1.00,1.34
2015.09.21 17:50:28.028,2.17362,2.17396,1.00,1.00
2015.09.21 17:50:52.683,2.1736,2.17393,1.00,1.00
2015.09.21 17:50:54.624,2.17364,2.17396,1.00,1.00
2015.09.21 17:51:02.706,2.1736,2.17393,1.00,1.00
2015.09.21 17:51:33.649,2.17357,2.1739,1.00,1.00
2015.09.21 17:51:37.716,2.17353,2.17388,1.00,1.00
2015.09.21 17:51:51.570,2.17358,2.1739,1.00,1.00
2015.09.21 17:52:11.427,2.17359,2.17394,1.00,1.00
2015.09.21 17:52:17.343,2.17363,2.17395,1.00,1.00
2015.09.21 17:52:32.529,2.1736,2.17392,1.00,1.00
2015.09.21 17:52:43.509,2.17357,2.17389,1.00,1.00
2015.09.21 17:52:53.850,2.17353,2.17386,1.00,1.00
2015.09.21 17:52:56.485,2.17335,2.1737,1.00,1.34
2015.09.21 17:52:56.640,2.17335,2.1737,1.37,1.00
2015.09.21 17:52:56.995,2.17335,2.1737,1.71,1.00
2015.09.21 17:52:57.096,2.17336,2.1737,1.37,1.00
2015.09.21 17:52:57.501,2.17335,2.1737,1.00,1.00
2015.09.21 17:52:57.603,2.17335,2.1737,1.34,1.00
2015.09.21 17:52:57.908,2.17335,2.1737,1.00,1.00
2015.09.21 17:52:58.163,2.17338,2.17373,1.00,1.00
2015.09.21 17:52:58.467,2.17342,2.17375,1.00,1.00
2015.09.21 17:52:58.770,2.17338,2.17371,1.00,1.00
2015.09.21 17:53:00.595,2.17332,2.17366,1.00,1.00
2015.09.21 17:53:07.197,2.17334,2.17368,1.00,1.00
2015.09.21 17:54:05.208,2.17332,2.17366,1.00,1.00
2015.09.21 17:54:05.738,2.17335,2.17368,1.00,1.00
2015.09.21 17:54:07.892,2.17332,2.17365,1.00,1.00
2015.09.21 17:54:10.235,2.1733,2.17363,1.00,1.00
2015.09.21 17:54:11.109,2.17333,2.17366,1.00,1.00
2015.09.21 17:54:13.824,2.17333,2.17364,1.00,1.00
2015.09.21 17:54:14.549,2.17333,2.17366,1.00,1.00
2015.09.21 17:54:16.458,2.17334,2.17369,1.00,1.00
2015.09.21 17:54:17.383,2.17337,2.17369,1.00,1.00
2015.09.21 17:54:17.726,2.17334,2.17369,1.00,1.00
2015.09.21 17:54:18.011,2.17337,2.17369,1.00,1.00
2015.09.21 17:54:19.762,2.17334,2.17369,1.00,1.00
2015.09.21 17:54:21.138,2.17336,2.17369,1.00,1.00
2015.09.21 17:54:21.536,2.17334,2.17369,1.00,1.00
2015.09.21 17:54:26.219,2.17331,2.17365,1.00,1.00
2015.09.21 17:54:27.318,2.1733,2.17365,1.00,1.00
2015.09.21 17:54:28.674,2.17329,2.17361,1.00,1.00
2015.09.21 17:54:34.452,2.17321,2.17348,1.00,1.00
2015.09.21 17:54:34.504,2.17312,2.17344,1.00,1.00
2015.09.21 17:54:34.656,2.17308,2.1734,1.00,1.00
2015.09.21 17:54:34.859,2.17305,2.17338,1.00,1.00
2015.09.21 17:54:37.557,2.17301,2.17334,1.00,1.00
2015.09.21 17:54:42.060,2.17303,2.17338,1.00,1.50
2015.09.21 17:54:46.616,2.17303,2.17336,1.00,1.00
2015.09.21 17:54:48.629,2.17303,2.17334,1.00,1.00
2015.09.21 17:54:50.158,2.17299,2.17334,1.00,1.50
2015.09.21 17:54:51.485,2.17299,2.17333,1.00,1.00
2015.09.21 17:54:52.821,2.17299,2.17332,1.00,1.00
2015.09.21 17:54:53.625,2.17299,2.17333,1.00,1.00
2015.09.21 17:54:54.148,2.17299,2.17334,1.00,1.00
2015.09.21 17:55:03.916,2.17302,2.17337,1.00,1.00
2015.09.21 17:55:15.051,2.17301,2.17334,1.00,1.00
2015.09.21 17:55:19.228,2.17304,2.17338,1.00,1.00
2015.09.21 17:55:21.171,2.17302,2.17334,1.00,1.00
2015.09.21 17:55:23.139,2.17304,2.17339,1.00,1.00
2015.09.21 17:55:24.511,2.17301,2.17335,1.00,1.00
2015.09.21 17:55:26.893,2.17308,2.17335,1.00,1.00
2015.09.21 17:55:26.944,2.17308,2.17342,1.50,1.00
2015.09.21 17:55:26.995,2.17312,2.17343,1.00,1.00
2015.09.21 17:55:27.046,2.17312,2.17347,1.00,1.00
2015.09.21 17:55:27.097,2.17312,2.17345,1.00,1.00
2015.09.21 17:55:27.149,2.17316,2.1735,1.00,1.00
2015.09.21 17:55:27.201,2.1732,2.17353,1.00,1.00
2015.09.21 17:55:27.252,2.17316,2.17351,1.00,1.00
2015.09.21 17:55:27.303,2.17324,2.17356,1.00,1.00
2015.09.21 17:55:27.356,2.17317,2.17351,1.00,1.00
2015.09.21 17:55:27.512,2.17311,2.17345,1.00,1.00
2015.09.21 17:55:27.950,2.17313,2.17347,1.00,1.00
2015.09.21 17:55:33.006,2.17316,2.17347,1.00,1.00
2015.09.21 17:55:33.259,2.17327,2.1736,1.00,1.00
2015.09.21 17:55:33.310,2.17323,2.17358,1.00,1.00
2015.09.21 17:55:34.990,2.17326,2.17361,1.00,1.00
2015.09.21 17:55:35.900,2.17324,2.17358,1.00,1.00
2015.09.21 17:55:38.979,2.17328,2.1736,1.00,1.00
2015.09.21 17:55:41.122,2.17325,2.17357,1.00,1.00
2015.09.21 17:55:53.860,2.17321,2.17356,1.00,1.00
2015.09.21 17:56:01.361,2.17325,2.17357,1.00,1.00
2015.09.21 17:56:15.969,2.17327,2.1736,1.00,1.00
2015.09.21 17:56:16.813,2.17323,2.17358,1.00,1.00
2015.09.21 17:56:18.258,2.1732,2.17355,1.00,1.00
2015.09.21 17:56:25.873,2.17323,2.17357,1.00,1.00
2015.09.21 17:56:31.913,2.17326,2.17359,1.00,1.50
2015.09.21 17:56:32.967,2.17324,2.17356,1.00,1.00
2015.09.21 17:56:43.687,2.17322,2.17357,1.00,1.34
2015.09.21 17:56:51.555,2.17325,2.1736,1.00,1.84
2015.09.21 17:56:53.270,2.17322,2.17357,1.00,1.34
2015.09.21 17:56:55.477,2.17322,2.17354,1.00,1.00
2015.09.21 17:56:55.585,2.17322,2.17357,1.00,1.34
2015.09.21 17:56:55.889,2.17325,2.1736,1.00,1.34
2015.09.21 17:56:58.094,2.17325,2.1736,1.00,1.00
2015.09.21 17:56:58.246,2.17328,2.17362,1.00,1.00
2015.09.21 17:56:58.549,2.17336,2.17368,1.00,1.00
2015.09.21 17:56:59.004,2.17339,2.17371,1.00,1.00
2015.09.21 17:57:02.087,2.17335,2.17368,1.00,1.00
2015.09.21 17:57:06.894,2.17332,2.17366,1.00,1.00
2015.09.21 17:57:08.986,2.17335,2.17368,1.00,1.00
2015.09.21 17:57:10.547,2.17334,2.17369,1.00,1.00
2015.09.21 17:57:14.322,2.17334,2.17369,1.34,1.00
2015.09.21 17:57:14.626,2.17341,2.17369,1.00,1.00
2015.09.21 17:57:15.394,2.17341,2.17374,1.50,1.00
2015.09.21 17:57:16.228,2.17345,2.17378,1.00,1.00
2015.09.21 17:57:22.512,2.17347,2.17378,1.00,1.00
2015.09.21 17:57:22.888,2.17345,2.17378,1.00,1.00
2015.09.21 17:57:23.293,2.17347,2.17381,1.00,1.00
2015.09.21 17:57:33.111,2.17345,2.17377,1.00,1.00
2015.09.21 17:57:37.118,2.17348,2.17381,1.00,1.00
2015.09.21 17:57:37.674,2.17351,2.17384,1.00,1.00
2015.09.21 17:57:38.135,2.17349,2.17381,1.00,1.00
2015.09.21 17:57:38.455,2.17352,2.17384,1.00,1.00
2015.09.21 17:57:57.425,2.17349,2.17383,1.00,1.00
2015.09.21 17:58:01.699,2.17345,2.17378,1.00,1.00
2015.09.21 17:58:02.730,2.17346,2.1738,1.00,1.00
2015.09.21 17:58:06.159,2.17342,2.17377,1.00,1.00
2015.09.21 17:58:06.261,2.17338,2.17373,1.00,1.00
2015.09.21 17:58:07.058,2.17341,2.17375,1.00,1.00
2015.09.21 17:58:17.125,2.17332,2.17366,1.50,1.00
2015.09.21 17:58:17.458,2.17335,2.1737,1.00,1.00
2015.09.21 17:58:17.765,2.17339,2.17372,1.00,1.00
2015.09.21 17:58:21.605,2.17342,2.17374,1.00,1.00
2015.09.21 17:58:25.932,2.17338,2.17371,1.00,1.00
2015.09.21 17:58:35.919,2.17335,2.17369,1.00,1.00
2015.09.21 17:58:46.255,2.17339,2.17372,1.00,1.00
2015.09.21 17:58:48.702,2.17342,2.17374,1.00,1.00
2015.09.21 17:58:50.609,2.17343,2.17377,1.00,1.00
2015.09.21 17:58:56.407,2.17346,2.17379,1.00,1.00
2015.09.21 17:59:01.813,2.17343,2.17378,1.00,1.00
2015.09.21 17:59:02.431,2.17342,2.17374,1.00,1.00
2015.09.21 17:59:08.238,2.17338,2.17371,1.00,1.00
2015.09.21 17:59:08.852,2.17337,2.17372,1.00,1.00
2015.09.21 17:59:09.232,2.17341,2.17374,1.00,1.00
2015.09.21 17:59:14.459,2.17336,2.1737,1.00,1.00
2015.09.21 17:59:23.875,2.17334,2.17368,1.00,1.00
2015.09.21 17:59:25.267,2.17337,2.17371,1.00,1.00
2015.09.21 17:59:26.284,2.17334,2.17367,1.00,1.00
2015.09.21 17:59:33.595,2.1733,2.17365,1.00,1.00
2015.09.21 17:59:36.010,2.17328,2.17363,1.00,1.00
2015.09.21 17:59:36.314,2.17333,2.17365,1.00,1.00
2015.09.21 17:59:37.866,2.1733,2.17362,1.00,1.00
2015.09.21 17:59:38.424,2.17326,2.17361,1.00,1.00
2015.09.21 17:59:40.171,2.17329,2.17363,1.00,1.00
2015.09.21 17:59:40.474,2.17335,2.17367,1.00,1.00
2015.09.21 17:59:40.576,2.17331,2.17365,1.00,1.00
2015.09.21 17:59:40.677,2.17328,2.17363,1.00,1.00
2015.09.21 17:59:41.462,2.1733,2.17364,1.00,1.00
2015.09.21 17:59:42.182,2.17331,2.17364,1.00,1.00
2015.09.21 17:59:42.558,2.17344,2.17378,1.00,1.00
2015.09.21 17:59:43.174,2.17347,2.1738,1.00,1.00
2015.09.21 17:59:44.486,2.17349,2.17383,1.00,1.00
2015.09.21 17:59:46.497,2.17346,2.17381,1.00,1.00
2015.09.21 17:59:46.548,2.17345,2.17377,1.00,1.00
