2018.05.09 11:00:00.029,1.81986,1.82006,1.00,1.00
2018.05.09 11:00:00.131,1.81983,1.82005,2.06,1.00
2018.05.09 11:00:00.182,1.81983,1.82002,3.56,1.00
2018.05.09 11:00:00.668,1.81985,1.82005,1.00,1.00
2018.05.09 11:00:00.770,1.81992,1.82005,1.00,1.00
2018.05.09 11:00:00.822,1.81986,1.82005,1.50,1.00
2018.05.09 11:00:01.061,1.81986,1.82014,1.00,1.00
2018.05.09 11:00:01.559,1.81987,1.82012,1.00,1.00
2018.05.09 11:00:02.098,1.81986,1.82013,1.44,1.00
2018.05.09 11:00:02.679,1.81997,1.82018,1.00,1.44
2018.05.09 11:00:02.886,1.82,1.82023,1.50,1.00
2018.05.09 11:00:03.421,1.82,1.82022,1.88,1.00
2018.05.09 11:00:03.478,1.82007,1.8203,1.00,1.00
2018.05.09 11:00:04.440,1.82006,1.8203,1.50,1.00
2018.05.09 11:00:04.984,1.82007,1.82031,1.00,1.00
2018.05.09 11:00:05.505,1.82006,1.82031,1.00,1.00
2018.05.09 11:00:06.016,1.82007,1.82032,1.25,1.00
2018.05.09 11:00:06.535,1.82006,1.82032,1.25,1.00
2018.05.09 11:00:06.738,1.82007,1.8203,1.00,1.00
2018.05.09 11:00:07.049,1.82006,1.82027,1.50,1.00
2018.05.09 11:00:07.534,1.82008,1.82031,1.00,1.00
2018.05.09 11:00:08.044,1.82009,1.82031,1.25,1.00
2018.05.09 11:00:08.446,1.82014,1.82031,1.00,1.00
2018.05.09 11:00:08.601,1.82026,1.82045,1.00,1.00
2018.05.09 11:00:08.704,1.82031,1.82049,1.50,1.00
2018.05.09 11:00:09.215,1.82032,1.82048,1.00,1.00
2018.05.09 11:00:09.387,1.8203,1.82047,1.00,1.00
2018.05.09 11:00:09.438,1.82025,1.82047,1.69,1.00
2018.05.09 11:00:09.693,1.82026,1.82049,1.00,1.00
2018.05.09 11:00:09.845,1.82033,1.82049,1.00,1.00
2018.05.09 11:00:09.897,1.82033,1.82053,1.00,1.00
2018.05.09 11:00:10.578,1.82033,1.82052,1.00,1.00
2018.05.09 11:00:11.196,1.82033,1.8205,1.00,1.00
2018.05.09 11:00:11.506,1.8203,1.8205,1.00,1.00
2018.05.09 11:00:12.694,1.8203,1.82049,1.00,1.00
2018.05.09 11:00:12.994,1.82027,1.82049,1.25,1.00
2018.05.09 11:00:13.417,1.82024,1.82049,1.50,2.06
2018.05.09 11:00:13.469,1.82022,1.82039,1.00,1.00
2018.05.09 11:00:13.521,1.82015,1.82039,1.00,1.00
2018.05.09 11:00:13.676,1.82013,1.82039,1.00,1.00
2018.05.09 11:00:13.754,1.82013,1.82041,1.00,1.00
2018.05.09 11:00:13.806,1.82009,1.82036,3.00,1.00
2018.05.09 11:00:13.908,1.82013,1.82041,1.00,1.00
2018.05.09 11:00:13.960,1.82013,1.82038,1.00,1.00
2018.05.09 11:00:14.065,1.82009,1.82038,3.75,1.00
2018.05.09 11:00:14.392,1.82007,1.82037,1.25,1.00
2018.05.09 11:00:14.495,1.82007,1.82035,1.56,1.00
2018.05.09 11:00:14.803,1.82016,1.82043,2.06,1.00
2018.05.09 11:00:15.133,1.82026,1.82043,1.38,1.00
2018.05.09 11:00:15.184,1.82028,1.8205,2.06,1.00
2018.05.09 11:00:15.235,1.82036,1.8205,1.25,1.00
2018.05.09 11:00:15.287,1.8204,1.82057,1.00,1.00
2018.05.09 11:00:15.391,1.82043,1.82061,1.38,1.00
2018.05.09 11:00:15.496,1.82044,1.82065,1.00,1.00
2018.05.09 11:00:15.598,1.82044,1.8207,1.00,1.00
2018.05.09 11:00:15.699,1.82043,1.82068,1.00,1.00
2018.05.09 11:00:16.383,1.82043,1.82068,1.88,1.00
2018.05.09 11:00:16.689,1.82043,1.82071,1.88,1.00
2018.05.09 11:00:17.229,1.82043,1.82071,1.88,1.00
2018.05.09 11:00:17.291,1.82043,1.82071,1.00,1.00
2018.05.09 11:00:17.343,1.82045,1.82071,1.25,1.00
2018.05.09 11:00:17.650,1.82053,1.82075,1.00,1.00
2018.05.09 11:00:18.258,1.82054,1.82074,1.00,1.00
2018.05.09 11:00:18.771,1.82053,1.82073,1.00,1.00
2018.05.09 11:00:19.291,1.82054,1.82074,1.00,1.00
2018.05.09 11:00:19.776,1.8206,1.82081,1.00,1.00
2018.05.09 11:00:19.827,1.8206,1.82081,2.06,1.00
2018.05.09 11:00:19.981,1.82072,1.82092,1.00,1.00
2018.05.09 11:00:20.032,1.82078,1.82092,1.00,1.00
2018.05.09 11:00:20.084,1.82078,1.82098,1.00,1.00
2018.05.09 11:00:20.214,1.82071,1.82094,2.25,1.00
2018.05.09 11:00:20.368,1.82068,1.82093,1.00,1.50
2018.05.09 11:00:20.728,1.82066,1.82089,1.00,1.00
2018.05.09 11:00:20.780,1.82064,1.82089,1.00,1.50
2018.05.09 11:00:21.293,1.82063,1.82089,1.50,1.00
2018.05.09 11:00:21.647,1.82064,1.82089,1.44,1.00
2018.05.09 11:00:21.749,1.82064,1.82089,1.00,1.00
2018.05.09 11:00:21.951,1.82063,1.82092,1.69,1.37
2018.05.09 11:00:22.073,1.82071,1.82097,1.31,1.50
2018.05.09 11:00:22.381,1.82081,1.82108,1.00,1.00
2018.05.09 11:00:22.483,1.82081,1.82108,1.56,1.00
2018.05.09 11:00:23.027,1.82081,1.82111,2.06,1.00
2018.05.09 11:00:23.183,1.82081,1.82108,1.75,1.00
2018.05.09 11:00:23.735,1.82092,1.82107,1.00,1.00
2018.05.09 11:00:23.786,1.82092,1.82115,1.00,1.00
2018.05.09 11:00:23.990,1.82092,1.82113,1.00,1.00
2018.05.09 11:00:24.504,1.82093,1.82113,1.00,1.50
2018.05.09 11:00:24.863,1.82083,1.82108,1.00,1.00
2018.05.09 11:00:24.964,1.8208,1.82103,3.56,1.00
2018.05.09 11:00:25.279,1.82073,1.82095,1.19,1.00
2018.05.09 11:00:25.380,1.82069,1.82095,1.69,1.00
2018.05.09 11:00:25.482,1.82069,1.82092,1.25,1.00
2018.05.09 11:00:26.004,1.82068,1.82091,1.50,1.00
2018.05.09 11:00:26.409,1.82072,1.82091,1.75,1.00
2018.05.09 11:00:26.511,1.82078,1.821,1.56,1.00
2018.05.09 11:00:26.604,1.82084,1.821,1.00,1.00
2018.05.09 11:00:26.657,1.82081,1.82103,1.00,1.00
2018.05.09 11:00:26.708,1.82076,1.821,1.00,1.00
2018.05.09 11:00:26.965,1.82076,1.82096,1.50,1.00
2018.05.09 11:00:27.170,1.82072,1.82096,1.00,1.00
2018.05.09 11:00:27.272,1.8207,1.82096,1.69,1.00
2018.05.09 11:00:27.374,1.8207,1.82094,1.00,1.00
2018.05.09 11:00:27.699,1.82073,1.82093,1.00,1.00
2018.05.09 11:00:28.004,1.82088,1.82105,1.00,1.00
2018.05.09 11:00:28.055,1.82085,1.82105,1.50,1.00
2018.05.09 11:00:28.157,1.82081,1.82105,1.00,1.00
2018.05.09 11:00:28.208,1.8208,1.82099,1.00,1.00
2018.05.09 11:00:28.513,1.82081,1.82102,1.00,1.00
2018.05.09 11:00:28.565,1.8208,1.82105,1.69,1.00
2018.05.09 11:00:28.617,1.82083,1.82105,1.00,1.00
2018.05.09 11:00:28.906,1.82081,1.82104,1.00,1.00
2018.05.09 11:00:28.958,1.82078,1.82104,1.31,1.00
2018.05.09 11:00:29.096,1.82078,1.82099,1.31,1.00
2018.05.09 11:00:29.552,1.82073,1.82099,2.44,1.00
2018.05.09 11:00:30.059,1.82073,1.82098,2.62,1.00
2018.05.09 11:00:30.708,1.82073,1.82098,1.56,1.00
2018.05.09 11:00:31.013,1.82076,1.82098,1.38,1.00
2018.05.09 11:00:31.307,1.82095,1.82116,1.00,1.00
2018.05.09 11:00:31.359,1.82092,1.82116,1.25,1.00
2018.05.09 11:00:31.565,1.82092,1.82112,1.00,1.00
2018.05.09 11:00:31.668,1.82091,1.82115,1.31,1.00
2018.05.09 11:00:31.772,1.82087,1.8211,1.12,1.00
2018.05.09 11:00:32.095,1.82076,1.82099,2.06,1.00
2018.05.09 11:00:32.472,1.82079,1.82096,1.00,1.00
2018.05.09 11:00:33.285,1.8208,1.82096,1.00,1.00
2018.05.09 11:00:33.604,1.82081,1.82093,1.00,1.00
2018.05.09 11:00:34.345,1.82077,1.82093,1.37,1.00
2018.05.09 11:00:34.687,1.82076,1.82095,2.06,1.00
2018.05.09 11:00:34.738,1.82082,1.82095,2.81,1.00
2018.05.09 11:00:34.992,1.82082,1.82098,2.06,1.00
2018.05.09 11:00:35.094,1.82082,1.821,1.94,1.00
2018.05.09 11:00:35.507,1.82087,1.82101,1.00,1.00
2018.05.09 11:00:35.558,1.82082,1.82101,1.50,1.00
2018.05.09 11:00:35.609,1.82082,1.82098,1.50,1.00
2018.05.09 11:00:35.964,1.82082,1.82096,1.00,1.00
2018.05.09 11:00:36.168,1.82082,1.82098,1.50,1.00
2018.05.09 11:00:36.673,1.82082,1.82096,1.00,1.00
2018.05.09 11:00:36.826,1.82078,1.82096,1.00,1.00
2018.05.09 11:00:36.877,1.82076,1.82093,1.00,1.00
2018.05.09 11:00:36.928,1.82073,1.82093,1.00,1.00
2018.05.09 11:00:36.979,1.82073,1.82089,1.50,1.00
2018.05.09 11:00:37.081,1.82071,1.82089,1.00,1.00
2018.05.09 11:00:37.284,1.8207,1.82086,1.50,1.00
2018.05.09 11:00:37.509,1.82071,1.8209,1.25,1.00
2018.05.09 11:00:37.668,1.82071,1.8209,1.56,1.00
2018.05.09 11:00:38.176,1.82074,1.8209,1.00,1.00
2018.05.09 11:00:38.487,1.82074,1.82092,1.13,1.00
2018.05.09 11:00:38.589,1.82077,1.82094,1.44,1.00
2018.05.09 11:00:38.767,1.82084,1.82097,1.56,1.00
2018.05.09 11:00:38.819,1.82084,1.82101,1.56,1.00
2018.05.09 11:00:39.024,1.82084,1.82101,2.06,1.00
2018.05.09 11:00:39.178,1.82087,1.82105,1.56,1.00
2018.05.09 11:00:39.381,1.82087,1.82107,1.31,1.00
2018.05.09 11:00:39.910,1.82088,1.82106,1.31,1.00
2018.05.09 11:00:40.306,1.82088,1.82103,1.00,1.00
2018.05.09 11:00:41.112,1.82084,1.82103,2.25,1.00
2018.05.09 11:00:41.467,1.82085,1.82101,1.31,1.00
2018.05.09 11:00:41.790,1.82087,1.82105,2.25,1.00
2018.05.09 11:00:42.185,1.82087,1.82105,2.25,1.00
2018.05.09 11:00:42.337,1.82091,1.82104,1.00,1.00
2018.05.09 11:00:42.489,1.82088,1.82103,1.12,1.00
2018.05.09 11:00:42.641,1.82087,1.82103,2.06,1.00
2018.05.09 11:00:42.692,1.82088,1.82105,1.56,1.00
2018.05.09 11:00:42.845,1.82088,1.82105,1.00,1.00
2018.05.09 11:00:42.997,1.82087,1.82102,1.50,1.00
2018.05.09 11:00:43.295,1.82084,1.82101,1.00,1.00
2018.05.09 11:00:43.824,1.82082,1.821,1.69,1.00
2018.05.09 11:00:43.875,1.82082,1.82097,1.94,1.00
2018.05.09 11:00:44.553,1.82081,1.82097,2.44,1.00
2018.05.09 11:00:44.604,1.82088,1.82107,1.38,1.00
2018.05.09 11:00:44.705,1.82088,1.82103,1.00,1.00
2018.05.09 11:00:44.807,1.82088,1.82106,1.00,1.00
2018.05.09 11:00:45.326,1.82087,1.82106,1.50,1.00
2018.05.09 11:00:45.580,1.82087,1.82104,1.00,1.00
2018.05.09 11:00:45.894,1.82087,1.82102,1.50,1.00
2018.05.09 11:00:46.097,1.82088,1.82105,1.00,1.00
2018.05.09 11:00:46.301,1.82088,1.82105,1.38,1.00
2018.05.09 11:00:46.404,1.82091,1.82108,1.00,1.00
2018.05.09 11:00:46.507,1.82092,1.82108,1.62,1.00
2018.05.09 11:00:46.823,1.82098,1.82113,1.00,1.00
2018.05.09 11:00:46.979,1.82098,1.82115,1.00,1.00
2018.05.09 11:00:47.485,1.82097,1.82115,1.50,1.00
2018.05.09 11:00:47.988,1.82098,1.82115,1.00,1.00
2018.05.09 11:00:48.642,1.82097,1.82115,1.87,1.00
2018.05.09 11:00:49.577,1.82097,1.82118,1.12,1.00
2018.05.09 11:00:50.091,1.82098,1.8212,1.25,1.00
2018.05.09 11:00:50.244,1.82103,1.8212,1.00,1.00
2018.05.09 11:00:50.486,1.82103,1.82122,1.00,1.00
2018.05.09 11:00:50.691,1.82103,1.82124,1.00,1.00
2018.05.09 11:00:50.963,1.82103,1.8212,1.25,1.00
2018.05.09 11:00:51.378,1.82103,1.82118,1.00,1.00
2018.05.09 11:00:51.432,1.82094,1.82118,1.50,1.00
2018.05.09 11:00:51.484,1.82095,1.82109,1.00,1.00
2018.05.09 11:00:51.586,1.82093,1.82109,1.00,1.00
2018.05.09 11:00:51.637,1.82087,1.82109,1.25,1.00
2018.05.09 11:00:51.689,1.82087,1.82109,1.19,1.00
2018.05.09 11:00:51.993,1.82086,1.82106,2.25,1.00
2018.05.09 11:00:52.095,1.82086,1.82106,1.25,1.00
2018.05.09 11:00:52.628,1.82086,1.82105,1.69,1.00
2018.05.09 11:00:53.091,1.82086,1.82105,1.38,1.00
2018.05.09 11:00:53.400,1.82093,1.82112,2.06,1.00
2018.05.09 11:00:53.745,1.82094,1.82113,1.81,1.00
2018.05.09 11:00:53.899,1.82094,1.82113,1.12,1.00
2018.05.09 11:00:53.951,1.82087,1.82113,3.19,1.00
2018.05.09 11:00:54.003,1.82088,1.82109,1.63,1.00
2018.05.09 11:00:54.106,1.82087,1.82108,1.00,1.00
2018.05.09 11:00:54.360,1.82083,1.82105,2.25,1.00
2018.05.09 11:00:54.515,1.82083,1.82107,1.88,1.00
2018.05.09 11:00:54.728,1.82083,1.82107,1.75,1.00
2018.05.09 11:00:55.101,1.82083,1.82107,1.88,1.00
2018.05.09 11:00:55.309,1.82084,1.82107,1.75,1.00
2018.05.09 11:00:55.617,1.82093,1.82105,1.00,1.00
2018.05.09 11:00:55.669,1.82094,1.82108,1.31,1.00
2018.05.09 11:00:55.720,1.82094,1.82108,1.56,1.00
2018.05.09 11:00:55.772,1.82093,1.82116,1.75,1.00
2018.05.09 11:00:55.823,1.82094,1.82116,1.75,1.00
2018.05.09 11:00:56.028,1.82094,1.82116,1.75,1.00
2018.05.09 11:00:56.283,1.82095,1.82116,1.81,1.00
2018.05.09 11:00:56.667,1.82095,1.82116,1.50,1.00
2018.05.09 11:00:56.769,1.82094,1.82116,1.75,1.00
2018.05.09 11:00:56.976,1.82094,1.82116,1.75,1.00
2018.05.09 11:00:57.282,1.82095,1.82116,1.00,1.00
2018.05.09 11:00:57.577,1.82096,1.82116,1.19,1.00
2018.05.09 11:00:58.106,1.82094,1.82113,1.75,1.00
2018.05.09 11:00:58.210,1.82094,1.82117,2.25,1.00
2018.05.09 11:00:58.262,1.82099,1.82117,1.38,1.00
2018.05.09 11:00:58.365,1.82099,1.8212,1.50,1.00
2018.05.09 11:00:58.416,1.82099,1.8212,1.50,1.00
2018.05.09 11:00:58.621,1.82099,1.82121,1.50,1.00
2018.05.09 11:00:59.515,1.82102,1.82121,1.50,1.00
2018.05.09 11:00:59.871,1.82103,1.82123,1.50,1.00
2018.05.09 11:01:00.074,1.82103,1.8212,1.00,1.00
2018.05.09 11:01:00.407,1.82102,1.82122,1.50,1.00
2018.05.09 11:01:00.922,1.82103,1.82122,1.00,1.00
2018.05.09 11:01:01.912,1.82102,1.82122,1.50,1.00
2018.05.09 11:01:02.460,1.82103,1.82122,1.00,1.00
2018.05.09 11:01:03.117,1.82102,1.82122,1.00,1.00
2018.05.09 11:01:04.039,1.82103,1.82122,1.00,1.00
2018.05.09 11:01:04.244,1.82104,1.82123,1.75,1.00
2018.05.09 11:01:04.295,1.82108,1.82129,1.00,1.00
2018.05.09 11:01:04.346,1.82104,1.82129,1.38,1.00
2018.05.09 11:01:04.396,1.82104,1.82124,1.38,1.00
2018.05.09 11:01:04.701,1.82105,1.82122,1.13,1.00
2018.05.09 11:01:05.218,1.82104,1.82122,1.38,1.00
2018.05.09 11:01:05.371,1.82104,1.82122,1.25,1.00
2018.05.09 11:01:05.877,1.82105,1.82122,1.13,1.00
2018.05.09 11:01:06.531,1.82104,1.82122,1.44,1.00
2018.05.09 11:01:06.787,1.82104,1.82122,1.13,1.00
2018.05.09 11:01:07.298,1.82105,1.82122,1.00,1.00
2018.05.09 11:01:08.133,1.821,1.82122,1.38,1.00
2018.05.09 11:01:08.185,1.821,1.82122,1.13,1.00
2018.05.09 11:01:08.590,1.821,1.8212,1.38,1.00
2018.05.09 11:01:09.107,1.82101,1.8212,1.19,1.00
2018.05.09 11:01:09.311,1.82101,1.82125,1.38,1.00
2018.05.09 11:01:09.463,1.82101,1.82125,1.25,1.00
2018.05.09 11:01:09.566,1.821,1.82122,1.44,1.00
2018.05.09 11:01:09.772,1.82103,1.82126,1.00,1.00
2018.05.09 11:01:09.824,1.82105,1.82126,1.87,1.00
2018.05.09 11:01:09.875,1.82101,1.82126,1.31,1.00
2018.05.09 11:01:10.000,1.82103,1.8213,1.94,1.00
2018.05.09 11:01:10.052,1.82107,1.82137,1.75,1.00
2018.05.09 11:01:10.104,1.82107,1.82135,1.75,1.00
2018.05.09 11:01:10.256,1.82107,1.82135,1.50,1.00
2018.05.09 11:01:10.510,1.82107,1.82134,2.25,1.00
2018.05.09 11:01:11.034,1.82107,1.82135,2.25,1.00
2018.05.09 11:01:11.335,1.82108,1.82135,1.50,1.00
2018.05.09 11:01:11.386,1.82107,1.82135,1.50,1.00
2018.05.09 11:01:12.178,1.82108,1.82133,1.00,1.00
2018.05.09 11:01:12.229,1.82106,1.82133,1.00,1.25
2018.05.09 11:01:12.281,1.82101,1.82128,1.38,1.00
2018.05.09 11:01:12.605,1.82101,1.82126,1.19,1.00
2018.05.09 11:01:12.808,1.82098,1.82126,1.56,1.00
2018.05.09 11:01:13.011,1.82098,1.82126,1.75,1.00
2018.05.09 11:01:13.554,1.82099,1.82126,1.38,1.00
2018.05.09 11:01:13.924,1.82098,1.82126,1.75,1.00
2018.05.09 11:01:13.976,1.82099,1.82126,1.75,1.00
2018.05.09 11:01:14.195,1.82099,1.82126,1.75,1.00
2018.05.09 11:01:14.702,1.82098,1.82122,2.25,1.00
2018.05.09 11:01:15.026,1.82098,1.82118,1.81,1.00
2018.05.09 11:01:15.536,1.82099,1.82118,1.75,1.00
2018.05.09 11:01:16.055,1.82098,1.82115,1.75,1.00
2018.05.09 11:01:16.362,1.82099,1.82116,1.75,1.00
2018.05.09 11:01:16.883,1.82098,1.82116,1.75,1.00
2018.05.09 11:01:16.934,1.82096,1.82116,1.75,1.00
2018.05.09 11:01:17.356,1.82098,1.82116,1.56,1.00
2018.05.09 11:01:17.407,1.82096,1.82116,1.75,1.00
2018.05.09 11:01:17.509,1.82099,1.82117,1.50,1.00
2018.05.09 11:01:18.053,1.821,1.82117,1.50,1.00
2018.05.09 11:01:18.284,1.82096,1.82119,1.75,1.00
2018.05.09 11:01:18.591,1.82098,1.82119,1.75,1.00
2018.05.09 11:01:18.643,1.82096,1.82119,1.75,1.00
2018.05.09 11:01:18.999,1.82101,1.82121,1.25,1.00
2018.05.09 11:01:19.160,1.82101,1.82124,1.25,1.00
2018.05.09 11:01:19.330,1.82102,1.82124,1.44,1.00
2018.05.09 11:01:19.635,1.82101,1.82122,1.44,1.00
2018.05.09 11:01:20.116,1.82102,1.82122,1.44,1.00
2018.05.09 11:01:20.625,1.82101,1.82122,1.44,1.00
2018.05.09 11:01:20.727,1.82098,1.82122,1.75,1.00
2018.05.09 11:01:21.262,1.82101,1.82122,1.44,1.00
2018.05.09 11:01:21.693,1.82101,1.8212,1.44,1.00
2018.05.09 11:01:22.034,1.82102,1.8212,1.44,1.00
2018.05.09 11:01:22.130,1.82101,1.8212,1.44,1.00
2018.05.09 11:01:22.700,1.821,1.8212,1.19,1.00
2018.05.09 11:01:23.211,1.821,1.82121,1.38,1.00
2018.05.09 11:01:23.579,1.821,1.82121,1.38,1.00
2018.05.09 11:01:23.631,1.821,1.82121,1.38,1.00
2018.05.09 11:01:23.795,1.821,1.8212,1.75,1.00
2018.05.09 11:01:23.846,1.82101,1.8212,1.50,1.00
2018.05.09 11:01:24.422,1.82101,1.8212,1.50,1.00
2018.05.09 11:01:24.474,1.82101,1.8212,1.38,1.00
2018.05.09 11:01:24.525,1.821,1.8212,1.31,1.00
2018.05.09 11:01:25.037,1.82095,1.82119,1.50,1.00
2018.05.09 11:01:25.089,1.82095,1.82111,1.69,1.00
2018.05.09 11:01:25.191,1.82094,1.82116,1.13,1.00
2018.05.09 11:01:25.242,1.82095,1.82116,1.44,1.00
2018.05.09 11:01:25.750,1.82094,1.82116,3.00,1.00
2018.05.09 11:01:26.255,1.82094,1.82116,1.88,1.00
2018.05.09 11:01:26.459,1.82094,1.82116,1.44,1.00
2018.05.09 11:01:26.613,1.82095,1.82116,1.38,1.00
2018.05.09 11:01:26.919,1.82095,1.82113,1.19,1.00
2018.05.09 11:01:27.322,1.82095,1.82113,1.38,1.00
2018.05.09 11:01:27.373,1.82095,1.82113,1.44,1.00
2018.05.09 11:01:27.577,1.82095,1.82113,1.88,1.00
2018.05.09 11:01:27.629,1.82095,1.82113,1.88,1.00
2018.05.09 11:01:27.807,1.82095,1.82116,1.38,1.00
2018.05.09 11:01:28.173,1.82095,1.82121,1.38,1.00
2018.05.09 11:01:28.993,1.82095,1.82121,1.38,1.00
2018.05.09 11:01:29.518,1.82094,1.82121,2.63,1.00
2018.05.09 11:01:30.055,1.82094,1.82121,1.88,1.00
2018.05.09 11:01:30.280,1.82094,1.8212,2.63,1.00
2018.05.09 11:01:30.384,1.82095,1.82122,1.38,1.00
2018.05.09 11:01:30.640,1.82095,1.82122,1.38,1.00
2018.05.09 11:01:31.202,1.82095,1.82122,1.38,1.00
2018.05.09 11:01:31.709,1.82095,1.8212,1.75,1.00
2018.05.09 11:01:32.238,1.82095,1.82121,1.75,1.00
2018.05.09 11:01:33.057,1.82095,1.82121,1.75,1.00
2018.05.09 11:01:33.272,1.82095,1.82125,1.75,1.00
2018.05.09 11:01:33.374,1.82095,1.82122,1.75,1.00
2018.05.09 11:01:33.884,1.82095,1.82122,1.75,1.00
2018.05.09 11:01:34.108,1.82094,1.82122,2.25,1.00
2018.05.09 11:01:34.645,1.82094,1.82122,2.25,1.00
2018.05.09 11:01:34.900,1.82095,1.82124,1.75,1.00
2018.05.09 11:01:35.325,1.82096,1.82124,1.75,1.00
2018.05.09 11:01:35.376,1.82095,1.82124,2.25,1.00
2018.05.09 11:01:35.896,1.82095,1.82124,1.75,1.00
2018.05.09 11:01:36.598,1.82095,1.82124,1.38,1.00
2018.05.09 11:01:36.701,1.82095,1.82121,1.00,1.00
2018.05.09 11:01:37.432,1.82095,1.82121,1.19,1.00
2018.05.09 11:01:38.038,1.82095,1.82121,1.00,1.00
2018.05.09 11:01:38.345,1.82095,1.82121,1.19,1.00
2018.05.09 11:01:38.653,1.821,1.82123,1.00,1.00
2018.05.09 11:01:39.188,1.82095,1.82123,1.25,1.00
2018.05.09 11:01:39.760,1.82096,1.82122,1.31,1.00
2018.05.09 11:01:40.205,1.82096,1.82119,1.00,1.00
2018.05.09 11:01:40.307,1.82096,1.82122,1.00,1.00
2018.05.09 11:01:41.228,1.82102,1.82122,1.44,1.00
2018.05.09 11:01:41.281,1.82103,1.82125,1.00,1.00
2018.05.09 11:01:41.384,1.82102,1.82129,1.00,1.87
2018.05.09 11:01:41.589,1.82102,1.82126,1.00,1.25
2018.05.09 11:01:41.641,1.821,1.82126,1.00,1.31
2018.05.09 11:01:41.693,1.82098,1.82125,1.00,1.25
2018.05.09 11:01:42.217,1.82099,1.82125,1.00,1.25
2018.05.09 11:01:42.983,1.82098,1.82125,1.25,1.00
2018.05.09 11:01:43.489,1.82098,1.82124,1.00,1.00
2018.05.09 11:01:44.046,1.82099,1.82124,1.00,1.00
2018.05.09 11:01:44.561,1.82098,1.82124,1.00,1.00
2018.05.09 11:01:44.765,1.82098,1.82121,1.00,1.00
2018.05.09 11:01:45.297,1.82099,1.82122,1.00,1.00
2018.05.09 11:01:45.579,1.82099,1.82124,1.00,1.00
2018.05.09 11:01:46.091,1.82099,1.82123,1.00,1.00
2018.05.09 11:01:46.143,1.82094,1.82124,1.38,1.00
2018.05.09 11:01:46.194,1.82097,1.82118,1.00,1.00
2018.05.09 11:01:46.349,1.82095,1.82118,1.00,1.00
2018.05.09 11:01:46.854,1.82095,1.82117,1.00,1.00
2018.05.09 11:01:47.710,1.82094,1.82117,1.00,1.00
2018.05.09 11:01:48.207,1.8209,1.82117,1.31,1.00
2018.05.09 11:01:48.824,1.82091,1.82117,1.31,1.00
2018.05.09 11:01:49.384,1.8209,1.82117,1.31,1.00
2018.05.09 11:01:49.672,1.8209,1.82114,1.69,1.00
2018.05.09 11:01:49.824,1.82091,1.82114,1.13,1.00
2018.05.09 11:01:50.028,1.82096,1.82114,1.00,1.00
2018.05.09 11:01:50.079,1.82096,1.82116,1.00,1.00
2018.05.09 11:01:50.334,1.8209,1.82116,1.50,1.00
2018.05.09 11:01:50.721,1.8209,1.82114,1.25,1.00
2018.05.09 11:01:50.874,1.82089,1.8211,1.00,1.00
2018.05.09 11:01:50.926,1.82082,1.8211,2.81,1.00
2018.05.09 11:01:51.079,1.82082,1.8211,1.31,1.00
2018.05.09 11:01:51.658,1.82084,1.8211,1.00,1.00
2018.05.09 11:01:51.794,1.82084,1.82108,1.00,1.00
2018.05.09 11:01:52.060,1.82084,1.8211,1.13,1.00
2018.05.09 11:01:52.264,1.82083,1.82108,1.69,1.00
2018.05.09 11:01:52.766,1.82082,1.82108,1.50,1.00
2018.05.09 11:01:53.468,1.82081,1.82108,1.94,1.00
2018.05.09 11:01:53.773,1.82086,1.82109,1.88,1.00
2018.05.09 11:01:56.559,1.82087,1.82108,1.13,1.00
2018.05.09 11:01:57.080,1.82087,1.82109,1.00,1.00
2018.05.09 11:01:57.598,1.82086,1.82109,1.13,1.00
2018.05.09 11:01:57.907,1.82086,1.82111,1.25,1.00
2018.05.09 11:01:58.153,1.82086,1.82111,1.88,1.00
2018.05.09 11:01:58.205,1.82086,1.82111,1.88,1.00
2018.05.09 11:01:58.411,1.82091,1.8211,1.00,1.00
2018.05.09 11:01:58.513,1.82094,1.82115,1.00,1.00
2018.05.09 11:01:59.334,1.82095,1.82115,1.00,1.00
2018.05.09 11:01:59.487,1.82089,1.82115,1.31,1.00
2018.05.09 11:01:59.590,1.82088,1.82113,1.00,1.50
2018.05.09 11:01:59.641,1.82086,1.82113,1.13,1.50
2018.05.09 11:01:59.693,1.82087,1.82109,1.13,1.00
2018.05.09 11:01:59.915,1.82086,1.82111,1.44,1.00
2018.05.09 11:02:00.068,1.82087,1.82112,1.88,1.00
2018.05.09 11:02:00.275,1.82087,1.82112,1.25,1.00
2018.05.09 11:02:00.819,1.82086,1.82112,1.50,1.00
2018.05.09 11:02:01.340,1.82086,1.82111,1.50,1.00
2018.05.09 11:02:02.458,1.82087,1.82111,1.00,1.00
2018.05.09 11:02:02.762,1.82086,1.82109,1.50,1.00
2018.05.09 11:02:03.343,1.82086,1.82108,1.50,1.00
2018.05.09 11:02:05.492,1.82087,1.82108,1.00,1.00
2018.05.09 11:02:05.996,1.82087,1.82109,1.00,1.00
2018.05.09 11:02:06.338,1.8209,1.82107,1.00,1.00
2018.05.09 11:02:06.389,1.8209,1.82111,1.00,1.00
2018.05.09 11:02:06.441,1.82087,1.82111,1.00,1.00
2018.05.09 11:02:06.545,1.82087,1.82111,1.50,1.00
2018.05.09 11:02:07.083,1.82087,1.8211,1.38,1.00
2018.05.09 11:02:07.390,1.8209,1.82114,1.50,1.00
2018.05.09 11:02:07.876,1.82087,1.8211,1.00,1.00
2018.05.09 11:02:07.981,1.82083,1.82108,1.31,1.00
2018.05.09 11:02:08.516,1.82082,1.82107,1.31,1.00
2018.05.09 11:02:08.875,1.82083,1.82107,1.38,1.00
2018.05.09 11:02:09.161,1.82082,1.82108,1.75,1.00
2018.05.09 11:02:09.926,1.82082,1.82108,2.06,1.00
2018.05.09 11:02:10.303,1.82082,1.82108,1.00,1.00
2018.05.09 11:02:10.411,1.82078,1.82103,1.50,1.00
2018.05.09 11:02:10.973,1.82077,1.82101,1.38,1.00
2018.05.09 11:02:11.281,1.82088,1.82108,1.75,1.00
2018.05.09 11:02:11.387,1.8209,1.82113,1.50,1.00
2018.05.09 11:02:11.439,1.82092,1.82113,1.38,1.00
2018.05.09 11:02:11.491,1.82091,1.82115,1.38,1.00
2018.05.09 11:02:12.010,1.82089,1.82115,2.25,1.00
2018.05.09 11:02:12.550,1.82091,1.82115,1.38,1.00
2018.05.09 11:02:12.811,1.82091,1.82115,1.38,1.00
2018.05.09 11:02:13.485,1.8209,1.82115,1.75,1.00
2018.05.09 11:02:13.538,1.8209,1.82115,2.06,1.00
2018.05.09 11:02:13.640,1.8209,1.82115,1.75,1.00
2018.05.09 11:02:13.691,1.82089,1.82115,3.75,1.00
2018.05.09 11:02:14.207,1.8209,1.82116,1.50,1.00
2018.05.09 11:02:14.719,1.8209,1.82116,1.38,1.00
2018.05.09 11:02:15.030,1.82089,1.82115,1.88,1.00
2018.05.09 11:02:15.557,1.8209,1.82115,1.38,1.00
2018.05.09 11:02:16.064,1.82089,1.82115,2.25,1.00
2018.05.09 11:02:16.581,1.8209,1.82115,1.38,1.00
2018.05.09 11:02:17.124,1.82089,1.82115,3.00,1.00
2018.05.09 11:02:17.516,1.82094,1.82115,1.50,1.00
2018.05.09 11:02:17.832,1.82104,1.82124,1.00,1.00
2018.05.09 11:02:18.037,1.82099,1.82121,1.00,1.00
2018.05.09 11:02:18.089,1.82098,1.82118,1.00,1.00
2018.05.09 11:02:18.409,1.82095,1.82121,1.50,1.00
2018.05.09 11:02:19.028,1.82095,1.82121,1.75,1.00
2018.05.09 11:02:19.232,1.82102,1.82122,1.00,1.00
2018.05.09 11:02:19.357,1.82102,1.82125,1.00,1.00
2018.05.09 11:02:19.409,1.82103,1.82125,1.19,1.00
2018.05.09 11:02:19.716,1.82102,1.82127,2.44,1.50
2018.05.09 11:02:20.085,1.82103,1.82127,1.25,1.50
2018.05.09 11:02:20.138,1.82101,1.82124,1.50,1.00
2018.05.09 11:02:20.339,1.82094,1.82118,1.50,1.00
2018.05.09 11:02:20.700,1.82094,1.82116,1.00,1.00
2018.05.09 11:02:21.207,1.82095,1.82116,1.00,1.00
2018.05.09 11:02:21.516,1.82094,1.82112,1.00,1.00
2018.05.09 11:02:21.567,1.82094,1.82115,1.00,1.00
2018.05.09 11:02:22.136,1.82093,1.82115,1.00,1.00
2018.05.09 11:02:23.450,1.82093,1.82115,1.37,1.00
2018.05.09 11:02:23.707,1.82093,1.82118,2.06,1.00
2018.05.09 11:02:24.013,1.82093,1.82118,1.25,1.00
2018.05.09 11:02:24.520,1.82094,1.82118,1.25,1.00
2018.05.09 11:02:25.067,1.82094,1.82119,1.00,1.00
2018.05.09 11:02:25.897,1.82093,1.82119,1.25,1.00
2018.05.09 11:02:25.999,1.82094,1.82119,1.13,1.00
2018.05.09 11:02:26.205,1.82098,1.82123,1.19,1.00
2018.05.09 11:02:26.307,1.82097,1.82121,1.31,1.00
2018.05.09 11:02:26.660,1.82098,1.82122,1.94,1.00
2018.05.09 11:02:26.711,1.82098,1.82124,1.69,1.00
2018.05.09 11:02:26.967,1.82097,1.82121,2.44,1.00
2018.05.09 11:02:27.562,1.82097,1.82122,1.56,1.00
2018.05.09 11:02:28.135,1.82098,1.82122,1.25,1.00
2018.05.09 11:02:28.474,1.82098,1.8212,1.25,1.00
2018.05.09 11:02:29.435,1.82097,1.8212,1.56,1.00
2018.05.09 11:02:29.988,1.82097,1.8212,2.06,1.00
2018.05.09 11:02:30.557,1.82099,1.8212,1.56,1.00
2018.05.09 11:02:30.609,1.82102,1.82123,1.00,1.00
2018.05.09 11:02:31.137,1.82102,1.82124,1.00,1.00
2018.05.09 11:02:31.393,1.82099,1.82123,2.25,1.00
2018.05.09 11:02:31.445,1.82102,1.82123,1.88,1.00
2018.05.09 11:02:31.581,1.82107,1.82129,1.25,1.00
2018.05.09 11:02:31.638,1.8211,1.82129,1.25,1.00
2018.05.09 11:02:31.689,1.82112,1.82133,1.50,1.50
2018.05.09 11:02:31.993,1.82113,1.82135,1.88,1.00
2018.05.09 11:02:32.298,1.82113,1.82137,1.50,1.00
2018.05.09 11:02:32.912,1.82113,1.82137,1.81,1.00
2018.05.09 11:02:33.216,1.82114,1.82138,1.81,1.00
2018.05.09 11:02:33.267,1.82114,1.82138,1.31,1.00
2018.05.09 11:02:33.777,1.82117,1.82138,1.56,1.00
2018.05.09 11:02:33.881,1.82123,1.82145,1.31,1.00
2018.05.09 11:02:34.292,1.82126,1.82148,1.00,1.00
2018.05.09 11:02:34.506,1.82126,1.82144,1.00,1.00
2018.05.09 11:02:34.663,1.82122,1.82144,2.25,1.00
2018.05.09 11:02:34.866,1.82123,1.82148,1.00,1.50
2018.05.09 11:02:35.565,1.82122,1.82148,2.81,1.00
2018.05.09 11:02:36.492,1.82129,1.82148,1.00,1.00
2018.05.09 11:02:36.869,1.82128,1.82151,1.00,1.00
2018.05.09 11:02:37.072,1.82128,1.82153,1.31,1.00
2018.05.09 11:02:37.690,1.82129,1.82154,1.31,1.50
2018.05.09 11:02:38.282,1.82128,1.82155,1.31,1.00
2018.05.09 11:02:38.562,1.82129,1.82153,1.25,1.00
2018.05.09 11:02:38.953,1.82123,1.82143,1.00,1.00
2018.05.09 11:02:39.004,1.82118,1.82144,2.25,1.00
2018.05.09 11:02:39.107,1.82118,1.82142,1.25,1.00
2018.05.09 11:02:39.419,1.82118,1.82143,2.06,1.50
2018.05.09 11:02:39.835,1.82118,1.82141,2.06,1.00
2018.05.09 11:02:40.267,1.8212,1.82143,1.44,1.50
2018.05.09 11:02:40.420,1.82125,1.82143,1.00,1.00
2018.05.09 11:02:40.472,1.82125,1.82148,1.00,1.00
2018.05.09 11:02:40.523,1.82128,1.82148,1.00,1.00
2018.05.09 11:02:41.070,1.82127,1.82148,1.00,1.00
2018.05.09 11:02:41.572,1.82127,1.82149,1.50,1.00
2018.05.09 11:02:41.957,1.82127,1.82153,1.50,1.13
2018.05.09 11:02:42.110,1.82128,1.82149,1.00,1.00
2018.05.09 11:02:42.666,1.82127,1.82149,1.50,1.00
2018.05.09 11:02:45.268,1.82128,1.82149,1.00,1.00
2018.05.09 11:02:46.295,1.82127,1.82149,1.50,1.00
2018.05.09 11:02:46.771,1.82128,1.82151,1.00,1.00
2018.05.09 11:02:48.173,1.82127,1.82151,1.00,1.00
2018.05.09 11:02:49.250,1.82128,1.82151,1.00,1.00
2018.05.09 11:02:51.591,1.82127,1.82151,1.37,1.00
2018.05.09 11:02:51.693,1.82127,1.82154,1.87,1.00
2018.05.09 11:02:52.213,1.82128,1.82154,1.31,1.00
2018.05.09 11:02:52.777,1.82127,1.82154,1.31,1.00
2018.05.09 11:02:53.095,1.82126,1.82154,1.37,1.00
2018.05.09 11:02:53.870,1.82125,1.82154,1.81,1.00
2018.05.09 11:02:54.258,1.82124,1.82154,1.50,1.75
2018.05.09 11:02:54.568,1.82115,1.82141,1.69,1.00
2018.05.09 11:02:54.917,1.82112,1.82138,2.44,1.00
2018.05.09 11:02:55.019,1.82112,1.82138,2.06,1.00
2018.05.09 11:02:55.122,1.82112,1.82138,2.63,1.00
2018.05.09 11:02:55.822,1.82113,1.82138,1.50,1.00
2018.05.09 11:02:55.873,1.82112,1.82138,3.19,1.00
2018.05.09 11:02:56.280,1.82117,1.82143,2.06,1.00
2018.05.09 11:02:56.841,1.82118,1.82143,1.81,1.00
2018.05.09 11:02:57.350,1.82118,1.82143,2.06,1.00
2018.05.09 11:02:58.170,1.82118,1.82144,2.06,1.00
2018.05.09 11:02:58.508,1.82122,1.82145,1.00,1.00
2018.05.09 11:02:58.763,1.82122,1.82148,1.62,1.00
2018.05.09 11:02:58.816,1.82123,1.82148,1.81,1.00
2018.05.09 11:02:59.122,1.82131,1.82152,1.00,1.00
2018.05.09 11:02:59.224,1.82126,1.82153,1.56,1.25
2018.05.09 11:02:59.275,1.82125,1.82153,3.56,1.00
2018.05.09 11:02:59.576,1.82129,1.8215,1.00,1.00
2018.05.09 11:02:59.678,1.82124,1.8215,1.31,1.00
2018.05.09 11:02:59.780,1.82124,1.82148,1.12,1.00
2018.05.09 11:03:00.421,1.82124,1.82145,1.25,1.00
2018.05.09 11:03:01.083,1.82124,1.82146,1.00,1.00
2018.05.09 11:03:03.033,1.82121,1.82146,1.44,1.00
2018.05.09 11:03:03.084,1.82121,1.82144,1.19,1.00
2018.05.09 11:03:04.117,1.8212,1.82144,2.63,1.00
2018.05.09 11:03:04.623,1.8212,1.82144,1.87,1.00
2018.05.09 11:03:04.802,1.82122,1.82147,1.12,1.00
2018.05.09 11:03:05.446,1.82122,1.82147,1.00,1.56
2018.05.09 11:03:05.497,1.82116,1.82141,1.00,1.00
2018.05.09 11:03:05.601,1.82112,1.82136,2.25,1.00
2018.05.09 11:03:06.952,1.82112,1.82136,1.31,1.00
2018.05.09 11:03:07.261,1.82112,1.82136,1.13,1.00
2018.05.09 11:03:07.851,1.82112,1.82136,1.50,1.00
2018.05.09 11:03:08.375,1.82112,1.82136,2.25,1.00
2018.05.09 11:03:09.164,1.82112,1.82136,1.69,1.00
2018.05.09 11:03:09.318,1.82109,1.82135,1.88,1.00
2018.05.09 11:03:09.370,1.82113,1.82137,1.50,1.00
2018.05.09 11:03:09.627,1.82121,1.82143,1.50,1.00
2018.05.09 11:03:09.679,1.82122,1.82148,1.00,1.50
2018.05.09 11:03:09.783,1.82122,1.82148,1.75,1.50
2018.05.09 11:03:09.834,1.82121,1.82148,2.25,1.50
2018.05.09 11:03:10.047,1.82121,1.82144,1.38,1.00
2018.05.09 11:03:10.099,1.8212,1.82146,1.25,1.00
2018.05.09 11:03:10.304,1.82119,1.82145,1.75,1.00
2018.05.09 11:03:10.610,1.82124,1.8215,1.50,1.50
2018.05.09 11:03:11.268,1.82124,1.8215,1.75,1.50
2018.05.09 11:03:11.786,1.82124,1.82149,2.00,1.00
2018.05.09 11:03:12.163,1.82124,1.8215,1.12,1.00
2018.05.09 11:03:12.369,1.82124,1.8215,1.69,1.00
2018.05.09 11:03:13.991,1.82124,1.8215,1.12,1.00
2018.05.09 11:03:14.299,1.82124,1.8215,1.50,1.00
2018.05.09 11:03:14.606,1.82124,1.82151,3.19,1.00
2018.05.09 11:03:14.791,1.82126,1.82151,1.25,1.00
2018.05.09 11:03:14.843,1.82124,1.82151,1.94,1.00
2018.05.09 11:03:15.434,1.82128,1.82151,1.31,1.00
2018.05.09 11:03:15.991,1.82128,1.82151,1.56,1.00
2018.05.09 11:03:16.372,1.82128,1.82149,1.31,1.00
2018.05.09 11:03:16.852,1.82128,1.82149,1.31,1.00
2018.05.09 11:03:17.394,1.82128,1.8215,1.19,1.00
2018.05.09 11:03:17.605,1.82128,1.8215,1.12,1.00
2018.05.09 11:03:18.192,1.82128,1.82149,1.31,1.00
2018.05.09 11:03:18.717,1.82128,1.82149,1.12,1.00
2018.05.09 11:03:18.972,1.82128,1.82149,1.69,1.00
2018.05.09 11:03:19.349,1.82128,1.82149,1.00,1.00
2018.05.09 11:03:19.858,1.82128,1.8215,1.00,1.50
2018.05.09 11:03:20.164,1.82128,1.8215,1.19,1.00
2018.05.09 11:03:20.215,1.82128,1.8215,1.00,1.50
2018.05.09 11:03:20.774,1.82124,1.8215,2.44,1.50
2018.05.09 11:03:20.991,1.82125,1.82149,1.94,1.00
2018.05.09 11:03:21.041,1.82125,1.82149,1.50,1.00
2018.05.09 11:03:21.632,1.82125,1.8215,1.75,1.00
2018.05.09 11:03:22.200,1.82126,1.8215,1.00,1.00
2018.05.09 11:03:22.781,1.82126,1.82149,1.00,1.00
2018.05.09 11:03:22.832,1.82127,1.82152,1.19,1.00
2018.05.09 11:03:22.935,1.82126,1.82152,1.81,1.00
2018.05.09 11:03:23.515,1.82126,1.82152,1.75,1.00
2018.05.09 11:03:24.330,1.82126,1.82152,1.50,1.00
2018.05.09 11:03:24.382,1.82126,1.82152,1.75,1.00
2018.05.09 11:03:24.434,1.82127,1.82152,1.00,1.00
2018.05.09 11:03:24.536,1.82131,1.82152,1.00,1.00
2018.05.09 11:03:25.041,1.82131,1.82151,1.00,1.00
2018.05.09 11:03:30.102,1.82131,1.82149,1.00,1.00
2018.05.09 11:03:30.568,1.82131,1.82159,1.00,4.31
2018.05.09 11:03:30.619,1.82131,1.82152,1.00,1.00
2018.05.09 11:03:32.186,1.82131,1.82148,1.00,1.00
2018.05.09 11:03:32.559,1.82131,1.82151,1.00,1.00
2018.05.09 11:03:35.213,1.82128,1.82149,1.00,1.37
2018.05.09 11:03:35.265,1.82123,1.82149,1.37,1.00
2018.05.09 11:03:35.317,1.82123,1.82146,1.37,1.00
2018.05.09 11:03:35.622,1.82128,1.82144,1.00,1.00
2018.05.09 11:03:35.930,1.82118,1.82137,1.00,1.00
2018.05.09 11:03:36.488,1.82122,1.82142,1.25,1.00
2018.05.09 11:03:36.590,1.82127,1.82142,1.37,1.00
2018.05.09 11:03:36.692,1.82131,1.8215,1.00,1.00
2018.05.09 11:03:37.194,1.82131,1.82146,1.00,1.00
2018.05.09 11:03:38.127,1.82127,1.82146,1.00,1.00
2018.05.09 11:03:38.495,1.82127,1.82144,1.00,1.00
2018.05.09 11:03:40.080,1.82122,1.82146,1.31,1.00
2018.05.09 11:03:40.131,1.82124,1.82146,1.00,1.00
2018.05.09 11:03:40.182,1.82122,1.82146,1.31,1.00
2018.05.09 11:03:40.233,1.82122,1.82146,1.37,1.00
2018.05.09 11:03:40.543,1.82122,1.82144,2.06,1.00
2018.05.09 11:03:40.596,1.82124,1.8215,1.62,1.00
2018.05.09 11:03:40.648,1.8213,1.8215,1.00,1.00
2018.05.09 11:03:40.956,1.8213,1.82148,1.00,1.00
2018.05.09 11:03:41.274,1.82125,1.82145,1.00,1.00
2018.05.09 11:03:41.478,1.82125,1.82147,1.00,1.00
2018.05.09 11:03:41.581,1.82125,1.82145,1.00,1.00
2018.05.09 11:03:41.683,1.82121,1.82145,1.00,1.00
2018.05.09 11:03:41.963,1.82122,1.82147,1.25,1.00
2018.05.09 11:03:42.015,1.82133,1.82147,1.00,1.00
2018.05.09 11:03:42.557,1.8213,1.82148,1.00,1.00
2018.05.09 11:03:43.069,1.8213,1.82147,1.00,1.00
2018.05.09 11:03:43.656,1.82129,1.82147,1.00,1.00
2018.05.09 11:03:44.274,1.82129,1.8215,1.00,1.00
2018.05.09 11:03:44.377,1.82129,1.82148,1.00,1.00
2018.05.09 11:03:44.693,1.82128,1.82145,1.00,1.00
2018.05.09 11:03:45.206,1.82128,1.82146,1.00,1.00
2018.05.09 11:03:45.519,1.82135,1.82155,1.00,1.00
2018.05.09 11:03:45.570,1.82143,1.8216,1.00,1.00
2018.05.09 11:03:45.688,1.82143,1.82165,2.06,1.00
2018.05.09 11:03:45.740,1.82155,1.82167,1.00,1.00
2018.05.09 11:03:45.792,1.82154,1.82169,1.00,1.00
2018.05.09 11:03:45.895,1.82154,1.82174,1.00,1.00
2018.05.09 11:03:45.946,1.82154,1.82171,1.00,1.00
2018.05.09 11:03:46.047,1.82155,1.82173,1.00,1.00
2018.05.09 11:03:46.098,1.82155,1.82176,1.00,1.00
2018.05.09 11:03:46.200,1.82155,1.82172,1.00,1.00
2018.05.09 11:03:46.707,1.82156,1.82173,1.00,1.00
2018.05.09 11:03:47.012,1.82156,1.82171,1.00,1.00
2018.05.09 11:03:47.267,1.82162,1.82181,1.00,1.00
2018.05.09 11:03:47.318,1.82171,1.82181,1.00,1.00
2018.05.09 11:03:47.659,1.82162,1.82182,1.50,1.00
2018.05.09 11:03:47.710,1.82162,1.82177,1.00,1.00
2018.05.09 11:03:48.014,1.82161,1.82175,1.00,1.00
2018.05.09 11:03:48.269,1.82161,1.82178,1.00,1.00
2018.05.09 11:03:48.890,1.82162,1.82178,1.00,1.00
2018.05.09 11:03:49.195,1.8216,1.82178,1.25,1.00
2018.05.09 11:03:49.451,1.82168,1.82178,1.00,1.00
2018.05.09 11:03:49.502,1.82167,1.8218,1.00,1.00
2018.05.09 11:03:49.707,1.82167,1.82182,1.00,1.00
2018.05.09 11:03:49.928,1.82165,1.82182,1.00,1.00
2018.05.09 11:03:49.981,1.82169,1.82187,1.31,1.00
2018.05.09 11:03:50.288,1.82168,1.82183,1.00,1.00
2018.05.09 11:03:50.593,1.82168,1.82176,1.00,1.00
2018.05.09 11:03:50.925,1.8217,1.82175,1.00,1.00
2018.05.09 11:03:51.232,1.82169,1.82173,1.00,1.00
2018.05.09 11:03:51.283,1.82167,1.82173,1.00,1.00
2018.05.09 11:03:51.693,1.82168,1.82176,1.00,1.00
2018.05.09 11:03:51.794,1.82166,1.82176,1.00,1.00
2018.05.09 11:03:51.997,1.82156,1.82174,2.62,1.00
2018.05.09 11:03:52.131,1.82156,1.82174,2.62,1.00
2018.05.09 11:03:52.437,1.82165,1.8217,1.00,1.00
2018.05.09 11:03:52.589,1.82158,1.8217,1.00,1.00
2018.05.09 11:03:53.061,1.82157,1.82172,1.31,1.00
2018.05.09 11:03:53.112,1.82163,1.82172,1.00,1.00
2018.05.09 11:03:53.264,1.82163,1.82176,1.00,1.00
2018.05.09 11:03:53.564,1.82163,1.82174,1.00,1.00
2018.05.09 11:03:53.872,1.82165,1.82175,1.00,1.00
2018.05.09 11:03:53.976,1.82164,1.82177,1.12,1.00
2018.05.09 11:03:54.027,1.82176,1.8218,1.00,1.00
2018.05.09 11:03:54.079,1.82176,1.82182,1.00,1.00
2018.05.09 11:03:54.642,1.82177,1.82182,1.00,1.00
2018.05.09 11:03:54.694,1.82177,1.82181,1.00,1.00
2018.05.09 11:03:54.847,1.8217,1.82181,1.37,1.00
2018.05.09 11:03:55.002,1.8217,1.82184,2.25,1.00
2018.05.09 11:03:55.053,1.82179,1.82184,1.00,1.00
2018.05.09 11:03:55.105,1.82178,1.82189,1.00,1.00
2018.05.09 11:03:55.413,1.82178,1.82191,1.00,1.00
2018.05.09 11:03:56.033,1.82185,1.82191,1.00,1.00
2018.05.09 11:03:56.337,1.82176,1.82191,1.31,1.00
2018.05.09 11:03:56.540,1.82175,1.82191,1.31,1.00
2018.05.09 11:03:56.838,1.82182,1.82191,1.00,1.00
2018.05.09 11:03:57.352,1.82182,1.8219,1.00,1.00
2018.05.09 11:03:57.868,1.82177,1.82191,1.00,1.00
2018.05.09 11:03:58.849,1.82176,1.82191,1.00,1.00
2018.05.09 11:03:59.112,1.82179,1.82192,1.00,1.00
2018.05.09 11:03:59.446,1.82183,1.82192,1.00,1.00
2018.05.09 11:04:00.231,1.82182,1.82192,1.00,1.00
2018.05.09 11:04:00.740,1.82181,1.82192,1.50,1.00
2018.05.09 11:04:01.147,1.82185,1.82192,1.00,1.00
2018.05.09 11:04:01.656,1.82184,1.82192,1.00,1.00
2018.05.09 11:04:01.994,1.82184,1.82189,1.00,1.00
2018.05.09 11:04:02.147,1.8218,1.82189,1.00,1.00
2018.05.09 11:04:02.653,1.82179,1.82189,1.00,1.00
2018.05.09 11:04:02.836,1.82185,1.82193,1.00,1.00
2018.05.09 11:04:03.163,1.8219,1.82194,1.00,1.00
2018.05.09 11:04:03.370,1.82187,1.82192,1.00,1.00
2018.05.09 11:04:03.627,1.82179,1.82193,1.00,1.00
2018.05.09 11:04:03.730,1.82181,1.82193,1.87,1.00
2018.05.09 11:04:03.884,1.82189,1.82201,1.00,1.00
2018.05.09 11:04:03.975,1.82189,1.82204,1.00,1.00
2018.05.09 11:04:04.027,1.82193,1.82204,1.50,1.00
2018.05.09 11:04:04.078,1.82193,1.82207,1.87,1.00
2018.05.09 11:04:04.181,1.82193,1.8221,1.37,1.50
2018.05.09 11:04:04.436,1.82202,1.8221,1.00,1.00
2018.05.09 11:04:04.487,1.82203,1.82212,1.00,1.00
2018.05.09 11:04:04.589,1.82202,1.82209,1.00,1.00
2018.05.09 11:04:04.903,1.82202,1.82207,1.00,1.00
2018.05.09 11:04:04.954,1.82197,1.82207,1.00,1.00
2018.05.09 11:04:05.475,1.82197,1.82208,1.00,1.00
2018.05.09 11:04:05.773,1.82198,1.82206,1.00,1.00
2018.05.09 11:04:05.825,1.82193,1.82206,1.00,1.00
2018.05.09 11:04:05.984,1.82191,1.82206,1.50,1.00
2018.05.09 11:04:06.190,1.82191,1.82212,1.00,1.00
2018.05.09 11:04:06.241,1.82198,1.82212,1.00,1.00
2018.05.09 11:04:06.754,1.82193,1.82212,1.00,1.00
2018.05.09 11:04:07.072,1.82194,1.82207,1.00,1.00
2018.05.09 11:04:07.548,1.82192,1.82207,1.00,1.00
2018.05.09 11:04:07.650,1.82187,1.82207,1.00,1.00
2018.05.09 11:04:07.701,1.82185,1.82203,1.00,1.00
2018.05.09 11:04:08.234,1.82186,1.82202,1.00,1.00
2018.05.09 11:04:08.388,1.82181,1.82201,1.00,1.00
2018.05.09 11:04:08.490,1.82178,1.822,1.31,1.00
2018.05.09 11:04:09.029,1.82177,1.82199,2.25,1.00
2018.05.09 11:04:09.601,1.82177,1.82199,1.25,1.00
2018.05.09 11:04:09.979,1.82177,1.82199,2.25,1.00
2018.05.09 11:04:10.284,1.82177,1.82199,1.87,1.00
2018.05.09 11:04:10.871,1.82173,1.82195,1.00,1.00
2018.05.09 11:04:10.975,1.82165,1.8219,1.00,1.00
2018.05.09 11:04:11.026,1.82162,1.8219,1.00,1.00
2018.05.09 11:04:11.149,1.82161,1.82183,1.00,1.00
2018.05.09 11:04:11.303,1.82159,1.82183,1.50,1.00
2018.05.09 11:04:11.405,1.82159,1.8218,1.50,1.00
2018.05.09 11:04:11.915,1.82159,1.82181,1.00,1.00
2018.05.09 11:04:12.428,1.82156,1.8218,1.50,1.00
2018.05.09 11:04:12.794,1.82156,1.8218,1.75,1.00
2018.05.09 11:04:13.367,1.82156,1.8218,1.75,1.00
2018.05.09 11:04:13.521,1.82154,1.8218,1.00,1.87
2018.05.09 11:04:13.573,1.82153,1.82173,1.50,1.00
2018.05.09 11:04:13.625,1.82145,1.82173,2.81,1.00
2018.05.09 11:04:13.729,1.82145,1.82169,1.81,1.00
2018.05.09 11:04:14.073,1.8215,1.82178,2.25,1.00
2018.05.09 11:04:14.175,1.82151,1.82176,1.00,1.25
2018.05.09 11:04:14.480,1.82151,1.82174,1.00,1.00
2018.05.09 11:04:14.874,1.82151,1.8217,1.00,1.00
2018.05.09 11:04:14.976,1.82151,1.82173,1.00,1.00
2018.05.09 11:04:15.762,1.82151,1.8217,1.00,1.00
2018.05.09 11:04:15.973,1.82151,1.82174,1.00,1.00
2018.05.09 11:04:17.324,1.82151,1.82174,1.81,1.00
2018.05.09 11:04:17.980,1.8215,1.82174,1.81,1.00
2018.05.09 11:04:19.045,1.8215,1.82174,2.06,1.00
2018.05.09 11:04:19.557,1.82151,1.82174,1.12,1.00
2018.05.09 11:04:19.880,1.82151,1.82171,1.62,1.00
2018.05.09 11:04:20.425,1.8215,1.82172,2.44,1.00
2018.05.09 11:04:20.955,1.82152,1.82173,2.06,1.00
2018.05.09 11:04:21.347,1.82153,1.82174,1.12,1.00
2018.05.09 11:04:21.968,1.82152,1.82174,2.25,1.00
2018.05.09 11:04:22.071,1.82152,1.82173,1.56,1.00
2018.05.09 11:04:22.714,1.8215,1.82173,2.25,1.00
2018.05.09 11:04:24.775,1.82151,1.82173,1.81,1.00
2018.05.09 11:04:25.179,1.82151,1.82176,2.25,1.00
2018.05.09 11:04:25.435,1.82156,1.82176,1.25,1.00
2018.05.09 11:04:25.967,1.82155,1.82176,1.50,1.00
2018.05.09 11:04:26.708,1.82156,1.82176,1.00,1.00
2018.05.09 11:04:26.811,1.82156,1.82178,1.00,1.00
2018.05.09 11:04:27.557,1.82152,1.82178,2.62,1.00
2018.05.09 11:04:28.064,1.82152,1.82178,2.44,1.00
2018.05.09 11:04:28.884,1.82154,1.82178,1.94,1.00
2018.05.09 11:04:29.093,1.82156,1.82184,3.38,1.00
2018.05.09 11:04:29.619,1.82158,1.82184,1.94,1.00
2018.05.09 11:04:30.155,1.82157,1.82184,1.75,1.00
2018.05.09 11:04:30.487,1.82156,1.82184,3.00,1.00
2018.05.09 11:04:31.032,1.82157,1.82184,1.69,1.00
2018.05.09 11:04:31.434,1.82158,1.82184,2.19,1.00
2018.05.09 11:04:31.681,1.82162,1.82188,1.38,1.00
2018.05.09 11:04:31.783,1.82161,1.82188,1.44,1.00
2018.05.09 11:04:31.887,1.82161,1.82185,1.25,1.00
2018.05.09 11:04:32.194,1.8216,1.82183,1.88,1.00
2018.05.09 11:04:32.501,1.82161,1.82185,1.00,1.00
2018.05.09 11:04:33.432,1.8216,1.82185,1.19,1.00
2018.05.09 11:04:33.484,1.8216,1.82185,1.49,1.00
2018.05.09 11:04:34.023,1.82159,1.82185,2.06,1.00
2018.05.09 11:04:34.545,1.8216,1.82184,1.37,1.00
2018.05.09 11:04:34.597,1.8216,1.82184,1.00,1.00
2018.05.09 11:04:34.700,1.82159,1.82182,1.00,1.00
2018.05.09 11:04:36.358,1.8216,1.82182,1.24,1.00
2018.05.09 11:04:37.056,1.82159,1.82182,1.25,1.00
2018.05.09 11:04:37.625,1.8216,1.82182,1.00,1.00
2018.05.09 11:04:38.286,1.82159,1.82182,1.13,1.00
2018.05.09 11:04:39.100,1.82159,1.82182,1.38,1.00
2018.05.09 11:04:39.682,1.82163,1.82189,2.25,1.00
2018.05.09 11:04:39.734,1.82163,1.82189,3.00,1.00
2018.05.09 11:04:39.787,1.82165,1.82192,3.00,1.50
2018.05.09 11:04:39.941,1.82166,1.82192,1.81,1.00
2018.05.09 11:04:40.300,1.82168,1.82192,1.56,1.00
2018.05.09 11:04:40.404,1.82168,1.82195,1.75,1.00
2018.05.09 11:04:40.599,1.82168,1.82192,1.75,1.00
2018.05.09 11:04:40.949,1.82169,1.82194,1.50,1.00
2018.05.09 11:04:41.441,1.82169,1.82194,1.56,1.00
2018.05.09 11:04:42.241,1.82171,1.82194,1.00,1.00
2018.05.09 11:04:42.765,1.8217,1.82194,2.06,1.00
2018.05.09 11:04:43.360,1.82171,1.82197,1.00,1.00
2018.05.09 11:04:43.412,1.82174,1.82197,1.50,1.00
2018.05.09 11:04:43.464,1.82174,1.82197,1.50,1.00
2018.05.09 11:04:43.515,1.82171,1.82197,2.44,1.00
2018.05.09 11:04:43.567,1.82171,1.82197,2.25,1.00
2018.05.09 11:04:43.618,1.82171,1.82197,2.06,1.00
2018.05.09 11:04:43.772,1.82172,1.82196,1.88,1.00
2018.05.09 11:04:43.875,1.82174,1.82199,1.50,1.00
2018.05.09 11:04:44.378,1.82173,1.82199,1.50,1.00
2018.05.09 11:04:44.760,1.82175,1.82199,1.75,1.00
2018.05.09 11:04:44.811,1.82177,1.82201,1.69,1.00
2018.05.09 11:04:44.863,1.82177,1.82204,1.75,1.00
2018.05.09 11:04:45.016,1.82177,1.82204,1.25,1.00
2018.05.09 11:04:45.590,1.82175,1.82205,1.69,1.00
2018.05.09 11:04:46.159,1.82175,1.82204,2.44,1.00
2018.05.09 11:04:47.685,1.82175,1.82202,1.56,1.00
2018.05.09 11:04:48.236,1.82174,1.82202,3.19,1.00
2018.05.09 11:04:48.774,1.82175,1.82202,1.81,1.00
2018.05.09 11:04:49.095,1.82177,1.82199,1.00,1.00
2018.05.09 11:04:49.248,1.82173,1.82198,1.50,1.00
2018.05.09 11:04:49.669,1.82172,1.82198,1.00,1.00
2018.05.09 11:04:49.721,1.82174,1.82197,1.13,1.00
2018.05.09 11:04:50.239,1.82172,1.82196,1.19,1.00
2018.05.09 11:04:50.494,1.82168,1.82195,1.38,1.00
2018.05.09 11:04:51.262,1.82169,1.82194,1.44,1.00
2018.05.09 11:04:51.470,1.82166,1.82192,2.44,1.00
2018.05.09 11:04:51.776,1.82166,1.82189,1.50,1.00
2018.05.09 11:04:52.078,1.82166,1.82191,1.50,1.00
2018.05.09 11:04:52.665,1.8217,1.82191,1.38,1.00
2018.05.09 11:04:52.716,1.82167,1.82191,1.75,1.00
2018.05.09 11:04:52.767,1.82167,1.82191,1.88,1.00
2018.05.09 11:04:53.072,1.82167,1.82191,1.50,1.00
2018.05.09 11:04:54.135,1.82167,1.82191,1.50,1.00
2018.05.09 11:04:54.654,1.82166,1.82191,2.25,1.00
2018.05.09 11:04:55.429,1.82166,1.82191,1.38,1.00
2018.05.09 11:04:55.763,1.82166,1.82189,1.38,1.00
2018.05.09 11:04:56.438,1.82165,1.82189,1.25,1.00
2018.05.09 11:04:56.591,1.82165,1.82191,1.25,1.00
2018.05.09 11:04:57.067,1.82166,1.82194,1.50,1.00
2018.05.09 11:04:58.270,1.82168,1.82196,1.00,1.25
2018.05.09 11:04:59.378,1.8217,1.82196,1.00,1.00
2018.05.09 11:04:59.941,1.8217,1.82197,1.00,3.19
2018.05.09 11:05:00.359,1.82172,1.82196,1.00,1.00
2018.05.09 11:05:00.639,1.82172,1.82198,1.00,2.44
2018.05.09 11:05:00.902,1.82175,1.82199,1.00,1.00
2018.05.09 11:05:00.953,1.82175,1.82201,1.00,1.00
2018.05.09 11:05:01.005,1.82177,1.82202,1.00,1.69
2018.05.09 11:05:01.259,1.8218,1.82206,1.00,1.25
2018.05.09 11:05:01.311,1.82182,1.82206,1.00,1.25
2018.05.09 11:05:01.619,1.82187,1.82206,1.00,1.00
2018.05.09 11:05:02.558,1.82187,1.82207,1.00,1.50
2018.05.09 11:05:02.813,1.82189,1.8221,1.00,1.00
2018.05.09 11:05:02.916,1.82189,1.82212,1.00,1.00
2018.05.09 11:05:02.967,1.82193,1.82214,1.00,1.00
2018.05.09 11:05:03.120,1.82194,1.82217,1.00,1.65
2018.05.09 11:05:03.652,1.82195,1.82216,1.00,1.00
2018.05.09 11:05:04.010,1.82197,1.82216,1.00,1.00
2018.05.09 11:05:04.666,1.82197,1.82217,1.00,1.25
2018.05.09 11:05:05.178,1.82197,1.82216,1.00,1.00
2018.05.09 11:05:06.601,1.82199,1.82221,1.44,1.00
2018.05.09 11:05:06.652,1.82199,1.82227,1.50,1.50
2018.05.09 11:05:06.703,1.82208,1.82227,1.00,1.00
2018.05.09 11:05:06.755,1.82208,1.82232,1.00,1.00
2018.05.09 11:05:06.805,1.82213,1.82233,1.00,1.00
2018.05.09 11:05:06.958,1.82217,1.82239,1.00,1.00
2018.05.09 11:05:07.009,1.82222,1.82239,1.00,1.00
2018.05.09 11:05:07.317,1.82226,1.82239,1.00,1.87
2018.05.09 11:05:07.368,1.82221,1.82239,1.00,1.12
2018.05.09 11:05:08.404,1.82221,1.82242,1.00,1.56
2018.05.09 11:05:08.455,1.82221,1.82244,1.00,3.37
2018.05.09 11:05:08.609,1.82222,1.82244,1.00,1.25
2018.05.09 11:05:09.191,1.82223,1.82245,1.00,1.25
2018.05.09 11:05:09.780,1.82223,1.82245,1.00,1.31
2018.05.09 11:05:10.495,1.82223,1.82243,1.00,1.00
2018.05.09 11:05:10.866,1.82221,1.82245,1.00,1.00
2018.05.09 11:05:11.221,1.8223,1.82248,1.00,1.00
2018.05.09 11:05:11.530,1.82247,1.82254,1.00,1.00
2018.05.09 11:05:11.735,1.82251,1.82269,1.00,1.00
2018.05.09 11:05:11.787,1.82249,1.82264,1.00,1.00
2018.05.09 11:05:11.890,1.82246,1.82264,1.00,1.00
2018.05.09 11:05:11.943,1.82246,1.82258,1.00,1.00
2018.05.09 11:05:11.994,1.82241,1.82258,1.00,1.00
2018.05.09 11:05:12.240,1.82245,1.82264,1.00,1.00
2018.05.09 11:05:12.597,1.82247,1.82264,1.00,1.00
2018.05.09 11:05:13.100,1.82246,1.82264,1.00,1.00
2018.05.09 11:05:13.707,1.82246,1.82263,1.00,1.00
2018.05.09 11:05:13.964,1.82245,1.82269,1.00,2.77
2018.05.09 11:05:14.516,1.82245,1.82269,1.00,3.71
2018.05.09 11:05:15.086,1.82245,1.82269,1.00,2.77
2018.05.09 11:05:15.591,1.82245,1.82268,1.00,1.25
2018.05.09 11:05:15.693,1.82245,1.82251,1.00,1.00
2018.05.09 11:05:15.795,1.82229,1.82247,1.00,1.50
2018.05.09 11:05:15.847,1.82229,1.82245,1.00,1.50
2018.05.09 11:05:16.154,1.82218,1.82233,1.00,1.00
2018.05.09 11:05:16.463,1.82217,1.82225,1.00,1.00
2018.05.09 11:05:16.567,1.82208,1.82225,1.00,1.00
2018.05.09 11:05:16.619,1.82208,1.82223,1.00,1.00
2018.05.09 11:05:16.773,1.82202,1.8222,1.00,1.00
2018.05.09 11:05:16.876,1.82202,1.82218,1.00,1.00
2018.05.09 11:05:16.993,1.82198,1.82219,1.00,1.00
2018.05.09 11:05:17.045,1.82198,1.82216,1.00,1.00
2018.05.09 11:05:17.352,1.82194,1.82212,1.00,1.00
2018.05.09 11:05:17.404,1.82192,1.82211,1.00,1.00
2018.05.09 11:05:17.508,1.82189,1.82212,1.00,1.00
2018.05.09 11:05:17.611,1.8219,1.82215,1.00,1.25
2018.05.09 11:05:17.662,1.8219,1.82217,1.25,1.00
2018.05.09 11:05:17.714,1.82193,1.82217,1.00,1.00
2018.05.09 11:05:18.189,1.82207,1.8222,1.25,1.00
2018.05.09 11:05:18.242,1.82206,1.82224,1.74,2.25
2018.05.09 11:05:18.293,1.82215,1.82224,1.00,1.00
2018.05.09 11:05:18.345,1.82215,1.8223,1.00,1.00
2018.05.09 11:05:18.396,1.82221,1.82239,1.00,1.00
2018.05.09 11:05:18.500,1.82219,1.82234,1.00,1.00
2018.05.09 11:05:18.619,1.82212,1.82234,1.00,1.25
2018.05.09 11:05:18.670,1.8221,1.82235,1.00,2.06
2018.05.09 11:05:18.775,1.82212,1.82235,1.00,1.00
2018.05.09 11:05:19.081,1.82211,1.82231,1.00,1.50
2018.05.09 11:05:19.285,1.82209,1.82231,1.00,1.50
2018.05.09 11:05:19.804,1.82208,1.8223,1.00,1.00
2018.05.09 11:05:20.325,1.82208,1.82231,1.00,1.50
2018.05.09 11:05:21.213,1.82208,1.8223,1.00,1.00
2018.05.09 11:05:21.264,1.82206,1.8223,1.00,1.00
2018.05.09 11:05:21.679,1.82206,1.82231,1.38,1.50
2018.05.09 11:05:21.730,1.82206,1.82235,1.38,1.25
2018.05.09 11:05:22.255,1.82209,1.82236,1.00,1.69
2018.05.09 11:05:22.763,1.82209,1.82235,1.00,1.00
2018.05.09 11:05:22.814,1.82208,1.82232,1.00,1.00
2018.05.09 11:05:23.333,1.82208,1.82231,1.00,1.00
2018.05.09 11:05:23.664,1.82215,1.82238,1.00,1.00
2018.05.09 11:05:23.766,1.82212,1.82238,1.00,1.31
2018.05.09 11:05:23.869,1.8221,1.82235,1.00,1.00
2018.05.09 11:05:24.180,1.82215,1.82234,1.00,1.69
2018.05.09 11:05:24.547,1.82215,1.82238,1.00,1.50
2018.05.09 11:05:24.599,1.82211,1.82233,1.00,1.50
2018.05.09 11:05:24.907,1.82208,1.82232,1.00,1.00
2018.05.09 11:05:25.116,1.82211,1.82232,1.00,1.00
2018.05.09 11:05:26.056,1.82211,1.82229,1.00,1.00
2018.05.09 11:05:26.107,1.82212,1.82233,1.00,1.00
2018.05.09 11:05:26.260,1.82202,1.82233,1.75,2.44
2018.05.09 11:05:26.362,1.82211,1.82233,1.00,1.00
2018.05.09 11:05:26.645,1.82197,1.8222,1.00,1.50
2018.05.09 11:05:26.696,1.82194,1.82218,1.00,1.25
2018.05.09 11:05:26.799,1.82192,1.82219,1.00,1.25
2018.05.09 11:05:26.902,1.82188,1.82215,1.25,1.00
2018.05.09 11:05:27.209,1.82183,1.82209,1.13,1.00
2018.05.09 11:05:27.748,1.82181,1.82209,1.25,1.50
2018.05.09 11:05:28.256,1.8218,1.82209,1.50,1.50
2018.05.09 11:05:28.841,1.8218,1.82208,1.88,1.50
2018.05.09 11:05:29.442,1.8218,1.82208,1.38,1.00
2018.05.09 11:05:30.133,1.8218,1.82208,1.50,1.00
2018.05.09 11:05:30.680,1.82181,1.82208,1.38,1.00
2018.05.09 11:05:31.091,1.82181,1.82207,1.00,1.31
2018.05.09 11:05:31.602,1.8218,1.82207,1.00,1.44
2018.05.09 11:05:32.134,1.8218,1.82207,1.00,1.69
2018.05.09 11:05:32.792,1.82177,1.82207,1.69,1.00
2018.05.09 11:05:32.945,1.82177,1.82207,2.25,1.88
2018.05.09 11:05:33.097,1.82177,1.82207,1.69,1.00
2018.05.09 11:05:33.648,1.82177,1.82207,1.19,1.31
2018.05.09 11:05:34.160,1.82177,1.82207,1.00,1.88
2018.05.09 11:05:34.695,1.8218,1.82207,1.25,1.69
2018.05.09 11:05:35.001,1.8218,1.82205,1.00,1.00
2018.05.09 11:05:35.310,1.82176,1.82205,1.88,1.00
2018.05.09 11:05:35.361,1.82178,1.82205,1.00,1.00
2018.05.09 11:05:35.706,1.82181,1.82205,1.00,1.00
2018.05.09 11:05:36.251,1.8218,1.82205,1.00,1.00
2018.05.09 11:05:36.558,1.82184,1.82205,1.00,1.00
2018.05.09 11:05:36.814,1.82184,1.82207,1.00,1.00
2018.05.09 11:05:37.334,1.82185,1.82207,1.00,1.50
2018.05.09 11:05:38.044,1.82186,1.82208,1.25,1.50
2018.05.09 11:05:38.095,1.82189,1.82208,1.00,1.50
2018.05.09 11:05:38.304,1.82191,1.82213,1.00,1.25
2018.05.09 11:05:38.494,1.82195,1.82217,1.00,1.00
2018.05.09 11:05:38.802,1.8219,1.82217,1.00,1.50
2018.05.09 11:05:39.161,1.8219,1.82216,1.00,1.13
2018.05.09 11:05:39.658,1.8219,1.82216,1.00,1.00
2018.05.09 11:05:39.759,1.8219,1.82217,1.00,3.13
2018.05.09 11:05:39.880,1.82188,1.82216,1.00,2.38
2018.05.09 11:05:40.083,1.8219,1.82216,1.00,2.38
2018.05.09 11:05:40.134,1.8219,1.82216,1.00,3.00
2018.05.09 11:05:40.237,1.82196,1.82216,1.31,1.62
2018.05.09 11:05:40.340,1.82197,1.82216,1.50,1.00
2018.05.09 11:05:40.391,1.82202,1.82216,1.00,1.00
2018.05.09 11:05:40.443,1.82202,1.82219,1.00,1.00
2018.05.09 11:05:40.494,1.82201,1.82221,1.00,1.00
2018.05.09 11:05:40.616,1.82201,1.82217,1.00,1.50
2018.05.09 11:05:40.668,1.82201,1.82224,1.00,1.00
2018.05.09 11:05:40.771,1.82203,1.82219,1.00,1.00
2018.05.09 11:05:40.874,1.82201,1.82229,1.00,1.00
2018.05.09 11:05:40.926,1.82201,1.8222,1.00,1.00
2018.05.09 11:05:41.232,1.82202,1.82228,1.00,1.50
2018.05.09 11:05:41.811,1.82202,1.82229,1.00,1.00
2018.05.09 11:05:41.862,1.82202,1.82232,1.50,1.00
2018.05.09 11:05:41.913,1.82207,1.82233,1.00,1.50
2018.05.09 11:05:42.167,1.82205,1.82234,1.00,2.62
2018.05.09 11:05:42.321,1.82205,1.82234,1.00,2.25
2018.05.09 11:05:42.373,1.8221,1.82233,1.00,1.00
2018.05.09 11:05:42.424,1.8221,1.82235,1.00,1.50
2018.05.09 11:05:42.587,1.82208,1.82238,1.00,2.44
2018.05.09 11:05:42.689,1.82208,1.82238,1.00,1.00
2018.05.09 11:05:42.740,1.82211,1.82238,1.00,1.00
2018.05.09 11:05:42.893,1.82217,1.82247,1.50,2.81
2018.05.09 11:05:43.099,1.82221,1.82244,1.00,2.06
2018.05.09 11:05:43.202,1.82211,1.82236,1.00,1.00
2018.05.09 11:05:43.304,1.82213,1.82237,1.00,1.00
2018.05.09 11:05:43.374,1.82208,1.82237,1.20,1.00
2018.05.09 11:05:43.476,1.8221,1.82236,1.00,1.00
2018.05.09 11:05:44.004,1.82211,1.82236,1.00,1.00
2018.05.09 11:05:44.323,1.82212,1.8224,1.00,1.00
2018.05.09 11:05:44.476,1.82214,1.82241,1.00,2.44
2018.05.09 11:05:44.781,1.82208,1.82239,1.00,1.50
2018.05.09 11:05:44.989,1.8221,1.82238,1.00,1.00
2018.05.09 11:05:46.322,1.82212,1.8224,1.00,1.87
2018.05.09 11:05:46.628,1.82207,1.82233,1.50,1.00
2018.05.09 11:05:46.731,1.82207,1.82235,1.00,1.25
2018.05.09 11:05:46.834,1.82208,1.82237,1.25,1.00
2018.05.09 11:05:47.364,1.82209,1.82237,1.00,1.37
2018.05.09 11:05:48.087,1.82209,1.82237,1.00,1.12
2018.05.09 11:05:48.441,1.82209,1.82234,1.00,1.00
2018.05.09 11:05:49.034,1.82209,1.82233,1.00,1.00
2018.05.09 11:05:51.160,1.82211,1.82233,1.00,1.00
2018.05.09 11:05:52.501,1.82211,1.82238,1.00,1.00
2018.05.09 11:05:52.654,1.82211,1.82233,1.00,1.00
2018.05.09 11:05:52.916,1.82211,1.82237,1.00,1.25
2018.05.09 11:05:52.967,1.82209,1.82233,1.00,1.00
2018.05.09 11:05:53.223,1.82194,1.8222,1.00,2.62
2018.05.09 11:05:53.376,1.82192,1.82218,1.00,1.00
2018.05.09 11:05:53.581,1.82189,1.82216,1.00,1.87
2018.05.09 11:05:53.785,1.82187,1.82216,1.00,1.87
2018.05.09 11:05:54.332,1.82187,1.82215,1.00,1.00
2018.05.09 11:05:54.863,1.82187,1.82216,1.00,1.87
2018.05.09 11:05:54.965,1.82187,1.82214,1.00,1.00
2018.05.09 11:05:55.474,1.82187,1.82215,1.00,1.50
2018.05.09 11:05:55.788,1.8218,1.8221,2.25,1.69
2018.05.09 11:05:55.954,1.82179,1.82206,1.00,1.00
2018.05.09 11:05:56.543,1.82179,1.82205,1.00,1.00
2018.05.09 11:05:57.121,1.82179,1.82206,1.00,1.50
2018.05.09 11:05:57.706,1.82181,1.82211,2.06,2.25
2018.05.09 11:05:57.808,1.82188,1.82211,1.00,1.00
2018.05.09 11:05:58.350,1.82187,1.82211,1.00,1.00
2018.05.09 11:05:58.401,1.82185,1.82211,1.00,1.00
2018.05.09 11:05:58.657,1.82182,1.82211,1.50,1.50
2018.05.09 11:05:59.198,1.82184,1.8221,1.00,1.00
2018.05.09 11:05:59.604,1.82185,1.82214,1.00,1.00
2018.05.09 11:06:00.577,1.82188,1.82214,1.00,1.00
2018.05.09 11:06:01.072,1.8219,1.82217,1.00,1.00
2018.05.09 11:06:01.479,1.82189,1.82215,1.50,1.00
2018.05.09 11:06:02.524,1.82189,1.82214,1.00,1.00
2018.05.09 11:06:02.934,1.82189,1.82218,1.50,2.44
2018.05.09 11:06:03.029,1.82189,1.82213,1.50,1.00
2018.05.09 11:06:03.081,1.82186,1.82213,1.00,1.00
2018.05.09 11:06:03.183,1.82187,1.82215,1.00,1.00
2018.05.09 11:06:03.974,1.82189,1.82216,1.00,1.50
2018.05.09 11:06:04.155,1.82187,1.82216,1.00,1.50
2018.05.09 11:06:04.676,1.82188,1.82216,1.00,1.00
2018.05.09 11:06:05.062,1.82185,1.82216,1.25,2.06
2018.05.09 11:06:05.166,1.82185,1.82213,1.00,1.31
2018.05.09 11:06:05.269,1.82183,1.82211,1.00,2.81
2018.05.09 11:06:05.372,1.8218,1.82207,1.00,1.00
2018.05.09 11:06:05.680,1.82173,1.82199,1.00,1.00
2018.05.09 11:06:05.782,1.82169,1.82197,1.50,1.00
2018.05.09 11:06:06.297,1.82169,1.82196,1.00,1.00
2018.05.09 11:06:06.980,1.82169,1.82197,1.00,1.00
2018.05.09 11:06:07.433,1.8217,1.82199,1.00,1.00
2018.05.09 11:06:07.887,1.82175,1.822,1.31,1.00
2018.05.09 11:06:08.211,1.8219,1.82215,1.00,1.50
2018.05.09 11:06:08.314,1.8219,1.82217,1.56,1.50
2018.05.09 11:06:08.520,1.82191,1.82219,1.19,2.25
2018.05.09 11:06:08.571,1.82192,1.82219,2.44,2.25
2018.05.09 11:06:09.103,1.82193,1.82219,1.25,1.00
2018.05.09 11:06:09.412,1.82196,1.8222,1.00,1.00
2018.05.09 11:06:10.103,1.82195,1.8222,1.25,1.00
2018.05.09 11:06:10.569,1.82192,1.8222,1.00,1.87
2018.05.09 11:06:12.139,1.82192,1.82217,1.00,1.87
2018.05.09 11:06:12.190,1.82186,1.82211,1.00,1.00
2018.05.09 11:06:12.297,1.82184,1.82206,1.50,1.00
2018.05.09 11:06:12.348,1.82178,1.82206,1.50,1.50
2018.05.09 11:06:13.067,1.82179,1.82206,1.00,1.00
2018.05.09 11:06:13.602,1.8218,1.82206,1.00,1.50
2018.05.09 11:06:14.333,1.8218,1.82206,1.19,1.50
2018.05.09 11:06:14.439,1.8218,1.82203,1.19,1.00
2018.05.09 11:06:14.644,1.82182,1.82206,1.00,1.50
2018.05.09 11:06:14.800,1.82185,1.82206,1.00,1.00
2018.05.09 11:06:14.852,1.82187,1.8221,1.25,1.00
2018.05.09 11:06:14.974,1.8219,1.82212,1.00,1.00
2018.05.09 11:06:15.025,1.8219,1.82214,1.25,1.00
2018.05.09 11:06:15.078,1.82191,1.82217,1.00,2.25
2018.05.09 11:06:15.181,1.82191,1.82213,1.00,1.50
2018.05.09 11:06:15.295,1.82188,1.82211,1.25,1.00
2018.05.09 11:06:15.400,1.8219,1.82211,1.00,1.00
2018.05.09 11:06:15.588,1.82184,1.82208,1.00,1.00
2018.05.09 11:06:15.645,1.82185,1.82204,1.12,1.00
2018.05.09 11:06:15.850,1.82187,1.82211,1.69,1.50
2018.05.09 11:06:15.901,1.82188,1.82212,1.56,1.00
2018.05.09 11:06:15.953,1.82188,1.82211,1.00,1.00
2018.05.09 11:06:16.142,1.82188,1.82214,2.44,1.50
2018.05.09 11:06:16.513,1.8219,1.82212,1.00,1.00
2018.05.09 11:06:16.769,1.82181,1.82204,1.50,1.00
2018.05.09 11:06:16.984,1.82177,1.82204,1.31,1.00
2018.05.09 11:06:17.547,1.82177,1.82203,1.62,1.00
2018.05.09 11:06:17.700,1.82177,1.82199,1.00,1.00
2018.05.09 11:06:17.841,1.82173,1.82199,2.81,1.50
2018.05.09 11:06:17.893,1.82182,1.82201,1.00,1.00
2018.05.09 11:06:17.945,1.8218,1.82201,1.00,1.00
2018.05.09 11:06:17.997,1.82177,1.82202,1.62,1.00
2018.05.09 11:06:18.101,1.82181,1.82203,1.00,1.00
2018.05.09 11:06:18.427,1.82181,1.82199,1.00,1.00
2018.05.09 11:06:18.479,1.82178,1.822,1.00,2.25
2018.05.09 11:06:18.684,1.82176,1.822,1.00,2.25
2018.05.09 11:06:18.786,1.82174,1.82199,1.50,1.00
2018.05.09 11:06:18.990,1.82172,1.82195,2.25,1.00
2018.05.09 11:06:19.311,1.82172,1.8219,1.00,1.50
2018.05.09 11:06:19.412,1.8217,1.8219,1.00,1.50
2018.05.09 11:06:19.464,1.82168,1.8219,1.00,1.00
2018.05.09 11:06:19.565,1.82168,1.82192,1.00,1.50
2018.05.09 11:06:19.667,1.82171,1.82194,1.00,1.00
2018.05.09 11:06:20.188,1.82172,1.82193,1.00,1.00
2018.05.09 11:06:20.499,1.8217,1.82193,1.00,1.00
2018.05.09 11:06:20.783,1.82168,1.82193,1.00,1.00
2018.05.09 11:06:21.727,1.82168,1.82194,1.00,1.50
2018.05.09 11:06:22.378,1.82169,1.82194,1.00,1.50
2018.05.09 11:06:23.095,1.82169,1.82193,1.00,1.00
2018.05.09 11:06:23.803,1.82171,1.82195,1.00,2.25
2018.05.09 11:06:24.131,1.82175,1.82195,1.00,1.00
2018.05.09 11:06:25.061,1.82175,1.82199,1.00,1.50
2018.05.09 11:06:25.113,1.82175,1.82194,1.00,1.12
2018.05.09 11:06:25.269,1.82158,1.82182,1.00,1.00
2018.05.09 11:06:25.321,1.82158,1.82177,1.00,1.00
2018.05.09 11:06:25.373,1.82154,1.82176,1.00,1.00
2018.05.09 11:06:25.782,1.82152,1.82175,1.00,1.00
2018.05.09 11:06:26.266,1.82158,1.8218,1.00,1.00
2018.05.09 11:06:26.319,1.82158,1.82183,1.62,1.50
2018.05.09 11:06:26.370,1.82162,1.82184,1.00,1.00
2018.05.09 11:06:26.473,1.82162,1.82186,1.00,1.50
2018.05.09 11:06:26.612,1.8216,1.82186,1.00,2.25
2018.05.09 11:06:26.664,1.8216,1.8218,1.00,1.00
2018.05.09 11:06:26.869,1.82157,1.82179,1.00,1.50
2018.05.09 11:06:27.101,1.8216,1.82179,1.00,1.50
2018.05.09 11:06:27.275,1.82156,1.82179,1.00,1.00
2018.05.09 11:06:27.327,1.82153,1.82178,1.00,1.00
2018.05.09 11:06:27.838,1.82153,1.82179,1.00,1.00
2018.05.09 11:06:27.890,1.82157,1.82179,1.00,1.00
2018.05.09 11:06:27.993,1.82156,1.82181,1.62,1.00
2018.05.09 11:06:28.166,1.82164,1.82181,1.12,1.00
2018.05.09 11:06:28.217,1.82162,1.82181,1.50,1.00
2018.05.09 11:06:28.371,1.82166,1.82187,1.00,1.00
2018.05.09 11:06:28.575,1.82161,1.82187,1.00,1.50
2018.05.09 11:06:28.781,1.82165,1.82187,1.00,1.50
2018.05.09 11:06:29.040,1.82165,1.82191,1.37,1.00
2018.05.09 11:06:29.163,1.82169,1.82192,1.00,1.00
2018.05.09 11:06:29.368,1.82169,1.82195,1.00,1.31
2018.05.09 11:06:29.420,1.82169,1.82189,1.00,1.00
2018.05.09 11:06:29.472,1.82166,1.82189,1.50,1.00
2018.05.09 11:06:29.782,1.82163,1.82189,1.00,1.00
2018.05.09 11:06:29.884,1.82161,1.82189,1.00,1.50
2018.05.09 11:06:29.935,1.82161,1.82187,1.00,1.00
2018.05.09 11:06:30.038,1.82161,1.82189,1.00,1.50
2018.05.09 11:06:30.090,1.82161,1.82186,1.00,1.00
2018.05.09 11:06:30.266,1.82159,1.82186,1.00,1.50
2018.05.09 11:06:30.674,1.82157,1.82185,1.12,1.00
2018.05.09 11:06:30.725,1.82157,1.82182,1.00,1.00
2018.05.09 11:06:30.828,1.82155,1.82183,1.00,1.50
2018.05.09 11:06:30.879,1.82157,1.82183,1.00,1.00
2018.05.09 11:06:31.015,1.82155,1.82185,1.00,2.06
2018.05.09 11:06:31.067,1.82152,1.82181,1.50,1.00
2018.05.09 11:06:31.374,1.82156,1.82182,1.12,1.00
2018.05.09 11:06:31.477,1.82157,1.82185,1.00,1.00
2018.05.09 11:06:31.580,1.82157,1.82183,1.00,1.00
2018.05.09 11:06:31.682,1.82153,1.82182,1.87,1.00
2018.05.09 11:06:32.006,1.82156,1.82183,2.06,1.00
2018.05.09 11:06:32.313,1.82164,1.8219,1.00,1.00
2018.05.09 11:06:32.628,1.82159,1.82185,1.00,1.00
2018.05.09 11:06:32.934,1.82161,1.82186,2.25,1.00
2018.05.09 11:06:32.986,1.82163,1.82191,1.12,1.00
2018.05.09 11:06:33.038,1.82167,1.82191,1.00,1.00
2018.05.09 11:06:33.091,1.82167,1.82193,1.00,1.00
2018.05.09 11:06:33.295,1.82167,1.82191,1.00,1.00
2018.05.09 11:06:33.629,1.82167,1.82189,1.00,1.00
2018.05.09 11:06:34.564,1.82163,1.82189,1.37,1.00
2018.05.09 11:06:35.692,1.82164,1.82192,1.00,1.00
2018.05.09 11:06:35.795,1.82164,1.8219,1.00,1.00
2018.05.09 11:06:35.846,1.82164,1.82192,1.00,1.00
2018.05.09 11:06:35.949,1.82167,1.82191,1.00,1.00
2018.05.09 11:06:36.464,1.82166,1.82192,1.12,1.00
2018.05.09 11:06:36.983,1.82164,1.82192,1.00,1.00
2018.05.09 11:06:37.086,1.82162,1.8219,1.62,1.00
2018.05.09 11:06:37.986,1.82166,1.8219,1.00,1.00
2018.05.09 11:06:38.508,1.82167,1.8219,1.00,1.00
2018.05.09 11:06:38.717,1.82155,1.82181,1.00,2.25
2018.05.09 11:06:38.769,1.82153,1.82178,1.00,1.56
2018.05.09 11:06:38.822,1.82153,1.82175,1.00,1.50
2018.05.09 11:06:39.184,1.82149,1.82174,1.00,1.00
2018.05.09 11:06:39.286,1.82152,1.82174,1.00,1.00
2018.05.09 11:06:40.211,1.82151,1.82174,1.50,1.00
2018.05.09 11:06:40.466,1.82151,1.82177,1.00,1.00
2018.05.09 11:06:40.669,1.82151,1.82175,1.00,1.00
2018.05.09 11:06:40.844,1.82147,1.82175,1.25,1.00
2018.05.09 11:06:41.097,1.82147,1.82173,1.31,1.00
2018.05.09 11:06:41.609,1.82146,1.82173,1.69,1.00
2018.05.09 11:06:42.068,1.82149,1.82173,1.00,1.50
2018.05.09 11:06:42.378,1.82147,1.82173,1.00,1.00
2018.05.09 11:06:42.937,1.82147,1.82172,1.00,1.00
2018.05.09 11:06:43.483,1.82147,1.82173,1.00,1.00
2018.05.09 11:06:44.032,1.82147,1.82172,1.25,1.00
2018.05.09 11:06:44.594,1.82147,1.82172,1.62,1.00
2018.05.09 11:06:44.696,1.82151,1.82172,1.00,1.00
2018.05.09 11:06:45.201,1.82147,1.82172,2.06,1.00
2018.05.09 11:06:45.385,1.82146,1.82174,1.37,1.00
2018.05.09 11:06:45.436,1.82146,1.82174,1.94,1.00
2018.05.09 11:06:45.487,1.82148,1.82176,1.94,1.00
2018.05.09 11:06:45.641,1.82152,1.82178,1.31,1.50
2018.05.09 11:06:45.692,1.82157,1.82176,1.00,1.00
2018.05.09 11:06:45.793,1.82152,1.82176,1.69,1.00
2018.05.09 11:06:45.945,1.82157,1.82176,1.00,1.00
2018.05.09 11:06:47.201,1.82154,1.82176,1.31,1.00
2018.05.09 11:06:47.252,1.82156,1.82179,1.00,1.00
2018.05.09 11:06:47.505,1.82156,1.82175,1.00,1.00
2018.05.09 11:06:47.607,1.82152,1.82175,1.50,1.00
2018.05.09 11:06:48.525,1.82152,1.82176,1.25,1.00
2018.05.09 11:06:49.174,1.82152,1.82175,1.00,1.00
2018.05.09 11:06:49.276,1.82147,1.82175,1.56,1.00
2018.05.09 11:06:49.489,1.82149,1.82175,1.56,1.00
2018.05.09 11:06:49.541,1.82149,1.82176,1.00,1.00
2018.05.09 11:06:50.049,1.82149,1.82172,1.00,1.00
2018.05.09 11:06:50.100,1.82147,1.82173,1.69,1.00
2018.05.09 11:06:50.620,1.82147,1.82172,1.00,1.00
2018.05.09 11:06:51.135,1.82147,1.82172,1.56,1.00
2018.05.09 11:06:51.660,1.82147,1.82171,1.00,1.00
2018.05.09 11:06:53.909,1.82147,1.8217,1.00,1.00
2018.05.09 11:06:54.172,1.82142,1.8217,2.44,1.00
2018.05.09 11:06:54.273,1.82145,1.82173,1.56,1.00
2018.05.09 11:06:54.325,1.82145,1.82172,1.37,1.00
2018.05.09 11:06:54.630,1.82147,1.82172,1.37,1.50
2018.05.09 11:06:55.171,1.82147,1.82172,1.00,1.00
2018.05.09 11:06:55.809,1.82146,1.82172,1.50,1.50
2018.05.09 11:06:57.817,1.82147,1.82172,1.50,1.00
2018.05.09 11:06:58.073,1.82143,1.82167,1.00,1.50
2018.05.09 11:06:58.413,1.82146,1.82167,1.00,1.50
2018.05.09 11:06:58.717,1.82143,1.82166,1.00,1.00
2018.05.09 11:06:58.870,1.82149,1.82168,1.00,1.00
2018.05.09 11:06:58.922,1.82149,1.82174,1.00,1.50
2018.05.09 11:06:59.438,1.82148,1.82174,1.00,1.00
2018.05.09 11:06:59.489,1.8215,1.82174,1.00,1.00
2018.05.09 11:06:59.642,1.82156,1.82182,1.00,1.00
2018.05.09 11:06:59.794,1.82153,1.82181,1.00,1.00
2018.05.09 11:07:00.324,1.82154,1.82182,1.00,1.25
2018.05.09 11:07:00.375,1.82152,1.82182,1.12,1.25
2018.05.09 11:07:00.578,1.82152,1.8218,1.00,1.00
2018.05.09 11:07:00.947,1.82152,1.82182,1.00,1.12
2018.05.09 11:07:00.998,1.82155,1.82181,1.00,1.00
2018.05.09 11:07:03.413,1.82157,1.82181,1.00,1.00
2018.05.09 11:07:03.634,1.82155,1.82181,1.00,1.00
2018.05.09 11:07:03.890,1.82157,1.8218,1.00,1.00
2018.05.09 11:07:04.059,1.82157,1.82183,1.00,1.00
2018.05.09 11:07:04.412,1.82163,1.82188,1.00,1.00
2018.05.09 11:07:04.923,1.82162,1.82188,1.12,1.00
2018.05.09 11:07:05.472,1.82161,1.82188,2.62,1.00
2018.05.09 11:07:05.995,1.82161,1.82187,1.50,1.00
2018.05.09 11:07:06.341,1.82162,1.82185,1.00,1.50
2018.05.09 11:07:06.394,1.8216,1.82185,1.00,1.00
2018.05.09 11:07:06.911,1.82161,1.82185,1.56,1.00
2018.05.09 11:07:07.015,1.82164,1.82189,2.06,1.00
2018.05.09 11:07:07.473,1.82171,1.82192,1.00,1.00
2018.05.09 11:07:07.575,1.82173,1.82196,1.00,1.00
2018.05.09 11:07:07.678,1.82174,1.822,1.50,1.00
2018.05.09 11:07:08.320,1.82175,1.822,1.00,1.00
2018.05.09 11:07:08.522,1.82172,1.82197,1.00,1.56
2018.05.09 11:07:08.573,1.8217,1.82196,1.00,1.00
2018.05.09 11:07:08.776,1.8217,1.82194,1.00,1.00
2018.05.09 11:07:09.093,1.82173,1.82199,1.00,1.00
2018.05.09 11:07:09.146,1.82173,1.82196,1.00,1.56
2018.05.09 11:07:09.197,1.82168,1.8219,1.00,1.00
2018.05.09 11:07:09.300,1.82164,1.8219,1.00,1.87
2018.05.09 11:07:09.452,1.82166,1.8219,1.00,1.87
2018.05.09 11:07:09.507,1.82164,1.8219,1.00,1.87
2018.05.09 11:07:09.721,1.82163,1.82188,1.00,1.00
2018.05.09 11:07:10.232,1.82162,1.82188,1.50,1.50
2018.05.09 11:07:10.561,1.82162,1.82186,1.00,1.00
2018.05.09 11:07:11.065,1.8216,1.82186,1.50,1.00
2018.05.09 11:07:11.459,1.8216,1.82184,1.00,1.00
2018.05.09 11:07:11.785,1.82162,1.82184,1.00,1.00
2018.05.09 11:07:11.837,1.82161,1.82187,1.00,1.00
2018.05.09 11:07:11.888,1.82158,1.82185,1.25,1.00
2018.05.09 11:07:12.577,1.82158,1.82185,1.37,1.00
2018.05.09 11:07:12.628,1.82157,1.82183,2.06,1.00
2018.05.09 11:07:12.803,1.82157,1.82183,1.87,1.00
2018.05.09 11:07:13.352,1.82157,1.82183,1.37,1.00
2018.05.09 11:07:14.062,1.82157,1.82183,1.62,1.00
2018.05.09 11:07:14.285,1.82157,1.82183,1.50,1.50
2018.05.09 11:07:14.440,1.82161,1.82183,1.00,1.00
2018.05.09 11:07:14.595,1.82159,1.82183,2.44,1.00
2018.05.09 11:07:14.859,1.82161,1.82183,1.00,1.00
2018.05.09 11:07:15.117,1.82158,1.82185,1.87,1.00
2018.05.09 11:07:15.168,1.82158,1.82183,1.87,1.00
2018.05.09 11:07:15.478,1.82157,1.82178,1.00,1.00
2018.05.09 11:07:15.562,1.82154,1.82178,1.00,1.00
2018.05.09 11:07:15.766,1.82152,1.82177,1.69,1.00
2018.05.09 11:07:16.318,1.82153,1.82177,1.25,1.00
2018.05.09 11:07:16.932,1.82153,1.82177,1.31,1.00
2018.05.09 11:07:17.851,1.82153,1.82177,1.00,1.00
2018.05.09 11:07:17.955,1.82152,1.82175,1.50,1.00
2018.05.09 11:07:18.296,1.82157,1.82175,1.00,1.00
2018.05.09 11:07:18.400,1.82157,1.82178,1.12,1.00
2018.05.09 11:07:18.503,1.82158,1.82182,1.00,1.00
2018.05.09 11:07:19.289,1.82157,1.82183,2.81,1.50
2018.05.09 11:07:19.716,1.82158,1.82183,1.56,1.50
2018.05.09 11:07:20.025,1.82175,1.82197,1.00,1.00
2018.05.09 11:07:20.230,1.8217,1.82197,1.50,1.50
2018.05.09 11:07:20.282,1.82172,1.82197,1.00,1.00
2018.05.09 11:07:20.460,1.8217,1.82197,1.00,1.00
2018.05.09 11:07:20.765,1.8217,1.82195,1.00,1.00
2018.05.09 11:07:21.120,1.82176,1.82195,1.00,1.00
2018.05.09 11:07:21.171,1.82175,1.82198,1.50,1.00
2018.05.09 11:07:21.877,1.82176,1.82198,1.00,1.00
2018.05.09 11:07:22.559,1.82175,1.82198,1.00,1.00
2018.05.09 11:07:23.069,1.82172,1.82198,1.87,1.00
2018.05.09 11:07:23.450,1.82172,1.82198,1.87,1.00
2018.05.09 11:07:23.844,1.82172,1.82198,1.37,1.00
2018.05.09 11:07:24.362,1.82172,1.82198,1.00,1.00
2018.05.09 11:07:24.414,1.82168,1.82197,1.37,2.25
2018.05.09 11:07:24.465,1.82166,1.82195,2.06,1.00
2018.05.09 11:07:24.771,1.82166,1.82193,1.25,1.00
2018.05.09 11:07:24.925,1.82166,1.82193,1.94,1.00
2018.05.09 11:07:24.977,1.82167,1.82193,1.69,1.00
2018.05.09 11:07:25.028,1.82172,1.82193,1.00,1.00
2018.05.09 11:07:25.080,1.82172,1.82196,1.00,1.50
2018.05.09 11:07:26.786,1.8217,1.82196,1.00,1.00
2018.05.09 11:07:27.143,1.82168,1.82196,2.06,1.00
2018.05.09 11:07:27.271,1.8217,1.82196,1.19,1.00
2018.05.09 11:07:27.591,1.82175,1.82199,1.31,1.00
2018.05.09 11:07:28.242,1.82177,1.82199,1.00,1.00
2018.05.09 11:07:28.790,1.82176,1.82199,1.00,1.00
2018.05.09 11:07:29.509,1.82177,1.82199,1.00,1.00
2018.05.09 11:07:30.034,1.82176,1.82199,2.62,1.00
2018.05.09 11:07:30.845,1.82177,1.82199,1.00,1.00
2018.05.09 11:07:31.610,1.82176,1.82199,1.00,1.00
2018.05.09 11:07:33.577,1.82178,1.82199,1.00,1.00
2018.05.09 11:07:34.987,1.82178,1.82202,1.00,1.00
2018.05.09 11:07:35.142,1.82182,1.82204,2.44,1.50
2018.05.09 11:07:35.542,1.82181,1.82208,1.00,1.50
2018.05.09 11:07:35.801,1.82178,1.82208,1.87,1.50
2018.05.09 11:07:35.852,1.82178,1.82208,1.94,1.50
2018.05.09 11:07:36.160,1.82192,1.82213,1.12,1.00
2018.05.09 11:07:36.263,1.82191,1.82217,1.00,1.00
2018.05.09 11:07:36.458,1.82188,1.82217,1.87,1.00
2018.05.09 11:07:37.044,1.82188,1.82217,1.62,1.00
2018.05.09 11:07:37.196,1.82192,1.82217,1.00,1.00
2018.05.09 11:07:37.543,1.82194,1.82216,1.12,1.00
2018.05.09 11:07:37.853,1.82202,1.82219,1.00,1.00
2018.05.09 11:07:37.905,1.822,1.82219,1.00,1.00
2018.05.09 11:07:38.009,1.822,1.82228,1.00,1.25
2018.05.09 11:07:38.163,1.822,1.82226,1.00,1.00
2018.05.09 11:07:38.666,1.822,1.82228,1.00,1.69
2018.05.09 11:07:39.060,1.82197,1.82224,1.50,1.00
2018.05.09 11:07:39.371,1.82197,1.82222,1.50,1.00
2018.05.09 11:07:39.881,1.82198,1.82222,1.00,1.00
2018.05.09 11:07:40.590,1.82198,1.82221,1.12,1.00
2018.05.09 11:07:40.799,1.82197,1.82223,1.87,1.00
2018.05.09 11:07:42.361,1.82195,1.82223,2.06,1.00
2018.05.09 11:07:43.360,1.82195,1.82221,2.06,1.00
2018.05.09 11:07:43.718,1.82196,1.82221,1.62,1.00
2018.05.09 11:07:44.406,1.82197,1.8222,1.00,1.00
2018.05.09 11:07:44.536,1.82194,1.82218,1.50,1.00
2018.05.09 11:07:44.587,1.82191,1.82215,1.00,1.00
2018.05.09 11:07:44.690,1.82189,1.82215,1.00,1.12
2018.05.09 11:07:44.794,1.82188,1.82213,1.00,1.00
2018.05.09 11:07:45.152,1.82186,1.82212,1.00,1.12
2018.05.09 11:07:45.204,1.82186,1.8221,1.00,1.00
2018.05.09 11:07:45.291,1.82187,1.82215,2.06,1.00
2018.05.09 11:07:45.346,1.8219,1.82217,1.25,1.00
2018.05.09 11:07:45.859,1.82191,1.82217,1.00,1.00
2018.05.09 11:07:45.911,1.82191,1.82221,1.00,1.69
2018.05.09 11:07:46.314,1.8219,1.82217,1.00,1.00
2018.05.09 11:07:46.622,1.82191,1.82221,1.37,1.31
2018.05.09 11:07:47.135,1.82191,1.82221,1.62,1.12
2018.05.09 11:07:47.711,1.82191,1.8222,1.12,1.00
2018.05.09 11:07:48.436,1.82191,1.82222,2.06,1.69
2018.05.09 11:07:48.488,1.82194,1.82217,1.00,1.00
2018.05.09 11:07:48.590,1.82191,1.82216,1.12,1.00
2018.05.09 11:07:49.367,1.82191,1.82215,1.00,1.00
2018.05.09 11:07:49.607,1.82191,1.82212,1.00,1.00
2018.05.09 11:07:49.658,1.82188,1.82212,1.25,1.00
2018.05.09 11:07:49.709,1.82185,1.82211,1.00,1.00
2018.05.09 11:07:49.850,1.82183,1.82211,1.00,1.50
2018.05.09 11:07:49.902,1.82181,1.82207,1.69,1.00
2018.05.09 11:07:50.246,1.82184,1.82207,1.00,1.00
2018.05.09 11:07:50.759,1.82185,1.82207,1.25,1.00
2018.05.09 11:07:51.072,1.82188,1.82207,1.00,1.00
2018.05.09 11:07:51.124,1.82184,1.82207,2.44,1.00
2018.05.09 11:07:52.502,1.82184,1.8221,1.00,1.00
2018.05.09 11:07:53.010,1.82185,1.8221,1.00,1.00
2018.05.09 11:07:53.366,1.82184,1.82208,1.50,1.00
2018.05.09 11:07:53.914,1.82186,1.82208,1.00,1.00
2018.05.09 11:07:54.400,1.82186,1.82206,1.00,1.00
2018.05.09 11:07:54.560,1.82186,1.82211,1.00,1.00
2018.05.09 11:07:54.662,1.82186,1.82213,1.50,1.00
2018.05.09 11:07:55.167,1.82193,1.82213,1.00,1.00
2018.05.09 11:07:55.218,1.82191,1.82213,1.00,1.00
2018.05.09 11:07:55.269,1.82191,1.82216,1.50,1.00
2018.05.09 11:07:55.371,1.82195,1.82216,1.00,1.50
2018.05.09 11:07:55.535,1.82193,1.8222,1.31,1.00
2018.05.09 11:07:55.586,1.82198,1.82223,1.25,1.00
2018.05.09 11:07:55.688,1.82203,1.8223,1.50,2.25
2018.05.09 11:07:55.793,1.82211,1.8223,1.00,1.00
2018.05.09 11:07:55.895,1.82213,1.82233,1.00,1.00
2018.05.09 11:07:55.947,1.82213,1.82233,1.37,1.00
2018.05.09 11:07:55.998,1.82215,1.82237,1.00,1.00
2018.05.09 11:07:56.100,1.82216,1.8224,1.00,1.00
2018.05.09 11:07:56.682,1.82216,1.82239,1.00,1.00
2018.05.09 11:07:57.227,1.82214,1.82239,1.00,1.00
2018.05.09 11:07:57.745,1.82215,1.82238,1.00,1.00
2018.05.09 11:07:57.897,1.82215,1.82241,2.25,1.00
2018.05.09 11:07:58.082,1.82215,1.82239,1.50,1.00
2018.05.09 11:07:58.390,1.8222,1.82244,1.50,1.00
2018.05.09 11:07:58.924,1.82223,1.82244,1.00,1.00
2018.05.09 11:07:59.026,1.82219,1.82244,1.50,1.00
2018.05.09 11:08:00.099,1.8222,1.82244,1.00,1.00
2018.05.09 11:08:00.751,1.82219,1.82244,1.87,1.00
2018.05.09 11:08:00.802,1.82223,1.82245,1.00,1.00
2018.05.09 11:08:00.905,1.82224,1.82247,1.00,1.00
2018.05.09 11:08:01.234,1.82221,1.82247,1.00,1.00
2018.05.09 11:08:01.737,1.82223,1.82247,1.50,1.00
2018.05.09 11:08:01.838,1.82221,1.82246,1.50,1.00
2018.05.09 11:08:01.941,1.82221,1.82242,1.00,1.94
2018.05.09 11:08:01.992,1.82221,1.82241,1.00,1.31
2018.05.09 11:08:02.044,1.82215,1.82238,1.00,1.00
2018.05.09 11:08:02.095,1.82213,1.82238,1.00,1.50
2018.05.09 11:08:02.248,1.82218,1.82238,1.00,1.00
2018.05.09 11:08:02.481,1.82216,1.82239,1.00,1.00
2018.05.09 11:08:02.634,1.82218,1.82238,1.00,1.00
2018.05.09 11:08:03.140,1.82228,1.82238,1.00,1.00
2018.05.09 11:08:03.192,1.82226,1.82243,1.00,1.00
2018.05.09 11:08:03.244,1.82229,1.82243,1.50,1.00
2018.05.09 11:08:03.295,1.82229,1.82247,1.00,1.00
2018.05.09 11:08:03.347,1.82227,1.82247,1.50,1.00
2018.05.09 11:08:03.502,1.82227,1.82245,1.00,1.00
2018.05.09 11:08:03.707,1.82227,1.82252,1.00,1.00
2018.05.09 11:08:03.811,1.82227,1.82249,1.50,1.00
2018.05.09 11:08:04.065,1.82225,1.82248,1.50,1.00
2018.05.09 11:08:04.461,1.82224,1.82246,1.50,1.00
2018.05.09 11:08:05.194,1.82225,1.82246,1.00,1.00
2018.05.09 11:08:05.297,1.82224,1.82248,1.00,1.00
2018.05.09 11:08:05.348,1.82221,1.82248,1.12,1.00
2018.05.09 11:08:05.864,1.82221,1.82249,1.12,1.50
2018.05.09 11:08:06.403,1.82221,1.82249,1.62,1.50
2018.05.09 11:08:07.007,1.82221,1.82248,1.12,1.00
2018.05.09 11:08:08.056,1.82221,1.82248,1.37,1.00
2018.05.09 11:08:08.831,1.82221,1.82248,1.12,1.00
2018.05.09 11:08:09.340,1.82221,1.82249,1.12,1.00
2018.05.09 11:08:09.892,1.82222,1.82249,1.00,1.00
2018.05.09 11:08:09.996,1.82221,1.82243,1.00,1.00
2018.05.09 11:08:10.203,1.82218,1.82244,1.12,1.00
2018.05.09 11:08:11.440,1.82218,1.82239,1.00,1.00
2018.05.09 11:08:11.595,1.82215,1.82239,1.12,1.00
2018.05.09 11:08:11.748,1.82215,1.82239,1.37,1.00
2018.05.09 11:08:12.258,1.82218,1.82239,1.12,1.00
2018.05.09 11:08:12.552,1.82217,1.82241,1.00,1.00
2018.05.09 11:08:12.605,1.82214,1.82241,1.50,1.00
2018.05.09 11:08:12.759,1.82214,1.82239,1.62,1.00
2018.05.09 11:08:13.270,1.82214,1.82238,1.00,1.00
2018.05.09 11:08:13.798,1.82213,1.82238,1.00,1.00
2018.05.09 11:08:14.752,1.82213,1.82239,1.25,1.00
2018.05.09 11:08:15.007,1.82212,1.82242,1.62,1.50
2018.05.09 11:08:15.544,1.82212,1.82239,1.56,1.00
2018.05.09 11:08:16.061,1.82215,1.82239,1.00,1.00
2018.05.09 11:08:18.917,1.82218,1.82243,1.25,1.50
2018.05.09 11:08:18.973,1.82215,1.82241,1.69,1.00
2018.05.09 11:08:19.229,1.82216,1.82243,1.37,1.50
2018.05.09 11:08:19.433,1.82227,1.82243,1.56,1.50
2018.05.09 11:08:19.484,1.82231,1.82253,2.25,1.50
2018.05.09 11:08:19.587,1.82237,1.82253,1.00,1.00
2018.05.09 11:08:19.743,1.82256,1.82274,1.00,1.00
2018.05.09 11:08:19.925,1.82248,1.82268,1.00,1.00
2018.05.09 11:08:19.981,1.82249,1.82262,1.00,1.00
2018.05.09 11:08:20.189,1.82235,1.82254,1.00,1.50
2018.05.09 11:08:20.241,1.82237,1.82254,1.00,1.00
2018.05.09 11:08:20.292,1.82231,1.82254,1.00,1.00
2018.05.09 11:08:20.344,1.82226,1.82254,1.37,1.00
2018.05.09 11:08:20.396,1.8223,1.82254,1.00,1.00
2018.05.09 11:08:20.943,1.82229,1.82254,1.00,1.00
2018.05.09 11:08:21.449,1.82229,1.82254,1.37,1.00
2018.05.09 11:08:21.993,1.82229,1.82254,1.56,1.00
2018.05.09 11:08:22.533,1.82231,1.82254,1.00,1.00
2018.05.09 11:08:23.032,1.82231,1.82262,1.56,1.67
2018.05.09 11:08:23.084,1.82239,1.82261,1.56,1.00
2018.05.09 11:08:23.135,1.82239,1.82263,1.56,1.00
2018.05.09 11:08:23.186,1.82243,1.82268,1.12,2.25
2018.05.09 11:08:23.339,1.82242,1.82262,1.00,1.00
2018.05.09 11:08:23.390,1.82237,1.82264,1.31,1.42
2018.05.09 11:08:23.697,1.82235,1.82264,2.06,1.67
2018.05.09 11:08:24.031,1.82238,1.82265,1.56,1.00
2018.05.09 11:08:24.188,1.82236,1.82266,1.62,1.67
2018.05.09 11:08:24.239,1.82236,1.8226,1.62,1.00
2018.05.09 11:08:24.444,1.82233,1.8226,1.56,1.00
2018.05.09 11:08:25.067,1.82231,1.82261,1.69,1.67
2018.05.09 11:08:25.439,1.82231,1.82261,1.37,2.17
2018.05.09 11:08:25.490,1.82231,1.82257,1.37,1.00
2018.05.09 11:08:25.592,1.82225,1.82256,1.56,1.67
2018.05.09 11:08:25.846,1.82225,1.82253,1.56,1.00
2018.05.09 11:08:26.383,1.82224,1.82253,1.56,2.17
2018.05.09 11:08:26.695,1.82224,1.82252,1.56,1.00
2018.05.09 11:08:27.032,1.82223,1.82252,1.56,1.67
2018.05.09 11:08:27.135,1.82223,1.82252,2.06,1.67
2018.05.09 11:08:27.437,1.82223,1.82252,1.56,1.67
2018.05.09 11:08:27.489,1.82218,1.82249,1.94,2.17
2018.05.09 11:08:27.796,1.82216,1.82248,2.44,1.67
2018.05.09 11:08:28.357,1.82216,1.82248,2.44,2.17
2018.05.09 11:08:28.408,1.82216,1.82243,2.06,1.67
2018.05.09 11:08:29.032,1.82217,1.82244,1.56,2.17
2018.05.09 11:08:30.060,1.82217,1.82243,1.56,1.00
2018.05.09 11:08:30.208,1.82216,1.82243,1.31,1.00
2018.05.09 11:08:30.362,1.82214,1.82242,1.00,1.69
2018.05.09 11:08:30.689,1.82207,1.82233,1.56,1.00
2018.05.09 11:08:30.995,1.82213,1.8224,1.56,1.50
2018.05.09 11:08:31.511,1.82216,1.8224,1.00,1.00
2018.05.09 11:08:31.854,1.82218,1.8224,1.00,1.00
2018.05.09 11:08:31.957,1.82218,1.82244,1.56,1.00
2018.05.09 11:08:32.009,1.82222,1.82246,1.00,1.00
2018.05.09 11:08:32.368,1.8223,1.82245,1.00,1.00
2018.05.09 11:08:32.521,1.8223,1.82249,1.00,1.50
2018.05.09 11:08:32.666,1.82225,1.8225,1.00,1.00
2018.05.09 11:08:32.972,1.82227,1.8225,1.00,1.00
2018.05.09 11:08:33.451,1.82225,1.8225,1.50,1.00
2018.05.09 11:08:34.104,1.82224,1.8225,1.50,1.00
2018.05.09 11:08:34.257,1.82224,1.82248,1.50,1.00
2018.05.09 11:08:34.513,1.82225,1.8225,1.00,1.00
2018.05.09 11:08:34.951,1.82222,1.82249,1.25,1.00
2018.05.09 11:08:35.489,1.82221,1.82248,2.06,1.00
2018.05.09 11:08:35.590,1.8222,1.8225,2.06,1.00
2018.05.09 11:08:35.692,1.8222,1.82243,1.00,1.00
2018.05.09 11:08:35.794,1.82218,1.82243,1.00,1.00
2018.05.09 11:08:36.151,1.82219,1.82245,1.00,1.50
2018.05.09 11:08:36.203,1.8222,1.82242,1.00,1.00
2018.05.09 11:08:37.213,1.82222,1.82242,1.00,1.00
2018.05.09 11:08:37.712,1.82223,1.82247,1.00,1.00
2018.05.09 11:08:37.865,1.82223,1.82249,1.00,1.00
2018.05.09 11:08:38.272,1.82223,1.82247,1.00,1.00
2018.05.09 11:08:38.488,1.82223,1.82249,1.00,1.00
2018.05.09 11:08:38.826,1.82225,1.82249,1.00,1.00
2018.05.09 11:08:39.408,1.82224,1.82249,1.00,1.00
2018.05.09 11:08:39.884,1.82223,1.82247,1.00,1.00
2018.05.09 11:08:40.411,1.82222,1.82248,1.00,1.00
2018.05.09 11:08:40.771,1.82222,1.82249,1.56,1.00
2018.05.09 11:08:41.321,1.82224,1.82248,1.31,1.00
2018.05.09 11:08:42.268,1.82224,1.82248,1.25,1.00
2018.05.09 11:08:42.320,1.82224,1.8225,1.31,1.00
2018.05.09 11:08:43.713,1.82223,1.8225,1.25,1.00
2018.05.09 11:08:43.869,1.82224,1.8225,1.31,1.00
2018.05.09 11:08:44.437,1.82228,1.82253,1.25,1.00
2018.05.09 11:08:44.746,1.82231,1.82256,1.00,1.00
2018.05.09 11:08:45.446,1.8223,1.82256,1.25,1.00
2018.05.09 11:08:45.984,1.82229,1.82255,1.56,1.00
2018.05.09 11:08:46.509,1.82232,1.82255,1.00,1.00
2018.05.09 11:08:46.646,1.8223,1.82256,1.50,1.00
2018.05.09 11:08:47.395,1.8223,1.82256,2.06,1.50
2018.05.09 11:08:47.962,1.8223,1.82256,1.69,1.50
2018.05.09 11:08:48.522,1.8223,1.82255,1.69,1.00
2018.05.09 11:08:48.728,1.82231,1.82251,1.00,1.00
2018.05.09 11:08:49.104,1.82215,1.82232,1.00,1.00
2018.05.09 11:08:49.157,1.82213,1.82232,1.00,1.00
2018.05.09 11:08:49.209,1.82209,1.82232,1.00,1.00
2018.05.09 11:08:49.950,1.82209,1.82231,1.50,1.00
2018.05.09 11:08:50.102,1.82214,1.82231,1.00,1.00
2018.05.09 11:08:50.154,1.82213,1.82234,1.00,1.50
2018.05.09 11:08:50.297,1.82213,1.82236,1.00,2.25
2018.05.09 11:08:50.799,1.82212,1.82236,2.44,2.25
2018.05.09 11:08:51.110,1.82216,1.82235,1.00,1.00
2018.05.09 11:08:51.617,1.82218,1.82235,1.00,1.00
2018.05.09 11:08:51.957,1.82226,1.82241,1.00,1.00
2018.05.09 11:08:52.008,1.82227,1.82243,1.00,1.00
2018.05.09 11:08:52.060,1.82226,1.82245,1.50,1.00
2018.05.09 11:08:52.111,1.82227,1.82248,1.00,1.00
2018.05.09 11:08:52.162,1.82225,1.82248,1.50,1.00
2018.05.09 11:08:52.213,1.82225,1.82244,1.50,1.00
2018.05.09 11:08:52.315,1.82222,1.82244,1.00,1.50
2018.05.09 11:08:52.417,1.82225,1.82243,1.00,1.00
2018.05.09 11:08:52.745,1.8222,1.82243,1.00,1.50
2018.05.09 11:08:54.563,1.82231,1.82248,1.00,1.00
2018.05.09 11:08:54.615,1.82231,1.8225,1.00,1.50
2018.05.09 11:08:54.667,1.82231,1.82253,1.50,1.00
2018.05.09 11:08:54.772,1.82229,1.82248,1.00,1.50
2018.05.09 11:08:54.876,1.82221,1.82247,1.50,1.00
2018.05.09 11:08:55.660,1.82223,1.82247,1.00,1.50
2018.05.09 11:08:56.358,1.82224,1.82247,1.00,1.00
2018.05.09 11:08:56.409,1.82222,1.82247,1.00,1.00
2018.05.09 11:08:58.070,1.8222,1.82247,1.00,1.00
2018.05.09 11:09:00.368,1.82221,1.82247,1.00,1.00
2018.05.09 11:09:00.420,1.82228,1.82246,1.00,1.00
2018.05.09 11:09:00.472,1.82224,1.82251,1.50,1.12
2018.05.09 11:09:00.525,1.82227,1.82247,1.00,1.00
2018.05.09 11:09:00.577,1.82224,1.82248,1.50,1.50
2018.05.09 11:09:01.092,1.82223,1.82248,1.00,1.00
2018.05.09 11:09:01.443,1.82221,1.82248,1.50,1.00
2018.05.09 11:09:02.240,1.82221,1.82243,1.00,1.00
2018.05.09 11:09:02.291,1.82219,1.82243,1.50,1.00
2018.05.09 11:09:02.389,1.82219,1.82239,1.00,1.50
2018.05.09 11:09:02.441,1.82213,1.82238,1.00,1.00
2018.05.09 11:09:02.594,1.82213,1.82236,1.00,1.00
2018.05.09 11:09:02.748,1.82208,1.82236,1.00,1.00
2018.05.09 11:09:02.800,1.82208,1.82234,1.00,1.00
2018.05.09 11:09:02.954,1.82206,1.82234,1.00,1.00
2018.05.09 11:09:03.058,1.82206,1.82232,1.00,1.00
2018.05.09 11:09:03.565,1.82207,1.82231,1.00,1.00
2018.05.09 11:09:03.936,1.82207,1.82229,1.00,1.00
2018.05.09 11:09:04.468,1.82207,1.82228,1.00,1.00
2018.05.09 11:09:04.976,1.82202,1.82229,2.25,1.00
2018.05.09 11:09:05.027,1.82202,1.82227,1.50,1.00
2018.05.09 11:09:05.332,1.82198,1.82221,1.00,1.50
2018.05.09 11:09:05.484,1.82196,1.82221,1.00,1.50
2018.05.09 11:09:06.113,1.82197,1.82221,1.00,1.50
2018.05.09 11:09:06.394,1.82213,1.82225,1.00,1.50
2018.05.09 11:09:06.497,1.82204,1.82229,1.87,1.50
2018.05.09 11:09:06.549,1.8221,1.82229,1.00,1.00
2018.05.09 11:09:06.601,1.82209,1.82231,1.00,1.00
2018.05.09 11:09:06.653,1.82204,1.82228,1.50,1.12
2018.05.09 11:09:06.704,1.822,1.82225,1.00,1.12
2018.05.09 11:09:06.788,1.82201,1.82222,1.00,1.00
2018.05.09 11:09:06.839,1.82194,1.82221,2.44,1.00
2018.05.09 11:09:07.044,1.82193,1.82219,1.31,1.00
2018.05.09 11:09:07.482,1.82191,1.82218,1.00,1.00
2018.05.09 11:09:08.091,1.82191,1.82216,1.00,1.00
2018.05.09 11:09:08.619,1.8219,1.82216,1.25,1.00
2018.05.09 11:09:08.671,1.82188,1.82216,1.69,1.00
2018.05.09 11:09:08.722,1.82191,1.82216,1.00,1.00
2018.05.09 11:09:09.214,1.82187,1.82215,2.44,1.00
2018.05.09 11:09:09.265,1.82187,1.82217,2.44,1.00
2018.05.09 11:09:09.637,1.82187,1.82215,1.00,1.00
2018.05.09 11:09:09.908,1.82184,1.82213,1.87,1.00
2018.05.09 11:09:10.062,1.82185,1.82211,1.00,1.00
2018.05.09 11:09:10.371,1.82225,1.82235,1.50,1.00
2018.05.09 11:09:10.422,1.82228,1.82249,1.00,1.00
2018.05.09 11:09:10.474,1.82227,1.82244,1.00,1.00
2018.05.09 11:09:10.545,1.82226,1.82248,1.00,1.00
2018.05.09 11:09:11.121,1.82225,1.82247,1.00,1.00
2018.05.09 11:09:12.171,1.82236,1.82247,1.19,1.00
2018.05.09 11:09:12.223,1.82234,1.82247,1.31,1.00
2018.05.09 11:09:12.274,1.82242,1.82254,1.00,1.00
2018.05.09 11:09:12.325,1.82241,1.82257,1.00,1.00
2018.05.09 11:09:12.426,1.82239,1.82257,1.00,1.00
2018.05.09 11:09:12.477,1.82236,1.82256,1.50,1.00
2018.05.09 11:09:12.528,1.82236,1.82258,1.50,1.00
2018.05.09 11:09:12.579,1.82236,1.82261,2.44,1.00
2018.05.09 11:09:12.630,1.82236,1.82264,2.25,1.00
2018.05.09 11:09:13.161,1.82236,1.82263,1.00,1.00
2018.05.09 11:09:13.761,1.82237,1.82263,1.00,1.00
2018.05.09 11:09:14.204,1.82236,1.8226,1.00,1.00
2018.05.09 11:09:14.556,1.82237,1.82257,1.00,1.00
2018.05.09 11:09:14.732,1.82243,1.82266,1.50,1.00
2018.05.09 11:09:14.783,1.82244,1.82269,2.06,1.00
2018.05.09 11:09:14.886,1.82244,1.82272,1.00,1.00
2018.05.09 11:09:14.937,1.82249,1.82272,1.00,1.00
2018.05.09 11:09:15.040,1.82245,1.82271,1.00,1.00
2018.05.09 11:09:15.194,1.82243,1.82271,1.00,1.00
2018.05.09 11:09:15.398,1.82241,1.82268,2.81,1.00
2018.05.09 11:09:15.915,1.82241,1.82267,1.00,1.00
2018.05.09 11:09:16.519,1.82239,1.82267,1.31,1.00
2018.05.09 11:09:16.956,1.82238,1.82264,2.06,1.00
2018.05.09 11:09:17.007,1.82237,1.82264,1.00,1.00
2018.05.09 11:09:17.058,1.82237,1.82262,1.00,1.00
2018.05.09 11:09:17.211,1.8223,1.82257,1.25,1.00
2018.05.09 11:09:17.262,1.82226,1.82255,1.56,1.50
2018.05.09 11:09:17.670,1.82226,1.82255,1.69,1.00
2018.05.09 11:09:17.831,1.82227,1.82255,2.44,1.50
2018.05.09 11:09:18.031,1.8223,1.8226,1.94,1.50
2018.05.09 11:09:18.630,1.82233,1.8226,1.87,1.00
2018.05.09 11:09:19.215,1.82234,1.82261,1.00,1.00
2018.05.09 11:09:19.662,1.82233,1.82261,3.19,1.00
2018.05.09 11:09:19.979,1.82256,1.82277,1.00,1.00
2018.05.09 11:09:20.286,1.82254,1.82278,1.50,1.50
2018.05.09 11:09:20.438,1.82254,1.8228,1.50,1.00
2018.05.09 11:09:20.540,1.82254,1.82284,1.50,1.50
2018.05.09 11:09:20.866,1.82255,1.82282,1.00,1.00
2018.05.09 11:09:21.395,1.82254,1.82281,1.50,1.00
2018.05.09 11:09:21.726,1.82257,1.8228,1.00,1.00
2018.05.09 11:09:21.778,1.82253,1.82283,1.00,1.00
2018.05.09 11:09:22.060,1.82252,1.8228,1.00,1.00
2018.05.09 11:09:22.431,1.82252,1.82278,1.50,1.00
2018.05.09 11:09:22.795,1.82252,1.82275,1.56,1.00
2018.05.09 11:09:22.973,1.82255,1.82281,1.50,1.00
2018.05.09 11:09:23.026,1.82261,1.82286,1.56,1.00
2018.05.09 11:09:23.077,1.82263,1.82291,1.25,1.50
2018.05.09 11:09:23.129,1.82265,1.82291,1.00,1.00
2018.05.09 11:09:23.283,1.82266,1.82293,1.00,1.00
2018.05.09 11:09:23.924,1.82265,1.82292,2.25,1.00
2018.05.09 11:09:24.965,1.82262,1.82292,1.50,1.00
2018.05.09 11:09:25.271,1.82262,1.8229,1.00,1.00
2018.05.09 11:09:25.591,1.82258,1.82283,1.00,1.00
2018.05.09 11:09:25.898,1.82253,1.8228,1.37,1.00
2018.05.09 11:09:26.204,1.82253,1.8228,1.12,1.00
2018.05.09 11:09:26.640,1.82253,1.82279,2.44,1.00
2018.05.09 11:09:26.691,1.82256,1.82284,1.25,1.00
2018.05.09 11:09:26.793,1.82254,1.82282,2.06,1.00
2018.05.09 11:09:26.996,1.82258,1.82285,1.50,1.50
2018.05.09 11:09:27.530,1.82259,1.82285,1.00,1.50
2018.05.09 11:09:27.684,1.82257,1.82283,1.00,1.00
2018.05.09 11:09:27.889,1.82252,1.8228,1.50,1.50
2018.05.09 11:09:27.991,1.82252,1.8228,1.56,1.50
2018.05.09 11:09:28.401,1.82255,1.82278,1.00,1.00
2018.05.09 11:09:28.673,1.82257,1.82282,1.00,1.25
2018.05.09 11:09:28.827,1.82255,1.82281,1.00,1.00
2018.05.09 11:09:28.984,1.82252,1.82279,1.00,1.00
2018.05.09 11:09:29.240,1.82252,1.8228,1.56,1.50
2018.05.09 11:09:29.563,1.82258,1.82283,1.00,1.00
2018.05.09 11:09:29.913,1.8226,1.82285,1.00,1.00
2018.05.09 11:09:30.075,1.8226,1.82287,1.00,1.50
2018.05.09 11:09:30.572,1.82258,1.82286,1.31,1.00
2018.05.09 11:09:32.066,1.82258,1.82284,1.00,1.00
2018.05.09 11:09:32.374,1.82259,1.82284,1.69,1.00
2018.05.09 11:09:32.593,1.82264,1.82288,1.00,1.00
2018.05.09 11:09:32.694,1.82261,1.82288,1.25,1.50
2018.05.09 11:09:33.198,1.82262,1.82289,1.00,1.00
2018.05.09 11:09:33.826,1.82262,1.8229,1.00,2.62
2018.05.09 11:09:34.386,1.82261,1.82288,1.00,1.00
2018.05.09 11:09:34.717,1.82262,1.8229,1.31,2.25
2018.05.09 11:09:35.083,1.82262,1.82288,1.00,1.00
2018.05.09 11:09:35.887,1.82263,1.82287,1.00,1.00
2018.05.09 11:09:36.436,1.82263,1.82287,1.62,1.00
2018.05.09 11:09:36.814,1.82274,1.82289,1.00,1.00
2018.05.09 11:09:36.866,1.82272,1.82288,1.00,1.00
2018.05.09 11:09:36.968,1.82272,1.82297,1.12,1.00
2018.05.09 11:09:37.488,1.82273,1.82297,1.00,1.00
2018.05.09 11:09:37.606,1.8227,1.82297,1.31,1.00
2018.05.09 11:09:37.990,1.8227,1.823,1.31,1.00
2018.05.09 11:09:38.483,1.82269,1.82295,1.12,1.00
2018.05.09 11:09:38.785,1.82264,1.82291,1.00,1.38
2018.05.09 11:09:39.351,1.82261,1.82288,1.56,1.00
2018.05.09 11:09:39.651,1.82261,1.82288,1.00,1.00
2018.05.09 11:09:39.704,1.82259,1.82288,2.44,2.25
2018.05.09 11:09:40.010,1.82259,1.82286,1.56,1.13
2018.05.09 11:09:40.266,1.82259,1.82286,1.31,1.13
2018.05.09 11:09:40.629,1.82258,1.82285,1.12,1.12
2018.05.09 11:09:41.150,1.82259,1.82285,1.31,1.25
2018.05.09 11:09:41.657,1.82258,1.82285,1.00,1.00
2018.05.09 11:09:42.203,1.82259,1.82285,1.00,1.00
2018.05.09 11:09:42.459,1.82258,1.82285,1.00,2.81
2018.05.09 11:09:42.562,1.82256,1.82284,1.00,1.44
2018.05.09 11:09:42.665,1.8225,1.82277,1.75,1.00
2018.05.09 11:09:42.902,1.82255,1.82285,2.06,2.25
2018.05.09 11:09:43.005,1.8226,1.82285,1.25,1.00
2018.05.09 11:09:43.107,1.8226,1.82287,1.56,1.69
2018.05.09 11:09:43.311,1.8226,1.82284,1.31,1.00
2018.05.09 11:09:43.515,1.8226,1.82287,1.00,1.00
2018.05.09 11:09:44.263,1.8226,1.82288,1.00,1.50
2018.05.09 11:09:44.878,1.82259,1.82287,1.50,1.00
2018.05.09 11:09:45.416,1.82258,1.8229,1.50,3.00
2018.05.09 11:09:45.877,1.8226,1.82284,1.00,1.00
2018.05.09 11:09:46.138,1.82256,1.82282,1.00,1.88
2018.05.09 11:09:46.669,1.82257,1.82281,1.25,1.00
2018.05.09 11:09:46.823,1.82258,1.82283,1.00,1.00
2018.05.09 11:09:46.926,1.82258,1.82285,1.00,1.00
2018.05.09 11:09:47.314,1.82258,1.82283,1.00,1.00
2018.05.09 11:09:47.872,1.82258,1.82283,1.00,1.88
2018.05.09 11:09:48.199,1.8226,1.82284,1.00,1.88
2018.05.09 11:09:48.707,1.82259,1.82283,1.00,1.88
2018.05.09 11:09:48.966,1.82257,1.82283,1.00,1.88
2018.05.09 11:09:49.493,1.82258,1.82283,1.00,1.13
2018.05.09 11:09:49.800,1.82256,1.82283,1.00,1.00
2018.05.09 11:09:50.055,1.82256,1.82279,1.00,1.38
2018.05.09 11:09:50.369,1.82252,1.82272,1.00,1.00
2018.05.09 11:09:50.792,1.82249,1.82272,1.50,1.00
2018.05.09 11:09:50.894,1.82247,1.82272,1.00,1.00
2018.05.09 11:09:51.973,1.82246,1.82272,1.25,1.00
2018.05.09 11:09:52.503,1.82246,1.82273,1.00,2.63
2018.05.09 11:09:52.605,1.82244,1.82272,1.00,1.00
2018.05.09 11:09:52.708,1.82244,1.8227,1.00,1.00
2018.05.09 11:09:53.197,1.82246,1.82272,1.31,1.50
2018.05.09 11:09:53.502,1.82258,1.8228,1.75,1.00
2018.05.09 11:09:53.848,1.82258,1.82279,1.12,1.00
2018.05.09 11:09:53.951,1.82258,1.82276,1.00,1.00
2018.05.09 11:09:54.003,1.8225,1.82271,1.00,1.00
2018.05.09 11:09:54.112,1.82248,1.82273,1.62,1.00
2018.05.09 11:09:54.163,1.82249,1.82277,1.00,1.00
2018.05.09 11:09:54.376,1.82252,1.82278,1.00,1.50
2018.05.09 11:09:54.898,1.82253,1.82278,1.00,1.50
2018.05.09 11:09:55.354,1.82254,1.82276,1.00,1.00
2018.05.09 11:09:55.861,1.82251,1.82273,1.00,1.00
2018.05.09 11:09:55.963,1.8225,1.82276,1.50,1.00
2018.05.09 11:09:56.466,1.82252,1.82276,1.00,1.00
2018.05.09 11:09:56.597,1.82252,1.82274,1.00,1.00
2018.05.09 11:09:56.654,1.82252,1.82276,1.00,1.00
2018.05.09 11:09:58.290,1.82253,1.82279,1.00,1.00
2018.05.09 11:09:58.341,1.82253,1.82276,1.00,1.00
2018.05.09 11:09:58.392,1.82248,1.82276,2.05,1.50
2018.05.09 11:09:58.767,1.82248,1.82276,2.99,1.50
2018.05.09 11:09:58.868,1.82253,1.82279,1.00,1.50
2018.05.09 11:09:58.919,1.82253,1.82279,1.00,1.75
2018.05.09 11:09:59.034,1.82244,1.82271,1.50,1.00
2018.05.09 11:09:59.339,1.82245,1.82268,1.00,1.00
2018.05.09 11:09:59.643,1.82238,1.82264,1.88,1.00
2018.05.09 11:09:59.694,1.82241,1.82264,1.00,1.00
2018.05.09 11:09:59.868,1.82238,1.82264,1.00,1.00
2018.05.09 11:10:00.121,1.82236,1.82261,1.00,1.00
2018.05.09 11:10:00.275,1.82229,1.82255,1.50,1.00
2018.05.09 11:10:00.326,1.82229,1.82252,1.00,1.00
2018.05.09 11:10:00.665,1.82228,1.82249,2.25,1.00
2018.05.09 11:10:00.976,1.82229,1.82246,1.50,1.50
2018.05.09 11:10:01.130,1.82222,1.82246,2.43,1.50
2018.05.09 11:10:01.610,1.82222,1.82244,1.00,1.00
2018.05.09 11:10:01.764,1.82222,1.82246,1.00,1.00
2018.05.09 11:10:01.867,1.82222,1.82244,1.00,1.00
2018.05.09 11:10:02.173,1.82222,1.82242,1.00,1.00
2018.05.09 11:10:02.225,1.82216,1.82242,2.80,1.00
2018.05.09 11:10:02.276,1.82222,1.82242,1.00,1.00
2018.05.09 11:10:02.328,1.82216,1.82244,2.05,1.00
2018.05.09 11:10:02.380,1.82215,1.82241,1.30,1.00
2018.05.09 11:10:02.744,1.82217,1.82241,1.00,1.00
2018.05.09 11:10:03.289,1.82217,1.82244,1.00,1.50
2018.05.09 11:10:03.345,1.82217,1.82244,1.00,1.00
2018.05.09 11:10:03.890,1.82217,1.82245,1.00,1.88
2018.05.09 11:10:04.173,1.82217,1.82243,1.00,1.00
2018.05.09 11:10:04.682,1.82217,1.82244,1.00,1.25
2018.05.09 11:10:04.889,1.82214,1.82244,1.00,1.00
2018.05.09 11:10:05.073,1.82214,1.82244,1.38,1.00
2018.05.09 11:10:05.715,1.82214,1.82243,1.38,1.00
2018.05.09 11:10:06.289,1.82214,1.82241,1.38,1.00
2018.05.09 11:10:06.536,1.82214,1.8224,1.00,1.00
2018.05.09 11:10:07.376,1.82213,1.8224,1.38,1.00
2018.05.09 11:10:07.712,1.82213,1.8224,1.00,1.00
2018.05.09 11:10:08.054,1.82217,1.8224,1.00,1.00
2018.05.09 11:10:08.207,1.82217,1.82244,1.48,1.50
2018.05.09 11:10:08.721,1.82217,1.82244,1.73,1.00
2018.05.09 11:10:09.161,1.82217,1.82244,1.73,1.00
2018.05.09 11:10:09.417,1.82217,1.82245,2.63,2.44
2018.05.09 11:10:09.570,1.82217,1.82243,2.63,1.00
2018.05.09 11:10:09.883,1.8223,1.82249,1.30,1.00
2018.05.09 11:10:10.089,1.82231,1.82252,1.00,1.00
2018.05.09 11:10:10.192,1.82231,1.82257,1.50,1.44
2018.05.09 11:10:10.243,1.82229,1.82257,1.00,1.38
2018.05.09 11:10:10.549,1.82226,1.82251,1.30,1.00
2018.05.09 11:10:10.882,1.82224,1.82246,1.25,1.50
2018.05.09 11:10:11.190,1.82217,1.82243,1.50,1.00
2018.05.09 11:10:11.344,1.82219,1.82243,1.00,1.00
2018.05.09 11:10:11.700,1.82218,1.82239,1.38,1.00
2018.05.09 11:10:11.805,1.82218,1.82242,1.38,1.00
2018.05.09 11:10:11.907,1.82218,1.82244,2.24,1.00
2018.05.09 11:10:12.439,1.82217,1.82243,1.49,1.00
2018.05.09 11:10:12.593,1.82217,1.82243,1.31,1.00
2018.05.09 11:10:12.954,1.82217,1.8224,1.25,1.00
2018.05.09 11:10:13.221,1.82213,1.82239,1.74,1.00
2018.05.09 11:10:13.273,1.82211,1.82237,2.99,1.00
2018.05.09 11:10:13.783,1.82211,1.82236,2.24,1.00
2018.05.09 11:10:14.100,1.82217,1.82245,1.49,1.00
2018.05.09 11:10:14.256,1.82216,1.82244,1.88,1.50
2018.05.09 11:10:14.308,1.82222,1.8224,1.44,1.00
2018.05.09 11:10:14.410,1.82222,1.82244,1.44,1.00
2018.05.09 11:10:14.668,1.82218,1.82244,1.00,1.00
2018.05.09 11:10:14.771,1.82217,1.82242,1.00,1.00
2018.05.09 11:10:15.029,1.82214,1.82242,1.00,1.00
2018.05.09 11:10:15.208,1.82214,1.82239,1.00,1.00
2018.05.09 11:10:15.413,1.82212,1.82238,1.50,1.00
2018.05.09 11:10:15.465,1.82215,1.82239,1.00,1.00
2018.05.09 11:10:15.793,1.82217,1.8224,1.25,1.00
2018.05.09 11:10:16.312,1.82217,1.82238,1.25,1.00
2018.05.09 11:10:16.414,1.82212,1.82239,1.50,1.00
2018.05.09 11:10:16.926,1.82215,1.82239,1.25,1.50
2018.05.09 11:10:17.092,1.8221,1.82238,1.13,1.00
2018.05.09 11:10:17.143,1.82209,1.82234,1.50,1.00
2018.05.09 11:10:17.397,1.82207,1.82234,1.50,1.00
2018.05.09 11:10:17.893,1.82207,1.82233,1.75,1.50
2018.05.09 11:10:18.050,1.82205,1.82233,1.75,1.50
2018.05.09 11:10:18.561,1.82205,1.82233,1.75,1.50
2018.05.09 11:10:19.309,1.82205,1.82233,1.75,1.50
2018.05.09 11:10:19.828,1.82207,1.82233,1.75,1.00
2018.05.09 11:10:20.186,1.82206,1.82234,2.06,1.00
2018.05.09 11:10:20.719,1.82205,1.82233,2.25,1.50
2018.05.09 11:10:21.269,1.82204,1.82232,1.75,1.00
2018.05.09 11:10:21.432,1.82204,1.82232,2.25,1.00
2018.05.09 11:10:21.536,1.82205,1.82229,1.00,1.00
2018.05.09 11:10:21.886,1.82203,1.82231,1.56,1.00
2018.05.09 11:10:22.410,1.82205,1.82231,1.81,1.00
2018.05.09 11:10:22.912,1.82205,1.82231,1.00,1.00
2018.05.09 11:10:23.019,1.82205,1.82225,1.00,1.00
2018.05.09 11:10:23.121,1.82205,1.82227,1.00,1.00
2018.05.09 11:10:23.172,1.82202,1.82227,1.50,1.00
2018.05.09 11:10:23.720,1.82201,1.82226,2.25,1.00
2018.05.09 11:10:23.772,1.82201,1.82221,1.00,1.00
2018.05.09 11:10:24.080,1.82191,1.82215,1.44,1.00
2018.05.09 11:10:24.606,1.82191,1.82214,2.06,1.00
2018.05.09 11:10:24.659,1.82191,1.82214,2.06,1.00
2018.05.09 11:10:25.120,1.82194,1.82216,1.00,1.50
2018.05.09 11:10:25.273,1.82192,1.82216,1.50,2.25
2018.05.09 11:10:25.778,1.82191,1.82216,1.00,1.00
2018.05.09 11:10:25.881,1.82189,1.82215,1.00,1.00
2018.05.09 11:10:26.136,1.8219,1.82217,1.00,1.50
2018.05.09 11:10:26.423,1.8219,1.82217,1.38,1.50
2018.05.09 11:10:26.626,1.82199,1.82227,1.00,1.13
2018.05.09 11:10:26.729,1.82199,1.82227,1.56,1.50
2018.05.09 11:10:27.000,1.82203,1.82233,1.50,1.88
2018.05.09 11:10:27.154,1.82203,1.82233,1.37,1.13
2018.05.09 11:10:27.205,1.82208,1.82234,1.00,1.25
2018.05.09 11:10:27.513,1.82208,1.82229,1.00,1.00
2018.05.09 11:10:27.565,1.82209,1.82232,1.00,1.00
2018.05.09 11:10:27.732,1.82208,1.82222,1.00,1.00
2018.05.09 11:10:27.784,1.8221,1.82231,1.00,1.38
2018.05.09 11:10:27.836,1.82208,1.82232,1.00,1.19
2018.05.09 11:10:27.887,1.82206,1.82232,1.00,1.81
2018.05.09 11:10:27.939,1.82202,1.82232,2.06,1.44
2018.05.09 11:10:28.095,1.82201,1.82228,1.25,1.00
2018.05.09 11:10:28.147,1.82202,1.82234,1.50,2.44
2018.05.09 11:10:28.301,1.82206,1.82233,1.00,1.13
2018.05.09 11:10:28.501,1.82204,1.82232,1.00,1.38
2018.05.09 11:10:28.655,1.82204,1.82229,1.00,1.00
2018.05.09 11:10:29.181,1.82204,1.8223,1.00,1.00
2018.05.09 11:10:29.731,1.82204,1.8223,1.69,1.00
2018.05.09 11:10:29.834,1.82206,1.82232,1.37,1.00
2018.05.09 11:10:29.886,1.82209,1.82234,1.00,1.25
2018.05.09 11:10:30.243,1.82209,1.82233,1.00,1.50
2018.05.09 11:10:30.838,1.82209,1.82235,1.00,1.00
2018.05.09 11:10:30.991,1.82215,1.82238,1.00,1.00
2018.05.09 11:10:31.348,1.82216,1.82241,1.00,2.44
2018.05.09 11:10:31.824,1.82216,1.8224,1.00,1.38
2018.05.09 11:10:31.875,1.82213,1.82238,1.00,1.50
2018.05.09 11:10:32.078,1.82211,1.82237,1.00,2.25
2018.05.09 11:10:32.180,1.82211,1.82235,1.00,1.00
2018.05.09 11:10:32.449,1.82208,1.82235,1.25,1.00
2018.05.09 11:10:33.091,1.82208,1.82236,1.50,1.50
2018.05.09 11:10:33.390,1.82205,1.82233,1.81,1.00
2018.05.09 11:10:33.699,1.82207,1.82234,2.44,1.00
2018.05.09 11:10:34.015,1.82212,1.82235,1.00,1.00
2018.05.09 11:10:34.068,1.82213,1.82241,1.00,1.13
2018.05.09 11:10:34.404,1.82212,1.82238,2.25,1.00
2018.05.09 11:10:34.710,1.82211,1.82236,2.25,1.00
2018.05.09 11:10:35.224,1.82211,1.82236,1.25,1.00
2018.05.09 11:10:35.381,1.82212,1.8224,2.25,1.00
2018.05.09 11:10:35.581,1.82216,1.82244,1.00,1.88
2018.05.09 11:10:35.632,1.82216,1.82244,1.00,2.25
2018.05.09 11:10:35.887,1.82213,1.82241,1.31,1.00
2018.05.09 11:10:37.580,1.82215,1.82242,2.25,1.25
2018.05.09 11:10:37.785,1.82212,1.8224,1.50,1.00
2018.05.09 11:10:38.293,1.82212,1.8224,1.50,1.00
2018.05.09 11:10:38.562,1.82214,1.82243,1.25,1.00
2018.05.09 11:10:38.831,1.82215,1.82243,1.75,1.00
2018.05.09 11:10:39.442,1.82217,1.82243,1.00,1.00
2018.05.09 11:10:39.881,1.82215,1.82243,1.50,1.50
2018.05.09 11:10:39.932,1.82213,1.82243,1.00,1.38
2018.05.09 11:10:40.034,1.82213,1.82243,1.31,1.88
2018.05.09 11:10:40.086,1.82213,1.82243,1.31,1.69
2018.05.09 11:10:40.137,1.82213,1.82243,1.00,2.25
2018.05.09 11:10:40.442,1.82212,1.82238,1.00,1.00
2018.05.09 11:10:41.513,1.82214,1.8224,1.00,1.00
2018.05.09 11:10:41.769,1.82213,1.82243,1.25,1.25
2018.05.09 11:10:41.932,1.82213,1.82243,1.56,1.25
2018.05.09 11:10:42.240,1.82217,1.82243,1.00,1.50
2018.05.09 11:10:42.750,1.82217,1.82243,1.00,1.88
2018.05.09 11:10:43.972,1.82217,1.82243,1.00,1.00
2018.05.09 11:10:44.477,1.82218,1.82244,1.00,1.38
2018.05.09 11:10:44.579,1.82214,1.8224,1.00,1.13
2018.05.09 11:10:44.630,1.82214,1.8224,1.00,1.38
2018.05.09 11:10:44.682,1.82212,1.82239,1.00,1.38
2018.05.09 11:10:44.784,1.82212,1.82235,1.00,1.00
2018.05.09 11:10:44.887,1.82212,1.82238,1.00,1.88
2018.05.09 11:10:45.051,1.82212,1.82237,1.00,1.44
2018.05.09 11:10:45.357,1.82212,1.82234,1.00,1.00
2018.05.09 11:10:47.340,1.82208,1.82234,1.31,1.00
2018.05.09 11:10:47.391,1.82212,1.82234,1.00,1.00
2018.05.09 11:10:47.881,1.82208,1.82234,1.31,1.00
2018.05.09 11:10:48.389,1.82206,1.82233,1.69,1.00
2018.05.09 11:10:48.905,1.82206,1.82233,1.69,1.00
2018.05.09 11:10:49.167,1.82212,1.82235,1.00,1.00
2018.05.09 11:10:49.681,1.82212,1.82237,1.50,1.00
2018.05.09 11:10:49.784,1.82215,1.8224,1.00,1.00
2018.05.09 11:10:49.885,1.82216,1.82243,1.31,1.44
2018.05.09 11:10:50.391,1.82217,1.82243,1.00,1.44
2018.05.09 11:10:50.733,1.82219,1.82245,1.56,1.00
2018.05.09 11:10:50.835,1.82222,1.82248,1.00,1.00
2018.05.09 11:10:50.886,1.82224,1.82248,1.00,1.25
2018.05.09 11:10:51.338,1.82222,1.82247,1.12,1.00
2018.05.09 11:10:51.389,1.82224,1.82247,1.00,1.00
2018.05.09 11:10:51.693,1.82224,1.82247,1.00,1.38
2018.05.09 11:10:51.794,1.82222,1.82247,1.00,1.38
2018.05.09 11:10:51.947,1.82221,1.82247,1.12,1.00
2018.05.09 11:10:52.099,1.82224,1.82247,1.00,1.00
2018.05.09 11:10:52.348,1.82222,1.82247,1.00,1.00
2018.05.09 11:10:52.912,1.82223,1.82247,1.00,1.00
2018.05.09 11:10:53.400,1.82221,1.82247,1.50,1.13
2018.05.09 11:10:53.656,1.82221,1.82247,1.50,1.38
2018.05.09 11:10:53.786,1.82221,1.82247,1.50,1.25
2018.05.09 11:10:53.840,1.82222,1.82247,1.00,1.38
2018.05.09 11:10:53.892,1.82221,1.82247,1.12,1.25
2018.05.09 11:10:53.996,1.82221,1.82247,1.00,1.38
2018.05.09 11:10:54.048,1.82221,1.82247,1.00,1.88
2018.05.09 11:10:54.100,1.82221,1.82247,1.00,1.88
2018.05.09 11:10:54.151,1.82221,1.82247,1.00,1.50
2018.05.09 11:10:54.253,1.82221,1.82247,1.00,1.38
2018.05.09 11:10:54.479,1.82217,1.82245,1.56,1.25
2018.05.09 11:10:54.581,1.82216,1.82245,1.00,1.88
2018.05.09 11:10:54.886,1.82215,1.8224,1.00,1.00
2018.05.09 11:10:55.578,1.82213,1.8224,1.00,1.00
2018.05.09 11:10:56.089,1.82214,1.82242,1.00,1.38
2018.05.09 11:10:56.448,1.82217,1.82241,1.56,1.00
2018.05.09 11:10:56.554,1.82218,1.82244,1.56,1.00
2018.05.09 11:10:57.178,1.82221,1.82244,2.81,1.00
2018.05.09 11:10:57.229,1.82222,1.82247,1.56,1.50
2018.05.09 11:10:57.281,1.82224,1.82247,1.37,1.00
2018.05.09 11:10:57.497,1.82224,1.82247,1.12,1.00
2018.05.09 11:10:57.804,1.82222,1.82244,1.00,1.00
2018.05.09 11:10:57.906,1.82216,1.82243,2.63,1.50
2018.05.09 11:10:58.110,1.82221,1.82244,1.00,1.50
2018.05.09 11:10:58.161,1.82217,1.82243,2.06,1.00
2018.05.09 11:10:58.213,1.82221,1.82245,1.00,1.00
2018.05.09 11:10:58.437,1.82217,1.82243,1.56,1.00
2018.05.09 11:10:58.743,1.82221,1.82243,1.00,1.00
2018.05.09 11:10:59.213,1.82217,1.82243,2.81,1.00
2018.05.09 11:10:59.767,1.82221,1.82243,1.00,1.00
2018.05.09 11:11:00.394,1.82221,1.82244,1.00,1.00
2018.05.09 11:11:00.771,1.82219,1.82243,1.00,2.44
2018.05.09 11:11:00.824,1.82214,1.8224,1.50,3.19
2018.05.09 11:11:00.876,1.82208,1.82234,1.00,1.00
2018.05.09 11:11:00.928,1.82206,1.82231,1.00,1.12
2018.05.09 11:11:01.261,1.82202,1.82225,1.50,1.00
2018.05.09 11:11:01.465,1.82199,1.82225,1.00,1.69
2018.05.09 11:11:01.517,1.82196,1.82225,1.50,1.69
2018.05.09 11:11:01.568,1.82193,1.82219,1.00,1.00
2018.05.09 11:11:01.900,1.82192,1.82217,1.50,1.00
2018.05.09 11:11:02.365,1.82196,1.82217,1.00,1.00
2018.05.09 11:11:02.609,1.82192,1.82217,1.00,1.00
2018.05.09 11:11:02.661,1.82182,1.82207,1.00,1.00
2018.05.09 11:11:02.763,1.82184,1.8221,1.00,1.00
2018.05.09 11:11:02.815,1.82186,1.8221,1.00,1.00
2018.05.09 11:11:03.326,1.82187,1.8221,1.00,1.50
2018.05.09 11:11:04.740,1.82186,1.8221,1.00,1.50
2018.05.09 11:11:05.048,1.82191,1.8221,1.00,1.00
2018.05.09 11:11:05.100,1.82193,1.82215,1.00,1.50
2018.05.09 11:11:05.151,1.82193,1.82212,1.00,1.00
2018.05.09 11:11:05.582,1.82188,1.82208,1.12,1.00
2018.05.09 11:11:05.786,1.82191,1.82208,1.00,1.00
2018.05.09 11:11:06.343,1.8219,1.82208,1.00,1.00
2018.05.09 11:11:06.812,1.82187,1.82208,1.00,1.00
2018.05.09 11:11:07.219,1.82186,1.82213,1.00,1.56
2018.05.09 11:11:07.270,1.82186,1.82211,1.38,3.00
2018.05.09 11:11:07.436,1.82184,1.82209,1.00,1.00
2018.05.09 11:11:07.487,1.82187,1.82209,1.00,1.00
2018.05.09 11:11:07.590,1.82184,1.82209,1.00,1.00
2018.05.09 11:11:07.825,1.82184,1.82207,1.00,1.00
2018.05.09 11:11:08.132,1.82184,1.82203,1.00,1.00
2018.05.09 11:11:08.183,1.8218,1.822,1.00,1.00
2018.05.09 11:11:08.268,1.82177,1.822,1.50,1.00
2018.05.09 11:11:08.372,1.82179,1.82199,1.38,1.00
2018.05.09 11:11:08.424,1.82179,1.82201,1.88,1.00
2018.05.09 11:11:08.476,1.82181,1.82204,1.00,2.25
2018.05.09 11:11:08.809,1.82176,1.82203,3.00,1.00
2018.05.09 11:11:08.963,1.82176,1.82203,1.69,1.50
2018.05.09 11:11:09.306,1.82177,1.82199,1.00,1.00
2018.05.09 11:11:09.816,1.82176,1.82199,1.00,1.00
2018.05.09 11:11:10.122,1.82176,1.82197,1.00,1.00
2018.05.09 11:11:10.284,1.82172,1.82195,1.25,1.00
2018.05.09 11:11:10.598,1.82172,1.82195,1.56,1.00
2018.05.09 11:11:10.954,1.82173,1.82195,1.50,1.00
2018.05.09 11:11:11.099,1.82182,1.82203,1.00,2.25
2018.05.09 11:11:11.610,1.82181,1.82203,1.00,1.50
2018.05.09 11:11:11.712,1.82182,1.82201,1.00,1.00
2018.05.09 11:11:11.865,1.82182,1.82203,1.00,1.00
2018.05.09 11:11:12.453,1.82182,1.82204,1.00,1.00
2018.05.09 11:11:14.263,1.82182,1.82203,1.00,1.00
2018.05.09 11:11:14.608,1.82185,1.82203,1.00,1.00
2018.05.09 11:11:14.660,1.82186,1.82208,1.00,1.00
2018.05.09 11:11:15.193,1.82186,1.82207,1.69,1.00
2018.05.09 11:11:16.149,1.82181,1.82208,2.25,1.00
2018.05.09 11:11:16.489,1.82183,1.82207,1.00,1.00
2018.05.09 11:11:17.031,1.82183,1.82206,1.00,1.00
2018.05.09 11:11:17.248,1.82183,1.82208,1.00,1.50
2018.05.09 11:11:18.233,1.82182,1.82208,1.00,1.50
2018.05.09 11:11:18.285,1.82182,1.82205,1.50,1.00
2018.05.09 11:11:18.439,1.82177,1.82202,1.00,1.00
2018.05.09 11:11:18.928,1.82179,1.82201,1.00,1.00
2018.05.09 11:11:19.259,1.82183,1.82206,1.69,1.00
2018.05.09 11:11:19.310,1.82186,1.82206,1.00,1.00
2018.05.09 11:11:19.361,1.82183,1.82206,1.00,1.00
2018.05.09 11:11:19.469,1.82187,1.82209,1.00,1.00
2018.05.09 11:11:19.740,1.82182,1.82209,1.69,1.00
2018.05.09 11:11:19.791,1.82182,1.82209,1.87,1.00
2018.05.09 11:11:20.098,1.82182,1.82206,1.12,1.00
2018.05.09 11:11:20.608,1.82182,1.82206,1.63,1.00
2018.05.09 11:11:22.034,1.82182,1.82206,1.25,1.00
2018.05.09 11:11:22.086,1.82182,1.82208,1.25,1.00
2018.05.09 11:11:22.565,1.82182,1.82208,1.56,1.00
2018.05.09 11:11:23.003,1.82186,1.82208,1.00,1.00
2018.05.09 11:11:23.474,1.82184,1.82209,1.25,2.25
2018.05.09 11:11:24.100,1.82185,1.82208,1.00,1.00
2018.05.09 11:11:24.829,1.82183,1.82208,1.31,1.00
2018.05.09 11:11:24.881,1.82181,1.82208,1.00,1.88
2018.05.09 11:11:24.983,1.82175,1.82202,1.31,1.38
2018.05.09 11:11:25.035,1.82174,1.82198,1.50,1.00
2018.05.09 11:11:25.411,1.82171,1.82198,1.25,1.50
2018.05.09 11:11:25.873,1.8217,1.82198,1.75,1.00
2018.05.09 11:11:26.029,1.82179,1.82207,1.00,3.38
2018.05.09 11:11:26.081,1.82174,1.82202,1.56,1.69
2018.05.09 11:11:26.622,1.82173,1.82201,1.50,1.00
2018.05.09 11:11:26.726,1.82177,1.82201,1.00,1.00
2018.05.09 11:11:27.033,1.82177,1.82199,1.00,1.00
2018.05.09 11:11:27.255,1.82176,1.82201,1.00,1.00
2018.05.09 11:11:27.407,1.82176,1.82203,1.31,2.25
2018.05.09 11:11:27.610,1.82179,1.82202,1.00,1.00
2018.05.09 11:11:28.117,1.82177,1.82201,1.50,1.00
2018.05.09 11:11:28.219,1.82181,1.82201,1.00,1.00
2018.05.09 11:11:28.410,1.82182,1.82203,1.00,1.00
2018.05.09 11:11:28.462,1.82177,1.82203,1.69,1.00
2018.05.09 11:11:28.564,1.82181,1.82203,1.00,1.00
2018.05.09 11:11:28.872,1.82189,1.82206,1.00,1.00
2018.05.09 11:11:28.924,1.82182,1.82206,1.25,1.00
2018.05.09 11:11:28.976,1.82187,1.82209,1.00,1.00
2018.05.09 11:11:29.273,1.82184,1.82209,1.00,1.00
2018.05.09 11:11:29.375,1.82182,1.82209,1.00,1.00
2018.05.09 11:11:30.593,1.82181,1.82209,1.31,2.44
2018.05.09 11:11:30.927,1.82179,1.82207,1.00,1.19
2018.05.09 11:11:31.237,1.82182,1.82207,1.25,1.00
2018.05.09 11:11:31.755,1.82181,1.82206,1.50,1.00
2018.05.09 11:11:32.081,1.82187,1.82209,1.00,1.00
2018.05.09 11:11:32.185,1.82187,1.82211,1.12,1.00
2018.05.09 11:11:32.237,1.82187,1.82213,1.00,1.50
2018.05.09 11:11:32.746,1.82186,1.82212,1.00,1.00
2018.05.09 11:11:32.898,1.82186,1.8221,1.00,1.00
2018.05.09 11:11:33.642,1.82187,1.8221,1.00,1.00
2018.05.09 11:11:33.952,1.82181,1.8221,1.69,1.44
2018.05.09 11:11:34.503,1.82181,1.8221,2.06,1.25
2018.05.09 11:11:35.250,1.82181,1.82211,1.87,1.00
2018.05.09 11:11:35.780,1.82183,1.82212,1.56,1.50
2018.05.09 11:11:36.308,1.82183,1.82211,1.56,1.00
2018.05.09 11:11:37.540,1.82183,1.82211,1.56,1.00
2018.05.09 11:11:38.088,1.82183,1.82211,1.63,1.00
2018.05.09 11:11:38.396,1.82187,1.82211,1.00,1.00
2018.05.09 11:11:38.601,1.82183,1.82211,1.56,1.25
2018.05.09 11:11:38.755,1.82187,1.82211,1.00,1.00
2018.05.09 11:11:39.075,1.82201,1.82223,1.00,1.00
2018.05.09 11:11:39.229,1.82201,1.82225,1.00,1.13
2018.05.09 11:11:39.785,1.82202,1.82225,1.00,1.88
2018.05.09 11:11:40.323,1.82201,1.82225,1.00,1.00
2018.05.09 11:11:40.488,1.82199,1.82226,1.12,1.44
2018.05.09 11:11:40.924,1.82197,1.82226,1.31,1.88
2018.05.09 11:11:40.976,1.82197,1.82222,1.31,1.25
2018.05.09 11:11:41.506,1.82197,1.82222,1.25,1.00
2018.05.09 11:11:42.340,1.82196,1.82222,1.00,1.00
2018.05.09 11:11:42.847,1.82196,1.82221,1.50,1.50
2018.05.09 11:11:42.977,1.82196,1.82224,1.50,1.00
2018.05.09 11:11:43.079,1.82196,1.82222,2.06,1.00
2018.05.09 11:11:43.386,1.82201,1.82226,1.37,1.50
2018.05.09 11:11:43.696,1.82207,1.8223,1.00,1.00
2018.05.09 11:11:44.047,1.82203,1.8223,1.12,1.00
2018.05.09 11:11:44.149,1.82206,1.8223,1.00,1.25
2018.05.09 11:11:44.898,1.82205,1.8223,1.00,1.00
2018.05.09 11:11:45.208,1.82209,1.82227,1.00,1.00
2018.05.09 11:11:45.362,1.82203,1.82227,1.00,1.00
2018.05.09 11:11:45.770,1.82204,1.82225,1.00,1.00
2018.05.09 11:11:46.365,1.82201,1.82225,1.00,1.00
2018.05.09 11:11:46.877,1.82202,1.82225,1.50,1.00
2018.05.09 11:11:47.184,1.82202,1.82227,1.50,1.00
2018.05.09 11:11:47.778,1.82202,1.82225,1.50,1.00
2018.05.09 11:11:47.931,1.82197,1.82222,1.00,1.00
2018.05.09 11:11:47.982,1.82193,1.82218,1.25,1.50
2018.05.09 11:11:48.288,1.82198,1.82217,1.00,1.00
2018.05.09 11:11:48.819,1.82197,1.82218,1.00,1.00
2018.05.09 11:11:49.297,1.82197,1.82221,1.31,1.00
2018.05.09 11:11:49.349,1.82201,1.82221,1.00,1.00
2018.05.09 11:11:49.400,1.82203,1.82224,1.00,1.00
2018.05.09 11:11:49.915,1.82201,1.82225,1.00,1.00
2018.05.09 11:11:50.120,1.82203,1.82226,1.00,1.50
2018.05.09 11:11:50.630,1.82204,1.82227,1.00,1.38
2018.05.09 11:11:51.165,1.82205,1.82225,1.00,1.00
2018.05.09 11:11:51.780,1.82204,1.82225,1.00,1.00
2018.05.09 11:11:52.295,1.82204,1.82224,1.00,1.00
2018.05.09 11:11:53.450,1.82206,1.82224,1.00,1.00
2018.05.09 11:11:53.961,1.82203,1.82224,1.00,1.00
2018.05.09 11:11:54.404,1.82196,1.82223,2.25,1.00
2018.05.09 11:11:54.456,1.82201,1.82223,1.00,1.00
2018.05.09 11:11:54.967,1.82201,1.82224,1.00,1.00
2018.05.09 11:11:56.163,1.82197,1.82222,1.50,1.00
2018.05.09 11:11:56.399,1.822,1.82221,1.00,1.00
2018.05.09 11:11:56.706,1.822,1.82219,1.00,1.00
2018.05.09 11:11:57.012,1.82198,1.82216,1.00,1.00
2018.05.09 11:11:57.571,1.82197,1.82216,1.50,1.00
2018.05.09 11:11:58.110,1.82198,1.82216,1.00,1.00
2018.05.09 11:11:58.515,1.82198,1.82218,1.00,1.00
2018.05.09 11:11:59.066,1.82199,1.82217,1.00,1.00
2018.05.09 11:11:59.864,1.822,1.82217,1.00,1.00
2018.05.09 11:12:00.630,1.82199,1.82217,1.31,1.00
2018.05.09 11:12:00.682,1.82202,1.82217,1.00,1.00
2018.05.09 11:12:00.886,1.82203,1.82224,1.00,1.00
2018.05.09 11:12:01.469,1.82204,1.82224,1.00,1.00
2018.05.09 11:12:01.815,1.82204,1.82226,1.00,1.00
2018.05.09 11:12:01.866,1.82205,1.8223,1.37,1.00
2018.05.09 11:12:02.056,1.82206,1.82233,1.12,1.50
2018.05.09 11:12:02.566,1.82206,1.82234,2.81,1.50
2018.05.09 11:12:03.097,1.82208,1.82234,1.00,1.00
2018.05.09 11:12:03.623,1.82209,1.82234,1.00,1.00
2018.05.09 11:12:03.776,1.82207,1.82234,1.50,1.00
2018.05.09 11:12:04.229,1.8221,1.82234,1.50,1.00
2018.05.09 11:12:04.740,1.82211,1.82234,1.00,1.25
2018.05.09 11:12:05.279,1.8221,1.82234,1.50,1.00
2018.05.09 11:12:05.826,1.82211,1.82234,1.00,1.00
2018.05.09 11:12:06.374,1.8221,1.82234,1.00,1.00
2018.05.09 11:12:07.268,1.82211,1.82234,1.00,1.00
2018.05.09 11:12:07.784,1.8221,1.82234,1.00,1.00
2018.05.09 11:12:08.390,1.82206,1.82234,3.75,2.25
2018.05.09 11:12:08.493,1.82206,1.82227,1.00,1.69
2018.05.09 11:12:08.699,1.82201,1.82223,1.50,1.00
2018.05.09 11:12:09.005,1.82201,1.82225,1.00,1.00
2018.05.09 11:12:09.208,1.82203,1.82222,1.00,1.00
2018.05.09 11:12:10.198,1.82201,1.82222,1.50,1.00
2018.05.09 11:12:10.742,1.82202,1.82222,1.00,1.00
2018.05.09 11:12:11.077,1.82197,1.82222,1.87,1.00
2018.05.09 11:12:11.552,1.82195,1.82221,1.87,1.38
2018.05.09 11:12:11.857,1.82196,1.82214,1.00,1.00
2018.05.09 11:12:12.060,1.82192,1.82214,1.00,1.00
2018.05.09 11:12:12.161,1.82192,1.82216,1.63,1.00
2018.05.09 11:12:12.694,1.82191,1.82217,2.81,1.00
2018.05.09 11:12:13.003,1.82191,1.82217,1.87,1.00
2018.05.09 11:12:13.514,1.82192,1.82217,1.50,1.00
2018.05.09 11:12:14.044,1.82192,1.82218,1.12,1.00
2018.05.09 11:12:14.639,1.82191,1.82218,2.62,1.00
2018.05.09 11:12:15.180,1.82192,1.82218,1.00,1.00
2018.05.09 11:12:17.567,1.82192,1.82221,1.00,1.44
2018.05.09 11:12:17.619,1.82192,1.82218,1.00,1.00
2018.05.09 11:12:19.539,1.82191,1.82218,2.06,1.50
2018.05.09 11:12:20.048,1.82191,1.82218,2.81,1.50
2018.05.09 11:12:20.408,1.82196,1.82218,1.00,1.50
2018.05.09 11:12:20.563,1.82195,1.8222,1.69,1.00
2018.05.09 11:12:21.087,1.82196,1.8222,1.00,1.00
2018.05.09 11:12:22.582,1.82196,1.8222,2.06,1.00
2018.05.09 11:12:23.113,1.82196,1.8222,1.31,1.00
2018.05.09 11:12:23.801,1.82197,1.8222,1.00,1.00
2018.05.09 11:12:25.103,1.82196,1.8222,2.06,1.00
2018.05.09 11:12:25.621,1.82195,1.8222,2.44,1.00
2018.05.09 11:12:26.148,1.82195,1.82216,1.00,1.09
2018.05.09 11:12:26.199,1.82191,1.82215,1.00,1.00
2018.05.09 11:12:26.402,1.82189,1.82215,1.00,1.50
2018.05.09 11:12:26.503,1.82187,1.82215,2.06,1.69
2018.05.09 11:12:26.706,1.82187,1.82213,2.44,1.00
2018.05.09 11:12:27.283,1.82187,1.82212,1.69,1.00
2018.05.09 11:12:29.464,1.82187,1.82214,1.00,1.25
2018.05.09 11:12:29.566,1.82187,1.82212,1.00,1.00
2018.05.09 11:12:30.759,1.82186,1.82212,1.00,1.00
2018.05.09 11:12:31.912,1.82187,1.82212,1.00,1.88
2018.05.09 11:12:32.014,1.82183,1.82209,1.00,1.38
2018.05.09 11:12:32.522,1.82183,1.82206,1.00,1.00
2018.05.09 11:12:33.029,1.82182,1.82206,2.25,1.00
2018.05.09 11:12:33.553,1.82183,1.82206,1.00,1.00
2018.05.09 11:12:33.604,1.82182,1.82211,2.44,1.00
2018.05.09 11:12:34.123,1.82184,1.82211,1.00,1.00
2018.05.09 11:12:34.430,1.82187,1.82211,1.00,1.00
2018.05.09 11:12:34.964,1.82188,1.82211,1.00,1.00
2018.05.09 11:12:35.285,1.82188,1.82213,1.00,1.00
2018.05.09 11:12:35.839,1.82188,1.82216,1.50,1.00
2018.05.09 11:12:35.892,1.82188,1.82213,2.06,1.50
2018.05.09 11:12:36.202,1.8219,1.82213,1.00,1.00
2018.05.09 11:12:38.846,1.8219,1.82214,1.00,1.00
2018.05.09 11:12:39.379,1.82191,1.82214,1.00,1.00
2018.05.09 11:12:42.062,1.82189,1.82214,1.00,1.00
2018.05.09 11:12:42.617,1.82189,1.82217,1.00,1.00
2018.05.09 11:12:42.828,1.82189,1.82217,1.00,1.50
2018.05.09 11:12:43.335,1.82189,1.82216,1.00,1.13
2018.05.09 11:12:43.640,1.82187,1.82206,2.25,1.00
2018.05.09 11:12:44.183,1.82187,1.82207,1.00,1.00
2018.05.09 11:12:44.489,1.82188,1.82204,1.00,1.50
2018.05.09 11:12:45.277,1.82188,1.82206,1.00,1.50
2018.05.09 11:12:45.328,1.82188,1.82204,1.00,1.00
2018.05.09 11:12:46.074,1.82187,1.82204,1.00,1.00
2018.05.09 11:12:46.614,1.82183,1.82201,1.00,1.00
2018.05.09 11:12:46.822,1.82181,1.822,1.38,1.50
2018.05.09 11:12:46.925,1.82181,1.822,1.38,1.50
2018.05.09 11:12:47.079,1.82181,1.822,2.25,1.00
2018.05.09 11:12:47.464,1.82194,1.82204,1.00,1.00
2018.05.09 11:12:47.516,1.82194,1.82215,1.12,1.00
2018.05.09 11:12:47.721,1.82193,1.82218,1.25,1.00
2018.05.09 11:12:47.824,1.82193,1.82216,1.25,1.00
2018.05.09 11:12:48.132,1.82197,1.82217,1.00,1.00
2018.05.09 11:12:48.438,1.82197,1.82215,1.00,1.00
2018.05.09 11:12:48.489,1.82197,1.82218,1.00,1.50
2018.05.09 11:12:48.634,1.82197,1.82214,1.00,1.00
2018.05.09 11:12:48.685,1.82197,1.82217,1.00,1.00
2018.05.09 11:12:48.895,1.82194,1.82217,1.00,1.00
2018.05.09 11:12:49.509,1.82194,1.82215,1.50,1.00
2018.05.09 11:12:50.042,1.82193,1.82215,1.00,1.00
2018.05.09 11:12:50.573,1.82188,1.82213,1.25,1.00
2018.05.09 11:12:50.675,1.82186,1.82214,1.00,1.31
2018.05.09 11:12:50.727,1.82185,1.82209,1.69,1.50
2018.05.09 11:12:51.034,1.82182,1.82202,1.00,2.25
2018.05.09 11:12:51.160,1.82182,1.82204,2.25,1.50
2018.05.09 11:12:51.212,1.82184,1.82204,1.25,1.00
2018.05.09 11:12:51.517,1.82187,1.82203,1.00,1.00
2018.05.09 11:12:51.794,1.82187,1.82205,1.00,1.00
2018.05.09 11:12:51.896,1.82187,1.82203,1.25,1.00
2018.05.09 11:12:51.999,1.82187,1.82206,1.25,1.50
2018.05.09 11:12:52.101,1.82187,1.82202,1.00,1.00
2018.05.09 11:12:52.255,1.82187,1.82205,1.00,1.50
2018.05.09 11:12:52.799,1.82186,1.82205,1.00,1.00
2018.05.09 11:12:53.415,1.82184,1.82205,1.00,1.00
2018.05.09 11:12:53.466,1.82184,1.82203,1.00,1.00
2018.05.09 11:12:53.772,1.82184,1.822,1.00,1.00
2018.05.09 11:12:54.029,1.82184,1.82202,1.00,1.50
2018.05.09 11:12:54.084,1.82182,1.822,1.50,1.00
2018.05.09 11:12:56.408,1.82182,1.82201,1.00,1.50
2018.05.09 11:12:57.072,1.82182,1.82202,1.00,1.50
2018.05.09 11:12:57.949,1.82182,1.82201,1.00,1.00
2018.05.09 11:12:58.471,1.82182,1.82202,1.00,1.50
2018.05.09 11:12:59.387,1.82181,1.82202,1.00,1.50
2018.05.09 11:12:59.747,1.82182,1.82199,1.00,1.00
2018.05.09 11:13:00.048,1.82178,1.82194,1.00,1.00
2018.05.09 11:13:00.205,1.82171,1.82192,1.00,1.00
2018.05.09 11:13:00.308,1.82168,1.82192,1.00,1.50
2018.05.09 11:13:00.411,1.82167,1.82186,1.00,1.50
2018.05.09 11:13:00.717,1.82166,1.82183,1.00,1.00
2018.05.09 11:13:01.032,1.82167,1.82181,1.88,1.00
2018.05.09 11:13:01.135,1.82166,1.82183,2.25,1.00
2018.05.09 11:13:01.187,1.82171,1.82182,1.00,1.00
2018.05.09 11:13:01.238,1.82167,1.82182,1.88,1.00
2018.05.09 11:13:01.289,1.82167,1.82187,1.44,1.00
2018.05.09 11:13:01.674,1.82167,1.82185,1.00,1.00
2018.05.09 11:13:01.826,1.82167,1.82188,1.00,1.00
2018.05.09 11:13:03.134,1.82167,1.82189,1.13,1.00
2018.05.09 11:13:03.390,1.82167,1.82187,1.00,1.00
2018.05.09 11:13:03.441,1.82167,1.82189,1.62,1.50
2018.05.09 11:13:03.492,1.82166,1.82189,3.00,1.50
2018.05.09 11:13:03.811,1.82168,1.82189,1.31,1.50
2018.05.09 11:13:03.862,1.82168,1.82189,1.75,1.50
2018.05.09 11:13:04.418,1.82168,1.82189,1.38,1.50
2018.05.09 11:13:04.623,1.82171,1.82192,1.69,1.00
2018.05.09 11:13:05.236,1.82172,1.82195,1.75,1.50
2018.05.09 11:13:05.340,1.82179,1.82202,1.13,1.00
2018.05.09 11:13:05.608,1.82179,1.82197,1.00,1.00
2018.05.09 11:13:05.710,1.82174,1.82197,1.25,1.00
2018.05.09 11:13:05.864,1.82177,1.82195,1.00,1.00
2018.05.09 11:13:05.915,1.82177,1.82197,1.00,1.00
2018.05.09 11:13:06.347,1.82177,1.82195,1.00,1.00
2018.05.09 11:13:07.111,1.82177,1.82196,1.00,1.00
2018.05.09 11:13:07.452,1.82177,1.82194,1.00,1.00
2018.05.09 11:13:08.143,1.82177,1.82196,1.00,1.00
2018.05.09 11:13:08.261,1.82177,1.82194,1.00,1.00
2018.05.09 11:13:08.428,1.82174,1.82195,1.13,1.00
2018.05.09 11:13:08.940,1.82174,1.82194,1.00,1.00
2018.05.09 11:13:09.256,1.82173,1.82192,1.00,1.00
2018.05.09 11:13:09.308,1.82173,1.82194,1.00,1.00
2018.05.09 11:13:09.830,1.82173,1.82195,1.00,1.50
2018.05.09 11:13:09.881,1.82174,1.82193,1.00,1.00
2018.05.09 11:13:10.337,1.82173,1.82195,1.00,1.50
2018.05.09 11:13:11.279,1.82174,1.82195,1.00,1.50
2018.05.09 11:13:12.179,1.82173,1.82195,1.69,1.50
2018.05.09 11:13:12.702,1.82174,1.82195,1.25,1.50
2018.05.09 11:13:13.214,1.82173,1.82195,1.50,1.50
2018.05.09 11:13:13.575,1.82176,1.82195,1.00,1.50
2018.05.09 11:13:14.083,1.82174,1.82195,1.00,1.00
2018.05.09 11:13:14.657,1.82173,1.82195,1.88,1.00
2018.05.09 11:13:15.162,1.82174,1.82195,1.00,1.00
2018.05.09 11:13:15.738,1.82173,1.82195,1.88,1.00
2018.05.09 11:13:16.330,1.82174,1.82195,1.00,1.00
2018.05.09 11:13:19.411,1.82173,1.82195,1.69,1.50
2018.05.09 11:13:20.379,1.82174,1.82195,1.00,1.00
2018.05.09 11:13:21.452,1.82173,1.82195,1.25,1.50
2018.05.09 11:13:22.003,1.82174,1.82195,1.00,1.50
2018.05.09 11:13:22.836,1.82173,1.82195,1.00,1.50
2018.05.09 11:13:23.043,1.82172,1.82193,1.00,1.00
2018.05.09 11:13:23.196,1.82169,1.82193,1.44,1.00
2018.05.09 11:13:23.366,1.82171,1.82193,1.50,1.00
2018.05.09 11:13:23.829,1.82172,1.82194,1.38,1.00
2018.05.09 11:13:24.468,1.82172,1.82194,1.44,1.00
2018.05.09 11:13:24.573,1.82173,1.82198,2.81,1.37
2018.05.09 11:13:24.728,1.82173,1.82196,1.69,1.00
2018.05.09 11:13:25.273,1.82172,1.82196,1.69,1.00
2018.05.09 11:13:25.801,1.82173,1.82196,1.31,1.00
2018.05.09 11:13:26.032,1.82171,1.82195,1.00,1.87
2018.05.09 11:13:26.361,1.82166,1.82188,1.31,1.00
2018.05.09 11:13:26.767,1.82165,1.82188,1.31,1.00
2018.05.09 11:13:26.921,1.82164,1.82188,1.75,1.00
2018.05.09 11:13:27.125,1.82171,1.82193,1.25,1.00
2018.05.09 11:13:27.389,1.82172,1.82193,1.88,1.00
2018.05.09 11:13:27.908,1.82172,1.82193,2.25,1.00
2018.05.09 11:13:28.638,1.82172,1.82193,1.00,1.00
2018.05.09 11:13:28.995,1.82172,1.82191,1.00,1.00
2018.05.09 11:13:29.104,1.82167,1.82191,1.50,1.00
2018.05.09 11:13:29.207,1.82167,1.82191,1.13,1.00
2018.05.09 11:13:29.310,1.82167,1.82189,1.69,1.00
2018.05.09 11:13:29.516,1.82166,1.82188,1.00,1.00
2018.05.09 11:13:29.618,1.82167,1.82186,1.25,1.00
2018.05.09 11:13:29.718,1.82167,1.82188,1.25,1.00
2018.05.09 11:13:29.771,1.82169,1.82189,1.00,1.00
2018.05.09 11:13:30.387,1.82168,1.82189,1.00,1.00
2018.05.09 11:13:30.714,1.82168,1.82186,1.00,1.00
2018.05.09 11:13:30.915,1.82168,1.82189,1.00,1.50
2018.05.09 11:13:31.016,1.82166,1.82186,2.25,1.00
2018.05.09 11:13:31.118,1.82166,1.82188,1.69,1.00
2018.05.09 11:13:31.356,1.82166,1.82186,1.00,1.00
2018.05.09 11:13:31.510,1.82166,1.82188,1.88,1.50
2018.05.09 11:13:31.815,1.82166,1.82186,1.88,1.00
2018.05.09 11:13:32.322,1.82165,1.82186,1.50,1.00
2018.05.09 11:13:32.648,1.82169,1.82188,1.00,1.50
2018.05.09 11:13:32.699,1.8217,1.82192,1.00,1.50
2018.05.09 11:13:32.801,1.8217,1.82189,1.00,1.00
2018.05.09 11:13:32.853,1.82168,1.82189,1.00,1.00
2018.05.09 11:13:32.905,1.82166,1.82188,1.69,1.00
2018.05.09 11:13:33.406,1.82167,1.82188,1.00,2.25
2018.05.09 11:13:33.950,1.82165,1.82188,1.69,1.50
2018.05.09 11:13:34.458,1.82166,1.82187,1.00,1.00
2018.05.09 11:13:35.020,1.82165,1.82187,1.50,1.00
2018.05.09 11:13:35.417,1.82166,1.82187,1.75,1.00
2018.05.09 11:13:35.519,1.82173,1.82194,1.00,2.25
2018.05.09 11:13:36.043,1.82173,1.82194,1.88,1.00
2018.05.09 11:13:36.530,1.82174,1.82194,1.56,1.00
2018.05.09 11:13:36.682,1.82173,1.82194,1.69,1.00
2018.05.09 11:13:36.866,1.82172,1.82189,1.00,1.00
2018.05.09 11:13:36.917,1.82167,1.82189,1.50,1.00
2018.05.09 11:13:36.968,1.82166,1.82191,2.25,1.50
2018.05.09 11:13:37.070,1.82166,1.82189,2.06,1.00
2018.05.09 11:13:37.372,1.82172,1.82188,1.56,1.00
2018.05.09 11:13:37.423,1.82176,1.82197,1.00,1.00
2018.05.09 11:13:37.524,1.82176,1.82188,1.00,1.00
2018.05.09 11:13:37.728,1.82176,1.82193,1.00,1.00
2018.05.09 11:13:37.779,1.82175,1.82197,1.00,1.00
2018.05.09 11:13:38.094,1.82176,1.82195,1.00,1.00
2018.05.09 11:13:38.401,1.82172,1.82184,1.00,1.00
2018.05.09 11:13:38.503,1.82172,1.82186,1.00,1.50
2018.05.09 11:13:38.713,1.82171,1.82184,1.00,1.00
2018.05.09 11:13:38.934,1.82162,1.82186,1.00,1.87
2018.05.09 11:13:38.988,1.82164,1.82186,1.00,1.87
2018.05.09 11:13:39.039,1.82161,1.82186,1.50,1.87
2018.05.09 11:13:39.140,1.82167,1.82186,1.00,1.87
2018.05.09 11:13:39.242,1.82162,1.82183,1.00,1.00
2018.05.09 11:13:39.753,1.82162,1.82184,1.00,1.50
2018.05.09 11:13:39.805,1.82162,1.82182,1.00,1.00
2018.05.09 11:13:40.380,1.82162,1.82183,1.00,1.00
2018.05.09 11:13:40.865,1.8216,1.82182,1.00,1.50
2018.05.09 11:13:40.916,1.8216,1.82179,1.00,1.00
2018.05.09 11:13:41.018,1.8216,1.82182,1.50,1.00
2018.05.09 11:13:41.341,1.82162,1.82182,1.00,1.00
2018.05.09 11:13:41.834,1.8216,1.82181,1.00,1.00
2018.05.09 11:13:42.354,1.8216,1.82182,1.00,1.00
2018.05.09 11:13:42.407,1.82162,1.82182,1.00,1.00
2018.05.09 11:13:44.201,1.82158,1.82182,1.50,1.00
2018.05.09 11:13:44.755,1.82162,1.82182,1.00,1.00
2018.05.09 11:13:45.110,1.82161,1.82186,2.25,1.00
2018.05.09 11:13:45.161,1.82167,1.82186,1.38,1.00
2018.05.09 11:13:45.264,1.82176,1.82193,1.00,1.00
2018.05.09 11:13:45.630,1.82177,1.82199,1.00,1.00
2018.05.09 11:13:46.166,1.82176,1.82199,1.00,1.00
2018.05.09 11:13:47.037,1.82177,1.82199,1.00,1.00
2018.05.09 11:13:47.337,1.82174,1.82199,1.00,1.37
2018.05.09 11:13:47.389,1.82174,1.82199,1.00,1.69
2018.05.09 11:13:47.492,1.82172,1.82199,1.31,1.00
2018.05.09 11:13:47.543,1.82175,1.82199,1.00,1.00
2018.05.09 11:13:48.068,1.82175,1.82198,1.00,1.50
2018.05.09 11:13:48.591,1.82174,1.82198,1.50,1.50
2018.05.09 11:13:49.108,1.82177,1.82198,1.00,1.50
2018.05.09 11:13:49.159,1.82174,1.82198,1.00,1.50
2018.05.09 11:13:49.210,1.82175,1.82196,1.00,1.00
2018.05.09 11:13:49.464,1.82176,1.82203,1.25,1.50
2018.05.09 11:13:49.865,1.82174,1.822,1.69,1.00
2018.05.09 11:13:50.389,1.82174,1.82199,1.00,1.00
2018.05.09 11:13:50.911,1.82175,1.82199,1.00,1.00
2018.05.09 11:13:51.532,1.82174,1.82199,1.50,1.00
2018.05.09 11:13:52.046,1.82174,1.82199,1.00,1.75
2018.05.09 11:13:52.200,1.82166,1.82191,2.06,1.00
2018.05.09 11:13:52.606,1.82169,1.82191,1.00,1.00
2018.05.09 11:13:52.809,1.82171,1.82194,1.88,1.00
2018.05.09 11:13:52.963,1.82172,1.82198,1.00,1.00
2018.05.09 11:13:53.474,1.82172,1.82197,1.00,1.00
2018.05.09 11:13:54.287,1.82171,1.82197,1.00,1.00
2018.05.09 11:13:54.752,1.82172,1.82197,1.50,1.00
2018.05.09 11:13:55.080,1.82174,1.82198,2.06,1.00
2018.05.09 11:13:55.183,1.82176,1.82202,1.50,1.50
2018.05.09 11:13:55.341,1.82179,1.82202,1.88,1.00
2018.05.09 11:13:55.447,1.82181,1.82205,1.88,1.00
2018.05.09 11:13:55.498,1.82183,1.82208,1.31,1.00
2018.05.09 11:13:55.689,1.82184,1.82208,1.31,1.00
2018.05.09 11:13:57.029,1.82184,1.82208,1.25,1.00
2018.05.09 11:13:57.543,1.82185,1.82211,1.75,1.00
2018.05.09 11:13:57.594,1.82187,1.82213,1.25,1.50
2018.05.09 11:13:57.951,1.82187,1.82213,1.81,1.00
2018.05.09 11:13:59.660,1.8219,1.82213,1.00,1.00
2018.05.09 11:13:59.818,1.82193,1.82217,1.00,1.00
2018.05.09 11:13:59.972,1.82195,1.82217,1.00,1.00
2018.05.09 11:14:00.200,1.82192,1.82217,1.25,1.00
2018.05.09 11:14:00.483,1.82192,1.82213,1.00,1.50
2018.05.09 11:14:00.586,1.82187,1.82213,1.25,1.00
2018.05.09 11:14:00.890,1.82189,1.82213,1.00,1.00
2018.05.09 11:14:01.124,1.82186,1.82211,1.00,1.00
2018.05.09 11:14:01.176,1.82188,1.82211,1.00,1.00
2018.05.09 11:14:01.381,1.82184,1.82209,1.00,1.44
2018.05.09 11:14:01.586,1.8218,1.82208,1.31,1.19
2018.05.09 11:14:02.137,1.8218,1.82208,1.31,1.00
2018.05.09 11:14:02.289,1.82184,1.82208,1.31,1.50
2018.05.09 11:14:02.441,1.82184,1.8221,2.81,1.00
2018.05.09 11:14:02.947,1.82185,1.82211,1.69,1.00
2018.05.09 11:14:03.099,1.82185,1.82211,1.56,1.25
2018.05.09 11:14:03.310,1.82185,1.82211,1.69,1.00
2018.05.09 11:14:03.527,1.82185,1.82211,1.56,1.25
2018.05.09 11:14:03.834,1.8219,1.82211,1.00,1.00
2018.05.09 11:14:04.040,1.82188,1.8221,1.00,1.00
2018.05.09 11:14:04.091,1.82183,1.82209,1.25,1.38
2018.05.09 11:14:04.143,1.82183,1.82209,1.00,1.25
2018.05.09 11:14:04.195,1.82181,1.82207,1.31,1.00
2018.05.09 11:14:04.529,1.8219,1.82209,1.00,1.00
2018.05.09 11:14:05.301,1.82189,1.82209,1.00,1.00
2018.05.09 11:14:05.825,1.8219,1.82209,1.00,1.00
2018.05.09 11:14:06.500,1.82189,1.82209,1.50,1.00
2018.05.09 11:14:06.909,1.82186,1.82209,1.00,2.25
2018.05.09 11:14:07.091,1.82181,1.822,1.00,1.00
2018.05.09 11:14:07.419,1.82179,1.82199,1.00,1.00
2018.05.09 11:14:07.774,1.82173,1.82199,1.25,1.00
2018.05.09 11:14:08.306,1.82173,1.82199,1.38,1.00
2018.05.09 11:14:09.006,1.82173,1.82199,1.25,1.00
2018.05.09 11:14:09.325,1.82173,1.82197,1.56,1.00
2018.05.09 11:14:09.770,1.82173,1.82197,1.00,1.00
2018.05.09 11:14:10.312,1.82171,1.82197,2.06,1.50
2018.05.09 11:14:10.909,1.82169,1.82197,1.56,1.50
2018.05.09 11:14:11.440,1.82171,1.82197,2.06,1.00
2018.05.09 11:14:11.615,1.82171,1.82197,1.12,1.00
2018.05.09 11:14:11.718,1.8217,1.82193,1.00,1.00
2018.05.09 11:14:11.770,1.82166,1.82194,1.00,1.88
2018.05.09 11:14:11.821,1.82166,1.8219,1.00,1.00
2018.05.09 11:14:11.873,1.82163,1.82188,1.25,1.50
2018.05.09 11:14:12.478,1.82163,1.82187,1.00,1.50
2018.05.09 11:14:13.107,1.82162,1.82187,1.00,1.50
2018.05.09 11:14:14.290,1.82163,1.82187,1.00,1.50
2018.05.09 11:14:14.791,1.82161,1.82187,1.12,1.50
2018.05.09 11:14:14.842,1.82161,1.82187,1.75,1.50
2018.05.09 11:14:15.039,1.82167,1.82192,1.25,1.00
2018.05.09 11:14:15.091,1.82179,1.82194,1.56,1.00
2018.05.09 11:14:15.193,1.82181,1.822,1.56,1.00
2018.05.09 11:14:15.549,1.82183,1.82199,1.56,1.00
2018.05.09 11:14:15.651,1.82183,1.82201,1.31,1.00
2018.05.09 11:14:15.702,1.82183,1.82205,1.00,1.00
2018.05.09 11:14:16.180,1.8218,1.82205,1.00,1.88
2018.05.09 11:14:16.306,1.82175,1.82199,1.00,1.00
2018.05.09 11:14:17.619,1.82173,1.82199,1.37,1.00
2018.05.09 11:14:18.168,1.82175,1.82198,1.00,1.00
2018.05.09 11:14:18.220,1.82175,1.82194,1.00,1.00
2018.05.09 11:14:18.278,1.82173,1.82194,1.00,1.00
2018.05.09 11:14:18.330,1.82175,1.82196,1.00,1.00
2018.05.09 11:14:18.382,1.82174,1.82198,1.50,1.50
2018.05.09 11:14:18.486,1.82176,1.82198,1.00,1.00
2018.05.09 11:14:18.589,1.82174,1.82198,1.00,1.00
2018.05.09 11:14:19.170,1.82175,1.82198,1.00,1.00
2018.05.09 11:14:19.687,1.82174,1.82198,1.50,1.00
2018.05.09 11:14:19.841,1.82173,1.822,1.00,1.25
2018.05.09 11:14:19.897,1.82173,1.82192,1.00,1.00
2018.05.09 11:14:19.948,1.82173,1.82196,1.00,1.50
2018.05.09 11:14:20.000,1.82169,1.82192,1.00,1.00
2018.05.09 11:14:20.616,1.82167,1.82192,1.31,1.50
2018.05.09 11:14:21.262,1.82164,1.82192,1.75,1.50
2018.05.09 11:14:21.858,1.82164,1.82192,1.75,1.50
2018.05.09 11:14:22.450,1.82164,1.82192,1.75,1.50
2018.05.09 11:14:23.201,1.82165,1.82192,1.75,1.50
2018.05.09 11:14:23.714,1.82166,1.82192,1.31,1.50
2018.05.09 11:14:24.361,1.82166,1.82192,1.81,1.50
2018.05.09 11:14:25.050,1.82166,1.82192,1.56,1.50
2018.05.09 11:14:25.408,1.82164,1.82192,1.00,1.00
2018.05.09 11:14:26.060,1.82164,1.82191,1.13,1.00
2018.05.09 11:14:27.962,1.82164,1.82191,1.31,1.00
2018.05.09 11:14:30.244,1.82164,1.82191,1.25,1.00
2018.05.09 11:14:30.510,1.82164,1.82191,1.56,1.00
2018.05.09 11:14:30.808,1.82164,1.82191,1.25,1.00
2018.05.09 11:14:30.859,1.82165,1.82191,1.44,1.00
2018.05.09 11:14:31.804,1.82164,1.82191,1.81,1.00
2018.05.09 11:14:32.464,1.82164,1.82191,1.88,1.00
2018.05.09 11:14:33.169,1.82164,1.82191,1.75,1.00
2018.05.09 11:14:33.902,1.82164,1.82191,1.75,1.00
2018.05.09 11:14:34.443,1.82164,1.82191,1.50,1.00
2018.05.09 11:14:35.117,1.82164,1.82191,1.75,1.00
2018.05.09 11:14:35.771,1.82164,1.82188,1.00,1.00
2018.05.09 11:14:35.822,1.82166,1.82191,2.44,1.00
2018.05.09 11:14:35.974,1.82173,1.82198,2.06,1.50
2018.05.09 11:14:36.499,1.82173,1.82198,2.06,1.00
2018.05.09 11:14:37.087,1.82174,1.82198,1.31,1.00
2018.05.09 11:14:37.723,1.82174,1.82198,2.06,1.00
2018.05.09 11:14:38.227,1.82174,1.82198,2.06,1.00
2018.05.09 11:14:38.845,1.82174,1.82198,1.25,1.00
2018.05.09 11:14:38.897,1.82174,1.82201,2.63,1.50
2018.05.09 11:14:39.432,1.82174,1.82201,2.06,1.69
2018.05.09 11:14:40.795,1.82174,1.82201,1.31,1.50
2018.05.09 11:14:41.051,1.82174,1.82201,1.56,1.69
2018.05.09 11:14:41.640,1.82174,1.822,2.06,1.00
2018.05.09 11:14:42.231,1.82174,1.822,1.31,1.00
2018.05.09 11:14:42.283,1.82174,1.822,1.69,1.00
2018.05.09 11:14:42.615,1.82176,1.82203,1.81,1.50
2018.05.09 11:14:42.666,1.82176,1.82203,1.94,1.00
2018.05.09 11:14:43.197,1.82176,1.82202,2.63,1.00
2018.05.09 11:14:43.623,1.82176,1.82202,2.06,1.00
2018.05.09 11:14:43.777,1.82177,1.822,1.00,1.00
2018.05.09 11:14:43.986,1.82174,1.82199,1.00,1.00
2018.05.09 11:14:44.140,1.82172,1.82199,1.25,1.50
2018.05.09 11:14:45.174,1.8217,1.82199,1.25,1.50
2018.05.09 11:14:45.740,1.82171,1.82198,1.69,1.00
2018.05.09 11:14:46.766,1.8217,1.82198,1.25,1.00
2018.05.09 11:14:47.283,1.82168,1.82198,2.63,1.00
2018.05.09 11:14:48.034,1.82172,1.82198,1.00,1.00
2018.05.09 11:14:48.086,1.82174,1.82198,1.13,1.00
2018.05.09 11:14:48.192,1.82173,1.82198,3.19,1.00
2018.05.09 11:14:48.656,1.82183,1.82201,1.25,1.50
2018.05.09 11:14:48.707,1.82182,1.82204,1.69,1.00
2018.05.09 11:14:48.759,1.82183,1.82207,1.69,1.25
2018.05.09 11:14:48.810,1.82187,1.8221,1.00,1.00
2018.05.09 11:14:48.861,1.82187,1.82212,1.00,1.88
2018.05.09 11:14:48.912,1.82187,1.82212,2.06,1.88
2018.05.09 11:14:49.453,1.82188,1.82212,1.00,1.38
2018.05.09 11:14:49.963,1.82187,1.82212,2.06,1.38
2018.05.09 11:14:50.110,1.82187,1.82212,1.25,1.00
2018.05.09 11:14:50.659,1.82188,1.82212,1.25,1.44
2018.05.09 11:14:51.622,1.82187,1.82212,1.25,1.25
2018.05.09 11:14:51.776,1.82189,1.82212,1.31,1.00
2018.05.09 11:14:52.280,1.82188,1.82213,1.56,1.00
2018.05.09 11:14:52.812,1.82189,1.82213,1.69,1.00
2018.05.09 11:14:53.035,1.82192,1.82217,1.00,1.00
2018.05.09 11:14:53.289,1.82191,1.82221,2.06,2.63
2018.05.09 11:14:53.391,1.82191,1.82221,2.06,2.63
2018.05.09 11:14:55.123,1.82192,1.82219,1.00,1.38
2018.05.09 11:14:55.175,1.82193,1.82221,1.00,1.44
2018.05.09 11:14:55.226,1.82193,1.82221,1.50,1.38
2018.05.09 11:14:55.524,1.82193,1.82221,1.00,1.38
2018.05.09 11:14:55.627,1.82191,1.82221,2.06,1.88
2018.05.09 11:14:56.152,1.82192,1.82219,1.00,1.38
2018.05.09 11:14:56.674,1.82192,1.82219,1.00,1.38
2018.05.09 11:14:57.188,1.82192,1.82219,2.06,1.38
2018.05.09 11:14:57.591,1.82191,1.82219,1.31,1.44
2018.05.09 11:14:57.643,1.82191,1.82219,2.06,1.38
2018.05.09 11:14:57.796,1.82191,1.82219,1.31,1.44
2018.05.09 11:14:58.393,1.82191,1.82219,1.31,1.44
2018.05.09 11:14:58.789,1.82192,1.82219,1.25,1.38
2018.05.09 11:14:59.044,1.82191,1.82219,2.06,1.00
2018.05.09 11:14:59.146,1.82192,1.82219,1.00,1.75
2018.05.09 11:14:59.455,1.82191,1.82214,1.00,1.38
2018.05.09 11:14:59.507,1.82187,1.82211,2.44,1.25
2018.05.09 11:14:59.947,1.82193,1.82214,1.50,1.00
2018.05.09 11:15:00.049,1.82193,1.82217,1.63,1.50
2018.05.09 11:15:00.100,1.82194,1.82214,1.31,1.00
2018.05.09 11:15:00.202,1.82194,1.82217,1.00,1.00
2018.05.09 11:15:00.445,1.82193,1.8222,1.00,1.44
2018.05.09 11:15:00.497,1.82193,1.82218,2.06,1.25
2018.05.09 11:15:00.748,1.82193,1.82218,1.12,1.00
2018.05.09 11:15:01.266,1.82193,1.82218,1.87,1.00
2018.05.09 11:15:01.962,1.82195,1.82218,1.00,1.00
2018.05.09 11:15:02.081,1.82193,1.82218,1.00,1.00
2018.05.09 11:15:02.205,1.82193,1.82221,1.00,1.50
2018.05.09 11:15:02.750,1.82194,1.82221,1.50,1.00
2018.05.09 11:15:02.908,1.82195,1.82221,1.63,1.00
2018.05.09 11:15:03.367,1.82196,1.82223,1.87,1.00
2018.05.09 11:15:03.593,1.82194,1.82221,3.73,1.00
2018.05.09 11:15:04.209,1.82194,1.82221,3.14,1.00
2018.05.09 11:15:04.719,1.82195,1.82221,1.25,1.00
2018.05.09 11:15:05.024,1.82199,1.82221,1.00,1.00
2018.05.09 11:15:05.245,1.82194,1.82221,3.52,1.00
2018.05.09 11:15:06.592,1.82195,1.82221,1.00,1.00
2018.05.09 11:15:06.696,1.82195,1.82219,1.00,1.00
2018.05.09 11:15:07.246,1.82194,1.82219,2.39,1.00
2018.05.09 11:15:08.120,1.82193,1.82219,2.39,1.00
2018.05.09 11:15:08.790,1.82194,1.82219,1.19,1.00
2018.05.09 11:15:09.708,1.82198,1.82219,1.00,1.00
2018.05.09 11:15:09.820,1.82197,1.82222,1.13,1.00
2018.05.09 11:15:10.212,1.82199,1.82223,1.00,1.00
2018.05.09 11:15:11.173,1.82198,1.82223,1.00,1.00
2018.05.09 11:15:11.702,1.82195,1.82222,2.25,1.00
2018.05.09 11:15:11.814,1.82199,1.82223,1.25,1.00
2018.05.09 11:15:11.917,1.82202,1.82228,1.00,1.88
2018.05.09 11:15:11.969,1.82202,1.82223,1.00,1.00
2018.05.09 11:15:12.020,1.822,1.82222,1.00,1.00
2018.05.09 11:15:12.192,1.82197,1.82223,2.06,1.00
2018.05.09 11:15:12.401,1.82197,1.82225,1.00,1.00
2018.05.09 11:15:13.276,1.82197,1.82222,1.00,1.00
2018.05.09 11:15:15.575,1.82197,1.82223,1.25,1.00
2018.05.09 11:15:16.099,1.82197,1.82223,1.45,1.00
2018.05.09 11:15:16.410,1.82207,1.82228,1.50,1.25
2018.05.09 11:15:16.513,1.822,1.82227,1.50,2.25
2018.05.09 11:15:16.667,1.82199,1.82223,1.00,1.00
2018.05.09 11:15:17.004,1.82204,1.82226,1.00,1.00
2018.05.09 11:15:17.056,1.82204,1.82229,1.08,1.00
2018.05.09 11:15:17.594,1.82207,1.8223,1.00,1.00
2018.05.09 11:15:18.130,1.82206,1.82226,1.00,1.00
2018.05.09 11:15:18.183,1.82202,1.82226,1.00,1.00
2018.05.09 11:15:18.388,1.82202,1.82223,1.00,1.00
2018.05.09 11:15:18.899,1.82201,1.82223,2.25,1.00
2018.05.09 11:15:20.165,1.82202,1.82223,1.00,1.00
2018.05.09 11:15:20.670,1.82201,1.82223,2.25,1.00
2018.05.09 11:15:20.890,1.82197,1.82223,1.50,1.00
2018.05.09 11:15:21.411,1.82197,1.82222,1.00,1.00
2018.05.09 11:15:22.461,1.82197,1.82221,1.00,1.00
2018.05.09 11:15:22.668,1.82197,1.82223,1.13,1.00
2018.05.09 11:15:22.719,1.82197,1.82223,1.38,1.00
2018.05.09 11:15:22.823,1.82197,1.82223,1.13,1.00
2018.05.09 11:15:23.391,1.82197,1.82223,1.38,1.00
2018.05.09 11:15:23.494,1.82205,1.8223,1.00,1.00
2018.05.09 11:15:24.005,1.82205,1.82233,3.38,1.00
2018.05.09 11:15:24.672,1.82205,1.82233,1.50,2.06
2018.05.09 11:15:25.231,1.82205,1.82233,1.50,1.00
2018.05.09 11:15:25.769,1.82206,1.82234,1.13,1.00
2018.05.09 11:15:26.062,1.82209,1.82236,1.00,1.31
2018.05.09 11:15:27.485,1.82209,1.82236,1.00,1.00
2018.05.09 11:15:27.793,1.82219,1.82241,1.00,1.00
2018.05.09 11:15:27.948,1.82217,1.82241,1.00,1.00
2018.05.09 11:15:28.049,1.82217,1.82243,1.00,1.25
2018.05.09 11:15:28.470,1.82217,1.82243,1.00,1.50
2018.05.09 11:15:28.673,1.82217,1.82243,1.00,1.31
2018.05.09 11:15:29.198,1.82217,1.82243,1.00,1.50
2018.05.09 11:15:29.875,1.82217,1.82243,1.00,1.69
2018.05.09 11:15:30.339,1.82217,1.82243,1.00,1.50
2018.05.09 11:15:30.747,1.82217,1.82238,1.50,1.00
2018.05.09 11:15:31.257,1.82217,1.82241,1.00,1.38
2018.05.09 11:15:31.712,1.82217,1.82241,1.00,1.50
2018.05.09 11:15:31.865,1.82218,1.82241,1.00,1.44
2018.05.09 11:15:32.441,1.82218,1.82241,1.00,1.25
2018.05.09 11:15:32.945,1.82217,1.82241,1.00,1.44
2018.05.09 11:15:33.465,1.82218,1.82241,1.00,1.00
2018.05.09 11:15:33.981,1.82217,1.82241,1.00,1.38
2018.05.09 11:15:34.647,1.82217,1.82241,1.00,1.13
2018.05.09 11:15:35.454,1.82218,1.82241,1.00,1.25
2018.05.09 11:15:36.399,1.82218,1.8224,1.00,1.00
2018.05.09 11:15:37.058,1.82217,1.8224,1.00,1.00
2018.05.09 11:15:37.109,1.82218,1.82243,1.00,1.50
2018.05.09 11:15:37.161,1.82213,1.82243,2.25,1.69
2018.05.09 11:15:37.366,1.82215,1.82243,1.00,1.50
2018.05.09 11:15:37.674,1.82215,1.8224,1.00,1.13
2018.05.09 11:15:38.237,1.82215,1.82239,1.00,1.13
2018.05.09 11:15:38.814,1.82215,1.8224,1.00,1.13
2018.05.09 11:15:39.626,1.82215,1.82243,1.00,1.00
2018.05.09 11:15:39.728,1.82215,1.82239,1.00,1.00
2018.05.09 11:15:39.882,1.82215,1.82243,1.50,1.00
2018.05.09 11:15:41.119,1.82215,1.82243,1.50,1.88
2018.05.09 11:15:42.054,1.82218,1.82241,1.00,1.00
2018.05.09 11:15:42.426,1.82222,1.82241,1.00,1.00
2018.05.09 11:15:42.682,1.82218,1.82241,1.00,1.00
2018.05.09 11:15:43.211,1.82217,1.82241,1.50,1.00
2018.05.09 11:15:43.940,1.82219,1.82241,1.00,1.00
2018.05.09 11:15:44.277,1.82218,1.82244,1.00,1.44
2018.05.09 11:15:44.584,1.82217,1.82245,2.25,1.13
2018.05.09 11:15:44.636,1.82217,1.82245,3.00,1.38
2018.05.09 11:15:44.942,1.82221,1.82245,1.00,1.44
2018.05.09 11:15:45.287,1.82217,1.82243,3.00,1.13
2018.05.09 11:15:45.848,1.82218,1.82243,1.50,1.00
2018.05.09 11:15:47.298,1.82217,1.82243,1.50,1.13
2018.05.09 11:15:47.984,1.82218,1.82243,1.00,1.13
2018.05.09 11:15:48.515,1.82217,1.82243,1.00,1.00
2018.05.09 11:15:49.075,1.82218,1.82243,1.50,1.13
2018.05.09 11:15:49.598,1.82217,1.82243,1.50,1.00
2018.05.09 11:15:50.308,1.82218,1.82243,1.00,1.38
2018.05.09 11:15:50.807,1.82215,1.82243,1.50,1.13
2018.05.09 11:15:51.202,1.82215,1.82241,1.00,1.00
2018.05.09 11:15:52.197,1.82215,1.82241,1.00,1.38
2018.05.09 11:15:52.403,1.82205,1.82232,1.50,1.00
2018.05.09 11:15:52.508,1.82203,1.82229,1.00,1.00
2018.05.09 11:15:52.866,1.82201,1.82226,1.00,1.00
2018.05.09 11:15:53.188,1.82208,1.8223,1.50,1.00
2018.05.09 11:15:53.292,1.82213,1.82238,1.50,1.00
2018.05.09 11:15:53.878,1.82213,1.82239,1.50,1.50
2018.05.09 11:15:57.053,1.82212,1.8224,3.56,1.00
2018.05.09 11:15:58.157,1.82213,1.8224,1.31,1.00
2018.05.09 11:15:58.601,1.82212,1.8224,2.25,1.00
2018.05.09 11:15:58.652,1.82212,1.82237,2.25,1.00
2018.05.09 11:15:58.755,1.8221,1.82237,2.25,1.00
2018.05.09 11:15:58.806,1.82211,1.82235,1.00,1.00
2018.05.09 11:15:59.061,1.82209,1.82235,1.00,1.00
2018.05.09 11:15:59.164,1.82209,1.82233,1.00,1.00
2018.05.09 11:16:00.079,1.82209,1.8223,1.00,1.00
2018.05.09 11:16:00.386,1.82212,1.82233,1.00,1.00
2018.05.09 11:16:00.437,1.82212,1.82237,1.50,1.00
2018.05.09 11:16:02.809,1.82212,1.82236,1.50,1.00
2018.05.09 11:16:03.680,1.82211,1.82236,1.50,1.00
2018.05.09 11:16:03.831,1.82211,1.82238,2.25,1.25
2018.05.09 11:16:04.189,1.82214,1.82238,1.00,1.00
2018.05.09 11:16:04.553,1.82206,1.82227,1.50,1.00
2018.05.09 11:16:04.810,1.82197,1.82224,1.38,1.00
2018.05.09 11:16:05.016,1.82197,1.82223,1.00,1.00
2018.05.09 11:16:05.069,1.82197,1.82217,1.00,1.00
2018.05.09 11:16:05.121,1.82194,1.82217,1.00,2.81
2018.05.09 11:16:05.173,1.82192,1.82215,1.00,1.50
2018.05.09 11:16:05.300,1.82189,1.82215,1.25,1.25
2018.05.09 11:16:05.352,1.82187,1.82215,1.69,1.00
2018.05.09 11:16:05.404,1.82187,1.82215,1.88,1.25
2018.05.09 11:16:05.710,1.82185,1.82213,2.25,1.00
2018.05.09 11:16:06.013,1.82185,1.82213,1.75,1.00
2018.05.09 11:16:06.166,1.82185,1.82213,2.25,1.00
2018.05.09 11:16:06.571,1.82185,1.82213,2.25,1.00
2018.05.09 11:16:06.724,1.82184,1.8221,1.00,1.50
2018.05.09 11:16:07.029,1.82184,1.82207,1.00,1.00
2018.05.09 11:16:07.555,1.82184,1.82206,1.00,1.00
2018.05.09 11:16:07.954,1.82184,1.82209,1.50,1.00
2018.05.09 11:16:12.737,1.82184,1.82209,1.88,1.00
2018.05.09 11:16:13.243,1.82184,1.82209,1.50,1.00
2018.05.09 11:16:13.294,1.82184,1.82207,1.50,1.00
2018.05.09 11:16:13.941,1.82184,1.82206,1.00,1.00
2018.05.09 11:16:14.198,1.82184,1.82208,1.00,1.00
2018.05.09 11:16:14.635,1.82184,1.82211,1.00,1.00
2018.05.09 11:16:18.267,1.82188,1.82214,1.00,1.31
2018.05.09 11:16:18.778,1.82189,1.82216,1.00,1.50
2018.05.09 11:16:19.403,1.82188,1.82216,1.50,1.00
2018.05.09 11:16:20.049,1.82188,1.82216,2.44,1.00
2018.05.09 11:16:20.253,1.82193,1.82216,1.00,1.00
2018.05.09 11:16:20.304,1.82194,1.82218,1.25,1.00
2018.05.09 11:16:20.355,1.82194,1.82213,1.00,1.00
2018.05.09 11:16:20.406,1.82192,1.82213,1.00,1.00
2018.05.09 11:16:20.559,1.82187,1.82208,1.00,1.00
2018.05.09 11:16:21.064,1.82186,1.82208,1.00,1.00
2018.05.09 11:16:21.888,1.82184,1.82208,1.13,1.00
2018.05.09 11:16:22.399,1.82184,1.82209,1.00,1.00
2018.05.09 11:16:23.525,1.82183,1.82209,1.50,1.00
2018.05.09 11:16:24.230,1.82184,1.82209,1.00,1.00
2018.05.09 11:16:25.170,1.82183,1.82209,1.69,1.00
2018.05.09 11:16:25.880,1.82183,1.82209,1.88,1.00
2018.05.09 11:16:26.421,1.82183,1.82209,1.88,1.00
2018.05.09 11:16:26.924,1.82183,1.82209,2.63,1.00
2018.05.09 11:16:27.429,1.82184,1.82209,1.38,1.00
2018.05.09 11:16:27.653,1.82184,1.82213,3.00,1.50
2018.05.09 11:16:27.908,1.82189,1.82213,1.50,1.00
2018.05.09 11:16:27.960,1.82197,1.8222,1.00,1.00
2018.05.09 11:16:28.216,1.82197,1.82222,1.00,1.25
2018.05.09 11:16:28.843,1.82198,1.82224,1.00,2.25
2018.05.09 11:16:29.051,1.82198,1.82216,1.00,1.00
2018.05.09 11:16:29.102,1.82193,1.82216,1.00,1.00
2018.05.09 11:16:29.307,1.82193,1.82221,1.50,1.00
2018.05.09 11:16:30.311,1.82197,1.82221,1.00,1.00
2018.05.09 11:16:30.634,1.82188,1.82213,1.50,1.00
2018.05.09 11:16:30.790,1.82193,1.82218,1.00,1.00
2018.05.09 11:16:31.331,1.82192,1.82218,2.62,1.50
2018.05.09 11:16:31.506,1.82196,1.82218,1.50,1.00
2018.05.09 11:16:31.558,1.82192,1.82218,1.50,1.00
2018.05.09 11:16:31.763,1.82192,1.82216,1.50,1.00
2018.05.09 11:16:32.557,1.82193,1.82218,1.00,1.00
2018.05.09 11:16:34.567,1.82192,1.82218,1.00,1.50
2018.05.09 11:16:35.700,1.82192,1.82218,1.81,1.00
2018.05.09 11:16:35.855,1.82195,1.82223,1.00,1.50
2018.05.09 11:16:35.907,1.82197,1.82223,1.00,2.25
2018.05.09 11:16:36.248,1.82196,1.82221,1.00,1.25
2018.05.09 11:16:36.554,1.82196,1.82218,1.00,1.00
2018.05.09 11:16:36.606,1.82195,1.82222,1.50,1.25
2018.05.09 11:16:37.136,1.82195,1.82221,1.50,1.00
2018.05.09 11:16:37.673,1.82195,1.8222,1.50,1.00
2018.05.09 11:16:38.314,1.82195,1.82221,1.50,1.50
2018.05.09 11:16:38.648,1.82195,1.82215,1.50,1.00
2018.05.09 11:16:38.855,1.82191,1.82215,3.00,1.00
2018.05.09 11:16:38.957,1.82192,1.82217,1.00,1.50
2018.05.09 11:16:39.214,1.82191,1.82214,2.25,1.00
2018.05.09 11:16:39.692,1.82191,1.82217,2.25,1.25
2018.05.09 11:16:40.179,1.82196,1.82219,1.00,2.25
2018.05.09 11:16:40.282,1.82197,1.82221,1.00,1.00
2018.05.09 11:16:40.823,1.82196,1.82222,1.00,1.25
2018.05.09 11:16:40.874,1.82193,1.82219,2.25,2.25
2018.05.09 11:16:41.064,1.8219,1.82213,1.50,1.00
2018.05.09 11:16:41.116,1.82192,1.82214,1.00,1.50
2018.05.09 11:16:41.420,1.8219,1.82212,1.00,1.00
2018.05.09 11:16:41.471,1.82186,1.82212,1.88,1.00
2018.05.09 11:16:41.522,1.82191,1.82212,1.00,1.00
2018.05.09 11:16:41.675,1.82194,1.82216,1.50,1.00
2018.05.09 11:16:42.358,1.82195,1.82216,1.00,1.50
2018.05.09 11:16:42.677,1.82191,1.82216,1.00,2.25
2018.05.09 11:16:42.780,1.82187,1.82207,1.00,1.00
2018.05.09 11:16:43.195,1.82187,1.82211,1.00,1.00
2018.05.09 11:16:44.189,1.82186,1.82211,1.50,1.00
2018.05.09 11:16:44.702,1.82187,1.82211,1.00,1.00
2018.05.09 11:16:46.099,1.82187,1.82212,1.00,1.00
2018.05.09 11:16:47.690,1.82187,1.82211,1.00,1.00
2018.05.09 11:16:48.201,1.82187,1.82212,1.00,1.00
2018.05.09 11:16:48.721,1.82187,1.82211,1.00,1.50
2018.05.09 11:16:49.364,1.82186,1.82211,1.25,1.50
2018.05.09 11:16:49.904,1.82187,1.82211,1.00,1.50
2018.05.09 11:16:51.467,1.82186,1.82211,1.00,1.00
2018.05.09 11:16:52.265,1.8219,1.82211,1.00,1.00
2018.05.09 11:16:52.316,1.8219,1.82215,1.25,1.50
2018.05.09 11:16:52.856,1.82186,1.82215,1.75,1.25
2018.05.09 11:16:53.390,1.82186,1.82214,2.25,1.00
2018.05.09 11:16:53.994,1.82186,1.82214,2.25,1.00
2018.05.09 11:16:54.670,1.8219,1.82214,1.00,1.00
2018.05.09 11:16:55.213,1.82189,1.82214,1.00,1.00
2018.05.09 11:16:55.743,1.8219,1.82214,1.00,1.00
2018.05.09 11:16:56.302,1.8219,1.82213,1.00,1.00
2018.05.09 11:16:58.309,1.82186,1.82213,1.25,1.50
2018.05.09 11:16:58.361,1.82186,1.82209,1.00,1.00
2018.05.09 11:16:58.464,1.82184,1.82208,1.00,1.00
2018.05.09 11:16:58.568,1.82181,1.82209,1.88,2.25
2018.05.09 11:16:58.772,1.82181,1.82207,1.50,1.00
2018.05.09 11:16:59.104,1.82181,1.82209,1.00,1.69
2018.05.09 11:16:59.224,1.82181,1.82204,1.00,1.00
2018.05.09 11:17:00.189,1.82178,1.82203,1.00,1.20
2018.05.09 11:17:00.488,1.82172,1.822,1.25,2.06
2018.05.09 11:17:00.594,1.82171,1.822,1.88,1.00
2018.05.09 11:17:00.748,1.8217,1.82197,1.00,1.69
2018.05.09 11:17:00.800,1.82171,1.82194,1.13,1.00
2018.05.09 11:17:00.903,1.82171,1.82196,1.13,1.00
2018.05.09 11:17:01.005,1.82173,1.82196,1.38,1.00
2018.05.09 11:17:01.153,1.82174,1.82198,1.13,1.00
2018.05.09 11:17:01.307,1.82175,1.822,1.13,1.25
2018.05.09 11:17:01.614,1.82172,1.82197,1.00,1.56
2018.05.09 11:17:01.666,1.8217,1.82196,1.25,1.31
2018.05.09 11:17:01.718,1.8217,1.82196,1.38,1.00
2018.05.09 11:17:01.772,1.8217,1.82196,1.00,1.12
2018.05.09 11:17:01.823,1.82172,1.82196,1.38,1.00
2018.05.09 11:17:01.874,1.82172,1.822,1.25,1.00
2018.05.09 11:17:01.977,1.82172,1.82199,1.44,1.31
2018.05.09 11:17:02.570,1.82173,1.82199,1.38,1.00
2018.05.09 11:17:03.080,1.82175,1.822,1.50,1.50
2018.05.09 11:17:03.638,1.82176,1.822,1.00,1.50
2018.05.09 11:17:03.967,1.82179,1.822,1.50,1.00
2018.05.09 11:17:04.121,1.82178,1.82208,3.37,1.44
2018.05.09 11:17:04.276,1.82178,1.82201,3.00,1.00
2018.05.09 11:17:04.431,1.82174,1.822,1.00,1.00
2018.05.09 11:17:05.110,1.82171,1.82199,1.88,1.00
2018.05.09 11:17:05.213,1.82177,1.822,1.00,1.00
2018.05.09 11:17:05.469,1.82176,1.82203,1.88,1.00
2018.05.09 11:17:05.939,1.82177,1.82205,1.00,1.00
2018.05.09 11:17:08.292,1.82176,1.82205,1.00,1.25
2018.05.09 11:17:08.797,1.82176,1.82206,1.00,1.25
2018.05.09 11:17:09.561,1.82177,1.82206,1.00,1.25
2018.05.09 11:17:10.099,1.82176,1.82206,1.88,1.31
2018.05.09 11:17:10.993,1.82177,1.82206,1.00,1.00
2018.05.09 11:17:11.247,1.82176,1.82204,1.50,1.00
2018.05.09 11:17:11.556,1.82173,1.82204,1.44,2.25
2018.05.09 11:17:11.982,1.82178,1.82203,1.44,1.00
2018.05.09 11:17:12.034,1.82177,1.82202,1.00,1.00
2018.05.09 11:17:12.545,1.82178,1.82204,1.00,1.00
2018.05.09 11:17:13.074,1.82177,1.82202,1.00,1.00
2018.05.09 11:17:13.176,1.82178,1.82204,1.00,1.00
2018.05.09 11:17:13.429,1.82177,1.82202,1.50,1.50
2018.05.09 11:17:13.991,1.82178,1.82202,1.00,1.50
2018.05.09 11:17:14.575,1.82177,1.82202,1.00,1.00
2018.05.09 11:17:15.152,1.82183,1.82206,1.00,1.25
2018.05.09 11:17:15.681,1.82183,1.82207,1.00,1.38
2018.05.09 11:17:15.986,1.82183,1.82203,1.00,1.00
2018.05.09 11:17:17.759,1.82182,1.82203,1.00,1.00
2018.05.09 11:17:19.250,1.82183,1.82203,1.00,1.00
2018.05.09 11:17:19.623,1.82179,1.82203,1.50,1.00
2018.05.09 11:17:20.814,1.82178,1.82204,1.50,1.88
2018.05.09 11:17:20.865,1.82177,1.8219,1.00,1.00
2018.05.09 11:17:20.968,1.8217,1.82191,1.50,1.00
2018.05.09 11:17:21.019,1.82168,1.82191,1.00,1.00
2018.05.09 11:17:21.387,1.82165,1.82193,1.38,1.50
2018.05.09 11:17:21.951,1.82165,1.82193,1.38,1.25
2018.05.09 11:17:22.158,1.82165,1.82193,1.38,1.00
2018.05.09 11:17:22.686,1.82163,1.82193,1.88,1.00
2018.05.09 11:17:23.041,1.82163,1.82189,1.00,1.50
2018.05.09 11:17:23.347,1.82168,1.82192,1.25,1.00
2018.05.09 11:17:23.398,1.82167,1.82194,1.44,1.00
2018.05.09 11:17:23.918,1.82169,1.82193,1.00,1.00
2018.05.09 11:17:24.406,1.82167,1.82193,1.00,1.69
2018.05.09 11:17:24.457,1.82167,1.82191,1.00,1.00
2018.05.09 11:17:24.986,1.82167,1.82193,1.00,2.81
2018.05.09 11:17:25.822,1.82167,1.82193,1.00,1.25
2018.05.09 11:17:28.944,1.82167,1.82193,1.44,1.25
2018.05.09 11:17:29.249,1.82173,1.8219,1.00,1.00
2018.05.09 11:17:29.604,1.82173,1.82194,1.00,1.00
2018.05.09 11:17:30.133,1.82172,1.82195,2.25,1.00
2018.05.09 11:17:30.677,1.82173,1.82196,1.00,1.25
2018.05.09 11:17:30.933,1.82172,1.82199,2.25,3.38
2018.05.09 11:17:31.460,1.82172,1.82197,2.25,1.00
2018.05.09 11:17:32.100,1.82173,1.82198,1.00,1.00
2018.05.09 11:17:32.627,1.82172,1.82198,1.50,1.00
2018.05.09 11:17:33.160,1.82173,1.82197,1.00,1.00
2018.05.09 11:17:33.516,1.82172,1.82189,1.00,1.00
2018.05.09 11:17:33.567,1.82169,1.82187,1.00,1.00
2018.05.09 11:17:33.670,1.82169,1.82193,1.50,1.00
2018.05.09 11:17:33.971,1.82169,1.82196,1.88,1.00
2018.05.09 11:17:35.190,1.82172,1.82196,1.00,1.50
2018.05.09 11:17:35.446,1.82169,1.82196,1.00,1.00
2018.05.09 11:17:36.040,1.82169,1.82195,1.50,1.00
2018.05.09 11:17:36.091,1.82169,1.82197,1.50,1.00
2018.05.09 11:17:36.325,1.82171,1.82197,1.00,1.00
2018.05.09 11:17:36.376,1.82169,1.82197,1.88,1.00
2018.05.09 11:17:36.528,1.82169,1.82196,1.00,1.50
2018.05.09 11:17:36.681,1.8217,1.82197,1.00,1.31
2018.05.09 11:17:36.806,1.82172,1.82198,1.00,1.00
2018.05.09 11:17:37.214,1.82175,1.82201,1.00,2.06
2018.05.09 11:17:37.729,1.82176,1.82201,1.00,2.25
2018.05.09 11:17:38.269,1.82175,1.82201,1.50,2.06
2018.05.09 11:17:38.704,1.82175,1.822,1.00,1.50
2018.05.09 11:17:39.249,1.82175,1.82199,1.50,1.00
2018.05.09 11:17:39.799,1.82175,1.822,1.50,1.00
2018.05.09 11:17:40.312,1.82175,1.82201,1.50,1.69
2018.05.09 11:17:41.596,1.82175,1.82199,1.50,1.25
2018.05.09 11:17:41.801,1.82171,1.82197,1.00,1.00
2018.05.09 11:17:42.210,1.8217,1.82198,1.00,2.63
2018.05.09 11:17:42.666,1.82167,1.82193,1.00,1.12
2018.05.09 11:17:42.821,1.82166,1.8219,1.00,1.00
2018.05.09 11:17:42.976,1.82167,1.82192,1.00,1.00
2018.05.09 11:17:43.884,1.82167,1.82195,1.00,2.25
2018.05.09 11:17:44.064,1.82167,1.82192,1.00,1.00
2018.05.09 11:17:44.594,1.82167,1.82191,1.00,1.00
2018.05.09 11:17:44.903,1.82167,1.82193,1.00,1.00
2018.05.09 11:17:44.954,1.82171,1.82193,1.00,1.00
2018.05.09 11:17:45.107,1.82172,1.82198,1.38,1.00
2018.05.09 11:17:45.209,1.82176,1.82198,1.00,1.00
2018.05.09 11:17:45.303,1.82176,1.822,1.00,1.00
2018.05.09 11:17:45.354,1.82183,1.82203,1.00,1.00
2018.05.09 11:17:45.405,1.82178,1.82201,1.50,2.06
2018.05.09 11:17:45.462,1.82174,1.82198,1.50,1.25
2018.05.09 11:17:45.513,1.82174,1.82195,1.50,1.00
2018.05.09 11:17:45.564,1.82174,1.82197,1.00,1.00
2018.05.09 11:17:45.666,1.82171,1.82198,1.00,1.56
2018.05.09 11:17:45.769,1.82171,1.82198,1.00,1.31
2018.05.09 11:17:45.969,1.82171,1.82199,1.50,3.00
2018.05.09 11:17:46.278,1.82171,1.82196,1.00,1.00
2018.05.09 11:17:46.382,1.82167,1.82193,1.00,1.12
2018.05.09 11:17:46.433,1.82167,1.82189,1.00,1.50
2018.05.09 11:17:46.485,1.82164,1.82188,1.00,1.00
2018.05.09 11:17:46.587,1.82162,1.82188,1.25,1.50
2018.05.09 11:17:47.068,1.82161,1.82186,1.88,1.00
2018.05.09 11:17:47.170,1.82161,1.82186,1.69,1.00
2018.05.09 11:17:47.598,1.82161,1.82186,1.88,1.00
2018.05.09 11:17:48.088,1.82161,1.82186,1.00,1.00
2018.05.09 11:17:48.786,1.82161,1.82187,2.62,1.00
2018.05.09 11:17:49.308,1.82161,1.82187,1.50,1.00
2018.05.09 11:17:49.638,1.82161,1.82185,1.00,1.00
2018.05.09 11:17:49.795,1.82162,1.82187,1.00,1.00
2018.05.09 11:17:49.846,1.82159,1.82183,1.00,1.12
2018.05.09 11:17:50.202,1.82157,1.82183,1.00,1.50
2018.05.09 11:17:50.824,1.82157,1.82182,1.13,1.00
2018.05.09 11:17:51.181,1.82154,1.82182,1.44,1.50
2018.05.09 11:17:51.302,1.82156,1.82177,1.00,1.00
2018.05.09 11:17:51.406,1.82153,1.82182,1.38,1.50
2018.05.09 11:17:52.167,1.82156,1.82182,1.38,1.50
2018.05.09 11:17:52.537,1.82162,1.82183,1.00,1.00
2018.05.09 11:17:52.588,1.82162,1.82188,1.00,1.00
2018.05.09 11:17:53.667,1.82162,1.82186,1.00,1.00
2018.05.09 11:17:53.770,1.8216,1.82186,1.88,1.00
2018.05.09 11:17:53.871,1.82161,1.82188,1.00,1.50
2018.05.09 11:17:54.413,1.8216,1.82187,1.00,1.00
2018.05.09 11:17:54.997,1.8216,1.82186,1.00,1.25
2018.05.09 11:17:55.251,1.82157,1.82186,2.63,1.00
2018.05.09 11:17:55.777,1.82157,1.82185,2.63,1.00
2018.05.09 11:17:56.284,1.82157,1.82185,2.63,1.00
2018.05.09 11:17:56.588,1.82161,1.82184,1.00,1.00
2018.05.09 11:17:56.690,1.82162,1.82189,1.00,3.56
2018.05.09 11:17:57.230,1.82162,1.82187,1.13,1.00
2018.05.09 11:17:57.389,1.82159,1.82187,1.38,1.00
2018.05.09 11:17:57.956,1.82159,1.82187,1.38,1.00
2018.05.09 11:17:58.470,1.82159,1.82187,1.38,1.00
2018.05.09 11:17:58.982,1.82159,1.82188,1.38,2.06
2018.05.09 11:17:59.577,1.82159,1.82188,1.44,2.06
2018.05.09 11:18:00.644,1.82159,1.82188,1.38,1.31
2018.05.09 11:18:01.013,1.82163,1.82188,1.44,1.25
2018.05.09 11:18:01.216,1.82162,1.8219,1.88,1.25
2018.05.09 11:18:01.656,1.82162,1.8219,1.00,1.81
2018.05.09 11:18:02.177,1.82163,1.82187,1.00,1.00
2018.05.09 11:18:02.514,1.82152,1.8218,3.38,1.00
2018.05.09 11:18:02.821,1.82152,1.82178,1.88,1.00
2018.05.09 11:18:03.331,1.82156,1.82178,1.38,1.00
2018.05.09 11:18:03.482,1.82156,1.8218,1.38,1.50
2018.05.09 11:18:04.137,1.82156,1.8218,1.38,1.50
2018.05.09 11:18:04.666,1.82156,1.82179,1.38,1.00
2018.05.09 11:18:04.987,1.82156,1.82181,1.44,1.00
2018.05.09 11:18:05.507,1.82156,1.8218,1.38,1.25
2018.05.09 11:18:05.959,1.82152,1.82179,2.44,1.50
2018.05.09 11:18:06.602,1.82152,1.82179,2.63,1.00
2018.05.09 11:18:06.929,1.82153,1.82179,1.38,1.00
2018.05.09 11:18:07.184,1.82152,1.82182,4.88,1.00
2018.05.09 11:18:07.928,1.82156,1.82182,1.38,1.13
2018.05.09 11:18:08.577,1.82156,1.82182,1.38,1.00
2018.05.09 11:18:08.986,1.82162,1.82182,1.00,1.00
2018.05.09 11:18:09.133,1.82162,1.82185,1.00,1.50
2018.05.09 11:18:09.393,1.82162,1.82187,1.25,1.00
2018.05.09 11:18:09.598,1.82162,1.82189,1.31,1.50
2018.05.09 11:18:10.142,1.82161,1.82188,1.75,1.00
2018.05.09 11:18:10.800,1.8216,1.82186,1.13,1.00
2018.05.09 11:18:11.328,1.8216,1.82185,1.13,1.00
2018.05.09 11:18:11.379,1.8216,1.82189,1.13,2.25
2018.05.09 11:18:11.481,1.82166,1.82189,1.00,2.25
2018.05.09 11:18:11.609,1.82162,1.82189,1.44,1.50
2018.05.09 11:18:11.966,1.82161,1.82189,1.13,1.50
2018.05.09 11:18:12.367,1.82161,1.82188,1.75,1.00
2018.05.09 11:18:12.575,1.82161,1.82188,2.06,1.00
2018.05.09 11:18:13.095,1.82162,1.82189,1.81,1.00
2018.05.09 11:18:14.316,1.82162,1.82189,1.12,1.00
2018.05.09 11:18:14.470,1.82161,1.82187,1.69,1.00
2018.05.09 11:18:14.779,1.82153,1.82179,1.38,1.00
2018.05.09 11:18:15.136,1.82152,1.82174,1.44,1.00
2018.05.09 11:18:15.187,1.82152,1.82174,1.25,1.00
2018.05.09 11:18:15.289,1.82152,1.82174,2.81,1.00
2018.05.09 11:18:15.391,1.82152,1.82177,3.00,1.00
2018.05.09 11:18:15.442,1.82153,1.82175,1.81,1.00
2018.05.09 11:18:16.316,1.82155,1.82175,1.44,1.00
2018.05.09 11:18:16.419,1.82157,1.82178,1.56,1.00
2018.05.09 11:18:16.673,1.82161,1.82179,1.00,1.00
2018.05.09 11:18:16.724,1.82158,1.82186,2.25,3.00
2018.05.09 11:18:17.352,1.82158,1.82185,1.50,1.00
2018.05.09 11:18:17.712,1.82157,1.82185,1.50,2.06
2018.05.09 11:18:17.763,1.82157,1.8218,1.00,1.50
2018.05.09 11:18:17.815,1.82151,1.82177,1.50,1.00
2018.05.09 11:18:17.969,1.82152,1.82179,1.38,1.50
2018.05.09 11:18:18.283,1.82152,1.82175,1.38,1.00
2018.05.09 11:18:18.811,1.82152,1.82175,1.38,1.00
2018.05.09 11:18:19.270,1.82152,1.82179,1.38,1.50
2018.05.09 11:18:19.766,1.82151,1.82177,1.38,1.00
2018.05.09 11:18:20.022,1.82151,1.82177,1.25,1.00
2018.05.09 11:18:20.177,1.82151,1.82174,1.00,1.00
2018.05.09 11:18:20.561,1.82151,1.82174,1.38,1.00
2018.05.09 11:18:20.646,1.82154,1.82179,1.13,1.00
2018.05.09 11:18:21.160,1.8215,1.82178,1.38,1.00
2018.05.09 11:18:21.726,1.82152,1.82179,1.13,1.50
2018.05.09 11:18:22.999,1.82152,1.82179,1.38,1.50
2018.05.09 11:18:23.141,1.82155,1.82178,2.25,1.00
2018.05.09 11:18:23.455,1.82162,1.82182,1.00,1.00
2018.05.09 11:18:23.506,1.82161,1.82189,1.25,1.69
2018.05.09 11:18:23.558,1.82161,1.82187,1.25,1.00
2018.05.09 11:18:23.872,1.82167,1.8219,1.00,1.25
2018.05.09 11:18:25.414,1.82167,1.82188,1.00,1.00
2018.05.09 11:18:25.466,1.82165,1.82187,1.00,1.00
2018.05.09 11:18:26.006,1.82165,1.82188,1.00,2.25
2018.05.09 11:18:26.976,1.82165,1.82187,1.00,1.00
2018.05.09 11:18:27.179,1.82168,1.82188,1.00,2.25
2018.05.09 11:18:29.204,1.82168,1.82193,1.00,1.25
2018.05.09 11:18:29.408,1.82165,1.82193,1.12,2.44
2018.05.09 11:18:29.871,1.82168,1.82193,1.00,1.00
2018.05.09 11:18:30.218,1.82173,1.82193,1.00,1.00
2018.05.09 11:18:30.730,1.82172,1.82193,1.00,1.00
2018.05.09 11:18:31.801,1.82173,1.82193,1.00,1.00
2018.05.09 11:18:32.011,1.82173,1.82196,1.00,1.00
2018.05.09 11:18:32.266,1.82175,1.82195,1.00,1.25
2018.05.09 11:18:32.499,1.82173,1.82197,1.00,1.44
2018.05.09 11:18:33.017,1.82172,1.82195,1.00,1.25
2018.05.09 11:18:33.539,1.82172,1.82191,1.00,1.00
2018.05.09 11:18:33.591,1.8217,1.82192,1.00,1.50
2018.05.09 11:18:34.263,1.8217,1.82191,1.00,1.00
2018.05.09 11:18:34.780,1.8217,1.82187,1.00,1.00
2018.05.09 11:18:34.882,1.82165,1.82187,1.00,1.50
2018.05.09 11:18:34.984,1.82165,1.82181,1.00,1.00
2018.05.09 11:18:35.085,1.82162,1.82181,1.00,1.00
2018.05.09 11:18:36.002,1.82162,1.82182,1.00,1.50
2018.05.09 11:18:36.468,1.82162,1.82187,1.00,1.50
2018.05.09 11:18:36.989,1.82162,1.82186,1.00,1.00
2018.05.09 11:18:37.584,1.82161,1.82186,1.25,1.00
2018.05.09 11:18:39.937,1.82161,1.82186,1.56,1.00
2018.05.09 11:18:40.191,1.82163,1.8219,1.56,1.50
2018.05.09 11:18:40.659,1.82169,1.8219,1.00,1.00
2018.05.09 11:18:40.967,1.82172,1.82194,1.00,1.00
2018.05.09 11:18:41.019,1.82172,1.82192,1.00,1.00
2018.05.09 11:18:41.071,1.82169,1.82192,1.00,1.00
2018.05.09 11:18:41.602,1.82168,1.82191,1.00,1.00
2018.05.09 11:18:42.276,1.82168,1.82192,1.00,1.00
2018.05.09 11:18:44.988,1.82168,1.82191,1.00,1.00
2018.05.09 11:18:46.029,1.82168,1.82192,1.50,1.00
2018.05.09 11:18:47.050,1.82168,1.82191,1.50,1.00
2018.05.09 11:18:47.974,1.8217,1.82192,1.00,1.00
2018.05.09 11:18:48.183,1.82168,1.82191,1.00,1.00
2018.05.09 11:18:52.981,1.82168,1.82192,1.00,1.00
2018.05.09 11:18:54.559,1.82169,1.82192,1.00,1.00
2018.05.09 11:18:55.080,1.82169,1.82191,1.00,1.00
2018.05.09 11:18:55.872,1.82168,1.82191,1.00,1.00
2018.05.09 11:18:57.009,1.82168,1.82192,1.50,1.00
2018.05.09 11:18:57.656,1.82168,1.82191,1.50,1.00
2018.05.09 11:18:58.314,1.82168,1.82194,1.50,1.50
2018.05.09 11:18:58.865,1.82167,1.82193,1.13,1.00
2018.05.09 11:19:01.363,1.82168,1.82194,1.00,1.00
2018.05.09 11:19:02.024,1.82168,1.82194,1.88,1.00
2018.05.09 11:19:02.330,1.82173,1.82195,1.00,1.00
2018.05.09 11:19:02.433,1.82173,1.82199,1.00,2.25
2018.05.09 11:19:02.484,1.82173,1.82194,1.00,1.00
2018.05.09 11:19:02.815,1.82164,1.82194,1.25,1.00
2018.05.09 11:19:02.866,1.82166,1.82194,1.00,1.00
2018.05.09 11:19:03.170,1.82166,1.82189,1.00,1.00
2018.05.09 11:19:03.374,1.82164,1.82189,1.00,1.50
2018.05.09 11:19:03.425,1.82162,1.82189,1.25,1.50
2018.05.09 11:19:08.471,1.82162,1.82188,1.00,1.00
2018.05.09 11:19:09.081,1.82162,1.82189,1.00,1.50
2018.05.09 11:19:10.112,1.82162,1.82186,1.00,2.06
2018.05.09 11:19:10.267,1.82153,1.82179,1.00,1.00
2018.05.09 11:19:10.675,1.82152,1.82181,1.00,2.81
2018.05.09 11:19:11.191,1.82152,1.8218,1.00,1.00
2018.05.09 11:19:11.718,1.82153,1.82179,1.00,1.00
2018.05.09 11:19:12.965,1.82153,1.82179,1.31,1.00
2018.05.09 11:19:14.418,1.82155,1.82179,1.50,1.00
2018.05.09 11:19:14.470,1.82162,1.82179,1.62,1.00
2018.05.09 11:19:14.576,1.82164,1.8219,1.00,1.00
2018.05.09 11:19:14.629,1.82164,1.82188,1.00,1.00
2018.05.09 11:19:14.681,1.82162,1.82187,1.00,1.00
2018.05.09 11:19:14.783,1.82157,1.82184,1.69,1.00
2018.05.09 11:19:15.753,1.82157,1.82184,1.31,1.00
2018.05.09 11:19:16.304,1.82157,1.82184,1.69,1.00
2018.05.09 11:19:16.952,1.82159,1.82184,1.00,1.00
2018.05.09 11:19:18.282,1.82156,1.82182,1.56,1.00
2018.05.09 11:19:18.641,1.82156,1.82182,1.25,1.00
2018.05.09 11:19:18.761,1.82156,1.82185,1.25,1.50
2018.05.09 11:19:19.262,1.82155,1.82183,3.19,1.00
2018.05.09 11:19:19.585,1.82156,1.82185,1.00,1.50
2018.05.09 11:19:19.888,1.82156,1.82182,1.69,1.00
2018.05.09 11:19:20.265,1.82159,1.82185,1.00,1.50
2018.05.09 11:19:20.572,1.82152,1.82178,1.00,1.00
2018.05.09 11:19:20.901,1.82151,1.82173,1.00,1.00
2018.05.09 11:19:20.952,1.82148,1.82172,1.25,1.00
2018.05.09 11:19:21.003,1.8215,1.82173,1.12,1.50
2018.05.09 11:19:21.258,1.8215,1.82176,1.31,1.00
2018.05.09 11:19:22.218,1.8215,1.82176,1.19,1.00
2018.05.09 11:19:22.271,1.8215,1.82176,1.00,1.00
2018.05.09 11:19:22.374,1.8215,1.82172,1.00,1.00
2018.05.09 11:19:22.581,1.82155,1.82179,1.00,1.00
2018.05.09 11:19:22.632,1.82155,1.82181,1.00,1.00
2018.05.09 11:19:22.683,1.82157,1.82181,1.00,1.00
2018.05.09 11:19:23.002,1.82161,1.82187,1.56,1.50
2018.05.09 11:19:23.104,1.82163,1.82189,2.06,1.25
2018.05.09 11:19:23.155,1.82163,1.82191,2.06,2.25
2018.05.09 11:19:23.360,1.82165,1.82181,1.00,1.00
2018.05.09 11:19:23.412,1.82157,1.8218,1.00,1.00
2018.05.09 11:19:23.463,1.82152,1.82178,1.00,1.00
2018.05.09 11:19:23.754,1.82154,1.82178,2.06,1.00
2018.05.09 11:19:23.808,1.82158,1.82185,1.00,1.00
2018.05.09 11:19:24.064,1.82159,1.82187,1.00,2.21
2018.05.09 11:19:24.628,1.82159,1.82187,1.00,2.62
2018.05.09 11:19:25.202,1.8216,1.82187,1.00,1.50
2018.05.09 11:19:27.868,1.82159,1.82183,1.00,2.25
2018.05.09 11:19:27.972,1.82151,1.82178,1.00,1.00
2018.05.09 11:19:28.177,1.82153,1.82179,1.00,1.50
2018.05.09 11:19:28.559,1.82151,1.82178,1.00,1.00
2018.05.09 11:19:28.747,1.8215,1.82175,1.00,1.00
2018.05.09 11:19:29.290,1.8215,1.82177,1.00,1.00
2018.05.09 11:19:29.461,1.82153,1.82179,1.00,1.50
2018.05.09 11:19:29.962,1.82151,1.82179,1.00,1.00
2018.05.09 11:19:30.682,1.82152,1.82179,1.00,1.00
2018.05.09 11:19:32.665,1.8215,1.82179,1.00,1.00
2018.05.09 11:19:33.650,1.82149,1.82175,1.31,1.00
2018.05.09 11:19:34.154,1.82149,1.82175,1.50,1.00
2018.05.09 11:19:36.748,1.8215,1.82175,1.00,1.00
2018.05.09 11:19:40.675,1.8215,1.82175,1.31,1.00
2018.05.09 11:19:40.981,1.82158,1.82177,1.00,1.00
2018.05.09 11:19:41.064,1.82155,1.82177,1.00,1.00
2018.05.09 11:19:41.169,1.8216,1.82177,1.00,1.00
2018.05.09 11:19:41.274,1.82157,1.82178,1.00,1.00
2018.05.09 11:19:41.379,1.82154,1.82177,1.00,1.00
2018.05.09 11:19:41.905,1.82153,1.82178,1.50,1.25
2018.05.09 11:19:42.528,1.82154,1.82178,1.00,1.44
2018.05.09 11:19:43.064,1.82153,1.82177,2.25,1.00
2018.05.09 11:19:43.664,1.82154,1.82177,1.00,1.25
2018.05.09 11:19:43.978,1.82152,1.82177,1.00,1.44
2018.05.09 11:19:44.234,1.82148,1.82177,1.50,1.38
2018.05.09 11:19:44.745,1.82147,1.82177,1.88,1.38
2018.05.09 11:19:44.796,1.82147,1.82177,1.50,1.00
2018.05.09 11:19:45.205,1.82149,1.82177,1.38,1.50
2018.05.09 11:19:45.320,1.82149,1.82177,1.38,1.69
2018.05.09 11:19:45.372,1.82149,1.82177,1.38,1.50
2018.05.09 11:19:45.633,1.82152,1.82177,1.38,1.50
2018.05.09 11:19:46.147,1.82154,1.82177,2.63,1.00
2018.05.09 11:19:47.159,1.82156,1.82177,1.00,1.50
2018.05.09 11:19:47.728,1.82155,1.82177,1.00,1.69
2018.05.09 11:19:48.911,1.82154,1.82177,1.69,1.00
2018.05.09 11:19:49.417,1.82155,1.82177,1.00,1.00
2018.05.09 11:19:50.155,1.82155,1.82178,1.00,1.50
2018.05.09 11:19:50.663,1.82155,1.82177,1.00,1.00
2018.05.09 11:19:51.276,1.82154,1.82177,1.69,1.25
2018.05.09 11:19:52.666,1.82155,1.82178,1.88,1.00
2018.05.09 11:19:52.989,1.82168,1.82198,2.06,1.00
2018.05.09 11:19:53.244,1.82168,1.82195,1.50,1.00
2018.05.09 11:19:53.399,1.82163,1.82192,1.19,1.00
2018.05.09 11:19:53.503,1.82165,1.82186,1.00,2.25
2018.05.09 11:19:53.605,1.82156,1.82176,1.00,1.00
2018.05.09 11:19:53.728,1.82155,1.82178,1.00,1.00
2018.05.09 11:19:53.781,1.82152,1.82177,1.00,1.00
2018.05.09 11:19:54.188,1.82151,1.82182,1.50,2.81
2018.05.09 11:19:54.738,1.82152,1.82182,1.34,2.62
2018.05.09 11:19:55.093,1.82152,1.82181,1.50,1.00
2018.05.09 11:19:55.144,1.82159,1.82182,1.34,1.00
2018.05.09 11:19:55.196,1.82163,1.82187,1.00,1.00
2018.05.09 11:19:55.248,1.82163,1.8219,1.00,1.00
2018.05.09 11:19:55.351,1.8216,1.82186,1.50,1.00
2018.05.09 11:19:55.504,1.82155,1.82182,1.00,1.00
2018.05.09 11:19:56.019,1.82155,1.82181,1.20,1.00
2018.05.09 11:19:57.116,1.82155,1.8218,1.00,1.00
2018.05.09 11:19:57.370,1.82155,1.82182,1.69,1.00
2018.05.09 11:19:57.472,1.82155,1.82184,1.69,1.00
2018.05.09 11:19:58.190,1.82155,1.82184,1.38,1.00
2018.05.09 11:19:58.241,1.82155,1.82184,1.25,1.00
2018.05.09 11:19:58.751,1.82155,1.82184,1.88,1.00
2018.05.09 11:19:58.856,1.82155,1.82184,1.69,1.00
2018.05.09 11:19:58.959,1.82155,1.82184,1.44,1.00
2018.05.09 11:19:59.606,1.82155,1.82184,1.44,1.00
2018.05.09 11:20:00.060,1.82157,1.82184,1.44,1.00
2018.05.09 11:20:00.580,1.82155,1.82184,1.38,1.00
2018.05.09 11:20:01.128,1.82155,1.82184,1.38,1.00
2018.05.09 11:20:01.282,1.82155,1.82184,1.00,1.50
2018.05.09 11:20:01.334,1.82154,1.82176,1.00,1.50
2018.05.09 11:20:01.386,1.82148,1.82171,1.00,1.50
2018.05.09 11:20:01.488,1.82148,1.82167,1.00,1.00
2018.05.09 11:20:01.590,1.82139,1.82165,1.50,1.00
2018.05.09 11:20:02.290,1.82139,1.82162,1.00,1.50
2018.05.09 11:20:02.342,1.82137,1.82162,1.50,1.50
2018.05.09 11:20:02.444,1.8214,1.82164,1.00,1.00
2018.05.09 11:20:02.495,1.82137,1.82165,2.25,1.00
2018.05.09 11:20:02.546,1.8214,1.82165,1.00,1.00
2018.05.09 11:20:02.850,1.82137,1.82163,1.00,3.56
2018.05.09 11:20:03.380,1.82137,1.82161,1.00,1.25
2018.05.09 11:20:04.863,1.82137,1.8216,1.00,1.00
2018.05.09 11:20:05.429,1.82137,1.82161,1.00,1.00
2018.05.09 11:20:05.934,1.82137,1.8216,1.00,1.00
2018.05.09 11:20:06.462,1.82137,1.82161,1.00,1.50
2018.05.09 11:20:07.146,1.82137,1.82161,1.00,2.06
2018.05.09 11:20:07.699,1.82137,1.82161,1.00,1.50
2018.05.09 11:20:08.397,1.82137,1.8216,1.00,1.00
2018.05.09 11:20:09.464,1.82137,1.82161,1.00,1.50
2018.05.09 11:20:09.977,1.82137,1.8216,1.88,1.00
2018.05.09 11:20:10.080,1.82137,1.82162,1.69,1.00
2018.05.09 11:20:10.722,1.82137,1.82163,1.88,1.00
2018.05.09 11:20:10.772,1.82137,1.82163,1.88,1.00
2018.05.09 11:20:10.823,1.82137,1.82163,1.88,1.00
2018.05.09 11:20:10.874,1.82138,1.82163,1.38,1.00
2018.05.09 11:20:10.925,1.82138,1.82163,1.00,1.00
2018.05.09 11:20:11.345,1.82139,1.82163,1.19,1.00
2018.05.09 11:20:11.550,1.82149,1.82174,1.00,1.00
2018.05.09 11:20:12.060,1.82149,1.82173,1.00,1.00
2018.05.09 11:20:12.686,1.82149,1.82174,1.00,1.00
2018.05.09 11:20:12.948,1.82149,1.82169,1.00,1.25
2018.05.09 11:20:13.000,1.82143,1.82168,1.00,1.50
2018.05.09 11:20:13.052,1.82143,1.82164,1.00,1.00
2018.05.09 11:20:13.111,1.82139,1.82164,1.00,2.25
2018.05.09 11:20:13.163,1.82136,1.82161,1.13,1.00
2018.05.09 11:20:14.529,1.82136,1.82161,1.19,1.00
2018.05.09 11:20:15.097,1.82136,1.82161,1.12,1.00
2018.05.09 11:20:16.114,1.82136,1.82161,1.44,1.00
2018.05.09 11:20:16.648,1.82138,1.82161,1.00,1.00
2018.05.09 11:20:17.182,1.82137,1.82161,1.00,1.00
2018.05.09 11:20:19.389,1.82136,1.82161,1.25,1.00
2018.05.09 11:20:20.797,1.82136,1.82159,1.00,1.00
2018.05.09 11:20:21.404,1.82136,1.82161,1.00,1.00
2018.05.09 11:20:21.569,1.82136,1.82159,1.00,1.00
2018.05.09 11:20:21.876,1.82136,1.82161,1.00,1.00
2018.05.09 11:20:22.459,1.82136,1.82162,1.50,1.00
2018.05.09 11:20:23.513,1.82136,1.82162,2.20,1.00
2018.05.09 11:20:23.668,1.8214,1.82167,1.50,1.00
2018.05.09 11:20:23.720,1.8214,1.82167,1.83,1.00
2018.05.09 11:20:23.938,1.8214,1.82167,1.50,1.00
2018.05.09 11:20:24.991,1.82141,1.82168,1.00,2.25
2018.05.09 11:20:25.383,1.82143,1.82168,1.00,1.00
2018.05.09 11:20:25.586,1.82145,1.82171,1.00,1.00
2018.05.09 11:20:26.556,1.82145,1.82166,1.00,1.00
2018.05.09 11:20:26.607,1.82139,1.82164,1.00,1.50
2018.05.09 11:20:26.760,1.82136,1.82157,1.00,1.50
2018.05.09 11:20:26.812,1.82134,1.82156,1.00,1.00
2018.05.09 11:20:26.863,1.82134,1.82152,1.00,1.50
2018.05.09 11:20:26.914,1.8213,1.82152,1.00,1.00
2018.05.09 11:20:27.066,1.82125,1.82152,1.00,1.00
2018.05.09 11:20:27.591,1.82127,1.82152,1.00,1.00
2018.05.09 11:20:28.102,1.82126,1.82152,1.00,1.00
2018.05.09 11:20:28.643,1.82127,1.82152,1.00,1.00
2018.05.09 11:20:29.168,1.82127,1.82151,1.00,1.00
2018.05.09 11:20:29.474,1.82125,1.82151,1.67,1.00
2018.05.09 11:20:30.178,1.82125,1.82151,1.86,1.00
2018.05.09 11:20:30.343,1.82129,1.82152,1.74,1.00
2018.05.09 11:20:30.395,1.82132,1.82157,1.74,1.50
2018.05.09 11:20:30.515,1.82137,1.82163,1.25,1.00
2018.05.09 11:20:30.567,1.82138,1.82167,1.25,1.69
2018.05.09 11:20:31.077,1.82139,1.82167,1.00,1.00
2018.05.09 11:20:33.499,1.8214,1.82167,1.00,1.00
2018.05.09 11:20:34.142,1.82138,1.82167,1.19,1.44
2018.05.09 11:20:34.466,1.82137,1.82165,1.50,1.00
2018.05.09 11:20:35.646,1.82137,1.82165,2.06,1.00
2018.05.09 11:20:35.788,1.82138,1.82167,1.44,1.00
2018.05.09 11:20:36.311,1.82139,1.82166,1.00,1.00
2018.05.09 11:20:37.584,1.82136,1.82166,3.56,1.00
2018.05.09 11:20:38.115,1.82136,1.82167,3.56,2.25
2018.05.09 11:20:38.218,1.82137,1.82167,1.13,2.44
2018.05.09 11:20:38.600,1.82137,1.82163,1.31,1.00
2018.05.09 11:20:38.806,1.82136,1.82166,3.56,1.00
2018.05.09 11:20:39.339,1.82137,1.82165,1.31,1.50
2018.05.09 11:20:39.937,1.82136,1.82165,2.06,1.00
2018.05.09 11:20:43.513,1.82137,1.82162,1.00,1.69
2018.05.09 11:20:43.799,1.82135,1.82162,1.13,1.50
2018.05.09 11:20:44.352,1.82135,1.82161,1.00,1.00
2018.05.09 11:20:45.017,1.82135,1.82162,1.00,1.00
2018.05.09 11:20:46.470,1.82135,1.82161,1.13,1.00
2018.05.09 11:20:47.291,1.82135,1.82162,1.00,1.00
2018.05.09 11:20:47.822,1.82135,1.82161,1.19,1.00
2018.05.09 11:20:48.679,1.82136,1.82162,1.00,1.69
2018.05.09 11:20:49.588,1.82135,1.82161,1.00,1.31
2018.05.09 11:20:50.124,1.82135,1.82162,1.31,2.25
2018.05.09 11:20:50.631,1.82135,1.82161,1.31,1.00
2018.05.09 11:20:51.134,1.82135,1.82161,1.31,1.00
2018.05.09 11:20:51.656,1.82135,1.82162,1.31,1.50
2018.05.09 11:20:52.157,1.82135,1.82161,1.56,1.00
2018.05.09 11:20:54.386,1.82135,1.82161,1.56,1.00
2018.05.09 11:20:54.437,1.82137,1.82165,1.50,1.00
2018.05.09 11:20:54.983,1.82137,1.82166,2.44,1.00
2018.05.09 11:20:55.702,1.82137,1.82166,2.44,1.00
2018.05.09 11:20:56.489,1.82137,1.82162,2.06,1.00
2018.05.09 11:20:56.990,1.82137,1.82163,2.06,1.00
2018.05.09 11:20:57.683,1.82137,1.82163,2.06,1.00
2018.05.09 11:20:58.780,1.82137,1.82162,2.06,1.00
2018.05.09 11:20:59.016,1.82137,1.82162,1.50,1.00
2018.05.09 11:20:59.554,1.82137,1.82162,2.00,1.00
2018.05.09 11:20:59.606,1.82139,1.82165,1.81,1.25
2018.05.09 11:20:59.963,1.82138,1.82166,1.50,1.00
2018.05.09 11:21:00.149,1.82138,1.82168,1.19,1.50
2018.05.09 11:21:00.302,1.82142,1.82168,1.00,1.00
2018.05.09 11:21:00.676,1.82142,1.82164,1.00,1.00
2018.05.09 11:21:00.814,1.82138,1.82165,1.25,2.25
2018.05.09 11:21:00.865,1.82136,1.82164,1.31,1.50
2018.05.09 11:21:00.967,1.82135,1.8216,1.00,1.00
2018.05.09 11:21:01.581,1.82135,1.8216,1.19,1.00
2018.05.09 11:21:02.284,1.82135,1.8216,1.00,1.00
2018.05.09 11:21:02.599,1.82135,1.8216,1.19,1.00
2018.05.09 11:21:02.650,1.82133,1.82159,1.00,1.25
2018.05.09 11:21:03.532,1.82133,1.82156,1.00,1.50
2018.05.09 11:21:03.584,1.82129,1.82155,1.50,1.00
2018.05.09 11:21:03.637,1.82129,1.82148,1.00,1.00
2018.05.09 11:21:03.688,1.82122,1.82148,1.25,1.00
2018.05.09 11:21:04.238,1.82121,1.82147,1.25,1.00
2018.05.09 11:21:04.790,1.82121,1.82148,1.69,1.50
2018.05.09 11:21:05.501,1.82121,1.82144,1.00,1.00
2018.05.09 11:21:05.654,1.82119,1.82144,1.00,1.00
2018.05.09 11:21:06.398,1.82119,1.82145,1.00,1.00
2018.05.09 11:21:06.670,1.82122,1.82145,1.38,1.50
2018.05.09 11:21:06.823,1.82123,1.82144,1.00,1.00
2018.05.09 11:21:07.385,1.82123,1.82144,1.31,1.00
2018.05.09 11:21:07.513,1.8212,1.82145,1.25,1.50
2018.05.09 11:21:08.097,1.82119,1.82144,1.50,1.00
2018.05.09 11:21:08.627,1.82119,1.82145,1.50,1.50
2018.05.09 11:21:09.134,1.82119,1.82145,1.13,1.00
2018.05.09 11:21:09.289,1.82121,1.82144,1.00,1.00
2018.05.09 11:21:09.928,1.8212,1.82145,1.00,1.00
2018.05.09 11:21:10.292,1.82122,1.82149,1.30,1.00
2018.05.09 11:21:10.428,1.82131,1.82149,1.00,1.00
2018.05.09 11:21:10.479,1.82132,1.82157,1.00,1.50
2018.05.09 11:21:10.581,1.82135,1.82157,1.50,1.00
2018.05.09 11:21:10.959,1.82135,1.82163,1.25,1.44
2018.05.09 11:21:11.230,1.82134,1.82164,1.19,1.44
2018.05.09 11:21:11.903,1.82134,1.82164,1.19,1.44
2018.05.09 11:21:14.005,1.82134,1.82163,1.19,1.38
2018.05.09 11:21:14.312,1.82133,1.82164,1.69,2.63
2018.05.09 11:21:16.795,1.82132,1.82163,2.63,1.38
2018.05.09 11:21:17.871,1.82135,1.82163,1.00,1.38
2018.05.09 11:21:18.266,1.82132,1.82161,1.50,1.44
2018.05.09 11:21:18.317,1.82132,1.82162,1.31,1.31
2018.05.09 11:21:18.368,1.82132,1.82157,2.25,1.00
2018.05.09 11:21:18.470,1.82131,1.8216,2.25,1.50
2018.05.09 11:21:18.623,1.82132,1.8216,1.75,1.50
2018.05.09 11:21:18.757,1.82131,1.8216,1.88,1.00
2018.05.09 11:21:18.961,1.82131,1.8216,3.00,1.50
2018.05.09 11:21:19.424,1.82135,1.8216,1.75,1.50
2018.05.09 11:21:19.643,1.82135,1.82161,2.06,1.00
2018.05.09 11:21:20.434,1.82137,1.82161,1.00,1.50
2018.05.09 11:21:20.793,1.82143,1.82161,1.00,1.00
2018.05.09 11:21:20.850,1.82143,1.82168,1.25,1.00
2018.05.09 11:21:20.903,1.82144,1.82167,1.69,1.00
2018.05.09 11:21:20.954,1.82146,1.82172,1.56,1.25
2018.05.09 11:21:21.006,1.82147,1.82175,2.25,1.88
2018.05.09 11:21:21.058,1.82147,1.82175,1.31,1.88
2018.05.09 11:21:21.161,1.82148,1.82175,1.50,1.50
2018.05.09 11:21:21.671,1.82148,1.82175,1.81,1.88
2018.05.09 11:21:22.180,1.82151,1.82175,1.00,1.88
2018.05.09 11:21:22.494,1.82151,1.82173,1.00,1.00
2018.05.09 11:21:22.699,1.8214,1.82163,1.00,1.50
2018.05.09 11:21:22.801,1.82142,1.82163,1.00,1.50
2018.05.09 11:21:22.853,1.82139,1.82162,1.50,1.00
2018.05.09 11:21:23.057,1.82142,1.82163,1.00,2.63
2018.05.09 11:21:23.480,1.82139,1.82163,2.25,1.69
2018.05.09 11:21:23.741,1.82136,1.82162,2.25,1.00
2018.05.09 11:21:23.846,1.82136,1.82162,2.63,1.50
2018.05.09 11:21:24.385,1.82137,1.82162,1.88,1.00
2018.05.09 11:21:24.742,1.82137,1.82162,1.00,1.00
2018.05.09 11:21:25.217,1.82135,1.82162,1.00,1.00
2018.05.09 11:21:25.723,1.82134,1.82162,2.63,1.00
2018.05.09 11:21:26.359,1.82134,1.82159,1.00,1.00
2018.05.09 11:21:26.692,1.82145,1.82165,1.25,1.00
2018.05.09 11:21:27.048,1.82145,1.82169,1.00,1.00
2018.05.09 11:21:27.522,1.82145,1.82169,1.38,1.00
2018.05.09 11:21:28.058,1.82145,1.82171,2.00,1.50
2018.05.09 11:21:28.160,1.82147,1.82171,1.38,1.00
2018.05.09 11:21:28.713,1.82149,1.82171,1.25,1.00
2018.05.09 11:21:29.230,1.8215,1.82171,1.25,1.00
2018.05.09 11:21:29.738,1.82149,1.82171,1.88,1.00
2018.05.09 11:21:30.112,1.82149,1.82177,1.38,1.69
2018.05.09 11:21:30.164,1.82149,1.82173,1.38,1.00
2018.05.09 11:21:30.442,1.82149,1.82177,1.38,1.25
2018.05.09 11:21:30.494,1.82149,1.82174,1.38,1.00
2018.05.09 11:21:30.812,1.82149,1.82177,1.88,1.69
2018.05.09 11:21:30.863,1.82149,1.82173,1.88,1.00
2018.05.09 11:21:31.670,1.82149,1.82173,2.06,1.00
2018.05.09 11:21:31.772,1.82145,1.82169,1.50,1.00
2018.05.09 11:21:31.975,1.82143,1.82168,1.00,1.00
2018.05.09 11:21:32.132,1.82143,1.82164,1.00,1.00
2018.05.09 11:21:32.184,1.82138,1.82162,1.00,1.00
2018.05.09 11:21:32.236,1.82138,1.82159,1.00,1.00
2018.05.09 11:21:32.440,1.82134,1.82159,1.38,1.00
2018.05.09 11:21:32.704,1.82132,1.82159,1.44,1.25
2018.05.09 11:21:32.911,1.82132,1.82156,1.38,1.00
2018.05.09 11:21:33.475,1.82131,1.82156,1.25,1.00
2018.05.09 11:21:33.785,1.82128,1.82154,1.38,1.00
2018.05.09 11:21:34.316,1.82128,1.82154,1.88,1.50
2018.05.09 11:21:34.469,1.82128,1.82154,1.88,1.50
2018.05.09 11:21:34.991,1.82128,1.82154,1.88,1.50
2018.05.09 11:21:35.145,1.82126,1.82155,2.63,1.00
2018.05.09 11:21:35.717,1.82126,1.82155,1.88,1.00
2018.05.09 11:21:36.024,1.82126,1.82153,2.44,1.00
2018.05.09 11:21:37.044,1.82126,1.82153,2.44,1.00
2018.05.09 11:21:37.718,1.82126,1.82153,2.44,1.00
2018.05.09 11:21:38.320,1.82131,1.82153,1.38,1.00
2018.05.09 11:21:38.371,1.82132,1.82157,1.88,1.00
2018.05.09 11:21:38.423,1.82132,1.82157,1.88,1.00
2018.05.09 11:21:38.474,1.82132,1.82157,1.88,1.00
2018.05.09 11:21:38.525,1.82132,1.82157,1.88,1.00
2018.05.09 11:21:38.680,1.82132,1.82157,1.88,1.00
2018.05.09 11:21:38.782,1.82132,1.82157,1.88,1.00
2018.05.09 11:21:39.171,1.82132,1.82157,1.88,1.00
2018.05.09 11:21:39.722,1.82132,1.82157,1.88,1.00
2018.05.09 11:21:39.825,1.82132,1.82157,1.69,1.00
2018.05.09 11:21:39.878,1.82133,1.82157,1.38,1.00
2018.05.09 11:21:39.931,1.82133,1.82157,1.25,1.00
2018.05.09 11:21:40.464,1.82132,1.82157,1.00,1.00
2018.05.09 11:21:40.969,1.82132,1.82156,1.00,1.00
2018.05.09 11:21:41.972,1.82131,1.82156,1.50,1.00
2018.05.09 11:21:42.487,1.82134,1.82156,1.38,1.00
2018.05.09 11:21:43.069,1.82134,1.82156,1.50,1.00
2018.05.09 11:21:43.274,1.82136,1.82159,1.50,1.00
2018.05.09 11:21:43.956,1.82137,1.82162,1.38,1.00
2018.05.09 11:21:44.484,1.82137,1.82162,1.25,1.00
2018.05.09 11:21:44.993,1.82137,1.82162,1.38,1.00
2018.05.09 11:21:45.094,1.82137,1.82164,1.38,1.50
2018.05.09 11:21:45.145,1.82137,1.8216,1.38,1.00
2018.05.09 11:21:45.312,1.82136,1.8216,1.00,1.00
2018.05.09 11:21:45.567,1.82138,1.8216,1.00,1.00
2018.05.09 11:21:45.669,1.82135,1.8216,1.44,1.00
2018.05.09 11:21:46.183,1.82135,1.8216,1.00,1.00
2018.05.09 11:21:47.766,1.82132,1.8216,1.44,1.00
2018.05.09 11:21:48.276,1.82132,1.82159,1.44,1.00
2018.05.09 11:21:50.285,1.82132,1.82159,1.13,1.00
2018.05.09 11:21:50.846,1.82132,1.82159,1.38,1.00
2018.05.09 11:21:52.905,1.82132,1.82159,1.88,1.00
2018.05.09 11:21:53.434,1.82135,1.82159,1.00,1.00
2018.05.09 11:21:58.442,1.82136,1.82159,1.00,1.00
2018.05.09 11:21:58.889,1.82132,1.82159,1.00,1.87
2018.05.09 11:21:58.940,1.82132,1.82156,1.00,1.00
2018.05.09 11:21:59.446,1.82131,1.82156,1.00,1.00
2018.05.09 11:21:59.969,1.8213,1.82156,1.00,1.00
2018.05.09 11:22:02.766,1.82127,1.82152,1.00,1.00
2018.05.09 11:22:03.073,1.82131,1.82155,1.25,1.00
2018.05.09 11:22:03.655,1.82131,1.82155,2.06,1.00
2018.05.09 11:22:05.068,1.82132,1.82159,1.31,1.00
2018.05.09 11:22:05.187,1.82132,1.82157,1.31,1.00
2018.05.09 11:22:05.342,1.82131,1.82159,1.31,1.00
2018.05.09 11:22:05.505,1.82131,1.82157,1.69,1.00
2018.05.09 11:22:05.819,1.82137,1.82161,1.50,1.00
2018.05.09 11:22:06.526,1.82138,1.82161,1.00,1.00
2018.05.09 11:22:06.792,1.82136,1.82161,1.00,1.00
2018.05.09 11:22:07.302,1.82138,1.82161,1.00,1.00
2018.05.09 11:22:07.404,1.82136,1.82161,1.50,1.00
2018.05.09 11:22:07.863,1.82141,1.82161,1.00,1.00
2018.05.09 11:22:08.098,1.82141,1.82164,1.00,1.50
2018.05.09 11:22:08.701,1.82142,1.82164,1.00,1.00
2018.05.09 11:22:10.193,1.82141,1.82164,1.00,1.00
2018.05.09 11:22:10.296,1.82138,1.82164,1.00,1.50
2018.05.09 11:22:10.905,1.82141,1.82164,1.00,1.50
2018.05.09 11:22:11.237,1.82143,1.82164,1.00,1.00
2018.05.09 11:22:11.390,1.82141,1.82164,1.00,1.00
2018.05.09 11:22:11.500,1.82151,1.82167,1.00,1.00
2018.05.09 11:22:11.596,1.82153,1.8217,1.00,1.00
2018.05.09 11:22:11.648,1.82153,1.82176,1.00,1.00
2018.05.09 11:22:11.801,1.82156,1.82176,1.00,1.00
2018.05.09 11:22:14.583,1.82155,1.82176,1.00,1.00
2018.05.09 11:22:15.634,1.82155,1.82173,1.00,1.00
2018.05.09 11:22:16.959,1.82156,1.82173,1.00,1.00
2018.05.09 11:22:17.485,1.82156,1.82176,1.00,1.00
2018.05.09 11:22:19.109,1.82154,1.82176,1.00,1.00
2018.05.09 11:22:23.369,1.82156,1.82176,1.00,1.00
2018.05.09 11:22:27.769,1.82156,1.82172,1.00,2.25
2018.05.09 11:22:27.872,1.82148,1.82161,1.00,1.00
2018.05.09 11:22:27.924,1.82148,1.82165,1.00,1.00
2018.05.09 11:22:27.975,1.8215,1.82166,1.00,1.00
2018.05.09 11:22:28.078,1.82147,1.82166,1.00,1.00
2018.05.09 11:22:29.060,1.82144,1.82166,1.00,1.00
2018.05.09 11:22:30.066,1.82144,1.82168,1.00,2.25
2018.05.09 11:22:30.168,1.82143,1.8216,1.00,1.00
2018.05.09 11:22:30.619,1.82143,1.82165,1.00,1.50
2018.05.09 11:22:33.865,1.82145,1.82165,1.00,1.50
2018.05.09 11:22:35.507,1.82143,1.82165,1.00,1.50
2018.05.09 11:22:39.209,1.82141,1.82165,1.00,1.00
2018.05.09 11:22:39.370,1.82143,1.82165,1.00,1.00
2018.05.09 11:22:40.390,1.82142,1.82165,1.00,1.12
2018.05.09 11:22:40.711,1.82139,1.82161,1.00,1.00
2018.05.09 11:22:41.812,1.82139,1.82156,1.00,1.00
2018.05.09 11:22:41.863,1.82135,1.82153,1.00,1.00
2018.05.09 11:22:41.914,1.82135,1.82148,1.00,1.00
2018.05.09 11:22:41.966,1.82132,1.82148,1.00,1.00
2018.05.09 11:22:42.507,1.82131,1.82149,1.00,1.00
2018.05.09 11:22:43.895,1.82133,1.82149,1.00,1.00
2018.05.09 11:22:44.177,1.82129,1.82149,1.00,1.00
2018.05.09 11:22:45.994,1.82127,1.82149,1.00,1.00
2018.05.09 11:22:46.301,1.82124,1.82148,1.00,1.00
2018.05.09 11:22:46.637,1.82122,1.82148,1.50,1.50
2018.05.09 11:22:46.941,1.82123,1.82145,1.00,1.00
2018.05.09 11:22:47.633,1.82123,1.8214,1.00,1.00
2018.05.09 11:22:47.684,1.82116,1.82139,1.00,1.00
2018.05.09 11:22:47.739,1.82116,1.82135,1.00,1.00
2018.05.09 11:22:47.791,1.82113,1.82135,1.25,1.00
2018.05.09 11:22:48.302,1.82112,1.82135,1.69,1.00
2018.05.09 11:22:49.161,1.8211,1.82135,1.00,1.00
2018.05.09 11:22:49.263,1.82112,1.82135,1.00,1.00
2018.05.09 11:22:49.567,1.82118,1.82136,1.25,1.00
2018.05.09 11:22:50.581,1.82117,1.82136,1.00,1.00
2018.05.09 11:22:50.682,1.82115,1.82136,1.00,1.00
2018.05.09 11:22:50.934,1.82117,1.82136,1.00,1.00
2018.05.09 11:22:51.137,1.82115,1.82136,1.00,1.00
2018.05.09 11:22:51.414,1.82117,1.82136,1.00,1.00
2018.05.09 11:22:51.821,1.82115,1.82136,1.00,1.00
2018.05.09 11:22:51.975,1.82119,1.82136,1.00,1.00
2018.05.09 11:22:52.187,1.82115,1.82133,1.00,1.00
2018.05.09 11:22:52.368,1.82113,1.82133,1.00,1.00
2018.05.09 11:22:52.420,1.82113,1.82135,1.00,1.00
2018.05.09 11:22:52.472,1.82119,1.82138,1.00,1.00
2018.05.09 11:22:52.575,1.82114,1.82136,1.00,1.00
2018.05.09 11:22:52.883,1.82118,1.8213,1.00,1.00
2018.05.09 11:22:53.174,1.82122,1.82139,1.25,1.50
2018.05.09 11:22:53.328,1.82126,1.82139,1.00,1.50
2018.05.09 11:22:53.656,1.82123,1.82149,1.00,1.00
2018.05.09 11:22:53.758,1.82123,1.8214,1.00,1.00
2018.05.09 11:22:54.067,1.82123,1.82146,1.00,1.00
2018.05.09 11:22:54.168,1.82125,1.82146,1.00,1.00
2018.05.09 11:22:54.219,1.82125,1.82149,1.00,1.00
2018.05.09 11:22:54.320,1.82127,1.82149,1.00,1.00
2018.05.09 11:22:55.738,1.82126,1.82149,1.00,1.00
2018.05.09 11:22:56.064,1.8213,1.82149,1.00,1.00
2018.05.09 11:22:56.288,1.82127,1.82149,1.00,1.00
2018.05.09 11:22:57.260,1.82128,1.82149,1.00,1.00
2018.05.09 11:22:58.664,1.82125,1.82149,1.00,1.50
2018.05.09 11:22:58.716,1.82125,1.82144,1.00,1.00
2018.05.09 11:22:58.768,1.82123,1.82146,1.00,1.00
2018.05.09 11:22:59.024,1.82123,1.82142,1.00,1.00
2018.05.09 11:22:59.261,1.82124,1.82147,1.00,1.00
2018.05.09 11:22:59.364,1.82126,1.82147,1.00,1.00
2018.05.09 11:22:59.830,1.82125,1.82149,1.37,1.00
2018.05.09 11:23:00.347,1.82127,1.82149,1.00,1.00
2018.05.09 11:23:00.399,1.82129,1.82149,1.00,1.00
2018.05.09 11:23:00.940,1.8213,1.82149,1.00,1.00
2018.05.09 11:23:01.144,1.8213,1.82153,1.00,1.00
2018.05.09 11:23:01.196,1.82135,1.82153,1.00,1.00
2018.05.09 11:23:01.518,1.8214,1.82153,1.25,1.00
2018.05.09 11:23:01.823,1.82146,1.82152,1.00,1.00
2018.05.09 11:23:01.926,1.82146,1.82155,1.00,1.00
2018.05.09 11:23:02.471,1.82146,1.82159,1.00,1.00
2018.05.09 11:23:02.524,1.82146,1.82169,1.00,1.50
2018.05.09 11:23:02.990,1.82151,1.82172,1.00,1.00
2018.05.09 11:23:03.093,1.82152,1.82174,1.00,1.00
2018.05.09 11:23:03.351,1.82153,1.82172,1.00,1.56
2018.05.09 11:23:03.505,1.8214,1.82164,1.00,1.12
2018.05.09 11:23:03.607,1.82142,1.82164,1.00,1.00
2018.05.09 11:23:04.108,1.82141,1.82164,1.00,1.87
2018.05.09 11:23:04.454,1.82143,1.82164,1.00,1.50
2018.05.09 11:23:04.583,1.82141,1.82164,1.00,2.25
2018.05.09 11:23:04.992,1.82143,1.82164,1.00,1.12
2018.05.09 11:23:05.502,1.82144,1.82164,1.00,1.00
2018.05.09 11:23:06.224,1.82144,1.82164,1.00,2.62
2018.05.09 11:23:06.275,1.8214,1.82164,1.00,1.87
2018.05.09 11:23:07.583,1.8214,1.82164,1.00,2.25
2018.05.09 11:23:07.879,1.82145,1.82168,1.00,1.31
2018.05.09 11:23:08.035,1.82145,1.82171,1.00,1.00
2018.05.09 11:23:08.086,1.82153,1.82172,1.00,1.00
2018.05.09 11:23:08.340,1.82155,1.82176,1.00,1.69
2018.05.09 11:23:09.216,1.82155,1.82179,1.00,1.50
2018.05.09 11:23:09.722,1.82156,1.82178,1.00,1.00
2018.05.09 11:23:10.109,1.82159,1.82179,1.00,1.00
2018.05.09 11:23:10.652,1.82159,1.8218,1.00,1.69
2018.05.09 11:23:10.703,1.82155,1.82178,1.00,1.00
2018.05.09 11:23:10.860,1.82152,1.82178,1.00,1.25
2018.05.09 11:23:11.574,1.82149,1.82178,1.00,1.94
2018.05.09 11:23:11.626,1.82149,1.82178,1.00,1.31
2018.05.09 11:23:12.442,1.82149,1.82177,1.00,1.19
2018.05.09 11:23:12.749,1.82149,1.82176,1.00,2.44
2018.05.09 11:23:12.800,1.82147,1.82176,1.50,3.19
2018.05.09 11:23:12.970,1.8214,1.8217,1.50,2.81
2018.05.09 11:23:13.176,1.8214,1.8217,1.00,2.25
2018.05.09 11:23:13.314,1.82137,1.82165,1.50,1.00
2018.05.09 11:23:13.621,1.82144,1.82166,1.00,1.00
2018.05.09 11:23:13.672,1.82144,1.82168,1.00,1.00
2018.05.09 11:23:13.945,1.82144,1.8217,1.00,1.69
2018.05.09 11:23:14.077,1.82144,1.82168,1.00,1.00
2018.05.09 11:23:14.234,1.82141,1.82166,1.00,1.00
2018.05.09 11:23:14.285,1.82145,1.82167,1.00,1.00
2018.05.09 11:23:14.390,1.82146,1.82169,1.00,1.50
2018.05.09 11:23:14.491,1.82148,1.82168,1.00,1.50
2018.05.09 11:23:14.542,1.82148,1.82171,1.00,1.37
2018.05.09 11:23:14.594,1.82148,1.82165,1.00,1.00
2018.05.09 11:23:14.696,1.82148,1.82171,1.00,1.87
2018.05.09 11:23:14.807,1.82146,1.82171,1.00,1.37
2018.05.09 11:23:14.859,1.82146,1.82168,1.00,1.00
2018.05.09 11:23:15.191,1.82149,1.82171,1.00,1.37
2018.05.09 11:23:15.893,1.82149,1.82171,1.00,1.37
2018.05.09 11:23:16.200,1.82152,1.82171,1.00,1.37
2018.05.09 11:23:18.860,1.82151,1.82172,1.00,1.31
2018.05.09 11:23:18.962,1.82142,1.82165,1.00,3.37
2018.05.09 11:23:19.014,1.82144,1.82165,1.00,3.37
2018.05.09 11:23:19.535,1.82144,1.82164,1.00,1.37
2018.05.09 11:23:19.867,1.82141,1.82165,1.00,3.37
2018.05.09 11:23:20.212,1.82141,1.82165,1.00,1.87
2018.05.09 11:23:20.319,1.82141,1.82166,1.00,1.00
2018.05.09 11:23:20.370,1.82146,1.82166,1.00,1.50
2018.05.09 11:23:20.574,1.82144,1.82165,1.00,1.00
2018.05.09 11:23:20.901,1.82147,1.82166,1.00,2.25
2018.05.09 11:23:21.410,1.82143,1.82165,1.00,1.12
2018.05.09 11:23:21.759,1.82146,1.82166,1.00,2.62
2018.05.09 11:23:22.505,1.82146,1.82166,1.00,2.25
2018.05.09 11:23:23.060,1.82143,1.82166,1.00,2.62
2018.05.09 11:23:23.239,1.82143,1.82165,1.00,1.62
2018.05.09 11:23:23.393,1.82141,1.82163,1.00,1.00
2018.05.09 11:23:23.597,1.82139,1.82163,1.00,1.87
2018.05.09 11:23:23.783,1.82137,1.82163,1.50,1.00
2018.05.09 11:23:23.886,1.8214,1.82163,1.00,1.12
2018.05.09 11:23:24.555,1.8214,1.82163,1.00,1.37
2018.05.09 11:23:25.453,1.8214,1.82163,1.00,1.31
2018.05.09 11:23:26.104,1.82138,1.82163,1.00,1.31
2018.05.09 11:23:26.966,1.82138,1.82163,1.00,1.62
2018.05.09 11:23:27.466,1.82136,1.82162,1.00,1.00
2018.05.09 11:23:27.823,1.82136,1.82159,1.50,1.00
2018.05.09 11:23:28.324,1.82137,1.82159,1.00,1.50
2018.05.09 11:23:28.913,1.82133,1.82159,1.50,1.31
2018.05.09 11:23:29.015,1.8213,1.82153,1.00,1.00
2018.05.09 11:23:29.067,1.8213,1.82156,1.00,1.12
2018.05.09 11:23:29.488,1.82133,1.82156,1.00,1.00
2018.05.09 11:23:29.539,1.82133,1.82159,1.00,1.50
2018.05.09 11:23:30.067,1.82135,1.82159,1.00,1.00
2018.05.09 11:23:32.098,1.82135,1.82158,1.00,1.31
2018.05.09 11:23:32.260,1.82132,1.82158,1.50,2.06
2018.05.09 11:23:32.895,1.82132,1.82158,1.00,2.44
2018.05.09 11:23:32.947,1.82132,1.82154,1.00,1.00
2018.05.09 11:23:32.998,1.82127,1.82154,1.00,1.69
2018.05.09 11:23:33.151,1.82126,1.82149,1.00,1.12
2018.05.09 11:23:33.410,1.82123,1.82147,1.00,1.00
2018.05.09 11:23:33.461,1.82123,1.82149,1.00,1.87
2018.05.09 11:23:33.665,1.82119,1.82145,1.00,1.00
2018.05.09 11:23:34.157,1.82123,1.82145,1.00,1.00
2018.05.09 11:23:34.209,1.82122,1.8215,2.81,1.00
2018.05.09 11:23:34.311,1.82123,1.82148,1.00,1.00
2018.05.09 11:23:34.770,1.82123,1.8215,1.25,1.00
2018.05.09 11:23:35.060,1.82123,1.82148,1.00,1.12
2018.05.09 11:23:35.213,1.82119,1.82145,1.00,2.25
2018.05.09 11:23:35.751,1.82119,1.82144,1.00,1.00
2018.05.09 11:23:36.012,1.82124,1.82146,1.00,1.50
2018.05.09 11:23:36.063,1.82125,1.82148,1.00,1.00
2018.05.09 11:23:36.165,1.82124,1.8215,1.00,1.00
2018.05.09 11:23:36.216,1.82126,1.82151,1.00,1.00
2018.05.09 11:23:36.429,1.82127,1.82155,1.00,1.50
2018.05.09 11:23:36.583,1.82129,1.82155,1.00,1.50
2018.05.09 11:23:37.345,1.82132,1.82157,1.00,1.00
2018.05.09 11:23:37.653,1.8213,1.8215,1.00,1.00
2018.05.09 11:23:37.707,1.82131,1.82156,1.00,1.50
2018.05.09 11:23:37.811,1.82131,1.82155,1.00,1.69
2018.05.09 11:23:37.862,1.8213,1.82156,1.00,3.75
2018.05.09 11:23:37.913,1.8213,1.82155,1.00,1.37
2018.05.09 11:23:38.446,1.82129,1.82154,1.00,1.00
2018.05.09 11:23:38.763,1.82132,1.82154,1.00,1.00
2018.05.09 11:23:38.867,1.82128,1.82154,1.00,1.00
2018.05.09 11:23:39.439,1.82128,1.82156,1.50,1.50
2018.05.09 11:23:39.966,1.82128,1.82156,1.50,1.12
2018.05.09 11:23:40.288,1.82129,1.82158,1.25,2.25
2018.05.09 11:23:40.794,1.8213,1.82158,1.00,1.50
2018.05.09 11:23:41.330,1.8213,1.82157,1.00,1.00
2018.05.09 11:23:41.884,1.8213,1.82158,1.00,1.25
2018.05.09 11:23:41.987,1.82129,1.82153,1.00,1.00
2018.05.09 11:23:42.836,1.82127,1.82153,1.19,1.00
2018.05.09 11:23:43.194,1.82126,1.82149,1.19,1.00
2018.05.09 11:23:43.796,1.82126,1.82149,1.19,1.00
2018.05.09 11:23:43.980,1.82124,1.82145,1.00,1.00
2018.05.09 11:23:44.501,1.82124,1.82145,1.19,1.00
2018.05.09 11:23:45.036,1.82122,1.82145,1.69,1.00
2018.05.09 11:23:46.083,1.82125,1.82147,1.00,1.00
2018.05.09 11:23:46.185,1.8213,1.82147,1.00,1.00
2018.05.09 11:23:46.691,1.82131,1.82147,1.00,1.00
2018.05.09 11:23:47.014,1.82134,1.82147,1.00,1.00
2018.05.09 11:23:47.522,1.82135,1.82147,1.00,1.00
2018.05.09 11:23:47.573,1.82133,1.82147,1.00,1.00
2018.05.09 11:23:49.105,1.8213,1.82147,1.00,1.00
2018.05.09 11:23:49.859,1.82129,1.82147,1.00,1.00
2018.05.09 11:23:51.277,1.8213,1.82147,1.00,1.00
2018.05.09 11:23:54.478,1.82127,1.82145,1.00,1.00
2018.05.09 11:23:54.581,1.82118,1.82145,1.50,1.00
2018.05.09 11:23:54.633,1.8212,1.82145,1.00,1.00
2018.05.09 11:23:54.942,1.8213,1.82152,1.00,1.00
2018.05.09 11:23:55.096,1.82125,1.82148,1.00,1.00
2018.05.09 11:23:55.266,1.82127,1.82148,1.00,1.00
2018.05.09 11:23:56.259,1.82128,1.82148,1.00,1.00
2018.05.09 11:23:56.859,1.82127,1.82148,1.00,1.00
2018.05.09 11:23:57.774,1.8213,1.82148,1.00,1.00
2018.05.09 11:23:57.978,1.82126,1.82148,1.25,1.00
2018.05.09 11:23:58.254,1.82126,1.82144,1.00,1.00
2018.05.09 11:23:58.447,1.82122,1.82144,1.87,1.00
2018.05.09 11:23:58.499,1.82122,1.82149,3.00,1.00
2018.05.09 11:23:58.550,1.82126,1.82149,1.56,1.00
2018.05.09 11:23:58.860,1.82133,1.82152,1.00,1.00
2018.05.09 11:24:00.468,1.82129,1.82152,1.25,1.00
2018.05.09 11:24:00.520,1.82129,1.82149,1.00,1.12
2018.05.09 11:24:00.824,1.82127,1.82143,1.00,1.00
2018.05.09 11:24:01.130,1.82134,1.82149,1.00,1.00
2018.05.09 11:24:01.269,1.82134,1.82153,1.00,1.00
2018.05.09 11:24:01.816,1.82134,1.82153,1.00,2.06
2018.05.09 11:24:01.868,1.8213,1.82149,1.00,1.00
2018.05.09 11:24:01.970,1.82128,1.82149,1.00,1.00
2018.05.09 11:24:02.489,1.82126,1.82149,1.00,1.00
2018.05.09 11:24:03.220,1.82127,1.82149,1.00,1.00
2018.05.09 11:24:04.307,1.8213,1.82149,1.00,1.00
2018.05.09 11:24:04.863,1.82128,1.82149,1.00,1.00
2018.05.09 11:24:05.169,1.82126,1.82149,1.00,1.00
2018.05.09 11:24:05.221,1.82128,1.82148,1.00,1.00
2018.05.09 11:24:05.745,1.82129,1.82148,1.50,1.00
2018.05.09 11:24:06.048,1.82131,1.82148,1.00,1.00
2018.05.09 11:24:06.100,1.82131,1.8215,1.00,1.00
2018.05.09 11:24:06.406,1.82133,1.8215,1.00,1.00
2018.05.09 11:24:09.602,1.82129,1.8215,1.00,1.00
2018.05.09 11:24:09.670,1.82127,1.8215,1.69,1.00
2018.05.09 11:24:10.049,1.8213,1.8215,1.00,1.00
2018.05.09 11:24:10.165,1.82131,1.82153,1.00,1.00
2018.05.09 11:24:10.865,1.82134,1.82152,1.00,1.00
2018.05.09 11:24:10.967,1.82134,1.82159,1.00,2.25
2018.05.09 11:24:11.068,1.82137,1.82159,1.00,1.00
2018.05.09 11:24:11.539,1.82135,1.82159,1.12,1.00
2018.05.09 11:24:11.867,1.82138,1.8216,1.00,1.00
2018.05.09 11:24:12.959,1.82136,1.8216,1.00,1.00
2018.05.09 11:24:13.477,1.82138,1.8216,1.00,1.00
2018.05.09 11:24:14.278,1.82136,1.8216,1.87,1.00
2018.05.09 11:24:15.491,1.82138,1.8216,1.00,1.00
2018.05.09 11:24:15.659,1.82135,1.8216,1.00,1.00
2018.05.09 11:24:16.160,1.82135,1.8216,1.37,1.00
2018.05.09 11:24:16.764,1.82135,1.8216,1.00,1.00
2018.05.09 11:24:17.917,1.82135,1.8216,1.69,1.00
2018.05.09 11:24:17.969,1.82139,1.8216,1.00,1.00
2018.05.09 11:24:18.660,1.82141,1.8216,1.00,1.00
2018.05.09 11:24:20.629,1.82141,1.82161,1.00,1.00
2018.05.09 11:24:20.680,1.82139,1.82161,1.00,1.00
2018.05.09 11:24:22.203,1.8214,1.82161,1.00,1.00
2018.05.09 11:24:22.497,1.82136,1.82159,1.00,1.00
2018.05.09 11:24:22.600,1.82133,1.82153,1.00,1.00
2018.05.09 11:24:22.753,1.82129,1.8215,1.50,1.00
2018.05.09 11:24:23.276,1.82127,1.8215,1.00,1.00
2018.05.09 11:24:23.379,1.8213,1.8215,1.00,1.00
2018.05.09 11:24:23.447,1.82128,1.8215,1.00,1.00
2018.05.09 11:24:23.498,1.8213,1.8215,1.00,1.00
2018.05.09 11:24:23.550,1.82127,1.8215,1.00,1.00
2018.05.09 11:24:23.727,1.8213,1.8215,1.00,1.00
2018.05.09 11:24:23.778,1.82128,1.8215,1.00,1.00
2018.05.09 11:24:23.829,1.82126,1.8215,1.00,1.00
2018.05.09 11:24:28.624,1.82126,1.82147,1.50,1.00
2018.05.09 11:24:33.682,1.82128,1.82151,1.00,1.00
2018.05.09 11:24:33.897,1.82126,1.82152,1.50,1.00
2018.05.09 11:24:35.107,1.82127,1.8215,1.00,1.00
2018.05.09 11:24:35.362,1.82125,1.82151,1.25,1.00
2018.05.09 11:24:35.912,1.82124,1.8215,1.19,1.00
2018.05.09 11:24:36.387,1.82127,1.82151,2.44,1.00
2018.05.09 11:24:36.898,1.82129,1.82151,1.00,1.00
2018.05.09 11:24:37.241,1.82132,1.82156,1.37,1.00
2018.05.09 11:24:38.482,1.82132,1.82156,1.12,1.00
2018.05.09 11:24:44.184,1.82132,1.82156,1.37,1.00
2018.05.09 11:24:44.940,1.82132,1.82156,1.12,1.00
2018.05.09 11:24:45.463,1.82132,1.82156,1.37,1.00
2018.05.09 11:24:45.999,1.82132,1.82156,1.12,1.00
2018.05.09 11:24:50.073,1.82133,1.82156,1.00,1.00
2018.05.09 11:24:51.289,1.82131,1.82155,1.00,1.12
2018.05.09 11:24:51.340,1.8213,1.82153,1.00,1.25
2018.05.09 11:24:51.493,1.82123,1.82149,1.37,1.00
2018.05.09 11:24:51.761,1.82126,1.82149,1.31,1.00
2018.05.09 11:24:51.863,1.82123,1.82149,1.12,1.00
2018.05.09 11:24:52.066,1.82123,1.82149,2.81,1.00
2018.05.09 11:24:52.881,1.82124,1.82147,1.56,1.00
2018.05.09 11:24:53.086,1.82136,1.82161,1.50,1.00
2018.05.09 11:24:53.610,1.82129,1.82153,1.00,1.00
2018.05.09 11:24:53.662,1.82125,1.82153,2.06,1.00
2018.05.09 11:24:53.969,1.82123,1.82151,1.81,1.00
2018.05.09 11:24:54.496,1.82123,1.82151,1.31,1.00
2018.05.09 11:24:55.012,1.82123,1.82151,1.31,1.00
2018.05.09 11:24:55.341,1.82122,1.82149,1.81,1.00
2018.05.09 11:24:55.701,1.82121,1.82145,1.19,1.50
2018.05.09 11:24:55.803,1.82116,1.8214,1.87,1.00
2018.05.09 11:24:55.905,1.82116,1.82142,1.44,1.00
2018.05.09 11:24:57.465,1.82119,1.82144,2.06,1.00
2018.05.09 11:24:57.971,1.8212,1.82144,1.81,1.00
2018.05.09 11:24:58.655,1.8212,1.82144,1.87,1.00
2018.05.09 11:24:59.270,1.8212,1.82144,1.37,1.00
2018.05.09 11:24:59.894,1.8212,1.82144,1.69,1.00
2018.05.09 11:25:00.100,1.8212,1.82144,1.69,1.00
2018.05.09 11:25:00.421,1.82119,1.82144,1.56,1.00
2018.05.09 11:25:00.923,1.82119,1.82144,3.00,1.50
2018.05.09 11:25:01.026,1.82119,1.82144,1.56,1.50
2018.05.09 11:25:01.780,1.8212,1.82144,1.37,1.00
2018.05.09 11:25:02.142,1.82119,1.82144,2.81,1.00
2018.05.09 11:25:02.742,1.82119,1.82144,1.69,1.00
2018.05.09 11:25:03.131,1.82121,1.82144,1.31,1.00
2018.05.09 11:25:03.285,1.82124,1.82148,1.00,1.50
2018.05.09 11:25:03.336,1.82125,1.82148,1.19,1.50
2018.05.09 11:25:03.439,1.82126,1.82151,1.69,1.00
2018.05.09 11:25:03.541,1.82127,1.82151,1.19,1.00
2018.05.09 11:25:03.595,1.82128,1.82151,1.19,1.00
2018.05.09 11:25:04.243,1.82128,1.82151,1.25,1.00
2018.05.09 11:25:05.288,1.82129,1.82151,1.00,1.00
2018.05.09 11:25:06.322,1.82132,1.82151,1.00,1.00
2018.05.09 11:25:06.425,1.82132,1.82155,1.00,1.00
2018.05.09 11:25:07.207,1.8213,1.82153,1.31,1.00
2018.05.09 11:25:07.362,1.82131,1.82157,1.00,1.50
2018.05.09 11:25:07.669,1.82129,1.82155,1.69,1.00
2018.05.09 11:25:07.993,1.82129,1.82153,1.50,1.00
2018.05.09 11:25:08.528,1.8213,1.82152,1.00,1.00
2018.05.09 11:25:08.634,1.82127,1.8215,1.00,1.00
2018.05.09 11:25:08.876,1.82124,1.8215,1.00,1.00
2018.05.09 11:25:10.259,1.82126,1.8215,1.00,1.00
2018.05.09 11:25:10.836,1.82126,1.8215,2.81,1.00
2018.05.09 11:25:10.991,1.82129,1.82154,1.12,1.00
2018.05.09 11:25:11.042,1.82132,1.82154,1.19,1.00
2018.05.09 11:25:11.299,1.82125,1.82148,1.00,1.00
2018.05.09 11:25:11.847,1.82126,1.82148,1.00,1.00
2018.05.09 11:25:12.592,1.82127,1.8215,1.00,1.50
2018.05.09 11:25:13.665,1.82125,1.8215,1.00,1.00
2018.05.09 11:25:15.534,1.82125,1.82147,1.00,1.00
2018.05.09 11:25:15.585,1.82123,1.82147,1.12,1.00
2018.05.09 11:25:18.556,1.82123,1.82145,1.00,1.00
2018.05.09 11:25:19.608,1.82118,1.82144,1.50,1.00
2018.05.09 11:25:19.784,1.82117,1.82141,1.12,1.00
2018.05.09 11:25:20.390,1.82117,1.82141,3.56,1.00
2018.05.09 11:25:20.544,1.82117,1.82141,2.44,1.00
2018.05.09 11:25:21.089,1.82118,1.82141,1.00,1.00
2018.05.09 11:25:22.534,1.82118,1.82141,1.19,1.00
2018.05.09 11:25:22.912,1.82117,1.82141,1.50,1.00
2018.05.09 11:25:22.963,1.82117,1.82144,1.50,1.00
2018.05.09 11:25:23.601,1.82117,1.82142,1.50,1.00
2018.05.09 11:25:24.047,1.82114,1.8214,1.00,1.00
2018.05.09 11:25:24.100,1.82116,1.82138,1.00,1.00
2018.05.09 11:25:24.202,1.82111,1.82135,1.19,1.00
2018.05.09 11:25:24.359,1.82111,1.82137,1.25,1.00
2018.05.09 11:25:25.060,1.82111,1.82137,1.19,1.00
2018.05.09 11:25:25.593,1.82111,1.82137,1.19,1.00
2018.05.09 11:25:25.695,1.82111,1.82137,1.31,1.00
2018.05.09 11:25:25.797,1.82111,1.82134,1.00,1.00
2018.05.09 11:25:26.134,1.82107,1.8213,1.00,1.00
2018.05.09 11:25:26.446,1.82105,1.82126,1.50,1.00
2018.05.09 11:25:27.075,1.82103,1.82126,1.37,1.00
2018.05.09 11:25:27.612,1.82103,1.82126,1.00,1.00
2018.05.09 11:25:28.039,1.82101,1.82125,1.94,1.00
2018.05.09 11:25:28.347,1.82107,1.82129,1.12,1.00
2018.05.09 11:25:28.502,1.82111,1.82132,1.25,1.00
2018.05.09 11:25:28.554,1.82117,1.82132,1.00,1.00
2018.05.09 11:25:28.645,1.82117,1.82134,1.00,1.00
2018.05.09 11:25:28.701,1.82116,1.82138,1.00,1.00
2018.05.09 11:25:28.908,1.82112,1.82138,1.00,1.00
2018.05.09 11:25:29.269,1.8211,1.82134,1.50,1.00
2018.05.09 11:25:34.407,1.82109,1.82131,1.00,1.09
2018.05.09 11:25:34.510,1.82103,1.82128,1.00,1.00
2018.05.09 11:25:34.634,1.82101,1.82128,1.00,1.50
2018.05.09 11:25:35.124,1.82102,1.82128,1.37,1.50
2018.05.09 11:25:35.432,1.82108,1.8213,1.00,1.00
2018.05.09 11:25:35.762,1.82109,1.82132,1.19,1.00
2018.05.09 11:25:37.770,1.82111,1.82132,1.00,1.00
2018.05.09 11:25:38.191,1.82108,1.82132,1.00,1.00
2018.05.09 11:25:40.985,1.82109,1.82132,1.00,1.00
2018.05.09 11:25:41.265,1.82107,1.82132,1.00,1.00
2018.05.09 11:25:41.318,1.82107,1.82129,1.00,1.00
2018.05.09 11:25:41.372,1.82101,1.82127,1.00,1.00
2018.05.09 11:25:41.424,1.82099,1.82125,1.62,1.00
2018.05.09 11:25:42.092,1.82099,1.82125,1.81,1.00
2018.05.09 11:25:42.396,1.82103,1.82125,1.19,1.00
2018.05.09 11:25:43.798,1.82103,1.82127,1.19,1.00
2018.05.09 11:25:43.850,1.82103,1.82127,1.25,1.00
2018.05.09 11:25:43.952,1.82102,1.82124,1.00,1.00
2018.05.09 11:25:44.472,1.82103,1.82124,1.00,1.00
2018.05.09 11:25:44.979,1.82102,1.82124,1.00,1.00
2018.05.09 11:25:45.706,1.82103,1.82124,1.00,1.00
2018.05.09 11:25:46.128,1.82107,1.82128,1.00,1.00
2018.05.09 11:25:46.232,1.82107,1.82131,1.00,1.00
2018.05.09 11:25:46.285,1.8211,1.82131,1.00,1.00
2018.05.09 11:25:46.616,1.8211,1.82135,1.00,3.52
2018.05.09 11:25:46.718,1.82111,1.82132,1.00,1.00
2018.05.09 11:25:48.685,1.82118,1.82135,1.50,1.50
2018.05.09 11:25:48.748,1.82118,1.82137,1.25,1.00
2018.05.09 11:25:48.801,1.82118,1.82142,1.00,1.00
2018.05.09 11:25:48.853,1.82118,1.8214,1.00,1.00
2018.05.09 11:25:48.997,1.82119,1.82145,1.00,1.50
2018.05.09 11:25:49.049,1.82121,1.8214,1.87,1.00
2018.05.09 11:25:49.357,1.82136,1.82142,1.00,1.00
2018.05.09 11:25:49.619,1.82135,1.82145,1.00,1.00
2018.05.09 11:25:49.670,1.82132,1.82145,1.00,1.00
2018.05.09 11:25:49.876,1.82131,1.82147,1.00,1.00
2018.05.09 11:25:49.980,1.82129,1.82149,1.00,1.50
2018.05.09 11:25:50.083,1.82125,1.8215,1.00,3.75
2018.05.09 11:25:50.135,1.82125,1.82148,1.00,1.00
2018.05.09 11:25:50.186,1.82123,1.82148,1.00,1.00
2018.05.09 11:25:50.237,1.82128,1.82148,1.00,1.00
2018.05.09 11:25:50.499,1.82125,1.82148,1.00,1.00
2018.05.09 11:25:50.653,1.82126,1.82144,1.00,1.00
2018.05.09 11:25:50.960,1.82123,1.8214,1.50,1.00
2018.05.09 11:25:51.011,1.82119,1.8214,2.06,1.00
2018.05.09 11:25:51.528,1.8212,1.8214,1.25,1.00
2018.05.09 11:25:51.869,1.82119,1.82143,1.69,1.00
2018.05.09 11:25:51.971,1.82119,1.82143,1.94,1.00
2018.05.09 11:25:52.022,1.82119,1.82146,1.94,1.00
2018.05.09 11:25:52.124,1.82126,1.82149,1.00,1.00
2018.05.09 11:25:52.334,1.82124,1.82149,1.00,1.00
2018.05.09 11:25:52.954,1.82125,1.82149,1.00,1.00
2018.05.09 11:25:54.067,1.82124,1.82148,1.00,1.00
2018.05.09 11:25:54.118,1.82122,1.82147,1.50,1.00
2018.05.09 11:25:54.170,1.82116,1.82144,1.94,1.00
2018.05.09 11:25:54.373,1.82115,1.82143,2.25,1.00
2018.05.09 11:25:54.525,1.82114,1.82141,1.00,1.00
2018.05.09 11:25:55.037,1.82111,1.82141,1.50,1.50
2018.05.09 11:25:55.563,1.82112,1.82141,1.00,1.00
2018.05.09 11:25:56.360,1.82112,1.82139,1.00,1.00
2018.05.09 11:25:57.175,1.8211,1.82134,1.87,1.00
2018.05.09 11:25:57.226,1.8211,1.82134,1.12,1.00
2018.05.09 11:25:57.584,1.82107,1.82133,1.00,2.59
2018.05.09 11:25:57.636,1.82106,1.82129,1.00,1.00
2018.05.09 11:25:58.175,1.82099,1.8212,3.37,1.00
2018.05.09 11:25:58.750,1.821,1.8212,1.00,1.00
2018.05.09 11:25:59.303,1.82099,1.82119,1.69,1.00
2018.05.09 11:25:59.886,1.821,1.82119,1.00,1.00
2018.05.09 11:26:00.060,1.821,1.82124,1.00,1.00
2018.05.09 11:26:00.589,1.82099,1.82123,1.25,1.00
2018.05.09 11:26:01.130,1.821,1.82123,1.00,1.00
2018.05.09 11:26:01.681,1.821,1.82123,1.31,1.00
2018.05.09 11:26:02.277,1.821,1.82123,1.31,1.00
2018.05.09 11:26:02.500,1.82105,1.82126,1.56,1.00
2018.05.09 11:26:02.653,1.82107,1.82131,1.62,1.00
2018.05.09 11:26:02.705,1.82106,1.82133,2.25,1.00
2018.05.09 11:26:03.461,1.82107,1.82133,1.00,1.00
2018.05.09 11:26:04.642,1.82106,1.82133,1.12,1.00
2018.05.09 11:26:05.168,1.82107,1.82133,1.00,1.00
2018.05.09 11:26:07.075,1.82106,1.82133,2.06,1.00
2018.05.09 11:26:07.305,1.82106,1.8213,1.00,1.00
2018.05.09 11:26:07.356,1.82104,1.82133,1.31,1.00
2018.05.09 11:26:08.139,1.82104,1.82133,1.56,1.00
2018.05.09 11:26:08.190,1.82103,1.82133,2.62,1.00
2018.05.09 11:26:08.737,1.82102,1.82133,2.81,1.50
2018.05.09 11:26:09.093,1.82104,1.82133,1.56,1.50
2018.05.09 11:26:09.453,1.82103,1.82133,1.25,1.00
2018.05.09 11:26:09.504,1.82103,1.82133,2.81,1.00
2018.05.09 11:26:10.211,1.82103,1.82133,2.44,1.00
2018.05.09 11:26:11.178,1.82104,1.82133,1.69,1.00
2018.05.09 11:26:11.784,1.82103,1.82133,2.25,1.00
2018.05.09 11:26:12.499,1.82103,1.82133,2.25,1.00
2018.05.09 11:26:13.103,1.82103,1.82131,2.06,1.00
2018.05.09 11:26:13.408,1.82107,1.8213,1.19,1.00
2018.05.09 11:26:14.063,1.82105,1.8213,1.25,1.00
2018.05.09 11:26:14.573,1.82104,1.8213,1.81,1.00
2018.05.09 11:26:15.171,1.82103,1.8213,3.00,1.00
2018.05.09 11:26:15.529,1.82107,1.8213,1.69,1.00
2018.05.09 11:26:15.986,1.8211,1.8213,1.00,1.00
2018.05.09 11:26:16.047,1.8211,1.82133,1.00,1.00
2018.05.09 11:26:16.722,1.82109,1.82133,1.25,1.00
2018.05.09 11:26:17.075,1.82108,1.82133,1.94,1.00
2018.05.09 11:26:17.294,1.82109,1.82133,1.25,1.00
2018.05.09 11:26:17.346,1.82109,1.82133,1.62,1.00
2018.05.09 11:26:17.447,1.82108,1.82133,2.06,1.00
2018.05.09 11:26:17.653,1.82108,1.82133,1.94,1.00
2018.05.09 11:26:18.155,1.82108,1.82133,1.69,1.00
2018.05.09 11:26:18.585,1.82108,1.82133,1.56,1.00
2018.05.09 11:26:19.095,1.82108,1.82133,1.69,1.00
2018.05.09 11:26:19.428,1.8211,1.82133,1.19,1.00
2018.05.09 11:26:19.479,1.8211,1.82133,1.00,1.00
2018.05.09 11:26:19.683,1.82112,1.82137,1.56,1.00
2018.05.09 11:26:19.838,1.82119,1.82144,1.00,1.50
2018.05.09 11:26:19.991,1.82119,1.82146,1.69,1.00
2018.05.09 11:26:20.503,1.82119,1.82147,1.69,1.00
2018.05.09 11:26:20.555,1.82119,1.82147,1.25,1.00
2018.05.09 11:26:22.224,1.82119,1.82147,1.31,1.00
2018.05.09 11:26:22.808,1.82119,1.82147,1.44,1.00
2018.05.09 11:26:22.868,1.82119,1.82147,1.12,1.00
2018.05.09 11:26:23.020,1.82119,1.82147,1.87,1.00
2018.05.09 11:26:23.571,1.82119,1.82147,1.50,1.00
2018.05.09 11:26:23.622,1.82119,1.82147,1.50,1.00
2018.05.09 11:26:23.803,1.82119,1.82147,1.87,1.00
2018.05.09 11:26:24.089,1.82119,1.82147,1.50,1.00
2018.05.09 11:26:24.192,1.82119,1.82147,1.87,1.00
2018.05.09 11:26:24.387,1.82119,1.82147,1.12,1.00
2018.05.09 11:26:24.438,1.82119,1.82147,1.87,1.00
2018.05.09 11:26:24.490,1.82119,1.82147,1.12,1.00
2018.05.09 11:26:24.631,1.82119,1.82147,1.50,1.00
2018.05.09 11:26:25.013,1.82128,1.82153,1.56,1.00
2018.05.09 11:26:25.065,1.8213,1.82158,1.56,1.00
2018.05.09 11:26:25.169,1.82132,1.82156,1.69,1.00
2018.05.09 11:26:25.375,1.82132,1.82161,1.37,1.50
2018.05.09 11:26:25.579,1.82137,1.82161,1.00,1.50
2018.05.09 11:26:25.903,1.82137,1.82159,1.12,1.00
2018.05.09 11:26:26.220,1.82137,1.82159,1.56,1.00
2018.05.09 11:26:26.271,1.82137,1.82159,1.12,1.00
2018.05.09 11:26:26.373,1.82134,1.82159,1.31,1.00
2018.05.09 11:26:26.827,1.82134,1.82159,1.75,1.00
2018.05.09 11:26:27.031,1.82134,1.82159,1.50,1.00
2018.05.09 11:26:27.184,1.82132,1.82159,1.25,1.00
2018.05.09 11:26:27.747,1.8213,1.82159,2.06,1.00
2018.05.09 11:26:27.849,1.8213,1.82159,2.44,1.00
2018.05.09 11:26:28.384,1.82133,1.82159,1.00,1.00
2018.05.09 11:26:29.408,1.82133,1.82159,1.31,1.00
2018.05.09 11:26:30.064,1.82136,1.82159,1.00,1.00
2018.05.09 11:26:30.659,1.82135,1.82159,1.00,1.00
2018.05.09 11:26:31.742,1.82139,1.82158,1.00,1.00
2018.05.09 11:26:31.889,1.82136,1.82158,1.00,1.00
2018.05.09 11:26:32.363,1.82138,1.82158,1.00,1.00
2018.05.09 11:26:32.707,1.82153,1.82172,1.50,2.25
2018.05.09 11:26:32.996,1.8216,1.8218,1.00,1.00
2018.05.09 11:26:33.052,1.8216,1.82184,1.00,1.50
2018.05.09 11:26:33.565,1.82159,1.82183,1.00,1.00
2018.05.09 11:26:34.252,1.82159,1.82186,1.00,1.69
2018.05.09 11:26:34.610,1.82162,1.82186,1.00,1.00
2018.05.09 11:26:35.272,1.82162,1.82187,1.00,1.50
2018.05.09 11:26:37.290,1.82162,1.82186,1.00,1.00
2018.05.09 11:26:37.620,1.82152,1.82171,1.00,1.00
2018.05.09 11:26:37.671,1.8215,1.82171,1.00,1.50
2018.05.09 11:26:37.722,1.82145,1.82171,1.69,1.50
2018.05.09 11:26:38.273,1.82146,1.82171,1.25,2.25
2018.05.09 11:26:38.814,1.82146,1.8217,1.00,1.00
2018.05.09 11:26:38.868,1.82147,1.82172,1.00,1.00
2018.05.09 11:26:38.920,1.82149,1.82172,1.00,1.00
2018.05.09 11:26:38.972,1.82149,1.82175,1.00,1.00
2018.05.09 11:26:39.504,1.82149,1.82174,1.00,1.00
2018.05.09 11:26:39.798,1.82146,1.82174,1.00,1.50
2018.05.09 11:26:39.900,1.82144,1.82174,2.44,1.50
2018.05.09 11:26:40.103,1.82144,1.82174,2.06,1.50
2018.05.09 11:26:40.498,1.82148,1.82174,1.00,1.50
2018.05.09 11:26:41.011,1.82149,1.82174,1.00,1.50
2018.05.09 11:26:41.361,1.82164,1.82184,1.00,1.00
2018.05.09 11:26:41.464,1.82165,1.82191,1.25,1.00
2018.05.09 11:26:43.194,1.82167,1.82193,1.00,1.50
2018.05.09 11:26:43.734,1.82166,1.82192,1.00,1.00
2018.05.09 11:26:46.883,1.82174,1.82194,1.00,1.25
2018.05.09 11:26:46.934,1.82175,1.82202,1.94,1.00
2018.05.09 11:26:46.985,1.8218,1.82204,2.06,1.00
2018.05.09 11:26:47.087,1.82182,1.82207,1.00,1.00
2018.05.09 11:26:47.138,1.82187,1.82208,1.56,1.00
2018.05.09 11:26:47.189,1.82193,1.82216,1.69,1.00
2018.05.09 11:26:47.241,1.82202,1.82218,2.19,1.00
2018.05.09 11:26:47.398,1.82214,1.82233,1.00,1.37
2018.05.09 11:26:47.450,1.82214,1.8223,1.00,1.50
2018.05.09 11:26:47.501,1.82205,1.82228,1.00,1.00
2018.05.09 11:26:47.637,1.82201,1.82229,1.00,2.62
2018.05.09 11:26:47.688,1.82204,1.82229,1.00,1.12
2018.05.09 11:26:47.999,1.82205,1.82233,1.50,1.00
2018.05.09 11:26:48.051,1.82205,1.82235,1.50,2.25
2018.05.09 11:26:48.102,1.82212,1.82235,1.00,1.00
2018.05.09 11:26:48.183,1.8221,1.82235,1.00,1.00
2018.05.09 11:26:48.235,1.82213,1.82235,1.00,1.00
2018.05.09 11:26:48.388,1.82221,1.82246,1.00,1.00
2018.05.09 11:26:48.439,1.82221,1.82249,1.00,3.00
2018.05.09 11:26:48.974,1.82222,1.82253,1.00,1.92
2018.05.09 11:26:49.178,1.82224,1.82253,1.00,1.24
2018.05.09 11:26:49.721,1.82225,1.82254,1.00,3.11
2018.05.09 11:26:50.013,1.8223,1.82258,1.31,1.42
2018.05.09 11:26:50.064,1.82238,1.82262,1.00,1.00
2018.05.09 11:26:50.373,1.82238,1.82258,1.00,1.00
2018.05.09 11:26:50.733,1.82237,1.82257,1.00,1.31
2018.05.09 11:26:50.832,1.82224,1.82249,1.12,1.25
2018.05.09 11:26:50.885,1.8222,1.82248,1.00,2.74
2018.05.09 11:26:50.987,1.82219,1.82244,1.00,1.00
2018.05.09 11:26:51.089,1.82213,1.82242,1.00,1.80
2018.05.09 11:26:51.767,1.82215,1.82241,1.00,1.42
2018.05.09 11:26:52.791,1.82216,1.82241,1.00,1.00
2018.05.09 11:26:52.893,1.82213,1.82241,1.00,1.00
2018.05.09 11:26:53.167,1.82211,1.82241,1.00,1.67
2018.05.09 11:26:53.567,1.82209,1.82241,1.19,1.80
2018.05.09 11:26:54.077,1.82209,1.82241,1.00,1.67
2018.05.09 11:26:55.316,1.8221,1.82241,1.00,2.17
2018.05.09 11:26:55.367,1.8221,1.82236,1.00,2.17
2018.05.09 11:26:55.476,1.82206,1.82236,1.25,2.17
2018.05.09 11:26:55.681,1.82209,1.82235,1.00,1.00
2018.05.09 11:26:56.212,1.82209,1.82235,1.00,1.37
2018.05.09 11:26:56.264,1.82203,1.82232,2.06,2.17
2018.05.09 11:26:56.380,1.8221,1.82237,1.00,1.42
2018.05.09 11:26:56.432,1.8221,1.82234,1.00,1.37
2018.05.09 11:26:56.484,1.82205,1.82232,1.00,1.05
2018.05.09 11:26:56.897,1.82206,1.82234,1.00,2.17
2018.05.09 11:26:57.400,1.82205,1.82234,1.00,1.50
2018.05.09 11:26:57.923,1.82205,1.82234,1.00,1.87
2018.05.09 11:26:58.173,1.82211,1.82238,1.25,1.25
2018.05.09 11:26:58.326,1.82215,1.82244,1.50,1.12
2018.05.09 11:26:58.407,1.82215,1.82244,1.50,1.37
2018.05.09 11:26:58.836,1.82218,1.82244,1.00,1.37
2018.05.09 11:26:59.384,1.82218,1.82244,1.00,1.37
2018.05.09 11:26:59.589,1.82211,1.82237,1.00,1.37
2018.05.09 11:27:00.101,1.82211,1.82238,1.00,3.37
2018.05.09 11:27:00.478,1.8221,1.82237,1.00,1.12
2018.05.09 11:27:00.779,1.82212,1.82237,1.00,1.00
2018.05.09 11:27:01.191,1.82202,1.82232,2.06,1.50
2018.05.09 11:27:01.243,1.82204,1.82232,1.38,1.00
2018.05.09 11:27:01.295,1.82205,1.82234,1.00,1.00
2018.05.09 11:27:01.346,1.82204,1.82232,2.25,1.00
2018.05.09 11:27:01.663,1.82219,1.82235,1.88,1.00
2018.05.09 11:27:01.816,1.82223,1.82239,1.00,1.00
2018.05.09 11:27:01.918,1.82223,1.82236,1.00,1.00
2018.05.09 11:27:02.275,1.82241,1.82256,1.00,1.00
2018.05.09 11:27:02.327,1.82241,1.82257,1.50,1.00
2018.05.09 11:27:02.430,1.82244,1.82272,1.00,1.00
2018.05.09 11:27:02.483,1.82243,1.82274,1.00,7.50
2018.05.09 11:27:02.689,1.82242,1.82271,1.00,1.00
2018.05.09 11:27:03.021,1.82243,1.82257,1.00,1.00
2018.05.09 11:27:03.177,1.82242,1.82261,1.50,1.00
2018.05.09 11:27:03.281,1.82242,1.82257,1.00,1.00
2018.05.09 11:27:03.488,1.82238,1.8226,1.00,1.00
2018.05.09 11:27:03.541,1.82238,1.82257,1.00,1.00
2018.05.09 11:27:03.593,1.82232,1.8226,2.25,1.50
2018.05.09 11:27:03.915,1.82226,1.82251,1.00,1.00
2018.05.09 11:27:03.966,1.8222,1.8225,1.88,1.31
2018.05.09 11:27:04.018,1.8222,1.82248,1.00,1.31
2018.05.09 11:27:04.329,1.82228,1.82252,1.00,1.00
2018.05.09 11:27:04.381,1.82228,1.82254,1.00,1.50
2018.05.09 11:27:04.433,1.82228,1.82254,2.44,1.00
2018.05.09 11:27:04.537,1.82235,1.82258,1.00,1.00
2018.05.09 11:27:04.589,1.82237,1.82258,1.00,1.00
2018.05.09 11:27:04.640,1.82237,1.82262,1.00,1.00
2018.05.09 11:27:04.733,1.82241,1.82261,1.00,1.00
2018.05.09 11:27:04.834,1.82241,1.82266,1.00,1.56
2018.05.09 11:27:05.198,1.82239,1.82264,1.00,1.00
2018.05.09 11:27:05.725,1.82239,1.82265,1.00,1.31
2018.05.09 11:27:05.776,1.82237,1.82265,1.00,1.56
2018.05.09 11:27:05.928,1.82237,1.82265,1.00,2.81
2018.05.09 11:27:06.275,1.82234,1.82259,1.00,1.31
2018.05.09 11:27:06.784,1.82235,1.82259,1.00,1.25
2018.05.09 11:27:06.890,1.82233,1.82259,1.00,1.25
2018.05.09 11:27:07.195,1.82233,1.82259,1.00,1.56
2018.05.09 11:27:08.106,1.82236,1.82259,1.00,1.56
2018.05.09 11:27:08.261,1.82233,1.8226,1.00,2.81
2018.05.09 11:27:08.517,1.82233,1.82255,1.00,1.00
2018.05.09 11:27:08.780,1.82231,1.82255,1.00,1.00
2018.05.09 11:27:09.293,1.82231,1.82256,1.25,1.50
2018.05.09 11:27:09.917,1.82231,1.82255,1.25,1.00
2018.05.09 11:27:10.431,1.8223,1.82255,1.25,1.00
2018.05.09 11:27:10.482,1.82234,1.82259,1.25,1.25
2018.05.09 11:27:10.596,1.82238,1.82266,1.00,1.50
2018.05.09 11:27:10.647,1.82238,1.82265,1.00,1.44
2018.05.09 11:27:10.698,1.82233,1.82262,1.69,1.00
2018.05.09 11:27:10.902,1.82233,1.82248,1.00,1.00
2018.05.09 11:27:11.004,1.82229,1.82251,1.00,1.50
2018.05.09 11:27:11.056,1.8223,1.82247,1.50,1.00
2018.05.09 11:27:11.336,1.82227,1.82247,1.00,1.00
2018.05.09 11:27:11.388,1.82223,1.82247,1.38,1.00
2018.05.09 11:27:11.593,1.82225,1.82253,1.00,1.00
2018.05.09 11:27:11.645,1.82229,1.82254,1.81,1.50
2018.05.09 11:27:11.901,1.82234,1.82259,1.87,1.00
2018.05.09 11:27:11.953,1.82234,1.82262,1.87,1.00
2018.05.09 11:27:12.130,1.82235,1.82263,1.63,1.69
2018.05.09 11:27:12.539,1.82237,1.82265,1.12,1.00
2018.05.09 11:27:12.591,1.82237,1.82263,1.00,1.00
2018.05.09 11:27:12.693,1.82235,1.82263,1.12,1.00
2018.05.09 11:27:12.957,1.82235,1.82264,2.06,1.50
2018.05.09 11:27:13.484,1.82237,1.82264,2.06,2.25
2018.05.09 11:27:14.015,1.82238,1.82263,1.12,1.00
2018.05.09 11:27:14.649,1.82238,1.82264,1.00,1.87
2018.05.09 11:27:14.956,1.82234,1.82258,1.00,1.00
2018.05.09 11:27:15.110,1.82231,1.82259,1.00,1.50
2018.05.09 11:27:15.729,1.82231,1.82258,1.00,1.00
2018.05.09 11:27:16.191,1.82229,1.82254,1.00,1.50
2018.05.09 11:27:16.402,1.82226,1.82254,1.00,1.50
2018.05.09 11:27:16.662,1.82225,1.82251,1.00,1.00
2018.05.09 11:27:16.868,1.82225,1.82253,1.00,1.00
2018.05.09 11:27:17.413,1.82225,1.82253,1.38,1.00
2018.05.09 11:27:17.936,1.82225,1.82254,1.00,1.50
2018.05.09 11:27:18.595,1.82225,1.82254,1.00,3.19
2018.05.09 11:27:18.904,1.82223,1.82235,1.00,1.00
2018.05.09 11:27:19.028,1.8221,1.82235,1.00,1.00
2018.05.09 11:27:19.582,1.82211,1.82236,1.00,1.00
2018.05.09 11:27:20.943,1.82211,1.8224,1.25,1.31
2018.05.09 11:27:20.994,1.82211,1.8224,1.50,1.00
2018.05.09 11:27:21.327,1.82217,1.82241,1.00,1.00
2018.05.09 11:27:21.965,1.82215,1.82241,1.00,1.00
2018.05.09 11:27:22.460,1.82216,1.82243,1.31,1.00
2018.05.09 11:27:22.562,1.82216,1.82244,1.00,1.19
2018.05.09 11:27:22.868,1.82218,1.82246,1.00,1.50
2018.05.09 11:27:23.396,1.82217,1.82246,1.00,1.38
2018.05.09 11:27:23.918,1.82217,1.82247,1.69,1.75
2018.05.09 11:27:24.180,1.82217,1.82247,1.25,1.31
2018.05.09 11:27:24.283,1.82217,1.82247,1.25,1.31
2018.05.09 11:27:24.687,1.82217,1.82247,1.50,1.88
2018.05.09 11:27:24.739,1.82217,1.82247,1.00,1.31
2018.05.09 11:27:25.262,1.82217,1.82246,1.50,1.00
2018.05.09 11:27:25.845,1.82217,1.82247,1.00,1.25
2018.05.09 11:27:26.700,1.82217,1.82247,1.00,1.75
2018.05.09 11:27:27.103,1.82215,1.82241,1.19,1.00
2018.05.09 11:27:27.547,1.82219,1.82244,1.75,1.25
2018.05.09 11:27:27.598,1.82227,1.8225,1.00,1.00
2018.05.09 11:27:27.701,1.82232,1.82254,1.75,1.50
2018.05.09 11:27:27.752,1.82233,1.82258,1.31,1.00
2018.05.09 11:27:27.804,1.82239,1.82258,1.75,1.00
2018.05.09 11:27:27.855,1.82239,1.82262,1.00,1.00
2018.05.09 11:27:27.907,1.82238,1.8226,1.00,1.00
2018.05.09 11:27:28.009,1.82232,1.82263,1.50,1.75
2018.05.09 11:27:28.060,1.82237,1.82259,1.00,2.63
2018.05.09 11:27:28.163,1.8223,1.82254,1.00,1.00
2018.05.09 11:27:28.235,1.82229,1.82254,1.00,1.37
2018.05.09 11:27:28.648,1.82232,1.82254,1.00,1.87
2018.05.09 11:27:28.750,1.82229,1.82254,1.00,2.06
2018.05.09 11:27:28.801,1.82224,1.82254,1.00,2.06
2018.05.09 11:27:28.953,1.82221,1.82254,1.63,2.06
2018.05.09 11:27:29.004,1.82221,1.82254,2.06,2.06
2018.05.09 11:27:29.157,1.82221,1.82254,1.38,2.06
2018.05.09 11:27:29.297,1.82221,1.82254,2.06,2.06
2018.05.09 11:27:29.467,1.82221,1.82254,1.63,2.06
2018.05.09 11:27:29.527,1.82221,1.82254,3.19,2.06
2018.05.09 11:27:30.050,1.82221,1.82254,3.19,2.06
2018.05.09 11:27:30.362,1.82222,1.82253,1.88,1.56
2018.05.09 11:27:30.880,1.82228,1.82254,1.19,1.00
2018.05.09 11:27:30.982,1.8223,1.82259,1.00,1.69
2018.05.09 11:27:31.084,1.8223,1.82259,1.00,1.94
2018.05.09 11:27:31.186,1.82228,1.82258,1.00,1.13
2018.05.09 11:27:31.582,1.82228,1.82253,1.00,1.00
2018.05.09 11:27:32.102,1.82227,1.82253,1.00,1.00
2018.05.09 11:27:32.639,1.82227,1.82254,1.00,1.00
2018.05.09 11:27:33.328,1.82227,1.82256,1.50,1.50
2018.05.09 11:27:33.379,1.82228,1.82256,1.69,1.00
2018.05.09 11:27:33.482,1.82227,1.82258,1.50,1.56
2018.05.09 11:27:33.533,1.82229,1.82255,1.56,1.00
2018.05.09 11:27:33.636,1.82233,1.82261,1.81,1.00
2018.05.09 11:27:33.688,1.82235,1.82263,1.00,1.13
2018.05.09 11:27:33.790,1.82232,1.82263,1.44,1.50
2018.05.09 11:27:33.841,1.8223,1.82259,1.75,1.00
2018.05.09 11:27:34.370,1.82234,1.82259,1.25,1.00
2018.05.09 11:27:34.911,1.82234,1.8226,1.00,1.00
2018.05.09 11:27:35.119,1.82232,1.82262,1.50,1.25
2018.05.09 11:27:35.296,1.82233,1.8226,1.44,1.00
2018.05.09 11:27:35.604,1.82239,1.82264,1.69,1.00
2018.05.09 11:27:35.910,1.82239,1.82264,1.31,1.00
2018.05.09 11:27:36.114,1.82239,1.82268,1.56,1.31
2018.05.09 11:27:36.268,1.82239,1.82263,1.56,1.00
2018.05.09 11:27:36.421,1.82236,1.82263,1.75,1.00
2018.05.09 11:27:36.523,1.82236,1.82262,1.31,1.00
2018.05.09 11:27:37.044,1.82235,1.82261,1.69,1.00
2018.05.09 11:27:37.644,1.82235,1.82261,1.31,1.00
2018.05.09 11:27:38.180,1.82235,1.8226,2.44,1.00
2018.05.09 11:27:38.541,1.82232,1.8226,2.00,1.00
2018.05.09 11:27:38.700,1.82232,1.82259,1.13,1.00
2018.05.09 11:27:38.804,1.82232,1.82256,1.31,1.00
2018.05.09 11:27:38.961,1.82232,1.82256,1.31,1.00
2018.05.09 11:27:39.962,1.82232,1.82256,1.50,1.00
2018.05.09 11:27:40.493,1.82234,1.82256,1.00,1.00
2018.05.09 11:27:40.996,1.82229,1.82253,1.75,1.00
2018.05.09 11:27:41.281,1.82229,1.82255,2.00,1.00
2018.05.09 11:27:41.792,1.82231,1.82256,1.25,1.00
2018.05.09 11:27:42.033,1.82231,1.82256,1.13,1.00
2018.05.09 11:27:42.084,1.82234,1.8226,1.63,1.00
2018.05.09 11:27:42.615,1.82235,1.8226,1.63,1.00
2018.05.09 11:27:43.216,1.82234,1.8226,1.37,1.00
2018.05.09 11:27:43.318,1.82233,1.8226,1.37,1.00
2018.05.09 11:27:43.590,1.82232,1.82259,2.25,1.69
2018.05.09 11:27:43.692,1.82232,1.82257,1.31,1.00
2018.05.09 11:27:44.309,1.82231,1.82257,1.00,1.00
2018.05.09 11:27:44.723,1.8223,1.82254,1.00,2.06
2018.05.09 11:27:45.013,1.82213,1.8224,1.38,1.00
2018.05.09 11:27:45.526,1.82212,1.82239,1.56,1.00
2018.05.09 11:27:45.629,1.82212,1.82239,2.06,1.00
2018.05.09 11:27:45.781,1.82213,1.82239,1.31,1.00
2018.05.09 11:27:46.213,1.82215,1.82239,1.31,1.00
2018.05.09 11:27:46.264,1.82214,1.82239,1.31,1.00
2018.05.09 11:27:46.812,1.82211,1.82238,1.63,1.00
2018.05.09 11:27:46.864,1.82211,1.82238,1.38,1.00
2018.05.09 11:27:46.967,1.82212,1.82236,1.44,1.00
2018.05.09 11:27:47.590,1.8221,1.82239,1.75,1.00
2018.05.09 11:27:48.137,1.8221,1.82239,1.94,1.00
2018.05.09 11:27:48.496,1.8221,1.82239,2.25,1.00
2018.05.09 11:27:48.621,1.82211,1.82239,1.75,1.00
2018.05.09 11:27:49.166,1.8221,1.82238,2.06,1.00
2018.05.09 11:27:49.425,1.82213,1.82239,1.38,1.00
2018.05.09 11:27:49.945,1.82214,1.82239,1.13,1.00
2018.05.09 11:27:50.357,1.82214,1.82237,1.00,1.00
2018.05.09 11:27:50.864,1.82215,1.82237,1.00,1.00
2018.05.09 11:27:51.321,1.82212,1.82237,1.69,1.00
2018.05.09 11:27:51.871,1.82213,1.82237,1.50,1.00
2018.05.09 11:27:52.373,1.82213,1.82235,1.00,1.00
2018.05.09 11:27:52.475,1.82216,1.82239,1.13,1.00
2018.05.09 11:27:52.526,1.82217,1.82242,1.88,1.00
2018.05.09 11:27:52.578,1.82218,1.82246,1.38,1.00
2018.05.09 11:27:52.628,1.82218,1.82246,1.88,1.00
2018.05.09 11:27:52.929,1.82227,1.82249,2.25,1.00
2018.05.09 11:27:52.980,1.82227,1.82253,2.25,1.50
2018.05.09 11:27:53.184,1.82227,1.82253,2.25,1.00
2018.05.09 11:27:53.388,1.82228,1.82255,1.56,1.00
2018.05.09 11:27:53.705,1.82228,1.82253,1.56,1.00
2018.05.09 11:27:54.010,1.82227,1.82251,2.06,1.00
2018.05.09 11:27:54.062,1.82227,1.82251,2.25,1.00
2018.05.09 11:27:54.340,1.82227,1.82251,1.50,1.00
2018.05.09 11:27:54.391,1.82226,1.82245,1.00,1.00
2018.05.09 11:27:54.700,1.82226,1.82237,1.31,1.00
2018.05.09 11:27:54.805,1.82229,1.82248,1.31,1.00
2018.05.09 11:27:54.908,1.8223,1.82253,2.25,1.50
2018.05.09 11:27:54.960,1.82239,1.82252,1.00,1.00
2018.05.09 11:27:55.154,1.82239,1.82256,1.62,1.00
2018.05.09 11:27:55.205,1.82239,1.82258,1.62,1.00
2018.05.09 11:27:55.308,1.82239,1.82261,1.19,1.50
2018.05.09 11:27:55.359,1.82239,1.82263,1.00,1.00
2018.05.09 11:27:55.666,1.82236,1.82262,1.56,1.00
2018.05.09 11:27:55.931,1.82234,1.82258,1.00,1.00
2018.05.09 11:27:56.239,1.82227,1.82249,1.00,1.00
2018.05.09 11:27:56.291,1.82224,1.82249,1.00,1.00
2018.05.09 11:27:56.394,1.82232,1.82248,1.00,1.00
2018.05.09 11:27:56.572,1.82224,1.82248,1.50,1.00
2018.05.09 11:27:56.776,1.8222,1.82243,1.00,1.00
2018.05.09 11:27:57.287,1.82219,1.82241,1.87,1.00
2018.05.09 11:27:57.492,1.82222,1.82244,1.56,1.00
2018.05.09 11:27:57.661,1.82224,1.82246,1.31,1.00
2018.05.09 11:27:58.161,1.82224,1.82251,1.12,1.00
2018.05.09 11:27:58.264,1.82227,1.82252,1.00,1.00
2018.05.09 11:27:58.595,1.82227,1.82248,1.00,1.50
2018.05.09 11:27:58.800,1.82223,1.82247,1.00,1.00
2018.05.09 11:27:59.313,1.82224,1.82247,1.25,1.00
2018.05.09 11:27:59.415,1.82227,1.82249,1.00,1.00
2018.05.09 11:27:59.467,1.82226,1.82252,1.00,1.00
2018.05.09 11:27:59.519,1.82227,1.8225,1.00,1.00
2018.05.09 11:27:59.855,1.82226,1.82244,1.00,1.00
2018.05.09 11:27:59.910,1.8222,1.82244,1.00,1.00
2018.05.09 11:28:00.067,1.82222,1.82244,1.00,1.00
2018.05.09 11:28:00.171,1.82219,1.82245,1.50,1.00
2018.05.09 11:28:00.417,1.82219,1.82244,1.56,1.00
2018.05.09 11:28:00.944,1.82221,1.82244,1.25,1.00
2018.05.09 11:28:01.303,1.82226,1.82252,1.19,1.00
2018.05.09 11:28:01.354,1.82225,1.82249,1.00,1.00
2018.05.09 11:28:01.659,1.82226,1.82245,1.00,1.00
2018.05.09 11:28:01.711,1.82223,1.82245,1.31,1.00
2018.05.09 11:28:01.814,1.82225,1.82242,1.00,1.00
2018.05.09 11:28:02.580,1.82221,1.82242,1.62,1.00
2018.05.09 11:28:02.941,1.82223,1.82242,1.19,1.00
2018.05.09 11:28:03.262,1.82232,1.82245,1.00,1.00
2018.05.09 11:28:03.461,1.82227,1.82245,2.06,1.00
2018.05.09 11:28:03.736,1.82226,1.8225,3.00,1.00
2018.05.09 11:28:04.859,1.82231,1.8225,1.00,1.00
2018.05.09 11:28:05.405,1.82232,1.8225,1.00,1.00
2018.05.09 11:28:05.963,1.82228,1.8225,1.50,1.00
2018.05.09 11:28:07.243,1.82228,1.8225,1.25,1.00
2018.05.09 11:28:07.738,1.82228,1.82248,1.00,1.00
2018.05.09 11:28:07.790,1.82224,1.82245,1.50,1.00
2018.05.09 11:28:07.912,1.82224,1.82243,1.00,1.00
2018.05.09 11:28:08.065,1.8222,1.82243,1.00,1.00
2018.05.09 11:28:08.290,1.82222,1.82243,1.00,1.00
2018.05.09 11:28:08.671,1.82224,1.82247,1.56,1.00
2018.05.09 11:28:09.492,1.82226,1.82247,1.19,1.00
2018.05.09 11:28:10.099,1.82223,1.82247,1.69,1.00
2018.05.09 11:28:10.252,1.82224,1.82247,1.56,1.00
2018.05.09 11:28:10.558,1.82229,1.82249,1.00,1.00
2018.05.09 11:28:10.608,1.82226,1.82249,1.00,1.00
2018.05.09 11:28:10.892,1.82229,1.82251,1.56,1.00
2018.05.09 11:28:11.197,1.82238,1.82257,1.00,1.00
2018.05.09 11:28:11.807,1.82235,1.82257,1.62,1.00
2018.05.09 11:28:12.061,1.82234,1.82257,2.06,1.00
2018.05.09 11:28:12.315,1.82229,1.82254,1.00,1.00
2018.05.09 11:28:12.367,1.82226,1.82251,1.50,1.00
2018.05.09 11:28:12.685,1.82225,1.82246,1.50,1.00
2018.05.09 11:28:12.890,1.82221,1.82246,2.06,1.00
2018.05.09 11:28:13.044,1.82218,1.82245,1.75,1.00
2018.05.09 11:28:13.095,1.82218,1.82245,1.75,1.00
2018.05.09 11:28:13.147,1.82219,1.82245,1.50,1.00
2018.05.09 11:28:13.648,1.82219,1.82245,1.88,1.00
2018.05.09 11:28:13.700,1.8222,1.82248,1.38,1.50
2018.05.09 11:28:13.766,1.82219,1.82242,1.88,1.00
2018.05.09 11:28:13.817,1.82219,1.82242,1.13,1.00
2018.05.09 11:28:14.354,1.82218,1.82242,1.25,1.00
2018.05.09 11:28:14.869,1.82217,1.82244,1.69,1.50
2018.05.09 11:28:15.174,1.82217,1.82244,2.25,1.50
2018.05.09 11:28:15.774,1.8222,1.82244,1.25,1.50
2018.05.09 11:28:16.297,1.8222,1.82244,1.44,1.50
2018.05.09 11:28:16.836,1.8222,1.82243,1.25,1.00
2018.05.09 11:28:16.888,1.82217,1.82243,1.25,1.00
2018.05.09 11:28:16.991,1.82214,1.82239,1.19,1.50
2018.05.09 11:28:17.299,1.82208,1.82228,1.50,1.31
2018.05.09 11:28:17.631,1.82208,1.82222,1.00,1.50
2018.05.09 11:28:17.683,1.82205,1.82222,1.00,1.50
2018.05.09 11:28:17.786,1.82203,1.82219,1.00,1.00
2018.05.09 11:28:17.889,1.82199,1.82219,1.25,1.00
2018.05.09 11:28:18.195,1.82194,1.82219,1.13,1.00
2018.05.09 11:28:18.509,1.82196,1.8222,2.06,1.00
2018.05.09 11:28:19.121,1.82202,1.8222,1.13,1.00
2018.05.09 11:28:19.434,1.82222,1.82235,1.62,1.00
2018.05.09 11:28:19.947,1.82223,1.82243,1.31,1.00
2018.05.09 11:28:20.049,1.82222,1.82245,1.25,1.00
2018.05.09 11:28:20.204,1.82223,1.82242,1.25,1.00
2018.05.09 11:28:20.256,1.82217,1.82241,1.00,1.62
2018.05.09 11:28:20.307,1.82216,1.82234,1.00,1.00
2018.05.09 11:28:20.564,1.82206,1.8223,1.38,1.00
2018.05.09 11:28:20.616,1.82206,1.82233,1.88,1.50
2018.05.09 11:28:20.670,1.82211,1.82231,1.75,1.00
2018.05.09 11:28:20.885,1.82233,1.82255,1.19,1.00
2018.05.09 11:28:20.937,1.82238,1.82256,1.00,1.00
2018.05.09 11:28:20.988,1.82235,1.82256,1.00,1.00
2018.05.09 11:28:21.109,1.82236,1.82248,1.00,1.00
2018.05.09 11:28:21.213,1.82239,1.82261,1.00,1.00
2018.05.09 11:28:21.264,1.82236,1.82259,1.00,1.00
2018.05.09 11:28:21.316,1.82235,1.82257,1.00,1.00
2018.05.09 11:28:21.368,1.82233,1.82259,1.37,1.00
2018.05.09 11:28:21.471,1.82235,1.82256,1.56,1.00
2018.05.09 11:28:21.804,1.82237,1.82256,1.56,1.00
2018.05.09 11:28:21.961,1.82238,1.82263,2.44,1.50
2018.05.09 11:28:22.541,1.82238,1.82263,2.44,1.00
2018.05.09 11:28:22.703,1.82239,1.82263,1.56,1.00
2018.05.09 11:28:22.754,1.8224,1.82263,1.56,1.00
2018.05.09 11:28:22.857,1.82239,1.82263,1.62,1.00
2018.05.09 11:28:23.022,1.82239,1.82263,2.06,1.00
2018.05.09 11:28:23.124,1.82239,1.82263,1.62,1.00
2018.05.09 11:28:23.281,1.82238,1.82261,2.25,1.00
2018.05.09 11:28:23.649,1.82235,1.8226,1.00,1.00
2018.05.09 11:28:23.700,1.82232,1.82255,1.00,1.00
2018.05.09 11:28:23.752,1.82226,1.82254,1.50,1.69
2018.05.09 11:28:23.803,1.82222,1.82248,1.31,1.00
2018.05.09 11:28:23.854,1.8222,1.82248,1.31,1.50
2018.05.09 11:28:23.906,1.82218,1.82243,1.19,1.00
2018.05.09 11:28:23.957,1.82218,1.82243,1.25,1.00
2018.05.09 11:28:24.109,1.82218,1.82241,1.25,1.00
2018.05.09 11:28:24.414,1.82218,1.82241,1.88,1.00
2018.05.09 11:28:24.815,1.82223,1.82241,1.12,1.00
2018.05.09 11:28:25.122,1.82224,1.8224,1.13,1.00
2018.05.09 11:28:25.174,1.82227,1.82245,1.00,1.00
2018.05.09 11:28:25.277,1.82226,1.82242,1.00,1.00
2018.05.09 11:28:25.331,1.82222,1.82242,1.56,1.00
2018.05.09 11:28:25.383,1.82226,1.82244,1.25,1.00
2018.05.09 11:28:25.912,1.82225,1.82245,1.38,1.00
2018.05.09 11:28:26.225,1.82221,1.82246,1.00,1.50
2018.05.09 11:28:26.276,1.82221,1.82241,1.00,1.25
2018.05.09 11:28:26.613,1.82216,1.82235,1.13,1.00
2018.05.09 11:28:26.868,1.8222,1.82242,1.75,1.00
2018.05.09 11:28:26.919,1.82227,1.82245,1.00,1.00
2018.05.09 11:28:26.971,1.82227,1.8225,1.00,1.00
2018.05.09 11:28:27.175,1.82227,1.8225,2.06,1.00
2018.05.09 11:28:27.703,1.82231,1.82251,1.00,1.00
2018.05.09 11:28:28.213,1.82231,1.82253,1.50,1.00
2018.05.09 11:28:28.886,1.82232,1.82253,1.00,1.00
2018.05.09 11:28:29.400,1.8223,1.82246,1.00,1.00
2018.05.09 11:28:29.452,1.82223,1.82246,1.00,1.00
2018.05.09 11:28:29.503,1.82222,1.82244,1.00,1.00
2018.05.09 11:28:29.554,1.82219,1.82244,1.00,1.00
2018.05.09 11:28:29.606,1.82218,1.82242,2.44,1.00
2018.05.09 11:28:30.140,1.82219,1.82242,1.25,1.00
2018.05.09 11:28:30.446,1.82219,1.82242,1.56,1.00
2018.05.09 11:28:30.663,1.82219,1.8224,1.25,1.00
2018.05.09 11:28:30.766,1.82219,1.82238,1.00,1.00
2018.05.09 11:28:30.955,1.82212,1.82233,1.00,1.00
2018.05.09 11:28:31.160,1.82212,1.82231,1.31,1.00
2018.05.09 11:28:31.548,1.82213,1.82231,1.56,1.00
2018.05.09 11:28:31.702,1.8222,1.82236,1.69,1.00
2018.05.09 11:28:31.805,1.8222,1.82239,1.25,1.00
2018.05.09 11:28:31.958,1.8222,1.82239,1.38,1.00
2018.05.09 11:28:32.284,1.82219,1.82243,2.25,1.00
2018.05.09 11:28:32.489,1.8223,1.82251,1.56,1.00
2018.05.09 11:28:32.591,1.8223,1.82251,2.25,1.00
2018.05.09 11:28:32.642,1.82228,1.82251,1.00,1.00
2018.05.09 11:28:32.694,1.82226,1.82246,1.00,1.00
2018.05.09 11:28:33.020,1.82223,1.82242,1.50,1.00
2018.05.09 11:28:33.815,1.82223,1.82242,1.69,1.00
2018.05.09 11:28:34.130,1.82224,1.82239,1.00,1.00
2018.05.09 11:28:34.668,1.82224,1.82242,1.00,1.00
2018.05.09 11:28:35.190,1.82223,1.82241,1.00,1.00
2018.05.09 11:28:35.698,1.82224,1.82247,1.25,1.00
2018.05.09 11:28:35.749,1.82225,1.82247,1.88,1.00
2018.05.09 11:28:35.899,1.82229,1.82253,1.00,1.00
2018.05.09 11:28:35.951,1.82226,1.82249,1.00,1.00
2018.05.09 11:28:36.272,1.82226,1.82242,1.00,1.00
2018.05.09 11:28:36.427,1.8222,1.82242,2.25,1.00
2018.05.09 11:28:36.479,1.82222,1.82242,1.00,1.00
2018.05.09 11:28:37.253,1.82222,1.82242,1.38,1.00
2018.05.09 11:28:37.835,1.82221,1.82242,1.75,1.00
2018.05.09 11:28:37.988,1.8222,1.82242,1.00,1.00
2018.05.09 11:28:38.040,1.82218,1.82242,1.00,1.44
2018.05.09 11:28:38.091,1.82213,1.82235,1.00,1.00
2018.05.09 11:28:38.143,1.82211,1.82235,1.00,1.25
2018.05.09 11:28:38.194,1.82209,1.82227,1.50,1.00
2018.05.09 11:28:38.408,1.82204,1.82226,1.50,1.00
2018.05.09 11:28:38.663,1.82206,1.82227,1.00,1.00
2018.05.09 11:28:38.818,1.82201,1.82225,1.00,1.00
2018.05.09 11:28:38.973,1.822,1.82223,2.62,1.00
2018.05.09 11:28:39.293,1.822,1.82223,2.81,1.00
2018.05.09 11:28:39.581,1.8221,1.82231,1.00,1.00
2018.05.09 11:28:39.633,1.82208,1.82231,1.00,1.00
2018.05.09 11:28:39.684,1.82208,1.82229,1.56,1.00
2018.05.09 11:28:39.735,1.82209,1.82229,1.31,1.00
2018.05.09 11:28:39.888,1.82204,1.82227,3.00,1.00
2018.05.09 11:28:40.092,1.82203,1.82227,1.81,1.00
2018.05.09 11:28:40.327,1.82211,1.82226,1.00,1.00
2018.05.09 11:28:40.379,1.82206,1.82224,1.00,1.00
2018.05.09 11:28:40.891,1.82207,1.82222,1.00,1.00
2018.05.09 11:28:40.994,1.82201,1.82221,1.69,1.00
2018.05.09 11:28:41.097,1.82201,1.82221,2.81,1.00
2018.05.09 11:28:41.424,1.82201,1.82221,2.44,1.00
2018.05.09 11:28:41.475,1.82198,1.82217,1.00,1.00
2018.05.09 11:28:41.781,1.82203,1.82217,2.25,1.00
2018.05.09 11:28:42.300,1.82203,1.82216,1.50,1.00
2018.05.09 11:28:42.453,1.82195,1.82209,1.50,1.00
2018.05.09 11:28:43.077,1.82195,1.82211,1.50,1.00
2018.05.09 11:28:43.385,1.82195,1.82208,1.00,1.00
2018.05.09 11:28:43.488,1.82193,1.82208,1.00,1.00
2018.05.09 11:28:43.591,1.82192,1.8221,1.50,1.00
2018.05.09 11:28:44.274,1.82193,1.8221,1.00,1.00
2018.05.09 11:28:44.803,1.82193,1.82208,1.00,1.00
2018.05.09 11:28:45.074,1.82189,1.82208,1.00,1.00
2018.05.09 11:28:45.127,1.82187,1.82206,1.31,1.00
2018.05.09 11:28:45.434,1.82183,1.82204,1.31,1.00
2018.05.09 11:28:45.536,1.82185,1.82204,1.56,1.00
2018.05.09 11:28:45.588,1.82185,1.82204,1.00,1.00
2018.05.09 11:28:45.691,1.82186,1.82202,1.00,1.00
2018.05.09 11:28:46.201,1.82187,1.82202,1.00,1.00
2018.05.09 11:28:46.506,1.8219,1.82205,1.00,1.00
2018.05.09 11:28:47.163,1.8219,1.82206,1.00,1.00
2018.05.09 11:28:47.215,1.82184,1.82206,1.88,1.00
2018.05.09 11:28:47.317,1.82186,1.82205,1.00,1.00
2018.05.09 11:28:47.983,1.82187,1.82205,1.00,1.00
2018.05.09 11:28:48.181,1.82187,1.82214,1.00,1.38
2018.05.09 11:28:48.233,1.82187,1.82215,1.00,1.38
2018.05.09 11:28:48.335,1.82187,1.82214,1.00,1.38
2018.05.09 11:28:48.538,1.82188,1.82214,1.00,1.44
2018.05.09 11:28:48.691,1.82187,1.82214,1.00,1.38
2018.05.09 11:28:48.999,1.82173,1.82191,1.12,1.00
2018.05.09 11:28:49.183,1.82171,1.82191,1.00,1.00
2018.05.09 11:28:49.644,1.82169,1.82191,2.25,1.00
2018.05.09 11:28:49.901,1.82167,1.82189,1.00,1.00
2018.05.09 11:28:50.073,1.82167,1.82181,1.00,1.00
2018.05.09 11:28:50.230,1.82162,1.82181,1.44,1.00
2018.05.09 11:28:50.385,1.82162,1.82178,1.38,1.00
2018.05.09 11:28:50.902,1.82162,1.82178,1.00,1.00
2018.05.09 11:28:51.135,1.82156,1.82178,1.31,1.00
2018.05.09 11:28:51.289,1.82156,1.82175,1.00,1.00
2018.05.09 11:28:51.889,1.82161,1.82175,1.00,1.00
2018.05.09 11:28:52.205,1.82161,1.82173,1.00,1.00
2018.05.09 11:28:53.166,1.82161,1.82171,1.00,1.00
2018.05.09 11:28:53.473,1.82157,1.82171,1.00,1.00
2018.05.09 11:28:54.040,1.82157,1.82172,1.25,1.00
2018.05.09 11:28:54.940,1.82156,1.82172,1.25,1.00
2018.05.09 11:28:56.381,1.82156,1.82175,1.00,1.00
2018.05.09 11:28:57.117,1.82157,1.82175,1.00,1.00
2018.05.09 11:28:57.371,1.82156,1.82173,1.00,1.00
2018.05.09 11:28:57.878,1.82156,1.82174,1.00,1.00
2018.05.09 11:28:57.980,1.82153,1.82174,1.38,1.00
2018.05.09 11:28:58.054,1.82157,1.82174,1.00,1.00
2018.05.09 11:28:58.211,1.82154,1.82174,1.00,1.00
2018.05.09 11:28:58.609,1.82157,1.82174,1.00,1.00
2018.05.09 11:28:58.713,1.82152,1.82174,1.12,1.00
2018.05.09 11:28:58.904,1.82157,1.82175,2.44,1.00
2018.05.09 11:28:59.008,1.82161,1.82183,1.50,1.00
2018.05.09 11:28:59.323,1.82162,1.82181,1.00,1.00
2018.05.09 11:28:59.854,1.82161,1.82181,1.00,1.00
2018.05.09 11:29:00.109,1.82162,1.82184,1.00,1.00
2018.05.09 11:29:00.161,1.82166,1.82184,1.00,1.00
2018.05.09 11:29:00.480,1.82171,1.82189,1.00,1.00
2018.05.09 11:29:01.021,1.82172,1.8219,1.00,1.00
2018.05.09 11:29:01.325,1.82172,1.82187,1.00,1.00
2018.05.09 11:29:01.844,1.82172,1.82186,1.00,1.00
2018.05.09 11:29:02.360,1.82172,1.82189,1.00,1.00
2018.05.09 11:29:02.463,1.82172,1.82191,1.00,1.00
2018.05.09 11:29:03.095,1.8217,1.82191,1.50,1.00
2018.05.09 11:29:03.283,1.82171,1.82189,1.25,1.00
2018.05.09 11:29:04.428,1.82177,1.82189,1.00,1.00
2018.05.09 11:29:04.631,1.82171,1.82189,1.00,1.00
2018.05.09 11:29:04.937,1.82169,1.82189,1.31,1.00
2018.05.09 11:29:05.191,1.82169,1.82189,3.19,1.00
2018.05.09 11:29:05.421,1.8217,1.82189,1.00,1.00
2018.05.09 11:29:06.065,1.82169,1.82189,2.44,1.00
2018.05.09 11:29:06.166,1.82169,1.82192,1.75,1.00
2018.05.09 11:29:06.710,1.82172,1.82193,1.00,1.00
2018.05.09 11:29:06.862,1.82172,1.82195,1.00,1.00
2018.05.09 11:29:07.177,1.8217,1.82195,1.00,1.00
2018.05.09 11:29:07.436,1.8217,1.82194,1.69,1.00
2018.05.09 11:29:07.778,1.82178,1.82202,1.69,1.00
2018.05.09 11:29:08.316,1.82181,1.82202,1.31,1.00
2018.05.09 11:29:08.960,1.82182,1.82202,1.00,1.00
2018.05.09 11:29:09.652,1.82182,1.82202,1.81,1.00
2018.05.09 11:29:09.961,1.82188,1.82207,1.56,1.00
2018.05.09 11:29:10.014,1.82188,1.82209,1.56,1.00
2018.05.09 11:29:10.066,1.82188,1.82209,1.56,1.00
2018.05.09 11:29:10.401,1.82187,1.82207,2.81,1.00
2018.05.09 11:29:10.908,1.82187,1.82207,2.25,1.00
2018.05.09 11:29:11.429,1.82189,1.82208,1.00,1.00
2018.05.09 11:29:11.961,1.82185,1.82208,1.00,1.00
2018.05.09 11:29:12.068,1.8218,1.82204,2.25,1.00
2018.05.09 11:29:12.119,1.82179,1.82204,3.00,1.00
2018.05.09 11:29:12.643,1.82179,1.82204,1.62,1.00
2018.05.09 11:29:12.745,1.82177,1.82204,2.06,1.00
2018.05.09 11:29:12.796,1.82175,1.82197,1.75,1.00
2018.05.09 11:29:13.068,1.82174,1.822,1.75,1.00
2018.05.09 11:29:13.597,1.82174,1.822,1.63,1.00
2018.05.09 11:29:14.006,1.82174,1.822,1.94,1.00
2018.05.09 11:29:14.058,1.82174,1.822,1.50,1.00
2018.05.09 11:29:14.109,1.82174,1.822,1.75,1.00
2018.05.09 11:29:14.677,1.82183,1.82206,1.00,1.00
2018.05.09 11:29:14.728,1.82183,1.82208,1.00,1.12
2018.05.09 11:29:14.780,1.82179,1.82205,1.88,1.00
2018.05.09 11:29:14.985,1.82173,1.82199,1.00,1.00
2018.05.09 11:29:15.089,1.82171,1.82199,1.50,1.00
2018.05.09 11:29:15.293,1.82169,1.82197,1.25,1.00
2018.05.09 11:29:16.638,1.82169,1.82197,2.25,1.00
2018.05.09 11:29:16.980,1.82171,1.82199,1.25,1.00
2018.05.09 11:29:17.032,1.82171,1.82199,1.50,1.00
2018.05.09 11:29:17.559,1.82171,1.82199,1.50,1.00
2018.05.09 11:29:17.662,1.82176,1.82204,1.88,1.25
2018.05.09 11:29:17.783,1.82176,1.82206,3.38,1.00
2018.05.09 11:29:17.834,1.82179,1.82206,1.00,1.00
2018.05.09 11:29:18.372,1.82177,1.82205,1.50,1.25
2018.05.09 11:29:18.680,1.82175,1.82199,1.88,1.00
2018.05.09 11:29:18.988,1.82176,1.82201,1.31,1.00
2018.05.09 11:29:19.508,1.82176,1.822,2.06,1.00
2018.05.09 11:29:19.559,1.82176,1.82202,2.06,1.00
2018.05.09 11:29:19.611,1.82176,1.82202,1.81,1.00
2018.05.09 11:29:20.185,1.82176,1.82202,2.06,1.00
2018.05.09 11:29:20.777,1.82177,1.82202,1.56,1.00
2018.05.09 11:29:21.123,1.82181,1.82202,1.00,1.00
2018.05.09 11:29:21.174,1.82181,1.82204,1.00,1.00
2018.05.09 11:29:21.395,1.82181,1.82205,1.75,1.00
2018.05.09 11:29:21.498,1.82185,1.82207,1.00,1.00
2018.05.09 11:29:21.709,1.82189,1.82209,1.56,1.00
2018.05.09 11:29:21.812,1.82188,1.82216,2.44,1.38
2018.05.09 11:29:21.864,1.82187,1.82213,1.31,1.00
2018.05.09 11:29:22.177,1.82184,1.82209,1.56,1.00
2018.05.09 11:29:22.279,1.82183,1.82212,1.88,1.00
2018.05.09 11:29:22.382,1.82186,1.82212,1.56,1.00
2018.05.09 11:29:22.689,1.82194,1.82212,1.00,1.00
2018.05.09 11:29:22.792,1.82193,1.82215,1.00,1.00
2018.05.09 11:29:23.106,1.82193,1.82212,1.31,1.00
2018.05.09 11:29:23.209,1.82191,1.82212,1.00,1.00
2018.05.09 11:29:24.034,1.8219,1.82212,1.50,1.00
2018.05.09 11:29:24.090,1.82185,1.82212,3.00,1.00
2018.05.09 11:29:24.142,1.82189,1.82212,1.75,1.00
2018.05.09 11:29:24.194,1.82196,1.82218,1.00,1.00
2018.05.09 11:29:24.247,1.82197,1.82221,2.06,1.00
2018.05.09 11:29:24.299,1.82202,1.82222,1.00,1.00
2018.05.09 11:29:24.775,1.82202,1.82225,1.00,1.00
2018.05.09 11:29:25.701,1.82202,1.82223,1.00,1.00
2018.05.09 11:29:26.226,1.82201,1.82222,1.00,1.00
2018.05.09 11:29:26.859,1.82202,1.82222,1.00,1.00
2018.05.09 11:29:27.472,1.82203,1.82228,1.56,1.00
2018.05.09 11:29:27.524,1.8221,1.82228,1.00,1.00
2018.05.09 11:29:27.627,1.82215,1.82236,1.00,1.00
2018.05.09 11:29:27.760,1.82212,1.82236,1.00,1.00
2018.05.09 11:29:28.221,1.82208,1.82237,1.00,1.00
2018.05.09 11:29:28.477,1.82207,1.82233,1.00,1.00
2018.05.09 11:29:28.783,1.82203,1.82225,1.00,1.00
2018.05.09 11:29:29.095,1.82209,1.8223,1.31,1.00
2018.05.09 11:29:29.198,1.82211,1.82233,1.00,1.00
2018.05.09 11:29:29.303,1.82211,1.82237,1.00,1.00
2018.05.09 11:29:29.355,1.82209,1.82232,1.00,1.75
2018.05.09 11:29:29.406,1.82202,1.82226,1.00,1.25
2018.05.09 11:29:29.611,1.82201,1.82221,1.00,1.00
2018.05.09 11:29:29.978,1.82204,1.8222,1.00,1.00
2018.05.09 11:29:30.029,1.82202,1.8222,1.00,1.00
2018.05.09 11:29:30.184,1.82198,1.82219,1.25,1.00
2018.05.09 11:29:30.695,1.82198,1.8222,1.00,1.00
2018.05.09 11:29:30.880,1.82191,1.82212,2.06,1.00
2018.05.09 11:29:31.289,1.82188,1.82213,1.19,1.00
2018.05.09 11:29:31.648,1.82191,1.82214,1.75,1.00
2018.05.09 11:29:31.699,1.82195,1.82218,1.00,1.00
2018.05.09 11:29:32.242,1.82194,1.82218,2.06,1.00
2018.05.09 11:29:32.753,1.82194,1.82217,2.06,1.00
2018.05.09 11:29:33.089,1.82195,1.82215,1.00,1.00
2018.05.09 11:29:33.602,1.82195,1.82216,1.00,1.00
2018.05.09 11:29:33.927,1.82195,1.82214,1.00,1.00
2018.05.09 11:29:34.281,1.82194,1.82212,1.00,1.00
2018.05.09 11:29:35.023,1.82194,1.82212,2.25,1.00
2018.05.09 11:29:35.207,1.82195,1.82214,1.00,1.00
2018.05.09 11:29:36.112,1.82194,1.82214,1.31,1.00
2018.05.09 11:29:36.265,1.82194,1.82212,2.25,1.00
2018.05.09 11:29:36.369,1.82189,1.82214,1.69,1.00
2018.05.09 11:29:36.420,1.82187,1.82213,1.50,1.38
2018.05.09 11:29:36.537,1.82186,1.82206,1.50,1.00
2018.05.09 11:29:36.589,1.82181,1.82205,2.81,1.00
2018.05.09 11:29:36.641,1.82182,1.82205,1.56,1.00
2018.05.09 11:29:36.693,1.8218,1.82203,1.75,1.00
2018.05.09 11:29:36.745,1.82178,1.82203,1.13,1.00
2018.05.09 11:29:36.797,1.82181,1.82201,1.62,1.00
2018.05.09 11:29:37.112,1.82192,1.82212,1.56,1.00
2018.05.09 11:29:37.387,1.82192,1.82214,1.56,2.25
2018.05.09 11:29:37.441,1.82193,1.82214,1.56,1.00
2018.05.09 11:29:37.543,1.82191,1.82214,2.62,1.00
2018.05.09 11:29:37.798,1.82191,1.82218,1.87,1.50
2018.05.09 11:29:38.304,1.82191,1.82218,2.81,1.00
2018.05.09 11:29:38.508,1.82194,1.82218,2.19,1.00
2018.05.09 11:29:38.661,1.82194,1.82221,2.44,1.00
2018.05.09 11:29:38.916,1.82199,1.82221,1.00,1.00
2018.05.09 11:29:38.968,1.82196,1.82221,1.25,1.00
2018.05.09 11:29:39.355,1.82207,1.82222,1.00,1.00
2018.05.09 11:29:39.406,1.82204,1.82229,1.12,1.25
2018.05.09 11:29:39.508,1.822,1.82226,2.63,1.50
2018.05.09 11:29:40.099,1.82201,1.82226,1.88,1.00
2018.05.09 11:29:40.406,1.82202,1.82228,1.94,1.00
2018.05.09 11:29:40.510,1.82207,1.82229,1.94,1.00
2018.05.09 11:29:40.562,1.82208,1.82233,2.06,1.00
2018.05.09 11:29:40.665,1.82209,1.82233,1.94,1.00
2018.05.09 11:29:40.847,1.82208,1.82233,2.06,1.00
2018.05.09 11:29:40.898,1.82206,1.82231,1.37,1.00
2018.05.09 11:29:40.950,1.82205,1.82231,1.00,1.25
2018.05.09 11:29:41.002,1.82203,1.82228,3.00,1.00
2018.05.09 11:29:41.309,1.82204,1.82232,1.94,1.00
2018.05.09 11:29:41.879,1.82207,1.82232,1.69,1.00
2018.05.09 11:29:42.042,1.82207,1.82232,1.00,1.00
2018.05.09 11:29:42.246,1.82207,1.82232,2.25,1.00
2018.05.09 11:29:43.066,1.82208,1.82232,1.31,1.00
2018.05.09 11:29:43.630,1.82207,1.82232,1.25,1.00
2018.05.09 11:29:44.114,1.82207,1.82232,1.56,1.00
2018.05.09 11:29:44.615,1.82207,1.82232,1.56,1.00
2018.05.09 11:29:44.872,1.82208,1.82234,1.31,1.00
2018.05.09 11:29:46.412,1.82208,1.82234,1.81,1.00
2018.05.09 11:29:47.317,1.82211,1.82234,1.38,1.50
2018.05.09 11:29:47.622,1.82235,1.82246,1.37,1.00
2018.05.09 11:29:47.745,1.82235,1.8225,1.37,1.00
2018.05.09 11:29:47.848,1.82236,1.82247,1.12,1.00
2018.05.09 11:29:47.951,1.82236,1.82249,1.12,1.00
2018.05.09 11:29:48.104,1.82236,1.82258,1.12,1.00
2018.05.09 11:29:48.156,1.82236,1.82263,1.12,1.50
2018.05.09 11:29:48.207,1.82235,1.82261,3.75,1.00
2018.05.09 11:29:48.535,1.82236,1.82261,1.12,1.00
2018.05.09 11:29:49.098,1.82236,1.82261,1.56,1.00
2018.05.09 11:29:49.322,1.82232,1.8226,2.25,1.00
2018.05.09 11:29:49.375,1.82231,1.82256,1.00,1.00
2018.05.09 11:29:49.634,1.82234,1.8226,1.00,1.00
2018.05.09 11:29:49.862,1.82235,1.82258,1.00,1.00
2018.05.09 11:29:49.913,1.82235,1.82261,1.00,1.50
2018.05.09 11:29:49.964,1.82232,1.8226,2.06,1.00
2018.05.09 11:29:50.168,1.82237,1.82261,1.00,1.00
2018.05.09 11:29:50.547,1.82245,1.82268,1.00,1.00
2018.05.09 11:29:50.599,1.82239,1.82263,1.00,1.88
2018.05.09 11:29:50.701,1.82239,1.8226,1.00,1.00
2018.05.09 11:29:50.753,1.82234,1.8226,1.00,1.00
2018.05.09 11:29:51.007,1.8223,1.82258,2.25,1.00
2018.05.09 11:29:51.523,1.82233,1.82258,2.06,1.00
2018.05.09 11:29:51.576,1.82237,1.82262,1.00,1.00
2018.05.09 11:29:51.780,1.82234,1.82262,1.69,1.00
2018.05.09 11:29:51.831,1.82236,1.82262,1.00,1.00
2018.05.09 11:29:52.139,1.82234,1.82263,1.31,1.00
2018.05.09 11:29:52.400,1.82236,1.82266,2.25,1.56
2018.05.09 11:29:52.552,1.82237,1.82266,1.12,1.25
2018.05.09 11:29:52.654,1.82241,1.82266,1.00,1.50
2018.05.09 11:29:52.908,1.82245,1.82271,1.00,2.25
2018.05.09 11:29:53.162,1.82245,1.82267,1.00,1.00
2018.05.09 11:29:53.305,1.82235,1.82261,1.00,1.00
2018.05.09 11:29:53.563,1.82239,1.82261,1.00,1.37
2018.05.09 11:29:53.716,1.82235,1.82261,1.00,1.12
2018.05.09 11:29:53.768,1.82232,1.8226,1.50,1.00
2018.05.09 11:29:54.327,1.82232,1.8226,1.37,1.00
2018.05.09 11:29:54.378,1.82235,1.82262,1.00,1.50
2018.05.09 11:29:54.685,1.82233,1.82259,1.00,1.12
2018.05.09 11:29:55.095,1.82232,1.82255,1.37,1.00
2018.05.09 11:29:55.564,1.8223,1.82255,1.00,1.00
2018.05.09 11:29:55.667,1.82232,1.82254,1.00,1.00
2018.05.09 11:29:55.779,1.8223,1.82255,1.00,1.38
2018.05.09 11:29:55.987,1.8223,1.82248,1.00,1.00
2018.05.09 11:29:56.039,1.8223,1.82252,1.00,1.00
2018.05.09 11:29:56.149,1.82226,1.82252,1.50,1.50
2018.05.09 11:29:56.201,1.82231,1.82252,1.00,1.00
2018.05.09 11:29:56.252,1.82231,1.82255,1.00,1.00
2018.05.09 11:29:56.303,1.82231,1.82253,1.00,1.00
2018.05.09 11:29:56.611,1.82231,1.82249,1.00,1.00
2018.05.09 11:29:56.909,1.82223,1.82249,1.37,1.00
2018.05.09 11:29:57.265,1.82223,1.82249,2.06,1.00
2018.05.09 11:29:57.316,1.82223,1.82249,1.62,1.00
2018.05.09 11:29:57.693,1.82227,1.82249,1.00,1.00
2018.05.09 11:29:57.898,1.82223,1.82249,1.25,1.50
2018.05.09 11:29:58.103,1.82223,1.82243,2.06,1.00
2018.05.09 11:29:58.355,1.82223,1.82243,1.25,1.00
2018.05.09 11:29:58.406,1.82223,1.82248,3.19,1.00
2018.05.09 11:29:58.916,1.82223,1.82249,4.12,1.00
2018.05.09 11:29:59.635,1.82224,1.82249,1.75,1.00
2018.05.09 11:29:59.687,1.82238,1.82256,1.00,1.50
2018.05.09 11:29:59.738,1.8224,1.82255,1.00,1.00
2018.05.09 11:29:59.841,1.8224,1.8226,1.00,1.00
2018.05.09 11:30:00.012,1.82234,1.82262,1.25,1.50
2018.05.09 11:30:00.064,1.82233,1.82253,1.25,1.00
2018.05.09 11:30:00.370,1.82231,1.82256,1.00,1.00
2018.05.09 11:30:00.601,1.8223,1.82254,1.12,1.00
2018.05.09 11:30:00.807,1.82222,1.8225,1.69,1.00
2018.05.09 11:30:00.961,1.82222,1.82248,1.00,1.00
2018.05.09 11:30:01.299,1.82215,1.82241,1.31,1.00
2018.05.09 11:30:01.974,1.82212,1.82237,1.31,1.00
2018.05.09 11:30:02.281,1.82212,1.82238,2.44,1.00
2018.05.09 11:30:02.642,1.82213,1.82238,1.25,1.00
2018.05.09 11:30:02.767,1.82214,1.82237,1.00,1.37
2018.05.09 11:30:02.819,1.82214,1.82239,2.44,1.00
2018.05.09 11:30:02.870,1.82214,1.8224,3.94,1.00
2018.05.09 11:30:03.177,1.82219,1.82238,1.50,1.00
2018.05.09 11:30:03.604,1.82221,1.82238,1.50,1.00
2018.05.09 11:30:03.655,1.82219,1.82238,1.12,1.00
2018.05.09 11:30:03.706,1.8222,1.82236,3.00,1.00
2018.05.09 11:30:03.757,1.82217,1.82236,1.69,1.00
2018.05.09 11:30:03.911,1.82216,1.82231,3.00,1.00
2018.05.09 11:30:04.218,1.82217,1.82228,2.25,1.00
2018.05.09 11:30:04.372,1.82217,1.82241,2.25,1.00
2018.05.09 11:30:04.525,1.82217,1.82241,1.00,1.50
2018.05.09 11:30:04.576,1.82219,1.82241,1.00,1.00
2018.05.09 11:30:05.109,1.82223,1.82241,1.00,1.00
2018.05.09 11:30:05.364,1.82217,1.82242,1.00,1.50
2018.05.09 11:30:05.874,1.82213,1.82239,1.12,1.00
2018.05.09 11:30:06.243,1.82224,1.82239,1.94,1.00
2018.05.09 11:30:06.758,1.82225,1.82248,1.31,1.45
2018.05.09 11:30:07.064,1.82221,1.82247,2.06,1.45
2018.05.09 11:30:07.220,1.82217,1.82244,1.50,1.45
2018.05.09 11:30:07.376,1.82217,1.82242,1.50,1.45
2018.05.09 11:30:07.684,1.82217,1.82242,1.00,1.45
2018.05.09 11:30:07.888,1.82224,1.82241,1.00,1.00
2018.05.09 11:30:08.194,1.82218,1.82236,1.00,2.06
2018.05.09 11:30:08.297,1.82209,1.8223,1.00,1.00
2018.05.09 11:30:08.594,1.82216,1.8223,1.00,1.00
2018.05.09 11:30:08.699,1.82208,1.8223,1.00,1.00
2018.05.09 11:30:08.750,1.82208,1.82228,1.38,1.00
2018.05.09 11:30:08.802,1.82208,1.82231,1.44,1.00
2018.05.09 11:30:08.853,1.82208,1.82234,1.88,1.42
2018.05.09 11:30:08.905,1.82207,1.82234,2.25,1.67
2018.05.09 11:30:08.956,1.82208,1.82234,1.00,1.67
2018.05.09 11:30:09.008,1.82208,1.82234,2.06,1.42
2018.05.09 11:30:09.059,1.82208,1.82232,1.88,1.00
2018.05.09 11:30:09.383,1.82214,1.82232,1.00,1.00
2018.05.09 11:30:09.892,1.82212,1.82232,1.00,1.00
2018.05.09 11:30:10.420,1.82213,1.82232,1.00,1.00
2018.05.09 11:30:10.471,1.82207,1.82234,1.88,1.00
2018.05.09 11:30:10.522,1.82208,1.82234,1.38,1.67
2018.05.09 11:30:10.827,1.82211,1.82231,1.19,1.00
2018.05.09 11:30:10.878,1.8221,1.82231,1.19,1.00
2018.05.09 11:30:11.476,1.82209,1.82231,1.13,1.42
2018.05.09 11:30:11.635,1.82215,1.82237,1.69,1.67
2018.05.09 11:30:11.687,1.82216,1.82237,1.31,1.00
2018.05.09 11:30:12.094,1.82214,1.82237,1.12,1.67
2018.05.09 11:30:12.198,1.82209,1.82236,2.06,1.42
2018.05.09 11:30:12.312,1.82209,1.82236,1.31,1.67
2018.05.09 11:30:12.618,1.82212,1.82236,1.31,1.67
2018.05.09 11:30:12.872,1.82211,1.82237,2.44,1.67
2018.05.09 11:30:12.924,1.82213,1.82237,1.56,1.67
2018.05.09 11:30:13.029,1.82213,1.82237,1.13,1.67
2018.05.09 11:30:13.222,1.82217,1.82237,1.31,1.67
2018.05.09 11:30:13.376,1.82213,1.82237,1.63,1.67
2018.05.09 11:30:13.479,1.82211,1.82234,1.50,1.67
2018.05.09 11:30:13.583,1.82211,1.82234,1.25,1.67
2018.05.09 11:30:13.685,1.82206,1.82233,2.25,1.67
2018.05.09 11:30:13.988,1.82209,1.82233,1.88,1.67
2018.05.09 11:30:14.192,1.8221,1.82235,1.81,1.67
2018.05.09 11:30:14.259,1.8221,1.82235,1.81,1.67
2018.05.09 11:30:14.361,1.8221,1.82235,1.69,1.67
2018.05.09 11:30:14.953,1.82212,1.82238,1.50,1.67
2018.05.09 11:30:15.260,1.82219,1.82238,1.25,1.00
2018.05.09 11:30:15.621,1.82218,1.82238,2.25,1.00
2018.05.09 11:30:16.156,1.82218,1.82238,1.69,1.67
2018.05.09 11:30:16.360,1.82219,1.82238,1.00,1.67
2018.05.09 11:30:17.104,1.82218,1.82238,1.88,1.67
2018.05.09 11:30:17.257,1.82218,1.82238,1.13,1.67
2018.05.09 11:30:17.819,1.82219,1.82238,1.00,1.67
2018.05.09 11:30:19.542,1.82218,1.82233,1.50,1.00
2018.05.09 11:30:19.785,1.82218,1.82237,1.00,1.00
2018.05.09 11:30:20.459,1.82219,1.82235,1.00,1.00
2018.05.09 11:30:20.938,1.82212,1.82235,1.75,1.00
2018.05.09 11:30:20.989,1.82211,1.82232,2.06,1.00
2018.05.09 11:30:21.090,1.82209,1.82232,1.25,1.00
2018.05.09 11:30:21.141,1.82206,1.82229,1.00,1.31
2018.05.09 11:30:21.445,1.82203,1.82223,1.31,1.00
2018.05.09 11:30:21.919,1.82206,1.82222,1.37,1.00
2018.05.09 11:30:22.072,1.82207,1.82227,1.56,1.00
2018.05.09 11:30:22.276,1.82212,1.82229,1.25,1.00
2018.05.09 11:30:22.702,1.82207,1.82225,1.38,1.00
2018.05.09 11:30:22.910,1.82213,1.82234,1.38,1.00
2018.05.09 11:30:22.961,1.82212,1.82231,1.12,1.00
2018.05.09 11:30:23.269,1.82191,1.82209,1.00,1.00
2018.05.09 11:30:23.401,1.82186,1.82209,1.50,1.00
2018.05.09 11:30:23.504,1.82186,1.82207,2.63,1.00
2018.05.09 11:30:23.606,1.82186,1.8221,2.63,1.50
2018.05.09 11:30:23.863,1.82188,1.8221,1.38,1.00
2018.05.09 11:30:24.018,1.82194,1.82218,1.00,1.00
2018.05.09 11:30:24.171,1.82192,1.82218,1.00,1.00
2018.05.09 11:30:24.383,1.82191,1.82212,1.00,1.00
2018.05.09 11:30:24.586,1.82191,1.82214,1.12,1.50
2018.05.09 11:30:24.687,1.82192,1.82214,1.50,1.50
2018.05.09 11:30:24.993,1.82192,1.82214,2.19,1.00
2018.05.09 11:30:25.346,1.82195,1.82214,1.13,1.00
2018.05.09 11:30:25.553,1.82198,1.82221,1.12,1.00
2018.05.09 11:30:25.656,1.82196,1.82221,1.00,1.50
2018.05.09 11:30:25.708,1.82195,1.82216,1.25,1.00
2018.05.09 11:30:25.811,1.82192,1.82214,1.12,1.00
2018.05.09 11:30:25.917,1.82193,1.82213,1.37,1.00
2018.05.09 11:30:26.219,1.82192,1.82211,1.00,1.00
2018.05.09 11:30:26.948,1.82187,1.82211,1.12,1.00
2018.05.09 11:30:27.043,1.82187,1.82207,1.12,1.00
2018.05.09 11:30:27.349,1.82202,1.82216,1.75,1.00
2018.05.09 11:30:27.400,1.82202,1.82226,1.69,1.00
2018.05.09 11:30:27.502,1.82204,1.82226,1.44,1.00
2018.05.09 11:30:27.807,1.82207,1.82228,1.69,1.00
2018.05.09 11:30:28.031,1.82207,1.82228,1.69,1.00
2018.05.09 11:30:28.551,1.82206,1.82228,2.06,1.00
2018.05.09 11:30:29.056,1.82207,1.82228,1.12,1.00
2018.05.09 11:30:29.743,1.82207,1.82228,1.69,1.00
2018.05.09 11:30:30.532,1.82206,1.82228,1.69,1.00
2018.05.09 11:30:31.043,1.82206,1.82228,1.56,1.00
2018.05.09 11:30:31.373,1.82203,1.82225,1.25,1.00
2018.05.09 11:30:31.479,1.82203,1.82223,1.25,1.00
2018.05.09 11:30:32.054,1.822,1.82223,2.06,1.00
2018.05.09 11:30:32.105,1.82201,1.82221,1.25,1.00
2018.05.09 11:30:32.156,1.82199,1.82221,1.00,1.00
2018.05.09 11:30:32.207,1.82197,1.82221,1.00,1.00
2018.05.09 11:30:32.258,1.82195,1.82221,1.50,1.13
2018.05.09 11:30:32.309,1.82192,1.82214,1.00,1.00
2018.05.09 11:30:32.643,1.82188,1.8221,2.44,1.00
2018.05.09 11:30:33.203,1.82189,1.8221,1.00,1.00
2018.05.09 11:30:33.493,1.82188,1.82211,1.94,1.00
2018.05.09 11:30:34.001,1.82192,1.82208,1.00,1.00
2018.05.09 11:30:34.103,1.8219,1.82208,1.31,1.00
2018.05.09 11:30:34.154,1.82192,1.82208,1.00,1.00
2018.05.09 11:30:34.533,1.82196,1.82208,1.00,1.00
2018.05.09 11:30:34.635,1.82192,1.82209,2.06,1.00
2018.05.09 11:30:34.736,1.82192,1.8221,1.50,1.00
2018.05.09 11:30:35.251,1.82192,1.82209,2.81,1.00
2018.05.09 11:30:35.660,1.82196,1.82209,1.00,1.00
2018.05.09 11:30:35.968,1.82192,1.82204,1.00,1.00
2018.05.09 11:30:36.070,1.82187,1.82203,1.94,1.00
2018.05.09 11:30:36.123,1.82187,1.82203,1.25,1.00
2018.05.09 11:30:36.174,1.82187,1.82201,1.25,1.00
2018.05.09 11:30:36.718,1.82188,1.822,1.25,1.00
2018.05.09 11:30:37.123,1.82191,1.82201,1.00,1.00
2018.05.09 11:30:37.226,1.82187,1.82198,1.00,1.00
2018.05.09 11:30:37.277,1.82187,1.822,1.75,1.00
2018.05.09 11:30:37.380,1.82196,1.82206,1.00,1.00
2018.05.09 11:30:37.483,1.82197,1.82211,1.00,1.00
2018.05.09 11:30:37.534,1.82194,1.82211,1.25,1.00
2018.05.09 11:30:37.586,1.82197,1.82209,1.00,1.00
2018.05.09 11:30:37.688,1.82196,1.82212,1.44,1.00
2018.05.09 11:30:39.305,1.82197,1.82212,2.81,1.00
2018.05.09 11:30:39.356,1.82196,1.82212,3.38,1.00
2018.05.09 11:30:39.408,1.82197,1.82212,2.06,1.00
2018.05.09 11:30:39.563,1.82197,1.82214,1.56,1.00
2018.05.09 11:30:39.891,1.82196,1.82214,2.06,1.00
2018.05.09 11:30:39.994,1.82196,1.82212,2.06,1.00
2018.05.09 11:30:40.517,1.82197,1.82212,1.31,1.00
2018.05.09 11:30:40.841,1.82196,1.82212,1.69,1.00
2018.05.09 11:30:41.359,1.82196,1.82211,1.50,1.00
2018.05.09 11:30:41.614,1.82198,1.82211,1.00,1.00
2018.05.09 11:30:42.190,1.82197,1.82211,1.00,1.00
2018.05.09 11:30:42.633,1.82197,1.82211,1.31,1.00
2018.05.09 11:30:43.151,1.82199,1.82211,1.00,1.00
2018.05.09 11:30:44.010,1.82197,1.82211,1.37,1.00
2018.05.09 11:30:44.316,1.82196,1.82211,1.31,1.00
2018.05.09 11:30:44.368,1.82196,1.82214,1.31,1.00
2018.05.09 11:30:44.891,1.82197,1.82214,1.12,1.00
2018.05.09 11:30:45.101,1.82197,1.82216,1.00,1.00
2018.05.09 11:30:45.559,1.82197,1.82214,1.63,1.00
2018.05.09 11:30:45.922,1.82192,1.82214,1.56,1.00
2018.05.09 11:30:46.074,1.82191,1.82214,1.81,1.00
2018.05.09 11:30:46.683,1.82191,1.82215,3.00,1.00
2018.05.09 11:30:47.266,1.82192,1.82215,1.75,1.00
2018.05.09 11:30:47.876,1.82191,1.82215,1.81,1.00
2018.05.09 11:30:48.250,1.82196,1.82215,1.00,1.00
2018.05.09 11:30:48.573,1.82198,1.82215,1.00,1.00
2018.05.09 11:30:49.117,1.82197,1.82215,1.50,1.00
2018.05.09 11:30:49.647,1.82197,1.82216,2.06,1.00
2018.05.09 11:30:49.961,1.82199,1.82216,1.13,1.00
2018.05.09 11:30:50.368,1.82196,1.82215,1.81,1.00
2018.05.09 11:30:50.917,1.82196,1.82216,1.75,1.00
2018.05.09 11:30:51.323,1.82196,1.82217,1.50,1.00
2018.05.09 11:30:51.941,1.82196,1.82217,2.06,1.00
2018.05.09 11:30:51.992,1.82196,1.82215,2.06,1.00
2018.05.09 11:30:52.396,1.82202,1.82217,1.50,1.00
2018.05.09 11:30:52.498,1.82203,1.8222,1.25,1.00
2018.05.09 11:30:52.701,1.82204,1.82222,1.00,1.00
2018.05.09 11:30:53.232,1.82202,1.82222,3.94,1.00
2018.05.09 11:30:53.537,1.82204,1.82221,1.44,1.00
2018.05.09 11:30:53.770,1.82204,1.82223,1.00,1.00
2018.05.09 11:30:54.325,1.82203,1.82223,1.25,1.00
2018.05.09 11:30:54.834,1.82206,1.82223,1.00,1.00
2018.05.09 11:30:55.256,1.82203,1.82223,1.25,1.00
2018.05.09 11:30:55.788,1.82203,1.82223,3.19,1.00
2018.05.09 11:30:56.824,1.82202,1.82223,1.00,1.00
2018.05.09 11:30:56.875,1.82199,1.8222,1.50,1.00
2018.05.09 11:30:57.245,1.82197,1.82217,2.25,1.00
2018.05.09 11:30:57.610,1.82196,1.82215,1.69,1.00
2018.05.09 11:30:58.129,1.82197,1.82215,1.12,1.00
2018.05.09 11:30:59.764,1.82196,1.82215,1.50,1.00
2018.05.09 11:31:00.366,1.82196,1.82215,1.50,1.00
2018.05.09 11:31:00.674,1.82199,1.82216,1.25,1.00
2018.05.09 11:31:01.386,1.82197,1.82216,1.88,1.00
2018.05.09 11:31:01.939,1.82197,1.82216,1.50,1.00
2018.05.09 11:31:02.276,1.82197,1.82216,1.13,1.00
2018.05.09 11:31:02.327,1.82199,1.82216,1.00,1.00
2018.05.09 11:31:03.228,1.82198,1.82216,1.00,1.00
2018.05.09 11:31:03.483,1.82206,1.82225,1.00,1.50
2018.05.09 11:31:03.584,1.82199,1.82225,2.63,1.50
2018.05.09 11:31:04.143,1.82199,1.82225,2.63,1.50
2018.05.09 11:31:04.245,1.822,1.82225,1.25,1.50
2018.05.09 11:31:04.719,1.82202,1.82225,1.00,1.50
2018.05.09 11:31:05.075,1.822,1.82225,1.69,1.50
2018.05.09 11:31:05.773,1.822,1.82225,1.69,1.50
2018.05.09 11:31:05.926,1.82199,1.82225,3.19,1.50
2018.05.09 11:31:06.600,1.822,1.82225,1.00,1.50
2018.05.09 11:31:06.826,1.82197,1.82222,1.12,1.00
2018.05.09 11:31:08.348,1.82203,1.82222,1.00,1.00
2018.05.09 11:31:08.502,1.822,1.82225,1.50,1.00
2018.05.09 11:31:08.607,1.82199,1.82221,1.12,1.00
2018.05.09 11:31:08.710,1.82194,1.82221,1.38,1.50
2018.05.09 11:31:08.813,1.82201,1.82221,1.00,1.50
2018.05.09 11:31:08.864,1.82198,1.82221,1.00,1.50
2018.05.09 11:31:09.018,1.82195,1.82221,1.69,1.50
2018.05.09 11:31:09.549,1.82196,1.82221,1.00,1.50
2018.05.09 11:31:10.117,1.82193,1.82221,1.44,1.50
2018.05.09 11:31:10.257,1.82192,1.82219,2.25,1.00
2018.05.09 11:31:10.561,1.82192,1.82219,2.25,1.00
2018.05.09 11:31:10.612,1.82192,1.82217,1.50,1.00
2018.05.09 11:31:11.332,1.82191,1.82217,3.00,1.00
2018.05.09 11:31:11.711,1.82191,1.82215,1.56,1.00
2018.05.09 11:31:12.236,1.82191,1.82215,1.12,1.00
2018.05.09 11:31:12.287,1.82191,1.82213,1.00,1.00
2018.05.09 11:31:12.455,1.82188,1.82213,1.00,1.00
2018.05.09 11:31:12.557,1.82188,1.82213,1.56,1.00
2018.05.09 11:31:12.659,1.82188,1.82213,1.00,1.00
2018.05.09 11:31:13.014,1.82191,1.82213,1.00,1.00
2018.05.09 11:31:13.536,1.82186,1.82211,2.06,1.00
2018.05.09 11:31:14.000,1.82187,1.82209,1.00,1.00
2018.05.09 11:31:14.307,1.82193,1.82215,1.00,1.00
2018.05.09 11:31:14.488,1.82193,1.82217,1.00,1.00
2018.05.09 11:31:14.542,1.82192,1.82217,1.75,1.00
2018.05.09 11:31:15.082,1.82192,1.82217,1.75,1.00
2018.05.09 11:31:15.389,1.82207,1.82213,1.00,1.00
2018.05.09 11:31:15.440,1.82199,1.82219,1.56,1.00
2018.05.09 11:31:15.492,1.82208,1.82219,1.00,1.00
2018.05.09 11:31:15.726,1.82201,1.82219,2.06,1.00
2018.05.09 11:31:16.935,1.82201,1.82219,2.81,1.00
2018.05.09 11:31:16.986,1.82204,1.82219,1.00,1.00
2018.05.09 11:31:17.918,1.82204,1.82224,1.00,1.00
2018.05.09 11:31:17.970,1.822,1.8222,1.50,1.00
2018.05.09 11:31:18.297,1.82201,1.82217,1.50,1.00
2018.05.09 11:31:18.602,1.82203,1.82217,1.00,1.00
2018.05.09 11:31:18.707,1.82201,1.82217,1.50,1.00
2018.05.09 11:31:19.459,1.82201,1.82217,2.81,1.00
2018.05.09 11:31:19.510,1.82202,1.82222,1.00,1.00
2018.05.09 11:31:20.460,1.82207,1.82222,1.00,1.00
2018.05.09 11:31:20.511,1.82202,1.82222,2.63,1.00
2018.05.09 11:31:20.888,1.82205,1.82225,1.50,1.00
2018.05.09 11:31:20.941,1.82208,1.82225,1.00,1.00
2018.05.09 11:31:20.993,1.82208,1.8223,1.56,1.00
2018.05.09 11:31:21.045,1.82208,1.82232,1.31,1.00
2018.05.09 11:31:21.148,1.82212,1.82234,1.00,1.00
2018.05.09 11:31:21.373,1.82205,1.82228,2.44,1.00
2018.05.09 11:31:21.476,1.82204,1.82225,1.88,1.00
2018.05.09 11:31:22.089,1.82203,1.82225,1.88,1.00
2018.05.09 11:31:22.679,1.82205,1.82225,1.00,1.00
2018.05.09 11:31:22.984,1.82206,1.82225,1.38,1.00
2018.05.09 11:31:23.742,1.82207,1.82225,1.38,1.00
2018.05.09 11:31:24.051,1.82217,1.82234,1.38,1.00
2018.05.09 11:31:24.723,1.82217,1.82234,1.50,1.00
2018.05.09 11:31:24.826,1.82217,1.8224,1.88,1.00
2018.05.09 11:31:25.136,1.82217,1.8224,1.88,1.00
2018.05.09 11:31:25.642,1.82217,1.8224,1.13,1.00
2018.05.09 11:31:26.503,1.82216,1.8224,1.75,1.00
2018.05.09 11:31:26.606,1.82221,1.82243,1.25,1.00
2018.05.09 11:31:26.658,1.82222,1.82239,1.00,1.00
2018.05.09 11:31:26.710,1.82225,1.82243,1.00,1.00
2018.05.09 11:31:26.762,1.82227,1.82247,1.38,1.00
2018.05.09 11:31:27.175,1.82226,1.82247,2.25,1.00
2018.05.09 11:31:27.751,1.82226,1.82247,3.00,1.00
2018.05.09 11:31:28.089,1.82228,1.82249,1.31,1.00
2018.05.09 11:31:28.140,1.82228,1.82246,1.25,1.00
2018.05.09 11:31:28.343,1.82228,1.82253,1.25,1.00
2018.05.09 11:31:29.260,1.82228,1.82253,1.38,1.00
2018.05.09 11:31:29.821,1.82233,1.82253,1.00,1.00
2018.05.09 11:31:30.371,1.82233,1.82253,1.44,1.00
2018.05.09 11:31:30.870,1.82232,1.82253,1.00,1.00
2018.05.09 11:31:31.256,1.82232,1.82253,1.75,1.00
2018.05.09 11:31:31.766,1.82237,1.82254,1.13,1.00
2018.05.09 11:31:32.595,1.82235,1.82256,1.44,1.00
2018.05.09 11:31:33.133,1.82235,1.82256,1.38,1.00
2018.05.09 11:31:33.489,1.82239,1.82256,1.00,1.00
2018.05.09 11:31:34.073,1.82239,1.82261,1.00,1.00
2018.05.09 11:31:35.391,1.82239,1.82261,1.38,1.00
2018.05.09 11:31:35.710,1.82243,1.8226,1.00,1.00
2018.05.09 11:31:35.966,1.82241,1.8226,1.00,1.00
2018.05.09 11:31:36.069,1.82238,1.8226,1.00,1.00
2018.05.09 11:31:36.589,1.82237,1.8226,1.00,1.00
2018.05.09 11:31:37.327,1.82237,1.8226,1.44,1.00
2018.05.09 11:31:37.378,1.82238,1.8226,1.50,1.00
2018.05.09 11:31:37.430,1.82241,1.82265,1.00,1.00
2018.05.09 11:31:37.564,1.82242,1.82268,1.00,1.50
2018.05.09 11:31:37.717,1.82242,1.82267,1.00,1.44
2018.05.09 11:31:38.905,1.82242,1.82268,1.00,1.50
2018.05.09 11:31:39.007,1.82242,1.82266,1.00,1.00
2018.05.09 11:31:39.109,1.8224,1.82266,1.00,1.00
2018.05.09 11:31:39.548,1.82239,1.82265,2.62,1.44
2018.05.09 11:31:40.095,1.8224,1.82265,1.00,1.00
2018.05.09 11:31:40.467,1.82243,1.82265,1.00,1.00
2018.05.09 11:31:40.519,1.82241,1.82265,1.00,1.00
2018.05.09 11:31:40.570,1.82242,1.82269,1.00,1.00
2018.05.09 11:31:40.621,1.82242,1.82265,1.00,1.00
2018.05.09 11:31:40.877,1.82236,1.82262,1.00,1.00
2018.05.09 11:31:43.306,1.82236,1.82262,1.44,1.00
2018.05.09 11:31:43.460,1.82239,1.82263,1.44,1.00
2018.05.09 11:31:43.765,1.82242,1.82263,1.00,1.00
2018.05.09 11:31:44.728,1.82242,1.82267,1.00,1.00
2018.05.09 11:31:45.674,1.82242,1.82266,1.00,1.00
2018.05.09 11:31:45.976,1.8224,1.82266,1.25,1.00
2018.05.09 11:31:46.489,1.82239,1.82265,1.00,1.00
2018.05.09 11:31:47.794,1.8224,1.82266,1.00,1.00
2018.05.09 11:31:48.337,1.82241,1.82266,1.00,1.00
2018.05.09 11:31:48.877,1.8224,1.82266,1.00,1.50
2018.05.09 11:31:49.220,1.82242,1.82266,1.00,1.50
2018.05.09 11:31:50.025,1.82242,1.82267,1.00,1.50
2018.05.09 11:31:50.570,1.82242,1.82266,1.00,1.00
2018.05.09 11:31:52.605,1.82244,1.82266,1.00,1.00
2018.05.09 11:31:52.809,1.82241,1.82266,1.00,1.50
2018.05.09 11:31:52.911,1.82241,1.82269,1.00,1.56
2018.05.09 11:31:52.962,1.82244,1.82266,1.00,1.00
2018.05.09 11:31:53.183,1.82241,1.82266,1.00,1.00
2018.05.09 11:31:53.905,1.82239,1.82266,1.31,1.00
2018.05.09 11:31:54.572,1.8224,1.82266,1.00,1.00
2018.05.09 11:31:54.786,1.82245,1.82266,1.00,1.00
2018.05.09 11:31:54.887,1.82245,1.82271,1.00,1.25
2018.05.09 11:31:55.066,1.82247,1.82272,1.00,2.44
2018.05.09 11:31:55.169,1.82244,1.8227,1.00,1.00
2018.05.09 11:31:55.720,1.82244,1.82269,1.00,1.00
2018.05.09 11:31:56.800,1.82241,1.82268,1.25,1.00
2018.05.09 11:31:58.509,1.82239,1.82267,2.25,1.00
2018.05.09 11:32:00.398,1.82243,1.82269,1.50,1.00
2018.05.09 11:32:00.602,1.82245,1.82271,1.00,1.50
2018.05.09 11:32:00.807,1.82248,1.82273,1.00,1.00
2018.05.09 11:32:01.346,1.82247,1.82274,2.63,1.00
2018.05.09 11:32:01.652,1.8225,1.82276,1.00,1.50
2018.05.09 11:32:02.307,1.82249,1.82276,1.56,1.00
2018.05.09 11:32:02.601,1.82254,1.8228,1.69,1.50
2018.05.09 11:32:02.754,1.82257,1.82279,1.00,1.00
2018.05.09 11:32:03.081,1.82257,1.82282,1.50,1.00
2018.05.09 11:32:03.185,1.82254,1.8228,1.00,1.00
2018.05.09 11:32:03.297,1.8225,1.82279,1.69,1.69
2018.05.09 11:32:03.401,1.8225,1.82276,1.25,1.00
2018.05.09 11:32:03.749,1.82249,1.82274,1.00,1.00
2018.05.09 11:32:04.278,1.82248,1.82273,1.00,1.00
2018.05.09 11:32:04.668,1.8225,1.82273,1.00,1.00
2018.05.09 11:32:04.972,1.82248,1.82271,1.00,1.00
2018.05.09 11:32:05.796,1.82247,1.82272,1.56,1.00
2018.05.09 11:32:06.352,1.82247,1.82272,1.00,1.00
2018.05.09 11:32:06.920,1.82246,1.82274,2.25,1.00
2018.05.09 11:32:07.074,1.82246,1.82274,2.25,1.00
2018.05.09 11:32:07.597,1.82246,1.82274,2.25,1.00
2018.05.09 11:32:08.719,1.82246,1.82274,2.44,1.00
2018.05.09 11:32:09.056,1.82249,1.82275,1.56,1.00
2018.05.09 11:32:09.571,1.8225,1.82278,1.00,1.38
2018.05.09 11:32:09.724,1.82247,1.82275,1.56,1.00
2018.05.09 11:32:10.030,1.82248,1.82273,1.00,2.44
2018.05.09 11:32:10.356,1.82243,1.82255,1.00,1.00
2018.05.09 11:32:10.712,1.82241,1.82255,1.00,1.00
2018.05.09 11:32:10.866,1.82238,1.82256,1.00,1.50
2018.05.09 11:32:11.143,1.82231,1.82256,1.88,1.50
2018.05.09 11:32:11.246,1.8223,1.82256,1.38,2.25
2018.05.09 11:32:11.297,1.82231,1.82256,1.00,2.25
2018.05.09 11:32:11.399,1.82231,1.82255,1.38,1.00
2018.05.09 11:32:12.007,1.82233,1.82256,1.00,1.00
2018.05.09 11:32:12.497,1.82234,1.82259,1.00,1.00
2018.05.09 11:32:12.549,1.82234,1.8226,1.44,2.25
2018.05.09 11:32:12.601,1.82232,1.8226,2.25,1.50
2018.05.09 11:32:12.703,1.82232,1.82259,2.25,1.00
2018.05.09 11:32:12.755,1.82232,1.82259,1.88,1.00
2018.05.09 11:32:13.375,1.82232,1.8226,1.88,1.50
2018.05.09 11:32:13.832,1.8224,1.8226,1.00,1.50
2018.05.09 11:32:13.883,1.82242,1.82264,1.44,1.50
2018.05.09 11:32:13.935,1.82243,1.82265,1.81,1.50
2018.05.09 11:32:13.986,1.82246,1.82268,1.00,1.50
2018.05.09 11:32:14.088,1.82247,1.82273,1.00,1.00
2018.05.09 11:32:14.189,1.82247,1.82275,1.50,1.50
2018.05.09 11:32:14.859,1.82246,1.82273,1.00,1.00
2018.05.09 11:32:15.374,1.82243,1.82271,1.81,1.00
2018.05.09 11:32:15.699,1.82242,1.82266,1.00,1.00
2018.05.09 11:32:16.009,1.82249,1.82268,1.00,1.00
2018.05.09 11:32:16.061,1.82246,1.82268,1.25,1.00
2018.05.09 11:32:16.113,1.82246,1.82268,1.38,1.00
2018.05.09 11:32:16.425,1.82252,1.82273,1.50,1.00
2018.05.09 11:32:16.729,1.82252,1.82273,1.25,1.00
2018.05.09 11:32:17.380,1.82248,1.82273,1.00,1.87
2018.05.09 11:32:17.432,1.82248,1.82264,1.00,1.00
2018.05.09 11:32:17.484,1.82244,1.82263,1.00,1.00
2018.05.09 11:32:17.541,1.82247,1.82264,1.00,1.00
2018.05.09 11:32:17.594,1.82245,1.82264,1.00,1.00
2018.05.09 11:32:17.696,1.82242,1.82264,1.50,1.00
2018.05.09 11:32:17.878,1.82246,1.82267,1.00,2.25
2018.05.09 11:32:18.034,1.82241,1.82263,1.00,2.25
2018.05.09 11:32:18.559,1.82241,1.82264,1.13,1.50
2018.05.09 11:32:19.200,1.82241,1.82264,1.38,1.00
2018.05.09 11:32:19.647,1.82241,1.82258,1.00,1.00
2018.05.09 11:32:19.698,1.82238,1.82259,1.00,1.00
2018.05.09 11:32:19.800,1.8224,1.82259,1.00,1.00
2018.05.09 11:32:20.256,1.82233,1.82257,1.00,1.00
2018.05.09 11:32:20.904,1.82233,1.82255,1.00,1.00
2018.05.09 11:32:21.234,1.8223,1.82255,1.00,1.00
2018.05.09 11:32:21.285,1.82229,1.82252,1.00,1.50
2018.05.09 11:32:21.387,1.82224,1.82252,1.25,1.50
2018.05.09 11:32:21.438,1.82224,1.82249,1.00,1.00
2018.05.09 11:32:21.489,1.82221,1.82248,2.25,1.50
2018.05.09 11:32:22.101,1.82222,1.82247,1.88,1.00
2018.05.09 11:32:22.284,1.82222,1.82247,1.88,1.00
2018.05.09 11:32:22.335,1.82222,1.82248,1.88,1.00
2018.05.09 11:32:22.386,1.82222,1.82248,1.88,1.50
2018.05.09 11:32:22.690,1.82222,1.82248,1.69,1.00
2018.05.09 11:32:22.741,1.82226,1.82248,1.00,1.00
2018.05.09 11:32:23.303,1.82226,1.82247,1.00,1.00
2018.05.09 11:32:25.091,1.82221,1.82247,2.25,1.00
2018.05.09 11:32:25.294,1.82222,1.82239,1.00,1.50
2018.05.09 11:32:25.448,1.82216,1.82238,1.00,1.50
2018.05.09 11:32:25.506,1.82213,1.82238,1.00,1.00
2018.05.09 11:32:25.610,1.82211,1.82235,1.00,1.00
2018.05.09 11:32:25.918,1.82206,1.82226,1.00,1.00
2018.05.09 11:32:26.388,1.82207,1.82228,1.00,1.00
2018.05.09 11:32:26.490,1.82211,1.82228,1.00,1.00
2018.05.09 11:32:26.849,1.82206,1.82228,1.00,1.25
2018.05.09 11:32:27.339,1.82202,1.82229,1.38,1.19
2018.05.09 11:32:27.391,1.82207,1.8223,1.00,1.00
2018.05.09 11:32:27.594,1.82207,1.82233,1.00,1.50
2018.05.09 11:32:28.141,1.82207,1.82232,1.00,1.00
2018.05.09 11:32:31.540,1.82208,1.82232,1.00,1.00
2018.05.09 11:32:31.591,1.82208,1.8223,1.00,1.00
2018.05.09 11:32:31.951,1.82204,1.8223,1.44,1.00
2018.05.09 11:32:32.003,1.82211,1.82229,1.00,1.50
2018.05.09 11:32:32.312,1.82211,1.82227,1.00,1.00
2018.05.09 11:32:32.843,1.82211,1.82228,1.00,1.00
2018.05.09 11:32:33.670,1.82211,1.82229,1.00,1.00
2018.05.09 11:32:34.047,1.82206,1.82229,1.00,1.50
2018.05.09 11:32:34.099,1.82206,1.82226,1.00,1.00
2018.05.09 11:32:34.252,1.82201,1.82226,1.38,1.25
2018.05.09 11:32:34.558,1.82201,1.82225,1.25,1.00
2018.05.09 11:32:34.609,1.82206,1.82225,1.00,1.00
2018.05.09 11:32:35.110,1.82202,1.82224,1.00,1.00
2018.05.09 11:32:35.442,1.82206,1.82225,1.00,1.00
2018.05.09 11:32:36.010,1.82207,1.82225,1.00,1.00
2018.05.09 11:32:36.630,1.82203,1.82225,1.50,1.00
2018.05.09 11:32:36.889,1.82224,1.82251,1.00,1.50
2018.05.09 11:32:36.940,1.82223,1.82251,1.88,1.50
2018.05.09 11:32:37.459,1.82227,1.82251,1.00,1.00
2018.05.09 11:32:38.682,1.82226,1.82251,1.50,1.25
2018.05.09 11:32:39.825,1.82226,1.82251,1.50,1.19
2018.05.09 11:32:42.131,1.82226,1.82251,1.50,1.25
2018.05.09 11:32:42.651,1.82226,1.82252,1.88,1.25
2018.05.09 11:32:45.181,1.82226,1.82252,1.00,1.19
2018.05.09 11:32:45.752,1.82224,1.82251,1.38,1.19
2018.05.09 11:32:45.854,1.82224,1.82251,1.25,1.25
2018.05.09 11:32:45.905,1.82223,1.82249,1.88,1.00
2018.05.09 11:32:46.176,1.82224,1.82252,1.44,1.69
2018.05.09 11:32:46.432,1.82227,1.82252,1.00,1.00
2018.05.09 11:32:47.049,1.82226,1.82252,1.69,1.00
2018.05.09 11:32:47.902,1.82226,1.82253,2.44,1.25
2018.05.09 11:32:48.421,1.82226,1.82253,1.50,1.19
2018.05.09 11:32:48.523,1.82226,1.82254,1.87,1.00
2018.05.09 11:32:49.162,1.82226,1.82252,2.06,1.00
2018.05.09 11:32:49.759,1.82226,1.82253,1.50,1.00
2018.05.09 11:32:50.104,1.82227,1.82246,1.00,1.00
2018.05.09 11:32:50.541,1.82227,1.82241,1.00,1.00
2018.05.09 11:32:50.694,1.82224,1.82241,1.00,1.00
2018.05.09 11:32:50.746,1.82227,1.82241,1.00,1.00
2018.05.09 11:32:51.019,1.82223,1.82243,1.81,1.00
2018.05.09 11:32:51.071,1.82227,1.82244,1.00,1.00
2018.05.09 11:32:51.123,1.82223,1.82244,1.00,1.00
2018.05.09 11:32:51.552,1.82223,1.82241,1.00,1.00
2018.05.09 11:32:52.075,1.82223,1.82242,1.00,1.00
2018.05.09 11:32:52.412,1.82226,1.82242,1.00,1.00
2018.05.09 11:32:53.215,1.82226,1.82243,1.00,1.00
2018.05.09 11:32:54.051,1.82226,1.82242,1.00,1.00
2018.05.09 11:32:54.357,1.82232,1.82243,1.00,1.00
2018.05.09 11:32:54.665,1.82227,1.82243,1.13,1.00
2018.05.09 11:32:55.166,1.82227,1.82242,1.00,1.00
2018.05.09 11:32:55.684,1.82227,1.82243,1.25,1.00
2018.05.09 11:32:57.273,1.82227,1.82244,1.00,1.00
2018.05.09 11:32:57.687,1.82226,1.82242,1.00,1.00
2018.05.09 11:32:58.223,1.82226,1.82241,1.00,1.00
2018.05.09 11:32:58.750,1.82227,1.82241,1.00,1.00
2018.05.09 11:32:58.922,1.82222,1.82241,1.00,1.00
2018.05.09 11:32:59.127,1.82226,1.82242,1.00,1.00
2018.05.09 11:32:59.333,1.82227,1.82246,1.00,1.00
2018.05.09 11:32:59.760,1.82227,1.82244,1.00,1.00
2018.05.09 11:33:00.089,1.82227,1.82242,1.00,1.00
2018.05.09 11:33:00.626,1.82227,1.82243,1.00,1.00
2018.05.09 11:33:01.500,1.82227,1.82242,1.00,1.00
2018.05.09 11:33:03.349,1.82226,1.82242,1.00,1.00
2018.05.09 11:33:03.786,1.82226,1.8224,1.00,1.00
2018.05.09 11:33:03.888,1.8222,1.82243,1.81,1.00
2018.05.09 11:33:04.539,1.82227,1.82243,1.00,1.00
2018.05.09 11:33:05.253,1.82218,1.82243,1.13,1.00
2018.05.09 11:33:05.420,1.82227,1.82243,1.00,1.00
2018.05.09 11:33:07.100,1.82222,1.82243,1.31,1.00
2018.05.09 11:33:07.152,1.82227,1.82243,1.00,1.00
2018.05.09 11:33:07.506,1.82221,1.82242,1.37,1.00
2018.05.09 11:33:07.868,1.82228,1.82242,1.44,1.00
2018.05.09 11:33:08.027,1.82237,1.82252,1.00,1.00
2018.05.09 11:33:08.169,1.82232,1.82258,1.00,1.25
2018.05.09 11:33:08.220,1.82232,1.82256,1.00,1.00
2018.05.09 11:33:08.528,1.82236,1.82254,1.00,1.00
2018.05.09 11:33:08.862,1.8223,1.82254,1.25,1.00
2018.05.09 11:33:08.964,1.82231,1.82253,1.31,1.00
2018.05.09 11:33:09.272,1.82232,1.82253,1.56,1.00
2018.05.09 11:33:10.038,1.82232,1.82253,1.37,1.00
2018.05.09 11:33:10.548,1.82236,1.82253,1.00,1.00
2018.05.09 11:33:10.600,1.82236,1.82255,1.50,1.00
2018.05.09 11:33:10.685,1.82236,1.82257,1.50,1.00
2018.05.09 11:33:10.788,1.82236,1.82257,1.62,1.00
2018.05.09 11:33:11.338,1.82237,1.82257,1.56,1.00
2018.05.09 11:33:11.549,1.82236,1.82262,1.81,1.50
2018.05.09 11:33:11.600,1.82236,1.82262,1.75,1.50
2018.05.09 11:33:12.125,1.82236,1.82261,2.06,1.00
2018.05.09 11:33:12.613,1.82242,1.82261,1.00,1.00
2018.05.09 11:33:13.096,1.82246,1.82265,1.00,1.00
2018.05.09 11:33:13.456,1.82251,1.82273,1.00,1.00
2018.05.09 11:33:13.559,1.82247,1.8227,1.37,1.00
2018.05.09 11:33:13.610,1.82246,1.82268,1.00,1.00
2018.05.09 11:33:13.663,1.82244,1.82268,1.87,1.00
2018.05.09 11:33:13.765,1.82244,1.82266,1.12,1.00
2018.05.09 11:33:14.296,1.82241,1.82265,1.37,1.50
2018.05.09 11:33:14.640,1.82247,1.82266,1.56,1.50
2018.05.09 11:33:15.150,1.82241,1.82267,2.25,1.00
2018.05.09 11:33:15.201,1.82241,1.82262,1.81,1.00
2018.05.09 11:33:15.269,1.82241,1.82262,1.12,1.00
2018.05.09 11:33:15.320,1.82239,1.82262,1.25,1.00
2018.05.09 11:33:15.468,1.82237,1.82262,1.13,1.00
2018.05.09 11:33:15.671,1.82236,1.82262,3.38,1.00
2018.05.09 11:33:15.772,1.82242,1.82262,1.00,1.00
2018.05.09 11:33:16.078,1.82242,1.82257,1.00,1.00
2018.05.09 11:33:16.202,1.82241,1.82264,1.56,2.25
2018.05.09 11:33:16.254,1.82247,1.82264,1.00,1.00
2018.05.09 11:33:16.767,1.82247,1.82266,1.00,1.00
2018.05.09 11:33:16.820,1.82246,1.82266,2.25,1.00
2018.05.09 11:33:16.871,1.82251,1.82271,2.25,1.00
2018.05.09 11:33:16.958,1.82251,1.82271,2.81,1.00
2018.05.09 11:33:17.472,1.82256,1.82274,1.00,1.00
2018.05.09 11:33:17.985,1.82262,1.82279,1.00,1.00
2018.05.09 11:33:18.087,1.82262,1.82282,1.00,1.50
2018.05.09 11:33:18.190,1.82257,1.82282,1.00,1.00
2018.05.09 11:33:18.292,1.82257,1.82277,1.00,1.00
2018.05.09 11:33:18.396,1.82254,1.82277,1.00,1.00
2018.05.09 11:33:18.942,1.82255,1.82277,1.00,1.00
2018.05.09 11:33:18.993,1.82254,1.82273,1.31,1.00
2018.05.09 11:33:19.096,1.82254,1.82276,1.31,1.00
2018.05.09 11:33:19.557,1.82257,1.82276,1.00,1.00
2018.05.09 11:33:19.814,1.82267,1.82288,1.00,1.00
2018.05.09 11:33:20.080,1.82261,1.82278,1.00,1.00
2018.05.09 11:33:20.592,1.82261,1.82281,1.00,1.00
2018.05.09 11:33:20.847,1.82261,1.82282,1.81,1.00
2018.05.09 11:33:20.899,1.82261,1.82285,1.81,1.00
2018.05.09 11:33:20.950,1.82261,1.82285,1.69,1.00
2018.05.09 11:33:21.221,1.82262,1.82285,1.37,1.00
2018.05.09 11:33:21.544,1.82266,1.82286,1.00,1.00
2018.05.09 11:33:21.901,1.82266,1.82289,1.00,1.00
2018.05.09 11:33:23.033,1.82267,1.82289,1.00,1.00
2018.05.09 11:33:23.084,1.82267,1.82292,1.12,1.25
2018.05.09 11:33:23.340,1.82265,1.82288,1.00,1.00
2018.05.09 11:33:23.688,1.82267,1.82293,2.06,1.00
2018.05.09 11:33:23.791,1.82267,1.8229,1.00,1.00
2018.05.09 11:33:23.945,1.82264,1.8229,1.00,1.00
2018.05.09 11:33:23.997,1.82263,1.82288,1.00,1.00
2018.05.09 11:33:24.367,1.82262,1.82287,1.75,1.00
2018.05.09 11:33:24.673,1.82262,1.82287,1.31,1.00
2018.05.09 11:33:24.939,1.82262,1.8229,2.25,1.00
2018.05.09 11:33:24.993,1.82266,1.82292,1.00,1.00
2018.05.09 11:33:25.301,1.82261,1.82285,1.25,1.00
2018.05.09 11:33:25.505,1.82262,1.82287,1.00,1.50
2018.05.09 11:33:25.556,1.8226,1.82287,1.00,1.50
2018.05.09 11:33:25.608,1.82258,1.82284,1.50,1.00
2018.05.09 11:33:25.914,1.82257,1.82279,1.00,1.00
2018.05.09 11:33:26.443,1.82256,1.82278,1.00,1.50
2018.05.09 11:33:26.749,1.82256,1.82275,1.00,1.50
2018.05.09 11:33:28.809,1.82251,1.82275,1.75,1.00
2018.05.09 11:33:29.119,1.82257,1.82276,2.06,1.00
2018.05.09 11:33:29.633,1.82255,1.82276,1.56,1.00
2018.05.09 11:33:29.967,1.82262,1.82277,1.56,1.00
2018.05.09 11:33:30.154,1.82266,1.82285,1.31,1.00
2018.05.09 11:33:30.206,1.82267,1.82289,1.56,1.00
2018.05.09 11:33:30.412,1.82266,1.8229,3.75,1.00
2018.05.09 11:33:30.668,1.82266,1.82293,3.00,1.00
2018.05.09 11:33:30.721,1.82267,1.82293,1.75,1.00
2018.05.09 11:33:30.937,1.82267,1.82293,1.00,1.00
2018.05.09 11:33:30.995,1.82266,1.82287,1.00,1.00
2018.05.09 11:33:31.505,1.82267,1.82287,1.00,1.00
2018.05.09 11:33:31.711,1.82262,1.82287,1.87,1.00
2018.05.09 11:33:31.765,1.82263,1.82279,1.00,1.00
2018.05.09 11:33:31.834,1.82261,1.82279,1.00,1.00
2018.05.09 11:33:31.886,1.82257,1.82275,1.00,1.00
2018.05.09 11:33:32.345,1.82252,1.82274,1.75,1.00
2018.05.09 11:33:32.448,1.82256,1.82274,1.75,1.00
2018.05.09 11:33:32.500,1.82257,1.8228,1.75,1.00
2018.05.09 11:33:32.602,1.82258,1.82277,1.00,1.00
2018.05.09 11:33:32.687,1.82257,1.8228,1.69,1.00
2018.05.09 11:33:32.998,1.82252,1.82277,1.81,1.00
2018.05.09 11:33:33.435,1.82253,1.82275,1.31,1.00
2018.05.09 11:33:33.690,1.82249,1.82273,1.75,1.00
2018.05.09 11:33:34.197,1.82249,1.82272,1.50,1.00
2018.05.09 11:33:34.817,1.82249,1.82272,1.31,1.00
2018.05.09 11:33:34.924,1.82249,1.82272,1.56,1.00
2018.05.09 11:33:35.282,1.82252,1.82274,1.13,1.00
2018.05.09 11:33:35.794,1.82251,1.82273,1.25,1.00
2018.05.09 11:33:35.948,1.82248,1.82273,1.62,1.00
2018.05.09 11:33:36.051,1.82247,1.8227,1.31,1.00
2018.05.09 11:33:36.580,1.82246,1.82271,1.13,1.00
2018.05.09 11:33:37.473,1.82246,1.82271,1.50,1.00
2018.05.09 11:33:37.790,1.82264,1.82271,1.00,1.00
2018.05.09 11:33:38.310,1.82264,1.8227,1.00,1.00
2018.05.09 11:33:38.362,1.82252,1.8227,1.19,1.00
2018.05.09 11:33:38.415,1.82266,1.8227,1.00,1.00
2018.05.09 11:33:38.466,1.82261,1.82279,1.00,1.00
2018.05.09 11:33:38.570,1.82261,1.82275,1.00,1.00
2018.05.09 11:33:38.844,1.82256,1.82275,1.00,1.00
2018.05.09 11:33:38.998,1.82256,1.82271,1.00,1.00
2018.05.09 11:33:39.492,1.82256,1.82274,1.00,1.00
2018.05.09 11:33:40.081,1.82262,1.82274,1.00,1.00
2018.05.09 11:33:40.639,1.82256,1.82274,1.00,1.00
2018.05.09 11:33:40.796,1.82257,1.82272,1.00,1.00
2018.05.09 11:33:41.020,1.82251,1.82272,1.25,1.00
2018.05.09 11:33:42.094,1.82251,1.82273,1.31,1.50
2018.05.09 11:33:43.164,1.82251,1.8227,1.31,1.00
2018.05.09 11:33:44.376,1.82246,1.8227,1.38,1.00
2018.05.09 11:33:44.483,1.82247,1.82268,1.00,1.00
2018.05.09 11:33:44.790,1.82247,1.82265,1.00,1.00
2018.05.09 11:33:45.104,1.82247,1.82263,1.00,1.00
2018.05.09 11:33:45.619,1.82247,1.82264,1.00,1.00
2018.05.09 11:33:46.112,1.82234,1.82252,1.50,2.02
2018.05.09 11:33:46.214,1.82221,1.82236,1.00,1.00
2018.05.09 11:33:46.265,1.82221,1.82233,1.00,1.00
2018.05.09 11:33:46.570,1.82221,1.82228,1.00,1.00
2018.05.09 11:33:46.620,1.82217,1.82228,1.00,1.00
2018.05.09 11:33:47.611,1.82221,1.82228,1.00,1.00
2018.05.09 11:33:47.766,1.82221,1.82231,1.00,1.00
2018.05.09 11:33:47.870,1.82222,1.82229,1.00,1.00
2018.05.09 11:33:48.201,1.82217,1.82229,1.00,1.00
2018.05.09 11:33:48.784,1.82216,1.82229,1.00,1.00
2018.05.09 11:33:48.910,1.82211,1.82229,1.00,1.00
2018.05.09 11:33:48.962,1.82216,1.82229,1.00,1.00
2018.05.09 11:33:49.091,1.82216,1.82231,1.00,1.00
2018.05.09 11:33:49.296,1.82221,1.82235,1.00,1.00
2018.05.09 11:33:49.348,1.82216,1.82235,1.00,1.00
2018.05.09 11:33:49.400,1.82231,1.82236,1.00,1.00
2018.05.09 11:33:49.503,1.82232,1.82242,1.00,1.00
2018.05.09 11:33:49.606,1.82231,1.82246,1.00,1.00
2018.05.09 11:33:49.864,1.82227,1.8224,1.00,1.00
2018.05.09 11:33:50.029,1.82218,1.82237,1.00,1.00
2018.05.09 11:33:50.081,1.82232,1.82236,1.00,1.00
2018.05.09 11:33:50.184,1.82231,1.82241,1.00,1.00
2018.05.09 11:33:50.848,1.82226,1.82241,1.00,1.00
2018.05.09 11:33:51.003,1.82221,1.8224,1.00,1.00
2018.05.09 11:33:51.105,1.82221,1.82237,1.00,1.00
2018.05.09 11:33:51.411,1.82221,1.82235,1.00,1.00
2018.05.09 11:33:51.732,1.82221,1.82233,1.00,1.00
2018.05.09 11:33:52.256,1.82222,1.82233,1.00,1.00
2018.05.09 11:33:52.785,1.82222,1.82235,1.00,1.00
2018.05.09 11:33:52.886,1.82217,1.82235,1.00,1.00
2018.05.09 11:33:53.089,1.82216,1.82233,1.00,1.00
2018.05.09 11:33:53.503,1.82217,1.82226,1.00,1.00
2018.05.09 11:33:53.665,1.82216,1.8223,1.00,1.00
2018.05.09 11:33:54.177,1.82217,1.8223,1.00,1.00
2018.05.09 11:33:54.229,1.82212,1.8223,1.00,1.00
2018.05.09 11:33:54.475,1.82212,1.82232,1.00,1.00
2018.05.09 11:33:55.192,1.82212,1.8223,1.00,1.00
2018.05.09 11:33:55.244,1.82206,1.82226,1.00,1.00
2018.05.09 11:33:55.295,1.82206,1.82223,1.00,1.00
2018.05.09 11:33:55.798,1.82206,1.82222,1.00,1.00
2018.05.09 11:33:56.599,1.82206,1.82223,1.00,1.00
2018.05.09 11:33:57.116,1.82206,1.82222,1.00,1.00
2018.05.09 11:33:57.891,1.82207,1.82221,1.00,1.00
2018.05.09 11:33:58.278,1.82206,1.82219,1.00,1.00
2018.05.09 11:33:58.432,1.82196,1.82219,1.69,1.00
2018.05.09 11:33:58.483,1.82202,1.82219,1.00,1.00
2018.05.09 11:33:58.790,1.82201,1.82212,1.00,1.00
2018.05.09 11:33:58.842,1.82196,1.82212,1.00,1.00
2018.05.09 11:33:58.895,1.82196,1.82207,1.00,1.00
2018.05.09 11:33:58.998,1.82191,1.82207,1.00,2.25
2018.05.09 11:33:59.135,1.82186,1.82206,2.06,1.00
2018.05.09 11:33:59.240,1.82192,1.82206,1.00,1.00
2018.05.09 11:33:59.550,1.82191,1.82204,1.00,1.00
2018.05.09 11:33:59.602,1.82191,1.82206,1.00,1.00
2018.05.09 11:33:59.983,1.82187,1.82207,1.00,1.50
2018.05.09 11:34:00.034,1.82191,1.82207,1.00,1.50
2018.05.09 11:34:00.381,1.82201,1.82212,1.00,1.00
2018.05.09 11:34:00.485,1.82197,1.82217,1.00,1.00
2018.05.09 11:34:00.640,1.82197,1.82212,1.00,1.00
2018.05.09 11:34:01.308,1.82196,1.82212,1.00,1.50
2018.05.09 11:34:01.714,1.82191,1.82212,1.00,1.00
2018.05.09 11:34:01.830,1.82196,1.82213,1.00,1.00
2018.05.09 11:34:01.881,1.82201,1.8222,1.00,1.00
2018.05.09 11:34:01.932,1.82207,1.82221,1.00,1.00
2018.05.09 11:34:02.034,1.82202,1.82222,1.00,1.00
2018.05.09 11:34:02.086,1.82201,1.82224,1.00,1.00
2018.05.09 11:34:02.820,1.82201,1.82225,1.00,1.50
2018.05.09 11:34:02.973,1.82201,1.82223,1.00,1.00
2018.05.09 11:34:03.288,1.82192,1.82218,1.50,1.50
2018.05.09 11:34:03.340,1.82197,1.82217,1.00,1.00
2018.05.09 11:34:03.611,1.82191,1.82212,1.00,1.00
2018.05.09 11:34:03.663,1.82191,1.82209,1.00,1.00
2018.05.09 11:34:03.767,1.82186,1.82207,1.00,1.00
2018.05.09 11:34:04.278,1.82186,1.82208,1.00,2.25
2018.05.09 11:34:04.483,1.82192,1.82208,1.00,2.25
2018.05.09 11:34:04.535,1.82187,1.82207,1.00,1.00
2018.05.09 11:34:04.718,1.82181,1.82208,1.31,2.25
2018.05.09 11:34:04.769,1.82187,1.82207,1.00,1.00
2018.05.09 11:34:05.074,1.82187,1.82202,1.00,1.00
2018.05.09 11:34:05.522,1.82182,1.82202,1.00,1.00
2018.05.09 11:34:06.064,1.82186,1.82201,1.00,1.00
2018.05.09 11:34:06.590,1.82186,1.82202,1.00,1.00
2018.05.09 11:34:06.889,1.82181,1.82202,1.00,1.00
2018.05.09 11:34:07.690,1.82187,1.82201,1.00,1.00
2018.05.09 11:34:07.793,1.82188,1.82205,2.06,1.00
2018.05.09 11:34:07.844,1.82197,1.82207,1.00,1.00
2018.05.09 11:34:07.896,1.82197,1.82209,1.00,1.50
2018.05.09 11:34:07.999,1.82201,1.8221,1.00,1.00
2018.05.09 11:34:08.051,1.82191,1.8221,1.00,1.00
2018.05.09 11:34:08.336,1.82189,1.82211,1.00,1.00
2018.05.09 11:34:08.490,1.82186,1.82211,1.00,1.50
2018.05.09 11:34:08.592,1.82188,1.82212,1.00,1.00
2018.05.09 11:34:09.009,1.82186,1.82212,1.50,1.50
2018.05.09 11:34:09.287,1.82186,1.82209,1.00,1.00
2018.05.09 11:34:10.076,1.82186,1.82208,1.00,1.00
2018.05.09 11:34:10.665,1.82187,1.82208,1.00,1.00
2018.05.09 11:34:11.236,1.82191,1.82208,1.00,1.00
2018.05.09 11:34:11.391,1.82191,1.82212,1.00,1.00
2018.05.09 11:34:11.493,1.82191,1.8221,1.00,1.00
2018.05.09 11:34:11.692,1.82191,1.82212,1.00,1.00
2018.05.09 11:34:12.890,1.82192,1.82212,1.00,1.00
2018.05.09 11:34:12.997,1.82187,1.82212,1.31,1.00
2018.05.09 11:34:13.383,1.82187,1.8221,1.00,1.00
2018.05.09 11:34:13.959,1.82187,1.82215,1.00,1.00
2018.05.09 11:34:14.365,1.82187,1.82213,1.00,1.00
2018.05.09 11:34:14.680,1.82186,1.82209,1.00,1.00
2018.05.09 11:34:15.282,1.82182,1.82209,2.25,1.00
2018.05.09 11:34:15.485,1.82181,1.82206,1.69,1.00
2018.05.09 11:34:15.806,1.82182,1.82204,1.00,1.00
2018.05.09 11:34:16.590,1.82176,1.82204,3.00,1.00
2018.05.09 11:34:16.781,1.82176,1.82201,2.81,1.00
2018.05.09 11:34:17.001,1.82176,1.82204,1.56,1.00
2018.05.09 11:34:17.287,1.82176,1.82202,1.56,1.00
2018.05.09 11:34:17.591,1.82181,1.82203,1.00,1.00
2018.05.09 11:34:18.101,1.82176,1.82203,1.56,1.00
2018.05.09 11:34:18.152,1.82181,1.82203,1.00,1.00
2018.05.09 11:34:18.203,1.82176,1.82201,1.37,1.00
2018.05.09 11:34:18.256,1.82182,1.82201,1.00,1.00
2018.05.09 11:34:18.312,1.82182,1.82206,1.31,1.00
2018.05.09 11:34:18.466,1.82183,1.82209,1.00,1.13
2018.05.09 11:34:19.007,1.82182,1.82208,2.25,1.00
2018.05.09 11:34:19.800,1.82187,1.82208,1.00,1.13
2018.05.09 11:34:20.891,1.82187,1.82211,1.00,1.44
2018.05.09 11:34:21.952,1.82187,1.82211,1.00,1.25
2018.05.09 11:34:22.003,1.82187,1.82211,1.00,1.38
2018.05.09 11:34:22.205,1.82187,1.82211,1.00,1.25
2018.05.09 11:34:23.527,1.82187,1.82213,1.50,1.38
2018.05.09 11:34:23.882,1.82184,1.82212,1.00,1.44
2018.05.09 11:34:24.129,1.82184,1.82212,1.00,1.38
2018.05.09 11:34:24.500,1.82182,1.8221,1.69,1.25
2018.05.09 11:34:24.864,1.82184,1.8221,1.00,1.38
2018.05.09 11:34:25.367,1.82182,1.82208,1.31,1.00
2018.05.09 11:34:26.105,1.82187,1.82208,1.00,1.00
2018.05.09 11:34:26.413,1.82202,1.82222,1.25,1.00
2018.05.09 11:34:26.666,1.82202,1.82225,1.00,1.00
2018.05.09 11:34:26.818,1.82199,1.82225,1.25,1.00
2018.05.09 11:34:26.989,1.82196,1.82218,3.00,1.00
2018.05.09 11:34:27.345,1.82191,1.82217,2.81,1.00
2018.05.09 11:34:27.498,1.82196,1.8222,1.31,1.00
2018.05.09 11:34:27.702,1.82195,1.8222,1.31,1.00
2018.05.09 11:34:27.899,1.82195,1.8222,1.56,1.00
2018.05.09 11:34:28.311,1.82195,1.8222,1.81,1.00
2018.05.09 11:34:28.517,1.82202,1.8222,1.00,1.00
2018.05.09 11:34:29.024,1.82201,1.82221,1.00,1.00
2018.05.09 11:34:30.198,1.82201,1.82225,1.00,1.00
2018.05.09 11:34:30.252,1.82207,1.82225,1.00,1.00
2018.05.09 11:34:30.981,1.82201,1.82225,1.00,1.00
2018.05.09 11:34:31.218,1.822,1.82224,1.00,1.44
2018.05.09 11:34:31.320,1.82198,1.82222,1.00,1.25
2018.05.09 11:34:31.371,1.82193,1.82214,1.00,1.00
2018.05.09 11:34:31.473,1.82191,1.82213,1.25,1.00
2018.05.09 11:34:31.732,1.82196,1.82213,1.00,1.00
2018.05.09 11:34:31.783,1.82192,1.82213,1.00,1.00
2018.05.09 11:34:32.065,1.82186,1.82213,1.88,1.00
2018.05.09 11:34:32.168,1.82189,1.82214,1.12,1.00
2018.05.09 11:34:32.476,1.82196,1.82214,1.00,1.00
2018.05.09 11:34:32.527,1.82191,1.82214,1.00,1.00
2018.05.09 11:34:32.578,1.82197,1.82213,1.00,1.00
2018.05.09 11:34:32.915,1.82192,1.82208,1.00,1.00
2018.05.09 11:34:33.444,1.82192,1.82207,1.00,1.00
2018.05.09 11:34:33.496,1.82186,1.82207,1.00,1.00
2018.05.09 11:34:33.548,1.82192,1.82207,1.00,1.00
2018.05.09 11:34:33.600,1.82187,1.82205,1.00,1.00
2018.05.09 11:34:33.652,1.82181,1.82205,1.00,1.00
2018.05.09 11:34:33.793,1.82186,1.82205,1.00,1.00
2018.05.09 11:34:34.100,1.82192,1.82205,1.00,1.00
2018.05.09 11:34:34.323,1.82186,1.82205,1.00,1.00
2018.05.09 11:34:34.991,1.82191,1.82206,1.50,1.00
2018.05.09 11:34:35.093,1.82191,1.82208,1.50,1.00
2018.05.09 11:34:35.640,1.82192,1.82208,1.00,1.00
2018.05.09 11:34:36.150,1.82191,1.82209,1.00,1.00
2018.05.09 11:34:36.302,1.82191,1.82207,1.00,1.00
2018.05.09 11:34:36.607,1.82191,1.82205,1.00,1.00
2018.05.09 11:34:37.783,1.82186,1.82205,1.00,1.00
2018.05.09 11:34:38.539,1.82187,1.82205,1.00,1.00
2018.05.09 11:34:38.879,1.82187,1.82207,1.00,1.00
2018.05.09 11:34:39.791,1.82187,1.82209,1.00,1.00
2018.05.09 11:34:41.388,1.82186,1.82209,1.00,1.00
2018.05.09 11:34:41.440,1.82181,1.82209,3.75,1.37
2018.05.09 11:34:41.605,1.82181,1.82206,2.25,1.12
2018.05.09 11:34:41.993,1.82181,1.82203,1.00,1.00
2018.05.09 11:34:42.555,1.82182,1.82203,1.00,1.37
2018.05.09 11:34:42.606,1.82177,1.82202,1.87,1.50
2018.05.09 11:34:42.710,1.82176,1.82198,1.87,1.00
2018.05.09 11:34:42.965,1.82181,1.82204,1.00,1.12
2018.05.09 11:34:47.538,1.82187,1.82204,1.00,1.00
2018.05.09 11:34:47.949,1.82182,1.82205,1.00,1.00
2018.05.09 11:34:49.193,1.82178,1.82205,2.06,1.00
2018.05.09 11:34:49.244,1.82186,1.82205,1.00,1.00
2018.05.09 11:34:49.583,1.82186,1.82202,1.00,1.00
2018.05.09 11:34:50.129,1.82186,1.82203,1.00,1.00
2018.05.09 11:34:50.181,1.82186,1.82205,1.00,1.00
2018.05.09 11:34:50.700,1.82187,1.82202,1.00,1.00
2018.05.09 11:34:50.903,1.82177,1.82202,2.81,1.00
2018.05.09 11:34:50.954,1.82181,1.82202,1.00,1.00
2018.05.09 11:34:51.473,1.82182,1.82202,1.00,1.00
2018.05.09 11:34:51.794,1.82182,1.822,1.00,1.00
2018.05.09 11:34:51.897,1.82182,1.82203,1.00,1.00
2018.05.09 11:34:52.540,1.82182,1.82202,1.00,1.00
2018.05.09 11:34:53.224,1.82181,1.82202,1.00,1.00
2018.05.09 11:34:56.278,1.82183,1.82209,1.37,1.00
2018.05.09 11:34:56.380,1.82181,1.82207,3.56,1.00
2018.05.09 11:34:56.481,1.82182,1.8221,2.06,1.00
2018.05.09 11:34:56.939,1.82183,1.82211,1.12,1.00
2018.05.09 11:34:57.505,1.82182,1.8221,4.12,1.00
2018.05.09 11:34:58.125,1.82184,1.8221,1.00,1.00
2018.05.09 11:34:58.675,1.82184,1.82207,1.12,1.00
2018.05.09 11:34:58.980,1.82186,1.82204,1.00,1.00
2018.05.09 11:34:59.159,1.82181,1.82204,1.31,1.00
2018.05.09 11:34:59.456,1.82187,1.82205,1.00,1.00
2018.05.09 11:34:59.507,1.82187,1.82209,1.00,1.00
2018.05.09 11:35:00.011,1.82183,1.8221,1.37,1.00
2018.05.09 11:35:00.084,1.82186,1.8221,1.00,1.00
2018.05.09 11:35:00.391,1.82186,1.82204,1.00,1.00
2018.05.09 11:35:00.919,1.82187,1.82203,1.00,1.00
2018.05.09 11:35:01.128,1.82181,1.82203,1.12,1.00
2018.05.09 11:35:01.332,1.82187,1.82203,1.00,1.00
2018.05.09 11:35:01.852,1.82187,1.82202,1.00,1.00
2018.05.09 11:35:01.953,1.82181,1.82202,1.00,1.00
2018.05.09 11:35:02.005,1.82183,1.82202,1.50,1.00
2018.05.09 11:35:02.106,1.82183,1.82205,1.00,1.00
2018.05.09 11:35:02.311,1.82183,1.82206,1.87,1.00
2018.05.09 11:35:02.676,1.82183,1.82206,1.12,1.00
2018.05.09 11:35:03.301,1.82184,1.82206,1.00,1.00
2018.05.09 11:35:03.828,1.82188,1.82207,1.00,1.00
2018.05.09 11:35:03.879,1.82187,1.82209,1.50,1.00
2018.05.09 11:35:03.930,1.82185,1.82209,1.25,1.00
2018.05.09 11:35:03.981,1.82181,1.82207,1.50,1.19
2018.05.09 11:35:04.032,1.82181,1.82207,1.00,2.44
2018.05.09 11:35:04.154,1.82177,1.82204,1.00,1.00
2018.05.09 11:35:04.205,1.82177,1.822,1.00,1.00
2018.05.09 11:35:04.358,1.82174,1.822,1.00,1.00
2018.05.09 11:35:04.409,1.82174,1.82203,1.00,4.31
2018.05.09 11:35:04.460,1.82176,1.82203,1.00,4.31
2018.05.09 11:35:04.765,1.82177,1.82197,1.00,1.00
2018.05.09 11:35:05.056,1.82174,1.82195,1.00,1.00
2018.05.09 11:35:05.108,1.82176,1.82195,1.00,1.00
2018.05.09 11:35:05.159,1.82171,1.82195,1.12,1.00
2018.05.09 11:35:05.414,1.82171,1.82195,1.37,1.00
2018.05.09 11:35:05.567,1.82171,1.82195,1.00,1.00
2018.05.09 11:35:06.109,1.82172,1.82195,1.00,1.00
2018.05.09 11:35:06.212,1.82176,1.82195,1.00,1.00
2018.05.09 11:35:06.415,1.82172,1.82195,1.00,1.00
2018.05.09 11:35:06.924,1.82172,1.82194,1.00,1.00
2018.05.09 11:35:07.445,1.82172,1.82193,1.00,1.00
2018.05.09 11:35:07.709,1.82167,1.82194,1.87,1.00
2018.05.09 11:35:07.760,1.82167,1.82192,1.87,1.00
2018.05.09 11:35:08.115,1.82171,1.82192,1.00,1.00
2018.05.09 11:35:08.167,1.82164,1.82192,2.62,1.00
2018.05.09 11:35:08.324,1.82167,1.82189,1.37,1.00
2018.05.09 11:35:08.375,1.82172,1.82192,1.00,1.00
2018.05.09 11:35:08.477,1.82171,1.82197,1.75,1.00
2018.05.09 11:35:08.680,1.82176,1.82197,1.00,1.00
2018.05.09 11:35:08.885,1.82176,1.82199,1.00,1.00
2018.05.09 11:35:08.977,1.82171,1.82199,2.25,1.00
2018.05.09 11:35:09.028,1.82171,1.82199,2.25,1.00
2018.05.09 11:35:09.235,1.82176,1.82199,1.00,1.00
2018.05.09 11:35:10.270,1.82172,1.82199,1.00,1.00
2018.05.09 11:35:10.322,1.82174,1.82199,1.00,1.00
2018.05.09 11:35:10.530,1.82172,1.82199,1.50,1.00
2018.05.09 11:35:10.786,1.82172,1.82199,1.50,1.00
2018.05.09 11:35:11.161,1.82172,1.82196,1.50,1.00
2018.05.09 11:35:11.696,1.82171,1.82196,1.37,1.00
2018.05.09 11:35:11.798,1.82172,1.82198,1.37,1.00
2018.05.09 11:35:12.284,1.82172,1.82196,1.37,1.00
2018.05.09 11:35:12.806,1.82172,1.82196,1.37,1.00
2018.05.09 11:35:13.011,1.82172,1.82199,1.00,1.31
2018.05.09 11:35:13.069,1.82172,1.82197,1.00,1.00
2018.05.09 11:35:13.370,1.82187,1.82199,1.00,1.00
2018.05.09 11:35:13.473,1.82181,1.82199,1.12,1.00
2018.05.09 11:35:13.548,1.82181,1.82201,1.63,1.00
2018.05.09 11:35:14.060,1.82181,1.822,1.00,1.00
2018.05.09 11:35:14.116,1.82178,1.822,1.00,1.00
2018.05.09 11:35:14.168,1.82177,1.82195,1.00,1.00
2018.05.09 11:35:14.432,1.82172,1.82192,1.00,1.00
2018.05.09 11:35:14.558,1.82171,1.8219,1.38,1.00
2018.05.09 11:35:14.661,1.82171,1.82192,2.25,1.00
2018.05.09 11:35:14.764,1.82171,1.82194,1.75,1.00
2018.05.09 11:35:14.866,1.82171,1.82197,1.75,1.00
2018.05.09 11:35:14.918,1.82177,1.82197,1.00,1.00
2018.05.09 11:35:15.463,1.82176,1.82197,1.00,1.00
2018.05.09 11:35:15.567,1.82174,1.82197,1.00,1.00
2018.05.09 11:35:15.618,1.82177,1.82197,1.00,1.00
2018.05.09 11:35:16.128,1.82176,1.82198,1.00,1.00
2018.05.09 11:35:16.492,1.82173,1.82198,1.12,1.00
2018.05.09 11:35:17.004,1.82172,1.82197,1.50,1.00
2018.05.09 11:35:17.191,1.82172,1.82194,1.50,1.00
2018.05.09 11:35:17.496,1.82177,1.82201,1.37,1.00
2018.05.09 11:35:17.547,1.82181,1.82201,1.00,1.00
2018.05.09 11:35:17.598,1.82181,1.82204,1.00,1.00
2018.05.09 11:35:17.832,1.82182,1.82201,1.00,1.00
2018.05.09 11:35:18.139,1.82182,1.82199,1.00,1.00
2018.05.09 11:35:18.191,1.82177,1.82199,2.06,1.00
2018.05.09 11:35:18.295,1.82177,1.82203,1.69,1.00
2018.05.09 11:35:18.797,1.82178,1.82203,1.25,1.00
2018.05.09 11:35:18.849,1.82186,1.82203,1.00,1.00
2018.05.09 11:35:18.901,1.82188,1.82207,1.00,1.00
2018.05.09 11:35:18.955,1.82191,1.82207,1.00,1.00
2018.05.09 11:35:19.014,1.82186,1.82212,1.00,1.50
2018.05.09 11:35:19.150,1.82191,1.82212,1.00,1.00
2018.05.09 11:35:19.305,1.82187,1.8221,1.00,1.00
2018.05.09 11:35:19.409,1.82191,1.82207,1.00,1.00
2018.05.09 11:35:19.608,1.82191,1.82213,1.00,1.50
2018.05.09 11:35:19.763,1.82191,1.82213,1.37,1.00
2018.05.09 11:35:20.114,1.82201,1.82217,1.00,1.00
2018.05.09 11:35:20.268,1.82197,1.82215,1.00,1.00
2018.05.09 11:35:20.320,1.82195,1.82215,1.87,1.00
2018.05.09 11:35:20.372,1.82196,1.82216,1.37,1.00
2018.05.09 11:35:20.659,1.82197,1.82217,1.00,1.00
2018.05.09 11:35:20.916,1.822,1.82217,1.00,1.00
2018.05.09 11:35:21.257,1.82201,1.82215,1.00,1.00
2018.05.09 11:35:21.360,1.82195,1.82215,1.00,1.00
2018.05.09 11:35:21.413,1.82195,1.82213,1.00,1.00
2018.05.09 11:35:21.670,1.82192,1.82212,1.31,1.00
2018.05.09 11:35:21.969,1.82192,1.8221,1.31,1.00
2018.05.09 11:35:22.422,1.82191,1.8221,1.50,1.00
2018.05.09 11:35:22.474,1.82201,1.82214,1.00,1.00
2018.05.09 11:35:22.799,1.82202,1.82222,2.06,1.00
2018.05.09 11:35:23.014,1.82202,1.82224,1.62,1.00
2018.05.09 11:35:23.169,1.82197,1.8222,1.00,1.00
2018.05.09 11:35:23.457,1.82197,1.82217,1.00,1.00
2018.05.09 11:35:23.771,1.82202,1.82221,1.00,1.00
2018.05.09 11:35:24.283,1.82201,1.82222,1.69,1.00
2018.05.09 11:35:24.640,1.82202,1.82223,1.31,1.00
2018.05.09 11:35:25.178,1.82202,1.82223,1.25,1.00
2018.05.09 11:35:25.717,1.82203,1.82222,1.00,1.00
2018.05.09 11:35:25.768,1.822,1.82222,1.87,1.00
2018.05.09 11:35:26.071,1.82201,1.82222,2.62,1.00
2018.05.09 11:35:26.407,1.82201,1.82222,2.62,1.00
2018.05.09 11:35:26.915,1.82202,1.82223,1.62,1.00
2018.05.09 11:35:27.249,1.82212,1.82223,1.00,1.00
2018.05.09 11:35:28.188,1.82206,1.82223,1.00,1.00
2018.05.09 11:35:28.570,1.82211,1.82223,1.00,1.00
2018.05.09 11:35:28.888,1.82207,1.82223,1.00,1.00
2018.05.09 11:35:29.341,1.82202,1.82223,1.00,1.00
2018.05.09 11:35:29.569,1.82206,1.82225,1.00,1.00
2018.05.09 11:35:29.740,1.82201,1.82225,1.12,1.00
2018.05.09 11:35:29.792,1.82211,1.82225,1.00,1.00
2018.05.09 11:35:29.894,1.82216,1.82237,1.00,1.00
2018.05.09 11:35:29.996,1.82222,1.82233,1.00,1.00
2018.05.09 11:35:30.047,1.82217,1.82233,1.00,1.00
2018.05.09 11:35:30.149,1.82211,1.82233,1.87,1.00
2018.05.09 11:35:30.200,1.82211,1.82231,2.62,1.00
2018.05.09 11:35:30.361,1.82205,1.8223,1.00,1.00
2018.05.09 11:35:30.412,1.82212,1.82222,1.00,1.00
2018.05.09 11:35:30.464,1.82207,1.8222,1.00,1.00
2018.05.09 11:35:30.566,1.82207,1.82216,1.00,1.00
2018.05.09 11:35:30.669,1.82207,1.82218,1.50,1.00
2018.05.09 11:35:30.928,1.82212,1.82218,1.00,1.00
2018.05.09 11:35:30.980,1.82207,1.82218,1.50,1.00
2018.05.09 11:35:31.032,1.82212,1.82219,1.00,1.00
2018.05.09 11:35:31.083,1.82212,1.82223,1.00,1.00
2018.05.09 11:35:31.675,1.82212,1.82225,1.00,1.00
2018.05.09 11:35:32.189,1.82212,1.82224,1.00,1.00
2018.05.09 11:35:32.546,1.82207,1.82224,1.00,1.00
2018.05.09 11:35:32.689,1.82206,1.82227,1.00,1.00
2018.05.09 11:35:32.740,1.82211,1.82227,1.00,1.00
2018.05.09 11:35:32.792,1.82212,1.82231,1.00,1.00
2018.05.09 11:35:32.894,1.82212,1.82227,1.00,1.00
2018.05.09 11:35:32.945,1.82209,1.82227,1.00,1.00
2018.05.09 11:35:33.047,1.8221,1.82227,1.56,1.00
2018.05.09 11:35:33.098,1.82217,1.82232,1.00,1.00
2018.05.09 11:35:33.199,1.82217,1.8224,1.25,1.50
2018.05.09 11:35:33.397,1.82222,1.8224,1.00,1.00
2018.05.09 11:35:33.702,1.82217,1.82242,2.06,1.00
2018.05.09 11:35:33.906,1.82221,1.82244,2.06,1.00
2018.05.09 11:35:34.065,1.82221,1.82244,2.06,1.00
2018.05.09 11:35:34.399,1.82225,1.82244,1.00,1.00
2018.05.09 11:35:34.501,1.82225,1.82247,1.00,1.00
2018.05.09 11:35:34.705,1.82224,1.82244,1.87,1.00
2018.05.09 11:35:35.256,1.82225,1.82243,1.00,1.00
2018.05.09 11:35:35.567,1.82221,1.82238,1.00,1.00
2018.05.09 11:35:35.669,1.82221,1.8224,1.00,1.00
2018.05.09 11:35:36.181,1.82222,1.8224,1.00,1.00
2018.05.09 11:35:36.335,1.82219,1.82241,1.50,1.00
2018.05.09 11:35:36.386,1.82219,1.82241,1.56,1.00
2018.05.09 11:35:36.693,1.82221,1.82239,1.00,1.00
2018.05.09 11:35:36.796,1.82221,1.82242,1.00,1.00
2018.05.09 11:35:37.362,1.82221,1.82237,1.00,1.00
2018.05.09 11:35:37.569,1.82218,1.82236,1.50,1.00
2018.05.09 11:35:37.671,1.82217,1.82234,1.00,1.00
2018.05.09 11:35:37.997,1.82217,1.82232,1.00,1.00
2018.05.09 11:35:38.100,1.82217,1.82234,1.00,1.00
2018.05.09 11:35:38.306,1.82218,1.82236,1.00,1.00
2018.05.09 11:35:38.839,1.82218,1.82237,1.31,1.00
2018.05.09 11:35:39.635,1.82218,1.82236,1.00,1.00
2018.05.09 11:35:39.843,1.82215,1.82236,1.50,1.00
2018.05.09 11:35:39.894,1.82211,1.82234,1.75,1.00
2018.05.09 11:35:40.199,1.82216,1.82234,1.00,1.00
2018.05.09 11:35:40.732,1.82216,1.82235,1.25,1.00
2018.05.09 11:35:41.466,1.82217,1.82235,1.00,1.00
2018.05.09 11:35:42.723,1.82221,1.82235,1.00,1.00
2018.05.09 11:35:42.777,1.82216,1.82235,1.25,1.00
2018.05.09 11:35:42.828,1.82227,1.82235,1.00,1.00
2018.05.09 11:35:42.964,1.82222,1.82238,1.25,1.00
2018.05.09 11:35:43.066,1.82222,1.82241,1.00,1.00
2018.05.09 11:35:43.118,1.82216,1.82241,1.12,1.00
2018.05.09 11:35:43.170,1.82227,1.8224,1.00,1.00
2018.05.09 11:35:43.273,1.82221,1.82239,1.00,1.00
2018.05.09 11:35:43.848,1.82226,1.82242,1.00,1.00
2018.05.09 11:35:44.164,1.82221,1.82242,1.00,1.00
2018.05.09 11:35:44.380,1.82217,1.82242,1.69,1.00
2018.05.09 11:35:44.431,1.82217,1.82242,2.25,1.00
2018.05.09 11:35:44.482,1.82217,1.82238,1.50,1.00
2018.05.09 11:35:44.864,1.82221,1.82238,1.00,1.00
2018.05.09 11:35:45.020,1.82217,1.82238,1.56,1.00
2018.05.09 11:35:45.071,1.82227,1.82241,1.00,1.00
2018.05.09 11:35:45.123,1.82218,1.82241,1.19,1.00
2018.05.09 11:35:45.175,1.82227,1.82241,1.00,1.00
2018.05.09 11:35:45.586,1.82222,1.82241,1.00,1.00
2018.05.09 11:35:45.927,1.82216,1.82241,2.81,1.00
2018.05.09 11:35:45.978,1.82222,1.82241,1.00,1.00
2018.05.09 11:35:46.029,1.82217,1.82241,2.06,1.00
2018.05.09 11:35:46.081,1.82221,1.82241,1.00,1.00
2018.05.09 11:35:46.390,1.82226,1.82241,1.00,1.00
2018.05.09 11:35:46.914,1.82227,1.82242,1.00,1.00
2018.05.09 11:35:47.066,1.82227,1.82245,1.00,1.00
2018.05.09 11:35:47.292,1.82224,1.82247,1.19,1.00
2018.05.09 11:35:47.395,1.82222,1.82243,1.00,1.00
2018.05.09 11:35:47.650,1.8222,1.82243,1.00,1.00
2018.05.09 11:35:47.701,1.82222,1.82243,1.00,1.00
2018.05.09 11:35:48.047,1.82222,1.8224,1.00,1.00
2018.05.09 11:35:48.099,1.82222,1.82243,1.00,1.00
2018.05.09 11:35:48.627,1.82222,1.82242,1.00,1.00
2018.05.09 11:35:49.053,1.82226,1.82242,1.00,1.00
2018.05.09 11:35:49.552,1.8222,1.82242,1.25,1.00
2018.05.09 11:35:49.603,1.82226,1.82242,1.00,1.00
2018.05.09 11:35:50.401,1.82227,1.82242,1.00,1.00
2018.05.09 11:35:51.686,1.82222,1.82243,1.00,1.00
2018.05.09 11:35:51.789,1.82217,1.82241,1.00,1.00
2018.05.09 11:35:51.840,1.82226,1.82241,1.00,1.00
2018.05.09 11:35:51.892,1.82221,1.82241,1.00,1.00
2018.05.09 11:35:51.943,1.82227,1.82241,1.00,1.00
2018.05.09 11:35:52.082,1.82221,1.82241,1.00,1.00
2018.05.09 11:35:52.286,1.82226,1.82241,1.00,1.00
2018.05.09 11:35:52.794,1.82226,1.82243,1.00,1.00
2018.05.09 11:35:55.242,1.82221,1.82243,1.12,1.00
2018.05.09 11:35:55.775,1.82222,1.82243,1.00,1.00
2018.05.09 11:35:56.191,1.82219,1.82243,1.87,1.00
2018.05.09 11:35:56.559,1.82219,1.82241,1.87,1.00
2018.05.09 11:35:56.930,1.82222,1.82241,1.00,1.00
2018.05.09 11:35:57.410,1.82226,1.82245,1.00,1.00
2018.05.09 11:35:57.462,1.82222,1.82245,1.87,1.00
2018.05.09 11:35:57.513,1.82227,1.82245,1.00,1.00
2018.05.09 11:35:57.818,1.82226,1.82243,1.00,1.00
2018.05.09 11:35:58.347,1.82226,1.82242,1.00,1.00
2018.05.09 11:36:00.651,1.82227,1.82242,1.00,1.00
2018.05.09 11:36:00.969,1.82227,1.82244,1.00,1.00
2018.05.09 11:36:01.295,1.82227,1.82242,1.00,1.00
2018.05.09 11:36:01.346,1.82221,1.82242,1.50,1.00
2018.05.09 11:36:01.397,1.82226,1.82244,1.00,1.00
2018.05.09 11:36:01.743,1.82227,1.82242,1.00,1.00
2018.05.09 11:36:02.240,1.82232,1.82243,1.00,1.00
2018.05.09 11:36:02.567,1.82226,1.82243,1.00,1.00
2018.05.09 11:36:02.669,1.82223,1.82241,1.12,1.00
2018.05.09 11:36:02.720,1.82231,1.82241,1.00,1.00
2018.05.09 11:36:02.895,1.82226,1.82242,1.00,1.00
2018.05.09 11:36:02.947,1.82232,1.82242,1.00,1.00
2018.05.09 11:36:02.998,1.82232,1.82245,1.00,1.00
2018.05.09 11:36:03.102,1.82228,1.82242,1.50,1.00
2018.05.09 11:36:03.461,1.82226,1.82242,1.00,1.00
2018.05.09 11:36:03.886,1.82222,1.82242,1.31,1.00
2018.05.09 11:36:03.937,1.82227,1.82242,1.00,1.00
2018.05.09 11:36:03.988,1.82227,1.82245,1.00,1.00
2018.05.09 11:36:04.039,1.82231,1.82245,1.00,1.00
2018.05.09 11:36:04.696,1.82237,1.82245,1.00,1.00
2018.05.09 11:36:04.800,1.82236,1.82253,1.00,1.00
2018.05.09 11:36:04.852,1.82238,1.82253,1.75,1.00
2018.05.09 11:36:05.019,1.82238,1.82254,1.12,1.00
2018.05.09 11:36:05.071,1.82238,1.82256,1.50,1.00
2018.05.09 11:36:05.175,1.82236,1.82253,1.00,1.00
2018.05.09 11:36:05.530,1.82241,1.82252,1.00,1.00
2018.05.09 11:36:05.633,1.82237,1.82251,1.00,1.00
2018.05.09 11:36:07.008,1.82237,1.82249,1.00,1.00
2018.05.09 11:36:07.317,1.82237,1.82247,1.00,1.00
2018.05.09 11:36:07.487,1.82232,1.82247,1.25,1.00
2018.05.09 11:36:07.538,1.82237,1.82247,1.00,1.00
2018.05.09 11:36:07.590,1.82237,1.8225,1.00,1.00
2018.05.09 11:36:07.795,1.82237,1.82255,1.00,1.00
2018.05.09 11:36:08.174,1.82237,1.82252,1.00,1.00
2018.05.09 11:36:08.480,1.82242,1.82254,1.00,1.00
2018.05.09 11:36:09.239,1.82241,1.82254,1.00,1.00
2018.05.09 11:36:09.290,1.82236,1.82251,1.00,1.00
2018.05.09 11:36:09.825,1.82237,1.82251,1.00,1.00
2018.05.09 11:36:09.982,1.82237,1.82254,1.00,1.00
2018.05.09 11:36:10.506,1.82236,1.82254,1.00,1.00
2018.05.09 11:36:11.013,1.82242,1.82253,1.00,1.00
2018.05.09 11:36:11.064,1.82242,1.82256,1.00,1.00
2018.05.09 11:36:11.889,1.82241,1.82256,1.00,1.00
2018.05.09 11:36:12.298,1.82246,1.82257,1.00,1.00
2018.05.09 11:36:12.349,1.8224,1.82257,1.56,1.00
2018.05.09 11:36:12.472,1.82247,1.82266,1.00,1.00
2018.05.09 11:36:12.777,1.82247,1.82264,1.00,1.00
2018.05.09 11:36:13.367,1.82246,1.82264,2.25,1.00
2018.05.09 11:36:13.675,1.82252,1.82267,1.50,1.00
2018.05.09 11:36:13.778,1.82252,1.82271,1.50,1.00
2018.05.09 11:36:13.992,1.82252,1.82269,1.00,1.00
2018.05.09 11:36:14.043,1.82248,1.82269,1.00,1.00
2018.05.09 11:36:14.095,1.82246,1.82269,1.00,1.25
2018.05.09 11:36:14.146,1.82244,1.82267,1.00,1.37
2018.05.09 11:36:14.458,1.82236,1.82255,1.50,1.00
2018.05.09 11:36:14.764,1.82242,1.82255,1.00,1.00
2018.05.09 11:36:14.866,1.82243,1.82259,1.00,1.00
2018.05.09 11:36:14.918,1.82247,1.82257,1.00,1.00
2018.05.09 11:36:15.236,1.82252,1.82261,1.00,1.00
2018.05.09 11:36:15.288,1.82247,1.82261,1.00,1.00
2018.05.09 11:36:15.390,1.82242,1.82261,1.00,1.00
2018.05.09 11:36:15.544,1.82237,1.82261,1.69,1.00
2018.05.09 11:36:15.596,1.82236,1.82259,1.00,1.00
2018.05.09 11:36:15.930,1.82236,1.82253,1.00,1.00
2018.05.09 11:36:16.211,1.82246,1.82265,1.00,1.00
2018.05.09 11:36:16.365,1.82246,1.82269,1.25,1.00
2018.05.09 11:36:16.521,1.82251,1.82269,1.00,1.00
2018.05.09 11:36:16.573,1.82251,1.82271,1.00,1.00
2018.05.09 11:36:17.090,1.82256,1.82271,1.00,1.00
2018.05.09 11:36:17.142,1.82252,1.82271,1.00,1.00
2018.05.09 11:36:17.306,1.82252,1.82273,1.00,1.00
2018.05.09 11:36:17.663,1.82256,1.82273,1.00,1.00
2018.05.09 11:36:17.765,1.82252,1.82273,1.00,1.00
2018.05.09 11:36:17.818,1.82247,1.82273,2.06,1.00
2018.05.09 11:36:17.870,1.82248,1.82273,2.25,1.00
2018.05.09 11:36:18.131,1.82256,1.82279,1.50,1.00
2018.05.09 11:36:18.183,1.82262,1.82281,1.00,1.00
2018.05.09 11:36:18.336,1.82257,1.82281,1.00,1.00
2018.05.09 11:36:19.018,1.82256,1.82281,1.00,1.00
2018.05.09 11:36:19.570,1.82257,1.82281,1.00,1.00
2018.05.09 11:36:19.869,1.82256,1.82279,1.00,1.00
2018.05.09 11:36:19.920,1.82253,1.82279,1.00,1.00
2018.05.09 11:36:19.971,1.82251,1.82278,2.06,1.00
2018.05.09 11:36:20.073,1.82251,1.82278,2.25,1.00
2018.05.09 11:36:20.411,1.82256,1.82278,1.00,1.00
2018.05.09 11:36:21.462,1.82256,1.82279,1.00,1.00
2018.05.09 11:36:22.002,1.82257,1.82279,1.00,1.00
2018.05.09 11:36:23.192,1.82253,1.82279,1.37,1.25
2018.05.09 11:36:23.244,1.82253,1.82276,1.00,1.56
2018.05.09 11:36:23.398,1.82246,1.82271,1.00,1.44
2018.05.09 11:36:23.449,1.82243,1.82271,2.25,1.44
2018.05.09 11:36:23.790,1.82246,1.82271,1.38,1.00
2018.05.09 11:36:23.995,1.82265,1.82291,1.00,1.50
2018.05.09 11:36:24.097,1.82265,1.82285,1.00,1.00
2018.05.09 11:36:24.251,1.82263,1.82285,1.50,1.00
2018.05.09 11:36:24.788,1.82263,1.82284,1.00,1.00
2018.05.09 11:36:25.561,1.82264,1.82284,1.00,1.00
2018.05.09 11:36:25.682,1.8226,1.82277,1.00,1.00
2018.05.09 11:36:25.785,1.82249,1.82271,1.50,1.09
2018.05.09 11:36:25.836,1.82249,1.82264,1.00,1.56
2018.05.09 11:36:26.044,1.82247,1.82262,1.00,1.50
2018.05.09 11:36:26.096,1.82247,1.82252,1.00,1.00
2018.05.09 11:36:26.147,1.82237,1.82252,1.00,1.00
2018.05.09 11:36:26.199,1.82242,1.82257,1.00,1.00
2018.05.09 11:36:26.252,1.82237,1.82257,1.38,1.00
2018.05.09 11:36:26.375,1.82251,1.82264,1.88,1.00
2018.05.09 11:36:26.428,1.82252,1.82269,2.06,1.00
2018.05.09 11:36:26.480,1.82258,1.82269,1.00,1.00
2018.05.09 11:36:26.635,1.82258,1.82273,1.44,1.50
2018.05.09 11:36:26.792,1.82258,1.82286,1.00,1.00
2018.05.09 11:36:27.127,1.82256,1.82281,1.00,1.00
2018.05.09 11:36:27.434,1.82266,1.82286,1.00,1.69
2018.05.09 11:36:27.757,1.82268,1.82286,1.00,1.69
2018.05.09 11:36:28.305,1.82264,1.82286,1.00,3.00
2018.05.09 11:36:28.663,1.82261,1.82286,1.50,1.50
2018.05.09 11:36:29.195,1.82261,1.82285,1.00,1.13
2018.05.09 11:36:29.399,1.82262,1.82286,1.00,1.63
2018.05.09 11:36:29.938,1.82263,1.82285,1.00,1.44
2018.05.09 11:36:30.286,1.82267,1.82285,1.00,1.00
2018.05.09 11:36:30.953,1.82267,1.82285,1.00,1.44
2018.05.09 11:36:31.161,1.82259,1.82282,1.00,2.63
2018.05.09 11:36:31.571,1.82257,1.82281,1.00,1.38
2018.05.09 11:36:31.725,1.82257,1.82282,1.00,2.81
2018.05.09 11:36:31.828,1.82257,1.82282,1.50,1.69
2018.05.09 11:36:31.880,1.82262,1.82283,1.00,1.25
2018.05.09 11:36:32.213,1.82265,1.82287,1.00,1.38
2018.05.09 11:36:32.758,1.82265,1.8229,1.00,1.50
2018.05.09 11:36:33.296,1.82266,1.8229,1.00,1.75
2018.05.09 11:36:33.608,1.82268,1.82288,1.00,3.19
2018.05.09 11:36:34.182,1.82268,1.82288,1.00,3.19
2018.05.09 11:36:34.692,1.82268,1.82288,1.00,1.75
2018.05.09 11:36:35.000,1.82268,1.82288,1.00,1.25
2018.05.09 11:36:35.103,1.82276,1.82293,1.00,1.00
2018.05.09 11:36:35.155,1.82276,1.82295,1.00,1.00
2018.05.09 11:36:35.206,1.82281,1.823,1.00,1.00
2018.05.09 11:36:35.359,1.82282,1.82302,1.00,1.25
2018.05.09 11:36:35.511,1.82282,1.82304,1.00,2.44
2018.05.09 11:36:35.613,1.82282,1.82304,1.00,2.44
2018.05.09 11:36:36.146,1.82282,1.82303,1.00,1.19
2018.05.09 11:36:36.351,1.82282,1.82304,1.00,1.00
2018.05.09 11:36:36.403,1.82287,1.82308,1.00,1.00
2018.05.09 11:36:36.710,1.82289,1.82309,1.00,1.56
2018.05.09 11:36:36.761,1.82286,1.82309,1.00,1.56
2018.05.09 11:36:36.863,1.82288,1.82309,1.00,2.44
2018.05.09 11:36:36.915,1.82285,1.82311,1.12,1.00
2018.05.09 11:36:37.051,1.82292,1.82316,1.50,1.00
2018.05.09 11:36:37.153,1.82294,1.8232,1.50,1.25
2018.05.09 11:36:37.358,1.82294,1.8232,1.00,1.12
2018.05.09 11:36:37.409,1.82292,1.82319,1.00,1.31
2018.05.09 11:36:37.942,1.82292,1.82319,1.00,1.13
2018.05.09 11:36:38.044,1.8229,1.82318,1.00,1.50
2018.05.09 11:36:38.352,1.8229,1.82315,1.00,1.25
2018.05.09 11:36:38.865,1.82289,1.82314,1.00,1.00
2018.05.09 11:36:39.401,1.82289,1.82315,1.00,1.25
2018.05.09 11:36:39.707,1.82285,1.82309,1.00,1.38
2018.05.09 11:36:39.810,1.82282,1.82307,1.00,1.00
2018.05.09 11:36:39.861,1.82282,1.82306,1.00,1.44
2018.05.09 11:36:39.964,1.82276,1.82304,1.31,1.00
2018.05.09 11:36:40.066,1.82279,1.82305,1.00,1.38
2018.05.09 11:36:40.199,1.82277,1.82303,1.00,1.00
2018.05.09 11:36:40.963,1.82277,1.82303,1.31,1.00
2018.05.09 11:36:41.134,1.8228,1.82305,1.00,1.00
2018.05.09 11:36:41.186,1.82276,1.82302,1.00,2.25
2018.05.09 11:36:41.338,1.82281,1.82302,1.00,1.50
2018.05.09 11:36:41.440,1.82277,1.82302,1.00,1.00
2018.05.09 11:36:41.593,1.82278,1.82305,1.37,1.00
2018.05.09 11:36:41.646,1.82282,1.82305,1.00,1.00
2018.05.09 11:36:41.741,1.82279,1.82304,1.56,1.00
2018.05.09 11:36:41.801,1.82281,1.82304,1.37,1.00
2018.05.09 11:36:42.006,1.82282,1.82307,1.00,1.00
2018.05.09 11:36:42.262,1.82286,1.82309,1.00,1.00
2018.05.09 11:36:42.691,1.82286,1.82311,1.00,1.25
2018.05.09 11:36:42.809,1.82286,1.82302,1.00,1.00
2018.05.09 11:36:42.860,1.82286,1.82307,1.00,1.00
2018.05.09 11:36:42.962,1.82286,1.82305,1.00,1.00
2018.05.09 11:36:43.065,1.82278,1.82303,1.00,1.13
2018.05.09 11:36:43.636,1.82277,1.82303,1.00,1.00
2018.05.09 11:36:44.165,1.8228,1.82304,1.37,1.00
2018.05.09 11:36:44.216,1.8228,1.82306,1.37,1.50
2018.05.09 11:36:44.741,1.82281,1.82309,1.00,1.38
2018.05.09 11:36:45.093,1.82281,1.82309,1.00,1.44
2018.05.09 11:36:45.625,1.82281,1.82307,1.00,1.25
2018.05.09 11:36:45.676,1.82279,1.82307,1.00,2.25
2018.05.09 11:36:45.778,1.82277,1.82304,1.00,1.00
2018.05.09 11:36:46.328,1.82276,1.82304,2.62,1.00
2018.05.09 11:36:46.481,1.82278,1.82304,1.00,1.00
2018.05.09 11:36:46.907,1.82282,1.82304,1.00,1.00
2018.05.09 11:36:47.061,1.82279,1.82307,1.00,1.81
2018.05.09 11:36:47.213,1.82282,1.82306,1.00,1.13
2018.05.09 11:36:47.334,1.82276,1.82303,1.69,1.00
2018.05.09 11:36:47.763,1.82276,1.82301,1.00,1.00
2018.05.09 11:36:48.223,1.82277,1.82298,1.00,1.00
2018.05.09 11:36:48.529,1.82273,1.82298,1.00,1.00
2018.05.09 11:36:48.581,1.82277,1.82298,1.00,1.00
2018.05.09 11:36:48.888,1.82277,1.823,1.00,1.00
2018.05.09 11:36:49.402,1.82276,1.823,1.00,1.00
2018.05.09 11:36:49.453,1.82282,1.823,1.00,1.00
2018.05.09 11:36:49.528,1.82282,1.82302,1.00,1.00
2018.05.09 11:36:49.681,1.82282,1.82305,1.00,1.00
2018.05.09 11:36:49.885,1.82282,1.82303,1.00,1.00
2018.05.09 11:36:50.701,1.82282,1.82305,1.00,1.00
2018.05.09 11:36:51.229,1.82282,1.82307,1.00,1.25
2018.05.09 11:36:52.990,1.82281,1.82307,1.50,1.00
2018.05.09 11:36:53.989,1.82279,1.82305,1.00,1.94
2018.05.09 11:36:54.193,1.82265,1.82291,1.00,1.50
2018.05.09 11:36:54.244,1.82267,1.82291,1.00,1.00
2018.05.09 11:36:54.575,1.82267,1.82286,1.00,1.25
2018.05.09 11:36:54.679,1.82261,1.82285,1.00,1.12
2018.05.09 11:36:55.191,1.82261,1.82284,1.00,1.25
2018.05.09 11:36:55.242,1.82257,1.82284,1.00,1.25
2018.05.09 11:36:55.433,1.82261,1.82284,1.00,1.25
2018.05.09 11:36:55.739,1.82266,1.82287,1.00,1.00
2018.05.09 11:36:56.216,1.82261,1.82287,1.88,1.00
2018.05.09 11:36:56.530,1.82266,1.82286,1.00,1.00
2018.05.09 11:36:56.784,1.8226,1.82286,1.44,1.00
2018.05.09 11:36:56.835,1.82266,1.82286,1.00,1.00
2018.05.09 11:36:57.870,1.82266,1.82284,1.00,1.00
2018.05.09 11:36:58.379,1.82267,1.82284,1.00,1.00
2018.05.09 11:36:58.482,1.82261,1.82284,1.38,1.00
2018.05.09 11:36:58.534,1.82262,1.82284,1.38,1.00
2018.05.09 11:36:58.689,1.82271,1.82294,1.38,1.00
2018.05.09 11:36:58.741,1.82271,1.82294,1.38,1.00
2018.05.09 11:36:58.792,1.82271,1.82296,1.38,1.00
2018.05.09 11:36:59.151,1.82271,1.82297,1.00,1.00
2018.05.09 11:36:59.506,1.82272,1.82297,1.44,1.00
2018.05.09 11:36:59.609,1.82272,1.82299,2.25,1.50
2018.05.09 11:37:00.119,1.82272,1.82298,1.31,1.00
2018.05.09 11:37:00.863,1.82272,1.82299,1.25,1.00
2018.05.09 11:37:01.273,1.82272,1.82297,1.00,1.00
2018.05.09 11:37:01.601,1.8227,1.82289,1.00,1.94
2018.05.09 11:37:01.808,1.82249,1.82275,1.25,2.44
2018.05.09 11:37:02.164,1.82253,1.82277,1.38,1.00
2018.05.09 11:37:02.215,1.82256,1.82279,1.44,1.00
2018.05.09 11:37:02.267,1.82256,1.82281,1.50,1.50
2018.05.09 11:37:02.804,1.82256,1.82282,2.25,1.00
2018.05.09 11:37:02.908,1.82256,1.82281,1.12,1.00
2018.05.09 11:37:03.063,1.82257,1.82279,1.00,1.00
2018.05.09 11:37:03.582,1.82256,1.82279,1.00,1.00
2018.05.09 11:37:04.566,1.82253,1.82279,1.37,1.00
2018.05.09 11:37:04.870,1.82247,1.82272,1.37,1.00
2018.05.09 11:37:04.972,1.82248,1.82274,1.37,1.00
2018.05.09 11:37:05.203,1.82248,1.82276,1.12,1.00
2018.05.09 11:37:05.408,1.82251,1.82276,1.00,1.50
2018.05.09 11:37:05.777,1.82249,1.82275,1.00,1.00
2018.05.09 11:37:06.367,1.82257,1.82276,1.00,1.50
2018.05.09 11:37:06.471,1.82257,1.82283,1.50,1.00
2018.05.09 11:37:06.678,1.82258,1.82285,1.00,1.00
2018.05.09 11:37:06.781,1.82258,1.82285,1.00,1.38
2018.05.09 11:37:07.182,1.82256,1.82281,1.00,1.00
2018.05.09 11:37:07.336,1.82262,1.82281,1.00,1.00
2018.05.09 11:37:07.388,1.82257,1.82282,1.00,2.25
2018.05.09 11:37:07.439,1.82261,1.82281,1.00,1.00
2018.05.09 11:37:07.594,1.82267,1.8229,1.00,1.00
2018.05.09 11:37:08.343,1.82262,1.8229,1.69,1.00
2018.05.09 11:37:08.649,1.82267,1.8229,1.00,1.00
2018.05.09 11:37:09.005,1.82267,1.82292,1.00,1.00
2018.05.09 11:37:09.057,1.82267,1.82292,1.00,1.38
2018.05.09 11:37:09.468,1.82262,1.8229,1.00,1.13
2018.05.09 11:37:09.571,1.82262,1.82288,1.00,1.00
2018.05.09 11:37:09.877,1.82259,1.82285,1.00,1.00
2018.05.09 11:37:10.424,1.82257,1.82285,1.81,1.00
2018.05.09 11:37:11.056,1.82257,1.82285,1.12,1.00
2018.05.09 11:37:11.361,1.82259,1.82285,1.81,1.00
2018.05.09 11:37:11.504,1.82261,1.82287,2.44,1.00
2018.05.09 11:37:12.078,1.8226,1.82286,1.00,1.25
2018.05.09 11:37:12.130,1.8226,1.82284,1.00,1.00
2018.05.09 11:37:12.181,1.82257,1.82284,1.56,1.00
2018.05.09 11:37:12.340,1.82257,1.82287,1.63,2.63
2018.05.09 11:37:12.442,1.82257,1.82287,1.31,1.69
2018.05.09 11:37:12.560,1.82256,1.82285,1.56,1.00
2018.05.09 11:37:13.093,1.82257,1.82285,1.56,1.00
2018.05.09 11:37:13.460,1.82262,1.82283,1.00,1.00
2018.05.09 11:37:13.888,1.82262,1.82286,1.00,1.00
2018.05.09 11:37:13.991,1.8226,1.82286,1.00,1.50
2018.05.09 11:37:14.308,1.82263,1.82286,1.00,1.00
2018.05.09 11:37:14.360,1.82263,1.82288,1.00,1.00
2018.05.09 11:37:14.412,1.82265,1.82291,1.25,1.00
2018.05.09 11:37:14.464,1.82266,1.82294,1.00,1.69
2018.05.09 11:37:14.993,1.82267,1.82295,1.00,1.69
2018.05.09 11:37:15.500,1.82267,1.82294,1.50,1.00
2018.05.09 11:37:16.709,1.82267,1.82294,1.50,1.88
2018.05.09 11:37:16.965,1.82261,1.82287,1.00,1.25
2018.05.09 11:37:17.119,1.82261,1.82287,1.56,1.00
2018.05.09 11:37:17.630,1.82263,1.82288,1.31,1.88
2018.05.09 11:37:18.615,1.82264,1.82289,1.00,1.13
2018.05.09 11:37:19.186,1.82268,1.82291,1.37,1.00
2018.05.09 11:37:19.390,1.82262,1.82288,1.87,1.38
2018.05.09 11:37:19.745,1.82262,1.82288,1.00,1.13
2018.05.09 11:37:19.897,1.82267,1.82291,1.00,1.88
2018.05.09 11:37:20.181,1.82264,1.8229,1.00,1.38
2018.05.09 11:37:20.385,1.82264,1.8229,1.00,1.38
2018.05.09 11:37:20.487,1.8226,1.82285,1.00,2.63
2018.05.09 11:37:20.538,1.8226,1.82285,1.00,3.38
2018.05.09 11:37:20.589,1.82259,1.82282,1.00,1.50
2018.05.09 11:37:20.640,1.82259,1.82285,1.50,1.88
2018.05.09 11:37:20.692,1.82257,1.8228,1.50,1.50
2018.05.09 11:37:20.877,1.82261,1.82286,1.00,1.69
2018.05.09 11:37:21.915,1.82267,1.82286,1.00,1.00
2018.05.09 11:37:22.076,1.82261,1.82285,1.00,1.00
2018.05.09 11:37:22.178,1.8226,1.82283,1.50,1.00
2018.05.09 11:37:22.483,1.82261,1.82286,2.25,1.00
2018.05.09 11:37:22.788,1.8226,1.82287,1.00,2.25
2018.05.09 11:37:22.916,1.8226,1.82283,1.00,1.00
2018.05.09 11:37:22.967,1.82257,1.82283,1.31,1.00
2018.05.09 11:37:23.221,1.82261,1.82284,1.00,1.00
2018.05.09 11:37:23.636,1.82257,1.82283,1.50,1.38
2018.05.09 11:37:23.687,1.82257,1.82283,1.00,1.25
2018.05.09 11:37:23.789,1.82257,1.82284,1.00,1.88
2018.05.09 11:37:23.892,1.82256,1.82282,1.00,1.38
2018.05.09 11:37:24.885,1.82256,1.82282,1.00,1.38
2018.05.09 11:37:25.091,1.82254,1.82282,1.25,1.38
2018.05.09 11:37:25.391,1.82254,1.82282,1.31,1.38
2018.05.09 11:37:25.545,1.82256,1.82282,1.00,1.00
2018.05.09 11:37:25.852,1.82256,1.82282,1.00,1.38
2018.05.09 11:37:26.689,1.82256,1.82282,1.50,1.44
2018.05.09 11:37:27.191,1.82257,1.82284,1.00,3.38
2018.05.09 11:37:27.735,1.82257,1.82284,1.00,2.63
2018.05.09 11:37:28.298,1.82257,1.82284,1.00,3.38
2018.05.09 11:37:28.618,1.82257,1.82283,1.00,1.00
2018.05.09 11:37:28.669,1.82255,1.82283,1.00,1.50
2018.05.09 11:37:29.440,1.82255,1.82283,1.00,1.88
2018.05.09 11:37:29.925,1.82255,1.82278,1.00,1.00
2018.05.09 11:37:30.178,1.82253,1.82278,1.00,1.00
2018.05.09 11:37:30.693,1.82253,1.82279,1.63,1.00
2018.05.09 11:37:30.745,1.82254,1.82281,1.56,1.00
2018.05.09 11:37:31.319,1.82257,1.82283,1.00,1.38
2018.05.09 11:37:31.707,1.82255,1.82283,1.00,1.38
2018.05.09 11:37:31.871,1.82255,1.82285,2.06,1.44
2018.05.09 11:37:32.179,1.82261,1.82288,1.00,1.44
2018.05.09 11:37:32.587,1.82261,1.82291,2.06,1.38
2018.05.09 11:37:33.096,1.82261,1.82291,1.25,1.88
2018.05.09 11:37:33.561,1.82262,1.82287,1.00,2.25
2018.05.09 11:37:33.816,1.82262,1.82286,1.00,1.00
2018.05.09 11:37:33.867,1.82262,1.82288,2.25,1.13
2018.05.09 11:37:34.251,1.82266,1.82289,1.00,1.25
2018.05.09 11:37:34.763,1.82266,1.82288,1.00,1.25
2018.05.09 11:37:34.917,1.82262,1.82286,1.00,1.25
2018.05.09 11:37:35.426,1.82262,1.82285,1.00,1.00
2018.05.09 11:37:36.142,1.82259,1.82285,1.00,1.00
2018.05.09 11:37:36.193,1.82262,1.82287,1.00,1.69
2018.05.09 11:37:36.244,1.82259,1.82287,2.81,1.00
2018.05.09 11:37:36.295,1.82261,1.82287,1.00,1.50
2018.05.09 11:37:36.754,1.82261,1.82284,1.00,1.25
2018.05.09 11:37:36.806,1.82259,1.82285,1.50,1.25
2018.05.09 11:37:37.042,1.82259,1.82284,1.00,1.44
2018.05.09 11:37:37.295,1.82259,1.82285,1.00,1.13
2018.05.09 11:37:37.346,1.82259,1.82284,1.00,1.44
2018.05.09 11:37:37.600,1.82256,1.82285,1.00,2.63
2018.05.09 11:37:37.702,1.82254,1.82281,1.50,1.25
2018.05.09 11:37:38.215,1.82253,1.82282,3.00,1.75
2018.05.09 11:37:38.773,1.82254,1.82282,1.00,1.50
2018.05.09 11:37:39.028,1.82254,1.82282,1.00,1.75
2018.05.09 11:37:39.369,1.82254,1.82277,1.00,1.25
2018.05.09 11:37:39.575,1.82242,1.82268,2.44,1.31
2018.05.09 11:37:39.831,1.82239,1.82266,2.06,1.00
2018.05.09 11:37:39.882,1.82242,1.82266,1.00,1.00
2018.05.09 11:37:39.986,1.82243,1.82269,1.50,1.00
2018.05.09 11:37:40.107,1.82246,1.82271,1.00,1.19
2018.05.09 11:37:40.518,1.82248,1.82272,1.00,1.25
2018.05.09 11:37:41.030,1.82247,1.82274,1.50,1.38
2018.05.09 11:37:41.433,1.82248,1.82274,1.00,1.00
2018.05.09 11:37:41.587,1.82248,1.82274,1.00,1.38
2018.05.09 11:37:41.691,1.82248,1.82274,1.00,1.13
2018.05.09 11:37:41.794,1.8225,1.82276,1.00,1.88
2018.05.09 11:37:41.999,1.82251,1.82276,1.00,1.13
2018.05.09 11:37:42.503,1.82251,1.82277,1.00,1.50
2018.05.09 11:37:42.908,1.82252,1.82277,1.50,1.13
2018.05.09 11:37:44.889,1.82252,1.82277,1.00,1.44
2018.05.09 11:37:45.390,1.82251,1.82277,1.50,1.13
2018.05.09 11:37:45.943,1.82254,1.82277,1.00,1.00
2018.05.09 11:37:48.315,1.82252,1.82277,1.00,1.00
2018.05.09 11:37:48.515,1.82256,1.82277,1.00,1.00
2018.05.09 11:37:48.772,1.82256,1.8228,1.50,1.00
2018.05.09 11:37:49.436,1.82256,1.8228,1.00,1.88
2018.05.09 11:37:49.489,1.82253,1.8228,1.00,1.88
2018.05.09 11:37:49.694,1.82252,1.8228,2.62,1.88
2018.05.09 11:37:50.001,1.82249,1.82261,1.00,1.00
2018.05.09 11:37:50.153,1.82246,1.8226,1.00,1.00
2018.05.09 11:37:50.205,1.82249,1.8226,1.00,1.75
2018.05.09 11:37:50.439,1.82241,1.82255,1.50,1.00
2018.05.09 11:37:50.694,1.82239,1.82255,1.00,1.00
2018.05.09 11:37:50.797,1.82232,1.82255,1.50,1.00
2018.05.09 11:37:50.899,1.82233,1.82258,1.50,1.00
2018.05.09 11:37:51.001,1.82235,1.82261,1.00,1.00
2018.05.09 11:37:51.205,1.82237,1.82262,1.00,1.88
2018.05.09 11:37:51.307,1.82234,1.82259,1.00,1.00
2018.05.09 11:37:51.662,1.82233,1.82256,1.12,1.00
2018.05.09 11:37:52.222,1.82232,1.82258,1.50,1.00
2018.05.09 11:37:52.733,1.82232,1.82259,1.37,1.38
2018.05.09 11:37:52.887,1.82232,1.82254,1.00,1.00
2018.05.09 11:37:53.270,1.82228,1.82249,1.00,1.00
2018.05.09 11:37:53.578,1.82227,1.82244,1.50,1.00
2018.05.09 11:37:53.630,1.82227,1.82244,1.12,1.00
2018.05.09 11:37:53.732,1.82227,1.82251,1.87,1.50
2018.05.09 11:37:53.936,1.82227,1.82246,2.25,1.00
2018.05.09 11:37:54.141,1.82224,1.82246,1.87,1.00
2018.05.09 11:37:54.193,1.82224,1.8225,2.62,1.00
2018.05.09 11:37:54.304,1.82228,1.82251,1.00,1.50
2018.05.09 11:37:54.406,1.82232,1.82256,1.87,1.00
2018.05.09 11:37:54.915,1.82233,1.82255,1.00,1.00
2018.05.09 11:37:55.484,1.82232,1.82258,1.00,1.50
2018.05.09 11:37:55.535,1.82232,1.82256,1.00,1.00
2018.05.09 11:37:55.842,1.82232,1.82257,1.50,1.88
2018.05.09 11:37:56.201,1.8223,1.82254,1.00,1.44
2018.05.09 11:37:56.751,1.8223,1.82255,1.00,1.38
2018.05.09 11:37:56.802,1.8223,1.82255,1.00,1.44
2018.05.09 11:37:56.853,1.8223,1.82255,1.00,1.38
2018.05.09 11:37:57.263,1.8223,1.82255,1.00,1.44
2018.05.09 11:37:57.314,1.8223,1.82255,1.00,1.38
2018.05.09 11:37:57.416,1.8223,1.82255,1.00,1.44
2018.05.09 11:37:57.883,1.82228,1.82254,1.00,1.38
2018.05.09 11:37:58.392,1.82229,1.82256,1.00,1.88
2018.05.09 11:37:59.161,1.82229,1.82256,1.00,1.69
2018.05.09 11:37:59.580,1.82231,1.82256,1.00,1.25
2018.05.09 11:37:59.683,1.82229,1.82257,1.00,2.25
2018.05.09 11:37:59.734,1.82231,1.82256,1.00,1.13
2018.05.09 11:37:59.889,1.82233,1.82259,1.00,1.25
2018.05.09 11:37:59.991,1.82236,1.82259,1.00,1.25
2018.05.09 11:38:00.541,1.82236,1.82258,1.00,1.00
2018.05.09 11:38:01.067,1.82236,1.82257,1.00,1.00
2018.05.09 11:38:01.439,1.82238,1.82257,1.00,1.00
2018.05.09 11:38:01.493,1.82238,1.82262,1.50,1.00
2018.05.09 11:38:01.698,1.82238,1.82265,1.50,1.50
2018.05.09 11:38:02.056,1.82236,1.82265,1.00,1.75
2018.05.09 11:38:02.108,1.82233,1.82261,1.50,1.50
2018.05.09 11:38:02.159,1.82237,1.82261,1.00,1.25
2018.05.09 11:38:02.541,1.82236,1.8226,1.00,1.37
2018.05.09 11:38:02.850,1.82242,1.8226,1.00,1.00
2018.05.09 11:38:03.196,1.82237,1.8226,1.00,1.00
2018.05.09 11:38:03.299,1.82234,1.8226,2.25,1.00
2018.05.09 11:38:03.350,1.82234,1.8226,3.00,1.50
2018.05.09 11:38:03.402,1.82234,1.8226,1.50,1.25
2018.05.09 11:38:03.453,1.82231,1.82257,1.00,1.00
2018.05.09 11:38:03.776,1.82231,1.82255,1.00,1.00
2018.05.09 11:38:05.176,1.82231,1.82254,1.00,1.00
2018.05.09 11:38:05.278,1.82228,1.82254,1.12,1.00
2018.05.09 11:38:05.435,1.82237,1.82254,1.00,1.00
2018.05.09 11:38:05.805,1.82231,1.82255,1.00,1.00
2018.05.09 11:38:06.502,1.82231,1.82256,1.00,1.00
2018.05.09 11:38:07.114,1.82232,1.82256,1.00,1.00
2018.05.09 11:38:07.459,1.82232,1.82254,1.00,1.00
2018.05.09 11:38:08.264,1.82231,1.82254,1.00,1.00
2018.05.09 11:38:08.963,1.82232,1.82254,1.00,1.00
2018.05.09 11:38:09.075,1.82232,1.82258,1.00,1.13
2018.05.09 11:38:10.030,1.82232,1.82258,2.25,1.38
2018.05.09 11:38:10.193,1.82228,1.82254,1.00,1.44
2018.05.09 11:38:10.502,1.82232,1.82257,1.00,1.44
2018.05.09 11:38:10.972,1.82231,1.82253,1.00,1.00
2018.05.09 11:38:11.075,1.82229,1.82253,1.00,1.00
2018.05.09 11:38:11.178,1.82228,1.82251,1.00,1.00
2018.05.09 11:38:11.229,1.82226,1.82251,1.69,1.00
2018.05.09 11:38:11.433,1.82223,1.82251,1.50,1.50
2018.05.09 11:38:11.484,1.82222,1.82244,1.00,1.00
2018.05.09 11:38:11.585,1.82221,1.82246,1.25,1.00
2018.05.09 11:38:12.002,1.82221,1.8224,1.00,1.00
2018.05.09 11:38:14.013,1.82216,1.8224,1.56,1.00
2018.05.09 11:38:14.595,1.82216,1.8224,2.06,1.00
2018.05.09 11:38:14.697,1.82216,1.8224,1.31,1.00
2018.05.09 11:38:15.242,1.82213,1.82239,2.81,1.00
2018.05.09 11:38:15.293,1.82216,1.82239,1.56,1.00
2018.05.09 11:38:15.586,1.82216,1.82241,1.56,1.00
2018.05.09 11:38:16.116,1.82216,1.82241,2.63,1.00
2018.05.09 11:38:16.167,1.82221,1.82241,1.00,1.00
2018.05.09 11:38:16.473,1.82217,1.82241,1.56,1.00
2018.05.09 11:38:16.576,1.82221,1.82241,1.00,1.00
2018.05.09 11:38:16.805,1.82226,1.8225,1.12,1.00
2018.05.09 11:38:16.907,1.82227,1.82253,1.00,1.38
2018.05.09 11:38:16.958,1.82225,1.82252,1.00,1.38
2018.05.09 11:38:17.264,1.82227,1.82249,1.00,1.00
2018.05.09 11:38:17.673,1.82226,1.82244,1.00,1.00
2018.05.09 11:38:18.214,1.82221,1.82244,1.69,1.00
2018.05.09 11:38:18.725,1.82222,1.82243,1.00,1.00
2018.05.09 11:38:18.878,1.82217,1.82243,2.62,1.00
2018.05.09 11:38:19.218,1.82221,1.82243,1.00,1.00
2018.05.09 11:38:19.372,1.82221,1.82246,1.56,1.00
2018.05.09 11:38:19.577,1.82221,1.82248,1.56,1.50
2018.05.09 11:38:20.124,1.82221,1.82248,1.56,1.50
2018.05.09 11:38:20.644,1.82222,1.82249,1.31,1.50
2018.05.09 11:38:20.883,1.82222,1.82247,1.31,1.00
2018.05.09 11:38:21.356,1.82221,1.82247,1.87,1.00
2018.05.09 11:38:21.509,1.82221,1.82249,1.87,1.50
2018.05.09 11:38:21.623,1.82226,1.82249,1.37,1.00
2018.05.09 11:38:21.675,1.82226,1.82252,1.56,1.00
2018.05.09 11:38:22.206,1.82225,1.82252,1.56,1.00
2018.05.09 11:38:22.817,1.82224,1.82252,3.94,1.00
2018.05.09 11:38:23.384,1.82224,1.82252,2.81,1.00
2018.05.09 11:38:23.963,1.82226,1.82254,1.63,1.25
2018.05.09 11:38:24.494,1.82226,1.82254,1.31,1.00
2018.05.09 11:38:25.008,1.82226,1.82254,2.06,1.25
2018.05.09 11:38:25.646,1.82226,1.82254,2.06,1.00
2018.05.09 11:38:25.874,1.82226,1.82254,2.06,1.13
2018.05.09 11:38:26.401,1.82229,1.82254,1.00,1.00
2018.05.09 11:38:26.736,1.82226,1.82253,1.12,1.38
2018.05.09 11:38:27.002,1.82218,1.82244,1.25,1.00
2018.05.09 11:38:27.538,1.82219,1.82245,1.00,1.00
2018.05.09 11:38:28.665,1.82218,1.82244,1.25,1.00
2018.05.09 11:38:29.175,1.82218,1.82244,1.56,1.00
2018.05.09 11:38:30.171,1.82218,1.82244,1.56,1.00
2018.05.09 11:38:30.565,1.82218,1.82246,1.31,1.00
2018.05.09 11:38:30.691,1.82217,1.82244,1.00,1.00
2018.05.09 11:38:31.199,1.82217,1.82242,1.00,1.00
2018.05.09 11:38:31.779,1.82216,1.82242,2.44,1.00
2018.05.09 11:38:32.185,1.82216,1.82242,2.44,1.00
2018.05.09 11:38:32.337,1.82216,1.82242,2.44,1.00
2018.05.09 11:38:32.963,1.82218,1.82244,1.00,1.00
2018.05.09 11:38:33.014,1.82221,1.82244,1.00,1.00
2018.05.09 11:38:33.171,1.82218,1.82244,1.00,1.00
2018.05.09 11:38:33.376,1.82216,1.82241,1.50,1.50
2018.05.09 11:38:33.683,1.82222,1.8224,1.00,1.00
2018.05.09 11:38:34.240,1.82222,1.82241,1.00,1.00
2018.05.09 11:38:34.416,1.82216,1.82241,1.69,1.00
2018.05.09 11:38:34.924,1.82217,1.82242,1.00,1.00
2018.05.09 11:38:35.460,1.82217,1.82244,1.00,1.00
2018.05.09 11:38:35.614,1.82217,1.82245,1.00,2.63
2018.05.09 11:38:36.159,1.82216,1.82243,1.00,1.44
2018.05.09 11:38:36.670,1.82216,1.82244,2.06,1.38
2018.05.09 11:38:37.171,1.82216,1.82244,1.50,1.38
2018.05.09 11:38:37.478,1.82209,1.82233,1.00,1.00
2018.05.09 11:38:38.040,1.8221,1.82233,1.00,1.00
2018.05.09 11:38:39.034,1.82211,1.82233,1.00,1.00
2018.05.09 11:38:39.466,1.82207,1.82233,1.50,1.00
2018.05.09 11:38:39.674,1.82207,1.82225,1.00,1.00
2018.05.09 11:38:39.776,1.82193,1.82214,1.00,1.00
2018.05.09 11:38:39.828,1.82191,1.82214,1.00,2.44
2018.05.09 11:38:40.133,1.82191,1.82215,1.69,1.50
2018.05.09 11:38:40.235,1.82192,1.82218,1.00,1.88
2018.05.09 11:38:40.452,1.82191,1.82216,1.50,1.00
2018.05.09 11:38:41.244,1.82192,1.82216,1.00,1.00
2018.05.09 11:38:41.689,1.82192,1.82213,1.00,1.00
2018.05.09 11:38:41.790,1.8219,1.82213,1.00,1.00
2018.05.09 11:38:42.045,1.82187,1.82212,1.00,1.69
2018.05.09 11:38:42.552,1.82186,1.82213,1.56,1.00
2018.05.09 11:38:42.654,1.82191,1.82213,1.00,1.00
2018.05.09 11:38:42.780,1.82191,1.82215,1.00,1.00
2018.05.09 11:38:44.190,1.82189,1.82215,1.00,1.00
2018.05.09 11:38:44.738,1.82191,1.82215,1.00,1.00
2018.05.09 11:38:44.891,1.82191,1.82217,1.00,1.50
2018.05.09 11:38:46.690,1.82194,1.82216,1.00,1.00
2018.05.09 11:38:46.793,1.82193,1.8222,1.12,1.00
2018.05.09 11:38:46.946,1.82192,1.8222,1.00,2.06
2018.05.09 11:38:47.099,1.82188,1.82216,1.50,1.00
2018.05.09 11:38:47.399,1.82187,1.82213,1.12,1.00
2018.05.09 11:38:47.888,1.82187,1.82213,1.63,1.00
2018.05.09 11:38:48.460,1.82187,1.82213,1.37,1.00
2018.05.09 11:38:48.781,1.82189,1.82215,1.00,1.00
2018.05.09 11:38:49.224,1.82191,1.82215,1.00,1.00
2018.05.09 11:38:49.479,1.82192,1.82217,1.12,1.00
2018.05.09 11:38:50.067,1.82191,1.82218,1.75,1.00
2018.05.09 11:38:50.531,1.82194,1.82218,2.62,1.00
2018.05.09 11:38:50.759,1.82194,1.8222,1.37,1.00
2018.05.09 11:38:51.347,1.82194,1.8222,1.00,1.44
2018.05.09 11:38:51.449,1.82194,1.82217,1.00,1.00
2018.05.09 11:38:51.552,1.82191,1.82217,1.00,1.00
2018.05.09 11:38:52.691,1.82188,1.82216,1.69,1.00
2018.05.09 11:38:52.909,1.82188,1.82216,1.56,1.44
2018.05.09 11:38:53.011,1.82188,1.82216,1.56,1.13
2018.05.09 11:38:53.063,1.82186,1.82214,2.44,1.00
2018.05.09 11:38:53.611,1.82186,1.82214,2.81,1.00
2018.05.09 11:38:53.944,1.82191,1.82214,1.56,1.00
2018.05.09 11:38:53.996,1.82192,1.82216,1.31,1.00
2018.05.09 11:38:55.675,1.82192,1.82216,1.00,1.00
2018.05.09 11:38:55.777,1.82189,1.82214,1.25,1.00
2018.05.09 11:38:56.286,1.82186,1.82214,1.69,1.13
2018.05.09 11:38:56.972,1.82186,1.82214,2.06,1.00
2018.05.09 11:38:57.190,1.8219,1.82214,1.25,1.00
2018.05.09 11:38:57.498,1.82191,1.82217,1.81,1.00
2018.05.09 11:38:58.080,1.82191,1.82217,2.06,1.00
2018.05.09 11:38:58.587,1.82191,1.82218,1.31,2.25
2018.05.09 11:38:59.153,1.82191,1.82217,2.44,1.00
2018.05.09 11:38:59.913,1.8219,1.82217,1.56,1.00
2018.05.09 11:39:00.434,1.82191,1.82217,1.31,1.13
2018.05.09 11:39:00.951,1.82191,1.82217,1.25,1.00
2018.05.09 11:39:01.696,1.8219,1.82217,1.31,1.00
2018.05.09 11:39:02.499,1.82192,1.82217,1.00,1.00
2018.05.09 11:39:03.016,1.82192,1.82216,1.00,1.00
2018.05.09 11:39:03.666,1.82196,1.82216,1.00,1.00
2018.05.09 11:39:04.174,1.82196,1.82217,1.00,1.00
2018.05.09 11:39:04.439,1.82192,1.82217,1.50,1.00
2018.05.09 11:39:05.177,1.82193,1.82221,1.00,1.25
2018.05.09 11:39:05.269,1.82192,1.82218,1.31,1.00
2018.05.09 11:39:05.577,1.82198,1.82223,1.00,1.00
2018.05.09 11:39:06.126,1.82197,1.82224,1.69,1.75
2018.05.09 11:39:06.279,1.82197,1.82224,1.50,1.00
2018.05.09 11:39:06.381,1.822,1.82226,1.00,2.44
2018.05.09 11:39:06.689,1.82206,1.82232,1.00,1.25
2018.05.09 11:39:07.287,1.82207,1.82232,1.00,1.00
2018.05.09 11:39:07.389,1.82206,1.82234,1.50,1.50
2018.05.09 11:39:07.904,1.82207,1.82234,1.25,1.69
2018.05.09 11:39:08.451,1.82206,1.82234,2.06,1.69
2018.05.09 11:39:08.503,1.82206,1.8223,1.56,1.00
2018.05.09 11:39:09.296,1.82207,1.8223,1.00,1.00
2018.05.09 11:39:09.479,1.82207,1.82232,1.31,1.00
2018.05.09 11:39:09.836,1.82204,1.82231,2.06,1.00
2018.05.09 11:39:09.888,1.82203,1.82229,2.44,1.00
2018.05.09 11:39:11.290,1.82212,1.82227,1.00,1.00
2018.05.09 11:39:11.392,1.8221,1.82232,1.56,1.00
2018.05.09 11:39:11.494,1.82212,1.82232,1.56,1.00
2018.05.09 11:39:11.597,1.82212,1.82234,1.56,1.00
2018.05.09 11:39:11.843,1.82208,1.82234,2.44,1.25
2018.05.09 11:39:11.945,1.8221,1.82234,1.56,1.13
2018.05.09 11:39:12.453,1.82211,1.82234,2.06,1.00
2018.05.09 11:39:12.504,1.82211,1.82237,1.56,1.00
2018.05.09 11:39:13.074,1.82211,1.82237,2.06,1.00
2018.05.09 11:39:13.127,1.82215,1.82237,1.56,1.00
2018.05.09 11:39:13.178,1.82216,1.82239,1.56,1.00
2018.05.09 11:39:13.230,1.82215,1.82239,2.06,1.00
2018.05.09 11:39:13.283,1.82215,1.82241,2.06,1.00
2018.05.09 11:39:13.335,1.82215,1.82241,1.63,1.44
2018.05.09 11:39:13.386,1.82216,1.82237,1.31,1.00
2018.05.09 11:39:13.705,1.82213,1.82239,1.56,1.00
2018.05.09 11:39:13.937,1.82212,1.82239,1.12,1.25
2018.05.09 11:39:13.988,1.82212,1.82236,1.56,1.00
2018.05.09 11:39:14.119,1.82212,1.82239,1.31,1.44
2018.05.09 11:39:14.702,1.82211,1.82239,1.81,1.00
2018.05.09 11:39:14.906,1.82213,1.82239,1.56,1.00
2018.05.09 11:39:15.100,1.82213,1.82239,1.56,1.00
2018.05.09 11:39:15.466,1.82217,1.82239,1.00,1.00
2018.05.09 11:39:16.460,1.82213,1.82239,1.56,1.00
2018.05.09 11:39:16.614,1.82212,1.82236,1.56,1.00
2018.05.09 11:39:17.639,1.82212,1.82236,1.56,1.00
2018.05.09 11:39:18.173,1.82216,1.82236,1.00,1.00
2018.05.09 11:39:18.594,1.82213,1.82236,1.56,1.00
2018.05.09 11:39:18.747,1.82216,1.82236,1.00,1.00
2018.05.09 11:39:18.954,1.8221,1.82235,1.00,1.31
2018.05.09 11:39:19.005,1.82208,1.82229,1.12,1.00
2018.05.09 11:39:19.312,1.8221,1.82227,1.00,1.00
2018.05.09 11:39:19.561,1.8221,1.8223,1.00,1.00
2018.05.09 11:39:19.613,1.82208,1.8223,1.12,1.00
2018.05.09 11:39:20.124,1.82206,1.8223,1.37,1.00
2018.05.09 11:39:20.766,1.82206,1.8223,1.37,1.00
2018.05.09 11:39:21.336,1.82206,1.8223,1.37,1.00
2018.05.09 11:39:21.849,1.82208,1.8223,1.00,1.00
2018.05.09 11:39:21.904,1.82211,1.8223,1.00,1.00
2018.05.09 11:39:22.006,1.82207,1.82233,2.62,1.69
2018.05.09 11:39:22.059,1.82211,1.82233,1.00,1.88
2018.05.09 11:39:23.459,1.82207,1.82233,1.50,1.00
2018.05.09 11:39:23.511,1.82208,1.82233,1.56,1.00
2018.05.09 11:39:23.820,1.82204,1.82227,1.00,1.00
2018.05.09 11:39:23.923,1.82204,1.8223,1.25,1.00
2018.05.09 11:39:24.090,1.82204,1.82225,1.56,1.00
2018.05.09 11:39:24.606,1.82204,1.82225,1.56,1.00
2018.05.09 11:39:24.987,1.82207,1.82225,1.00,1.00
2018.05.09 11:39:25.192,1.82203,1.82222,1.00,1.00
2018.05.09 11:39:25.702,1.82204,1.82222,1.00,1.00
2018.05.09 11:39:26.439,1.82202,1.82222,2.25,1.00
2018.05.09 11:39:26.618,1.822,1.82222,1.25,1.00
2018.05.09 11:39:27.280,1.822,1.82221,1.00,1.00
2018.05.09 11:39:29.166,1.822,1.82221,1.56,1.00
2018.05.09 11:39:30.777,1.82202,1.8222,1.00,1.00
2018.05.09 11:39:31.391,1.82201,1.8222,1.00,1.00
2018.05.09 11:39:31.720,1.82207,1.8222,1.00,1.00
2018.05.09 11:39:31.771,1.82207,1.82225,1.00,1.00
2018.05.09 11:39:31.823,1.82205,1.82225,1.25,1.00
2018.05.09 11:39:31.874,1.82206,1.82223,1.00,1.00
2018.05.09 11:39:32.077,1.82206,1.82226,1.00,1.00
2018.05.09 11:39:33.239,1.82207,1.82226,1.00,1.00
2018.05.09 11:39:33.750,1.82207,1.82227,1.00,1.50
2018.05.09 11:39:34.299,1.82207,1.82226,1.00,1.00
2018.05.09 11:39:34.352,1.82204,1.82226,1.69,1.00
2018.05.09 11:39:34.913,1.82203,1.82226,1.31,1.00
2018.05.09 11:39:35.034,1.82199,1.82221,1.25,1.00
2018.05.09 11:39:35.085,1.82199,1.82223,1.25,1.00
2018.05.09 11:39:35.186,1.82199,1.8222,1.25,1.00
2018.05.09 11:39:35.495,1.82202,1.8222,1.69,1.00
2018.05.09 11:39:36.006,1.82202,1.82221,1.50,1.00
2018.05.09 11:39:36.520,1.82202,1.82221,2.25,1.00
2018.05.09 11:39:36.674,1.82202,1.8222,1.69,1.00
2018.05.09 11:39:36.901,1.82202,1.82224,1.00,1.00
2018.05.09 11:39:37.414,1.82202,1.82224,1.88,1.00
2018.05.09 11:39:37.821,1.82204,1.82224,1.75,1.00
2018.05.09 11:39:37.872,1.82208,1.82228,1.37,1.00
2018.05.09 11:39:37.985,1.82204,1.82228,2.06,1.00
2018.05.09 11:39:38.036,1.82204,1.82224,1.25,1.00
2018.05.09 11:39:38.550,1.82204,1.82223,1.00,1.00
2018.05.09 11:39:38.704,1.82204,1.82225,1.50,1.00
2018.05.09 11:39:38.858,1.82204,1.82225,2.25,1.00
2018.05.09 11:39:39.168,1.82204,1.82222,1.88,1.00
2018.05.09 11:39:39.373,1.82204,1.82227,1.88,1.00
2018.05.09 11:39:39.930,1.82204,1.82227,1.50,1.00
2018.05.09 11:39:39.981,1.82204,1.82223,1.50,1.00
2018.05.09 11:39:40.495,1.82203,1.82224,1.25,1.00
2018.05.09 11:39:41.006,1.82199,1.82223,1.75,1.00
2018.05.09 11:39:41.222,1.82199,1.82222,1.25,1.00
2018.05.09 11:39:41.877,1.82199,1.8222,1.69,1.00
2018.05.09 11:39:42.184,1.82199,1.82218,1.50,1.00
2018.05.09 11:39:43.240,1.82199,1.82218,1.88,1.00
2018.05.09 11:39:43.292,1.82199,1.82221,1.13,1.00
2018.05.09 11:39:44.224,1.82199,1.82221,2.25,1.00
2018.05.09 11:39:45.140,1.82199,1.82221,2.25,1.00
2018.05.09 11:39:46.609,1.82202,1.82221,1.25,1.00
2018.05.09 11:39:46.712,1.82202,1.82221,2.25,1.00
2018.05.09 11:39:46.873,1.82202,1.82221,1.50,1.00
2018.05.09 11:39:47.077,1.82202,1.82223,1.50,1.00
2018.05.09 11:39:47.279,1.82202,1.82221,1.50,1.00
2018.05.09 11:39:47.482,1.82198,1.82221,2.25,1.00
2018.05.09 11:39:47.533,1.82198,1.82221,2.25,1.00
2018.05.09 11:39:47.635,1.82197,1.8222,2.06,1.00
2018.05.09 11:39:47.689,1.82197,1.82217,1.31,1.00
2018.05.09 11:39:48.031,1.82197,1.82213,1.00,1.00
2018.05.09 11:39:48.687,1.82192,1.82213,1.50,1.00
2018.05.09 11:39:49.212,1.82193,1.82214,1.31,1.00
2018.05.09 11:39:49.710,1.82196,1.82216,1.00,1.00
2018.05.09 11:39:50.626,1.82193,1.82216,2.25,1.00
2018.05.09 11:39:50.678,1.82197,1.82216,1.00,1.00
2018.05.09 11:39:51.010,1.82197,1.82214,1.00,1.00
2018.05.09 11:39:51.600,1.82193,1.82214,2.06,1.00
2018.05.09 11:39:51.652,1.82193,1.82214,1.00,1.00
2018.05.09 11:39:51.758,1.82189,1.82214,1.44,1.50
2018.05.09 11:39:51.810,1.82189,1.82206,1.13,1.00
2018.05.09 11:39:52.753,1.82187,1.82206,1.12,1.00
2018.05.09 11:39:53.275,1.82187,1.82205,1.25,1.00
2018.05.09 11:39:53.785,1.82187,1.82202,1.38,1.00
2018.05.09 11:39:53.937,1.82186,1.82202,1.69,1.00
2018.05.09 11:39:54.571,1.82186,1.822,1.69,1.00
2018.05.09 11:39:54.965,1.82186,1.82194,1.00,1.00
2018.05.09 11:39:55.191,1.82182,1.82194,1.00,1.00
2018.05.09 11:39:55.242,1.82177,1.82194,1.25,1.00
2018.05.09 11:39:55.293,1.82176,1.82193,1.56,1.00
2018.05.09 11:39:55.601,1.82181,1.82196,1.75,1.00
2018.05.09 11:39:55.727,1.82181,1.82196,1.13,1.00
2018.05.09 11:39:55.778,1.82181,1.82196,1.75,1.00
2018.05.09 11:39:55.830,1.82181,1.82196,1.13,1.00
2018.05.09 11:39:55.881,1.82181,1.82198,1.13,1.00
2018.05.09 11:39:56.074,1.82181,1.82198,1.75,1.00
2018.05.09 11:39:56.576,1.82181,1.82198,1.13,1.00
2018.05.09 11:39:56.790,1.82179,1.82198,1.75,1.00
2018.05.09 11:39:56.842,1.82178,1.82198,1.31,1.00
2018.05.09 11:39:56.893,1.82176,1.82193,1.25,1.00
2018.05.09 11:39:57.197,1.82174,1.82193,1.81,1.00
2018.05.09 11:39:57.548,1.82174,1.82191,2.25,1.00
2018.05.09 11:39:57.908,1.82174,1.82193,2.25,1.00
2018.05.09 11:39:58.272,1.82174,1.8219,2.81,1.00
2018.05.09 11:39:58.558,1.82174,1.8219,2.06,1.00
2018.05.09 11:39:58.818,1.82174,1.8219,2.81,1.00
2018.05.09 11:39:59.329,1.82174,1.8219,2.06,1.00
2018.05.09 11:39:59.865,1.82177,1.8219,1.31,1.00
2018.05.09 11:39:59.917,1.82181,1.82192,1.56,1.00
2018.05.09 11:39:59.968,1.82181,1.82194,1.56,1.00
2018.05.09 11:40:00.070,1.82181,1.82201,1.56,1.00
2018.05.09 11:40:00.274,1.82181,1.82199,1.31,1.00
2018.05.09 11:40:00.635,1.82181,1.82198,1.56,1.00
2018.05.09 11:40:00.993,1.82182,1.822,1.56,1.00
2018.05.09 11:40:01.594,1.82182,1.822,1.56,1.00
2018.05.09 11:40:02.146,1.82182,1.822,1.31,1.00
2018.05.09 11:40:02.662,1.82181,1.822,2.25,1.00
2018.05.09 11:40:03.001,1.82187,1.82199,1.00,1.00
2018.05.09 11:40:03.052,1.82182,1.82199,1.00,1.00
2018.05.09 11:40:03.103,1.82182,1.82195,1.00,1.00
2018.05.09 11:40:03.435,1.82182,1.82193,1.00,1.00
2018.05.09 11:40:03.796,1.82182,1.8219,1.00,1.00
2018.05.09 11:40:04.000,1.82182,1.82193,1.00,1.00
2018.05.09 11:40:04.204,1.82182,1.82191,1.00,1.00
2018.05.09 11:40:04.607,1.82176,1.82191,1.75,1.00
2018.05.09 11:40:05.068,1.82176,1.82191,1.00,1.00
2018.05.09 11:40:05.244,1.82176,1.82191,1.50,1.00
2018.05.09 11:40:05.754,1.82177,1.82191,1.13,1.00
2018.05.09 11:40:06.406,1.82181,1.8219,1.00,1.00
2018.05.09 11:40:06.509,1.82182,1.82192,1.00,1.00
2018.05.09 11:40:06.561,1.8218,1.82197,1.56,1.00
2018.05.09 11:40:06.612,1.82184,1.82197,1.37,1.00
2018.05.09 11:40:06.664,1.82183,1.82205,1.50,1.00
2018.05.09 11:40:06.768,1.82187,1.82205,1.00,1.00
2018.05.09 11:40:07.071,1.82194,1.8221,1.00,1.00
2018.05.09 11:40:07.123,1.82191,1.8221,1.50,1.00
2018.05.09 11:40:07.174,1.82191,1.82213,1.56,1.00
2018.05.09 11:40:07.379,1.82195,1.82213,1.00,1.00
2018.05.09 11:40:07.789,1.82193,1.82213,1.69,1.00
2018.05.09 11:40:07.995,1.82196,1.82215,2.06,1.00
2018.05.09 11:40:08.074,1.82196,1.82218,2.06,1.00
2018.05.09 11:40:08.287,1.82196,1.82218,2.25,1.00
2018.05.09 11:40:08.389,1.82196,1.82218,1.00,1.00
2018.05.09 11:40:08.596,1.82193,1.82212,1.31,1.00
2018.05.09 11:40:08.860,1.82193,1.82214,1.56,1.00
2018.05.09 11:40:08.912,1.82197,1.82214,1.00,1.00
2018.05.09 11:40:08.963,1.82193,1.82213,1.31,1.00
2018.05.09 11:40:09.049,1.82196,1.82213,1.56,1.00
2018.05.09 11:40:09.101,1.82198,1.82217,1.37,1.00
2018.05.09 11:40:09.152,1.82198,1.82217,1.63,1.00
2018.05.09 11:40:09.204,1.82198,1.8222,2.06,1.00
2018.05.09 11:40:09.307,1.82198,1.82221,1.37,1.00
2018.05.09 11:40:09.668,1.82198,1.82221,2.06,1.00
2018.05.09 11:40:09.720,1.82198,1.82221,1.00,1.00
2018.05.09 11:40:09.773,1.82198,1.82218,1.00,1.00
2018.05.09 11:40:09.979,1.82198,1.82226,1.00,1.25
2018.05.09 11:40:10.111,1.82198,1.82218,1.00,1.00
2018.05.09 11:40:10.216,1.82196,1.82218,1.88,1.00
2018.05.09 11:40:10.470,1.82197,1.82218,1.31,1.00
2018.05.09 11:40:10.829,1.82202,1.82218,1.00,1.00
2018.05.09 11:40:10.881,1.82202,1.8222,1.00,1.00
2018.05.09 11:40:11.176,1.82197,1.8222,1.31,1.00
2018.05.09 11:40:11.229,1.82197,1.8222,2.25,1.00
2018.05.09 11:40:11.280,1.82197,1.8222,1.69,1.00
2018.05.09 11:40:11.969,1.82197,1.82217,1.00,1.00
2018.05.09 11:40:12.124,1.82195,1.82217,1.00,1.00
2018.05.09 11:40:12.175,1.82192,1.82216,1.00,1.00
2018.05.09 11:40:12.227,1.82191,1.82212,1.87,1.00
2018.05.09 11:40:12.754,1.82192,1.82212,1.00,1.00
2018.05.09 11:40:13.063,1.8219,1.82208,1.00,1.00
2018.05.09 11:40:13.380,1.82185,1.82204,1.00,1.00
2018.05.09 11:40:13.896,1.82187,1.82204,1.00,1.00
2018.05.09 11:40:14.100,1.82187,1.82207,1.00,1.00
2018.05.09 11:40:14.555,1.82184,1.82207,2.25,1.00
2018.05.09 11:40:14.606,1.82184,1.82204,2.25,1.00
2018.05.09 11:40:14.942,1.82182,1.82202,1.87,1.00
2018.05.09 11:40:15.399,1.82187,1.82202,1.00,1.00
2018.05.09 11:40:15.701,1.82188,1.82206,1.00,1.00
2018.05.09 11:40:15.803,1.82187,1.82203,1.00,1.00
2018.05.09 11:40:16.008,1.82183,1.82205,1.00,1.00
2018.05.09 11:40:16.110,1.82181,1.82203,2.25,1.00
2018.05.09 11:40:16.442,1.82186,1.82203,1.00,1.00
2018.05.09 11:40:16.597,1.82191,1.8221,1.50,1.00
2018.05.09 11:40:17.264,1.82191,1.82213,1.87,1.00
2018.05.09 11:40:17.315,1.82191,1.82207,1.50,1.00
2018.05.09 11:40:17.417,1.82191,1.82213,1.50,1.00
2018.05.09 11:40:17.467,1.82191,1.8221,1.50,1.00
2018.05.09 11:40:17.670,1.82196,1.82216,1.00,1.00
2018.05.09 11:40:17.972,1.82191,1.82216,2.06,1.00
2018.05.09 11:40:18.082,1.82196,1.82216,1.00,1.00
2018.05.09 11:40:18.184,1.82192,1.82216,1.00,1.00
2018.05.09 11:40:19.360,1.82197,1.82216,1.00,1.00
2018.05.09 11:40:19.982,1.82194,1.82216,1.00,1.00
2018.05.09 11:40:20.287,1.82193,1.82213,1.00,1.00
2018.05.09 11:40:20.492,1.82193,1.82217,1.00,1.00
2018.05.09 11:40:21.184,1.82193,1.82215,1.50,1.00
2018.05.09 11:40:21.766,1.82194,1.82215,1.00,1.00
2018.05.09 11:40:22.340,1.82193,1.82215,1.50,1.00
2018.05.09 11:40:22.872,1.82194,1.82215,1.00,1.00
2018.05.09 11:40:23.376,1.82193,1.82215,1.50,1.00
2018.05.09 11:40:23.865,1.82193,1.82208,1.50,1.00
2018.05.09 11:40:23.917,1.82191,1.82208,1.00,1.00
2018.05.09 11:40:23.968,1.82187,1.82207,1.00,1.00
2018.05.09 11:40:24.020,1.82184,1.82207,1.50,1.50
2018.05.09 11:40:24.378,1.82183,1.82204,1.50,1.00
2018.05.09 11:40:24.766,1.82183,1.82207,1.00,1.00
2018.05.09 11:40:24.818,1.82187,1.82207,1.00,1.00
2018.05.09 11:40:25.344,1.82186,1.82207,1.00,1.00
2018.05.09 11:40:25.661,1.82186,1.82205,1.00,1.00
2018.05.09 11:40:25.927,1.82184,1.82207,1.00,1.00
2018.05.09 11:40:26.547,1.82183,1.82207,1.50,1.00
2018.05.09 11:40:26.598,1.82183,1.82204,1.50,1.00
2018.05.09 11:40:27.278,1.82183,1.82206,1.50,1.00
2018.05.09 11:40:28.290,1.82183,1.82205,1.50,1.00
2018.05.09 11:40:28.672,1.82183,1.82202,1.00,1.00
2018.05.09 11:40:29.223,1.82184,1.82202,1.00,1.00
2018.05.09 11:40:29.697,1.82184,1.822,1.00,1.00
2018.05.09 11:40:30.441,1.82183,1.822,1.00,1.00
2018.05.09 11:40:30.970,1.82184,1.822,1.00,1.00
2018.05.09 11:40:35.741,1.82183,1.822,1.50,1.00
2018.05.09 11:40:35.794,1.82178,1.82197,1.00,1.00
2018.05.09 11:40:35.899,1.82175,1.82194,1.00,1.00
2018.05.09 11:40:36.422,1.82176,1.82193,1.00,1.00
2018.05.09 11:40:36.959,1.82176,1.82194,1.00,1.00
2018.05.09 11:40:37.065,1.82173,1.82198,1.00,1.00
2018.05.09 11:40:37.117,1.82176,1.82198,1.25,1.00
2018.05.09 11:40:37.429,1.82182,1.82201,1.00,1.00
2018.05.09 11:40:37.705,1.82182,1.82203,1.00,1.00
2018.05.09 11:40:37.909,1.82182,1.82209,1.00,1.50
2018.05.09 11:40:38.115,1.82182,1.82209,1.00,1.88
2018.05.09 11:40:38.167,1.82178,1.82209,1.63,1.88
2018.05.09 11:40:38.260,1.82181,1.82209,1.00,1.88
2018.05.09 11:40:38.826,1.82181,1.82209,1.00,1.00
2018.05.09 11:40:39.569,1.82182,1.82209,1.00,1.88
2018.05.09 11:40:40.157,1.82178,1.82206,1.87,1.25
2018.05.09 11:40:40.259,1.82178,1.82206,1.37,1.00
2018.05.09 11:40:40.412,1.82185,1.82209,1.12,1.25
2018.05.09 11:40:40.516,1.82181,1.82211,1.37,1.44
2018.05.09 11:40:40.567,1.82181,1.8221,1.00,1.38
2018.05.09 11:40:40.722,1.82182,1.8221,1.00,1.25
2018.05.09 11:40:40.788,1.82189,1.82214,1.87,1.50
2018.05.09 11:40:41.333,1.8219,1.82219,1.00,1.50
2018.05.09 11:40:41.638,1.82188,1.82215,1.00,1.75
2018.05.09 11:40:41.689,1.82186,1.82212,1.00,1.88
2018.05.09 11:40:42.113,1.82182,1.8221,1.87,1.19
2018.05.09 11:40:42.164,1.82182,1.82212,1.12,1.69
2018.05.09 11:40:42.266,1.82186,1.8221,1.00,1.00
2018.05.09 11:40:42.367,1.82187,1.82214,1.12,1.00
2018.05.09 11:40:42.600,1.82186,1.82212,1.50,1.00
2018.05.09 11:40:43.109,1.82186,1.82213,1.00,1.00
2018.05.09 11:40:44.583,1.82186,1.82214,1.00,1.00
2018.05.09 11:40:45.127,1.82186,1.82213,1.00,1.00
2018.05.09 11:40:45.898,1.82186,1.82214,1.00,1.69
2018.05.09 11:40:46.397,1.82185,1.82214,1.00,1.38
2018.05.09 11:40:46.856,1.82182,1.82205,1.00,1.31
2018.05.09 11:40:47.184,1.82175,1.82184,1.00,1.19
2018.05.09 11:40:47.235,1.82175,1.82185,1.00,1.25
2018.05.09 11:40:47.287,1.82173,1.82183,1.00,1.00
2018.05.09 11:40:47.338,1.82172,1.82182,1.00,1.25
2018.05.09 11:40:47.442,1.82176,1.82183,1.00,1.00
2018.05.09 11:40:47.494,1.82176,1.82186,1.00,1.00
2018.05.09 11:40:47.550,1.82164,1.82187,1.56,1.50
2018.05.09 11:40:47.602,1.82171,1.82197,1.00,3.90
2018.05.09 11:40:47.654,1.82171,1.82197,1.00,3.53
2018.05.09 11:40:48.109,1.82171,1.82193,1.00,1.00
2018.05.09 11:40:48.414,1.82171,1.82191,1.31,1.50
2018.05.09 11:40:48.567,1.82171,1.82196,1.31,1.00
2018.05.09 11:40:48.759,1.82171,1.82199,1.00,1.00
2018.05.09 11:40:49.269,1.8217,1.82199,1.31,1.00
2018.05.09 11:40:49.577,1.82172,1.82198,1.00,1.00
2018.05.09 11:40:50.105,1.82171,1.82199,1.50,1.00
2018.05.09 11:40:50.828,1.82172,1.82199,1.00,1.12
2018.05.09 11:40:51.356,1.82171,1.82199,1.31,1.00
2018.05.09 11:40:51.713,1.82173,1.82198,1.00,1.00
2018.05.09 11:40:52.233,1.82172,1.82199,2.62,1.00
2018.05.09 11:40:52.766,1.82172,1.82199,1.50,1.00
2018.05.09 11:40:53.072,1.82177,1.82199,1.00,1.00
2018.05.09 11:40:53.691,1.82173,1.82199,1.00,1.00
2018.05.09 11:40:54.203,1.82172,1.82199,1.88,1.00
2018.05.09 11:40:54.968,1.82172,1.82199,1.88,1.00
2018.05.09 11:40:55.357,1.82172,1.82201,1.88,1.00
2018.05.09 11:40:55.667,1.82176,1.82202,1.00,1.00
2018.05.09 11:40:56.127,1.8218,1.82202,1.00,1.00
2018.05.09 11:40:56.178,1.8218,1.82204,1.00,1.50
2018.05.09 11:40:56.281,1.8218,1.82206,1.50,1.00
2018.05.09 11:40:56.332,1.82187,1.82206,1.00,1.00
2018.05.09 11:40:56.580,1.82181,1.82209,1.50,1.69
2018.05.09 11:40:56.836,1.82178,1.82207,1.88,1.31
2018.05.09 11:40:57.143,1.82183,1.82209,1.00,1.00
2018.05.09 11:40:57.474,1.82189,1.82217,1.00,2.63
2018.05.09 11:40:57.526,1.82187,1.82212,1.50,1.19
2018.05.09 11:40:57.731,1.82181,1.82207,2.25,1.31
2018.05.09 11:40:58.243,1.82181,1.82207,1.00,1.00
2018.05.09 11:40:59.115,1.82185,1.82208,1.56,1.00
2018.05.09 11:40:59.166,1.82189,1.82212,1.50,1.00
2018.05.09 11:40:59.217,1.82189,1.82217,1.50,2.81
2018.05.09 11:40:59.755,1.8219,1.82217,1.00,2.06
2018.05.09 11:41:00.398,1.8219,1.82217,1.00,2.06
2018.05.09 11:41:01.050,1.82189,1.82217,2.81,1.25
2018.05.09 11:41:01.408,1.82189,1.8222,2.81,1.25
2018.05.09 11:41:01.460,1.82189,1.8222,3.56,1.31
2018.05.09 11:41:01.987,1.82193,1.82224,2.44,2.25
2018.05.09 11:41:02.296,1.8221,1.82231,1.00,1.00
2018.05.09 11:41:02.399,1.82211,1.82239,1.87,1.38
2018.05.09 11:41:02.503,1.82209,1.82234,2.25,1.44
2018.05.09 11:41:02.726,1.82197,1.82226,1.12,1.31
2018.05.09 11:41:02.777,1.82194,1.82226,2.63,1.31
2018.05.09 11:41:03.185,1.82195,1.82224,1.25,2.06
2018.05.09 11:41:03.733,1.82194,1.82221,1.69,1.00
2018.05.09 11:41:03.785,1.82196,1.82224,1.00,1.87
2018.05.09 11:41:04.296,1.82194,1.82224,1.50,1.00
2018.05.09 11:41:04.548,1.82195,1.82223,1.00,1.69
2018.05.09 11:41:05.006,1.82194,1.82225,3.19,1.31
2018.05.09 11:41:05.444,1.82205,1.8223,1.00,1.69
2018.05.09 11:41:07.536,1.82204,1.8223,1.69,1.19
2018.05.09 11:41:07.588,1.82198,1.82228,1.00,1.50
2018.05.09 11:41:07.639,1.82198,1.82228,1.00,3.56
2018.05.09 11:41:08.160,1.82199,1.82227,1.00,1.56
2018.05.09 11:41:08.600,1.82196,1.82228,1.50,2.06
2018.05.09 11:41:09.306,1.82197,1.82227,1.00,1.56
2018.05.09 11:41:09.857,1.82197,1.82227,1.56,1.56
2018.05.09 11:41:10.403,1.82199,1.82228,1.25,2.81
2018.05.09 11:41:10.454,1.82201,1.82228,1.50,1.69
2018.05.09 11:41:10.758,1.82205,1.82229,1.00,1.00
2018.05.09 11:41:10.809,1.82206,1.82231,1.00,1.00
2018.05.09 11:41:10.987,1.82205,1.82233,1.00,1.00
2018.05.09 11:41:11.141,1.82201,1.82231,1.00,1.94
2018.05.09 11:41:11.397,1.82195,1.82226,2.44,1.44
2018.05.09 11:41:11.946,1.82196,1.82225,2.06,1.25
2018.05.09 11:41:12.588,1.82196,1.82225,2.06,1.00
2018.05.09 11:41:12.690,1.82202,1.82225,1.00,1.00
2018.05.09 11:41:12.792,1.82202,1.82231,1.75,1.00
2018.05.09 11:41:12.918,1.82211,1.82231,1.00,1.00
2018.05.09 11:41:12.969,1.8221,1.82237,1.00,1.25
2018.05.09 11:41:13.513,1.82211,1.82237,1.00,1.31
2018.05.09 11:41:14.114,1.82211,1.82237,1.00,1.25
2018.05.09 11:41:14.540,1.82208,1.82237,1.25,1.69
2018.05.09 11:41:15.194,1.82207,1.82237,2.63,1.25
2018.05.09 11:41:15.494,1.82208,1.82237,1.38,1.31
2018.05.09 11:41:15.967,1.82207,1.82236,1.88,1.00
2018.05.09 11:41:16.322,1.82207,1.82236,2.25,1.25
2018.05.09 11:41:16.374,1.82207,1.82235,1.50,1.00
2018.05.09 11:41:16.922,1.82209,1.82233,1.00,1.00
2018.05.09 11:41:17.024,1.8221,1.82236,1.00,1.19
2018.05.09 11:41:17.489,1.82208,1.82236,1.00,1.13
2018.05.09 11:41:17.592,1.82213,1.82238,1.00,1.00
2018.05.09 11:41:17.643,1.82213,1.8224,1.12,1.00
2018.05.09 11:41:17.694,1.82214,1.82242,1.12,1.00
2018.05.09 11:41:17.820,1.82217,1.82242,1.00,1.56
2018.05.09 11:41:17.923,1.82213,1.82243,2.25,1.00
2018.05.09 11:41:17.974,1.82215,1.82245,1.38,2.06
2018.05.09 11:41:18.078,1.82217,1.82248,1.88,1.31
2018.05.09 11:41:18.565,1.82217,1.82249,2.63,1.00
2018.05.09 11:41:18.668,1.8222,1.8225,1.13,1.69
2018.05.09 11:41:18.771,1.82223,1.82255,2.63,1.50
2018.05.09 11:41:19.078,1.82227,1.82255,1.00,1.88
2018.05.09 11:41:19.332,1.82227,1.82255,1.00,1.31
2018.05.09 11:41:19.785,1.82227,1.82254,1.00,1.31
2018.05.09 11:41:20.270,1.82227,1.82255,1.00,1.13
2018.05.09 11:41:20.321,1.82223,1.82255,1.31,1.44
2018.05.09 11:41:20.372,1.82223,1.82255,2.06,2.25
2018.05.09 11:41:20.424,1.82223,1.82255,1.25,1.75
2018.05.09 11:41:20.573,1.82223,1.82254,1.00,1.38
2018.05.09 11:41:20.624,1.82224,1.82255,1.75,1.00
2018.05.09 11:41:20.931,1.82235,1.82259,1.00,1.00
2018.05.09 11:41:21.084,1.82233,1.82258,1.87,1.50
2018.05.09 11:41:21.136,1.82233,1.82263,1.00,2.44
2018.05.09 11:41:21.188,1.82233,1.82261,1.00,2.00
2018.05.09 11:41:21.241,1.82228,1.82256,3.19,1.25
2018.05.09 11:41:21.293,1.82229,1.82258,1.25,1.38
2018.05.09 11:41:21.593,1.82226,1.82256,1.25,1.44
2018.05.09 11:41:21.745,1.82233,1.82256,1.00,1.50
2018.05.09 11:41:21.847,1.82226,1.82256,1.00,1.50
2018.05.09 11:41:22.304,1.82225,1.82257,1.81,2.44
2018.05.09 11:41:22.923,1.82227,1.82257,1.00,2.40
2018.05.09 11:41:23.177,1.82217,1.82247,1.81,1.00
2018.05.09 11:41:23.381,1.82214,1.82245,1.56,1.00
2018.05.09 11:41:23.686,1.82214,1.82246,2.25,2.25
2018.05.09 11:41:23.738,1.82214,1.82246,1.94,2.25
2018.05.09 11:41:23.950,1.82216,1.82246,1.13,1.50
2018.05.09 11:41:24.156,1.82217,1.82248,2.25,1.00
2018.05.09 11:41:24.208,1.82217,1.82249,1.88,1.25
2018.05.09 11:41:24.261,1.82217,1.8225,1.38,1.25
2018.05.09 11:41:24.721,1.82216,1.82245,4.13,1.00
2018.05.09 11:41:25.295,1.82215,1.82245,1.75,1.00
2018.05.09 11:41:25.448,1.82217,1.82246,1.25,1.00
2018.05.09 11:41:25.550,1.82217,1.82249,1.94,1.50
2018.05.09 11:41:25.601,1.82223,1.82255,2.06,2.25
2018.05.09 11:41:25.702,1.82225,1.82256,1.00,1.13
2018.05.09 11:41:26.316,1.82224,1.82256,1.00,1.63
2018.05.09 11:41:26.420,1.82224,1.82256,2.06,1.75
2018.05.09 11:41:26.474,1.82226,1.82257,1.56,1.44
2018.05.09 11:41:26.527,1.82229,1.82258,1.00,1.38
2018.05.09 11:41:26.862,1.82229,1.82259,1.00,1.75
2018.05.09 11:41:27.390,1.82228,1.8226,2.06,1.75
2018.05.09 11:41:28.012,1.82228,1.82259,1.00,1.38
2018.05.09 11:41:28.115,1.82228,1.82258,1.69,1.50
2018.05.09 11:41:28.622,1.82228,1.8226,1.00,1.75
2018.05.09 11:41:29.010,1.82226,1.82257,1.69,1.25
2018.05.09 11:41:29.215,1.82226,1.82253,1.00,1.00
2018.05.09 11:41:29.268,1.82221,1.82254,2.25,1.00
2018.05.09 11:41:29.662,1.82226,1.82258,1.00,2.63
2018.05.09 11:41:29.765,1.82226,1.82257,1.00,1.38
2018.05.09 11:41:29.816,1.82223,1.82255,2.25,1.25
2018.05.09 11:41:30.328,1.82222,1.82254,2.44,1.25
2018.05.09 11:41:30.652,1.82221,1.82255,3.75,2.63
2018.05.09 11:41:31.264,1.82224,1.82253,1.00,1.00
2018.05.09 11:41:31.804,1.82222,1.82254,2.06,1.38
2018.05.09 11:41:32.110,1.82226,1.82254,1.19,1.25
2018.05.09 11:41:32.639,1.82225,1.82255,2.44,2.63
2018.05.09 11:41:32.742,1.82221,1.8225,1.50,1.44
2018.05.09 11:41:32.794,1.82218,1.82251,1.88,1.81
2018.05.09 11:41:33.042,1.82218,1.82249,1.12,1.50
2018.05.09 11:41:33.932,1.82219,1.82249,2.44,1.25
2018.05.09 11:41:34.254,1.82221,1.8225,2.25,1.88
2018.05.09 11:41:34.840,1.8222,1.8225,2.25,1.31
2018.05.09 11:41:35.196,1.8222,1.82251,2.06,1.69
2018.05.09 11:41:35.605,1.82223,1.8225,2.25,1.25
2018.05.09 11:41:36.121,1.82222,1.82251,2.25,1.00
2018.05.09 11:41:36.315,1.82218,1.82251,2.25,2.00
2018.05.09 11:41:36.367,1.82218,1.82247,2.25,1.00
2018.05.09 11:41:36.727,1.82219,1.82246,2.25,1.44
2018.05.09 11:41:36.778,1.82216,1.82246,1.87,1.25
2018.05.09 11:41:37.341,1.82217,1.82247,1.00,2.81
2018.05.09 11:41:37.851,1.82218,1.82247,1.00,2.63
2018.05.09 11:41:38.572,1.82217,1.82246,1.00,1.25
2018.05.09 11:41:39.101,1.82218,1.82247,1.00,2.81
2018.05.09 11:41:39.302,1.82215,1.82246,1.25,1.25
2018.05.09 11:41:39.804,1.82216,1.82246,1.25,1.50
2018.05.09 11:41:40.312,1.82215,1.82246,1.50,1.00
2018.05.09 11:41:40.844,1.82216,1.82247,1.50,3.38
2018.05.09 11:41:41.774,1.82215,1.82247,1.13,2.06
2018.05.09 11:41:42.179,1.82214,1.82244,3.00,1.00
2018.05.09 11:41:42.843,1.82217,1.82244,1.00,1.00
2018.05.09 11:41:45.491,1.82217,1.82246,1.31,1.50
2018.05.09 11:41:45.594,1.82217,1.82246,1.75,2.06
2018.05.09 11:41:45.804,1.82217,1.82246,1.50,1.50
2018.05.09 11:41:46.084,1.82215,1.82244,2.25,1.00
2018.05.09 11:41:46.609,1.82216,1.82244,2.25,1.00
2018.05.09 11:41:46.878,1.82219,1.82249,1.38,1.25
2018.05.09 11:41:46.931,1.82224,1.82249,1.75,1.00
2018.05.09 11:41:46.983,1.82228,1.82254,1.37,1.00
2018.05.09 11:41:47.130,1.82229,1.82257,1.12,1.00
2018.05.09 11:41:47.181,1.8223,1.82257,1.37,1.00
2018.05.09 11:41:47.487,1.82229,1.82258,1.87,1.31
2018.05.09 11:41:47.539,1.82229,1.82259,1.25,1.00
2018.05.09 11:41:47.590,1.82233,1.82261,1.50,1.44
2018.05.09 11:41:47.945,1.82234,1.82262,1.00,1.38
2018.05.09 11:41:48.306,1.82233,1.82262,1.00,1.44
2018.05.09 11:41:48.844,1.82234,1.82261,1.00,1.00
2018.05.09 11:41:48.997,1.82234,1.82261,1.56,1.00
2018.05.09 11:41:49.100,1.82233,1.82264,2.06,2.25
2018.05.09 11:41:49.151,1.82239,1.82263,1.00,1.00
2018.05.09 11:41:49.380,1.82237,1.82265,1.00,1.00
2018.05.09 11:41:49.534,1.82232,1.82259,1.31,1.00
2018.05.09 11:41:49.740,1.82228,1.82258,1.31,1.00
2018.05.09 11:41:49.894,1.82226,1.82254,2.63,1.00
2018.05.09 11:41:50.097,1.82226,1.82253,1.00,1.00
2018.05.09 11:41:50.512,1.82226,1.82253,1.37,1.50
2018.05.09 11:41:50.821,1.82226,1.82247,1.00,1.00
2018.05.09 11:41:50.925,1.82222,1.82247,1.00,1.00
2018.05.09 11:41:50.976,1.82226,1.82247,1.00,1.00
2018.05.09 11:41:51.078,1.82222,1.82247,1.00,1.00
2018.05.09 11:41:51.130,1.82227,1.82249,1.00,1.00
2018.05.09 11:41:51.729,1.82222,1.82249,1.75,1.00
2018.05.09 11:41:52.236,1.82227,1.82253,1.00,1.00
2018.05.09 11:41:52.476,1.82227,1.8225,1.00,1.00
2018.05.09 11:41:52.884,1.82227,1.82254,1.00,1.50
2018.05.09 11:41:53.088,1.82227,1.82248,1.00,1.00
2018.05.09 11:41:53.446,1.82227,1.82253,1.00,1.00
2018.05.09 11:41:54.073,1.82227,1.8225,1.00,1.00
2018.05.09 11:41:54.277,1.82227,1.82252,1.00,1.50
2018.05.09 11:41:54.796,1.82227,1.82249,1.00,1.00
2018.05.09 11:41:54.988,1.82226,1.82251,1.00,1.00
2018.05.09 11:41:55.040,1.82226,1.82251,1.56,1.00
2018.05.09 11:41:55.552,1.82226,1.82251,1.56,1.00
2018.05.09 11:41:55.962,1.82226,1.82252,1.81,1.50
2018.05.09 11:41:56.413,1.82226,1.82252,1.00,1.69
2018.05.09 11:41:56.464,1.82226,1.82246,1.00,1.00
2018.05.09 11:41:56.994,1.82221,1.82246,1.00,1.00
2018.05.09 11:41:57.506,1.82221,1.82247,1.00,1.50
2018.05.09 11:41:58.016,1.82221,1.82246,1.00,1.00
2018.05.09 11:41:58.068,1.8222,1.8225,1.94,1.50
2018.05.09 11:41:58.386,1.82222,1.82248,1.00,1.00
2018.05.09 11:41:58.677,1.82221,1.8225,1.00,2.25
2018.05.09 11:41:59.322,1.82221,1.82249,1.00,1.00
2018.05.09 11:41:59.373,1.82221,1.82247,1.00,1.00
2018.05.09 11:41:59.704,1.82221,1.82251,1.69,1.00
2018.05.09 11:41:59.755,1.82221,1.82251,1.69,1.50
2018.05.09 11:41:59.806,1.82226,1.82247,1.00,1.00
2018.05.09 11:41:59.960,1.82226,1.8225,1.25,1.00
2018.05.09 11:42:00.060,1.82226,1.82254,1.38,1.69
2018.05.09 11:42:00.366,1.82227,1.82251,1.00,1.00
2018.05.09 11:42:01.062,1.82224,1.82253,1.62,1.00
2018.05.09 11:42:01.604,1.82224,1.82252,1.88,1.25
2018.05.09 11:42:02.132,1.82223,1.82252,1.38,1.25
2018.05.09 11:42:02.285,1.82224,1.82249,1.38,1.00
2018.05.09 11:42:02.490,1.82224,1.82249,1.00,1.00
2018.05.09 11:42:02.975,1.82227,1.82249,1.00,1.00
2018.05.09 11:42:03.481,1.82226,1.82249,1.00,1.00
2018.05.09 11:42:03.985,1.82223,1.82249,2.00,1.00
2018.05.09 11:42:04.036,1.82227,1.82249,1.25,1.00
2018.05.09 11:42:04.087,1.82229,1.82254,1.88,1.00
2018.05.09 11:42:04.189,1.8223,1.82256,1.00,1.00
2018.05.09 11:42:04.341,1.82232,1.82256,1.00,1.00
2018.05.09 11:42:04.392,1.82232,1.82258,1.00,1.00
2018.05.09 11:42:04.768,1.8223,1.82258,1.00,1.00
2018.05.09 11:42:05.331,1.8223,1.82258,1.00,1.44
2018.05.09 11:42:05.534,1.82232,1.82258,1.00,1.00
2018.05.09 11:42:05.835,1.82229,1.82258,2.63,1.25
2018.05.09 11:42:06.143,1.8223,1.82256,1.00,1.00
2018.05.09 11:42:06.297,1.82223,1.8225,1.12,1.00
2018.05.09 11:42:06.400,1.82223,1.82249,1.75,1.00
2018.05.09 11:42:06.976,1.82226,1.8225,1.00,1.00
2018.05.09 11:42:08.188,1.82222,1.8225,2.25,1.50
2018.05.09 11:42:08.783,1.82222,1.82251,2.25,1.00
2018.05.09 11:42:09.315,1.82222,1.82251,1.88,1.00
2018.05.09 11:42:09.780,1.82227,1.82251,1.00,1.00
2018.05.09 11:42:10.221,1.82221,1.8225,1.88,1.00
2018.05.09 11:42:10.477,1.82221,1.82247,1.25,1.00
2018.05.09 11:42:10.989,1.82219,1.82247,1.00,1.50
2018.05.09 11:42:11.204,1.82207,1.82235,1.13,3.19
2018.05.09 11:42:11.255,1.82204,1.82231,1.00,1.00
2018.05.09 11:42:11.357,1.82204,1.82234,1.00,1.31
2018.05.09 11:42:11.911,1.82203,1.82232,1.00,1.00
2018.05.09 11:42:12.506,1.82203,1.82234,1.50,2.81
2018.05.09 11:42:12.659,1.82205,1.82234,1.00,1.69
2018.05.09 11:42:13.165,1.82206,1.82234,1.00,2.06
2018.05.09 11:42:13.703,1.82206,1.82234,1.00,2.44
2018.05.09 11:42:14.226,1.82206,1.82234,1.00,2.81
2018.05.09 11:42:14.481,1.82202,1.82234,2.06,2.06
2018.05.09 11:42:14.532,1.82202,1.82234,2.06,2.44
2018.05.09 11:42:15.047,1.82203,1.82234,1.88,1.00
2018.05.09 11:42:15.587,1.82203,1.82234,2.44,1.69
2018.05.09 11:42:15.900,1.82203,1.82234,1.69,1.00
2018.05.09 11:42:15.951,1.82206,1.82234,1.50,1.69
2018.05.09 11:42:16.262,1.82206,1.82234,1.00,2.06
2018.05.09 11:42:16.364,1.82203,1.82234,1.25,2.06
2018.05.09 11:42:16.895,1.82202,1.82233,2.25,1.31
2018.05.09 11:42:17.529,1.82203,1.82233,1.00,1.69
2018.05.09 11:42:18.070,1.82203,1.82232,1.00,1.25
2018.05.09 11:42:18.578,1.82203,1.82233,1.00,1.31
2018.05.09 11:42:18.686,1.82203,1.82233,1.00,1.69
2018.05.09 11:42:19.195,1.82203,1.82233,1.00,1.69
2018.05.09 11:42:19.712,1.82202,1.82233,3.19,1.31
2018.05.09 11:42:20.020,1.82205,1.82233,1.00,2.44
2018.05.09 11:42:20.364,1.82207,1.82233,1.50,1.19
2018.05.09 11:42:20.571,1.82207,1.82234,1.00,2.25
2018.05.09 11:42:20.724,1.82207,1.82234,1.00,1.69
2018.05.09 11:42:20.928,1.82207,1.82234,1.00,2.06
2018.05.09 11:42:21.460,1.82207,1.82234,1.00,1.69
2018.05.09 11:42:22.058,1.82207,1.82234,1.00,1.25
2018.05.09 11:42:22.605,1.82208,1.82234,1.00,1.50
2018.05.09 11:42:23.120,1.82207,1.82234,1.00,2.44
2018.05.09 11:42:23.654,1.82207,1.82234,1.00,1.19
2018.05.09 11:42:23.909,1.82203,1.82234,1.00,1.25
2018.05.09 11:42:23.960,1.82206,1.82234,1.00,1.69
2018.05.09 11:42:24.461,1.82206,1.82234,1.00,1.31
2018.05.09 11:42:24.945,1.82204,1.82234,1.25,1.56
2018.05.09 11:42:25.150,1.82204,1.82234,1.00,1.56
2018.05.09 11:42:25.455,1.82202,1.82235,1.69,2.06
2018.05.09 11:42:25.550,1.82205,1.82234,1.00,1.56
2018.05.09 11:42:25.856,1.82213,1.82235,1.00,1.00
2018.05.09 11:42:26.010,1.82218,1.82248,1.00,1.50
2018.05.09 11:42:26.112,1.82218,1.82248,1.50,1.75
2018.05.09 11:42:26.164,1.82218,1.82248,1.00,1.50
2018.05.09 11:42:26.216,1.82219,1.82248,1.00,1.50
2018.05.09 11:42:26.726,1.82219,1.82248,1.50,1.25
2018.05.09 11:42:27.493,1.82219,1.82249,1.50,1.00
2018.05.09 11:42:28.053,1.82219,1.82249,1.87,1.44
2018.05.09 11:42:28.599,1.82219,1.82249,2.44,1.25
2018.05.09 11:42:28.651,1.82222,1.82249,1.00,1.00
2018.05.09 11:42:28.957,1.82223,1.8225,2.62,1.00
2018.05.09 11:42:29.111,1.82224,1.8225,1.31,1.00
2018.05.09 11:42:29.236,1.82224,1.82254,1.12,1.00
2018.05.09 11:42:29.493,1.82227,1.82254,1.00,1.25
2018.05.09 11:42:30.415,1.82226,1.82254,1.00,1.25
2018.05.09 11:42:31.137,1.82226,1.82255,1.00,1.25
2018.05.09 11:42:31.685,1.82226,1.82253,1.50,1.00
2018.05.09 11:42:33.046,1.8223,1.82253,1.00,1.00
2018.05.09 11:42:33.097,1.82231,1.82255,1.50,1.00
2018.05.09 11:42:33.202,1.82232,1.82258,1.00,1.00
2018.05.09 11:42:33.711,1.8223,1.82259,1.00,1.00
2018.05.09 11:42:34.218,1.82231,1.8226,1.50,1.25
2018.05.09 11:42:34.371,1.82231,1.8226,1.00,1.69
2018.05.09 11:42:34.650,1.82231,1.8226,1.00,1.25
2018.05.09 11:42:34.752,1.8223,1.8226,1.69,1.69
2018.05.09 11:42:34.951,1.8223,1.8226,1.69,1.69
2018.05.09 11:42:35.160,1.8223,1.82256,1.00,1.56
2018.05.09 11:42:35.212,1.82228,1.82254,1.00,1.69
2018.05.09 11:42:35.263,1.82223,1.82255,2.63,1.00
2018.05.09 11:42:35.315,1.82229,1.82258,1.31,1.50
2018.05.09 11:42:35.624,1.82231,1.8226,1.25,1.00
2018.05.09 11:42:35.878,1.82221,1.82252,1.69,3.94
2018.05.09 11:42:35.930,1.82221,1.82252,1.69,2.44
2018.05.09 11:42:36.234,1.82223,1.82246,1.50,1.00
2018.05.09 11:42:36.575,1.82223,1.82235,1.00,1.00
2018.05.09 11:42:36.627,1.82221,1.82235,1.00,1.00
2018.05.09 11:42:36.729,1.82214,1.82235,1.50,1.00
2018.05.09 11:42:36.883,1.82219,1.82241,1.00,1.50
2018.05.09 11:42:36.935,1.8221,1.8224,1.25,1.00
2018.05.09 11:42:36.988,1.82215,1.8224,1.00,1.00
2018.05.09 11:42:37.142,1.82213,1.82242,1.69,1.65
2018.05.09 11:42:37.686,1.82214,1.82241,1.00,1.28
2018.05.09 11:42:37.971,1.82212,1.82237,1.00,1.63
2018.05.09 11:42:38.073,1.82207,1.82237,1.44,2.03
2018.05.09 11:42:38.124,1.82209,1.82237,1.44,1.00
2018.05.09 11:42:38.277,1.82212,1.8224,1.13,1.00
2018.05.09 11:42:38.411,1.82217,1.82242,1.00,1.00
2018.05.09 11:42:38.513,1.82217,1.82244,1.50,1.25
2018.05.09 11:42:39.948,1.82217,1.82243,1.00,1.00
2018.05.09 11:42:39.999,1.82214,1.82243,1.00,1.00
2018.05.09 11:42:40.389,1.82214,1.82239,1.50,1.00
2018.05.09 11:42:40.602,1.82203,1.82231,1.00,1.00
2018.05.09 11:42:40.653,1.82203,1.82232,1.38,1.69
2018.05.09 11:42:41.163,1.82206,1.82231,1.00,1.00
2018.05.09 11:42:41.680,1.82206,1.82232,1.00,1.00
2018.05.09 11:42:42.001,1.82206,1.82237,1.88,2.63
2018.05.09 11:42:42.052,1.82211,1.82237,1.75,1.00
2018.05.09 11:42:42.154,1.82217,1.82245,1.50,1.00
2018.05.09 11:42:42.207,1.82218,1.82246,1.38,1.00
2018.05.09 11:42:42.513,1.82229,1.82247,1.50,1.00
2018.05.09 11:42:42.564,1.8223,1.82257,1.50,1.69
2018.05.09 11:42:43.087,1.82231,1.82257,1.00,1.25
2018.05.09 11:42:44.860,1.8223,1.82257,1.00,1.00
2018.05.09 11:42:45.066,1.8223,1.82257,1.50,2.25
2018.05.09 11:42:45.401,1.82224,1.82248,1.00,1.25
2018.05.09 11:42:45.452,1.8222,1.82248,1.50,1.25
2018.05.09 11:42:45.504,1.8222,1.82248,1.00,2.06
2018.05.09 11:42:45.709,1.82218,1.82245,1.00,1.25
2018.05.09 11:42:46.118,1.82218,1.82247,1.19,1.31
2018.05.09 11:42:46.640,1.82218,1.82247,1.00,1.00
2018.05.09 11:42:47.680,1.82218,1.82246,1.00,1.25
2018.05.09 11:42:48.400,1.82217,1.82247,1.50,2.81
2018.05.09 11:42:48.891,1.82217,1.82247,1.12,2.62
2018.05.09 11:42:49.407,1.82219,1.82247,1.00,2.44
2018.05.09 11:42:50.314,1.82219,1.82246,1.00,1.00
2018.05.09 11:42:50.850,1.82219,1.82247,1.00,1.69
2018.05.09 11:42:51.156,1.82217,1.82246,2.25,1.56
2018.05.09 11:42:51.665,1.82218,1.82246,1.25,1.00
2018.05.09 11:42:52.017,1.82222,1.82251,1.31,1.00
2018.05.09 11:42:52.068,1.82229,1.82256,1.00,1.44
2018.05.09 11:42:52.170,1.8223,1.82261,1.00,2.63
2018.05.09 11:42:52.373,1.82233,1.82261,1.00,1.38
2018.05.09 11:42:53.371,1.82233,1.8226,1.00,1.38
2018.05.09 11:42:53.745,1.82233,1.82261,1.00,1.25
2018.05.09 11:42:54.388,1.82233,1.82261,1.00,1.88
2018.05.09 11:42:54.440,1.82233,1.82262,1.00,3.71
2018.05.09 11:42:55.293,1.82233,1.82261,1.00,1.38
2018.05.09 11:42:55.873,1.82233,1.82261,1.00,1.69
2018.05.09 11:42:56.384,1.82233,1.82262,1.00,2.59
2018.05.09 11:42:57.089,1.82233,1.82261,1.50,1.25
2018.05.09 11:42:57.592,1.82234,1.82261,1.00,1.25
2018.05.09 11:42:57.693,1.82236,1.82261,1.00,1.44
2018.05.09 11:42:57.745,1.82236,1.82262,1.00,1.50
2018.05.09 11:42:57.899,1.82238,1.82263,1.00,1.44
2018.05.09 11:42:58.291,1.82236,1.82263,1.50,1.44
2018.05.09 11:42:58.546,1.82236,1.82261,1.50,1.13
2018.05.09 11:42:58.648,1.82237,1.82263,1.00,1.69
2018.05.09 11:42:59.060,1.82232,1.82259,1.00,1.38
2018.05.09 11:42:59.213,1.82232,1.82258,1.00,1.38
2018.05.09 11:42:59.418,1.82229,1.82256,1.00,1.75
2018.05.09 11:42:59.725,1.82228,1.82257,1.00,1.25
2018.05.09 11:42:59.828,1.82229,1.82259,1.50,1.25
2018.05.09 11:42:59.879,1.82232,1.82259,1.00,1.25
2018.05.09 11:43:00.121,1.82235,1.82264,1.87,2.25
2018.05.09 11:43:00.172,1.82237,1.82264,1.00,1.88
2018.05.09 11:43:00.479,1.82236,1.82264,1.00,1.88
2018.05.09 11:43:00.841,1.82236,1.82261,1.00,1.13
2018.05.09 11:43:00.892,1.82233,1.8226,1.00,1.38
2018.05.09 11:43:01.196,1.82233,1.82262,1.00,2.81
2018.05.09 11:43:01.247,1.82238,1.82264,1.00,1.00
2018.05.09 11:43:01.502,1.82242,1.82271,1.50,1.25
2018.05.09 11:43:01.553,1.82242,1.82268,1.00,1.50
2018.05.09 11:43:01.732,1.8224,1.8227,1.50,1.50
2018.05.09 11:43:01.783,1.82245,1.82272,1.00,2.25
2018.05.09 11:43:02.240,1.82243,1.82268,1.00,1.75
2018.05.09 11:43:02.296,1.82237,1.82258,1.00,1.00
2018.05.09 11:43:02.399,1.82236,1.82263,1.00,4.88
2018.05.09 11:43:02.450,1.82236,1.82259,1.00,1.69
2018.05.09 11:43:02.501,1.82231,1.82258,1.00,1.00
2018.05.09 11:43:02.736,1.82229,1.82258,1.00,3.00
2018.05.09 11:43:02.787,1.8223,1.82256,1.00,1.31
2018.05.09 11:43:03.343,1.8223,1.82256,1.00,1.56
2018.05.09 11:43:03.394,1.8223,1.82256,1.00,1.25
2018.05.09 11:43:04.108,1.8223,1.82256,1.00,1.31
2018.05.09 11:43:04.615,1.8223,1.82256,1.00,1.00
2018.05.09 11:43:04.974,1.8223,1.82256,1.00,1.56
2018.05.09 11:43:05.189,1.8223,1.82256,1.00,1.25
2018.05.09 11:43:05.729,1.8223,1.82256,1.00,1.31
2018.05.09 11:43:06.279,1.8223,1.82256,1.00,1.25
2018.05.09 11:43:06.783,1.82231,1.82256,1.00,1.00
2018.05.09 11:43:06.987,1.82235,1.82259,1.00,1.00
2018.05.09 11:43:07.090,1.82238,1.82265,1.69,1.50
2018.05.09 11:43:07.192,1.82242,1.82265,1.00,1.00
2018.05.09 11:43:07.243,1.82242,1.82271,1.00,2.06
2018.05.09 11:43:07.296,1.82246,1.82272,1.00,2.40
2018.05.09 11:43:07.707,1.82246,1.82272,1.00,2.59
2018.05.09 11:43:08.228,1.82247,1.82271,1.00,1.88
2018.05.09 11:43:08.590,1.8225,1.82274,1.00,1.81
2018.05.09 11:43:08.863,1.82247,1.82274,1.00,1.81
2018.05.09 11:43:08.965,1.82247,1.82274,1.00,1.50
2018.05.09 11:43:09.530,1.82247,1.82274,1.00,1.56
2018.05.09 11:43:09.801,1.82247,1.82274,1.00,1.25
2018.05.09 11:43:09.954,1.82247,1.82274,1.00,1.56
2018.05.09 11:43:10.278,1.82255,1.82279,1.00,2.63
2018.05.09 11:43:10.483,1.82249,1.82278,1.00,1.81
2018.05.09 11:43:10.636,1.82249,1.82274,1.00,1.31
2018.05.09 11:43:11.163,1.82249,1.82275,1.00,1.88
2018.05.09 11:43:11.696,1.8225,1.82274,1.00,1.56
2018.05.09 11:43:12.258,1.8225,1.82273,1.00,1.00
2018.05.09 11:43:12.617,1.82248,1.82273,1.00,1.88
2018.05.09 11:43:12.670,1.82248,1.82273,1.00,1.44
2018.05.09 11:43:12.933,1.82248,1.82274,1.00,1.75
2018.05.09 11:43:13.040,1.82248,1.82273,1.00,2.06
2018.05.09 11:43:13.193,1.82243,1.82273,1.00,2.25
2018.05.09 11:43:13.244,1.82249,1.82273,1.00,2.44
2018.05.09 11:43:13.611,1.82245,1.82273,1.00,2.25
2018.05.09 11:43:13.766,1.82245,1.82273,1.00,1.75
2018.05.09 11:43:14.076,1.82246,1.82269,1.00,1.50
2018.05.09 11:43:14.670,1.82246,1.82269,1.00,1.38
2018.05.09 11:43:15.211,1.82246,1.8227,1.00,1.50
2018.05.09 11:43:15.722,1.82246,1.82269,1.00,1.50
2018.05.09 11:43:16.249,1.82246,1.82269,1.00,1.25
2018.05.09 11:43:16.403,1.82246,1.82272,1.00,1.00
2018.05.09 11:43:16.627,1.82249,1.82274,1.00,1.31
2018.05.09 11:43:17.702,1.82249,1.82275,1.00,1.50
2018.05.09 11:43:18.101,1.82246,1.82276,1.00,1.75
2018.05.09 11:43:18.266,1.82248,1.82275,1.00,1.50
2018.05.09 11:43:18.787,1.82248,1.82275,1.62,1.00
2018.05.09 11:43:19.165,1.82257,1.82282,1.00,1.25
2018.05.09 11:43:19.221,1.82253,1.82281,1.00,1.00
2018.05.09 11:43:19.842,1.82253,1.82282,1.25,1.69
2018.05.09 11:43:20.365,1.82253,1.82281,1.00,1.00
2018.05.09 11:43:20.416,1.82251,1.82281,1.25,1.31
2018.05.09 11:43:20.569,1.82249,1.82281,1.50,1.56
2018.05.09 11:43:20.621,1.82247,1.82279,3.75,1.31
2018.05.09 11:43:20.897,1.82247,1.82278,2.44,2.06
2018.05.09 11:43:21.204,1.82247,1.82279,1.00,2.63
2018.05.09 11:43:21.306,1.82247,1.82278,1.00,1.56
2018.05.09 11:43:21.357,1.82247,1.82278,1.00,1.88
2018.05.09 11:43:21.409,1.82247,1.82278,1.00,1.56
2018.05.09 11:43:21.460,1.82247,1.82278,1.00,1.25
2018.05.09 11:43:21.851,1.82247,1.82276,1.00,1.56
2018.05.09 11:43:22.107,1.82245,1.82277,1.00,1.75
2018.05.09 11:43:22.209,1.82243,1.82274,1.69,1.31
2018.05.09 11:43:22.261,1.82245,1.82277,1.50,2.25
2018.05.09 11:43:22.771,1.82245,1.82276,1.00,1.56
2018.05.09 11:43:23.091,1.82247,1.82277,1.00,3.19
2018.05.09 11:43:23.193,1.82247,1.82277,1.00,1.25
2018.05.09 11:43:23.728,1.82247,1.82277,1.50,1.31
2018.05.09 11:43:24.036,1.82247,1.82278,1.50,1.69
2018.05.09 11:43:24.267,1.82247,1.82277,1.50,1.31
2018.05.09 11:43:24.812,1.82247,1.82277,1.00,1.00
2018.05.09 11:43:25.573,1.82247,1.82277,1.50,1.56
2018.05.09 11:43:25.782,1.82247,1.82278,1.50,3.38
2018.05.09 11:43:25.834,1.82247,1.82278,2.25,2.25
2018.05.09 11:43:26.142,1.8226,1.82289,1.50,1.13
2018.05.09 11:43:26.194,1.8226,1.8229,1.00,1.50
2018.05.09 11:43:26.246,1.8226,1.82291,1.00,1.75
2018.05.09 11:43:26.548,1.8226,1.8229,1.00,1.50
2018.05.09 11:43:26.650,1.82262,1.82291,1.50,1.13
2018.05.09 11:43:26.957,1.82262,1.82288,1.50,1.50
2018.05.09 11:43:27.162,1.82258,1.82288,1.00,1.75
2018.05.09 11:43:27.757,1.82258,1.82286,1.50,1.44
2018.05.09 11:43:27.809,1.82258,1.8228,1.50,1.00
2018.05.09 11:43:28.335,1.82257,1.8228,1.50,1.00
2018.05.09 11:43:28.726,1.82257,1.82284,1.50,1.25
2018.05.09 11:43:28.880,1.82265,1.82291,1.00,2.63
2018.05.09 11:43:29.035,1.82265,1.82294,1.00,1.88
2018.05.09 11:43:29.096,1.82265,1.8229,1.00,1.38
2018.05.09 11:43:29.148,1.82265,1.82291,1.00,1.25
2018.05.09 11:43:29.816,1.82264,1.82295,1.00,1.88
2018.05.09 11:43:29.869,1.82264,1.82287,1.50,1.88
2018.05.09 11:43:29.921,1.82261,1.82285,1.00,1.50
2018.05.09 11:43:29.973,1.82257,1.82284,1.00,1.00
2018.05.09 11:43:30.025,1.82257,1.82285,1.75,1.50
2018.05.09 11:43:30.077,1.82258,1.82285,1.13,1.00
2018.05.09 11:43:30.436,1.82257,1.82284,1.94,1.00
2018.05.09 11:43:30.746,1.82258,1.82284,1.13,1.00
2018.05.09 11:43:31.186,1.82258,1.82288,1.44,1.00
2018.05.09 11:43:31.493,1.82257,1.82287,1.50,1.25
2018.05.09 11:43:31.596,1.82257,1.82287,2.06,2.06
2018.05.09 11:43:31.699,1.82258,1.82288,1.31,1.50
2018.05.09 11:43:32.385,1.82258,1.82287,1.50,1.00
2018.05.09 11:43:32.805,1.8226,1.82287,1.00,1.00
2018.05.09 11:43:33.114,1.8226,1.82287,1.50,1.00
2018.05.09 11:43:33.629,1.82258,1.82287,1.13,1.00
2018.05.09 11:43:34.099,1.8226,1.82289,1.50,1.00
2018.05.09 11:43:34.405,1.82261,1.82287,1.50,1.00
2018.05.09 11:43:34.491,1.8226,1.82287,1.00,1.00
2018.05.09 11:43:34.594,1.82258,1.82287,2.62,1.38
2018.05.09 11:43:34.645,1.82258,1.82284,2.62,1.00
2018.05.09 11:43:34.696,1.82257,1.82287,1.87,1.50
2018.05.09 11:43:35.003,1.82258,1.82285,1.12,1.00
2018.05.09 11:43:35.105,1.82258,1.82287,1.12,1.25
2018.05.09 11:43:35.208,1.82258,1.82279,1.12,1.00
2018.05.09 11:43:35.259,1.82257,1.82286,1.12,1.25
2018.05.09 11:43:35.481,1.82257,1.82288,1.12,1.69
2018.05.09 11:43:35.633,1.82258,1.82282,1.00,1.00
2018.05.09 11:43:35.685,1.82257,1.82288,1.00,2.63
2018.05.09 11:43:36.195,1.82258,1.82287,1.00,1.38
2018.05.09 11:43:36.743,1.82257,1.82288,1.00,2.63
2018.05.09 11:43:37.258,1.82256,1.82287,2.06,1.00
2018.05.09 11:43:37.590,1.82256,1.82286,2.44,1.00
2018.05.09 11:43:37.841,1.82256,1.82288,2.06,2.44
2018.05.09 11:43:38.379,1.82255,1.82287,2.44,2.44
2018.05.09 11:43:39.363,1.82256,1.82288,1.56,3.00
2018.05.09 11:43:39.875,1.82256,1.82287,1.75,1.00
2018.05.09 11:43:40.415,1.82256,1.82288,1.81,2.25
2018.05.09 11:43:40.729,1.82257,1.82288,2.25,1.50
2018.05.09 11:43:41.012,1.82264,1.82293,1.00,1.69
2018.05.09 11:43:41.419,1.82264,1.82295,1.12,2.06
2018.05.09 11:43:41.841,1.82263,1.82294,1.00,1.25
2018.05.09 11:43:41.893,1.82263,1.8229,1.25,1.00
2018.05.09 11:43:42.237,1.82263,1.82295,1.44,1.31
2018.05.09 11:43:42.848,1.82263,1.82295,1.69,1.31
2018.05.09 11:43:42.993,1.82263,1.82295,2.25,2.06
2018.05.09 11:43:43.145,1.82263,1.82295,1.69,1.31
2018.05.09 11:43:43.248,1.82263,1.82287,1.00,1.25
2018.05.09 11:43:43.388,1.82259,1.82285,1.00,1.00
2018.05.09 11:43:43.439,1.82257,1.82284,1.00,1.00
2018.05.09 11:43:43.491,1.82258,1.82286,1.00,1.00
2018.05.09 11:43:43.542,1.8226,1.82286,1.37,1.00
2018.05.09 11:43:43.593,1.82259,1.82289,1.87,2.06
2018.05.09 11:43:43.645,1.82259,1.8229,2.62,2.06
2018.05.09 11:43:43.697,1.82261,1.82289,1.00,1.94
2018.05.09 11:43:43.800,1.82259,1.82283,1.25,1.00
2018.05.09 11:43:43.852,1.82256,1.82282,1.00,1.25
2018.05.09 11:43:44.362,1.82255,1.82284,1.00,2.06
2018.05.09 11:43:44.569,1.82258,1.82285,1.00,2.44
2018.05.09 11:43:44.670,1.82255,1.82285,1.00,2.44
2018.05.09 11:43:45.126,1.82257,1.82285,1.00,2.06
2018.05.09 11:43:45.334,1.82257,1.82287,1.38,1.00
2018.05.09 11:43:45.857,1.82257,1.82287,3.38,1.50
2018.05.09 11:43:46.324,1.82262,1.82286,1.00,1.00
2018.05.09 11:43:46.938,1.82261,1.82286,1.00,1.00
2018.05.09 11:43:47.416,1.82261,1.8229,1.00,1.31
2018.05.09 11:43:47.994,1.82261,1.8229,1.00,2.81
2018.05.09 11:43:48.578,1.82262,1.8229,1.00,1.31
2018.05.09 11:43:48.833,1.82263,1.82295,1.00,2.63
2018.05.09 11:43:48.885,1.82263,1.82291,1.00,1.00
2018.05.09 11:43:49.038,1.82263,1.82295,1.00,2.63
2018.05.09 11:43:49.569,1.82263,1.82292,1.50,1.00
2018.05.09 11:43:50.104,1.82263,1.82294,1.00,1.44
2018.05.09 11:43:50.207,1.82263,1.82288,1.00,1.00
2018.05.09 11:43:51.180,1.82262,1.82289,4.87,1.00
2018.05.09 11:43:51.284,1.82256,1.82286,2.06,1.00
2018.05.09 11:43:51.335,1.82256,1.82285,2.25,2.63
2018.05.09 11:43:51.667,1.82256,1.82285,1.38,2.25
2018.05.09 11:43:51.989,1.82258,1.82285,1.00,1.38
2018.05.09 11:43:52.091,1.82252,1.82278,1.00,2.25
2018.05.09 11:43:52.142,1.82254,1.82278,1.00,1.25
2018.05.09 11:43:52.244,1.82251,1.82279,1.00,1.88
2018.05.09 11:43:52.755,1.82252,1.82279,1.69,1.00
2018.05.09 11:43:52.992,1.82254,1.82278,1.00,1.00
2018.05.09 11:43:53.302,1.82254,1.82275,1.00,1.50
2018.05.09 11:43:53.354,1.8225,1.82275,1.87,2.25
2018.05.09 11:43:53.902,1.82251,1.82272,1.00,1.00
2018.05.09 11:43:55.378,1.82251,1.82273,1.00,1.25
2018.05.09 11:43:55.430,1.82249,1.82273,1.00,1.44
2018.05.09 11:43:56.407,1.82249,1.82271,1.00,1.00
2018.05.09 11:43:59.081,1.82249,1.82269,1.00,1.00
2018.05.09 11:43:59.235,1.82242,1.82266,1.12,1.00
2018.05.09 11:43:59.287,1.82242,1.82269,1.00,1.00
2018.05.09 11:43:59.362,1.82243,1.82261,1.00,1.00
2018.05.09 11:43:59.466,1.82243,1.82266,1.00,1.00
2018.05.09 11:43:59.569,1.82244,1.8227,1.00,1.00
2018.05.09 11:43:59.672,1.82246,1.82271,1.00,1.31
2018.05.09 11:43:59.980,1.8225,1.82274,1.00,1.30
2018.05.09 11:44:00.308,1.82249,1.8227,1.00,1.00
2018.05.09 11:44:00.617,1.82248,1.82272,1.69,1.00
2018.05.09 11:44:00.820,1.82249,1.8227,1.50,1.00
2018.05.09 11:44:01.081,1.82243,1.82267,1.50,1.00
2018.05.09 11:44:01.132,1.8224,1.82258,2.25,1.00
2018.05.09 11:44:01.438,1.82246,1.82256,1.00,1.00
2018.05.09 11:44:01.540,1.82243,1.82256,1.00,1.00
2018.05.09 11:44:01.672,1.82244,1.82258,1.00,1.00
2018.05.09 11:44:01.723,1.82241,1.82258,1.00,1.50
2018.05.09 11:44:01.876,1.82238,1.82258,1.50,1.00
2018.05.09 11:44:01.977,1.82236,1.82258,1.00,1.00
2018.05.09 11:44:02.593,1.82236,1.82259,1.00,1.00
2018.05.09 11:44:02.745,1.82236,1.82259,3.00,1.00
2018.05.09 11:44:02.897,1.82236,1.82262,1.37,1.50
2018.05.09 11:44:03.403,1.82236,1.82262,3.00,1.50
2018.05.09 11:44:03.455,1.82236,1.82262,1.00,1.31
2018.05.09 11:44:03.711,1.82237,1.8226,2.25,1.50
2018.05.09 11:44:04.259,1.82238,1.8226,1.00,1.00
2018.05.09 11:44:04.566,1.82239,1.8226,2.25,1.00
2018.05.09 11:44:04.895,1.82239,1.82263,2.25,1.50
2018.05.09 11:44:05.455,1.82242,1.82262,1.00,1.00
2018.05.09 11:44:05.965,1.82241,1.82263,1.00,1.56
2018.05.09 11:44:06.411,1.82239,1.82261,1.00,1.31
2018.05.09 11:44:06.513,1.82237,1.8226,1.00,1.00
2018.05.09 11:44:07.022,1.82237,1.82259,1.50,1.00
2018.05.09 11:44:07.287,1.82236,1.82255,1.50,1.31
2018.05.09 11:44:07.625,1.82239,1.82254,1.00,1.00
2018.05.09 11:44:07.777,1.82239,1.82257,1.00,1.31
2018.05.09 11:44:07.930,1.82232,1.82257,1.00,1.25
2018.05.09 11:44:08.035,1.8223,1.8225,1.00,1.88
2018.05.09 11:44:08.348,1.8223,1.82247,1.00,1.81
2018.05.09 11:44:08.400,1.82228,1.82247,1.00,1.81
2018.05.09 11:44:08.503,1.82228,1.82247,1.00,1.50
2018.05.09 11:44:08.712,1.82224,1.82244,1.50,1.44
2018.05.09 11:44:08.764,1.82218,1.82244,1.69,1.50
2018.05.09 11:44:09.270,1.82218,1.82242,1.37,1.25
2018.05.09 11:44:09.771,1.82219,1.82244,1.00,1.44
2018.05.09 11:44:09.925,1.82219,1.82244,3.00,1.88
2018.05.09 11:44:09.978,1.82218,1.82245,1.12,1.38
2018.05.09 11:44:10.207,1.82219,1.82239,1.00,1.00
2018.05.09 11:44:10.515,1.82214,1.82234,1.50,1.00
2018.05.09 11:44:10.567,1.82211,1.82233,1.00,1.00
2018.05.09 11:44:10.618,1.82209,1.82235,2.25,1.50
2018.05.09 11:44:11.159,1.82209,1.82234,1.50,1.50
2018.05.09 11:44:11.364,1.82206,1.82231,1.50,2.06
2018.05.09 11:44:11.518,1.82202,1.82228,1.00,1.56
2018.05.09 11:44:11.723,1.82203,1.82229,3.00,1.56
2018.05.09 11:44:11.877,1.82203,1.82229,1.50,1.56
2018.05.09 11:44:12.374,1.82204,1.82229,1.00,1.50
2018.05.09 11:44:12.527,1.82201,1.82229,1.00,1.50
2018.05.09 11:44:12.781,1.82201,1.82227,1.88,1.00
2018.05.09 11:44:12.998,1.82219,1.82246,1.00,2.06
2018.05.09 11:44:13.472,1.8222,1.82246,1.00,1.25
2018.05.09 11:44:13.524,1.8222,1.82243,1.00,1.00
2018.05.09 11:44:13.886,1.82223,1.82244,1.50,1.75
2018.05.09 11:44:13.989,1.82223,1.82244,1.00,1.25
2018.05.09 11:44:14.041,1.82224,1.82242,1.00,1.00
2018.05.09 11:44:14.499,1.82224,1.82246,1.00,1.25
2018.05.09 11:44:14.651,1.82224,1.82242,1.00,1.00
2018.05.09 11:44:15.198,1.82224,1.8224,1.00,1.00
2018.05.09 11:44:15.689,1.82223,1.82242,1.00,1.00
2018.05.09 11:44:16.082,1.82223,1.82247,1.50,2.25
2018.05.09 11:44:16.471,1.82224,1.82252,1.00,1.87
2018.05.09 11:44:16.523,1.82229,1.8225,1.50,1.00
2018.05.09 11:44:16.779,1.82225,1.8225,1.00,1.00
2018.05.09 11:44:16.831,1.82225,1.8225,1.00,1.75
2018.05.09 11:44:17.168,1.82226,1.82246,1.00,1.81
2018.05.09 11:44:17.220,1.82223,1.82245,1.00,1.13
2018.05.09 11:44:17.322,1.82219,1.82244,1.00,1.56
2018.05.09 11:44:17.425,1.82219,1.82245,1.00,1.44
2018.05.09 11:44:17.993,1.82223,1.82245,1.00,1.75
2018.05.09 11:44:18.578,1.82222,1.82245,1.50,1.75
2018.05.09 11:44:19.466,1.82223,1.82246,1.00,2.25
2018.05.09 11:44:19.671,1.82228,1.8225,1.50,1.00
2018.05.09 11:44:19.722,1.82235,1.82251,1.00,1.88
2018.05.09 11:44:19.875,1.82229,1.82247,1.00,1.00
2018.05.09 11:44:19.926,1.82229,1.82248,1.50,1.75
2018.05.09 11:44:20.061,1.82226,1.82245,1.00,1.44
2018.05.09 11:44:20.112,1.8222,1.82246,2.25,2.81
2018.05.09 11:44:20.265,1.82223,1.82246,1.00,2.81
2018.05.09 11:44:20.605,1.82227,1.82246,1.00,1.50
2018.05.09 11:44:21.070,1.82222,1.82246,2.25,1.50
2018.05.09 11:44:21.281,1.8222,1.82246,1.50,1.50
2018.05.09 11:44:21.333,1.82222,1.82247,1.69,1.00
2018.05.09 11:44:21.643,1.82253,1.82269,1.00,1.00
2018.05.09 11:44:21.819,1.82248,1.82271,1.00,1.44
2018.05.09 11:44:21.972,1.82249,1.82271,1.00,1.88
2018.05.09 11:44:22.127,1.82249,1.82271,1.00,1.44
2018.05.09 11:44:22.484,1.82249,1.82273,1.00,1.38
2018.05.09 11:44:22.604,1.82249,1.8227,1.00,1.25
2018.05.09 11:44:22.656,1.82249,1.82272,1.00,1.38
2018.05.09 11:44:23.082,1.82249,1.82272,1.00,1.75
2018.05.09 11:44:23.614,1.82248,1.8227,1.00,1.38
2018.05.09 11:44:24.210,1.82249,1.8227,1.00,1.38
2018.05.09 11:44:24.827,1.82248,1.8227,1.00,1.38
2018.05.09 11:44:25.402,1.82249,1.8227,1.00,1.38
2018.05.09 11:44:25.907,1.82248,1.8227,1.50,1.38
2018.05.09 11:44:26.060,1.82249,1.8227,1.00,1.25
2018.05.09 11:44:26.111,1.82251,1.8227,1.00,1.90
2018.05.09 11:44:26.214,1.82247,1.82263,1.00,1.13
2018.05.09 11:44:26.266,1.82242,1.82264,1.00,1.56
2018.05.09 11:44:26.317,1.82236,1.82264,2.81,1.56
2018.05.09 11:44:26.589,1.82236,1.82264,2.81,1.25
2018.05.09 11:44:26.640,1.82236,1.82264,3.19,1.25
2018.05.09 11:44:26.691,1.82237,1.82264,1.00,1.25
2018.05.09 11:44:27.110,1.82243,1.82264,1.00,1.25
2018.05.09 11:44:27.315,1.82237,1.82263,2.25,1.25
2018.05.09 11:44:27.519,1.82237,1.82268,3.38,2.06
2018.05.09 11:44:27.647,1.82248,1.82268,1.00,1.00
2018.05.09 11:44:27.698,1.82253,1.8228,1.00,2.10
2018.05.09 11:44:27.901,1.82256,1.82278,1.00,1.23
2018.05.09 11:44:28.407,1.82255,1.82279,1.00,1.91
2018.05.09 11:44:28.941,1.82252,1.8228,3.19,1.54
2018.05.09 11:44:29.252,1.82262,1.82276,1.00,1.00
2018.05.09 11:44:29.303,1.82257,1.82277,1.50,1.25
2018.05.09 11:44:29.424,1.82257,1.82278,1.00,1.44
2018.05.09 11:44:29.475,1.82257,1.82272,1.50,1.00
2018.05.09 11:44:29.986,1.82257,1.82273,1.50,1.00
2018.05.09 11:44:30.140,1.8225,1.82272,1.50,1.38
2018.05.09 11:44:30.229,1.8225,1.82272,1.00,1.38
2018.05.09 11:44:30.418,1.82245,1.82268,1.00,1.75
2018.05.09 11:44:30.470,1.82243,1.82268,1.00,1.50
2018.05.09 11:44:30.521,1.82239,1.82268,1.50,1.75
2018.05.09 11:44:30.910,1.82239,1.82265,1.50,1.25
2018.05.09 11:44:31.256,1.82239,1.82269,1.50,3.00
2018.05.09 11:44:31.307,1.82241,1.82268,1.00,1.25
2018.05.09 11:44:31.827,1.8224,1.82269,1.00,2.81
2018.05.09 11:44:32.269,1.82245,1.8227,1.00,1.00
2018.05.09 11:44:32.713,1.82241,1.82271,1.31,1.44
2018.05.09 11:44:33.241,1.82241,1.82272,1.00,2.78
2018.05.09 11:44:33.946,1.82242,1.82271,1.09,1.31
2018.05.09 11:44:34.277,1.82247,1.82272,1.12,1.09
2018.05.09 11:44:34.584,1.82247,1.82272,1.00,2.78
2018.05.09 11:44:34.686,1.82244,1.82272,1.00,3.53
2018.05.09 11:44:34.840,1.82244,1.82271,1.00,1.25
2018.05.09 11:44:35.159,1.82244,1.8227,1.00,1.56
2018.05.09 11:44:35.316,1.82241,1.82269,2.25,1.31
2018.05.09 11:44:35.368,1.82241,1.82268,2.25,1.69
2018.05.09 11:44:35.722,1.82241,1.82268,1.00,1.25
2018.05.09 11:44:36.442,1.82241,1.82267,1.00,1.00
2018.05.09 11:44:36.961,1.82241,1.82266,1.00,1.00
2018.05.09 11:44:37.490,1.82241,1.82268,1.00,2.44
2018.05.09 11:44:38.114,1.8224,1.82267,1.00,1.25
2018.05.09 11:44:38.165,1.8224,1.82267,1.00,1.56
2018.05.09 11:44:39.238,1.8224,1.82268,1.00,2.06
2018.05.09 11:44:39.617,1.8224,1.82265,1.00,1.69
2018.05.09 11:44:39.967,1.82234,1.82259,1.00,1.31
2018.05.09 11:44:40.122,1.82229,1.82255,1.50,1.00
2018.05.09 11:44:40.959,1.8223,1.82258,1.00,1.31
2018.05.09 11:44:41.491,1.82229,1.82259,1.13,2.81
2018.05.09 11:44:42.002,1.82227,1.82256,1.50,1.25
2018.05.09 11:44:42.128,1.82227,1.82257,1.00,1.81
2018.05.09 11:44:42.432,1.82226,1.82258,1.38,1.37
2018.05.09 11:44:42.738,1.82243,1.82266,1.00,1.00
2018.05.09 11:44:42.841,1.82241,1.82267,1.50,1.25
2018.05.09 11:44:42.937,1.82241,1.82267,1.50,1.88
2018.05.09 11:44:42.989,1.82236,1.82264,1.00,1.13
2018.05.09 11:44:43.042,1.82236,1.8226,1.00,1.00
2018.05.09 11:44:43.094,1.82233,1.82261,1.00,1.25
2018.05.09 11:44:43.196,1.82232,1.82258,1.00,1.00
2018.05.09 11:44:43.707,1.82231,1.82257,1.00,1.00
2018.05.09 11:44:44.817,1.82231,1.82258,1.25,1.00
2018.05.09 11:44:45.125,1.82231,1.82251,1.00,1.00
2018.05.09 11:44:45.592,1.82231,1.82253,1.00,1.00
2018.05.09 11:44:45.748,1.82231,1.82256,1.00,1.00
2018.05.09 11:44:45.902,1.8223,1.82249,1.00,1.00
2018.05.09 11:44:45.954,1.82226,1.82249,1.50,1.13
2018.05.09 11:44:46.005,1.82225,1.82249,1.25,1.13
2018.05.09 11:44:46.057,1.82221,1.82248,1.00,2.06
2018.05.09 11:44:46.108,1.82221,1.82247,1.00,1.56
2018.05.09 11:44:46.160,1.82218,1.82247,1.69,1.94
2018.05.09 11:44:46.528,1.82218,1.82247,1.88,1.75
2018.05.09 11:44:46.682,1.82226,1.82252,1.50,1.00
2018.05.09 11:44:46.734,1.82229,1.82254,1.00,1.00
2018.05.09 11:44:46.989,1.8223,1.82257,1.00,1.00
2018.05.09 11:44:47.193,1.82232,1.82259,1.00,1.25
2018.05.09 11:44:47.848,1.8223,1.82259,1.00,1.00
2018.05.09 11:44:48.367,1.82231,1.8226,1.00,1.25
2018.05.09 11:44:48.878,1.8223,1.82259,1.25,1.00
2018.05.09 11:44:49.234,1.82232,1.82262,1.00,1.69
2018.05.09 11:44:49.632,1.82232,1.82261,1.00,1.56
2018.05.09 11:44:49.685,1.82231,1.82259,1.00,1.25
2018.05.09 11:44:50.193,1.82229,1.82259,3.75,1.31
2018.05.09 11:44:50.704,1.82231,1.82259,1.00,1.69
2018.05.09 11:44:51.277,1.82231,1.82259,1.00,1.50
2018.05.09 11:44:51.899,1.82232,1.82262,1.69,1.00
2018.05.09 11:44:51.950,1.82237,1.82263,1.69,1.00
2018.05.09 11:44:52.104,1.82246,1.82274,1.50,1.37
2018.05.09 11:44:52.624,1.82247,1.82274,1.00,1.37
2018.05.09 11:44:52.827,1.82247,1.82274,1.00,1.37
2018.05.09 11:44:53.133,1.82247,1.82274,1.00,2.25
2018.05.09 11:44:53.710,1.82247,1.82274,1.00,2.25
2018.05.09 11:44:53.762,1.82245,1.82274,1.00,2.25
2018.05.09 11:44:54.173,1.82245,1.82274,1.00,3.75
2018.05.09 11:44:55.515,1.82245,1.82274,1.00,3.00
2018.05.09 11:44:55.567,1.82245,1.82274,1.00,3.00
2018.05.09 11:44:55.685,1.82245,1.82273,1.00,1.00
2018.05.09 11:44:56.194,1.82245,1.82274,1.00,3.00
2018.05.09 11:44:56.245,1.82245,1.82273,1.00,1.50
2018.05.09 11:44:56.449,1.82245,1.82274,1.00,3.00
2018.05.09 11:44:56.653,1.82245,1.82273,1.00,1.50
2018.05.09 11:44:56.757,1.82239,1.8227,1.00,3.00
2018.05.09 11:44:56.810,1.82241,1.82267,1.00,1.37
2018.05.09 11:44:56.861,1.82237,1.82263,1.50,1.00
2018.05.09 11:44:57.546,1.82238,1.82267,1.00,1.37
2018.05.09 11:44:58.080,1.82237,1.82264,1.00,1.37
2018.05.09 11:44:58.633,1.82238,1.82264,1.00,1.37
2018.05.09 11:44:59.163,1.82238,1.82264,1.00,1.37
2018.05.09 11:44:59.736,1.82237,1.82264,1.00,1.12
2018.05.09 11:45:00.262,1.82238,1.82264,1.00,1.00
2018.05.09 11:45:00.844,1.82237,1.82264,1.50,1.00
2018.05.09 11:45:01.471,1.82238,1.82264,1.00,1.00
2018.05.09 11:45:02.020,1.82237,1.82264,2.25,1.31
2018.05.09 11:45:02.260,1.82246,1.8227,1.00,1.00
2018.05.09 11:45:02.312,1.82247,1.82273,1.00,1.00
2018.05.09 11:45:02.363,1.82244,1.82274,1.25,1.00
2018.05.09 11:45:02.415,1.82246,1.82274,1.00,1.00
2018.05.09 11:45:02.927,1.82245,1.82277,1.00,3.19
2018.05.09 11:45:03.473,1.82242,1.82273,1.00,1.25
2018.05.09 11:45:03.527,1.82241,1.82272,1.50,1.19
2018.05.09 11:45:03.834,1.82241,1.82272,1.50,1.25
2018.05.09 11:45:04.456,1.82241,1.82272,1.50,1.56
2018.05.09 11:45:04.824,1.82246,1.82274,1.00,1.00
2018.05.09 11:45:05.129,1.82248,1.82276,1.00,1.37
2018.05.09 11:45:05.282,1.82248,1.82277,1.00,1.00
2018.05.09 11:45:05.618,1.82248,1.82277,1.00,1.62
2018.05.09 11:45:06.595,1.82248,1.82275,1.00,1.37
2018.05.09 11:45:06.848,1.82248,1.82276,1.00,1.12
2018.05.09 11:45:06.901,1.82248,1.82276,1.00,1.37
2018.05.09 11:45:07.509,1.82248,1.82277,1.00,1.69
2018.05.09 11:45:08.082,1.82246,1.82274,1.87,1.12
2018.05.09 11:45:08.134,1.82246,1.82273,1.50,1.37
2018.05.09 11:45:08.185,1.82246,1.82273,1.00,1.00
2018.05.09 11:45:08.237,1.82252,1.82275,1.00,1.94
2018.05.09 11:45:08.289,1.8225,1.82274,1.00,1.94
2018.05.09 11:45:08.408,1.82244,1.82274,2.62,2.06
2018.05.09 11:45:08.460,1.82245,1.82274,1.87,1.00
2018.05.09 11:45:08.768,1.8225,1.82279,1.50,1.25
2018.05.09 11:45:09.494,1.8225,1.82279,1.50,1.62
2018.05.09 11:45:10.004,1.8225,1.82277,1.00,1.00
2018.05.09 11:45:10.055,1.8225,1.82276,1.00,1.56
2018.05.09 11:45:10.266,1.82246,1.82272,1.00,1.25
2018.05.09 11:45:11.395,1.82247,1.82277,1.00,1.56
2018.05.09 11:45:11.447,1.82251,1.82277,1.00,2.44
2018.05.09 11:45:12.081,1.8225,1.82277,1.50,1.25
2018.05.09 11:45:12.183,1.82248,1.82277,1.69,1.00
2018.05.09 11:45:12.326,1.82251,1.82277,1.31,1.00
2018.05.09 11:45:12.430,1.82252,1.82279,2.25,1.00
2018.05.09 11:45:12.685,1.82253,1.82282,1.00,1.00
2018.05.09 11:45:12.737,1.82253,1.82282,1.37,1.00
2018.05.09 11:45:12.789,1.82252,1.82284,1.50,1.00
2018.05.09 11:45:13.044,1.82252,1.82285,1.12,1.69
2018.05.09 11:45:13.095,1.82252,1.82285,1.00,1.00
2018.05.09 11:45:13.197,1.82252,1.82284,1.50,1.31
2018.05.09 11:45:13.542,1.82252,1.82284,1.50,1.56
2018.05.09 11:45:13.651,1.82252,1.82284,1.50,1.62
2018.05.09 11:45:13.754,1.82252,1.82284,1.50,1.56
2018.05.09 11:45:14.179,1.82251,1.82277,1.00,1.00
2018.05.09 11:45:14.230,1.82252,1.8228,1.00,1.00
2018.05.09 11:45:14.333,1.82249,1.82273,1.00,2.06
2018.05.09 11:45:14.487,1.82239,1.82269,1.50,2.06
2018.05.09 11:45:15.034,1.8224,1.82269,1.25,2.44
2018.05.09 11:45:15.086,1.8224,1.82264,1.00,1.00
2018.05.09 11:45:16.445,1.8224,1.82265,1.00,1.25
2018.05.09 11:45:16.796,1.82245,1.8227,1.00,1.50
2018.05.09 11:45:16.929,1.8224,1.8227,1.00,1.50
2018.05.09 11:45:17.792,1.82243,1.8227,1.00,1.69
2018.05.09 11:45:19.419,1.82242,1.8227,1.00,1.69
2018.05.09 11:45:19.917,1.82245,1.8227,1.00,1.69
2018.05.09 11:45:20.268,1.82253,1.82276,1.00,1.00
2018.05.09 11:45:20.371,1.82255,1.8228,1.00,1.00
2018.05.09 11:45:20.577,1.82255,1.82278,1.00,1.31
2018.05.09 11:45:20.629,1.82247,1.82274,2.25,1.56
2018.05.09 11:45:21.029,1.82245,1.82272,1.87,1.94
2018.05.09 11:45:21.337,1.82243,1.82269,1.00,1.00
2018.05.09 11:45:21.712,1.82241,1.82269,1.00,1.00
2018.05.09 11:45:22.221,1.82242,1.82269,1.00,1.00
2018.05.09 11:45:22.766,1.82245,1.8227,1.00,1.00
2018.05.09 11:45:22.907,1.82247,1.82274,1.87,1.00
2018.05.09 11:45:22.959,1.82252,1.82274,1.50,1.00
2018.05.09 11:45:23.010,1.82252,1.8228,1.00,1.65
2018.05.09 11:45:23.266,1.82247,1.82278,1.50,1.69
2018.05.09 11:45:23.318,1.82246,1.82275,1.00,1.56
2018.05.09 11:45:23.490,1.82245,1.82275,1.50,3.19
2018.05.09 11:45:24.091,1.82247,1.82275,1.37,1.00
2018.05.09 11:45:24.142,1.82247,1.82275,2.44,1.00
2018.05.09 11:45:24.195,1.82247,1.82275,1.37,1.00
2018.05.09 11:45:24.574,1.82246,1.82271,1.69,1.69
2018.05.09 11:45:24.678,1.82241,1.82266,1.00,1.56
2018.05.09 11:45:24.730,1.82237,1.82267,2.25,3.00
2018.05.09 11:45:24.781,1.82235,1.82263,1.31,1.00
2018.05.09 11:45:25.296,1.82242,1.82263,1.00,1.00
2018.05.09 11:45:25.600,1.82242,1.82261,1.00,1.00
2018.05.09 11:45:28.184,1.8224,1.8226,1.44,1.00
2018.05.09 11:45:28.492,1.82247,1.8226,1.00,1.00
2018.05.09 11:45:28.646,1.82247,1.82264,1.00,1.00
2018.05.09 11:45:30.575,1.82246,1.82264,1.00,1.00
2018.05.09 11:45:31.459,1.82246,1.82263,1.00,1.00
2018.05.09 11:45:31.738,1.82242,1.82263,1.25,1.00
2018.05.09 11:45:33.633,1.82246,1.82263,1.00,1.00
2018.05.09 11:45:33.887,1.82241,1.82263,1.00,1.00
2018.05.09 11:45:34.305,1.82239,1.82259,1.00,1.00
2018.05.09 11:45:34.518,1.82231,1.82256,1.31,1.56
2018.05.09 11:45:34.570,1.82231,1.82251,1.00,1.00
2018.05.09 11:45:34.622,1.82229,1.82251,1.12,1.00
2018.05.09 11:45:34.674,1.82235,1.82251,1.00,1.00
2018.05.09 11:45:34.726,1.82235,1.82256,1.00,1.25
2018.05.09 11:45:34.777,1.82228,1.82253,1.00,1.00
2018.05.09 11:45:35.352,1.82229,1.82253,1.00,1.00
2018.05.09 11:45:36.151,1.82228,1.82253,1.25,1.00
2018.05.09 11:45:36.686,1.82229,1.82253,1.37,1.00
2018.05.09 11:45:37.196,1.82229,1.82253,1.00,1.00
2018.05.09 11:45:37.891,1.82229,1.82256,1.12,1.00
2018.05.09 11:45:38.146,1.82227,1.82251,3.19,1.00
2018.05.09 11:45:38.659,1.82228,1.82251,2.63,1.00
2018.05.09 11:45:38.971,1.82226,1.82251,1.31,1.00
2018.05.09 11:45:39.481,1.82227,1.8225,1.00,1.00
2018.05.09 11:45:39.566,1.82225,1.8225,1.25,1.00
2018.05.09 11:45:40.084,1.82224,1.8225,2.81,1.00
2018.05.09 11:45:40.628,1.82227,1.8225,1.00,1.00
2018.05.09 11:45:42.073,1.82226,1.8225,2.06,1.00
2018.05.09 11:45:42.697,1.82226,1.8225,2.63,1.00
2018.05.09 11:45:42.748,1.82226,1.8225,2.25,1.00
2018.05.09 11:45:43.302,1.82228,1.8225,1.13,1.00
2018.05.09 11:45:43.902,1.82232,1.8225,1.00,1.00
2018.05.09 11:45:44.604,1.82225,1.8225,1.75,1.00
2018.05.09 11:45:44.655,1.82237,1.82257,1.00,1.50
2018.05.09 11:45:44.756,1.82236,1.82259,1.31,2.25
2018.05.09 11:45:44.909,1.8224,1.82259,1.13,1.00
2018.05.09 11:45:45.123,1.82238,1.82259,1.50,1.00
2018.05.09 11:45:45.276,1.82242,1.82261,1.00,1.00
2018.05.09 11:45:45.377,1.82242,1.82263,1.00,1.50
2018.05.09 11:45:45.889,1.82242,1.82264,1.00,1.00
2018.05.09 11:45:46.199,1.82238,1.82264,1.50,1.00
2018.05.09 11:45:46.702,1.82237,1.82264,3.00,1.00
2018.05.09 11:45:46.996,1.82241,1.82264,1.00,1.00
2018.05.09 11:45:47.719,1.82237,1.82264,2.44,1.00
2018.05.09 11:45:47.821,1.82237,1.82264,1.87,2.06
2018.05.09 11:45:48.330,1.82237,1.82262,1.00,1.25
2018.05.09 11:45:48.541,1.82241,1.82263,1.00,1.00
2018.05.09 11:45:48.592,1.82242,1.82267,1.44,1.00
2018.05.09 11:45:48.645,1.82241,1.82267,1.69,1.00
2018.05.09 11:45:48.697,1.82245,1.8227,1.25,1.00
2018.05.09 11:45:48.800,1.82245,1.82273,1.00,1.88
2018.05.09 11:45:49.310,1.82246,1.82273,1.00,2.63
2018.05.09 11:45:49.476,1.82247,1.82273,1.56,1.00
2018.05.09 11:45:49.993,1.82247,1.82273,1.31,1.00
2018.05.09 11:45:50.297,1.82246,1.82275,1.69,1.00
2018.05.09 11:45:50.630,1.82253,1.82275,1.00,1.00
2018.05.09 11:45:51.138,1.82252,1.82275,1.25,1.00
2018.05.09 11:45:51.692,1.82253,1.82275,1.00,1.00
2018.05.09 11:45:52.243,1.82252,1.82275,1.50,1.00
2018.05.09 11:45:52.667,1.82255,1.82275,1.00,1.00
2018.05.09 11:45:52.718,1.82255,1.82278,1.37,1.00
2018.05.09 11:45:52.769,1.82257,1.82282,1.00,1.00
2018.05.09 11:45:52.870,1.82261,1.82285,1.00,1.00
2018.05.09 11:45:53.177,1.82257,1.82285,3.37,1.00
2018.05.09 11:45:53.331,1.8226,1.82286,1.00,1.50
2018.05.09 11:45:53.674,1.82252,1.82278,2.25,1.56
2018.05.09 11:45:53.776,1.82252,1.82278,1.00,1.25
2018.05.09 11:45:54.327,1.82252,1.82278,1.12,2.25
2018.05.09 11:45:54.768,1.82252,1.82278,1.00,1.38
2018.05.09 11:45:54.819,1.82252,1.82278,1.00,1.25
2018.05.09 11:45:55.023,1.82252,1.82278,1.00,1.19
2018.05.09 11:45:55.613,1.82252,1.82278,1.50,1.44
2018.05.09 11:45:56.125,1.82252,1.82278,1.50,1.38
2018.05.09 11:45:56.484,1.82252,1.82278,1.00,1.25
2018.05.09 11:45:56.915,1.82252,1.82278,1.50,1.38
2018.05.09 11:45:57.533,1.82252,1.82278,1.50,1.44
2018.05.09 11:45:58.079,1.82252,1.82278,1.50,1.25
2018.05.09 11:45:58.515,1.82248,1.82276,1.00,1.94
2018.05.09 11:45:58.670,1.8224,1.82266,1.00,3.00
2018.05.09 11:45:58.773,1.82237,1.82264,1.69,1.00
2018.05.09 11:45:58.824,1.8224,1.82264,1.00,1.00
2018.05.09 11:45:59.182,1.82236,1.82264,1.44,1.00
2018.05.09 11:45:59.911,1.82236,1.82264,1.00,1.00
2018.05.09 11:46:00.094,1.82241,1.82264,1.00,1.00
2018.05.09 11:46:00.197,1.82244,1.82271,1.50,1.75
2018.05.09 11:46:00.299,1.82242,1.82269,1.00,1.00
2018.05.09 11:46:01.316,1.82242,1.82269,1.00,2.63
2018.05.09 11:46:01.642,1.82246,1.82268,1.00,1.00
2018.05.09 11:46:01.693,1.82247,1.82273,1.12,1.00
2018.05.09 11:46:02.200,1.82246,1.82273,2.25,1.00
2018.05.09 11:46:02.958,1.82246,1.82273,1.12,2.63
2018.05.09 11:46:03.477,1.82246,1.82273,1.00,1.00
2018.05.09 11:46:04.021,1.82245,1.8227,1.12,1.00
2018.05.09 11:46:04.268,1.82237,1.82266,1.00,1.69
2018.05.09 11:46:04.320,1.82237,1.82266,1.00,1.94
2018.05.09 11:46:04.474,1.82235,1.82266,1.69,1.94
2018.05.09 11:46:04.883,1.82237,1.82266,1.00,1.69
2018.05.09 11:46:04.986,1.82237,1.82266,1.00,1.00
2018.05.09 11:46:05.320,1.82241,1.82266,1.00,1.00
2018.05.09 11:46:05.523,1.8225,1.82276,1.00,1.00
2018.05.09 11:46:05.574,1.82252,1.82276,1.00,1.00
2018.05.09 11:46:05.829,1.82255,1.8228,1.00,1.13
2018.05.09 11:46:06.185,1.82252,1.82282,1.50,3.38
2018.05.09 11:46:06.340,1.82252,1.82282,1.50,1.69
2018.05.09 11:46:06.391,1.82256,1.82282,1.00,1.88
2018.05.09 11:46:06.696,1.82248,1.82272,1.00,1.12
2018.05.09 11:46:06.849,1.82249,1.82276,1.12,1.00
2018.05.09 11:46:06.901,1.82251,1.82276,1.50,1.00
2018.05.09 11:46:07.003,1.82251,1.8228,2.25,1.88
2018.05.09 11:46:07.149,1.82251,1.82273,2.81,1.00
2018.05.09 11:46:07.200,1.82255,1.82279,1.00,1.13
2018.05.09 11:46:07.405,1.82251,1.8228,2.81,1.50
2018.05.09 11:46:07.792,1.8225,1.82274,1.00,1.00
2018.05.09 11:46:08.048,1.82252,1.82279,1.31,1.44
2018.05.09 11:46:08.202,1.82254,1.82279,1.00,1.44
2018.05.09 11:46:08.771,1.82254,1.82279,1.00,1.13
2018.05.09 11:46:09.583,1.82256,1.82279,1.00,1.00
2018.05.09 11:46:11.559,1.82255,1.82279,1.00,1.00
2018.05.09 11:46:11.863,1.82255,1.82279,1.00,1.88
2018.05.09 11:46:11.966,1.82249,1.82278,1.50,2.25
2018.05.09 11:46:12.172,1.82246,1.82276,1.00,1.75
2018.05.09 11:46:12.710,1.82247,1.82274,1.00,1.50
2018.05.09 11:46:12.762,1.82247,1.82271,1.00,1.50
2018.05.09 11:46:13.279,1.82246,1.82271,1.50,1.69
2018.05.09 11:46:13.800,1.82246,1.82271,1.00,1.75
2018.05.09 11:46:13.903,1.82242,1.82266,1.00,1.00
2018.05.09 11:46:14.413,1.82242,1.82267,1.50,1.69
2018.05.09 11:46:15.055,1.82243,1.82271,1.31,1.50
2018.05.09 11:46:15.159,1.82247,1.8227,1.56,1.00
2018.05.09 11:46:15.364,1.82252,1.82276,1.00,1.13
2018.05.09 11:46:15.458,1.82252,1.82281,1.00,3.00
2018.05.09 11:46:16.395,1.82252,1.82279,1.00,1.38
2018.05.09 11:46:16.571,1.82256,1.82279,1.00,1.25
2018.05.09 11:46:16.875,1.82247,1.82272,1.00,1.75
2018.05.09 11:46:17.281,1.82244,1.8227,1.00,1.44
2018.05.09 11:46:17.784,1.82243,1.8227,1.00,1.31
2018.05.09 11:46:18.530,1.82244,1.8227,1.00,1.31
2018.05.09 11:46:19.306,1.82243,1.8227,1.00,1.31
2018.05.09 11:46:19.849,1.82244,1.8227,1.00,1.31
2018.05.09 11:46:20.441,1.82244,1.8227,1.00,1.38
2018.05.09 11:46:20.965,1.82244,1.8227,1.00,1.38
2018.05.09 11:46:21.542,1.82244,1.8227,1.00,1.38
2018.05.09 11:46:22.119,1.82244,1.8227,1.00,1.38
2018.05.09 11:46:22.466,1.82244,1.8227,1.00,1.25
2018.05.09 11:46:22.619,1.82243,1.8227,1.00,1.38
2018.05.09 11:46:22.840,1.82243,1.8227,1.00,1.38
2018.05.09 11:46:22.892,1.82244,1.8227,1.00,1.25
2018.05.09 11:46:22.994,1.82244,1.8227,1.25,1.38
2018.05.09 11:46:23.563,1.82244,1.8227,1.00,1.38
2018.05.09 11:46:23.874,1.82244,1.82263,1.00,1.94
2018.05.09 11:46:23.977,1.82235,1.82257,1.00,2.25
2018.05.09 11:46:24.080,1.82232,1.82258,1.00,2.44
2018.05.09 11:46:24.544,1.8223,1.82258,1.37,1.50
2018.05.09 11:46:24.673,1.8224,1.82259,1.00,1.00
2018.05.09 11:46:24.724,1.8224,1.82263,1.00,1.50
2018.05.09 11:46:24.776,1.82243,1.82264,1.00,1.69
2018.05.09 11:46:25.182,1.82242,1.82266,1.00,1.69
2018.05.09 11:46:25.700,1.82242,1.82267,1.00,1.38
2018.05.09 11:46:26.211,1.82242,1.82267,1.00,1.38
2018.05.09 11:46:26.314,1.82242,1.82267,1.00,1.44
2018.05.09 11:46:26.824,1.82243,1.82267,1.00,1.13
2018.05.09 11:46:27.437,1.82244,1.82267,1.00,1.00
2018.05.09 11:46:27.860,1.82244,1.82269,1.00,1.50
2018.05.09 11:46:28.449,1.82244,1.82268,1.00,1.50
2018.05.09 11:46:29.189,1.82245,1.82268,1.00,1.00
2018.05.09 11:46:29.696,1.82244,1.82269,1.00,1.50
2018.05.09 11:46:30.180,1.82244,1.82268,1.00,2.25
2018.05.09 11:46:30.437,1.82233,1.82259,1.00,1.75
2018.05.09 11:46:30.545,1.82232,1.82257,1.00,1.38
2018.05.09 11:46:30.823,1.82232,1.8226,1.00,1.88
2018.05.09 11:46:30.978,1.82229,1.82256,1.00,1.50
2018.05.09 11:46:31.598,1.82227,1.82255,1.00,1.50
2018.05.09 11:46:32.178,1.82227,1.82255,1.00,1.13
2018.05.09 11:46:32.279,1.82231,1.82255,1.00,1.50
2018.05.09 11:46:32.787,1.82228,1.82255,1.00,1.25
2018.05.09 11:46:33.544,1.82228,1.82255,1.00,1.19
2018.05.09 11:46:33.698,1.82227,1.82256,1.00,1.31
2018.05.09 11:46:33.750,1.82231,1.82255,1.00,1.00
2018.05.09 11:46:34.059,1.82233,1.82255,1.00,1.00
2018.05.09 11:46:34.896,1.82231,1.82255,1.00,1.00
2018.05.09 11:46:34.999,1.82232,1.8226,1.00,1.00
2018.05.09 11:46:35.050,1.82237,1.8226,1.00,1.00
2018.05.09 11:46:35.102,1.82237,1.82263,1.00,1.69
2018.05.09 11:46:35.711,1.82236,1.82264,1.00,1.44
2018.05.09 11:46:36.764,1.82239,1.82263,1.00,1.25
2018.05.09 11:46:37.296,1.82239,1.82262,1.00,1.00
2018.05.09 11:46:37.827,1.82239,1.82263,1.00,1.38
2018.05.09 11:46:37.980,1.82236,1.8226,1.00,1.44
2018.05.09 11:46:38.429,1.82234,1.82262,1.00,1.50
2018.05.09 11:46:38.846,1.82235,1.82258,1.00,1.00
2018.05.09 11:46:39.372,1.82234,1.82258,1.00,1.00
2018.05.09 11:46:39.922,1.82234,1.82258,1.50,1.44
2018.05.09 11:46:40.451,1.82233,1.82258,1.00,1.00
2018.05.09 11:46:40.970,1.82233,1.82257,1.00,1.00
2018.05.09 11:46:47.869,1.82233,1.82256,1.00,1.88
2018.05.09 11:46:47.971,1.8223,1.82257,1.00,3.00
2018.05.09 11:46:48.585,1.8223,1.82257,1.50,1.38
2018.05.09 11:46:48.637,1.8223,1.82257,1.50,1.25
2018.05.09 11:46:49.446,1.82232,1.82257,1.00,1.00
2018.05.09 11:46:50.131,1.82232,1.82257,1.00,1.88
2018.05.09 11:46:50.234,1.82235,1.8226,1.00,1.00
2018.05.09 11:46:50.285,1.82237,1.82261,1.00,1.00
2018.05.09 11:46:50.387,1.82238,1.82264,1.00,1.00
2018.05.09 11:46:50.799,1.82235,1.82264,3.19,2.44
2018.05.09 11:46:50.850,1.82235,1.82259,1.00,1.75
2018.05.09 11:46:51.158,1.82228,1.82248,1.00,1.00
2018.05.09 11:46:51.209,1.82226,1.82248,1.00,1.00
2018.05.09 11:46:51.361,1.82222,1.82248,1.00,1.00
2018.05.09 11:46:51.873,1.82223,1.82249,1.00,1.00
2018.05.09 11:46:52.167,1.82226,1.82249,1.00,1.00
2018.05.09 11:46:52.855,1.82226,1.82253,1.00,1.62
2018.05.09 11:46:53.379,1.82226,1.82252,1.00,1.69
2018.05.09 11:46:53.764,1.82226,1.82248,1.00,1.00
2018.05.09 11:46:53.816,1.82226,1.82251,1.00,1.50
2018.05.09 11:46:53.867,1.82224,1.82252,1.00,2.25
2018.05.09 11:46:54.398,1.82223,1.82248,2.25,1.12
2018.05.09 11:46:54.655,1.8222,1.82248,1.00,1.31
2018.05.09 11:46:54.874,1.82222,1.82248,1.00,1.31
2018.05.09 11:46:56.387,1.82222,1.82248,1.00,3.19
2018.05.09 11:46:57.100,1.82222,1.82248,1.00,2.44
2018.05.09 11:46:57.624,1.82222,1.82248,1.00,2.81
2018.05.09 11:46:58.164,1.82222,1.82248,1.00,1.69
2018.05.09 11:47:02.073,1.82223,1.82248,1.00,1.00
2018.05.09 11:47:02.414,1.82235,1.82259,1.00,1.00
2018.05.09 11:47:02.722,1.82239,1.82259,1.00,1.00
2018.05.09 11:47:03.609,1.82236,1.82259,1.00,1.25
2018.05.09 11:47:05.026,1.82236,1.82261,1.00,1.25
2018.05.09 11:47:05.302,1.82238,1.82261,1.00,1.31
2018.05.09 11:47:10.054,1.82238,1.82262,1.00,2.06
2018.05.09 11:47:10.563,1.82238,1.82261,1.00,1.00
2018.05.09 11:47:11.147,1.82238,1.82262,1.00,2.06
2018.05.09 11:47:11.668,1.82238,1.82261,1.00,1.00
2018.05.09 11:47:12.505,1.82238,1.82262,1.00,2.25
2018.05.09 11:47:12.661,1.82236,1.82261,1.00,1.00
2018.05.09 11:47:12.884,1.82238,1.82262,1.00,1.00
2018.05.09 11:47:13.226,1.82244,1.82272,2.06,1.00
2018.05.09 11:47:13.277,1.82254,1.82273,1.00,1.00
2018.05.09 11:47:13.329,1.82254,1.82277,1.00,1.00
2018.05.09 11:47:13.616,1.82254,1.82276,1.00,1.69
2018.05.09 11:47:13.669,1.8225,1.82274,1.00,1.69
2018.05.09 11:47:13.721,1.8225,1.82267,1.00,1.13
2018.05.09 11:47:13.774,1.8224,1.82262,1.50,1.13
2018.05.09 11:47:13.826,1.82238,1.82261,1.00,1.88
2018.05.09 11:47:13.878,1.82234,1.8226,1.00,1.50
2018.05.09 11:47:13.981,1.82234,1.82261,2.25,1.00
2018.05.09 11:47:14.032,1.82235,1.82261,1.31,1.00
2018.05.09 11:47:14.376,1.8224,1.82264,1.00,1.50
2018.05.09 11:47:14.529,1.8224,1.82265,1.00,1.00
2018.05.09 11:47:14.684,1.82244,1.82267,1.00,1.00
2018.05.09 11:47:14.786,1.82241,1.82267,1.00,1.00
2018.05.09 11:47:14.889,1.82243,1.82267,1.00,1.25
2018.05.09 11:47:15.212,1.8224,1.82267,1.00,1.75
2018.05.09 11:47:15.721,1.8224,1.82267,1.00,1.75
2018.05.09 11:47:16.181,1.82243,1.82269,1.50,1.38
2018.05.09 11:47:16.511,1.82246,1.8227,1.00,1.38
2018.05.09 11:47:16.767,1.82244,1.8227,1.00,1.38
2018.05.09 11:47:16.869,1.82244,1.82269,1.00,2.25
2018.05.09 11:47:16.972,1.82242,1.82268,1.00,1.75
2018.05.09 11:47:17.023,1.82242,1.8227,1.00,2.25
2018.05.09 11:47:17.390,1.82239,1.82266,1.50,1.38
2018.05.09 11:47:17.902,1.82238,1.82265,1.00,1.50
2018.05.09 11:47:18.292,1.8224,1.82266,1.00,2.06
2018.05.09 11:47:18.916,1.8224,1.82265,1.00,1.50
2018.05.09 11:47:19.300,1.82242,1.82266,1.00,1.75
2018.05.09 11:47:19.609,1.82242,1.82262,1.00,1.50
2018.05.09 11:47:19.660,1.82242,1.82262,1.00,1.50
2018.05.09 11:47:19.762,1.82237,1.82262,1.00,1.38
2018.05.09 11:47:19.813,1.82239,1.82263,1.00,1.25
2018.05.09 11:47:19.864,1.82242,1.82263,1.00,1.25
2018.05.09 11:47:20.448,1.82242,1.82267,1.00,1.38
2018.05.09 11:47:20.601,1.82241,1.82267,1.00,1.44
2018.05.09 11:47:20.652,1.82241,1.82267,1.00,1.38
2018.05.09 11:47:20.754,1.82241,1.82267,1.00,1.44
2018.05.09 11:47:21.264,1.8224,1.82267,1.00,1.44
2018.05.09 11:47:21.419,1.82242,1.82267,1.00,1.25
2018.05.09 11:47:21.608,1.8224,1.82267,1.00,1.00
2018.05.09 11:47:21.710,1.82242,1.82267,1.00,1.44
2018.05.09 11:47:22.251,1.82242,1.82267,1.00,1.25
2018.05.09 11:47:22.754,1.82242,1.82269,1.00,1.88
2018.05.09 11:47:22.805,1.8224,1.82269,1.00,1.88
2018.05.09 11:47:22.901,1.8224,1.82269,1.00,1.88
2018.05.09 11:47:23.596,1.82239,1.82269,1.50,2.25
2018.05.09 11:47:24.007,1.82239,1.82269,1.50,1.25
2018.05.09 11:47:24.515,1.82239,1.82269,2.25,1.44
2018.05.09 11:47:24.682,1.82239,1.82269,2.25,1.38
2018.05.09 11:47:25.345,1.82239,1.82269,2.25,1.50
2018.05.09 11:47:25.396,1.82239,1.82268,1.50,1.38
2018.05.09 11:47:25.726,1.82233,1.82263,1.00,1.75
2018.05.09 11:47:26.203,1.82235,1.82262,1.00,1.50
2018.05.09 11:47:26.359,1.82233,1.82262,1.50,1.50
2018.05.09 11:47:26.939,1.82233,1.82262,1.50,1.75
2018.05.09 11:47:27.461,1.82232,1.82259,1.00,1.44
2018.05.09 11:47:27.986,1.82232,1.82259,1.50,1.00
2018.05.09 11:47:28.241,1.82234,1.82263,1.00,2.06
2018.05.09 11:47:28.293,1.82237,1.82263,1.00,1.00
2018.05.09 11:47:28.556,1.82239,1.82266,1.00,1.00
2018.05.09 11:47:28.607,1.82241,1.82266,1.00,1.00
2018.05.09 11:47:29.174,1.82242,1.82267,1.00,1.13
2018.05.09 11:47:29.686,1.82243,1.82267,1.00,1.00
2018.05.09 11:47:30.186,1.82246,1.82268,1.00,1.00
2018.05.09 11:47:30.698,1.82245,1.82268,1.00,1.00
2018.05.09 11:47:30.903,1.82245,1.8227,1.00,1.50
2018.05.09 11:47:31.483,1.82245,1.82269,1.00,1.00
2018.05.09 11:47:31.994,1.82244,1.8227,1.50,1.88
2018.05.09 11:47:32.750,1.82244,1.8227,1.50,1.38
2018.05.09 11:47:33.268,1.82244,1.8227,1.50,1.13
2018.05.09 11:47:33.828,1.82244,1.8227,1.50,1.38
2018.05.09 11:47:34.546,1.82244,1.8227,1.50,1.13
2018.05.09 11:47:35.069,1.82244,1.8227,1.50,1.44
2018.05.09 11:47:35.837,1.82244,1.82268,1.00,1.00
2018.05.09 11:47:35.888,1.8224,1.82267,1.87,1.00
2018.05.09 11:47:36.092,1.82245,1.82268,1.00,1.00
2018.05.09 11:47:36.297,1.82244,1.8227,1.00,1.13
2018.05.09 11:47:36.904,1.82244,1.8227,1.00,1.38
2018.05.09 11:47:37.424,1.82245,1.8227,1.00,1.00
2018.05.09 11:47:38.953,1.82245,1.82268,1.00,2.25
2018.05.09 11:47:39.005,1.82243,1.82267,1.00,1.25
2018.05.09 11:47:39.057,1.82243,1.82265,1.00,1.00
2018.05.09 11:47:39.108,1.82241,1.82264,1.00,1.00
2018.05.09 11:47:39.159,1.82237,1.82264,1.00,1.00
2018.05.09 11:47:39.770,1.82237,1.82263,1.00,1.00
2018.05.09 11:47:40.284,1.82237,1.82264,1.00,1.50
2018.05.09 11:47:40.811,1.82237,1.82263,1.00,1.00
2018.05.09 11:47:41.710,1.82237,1.82259,1.00,1.00
2018.05.09 11:47:42.046,1.8224,1.82259,1.00,1.00
2018.05.09 11:47:42.097,1.82242,1.82268,1.00,1.00
2018.05.09 11:47:42.200,1.82246,1.82269,1.00,1.00
2018.05.09 11:47:42.251,1.82243,1.82269,1.00,1.00
2018.05.09 11:47:42.335,1.82245,1.82267,1.00,1.00
2018.05.09 11:47:42.387,1.82245,1.82269,1.00,1.50
2018.05.09 11:47:42.489,1.82249,1.82269,1.00,1.00
2018.05.09 11:47:42.643,1.82251,1.82272,1.00,1.00
2018.05.09 11:47:42.797,1.82249,1.82273,1.00,1.50
2018.05.09 11:47:43.366,1.82248,1.82273,1.50,1.00
2018.05.09 11:47:43.942,1.82248,1.82272,1.00,1.50
2018.05.09 11:47:44.096,1.82242,1.82268,1.00,1.00
2018.05.09 11:47:44.618,1.82243,1.82267,1.00,1.00
2018.05.09 11:47:44.928,1.82243,1.82263,1.00,1.00
2018.05.09 11:47:44.980,1.82241,1.82263,1.00,1.00
2018.05.09 11:47:45.176,1.82239,1.82263,1.00,1.00
2018.05.09 11:47:45.817,1.82239,1.82263,1.44,1.00
2018.05.09 11:47:45.871,1.82242,1.82265,1.00,1.50
2018.05.09 11:47:45.922,1.82242,1.82269,1.00,1.00
2018.05.09 11:47:46.206,1.82245,1.82269,1.00,1.00
2018.05.09 11:47:46.528,1.82245,1.82267,1.00,1.00
2018.05.09 11:47:46.579,1.82243,1.82267,1.00,1.25
2018.05.09 11:47:46.682,1.82241,1.82267,1.00,1.31
2018.05.09 11:47:47.007,1.8224,1.82269,1.00,1.81
2018.05.09 11:47:47.058,1.8224,1.82269,1.00,2.25
2018.05.09 11:47:47.365,1.82242,1.82268,1.00,1.31
2018.05.09 11:47:47.467,1.8224,1.82268,1.00,1.56
2018.05.09 11:47:47.621,1.8224,1.82269,1.25,1.69
2018.05.09 11:47:47.672,1.82244,1.82269,1.00,1.00
2018.05.09 11:47:48.012,1.8226,1.8228,1.00,1.00
2018.05.09 11:47:48.165,1.8226,1.82284,1.00,1.56
2018.05.09 11:47:48.216,1.8226,1.82284,1.00,1.25
2018.05.09 11:47:49.005,1.8226,1.82284,1.00,1.31
2018.05.09 11:47:49.755,1.8226,1.82284,1.00,1.69
2018.05.09 11:47:49.858,1.8226,1.82284,1.00,1.56
2018.05.09 11:47:50.173,1.82247,1.82271,1.00,1.31
2018.05.09 11:47:50.225,1.82247,1.82268,1.00,1.50
2018.05.09 11:47:50.381,1.82237,1.8226,1.00,1.00
2018.05.09 11:47:50.432,1.82237,1.82263,1.00,1.25
2018.05.09 11:47:50.587,1.82237,1.82265,1.00,1.00
2018.05.09 11:47:50.689,1.8224,1.82266,1.00,2.06
2018.05.09 11:47:51.219,1.82241,1.82265,1.00,1.25
2018.05.09 11:47:51.332,1.82241,1.82267,2.25,1.25
2018.05.09 11:47:51.383,1.82245,1.82267,1.00,1.25
2018.05.09 11:47:51.434,1.82245,1.8227,1.00,1.00
2018.05.09 11:47:51.587,1.82248,1.8227,1.00,1.00
2018.05.09 11:47:52.066,1.82253,1.82275,1.00,1.25
2018.05.09 11:47:52.219,1.82256,1.82279,1.00,1.50
2018.05.09 11:47:52.476,1.82256,1.82278,1.00,1.31
2018.05.09 11:47:52.579,1.82256,1.82281,1.00,2.06
2018.05.09 11:47:52.734,1.82257,1.82278,1.00,1.31
2018.05.09 11:47:52.786,1.82252,1.82277,1.00,1.31
2018.05.09 11:47:52.925,1.82254,1.82277,1.00,1.31
2018.05.09 11:47:53.281,1.82253,1.82277,1.00,1.56
2018.05.09 11:47:53.588,1.82245,1.82267,1.00,1.50
2018.05.09 11:47:53.699,1.82238,1.82264,1.00,1.12
2018.05.09 11:47:53.751,1.82238,1.82262,1.00,1.00
2018.05.09 11:47:54.057,1.82237,1.82259,1.00,1.50
2018.05.09 11:47:54.565,1.82237,1.82258,1.00,1.00
2018.05.09 11:47:54.993,1.82241,1.82264,1.00,1.50
2018.05.09 11:47:55.501,1.82242,1.82265,1.00,1.25
2018.05.09 11:47:55.896,1.8224,1.82264,1.00,1.25
2018.05.09 11:47:56.048,1.8224,1.82262,1.00,1.56
2018.05.09 11:47:56.201,1.8224,1.82262,1.00,1.00
2018.05.09 11:47:56.302,1.82237,1.82263,1.00,1.31
2018.05.09 11:47:56.758,1.82237,1.82265,1.31,1.25
2018.05.09 11:47:56.809,1.82241,1.82265,1.00,1.50
2018.05.09 11:47:57.635,1.82241,1.82265,1.00,1.69
2018.05.09 11:47:57.824,1.82236,1.82263,1.50,1.50
2018.05.09 11:47:58.183,1.82238,1.82263,1.00,2.25
2018.05.09 11:47:58.637,1.82234,1.82262,1.00,1.31
2018.05.09 11:47:59.171,1.82236,1.82264,1.00,3.56
2018.05.09 11:47:59.929,1.82236,1.82263,1.00,2.06
2018.05.09 11:48:00.589,1.82239,1.82263,1.00,1.56
2018.05.09 11:48:00.723,1.82237,1.82263,1.00,1.56
2018.05.09 11:48:00.977,1.82235,1.82261,1.00,2.62
2018.05.09 11:48:01.079,1.82236,1.82263,1.31,1.50
2018.05.09 11:48:01.181,1.82243,1.82268,1.00,1.50
2018.05.09 11:48:01.719,1.82244,1.82269,1.00,2.44
2018.05.09 11:48:02.247,1.82244,1.82269,1.00,2.44
2018.05.09 11:48:02.754,1.82244,1.82269,1.00,1.69
2018.05.09 11:48:02.906,1.82242,1.82269,1.00,1.69
2018.05.09 11:48:03.082,1.82244,1.82269,1.00,1.88
2018.05.09 11:48:03.691,1.82244,1.82269,1.00,1.19
2018.05.09 11:48:04.192,1.82245,1.82268,1.00,1.19
2018.05.09 11:48:04.722,1.82244,1.82268,1.00,1.19
2018.05.09 11:48:05.275,1.82244,1.82269,1.00,1.19
2018.05.09 11:48:05.813,1.82244,1.82268,1.00,1.19
2018.05.09 11:48:06.357,1.82243,1.82268,1.00,1.69
2018.05.09 11:48:07.233,1.82243,1.82251,1.00,1.00
2018.05.09 11:48:07.286,1.82235,1.82251,1.50,1.50
2018.05.09 11:48:07.337,1.82235,1.82246,1.50,1.00
2018.05.09 11:48:07.749,1.82229,1.82246,1.50,1.00
2018.05.09 11:48:07.902,1.82221,1.82246,1.00,1.00
2018.05.09 11:48:08.443,1.82222,1.82246,1.00,1.00
2018.05.09 11:48:08.957,1.82222,1.82247,1.00,1.00
2018.05.09 11:48:09.663,1.82222,1.82246,1.00,1.00
2018.05.09 11:48:09.867,1.82224,1.82247,1.00,1.50
2018.05.09 11:48:10.386,1.82224,1.82246,1.00,1.00
2018.05.09 11:48:10.794,1.82222,1.82246,1.00,1.00
2018.05.09 11:48:11.582,1.82222,1.82247,1.00,1.00
2018.05.09 11:48:12.440,1.82222,1.82246,1.00,1.00
2018.05.09 11:48:13.035,1.82222,1.82247,1.00,1.50
2018.05.09 11:48:14.168,1.82222,1.82246,1.00,1.00
2018.05.09 11:48:14.862,1.82222,1.82247,1.00,1.00
2018.05.09 11:48:15.556,1.82222,1.82249,1.19,1.00
2018.05.09 11:48:15.607,1.82226,1.82251,1.00,1.00
2018.05.09 11:48:15.760,1.82224,1.8225,1.00,1.00
2018.05.09 11:48:16.394,1.82223,1.82249,1.00,1.25
2018.05.09 11:48:16.599,1.82224,1.82249,1.44,1.00
2018.05.09 11:48:17.234,1.82224,1.82249,1.25,1.00
2018.05.09 11:48:17.912,1.82223,1.82249,1.13,1.00
2018.05.09 11:48:18.450,1.82223,1.82249,1.44,1.00
2018.05.09 11:48:19.076,1.82229,1.82253,1.00,2.06
2018.05.09 11:48:19.180,1.82228,1.82257,1.00,1.12
2018.05.09 11:48:19.359,1.82228,1.82257,1.00,2.06
2018.05.09 11:48:19.716,1.82228,1.82253,1.00,1.12
2018.05.09 11:48:20.026,1.82225,1.8225,1.00,1.00
2018.05.09 11:48:20.180,1.82222,1.82249,1.50,1.00
2018.05.09 11:48:20.566,1.82218,1.82246,1.50,1.50
2018.05.09 11:48:21.173,1.82217,1.82246,2.06,1.87
2018.05.09 11:48:21.724,1.82218,1.82246,1.00,1.00
2018.05.09 11:48:21.775,1.82222,1.82246,1.00,1.50
2018.05.09 11:48:22.566,1.82222,1.82245,1.00,1.00
2018.05.09 11:48:23.092,1.82222,1.82246,1.00,1.00
2018.05.09 11:48:23.598,1.82221,1.82246,1.00,1.50
2018.05.09 11:48:24.517,1.82219,1.82246,1.50,1.50
2018.05.09 11:48:25.508,1.82219,1.82245,1.00,1.00
2018.05.09 11:48:25.978,1.82222,1.82245,1.00,1.00
2018.05.09 11:48:26.428,1.82219,1.82246,1.00,1.50
2018.05.09 11:48:27.077,1.82218,1.82245,1.00,1.00
2018.05.09 11:48:27.432,1.82218,1.82247,1.00,1.00
2018.05.09 11:48:29.830,1.82221,1.82247,1.00,1.00
2018.05.09 11:48:29.983,1.82218,1.82247,1.50,1.00
2018.05.09 11:48:31.672,1.82217,1.82247,1.50,1.00
2018.05.09 11:48:32.194,1.82219,1.82247,1.00,1.00
2018.05.09 11:48:32.442,1.82221,1.8225,1.50,1.00
2018.05.09 11:48:32.910,1.82223,1.8225,1.00,1.50
2018.05.09 11:48:33.420,1.82224,1.8225,1.00,1.00
2018.05.09 11:48:34.499,1.82226,1.82255,1.00,3.00
2018.05.09 11:48:34.602,1.8223,1.82255,1.00,1.00
2018.05.09 11:48:34.778,1.82233,1.8226,1.50,1.00
2018.05.09 11:48:34.830,1.82234,1.82264,1.00,1.87
2018.05.09 11:48:34.884,1.82234,1.82258,1.00,1.37
2018.05.09 11:48:34.988,1.82233,1.82259,1.00,1.00
2018.05.09 11:48:35.491,1.82234,1.82259,1.00,1.00
2018.05.09 11:48:35.783,1.82234,1.82261,1.00,1.12
2018.05.09 11:48:36.340,1.82234,1.82262,1.50,1.00
2018.05.09 11:48:36.392,1.82236,1.82263,1.00,1.00
2018.05.09 11:48:37.110,1.82237,1.82263,1.00,1.00
2018.05.09 11:48:37.580,1.82243,1.82263,1.00,1.00
2018.05.09 11:48:38.180,1.82243,1.82267,1.00,2.25
2018.05.09 11:48:38.354,1.82246,1.82274,1.50,1.50
2018.05.09 11:48:38.406,1.82252,1.82274,1.00,2.44
2018.05.09 11:48:38.508,1.82246,1.82274,1.50,1.50
2018.05.09 11:48:39.036,1.82247,1.82273,1.00,1.00
2018.05.09 11:48:39.574,1.82246,1.82273,1.50,1.00
2018.05.09 11:48:39.827,1.82246,1.82275,1.50,1.31
2018.05.09 11:48:40.336,1.82247,1.82274,1.00,1.50
2018.05.09 11:48:40.388,1.82244,1.82266,1.00,1.00
2018.05.09 11:48:40.734,1.82239,1.82263,1.00,1.37
2018.05.09 11:48:40.886,1.82236,1.82263,1.00,1.12
2018.05.09 11:48:41.022,1.82234,1.82263,1.50,1.00
2018.05.09 11:48:41.859,1.82235,1.82263,1.00,1.00
2018.05.09 11:48:42.467,1.82236,1.82263,1.00,1.00
2018.05.09 11:48:43.468,1.82237,1.82263,1.00,1.12
2018.05.09 11:48:44.114,1.82236,1.82263,1.00,1.00
2018.05.09 11:48:44.527,1.82236,1.82266,3.56,1.00
2018.05.09 11:48:44.631,1.8224,1.82268,1.00,1.87
2018.05.09 11:48:44.683,1.8224,1.82269,1.00,1.87
2018.05.09 11:48:44.837,1.8224,1.82267,1.31,1.00
2018.05.09 11:48:44.991,1.8224,1.82269,2.25,1.12
2018.05.09 11:48:45.094,1.82242,1.82269,1.00,1.37
2018.05.09 11:48:45.261,1.8224,1.82269,1.50,1.00
2018.05.09 11:48:45.630,1.82242,1.82269,1.00,1.00
2018.05.09 11:48:45.783,1.8224,1.82269,1.00,1.00
2018.05.09 11:48:45.835,1.8224,1.82266,1.50,1.00
2018.05.09 11:48:46.172,1.82231,1.82258,1.50,1.87
2018.05.09 11:48:46.767,1.82231,1.82258,1.50,1.12
2018.05.09 11:48:46.870,1.82232,1.82262,2.06,1.31
2018.05.09 11:48:47.023,1.82234,1.82263,3.56,1.00
2018.05.09 11:48:47.074,1.82239,1.82267,1.69,1.12
2018.05.09 11:48:47.398,1.82241,1.82268,1.00,1.00
2018.05.09 11:48:47.933,1.82242,1.82268,1.00,1.00
2018.05.09 11:48:48.446,1.82243,1.82268,1.00,1.00
2018.05.09 11:48:48.498,1.82241,1.82268,1.69,1.00
2018.05.09 11:48:49.404,1.8224,1.82268,2.25,1.25
2018.05.09 11:48:49.558,1.82239,1.82266,1.50,1.87
2018.05.09 11:48:49.610,1.82236,1.82263,1.00,1.25
2018.05.09 11:48:49.764,1.82233,1.82263,2.06,1.12
2018.05.09 11:48:50.091,1.82233,1.82263,1.00,1.56
2018.05.09 11:48:50.143,1.82233,1.82263,1.00,2.06
2018.05.09 11:48:50.645,1.82232,1.82263,1.50,2.06
2018.05.09 11:48:51.217,1.82232,1.82262,1.50,1.25
2018.05.09 11:48:51.555,1.82234,1.82263,1.00,2.06
2018.05.09 11:48:51.657,1.82235,1.82263,1.12,1.50
2018.05.09 11:48:51.863,1.82232,1.82262,1.00,1.62
2018.05.09 11:48:52.287,1.82234,1.82262,1.00,1.37
2018.05.09 11:48:52.338,1.82231,1.82262,2.44,1.37
2018.05.09 11:48:53.659,1.82231,1.82262,2.06,1.00
2018.05.09 11:48:53.712,1.82235,1.82263,1.12,1.00
2018.05.09 11:48:53.868,1.82236,1.82266,1.50,2.44
2018.05.09 11:48:54.387,1.82236,1.82266,1.50,1.69
2018.05.09 11:48:54.910,1.82236,1.82265,1.00,1.62
2018.05.09 11:48:55.412,1.82235,1.82265,2.62,1.62
2018.05.09 11:48:56.019,1.82235,1.82265,1.50,1.12
2018.05.09 11:48:56.335,1.82224,1.82251,1.25,1.00
2018.05.09 11:48:56.491,1.82229,1.82259,2.06,1.50
2018.05.09 11:48:56.898,1.82232,1.8226,1.00,1.00
2018.05.09 11:48:57.432,1.82232,1.82261,1.50,1.12
2018.05.09 11:48:58.085,1.82232,1.82261,2.06,1.37
2018.05.09 11:48:58.605,1.82232,1.82261,1.50,1.12
2018.05.09 11:48:58.850,1.82235,1.82265,1.50,1.50
2018.05.09 11:48:59.105,1.82237,1.82265,1.00,1.50
2018.05.09 11:48:59.406,1.82239,1.82265,1.00,1.50
2018.05.09 11:49:00.250,1.82239,1.82265,1.00,1.12
2018.05.09 11:49:00.688,1.82241,1.82265,1.00,1.12
2018.05.09 11:49:01.201,1.82242,1.82265,1.00,1.00
2018.05.09 11:49:01.833,1.82242,1.82267,1.00,1.00
2018.05.09 11:49:01.885,1.82244,1.82267,1.00,1.00
2018.05.09 11:49:02.592,1.82245,1.82272,1.00,1.12
2018.05.09 11:49:02.695,1.82247,1.82272,1.00,1.12
2018.05.09 11:49:03.940,1.82247,1.8227,1.00,1.87
2018.05.09 11:49:03.991,1.82243,1.82269,1.00,1.12
2018.05.09 11:49:04.182,1.82241,1.8227,1.00,1.12
2018.05.09 11:49:04.864,1.82243,1.8227,1.00,1.12
2018.05.09 11:49:05.688,1.82243,1.82268,1.00,1.00
2018.05.09 11:49:06.049,1.82243,1.82268,1.00,1.12
2018.05.09 11:49:06.355,1.82242,1.82269,1.00,1.50
2018.05.09 11:49:06.407,1.8224,1.82269,1.00,1.50
2018.05.09 11:49:06.459,1.82243,1.82269,1.00,1.50
2018.05.09 11:49:06.848,1.82244,1.82269,1.00,1.56
2018.05.09 11:49:07.084,1.82241,1.82268,1.00,1.69
2018.05.09 11:49:07.702,1.82241,1.82268,1.00,1.69
2018.05.09 11:49:08.861,1.82241,1.82269,1.00,1.62
2018.05.09 11:49:09.190,1.82243,1.82269,1.00,1.00
2018.05.09 11:49:10.659,1.82244,1.82269,1.00,1.00
2018.05.09 11:49:11.091,1.82241,1.82269,1.00,1.12
2018.05.09 11:49:11.697,1.82242,1.82269,1.00,1.12
2018.05.09 11:49:12.551,1.82241,1.82269,1.50,1.12
2018.05.09 11:49:12.705,1.82243,1.82269,1.00,1.00
2018.05.09 11:49:13.025,1.82241,1.82259,1.00,2.06
2018.05.09 11:49:13.076,1.82238,1.82254,1.00,1.00
2018.05.09 11:49:13.128,1.82238,1.82253,1.00,1.37
2018.05.09 11:49:13.179,1.8223,1.8225,1.00,1.00
2018.05.09 11:49:13.384,1.8223,1.82249,1.50,1.87
2018.05.09 11:49:13.639,1.82222,1.82249,1.00,1.87
2018.05.09 11:49:13.743,1.82222,1.82246,1.00,1.37
2018.05.09 11:49:13.794,1.8222,1.82246,1.00,1.37
2018.05.09 11:49:14.989,1.8222,1.82245,1.00,1.12
2018.05.09 11:49:15.194,1.82218,1.82246,1.50,2.62
2018.05.09 11:49:15.983,1.82221,1.82245,1.00,1.00
2018.05.09 11:49:16.513,1.82221,1.82244,1.00,1.00
2018.05.09 11:49:16.972,1.82223,1.82244,1.00,1.00
2018.05.09 11:49:17.160,1.8222,1.82244,1.00,1.00
2018.05.09 11:49:20.594,1.8222,1.82248,1.00,1.37
2018.05.09 11:49:21.069,1.82222,1.82248,1.00,1.00
2018.05.09 11:49:22.089,1.82222,1.82245,1.00,1.00
2018.05.09 11:49:22.593,1.82221,1.82245,1.69,1.00
2018.05.09 11:49:23.884,1.82221,1.82245,2.44,1.00
2018.05.09 11:49:23.936,1.82223,1.82249,1.00,1.00
2018.05.09 11:49:24.195,1.82226,1.82249,1.00,1.00
2018.05.09 11:49:24.543,1.82228,1.82249,1.00,1.00
2018.05.09 11:49:24.859,1.82231,1.82253,1.00,1.00
2018.05.09 11:49:26.681,1.82228,1.82253,1.50,1.00
2018.05.09 11:49:27.094,1.82232,1.82253,1.00,1.00
2018.05.09 11:49:27.577,1.82232,1.82257,1.00,1.00
2018.05.09 11:49:28.174,1.82233,1.82256,1.00,1.00
2018.05.09 11:49:29.859,1.82228,1.82256,1.50,1.00
2018.05.09 11:49:30.373,1.82229,1.82256,1.00,1.00
2018.05.09 11:49:30.921,1.8223,1.82256,1.00,1.00
2018.05.09 11:49:31.436,1.82229,1.82256,1.50,1.00
2018.05.09 11:49:33.348,1.82229,1.82256,1.00,1.31
2018.05.09 11:49:33.400,1.82223,1.82242,1.00,1.00
2018.05.09 11:49:33.503,1.82218,1.82242,1.12,1.00
2018.05.09 11:49:33.555,1.8222,1.82248,1.00,1.00
2018.05.09 11:49:33.606,1.82222,1.82251,1.12,2.25
2018.05.09 11:49:34.176,1.82222,1.82249,2.44,1.00
2018.05.09 11:49:34.435,1.82222,1.82251,2.25,2.25
2018.05.09 11:49:34.982,1.82223,1.82251,1.50,1.00
2018.05.09 11:49:35.543,1.82224,1.82251,1.50,1.00
2018.05.09 11:49:35.797,1.82222,1.82251,3.00,1.00
2018.05.09 11:49:36.252,1.82222,1.82249,1.50,1.37
2018.05.09 11:49:36.413,1.82219,1.82247,1.00,1.25
2018.05.09 11:49:36.568,1.82219,1.82249,1.12,1.50
2018.05.09 11:49:36.619,1.82219,1.82249,1.56,2.44
2018.05.09 11:49:37.141,1.82219,1.82249,2.06,1.25
2018.05.09 11:49:37.447,1.82224,1.82249,1.00,2.44
2018.05.09 11:49:37.589,1.82224,1.82252,1.00,2.25
2018.05.09 11:49:37.640,1.82227,1.82252,1.00,1.00
2018.05.09 11:49:37.692,1.82224,1.82252,1.31,1.00
2018.05.09 11:49:38.343,1.82223,1.82247,2.81,1.00
2018.05.09 11:49:38.395,1.82223,1.82252,1.50,1.69
2018.05.09 11:49:38.770,1.82226,1.82252,1.00,1.56
2018.05.09 11:49:39.342,1.82226,1.82252,1.00,1.31
2018.05.09 11:49:39.980,1.82227,1.82253,1.13,1.00
2018.05.09 11:49:40.031,1.82229,1.82257,1.25,3.34
2018.05.09 11:49:40.083,1.82233,1.82257,1.00,1.09
2018.05.09 11:49:40.291,1.82228,1.82255,1.50,1.56
2018.05.09 11:49:40.394,1.8223,1.82255,1.00,1.12
2018.05.09 11:49:41.094,1.8223,1.82255,1.00,1.56
2018.05.09 11:49:41.708,1.8223,1.82255,1.00,1.31
2018.05.09 11:49:42.117,1.8223,1.82255,1.00,2.06
2018.05.09 11:49:42.168,1.8223,1.82255,1.00,1.00
2018.05.09 11:49:42.371,1.82228,1.82255,1.00,1.31
2018.05.09 11:49:43.059,1.82228,1.82254,1.50,1.56
2018.05.09 11:49:43.578,1.82228,1.82255,1.69,2.25
2018.05.09 11:49:43.630,1.82228,1.82255,2.25,1.00
2018.05.09 11:49:43.941,1.82228,1.82255,1.00,1.31
2018.05.09 11:49:44.468,1.82228,1.82255,1.00,1.56
2018.05.09 11:49:45.004,1.82228,1.82252,1.00,1.00
2018.05.09 11:49:45.576,1.82228,1.82253,1.00,1.00
2018.05.09 11:49:45.628,1.82226,1.82248,1.50,1.00
2018.05.09 11:49:45.902,1.82215,1.82242,1.50,1.69
2018.05.09 11:49:46.455,1.82215,1.82242,2.25,2.06
2018.05.09 11:49:46.977,1.82216,1.82241,1.00,1.31
2018.05.09 11:49:47.490,1.82215,1.82242,1.50,1.31
2018.05.09 11:49:48.023,1.82216,1.82242,1.00,1.31
2018.05.09 11:49:48.778,1.82215,1.82242,1.50,1.31
2018.05.09 11:49:49.201,1.82215,1.82242,1.50,1.56
2018.05.09 11:49:49.712,1.82216,1.82242,1.00,1.56
2018.05.09 11:49:50.233,1.82215,1.82242,2.25,1.56
2018.05.09 11:49:50.284,1.82216,1.82242,1.00,1.31
2018.05.09 11:49:50.387,1.82216,1.82239,1.00,1.25
2018.05.09 11:49:50.922,1.82215,1.82239,1.00,1.69
2018.05.09 11:49:51.433,1.82215,1.82239,1.50,1.31
2018.05.09 11:49:51.940,1.82215,1.82239,1.00,1.25
2018.05.09 11:49:52.507,1.82215,1.82239,1.50,1.31
2018.05.09 11:49:52.824,1.82225,1.82243,1.25,1.00
2018.05.09 11:49:52.914,1.82225,1.82246,1.63,1.00
2018.05.09 11:49:52.968,1.82236,1.82254,1.00,1.00
2018.05.09 11:49:53.326,1.82236,1.82258,1.00,1.50
2018.05.09 11:49:53.498,1.82236,1.8226,1.00,1.00
2018.05.09 11:49:53.601,1.82236,1.82262,1.00,1.50
2018.05.09 11:49:54.102,1.82236,1.82261,1.00,1.69
2018.05.09 11:49:54.310,1.82233,1.82262,1.00,2.44
2018.05.09 11:49:54.362,1.82231,1.82259,1.00,1.56
2018.05.09 11:49:55.147,1.82232,1.82259,1.00,1.56
2018.05.09 11:49:55.969,1.82231,1.82259,1.50,1.56
2018.05.09 11:49:56.567,1.82232,1.82259,1.00,1.56
2018.05.09 11:49:56.853,1.82232,1.82259,1.00,1.25
2018.05.09 11:49:57.062,1.82232,1.82259,1.00,1.56
2018.05.09 11:49:57.502,1.82232,1.82257,1.00,2.06
2018.05.09 11:49:57.857,1.82228,1.82256,1.00,1.56
2018.05.09 11:49:58.388,1.82229,1.82253,1.00,1.00
2018.05.09 11:49:59.189,1.82228,1.82254,1.00,1.31
2018.05.09 11:49:59.589,1.82228,1.82256,1.50,1.50
2018.05.09 11:49:59.641,1.8223,1.82256,1.00,1.00
2018.05.09 11:50:00.160,1.82231,1.82256,1.00,1.00
2018.05.09 11:50:01.090,1.82231,1.8226,2.06,1.00
2018.05.09 11:50:01.142,1.82236,1.82262,1.50,1.00
2018.05.09 11:50:01.450,1.82239,1.82264,1.00,1.31
2018.05.09 11:50:02.000,1.8224,1.82264,1.00,1.00
2018.05.09 11:50:02.386,1.82237,1.82264,1.50,1.50
2018.05.09 11:50:03.313,1.82237,1.82262,1.50,1.00
2018.05.09 11:50:03.661,1.82236,1.82263,1.00,1.94
2018.05.09 11:50:03.713,1.82239,1.82265,1.44,1.00
2018.05.09 11:50:03.810,1.82242,1.82266,1.00,1.00
2018.05.09 11:50:03.862,1.82243,1.82272,2.06,1.38
2018.05.09 11:50:03.913,1.82249,1.82272,1.00,1.00
2018.05.09 11:50:04.017,1.82253,1.82279,1.50,1.38
2018.05.09 11:50:04.272,1.82255,1.82282,1.00,2.25
2018.05.09 11:50:04.324,1.82255,1.82282,1.00,2.06
2018.05.09 11:50:04.869,1.82259,1.82282,1.00,1.00
2018.05.09 11:50:06.055,1.82259,1.82278,1.00,1.00
2018.05.09 11:50:06.160,1.82254,1.82275,1.00,1.25
2018.05.09 11:50:06.263,1.8225,1.82275,1.00,1.69
2018.05.09 11:50:06.569,1.82252,1.82275,1.00,1.00
2018.05.09 11:50:07.067,1.8225,1.82275,1.00,1.00
2018.05.09 11:50:07.118,1.8225,1.82273,1.00,1.00
2018.05.09 11:50:07.808,1.82254,1.82273,1.00,1.00
2018.05.09 11:50:08.019,1.82254,1.82275,1.00,1.00
2018.05.09 11:50:08.785,1.82254,1.82275,1.00,1.88
2018.05.09 11:50:08.836,1.82254,1.82272,1.00,2.25
2018.05.09 11:50:08.889,1.82248,1.82268,1.00,1.00
2018.05.09 11:50:08.940,1.82248,1.82272,1.00,1.69
2018.05.09 11:50:09.456,1.82249,1.82273,1.00,1.25
2018.05.09 11:50:10.106,1.82249,1.82274,1.00,1.69
2018.05.09 11:50:10.785,1.82249,1.82274,1.00,2.06
2018.05.09 11:50:11.273,1.82251,1.82274,1.00,1.00
2018.05.09 11:50:12.194,1.82252,1.82274,1.00,1.25
2018.05.09 11:50:12.398,1.8225,1.82274,1.00,1.25
2018.05.09 11:50:14.479,1.82253,1.82278,1.00,1.31
2018.05.09 11:50:14.991,1.82253,1.82278,1.00,1.12
2018.05.09 11:50:15.535,1.82253,1.82279,1.00,1.00
2018.05.09 11:50:15.870,1.82256,1.82279,1.00,1.00
2018.05.09 11:50:16.941,1.82256,1.82278,1.00,1.00
2018.05.09 11:50:18.291,1.82256,1.82279,1.00,1.50
2018.05.09 11:50:21.750,1.82256,1.82281,1.00,1.00
2018.05.09 11:50:21.801,1.82258,1.82281,1.00,1.00
2018.05.09 11:50:22.401,1.82258,1.8228,1.00,1.00
2018.05.09 11:50:22.754,1.82258,1.82283,1.00,1.00
2018.05.09 11:50:22.805,1.82258,1.8228,1.00,1.00
2018.05.09 11:50:23.008,1.8226,1.82283,1.00,1.13
2018.05.09 11:50:23.959,1.82261,1.82283,1.00,1.13
2018.05.09 11:50:24.534,1.82262,1.82289,1.00,1.31
2018.05.09 11:50:24.586,1.82264,1.82288,1.00,1.00
2018.05.09 11:50:24.896,1.82263,1.82282,1.50,1.00
2018.05.09 11:50:25.101,1.82261,1.82283,1.00,1.00
2018.05.09 11:50:25.382,1.82261,1.8228,1.00,1.00
2018.05.09 11:50:25.585,1.82259,1.82281,1.50,1.00
2018.05.09 11:50:25.827,1.82259,1.82279,1.00,1.00
2018.05.09 11:50:26.338,1.82259,1.82281,1.00,1.00
2018.05.09 11:50:26.723,1.82259,1.82286,1.00,1.38
2018.05.09 11:50:26.775,1.82259,1.8228,1.00,1.00
2018.05.09 11:50:26.828,1.82257,1.8228,1.87,1.00
2018.05.09 11:50:27.082,1.82257,1.82284,2.62,1.69
2018.05.09 11:50:27.592,1.82258,1.82284,1.00,1.00
2018.05.09 11:50:28.091,1.82258,1.82281,1.12,1.00
2018.05.09 11:50:28.602,1.82258,1.82282,1.12,1.00
2018.05.09 11:50:28.704,1.82258,1.82285,1.00,1.25
2018.05.09 11:50:29.255,1.82259,1.82285,1.00,1.00
2018.05.09 11:50:29.802,1.82259,1.82285,1.00,1.44
2018.05.09 11:50:30.500,1.82259,1.82287,1.00,2.25
2018.05.09 11:50:30.909,1.82259,1.82287,1.00,2.06
2018.05.09 11:50:31.469,1.82259,1.82287,1.00,3.38
2018.05.09 11:50:31.969,1.82259,1.82286,1.00,1.50
2018.05.09 11:50:32.122,1.82256,1.82286,1.00,1.75
2018.05.09 11:50:32.669,1.82256,1.82286,1.00,2.44
2018.05.09 11:50:33.173,1.82256,1.82285,1.00,1.75
2018.05.09 11:50:33.938,1.82256,1.82285,1.00,1.31
2018.05.09 11:50:34.386,1.82262,1.82288,1.00,1.25
2018.05.09 11:50:35.244,1.82263,1.82292,1.13,1.00
2018.05.09 11:50:35.297,1.82263,1.82292,1.75,1.00
2018.05.09 11:50:35.449,1.82265,1.82295,1.25,1.69
2018.05.09 11:50:35.998,1.82266,1.82295,1.00,2.06
2018.05.09 11:50:36.204,1.82267,1.82298,2.25,1.25
2018.05.09 11:50:36.307,1.82268,1.82298,1.00,3.00
2018.05.09 11:50:36.831,1.82267,1.82298,1.00,2.25
2018.05.09 11:50:37.452,1.82267,1.82298,1.00,3.00
2018.05.09 11:50:37.911,1.82267,1.82294,1.00,1.38
2018.05.09 11:50:38.064,1.82267,1.82294,1.12,1.00
2018.05.09 11:50:38.175,1.82268,1.82298,1.12,1.38
2018.05.09 11:50:38.237,1.82268,1.82298,1.50,1.00
2018.05.09 11:50:38.493,1.8227,1.82299,1.00,3.19
2018.05.09 11:50:39.238,1.82269,1.82298,1.00,1.00
2018.05.09 11:50:40.427,1.82269,1.82298,1.12,1.25
2018.05.09 11:50:41.143,1.82268,1.82299,2.62,1.69
2018.05.09 11:50:41.804,1.82268,1.82298,2.62,1.00
2018.05.09 11:50:42.330,1.82271,1.82298,1.13,1.00
2018.05.09 11:50:42.943,1.82271,1.82299,1.00,2.44
2018.05.09 11:50:43.768,1.82269,1.82299,1.00,1.31
2018.05.09 11:50:43.871,1.82272,1.823,1.50,1.56
2018.05.09 11:50:44.404,1.82271,1.82299,1.00,1.00
2018.05.09 11:50:44.761,1.82271,1.823,1.50,1.75
2018.05.09 11:50:45.079,1.82271,1.82301,1.50,1.75
2018.05.09 11:50:45.131,1.82273,1.823,1.00,1.75
2018.05.09 11:50:46.243,1.82273,1.823,1.00,1.31
2018.05.09 11:50:48.931,1.82273,1.82291,1.00,1.25
2018.05.09 11:50:49.034,1.82261,1.82291,3.00,1.31
2018.05.09 11:50:49.086,1.82261,1.82291,2.63,2.81
2018.05.09 11:50:49.855,1.82261,1.82291,1.44,2.44
2018.05.09 11:50:50.363,1.82261,1.82288,1.25,1.25
2018.05.09 11:50:50.689,1.82261,1.82288,1.44,1.56
2018.05.09 11:50:50.864,1.82261,1.82288,1.13,1.31
2018.05.09 11:50:51.380,1.82261,1.82288,1.13,1.00
2018.05.09 11:50:52.131,1.82262,1.82288,1.00,1.00
2018.05.09 11:50:54.971,1.82262,1.82288,1.00,1.56
2018.05.09 11:50:55.123,1.8226,1.82288,1.88,1.56
2018.05.09 11:50:55.225,1.8226,1.82288,2.63,1.25
2018.05.09 11:50:55.278,1.82261,1.82288,1.44,1.31
2018.05.09 11:50:55.861,1.82262,1.82288,1.00,1.25
2018.05.09 11:50:56.731,1.82262,1.82288,1.13,1.31
2018.05.09 11:50:57.283,1.82262,1.82288,1.00,1.25
2018.05.09 11:50:57.872,1.82262,1.82288,1.13,1.31
2018.05.09 11:50:58.026,1.82264,1.82291,1.50,1.00
2018.05.09 11:50:58.078,1.82267,1.82295,1.25,1.50
2018.05.09 11:50:58.130,1.82269,1.82295,1.00,1.00
2018.05.09 11:50:58.442,1.82266,1.82291,1.00,1.00
2018.05.09 11:50:58.853,1.82267,1.82293,1.44,1.00
2018.05.09 11:50:59.058,1.82266,1.82295,2.63,1.00
2018.05.09 11:50:59.228,1.82266,1.82295,2.63,1.00
2018.05.09 11:50:59.583,1.82266,1.82295,1.88,1.56
2018.05.09 11:51:00.195,1.82267,1.82295,1.00,1.69
2018.05.09 11:51:00.469,1.82266,1.82295,2.44,2.06
2018.05.09 11:51:00.992,1.82267,1.82295,1.00,1.94
2018.05.09 11:51:01.481,1.82262,1.82288,1.00,1.31
2018.05.09 11:51:01.532,1.82262,1.82288,1.00,1.56
2018.05.09 11:51:01.841,1.82272,1.82291,1.88,1.00
2018.05.09 11:51:01.893,1.82274,1.82297,1.50,1.00
2018.05.09 11:51:02.235,1.82274,1.82294,1.50,1.00
2018.05.09 11:51:02.542,1.8228,1.82292,1.00,1.00
2018.05.09 11:51:02.594,1.8228,1.82297,1.00,1.00
2018.05.09 11:51:02.645,1.8228,1.82301,1.00,2.25
2018.05.09 11:51:02.799,1.8228,1.82303,1.00,1.00
2018.05.09 11:51:02.851,1.8228,1.82306,1.00,1.50
2018.05.09 11:51:02.953,1.8228,1.82302,1.00,1.00
2018.05.09 11:51:03.371,1.8228,1.82306,1.00,1.69
2018.05.09 11:51:03.524,1.82279,1.82302,1.00,1.00
2018.05.09 11:51:03.575,1.82276,1.82302,1.13,1.00
2018.05.09 11:51:04.168,1.82276,1.82303,1.00,1.69
2018.05.09 11:51:04.833,1.82276,1.82303,1.69,1.50
2018.05.09 11:51:05.143,1.82269,1.82293,1.00,1.00
2018.05.09 11:51:05.195,1.82269,1.82295,1.50,1.31
2018.05.09 11:51:05.350,1.82269,1.82295,1.50,1.56
2018.05.09 11:51:05.767,1.82269,1.82295,1.88,1.00
2018.05.09 11:51:05.819,1.82272,1.82299,1.25,1.00
2018.05.09 11:51:05.960,1.82279,1.82305,1.00,1.56
2018.05.09 11:51:06.012,1.82279,1.82305,1.50,1.25
2018.05.09 11:51:06.677,1.82281,1.8231,1.00,1.88
2018.05.09 11:51:06.978,1.82274,1.823,1.38,1.56
2018.05.09 11:51:07.485,1.82274,1.823,1.25,1.56
2018.05.09 11:51:07.752,1.82273,1.82301,1.88,2.81
2018.05.09 11:51:07.803,1.82278,1.82301,1.00,1.00
2018.05.09 11:51:08.536,1.82278,1.82301,1.00,1.56
2018.05.09 11:51:08.587,1.82276,1.82301,1.00,1.50
2018.05.09 11:51:08.715,1.82277,1.823,1.25,1.31
2018.05.09 11:51:08.818,1.82273,1.823,1.44,1.25
2018.05.09 11:51:09.228,1.82273,1.823,1.25,1.56
2018.05.09 11:51:10.098,1.82273,1.82301,1.69,2.44
2018.05.09 11:51:10.605,1.82273,1.82301,1.88,2.44
2018.05.09 11:51:11.172,1.82273,1.82301,1.88,2.06
2018.05.09 11:51:11.443,1.82273,1.82301,2.63,1.00
2018.05.09 11:51:11.495,1.82277,1.82301,1.88,1.25
2018.05.09 11:51:11.648,1.82279,1.82303,1.00,1.00
2018.05.09 11:51:12.416,1.82279,1.82303,1.38,1.00
2018.05.09 11:51:12.468,1.82282,1.82303,1.00,1.00
2018.05.09 11:51:12.519,1.82281,1.82307,2.25,1.00
2018.05.09 11:51:12.571,1.82287,1.82312,1.50,1.44
2018.05.09 11:51:12.676,1.82283,1.82309,2.25,1.75
2018.05.09 11:51:13.024,1.82283,1.82305,1.00,1.56
2018.05.09 11:51:13.077,1.8228,1.82305,1.50,1.94
2018.05.09 11:51:13.484,1.82278,1.82305,1.50,2.44
2018.05.09 11:51:13.997,1.82279,1.82305,1.00,1.69
2018.05.09 11:51:14.353,1.82279,1.82305,1.00,1.31
2018.05.09 11:51:14.880,1.82279,1.82305,1.00,1.69
2018.05.09 11:51:15.388,1.82278,1.82305,1.50,1.69
2018.05.09 11:51:15.541,1.82279,1.82308,1.75,1.00
2018.05.09 11:51:15.643,1.82283,1.82308,1.00,1.00
2018.05.09 11:51:16.129,1.82281,1.82308,1.00,2.06
2018.05.09 11:51:16.180,1.82278,1.82308,1.50,1.56
2018.05.09 11:51:16.437,1.82278,1.82306,1.88,1.56
2018.05.09 11:51:16.946,1.82278,1.82308,1.50,1.94
2018.05.09 11:51:17.363,1.82284,1.82307,1.00,1.75
2018.05.09 11:51:17.633,1.82284,1.82308,1.00,1.12
2018.05.09 11:51:17.736,1.82284,1.82309,1.00,1.56
2018.05.09 11:51:17.788,1.82284,1.82309,1.00,1.31
2018.05.09 11:51:17.941,1.82288,1.82309,1.00,1.00
2018.05.09 11:51:18.039,1.82288,1.82311,1.00,1.00
2018.05.09 11:51:18.091,1.82291,1.82317,1.38,1.50
2018.05.09 11:51:18.198,1.82295,1.82317,1.00,1.50
2018.05.09 11:51:18.250,1.82295,1.82319,1.00,1.00
2018.05.09 11:51:18.301,1.82295,1.82321,1.00,1.00
2018.05.09 11:51:18.404,1.82299,1.82323,1.00,1.31
2018.05.09 11:51:18.455,1.82296,1.82323,1.00,1.31
2018.05.09 11:51:18.964,1.82295,1.82318,1.50,1.44
2018.05.09 11:51:19.017,1.82295,1.82323,1.50,1.75
2018.05.09 11:51:19.120,1.82293,1.82319,1.00,1.50
2018.05.09 11:51:19.426,1.82293,1.82321,1.00,1.75
2018.05.09 11:51:19.645,1.82293,1.82322,1.00,1.75
2018.05.09 11:51:19.747,1.82293,1.82321,1.00,1.38
2018.05.09 11:51:20.523,1.82293,1.82321,1.00,1.13
2018.05.09 11:51:21.063,1.82293,1.82321,1.00,1.38
2018.05.09 11:51:21.976,1.82293,1.82321,1.50,1.88
2018.05.09 11:51:22.539,1.82293,1.82321,1.50,1.50
2018.05.09 11:51:23.414,1.82293,1.82322,1.50,2.25
2018.05.09 11:51:23.619,1.82295,1.82321,1.00,1.38
2018.05.09 11:51:23.926,1.82295,1.82317,1.00,1.00
2018.05.09 11:51:24.261,1.82297,1.82317,1.00,1.00
2018.05.09 11:51:24.784,1.82301,1.82319,1.00,1.00
2018.05.09 11:51:24.835,1.82301,1.82323,1.00,1.25
2018.05.09 11:51:25.745,1.82301,1.82329,1.00,2.81
2018.05.09 11:51:25.796,1.82301,1.8233,1.00,2.81
2018.05.09 11:51:25.847,1.82304,1.8233,1.00,1.25
2018.05.09 11:51:26.152,1.82314,1.82336,1.00,1.00
2018.05.09 11:51:26.254,1.82317,1.8234,1.50,1.00
2018.05.09 11:51:26.305,1.82322,1.8234,1.00,1.00
2018.05.09 11:51:26.356,1.82322,1.82343,1.00,1.44
2018.05.09 11:51:26.598,1.82324,1.82343,1.00,1.25
2018.05.09 11:51:26.903,1.82321,1.82343,1.00,1.25
2018.05.09 11:51:27.410,1.8232,1.82344,1.00,1.00
2018.05.09 11:51:27.462,1.82318,1.82344,1.00,1.25
2018.05.09 11:51:27.676,1.82317,1.82342,1.00,1.25
2018.05.09 11:51:28.183,1.82318,1.82343,1.00,1.50
2018.05.09 11:51:28.681,1.82317,1.8234,1.00,1.00
2018.05.09 11:51:28.987,1.82316,1.8234,1.00,1.56
2018.05.09 11:51:29.039,1.82318,1.82341,1.00,1.00
2018.05.09 11:51:29.143,1.82318,1.82344,1.50,1.00
2018.05.09 11:51:29.298,1.8232,1.82344,1.00,1.00
2018.05.09 11:51:29.594,1.82323,1.82349,1.00,2.25
2018.05.09 11:51:30.015,1.82323,1.82347,1.00,1.00
2018.05.09 11:51:31.598,1.82324,1.82353,1.75,1.00
2018.05.09 11:51:31.650,1.82328,1.82354,1.00,1.12
2018.05.09 11:51:31.958,1.82338,1.82358,1.00,1.00
2018.05.09 11:51:32.266,1.82327,1.82349,1.00,1.38
2018.05.09 11:51:32.318,1.82324,1.82348,1.00,1.13
2018.05.09 11:51:32.420,1.82327,1.82349,1.00,2.25
2018.05.09 11:51:32.576,1.82307,1.82329,1.00,1.44
2018.05.09 11:51:32.628,1.82303,1.82329,1.00,1.88
2018.05.09 11:51:32.777,1.82303,1.82323,1.00,1.25
2018.05.09 11:51:32.829,1.82298,1.82323,1.00,1.00
2018.05.09 11:51:32.880,1.82302,1.82324,1.00,1.25
2018.05.09 11:51:33.200,1.82313,1.82323,1.00,1.25
2018.05.09 11:51:33.252,1.82298,1.82323,1.00,1.69
2018.05.09 11:51:34.011,1.82298,1.82322,1.00,1.00
2018.05.09 11:51:34.164,1.82296,1.82321,1.00,1.00
2018.05.09 11:51:34.676,1.82295,1.82323,1.50,1.44
2018.05.09 11:51:34.728,1.82299,1.82325,1.00,1.12
2018.05.09 11:51:35.032,1.82307,1.8233,2.25,1.00
2018.05.09 11:51:35.287,1.82307,1.82334,1.50,1.44
2018.05.09 11:51:35.622,1.82308,1.82334,1.00,2.25
2018.05.09 11:51:35.775,1.82301,1.82329,1.50,1.75
2018.05.09 11:51:35.878,1.82298,1.82329,1.00,2.25
2018.05.09 11:51:36.064,1.82302,1.8233,1.00,1.12
2018.05.09 11:51:36.371,1.82316,1.82342,1.00,1.13
2018.05.09 11:51:36.679,1.82316,1.82342,1.00,1.88
2018.05.09 11:51:36.841,1.8231,1.8234,2.44,1.25
2018.05.09 11:51:36.892,1.82311,1.8234,1.00,1.38
2018.05.09 11:51:37.197,1.82311,1.82339,1.50,1.50
2018.05.09 11:51:37.501,1.82306,1.82329,1.00,1.13
2018.05.09 11:51:38.016,1.82305,1.82331,1.00,1.75
2018.05.09 11:51:38.564,1.82306,1.82328,1.00,1.25
2018.05.09 11:51:38.868,1.82305,1.82333,1.00,1.94
2018.05.09 11:51:39.025,1.82313,1.82335,1.00,1.12
2018.05.09 11:51:39.330,1.82317,1.82339,1.00,1.00
2018.05.09 11:51:39.870,1.82317,1.82341,1.00,1.44
2018.05.09 11:51:40.208,1.82306,1.82329,1.00,1.31
2018.05.09 11:51:40.259,1.82302,1.82329,1.50,1.00
2018.05.09 11:51:40.937,1.82303,1.82329,1.00,1.25
2018.05.09 11:51:41.481,1.82303,1.82329,1.00,1.31
2018.05.09 11:51:42.419,1.82303,1.82329,1.00,1.13
2018.05.09 11:51:42.566,1.823,1.82329,1.00,1.13
2018.05.09 11:51:43.099,1.82301,1.82329,1.00,1.13
2018.05.09 11:51:43.618,1.82301,1.82328,1.50,1.00
2018.05.09 11:51:44.103,1.82301,1.82324,1.50,1.00
2018.05.09 11:51:44.693,1.82301,1.82325,1.00,1.00
2018.05.09 11:51:45.527,1.823,1.82325,1.50,1.00
2018.05.09 11:51:45.837,1.82299,1.82327,1.00,1.75
2018.05.09 11:51:45.939,1.82299,1.82324,1.00,1.88
2018.05.09 11:51:45.991,1.82296,1.82321,1.50,1.00
2018.05.09 11:51:46.217,1.82294,1.82318,1.00,2.06
2018.05.09 11:51:46.524,1.82291,1.82313,1.50,1.25
2018.05.09 11:51:46.627,1.82287,1.82313,1.00,1.25
2018.05.09 11:51:46.784,1.82287,1.82311,1.00,1.00
2018.05.09 11:51:47.174,1.82285,1.82312,1.50,1.00
2018.05.09 11:51:47.276,1.82286,1.8231,1.50,1.12
2018.05.09 11:51:47.798,1.82285,1.82309,1.00,1.00
2018.05.09 11:51:48.359,1.82285,1.8231,1.00,1.00
2018.05.09 11:51:48.868,1.82285,1.8231,1.38,1.00
2018.05.09 11:51:49.202,1.82287,1.82317,1.88,1.56
2018.05.09 11:51:49.814,1.82287,1.82315,1.00,1.88
2018.05.09 11:51:50.123,1.82285,1.8231,1.00,1.00
2018.05.09 11:51:51.686,1.82285,1.82307,1.00,1.00
2018.05.09 11:51:52.193,1.82285,1.82311,1.00,2.81
2018.05.09 11:51:52.447,1.82288,1.82311,1.00,1.00
2018.05.09 11:51:52.764,1.8228,1.82307,1.44,1.00
2018.05.09 11:51:53.111,1.82283,1.82308,1.00,1.00
2018.05.09 11:51:53.614,1.82282,1.82307,1.00,1.00
2018.05.09 11:51:53.921,1.82284,1.82306,1.75,1.00
2018.05.09 11:51:54.074,1.82287,1.82313,1.00,2.25
2018.05.09 11:51:54.603,1.82287,1.82309,1.13,1.00
2018.05.09 11:51:55.123,1.82287,1.82309,1.38,1.00
2018.05.09 11:51:55.174,1.82287,1.82312,1.25,1.50
2018.05.09 11:51:55.507,1.82287,1.82305,1.00,1.00
2018.05.09 11:51:55.866,1.82287,1.82312,1.00,1.00
2018.05.09 11:51:56.426,1.82287,1.82311,1.00,1.00
2018.05.09 11:51:56.863,1.82287,1.82309,1.00,1.00
2018.05.09 11:51:57.433,1.82287,1.8231,1.00,1.00
2018.05.09 11:51:57.536,1.82283,1.8231,2.06,1.00
2018.05.09 11:51:57.638,1.82283,1.8231,1.00,1.25
2018.05.09 11:51:57.689,1.82282,1.82307,1.00,2.06
2018.05.09 11:51:57.944,1.82273,1.82298,1.00,1.50
2018.05.09 11:51:58.046,1.82271,1.82299,2.25,1.50
2018.05.09 11:51:58.876,1.82271,1.82299,2.63,2.25
2018.05.09 11:51:59.397,1.82271,1.82298,1.00,1.00
2018.05.09 11:51:59.564,1.82271,1.82291,1.00,1.00
2018.05.09 11:52:00.263,1.82271,1.82292,1.00,1.00
2018.05.09 11:52:00.538,1.82268,1.82292,1.00,1.00
2018.05.09 11:52:00.590,1.82268,1.82296,1.00,1.88
2018.05.09 11:52:01.157,1.82268,1.82294,1.25,1.00
2018.05.09 11:52:01.703,1.82268,1.82292,1.00,1.00
2018.05.09 11:52:02.313,1.82268,1.82293,1.00,1.00
2018.05.09 11:52:02.467,1.82268,1.82295,1.00,1.00
2018.05.09 11:52:02.723,1.82268,1.82293,1.00,1.00
2018.05.09 11:52:03.030,1.8226,1.82277,1.00,1.00
2018.05.09 11:52:03.720,1.8226,1.82278,1.00,1.00
2018.05.09 11:52:03.874,1.8226,1.8228,1.00,1.00
2018.05.09 11:52:04.351,1.8226,1.82283,1.00,1.00
2018.05.09 11:52:04.894,1.8226,1.82282,1.00,1.00
2018.05.09 11:52:05.369,1.8226,1.8228,1.00,1.00
2018.05.09 11:52:05.420,1.82257,1.8228,1.69,1.00
2018.05.09 11:52:05.875,1.82257,1.82283,1.87,1.00
2018.05.09 11:52:06.131,1.82257,1.82287,1.25,1.69
2018.05.09 11:52:06.488,1.8226,1.82286,1.00,1.69
2018.05.09 11:52:06.692,1.8226,1.82289,1.00,2.81
2018.05.09 11:52:07.146,1.8226,1.82289,1.00,1.69
2018.05.09 11:52:07.197,1.82262,1.82289,1.00,1.69
2018.05.09 11:52:07.699,1.82258,1.82288,1.56,1.25
2018.05.09 11:52:08.602,1.82258,1.82289,1.50,1.69
2018.05.09 11:52:09.110,1.82259,1.82288,1.81,1.25
2018.05.09 11:52:09.685,1.82259,1.82288,1.31,1.00
2018.05.09 11:52:09.737,1.82261,1.82293,1.87,1.94
2018.05.09 11:52:09.839,1.82262,1.82287,1.00,1.00
2018.05.09 11:52:10.783,1.82259,1.82287,1.25,1.00
2018.05.09 11:52:11.290,1.82258,1.82288,1.00,1.00
2018.05.09 11:52:11.802,1.82258,1.82287,1.00,1.00
2018.05.09 11:52:12.314,1.82258,1.82286,1.25,1.00
2018.05.09 11:52:12.910,1.82258,1.82287,1.38,1.00
2018.05.09 11:52:13.999,1.82259,1.82286,1.19,1.00
2018.05.09 11:52:14.101,1.82258,1.82286,1.13,1.00
2018.05.09 11:52:14.203,1.82258,1.82286,1.44,1.00
2018.05.09 11:52:14.557,1.82258,1.82286,1.00,1.00
2018.05.09 11:52:14.608,1.82258,1.82287,1.38,1.00
2018.05.09 11:52:14.984,1.82262,1.82286,1.00,1.00
2018.05.09 11:52:15.536,1.82262,1.82287,1.00,1.00
2018.05.09 11:52:16.042,1.82262,1.82286,1.00,1.00
2018.05.09 11:52:16.145,1.82262,1.82288,1.00,1.50
2018.05.09 11:52:16.686,1.82262,1.82287,1.00,1.25
2018.05.09 11:52:16.992,1.82262,1.82283,1.00,1.00
2018.05.09 11:52:17.494,1.82259,1.82284,1.00,2.06
2018.05.09 11:52:18.020,1.82259,1.82283,1.00,1.00
2018.05.09 11:52:18.122,1.82259,1.82283,1.00,1.56
2018.05.09 11:52:18.551,1.82259,1.82283,1.00,1.00
2018.05.09 11:52:19.058,1.82259,1.82283,1.00,1.31
2018.05.09 11:52:19.574,1.82259,1.82281,1.00,1.00
2018.05.09 11:52:20.076,1.82259,1.82282,1.00,1.25
2018.05.09 11:52:20.448,1.82258,1.82282,1.00,1.56
2018.05.09 11:52:20.754,1.82258,1.82283,1.00,1.00
2018.05.09 11:52:20.856,1.82258,1.82284,1.00,2.06
2018.05.09 11:52:21.405,1.82258,1.82284,1.00,2.81
2018.05.09 11:52:22.083,1.82258,1.82283,1.00,2.06
2018.05.09 11:52:22.588,1.82258,1.82283,1.00,2.06
2018.05.09 11:52:22.775,1.82255,1.82283,1.00,2.06
2018.05.09 11:52:23.540,1.82255,1.82283,1.00,1.56
2018.05.09 11:52:23.794,1.82257,1.82282,1.00,1.25
2018.05.09 11:52:24.768,1.82255,1.82284,1.13,2.81
2018.05.09 11:52:25.371,1.82253,1.82283,2.63,1.69
2018.05.09 11:52:25.887,1.82253,1.82282,1.88,1.00
2018.05.09 11:52:27.129,1.82253,1.82282,1.88,1.56
2018.05.09 11:52:27.180,1.82253,1.82282,2.44,1.31
2018.05.09 11:52:27.882,1.82253,1.8228,1.50,1.00
2018.05.09 11:52:28.088,1.82252,1.8228,1.75,1.00
2018.05.09 11:52:28.139,1.82254,1.82284,1.75,1.50
2018.05.09 11:52:28.264,1.82259,1.82284,1.00,1.00
2018.05.09 11:52:28.319,1.82259,1.82286,1.00,1.50
2018.05.09 11:52:28.371,1.82259,1.82284,1.00,1.00
2018.05.09 11:52:28.883,1.8226,1.82284,1.00,1.50
2018.05.09 11:52:29.232,1.82265,1.82281,1.00,1.00
2018.05.09 11:52:29.285,1.82267,1.8229,1.00,1.00
2018.05.09 11:52:29.490,1.82268,1.82288,1.00,1.00
2018.05.09 11:52:29.593,1.82268,1.82295,1.00,2.06
2018.05.09 11:52:29.695,1.8227,1.82294,1.00,1.00
2018.05.09 11:52:30.002,1.82272,1.82294,1.00,1.00
2018.05.09 11:52:30.519,1.82271,1.82295,1.00,2.81
2018.05.09 11:52:30.673,1.82267,1.82292,1.00,1.25
2018.05.09 11:52:30.724,1.82267,1.82285,1.00,1.00
2018.05.09 11:52:30.776,1.82265,1.82286,1.00,1.00
2018.05.09 11:52:31.207,1.82265,1.82289,1.00,1.50
2018.05.09 11:52:31.514,1.82265,1.82286,1.00,1.00
2018.05.09 11:52:31.834,1.82265,1.82288,1.00,1.00
2018.05.09 11:52:32.361,1.82266,1.82289,1.00,1.00
2018.05.09 11:52:32.522,1.82266,1.82282,1.00,1.00
2018.05.09 11:52:32.685,1.82259,1.82282,1.00,1.31
2018.05.09 11:52:32.788,1.82256,1.82278,1.00,1.00
2018.05.09 11:52:32.967,1.82252,1.82278,1.19,1.25
2018.05.09 11:52:33.021,1.82251,1.82273,1.00,1.00
2018.05.09 11:52:33.175,1.82253,1.82276,1.00,1.00
2018.05.09 11:52:33.712,1.82252,1.82276,1.00,1.00
2018.05.09 11:52:33.764,1.82248,1.82272,1.50,1.00
2018.05.09 11:52:34.175,1.82246,1.82272,1.00,1.19
2018.05.09 11:52:34.328,1.82245,1.82266,1.00,1.00
2018.05.09 11:52:34.664,1.82245,1.82261,1.50,1.00
2018.05.09 11:52:35.175,1.82245,1.82264,1.50,1.00
2018.05.09 11:52:35.472,1.82249,1.82264,1.00,1.00
2018.05.09 11:52:35.525,1.82249,1.82268,1.00,1.00
2018.05.09 11:52:35.583,1.82249,1.82271,1.00,1.00
2018.05.09 11:52:35.635,1.82249,1.82276,1.12,1.00
2018.05.09 11:52:35.789,1.82252,1.82277,1.00,1.00
2018.05.09 11:52:35.943,1.82252,1.82279,1.00,1.25
2018.05.09 11:52:36.070,1.82255,1.82279,1.00,1.25
2018.05.09 11:52:36.479,1.82255,1.82278,1.00,1.50
2018.05.09 11:52:36.785,1.82252,1.82278,1.00,1.81
2018.05.09 11:52:37.124,1.82253,1.82279,1.00,1.44
2018.05.09 11:52:37.277,1.82251,1.82278,1.00,1.25
2018.05.09 11:52:37.749,1.82253,1.82278,1.00,1.25
2018.05.09 11:52:38.053,1.82255,1.82279,1.00,1.00
2018.05.09 11:52:38.460,1.82256,1.82281,1.00,1.00
2018.05.09 11:52:38.563,1.82258,1.82281,1.00,1.00
2018.05.09 11:52:39.096,1.82257,1.8228,1.00,1.00
2018.05.09 11:52:39.250,1.82257,1.82282,1.00,2.44
2018.05.09 11:52:39.780,1.82257,1.82281,1.00,1.00
2018.05.09 11:52:40.090,1.82254,1.82281,1.13,1.00
2018.05.09 11:52:40.626,1.82254,1.82282,1.00,1.00
2018.05.09 11:52:40.678,1.82256,1.82282,1.00,1.00
2018.05.09 11:52:41.206,1.82255,1.82282,1.00,1.50
2018.05.09 11:52:41.717,1.82255,1.82281,1.00,1.00
2018.05.09 11:52:42.259,1.82254,1.82281,1.00,1.00
2018.05.09 11:52:42.781,1.82254,1.82281,1.00,1.31
2018.05.09 11:52:43.541,1.82254,1.82281,1.00,1.25
2018.05.09 11:52:44.122,1.82254,1.82281,1.00,1.31
2018.05.09 11:52:45.028,1.82254,1.82282,1.00,1.31
2018.05.09 11:52:45.574,1.82254,1.82282,1.00,2.06
2018.05.09 11:52:46.161,1.82254,1.82281,1.00,1.50
2018.05.09 11:52:46.726,1.82254,1.82282,1.00,1.31
2018.05.09 11:52:47.302,1.82254,1.82281,1.00,1.00
2018.05.09 11:52:48.664,1.82254,1.82277,1.00,1.00
2018.05.09 11:52:48.715,1.82254,1.8228,1.00,1.44
2018.05.09 11:52:48.798,1.82254,1.82279,1.87,1.00
2018.05.09 11:52:48.850,1.82255,1.8228,1.50,1.00
2018.05.09 11:52:49.106,1.82257,1.82275,1.00,1.00
2018.05.09 11:52:49.261,1.82254,1.82276,1.00,1.00
2018.05.09 11:52:49.466,1.8225,1.82275,1.00,1.44
2018.05.09 11:52:49.995,1.82249,1.82275,1.00,1.50
2018.05.09 11:52:50.098,1.82247,1.82272,1.00,1.75
2018.05.09 11:52:50.200,1.82242,1.82267,1.00,1.00
2018.05.09 11:52:50.303,1.82242,1.82273,2.25,3.00
2018.05.09 11:52:50.354,1.82244,1.82272,1.00,1.00
2018.05.09 11:52:50.660,1.82253,1.82276,1.00,1.00
2018.05.09 11:52:50.965,1.82256,1.82272,1.00,1.00
2018.05.09 11:52:51.220,1.82256,1.82274,1.00,1.00
2018.05.09 11:52:51.323,1.82256,1.82278,1.00,1.00
2018.05.09 11:52:51.586,1.82256,1.82283,1.00,1.50
2018.05.09 11:52:51.688,1.82256,1.82282,1.00,1.50
2018.05.09 11:52:51.740,1.82256,1.82282,1.00,1.50
2018.05.09 11:52:51.842,1.82256,1.82282,1.00,1.81
2018.05.09 11:52:51.955,1.82256,1.82282,1.00,1.75
2018.05.09 11:52:52.313,1.82256,1.82274,1.00,1.37
2018.05.09 11:52:52.365,1.82246,1.82268,1.00,1.00
2018.05.09 11:52:52.468,1.82243,1.82267,1.00,1.00
2018.05.09 11:52:53.005,1.82243,1.82268,1.00,1.00
2018.05.09 11:52:53.568,1.82243,1.82267,1.00,1.00
2018.05.09 11:52:54.226,1.82243,1.82268,1.00,1.00
2018.05.09 11:52:54.841,1.82243,1.82267,1.00,1.00
2018.05.09 11:52:55.924,1.8224,1.82268,1.50,1.37
2018.05.09 11:52:56.159,1.82243,1.82268,1.00,1.37
2018.05.09 11:52:56.780,1.82243,1.82268,1.00,1.37
2018.05.09 11:52:57.621,1.82243,1.82268,1.00,1.37
2018.05.09 11:52:57.775,1.82241,1.82268,1.00,1.56
2018.05.09 11:52:57.827,1.82241,1.82267,1.00,1.56
2018.05.09 11:52:58.184,1.82241,1.82267,1.00,1.00
2018.05.09 11:52:58.287,1.82244,1.82268,1.00,1.00
2018.05.09 11:52:58.338,1.82244,1.82272,1.00,1.56
2018.05.09 11:52:58.389,1.82244,1.8227,1.00,1.56
2018.05.09 11:52:58.625,1.82245,1.82269,1.00,1.00
2018.05.09 11:52:59.148,1.82246,1.82268,1.00,1.00
2018.05.09 11:52:59.665,1.82245,1.82269,1.00,1.00
2018.05.09 11:52:59.868,1.82247,1.82269,1.00,1.50
2018.05.09 11:52:59.920,1.82247,1.82275,1.00,1.75
2018.05.09 11:52:59.972,1.8225,1.82276,1.00,1.50
2018.05.09 11:53:00.525,1.8225,1.82278,1.00,1.75
2018.05.09 11:53:00.815,1.8225,1.82278,1.00,1.75
2018.05.09 11:53:00.916,1.82249,1.82278,1.00,2.25
2018.05.09 11:53:01.664,1.82247,1.82273,1.00,2.25
2018.05.09 11:53:01.869,1.82243,1.82269,1.00,2.06
2018.05.09 11:53:02.416,1.82243,1.82269,1.00,1.31
2018.05.09 11:53:02.467,1.82245,1.82269,1.00,1.31
2018.05.09 11:53:02.708,1.82243,1.82269,1.00,1.50
2018.05.09 11:53:03.265,1.82246,1.82268,1.00,1.00
2018.05.09 11:53:03.317,1.82246,1.82273,1.00,1.00
2018.05.09 11:53:03.470,1.82249,1.82273,1.00,2.06
2018.05.09 11:53:03.728,1.82251,1.82276,1.00,1.25
2018.05.09 11:53:03.881,1.82255,1.82276,1.00,1.25
2018.05.09 11:53:04.499,1.82253,1.82277,1.00,2.25
2018.05.09 11:53:05.002,1.82253,1.82276,1.00,1.56
2018.05.09 11:53:05.519,1.82253,1.82277,1.00,1.56
2018.05.09 11:53:06.201,1.82253,1.82276,1.00,1.56
2018.05.09 11:53:06.491,1.82253,1.82279,1.00,2.25
2018.05.09 11:53:06.543,1.82253,1.82279,1.00,1.75
2018.05.09 11:53:06.661,1.82251,1.82279,1.00,3.00
2018.05.09 11:53:07.232,1.82251,1.82276,1.00,1.00
2018.05.09 11:53:07.938,1.82251,1.82275,1.00,1.00
2018.05.09 11:53:07.989,1.82251,1.82275,1.00,1.81
2018.05.09 11:53:08.495,1.82251,1.82275,1.00,1.56
2018.05.09 11:53:08.792,1.82256,1.8228,1.00,1.25
2018.05.09 11:53:08.845,1.82256,1.8228,1.00,1.81
2018.05.09 11:53:08.897,1.82256,1.82281,1.00,1.44
2018.05.09 11:53:09.204,1.82259,1.8228,1.00,1.38
2018.05.09 11:53:09.695,1.82259,1.8228,1.00,1.50
2018.05.09 11:53:09.796,1.82259,1.8228,1.00,1.38
2018.05.09 11:53:10.309,1.82259,1.8228,1.00,1.50
2018.05.09 11:53:10.799,1.82256,1.82281,1.50,1.75
2018.05.09 11:53:10.851,1.82256,1.8228,1.50,1.75
2018.05.09 11:53:10.906,1.82256,1.82276,1.50,1.88
2018.05.09 11:53:11.164,1.82254,1.82276,1.00,2.25
2018.05.09 11:53:11.462,1.82251,1.82276,1.00,1.13
2018.05.09 11:53:12.106,1.82251,1.82275,1.00,1.13
2018.05.09 11:53:12.615,1.82251,1.82276,1.00,2.06
2018.05.09 11:53:12.717,1.82251,1.82275,1.00,1.31
2018.05.09 11:53:13.833,1.82251,1.82275,1.00,1.25
2018.05.09 11:53:14.291,1.82249,1.82275,1.50,2.06
2018.05.09 11:53:14.401,1.82249,1.82275,1.00,2.25
2018.05.09 11:53:14.454,1.82249,1.82275,1.00,1.31
2018.05.09 11:53:14.811,1.82249,1.82275,1.00,2.25
2018.05.09 11:53:15.339,1.82248,1.82276,1.00,1.75
2018.05.09 11:53:15.765,1.82247,1.82276,1.00,1.75
2018.05.09 11:53:16.275,1.82247,1.82275,1.50,1.56
2018.05.09 11:53:16.868,1.82247,1.82272,1.00,1.00
2018.05.09 11:53:17.488,1.82247,1.82275,1.00,2.06
2018.05.09 11:53:17.998,1.82247,1.82275,1.00,1.56
2018.05.09 11:53:18.562,1.82247,1.82276,1.00,1.75
2018.05.09 11:53:18.897,1.82249,1.82275,1.00,2.25
2018.05.09 11:53:18.963,1.82249,1.82275,1.00,1.56
2018.05.09 11:53:19.517,1.82249,1.82273,1.00,1.00
2018.05.09 11:53:20.099,1.82249,1.82275,1.00,2.25
2018.05.09 11:53:20.615,1.82249,1.82275,1.00,2.25
2018.05.09 11:53:21.125,1.82249,1.82275,1.00,3.00
2018.05.09 11:53:21.668,1.82249,1.82275,1.00,2.63
2018.05.09 11:53:22.211,1.82249,1.82275,1.00,2.25
2018.05.09 11:53:22.871,1.82249,1.82275,1.00,1.88
2018.05.09 11:53:23.584,1.82249,1.82274,1.00,1.88
2018.05.09 11:53:24.227,1.82249,1.82275,1.00,1.88
2018.05.09 11:53:25.264,1.82249,1.82274,1.00,1.38
2018.05.09 11:53:25.789,1.82249,1.82275,1.00,1.88
2018.05.09 11:53:26.138,1.82248,1.82275,1.00,1.75
2018.05.09 11:53:26.369,1.82244,1.82272,1.50,1.13
2018.05.09 11:53:27.094,1.82244,1.8227,1.50,1.75
2018.05.09 11:53:27.736,1.82244,1.82269,1.50,1.13
2018.05.09 11:53:28.308,1.82244,1.8227,1.50,1.13
2018.05.09 11:53:28.548,1.82244,1.82269,1.00,1.50
2018.05.09 11:53:29.876,1.82244,1.8227,1.00,2.25
2018.05.09 11:53:29.978,1.82244,1.8227,1.00,1.50
2018.05.09 11:53:30.576,1.82244,1.82269,1.00,1.81
2018.05.09 11:53:31.571,1.82244,1.82269,1.00,1.81
2018.05.09 11:53:31.622,1.82244,1.8227,1.00,1.44
2018.05.09 11:53:31.673,1.82244,1.8227,1.00,1.75
2018.05.09 11:53:32.175,1.82244,1.8227,1.00,1.81
2018.05.09 11:53:32.639,1.82246,1.82269,1.00,1.25
2018.05.09 11:53:32.861,1.82249,1.82274,1.00,1.50
2018.05.09 11:53:32.913,1.8225,1.82277,1.56,1.00
2018.05.09 11:53:33.026,1.82254,1.8228,1.00,1.69
2018.05.09 11:53:33.077,1.8226,1.82285,1.00,1.31
2018.05.09 11:53:33.597,1.8226,1.82285,1.00,1.88
2018.05.09 11:53:34.283,1.8226,1.82285,1.00,1.38
2018.05.09 11:53:34.593,1.82257,1.82285,1.50,1.50
2018.05.09 11:53:34.645,1.82257,1.8228,1.00,1.13
2018.05.09 11:53:34.696,1.82255,1.8228,1.00,1.00
2018.05.09 11:53:34.748,1.82259,1.8228,1.00,1.00
2018.05.09 11:53:34.799,1.82259,1.82286,1.00,2.06
2018.05.09 11:53:34.902,1.82262,1.82287,1.00,2.06
2018.05.09 11:53:34.954,1.82258,1.82286,1.50,1.87
2018.05.09 11:53:35.069,1.82273,1.82286,1.00,1.50
2018.05.09 11:53:35.121,1.82273,1.82289,1.50,1.50
2018.05.09 11:53:35.173,1.82277,1.82288,1.00,1.00
2018.05.09 11:53:35.482,1.82283,1.82292,1.00,1.00
2018.05.09 11:53:35.772,1.82288,1.82306,1.00,1.00
2018.05.09 11:53:35.875,1.82288,1.82308,1.00,1.00
2018.05.09 11:53:36.335,1.82288,1.82314,1.00,2.25
2018.05.09 11:53:36.437,1.82288,1.82314,1.00,2.25
2018.05.09 11:53:36.677,1.82284,1.82309,1.00,1.13
2018.05.09 11:53:36.728,1.8228,1.82304,1.00,1.81
2018.05.09 11:53:36.884,1.8228,1.82304,1.00,1.75
2018.05.09 11:53:37.038,1.82277,1.82304,1.00,1.75
2018.05.09 11:53:37.293,1.82276,1.82304,1.00,2.06
2018.05.09 11:53:37.704,1.82274,1.82304,1.00,1.75
2018.05.09 11:53:37.755,1.82274,1.82305,1.00,1.75
2018.05.09 11:53:37.807,1.82276,1.82304,1.12,1.00
2018.05.09 11:53:37.858,1.82276,1.82304,1.37,1.00
2018.05.09 11:53:38.163,1.82286,1.82309,1.00,1.19
2018.05.09 11:53:38.265,1.82286,1.8231,1.00,1.00
2018.05.09 11:53:38.390,1.82288,1.8231,1.00,1.00
2018.05.09 11:53:39.214,1.82288,1.82309,1.00,1.00
2018.05.09 11:53:39.709,1.82284,1.82305,1.00,1.00
2018.05.09 11:53:39.811,1.8228,1.82303,1.50,1.00
2018.05.09 11:53:39.914,1.82277,1.82303,1.00,1.13
2018.05.09 11:53:39.965,1.82275,1.82302,1.00,1.44
2018.05.09 11:53:40.515,1.82275,1.82303,1.50,1.87
2018.05.09 11:53:40.567,1.82277,1.82303,1.00,1.00
2018.05.09 11:53:40.930,1.82277,1.82305,1.69,1.50
2018.05.09 11:53:41.243,1.82287,1.82312,1.00,1.38
2018.05.09 11:53:41.750,1.82288,1.82312,1.00,2.63
2018.05.09 11:53:42.421,1.82287,1.82312,1.00,1.38
2018.05.09 11:53:42.830,1.82287,1.8231,1.00,1.13
2018.05.09 11:53:42.882,1.82284,1.82308,1.00,1.88
2018.05.09 11:53:42.934,1.82284,1.82308,1.00,1.75
2018.05.09 11:53:42.985,1.82279,1.82304,1.00,2.25
2018.05.09 11:53:43.202,1.82274,1.82303,1.87,1.44
2018.05.09 11:53:43.254,1.82274,1.82301,1.50,1.38
2018.05.09 11:53:45.536,1.82274,1.82301,1.00,1.25
2018.05.09 11:53:45.843,1.82276,1.82302,1.00,1.25
2018.05.09 11:53:46.048,1.82276,1.82306,2.25,1.50
2018.05.09 11:53:46.156,1.82278,1.82306,1.00,1.50
2018.05.09 11:53:46.208,1.82278,1.82308,1.00,1.88
2018.05.09 11:53:46.310,1.8228,1.82308,1.00,1.88
2018.05.09 11:53:46.616,1.82286,1.8231,1.00,1.88
2018.05.09 11:53:46.871,1.82283,1.8231,1.00,1.50
2018.05.09 11:53:47.395,1.82284,1.8231,1.00,1.38
2018.05.09 11:53:47.701,1.82284,1.82311,1.00,3.00
2018.05.09 11:53:48.119,1.82284,1.8231,1.00,1.75
2018.05.09 11:53:48.239,1.82282,1.82307,1.50,1.00
2018.05.09 11:53:48.769,1.82282,1.82306,1.50,1.00
2018.05.09 11:53:49.301,1.82282,1.82307,1.50,1.13
2018.05.09 11:53:49.665,1.82276,1.823,1.00,1.00
2018.05.09 11:53:49.869,1.82274,1.82302,1.50,1.88
2018.05.09 11:53:50.405,1.82274,1.82302,1.50,1.88
2018.05.09 11:53:50.927,1.82274,1.82302,1.50,1.38
2018.05.09 11:53:51.501,1.82274,1.82302,1.50,1.38
2018.05.09 11:53:52.085,1.82274,1.82302,2.25,2.25
2018.05.09 11:53:52.304,1.82274,1.82301,2.25,1.13
2018.05.09 11:53:52.875,1.82274,1.82301,1.50,1.44
2018.05.09 11:53:52.976,1.82279,1.82303,1.00,1.00
2018.05.09 11:53:53.027,1.82279,1.82305,1.00,1.00
2018.05.09 11:53:53.079,1.82281,1.82305,1.00,1.00
2018.05.09 11:53:53.181,1.82282,1.82309,1.00,1.69
2018.05.09 11:53:53.270,1.8228,1.82308,1.00,1.31
2018.05.09 11:53:53.321,1.8228,1.82308,1.00,1.69
2018.05.09 11:53:53.949,1.82281,1.82309,1.00,1.75
2018.05.09 11:53:54.514,1.82282,1.82308,1.00,1.75
2018.05.09 11:53:55.036,1.82282,1.82308,1.00,1.50
2018.05.09 11:53:55.241,1.82282,1.82309,1.00,1.75
2018.05.09 11:53:55.293,1.82282,1.82311,1.50,2.25
2018.05.09 11:53:55.396,1.82285,1.82311,1.00,3.00
2018.05.09 11:53:55.662,1.82283,1.82312,1.00,2.25
2018.05.09 11:53:55.879,1.82285,1.82311,1.00,2.00
2018.05.09 11:53:56.468,1.82287,1.82311,1.00,2.00
2018.05.09 11:53:56.629,1.82287,1.82313,1.00,1.25
2018.05.09 11:53:56.681,1.82291,1.82315,1.00,1.13
2018.05.09 11:53:57.218,1.82292,1.82315,1.00,1.38
2018.05.09 11:53:59.277,1.82292,1.82316,1.00,1.88
2018.05.09 11:53:59.797,1.82292,1.82315,1.00,1.13
2018.05.09 11:54:00.333,1.82292,1.82316,1.00,1.88
2018.05.09 11:54:00.860,1.82292,1.82315,1.00,1.13
2018.05.09 11:54:01.268,1.8229,1.82316,1.00,1.88
2018.05.09 11:54:01.967,1.82292,1.82316,1.00,1.88
2018.05.09 11:54:02.312,1.82293,1.82316,1.00,1.25
2018.05.09 11:54:02.363,1.82291,1.82316,1.00,1.81
2018.05.09 11:54:02.466,1.82291,1.82316,1.00,1.31
2018.05.09 11:54:03.016,1.82292,1.82318,1.00,1.75
2018.05.09 11:54:03.485,1.82294,1.82317,1.00,1.13
2018.05.09 11:54:04.013,1.82293,1.82317,1.00,1.13
2018.05.09 11:54:05.141,1.82293,1.82319,1.00,2.63
2018.05.09 11:54:05.912,1.82293,1.82318,1.00,2.63
2018.05.09 11:54:06.446,1.82293,1.82319,1.00,1.75
2018.05.09 11:54:06.601,1.82296,1.82322,1.00,1.31
2018.05.09 11:54:06.705,1.82299,1.82322,1.00,1.31
2018.05.09 11:54:06.812,1.82297,1.82322,1.00,1.00
2018.05.09 11:54:07.306,1.82297,1.82324,1.00,1.31
2018.05.09 11:54:07.823,1.82297,1.82323,1.00,1.00
2018.05.09 11:54:08.732,1.82297,1.82324,1.00,1.56
2018.05.09 11:54:09.256,1.82297,1.82324,1.00,1.56
2018.05.09 11:54:09.913,1.82297,1.82323,1.00,1.25
2018.05.09 11:54:10.267,1.82299,1.82323,1.00,1.56
2018.05.09 11:54:10.571,1.82301,1.82325,1.00,3.56
2018.05.09 11:54:11.821,1.82301,1.82324,1.00,1.37
2018.05.09 11:54:11.973,1.82299,1.82325,1.00,3.19
2018.05.09 11:54:13.774,1.82296,1.82325,1.00,3.75
2018.05.09 11:54:13.876,1.82296,1.82325,1.00,2.25
2018.05.09 11:54:14.154,1.82296,1.82325,1.00,2.06
2018.05.09 11:54:14.256,1.82296,1.82325,1.00,2.06
2018.05.09 11:54:14.803,1.823,1.82325,1.00,3.56
2018.05.09 11:54:15.552,1.823,1.82324,1.00,1.56
2018.05.09 11:54:15.756,1.823,1.82324,1.00,1.25
2018.05.09 11:54:15.807,1.82298,1.82324,1.00,1.25
2018.05.09 11:54:16.515,1.82298,1.82325,1.00,1.69
2018.05.09 11:54:17.182,1.82298,1.82324,1.00,1.00
2018.05.09 11:54:17.709,1.82298,1.82325,1.00,2.06
2018.05.09 11:54:17.937,1.82298,1.82325,1.00,2.06
2018.05.09 11:54:18.198,1.82292,1.82322,1.50,1.00
2018.05.09 11:54:18.249,1.82292,1.8232,1.00,1.56
2018.05.09 11:54:18.508,1.82299,1.82328,1.00,1.38
2018.05.09 11:54:18.662,1.82302,1.82328,1.00,1.75
2018.05.09 11:54:19.173,1.82303,1.82331,1.00,1.75
2018.05.09 11:54:19.275,1.82306,1.82331,1.00,1.75
2018.05.09 11:54:19.656,1.82306,1.82331,1.00,1.69
2018.05.09 11:54:20.159,1.82306,1.8233,1.00,1.44
2018.05.09 11:54:20.871,1.82306,1.82331,1.00,2.25
2018.05.09 11:54:21.328,1.82307,1.82333,1.00,1.19
2018.05.09 11:54:21.380,1.82311,1.82334,1.00,1.81
2018.05.09 11:54:21.686,1.82308,1.82334,1.00,1.56
2018.05.09 11:54:22.187,1.82308,1.82335,1.00,1.69
2018.05.09 11:54:22.704,1.82308,1.82335,1.00,2.00
2018.05.09 11:54:22.806,1.82308,1.82336,1.00,1.94
2018.05.09 11:54:23.457,1.82307,1.82328,1.00,1.00
2018.05.09 11:54:23.925,1.82307,1.82336,1.00,1.75
2018.05.09 11:54:23.976,1.82305,1.82336,1.00,1.75
2018.05.09 11:54:24.482,1.82305,1.82335,1.00,1.75
2018.05.09 11:54:24.706,1.82308,1.8233,1.00,1.38
2018.05.09 11:54:24.908,1.82306,1.82335,1.00,1.75
2018.05.09 11:54:25.060,1.82307,1.82336,1.00,1.75
2018.05.09 11:54:25.111,1.82307,1.82336,1.00,1.94
2018.05.09 11:54:25.654,1.82307,1.82334,1.00,1.38
2018.05.09 11:54:26.126,1.82307,1.82332,1.00,1.50
2018.05.09 11:54:26.279,1.82303,1.82334,1.25,1.75
2018.05.09 11:54:26.822,1.82303,1.82334,1.50,1.75
2018.05.09 11:54:27.256,1.82304,1.82331,1.00,1.75
2018.05.09 11:54:27.741,1.82303,1.82329,1.00,1.38
2018.05.09 11:54:27.902,1.82303,1.82332,1.00,1.75
2018.05.09 11:54:28.215,1.82298,1.8232,1.00,1.56
2018.05.09 11:54:28.419,1.82296,1.8232,1.00,1.81
2018.05.09 11:54:28.520,1.82293,1.82319,1.00,1.56
2018.05.09 11:54:28.682,1.82291,1.82319,3.00,1.56
2018.05.09 11:54:28.785,1.82293,1.82319,1.00,1.56
2018.05.09 11:54:28.989,1.82291,1.8232,1.00,1.81
2018.05.09 11:54:29.751,1.82291,1.82319,1.25,1.56
2018.05.09 11:54:29.908,1.82291,1.82317,1.00,1.56
2018.05.09 11:54:30.216,1.82292,1.82318,1.00,1.50
2018.05.09 11:54:30.677,1.82292,1.82319,1.50,1.00
2018.05.09 11:54:30.987,1.82304,1.82327,1.00,1.25
2018.05.09 11:54:31.297,1.82306,1.8233,1.00,1.25
2018.05.09 11:54:31.841,1.82306,1.82331,1.00,2.19
2018.05.09 11:54:32.750,1.82306,1.82329,1.00,1.19
2018.05.09 11:54:33.288,1.82306,1.8233,1.00,1.19
2018.05.09 11:54:33.773,1.82303,1.8233,1.00,1.75
2018.05.09 11:54:33.824,1.82303,1.8233,1.00,1.75
2018.05.09 11:54:33.876,1.823,1.82326,1.00,1.31
2018.05.09 11:54:34.057,1.82302,1.82326,1.00,1.25
2018.05.09 11:54:34.262,1.82307,1.82333,1.00,1.50
2018.05.09 11:54:34.364,1.82307,1.82333,1.00,1.50
2018.05.09 11:54:34.900,1.82307,1.82332,1.00,1.25
2018.05.09 11:54:35.955,1.82307,1.82332,1.00,1.81
2018.05.09 11:54:37.121,1.82307,1.82333,1.00,1.81
2018.05.09 11:54:37.567,1.82309,1.82332,1.00,1.00
2018.05.09 11:54:37.873,1.82311,1.82337,1.00,2.44
2018.05.09 11:54:38.467,1.82311,1.82337,1.00,1.94
2018.05.09 11:54:38.854,1.82311,1.82336,1.00,1.31
2018.05.09 11:54:39.387,1.82311,1.82334,1.00,1.00
2018.05.09 11:54:39.949,1.82311,1.82335,1.00,1.00
2018.05.09 11:54:40.712,1.82311,1.82336,1.00,1.87
2018.05.09 11:54:40.763,1.82309,1.82336,1.00,1.87
2018.05.09 11:54:40.902,1.82309,1.82336,1.00,2.25
2018.05.09 11:54:41.238,1.82312,1.82336,1.00,2.25
2018.05.09 11:54:41.789,1.82312,1.82336,1.00,1.56
2018.05.09 11:54:42.636,1.82312,1.82336,1.00,2.06
2018.05.09 11:54:44.093,1.82312,1.82336,1.00,2.25
2018.05.09 11:54:44.653,1.82312,1.82336,1.00,1.75
2018.05.09 11:54:44.705,1.8231,1.82336,1.00,1.75
2018.05.09 11:54:44.807,1.8231,1.82336,1.00,1.75
2018.05.09 11:54:45.455,1.8231,1.82336,1.00,2.25
2018.05.09 11:54:45.975,1.8231,1.82336,1.00,1.75
2018.05.09 11:54:46.775,1.8231,1.82336,1.00,3.00
2018.05.09 11:54:47.507,1.8231,1.82336,1.00,2.25
2018.05.09 11:54:48.038,1.8231,1.82336,1.00,2.25
2018.05.09 11:54:48.192,1.8231,1.82336,1.00,1.19
2018.05.09 11:54:48.244,1.82313,1.82336,1.00,1.00
2018.05.09 11:54:48.296,1.82313,1.8234,1.00,1.50
2018.05.09 11:54:48.411,1.82317,1.8234,1.00,1.38
2018.05.09 11:54:48.665,1.82314,1.8234,1.00,1.75
2018.05.09 11:54:48.971,1.82313,1.82338,1.00,1.50
2018.05.09 11:54:49.176,1.82311,1.82337,1.00,1.50
2018.05.09 11:54:49.278,1.82309,1.82338,1.00,2.25
2018.05.09 11:54:49.585,1.82307,1.82338,1.00,3.19
2018.05.09 11:54:50.140,1.82307,1.82338,1.50,2.25
2018.05.09 11:54:50.768,1.82307,1.82335,1.00,1.50
2018.05.09 11:54:51.656,1.82307,1.82338,1.00,3.34
2018.05.09 11:54:52.212,1.82307,1.82336,1.00,1.75
2018.05.09 11:54:52.774,1.82307,1.82338,1.00,2.59
2018.05.09 11:54:53.117,1.8231,1.82335,1.00,1.38
2018.05.09 11:54:53.564,1.82307,1.82335,1.00,1.38
2018.05.09 11:54:54.731,1.82307,1.82336,1.00,1.88
2018.05.09 11:54:55.070,1.82309,1.82335,1.00,1.38
2018.05.09 11:54:55.559,1.82307,1.82335,1.00,1.38
2018.05.09 11:54:55.661,1.82307,1.82336,1.00,1.88
2018.05.09 11:54:57.011,1.82307,1.82335,1.00,1.75
2018.05.09 11:54:57.590,1.82307,1.82336,1.00,1.75
2018.05.09 11:54:59.045,1.82307,1.82336,1.00,1.75
2018.05.09 11:54:59.225,1.82306,1.82333,1.00,1.00
2018.05.09 11:54:59.434,1.82305,1.82329,1.00,1.31
2018.05.09 11:54:59.825,1.82304,1.82327,1.00,2.63
2018.05.09 11:54:59.890,1.823,1.82327,1.00,2.25
2018.05.09 11:55:00.197,1.82296,1.82323,1.50,1.44
2018.05.09 11:55:00.455,1.82296,1.82323,1.50,1.75
2018.05.09 11:55:00.998,1.82295,1.8232,1.00,1.75
2018.05.09 11:55:01.501,1.82295,1.8232,1.00,2.25
2018.05.09 11:55:02.262,1.82292,1.8232,1.00,1.75
2018.05.09 11:55:02.365,1.82292,1.82319,1.00,1.75
2018.05.09 11:55:02.417,1.82292,1.82319,1.00,1.75
2018.05.09 11:55:02.944,1.82292,1.82319,1.00,1.50
2018.05.09 11:55:03.471,1.82292,1.82319,1.00,1.56
2018.05.09 11:55:04.552,1.82292,1.8232,1.00,1.56
2018.05.09 11:55:04.910,1.82295,1.82318,1.00,1.00
2018.05.09 11:55:05.176,1.82295,1.8232,1.00,1.13
2018.05.09 11:55:05.882,1.82296,1.82322,1.50,1.31
2018.05.09 11:55:06.041,1.82299,1.82322,1.00,1.00
2018.05.09 11:55:06.349,1.82302,1.82325,1.00,1.00
2018.05.09 11:55:06.400,1.82302,1.82328,1.00,3.75
2018.05.09 11:55:06.919,1.82303,1.82328,1.00,2.44
2018.05.09 11:55:07.452,1.82302,1.82328,1.00,2.63
2018.05.09 11:55:07.953,1.82302,1.82328,1.00,2.06
2018.05.09 11:55:08.480,1.82302,1.82328,1.00,2.81
2018.05.09 11:55:09.399,1.82302,1.82328,1.00,1.31
2018.05.09 11:55:09.970,1.82302,1.82328,1.00,2.63
2018.05.09 11:55:10.700,1.82302,1.82328,1.00,2.06
2018.05.09 11:55:11.029,1.82305,1.82326,1.00,1.00
2018.05.09 11:55:11.234,1.82305,1.82328,1.00,1.25
2018.05.09 11:55:11.389,1.82305,1.82328,1.00,1.50
2018.05.09 11:55:11.492,1.82299,1.82328,1.50,1.75
2018.05.09 11:55:11.798,1.82303,1.82328,1.00,1.50
2018.05.09 11:55:12.315,1.82304,1.82327,1.00,1.13
2018.05.09 11:55:12.664,1.82303,1.82327,1.00,2.63
2018.05.09 11:55:12.970,1.82302,1.82326,1.00,1.38
2018.05.09 11:55:13.511,1.82302,1.82327,1.00,2.25
2018.05.09 11:55:14.285,1.82302,1.82327,1.00,2.44
2018.05.09 11:55:14.813,1.82302,1.82326,1.00,1.50
2018.05.09 11:55:14.986,1.82302,1.82327,1.00,1.88
2018.05.09 11:55:15.490,1.82302,1.82326,1.00,1.38
2018.05.09 11:55:15.999,1.82302,1.82327,1.00,1.88
2018.05.09 11:55:16.821,1.82302,1.82327,1.00,1.75
2018.05.09 11:55:16.873,1.82299,1.82327,1.00,1.88
2018.05.09 11:55:17.904,1.82299,1.82326,1.00,1.38
2018.05.09 11:55:17.965,1.82302,1.82326,1.00,1.38
2018.05.09 11:55:18.017,1.82302,1.82327,1.00,1.00
2018.05.09 11:55:18.069,1.82305,1.82331,1.00,1.13
2018.05.09 11:55:18.173,1.82306,1.82332,1.00,1.75
2018.05.09 11:55:18.275,1.82303,1.8233,1.00,1.50
2018.05.09 11:55:18.428,1.82304,1.8233,1.00,1.75
2018.05.09 11:55:18.736,1.82306,1.8233,1.00,1.75
2018.05.09 11:55:19.255,1.82305,1.8233,1.00,1.81
2018.05.09 11:55:19.791,1.82305,1.8233,1.00,1.50
2018.05.09 11:55:20.085,1.82301,1.82326,1.00,1.13
2018.05.09 11:55:20.607,1.823,1.82327,1.00,1.50
2018.05.09 11:55:20.759,1.823,1.82328,1.00,1.00
2018.05.09 11:55:20.810,1.82301,1.82328,1.50,1.75
2018.05.09 11:55:21.260,1.82303,1.82329,1.00,2.63
2018.05.09 11:55:21.756,1.82305,1.82328,1.00,1.38
2018.05.09 11:55:22.580,1.82305,1.82325,1.00,1.00
2018.05.09 11:55:22.835,1.82305,1.82329,1.00,1.69
2018.05.09 11:55:22.988,1.82308,1.82332,1.00,1.38
2018.05.09 11:55:24.855,1.82308,1.82332,1.00,1.38
2018.05.09 11:55:25.062,1.82299,1.82326,1.00,1.00
2018.05.09 11:55:25.165,1.82301,1.82328,1.69,1.38
2018.05.09 11:55:25.471,1.82311,1.82334,1.00,1.00
2018.05.09 11:55:25.825,1.82312,1.82332,1.00,1.00
2018.05.09 11:55:26.047,1.82312,1.82334,1.00,1.00
2018.05.09 11:55:26.201,1.82312,1.82332,1.00,1.00
2018.05.09 11:55:26.303,1.82312,1.82335,1.00,1.50
2018.05.09 11:55:26.610,1.8231,1.82335,1.50,1.25
2018.05.09 11:55:27.152,1.82311,1.82335,1.00,1.00
2018.05.09 11:55:27.677,1.8231,1.82335,1.50,1.00
2018.05.09 11:55:28.146,1.8231,1.82333,1.00,1.38
2018.05.09 11:55:28.300,1.82308,1.82331,1.00,1.81
2018.05.09 11:55:28.665,1.82304,1.82326,1.00,2.63
2018.05.09 11:55:28.971,1.82306,1.82326,1.00,1.00
2018.05.09 11:55:29.073,1.82307,1.8233,1.00,1.50
2018.05.09 11:55:29.175,1.82312,1.82332,1.00,1.00
2018.05.09 11:55:29.541,1.82312,1.82334,1.00,1.25
2018.05.09 11:55:30.048,1.82312,1.82333,1.00,1.00
2018.05.09 11:55:30.251,1.82313,1.82337,1.00,1.38
2018.05.09 11:55:30.491,1.82311,1.82336,1.00,1.38
2018.05.09 11:55:30.990,1.82309,1.82336,1.50,1.38
2018.05.09 11:55:31.665,1.82309,1.82334,1.50,1.00
2018.05.09 11:55:31.768,1.82308,1.82333,1.00,3.38
2018.05.09 11:55:31.871,1.82305,1.82333,1.00,2.25
2018.05.09 11:55:32.076,1.82309,1.82333,1.00,1.50
2018.05.09 11:55:32.382,1.82311,1.82333,1.00,1.00
2018.05.09 11:55:32.736,1.82313,1.82333,1.00,1.00
2018.05.09 11:55:34.514,1.82313,1.82337,1.00,1.75
2018.05.09 11:55:35.704,1.82313,1.82337,1.00,1.75
2018.05.09 11:55:37.142,1.82313,1.82337,1.00,1.75
2018.05.09 11:55:37.193,1.8231,1.82337,1.00,1.88
2018.05.09 11:55:37.368,1.8231,1.82337,1.00,1.44
2018.05.09 11:55:37.470,1.82313,1.82337,1.00,1.00
2018.05.09 11:55:37.791,1.82313,1.82337,1.00,1.19
2018.05.09 11:55:38.301,1.82314,1.82337,1.00,1.50
2018.05.09 11:55:38.818,1.82314,1.82337,1.00,1.50
2018.05.09 11:55:39.445,1.82314,1.82337,1.00,1.50
2018.05.09 11:55:39.599,1.82314,1.82337,1.00,1.31
2018.05.09 11:55:39.763,1.8231,1.82329,1.00,1.00
2018.05.09 11:55:39.864,1.82304,1.82328,1.00,1.00
2018.05.09 11:55:40.147,1.82304,1.82325,1.00,1.37
2018.05.09 11:55:40.198,1.82302,1.82325,1.50,1.12
2018.05.09 11:55:40.553,1.823,1.82325,1.00,1.63
2018.05.09 11:55:40.908,1.823,1.82324,1.00,1.56
2018.05.09 11:55:41.624,1.823,1.82321,1.00,1.00
2018.05.09 11:55:42.534,1.823,1.82323,1.00,1.63
2018.05.09 11:55:42.687,1.82298,1.82322,1.00,2.81
2018.05.09 11:55:42.739,1.82298,1.82322,1.00,3.19
2018.05.09 11:55:42.943,1.82298,1.82322,1.00,2.06
2018.05.09 11:55:43.045,1.82298,1.8232,1.00,1.00
2018.05.09 11:55:43.197,1.82294,1.82317,1.00,1.50
2018.05.09 11:55:43.299,1.82292,1.82317,1.00,1.12
2018.05.09 11:55:43.795,1.82294,1.82316,1.00,1.00
2018.05.09 11:55:44.325,1.82297,1.82317,1.00,1.00
2018.05.09 11:55:44.632,1.82295,1.82317,1.00,1.00
2018.05.09 11:55:45.153,1.82297,1.82316,1.00,1.00
2018.05.09 11:55:45.816,1.82297,1.82317,1.00,1.00
2018.05.09 11:55:45.914,1.82295,1.82317,1.00,1.00
2018.05.09 11:55:46.574,1.82295,1.82311,1.00,1.00
2018.05.09 11:55:46.676,1.82286,1.82309,1.50,1.87
2018.05.09 11:55:46.828,1.82285,1.82304,1.00,1.50
2018.05.09 11:55:46.980,1.82286,1.82307,1.00,1.00
2018.05.09 11:55:47.082,1.82291,1.82309,1.00,1.50
2018.05.09 11:55:47.237,1.82292,1.82311,1.00,1.00
2018.05.09 11:55:47.786,1.8229,1.82312,1.00,1.50
2018.05.09 11:55:49.697,1.82291,1.82312,1.00,1.00
2018.05.09 11:55:50.079,1.82294,1.82317,1.00,1.50
2018.05.09 11:55:50.286,1.82296,1.82317,1.00,1.00
2018.05.09 11:55:50.760,1.82294,1.82317,1.00,1.00
2018.05.09 11:55:51.361,1.82293,1.82317,1.00,1.50
2018.05.09 11:55:51.900,1.82293,1.82315,1.50,1.00
2018.05.09 11:55:52.440,1.82293,1.82317,1.00,1.00
2018.05.09 11:55:52.900,1.82295,1.82317,1.00,1.00
2018.05.09 11:55:53.424,1.82296,1.82317,1.00,1.00
2018.05.09 11:55:53.710,1.82293,1.82317,1.00,1.00
2018.05.09 11:55:53.966,1.82291,1.82317,1.50,1.00
2018.05.09 11:55:54.396,1.82295,1.82317,1.00,1.00
2018.05.09 11:55:54.448,1.82295,1.82322,1.50,1.50
2018.05.09 11:55:54.500,1.82297,1.82321,1.00,1.00
2018.05.09 11:55:54.605,1.82294,1.82319,1.00,1.25
2018.05.09 11:55:55.108,1.82295,1.82319,1.00,1.00
2018.05.09 11:55:55.363,1.82299,1.82319,1.00,1.00
2018.05.09 11:55:55.771,1.82305,1.8232,1.00,1.00
2018.05.09 11:55:55.824,1.82305,1.82323,1.00,1.00
2018.05.09 11:55:55.875,1.82309,1.82326,1.00,1.50
2018.05.09 11:55:55.927,1.82309,1.82328,1.00,1.00
2018.05.09 11:55:55.978,1.82312,1.82328,1.00,1.00
2018.05.09 11:55:56.029,1.82312,1.82331,1.00,1.00
2018.05.09 11:55:56.379,1.82314,1.82332,1.00,1.00
2018.05.09 11:55:56.480,1.82311,1.82332,1.00,1.00
2018.05.09 11:55:56.993,1.82311,1.82329,1.00,1.00
2018.05.09 11:55:57.195,1.82308,1.82329,1.00,1.00
2018.05.09 11:55:57.401,1.82303,1.82329,1.87,1.00
2018.05.09 11:55:58.097,1.82303,1.82329,1.31,1.00
2018.05.09 11:55:58.282,1.82305,1.82329,1.00,1.00
2018.05.09 11:55:58.703,1.82307,1.82329,3.00,1.00
2018.05.09 11:55:58.755,1.82307,1.82329,1.00,1.00
2018.05.09 11:55:58.806,1.82302,1.82329,1.69,1.00
2018.05.09 11:55:58.909,1.82307,1.82329,1.00,1.00
2018.05.09 11:55:58.960,1.82302,1.82329,1.25,1.00
2018.05.09 11:55:59.062,1.82306,1.82329,1.00,1.00
2018.05.09 11:55:59.165,1.82302,1.82329,2.63,1.00
2018.05.09 11:55:59.216,1.82306,1.82329,1.00,1.00
2018.05.09 11:55:59.805,1.82307,1.82329,1.00,1.00
2018.05.09 11:56:00.834,1.823,1.82322,1.00,1.00
2018.05.09 11:56:00.885,1.82296,1.82322,1.69,1.50
2018.05.09 11:56:00.988,1.82297,1.8232,1.00,1.00
2018.05.09 11:56:01.296,1.82307,1.82328,1.00,1.00
2018.05.09 11:56:01.450,1.82306,1.82332,4.31,1.00
2018.05.09 11:56:01.502,1.82311,1.82332,1.00,1.00
2018.05.09 11:56:01.556,1.82307,1.82332,1.12,1.00
2018.05.09 11:56:01.607,1.82307,1.82328,1.00,1.00
2018.05.09 11:56:01.862,1.82307,1.82331,1.56,1.50
2018.05.09 11:56:02.393,1.82307,1.82331,1.31,1.00
2018.05.09 11:56:02.802,1.82306,1.82331,2.44,1.00
2018.05.09 11:56:02.955,1.82306,1.82331,1.88,1.00
2018.05.09 11:56:03.344,1.82307,1.82329,1.00,1.00
2018.05.09 11:56:03.853,1.82307,1.82328,1.00,1.00
2018.05.09 11:56:03.955,1.82302,1.82326,1.00,1.00
2018.05.09 11:56:04.477,1.82301,1.82326,1.25,1.00
2018.05.09 11:56:05.002,1.82301,1.82325,1.00,1.00
2018.05.09 11:56:05.104,1.82298,1.82325,1.12,1.00
2018.05.09 11:56:05.155,1.82298,1.82318,1.00,1.00
2018.05.09 11:56:05.208,1.82296,1.82318,1.50,1.00
2018.05.09 11:56:05.383,1.82292,1.82317,1.31,1.00
2018.05.09 11:56:05.435,1.82296,1.82317,1.00,1.00
2018.05.09 11:56:05.486,1.82296,1.82321,1.00,1.00
2018.05.09 11:56:05.994,1.82297,1.82321,1.25,1.00
2018.05.09 11:56:07.819,1.82302,1.82321,1.00,1.00
2018.05.09 11:56:07.870,1.82302,1.82325,1.00,2.25
2018.05.09 11:56:07.921,1.82298,1.82325,1.88,3.00
2018.05.09 11:56:08.430,1.823,1.82324,1.00,1.50
2018.05.09 11:56:08.975,1.823,1.82325,1.00,2.25
2018.05.09 11:56:09.371,1.82298,1.82325,1.31,1.50
2018.05.09 11:56:09.851,1.82299,1.82323,1.25,1.00
2018.05.09 11:56:10.229,1.82302,1.82323,1.00,1.00
2018.05.09 11:56:10.457,1.82302,1.82325,1.00,1.50
2018.05.09 11:56:10.675,1.82304,1.82325,1.00,1.50
2018.05.09 11:56:11.222,1.82304,1.82324,1.00,1.00
2018.05.09 11:56:11.746,1.82305,1.82324,1.00,1.00
2018.05.09 11:56:11.899,1.82303,1.82324,1.00,1.00
2018.05.09 11:56:12.227,1.82305,1.82319,1.00,1.00
2018.05.09 11:56:12.330,1.82305,1.82325,1.00,1.00
2018.05.09 11:56:12.482,1.82303,1.82325,1.00,1.00
2018.05.09 11:56:12.685,1.82305,1.82325,1.00,1.00
2018.05.09 11:56:14.363,1.82305,1.82324,1.00,1.00
2018.05.09 11:56:14.910,1.82305,1.82325,1.00,1.00
2018.05.09 11:56:16.168,1.82303,1.82325,1.00,1.00
2018.05.09 11:56:16.593,1.82308,1.82325,1.00,1.00
2018.05.09 11:56:16.646,1.82308,1.82332,1.69,1.00
2018.05.09 11:56:16.698,1.82313,1.82335,1.00,1.00
2018.05.09 11:56:17.005,1.82315,1.82336,1.00,1.50
2018.05.09 11:56:17.513,1.82316,1.82336,1.00,1.00
2018.05.09 11:56:18.104,1.82315,1.82336,1.00,1.00
2018.05.09 11:56:19.280,1.82315,1.8233,1.00,1.00
2018.05.09 11:56:19.384,1.82309,1.82327,1.00,1.12
2018.05.09 11:56:19.487,1.82304,1.82331,1.44,1.00
2018.05.09 11:56:19.539,1.82304,1.82329,1.00,1.00
2018.05.09 11:56:19.873,1.82307,1.82329,1.00,1.00
2018.05.09 11:56:20.612,1.82307,1.82328,1.00,1.00
2018.05.09 11:56:21.068,1.82307,1.82324,1.00,1.00
2018.05.09 11:56:21.220,1.82307,1.8233,1.25,1.00
2018.05.09 11:56:21.271,1.82312,1.82335,1.00,1.00
2018.05.09 11:56:21.603,1.82315,1.82334,1.00,1.00
2018.05.09 11:56:21.963,1.82319,1.82334,1.00,1.50
2018.05.09 11:56:22.336,1.82319,1.82336,1.00,1.00
2018.05.09 11:56:22.388,1.82319,1.82338,1.00,1.00
2018.05.09 11:56:22.490,1.82321,1.82339,1.00,1.50
2018.05.09 11:56:23.006,1.8232,1.82338,1.00,1.00
2018.05.09 11:56:23.607,1.82319,1.82338,1.00,1.00
2018.05.09 11:56:23.912,1.82315,1.82339,1.00,1.00
2018.05.09 11:56:24.381,1.82315,1.82336,1.00,1.00
2018.05.09 11:56:25.111,1.82315,1.82341,1.00,2.62
2018.05.09 11:56:25.166,1.82315,1.82336,1.00,1.00
2018.05.09 11:56:25.374,1.82315,1.8234,1.00,1.31
2018.05.09 11:56:25.706,1.82319,1.8234,1.00,1.00
2018.05.09 11:56:26.010,1.8232,1.82336,1.00,1.00
2018.05.09 11:56:26.061,1.82316,1.82336,1.00,1.00
2018.05.09 11:56:26.792,1.82314,1.82336,1.00,1.50
2018.05.09 11:56:27.099,1.82316,1.82336,1.00,1.00
2018.05.09 11:56:28.900,1.8232,1.82341,1.00,1.00
2018.05.09 11:56:29.002,1.82323,1.82341,1.00,1.00
2018.05.09 11:56:29.361,1.82323,1.82339,1.00,1.00
2018.05.09 11:56:29.465,1.82321,1.8234,1.00,1.00
2018.05.09 11:56:29.652,1.82321,1.82338,1.00,1.56
2018.05.09 11:56:29.703,1.82314,1.8233,1.00,1.00
2018.05.09 11:56:29.872,1.82314,1.82334,1.00,1.00
2018.05.09 11:56:29.980,1.82312,1.82335,1.00,1.62
2018.05.09 11:56:30.032,1.82313,1.82335,1.00,2.06
2018.05.09 11:56:30.083,1.82313,1.82335,1.00,1.87
2018.05.09 11:56:30.134,1.82307,1.82335,1.25,1.00
2018.05.09 11:56:30.642,1.82306,1.82335,1.88,1.25
2018.05.09 11:56:30.744,1.82311,1.82336,1.00,1.00
2018.05.09 11:56:31.071,1.82315,1.82339,1.00,1.00
2018.05.09 11:56:31.617,1.82315,1.82338,2.06,1.00
2018.05.09 11:56:31.983,1.82313,1.82339,1.00,1.00
2018.05.09 11:56:32.188,1.82312,1.82339,1.75,1.50
2018.05.09 11:56:32.744,1.82316,1.8234,1.12,1.00
2018.05.09 11:56:33.167,1.82317,1.8234,1.31,1.50
2018.05.09 11:56:33.269,1.82313,1.82339,2.81,1.00
2018.05.09 11:56:33.668,1.82315,1.82337,1.25,1.00
2018.05.09 11:56:34.183,1.82315,1.82338,1.25,1.00
2018.05.09 11:56:34.708,1.82315,1.82338,1.31,1.00
2018.05.09 11:56:35.324,1.82315,1.8234,1.31,2.25
2018.05.09 11:56:35.580,1.82313,1.82333,1.00,1.00
2018.05.09 11:56:35.683,1.82311,1.82337,1.88,1.00
2018.05.09 11:56:36.188,1.82311,1.82335,1.44,1.00
2018.05.09 11:56:36.495,1.82316,1.82338,1.50,1.00
2018.05.09 11:56:36.546,1.82316,1.82343,1.13,1.50
2018.05.09 11:56:36.930,1.82316,1.82343,3.00,1.00
2018.05.09 11:56:37.386,1.82316,1.82341,1.56,1.00
2018.05.09 11:56:37.590,1.82311,1.82337,1.00,1.00
2018.05.09 11:56:37.641,1.82311,1.82335,1.25,1.00
2018.05.09 11:56:37.980,1.82309,1.82332,1.31,1.00
2018.05.09 11:56:38.494,1.82309,1.82332,1.50,1.00
2018.05.09 11:56:39.125,1.8231,1.82332,1.00,1.00
2018.05.09 11:56:39.483,1.8231,1.82335,1.38,1.00
2018.05.09 11:56:40.014,1.8231,1.82335,1.38,1.00
2018.05.09 11:56:40.519,1.8231,1.82335,1.88,1.00
2018.05.09 11:56:41.116,1.82309,1.82335,1.88,1.00
2018.05.09 11:56:41.389,1.82307,1.82333,1.00,1.25
2018.05.09 11:56:41.441,1.82307,1.82328,1.00,1.00
2018.05.09 11:56:41.496,1.823,1.82327,1.00,1.00
2018.05.09 11:56:41.810,1.82298,1.82326,1.50,1.50
2018.05.09 11:56:41.862,1.82298,1.82324,1.00,1.00
2018.05.09 11:56:41.965,1.82294,1.82322,1.25,1.12
2018.05.09 11:56:42.095,1.82294,1.82318,1.00,1.00
2018.05.09 11:56:42.198,1.82289,1.82318,1.44,2.62
2018.05.09 11:56:42.300,1.82289,1.82318,1.38,2.62
2018.05.09 11:56:42.833,1.82289,1.82318,1.88,1.50
2018.05.09 11:56:42.986,1.82298,1.82326,1.88,1.00
2018.05.09 11:56:43.037,1.82299,1.82326,1.75,1.00
2018.05.09 11:56:43.377,1.82304,1.82326,1.00,1.00
2018.05.09 11:56:44.310,1.82303,1.82326,1.00,1.00
2018.05.09 11:56:44.665,1.82302,1.82323,1.00,1.00
2018.05.09 11:56:44.716,1.82298,1.82324,1.25,1.00
2018.05.09 11:56:44.767,1.82297,1.82324,1.75,1.00
2018.05.09 11:56:44.818,1.82297,1.82324,1.88,1.00
2018.05.09 11:56:44.869,1.82297,1.82324,1.75,1.00
2018.05.09 11:56:45.175,1.82309,1.8233,1.44,1.00
2018.05.09 11:56:45.429,1.82315,1.82341,1.00,1.00
2018.05.09 11:56:45.957,1.82316,1.82342,1.00,2.81
2018.05.09 11:56:46.008,1.82314,1.82342,1.00,2.81
2018.05.09 11:56:46.524,1.82313,1.82342,1.50,1.69
2018.05.09 11:56:46.819,1.82312,1.8234,1.31,1.50
2018.05.09 11:56:48.080,1.82313,1.8234,2.25,1.00
2018.05.09 11:56:48.524,1.82314,1.82337,1.00,1.12
2018.05.09 11:56:48.833,1.82312,1.82335,1.50,1.50
2018.05.09 11:56:48.885,1.82307,1.82332,1.25,1.00
2018.05.09 11:56:48.937,1.82312,1.82332,1.00,1.00
2018.05.09 11:56:49.465,1.82311,1.82332,1.00,1.00
2018.05.09 11:56:49.721,1.82312,1.82335,1.00,1.00
2018.05.09 11:56:50.255,1.82311,1.82335,1.00,1.00
2018.05.09 11:56:51.081,1.82312,1.82335,1.25,1.00
2018.05.09 11:56:51.132,1.82316,1.82335,1.00,1.00
2018.05.09 11:56:51.182,1.82316,1.82338,1.00,1.00
2018.05.09 11:56:51.690,1.82316,1.82339,1.00,1.00
2018.05.09 11:56:51.873,1.82313,1.82339,2.62,1.00
2018.05.09 11:56:51.924,1.82308,1.8233,1.00,1.31
2018.05.09 11:56:52.230,1.82298,1.82316,1.50,1.00
2018.05.09 11:56:52.433,1.82292,1.82316,1.00,1.00
2018.05.09 11:56:52.976,1.82292,1.82316,1.50,1.00
2018.05.09 11:56:53.608,1.82292,1.82316,1.00,1.00
2018.05.09 11:56:53.712,1.82292,1.82318,1.00,1.00
2018.05.09 11:56:55.559,1.82297,1.82316,1.38,1.00
2018.05.09 11:56:55.610,1.82301,1.8232,1.00,1.00
2018.05.09 11:56:55.662,1.82301,1.82323,1.00,1.00
2018.05.09 11:56:55.713,1.82301,1.82326,1.00,1.00
2018.05.09 11:56:55.868,1.82304,1.82326,1.00,1.00
2018.05.09 11:56:56.893,1.82303,1.82326,1.00,1.00
2018.05.09 11:56:57.200,1.823,1.82326,1.44,1.31
2018.05.09 11:56:57.805,1.823,1.82326,1.38,1.12
2018.05.09 11:56:57.959,1.823,1.82326,1.25,1.00
2018.05.09 11:56:58.351,1.823,1.82326,1.38,1.00
2018.05.09 11:56:59.330,1.82301,1.82326,1.25,1.00
2018.05.09 11:56:59.848,1.82302,1.82326,1.00,1.00
2018.05.09 11:57:00.354,1.82303,1.82326,1.00,1.00
2018.05.09 11:57:00.973,1.82304,1.82326,1.00,1.00
2018.05.09 11:57:01.596,1.82303,1.82326,1.00,1.00
2018.05.09 11:57:01.991,1.82306,1.82326,1.00,1.00
2018.05.09 11:57:03.548,1.82304,1.82326,1.00,1.00
2018.05.09 11:57:03.599,1.82302,1.82326,1.50,1.00
2018.05.09 11:57:03.992,1.82302,1.82321,1.00,1.00
2018.05.09 11:57:04.094,1.82297,1.82321,1.50,1.12
2018.05.09 11:57:04.656,1.82297,1.82318,1.00,1.00
2018.05.09 11:57:05.535,1.82292,1.82318,1.50,1.00
2018.05.09 11:57:05.588,1.82296,1.82318,1.00,1.25
2018.05.09 11:57:06.128,1.82296,1.82314,1.00,1.00
2018.05.09 11:57:06.760,1.82292,1.82314,1.00,1.00
2018.05.09 11:57:06.812,1.82288,1.82314,1.25,1.00
2018.05.09 11:57:06.863,1.82292,1.82314,1.00,1.00
2018.05.09 11:57:07.117,1.8229,1.82317,1.00,1.00
2018.05.09 11:57:07.168,1.82297,1.82315,1.00,1.00
2018.05.09 11:57:07.305,1.82296,1.82318,1.00,1.00
2018.05.09 11:57:07.357,1.82301,1.82317,1.00,1.00
2018.05.09 11:57:07.408,1.82297,1.82317,1.00,1.00
2018.05.09 11:57:07.561,1.82297,1.82319,1.00,1.00
2018.05.09 11:57:08.538,1.82297,1.82318,1.00,1.00
2018.05.09 11:57:09.051,1.82296,1.82318,1.50,1.00
2018.05.09 11:57:09.309,1.82298,1.82318,1.00,1.00
2018.05.09 11:57:09.412,1.82296,1.82318,1.00,1.00
2018.05.09 11:57:09.464,1.82302,1.82318,1.00,1.00
2018.05.09 11:57:09.516,1.82302,1.82323,1.00,1.12
2018.05.09 11:57:09.723,1.82297,1.82323,1.00,1.00
2018.05.09 11:57:09.954,1.82302,1.82323,1.00,1.50
2018.05.09 11:57:10.699,1.82302,1.82323,1.00,1.37
2018.05.09 11:57:10.755,1.82298,1.82323,1.00,1.00
2018.05.09 11:57:10.954,1.823,1.82323,1.00,1.00
2018.05.09 11:57:11.465,1.82299,1.82323,1.00,1.31
2018.05.09 11:57:11.809,1.82301,1.82323,1.00,1.31
2018.05.09 11:57:11.911,1.82299,1.82323,1.00,1.31
2018.05.09 11:57:11.963,1.82301,1.82323,1.00,1.31
2018.05.09 11:57:12.281,1.82299,1.82322,1.00,1.00
2018.05.09 11:57:12.667,1.82307,1.82328,1.00,1.00
2018.05.09 11:57:12.718,1.82303,1.82329,1.00,1.00
2018.05.09 11:57:12.771,1.82307,1.82329,1.00,1.56
2018.05.09 11:57:12.992,1.82303,1.82326,1.00,1.50
2018.05.09 11:57:13.095,1.823,1.82326,1.00,2.06
2018.05.09 11:57:13.197,1.82296,1.82321,2.63,1.00
2018.05.09 11:57:13.575,1.82298,1.8232,1.00,1.00
2018.05.09 11:57:13.742,1.82294,1.82318,1.19,1.00
2018.05.09 11:57:13.845,1.82297,1.82318,1.00,1.00
2018.05.09 11:57:13.897,1.82297,1.82321,1.00,1.00
2018.05.09 11:57:13.949,1.82293,1.82321,3.00,1.00
2018.05.09 11:57:14.153,1.82296,1.82321,1.00,1.25
2018.05.09 11:57:14.467,1.82297,1.82315,1.00,1.00
2018.05.09 11:57:14.844,1.82296,1.82321,1.00,1.00
2018.05.09 11:57:14.998,1.82301,1.82321,1.00,1.00
2018.05.09 11:57:15.100,1.82299,1.82323,1.00,1.88
2018.05.09 11:57:15.203,1.82297,1.82319,1.00,1.25
2018.05.09 11:57:15.259,1.82295,1.82319,1.00,1.25
2018.05.09 11:57:15.362,1.82297,1.82319,1.00,1.00
2018.05.09 11:57:16.102,1.82295,1.82319,1.00,1.00
2018.05.09 11:57:16.204,1.82297,1.82319,1.00,1.00
2018.05.09 11:57:16.307,1.82295,1.82319,1.00,1.00
2018.05.09 11:57:16.583,1.82292,1.82313,1.00,1.00
2018.05.09 11:57:17.089,1.82291,1.82313,1.00,1.50
2018.05.09 11:57:17.621,1.82287,1.82313,1.38,1.50
2018.05.09 11:57:17.943,1.82287,1.82313,1.19,1.00
2018.05.09 11:57:18.046,1.8229,1.82318,1.00,1.31
2018.05.09 11:57:18.098,1.8229,1.82319,1.87,1.25
2018.05.09 11:57:18.429,1.82294,1.82322,1.00,1.38
2018.05.09 11:57:18.480,1.82292,1.82321,1.50,1.81
2018.05.09 11:57:18.998,1.82292,1.82321,1.00,1.88
2018.05.09 11:57:19.338,1.82291,1.82308,1.00,1.00
2018.05.09 11:57:19.389,1.82287,1.82309,1.50,1.00
2018.05.09 11:57:19.493,1.82286,1.82308,1.00,1.44
2018.05.09 11:57:19.800,1.82286,1.82306,1.00,2.25
2018.05.09 11:57:20.236,1.82279,1.823,1.00,1.56
2018.05.09 11:57:20.288,1.82274,1.82297,1.00,1.56
2018.05.09 11:57:20.340,1.82272,1.82296,1.50,1.44
2018.05.09 11:57:20.596,1.82271,1.82296,1.00,1.00
2018.05.09 11:57:20.698,1.82271,1.82298,2.44,1.00
2018.05.09 11:57:21.228,1.82271,1.82299,1.50,1.69
2018.05.09 11:57:21.329,1.82271,1.82297,1.50,1.50
2018.05.09 11:57:21.635,1.82266,1.82293,3.00,1.00
2018.05.09 11:57:21.736,1.82266,1.82293,1.50,1.38
2018.05.09 11:57:22.275,1.82267,1.82291,1.50,1.88
2018.05.09 11:57:22.429,1.82267,1.82294,1.00,1.00
2018.05.09 11:57:22.531,1.82271,1.82295,1.00,2.06
2018.05.09 11:57:22.866,1.82274,1.82299,1.00,1.44
2018.05.09 11:57:23.122,1.82273,1.82301,1.25,1.00
2018.05.09 11:57:23.174,1.82281,1.82303,1.00,1.00
2018.05.09 11:57:23.226,1.82281,1.82306,1.00,1.56
2018.05.09 11:57:23.483,1.82278,1.82307,1.00,2.25
2018.05.09 11:57:23.772,1.82278,1.82308,1.00,1.75
2018.05.09 11:57:23.874,1.82276,1.82306,1.00,1.50
2018.05.09 11:57:24.387,1.82278,1.82306,1.00,1.50
2018.05.09 11:57:24.888,1.82278,1.82307,1.00,2.25
2018.05.09 11:57:25.511,1.82278,1.82306,1.50,1.38
2018.05.09 11:57:25.826,1.82281,1.82307,1.00,1.25
2018.05.09 11:57:26.063,1.82276,1.82308,3.56,1.88
2018.05.09 11:57:26.115,1.82276,1.82305,1.69,1.75
2018.05.09 11:57:26.167,1.82276,1.82303,1.50,1.00
2018.05.09 11:57:26.424,1.82277,1.823,1.00,1.38
2018.05.09 11:57:26.630,1.82276,1.82304,1.00,2.44
2018.05.09 11:57:27.163,1.82276,1.82302,1.00,1.00
2018.05.09 11:57:27.214,1.82276,1.82303,1.00,1.75
2018.05.09 11:57:27.680,1.82276,1.82303,1.00,2.25
2018.05.09 11:57:27.731,1.82277,1.82303,1.00,3.00
2018.05.09 11:57:27.834,1.82277,1.82301,1.00,1.00
2018.05.09 11:57:28.050,1.82271,1.82299,1.00,1.75
2018.05.09 11:57:28.101,1.82267,1.82296,1.00,1.12
2018.05.09 11:57:28.152,1.82268,1.82288,1.00,1.00
2018.05.09 11:57:28.204,1.82266,1.82288,1.00,1.00
2018.05.09 11:57:28.811,1.82266,1.82289,1.00,2.25
2018.05.09 11:57:29.205,1.82266,1.82296,1.31,1.63
2018.05.09 11:57:29.564,1.82266,1.82294,1.00,2.25
2018.05.09 11:57:29.874,1.82266,1.82289,1.00,1.00
2018.05.09 11:57:30.131,1.82267,1.82292,1.00,1.31
2018.05.09 11:57:30.183,1.82266,1.82293,1.13,1.50
2018.05.09 11:57:30.286,1.82267,1.82293,1.00,2.25
2018.05.09 11:57:30.338,1.82262,1.82292,2.06,1.87
2018.05.09 11:57:30.571,1.82267,1.82289,1.00,1.00
2018.05.09 11:57:30.740,1.82262,1.8229,1.19,1.75
2018.05.09 11:57:30.791,1.82262,1.82284,1.19,1.50
2018.05.09 11:57:30.893,1.82258,1.82284,1.12,1.50
2018.05.09 11:57:31.148,1.82261,1.82283,1.00,1.00
2018.05.09 11:57:31.317,1.82251,1.82281,1.00,2.81
2018.05.09 11:57:31.469,1.82252,1.8228,1.00,2.44
2018.05.09 11:57:31.520,1.82252,1.8228,1.00,1.31
2018.05.09 11:57:31.977,1.82256,1.8228,1.00,1.50
2018.05.09 11:57:32.101,1.82256,1.82284,1.00,1.25
2018.05.09 11:57:32.153,1.82262,1.82283,1.00,1.00
2018.05.09 11:57:32.457,1.82262,1.8228,1.00,1.00
2018.05.09 11:57:32.559,1.82256,1.82281,1.00,1.00
2018.05.09 11:57:32.813,1.82256,1.82277,1.00,1.00
2018.05.09 11:57:33.101,1.82252,1.82274,1.00,1.00
2018.05.09 11:57:33.360,1.82246,1.82273,1.00,1.50
2018.05.09 11:57:33.411,1.82246,1.82277,1.31,2.06
2018.05.09 11:57:33.464,1.82249,1.82277,1.00,2.25
2018.05.09 11:57:33.814,1.82251,1.82275,1.00,1.00
2018.05.09 11:57:34.325,1.82252,1.82277,1.00,1.50
2018.05.09 11:57:34.894,1.82252,1.82276,1.00,1.31
2018.05.09 11:57:35.199,1.82252,1.82272,1.00,1.12
2018.05.09 11:57:35.739,1.82252,1.82271,1.00,1.00
2018.05.09 11:57:36.497,1.82252,1.8227,1.00,1.00
2018.05.09 11:57:36.732,1.82251,1.82275,1.00,1.00
2018.05.09 11:57:36.835,1.82247,1.82274,1.19,1.00
2018.05.09 11:57:36.887,1.82252,1.82275,1.00,1.50
2018.05.09 11:57:37.042,1.82246,1.82275,1.19,1.00
2018.05.09 11:57:37.400,1.82251,1.82275,1.00,1.00
2018.05.09 11:57:37.794,1.82247,1.82274,1.88,1.00
2018.05.09 11:57:37.947,1.82251,1.82275,1.00,1.00
2018.05.09 11:57:38.050,1.82251,1.82277,1.88,1.00
2018.05.09 11:57:38.102,1.82256,1.82278,1.00,1.00
2018.05.09 11:57:38.153,1.82256,1.8228,1.00,1.00
2018.05.09 11:57:38.672,1.82256,1.82283,1.00,1.25
2018.05.09 11:57:39.264,1.82256,1.82283,1.00,1.81
2018.05.09 11:57:40.336,1.82258,1.82285,1.56,1.00
2018.05.09 11:57:40.431,1.82262,1.8229,1.00,1.88
2018.05.09 11:57:40.790,1.82263,1.82292,1.25,1.44
2018.05.09 11:57:40.842,1.82263,1.82292,1.00,1.75
2018.05.09 11:57:41.201,1.82263,1.82292,1.00,1.50
2018.05.09 11:57:41.318,1.82263,1.82288,1.00,1.00
2018.05.09 11:57:41.622,1.82256,1.82279,1.00,1.00
2018.05.09 11:57:41.673,1.82251,1.82279,1.25,1.00
2018.05.09 11:57:41.725,1.82256,1.82279,1.00,1.00
2018.05.09 11:57:41.775,1.82252,1.82279,1.00,1.00
2018.05.09 11:57:42.214,1.82257,1.8228,1.00,1.00
2018.05.09 11:57:42.587,1.82257,1.82282,1.00,1.31
2018.05.09 11:57:42.692,1.82257,1.82283,1.00,3.00
2018.05.09 11:57:43.250,1.82251,1.82281,1.50,1.63
2018.05.09 11:57:43.833,1.82251,1.82277,1.00,1.87
2018.05.09 11:57:44.190,1.82253,1.82277,1.44,1.00
2018.05.09 11:57:44.242,1.82254,1.82282,1.44,1.00
2018.05.09 11:57:44.295,1.82256,1.82286,1.00,1.88
2018.05.09 11:57:44.771,1.82255,1.82283,1.25,1.00
2018.05.09 11:57:45.168,1.82257,1.82282,1.25,1.00
2018.05.09 11:57:45.515,1.82255,1.8228,1.00,1.87
2018.05.09 11:57:46.060,1.82255,1.82279,1.00,1.00
2018.05.09 11:57:46.581,1.82256,1.82278,1.00,1.00
2018.05.09 11:57:47.092,1.82256,1.82277,1.00,1.00
2018.05.09 11:57:47.950,1.82255,1.82278,1.00,1.00
2018.05.09 11:57:48.052,1.82253,1.82277,1.00,1.00
2018.05.09 11:57:48.255,1.82252,1.82279,1.00,1.00
2018.05.09 11:57:48.757,1.82251,1.8228,1.31,1.00
2018.05.09 11:57:49.191,1.82251,1.82281,1.31,2.25
2018.05.09 11:57:49.557,1.82251,1.82282,2.81,1.44
2018.05.09 11:57:49.660,1.82251,1.82281,1.69,1.25
2018.05.09 11:57:49.712,1.82251,1.82281,2.81,2.25
2018.05.09 11:57:49.866,1.82252,1.8228,1.00,1.31
2018.05.09 11:57:49.918,1.82257,1.8228,1.00,1.00
2018.05.09 11:57:50.453,1.82257,1.82282,1.00,3.56
2018.05.09 11:57:51.014,1.82257,1.82282,1.00,2.25
2018.05.09 11:57:51.539,1.82257,1.82281,1.00,1.75
2018.05.09 11:57:51.895,1.82251,1.82282,1.25,1.75
2018.05.09 11:57:52.438,1.82252,1.82281,1.00,2.00
2018.05.09 11:57:52.489,1.8225,1.82274,1.00,1.00
2018.05.09 11:57:52.541,1.82248,1.82274,1.00,1.37
2018.05.09 11:57:52.593,1.82246,1.82273,1.50,1.87
2018.05.09 11:57:52.644,1.82245,1.82267,1.00,1.50
2018.05.09 11:57:52.696,1.82242,1.82266,1.00,1.50
2018.05.09 11:57:52.799,1.82244,1.82266,1.12,1.50
2018.05.09 11:57:52.989,1.8225,1.82274,1.12,1.00
2018.05.09 11:57:53.041,1.82252,1.82275,1.00,1.00
2018.05.09 11:57:53.094,1.82253,1.82278,1.19,1.50
2018.05.09 11:57:53.613,1.82251,1.82276,1.69,1.00
2018.05.09 11:57:54.014,1.82251,1.82279,1.69,1.00
2018.05.09 11:57:54.494,1.82251,1.82277,1.31,1.00
2018.05.09 11:57:55.014,1.82248,1.82275,1.88,1.00
2018.05.09 11:57:55.089,1.82248,1.82279,2.63,1.81
2018.05.09 11:57:55.141,1.82248,1.82273,1.38,1.00
2018.05.09 11:57:55.666,1.82251,1.82273,1.00,1.00
2018.05.09 11:57:56.210,1.82251,1.82275,1.38,1.00
2018.05.09 11:57:56.315,1.82254,1.82279,1.44,1.00
2018.05.09 11:57:56.366,1.82256,1.82279,1.38,1.00
2018.05.09 11:57:56.468,1.82256,1.82279,1.00,1.00
2018.05.09 11:57:56.672,1.82256,1.82279,1.38,1.00
2018.05.09 11:57:56.723,1.82256,1.8228,1.00,1.00
2018.05.09 11:57:57.118,1.82256,1.8228,1.38,1.00
2018.05.09 11:57:57.437,1.82262,1.82283,1.00,1.00
2018.05.09 11:57:57.995,1.82261,1.82284,1.00,1.00
2018.05.09 11:57:59.016,1.82267,1.82284,1.00,1.50
2018.05.09 11:57:59.069,1.82256,1.82284,1.75,1.00
2018.05.09 11:57:59.223,1.82256,1.82286,2.25,1.00
2018.05.09 11:57:59.403,1.82257,1.82285,2.25,1.00
2018.05.09 11:57:59.669,1.82262,1.82285,1.00,1.00
2018.05.09 11:57:59.984,1.82262,1.82287,1.25,1.00
2018.05.09 11:58:00.651,1.82262,1.82287,1.38,1.00
2018.05.09 11:58:00.703,1.82262,1.82289,1.44,1.00
2018.05.09 11:58:01.109,1.82257,1.82289,1.87,1.50
2018.05.09 11:58:01.162,1.82257,1.82284,1.00,1.00
2018.05.09 11:58:01.470,1.82261,1.82284,1.00,1.00
2018.05.09 11:58:01.624,1.82257,1.82285,1.00,1.37
2018.05.09 11:58:01.676,1.82261,1.82285,1.00,1.00
2018.05.09 11:58:02.169,1.82257,1.82286,1.00,1.12
2018.05.09 11:58:02.372,1.82257,1.82285,1.25,1.37
2018.05.09 11:58:02.883,1.82257,1.82284,1.44,1.00
2018.05.09 11:58:03.374,1.82257,1.82289,1.00,4.13
2018.05.09 11:58:03.426,1.82262,1.82288,1.00,1.25
2018.05.09 11:58:03.584,1.82266,1.82293,1.00,1.00
2018.05.09 11:58:03.636,1.82263,1.82293,1.00,1.00
2018.05.09 11:58:03.777,1.82261,1.82291,1.88,1.25
2018.05.09 11:58:04.085,1.82262,1.82289,1.25,2.06
2018.05.09 11:58:04.567,1.82262,1.82288,1.00,1.31
2018.05.09 11:58:04.822,1.82262,1.82289,1.25,2.44
2018.05.09 11:58:05.445,1.82262,1.82288,1.00,1.00
2018.05.09 11:58:05.801,1.82261,1.82289,1.75,1.00
2018.05.09 11:58:06.131,1.82272,1.82295,1.00,2.62
2018.05.09 11:58:06.437,1.82279,1.82295,1.00,1.00
2018.05.09 11:58:06.538,1.82281,1.823,1.00,1.00
2018.05.09 11:58:06.726,1.8228,1.82303,1.25,1.00
2018.05.09 11:58:07.087,1.82278,1.82307,1.25,1.31
2018.05.09 11:58:07.447,1.82277,1.82304,1.00,1.00
2018.05.09 11:58:07.784,1.8228,1.8231,1.69,1.00
2018.05.09 11:58:07.835,1.82282,1.8231,1.44,1.00
2018.05.09 11:58:08.140,1.82289,1.8231,1.00,1.00
2018.05.09 11:58:08.666,1.82292,1.8231,1.00,1.00
2018.05.09 11:58:09.184,1.82295,1.82322,1.00,1.88
2018.05.09 11:58:09.732,1.82295,1.82322,1.00,1.13
2018.05.09 11:58:10.166,1.82295,1.82322,1.00,1.38
2018.05.09 11:58:10.217,1.82295,1.82323,1.00,1.00
2018.05.09 11:58:10.268,1.82298,1.8232,1.00,1.00
2018.05.09 11:58:10.605,1.82291,1.82312,1.00,1.88
2018.05.09 11:58:10.860,1.8229,1.82312,1.00,1.50
2018.05.09 11:58:10.911,1.8229,1.82309,1.00,1.25
2018.05.09 11:58:11.216,1.82288,1.82306,1.00,2.06
2018.05.09 11:58:11.358,1.82281,1.82303,1.50,1.12
2018.05.09 11:58:11.460,1.82281,1.823,1.50,1.00
2018.05.09 11:58:11.716,1.82277,1.82299,1.00,1.00
2018.05.09 11:58:11.769,1.82277,1.82304,1.25,1.00
2018.05.09 11:58:11.820,1.82277,1.82307,2.25,1.69
2018.05.09 11:58:12.006,1.82277,1.82304,1.00,1.00
2018.05.09 11:58:12.312,1.82277,1.82301,1.50,1.00
2018.05.09 11:58:12.363,1.82277,1.82306,1.69,3.00
2018.05.09 11:58:12.790,1.82277,1.82307,1.38,2.25
2018.05.09 11:58:13.401,1.82284,1.82307,1.00,2.25
2018.05.09 11:58:14.248,1.82284,1.82308,1.00,1.37
2018.05.09 11:58:14.763,1.82285,1.82309,1.00,2.81
2018.05.09 11:58:15.105,1.82285,1.82309,1.00,2.44
2018.05.09 11:58:15.257,1.82285,1.82309,1.00,2.44
2018.05.09 11:58:15.410,1.82285,1.82309,1.00,1.69
2018.05.09 11:58:15.949,1.82285,1.82308,1.00,1.00
2018.05.09 11:58:17.364,1.82283,1.82308,1.00,1.00
2018.05.09 11:58:17.931,1.82283,1.82309,1.00,1.00
2018.05.09 11:58:18.479,1.82283,1.82308,1.00,1.00
2018.05.09 11:58:18.581,1.82281,1.82309,1.00,1.00
2018.05.09 11:58:18.866,1.82277,1.82308,1.25,1.88
2018.05.09 11:58:18.918,1.82275,1.82305,1.50,1.00
2018.05.09 11:58:19.271,1.82276,1.823,1.00,1.12
2018.05.09 11:58:19.377,1.82272,1.82301,1.00,2.63
2018.05.09 11:58:20.110,1.82271,1.823,1.25,1.31
2018.05.09 11:58:20.452,1.82277,1.823,1.00,1.00
2018.05.09 11:58:20.851,1.82287,1.82312,1.00,1.25
2018.05.09 11:58:20.903,1.8228,1.82312,2.25,1.25
2018.05.09 11:58:20.954,1.8228,1.82308,1.88,1.00
2018.05.09 11:58:21.465,1.82281,1.82309,1.88,1.69
2018.05.09 11:58:21.980,1.82282,1.82308,1.25,1.00
2018.05.09 11:58:22.542,1.82282,1.82309,1.25,1.00
2018.05.09 11:58:22.868,1.82282,1.82309,1.50,1.50
2018.05.09 11:58:23.235,1.82287,1.82309,1.00,1.00
2018.05.09 11:58:23.339,1.82291,1.82315,1.00,1.00
2018.05.09 11:58:23.625,1.82292,1.82321,1.56,1.38
2018.05.09 11:58:23.676,1.82292,1.82322,1.56,1.00
2018.05.09 11:58:23.727,1.82292,1.82322,1.63,1.38
2018.05.09 11:58:24.234,1.82293,1.82322,1.50,1.38
2018.05.09 11:58:24.550,1.82293,1.82322,1.00,1.13
2018.05.09 11:58:24.601,1.82293,1.8232,1.00,1.00
2018.05.09 11:58:24.908,1.82291,1.8232,1.50,1.44
2018.05.09 11:58:25.567,1.82291,1.82321,1.31,1.38
2018.05.09 11:58:26.109,1.82291,1.82321,1.00,1.31
2018.05.09 11:58:26.517,1.82291,1.82322,1.00,1.69
2018.05.09 11:58:26.664,1.82291,1.82321,1.87,1.38
2018.05.09 11:58:26.971,1.82286,1.82312,1.00,1.63
2018.05.09 11:58:27.022,1.82284,1.82312,1.69,1.00
2018.05.09 11:58:27.074,1.82287,1.82313,1.00,1.00
2018.05.09 11:58:27.313,1.82289,1.82316,1.00,1.50
2018.05.09 11:58:27.673,1.82292,1.8232,1.00,3.38
2018.05.09 11:58:27.930,1.82288,1.82317,1.50,1.13
2018.05.09 11:58:28.061,1.82288,1.82314,1.00,1.00
2018.05.09 11:58:28.267,1.82282,1.82311,1.37,1.00
2018.05.09 11:58:28.370,1.82281,1.82311,1.00,1.00
2018.05.09 11:58:28.422,1.82278,1.82308,1.00,1.50
2018.05.09 11:58:28.732,1.82276,1.82308,1.00,3.00
2018.05.09 11:58:29.089,1.82282,1.82308,1.00,3.00
2018.05.09 11:58:29.403,1.82282,1.82307,1.00,1.00
2018.05.09 11:58:29.454,1.82282,1.82307,1.00,1.56
2018.05.09 11:58:29.863,1.82277,1.82308,1.44,1.50
2018.05.09 11:58:29.914,1.82282,1.8231,1.00,1.44
2018.05.09 11:58:30.258,1.82282,1.82309,1.00,1.75
2018.05.09 11:58:30.808,1.82282,1.82308,1.00,1.50
2018.05.09 11:58:31.518,1.82282,1.82308,1.00,1.31
2018.05.09 11:58:31.904,1.82277,1.82309,1.69,1.69
2018.05.09 11:58:31.955,1.82281,1.82309,3.00,1.00
2018.05.09 11:58:32.264,1.82292,1.82316,1.00,1.25
2018.05.09 11:58:32.416,1.82288,1.82315,1.00,1.13
2018.05.09 11:58:32.759,1.82286,1.82315,2.25,1.13
2018.05.09 11:58:32.811,1.82286,1.82313,1.50,1.50
2018.05.09 11:58:33.116,1.82278,1.82301,1.00,1.50
2018.05.09 11:58:33.640,1.82277,1.82302,1.00,1.00
2018.05.09 11:58:34.353,1.82276,1.82302,1.00,1.69
2018.05.09 11:58:34.886,1.82277,1.82302,1.00,1.00
2018.05.09 11:58:35.425,1.82278,1.82302,1.00,2.25
2018.05.09 11:58:37.259,1.82277,1.82302,1.00,2.25
2018.05.09 11:58:38.006,1.82277,1.82301,1.00,1.00
2018.05.09 11:58:38.376,1.82277,1.82297,1.00,1.00
2018.05.09 11:58:38.752,1.82277,1.82302,1.00,1.50
2018.05.09 11:58:39.063,1.8228,1.82301,1.00,1.00
2018.05.09 11:58:40.019,1.8228,1.82302,1.00,1.00
2018.05.09 11:58:40.121,1.8228,1.82306,1.00,2.44
2018.05.09 11:58:41.345,1.8228,1.82306,1.00,1.31
2018.05.09 11:58:41.776,1.82281,1.82308,1.50,1.50
2018.05.09 11:58:41.967,1.82282,1.82306,1.00,1.00
2018.05.09 11:58:42.818,1.8228,1.82306,1.00,1.56
2018.05.09 11:58:42.972,1.82276,1.82303,1.50,1.00
2018.05.09 11:58:43.177,1.82276,1.82303,1.00,1.56
2018.05.09 11:58:43.380,1.82276,1.82303,1.00,1.25
2018.05.09 11:58:43.949,1.82277,1.82303,1.00,1.00
2018.05.09 11:58:44.306,1.82285,1.82307,1.00,1.50
2018.05.09 11:58:44.410,1.82283,1.82309,1.50,1.56
2018.05.09 11:58:44.513,1.82281,1.82306,1.00,1.00
2018.05.09 11:58:45.020,1.8228,1.82306,1.00,1.25
2018.05.09 11:58:45.337,1.82277,1.82304,1.00,1.44
2018.05.09 11:58:45.439,1.82272,1.823,1.50,1.44
2018.05.09 11:58:46.203,1.82272,1.823,1.50,1.81
2018.05.09 11:58:46.711,1.82273,1.823,1.00,1.81
2018.05.09 11:58:47.224,1.82272,1.823,1.50,1.81
2018.05.09 11:58:48.925,1.82273,1.823,1.00,1.81
2018.05.09 11:58:49.608,1.82273,1.823,1.00,1.00
2018.05.09 11:58:50.720,1.82272,1.823,1.50,1.25
2018.05.09 11:58:51.535,1.82273,1.823,1.00,1.25
2018.05.09 11:58:51.840,1.82272,1.823,2.06,1.00
2018.05.09 11:58:51.891,1.82277,1.82304,1.50,1.00
2018.05.09 11:58:51.942,1.82279,1.82304,1.00,1.00
2018.05.09 11:58:52.064,1.8228,1.82308,1.00,1.81
2018.05.09 11:58:52.116,1.82282,1.8231,1.00,1.56
2018.05.09 11:58:52.219,1.82282,1.8231,1.00,1.00
2018.05.09 11:58:52.270,1.82282,1.82308,1.00,1.81
2018.05.09 11:58:52.472,1.82282,1.82308,1.00,1.50
2018.05.09 11:58:52.916,1.82283,1.82312,1.31,1.44
2018.05.09 11:58:52.967,1.82283,1.82312,1.00,1.38
2018.05.09 11:58:53.018,1.82283,1.82312,1.00,1.44
2018.05.09 11:58:53.069,1.82282,1.82312,1.31,1.38
2018.05.09 11:58:53.120,1.82282,1.82312,1.00,1.00
2018.05.09 11:58:53.171,1.82279,1.82307,1.50,1.38
2018.05.09 11:58:53.481,1.82276,1.82301,1.00,1.00
2018.05.09 11:58:55.173,1.82281,1.82301,1.00,1.00
2018.05.09 11:58:55.487,1.82277,1.82301,1.00,1.00
2018.05.09 11:58:58.685,1.82277,1.82303,1.25,1.44
2018.05.09 11:58:58.788,1.82278,1.82303,1.44,2.62
2018.05.09 11:58:59.292,1.82278,1.82303,1.44,1.69
2018.05.09 11:58:59.900,1.82278,1.82304,1.25,3.37
2018.05.09 11:59:00.207,1.82285,1.82304,1.25,1.00
2018.05.09 11:59:00.259,1.82286,1.82308,1.00,1.00
2018.05.09 11:59:00.361,1.82288,1.82313,1.69,1.00
2018.05.09 11:59:00.413,1.82291,1.82314,1.00,2.25
2018.05.09 11:59:00.626,1.82289,1.82314,1.00,1.50
2018.05.09 11:59:00.934,1.82292,1.82314,1.25,1.00
2018.05.09 11:59:01.236,1.82292,1.82308,1.00,1.31
2018.05.09 11:59:01.288,1.82284,1.82308,1.00,1.00
2018.05.09 11:59:01.340,1.82285,1.82305,1.00,1.00
2018.05.09 11:59:01.392,1.82285,1.82308,1.00,1.00
2018.05.09 11:59:01.499,1.82284,1.82312,2.44,1.44
2018.05.09 11:59:01.550,1.82286,1.82313,1.25,1.00
2018.05.09 11:59:01.854,1.82292,1.82312,1.00,1.00
2018.05.09 11:59:02.008,1.82292,1.82314,1.00,1.00
2018.05.09 11:59:02.060,1.82292,1.82318,1.00,1.69
2018.05.09 11:59:02.265,1.82291,1.82313,1.00,1.00
2018.05.09 11:59:02.367,1.82287,1.82312,1.50,1.38
2018.05.09 11:59:02.703,1.82283,1.82311,1.50,1.00
2018.05.09 11:59:03.161,1.82286,1.82311,1.00,1.00
2018.05.09 11:59:04.756,1.82284,1.82308,1.00,1.25
2018.05.09 11:59:04.911,1.82281,1.82306,1.00,1.00
2018.05.09 11:59:05.218,1.82281,1.82306,1.00,1.50
2018.05.09 11:59:05.604,1.8228,1.82306,1.00,1.25
2018.05.09 11:59:05.706,1.8228,1.82306,1.00,1.38
2018.05.09 11:59:05.858,1.82275,1.82302,2.44,1.00
2018.05.09 11:59:05.909,1.82276,1.82298,1.50,1.00
2018.05.09 11:59:06.062,1.8228,1.82307,1.25,1.31
2018.05.09 11:59:06.113,1.82282,1.82306,1.50,1.00
2018.05.09 11:59:06.432,1.82287,1.82308,1.00,1.50
2018.05.09 11:59:07.307,1.82283,1.82308,1.00,1.50
2018.05.09 11:59:07.562,1.82287,1.82307,1.00,1.00
2018.05.09 11:59:07.664,1.82284,1.82307,1.00,1.00
2018.05.09 11:59:07.820,1.82281,1.82305,1.00,1.00
2018.05.09 11:59:07.871,1.82281,1.82308,1.00,1.44
2018.05.09 11:59:08.023,1.8228,1.82305,1.00,1.00
2018.05.09 11:59:08.546,1.82279,1.82305,1.00,1.00
2018.05.09 11:59:09.079,1.82282,1.82305,1.00,1.00
2018.05.09 11:59:09.855,1.82281,1.82305,1.00,1.00
2018.05.09 11:59:09.960,1.82277,1.82305,2.63,1.00
2018.05.09 11:59:10.011,1.82277,1.82307,2.63,1.31
2018.05.09 11:59:10.063,1.82277,1.82305,2.44,1.00
2018.05.09 11:59:10.374,1.82277,1.82306,1.38,1.50
2018.05.09 11:59:10.694,1.82277,1.82304,1.38,1.00
2018.05.09 11:59:10.847,1.82277,1.82304,1.25,1.50
2018.05.09 11:59:10.899,1.82277,1.823,1.00,1.00
2018.05.09 11:59:10.950,1.82274,1.82302,1.75,1.00
2018.05.09 11:59:11.002,1.82277,1.82298,1.00,1.00
2018.05.09 11:59:11.156,1.82273,1.82298,1.38,1.00
2018.05.09 11:59:11.403,1.82276,1.823,1.00,2.25
2018.05.09 11:59:11.914,1.82276,1.823,1.44,1.00
2018.05.09 11:59:12.435,1.82274,1.82298,1.25,1.00
2018.05.09 11:59:12.537,1.82277,1.823,1.13,1.00
2018.05.09 11:59:12.843,1.82287,1.82304,1.00,1.00
2018.05.09 11:59:13.063,1.82285,1.82305,1.00,1.00
2018.05.09 11:59:13.165,1.82283,1.82305,1.31,1.00
2018.05.09 11:59:13.215,1.82283,1.8231,1.31,1.00
2018.05.09 11:59:14.247,1.82283,1.82309,1.00,1.00
2018.05.09 11:59:14.789,1.82282,1.82309,1.00,1.00
2018.05.09 11:59:15.310,1.82281,1.82309,1.00,1.00
2018.05.09 11:59:15.513,1.82281,1.82305,1.00,1.00
2018.05.09 11:59:15.564,1.82278,1.82305,1.00,1.00
2018.05.09 11:59:15.616,1.82276,1.82303,1.00,1.00
2018.05.09 11:59:15.951,1.82282,1.82305,1.00,1.50
2018.05.09 11:59:16.003,1.82277,1.82305,1.00,1.25
2018.05.09 11:59:16.106,1.82281,1.82305,1.00,1.50
2018.05.09 11:59:16.731,1.82281,1.82304,1.00,1.00
2018.05.09 11:59:17.265,1.82281,1.82305,1.00,1.50
2018.05.09 11:59:18.303,1.82281,1.82301,1.00,1.00
2018.05.09 11:59:18.406,1.82277,1.82301,1.00,1.00
2018.05.09 11:59:18.660,1.82278,1.82304,1.00,1.50
2018.05.09 11:59:21.108,1.82278,1.82304,2.06,1.00
2018.05.09 11:59:21.793,1.82278,1.82304,1.50,1.13
2018.05.09 11:59:22.637,1.82276,1.82303,1.00,2.81
2018.05.09 11:59:22.689,1.82273,1.82303,2.63,1.69
2018.05.09 11:59:22.894,1.82273,1.82303,3.38,2.06
2018.05.09 11:59:23.252,1.82277,1.82303,1.50,1.00
2018.05.09 11:59:23.303,1.82278,1.82306,1.50,1.12
2018.05.09 11:59:23.851,1.82279,1.82306,1.00,1.00
2018.05.09 11:59:24.393,1.82278,1.82306,1.13,2.06
2018.05.09 11:59:24.753,1.82281,1.82306,1.00,1.87
2018.05.09 11:59:25.418,1.82278,1.82306,1.38,1.12
2018.05.09 11:59:25.789,1.82278,1.82306,1.00,1.00
2018.05.09 11:59:26.733,1.82278,1.82306,1.44,1.00
2018.05.09 11:59:26.926,1.82282,1.82306,1.00,1.87
2018.05.09 11:59:27.136,1.82279,1.82306,1.13,1.00
2018.05.09 11:59:27.187,1.82281,1.82307,1.50,1.00
2018.05.09 11:59:27.494,1.82292,1.82314,1.00,1.00
2018.05.09 11:59:27.636,1.82293,1.82317,1.00,1.00
2018.05.09 11:59:27.788,1.8229,1.82317,1.25,1.00
2018.05.09 11:59:28.401,1.82289,1.82317,2.44,1.00
2018.05.09 11:59:28.842,1.82289,1.82315,1.00,1.00
2018.05.09 11:59:29.149,1.82289,1.82313,1.00,1.00
2018.05.09 11:59:29.618,1.82289,1.82317,1.00,1.88
2018.05.09 11:59:30.136,1.82289,1.82317,1.00,1.88
2018.05.09 11:59:31.819,1.82289,1.82316,1.25,1.00
2018.05.09 11:59:32.341,1.82289,1.82317,1.00,1.00
2018.05.09 11:59:32.394,1.82288,1.82312,1.00,1.00
2018.05.09 11:59:32.497,1.82286,1.82312,1.25,1.00
2018.05.09 11:59:32.889,1.82286,1.82314,1.00,1.50
2018.05.09 11:59:33.167,1.82283,1.82311,2.25,1.00
2018.05.09 11:59:33.794,1.82284,1.82309,1.00,1.00
2018.05.09 11:59:34.302,1.82283,1.82309,1.25,1.00
2018.05.09 11:59:34.712,1.82284,1.82311,1.00,1.00
2018.05.09 11:59:35.220,1.82283,1.82311,1.00,1.50
2018.05.09 11:59:35.728,1.82283,1.82311,1.00,1.69
2018.05.09 11:59:36.307,1.82283,1.82311,1.00,1.50
2018.05.09 11:59:36.940,1.82283,1.82311,1.00,1.69
2018.05.09 11:59:37.111,1.82281,1.82308,1.25,1.00
2018.05.09 11:59:37.770,1.82281,1.82308,1.63,1.00
2018.05.09 11:59:38.438,1.82281,1.82308,1.00,1.00
2018.05.09 11:59:39.111,1.8228,1.82308,1.25,1.50
2018.05.09 11:59:39.419,1.82282,1.82305,1.00,1.00
2018.05.09 11:59:39.592,1.82282,1.82308,1.00,1.50
2018.05.09 11:59:40.701,1.8228,1.82308,1.00,3.37
2018.05.09 11:59:41.035,1.82275,1.82303,1.00,1.75
2018.05.09 11:59:41.342,1.82277,1.82302,1.00,1.00
2018.05.09 11:59:42.210,1.82277,1.82302,1.00,1.56
2018.05.09 11:59:42.573,1.82276,1.82302,1.00,1.00
2018.05.09 11:59:45.098,1.82277,1.82303,1.00,2.44
2018.05.09 11:59:45.150,1.82273,1.82303,1.88,2.44
2018.05.09 11:59:45.457,1.82277,1.82302,1.25,1.00
2018.05.09 11:59:45.614,1.82276,1.82304,1.50,1.00
2018.05.09 11:59:45.666,1.82278,1.82306,1.00,1.50
2018.05.09 11:59:46.024,1.82276,1.82302,1.00,1.00
2018.05.09 11:59:46.330,1.82282,1.82302,1.00,1.00
2018.05.09 11:59:46.503,1.82276,1.82302,1.38,1.00
2018.05.09 11:59:46.809,1.82274,1.82302,2.25,1.00
2018.05.09 11:59:46.860,1.82271,1.823,1.44,1.00
2018.05.09 11:59:47.115,1.82269,1.823,1.13,1.31
2018.05.09 11:59:47.166,1.82271,1.82296,1.00,1.00
2018.05.09 11:59:47.486,1.82276,1.82298,1.00,1.00
2018.05.09 11:59:47.744,1.82271,1.82298,1.00,1.00
2018.05.09 11:59:48.809,1.82277,1.82298,1.00,1.00
2018.05.09 11:59:50.317,1.82276,1.82298,1.00,1.00
2018.05.09 11:59:51.466,1.82272,1.82298,1.13,1.00
2018.05.09 11:59:52.031,1.82271,1.82298,1.00,1.00
2018.05.09 11:59:52.241,1.82272,1.82295,1.00,1.00
2018.05.09 11:59:52.292,1.82267,1.82295,1.50,1.50
2018.05.09 11:59:52.547,1.82266,1.82289,1.38,1.00
2018.05.09 11:59:52.598,1.82266,1.82289,1.25,1.00
2018.05.09 11:59:53.484,1.82263,1.82289,1.31,1.50
2018.05.09 11:59:53.991,1.82263,1.82289,1.25,1.00
2018.05.09 11:59:54.924,1.82263,1.82288,1.00,1.00
2018.05.09 11:59:55.866,1.82263,1.8229,1.00,1.00
2018.05.09 11:59:56.476,1.82263,1.8229,2.25,1.00
2018.05.09 11:59:56.762,1.82269,1.82295,1.00,1.25
2018.05.09 11:59:57.272,1.82267,1.82295,1.81,1.00
2018.05.09 11:59:57.802,1.82266,1.82296,1.88,1.00
2018.05.09 11:59:57.853,1.8227,1.82296,1.63,1.00
2018.05.09 11:59:58.361,1.82269,1.82298,1.13,1.50
2018.05.09 11:59:58.498,1.82268,1.82297,1.31,1.88
2018.05.09 11:59:58.600,1.82268,1.82293,1.00,1.00
2018.05.09 11:59:59.281,1.82268,1.82296,1.00,1.25
