2014.05.08 18:00:00.171,1.80431,1.80449,1.00,1.19
2014.05.08 18:00:00.576,1.80431,1.80449,1.00,1.00
2014.05.08 18:00:01.233,1.80432,1.80449,1.10,1.00
2014.05.08 18:00:01.635,1.80434,1.80449,1.10,1.00
2014.05.08 18:00:01.928,1.80434,1.80453,1.58,1.19
2014.05.08 18:00:02.181,1.80438,1.80457,1.00,2.82
2014.05.08 18:00:02.384,1.80438,1.80457,1.00,1.38
2014.05.08 18:00:02.485,1.80442,1.80461,1.00,2.22
2014.05.08 18:00:02.789,1.80445,1.80464,1.00,3.27
2014.05.08 18:00:03.806,1.80445,1.80464,1.00,1.84
2014.05.08 18:00:03.908,1.80441,1.8046,1.00,1.19
2014.05.08 18:00:04.161,1.80443,1.80462,1.00,1.19
2014.05.08 18:00:06.010,1.80443,1.80462,1.00,1.19
2014.05.08 18:00:07.340,1.80443,1.80462,1.00,1.19
2014.05.08 18:00:08.407,1.80446,1.80462,1.10,1.19
2014.05.08 18:00:08.509,1.80444,1.80462,1.10,1.19
2014.05.08 18:00:08.661,1.80446,1.80465,1.00,1.19
2014.05.08 18:00:08.864,1.80446,1.80465,1.00,1.19
2014.05.08 18:00:09.016,1.80448,1.80467,1.00,1.39
2014.05.08 18:00:09.319,1.8045,1.80469,1.00,2.22
2014.05.08 18:00:09.833,1.8045,1.80469,1.00,1.32
2014.05.08 18:00:11.397,1.80451,1.80469,1.10,1.19
2014.05.08 18:00:11.912,1.8045,1.80469,1.58,1.19
2014.05.08 18:00:12.416,1.8045,1.80469,1.58,1.19
2014.05.08 18:00:12.719,1.80452,1.80471,1.00,1.77
2014.05.08 18:00:13.567,1.80452,1.80471,1.00,1.29
2014.05.08 18:00:14.668,1.80452,1.80471,1.00,1.29
2014.05.08 18:00:15.875,1.80452,1.80471,1.00,1.29
2014.05.08 18:00:16.254,1.8045,1.80469,1.58,1.00
2014.05.08 18:00:17.207,1.8045,1.80468,1.00,1.38
2014.05.08 18:00:17.510,1.80443,1.8046,1.00,1.57
2014.05.08 18:00:17.698,1.80443,1.80462,1.00,1.74
2014.05.08 18:00:17.749,1.8044,1.80459,1.58,1.25
2014.05.08 18:00:17.902,1.80443,1.80462,1.00,1.74
2014.05.08 18:00:18.255,1.80445,1.80464,1.00,1.72
2014.05.08 18:00:18.712,1.80445,1.80464,1.00,1.72
2014.05.08 18:00:19.216,1.80445,1.80464,1.00,1.64
2014.05.08 18:00:19.805,1.80445,1.80464,1.00,1.63
2014.05.08 18:00:19.957,1.80448,1.80467,1.00,2.07
2014.05.08 18:00:20.260,1.80452,1.80469,1.10,1.00
2014.05.08 18:00:20.463,1.8045,1.80469,1.50,1.00
2014.05.08 18:00:22.795,1.8045,1.80469,1.00,1.45
2014.05.08 18:00:23.106,1.80444,1.80463,1.00,2.07
2014.05.08 18:00:23.409,1.80444,1.8046,1.00,1.29
2014.05.08 18:00:23.985,1.80444,1.80463,1.00,2.14
2014.05.08 18:00:24.187,1.80445,1.80463,1.10,1.32
2014.05.08 18:00:24.714,1.80444,1.80463,1.00,1.19
2014.05.08 18:00:24.868,1.80446,1.80465,1.00,1.69
2014.05.08 18:00:25.381,1.80446,1.80465,1.00,1.19
2014.05.08 18:00:26.464,1.80446,1.80465,1.00,1.69
2014.05.08 18:00:27.898,1.80446,1.80465,1.00,2.07
2014.05.08 18:00:28.923,1.80446,1.80463,1.00,1.19
2014.05.08 18:00:29.716,1.80446,1.80462,1.00,1.57
2014.05.08 18:00:30.019,1.80446,1.80458,1.00,1.19
2014.05.08 18:00:30.070,1.80442,1.80458,1.00,1.19
2014.05.08 18:00:30.593,1.80442,1.80461,1.00,1.00
2014.05.08 18:00:30.644,1.80444,1.80461,1.10,1.00
2014.05.08 18:00:30.966,1.80448,1.80466,1.00,1.19
2014.05.08 18:00:31.270,1.8045,1.80468,1.00,1.77
2014.05.08 18:00:31.708,1.8045,1.80468,1.00,1.29
2014.05.08 18:00:33.103,1.8045,1.80468,1.00,1.77
2014.05.08 18:00:34.350,1.8045,1.80468,1.00,1.29
2014.05.08 18:00:36.921,1.8045,1.80468,1.00,1.29
2014.05.08 18:00:38.561,1.8045,1.80468,1.00,1.29
2014.05.08 18:00:39.025,1.8045,1.80468,1.00,1.29
2014.05.08 18:00:42.945,1.8045,1.80469,1.00,1.57
2014.05.08 18:00:45.907,1.8045,1.80469,1.00,2.44
2014.05.08 18:00:47.391,1.8045,1.80469,1.00,2.44
2014.05.08 18:00:48.614,1.8045,1.80468,1.00,1.19
2014.05.08 18:00:50.074,1.8045,1.80468,1.00,1.19
2014.05.08 18:00:50.376,1.80447,1.80466,1.58,1.25
2014.05.08 18:00:54.141,1.80447,1.80466,1.58,1.19
2014.05.08 18:00:57.459,1.80447,1.80466,1.58,1.19
2014.05.08 18:00:58.716,1.80447,1.80466,1.58,1.69
2014.05.08 18:01:03.069,1.80447,1.80466,1.58,1.25
2014.05.08 18:01:05.456,1.80447,1.80466,1.58,1.19
2014.05.08 18:01:08.972,1.80445,1.80464,1.58,1.32
2014.05.08 18:01:10.606,1.80445,1.80463,1.00,1.19
2014.05.08 18:01:10.656,1.80443,1.80462,1.00,1.19
2014.05.08 18:01:10.707,1.80443,1.80462,1.58,1.19
2014.05.08 18:01:10.909,1.80445,1.80464,1.00,1.32
2014.05.08 18:01:12.092,1.80445,1.80464,1.00,1.19
2014.05.08 18:01:12.651,1.8045,1.80464,1.10,1.19
2014.05.08 18:01:14.937,1.80448,1.80464,1.10,1.19
2014.05.08 18:01:15.039,1.80448,1.80466,1.10,1.19
2014.05.08 18:01:15.089,1.8045,1.80466,1.10,1.19
2014.05.08 18:01:15.140,1.80452,1.80471,1.00,1.32
2014.05.08 18:01:15.393,1.80459,1.80471,1.10,1.00
2014.05.08 18:01:15.496,1.80455,1.80471,1.10,1.00
2014.05.08 18:01:15.598,1.80456,1.80475,1.00,2.07
2014.05.08 18:01:15.701,1.80458,1.80477,1.00,1.19
2014.05.08 18:01:16.271,1.80459,1.80477,1.10,1.19
2014.05.08 18:01:16.323,1.80459,1.80477,1.10,1.00
2014.05.08 18:01:16.703,1.80461,1.8048,1.00,1.19
2014.05.08 18:01:17.699,1.80461,1.8048,1.00,1.19
2014.05.08 18:01:18.230,1.8046,1.80477,1.10,1.00
2014.05.08 18:01:18.693,1.80458,1.80477,1.00,1.00
2014.05.08 18:01:18.896,1.8046,1.80477,1.10,1.38
2014.05.08 18:01:19.442,1.8046,1.80477,1.10,1.00
2014.05.08 18:01:23.313,1.80458,1.80477,1.58,1.63
2014.05.08 18:01:23.415,1.80456,1.80475,1.00,1.13
2014.05.08 18:01:24.470,1.80456,1.80475,1.00,1.32
2014.05.08 18:01:25.287,1.80453,1.80472,1.00,1.00
2014.05.08 18:01:25.338,1.80453,1.80472,1.00,1.19
2014.05.08 18:01:26.945,1.80452,1.8047,1.10,1.69
2014.05.08 18:01:27.659,1.80452,1.8047,1.10,1.69
2014.05.08 18:01:29.051,1.80452,1.8047,1.10,1.69
2014.05.08 18:01:30.528,1.80451,1.8047,1.00,1.69
2014.05.08 18:01:31.031,1.8045,1.80467,1.10,1.13
2014.05.08 18:01:32.258,1.80448,1.80467,1.58,1.00
2014.05.08 18:01:32.410,1.80448,1.80467,1.58,1.69
2014.05.08 18:01:32.512,1.80448,1.80467,1.00,1.32
2014.05.08 18:01:32.831,1.8045,1.80467,1.10,1.32
2014.05.08 18:01:32.932,1.80448,1.80467,1.58,1.32
2014.05.08 18:01:33.467,1.80448,1.80467,1.58,1.13
2014.05.08 18:01:38.589,1.80448,1.80467,1.58,1.32
2014.05.08 18:01:38.792,1.80448,1.80464,1.00,1.19
2014.05.08 18:01:39.045,1.80445,1.80461,1.00,1.19
2014.05.08 18:01:39.096,1.80445,1.80461,1.00,1.00
2014.05.08 18:01:39.298,1.80446,1.80465,1.00,1.32
2014.05.08 18:01:40.318,1.80446,1.8046,1.00,1.00
2014.05.08 18:01:40.369,1.80443,1.8046,1.00,1.00
2014.05.08 18:01:40.420,1.80443,1.8046,1.00,1.77
2014.05.08 18:01:40.723,1.80436,1.80454,1.00,1.69
2014.05.08 18:01:40.925,1.80439,1.80455,1.00,1.50
2014.05.08 18:01:41.029,1.80444,1.80459,1.00,1.19
2014.05.08 18:01:41.130,1.80444,1.80463,1.00,1.34
2014.05.08 18:01:41.282,1.80444,1.80463,1.58,1.19
2014.05.08 18:01:41.383,1.8045,1.80465,1.10,1.19
2014.05.08 18:01:41.433,1.8045,1.80465,1.10,1.00
2014.05.08 18:01:41.686,1.8045,1.80468,1.10,1.69
2014.05.08 18:01:43.807,1.8045,1.80468,1.10,1.13
2014.05.08 18:01:43.908,1.80452,1.80471,1.00,1.94
2014.05.08 18:01:44.010,1.8045,1.80468,1.10,1.50
2014.05.08 18:01:46.383,1.80449,1.80468,1.00,1.50
2014.05.08 18:01:47.860,1.80451,1.8047,1.00,2.07
2014.05.08 18:01:47.961,1.80451,1.8047,1.00,1.32
2014.05.08 18:01:48.843,1.80451,1.8047,1.00,1.69
2014.05.08 18:01:50.831,1.80449,1.80462,1.00,1.00
2014.05.08 18:01:51.135,1.80449,1.8046,1.00,1.32
2014.05.08 18:01:51.489,1.80444,1.8046,1.00,1.69
2014.05.08 18:01:51.655,1.80444,1.80459,1.00,1.32
2014.05.08 18:01:53.462,1.80441,1.80459,1.00,1.94
2014.05.08 18:01:58.078,1.80441,1.80459,1.00,1.57
2014.05.08 18:01:59.083,1.80441,1.8046,1.00,3.57
2014.05.08 18:02:02.027,1.80441,1.80459,1.00,1.94
2014.05.08 18:02:04.656,1.80441,1.8046,1.00,3.94
2014.05.08 18:02:07.218,1.80444,1.8046,1.00,3.57
2014.05.08 18:02:07.927,1.80444,1.80459,1.00,1.57
2014.05.08 18:02:08.436,1.80439,1.80458,1.00,1.69
2014.05.08 18:02:09.425,1.80436,1.80455,1.10,1.69
2014.05.08 18:02:09.922,1.80436,1.80455,1.10,1.69
2014.05.08 18:02:13.635,1.80436,1.80455,1.10,1.69
2014.05.08 18:02:14.841,1.80436,1.80455,1.10,1.69
2014.05.08 18:02:18.155,1.80436,1.80455,1.10,1.69
2014.05.08 18:02:20.684,1.80439,1.80455,1.18,1.19
2014.05.08 18:02:20.785,1.80439,1.80457,1.73,1.25
2014.05.08 18:02:20.836,1.80444,1.80459,1.00,1.19
2014.05.08 18:02:20.886,1.80444,1.80459,1.00,1.00
2014.05.08 18:02:20.937,1.80444,1.80463,1.00,1.19
2014.05.08 18:02:21.240,1.80449,1.80463,1.10,1.00
2014.05.08 18:02:21.291,1.80449,1.80465,1.10,1.00
2014.05.08 18:02:21.804,1.80449,1.80468,1.58,1.19
2014.05.08 18:02:22.310,1.80449,1.80468,1.58,1.50
2014.05.08 18:02:25.600,1.80449,1.80468,1.58,1.00
2014.05.08 18:02:26.377,1.80452,1.80471,1.00,1.94
2014.05.08 18:02:27.060,1.80452,1.80469,1.00,3.64
2014.05.08 18:02:27.364,1.80443,1.80458,1.00,1.19
2014.05.08 18:02:27.667,1.8044,1.80458,1.00,1.19
2014.05.08 18:02:29.819,1.8044,1.80459,1.00,2.07
2014.05.08 18:02:30.552,1.80443,1.80459,1.10,2.07
2014.05.08 18:02:30.754,1.80449,1.80462,1.10,1.00
2014.05.08 18:02:30.855,1.8045,1.80468,1.00,1.29
2014.05.08 18:02:31.620,1.8045,1.80469,1.00,1.32
2014.05.08 18:02:33.843,1.8045,1.80469,1.00,1.32
2014.05.08 18:02:34.892,1.80453,1.80469,1.10,1.32
2014.05.08 18:02:35.044,1.80453,1.80472,1.58,1.19
2014.05.08 18:02:35.160,1.80455,1.80474,1.58,1.19
2014.05.08 18:02:35.261,1.80455,1.80474,1.58,1.00
2014.05.08 18:02:35.482,1.80459,1.80474,1.10,1.00
2014.05.08 18:02:36.038,1.80457,1.80474,1.10,1.00
2014.05.08 18:02:38.498,1.80457,1.80474,1.20,1.19
2014.05.08 18:02:39.083,1.80458,1.80474,1.10,1.19
2014.05.08 18:02:40.060,1.80458,1.80474,1.10,1.00
2014.05.08 18:02:40.600,1.80457,1.80474,1.20,1.00
2014.05.08 18:02:43.799,1.80457,1.80474,1.20,1.38
2014.05.08 18:02:43.900,1.80455,1.80468,1.08,1.57
2014.05.08 18:02:43.951,1.80452,1.80468,1.08,1.57
2014.05.08 18:02:44.204,1.8045,1.80467,1.00,1.57
2014.05.08 18:02:44.494,1.80454,1.80471,1.00,1.69
2014.05.08 18:02:44.595,1.80454,1.8047,1.00,1.25
2014.05.08 18:02:44.848,1.80454,1.80473,1.00,1.13
2014.05.08 18:02:45.806,1.80456,1.80475,1.00,1.75
2014.05.08 18:02:45.858,1.80456,1.80475,1.00,1.00
2014.05.08 18:02:45.960,1.80456,1.80475,1.00,1.38
2014.05.08 18:02:46.657,1.80456,1.80472,1.10,1.00
2014.05.08 18:02:48.160,1.80454,1.80472,1.00,1.00
2014.05.08 18:02:49.365,1.80456,1.80475,1.00,1.50
2014.05.08 18:02:49.669,1.80458,1.80475,1.10,1.50
2014.05.08 18:02:54.211,1.80458,1.80475,1.10,1.13
2014.05.08 18:02:54.416,1.80459,1.80477,1.00,1.25
2014.05.08 18:02:58.608,1.80459,1.80477,1.00,1.19
2014.05.08 18:02:58.891,1.80459,1.80477,1.00,1.00
2014.05.08 18:03:01.295,1.80459,1.80477,1.00,1.57
2014.05.08 18:03:09.375,1.80459,1.80477,1.00,1.00
2014.05.08 18:03:13.829,1.80459,1.80477,1.00,1.19
2014.05.08 18:03:18.946,1.80459,1.80477,1.00,1.19
2014.05.08 18:03:21.102,1.80459,1.80477,1.00,1.00
2014.05.08 18:03:24.702,1.80459,1.80477,1.00,1.38
2014.05.08 18:03:24.999,1.80459,1.80477,1.00,1.00
2014.05.08 18:03:25.529,1.80459,1.80477,1.00,1.19
2014.05.08 18:03:30.891,1.80459,1.80477,1.00,1.19
2014.05.08 18:03:34.017,1.80459,1.80477,1.00,1.19
2014.05.08 18:03:35.129,1.80459,1.80477,1.00,1.19
2014.05.08 18:03:36.111,1.80459,1.80477,1.00,1.00
2014.05.08 18:03:38.877,1.80459,1.80477,1.00,1.88
2014.05.08 18:03:39.080,1.80452,1.8047,1.00,1.02
2014.05.08 18:03:39.231,1.80452,1.80469,1.00,1.57
2014.05.08 18:03:39.333,1.80452,1.80471,1.00,2.07
2014.05.08 18:03:39.384,1.80454,1.80473,1.00,1.32
2014.05.08 18:03:39.586,1.80457,1.80475,1.00,1.00
2014.05.08 18:03:39.737,1.80459,1.80478,1.00,1.39
2014.05.08 18:03:40.042,1.80462,1.8048,1.00,1.57
2014.05.08 18:03:40.474,1.8046,1.80478,1.00,1.19
2014.05.08 18:03:40.978,1.80463,1.80477,1.00,1.38
2014.05.08 18:03:41.085,1.8046,1.80477,1.00,1.38
2014.05.08 18:03:42.661,1.8046,1.80478,1.00,1.57
2014.05.08 18:03:42.712,1.80463,1.8048,1.00,1.19
2014.05.08 18:03:43.239,1.80463,1.8048,1.50,1.94
2014.05.08 18:03:45.836,1.80463,1.8048,1.00,2.44
2014.05.08 18:03:45.887,1.8046,1.80478,1.00,1.32
2014.05.08 18:03:46.619,1.80463,1.80479,1.00,1.94
2014.05.08 18:03:47.159,1.80463,1.80478,1.00,1.32
2014.05.08 18:03:48.634,1.80463,1.80479,1.00,1.94
2014.05.08 18:03:49.811,1.80463,1.80479,1.00,1.69
2014.05.08 18:03:50.408,1.80463,1.80479,1.00,2.00
2014.05.08 18:03:50.909,1.80463,1.80478,1.58,1.13
2014.05.08 18:03:51.275,1.80463,1.80479,1.00,1.57
2014.05.08 18:03:54.330,1.80468,1.80479,1.58,1.38
2014.05.08 18:03:54.482,1.80475,1.80486,1.10,1.00
2014.05.08 18:03:54.584,1.80475,1.80492,1.58,1.62
2014.05.08 18:03:55.461,1.80475,1.80494,1.58,1.19
2014.05.08 18:03:56.660,1.80475,1.80494,1.58,1.57
2014.05.08 18:03:57.156,1.80475,1.80494,1.00,1.94
2014.05.08 18:03:57.207,1.80473,1.80492,1.58,1.38
2014.05.08 18:04:00.017,1.80473,1.80492,1.58,2.00
2014.05.08 18:04:01.149,1.80478,1.8049,1.10,1.75
2014.05.08 18:04:01.501,1.80475,1.8049,1.10,1.75
2014.05.08 18:04:02.129,1.80473,1.8049,1.10,1.75
2014.05.08 18:04:03.450,1.80477,1.8049,1.10,1.75
2014.05.08 18:04:03.501,1.80479,1.80496,1.00,1.57
2014.05.08 18:04:03.602,1.80477,1.80495,1.10,1.13
2014.05.08 18:04:03.707,1.80481,1.80498,1.10,1.74
2014.05.08 18:04:04.878,1.80481,1.80498,1.10,1.74
2014.05.08 18:04:05.936,1.80481,1.80498,1.10,1.74
2014.05.08 18:04:10.099,1.80481,1.80498,1.10,1.74
2014.05.08 18:04:13.613,1.80481,1.80498,1.10,2.07
2014.05.08 18:04:14.158,1.80481,1.80498,1.10,1.57
2014.05.08 18:04:14.209,1.80483,1.80498,1.10,1.57
2014.05.08 18:04:14.360,1.80486,1.805,1.10,1.00
2014.05.08 18:04:14.411,1.80488,1.80507,1.00,2.59
2014.05.08 18:04:14.462,1.80491,1.80507,1.10,2.22
2014.05.08 18:04:14.666,1.80489,1.80507,1.10,1.32
2014.05.08 18:04:15.620,1.80489,1.80507,1.10,2.07
2014.05.08 18:04:18.130,1.80489,1.80507,1.10,1.47
2014.05.08 18:04:20.869,1.80489,1.80507,1.10,1.47
2014.05.08 18:04:23.260,1.80493,1.80507,1.10,1.18
2014.05.08 18:04:23.310,1.80493,1.80509,1.10,1.19
2014.05.08 18:04:23.412,1.80496,1.80513,1.00,1.72
2014.05.08 18:04:24.419,1.80496,1.80507,1.00,1.00
2014.05.08 18:04:24.520,1.80494,1.80507,1.00,1.50
2014.05.08 18:04:24.571,1.80494,1.80505,1.00,1.25
2014.05.08 18:04:24.621,1.80489,1.80505,1.00,1.25
2014.05.08 18:04:24.723,1.80491,1.80501,1.00,1.38
2014.05.08 18:04:24.824,1.80484,1.80501,1.00,1.45
2014.05.08 18:04:25.359,1.80484,1.80501,1.00,1.78
2014.05.08 18:04:26.568,1.80484,1.80497,1.00,1.38
2014.05.08 18:04:26.619,1.80481,1.80497,1.00,1.57
2014.05.08 18:04:26.670,1.80481,1.80492,1.00,1.50
2014.05.08 18:04:26.720,1.80478,1.80492,1.00,1.50
2014.05.08 18:04:26.923,1.80476,1.80492,1.00,2.44
2014.05.08 18:04:27.024,1.80476,1.80492,1.00,2.59
2014.05.08 18:04:27.327,1.80476,1.80492,1.58,1.00
2014.05.08 18:04:27.428,1.80478,1.80492,1.10,1.00
2014.05.08 18:04:27.479,1.80478,1.80495,1.10,1.02
2014.05.08 18:04:27.993,1.80479,1.80497,1.00,1.34
2014.05.08 18:04:28.182,1.80476,1.80494,1.00,1.13
2014.05.08 18:04:28.233,1.80476,1.80492,1.00,1.00
2014.05.08 18:04:28.536,1.80476,1.80491,1.00,1.18
2014.05.08 18:04:29.006,1.80476,1.80494,1.58,1.00
2014.05.08 18:04:30.326,1.80478,1.80494,1.10,1.00
2014.05.08 18:04:30.427,1.80478,1.80497,1.58,1.20
2014.05.08 18:04:32.201,1.80478,1.80495,1.58,1.13
2014.05.08 18:04:32.519,1.8047,1.80486,1.00,1.32
2014.05.08 18:04:32.671,1.80468,1.80487,1.00,1.95
2014.05.08 18:04:32.772,1.80473,1.80487,1.10,1.95
2014.05.08 18:04:33.280,1.80472,1.80487,1.10,1.58
2014.05.08 18:04:33.331,1.8047,1.80487,1.10,1.20
2014.05.08 18:04:33.432,1.80472,1.8049,1.00,2.22
2014.05.08 18:04:34.510,1.80474,1.8049,1.10,1.28
2014.05.08 18:04:34.745,1.80472,1.8049,1.00,2.03
2014.05.08 18:04:35.480,1.80474,1.8049,1.10,2.03
2014.05.08 18:04:35.592,1.80472,1.8049,1.58,2.03
2014.05.08 18:04:35.744,1.80468,1.80487,1.00,1.67
2014.05.08 18:04:36.147,1.80468,1.80484,1.00,1.32
2014.05.08 18:04:36.664,1.80467,1.80484,1.10,2.82
2014.05.08 18:04:37.236,1.80466,1.80483,1.10,1.19
2014.05.08 18:04:37.574,1.80462,1.80481,1.58,1.57
2014.05.08 18:04:37.725,1.80465,1.80483,1.00,1.19
2014.05.08 18:04:37.877,1.80465,1.80484,1.00,1.50
2014.05.08 18:04:37.928,1.80469,1.80487,1.10,1.47
2014.05.08 18:04:38.267,1.80471,1.80489,1.00,1.09
2014.05.08 18:04:38.545,1.80471,1.8049,1.00,1.75
2014.05.08 18:04:40.421,1.80472,1.8049,1.10,1.75
2014.05.08 18:04:40.956,1.80471,1.8049,1.00,1.75
2014.05.08 18:04:45.276,1.80474,1.80493,1.00,1.88
2014.05.08 18:04:45.427,1.80476,1.80495,1.00,1.67
2014.05.08 18:04:45.932,1.80476,1.80494,1.00,1.32
2014.05.08 18:04:46.958,1.80476,1.80494,1.00,1.32
2014.05.08 18:04:47.160,1.80474,1.80491,1.00,1.94
2014.05.08 18:04:47.261,1.80471,1.8049,1.00,1.94
2014.05.08 18:04:49.498,1.80471,1.80488,1.00,1.32
2014.05.08 18:04:49.701,1.80465,1.80484,1.58,2.89
2014.05.08 18:04:49.922,1.80462,1.80481,1.00,1.94
2014.05.08 18:04:50.854,1.80462,1.80481,1.00,1.57
2014.05.08 18:04:52.011,1.80462,1.80481,1.00,1.94
2014.05.08 18:04:56.060,1.80465,1.80483,1.00,2.82
2014.05.08 18:04:56.313,1.80473,1.8049,1.10,1.00
2014.05.08 18:04:56.414,1.80474,1.80493,1.00,1.29
2014.05.08 18:04:56.896,1.80478,1.80493,1.10,1.29
2014.05.08 18:04:57.506,1.80478,1.80493,1.10,1.67
2014.05.08 18:04:58.119,1.80478,1.80493,1.10,1.29
2014.05.08 18:04:59.390,1.80478,1.80496,1.10,1.69
2014.05.08 18:05:00.009,1.80477,1.80496,1.00,1.69
2014.05.08 18:05:00.469,1.80478,1.80496,1.10,1.00
2014.05.08 18:05:00.520,1.8048,1.80499,1.00,1.19
2014.05.08 18:05:00.831,1.80483,1.80501,1.00,1.19
2014.05.08 18:05:01.347,1.80485,1.80503,1.00,1.37
2014.05.08 18:05:01.398,1.80485,1.80504,1.00,1.47
2014.05.08 18:05:03.708,1.80485,1.80504,1.00,1.32
2014.05.08 18:05:05.790,1.80485,1.80504,1.00,1.32
2014.05.08 18:05:06.994,1.80485,1.80504,1.00,1.32
2014.05.08 18:05:08.300,1.80485,1.80504,1.00,1.32
2014.05.08 18:05:09.403,1.80485,1.80504,1.00,1.32
2014.05.08 18:05:10.723,1.80485,1.80504,1.00,1.32
2014.05.08 18:05:13.119,1.80485,1.80504,1.00,1.32
2014.05.08 18:05:16.365,1.80485,1.80504,1.00,1.32
2014.05.08 18:05:18.749,1.80485,1.80504,1.00,1.32
2014.05.08 18:05:19.749,1.80485,1.80504,1.00,1.32
2014.05.08 18:05:20.856,1.80485,1.80504,1.00,1.32
2014.05.08 18:05:22.386,1.80485,1.80504,1.00,1.32
2014.05.08 18:05:24.108,1.80485,1.80504,1.58,1.32
2014.05.08 18:05:25.493,1.80485,1.80504,1.58,1.32
2014.05.08 18:05:27.213,1.80485,1.80504,1.00,1.32
2014.05.08 18:05:27.748,1.80485,1.80499,1.00,1.69
2014.05.08 18:05:28.017,1.80478,1.80494,1.00,1.19
2014.05.08 18:05:28.069,1.80478,1.80497,1.00,2.14
2014.05.08 18:05:28.222,1.80478,1.80497,1.50,1.32
2014.05.08 18:05:28.373,1.80483,1.805,1.00,1.57
2014.05.08 18:05:29.336,1.80483,1.80502,1.00,2.07
2014.05.08 18:05:29.489,1.80485,1.80504,1.00,1.37
2014.05.08 18:05:30.435,1.80485,1.80504,1.00,1.37
2014.05.08 18:05:33.412,1.80485,1.80504,1.00,1.37
2014.05.08 18:05:35.919,1.80485,1.80504,1.00,1.19
2014.05.08 18:05:36.659,1.80485,1.80498,1.00,1.57
2014.05.08 18:05:36.965,1.80478,1.80495,1.00,1.57
2014.05.08 18:05:38.479,1.80476,1.80494,1.00,1.57
2014.05.08 18:05:38.585,1.80476,1.8049,1.00,1.32
2014.05.08 18:05:40.047,1.80476,1.8049,1.00,1.32
2014.05.08 18:05:40.249,1.80473,1.8049,1.00,1.32
2014.05.08 18:05:41.048,1.80473,1.8049,1.00,1.32
2014.05.08 18:05:52.961,1.80475,1.8049,1.10,2.82
2014.05.08 18:05:53.012,1.80475,1.80492,1.10,1.48
2014.05.08 18:05:53.063,1.80477,1.80496,1.00,1.39
2014.05.08 18:05:53.114,1.80477,1.80495,1.00,1.00
2014.05.08 18:05:53.165,1.8048,1.80495,1.00,1.00
2014.05.08 18:05:53.317,1.80481,1.80499,1.10,1.19
2014.05.08 18:05:53.468,1.80483,1.80501,1.00,1.32
2014.05.08 18:05:54.228,1.80483,1.80501,1.00,1.32
2014.05.08 18:06:00.528,1.80483,1.80501,1.00,1.32
2014.05.08 18:06:02.411,1.80485,1.80504,1.00,2.07
2014.05.08 18:06:02.562,1.80485,1.80504,1.00,1.57
2014.05.08 18:06:03.663,1.80485,1.80504,1.00,1.32
2014.05.08 18:06:08.515,1.80485,1.80504,1.00,1.32
2014.05.08 18:06:13.082,1.80485,1.80504,1.00,1.32
2014.05.08 18:06:19.511,1.80485,1.80504,1.00,1.39
2014.05.08 18:06:21.119,1.80485,1.80504,1.00,1.39
2014.05.08 18:06:22.125,1.80485,1.80504,1.00,1.39
2014.05.08 18:06:25.237,1.80485,1.80504,1.00,1.39
2014.05.08 18:06:27.886,1.80485,1.80502,1.00,1.19
2014.05.08 18:06:28.039,1.80482,1.80501,1.00,1.32
2014.05.08 18:06:29.178,1.80482,1.80501,1.00,1.19
2014.05.08 18:06:29.666,1.8048,1.80499,1.00,1.20
2014.05.08 18:06:31.833,1.8048,1.80499,1.00,2.44
2014.05.08 18:06:31.884,1.80478,1.80497,1.00,1.57
2014.05.08 18:06:31.935,1.80478,1.80497,1.00,2.07
2014.05.08 18:06:32.243,1.80475,1.80492,1.00,1.47
2014.05.08 18:06:34.035,1.80475,1.80493,1.00,1.34
2014.05.08 18:06:34.086,1.80477,1.80495,1.00,1.84
2014.05.08 18:06:34.137,1.80477,1.80495,1.00,1.34
2014.05.08 18:06:34.340,1.80477,1.80496,1.00,1.10
2014.05.08 18:06:34.391,1.80481,1.80496,1.10,1.00
2014.05.08 18:06:34.493,1.80477,1.80496,1.58,1.00
2014.05.08 18:06:34.544,1.80481,1.805,1.00,1.39
2014.05.08 18:06:35.427,1.80481,1.805,1.00,1.77
2014.05.08 18:06:40.532,1.80481,1.805,1.00,1.77
2014.05.08 18:06:51.990,1.80481,1.805,1.00,1.77
2014.05.08 18:06:53.198,1.80481,1.805,1.00,1.77
2014.05.08 18:06:54.272,1.80481,1.805,1.00,2.14
2014.05.08 18:06:55.000,1.80478,1.80497,1.00,1.00
2014.05.08 18:06:57.993,1.80478,1.80497,1.00,1.63
2014.05.08 18:07:14.846,1.80478,1.80497,1.00,1.00
2014.05.08 18:07:16.506,1.80478,1.80495,1.00,1.19
2014.05.08 18:07:16.759,1.80474,1.80493,1.00,1.74
2014.05.08 18:07:17.491,1.80474,1.80492,1.00,1.02
2014.05.08 18:07:17.542,1.80471,1.8049,1.00,1.94
2014.05.08 18:07:18.652,1.8047,1.80488,1.10,1.94
2014.05.08 18:07:19.167,1.80469,1.80488,1.00,1.63
2014.05.08 18:07:19.268,1.80472,1.80491,1.00,1.57
2014.05.08 18:07:19.319,1.80472,1.80491,1.00,1.00
2014.05.08 18:07:19.421,1.80475,1.80494,1.00,1.15
2014.05.08 18:07:19.522,1.80475,1.80494,1.00,1.00
2014.05.08 18:07:19.623,1.80478,1.80497,1.00,1.00
2014.05.08 18:07:20.047,1.80482,1.80497,1.10,1.00
2014.05.08 18:07:20.714,1.80478,1.80497,1.58,1.00
2014.05.08 18:07:25.314,1.80478,1.80497,1.58,1.57
2014.05.08 18:07:25.567,1.80476,1.80495,1.00,2.44
2014.05.08 18:07:25.769,1.80474,1.80493,1.00,1.57
2014.05.08 18:07:26.306,1.80471,1.8049,1.00,1.57
2014.05.08 18:07:26.659,1.80474,1.80493,1.00,2.22
2014.05.08 18:07:30.049,1.80474,1.80493,1.00,2.22
2014.05.08 18:07:34.245,1.80474,1.80493,1.00,1.72
2014.05.08 18:07:38.511,1.80474,1.80492,1.00,1.74
2014.05.08 18:07:38.663,1.80471,1.8049,1.00,1.69
2014.05.08 18:07:40.872,1.80471,1.8049,1.00,1.69
2014.05.08 18:07:41.075,1.80474,1.80493,1.00,1.25
2014.05.08 18:07:41.176,1.80477,1.80496,1.00,1.19
2014.05.08 18:07:41.380,1.80477,1.80496,1.00,1.00
2014.05.08 18:07:41.430,1.8048,1.80496,1.10,1.00
2014.05.08 18:07:41.532,1.8048,1.80499,1.58,1.13
2014.05.08 18:07:41.935,1.80482,1.80499,1.10,1.00
2014.05.08 18:08:08.019,1.80482,1.80501,1.00,1.94
2014.05.08 18:08:10.079,1.80482,1.80501,1.00,1.75
2014.05.08 18:08:12.388,1.80482,1.80501,1.00,1.57
2014.05.08 18:08:12.641,1.80486,1.80505,1.00,1.32
2014.05.08 18:08:12.843,1.80488,1.80507,1.00,1.00
2014.05.08 18:08:13.166,1.8049,1.80507,1.10,1.00
2014.05.08 18:08:13.431,1.80488,1.80507,1.00,1.19
2014.05.08 18:08:13.532,1.80488,1.80507,1.00,1.67
2014.05.08 18:08:13.847,1.80488,1.80505,1.00,1.19
2014.05.08 18:08:14.514,1.80486,1.80504,1.00,1.19
2014.05.08 18:08:15.150,1.80486,1.80504,1.00,2.07
2014.05.08 18:08:15.943,1.80486,1.80504,1.00,2.44
2014.05.08 18:08:16.933,1.80486,1.80503,1.00,1.69
2014.05.08 18:08:20.874,1.80483,1.80502,1.00,2.07
2014.05.08 18:08:21.565,1.80483,1.80502,1.00,1.57
2014.05.08 18:08:22.165,1.80484,1.80502,1.10,1.57
2014.05.08 18:08:23.865,1.80483,1.80502,1.00,1.57
2014.05.08 18:08:24.406,1.80484,1.80502,1.10,1.57
2014.05.08 18:08:24.941,1.80483,1.80502,1.00,1.57
2014.05.08 18:08:26.989,1.80483,1.80502,1.00,1.57
2014.05.08 18:08:29.574,1.80483,1.80502,1.00,2.07
2014.05.08 18:08:29.928,1.80483,1.80502,1.00,1.57
2014.05.08 18:08:29.979,1.80486,1.80502,1.10,1.19
2014.05.08 18:08:30.131,1.80489,1.80506,1.00,1.84
2014.05.08 18:08:30.636,1.8049,1.80508,1.10,1.19
2014.05.08 18:08:30.687,1.80492,1.80509,1.00,1.19
2014.05.08 18:08:31.993,1.80492,1.80511,1.00,2.14
2014.05.08 18:08:34.302,1.80492,1.80511,1.00,1.39
2014.05.08 18:08:35.729,1.80492,1.80511,1.00,1.67
2014.05.08 18:08:38.734,1.80492,1.80509,1.00,1.32
2014.05.08 18:08:39.137,1.80489,1.80508,1.00,1.32
2014.05.08 18:08:39.389,1.80489,1.80508,1.00,2.07
2014.05.08 18:08:39.592,1.80484,1.80503,1.00,1.19
2014.05.08 18:08:39.642,1.80484,1.805,1.00,1.19
2014.05.08 18:08:39.935,1.80478,1.80497,1.00,2.07
2014.05.08 18:08:40.087,1.80478,1.80497,1.58,1.08
2014.05.08 18:08:40.444,1.80484,1.80497,1.10,1.00
2014.05.08 18:08:40.596,1.80484,1.80502,1.10,1.00
2014.05.08 18:08:40.899,1.80486,1.80505,1.00,1.69
2014.05.08 18:08:41.214,1.80482,1.80501,1.58,1.13
2014.05.08 18:08:41.577,1.80482,1.80501,1.58,1.38
2014.05.08 18:08:41.729,1.80482,1.80501,1.58,1.38
2014.05.08 18:08:42.133,1.80485,1.80504,1.00,1.84
2014.05.08 18:08:42.800,1.80487,1.80505,1.00,1.09
2014.05.08 18:08:43.003,1.80482,1.80501,1.58,1.00
2014.05.08 18:08:43.104,1.80487,1.80504,1.00,1.28
2014.05.08 18:08:43.306,1.80483,1.80501,1.10,1.13
2014.05.08 18:08:43.821,1.80484,1.80501,1.10,1.13
2014.05.08 18:08:44.032,1.80482,1.80501,1.00,1.50
2014.05.08 18:08:44.335,1.80482,1.805,1.00,1.37
2014.05.08 18:08:44.597,1.80482,1.80501,1.00,1.28
2014.05.08 18:08:44.748,1.80482,1.80501,1.58,1.13
2014.05.08 18:08:45.203,1.80484,1.80503,1.00,1.19
2014.05.08 18:08:45.971,1.80484,1.80503,1.00,2.44
2014.05.08 18:08:46.275,1.80484,1.805,1.00,1.72
2014.05.08 18:08:46.426,1.80484,1.805,1.00,1.57
2014.05.08 18:08:46.729,1.80484,1.80503,1.00,1.84
2014.05.08 18:08:47.486,1.80484,1.80503,1.00,1.27
2014.05.08 18:08:47.638,1.80487,1.80506,1.00,1.47
2014.05.08 18:08:48.272,1.80487,1.80506,1.00,1.47
2014.05.08 18:08:49.221,1.80487,1.80506,1.00,1.10
2014.05.08 18:08:49.795,1.8049,1.80509,1.00,2.52
2014.05.08 18:08:51.165,1.80491,1.80509,1.10,1.88
2014.05.08 18:08:51.694,1.8049,1.80509,1.58,1.88
2014.05.08 18:08:53.192,1.80491,1.80509,1.10,1.88
2014.05.08 18:08:54.468,1.8049,1.80509,1.00,1.88
2014.05.08 18:08:56.450,1.80491,1.80509,1.10,1.88
2014.05.08 18:08:57.974,1.80491,1.80509,1.10,1.88
2014.05.08 18:08:58.076,1.80488,1.80507,1.00,2.00
2014.05.08 18:08:58.278,1.80488,1.80507,1.00,1.25
2014.05.08 18:08:58.329,1.80488,1.80507,1.00,1.39
2014.05.08 18:08:58.683,1.80488,1.80505,1.00,1.13
2014.05.08 18:08:58.784,1.80489,1.80504,1.10,1.50
2014.05.08 18:08:59.088,1.80487,1.80506,1.58,2.00
2014.05.08 18:09:00.356,1.80488,1.80507,1.00,1.85
2014.05.08 18:09:01.037,1.80485,1.80504,1.00,1.50
2014.05.08 18:09:01.139,1.80488,1.80507,1.00,1.85
2014.05.08 18:09:01.774,1.80489,1.80507,1.10,1.85
2014.05.08 18:09:02.244,1.80491,1.80507,1.10,1.85
2014.05.08 18:09:02.874,1.8049,1.80507,1.10,1.77
2014.05.08 18:09:03.097,1.80488,1.80507,1.00,1.77
2014.05.08 18:09:03.249,1.80488,1.80504,1.00,1.13
2014.05.08 18:09:03.321,1.80484,1.80503,1.58,1.75
2014.05.08 18:09:03.915,1.80484,1.80503,1.58,1.38
2014.05.08 18:09:04.016,1.80489,1.80506,1.10,2.25
2014.05.08 18:09:04.525,1.80489,1.80502,1.10,1.13
2014.05.08 18:09:04.755,1.80484,1.80502,1.00,1.13
2014.05.08 18:09:05.781,1.80487,1.80502,1.00,1.32
2014.05.08 18:09:05.882,1.80483,1.80501,1.00,1.13
2014.05.08 18:09:05.984,1.80483,1.80501,1.00,1.94
2014.05.08 18:09:06.187,1.80479,1.80498,1.00,1.94
2014.05.08 18:09:06.439,1.80476,1.80495,1.00,1.50
2014.05.08 18:09:06.490,1.80476,1.80495,1.00,1.50
2014.05.08 18:09:07.194,1.8048,1.80495,1.00,1.13
2014.05.08 18:09:07.296,1.80476,1.80495,1.00,1.88
2014.05.08 18:09:08.177,1.80478,1.80497,1.00,2.07
2014.05.08 18:09:08.228,1.80478,1.80497,1.00,1.77
2014.05.08 18:09:08.733,1.80478,1.80497,1.00,2.14
2014.05.08 18:09:10.098,1.80478,1.80497,1.00,2.14
2014.05.08 18:09:11.055,1.80481,1.80498,1.00,1.29
2014.05.08 18:09:11.106,1.80481,1.805,1.00,1.57
2014.05.08 18:09:11.157,1.80483,1.80502,1.00,2.22
2014.05.08 18:09:11.510,1.80483,1.80499,1.00,1.57
2014.05.08 18:09:11.712,1.80479,1.80496,1.00,1.32
2014.05.08 18:09:13.615,1.80479,1.80493,1.00,1.77
2014.05.08 18:09:13.819,1.80471,1.80485,1.00,1.69
2014.05.08 18:09:13.869,1.80471,1.80483,1.00,1.27
2014.05.08 18:09:13.921,1.80468,1.80483,1.58,1.74
2014.05.08 18:09:14.023,1.80466,1.80483,1.00,1.74
2014.05.08 18:09:14.124,1.80461,1.80479,1.00,1.63
2014.05.08 18:09:14.175,1.80461,1.80478,1.00,1.39
2014.05.08 18:09:14.478,1.80464,1.8048,1.00,2.14
2014.05.08 18:09:14.781,1.80461,1.80476,1.00,1.47
2014.05.08 18:09:14.882,1.80458,1.80476,1.10,2.22
2014.05.08 18:09:15.604,1.80457,1.80476,1.00,2.22
2014.05.08 18:09:15.656,1.80457,1.80473,1.00,1.19
2014.05.08 18:09:16.182,1.80458,1.80473,1.10,1.19
2014.05.08 18:09:17.145,1.80457,1.80473,1.00,1.19
2014.05.08 18:09:18.359,1.80457,1.80476,1.00,2.22
2014.05.08 18:09:22.057,1.80457,1.80476,1.00,2.22
2014.05.08 18:09:27.983,1.80457,1.80476,1.00,2.22
2014.05.08 18:09:30.591,1.80457,1.80476,1.00,2.22
2014.05.08 18:09:33.760,1.80457,1.80476,1.00,5.02
2014.05.08 18:09:33.912,1.80453,1.80467,1.00,1.25
2014.05.08 18:09:34.157,1.80449,1.80467,1.58,1.02
2014.05.08 18:09:34.916,1.80455,1.8047,1.10,1.19
2014.05.08 18:09:36.315,1.80455,1.80471,1.10,1.19
2014.05.08 18:09:38.673,1.80452,1.80471,1.00,1.19
2014.05.08 18:09:38.724,1.80452,1.8047,1.00,1.37
2014.05.08 18:09:39.078,1.80452,1.8047,1.10,1.77
2014.05.08 18:09:39.331,1.80455,1.80474,1.00,2.07
2014.05.08 18:09:39.634,1.80455,1.80472,1.00,1.32
2014.05.08 18:09:39.888,1.80453,1.80471,1.00,1.19
2014.05.08 18:09:46.062,1.80453,1.80471,1.00,1.00
2014.05.08 18:09:46.113,1.80456,1.80474,1.00,1.38
2014.05.08 18:09:46.416,1.80451,1.8047,1.00,1.69
2014.05.08 18:09:46.567,1.80449,1.80468,1.00,1.19
2014.05.08 18:09:47.072,1.8045,1.80468,1.77,1.00
2014.05.08 18:09:47.123,1.80466,1.80473,1.10,1.00
2014.05.08 18:09:47.325,1.80472,1.80483,1.00,1.00
2014.05.08 18:09:47.426,1.80472,1.80491,1.00,1.32
2014.05.08 18:09:47.477,1.80475,1.80493,1.00,1.02
2014.05.08 18:09:51.008,1.80475,1.80494,1.00,1.74
2014.05.08 18:09:51.109,1.80469,1.80488,1.13,1.19
2014.05.08 18:09:51.311,1.80466,1.80484,1.00,1.19
2014.05.08 18:09:53.547,1.80466,1.80483,1.00,1.19
2014.05.08 18:09:54.326,1.80466,1.80485,1.00,1.58
2014.05.08 18:09:54.428,1.80468,1.80485,1.00,1.10
2014.05.08 18:09:54.738,1.80475,1.80493,1.00,1.72
2014.05.08 18:09:58.133,1.80478,1.80493,1.10,1.08
2014.05.08 18:09:58.234,1.80478,1.80497,1.00,2.82
2014.05.08 18:10:00.281,1.80478,1.80497,1.00,1.32
2014.05.08 18:10:01.282,1.80478,1.80497,1.58,1.47
2014.05.08 18:10:01.745,1.80475,1.80494,1.00,1.19
2014.05.08 18:10:02.261,1.80475,1.80494,1.00,1.19
2014.05.08 18:10:02.781,1.80476,1.80494,1.10,1.19
2014.05.08 18:10:02.832,1.80479,1.80498,1.00,1.39
2014.05.08 18:10:02.883,1.80479,1.80498,1.00,1.33
2014.05.08 18:10:02.984,1.80481,1.805,1.00,1.69
2014.05.08 18:10:03.288,1.80478,1.80497,1.00,1.29
2014.05.08 18:10:03.389,1.80476,1.80495,1.58,1.19
2014.05.08 18:10:04.572,1.80476,1.80495,1.00,1.19
2014.05.08 18:10:05.007,1.80477,1.80495,1.10,1.00
2014.05.08 18:10:05.058,1.80479,1.80498,1.00,1.19
2014.05.08 18:10:05.109,1.80479,1.80498,1.00,1.00
2014.05.08 18:10:05.160,1.80479,1.80498,1.08,1.00
2014.05.08 18:10:05.261,1.80483,1.80501,1.10,1.00
2014.05.08 18:10:05.842,1.80484,1.80503,1.00,1.19
2014.05.08 18:10:06.371,1.80484,1.80503,1.00,1.00
2014.05.08 18:10:07.570,1.80487,1.80505,1.00,1.00
2014.05.08 18:10:12.096,1.80487,1.80505,1.00,1.19
2014.05.08 18:10:15.110,1.80487,1.80505,1.00,1.19
2014.05.08 18:10:16.416,1.80487,1.80505,1.00,1.19
2014.05.08 18:10:17.720,1.80487,1.80505,1.00,1.25
2014.05.08 18:10:18.694,1.80484,1.80503,1.00,1.00
2014.05.08 18:10:19.299,1.80484,1.80503,1.00,1.39
2014.05.08 18:10:19.931,1.80484,1.80503,1.00,1.00
2014.05.08 18:10:24.976,1.80486,1.80505,1.00,1.29
2014.05.08 18:10:25.951,1.80486,1.80505,1.00,1.02
2014.05.08 18:10:30.870,1.80486,1.80505,1.00,1.29
2014.05.08 18:10:34.307,1.80486,1.80505,1.00,1.10
2014.05.08 18:10:34.409,1.80489,1.80508,1.00,1.40
2014.05.08 18:10:34.459,1.80489,1.80508,1.00,1.02
2014.05.08 18:10:34.662,1.80492,1.8051,1.58,1.34
2014.05.08 18:10:34.864,1.80492,1.8051,1.00,1.00
2014.05.08 18:10:34.966,1.80495,1.80513,1.00,1.19
2014.05.08 18:10:35.320,1.80498,1.80513,1.10,1.08
2014.05.08 18:10:35.371,1.80498,1.80513,1.10,1.00
2014.05.08 18:10:35.422,1.80504,1.80517,1.10,1.00
2014.05.08 18:10:35.624,1.80498,1.80517,1.00,1.00
2014.05.08 18:10:35.726,1.80502,1.80515,1.00,1.19
2014.05.08 18:10:35.978,1.80495,1.80513,1.00,1.34
2014.05.08 18:10:36.080,1.80493,1.80511,1.00,1.37
2014.05.08 18:10:36.382,1.80496,1.80514,1.00,1.19
2014.05.08 18:10:36.911,1.80496,1.80514,1.25,1.00
2014.05.08 18:10:37.063,1.80499,1.80517,1.00,1.32
2014.05.08 18:10:37.367,1.80502,1.8052,1.00,1.19
2014.05.08 18:10:38.115,1.80502,1.8052,1.00,1.00
2014.05.08 18:10:38.231,1.80505,1.80523,1.00,1.34
2014.05.08 18:10:38.485,1.80508,1.80526,1.00,1.19
2014.05.08 18:10:38.840,1.8051,1.80529,1.00,1.40
2014.05.08 18:10:39.163,1.8051,1.80527,1.00,1.02
2014.05.08 18:10:39.466,1.80508,1.80523,1.00,1.74
2014.05.08 18:10:39.618,1.80505,1.80523,1.00,1.74
2014.05.08 18:10:39.719,1.80503,1.80522,1.00,1.67
2014.05.08 18:10:40.375,1.80503,1.80522,1.00,1.25
2014.05.08 18:10:40.477,1.80505,1.80524,1.00,1.34
2014.05.08 18:10:40.784,1.80508,1.80526,1.00,1.19
2014.05.08 18:10:40.835,1.80508,1.80526,1.00,1.25
2014.05.08 18:10:41.240,1.80511,1.80529,1.00,1.15
2014.05.08 18:10:41.901,1.80511,1.80529,1.00,1.72
2014.05.08 18:10:42.477,1.80511,1.80529,1.00,1.47
2014.05.08 18:10:43.183,1.80511,1.80529,1.00,1.15
2014.05.08 18:10:43.335,1.80513,1.80532,1.00,2.89
2014.05.08 18:10:43.486,1.80513,1.80532,1.00,2.14
2014.05.08 18:10:47.092,1.80513,1.80532,1.00,1.85
2014.05.08 18:10:47.395,1.8051,1.80528,1.00,2.67
2014.05.08 18:10:47.907,1.8051,1.80528,1.00,1.37
2014.05.08 18:10:48.577,1.8051,1.80528,1.00,1.00
2014.05.08 18:10:51.371,1.80513,1.80531,1.00,1.47
2014.05.08 18:10:57.820,1.80513,1.80531,1.00,1.20
2014.05.08 18:11:02.929,1.80513,1.80531,1.00,1.50
2014.05.08 18:11:03.031,1.80509,1.80528,1.00,1.57
2014.05.08 18:11:03.082,1.80509,1.80528,1.00,1.94
2014.05.08 18:11:03.335,1.80503,1.80522,1.00,1.57
2014.05.08 18:11:03.487,1.80506,1.80525,1.00,2.97
2014.05.08 18:11:03.689,1.80503,1.80522,1.00,1.67
2014.05.08 18:11:03.891,1.80505,1.80524,1.00,1.27
2014.05.08 18:11:04.538,1.80505,1.80524,1.00,1.00
2014.05.08 18:11:04.690,1.80508,1.80527,1.00,1.37
2014.05.08 18:11:05.669,1.80508,1.80527,1.00,1.09
2014.05.08 18:11:07.668,1.80508,1.80527,1.00,1.25
2014.05.08 18:11:07.972,1.8051,1.80529,1.00,1.00
2014.05.08 18:11:08.693,1.80511,1.80529,1.10,1.00
2014.05.08 18:11:09.198,1.8051,1.80529,1.00,1.00
2014.05.08 18:11:10.230,1.80513,1.80529,1.10,1.00
2014.05.08 18:11:12.311,1.80511,1.80529,1.10,1.00
2014.05.08 18:11:14.264,1.8051,1.80529,1.00,1.00
2014.05.08 18:11:15.584,1.80513,1.80532,1.00,1.19
2014.05.08 18:11:15.888,1.80513,1.80528,1.00,1.29
2014.05.08 18:11:16.141,1.8051,1.80528,1.00,1.29
2014.05.08 18:11:16.570,1.80507,1.80526,1.00,1.19
2014.05.08 18:11:18.793,1.80507,1.80526,1.00,1.19
2014.05.08 18:11:19.616,1.80507,1.80526,1.00,1.25
2014.05.08 18:11:19.667,1.80509,1.80526,1.10,1.25
2014.05.08 18:11:20.008,1.80511,1.80528,1.10,1.00
2014.05.08 18:11:20.216,1.80509,1.80528,1.58,1.00
2014.05.08 18:11:20.317,1.80509,1.80528,1.58,1.19
2014.05.08 18:11:20.622,1.80509,1.80526,1.00,1.19
2014.05.08 18:11:21.953,1.80509,1.80527,1.00,1.29
2014.05.08 18:11:22.820,1.80506,1.80525,1.00,1.19
2014.05.08 18:11:23.123,1.80506,1.80525,1.00,1.25
2014.05.08 18:11:23.174,1.80508,1.80527,1.00,1.29
2014.05.08 18:11:23.325,1.80508,1.80527,1.00,1.10
2014.05.08 18:11:23.831,1.80509,1.80527,1.10,1.10
2014.05.08 18:11:24.324,1.80508,1.80526,1.00,1.19
2014.05.08 18:11:24.805,1.80506,1.80525,1.00,2.29
2014.05.08 18:11:25.353,1.80503,1.80522,1.00,1.57
2014.05.08 18:11:25.627,1.80503,1.80522,1.00,2.07
2014.05.08 18:11:26.332,1.80503,1.80522,1.00,1.57
2014.05.08 18:11:26.696,1.80507,1.80523,1.00,1.29
2014.05.08 18:11:27.464,1.80507,1.80526,1.00,1.34
2014.05.08 18:11:27.799,1.80509,1.80528,1.00,1.84
2014.05.08 18:11:32.856,1.80509,1.80527,1.00,1.29
2014.05.08 18:11:34.479,1.80509,1.80527,1.00,1.29
2014.05.08 18:11:38.200,1.80509,1.80528,1.00,1.84
2014.05.08 18:11:38.713,1.80509,1.80528,1.58,1.37
2014.05.08 18:11:38.964,1.80513,1.80528,1.10,1.00
2014.05.08 18:11:40.840,1.80515,1.80528,1.10,1.00
2014.05.08 18:11:40.891,1.80515,1.80531,1.10,1.13
2014.05.08 18:11:42.098,1.80515,1.80534,1.58,1.32
2014.05.08 18:11:42.835,1.80513,1.80532,1.00,1.63
2014.05.08 18:11:43.411,1.80514,1.80532,1.10,1.19
2014.05.08 18:11:44.239,1.80514,1.80532,1.10,1.00
2014.05.08 18:11:44.744,1.80514,1.80532,1.10,1.50
2014.05.08 18:11:45.459,1.80513,1.80532,1.00,1.50
2014.05.08 18:11:45.824,1.80513,1.80531,1.00,1.32
2014.05.08 18:11:46.026,1.80511,1.8053,1.00,1.64
2014.05.08 18:11:46.127,1.80508,1.80527,1.00,1.27
2014.05.08 18:11:46.439,1.80508,1.80527,1.00,1.84
2014.05.08 18:11:47.267,1.8051,1.80527,1.00,1.37
2014.05.08 18:11:47.318,1.8051,1.80529,1.00,1.72
2014.05.08 18:11:47.649,1.80516,1.80529,1.10,1.29
2014.05.08 18:11:47.901,1.80512,1.80531,1.00,1.34
2014.05.08 18:11:48.437,1.80515,1.80532,1.00,1.34
2014.05.08 18:11:48.622,1.80515,1.80534,1.00,2.14
2014.05.08 18:11:50.479,1.80515,1.80534,1.00,1.74
2014.05.08 18:11:51.479,1.80515,1.80534,1.00,1.74
2014.05.08 18:11:54.449,1.80515,1.80534,1.00,1.74
2014.05.08 18:11:54.550,1.80515,1.80531,1.00,1.57
2014.05.08 18:11:54.601,1.80512,1.80531,1.00,2.07
2014.05.08 18:11:56.176,1.80512,1.80528,1.00,1.19
2014.05.08 18:11:56.378,1.80512,1.80531,1.00,1.57
2014.05.08 18:11:57.402,1.80512,1.8053,1.00,1.57
2014.05.08 18:11:58.363,1.80512,1.8053,1.00,2.22
2014.05.08 18:11:58.592,1.80512,1.8053,1.00,1.19
2014.05.08 18:11:58.642,1.80513,1.8053,1.08,1.19
2014.05.08 18:11:58.695,1.8052,1.80535,1.58,2.44
2014.05.08 18:11:58.897,1.80522,1.8054,1.00,1.19
2014.05.08 18:11:59.100,1.80523,1.80541,1.10,1.19
2014.05.08 18:11:59.352,1.80521,1.80539,1.10,1.25
2014.05.08 18:11:59.403,1.80523,1.80539,1.10,1.00
2014.05.08 18:11:59.454,1.80523,1.80541,1.10,1.00
2014.05.08 18:12:00.174,1.80524,1.80541,1.10,1.00
2014.05.08 18:12:01.138,1.80525,1.80541,1.10,1.00
2014.05.08 18:12:01.240,1.80525,1.80543,1.58,1.00
2014.05.08 18:12:02.588,1.80525,1.80543,1.00,1.19
2014.05.08 18:12:03.738,1.80525,1.80543,1.00,1.19
2014.05.08 18:12:05.844,1.80524,1.80541,1.10,1.25
2014.05.08 18:12:08.343,1.80526,1.80545,1.00,1.20
2014.05.08 18:12:08.393,1.80532,1.80545,1.10,1.20
2014.05.08 18:12:08.545,1.80528,1.80547,1.58,1.19
2014.05.08 18:12:08.800,1.80525,1.80543,1.00,1.00
2014.05.08 18:12:09.471,1.80524,1.80541,1.10,1.00
2014.05.08 18:12:10.404,1.80526,1.80541,1.10,1.00
2014.05.08 18:12:10.455,1.80526,1.80545,1.58,1.32
2014.05.08 18:12:10.625,1.80526,1.80545,1.77,1.00
2014.05.08 18:12:10.726,1.80532,1.80545,1.10,1.00
2014.05.08 18:12:11.036,1.8053,1.80545,1.10,1.00
2014.05.08 18:12:11.676,1.8053,1.80548,1.10,1.32
2014.05.08 18:12:12.305,1.80529,1.80548,1.00,1.32
2014.05.08 18:12:15.476,1.8053,1.80548,1.02,1.00
2014.05.08 18:12:15.577,1.80532,1.80551,1.00,1.00
2014.05.08 18:12:15.628,1.80534,1.80553,1.00,1.02
2014.05.08 18:12:15.981,1.80533,1.8055,1.10,1.00
2014.05.08 18:12:16.183,1.80538,1.80557,1.58,1.08
2014.05.08 18:12:16.234,1.80544,1.80557,1.10,1.00
2014.05.08 18:12:16.335,1.80544,1.8056,1.10,1.10
2014.05.08 18:12:16.840,1.8054,1.80559,1.00,1.50
2014.05.08 18:12:17.405,1.8054,1.80559,1.00,2.25
2014.05.08 18:12:17.610,1.80536,1.80555,1.58,1.15
2014.05.08 18:12:18.118,1.80537,1.80555,1.10,1.34
2014.05.08 18:12:18.993,1.80536,1.80555,1.58,1.40
2014.05.08 18:12:19.949,1.80537,1.80555,1.10,1.40
2014.05.08 18:12:21.540,1.80539,1.80558,1.00,1.57
2014.05.08 18:12:21.844,1.80541,1.80559,1.00,1.32
2014.05.08 18:12:22.531,1.80539,1.80558,1.00,1.19
2014.05.08 18:12:23.984,1.80539,1.80558,1.00,1.19
2014.05.08 18:12:24.991,1.80539,1.80558,1.00,1.19
2014.05.08 18:12:26.547,1.80539,1.80558,1.00,1.57
2014.05.08 18:12:27.710,1.80539,1.80558,1.00,1.19
2014.05.08 18:12:32.463,1.80539,1.80556,1.00,1.32
2014.05.08 18:12:32.760,1.80536,1.80555,1.00,1.19
2014.05.08 18:12:33.574,1.80538,1.80556,1.00,1.19
2014.05.08 18:12:33.985,1.80538,1.80557,1.00,1.19
2014.05.08 18:12:35.461,1.80538,1.80557,1.00,1.19
2014.05.08 18:12:36.551,1.80538,1.80557,1.00,1.19
2014.05.08 18:12:40.111,1.80538,1.80557,1.00,1.19
2014.05.08 18:12:40.638,1.80536,1.80555,1.10,1.19
2014.05.08 18:12:40.790,1.80536,1.80555,1.00,2.07
2014.05.08 18:12:41.103,1.80536,1.80552,1.10,1.69
2014.05.08 18:12:41.204,1.80536,1.80552,1.10,1.19
2014.05.08 18:12:41.407,1.80536,1.80552,1.10,1.25
2014.05.08 18:12:42.396,1.80536,1.80552,1.10,1.19
2014.05.08 18:12:42.786,1.80536,1.80552,1.10,1.00
2014.05.08 18:12:42.895,1.80533,1.80552,1.00,1.00
2014.05.08 18:12:42.996,1.80537,1.80552,1.10,1.18
2014.05.08 18:12:43.148,1.80537,1.80555,1.10,1.25
2014.05.08 18:12:44.305,1.80536,1.80555,1.58,1.00
2014.05.08 18:12:44.457,1.80536,1.80553,1.10,1.00
2014.05.08 18:12:44.760,1.80535,1.80551,1.10,1.00
2014.05.08 18:12:48.241,1.80534,1.80551,1.10,1.00
2014.05.08 18:12:49.155,1.80535,1.80551,1.10,1.25
2014.05.08 18:12:51.733,1.80538,1.80551,1.10,1.25
2014.05.08 18:12:51.995,1.80538,1.80554,1.10,1.25
2014.05.08 18:12:52.579,1.80537,1.80554,1.10,1.25
2014.05.08 18:12:57.391,1.80537,1.80554,1.10,1.19
2014.05.08 18:12:57.899,1.80536,1.80554,1.10,1.19
2014.05.08 18:12:59.599,1.80536,1.80554,1.10,1.25
2014.05.08 18:13:00.148,1.80537,1.80554,1.10,1.25
2014.05.08 18:13:00.974,1.80537,1.80554,1.10,1.19
2014.05.08 18:13:01.528,1.80536,1.80554,1.10,1.19
2014.05.08 18:13:02.029,1.80536,1.80554,1.10,1.25
2014.05.08 18:13:02.848,1.80537,1.80554,1.10,1.00
2014.05.08 18:13:05.615,1.80538,1.80557,1.00,1.10
2014.05.08 18:13:06.128,1.80539,1.80557,1.10,1.00
2014.05.08 18:13:06.698,1.8054,1.80557,1.10,1.00
2014.05.08 18:13:17.989,1.80541,1.80557,1.10,1.00
2014.05.08 18:13:22.247,1.8054,1.80557,1.10,1.00
2014.05.08 18:13:30.079,1.8054,1.80559,1.58,1.00
2014.05.08 18:13:30.250,1.80543,1.80565,1.00,1.47
2014.05.08 18:13:31.206,1.80543,1.80565,1.00,1.47
2014.05.08 18:13:35.095,1.80543,1.80564,1.00,1.29
2014.05.08 18:13:40.536,1.80543,1.80564,1.00,1.29
2014.05.08 18:13:41.670,1.80543,1.80564,1.00,1.29
2014.05.08 18:13:46.144,1.80543,1.80566,1.00,1.84
2014.05.08 18:13:46.971,1.80543,1.80566,1.00,1.34
2014.05.08 18:13:47.073,1.8055,1.80568,1.00,1.67
2014.05.08 18:13:47.376,1.80553,1.80573,1.00,2.44
2014.05.08 18:13:48.327,1.80555,1.80573,1.00,1.19
2014.05.08 18:13:48.378,1.80555,1.80575,1.00,1.74
2014.05.08 18:13:49.285,1.80553,1.80574,1.00,1.74
2014.05.08 18:13:49.437,1.80553,1.80572,1.00,1.72
2014.05.08 18:13:49.538,1.80551,1.8057,1.00,2.22
2014.05.08 18:13:49.640,1.80549,1.8057,1.00,2.14
2014.05.08 18:13:49.741,1.80551,1.8057,1.00,1.39
2014.05.08 18:13:50.273,1.80551,1.80572,1.00,1.72
2014.05.08 18:13:50.786,1.80551,1.8057,1.00,1.19
2014.05.08 18:13:50.896,1.80556,1.8057,1.10,1.00
2014.05.08 18:13:50.947,1.80556,1.80573,1.10,1.39
2014.05.08 18:13:51.250,1.80556,1.80574,1.10,1.00
2014.05.08 18:13:51.756,1.80557,1.80579,1.00,1.29
2014.05.08 18:13:53.387,1.80557,1.80576,1.00,1.00
2014.05.08 18:13:53.438,1.80562,1.80576,1.10,1.00
2014.05.08 18:13:53.488,1.80562,1.80578,1.10,1.00
2014.05.08 18:13:54.019,1.80562,1.80581,1.58,1.19
2014.05.08 18:13:54.492,1.80562,1.80581,1.58,1.25
2014.05.08 18:13:54.798,1.80562,1.80581,1.58,1.69
2014.05.08 18:13:55.101,1.80553,1.80572,1.00,1.19
2014.05.08 18:13:55.256,1.80553,1.8057,1.00,1.54
2014.05.08 18:13:55.358,1.80549,1.80568,1.00,1.84
2014.05.08 18:13:55.460,1.80546,1.80565,1.00,1.47
2014.05.08 18:13:56.089,1.80544,1.80563,1.00,1.00
2014.05.08 18:13:56.662,1.80544,1.80563,1.00,1.32
2014.05.08 18:13:57.703,1.80544,1.80563,1.00,1.32
2014.05.08 18:13:58.703,1.80544,1.80563,1.00,1.32
2014.05.08 18:14:00.915,1.80544,1.80563,1.00,1.19
2014.05.08 18:14:02.040,1.80544,1.80563,1.00,1.19
2014.05.08 18:14:03.128,1.80544,1.80562,1.00,2.07
2014.05.08 18:14:03.180,1.80541,1.8056,1.58,1.37
2014.05.08 18:14:03.231,1.80541,1.80558,1.00,1.19
2014.05.08 18:14:03.492,1.80538,1.80557,1.00,1.32
2014.05.08 18:14:03.594,1.80536,1.80555,1.00,1.19
2014.05.08 18:14:04.263,1.80536,1.80555,1.00,1.19
2014.05.08 18:14:04.843,1.80536,1.80555,1.00,1.19
2014.05.08 18:14:05.407,1.80541,1.80555,1.10,1.19
2014.05.08 18:14:05.922,1.8054,1.80555,1.10,1.00
2014.05.08 18:14:06.432,1.80539,1.80555,1.10,1.00
2014.05.08 18:14:07.733,1.80537,1.80555,1.10,1.00
2014.05.08 18:14:11.152,1.80541,1.80555,1.10,1.00
2014.05.08 18:14:12.591,1.80539,1.80555,1.10,1.25
2014.05.08 18:14:13.587,1.80539,1.80555,1.10,1.19
2014.05.08 18:14:14.590,1.80539,1.80555,1.10,1.19
2014.05.08 18:14:17.426,1.8054,1.80555,1.10,1.19
2014.05.08 18:14:18.504,1.8054,1.80555,1.10,1.19
2014.05.08 18:14:19.506,1.8054,1.80555,1.10,1.19
2014.05.08 18:14:21.145,1.80536,1.80555,1.58,1.19
2014.05.08 18:14:21.347,1.80536,1.80552,1.10,1.19
2014.05.08 18:14:21.398,1.80533,1.80552,1.00,1.19
2014.05.08 18:14:21.802,1.8053,1.80549,1.58,1.00
2014.05.08 18:14:21.953,1.80532,1.80549,1.10,1.00
2014.05.08 18:14:22.309,1.80529,1.80546,1.10,1.25
2014.05.08 18:14:27.484,1.80529,1.80546,1.10,1.19
2014.05.08 18:14:28.785,1.80529,1.80546,1.10,1.19
2014.05.08 18:14:30.542,1.8053,1.80549,1.00,1.19
2014.05.08 18:14:32.281,1.8053,1.80549,1.00,1.19
2014.05.08 18:14:33.527,1.8053,1.80549,1.00,1.19
2014.05.08 18:14:35.028,1.8053,1.80549,1.00,1.19
2014.05.08 18:14:36.341,1.8053,1.80549,1.00,1.19
2014.05.08 18:14:38.106,1.8053,1.80549,1.00,1.19
2014.05.08 18:14:38.958,1.80526,1.80545,1.00,2.44
2014.05.08 18:14:39.060,1.80522,1.80541,1.00,1.19
2014.05.08 18:14:39.161,1.80522,1.80541,1.00,1.69
2014.05.08 18:14:39.313,1.8052,1.80539,1.00,1.19
2014.05.08 18:14:42.697,1.80518,1.80537,1.00,1.29
2014.05.08 18:14:43.440,1.80518,1.80537,1.00,1.29
2014.05.08 18:14:44.468,1.80518,1.80537,1.00,1.29
2014.05.08 18:14:46.167,1.80518,1.80537,1.00,1.19
2014.05.08 18:14:47.084,1.80521,1.8054,1.00,1.69
2014.05.08 18:14:47.186,1.80521,1.8054,1.28,1.19
2014.05.08 18:14:47.236,1.80524,1.80543,1.00,1.19
2014.05.08 18:14:47.287,1.80524,1.80543,1.19,1.00
2014.05.08 18:14:47.338,1.80527,1.80546,1.00,1.69
2014.05.08 18:14:47.641,1.80531,1.8055,1.00,1.84
2014.05.08 18:14:48.655,1.80531,1.8055,1.00,1.19
2014.05.08 18:14:49.599,1.80531,1.8055,1.00,1.19
2014.05.08 18:14:50.104,1.80531,1.8055,1.00,1.19
2014.05.08 18:14:50.874,1.80536,1.8055,1.10,1.00
2014.05.08 18:14:51.076,1.80536,1.80553,1.10,1.19
2014.05.08 18:14:52.417,1.80536,1.80555,1.00,1.19
2014.05.08 18:14:54.285,1.80536,1.80555,1.00,1.19
2014.05.08 18:14:55.540,1.80536,1.80555,1.00,1.19
2014.05.08 18:14:57.529,1.80536,1.80555,1.00,1.19
2014.05.08 18:15:03.016,1.80536,1.80555,1.00,1.19
2014.05.08 18:15:04.122,1.80536,1.80555,1.00,1.19
2014.05.08 18:15:06.374,1.80538,1.80555,1.10,1.19
2014.05.08 18:15:06.576,1.80535,1.80554,1.00,1.19
2014.05.08 18:15:06.677,1.80539,1.80557,1.00,1.32
2014.05.08 18:15:08.458,1.80539,1.80558,1.00,2.14
2014.05.08 18:15:10.581,1.80539,1.80557,1.00,1.32
2014.05.08 18:15:11.840,1.80536,1.80555,1.00,1.19
2014.05.08 18:15:14.854,1.80536,1.80555,1.00,1.19
2014.05.08 18:15:17.164,1.80536,1.80555,1.00,1.19
2014.05.08 18:15:18.167,1.80536,1.80555,1.00,1.19
2014.05.08 18:15:18.909,1.80539,1.80558,1.00,2.14
2014.05.08 18:15:19.685,1.80539,1.80556,1.00,1.19
2014.05.08 18:15:20.886,1.80536,1.80555,1.00,1.57
2014.05.08 18:15:21.120,1.80536,1.80555,1.00,1.19
2014.05.08 18:15:23.210,1.80536,1.80555,1.00,1.37
2014.05.08 18:15:26.111,1.80536,1.80554,1.00,1.29
2014.05.08 18:15:26.212,1.80536,1.80555,1.00,1.37
2014.05.08 18:15:26.313,1.80536,1.80555,1.00,1.00
2014.05.08 18:15:26.465,1.80539,1.80558,1.00,1.29
2014.05.08 18:15:26.970,1.80545,1.80558,1.10,1.00
2014.05.08 18:15:27.021,1.80545,1.80561,1.10,1.00
2014.05.08 18:15:27.273,1.80545,1.80563,1.10,1.00
2014.05.08 18:15:28.329,1.80546,1.80565,1.00,1.00
2014.05.08 18:15:30.244,1.80548,1.80567,1.58,1.00
2014.05.08 18:15:30.547,1.80552,1.80571,1.00,1.39
2014.05.08 18:15:34.599,1.80554,1.80573,1.00,1.34
2014.05.08 18:15:36.753,1.80554,1.80573,1.00,1.34
2014.05.08 18:15:37.856,1.80554,1.80573,1.00,1.34
2014.05.08 18:15:40.681,1.80554,1.80573,1.00,1.34
2014.05.08 18:15:41.851,1.80554,1.80573,1.00,1.19
2014.05.08 18:15:44.583,1.80554,1.80573,1.00,1.19
2014.05.08 18:15:45.993,1.80554,1.80573,1.00,1.19
2014.05.08 18:15:48.633,1.80554,1.80573,1.00,1.19
2014.05.08 18:15:49.051,1.80557,1.80576,1.00,1.74
2014.05.08 18:15:49.953,1.80557,1.80576,1.00,2.22
2014.05.08 18:15:53.945,1.80557,1.80576,1.00,1.74
2014.05.08 18:15:54.148,1.80557,1.80576,1.19,1.18
2014.05.08 18:15:54.199,1.8056,1.80579,1.00,1.29
2014.05.08 18:15:54.401,1.80568,1.80582,1.10,2.25
2014.05.08 18:15:54.654,1.80571,1.8059,1.00,2.22
2014.05.08 18:15:54.755,1.80569,1.80588,1.00,1.55
2014.05.08 18:15:54.825,1.80569,1.80588,1.00,1.74
2014.05.08 18:15:54.977,1.80566,1.80582,1.00,1.00
2014.05.08 18:15:55.078,1.80563,1.80582,1.00,1.50
2014.05.08 18:15:55.128,1.80563,1.80577,1.00,1.00
2014.05.08 18:15:55.431,1.80563,1.80572,1.00,1.19
2014.05.08 18:15:55.533,1.80552,1.80571,1.38,1.37
2014.05.08 18:15:55.634,1.80552,1.80571,1.00,1.37
2014.05.08 18:15:55.735,1.80549,1.80568,1.00,1.25
2014.05.08 18:15:56.270,1.8055,1.80568,1.00,1.25
2014.05.08 18:15:56.774,1.80549,1.80568,1.00,1.25
2014.05.08 18:15:57.149,1.80547,1.80565,1.10,1.00
2014.05.08 18:16:00.540,1.80553,1.80565,1.10,1.00
2014.05.08 18:16:00.591,1.80553,1.80568,1.10,1.00
2014.05.08 18:16:00.692,1.80556,1.80568,1.10,1.00
2014.05.08 18:16:00.793,1.80556,1.80573,1.10,1.15
2014.05.08 18:16:00.844,1.80556,1.80573,1.10,1.00
2014.05.08 18:16:00.895,1.80564,1.80573,1.10,1.00
2014.05.08 18:16:01.047,1.80564,1.80576,1.10,1.00
2014.05.08 18:16:01.250,1.80557,1.80576,1.00,1.00
2014.05.08 18:16:01.615,1.80555,1.80574,1.00,1.00
2014.05.08 18:16:02.222,1.80562,1.80577,1.10,1.00
2014.05.08 18:16:02.526,1.80567,1.80577,1.10,1.00
2014.05.08 18:16:02.881,1.80558,1.80577,1.00,1.50
2014.05.08 18:16:03.088,1.80558,1.80577,1.00,1.69
2014.05.08 18:16:03.765,1.80555,1.80574,1.00,1.25
2014.05.08 18:16:04.402,1.80555,1.80574,1.00,1.19
2014.05.08 18:16:04.452,1.80554,1.80571,1.10,1.00
2014.05.08 18:16:04.811,1.80554,1.80571,1.10,1.19
2014.05.08 18:16:04.862,1.80552,1.80571,1.00,1.19
2014.05.08 18:16:05.801,1.80552,1.80571,1.00,1.25
2014.05.08 18:16:05.953,1.80552,1.80571,1.00,1.40
2014.05.08 18:16:06.055,1.80552,1.80571,1.00,1.25
2014.05.08 18:16:06.106,1.8055,1.80569,1.00,1.00
2014.05.08 18:16:06.795,1.8055,1.80562,1.00,1.00
2014.05.08 18:16:06.846,1.80548,1.80562,1.10,1.00
2014.05.08 18:16:07.352,1.80548,1.80562,1.10,1.32
2014.05.08 18:16:08.568,1.80549,1.80562,1.10,1.32
2014.05.08 18:16:09.079,1.80549,1.80562,1.10,1.32
2014.05.08 18:16:09.821,1.80549,1.80562,1.10,1.13
2014.05.08 18:16:10.678,1.80549,1.80565,1.10,1.00
2014.05.08 18:16:10.898,1.80549,1.80562,1.10,1.00
2014.05.08 18:16:16.189,1.80543,1.80562,1.58,1.50
2014.05.08 18:16:16.408,1.80549,1.80562,1.10,1.00
2014.05.08 18:16:34.022,1.80549,1.80562,1.10,1.19
2014.05.08 18:16:37.232,1.80549,1.80562,1.10,1.25
2014.05.08 18:16:46.138,1.80548,1.80562,1.10,1.00
2014.05.08 18:16:47.788,1.80549,1.80562,1.10,1.00
2014.05.08 18:16:53.409,1.80543,1.80562,1.58,1.25
2014.05.08 18:16:57.807,1.80543,1.80562,1.58,1.19
2014.05.08 18:16:59.512,1.80543,1.80562,1.58,1.19
2014.05.08 18:17:00.514,1.80543,1.80562,1.58,1.25
2014.05.08 18:17:04.632,1.80543,1.80562,1.58,1.19
2014.05.08 18:17:07.342,1.80543,1.80562,1.58,1.19
2014.05.08 18:17:08.345,1.80543,1.80562,1.58,1.19
2014.05.08 18:17:10.451,1.80543,1.80562,1.77,1.00
2014.05.08 18:17:11.158,1.80543,1.80563,1.02,1.20
2014.05.08 18:17:13.761,1.80543,1.80565,1.29,1.43
2014.05.08 18:17:16.551,1.80543,1.80565,1.29,1.43
2014.05.08 18:17:17.065,1.80543,1.80565,1.02,1.43
2014.05.08 18:17:17.233,1.80543,1.80563,1.10,1.65
2014.05.08 18:17:17.537,1.80542,1.80557,1.10,1.19
2014.05.08 18:17:17.840,1.80546,1.80557,1.10,1.19
2014.05.08 18:17:17.941,1.80542,1.80555,1.10,1.69
2014.05.08 18:17:18.042,1.80542,1.80555,1.10,1.69
2014.05.08 18:17:18.143,1.80538,1.80555,1.10,1.69
2014.05.08 18:17:18.340,1.80542,1.80555,1.10,1.19
2014.05.08 18:17:19.040,1.80544,1.80555,1.10,1.19
2014.05.08 18:17:19.884,1.80541,1.80558,1.10,1.19
2014.05.08 18:17:20.421,1.80542,1.80558,1.10,1.19
2014.05.08 18:17:21.638,1.80542,1.80558,1.10,1.19
2014.05.08 18:17:21.688,1.80544,1.80558,1.10,1.19
2014.05.08 18:17:22.617,1.80544,1.80558,1.10,1.19
2014.05.08 18:17:23.619,1.80544,1.80558,1.10,1.19
2014.05.08 18:17:24.649,1.80539,1.80558,1.00,1.19
2014.05.08 18:17:25.330,1.80539,1.80558,1.00,1.19
2014.05.08 18:17:26.757,1.80539,1.80558,1.00,1.19
2014.05.08 18:17:27.087,1.80539,1.80555,1.00,1.19
2014.05.08 18:17:27.290,1.80537,1.80555,1.00,1.19
2014.05.08 18:17:29.327,1.80533,1.80552,1.00,1.57
2014.05.08 18:17:29.841,1.80533,1.80552,1.00,1.57
2014.05.08 18:17:32.457,1.80533,1.80552,1.00,1.57
2014.05.08 18:17:33.004,1.80535,1.80554,1.00,1.57
2014.05.08 18:17:33.808,1.80535,1.80554,1.00,1.57
2014.05.08 18:17:34.878,1.80535,1.80554,1.00,1.57
2014.05.08 18:17:35.776,1.80535,1.80554,1.00,1.57
2014.05.08 18:17:36.503,1.80533,1.80552,1.00,1.77
2014.05.08 18:17:36.553,1.80533,1.80547,1.00,1.84
2014.05.08 18:17:36.705,1.80525,1.80544,1.00,1.90
2014.05.08 18:17:36.958,1.80522,1.80541,1.77,1.47
2014.05.08 18:17:37.884,1.80522,1.80541,1.58,1.65
2014.05.08 18:17:39.495,1.80522,1.80541,1.58,1.65
2014.05.08 18:17:43.157,1.80522,1.80541,1.58,1.47
2014.05.08 18:17:46.426,1.80522,1.80541,1.77,1.47
2014.05.08 18:17:48.871,1.80522,1.80541,1.77,1.47
2014.05.08 18:17:51.892,1.80522,1.80541,1.77,1.47
2014.05.08 18:17:59.779,1.80522,1.80541,1.58,1.65
2014.05.08 18:18:00.092,1.80518,1.80537,1.00,2.07
2014.05.08 18:18:00.243,1.80515,1.80534,1.50,2.59
2014.05.08 18:18:00.395,1.80512,1.80531,1.00,1.57
2014.05.08 18:18:00.916,1.80512,1.80531,1.00,1.00
2014.05.08 18:18:00.967,1.80519,1.80531,1.10,1.00
2014.05.08 18:18:01.018,1.80519,1.80536,1.10,1.27
2014.05.08 18:18:01.170,1.80517,1.80536,1.00,1.19
2014.05.08 18:18:01.372,1.80514,1.80533,1.58,1.00
2014.05.08 18:18:01.820,1.80514,1.80533,1.58,1.19
2014.05.08 18:18:02.023,1.80512,1.80531,1.00,1.19
2014.05.08 18:18:03.307,1.80512,1.80531,1.00,1.00
2014.05.08 18:18:03.459,1.80514,1.80533,1.58,1.25
2014.05.08 18:18:03.963,1.80514,1.80532,1.00,1.38
2014.05.08 18:18:04.014,1.8051,1.80529,1.00,1.00
2014.05.08 18:18:05.219,1.80514,1.80529,1.10,1.00
2014.05.08 18:18:05.439,1.8051,1.80529,1.58,1.19
2014.05.08 18:18:06.875,1.8051,1.80529,1.00,1.00
2014.05.08 18:18:09.349,1.80512,1.80529,1.10,1.25
2014.05.08 18:18:11.999,1.80514,1.80529,1.10,1.00
2014.05.08 18:18:12.150,1.80514,1.80533,1.77,1.00
2014.05.08 18:18:12.201,1.80524,1.80533,1.10,1.00
2014.05.08 18:18:12.303,1.80524,1.80536,1.10,1.08
2014.05.08 18:18:12.354,1.80524,1.80539,1.10,1.00
2014.05.08 18:18:14.307,1.80521,1.80539,1.10,1.13
2014.05.08 18:18:14.357,1.80521,1.80539,1.10,2.22
2014.05.08 18:18:14.459,1.80517,1.80536,1.00,2.07
2014.05.08 18:18:14.560,1.80515,1.80533,1.00,1.78
2014.05.08 18:18:14.661,1.80512,1.80531,1.00,2.03
2014.05.08 18:18:14.914,1.80509,1.80528,1.00,1.00
2014.05.08 18:18:20.479,1.80509,1.80528,1.00,1.19
2014.05.08 18:18:24.706,1.80509,1.80528,1.00,1.00
2014.05.08 18:18:40.786,1.80509,1.80528,1.00,1.62
2014.05.08 18:18:40.837,1.80506,1.80525,1.58,1.10
2014.05.08 18:18:40.938,1.80506,1.80522,1.10,1.00
2014.05.08 18:18:40.989,1.80503,1.80522,1.00,1.00
2014.05.08 18:18:41.049,1.805,1.80519,1.19,1.00
2014.05.08 18:18:43.255,1.805,1.80519,1.19,1.75
2014.05.08 18:18:43.407,1.80496,1.80515,1.00,1.13
2014.05.08 18:18:43.508,1.80497,1.80516,1.00,1.84
2014.05.08 18:18:43.609,1.80495,1.80514,1.00,1.38
2014.05.08 18:18:44.065,1.80491,1.8051,1.00,1.00
2014.05.08 18:18:44.545,1.80489,1.80508,1.00,1.00
2014.05.08 18:18:45.717,1.80491,1.8051,1.00,1.25
2014.05.08 18:18:46.239,1.80491,1.8051,1.00,1.29
2014.05.08 18:18:48.648,1.80491,1.8051,1.00,1.29
2014.05.08 18:18:49.218,1.80488,1.80507,1.00,1.00
2014.05.08 18:18:52.630,1.80488,1.80507,1.00,1.19
2014.05.08 18:18:54.160,1.80488,1.80507,1.00,1.19
2014.05.08 18:18:55.176,1.80488,1.80507,1.00,1.19
2014.05.08 18:18:56.148,1.80488,1.80507,1.00,1.25
2014.05.08 18:19:12.524,1.80485,1.80504,1.00,1.19
2014.05.08 18:19:12.835,1.80488,1.80507,1.00,1.39
2014.05.08 18:19:12.885,1.80484,1.80503,1.00,1.19
2014.05.08 18:19:13.087,1.80487,1.80506,1.00,1.19
2014.05.08 18:19:14.117,1.80487,1.80506,1.00,1.19
2014.05.08 18:19:18.336,1.80484,1.80503,1.00,1.25
2014.05.08 18:19:18.539,1.80484,1.80502,1.00,1.29
2014.05.08 18:19:18.691,1.80481,1.805,1.00,1.19
2014.05.08 18:19:20.368,1.80481,1.805,1.25,1.00
2014.05.08 18:19:20.571,1.80484,1.80503,1.00,1.00
2014.05.08 18:19:20.929,1.80486,1.80505,1.00,1.77
2014.05.08 18:19:21.693,1.80486,1.80505,1.00,1.77
2014.05.08 18:19:25.649,1.80486,1.80504,1.00,1.10
2014.05.08 18:19:28.071,1.80486,1.80504,1.00,1.35
2014.05.08 18:19:29.479,1.80486,1.80504,1.00,1.35
2014.05.08 18:19:31.624,1.80486,1.80504,1.00,1.35
2014.05.08 18:19:31.959,1.80486,1.805,1.00,1.10
2014.05.08 18:19:32.322,1.80486,1.80502,1.00,1.02
2014.05.08 18:19:40.986,1.80486,1.80504,1.00,1.35
2014.05.08 18:19:46.378,1.80486,1.80505,1.00,1.00
2014.05.08 18:19:46.429,1.80488,1.80507,1.00,2.03
2014.05.08 18:19:49.369,1.80491,1.8051,1.00,1.25
2014.05.08 18:19:52.585,1.80491,1.8051,1.00,1.19
2014.05.08 18:19:53.889,1.80491,1.8051,1.00,1.19
2014.05.08 18:19:55.394,1.80491,1.8051,1.00,1.19
2014.05.08 18:20:02.622,1.80491,1.8051,1.00,1.25
2014.05.08 18:20:04.069,1.80491,1.8051,1.00,1.59
2014.05.08 18:20:04.120,1.80486,1.80504,1.19,1.10
2014.05.08 18:20:04.476,1.80486,1.80505,1.00,1.19
2014.05.08 18:20:04.982,1.80486,1.80505,1.00,1.57
2014.05.08 18:20:06.127,1.80486,1.80505,1.00,1.19
2014.05.08 18:20:06.228,1.80488,1.80507,1.00,2.14
2014.05.08 18:20:06.279,1.80488,1.80507,1.00,2.14
2014.05.08 18:20:06.582,1.80488,1.80507,1.00,2.10
2014.05.08 18:20:06.784,1.80485,1.80504,1.00,1.32
2014.05.08 18:20:07.646,1.80485,1.80504,1.00,1.32
2014.05.08 18:20:08.187,1.80485,1.80504,1.00,1.57
2014.05.08 18:20:17.720,1.80485,1.80504,1.00,1.00
2014.05.08 18:20:17.771,1.80488,1.80507,1.00,1.10
2014.05.08 18:20:26.776,1.80491,1.8051,1.00,1.25
2014.05.08 18:20:27.080,1.80494,1.80513,1.77,1.00
2014.05.08 18:20:27.383,1.80499,1.80518,1.00,1.00
2014.05.08 18:20:27.688,1.80509,1.80524,1.10,1.00
2014.05.08 18:20:27.789,1.80509,1.80526,1.10,1.00
2014.05.08 18:20:27.891,1.80512,1.80531,1.00,1.19
2014.05.08 18:20:28.195,1.80515,1.80534,1.00,1.47
2014.05.08 18:20:28.397,1.80515,1.80534,1.00,1.47
2014.05.08 18:20:29.610,1.80515,1.80534,1.00,1.47
2014.05.08 18:20:31.495,1.80515,1.80534,1.58,1.00
2014.05.08 18:20:31.647,1.80519,1.80538,1.00,1.19
2014.05.08 18:20:32.219,1.80519,1.80538,1.00,1.00
2014.05.08 18:20:32.522,1.80522,1.80541,1.00,1.19
2014.05.08 18:20:33.080,1.80522,1.80541,1.00,1.19
2014.05.08 18:20:33.282,1.80519,1.80538,1.00,1.19
2014.05.08 18:20:34.185,1.80519,1.80537,1.00,1.19
2014.05.08 18:20:34.614,1.80522,1.80537,1.00,1.19
2014.05.08 18:20:36.800,1.80522,1.80541,1.00,1.37
2014.05.08 18:20:37.301,1.80522,1.80541,1.00,1.18
2014.05.08 18:20:37.554,1.80525,1.80544,1.00,1.37
2014.05.08 18:20:39.914,1.80525,1.80544,1.00,1.18
2014.05.08 18:20:42.022,1.80525,1.80544,1.00,1.00
2014.05.08 18:20:42.935,1.80528,1.80547,1.00,1.00
2014.05.08 18:20:43.238,1.80531,1.8055,1.00,1.39
2014.05.08 18:20:43.707,1.80534,1.80553,1.00,1.72
2014.05.08 18:20:44.088,1.80531,1.8055,1.00,1.10
2014.05.08 18:20:44.729,1.80534,1.80553,1.00,1.00
2014.05.08 18:20:45.032,1.80534,1.80553,1.00,1.45
2014.05.08 18:20:49.491,1.80534,1.80553,1.00,1.72
2014.05.08 18:20:51.558,1.80534,1.80553,1.00,1.78
2014.05.08 18:20:51.810,1.80534,1.80553,1.00,1.25
2014.05.08 18:20:52.628,1.80538,1.80556,1.00,1.74
2014.05.08 18:20:54.370,1.80535,1.80554,1.00,1.32
2014.05.08 18:21:00.002,1.80535,1.80554,1.00,1.32
2014.05.08 18:21:00.153,1.80535,1.80552,1.00,1.29
2014.05.08 18:21:00.965,1.80531,1.8055,1.00,1.19
2014.05.08 18:21:01.466,1.80531,1.8055,1.00,1.19
2014.05.08 18:21:01.625,1.80531,1.8055,1.00,1.00
2014.05.08 18:21:01.676,1.80534,1.8055,1.10,1.00
2014.05.08 18:21:02.190,1.80534,1.80553,1.00,1.47
2014.05.08 18:21:02.503,1.80534,1.80553,1.00,2.22
2014.05.08 18:21:03.346,1.80534,1.80553,1.00,2.22
2014.05.08 18:21:06.134,1.80534,1.80553,1.00,2.22
2014.05.08 18:21:06.185,1.80531,1.8055,1.00,1.00
2014.05.08 18:21:06.287,1.80534,1.80553,1.00,1.78
2014.05.08 18:21:06.487,1.80531,1.8055,1.58,1.32
2014.05.08 18:21:07.662,1.80531,1.8055,1.00,1.32
2014.05.08 18:21:08.652,1.80531,1.8055,1.00,1.32
2014.05.08 18:21:09.042,1.80531,1.8055,1.00,1.32
2014.05.08 18:21:09.383,1.80529,1.80547,1.00,1.69
2014.05.08 18:21:10.874,1.80529,1.80546,1.00,1.19
2014.05.08 18:21:11.175,1.80529,1.80547,1.00,1.19
2014.05.08 18:21:11.377,1.80529,1.80548,1.00,1.10
2014.05.08 18:21:11.428,1.80532,1.80551,1.00,2.40
2014.05.08 18:21:11.732,1.80538,1.80557,1.00,2.14
2014.05.08 18:21:11.884,1.80538,1.80557,1.00,1.39
2014.05.08 18:21:12.700,1.80538,1.80557,1.00,1.39
2014.05.08 18:21:14.070,1.80538,1.80557,1.00,1.39
2014.05.08 18:21:17.495,1.80538,1.80557,1.00,1.39
2014.05.08 18:21:20.135,1.80538,1.80557,1.00,3.72
2014.05.08 18:21:20.487,1.80536,1.80553,1.00,1.19
2014.05.08 18:21:22.003,1.80536,1.80552,1.00,1.19
2014.05.08 18:21:23.354,1.80536,1.80553,1.00,1.19
2014.05.08 18:21:24.512,1.80536,1.80554,1.00,1.32
2014.05.08 18:21:27.525,1.80536,1.8055,1.00,1.19
2014.05.08 18:21:27.626,1.80533,1.8055,1.00,1.19
2014.05.08 18:21:28.845,1.80533,1.8055,1.00,1.19
2014.05.08 18:21:29.148,1.80533,1.8055,1.58,1.00
2014.05.08 18:21:29.451,1.80533,1.80552,1.58,1.00
2014.05.08 18:21:29.681,1.80536,1.80555,1.00,2.07
2014.05.08 18:21:30.035,1.80536,1.80555,1.00,1.00
2014.05.08 18:21:30.137,1.80539,1.80557,1.00,1.02
2014.05.08 18:21:30.641,1.80539,1.80557,1.00,1.39
2014.05.08 18:21:32.144,1.80539,1.80557,1.00,1.74
2014.05.08 18:21:32.346,1.80536,1.80555,1.00,1.25
2014.05.08 18:21:34.150,1.80536,1.80555,1.00,1.19
2014.05.08 18:21:35.978,1.80536,1.80555,1.00,1.00
2014.05.08 18:21:40.174,1.80536,1.80555,1.00,1.69
2014.05.08 18:21:40.478,1.80534,1.80553,1.00,2.44
2014.05.08 18:21:41.383,1.80534,1.8055,1.00,1.19
2014.05.08 18:21:41.485,1.80531,1.80549,1.00,1.32
2014.05.08 18:21:41.803,1.80534,1.80549,1.00,1.00
2014.05.08 18:21:42.339,1.80534,1.80553,1.00,2.22
2014.05.08 18:21:42.842,1.80534,1.80553,1.00,2.22
2014.05.08 18:21:44.172,1.80534,1.80553,1.00,2.22
2014.05.08 18:21:44.223,1.8053,1.80549,1.00,1.13
2014.05.08 18:21:44.274,1.8053,1.80549,1.00,1.28
2014.05.08 18:21:50.398,1.80528,1.80547,1.00,1.37
2014.05.08 18:21:51.122,1.80528,1.80547,1.00,1.37
2014.05.08 18:21:52.625,1.80528,1.80547,1.00,1.37
2014.05.08 18:22:02.138,1.80528,1.80547,1.00,1.47
2014.05.08 18:22:02.189,1.80528,1.80547,1.00,1.74
2014.05.08 18:22:02.834,1.80526,1.80545,1.00,1.32
2014.05.08 18:22:05.577,1.80526,1.80545,1.00,2.07
2014.05.08 18:22:07.736,1.80526,1.80545,1.00,2.07
2014.05.08 18:22:08.346,1.80526,1.80545,1.00,2.07
2014.05.08 18:22:09.239,1.80526,1.80545,1.00,1.69
2014.05.08 18:22:09.390,1.80529,1.80545,1.00,1.19
2014.05.08 18:22:10.403,1.80529,1.80547,1.00,1.57
2014.05.08 18:22:12.465,1.80529,1.80547,1.00,1.57
2014.05.08 18:22:14.921,1.80529,1.80547,1.00,1.57
2014.05.08 18:22:16.664,1.80529,1.80548,1.00,1.19
2014.05.08 18:22:16.765,1.80534,1.80553,1.00,1.19
2014.05.08 18:22:17.068,1.80534,1.80549,1.00,2.14
2014.05.08 18:22:17.119,1.80529,1.80548,1.00,1.32
2014.05.08 18:22:17.170,1.80529,1.80544,1.00,1.00
2014.05.08 18:22:17.322,1.80526,1.80544,1.00,1.00
2014.05.08 18:22:18.186,1.80526,1.80545,1.00,1.50
2014.05.08 18:22:19.704,1.80526,1.80545,1.00,1.88
2014.05.08 18:22:19.805,1.80526,1.80542,1.00,1.00
2014.05.08 18:22:20.110,1.80526,1.80542,1.00,1.69
2014.05.08 18:22:20.312,1.80523,1.8054,1.00,1.19
2014.05.08 18:22:20.540,1.8052,1.80536,1.00,1.00
2014.05.08 18:22:21.931,1.8052,1.80539,1.00,1.50
2014.05.08 18:22:22.300,1.80524,1.80539,1.00,1.00
2014.05.08 18:22:22.922,1.80524,1.80541,1.00,1.00
2014.05.08 18:22:24.735,1.80524,1.80543,1.00,1.50
2014.05.08 18:22:31.389,1.80524,1.80542,1.00,1.00
2014.05.08 18:22:32.392,1.80524,1.8054,1.00,1.00
2014.05.08 18:22:33.394,1.80524,1.80542,1.00,1.00
2014.05.08 18:22:40.518,1.80524,1.80541,1.00,1.00
2014.05.08 18:22:43.087,1.80524,1.80543,1.00,2.07
2014.05.08 18:22:43.667,1.80524,1.80543,1.00,2.07
2014.05.08 18:22:44.840,1.80524,1.80543,1.00,2.07
2014.05.08 18:22:45.042,1.80522,1.80538,1.00,1.25
2014.05.08 18:22:45.840,1.80522,1.80538,1.00,1.19
2014.05.08 18:22:47.953,1.80522,1.80538,1.00,1.25
2014.05.08 18:22:48.919,1.80522,1.80537,1.00,1.00
2014.05.08 18:22:56.082,1.80522,1.80541,1.00,1.19
2014.05.08 18:23:01.600,1.80522,1.80541,1.00,1.69
2014.05.08 18:23:02.715,1.80522,1.80541,1.00,1.19
2014.05.08 18:23:05.247,1.80522,1.80541,1.00,1.19
2014.05.08 18:23:08.522,1.80522,1.80541,1.00,1.69
2014.05.08 18:23:10.561,1.80522,1.80541,1.00,1.69
2014.05.08 18:23:10.663,1.80522,1.80541,1.00,1.50
2014.05.08 18:23:11.314,1.80526,1.80545,1.00,1.32
2014.05.08 18:23:11.748,1.80526,1.80545,1.00,1.32
2014.05.08 18:23:14.066,1.80526,1.80545,1.00,1.19
2014.05.08 18:23:15.146,1.80526,1.80545,1.00,1.19
2014.05.08 18:23:15.746,1.80524,1.80543,1.00,1.00
2014.05.08 18:23:20.575,1.80527,1.80546,1.00,1.29
2014.05.08 18:23:20.881,1.80527,1.80546,1.00,1.10
2014.05.08 18:23:43.163,1.80527,1.80546,1.00,1.32
2014.05.08 18:23:43.894,1.80525,1.80543,1.00,1.25
2014.05.08 18:23:47.393,1.80527,1.80546,1.00,1.00
2014.05.08 18:23:48.254,1.80529,1.80546,1.10,1.00
2014.05.08 18:23:48.835,1.8053,1.80549,1.00,1.00
2014.05.08 18:23:50.823,1.80527,1.80546,1.00,1.00
2014.05.08 18:24:02.607,1.80524,1.80543,1.00,1.00
2014.05.08 18:24:05.353,1.80524,1.80543,1.00,1.19
2014.05.08 18:24:05.464,1.80522,1.80541,1.00,1.19
2014.05.08 18:24:06.550,1.80519,1.80538,1.10,1.00
2014.05.08 18:24:06.861,1.80519,1.80538,1.10,1.19
2014.05.08 18:24:07.974,1.80519,1.80538,1.10,1.19
2014.05.08 18:24:10.897,1.80519,1.80538,1.10,1.19
2014.05.08 18:24:12.412,1.80519,1.80538,1.10,1.19
2014.05.08 18:24:15.069,1.80519,1.80538,1.10,1.19
2014.05.08 18:24:17.498,1.80519,1.80538,1.10,1.25
2014.05.08 18:24:25.257,1.80522,1.8054,1.00,1.19
2014.05.08 18:24:26.031,1.80522,1.8054,1.00,1.19
2014.05.08 18:24:32.123,1.80522,1.8054,1.00,1.19
2014.05.08 18:24:34.565,1.80522,1.8054,1.00,1.00
2014.05.08 18:24:34.869,1.80524,1.80541,1.00,1.00
2014.05.08 18:24:35.373,1.80524,1.80543,1.00,1.19
2014.05.08 18:24:35.936,1.80524,1.80543,1.00,1.00
2014.05.08 18:24:51.297,1.80524,1.80543,1.00,1.19
2014.05.08 18:24:51.550,1.80522,1.8054,1.00,1.19
2014.05.08 18:24:52.441,1.80522,1.8054,1.00,1.19
2014.05.08 18:24:53.354,1.80522,1.8054,1.00,1.00
2014.05.08 18:24:53.616,1.80526,1.80541,1.00,1.00
2014.05.08 18:24:53.719,1.80526,1.80544,1.00,1.19
2014.05.08 18:24:54.555,1.80526,1.80544,1.00,1.00
2014.05.08 18:25:04.121,1.80526,1.80544,1.00,1.57
2014.05.08 18:25:04.312,1.80523,1.8054,1.00,1.02
2014.05.08 18:25:04.766,1.80521,1.80539,1.00,1.00
2014.05.08 18:25:05.682,1.80521,1.80539,1.00,1.19
2014.05.08 18:25:06.297,1.80521,1.80539,1.00,1.00
2014.05.08 18:25:06.499,1.80524,1.80542,1.00,1.00
2014.05.08 18:25:12.204,1.80527,1.80545,1.00,1.00
2014.05.08 18:25:16.619,1.80527,1.80545,1.00,1.19
2014.05.08 18:25:21.642,1.80527,1.80545,1.00,1.19
2014.05.08 18:25:31.122,1.80527,1.80545,1.00,1.19
2014.05.08 18:25:32.589,1.80527,1.80545,1.00,1.19
2014.05.08 18:25:48.433,1.80527,1.80545,1.00,1.19
2014.05.08 18:25:50.338,1.80527,1.80545,1.00,1.19
2014.05.08 18:26:00.189,1.80527,1.80545,1.00,1.25
2014.05.08 18:26:01.874,1.80527,1.80545,1.00,1.19
2014.05.08 18:26:12.322,1.80522,1.8055,1.20,1.47
2014.05.08 18:26:22.765,1.80522,1.8055,1.20,1.47
2014.05.08 18:26:24.670,1.80522,1.80551,1.20,1.09
2014.05.08 18:26:27.649,1.80521,1.8055,1.20,1.54
2014.05.08 18:26:28.700,1.80521,1.80549,1.20,1.37
2014.05.08 18:26:30.835,1.8052,1.80548,1.28,1.29
2014.05.08 18:26:36.421,1.8052,1.80549,1.28,1.47
2014.05.08 18:26:38.161,1.8052,1.80549,1.17,1.47
2014.05.08 18:26:40.564,1.8052,1.80549,1.73,1.47
2014.05.08 18:26:44.449,1.8052,1.80549,1.28,1.47
2014.05.08 18:26:46.404,1.8052,1.80549,1.28,1.47
2014.05.08 18:26:47.202,1.8052,1.80549,1.30,1.47
2014.05.08 18:26:48.179,1.8052,1.80549,1.09,1.47
2014.05.08 18:26:53.770,1.80521,1.80549,1.10,1.37
2014.05.08 18:26:58.096,1.80521,1.80549,1.10,1.37
2014.05.08 18:26:59.149,1.80521,1.8055,1.10,2.29
2014.05.08 18:27:03.629,1.80524,1.80552,1.10,1.84
2014.05.08 18:27:03.780,1.8053,1.80549,1.00,1.25
2014.05.08 18:27:04.846,1.8053,1.80549,1.00,1.19
2014.05.08 18:27:05.941,1.8053,1.80549,1.00,1.19
2014.05.08 18:27:09.076,1.8053,1.80549,1.00,1.19
2014.05.08 18:27:11.188,1.8053,1.80549,1.00,1.19
2014.05.08 18:27:11.340,1.80528,1.80546,1.00,1.25
2014.05.08 18:27:21.008,1.80528,1.80546,1.00,1.19
2014.05.08 18:27:25.113,1.80528,1.80546,1.00,1.19
2014.05.08 18:27:30.126,1.80528,1.80546,1.00,1.19
2014.05.08 18:27:34.139,1.80528,1.80546,1.00,1.19
2014.05.08 18:27:37.348,1.80528,1.80546,1.00,1.19
2014.05.08 18:27:38.657,1.80528,1.80546,1.00,1.19
2014.05.08 18:28:01.822,1.80525,1.80544,1.00,1.19
2014.05.08 18:28:01.873,1.80525,1.80537,1.00,1.00
2014.05.08 18:28:02.176,1.80522,1.80537,1.00,1.00
2014.05.08 18:28:03.499,1.80522,1.80537,1.00,1.63
2014.05.08 18:28:03.600,1.80514,1.80533,1.00,1.19
2014.05.08 18:28:03.803,1.80517,1.80532,1.00,1.19
2014.05.08 18:28:04.369,1.80517,1.80536,1.00,1.19
2014.05.08 18:28:04.673,1.80521,1.80536,1.10,1.00
2014.05.08 18:28:04.824,1.80521,1.80539,1.10,1.00
2014.05.08 18:28:07.779,1.80522,1.80541,1.00,1.00
2014.05.08 18:28:09.869,1.80522,1.80541,1.00,1.19
2014.05.08 18:28:09.970,1.8052,1.80539,1.10,1.25
2014.05.08 18:28:10.094,1.8052,1.80539,1.10,1.19
2014.05.08 18:28:11.641,1.80517,1.80536,1.00,1.19
2014.05.08 18:28:12.299,1.80517,1.80536,1.00,1.19
2014.05.08 18:28:12.898,1.80517,1.80534,1.00,1.19
2014.05.08 18:28:12.949,1.80515,1.80534,1.00,1.69
2014.05.08 18:28:13.482,1.80512,1.80531,1.00,1.77
2014.05.08 18:28:14.471,1.8051,1.80529,1.00,1.19
2014.05.08 18:28:15.171,1.8051,1.80529,1.00,1.25
2014.05.08 18:28:16.211,1.8051,1.80529,1.00,1.19
2014.05.08 18:28:17.299,1.8051,1.80529,1.00,1.19
2014.05.08 18:28:18.141,1.80506,1.80525,1.18,1.77
2014.05.08 18:28:18.445,1.80503,1.80522,1.08,1.19
2014.05.08 18:28:18.496,1.80503,1.80522,1.00,1.19
2014.05.08 18:28:20.110,1.80503,1.80522,1.00,1.00
2014.05.08 18:28:20.312,1.80505,1.80524,1.00,1.00
2014.05.08 18:28:20.615,1.80508,1.80527,1.00,1.19
2014.05.08 18:28:21.161,1.80508,1.80527,1.00,1.25
2014.05.08 18:28:30.692,1.80508,1.80527,1.00,1.19
2014.05.08 18:28:31.107,1.80505,1.80524,1.10,1.19
2014.05.08 18:28:31.310,1.80502,1.80521,1.00,1.00
2014.05.08 18:28:31.462,1.80502,1.80521,1.00,1.19
2014.05.08 18:28:32.552,1.80502,1.80521,1.00,1.00
2014.05.08 18:28:32.754,1.80504,1.80523,1.00,1.00
2014.05.08 18:28:33.062,1.80507,1.80526,1.00,1.19
2014.05.08 18:28:34.964,1.80507,1.80526,1.00,1.00
2014.05.08 18:28:37.270,1.80509,1.80528,1.00,1.29
2014.05.08 18:28:42.790,1.80509,1.80528,1.00,1.19
2014.05.08 18:28:47.404,1.80509,1.80528,1.00,1.19
2014.05.08 18:28:48.609,1.80509,1.80528,1.00,1.25
2014.05.08 18:28:49.145,1.80505,1.80522,1.00,1.19
2014.05.08 18:28:50.315,1.80505,1.80522,1.00,1.19
2014.05.08 18:28:51.319,1.80505,1.80522,1.00,1.19
2014.05.08 18:28:53.130,1.80505,1.8052,1.00,1.19
2014.05.08 18:28:53.332,1.80505,1.80524,1.00,1.69
2014.05.08 18:28:53.635,1.80508,1.80527,1.00,1.19
2014.05.08 18:28:54.350,1.80508,1.80527,1.00,1.19
2014.05.08 18:28:56.944,1.80508,1.80527,1.00,1.19
2014.05.08 18:28:59.158,1.80508,1.80527,1.00,1.25
2014.05.08 18:29:01.156,1.80508,1.80527,1.00,1.32
2014.05.08 18:29:02.363,1.80508,1.80527,1.00,1.25
2014.05.08 18:29:08.089,1.80508,1.80527,1.00,1.19
2014.05.08 18:29:11.396,1.80508,1.80527,1.00,1.19
2014.05.08 18:29:12.802,1.80508,1.80527,1.00,1.19
2014.05.08 18:29:23.145,1.80508,1.80527,1.19,1.00
2014.05.08 18:29:23.246,1.80512,1.80531,1.19,1.00
2014.05.08 18:29:23.347,1.80514,1.80533,1.34,1.00
2014.05.08 18:29:23.701,1.80517,1.80536,1.25,1.00
2014.05.08 18:29:23.852,1.80517,1.80536,1.40,1.00
2014.05.08 18:29:24.462,1.8052,1.80539,1.00,1.19
2014.05.08 18:29:25.383,1.8052,1.80539,1.00,1.25
2014.05.08 18:29:27.643,1.80518,1.80537,1.18,1.00
2014.05.08 18:29:35.081,1.80518,1.80537,1.37,1.00
2014.05.08 18:29:37.637,1.8052,1.80539,1.25,1.00
2014.05.08 18:29:40.759,1.80518,1.80537,1.37,1.00
2014.05.08 18:29:41.069,1.80521,1.8054,1.00,1.00
2014.05.08 18:29:42.590,1.80518,1.80537,1.37,1.00
2014.05.08 18:29:44.422,1.80518,1.80537,1.34,1.00
2014.05.08 18:29:46.556,1.80521,1.8054,1.10,1.25
2014.05.08 18:29:46.708,1.80521,1.8054,1.73,1.00
2014.05.08 18:29:46.809,1.80526,1.80545,1.10,1.25
2014.05.08 18:29:49.530,1.80526,1.80545,1.73,1.00
2014.05.08 18:29:49.631,1.80531,1.8055,1.00,1.00
2014.05.08 18:29:49.783,1.80535,1.80554,1.10,1.19
2014.05.08 18:29:51.146,1.80535,1.80554,1.10,1.00
2014.05.08 18:29:51.475,1.80535,1.80554,1.18,1.00
2014.05.08 18:29:51.989,1.80535,1.80554,1.15,1.00
2014.05.08 18:29:55.237,1.80538,1.80557,1.18,1.19
2014.05.08 18:29:55.409,1.80542,1.80557,1.10,1.00
2014.05.08 18:29:55.914,1.80542,1.80561,1.73,1.25
2014.05.08 18:30:00.886,1.80542,1.80558,1.28,1.00
2014.05.08 18:30:01.503,1.80543,1.80562,1.10,1.00
2014.05.08 18:30:06.324,1.8055,1.80562,1.10,1.00
2014.05.08 18:30:06.476,1.80546,1.80564,1.28,1.00
2014.05.08 18:30:06.527,1.80546,1.80564,2.70,1.00
2014.05.08 18:30:06.628,1.80548,1.80565,1.08,1.00
2014.05.08 18:30:06.881,1.80552,1.80565,1.10,1.00
2014.05.08 18:30:07.184,1.80552,1.80567,1.44,1.34
2014.05.08 18:30:07.336,1.80561,1.80573,1.10,1.00
2014.05.08 18:30:07.973,1.80555,1.80573,1.09,1.00
2014.05.08 18:30:08.074,1.80555,1.80573,1.10,1.00
2014.05.08 18:30:08.226,1.80554,1.80573,1.00,1.57
2014.05.08 18:30:08.327,1.80551,1.8057,1.00,1.25
2014.05.08 18:30:08.479,1.80549,1.80568,1.00,1.00
2014.05.08 18:30:09.029,1.80547,1.80566,1.00,1.08
2014.05.08 18:30:11.030,1.80547,1.80566,1.00,1.00
2014.05.08 18:30:17.114,1.80548,1.80566,1.10,1.00
2014.05.08 18:30:17.266,1.8055,1.80569,1.00,1.00
2014.05.08 18:30:17.567,1.80553,1.80572,1.00,1.00
2014.05.08 18:30:17.870,1.80558,1.80572,1.10,1.00
2014.05.08 18:30:18.297,1.80556,1.80572,1.10,1.00
2014.05.08 18:30:21.606,1.80559,1.80572,1.29,1.00
2014.05.08 18:30:21.909,1.80565,1.80574,1.10,1.00
2014.05.08 18:30:22.448,1.80564,1.80574,1.10,1.00
2014.05.08 18:30:22.701,1.80561,1.80574,1.20,1.00
2014.05.08 18:30:23.256,1.8056,1.80574,1.10,1.00
2014.05.08 18:30:25.406,1.80556,1.80574,1.20,1.00
2014.05.08 18:30:25.718,1.80556,1.80571,1.20,1.00
2014.05.08 18:30:27.626,1.80552,1.80566,1.73,1.13
2014.05.08 18:30:27.777,1.80548,1.80566,1.10,1.95
2014.05.08 18:30:28.037,1.80544,1.80562,1.10,1.00
2014.05.08 18:30:28.240,1.80545,1.8056,1.00,1.00
2014.05.08 18:30:28.341,1.80541,1.8056,1.73,1.00
2014.05.08 18:30:28.393,1.80539,1.80556,1.25,1.00
2014.05.08 18:30:28.913,1.80539,1.80556,1.18,1.00
2014.05.08 18:30:29.033,1.80539,1.80556,1.10,1.00
2014.05.08 18:30:29.257,1.80539,1.80556,1.10,1.38
2014.05.08 18:30:29.371,1.80539,1.80556,1.10,1.00
2014.05.08 18:30:29.923,1.80539,1.80553,1.10,1.00
2014.05.08 18:30:30.372,1.80543,1.80553,1.10,1.00
2014.05.08 18:30:30.473,1.80544,1.80557,1.10,1.00
2014.05.08 18:30:30.574,1.80544,1.80559,1.10,1.00
2014.05.08 18:30:31.112,1.80543,1.80559,1.10,1.00
2014.05.08 18:30:31.636,1.80542,1.80559,1.10,1.00
2014.05.08 18:30:32.557,1.8054,1.80559,1.58,1.00
2014.05.08 18:30:32.759,1.8054,1.80557,1.10,1.00
2014.05.08 18:30:33.152,1.80543,1.80557,1.10,1.25
2014.05.08 18:30:33.203,1.8054,1.80557,1.10,1.25
2014.05.08 18:30:33.833,1.80539,1.80557,1.10,1.25
2014.05.08 18:30:34.600,1.80538,1.80557,1.00,1.19
2014.05.08 18:30:34.651,1.80535,1.80554,1.58,1.00
2014.05.08 18:30:34.853,1.80533,1.80551,1.10,1.00
2014.05.08 18:30:35.156,1.80539,1.80551,1.10,1.00
2014.05.08 18:30:35.459,1.80546,1.80557,1.10,1.00
2014.05.08 18:30:35.611,1.80546,1.80562,1.10,1.25
2014.05.08 18:30:35.662,1.80546,1.80562,1.10,1.33
2014.05.08 18:30:35.713,1.80541,1.8056,1.00,1.10
2014.05.08 18:30:35.865,1.80539,1.80557,1.10,1.00
2014.05.08 18:30:36.208,1.80543,1.80557,1.10,1.00
2014.05.08 18:30:38.684,1.80543,1.8056,1.10,1.00
2014.05.08 18:30:40.061,1.80541,1.8056,1.58,1.00
2014.05.08 18:30:48.151,1.80544,1.8056,1.10,1.00
2014.05.08 18:30:48.355,1.80542,1.8056,1.10,1.00
2014.05.08 18:30:48.457,1.80544,1.8056,1.10,1.00
2014.05.08 18:30:49.602,1.80542,1.8056,1.10,1.00
2014.05.08 18:30:50.126,1.80543,1.8056,1.10,1.00
2014.05.08 18:30:51.113,1.80541,1.8056,1.58,1.00
2014.05.08 18:30:51.640,1.80541,1.8056,1.00,1.69
2014.05.08 18:30:51.690,1.8054,1.80557,1.10,1.00
2014.05.08 18:30:51.893,1.80538,1.80557,1.58,1.00
2014.05.08 18:30:54.386,1.80538,1.80557,1.73,1.00
2014.05.08 18:30:54.538,1.80541,1.8056,1.00,1.00
2014.05.08 18:30:54.639,1.80544,1.80563,1.00,1.19
2014.05.08 18:30:54.741,1.80542,1.80561,1.00,1.25
2014.05.08 18:30:54.792,1.80542,1.80561,1.00,1.19
2014.05.08 18:30:54.994,1.80539,1.80558,1.00,1.19
2014.05.08 18:30:55.552,1.80541,1.8056,1.00,1.19
2014.05.08 18:30:56.896,1.80541,1.8056,1.00,1.25
2014.05.08 18:30:56.997,1.80541,1.8056,1.00,1.19
2014.05.08 18:30:57.200,1.80539,1.80558,1.00,1.19
2014.05.08 18:30:58.405,1.80539,1.80558,1.00,1.19
2014.05.08 18:31:01.996,1.80539,1.80558,1.00,1.32
2014.05.08 18:31:06.097,1.80539,1.80558,1.00,1.00
2014.05.08 18:31:06.248,1.80541,1.80558,1.00,1.00
2014.05.08 18:31:06.299,1.80542,1.80561,1.00,1.19
2014.05.08 18:31:06.680,1.80545,1.80561,1.10,1.00
2014.05.08 18:31:06.731,1.80545,1.80563,1.10,1.00
2014.05.08 18:31:07.257,1.80544,1.80563,1.00,1.00
2014.05.08 18:31:07.308,1.80541,1.8056,1.10,1.00
2014.05.08 18:31:11.196,1.80543,1.8056,1.10,1.25
2014.05.08 18:31:11.247,1.80544,1.80563,1.00,1.00
2014.05.08 18:31:11.450,1.80546,1.80563,1.10,1.00
2014.05.08 18:31:11.551,1.80544,1.80563,1.58,1.00
2014.05.08 18:31:13.380,1.80546,1.80565,1.00,1.00
2014.05.08 18:31:16.225,1.80544,1.80563,1.25,1.00
2014.05.08 18:31:16.528,1.80535,1.80554,1.00,1.32
2014.05.08 18:31:16.832,1.80532,1.80551,1.15,1.25
2014.05.08 18:31:17.034,1.80532,1.80551,1.00,1.25
2014.05.08 18:31:17.085,1.80535,1.80554,1.00,1.19
2014.05.08 18:31:17.896,1.80537,1.80554,1.10,1.25
2014.05.08 18:31:18.149,1.80541,1.80557,1.10,1.19
2014.05.08 18:31:18.199,1.80541,1.8056,1.58,1.00
2014.05.08 18:31:18.430,1.80547,1.8056,1.10,1.00
2014.05.08 18:31:18.941,1.80545,1.8056,1.10,1.00
2014.05.08 18:31:19.203,1.80543,1.8056,1.10,1.00
2014.05.08 18:31:19.377,1.80541,1.8056,1.00,1.25
2014.05.08 18:31:20.736,1.80544,1.8056,1.10,1.00
2014.05.08 18:31:21.601,1.80541,1.8056,1.77,1.00
2014.05.08 18:31:22.125,1.80541,1.8056,1.00,1.00
2014.05.08 18:31:23.164,1.80545,1.8056,1.10,1.00
2014.05.08 18:31:23.266,1.80545,1.80562,1.10,1.00
2014.05.08 18:31:23.468,1.80549,1.80562,1.10,1.00
2014.05.08 18:31:23.569,1.80549,1.80565,1.10,1.00
2014.05.08 18:31:24.112,1.80548,1.80565,1.10,1.00
2014.05.08 18:31:24.733,1.80547,1.80565,1.00,1.00
2014.05.08 18:31:25.474,1.80551,1.80565,1.10,1.00
2014.05.08 18:31:25.774,1.80548,1.80565,1.10,1.00
2014.05.08 18:31:26.867,1.80547,1.80565,1.00,1.00
2014.05.08 18:31:27.337,1.80539,1.80557,1.50,1.19
2014.05.08 18:31:27.388,1.80538,1.80557,1.00,1.19
2014.05.08 18:31:27.640,1.80535,1.80553,1.18,1.00
2014.05.08 18:31:28.174,1.80535,1.80553,1.10,1.00
2014.05.08 18:31:28.536,1.8053,1.80549,1.58,1.00
2014.05.08 18:31:31.271,1.80534,1.80549,1.10,1.00
2014.05.08 18:31:31.574,1.80542,1.80552,1.10,1.00
2014.05.08 18:31:31.625,1.80542,1.80555,1.10,1.00
2014.05.08 18:31:31.828,1.80542,1.80558,1.10,1.00
2014.05.08 18:31:31.879,1.80539,1.80558,1.00,1.00
2014.05.08 18:31:31.930,1.80538,1.80555,1.10,1.00
2014.05.08 18:31:32.081,1.80542,1.80561,1.00,1.32
2014.05.08 18:31:32.183,1.80539,1.80558,1.00,1.00
2014.05.08 18:31:32.536,1.80545,1.80558,1.10,1.00
2014.05.08 18:31:32.587,1.80545,1.80561,1.02,1.00
2014.05.08 18:31:32.840,1.80545,1.80564,1.25,1.00
2014.05.08 18:31:33.702,1.80545,1.80564,1.19,1.00
2014.05.08 18:31:33.804,1.80545,1.80564,2.29,1.00
2014.05.08 18:31:34.056,1.80552,1.80569,1.38,1.00
2014.05.08 18:31:34.259,1.8055,1.80569,2.14,1.00
2014.05.08 18:31:34.780,1.8055,1.80569,1.00,1.00
2014.05.08 18:31:35.322,1.8055,1.80569,1.00,1.19
2014.05.08 18:31:35.373,1.80547,1.80566,1.00,1.00
2014.05.08 18:31:35.828,1.80547,1.80566,1.19,1.00
2014.05.08 18:31:36.132,1.80551,1.80568,2.14,1.00
2014.05.08 18:31:36.637,1.80554,1.80568,1.00,1.00
2014.05.08 18:31:37.142,1.80549,1.80568,1.85,1.00
2014.05.08 18:31:37.193,1.80549,1.80568,1.10,1.00
2014.05.08 18:31:37.426,1.80547,1.80566,1.00,1.00
2014.05.08 18:31:40.224,1.8055,1.80569,1.00,1.00
2014.05.08 18:31:43.984,1.8055,1.80569,1.00,1.19
2014.05.08 18:31:45.053,1.8055,1.80569,1.00,1.25
2014.05.08 18:31:46.154,1.8055,1.80569,1.00,1.19
2014.05.08 18:31:47.357,1.8055,1.80569,1.00,1.19
2014.05.08 18:31:49.127,1.80546,1.80565,1.00,1.00
2014.05.08 18:31:58.374,1.80548,1.80565,1.10,1.00
2014.05.08 18:31:58.677,1.8055,1.80568,1.38,1.00
2014.05.08 18:31:58.981,1.80565,1.80575,1.10,1.00
2014.05.08 18:31:59.134,1.80565,1.80572,1.10,1.00
2014.05.08 18:31:59.235,1.80563,1.80572,1.10,1.00
2014.05.08 18:32:00.115,1.80561,1.80572,1.10,1.00
2014.05.08 18:32:00.217,1.80557,1.80572,1.29,1.00
2014.05.08 18:32:00.318,1.80557,1.80572,1.10,1.00
2014.05.08 18:32:00.918,1.80556,1.80572,1.02,1.00
2014.05.08 18:32:04.150,1.80556,1.80572,1.29,1.00
2014.05.08 18:32:06.333,1.80558,1.80572,1.02,1.00
2014.05.08 18:32:09.156,1.80556,1.80572,1.29,1.00
2014.05.08 18:32:10.650,1.80556,1.80572,1.29,1.00
2014.05.08 18:32:11.391,1.80558,1.80572,1.29,1.00
2014.05.08 18:32:11.694,1.80562,1.80572,1.29,1.00
2014.05.08 18:32:11.998,1.80559,1.80572,1.77,1.00
2014.05.08 18:32:13.172,1.80559,1.80572,1.29,1.00
2014.05.08 18:32:15.709,1.80553,1.80572,3.42,1.00
2014.05.08 18:32:20.492,1.80554,1.80572,2.22,1.00
2014.05.08 18:32:22.032,1.80557,1.80572,1.57,1.00
2014.05.08 18:32:24.505,1.80558,1.80572,1.57,1.00
2014.05.08 18:32:27.348,1.80563,1.80572,1.19,1.00
2014.05.08 18:32:27.701,1.80563,1.80574,2.14,1.00
2014.05.08 18:32:28.835,1.80563,1.80574,1.48,1.00
2014.05.08 18:32:28.888,1.80563,1.80574,1.10,1.00
2014.05.08 18:32:28.989,1.80555,1.80574,2.52,1.00
2014.05.08 18:32:29.141,1.80557,1.80572,1.25,1.00
2014.05.08 18:32:29.677,1.80557,1.80572,1.18,1.00
2014.05.08 18:32:29.950,1.80556,1.80572,1.10,1.00
2014.05.08 18:32:31.114,1.80557,1.80572,1.10,1.00
2014.05.08 18:32:36.685,1.80561,1.80572,1.10,1.00
2014.05.08 18:32:36.836,1.80559,1.80572,1.10,1.00
2014.05.08 18:32:37.720,1.80559,1.80569,1.10,1.00
2014.05.08 18:32:38.228,1.80557,1.80569,1.10,1.00
2014.05.08 18:32:43.099,1.80557,1.80569,1.48,1.00
2014.05.08 18:32:43.608,1.80557,1.80569,1.28,1.00
2014.05.08 18:32:47.076,1.80557,1.80573,1.28,1.00
2014.05.08 18:32:47.177,1.80559,1.80573,1.95,1.00
2014.05.08 18:32:47.481,1.8057,1.80576,1.48,1.00
2014.05.08 18:32:47.531,1.8057,1.8058,1.48,1.00
2014.05.08 18:32:48.375,1.80569,1.80583,1.39,1.00
2014.05.08 18:32:48.476,1.80569,1.80583,1.82,1.00
2014.05.08 18:32:48.527,1.80569,1.80585,1.82,1.50
2014.05.08 18:32:49.699,1.80569,1.80583,1.39,1.00
2014.05.08 18:32:51.056,1.80571,1.80582,1.02,1.00
2014.05.08 18:32:51.569,1.80565,1.80582,1.84,1.00
2014.05.08 18:32:52.352,1.80565,1.80582,1.72,1.00
2014.05.08 18:32:52.656,1.80571,1.80582,1.54,1.00
2014.05.08 18:32:52.706,1.80573,1.80585,1.84,1.00
2014.05.08 18:32:53.666,1.80571,1.80584,1.54,1.00
2014.05.08 18:33:06.983,1.80575,1.80584,1.10,1.00
2014.05.08 18:33:09.952,1.80576,1.80584,1.10,1.00
2014.05.08 18:33:30.071,1.80576,1.80585,1.10,1.00
2014.05.08 18:33:31.195,1.80576,1.80585,1.28,1.00
2014.05.08 18:33:31.296,1.80576,1.80595,1.65,1.00
2014.05.08 18:33:32.163,1.8058,1.80599,1.00,1.25
2014.05.08 18:33:34.691,1.8058,1.80599,1.00,1.19
2014.05.08 18:33:35.693,1.8058,1.80599,1.00,1.19
2014.05.08 18:33:39.617,1.8058,1.80599,1.00,1.19
2014.05.08 18:33:42.114,1.8058,1.80599,1.00,1.19
2014.05.08 18:33:43.937,1.8058,1.80599,1.00,1.19
2014.05.08 18:33:46.962,1.8058,1.80599,1.00,1.19
2014.05.08 18:33:47.013,1.80577,1.80596,1.00,1.00
2014.05.08 18:33:54.464,1.80578,1.80596,1.00,1.00
2014.05.08 18:33:55.298,1.8058,1.80599,1.00,1.25
2014.05.08 18:33:57.363,1.8058,1.80599,1.00,1.19
2014.05.08 18:34:00.372,1.8058,1.80599,1.00,1.19
2014.05.08 18:34:10.239,1.80577,1.80596,1.00,1.00
2014.05.08 18:34:10.340,1.80579,1.80598,1.00,1.19
2014.05.08 18:34:19.881,1.80579,1.80598,1.33,1.00
2014.05.08 18:34:20.136,1.80588,1.80607,1.00,1.25
2014.05.08 18:34:22.561,1.8059,1.80609,1.00,1.00
2014.05.08 18:34:28.905,1.8059,1.80609,1.19,1.00
2014.05.08 18:34:31.292,1.8059,1.80609,1.00,1.00
2014.05.08 18:34:33.279,1.8059,1.80609,1.00,1.38
2014.05.08 18:34:33.532,1.80581,1.806,1.10,1.00
2014.05.08 18:34:34.453,1.8058,1.80599,1.00,1.00
2014.05.08 18:34:35.108,1.80578,1.80597,1.00,1.00
2014.05.08 18:34:37.631,1.80576,1.80595,1.10,1.00
2014.05.08 18:34:39.622,1.80577,1.80595,1.10,1.00
2014.05.08 18:34:40.186,1.80579,1.80595,1.10,1.00
2014.05.08 18:34:41.171,1.80577,1.80595,1.10,1.00
2014.05.08 18:34:41.707,1.80576,1.80595,1.65,1.00
2014.05.08 18:34:42.520,1.80576,1.80593,1.10,1.00
2014.05.08 18:34:52.272,1.80574,1.80593,1.00,1.00
2014.05.08 18:34:56.157,1.80579,1.80593,1.00,1.00
2014.05.08 18:35:02.772,1.80579,1.80595,1.00,1.25
2014.05.08 18:35:05.039,1.80579,1.80593,1.00,1.00
2014.05.08 18:35:08.899,1.80579,1.8059,1.00,1.00
2014.05.08 18:35:09.894,1.80579,1.8059,1.00,1.19
2014.05.08 18:35:10.248,1.80571,1.8059,1.58,1.19
2014.05.08 18:35:11.418,1.80571,1.8059,1.58,1.25
2014.05.08 18:35:15.172,1.80571,1.80589,1.02,1.00
2014.05.08 18:35:20.949,1.80571,1.80589,1.10,1.19
2014.05.08 18:35:29.344,1.80571,1.80589,1.10,1.25
2014.05.08 18:35:33.261,1.80571,1.80589,1.29,1.00
2014.05.08 18:35:34.566,1.80571,1.80589,1.02,1.00
2014.05.08 18:35:35.559,1.80571,1.80589,1.29,1.00
2014.05.08 18:35:36.843,1.80571,1.80587,1.29,1.00
2014.05.08 18:35:37.453,1.80571,1.80587,1.10,1.00
2014.05.08 18:35:43.613,1.80571,1.80587,1.39,1.00
2014.05.08 18:35:43.937,1.80576,1.80587,1.10,1.00
2014.05.08 18:35:44.239,1.80579,1.80587,1.10,1.00
2014.05.08 18:35:45.118,1.80579,1.80589,1.10,1.00
2014.05.08 18:35:45.601,1.80581,1.80589,1.10,1.00
2014.05.08 18:35:45.958,1.80583,1.80589,1.10,1.00
2014.05.08 18:35:46.083,1.80581,1.80589,1.10,1.00
2014.05.08 18:35:55.660,1.80579,1.80589,1.29,1.00
2014.05.08 18:35:57.184,1.80579,1.80589,1.10,1.00
2014.05.08 18:36:15.851,1.80581,1.80589,1.10,1.00
2014.05.08 18:36:17.611,1.80579,1.80589,1.10,1.00
2014.05.08 18:36:22.640,1.80581,1.80589,1.10,1.00
2014.05.08 18:36:23.601,1.80579,1.80589,1.10,1.00
2014.05.08 18:36:42.170,1.80579,1.80591,1.02,1.00
2014.05.08 18:36:42.221,1.80581,1.80591,1.10,1.00
2014.05.08 18:36:48.650,1.80581,1.80591,1.48,1.00
2014.05.08 18:36:51.443,1.80584,1.80591,1.02,1.00
2014.05.08 18:36:51.747,1.80584,1.80595,2.07,1.50
2014.05.08 18:36:51.889,1.80588,1.80599,1.29,1.13
2014.05.08 18:36:52.143,1.80584,1.80599,1.39,1.00
2014.05.08 18:36:52.686,1.80587,1.80599,1.20,1.00
2014.05.08 18:36:52.787,1.80587,1.80606,1.95,1.00
2014.05.08 18:36:53.333,1.80588,1.80606,1.10,1.00
2014.05.08 18:36:53.849,1.80587,1.80606,1.25,1.00
2014.05.08 18:36:55.017,1.80587,1.80606,1.19,1.00
2014.05.08 18:36:55.897,1.80589,1.80606,1.10,1.00
2014.05.08 18:36:56.124,1.80589,1.80606,1.29,1.00
2014.05.08 18:36:57.354,1.8059,1.80607,1.19,1.00
2014.05.08 18:36:57.759,1.80589,1.80607,1.00,1.08
2014.05.08 18:36:57.972,1.80587,1.80605,1.00,1.00
2014.05.08 18:36:58.022,1.80587,1.80603,1.00,1.75
2014.05.08 18:36:58.125,1.80583,1.80597,1.00,1.15
2014.05.08 18:36:58.277,1.80579,1.80596,1.00,2.29
2014.05.08 18:36:58.380,1.80577,1.80596,1.00,2.14
2014.05.08 18:36:58.431,1.80577,1.8059,1.00,1.20
2014.05.08 18:36:59.004,1.8057,1.80589,1.13,1.00
2014.05.08 18:36:59.460,1.80569,1.80587,1.02,1.00
2014.05.08 18:37:00.015,1.8057,1.80589,1.00,1.00
2014.05.08 18:37:03.886,1.80572,1.80591,1.00,1.32
2014.05.08 18:37:04.594,1.80572,1.80591,1.00,1.32
2014.05.08 18:37:05.568,1.80572,1.80591,1.00,1.32
2014.05.08 18:37:14.875,1.80571,1.80589,1.00,1.00
2014.05.08 18:37:17.902,1.80573,1.80589,1.00,1.00
2014.05.08 18:37:18.205,1.80586,1.80599,1.77,1.00
2014.05.08 18:37:18.517,1.80588,1.80599,1.19,1.00
2014.05.08 18:37:19.034,1.80588,1.80604,1.19,1.00
2014.05.08 18:37:20.627,1.80588,1.80604,1.19,1.00
2014.05.08 18:37:25.385,1.80588,1.80604,1.19,1.00
2014.05.08 18:37:26.344,1.80585,1.80604,2.52,1.00
2014.05.08 18:37:28.151,1.80585,1.80604,1.77,1.00
2014.05.08 18:37:29.400,1.80585,1.80604,1.19,1.00
2014.05.08 18:37:29.502,1.80584,1.80603,1.69,1.10
2014.05.08 18:37:29.604,1.80581,1.806,1.19,1.00
2014.05.08 18:37:29.705,1.80581,1.806,1.25,1.00
2014.05.08 18:37:33.033,1.80579,1.80598,1.57,1.00
2014.05.08 18:37:34.104,1.80579,1.80598,1.00,1.02
2014.05.08 18:37:34.206,1.80576,1.80594,1.19,1.00
2014.05.08 18:37:34.510,1.80571,1.8059,1.69,1.00
2014.05.08 18:37:35.477,1.80571,1.8059,1.13,1.00
2014.05.08 18:37:38.181,1.80571,1.8059,1.32,1.00
2014.05.08 18:37:41.506,1.8057,1.80588,1.19,1.00
2014.05.08 18:37:42.492,1.8057,1.80588,1.19,1.00
2014.05.08 18:37:45.303,1.8057,1.80588,1.19,1.00
2014.05.08 18:37:46.219,1.8057,1.80588,2.07,1.00
2014.05.08 18:37:46.964,1.80573,1.80591,1.19,1.00
2014.05.08 18:37:48.046,1.80573,1.80591,1.19,1.00
2014.05.08 18:37:49.212,1.80573,1.80591,1.19,1.00
2014.05.08 18:37:52.166,1.80573,1.80591,1.19,1.00
2014.05.08 18:37:54.925,1.80573,1.80591,1.19,1.00
2014.05.08 18:37:57.333,1.80573,1.80591,1.19,1.00
2014.05.08 18:37:59.165,1.80573,1.80591,1.19,1.00
2014.05.08 18:38:07.699,1.80573,1.80591,1.19,1.00
2014.05.08 18:38:10.113,1.80573,1.80591,2.07,1.00
2014.05.08 18:38:12.959,1.80575,1.80593,1.57,1.00
2014.05.08 18:38:14.933,1.80576,1.80595,1.32,1.00
2014.05.08 18:38:17.453,1.80576,1.80595,1.32,1.00
2014.05.08 18:38:18.441,1.80576,1.80595,1.32,1.00
2014.05.08 18:38:19.585,1.80576,1.80595,1.32,1.00
2014.05.08 18:38:23.954,1.80576,1.80595,2.07,1.00
2014.05.08 18:38:24.956,1.80576,1.80595,1.32,1.00
2014.05.08 18:38:27.617,1.80576,1.80595,1.32,1.00
2014.05.08 18:38:28.160,1.80576,1.80595,2.14,1.00
2014.05.08 18:38:28.262,1.80579,1.80597,1.63,1.00
2014.05.08 18:38:28.909,1.80579,1.80597,1.57,1.00
2014.05.08 18:38:30.511,1.80579,1.80597,1.57,1.00
2014.05.08 18:38:35.135,1.80579,1.80597,1.57,1.00
2014.05.08 18:38:41.509,1.80579,1.80597,1.57,1.00
2014.05.08 18:38:44.516,1.80579,1.80597,1.57,1.00
2014.05.08 18:38:47.126,1.80579,1.80597,1.57,1.00
2014.05.08 18:38:47.827,1.80579,1.80597,1.57,1.00
2014.05.08 18:38:51.152,1.8058,1.80599,1.32,1.00
2014.05.08 18:38:53.849,1.8058,1.80599,1.32,1.00
2014.05.08 18:38:56.157,1.8058,1.80599,1.32,1.00
2014.05.08 18:39:02.272,1.8058,1.80599,1.32,1.00
2014.05.08 18:39:03.002,1.80578,1.80597,1.25,1.00
2014.05.08 18:39:06.357,1.80578,1.80597,1.57,1.00
2014.05.08 18:39:11.337,1.80578,1.80597,2.07,1.00
2014.05.08 18:39:15.163,1.80578,1.80597,1.57,1.00
2014.05.08 18:39:21.656,1.80578,1.80597,2.14,1.00
2014.05.08 18:39:22.962,1.80578,1.80597,2.14,1.00
2014.05.08 18:39:33.108,1.80578,1.80597,1.19,1.00
2014.05.08 18:39:33.619,1.80578,1.80597,1.00,1.00
2014.05.08 18:39:33.821,1.80576,1.80595,1.25,1.00
2014.05.08 18:39:34.737,1.80576,1.80595,1.57,1.00
2014.05.08 18:39:35.243,1.80576,1.80595,1.57,1.00
2014.05.08 18:39:35.546,1.80576,1.80595,2.14,1.00
2014.05.08 18:39:36.248,1.80578,1.80597,1.57,1.00
2014.05.08 18:39:38.581,1.80578,1.80597,1.57,1.00
2014.05.08 18:39:41.744,1.80578,1.80597,2.07,1.00
2014.05.08 18:39:43.048,1.80578,1.80597,1.57,1.00
2014.05.08 18:39:44.496,1.80578,1.80597,1.57,1.00
2014.05.08 18:39:46.193,1.80578,1.80597,1.57,1.00
2014.05.08 18:39:51.173,1.80578,1.80597,1.57,1.00
2014.05.08 18:39:52.579,1.80578,1.80597,1.57,1.00
2014.05.08 18:39:55.389,1.80578,1.80597,2.07,1.00
2014.05.08 18:40:02.914,1.80578,1.80597,1.67,1.00
2014.05.08 18:40:04.219,1.80578,1.80597,1.67,1.00
2014.05.08 18:40:05.222,1.80578,1.80597,1.67,1.00
2014.05.08 18:40:08.658,1.80578,1.80597,1.67,1.00
2014.05.08 18:40:09.837,1.80578,1.80597,1.67,1.00
2014.05.08 18:40:13.050,1.80578,1.80597,1.67,1.00
2014.05.08 18:40:15.479,1.80577,1.80595,3.04,1.00
2014.05.08 18:40:16.861,1.80577,1.80595,2.14,1.00
2014.05.08 18:40:17.835,1.80578,1.80597,1.57,1.00
2014.05.08 18:40:25.183,1.80579,1.80597,1.39,1.00
2014.05.08 18:40:27.793,1.80578,1.80597,1.57,1.00
2014.05.08 18:40:29.738,1.80578,1.80597,1.25,1.15
2014.05.08 18:40:29.890,1.80571,1.8059,1.00,1.10
2014.05.08 18:40:30.294,1.80571,1.8059,1.00,1.58
2014.05.08 18:40:30.798,1.80562,1.80581,1.19,1.00
2014.05.08 18:40:31.425,1.80562,1.80581,1.25,1.00
2014.05.08 18:40:35.289,1.8056,1.80579,2.14,1.00
2014.05.08 18:40:36.328,1.80561,1.80579,1.39,1.00
2014.05.08 18:40:36.379,1.80565,1.80584,1.19,1.00
2014.05.08 18:40:36.430,1.80569,1.80584,1.10,1.00
2014.05.08 18:40:36.531,1.80565,1.80584,2.14,1.00
2014.05.08 18:40:37.366,1.80564,1.8058,1.67,1.00
2014.05.08 18:40:37.467,1.80561,1.8058,1.57,1.00
2014.05.08 18:40:37.518,1.8056,1.80578,1.77,1.00
2014.05.08 18:40:38.357,1.80561,1.8058,1.57,1.00
2014.05.08 18:40:38.509,1.80563,1.80582,1.13,1.00
2014.05.08 18:40:48.972,1.80563,1.80582,1.19,1.00
2014.05.08 18:40:49.396,1.80571,1.80585,1.10,1.00
2014.05.08 18:40:49.548,1.80566,1.80585,1.19,1.00
2014.05.08 18:40:49.649,1.80571,1.80585,1.20,1.00
2014.05.08 18:40:49.953,1.8058,1.80592,1.10,1.00
2014.05.08 18:40:50.484,1.8058,1.80596,1.10,1.00
2014.05.08 18:40:50.928,1.8058,1.80594,1.10,1.00
2014.05.08 18:40:52.435,1.8058,1.80596,1.02,1.00
2014.05.08 18:40:53.089,1.80581,1.80596,1.02,1.00
2014.05.08 18:40:56.217,1.80581,1.80594,1.02,1.00
2014.05.08 18:40:58.807,1.80581,1.80594,1.29,1.00
2014.05.08 18:41:00.113,1.80581,1.80594,1.02,1.00
2014.05.08 18:41:00.719,1.80579,1.80596,1.39,1.00
2014.05.08 18:41:02.119,1.80579,1.80596,1.39,1.00
2014.05.08 18:41:19.271,1.80579,1.80596,1.39,1.00
2014.05.08 18:41:25.794,1.80579,1.80596,1.39,1.00
2014.05.08 18:41:30.250,1.80579,1.80596,1.29,1.00
2014.05.08 18:41:31.436,1.80579,1.80596,1.39,1.00
2014.05.08 18:41:41.145,1.80579,1.80596,1.67,1.00
2014.05.08 18:41:41.991,1.80575,1.80594,1.77,1.00
2014.05.08 18:41:42.193,1.80573,1.80592,2.14,1.00
2014.05.08 18:41:43.056,1.80573,1.80592,2.14,1.00
2014.05.08 18:41:44.159,1.80573,1.80592,2.14,1.00
2014.05.08 18:41:48.686,1.80571,1.8059,1.57,1.00
2014.05.08 18:41:49.779,1.8057,1.80589,2.14,1.00
2014.05.08 18:41:50.539,1.8057,1.80589,2.14,1.00
2014.05.08 18:41:55.804,1.80571,1.80589,1.39,1.00
2014.05.08 18:41:59.107,1.80571,1.80589,1.39,1.00
2014.05.08 18:42:12.085,1.80573,1.80589,1.29,1.00
2014.05.08 18:42:12.622,1.80574,1.8059,1.29,1.00
2014.05.08 18:42:13.158,1.80574,1.8059,1.02,1.00
2014.05.08 18:42:14.288,1.80574,1.8059,1.29,1.00
2014.05.08 18:42:14.444,1.80574,1.80592,1.29,1.00
2014.05.08 18:42:17.190,1.80574,1.80592,1.29,1.00
2014.05.08 18:42:21.100,1.80574,1.80592,1.29,1.00
2014.05.08 18:42:22.365,1.80574,1.80592,1.02,1.00
2014.05.08 18:42:24.814,1.80574,1.80592,1.29,1.00
2014.05.08 18:42:26.962,1.80574,1.80592,1.02,1.00
2014.05.08 18:42:28.021,1.80574,1.80592,1.29,1.00
2014.05.08 18:42:30.732,1.80574,1.80592,1.02,1.00
2014.05.08 18:42:31.937,1.80574,1.80592,1.29,1.00
2014.05.08 18:42:37.655,1.80574,1.80592,1.29,1.00
2014.05.08 18:42:39.295,1.80574,1.80592,1.29,1.00
2014.05.08 18:42:42.369,1.80574,1.80592,1.67,1.00
2014.05.08 18:42:43.716,1.80575,1.80592,1.39,1.00
2014.05.08 18:42:47.990,1.80573,1.80592,3.72,1.00
2014.05.08 18:42:49.181,1.80578,1.80597,1.00,1.00
2014.05.08 18:42:49.595,1.80578,1.80597,1.29,1.00
2014.05.08 18:42:49.646,1.80583,1.80601,1.00,1.00
2014.05.08 18:42:49.748,1.80587,1.80601,1.00,1.00
2014.05.08 18:42:50.052,1.80593,1.80601,1.10,1.00
2014.05.08 18:42:50.203,1.80591,1.80605,1.47,1.00
2014.05.08 18:42:50.938,1.80592,1.80605,1.47,1.00
2014.05.08 18:42:53.114,1.80592,1.80605,1.47,1.00
2014.05.08 18:42:53.484,1.80592,1.80607,1.47,1.00
2014.05.08 18:42:54.341,1.80592,1.80606,1.47,1.00
2014.05.08 18:42:55.929,1.80592,1.80606,1.47,1.00
2014.05.08 18:42:57.012,1.80592,1.80607,1.47,1.00
2014.05.08 18:42:58.082,1.80594,1.80613,1.32,1.00
2014.05.08 18:42:59.391,1.80598,1.80613,1.29,1.00
2014.05.08 18:43:00.443,1.80598,1.80613,1.29,1.00
2014.05.08 18:43:02.757,1.80598,1.80613,1.29,1.00
2014.05.08 18:43:03.158,1.80597,1.80613,1.37,1.00
2014.05.08 18:43:03.361,1.80597,1.80611,1.18,1.00
2014.05.08 18:43:03.512,1.80597,1.80609,1.18,1.00
2014.05.08 18:43:04.435,1.8059,1.80609,1.47,1.00
2014.05.08 18:43:04.486,1.80589,1.80607,2.22,1.00
2014.05.08 18:43:08.087,1.80592,1.80611,1.15,1.00
2014.05.08 18:43:08.635,1.80595,1.80609,1.00,1.00
2014.05.08 18:43:08.937,1.80599,1.80609,1.00,1.00
2014.05.08 18:43:09.190,1.80594,1.80607,1.02,1.00
2014.05.08 18:43:09.994,1.8059,1.80609,1.47,1.00
2014.05.08 18:43:20.911,1.8059,1.80609,1.29,1.00
2014.05.08 18:43:21.113,1.80589,1.80607,1.47,1.00
2014.05.08 18:43:22.038,1.80588,1.80607,1.34,1.00
2014.05.08 18:43:25.738,1.80588,1.80607,1.19,1.00
2014.05.08 18:43:26.564,1.80588,1.80607,1.19,1.00
2014.05.08 18:43:34.693,1.80588,1.80607,1.19,1.00
2014.05.08 18:43:39.471,1.80587,1.80605,1.29,1.00
2014.05.08 18:43:44.654,1.80586,1.80605,1.39,1.00
2014.05.08 18:43:45.645,1.80586,1.80605,1.32,1.00
2014.05.08 18:43:46.775,1.80586,1.80605,1.32,1.00
2014.05.08 18:43:46.826,1.80592,1.80611,1.00,1.19
2014.05.08 18:43:46.978,1.80592,1.80609,1.29,1.00
2014.05.08 18:43:47.334,1.80595,1.80609,1.39,1.00
2014.05.08 18:43:48.040,1.80597,1.80611,1.54,1.00
2014.05.08 18:43:52.689,1.80597,1.80611,1.54,1.00
2014.05.08 18:43:53.673,1.80597,1.80611,1.54,1.00
2014.05.08 18:43:55.102,1.80597,1.80611,1.54,1.00
2014.05.08 18:43:56.888,1.80597,1.80611,1.54,1.00
2014.05.08 18:43:58.012,1.80597,1.80611,1.54,1.00
2014.05.08 18:44:01.242,1.80605,1.80615,1.19,1.00
2014.05.08 18:44:01.344,1.80604,1.80617,1.02,1.51
2014.05.08 18:44:01.395,1.80607,1.80617,1.10,1.51
2014.05.08 18:44:01.699,1.80613,1.80622,1.10,1.00
2014.05.08 18:44:01.749,1.80613,1.80622,1.10,1.00
2014.05.08 18:44:02.358,1.80613,1.80627,1.10,1.00
2014.05.08 18:44:02.712,1.80613,1.80627,1.25,1.00
2014.05.08 18:44:03.066,1.80608,1.80627,1.15,1.00
2014.05.08 18:44:04.841,1.8061,1.80627,1.37,1.00
2014.05.08 18:44:04.943,1.80608,1.80627,1.27,1.00
2014.05.08 18:44:04.993,1.80606,1.80625,1.84,1.00
2014.05.08 18:44:05.145,1.80606,1.80625,1.65,1.00
2014.05.08 18:44:06.810,1.80606,1.80625,1.00,1.00
2014.05.08 18:44:07.344,1.80605,1.80624,1.00,1.00
2014.05.08 18:44:11.003,1.80603,1.80622,1.00,1.00
2014.05.08 18:44:11.307,1.80601,1.8062,1.00,1.00
2014.05.08 18:44:11.610,1.80597,1.80615,1.00,1.00
2014.05.08 18:44:12.343,1.80595,1.80613,1.00,1.00
2014.05.08 18:44:14.218,1.80593,1.80612,1.00,1.00
2014.05.08 18:44:16.503,1.80599,1.80612,1.00,1.00
2014.05.08 18:44:19.724,1.80599,1.8061,1.00,1.00
2014.05.08 18:44:20.465,1.80599,1.80613,1.00,1.00
2014.05.08 18:44:22.270,1.80599,1.80612,1.00,1.00
2014.05.08 18:44:22.782,1.80599,1.80613,1.00,1.00
2014.05.08 18:44:27.722,1.80594,1.80613,1.00,1.25
2014.05.08 18:44:41.120,1.80594,1.80613,1.00,1.19
2014.05.08 18:44:42.601,1.80593,1.80612,1.00,1.10
2014.05.08 18:44:46.979,1.80591,1.8061,1.00,1.00
2014.05.08 18:44:59.441,1.80602,1.8061,1.00,1.00
2014.05.08 18:44:59.950,1.80603,1.80613,1.00,1.37
2014.05.08 18:45:00.407,1.80603,1.80613,1.00,1.00
2014.05.08 18:45:00.509,1.80603,1.80617,1.00,1.00
2014.05.08 18:45:00.762,1.80604,1.8062,1.10,1.00
2014.05.08 18:45:00.863,1.80605,1.80624,1.10,1.00
2014.05.08 18:45:00.964,1.80615,1.80624,1.10,1.00
2014.05.08 18:45:01.470,1.80616,1.80624,1.10,1.00
2014.05.08 18:45:01.522,1.80616,1.8063,1.10,1.50
2014.05.08 18:45:01.776,1.80618,1.8063,1.10,1.50
2014.05.08 18:45:02.079,1.80622,1.8063,1.10,1.00
2014.05.08 18:45:02.386,1.80624,1.8063,1.10,1.00
2014.05.08 18:45:02.890,1.8062,1.8063,1.65,1.00
2014.05.08 18:45:02.941,1.8062,1.8063,1.28,1.00
2014.05.08 18:45:03.226,1.8062,1.80634,1.28,1.00
2014.05.08 18:45:03.946,1.8062,1.80632,1.28,1.00
2014.05.08 18:45:09.198,1.80619,1.80632,1.18,1.00
2014.05.08 18:45:09.989,1.80619,1.80632,1.10,1.00
2014.05.08 18:45:10.688,1.80615,1.80632,1.10,1.00
2014.05.08 18:45:10.739,1.80615,1.8063,1.10,1.00
2014.05.08 18:45:11.042,1.80617,1.8063,1.10,1.00
2014.05.08 18:45:11.624,1.80618,1.8063,1.10,1.00
2014.05.08 18:45:18.341,1.80618,1.80632,1.10,1.00
2014.05.08 18:45:27.133,1.80618,1.8063,1.10,1.00
2014.05.08 18:45:31.585,1.80618,1.8063,1.29,1.00
2014.05.08 18:45:31.636,1.80618,1.80635,1.77,1.00
2014.05.08 18:45:31.838,1.80623,1.80635,1.00,1.00
2014.05.08 18:45:32.149,1.80623,1.80635,1.19,1.00
2014.05.08 18:45:32.584,1.80627,1.80635,1.10,1.00
2014.05.08 18:45:32.736,1.80623,1.80634,1.92,1.00
2014.05.08 18:45:32.888,1.80623,1.80634,1.77,1.00
2014.05.08 18:45:32.939,1.80628,1.80634,1.00,1.00
2014.05.08 18:45:33.040,1.80628,1.80643,1.00,1.00
2014.05.08 18:45:33.495,1.80624,1.80643,1.00,1.00
2014.05.08 18:45:34.065,1.80626,1.80645,1.00,1.25
2014.05.08 18:45:34.670,1.80626,1.80645,1.00,1.32
2014.05.08 18:45:35.641,1.80626,1.80645,1.00,1.19
2014.05.08 18:45:35.848,1.80626,1.80645,1.00,1.00
2014.05.08 18:45:35.982,1.80629,1.80645,1.10,1.00
2014.05.08 18:45:36.083,1.80629,1.80647,1.02,1.00
2014.05.08 18:45:36.134,1.80629,1.80647,1.29,1.00
2014.05.08 18:45:36.185,1.8063,1.80649,1.19,1.00
2014.05.08 18:45:38.021,1.80633,1.80647,1.02,1.00
2014.05.08 18:45:39.324,1.80633,1.80647,1.29,1.00
2014.05.08 18:45:41.005,1.80633,1.80649,1.29,1.00
2014.05.08 18:45:41.516,1.80633,1.80649,1.29,1.00
2014.05.08 18:45:42.025,1.80633,1.8065,1.29,1.00
2014.05.08 18:45:42.867,1.80633,1.8065,1.29,1.00
2014.05.08 18:45:44.182,1.80633,1.8065,1.29,1.00
2014.05.08 18:45:48.099,1.80633,1.8065,1.29,1.00
2014.05.08 18:45:49.360,1.80632,1.8065,1.29,1.00
2014.05.08 18:45:52.069,1.80632,1.8065,1.29,1.00
2014.05.08 18:45:53.108,1.80641,1.8066,1.00,1.00
2014.05.08 18:45:54.637,1.80639,1.80658,1.00,1.00
2014.05.08 18:45:56.761,1.80641,1.8066,1.00,1.00
2014.05.08 18:45:58.401,1.80639,1.80658,1.00,1.00
2014.05.08 18:45:58.705,1.80642,1.80661,1.00,1.25
2014.05.08 18:46:01.383,1.80639,1.80658,1.00,1.00
2014.05.08 18:46:01.686,1.80637,1.80656,1.25,1.00
2014.05.08 18:46:06.076,1.80639,1.80658,1.00,1.25
2014.05.08 18:46:12.789,1.80634,1.80651,1.29,1.00
2014.05.08 18:46:14.457,1.80634,1.80651,1.29,1.00
2014.05.08 18:46:24.081,1.80632,1.80651,1.19,1.00
2014.05.08 18:46:28.606,1.80632,1.80651,1.19,1.00
2014.05.08 18:46:29.599,1.80632,1.80651,1.19,1.00
2014.05.08 18:46:32.716,1.80632,1.80651,1.19,1.00
2014.05.08 18:46:32.819,1.80627,1.80646,2.52,1.00
2014.05.08 18:46:33.123,1.80625,1.80644,1.69,1.00
2014.05.08 18:46:33.821,1.80625,1.80644,1.19,1.00
2014.05.08 18:46:33.923,1.80627,1.80646,1.19,1.00
2014.05.08 18:46:36.132,1.80627,1.80646,1.19,1.00
2014.05.08 18:46:36.863,1.80626,1.80645,1.19,1.00
2014.05.08 18:46:37.435,1.80626,1.80645,1.19,1.00
2014.05.08 18:46:41.150,1.80626,1.80645,1.00,1.00
2014.05.08 18:46:45.711,1.80624,1.80643,1.19,1.00
2014.05.08 18:46:46.425,1.80624,1.80643,1.00,1.19
2014.05.08 18:46:46.476,1.80622,1.80641,1.00,1.19
2014.05.08 18:46:49.923,1.80622,1.80641,1.00,1.00
2014.05.08 18:46:54.823,1.80622,1.80641,1.19,1.00
2014.05.08 18:46:55.930,1.80622,1.80641,1.00,1.58
2014.05.08 18:46:58.980,1.80623,1.80642,1.00,1.00
2014.05.08 18:46:59.333,1.80625,1.80644,1.00,1.25
2014.05.08 18:46:59.654,1.80625,1.80642,1.00,1.10
2014.05.08 18:46:59.996,1.80623,1.80642,1.00,1.77
2014.05.08 18:47:00.451,1.80623,1.80642,1.69,1.00
2014.05.08 18:47:00.554,1.80625,1.80644,1.19,1.18
2014.05.08 18:47:00.657,1.80631,1.80644,1.10,1.18
2014.05.08 18:47:00.758,1.80625,1.80644,1.77,1.00
2014.05.08 18:47:00.859,1.80627,1.80644,1.39,1.00
2014.05.08 18:47:01.188,1.80628,1.80647,1.19,1.00
2014.05.08 18:47:01.974,1.80628,1.80647,1.19,1.00
2014.05.08 18:47:02.078,1.80628,1.80647,1.00,1.00
2014.05.08 18:47:02.607,1.80629,1.80647,1.10,1.00
2014.05.08 18:47:03.725,1.80631,1.80647,1.10,1.00
2014.05.08 18:47:03.826,1.80629,1.80647,1.10,1.00
2014.05.08 18:47:04.450,1.80629,1.80647,1.29,1.00
2014.05.08 18:47:05.371,1.80629,1.80647,1.02,1.00
2014.05.08 18:47:05.900,1.80629,1.80647,1.47,1.00
2014.05.08 18:47:17.540,1.80633,1.80647,1.00,1.00
2014.05.08 18:47:17.592,1.80634,1.80653,1.00,1.95
2014.05.08 18:47:17.694,1.80635,1.80653,1.48,1.13
2014.05.08 18:47:18.580,1.80635,1.80653,1.00,1.00
2014.05.08 18:47:18.883,1.80629,1.80643,1.00,1.10
2014.05.08 18:47:19.035,1.80624,1.80643,1.00,1.00
2014.05.08 18:47:19.085,1.80628,1.80643,1.00,1.00
2014.05.08 18:47:19.392,1.80628,1.80643,1.74,1.00
2014.05.08 18:47:19.553,1.8063,1.80647,2.07,1.00
2014.05.08 18:47:20.175,1.8063,1.80647,2.07,1.00
2014.05.08 18:47:32.046,1.8063,1.80647,1.32,1.00
2014.05.08 18:47:33.106,1.80628,1.80647,1.13,1.00
2014.05.08 18:47:41.493,1.80628,1.80647,1.95,1.00
2014.05.08 18:47:42.569,1.8063,1.80647,2.07,1.00
2014.05.08 18:47:42.671,1.80635,1.80652,2.03,1.00
2014.05.08 18:47:42.721,1.80639,1.80652,1.00,1.00
2014.05.08 18:47:43.226,1.80634,1.80651,2.03,1.00
2014.05.08 18:47:43.741,1.80634,1.80651,1.28,1.00
2014.05.08 18:47:43.985,1.80634,1.80649,1.28,1.00
2014.05.08 18:47:48.019,1.8063,1.80649,1.65,1.00
2014.05.08 18:47:48.070,1.8063,1.80649,1.10,1.00
2014.05.08 18:47:48.171,1.80627,1.80646,1.00,1.00
2014.05.08 18:47:48.475,1.80624,1.80643,1.15,1.00
2014.05.08 18:47:48.826,1.80632,1.80643,1.00,1.00
2014.05.08 18:47:49.334,1.80632,1.80642,1.00,1.00
2014.05.08 18:47:52.473,1.80626,1.80642,1.13,1.00
2014.05.08 18:47:52.879,1.80623,1.80642,1.00,1.00
2014.05.08 18:47:56.639,1.80623,1.80642,1.38,1.00
2014.05.08 18:47:56.740,1.80624,1.80643,1.20,1.00
2014.05.08 18:47:57.044,1.80629,1.80646,1.13,1.00
2014.05.08 18:47:57.375,1.80629,1.80646,1.28,1.00
2014.05.08 18:47:57.700,1.80633,1.80646,1.10,1.00
2014.05.08 18:47:58.003,1.80634,1.80648,1.20,1.00
2014.05.08 18:47:58.720,1.80634,1.80651,2.70,1.00
2014.05.08 18:47:58.771,1.80634,1.80651,2.70,1.00
2014.05.08 18:47:59.087,1.80638,1.80651,1.20,1.00
2014.05.08 18:47:59.390,1.80641,1.80653,1.78,1.00
2014.05.08 18:47:59.919,1.80644,1.80653,1.13,1.00
2014.05.08 18:48:00.370,1.80644,1.80655,1.13,1.39
2014.05.08 18:48:02.336,1.80639,1.80655,2.67,1.39
2014.05.08 18:48:02.588,1.80639,1.80652,1.37,1.00
2014.05.08 18:48:03.143,1.80639,1.80654,1.67,1.00
2014.05.08 18:48:03.244,1.80639,1.80654,1.74,1.00
2014.05.08 18:48:03.446,1.8064,1.80654,1.72,1.00
2014.05.08 18:48:03.962,1.80642,1.80656,1.48,1.64
2014.05.08 18:48:05.690,1.8064,1.80653,1.32,1.00
2014.05.08 18:48:05.893,1.80639,1.80653,1.13,1.00
2014.05.08 18:48:06.193,1.80639,1.80653,1.20,1.00
2014.05.08 18:48:06.804,1.80636,1.80651,2.22,1.00
2014.05.08 18:48:07.523,1.80638,1.80651,1.63,1.00
2014.05.08 18:48:07.776,1.80636,1.80653,2.82,1.00
2014.05.08 18:48:07.930,1.80637,1.80653,1.00,1.00
2014.05.08 18:48:09.570,1.80632,1.80651,2.14,1.00
2014.05.08 18:48:10.104,1.80638,1.80651,1.00,1.00
2014.05.08 18:48:14.971,1.80638,1.80649,1.00,1.00
2014.05.08 18:48:22.525,1.80632,1.80649,1.28,1.00
2014.05.08 18:48:22.858,1.80632,1.80651,1.15,1.00
2014.05.08 18:48:23.393,1.80632,1.80649,1.15,1.10
2014.05.08 18:48:23.697,1.80632,1.80643,1.00,1.10
2014.05.08 18:48:23.747,1.8063,1.80642,1.00,1.10
2014.05.08 18:48:23.849,1.80626,1.80642,1.00,1.10
2014.05.08 18:48:24.371,1.80626,1.8064,1.00,1.10
2014.05.08 18:48:24.750,1.80624,1.8064,1.00,1.10
2014.05.08 18:48:28.350,1.80628,1.8064,1.00,1.10
2014.05.08 18:48:28.452,1.80628,1.80646,1.00,1.10
2014.05.08 18:48:29.354,1.80626,1.80645,1.00,1.00
2014.05.08 18:48:29.456,1.80626,1.80642,1.00,1.10
2014.05.08 18:48:29.658,1.80628,1.80646,1.00,1.10
2014.05.08 18:48:31.308,1.80627,1.80646,1.00,1.58
2014.05.08 18:48:31.561,1.80627,1.80642,1.00,1.10
2014.05.08 18:48:32.225,1.80625,1.80642,1.10,1.10
2014.05.08 18:48:34.170,1.80625,1.8064,1.00,1.10
2014.05.08 18:48:38.563,1.80622,1.8064,1.00,1.10
2014.05.08 18:48:39.912,1.80621,1.8064,1.10,1.58
2014.05.08 18:48:49.585,1.80619,1.80638,1.15,1.00
2014.05.08 18:48:50.026,1.80619,1.80638,1.00,1.00
2014.05.08 18:48:56.854,1.80624,1.80642,1.00,1.10
2014.05.08 18:48:56.956,1.80626,1.80645,1.00,1.88
2014.05.08 18:49:04.649,1.80624,1.80643,1.00,1.00
2014.05.08 18:49:06.170,1.80626,1.80645,1.00,1.58
2014.05.08 18:49:09.930,1.80628,1.80647,1.00,1.00
2014.05.08 18:49:11.657,1.80629,1.80647,1.00,1.00
2014.05.08 18:49:11.960,1.80634,1.80648,1.00,1.00
2014.05.08 18:49:12.474,1.80634,1.80651,1.18,1.00
2014.05.08 18:49:17.294,1.80634,1.80653,1.65,1.00
2014.05.08 18:49:18.407,1.80634,1.8065,1.18,1.00
2014.05.08 18:49:18.508,1.80634,1.80652,1.18,1.00
2014.05.08 18:49:32.258,1.80634,1.8065,1.18,1.00
2014.05.08 18:49:32.308,1.80631,1.8065,1.67,1.00
2014.05.08 18:49:32.359,1.80633,1.80652,1.00,1.00
2014.05.08 18:49:33.265,1.8063,1.80649,2.03,1.00
2014.05.08 18:49:35.939,1.8063,1.80649,2.40,1.00
2014.05.08 18:49:36.485,1.80632,1.80649,1.10,1.00
2014.05.08 18:49:36.536,1.80632,1.80651,1.58,1.00
2014.05.08 18:49:37.045,1.80633,1.80651,1.00,1.00
2014.05.08 18:49:37.758,1.80633,1.80649,1.00,1.00
2014.05.08 18:49:41.354,1.8063,1.80649,1.65,1.00
2014.05.08 18:49:43.929,1.80632,1.80649,1.10,1.00
2014.05.08 18:49:44.473,1.80633,1.80649,1.00,1.00
2014.05.08 18:49:46.419,1.8063,1.80649,1.08,1.00
2014.05.08 18:49:46.470,1.80629,1.80647,1.50,1.58
2014.05.08 18:49:46.571,1.80626,1.80645,1.00,1.00
2014.05.08 18:49:46.673,1.80626,1.80643,1.00,1.10
2014.05.08 18:49:46.774,1.80622,1.80641,1.50,1.00
2014.05.08 18:49:47.868,1.80626,1.80643,1.00,1.10
2014.05.08 18:49:47.919,1.80626,1.80645,1.00,1.00
2014.05.08 18:49:49.870,1.80627,1.80646,1.00,1.00
2014.05.08 18:49:54.405,1.80627,1.80646,1.08,1.00
2014.05.08 18:49:54.506,1.80629,1.80648,1.00,1.00
2014.05.08 18:49:54.811,1.80631,1.8065,1.00,1.00
2014.05.08 18:49:58.339,1.8063,1.80649,1.10,1.00
2014.05.08 18:50:04.920,1.80629,1.80648,1.00,1.00
2014.05.08 18:50:11.731,1.8063,1.80649,1.00,1.00
2014.05.08 18:50:16.370,1.8063,1.80649,1.38,1.00
2014.05.08 18:50:16.471,1.80632,1.80651,1.38,1.00
2014.05.08 18:50:16.976,1.80632,1.80651,1.50,1.00
2014.05.08 18:50:17.127,1.80635,1.80651,1.00,1.00
2014.05.08 18:50:17.347,1.80635,1.80653,1.00,1.00
2014.05.08 18:50:17.878,1.80634,1.80653,1.50,1.00
2014.05.08 18:50:21.276,1.80635,1.80653,1.00,1.00
2014.05.08 18:50:23.395,1.80634,1.80653,1.50,1.00
2014.05.08 18:50:23.510,1.80634,1.80651,1.00,1.00
2014.05.08 18:50:26.424,1.80632,1.80651,1.50,1.00
2014.05.08 18:50:26.525,1.80632,1.8065,1.00,1.18
2014.05.08 18:50:26.727,1.8063,1.80649,1.00,1.10
2014.05.08 18:50:26.828,1.8063,1.80646,1.00,1.10
2014.05.08 18:50:30.258,1.80626,1.80645,1.00,1.00
2014.05.08 18:50:46.657,1.80626,1.80645,1.38,1.00
2014.05.08 18:50:47.718,1.80626,1.80645,1.00,1.00
2014.05.08 18:50:48.223,1.80626,1.80645,1.00,2.07
2014.05.08 18:50:48.375,1.80624,1.80643,1.00,1.18
2014.05.08 18:50:48.880,1.80624,1.80643,1.00,1.58
2014.05.08 18:50:52.259,1.80624,1.8064,1.00,1.10
2014.05.08 18:50:52.722,1.80624,1.80643,1.00,1.00
2014.05.08 18:50:58.738,1.80624,1.8064,1.00,1.10
2014.05.08 18:50:59.177,1.80624,1.80643,1.00,1.58
2014.05.08 18:51:00.281,1.80624,1.80641,1.00,1.10
2014.05.08 18:51:00.609,1.80624,1.80643,1.00,1.00
2014.05.08 18:51:02.298,1.80624,1.80641,1.00,1.10
2014.05.08 18:51:03.137,1.80624,1.80643,1.00,1.00
2014.05.08 18:51:05.091,1.80626,1.80645,1.00,1.00
2014.05.08 18:51:06.789,1.80626,1.80641,1.00,1.10
2014.05.08 18:51:06.878,1.80626,1.80645,1.00,1.58
2014.05.08 18:51:07.030,1.80626,1.80641,1.00,1.10
2014.05.08 18:51:07.098,1.80626,1.80645,1.00,1.58
2014.05.08 18:51:07.838,1.80623,1.80642,1.50,1.00
2014.05.08 18:51:08.667,1.80625,1.80642,1.00,1.00
2014.05.08 18:51:09.778,1.80623,1.80642,1.50,1.00
2014.05.08 18:51:10.636,1.80625,1.80642,1.13,1.00
2014.05.08 18:51:10.838,1.80628,1.80646,1.00,1.00
2014.05.08 18:51:11.263,1.80629,1.80648,1.50,1.00
2014.05.08 18:51:11.772,1.80629,1.80648,2.03,1.00
2014.05.08 18:51:12.287,1.80629,1.80648,1.38,1.00
2014.05.08 18:51:32.244,1.80629,1.80648,1.13,1.00
2014.05.08 18:51:51.668,1.80629,1.80644,1.00,1.10
2014.05.08 18:51:51.770,1.80627,1.80644,1.00,1.10
2014.05.08 18:51:51.991,1.80624,1.8064,1.00,1.10
2014.05.08 18:51:52.193,1.80624,1.80642,1.00,1.00
2014.05.08 18:51:52.295,1.80626,1.80645,1.00,1.00
2014.05.08 18:51:53.642,1.80626,1.80645,1.38,1.00
2014.05.08 18:51:53.743,1.80628,1.80647,1.00,1.10
2014.05.08 18:52:00.348,1.80628,1.80647,1.38,1.00
2014.05.08 18:52:05.215,1.80628,1.80647,1.00,1.00
2014.05.08 18:52:09.161,1.80628,1.80647,1.38,1.00
2014.05.08 18:52:09.263,1.8063,1.80649,1.00,1.00
2014.05.08 18:52:10.696,1.80628,1.80647,1.00,1.00
2014.05.08 18:52:19.299,1.80626,1.80645,1.00,1.00
2014.05.08 18:52:19.689,1.80623,1.80642,1.38,1.00
2014.05.08 18:52:20.812,1.80623,1.80642,1.00,1.00
2014.05.08 18:52:25.098,1.80623,1.80642,1.38,1.00
2014.05.08 18:52:25.866,1.80623,1.80642,1.00,1.00
2014.05.08 18:52:45.393,1.80623,1.80639,1.00,1.10
2014.05.08 18:52:49.126,1.80623,1.80637,1.00,1.10
2014.05.08 18:52:53.977,1.80623,1.80638,1.00,1.10
2014.05.08 18:52:54.588,1.80623,1.80639,1.00,1.10
2014.05.08 18:52:54.966,1.80623,1.80642,1.00,1.58
2014.05.08 18:52:55.188,1.80623,1.80639,1.00,1.10
2014.05.08 18:52:57.277,1.80623,1.8064,1.00,1.10
2014.05.08 18:53:05.955,1.80623,1.80639,1.00,1.10
2014.05.08 18:53:06.635,1.80623,1.80642,1.00,1.58
2014.05.08 18:53:08.756,1.80623,1.8064,1.00,1.10
2014.05.08 18:53:08.857,1.80623,1.80642,1.00,1.58
2014.05.08 18:53:08.908,1.80621,1.8064,1.00,1.00
2014.05.08 18:53:36.386,1.80621,1.8064,1.38,1.00
2014.05.08 18:53:36.689,1.8063,1.80644,1.58,1.00
2014.05.08 18:53:36.741,1.8063,1.80649,2.33,1.00
2014.05.08 18:53:40.193,1.8063,1.80649,1.38,1.00
2014.05.08 18:53:45.845,1.8063,1.80649,1.00,1.00
2014.05.08 18:53:46.047,1.80627,1.80646,1.13,1.00
2014.05.08 18:54:08.597,1.80631,1.8065,1.00,1.00
2014.05.08 18:54:09.799,1.80629,1.80648,1.00,1.00
2014.05.08 18:54:31.475,1.80632,1.80651,1.00,1.00
2014.05.08 18:54:33.601,1.80635,1.80654,1.00,1.00
2014.05.08 18:54:34.223,1.80635,1.80652,1.00,1.10
2014.05.08 18:54:43.907,1.80635,1.80654,1.00,1.00
2014.05.08 18:54:48.605,1.80641,1.80654,1.10,1.00
2014.05.08 18:54:48.754,1.80642,1.80657,1.48,1.00
2014.05.08 18:54:48.804,1.80642,1.80657,1.48,1.00
2014.05.08 18:54:48.855,1.80642,1.80661,1.95,1.50
2014.05.08 18:54:49.007,1.80644,1.80663,1.95,1.00
2014.05.08 18:55:07.781,1.80644,1.80663,1.38,1.00
2014.05.08 18:55:10.141,1.80644,1.80663,1.13,1.00
2014.05.08 18:55:12.058,1.80651,1.8067,1.00,2.03
2014.05.08 18:55:12.361,1.80655,1.80674,1.13,1.00
2014.05.08 18:55:12.412,1.80659,1.80678,1.00,1.15
2014.05.08 18:55:12.463,1.80659,1.80678,1.13,1.00
2014.05.08 18:55:12.614,1.80661,1.8068,1.00,1.00
2014.05.08 18:55:12.943,1.80664,1.80683,1.00,1.18
2014.05.08 18:55:13.482,1.80664,1.80683,1.00,1.00
2014.05.08 18:55:18.992,1.80667,1.80685,1.00,1.10
2014.05.08 18:55:24.755,1.80667,1.80678,1.00,1.10
2014.05.08 18:55:24.856,1.80665,1.80678,1.00,1.10
2014.05.08 18:55:24.958,1.80659,1.80678,1.00,1.58
2014.05.08 18:55:25.161,1.80657,1.80676,1.00,1.00
2014.05.08 18:55:25.465,1.80659,1.80678,1.13,1.00
2014.05.08 18:55:28.715,1.80662,1.80681,1.00,1.00
2014.05.08 18:55:29.297,1.80662,1.80681,1.18,1.00
2014.05.08 18:55:33.336,1.80664,1.80683,1.00,1.00
2014.05.08 18:55:34.264,1.80664,1.80683,1.08,1.00
2014.05.08 18:55:37.141,1.80667,1.80686,1.00,1.00
2014.05.08 18:55:38.136,1.80665,1.80684,1.18,1.00
2014.05.08 18:55:38.238,1.80667,1.80686,1.00,1.00
2014.05.08 18:55:39.117,1.80665,1.80684,2.03,1.00
2014.05.08 18:55:39.369,1.80667,1.80686,1.00,1.00
2014.05.08 18:55:53.436,1.80667,1.80684,1.00,1.10
2014.05.08 18:55:53.538,1.80663,1.80682,1.10,1.00
2014.05.08 18:56:00.794,1.80661,1.8068,1.15,1.00
2014.05.08 18:56:13.529,1.80661,1.8068,1.18,1.00
2014.05.08 18:56:29.225,1.80661,1.8068,1.00,1.00
2014.05.08 18:56:29.529,1.80652,1.80671,1.08,1.00
2014.05.08 18:56:29.579,1.80652,1.80671,1.00,1.00
2014.05.08 18:56:31.154,1.80652,1.80671,1.08,1.00
2014.05.08 18:56:31.714,1.80652,1.80671,1.65,1.00
2014.05.08 18:56:32.357,1.80654,1.80673,1.10,1.00
2014.05.08 18:56:33.237,1.80657,1.80676,1.00,1.00
2014.05.08 18:56:40.413,1.80657,1.80675,1.00,1.10
2014.05.08 18:56:41.268,1.80654,1.80673,1.00,1.00
2014.05.08 18:56:42.375,1.80657,1.80676,1.00,1.00
2014.05.08 18:56:42.836,1.80654,1.80673,1.00,1.00
2014.05.08 18:56:47.245,1.80657,1.80676,1.00,1.00
2014.05.08 18:56:52.232,1.80657,1.80676,1.38,1.00
2014.05.08 18:56:52.384,1.80659,1.80678,1.13,1.00
2014.05.08 18:56:52.435,1.80659,1.80678,1.20,1.00
2014.05.08 18:56:52.967,1.80659,1.80678,1.28,1.00
2014.05.08 18:56:53.939,1.80659,1.80678,1.08,1.00
2014.05.08 18:56:53.990,1.80659,1.80678,1.00,1.00
2014.05.08 18:56:54.041,1.80656,1.80675,1.00,1.00
2014.05.08 18:56:54.407,1.80657,1.80676,1.38,1.00
2014.05.08 18:56:54.940,1.80657,1.80676,1.15,1.00
2014.05.08 18:56:59.896,1.80657,1.80676,1.08,1.00
2014.05.08 18:57:00.301,1.80654,1.80673,1.10,1.00
2014.05.08 18:57:10.099,1.80651,1.8067,1.28,1.00
2014.05.08 18:57:15.732,1.80654,1.80673,1.10,1.00
2014.05.08 18:57:22.185,1.80654,1.80673,1.18,1.00
2014.05.08 18:57:28.337,1.80656,1.80673,1.38,1.00
2014.05.08 18:57:28.388,1.8066,1.80677,1.57,1.00
2014.05.08 18:57:28.490,1.80664,1.80681,1.00,1.00
2014.05.08 18:57:28.540,1.80664,1.80681,1.38,1.00
2014.05.08 18:57:28.592,1.80665,1.80684,1.38,1.00
2014.05.08 18:57:29.997,1.80665,1.80684,1.65,1.00
2014.05.08 18:57:30.766,1.80668,1.80687,1.00,1.00
2014.05.08 18:57:38.250,1.80665,1.80684,1.47,1.00
2014.05.08 18:57:38.752,1.80665,1.80683,1.28,1.10
2014.05.08 18:57:39.338,1.80665,1.80684,1.28,1.00
2014.05.08 18:57:39.998,1.80665,1.80684,1.13,1.00
2014.05.08 18:57:46.084,1.80662,1.80681,1.28,1.00
2014.05.08 18:57:48.906,1.80662,1.80681,1.28,1.00
2014.05.08 18:57:48.957,1.80665,1.80684,1.15,1.00
2014.05.08 18:57:54.448,1.80668,1.80684,1.00,1.00
2014.05.08 18:57:57.533,1.80667,1.80684,1.10,1.00
2014.05.08 18:57:58.261,1.80668,1.80684,1.00,1.00
2014.05.08 18:58:02.604,1.80668,1.80684,1.38,1.00
2014.05.08 18:58:02.705,1.80668,1.80687,1.88,1.00
2014.05.08 18:58:02.806,1.80672,1.80687,1.00,1.00
2014.05.08 18:58:06.352,1.80668,1.80687,2.03,1.00
2014.05.08 18:58:15.331,1.80668,1.80687,1.20,1.00
2014.05.08 18:58:15.872,1.80668,1.80687,1.13,1.00
2014.05.08 18:58:29.189,1.80668,1.80687,1.08,1.00
2014.05.08 18:58:29.716,1.80668,1.80687,1.15,1.00
2014.05.08 18:58:35.130,1.8067,1.80689,1.65,1.00
2014.05.08 18:58:36.993,1.80668,1.80687,2.03,1.00
2014.05.08 18:58:37.145,1.8067,1.80689,1.65,1.00
2014.05.08 18:58:38.791,1.80676,1.80687,1.00,1.00
2014.05.08 18:58:38.893,1.80676,1.80689,1.00,1.00
2014.05.08 18:58:50.616,1.80672,1.80689,1.28,1.00
2014.05.08 18:58:51.218,1.80672,1.80691,1.28,1.00
2014.05.08 18:58:51.407,1.80674,1.80693,1.10,1.00
2014.05.08 18:58:52.091,1.80675,1.80693,1.00,1.00
2014.05.08 18:58:52.608,1.80676,1.80693,1.88,1.00
2014.05.08 18:58:53.334,1.80676,1.80693,2.03,1.00
2014.05.08 18:58:53.385,1.80676,1.80695,2.78,1.00
2014.05.08 18:58:53.537,1.80679,1.80697,1.38,1.00
2014.05.08 18:58:53.857,1.80681,1.807,1.38,1.00
2014.05.08 18:58:54.162,1.80678,1.80697,1.53,1.00
2014.05.08 18:58:54.575,1.80687,1.80697,1.10,1.00
2014.05.08 18:58:54.727,1.80691,1.80709,1.45,1.00
2014.05.08 18:58:55.030,1.80692,1.80711,1.13,1.00
2014.05.08 18:58:55.333,1.80692,1.80711,1.20,1.00
2014.05.08 18:58:55.535,1.80694,1.80713,3.15,1.00
2014.05.08 18:58:55.586,1.80696,1.80715,1.00,1.00
2014.05.08 18:58:55.890,1.80699,1.80715,1.48,1.00
2014.05.08 18:58:55.940,1.80699,1.80718,1.95,1.00
2014.05.08 18:58:56.410,1.80705,1.80718,1.20,1.00
2014.05.08 18:58:56.461,1.80705,1.80721,1.20,1.00
2014.05.08 18:58:56.512,1.80707,1.80721,1.10,1.00
2014.05.08 18:58:56.613,1.80707,1.80724,1.10,1.00
2014.05.08 18:58:56.715,1.80705,1.80724,1.00,1.00
2014.05.08 18:58:57.163,1.80707,1.80724,1.10,1.00
2014.05.08 18:58:57.264,1.80708,1.80727,1.00,1.00
2014.05.08 18:59:00.757,1.8071,1.80729,1.00,1.00
2014.05.08 18:59:07.350,1.80707,1.80726,1.00,1.00
2014.05.08 18:59:07.923,1.80703,1.80722,1.65,1.00
2014.05.08 18:59:08.227,1.80706,1.80722,1.00,1.00
2014.05.08 18:59:08.278,1.80707,1.80726,1.00,1.00
2014.05.08 18:59:08.484,1.80709,1.80728,1.00,1.00
2014.05.08 18:59:17.622,1.80707,1.80726,1.00,1.00
2014.05.08 18:59:17.926,1.80702,1.80721,1.15,1.00
2014.05.08 18:59:18.179,1.80699,1.80718,1.37,1.00
2014.05.08 18:59:18.912,1.80697,1.80716,1.15,1.00
2014.05.08 18:59:25.723,1.80703,1.80722,1.00,1.00
2014.05.08 18:59:25.774,1.80706,1.80722,1.00,1.00
2014.05.08 18:59:25.876,1.80706,1.80724,1.13,1.00
2014.05.08 18:59:25.977,1.80711,1.8073,1.00,1.58
2014.05.08 18:59:30.602,1.80711,1.80727,1.00,1.00
2014.05.08 18:59:30.804,1.80711,1.8073,1.00,1.00
2014.05.08 18:59:31.370,1.80708,1.80726,1.00,1.00
2014.05.08 18:59:32.879,1.80711,1.80726,1.10,1.00
2014.05.08 18:59:32.981,1.80709,1.80726,1.10,1.00
2014.05.08 18:59:33.510,1.8071,1.80726,1.00,1.00
2014.05.08 18:59:34.400,1.80709,1.80726,1.10,1.00
2014.05.08 18:59:34.976,1.80708,1.80726,1.58,1.00
2014.05.08 18:59:35.660,1.80709,1.80726,1.10,1.00
2014.05.08 18:59:35.772,1.80709,1.80726,1.18,1.00
2014.05.08 18:59:35.873,1.8071,1.80729,1.65,1.00
2014.05.08 18:59:37.960,1.8071,1.80729,1.50,1.00
2014.05.08 18:59:38.805,1.80708,1.80726,1.10,1.00
2014.05.08 18:59:39.867,1.80708,1.80726,1.48,1.00
2014.05.08 18:59:41.132,1.8071,1.80729,1.00,1.00
2014.05.08 18:59:41.569,1.80708,1.80727,1.00,1.00
2014.05.08 18:59:41.872,1.80705,1.80724,1.00,1.00
2014.05.08 18:59:42.175,1.80701,1.80717,1.00,1.15
2014.05.08 18:59:42.225,1.80699,1.80717,1.00,1.15
2014.05.08 18:59:44.152,1.80699,1.80717,1.25,1.00
2014.05.08 18:59:44.605,1.80705,1.80717,1.00,1.00
2014.05.08 18:59:44.776,1.80705,1.80721,1.00,1.00
2014.05.08 18:59:45.079,1.807,1.80719,2.33,1.00
2014.05.08 18:59:55.678,1.80697,1.80716,1.13,1.00
2014.05.08 18:59:55.982,1.80695,1.80714,1.00,1.00
2014.05.08 18:59:56.286,1.80693,1.80711,1.00,1.00
2014.05.08 18:59:56.591,1.8069,1.80709,1.19,1.00
2014.05.08 18:59:57.180,1.8069,1.80709,1.00,1.10
2014.05.08 18:59:57.483,1.80688,1.80707,1.00,1.13
2014.05.08 18:59:57.787,1.80683,1.80702,1.19,1.00
2014.05.08 18:59:58.425,1.80683,1.80702,1.38,1.00
2014.05.08 18:59:58.918,1.80683,1.80702,1.88,1.00
2014.05.08 18:59:58.970,1.80686,1.80705,1.13,1.00
2014.05.08 18:59:59.223,1.80686,1.80705,1.57,1.00
2014.05.08 18:59:59.274,1.80689,1.80708,1.00,1.00
