2017.05.19 17:00:00.138,1.74729,1.74758,1.50,1.12
2017.05.19 17:00:00.189,1.74727,1.74757,1.00,1.37
2017.05.19 17:00:00.724,1.74725,1.74753,3.00,1.00
2017.05.19 17:00:01.498,1.74722,1.74753,2.62,1.00
2017.05.19 17:00:02.061,1.74722,1.74753,2.62,1.37
2017.05.19 17:00:03.606,1.74722,1.74751,1.87,1.00
2017.05.19 17:00:04.162,1.74723,1.74751,1.00,1.12
2017.05.19 17:00:04.772,1.74723,1.7475,1.00,1.00
2017.05.19 17:00:04.924,1.74721,1.74748,2.25,1.00
2017.05.19 17:00:05.230,1.74721,1.74751,2.59,1.00
2017.05.19 17:00:06.460,1.74721,1.74751,2.59,1.00
2017.05.19 17:00:06.511,1.74721,1.74749,2.25,1.00
2017.05.19 17:00:08.810,1.74721,1.74751,1.09,1.00
2017.05.19 17:00:09.353,1.74721,1.74752,1.84,1.12
2017.05.19 17:00:09.404,1.74721,1.7475,1.84,1.00
2017.05.19 17:00:09.923,1.74722,1.74751,1.12,1.00
2017.05.19 17:00:10.328,1.74725,1.74754,1.00,1.46
2017.05.19 17:00:10.850,1.74724,1.74755,1.00,1.00
2017.05.19 17:00:11.224,1.74725,1.74756,1.00,1.37
2017.05.19 17:00:11.427,1.74723,1.74752,1.00,1.00
2017.05.19 17:00:13.920,1.74724,1.74752,1.00,1.00
2017.05.19 17:00:16.744,1.74723,1.74752,1.50,1.00
2017.05.19 17:00:16.847,1.74725,1.74754,1.00,1.12
2017.05.19 17:00:17.236,1.74723,1.74752,1.50,1.00
2017.05.19 17:00:17.768,1.74724,1.74752,1.00,1.12
2017.05.19 17:00:18.356,1.74723,1.74751,1.00,1.00
2017.05.19 17:00:19.018,1.74724,1.74751,1.00,1.00
2017.05.19 17:00:19.606,1.74723,1.74752,2.25,1.00
2017.05.19 17:00:20.094,1.74724,1.74752,1.00,1.37
2017.05.19 17:00:20.667,1.74724,1.74752,1.00,1.37
2017.05.19 17:00:22.154,1.74723,1.74752,1.50,1.37
2017.05.19 17:00:22.701,1.74724,1.7475,1.50,1.12
2017.05.19 17:00:23.605,1.74724,1.7475,1.00,1.37
2017.05.19 17:00:24.351,1.74724,1.7475,1.00,1.12
2017.05.19 17:00:26.821,1.74723,1.74752,1.00,1.46
2017.05.19 17:00:27.106,1.74721,1.74752,1.00,1.46
2017.05.19 17:00:28.028,1.74722,1.74751,1.00,1.37
2017.05.19 17:00:28.359,1.7472,1.74751,2.25,1.37
2017.05.19 17:00:28.755,1.74723,1.74751,1.00,1.37
2017.05.19 17:00:29.755,1.74724,1.74751,1.00,1.37
2017.05.19 17:00:33.306,1.74724,1.74752,1.00,1.46
2017.05.19 17:00:34.782,1.74721,1.74752,1.00,1.46
2017.05.19 17:00:39.003,1.74721,1.74752,1.50,1.46
2017.05.19 17:00:39.611,1.7472,1.74749,2.59,1.00
2017.05.19 17:00:41.324,1.7472,1.74749,2.59,1.00
2017.05.19 17:00:41.476,1.7472,1.74747,1.09,1.00
2017.05.19 17:00:44.804,1.74716,1.74747,1.75,1.00
2017.05.19 17:00:44.855,1.74715,1.74743,1.50,1.00
2017.05.19 17:00:45.160,1.74718,1.74743,1.00,1.00
2017.05.19 17:00:45.495,1.74716,1.74743,1.00,1.00
2017.05.19 17:00:46.779,1.74718,1.74743,1.00,1.00
2017.05.19 17:00:49.011,1.74718,1.74743,1.34,1.00
2017.05.19 17:00:49.163,1.74718,1.74745,1.34,1.00
2017.05.19 17:00:49.901,1.74718,1.74746,1.34,1.00
2017.05.19 17:00:50.942,1.74718,1.74746,1.34,1.00
2017.05.19 17:00:52.485,1.74718,1.74746,1.34,1.00
2017.05.19 17:00:55.748,1.74719,1.7475,1.34,1.00
2017.05.19 17:01:00.050,1.74719,1.74747,1.34,1.00
2017.05.19 17:01:00.203,1.74717,1.74745,1.87,1.09
2017.05.19 17:01:00.254,1.74717,1.74744,1.12,1.71
2017.05.19 17:01:00.566,1.74712,1.74737,1.00,1.00
2017.05.19 17:01:00.870,1.74711,1.74735,1.50,1.46
2017.05.19 17:01:00.972,1.74709,1.74735,1.00,1.46
2017.05.19 17:01:01.434,1.74711,1.74735,1.00,1.00
2017.05.19 17:01:01.586,1.74709,1.74735,1.00,1.00
2017.05.19 17:01:01.638,1.74708,1.74733,1.00,1.00
2017.05.19 17:01:01.689,1.74706,1.74733,1.00,1.09
2017.05.19 17:01:01.853,1.74703,1.7473,1.87,1.00
2017.05.19 17:01:01.904,1.74699,1.74729,1.00,1.00
2017.05.19 17:01:01.979,1.74699,1.74729,1.34,1.00
2017.05.19 17:01:02.283,1.74702,1.74725,1.00,1.00
2017.05.19 17:01:02.807,1.74704,1.74725,1.00,1.00
2017.05.19 17:01:02.909,1.74704,1.74731,1.34,1.00
2017.05.19 17:01:03.450,1.74703,1.74731,2.21,1.00
2017.05.19 17:01:03.960,1.74703,1.7473,1.12,1.00
2017.05.19 17:01:05.405,1.74703,1.74729,1.87,1.00
2017.05.19 17:01:09.518,1.74709,1.74731,1.00,1.00
2017.05.19 17:01:09.569,1.7471,1.74733,1.00,1.50
2017.05.19 17:01:09.671,1.74709,1.74737,1.87,1.09
2017.05.19 17:01:10.168,1.7471,1.74735,1.50,1.87
2017.05.19 17:01:10.321,1.74708,1.74735,1.00,2.21
2017.05.19 17:01:10.665,1.74707,1.74735,1.00,2.21
2017.05.19 17:01:10.767,1.74709,1.74732,1.00,1.00
2017.05.19 17:01:10.869,1.7471,1.74735,1.00,1.00
2017.05.19 17:01:11.853,1.74708,1.74737,1.00,1.34
2017.05.19 17:01:11.904,1.74708,1.74735,1.00,1.46
2017.05.19 17:01:12.249,1.74704,1.74728,1.00,1.00
2017.05.19 17:01:12.351,1.74702,1.74728,1.50,1.00
2017.05.19 17:01:13.056,1.74703,1.74728,1.50,1.00
2017.05.19 17:01:13.108,1.74703,1.74731,1.50,1.46
2017.05.19 17:01:13.159,1.74703,1.74728,1.50,1.00
2017.05.19 17:01:13.964,1.74702,1.74732,1.50,1.50
2017.05.19 17:01:14.574,1.74703,1.74732,1.00,1.87
2017.05.19 17:01:15.234,1.74704,1.74732,1.50,1.00
2017.05.19 17:01:15.696,1.74709,1.74733,1.34,1.00
2017.05.19 17:01:15.799,1.74709,1.7474,1.87,1.46
2017.05.19 17:01:15.850,1.74709,1.7474,1.87,1.12
2017.05.19 17:01:15.902,1.74709,1.74738,2.21,1.12
2017.05.19 17:01:16.408,1.74709,1.74737,1.12,1.00
2017.05.19 17:01:16.810,1.74709,1.7474,2.96,1.87
2017.05.19 17:01:16.861,1.74709,1.74737,2.21,1.00
2017.05.19 17:01:17.380,1.74709,1.74738,2.96,1.00
2017.05.19 17:01:17.994,1.74709,1.74738,1.46,1.00
2017.05.19 17:01:19.073,1.74709,1.74739,1.12,2.21
2017.05.19 17:01:19.393,1.74709,1.74736,1.12,1.09
2017.05.19 17:01:19.746,1.74709,1.74736,1.12,1.46
2017.05.19 17:01:19.849,1.74709,1.74736,1.12,1.46
2017.05.19 17:01:20.403,1.74708,1.74736,1.50,1.34
2017.05.19 17:01:21.176,1.74709,1.74736,1.12,1.37
2017.05.19 17:01:21.750,1.74708,1.74736,1.50,1.37
2017.05.19 17:01:22.397,1.74708,1.74736,1.50,1.71
2017.05.19 17:01:22.702,1.74703,1.7473,1.00,1.12
2017.05.19 17:01:23.962,1.74703,1.74731,1.00,1.37
2017.05.19 17:01:27.553,1.74709,1.74737,1.00,1.00
2017.05.19 17:01:27.756,1.74713,1.74741,1.00,1.46
2017.05.19 17:01:28.271,1.74713,1.74741,1.00,1.50
2017.05.19 17:01:31.392,1.74713,1.74739,1.00,1.00
2017.05.19 17:01:31.847,1.74713,1.74741,1.00,1.46
2017.05.19 17:01:31.898,1.74713,1.74741,1.00,1.46
2017.05.19 17:01:32.000,1.74713,1.74741,1.00,1.46
2017.05.19 17:01:32.260,1.74713,1.74739,1.00,1.37
2017.05.19 17:01:32.417,1.74709,1.74739,1.50,1.46
2017.05.19 17:01:32.621,1.74708,1.74736,1.00,2.21
2017.05.19 17:01:32.824,1.74699,1.74728,2.21,1.00
2017.05.19 17:01:32.926,1.74699,1.74728,1.87,1.34
2017.05.19 17:01:33.231,1.74698,1.74726,1.00,1.46
2017.05.19 17:01:33.383,1.74694,1.74725,1.00,1.71
2017.05.19 17:01:33.975,1.74692,1.74723,2.62,1.71
2017.05.19 17:01:34.136,1.74693,1.74721,1.12,1.46
2017.05.19 17:01:36.933,1.74693,1.7472,1.12,1.00
2017.05.19 17:01:37.592,1.74694,1.7472,1.00,1.00
2017.05.19 17:01:39.888,1.74694,1.74719,1.00,1.00
2017.05.19 17:01:40.033,1.74693,1.74721,1.12,1.00
2017.05.19 17:01:40.185,1.74694,1.74723,1.00,2.21
2017.05.19 17:01:40.409,1.74692,1.7472,1.87,1.00
2017.05.19 17:01:41.007,1.74694,1.7472,1.00,1.00
2017.05.19 17:01:41.355,1.74692,1.74718,1.87,1.34
2017.05.19 17:01:44.139,1.74693,1.74717,1.12,1.34
2017.05.19 17:01:44.675,1.74691,1.74717,1.50,1.34
2017.05.19 17:01:51.212,1.74691,1.74718,1.00,1.12
2017.05.19 17:01:51.872,1.74691,1.74718,1.00,1.37
2017.05.19 17:01:52.462,1.74691,1.74718,1.00,1.12
2017.05.19 17:01:52.861,1.74691,1.74718,1.00,1.46
2017.05.19 17:01:57.006,1.74691,1.74719,1.00,2.59
2017.05.19 17:01:57.312,1.74678,1.74709,1.12,2.96
2017.05.19 17:01:57.907,1.74678,1.74706,2.62,1.34
2017.05.19 17:01:59.598,1.74677,1.74707,1.87,1.46
2017.05.19 17:01:59.649,1.74678,1.74702,1.12,1.84
2017.05.19 17:01:59.902,1.74674,1.74703,1.00,2.96
2017.05.19 17:02:00.105,1.74673,1.747,1.00,1.84
2017.05.19 17:02:00.358,1.74672,1.74702,2.55,1.84
2017.05.19 17:02:00.409,1.74672,1.74701,2.55,1.84
2017.05.19 17:02:00.621,1.74672,1.74703,1.80,2.96
2017.05.19 17:02:01.248,1.74672,1.74702,1.80,1.84
2017.05.19 17:02:01.625,1.74673,1.74702,1.00,1.34
2017.05.19 17:02:02.153,1.74672,1.74699,1.87,1.09
2017.05.19 17:02:02.254,1.74671,1.74701,3.37,1.00
2017.05.19 17:02:02.714,1.74674,1.74702,1.00,1.37
2017.05.19 17:02:02.765,1.74674,1.74703,1.00,1.84
2017.05.19 17:02:02.968,1.74674,1.74701,1.00,1.00
2017.05.19 17:02:06.037,1.74674,1.74701,1.34,1.00
2017.05.19 17:02:06.139,1.74676,1.74703,1.00,1.00
2017.05.19 17:02:06.240,1.74677,1.74703,1.34,1.00
2017.05.19 17:02:06.291,1.7468,1.74708,1.09,1.00
2017.05.19 17:02:06.342,1.74679,1.7471,1.00,1.12
2017.05.19 17:02:06.444,1.74678,1.74709,2.25,1.71
2017.05.19 17:02:07.194,1.74678,1.74705,1.50,1.00
2017.05.19 17:02:07.799,1.74678,1.74706,1.50,1.84
2017.05.19 17:02:10.626,1.74678,1.74705,1.00,1.00
2017.05.19 17:02:12.721,1.74678,1.74704,1.00,1.00
2017.05.19 17:02:16.103,1.74678,1.74705,1.00,1.50
2017.05.19 17:02:20.393,1.74678,1.74704,1.00,1.00
2017.05.19 17:02:21.259,1.74678,1.74705,1.50,1.00
2017.05.19 17:02:21.310,1.74678,1.74707,1.00,1.00
2017.05.19 17:02:21.613,1.74678,1.74709,1.50,1.50
2017.05.19 17:02:21.863,1.74685,1.74709,1.00,1.00
2017.05.19 17:02:21.914,1.74684,1.74712,1.00,1.84
2017.05.19 17:02:22.465,1.74683,1.74712,1.50,1.84
2017.05.19 17:02:22.982,1.74683,1.7471,1.00,1.34
2017.05.19 17:02:23.515,1.74682,1.74709,1.00,1.34
2017.05.19 17:02:23.719,1.74678,1.74709,2.25,1.34
2017.05.19 17:02:24.226,1.74677,1.74704,1.50,1.50
2017.05.19 17:02:24.435,1.74677,1.74706,1.34,1.00
2017.05.19 17:02:26.660,1.74678,1.74707,1.46,1.00
2017.05.19 17:02:27.907,1.74678,1.74707,1.46,1.00
2017.05.19 17:02:28.212,1.74687,1.74713,1.87,1.00
2017.05.19 17:02:28.757,1.74687,1.74712,1.87,1.00
2017.05.19 17:02:29.378,1.74688,1.74712,1.12,1.34
2017.05.19 17:02:29.533,1.74679,1.74703,1.00,1.00
2017.05.19 17:02:29.635,1.74672,1.74698,1.00,1.00
2017.05.19 17:02:29.836,1.74667,1.74697,1.00,1.00
2017.05.19 17:02:29.938,1.74666,1.74691,1.00,1.00
2017.05.19 17:02:30.142,1.74663,1.74691,1.37,1.00
2017.05.19 17:02:30.345,1.74664,1.74693,1.12,1.00
2017.05.19 17:02:30.447,1.74667,1.74693,1.00,1.00
2017.05.19 17:02:30.753,1.74667,1.74697,1.00,1.09
2017.05.19 17:02:31.285,1.74666,1.74697,1.50,1.00
2017.05.19 17:02:31.969,1.74667,1.74697,1.00,1.00
2017.05.19 17:02:33.454,1.74668,1.74697,1.50,1.00
2017.05.19 17:02:33.555,1.74668,1.74699,2.62,1.00
2017.05.19 17:02:34.074,1.7467,1.74701,1.00,1.00
2017.05.19 17:02:34.718,1.7467,1.747,1.00,1.00
2017.05.19 17:02:35.842,1.74668,1.74699,3.37,1.00
2017.05.19 17:02:36.430,1.74671,1.747,1.00,1.50
2017.05.19 17:02:36.749,1.74668,1.74699,3.37,1.00
2017.05.19 17:02:37.051,1.74671,1.747,1.00,1.50
2017.05.19 17:02:38.542,1.74669,1.74699,1.00,1.00
2017.05.19 17:02:39.329,1.74668,1.74699,3.37,1.00
2017.05.19 17:02:39.843,1.74669,1.74699,1.00,1.09
2017.05.19 17:02:40.353,1.74668,1.74698,2.62,1.00
2017.05.19 17:02:40.907,1.74669,1.74698,1.00,1.00
2017.05.19 17:02:43.273,1.74669,1.74697,1.00,1.00
2017.05.19 17:02:43.476,1.74669,1.74694,1.00,1.00
2017.05.19 17:02:44.499,1.74668,1.74694,1.87,1.00
2017.05.19 17:02:45.014,1.74669,1.74694,1.00,1.00
2017.05.19 17:02:45.318,1.74667,1.74693,1.00,1.09
2017.05.19 17:02:45.833,1.74667,1.74694,1.00,1.09
2017.05.19 17:02:46.335,1.74666,1.74695,1.50,1.34
2017.05.19 17:02:46.950,1.74666,1.74694,1.00,1.00
2017.05.19 17:02:47.304,1.74666,1.74697,1.50,1.84
2017.05.19 17:02:47.744,1.74665,1.74694,1.87,1.00
2017.05.19 17:02:50.613,1.74665,1.74694,1.50,1.00
2017.05.19 17:02:50.953,1.74667,1.74694,1.00,1.00
2017.05.19 17:02:51.676,1.74667,1.74696,1.50,1.00
2017.05.19 17:02:51.957,1.74668,1.74699,1.50,1.84
2017.05.19 17:02:52.558,1.74668,1.74699,1.00,1.09
2017.05.19 17:02:54.352,1.7467,1.74699,1.00,1.09
2017.05.19 17:02:57.524,1.74676,1.74699,1.34,1.00
2017.05.19 17:02:57.576,1.74676,1.74703,1.00,1.00
2017.05.19 17:02:57.627,1.74677,1.74703,3.34,1.00
2017.05.19 17:02:57.678,1.74681,1.74709,2.25,1.87
2017.05.19 17:02:57.780,1.74682,1.74712,1.37,1.00
2017.05.19 17:02:58.078,1.7468,1.74711,1.87,1.00
2017.05.19 17:02:58.473,1.74679,1.7471,1.37,1.34
2017.05.19 17:02:59.013,1.74679,1.7471,3.00,1.34
2017.05.19 17:02:59.381,1.74679,1.7471,1.12,1.34
2017.05.19 17:02:59.585,1.74679,1.74707,2.25,1.00
2017.05.19 17:03:00.101,1.74678,1.74707,3.00,1.00
2017.05.19 17:03:00.405,1.74687,1.7471,1.00,1.00
2017.05.19 17:03:00.506,1.74682,1.7471,1.37,1.00
2017.05.19 17:03:01.188,1.74682,1.74711,3.00,1.00
2017.05.19 17:03:01.661,1.74682,1.74709,3.00,1.00
2017.05.19 17:03:01.965,1.74682,1.74712,3.75,1.00
2017.05.19 17:03:02.089,1.74686,1.74712,1.00,1.00
2017.05.19 17:03:03.069,1.74692,1.74714,1.00,1.00
2017.05.19 17:03:07.252,1.74691,1.74714,1.00,1.09
2017.05.19 17:03:07.779,1.74691,1.74713,1.00,1.00
2017.05.19 17:03:08.265,1.74687,1.74713,1.50,1.00
2017.05.19 17:03:08.769,1.74691,1.74712,1.00,1.09
2017.05.19 17:03:08.821,1.74686,1.74712,1.00,1.34
2017.05.19 17:03:08.873,1.74686,1.74706,1.00,1.00
2017.05.19 17:03:09.026,1.74688,1.74716,1.00,2.25
2017.05.19 17:03:09.077,1.74688,1.74716,1.00,1.12
2017.05.19 17:03:09.706,1.74688,1.74715,1.00,1.00
2017.05.19 17:03:10.140,1.74691,1.74715,1.00,1.00
2017.05.19 17:03:10.723,1.74687,1.74715,1.00,1.00
2017.05.19 17:03:10.876,1.7469,1.74716,1.00,1.00
2017.05.19 17:03:10.977,1.74692,1.74719,1.00,1.12
2017.05.19 17:03:11.172,1.74692,1.74721,1.50,2.21
2017.05.19 17:03:12.173,1.74692,1.7472,1.12,1.00
2017.05.19 17:03:12.678,1.74692,1.7472,1.37,1.00
2017.05.19 17:03:13.260,1.74691,1.7472,1.37,1.00
2017.05.19 17:03:14.547,1.74691,1.7472,1.00,1.00
2017.05.19 17:03:15.076,1.74691,1.74719,1.00,1.00
2017.05.19 17:03:15.178,1.7469,1.74717,1.00,1.00
2017.05.19 17:03:16.118,1.74689,1.74717,3.37,1.00
2017.05.19 17:03:16.641,1.7469,1.74717,2.25,1.00
2017.05.19 17:03:17.126,1.74689,1.74717,1.50,1.00
2017.05.19 17:03:17.631,1.74689,1.74717,1.50,1.34
2017.05.19 17:03:18.826,1.7469,1.74717,1.00,1.34
2017.05.19 17:03:19.372,1.74691,1.74717,1.87,1.00
2017.05.19 17:03:19.423,1.74691,1.7472,2.62,1.00
2017.05.19 17:03:19.525,1.74696,1.74722,1.00,1.00
2017.05.19 17:03:20.140,1.74696,1.74723,1.00,1.09
2017.05.19 17:03:21.071,1.74696,1.74723,1.00,1.34
2017.05.19 17:03:21.122,1.74694,1.74723,1.00,1.09
2017.05.19 17:03:21.224,1.74691,1.74721,1.50,1.00
2017.05.19 17:03:21.326,1.7469,1.74719,1.50,1.00
2017.05.19 17:03:21.860,1.7469,1.74718,1.50,1.00
2017.05.19 17:03:22.418,1.74691,1.74718,1.00,1.00
2017.05.19 17:03:22.747,1.74691,1.74716,1.00,1.00
2017.05.19 17:03:23.268,1.7469,1.74716,1.00,1.00
2017.05.19 17:03:27.240,1.7469,1.74719,1.50,1.34
2017.05.19 17:03:28.396,1.7469,1.74719,1.00,1.09
2017.05.19 17:03:29.032,1.74691,1.7472,1.00,1.34
2017.05.19 17:03:29.575,1.74692,1.7472,1.00,1.00
2017.05.19 17:03:32.437,1.74692,1.74722,1.00,1.34
2017.05.19 17:03:33.288,1.74692,1.74722,1.00,1.34
2017.05.19 17:03:35.414,1.74692,1.74718,1.00,1.00
2017.05.19 17:03:35.718,1.7469,1.74718,1.00,1.09
2017.05.19 17:03:36.388,1.74689,1.74718,1.00,1.84
2017.05.19 17:03:36.970,1.74689,1.74715,1.00,1.00
2017.05.19 17:03:37.745,1.74689,1.74712,1.00,1.00
2017.05.19 17:03:37.847,1.74682,1.74713,1.87,1.84
2017.05.19 17:03:37.949,1.74682,1.74709,2.62,1.34
2017.05.19 17:03:38.305,1.74681,1.74709,2.62,1.34
2017.05.19 17:03:39.206,1.74681,1.74708,1.87,1.34
2017.05.19 17:03:40.231,1.74681,1.74704,1.37,1.00
2017.05.19 17:03:40.857,1.7468,1.74703,1.12,1.00
2017.05.19 17:03:40.960,1.74676,1.74703,2.62,1.00
2017.05.19 17:03:41.463,1.74677,1.74704,1.00,2.25
2017.05.19 17:03:43.608,1.74678,1.74704,1.00,1.00
2017.05.19 17:03:44.175,1.74678,1.74705,1.00,1.00
2017.05.19 17:03:44.991,1.74678,1.74707,1.00,1.09
2017.05.19 17:03:45.497,1.74678,1.74706,1.00,1.00
2017.05.19 17:03:46.540,1.7468,1.74706,1.00,1.00
2017.05.19 17:03:47.068,1.7468,1.74707,1.00,1.00
2017.05.19 17:03:48.227,1.7468,1.74708,1.00,1.00
2017.05.19 17:03:49.816,1.74679,1.74708,1.00,1.50
2017.05.19 17:03:50.455,1.74679,1.74708,1.00,1.34
2017.05.19 17:03:50.557,1.74677,1.74707,1.50,1.09
2017.05.19 17:03:51.252,1.74677,1.74706,1.50,1.00
2017.05.19 17:03:53.002,1.74677,1.74707,1.50,1.50
2017.05.19 17:03:55.669,1.74677,1.74707,1.50,1.34
2017.05.19 17:03:56.603,1.74677,1.74707,1.50,1.00
2017.05.19 17:03:57.291,1.74677,1.74707,1.50,1.84
2017.05.19 17:03:58.934,1.74677,1.74707,1.50,1.34
2017.05.19 17:03:59.036,1.7468,1.74708,1.00,1.34
2017.05.19 17:03:59.269,1.74678,1.74708,1.00,1.84
2017.05.19 17:03:59.428,1.74678,1.74708,1.00,1.00
2017.05.19 17:03:59.480,1.74683,1.74708,1.00,1.00
2017.05.19 17:03:59.531,1.74683,1.74712,1.12,1.87
2017.05.19 17:03:59.633,1.74687,1.74716,1.00,1.84
2017.05.19 17:03:59.937,1.74685,1.74715,1.50,1.84
2017.05.19 17:04:00.682,1.74687,1.74715,1.00,1.09
2017.05.19 17:04:00.832,1.74685,1.74715,1.00,1.09
2017.05.19 17:04:01.024,1.74687,1.74715,1.00,1.09
2017.05.19 17:04:01.386,1.74684,1.74714,1.00,1.00
2017.05.19 17:04:02.621,1.74686,1.74714,1.00,1.00
2017.05.19 17:04:02.929,1.74684,1.74712,1.00,1.09
2017.05.19 17:04:03.058,1.74684,1.74714,1.00,1.00
2017.05.19 17:04:03.223,1.74684,1.74714,1.00,1.34
2017.05.19 17:04:03.528,1.74682,1.7471,1.00,1.34
2017.05.19 17:04:03.579,1.74676,1.74707,2.25,1.00
2017.05.19 17:04:03.681,1.74677,1.74709,1.00,1.09
2017.05.19 17:04:04.218,1.74677,1.74709,1.87,1.34
2017.05.19 17:04:04.737,1.74679,1.7471,1.00,2.59
2017.05.19 17:04:06.134,1.74679,1.7471,1.00,1.84
2017.05.19 17:04:06.185,1.74679,1.7471,1.00,1.84
2017.05.19 17:04:07.669,1.74679,1.7471,1.00,1.34
2017.05.19 17:04:08.379,1.74679,1.7471,1.00,2.59
2017.05.19 17:04:10.815,1.74679,1.74709,1.00,1.34
2017.05.19 17:04:11.105,1.74677,1.74709,1.00,1.84
2017.05.19 17:04:13.330,1.74677,1.74709,1.00,1.84
2017.05.19 17:04:13.833,1.74676,1.74706,1.00,1.00
2017.05.19 17:04:14.357,1.74676,1.74707,1.50,1.00
2017.05.19 17:04:14.672,1.74676,1.74701,1.00,1.00
2017.05.19 17:04:15.311,1.74676,1.74702,1.00,1.00
2017.05.19 17:04:16.462,1.74676,1.74701,1.00,1.00
2017.05.19 17:04:17.011,1.74675,1.74701,1.50,1.00
2017.05.19 17:04:17.559,1.74675,1.747,1.50,1.00
2017.05.19 17:04:17.754,1.74675,1.74702,1.50,1.00
2017.05.19 17:04:18.455,1.74675,1.74703,1.00,1.00
2017.05.19 17:04:18.558,1.74675,1.747,1.00,1.00
2017.05.19 17:04:19.072,1.74677,1.74705,2.25,1.00
2017.05.19 17:04:19.123,1.74678,1.74705,1.84,1.00
2017.05.19 17:04:19.174,1.74678,1.74707,2.96,1.00
2017.05.19 17:04:19.225,1.74682,1.74707,1.84,1.00
2017.05.19 17:04:19.276,1.74683,1.7471,1.00,1.00
2017.05.19 17:04:19.913,1.74683,1.74711,1.50,1.00
2017.05.19 17:04:20.407,1.74683,1.74709,1.84,1.00
2017.05.19 17:04:20.959,1.74683,1.74711,1.87,1.00
2017.05.19 17:04:21.276,1.74683,1.74708,1.87,1.00
2017.05.19 17:04:21.379,1.74687,1.74714,1.00,1.00
2017.05.19 17:04:22.103,1.74688,1.74714,1.00,1.00
2017.05.19 17:04:27.267,1.74688,1.74711,1.50,1.00
2017.05.19 17:04:29.204,1.74687,1.74711,1.00,1.00
2017.05.19 17:04:29.508,1.74682,1.74706,1.50,1.00
2017.05.19 17:04:30.171,1.74682,1.74707,1.50,1.00
2017.05.19 17:04:30.539,1.74679,1.74706,1.12,1.00
2017.05.19 17:04:31.135,1.7468,1.74706,1.00,1.00
2017.05.19 17:04:31.707,1.7468,1.74703,1.00,1.00
2017.05.19 17:04:33.288,1.74679,1.74703,2.62,1.00
2017.05.19 17:04:33.606,1.74684,1.74708,1.12,1.00
2017.05.19 17:04:33.861,1.7468,1.74705,1.00,1.00
2017.05.19 17:04:34.938,1.74681,1.74705,1.00,1.00
2017.05.19 17:04:35.183,1.74679,1.74705,1.00,1.00
2017.05.19 17:04:35.961,1.74681,1.74705,1.00,1.00
2017.05.19 17:04:36.305,1.74679,1.74705,1.50,1.00
2017.05.19 17:04:36.826,1.74681,1.74705,1.00,1.00
2017.05.19 17:04:37.180,1.7468,1.74703,1.00,1.00
2017.05.19 17:04:40.865,1.74681,1.74703,1.00,1.00
2017.05.19 17:04:41.016,1.74679,1.74703,2.25,1.00
2017.05.19 17:04:41.490,1.74681,1.74703,1.00,1.00
2017.05.19 17:04:41.541,1.74679,1.74703,1.50,1.00
2017.05.19 17:04:41.693,1.7468,1.74705,1.00,1.00
2017.05.19 17:04:42.290,1.7468,1.74706,1.00,1.00
2017.05.19 17:04:42.817,1.74679,1.74706,1.00,1.00
2017.05.19 17:04:43.916,1.7468,1.74704,1.00,1.00
2017.05.19 17:04:44.602,1.74679,1.74704,1.00,1.00
2017.05.19 17:04:45.116,1.7468,1.74704,1.00,1.00
2017.05.19 17:04:45.220,1.74684,1.74709,1.00,1.00
2017.05.19 17:04:45.271,1.74686,1.74709,1.00,1.00
2017.05.19 17:04:45.424,1.74686,1.74713,1.87,1.00
2017.05.19 17:04:45.890,1.74687,1.74711,1.50,1.00
2017.05.19 17:04:46.297,1.74687,1.74709,1.12,1.00
2017.05.19 17:04:46.599,1.74682,1.74706,2.25,1.00
2017.05.19 17:04:46.700,1.74681,1.74709,2.62,1.00
2017.05.19 17:04:46.752,1.74683,1.74709,2.25,1.00
2017.05.19 17:04:47.289,1.74687,1.74709,1.00,1.00
2017.05.19 17:04:47.442,1.74692,1.74715,1.00,1.00
2017.05.19 17:04:47.697,1.74692,1.74719,2.62,1.00
2017.05.19 17:04:48.199,1.74692,1.74719,1.12,1.00
2017.05.19 17:04:48.602,1.74692,1.74718,3.75,1.00
2017.05.19 17:04:48.704,1.74692,1.74721,1.50,1.00
2017.05.19 17:04:48.805,1.74697,1.74721,1.00,1.00
2017.05.19 17:04:49.183,1.74699,1.74721,1.00,1.00
2017.05.19 17:04:49.689,1.747,1.74722,1.00,1.00
2017.05.19 17:04:51.681,1.74699,1.74722,1.00,1.00
2017.05.19 17:04:54.172,1.74698,1.74722,1.00,1.00
2017.05.19 17:04:54.527,1.74698,1.74726,1.00,1.00
2017.05.19 17:04:55.164,1.74698,1.74725,1.00,1.00
2017.05.19 17:04:55.348,1.747,1.74725,1.00,1.00
2017.05.19 17:04:56.017,1.74699,1.74726,1.00,1.00
2017.05.19 17:04:57.100,1.74697,1.74726,1.87,1.00
2017.05.19 17:04:57.151,1.74697,1.74724,1.12,1.00
2017.05.19 17:04:57.501,1.74693,1.74722,1.00,1.00
2017.05.19 17:04:57.755,1.74692,1.7472,1.50,1.00
2017.05.19 17:04:58.517,1.74691,1.7472,1.50,1.09
2017.05.19 17:04:58.877,1.74691,1.74719,1.50,1.34
2017.05.19 17:04:59.380,1.74692,1.74719,1.00,1.34
2017.05.19 17:04:59.900,1.74691,1.74719,1.50,1.34
2017.05.19 17:05:00.002,1.74692,1.74719,1.00,1.00
2017.05.19 17:05:00.147,1.74692,1.74721,1.00,1.00
2017.05.19 17:05:00.301,1.74692,1.74721,1.50,1.34
2017.05.19 17:05:00.402,1.74692,1.74721,1.00,1.09
2017.05.19 17:05:00.453,1.74692,1.74721,1.00,1.34
2017.05.19 17:05:00.613,1.74692,1.74721,1.50,1.34
2017.05.19 17:05:01.540,1.74692,1.74721,1.50,1.00
2017.05.19 17:05:01.693,1.74692,1.74721,4.50,1.00
2017.05.19 17:05:02.129,1.74693,1.74722,1.00,2.59
2017.05.19 17:05:02.231,1.74692,1.7472,1.50,1.09
2017.05.19 17:05:02.436,1.74691,1.74718,1.00,1.00
2017.05.19 17:05:03.008,1.7469,1.74717,1.00,1.00
2017.05.19 17:05:03.558,1.7469,1.74717,1.00,1.34
2017.05.19 17:05:03.826,1.74684,1.74714,1.50,1.34
2017.05.19 17:05:04.497,1.74686,1.74714,1.84,1.00
2017.05.19 17:05:04.807,1.74685,1.74717,1.37,1.09
2017.05.19 17:05:04.858,1.74684,1.74714,2.25,1.00
2017.05.19 17:05:05.392,1.74684,1.74714,2.21,1.00
2017.05.19 17:05:05.444,1.74688,1.74718,1.00,1.00
2017.05.19 17:05:05.546,1.74688,1.7472,1.00,1.00
2017.05.19 17:05:06.109,1.74688,1.7472,1.00,1.34
2017.05.19 17:05:06.817,1.74687,1.74718,2.25,1.09
2017.05.19 17:05:07.235,1.74687,1.74718,1.50,1.34
2017.05.19 17:05:08.222,1.74686,1.74716,1.12,1.09
2017.05.19 17:05:08.799,1.74687,1.74716,1.12,1.34
2017.05.19 17:05:09.002,1.74686,1.74717,3.75,1.09
2017.05.19 17:05:09.053,1.74686,1.74717,1.50,1.09
2017.05.19 17:05:13.915,1.74687,1.74717,1.00,1.00
2017.05.19 17:05:15.535,1.74688,1.74718,1.34,1.00
2017.05.19 17:05:15.637,1.74691,1.74723,2.96,1.87
2017.05.19 17:05:15.738,1.74694,1.74723,1.00,1.00
2017.05.19 17:05:16.767,1.74694,1.74724,1.00,1.00
2017.05.19 17:05:18.584,1.74694,1.74723,1.00,1.00
2017.05.19 17:05:21.038,1.74697,1.74723,1.00,1.00
2017.05.19 17:05:22.945,1.74697,1.74725,1.00,1.00
2017.05.19 17:05:23.485,1.74697,1.74726,2.25,1.00
2017.05.19 17:05:24.576,1.74698,1.74727,1.00,1.50
2017.05.19 17:05:24.856,1.74697,1.74725,2.25,1.00
2017.05.19 17:05:25.163,1.74707,1.74736,1.00,1.00
2017.05.19 17:05:27.464,1.74708,1.74736,1.00,1.00
2017.05.19 17:05:28.077,1.74708,1.74737,1.00,1.00
2017.05.19 17:05:29.117,1.74707,1.74737,1.84,1.00
2017.05.19 17:05:29.835,1.74706,1.74737,1.00,2.59
2017.05.19 17:05:29.987,1.74704,1.74735,1.00,1.00
2017.05.19 17:05:30.089,1.74703,1.74732,1.46,1.00
2017.05.19 17:05:35.215,1.74702,1.74732,1.00,1.00
2017.05.19 17:05:35.672,1.74699,1.74727,1.00,1.00
2017.05.19 17:05:37.346,1.747,1.74727,1.00,1.00
2017.05.19 17:05:37.649,1.74707,1.74736,1.00,1.00
2017.05.19 17:05:37.852,1.74707,1.74736,4.09,1.00
2017.05.19 17:05:38.049,1.7471,1.74738,1.00,1.00
2017.05.19 17:05:38.254,1.7471,1.7474,1.37,1.00
2017.05.19 17:05:38.406,1.74712,1.7474,1.37,1.00
2017.05.19 17:05:38.660,1.7471,1.7474,1.12,1.34
2017.05.19 17:05:39.174,1.74711,1.7474,1.00,1.34
2017.05.19 17:05:39.451,1.74709,1.7474,1.12,1.34
2017.05.19 17:05:40.028,1.74709,1.7474,1.87,1.34
2017.05.19 17:05:40.721,1.74709,1.7474,1.12,1.09
2017.05.19 17:05:41.246,1.7471,1.74741,1.12,1.34
2017.05.19 17:05:41.432,1.74711,1.74741,2.25,1.00
2017.05.19 17:05:41.564,1.7471,1.74741,1.12,1.00
2017.05.19 17:05:41.666,1.7471,1.74741,3.00,1.00
2017.05.19 17:05:42.407,1.74711,1.74741,1.12,1.00
2017.05.19 17:05:43.001,1.74711,1.74741,1.37,1.00
2017.05.19 17:05:43.235,1.74713,1.74744,1.00,1.50
2017.05.19 17:05:44.677,1.74711,1.7474,3.00,1.00
2017.05.19 17:05:45.392,1.74711,1.7474,1.37,1.00
2017.05.19 17:05:45.744,1.74712,1.74743,1.37,1.00
2017.05.19 17:05:46.332,1.74713,1.74744,1.12,1.84
2017.05.19 17:05:46.690,1.74712,1.74741,3.00,1.00
2017.05.19 17:05:47.195,1.74713,1.74742,1.37,1.00
2017.05.19 17:05:47.715,1.74712,1.74741,3.00,1.00
2017.05.19 17:05:48.167,1.74714,1.74743,1.00,1.00
2017.05.19 17:05:49.242,1.74713,1.74744,1.37,1.00
2017.05.19 17:05:50.245,1.74714,1.74745,1.12,1.00
2017.05.19 17:05:50.353,1.74717,1.74745,1.84,1.00
2017.05.19 17:05:50.455,1.74719,1.74748,1.87,1.00
2017.05.19 17:05:50.651,1.7472,1.74751,1.87,1.00
2017.05.19 17:05:51.415,1.7472,1.74751,2.55,1.00
2017.05.19 17:05:51.719,1.74722,1.74752,1.00,1.00
2017.05.19 17:05:52.172,1.74722,1.7475,1.00,1.00
2017.05.19 17:05:52.781,1.74722,1.74749,1.00,1.00
2017.05.19 17:05:53.338,1.74723,1.74749,1.00,1.00
2017.05.19 17:05:55.635,1.74722,1.74749,1.00,1.00
2017.05.19 17:05:56.174,1.74723,1.74749,1.00,1.00
2017.05.19 17:05:56.652,1.74722,1.74745,1.00,1.00
2017.05.19 17:05:57.183,1.74722,1.74744,1.00,1.00
2017.05.19 17:05:57.740,1.74723,1.74744,1.00,1.00
2017.05.19 17:05:58.661,1.74723,1.74745,1.00,1.00
2017.05.19 17:06:00.098,1.74722,1.74745,1.00,1.00
2017.05.19 17:06:00.660,1.74718,1.7474,1.00,1.00
2017.05.19 17:06:00.864,1.74712,1.74738,1.87,1.00
2017.05.19 17:06:01.382,1.74712,1.74737,2.25,1.00
2017.05.19 17:06:01.854,1.74716,1.74737,1.00,1.00
2017.05.19 17:06:02.287,1.74716,1.74739,1.00,1.00
2017.05.19 17:06:02.792,1.74716,1.74742,1.00,1.00
2017.05.19 17:06:03.930,1.74716,1.74742,1.34,1.00
2017.05.19 17:06:04.487,1.74718,1.74744,1.00,1.00
2017.05.19 17:06:04.589,1.74718,1.74744,1.37,1.00
2017.05.19 17:06:04.691,1.74718,1.74744,1.00,1.00
2017.05.19 17:06:06.135,1.74717,1.74744,2.59,1.00
2017.05.19 17:06:06.724,1.74717,1.74744,2.21,1.00
2017.05.19 17:06:07.405,1.74717,1.74744,1.87,1.00
2017.05.19 17:06:08.733,1.74716,1.74744,2.21,1.00
2017.05.19 17:06:10.234,1.74717,1.74744,1.00,1.00
2017.05.19 17:06:10.387,1.74717,1.74741,1.00,1.00
2017.05.19 17:06:11.034,1.74717,1.7474,1.00,1.00
2017.05.19 17:06:12.521,1.74714,1.7474,1.00,1.00
2017.05.19 17:06:12.825,1.74712,1.74736,1.87,1.00
2017.05.19 17:06:13.313,1.74712,1.74734,2.62,1.00
2017.05.19 17:06:13.842,1.74712,1.74736,1.37,1.00
2017.05.19 17:06:14.346,1.74712,1.74735,1.00,1.00
2017.05.19 17:06:14.561,1.74708,1.74735,1.12,1.00
2017.05.19 17:06:16.356,1.74707,1.74735,1.00,1.00
2017.05.19 17:06:16.864,1.74706,1.74734,1.87,1.00
2017.05.19 17:06:18.237,1.74706,1.7473,2.25,1.00
2017.05.19 17:06:18.782,1.74706,1.7473,2.25,1.00
2017.05.19 17:06:19.051,1.74706,1.74734,1.87,1.00
2017.05.19 17:06:19.262,1.74706,1.74731,1.50,1.00
2017.05.19 17:06:20.467,1.74705,1.74733,1.37,1.00
2017.05.19 17:06:20.666,1.74705,1.7473,1.37,1.00
2017.05.19 17:06:21.173,1.74707,1.7473,1.00,1.00
2017.05.19 17:06:21.645,1.74702,1.74728,2.25,1.00
2017.05.19 17:06:21.696,1.74701,1.74728,1.00,1.00
2017.05.19 17:06:21.747,1.74699,1.74728,5.84,1.00
2017.05.19 17:06:21.950,1.74701,1.7473,1.00,1.00
2017.05.19 17:06:25.500,1.74702,1.7473,1.00,1.00
2017.05.19 17:06:29.551,1.74701,1.7473,1.00,1.00
2017.05.19 17:06:30.706,1.74701,1.74729,1.00,1.00
2017.05.19 17:06:30.808,1.74696,1.74727,1.75,2.25
2017.05.19 17:06:30.859,1.74694,1.74724,1.75,1.00
2017.05.19 17:06:30.910,1.74694,1.74724,1.00,1.00
2017.05.19 17:06:38.444,1.74691,1.74719,1.00,1.00
2017.05.19 17:06:38.795,1.74691,1.74721,1.09,1.00
2017.05.19 17:06:40.880,1.74691,1.74721,2.59,1.00
2017.05.19 17:06:41.878,1.74692,1.74724,1.00,1.00
2017.05.19 17:06:42.181,1.74689,1.74718,5.21,1.00
2017.05.19 17:06:42.893,1.7469,1.74718,1.00,1.00
2017.05.19 17:06:43.444,1.74689,1.74718,3.75,1.00
2017.05.19 17:06:43.748,1.74682,1.74711,2.25,1.00
2017.05.19 17:06:44.267,1.74682,1.74711,1.00,1.00
2017.05.19 17:06:44.576,1.74681,1.74709,1.12,1.00
2017.05.19 17:06:46.213,1.74681,1.74709,1.37,1.00
2017.05.19 17:06:46.890,1.74681,1.74709,1.00,1.00
2017.05.19 17:06:47.553,1.74681,1.74709,1.37,1.00
2017.05.19 17:06:48.452,1.74681,1.74712,1.87,1.12
2017.05.19 17:06:50.675,1.74681,1.74712,1.87,1.87
2017.05.19 17:06:50.877,1.74681,1.74709,1.00,1.00
2017.05.19 17:06:51.699,1.74688,1.74711,1.34,1.00
2017.05.19 17:06:51.852,1.74688,1.74718,2.21,1.00
2017.05.19 17:06:52.004,1.74689,1.7472,1.09,1.00
2017.05.19 17:06:52.667,1.74689,1.7472,1.34,1.00
2017.05.19 17:06:53.028,1.74688,1.74718,2.21,1.00
2017.05.19 17:06:54.582,1.74688,1.74718,2.59,1.00
2017.05.19 17:06:55.072,1.74692,1.74718,1.34,1.00
2017.05.19 17:06:56.520,1.74692,1.74718,1.34,1.00
2017.05.19 17:06:57.107,1.74688,1.74717,2.96,1.00
2017.05.19 17:06:57.506,1.74689,1.74717,1.09,1.00
2017.05.19 17:06:57.767,1.74688,1.74715,1.46,1.00
2017.05.19 17:07:05.772,1.74688,1.74717,1.46,1.00
2017.05.19 17:07:07.274,1.7469,1.7472,1.00,1.50
2017.05.19 17:07:08.149,1.7469,1.7472,1.34,1.50
2017.05.19 17:07:08.759,1.74687,1.74718,2.96,1.00
2017.05.19 17:07:09.475,1.74687,1.74718,2.59,1.00
2017.05.19 17:07:10.511,1.74688,1.74718,1.46,1.00
2017.05.19 17:07:12.227,1.74689,1.7471,1.34,1.00
2017.05.19 17:07:13.580,1.74689,1.74709,1.34,1.00
2017.05.19 17:07:13.844,1.74689,1.74711,1.34,1.00
2017.05.19 17:07:14.108,1.74688,1.74709,1.46,1.00
2017.05.19 17:07:14.981,1.74689,1.7471,1.34,1.00
2017.05.19 17:07:17.784,1.74688,1.74711,1.46,1.00
2017.05.19 17:07:21.365,1.74688,1.74711,1.46,1.00
2017.05.19 17:07:21.817,1.74689,1.74713,1.34,1.00
2017.05.19 17:07:21.965,1.74688,1.74713,1.84,1.00
2017.05.19 17:07:23.358,1.74689,1.74714,1.46,1.00
2017.05.19 17:07:26.118,1.74689,1.74713,1.71,1.00
2017.05.19 17:07:26.812,1.74688,1.7471,1.46,1.00
2017.05.19 17:07:27.026,1.74688,1.74713,1.46,1.00
2017.05.19 17:07:28.917,1.74689,1.74713,1.34,1.00
2017.05.19 17:07:29.349,1.74688,1.7471,1.46,1.00
2017.05.19 17:07:29.400,1.74688,1.7471,2.21,1.00
2017.05.19 17:07:29.918,1.74688,1.7471,1.12,1.00
2017.05.19 17:07:30.233,1.74688,1.74708,1.12,1.00
2017.05.19 17:07:30.768,1.74687,1.74709,2.21,1.00
2017.05.19 17:07:31.175,1.74684,1.74708,1.50,1.00
2017.05.19 17:07:32.147,1.74685,1.74705,1.00,1.00
2017.05.19 17:07:32.249,1.74685,1.74707,1.00,1.00
2017.05.19 17:07:33.736,1.74684,1.74709,1.34,1.00
2017.05.19 17:07:34.423,1.74684,1.74709,1.34,1.00
2017.05.19 17:07:36.240,1.74688,1.74711,1.34,1.00
2017.05.19 17:07:36.825,1.74687,1.74712,1.34,1.00
2017.05.19 17:07:37.337,1.74689,1.74713,1.34,1.00
2017.05.19 17:07:37.439,1.74692,1.74718,1.09,1.00
2017.05.19 17:07:37.746,1.74691,1.74716,1.34,1.00
2017.05.19 17:07:38.264,1.7469,1.74715,1.71,1.00
2017.05.19 17:07:38.610,1.7469,1.74713,2.21,1.00
2017.05.19 17:07:39.009,1.74691,1.74716,1.46,1.00
2017.05.19 17:07:39.213,1.74689,1.74716,2.96,1.00
2017.05.19 17:07:39.264,1.74689,1.74714,2.59,1.00
2017.05.19 17:07:39.586,1.7469,1.74714,1.71,1.00
2017.05.19 17:07:40.153,1.7469,1.74713,1.71,1.00
2017.05.19 17:07:40.650,1.74691,1.74715,3.34,1.00
2017.05.19 17:07:41.161,1.74691,1.74714,1.46,1.00
2017.05.19 17:07:41.674,1.74691,1.74713,1.46,1.00
2017.05.19 17:07:42.638,1.74691,1.74713,1.46,1.00
2017.05.19 17:07:43.140,1.74697,1.74716,1.34,1.00
2017.05.19 17:07:43.241,1.74697,1.74723,2.59,1.00
2017.05.19 17:07:43.591,1.74701,1.74723,1.00,1.00
2017.05.19 17:07:47.265,1.74701,1.74724,1.00,1.00
2017.05.19 17:07:48.097,1.74701,1.74724,1.34,1.00
2017.05.19 17:07:48.445,1.74698,1.74723,1.84,1.00
2017.05.19 17:07:48.713,1.74698,1.74723,1.84,1.00
2017.05.19 17:07:48.815,1.74702,1.74725,1.00,1.00
2017.05.19 17:07:48.866,1.74698,1.74725,1.09,1.00
2017.05.19 17:07:48.918,1.74696,1.74722,1.09,1.00
2017.05.19 17:07:48.969,1.74697,1.74722,1.12,1.00
2017.05.19 17:07:49.020,1.74696,1.74717,1.00,1.00
2017.05.19 17:07:49.122,1.74693,1.74721,1.46,1.00
2017.05.19 17:07:49.173,1.74692,1.74721,1.71,1.00
2017.05.19 17:07:49.224,1.74691,1.74713,2.59,1.00
2017.05.19 17:07:49.430,1.74695,1.7472,2.59,1.00
2017.05.19 17:07:49.482,1.74698,1.7472,1.09,1.00
2017.05.19 17:07:49.533,1.74694,1.74718,1.71,1.00
2017.05.19 17:07:50.041,1.74694,1.74718,4.12,1.00
2017.05.19 17:07:50.561,1.74694,1.74716,1.71,1.00
2017.05.19 17:07:50.713,1.74691,1.74716,2.21,1.00
2017.05.19 17:07:51.276,1.74691,1.74716,2.21,1.00
2017.05.19 17:07:51.840,1.74691,1.74716,4.09,1.00
2017.05.19 17:07:52.042,1.74692,1.74714,1.00,1.00
2017.05.19 17:07:52.554,1.74687,1.74711,1.46,1.00
2017.05.19 17:07:52.605,1.74687,1.74711,1.46,1.00
2017.05.19 17:07:53.098,1.74687,1.74711,1.46,1.00
2017.05.19 17:07:53.149,1.74691,1.74713,1.84,1.00
2017.05.19 17:07:53.454,1.7469,1.74715,1.84,1.00
2017.05.19 17:07:53.556,1.74688,1.74712,1.34,1.00
2017.05.19 17:07:53.861,1.74687,1.7471,1.34,1.00
2017.05.19 17:07:54.166,1.74693,1.74719,1.84,1.00
2017.05.19 17:07:54.218,1.74693,1.74715,1.84,1.00
2017.05.19 17:07:54.320,1.74693,1.74718,1.84,1.00
2017.05.19 17:07:54.470,1.74692,1.74718,2.21,1.00
2017.05.19 17:07:54.521,1.74692,1.74716,2.96,1.00
2017.05.19 17:07:54.859,1.74693,1.74718,2.21,1.00
2017.05.19 17:07:55.164,1.74693,1.74716,2.96,1.00
2017.05.19 17:07:55.316,1.74693,1.74716,1.71,1.00
2017.05.19 17:07:55.642,1.74692,1.74714,2.59,1.00
2017.05.19 17:07:56.313,1.74692,1.74714,2.59,1.00
2017.05.19 17:07:57.018,1.74693,1.74714,1.34,1.00
2017.05.19 17:07:57.170,1.74693,1.74714,1.34,1.00
2017.05.19 17:07:57.271,1.74691,1.74712,1.34,1.00
2017.05.19 17:07:57.859,1.74691,1.74712,1.34,1.00
2017.05.19 17:08:00.166,1.7469,1.74715,1.84,1.00
2017.05.19 17:08:00.682,1.74692,1.74715,1.84,1.00
2017.05.19 17:08:01.899,1.7469,1.74715,2.21,1.00
2017.05.19 17:08:02.408,1.74692,1.74715,2.21,1.00
2017.05.19 17:08:02.916,1.74691,1.74715,2.59,1.00
2017.05.19 17:08:04.024,1.74691,1.74715,2.59,1.00
2017.05.19 17:08:04.553,1.74691,1.74714,2.21,1.00
2017.05.19 17:08:05.714,1.74691,1.74714,2.21,1.00
2017.05.19 17:08:06.237,1.74692,1.74714,1.34,1.00
2017.05.19 17:08:08.484,1.74692,1.74714,1.34,1.00
2017.05.19 17:08:08.535,1.74692,1.74713,1.34,1.00
2017.05.19 17:08:09.050,1.74692,1.74713,1.34,1.00
2017.05.19 17:08:09.788,1.7469,1.74713,2.21,1.00
2017.05.19 17:08:11.343,1.74691,1.74713,1.46,1.00
2017.05.19 17:08:13.377,1.74691,1.74713,1.71,1.00
2017.05.19 17:08:14.044,1.74691,1.74713,1.71,1.00
2017.05.19 17:08:14.814,1.74692,1.74713,1.46,1.00
2017.05.19 17:08:15.423,1.74692,1.74713,1.46,1.00
2017.05.19 17:08:15.474,1.74689,1.74713,2.96,1.00
2017.05.19 17:08:16.145,1.74691,1.74713,1.46,1.00
2017.05.19 17:08:17.316,1.74692,1.74713,1.84,1.00
2017.05.19 17:08:17.518,1.74693,1.74713,1.84,1.00
2017.05.19 17:08:17.620,1.74692,1.74713,1.84,1.00
2017.05.19 17:08:18.126,1.7469,1.74713,1.84,1.00
2017.05.19 17:08:18.556,1.74694,1.74715,1.84,1.00
2017.05.19 17:08:18.700,1.74696,1.74721,1.46,1.00
2017.05.19 17:08:18.954,1.74701,1.74724,1.00,1.00
2017.05.19 17:08:19.472,1.74695,1.74721,1.84,1.00
2017.05.19 17:08:19.523,1.74695,1.74721,1.46,1.00
2017.05.19 17:08:19.574,1.74696,1.74719,1.12,1.00
2017.05.19 17:08:20.112,1.74697,1.74719,1.00,1.00
2017.05.19 17:08:20.466,1.74695,1.74721,1.46,1.00
2017.05.19 17:08:20.980,1.74696,1.74721,1.37,1.00
2017.05.19 17:08:21.438,1.74695,1.74721,1.46,1.00
2017.05.19 17:08:21.974,1.74696,1.74721,1.46,1.00
2017.05.19 17:08:23.041,1.74696,1.7472,1.46,1.00
2017.05.19 17:08:23.341,1.74696,1.74722,1.46,1.00
2017.05.19 17:08:23.448,1.74696,1.74719,1.00,1.00
2017.05.19 17:08:25.217,1.74695,1.74719,1.09,1.00
2017.05.19 17:08:25.753,1.74695,1.74719,1.34,1.00
2017.05.19 17:08:25.804,1.74694,1.74719,1.00,1.00
2017.05.19 17:08:25.856,1.74691,1.74717,2.21,1.00
2017.05.19 17:08:26.364,1.74691,1.74717,1.00,1.00
2017.05.19 17:08:26.819,1.74691,1.74717,1.34,1.00
2017.05.19 17:08:27.126,1.74696,1.74718,1.00,1.00
2017.05.19 17:08:28.455,1.74696,1.74716,1.00,1.00
2017.05.19 17:08:30.527,1.74697,1.74716,1.00,1.00
2017.05.19 17:08:32.388,1.74697,1.74718,1.00,1.00
2017.05.19 17:08:32.489,1.74692,1.74718,1.34,1.00
2017.05.19 17:08:32.745,1.74692,1.74716,1.34,1.00
2017.05.19 17:08:33.801,1.74692,1.74716,1.84,1.00
2017.05.19 17:08:34.133,1.74692,1.74719,1.09,1.00
2017.05.19 17:08:34.648,1.74691,1.74718,1.34,1.00
2017.05.19 17:08:35.157,1.74691,1.74718,1.34,1.00
2017.05.19 17:08:38.305,1.74691,1.74718,1.34,1.00
2017.05.19 17:08:38.910,1.74691,1.74718,1.34,1.00
2017.05.19 17:08:39.411,1.74691,1.74718,1.09,1.00
2017.05.19 17:08:41.048,1.74691,1.74718,1.34,1.00
2017.05.19 17:08:41.565,1.74691,1.74718,1.71,1.00
2017.05.19 17:08:42.358,1.74691,1.74718,1.71,1.00
2017.05.19 17:08:42.560,1.74691,1.74718,1.71,1.00
2017.05.19 17:08:42.662,1.74691,1.74716,1.71,1.00
2017.05.19 17:08:42.915,1.74687,1.74716,1.12,1.00
2017.05.19 17:08:43.018,1.74686,1.74714,1.37,1.75
2017.05.19 17:08:43.322,1.74682,1.74699,1.00,1.00
2017.05.19 17:08:43.424,1.74682,1.74707,1.34,1.50
2017.05.19 17:08:43.475,1.74683,1.74707,1.84,1.50
2017.05.19 17:08:43.526,1.74682,1.74707,1.71,1.00
2017.05.19 17:08:43.578,1.74682,1.74705,1.46,1.00
2017.05.19 17:08:43.832,1.74679,1.74705,1.34,1.00
2017.05.19 17:08:44.101,1.74677,1.74705,1.46,1.00
2017.05.19 17:08:44.260,1.74677,1.74703,1.34,1.00
2017.05.19 17:08:44.786,1.74677,1.74703,1.34,1.00
2017.05.19 17:08:45.089,1.74682,1.74705,1.00,1.00
2017.05.19 17:08:45.482,1.74676,1.74705,2.21,1.00
2017.05.19 17:08:46.111,1.74676,1.74705,1.34,1.00
2017.05.19 17:08:46.213,1.74676,1.74704,1.00,1.00
2017.05.19 17:08:46.264,1.74672,1.74698,1.37,1.00
2017.05.19 17:08:46.416,1.74668,1.74696,1.34,1.00
2017.05.19 17:08:46.703,1.74672,1.74696,1.00,1.00
2017.05.19 17:08:47.215,1.74672,1.74695,1.00,1.00
2017.05.19 17:08:47.266,1.74666,1.74692,2.59,1.00
2017.05.19 17:08:47.892,1.74666,1.74694,1.84,1.00
2017.05.19 17:08:48.044,1.74672,1.74694,1.00,1.00
2017.05.19 17:08:48.812,1.74667,1.74694,1.46,1.00
2017.05.19 17:08:48.863,1.74671,1.74694,1.00,1.00
2017.05.19 17:08:49.169,1.74667,1.74692,1.34,1.00
2017.05.19 17:08:49.739,1.74667,1.74692,1.34,1.00
2017.05.19 17:08:50.296,1.74667,1.74692,1.09,1.00
2017.05.19 17:08:50.994,1.74667,1.74692,1.34,1.00
2017.05.19 17:08:51.534,1.74667,1.74691,1.00,1.00
2017.05.19 17:08:51.738,1.74661,1.74687,1.46,1.00
2017.05.19 17:08:51.790,1.74663,1.7469,1.84,1.00
2017.05.19 17:08:51.842,1.74663,1.74692,1.84,1.00
2017.05.19 17:08:51.944,1.74663,1.74692,1.12,1.00
2017.05.19 17:08:52.198,1.74661,1.74689,1.50,1.00
2017.05.19 17:08:52.713,1.74662,1.74689,1.12,1.00
2017.05.19 17:08:53.217,1.74661,1.74689,2.25,1.00
2017.05.19 17:08:53.472,1.74659,1.74688,1.00,1.50
2017.05.19 17:08:53.524,1.74656,1.74683,1.09,1.00
2017.05.19 17:08:53.773,1.74656,1.74686,1.34,1.00
2017.05.19 17:08:55.217,1.74657,1.74685,1.84,1.00
2017.05.19 17:08:55.268,1.74657,1.74685,1.84,1.00
2017.05.19 17:08:55.573,1.74657,1.74685,1.34,1.00
2017.05.19 17:08:56.323,1.74657,1.74685,1.84,1.00
2017.05.19 17:08:56.904,1.74657,1.74685,1.84,1.00
2017.05.19 17:08:57.589,1.74657,1.74685,1.84,1.00
2017.05.19 17:08:58.102,1.74657,1.74685,1.84,1.00
2017.05.19 17:08:59.439,1.74657,1.74685,1.46,1.00
2017.05.19 17:08:59.733,1.74664,1.74693,2.21,1.00
2017.05.19 17:09:00.037,1.74666,1.74695,1.34,1.00
2017.05.19 17:09:00.547,1.74666,1.74695,1.34,1.00
2017.05.19 17:09:00.699,1.74666,1.74695,1.09,1.00
2017.05.19 17:09:01.054,1.74664,1.74693,2.21,1.00
2017.05.19 17:09:03.514,1.74664,1.74692,1.71,1.00
2017.05.19 17:09:04.064,1.74664,1.74693,2.21,1.00
2017.05.19 17:09:07.344,1.74665,1.74693,1.71,1.00
2017.05.19 17:09:07.567,1.74663,1.74689,1.50,1.00
2017.05.19 17:09:07.770,1.74656,1.74683,1.00,1.00
2017.05.19 17:09:07.922,1.74665,1.74685,1.00,1.00
2017.05.19 17:09:08.024,1.74665,1.7469,1.00,1.50
2017.05.19 17:09:08.177,1.74665,1.7469,1.00,1.00
2017.05.19 17:09:08.228,1.74665,1.74692,1.00,1.00
2017.05.19 17:09:08.630,1.74665,1.7469,1.00,1.00
2017.05.19 17:09:09.139,1.74664,1.74687,1.87,1.00
2017.05.19 17:09:09.325,1.74665,1.74691,1.00,1.00
2017.05.19 17:09:09.426,1.74665,1.74691,1.34,1.00
2017.05.19 17:09:09.478,1.74665,1.74691,1.00,1.00
2017.05.19 17:09:09.630,1.74662,1.74689,1.87,1.00
2017.05.19 17:09:09.806,1.74662,1.74689,1.87,1.00
2017.05.19 17:09:09.858,1.74662,1.74685,1.00,1.00
2017.05.19 17:09:10.113,1.74657,1.74682,1.00,1.00
2017.05.19 17:09:10.675,1.74656,1.74682,1.84,1.00
2017.05.19 17:09:11.141,1.74651,1.74679,1.37,1.00
2017.05.19 17:09:11.192,1.74651,1.74679,1.00,1.00
2017.05.19 17:09:11.344,1.74651,1.74677,1.00,1.00
2017.05.19 17:09:11.881,1.74652,1.74677,1.00,1.00
2017.05.19 17:09:12.385,1.74651,1.74677,1.00,1.00
2017.05.19 17:09:14.436,1.74651,1.74679,1.00,1.00
2017.05.19 17:09:14.740,1.74652,1.74676,1.00,1.00
2017.05.19 17:09:15.033,1.74652,1.74678,1.00,1.00
2017.05.19 17:09:15.580,1.74652,1.74677,1.00,1.00
2017.05.19 17:09:15.772,1.74648,1.74677,1.12,1.00
2017.05.19 17:09:16.044,1.74651,1.74675,1.00,1.00
2017.05.19 17:09:16.566,1.74652,1.74676,1.00,1.50
2017.05.19 17:09:16.995,1.74647,1.74676,1.00,1.50
2017.05.19 17:09:17.421,1.74652,1.74676,1.00,1.50
2017.05.19 17:09:19.775,1.74647,1.74676,1.12,1.00
2017.05.19 17:09:20.329,1.74651,1.74676,1.00,1.50
2017.05.19 17:09:21.281,1.74652,1.74676,1.00,1.00
2017.05.19 17:09:23.169,1.74652,1.74675,1.00,1.00
2017.05.19 17:09:23.714,1.74652,1.74674,1.00,1.00
2017.05.19 17:09:24.060,1.74652,1.74676,1.00,1.50
2017.05.19 17:09:24.111,1.74646,1.74676,1.00,1.50
2017.05.19 17:09:24.779,1.74646,1.74673,1.00,1.00
2017.05.19 17:09:27.629,1.74642,1.74673,1.84,1.00
2017.05.19 17:09:28.032,1.74651,1.74673,1.34,1.00
2017.05.19 17:09:28.084,1.74652,1.74677,1.34,1.50
2017.05.19 17:09:28.240,1.74653,1.7468,1.46,1.00
2017.05.19 17:09:29.039,1.74653,1.7468,1.46,1.00
2017.05.19 17:09:29.469,1.74654,1.74681,1.34,1.00
2017.05.19 17:09:29.621,1.74654,1.74681,1.09,1.00
2017.05.19 17:09:30.167,1.74654,1.74681,1.34,1.00
2017.05.19 17:09:30.899,1.74654,1.74681,1.00,1.00
2017.05.19 17:09:31.492,1.74656,1.74681,1.00,1.00
2017.05.19 17:09:31.742,1.74654,1.74681,1.09,1.00
2017.05.19 17:09:32.727,1.74654,1.74681,1.34,1.00
2017.05.19 17:09:33.152,1.74654,1.74683,1.09,1.00
2017.05.19 17:09:33.566,1.74656,1.74685,1.00,1.00
2017.05.19 17:09:36.558,1.74655,1.74684,1.34,1.00
2017.05.19 17:09:36.660,1.74655,1.74686,1.71,1.00
2017.05.19 17:09:38.658,1.74654,1.74683,2.21,1.00
2017.05.19 17:09:39.190,1.74654,1.74681,1.34,1.00
2017.05.19 17:09:41.283,1.74654,1.74684,1.34,1.00
2017.05.19 17:09:41.579,1.74653,1.74681,3.34,1.00
2017.05.19 17:09:41.797,1.74654,1.74683,1.34,1.00
2017.05.19 17:09:42.109,1.74653,1.7468,2.59,1.00
2017.05.19 17:09:43.525,1.74654,1.7468,1.34,1.00
2017.05.19 17:09:43.678,1.74654,1.74682,1.34,1.00
2017.05.19 17:09:58.109,1.74653,1.74682,2.21,1.00
2017.05.19 17:09:59.482,1.74654,1.74683,1.00,1.00
2017.05.19 17:10:00.935,1.74654,1.74683,1.00,1.34
2017.05.19 17:10:01.138,1.74654,1.74682,1.00,1.34
2017.05.19 17:10:01.190,1.74647,1.74675,1.50,1.00
2017.05.19 17:10:01.697,1.74647,1.74673,1.00,1.00
2017.05.19 17:10:02.215,1.74646,1.74673,1.00,1.00
2017.05.19 17:10:02.965,1.74647,1.74673,1.00,1.00
2017.05.19 17:10:03.117,1.74647,1.74675,1.00,1.00
2017.05.19 17:10:03.384,1.74647,1.74675,1.34,1.00
2017.05.19 17:10:04.490,1.74647,1.74676,1.34,1.00
2017.05.19 17:10:04.954,1.74647,1.74674,1.34,1.00
2017.05.19 17:10:05.303,1.74647,1.74674,1.00,1.00
2017.05.19 17:10:05.557,1.74645,1.74674,1.09,1.00
2017.05.19 17:10:06.069,1.74643,1.74674,1.34,1.00
2017.05.19 17:10:06.678,1.74642,1.74672,1.34,1.00
2017.05.19 17:10:07.052,1.74642,1.74672,1.09,1.00
2017.05.19 17:10:07.698,1.74642,1.7467,1.09,1.00
2017.05.19 17:10:09.412,1.74642,1.74672,1.09,1.00
2017.05.19 17:10:09.953,1.74641,1.74672,2.96,1.09
2017.05.19 17:10:10.207,1.74641,1.74671,2.21,1.00
2017.05.19 17:10:11.887,1.74642,1.74671,1.00,1.00
2017.05.19 17:10:15.455,1.74642,1.74671,1.34,1.00
2017.05.19 17:10:15.602,1.74643,1.74674,1.09,1.84
2017.05.19 17:10:16.119,1.74643,1.74674,1.00,1.84
2017.05.19 17:10:16.417,1.74641,1.74672,2.96,1.09
2017.05.19 17:10:16.904,1.74644,1.74673,1.00,1.00
2017.05.19 17:10:17.447,1.74644,1.74673,1.00,1.34
2017.05.19 17:10:17.805,1.74642,1.74671,1.00,1.00
2017.05.19 17:10:21.911,1.74641,1.74671,1.87,1.00
2017.05.19 17:10:22.442,1.74641,1.74672,1.84,1.00
2017.05.19 17:10:22.494,1.74641,1.74672,1.84,1.00
2017.05.19 17:10:22.904,1.74641,1.74672,1.50,1.00
2017.05.19 17:10:22.955,1.74641,1.74669,1.00,1.00
2017.05.19 17:10:23.006,1.74641,1.74671,1.00,1.50
2017.05.19 17:10:23.058,1.74641,1.7467,1.00,1.34
2017.05.19 17:10:23.386,1.74641,1.74665,1.00,1.00
2017.05.19 17:10:23.975,1.74641,1.74666,1.00,1.00
2017.05.19 17:10:24.338,1.74646,1.7467,2.59,1.00
2017.05.19 17:10:24.440,1.74644,1.74673,1.84,1.00
2017.05.19 17:10:24.593,1.74644,1.74675,1.34,1.00
2017.05.19 17:10:25.127,1.74644,1.74675,1.34,1.00
2017.05.19 17:10:25.636,1.74644,1.74675,1.34,1.00
2017.05.19 17:10:26.124,1.74644,1.74675,1.09,1.00
2017.05.19 17:10:26.435,1.74644,1.74673,1.00,1.00
2017.05.19 17:10:28.720,1.74643,1.74672,2.25,1.00
2017.05.19 17:10:29.578,1.74643,1.74672,2.59,1.00
2017.05.19 17:10:30.220,1.74644,1.74675,1.09,1.00
2017.05.19 17:10:30.322,1.74644,1.74673,1.09,1.00
2017.05.19 17:10:30.981,1.74643,1.74673,1.50,1.00
2017.05.19 17:10:32.623,1.74644,1.74673,1.00,1.00
2017.05.19 17:10:33.157,1.74643,1.74672,2.25,1.00
2017.05.19 17:10:36.287,1.74644,1.74673,1.00,1.00
2017.05.19 17:10:37.075,1.74643,1.74672,2.59,1.00
2017.05.19 17:10:37.634,1.74643,1.74671,1.00,1.00
2017.05.19 17:10:37.988,1.74639,1.7467,1.09,1.00
2017.05.19 17:10:39.058,1.74639,1.74668,1.09,1.00
2017.05.19 17:10:39.734,1.74639,1.7467,1.09,1.00
2017.05.19 17:10:40.182,1.74639,1.7467,2.59,1.00
2017.05.19 17:10:40.334,1.74644,1.74673,1.34,1.00
2017.05.19 17:10:40.885,1.74645,1.74674,1.34,1.00
2017.05.19 17:10:41.429,1.74645,1.74674,1.00,1.00
2017.05.19 17:10:42.136,1.74644,1.74673,1.50,1.00
2017.05.19 17:10:43.151,1.74643,1.74673,1.00,1.00
2017.05.19 17:10:43.664,1.74644,1.74673,1.00,1.00
2017.05.19 17:10:44.166,1.74643,1.74673,1.00,1.00
2017.05.19 17:10:44.714,1.74644,1.74673,1.00,1.00
2017.05.19 17:10:45.381,1.74643,1.74673,1.09,1.00
2017.05.19 17:10:45.966,1.74644,1.74673,1.00,1.00
2017.05.19 17:10:46.471,1.74643,1.74673,1.00,1.00
2017.05.19 17:10:47.961,1.74643,1.74673,1.34,1.00
2017.05.19 17:10:48.476,1.74643,1.74673,1.34,1.00
2017.05.19 17:10:49.007,1.74643,1.74673,1.09,1.00
2017.05.19 17:10:49.466,1.74643,1.7467,1.09,1.00
2017.05.19 17:10:49.968,1.74643,1.74669,1.00,1.00
2017.05.19 17:10:50.735,1.74642,1.74669,1.00,1.00
2017.05.19 17:10:51.284,1.74641,1.74669,1.46,1.00
2017.05.19 17:10:51.546,1.74642,1.74671,1.00,1.00
2017.05.19 17:10:52.265,1.74642,1.7467,1.00,1.00
2017.05.19 17:10:52.819,1.74641,1.7467,1.09,1.00
2017.05.19 17:10:53.358,1.74642,1.74669,1.00,1.00
2017.05.19 17:10:53.933,1.74641,1.74669,1.09,1.00
2017.05.19 17:10:53.984,1.74641,1.74671,1.09,1.00
2017.05.19 17:10:54.502,1.74642,1.74671,1.09,1.00
2017.05.19 17:10:54.553,1.74641,1.74672,2.21,1.00
2017.05.19 17:10:54.654,1.74641,1.74672,1.84,1.00
2017.05.19 17:10:55.955,1.74641,1.74672,2.96,1.00
2017.05.19 17:10:56.113,1.74642,1.74672,1.34,1.00
2017.05.19 17:10:56.467,1.74644,1.74673,1.34,1.00
2017.05.19 17:10:56.671,1.74647,1.74678,2.21,2.62
2017.05.19 17:10:57.152,1.74647,1.74677,1.00,1.34
2017.05.19 17:10:57.254,1.74645,1.74676,1.00,1.34
2017.05.19 17:10:57.457,1.74643,1.74674,1.00,1.00
2017.05.19 17:10:58.595,1.74643,1.74674,1.34,1.00
2017.05.19 17:10:59.105,1.74644,1.74675,1.34,1.00
2017.05.19 17:11:00.884,1.74644,1.74675,1.00,1.00
2017.05.19 17:11:01.188,1.74642,1.74672,1.00,1.09
2017.05.19 17:11:01.494,1.74643,1.74669,1.09,1.00
2017.05.19 17:11:02.072,1.74643,1.74671,1.09,1.00
2017.05.19 17:11:02.447,1.74643,1.7467,1.34,1.00
2017.05.19 17:11:02.751,1.74642,1.74667,1.34,1.00
2017.05.19 17:11:03.448,1.74643,1.74667,1.34,1.00
2017.05.19 17:11:04.295,1.74642,1.74667,1.34,1.00
2017.05.19 17:11:05.088,1.74642,1.74667,1.34,1.00
2017.05.19 17:11:06.968,1.74643,1.74667,1.34,1.00
2017.05.19 17:11:08.872,1.74642,1.74667,1.34,1.00
2017.05.19 17:11:08.974,1.74642,1.74667,1.09,1.00
2017.05.19 17:11:10.188,1.74643,1.74667,1.00,1.00
2017.05.19 17:11:10.701,1.74642,1.74667,1.00,1.00
2017.05.19 17:11:11.433,1.74642,1.74667,1.34,1.00
2017.05.19 17:11:11.484,1.74642,1.74667,1.00,1.00
2017.05.19 17:11:11.946,1.74643,1.74667,1.34,1.00
2017.05.19 17:11:12.491,1.74643,1.74668,1.34,1.00
2017.05.19 17:11:12.542,1.74642,1.74668,1.00,1.00
2017.05.19 17:11:13.056,1.74642,1.74669,1.34,1.00
2017.05.19 17:11:13.107,1.74642,1.74671,1.84,1.00
2017.05.19 17:11:13.590,1.74643,1.74669,1.00,1.00
2017.05.19 17:11:14.157,1.74642,1.74668,1.00,1.00
2017.05.19 17:11:14.662,1.74643,1.74668,1.09,1.00
2017.05.19 17:11:14.973,1.74643,1.74666,1.34,1.00
2017.05.19 17:11:17.576,1.74642,1.74667,1.34,1.00
2017.05.19 17:11:17.678,1.74642,1.7467,1.34,1.00
2017.05.19 17:11:18.295,1.74643,1.7467,1.34,1.00
2017.05.19 17:11:18.836,1.74647,1.7467,1.84,1.00
2017.05.19 17:11:18.888,1.74649,1.74676,1.34,1.50
2017.05.19 17:11:19.148,1.74653,1.74682,1.00,1.50
2017.05.19 17:11:19.503,1.74655,1.74683,1.00,1.00
2017.05.19 17:11:20.433,1.74655,1.74684,1.00,1.09
2017.05.19 17:11:20.910,1.74653,1.74682,1.00,1.00
2017.05.19 17:11:21.181,1.74654,1.74685,1.00,1.84
2017.05.19 17:11:21.381,1.74651,1.74682,2.59,1.00
2017.05.19 17:11:21.882,1.74651,1.7468,2.59,1.00
2017.05.19 17:11:22.383,1.74652,1.74683,1.09,1.00
2017.05.19 17:11:28.058,1.74652,1.74683,1.34,1.50
2017.05.19 17:11:28.788,1.74653,1.74682,1.09,1.00
2017.05.19 17:11:29.938,1.74652,1.74681,1.34,1.00
2017.05.19 17:11:30.657,1.74653,1.74682,1.09,1.00
2017.05.19 17:11:32.147,1.74653,1.74682,1.34,1.00
2017.05.19 17:11:37.609,1.74654,1.74684,1.09,1.00
2017.05.19 17:11:37.841,1.74651,1.74682,1.84,1.00
2017.05.19 17:11:43.204,1.7465,1.7468,1.84,1.00
2017.05.19 17:11:47.416,1.7465,1.74679,2.96,1.00
2017.05.19 17:11:48.191,1.74651,1.7468,1.34,1.00
2017.05.19 17:11:48.496,1.74651,1.74675,1.00,1.00
2017.05.19 17:11:48.901,1.74648,1.7467,1.00,1.00
2017.05.19 17:11:48.953,1.74643,1.7467,1.84,1.00
2017.05.19 17:11:49.004,1.74644,1.74673,1.34,1.00
2017.05.19 17:11:51.069,1.74642,1.74672,1.84,1.00
2017.05.19 17:11:52.100,1.74642,1.74672,2.59,1.00
2017.05.19 17:11:52.537,1.74643,1.74672,1.34,1.00
2017.05.19 17:11:53.038,1.74643,1.74673,1.34,1.00
2017.05.19 17:11:54.006,1.74643,1.74669,1.34,1.00
2017.05.19 17:11:54.713,1.74642,1.74669,1.84,1.00
2017.05.19 17:11:54.916,1.74642,1.74672,1.84,1.00
2017.05.19 17:11:55.374,1.74642,1.74669,1.84,1.00
2017.05.19 17:11:56.214,1.74643,1.74671,1.34,1.00
2017.05.19 17:11:56.385,1.74642,1.74673,2.59,1.00
2017.05.19 17:11:56.775,1.74643,1.74671,1.34,1.00
2017.05.19 17:11:57.106,1.74644,1.74671,1.84,1.00
2017.05.19 17:11:57.960,1.74642,1.74671,3.34,1.00
2017.05.19 17:11:58.597,1.74643,1.74673,1.34,1.00
2017.05.19 17:11:58.795,1.74642,1.74673,3.71,1.00
2017.05.19 17:11:58.896,1.74642,1.74671,3.71,1.00
2017.05.19 17:11:59.810,1.74642,1.74671,3.34,1.00
2017.05.19 17:12:00.417,1.74642,1.74671,2.59,1.00
2017.05.19 17:12:00.931,1.74642,1.74671,2.59,1.00
2017.05.19 17:12:01.598,1.74642,1.74671,3.71,1.00
2017.05.19 17:12:01.903,1.74642,1.74668,3.34,1.00
2017.05.19 17:12:02.441,1.74643,1.74668,1.09,1.00
2017.05.19 17:12:03.096,1.74642,1.7467,1.84,1.00
2017.05.19 17:12:03.952,1.74642,1.7467,1.84,1.00
2017.05.19 17:12:04.105,1.74642,1.74668,1.84,1.00
2017.05.19 17:12:05.514,1.74643,1.74668,1.34,1.00
2017.05.19 17:12:06.018,1.74643,1.74668,1.09,1.00
2017.05.19 17:12:06.618,1.74644,1.74668,1.00,1.00
2017.05.19 17:12:07.008,1.7464,1.74668,1.37,1.46
2017.05.19 17:12:07.059,1.74639,1.74666,1.00,1.00
2017.05.19 17:12:07.110,1.74635,1.74659,2.21,1.00
2017.05.19 17:12:07.313,1.74632,1.74659,2.59,1.00
2017.05.19 17:12:07.718,1.74632,1.74657,1.84,1.00
2017.05.19 17:12:08.065,1.7463,1.74656,1.12,1.00
2017.05.19 17:12:08.116,1.7463,1.74652,1.00,1.00
2017.05.19 17:12:08.167,1.74626,1.74652,1.00,1.00
2017.05.19 17:12:08.672,1.74625,1.74652,1.00,1.00
2017.05.19 17:12:09.479,1.74623,1.74652,3.34,1.00
2017.05.19 17:12:10.097,1.74624,1.74652,1.46,1.00
2017.05.19 17:12:10.838,1.74624,1.74652,1.12,1.00
2017.05.19 17:12:11.019,1.74624,1.74648,1.46,1.00
2017.05.19 17:12:11.584,1.74624,1.74648,1.46,1.00
2017.05.19 17:12:12.110,1.74624,1.74648,1.12,1.00
2017.05.19 17:12:12.412,1.74624,1.74646,1.12,1.00
2017.05.19 17:12:14.896,1.74623,1.74641,1.50,1.00
2017.05.19 17:12:15.131,1.74623,1.74644,1.50,1.00
2017.05.19 17:12:15.312,1.74624,1.74646,1.12,1.00
2017.05.19 17:12:15.797,1.74624,1.74644,1.12,1.00
2017.05.19 17:12:17.621,1.74624,1.74641,1.12,1.00
2017.05.19 17:12:21.933,1.74624,1.74643,1.12,1.00
2017.05.19 17:12:22.544,1.74624,1.74641,1.12,1.00
2017.05.19 17:12:23.434,1.74623,1.74645,1.84,1.00
2017.05.19 17:12:23.974,1.74624,1.74646,2.21,1.00
2017.05.19 17:12:24.579,1.74624,1.74646,2.21,1.00
2017.05.19 17:12:26.510,1.74624,1.74648,1.46,1.00
2017.05.19 17:12:29.569,1.74623,1.74648,1.84,1.00
2017.05.19 17:12:31.434,1.74624,1.7465,1.09,1.00
2017.05.19 17:12:35.419,1.74624,1.74647,1.09,1.00
2017.05.19 17:12:35.648,1.74624,1.7465,1.84,1.00
2017.05.19 17:12:36.206,1.74624,1.7465,1.84,1.00
2017.05.19 17:12:36.798,1.74624,1.7465,1.09,1.00
2017.05.19 17:12:41.697,1.74629,1.7465,1.00,1.00
2017.05.19 17:12:41.748,1.74629,1.74653,1.84,1.00
2017.05.19 17:12:41.850,1.7463,1.74655,1.34,1.00
2017.05.19 17:12:41.952,1.74632,1.74658,1.09,1.00
2017.05.19 17:12:42.670,1.7463,1.7466,1.46,1.00
2017.05.19 17:12:42.826,1.7463,1.74658,1.46,1.00
2017.05.19 17:12:43.378,1.74633,1.74659,1.00,1.00
2017.05.19 17:12:43.699,1.74633,1.74659,1.00,1.84
2017.05.19 17:12:43.751,1.7463,1.74659,2.25,1.84
2017.05.19 17:12:43.853,1.74625,1.74655,1.00,1.34
2017.05.19 17:12:44.157,1.74625,1.74653,1.00,1.34
2017.05.19 17:12:44.422,1.74624,1.74653,1.50,1.34
2017.05.19 17:12:45.046,1.74625,1.74652,1.00,1.09
2017.05.19 17:12:45.622,1.74624,1.74652,1.50,1.00
2017.05.19 17:12:45.723,1.74625,1.74652,1.00,2.21
2017.05.19 17:12:45.826,1.74621,1.7465,1.12,1.34
2017.05.19 17:12:45.877,1.7462,1.74646,1.50,1.09
2017.05.19 17:12:46.236,1.74621,1.74648,1.46,1.00
2017.05.19 17:12:46.778,1.74621,1.74651,1.09,1.00
2017.05.19 17:12:46.980,1.74621,1.74649,1.09,1.00
2017.05.19 17:12:47.648,1.74621,1.74649,2.59,1.00
2017.05.19 17:12:47.750,1.74622,1.7465,1.09,1.00
2017.05.19 17:12:48.158,1.74621,1.74648,1.09,1.00
2017.05.19 17:12:48.467,1.74621,1.74648,1.09,1.00
2017.05.19 17:12:48.518,1.74621,1.74648,1.09,1.00
2017.05.19 17:12:48.912,1.74621,1.74648,1.09,1.00
2017.05.19 17:12:49.215,1.74621,1.74648,1.09,1.00
2017.05.19 17:12:49.317,1.74621,1.74648,1.09,1.00
2017.05.19 17:12:49.367,1.74621,1.74653,1.09,1.00
2017.05.19 17:12:49.419,1.74621,1.74653,1.09,1.00
2017.05.19 17:12:49.940,1.74621,1.74653,1.09,1.37
2017.05.19 17:12:50.042,1.74621,1.74648,1.09,1.00
2017.05.19 17:12:53.266,1.74623,1.74654,1.09,1.09
2017.05.19 17:12:55.618,1.74623,1.74654,1.34,1.00
2017.05.19 17:12:56.273,1.74625,1.74654,1.00,1.00
2017.05.19 17:12:56.946,1.74624,1.74653,1.09,1.00
2017.05.19 17:12:58.166,1.74623,1.74652,1.34,1.00
2017.05.19 17:12:58.775,1.74623,1.74652,1.00,1.09
2017.05.19 17:12:59.548,1.74621,1.7465,2.96,1.00
2017.05.19 17:13:01.052,1.74622,1.7465,1.34,1.00
2017.05.19 17:13:01.154,1.74623,1.74652,1.34,1.00
2017.05.19 17:13:01.730,1.74623,1.74652,1.00,1.00
2017.05.19 17:13:02.256,1.74622,1.74653,1.50,1.09
2017.05.19 17:13:02.780,1.74622,1.74653,3.75,1.09
2017.05.19 17:13:02.977,1.74622,1.74653,1.50,1.09
2017.05.19 17:13:03.297,1.74621,1.7465,3.00,1.00
2017.05.19 17:13:03.910,1.74622,1.7465,1.09,1.00
2017.05.19 17:13:04.062,1.74622,1.74653,1.84,1.09
2017.05.19 17:13:04.461,1.74622,1.74653,3.37,1.34
2017.05.19 17:13:04.627,1.74621,1.7465,3.75,1.00
2017.05.19 17:13:05.361,1.74621,1.7465,3.75,1.00
2017.05.19 17:13:06.402,1.74621,1.7465,3.00,1.00
2017.05.19 17:13:07.725,1.74621,1.7465,3.37,1.00
2017.05.19 17:13:08.434,1.74621,1.7465,2.96,1.00
2017.05.19 17:13:08.587,1.74622,1.74653,1.34,1.00
2017.05.19 17:13:08.960,1.74621,1.74651,2.96,1.00
2017.05.19 17:13:09.474,1.74621,1.74651,2.21,1.00
2017.05.19 17:13:10.023,1.74623,1.74652,1.34,1.00
2017.05.19 17:13:10.355,1.74621,1.7465,3.71,1.00
2017.05.19 17:13:12.386,1.74623,1.74654,1.34,1.00
2017.05.19 17:13:12.906,1.74623,1.74653,1.34,1.00
2017.05.19 17:13:14.694,1.74622,1.74653,1.46,1.00
2017.05.19 17:13:14.744,1.74622,1.74653,1.71,1.00
2017.05.19 17:13:14.795,1.74626,1.74657,1.84,1.50
2017.05.19 17:13:14.948,1.74627,1.74657,3.34,1.00
2017.05.19 17:13:15.304,1.7463,1.74659,1.09,1.00
2017.05.19 17:13:16.899,1.74627,1.74657,1.34,1.00
2017.05.19 17:13:17.102,1.7463,1.74659,1.34,1.00
2017.05.19 17:13:19.080,1.74631,1.7466,1.09,1.00
2017.05.19 17:13:20.517,1.74629,1.7466,1.84,1.00
2017.05.19 17:13:24.006,1.7463,1.7466,1.46,1.00
2017.05.19 17:13:24.107,1.74629,1.7466,2.21,1.00
2017.05.19 17:13:24.310,1.74631,1.7466,1.34,1.00
2017.05.19 17:13:25.222,1.74632,1.7466,1.34,1.00
2017.05.19 17:13:29.309,1.74632,1.74662,1.34,1.00
2017.05.19 17:13:29.887,1.74632,1.74661,1.34,1.00
2017.05.19 17:13:33.374,1.74631,1.74661,1.34,1.00
2017.05.19 17:13:33.425,1.74631,1.74659,1.00,1.00
2017.05.19 17:13:33.526,1.74628,1.74659,1.09,1.00
2017.05.19 17:13:34.286,1.74629,1.74659,1.00,1.09
2017.05.19 17:13:34.516,1.7463,1.74661,1.00,1.84
2017.05.19 17:13:34.815,1.74632,1.74661,1.00,1.00
2017.05.19 17:13:35.427,1.74633,1.74661,1.00,1.00
2017.05.19 17:13:36.112,1.74631,1.74661,1.00,1.00
2017.05.19 17:13:36.181,1.74628,1.74659,1.84,1.00
2017.05.19 17:13:36.782,1.74631,1.74661,1.00,1.00
2017.05.19 17:13:37.363,1.74632,1.74661,1.00,1.50
2017.05.19 17:13:40.132,1.74632,1.74661,1.00,2.59
2017.05.19 17:13:40.413,1.74629,1.7466,1.34,1.09
2017.05.19 17:13:40.719,1.74627,1.74658,2.59,1.00
2017.05.19 17:13:41.155,1.74627,1.74656,1.46,1.00
2017.05.19 17:13:44.393,1.74627,1.74654,1.46,1.00
2017.05.19 17:13:45.524,1.74628,1.74659,1.46,1.00
2017.05.19 17:13:48.721,1.74627,1.74658,2.96,1.00
2017.05.19 17:13:51.714,1.74627,1.74658,1.84,1.00
2017.05.19 17:13:51.765,1.74631,1.74658,1.00,1.00
2017.05.19 17:13:52.374,1.74631,1.74658,1.71,1.00
2017.05.19 17:13:53.489,1.74637,1.74658,1.00,1.00
2017.05.19 17:13:53.698,1.74631,1.74658,1.09,1.00
2017.05.19 17:13:53.750,1.74632,1.74663,1.34,3.37
2017.05.19 17:13:54.303,1.74632,1.74663,1.46,2.62
2017.05.19 17:13:54.848,1.74634,1.74662,1.34,1.00
2017.05.19 17:13:55.398,1.74634,1.74663,1.46,1.12
2017.05.19 17:13:56.122,1.74636,1.74662,1.09,1.00
2017.05.19 17:13:56.933,1.74631,1.74662,4.84,1.00
2017.05.19 17:13:57.034,1.74631,1.74659,4.46,1.00
2017.05.19 17:13:57.558,1.74632,1.74659,1.71,1.00
2017.05.19 17:13:57.676,1.74633,1.74663,1.46,1.12
2017.05.19 17:13:58.140,1.74637,1.74664,1.00,1.87
2017.05.19 17:13:58.343,1.74633,1.74661,1.46,1.00
2017.05.19 17:13:58.445,1.74632,1.74661,1.34,1.00
2017.05.19 17:13:58.647,1.74632,1.74663,1.34,1.12
2017.05.19 17:13:59.246,1.74636,1.74663,1.09,1.12
2017.05.19 17:14:00.288,1.74636,1.74667,1.09,1.50
2017.05.19 17:14:01.944,1.74636,1.74665,1.09,1.00
2017.05.19 17:14:02.473,1.74636,1.74665,2.62,1.00
2017.05.19 17:14:02.829,1.74637,1.74665,1.46,1.00
2017.05.19 17:14:02.879,1.74637,1.74668,2.21,1.50
2017.05.19 17:14:03.428,1.74637,1.74668,3.71,2.59
2017.05.19 17:14:03.943,1.74638,1.74667,1.09,1.00
2017.05.19 17:14:05.529,1.74637,1.74667,1.87,1.34
2017.05.19 17:14:05.682,1.74636,1.74665,1.37,2.59
2017.05.19 17:14:05.936,1.74628,1.74656,1.00,1.34
2017.05.19 17:14:06.038,1.74627,1.74656,1.00,1.09
2017.05.19 17:14:06.293,1.74624,1.74653,1.84,1.00
2017.05.19 17:14:06.395,1.74629,1.74658,1.00,1.00
2017.05.19 17:14:06.634,1.74631,1.74659,1.00,1.00
2017.05.19 17:14:06.687,1.74627,1.74658,1.87,1.09
2017.05.19 17:14:07.194,1.74627,1.74658,1.00,1.09
2017.05.19 17:14:07.396,1.7463,1.74659,1.00,1.50
2017.05.19 17:14:07.903,1.74631,1.74661,1.12,1.12
2017.05.19 17:14:08.531,1.74631,1.74662,1.12,3.34
2017.05.19 17:14:08.683,1.74629,1.7466,1.09,1.09
2017.05.19 17:14:08.886,1.74629,1.74658,1.34,1.00
2017.05.19 17:14:09.443,1.74631,1.74658,1.00,1.00
2017.05.19 17:14:10.483,1.74632,1.74658,1.00,1.34
2017.05.19 17:14:10.635,1.74629,1.74658,1.00,1.34
2017.05.19 17:14:10.787,1.74626,1.74657,1.50,1.34
2017.05.19 17:14:10.939,1.74626,1.74656,1.00,1.09
2017.05.19 17:14:11.489,1.74626,1.74657,1.84,1.00
2017.05.19 17:14:11.691,1.74626,1.74657,1.84,1.00
2017.05.19 17:14:11.743,1.74626,1.74657,2.21,1.00
2017.05.19 17:14:11.896,1.74628,1.74659,1.09,1.00
2017.05.19 17:14:11.947,1.74628,1.74659,1.00,1.34
2017.05.19 17:14:12.466,1.74626,1.74656,1.00,1.00
2017.05.19 17:14:12.978,1.74627,1.74656,1.00,1.00
2017.05.19 17:14:16.305,1.74627,1.74655,1.00,1.00
2017.05.19 17:14:16.574,1.74627,1.74657,1.00,1.09
2017.05.19 17:14:16.955,1.74627,1.74657,1.00,1.34
2017.05.19 17:14:17.308,1.74625,1.74656,1.00,1.09
2017.05.19 17:14:17.904,1.74625,1.74656,1.00,1.34
2017.05.19 17:14:18.415,1.74625,1.74656,1.00,1.34
2017.05.19 17:14:21.029,1.74625,1.74656,1.00,1.34
2017.05.19 17:14:21.564,1.74626,1.74657,1.00,1.34
2017.05.19 17:14:23.005,1.74626,1.74655,1.00,1.34
2017.05.19 17:14:23.897,1.74624,1.74655,1.87,1.34
2017.05.19 17:14:24.523,1.74625,1.74656,1.12,1.34
2017.05.19 17:14:25.040,1.74625,1.74656,1.12,1.34
2017.05.19 17:14:25.550,1.74624,1.74653,1.87,1.00
2017.05.19 17:14:25.601,1.74625,1.74656,1.00,1.09
2017.05.19 17:14:26.928,1.74624,1.74655,1.12,1.00
2017.05.19 17:14:27.888,1.74626,1.74655,1.00,1.00
2017.05.19 17:14:28.513,1.74626,1.74655,1.87,1.00
2017.05.19 17:14:30.023,1.74626,1.74655,1.87,1.34
2017.05.19 17:14:30.227,1.74628,1.74657,1.00,1.34
2017.05.19 17:14:30.997,1.74628,1.74659,1.00,1.34
2017.05.19 17:14:31.301,1.7463,1.7466,1.00,1.34
2017.05.19 17:14:31.788,1.74628,1.74657,1.00,1.00
2017.05.19 17:14:32.847,1.74627,1.74656,1.00,1.00
2017.05.19 17:14:33.789,1.74627,1.74658,1.09,1.00
2017.05.19 17:14:35.825,1.74627,1.74658,1.12,1.34
2017.05.19 17:14:35.927,1.74627,1.74656,1.00,1.34
2017.05.19 17:14:36.132,1.74631,1.74661,1.00,1.00
2017.05.19 17:14:36.233,1.74634,1.74661,1.00,1.00
2017.05.19 17:14:36.437,1.74635,1.74664,1.00,1.00
2017.05.19 17:14:36.794,1.74638,1.74667,1.09,1.00
2017.05.19 17:14:37.099,1.74636,1.74665,1.71,1.00
2017.05.19 17:14:37.251,1.74636,1.74665,1.46,1.00
2017.05.19 17:14:37.572,1.74635,1.74664,1.84,1.00
2017.05.19 17:14:37.826,1.74635,1.74666,2.59,1.00
2017.05.19 17:14:37.980,1.74635,1.74666,1.84,1.00
2017.05.19 17:14:38.031,1.74635,1.74666,1.46,1.00
2017.05.19 17:14:38.095,1.74635,1.74664,1.46,1.00
2017.05.19 17:14:38.610,1.74635,1.74664,1.46,1.00
2017.05.19 17:14:40.392,1.74635,1.74664,1.46,1.00
2017.05.19 17:14:40.544,1.74634,1.74663,1.00,1.00
2017.05.19 17:14:45.514,1.74635,1.74664,1.09,1.00
2017.05.19 17:14:45.617,1.74636,1.74666,1.09,1.00
2017.05.19 17:14:46.896,1.74635,1.74666,1.46,1.00
2017.05.19 17:14:48.753,1.74635,1.74666,1.71,1.00
2017.05.19 17:14:48.915,1.74638,1.74668,1.34,1.00
2017.05.19 17:14:48.966,1.74641,1.74669,1.00,1.00
2017.05.19 17:14:49.221,1.74641,1.74671,1.00,1.00
2017.05.19 17:14:50.516,1.74641,1.74667,1.09,1.00
2017.05.19 17:14:50.619,1.74641,1.74669,1.34,1.00
2017.05.19 17:14:51.175,1.74641,1.74669,1.00,1.00
2017.05.19 17:14:51.677,1.74641,1.74668,1.46,1.00
2017.05.19 17:14:53.313,1.74641,1.74671,1.09,1.00
2017.05.19 17:14:54.355,1.74641,1.74668,1.00,1.00
2017.05.19 17:14:59.252,1.74641,1.74667,1.09,1.00
2017.05.19 17:14:59.918,1.74641,1.7467,1.09,1.00
2017.05.19 17:15:00.319,1.74641,1.74667,1.09,1.00
2017.05.19 17:15:00.966,1.74641,1.74667,1.34,1.00
2017.05.19 17:15:01.067,1.74643,1.7467,1.84,1.00
2017.05.19 17:15:01.169,1.74643,1.74672,3.34,1.00
2017.05.19 17:15:01.685,1.74643,1.74672,3.34,1.00
2017.05.19 17:15:01.837,1.74645,1.74674,1.00,1.00
2017.05.19 17:15:02.402,1.74645,1.74675,1.00,1.00
2017.05.19 17:15:02.869,1.74642,1.74672,1.00,1.00
2017.05.19 17:15:03.451,1.7464,1.74671,1.12,1.00
2017.05.19 17:15:03.720,1.74638,1.74667,1.50,1.00
2017.05.19 17:15:08.063,1.74638,1.74666,1.00,1.00
2017.05.19 17:15:08.726,1.74637,1.74666,1.00,1.00
2017.05.19 17:15:09.261,1.74637,1.74665,1.00,1.00
2017.05.19 17:15:09.792,1.74636,1.74665,1.12,1.00
2017.05.19 17:15:11.595,1.74634,1.74665,1.84,1.00
2017.05.19 17:15:11.647,1.74634,1.7466,1.50,1.00
2017.05.19 17:15:11.850,1.74626,1.74655,2.25,1.50
2017.05.19 17:15:12.037,1.74626,1.74654,1.00,1.00
2017.05.19 17:15:12.189,1.74627,1.74654,1.00,1.34
2017.05.19 17:15:12.240,1.74622,1.7465,1.12,1.34
2017.05.19 17:15:12.291,1.74621,1.7465,1.37,1.34
2017.05.19 17:15:12.798,1.74621,1.74647,1.37,1.34
2017.05.19 17:15:13.128,1.74627,1.74654,1.12,1.09
2017.05.19 17:15:13.179,1.74632,1.74658,1.12,1.34
2017.05.19 17:15:13.230,1.74632,1.74658,1.12,1.09
2017.05.19 17:15:15.551,1.74632,1.7466,1.00,1.09
2017.05.19 17:15:20.471,1.74632,1.7466,1.50,1.84
2017.05.19 17:15:22.208,1.74631,1.7466,2.25,1.84
2017.05.19 17:15:22.744,1.74632,1.7466,1.00,1.50
2017.05.19 17:15:23.353,1.74631,1.7466,2.25,1.50
2017.05.19 17:15:23.923,1.74632,1.7466,1.00,1.50
2017.05.19 17:15:24.479,1.74632,1.74657,1.00,1.00
2017.05.19 17:15:24.631,1.74628,1.74657,1.09,1.00
2017.05.19 17:15:24.915,1.74628,1.74653,1.00,1.09
2017.05.19 17:15:25.071,1.74619,1.74647,1.00,1.00
2017.05.19 17:15:25.173,1.74619,1.74645,1.00,1.00
2017.05.19 17:15:25.477,1.7462,1.74648,1.00,1.00
2017.05.19 17:15:25.985,1.74621,1.74648,1.00,1.00
2017.05.19 17:15:26.985,1.7462,1.74648,1.00,1.00
2017.05.19 17:15:27.876,1.74621,1.74648,1.00,1.00
2017.05.19 17:15:27.927,1.74621,1.74646,1.00,1.00
2017.05.19 17:15:28.261,1.74625,1.74648,3.34,1.00
2017.05.19 17:15:28.362,1.74629,1.74655,2.59,1.00
2017.05.19 17:15:28.464,1.74629,1.74658,2.59,1.50
2017.05.19 17:15:28.661,1.74628,1.74658,1.71,1.00
2017.05.19 17:15:29.024,1.74629,1.74658,2.59,1.00
2017.05.19 17:15:29.579,1.74628,1.74658,2.59,1.00
2017.05.19 17:15:30.227,1.74627,1.74658,5.21,1.00
2017.05.19 17:15:36.717,1.74627,1.74658,1.12,1.00
2017.05.19 17:15:37.223,1.74627,1.74658,1.46,1.00
2017.05.19 17:15:37.375,1.7463,1.74659,1.00,1.00
2017.05.19 17:15:37.814,1.74628,1.74657,1.09,1.00
2017.05.19 17:15:43.932,1.74629,1.74657,1.00,1.00
2017.05.19 17:15:44.435,1.7463,1.74657,1.00,1.00
2017.05.19 17:15:44.940,1.74629,1.74657,1.87,1.00
2017.05.19 17:15:47.164,1.7463,1.74657,1.00,1.00
2017.05.19 17:15:47.215,1.7463,1.74659,1.00,1.00
2017.05.19 17:15:55.360,1.74632,1.74659,1.00,1.00
2017.05.19 17:15:56.800,1.74632,1.74662,1.00,1.00
2017.05.19 17:15:57.455,1.74632,1.74662,1.37,1.00
2017.05.19 17:15:57.969,1.74634,1.74662,1.00,1.00
2017.05.19 17:15:58.227,1.74635,1.74664,1.00,1.50
2017.05.19 17:16:08.281,1.74635,1.74663,1.00,1.00
2017.05.19 17:16:08.947,1.74635,1.74664,1.00,1.00
2017.05.19 17:16:11.203,1.74635,1.74662,1.00,1.00
2017.05.19 17:16:13.730,1.74635,1.74664,1.00,1.84
2017.05.19 17:16:15.398,1.74635,1.74664,1.00,1.00
2017.05.19 17:16:19.076,1.74635,1.74664,1.00,1.84
2017.05.19 17:16:19.825,1.74635,1.74664,1.00,1.50
2017.05.19 17:16:21.450,1.74635,1.74664,1.34,1.00
2017.05.19 17:16:21.704,1.74639,1.74666,1.09,1.00
2017.05.19 17:16:22.149,1.74639,1.74668,1.50,1.00
2017.05.19 17:16:22.979,1.74639,1.74668,1.34,1.00
2017.05.19 17:16:23.285,1.74642,1.74672,3.34,1.50
2017.05.19 17:16:23.539,1.74642,1.74671,1.84,1.00
2017.05.19 17:16:24.892,1.74642,1.74671,2.59,1.00
2017.05.19 17:16:25.941,1.74642,1.74671,1.09,1.00
2017.05.19 17:16:26.196,1.74652,1.74671,1.84,1.00
2017.05.19 17:16:26.247,1.74652,1.74677,1.34,1.50
2017.05.19 17:16:26.298,1.74652,1.74677,1.84,1.50
2017.05.19 17:16:26.349,1.74652,1.74677,1.84,1.00
2017.05.19 17:16:26.451,1.74655,1.74684,1.34,1.00
2017.05.19 17:16:26.552,1.74655,1.74684,1.00,1.50
2017.05.19 17:16:26.654,1.74652,1.74683,2.25,1.09
2017.05.19 17:16:26.863,1.74652,1.74681,1.50,1.00
2017.05.19 17:16:27.656,1.74653,1.74682,1.00,1.00
2017.05.19 17:16:28.109,1.74652,1.7468,1.87,1.00
2017.05.19 17:16:29.111,1.74652,1.7468,1.46,1.00
2017.05.19 17:16:29.433,1.74654,1.74683,1.84,1.00
2017.05.19 17:16:29.964,1.74653,1.74682,2.21,1.00
2017.05.19 17:16:30.231,1.74653,1.74682,1.87,1.00
2017.05.19 17:16:30.739,1.74654,1.74682,1.00,1.00
2017.05.19 17:16:31.253,1.74653,1.74682,1.87,1.00
2017.05.19 17:16:31.817,1.74654,1.74683,1.50,1.00
2017.05.19 17:16:35.416,1.74654,1.74685,1.00,1.09
2017.05.19 17:16:35.518,1.74656,1.74687,1.00,3.34
2017.05.19 17:16:36.069,1.74655,1.74684,1.00,1.00
2017.05.19 17:16:36.571,1.74654,1.74685,1.50,1.09
2017.05.19 17:16:37.176,1.74657,1.74686,1.00,1.34
2017.05.19 17:16:37.430,1.74654,1.74685,1.50,1.09
2017.05.19 17:16:37.987,1.74657,1.74686,1.00,1.34
2017.05.19 17:16:38.088,1.74654,1.74685,1.00,1.34
2017.05.19 17:16:39.007,1.74654,1.74685,1.00,1.00
2017.05.19 17:16:39.397,1.74654,1.74683,1.50,1.00
2017.05.19 17:16:39.498,1.74654,1.74685,1.50,1.09
2017.05.19 17:16:40.052,1.74654,1.74685,1.00,1.34
2017.05.19 17:16:40.858,1.74653,1.74684,1.87,1.09
2017.05.19 17:16:41.541,1.74654,1.74685,1.12,1.09
2017.05.19 17:16:41.698,1.74654,1.74683,1.00,1.00
2017.05.19 17:16:44.640,1.74655,1.74684,1.00,1.09
2017.05.19 17:16:45.159,1.74655,1.74684,1.00,1.34
2017.05.19 17:16:45.715,1.74655,1.74684,1.00,1.09
2017.05.19 17:16:47.533,1.74653,1.74684,1.09,1.00
2017.05.19 17:16:49.631,1.74657,1.74684,1.00,1.00
2017.05.19 17:16:50.049,1.74658,1.74686,1.00,1.00
2017.05.19 17:16:50.511,1.74658,1.74686,3.00,1.00
2017.05.19 17:16:50.840,1.74658,1.74687,1.50,1.50
2017.05.19 17:16:51.139,1.74658,1.74685,1.00,1.00
2017.05.19 17:16:52.036,1.74658,1.74683,1.00,1.00
2017.05.19 17:16:52.596,1.74657,1.74687,3.00,1.00
2017.05.19 17:16:52.961,1.74659,1.74688,1.00,1.00
2017.05.19 17:16:53.553,1.74661,1.74687,1.00,1.00
2017.05.19 17:16:53.959,1.74661,1.74689,1.50,1.00
2017.05.19 17:16:54.061,1.74662,1.74691,1.00,1.09
2017.05.19 17:16:54.385,1.74665,1.7469,1.00,1.00
2017.05.19 17:16:54.691,1.74672,1.74699,3.75,1.34
2017.05.19 17:16:55.041,1.74673,1.74696,1.12,1.00
2017.05.19 17:16:55.446,1.74673,1.74699,1.50,1.34
2017.05.19 17:16:55.953,1.74673,1.74697,1.12,1.00
2017.05.19 17:16:56.467,1.74673,1.74699,1.12,1.09
2017.05.19 17:16:56.774,1.74673,1.74699,1.12,1.34
2017.05.19 17:16:57.027,1.74673,1.74699,1.12,1.34
2017.05.19 17:16:57.231,1.74673,1.74701,1.00,1.00
2017.05.19 17:16:57.282,1.74673,1.74701,4.12,1.09
2017.05.19 17:16:57.791,1.74673,1.74701,2.62,1.00
2017.05.19 17:16:58.299,1.74673,1.74701,2.62,1.34
2017.05.19 17:16:58.803,1.74673,1.74701,4.50,1.09
2017.05.19 17:16:59.114,1.74673,1.74701,3.37,1.34
2017.05.19 17:16:59.690,1.74674,1.74701,1.12,1.34
2017.05.19 17:17:00.010,1.74674,1.74701,3.00,1.34
2017.05.19 17:17:00.570,1.74674,1.74701,1.37,1.34
2017.05.19 17:17:01.120,1.74674,1.74703,1.00,1.34
2017.05.19 17:17:01.273,1.74674,1.74706,1.87,1.09
2017.05.19 17:17:01.477,1.74677,1.74706,1.00,1.00
2017.05.19 17:17:01.643,1.74674,1.74705,1.00,1.00
2017.05.19 17:17:01.846,1.74677,1.74705,1.00,1.00
2017.05.19 17:17:02.260,1.74675,1.74706,1.00,1.00
2017.05.19 17:17:02.747,1.74678,1.74707,1.00,1.09
2017.05.19 17:17:02.961,1.74675,1.74707,1.00,1.34
2017.05.19 17:17:03.505,1.74675,1.74707,1.00,1.84
2017.05.19 17:17:04.008,1.74675,1.74707,1.50,1.46
2017.05.19 17:17:04.360,1.74675,1.74707,1.50,1.46
2017.05.19 17:17:04.874,1.74674,1.74705,1.50,1.34
2017.05.19 17:17:05.656,1.74674,1.74705,1.50,1.00
2017.05.19 17:17:05.960,1.74681,1.74708,1.00,1.00
2017.05.19 17:17:06.264,1.74681,1.7471,1.00,1.84
2017.05.19 17:17:06.968,1.74681,1.74709,1.00,1.00
2017.05.19 17:17:07.496,1.74681,1.74708,1.00,1.00
2017.05.19 17:17:07.960,1.74685,1.74712,1.00,1.00
2017.05.19 17:17:08.467,1.74685,1.74709,1.00,1.00
2017.05.19 17:17:08.887,1.74685,1.74712,1.00,1.00
2017.05.19 17:17:09.040,1.74685,1.74709,1.00,1.00
2017.05.19 17:17:10.549,1.74681,1.74708,1.00,1.00
2017.05.19 17:17:11.880,1.7468,1.74708,1.87,1.00
2017.05.19 17:17:13.150,1.74679,1.74707,1.50,1.00
2017.05.19 17:17:13.679,1.7468,1.74708,1.12,1.09
2017.05.19 17:17:13.744,1.7468,1.74706,1.12,1.00
2017.05.19 17:17:19.285,1.7468,1.74708,1.12,1.00
2017.05.19 17:17:19.550,1.7468,1.74705,1.12,1.00
2017.05.19 17:17:24.570,1.74679,1.74704,1.50,1.00
2017.05.19 17:17:24.672,1.74677,1.74704,1.00,1.00
2017.05.19 17:17:26.287,1.74677,1.74707,1.50,1.00
2017.05.19 17:17:34.714,1.74677,1.74705,1.00,1.00
2017.05.19 17:17:34.878,1.74677,1.74707,1.50,1.00
2017.05.19 17:17:35.466,1.74677,1.74705,1.00,1.00
2017.05.19 17:17:38.283,1.74676,1.74705,3.37,1.00
2017.05.19 17:17:39.670,1.74676,1.74708,3.37,1.00
2017.05.19 17:17:42.266,1.74677,1.74708,1.50,1.00
2017.05.19 17:17:44.275,1.74677,1.74706,1.50,1.00
2017.05.19 17:17:44.916,1.74677,1.74705,1.50,1.00
2017.05.19 17:17:50.240,1.74676,1.74705,3.00,1.00
2017.05.19 17:17:50.757,1.74677,1.74705,1.50,1.00
2017.05.19 17:17:57.966,1.74677,1.74707,1.50,1.34
2017.05.19 17:17:58.486,1.7468,1.74709,1.00,1.34
2017.05.19 17:17:58.638,1.74678,1.74709,1.00,1.34
2017.05.19 17:18:00.038,1.7468,1.74709,1.00,1.34
2017.05.19 17:18:00.557,1.74679,1.74708,1.00,1.09
2017.05.19 17:18:02.148,1.7468,1.74709,1.00,1.34
2017.05.19 17:18:02.680,1.74679,1.74709,1.00,1.34
2017.05.19 17:18:03.073,1.74679,1.7471,1.00,1.50
2017.05.19 17:18:03.175,1.74681,1.74711,1.00,1.84
2017.05.19 17:18:03.479,1.74684,1.74711,1.00,1.09
2017.05.19 17:18:04.445,1.74684,1.7471,1.00,1.00
2017.05.19 17:18:05.056,1.74684,1.74711,1.00,1.84
2017.05.19 17:18:05.575,1.74683,1.74712,1.00,1.84
2017.05.19 17:18:10.210,1.74683,1.74712,1.00,1.00
2017.05.19 17:18:10.566,1.74684,1.74715,1.12,1.00
2017.05.19 17:18:10.668,1.74685,1.74716,1.50,1.00
2017.05.19 17:18:11.000,1.74693,1.74722,1.12,1.00
2017.05.19 17:18:11.342,1.74686,1.74714,1.50,1.00
2017.05.19 17:18:14.123,1.74685,1.74714,1.00,1.09
2017.05.19 17:18:14.791,1.74685,1.74714,1.00,1.34
2017.05.19 17:18:15.312,1.74682,1.74713,3.00,1.34
2017.05.19 17:18:15.818,1.74683,1.74713,1.00,1.00
2017.05.19 17:18:16.322,1.74682,1.74713,3.00,1.00
2017.05.19 17:18:16.373,1.74685,1.74714,1.00,1.09
2017.05.19 17:18:16.715,1.74683,1.74712,1.50,1.00
2017.05.19 17:18:25.538,1.74683,1.74712,1.00,1.34
2017.05.19 17:18:27.963,1.74682,1.74712,1.50,1.34
2017.05.19 17:18:29.100,1.74681,1.74712,1.00,1.34
2017.05.19 17:18:30.634,1.7468,1.74712,2.62,1.34
2017.05.19 17:18:31.184,1.74681,1.74712,1.00,1.34
2017.05.19 17:18:31.793,1.74681,1.74712,1.00,1.34
2017.05.19 17:18:32.099,1.74669,1.74691,1.00,1.34
2017.05.19 17:18:32.201,1.7466,1.74685,1.37,1.00
2017.05.19 17:18:32.341,1.7466,1.74685,1.00,1.12
2017.05.19 17:18:32.392,1.74658,1.74686,1.00,1.75
2017.05.19 17:18:32.594,1.74658,1.74685,1.50,1.00
2017.05.19 17:18:33.331,1.74658,1.74686,1.00,1.00
2017.05.19 17:18:33.957,1.74658,1.74686,1.00,1.34
2017.05.19 17:18:35.517,1.7466,1.7469,1.00,1.71
2017.05.19 17:18:35.568,1.7466,1.74691,1.00,3.34
2017.05.19 17:18:35.620,1.74665,1.74692,1.00,1.84
2017.05.19 17:18:35.804,1.74665,1.74694,1.00,1.71
2017.05.19 17:18:36.108,1.74666,1.74695,1.00,1.84
2017.05.19 17:18:36.691,1.74666,1.74695,1.00,1.84
2017.05.19 17:18:37.558,1.74666,1.74694,1.00,1.34
2017.05.19 17:18:38.084,1.74666,1.74693,1.00,1.34
2017.05.19 17:18:39.293,1.74666,1.74692,1.00,1.00
2017.05.19 17:18:39.795,1.74666,1.74694,1.00,1.34
2017.05.19 17:18:41.290,1.74666,1.74694,1.00,1.34
2017.05.19 17:18:41.511,1.74666,1.74694,1.00,1.34
2017.05.19 17:18:43.255,1.74664,1.74693,1.00,1.34
2017.05.19 17:18:44.227,1.74664,1.74695,1.00,1.84
2017.05.19 17:18:44.333,1.74666,1.74694,1.00,1.34
2017.05.19 17:18:44.835,1.74665,1.74694,1.00,1.84
2017.05.19 17:18:45.620,1.74667,1.74694,1.00,1.34
2017.05.19 17:18:46.359,1.74665,1.74694,1.00,1.84
2017.05.19 17:18:47.126,1.74664,1.74693,1.00,1.34
2017.05.19 17:18:47.177,1.74664,1.74693,1.00,3.34
2017.05.19 17:18:47.431,1.74659,1.74688,1.00,1.34
2017.05.19 17:18:47.482,1.74659,1.74688,1.00,1.09
2017.05.19 17:18:47.631,1.74658,1.74687,1.00,1.34
2017.05.19 17:18:47.936,1.74662,1.7469,1.00,1.34
2017.05.19 17:18:48.266,1.74658,1.74689,1.00,1.84
2017.05.19 17:18:48.418,1.74658,1.74689,1.37,1.09
2017.05.19 17:18:48.520,1.74658,1.74689,1.00,1.09
2017.05.19 17:18:48.672,1.74661,1.7469,1.00,1.34
2017.05.19 17:18:49.305,1.74661,1.7469,1.00,1.34
2017.05.19 17:18:49.559,1.74659,1.74688,1.00,1.34
2017.05.19 17:18:49.862,1.74657,1.74688,1.00,1.34
2017.05.19 17:18:50.065,1.74659,1.74688,1.00,1.34
2017.05.19 17:18:50.616,1.7466,1.74691,1.00,1.84
2017.05.19 17:18:51.126,1.7466,1.74691,1.00,3.34
2017.05.19 17:18:51.717,1.7466,1.74691,1.37,2.59
2017.05.19 17:18:51.972,1.74662,1.74691,1.00,1.09
2017.05.19 17:18:52.464,1.74661,1.7469,1.00,1.34
2017.05.19 17:18:52.667,1.74662,1.74691,1.00,1.84
2017.05.19 17:18:52.870,1.74665,1.74691,1.00,1.09
2017.05.19 17:18:53.215,1.74662,1.74691,1.00,1.84
2017.05.19 17:18:53.266,1.74662,1.74691,1.00,1.84
2017.05.19 17:18:53.794,1.74662,1.74691,1.00,1.09
2017.05.19 17:18:53.846,1.74664,1.74693,1.00,1.84
2017.05.19 17:18:54.150,1.74662,1.74691,1.50,1.00
2017.05.19 17:18:54.556,1.74667,1.74692,1.00,1.00
2017.05.19 17:18:54.860,1.74667,1.74695,1.00,1.00
2017.05.19 17:18:55.399,1.74667,1.74696,1.00,1.00
2017.05.19 17:18:56.652,1.74665,1.74696,1.00,1.84
2017.05.19 17:18:56.959,1.74663,1.74694,2.25,1.00
2017.05.19 17:18:57.468,1.74664,1.74693,1.00,1.00
2017.05.19 17:18:57.932,1.74666,1.74693,1.84,1.00
2017.05.19 17:18:57.983,1.74666,1.74695,4.84,1.00
2017.05.19 17:18:58.034,1.74671,1.74695,1.00,1.00
2017.05.19 17:18:58.085,1.74671,1.74702,4.09,1.75
2017.05.19 17:18:58.237,1.74674,1.74705,1.12,1.00
2017.05.19 17:18:58.766,1.74675,1.74705,1.00,1.00
2017.05.19 17:18:59.289,1.74674,1.74705,1.50,1.34
2017.05.19 17:18:59.543,1.74672,1.74704,1.00,1.09
2017.05.19 17:18:59.644,1.74671,1.747,1.50,1.00
2017.05.19 17:19:00.712,1.74675,1.747,2.25,1.00
2017.05.19 17:19:00.763,1.74679,1.74705,1.00,1.00
2017.05.19 17:19:00.814,1.74681,1.74708,1.00,1.12
2017.05.19 17:19:00.967,1.74681,1.74712,1.00,1.34
2017.05.19 17:19:01.297,1.74683,1.74712,1.00,1.09
2017.05.19 17:19:02.043,1.74681,1.74712,1.00,1.09
2017.05.19 17:19:02.094,1.74681,1.74712,1.00,1.34
2017.05.19 17:19:02.348,1.74679,1.7471,2.25,1.09
2017.05.19 17:19:02.885,1.7468,1.7471,1.00,1.09
2017.05.19 17:19:03.397,1.74679,1.7471,3.00,1.09
2017.05.19 17:19:03.448,1.74681,1.74711,1.00,1.34
2017.05.19 17:19:04.382,1.74679,1.7471,3.00,1.09
2017.05.19 17:19:04.970,1.7468,1.74708,1.00,1.00
2017.05.19 17:19:05.498,1.74681,1.7471,1.50,1.09
2017.05.19 17:19:06.381,1.7468,1.74709,2.25,1.00
2017.05.19 17:19:06.828,1.74682,1.74709,1.00,1.09
2017.05.19 17:19:07.031,1.74678,1.74708,1.00,1.00
2017.05.19 17:19:07.549,1.74677,1.74708,1.00,1.00
2017.05.19 17:19:09.697,1.74676,1.74707,1.87,1.00
2017.05.19 17:19:10.634,1.74676,1.74707,2.25,1.34
2017.05.19 17:19:11.135,1.74676,1.74707,2.25,1.00
2017.05.19 17:19:11.485,1.74676,1.74705,1.00,1.00
2017.05.19 17:19:12.011,1.74675,1.74705,1.00,1.00
2017.05.19 17:19:12.729,1.74676,1.74707,1.00,1.09
2017.05.19 17:19:14.747,1.74678,1.74709,1.00,1.09
2017.05.19 17:19:16.444,1.74679,1.74709,1.00,1.09
2017.05.19 17:19:20.741,1.74679,1.74709,1.00,1.34
2017.05.19 17:19:21.502,1.74679,1.74707,1.00,1.00
2017.05.19 17:19:23.430,1.74679,1.74709,1.00,1.00
2017.05.19 17:19:26.254,1.74679,1.74708,1.00,1.00
2017.05.19 17:19:27.537,1.74678,1.74708,1.00,1.00
2017.05.19 17:19:28.252,1.74678,1.74709,1.50,1.34
2017.05.19 17:19:29.755,1.74677,1.74706,1.50,1.00
2017.05.19 17:19:30.257,1.74677,1.74706,1.00,1.34
2017.05.19 17:19:35.359,1.74677,1.74704,1.50,1.00
2017.05.19 17:19:44.934,1.74676,1.74704,1.00,1.09
2017.05.19 17:19:45.472,1.74676,1.74706,1.50,1.34
2017.05.19 17:19:45.976,1.74676,1.74704,1.00,1.34
2017.05.19 17:19:47.003,1.74675,1.74704,1.87,1.34
2017.05.19 17:19:47.516,1.74675,1.74704,1.87,1.34
2017.05.19 17:19:48.101,1.74676,1.74704,1.00,1.34
2017.05.19 17:19:48.605,1.74675,1.74704,1.87,1.34
2017.05.19 17:19:49.466,1.74676,1.74704,1.00,1.34
2017.05.19 17:19:50.066,1.74675,1.74704,1.87,1.34
2017.05.19 17:19:50.956,1.74676,1.74704,1.00,1.34
2017.05.19 17:19:54.114,1.74676,1.74704,1.00,1.34
2017.05.19 17:19:54.654,1.74675,1.74703,1.12,1.34
2017.05.19 17:19:55.314,1.74676,1.74703,1.00,1.34
2017.05.19 17:19:55.834,1.74676,1.74703,1.00,1.34
2017.05.19 17:19:56.411,1.74675,1.74703,1.12,1.34
2017.05.19 17:20:00.174,1.74676,1.74703,1.00,1.34
2017.05.19 17:20:00.326,1.74675,1.74703,1.12,1.09
2017.05.19 17:20:01.415,1.74675,1.74703,1.12,1.34
2017.05.19 17:20:02.751,1.74676,1.74703,1.00,1.34
2017.05.19 17:20:02.925,1.74676,1.74703,1.00,1.09
2017.05.19 17:20:03.127,1.74676,1.74706,1.50,1.09
2017.05.19 17:20:03.482,1.74676,1.74704,1.00,1.00
2017.05.19 17:20:04.379,1.74675,1.74704,1.87,1.09
2017.05.19 17:20:04.887,1.74676,1.74706,1.00,1.34
2017.05.19 17:20:05.090,1.74674,1.74705,1.00,1.34
2017.05.19 17:20:05.614,1.74674,1.74705,1.50,1.34
2017.05.19 17:20:11.214,1.74674,1.74705,1.00,1.09
2017.05.19 17:20:12.948,1.74674,1.74705,1.50,1.34
2017.05.19 17:20:14.971,1.74676,1.74706,1.00,1.34
2017.05.19 17:20:16.675,1.74674,1.74705,1.00,1.34
2017.05.19 17:20:17.816,1.74675,1.74707,1.00,1.34
2017.05.19 17:20:18.563,1.74675,1.74704,1.00,1.34
2017.05.19 17:20:18.872,1.74664,1.74692,1.50,1.00
2017.05.19 17:20:18.923,1.74662,1.7469,1.71,1.00
2017.05.19 17:20:19.025,1.74663,1.74694,2.96,1.00
2017.05.19 17:20:19.523,1.74663,1.74692,2.21,1.00
2017.05.19 17:20:20.151,1.74664,1.74692,1.34,1.00
2017.05.19 17:20:20.353,1.74669,1.74699,1.87,1.34
2017.05.19 17:20:20.404,1.74669,1.74699,1.87,1.34
2017.05.19 17:20:20.727,1.74669,1.74699,1.37,1.09
2017.05.19 17:20:21.275,1.74671,1.747,1.00,1.00
2017.05.19 17:20:21.815,1.74672,1.74701,1.00,1.34
2017.05.19 17:20:21.866,1.74674,1.74701,1.00,1.34
2017.05.19 17:20:22.381,1.74675,1.74703,1.00,3.34
2017.05.19 17:20:22.901,1.74675,1.74703,1.00,1.84
2017.05.19 17:20:25.506,1.74675,1.74703,1.00,3.34
2017.05.19 17:20:25.607,1.74675,1.74703,1.00,1.84
2017.05.19 17:20:25.658,1.74674,1.74703,1.00,1.84
2017.05.19 17:20:26.018,1.74673,1.74702,1.87,1.34
2017.05.19 17:20:26.120,1.74676,1.74703,1.00,1.34
2017.05.19 17:20:26.627,1.74676,1.74703,1.00,1.34
2017.05.19 17:20:26.728,1.74673,1.74703,2.62,1.84
2017.05.19 17:20:27.299,1.74674,1.74703,1.00,1.84
2017.05.19 17:20:27.351,1.74676,1.74703,1.00,1.34
2017.05.19 17:20:27.923,1.74676,1.74703,1.00,1.34
2017.05.19 17:20:28.125,1.74674,1.74703,1.00,1.34
2017.05.19 17:20:28.650,1.74674,1.74703,1.00,1.34
2017.05.19 17:20:29.220,1.74675,1.74703,1.00,1.34
2017.05.19 17:20:29.939,1.74676,1.74705,1.00,2.59
2017.05.19 17:20:32.390,1.74676,1.74705,1.00,2.59
2017.05.19 17:20:32.441,1.74676,1.74705,1.00,4.09
2017.05.19 17:20:32.543,1.74674,1.74703,1.00,1.34
2017.05.19 17:20:33.506,1.74674,1.74703,1.00,1.34
2017.05.19 17:20:33.659,1.74671,1.747,1.00,1.09
2017.05.19 17:20:34.270,1.74671,1.747,1.00,1.34
2017.05.19 17:20:34.783,1.74671,1.747,1.00,1.00
2017.05.19 17:20:35.333,1.74674,1.74703,1.00,1.34
2017.05.19 17:20:35.733,1.74674,1.74703,1.00,1.84
2017.05.19 17:20:35.834,1.74671,1.74703,1.00,1.34
2017.05.19 17:20:36.145,1.74673,1.74704,1.00,1.84
2017.05.19 17:20:36.651,1.74671,1.747,1.00,1.09
2017.05.19 17:20:37.273,1.74671,1.747,1.00,1.34
2017.05.19 17:20:37.635,1.74671,1.747,1.00,2.59
2017.05.19 17:20:37.838,1.74669,1.74698,1.00,1.34
2017.05.19 17:20:42.766,1.74669,1.74698,1.00,1.09
2017.05.19 17:20:42.969,1.74668,1.74696,1.00,1.00
2017.05.19 17:20:43.842,1.74668,1.74696,1.00,1.34
2017.05.19 17:20:44.348,1.74668,1.74696,1.00,1.09
2017.05.19 17:20:45.538,1.74669,1.747,1.00,1.34
2017.05.19 17:20:45.859,1.74669,1.74698,1.00,1.34
2017.05.19 17:20:46.112,1.74669,1.74698,1.00,1.34
2017.05.19 17:20:46.650,1.7467,1.74699,1.00,1.34
2017.05.19 17:20:47.158,1.7467,1.74699,1.00,1.34
2017.05.19 17:20:47.665,1.7467,1.74699,1.00,1.00
2017.05.19 17:20:48.480,1.74671,1.74701,1.00,1.84
2017.05.19 17:20:49.013,1.74671,1.747,1.00,1.50
2017.05.19 17:20:52.161,1.74671,1.74701,1.00,2.59
2017.05.19 17:20:52.952,1.74671,1.747,1.00,1.50
2017.05.19 17:21:01.480,1.74671,1.747,1.00,1.84
2017.05.19 17:21:01.582,1.74668,1.74699,1.84,1.00
2017.05.19 17:21:01.633,1.7467,1.74699,1.34,1.00
2017.05.19 17:21:01.735,1.74673,1.74702,1.00,1.12
2017.05.19 17:21:01.786,1.74676,1.74703,1.00,1.50
2017.05.19 17:21:02.300,1.74675,1.74703,1.00,1.50
2017.05.19 17:21:02.973,1.74674,1.74702,1.00,1.12
2017.05.19 17:21:04.036,1.74674,1.74701,1.00,1.00
2017.05.19 17:21:04.086,1.74672,1.74701,1.00,1.00
2017.05.19 17:21:04.925,1.74671,1.74701,1.00,1.00
2017.05.19 17:21:05.629,1.74672,1.74701,1.00,1.00
2017.05.19 17:21:05.905,1.7467,1.74701,1.00,1.34
2017.05.19 17:21:09.353,1.7467,1.74701,1.00,1.09
2017.05.19 17:21:09.614,1.74672,1.74703,1.00,3.34
2017.05.19 17:21:14.613,1.74674,1.74703,1.00,3.34
2017.05.19 17:21:16.235,1.74674,1.74702,1.00,1.46
2017.05.19 17:21:16.773,1.74673,1.74702,1.00,2.21
2017.05.19 17:21:17.672,1.74673,1.74702,1.00,1.46
2017.05.19 17:21:17.724,1.74673,1.74702,1.00,1.46
2017.05.19 17:21:18.662,1.74671,1.74702,1.00,2.21
2017.05.19 17:21:19.016,1.7467,1.74702,1.00,1.46
2017.05.19 17:21:19.537,1.7467,1.74702,1.00,1.46
2017.05.19 17:21:20.039,1.7467,1.74699,1.00,1.00
2017.05.19 17:21:22.758,1.74671,1.74703,1.00,1.34
2017.05.19 17:21:23.176,1.74671,1.74703,1.46,1.00
2017.05.19 17:21:23.687,1.74674,1.74703,1.00,1.09
2017.05.19 17:21:24.252,1.74674,1.74703,1.00,1.34
2017.05.19 17:21:24.952,1.74674,1.74703,1.00,1.00
2017.05.19 17:21:28.364,1.74674,1.74703,1.00,1.34
2017.05.19 17:21:30.251,1.74674,1.74703,1.37,1.09
2017.05.19 17:21:30.353,1.74674,1.74703,1.00,1.00
2017.05.19 17:21:30.939,1.74675,1.74704,1.00,1.00
2017.05.19 17:21:31.601,1.74675,1.74704,1.50,1.34
2017.05.19 17:21:32.006,1.74673,1.74704,1.50,1.34
2017.05.19 17:21:32.446,1.74673,1.74704,1.50,1.34
2017.05.19 17:21:33.034,1.74672,1.74703,2.25,1.34
2017.05.19 17:21:33.556,1.74672,1.74703,1.50,1.34
2017.05.19 17:21:33.889,1.74675,1.74704,1.00,1.34
2017.05.19 17:21:34.093,1.74673,1.74703,1.00,1.34
2017.05.19 17:21:34.637,1.74671,1.74701,3.00,1.34
2017.05.19 17:21:35.126,1.74672,1.74701,1.00,1.34
2017.05.19 17:21:35.177,1.74672,1.74701,1.00,1.34
2017.05.19 17:21:36.321,1.74672,1.74704,1.00,2.59
2017.05.19 17:21:37.398,1.74672,1.74704,1.50,1.34
2017.05.19 17:21:37.903,1.74671,1.74701,1.50,1.34
2017.05.19 17:21:38.454,1.74672,1.74701,1.00,1.34
2017.05.19 17:21:38.973,1.74671,1.74701,2.25,1.34
2017.05.19 17:21:39.519,1.74671,1.74701,2.25,1.34
2017.05.19 17:21:40.113,1.74672,1.74701,1.00,1.34
2017.05.19 17:21:40.663,1.74672,1.747,1.00,1.34
2017.05.19 17:21:41.248,1.74672,1.74697,1.00,1.84
2017.05.19 17:21:41.553,1.74672,1.74692,1.00,2.03
2017.05.19 17:21:41.882,1.74657,1.74688,1.50,1.34
2017.05.19 17:21:41.933,1.74659,1.74688,1.00,1.34
2017.05.19 17:21:42.540,1.74657,1.74687,1.50,1.09
2017.05.19 17:21:43.043,1.74657,1.74687,1.50,1.34
2017.05.19 17:21:43.559,1.74659,1.74687,1.00,1.34
2017.05.19 17:21:44.716,1.74657,1.74687,1.50,1.34
2017.05.19 17:21:45.462,1.74657,1.74687,1.00,1.34
2017.05.19 17:21:45.856,1.74657,1.74687,1.50,1.09
2017.05.19 17:21:46.197,1.74659,1.74687,1.00,1.09
2017.05.19 17:21:46.280,1.74657,1.74687,2.25,1.09
2017.05.19 17:21:46.782,1.74658,1.74687,1.00,1.09
2017.05.19 17:21:47.646,1.7466,1.74687,1.00,1.09
2017.05.19 17:21:48.693,1.7466,1.74687,1.00,1.34
2017.05.19 17:21:49.043,1.74657,1.74686,1.50,1.09
2017.05.19 17:21:51.728,1.74657,1.74688,2.25,1.34
2017.05.19 17:21:52.450,1.74657,1.74686,1.50,1.00
2017.05.19 17:21:55.655,1.74657,1.74684,1.50,1.00
2017.05.19 17:21:56.240,1.74656,1.74684,1.50,1.00
2017.05.19 17:21:56.756,1.74656,1.74683,1.50,1.00
2017.05.19 17:21:57.427,1.74657,1.74684,1.00,1.34
2017.05.19 17:21:57.941,1.74656,1.74683,1.50,1.09
2017.05.19 17:21:58.112,1.74654,1.74683,2.25,1.09
2017.05.19 17:22:00.259,1.74653,1.74684,4.50,1.34
2017.05.19 17:22:00.794,1.74654,1.74685,2.25,1.34
2017.05.19 17:22:01.421,1.74654,1.74685,1.50,1.09
2017.05.19 17:22:02.164,1.74655,1.74685,1.00,1.00
2017.05.19 17:22:02.772,1.74654,1.74685,1.50,1.00
2017.05.19 17:22:03.430,1.74654,1.74685,3.71,1.00
2017.05.19 17:22:04.414,1.74656,1.74687,1.00,1.84
2017.05.19 17:22:04.963,1.74656,1.74687,1.00,1.84
2017.05.19 17:22:05.511,1.74655,1.74685,1.00,1.00
2017.05.19 17:22:09.188,1.74654,1.74685,2.59,1.00
2017.05.19 17:22:10.902,1.74654,1.74685,1.00,1.34
2017.05.19 17:22:11.445,1.74654,1.74685,1.84,1.34
2017.05.19 17:22:13.161,1.74654,1.74685,1.50,1.09
2017.05.19 17:22:13.491,1.74653,1.74682,1.09,1.00
2017.05.19 17:22:14.502,1.74653,1.74684,1.09,1.09
2017.05.19 17:22:14.653,1.74653,1.74684,1.00,1.34
2017.05.19 17:22:15.070,1.74653,1.74684,1.00,1.34
2017.05.19 17:22:15.670,1.74653,1.74684,1.00,1.34
2017.05.19 17:22:17.802,1.74653,1.74684,1.00,1.34
2017.05.19 17:22:18.310,1.74652,1.74683,1.00,1.34
2017.05.19 17:22:19.023,1.74652,1.74683,1.00,1.34
2017.05.19 17:22:19.124,1.74652,1.74683,1.00,1.34
2017.05.19 17:22:19.531,1.74651,1.74682,1.50,1.34
2017.05.19 17:22:21.706,1.74651,1.74682,1.50,1.34
2017.05.19 17:22:22.354,1.74651,1.74682,1.50,1.34
2017.05.19 17:22:22.406,1.74651,1.74682,1.50,1.34
2017.05.19 17:22:22.934,1.74651,1.7468,1.50,1.84
2017.05.19 17:22:22.985,1.74651,1.74679,1.00,1.34
2017.05.19 17:22:23.036,1.74648,1.74679,1.87,1.34
2017.05.19 17:22:23.186,1.74648,1.74677,1.50,1.34
2017.05.19 17:22:23.288,1.74648,1.74677,1.50,1.09
2017.05.19 17:22:23.339,1.74648,1.74677,1.00,1.34
2017.05.19 17:22:23.390,1.74644,1.74675,1.87,1.84
2017.05.19 17:22:23.949,1.74644,1.74673,1.37,1.00
2017.05.19 17:22:24.707,1.74644,1.74673,1.09,1.00
2017.05.19 17:22:27.306,1.74644,1.74673,1.34,1.00
2017.05.19 17:22:28.460,1.74644,1.74673,1.09,1.00
2017.05.19 17:22:29.509,1.74647,1.74673,1.00,1.00
2017.05.19 17:22:38.862,1.74644,1.74673,1.00,1.00
2017.05.19 17:22:39.212,1.74647,1.74673,1.00,1.00
2017.05.19 17:22:42.434,1.74647,1.74673,1.00,1.34
2017.05.19 17:22:43.888,1.74647,1.74673,1.00,1.00
2017.05.19 17:22:44.052,1.74644,1.74673,1.00,1.00
2017.05.19 17:22:46.519,1.74645,1.74676,1.00,1.34
2017.05.19 17:22:47.043,1.74645,1.74676,1.00,1.34
2017.05.19 17:22:47.823,1.74645,1.74676,1.00,2.59
2017.05.19 17:22:48.577,1.74645,1.74676,1.00,2.59
2017.05.19 17:22:48.628,1.74645,1.74676,1.00,1.34
2017.05.19 17:22:50.643,1.74645,1.74674,1.00,1.34
2017.05.19 17:22:50.845,1.74646,1.74675,1.00,1.34
2017.05.19 17:22:51.883,1.74646,1.74675,1.00,1.34
2017.05.19 17:22:52.521,1.74646,1.74675,1.00,2.59
2017.05.19 17:22:53.215,1.74646,1.74675,1.00,1.34
2017.05.19 17:22:55.319,1.74646,1.74675,1.00,1.34
2017.05.19 17:22:55.832,1.74646,1.74675,1.00,1.34
2017.05.19 17:22:56.410,1.74646,1.74677,1.00,1.34
2017.05.19 17:22:57.071,1.74645,1.74676,1.00,1.34
2017.05.19 17:22:57.772,1.74645,1.74676,1.00,1.34
2017.05.19 17:22:59.806,1.74645,1.74676,1.00,1.34
2017.05.19 17:23:00.009,1.74653,1.74676,1.00,1.00
2017.05.19 17:23:00.060,1.74653,1.74682,1.50,1.46
2017.05.19 17:23:00.263,1.74653,1.74684,1.34,1.84
2017.05.19 17:23:00.905,1.74655,1.74684,1.00,1.34
2017.05.19 17:23:03.011,1.74655,1.74684,1.00,1.34
2017.05.19 17:23:03.163,1.74653,1.74684,1.00,1.34
2017.05.19 17:23:04.340,1.74653,1.74682,1.00,1.09
2017.05.19 17:23:04.846,1.74652,1.74682,1.12,1.00
2017.05.19 17:23:07.692,1.74652,1.74682,2.62,1.34
2017.05.19 17:23:08.017,1.74652,1.74674,1.12,1.84
2017.05.19 17:23:08.222,1.74643,1.74667,1.00,1.34
2017.05.19 17:23:08.324,1.74634,1.74662,1.46,1.00
2017.05.19 17:23:08.426,1.74633,1.7466,1.84,1.00
2017.05.19 17:23:08.729,1.7463,1.74656,1.34,1.00
2017.05.19 17:23:08.780,1.7463,1.74658,1.00,2.59
2017.05.19 17:23:08.832,1.74626,1.74655,1.00,1.34
2017.05.19 17:23:08.936,1.74626,1.74655,1.00,1.34
2017.05.19 17:23:08.989,1.74626,1.74655,1.00,1.34
2017.05.19 17:23:09.090,1.74626,1.74655,1.00,1.34
2017.05.19 17:23:09.396,1.74624,1.74655,1.00,1.34
2017.05.19 17:23:09.918,1.74622,1.74653,1.12,1.34
2017.05.19 17:23:10.471,1.74622,1.74653,1.37,1.34
2017.05.19 17:23:10.982,1.74622,1.74653,1.87,1.34
2017.05.19 17:23:11.033,1.74622,1.74653,1.87,1.34
2017.05.19 17:23:12.262,1.74622,1.74653,1.12,1.09
2017.05.19 17:23:12.312,1.74622,1.74653,1.87,1.34
2017.05.19 17:23:12.730,1.74622,1.74651,1.00,1.34
2017.05.19 17:23:13.135,1.74621,1.7465,1.00,1.84
2017.05.19 17:23:13.409,1.74621,1.74647,1.00,1.34
2017.05.19 17:23:13.460,1.74618,1.74647,1.50,1.34
2017.05.19 17:23:14.094,1.74619,1.74646,1.00,1.09
2017.05.19 17:23:14.398,1.74619,1.74646,1.00,1.34
2017.05.19 17:23:14.449,1.74617,1.74646,1.00,1.34
2017.05.19 17:23:14.602,1.74615,1.74646,1.00,1.34
2017.05.19 17:23:14.831,1.74618,1.74647,1.00,1.34
2017.05.19 17:23:15.357,1.74618,1.74647,1.00,1.34
2017.05.19 17:23:15.931,1.74618,1.74647,1.00,1.34
2017.05.19 17:23:16.638,1.74618,1.74647,1.00,1.34
2017.05.19 17:23:18.023,1.74618,1.74647,1.00,1.34
2017.05.19 17:23:18.225,1.74618,1.74647,1.00,2.59
2017.05.19 17:23:18.378,1.74618,1.74647,1.00,1.34
2017.05.19 17:23:18.429,1.74616,1.74647,1.00,2.59
2017.05.19 17:23:18.971,1.74616,1.74646,1.00,1.84
2017.05.19 17:23:19.525,1.74616,1.74647,1.00,2.59
2017.05.19 17:23:20.042,1.74616,1.74647,1.00,1.34
2017.05.19 17:23:21.006,1.74616,1.74647,1.00,2.59
2017.05.19 17:23:21.552,1.74616,1.74647,1.00,1.34
2017.05.19 17:23:22.065,1.74617,1.74646,1.00,1.34
2017.05.19 17:23:22.972,1.74617,1.74646,1.00,1.34
2017.05.19 17:23:23.489,1.74617,1.74646,1.00,1.34
2017.05.19 17:23:24.102,1.74617,1.74646,1.00,1.34
2017.05.19 17:23:26.766,1.74617,1.74646,1.00,1.00
2017.05.19 17:23:27.702,1.74617,1.74646,1.00,1.34
2017.05.19 17:23:27.955,1.74618,1.74647,1.00,1.09
2017.05.19 17:23:28.258,1.74618,1.74649,1.00,1.00
2017.05.19 17:23:28.461,1.7462,1.74651,1.00,1.84
2017.05.19 17:23:28.769,1.74618,1.74649,1.00,2.59
2017.05.19 17:23:28.871,1.74618,1.74649,1.00,1.34
2017.05.19 17:23:29.024,1.74618,1.74647,1.00,1.34
2017.05.19 17:23:29.794,1.74618,1.74646,1.00,1.84
2017.05.19 17:23:29.845,1.74615,1.74646,1.00,3.34
2017.05.19 17:23:29.896,1.74615,1.74643,1.00,1.34
2017.05.19 17:23:30.048,1.74613,1.74642,1.00,1.34
2017.05.19 17:23:30.581,1.74613,1.74642,1.00,1.34
2017.05.19 17:23:30.682,1.74613,1.74642,1.00,1.84
2017.05.19 17:23:30.796,1.74617,1.74642,1.00,1.00
2017.05.19 17:23:30.979,1.74623,1.74652,1.00,1.84
2017.05.19 17:23:31.872,1.74623,1.74652,1.00,1.34
2017.05.19 17:23:32.416,1.74623,1.74652,1.00,1.84
2017.05.19 17:23:33.831,1.74623,1.74652,1.00,1.09
2017.05.19 17:23:34.090,1.74623,1.7465,1.00,1.00
2017.05.19 17:23:34.595,1.74623,1.74652,1.00,1.46
2017.05.19 17:23:37.936,1.74623,1.74652,1.00,3.34
2017.05.19 17:23:38.189,1.74619,1.7465,1.00,1.46
2017.05.19 17:23:38.240,1.74619,1.74647,1.00,1.00
2017.05.19 17:23:38.386,1.74619,1.7465,1.00,2.96
2017.05.19 17:23:38.437,1.74624,1.74653,1.50,1.84
2017.05.19 17:23:38.590,1.74623,1.74654,1.50,1.34
2017.05.19 17:23:38.691,1.74627,1.74656,1.00,2.21
2017.05.19 17:23:39.217,1.74626,1.74655,1.00,1.34
2017.05.19 17:23:39.523,1.74623,1.74652,1.00,1.34
2017.05.19 17:23:39.574,1.74624,1.74654,1.00,1.34
2017.05.19 17:23:39.868,1.74622,1.74653,1.00,1.09
2017.05.19 17:23:40.805,1.74622,1.74652,1.00,1.00
2017.05.19 17:23:41.058,1.74624,1.74655,1.00,1.34
2017.05.19 17:23:43.725,1.74624,1.74655,1.00,1.50
2017.05.19 17:23:46.591,1.74624,1.74653,1.00,1.00
2017.05.19 17:23:51.155,1.74624,1.74652,1.00,1.00
2017.05.19 17:23:51.991,1.74624,1.74653,1.00,1.00
2017.05.19 17:23:52.596,1.74624,1.74652,1.00,1.00
2017.05.19 17:23:53.140,1.74624,1.74653,1.00,1.00
2017.05.19 17:23:53.556,1.74624,1.74655,1.00,1.00
2017.05.19 17:23:53.659,1.74626,1.74655,1.00,1.00
2017.05.19 17:23:53.977,1.74627,1.74653,1.00,1.34
2017.05.19 17:23:54.079,1.74624,1.74652,1.00,1.34
2017.05.19 17:23:54.231,1.74626,1.74655,1.00,2.96
2017.05.19 17:23:54.333,1.74624,1.74655,2.25,1.84
2017.05.19 17:23:54.384,1.74624,1.74655,1.87,1.09
2017.05.19 17:23:54.528,1.74627,1.74654,1.00,1.00
2017.05.19 17:23:54.632,1.74627,1.74656,1.00,1.00
2017.05.19 17:23:54.683,1.74629,1.74658,1.00,1.09
2017.05.19 17:23:55.461,1.74628,1.74657,1.00,1.00
2017.05.19 17:23:56.065,1.74627,1.74656,1.00,1.00
2017.05.19 17:23:56.987,1.74627,1.74656,1.00,1.34
2017.05.19 17:23:57.291,1.74625,1.74654,1.00,1.34
2017.05.19 17:23:57.696,1.74625,1.74654,1.00,1.09
2017.05.19 17:23:58.250,1.74626,1.74657,1.00,1.50
2017.05.19 17:24:00.396,1.74626,1.74656,1.00,1.00
2017.05.19 17:24:00.497,1.74623,1.74654,1.00,1.00
2017.05.19 17:24:03.872,1.74625,1.74656,1.00,2.25
2017.05.19 17:24:04.692,1.74625,1.74655,1.00,1.00
2017.05.19 17:24:05.521,1.74622,1.74653,1.00,1.00
2017.05.19 17:24:05.774,1.74624,1.74655,1.87,1.00
2017.05.19 17:24:06.088,1.74626,1.74656,1.00,1.00
2017.05.19 17:24:06.624,1.74628,1.74659,1.00,1.37
2017.05.19 17:24:06.674,1.74628,1.74659,1.50,1.00
2017.05.19 17:24:06.805,1.74631,1.7466,1.00,1.00
2017.05.19 17:24:07.216,1.74632,1.74659,1.00,1.34
2017.05.19 17:24:07.317,1.74627,1.74658,1.50,1.00
2017.05.19 17:24:08.086,1.74628,1.74659,1.00,1.00
2017.05.19 17:24:08.654,1.74627,1.74658,1.50,1.00
2017.05.19 17:24:10.114,1.74627,1.74658,1.00,1.34
2017.05.19 17:24:10.630,1.74627,1.74658,1.50,1.09
2017.05.19 17:24:10.681,1.74627,1.74656,1.50,1.00
2017.05.19 17:24:13.014,1.74627,1.74655,1.00,1.00
2017.05.19 17:24:13.361,1.74626,1.74655,1.46,1.00
2017.05.19 17:24:13.415,1.74628,1.74657,1.00,1.00
2017.05.19 17:24:13.618,1.74626,1.74657,1.00,1.00
2017.05.19 17:24:13.719,1.74626,1.74655,1.00,1.00
2017.05.19 17:24:13.821,1.74626,1.74657,1.00,1.00
2017.05.19 17:24:14.336,1.74625,1.74656,1.46,1.00
2017.05.19 17:24:14.489,1.74627,1.74656,1.00,1.00
2017.05.19 17:24:14.940,1.74628,1.74649,1.00,1.84
2017.05.19 17:24:14.992,1.74623,1.74646,1.37,2.59
2017.05.19 17:24:15.146,1.74616,1.74634,2.47,1.25
2017.05.19 17:24:15.248,1.74604,1.74629,1.75,1.34
2017.05.19 17:24:15.350,1.74605,1.74628,1.00,1.34
2017.05.19 17:24:15.452,1.74596,1.74621,1.12,1.00
2017.05.19 17:24:15.553,1.74593,1.74618,1.00,1.34
2017.05.19 17:24:15.604,1.7459,1.74618,1.00,1.34
2017.05.19 17:24:15.655,1.7459,1.74618,1.00,1.00
2017.05.19 17:24:15.895,1.7459,1.74617,1.00,1.34
2017.05.19 17:24:16.439,1.74592,1.74616,1.00,1.00
2017.05.19 17:24:16.590,1.74589,1.74616,1.00,1.00
2017.05.19 17:24:17.001,1.74591,1.74616,1.00,1.00
2017.05.19 17:24:17.052,1.74591,1.7462,1.00,1.87
2017.05.19 17:24:17.103,1.74591,1.74618,1.00,1.00
2017.05.19 17:24:17.424,1.74592,1.74618,1.00,1.34
2017.05.19 17:24:17.626,1.7459,1.74618,1.00,1.34
2017.05.19 17:24:17.728,1.7459,1.74618,1.00,1.34
2017.05.19 17:24:17.829,1.7459,1.74618,1.00,1.34
2017.05.19 17:24:17.881,1.7459,1.74618,1.00,1.09
2017.05.19 17:24:18.439,1.74588,1.74618,1.00,1.00
2017.05.19 17:24:19.273,1.74588,1.74618,1.00,1.34
2017.05.19 17:24:20.212,1.74588,1.74618,1.00,1.09
2017.05.19 17:24:21.340,1.74588,1.74618,1.00,1.34
2017.05.19 17:24:21.393,1.74588,1.74618,1.00,1.34
2017.05.19 17:24:21.901,1.74589,1.74618,1.00,2.21
2017.05.19 17:24:24.210,1.74589,1.74618,1.00,2.21
2017.05.19 17:24:25.000,1.74585,1.74617,1.00,1.34
2017.05.19 17:24:25.801,1.74587,1.74614,1.00,1.09
2017.05.19 17:24:26.203,1.74587,1.74614,1.00,1.34
2017.05.19 17:24:28.257,1.74587,1.74614,1.00,1.00
2017.05.19 17:24:31.614,1.74588,1.74614,1.00,1.00
2017.05.19 17:24:36.189,1.74588,1.74615,1.00,1.00
2017.05.19 17:24:36.932,1.74589,1.74615,1.00,1.00
2017.05.19 17:24:37.493,1.74589,1.74615,1.34,1.00
2017.05.19 17:24:37.544,1.74596,1.7462,1.50,1.87
2017.05.19 17:24:37.595,1.74596,1.74623,1.50,1.50
2017.05.19 17:24:37.747,1.74597,1.74628,1.00,1.00
2017.05.19 17:24:37.798,1.74599,1.74629,1.00,1.00
2017.05.19 17:24:38.314,1.746,1.74631,1.00,4.09
2017.05.19 17:24:38.852,1.746,1.74628,1.00,1.00
2017.05.19 17:24:41.859,1.74598,1.74628,1.00,2.21
2017.05.19 17:24:42.973,1.74598,1.74628,1.00,2.21
2017.05.19 17:24:45.157,1.74596,1.74627,1.00,1.50
2017.05.19 17:24:45.724,1.74597,1.74626,1.00,1.00
2017.05.19 17:24:46.225,1.74598,1.74627,1.00,1.00
2017.05.19 17:24:46.870,1.74597,1.74626,1.00,1.00
2017.05.19 17:24:47.376,1.74598,1.74627,1.00,1.00
2017.05.19 17:24:47.931,1.74598,1.74626,1.00,1.00
2017.05.19 17:24:47.982,1.74596,1.74626,1.00,1.00
2017.05.19 17:24:48.084,1.74599,1.74626,1.00,1.00
2017.05.19 17:24:48.136,1.74599,1.74629,1.00,1.87
2017.05.19 17:24:48.289,1.74602,1.74631,1.00,3.34
2017.05.19 17:24:48.441,1.74607,1.74635,1.00,1.12
2017.05.19 17:24:48.543,1.74613,1.74638,1.50,1.50
2017.05.19 17:24:48.645,1.74613,1.74642,1.50,1.71
2017.05.19 17:24:49.052,1.74615,1.74643,1.00,1.00
2017.05.19 17:24:49.570,1.74615,1.74644,1.00,1.09
2017.05.19 17:24:49.916,1.7462,1.74646,1.50,1.00
2017.05.19 17:24:50.497,1.74619,1.74649,1.50,1.34
2017.05.19 17:24:51.041,1.7462,1.7465,1.00,1.34
2017.05.19 17:24:51.573,1.74621,1.74649,1.00,1.34
2017.05.19 17:24:51.625,1.74621,1.74649,1.50,1.09
2017.05.19 17:24:52.286,1.74622,1.74649,1.50,1.00
2017.05.19 17:24:52.541,1.74619,1.7465,1.50,1.34
2017.05.19 17:24:52.773,1.74621,1.7465,1.00,1.34
2017.05.19 17:24:54.845,1.74619,1.7465,1.50,1.84
2017.05.19 17:24:56.581,1.74619,1.7465,1.50,1.84
2017.05.19 17:24:57.231,1.7462,1.7465,1.00,1.50
2017.05.19 17:24:57.952,1.74619,1.7465,1.50,1.50
2017.05.19 17:24:58.371,1.74621,1.7465,1.00,1.00
2017.05.19 17:24:58.966,1.7462,1.74649,1.50,1.00
2017.05.19 17:24:59.834,1.7462,1.74649,1.84,1.00
2017.05.19 17:24:59.936,1.7462,1.74649,1.00,1.00
2017.05.19 17:24:59.987,1.74625,1.74653,1.00,1.00
2017.05.19 17:25:00.190,1.74626,1.74656,1.00,1.50
2017.05.19 17:25:00.775,1.74626,1.74655,1.00,1.00
2017.05.19 17:25:00.978,1.74625,1.74653,1.00,1.00
2017.05.19 17:25:02.099,1.74628,1.74653,1.00,1.00
2017.05.19 17:25:02.150,1.74628,1.74656,1.00,1.00
2017.05.19 17:25:02.454,1.74628,1.74653,1.12,1.00
2017.05.19 17:25:04.715,1.74624,1.74653,2.25,1.00
2017.05.19 17:25:10.155,1.74622,1.74653,1.50,1.50
2017.05.19 17:25:10.387,1.74624,1.74653,1.00,1.50
2017.05.19 17:25:10.950,1.74625,1.74653,1.00,1.00
2017.05.19 17:25:11.203,1.74627,1.74656,1.00,1.00
2017.05.19 17:25:12.297,1.74628,1.74656,1.50,1.00
2017.05.19 17:25:12.409,1.74628,1.74658,1.84,1.00
2017.05.19 17:25:12.460,1.74634,1.74664,1.00,1.00
2017.05.19 17:25:12.714,1.74636,1.74664,1.00,1.50
2017.05.19 17:25:13.565,1.74635,1.74664,1.87,1.00
2017.05.19 17:25:14.291,1.74636,1.74664,1.00,1.00
2017.05.19 17:25:14.801,1.74635,1.74664,1.87,1.00
2017.05.19 17:25:15.310,1.74636,1.74664,1.00,1.00
2017.05.19 17:25:15.614,1.74636,1.74661,1.00,1.00
2017.05.19 17:25:16.127,1.74635,1.74661,1.12,1.00
2017.05.19 17:25:16.667,1.74636,1.74661,1.00,1.00
2017.05.19 17:25:17.422,1.74635,1.74661,1.12,1.00
2017.05.19 17:25:17.760,1.74632,1.74661,1.50,1.00
2017.05.19 17:25:17.912,1.74632,1.74657,1.00,1.00
2017.05.19 17:25:18.166,1.74625,1.74654,1.00,1.00
2017.05.19 17:25:22.279,1.74626,1.74656,1.00,1.71
2017.05.19 17:25:24.236,1.74626,1.74656,1.00,1.46
2017.05.19 17:25:24.287,1.74624,1.74653,1.00,1.00
2017.05.19 17:25:24.714,1.74626,1.74655,1.00,1.00
2017.05.19 17:25:25.024,1.74624,1.74653,1.00,1.00
2017.05.19 17:25:36.590,1.74626,1.74653,1.34,1.00
2017.05.19 17:25:36.641,1.74629,1.74658,1.34,1.00
2017.05.19 17:25:36.692,1.74635,1.74658,1.00,1.00
2017.05.19 17:25:36.743,1.74635,1.74663,1.00,1.50
2017.05.19 17:25:36.845,1.74636,1.74665,1.00,1.00
2017.05.19 17:25:37.303,1.7464,1.74665,1.00,1.09
2017.05.19 17:25:38.121,1.7464,1.74667,1.00,1.50
2017.05.19 17:25:40.022,1.74639,1.74667,1.87,1.00
2017.05.19 17:25:40.727,1.7464,1.74667,1.00,1.00
2017.05.19 17:25:41.030,1.74641,1.7467,1.00,1.00
2017.05.19 17:25:41.233,1.74643,1.74672,1.00,1.84
2017.05.19 17:26:04.761,1.74645,1.74672,1.00,1.00
2017.05.19 17:26:04.959,1.74642,1.74672,2.25,1.00
2017.05.19 17:26:05.519,1.74643,1.74672,1.00,1.00
2017.05.19 17:26:06.050,1.74642,1.74672,2.25,1.09
2017.05.19 17:26:07.924,1.74643,1.74672,1.00,1.00
2017.05.19 17:26:08.543,1.74643,1.74672,1.50,1.34
2017.05.19 17:26:10.890,1.74643,1.74672,1.50,1.09
2017.05.19 17:26:10.991,1.74643,1.74672,1.00,1.34
2017.05.19 17:26:13.614,1.7464,1.74669,1.00,1.09
2017.05.19 17:26:14.232,1.74639,1.74669,1.50,1.09
2017.05.19 17:26:15.059,1.7465,1.74669,1.00,1.00
2017.05.19 17:26:15.161,1.74653,1.7468,1.00,1.75
2017.05.19 17:26:15.212,1.74658,1.7468,1.84,1.37
2017.05.19 17:26:15.263,1.74663,1.74685,1.34,1.00
2017.05.19 17:26:15.315,1.74672,1.74685,1.12,1.00
2017.05.19 17:26:15.523,1.74677,1.74694,1.00,1.00
2017.05.19 17:26:15.575,1.74678,1.74707,2.62,1.09
2017.05.19 17:26:15.676,1.74679,1.74707,2.25,1.09
2017.05.19 17:26:15.778,1.74678,1.74707,1.87,1.09
2017.05.19 17:26:15.931,1.74678,1.74705,1.12,1.00
2017.05.19 17:26:16.337,1.74678,1.74705,1.34,1.00
2017.05.19 17:26:16.438,1.74679,1.74709,1.00,1.00
2017.05.19 17:26:16.541,1.74681,1.74709,1.00,1.00
2017.05.19 17:26:17.064,1.74681,1.74709,1.34,1.00
2017.05.19 17:26:17.167,1.74681,1.74711,1.84,1.00
2017.05.19 17:26:17.802,1.74681,1.74711,1.50,1.00
2017.05.19 17:26:18.573,1.74682,1.74711,1.00,1.00
2017.05.19 17:26:22.331,1.74683,1.74711,1.12,1.00
2017.05.19 17:26:22.853,1.74682,1.74711,1.00,1.00
2017.05.19 17:26:23.480,1.74683,1.74711,1.00,1.00
2017.05.19 17:26:24.001,1.74682,1.74711,1.00,1.00
2017.05.19 17:26:26.242,1.74683,1.74711,1.00,1.00
2017.05.19 17:26:29.482,1.74682,1.74711,1.12,1.00
2017.05.19 17:26:31.595,1.74683,1.74711,1.00,1.00
2017.05.19 17:26:32.607,1.74682,1.74711,1.00,1.34
2017.05.19 17:26:32.709,1.74679,1.74708,1.37,1.00
2017.05.19 17:26:32.760,1.74675,1.74706,1.71,1.00
2017.05.19 17:26:32.811,1.74675,1.74706,1.34,1.00
2017.05.19 17:26:33.065,1.74674,1.74703,3.37,1.00
2017.05.19 17:26:33.279,1.74675,1.74705,1.12,1.00
2017.05.19 17:26:33.838,1.74675,1.74705,1.37,1.00
2017.05.19 17:26:34.050,1.74678,1.74707,1.00,1.00
2017.05.19 17:26:37.051,1.74676,1.74706,1.00,1.00
2017.05.19 17:26:39.345,1.74677,1.74708,1.00,1.50
2017.05.19 17:26:39.994,1.74676,1.74705,1.00,1.00
2017.05.19 17:26:40.500,1.74675,1.74705,1.00,1.00
2017.05.19 17:26:41.034,1.74676,1.74705,1.00,1.00
2017.05.19 17:26:41.795,1.74677,1.74707,1.00,1.00
2017.05.19 17:26:42.624,1.74677,1.74706,1.00,1.00
2017.05.19 17:26:43.234,1.74676,1.74706,1.00,1.50
2017.05.19 17:26:44.174,1.74675,1.74706,1.00,1.34
2017.05.19 17:26:44.276,1.74671,1.74701,1.12,1.50
2017.05.19 17:26:44.784,1.74671,1.747,1.00,1.00
2017.05.19 17:26:45.367,1.7467,1.74698,1.00,1.00
2017.05.19 17:26:45.891,1.74669,1.74698,1.00,1.00
2017.05.19 17:26:46.552,1.7467,1.74698,1.00,1.00
2017.05.19 17:26:46.880,1.74675,1.74698,1.00,1.00
2017.05.19 17:26:47.076,1.74674,1.74701,1.00,1.00
2017.05.19 17:26:47.360,1.74671,1.74701,1.50,1.00
2017.05.19 17:26:47.462,1.74671,1.74699,1.50,1.00
2017.05.19 17:26:47.683,1.74672,1.74701,1.00,1.00
2017.05.19 17:26:53.163,1.74672,1.74701,1.34,1.00
2017.05.19 17:26:53.265,1.74677,1.74707,1.00,1.37
2017.05.19 17:26:53.316,1.74677,1.74707,1.09,1.50
2017.05.19 17:26:53.367,1.74676,1.74705,1.84,1.00
2017.05.19 17:26:53.772,1.74677,1.74709,1.84,1.00
2017.05.19 17:26:54.295,1.74678,1.74709,1.09,1.00
2017.05.19 17:26:55.048,1.74679,1.7471,1.00,1.00
2017.05.19 17:26:58.174,1.74677,1.74705,1.00,1.00
2017.05.19 17:26:58.579,1.74677,1.74709,1.50,1.50
2017.05.19 17:26:59.549,1.74681,1.74709,1.00,1.00
2017.05.19 17:26:59.855,1.74692,1.74716,1.00,1.00
2017.05.19 17:26:59.906,1.74692,1.74719,1.00,1.12
2017.05.19 17:27:00.210,1.74691,1.74717,1.00,1.00
2017.05.19 17:27:00.411,1.74687,1.74716,1.50,1.00
2017.05.19 17:27:00.513,1.74687,1.74712,1.00,1.00
2017.05.19 17:27:00.868,1.74691,1.74712,1.00,1.00
2017.05.19 17:27:00.971,1.74691,1.74715,1.00,1.00
2017.05.19 17:27:01.491,1.74687,1.74715,1.00,1.00
2017.05.19 17:27:01.542,1.74691,1.74715,1.00,1.00
2017.05.19 17:27:06.283,1.74692,1.74715,1.00,1.00
2017.05.19 17:27:06.385,1.74693,1.74717,1.00,1.00
2017.05.19 17:27:06.588,1.74693,1.74721,1.00,1.00
2017.05.19 17:27:07.213,1.74692,1.74721,1.50,1.00
2017.05.19 17:27:10.461,1.74691,1.74721,1.00,1.00
2017.05.19 17:27:10.513,1.74691,1.74718,1.00,1.00
2017.05.19 17:27:11.034,1.74692,1.74717,1.00,1.00
2017.05.19 17:27:11.151,1.74692,1.74719,1.00,1.00
2017.05.19 17:27:11.475,1.74697,1.74719,1.00,1.00
2017.05.19 17:27:11.627,1.74697,1.74722,1.00,1.00
2017.05.19 17:27:11.984,1.74697,1.7472,1.00,1.00
2017.05.19 17:27:12.228,1.74697,1.74722,1.00,1.00
2017.05.19 17:27:12.330,1.74697,1.74725,3.00,1.00
2017.05.19 17:27:12.431,1.74702,1.7473,1.00,2.25
2017.05.19 17:27:12.538,1.74702,1.7473,1.00,2.25
2017.05.19 17:27:13.176,1.74702,1.74731,1.00,1.50
2017.05.19 17:27:13.390,1.74702,1.74727,1.00,1.00
2017.05.19 17:27:13.441,1.74698,1.74727,1.50,1.00
2017.05.19 17:27:13.492,1.74698,1.74725,1.00,1.00
2017.05.19 17:27:13.796,1.74697,1.74723,1.00,1.00
2017.05.19 17:27:14.128,1.74697,1.74721,1.00,1.00
2017.05.19 17:27:14.432,1.74697,1.74723,1.00,1.00
2017.05.19 17:27:14.966,1.74696,1.74722,1.00,1.00
2017.05.19 17:27:15.548,1.74691,1.74722,2.25,1.00
2017.05.19 17:27:15.700,1.74691,1.7472,1.00,1.00
2017.05.19 17:27:16.005,1.74697,1.7472,1.00,1.00
2017.05.19 17:27:16.207,1.74697,1.74722,1.00,1.00
2017.05.19 17:27:17.044,1.74692,1.74722,1.00,1.00
2017.05.19 17:27:17.334,1.74694,1.74723,1.00,1.00
2017.05.19 17:27:17.436,1.74697,1.74727,1.00,1.00
2017.05.19 17:27:17.588,1.74702,1.74727,1.00,1.00
2017.05.19 17:27:17.689,1.74702,1.74729,1.00,1.00
2017.05.19 17:27:18.222,1.74702,1.7473,1.00,1.00
2017.05.19 17:27:18.613,1.74702,1.74732,1.00,1.00
2017.05.19 17:27:20.512,1.74702,1.74729,1.00,1.00
2017.05.19 17:27:21.403,1.747,1.74726,1.00,1.46
2017.05.19 17:27:21.606,1.74686,1.74714,1.50,1.00
2017.05.19 17:27:21.708,1.74682,1.74714,1.50,1.87
2017.05.19 17:27:22.012,1.7468,1.74711,1.00,1.00
2017.05.19 17:27:22.329,1.74682,1.74711,1.00,1.00
2017.05.19 17:27:23.697,1.74682,1.74709,1.00,1.00
2017.05.19 17:27:27.901,1.74682,1.7471,1.00,1.00
2017.05.19 17:27:32.244,1.74681,1.7471,1.09,1.00
2017.05.19 17:27:32.548,1.74687,1.74712,1.00,1.00
2017.05.19 17:27:33.614,1.74687,1.7471,1.00,1.00
2017.05.19 17:27:34.714,1.74681,1.7471,1.50,1.00
2017.05.19 17:27:35.663,1.74687,1.7471,1.00,1.00
2017.05.19 17:27:37.965,1.74686,1.7471,1.00,1.00
2017.05.19 17:27:38.917,1.74681,1.7471,1.09,1.00
2017.05.19 17:27:39.643,1.74681,1.7471,1.34,1.00
2017.05.19 17:27:41.540,1.74681,1.7471,1.09,1.00
2017.05.19 17:27:42.047,1.74682,1.7471,1.00,1.00
2017.05.19 17:27:42.330,1.74687,1.7471,1.00,1.00
2017.05.19 17:27:42.431,1.74681,1.7471,1.84,1.00
2017.05.19 17:27:42.532,1.74681,1.7471,1.84,1.00
2017.05.19 17:27:42.634,1.74686,1.7471,1.00,1.00
2017.05.19 17:27:42.786,1.74681,1.7471,1.84,1.00
2017.05.19 17:27:42.837,1.74686,1.7471,1.00,1.00
2017.05.19 17:27:43.141,1.74682,1.7471,1.84,1.00
2017.05.19 17:27:43.315,1.74681,1.7471,1.84,1.00
2017.05.19 17:27:43.621,1.74681,1.7471,1.84,1.00
2017.05.19 17:27:44.160,1.74681,1.74709,1.09,1.00
2017.05.19 17:27:46.332,1.74682,1.74709,1.00,1.00
2017.05.19 17:27:46.383,1.74687,1.74709,1.00,1.00
2017.05.19 17:27:46.845,1.74687,1.74711,1.00,1.00
2017.05.19 17:27:47.409,1.74687,1.74712,1.00,1.00
2017.05.19 17:27:52.660,1.74682,1.74712,1.09,1.00
2017.05.19 17:27:53.162,1.74681,1.74712,1.84,1.00
2017.05.19 17:27:53.909,1.74681,1.74712,1.84,1.00
2017.05.19 17:27:54.444,1.74681,1.74712,1.84,1.00
2017.05.19 17:27:54.950,1.74681,1.74712,1.84,1.00
2017.05.19 17:27:55.482,1.74682,1.74712,1.34,1.00
2017.05.19 17:27:56.321,1.74682,1.74712,1.34,1.00
2017.05.19 17:27:57.822,1.74682,1.74712,1.34,1.00
2017.05.19 17:27:58.424,1.74681,1.74712,1.34,1.00
2017.05.19 17:27:58.577,1.7468,1.74709,1.34,1.00
2017.05.19 17:27:59.193,1.74681,1.74709,1.34,1.00
2017.05.19 17:27:59.724,1.74681,1.74709,1.34,1.00
2017.05.19 17:28:00.083,1.74681,1.74709,1.09,1.00
2017.05.19 17:28:00.694,1.74681,1.74709,1.34,1.00
2017.05.19 17:28:00.745,1.74682,1.74711,1.84,1.00
2017.05.19 17:28:01.514,1.74684,1.74711,1.09,1.00
2017.05.19 17:28:02.020,1.74685,1.7471,1.00,1.00
2017.05.19 17:28:02.071,1.74682,1.7471,1.84,1.00
2017.05.19 17:28:02.174,1.74681,1.7471,1.09,1.00
2017.05.19 17:28:02.715,1.7468,1.74709,1.09,1.00
2017.05.19 17:28:03.249,1.7468,1.74709,1.34,1.00
2017.05.19 17:28:03.762,1.7468,1.74711,1.34,1.00
2017.05.19 17:28:04.371,1.7468,1.74711,2.25,1.00
2017.05.19 17:28:06.079,1.7468,1.74711,2.59,1.00
2017.05.19 17:28:07.540,1.7468,1.74711,2.59,1.00
2017.05.19 17:28:08.205,1.7468,1.74711,2.25,1.00
2017.05.19 17:28:08.564,1.7468,1.74707,1.50,1.00
2017.05.19 17:28:08.616,1.74678,1.74707,2.25,1.34
2017.05.19 17:28:08.667,1.74676,1.74705,3.00,1.00
2017.05.19 17:28:09.193,1.74677,1.74705,1.00,1.00
2017.05.19 17:28:09.727,1.74676,1.74705,1.50,1.09
2017.05.19 17:28:10.862,1.74676,1.74705,1.00,1.34
2017.05.19 17:28:12.237,1.74676,1.74705,1.00,1.09
2017.05.19 17:28:12.767,1.74677,1.74705,1.00,1.00
2017.05.19 17:28:14.211,1.74677,1.74705,1.34,1.00
2017.05.19 17:28:14.476,1.74685,1.74715,1.09,1.00
2017.05.19 17:28:14.528,1.74691,1.74715,1.00,1.00
2017.05.19 17:28:16.388,1.74691,1.74711,1.00,1.00
2017.05.19 17:28:18.213,1.74691,1.74714,1.00,1.00
2017.05.19 17:28:18.397,1.74687,1.74714,1.00,1.00
2017.05.19 17:28:18.919,1.74691,1.74714,1.00,1.00
2017.05.19 17:28:19.638,1.74687,1.74714,1.00,1.00
2017.05.19 17:28:19.892,1.74687,1.74716,1.00,1.00
2017.05.19 17:28:21.902,1.74691,1.74716,1.00,1.00
2017.05.19 17:28:26.087,1.74691,1.74714,1.00,1.00
2017.05.19 17:28:26.687,1.74691,1.74715,1.00,1.00
2017.05.19 17:28:27.708,1.74691,1.74714,1.00,1.00
2017.05.19 17:28:31.741,1.74692,1.74717,1.00,1.00
2017.05.19 17:28:31.792,1.74691,1.74717,4.09,1.00
2017.05.19 17:28:32.097,1.74699,1.7472,1.00,1.00
2017.05.19 17:28:32.630,1.747,1.7472,1.00,1.00
2017.05.19 17:28:33.432,1.74692,1.74718,1.50,1.50
2017.05.19 17:28:33.563,1.7469,1.74711,1.50,1.00
2017.05.19 17:28:34.020,1.74689,1.74707,1.00,1.00
2017.05.19 17:28:35.225,1.7469,1.74707,1.00,1.00
2017.05.19 17:28:36.742,1.7469,1.74706,1.00,1.00
2017.05.19 17:28:36.887,1.74683,1.74706,1.34,1.00
2017.05.19 17:28:37.252,1.74683,1.74707,1.09,1.00
2017.05.19 17:28:37.784,1.74683,1.74707,1.34,1.00
2017.05.19 17:28:38.403,1.74683,1.74707,1.09,1.00
2017.05.19 17:28:40.092,1.74683,1.74707,1.34,1.00
2017.05.19 17:28:43.672,1.74683,1.74707,1.34,1.00
2017.05.19 17:28:44.217,1.74683,1.74707,1.34,1.00
2017.05.19 17:28:44.370,1.74683,1.74709,1.34,1.00
2017.05.19 17:28:45.307,1.74681,1.74709,1.34,1.00
2017.05.19 17:28:45.358,1.74681,1.74708,1.00,1.50
2017.05.19 17:28:45.460,1.74682,1.74706,1.34,1.00
2017.05.19 17:28:45.562,1.74681,1.74708,1.34,1.00
2017.05.19 17:28:46.125,1.74681,1.74708,1.34,1.00
2017.05.19 17:28:49.842,1.74682,1.74708,1.34,1.00
2017.05.19 17:28:50.353,1.74682,1.74708,1.34,1.00
2017.05.19 17:28:50.783,1.74681,1.74708,1.00,1.00
2017.05.19 17:28:50.937,1.74681,1.74708,1.34,1.00
2017.05.19 17:28:51.839,1.74681,1.74708,1.34,1.00
2017.05.19 17:28:52.575,1.74681,1.74708,1.34,1.00
2017.05.19 17:28:53.130,1.74681,1.74708,1.34,1.00
2017.05.19 17:28:53.635,1.74681,1.74708,1.34,1.00
2017.05.19 17:28:57.573,1.74682,1.74708,1.00,1.00
2017.05.19 17:28:57.884,1.74682,1.74706,1.00,1.00
2017.05.19 17:28:58.144,1.74681,1.7471,1.00,1.00
2017.05.19 17:28:58.465,1.74683,1.74714,1.34,2.62
2017.05.19 17:28:58.516,1.74686,1.74714,1.34,1.00
2017.05.19 17:28:58.820,1.74689,1.74715,1.00,1.00
2017.05.19 17:28:59.124,1.74691,1.74715,1.09,1.00
2017.05.19 17:28:59.362,1.74691,1.7472,1.09,2.25
2017.05.19 17:28:59.914,1.74691,1.7472,1.34,1.50
2017.05.19 17:29:00.418,1.74691,1.7472,1.09,1.50
2017.05.19 17:29:00.927,1.74692,1.7472,1.09,1.00
2017.05.19 17:29:01.404,1.74692,1.7472,1.34,1.00
2017.05.19 17:29:01.663,1.74692,1.74722,1.34,1.00
2017.05.19 17:29:02.773,1.74692,1.74722,1.34,1.00
2017.05.19 17:29:03.296,1.74694,1.74722,1.46,1.00
2017.05.19 17:29:03.655,1.74694,1.74722,1.46,1.00
2017.05.19 17:29:04.179,1.74694,1.74723,2.21,1.00
2017.05.19 17:29:05.931,1.74693,1.74721,2.21,1.00
2017.05.19 17:29:09.686,1.74695,1.74721,1.09,1.00
2017.05.19 17:29:10.015,1.74693,1.74721,1.84,1.00
2017.05.19 17:29:10.515,1.74691,1.74721,2.59,1.00
2017.05.19 17:29:10.982,1.74691,1.74721,2.59,1.00
2017.05.19 17:29:11.033,1.74692,1.74721,1.34,1.00
2017.05.19 17:29:11.186,1.74695,1.74725,1.84,1.00
2017.05.19 17:29:11.288,1.74694,1.74722,1.34,1.00
2017.05.19 17:29:12.128,1.74695,1.74722,2.59,1.00
2017.05.19 17:29:12.332,1.74695,1.74722,1.34,1.00
2017.05.19 17:29:14.284,1.74695,1.74722,2.59,1.00
2017.05.19 17:29:14.487,1.74695,1.74725,2.59,1.00
2017.05.19 17:29:14.714,1.74697,1.74725,2.59,1.00
2017.05.19 17:29:16.930,1.74696,1.74725,1.84,1.00
2017.05.19 17:29:17.632,1.74696,1.74725,2.59,1.00
2017.05.19 17:29:18.184,1.74696,1.74725,1.00,1.00
2017.05.19 17:29:18.285,1.74696,1.74721,1.00,1.00
2017.05.19 17:29:18.336,1.74694,1.74721,1.00,1.00
2017.05.19 17:29:18.488,1.74691,1.74719,1.37,1.00
2017.05.19 17:29:18.590,1.7469,1.74719,1.09,1.00
2017.05.19 17:29:20.079,1.7469,1.74719,1.34,1.00
2017.05.19 17:29:20.181,1.74693,1.74719,1.00,1.00
2017.05.19 17:29:20.383,1.74693,1.74722,1.00,1.00
2017.05.19 17:29:20.688,1.74693,1.74719,1.00,1.00
2017.05.19 17:29:20.882,1.7469,1.74719,1.00,1.50
2017.05.19 17:29:21.755,1.74692,1.74719,1.50,1.00
2017.05.19 17:29:22.059,1.74694,1.74719,1.00,1.00
2017.05.19 17:29:24.328,1.74694,1.74722,1.00,1.50
2017.05.19 17:29:24.626,1.74694,1.74719,1.34,1.00
2017.05.19 17:29:24.778,1.74694,1.74721,1.34,1.00
2017.05.19 17:29:24.981,1.74693,1.74719,1.34,1.00
2017.05.19 17:29:25.237,1.74685,1.74713,1.09,1.00
2017.05.19 17:29:25.540,1.74683,1.74709,1.34,1.00
2017.05.19 17:29:27.067,1.74683,1.74709,1.34,1.00
2017.05.19 17:29:27.610,1.74683,1.74709,1.34,1.00
2017.05.19 17:29:28.120,1.74683,1.74709,1.09,1.00
2017.05.19 17:29:28.660,1.74683,1.74709,1.34,1.00
2017.05.19 17:29:29.857,1.74683,1.7471,1.34,1.00
2017.05.19 17:29:30.410,1.74683,1.74711,1.34,1.00
2017.05.19 17:29:30.714,1.74684,1.74713,1.34,2.25
2017.05.19 17:29:31.270,1.74684,1.74713,1.34,2.25
2017.05.19 17:29:31.806,1.74684,1.74714,1.34,1.50
2017.05.19 17:29:32.312,1.74684,1.74714,1.34,1.50
2017.05.19 17:29:32.666,1.74688,1.74718,1.34,1.00
2017.05.19 17:29:32.718,1.74692,1.74722,1.46,1.50
2017.05.19 17:29:33.242,1.74692,1.74722,1.46,1.50
2017.05.19 17:29:33.445,1.74692,1.74718,2.21,1.00
2017.05.19 17:29:33.995,1.74692,1.74718,2.21,1.00
2017.05.19 17:29:36.404,1.74692,1.74721,1.46,1.00
2017.05.19 17:29:36.815,1.74692,1.74721,1.87,1.34
2017.05.19 17:29:37.149,1.74683,1.74711,1.00,1.00
2017.05.19 17:29:37.307,1.74682,1.74709,1.00,1.00
2017.05.19 17:29:38.125,1.74682,1.7471,1.00,1.00
2017.05.19 17:29:38.876,1.74683,1.7471,1.00,1.00
2017.05.19 17:29:38.927,1.74681,1.7471,2.59,1.00
2017.05.19 17:29:39.216,1.74682,1.7471,1.34,1.00
2017.05.19 17:29:39.418,1.74682,1.74712,1.84,1.00
2017.05.19 17:29:40.894,1.74684,1.74712,1.84,1.00
2017.05.19 17:29:41.047,1.74693,1.74719,1.00,1.00
2017.05.19 17:29:41.148,1.74693,1.74722,1.12,1.00
2017.05.19 17:29:41.913,1.74693,1.74723,1.12,1.84
2017.05.19 17:29:42.015,1.74695,1.74724,1.00,3.00
2017.05.19 17:29:42.590,1.74695,1.74723,1.09,1.00
2017.05.19 17:29:47.681,1.74698,1.74723,1.00,1.00
2017.05.19 17:29:48.218,1.74697,1.74723,1.00,1.00
2017.05.19 17:29:48.549,1.74698,1.74726,1.84,1.00
2017.05.19 17:29:48.600,1.74703,1.74726,1.00,1.00
2017.05.19 17:29:48.674,1.74704,1.74729,1.00,1.00
2017.05.19 17:29:48.726,1.74702,1.7473,1.00,1.00
2017.05.19 17:29:48.960,1.74704,1.7473,1.37,1.00
2017.05.19 17:29:49.367,1.747,1.74728,1.09,1.00
2017.05.19 17:29:49.419,1.747,1.7473,1.09,1.00
2017.05.19 17:29:49.470,1.74698,1.74729,1.12,1.00
2017.05.19 17:29:49.521,1.74698,1.74725,1.87,1.00
2017.05.19 17:29:49.827,1.74692,1.74721,3.37,1.00
2017.05.19 17:29:49.978,1.74692,1.74718,1.00,1.00
2017.05.19 17:29:50.131,1.74692,1.74716,1.00,1.00
2017.05.19 17:29:50.473,1.74691,1.74717,1.34,1.00
2017.05.19 17:29:50.524,1.74692,1.7472,1.34,1.00
2017.05.19 17:29:51.056,1.74696,1.74723,1.34,1.50
2017.05.19 17:29:51.565,1.74696,1.74723,1.50,1.00
2017.05.19 17:29:52.023,1.74694,1.74723,1.00,1.00
2017.05.19 17:29:52.571,1.74693,1.74723,1.50,1.00
2017.05.19 17:29:53.079,1.74694,1.74723,1.00,1.00
2017.05.19 17:29:53.558,1.74695,1.74718,1.00,1.00
2017.05.19 17:29:53.753,1.74697,1.74727,1.12,1.50
2017.05.19 17:29:54.158,1.74699,1.74728,1.00,1.00
2017.05.19 17:29:55.351,1.74698,1.74727,1.84,1.00
2017.05.19 17:29:55.914,1.74698,1.74727,1.84,1.00
2017.05.19 17:29:58.564,1.74702,1.7473,1.00,1.50
2017.05.19 17:30:00.760,1.74701,1.7473,1.00,1.00
2017.05.19 17:30:01.267,1.74702,1.74728,1.00,1.00
2017.05.19 17:30:02.754,1.74706,1.74731,1.00,1.00
2017.05.19 17:30:03.114,1.74701,1.74731,1.00,1.00
2017.05.19 17:30:04.154,1.74706,1.74731,1.00,1.00
2017.05.19 17:30:04.399,1.74708,1.74738,1.00,1.00
2017.05.19 17:30:04.450,1.74711,1.74738,1.00,1.00
2017.05.19 17:30:06.547,1.74707,1.74734,3.75,1.00
2017.05.19 17:30:06.879,1.74708,1.74731,1.00,1.00
2017.05.19 17:30:06.931,1.74702,1.74731,2.25,1.00
2017.05.19 17:30:06.982,1.74704,1.74731,1.00,1.00
2017.05.19 17:30:07.084,1.74702,1.74731,1.00,1.00
2017.05.19 17:30:07.278,1.74702,1.74727,1.00,1.00
2017.05.19 17:30:07.380,1.74702,1.74731,1.50,1.00
2017.05.19 17:30:08.147,1.74701,1.74728,1.00,1.00
2017.05.19 17:30:08.299,1.74698,1.74726,1.00,1.00
2017.05.19 17:30:08.824,1.74697,1.74726,1.00,1.00
2017.05.19 17:30:09.268,1.74696,1.74724,1.12,1.00
2017.05.19 17:30:10.520,1.74697,1.74724,1.00,1.00
2017.05.19 17:30:11.485,1.74696,1.74723,1.12,1.12
2017.05.19 17:30:11.833,1.74693,1.74722,1.00,1.50
2017.05.19 17:30:11.884,1.74691,1.7472,3.75,1.00
2017.05.19 17:30:12.827,1.74692,1.7472,1.00,1.00
2017.05.19 17:30:13.651,1.74691,1.7472,3.00,1.00
2017.05.19 17:30:14.079,1.74691,1.74718,1.50,1.00
2017.05.19 17:30:15.131,1.74692,1.74718,1.00,1.00
2017.05.19 17:30:15.862,1.74691,1.74718,1.00,1.50
2017.05.19 17:30:16.116,1.74681,1.74712,1.84,1.00
2017.05.19 17:30:18.728,1.74683,1.74714,1.00,1.00
2017.05.19 17:30:21.143,1.74683,1.74715,1.09,1.00
2017.05.19 17:30:21.467,1.7469,1.74717,1.00,1.00
2017.05.19 17:30:21.973,1.7469,1.74717,1.34,1.00
2017.05.19 17:30:22.176,1.74689,1.74717,1.09,1.50
2017.05.19 17:30:22.336,1.74692,1.74718,1.84,1.87
2017.05.19 17:30:22.488,1.74694,1.74721,2.59,1.00
2017.05.19 17:30:22.539,1.74694,1.74718,2.59,1.00
2017.05.19 17:30:23.065,1.74694,1.74718,1.34,1.00
2017.05.19 17:30:23.562,1.74695,1.74718,1.84,1.00
2017.05.19 17:30:26.313,1.74696,1.74718,1.34,1.00
2017.05.19 17:30:26.364,1.74697,1.74718,1.84,1.00
2017.05.19 17:30:26.720,1.74697,1.74725,3.34,1.00
2017.05.19 17:30:27.025,1.74698,1.74727,1.84,1.50
2017.05.19 17:30:27.543,1.74698,1.74727,1.84,1.50
2017.05.19 17:30:29.249,1.74699,1.74727,1.09,1.00
2017.05.19 17:30:29.802,1.74699,1.74727,1.34,1.00
2017.05.19 17:30:29.954,1.747,1.74729,1.34,1.00
2017.05.19 17:30:30.072,1.747,1.74729,1.09,1.00
2017.05.19 17:30:30.124,1.74697,1.74727,1.34,1.00
2017.05.19 17:30:30.554,1.74699,1.74727,1.34,1.00
2017.05.19 17:30:30.678,1.74703,1.7473,1.00,1.12
2017.05.19 17:30:30.730,1.74703,1.74734,3.34,1.37
2017.05.19 17:30:30.832,1.74703,1.74734,3.34,1.00
2017.05.19 17:30:30.933,1.74704,1.74735,1.84,1.50
2017.05.19 17:30:31.483,1.74706,1.74735,1.09,1.12
2017.05.19 17:30:31.737,1.74701,1.74732,2.25,1.00
2017.05.19 17:30:31.940,1.74701,1.7473,1.00,1.00
2017.05.19 17:30:32.497,1.74701,1.7473,1.34,1.00
2017.05.19 17:30:33.005,1.74701,1.7473,1.34,1.00
2017.05.19 17:30:33.158,1.74701,1.7473,1.09,1.00
2017.05.19 17:30:33.706,1.74701,1.74729,1.34,1.00
2017.05.19 17:30:34.046,1.74701,1.7473,1.84,1.00
2017.05.19 17:30:34.251,1.74701,1.7473,1.09,1.00
2017.05.19 17:30:34.353,1.74702,1.74727,1.84,1.00
2017.05.19 17:30:34.607,1.74698,1.74724,1.12,1.00
2017.05.19 17:30:34.659,1.74698,1.74727,1.00,1.00
2017.05.19 17:30:35.013,1.74697,1.74727,1.34,1.00
2017.05.19 17:30:35.552,1.74698,1.74727,1.34,1.00
2017.05.19 17:30:36.297,1.74702,1.74727,1.00,1.00
2017.05.19 17:30:37.340,1.74698,1.74727,3.34,1.00
2017.05.19 17:30:37.392,1.74698,1.74727,1.84,1.00
2017.05.19 17:30:37.443,1.74696,1.74724,1.71,1.00
2017.05.19 17:30:37.495,1.74696,1.74724,1.09,1.00
2017.05.19 17:30:38.105,1.74695,1.74724,2.59,1.00
2017.05.19 17:30:38.314,1.74697,1.74724,1.00,1.00
2017.05.19 17:30:38.639,1.74697,1.74729,1.00,1.87
2017.05.19 17:30:39.938,1.74697,1.74729,1.00,4.87
2017.05.19 17:30:40.242,1.74693,1.74724,1.84,1.00
2017.05.19 17:30:40.592,1.74693,1.74724,1.84,1.00
2017.05.19 17:30:41.125,1.74693,1.74724,1.84,1.00
2017.05.19 17:30:41.637,1.74694,1.74724,1.34,1.00
2017.05.19 17:30:41.791,1.74694,1.74724,1.34,1.00
2017.05.19 17:30:41.842,1.74692,1.7472,1.34,1.00
2017.05.19 17:30:42.332,1.74691,1.74718,2.96,1.00
2017.05.19 17:30:42.901,1.74691,1.74718,2.21,1.00
2017.05.19 17:30:43.326,1.74691,1.74718,1.87,1.00
2017.05.19 17:30:43.520,1.74691,1.74715,1.12,2.25
2017.05.19 17:30:43.571,1.74685,1.74716,1.37,1.50
2017.05.19 17:30:43.673,1.74685,1.74716,1.00,1.50
2017.05.19 17:30:43.776,1.74686,1.74716,1.34,1.00
2017.05.19 17:30:44.031,1.74693,1.74722,1.00,1.00
2017.05.19 17:30:44.538,1.74692,1.74721,1.09,1.00
2017.05.19 17:30:44.945,1.74688,1.74719,1.34,1.00
2017.05.19 17:30:45.097,1.74688,1.74719,1.09,1.00
2017.05.19 17:30:45.363,1.74688,1.74719,1.34,1.00
2017.05.19 17:30:45.565,1.74692,1.74723,1.34,2.62
2017.05.19 17:30:46.424,1.74692,1.74723,1.09,2.62
2017.05.19 17:30:46.830,1.74692,1.74723,1.34,1.87
2017.05.19 17:30:47.135,1.74691,1.7472,1.34,1.00
2017.05.19 17:30:47.515,1.74689,1.74718,2.96,1.00
2017.05.19 17:30:47.569,1.74691,1.74722,1.34,1.00
2017.05.19 17:30:48.383,1.74691,1.74722,1.34,1.00
2017.05.19 17:30:48.893,1.74692,1.74722,1.09,1.00
2017.05.19 17:30:49.274,1.74692,1.74722,1.34,1.00
2017.05.19 17:30:49.976,1.74692,1.74722,1.34,1.00
2017.05.19 17:30:50.339,1.74692,1.74723,1.84,1.50
2017.05.19 17:30:51.537,1.74692,1.74723,1.84,1.50
2017.05.19 17:30:52.114,1.74692,1.74723,1.84,1.50
2017.05.19 17:30:53.613,1.74692,1.74723,3.34,1.50
2017.05.19 17:30:54.855,1.74692,1.74723,1.84,1.00
2017.05.19 17:30:55.370,1.74692,1.74723,1.34,1.00
2017.05.19 17:30:56.503,1.74695,1.74723,1.34,1.00
2017.05.19 17:30:56.808,1.74697,1.74725,1.34,1.00
2017.05.19 17:30:56.909,1.74694,1.74725,1.00,1.37
2017.05.19 17:30:56.961,1.74694,1.74725,1.00,1.46
2017.05.19 17:30:57.115,1.74691,1.74719,1.84,1.00
2017.05.19 17:30:57.684,1.74692,1.74719,1.00,1.00
2017.05.19 17:30:58.185,1.74691,1.74719,1.00,1.00
2017.05.19 17:30:58.694,1.74692,1.74719,1.00,1.00
2017.05.19 17:30:59.371,1.74692,1.74721,1.09,1.00
2017.05.19 17:31:02.279,1.74692,1.74719,1.50,1.00
2017.05.19 17:31:02.883,1.74698,1.74724,1.09,1.00
2017.05.19 17:31:03.407,1.74696,1.74722,1.00,1.00
2017.05.19 17:31:03.919,1.74695,1.74722,1.09,1.00
2017.05.19 17:31:04.449,1.74695,1.74722,1.34,1.00
2017.05.19 17:31:05.003,1.74695,1.74722,1.34,1.00
2017.05.19 17:31:05.657,1.74696,1.74722,1.00,1.00
2017.05.19 17:31:06.225,1.74695,1.74722,1.00,1.00
2017.05.19 17:31:06.682,1.74691,1.74717,1.50,1.00
2017.05.19 17:31:06.933,1.74679,1.7471,1.00,1.37
2017.05.19 17:31:07.035,1.74682,1.74707,1.00,1.00
2017.05.19 17:31:07.187,1.74682,1.74709,1.00,1.87
2017.05.19 17:31:07.300,1.7468,1.74709,1.00,1.87
2017.05.19 17:31:07.849,1.7468,1.74709,1.09,1.00
2017.05.19 17:31:08.351,1.7468,1.74709,1.34,1.00
2017.05.19 17:31:09.406,1.74688,1.74709,1.84,1.00
2017.05.19 17:31:09.508,1.74688,1.74709,1.34,1.00
2017.05.19 17:31:09.559,1.74688,1.74717,1.84,1.75
2017.05.19 17:31:09.703,1.74688,1.74719,1.84,1.00
2017.05.19 17:31:10.357,1.74689,1.7472,1.00,1.00
2017.05.19 17:31:10.894,1.74689,1.7472,1.00,2.25
2017.05.19 17:31:11.046,1.74687,1.74718,3.34,1.00
2017.05.19 17:31:11.534,1.7469,1.74719,1.00,1.12
2017.05.19 17:31:12.967,1.7469,1.74719,1.34,1.00
2017.05.19 17:31:13.270,1.74694,1.74723,1.09,1.12
2017.05.19 17:31:13.773,1.74692,1.74722,1.34,1.12
2017.05.19 17:31:14.020,1.74697,1.74722,1.00,1.12
2017.05.19 17:31:15.628,1.74697,1.74725,1.34,1.37
2017.05.19 17:31:15.830,1.74699,1.74726,1.34,1.87
2017.05.19 17:31:16.427,1.74701,1.74726,1.09,1.87
2017.05.19 17:31:17.556,1.74701,1.74725,1.00,1.37
2017.05.19 17:31:18.076,1.747,1.74726,1.09,1.87
2017.05.19 17:31:20.094,1.747,1.74726,1.09,1.87
2017.05.19 17:31:21.760,1.74701,1.74726,1.00,1.87
2017.05.19 17:31:23.361,1.747,1.74725,1.34,1.00
2017.05.19 17:31:23.520,1.747,1.74728,1.09,1.50
2017.05.19 17:31:24.044,1.74701,1.74728,1.00,1.87
2017.05.19 17:31:24.737,1.7471,1.74728,1.84,1.00
2017.05.19 17:31:24.966,1.74711,1.74736,1.84,1.87
2017.05.19 17:31:25.017,1.74708,1.74736,2.21,1.00
2017.05.19 17:31:25.393,1.74707,1.74736,2.21,1.12
2017.05.19 17:31:25.444,1.74709,1.74736,1.84,1.12
2017.05.19 17:31:25.749,1.74705,1.74736,1.84,1.87
2017.05.19 17:31:25.850,1.74705,1.74734,1.46,1.37
2017.05.19 17:31:26.396,1.74705,1.74734,1.34,1.37
2017.05.19 17:31:26.917,1.74705,1.74734,1.34,1.37
2017.05.19 17:31:27.235,1.74705,1.74734,2.59,1.37
2017.05.19 17:31:27.336,1.74705,1.74734,1.34,1.37
2017.05.19 17:31:27.998,1.74705,1.74734,1.34,1.37
2017.05.19 17:31:28.954,1.74705,1.74734,1.34,1.37
2017.05.19 17:31:29.164,1.74712,1.74731,1.84,1.00
2017.05.19 17:31:29.266,1.7471,1.74736,1.84,1.00
2017.05.19 17:31:29.368,1.74709,1.74735,1.84,1.00
2017.05.19 17:31:29.419,1.74709,1.74735,2.21,1.00
2017.05.19 17:31:29.470,1.74709,1.74738,2.96,1.12
2017.05.19 17:31:29.863,1.74712,1.74741,1.00,1.12
2017.05.19 17:31:30.089,1.74712,1.74741,1.34,1.37
2017.05.19 17:31:30.360,1.74712,1.74743,1.34,1.87
2017.05.19 17:31:30.411,1.74712,1.74743,2.59,1.87
2017.05.19 17:31:30.462,1.74712,1.74743,1.34,1.87
2017.05.19 17:31:30.970,1.74713,1.74743,1.84,1.37
2017.05.19 17:31:31.274,1.74712,1.74741,1.34,1.00
2017.05.19 17:31:31.934,1.74712,1.74741,2.59,1.00
2017.05.19 17:31:32.484,1.74713,1.74741,1.84,1.12
2017.05.19 17:31:33.406,1.74712,1.74741,2.59,1.12
2017.05.19 17:31:33.953,1.74712,1.74741,1.34,1.37
2017.05.19 17:31:34.461,1.74712,1.74741,1.34,1.37
2017.05.19 17:31:34.512,1.74712,1.74741,1.34,1.37
2017.05.19 17:31:35.052,1.74714,1.74741,1.84,1.37
2017.05.19 17:31:35.557,1.74713,1.74741,1.84,1.37
2017.05.19 17:31:35.949,1.74713,1.74741,1.84,1.12
2017.05.19 17:31:36.462,1.74713,1.74741,1.84,1.37
2017.05.19 17:31:36.643,1.7471,1.74739,2.59,1.00
2017.05.19 17:31:37.160,1.74711,1.74739,2.21,1.00
2017.05.19 17:31:40.222,1.7471,1.74739,1.09,1.00
2017.05.19 17:31:40.923,1.7471,1.74739,2.59,1.00
2017.05.19 17:31:41.696,1.7471,1.74739,1.84,1.00
2017.05.19 17:31:42.356,1.74709,1.74739,3.34,1.00
2017.05.19 17:31:42.512,1.74713,1.74739,1.84,1.00
2017.05.19 17:31:43.472,1.74713,1.74739,1.84,1.12
2017.05.19 17:31:43.801,1.74713,1.74737,1.84,1.00
2017.05.19 17:31:44.395,1.74715,1.74737,1.84,1.00
2017.05.19 17:31:44.446,1.74713,1.74737,1.84,1.00
2017.05.19 17:31:44.751,1.74711,1.74737,1.84,1.00
2017.05.19 17:31:45.943,1.74712,1.74737,1.84,1.00
2017.05.19 17:31:46.216,1.7471,1.74737,1.84,1.00
2017.05.19 17:31:46.984,1.74709,1.74737,1.84,1.00
2017.05.19 17:31:47.086,1.7471,1.74737,1.84,1.00
2017.05.19 17:31:49.729,1.7471,1.74737,1.84,1.00
2017.05.19 17:31:52.033,1.74707,1.74737,1.84,1.12
2017.05.19 17:31:52.467,1.74709,1.74737,1.84,1.00
2017.05.19 17:31:53.125,1.74709,1.74737,1.84,1.00
2017.05.19 17:31:53.801,1.7471,1.74737,1.84,1.00
2017.05.19 17:31:53.853,1.74706,1.74737,1.84,1.37
2017.05.19 17:31:53.955,1.74707,1.74737,1.34,1.37
2017.05.19 17:31:54.158,1.74707,1.74733,1.34,1.00
2017.05.19 17:31:54.259,1.74706,1.74733,1.34,1.00
2017.05.19 17:31:54.710,1.74706,1.74733,2.59,1.00
2017.05.19 17:31:54.812,1.74706,1.74733,1.84,1.00
2017.05.19 17:31:54.913,1.7471,1.74739,1.34,1.12
2017.05.19 17:31:55.015,1.74707,1.74736,1.34,1.00
2017.05.19 17:31:55.066,1.74707,1.74736,1.34,1.00
2017.05.19 17:31:55.358,1.74706,1.74736,1.50,1.00
2017.05.19 17:31:55.460,1.74706,1.74733,1.84,1.00
2017.05.19 17:31:55.772,1.74706,1.74733,1.84,1.00
2017.05.19 17:31:56.443,1.74707,1.74733,1.09,1.00
2017.05.19 17:31:57.196,1.74707,1.74733,1.34,1.00
2017.05.19 17:31:58.311,1.74707,1.74733,1.34,1.00
2017.05.19 17:31:58.362,1.74707,1.74733,1.00,1.00
2017.05.19 17:31:58.464,1.74707,1.74736,1.00,1.00
2017.05.19 17:31:58.666,1.74707,1.74734,1.50,1.00
2017.05.19 17:31:58.967,1.74707,1.74734,1.84,1.00
2017.05.19 17:31:59.512,1.74706,1.74734,1.34,1.00
2017.05.19 17:32:00.059,1.74706,1.74734,1.46,1.00
2017.05.19 17:32:00.586,1.74706,1.74735,1.46,1.00
2017.05.19 17:32:01.105,1.74706,1.74735,2.21,1.37
2017.05.19 17:32:01.447,1.74706,1.74734,1.12,4.09
2017.05.19 17:32:01.752,1.74706,1.74732,1.12,1.00
2017.05.19 17:32:10.076,1.74706,1.74734,1.46,1.12
2017.05.19 17:32:10.588,1.74706,1.74734,1.46,1.12
2017.05.19 17:32:11.188,1.74706,1.74734,1.46,1.12
2017.05.19 17:32:12.229,1.74706,1.74735,1.46,1.50
2017.05.19 17:32:12.765,1.74706,1.74734,1.12,1.12
2017.05.19 17:32:13.271,1.74705,1.74733,1.37,1.87
2017.05.19 17:32:18.106,1.74704,1.74733,1.00,1.37
2017.05.19 17:32:18.613,1.74703,1.74732,1.00,1.12
2017.05.19 17:32:19.147,1.74703,1.74732,1.00,1.37
2017.05.19 17:32:19.706,1.74703,1.74732,1.00,1.12
2017.05.19 17:32:21.106,1.74703,1.74729,1.00,1.00
2017.05.19 17:32:21.259,1.74694,1.74725,1.00,1.50
2017.05.19 17:32:21.360,1.74694,1.74723,1.00,1.12
2017.05.19 17:32:21.664,1.74692,1.7472,1.34,1.00
2017.05.19 17:32:22.204,1.74691,1.74721,2.21,1.00
2017.05.19 17:32:22.755,1.74691,1.74722,2.21,1.12
2017.05.19 17:32:23.211,1.74694,1.74723,1.34,1.00
2017.05.19 17:32:23.367,1.747,1.74729,1.00,1.50
2017.05.19 17:32:23.572,1.74702,1.74729,1.00,1.00
2017.05.19 17:32:23.876,1.74702,1.74731,1.00,2.25
2017.05.19 17:32:23.927,1.74702,1.74731,1.34,1.87
2017.05.19 17:32:24.164,1.74702,1.74731,1.00,1.87
2017.05.19 17:32:24.247,1.747,1.74729,1.09,1.00
2017.05.19 17:32:24.551,1.747,1.74729,1.34,1.00
2017.05.19 17:32:24.873,1.747,1.74729,1.34,1.12
2017.05.19 17:32:25.411,1.747,1.74729,1.34,1.87
2017.05.19 17:32:26.020,1.747,1.74729,1.34,1.87
2017.05.19 17:32:26.527,1.747,1.74729,1.34,1.12
2017.05.19 17:32:29.040,1.747,1.74729,1.34,1.00
2017.05.19 17:32:29.141,1.74707,1.74729,1.00,1.00
2017.05.19 17:32:29.192,1.74704,1.74731,1.00,1.09
2017.05.19 17:32:29.353,1.74699,1.74728,1.12,1.00
2017.05.19 17:32:29.507,1.74698,1.74726,1.46,1.00
2017.05.19 17:32:29.820,1.74698,1.74727,1.84,1.87
2017.05.19 17:32:29.922,1.74698,1.74728,1.46,1.00
2017.05.19 17:32:30.226,1.74712,1.74729,1.00,1.00
2017.05.19 17:32:30.386,1.7471,1.74729,1.00,1.00
2017.05.19 17:32:30.488,1.74715,1.74729,1.00,1.00
2017.05.19 17:32:30.589,1.74711,1.74729,1.50,1.00
2017.05.19 17:32:30.741,1.74713,1.74729,1.00,1.00
2017.05.19 17:32:30.952,1.74719,1.74748,1.00,1.00
2017.05.19 17:32:31.003,1.74726,1.74753,1.00,2.25
2017.05.19 17:32:31.054,1.74722,1.74748,1.00,1.00
2017.05.19 17:32:31.292,1.74726,1.74747,1.00,1.00
2017.05.19 17:32:31.343,1.74723,1.74749,1.01,1.50
2017.05.19 17:32:31.496,1.74723,1.74753,1.42,1.12
2017.05.19 17:32:31.697,1.74731,1.74749,1.00,1.00
2017.05.19 17:32:31.798,1.74732,1.74752,1.42,1.00
2017.05.19 17:32:31.950,1.74727,1.74759,1.05,1.12
2017.05.19 17:32:32.001,1.74727,1.74753,1.05,1.00
2017.05.19 17:32:32.138,1.74723,1.74753,1.67,1.12
2017.05.19 17:32:32.189,1.74727,1.74753,1.00,1.00
2017.05.19 17:32:32.443,1.74727,1.74757,1.00,3.00
2017.05.19 17:32:32.544,1.74727,1.74754,1.00,1.00
2017.05.19 17:32:33.139,1.74726,1.74752,1.00,1.00
2017.05.19 17:32:33.536,1.74731,1.74756,1.00,1.00
2017.05.19 17:32:33.739,1.74735,1.74764,1.00,1.00
2017.05.19 17:32:33.790,1.74737,1.74764,1.00,1.00
2017.05.19 17:32:34.099,1.74739,1.74764,1.00,1.00
2017.05.19 17:32:34.151,1.74738,1.74766,1.00,1.00
2017.05.19 17:32:34.355,1.74739,1.74764,1.00,1.00
2017.05.19 17:32:34.456,1.74738,1.74766,1.00,1.00
2017.05.19 17:32:34.558,1.74739,1.74764,1.00,1.00
2017.05.19 17:32:34.861,1.74739,1.74766,1.00,1.50
2017.05.19 17:32:34.963,1.74735,1.74765,1.37,1.00
2017.05.19 17:32:35.065,1.74733,1.74764,1.00,1.00
2017.05.19 17:32:35.217,1.74736,1.74764,1.00,1.00
2017.05.19 17:32:35.512,1.74733,1.74764,1.00,1.34
2017.05.19 17:32:35.563,1.74732,1.7476,1.00,1.00
2017.05.19 17:32:35.778,1.74727,1.74756,1.00,1.00
2017.05.19 17:32:35.828,1.74729,1.74756,1.00,1.00
2017.05.19 17:32:35.930,1.74731,1.74759,1.50,1.00
2017.05.19 17:32:35.981,1.74732,1.74762,1.00,1.00
2017.05.19 17:32:36.083,1.74733,1.74764,1.00,1.00
2017.05.19 17:32:36.337,1.74737,1.74764,1.00,1.50
2017.05.19 17:32:36.604,1.74735,1.74764,1.00,1.00
2017.05.19 17:32:36.909,1.74735,1.74766,1.00,1.00
2017.05.19 17:32:37.185,1.74734,1.74763,1.00,1.00
2017.05.19 17:32:37.496,1.74736,1.74765,1.00,1.00
2017.05.19 17:32:38.252,1.74741,1.74765,1.34,1.00
2017.05.19 17:32:38.304,1.74741,1.74765,1.00,1.00
2017.05.19 17:32:38.355,1.74739,1.7477,1.00,1.00
2017.05.19 17:32:38.457,1.74741,1.7477,1.00,1.00
2017.05.19 17:32:38.962,1.74741,1.74769,1.00,1.00
2017.05.19 17:32:39.981,1.7474,1.74767,2.62,1.00
2017.05.19 17:32:40.083,1.7474,1.74769,2.62,1.00
2017.05.19 17:32:40.185,1.7474,1.74766,1.87,1.00
2017.05.19 17:32:40.494,1.7474,1.74766,2.21,1.00
2017.05.19 17:32:40.596,1.74742,1.74773,2.25,1.00
2017.05.19 17:32:40.895,1.74742,1.74768,1.50,1.00
2017.05.19 17:32:41.098,1.74739,1.74768,1.87,1.00
2017.05.19 17:32:41.755,1.74739,1.74767,1.87,1.00
2017.05.19 17:32:41.857,1.74737,1.74763,1.75,1.00
2017.05.19 17:32:42.061,1.74729,1.74759,1.50,1.00
2017.05.19 17:32:42.246,1.74731,1.74759,1.00,1.00
2017.05.19 17:32:42.779,1.74732,1.7476,1.00,1.00
2017.05.19 17:32:43.055,1.74728,1.74758,2.25,1.00
2017.05.19 17:32:43.342,1.74731,1.74757,1.00,1.00
2017.05.19 17:32:43.900,1.74732,1.74757,1.00,1.00
2017.05.19 17:32:44.218,1.74736,1.74757,1.00,1.00
2017.05.19 17:32:44.421,1.74731,1.74757,1.00,1.00
2017.05.19 17:32:44.827,1.74728,1.74758,1.50,1.00
2017.05.19 17:32:46.495,1.74731,1.74758,1.00,1.00
2017.05.19 17:32:46.708,1.74728,1.74759,1.50,1.00
2017.05.19 17:32:47.181,1.74728,1.74755,1.87,1.00
2017.05.19 17:32:47.863,1.74728,1.74755,1.00,1.00
2017.05.19 17:32:48.773,1.74729,1.74756,1.00,1.00
2017.05.19 17:32:49.277,1.74729,1.74755,1.00,1.00
2017.05.19 17:32:51.887,1.74727,1.74755,1.00,1.00
2017.05.19 17:32:52.403,1.74737,1.74755,1.00,1.00
2017.05.19 17:32:52.455,1.74727,1.74755,1.00,1.00
2017.05.19 17:32:52.506,1.74727,1.74757,1.00,1.12
2017.05.19 17:32:52.557,1.74731,1.74757,1.00,1.00
2017.05.19 17:32:52.608,1.74731,1.74759,1.00,1.00
2017.05.19 17:32:52.809,1.74729,1.74759,1.50,1.00
2017.05.19 17:32:53.365,1.7473,1.74759,1.00,1.12
2017.05.19 17:32:53.748,1.74737,1.74759,1.00,1.00
2017.05.19 17:32:53.849,1.74729,1.74759,1.50,1.00
2017.05.19 17:32:54.353,1.74729,1.74759,1.87,1.00
2017.05.19 17:32:54.889,1.74729,1.74761,2.25,1.37
2017.05.19 17:32:55.425,1.74729,1.74759,2.25,1.00
2017.05.19 17:32:56.578,1.74728,1.74758,1.50,1.00
2017.05.19 17:32:56.882,1.74726,1.74759,1.84,1.12
2017.05.19 17:32:57.423,1.74726,1.74759,2.59,1.37
2017.05.19 17:32:57.626,1.74737,1.74768,1.09,1.50
2017.05.19 17:32:57.982,1.74737,1.74766,1.00,1.00
2017.05.19 17:32:58.357,1.74736,1.74764,1.87,1.00
2017.05.19 17:32:58.614,1.7473,1.74761,1.87,1.37
2017.05.19 17:32:58.715,1.74737,1.74756,1.00,1.00
2017.05.19 17:32:58.817,1.74736,1.74759,1.00,1.00
2017.05.19 17:32:58.919,1.74736,1.74765,2.25,1.00
2017.05.19 17:32:59.333,1.74736,1.74767,1.12,1.00
2017.05.19 17:32:59.384,1.74735,1.74764,2.25,1.00
2017.05.19 17:32:59.862,1.74742,1.74764,1.00,1.00
2017.05.19 17:33:00.007,1.74741,1.74769,1.00,2.25
2017.05.19 17:33:00.058,1.74739,1.74769,1.50,2.25
2017.05.19 17:33:00.109,1.74736,1.74766,1.12,1.12
2017.05.19 17:33:00.160,1.74736,1.74766,1.12,1.37
2017.05.19 17:33:00.464,1.74732,1.74759,1.00,1.00
2017.05.19 17:33:00.617,1.7473,1.74759,1.00,1.00
2017.05.19 17:33:01.136,1.74731,1.74759,1.00,1.00
2017.05.19 17:33:01.440,1.74729,1.74759,2.25,1.00
2017.05.19 17:33:01.914,1.74727,1.74759,1.00,1.12
2017.05.19 17:33:02.083,1.74731,1.74756,1.00,1.00
2017.05.19 17:33:02.360,1.74727,1.74756,1.00,1.00
2017.05.19 17:33:02.692,1.74728,1.74758,1.00,1.12
2017.05.19 17:33:03.097,1.74726,1.74755,1.50,1.00
2017.05.19 17:33:03.779,1.74728,1.74755,1.09,1.00
2017.05.19 17:33:03.885,1.74728,1.74757,1.87,1.00
2017.05.19 17:33:03.987,1.74731,1.74756,1.00,1.00
2017.05.19 17:33:04.220,1.74732,1.7476,1.00,1.00
2017.05.19 17:33:04.373,1.74737,1.74761,1.00,1.00
2017.05.19 17:33:04.424,1.74737,1.74764,1.00,1.00
2017.05.19 17:33:04.832,1.74738,1.74766,1.00,1.00
2017.05.19 17:33:05.366,1.74738,1.74767,1.00,1.12
2017.05.19 17:33:05.569,1.74741,1.74768,1.00,1.00
2017.05.19 17:33:06.013,1.74738,1.74768,1.00,1.00
2017.05.19 17:33:06.114,1.74738,1.74765,1.00,1.00
2017.05.19 17:33:06.636,1.74738,1.74761,1.50,1.00
2017.05.19 17:33:06.839,1.74729,1.74758,1.75,1.00
2017.05.19 17:33:06.958,1.74729,1.74758,1.00,1.00
2017.05.19 17:33:07.009,1.74728,1.74753,1.00,1.00
2017.05.19 17:33:07.523,1.74726,1.74753,1.12,1.00
2017.05.19 17:33:07.624,1.74722,1.74751,1.75,1.00
2017.05.19 17:33:07.726,1.74722,1.74751,1.00,1.00
2017.05.19 17:33:08.628,1.74722,1.74749,1.50,1.00
2017.05.19 17:33:08.933,1.74723,1.74747,1.00,1.00
2017.05.19 17:33:09.178,1.7472,1.74747,1.50,1.00
2017.05.19 17:33:10.860,1.74719,1.74747,2.62,1.00
2017.05.19 17:33:11.417,1.74719,1.74748,1.87,1.00
2017.05.19 17:33:11.468,1.74724,1.74748,1.00,1.00
2017.05.19 17:33:11.782,1.74727,1.7475,1.00,1.00
2017.05.19 17:33:11.934,1.74723,1.7475,1.00,1.00
2017.05.19 17:33:12.035,1.74725,1.7475,1.00,1.00
2017.05.19 17:33:12.398,1.74727,1.74752,1.00,1.00
2017.05.19 17:33:12.999,1.74726,1.74752,1.00,1.00
2017.05.19 17:33:13.050,1.74726,1.74754,1.00,1.00
2017.05.19 17:33:13.553,1.74726,1.7475,1.00,1.00
2017.05.19 17:33:14.081,1.74727,1.7475,1.00,1.00
2017.05.19 17:33:14.193,1.74722,1.74749,1.00,1.00
2017.05.19 17:33:14.245,1.74726,1.74749,1.00,1.00
2017.05.19 17:33:14.753,1.74722,1.74749,1.00,1.00
2017.05.19 17:33:15.422,1.74719,1.74749,1.87,1.00
2017.05.19 17:33:15.524,1.74715,1.74745,2.62,1.00
2017.05.19 17:33:15.626,1.74715,1.74745,1.12,1.00
2017.05.19 17:33:15.880,1.74717,1.74745,1.12,1.00
2017.05.19 17:33:16.034,1.74722,1.74751,1.12,1.00
2017.05.19 17:33:16.243,1.74725,1.74756,1.00,2.62
2017.05.19 17:33:16.649,1.74725,1.74753,1.00,1.00
2017.05.19 17:33:16.700,1.74722,1.74753,1.87,1.00
2017.05.19 17:33:16.903,1.74732,1.74753,1.00,1.00
2017.05.19 17:33:16.954,1.74728,1.74752,1.00,1.00
2017.05.19 17:33:17.006,1.74726,1.74752,1.50,1.00
2017.05.19 17:33:17.057,1.74726,1.74757,1.50,1.87
2017.05.19 17:33:17.252,1.74724,1.74755,1.50,1.00
2017.05.19 17:33:17.353,1.74732,1.74751,1.00,1.00
2017.05.19 17:33:17.455,1.74726,1.74755,1.00,1.50
2017.05.19 17:33:17.978,1.74727,1.74756,1.00,1.00
2017.05.19 17:33:19.106,1.74732,1.74756,1.00,1.87
2017.05.19 17:33:19.210,1.74727,1.74756,1.00,1.87
2017.05.19 17:33:19.655,1.74731,1.74759,1.00,1.00
2017.05.19 17:33:19.858,1.74734,1.74765,1.00,1.00
2017.05.19 17:33:20.010,1.74734,1.74764,1.00,2.96
2017.05.19 17:33:20.151,1.74731,1.7476,1.00,1.00
2017.05.19 17:33:20.202,1.74731,1.7476,1.00,3.00
2017.05.19 17:33:20.253,1.74728,1.74758,1.00,2.25
2017.05.19 17:33:20.815,1.74726,1.74755,1.00,1.12
2017.05.19 17:33:20.981,1.74723,1.74755,1.00,1.00
2017.05.19 17:33:21.032,1.74726,1.74755,1.50,1.00
2017.05.19 17:33:21.202,1.74727,1.74758,1.00,1.09
2017.05.19 17:33:21.254,1.74721,1.74752,2.25,1.12
2017.05.19 17:33:21.559,1.74723,1.7475,1.50,1.00
2017.05.19 17:33:21.764,1.74728,1.74757,1.00,1.12
2017.05.19 17:33:21.865,1.74732,1.74757,1.00,1.87
2017.05.19 17:33:21.916,1.74726,1.74756,1.00,1.87
2017.05.19 17:33:22.435,1.74727,1.74755,1.00,1.00
2017.05.19 17:33:22.943,1.74727,1.74756,1.00,1.12
2017.05.19 17:33:22.994,1.74727,1.74754,1.00,1.00
2017.05.19 17:33:23.507,1.74726,1.74754,1.00,1.00
2017.05.19 17:33:24.020,1.74727,1.74754,1.00,1.00
2017.05.19 17:33:24.436,1.74724,1.74749,1.00,1.00
2017.05.19 17:33:24.538,1.74722,1.74748,1.00,1.00
2017.05.19 17:33:24.842,1.74731,1.74749,1.00,1.00
2017.05.19 17:33:25.045,1.74733,1.74755,1.84,1.00
2017.05.19 17:33:25.147,1.74733,1.74759,1.84,1.50
2017.05.19 17:33:25.266,1.74733,1.74765,1.84,1.00
2017.05.19 17:33:25.469,1.74732,1.74763,1.37,1.00
2017.05.19 17:33:25.571,1.74734,1.74765,1.12,1.00
2017.05.19 17:33:25.622,1.74734,1.74767,1.12,3.37
2017.05.19 17:33:25.724,1.74736,1.74766,1.00,1.00
2017.05.19 17:33:26.234,1.74734,1.74766,2.25,1.00
2017.05.19 17:33:26.337,1.74736,1.74765,1.00,1.00
2017.05.19 17:33:26.539,1.74735,1.74767,1.00,1.00
2017.05.19 17:33:27.360,1.74735,1.74765,1.50,1.00
2017.05.19 17:33:27.896,1.74735,1.74764,1.00,1.50
2017.05.19 17:33:29.054,1.74735,1.74761,1.00,1.00
2017.05.19 17:33:29.358,1.74737,1.7476,1.00,1.00
2017.05.19 17:33:30.217,1.74731,1.7476,1.50,1.00
2017.05.19 17:33:30.369,1.74729,1.7476,1.00,1.00
2017.05.19 17:33:30.420,1.74731,1.7476,1.00,1.00
2017.05.19 17:33:30.876,1.74731,1.74757,1.00,1.00
2017.05.19 17:33:31.244,1.74731,1.74754,1.00,1.00
2017.05.19 17:33:31.679,1.74727,1.74755,2.59,1.00
2017.05.19 17:33:32.194,1.74731,1.74755,1.00,1.00
2017.05.19 17:33:32.725,1.74731,1.74756,1.00,1.00
2017.05.19 17:33:33.879,1.74728,1.74759,1.87,1.00
2017.05.19 17:33:34.032,1.74727,1.74757,1.50,1.00
2017.05.19 17:33:34.083,1.74725,1.74755,1.00,1.00
2017.05.19 17:33:34.134,1.74727,1.74755,1.50,1.00
2017.05.19 17:33:34.465,1.74726,1.74753,1.50,1.00
2017.05.19 17:33:35.679,1.74727,1.74753,1.00,1.00
2017.05.19 17:33:36.947,1.74726,1.74753,1.50,1.50
2017.05.19 17:33:37.473,1.74727,1.74753,1.00,1.00
2017.05.19 17:33:38.055,1.74726,1.74753,1.50,1.00
2017.05.19 17:33:38.844,1.74726,1.74754,1.50,1.00
2017.05.19 17:33:39.539,1.74726,1.74755,1.50,1.00
2017.05.19 17:33:41.346,1.74726,1.74752,1.50,1.00
2017.05.19 17:33:41.746,1.74726,1.74749,1.50,1.00
2017.05.19 17:33:42.443,1.74722,1.74749,1.37,1.00
2017.05.19 17:33:42.494,1.74723,1.74746,1.00,1.00
2017.05.19 17:33:42.596,1.74721,1.74746,1.00,1.00
2017.05.19 17:33:42.798,1.74727,1.74747,1.00,1.00
2017.05.19 17:33:42.950,1.74722,1.74752,2.96,1.00
2017.05.19 17:33:43.001,1.74725,1.74752,1.00,1.00
2017.05.19 17:33:43.524,1.74722,1.74753,1.50,1.00
2017.05.19 17:33:43.676,1.74722,1.7475,1.00,1.00
2017.05.19 17:33:44.207,1.74722,1.7475,1.87,1.00
2017.05.19 17:33:44.919,1.74721,1.7475,4.87,1.00
2017.05.19 17:33:45.484,1.74722,1.7475,1.37,1.00
2017.05.19 17:33:46.765,1.74721,1.7475,1.87,1.00
2017.05.19 17:33:47.186,1.74727,1.7475,1.00,1.00
2017.05.19 17:33:47.239,1.74722,1.7475,1.00,1.00
2017.05.19 17:33:47.292,1.74722,1.74747,1.12,1.00
2017.05.19 17:33:47.394,1.74722,1.74751,1.00,1.00
2017.05.19 17:33:47.496,1.74722,1.74748,1.00,1.00
2017.05.19 17:33:48.059,1.74721,1.74751,1.46,1.00
2017.05.19 17:33:48.161,1.7472,1.74749,3.75,1.00
2017.05.19 17:33:48.479,1.7472,1.74747,2.59,1.00
2017.05.19 17:33:48.981,1.74721,1.74748,1.46,1.00
2017.05.19 17:33:49.261,1.74721,1.7475,1.84,1.00
2017.05.19 17:33:49.594,1.74721,1.74748,1.84,1.00
2017.05.19 17:33:50.035,1.74724,1.74748,1.00,1.00
2017.05.19 17:33:50.188,1.74723,1.7475,1.00,1.00
2017.05.19 17:33:50.240,1.74728,1.7475,1.50,1.00
2017.05.19 17:33:50.291,1.74728,1.74754,1.00,1.00
2017.05.19 17:33:51.108,1.74728,1.74752,1.00,1.00
2017.05.19 17:33:52.247,1.74731,1.74752,1.00,1.00
2017.05.19 17:33:52.299,1.7473,1.74755,1.00,1.00
2017.05.19 17:33:52.503,1.74732,1.74754,1.87,1.00
2017.05.19 17:33:52.972,1.74732,1.74758,2.62,1.00
2017.05.19 17:33:53.214,1.74732,1.74754,2.62,1.00
2017.05.19 17:33:54.178,1.74732,1.74753,1.12,1.00
2017.05.19 17:33:54.373,1.74731,1.74755,1.00,1.00
2017.05.19 17:33:55.122,1.74731,1.74756,1.00,1.00
2017.05.19 17:33:55.776,1.7473,1.74755,1.00,1.00
2017.05.19 17:33:56.917,1.74729,1.74755,1.50,1.00
2017.05.19 17:33:57.019,1.74726,1.7475,1.50,1.00
2017.05.19 17:33:57.342,1.74732,1.74749,1.00,1.00
2017.05.19 17:33:57.443,1.74728,1.74749,1.00,1.00
2017.05.19 17:33:57.596,1.74727,1.74751,1.00,1.00
2017.05.19 17:33:58.107,1.74727,1.74751,1.34,1.00
2017.05.19 17:33:58.483,1.74729,1.74754,1.50,1.00
2017.05.19 17:33:58.584,1.74727,1.74751,1.50,1.00
2017.05.19 17:33:58.885,1.74726,1.74749,1.12,1.00
2017.05.19 17:33:59.426,1.74726,1.74748,1.12,1.00
2017.05.19 17:33:59.974,1.74726,1.74749,1.12,1.00
2017.05.19 17:34:01.014,1.74726,1.74747,1.12,1.00
2017.05.19 17:34:01.532,1.74727,1.74747,1.00,1.00
2017.05.19 17:34:03.119,1.74727,1.74748,1.00,1.00
2017.05.19 17:34:03.732,1.74727,1.74747,1.00,1.00
2017.05.19 17:34:03.935,1.74716,1.7474,1.00,1.00
2017.05.19 17:34:03.986,1.74716,1.74737,1.00,1.00
2017.05.19 17:34:04.290,1.74716,1.74735,1.00,1.00
2017.05.19 17:34:04.595,1.74716,1.74738,1.00,1.00
2017.05.19 17:34:04.819,1.74717,1.74736,1.00,1.00
2017.05.19 17:34:04.971,1.74712,1.74736,1.84,1.00
2017.05.19 17:34:05.022,1.74716,1.74736,1.00,1.00
2017.05.19 17:34:05.233,1.74712,1.74738,1.71,1.00
2017.05.19 17:34:05.284,1.74712,1.74741,1.71,1.00
2017.05.19 17:34:05.663,1.74716,1.74741,1.34,1.00
2017.05.19 17:34:08.074,1.74717,1.74741,1.34,1.00
2017.05.19 17:34:08.276,1.74712,1.74738,1.71,1.00
2017.05.19 17:34:08.480,1.74711,1.74734,1.34,1.00
2017.05.19 17:34:08.786,1.74715,1.7474,1.34,1.00
2017.05.19 17:34:08.988,1.74713,1.74737,1.84,1.00
2017.05.19 17:34:09.140,1.74713,1.74737,1.34,1.00
2017.05.19 17:34:09.642,1.74713,1.74738,1.34,1.00
2017.05.19 17:34:10.140,1.74713,1.74738,1.34,1.00
2017.05.19 17:34:10.444,1.74713,1.74739,1.00,1.00
2017.05.19 17:34:10.496,1.74716,1.74736,1.00,1.00
2017.05.19 17:34:11.022,1.74716,1.74735,1.00,1.00
2017.05.19 17:34:11.988,1.74716,1.74736,1.00,1.00
2017.05.19 17:34:12.347,1.74721,1.74736,1.00,1.00
2017.05.19 17:34:12.499,1.74721,1.74738,1.00,1.00
2017.05.19 17:34:13.108,1.74722,1.74739,1.00,1.00
2017.05.19 17:34:14.397,1.74717,1.74739,1.00,1.00
2017.05.19 17:34:14.950,1.74717,1.74738,1.00,1.00
2017.05.19 17:34:16.215,1.74717,1.7474,1.00,1.00
2017.05.19 17:34:17.688,1.74717,1.74741,1.00,1.00
2017.05.19 17:34:18.543,1.74722,1.74741,1.00,1.00
2017.05.19 17:34:19.100,1.74717,1.74741,1.00,1.00
2017.05.19 17:34:19.151,1.74721,1.74741,1.00,1.00
2017.05.19 17:34:19.761,1.74722,1.74741,1.00,1.00
2017.05.19 17:34:20.017,1.74721,1.74745,1.00,1.00
2017.05.19 17:34:20.322,1.74721,1.74747,1.00,1.00
2017.05.19 17:34:20.595,1.74727,1.74747,1.00,1.00
2017.05.19 17:34:20.647,1.74721,1.74747,1.00,1.00
2017.05.19 17:34:21.189,1.74721,1.7475,1.00,1.00
2017.05.19 17:34:22.190,1.74721,1.74747,1.00,1.00
2017.05.19 17:34:22.694,1.74722,1.74747,1.00,1.00
2017.05.19 17:34:23.344,1.74719,1.74747,1.87,1.00
2017.05.19 17:34:23.504,1.74721,1.74746,1.00,1.00
2017.05.19 17:34:24.014,1.74721,1.74747,1.00,1.00
2017.05.19 17:34:24.726,1.74727,1.74747,1.00,1.00
2017.05.19 17:34:24.989,1.74721,1.74746,1.00,1.00
2017.05.19 17:34:25.090,1.74726,1.74747,1.00,1.00
2017.05.19 17:34:26.400,1.74727,1.74747,1.00,1.00
2017.05.19 17:34:26.502,1.74727,1.74752,1.00,1.00
2017.05.19 17:34:27.614,1.74727,1.74751,1.00,1.00
2017.05.19 17:34:27.719,1.74727,1.74748,1.00,1.00
2017.05.19 17:34:29.333,1.74721,1.74748,1.00,1.00
2017.05.19 17:34:29.739,1.74721,1.74746,1.00,1.00
2017.05.19 17:34:30.379,1.74722,1.74746,1.00,1.00
2017.05.19 17:34:31.479,1.74716,1.74746,1.75,1.00
2017.05.19 17:34:31.580,1.74717,1.74746,1.00,1.00
2017.05.19 17:34:31.632,1.74717,1.74743,1.00,1.00
2017.05.19 17:34:32.222,1.74717,1.74744,1.00,1.00
2017.05.19 17:34:32.525,1.74721,1.74744,1.00,1.00
2017.05.19 17:34:33.289,1.74722,1.74743,1.00,1.00
2017.05.19 17:34:34.365,1.74716,1.74743,1.00,1.00
2017.05.19 17:34:34.837,1.74721,1.74747,1.00,1.00
2017.05.19 17:34:34.888,1.74716,1.74747,1.84,1.00
2017.05.19 17:34:34.939,1.74721,1.74748,1.00,1.00
2017.05.19 17:34:35.245,1.74722,1.74743,1.00,1.00
2017.05.19 17:34:35.918,1.74716,1.74743,1.50,1.00
2017.05.19 17:34:36.419,1.74717,1.74743,1.00,1.00
2017.05.19 17:34:36.622,1.74718,1.74746,1.00,1.00
2017.05.19 17:34:36.723,1.74718,1.74744,1.00,1.00
2017.05.19 17:34:37.128,1.74718,1.74742,1.00,1.00
2017.05.19 17:34:38.028,1.74717,1.74742,1.00,1.00
2017.05.19 17:34:38.560,1.74716,1.74744,1.00,1.00
2017.05.19 17:34:38.661,1.74716,1.74747,1.00,1.00
2017.05.19 17:34:38.922,1.74716,1.74745,1.00,1.00
2017.05.19 17:34:39.555,1.74717,1.74745,1.00,1.00
2017.05.19 17:34:39.900,1.74721,1.74747,1.00,1.00
2017.05.19 17:34:39.951,1.74721,1.74749,1.00,1.50
2017.05.19 17:34:44.842,1.74726,1.7475,1.00,1.00
2017.05.19 17:34:44.943,1.74726,1.74752,1.00,1.00
2017.05.19 17:34:45.045,1.74726,1.74755,1.50,1.50
2017.05.19 17:34:45.146,1.74726,1.74753,1.00,1.00
2017.05.19 17:34:45.695,1.74726,1.74754,1.00,1.00
2017.05.19 17:34:45.746,1.74726,1.74756,1.00,1.09
2017.05.19 17:34:45.848,1.74731,1.74756,1.00,1.09
2017.05.19 17:34:46.389,1.74731,1.74755,1.00,1.00
2017.05.19 17:34:46.770,1.74727,1.74755,1.00,1.09
2017.05.19 17:34:46.972,1.74727,1.74751,1.00,1.00
2017.05.19 17:34:47.501,1.74726,1.74751,1.00,1.00
2017.05.19 17:34:48.268,1.74727,1.74751,1.00,1.00
2017.05.19 17:34:48.927,1.74732,1.74751,1.00,1.00
2017.05.19 17:34:48.978,1.74732,1.74754,1.00,1.00
2017.05.19 17:34:49.429,1.74727,1.74754,1.00,1.00
2017.05.19 17:34:49.582,1.74727,1.74756,1.00,1.00
2017.05.19 17:34:49.842,1.74731,1.74755,1.00,1.00
2017.05.19 17:34:49.893,1.74727,1.74755,1.00,1.00
2017.05.19 17:34:50.147,1.74723,1.74752,1.00,1.00
2017.05.19 17:34:50.560,1.74732,1.7475,1.00,1.00
2017.05.19 17:34:50.611,1.74727,1.74749,1.00,1.34
2017.05.19 17:34:50.662,1.74723,1.74749,1.00,1.71
2017.05.19 17:34:50.713,1.74723,1.74745,1.00,1.00
2017.05.19 17:34:50.815,1.74716,1.7474,1.00,1.00
2017.05.19 17:34:51.353,1.74717,1.7474,1.00,1.00
2017.05.19 17:34:51.872,1.74717,1.74741,1.00,1.00
2017.05.19 17:34:52.776,1.74716,1.74741,1.00,1.00
2017.05.19 17:34:53.312,1.74717,1.74741,1.00,1.00
2017.05.19 17:34:53.891,1.74716,1.74741,1.00,1.00
2017.05.19 17:34:54.045,1.74716,1.74743,1.00,1.00
2017.05.19 17:34:54.401,1.74722,1.74743,1.00,1.00
2017.05.19 17:34:54.747,1.74716,1.74743,1.00,1.00
2017.05.19 17:34:54.899,1.74722,1.74743,1.00,1.00
2017.05.19 17:34:54.950,1.74718,1.74745,3.00,1.00
2017.05.19 17:34:55.001,1.74718,1.74747,1.00,1.00
2017.05.19 17:34:55.053,1.74721,1.74747,1.00,1.00
2017.05.19 17:34:55.154,1.74722,1.74751,1.00,1.00
2017.05.19 17:34:57.311,1.74723,1.74751,1.00,1.00
2017.05.19 17:34:57.362,1.74723,1.74754,1.00,1.84
2017.05.19 17:34:57.931,1.74724,1.74754,1.00,1.84
2017.05.19 17:34:58.252,1.74722,1.74754,1.87,1.00
2017.05.19 17:34:58.482,1.74724,1.74754,1.00,1.00
2017.05.19 17:34:58.825,1.74731,1.74754,1.00,1.00
2017.05.19 17:34:58.927,1.74726,1.74755,1.84,2.62
2017.05.19 17:34:59.469,1.74727,1.74754,1.00,1.50
2017.05.19 17:34:59.749,1.74725,1.74754,1.00,1.50
2017.05.19 17:35:00.262,1.74726,1.74754,1.00,1.50
2017.05.19 17:35:00.790,1.74725,1.74754,1.00,1.50
2017.05.19 17:35:01.376,1.74724,1.74754,1.00,1.50
2017.05.19 17:35:01.427,1.74723,1.74748,1.00,1.00
2017.05.19 17:35:01.478,1.74721,1.74747,1.00,1.09
2017.05.19 17:35:01.782,1.74721,1.74744,1.00,1.00
2017.05.19 17:35:02.359,1.74721,1.74743,1.00,1.00
2017.05.19 17:35:02.460,1.74721,1.74745,1.00,1.00
2017.05.19 17:35:02.839,1.74726,1.74749,1.00,1.00
2017.05.19 17:35:02.992,1.74726,1.74752,1.00,1.00
2017.05.19 17:35:03.548,1.74727,1.74753,1.00,1.00
2017.05.19 17:35:03.918,1.74725,1.74753,1.00,1.00
2017.05.19 17:35:04.178,1.74723,1.74753,1.00,1.00
2017.05.19 17:35:05.066,1.74724,1.74753,1.00,1.00
2017.05.19 17:35:05.633,1.74725,1.74753,1.00,1.00
2017.05.19 17:35:06.182,1.74723,1.74753,1.00,1.00
2017.05.19 17:35:06.233,1.74722,1.74746,1.00,1.00
2017.05.19 17:35:06.379,1.74718,1.74746,1.87,1.50
2017.05.19 17:35:06.430,1.74716,1.74745,1.00,1.50
2017.05.19 17:35:06.633,1.74716,1.74743,1.00,1.00
2017.05.19 17:35:07.173,1.74716,1.74744,1.00,1.00
2017.05.19 17:35:07.700,1.74717,1.74746,1.00,1.00
2017.05.19 17:35:08.389,1.74716,1.74746,1.00,1.00
2017.05.19 17:35:09.004,1.74717,1.74746,1.50,1.00
2017.05.19 17:35:09.055,1.74719,1.74746,1.00,1.00
2017.05.19 17:35:09.233,1.74723,1.74752,1.00,3.00
2017.05.19 17:35:09.537,1.74724,1.74755,1.00,3.00
2017.05.19 17:35:09.638,1.74727,1.74755,1.00,2.25
2017.05.19 17:35:10.661,1.74725,1.74754,1.00,1.12
2017.05.19 17:35:11.647,1.74723,1.74755,2.25,1.50
2017.05.19 17:35:12.350,1.74723,1.74753,1.50,1.00
2017.05.19 17:35:13.166,1.74722,1.7475,1.00,1.50
2017.05.19 17:35:13.517,1.74717,1.74741,1.00,1.00
2017.05.19 17:35:14.070,1.74717,1.7474,1.50,1.00
2017.05.19 17:35:14.743,1.74717,1.74741,1.50,1.00
2017.05.19 17:35:15.451,1.74722,1.74741,1.00,1.00
2017.05.19 17:35:15.962,1.74722,1.7474,1.00,1.00
2017.05.19 17:35:16.472,1.74722,1.74741,1.00,1.00
2017.05.19 17:35:16.629,1.74717,1.7474,1.00,1.00
2017.05.19 17:35:17.143,1.74717,1.74741,1.00,1.00
2017.05.19 17:35:18.119,1.74716,1.74741,1.00,1.00
2017.05.19 17:35:20.575,1.74716,1.7474,1.00,1.00
2017.05.19 17:35:20.626,1.74713,1.74741,1.00,1.00
2017.05.19 17:35:20.778,1.74713,1.74739,1.00,1.00
2017.05.19 17:35:21.407,1.74712,1.7474,1.00,1.50
2017.05.19 17:35:22.795,1.74712,1.74739,1.50,1.00
2017.05.19 17:35:23.548,1.74712,1.74739,1.00,1.34
2017.05.19 17:35:23.650,1.74703,1.74735,1.00,1.34
2017.05.19 17:35:23.701,1.74703,1.74735,1.00,1.34
2017.05.19 17:35:23.804,1.74702,1.74734,1.00,1.00
2017.05.19 17:35:23.855,1.74707,1.7473,1.00,1.00
2017.05.19 17:35:24.160,1.74712,1.74731,1.00,1.50
2017.05.19 17:35:24.363,1.74706,1.74734,1.50,1.75
2017.05.19 17:35:24.518,1.74707,1.74734,1.00,1.00
2017.05.19 17:35:24.671,1.74707,1.74731,1.00,1.00
2017.05.19 17:35:24.722,1.74707,1.74734,1.00,1.50
2017.05.19 17:35:25.052,1.74707,1.74731,1.00,1.00
2017.05.19 17:35:25.154,1.74707,1.74734,1.00,1.50
2017.05.19 17:35:25.256,1.74712,1.74734,1.00,1.50
2017.05.19 17:35:25.358,1.74712,1.74736,1.00,1.12
2017.05.19 17:35:25.409,1.74712,1.7474,1.00,1.12
2017.05.19 17:35:26.483,1.74712,1.74737,1.00,1.00
2017.05.19 17:35:26.787,1.74716,1.74734,1.00,1.00
2017.05.19 17:35:26.892,1.74711,1.74734,1.50,1.00
2017.05.19 17:35:27.248,1.74712,1.7474,1.00,1.12
2017.05.19 17:35:27.779,1.74711,1.7474,1.50,2.21
2017.05.19 17:35:27.986,1.74704,1.74733,1.12,1.00
2017.05.19 17:35:28.037,1.74706,1.74733,1.00,1.12
2017.05.19 17:35:28.341,1.74706,1.74731,1.00,1.00
2017.05.19 17:35:28.521,1.74706,1.74734,1.00,2.25
2017.05.19 17:35:29.118,1.74706,1.74731,1.00,1.00
2017.05.19 17:35:29.220,1.74703,1.74729,1.00,1.00
2017.05.19 17:35:29.747,1.74703,1.7473,1.00,1.87
2017.05.19 17:35:30.289,1.74703,1.74729,1.50,1.00
2017.05.19 17:35:30.816,1.74704,1.74729,1.00,1.00
2017.05.19 17:35:31.357,1.74703,1.74729,1.50,1.00
2017.05.19 17:35:32.264,1.74703,1.7473,1.00,1.87
2017.05.19 17:35:32.366,1.747,1.7473,1.00,2.25
2017.05.19 17:35:32.468,1.74707,1.7473,1.00,1.87
2017.05.19 17:35:33.127,1.74705,1.74729,1.00,1.00
2017.05.19 17:35:33.179,1.74703,1.74729,1.00,1.00
2017.05.19 17:35:33.280,1.74698,1.74724,1.12,1.00
2017.05.19 17:35:33.574,1.74686,1.74713,1.00,1.00
2017.05.19 17:35:33.726,1.74686,1.74715,1.00,1.00
2017.05.19 17:35:34.081,1.74687,1.74717,1.50,1.00
2017.05.19 17:35:35.288,1.74687,1.74717,1.50,1.34
2017.05.19 17:35:35.541,1.74684,1.74713,1.00,1.12
2017.05.19 17:35:35.592,1.74682,1.74713,1.00,1.12
2017.05.19 17:35:35.745,1.74686,1.74713,1.00,1.12
2017.05.19 17:35:36.422,1.74686,1.74712,1.00,1.00
2017.05.19 17:35:37.300,1.74687,1.74712,1.00,1.00
2017.05.19 17:35:38.415,1.74682,1.74713,1.00,1.12
2017.05.19 17:35:38.466,1.74687,1.74713,1.00,1.87
2017.05.19 17:35:38.771,1.74682,1.74708,1.00,1.12
2017.05.19 17:35:39.553,1.74681,1.74708,1.00,2.21
2017.05.19 17:35:39.858,1.74687,1.74708,1.00,1.12
2017.05.19 17:35:39.918,1.74681,1.74708,1.00,1.12
2017.05.19 17:35:40.443,1.74682,1.74708,1.00,1.12
2017.05.19 17:35:41.859,1.74681,1.74708,1.00,1.87
2017.05.19 17:35:44.315,1.74682,1.74708,1.00,1.12
2017.05.19 17:35:44.650,1.7468,1.74708,1.00,1.87
2017.05.19 17:35:44.701,1.74678,1.74708,1.00,1.12
2017.05.19 17:35:44.804,1.74676,1.74707,1.00,1.00
2017.05.19 17:35:45.451,1.74677,1.74706,1.00,1.00
2017.05.19 17:35:46.133,1.74677,1.74707,1.00,1.00
2017.05.19 17:35:46.287,1.74681,1.74707,1.00,1.00
2017.05.19 17:35:46.820,1.74681,1.74708,1.00,1.46
2017.05.19 17:35:47.164,1.74687,1.74708,1.00,1.46
2017.05.19 17:35:47.367,1.74687,1.74712,1.00,1.75
2017.05.19 17:35:47.418,1.74687,1.74711,1.00,1.34
2017.05.19 17:35:47.469,1.74681,1.74707,1.00,1.34
2017.05.19 17:35:47.793,1.74676,1.74704,1.00,1.00
2017.05.19 17:35:48.355,1.74676,1.74706,1.00,1.34
2017.05.19 17:35:48.958,1.74677,1.74706,1.00,1.34
2017.05.19 17:35:49.213,1.74677,1.74706,1.00,1.00
2017.05.19 17:35:49.770,1.74676,1.74707,1.00,1.50
2017.05.19 17:35:50.313,1.74676,1.74708,2.62,1.00
2017.05.19 17:35:50.973,1.74678,1.74709,1.00,2.21
2017.05.19 17:35:51.373,1.7468,1.74709,1.00,1.87
2017.05.19 17:35:52.081,1.74682,1.74709,1.00,1.12
2017.05.19 17:35:52.792,1.74681,1.7471,1.00,1.87
2017.05.19 17:35:53.399,1.74682,1.74709,1.00,1.12
2017.05.19 17:35:54.092,1.7469,1.74714,1.00,1.37
2017.05.19 17:35:54.144,1.7469,1.7472,1.00,1.37
2017.05.19 17:35:54.195,1.74693,1.74724,1.00,1.37
2017.05.19 17:35:54.246,1.74693,1.74724,1.00,1.00
2017.05.19 17:35:54.601,1.74697,1.74723,1.00,1.00
2017.05.19 17:35:54.702,1.74695,1.74723,1.00,1.00
2017.05.19 17:35:55.638,1.74697,1.74723,1.00,1.00
2017.05.19 17:35:56.558,1.74696,1.74723,1.00,1.00
2017.05.19 17:35:57.385,1.74695,1.74723,1.00,1.00
2017.05.19 17:35:59.350,1.74696,1.74723,1.00,1.00
2017.05.19 17:35:59.615,1.74694,1.74723,1.09,1.00
2017.05.19 17:36:01.219,1.74694,1.74723,1.34,1.00
2017.05.19 17:36:01.725,1.74695,1.74723,1.34,1.00
2017.05.19 17:36:02.323,1.74695,1.74724,1.09,1.50
2017.05.19 17:36:02.829,1.74695,1.74723,1.34,1.00
2017.05.19 17:36:03.371,1.74695,1.74723,1.34,1.00
2017.05.19 17:36:03.712,1.74698,1.74724,1.09,1.00
2017.05.19 17:36:04.260,1.74698,1.74725,1.09,1.12
2017.05.19 17:36:04.565,1.747,1.74729,1.34,2.25
2017.05.19 17:36:04.616,1.747,1.74729,1.00,2.25
2017.05.19 17:36:04.807,1.747,1.74729,1.00,1.50
2017.05.19 17:36:04.858,1.74699,1.74729,1.34,1.00
2017.05.19 17:36:05.364,1.74701,1.74729,1.09,1.50
2017.05.19 17:36:05.905,1.74705,1.74732,1.84,1.00
2017.05.19 17:36:06.095,1.74714,1.74739,1.00,1.12
2017.05.19 17:36:06.146,1.74719,1.74745,1.00,1.00
2017.05.19 17:36:06.350,1.74717,1.74746,1.09,1.00
2017.05.19 17:36:06.452,1.74717,1.74749,1.00,3.00
2017.05.19 17:36:07.399,1.74717,1.74748,1.00,1.50
2017.05.19 17:36:08.363,1.74715,1.74747,1.00,1.00
2017.05.19 17:36:09.418,1.74715,1.74746,1.00,1.00
2017.05.19 17:36:11.749,1.74715,1.74747,1.00,1.50
2017.05.19 17:36:12.677,1.74714,1.74746,1.09,1.00
2017.05.19 17:36:15.137,1.74716,1.74748,1.84,1.00
2017.05.19 17:36:15.442,1.74727,1.74755,1.34,1.00
2017.05.19 17:36:15.494,1.74727,1.74759,1.34,4.72
2017.05.19 17:36:15.545,1.74725,1.7475,1.50,1.00
2017.05.19 17:36:15.596,1.74724,1.74747,1.00,1.00
2017.05.19 17:36:15.724,1.74721,1.7475,1.75,1.87
2017.05.19 17:36:15.776,1.74717,1.74746,1.00,1.00
2017.05.19 17:36:15.827,1.74715,1.74747,1.50,3.00
2017.05.19 17:36:16.131,1.74714,1.74746,1.34,1.50
2017.05.19 17:36:16.640,1.74714,1.74746,1.34,1.50
2017.05.19 17:36:17.346,1.74714,1.74746,1.34,1.00
2017.05.19 17:36:17.397,1.74714,1.74746,1.34,1.50
2017.05.19 17:36:17.448,1.74714,1.74747,1.34,1.50
2017.05.19 17:36:17.755,1.74718,1.74747,1.34,1.50
2017.05.19 17:36:17.941,1.74718,1.74747,1.34,1.50
2017.05.19 17:36:18.449,1.74718,1.74746,1.09,1.00
2017.05.19 17:36:18.984,1.74716,1.74746,1.84,1.00
2017.05.19 17:36:20.436,1.74716,1.74746,1.34,1.50
2017.05.19 17:36:20.842,1.74718,1.7475,1.09,1.87
2017.05.19 17:36:20.893,1.74718,1.7475,1.34,1.50
2017.05.19 17:36:21.046,1.7472,1.74745,1.00,1.50
2017.05.19 17:36:21.338,1.74723,1.74754,1.00,1.50
2017.05.19 17:36:21.490,1.74723,1.74755,1.84,1.37
2017.05.19 17:36:21.839,1.74723,1.74755,1.34,1.00
2017.05.19 17:36:22.432,1.74723,1.74756,1.34,1.00
2017.05.19 17:36:22.803,1.74725,1.74753,1.00,1.00
2017.05.19 17:36:22.854,1.74721,1.74752,1.12,1.00
2017.05.19 17:36:22.906,1.74721,1.74749,1.00,1.00
2017.05.19 17:36:22.957,1.74719,1.74749,1.09,1.00
2017.05.19 17:36:24.314,1.74719,1.74749,1.34,1.00
2017.05.19 17:36:24.517,1.74719,1.74749,1.34,1.00
2017.05.19 17:36:24.669,1.74719,1.74749,1.00,1.00
2017.05.19 17:36:24.771,1.74719,1.74751,1.00,1.00
2017.05.19 17:36:24.923,1.74719,1.74751,1.34,1.00
2017.05.19 17:36:25.239,1.74721,1.74751,1.34,1.00
2017.05.19 17:36:25.916,1.74721,1.74751,1.34,1.00
2017.05.19 17:36:26.454,1.74722,1.74751,1.34,1.00
2017.05.19 17:36:27.429,1.74722,1.74749,1.84,1.00
2017.05.19 17:36:27.735,1.74722,1.7475,1.34,1.00
2017.05.19 17:36:28.190,1.74722,1.7475,1.34,1.00
2017.05.19 17:36:28.242,1.74722,1.74746,1.34,1.00
2017.05.19 17:36:29.508,1.74722,1.74747,1.34,1.50
2017.05.19 17:36:29.660,1.74722,1.74753,1.34,1.00
2017.05.19 17:36:30.202,1.74724,1.74754,1.34,1.87
2017.05.19 17:36:30.707,1.74722,1.74753,2.59,1.00
2017.05.19 17:36:31.243,1.74722,1.74754,1.34,2.62
2017.05.19 17:36:31.804,1.74722,1.74753,1.34,1.00
2017.05.19 17:36:31.855,1.74722,1.74754,1.34,2.62
2017.05.19 17:36:32.007,1.74721,1.74753,1.34,1.00
2017.05.19 17:36:32.397,1.74721,1.74749,1.34,1.00
2017.05.19 17:36:33.725,1.74721,1.74749,1.34,1.00
2017.05.19 17:36:33.777,1.74722,1.74749,1.84,1.00
2017.05.19 17:36:33.878,1.74722,1.74753,2.59,1.50
2017.05.19 17:36:34.495,1.74722,1.74753,2.59,1.50
2017.05.19 17:36:36.067,1.74725,1.74754,1.34,1.87
2017.05.19 17:36:36.219,1.74725,1.74754,1.34,1.87
2017.05.19 17:36:36.524,1.74725,1.74754,1.09,1.87
2017.05.19 17:36:37.075,1.74725,1.74753,1.00,1.00
2017.05.19 17:36:37.177,1.7472,1.74749,1.84,1.00
2017.05.19 17:36:37.229,1.7472,1.74747,1.09,1.00
2017.05.19 17:36:37.280,1.7472,1.74751,1.09,1.00
2017.05.19 17:36:37.331,1.7472,1.74751,1.34,1.00
2017.05.19 17:36:37.533,1.7472,1.74751,1.00,1.50
2017.05.19 17:36:37.584,1.7472,1.74748,1.84,1.00
2017.05.19 17:36:37.635,1.7472,1.74751,1.50,1.50
2017.05.19 17:36:37.686,1.74721,1.74751,1.34,1.00
2017.05.19 17:36:38.234,1.74721,1.7475,1.00,1.00
2017.05.19 17:36:38.285,1.74719,1.7475,1.00,1.00
2017.05.19 17:36:39.351,1.7472,1.74748,1.00,1.00
2017.05.19 17:36:39.673,1.74718,1.74748,1.09,1.00
2017.05.19 17:36:40.428,1.74718,1.7475,1.09,1.00
2017.05.19 17:36:40.479,1.74718,1.74752,1.34,1.00
2017.05.19 17:36:40.581,1.74718,1.7475,1.09,1.00
2017.05.19 17:36:41.468,1.74718,1.74751,1.09,1.00
2017.05.19 17:36:41.954,1.74718,1.74752,1.34,1.00
2017.05.19 17:36:42.005,1.74718,1.74752,1.34,1.00
2017.05.19 17:36:42.056,1.74718,1.74752,1.34,1.00
2017.05.19 17:36:42.563,1.74718,1.74752,1.34,2.25
2017.05.19 17:36:42.948,1.74721,1.74752,1.84,1.50
2017.05.19 17:36:43.151,1.74719,1.74752,1.34,1.50
2017.05.19 17:36:43.305,1.74719,1.74753,1.34,1.50
2017.05.19 17:36:43.407,1.74719,1.74751,1.34,1.00
2017.05.19 17:36:44.085,1.74719,1.74748,1.34,1.00
2017.05.19 17:36:44.282,1.74719,1.74748,1.00,1.00
2017.05.19 17:36:45.184,1.74716,1.74748,2.59,1.00
2017.05.19 17:36:45.894,1.74716,1.74748,2.59,1.00
2017.05.19 17:36:46.556,1.74716,1.74748,2.59,1.00
2017.05.19 17:36:48.900,1.74718,1.74748,1.34,1.00
2017.05.19 17:36:50.723,1.74718,1.7475,1.34,2.62
2017.05.19 17:36:51.276,1.74718,1.74749,2.59,1.12
2017.05.19 17:36:55.517,1.7472,1.74752,1.00,4.87
2017.05.19 17:37:00.144,1.7472,1.74751,1.34,2.25
2017.05.19 17:37:01.038,1.74719,1.7475,1.34,1.50
2017.05.19 17:37:01.190,1.74719,1.74751,1.34,3.00
2017.05.19 17:37:01.801,1.74722,1.7475,1.00,1.00
2017.05.19 17:37:02.219,1.74722,1.7475,1.34,1.00
2017.05.19 17:37:02.929,1.74722,1.74751,1.34,2.25
2017.05.19 17:37:04.119,1.74722,1.7475,1.34,1.00
2017.05.19 17:37:04.897,1.74722,1.74751,1.34,1.50
2017.05.19 17:37:04.999,1.74722,1.74754,1.84,1.00
2017.05.19 17:37:05.050,1.74723,1.74756,1.34,1.87
2017.05.19 17:37:07.619,1.74725,1.74756,1.34,1.12
2017.05.19 17:37:13.885,1.74725,1.74756,1.34,1.12
2017.05.19 17:37:14.674,1.74725,1.74756,1.34,1.12
2017.05.19 17:37:15.222,1.74724,1.74756,1.34,1.12
2017.05.19 17:37:15.772,1.74724,1.74757,1.00,2.21
2017.05.19 17:37:16.026,1.74723,1.74753,1.00,1.00
2017.05.19 17:37:17.963,1.74725,1.74753,1.00,1.00
2017.05.19 17:37:22.649,1.74722,1.74753,1.09,1.00
2017.05.19 17:37:23.313,1.74722,1.74753,1.34,1.00
2017.05.19 17:37:23.871,1.74722,1.74753,1.84,1.00
2017.05.19 17:37:24.384,1.74722,1.74753,2.59,1.00
2017.05.19 17:37:25.079,1.74722,1.74753,2.59,1.00
2017.05.19 17:37:25.646,1.74722,1.74753,2.59,1.00
2017.05.19 17:37:26.186,1.74722,1.74753,2.59,1.00
2017.05.19 17:37:26.502,1.74722,1.74753,1.84,1.00
2017.05.19 17:37:27.065,1.74722,1.74753,1.84,1.00
2017.05.19 17:37:27.653,1.74722,1.74753,1.84,1.00
2017.05.19 17:37:28.717,1.74722,1.74753,3.34,1.00
2017.05.19 17:37:29.078,1.74725,1.74752,1.34,1.00
2017.05.19 17:37:29.433,1.74725,1.74756,2.59,1.00
2017.05.19 17:37:29.939,1.74729,1.74756,1.00,1.00
2017.05.19 17:37:30.349,1.74725,1.74757,1.34,1.50
2017.05.19 17:37:30.867,1.74723,1.74756,1.34,1.00
2017.05.19 17:37:32.027,1.74723,1.74756,1.34,1.00
2017.05.19 17:37:33.237,1.74723,1.74756,1.34,1.00
2017.05.19 17:37:33.892,1.74723,1.74755,1.34,1.00
2017.05.19 17:37:34.403,1.74723,1.74756,1.34,1.50
2017.05.19 17:37:34.952,1.74723,1.74756,1.34,1.50
2017.05.19 17:37:35.673,1.74723,1.74756,1.34,1.50
2017.05.19 17:37:36.250,1.74723,1.74756,1.34,1.50
2017.05.19 17:37:36.992,1.74723,1.74756,1.34,1.50
2017.05.19 17:37:37.767,1.74724,1.74756,1.84,1.50
2017.05.19 17:37:38.265,1.74723,1.74748,1.34,1.12
2017.05.19 17:37:38.316,1.74717,1.74748,1.84,1.87
2017.05.19 17:37:38.694,1.74717,1.74745,1.84,1.00
2017.05.19 17:37:39.245,1.74715,1.74745,1.34,1.00
2017.05.19 17:37:41.757,1.74716,1.74745,1.84,2.25
2017.05.19 17:37:41.910,1.74716,1.74747,1.84,2.25
2017.05.19 17:37:42.374,1.74719,1.74747,1.84,1.87
2017.05.19 17:37:42.425,1.74717,1.74747,1.84,1.50
2017.05.19 17:37:42.792,1.74719,1.74747,1.84,1.50
2017.05.19 17:37:43.300,1.74721,1.74748,1.84,1.12
2017.05.19 17:37:43.829,1.74721,1.74748,1.34,1.12
2017.05.19 17:37:44.083,1.74722,1.74749,1.09,2.25
2017.05.19 17:37:44.628,1.74718,1.74749,1.84,2.25
2017.05.19 17:37:44.990,1.74717,1.74748,1.84,4.12
2017.05.19 17:37:45.091,1.74717,1.74746,1.34,1.00
2017.05.19 17:37:45.503,1.74717,1.74747,1.34,1.50
2017.05.19 17:37:45.810,1.74716,1.74744,2.59,1.12
2017.05.19 17:37:45.873,1.74716,1.74744,1.34,1.12
2017.05.19 17:37:45.924,1.74717,1.74744,1.84,1.12
2017.05.19 17:37:46.178,1.74722,1.74751,1.84,1.00
2017.05.19 17:37:46.697,1.74724,1.74751,1.34,1.00
2017.05.19 17:37:47.206,1.74722,1.74751,1.34,1.00
2017.05.19 17:37:47.812,1.74722,1.74752,1.34,2.62
2017.05.19 17:37:48.400,1.74722,1.74751,1.34,1.50
2017.05.19 17:37:48.936,1.74724,1.74752,1.00,1.87
2017.05.19 17:37:49.216,1.74721,1.74752,2.59,1.87
2017.05.19 17:37:51.406,1.74721,1.74751,1.84,1.00
2017.05.19 17:37:53.141,1.74721,1.74752,1.84,1.87
2017.05.19 17:37:53.644,1.74718,1.74751,1.46,1.00
2017.05.19 17:37:54.195,1.74718,1.74751,2.96,1.00
2017.05.19 17:37:54.713,1.7472,1.7475,1.34,1.00
2017.05.19 17:37:54.815,1.74721,1.74752,1.34,1.50
2017.05.19 17:37:55.030,1.74721,1.74749,1.34,1.00
2017.05.19 17:37:55.789,1.74719,1.74752,1.34,2.25
2017.05.19 17:37:55.989,1.74719,1.74749,1.34,1.00
2017.05.19 17:37:56.797,1.74719,1.74751,1.34,1.00
2017.05.19 17:37:56.848,1.7472,1.74752,1.84,1.00
2017.05.19 17:37:56.949,1.7472,1.74753,1.34,1.50
2017.05.19 17:37:57.000,1.7472,1.74751,1.34,1.00
2017.05.19 17:37:57.102,1.7472,1.74751,1.09,1.50
2017.05.19 17:37:57.732,1.7472,1.7475,1.09,1.00
2017.05.19 17:37:57.950,1.7472,1.7475,1.34,1.00
2017.05.19 17:37:58.791,1.7472,1.74751,1.34,2.25
2017.05.19 17:37:58.841,1.7472,1.74751,1.09,2.25
2017.05.19 17:37:59.797,1.74719,1.7475,1.34,1.00
2017.05.19 17:38:00.077,1.74718,1.74751,3.34,1.00
2017.05.19 17:38:00.128,1.74723,1.74754,1.09,1.87
2017.05.19 17:38:00.281,1.74723,1.74756,1.09,2.62
2017.05.19 17:38:01.049,1.74723,1.74755,1.09,1.00
2017.05.19 17:38:02.850,1.74721,1.74752,1.34,1.50
2017.05.19 17:38:03.180,1.7472,1.74751,2.59,1.00
2017.05.19 17:38:03.230,1.7472,1.74752,1.34,2.62
2017.05.19 17:38:04.233,1.7472,1.74752,1.34,2.62
2017.05.19 17:38:05.151,1.7472,1.74751,1.34,1.00
2017.05.19 17:38:05.524,1.74718,1.74748,1.00,1.00
2017.05.19 17:38:05.879,1.74717,1.74746,1.00,1.50
2017.05.19 17:38:06.415,1.74718,1.74747,1.00,1.00
2017.05.19 17:38:06.972,1.74718,1.74746,1.00,1.50
2017.05.19 17:38:07.299,1.74718,1.74743,1.00,1.00
2017.05.19 17:38:07.350,1.74715,1.74743,1.00,1.00
2017.05.19 17:38:13.452,1.74717,1.74743,1.00,1.00
2017.05.19 17:38:14.624,1.74719,1.74743,1.00,1.00
2017.05.19 17:38:14.675,1.74719,1.74746,1.00,1.00
2017.05.19 17:38:15.131,1.74722,1.74746,1.00,1.00
2017.05.19 17:38:15.335,1.7472,1.74746,1.00,1.00
2017.05.19 17:38:15.897,1.7472,1.74746,1.34,1.00
2017.05.19 17:38:17.045,1.74719,1.74746,1.09,1.00
2017.05.19 17:38:17.582,1.74718,1.74746,1.00,1.00
2017.05.19 17:38:18.131,1.74715,1.74746,1.34,1.50
2017.05.19 17:38:18.435,1.74715,1.74746,1.09,1.00
2017.05.19 17:38:18.620,1.74715,1.74744,1.00,1.50
2017.05.19 17:38:18.953,1.74712,1.74742,1.34,1.12
2017.05.19 17:38:19.639,1.74712,1.74742,1.09,1.12
2017.05.19 17:38:20.189,1.74713,1.74742,1.09,1.87
2017.05.19 17:38:20.344,1.74715,1.74742,1.00,1.87
2017.05.19 17:38:21.194,1.74715,1.74741,1.00,1.00
2017.05.19 17:38:22.108,1.74715,1.74742,1.00,1.12
2017.05.19 17:38:23.899,1.74715,1.74741,1.00,1.00
2017.05.19 17:38:24.567,1.74714,1.74741,1.00,1.00
2017.05.19 17:38:24.935,1.74712,1.74741,1.00,1.00
2017.05.19 17:38:25.631,1.74712,1.74742,1.00,1.87
2017.05.19 17:38:25.683,1.74712,1.74738,1.00,1.50
2017.05.19 17:38:25.831,1.74707,1.74737,1.00,1.00
2017.05.19 17:38:25.882,1.74707,1.74733,1.00,1.00
2017.05.19 17:38:25.983,1.74705,1.74733,1.00,1.00
2017.05.19 17:38:26.506,1.74705,1.74734,1.00,1.00
2017.05.19 17:38:27.026,1.74705,1.74734,1.34,1.00
2017.05.19 17:38:27.544,1.74705,1.74734,1.09,1.00
2017.05.19 17:38:29.945,1.74705,1.74734,1.34,2.25
2017.05.19 17:38:30.511,1.74705,1.74734,1.34,2.25
2017.05.19 17:38:31.019,1.74705,1.74734,1.34,2.25
2017.05.19 17:38:31.719,1.74707,1.74734,1.09,1.50
2017.05.19 17:38:32.745,1.74707,1.74734,1.34,1.50
2017.05.19 17:38:33.614,1.74707,1.74734,1.09,1.50
2017.05.19 17:38:40.411,1.74706,1.74734,1.09,1.00
2017.05.19 17:38:40.851,1.74708,1.74734,1.34,1.00
2017.05.19 17:38:40.902,1.74706,1.74734,1.34,1.00
2017.05.19 17:38:42.314,1.74708,1.74734,1.00,1.00
2017.05.19 17:38:42.861,1.7471,1.74734,1.46,1.00
2017.05.19 17:38:42.962,1.74714,1.74744,1.00,2.21
2017.05.19 17:38:43.064,1.74714,1.74743,1.34,1.00
2017.05.19 17:38:43.598,1.74715,1.74744,1.09,2.25
2017.05.19 17:38:44.153,1.74714,1.74743,1.34,1.00
2017.05.19 17:38:44.393,1.74713,1.74743,1.00,1.00
2017.05.19 17:38:44.769,1.7471,1.74741,2.96,1.00
2017.05.19 17:38:45.298,1.74711,1.74742,1.34,1.00
2017.05.19 17:38:45.643,1.74711,1.74742,1.34,1.00
2017.05.19 17:38:45.795,1.74712,1.74744,1.34,2.25
2017.05.19 17:38:48.282,1.74714,1.74744,1.34,1.00
2017.05.19 17:38:48.384,1.74714,1.74744,1.09,1.00
2017.05.19 17:38:48.770,1.74715,1.74746,1.00,1.00
2017.05.19 17:38:50.476,1.74715,1.74746,1.34,1.00
2017.05.19 17:38:50.836,1.74714,1.74747,1.84,1.00
2017.05.19 17:38:51.144,1.74716,1.74745,1.34,1.00
2017.05.19 17:38:51.195,1.74716,1.74747,1.84,1.00
2017.05.19 17:38:51.246,1.74716,1.74747,1.09,1.00
2017.05.19 17:38:51.398,1.74718,1.74747,1.09,1.00
2017.05.19 17:38:51.703,1.74719,1.7475,1.34,1.00
2017.05.19 17:38:52.406,1.7472,1.7475,1.34,1.50
2017.05.19 17:38:52.808,1.74719,1.74751,1.00,1.50
2017.05.19 17:38:52.910,1.74718,1.74749,1.84,1.00
2017.05.19 17:38:52.961,1.74718,1.74749,1.84,1.00
2017.05.19 17:38:53.215,1.74718,1.74749,1.84,1.00
2017.05.19 17:38:53.317,1.7472,1.74751,1.34,1.50
2017.05.19 17:38:54.833,1.7472,1.74751,1.34,1.00
2017.05.19 17:38:54.986,1.74722,1.74752,1.34,1.00
2017.05.19 17:38:55.494,1.74723,1.74751,1.09,1.00
2017.05.19 17:38:55.798,1.74725,1.74751,1.00,1.00
2017.05.19 17:38:56.532,1.74725,1.74753,1.00,1.00
2017.05.19 17:38:56.735,1.74723,1.74752,1.09,1.00
2017.05.19 17:38:56.953,1.74724,1.74754,1.00,1.50
2017.05.19 17:38:57.465,1.74725,1.74754,1.34,1.50
2017.05.19 17:38:57.770,1.74732,1.7476,1.34,2.25
2017.05.19 17:38:58.024,1.74732,1.7476,1.34,1.00
2017.05.19 17:38:58.572,1.74732,1.7476,1.34,1.50
2017.05.19 17:38:59.194,1.74733,1.74759,1.09,1.00
2017.05.19 17:38:59.732,1.74733,1.74758,1.09,1.00
2017.05.19 17:39:00.533,1.74731,1.74759,1.34,1.00
2017.05.19 17:39:01.517,1.74731,1.74758,1.34,1.00
2017.05.19 17:39:01.659,1.74731,1.74755,1.09,1.00
2017.05.19 17:39:01.890,1.74728,1.74754,1.00,1.12
2017.05.19 17:39:01.942,1.74724,1.74749,1.00,1.84
2017.05.19 17:39:02.248,1.7472,1.7475,1.00,2.59
2017.05.19 17:39:02.350,1.74724,1.7475,1.00,2.59
2017.05.19 17:39:02.705,1.74724,1.7475,1.00,2.59
2017.05.19 17:39:02.912,1.74724,1.7475,1.00,2.59
2017.05.19 17:39:03.064,1.7472,1.7475,1.00,2.96
2017.05.19 17:39:03.115,1.7472,1.7475,1.00,2.96
2017.05.19 17:39:03.513,1.7472,1.7475,1.00,2.96
2017.05.19 17:39:04.025,1.74717,1.74749,1.67,1.46
2017.05.19 17:39:04.178,1.74717,1.74749,1.67,1.46
2017.05.19 17:39:04.229,1.74717,1.74749,1.76,2.21
2017.05.19 17:39:04.281,1.74716,1.74743,1.67,1.00
2017.05.19 17:39:04.332,1.74714,1.74744,1.01,1.00
2017.05.19 17:39:04.737,1.74716,1.74746,1.01,2.25
2017.05.19 17:39:04.940,1.74718,1.74747,1.00,1.00
2017.05.19 17:39:04.991,1.7472,1.74747,1.84,1.00
2017.05.19 17:39:05.841,1.74722,1.74747,1.34,1.00
2017.05.19 17:39:06.492,1.74722,1.74747,1.34,1.00
2017.05.19 17:39:07.602,1.74722,1.74746,1.34,1.00
2017.05.19 17:39:09.861,1.74722,1.74746,1.34,1.00
2017.05.19 17:39:10.381,1.7472,1.74747,2.59,1.00
2017.05.19 17:39:11.920,1.7472,1.7475,1.34,2.25
2017.05.19 17:39:12.457,1.74723,1.7475,1.00,1.50
2017.05.19 17:39:12.558,1.7472,1.74748,1.00,1.87
2017.05.19 17:39:12.711,1.74717,1.74746,1.34,1.50
2017.05.19 17:39:13.242,1.74717,1.74745,1.34,1.12
2017.05.19 17:39:13.345,1.74716,1.74745,1.00,2.25
2017.05.19 17:39:13.398,1.74716,1.7474,1.00,1.00
2017.05.19 17:39:13.450,1.74712,1.7474,1.00,2.62
2017.05.19 17:39:13.552,1.74711,1.74739,1.34,1.75
2017.05.19 17:39:13.957,1.74714,1.74741,1.34,1.75
2017.05.19 17:39:14.059,1.74714,1.7474,1.84,1.00
2017.05.19 17:39:14.110,1.74716,1.74744,1.84,1.12
2017.05.19 17:39:14.341,1.7472,1.74747,1.34,1.00
2017.05.19 17:39:14.551,1.7472,1.74747,1.09,1.00
2017.05.19 17:39:14.652,1.74715,1.74746,1.50,1.00
2017.05.19 17:39:14.754,1.74715,1.74744,1.00,1.09
2017.05.19 17:39:15.058,1.74709,1.74736,1.00,1.00
2017.05.19 17:39:15.679,1.74709,1.74737,1.00,1.87
2017.05.19 17:39:18.372,1.74709,1.74736,1.00,1.00
2017.05.19 17:39:19.612,1.74709,1.74736,1.00,2.62
2017.05.19 17:39:19.663,1.74706,1.74736,1.09,4.12
2017.05.19 17:39:19.949,1.74704,1.74733,1.84,1.00
2017.05.19 17:39:20.172,1.74704,1.74735,1.84,1.12
2017.05.19 17:39:20.806,1.74704,1.74735,1.50,1.12
2017.05.19 17:39:21.622,1.74704,1.74734,1.84,1.00
2017.05.19 17:39:22.293,1.74704,1.74733,1.84,1.00
2017.05.19 17:39:23.528,1.74704,1.74732,1.84,1.00
2017.05.19 17:39:23.681,1.74703,1.74731,1.84,1.87
2017.05.19 17:39:23.833,1.74701,1.74731,3.34,1.87
2017.05.19 17:39:24.373,1.74702,1.74731,1.34,1.87
2017.05.19 17:39:25.211,1.74703,1.74731,1.34,1.12
2017.05.19 17:39:25.365,1.74703,1.74731,1.09,1.12
2017.05.19 17:39:25.974,1.74703,1.74731,1.34,1.12
2017.05.19 17:39:26.555,1.74704,1.74731,1.34,1.12
2017.05.19 17:39:26.657,1.74707,1.74735,1.34,1.00
2017.05.19 17:39:27.236,1.74708,1.74736,1.34,2.25
2017.05.19 17:39:27.781,1.74706,1.74736,1.34,2.25
2017.05.19 17:39:29.879,1.74706,1.74736,2.59,1.50
2017.05.19 17:39:31.128,1.74707,1.74736,1.34,1.50
2017.05.19 17:39:31.692,1.74706,1.74736,1.34,1.00
2017.05.19 17:39:32.984,1.74708,1.74736,1.84,1.00
2017.05.19 17:39:33.137,1.74706,1.74737,1.34,2.62
2017.05.19 17:39:33.238,1.74706,1.74736,1.84,1.87
2017.05.19 17:39:33.492,1.74716,1.74745,1.00,1.50
2017.05.19 17:39:33.749,1.74715,1.74742,1.09,1.00
2017.05.19 17:39:33.902,1.74715,1.74746,1.09,4.87
2017.05.19 17:39:34.153,1.74715,1.74744,2.59,1.00
2017.05.19 17:39:34.254,1.74713,1.74744,2.59,1.00
2017.05.19 17:39:34.457,1.74713,1.74744,2.59,3.75
2017.05.19 17:39:34.685,1.7471,1.74739,1.34,1.00
2017.05.19 17:39:34.736,1.7471,1.74739,1.34,1.37
2017.05.19 17:39:34.787,1.74707,1.74736,1.84,1.12
2017.05.19 17:39:34.838,1.74705,1.74736,2.21,1.12
2017.05.19 17:39:34.889,1.74705,1.74736,3.34,1.50
2017.05.19 17:39:35.655,1.74709,1.74737,1.34,1.87
2017.05.19 17:39:35.984,1.74711,1.74736,1.34,1.87
2017.05.19 17:39:36.391,1.74711,1.74739,1.84,1.00
2017.05.19 17:39:36.801,1.74711,1.74741,1.84,3.00
2017.05.19 17:39:37.311,1.74714,1.74741,1.84,2.62
2017.05.19 17:39:38.045,1.74713,1.74741,2.59,1.00
2017.05.19 17:39:38.936,1.74713,1.74741,1.34,1.50
2017.05.19 17:39:39.492,1.74713,1.74741,1.34,1.50
2017.05.19 17:39:39.995,1.74713,1.74741,1.34,1.50
2017.05.19 17:39:45.506,1.74713,1.74741,1.09,1.50
2017.05.19 17:39:46.021,1.74713,1.74741,1.34,1.50
2017.05.19 17:39:46.913,1.74714,1.74741,1.34,1.00
2017.05.19 17:39:48.259,1.74714,1.74741,1.09,1.50
2017.05.19 17:39:48.513,1.74714,1.74741,1.34,1.50
2017.05.19 17:39:49.721,1.74712,1.74741,1.34,1.00
2017.05.19 17:39:50.272,1.74712,1.7474,1.34,1.00
2017.05.19 17:39:50.818,1.74712,1.7474,1.84,1.00
2017.05.19 17:39:51.129,1.74712,1.7474,1.50,1.00
2017.05.19 17:39:51.426,1.74712,1.74736,1.09,1.00
2017.05.19 17:39:51.649,1.7471,1.74736,1.09,1.00
2017.05.19 17:39:51.771,1.7471,1.74736,1.34,1.00
2017.05.19 17:39:51.897,1.7471,1.74739,1.34,1.50
2017.05.19 17:39:52.099,1.74711,1.74739,1.34,1.50
2017.05.19 17:39:52.303,1.74711,1.74739,1.09,1.00
2017.05.19 17:39:52.404,1.74711,1.74739,1.34,1.50
2017.05.19 17:39:52.912,1.74711,1.74739,1.34,1.00
2017.05.19 17:39:54.098,1.74712,1.74739,1.34,1.00
2017.05.19 17:39:54.291,1.74712,1.74739,1.34,1.00
2017.05.19 17:39:54.394,1.74712,1.74739,1.34,1.00
2017.05.19 17:39:54.597,1.74712,1.74739,1.34,1.00
2017.05.19 17:39:54.698,1.74712,1.74739,1.34,1.00
2017.05.19 17:39:54.860,1.74712,1.74739,1.34,1.00
2017.05.19 17:39:55.367,1.74712,1.7474,1.34,1.50
2017.05.19 17:39:55.975,1.74711,1.74739,1.34,1.00
2017.05.19 17:39:57.179,1.7471,1.7474,2.59,1.00
2017.05.19 17:39:58.129,1.7471,1.74736,2.59,1.00
2017.05.19 17:39:58.232,1.74709,1.74739,1.84,1.50
2017.05.19 17:39:58.284,1.74709,1.74739,1.84,1.87
2017.05.19 17:39:58.336,1.74707,1.74736,1.34,2.25
2017.05.19 17:39:58.437,1.74707,1.74736,1.00,1.50
2017.05.19 17:39:58.794,1.74705,1.74735,1.00,1.87
2017.05.19 17:39:58.947,1.74708,1.74735,1.00,1.12
2017.05.19 17:39:59.251,1.74711,1.74736,1.34,1.87
2017.05.19 17:39:59.607,1.74711,1.74735,1.84,1.12
2017.05.19 17:39:59.658,1.74709,1.74736,1.34,1.37
2017.05.19 17:39:59.810,1.74709,1.74736,2.59,1.37
2017.05.19 17:40:00.774,1.74709,1.74735,1.34,1.12
2017.05.19 17:40:02.358,1.74711,1.74739,1.84,3.75
2017.05.19 17:40:02.459,1.74715,1.74744,1.00,1.87
2017.05.19 17:40:02.510,1.74715,1.74744,1.00,3.00
2017.05.19 17:40:02.807,1.74719,1.74748,1.00,3.37
2017.05.19 17:40:02.858,1.74721,1.74748,1.00,1.00
2017.05.19 17:40:02.909,1.74721,1.7475,1.00,1.00
2017.05.19 17:40:03.231,1.74724,1.74751,1.00,1.50
2017.05.19 17:40:03.613,1.74723,1.74753,1.84,1.87
2017.05.19 17:40:05.204,1.74726,1.74754,1.34,1.37
2017.05.19 17:40:05.255,1.74726,1.74753,1.09,1.12
2017.05.19 17:40:06.055,1.74725,1.74753,1.34,1.12
2017.05.19 17:40:06.160,1.74725,1.74753,1.00,1.87
2017.05.19 17:40:06.212,1.74725,1.7475,1.00,1.00
2017.05.19 17:40:06.365,1.74723,1.7475,1.00,1.00
2017.05.19 17:40:07.250,1.74723,1.74748,1.00,1.00
2017.05.19 17:40:07.539,1.74707,1.74739,1.34,1.50
2017.05.19 17:40:07.590,1.74707,1.74734,1.09,1.50
2017.05.19 17:40:08.104,1.74708,1.74734,1.00,1.50
2017.05.19 17:40:08.409,1.74708,1.74733,2.59,1.00
2017.05.19 17:40:08.460,1.74709,1.74735,1.84,1.50
2017.05.19 17:40:08.859,1.74708,1.74733,2.59,1.00
2017.05.19 17:40:09.101,1.74709,1.74735,1.84,3.00
2017.05.19 17:40:09.152,1.74709,1.74733,1.84,1.00
2017.05.19 17:40:09.355,1.74707,1.74734,2.59,1.50
2017.05.19 17:40:09.609,1.74705,1.74734,1.84,1.00
2017.05.19 17:40:09.711,1.74709,1.74734,1.84,1.00
2017.05.19 17:40:10.030,1.7472,1.74745,1.84,1.50
2017.05.19 17:40:10.132,1.74719,1.74745,1.34,1.50
2017.05.19 17:40:10.668,1.74719,1.74745,1.34,1.00
2017.05.19 17:40:11.432,1.74719,1.74745,1.34,1.00
2017.05.19 17:40:11.938,1.74719,1.74745,1.00,1.00
2017.05.19 17:40:13.431,1.74719,1.74744,1.00,1.00
2017.05.19 17:40:13.583,1.74715,1.74744,1.34,1.00
2017.05.19 17:40:13.634,1.74715,1.74744,1.34,1.00
2017.05.19 17:40:13.686,1.74715,1.74744,1.34,1.00
2017.05.19 17:40:14.221,1.74715,1.74745,1.34,1.50
2017.05.19 17:40:14.538,1.74715,1.74745,1.34,1.50
2017.05.19 17:40:14.955,1.74717,1.74744,1.34,1.50
2017.05.19 17:40:15.086,1.74717,1.74744,1.34,1.50
2017.05.19 17:40:16.580,1.74717,1.74744,1.34,1.00
2017.05.19 17:40:18.502,1.74717,1.74744,1.34,1.00
2017.05.19 17:40:18.604,1.74718,1.74745,1.34,1.00
2017.05.19 17:40:18.655,1.74717,1.74744,1.34,1.00
2017.05.19 17:40:18.708,1.74717,1.74746,1.34,1.50
2017.05.19 17:40:18.759,1.7472,1.74746,1.00,1.50
2017.05.19 17:40:20.572,1.74718,1.74744,1.34,1.00
2017.05.19 17:40:21.109,1.74716,1.74744,1.34,1.00
2017.05.19 17:40:21.310,1.74716,1.74744,1.09,1.00
2017.05.19 17:40:22.000,1.74717,1.74744,1.00,1.00
2017.05.19 17:40:26.301,1.74717,1.74746,1.00,3.00
2017.05.19 17:40:27.956,1.74717,1.74744,1.00,1.00
2017.05.19 17:40:28.616,1.74717,1.74745,1.00,1.00
2017.05.19 17:40:31.073,1.7472,1.74745,1.00,1.00
2017.05.19 17:40:31.560,1.74717,1.74745,1.00,1.00
2017.05.19 17:40:32.621,1.74718,1.74745,1.00,1.50
2017.05.19 17:40:32.722,1.74721,1.74746,1.00,2.25
2017.05.19 17:40:33.265,1.74722,1.74747,1.50,1.12
2017.05.19 17:40:33.612,1.74723,1.74747,1.34,1.12
2017.05.19 17:40:34.117,1.74722,1.74746,1.50,1.00
2017.05.19 17:40:34.320,1.7472,1.74749,1.09,1.00
2017.05.19 17:40:34.371,1.74722,1.74749,1.00,1.00
2017.05.19 17:40:35.347,1.74719,1.74747,1.34,1.00
2017.05.19 17:40:35.449,1.74717,1.74746,1.34,1.00
2017.05.19 17:40:35.500,1.74716,1.74746,2.59,1.12
2017.05.19 17:40:35.652,1.74716,1.74746,1.09,4.12
2017.05.19 17:40:35.996,1.74714,1.74741,1.09,1.12
2017.05.19 17:40:37.715,1.74713,1.74742,1.34,1.87
2017.05.19 17:40:38.162,1.7471,1.7474,1.34,1.00
2017.05.19 17:40:40.154,1.74711,1.7474,1.00,1.00
2017.05.19 17:40:41.950,1.74714,1.74742,1.00,2.25
2017.05.19 17:40:42.052,1.74712,1.74741,1.00,1.00
2017.05.19 17:40:42.618,1.74712,1.74742,1.00,1.12
2017.05.19 17:40:43.182,1.74712,1.74743,1.34,1.37
2017.05.19 17:40:44.380,1.74712,1.74743,1.00,1.37
2017.05.19 17:40:45.184,1.74714,1.74743,1.00,1.37
2017.05.19 17:40:47.937,1.74714,1.74743,1.00,1.12
2017.05.19 17:40:48.962,1.74715,1.74744,1.00,1.00
2017.05.19 17:40:49.811,1.74715,1.74745,1.09,1.00
2017.05.19 17:40:50.112,1.74717,1.74746,1.00,3.00
2017.05.19 17:40:50.631,1.74717,1.74745,1.00,1.12
2017.05.19 17:40:50.996,1.74719,1.74745,1.00,1.50
2017.05.19 17:40:51.544,1.74718,1.74745,1.00,1.50
2017.05.19 17:40:52.086,1.74718,1.74744,1.00,1.00
2017.05.19 17:40:52.239,1.74715,1.74744,1.00,1.00
2017.05.19 17:40:52.442,1.74717,1.74744,1.00,1.50
2017.05.19 17:40:53.164,1.74717,1.74743,1.00,1.00
2017.05.19 17:40:53.684,1.74717,1.74744,1.00,1.50
2017.05.19 17:40:58.596,1.74717,1.74745,1.09,3.00
2017.05.19 17:40:58.748,1.74714,1.74744,1.34,1.50
2017.05.19 17:40:59.255,1.74714,1.74743,1.34,1.00
2017.05.19 17:40:59.424,1.74714,1.74743,1.00,1.34
2017.05.19 17:40:59.729,1.74705,1.74734,1.00,1.00
2017.05.19 17:41:00.170,1.74707,1.74734,1.00,1.00
2017.05.19 17:41:00.569,1.74712,1.74736,1.00,1.12
2017.05.19 17:41:00.968,1.74709,1.74737,1.00,2.25
2017.05.19 17:41:01.426,1.74706,1.74735,1.09,1.00
2017.05.19 17:41:01.931,1.74707,1.74736,1.00,1.12
2017.05.19 17:41:02.503,1.74708,1.74736,1.00,1.12
2017.05.19 17:41:03.146,1.7471,1.74737,1.84,1.50
2017.05.19 17:41:03.451,1.74717,1.74739,1.84,1.00
2017.05.19 17:41:03.757,1.74722,1.74748,1.09,1.00
2017.05.19 17:41:03.809,1.74722,1.74748,1.34,1.00
2017.05.19 17:41:04.273,1.74722,1.74748,1.00,1.00
2017.05.19 17:41:05.330,1.74721,1.74748,1.00,1.50
2017.05.19 17:41:07.488,1.74721,1.74749,1.00,3.00
2017.05.19 17:41:08.097,1.7472,1.74749,1.00,5.25
2017.05.19 17:41:08.590,1.7472,1.74745,1.00,1.00
2017.05.19 17:41:09.116,1.74719,1.74745,1.00,1.00
2017.05.19 17:41:09.319,1.74716,1.74743,1.09,1.00
2017.05.19 17:41:09.644,1.74716,1.74743,1.34,1.00
2017.05.19 17:41:10.163,1.74718,1.74744,1.34,1.87
2017.05.19 17:41:10.863,1.74718,1.74743,1.34,1.00
2017.05.19 17:41:11.416,1.74718,1.74744,1.09,1.87
2017.05.19 17:41:11.620,1.74711,1.74742,1.00,1.00
2017.05.19 17:41:11.671,1.74711,1.74738,1.09,1.00
2017.05.19 17:41:12.257,1.74711,1.74737,1.09,1.12
2017.05.19 17:41:12.715,1.74711,1.74737,1.34,1.12
2017.05.19 17:41:12.829,1.74711,1.74737,1.34,1.12
2017.05.19 17:41:13.169,1.74711,1.74742,1.34,2.25
2017.05.19 17:41:13.220,1.74714,1.74742,1.00,1.50
2017.05.19 17:41:14.331,1.74712,1.74742,2.59,1.50
2017.05.19 17:41:14.795,1.74712,1.74742,1.34,1.50
2017.05.19 17:41:14.897,1.74712,1.74743,1.34,4.50
2017.05.19 17:41:14.999,1.74714,1.74742,1.09,1.50
2017.05.19 17:41:15.941,1.74713,1.74742,1.34,1.00
2017.05.19 17:41:17.705,1.74713,1.74742,1.34,1.50
2017.05.19 17:41:18.232,1.74713,1.74742,1.34,2.25
2017.05.19 17:41:19.865,1.74713,1.74742,1.34,1.50
2017.05.19 17:41:21.026,1.74712,1.74742,1.34,1.50
2017.05.19 17:41:21.601,1.74712,1.74742,1.09,2.25
2017.05.19 17:41:23.649,1.74712,1.74741,1.00,1.00
2017.05.19 17:41:24.387,1.74712,1.7474,1.00,1.00
2017.05.19 17:41:24.934,1.74712,1.74739,1.00,1.00
2017.05.19 17:41:26.992,1.74712,1.74742,1.00,1.50
2017.05.19 17:41:27.094,1.74711,1.74738,1.00,1.00
2017.05.19 17:41:27.145,1.74706,1.74735,1.00,1.00
2017.05.19 17:41:28.498,1.74705,1.74735,1.00,1.12
2017.05.19 17:41:29.101,1.74706,1.74736,1.00,2.62
2017.05.19 17:41:29.455,1.74704,1.74733,1.00,1.00
2017.05.19 17:41:29.955,1.74707,1.74735,1.00,1.87
2017.05.19 17:41:30.236,1.74705,1.74735,1.00,1.12
2017.05.19 17:41:30.744,1.74705,1.74734,1.00,1.00
2017.05.19 17:41:32.009,1.74704,1.74734,1.09,1.50
2017.05.19 17:41:34.490,1.74704,1.74733,1.00,1.00
2017.05.19 17:41:35.514,1.74704,1.74734,1.00,1.50
2017.05.19 17:41:36.139,1.74706,1.74734,1.00,1.00
2017.05.19 17:41:37.274,1.74704,1.74734,1.09,1.50
2017.05.19 17:41:37.476,1.74706,1.74734,1.00,1.00
2017.05.19 17:41:38.124,1.74706,1.74735,1.00,3.37
2017.05.19 17:41:38.673,1.74706,1.74734,1.00,1.00
2017.05.19 17:41:39.179,1.74703,1.74733,1.00,1.00
2017.05.19 17:41:39.844,1.74706,1.74733,1.00,1.00
2017.05.19 17:41:40.479,1.74706,1.74732,1.00,1.00
2017.05.19 17:41:41.061,1.74708,1.74732,1.00,1.00
2017.05.19 17:41:44.848,1.74705,1.74732,1.00,1.12
2017.05.19 17:41:46.360,1.74704,1.74732,1.09,1.87
2017.05.19 17:41:46.795,1.74706,1.74732,1.00,1.87
2017.05.19 17:41:47.451,1.74707,1.74732,1.00,1.87
2017.05.19 17:41:48.786,1.74703,1.74732,1.00,1.87
2017.05.19 17:41:49.145,1.74705,1.74733,1.00,3.00
2017.05.19 17:41:49.475,1.74708,1.74732,1.00,1.12
2017.05.19 17:41:54.110,1.74706,1.74732,1.00,4.12
2017.05.19 17:41:54.212,1.74701,1.74731,1.00,1.00
2017.05.19 17:41:54.516,1.74704,1.74732,1.00,2.62
2017.05.19 17:41:57.226,1.74704,1.74732,1.34,2.62
2017.05.19 17:41:57.842,1.74704,1.74732,1.34,1.12
2017.05.19 17:41:58.702,1.74704,1.74732,1.34,1.12
2017.05.19 17:41:59.211,1.74702,1.74733,1.34,1.50
2017.05.19 17:41:59.823,1.74702,1.74733,1.34,1.50
2017.05.19 17:42:00.601,1.74704,1.74732,1.34,1.12
2017.05.19 17:42:01.134,1.74704,1.74732,1.09,1.12
2017.05.19 17:42:01.845,1.74705,1.74732,1.00,1.12
2017.05.19 17:42:02.641,1.74707,1.74732,1.00,1.87
2017.05.19 17:42:03.175,1.74706,1.74732,1.00,1.12
2017.05.19 17:42:03.614,1.74706,1.7473,1.00,1.00
2017.05.19 17:42:04.068,1.74703,1.74728,1.00,2.25
2017.05.19 17:42:04.169,1.74701,1.74728,1.00,2.59
2017.05.19 17:42:04.717,1.747,1.74727,1.00,1.34
2017.05.19 17:42:04.926,1.74701,1.74728,1.00,1.50
2017.05.19 17:42:05.028,1.74703,1.74729,1.00,1.00
2017.05.19 17:42:05.602,1.74704,1.74729,1.00,1.00
2017.05.19 17:42:05.857,1.74696,1.74725,1.00,1.84
2017.05.19 17:42:06.712,1.74696,1.74725,1.00,1.84
2017.05.19 17:42:07.066,1.74698,1.74723,1.00,1.00
2017.05.19 17:42:07.377,1.747,1.74725,1.00,1.00
2017.05.19 17:42:08.446,1.74702,1.74725,1.00,1.50
2017.05.19 17:42:09.265,1.74702,1.74726,1.00,2.25
2017.05.19 17:42:09.775,1.74704,1.74728,1.00,1.87
2017.05.19 17:42:09.826,1.74705,1.74728,1.00,1.50
2017.05.19 17:42:09.927,1.74707,1.74728,1.00,1.50
2017.05.19 17:42:10.456,1.74707,1.74729,1.00,1.00
2017.05.19 17:42:10.978,1.74707,1.74728,1.00,1.00
2017.05.19 17:42:11.497,1.74707,1.74729,1.00,1.00
2017.05.19 17:42:11.826,1.74707,1.74729,1.00,1.34
2017.05.19 17:42:11.978,1.74704,1.74725,1.00,1.00
2017.05.19 17:42:12.432,1.74704,1.74727,1.00,1.50
2017.05.19 17:42:13.099,1.74705,1.74727,1.00,1.00
2017.05.19 17:42:15.873,1.74705,1.74729,1.00,1.00
2017.05.19 17:42:15.974,1.74707,1.74729,1.00,1.00
2017.05.19 17:42:16.177,1.74704,1.74729,1.34,1.00
2017.05.19 17:42:16.228,1.74704,1.74732,1.34,1.00
2017.05.19 17:42:16.279,1.74708,1.74732,1.00,1.00
2017.05.19 17:42:16.481,1.74708,1.74734,1.00,2.25
2017.05.19 17:42:16.984,1.74708,1.74733,1.00,1.50
2017.05.19 17:42:17.634,1.74708,1.74732,1.00,1.00
2017.05.19 17:42:18.168,1.74709,1.74732,1.00,1.00
2017.05.19 17:42:19.436,1.74709,1.74734,1.09,1.00
2017.05.19 17:42:19.740,1.74711,1.74734,1.00,1.00
2017.05.19 17:42:20.416,1.74711,1.74736,1.34,1.50
2017.05.19 17:42:20.569,1.74713,1.74737,1.00,1.00
2017.05.19 17:42:21.422,1.74713,1.74736,1.00,1.00
2017.05.19 17:42:22.349,1.74713,1.74738,1.00,1.00
2017.05.19 17:42:23.021,1.74713,1.74737,1.00,1.00
2017.05.19 17:42:23.072,1.74713,1.74735,1.00,1.00
2017.05.19 17:42:23.275,1.74709,1.74735,1.00,1.87
2017.05.19 17:42:27.071,1.74711,1.74734,1.00,1.12
2017.05.19 17:42:27.294,1.74709,1.74734,1.00,1.12
2017.05.19 17:42:29.185,1.74709,1.74733,1.00,1.00
2017.05.19 17:42:31.751,1.74712,1.74733,1.00,1.00
2017.05.19 17:42:32.389,1.7471,1.74733,1.00,1.00
2017.05.19 17:42:34.721,1.7471,1.74734,1.00,1.12
2017.05.19 17:42:35.292,1.74713,1.74734,1.00,1.12
2017.05.19 17:42:37.583,1.74711,1.74734,1.00,1.12
2017.05.19 17:42:37.986,1.74716,1.74739,1.00,1.87
2017.05.19 17:42:38.088,1.74716,1.74744,1.00,1.50
2017.05.19 17:42:38.392,1.74721,1.74745,1.00,1.00
2017.05.19 17:42:39.132,1.74721,1.74746,1.00,1.50
2017.05.19 17:42:39.727,1.74721,1.74745,1.00,1.00
2017.05.19 17:42:40.132,1.74721,1.74747,1.00,1.84
2017.05.19 17:42:40.437,1.74721,1.74743,1.00,1.12
2017.05.19 17:42:40.775,1.74717,1.74741,1.00,1.75
2017.05.19 17:42:40.877,1.74717,1.74743,1.00,1.00
2017.05.19 17:42:40.979,1.74721,1.74744,1.00,1.12
2017.05.19 17:42:43.411,1.74723,1.74745,1.00,3.37
2017.05.19 17:42:43.462,1.74723,1.74746,1.00,1.84
2017.05.19 17:42:43.513,1.7472,1.74746,1.00,1.37
2017.05.19 17:42:43.565,1.74723,1.74746,1.00,1.37
2017.05.19 17:42:43.718,1.7472,1.74745,1.00,1.00
2017.05.19 17:42:43.820,1.74721,1.74749,3.34,1.12
2017.05.19 17:42:44.125,1.74733,1.74756,1.00,1.00
2017.05.19 17:42:44.640,1.74732,1.74757,1.00,1.00
2017.05.19 17:42:45.152,1.74733,1.74758,1.00,1.50
2017.05.19 17:42:45.657,1.74734,1.74758,1.00,1.50
2017.05.19 17:42:46.177,1.74734,1.74757,1.00,1.00
2017.05.19 17:42:46.532,1.74734,1.74759,1.00,1.87
2017.05.19 17:42:47.171,1.74734,1.74758,1.00,1.12
2017.05.19 17:42:48.689,1.74733,1.74759,1.00,1.87
2017.05.19 17:42:49.243,1.74733,1.74759,1.00,1.87
2017.05.19 17:42:49.747,1.74734,1.74759,1.00,1.87
2017.05.19 17:42:50.273,1.74733,1.74758,1.00,1.87
2017.05.19 17:42:50.914,1.74733,1.7476,1.00,1.87
2017.05.19 17:42:51.178,1.74735,1.7476,1.00,1.50
2017.05.19 17:42:51.767,1.74735,1.74759,1.00,1.00
2017.05.19 17:42:52.300,1.74734,1.74758,1.00,1.00
2017.05.19 17:42:52.920,1.74734,1.74759,1.00,1.12
2017.05.19 17:42:53.615,1.74734,1.74758,1.00,1.34
2017.05.19 17:42:53.985,1.74732,1.74757,1.00,1.09
2017.05.19 17:42:55.275,1.74732,1.74757,1.00,1.84
2017.05.19 17:42:55.777,1.74732,1.74757,1.00,1.09
2017.05.19 17:42:55.879,1.7473,1.74757,1.00,1.84
2017.05.19 17:42:55.980,1.74732,1.74757,1.00,1.50
2017.05.19 17:42:56.183,1.74735,1.74761,1.00,1.50
2017.05.19 17:42:56.588,1.74737,1.74761,1.00,1.50
2017.05.19 17:42:57.105,1.74738,1.74761,1.00,1.00
2017.05.19 17:42:59.439,1.74738,1.74756,1.00,3.34
2017.05.19 17:42:59.490,1.74736,1.7476,1.00,1.46
2017.05.19 17:42:59.731,1.74731,1.74752,1.00,1.00
2017.05.19 17:42:59.832,1.74728,1.74751,1.00,1.00
2017.05.19 17:43:00.394,1.74728,1.74754,1.00,1.00
2017.05.19 17:43:00.496,1.74735,1.74757,1.00,1.37
2017.05.19 17:43:00.547,1.74735,1.74757,1.00,1.00
2017.05.19 17:43:00.699,1.74735,1.74759,1.00,2.59
2017.05.19 17:43:00.801,1.74733,1.74759,1.00,2.59
2017.05.19 17:43:01.006,1.74736,1.74759,1.00,1.84
2017.05.19 17:43:02.261,1.74736,1.74758,1.00,1.50
2017.05.19 17:43:02.413,1.74733,1.74757,1.00,1.50
2017.05.19 17:43:02.514,1.74731,1.74753,1.00,1.00
2017.05.19 17:43:02.800,1.74729,1.74752,1.00,1.00
2017.05.19 17:43:03.388,1.74728,1.74752,1.00,1.50
2017.05.19 17:43:04.444,1.74728,1.74752,1.00,1.00
2017.05.19 17:43:05.140,1.74728,1.74753,1.00,1.00
2017.05.19 17:43:05.323,1.74728,1.74751,1.00,1.00
2017.05.19 17:43:05.481,1.74728,1.74753,1.00,1.50
2017.05.19 17:43:07.013,1.74728,1.74752,1.00,2.25
2017.05.19 17:43:07.520,1.74727,1.74752,1.00,1.00
2017.05.19 17:43:08.415,1.74727,1.74752,1.00,1.84
2017.05.19 17:43:08.934,1.74727,1.74752,1.00,1.50
2017.05.19 17:43:09.036,1.74727,1.74748,1.00,1.00
2017.05.19 17:43:09.138,1.74723,1.74748,1.00,2.62
2017.05.19 17:43:09.240,1.74723,1.74749,1.00,1.00
2017.05.19 17:43:10.112,1.74723,1.7475,1.00,1.12
2017.05.19 17:43:11.075,1.74723,1.74749,1.00,1.00
2017.05.19 17:43:11.651,1.74725,1.74749,1.00,1.00
2017.05.19 17:43:11.817,1.74722,1.7475,1.00,1.84
2017.05.19 17:43:11.969,1.74722,1.74747,1.00,1.00
2017.05.19 17:43:12.279,1.74724,1.74747,1.00,1.34
2017.05.19 17:43:12.330,1.74722,1.74747,1.00,1.34
2017.05.19 17:43:13.092,1.74722,1.74748,1.00,1.84
2017.05.19 17:43:13.193,1.74722,1.74746,1.00,1.00
2017.05.19 17:43:13.526,1.74725,1.74747,1.00,1.50
2017.05.19 17:43:14.145,1.74725,1.74748,1.00,1.00
2017.05.19 17:43:14.247,1.74721,1.74747,1.00,1.00
2017.05.19 17:43:14.773,1.74721,1.74746,1.00,1.00
2017.05.19 17:43:15.289,1.74721,1.74747,1.00,1.34
2017.05.19 17:43:15.390,1.74721,1.74747,1.00,1.50
2017.05.19 17:43:15.893,1.74721,1.74746,1.00,1.00
2017.05.19 17:43:16.045,1.74724,1.74746,1.00,1.00
2017.05.19 17:43:16.401,1.74724,1.74744,1.00,1.00
2017.05.19 17:43:16.558,1.74718,1.74744,1.00,1.09
2017.05.19 17:43:17.026,1.74718,1.74744,1.00,1.84
2017.05.19 17:43:17.128,1.74716,1.74741,1.00,1.00
2017.05.19 17:43:17.739,1.74716,1.7474,1.00,1.00
2017.05.19 17:43:17.942,1.74716,1.74742,1.00,2.25
2017.05.19 17:43:18.347,1.74719,1.74742,1.00,2.25
2017.05.19 17:43:18.653,1.74717,1.74742,1.00,1.50
2017.05.19 17:43:19.167,1.74717,1.74741,1.00,1.50
2017.05.19 17:43:21.622,1.74717,1.74739,1.00,1.50
2017.05.19 17:43:21.774,1.74714,1.74739,1.00,2.62
2017.05.19 17:43:21.875,1.74711,1.74738,1.00,1.84
2017.05.19 17:43:22.485,1.7471,1.74738,1.00,2.59
2017.05.19 17:43:23.345,1.74711,1.74738,1.00,1.84
2017.05.19 17:43:24.003,1.74711,1.74738,1.00,3.34
2017.05.19 17:43:26.747,1.74711,1.74738,1.00,3.71
2017.05.19 17:43:27.444,1.74711,1.74738,1.00,2.96
2017.05.19 17:43:27.842,1.74713,1.74737,1.00,1.00
2017.05.19 17:43:28.485,1.7471,1.74737,1.00,1.00
2017.05.19 17:43:28.660,1.74713,1.74737,1.00,1.00
2017.05.19 17:43:29.175,1.74713,1.74738,1.00,1.00
2017.05.19 17:43:29.379,1.7471,1.74738,1.00,1.00
2017.05.19 17:43:29.933,1.7471,1.74737,1.00,1.00
2017.05.19 17:43:31.139,1.74713,1.74737,1.00,1.00
2017.05.19 17:43:31.563,1.74713,1.74738,1.34,1.00
2017.05.19 17:43:31.615,1.74713,1.74738,1.00,1.34
2017.05.19 17:43:32.456,1.74713,1.74738,1.00,2.59
2017.05.19 17:43:32.736,1.74718,1.74738,1.00,1.84
2017.05.19 17:43:32.787,1.74713,1.74738,1.00,1.84
2017.05.19 17:43:33.313,1.74713,1.74738,1.00,1.00
2017.05.19 17:43:33.909,1.74713,1.74737,1.00,1.50
2017.05.19 17:43:37.224,1.74713,1.74738,1.00,1.00
2017.05.19 17:43:37.749,1.74713,1.74737,1.00,1.50
2017.05.19 17:43:38.778,1.74715,1.74738,1.00,1.00
2017.05.19 17:43:39.270,1.74719,1.74738,1.00,1.00
2017.05.19 17:43:39.372,1.74717,1.74741,1.00,2.25
2017.05.19 17:43:39.474,1.74725,1.74745,1.00,1.37
2017.05.19 17:43:39.525,1.74725,1.74747,1.00,4.09
2017.05.19 17:43:39.576,1.74722,1.74742,1.00,1.00
2017.05.19 17:43:39.628,1.74722,1.74744,1.00,1.00
2017.05.19 17:43:39.679,1.74728,1.74743,1.00,1.00
2017.05.19 17:43:39.781,1.74725,1.74744,1.00,1.00
2017.05.19 17:43:39.882,1.74722,1.74743,1.00,1.00
2017.05.19 17:43:39.984,1.74721,1.74741,1.00,1.00
2017.05.19 17:43:40.086,1.74718,1.7474,1.00,1.00
2017.05.19 17:43:40.137,1.74718,1.74742,1.00,1.50
2017.05.19 17:43:40.188,1.74722,1.74742,1.00,1.37
2017.05.19 17:43:40.492,1.74727,1.74747,1.00,1.00
2017.05.19 17:43:40.796,1.74728,1.74749,1.00,1.50
2017.05.19 17:43:41.716,1.74728,1.7475,1.00,2.25
2017.05.19 17:43:42.197,1.7473,1.7475,1.00,2.25
2017.05.19 17:43:42.833,1.7473,1.74749,1.00,1.00
2017.05.19 17:43:43.417,1.7473,1.7475,1.00,1.50
2017.05.19 17:43:44.161,1.7473,1.74749,1.00,1.00
2017.05.19 17:43:44.735,1.7473,1.7475,1.00,1.50
2017.05.19 17:43:45.299,1.7473,1.74749,1.00,1.00
2017.05.19 17:43:45.811,1.74731,1.74749,1.00,1.00
2017.05.19 17:43:46.289,1.74731,1.74755,1.00,1.75
2017.05.19 17:43:46.464,1.74731,1.74752,1.00,1.37
2017.05.19 17:43:46.617,1.74729,1.74752,1.00,3.00
2017.05.19 17:43:47.148,1.74728,1.74753,1.00,4.87
2017.05.19 17:43:47.899,1.74728,1.74748,1.00,1.00
2017.05.19 17:43:48.051,1.74728,1.74751,1.00,1.00
2017.05.19 17:43:48.614,1.74728,1.74752,1.00,1.00
2017.05.19 17:43:50.416,1.7473,1.74752,1.00,1.00
2017.05.19 17:43:53.544,1.7473,1.74751,1.00,1.00
2017.05.19 17:43:54.454,1.7473,1.74751,1.00,1.37
2017.05.19 17:43:57.853,1.7473,1.74751,1.00,1.12
2017.05.19 17:43:58.200,1.74726,1.74744,1.00,1.37
2017.05.19 17:43:58.251,1.74722,1.7474,1.00,1.00
2017.05.19 17:43:58.352,1.74717,1.74739,1.00,1.12
2017.05.19 17:43:58.860,1.74715,1.74739,1.00,1.87
2017.05.19 17:44:01.687,1.74715,1.7474,1.00,3.00
2017.05.19 17:44:02.507,1.74715,1.74739,1.00,1.00
2017.05.19 17:44:03.196,1.74715,1.7474,1.00,3.00
2017.05.19 17:44:03.735,1.74715,1.74739,1.00,1.00
2017.05.19 17:44:05.031,1.74715,1.7474,1.00,3.00
2017.05.19 17:44:05.082,1.74717,1.7474,1.00,2.25
2017.05.19 17:44:06.475,1.74716,1.74739,1.00,1.00
2017.05.19 17:44:08.632,1.74716,1.7474,1.00,2.25
2017.05.19 17:44:09.212,1.74716,1.74739,1.00,1.00
2017.05.19 17:44:09.516,1.74719,1.74739,1.00,1.00
2017.05.19 17:44:10.109,1.74719,1.7474,1.00,1.50
2017.05.19 17:44:10.160,1.74716,1.7474,1.00,1.50
2017.05.19 17:44:10.826,1.74716,1.74739,1.00,1.00
2017.05.19 17:44:11.338,1.74716,1.7474,1.00,2.25
2017.05.19 17:44:12.186,1.74716,1.74739,1.00,1.00
2017.05.19 17:44:12.738,1.74711,1.74739,1.00,1.00
2017.05.19 17:44:13.267,1.74711,1.74738,1.00,1.50
2017.05.19 17:44:13.773,1.74711,1.74737,1.00,1.00
2017.05.19 17:44:14.355,1.74711,1.74736,1.00,1.00
2017.05.19 17:44:14.622,1.74711,1.74734,1.00,1.00
2017.05.19 17:44:14.723,1.74711,1.74736,1.00,1.00
2017.05.19 17:44:15.359,1.74711,1.74735,1.00,1.00
2017.05.19 17:44:15.613,1.74711,1.74736,1.34,1.50
2017.05.19 17:44:15.918,1.74717,1.74738,1.00,1.87
2017.05.19 17:44:16.272,1.74719,1.74737,1.00,1.12
2017.05.19 17:44:17.674,1.74722,1.74737,1.00,1.12
2017.05.19 17:44:17.775,1.7472,1.74742,1.00,3.75
2017.05.19 17:44:17.826,1.7472,1.74741,1.00,1.00
2017.05.19 17:44:17.928,1.74721,1.74742,1.34,2.25
2017.05.19 17:44:18.383,1.74724,1.74742,1.00,1.12
2017.05.19 17:44:18.434,1.74724,1.74744,1.00,1.00
2017.05.19 17:44:18.789,1.74724,1.74747,1.00,2.25
2017.05.19 17:44:19.354,1.74724,1.74746,1.00,1.00
2017.05.19 17:44:20.492,1.74728,1.74746,1.00,1.50
2017.05.19 17:44:21.980,1.74729,1.74746,1.00,1.50
2017.05.19 17:44:23.315,1.74729,1.74747,1.00,1.00
2017.05.19 17:44:24.214,1.74729,1.74746,1.00,1.00
2017.05.19 17:44:24.729,1.74729,1.74747,1.00,1.50
2017.05.19 17:44:26.505,1.74729,1.74748,1.00,1.87
2017.05.19 17:44:27.080,1.74729,1.74747,1.00,1.50
2017.05.19 17:44:27.606,1.74729,1.74746,1.00,1.00
2017.05.19 17:44:27.959,1.74726,1.74746,1.00,1.00
2017.05.19 17:44:29.322,1.74726,1.74747,1.00,1.00
2017.05.19 17:44:29.826,1.74727,1.74747,1.00,1.00
2017.05.19 17:44:31.477,1.74727,1.74748,1.00,1.87
2017.05.19 17:44:32.010,1.74727,1.74747,1.00,1.00
2017.05.19 17:44:32.650,1.74727,1.74742,1.00,1.50
2017.05.19 17:44:32.701,1.7472,1.74739,1.00,1.00
2017.05.19 17:44:32.854,1.7472,1.74736,1.00,1.00
2017.05.19 17:44:32.905,1.74715,1.74736,1.00,1.00
2017.05.19 17:44:33.447,1.74714,1.74736,1.00,1.50
2017.05.19 17:44:35.386,1.74715,1.74736,1.00,1.00
2017.05.19 17:44:36.514,1.74714,1.74734,1.00,1.00
2017.05.19 17:44:37.134,1.74714,1.74735,1.00,1.00
2017.05.19 17:44:37.541,1.74714,1.74733,1.00,1.00
2017.05.19 17:44:37.794,1.74714,1.74735,1.00,1.00
2017.05.19 17:44:38.458,1.74714,1.74732,1.00,1.00
2017.05.19 17:44:38.560,1.74714,1.74735,1.00,1.00
2017.05.19 17:44:39.168,1.74714,1.74734,1.00,1.00
2017.05.19 17:44:44.437,1.74714,1.74735,1.00,1.00
2017.05.19 17:44:45.880,1.74714,1.74734,1.00,1.00
2017.05.19 17:44:46.410,1.74714,1.74737,1.00,1.87
2017.05.19 17:44:46.511,1.74718,1.74739,1.00,1.37
2017.05.19 17:44:46.613,1.74722,1.74742,1.00,1.12
2017.05.19 17:44:46.867,1.74721,1.7474,1.00,1.00
2017.05.19 17:44:47.019,1.74718,1.74741,1.00,1.50
2017.05.19 17:44:48.745,1.74718,1.7474,1.00,1.00
2017.05.19 17:44:49.795,1.7472,1.74741,1.00,1.87
2017.05.19 17:44:50.430,1.7472,1.74741,1.00,1.87
2017.05.19 17:44:50.969,1.74721,1.74741,1.00,3.75
2017.05.19 17:44:51.187,1.74721,1.74743,1.00,6.75
2017.05.19 17:44:54.036,1.74722,1.74743,1.00,2.25
2017.05.19 17:44:54.088,1.74725,1.74742,1.00,1.12
2017.05.19 17:44:54.293,1.74723,1.74742,1.00,1.50
2017.05.19 17:44:54.395,1.74719,1.74738,1.00,1.50
2017.05.19 17:44:54.530,1.74717,1.74737,1.00,1.00
2017.05.19 17:44:55.060,1.74718,1.74738,1.00,1.00
2017.05.19 17:44:55.111,1.7472,1.74739,1.00,1.12
2017.05.19 17:44:55.669,1.7472,1.74738,1.00,1.00
2017.05.19 17:44:55.843,1.74719,1.74742,1.00,1.00
2017.05.19 17:44:55.894,1.74723,1.74743,1.00,2.25
2017.05.19 17:44:56.254,1.74723,1.74741,1.00,1.00
2017.05.19 17:44:56.922,1.74722,1.74742,1.00,2.62
2017.05.19 17:44:57.427,1.74722,1.74741,1.00,1.37
2017.05.19 17:44:57.808,1.74722,1.74742,1.00,1.00
2017.05.19 17:44:57.859,1.74722,1.74744,1.00,4.12
2017.05.19 17:44:57.961,1.74722,1.7474,1.00,1.00
2017.05.19 17:44:58.422,1.74722,1.74743,1.00,1.37
2017.05.19 17:44:58.952,1.74722,1.74743,1.00,1.50
2017.05.19 17:44:59.104,1.74725,1.74744,1.00,3.00
2017.05.19 17:44:59.619,1.74726,1.74743,1.00,1.00
2017.05.19 17:45:00.289,1.74724,1.74743,1.00,1.00
2017.05.19 17:45:00.793,1.74724,1.74744,1.00,2.25
2017.05.19 17:45:00.946,1.74722,1.74743,1.00,1.00
2017.05.19 17:45:01.493,1.74723,1.74743,1.00,1.00
2017.05.19 17:45:01.998,1.74723,1.74744,1.00,1.50
2017.05.19 17:45:02.664,1.74723,1.74743,1.00,1.00
2017.05.19 17:45:03.186,1.74723,1.74744,1.00,1.50
2017.05.19 17:45:03.782,1.7472,1.74745,1.00,1.87
2017.05.19 17:45:04.077,1.74723,1.74745,1.00,1.37
2017.05.19 17:45:04.617,1.74723,1.74746,1.00,1.37
2017.05.19 17:45:05.363,1.74724,1.74747,1.00,1.87
2017.05.19 17:45:05.668,1.74722,1.74747,1.00,4.50
2017.05.19 17:45:06.240,1.74722,1.74746,1.00,1.87
2017.05.19 17:45:06.404,1.74722,1.74744,1.00,1.37
2017.05.19 17:45:06.557,1.74723,1.74745,1.00,1.12
2017.05.19 17:45:06.926,1.74723,1.74744,1.00,1.37
2017.05.19 17:45:06.977,1.74721,1.74744,1.00,1.37
2017.05.19 17:45:07.381,1.74723,1.74745,1.00,1.87
2017.05.19 17:45:07.970,1.74723,1.74745,1.00,1.87
2017.05.19 17:45:08.559,1.74724,1.74746,1.00,3.00
2017.05.19 17:45:08.812,1.74724,1.74746,1.00,1.12
2017.05.19 17:45:08.863,1.74726,1.74746,1.00,1.12
2017.05.19 17:45:09.391,1.74726,1.74746,1.00,1.37
2017.05.19 17:45:09.544,1.74724,1.74746,1.00,3.75
2017.05.19 17:45:10.051,1.74725,1.74747,1.00,4.50
2017.05.19 17:45:10.303,1.74725,1.74747,1.00,1.00
2017.05.19 17:45:10.809,1.74724,1.74746,1.00,1.12
2017.05.19 17:45:13.300,1.74722,1.74746,1.00,1.00
2017.05.19 17:45:13.798,1.74724,1.74746,1.00,1.00
2017.05.19 17:45:14.307,1.74725,1.74746,1.00,1.00
2017.05.19 17:45:15.002,1.74724,1.74746,1.00,1.12
2017.05.19 17:45:15.896,1.74721,1.74746,1.00,1.00
2017.05.19 17:45:16.094,1.74723,1.74746,1.00,1.12
2017.05.19 17:45:18.714,1.7472,1.74746,1.00,1.12
2017.05.19 17:45:18.879,1.74722,1.74746,1.00,1.87
2017.05.19 17:45:19.398,1.74722,1.74746,1.00,1.12
2017.05.19 17:45:19.701,1.74722,1.74743,1.00,1.50
2017.05.19 17:45:20.102,1.74725,1.74746,1.00,1.75
2017.05.19 17:45:20.356,1.74728,1.74748,1.00,1.12
2017.05.19 17:45:21.618,1.74727,1.74749,1.00,1.37
2017.05.19 17:45:22.150,1.74728,1.74752,1.00,1.71
2017.05.19 17:45:22.201,1.74727,1.74745,1.00,2.25
2017.05.19 17:45:22.296,1.74722,1.74744,1.00,1.00
2017.05.19 17:45:22.500,1.74722,1.74741,1.00,1.00
2017.05.19 17:45:22.601,1.74717,1.74746,1.00,1.50
2017.05.19 17:45:22.754,1.74718,1.74746,1.09,1.00
2017.05.19 17:45:22.906,1.74724,1.74747,1.00,1.00
2017.05.19 17:45:23.058,1.74724,1.74749,1.00,1.12
2017.05.19 17:45:23.109,1.74721,1.74749,1.00,1.87
2017.05.19 17:45:23.312,1.74724,1.74749,1.00,1.12
2017.05.19 17:45:24.292,1.74725,1.74749,1.00,1.87
2017.05.19 17:45:26.373,1.74725,1.74751,1.00,1.00
2017.05.19 17:45:26.725,1.74725,1.74753,1.00,1.00
2017.05.19 17:45:27.268,1.74725,1.74752,1.00,1.00
2017.05.19 17:45:28.148,1.74725,1.74753,1.00,1.00
2017.05.19 17:45:28.376,1.74727,1.74753,1.00,1.00
2017.05.19 17:45:28.953,1.74727,1.74754,1.00,2.25
2017.05.19 17:45:29.283,1.74727,1.74752,1.00,1.00
2017.05.19 17:45:29.981,1.74725,1.74752,1.00,1.00
2017.05.19 17:45:30.732,1.74725,1.74751,1.00,1.00
2017.05.19 17:45:32.768,1.74725,1.74752,1.00,1.12
2017.05.19 17:45:33.226,1.74719,1.7475,1.00,1.00
2017.05.19 17:45:33.328,1.74727,1.74751,1.00,1.00
2017.05.19 17:45:33.876,1.74727,1.7475,1.00,1.00
2017.05.19 17:45:34.381,1.74727,1.74751,1.00,1.00
2017.05.19 17:45:34.779,1.74725,1.74751,1.00,1.87
2017.05.19 17:45:35.084,1.74733,1.74751,1.00,1.00
2017.05.19 17:45:35.914,1.74733,1.74754,1.00,1.50
2017.05.19 17:45:36.427,1.74733,1.74753,1.00,1.00
2017.05.19 17:45:36.933,1.74733,1.74754,1.00,1.00
2017.05.19 17:45:37.418,1.74733,1.74752,1.00,1.00
2017.05.19 17:45:37.469,1.74733,1.74756,1.00,1.00
2017.05.19 17:45:37.594,1.7474,1.74755,1.00,1.00
2017.05.19 17:45:37.645,1.7474,1.74763,1.00,1.87
2017.05.19 17:45:37.696,1.7474,1.74763,1.00,1.50
2017.05.19 17:45:38.205,1.74739,1.74763,1.09,1.00
2017.05.19 17:45:38.619,1.7474,1.74768,1.00,1.37
2017.05.19 17:45:38.670,1.7474,1.74769,1.00,3.75
2017.05.19 17:45:38.823,1.74743,1.74768,1.00,1.00
2017.05.19 17:45:39.326,1.74743,1.74769,1.00,2.25
2017.05.19 17:45:40.246,1.74743,1.74771,1.00,1.00
2017.05.19 17:45:40.757,1.74743,1.74772,1.00,2.25
2017.05.19 17:45:41.532,1.74743,1.74771,1.00,1.00
2017.05.19 17:45:41.634,1.74743,1.74774,1.09,2.62
2017.05.19 17:45:41.685,1.74745,1.74774,1.00,1.00
2017.05.19 17:45:41.787,1.74747,1.74777,1.00,1.00
2017.05.19 17:45:41.838,1.74751,1.74777,1.00,1.00
2017.05.19 17:45:43.807,1.74751,1.74775,1.00,1.00
2017.05.19 17:45:43.909,1.74748,1.74774,1.00,1.00
2017.05.19 17:45:44.423,1.74748,1.74777,1.00,1.87
2017.05.19 17:45:44.810,1.7475,1.74776,1.00,1.00
2017.05.19 17:45:45.014,1.74748,1.74775,1.00,1.00
2017.05.19 17:45:45.116,1.74748,1.74777,1.00,1.50
2017.05.19 17:45:45.917,1.74748,1.74776,1.00,1.00
2017.05.19 17:45:46.433,1.74747,1.74776,1.00,2.96
2017.05.19 17:45:46.947,1.74747,1.74775,1.00,1.00
2017.05.19 17:45:47.311,1.74747,1.74773,1.00,1.00
2017.05.19 17:45:47.564,1.74747,1.74775,1.00,1.00
2017.05.19 17:45:47.869,1.74747,1.74773,1.00,1.00
2017.05.19 17:45:48.098,1.74747,1.74775,1.00,1.00
2017.05.19 17:45:48.217,1.74744,1.74769,1.37,1.00
2017.05.19 17:45:48.421,1.74742,1.7477,1.00,1.50
2017.05.19 17:45:48.938,1.74741,1.7477,1.00,2.25
2017.05.19 17:45:49.468,1.74741,1.74769,1.00,1.00
2017.05.19 17:45:50.062,1.74741,1.74767,1.00,1.00
2017.05.19 17:45:50.214,1.74741,1.74769,1.00,1.50
2017.05.19 17:45:51.660,1.74741,1.74768,1.00,1.00
2017.05.19 17:45:52.161,1.74741,1.74769,1.00,2.25
2017.05.19 17:45:52.856,1.74741,1.7477,1.00,1.50
2017.05.19 17:45:53.029,1.74741,1.74768,1.00,1.00
2017.05.19 17:45:53.612,1.74741,1.74769,1.00,1.50
2017.05.19 17:45:53.815,1.74736,1.74765,1.12,1.12
2017.05.19 17:45:53.917,1.74733,1.74763,1.00,1.00
2017.05.19 17:45:55.361,1.74733,1.74764,1.00,1.50
2017.05.19 17:45:55.945,1.74733,1.74763,1.00,1.00
2017.05.19 17:45:56.506,1.74733,1.74762,1.00,1.00
2017.05.19 17:45:56.608,1.74733,1.7476,1.00,1.37
2017.05.19 17:45:56.659,1.7473,1.7476,1.00,1.37
2017.05.19 17:45:57.170,1.74729,1.74758,1.00,1.12
2017.05.19 17:45:57.688,1.74729,1.74758,1.50,1.87
2017.05.19 17:45:58.485,1.74729,1.74757,1.00,1.87
2017.05.19 17:45:59.027,1.74729,1.74757,1.00,1.12
2017.05.19 17:45:59.534,1.74729,1.74756,1.50,1.00
2017.05.19 17:46:00.036,1.74729,1.74757,1.00,1.87
2017.05.19 17:46:01.387,1.74729,1.74758,1.50,2.25
2017.05.19 17:46:01.640,1.74731,1.74758,1.00,1.50
2017.05.19 17:46:02.120,1.74733,1.74758,1.00,1.50
2017.05.19 17:46:02.222,1.7473,1.74758,1.00,1.00
2017.05.19 17:46:02.956,1.74732,1.74758,1.00,1.50
2017.05.19 17:46:03.488,1.74732,1.74757,1.00,1.50
2017.05.19 17:46:04.180,1.74732,1.74758,1.00,1.50
2017.05.19 17:46:04.687,1.74732,1.74757,1.00,1.00
2017.05.19 17:46:07.990,1.74732,1.74758,1.00,1.50
2017.05.19 17:46:08.599,1.74732,1.74757,1.00,1.50
2017.05.19 17:46:10.256,1.74732,1.74758,1.00,1.00
2017.05.19 17:46:10.879,1.74732,1.74757,1.00,1.00
2017.05.19 17:46:11.874,1.74732,1.74758,1.00,1.50
2017.05.19 17:46:12.476,1.74732,1.74757,1.00,1.00
2017.05.19 17:46:12.527,1.74732,1.74761,1.09,1.87
2017.05.19 17:46:12.679,1.74735,1.74763,1.00,1.00
2017.05.19 17:46:12.984,1.74735,1.74761,1.00,1.00
2017.05.19 17:46:13.170,1.74733,1.74761,1.00,1.50
2017.05.19 17:46:13.375,1.74733,1.74759,1.00,1.00
2017.05.19 17:46:13.918,1.74732,1.74759,1.50,1.50
2017.05.19 17:46:14.842,1.74731,1.74759,1.50,1.00
2017.05.19 17:46:16.369,1.74732,1.74759,1.00,1.50
2017.05.19 17:46:17.064,1.74732,1.74759,1.00,1.87
2017.05.19 17:46:17.958,1.74732,1.74758,1.00,1.87
2017.05.19 17:46:18.485,1.74731,1.74758,1.00,1.87
2017.05.19 17:46:21.005,1.74731,1.74758,1.00,1.87
2017.05.19 17:46:21.540,1.74731,1.74758,1.50,1.84
2017.05.19 17:46:25.874,1.7473,1.74758,1.50,1.84
2017.05.19 17:46:26.576,1.74731,1.74758,1.00,1.84
2017.05.19 17:46:27.176,1.7473,1.74757,1.50,1.00
2017.05.19 17:46:28.365,1.74731,1.74757,1.00,1.87
2017.05.19 17:46:28.886,1.7473,1.74757,1.50,1.87
2017.05.19 17:46:29.465,1.74731,1.74758,1.00,1.46
2017.05.19 17:46:29.969,1.7473,1.74758,2.25,1.46
2017.05.19 17:46:30.477,1.7473,1.74758,1.50,2.21
2017.05.19 17:46:31.362,1.7473,1.74758,1.00,2.21
2017.05.19 17:46:31.778,1.7473,1.74758,1.00,1.46
2017.05.19 17:46:32.446,1.7473,1.74757,1.00,1.37
2017.05.19 17:46:32.832,1.74728,1.74757,1.50,2.21
2017.05.19 17:46:32.985,1.74729,1.74757,1.00,1.84
2017.05.19 17:46:33.226,1.74728,1.74757,1.50,1.71
2017.05.19 17:46:33.918,1.74729,1.74757,1.00,2.21
2017.05.19 17:46:34.427,1.74728,1.74755,1.50,1.37
2017.05.19 17:46:34.752,1.74729,1.74755,1.00,1.37
2017.05.19 17:46:35.427,1.74728,1.74755,1.50,1.37
2017.05.19 17:46:36.027,1.74728,1.74755,1.50,1.71
2017.05.19 17:46:36.498,1.74728,1.7475,1.50,1.00
2017.05.19 17:46:37.005,1.74729,1.7475,1.00,1.09
2017.05.19 17:46:37.353,1.74724,1.7475,1.00,1.46
2017.05.19 17:46:37.404,1.74721,1.7475,1.50,1.46
2017.05.19 17:46:37.939,1.7472,1.74749,1.87,1.34
2017.05.19 17:46:39.347,1.74721,1.7475,1.00,1.34
2017.05.19 17:46:39.850,1.7472,1.7475,1.12,1.34
2017.05.19 17:46:40.427,1.7472,1.7475,1.12,1.34
2017.05.19 17:46:40.959,1.7472,1.7475,1.12,1.34
2017.05.19 17:46:41.248,1.7472,1.74742,1.12,1.84
2017.05.19 17:46:41.299,1.74719,1.74746,2.25,1.84
2017.05.19 17:46:41.401,1.74718,1.74743,1.00,1.71
2017.05.19 17:46:41.502,1.74714,1.74743,1.00,1.46
2017.05.19 17:46:41.604,1.74716,1.74746,1.00,1.37
2017.05.19 17:46:41.706,1.74714,1.74743,1.00,1.12
2017.05.19 17:46:42.249,1.74713,1.74742,1.00,1.09
2017.05.19 17:46:43.088,1.74712,1.74742,1.50,1.87
2017.05.19 17:46:43.668,1.74714,1.74742,1.00,1.87
2017.05.19 17:46:45.515,1.74713,1.74741,1.00,1.50
2017.05.19 17:46:46.054,1.74712,1.74741,1.00,1.09
2017.05.19 17:46:46.997,1.74712,1.74742,1.50,1.00
2017.05.19 17:46:48.119,1.74713,1.74742,1.00,1.00
2017.05.19 17:46:48.900,1.74713,1.74743,1.00,1.00
2017.05.19 17:46:49.229,1.74713,1.74743,1.00,3.00
2017.05.19 17:46:49.760,1.74713,1.74743,1.00,1.71
2017.05.19 17:46:50.287,1.74712,1.74743,1.00,4.09
2017.05.19 17:46:50.631,1.74714,1.74743,1.00,3.75
2017.05.19 17:46:54.491,1.74714,1.74743,1.00,1.12
2017.05.19 17:46:54.643,1.74714,1.74743,1.00,2.25
2017.05.19 17:46:54.896,1.74712,1.74743,1.00,3.34
2017.05.19 17:46:56.330,1.74714,1.74742,1.00,1.46
2017.05.19 17:46:56.601,1.74714,1.74743,1.00,1.00
2017.05.19 17:46:56.804,1.74712,1.74743,1.00,2.59
2017.05.19 17:46:56.905,1.74712,1.7474,1.00,1.09
2017.05.19 17:46:57.457,1.7471,1.7474,1.00,2.21
2017.05.19 17:46:57.996,1.74709,1.74738,1.00,1.00
2017.05.19 17:46:59.626,1.74711,1.7474,1.00,2.96
2017.05.19 17:47:00.203,1.74711,1.74738,1.00,1.09
2017.05.19 17:47:00.506,1.74711,1.74737,1.00,1.34
2017.05.19 17:47:00.558,1.74711,1.74737,1.00,4.09
2017.05.19 17:47:00.609,1.74707,1.74737,1.00,1.71
2017.05.19 17:47:00.811,1.74705,1.74735,1.00,1.12
2017.05.19 17:47:01.388,1.74705,1.74732,1.00,1.12
2017.05.19 17:47:01.692,1.747,1.74726,1.00,1.09
2017.05.19 17:47:01.743,1.74698,1.74726,1.00,1.84
2017.05.19 17:47:01.896,1.74696,1.74726,1.00,1.84
2017.05.19 17:47:02.438,1.74695,1.74726,1.00,2.59
2017.05.19 17:47:02.946,1.74695,1.74726,1.00,1.84
2017.05.19 17:47:03.635,1.74695,1.74726,1.00,1.84
2017.05.19 17:47:03.686,1.74695,1.74724,1.00,1.34
2017.05.19 17:47:03.738,1.74695,1.74724,1.00,1.00
2017.05.19 17:47:03.942,1.74698,1.74724,1.00,1.00
2017.05.19 17:47:03.993,1.74698,1.74726,1.00,1.00
2017.05.19 17:47:04.044,1.747,1.74726,1.00,1.00
2017.05.19 17:47:04.298,1.74697,1.74727,1.00,1.50
2017.05.19 17:47:04.774,1.74697,1.74727,1.00,1.84
2017.05.19 17:47:05.229,1.74697,1.74727,1.00,3.34
2017.05.19 17:47:05.280,1.74697,1.74724,1.00,1.00
2017.05.19 17:47:05.331,1.74697,1.74724,1.00,1.84
2017.05.19 17:47:05.499,1.74695,1.74724,1.00,2.59
2017.05.19 17:47:05.651,1.74695,1.74724,1.00,2.59
2017.05.19 17:47:06.043,1.74695,1.74724,1.00,2.59
2017.05.19 17:47:06.303,1.74695,1.74723,1.00,1.84
2017.05.19 17:47:06.848,1.74695,1.74723,1.00,1.34
2017.05.19 17:47:07.047,1.74692,1.74723,1.00,1.84
2017.05.19 17:47:07.249,1.74692,1.74719,1.00,1.00
2017.05.19 17:47:09.545,1.74689,1.74719,1.00,1.09
2017.05.19 17:47:09.774,1.74689,1.74719,1.00,1.34
2017.05.19 17:47:10.080,1.74688,1.74715,1.00,1.34
2017.05.19 17:47:11.112,1.74688,1.74715,1.00,1.00
2017.05.19 17:47:11.416,1.74688,1.74715,1.00,1.34
2017.05.19 17:47:11.518,1.74685,1.74714,1.00,1.09
2017.05.19 17:47:11.619,1.74685,1.74714,1.00,1.34
2017.05.19 17:47:12.025,1.74683,1.74714,1.00,1.84
2017.05.19 17:47:12.128,1.74683,1.74713,1.00,1.84
2017.05.19 17:47:12.280,1.74682,1.74711,1.00,1.34
2017.05.19 17:47:12.779,1.74682,1.74711,1.00,1.09
2017.05.19 17:47:12.830,1.74682,1.74711,1.00,1.34
2017.05.19 17:47:13.368,1.74682,1.74711,1.00,1.34
2017.05.19 17:47:14.224,1.74682,1.74711,1.00,1.34
2017.05.19 17:47:14.888,1.74681,1.74712,1.00,2.96
2017.05.19 17:47:15.250,1.74681,1.74712,1.00,3.71
2017.05.19 17:47:17.190,1.74681,1.74712,1.00,2.21
2017.05.19 17:47:17.909,1.74681,1.74712,1.00,2.21
2017.05.19 17:47:18.617,1.74681,1.74712,1.00,2.96
2017.05.19 17:47:19.106,1.74681,1.74712,1.00,2.96
2017.05.19 17:47:19.767,1.74681,1.74712,1.00,2.96
2017.05.19 17:47:20.275,1.74682,1.74712,1.00,2.96
2017.05.19 17:47:21.130,1.74682,1.74712,1.00,2.21
2017.05.19 17:47:21.232,1.74682,1.74712,1.00,2.59
2017.05.19 17:47:23.153,1.74685,1.74711,1.00,1.34
2017.05.19 17:47:23.204,1.74685,1.74711,1.00,1.34
2017.05.19 17:47:23.255,1.74683,1.74711,1.00,1.34
2017.05.19 17:47:23.500,1.74683,1.74711,1.00,1.34
2017.05.19 17:47:23.551,1.74685,1.74712,1.00,1.12
2017.05.19 17:47:23.855,1.74685,1.74711,1.00,1.84
2017.05.19 17:47:24.058,1.74681,1.74707,1.00,1.84
2017.05.19 17:47:24.260,1.74677,1.74707,1.00,2.96
2017.05.19 17:47:24.362,1.74681,1.74706,1.00,1.12
2017.05.19 17:47:24.565,1.74681,1.74708,1.00,1.09
2017.05.19 17:47:25.112,1.74682,1.74708,1.50,1.00
2017.05.19 17:47:25.700,1.74682,1.74708,1.00,1.34
2017.05.19 17:47:25.751,1.74684,1.74708,1.00,1.34
2017.05.19 17:47:25.854,1.74682,1.74708,1.00,1.00
2017.05.19 17:47:27.116,1.74682,1.74708,1.00,1.84
2017.05.19 17:47:28.243,1.74682,1.74708,1.00,1.84
2017.05.19 17:47:28.293,1.74682,1.74708,1.00,1.84
2017.05.19 17:47:28.841,1.74682,1.74708,1.00,1.84
2017.05.19 17:47:29.724,1.74682,1.74708,1.00,1.84
2017.05.19 17:47:29.977,1.74682,1.74708,1.00,1.84
2017.05.19 17:47:30.255,1.74682,1.74707,1.00,1.34
2017.05.19 17:47:30.357,1.7468,1.74707,1.00,1.34
2017.05.19 17:47:30.610,1.7468,1.74707,1.00,1.09
2017.05.19 17:47:30.661,1.7468,1.74707,1.00,1.34
2017.05.19 17:47:31.053,1.74679,1.74706,1.00,1.34
2017.05.19 17:47:31.155,1.74675,1.74704,1.00,1.34
2017.05.19 17:47:31.358,1.74674,1.74703,1.00,1.84
2017.05.19 17:47:31.409,1.74674,1.74703,1.00,1.84
2017.05.19 17:47:31.460,1.74671,1.74702,1.00,1.34
2017.05.19 17:47:31.511,1.74671,1.74702,1.00,1.34
2017.05.19 17:47:31.713,1.74671,1.74702,1.00,1.00
2017.05.19 17:47:31.764,1.74673,1.74702,1.00,1.00
2017.05.19 17:47:32.069,1.74678,1.74708,1.00,1.84
2017.05.19 17:47:32.794,1.74678,1.74708,1.00,1.84
2017.05.19 17:47:33.087,1.74678,1.74708,1.00,1.84
2017.05.19 17:47:33.189,1.74679,1.74708,1.00,1.00
2017.05.19 17:47:33.696,1.7468,1.74708,1.00,1.09
2017.05.19 17:47:35.616,1.7468,1.74708,1.00,1.34
2017.05.19 17:47:35.719,1.7468,1.74708,1.00,1.00
2017.05.19 17:47:36.737,1.74682,1.74708,1.00,1.00
2017.05.19 17:47:36.838,1.7468,1.74708,1.00,1.00
2017.05.19 17:47:38.847,1.7468,1.74703,1.00,1.00
2017.05.19 17:47:38.949,1.74675,1.74703,1.00,2.21
2017.05.19 17:47:39.050,1.74673,1.74701,1.00,1.00
2017.05.19 17:47:39.199,1.74673,1.74699,1.00,1.00
2017.05.19 17:47:39.453,1.74671,1.74699,1.00,1.00
2017.05.19 17:47:40.169,1.74672,1.74699,1.00,1.00
2017.05.19 17:47:40.322,1.74676,1.74701,1.00,1.00
2017.05.19 17:47:40.372,1.74676,1.74703,1.50,1.12
2017.05.19 17:47:40.790,1.74678,1.74703,1.00,1.00
2017.05.19 17:47:40.942,1.74678,1.74707,1.00,3.75
2017.05.19 17:47:41.690,1.74679,1.74707,1.00,2.25
2017.05.19 17:47:41.792,1.74679,1.74707,1.00,4.46
2017.05.19 17:47:42.046,1.74676,1.74703,1.00,1.00
2017.05.19 17:47:43.753,1.74676,1.74707,1.00,1.71
2017.05.19 17:47:43.804,1.74676,1.74707,1.00,1.46
2017.05.19 17:47:43.855,1.74678,1.74707,1.00,1.09
2017.05.19 17:47:44.231,1.74679,1.74708,1.00,2.96
2017.05.19 17:47:45.387,1.74679,1.74703,1.00,1.84
2017.05.19 17:47:45.591,1.74667,1.74696,1.00,1.34
2017.05.19 17:47:46.127,1.74667,1.74696,1.00,1.34
2017.05.19 17:47:46.449,1.74666,1.74697,1.00,3.34
2017.05.19 17:47:46.999,1.74666,1.74697,1.00,1.84
2017.05.19 17:47:47.332,1.7467,1.74694,1.34,1.00
2017.05.19 17:47:47.383,1.74672,1.74702,1.84,1.75
2017.05.19 17:47:47.485,1.74679,1.74707,1.00,1.34
2017.05.19 17:47:47.536,1.74679,1.74708,1.00,1.34
2017.05.19 17:47:47.689,1.74679,1.74705,1.00,1.84
2017.05.19 17:47:47.791,1.74678,1.74705,1.00,1.87
2017.05.19 17:47:47.892,1.74681,1.74705,1.00,1.37
2017.05.19 17:47:48.216,1.74685,1.74709,1.00,1.09
2017.05.19 17:47:48.523,1.74685,1.74705,1.00,1.84
2017.05.19 17:47:48.577,1.74677,1.74706,1.50,1.84
2017.05.19 17:47:48.679,1.74677,1.74703,1.00,1.00
2017.05.19 17:47:48.730,1.74672,1.74703,1.50,1.34
2017.05.19 17:47:48.782,1.74674,1.74704,1.00,1.34
2017.05.19 17:47:49.086,1.7468,1.74706,1.00,1.00
2017.05.19 17:47:49.239,1.7468,1.74708,1.00,1.87
2017.05.19 17:47:49.442,1.7468,1.74711,1.34,4.50
2017.05.19 17:47:49.595,1.74686,1.74715,1.00,1.00
2017.05.19 17:47:49.850,1.74687,1.74717,1.00,1.09
2017.05.19 17:47:49.901,1.74687,1.74716,1.00,1.84
2017.05.19 17:47:50.002,1.7468,1.74711,1.00,2.59
2017.05.19 17:47:50.105,1.7468,1.74709,1.00,1.00
2017.05.19 17:47:50.505,1.74682,1.74709,1.00,1.00
2017.05.19 17:47:51.019,1.74681,1.74709,1.00,1.50
2017.05.19 17:47:51.548,1.74681,1.74709,1.00,1.34
2017.05.19 17:47:51.888,1.74679,1.74708,1.00,1.09
2017.05.19 17:47:51.939,1.74679,1.74708,1.00,1.34
2017.05.19 17:47:52.222,1.74679,1.74708,1.00,1.00
2017.05.19 17:47:52.839,1.74679,1.74708,1.00,1.34
2017.05.19 17:47:53.042,1.74679,1.74709,1.00,1.09
2017.05.19 17:47:53.420,1.74679,1.74706,1.00,1.00
2017.05.19 17:47:53.929,1.7468,1.74705,1.00,1.12
2017.05.19 17:47:55.713,1.7468,1.74704,1.00,1.00
2017.05.19 17:47:56.220,1.74679,1.74705,1.00,1.46
2017.05.19 17:47:57.248,1.74679,1.74705,1.00,1.46
2017.05.19 17:47:57.565,1.74681,1.74705,1.00,1.46
2017.05.19 17:47:58.492,1.7468,1.74705,1.00,1.46
2017.05.19 17:48:00.117,1.7468,1.74705,1.00,1.46
2017.05.19 17:48:00.412,1.74677,1.74704,1.00,1.46
2017.05.19 17:48:00.717,1.74676,1.74704,1.00,1.46
2017.05.19 17:48:01.231,1.74677,1.74701,1.00,1.09
2017.05.19 17:48:02.450,1.74677,1.74701,1.00,1.34
2017.05.19 17:48:02.799,1.74677,1.74701,1.00,1.34
2017.05.19 17:48:03.418,1.74677,1.74701,1.00,1.34
2017.05.19 17:48:03.469,1.74677,1.74701,1.00,1.34
2017.05.19 17:48:03.520,1.74677,1.74701,1.00,1.34
2017.05.19 17:48:03.816,1.74677,1.74701,1.00,1.34
2017.05.19 17:48:03.952,1.74677,1.74701,1.00,1.34
2017.05.19 17:48:04.238,1.74677,1.74701,1.00,1.34
2017.05.19 17:48:04.289,1.74677,1.74701,1.00,1.34
2017.05.19 17:48:04.340,1.74675,1.74701,1.00,1.34
2017.05.19 17:48:04.492,1.74673,1.74701,1.00,1.34
2017.05.19 17:48:04.695,1.74675,1.74701,1.00,1.09
2017.05.19 17:48:05.208,1.74675,1.74701,1.00,1.34
2017.05.19 17:48:05.530,1.74673,1.74701,1.00,1.34
2017.05.19 17:48:05.632,1.74675,1.74701,1.00,1.34
2017.05.19 17:48:06.193,1.74675,1.74701,1.00,1.34
2017.05.19 17:48:06.994,1.74675,1.74701,1.00,1.34
2017.05.19 17:48:07.350,1.74677,1.74701,1.00,1.34
2017.05.19 17:48:07.498,1.74677,1.74701,1.00,1.09
2017.05.19 17:48:07.549,1.74677,1.747,1.00,1.34
2017.05.19 17:48:07.728,1.74672,1.74697,1.50,1.34
2017.05.19 17:48:07.931,1.7467,1.74696,1.00,1.34
2017.05.19 17:48:08.438,1.7467,1.74697,1.00,3.34
2017.05.19 17:48:08.539,1.7467,1.74697,1.00,1.84
2017.05.19 17:48:09.047,1.7467,1.74696,1.00,1.34
2017.05.19 17:48:09.980,1.7467,1.74696,1.00,1.34
2017.05.19 17:48:10.965,1.7467,1.74696,1.00,1.34
2017.05.19 17:48:11.452,1.7467,1.74696,1.00,1.00
2017.05.19 17:48:11.553,1.74673,1.74698,1.00,2.59
2017.05.19 17:48:12.330,1.74671,1.74698,1.50,1.00
2017.05.19 17:48:12.640,1.74674,1.74702,1.50,1.87
2017.05.19 17:48:12.695,1.74674,1.747,1.00,1.00
2017.05.19 17:48:12.898,1.74673,1.74702,1.00,1.12
2017.05.19 17:48:14.744,1.74676,1.74702,1.00,1.12
2017.05.19 17:48:15.049,1.74676,1.747,1.00,1.00
2017.05.19 17:48:15.201,1.74676,1.74702,1.00,1.87
2017.05.19 17:48:15.303,1.74677,1.74705,1.00,1.09
2017.05.19 17:48:15.456,1.74677,1.74703,1.00,1.09
2017.05.19 17:48:15.760,1.74676,1.747,1.00,1.00
2017.05.19 17:48:16.121,1.74673,1.747,1.00,1.00
2017.05.19 17:48:16.516,1.74673,1.74697,1.00,1.00
2017.05.19 17:48:17.032,1.74672,1.74697,1.00,1.84
2017.05.19 17:48:17.590,1.74671,1.74697,1.00,1.84
2017.05.19 17:48:18.769,1.74672,1.74696,1.00,1.09
2017.05.19 17:48:18.820,1.74667,1.74697,1.37,1.84
2017.05.19 17:48:18.871,1.74667,1.74696,1.00,2.59
2017.05.19 17:48:19.178,1.74665,1.74696,1.00,1.84
2017.05.19 17:48:20.135,1.74665,1.74696,1.00,3.34
2017.05.19 17:48:20.898,1.74665,1.74696,1.00,2.59
2017.05.19 17:48:21.238,1.7467,1.74696,1.00,1.34
2017.05.19 17:48:21.787,1.7467,1.74696,1.00,1.34
2017.05.19 17:48:22.327,1.7467,1.74696,1.00,1.84
2017.05.19 17:48:22.849,1.7467,1.74696,1.00,2.59
2017.05.19 17:48:22.950,1.74667,1.74695,1.00,1.84
2017.05.19 17:48:23.001,1.74667,1.74691,1.00,1.34
2017.05.19 17:48:23.052,1.74667,1.7469,1.00,1.34
2017.05.19 17:48:23.270,1.74664,1.7469,1.00,1.34
2017.05.19 17:48:23.796,1.74665,1.7469,1.00,1.84
2017.05.19 17:48:24.297,1.74665,1.74689,1.00,1.34
2017.05.19 17:48:24.819,1.74665,1.74689,1.00,1.34
2017.05.19 17:48:25.150,1.74665,1.74689,1.00,1.34
2017.05.19 17:48:25.989,1.74665,1.74689,1.00,2.59
2017.05.19 17:48:26.091,1.74663,1.74688,1.00,1.84
2017.05.19 17:48:26.614,1.74663,1.74689,1.00,1.34
2017.05.19 17:48:26.665,1.7466,1.74689,1.00,1.34
2017.05.19 17:48:27.030,1.7466,1.74689,1.50,1.50
2017.05.19 17:48:27.290,1.74664,1.74689,1.00,1.00
2017.05.19 17:48:27.391,1.74662,1.74689,1.00,1.00
2017.05.19 17:48:27.647,1.74663,1.74689,1.00,1.84
2017.05.19 17:48:27.749,1.74661,1.74689,1.50,1.84
2017.05.19 17:48:28.053,1.74661,1.74689,1.00,1.34
2017.05.19 17:48:28.155,1.74661,1.74689,1.00,1.34
2017.05.19 17:48:28.256,1.74659,1.74689,1.00,1.34
2017.05.19 17:48:28.408,1.74659,1.74689,1.00,1.84
2017.05.19 17:48:28.859,1.74662,1.7469,1.00,1.34
2017.05.19 17:48:29.492,1.74662,1.74689,1.00,1.34
2017.05.19 17:48:29.977,1.7466,1.74689,1.00,1.34
2017.05.19 17:48:30.660,1.74661,1.74689,1.00,1.34
2017.05.19 17:48:31.216,1.7466,1.74689,1.00,1.84
2017.05.19 17:48:31.441,1.7466,1.74689,1.00,1.00
2017.05.19 17:48:32.061,1.74662,1.74691,1.00,2.21
2017.05.19 17:48:32.958,1.74662,1.74691,1.00,1.46
2017.05.19 17:48:33.618,1.74662,1.7469,1.00,1.09
2017.05.19 17:48:33.918,1.7466,1.74689,1.50,1.00
2017.05.19 17:48:34.436,1.7466,1.74689,1.50,1.34
2017.05.19 17:48:35.468,1.7466,1.74689,1.00,1.09
2017.05.19 17:48:36.627,1.7466,1.74689,1.00,1.34
2017.05.19 17:48:37.143,1.7466,1.74689,1.50,1.34
2017.05.19 17:48:37.245,1.74662,1.74689,1.00,1.09
2017.05.19 17:48:37.747,1.74661,1.74691,2.25,1.46
2017.05.19 17:48:38.107,1.74661,1.74691,1.00,1.46
2017.05.19 17:48:38.613,1.7466,1.74691,1.00,1.46
2017.05.19 17:48:38.664,1.74662,1.74691,1.50,1.87
2017.05.19 17:48:38.869,1.74662,1.74691,1.00,1.46
2017.05.19 17:48:38.920,1.74662,1.74691,1.00,1.46
2017.05.19 17:48:39.428,1.74661,1.7469,1.50,1.09
2017.05.19 17:48:39.931,1.74661,1.7469,1.00,1.34
2017.05.19 17:48:40.537,1.74662,1.7469,1.00,1.00
2017.05.19 17:48:41.559,1.74661,1.7469,1.00,1.34
2017.05.19 17:48:42.065,1.74662,1.7469,1.00,1.00
2017.05.19 17:48:42.940,1.74661,1.7469,1.00,1.34
2017.05.19 17:48:43.482,1.74661,1.7469,1.00,1.09
2017.05.19 17:48:45.053,1.74663,1.74691,1.00,1.09
2017.05.19 17:48:46.484,1.7466,1.74691,1.00,1.50
2017.05.19 17:48:47.053,1.7466,1.7469,1.00,1.00
2017.05.19 17:48:48.297,1.7466,1.74691,1.00,1.50
2017.05.19 17:48:48.455,1.74663,1.74692,1.00,1.09
2017.05.19 17:48:49.180,1.74661,1.74691,1.00,1.00
2017.05.19 17:48:51.813,1.74666,1.74691,1.00,1.00
2017.05.19 17:48:51.864,1.74662,1.74692,1.00,1.00
2017.05.19 17:48:51.965,1.74664,1.74693,1.00,1.00
2017.05.19 17:48:52.786,1.74664,1.74694,1.00,2.59
2017.05.19 17:48:53.103,1.74664,1.7469,1.00,1.00
2017.05.19 17:48:53.356,1.74662,1.7469,1.00,1.50
2017.05.19 17:48:53.862,1.74663,1.7469,1.00,1.00
2017.05.19 17:48:54.065,1.74661,1.74689,1.00,1.00
2017.05.19 17:48:54.571,1.74661,1.74688,1.00,1.12
2017.05.19 17:48:57.564,1.7466,1.74689,1.00,2.59
2017.05.19 17:48:58.116,1.74661,1.74689,1.00,2.25
2017.05.19 17:48:58.756,1.74662,1.74689,1.00,2.25
2017.05.19 17:48:59.584,1.74663,1.74689,1.00,2.25
2017.05.19 17:49:01.675,1.74661,1.74689,1.00,2.25
2017.05.19 17:49:02.318,1.74661,1.74685,1.00,1.00
2017.05.19 17:49:02.622,1.74658,1.74683,1.00,2.21
2017.05.19 17:49:03.641,1.74658,1.74683,1.00,1.84
2017.05.19 17:49:04.190,1.74658,1.74682,1.00,1.34
2017.05.19 17:49:05.015,1.74658,1.74682,1.00,1.00
2017.05.19 17:49:06.004,1.74658,1.74683,1.00,2.25
2017.05.19 17:49:06.055,1.74658,1.74683,1.00,1.34
2017.05.19 17:49:06.410,1.74657,1.74682,1.00,1.34
2017.05.19 17:49:06.512,1.74657,1.74682,1.00,1.84
2017.05.19 17:49:06.563,1.74654,1.74682,1.00,1.34
2017.05.19 17:49:07.066,1.74654,1.74682,1.00,1.09
2017.05.19 17:49:08.553,1.74654,1.74682,1.00,1.34
2017.05.19 17:49:09.801,1.74654,1.74681,1.00,1.34
2017.05.19 17:49:10.345,1.74653,1.74679,1.00,1.34
2017.05.19 17:49:11.160,1.74653,1.74679,1.00,1.09
2017.05.19 17:49:12.240,1.74653,1.74679,1.00,1.34
2017.05.19 17:49:12.881,1.74653,1.74679,1.00,1.09
2017.05.19 17:49:14.012,1.74653,1.74679,1.00,1.34
2017.05.19 17:49:14.165,1.74653,1.7468,1.00,1.09
2017.05.19 17:49:14.697,1.74653,1.74679,1.00,1.09
2017.05.19 17:49:15.212,1.74653,1.74679,1.00,1.34
2017.05.19 17:49:16.028,1.74653,1.74679,1.00,1.09
2017.05.19 17:49:17.358,1.74653,1.74679,1.00,1.34
2017.05.19 17:49:17.409,1.74655,1.74679,1.00,1.34
2017.05.19 17:49:18.070,1.74654,1.74679,1.00,1.34
2017.05.19 17:49:18.376,1.74647,1.74666,1.00,1.84
2017.05.19 17:49:18.427,1.74647,1.7467,1.00,2.59
2017.05.19 17:49:18.479,1.74645,1.7467,1.00,1.34
2017.05.19 17:49:18.580,1.74641,1.74669,1.00,1.00
2017.05.19 17:49:18.631,1.74641,1.74671,1.00,1.09
2017.05.19 17:49:18.682,1.74641,1.74668,1.00,1.00
2017.05.19 17:49:19.068,1.74641,1.74667,1.00,1.34
2017.05.19 17:49:19.271,1.74638,1.74666,1.00,3.34
2017.05.19 17:49:19.322,1.74638,1.74665,1.00,1.84
2017.05.19 17:49:19.968,1.74638,1.74666,1.00,3.71
2017.05.19 17:49:20.567,1.74638,1.74666,1.00,2.59
2017.05.19 17:49:20.617,1.74638,1.74666,1.00,2.59
2017.05.19 17:49:20.795,1.74638,1.74666,1.00,2.59
2017.05.19 17:49:20.846,1.74638,1.74666,1.00,4.84
2017.05.19 17:49:21.258,1.74638,1.74666,1.00,1.84
2017.05.19 17:49:22.205,1.74638,1.74666,1.00,1.34
2017.05.19 17:49:22.710,1.74638,1.74666,1.00,1.34
2017.05.19 17:49:23.286,1.74634,1.74665,1.00,1.34
2017.05.19 17:49:23.540,1.74634,1.74664,1.00,1.34
2017.05.19 17:49:23.858,1.74634,1.74664,1.00,1.34
2017.05.19 17:49:24.457,1.74634,1.74665,1.00,1.84
2017.05.19 17:49:24.999,1.74634,1.74665,1.00,1.84
2017.05.19 17:49:26.039,1.74634,1.74664,1.00,1.84
2017.05.19 17:49:26.545,1.74635,1.74664,1.00,4.46
2017.05.19 17:49:27.215,1.74635,1.74663,1.00,1.34
2017.05.19 17:49:27.546,1.74635,1.74663,1.00,2.59
2017.05.19 17:49:27.749,1.74635,1.74664,1.00,1.84
2017.05.19 17:49:28.428,1.74635,1.74664,1.00,4.09
2017.05.19 17:49:28.953,1.74635,1.74662,1.00,1.34
2017.05.19 17:49:29.422,1.74633,1.74664,1.00,3.34
2017.05.19 17:49:31.477,1.74633,1.74664,1.00,1.84
2017.05.19 17:49:31.680,1.74633,1.74663,1.00,1.84
2017.05.19 17:49:32.422,1.74633,1.74664,1.00,3.71
2017.05.19 17:49:32.753,1.74633,1.74657,1.00,1.84
2017.05.19 17:49:33.108,1.74633,1.74658,1.00,1.34
2017.05.19 17:49:33.413,1.74631,1.74658,1.00,1.34
2017.05.19 17:49:33.947,1.7463,1.74658,1.00,1.34
2017.05.19 17:49:34.200,1.7463,1.74657,1.00,1.84
2017.05.19 17:49:34.504,1.7463,1.74658,1.00,1.46
2017.05.19 17:49:34.606,1.74638,1.74661,1.00,1.46
2017.05.19 17:49:34.657,1.74638,1.74661,1.00,1.00
2017.05.19 17:49:34.911,1.7464,1.74665,1.00,2.59
2017.05.19 17:49:35.266,1.7464,1.74665,1.00,1.34
2017.05.19 17:49:35.317,1.7464,1.74665,1.00,2.59
2017.05.19 17:49:35.678,1.74639,1.74666,1.00,2.21
2017.05.19 17:49:35.729,1.74642,1.74665,1.00,1.00
2017.05.19 17:49:35.830,1.74643,1.74667,1.00,1.00
2017.05.19 17:49:35.882,1.74646,1.7467,1.00,2.25
2017.05.19 17:49:35.983,1.7465,1.74678,1.00,1.34
2017.05.19 17:49:36.103,1.74654,1.74678,1.00,1.34
2017.05.19 17:49:36.154,1.74654,1.74678,1.00,1.00
2017.05.19 17:49:36.205,1.74652,1.74678,1.00,1.00
2017.05.19 17:49:36.307,1.74652,1.74678,1.00,1.34
2017.05.19 17:49:36.409,1.7465,1.74678,1.00,1.37
2017.05.19 17:49:36.928,1.7465,1.74678,1.00,1.00
2017.05.19 17:49:37.456,1.74651,1.74678,1.00,1.00
2017.05.19 17:49:37.508,1.74654,1.74678,1.00,1.00
2017.05.19 17:49:37.835,1.7465,1.74679,1.00,1.46
2017.05.19 17:49:38.486,1.74649,1.74678,1.00,1.34
2017.05.19 17:49:38.993,1.74649,1.74678,1.00,1.09
2017.05.19 17:49:39.531,1.74649,1.74678,1.00,1.34
2017.05.19 17:49:43.098,1.7465,1.74679,1.00,1.46
2017.05.19 17:49:43.600,1.7465,1.74679,1.00,1.46
2017.05.19 17:49:45.025,1.7465,1.74679,1.00,1.12
2017.05.19 17:49:45.229,1.74652,1.7468,1.00,1.84
2017.05.19 17:49:45.432,1.74648,1.74679,1.00,1.12
2017.05.19 17:49:46.409,1.74653,1.7468,1.00,1.84
2017.05.19 17:49:46.510,1.7465,1.74679,1.00,1.46
2017.05.19 17:49:46.755,1.7465,1.74679,1.00,1.46
2017.05.19 17:49:47.548,1.7465,1.74679,1.00,1.46
2017.05.19 17:49:47.599,1.7465,1.74679,1.00,1.46
2017.05.19 17:49:48.147,1.7465,1.74679,1.00,1.46
2017.05.19 17:49:49.498,1.7465,1.74679,1.00,1.46
2017.05.19 17:49:50.113,1.7465,1.74679,1.00,2.21
2017.05.19 17:49:50.726,1.74649,1.74678,1.00,1.34
2017.05.19 17:49:51.538,1.74649,1.74678,1.00,1.84
2017.05.19 17:49:52.068,1.74649,1.74678,1.00,1.84
2017.05.19 17:49:54.957,1.74649,1.74678,1.00,1.84
2017.05.19 17:49:56.046,1.74649,1.74678,1.00,1.84
2017.05.19 17:49:56.548,1.74649,1.74678,1.00,1.84
2017.05.19 17:49:57.140,1.74649,1.74678,1.00,1.84
2017.05.19 17:49:57.747,1.74648,1.74677,1.00,1.84
2017.05.19 17:49:59.517,1.74648,1.74677,1.00,1.84
2017.05.19 17:49:59.922,1.7465,1.74677,1.00,1.34
2017.05.19 17:50:01.204,1.7465,1.74677,1.00,1.34
2017.05.19 17:50:01.727,1.7465,1.74677,1.00,1.34
2017.05.19 17:50:02.846,1.7465,1.74677,1.00,1.34
2017.05.19 17:50:03.348,1.7465,1.74677,1.00,1.34
2017.05.19 17:50:03.964,1.7465,1.74679,1.00,3.71
2017.05.19 17:50:04.809,1.7465,1.74677,1.00,1.09
2017.05.19 17:50:04.867,1.7465,1.74677,1.00,1.34
2017.05.19 17:50:05.362,1.7465,1.74679,1.00,2.59
2017.05.19 17:50:05.942,1.7465,1.74678,1.00,1.34
2017.05.19 17:50:07.031,1.74653,1.74679,1.00,1.84
2017.05.19 17:50:08.321,1.74653,1.74679,1.00,1.84
2017.05.19 17:50:08.824,1.74653,1.74679,1.00,1.84
2017.05.19 17:50:09.663,1.74653,1.74679,1.00,1.84
2017.05.19 17:50:09.765,1.7465,1.74679,1.00,2.59
2017.05.19 17:50:10.327,1.7465,1.74679,1.00,3.34
2017.05.19 17:50:11.706,1.7465,1.74679,1.00,2.59
2017.05.19 17:50:12.452,1.74647,1.74678,1.00,1.84
2017.05.19 17:50:13.058,1.74648,1.74678,1.00,1.09
2017.05.19 17:50:13.743,1.74648,1.74678,1.00,1.34
2017.05.19 17:50:14.036,1.74648,1.74678,1.00,1.34
2017.05.19 17:50:16.149,1.74646,1.74675,1.50,1.34
2017.05.19 17:50:16.250,1.74646,1.74675,1.50,1.34
2017.05.19 17:50:16.419,1.74646,1.74675,1.50,1.84
2017.05.19 17:50:16.673,1.74648,1.74675,1.00,1.84
2017.05.19 17:50:17.195,1.74647,1.74675,1.00,1.84
2017.05.19 17:50:17.546,1.74646,1.74675,2.25,1.84
2017.05.19 17:50:17.850,1.74645,1.74675,1.50,1.46
2017.05.19 17:50:18.357,1.74645,1.74675,1.50,2.21
2017.05.19 17:50:18.411,1.74645,1.74674,1.50,1.34
2017.05.19 17:50:18.716,1.74636,1.74664,1.00,1.46
2017.05.19 17:50:18.870,1.74633,1.74664,1.50,2.21
2017.05.19 17:50:19.023,1.74637,1.74662,1.00,1.00
2017.05.19 17:50:19.124,1.74639,1.74665,1.25,1.12
2017.05.19 17:50:19.176,1.74642,1.74671,1.00,1.37
2017.05.19 17:50:19.226,1.74642,1.74671,1.00,1.50
2017.05.19 17:50:19.379,1.74645,1.74671,1.00,1.00
2017.05.19 17:50:19.897,1.74644,1.74671,1.00,1.00
2017.05.19 17:50:20.049,1.74641,1.7467,1.00,1.00
2017.05.19 17:50:25.041,1.74641,1.74668,1.00,1.00
2017.05.19 17:50:25.092,1.74638,1.74668,1.12,1.09
2017.05.19 17:50:25.193,1.74638,1.74667,1.00,1.34
2017.05.19 17:50:25.244,1.74636,1.74667,1.00,1.34
2017.05.19 17:50:25.295,1.7464,1.74668,1.00,1.34
2017.05.19 17:50:25.922,1.74639,1.74668,1.00,1.84
2017.05.19 17:50:26.404,1.74639,1.74665,1.00,1.84
2017.05.19 17:50:26.455,1.74636,1.74664,1.00,1.84
2017.05.19 17:50:26.506,1.74636,1.74663,1.00,1.84
2017.05.19 17:50:26.785,1.74638,1.74666,1.00,2.59
2017.05.19 17:50:27.196,1.74641,1.74664,1.00,1.84
2017.05.19 17:50:27.780,1.74641,1.74665,1.00,1.84
2017.05.19 17:50:28.257,1.74638,1.74666,1.00,2.59
2017.05.19 17:50:29.209,1.74638,1.74666,1.00,1.34
2017.05.19 17:50:29.716,1.74638,1.74666,1.00,3.34
2017.05.19 17:50:31.113,1.74638,1.74666,1.00,1.84
2017.05.19 17:50:31.523,1.74638,1.74665,1.00,1.84
2017.05.19 17:50:31.842,1.7464,1.74665,1.00,1.84
2017.05.19 17:50:32.174,1.7464,1.74666,1.00,1.34
2017.05.19 17:50:32.276,1.74643,1.74666,1.00,1.00
2017.05.19 17:50:32.428,1.74644,1.74669,1.00,1.00
2017.05.19 17:50:32.935,1.74644,1.7467,1.00,1.87
2017.05.19 17:50:33.328,1.74644,1.7467,1.00,2.21
2017.05.19 17:50:34.349,1.74644,1.7467,1.00,1.46
2017.05.19 17:50:34.409,1.74644,1.7467,1.00,1.46
2017.05.19 17:50:34.720,1.74644,1.7467,1.00,1.46
2017.05.19 17:50:34.878,1.74642,1.74669,1.00,1.09
2017.05.19 17:50:35.182,1.74642,1.74669,1.00,1.34
2017.05.19 17:50:35.496,1.74643,1.7467,1.00,1.46
2017.05.19 17:50:35.598,1.74645,1.74671,1.00,2.21
2017.05.19 17:50:35.950,1.74645,1.7467,1.00,1.46
2017.05.19 17:50:36.254,1.74647,1.74668,1.00,1.34
2017.05.19 17:50:36.306,1.74645,1.74668,1.00,1.34
2017.05.19 17:50:36.358,1.74645,1.74667,1.00,1.84
2017.05.19 17:50:36.511,1.74643,1.74668,1.00,3.34
2017.05.19 17:50:36.562,1.74643,1.74668,1.00,1.84
2017.05.19 17:50:36.613,1.74641,1.74668,1.00,1.84
2017.05.19 17:50:36.968,1.74643,1.74667,1.00,1.84
2017.05.19 17:50:37.273,1.74641,1.74668,1.00,3.34
2017.05.19 17:50:37.324,1.74641,1.74666,1.00,1.84
2017.05.19 17:50:37.831,1.74641,1.74668,1.00,2.59
2017.05.19 17:50:37.933,1.74641,1.74668,1.00,1.34
2017.05.19 17:50:38.086,1.74644,1.74669,1.00,1.34
2017.05.19 17:50:38.137,1.74644,1.74669,1.00,1.34
2017.05.19 17:50:38.238,1.74644,1.74669,1.00,1.34
2017.05.19 17:50:38.289,1.74642,1.74668,1.00,1.34
2017.05.19 17:50:38.510,1.74642,1.7467,1.00,1.46
2017.05.19 17:50:38.611,1.74644,1.74671,1.00,2.21
2017.05.19 17:50:39.169,1.74644,1.74671,1.00,2.21
2017.05.19 17:50:39.271,1.74642,1.74671,1.00,2.96
2017.05.19 17:50:39.518,1.74644,1.7467,1.00,2.21
2017.05.19 17:50:40.282,1.74641,1.7467,1.00,1.46
2017.05.19 17:50:40.591,1.74644,1.7467,1.00,1.12
2017.05.19 17:50:40.907,1.74646,1.74671,1.00,1.09
2017.05.19 17:50:41.457,1.74646,1.74672,1.00,1.84
2017.05.19 17:50:46.159,1.74646,1.74673,1.00,1.84
2017.05.19 17:50:46.313,1.74645,1.74674,1.00,3.00
2017.05.19 17:50:46.454,1.74649,1.74671,1.00,1.00
2017.05.19 17:50:46.506,1.74647,1.74675,1.00,1.09
2017.05.19 17:50:47.014,1.7465,1.74676,1.00,1.46
2017.05.19 17:50:47.504,1.7465,1.74676,1.00,1.09
2017.05.19 17:50:47.903,1.7465,1.74676,1.00,1.34
2017.05.19 17:50:48.251,1.74649,1.74676,1.00,2.59
2017.05.19 17:50:48.353,1.74649,1.74676,1.00,1.34
2017.05.19 17:50:48.505,1.74649,1.74676,1.00,1.09
2017.05.19 17:50:49.044,1.74649,1.74675,1.00,1.00
2017.05.19 17:50:49.096,1.74649,1.74677,1.00,1.00
2017.05.19 17:50:49.807,1.74652,1.74677,1.00,1.00
2017.05.19 17:50:50.010,1.7465,1.74677,1.00,1.00
2017.05.19 17:50:50.826,1.7465,1.74678,1.00,1.50
2017.05.19 17:50:51.333,1.74654,1.74678,1.00,1.00
2017.05.19 17:50:51.840,1.74654,1.74679,1.00,1.00
2017.05.19 17:50:52.041,1.74658,1.74684,1.00,1.00
2017.05.19 17:50:52.092,1.74658,1.74687,1.00,2.25
2017.05.19 17:50:52.689,1.74657,1.74686,1.00,1.00
2017.05.19 17:50:53.281,1.74658,1.74686,1.00,1.00
2017.05.19 17:50:53.983,1.74657,1.74686,1.00,1.00
2017.05.19 17:50:54.528,1.74657,1.74687,1.00,1.50
2017.05.19 17:50:54.832,1.74659,1.74687,1.00,1.50
2017.05.19 17:50:55.238,1.74661,1.74687,1.00,1.50
2017.05.19 17:50:57.891,1.74661,1.74687,1.00,1.34
2017.05.19 17:50:58.398,1.74661,1.74688,1.00,1.34
2017.05.19 17:50:58.551,1.74661,1.74688,1.00,1.34
2017.05.19 17:51:01.570,1.74661,1.74688,1.00,1.84
2017.05.19 17:51:01.621,1.7466,1.74688,1.00,1.84
2017.05.19 17:51:01.824,1.7466,1.74689,1.00,1.84
2017.05.19 17:51:01.925,1.74662,1.74689,1.00,1.09
2017.05.19 17:51:02.128,1.74657,1.74686,1.00,1.00
2017.05.19 17:51:02.644,1.74657,1.74685,1.00,1.00
2017.05.19 17:51:03.173,1.74656,1.74685,1.00,1.00
2017.05.19 17:51:03.709,1.74655,1.74684,1.00,1.12
2017.05.19 17:51:04.551,1.74657,1.74685,1.00,1.87
2017.05.19 17:51:04.703,1.74659,1.7469,1.00,3.00
2017.05.19 17:51:05.515,1.7466,1.7469,1.00,1.84
2017.05.19 17:51:05.819,1.7466,1.74689,1.00,1.84
2017.05.19 17:51:05.921,1.74658,1.74687,1.00,1.34
2017.05.19 17:51:06.461,1.74659,1.74688,1.00,1.34
2017.05.19 17:51:06.562,1.74657,1.74688,1.00,1.34
2017.05.19 17:51:07.570,1.74657,1.74688,1.00,1.84
2017.05.19 17:51:08.033,1.74659,1.74688,1.00,1.34
2017.05.19 17:51:08.566,1.74659,1.74688,1.00,1.09
2017.05.19 17:51:08.890,1.74659,1.74688,1.00,1.34
2017.05.19 17:51:09.528,1.74657,1.74688,1.00,2.59
2017.05.19 17:51:10.056,1.74657,1.74688,1.00,3.34
2017.05.19 17:51:10.187,1.74657,1.74685,1.00,1.00
2017.05.19 17:51:10.289,1.74657,1.74688,1.00,1.00
2017.05.19 17:51:10.340,1.74662,1.74689,1.00,1.09
2017.05.19 17:51:11.924,1.7466,1.74689,1.00,1.84
2017.05.19 17:51:12.482,1.7466,1.74689,1.00,1.84
2017.05.19 17:51:13.001,1.74659,1.74688,1.00,1.71
2017.05.19 17:51:16.668,1.74659,1.74688,1.00,1.50
2017.05.19 17:51:16.719,1.74658,1.74686,1.00,1.00
2017.05.19 17:51:17.074,1.74659,1.74687,1.00,1.34
2017.05.19 17:51:17.125,1.74654,1.74685,1.87,1.84
2017.05.19 17:51:17.328,1.74658,1.74685,1.00,1.00
2017.05.19 17:51:17.848,1.74657,1.74686,1.00,1.87
2017.05.19 17:51:18.155,1.74659,1.74685,1.00,1.00
2017.05.19 17:51:18.526,1.74662,1.7469,1.00,1.00
2017.05.19 17:51:18.729,1.74666,1.74695,1.00,1.00
2017.05.19 17:51:19.005,1.74666,1.74697,1.00,1.84
2017.05.19 17:51:20.075,1.74666,1.74696,1.00,1.00
2017.05.19 17:51:20.127,1.74668,1.74697,1.00,1.00
2017.05.19 17:51:20.482,1.74668,1.74698,1.00,1.84
2017.05.19 17:51:20.797,1.74663,1.7469,1.00,1.84
2017.05.19 17:51:20.849,1.7466,1.74689,1.00,1.34
2017.05.19 17:51:21.568,1.7466,1.74689,1.00,1.09
2017.05.19 17:51:21.802,1.7466,1.74689,1.00,1.34
2017.05.19 17:51:21.955,1.7466,1.74689,1.50,1.09
2017.05.19 17:51:22.056,1.7466,1.74689,1.50,1.34
2017.05.19 17:51:22.880,1.7466,1.74689,1.00,1.34
2017.05.19 17:51:23.675,1.7466,1.74689,1.00,1.34
2017.05.19 17:51:24.798,1.7466,1.74689,1.50,1.34
2017.05.19 17:51:24.950,1.74662,1.74691,1.00,1.50
2017.05.19 17:51:25.153,1.74665,1.74691,1.00,1.34
2017.05.19 17:51:25.674,1.74665,1.74692,1.09,1.50
2017.05.19 17:51:25.726,1.74673,1.74691,1.84,1.00
2017.05.19 17:51:25.850,1.74678,1.74693,1.00,1.00
2017.05.19 17:51:25.901,1.74685,1.74699,1.00,1.00
2017.05.19 17:51:25.952,1.74685,1.74708,1.00,1.12
2017.05.19 17:51:26.003,1.74685,1.74713,1.00,1.50
2017.05.19 17:51:26.054,1.74684,1.74715,1.00,1.00
2017.05.19 17:51:26.258,1.74686,1.74716,1.00,2.25
2017.05.19 17:51:26.460,1.74682,1.74713,1.87,1.00
2017.05.19 17:51:27.542,1.74683,1.74715,1.00,1.00
2017.05.19 17:51:27.745,1.74682,1.74713,1.00,1.00
2017.05.19 17:51:29.907,1.74682,1.74713,1.00,1.37
2017.05.19 17:51:30.518,1.74682,1.74713,1.00,1.37
2017.05.19 17:51:30.719,1.74682,1.74713,1.00,1.87
2017.05.19 17:51:32.036,1.74682,1.74713,1.00,1.87
2017.05.19 17:51:33.655,1.74681,1.74712,1.00,1.71
2017.05.19 17:51:34.206,1.7468,1.7471,1.50,1.46
2017.05.19 17:51:36.432,1.7468,1.7471,1.00,1.34
2017.05.19 17:51:36.654,1.74678,1.74709,1.00,1.84
2017.05.19 17:51:36.707,1.74678,1.74705,1.00,1.00
2017.05.19 17:51:37.346,1.74678,1.74706,1.50,2.25
2017.05.19 17:51:37.966,1.74678,1.74705,1.50,1.00
2017.05.19 17:51:38.484,1.74678,1.74706,1.00,2.25
2017.05.19 17:51:39.030,1.74678,1.74705,1.00,1.00
2017.05.19 17:51:39.234,1.74672,1.74702,1.00,1.00
2017.05.19 17:51:39.464,1.74675,1.74705,1.00,1.50
2017.05.19 17:51:39.773,1.74678,1.74705,1.00,1.50
2017.05.19 17:51:41.060,1.74682,1.74705,1.00,1.50
2017.05.19 17:51:41.937,1.74681,1.74705,1.00,1.50
2017.05.19 17:51:43.504,1.74681,1.74706,1.00,2.25
2017.05.19 17:51:44.044,1.74683,1.74706,1.00,2.25
2017.05.19 17:51:44.630,1.74683,1.74705,1.00,1.00
2017.05.19 17:51:45.238,1.74682,1.74705,1.00,1.00
2017.05.19 17:51:45.839,1.74681,1.74706,1.50,2.25
2017.05.19 17:51:46.270,1.74686,1.74712,1.00,1.50
2017.05.19 17:51:46.575,1.74684,1.74709,1.00,1.00
2017.05.19 17:51:46.627,1.74684,1.74707,1.00,1.50
2017.05.19 17:51:46.679,1.7468,1.74706,1.00,1.00
2017.05.19 17:51:46.781,1.74676,1.74706,1.00,1.50
2017.05.19 17:51:47.080,1.74674,1.74705,1.00,1.12
2017.05.19 17:51:47.132,1.74676,1.74705,1.00,1.12
2017.05.19 17:51:47.437,1.74676,1.74701,1.00,1.00
2017.05.19 17:51:47.791,1.74674,1.74701,1.00,2.21
2017.05.19 17:51:47.944,1.74671,1.747,1.37,1.84
2017.05.19 17:51:48.147,1.74667,1.74692,1.00,1.00
2017.05.19 17:51:48.696,1.74667,1.74693,1.00,2.21
2017.05.19 17:51:49.171,1.74663,1.74693,1.50,2.21
2017.05.19 17:51:49.222,1.74663,1.74692,1.00,1.34
2017.05.19 17:51:49.528,1.74654,1.74676,1.00,1.09
2017.05.19 17:51:49.578,1.74649,1.74676,1.00,1.00
2017.05.19 17:51:49.793,1.74651,1.74678,1.00,1.09
2017.05.19 17:51:49.895,1.74653,1.74683,1.00,1.46
2017.05.19 17:51:49.946,1.74658,1.74683,1.00,1.46
2017.05.19 17:51:50.134,1.74658,1.74683,1.00,1.46
2017.05.19 17:51:50.185,1.74655,1.74683,1.00,1.46
2017.05.19 17:51:50.691,1.74655,1.74682,1.00,1.00
2017.05.19 17:51:50.894,1.74658,1.74686,3.00,1.00
2017.05.19 17:51:50.996,1.74661,1.74687,1.50,1.87
2017.05.19 17:51:51.349,1.74664,1.74693,1.00,2.62
2017.05.19 17:51:51.400,1.74664,1.74693,2.25,1.12
2017.05.19 17:51:52.258,1.74666,1.74693,1.50,1.12
2017.05.19 17:51:52.563,1.7467,1.74697,1.00,1.50
2017.05.19 17:51:54.619,1.7467,1.74698,1.00,1.00
2017.05.19 17:51:55.043,1.74673,1.74698,1.00,1.00
2017.05.19 17:51:57.518,1.74673,1.74699,1.00,1.00
2017.05.19 17:51:58.085,1.74673,1.747,2.25,1.12
2017.05.19 17:51:58.603,1.74673,1.74699,2.25,1.00
2017.05.19 17:51:59.266,1.74673,1.747,2.25,1.12
2017.05.19 17:51:59.875,1.74673,1.74699,2.25,1.00
2017.05.19 17:52:00.181,1.74675,1.74699,2.25,1.00
2017.05.19 17:52:00.485,1.74679,1.74702,1.00,1.00
2017.05.19 17:52:01.078,1.74679,1.74703,1.00,1.00
2017.05.19 17:52:02.027,1.74679,1.74705,1.00,1.46
2017.05.19 17:52:02.913,1.74682,1.74705,1.00,1.12
2017.05.19 17:52:02.964,1.7468,1.74705,1.00,1.12
2017.05.19 17:52:03.496,1.74681,1.74708,1.50,1.75
2017.05.19 17:52:03.597,1.74681,1.74709,1.50,1.50
2017.05.19 17:52:04.964,1.74681,1.7471,1.00,1.50
2017.05.19 17:52:05.996,1.74681,1.74712,1.00,2.96
2017.05.19 17:52:06.518,1.74681,1.7471,1.00,1.50
2017.05.19 17:52:08.135,1.74679,1.7471,1.00,1.84
2017.05.19 17:52:08.817,1.74679,1.74708,1.50,1.00
2017.05.19 17:52:09.424,1.74678,1.74708,1.50,1.00
2017.05.19 17:52:09.926,1.74679,1.7471,2.25,1.46
2017.05.19 17:52:10.581,1.74679,1.7471,1.50,1.46
2017.05.19 17:52:13.008,1.74679,1.7471,2.25,1.71
2017.05.19 17:52:13.365,1.74678,1.74707,1.50,1.00
2017.05.19 17:52:14.052,1.74679,1.74707,1.00,1.00
2017.05.19 17:52:14.616,1.74678,1.74707,1.50,1.00
2017.05.19 17:52:15.142,1.74679,1.74707,1.00,1.00
2017.05.19 17:52:15.677,1.74678,1.74707,1.50,1.00
2017.05.19 17:52:16.204,1.74679,1.74707,1.00,1.00
2017.05.19 17:52:18.031,1.74678,1.74707,1.50,1.00
2017.05.19 17:52:18.851,1.74679,1.74707,1.00,1.00
2017.05.19 17:52:19.424,1.74678,1.74707,1.00,1.00
2017.05.19 17:52:21.045,1.74679,1.74708,1.00,1.00
2017.05.19 17:52:25.740,1.74681,1.74709,1.00,1.09
2017.05.19 17:52:26.290,1.74682,1.74709,1.00,1.00
2017.05.19 17:52:26.595,1.74684,1.7471,1.00,1.00
2017.05.19 17:52:26.899,1.74685,1.7471,1.34,1.00
2017.05.19 17:52:27.099,1.74692,1.7472,1.34,1.12
2017.05.19 17:52:27.150,1.74694,1.74722,1.00,1.00
2017.05.19 17:52:27.251,1.74694,1.74725,1.00,1.00
2017.05.19 17:52:27.353,1.74694,1.74723,1.00,1.00
2017.05.19 17:52:27.657,1.74698,1.74727,1.09,1.00
2017.05.19 17:52:27.996,1.747,1.74731,1.09,2.62
2017.05.19 17:52:28.047,1.747,1.74731,1.09,1.87
2017.05.19 17:52:28.358,1.74702,1.74731,1.00,1.00
2017.05.19 17:52:28.772,1.74704,1.74732,1.00,1.37
2017.05.19 17:52:29.432,1.74703,1.74732,1.00,1.87
2017.05.19 17:52:29.935,1.74703,1.74731,1.00,1.00
2017.05.19 17:52:30.476,1.74703,1.74732,1.00,1.00
2017.05.19 17:52:30.977,1.74703,1.74731,1.00,1.00
2017.05.19 17:52:31.281,1.74705,1.74734,1.00,1.50
2017.05.19 17:52:31.332,1.74705,1.74732,1.00,1.00
2017.05.19 17:52:31.890,1.74705,1.74732,1.00,1.87
2017.05.19 17:52:32.042,1.74701,1.7473,1.34,1.00
2017.05.19 17:52:32.561,1.74701,1.74732,1.34,2.25
2017.05.19 17:52:32.774,1.74704,1.74732,1.00,1.00
2017.05.19 17:52:33.439,1.74704,1.74731,1.00,1.00
2017.05.19 17:52:34.008,1.74704,1.74732,1.09,1.00
2017.05.19 17:52:34.256,1.74707,1.74736,1.00,1.50
2017.05.19 17:52:35.048,1.74705,1.74734,1.00,1.00
2017.05.19 17:52:36.735,1.74705,1.74733,1.00,1.12
2017.05.19 17:52:36.888,1.74703,1.74732,1.00,1.00
2017.05.19 17:52:37.091,1.74706,1.74733,1.00,1.12
2017.05.19 17:52:38.066,1.74706,1.74735,1.00,1.37
2017.05.19 17:52:38.735,1.74706,1.74733,1.00,1.00
2017.05.19 17:52:39.238,1.74706,1.74735,1.00,1.87
2017.05.19 17:52:40.043,1.74706,1.74734,1.00,1.87
2017.05.19 17:52:40.569,1.74705,1.74733,1.00,2.25
2017.05.19 17:52:41.103,1.74705,1.74734,1.00,3.00
2017.05.19 17:52:41.694,1.74705,1.74733,1.00,2.25
2017.05.19 17:52:42.647,1.74705,1.74734,1.00,3.00
2017.05.19 17:52:43.199,1.74703,1.74732,1.00,1.00
2017.05.19 17:52:44.264,1.74702,1.74731,1.09,1.00
2017.05.19 17:52:44.874,1.74703,1.74732,1.00,1.12
2017.05.19 17:52:46.184,1.74701,1.74732,1.09,1.00
2017.05.19 17:52:46.840,1.74701,1.74731,1.09,1.00
2017.05.19 17:52:47.471,1.74699,1.74728,1.00,1.00
2017.05.19 17:52:48.018,1.74696,1.74727,2.21,1.00
2017.05.19 17:52:48.175,1.74698,1.74729,1.09,1.00
2017.05.19 17:52:48.367,1.74696,1.74727,2.21,1.00
2017.05.19 17:52:48.671,1.74696,1.74725,2.96,1.00
2017.05.19 17:52:50.436,1.74702,1.74725,1.84,1.00
2017.05.19 17:52:50.487,1.74702,1.74729,1.84,1.00
2017.05.19 17:52:50.538,1.747,1.74729,1.00,1.00
2017.05.19 17:52:50.589,1.74702,1.74729,1.00,1.00
2017.05.19 17:52:50.994,1.74702,1.74726,1.00,1.00
2017.05.19 17:52:51.299,1.74696,1.74727,2.96,1.00
2017.05.19 17:52:51.805,1.74696,1.74726,2.21,1.00
2017.05.19 17:52:52.527,1.74696,1.74726,2.21,1.00
2017.05.19 17:52:52.679,1.74696,1.74723,2.21,1.00
2017.05.19 17:52:52.928,1.74696,1.74725,2.96,1.00
2017.05.19 17:52:53.863,1.74698,1.74727,1.00,1.00
2017.05.19 17:52:55.860,1.74698,1.74727,1.34,1.00
2017.05.19 17:52:56.013,1.74702,1.74733,1.34,1.12
2017.05.19 17:52:56.166,1.74701,1.7473,1.34,1.00
2017.05.19 17:52:56.775,1.74701,1.7473,1.34,1.00
2017.05.19 17:52:57.695,1.74701,1.7473,1.34,1.00
2017.05.19 17:52:57.955,1.74701,1.7473,1.09,1.00
2017.05.19 17:52:58.311,1.74699,1.74727,1.09,1.00
2017.05.19 17:52:58.569,1.74699,1.7473,1.84,1.00
2017.05.19 17:52:58.971,1.74699,1.7473,1.34,1.00
2017.05.19 17:53:06.362,1.74699,1.7473,1.34,1.00
2017.05.19 17:53:08.001,1.747,1.74731,1.09,2.21
2017.05.19 17:53:08.508,1.747,1.74731,1.34,1.87
2017.05.19 17:53:12.091,1.74699,1.7473,1.34,1.00
2017.05.19 17:53:12.580,1.74699,1.7473,1.09,1.00
2017.05.19 17:53:12.632,1.74699,1.74723,1.00,1.09
2017.05.19 17:53:12.733,1.74693,1.74721,1.12,1.50
2017.05.19 17:53:12.836,1.7469,1.74719,1.50,1.00
2017.05.19 17:53:13.278,1.74688,1.74717,1.00,1.00
2017.05.19 17:53:16.497,1.74689,1.7472,1.00,1.50
2017.05.19 17:53:17.428,1.74689,1.74718,1.00,1.00
2017.05.19 17:53:23.022,1.74689,1.74718,1.00,1.34
2017.05.19 17:53:23.124,1.74684,1.74713,1.50,1.00
2017.05.19 17:53:23.626,1.74684,1.74713,1.50,1.34
2017.05.19 17:53:24.124,1.74686,1.74715,1.00,1.34
2017.05.19 17:53:24.332,1.74684,1.74713,1.00,1.34
2017.05.19 17:53:25.882,1.74684,1.74713,1.00,1.00
2017.05.19 17:53:26.186,1.74685,1.74715,1.00,1.34
2017.05.19 17:53:26.237,1.74683,1.74714,1.00,1.34
2017.05.19 17:53:26.774,1.74683,1.74714,1.00,1.84
2017.05.19 17:53:27.311,1.74684,1.74713,1.00,1.09
2017.05.19 17:53:27.818,1.74682,1.74713,1.50,1.84
2017.05.19 17:53:28.026,1.74684,1.74713,1.00,1.84
2017.05.19 17:53:28.680,1.74683,1.74713,1.00,1.09
2017.05.19 17:53:29.242,1.74683,1.74712,1.00,1.00
2017.05.19 17:53:34.711,1.74684,1.74713,1.00,1.50
2017.05.19 17:53:35.221,1.74683,1.74712,1.00,1.00
2017.05.19 17:53:35.854,1.74684,1.74713,1.00,1.50
2017.05.19 17:53:36.405,1.74685,1.74713,1.00,1.09
2017.05.19 17:53:36.456,1.74683,1.74713,1.00,1.09
2017.05.19 17:53:36.618,1.74685,1.74714,1.00,1.34
2017.05.19 17:53:37.165,1.74684,1.74713,1.00,1.09
2017.05.19 17:53:37.469,1.74687,1.74716,1.00,1.34
2017.05.19 17:53:37.860,1.74687,1.74716,1.00,1.09
2017.05.19 17:53:38.390,1.74688,1.74716,1.00,1.09
2017.05.19 17:53:38.926,1.74687,1.74716,1.00,1.84
2017.05.19 17:53:39.756,1.74684,1.74713,1.00,1.00
2017.05.19 17:53:40.121,1.74686,1.74715,1.00,1.00
2017.05.19 17:53:40.627,1.74687,1.74717,1.00,1.34
2017.05.19 17:53:41.165,1.74688,1.74717,1.00,2.59
2017.05.19 17:53:41.934,1.74687,1.74716,1.00,1.00
2017.05.19 17:53:42.440,1.74686,1.74716,1.00,1.34
2017.05.19 17:53:42.764,1.74688,1.74716,1.00,1.34
2017.05.19 17:53:43.281,1.74687,1.74716,1.00,1.34
2017.05.19 17:53:45.357,1.74687,1.74716,1.00,2.21
2017.05.19 17:53:45.510,1.74687,1.74716,1.00,1.46
2017.05.19 17:53:46.333,1.74687,1.74716,1.00,2.96
2017.05.19 17:53:46.867,1.74686,1.74715,1.00,1.09
2017.05.19 17:53:47.433,1.74688,1.74716,1.00,1.46
2017.05.19 17:53:48.081,1.74688,1.74715,1.00,1.34
2017.05.19 17:53:48.132,1.74686,1.74715,1.00,1.34
2017.05.19 17:53:48.645,1.74688,1.74715,1.00,1.34
2017.05.19 17:53:49.232,1.74688,1.74715,1.00,1.09
2017.05.19 17:53:49.333,1.74686,1.74716,1.00,1.46
2017.05.19 17:53:49.633,1.74688,1.74715,1.00,1.09
2017.05.19 17:53:50.183,1.74687,1.74716,1.00,2.21
2017.05.19 17:53:50.385,1.74686,1.74716,1.00,1.12
2017.05.19 17:53:50.436,1.74688,1.74716,1.00,1.12
2017.05.19 17:53:51.006,1.74688,1.74717,1.00,2.59
2017.05.19 17:53:51.614,1.74688,1.74717,1.00,1.84
2017.05.19 17:53:52.206,1.74688,1.74717,1.00,1.00
2017.05.19 17:53:52.907,1.74688,1.74716,1.00,1.00
2017.05.19 17:53:53.448,1.74688,1.74717,1.00,1.00
2017.05.19 17:53:53.915,1.74693,1.74717,1.00,1.00
2017.05.19 17:53:54.425,1.74694,1.74718,1.00,1.00
2017.05.19 17:53:54.968,1.74693,1.74719,1.50,1.00
2017.05.19 17:53:55.440,1.74693,1.74721,1.50,1.09
2017.05.19 17:53:57.123,1.74693,1.74721,1.50,1.34
2017.05.19 17:53:57.690,1.74693,1.74721,1.00,1.09
2017.05.19 17:53:58.236,1.74693,1.74722,1.50,1.00
2017.05.19 17:53:59.084,1.74693,1.74722,1.84,1.00
2017.05.19 17:53:59.186,1.74694,1.74725,1.09,1.00
2017.05.19 17:53:59.566,1.74695,1.74723,1.00,1.00
2017.05.19 17:54:00.127,1.74694,1.74723,1.09,1.00
2017.05.19 17:54:01.074,1.74695,1.74723,1.00,1.00
2017.05.19 17:54:01.583,1.74694,1.74723,1.50,1.00
2017.05.19 17:54:03.193,1.74694,1.74724,1.00,1.00
2017.05.19 17:54:03.499,1.74694,1.74722,1.00,1.00
2017.05.19 17:54:04.014,1.74693,1.74722,1.50,1.12
2017.05.19 17:54:05.176,1.74694,1.74725,1.00,1.50
2017.05.19 17:54:05.631,1.74694,1.74721,1.00,1.34
2017.05.19 17:54:05.834,1.74687,1.74716,1.00,1.00
2017.05.19 17:54:05.885,1.74689,1.74719,1.00,1.00
2017.05.19 17:54:05.987,1.74687,1.74717,1.00,1.00
2017.05.19 17:54:06.460,1.74689,1.74718,1.00,1.00
2017.05.19 17:54:06.876,1.74686,1.74718,2.59,1.00
2017.05.19 17:54:07.147,1.74688,1.74718,1.00,1.00
2017.05.19 17:54:08.207,1.74686,1.74718,1.84,1.00
2017.05.19 17:54:08.433,1.74689,1.74718,1.34,1.00
2017.05.19 17:54:08.628,1.74689,1.7472,2.25,1.00
2017.05.19 17:54:09.134,1.74691,1.74721,1.00,1.00
2017.05.19 17:54:09.185,1.74692,1.74723,1.00,1.50
2017.05.19 17:54:09.709,1.74694,1.74723,1.00,1.00
2017.05.19 17:54:10.407,1.74693,1.74721,1.00,1.00
2017.05.19 17:54:10.509,1.74689,1.74718,1.50,1.00
2017.05.19 17:54:11.043,1.74689,1.7472,3.75,1.34
2017.05.19 17:54:12.195,1.74689,1.74718,2.59,1.00
2017.05.19 17:54:12.297,1.74691,1.74721,1.00,1.00
2017.05.19 17:54:12.820,1.74692,1.74722,1.00,1.00
2017.05.19 17:54:12.972,1.74692,1.7472,1.00,1.00
2017.05.19 17:54:13.375,1.7469,1.74721,1.00,1.00
2017.05.19 17:54:13.476,1.74687,1.74717,1.50,1.00
2017.05.19 17:54:13.629,1.74686,1.74717,1.00,1.00
2017.05.19 17:54:13.775,1.74687,1.74719,1.00,1.12
2017.05.19 17:54:13.876,1.74687,1.74716,1.00,1.00
2017.05.19 17:54:14.669,1.74686,1.74716,1.00,1.00
2017.05.19 17:54:15.101,1.74686,1.74717,1.84,1.00
2017.05.19 17:54:15.406,1.74689,1.7472,1.12,1.00
2017.05.19 17:54:15.507,1.74688,1.74716,1.00,1.00
2017.05.19 17:54:15.811,1.74688,1.74718,2.21,1.00
2017.05.19 17:54:16.013,1.7469,1.74719,1.00,1.00
2017.05.19 17:54:16.656,1.7469,1.74719,1.34,1.00
2017.05.19 17:54:17.163,1.7469,1.74719,1.00,1.00
2017.05.19 17:54:19.111,1.74689,1.74719,1.00,1.00
2017.05.19 17:54:19.458,1.74688,1.74716,1.37,1.00
2017.05.19 17:54:19.976,1.74689,1.74718,1.12,1.00
2017.05.19 17:54:20.695,1.74689,1.74718,1.00,1.34
2017.05.19 17:54:20.797,1.74687,1.74716,1.87,1.00
2017.05.19 17:54:21.330,1.74687,1.74716,2.62,1.00
2017.05.19 17:54:21.849,1.74687,1.74716,1.87,1.00
2017.05.19 17:54:22.391,1.74687,1.74716,1.87,1.00
2017.05.19 17:54:23.373,1.74687,1.74716,1.87,1.00
2017.05.19 17:54:23.931,1.74688,1.74718,1.00,1.34
2017.05.19 17:54:24.033,1.74691,1.7472,1.00,1.84
2017.05.19 17:54:24.139,1.74691,1.7472,1.00,1.84
2017.05.19 17:54:24.241,1.74688,1.74719,1.00,1.00
2017.05.19 17:54:24.444,1.7469,1.74721,1.00,1.34
2017.05.19 17:54:25.032,1.74689,1.74719,1.50,1.09
2017.05.19 17:54:28.216,1.74691,1.74722,1.00,2.59
2017.05.19 17:54:28.419,1.74689,1.74719,1.00,1.00
2017.05.19 17:54:29.343,1.74689,1.74717,1.00,1.00
2017.05.19 17:54:29.806,1.74688,1.74719,1.50,1.09
2017.05.19 17:54:29.857,1.74688,1.74717,1.00,1.00
2017.05.19 17:54:30.532,1.74689,1.74717,1.00,1.00
2017.05.19 17:54:31.085,1.74688,1.74719,1.00,1.34
2017.05.19 17:54:31.389,1.74694,1.74725,1.00,1.84
2017.05.19 17:54:31.896,1.74693,1.74722,1.12,1.34
2017.05.19 17:54:32.049,1.74689,1.74718,4.50,1.00
2017.05.19 17:54:32.251,1.74691,1.7472,1.00,1.00
2017.05.19 17:54:32.480,1.74691,1.74722,1.00,1.00
2017.05.19 17:54:33.175,1.74692,1.74722,1.00,1.09
2017.05.19 17:54:34.177,1.7469,1.74718,1.00,1.34
2017.05.19 17:54:34.697,1.7469,1.74718,1.00,1.09
2017.05.19 17:54:34.749,1.7469,1.74718,1.50,1.34
2017.05.19 17:54:34.800,1.7469,1.74718,1.50,1.09
2017.05.19 17:54:34.901,1.74691,1.7472,1.00,1.00
2017.05.19 17:54:35.475,1.74692,1.74721,1.00,1.09
2017.05.19 17:54:35.729,1.7469,1.74721,1.00,1.34
2017.05.19 17:54:35.932,1.7469,1.74721,1.00,1.34
2017.05.19 17:54:36.388,1.74689,1.74718,1.00,1.46
2017.05.19 17:54:36.697,1.74691,1.7472,1.00,1.46
2017.05.19 17:54:36.897,1.74692,1.74721,1.00,1.00
2017.05.19 17:54:37.308,1.74692,1.74723,1.00,1.00
2017.05.19 17:54:37.562,1.74694,1.74723,1.00,1.00
2017.05.19 17:54:38.108,1.74694,1.74725,1.50,1.46
2017.05.19 17:54:38.880,1.74694,1.74725,1.00,1.84
2017.05.19 17:54:39.032,1.74692,1.74719,1.50,1.09
2017.05.19 17:54:39.532,1.74693,1.74721,1.00,1.00
2017.05.19 17:54:39.707,1.74693,1.74723,1.00,1.12
2017.05.19 17:54:39.960,1.74693,1.74723,1.00,1.34
2017.05.19 17:54:40.211,1.74692,1.74721,2.25,1.00
2017.05.19 17:54:40.734,1.74694,1.74721,1.00,1.00
2017.05.19 17:54:40.835,1.74694,1.74723,1.00,1.00
2017.05.19 17:54:41.341,1.74693,1.74722,1.50,1.09
2017.05.19 17:54:41.443,1.74692,1.74722,1.00,1.34
2017.05.19 17:54:41.730,1.74694,1.74723,1.84,1.00
2017.05.19 17:54:41.832,1.74695,1.74726,1.00,2.21
2017.05.19 17:54:42.412,1.74694,1.74725,1.84,1.00
2017.05.19 17:54:42.518,1.74694,1.74723,1.09,1.00
2017.05.19 17:54:42.635,1.74695,1.74726,1.00,2.21
2017.05.19 17:54:43.657,1.74695,1.74726,1.34,1.87
2017.05.19 17:54:45.647,1.74695,1.74726,1.84,1.87
2017.05.19 17:54:46.773,1.74695,1.74726,1.84,1.87
2017.05.19 17:54:46.875,1.74695,1.74726,1.50,2.96
2017.05.19 17:54:46.926,1.74695,1.74726,1.50,3.34
2017.05.19 17:54:47.028,1.74693,1.74722,1.09,1.37
2017.05.19 17:54:47.130,1.74693,1.74723,1.34,1.12
2017.05.19 17:54:47.557,1.74693,1.74723,1.34,1.00
2017.05.19 17:54:48.086,1.74694,1.74724,1.34,1.00
2017.05.19 17:54:51.155,1.74697,1.74724,1.00,1.00
2017.05.19 17:54:51.656,1.74695,1.74724,1.84,1.00
2017.05.19 17:54:52.303,1.74695,1.74724,1.00,1.00
2017.05.19 17:54:52.355,1.74693,1.74724,1.50,1.00
2017.05.19 17:54:52.406,1.74693,1.74724,1.50,1.46
2017.05.19 17:54:52.711,1.74687,1.74716,1.50,1.00
2017.05.19 17:54:53.378,1.74687,1.74719,1.50,1.84
2017.05.19 17:54:53.807,1.74686,1.74717,1.50,1.34
2017.05.19 17:54:54.314,1.74687,1.74717,1.00,1.34
2017.05.19 17:54:54.816,1.74686,1.74717,1.50,1.34
2017.05.19 17:54:55.916,1.74687,1.74716,1.50,1.34
2017.05.19 17:54:56.435,1.74685,1.74715,1.87,1.37
2017.05.19 17:54:56.594,1.74685,1.74712,1.87,1.00
2017.05.19 17:54:57.195,1.74685,1.74711,1.12,1.00
2017.05.19 17:54:57.596,1.74685,1.74713,1.12,1.00
2017.05.19 17:54:58.245,1.74685,1.74712,1.12,1.00
2017.05.19 17:54:58.397,1.74685,1.74714,1.12,1.00
2017.05.19 17:54:58.915,1.74686,1.74714,1.00,1.00
2017.05.19 17:54:59.489,1.74686,1.74714,1.34,1.00
2017.05.19 17:54:59.742,1.74685,1.74712,2.21,1.00
2017.05.19 17:54:59.843,1.74685,1.74714,2.96,1.00
2017.05.19 17:55:00.377,1.74686,1.74715,1.84,1.00
2017.05.19 17:55:00.892,1.74686,1.74715,1.09,1.37
2017.05.19 17:55:01.413,1.74686,1.74715,1.09,1.00
2017.05.19 17:55:01.717,1.74687,1.74717,1.00,1.00
2017.05.19 17:55:02.025,1.74686,1.74715,1.09,1.00
2017.05.19 17:55:02.333,1.74689,1.74719,1.00,1.84
2017.05.19 17:55:02.434,1.74687,1.74716,1.50,1.00
2017.05.19 17:55:03.002,1.74688,1.74717,1.00,1.34
2017.05.19 17:55:03.947,1.74687,1.74717,1.00,1.34
2017.05.19 17:55:04.459,1.74688,1.74717,1.00,1.34
2017.05.19 17:55:05.415,1.74687,1.74717,1.00,1.34
2017.05.19 17:55:06.653,1.74688,1.74717,1.00,1.34
2017.05.19 17:55:07.294,1.74687,1.74715,1.00,1.00
2017.05.19 17:55:07.968,1.74686,1.74715,1.00,1.34
2017.05.19 17:55:08.120,1.74679,1.74708,1.00,1.09
2017.05.19 17:55:08.268,1.74677,1.74707,1.00,1.09
2017.05.19 17:55:08.319,1.74677,1.74707,1.46,1.00
2017.05.19 17:55:08.420,1.74678,1.74709,1.46,1.50
2017.05.19 17:55:08.966,1.7468,1.74708,1.00,1.00
2017.05.19 17:55:09.396,1.74679,1.74707,1.00,1.34
2017.05.19 17:55:09.953,1.74676,1.74705,1.00,1.09
2017.05.19 17:55:11.277,1.74676,1.74705,1.50,1.34
2017.05.19 17:55:12.778,1.74676,1.74707,1.50,1.46
2017.05.19 17:55:13.199,1.74676,1.74707,1.00,1.46
2017.05.19 17:55:13.927,1.74675,1.74706,1.00,1.34
2017.05.19 17:55:14.053,1.74673,1.74702,1.00,1.00
2017.05.19 17:55:14.104,1.74671,1.74702,1.87,1.34
2017.05.19 17:55:14.665,1.74671,1.74702,1.50,1.09
2017.05.19 17:55:14.919,1.74672,1.74702,1.50,1.34
2017.05.19 17:55:15.428,1.74672,1.74702,1.50,1.34
2017.05.19 17:55:15.987,1.74673,1.74702,1.00,1.34
2017.05.19 17:55:16.495,1.74672,1.74702,1.50,1.34
2017.05.19 17:55:18.089,1.74673,1.74702,1.00,1.46
2017.05.19 17:55:18.140,1.74671,1.74702,1.50,1.46
2017.05.19 17:55:18.686,1.74671,1.74702,2.25,2.59
2017.05.19 17:55:19.196,1.74671,1.74701,2.25,1.09
2017.05.19 17:55:21.564,1.74672,1.74703,1.00,1.84
2017.05.19 17:55:21.768,1.74674,1.74703,1.00,1.00
2017.05.19 17:55:22.331,1.74675,1.74703,1.00,1.00
2017.05.19 17:55:22.880,1.74675,1.74702,1.00,1.00
2017.05.19 17:55:25.630,1.74672,1.74702,1.00,1.00
2017.05.19 17:55:27.379,1.74675,1.74702,1.00,1.00
2017.05.19 17:55:31.543,1.74675,1.74706,1.00,1.46
2017.05.19 17:55:32.238,1.74675,1.74706,1.00,1.46
2017.05.19 17:55:33.793,1.74675,1.74706,1.00,1.46
2017.05.19 17:55:38.363,1.74675,1.74706,1.00,3.34
2017.05.19 17:55:38.735,1.74679,1.74706,1.34,1.87
2017.05.19 17:55:38.888,1.74685,1.74712,1.00,1.37
2017.05.19 17:55:38.990,1.74686,1.74715,1.50,1.09
2017.05.19 17:55:39.520,1.74686,1.74714,1.00,1.00
2017.05.19 17:55:40.026,1.74686,1.74716,1.84,1.37
2017.05.19 17:55:46.041,1.74686,1.74718,1.84,1.09
2017.05.19 17:55:48.917,1.74686,1.74716,1.84,1.00
2017.05.19 17:55:49.274,1.74685,1.74712,1.00,1.00
2017.05.19 17:55:49.375,1.74682,1.74713,2.59,1.00
2017.05.19 17:55:49.881,1.74685,1.74714,1.00,1.34
2017.05.19 17:55:50.084,1.74682,1.74713,2.59,1.09
2017.05.19 17:55:51.075,1.74682,1.74713,2.25,1.34
2017.05.19 17:55:51.591,1.74682,1.74713,2.25,1.34
2017.05.19 17:55:52.138,1.74682,1.74713,1.50,1.34
2017.05.19 17:55:52.369,1.74683,1.74712,1.00,1.34
2017.05.19 17:55:53.719,1.74683,1.74712,1.00,1.09
2017.05.19 17:55:57.166,1.74682,1.74712,1.00,1.00
2017.05.19 17:55:57.729,1.74682,1.7471,1.00,1.00
2017.05.19 17:55:58.685,1.7468,1.74712,1.34,1.12
2017.05.19 17:55:58.896,1.74679,1.7471,1.34,1.00
2017.05.19 17:55:59.574,1.74679,1.7471,1.34,1.00
2017.05.19 17:56:00.028,1.74679,1.7471,1.09,1.00
2017.05.19 17:56:00.698,1.74681,1.74711,1.00,1.00
2017.05.19 17:56:01.146,1.7468,1.74709,1.00,1.00
2017.05.19 17:56:02.917,1.74677,1.74707,1.09,1.00
2017.05.19 17:56:03.475,1.74677,1.74707,1.84,1.00
2017.05.19 17:56:04.017,1.74677,1.74707,2.59,1.00
2017.05.19 17:56:04.518,1.74677,1.74707,2.59,1.00
2017.05.19 17:56:05.004,1.7468,1.74709,1.00,1.46
2017.05.19 17:56:05.106,1.74677,1.74708,1.09,1.09
2017.05.19 17:56:05.411,1.74676,1.74708,1.50,1.34
2017.05.19 17:56:05.462,1.74676,1.74708,1.50,1.34
2017.05.19 17:56:05.614,1.74676,1.74708,1.50,1.09
2017.05.19 17:56:05.716,1.74676,1.74708,1.00,1.34
2017.05.19 17:56:06.056,1.74676,1.74708,1.50,1.09
2017.05.19 17:56:06.108,1.7468,1.74712,1.09,1.71
2017.05.19 17:56:06.638,1.7468,1.74712,1.00,1.71
2017.05.19 17:56:06.996,1.74679,1.7471,1.00,1.34
2017.05.19 17:56:07.406,1.74677,1.74707,1.00,1.09
2017.05.19 17:56:08.262,1.74677,1.74707,1.34,1.00
2017.05.19 17:56:08.520,1.74679,1.7471,1.09,1.09
2017.05.19 17:56:08.690,1.74681,1.74713,1.00,2.21
2017.05.19 17:56:08.994,1.74684,1.74713,1.00,3.71
2017.05.19 17:56:09.146,1.74682,1.74712,1.00,1.71
2017.05.19 17:56:09.248,1.74682,1.74711,1.00,1.34
2017.05.19 17:56:09.441,1.74679,1.7471,1.00,1.71
2017.05.19 17:56:09.946,1.7468,1.74711,1.00,1.71
2017.05.19 17:56:10.450,1.7468,1.74711,1.00,1.71
2017.05.19 17:56:11.570,1.7468,1.74711,1.00,1.71
2017.05.19 17:56:11.621,1.74684,1.74713,1.00,2.96
2017.05.19 17:56:11.723,1.74684,1.74713,1.00,1.71
2017.05.19 17:56:11.825,1.74684,1.74713,1.00,1.34
2017.05.19 17:56:11.977,1.74684,1.74713,1.00,1.34
2017.05.19 17:56:12.028,1.74684,1.74712,1.00,1.09
2017.05.19 17:56:12.130,1.74679,1.74708,1.00,1.34
2017.05.19 17:56:12.294,1.74679,1.74708,1.00,1.84
2017.05.19 17:56:12.446,1.74677,1.74707,1.00,1.34
2017.05.19 17:56:12.845,1.74677,1.74707,1.00,2.59
2017.05.19 17:56:12.947,1.74679,1.74707,1.00,2.21
2017.05.19 17:56:13.634,1.74677,1.74707,1.00,1.84
2017.05.19 17:56:13.835,1.7468,1.74707,1.00,2.25
2017.05.19 17:56:14.140,1.74679,1.74706,1.00,1.09
2017.05.19 17:56:14.242,1.74675,1.74706,1.00,1.09
2017.05.19 17:56:14.553,1.74682,1.74707,1.00,2.96
2017.05.19 17:56:14.654,1.74678,1.74707,1.00,2.59
2017.05.19 17:56:14.705,1.74678,1.74707,1.00,2.21
2017.05.19 17:56:14.848,1.74676,1.74706,1.00,1.46
2017.05.19 17:56:14.899,1.74676,1.74705,1.00,1.34
2017.05.19 17:56:15.425,1.74677,1.74705,1.00,1.34
2017.05.19 17:56:15.527,1.74677,1.74707,1.00,1.34
2017.05.19 17:56:15.578,1.74679,1.74708,1.00,4.09
2017.05.19 17:56:15.899,1.74679,1.74703,1.00,1.34
2017.05.19 17:56:15.950,1.74675,1.74703,1.00,1.34
2017.05.19 17:56:16.480,1.74675,1.74707,1.00,2.21
2017.05.19 17:56:16.531,1.74681,1.74706,1.00,1.34
2017.05.19 17:56:16.734,1.74679,1.74707,1.00,1.34
2017.05.19 17:56:17.345,1.74679,1.74707,1.00,1.34
2017.05.19 17:56:17.548,1.74679,1.74707,1.00,1.84
2017.05.19 17:56:18.054,1.74679,1.74706,1.00,1.34
2017.05.19 17:56:19.238,1.74679,1.74707,1.00,2.59
2017.05.19 17:56:19.767,1.74678,1.74706,1.00,2.59
2017.05.19 17:56:20.695,1.74678,1.74705,1.00,1.34
2017.05.19 17:56:20.983,1.74678,1.74704,1.00,1.00
2017.05.19 17:56:21.035,1.74683,1.74704,1.00,1.00
2017.05.19 17:56:21.085,1.74683,1.74707,1.00,1.50
2017.05.19 17:56:21.364,1.74684,1.7471,1.00,1.00
2017.05.19 17:56:21.466,1.74685,1.74715,1.00,1.46
2017.05.19 17:56:21.659,1.7469,1.74717,1.00,1.09
2017.05.19 17:56:22.165,1.7469,1.74716,1.00,1.09
2017.05.19 17:56:22.681,1.74691,1.74717,1.00,1.34
2017.05.19 17:56:22.989,1.74691,1.74719,1.00,4.46
2017.05.19 17:56:23.532,1.74692,1.7472,1.00,3.34
2017.05.19 17:56:25.190,1.74692,1.74717,1.00,1.34
2017.05.19 17:56:25.699,1.74692,1.74719,1.00,1.46
2017.05.19 17:56:25.801,1.74693,1.74719,1.00,2.59
2017.05.19 17:56:25.851,1.74691,1.74716,1.00,1.34
2017.05.19 17:56:25.902,1.74691,1.74716,1.00,1.09
2017.05.19 17:56:26.409,1.74691,1.7472,1.00,4.46
2017.05.19 17:56:26.913,1.74691,1.74717,1.00,1.34
2017.05.19 17:56:27.066,1.74692,1.74718,1.00,1.46
2017.05.19 17:56:27.168,1.7469,1.74717,1.00,1.46
2017.05.19 17:56:27.320,1.7469,1.74716,1.00,1.09
2017.05.19 17:56:27.882,1.74689,1.74716,1.00,1.09
2017.05.19 17:56:27.984,1.74686,1.74715,1.00,1.09
2017.05.19 17:56:28.252,1.74689,1.74716,1.00,1.84
2017.05.19 17:56:28.824,1.74689,1.74715,1.00,1.09
2017.05.19 17:56:29.141,1.74689,1.74713,1.00,1.00
2017.05.19 17:56:33.880,1.74689,1.74714,1.00,1.00
2017.05.19 17:56:39.502,1.74689,1.74716,1.00,2.96
2017.05.19 17:56:39.553,1.74687,1.74716,1.00,2.96
2017.05.19 17:56:40.163,1.74687,1.74714,1.00,1.00
2017.05.19 17:56:41.224,1.74687,1.74714,1.00,1.46
2017.05.19 17:56:41.734,1.74687,1.74714,1.00,1.09
2017.05.19 17:56:42.774,1.74687,1.74715,1.00,1.00
2017.05.19 17:56:42.875,1.74691,1.74714,1.00,1.00
2017.05.19 17:56:42.977,1.74688,1.74714,1.00,1.46
2017.05.19 17:56:43.078,1.74687,1.74715,1.00,2.21
2017.05.19 17:56:43.180,1.74685,1.74713,1.00,1.09
2017.05.19 17:56:43.692,1.74684,1.74713,1.00,1.09
2017.05.19 17:56:43.743,1.74684,1.74713,1.00,1.34
2017.05.19 17:56:43.794,1.74682,1.74713,1.00,1.84
2017.05.19 17:56:44.199,1.7468,1.74709,1.00,1.09
2017.05.19 17:56:44.702,1.74683,1.74712,1.00,1.34
2017.05.19 17:56:44.857,1.74681,1.7471,1.00,1.34
2017.05.19 17:56:44.959,1.74681,1.7471,1.00,1.09
2017.05.19 17:56:45.460,1.74682,1.74712,1.00,1.46
2017.05.19 17:56:45.988,1.74683,1.74712,1.00,1.34
2017.05.19 17:56:46.091,1.74679,1.7471,1.00,1.34
2017.05.19 17:56:46.321,1.74678,1.7471,3.71,1.09
2017.05.19 17:56:46.372,1.74681,1.7471,1.00,1.09
2017.05.19 17:56:46.575,1.74679,1.74709,2.25,1.00
2017.05.19 17:56:46.676,1.74681,1.7471,1.00,1.09
2017.05.19 17:56:47.060,1.74679,1.74709,1.00,1.00
2017.05.19 17:56:47.268,1.74682,1.7471,1.00,1.09
2017.05.19 17:56:47.664,1.7468,1.74711,1.00,1.34
2017.05.19 17:56:48.298,1.74682,1.74711,1.00,1.34
2017.05.19 17:56:48.817,1.74681,1.74712,1.00,1.34
2017.05.19 17:56:49.564,1.7468,1.74711,1.50,1.34
2017.05.19 17:56:50.265,1.74681,1.74712,1.00,1.34
2017.05.19 17:56:55.332,1.74681,1.7471,1.00,1.84
2017.05.19 17:56:55.612,1.74677,1.74706,1.00,1.00
2017.05.19 17:56:55.664,1.74677,1.74707,1.00,1.50
2017.05.19 17:56:55.969,1.74682,1.7471,1.00,1.46
2017.05.19 17:56:56.428,1.74678,1.74704,1.00,1.00
2017.05.19 17:56:56.530,1.74675,1.74703,1.09,1.00
2017.05.19 17:56:56.581,1.74675,1.74706,1.09,1.87
2017.05.19 17:56:56.683,1.74672,1.74702,1.46,1.00
2017.05.19 17:56:56.785,1.74674,1.74705,1.34,1.50
2017.05.19 17:56:56.887,1.74677,1.74705,1.00,1.00
2017.05.19 17:56:57.193,1.74678,1.74707,1.00,1.00
2017.05.19 17:56:57.398,1.7468,1.74709,1.00,1.34
2017.05.19 17:56:57.702,1.74684,1.74714,1.00,2.59
2017.05.19 17:56:57.956,1.74686,1.74715,1.00,1.00
2017.05.19 17:56:58.211,1.74686,1.74713,1.00,1.00
2017.05.19 17:56:58.500,1.74684,1.74714,1.00,1.46
2017.05.19 17:56:59.682,1.74685,1.74715,1.00,2.59
2017.05.19 17:57:00.070,1.74685,1.74716,1.00,2.21
2017.05.19 17:57:00.172,1.74684,1.74713,1.34,1.50
2017.05.19 17:57:00.324,1.74688,1.74717,1.00,2.25
2017.05.19 17:57:00.426,1.74688,1.74717,1.00,1.00
2017.05.19 17:57:00.840,1.74696,1.7472,1.00,1.37
2017.05.19 17:57:00.993,1.74696,1.74721,1.00,1.00
2017.05.19 17:57:01.348,1.74693,1.74722,1.50,1.12
2017.05.19 17:57:01.850,1.74693,1.74722,1.84,1.00
2017.05.19 17:57:02.414,1.74694,1.74723,1.09,2.62
2017.05.19 17:57:03.096,1.74694,1.74722,1.09,1.00
2017.05.19 17:57:04.261,1.74696,1.74722,1.00,1.00
2017.05.19 17:57:04.795,1.74695,1.74724,1.00,1.50
2017.05.19 17:57:05.309,1.74695,1.74723,1.09,1.00
2017.05.19 17:57:05.691,1.74694,1.74721,1.09,1.00
2017.05.19 17:57:06.218,1.74693,1.74722,1.09,1.00
2017.05.19 17:57:07.194,1.74692,1.74721,1.34,1.00
2017.05.19 17:57:07.245,1.74692,1.74721,1.00,1.00
2017.05.19 17:57:07.752,1.74691,1.74722,1.50,1.87
2017.05.19 17:57:08.298,1.74692,1.74722,1.00,1.12
2017.05.19 17:57:08.806,1.74693,1.74722,1.00,1.87
2017.05.19 17:57:09.113,1.74691,1.74722,1.50,1.00
2017.05.19 17:57:09.316,1.74694,1.74721,1.34,1.00
2017.05.19 17:57:09.620,1.74694,1.74721,1.00,1.00
2017.05.19 17:57:09.873,1.74692,1.74721,1.00,1.00
2017.05.19 17:57:10.860,1.74692,1.74722,1.00,1.87
2017.05.19 17:57:11.367,1.74692,1.74721,1.00,1.00
2017.05.19 17:57:11.520,1.74691,1.74718,1.00,1.00
2017.05.19 17:57:11.839,1.74691,1.74721,1.09,1.00
2017.05.19 17:57:11.940,1.74691,1.74719,1.09,1.00
2017.05.19 17:57:12.459,1.74692,1.7472,1.00,1.00
2017.05.19 17:57:13.145,1.74692,1.74719,1.00,1.00
2017.05.19 17:57:14.328,1.74691,1.7472,3.34,1.00
2017.05.19 17:57:15.348,1.74692,1.74723,1.00,2.25
2017.05.19 17:57:15.758,1.74692,1.74722,1.00,1.37
2017.05.19 17:57:16.270,1.74692,1.74722,1.00,1.00
2017.05.19 17:57:16.573,1.74694,1.74723,1.34,1.00
2017.05.19 17:57:16.827,1.74697,1.74726,1.84,1.50
2017.05.19 17:57:17.030,1.74697,1.74723,1.09,1.00
2017.05.19 17:57:17.319,1.74697,1.74725,1.09,1.00
2017.05.19 17:57:17.642,1.74697,1.74723,1.00,1.00
2017.05.19 17:57:18.148,1.74694,1.74723,1.34,1.00
2017.05.19 17:57:18.320,1.74696,1.74725,1.09,1.00
2017.05.19 17:57:18.849,1.74693,1.74724,1.34,1.00
2017.05.19 17:57:18.900,1.74693,1.74724,1.00,1.00
2017.05.19 17:57:18.952,1.74693,1.74724,1.84,1.00
2017.05.19 17:57:19.314,1.74693,1.74722,1.34,1.00
2017.05.19 17:57:19.365,1.74695,1.74725,1.00,1.12
2017.05.19 17:57:19.569,1.74695,1.74725,1.00,3.00
2017.05.19 17:57:20.048,1.74695,1.74726,1.00,2.62
2017.05.19 17:57:20.675,1.74695,1.74726,1.00,2.25
2017.05.19 17:57:20.726,1.74695,1.74726,1.00,2.96
2017.05.19 17:57:20.953,1.74693,1.74724,1.50,1.09
2017.05.19 17:57:21.552,1.74695,1.74725,1.00,1.46
2017.05.19 17:57:22.063,1.74694,1.74723,1.00,1.00
2017.05.19 17:57:22.571,1.74693,1.74719,1.00,1.00
2017.05.19 17:57:22.774,1.74693,1.74721,1.00,1.00
2017.05.19 17:57:22.876,1.74693,1.74724,1.50,1.46
2017.05.19 17:57:23.026,1.74693,1.74722,1.50,1.00
2017.05.19 17:57:23.348,1.74693,1.74724,1.50,1.09
2017.05.19 17:57:25.370,1.74696,1.74725,1.00,1.34
2017.05.19 17:57:25.471,1.74694,1.74723,1.00,1.00
2017.05.19 17:57:25.999,1.74695,1.74726,1.00,2.96
2017.05.19 17:57:26.323,1.74695,1.74726,1.00,2.96
2017.05.19 17:57:26.425,1.74695,1.74726,1.00,3.71
2017.05.19 17:57:26.476,1.74694,1.74723,1.00,1.00
2017.05.19 17:57:26.578,1.74692,1.74723,1.87,1.00
2017.05.19 17:57:27.273,1.74693,1.74724,1.00,1.00
2017.05.19 17:57:28.458,1.74695,1.74725,1.00,1.09
2017.05.19 17:57:28.769,1.74694,1.74723,1.00,1.00
2017.05.19 17:57:29.584,1.74695,1.74723,1.00,1.00
2017.05.19 17:57:29.685,1.74696,1.74725,1.00,1.00
2017.05.19 17:57:29.883,1.74695,1.74723,1.00,1.00
2017.05.19 17:57:30.340,1.74711,1.74723,1.00,1.00
2017.05.19 17:57:30.391,1.74694,1.74723,2.62,1.00
2017.05.19 17:57:30.442,1.74696,1.74725,1.00,1.00
2017.05.19 17:57:30.949,1.74693,1.74724,3.71,1.00
2017.05.19 17:57:31.499,1.74696,1.74725,1.00,1.00
2017.05.19 17:57:32.020,1.74693,1.74724,2.21,1.00
2017.05.19 17:57:32.176,1.74695,1.74726,1.09,1.09
2017.05.19 17:57:32.581,1.74693,1.74723,1.71,1.00
2017.05.19 17:57:32.974,1.74695,1.74724,1.84,1.00
2017.05.19 17:57:33.278,1.74696,1.74726,1.46,1.50
2017.05.19 17:57:33.976,1.74697,1.74725,1.34,1.00
2017.05.19 17:57:34.539,1.74697,1.74725,1.34,1.00
2017.05.19 17:57:35.101,1.74697,1.74726,1.34,1.50
2017.05.19 17:57:35.634,1.74698,1.74725,1.09,1.00
2017.05.19 17:57:36.182,1.74696,1.74726,1.46,1.50
2017.05.19 17:57:36.587,1.74698,1.74725,1.00,1.00
2017.05.19 17:57:36.691,1.74695,1.74724,1.71,1.00
2017.05.19 17:57:37.047,1.74696,1.74726,1.09,1.00
2017.05.19 17:57:37.555,1.74696,1.74725,1.37,1.00
2017.05.19 17:57:38.692,1.74696,1.74725,1.12,1.00
2017.05.19 17:57:39.558,1.74696,1.74726,1.12,1.00
2017.05.19 17:57:39.785,1.74695,1.74724,1.46,1.00
2017.05.19 17:57:40.091,1.74686,1.74708,1.00,1.00
2017.05.19 17:57:40.194,1.74682,1.74708,1.00,1.00
2017.05.19 17:57:40.398,1.74681,1.74705,1.00,1.00
2017.05.19 17:57:40.651,1.74679,1.74706,1.09,1.00
2017.05.19 17:57:41.018,1.74681,1.74705,1.84,1.00
2017.05.19 17:57:41.069,1.7468,1.74705,1.46,1.00
2017.05.19 17:57:41.585,1.7468,1.74706,1.09,1.00
2017.05.19 17:57:41.636,1.7468,1.74708,1.34,1.00
2017.05.19 17:57:41.788,1.74681,1.74709,1.46,1.00
2017.05.19 17:57:42.133,1.74683,1.7471,1.34,1.50
2017.05.19 17:57:42.651,1.74682,1.74709,1.84,1.00
2017.05.19 17:57:43.114,1.74682,1.74709,1.46,1.00
2017.05.19 17:57:43.642,1.74682,1.7471,1.34,1.00
2017.05.19 17:57:44.157,1.74682,1.74709,1.46,1.00
2017.05.19 17:57:45.187,1.74683,1.74709,1.09,1.00
2017.05.19 17:57:45.288,1.74685,1.74709,1.00,1.00
2017.05.19 17:57:45.441,1.74685,1.74712,1.09,1.50
2017.05.19 17:57:45.542,1.74689,1.74714,2.21,1.12
2017.05.19 17:57:45.644,1.74692,1.7472,2.96,1.37
2017.05.19 17:57:45.796,1.74696,1.74723,1.34,1.87
2017.05.19 17:57:45.847,1.74696,1.74724,1.34,2.25
2017.05.19 17:57:46.389,1.74698,1.74723,1.00,2.25
2017.05.19 17:57:47.026,1.74698,1.74723,1.34,1.50
2017.05.19 17:57:47.549,1.74696,1.74723,1.34,2.25
2017.05.19 17:57:47.794,1.74696,1.74723,1.09,3.00
2017.05.19 17:57:47.896,1.74694,1.74723,1.46,3.00
2017.05.19 17:57:47.998,1.74694,1.7472,1.09,1.00
2017.05.19 17:57:48.302,1.74693,1.74715,1.34,1.00
2017.05.19 17:57:48.521,1.74692,1.74714,1.00,1.00
2017.05.19 17:57:48.674,1.74686,1.74714,1.75,1.00
2017.05.19 17:57:49.217,1.74689,1.74715,1.00,1.50
2017.05.19 17:57:49.420,1.7469,1.74715,1.37,1.00
2017.05.19 17:57:49.927,1.74692,1.74715,1.12,1.00
2017.05.19 17:57:50.029,1.74692,1.74717,1.00,1.00
2017.05.19 17:57:50.548,1.74689,1.74718,1.87,1.00
2017.05.19 17:57:51.165,1.7469,1.74717,1.37,1.00
2017.05.19 17:57:51.368,1.7469,1.74718,1.00,1.00
2017.05.19 17:57:51.571,1.7469,1.74716,1.00,1.00
2017.05.19 17:57:51.866,1.7469,1.74718,1.37,1.00
2017.05.19 17:57:51.968,1.74689,1.74716,1.37,1.00
2017.05.19 17:57:52.070,1.74689,1.74718,1.37,1.50
2017.05.19 17:57:52.604,1.74689,1.74717,1.37,1.00
2017.05.19 17:57:53.154,1.74687,1.74716,1.37,1.00
2017.05.19 17:57:53.667,1.74687,1.74717,1.37,1.00
2017.05.19 17:57:53.820,1.74687,1.74718,1.37,1.50
2017.05.19 17:57:53.921,1.74687,1.74718,1.00,2.62
2017.05.19 17:57:53.972,1.74686,1.74715,1.50,1.00
2017.05.19 17:57:54.276,1.74685,1.74707,1.84,1.00
2017.05.19 17:57:54.328,1.7468,1.74706,1.84,1.37
2017.05.19 17:57:54.379,1.74678,1.74704,1.87,1.00
2017.05.19 17:57:54.430,1.74678,1.74704,2.21,1.37
2017.05.19 17:57:54.582,1.74678,1.74702,1.46,1.37
2017.05.19 17:57:55.327,1.7468,1.74701,1.84,1.12
2017.05.19 17:57:55.530,1.74681,1.74704,1.84,1.00
2017.05.19 17:57:55.682,1.74683,1.74708,1.84,1.00
2017.05.19 17:57:55.784,1.74684,1.74711,1.84,1.00
2017.05.19 17:57:55.936,1.74684,1.74711,2.21,1.00
2017.05.19 17:57:56.474,1.74684,1.74712,1.12,1.50
2017.05.19 17:57:56.989,1.74684,1.74711,2.21,1.00
2017.05.19 17:57:57.344,1.74684,1.74711,3.34,1.00
2017.05.19 17:57:57.889,1.74686,1.74712,1.00,1.00
2017.05.19 17:57:58.376,1.74686,1.74711,1.37,1.00
2017.05.19 17:57:59.569,1.74686,1.74711,1.37,1.00
2017.05.19 17:58:00.102,1.74686,1.74714,1.37,1.00
2017.05.19 17:58:00.203,1.74686,1.74717,1.12,1.50
2017.05.19 17:58:01.225,1.74686,1.74717,1.37,3.00
2017.05.19 17:58:01.620,1.74683,1.74712,3.71,1.00
2017.05.19 17:58:02.098,1.74683,1.74714,3.71,1.00
2017.05.19 17:58:02.647,1.74684,1.74713,1.50,1.12
2017.05.19 17:58:04.098,1.74684,1.74714,1.00,1.87
2017.05.19 17:58:04.313,1.74683,1.7471,1.50,1.09
2017.05.19 17:58:04.415,1.74678,1.74708,1.00,1.84
2017.05.19 17:58:04.516,1.74676,1.74704,1.37,1.00
2017.05.19 17:58:04.618,1.74677,1.74706,1.46,1.00
2017.05.19 17:58:05.694,1.7468,1.74704,1.00,1.00
2017.05.19 17:58:05.999,1.7468,1.74699,1.00,1.00
2017.05.19 17:58:06.151,1.7468,1.74705,1.00,1.50
2017.05.19 17:58:06.203,1.74673,1.74702,1.71,1.00
2017.05.19 17:58:06.254,1.74673,1.747,1.34,1.00
2017.05.19 17:58:06.457,1.74669,1.74698,1.46,1.00
2017.05.19 17:58:06.559,1.74669,1.74698,1.71,1.00
2017.05.19 17:58:06.610,1.74669,1.747,1.46,1.00
2017.05.19 17:58:06.922,1.74669,1.74698,1.00,1.00
2017.05.19 17:58:07.847,1.74666,1.74698,2.21,1.00
2017.05.19 17:58:08.155,1.74666,1.74698,2.21,1.00
2017.05.19 17:58:08.357,1.74669,1.747,1.71,1.00
2017.05.19 17:58:08.712,1.74673,1.74702,1.00,1.50
2017.05.19 17:58:08.911,1.7467,1.74702,1.46,1.50
2017.05.19 17:58:09.138,1.7467,1.74699,1.12,1.00
2017.05.19 17:58:09.715,1.74669,1.747,1.71,1.00
2017.05.19 17:58:10.020,1.74669,1.74698,1.09,1.00
2017.05.19 17:58:18.504,1.74669,1.74698,3.71,1.00
2017.05.19 17:58:18.556,1.74675,1.74702,1.12,1.00
2017.05.19 17:58:18.607,1.74675,1.74705,1.12,1.00
2017.05.19 17:58:18.658,1.74674,1.74703,1.46,1.00
2017.05.19 17:58:18.962,1.74678,1.74705,1.09,1.00
2017.05.19 17:58:19.469,1.74676,1.74705,1.71,1.00
2017.05.19 17:58:20.940,1.74678,1.74705,2.21,1.00
2017.05.19 17:58:21.093,1.74682,1.7471,6.34,1.00
2017.05.19 17:58:21.144,1.74687,1.74715,2.21,1.75
2017.05.19 17:58:21.195,1.74686,1.74715,2.21,1.00
2017.05.19 17:58:21.698,1.74684,1.74715,1.84,1.00
2017.05.19 17:58:23.487,1.74684,1.74715,2.59,1.00
2017.05.19 17:58:24.239,1.74686,1.74717,1.71,1.50
2017.05.19 17:58:24.769,1.74686,1.74717,1.34,1.00
2017.05.19 17:58:24.955,1.74695,1.74719,1.84,1.50
2017.05.19 17:58:25.057,1.74695,1.74724,2.21,2.25
2017.05.19 17:58:25.285,1.74697,1.74726,1.84,1.00
2017.05.19 17:58:25.336,1.74697,1.74726,2.59,1.00
2017.05.19 17:58:25.438,1.74697,1.74728,4.09,1.00
2017.05.19 17:58:25.743,1.74701,1.7473,1.87,1.00
2017.05.19 17:58:26.360,1.74702,1.7473,1.00,1.00
2017.05.19 17:58:26.956,1.74701,1.7473,1.50,1.00
2017.05.19 17:58:27.355,1.74701,1.74728,1.12,1.00
2017.05.19 17:58:27.460,1.74701,1.74732,2.62,2.25
2017.05.19 17:58:27.634,1.74702,1.7473,1.00,1.00
2017.05.19 17:58:31.218,1.74701,1.7473,2.25,1.00
2017.05.19 17:58:32.004,1.74701,1.7473,2.59,1.00
2017.05.19 17:58:32.674,1.74701,1.7473,2.25,1.00
2017.05.19 17:58:34.650,1.74701,1.74727,1.00,1.00
2017.05.19 17:58:34.799,1.74698,1.74727,2.59,1.00
2017.05.19 17:58:35.317,1.74699,1.74727,1.00,1.00
2017.05.19 17:58:36.206,1.74698,1.74727,2.21,1.00
2017.05.19 17:58:36.714,1.74696,1.74726,1.87,1.00
2017.05.19 17:58:37.102,1.747,1.74726,1.00,1.00
2017.05.19 17:58:37.154,1.74698,1.74726,1.00,1.00
2017.05.19 17:58:37.667,1.74696,1.74726,2.21,1.00
2017.05.19 17:58:38.287,1.74698,1.74726,1.00,1.00
2017.05.19 17:58:40.025,1.74698,1.74722,1.00,1.00
2017.05.19 17:58:40.076,1.74691,1.7472,2.25,1.00
2017.05.19 17:58:40.379,1.74689,1.74718,1.09,1.00
2017.05.19 17:58:40.644,1.74689,1.74718,1.46,1.00
2017.05.19 17:58:41.265,1.74689,1.74718,1.46,1.00
2017.05.19 17:58:41.419,1.74689,1.74718,1.46,1.00
2017.05.19 17:58:41.623,1.74689,1.74718,1.09,1.00
2017.05.19 17:58:41.957,1.74689,1.7472,1.34,1.87
2017.05.19 17:58:43.039,1.74689,1.7472,1.34,1.87
2017.05.19 17:58:43.548,1.74691,1.74715,1.00,1.00
2017.05.19 17:58:43.599,1.74688,1.74716,1.84,1.00
2017.05.19 17:58:43.701,1.7469,1.74716,1.00,1.37
2017.05.19 17:58:44.233,1.74691,1.74716,1.00,1.37
2017.05.19 17:58:44.670,1.74689,1.74716,1.50,1.37
2017.05.19 17:58:45.215,1.7469,1.74715,1.00,1.12
2017.05.19 17:58:45.745,1.74689,1.74716,1.84,1.37
2017.05.19 17:58:45.999,1.74689,1.74719,1.09,1.00
2017.05.19 17:58:46.050,1.74689,1.74717,1.50,1.00
2017.05.19 17:58:46.355,1.74691,1.74718,1.00,1.37
2017.05.19 17:58:46.508,1.74694,1.74723,1.12,1.46
2017.05.19 17:58:46.660,1.74689,1.74718,1.87,1.00
2017.05.19 17:58:46.964,1.74688,1.74716,1.50,2.25
2017.05.19 17:58:47.646,1.74689,1.74715,1.00,1.00
2017.05.19 17:58:48.518,1.74688,1.74715,1.00,1.00
2017.05.19 17:58:49.584,1.74688,1.74714,1.00,1.00
2017.05.19 17:58:50.834,1.74686,1.74714,1.34,1.00
2017.05.19 17:58:51.138,1.74689,1.74715,1.00,1.00
2017.05.19 17:58:51.442,1.74691,1.74717,2.21,1.50
2017.05.19 17:58:51.641,1.74694,1.74723,1.34,1.00
2017.05.19 17:58:51.692,1.74694,1.74725,1.34,1.00
2017.05.19 17:58:52.018,1.74694,1.74725,1.09,1.00
2017.05.19 17:58:52.069,1.74694,1.74725,1.34,1.00
2017.05.19 17:58:52.622,1.74694,1.74725,1.34,1.00
2017.05.19 17:58:53.747,1.74694,1.74725,1.46,1.00
2017.05.19 17:58:54.052,1.74694,1.74725,3.71,1.00
2017.05.19 17:58:54.578,1.74695,1.74726,1.34,3.00
2017.05.19 17:58:54.932,1.74694,1.74718,1.34,1.00
2017.05.19 17:58:55.519,1.74695,1.74718,1.34,1.00
2017.05.19 17:58:57.529,1.74695,1.74718,1.84,1.00
2017.05.19 17:58:57.737,1.74694,1.74718,1.34,1.00
2017.05.19 17:58:57.889,1.74694,1.74718,1.34,1.00
2017.05.19 17:58:57.991,1.74694,1.74721,1.34,1.00
2017.05.19 17:58:58.134,1.74694,1.74721,1.09,1.00
2017.05.19 17:58:58.639,1.74694,1.74721,1.34,1.00
2017.05.19 17:58:59.164,1.74694,1.74722,1.34,1.00
2017.05.19 17:58:59.424,1.74694,1.7472,1.34,1.00
2017.05.19 17:59:00.020,1.74692,1.74718,2.21,1.00
2017.05.19 17:59:00.121,1.74692,1.74718,1.12,1.00
2017.05.19 17:59:00.223,1.74693,1.74721,1.00,1.00
2017.05.19 17:59:00.324,1.74693,1.74718,1.00,1.00
2017.05.19 17:59:00.933,1.74692,1.74718,1.00,1.00
2017.05.19 17:59:01.690,1.74691,1.74718,1.09,1.00
2017.05.19 17:59:02.297,1.7469,1.74718,2.99,1.00
2017.05.19 17:59:02.834,1.7469,1.74718,2.99,1.00
2017.05.19 17:59:03.839,1.74691,1.74716,1.34,1.00
2017.05.19 17:59:05.313,1.74691,1.74716,1.34,1.00
2017.05.19 17:59:05.511,1.74691,1.74718,1.46,1.00
2017.05.19 17:59:06.022,1.74695,1.74719,1.09,1.00
2017.05.19 17:59:07.118,1.74693,1.74717,1.46,1.00
2017.05.19 17:59:07.458,1.74692,1.74719,1.71,1.00
2017.05.19 17:59:07.998,1.74692,1.74719,1.71,1.00
2017.05.19 17:59:08.150,1.74692,1.74717,1.71,1.00
2017.05.19 17:59:10.068,1.74692,1.74717,1.71,1.00
2017.05.19 17:59:10.376,1.74694,1.74717,1.34,1.00
2017.05.19 17:59:10.478,1.74692,1.74717,1.71,1.00
2017.05.19 17:59:11.010,1.74691,1.74717,1.71,1.00
2017.05.19 17:59:11.429,1.74691,1.74717,1.71,1.00
2017.05.19 17:59:11.959,1.7469,1.74717,1.71,1.00
2017.05.19 17:59:12.313,1.7469,1.74717,1.46,1.00
2017.05.19 17:59:12.364,1.7469,1.74714,1.46,1.00
2017.05.19 17:59:13.260,1.74689,1.74712,2.21,1.00
2017.05.19 17:59:13.440,1.74688,1.74712,1.71,1.00
2017.05.19 17:59:13.808,1.74687,1.74712,2.21,1.00
2017.05.19 17:59:14.373,1.74688,1.74712,1.34,1.00
2017.05.19 17:59:14.706,1.74687,1.74712,1.46,1.00
2017.05.19 17:59:14.807,1.74686,1.74712,1.71,1.00
2017.05.19 17:59:15.081,1.74686,1.74712,1.71,1.00
2017.05.19 17:59:15.613,1.74686,1.74712,1.71,1.00
2017.05.19 17:59:16.534,1.74687,1.74712,1.09,1.00
2017.05.19 17:59:17.348,1.74687,1.74712,1.87,1.00
2017.05.19 17:59:17.722,1.74687,1.74709,1.37,1.00
2017.05.19 17:59:20.587,1.74684,1.74709,2.21,1.00
2017.05.19 17:59:23.829,1.74683,1.74709,1.71,1.00
2017.05.19 17:59:23.880,1.7468,1.74711,4.46,1.00
2017.05.19 17:59:23.931,1.74681,1.74706,2.25,1.00
2017.05.19 17:59:23.982,1.74678,1.74705,1.71,1.00
2017.05.19 17:59:24.541,1.74677,1.74704,3.34,1.00
2017.05.19 17:59:24.744,1.74678,1.74702,2.59,1.00
2017.05.19 17:59:25.073,1.74678,1.74704,1.71,1.00
2017.05.19 17:59:25.124,1.74679,1.74704,2.59,1.00
2017.05.19 17:59:26.397,1.74678,1.74704,2.59,1.00
2017.05.19 17:59:26.792,1.7468,1.74701,1.71,1.00
2017.05.19 17:59:27.486,1.7468,1.74702,1.71,1.00
2017.05.19 17:59:30.914,1.74677,1.74702,1.71,1.00
2017.05.19 17:59:31.516,1.74678,1.74702,1.71,1.00
2017.05.19 17:59:31.569,1.74679,1.74704,2.21,1.00
2017.05.19 17:59:31.620,1.74677,1.74704,2.59,1.00
2017.05.19 17:59:31.671,1.74677,1.74702,1.71,1.00
2017.05.19 17:59:31.975,1.74678,1.747,1.71,1.00
2017.05.19 17:59:32.392,1.74678,1.747,1.46,1.00
2017.05.19 17:59:32.443,1.74678,1.747,1.71,1.00
2017.05.19 17:59:32.943,1.74677,1.747,4.09,1.00
2017.05.19 17:59:33.247,1.74677,1.74702,4.09,1.00
2017.05.19 17:59:33.551,1.7468,1.74702,2.25,1.00
2017.05.19 17:59:34.161,1.74679,1.74702,2.59,1.00
2017.05.19 17:59:37.420,1.7468,1.74702,2.21,1.00
2017.05.19 17:59:37.471,1.74681,1.74704,2.21,1.00
2017.05.19 17:59:37.969,1.74681,1.74704,1.84,1.00
2017.05.19 17:59:38.020,1.7468,1.74704,1.46,1.00
2017.05.19 17:59:38.375,1.74682,1.74701,1.34,1.00
2017.05.19 17:59:38.892,1.74681,1.74702,1.71,1.00
2017.05.19 17:59:39.175,1.74678,1.74701,1.09,1.00
2017.05.19 17:59:39.949,1.74678,1.74699,1.12,1.00
2017.05.19 17:59:40.352,1.74678,1.747,1.46,1.00
2017.05.19 17:59:40.890,1.74677,1.747,1.71,1.00
2017.05.19 17:59:41.495,1.74676,1.74699,1.71,1.00
2017.05.19 17:59:41.802,1.74676,1.747,2.96,1.00
2017.05.19 17:59:42.488,1.74676,1.747,1.71,1.00
2017.05.19 17:59:42.813,1.74676,1.747,2.96,1.00
2017.05.19 17:59:42.864,1.74677,1.747,1.71,1.00
2017.05.19 17:59:42.966,1.74678,1.747,1.71,1.00
2017.05.19 17:59:43.490,1.74678,1.747,2.21,1.00
2017.05.19 17:59:44.054,1.74678,1.74701,2.21,1.00
2017.05.19 17:59:44.206,1.74678,1.74701,1.46,1.00
2017.05.19 17:59:44.490,1.74678,1.74701,1.71,1.00
2017.05.19 17:59:44.743,1.74675,1.74701,1.71,1.00
2017.05.19 17:59:44.794,1.74673,1.74698,1.34,1.50
2017.05.19 17:59:45.132,1.74672,1.74693,1.46,1.00
2017.05.19 17:59:45.436,1.74672,1.74693,1.71,1.00
2017.05.19 17:59:45.773,1.7467,1.74693,1.37,1.00
2017.05.19 17:59:46.097,1.7467,1.74693,2.59,1.00
2017.05.19 17:59:46.436,1.74669,1.74693,1.46,1.00
2017.05.19 17:59:46.741,1.7467,1.74693,2.59,1.00
2017.05.19 17:59:47.252,1.74669,1.74693,3.00,1.50
2017.05.19 17:59:47.763,1.74668,1.74693,3.34,1.50
2017.05.19 17:59:48.328,1.74671,1.74694,1.71,1.00
2017.05.19 17:59:50.437,1.74669,1.74693,3.34,1.00
2017.05.19 17:59:53.761,1.74667,1.74694,1.34,3.00
2017.05.19 17:59:54.003,1.74667,1.74693,4.09,1.12
2017.05.19 17:59:55.766,1.74669,1.74692,1.46,1.00
2017.05.19 17:59:56.930,1.74668,1.74691,2.21,1.00
2017.05.19 17:59:57.339,1.7467,1.74692,1.71,1.00
2017.05.19 17:59:57.788,1.7467,1.74693,1.71,1.50
2017.05.19 17:59:58.143,1.7467,1.74692,1.46,1.00
2017.05.19 17:59:58.687,1.74667,1.74692,2.59,1.00
