2015.11.30 22:00:00.087,2.08247,2.08388,0.75,0.75
2015.11.30 22:00:00.188,2.08237,2.08368,0.37,0.75
2015.11.30 22:00:00.245,2.08227,2.08368,0.75,0.75
2015.11.30 22:00:00.347,2.08234,2.08369,0.75,0.75
2015.11.30 22:00:00.697,2.08256,2.08369,0.75,0.75
2015.11.30 22:00:00.808,2.08277,2.08398,0.75,0.75
2015.11.30 22:00:00.917,2.08281,2.08419,0.75,1.50
2015.11.30 22:00:01.577,2.08282,2.08413,0.75,0.75
2015.11.30 22:00:01.926,2.08302,2.08428,0.75,0.75
2015.11.30 22:00:02.135,2.08291,2.08428,0.75,0.75
2015.11.30 22:00:02.281,2.08291,2.08386,0.75,0.75
2015.11.30 22:00:02.900,2.08286,2.08386,0.75,0.75
2015.11.30 22:00:03.001,2.08286,2.08377,0.75,0.75
2015.11.30 22:00:03.314,2.08286,2.08368,0.75,0.75
2015.11.30 22:00:04.170,2.08286,2.0836,0.75,0.75
2015.11.30 22:00:05.172,2.08286,2.08352,0.75,0.75
2015.11.30 22:00:05.554,2.08286,2.08347,0.75,0.75
2015.11.30 22:00:06.200,2.08271,2.08347,0.75,0.75
2015.11.30 22:00:06.300,2.08271,2.08329,0.75,0.75
2015.11.30 22:00:06.924,2.08271,2.08322,0.75,0.75
2015.11.30 22:00:07.411,2.08271,2.08327,0.75,0.75
2015.11.30 22:00:07.678,2.08271,2.08325,0.75,0.75
2015.11.30 22:00:08.419,2.08271,2.08322,0.75,0.75
2015.11.30 22:00:08.740,2.08271,2.0832,0.75,0.75
2015.11.30 22:00:08.839,2.08246,2.0832,0.75,0.75
2015.11.30 22:00:08.890,2.08246,2.08393,0.75,0.75
2015.11.30 22:00:08.995,2.08296,2.08393,0.75,0.75
2015.11.30 22:00:09.380,2.08307,2.08392,0.75,0.75
2015.11.30 22:00:09.845,2.08306,2.08389,0.75,0.75
2015.11.30 22:00:10.175,2.08307,2.08385,0.75,0.75
2015.11.30 22:00:10.584,2.08306,2.08395,0.75,0.75
2015.11.30 22:00:11.149,2.08306,2.08394,0.75,0.75
2015.11.30 22:00:11.200,2.08292,2.08394,0.75,0.75
2015.11.30 22:00:11.686,2.08292,2.08392,0.75,0.75
2015.11.30 22:00:12.688,2.0828,2.08386,0.75,0.75
2015.11.30 22:00:12.888,2.0828,2.08384,0.75,0.75
2015.11.30 22:00:13.924,2.08304,2.08396,0.75,0.75
2015.11.30 22:00:14.440,2.08304,2.08394,0.75,0.75
2015.11.30 22:00:14.541,2.08298,2.08394,0.75,0.75
2015.11.30 22:00:14.591,2.08298,2.08389,0.75,0.75
2015.11.30 22:00:15.593,2.08297,2.08386,0.75,0.75
2015.11.30 22:00:16.595,2.08297,2.08384,0.75,0.75
2015.11.30 22:00:16.955,2.08297,2.08365,0.75,0.75
2015.11.30 22:00:18.129,2.08272,2.08357,0.75,0.75
2015.11.30 22:00:19.099,2.08196,2.08351,0.75,0.75
2015.11.30 22:00:29.189,2.08282,2.08463,0.75,1.00
2015.11.30 22:00:29.630,2.08272,2.08478,0.75,1.00
2015.11.30 22:00:29.739,2.08281,2.08464,0.75,1.00
2015.11.30 22:00:31.389,2.08267,2.08473,0.75,1.00
2015.11.30 22:00:35.129,2.08266,2.08449,0.75,1.00
2015.11.30 22:00:53.169,2.08231,2.08399,0.75,1.00
2015.11.30 22:00:54.819,2.08226,2.08404,0.75,1.00
2015.11.30 22:00:57.021,2.08232,2.08398,0.75,1.00
2015.11.30 22:00:57.134,2.08226,2.08404,0.75,1.00
2015.11.30 22:01:00.765,2.08236,2.08399,0.75,1.00
2015.11.30 22:01:04.938,2.08236,2.08389,0.75,1.00
2015.11.30 22:01:05.718,2.08237,2.08408,0.75,1.00
2015.11.30 22:01:06.808,2.08236,2.08409,0.75,1.00
2015.11.30 22:01:07.250,2.08242,2.08413,0.75,1.00
2015.11.30 22:01:25.728,2.08252,2.08433,0.75,1.00
2015.11.30 22:01:26.506,2.08247,2.08418,0.75,1.00
2015.11.30 22:01:32.008,2.08246,2.08419,0.75,1.00
2015.11.30 22:01:33.538,2.08242,2.08398,0.75,1.00
2015.11.30 22:01:34.637,2.08247,2.08403,0.75,1.00
2015.11.30 22:01:35.848,2.08246,2.08404,0.75,1.00
2015.11.30 22:01:42.227,2.08241,2.08394,0.75,0.75
2015.11.30 22:01:42.547,2.08252,2.08403,0.75,0.75
2015.11.30 22:02:05.550,2.08257,2.08408,0.75,0.75
2015.11.30 22:02:06.317,2.08262,2.08408,0.75,0.75
2015.11.30 22:02:36.068,2.08085,2.08355,0.75,0.75
2015.11.30 22:02:36.857,2.08085,2.08352,0.75,0.75
2015.11.30 22:02:37.716,2.08088,2.08352,0.75,0.75
2015.11.30 22:02:38.127,2.08093,2.08351,0.75,0.75
2015.11.30 22:02:39.256,2.08093,2.08353,0.75,0.75
2015.11.30 22:02:40.246,2.08093,2.08356,0.75,0.75
2015.11.30 22:02:42.799,2.08082,2.08361,0.75,0.75
2015.11.30 22:02:42.996,2.08085,2.08364,0.75,0.75
2015.11.30 22:02:43.410,2.08082,2.08361,0.75,0.75
2015.11.30 22:02:47.829,2.08157,2.08353,0.75,0.75
2015.11.30 22:02:48.361,2.08169,2.08353,0.75,0.75
2015.11.30 22:02:49.816,2.08166,2.08353,0.75,0.75
2015.11.30 22:02:51.906,2.08168,2.08353,0.75,0.75
2015.11.30 22:02:57.906,2.08216,2.08364,0.75,0.75
2015.11.30 22:03:00.436,2.08227,2.08383,0.75,0.75
2015.11.30 22:03:09.055,2.08257,2.08393,0.75,0.75
2015.11.30 22:03:24.359,2.08256,2.08394,0.75,0.75
2015.11.30 22:03:25.109,2.08251,2.08389,0.75,0.75
2015.11.30 22:03:25.715,2.08252,2.08388,0.75,0.75
2015.11.30 22:03:27.862,2.08266,2.08384,0.75,0.75
2015.11.30 22:03:39.206,2.08271,2.08384,0.75,0.75
2015.11.30 22:03:50.815,2.08272,2.08413,0.75,0.75
2015.11.30 22:03:57.868,2.08276,2.08429,0.75,0.75
2015.11.30 22:04:27.149,2.08277,2.08466,1.00,1.00
2015.11.30 22:04:27.274,2.08277,2.08483,1.00,1.00
2015.11.30 22:04:28.434,2.08271,2.08479,1.00,1.00
2015.11.30 22:04:28.654,2.08267,2.08473,1.00,1.00
2015.11.30 22:04:29.363,2.08251,2.08459,1.00,1.00
2015.11.30 22:04:29.424,2.08229,2.08508,0.75,0.75
2015.11.30 22:04:29.475,2.08229,2.08511,0.75,0.75
2015.11.30 22:04:38.493,2.08233,2.0851,0.75,0.75
2015.11.30 22:05:01.155,2.08233,2.08514,0.75,0.75
2015.11.30 22:05:02.191,2.08251,2.08444,1.00,0.75
2015.11.30 22:05:10.175,2.08261,2.08454,1.00,1.00
2015.11.30 22:05:21.442,2.08262,2.08453,1.00,1.00
2015.11.30 22:05:21.724,2.08266,2.08459,1.00,1.00
2015.11.30 22:05:34.066,2.08261,2.08454,1.00,1.00
2015.11.30 22:05:53.642,2.08267,2.08448,1.00,1.00
2015.11.30 22:05:59.488,2.08261,2.08454,1.00,1.00
2015.11.30 22:06:00.114,2.08314,2.08454,0.75,1.00
2015.11.30 22:06:00.164,2.08323,2.08488,1.00,1.00
2015.11.30 22:06:00.215,2.08331,2.08488,1.00,0.75
2015.11.30 22:06:01.127,2.0834,2.08488,1.00,0.75
2015.11.30 22:06:02.229,2.08338,2.08488,1.00,0.75
2015.11.30 22:06:03.231,2.08336,2.08488,1.00,0.75
2015.11.30 22:06:04.231,2.08338,2.08488,1.00,0.75
2015.11.30 22:06:06.325,2.08365,2.08488,1.00,1.00
2015.11.30 22:06:08.852,2.08366,2.08488,1.00,1.00
2015.11.30 22:06:09.455,2.08365,2.08488,1.00,1.00
2015.11.30 22:06:10.204,2.08366,2.08488,1.00,1.00
2015.11.30 22:06:10.254,2.0836,2.08488,1.00,1.00
2015.11.30 22:06:11.256,2.08363,2.08488,1.00,1.00
2015.11.30 22:06:11.324,2.08358,2.08488,1.00,1.00
2015.11.30 22:06:13.360,2.08359,2.08488,1.00,1.00
2015.11.30 22:06:15.784,2.08359,2.08491,1.00,1.00
2015.11.30 22:06:15.884,2.08354,2.08489,1.00,1.00
2015.11.30 22:06:15.935,2.08335,2.0845,1.00,0.75
2015.11.30 22:06:16.086,2.08276,2.08434,1.00,0.75
2015.11.30 22:06:16.187,2.08275,2.08514,1.00,1.00
2015.11.30 22:06:17.544,2.08267,2.08501,1.00,1.00
2015.11.30 22:06:17.850,2.08292,2.08425,1.00,0.75
2015.11.30 22:06:18.568,2.08294,2.08429,1.00,0.75
2015.11.30 22:06:20.071,2.08301,2.08435,1.00,0.75
2015.11.30 22:06:20.567,2.08299,2.08431,1.00,0.75
2015.11.30 22:06:22.547,2.08298,2.08432,1.00,0.75
2015.11.30 22:06:24.076,2.08299,2.08431,1.00,0.75
2015.11.30 22:06:27.797,2.08298,2.08432,1.00,0.75
2015.11.30 22:06:32.589,2.08299,2.08431,1.00,0.75
2015.11.30 22:06:34.463,2.08298,2.08432,1.00,0.75
2015.11.30 22:06:38.470,2.08299,2.08431,1.00,0.75
2015.11.30 22:06:44.479,2.08297,2.08431,1.00,0.75
2015.11.30 22:06:46.482,2.08298,2.0843,1.00,0.75
2015.11.30 22:06:48.485,2.08297,2.08431,1.00,0.75
2015.11.30 22:06:49.787,2.08298,2.0843,1.00,0.75
2015.11.30 22:06:50.488,2.08297,2.08431,1.00,0.75
2015.11.30 22:06:54.495,2.08298,2.0843,1.00,0.75
2015.11.30 22:06:56.553,2.08297,2.08431,1.00,0.75
2015.11.30 22:06:58.435,2.08306,2.08441,1.00,0.75
2015.11.30 22:06:58.536,2.08313,2.08445,1.00,0.75
2015.11.30 22:06:58.801,2.08316,2.0845,1.00,0.75
2015.11.30 22:07:02.707,2.08317,2.08449,1.00,0.75
2015.11.30 22:07:04.710,2.08316,2.0845,1.00,0.75
2015.11.30 22:07:06.713,2.08317,2.08449,1.00,0.75
2015.11.30 22:07:08.123,2.08316,2.0845,1.00,0.75
2015.11.30 22:07:10.159,2.08322,2.08454,1.00,0.75
2015.11.30 22:07:10.713,2.08321,2.08455,1.00,0.75
2015.11.30 22:07:11.043,2.08317,2.08449,1.00,0.75
2015.11.30 22:07:14.853,2.08316,2.0845,1.00,0.75
2015.11.30 22:07:18.859,2.08317,2.08449,1.00,0.75
2015.11.30 22:07:20.865,2.08316,2.0845,1.00,0.75
2015.11.30 22:07:22.838,2.08317,2.08449,1.00,0.75
2015.11.30 22:07:23.153,2.08321,2.08434,1.00,1.00
2015.11.30 22:07:23.455,2.08321,2.08432,1.00,1.00
2015.11.30 22:07:24.268,2.08322,2.08432,1.00,1.00
2015.11.30 22:07:24.863,2.08317,2.08432,1.00,1.00
2015.11.30 22:07:25.068,2.08319,2.08438,1.00,1.00
2015.11.30 22:07:25.119,2.08324,2.08438,1.00,1.00
2015.11.30 22:07:26.845,2.08319,2.08438,1.00,1.00
2015.11.30 22:07:29.074,2.0832,2.08437,1.00,1.00
2015.11.30 22:07:33.079,2.08319,2.08438,1.00,1.00
2015.11.30 22:07:34.982,2.0832,2.08437,1.00,1.00
2015.11.30 22:07:40.991,2.08319,2.08438,1.00,1.00
2015.11.30 22:07:44.671,2.08317,2.08436,1.50,1.00
2015.11.30 22:07:45.048,2.0832,2.08437,1.00,1.00
2015.11.30 22:07:47.093,2.08319,2.08438,1.00,1.00
2015.11.30 22:07:47.453,2.08317,2.08435,1.00,1.00
2015.11.30 22:07:48.034,2.08317,2.08434,1.50,1.00
2015.11.30 22:07:51.387,2.08317,2.08435,1.00,1.00
2015.11.30 22:07:51.923,2.08317,2.08434,1.50,1.00
2015.11.30 22:07:53.387,2.08321,2.08438,1.00,1.00
2015.11.30 22:07:53.732,2.08318,2.08435,1.00,1.00
2015.11.30 22:07:53.788,2.0832,2.08439,1.00,1.50
2015.11.30 22:07:55.691,2.0832,2.08437,1.00,1.00
2015.11.30 22:08:01.700,2.08319,2.08438,1.00,1.00
2015.11.30 22:08:03.703,2.0832,2.08437,1.00,1.00
2015.11.30 22:08:04.219,2.08319,2.08438,1.00,1.00
2015.11.30 22:08:05.835,2.0832,2.08437,1.00,1.00
2015.11.30 22:08:07.187,2.08319,2.08438,1.00,1.00
2015.11.30 22:08:07.710,2.08322,2.08439,1.00,1.00
2015.11.30 22:08:07.811,2.08317,2.08439,1.00,1.00
2015.11.30 22:08:08.012,2.08323,2.08439,1.00,1.00
2015.11.30 22:08:08.312,2.08317,2.08439,1.00,1.00
2015.11.30 22:08:10.315,2.08322,2.08439,1.00,1.50
2015.11.30 22:08:10.415,2.0832,2.08439,1.00,1.50
2015.11.30 22:08:10.719,2.08325,2.08439,1.00,1.00
2015.11.30 22:08:11.043,2.08317,2.08439,1.00,1.00
2015.11.30 22:08:12.719,2.08323,2.08439,1.00,1.00
2015.11.30 22:08:12.846,2.0832,2.08439,1.00,1.50
2015.11.30 22:08:15.264,2.08324,2.08439,1.00,1.00
2015.11.30 22:08:15.365,2.0832,2.08439,1.00,1.50
2015.11.30 22:08:15.571,2.08317,2.08439,1.00,1.00
2015.11.30 22:08:17.855,2.08321,2.08439,1.00,1.50
2015.11.30 22:08:18.755,2.08324,2.08439,1.00,1.00
2015.11.30 22:08:18.857,2.08322,2.08439,1.00,1.00
2015.11.30 22:08:19.403,2.08321,2.08439,1.00,1.00
2015.11.30 22:08:20.101,2.08318,2.08435,1.00,1.00
2015.11.30 22:08:20.433,2.08323,2.08439,1.00,1.00
2015.11.30 22:08:21.536,2.08325,2.08439,1.00,1.00
2015.11.30 22:08:22.065,2.08317,2.08439,1.00,1.00
2015.11.30 22:08:22.943,2.08327,2.08439,1.00,1.00
2015.11.30 22:08:23.153,2.08325,2.08439,1.00,1.00
2015.11.30 22:08:23.787,2.08317,2.08439,1.00,1.00
2015.11.30 22:08:24.494,2.08325,2.08439,1.00,1.00
2015.11.30 22:08:25.053,2.08317,2.08439,1.00,1.00
2015.11.30 22:08:25.252,2.0832,2.08442,1.00,1.00
2015.11.30 22:08:25.877,2.08326,2.08442,1.00,1.00
2015.11.30 22:08:27.085,2.08325,2.08442,1.00,1.00
2015.11.30 22:08:29.883,2.08326,2.08442,1.00,1.00
2015.11.30 22:08:31.055,2.08325,2.08442,1.00,1.00
2015.11.30 22:08:31.757,2.08326,2.08442,1.00,1.00
2015.11.30 22:08:33.174,2.08325,2.08442,1.00,1.00
2015.11.30 22:08:33.968,2.08324,2.08441,1.00,1.00
2015.11.30 22:08:34.991,2.08323,2.08442,1.00,1.50
2015.11.30 22:08:35.619,2.08324,2.08441,1.00,1.00
2015.11.30 22:08:40.171,2.08323,2.08442,1.00,1.50
2015.11.30 22:08:41.073,2.08322,2.08439,1.00,1.00
2015.11.30 22:08:41.283,2.08323,2.08442,1.00,1.50
2015.11.30 22:08:41.474,2.08322,2.08439,1.00,1.00
2015.11.30 22:08:43.594,2.08321,2.0844,1.00,1.00
2015.11.30 22:08:44.507,2.08323,2.08442,1.00,1.50
2015.11.30 22:08:45.308,2.08324,2.08441,1.00,1.00
2015.11.30 22:08:46.510,2.08323,2.08442,1.00,1.50
2015.11.30 22:08:48.559,2.08324,2.08441,1.00,1.00
2015.11.30 22:08:49.314,2.08323,2.08442,1.00,1.50
2015.11.30 22:08:53.320,2.08324,2.08441,1.00,1.00
2015.11.30 22:08:54.494,2.08323,2.0844,1.00,1.00
2015.11.30 22:08:57.326,2.08322,2.08441,1.00,1.00
2015.11.30 22:08:57.927,2.08323,2.0844,1.00,1.00
2015.11.30 22:08:58.428,2.08322,2.08441,1.00,1.00
2015.11.30 22:09:00.427,2.08323,2.0844,1.00,1.00
2015.11.30 22:09:01.332,2.08322,2.08441,1.00,1.00
2015.11.30 22:09:01.933,2.08323,2.0844,1.00,1.00
2015.11.30 22:09:03.336,2.08325,2.08442,1.00,1.00
2015.11.30 22:09:05.339,2.08322,2.08439,1.00,1.00
2015.11.30 22:09:07.215,2.08321,2.0844,1.00,1.00
2015.11.30 22:09:09.245,2.08322,2.08439,1.00,1.00
2015.11.30 22:09:11.248,2.08321,2.0844,1.00,1.00
2015.11.30 22:09:14.554,2.0832,2.08438,1.00,1.00
2015.11.30 22:09:15.529,2.08322,2.08441,1.00,1.00
2015.11.30 22:09:16.758,2.08323,2.0844,1.00,1.00
2015.11.30 22:09:17.259,2.08322,2.08441,1.00,1.00
2015.11.30 22:09:17.874,2.08323,2.0844,1.00,1.00
2015.11.30 22:09:19.563,2.08322,2.08441,1.00,1.00
2015.11.30 22:09:21.557,2.08323,2.0844,1.00,1.00
2015.11.30 22:09:25.546,2.08322,2.08441,1.00,1.00
2015.11.30 22:09:27.170,2.08323,2.0844,1.00,1.00
2015.11.30 22:09:29.580,2.08322,2.08441,1.00,1.00
2015.11.30 22:09:31.557,2.08323,2.0844,1.00,1.00
2015.11.30 22:09:36.780,2.08322,2.08441,1.00,1.00
2015.11.30 22:09:37.591,2.08323,2.0844,1.00,1.00
2015.11.30 22:09:41.572,2.08322,2.08441,1.00,1.00
2015.11.30 22:09:54.609,2.0832,2.08439,1.00,1.00
2015.11.30 22:09:54.923,2.08323,2.0844,1.00,1.00
2015.11.30 22:09:55.499,2.08321,2.08438,1.00,1.00
2015.11.30 22:09:55.820,2.08329,2.08446,1.00,1.00
2015.11.30 22:09:56.210,2.0833,2.08444,1.00,1.00
2015.11.30 22:09:56.870,2.08329,2.08444,1.00,1.00
2015.11.30 22:09:57.396,2.08328,2.08444,1.00,1.00
2015.11.30 22:09:58.240,2.08327,2.08444,1.00,1.00
2015.11.30 22:09:59.230,2.08322,2.08441,1.00,1.00
2015.11.30 22:09:59.323,2.08329,2.08445,1.00,1.00
2015.11.30 22:10:01.230,2.08328,2.08445,1.00,1.00
2015.11.30 22:10:02.652,2.08329,2.08445,1.00,1.00
2015.11.30 22:10:03.211,2.08328,2.08445,1.00,1.00
2015.11.30 22:10:05.902,2.08332,2.08446,1.00,1.00
2015.11.30 22:10:06.232,2.08332,2.08444,1.00,1.00
2015.11.30 22:10:10.786,2.08332,2.08446,1.00,1.50
2015.11.30 22:10:11.117,2.08332,2.08444,1.00,1.00
2015.11.30 22:10:15.362,2.08335,2.08448,1.00,1.00
2015.11.30 22:10:15.582,2.08332,2.08448,1.00,1.50
2015.11.30 22:10:15.642,2.08334,2.08448,1.00,1.00
2015.11.30 22:10:15.964,2.0835,2.08456,1.00,1.00
2015.11.30 22:10:16.513,2.08349,2.08455,1.00,1.00
2015.11.30 22:10:17.378,2.08345,2.08455,1.00,1.00
2015.11.30 22:10:17.917,2.08345,2.08456,1.00,1.00
2015.11.30 22:10:18.519,2.08345,2.08457,1.00,1.37
2015.11.30 22:10:20.024,2.08347,2.08455,1.00,1.37
2015.11.30 22:10:20.638,2.08346,2.08455,1.00,1.37
2015.11.30 22:10:21.172,2.08346,2.08455,1.00,1.12
2015.11.30 22:10:21.927,2.08346,2.08455,1.00,1.37
2015.11.30 22:10:23.721,2.08347,2.08454,1.00,1.12
2015.11.30 22:10:25.935,2.08341,2.08454,1.00,1.00
2015.11.30 22:10:26.486,2.08341,2.08458,1.00,1.50
2015.11.30 22:10:26.587,2.08346,2.08461,1.00,1.37
2015.11.30 22:10:26.889,2.08355,2.08457,1.00,1.37
2015.11.30 22:10:27.091,2.08347,2.08457,1.00,1.37
2015.11.30 22:10:27.314,2.08339,2.08454,1.50,1.00
2015.11.30 22:10:27.365,2.08339,2.08451,1.00,1.00
2015.11.30 22:10:27.588,2.08339,2.08454,1.00,1.87
2015.11.30 22:10:29.893,2.08353,2.08464,1.00,1.37
2015.11.30 22:10:30.893,2.08352,2.08461,1.00,1.37
2015.11.30 22:10:31.845,2.08352,2.08461,1.00,1.37
2015.11.30 22:10:32.847,2.08352,2.08461,1.00,1.37
2015.11.30 22:10:33.532,2.08353,2.08461,1.00,1.00
2015.11.30 22:10:35.980,2.08354,2.08461,1.00,1.00
2015.11.30 22:10:36.081,2.08354,2.08461,1.00,1.37
2015.11.30 22:10:36.982,2.08353,2.08461,1.00,1.37
2015.11.30 22:10:37.483,2.08357,2.08461,1.00,1.37
2015.11.30 22:10:37.984,2.08357,2.08467,1.00,1.37
2015.11.30 22:10:38.259,2.08357,2.08467,1.00,1.00
2015.11.30 22:10:38.813,2.08358,2.08467,1.00,1.00
2015.11.30 22:10:39.488,2.08357,2.08467,1.00,1.00
2015.11.30 22:10:40.249,2.08357,2.08466,1.00,1.00
2015.11.30 22:10:40.781,2.08356,2.08467,1.00,1.00
2015.11.30 22:10:41.809,2.08359,2.08467,1.00,1.00
2015.11.30 22:10:42.130,2.08359,2.08465,1.00,1.00
2015.11.30 22:10:43.500,2.08359,2.08464,1.00,1.00
2015.11.30 22:10:43.628,2.08356,2.08464,1.00,1.00
2015.11.30 22:10:45.498,2.08355,2.08464,1.00,1.00
2015.11.30 22:10:46.202,2.08355,2.08464,1.00,1.37
2015.11.30 22:10:49.508,2.08356,2.08464,1.00,1.37
2015.11.30 22:10:50.044,2.08356,2.08464,1.00,1.37
2015.11.30 22:10:50.392,2.08359,2.08464,1.50,1.37
2015.11.30 22:10:50.711,2.08369,2.08464,1.00,1.37
2015.11.30 22:10:51.128,2.08373,2.08464,1.00,1.37
2015.11.30 22:10:51.694,2.08373,2.08464,1.00,1.37
2015.11.30 22:10:52.402,2.08372,2.08464,1.00,1.37
2015.11.30 22:10:53.113,2.08372,2.08464,1.00,1.37
2015.11.30 22:10:53.642,2.08373,2.08464,1.00,1.37
2015.11.30 22:10:53.984,2.08375,2.0848,1.00,1.37
2015.11.30 22:10:54.073,2.08382,2.0848,1.00,1.37
2015.11.30 22:10:54.124,2.08395,2.08485,1.00,1.37
2015.11.30 22:10:54.653,2.08401,2.08494,1.00,1.37
2015.11.30 22:10:54.783,2.08396,2.0849,1.00,1.37
2015.11.30 22:10:54.886,2.08392,2.0849,1.00,1.37
2015.11.30 22:10:54.987,2.08384,2.08477,1.00,1.37
2015.11.30 22:10:55.088,2.0838,2.08477,1.00,1.37
2015.11.30 22:10:55.138,2.08383,2.08477,1.00,1.37
2015.11.30 22:10:55.511,2.08396,2.08494,1.00,1.37
2015.11.30 22:10:56.104,2.08396,2.08494,1.00,1.00
2015.11.30 22:10:57.182,2.08382,2.08476,1.00,1.00
2015.11.30 22:10:57.742,2.08383,2.08476,1.00,1.00
2015.11.30 22:10:59.162,2.08383,2.08459,1.00,1.00
2015.11.30 22:10:59.263,2.08376,2.08459,1.00,1.00
2015.11.30 22:10:59.364,2.08381,2.08474,1.00,1.00
2015.11.30 22:10:59.414,2.08381,2.08474,1.00,1.37
2015.11.30 22:11:00.051,2.0838,2.08477,1.00,1.37
2015.11.30 22:11:00.711,2.0838,2.08477,1.00,1.37
2015.11.30 22:11:01.312,2.0838,2.08477,1.00,1.37
2015.11.30 22:11:03.315,2.0838,2.08477,1.00,1.37
2015.11.30 22:11:05.669,2.08381,2.08477,1.00,1.37
2015.11.30 22:11:07.362,2.08381,2.08477,1.00,1.37
2015.11.30 22:11:07.755,2.08381,2.08477,1.00,1.37
2015.11.30 22:11:09.125,2.08381,2.08477,1.00,1.00
2015.11.30 22:11:09.953,2.0838,2.08477,1.00,1.00
2015.11.30 22:11:13.183,2.08381,2.08477,1.00,1.00
2015.11.30 22:11:13.941,2.0838,2.08477,1.00,1.00
2015.11.30 22:11:15.255,2.08381,2.08477,1.00,1.00
2015.11.30 22:11:17.292,2.0838,2.08477,1.00,1.00
2015.11.30 22:11:17.443,2.08381,2.08477,1.00,1.37
2015.11.30 22:11:17.960,2.0838,2.08477,1.00,1.37
2015.11.30 22:11:18.563,2.0838,2.08477,1.00,1.37
2015.11.30 22:11:20.591,2.08381,2.08477,1.00,1.37
2015.11.30 22:11:25.274,2.0838,2.08477,1.00,1.37
2015.11.30 22:11:25.825,2.0838,2.08477,1.00,1.37
2015.11.30 22:11:26.357,2.0838,2.08477,1.00,1.37
2015.11.30 22:11:26.858,2.0838,2.08487,1.00,1.37
2015.11.30 22:11:27.196,2.08381,2.08487,1.00,1.00
2015.11.30 22:11:27.806,2.0838,2.08487,1.00,1.00
2015.11.30 22:11:28.815,2.08381,2.08487,1.00,1.00
2015.11.30 22:11:29.366,2.0838,2.08487,1.00,1.00
2015.11.30 22:11:31.499,2.08384,2.08487,1.00,1.00
2015.11.30 22:11:31.809,2.08384,2.08484,1.00,1.00
2015.11.30 22:11:32.030,2.08381,2.08484,1.00,1.00
2015.11.30 22:11:32.131,2.08381,2.08476,1.00,1.00
2015.11.30 22:11:32.502,2.08381,2.08471,1.00,1.00
2015.11.30 22:11:32.781,2.0838,2.0848,1.00,1.00
2015.11.30 22:11:33.420,2.08381,2.0848,1.00,1.00
2015.11.30 22:11:34.022,2.08382,2.0848,1.00,1.00
2015.11.30 22:11:34.179,2.08382,2.0848,1.00,1.37
2015.11.30 22:11:34.330,2.08364,2.0848,1.00,1.37
2015.11.30 22:11:34.807,2.08381,2.0848,1.00,1.37
2015.11.30 22:11:35.399,2.08381,2.0848,1.00,1.37
2015.11.30 22:11:35.942,2.08384,2.0848,1.00,1.37
2015.11.30 22:11:36.252,2.08386,2.0848,1.00,1.37
2015.11.30 22:11:36.644,2.08382,2.0848,1.00,1.37
2015.11.30 22:11:36.861,2.08385,2.0848,1.00,1.37
2015.11.30 22:11:38.797,2.08385,2.0848,1.00,1.37
2015.11.30 22:11:40.800,2.08385,2.0848,1.00,1.37
2015.11.30 22:11:42.439,2.08381,2.08476,1.00,1.00
2015.11.30 22:11:42.540,2.08388,2.08476,1.00,1.00
2015.11.30 22:11:43.142,2.08384,2.08476,1.00,1.00
2015.11.30 22:11:43.650,2.08385,2.08476,1.00,1.00
2015.11.30 22:11:44.109,2.08385,2.08483,1.00,1.00
2015.11.30 22:11:44.640,2.08384,2.08483,1.00,1.00
2015.11.30 22:11:51.073,2.08385,2.08483,1.00,1.00
2015.11.30 22:11:52.175,2.08385,2.08486,1.00,1.00
2015.11.30 22:11:52.609,2.08384,2.08481,1.00,1.00
2015.11.30 22:11:53.271,2.08387,2.08481,1.00,1.00
2015.11.30 22:11:53.881,2.08388,2.08481,1.00,1.00
2015.11.30 22:11:55.564,2.08388,2.08487,1.00,1.00
2015.11.30 22:11:56.192,2.08387,2.08487,1.00,1.00
2015.11.30 22:11:57.165,2.08401,2.08487,1.00,1.00
2015.11.30 22:11:57.215,2.08401,2.08497,1.00,1.00
2015.11.30 22:11:57.316,2.084,2.08493,1.00,1.00
2015.11.30 22:11:57.665,2.08405,2.08496,1.00,1.00
2015.11.30 22:11:57.772,2.08402,2.08496,1.00,1.00
2015.11.30 22:11:57.836,2.08402,2.08496,1.00,1.37
2015.11.30 22:11:58.502,2.08401,2.08491,1.00,1.37
2015.11.30 22:11:59.570,2.08407,2.08491,1.00,1.37
2015.11.30 22:12:00.153,2.08406,2.08491,1.00,1.37
2015.11.30 22:12:01.493,2.08407,2.08491,1.00,1.37
2015.11.30 22:12:02.133,2.08406,2.08491,1.00,1.37
2015.11.30 22:12:02.760,2.08402,2.08488,1.00,1.00
2015.11.30 22:12:02.861,2.08404,2.08488,1.00,1.00
2015.11.30 22:12:04.764,2.08405,2.08488,1.00,1.00
2015.11.30 22:12:05.100,2.08403,2.08488,1.00,1.00
2015.11.30 22:12:05.639,2.08404,2.08488,1.00,1.00
2015.11.30 22:12:05.801,2.08402,2.08488,1.00,1.00
2015.11.30 22:12:07.780,2.08401,2.08488,1.00,1.00
2015.11.30 22:12:07.905,2.08406,2.08488,1.00,1.00
2015.11.30 22:12:08.407,2.08405,2.08488,1.00,1.00
2015.11.30 22:12:11.788,2.08406,2.08488,1.00,1.00
2015.11.30 22:12:12.189,2.08406,2.08491,1.00,1.00
2015.11.30 22:12:14.797,2.08405,2.08491,1.00,1.00
2015.11.30 22:12:15.019,2.08402,2.08491,1.00,1.00
2015.11.30 22:12:15.070,2.08402,2.08507,1.00,1.37
2015.11.30 22:12:15.121,2.08407,2.08507,1.00,1.37
2015.11.30 22:12:16.177,2.08407,2.08507,1.00,1.37
2015.11.30 22:12:16.480,2.08407,2.08497,1.00,1.37
2015.11.30 22:12:16.531,2.08402,2.08497,1.00,1.37
2015.11.30 22:12:18.692,2.08402,2.08483,1.00,1.37
2015.11.30 22:12:20.479,2.08402,2.08483,1.00,1.37
2015.11.30 22:12:22.061,2.08397,2.08483,1.00,1.37
2015.11.30 22:12:22.604,2.08397,2.08483,1.00,1.37
2015.11.30 22:12:22.714,2.08401,2.08483,1.00,1.37
2015.11.30 22:12:23.263,2.08401,2.08483,1.00,1.37
2015.11.30 22:12:24.085,2.08401,2.08483,1.00,1.00
2015.11.30 22:12:25.048,2.08388,2.08493,1.00,1.00
2015.11.30 22:12:25.098,2.08388,2.08493,1.00,1.37
2015.11.30 22:12:25.149,2.08382,2.08477,1.00,1.37
2015.11.30 22:12:26.030,2.08385,2.08481,1.00,1.37
2015.11.30 22:12:26.540,2.08382,2.08481,1.00,1.37
2015.11.30 22:12:28.493,2.08382,2.08481,1.00,1.37
2015.11.30 22:12:29.294,2.08382,2.08481,1.00,1.37
2015.11.30 22:12:33.361,2.08381,2.08481,1.00,1.37
2015.11.30 22:12:33.892,2.0838,2.08478,1.00,1.37
2015.11.30 22:12:34.240,2.08379,2.08478,1.00,1.00
2015.11.30 22:12:35.053,2.08396,2.08486,1.00,1.00
2015.11.30 22:12:35.305,2.08407,2.08498,1.00,1.00
2015.11.30 22:12:35.538,2.08403,2.08498,1.00,1.00
2015.11.30 22:12:35.638,2.08407,2.08498,1.00,1.00
2015.11.30 22:12:35.840,2.08396,2.08495,1.00,1.00
2015.11.30 22:12:35.891,2.08396,2.08493,1.00,1.00
2015.11.30 22:12:36.220,2.08377,2.08477,1.00,1.37
2015.11.30 22:12:37.460,2.08377,2.08477,1.00,1.00
2015.11.30 22:12:38.043,2.08378,2.08477,1.00,1.00
2015.11.30 22:12:38.160,2.08378,2.08474,1.00,1.00
2015.11.30 22:12:39.514,2.08377,2.08474,1.50,1.00
2015.11.30 22:12:39.565,2.08371,2.0847,1.00,1.00
2015.11.30 22:12:39.666,2.08371,2.08463,1.00,1.00
2015.11.30 22:12:40.998,2.08362,2.08463,1.00,1.00
2015.11.30 22:12:41.049,2.08366,2.08463,1.00,1.37
2015.11.30 22:12:41.151,2.08356,2.08451,1.00,1.00
2015.11.30 22:12:41.201,2.08356,2.08449,1.00,1.00
2015.11.30 22:12:41.551,2.08362,2.08446,1.00,1.00
2015.11.30 22:12:41.775,2.08365,2.08461,1.00,1.37
2015.11.30 22:12:42.248,2.08365,2.08461,1.00,1.00
2015.11.30 22:12:42.299,2.08361,2.08457,1.00,1.00
2015.11.30 22:12:42.971,2.08355,2.08455,1.00,1.00
2015.11.30 22:12:43.087,2.08355,2.08451,1.00,1.00
2015.11.30 22:12:45.160,2.08356,2.08451,1.00,1.00
2015.11.30 22:12:46.976,2.08355,2.08451,1.00,1.00
2015.11.30 22:12:47.409,2.08358,2.08453,1.00,1.00
2015.11.30 22:12:50.532,2.08358,2.08453,1.00,1.37
2015.11.30 22:12:50.783,2.08355,2.08453,1.00,1.37
2015.11.30 22:12:51.398,2.08356,2.08453,1.00,1.37
2015.11.30 22:12:52.738,2.08356,2.08453,1.00,1.37
2015.11.30 22:12:53.239,2.08355,2.08453,1.00,1.37
2015.11.30 22:12:53.750,2.08356,2.08453,1.00,1.37
2015.11.30 22:12:54.393,2.08358,2.08453,1.00,1.37
2015.11.30 22:12:55.071,2.08358,2.08453,1.00,1.37
2015.11.30 22:12:56.345,2.08358,2.08453,1.00,1.37
2015.11.30 22:12:57.051,2.08357,2.08453,1.00,1.37
2015.11.30 22:12:58.402,2.08358,2.08453,1.00,1.37
2015.11.30 22:12:59.155,2.08358,2.08453,1.00,1.37
2015.11.30 22:13:00.157,2.08358,2.08453,1.00,1.00
2015.11.30 22:13:00.459,2.08358,2.08453,1.00,1.37
2015.11.30 22:13:00.610,2.08356,2.08453,1.00,1.37
2015.11.30 22:13:02.260,2.08356,2.08453,1.00,1.37
2015.11.30 22:13:02.311,2.08354,2.08453,1.00,1.37
2015.11.30 22:13:04.314,2.08353,2.08453,1.00,1.37
2015.11.30 22:13:04.828,2.08354,2.08453,1.00,1.37
2015.11.30 22:13:04.929,2.08356,2.08453,1.00,1.37
2015.11.30 22:13:05.304,2.08359,2.08453,1.00,1.37
2015.11.30 22:13:06.115,2.08364,2.08461,1.00,1.37
2015.11.30 22:13:06.769,2.08364,2.08461,1.00,1.37
2015.11.30 22:13:07.285,2.08363,2.08461,1.00,1.37
2015.11.30 22:13:07.871,2.08363,2.08461,1.00,1.37
2015.11.30 22:13:08.573,2.08363,2.08461,1.00,1.37
2015.11.30 22:13:09.123,2.08364,2.08461,1.00,1.37
2015.11.30 22:13:10.074,2.08364,2.08461,1.00,1.37
2015.11.30 22:13:10.175,2.08364,2.08461,1.00,1.00
2015.11.30 22:13:12.128,2.08363,2.08461,1.00,1.00
2015.11.30 22:13:13.118,2.08364,2.08461,1.00,1.00
2015.11.30 22:13:20.063,2.08363,2.08461,1.00,1.00
2015.11.30 22:13:24.039,2.08364,2.08461,1.00,1.00
2015.11.30 22:13:26.042,2.08363,2.08461,1.00,1.00
2015.11.30 22:13:26.654,2.08367,2.08461,1.00,1.00
2015.11.30 22:13:27.189,2.08368,2.08461,1.00,1.00
2015.11.30 22:13:28.657,2.08367,2.08461,1.00,1.00
2015.11.30 22:13:29.249,2.08368,2.08461,1.00,1.00
2015.11.30 22:13:30.661,2.08367,2.08461,1.00,1.00
2015.11.30 22:13:32.664,2.08368,2.08461,1.00,1.00
2015.11.30 22:13:34.667,2.08367,2.08461,1.00,1.00
2015.11.30 22:13:38.673,2.08368,2.08461,1.00,1.00
2015.11.30 22:13:40.526,2.08368,2.08461,1.00,1.37
2015.11.30 22:13:40.678,2.08365,2.08461,1.00,1.37
2015.11.30 22:13:41.286,2.08364,2.08461,1.00,1.37
2015.11.30 22:13:41.945,2.08365,2.08461,1.00,1.37
2015.11.30 22:13:42.717,2.08366,2.08461,1.00,1.37
2015.11.30 22:13:43.265,2.08365,2.08461,1.00,1.37
2015.11.30 22:13:43.832,2.08365,2.08461,1.00,1.37
2015.11.30 22:13:43.883,2.08367,2.08461,1.00,1.37
2015.11.30 22:13:44.734,2.08367,2.08461,1.00,1.37
2015.11.30 22:13:45.866,2.08367,2.08461,1.00,1.37
2015.11.30 22:13:47.137,2.08367,2.08461,1.00,1.37
2015.11.30 22:13:47.630,2.08368,2.08461,1.00,1.37
2015.11.30 22:13:48.241,2.08368,2.08461,1.00,1.37
2015.11.30 22:13:48.790,2.08367,2.08461,1.00,1.37
2015.11.30 22:13:49.841,2.08367,2.08461,1.00,1.37
2015.11.30 22:13:50.142,2.08368,2.08461,1.00,1.00
2015.11.30 22:13:50.743,2.08367,2.08461,1.00,1.00
2015.11.30 22:13:51.519,2.08368,2.08461,1.00,1.00
2015.11.30 22:13:52.202,2.08367,2.08461,1.00,1.00
2015.11.30 22:13:53.725,2.08368,2.08468,1.00,1.00
2015.11.30 22:13:54.297,2.08367,2.08468,1.00,1.00
2015.11.30 22:13:54.799,2.08368,2.08468,1.00,1.00
2015.11.30 22:13:55.933,2.08367,2.08468,1.00,1.00
2015.11.30 22:13:56.803,2.08368,2.08468,1.00,1.00
2015.11.30 22:13:57.863,2.08368,2.08464,1.00,1.00
2015.11.30 22:13:58.029,2.08363,2.08464,1.00,1.00
2015.11.30 22:14:00.205,2.08362,2.08464,1.00,1.00
2015.11.30 22:14:02.012,2.08363,2.08464,1.00,1.00
2015.11.30 22:14:04.038,2.08362,2.08464,1.00,1.00
2015.11.30 22:14:06.019,2.08363,2.08464,1.00,1.00
2015.11.30 22:14:07.208,2.08363,2.08464,1.00,1.37
2015.11.30 22:14:07.919,2.08362,2.08464,1.00,1.37
2015.11.30 22:14:08.707,2.08363,2.08464,1.00,1.37
2015.11.30 22:14:09.925,2.08362,2.08464,1.00,1.37
2015.11.30 22:14:11.279,2.08362,2.08464,1.00,1.37
2015.11.30 22:14:13.933,2.08363,2.08464,1.00,1.37
2015.11.30 22:14:14.458,2.08363,2.08464,1.00,1.37
2015.11.30 22:14:15.268,2.08361,2.08458,1.00,1.37
2015.11.30 22:14:15.368,2.08359,2.08458,1.00,1.00
2015.11.30 22:14:17.141,2.08358,2.08458,1.00,1.00
2015.11.30 22:14:17.342,2.08364,2.08458,1.00,1.00
2015.11.30 22:14:19.545,2.08363,2.08458,1.00,1.00
2015.11.30 22:14:20.692,2.08364,2.08458,1.00,1.00
2015.11.30 22:14:21.048,2.08363,2.08458,1.00,1.37
2015.11.30 22:14:21.099,2.08363,2.08458,1.00,1.00
2015.11.30 22:14:21.302,2.08361,2.08458,1.00,1.00
2015.11.30 22:14:23.453,2.08362,2.08458,1.00,1.00
2015.11.30 22:14:23.954,2.08364,2.08458,1.00,1.00
2015.11.30 22:14:24.459,2.08363,2.08458,1.00,1.00
2015.11.30 22:14:27.063,2.08364,2.08458,1.00,1.00
2015.11.30 22:14:27.364,2.08361,2.08458,1.00,1.00
2015.11.30 22:14:27.965,2.0836,2.08458,1.00,1.00
2015.11.30 22:14:30.268,2.08361,2.08458,1.00,1.00
2015.11.30 22:14:33.131,2.0836,2.08458,1.00,1.00
2015.11.30 22:14:35.377,2.08361,2.08458,1.00,1.00
2015.11.30 22:14:37.380,2.0836,2.08458,1.00,1.00
2015.11.30 22:14:39.534,2.0836,2.08464,1.00,1.00
2015.11.30 22:14:41.386,2.08361,2.08464,1.00,1.00
2015.11.30 22:14:43.217,2.0836,2.08464,1.00,1.00
2015.11.30 22:14:45.326,2.08361,2.08464,1.00,1.00
2015.11.30 22:14:45.946,2.0836,2.08464,1.00,1.00
2015.11.30 22:14:46.066,2.0836,2.08459,1.00,1.00
2015.11.30 22:14:46.116,2.08358,2.08459,1.00,1.00
2015.11.30 22:14:46.629,2.08359,2.08459,1.00,1.00
2015.11.30 22:14:48.138,2.08358,2.08459,1.00,1.00
2015.11.30 22:14:48.986,2.08358,2.08464,1.00,1.00
2015.11.30 22:14:49.137,2.0836,2.0846,1.00,1.00
2015.11.30 22:14:49.238,2.0836,2.08464,1.00,1.50
2015.11.30 22:14:52.146,2.08359,2.08464,1.00,1.50
2015.11.30 22:14:52.347,2.08361,2.08464,1.00,1.50
2015.11.30 22:14:54.309,2.08362,2.08464,1.00,1.50
2015.11.30 22:14:56.364,2.08361,2.08464,1.00,1.50
2015.11.30 22:14:58.368,2.08362,2.08464,1.00,1.50
2015.11.30 22:15:01.198,2.08362,2.08459,1.00,1.00
2015.11.30 22:15:01.629,2.0836,2.08459,1.00,1.00
2015.11.30 22:15:02.232,2.0836,2.08458,1.00,1.00
2015.11.30 22:15:05.135,2.08359,2.08458,1.00,1.00
2015.11.30 22:15:05.685,2.0836,2.08458,1.00,1.00
2015.11.30 22:15:07.563,2.08354,2.08458,1.00,1.00
2015.11.30 22:15:07.613,2.08354,2.08456,1.00,1.00
2015.11.30 22:15:07.664,2.08352,2.08456,1.00,1.00
2015.11.30 22:15:07.841,2.08352,2.08454,1.00,1.00
2015.11.30 22:15:08.647,2.08354,2.08454,1.00,1.00
2015.11.30 22:15:08.705,2.08354,2.08458,1.00,1.00
2015.11.30 22:15:10.916,2.08354,2.08454,1.00,1.37
2015.11.30 22:15:11.017,2.08355,2.08454,1.00,1.00
2015.11.30 22:15:12.654,2.08354,2.08454,1.00,1.00
2015.11.30 22:15:14.657,2.08355,2.08454,1.00,1.00
2015.11.30 22:15:15.258,2.08354,2.08454,1.00,1.00
2015.11.30 22:15:16.662,2.08355,2.08454,1.00,1.00
2015.11.30 22:15:18.670,2.08354,2.08454,1.00,1.00
2015.11.30 22:15:19.788,2.08355,2.08454,1.00,1.00
2015.11.30 22:15:19.969,2.08357,2.08454,1.00,1.00
2015.11.30 22:15:20.020,2.08357,2.08458,1.00,1.00
2015.11.30 22:15:20.524,2.08358,2.08458,1.00,1.00
2015.11.30 22:15:33.491,2.08362,2.08458,1.00,1.00
2015.11.30 22:15:35.075,2.08362,2.08453,1.00,1.00
2015.11.30 22:15:35.393,2.08365,2.08453,1.00,1.00
2015.11.30 22:15:37.504,2.08369,2.08453,1.00,1.00
2015.11.30 22:15:37.893,2.08373,2.08453,1.00,1.00
2015.11.30 22:15:38.547,2.08365,2.08453,1.50,1.00
2015.11.30 22:15:39.055,2.08366,2.08453,1.00,1.00
2015.11.30 22:15:39.365,2.08366,2.08458,1.00,1.00
2015.11.30 22:15:39.596,2.08364,2.08458,1.00,1.00
2015.11.30 22:15:39.725,2.08372,2.08458,1.00,1.00
2015.11.30 22:15:43.255,2.08377,2.08458,1.00,1.00
2015.11.30 22:15:43.597,2.08384,2.08458,1.00,1.00
2015.11.30 22:15:44.069,2.08388,2.08458,1.00,1.00
2015.11.30 22:15:45.709,2.08378,2.08458,1.00,1.00
2015.11.30 22:15:46.002,2.08375,2.08458,1.00,1.00
2015.11.30 22:15:46.052,2.08379,2.08458,1.00,1.00
2015.11.30 22:15:46.374,2.08381,2.08458,1.00,1.00
2015.11.30 22:15:46.425,2.08377,2.08458,1.00,1.00
2015.11.30 22:15:56.818,2.08378,2.08458,1.00,1.00
2015.11.30 22:15:57.624,2.08378,2.08476,1.00,1.00
2015.11.30 22:15:57.764,2.08383,2.08476,1.00,1.00
2015.11.30 22:15:57.814,2.08383,2.085,1.00,1.00
2015.11.30 22:15:57.865,2.08347,2.08519,1.00,1.00
2015.11.30 22:15:57.916,2.08357,2.08519,1.00,1.00
2015.11.30 22:15:58.647,2.08416,2.08519,0.75,1.00
2015.11.30 22:16:02.148,2.08417,2.08519,0.75,1.00
2015.11.30 22:16:02.797,2.08417,2.08518,0.75,1.00
2015.11.30 22:16:03.305,2.08416,2.08518,0.75,1.00
2015.11.30 22:16:07.163,2.08417,2.08518,0.75,1.00
2015.11.30 22:16:07.714,2.08416,2.08518,0.75,1.00
2015.11.30 22:16:08.362,2.08417,2.08518,0.75,1.00
2015.11.30 22:16:09.785,2.08416,2.08518,0.75,1.00
2015.11.30 22:16:12.572,2.08417,2.08518,0.75,1.00
2015.11.30 22:16:14.997,2.08416,2.08518,0.75,1.00
2015.11.30 22:16:15.779,2.08417,2.08518,0.75,1.00
2015.11.30 22:16:16.284,2.08416,2.08518,0.75,1.00
2015.11.30 22:16:17.079,2.08417,2.08518,0.75,1.00
2015.11.30 22:16:17.782,2.08416,2.08518,0.75,1.00
2015.11.30 22:16:18.695,2.08418,2.08518,0.75,1.00
2015.11.30 22:16:20.587,2.08417,2.08518,0.75,1.00
2015.11.30 22:16:21.788,2.08418,2.08518,0.75,1.00
2015.11.30 22:16:22.724,2.08417,2.08518,0.75,1.00
2015.11.30 22:16:22.825,2.08415,2.08518,0.75,1.00
2015.11.30 22:16:23.392,2.08417,2.08518,0.75,1.00
2015.11.30 22:16:23.984,2.08416,2.08518,0.75,1.00
2015.11.30 22:16:25.995,2.08417,2.08518,0.75,1.00
2015.11.30 22:16:27.227,2.08414,2.08518,0.75,1.00
2015.11.30 22:16:30.714,2.08414,2.08507,0.75,1.00
2015.11.30 22:16:31.954,2.08414,2.08514,0.75,1.37
2015.11.30 22:16:32.055,2.08391,2.08504,1.00,1.00
2015.11.30 22:16:32.312,2.08394,2.08504,1.00,1.00
2015.11.30 22:16:32.789,2.08397,2.08504,1.00,1.00
2015.11.30 22:16:33.120,2.08397,2.0849,1.00,1.00
2015.11.30 22:16:33.909,2.08398,2.0849,1.00,1.00
2015.11.30 22:16:34.317,2.08394,2.0848,1.00,1.00
2015.11.30 22:16:34.911,2.08393,2.0848,1.00,1.00
2015.11.30 22:16:35.220,2.08397,2.08475,1.00,1.00
2015.11.30 22:16:35.759,2.08396,2.08475,1.00,1.00
2015.11.30 22:16:36.090,2.08396,2.08472,1.00,1.00
2015.11.30 22:16:36.364,2.084,2.08505,1.00,1.37
2015.11.30 22:16:36.415,2.08404,2.08507,1.00,1.00
2015.11.30 22:16:36.617,2.08419,2.08507,1.00,1.00
2015.11.30 22:16:36.947,2.08368,2.08507,1.00,1.00
2015.11.30 22:16:38.927,2.08413,2.08507,1.00,1.00
2015.11.30 22:16:40.329,2.08414,2.08507,1.00,1.00
2015.11.30 22:16:42.825,2.08413,2.08507,1.00,1.00
2015.11.30 22:16:44.446,2.08414,2.08507,1.00,1.00
2015.11.30 22:16:44.547,2.0841,2.08507,1.00,1.00
2015.11.30 22:16:45.129,2.08413,2.08507,1.00,1.00
2015.11.30 22:16:47.133,2.08414,2.08507,1.00,1.00
2015.11.30 22:16:48.749,2.08413,2.08507,1.00,1.00
2015.11.30 22:16:49.095,2.08418,2.08507,1.00,1.00
2015.11.30 22:16:51.087,2.08419,2.08507,1.00,1.00
2015.11.30 22:16:53.159,2.08417,2.08507,1.00,1.00
2015.11.30 22:16:54.962,2.08418,2.08506,1.00,1.00
2015.11.30 22:16:55.644,2.08418,2.08504,0.75,1.37
2015.11.30 22:16:55.694,2.08391,2.08478,1.00,2.44
2015.11.30 22:16:55.745,2.08391,2.08461,1.00,1.00
2015.11.30 22:16:55.796,2.08384,2.08461,1.00,1.00
2015.11.30 22:16:56.091,2.08379,2.08451,1.00,1.00
2015.11.30 22:16:56.467,2.08385,2.08451,1.00,1.00
2015.11.30 22:16:57.007,2.08384,2.08451,1.00,1.00
2015.11.30 22:16:58.471,2.08385,2.08451,1.00,1.00
2015.11.30 22:17:01.902,2.08385,2.08455,1.00,1.00
2015.11.30 22:17:02.004,2.08378,2.08455,1.00,1.00
2015.11.30 22:17:02.105,2.08368,2.08455,1.00,1.00
2015.11.30 22:17:04.080,2.08384,2.08455,1.00,1.00
2015.11.30 22:17:06.484,2.08383,2.08455,1.00,1.00
2015.11.30 22:17:07.070,2.08384,2.08455,1.00,1.00
2015.11.30 22:17:07.873,2.08383,2.08455,1.00,1.00
2015.11.30 22:17:08.437,2.08384,2.08455,1.00,1.00
2015.11.30 22:17:09.975,2.08383,2.08455,1.00,1.00
2015.11.30 22:17:11.076,2.08384,2.08455,1.00,1.00
2015.11.30 22:17:11.978,2.08385,2.08455,1.00,1.00
2015.11.30 22:17:12.474,2.08385,2.08502,1.00,1.00
2015.11.30 22:17:12.625,2.08404,2.0851,1.00,1.00
2015.11.30 22:17:12.946,2.08423,2.0851,0.75,1.00
2015.11.30 22:17:13.096,2.0842,2.0851,0.75,1.00
2015.11.30 22:17:13.747,2.08419,2.0851,0.75,1.00
2015.11.30 22:17:13.798,2.08417,2.0851,1.00,1.00
2015.11.30 22:17:14.194,2.08413,2.0851,1.00,1.00
2015.11.30 22:17:14.733,2.08413,2.08509,1.00,1.00
2015.11.30 22:17:14.834,2.08415,2.08509,1.00,1.00
2015.11.30 22:17:19.093,2.08405,2.08509,1.00,1.00
2015.11.30 22:17:21.110,2.08404,2.08509,1.00,1.00
2015.11.30 22:17:22.212,2.08405,2.08509,1.00,1.00
2015.11.30 22:17:24.116,2.08413,2.08514,1.00,1.00
2015.11.30 22:17:24.283,2.08413,2.08516,1.00,1.00
2015.11.30 22:17:25.285,2.08413,2.08514,1.00,1.00
2015.11.30 22:17:25.519,2.08411,2.08514,1.00,1.00
2015.11.30 22:17:26.066,2.08411,2.08515,1.00,1.00
2015.11.30 22:17:26.726,2.0841,2.08515,1.00,1.00
2015.11.30 22:17:27.272,2.08411,2.08515,1.00,1.00
2015.11.30 22:17:27.323,2.08416,2.08515,1.00,1.00
2015.11.30 22:17:27.888,2.08416,2.0852,1.00,1.00
2015.11.30 22:17:28.039,2.08368,2.0852,1.00,1.00
2015.11.30 22:17:28.090,2.08378,2.08519,1.00,1.00
2015.11.30 22:17:28.477,2.08416,2.08519,1.00,1.00
2015.11.30 22:17:29.036,2.08415,2.08519,1.00,1.00
2015.11.30 22:17:29.371,2.08416,2.08514,1.00,1.00
2015.11.30 22:17:29.422,2.08416,2.08519,1.00,1.50
2015.11.30 22:17:30.129,2.08415,2.08519,1.00,1.50
2015.11.30 22:17:31.642,2.08412,2.08519,1.00,1.50
2015.11.30 22:17:33.295,2.08412,2.08518,1.00,1.00
2015.11.30 22:17:33.396,2.08412,2.0852,1.00,1.00
2015.11.30 22:17:33.497,2.08413,2.08525,1.00,1.00
2015.11.30 22:17:33.548,2.08416,2.08525,1.00,1.00
2015.11.30 22:17:35.632,2.08417,2.08525,1.00,1.00
2015.11.30 22:17:37.553,2.08416,2.08525,1.00,1.00
2015.11.30 22:17:38.543,2.08433,2.08538,1.00,1.37
2015.11.30 22:17:38.873,2.08418,2.08513,1.00,1.00
2015.11.30 22:17:40.393,2.08418,2.08519,1.00,1.37
2015.11.30 22:17:40.444,2.08428,2.08519,1.00,1.00
2015.11.30 22:17:40.545,2.0843,2.08525,1.00,1.37
2015.11.30 22:17:41.520,2.0843,2.08525,1.00,1.12
2015.11.30 22:17:42.562,2.08431,2.08525,1.00,1.37
2015.11.30 22:17:44.467,2.0843,2.08525,1.00,1.37
2015.11.30 22:17:44.574,2.08432,2.08541,1.00,1.64
2015.11.30 22:17:44.675,2.08436,2.08541,1.00,1.64
2015.11.30 22:17:44.749,2.08432,2.08541,1.50,1.64
2015.11.30 22:17:44.800,2.08432,2.08528,1.00,1.00
2015.11.30 22:17:45.544,2.08431,2.08528,1.00,1.00
2015.11.30 22:17:46.174,2.08432,2.08528,1.00,1.00
2015.11.30 22:17:46.720,2.08431,2.08528,1.00,1.00
2015.11.30 22:17:49.358,2.08432,2.08528,1.00,1.12
2015.11.30 22:17:52.664,2.08431,2.08528,1.00,1.12
2015.11.30 22:17:57.404,2.08432,2.08528,1.00,1.00
2015.11.30 22:17:57.454,2.08444,2.08549,1.00,1.00
2015.11.30 22:17:57.505,2.08444,2.08556,1.00,1.00
2015.11.30 22:17:57.555,2.08441,2.08539,1.00,1.12
2015.11.30 22:17:58.139,2.0844,2.08539,1.00,1.12
2015.11.30 22:17:58.393,2.08437,2.08539,1.00,1.12
2015.11.30 22:17:58.782,2.08441,2.08539,1.00,1.00
2015.11.30 22:17:58.883,2.08441,2.08552,1.00,1.00
2015.11.30 22:17:58.993,2.08447,2.08558,1.00,1.87
2015.11.30 22:17:59.459,2.08436,2.08528,1.00,1.00
2015.11.30 22:18:00.044,2.08437,2.08528,1.00,1.00
2015.11.30 22:18:00.095,2.0844,2.08552,1.00,1.00
2015.11.30 22:18:00.780,2.0844,2.08551,1.00,1.00
2015.11.30 22:18:01.048,2.0844,2.08528,1.00,1.42
2015.11.30 22:18:01.200,2.08438,2.08519,1.00,1.37
2015.11.30 22:18:03.471,2.08439,2.08519,1.00,1.00
2015.11.30 22:18:03.626,2.08439,2.08513,1.00,1.00
2015.11.30 22:18:03.727,2.08439,2.08519,1.00,1.00
2015.11.30 22:18:05.251,2.08442,2.08519,1.00,1.00
2015.11.30 22:18:11.068,2.08425,2.08519,1.00,1.00
2015.11.30 22:18:11.119,2.08427,2.08519,1.00,1.00
2015.11.30 22:18:11.421,2.08424,2.08508,1.00,1.00
2015.11.30 22:18:20.831,2.08425,2.08508,1.00,1.00
2015.11.30 22:18:21.537,2.08424,2.08508,1.00,1.00
2015.11.30 22:18:23.223,2.08424,2.08509,1.00,1.12
2015.11.30 22:18:23.736,2.08425,2.0851,1.00,1.00
2015.11.30 22:18:24.337,2.08424,2.0851,1.00,1.00
2015.11.30 22:18:24.881,2.08425,2.0851,1.00,1.12
2015.11.30 22:18:27.284,2.08423,2.08509,1.50,1.00
2015.11.30 22:18:29.053,2.08424,2.08509,1.00,1.00
2015.11.30 22:18:29.832,2.08425,2.08509,1.00,1.00
2015.11.30 22:18:30.407,2.08424,2.08509,1.00,1.00
2015.11.30 22:18:31.006,2.08425,2.08509,1.00,1.00
2015.11.30 22:18:31.540,2.08424,2.08509,1.00,1.00
2015.11.30 22:18:33.060,2.08425,2.08509,1.00,1.00
2015.11.30 22:18:34.662,2.08427,2.08509,1.00,1.00
2015.11.30 22:18:35.515,2.08426,2.08509,1.00,1.00
2015.11.30 22:18:35.817,2.08429,2.08509,1.00,1.00
2015.11.30 22:18:37.578,2.08432,2.08509,1.00,1.00
2015.11.30 22:18:37.629,2.08432,2.0852,1.00,1.00
2015.11.30 22:18:38.472,2.08433,2.0852,1.00,1.00
2015.11.30 22:18:40.175,2.08432,2.0852,1.00,1.00
2015.11.30 22:18:40.445,2.08441,2.0852,1.00,1.00
2015.11.30 22:18:41.055,2.08441,2.08518,1.00,1.00
2015.11.30 22:18:42.872,2.08441,2.08517,1.00,1.00
2015.11.30 22:18:43.649,2.08437,2.08522,1.00,1.00
2015.11.30 22:18:43.700,2.08437,2.08522,1.00,1.37
2015.11.30 22:18:44.026,2.08437,2.08511,1.00,1.00
2015.11.30 22:18:55.862,2.08437,2.0852,1.00,1.00
2015.11.30 22:19:00.922,2.08441,2.0852,1.00,1.00
2015.11.30 22:19:01.023,2.08436,2.0852,1.00,1.00
2015.11.30 22:19:01.124,2.08432,2.0852,1.00,1.12
2015.11.30 22:19:11.751,2.08441,2.0853,1.00,2.70
2015.11.30 22:19:12.084,2.08444,2.0853,1.00,1.42
2015.11.30 22:19:21.064,2.08448,2.08523,1.00,1.00
2015.11.30 22:19:21.397,2.08442,2.08523,1.00,1.00
2015.11.30 22:19:22.972,2.08457,2.08523,1.00,1.00
2015.11.30 22:19:23.073,2.08457,2.08528,1.00,1.00
2015.11.30 22:19:24.973,2.08456,2.08528,1.00,1.00
2015.11.30 22:19:27.084,2.08451,2.08528,1.00,1.00
2015.11.30 22:19:30.011,2.08452,2.08534,1.00,1.37
2015.11.30 22:19:34.772,2.08448,2.08534,1.00,1.37
2015.11.30 22:19:34.873,2.08451,2.08535,1.00,1.37
2015.11.30 22:19:38.299,2.08451,2.08535,1.00,1.00
2015.11.30 22:19:38.401,2.08451,2.08535,1.00,1.37
2015.11.30 22:19:38.922,2.08451,2.08532,1.00,1.00
2015.11.30 22:19:39.172,2.08446,2.08532,1.00,1.00
2015.11.30 22:19:39.223,2.08446,2.08532,1.00,1.37
2015.11.30 22:19:39.527,2.08446,2.08517,1.00,1.00
2015.11.30 22:19:40.401,2.08446,2.08522,1.00,1.00
2015.11.30 22:19:40.502,2.08446,2.08522,1.00,1.37
2015.11.30 22:19:43.500,2.08446,2.08531,1.00,1.00
2015.11.30 22:19:44.009,2.08446,2.08531,1.37,1.00
2015.11.30 22:19:44.060,2.08451,2.08537,1.00,1.50
2015.11.30 22:19:46.392,2.0845,2.08537,1.12,1.00
2015.11.30 22:19:50.442,2.08451,2.08537,1.00,1.50
2015.11.30 22:19:53.821,2.08447,2.0853,1.00,1.00
2015.11.30 22:19:54.161,2.08415,2.08506,1.00,1.00
2015.11.30 22:19:54.261,2.08401,2.08505,1.00,1.00
2015.11.30 22:19:54.384,2.08398,2.08503,1.00,1.00
2015.11.30 22:19:54.536,2.08398,2.08499,1.00,1.00
2015.11.30 22:19:54.586,2.0839,2.08499,1.00,1.00
2015.11.30 22:19:55.061,2.08397,2.08499,1.00,1.00
2015.11.30 22:19:55.499,2.08398,2.08487,1.00,1.00
2015.11.30 22:19:56.200,2.08393,2.08487,1.00,1.00
2015.11.30 22:19:56.500,2.08393,2.0848,1.00,1.00
2015.11.30 22:19:56.803,2.08397,2.0848,1.00,1.00
2015.11.30 22:19:57.523,2.08397,2.08475,1.00,1.00
2015.11.30 22:19:58.530,2.08397,2.08473,1.00,1.00
2015.11.30 22:19:59.290,2.08404,2.08473,1.00,1.00
2015.11.30 22:19:59.822,2.08405,2.08473,1.00,1.00
2015.11.30 22:20:00.301,2.08402,2.08473,1.00,1.00
2015.11.30 22:20:00.525,2.08402,2.08469,1.00,1.00
2015.11.30 22:20:04.284,2.08401,2.08469,1.00,1.00
2015.11.30 22:20:04.413,2.08401,2.08483,1.37,1.00
2015.11.30 22:20:04.514,2.0841,2.08474,1.00,1.00
2015.11.30 22:20:04.614,2.08399,2.08474,1.00,1.12
2015.11.30 22:20:04.716,2.08399,2.08471,1.00,1.00
2015.11.30 22:20:04.767,2.0839,2.08471,1.00,1.00
2015.11.30 22:20:04.918,2.08387,2.08471,1.00,1.00
2015.11.30 22:20:05.198,2.08394,2.08471,1.00,1.00
2015.11.30 22:20:05.523,2.08397,2.08471,1.00,1.00
2015.11.30 22:20:06.092,2.08396,2.08471,1.00,1.00
2015.11.30 22:20:06.594,2.08397,2.08471,1.00,1.00
2015.11.30 22:20:06.933,2.08397,2.08471,1.37,1.00
2015.11.30 22:20:07.034,2.08402,2.08481,1.65,1.00
2015.11.30 22:20:07.135,2.08413,2.08489,1.00,1.75
2015.11.30 22:20:07.336,2.08413,2.08483,1.00,1.00
2015.11.30 22:20:07.387,2.08408,2.08483,1.00,1.00
2015.11.30 22:20:07.488,2.08405,2.08482,1.00,1.00
2015.11.30 22:20:07.821,2.08391,2.08478,1.37,1.00
2015.11.30 22:20:07.922,2.08396,2.08484,1.00,1.00
2015.11.30 22:20:08.023,2.08401,2.08484,1.00,1.00
2015.11.30 22:20:09.107,2.084,2.08484,1.00,1.00
2015.11.30 22:20:10.002,2.08401,2.08484,1.00,1.00
2015.11.30 22:20:10.636,2.084,2.08484,1.00,1.00
2015.11.30 22:20:16.132,2.08401,2.08484,1.00,1.00
2015.11.30 22:20:20.052,2.084,2.08484,1.00,1.00
2015.11.30 22:20:22.850,2.08401,2.08484,1.00,1.00
2015.11.30 22:20:23.633,2.08407,2.08494,1.00,1.37
2015.11.30 22:20:23.684,2.08407,2.08488,1.00,1.12
2015.11.30 22:20:23.785,2.08412,2.08487,1.00,1.00
2015.11.30 22:20:23.886,2.08407,2.08487,1.50,1.00
2015.11.30 22:20:24.253,2.08413,2.08487,1.00,1.00
2015.11.30 22:20:25.155,2.08409,2.08487,1.00,1.00
2015.11.30 22:20:25.756,2.08408,2.08487,1.00,1.00
2015.11.30 22:20:27.155,2.08409,2.08487,1.00,1.00
2015.11.30 22:20:29.259,2.08408,2.08487,1.00,1.00
2015.11.30 22:20:31.363,2.08409,2.08487,1.00,1.00
2015.11.30 22:20:33.367,2.08408,2.08487,1.00,1.00
2015.11.30 22:20:33.968,2.08409,2.08487,1.00,1.00
2015.11.30 22:20:35.187,2.08408,2.08487,1.00,1.00
2015.11.30 22:20:35.796,2.08409,2.08487,1.00,1.00
2015.11.30 22:20:37.702,2.08408,2.08506,1.00,1.00
2015.11.30 22:20:37.803,2.08419,2.08506,1.00,1.00
2015.11.30 22:20:38.321,2.0842,2.08506,1.00,1.00
2015.11.30 22:20:38.597,2.08416,2.08506,1.00,1.00
2015.11.30 22:20:39.476,2.08416,2.08496,1.00,1.00
2015.11.30 22:20:40.000,2.08417,2.08496,1.00,1.00
2015.11.30 22:20:40.101,2.08414,2.08496,1.00,1.00
2015.11.30 22:20:40.301,2.08417,2.08496,1.00,1.00
2015.11.30 22:20:40.903,2.08416,2.08496,1.00,1.00
2015.11.30 22:20:45.321,2.08414,2.08496,1.00,1.00
2015.11.30 22:20:47.327,2.08413,2.08496,1.00,1.00
2015.11.30 22:20:49.339,2.08414,2.08496,1.00,1.00
2015.11.30 22:20:49.989,2.08414,2.08497,1.00,1.00
2015.11.30 22:20:50.369,2.08417,2.08497,1.00,1.00
2015.11.30 22:20:51.181,2.08417,2.08496,1.00,1.00
2015.11.30 22:20:53.885,2.08417,2.08495,1.00,1.00
2015.11.30 22:20:56.088,2.08417,2.08491,1.00,1.00
2015.11.30 22:21:00.294,2.08421,2.08491,1.90,1.00
2015.11.30 22:21:00.395,2.08417,2.0849,1.52,1.00
2015.11.30 22:21:00.496,2.0844,2.0849,1.37,1.00
2015.11.30 22:21:00.882,2.08449,2.0849,1.00,1.00
2015.11.30 22:21:02.570,2.08445,2.0849,1.00,1.00
2015.11.30 22:21:02.729,2.08445,2.08488,1.00,1.00
2015.11.30 22:21:03.583,2.08428,2.08488,1.00,1.00
2015.11.30 22:21:03.633,2.08433,2.08488,1.05,1.00
2015.11.30 22:21:03.936,2.08449,2.08488,1.00,1.00
2015.11.30 22:21:04.800,2.08449,2.08487,1.00,1.00
2015.11.30 22:21:05.222,2.08455,2.08482,1.00,1.00
2015.11.30 22:21:05.874,2.08432,2.08482,1.75,1.00
2015.11.30 22:21:05.925,2.08437,2.08482,1.09,1.00
2015.11.30 22:21:06.127,2.08453,2.08482,1.00,1.00
2015.11.30 22:21:07.104,2.08431,2.08482,1.82,1.00
2015.11.30 22:21:08.206,2.08447,2.08481,1.00,1.00
2015.11.30 22:21:14.015,2.08432,2.0848,1.00,1.00
2015.11.30 22:21:14.116,2.08432,2.08481,1.86,1.00
2015.11.30 22:21:14.443,2.08452,2.08481,1.00,1.00
2015.11.30 22:21:20.271,2.08452,2.0848,1.00,1.00
2015.11.30 22:21:20.322,2.08427,2.0848,1.37,1.00
2015.11.30 22:21:20.423,2.08438,2.0848,1.00,1.00
2015.11.30 22:21:20.529,2.08427,2.0848,1.12,1.00
2015.11.30 22:21:20.630,2.08431,2.0848,1.00,1.00
2015.11.30 22:21:21.173,2.08445,2.08481,1.00,1.00
2015.11.30 22:21:23.579,2.08444,2.08481,1.00,1.00
2015.11.30 22:21:26.563,2.08446,2.0848,1.00,1.00
2015.11.30 22:21:37.591,2.08435,2.0848,1.00,1.00
2015.11.30 22:21:37.792,2.08431,2.08481,1.00,1.00
2015.11.30 22:21:40.249,2.08431,2.0848,1.95,1.00
2015.11.30 22:21:40.552,2.08443,2.0848,1.00,1.00
2015.11.30 22:21:48.270,2.08443,2.08479,1.00,1.00
2015.11.30 22:21:51.996,2.08428,2.08479,1.37,1.00
2015.11.30 22:21:52.097,2.08432,2.08479,1.00,1.00
2015.11.30 22:21:57.177,2.08431,2.08479,1.00,1.00
2015.11.30 22:22:00.121,2.08423,2.08478,1.37,1.00
2015.11.30 22:22:00.222,2.08411,2.08478,1.42,1.00
2015.11.30 22:22:00.323,2.08424,2.08478,1.00,1.00
2015.11.30 22:22:00.474,2.08416,2.08478,1.37,1.00
2015.11.30 22:22:00.741,2.08423,2.08478,1.00,1.00
2015.11.30 22:22:02.319,2.08402,2.08478,1.87,1.00
2015.11.30 22:22:02.474,2.08399,2.08479,1.86,1.00
2015.11.30 22:22:02.575,2.084,2.08479,1.12,1.00
2015.11.30 22:22:02.777,2.08409,2.08479,1.00,1.00
2015.11.30 22:22:03.747,2.08418,2.08479,1.00,1.00
2015.11.30 22:22:04.049,2.08422,2.08478,1.00,1.00
2015.11.30 22:22:04.100,2.08409,2.08479,1.00,1.00
2015.11.30 22:22:05.390,2.08397,2.08478,1.75,1.00
2015.11.30 22:22:05.692,2.08405,2.08478,1.61,1.00
2015.11.30 22:22:05.999,2.08418,2.08478,1.00,1.00
2015.11.30 22:22:06.600,2.08398,2.08478,1.86,1.00
2015.11.30 22:22:06.801,2.08398,2.08478,1.12,1.00
2015.11.30 22:22:06.902,2.08396,2.08478,2.32,1.00
2015.11.30 22:22:07.003,2.08401,2.08479,1.00,1.00
2015.11.30 22:22:07.054,2.08398,2.08479,1.00,1.00
2015.11.30 22:22:10.364,2.08399,2.08479,1.00,1.00
2015.11.30 22:22:13.888,2.08399,2.08478,1.37,1.00
2015.11.30 22:22:14.190,2.08424,2.08483,1.00,1.66
2015.11.30 22:22:14.291,2.08398,2.08471,1.12,1.00
2015.11.30 22:22:14.393,2.08394,2.08471,1.37,1.00
2015.11.30 22:22:14.443,2.08402,2.08479,1.37,1.00
2015.11.30 22:22:23.088,2.08405,2.08479,1.00,1.00
2015.11.30 22:22:37.102,2.08404,2.08479,1.00,1.00
2015.11.30 22:22:46.657,2.08405,2.08479,1.00,1.00
2015.11.30 22:22:47.134,2.08411,2.08478,1.69,1.00
2015.11.30 22:22:47.485,2.08423,2.08478,1.37,1.00
2015.11.30 22:22:47.792,2.08428,2.08479,1.37,1.00
2015.11.30 22:22:47.993,2.08419,2.08479,1.00,1.00
2015.11.30 22:22:48.094,2.08414,2.08479,1.00,1.00
2015.11.30 22:22:48.145,2.08414,2.08478,1.37,1.00
2015.11.30 22:22:48.246,2.08402,2.08478,1.00,1.00
2015.11.30 22:22:48.347,2.08402,2.08479,1.37,1.00
2015.11.30 22:22:48.549,2.08402,2.08478,1.37,1.00
2015.11.30 22:22:48.650,2.08402,2.08478,1.00,1.00
2015.11.30 22:22:48.751,2.08398,2.08478,1.00,1.00
2015.11.30 22:22:50.161,2.08398,2.08478,1.37,1.00
2015.11.30 22:22:50.474,2.08421,2.08478,1.00,1.00
2015.11.30 22:22:50.625,2.08408,2.08478,1.00,1.00
2015.11.30 22:22:57.687,2.08408,2.08479,1.00,1.00
2015.11.30 22:22:57.788,2.08407,2.08479,1.37,1.00
2015.11.30 22:22:58.146,2.08413,2.08479,1.00,1.00
2015.11.30 22:22:58.298,2.08399,2.08479,1.37,1.00
2015.11.30 22:22:58.399,2.08404,2.08479,1.00,1.00
2015.11.30 22:22:58.556,2.08399,2.08479,1.00,1.00
2015.11.30 22:23:00.172,2.08399,2.08479,1.37,1.00
2015.11.30 22:23:00.475,2.08415,2.08478,1.00,1.00
2015.11.30 22:23:00.525,2.08404,2.08478,1.00,1.00
2015.11.30 22:23:01.148,2.08404,2.08479,1.00,1.00
2015.11.30 22:23:01.263,2.08404,2.08479,1.37,1.00
2015.11.30 22:23:07.459,2.08407,2.08479,1.00,1.00
2015.11.30 22:23:07.661,2.08402,2.08479,1.00,1.00
2015.11.30 22:23:16.791,2.08402,2.08479,1.37,1.00
2015.11.30 22:23:17.143,2.08411,2.08479,1.00,1.00
2015.11.30 22:23:20.225,2.08404,2.08479,1.00,1.00
2015.11.30 22:23:27.127,2.08404,2.08478,1.12,1.00
2015.11.30 22:23:27.228,2.08407,2.08478,1.00,1.00
2015.11.30 22:23:34.090,2.08407,2.08479,1.00,1.00
2015.11.30 22:23:34.191,2.08403,2.08479,1.00,1.00
2015.11.30 22:23:37.994,2.08403,2.08478,1.00,1.00
2015.11.30 22:23:42.288,2.08413,2.08478,1.00,1.00
2015.11.30 22:23:42.338,2.08413,2.08485,1.00,1.00
2015.11.30 22:23:42.540,2.08413,2.08488,1.00,1.50
2015.11.30 22:23:42.659,2.0841,2.08487,1.00,1.00
2015.11.30 22:23:47.405,2.0841,2.08487,1.37,1.00
2015.11.30 22:23:47.771,2.08416,2.08489,1.00,1.00
2015.11.30 22:23:55.266,2.08414,2.08488,1.00,1.00
2015.11.30 22:23:59.116,2.08415,2.08489,1.00,1.50
2015.11.30 22:24:11.268,2.08392,2.08485,1.00,1.00
2015.11.30 22:24:11.469,2.08386,2.08486,1.00,1.00
2015.11.30 22:24:12.210,2.08385,2.08486,1.50,1.00
2015.11.30 22:24:13.521,2.08386,2.08486,1.00,1.00
2015.11.30 22:24:15.527,2.08385,2.08486,1.50,1.00
2015.11.30 22:24:16.610,2.08386,2.08486,1.00,1.00
2015.11.30 22:24:17.521,2.08385,2.08486,1.50,1.00
2015.11.30 22:24:18.196,2.08389,2.08486,1.00,1.00
2015.11.30 22:24:20.213,2.08388,2.08486,1.00,1.00
2015.11.30 22:24:21.104,2.08389,2.08486,1.00,1.00
2015.11.30 22:24:21.445,2.08389,2.08483,1.00,1.00
2015.11.30 22:24:22.140,2.08388,2.08483,1.00,1.00
2015.11.30 22:24:22.756,2.08386,2.08483,1.00,1.00
2015.11.30 22:24:22.858,2.08389,2.08483,1.00,1.00
2015.11.30 22:24:23.482,2.08388,2.08483,1.00,1.00
2015.11.30 22:24:24.846,2.08389,2.08483,1.00,1.00
2015.11.30 22:24:25.513,2.08388,2.08483,1.00,1.00
2015.11.30 22:24:28.423,2.08389,2.08483,1.00,1.00
2015.11.30 22:24:29.094,2.08388,2.08483,1.00,1.00
2015.11.30 22:24:30.829,2.08389,2.08483,1.00,1.00
2015.11.30 22:24:31.540,2.08387,2.08483,1.00,1.00
2015.11.30 22:24:36.728,2.08411,2.08483,1.00,1.00
2015.11.30 22:24:36.779,2.08411,2.08487,1.00,1.00
2015.11.30 22:24:38.750,2.08413,2.08487,1.00,1.00
2015.11.30 22:24:40.174,2.08413,2.08486,1.00,1.00
2015.11.30 22:24:41.391,2.08424,2.08486,1.00,1.00
2015.11.30 22:24:41.593,2.08427,2.08492,1.00,1.00
2015.11.30 22:24:43.243,2.08421,2.08492,1.00,1.00
2015.11.30 22:24:44.707,2.08421,2.0849,1.00,1.00
2015.11.30 22:24:45.206,2.08406,2.0849,1.48,1.00
2015.11.30 22:24:45.308,2.08393,2.08486,1.00,1.00
2015.11.30 22:24:45.409,2.08386,2.08487,1.00,1.00
2015.11.30 22:24:49.178,2.08392,2.08491,1.00,1.00
2015.11.30 22:24:49.291,2.08392,2.08493,1.00,1.00
2015.11.30 22:24:49.392,2.08393,2.08499,1.00,1.00
2015.11.30 22:24:49.493,2.08393,2.08501,1.00,1.00
2015.11.30 22:24:49.793,2.08392,2.08503,1.00,1.37
2015.11.30 22:24:49.894,2.08393,2.08501,1.00,1.00
2015.11.30 22:24:50.193,2.08395,2.08502,1.00,1.00
2015.11.30 22:24:51.196,2.08397,2.085,1.00,1.00
2015.11.30 22:24:51.398,2.08397,2.08502,1.00,1.00
2015.11.30 22:24:52.355,2.08413,2.08502,1.00,1.00
2015.11.30 22:24:52.828,2.08413,2.08501,1.37,1.00
2015.11.30 22:24:53.485,2.08413,2.08502,1.37,1.00
2015.11.30 22:24:55.328,2.08413,2.08503,1.37,1.00
2015.11.30 22:24:55.487,2.08413,2.08503,1.50,1.00
2015.11.30 22:24:56.589,2.08417,2.08503,1.00,1.00
2015.11.30 22:24:58.593,2.08419,2.08503,1.00,1.00
2015.11.30 22:24:59.494,2.0842,2.08503,1.00,1.50
2015.11.30 22:25:04.201,2.08422,2.08503,1.00,1.50
2015.11.30 22:25:05.818,2.08422,2.08501,1.00,1.00
2015.11.30 22:25:07.544,2.08421,2.08501,1.00,1.37
2015.11.30 22:25:22.328,2.08426,2.08506,1.00,1.12
2015.11.30 22:25:22.429,2.08425,2.08505,2.10,1.00
2015.11.30 22:25:22.634,2.08431,2.08514,1.37,1.00
2015.11.30 22:25:22.824,2.08431,2.08514,1.00,1.00
2015.11.30 22:25:23.372,2.08432,2.08514,1.00,1.00
2015.11.30 22:25:25.628,2.08435,2.08515,1.00,1.50
2015.11.30 22:25:27.550,2.08428,2.08515,1.00,1.50
2015.11.30 22:25:32.968,2.0843,2.08515,1.00,1.50
2015.11.30 22:25:38.257,2.08426,2.08513,1.00,1.37
2015.11.30 22:25:38.358,2.08421,2.08508,1.00,1.12
2015.11.30 22:25:38.459,2.08413,2.08501,1.37,1.00
2015.11.30 22:25:38.974,2.08414,2.085,1.00,1.00
2015.11.30 22:25:40.152,2.08414,2.08499,1.00,1.00
2015.11.30 22:25:41.179,2.08414,2.08495,1.00,1.00
2015.11.30 22:25:42.155,2.08414,2.08493,1.00,1.00
2015.11.30 22:25:44.158,2.08414,2.08491,1.00,1.00
2015.11.30 22:25:45.706,2.0841,2.08491,1.00,1.00
2015.11.30 22:25:47.182,2.0841,2.08488,1.00,1.00
2015.11.30 22:25:54.731,2.08411,2.08488,1.00,1.00
2015.11.30 22:25:55.656,2.08405,2.08488,1.37,1.00
2015.11.30 22:25:55.757,2.08405,2.08488,1.00,1.00
2015.11.30 22:26:35.096,2.08402,2.08488,1.00,1.00
2015.11.30 22:26:41.535,2.08403,2.08488,1.00,1.00
2015.11.30 22:26:42.360,2.08403,2.08489,1.00,1.00
2015.11.30 22:26:43.256,2.08403,2.08484,1.00,1.00
2015.11.30 22:26:43.307,2.08388,2.08484,1.00,1.00
2015.11.30 22:26:43.386,2.08384,2.08484,1.00,1.00
2015.11.30 22:26:44.232,2.08383,2.08482,1.00,1.00
2015.11.30 22:26:46.235,2.08384,2.08478,1.00,1.00
2015.11.30 22:26:48.238,2.08382,2.08478,1.00,1.00
2015.11.30 22:26:50.240,2.08381,2.08477,1.00,1.00
2015.11.30 22:26:54.660,2.08384,2.08476,1.00,1.00
2015.11.30 22:27:04.684,2.08378,2.08474,1.00,1.00
2015.11.30 22:27:04.907,2.08376,2.08473,1.00,1.00
2015.11.30 22:27:07.261,2.08376,2.08471,1.00,1.00
2015.11.30 22:27:07.812,2.08375,2.08471,1.50,1.00
2015.11.30 22:27:09.816,2.08376,2.08471,1.00,1.00
2015.11.30 22:27:11.266,2.08379,2.08474,1.00,1.00
2015.11.30 22:27:21.318,2.08378,2.08473,1.00,1.00
2015.11.30 22:27:22.605,2.08388,2.0849,1.94,1.00
2015.11.30 22:27:22.907,2.084,2.08487,1.37,1.00
2015.11.30 22:27:27.201,2.08403,2.08487,1.00,1.00
2015.11.30 22:27:27.302,2.08403,2.08491,1.00,1.00
2015.11.30 22:27:27.487,2.08405,2.08491,1.00,1.00
2015.11.30 22:27:30.286,2.08405,2.08489,1.00,1.00
2015.11.30 22:27:30.994,2.08404,2.08489,1.00,1.00
2015.11.30 22:27:32.365,2.08404,2.08488,1.00,1.00
2015.11.30 22:27:32.416,2.08394,2.08488,1.00,1.00
2015.11.30 22:27:32.695,2.08386,2.08488,1.00,1.00
2015.11.30 22:27:37.194,2.08402,2.0849,1.00,1.12
2015.11.30 22:27:38.737,2.08405,2.08494,1.00,1.00
2015.11.30 22:27:42.208,2.08406,2.08494,1.00,1.00
2015.11.30 22:27:45.238,2.08409,2.08494,1.00,1.00
2015.11.30 22:27:45.544,2.08409,2.0849,1.00,1.00
2015.11.30 22:27:45.645,2.08405,2.0849,1.00,1.00
2015.11.30 22:27:49.435,2.08386,2.08491,1.00,1.37
2015.11.30 22:27:50.880,2.08386,2.08489,1.00,1.00
2015.11.30 22:27:53.002,2.08386,2.08488,1.00,1.00
2015.11.30 22:27:53.625,2.08387,2.08489,1.00,1.00
2015.11.30 22:27:55.207,2.08387,2.08488,1.00,1.00
2015.11.30 22:27:56.133,2.08387,2.08489,1.00,1.00
2015.11.30 22:27:56.659,2.08386,2.08489,1.00,1.00
2015.11.30 22:27:57.594,2.08386,2.08488,1.00,1.00
2015.11.30 22:27:58.195,2.08386,2.08489,1.00,1.00
2015.11.30 22:27:59.634,2.08383,2.08489,1.00,1.00
2015.11.30 22:28:03.220,2.08383,2.08488,1.00,1.00
2015.11.30 22:28:04.756,2.08383,2.08489,1.00,1.00
2015.11.30 22:28:05.366,2.08383,2.08488,1.00,1.00
2015.11.30 22:28:05.725,2.08383,2.0849,1.00,1.87
2015.11.30 22:28:07.561,2.08383,2.08489,1.00,1.00
2015.11.30 22:28:08.216,2.08383,2.0849,1.00,1.87
2015.11.30 22:28:09.447,2.08386,2.0849,1.00,1.87
2015.11.30 22:28:13.769,2.08388,2.0849,1.00,1.12
2015.11.30 22:28:23.066,2.08392,2.0849,1.00,1.12
2015.11.30 22:28:31.986,2.08393,2.0849,1.00,1.37
2015.11.30 22:28:32.290,2.08397,2.0849,1.00,1.12
2015.11.30 22:28:32.341,2.08392,2.0849,1.00,1.12
2015.11.30 22:28:46.061,2.08391,2.0849,1.00,1.00
2015.11.30 22:28:50.684,2.08391,2.08489,1.00,1.00
2015.11.30 22:28:51.264,2.08391,2.0849,1.00,1.50
2015.11.30 22:28:52.854,2.08391,2.08489,1.00,1.00
2015.11.30 22:28:54.562,2.08391,2.0849,1.00,1.50
2015.11.30 22:28:56.877,2.08394,2.0849,1.00,1.00
2015.11.30 22:28:57.283,2.08399,2.0849,1.00,1.00
2015.11.30 22:28:57.478,2.08395,2.0849,1.00,1.00
2015.11.30 22:29:00.235,2.08398,2.0849,1.00,1.00
2015.11.30 22:29:00.844,2.08399,2.0849,1.00,1.00
2015.11.30 22:29:01.245,2.08399,2.0849,1.00,1.37
2015.11.30 22:29:05.255,2.08392,2.08508,1.00,1.39
2015.11.30 22:29:05.647,2.08393,2.08504,1.00,1.46
2015.11.30 22:29:05.950,2.08392,2.08502,1.00,1.00
2015.11.30 22:29:06.102,2.08395,2.08502,1.00,1.00
2015.11.30 22:29:06.699,2.08392,2.08502,1.50,1.00
2015.11.30 22:29:07.000,2.08397,2.08502,1.00,1.00
2015.11.30 22:29:07.517,2.08396,2.08502,1.00,1.00
2015.11.30 22:29:09.007,2.08397,2.08502,1.00,1.00
2015.11.30 22:29:12.706,2.08399,2.08505,1.00,1.12
2015.11.30 22:29:17.340,2.08399,2.08512,1.50,1.67
2015.11.30 22:29:17.942,2.08402,2.08513,1.00,1.86
2015.11.30 22:29:20.283,2.08409,2.08514,1.00,1.00
2015.11.30 22:29:20.384,2.08409,2.08525,1.00,1.75
2015.11.30 22:29:20.546,2.08413,2.08528,1.00,2.05
2015.11.30 22:29:21.047,2.08409,2.08525,1.00,1.50
2015.11.30 22:29:21.254,2.08415,2.08518,1.00,1.12
2015.11.30 22:29:22.265,2.08417,2.08525,1.00,1.37
2015.11.30 22:29:22.656,2.08416,2.08517,1.00,1.00
2015.11.30 22:29:23.029,2.08421,2.08525,1.00,1.37
2015.11.30 22:29:23.358,2.08417,2.08517,1.00,1.00
2015.11.30 22:29:32.742,2.08423,2.08524,1.00,1.37
2015.11.30 22:29:34.272,2.08423,2.08521,1.00,1.12
2015.11.30 22:29:38.991,2.08423,2.08525,1.00,1.57
2015.11.30 22:29:39.882,2.08425,2.08525,1.00,1.99
2015.11.30 22:29:40.081,2.08422,2.08526,1.00,1.69
2015.11.30 22:29:42.084,2.08422,2.08525,1.00,1.90
2015.11.30 22:29:42.608,2.08421,2.08524,1.00,2.28
2015.11.30 22:29:43.612,2.08426,2.08523,1.00,1.01
2015.11.30 22:29:46.591,2.08428,2.08523,1.00,1.61
2015.11.30 22:29:47.106,2.08419,2.08524,1.00,1.54
2015.11.30 22:29:47.994,2.0842,2.08525,1.00,2.38
2015.11.30 22:29:49.596,2.08422,2.08525,1.00,1.37
2015.11.30 22:29:50.599,2.08424,2.08525,1.00,1.37
2015.11.30 22:29:52.201,2.08421,2.08524,1.00,1.37
2015.11.30 22:29:53.904,2.0842,2.08525,1.00,1.84
2015.11.30 22:29:58.331,2.0842,2.08514,1.00,1.00
2015.11.30 22:30:00.144,2.08424,2.08504,1.00,1.00
2015.11.30 22:30:00.447,2.08417,2.08521,1.00,2.01
2015.11.30 22:30:00.753,2.08417,2.08526,1.00,2.05
2015.11.30 22:30:01.147,2.08417,2.08518,1.00,1.87
2015.11.30 22:30:01.743,2.08416,2.08518,1.00,2.07
2015.11.30 22:30:03.020,2.08417,2.08518,1.00,2.07
2015.11.30 22:30:04.106,2.08416,2.08518,1.00,2.07
2015.11.30 22:30:05.120,2.08414,2.08518,1.00,2.07
2015.11.30 22:30:08.446,2.08414,2.08526,1.00,1.50
2015.11.30 22:30:11.680,2.08411,2.08525,1.00,1.09
2015.11.30 22:30:12.879,2.08409,2.08528,1.00,1.87
2015.11.30 22:30:13.394,2.08409,2.08528,1.00,1.87
2015.11.30 22:30:14.262,2.0841,2.08525,1.00,1.47
2015.11.30 22:30:16.132,2.08413,2.08525,1.00,1.47
2015.11.30 22:30:17.447,2.08413,2.08526,1.00,1.41
2015.11.30 22:30:17.893,2.08417,2.08523,1.51,1.09
2015.11.30 22:30:21.155,2.08423,2.08529,1.63,1.69
2015.11.30 22:30:21.573,2.08435,2.08522,2.16,1.00
2015.11.30 22:30:27.313,2.08434,2.08522,1.81,1.00
2015.11.30 22:30:27.464,2.08429,2.08523,1.42,1.00
2015.11.30 22:30:29.599,2.08429,2.08522,1.56,1.00
2015.11.30 22:30:29.699,2.08443,2.08554,1.01,1.90
2015.11.30 22:30:30.002,2.08451,2.08554,1.63,1.37
2015.11.30 22:30:33.505,2.0846,2.08552,1.03,1.00
2015.11.30 22:30:33.732,2.08452,2.08554,1.90,1.37
2015.11.30 22:30:35.315,2.08459,2.08553,1.46,1.00
2015.11.30 22:30:35.680,2.08454,2.08554,1.67,1.37
2015.11.30 22:30:35.788,2.08448,2.08553,1.01,1.61
2015.11.30 22:30:35.889,2.08459,2.08552,1.05,1.00
2015.11.30 22:30:35.990,2.08457,2.08554,1.39,1.37
2015.11.30 22:30:36.094,2.0845,2.08554,1.42,1.37
2015.11.30 22:30:41.621,2.08446,2.08548,1.47,1.37
2015.11.30 22:30:47.144,2.08445,2.08548,1.95,1.00
2015.11.30 22:30:47.244,2.08449,2.08548,1.47,1.37
2015.11.30 22:30:47.345,2.08454,2.08548,1.57,1.00
2015.11.30 22:30:48.117,2.08446,2.08548,1.37,1.37
2015.11.30 22:30:48.219,2.08438,2.08544,1.79,1.08
2015.11.30 22:30:48.521,2.08467,2.08546,1.00,1.37
2015.11.30 22:30:48.622,2.08458,2.08537,1.00,1.12
2015.11.30 22:30:52.122,2.08459,2.08536,1.00,1.00
2015.11.30 22:30:53.327,2.08451,2.08529,1.37,1.00
2015.11.30 22:30:53.479,2.08455,2.08531,1.37,1.00
2015.11.30 22:30:54.922,2.08455,2.08531,1.00,1.00
2015.11.30 22:30:55.559,2.08449,2.08526,1.00,1.00
2015.11.30 22:30:55.660,2.08445,2.08524,1.00,1.00
2015.11.30 22:30:56.106,2.08449,2.08528,1.00,1.37
2015.11.30 22:30:56.314,2.08438,2.08517,1.00,1.00
2015.11.30 22:30:56.415,2.08438,2.08513,1.00,1.00
2015.11.30 22:30:56.718,2.08434,2.08513,1.00,1.00
2015.11.30 22:30:56.769,2.08431,2.08506,1.00,1.00
2015.11.30 22:30:57.204,2.08435,2.08506,1.00,1.00
2015.11.30 22:30:57.518,2.08437,2.08506,1.00,1.00
2015.11.30 22:30:58.424,2.08438,2.08506,1.00,1.00
2015.11.30 22:30:59.158,2.08436,2.08513,1.00,1.00
2015.11.30 22:30:59.309,2.08435,2.08508,1.00,1.00
2015.11.30 22:30:59.360,2.08432,2.08508,1.00,1.37
2015.11.30 22:30:59.528,2.08428,2.08503,1.00,1.00
2015.11.30 22:31:00.079,2.08431,2.08508,1.00,1.37
2015.11.30 22:31:00.460,2.08434,2.08508,1.00,1.00
2015.11.30 22:31:00.511,2.08437,2.08512,1.00,1.00
2015.11.30 22:31:01.383,2.08437,2.08513,1.00,1.00
2015.11.30 22:31:02.487,2.08435,2.08512,1.00,1.00
2015.11.30 22:31:03.209,2.08435,2.08513,1.00,1.00
2015.11.30 22:31:04.091,2.08435,2.08512,1.00,1.00
2015.11.30 22:31:05.193,2.08435,2.08513,1.00,1.00
2015.11.30 22:31:06.093,2.08435,2.08512,1.00,1.00
2015.11.30 22:31:06.841,2.08435,2.08513,1.00,1.00
2015.11.30 22:31:07.974,2.08435,2.08512,1.00,1.00
2015.11.30 22:31:08.502,2.08435,2.08513,1.00,1.00
2015.11.30 22:31:10.156,2.08432,2.08507,1.00,1.00
2015.11.30 22:31:10.591,2.08431,2.08504,1.00,1.00
2015.11.30 22:31:11.517,2.08432,2.0851,1.00,1.00
2015.11.30 22:31:11.769,2.08432,2.08506,1.00,1.00
2015.11.30 22:31:11.911,2.08429,2.08504,1.00,1.00
2015.11.30 22:31:17.961,2.08428,2.08505,1.00,1.00
2015.11.30 22:31:23.814,2.08429,2.08506,1.00,1.00
2015.11.30 22:31:30.061,2.08427,2.08505,1.50,1.00
2015.11.30 22:31:30.112,2.08427,2.08505,1.87,1.00
2015.11.30 22:31:30.414,2.08435,2.08511,1.00,1.00
2015.11.30 22:31:31.842,2.08431,2.08504,1.00,1.00
2015.11.30 22:31:32.565,2.08432,2.08504,1.00,1.00
2015.11.30 22:31:33.091,2.08431,2.08504,1.00,1.00
2015.11.30 22:31:33.619,2.08432,2.08504,1.00,1.00
2015.11.30 22:31:34.175,2.08431,2.08504,1.00,1.00
2015.11.30 22:31:34.277,2.0843,2.08507,1.00,1.00
2015.11.30 22:31:34.939,2.08429,2.08507,1.50,1.00
2015.11.30 22:31:35.841,2.0843,2.08507,1.00,1.00
2015.11.30 22:31:36.354,2.08432,2.08507,1.00,1.00
2015.11.30 22:31:36.455,2.08432,2.08509,1.00,1.00
2015.11.30 22:31:37.248,2.08432,2.0851,1.00,1.50
2015.11.30 22:31:38.288,2.08432,2.08509,1.00,1.00
2015.11.30 22:31:38.551,2.08432,2.08507,1.00,1.00
2015.11.30 22:31:42.391,2.0843,2.08505,1.00,1.00
2015.11.30 22:31:42.492,2.08428,2.08505,1.00,1.00
2015.11.30 22:31:45.820,2.08432,2.0851,1.00,1.12
2015.11.30 22:31:46.010,2.08426,2.08504,1.12,1.00
2015.11.30 22:31:48.259,2.08426,2.08504,1.37,1.00
2015.11.30 22:31:48.360,2.08429,2.08507,1.00,1.00
2015.11.30 22:31:52.373,2.08429,2.08507,1.37,1.00
2015.11.30 22:31:52.663,2.08436,2.08514,1.00,1.10
2015.11.30 22:31:53.653,2.08436,2.08514,1.00,1.47
2015.11.30 22:31:53.754,2.08429,2.08504,1.00,1.00
2015.11.30 22:32:01.872,2.08428,2.08505,1.00,1.00
2015.11.30 22:32:02.376,2.08428,2.08505,1.00,1.90
2015.11.30 22:32:02.578,2.0839,2.08468,1.00,1.37
2015.11.30 22:32:02.679,2.0839,2.08465,1.00,1.37
2015.11.30 22:32:02.780,2.08389,2.08459,1.00,1.00
2015.11.30 22:32:02.831,2.08386,2.08459,1.00,1.00
2015.11.30 22:32:02.932,2.08406,2.08484,1.00,1.00
2015.11.30 22:32:02.983,2.08383,2.08458,1.00,1.00
2015.11.30 22:32:03.742,2.08379,2.08456,1.00,1.00
2015.11.30 22:32:03.793,2.08379,2.08456,1.37,1.00
2015.11.30 22:32:04.096,2.08394,2.08461,1.00,1.00
2015.11.30 22:32:04.146,2.0839,2.08461,1.00,1.00
2015.11.30 22:32:04.247,2.08393,2.08461,1.00,1.00
2015.11.30 22:32:04.553,2.08387,2.08461,1.00,1.00
2015.11.30 22:32:04.856,2.08391,2.08461,1.00,1.00
2015.11.30 22:32:05.256,2.08386,2.08461,1.00,1.00
2015.11.30 22:32:05.857,2.08376,2.08454,1.00,1.00
2015.11.30 22:32:07.262,2.08373,2.08448,1.37,1.00
2015.11.30 22:32:09.139,2.08373,2.08448,1.00,1.00
2015.11.30 22:32:09.240,2.08379,2.08441,1.00,1.00
2015.11.30 22:32:09.341,2.08379,2.08455,1.00,1.37
2015.11.30 22:32:09.392,2.08379,2.08437,1.00,1.00
2015.11.30 22:32:09.443,2.0836,2.08432,1.00,1.00
2015.11.30 22:32:09.544,2.0836,2.08426,1.00,1.00
2015.11.30 22:32:10.042,2.0836,2.08435,1.00,1.00
2015.11.30 22:32:10.167,2.0836,2.0843,1.00,1.00
2015.11.30 22:32:10.503,2.08367,2.08427,1.90,1.00
2015.11.30 22:32:10.603,2.08373,2.08444,1.94,1.00
2015.11.30 22:32:10.751,2.08387,2.08458,1.00,1.00
2015.11.30 22:32:10.852,2.0839,2.08467,1.00,1.00
2015.11.30 22:32:10.902,2.0839,2.08461,1.00,1.37
2015.11.30 22:32:10.953,2.08383,2.08461,1.00,1.37
2015.11.30 22:32:11.004,2.08393,2.08461,1.00,1.37
2015.11.30 22:32:11.105,2.08383,2.08458,1.00,1.37
2015.11.30 22:32:12.197,2.08383,2.0845,1.00,1.09
2015.11.30 22:32:12.350,2.08365,2.08438,1.00,1.00
2015.11.30 22:32:12.451,2.08357,2.08424,1.00,1.00
2015.11.30 22:32:12.753,2.08357,2.08432,1.00,1.37
2015.11.30 22:32:12.804,2.08357,2.08418,1.00,1.00
2015.11.30 22:32:12.905,2.08357,2.08432,1.00,1.37
2015.11.30 22:32:13.578,2.08357,2.08427,1.00,1.00
2015.11.30 22:32:13.875,2.08365,2.08438,1.50,1.00
2015.11.30 22:32:13.976,2.08369,2.08438,1.00,1.00
2015.11.30 22:32:14.281,2.08372,2.08438,1.00,1.00
2015.11.30 22:32:14.480,2.0837,2.08438,1.00,1.00
2015.11.30 22:32:14.732,2.0837,2.08448,1.00,1.37
2015.11.30 22:32:15.034,2.08373,2.08448,1.46,1.00
2015.11.30 22:32:15.286,2.08388,2.08465,1.00,1.12
2015.11.30 22:32:15.387,2.08382,2.08459,1.00,1.00
2015.11.30 22:32:15.680,2.08373,2.08451,1.00,1.00
2015.11.30 22:32:16.920,2.08377,2.08455,1.00,1.37
2015.11.30 22:32:17.021,2.08377,2.08455,1.00,1.00
2015.11.30 22:32:17.421,2.08377,2.08455,1.00,1.37
2015.11.30 22:32:17.472,2.0837,2.08448,1.00,1.00
2015.11.30 22:32:17.623,2.0837,2.08443,1.00,1.67
2015.11.30 22:32:17.725,2.08352,2.08418,1.00,1.00
2015.11.30 22:32:17.826,2.08352,2.08416,1.00,1.00
2015.11.30 22:32:18.330,2.08352,2.0842,1.00,1.00
2015.11.30 22:32:18.610,2.08353,2.08425,1.00,1.00
2015.11.30 22:32:18.870,2.08353,2.08422,1.00,1.00
2015.11.30 22:32:19.173,2.08353,2.08412,1.00,1.00
2015.11.30 22:32:19.333,2.08353,2.08426,1.00,1.00
2015.11.30 22:32:20.038,2.08352,2.0841,1.00,1.00
2015.11.30 22:32:20.149,2.08352,2.08414,1.00,1.00
2015.11.30 22:32:20.571,2.08352,2.08419,1.00,1.00
2015.11.30 22:32:20.772,2.08353,2.08425,1.00,1.00
2015.11.30 22:32:21.037,2.08353,2.08416,1.00,1.00
2015.11.30 22:32:21.138,2.08354,2.08431,1.50,1.00
2015.11.30 22:32:21.239,2.08368,2.08438,1.37,1.00
2015.11.30 22:32:21.340,2.08368,2.08444,1.00,1.50
2015.11.30 22:32:21.587,2.08368,2.08444,1.87,1.00
2015.11.30 22:32:21.890,2.08377,2.08452,1.00,1.15
2015.11.30 22:32:22.418,2.08377,2.08452,1.00,1.15
2015.11.30 22:32:23.069,2.08377,2.08452,1.00,1.15
2015.11.30 22:32:23.322,2.08365,2.08443,1.37,1.00
2015.11.30 22:32:23.524,2.08374,2.0845,1.00,1.15
2015.11.30 22:32:24.219,2.08374,2.08446,1.00,1.00
2015.11.30 22:32:24.720,2.08374,2.08452,1.00,1.00
2015.11.30 22:32:25.067,2.08364,2.08444,1.00,1.37
2015.11.30 22:32:25.319,2.08354,2.0843,1.00,1.00
2015.11.30 22:32:25.370,2.0835,2.0843,1.12,1.00
2015.11.30 22:32:26.078,2.0835,2.08418,1.12,1.00
2015.11.30 22:32:26.382,2.08356,2.08418,1.00,1.00
2015.11.30 22:32:26.946,2.08356,2.08417,1.00,1.00
2015.11.30 22:32:27.707,2.08356,2.08435,1.00,1.15
2015.11.30 22:32:27.758,2.08356,2.08435,1.87,1.15
2015.11.30 22:32:28.080,2.08388,2.08451,1.00,1.15
2015.11.30 22:32:28.331,2.08384,2.08451,1.00,1.15
2015.11.30 22:32:28.533,2.08382,2.08452,1.00,1.15
2015.11.30 22:32:28.834,2.0838,2.08451,1.00,1.65
2015.11.30 22:32:28.885,2.0838,2.08451,1.00,1.50
2015.11.30 22:32:28.986,2.08371,2.08449,1.37,1.00
2015.11.30 22:32:29.587,2.08371,2.08451,1.37,1.50
2015.11.30 22:32:30.226,2.08371,2.08449,1.37,1.00
2015.11.30 22:32:30.586,2.08371,2.08449,1.00,1.00
2015.11.30 22:32:30.785,2.08379,2.08447,1.00,1.00
2015.11.30 22:32:31.088,2.08382,2.08449,1.00,1.00
2015.11.30 22:32:32.291,2.08379,2.08449,1.00,1.00
2015.11.30 22:32:32.342,2.08379,2.08439,1.00,1.00
2015.11.30 22:32:32.393,2.08375,2.08439,1.00,1.00
2015.11.30 22:32:32.444,2.08381,2.08439,1.00,1.00
2015.11.30 22:32:32.545,2.08378,2.08439,1.00,1.00
2015.11.30 22:32:32.736,2.08381,2.08439,1.00,1.00
2015.11.30 22:32:33.696,2.08361,2.08421,1.00,1.00
2015.11.30 22:32:33.747,2.08361,2.08418,1.00,1.00
2015.11.30 22:32:33.849,2.0836,2.08437,1.00,1.37
2015.11.30 22:32:33.900,2.08355,2.0843,1.00,1.00
2015.11.30 22:32:33.951,2.08355,2.0843,1.37,1.00
2015.11.30 22:32:34.102,2.08357,2.08434,1.37,1.00
2015.11.30 22:32:34.153,2.08357,2.08434,1.00,1.86
2015.11.30 22:32:34.304,2.08341,2.08417,1.00,1.12
2015.11.30 22:32:34.355,2.08347,2.08417,1.65,1.00
2015.11.30 22:32:34.459,2.08335,2.0841,1.00,1.00
2015.11.30 22:32:34.510,2.08337,2.0841,1.00,1.00
2015.11.30 22:32:34.762,2.08332,2.08406,1.00,1.00
2015.11.30 22:32:36.797,2.08332,2.08405,1.00,1.00
2015.11.30 22:32:36.847,2.08332,2.08403,1.00,1.00
2015.11.30 22:32:37.390,2.08332,2.08402,1.00,1.00
2015.11.30 22:32:38.098,2.08332,2.08403,1.00,1.87
2015.11.30 22:32:38.400,2.08332,2.08392,1.00,1.00
2015.11.30 22:32:39.060,2.08332,2.08393,1.00,1.00
2015.11.30 22:32:39.500,2.08332,2.08391,1.50,1.00
2015.11.30 22:32:39.601,2.08332,2.08393,1.00,1.00
2015.11.30 22:32:39.702,2.08343,2.08393,1.00,1.00
2015.11.30 22:32:39.803,2.08346,2.08404,1.00,1.00
2015.11.30 22:32:40.434,2.08347,2.08404,1.00,1.00
2015.11.30 22:32:40.809,2.08346,2.08399,1.00,1.00
2015.11.30 22:32:42.162,2.08345,2.08399,1.00,1.00
2015.11.30 22:32:42.464,2.08345,2.08393,1.00,1.00
2015.11.30 22:32:42.565,2.08332,2.08393,1.50,1.00
2015.11.30 22:32:43.020,2.08332,2.08389,1.00,1.00
2015.11.30 22:32:43.417,2.08342,2.08389,1.00,1.00
2015.11.30 22:32:43.548,2.08342,2.08404,1.00,1.00
2015.11.30 22:32:43.609,2.08344,2.08404,1.00,1.00
2015.11.30 22:32:44.173,2.08345,2.08404,1.00,1.37
2015.11.30 22:32:44.274,2.08339,2.08398,1.00,1.12
2015.11.30 22:32:44.325,2.08339,2.08394,1.00,1.00
2015.11.30 22:32:44.375,2.08332,2.08394,1.00,1.37
2015.11.30 22:32:44.426,2.08332,2.08389,1.00,1.00
2015.11.30 22:32:44.930,2.08332,2.08388,1.00,1.00
2015.11.30 22:32:45.270,2.08332,2.08385,1.00,1.00
2015.11.30 22:32:45.809,2.08332,2.08386,1.00,1.00
2015.11.30 22:32:46.061,2.08315,2.08385,1.12,1.00
2015.11.30 22:32:46.112,2.08319,2.08386,1.00,1.00
2015.11.30 22:32:46.415,2.0832,2.0838,1.00,1.00
2015.11.30 22:32:46.516,2.08309,2.08371,1.00,1.12
2015.11.30 22:32:46.718,2.08302,2.08371,1.00,1.00
2015.11.30 22:32:46.919,2.08308,2.08371,1.00,1.00
2015.11.30 22:32:47.359,2.08317,2.08377,1.00,1.00
2015.11.30 22:32:47.611,2.08302,2.0837,1.00,1.00
2015.11.30 22:32:48.944,2.08302,2.08364,1.00,1.00
2015.11.30 22:32:49.196,2.08308,2.08374,1.00,1.00
2015.11.30 22:32:49.247,2.08315,2.08374,1.00,1.00
2015.11.30 22:32:49.675,2.08318,2.08374,1.00,1.00
2015.11.30 22:32:50.207,2.08319,2.08374,1.00,1.00
2015.11.30 22:32:50.807,2.08318,2.08374,1.00,1.00
2015.11.30 22:32:51.326,2.08317,2.08374,1.00,1.00
2015.11.30 22:32:51.639,2.0832,2.08373,1.00,1.00
2015.11.30 22:32:51.690,2.08324,2.08379,1.00,1.00
2015.11.30 22:32:51.892,2.08326,2.08379,1.00,1.00
2015.11.30 22:32:52.705,2.08325,2.08379,1.00,1.00
2015.11.30 22:32:53.731,2.08326,2.08379,1.00,1.00
2015.11.30 22:32:54.261,2.08325,2.08379,1.00,1.00
2015.11.30 22:32:54.999,2.08326,2.08379,1.00,1.00
2015.11.30 22:32:55.089,2.08326,2.08381,1.00,1.12
2015.11.30 22:32:55.837,2.08325,2.08381,1.00,1.12
2015.11.30 22:32:55.938,2.08321,2.08381,1.00,1.00
2015.11.30 22:32:55.989,2.08321,2.08423,1.50,1.77
2015.11.30 22:32:56.040,2.08323,2.08423,1.00,1.93
2015.11.30 22:32:56.141,2.08321,2.08423,1.50,1.00
2015.11.30 22:32:56.918,2.08329,2.08423,1.00,1.00
2015.11.30 22:32:57.402,2.08329,2.08434,1.00,1.37
2015.11.30 22:32:58.225,2.08329,2.08432,1.00,1.00
2015.11.30 22:32:58.912,2.0833,2.08432,1.12,1.94
2015.11.30 22:32:59.310,2.08332,2.08407,1.00,1.00
2015.11.30 22:33:00.195,2.0833,2.08404,1.00,1.00
2015.11.30 22:33:00.245,2.08326,2.08404,1.00,1.00
2015.11.30 22:33:00.846,2.08332,2.08407,1.00,1.00
2015.11.30 22:33:01.048,2.0834,2.08416,1.00,1.00
2015.11.30 22:33:02.124,2.0834,2.08405,1.00,1.11
2015.11.30 22:33:02.175,2.08311,2.0838,1.87,1.00
2015.11.30 22:33:02.275,2.08311,2.0837,1.00,1.00
2015.11.30 22:33:02.376,2.08306,2.08374,1.00,1.00
2015.11.30 22:33:02.477,2.08313,2.08371,1.00,1.00
2015.11.30 22:33:02.579,2.08343,2.08416,1.00,1.37
2015.11.30 22:33:02.631,2.08343,2.08416,1.37,1.00
2015.11.30 22:33:02.835,2.08362,2.0844,1.00,1.00
2015.11.30 22:33:03.135,2.08369,2.0844,1.00,1.00
2015.11.30 22:33:03.637,2.08368,2.0844,1.00,1.37
2015.11.30 22:33:04.643,2.08369,2.0844,1.00,1.37
2015.11.30 22:33:05.040,2.08366,2.0844,1.00,1.37
2015.11.30 22:33:05.294,2.08363,2.0844,1.00,1.37
2015.11.30 22:33:05.345,2.08367,2.0844,1.00,1.37
2015.11.30 22:33:05.650,2.08359,2.08426,1.00,1.00
2015.11.30 22:33:05.805,2.08359,2.08434,1.00,1.37
2015.11.30 22:33:06.014,2.08359,2.08428,1.00,1.00
2015.11.30 22:33:07.335,2.08359,2.08419,1.00,1.37
2015.11.30 22:33:07.386,2.08343,2.08411,1.50,1.00
2015.11.30 22:33:07.497,2.08343,2.084,1.00,1.00
2015.11.30 22:33:07.648,2.08328,2.08397,1.00,1.00
2015.11.30 22:33:07.699,2.08328,2.08392,1.00,1.00
2015.11.30 22:33:07.749,2.08322,2.08392,1.00,1.00
2015.11.30 22:33:07.800,2.08322,2.08388,1.00,1.00
2015.11.30 22:33:08.002,2.08315,2.08387,1.00,1.00
2015.11.30 22:33:08.052,2.08315,2.08384,1.00,1.00
2015.11.30 22:33:08.103,2.08309,2.08384,1.37,1.50
2015.11.30 22:33:08.154,2.08309,2.08378,1.00,1.00
2015.11.30 22:33:08.566,2.08309,2.08384,1.37,1.00
2015.11.30 22:33:08.667,2.08315,2.0839,1.00,1.00
2015.11.30 22:33:09.765,2.08315,2.08381,1.00,1.00
2015.11.30 22:33:10.133,2.08315,2.08372,1.00,1.00
2015.11.30 22:33:10.435,2.08325,2.08377,1.00,1.00
2015.11.30 22:33:10.486,2.08325,2.084,1.00,1.12
2015.11.30 22:33:10.638,2.08327,2.08403,1.37,1.00
2015.11.30 22:33:10.839,2.08333,2.08409,1.00,1.00
2015.11.30 22:33:10.940,2.08329,2.08404,1.00,1.00
2015.11.30 22:33:14.019,2.08335,2.0841,1.00,1.37
2015.11.30 22:33:14.321,2.08339,2.08414,1.37,1.00
2015.11.30 22:33:14.372,2.08341,2.08418,1.37,1.00
2015.11.30 22:33:21.938,2.08345,2.0842,1.00,1.00
2015.11.30 22:33:24.689,2.08347,2.08424,1.00,1.00
2015.11.30 22:33:24.790,2.08352,2.0843,1.00,1.00
2015.11.30 22:33:24.891,2.08352,2.0843,1.37,1.00
2015.11.30 22:33:25.042,2.08358,2.08436,1.00,1.00
2015.11.30 22:33:25.093,2.08358,2.08436,1.37,1.00
2015.11.30 22:33:25.144,2.08364,2.08441,1.00,1.00
2015.11.30 22:33:26.484,2.08357,2.08434,1.37,1.00
2015.11.30 22:33:26.787,2.08362,2.08429,1.00,1.00
2015.11.30 22:33:27.097,2.08365,2.08429,1.00,1.00
2015.11.30 22:33:27.602,2.08364,2.08429,1.00,1.00
2015.11.30 22:33:28.103,2.08365,2.08429,1.00,1.00
2015.11.30 22:33:28.704,2.08364,2.08429,1.00,1.00
2015.11.30 22:33:28.755,2.08364,2.08435,1.00,1.50
2015.11.30 22:33:28.806,2.08377,2.08435,1.00,1.50
2015.11.30 22:33:29.119,2.08389,2.08447,1.00,1.00
2015.11.30 22:33:29.850,2.08385,2.08447,1.00,1.00
2015.11.30 22:33:30.126,2.08379,2.08447,1.00,1.00
2015.11.30 22:33:31.068,2.08379,2.08447,1.00,1.37
2015.11.30 22:33:31.169,2.0838,2.08443,1.00,1.00
2015.11.30 22:33:31.389,2.08379,2.08449,1.00,1.00
2015.11.30 22:33:32.342,2.08377,2.08448,1.00,1.00
2015.11.30 22:33:33.250,2.08372,2.08443,1.00,1.00
2015.11.30 22:33:33.552,2.0832,2.08382,1.00,1.00
2015.11.30 22:33:33.603,2.08297,2.08373,1.37,1.00
2015.11.30 22:33:33.813,2.08293,2.08365,1.00,1.00
2015.11.30 22:33:34.073,2.08293,2.08369,1.00,1.12
2015.11.30 22:33:34.124,2.08305,2.08369,1.00,1.00
2015.11.30 22:33:34.325,2.08354,2.08425,1.00,1.00
2015.11.30 22:33:34.376,2.08354,2.08434,1.00,1.12
2015.11.30 22:33:34.527,2.08357,2.08434,1.00,1.00
2015.11.30 22:33:34.679,2.08354,2.08434,1.00,1.00
2015.11.30 22:33:34.730,2.08343,2.08422,1.37,1.00
2015.11.30 22:33:34.781,2.08343,2.08422,1.00,1.00
2015.11.30 22:33:34.832,2.08343,2.08415,1.00,1.00
2015.11.30 22:33:34.933,2.08329,2.0841,1.00,1.00
2015.11.30 22:33:35.138,2.08323,2.08404,1.00,1.00
2015.11.30 22:33:36.113,2.08323,2.08395,1.00,1.00
2015.11.30 22:33:36.430,2.08325,2.08408,1.00,1.00
2015.11.30 22:33:36.481,2.08325,2.08391,1.00,1.00
2015.11.30 22:33:36.582,2.08325,2.08408,1.00,1.50
2015.11.30 22:33:36.632,2.08328,2.08408,1.03,1.50
2015.11.30 22:33:36.683,2.08343,2.08425,1.00,1.00
2015.11.30 22:33:36.892,2.08332,2.08413,1.00,1.00
2015.11.30 22:33:37.733,2.08332,2.08408,1.00,1.00
2015.11.30 22:33:37.885,2.0832,2.08397,1.00,1.00
2015.11.30 22:33:37.935,2.0832,2.08395,1.00,1.00
2015.11.30 22:33:38.187,2.08319,2.08402,1.00,1.00
2015.11.30 22:33:38.239,2.08331,2.08411,1.00,1.37
2015.11.30 22:33:38.340,2.08328,2.08408,1.00,1.00
2015.11.30 22:33:38.743,2.08337,2.08408,1.00,1.00
2015.11.30 22:33:38.838,2.08328,2.08408,1.87,1.00
2015.11.30 22:33:38.889,2.08369,2.0845,1.00,1.39
2015.11.30 22:33:38.990,2.08383,2.08464,1.37,1.00
2015.11.30 22:33:39.041,2.08383,2.08453,1.00,1.00
2015.11.30 22:33:39.142,2.08383,2.08462,1.00,1.20
2015.11.30 22:33:39.243,2.08386,2.0842,1.00,1.00
2015.11.30 22:33:39.344,2.08348,2.0842,1.00,1.00
2015.11.30 22:33:39.445,2.08348,2.08417,1.00,1.00
2015.11.30 22:33:39.546,2.08341,2.08413,1.37,1.00
2015.11.30 22:33:39.647,2.08346,2.08413,1.00,1.00
2015.11.30 22:33:39.748,2.08351,2.08432,1.00,1.00
2015.11.30 22:33:39.849,2.08351,2.0843,1.00,1.00
2015.11.30 22:33:40.212,2.08346,2.08427,1.00,1.00
2015.11.30 22:33:40.313,2.08345,2.08428,1.37,1.00
2015.11.30 22:33:40.543,2.08352,2.08433,1.37,1.00
2015.11.30 22:33:40.892,2.08357,2.08433,1.00,1.00
2015.11.30 22:33:40.993,2.08355,2.08433,1.50,1.00
2015.11.30 22:33:41.094,2.08359,2.08437,1.50,1.00
2015.11.30 22:33:41.423,2.08358,2.08433,1.00,1.00
2015.11.30 22:33:41.594,2.08356,2.08433,1.00,1.00
2015.11.30 22:33:42.207,2.08355,2.08433,1.00,1.00
2015.11.30 22:33:43.058,2.08354,2.08434,1.00,1.50
2015.11.30 22:33:43.209,2.08354,2.08433,1.37,1.00
2015.11.30 22:33:43.604,2.0836,2.08433,1.00,1.00
2015.11.30 22:33:43.906,2.08363,2.08434,1.00,1.00
2015.11.30 22:33:44.953,2.08354,2.08433,1.00,1.00
2015.11.30 22:33:45.481,2.08354,2.08432,1.00,1.00
2015.11.30 22:33:46.060,2.08354,2.08432,1.37,1.00
2015.11.30 22:33:46.368,2.08363,2.08432,1.00,1.00
2015.11.30 22:33:47.817,2.08363,2.08431,1.00,1.00
2015.11.30 22:33:48.034,2.08354,2.08431,1.12,1.50
2015.11.30 22:33:49.821,2.08354,2.0843,1.12,1.00
2015.11.30 22:33:50.339,2.08355,2.08433,1.37,1.00
2015.11.30 22:33:50.642,2.08392,2.08446,1.00,1.00
2015.11.30 22:33:50.838,2.08378,2.08446,1.00,1.00
2015.11.30 22:33:50.889,2.08391,2.08446,1.00,1.00
2015.11.30 22:33:51.091,2.08379,2.08445,1.00,1.00
2015.11.30 22:33:51.648,2.08368,2.08444,1.00,1.00
2015.11.30 22:33:51.749,2.08362,2.0844,1.00,1.00
2015.11.30 22:33:52.445,2.08355,2.08436,1.00,1.00
2015.11.30 22:33:54.339,2.0837,2.08436,1.87,1.00
2015.11.30 22:33:54.389,2.08371,2.08438,1.86,1.00
2015.11.30 22:33:54.440,2.08379,2.08444,1.42,1.00
2015.11.30 22:33:54.491,2.08395,2.08444,1.00,1.00
2015.11.30 22:33:54.825,2.08398,2.08453,1.00,1.00
2015.11.30 22:33:54.926,2.0838,2.08453,1.00,1.00
2015.11.30 22:33:57.588,2.08371,2.08453,1.00,1.00
2015.11.30 22:33:58.230,2.0837,2.08453,1.00,1.00
2015.11.30 22:33:59.912,2.08371,2.08453,1.00,1.00
2015.11.30 22:34:00.540,2.0837,2.08453,1.00,1.00
2015.11.30 22:34:01.215,2.08371,2.08453,1.00,1.00
2015.11.30 22:34:02.410,2.0837,2.08453,1.00,1.00
2015.11.30 22:34:03.207,2.08371,2.08453,1.50,1.00
2015.11.30 22:34:04.178,2.08403,2.08453,1.00,1.00
2015.11.30 22:34:04.279,2.08402,2.08472,1.00,1.00
2015.11.30 22:34:04.431,2.08406,2.08475,1.00,1.00
2015.11.30 22:34:04.824,2.08402,2.08473,1.50,1.00
2015.11.30 22:34:05.325,2.08403,2.08472,1.00,1.00
2015.11.30 22:34:05.469,2.08406,2.08477,1.00,1.00
2015.11.30 22:34:06.127,2.08407,2.08476,1.00,1.00
2015.11.30 22:34:07.441,2.08406,2.08477,1.00,1.00
2015.11.30 22:34:08.248,2.08407,2.08476,1.00,1.00
2015.11.30 22:34:09.258,2.08406,2.08477,1.00,1.00
2015.11.30 22:34:09.809,2.08407,2.08476,1.00,1.00
2015.11.30 22:34:09.966,2.08403,2.08472,1.00,1.00
2015.11.30 22:34:10.016,2.08401,2.08472,1.00,1.00
2015.11.30 22:34:10.567,2.08402,2.08471,1.00,1.00
2015.11.30 22:34:11.369,2.08401,2.08472,1.00,1.00
2015.11.30 22:34:11.969,2.08402,2.08471,1.00,1.00
2015.11.30 22:34:13.629,2.08416,2.08471,1.00,1.00
2015.11.30 22:34:13.679,2.08425,2.0849,1.00,1.12
2015.11.30 22:34:13.730,2.08425,2.08497,1.00,1.07
2015.11.30 22:34:13.781,2.0844,2.08497,1.00,1.07
2015.11.30 22:34:14.109,2.08445,2.08502,1.37,1.20
2015.11.30 22:34:14.626,2.08435,2.08502,1.00,1.20
2015.11.30 22:34:16.977,2.08433,2.08502,1.00,1.20
2015.11.30 22:34:17.384,2.08409,2.08494,1.00,1.07
2015.11.30 22:34:17.485,2.08401,2.08488,1.00,1.00
2015.11.30 22:34:19.239,2.08408,2.08493,1.00,1.07
2015.11.30 22:34:19.798,2.08413,2.08499,1.00,1.45
2015.11.30 22:34:24.518,2.0841,2.08497,1.00,1.07
2015.11.30 22:34:25.617,2.08412,2.085,1.00,1.45
2015.11.30 22:34:25.924,2.08412,2.085,1.37,1.07
2015.11.30 22:34:26.225,2.08418,2.08501,1.00,1.18
2015.11.30 22:34:26.662,2.08422,2.08508,1.00,1.22
2015.11.30 22:34:27.099,2.08448,2.08508,1.11,1.22
2015.11.30 22:34:29.068,2.08447,2.08496,1.00,1.07
2015.11.30 22:34:29.169,2.08447,2.08487,1.00,1.00
2015.11.30 22:34:29.321,2.08439,2.08508,1.37,1.27
2015.11.30 22:34:29.472,2.08452,2.08508,1.00,1.24
2015.11.30 22:34:30.706,2.08442,2.08498,1.00,1.07
2015.11.30 22:34:30.908,2.08436,2.08496,1.00,1.07
2015.11.30 22:34:32.018,2.08431,2.08499,1.00,1.07
2015.11.30 22:34:34.863,2.08439,2.085,1.00,1.07
2015.11.30 22:34:35.166,2.08464,2.08503,1.00,1.22
2015.11.30 22:34:35.928,2.08465,2.08503,1.00,1.22
2015.11.30 22:34:36.739,2.08458,2.08503,1.00,1.25
2015.11.30 22:34:36.840,2.08447,2.08504,1.00,1.25
2015.11.30 22:34:36.992,2.08436,2.08497,1.00,1.07
2015.11.30 22:34:37.539,2.08436,2.08494,1.00,1.07
2015.11.30 22:34:37.956,2.08429,2.08504,1.00,1.22
2015.11.30 22:34:38.213,2.08436,2.08504,1.00,1.22
2015.11.30 22:34:41.788,2.08433,2.08505,1.00,1.22
2015.11.30 22:34:42.567,2.0842,2.08505,1.46,1.17
2015.11.30 22:34:42.668,2.08397,2.08481,1.00,1.00
2015.11.30 22:34:42.769,2.0838,2.08481,1.54,1.00
2015.11.30 22:34:42.870,2.08375,2.08481,1.00,1.00
2015.11.30 22:34:42.929,2.08375,2.08476,1.00,1.00
2015.11.30 22:34:43.378,2.08375,2.08474,1.00,1.00
2015.11.30 22:34:44.379,2.08374,2.08474,1.00,1.00
2015.11.30 22:34:44.733,2.08374,2.08462,1.00,1.00
2015.11.30 22:34:45.056,2.08376,2.08461,1.00,1.00
2015.11.30 22:34:45.735,2.08376,2.08456,1.00,1.00
2015.11.30 22:34:46.456,2.08378,2.08456,1.00,1.00
2015.11.30 22:34:46.779,2.08427,2.08493,1.00,1.07
2015.11.30 22:34:47.084,2.08427,2.08493,1.37,1.07
2015.11.30 22:34:47.390,2.08456,2.08493,1.37,1.07
2015.11.30 22:34:47.692,2.0847,2.08491,1.00,1.00
2015.11.30 22:34:47.788,2.08448,2.08491,1.37,1.00
2015.11.30 22:34:47.889,2.08448,2.08509,1.00,1.56
2015.11.30 22:34:47.990,2.08441,2.08509,1.12,1.56
2015.11.30 22:34:48.855,2.08441,2.08505,1.37,1.56
2015.11.30 22:34:49.859,2.08441,2.08505,1.12,1.56
2015.11.30 22:34:50.491,2.08435,2.08505,1.12,1.18
2015.11.30 22:34:50.642,2.08468,2.08505,1.00,1.18
2015.11.30 22:34:50.995,2.08464,2.08513,1.00,1.34
2015.11.30 22:34:51.146,2.08459,2.08513,1.00,1.34
2015.11.30 22:34:52.895,2.08459,2.08513,1.00,1.38
2015.11.30 22:34:52.946,2.08451,2.08513,1.37,1.38
2015.11.30 22:34:53.577,2.08446,2.08513,1.37,1.38
2015.11.30 22:34:53.700,2.08436,2.08491,1.00,1.20
2015.11.30 22:34:53.751,2.08449,2.08491,1.00,1.20
2015.11.30 22:34:53.852,2.08415,2.08491,1.00,1.20
2015.11.30 22:34:53.953,2.08418,2.08491,1.00,1.20
2015.11.30 22:34:54.055,2.08416,2.08491,1.00,1.20
2015.11.30 22:34:54.257,2.08396,2.08491,1.15,1.20
2015.11.30 22:34:54.514,2.08414,2.08501,1.00,1.11
2015.11.30 22:34:54.818,2.08454,2.08512,1.00,1.40
2015.11.30 22:34:54.921,2.08448,2.08512,1.00,1.40
2015.11.30 22:34:55.022,2.08426,2.08512,1.37,1.40
2015.11.30 22:34:55.149,2.08446,2.08512,1.00,1.40
2015.11.30 22:34:55.928,2.08448,2.08512,1.00,1.40
2015.11.30 22:34:56.029,2.08445,2.08512,1.00,1.40
2015.11.30 22:34:56.394,2.08448,2.08512,1.00,1.40
2015.11.30 22:34:56.725,2.08452,2.08512,1.50,1.40
2015.11.30 22:34:57.055,2.08456,2.08512,1.00,1.40
2015.11.30 22:34:57.385,2.08462,2.08512,1.00,1.40
2015.11.30 22:34:57.654,2.0846,2.08512,1.00,1.40
2015.11.30 22:34:58.375,2.08459,2.08512,1.00,1.40
2015.11.30 22:34:58.964,2.0846,2.08512,1.00,1.40
2015.11.30 22:34:59.556,2.08459,2.08512,1.00,1.40
2015.11.30 22:35:00.367,2.0846,2.08512,1.00,1.40
2015.11.30 22:35:00.571,2.08462,2.08512,1.00,1.40
2015.11.30 22:35:01.060,2.08469,2.08511,1.00,1.09
2015.11.30 22:35:01.173,2.08431,2.08511,1.00,1.09
2015.11.30 22:35:01.380,2.08444,2.08511,1.00,1.09
2015.11.30 22:35:01.713,2.08446,2.08512,1.00,1.18
2015.11.30 22:35:02.016,2.08449,2.08521,1.00,1.39
2015.11.30 22:35:02.269,2.08428,2.08512,1.00,1.12
2015.11.30 22:35:02.320,2.08423,2.08512,1.00,1.12
2015.11.30 22:35:02.487,2.0843,2.08566,1.00,1.67
2015.11.30 22:35:02.588,2.08413,2.08565,1.50,1.57
2015.11.30 22:35:02.773,2.08422,2.08562,1.00,1.56
2015.11.30 22:35:03.077,2.08474,2.08571,1.00,1.73
2015.11.30 22:35:03.138,2.08474,2.08571,1.00,1.00
2015.11.30 22:35:03.390,2.08431,2.08572,1.00,1.00
2015.11.30 22:35:03.441,2.08431,2.08569,1.00,1.00
2015.11.30 22:35:03.492,2.08428,2.08569,1.50,1.50
2015.11.30 22:35:04.067,2.08428,2.08566,1.50,1.00
2015.11.30 22:35:04.380,2.08428,2.08564,1.50,1.00
2015.11.30 22:35:04.543,2.08425,2.08564,1.00,1.00
2015.11.30 22:35:04.774,2.08424,2.08568,1.50,1.50
2015.11.30 22:35:04.824,2.08424,2.08557,1.00,1.00
2015.11.30 22:35:04.925,2.08422,2.08557,1.00,1.00
2015.11.30 22:35:05.026,2.08422,2.08552,1.00,1.00
2015.11.30 22:35:05.330,2.08421,2.0855,1.50,1.00
2015.11.30 22:35:05.381,2.08421,2.0856,1.50,1.00
2015.11.30 22:35:05.720,2.08421,2.08542,1.00,1.00
2015.11.30 22:35:05.971,2.08421,2.08545,1.00,1.00
2015.11.30 22:35:06.021,2.08421,2.0854,1.00,1.00
2015.11.30 22:35:06.371,2.08421,2.08536,1.00,1.00
2015.11.30 22:35:06.777,2.08423,2.08534,1.00,1.00
2015.11.30 22:35:07.328,2.08424,2.08516,1.00,1.00
2015.11.30 22:35:07.379,2.08421,2.08516,1.00,1.00
2015.11.30 22:35:07.480,2.0842,2.08514,1.00,1.00
2015.11.30 22:35:07.801,2.08421,2.08511,1.00,1.00
2015.11.30 22:35:08.002,2.08412,2.08511,1.00,1.00
2015.11.30 22:35:08.503,2.08411,2.08517,1.50,1.00
2015.11.30 22:35:08.553,2.08413,2.08517,1.00,1.00
2015.11.30 22:35:08.654,2.08416,2.08526,1.00,1.50
2015.11.30 22:35:08.777,2.08413,2.08523,1.00,1.00
2015.11.30 22:35:09.079,2.08411,2.08518,1.00,1.00
2015.11.30 22:35:09.621,2.08411,2.08519,1.00,1.00
2015.11.30 22:35:10.707,2.08415,2.08519,1.00,1.00
2015.11.30 22:35:10.987,2.08415,2.08525,1.00,1.00
2015.11.30 22:35:11.329,2.08415,2.08533,1.00,1.00
2015.11.30 22:35:11.444,2.08395,2.08513,1.50,1.00
2015.11.30 22:35:11.789,2.0839,2.08511,1.63,1.00
2015.11.30 22:35:12.118,2.0839,2.08514,1.81,1.00
2015.11.30 22:35:12.169,2.0839,2.0853,1.81,1.00
2015.11.30 22:35:14.251,2.0838,2.0853,1.00,1.00
2015.11.30 22:35:14.352,2.08368,2.08531,1.00,1.00
2015.11.30 22:35:14.452,2.08353,2.08531,1.00,1.00
2015.11.30 22:35:14.724,2.08351,2.08531,1.00,1.00
2015.11.30 22:35:14.825,2.08371,2.08531,1.00,1.00
2015.11.30 22:35:15.127,2.08401,2.0853,1.00,1.00
2015.11.30 22:35:15.228,2.08397,2.0853,1.00,1.00
2015.11.30 22:35:15.499,2.08408,2.0853,1.00,1.00
2015.11.30 22:35:15.600,2.08382,2.0853,1.00,1.00
2015.11.30 22:35:15.651,2.08377,2.0853,1.00,1.00
2015.11.30 22:35:15.800,2.08359,2.0853,1.20,1.00
2015.11.30 22:35:16.728,2.08386,2.08551,1.42,2.53
2015.11.30 22:35:17.030,2.08398,2.08531,1.00,1.00
2015.11.30 22:35:18.807,2.08398,2.08532,1.00,1.00
2015.11.30 22:35:20.239,2.08398,2.08538,1.37,1.00
2015.11.30 22:35:20.289,2.08415,2.0853,1.00,1.00
2015.11.30 22:35:20.811,2.08418,2.08527,1.00,1.00
2015.11.30 22:35:22.333,2.08419,2.08526,1.00,1.00
2015.11.30 22:35:23.598,2.08419,2.08509,1.00,1.00
2015.11.30 22:35:23.699,2.08398,2.08492,1.00,1.00
2015.11.30 22:35:23.750,2.08384,2.08484,1.00,1.00
2015.11.30 22:35:23.801,2.08384,2.08482,1.00,1.00
2015.11.30 22:35:23.851,2.08381,2.08482,1.00,1.50
2015.11.30 22:35:24.366,2.08378,2.08482,1.00,1.00
2015.11.30 22:35:24.977,2.08378,2.08483,1.00,1.00
2015.11.30 22:35:25.280,2.08365,2.08461,1.00,1.00
2015.11.30 22:35:25.337,2.0834,2.08459,1.00,1.00
2015.11.30 22:35:25.388,2.0834,2.08443,1.00,1.00
2015.11.30 22:35:25.489,2.08316,2.0843,1.00,1.00
2015.11.30 22:35:25.590,2.08315,2.08423,1.00,1.00
2015.11.30 22:35:25.640,2.08309,2.08423,1.00,1.00
2015.11.30 22:35:25.691,2.08305,2.08417,1.00,1.00
2015.11.30 22:35:25.742,2.08299,2.08417,1.00,1.00
2015.11.30 22:35:25.893,2.08299,2.08408,1.00,1.00
2015.11.30 22:35:25.994,2.08299,2.0842,1.00,1.00
2015.11.30 22:35:26.165,2.08299,2.08407,1.00,1.00
2015.11.30 22:35:26.468,2.08299,2.08393,1.00,1.00
2015.11.30 22:35:26.568,2.083,2.08412,1.00,1.00
2015.11.30 22:35:26.782,2.08299,2.08423,1.00,1.00
2015.11.30 22:35:26.954,2.08299,2.08414,1.00,1.00
2015.11.30 22:35:27.165,2.08299,2.08423,1.00,1.00
2015.11.30 22:35:27.266,2.08299,2.08406,1.00,1.00
2015.11.30 22:35:27.616,2.08299,2.08402,1.00,1.00
2015.11.30 22:35:27.666,2.08299,2.08406,1.00,1.00
2015.11.30 22:35:27.767,2.08299,2.08412,1.00,1.00
2015.11.30 22:35:27.868,2.083,2.08423,1.00,1.00
2015.11.30 22:35:28.257,2.08301,2.08418,1.00,1.00
2015.11.30 22:35:28.587,2.08297,2.08423,1.00,1.00
2015.11.30 22:35:29.850,2.08307,2.08423,1.42,1.00
2015.11.30 22:35:30.153,2.08348,2.08449,1.00,1.00
2015.11.30 22:35:30.355,2.0833,2.08449,1.00,1.00
2015.11.30 22:35:30.662,2.0833,2.08446,1.00,1.00
2015.11.30 22:35:30.763,2.0833,2.08449,1.00,1.00
2015.11.30 22:35:30.868,2.08328,2.08448,1.00,1.00
2015.11.30 22:35:31.505,2.08327,2.08448,1.00,1.00
2015.11.30 22:35:31.962,2.08323,2.08448,1.50,1.00
2015.11.30 22:35:32.095,2.08326,2.08448,1.00,1.00
2015.11.30 22:35:32.897,2.08325,2.08449,1.00,1.00
2015.11.30 22:35:33.298,2.08323,2.08449,1.00,1.00
2015.11.30 22:35:34.166,2.08347,2.08449,1.00,1.00
2015.11.30 22:35:34.278,2.0835,2.08457,1.00,1.00
2015.11.30 22:35:34.581,2.08353,2.08461,1.00,1.00
2015.11.30 22:35:37.506,2.08354,2.0846,1.00,1.00
2015.11.30 22:35:38.007,2.08373,2.08474,1.50,1.12
2015.11.30 22:35:38.058,2.08373,2.0848,1.50,1.00
2015.11.30 22:35:38.159,2.08384,2.08493,1.00,1.00
2015.11.30 22:35:38.271,2.08398,2.08515,1.00,1.00
2015.11.30 22:35:38.322,2.08398,2.08511,1.50,1.12
2015.11.30 22:35:38.668,2.08402,2.08515,1.00,1.00
2015.11.30 22:35:38.719,2.08386,2.08515,1.00,1.00
2015.11.30 22:35:39.209,2.084,2.08515,1.00,1.00
2015.11.30 22:35:39.524,2.08419,2.08519,1.00,1.00
2015.11.30 22:35:39.826,2.08415,2.08519,1.00,1.00
2015.11.30 22:35:39.927,2.08397,2.08519,1.00,1.00
2015.11.30 22:35:40.074,2.08389,2.08519,1.00,1.00
2015.11.30 22:35:41.475,2.08389,2.0852,1.00,1.87
2015.11.30 22:35:42.307,2.08383,2.08519,1.00,1.00
2015.11.30 22:35:45.098,2.08376,2.08518,1.00,1.37
2015.11.30 22:35:45.625,2.08376,2.08511,1.00,1.12
2015.11.30 22:35:47.126,2.08376,2.08481,1.00,1.00
2015.11.30 22:35:47.176,2.08372,2.08481,1.00,1.00
2015.11.30 22:35:47.227,2.08373,2.08471,1.00,1.00
2015.11.30 22:35:47.530,2.08373,2.08467,1.00,1.00
2015.11.30 22:35:48.088,2.08363,2.08468,1.00,1.00
2015.11.30 22:35:48.239,2.08362,2.08465,1.00,1.00
2015.11.30 22:35:48.951,2.08362,2.08464,1.00,1.00
2015.11.30 22:35:49.611,2.08363,2.08465,1.00,1.00
2015.11.30 22:35:49.992,2.08354,2.08464,1.00,1.00
2015.11.30 22:35:50.043,2.08351,2.08461,1.00,1.00
2015.11.30 22:35:51.137,2.08352,2.0846,1.00,1.00
2015.11.30 22:35:51.817,2.08351,2.08461,1.00,1.00
2015.11.30 22:35:52.189,2.0835,2.08458,1.00,1.00
2015.11.30 22:35:52.790,2.08349,2.08459,1.00,1.00
2015.11.30 22:35:53.574,2.08349,2.08458,1.50,1.00
2015.11.30 22:35:55.851,2.0835,2.08458,1.00,1.50
2015.11.30 22:35:56.546,2.08349,2.08458,1.50,1.00
2015.11.30 22:35:57.141,2.0835,2.08458,1.00,1.50
2015.11.30 22:35:57.854,2.08349,2.08458,1.50,1.00
2015.11.30 22:35:59.857,2.08349,2.08457,1.00,1.00
2015.11.30 22:36:00.509,2.0835,2.08457,1.00,1.00
2015.11.30 22:36:01.962,2.08349,2.08457,1.00,1.00
2015.11.30 22:36:04.077,2.0835,2.08457,1.00,1.00
2015.11.30 22:36:04.811,2.08349,2.08457,1.00,1.00
2015.11.30 22:36:05.770,2.0835,2.08457,1.00,1.00
2015.11.30 22:36:07.072,2.08349,2.08457,1.00,1.00
2015.11.30 22:36:07.886,2.0835,2.08457,1.00,1.00
2015.11.30 22:36:08.476,2.08347,2.08457,1.00,1.50
2015.11.30 22:36:10.482,2.08348,2.08456,1.00,1.00
2015.11.30 22:36:11.617,2.08338,2.08457,1.00,1.00
2015.11.30 22:36:14.179,2.08341,2.08457,1.00,1.00
2015.11.30 22:36:14.492,2.08363,2.08443,1.00,1.00
2015.11.30 22:36:15.131,2.08363,2.08436,1.00,1.00
2015.11.30 22:36:15.442,2.0836,2.0844,1.00,1.00
2015.11.30 22:36:21.040,2.08359,2.08433,1.00,1.37
2015.11.30 22:36:21.141,2.08355,2.08433,1.50,1.37
2015.11.30 22:36:21.647,2.08355,2.08429,1.00,1.00
2015.11.30 22:36:23.126,2.08354,2.08429,1.00,1.00
2015.11.30 22:36:24.575,2.08354,2.08426,1.00,1.00
2015.11.30 22:36:24.625,2.08351,2.08426,1.50,1.00
2015.11.30 22:36:31.036,2.08351,2.08424,1.00,1.00
2015.11.30 22:36:31.295,2.08356,2.08431,1.00,1.00
2015.11.30 22:36:31.748,2.08353,2.08431,1.50,1.00
2015.11.30 22:36:32.178,2.08357,2.08435,1.00,1.00
2015.11.30 22:36:32.502,2.08363,2.08441,1.00,1.00
2015.11.30 22:36:39.007,2.08367,2.08441,1.00,1.00
2015.11.30 22:36:39.209,2.08382,2.0846,1.00,1.00
2015.11.30 22:36:39.420,2.08387,2.08465,1.00,1.50
2015.11.30 22:36:39.773,2.08389,2.08465,1.00,1.00
2015.11.30 22:36:44.126,2.0839,2.08464,1.37,1.00
2015.11.30 22:36:44.459,2.08398,2.08465,1.00,1.00
2015.11.30 22:36:46.986,2.08399,2.08465,1.00,1.00
2015.11.30 22:36:52.747,2.08397,2.08465,1.00,1.00
2015.11.30 22:36:52.847,2.08401,2.08465,1.00,1.00
2015.11.30 22:36:58.354,2.08404,2.08465,1.00,1.00
2015.11.30 22:36:59.812,2.08404,2.08467,1.00,1.00
2015.11.30 22:37:02.729,2.08402,2.08467,1.00,1.00
2015.11.30 22:37:07.424,2.08402,2.08466,1.00,1.00
2015.11.30 22:37:07.475,2.08394,2.08466,1.00,1.00
2015.11.30 22:37:07.676,2.08392,2.08466,1.00,1.00
2015.11.30 22:37:07.727,2.08392,2.08456,1.00,1.00
2015.11.30 22:37:07.778,2.08381,2.08451,1.00,1.00
2015.11.30 22:37:07.879,2.08381,2.08453,1.00,1.50
2015.11.30 22:37:07.930,2.08384,2.08453,1.00,1.00
2015.11.30 22:37:08.081,2.08388,2.08466,1.00,1.00
2015.11.30 22:37:08.283,2.0839,2.08466,1.00,1.00
2015.11.30 22:37:08.562,2.08388,2.08466,1.00,1.00
2015.11.30 22:37:08.864,2.08385,2.08466,1.00,1.00
2015.11.30 22:37:12.981,2.0839,2.08466,1.37,1.00
2015.11.30 22:37:13.082,2.0839,2.08475,1.37,1.00
2015.11.30 22:37:13.284,2.08397,2.08475,1.00,1.00
2015.11.30 22:37:13.630,2.08397,2.08471,1.00,1.00
2015.11.30 22:37:14.257,2.08397,2.08472,1.00,1.00
2015.11.30 22:37:14.837,2.08397,2.0847,1.00,1.00
2015.11.30 22:37:15.139,2.08397,2.08463,1.00,1.00
2015.11.30 22:37:15.290,2.08381,2.08469,1.00,1.37
2015.11.30 22:37:15.341,2.08381,2.08455,1.00,1.00
2015.11.30 22:37:15.392,2.0837,2.08455,1.12,1.00
2015.11.30 22:37:15.443,2.0837,2.0844,1.00,1.00
2015.11.30 22:37:15.594,2.08355,2.08434,1.37,1.00
2015.11.30 22:37:15.855,2.08358,2.08443,1.37,1.00
2015.11.30 22:37:15.906,2.08358,2.08431,1.37,1.00
2015.11.30 22:37:16.007,2.08355,2.08436,1.37,1.00
2015.11.30 22:37:16.235,2.08362,2.08436,1.00,1.00
2015.11.30 22:37:16.286,2.08352,2.08436,1.37,1.00
2015.11.30 22:37:16.336,2.08352,2.08433,1.37,1.00
2015.11.30 22:37:16.387,2.08352,2.08433,1.00,1.00
2015.11.30 22:37:16.438,2.08352,2.0843,1.00,1.00
2015.11.30 22:37:16.488,2.08349,2.0843,1.00,1.00
2015.11.30 22:37:16.744,2.08349,2.08434,1.00,1.00
2015.11.30 22:37:16.795,2.08349,2.08426,1.00,1.00
2015.11.30 22:37:16.896,2.08349,2.08434,1.00,1.00
2015.11.30 22:37:17.638,2.08349,2.08433,1.00,1.00
2015.11.30 22:37:17.739,2.08349,2.08429,1.00,1.00
2015.11.30 22:37:18.048,2.08349,2.08425,1.00,1.00
2015.11.30 22:37:18.598,2.08349,2.08426,1.00,1.00
2015.11.30 22:37:18.885,2.08347,2.08426,1.00,1.50
2015.11.30 22:37:18.936,2.08347,2.08423,1.00,1.00
2015.11.30 22:37:19.539,2.08347,2.08422,1.00,1.00
2015.11.30 22:37:20.067,2.08347,2.08423,1.00,1.00
2015.11.30 22:37:20.503,2.08347,2.08419,1.00,1.00
2015.11.30 22:37:20.806,2.08378,2.0844,1.00,1.00
2015.11.30 22:37:20.907,2.08375,2.0844,1.37,1.00
2015.11.30 22:37:21.008,2.08381,2.0845,1.00,1.00
2015.11.30 22:37:22.654,2.08381,2.08449,1.00,1.00
2015.11.30 22:37:23.656,2.08381,2.08447,1.00,1.00
2015.11.30 22:37:24.160,2.08382,2.08447,1.00,1.00
2015.11.30 22:37:24.688,2.08383,2.08447,1.00,1.00
2015.11.30 22:37:25.021,2.08383,2.08445,1.00,1.00
2015.11.30 22:37:25.861,2.08388,2.08445,1.00,1.00
2015.11.30 22:37:29.126,2.08389,2.08445,1.00,1.00
2015.11.30 22:37:30.667,2.08389,2.08444,1.37,1.00
2015.11.30 22:37:34.773,2.08389,2.08442,1.37,1.00
2015.11.30 22:37:39.396,2.08389,2.08455,1.37,1.00
2015.11.30 22:37:39.497,2.08402,2.08455,1.00,1.00
2015.11.30 22:37:41.385,2.08402,2.08457,1.00,1.00
2015.11.30 22:37:41.700,2.08398,2.08457,1.00,1.00
2015.11.30 22:37:42.143,2.08389,2.08457,1.00,1.00
2015.11.30 22:37:42.646,2.08389,2.08456,1.00,1.00
2015.11.30 22:37:42.889,2.0838,2.08455,1.37,1.00
2015.11.30 22:37:43.091,2.08388,2.08455,1.00,1.00
2015.11.30 22:37:43.407,2.08388,2.08451,1.00,1.00
2015.11.30 22:37:43.458,2.08383,2.08451,1.50,1.00
2015.11.30 22:37:43.509,2.08383,2.08441,1.00,1.00
2015.11.30 22:37:43.709,2.08359,2.08437,1.00,1.00
2015.11.30 22:37:43.759,2.08351,2.08433,1.87,1.00
2015.11.30 22:37:43.810,2.08351,2.08433,1.87,1.50
2015.11.30 22:37:44.012,2.08351,2.08429,1.87,1.00
2015.11.30 22:37:44.345,2.08366,2.0843,1.00,1.00
2015.11.30 22:37:44.797,2.08366,2.08427,1.00,1.00
2015.11.30 22:37:45.489,2.08366,2.0843,1.00,1.00
2015.11.30 22:37:46.391,2.08366,2.08429,1.00,1.00
2015.11.30 22:37:47.074,2.08366,2.0843,1.00,1.00
2015.11.30 22:37:48.404,2.08366,2.08431,1.00,1.00
2015.11.30 22:37:49.719,2.08366,2.0843,1.00,1.00
2015.11.30 22:37:50.413,2.08366,2.08431,1.00,1.00
2015.11.30 22:37:51.125,2.08367,2.08431,1.00,1.00
2015.11.30 22:37:51.226,2.08382,2.08431,1.00,1.00
2015.11.30 22:37:51.327,2.08382,2.0844,1.00,1.50
2015.11.30 22:37:51.428,2.08385,2.08447,1.00,1.00
2015.11.30 22:37:52.323,2.08384,2.08447,1.00,1.00
2015.11.30 22:37:53.314,2.08385,2.08447,1.00,1.00
2015.11.30 22:37:53.874,2.08384,2.08447,1.00,1.00
2015.11.30 22:37:53.925,2.08385,2.0845,1.00,1.00
2015.11.30 22:37:53.977,2.08385,2.08444,1.00,1.00
2015.11.30 22:37:54.132,2.08366,2.08433,1.50,1.00
2015.11.30 22:37:56.134,2.08366,2.08432,1.50,1.00
2015.11.30 22:37:59.243,2.08366,2.08433,1.00,1.00
2015.11.30 22:38:00.069,2.08389,2.08444,1.00,1.00
2015.11.30 22:38:00.170,2.08376,2.08453,1.12,1.00
2015.11.30 22:38:00.372,2.08373,2.08452,1.00,1.00
2015.11.30 22:38:00.423,2.08371,2.08452,1.00,1.00
2015.11.30 22:38:00.473,2.08371,2.08452,1.00,1.37
2015.11.30 22:38:00.776,2.08366,2.08443,1.00,1.12
2015.11.30 22:38:01.294,2.08366,2.08442,1.00,1.00
2015.11.30 22:38:02.051,2.08366,2.0844,1.00,1.00
2015.11.30 22:38:02.555,2.08366,2.08439,1.00,1.00
2015.11.30 22:38:02.858,2.08369,2.08435,1.00,1.00
2015.11.30 22:38:03.043,2.08366,2.08436,1.00,1.00
2015.11.30 22:38:04.373,2.08366,2.08435,1.50,1.00
2015.11.30 22:38:05.147,2.08366,2.08436,1.00,1.00
2015.11.30 22:38:05.683,2.08366,2.08435,1.50,1.00
2015.11.30 22:38:06.336,2.0837,2.08436,1.00,1.00
2015.11.30 22:38:06.645,2.08386,2.08449,1.00,1.00
2015.11.30 22:38:08.542,2.08387,2.08449,1.00,1.00
2015.11.30 22:38:09.264,2.08386,2.08449,1.00,1.00
2015.11.30 22:38:10.075,2.08385,2.0846,1.37,1.00
2015.11.30 22:38:10.176,2.08387,2.08466,1.50,1.00
2015.11.30 22:38:10.278,2.08401,2.08467,1.00,1.00
2015.11.30 22:38:10.581,2.08405,2.08467,1.00,1.00
2015.11.30 22:38:11.112,2.08404,2.08467,1.00,1.00
2015.11.30 22:38:11.415,2.08409,2.08467,1.00,1.00
2015.11.30 22:38:12.046,2.08408,2.08467,1.00,1.00
2015.11.30 22:38:12.197,2.08408,2.08477,1.00,1.00
2015.11.30 22:38:12.738,2.08409,2.08477,1.00,1.00
2015.11.30 22:38:15.080,2.08408,2.08477,1.00,1.00
2015.11.30 22:38:16.295,2.08408,2.08479,1.00,1.00
2015.11.30 22:38:16.446,2.08401,2.08479,1.00,1.00
2015.11.30 22:38:16.658,2.08401,2.08477,1.00,1.00
2015.11.30 22:38:16.759,2.08397,2.08474,1.00,1.00
2015.11.30 22:38:17.310,2.08397,2.08475,1.00,1.00
2015.11.30 22:38:17.411,2.08397,2.08479,1.00,1.50
2015.11.30 22:38:17.461,2.084,2.08479,1.00,1.00
2015.11.30 22:38:18.018,2.08401,2.08479,1.00,1.00
2015.11.30 22:38:19.616,2.084,2.08479,1.00,1.00
2015.11.30 22:38:20.328,2.08401,2.08479,1.00,1.00
2015.11.30 22:38:21.143,2.08401,2.0848,1.00,2.25
2015.11.30 22:38:21.672,2.084,2.0848,1.50,1.50
2015.11.30 22:38:22.623,2.08401,2.0848,1.00,2.25
2015.11.30 22:38:24.028,2.08401,2.08478,1.12,1.00
2015.11.30 22:38:24.480,2.08408,2.0848,1.00,1.50
2015.11.30 22:38:26.572,2.08402,2.0848,1.00,2.25
2015.11.30 22:38:27.436,2.08401,2.0848,1.50,1.50
2015.11.30 22:38:28.240,2.08401,2.08479,1.50,1.00
2015.11.30 22:38:29.351,2.08401,2.0848,1.00,2.25
2015.11.30 22:38:29.872,2.08401,2.08479,1.50,1.00
2015.11.30 22:38:30.075,2.08404,2.08479,1.00,1.00
2015.11.30 22:38:30.606,2.08404,2.0848,1.50,1.00
2015.11.30 22:38:31.207,2.08404,2.08479,1.00,1.00
2015.11.30 22:38:38.293,2.08405,2.08479,1.00,1.00
2015.11.30 22:38:38.840,2.08406,2.08479,1.00,1.00
2015.11.30 22:38:39.396,2.08405,2.08479,1.12,1.00
2015.11.30 22:38:39.698,2.08409,2.08479,1.00,1.00
2015.11.30 22:38:41.521,2.08405,2.08479,1.50,1.00
2015.11.30 22:38:42.267,2.08406,2.08479,1.00,1.00
2015.11.30 22:38:42.814,2.08405,2.08479,1.50,1.00
2015.11.30 22:38:43.602,2.08406,2.08479,1.00,1.00
2015.11.30 22:38:44.123,2.08405,2.08479,1.50,1.00
2015.11.30 22:38:44.655,2.08406,2.08479,1.50,1.00
2015.11.30 22:38:53.402,2.08405,2.08479,1.00,1.00
2015.11.30 22:38:54.348,2.08406,2.08479,1.00,1.00
2015.11.30 22:38:54.973,2.08407,2.08479,1.00,1.00
2015.11.30 22:38:55.074,2.08404,2.08479,1.50,1.00
2015.11.30 22:38:55.634,2.08405,2.08479,1.00,1.00
2015.11.30 22:38:56.553,2.08404,2.08479,1.50,1.00
2015.11.30 22:38:57.083,2.08405,2.0848,1.00,1.00
2015.11.30 22:38:57.639,2.08405,2.08479,1.00,1.00
2015.11.30 22:38:58.369,2.08404,2.08479,1.00,1.00
2015.11.30 22:38:58.929,2.08405,2.08479,1.00,1.00
2015.11.30 22:38:59.080,2.08403,2.08479,1.00,1.00
2015.11.30 22:38:59.661,2.08404,2.08479,1.00,1.00
2015.11.30 22:39:01.083,2.08401,2.08479,1.50,1.00
2015.11.30 22:39:01.350,2.08403,2.0848,1.00,1.00
2015.11.30 22:39:02.253,2.08404,2.0848,1.00,1.00
2015.11.30 22:39:02.922,2.08403,2.0848,1.00,1.00
2015.11.30 22:39:03.055,2.08401,2.0848,1.50,1.00
2015.11.30 22:39:03.367,2.08403,2.0848,1.00,1.00
2015.11.30 22:39:03.669,2.08399,2.08467,1.00,1.37
2015.11.30 22:39:03.720,2.08389,2.08466,1.00,1.37
2015.11.30 22:39:03.771,2.08387,2.08457,1.00,1.00
2015.11.30 22:39:04.290,2.08387,2.08456,1.00,1.00
2015.11.30 22:39:04.806,2.08387,2.08457,1.00,1.00
2015.11.30 22:39:05.902,2.08387,2.08456,1.00,1.00
2015.11.30 22:39:05.953,2.08379,2.08456,1.00,1.50
2015.11.30 22:39:08.496,2.08379,2.08456,1.37,1.50
2015.11.30 22:39:08.799,2.08384,2.08456,1.37,1.00
2015.11.30 22:39:09.101,2.08406,2.08472,1.00,1.00
2015.11.30 22:39:09.404,2.08397,2.08469,1.12,1.50
2015.11.30 22:39:09.455,2.08396,2.08465,1.37,1.00
2015.11.30 22:39:11.374,2.08396,2.08464,1.37,1.00
2015.11.30 22:39:11.526,2.08392,2.08461,1.00,1.50
2015.11.30 22:39:12.191,2.08391,2.08461,1.00,1.00
2015.11.30 22:39:13.379,2.08391,2.08464,1.00,1.00
2015.11.30 22:39:13.430,2.08391,2.08461,1.00,1.00
2015.11.30 22:39:14.016,2.08391,2.08463,1.00,1.00
2015.11.30 22:39:14.067,2.08395,2.08464,1.00,1.00
2015.11.30 22:39:14.319,2.0839,2.08463,1.00,1.00
2015.11.30 22:39:14.470,2.0839,2.08468,1.00,1.00
2015.11.30 22:39:14.521,2.08394,2.08472,1.37,1.00
2015.11.30 22:39:14.823,2.08406,2.08476,1.50,1.00
2015.11.30 22:39:16.088,2.08407,2.08476,1.00,1.00
2015.11.30 22:39:17.782,2.08407,2.08481,1.00,1.00
2015.11.30 22:39:19.258,2.08408,2.08481,1.00,1.00
2015.11.30 22:39:19.510,2.08408,2.08478,1.00,1.00
2015.11.30 22:39:23.338,2.08409,2.08478,1.00,1.00
2015.11.30 22:39:23.640,2.08404,2.08478,1.50,1.00
2015.11.30 22:39:24.755,2.08406,2.08478,1.00,1.00
2015.11.30 22:39:25.273,2.08407,2.08478,1.00,1.00
2015.11.30 22:39:25.728,2.08409,2.08479,1.00,1.00
2015.11.30 22:39:28.683,2.08408,2.08479,1.00,1.00
2015.11.30 22:39:29.258,2.08407,2.08479,1.00,1.00
2015.11.30 22:39:29.786,2.08408,2.0848,1.00,1.00
2015.11.30 22:39:30.266,2.08405,2.08479,1.00,1.00
2015.11.30 22:39:30.770,2.08404,2.08479,1.00,1.00
2015.11.30 22:39:32.334,2.08404,2.0848,1.00,1.00
2015.11.30 22:39:32.844,2.08403,2.0848,1.50,1.00
2015.11.30 22:39:34.360,2.08403,2.08479,1.00,1.00
2015.11.30 22:39:34.896,2.08404,2.08479,1.00,1.00
2015.11.30 22:39:37.412,2.08404,2.0847,1.00,1.00
2015.11.30 22:39:37.513,2.08392,2.08466,1.00,1.37
2015.11.30 22:39:37.614,2.08388,2.08464,1.00,1.37
2015.11.30 22:39:37.716,2.08388,2.08457,1.00,1.00
2015.11.30 22:39:38.018,2.08388,2.08454,1.00,1.00
2015.11.30 22:39:38.534,2.08388,2.08453,1.00,1.00
2015.11.30 22:39:39.837,2.08378,2.08453,1.12,1.00
2015.11.30 22:39:40.342,2.08378,2.08454,1.00,1.00
2015.11.30 22:39:41.187,2.08378,2.08453,1.00,1.00
2015.11.30 22:39:41.448,2.08378,2.08453,1.37,1.00
2015.11.30 22:39:41.750,2.08388,2.08454,1.00,1.00
2015.11.30 22:39:42.335,2.08388,2.08453,1.00,1.00
2015.11.30 22:39:43.303,2.08388,2.08454,1.00,1.00
2015.11.30 22:39:43.907,2.08384,2.08454,1.00,1.00
2015.11.30 22:39:44.209,2.08384,2.08448,1.00,1.00
2015.11.30 22:39:44.310,2.08367,2.08445,1.00,1.50
2015.11.30 22:39:44.411,2.08363,2.08437,1.37,1.00
2015.11.30 22:39:44.462,2.08363,2.08436,1.00,1.00
2015.11.30 22:39:44.563,2.08363,2.0844,1.00,1.37
2015.11.30 22:39:44.714,2.08363,2.08432,1.00,1.00
2015.11.30 22:39:44.866,2.08354,2.08424,1.00,1.00
2015.11.30 22:39:44.967,2.0835,2.08427,1.00,1.00
2015.11.30 22:39:46.106,2.0835,2.08421,1.00,1.00
2015.11.30 22:39:46.410,2.0835,2.08417,1.00,1.00
2015.11.30 22:39:46.911,2.0835,2.08418,1.00,1.00
2015.11.30 22:39:47.065,2.08346,2.08418,1.00,1.00
2015.11.30 22:39:48.024,2.08346,2.08424,1.00,1.00
2015.11.30 22:39:48.075,2.08341,2.08419,1.37,1.00
2015.11.30 22:39:48.176,2.08347,2.08424,1.00,1.50
2015.11.30 22:39:48.277,2.08351,2.08424,1.00,1.00
2015.11.30 22:39:48.379,2.08345,2.08421,1.00,1.00
2015.11.30 22:39:48.480,2.08345,2.08421,1.00,1.37
2015.11.30 22:39:48.632,2.08339,2.08416,1.00,1.37
2015.11.30 22:39:48.835,2.0831,2.0842,1.00,1.00
2015.11.30 22:39:48.936,2.08303,2.0842,1.80,1.87
2015.11.30 22:39:52.585,2.08303,2.08418,1.05,1.00
2015.11.30 22:39:57.624,2.08303,2.08399,1.80,1.00
2015.11.30 22:39:57.926,2.08304,2.08391,1.50,1.50
2015.11.30 22:39:58.380,2.08304,2.08389,1.00,1.00
2015.11.30 22:39:59.093,2.08304,2.08388,1.00,1.00
2015.11.30 22:39:59.877,2.08304,2.08389,1.00,1.00
2015.11.30 22:40:00.180,2.08303,2.08385,1.00,1.00
2015.11.30 22:40:00.693,2.08303,2.08386,1.00,1.00
2015.11.30 22:40:01.513,2.08302,2.08386,1.80,1.00
2015.11.30 22:40:01.664,2.08305,2.08391,1.00,1.00
2015.11.30 22:40:01.767,2.08309,2.08398,1.00,1.50
2015.11.30 22:40:01.868,2.08307,2.08394,1.00,1.00
2015.11.30 22:40:02.272,2.08303,2.08397,1.80,1.00
2015.11.30 22:40:03.854,2.08303,2.08395,1.00,1.00
2015.11.30 22:40:04.161,2.08306,2.08392,1.00,1.00
2015.11.30 22:40:04.463,2.08304,2.08391,1.00,1.00
2015.11.30 22:40:05.101,2.08304,2.0839,1.50,1.00
2015.11.30 22:40:05.466,2.08303,2.08386,1.80,1.00
2015.11.30 22:40:06.161,2.08303,2.08387,1.80,1.00
2015.11.30 22:40:07.570,2.08303,2.08383,1.80,1.00
2015.11.30 22:40:08.275,2.08303,2.08386,1.05,1.00
2015.11.30 22:40:08.384,2.08297,2.08386,1.00,1.00
2015.11.30 22:40:09.513,2.08298,2.08387,1.00,1.00
2015.11.30 22:40:10.063,2.08299,2.08387,1.50,1.00
2015.11.30 22:40:10.427,2.083,2.08385,1.00,1.00
2015.11.30 22:40:10.730,2.083,2.08382,1.00,1.00
2015.11.30 22:40:11.102,2.08299,2.0838,1.00,1.00
2015.11.30 22:40:11.773,2.083,2.08381,1.00,1.00
2015.11.30 22:40:12.584,2.083,2.0838,1.00,1.00
2015.11.30 22:40:12.886,2.083,2.08372,1.00,1.00
2015.11.30 22:40:13.320,2.08302,2.08373,1.00,1.00
2015.11.30 22:40:13.854,2.08301,2.08373,1.00,1.00
2015.11.30 22:40:13.905,2.08301,2.08375,1.00,1.00
2015.11.30 22:40:14.437,2.08302,2.08376,1.00,1.00
2015.11.30 22:40:14.973,2.08302,2.08375,1.00,1.00
2015.11.30 22:40:15.326,2.08301,2.08372,1.00,1.00
2015.11.30 22:40:15.705,2.08302,2.08376,1.00,1.00
2015.11.30 22:40:16.008,2.08301,2.08372,1.00,1.00
2015.11.30 22:40:16.393,2.08313,2.08372,1.00,1.00
2015.11.30 22:40:16.568,2.08326,2.08401,1.00,1.00
2015.11.30 22:40:16.619,2.08326,2.08407,1.00,1.00
2015.11.30 22:40:16.721,2.08329,2.08418,1.00,1.00
2015.11.30 22:40:16.923,2.08325,2.08418,1.00,1.50
2015.11.30 22:40:16.974,2.08325,2.08397,1.00,1.00
2015.11.30 22:40:17.025,2.08304,2.08397,1.05,1.00
2015.11.30 22:40:17.278,2.08303,2.08406,1.05,1.00
2015.11.30 22:40:17.328,2.08303,2.08395,1.05,1.00
2015.11.30 22:40:17.631,2.08301,2.08383,1.00,1.00
2015.11.30 22:40:18.044,2.08301,2.0838,1.00,1.00
2015.11.30 22:40:18.700,2.08301,2.08379,1.00,1.00
2015.11.30 22:40:19.104,2.08301,2.08377,1.00,1.00
2015.11.30 22:40:19.637,2.08301,2.08376,1.00,1.00
2015.11.30 22:40:19.744,2.08299,2.08377,1.00,1.00
2015.11.30 22:40:20.363,2.08299,2.08376,1.00,1.00
2015.11.30 22:40:21.256,2.08298,2.08376,1.00,1.00
2015.11.30 22:40:21.470,2.08318,2.08376,1.00,1.00
2015.11.30 22:40:21.521,2.08318,2.08387,1.00,1.00
2015.11.30 22:40:21.572,2.08319,2.08395,1.00,1.00
2015.11.30 22:40:21.623,2.08321,2.084,1.00,1.00
2015.11.30 22:40:21.674,2.08325,2.08408,1.00,1.00
2015.11.30 22:40:21.825,2.08325,2.08423,1.00,1.00
2015.11.30 22:40:23.714,2.08328,2.08422,1.00,1.00
2015.11.30 22:40:25.350,2.08329,2.08422,1.00,1.00
2015.11.30 22:40:25.817,2.08329,2.08416,1.00,1.00
2015.11.30 22:40:26.547,2.08329,2.08417,1.00,1.00
2015.11.30 22:40:27.120,2.08329,2.08416,1.50,1.00
2015.11.30 22:40:27.848,2.0833,2.08416,1.00,1.00
2015.11.30 22:40:28.151,2.08367,2.08449,1.00,1.00
2015.11.30 22:40:28.453,2.08369,2.08449,1.00,1.00
2015.11.30 22:40:28.651,2.08366,2.0845,1.50,1.00
2015.11.30 22:40:28.753,2.08369,2.0845,1.00,1.00
2015.11.30 22:40:28.854,2.08343,2.08449,1.05,1.00
2015.11.30 22:40:29.358,2.08346,2.0845,1.00,1.00
2015.11.30 22:40:29.662,2.08348,2.0845,1.00,1.00
2015.11.30 22:40:30.093,2.0835,2.08449,1.00,1.00
2015.11.30 22:40:30.425,2.08365,2.0845,1.00,1.00
2015.11.30 22:40:30.745,2.08368,2.08449,1.00,1.00
2015.11.30 22:40:30.846,2.08364,2.08449,1.00,1.00
2015.11.30 22:40:31.357,2.08365,2.0845,1.00,1.00
2015.11.30 22:40:31.648,2.08368,2.0845,1.00,1.50
2015.11.30 22:40:31.749,2.08365,2.08449,1.00,1.00
2015.11.30 22:40:32.259,2.08364,2.0845,1.00,1.00
2015.11.30 22:40:32.568,2.08361,2.0845,1.00,1.00
2015.11.30 22:40:32.669,2.08364,2.0845,1.00,1.00
2015.11.30 22:40:33.103,2.08365,2.08453,1.00,1.00
2015.11.30 22:40:33.637,2.08365,2.08454,1.00,1.00
2015.11.30 22:40:34.328,2.08364,2.08454,1.00,1.00
2015.11.30 22:40:35.367,2.08365,2.08454,1.00,1.00
2015.11.30 22:40:36.760,2.08366,2.08454,1.00,1.00
2015.11.30 22:40:37.763,2.08365,2.08454,1.00,1.00
2015.11.30 22:40:38.313,2.08367,2.08454,1.00,1.00
2015.11.30 22:40:38.464,2.08365,2.08454,1.00,1.00
2015.11.30 22:40:38.943,2.08366,2.08447,1.00,1.00
2015.11.30 22:40:39.095,2.08327,2.08431,1.00,1.50
2015.11.30 22:40:39.196,2.08314,2.0843,1.80,1.00
2015.11.30 22:40:39.247,2.08314,2.08415,1.80,1.00
2015.11.30 22:40:39.549,2.0831,2.08405,1.05,1.00
2015.11.30 22:40:39.600,2.08306,2.08406,1.80,1.00
2015.11.30 22:40:40.269,2.08306,2.08408,1.80,1.00
2015.11.30 22:40:40.320,2.08306,2.08406,1.50,1.00
2015.11.30 22:40:40.655,2.08306,2.08401,1.50,1.00
2015.11.30 22:40:40.908,2.08306,2.08403,2.55,1.00
2015.11.30 22:40:40.958,2.08306,2.08398,1.80,1.00
2015.11.30 22:40:41.059,2.08306,2.084,1.80,1.00
2015.11.30 22:40:41.261,2.08306,2.08416,1.80,1.00
2015.11.30 22:40:41.411,2.08306,2.08399,1.80,1.00
2015.11.30 22:40:41.613,2.08321,2.08416,2.62,1.00
2015.11.30 22:40:41.715,2.08325,2.08429,1.00,1.50
2015.11.30 22:40:41.816,2.08324,2.08424,1.50,1.00
2015.11.30 22:40:42.145,2.08327,2.08421,1.00,1.00
2015.11.30 22:40:42.297,2.08322,2.0842,1.00,1.00
2015.11.30 22:40:42.528,2.08327,2.0842,1.00,1.00
2015.11.30 22:40:42.629,2.08327,2.08425,1.00,1.00
2015.11.30 22:40:42.680,2.08329,2.08421,1.00,1.00
2015.11.30 22:40:43.184,2.0833,2.08422,1.00,1.00
2015.11.30 22:40:43.386,2.08339,2.08434,1.00,1.12
2015.11.30 22:40:43.437,2.08349,2.08438,1.00,1.87
2015.11.30 22:40:43.725,2.08347,2.08437,1.00,1.00
2015.11.30 22:40:43.784,2.0835,2.08437,1.00,1.00
2015.11.30 22:40:44.285,2.08349,2.08438,1.00,1.12
2015.11.30 22:40:45.014,2.0835,2.08438,1.00,1.12
2015.11.30 22:40:45.541,2.0835,2.08437,1.00,1.12
2015.11.30 22:40:45.843,2.08355,2.08434,1.00,1.00
2015.11.30 22:40:46.146,2.08364,2.08437,1.00,1.37
2015.11.30 22:40:46.397,2.0836,2.08437,1.00,1.12
2015.11.30 22:40:46.700,2.08363,2.08437,1.00,1.12
2015.11.30 22:40:47.247,2.08364,2.08437,1.00,1.12
2015.11.30 22:40:48.008,2.08365,2.08437,1.00,1.37
2015.11.30 22:40:48.567,2.08364,2.08437,1.00,1.12
2015.11.30 22:40:48.868,2.08364,2.08444,1.50,1.12
2015.11.30 22:40:49.200,2.08367,2.08444,1.00,1.12
2015.11.30 22:40:50.051,2.08366,2.08444,1.00,1.00
2015.11.30 22:40:50.604,2.08365,2.08444,1.00,1.00
2015.11.30 22:40:51.306,2.08366,2.08444,1.00,1.00
2015.11.30 22:40:52.033,2.08368,2.08444,1.00,1.00
2015.11.30 22:40:52.565,2.08367,2.08444,1.00,1.00
2015.11.30 22:40:53.736,2.08366,2.0844,1.00,1.00
2015.11.30 22:40:54.039,2.0836,2.08423,1.00,1.00
2015.11.30 22:40:54.089,2.08354,2.08423,1.00,1.00
2015.11.30 22:40:54.734,2.08354,2.08424,1.00,1.00
2015.11.30 22:40:55.038,2.08354,2.08426,1.00,1.00
2015.11.30 22:40:55.140,2.08354,2.08422,1.00,1.00
2015.11.30 22:40:56.039,2.08354,2.08423,1.00,1.00
2015.11.30 22:40:56.742,2.08354,2.08422,1.00,1.00
2015.11.30 22:40:57.145,2.08357,2.08424,1.00,1.00
2015.11.30 22:40:57.246,2.08357,2.08429,1.00,1.00
2015.11.30 22:40:57.348,2.08359,2.08429,1.00,1.00
2015.11.30 22:40:58.471,2.08359,2.08426,1.00,1.00
2015.11.30 22:40:59.109,2.08359,2.08425,1.00,1.00
2015.11.30 22:40:59.361,2.08351,2.08422,1.37,1.00
2015.11.30 22:41:00.063,2.08351,2.08421,1.37,1.00
2015.11.30 22:41:00.565,2.08351,2.08422,1.12,1.00
2015.11.30 22:41:01.113,2.08351,2.08421,1.37,1.00
2015.11.30 22:41:01.303,2.08357,2.08421,1.00,1.00
2015.11.30 22:41:02.104,2.08357,2.08422,1.00,1.00
2015.11.30 22:41:02.369,2.08365,2.08441,1.37,1.00
2015.11.30 22:41:02.470,2.08371,2.08446,1.00,1.00
2015.11.30 22:41:02.874,2.08378,2.08446,1.00,1.00
2015.11.30 22:41:02.925,2.08378,2.08456,1.37,1.50
2015.11.30 22:41:03.177,2.08383,2.08456,1.00,1.00
2015.11.30 22:41:03.937,2.08383,2.08455,1.00,1.00
2015.11.30 22:41:05.253,2.08383,2.08456,1.00,1.50
2015.11.30 22:41:05.835,2.08383,2.08455,1.00,1.00
2015.11.30 22:41:07.093,2.08383,2.08454,1.00,1.00
2015.11.30 22:41:07.352,2.08381,2.08455,1.00,1.50
2015.11.30 22:41:08.247,2.08381,2.08454,1.00,1.00
2015.11.30 22:41:09.050,2.08381,2.08455,1.00,1.50
2015.11.30 22:41:10.036,2.08381,2.08454,1.00,1.00
2015.11.30 22:41:10.137,2.08377,2.08454,1.00,1.50
2015.11.30 22:41:12.457,2.08377,2.08453,1.00,1.00
2015.11.30 22:41:12.854,2.08375,2.08453,1.00,1.00
2015.11.30 22:41:15.749,2.08374,2.08453,1.50,1.00
2015.11.30 22:41:16.268,2.08374,2.08454,1.50,1.50
2015.11.30 22:41:16.870,2.08375,2.08453,1.00,1.00
2015.11.30 22:41:17.271,2.08374,2.0845,1.00,1.00
2015.11.30 22:41:17.871,2.08374,2.08449,1.00,1.00
2015.11.30 22:41:18.219,2.08374,2.08447,1.00,1.00
2015.11.30 22:41:18.269,2.0837,2.08446,1.00,1.00
2015.11.30 22:41:25.208,2.0837,2.08445,1.00,1.00
2015.11.30 22:41:28.142,2.0837,2.08444,1.00,1.00
2015.11.30 22:41:28.569,2.08373,2.08444,1.00,1.00
2015.11.30 22:41:30.433,2.08373,2.08435,1.00,1.00
2015.11.30 22:41:30.483,2.08366,2.08434,1.00,1.00
2015.11.30 22:41:30.534,2.08354,2.0843,1.00,1.00
2015.11.30 22:41:30.585,2.08353,2.08423,1.00,1.00
2015.11.30 22:41:30.635,2.08348,2.08423,1.00,1.00
2015.11.30 22:41:30.839,2.08346,2.0842,1.00,1.00
2015.11.30 22:41:31.401,2.08347,2.08419,1.00,1.00
2015.11.30 22:41:31.741,2.08348,2.08417,1.00,1.00
2015.11.30 22:41:32.506,2.08348,2.08418,1.00,1.00
2015.11.30 22:41:33.044,2.08348,2.08417,1.00,1.00
2015.11.30 22:41:33.595,2.08348,2.08418,1.00,1.00
2015.11.30 22:41:34.511,2.08348,2.08417,1.00,1.00
2015.11.30 22:41:35.015,2.08348,2.08418,1.00,1.00
2015.11.30 22:41:35.748,2.08348,2.08417,1.00,1.00
2015.11.30 22:41:36.525,2.08348,2.08418,1.00,1.00
2015.11.30 22:41:37.062,2.08348,2.08417,1.00,1.00
2015.11.30 22:41:37.561,2.08348,2.08421,1.00,1.12
2015.11.30 22:41:37.612,2.08343,2.08421,1.00,1.37
2015.11.30 22:41:38.591,2.08345,2.08421,1.00,1.37
2015.11.30 22:41:38.894,2.08345,2.08418,1.00,1.00
2015.11.30 22:41:39.223,2.08345,2.08415,1.00,1.00
2015.11.30 22:41:39.756,2.08345,2.08417,1.00,1.00
2015.11.30 22:41:39.857,2.08345,2.08414,1.00,1.00
2015.11.30 22:41:40.166,2.08345,2.08417,1.00,1.00
2015.11.30 22:41:40.675,2.08345,2.08419,1.00,1.00
2015.11.30 22:41:40.776,2.08345,2.08423,1.00,1.87
2015.11.30 22:41:40.978,2.08346,2.08423,1.00,1.00
2015.11.30 22:41:41.122,2.08352,2.08424,1.00,1.00
2015.11.30 22:41:41.374,2.08352,2.08427,1.00,1.00
2015.11.30 22:41:41.882,2.08352,2.08428,1.00,1.00
2015.11.30 22:41:42.467,2.08352,2.08427,1.00,1.00
2015.11.30 22:41:43.272,2.08352,2.08428,1.00,1.00
2015.11.30 22:41:43.335,2.08352,2.08426,1.00,1.00
2015.11.30 22:41:43.838,2.08352,2.08425,1.00,1.00
2015.11.30 22:41:44.938,2.08352,2.08426,1.00,1.00
2015.11.30 22:41:45.542,2.08352,2.08425,1.00,1.00
2015.11.30 22:41:46.878,2.08352,2.08427,1.00,1.00
2015.11.30 22:41:47.470,2.08352,2.08428,1.00,1.00
2015.11.30 22:41:48.347,2.08352,2.08427,1.00,1.00
2015.11.30 22:41:48.914,2.08354,2.08427,2.22,1.00
2015.11.30 22:41:49.065,2.08373,2.08438,1.00,1.00
2015.11.30 22:41:49.166,2.08376,2.08438,1.00,1.00
2015.11.30 22:41:49.461,2.08362,2.08431,1.37,1.00
2015.11.30 22:41:49.563,2.08362,2.08427,1.00,1.00
2015.11.30 22:41:49.613,2.08355,2.08427,1.00,1.00
2015.11.30 22:41:49.664,2.08355,2.08425,1.00,1.00
2015.11.30 22:41:49.865,2.08355,2.08433,1.00,1.50
2015.11.30 22:41:54.852,2.08355,2.0843,1.00,1.00
2015.11.30 22:41:55.104,2.08351,2.08428,1.00,1.00
2015.11.30 22:41:55.678,2.08351,2.08427,1.00,1.00
2015.11.30 22:41:57.107,2.08353,2.08427,1.00,1.00
2015.11.30 22:41:57.409,2.08331,2.0841,1.00,1.12
2015.11.30 22:41:57.460,2.08331,2.08395,1.00,1.00
2015.11.30 22:41:57.561,2.08322,2.08391,1.00,1.00
2015.11.30 22:41:57.763,2.08319,2.08391,1.00,1.00
2015.11.30 22:41:59.572,2.08319,2.08392,1.00,1.00
2015.11.30 22:41:59.673,2.08319,2.08397,1.00,1.00
2015.11.30 22:41:59.723,2.08317,2.08395,1.00,1.00
2015.11.30 22:42:00.592,2.08317,2.08387,1.00,1.00
2015.11.30 22:42:01.099,2.08317,2.08384,1.00,1.00
2015.11.30 22:42:01.619,2.08317,2.08383,1.00,1.00
2015.11.30 22:42:02.151,2.08317,2.08384,1.00,1.00
2015.11.30 22:42:02.682,2.08313,2.08383,1.37,1.00
2015.11.30 22:42:03.271,2.08313,2.08383,1.00,1.00
2015.11.30 22:42:03.931,2.08313,2.08384,1.00,1.00
2015.11.30 22:42:04.565,2.08313,2.08383,1.00,1.00
2015.11.30 22:42:04.666,2.08316,2.08383,1.00,1.00
2015.11.30 22:42:05.709,2.08316,2.08382,1.00,1.00
2015.11.30 22:42:06.254,2.08316,2.08389,1.00,1.00
2015.11.30 22:42:06.405,2.08316,2.08387,1.00,1.00
2015.11.30 22:42:06.758,2.08316,2.08385,1.00,1.00
2015.11.30 22:42:07.261,2.08316,2.08386,1.00,1.00
2015.11.30 22:42:07.775,2.08316,2.08385,1.00,1.00
2015.11.30 22:42:08.678,2.08316,2.08385,1.37,1.00
2015.11.30 22:42:08.980,2.08324,2.08387,1.00,1.00
2015.11.30 22:42:09.584,2.08324,2.08386,1.00,1.00
2015.11.30 22:42:10.822,2.08324,2.08387,1.00,1.00
2015.11.30 22:42:11.564,2.08323,2.08388,1.00,1.00
2015.11.30 22:42:11.934,2.08323,2.08385,1.00,1.00
2015.11.30 22:42:13.036,2.08323,2.08389,1.00,1.00
2015.11.30 22:42:13.439,2.08323,2.08387,1.00,1.00
2015.11.30 22:42:14.204,2.08323,2.08386,1.00,1.00
2015.11.30 22:42:14.833,2.08323,2.08387,1.00,1.00
2015.11.30 22:42:15.389,2.08323,2.08386,1.00,1.00
2015.11.30 22:42:15.441,2.08321,2.08386,1.00,1.00
2015.11.30 22:42:15.542,2.08321,2.0839,1.00,1.00
2015.11.30 22:42:15.593,2.08321,2.0839,1.37,1.00
2015.11.30 22:42:15.643,2.08321,2.08393,1.37,1.00
2015.11.30 22:42:15.694,2.08325,2.08393,1.00,1.00
2015.11.30 22:42:15.745,2.08325,2.08399,1.00,1.00
2015.11.30 22:42:16.287,2.08325,2.08398,1.00,1.00
2015.11.30 22:42:17.212,2.0833,2.08402,1.00,1.00
2015.11.30 22:42:17.313,2.0833,2.08409,1.00,1.87
2015.11.30 22:42:17.364,2.0833,2.084,1.00,1.00
2015.11.30 22:42:17.465,2.08334,2.0841,1.00,1.37
2015.11.30 22:42:18.147,2.08334,2.08406,1.00,1.00
2015.11.30 22:42:18.601,2.08334,2.08414,1.00,1.12
2015.11.30 22:42:18.702,2.08334,2.08404,1.00,1.00
2015.11.30 22:42:19.004,2.08334,2.084,1.00,1.00
2015.11.30 22:42:19.055,2.08334,2.08414,1.00,1.12
2015.11.30 22:42:19.206,2.08334,2.08409,1.00,1.00
2015.11.30 22:42:19.308,2.08334,2.08413,1.00,1.00
2015.11.30 22:42:19.560,2.08334,2.08407,1.00,1.00
2015.11.30 22:42:19.661,2.08334,2.08414,1.00,1.12
2015.11.30 22:42:19.863,2.08334,2.08409,1.00,1.00
2015.11.30 22:42:20.207,2.08334,2.08405,1.00,1.00
2015.11.30 22:42:20.258,2.08334,2.08411,1.00,1.00
2015.11.30 22:42:20.309,2.08334,2.08414,1.00,1.87
2015.11.30 22:42:20.359,2.08334,2.08411,1.00,1.00
2015.11.30 22:42:20.722,2.08334,2.08408,1.00,1.00
2015.11.30 22:42:21.025,2.08334,2.08405,1.00,1.00
2015.11.30 22:42:21.338,2.08336,2.08405,1.00,1.00
2015.11.30 22:42:21.882,2.08336,2.08406,1.00,1.00
2015.11.30 22:42:22.885,2.08336,2.0841,1.00,1.00
2015.11.30 22:42:23.403,2.08335,2.0841,1.00,1.00
2015.11.30 22:42:23.555,2.08335,2.08406,1.00,1.00
2015.11.30 22:42:23.858,2.08335,2.08411,1.00,1.00
2015.11.30 22:42:23.909,2.08335,2.08406,1.00,1.00
2015.11.30 22:42:24.111,2.0833,2.08404,1.12,1.00
2015.11.30 22:42:24.212,2.0833,2.08408,1.12,1.00
2015.11.30 22:42:24.567,2.08334,2.08408,1.00,1.00
2015.11.30 22:42:24.971,2.08336,2.08408,1.00,1.00
2015.11.30 22:42:25.360,2.08344,2.08416,1.00,1.00
2015.11.30 22:42:25.861,2.08344,2.08415,1.00,1.00
2015.11.30 22:42:26.415,2.08344,2.08416,1.00,1.00
2015.11.30 22:42:26.993,2.08344,2.08415,1.00,1.00
2015.11.30 22:42:27.315,2.08344,2.08412,1.00,1.00
2015.11.30 22:42:27.366,2.0834,2.08409,1.00,1.00
2015.11.30 22:42:27.416,2.0834,2.08406,1.00,1.00
2015.11.30 22:42:27.769,2.0834,2.08409,1.00,1.00
2015.11.30 22:42:27.870,2.0834,2.08405,1.00,1.00
2015.11.30 22:42:28.021,2.08334,2.08405,1.37,1.50
2015.11.30 22:42:28.122,2.08334,2.08414,1.37,1.00
2015.11.30 22:42:28.248,2.08338,2.08418,1.00,1.00
2015.11.30 22:42:28.299,2.08338,2.08404,1.00,1.00
2015.11.30 22:42:28.400,2.08338,2.08408,1.00,1.00
2015.11.30 22:42:28.451,2.08338,2.08405,1.00,1.00
2015.11.30 22:42:28.652,2.08335,2.08406,1.00,1.00
2015.11.30 22:42:28.841,2.08335,2.08413,1.00,1.00
2015.11.30 22:42:28.942,2.08335,2.08409,1.00,1.00
2015.11.30 22:42:29.244,2.08335,2.08407,1.00,1.00
2015.11.30 22:42:29.395,2.08335,2.08409,1.00,1.00
2015.11.30 22:42:29.741,2.08335,2.08405,1.00,1.00
2015.11.30 22:42:30.043,2.08335,2.08399,1.00,1.00
2015.11.30 22:42:30.195,2.08328,2.08398,1.00,1.00
2015.11.30 22:42:30.447,2.08328,2.08402,1.00,1.00
2015.11.30 22:42:30.548,2.08328,2.08406,1.00,1.00
2015.11.30 22:42:30.598,2.08328,2.08403,1.00,1.00
2015.11.30 22:42:31.216,2.08328,2.08406,1.00,1.00
2015.11.30 22:42:31.267,2.08328,2.08403,1.00,1.00
2015.11.30 22:42:31.577,2.08328,2.08399,1.00,1.00
2015.11.30 22:42:31.918,2.08328,2.08395,1.00,1.00
2015.11.30 22:42:32.294,2.08328,2.08397,1.00,1.00
2015.11.30 22:42:32.610,2.08328,2.08395,1.00,1.00
2015.11.30 22:42:33.117,2.08328,2.08401,1.00,1.00
2015.11.30 22:42:33.168,2.08332,2.08401,1.00,1.00
2015.11.30 22:42:33.219,2.08332,2.0841,1.00,1.00
2015.11.30 22:42:33.270,2.08337,2.08411,1.00,1.12
2015.11.30 22:42:33.371,2.08337,2.08413,1.00,1.00
2015.11.30 22:42:33.472,2.08337,2.08415,1.00,1.12
2015.11.30 22:42:34.084,2.08338,2.08415,1.00,1.00
2015.11.30 22:42:34.684,2.08337,2.08415,1.50,1.00
2015.11.30 22:42:35.186,2.08338,2.08415,1.00,1.00
2015.11.30 22:42:35.337,2.08338,2.08412,1.00,1.00
2015.11.30 22:42:35.489,2.08338,2.08417,1.00,1.00
2015.11.30 22:42:35.993,2.08338,2.08418,1.00,1.00
2015.11.30 22:42:36.339,2.08338,2.08416,1.00,1.00
2015.11.30 22:42:36.690,2.08338,2.08409,1.00,1.00
2015.11.30 22:42:36.892,2.08338,2.08411,1.00,1.00
2015.11.30 22:42:36.993,2.08338,2.08415,1.00,1.00
2015.11.30 22:42:37.194,2.08338,2.08418,1.00,1.87
2015.11.30 22:42:37.892,2.08338,2.08415,1.00,1.00
2015.11.30 22:42:38.195,2.08341,2.0841,1.00,1.00
2015.11.30 22:42:38.246,2.08341,2.08415,1.00,1.00
2015.11.30 22:42:38.347,2.0834,2.08418,1.00,1.00
2015.11.30 22:42:38.932,2.0834,2.08416,1.00,1.00
2015.11.30 22:42:39.439,2.0834,2.08417,1.00,1.00
2015.11.30 22:42:40.327,2.0834,2.08417,1.37,1.00
2015.11.30 22:42:40.428,2.08342,2.0842,1.50,1.00
2015.11.30 22:42:40.530,2.08343,2.08418,1.00,1.00
2015.11.30 22:42:40.834,2.08345,2.08418,1.00,1.00
2015.11.30 22:42:40.935,2.0834,2.08418,1.00,1.00
2015.11.30 22:42:41.887,2.0834,2.08416,1.00,1.00
2015.11.30 22:42:41.937,2.08341,2.08418,1.00,1.00
2015.11.30 22:42:42.038,2.0834,2.08416,1.00,1.00
2015.11.30 22:42:42.139,2.08341,2.08418,1.00,1.00
2015.11.30 22:42:42.686,2.08342,2.08419,1.00,1.00
2015.11.30 22:42:43.209,2.08344,2.0842,1.00,1.00
2015.11.30 22:42:43.790,2.08345,2.0842,1.00,1.00
2015.11.30 22:42:44.213,2.08342,2.0842,1.50,1.00
2015.11.30 22:42:44.953,2.08343,2.0842,1.00,1.00
2015.11.30 22:42:45.468,2.08343,2.0842,1.37,1.00
2015.11.30 22:42:45.690,2.08348,2.08423,1.00,1.00
2015.11.30 22:42:45.993,2.08353,2.08425,1.00,1.00
2015.11.30 22:42:46.043,2.08349,2.08425,1.50,1.00
2015.11.30 22:42:46.144,2.08351,2.08425,1.00,1.00
2015.11.30 22:42:46.448,2.08345,2.08425,1.00,1.00
2015.11.30 22:42:46.790,2.08348,2.08425,1.00,1.00
2015.11.30 22:42:47.124,2.0835,2.08425,1.00,1.00
2015.11.30 22:42:47.651,2.08347,2.08425,1.37,1.00
2015.11.30 22:42:47.953,2.08352,2.08425,1.00,1.00
2015.11.30 22:42:48.054,2.08345,2.08425,1.87,1.00
2015.11.30 22:42:48.630,2.0835,2.08425,1.00,1.00
2015.11.30 22:42:49.135,2.08351,2.08425,1.00,1.00
2015.11.30 22:42:49.187,2.08349,2.08426,1.00,1.00
2015.11.30 22:42:49.238,2.08346,2.08424,1.00,1.00
2015.11.30 22:42:49.792,2.08346,2.08423,1.12,1.00
2015.11.30 22:42:49.843,2.08351,2.08423,1.00,1.00
2015.11.30 22:42:49.894,2.08351,2.08429,1.00,1.50
2015.11.30 22:42:49.945,2.08349,2.08429,1.50,1.50
2015.11.30 22:42:50.156,2.08351,2.08429,1.00,2.25
2015.11.30 22:42:50.358,2.08349,2.08429,1.00,1.50
2015.11.30 22:42:51.044,2.08346,2.08423,1.12,1.00
2015.11.30 22:42:51.346,2.0835,2.08425,1.00,1.00
2015.11.30 22:42:51.448,2.08345,2.08424,1.37,1.00
2015.11.30 22:42:51.981,2.08345,2.08425,1.37,1.00
2015.11.30 22:42:52.391,2.08345,2.08423,1.37,1.00
2015.11.30 22:42:52.694,2.08349,2.08425,1.00,1.00
2015.11.30 22:42:52.962,2.0835,2.08427,1.00,1.00
2015.11.30 22:42:53.063,2.08349,2.08424,1.00,1.00
2015.11.30 22:42:53.366,2.08349,2.08426,1.00,1.00
2015.11.30 22:42:53.884,2.08349,2.08427,1.00,1.00
2015.11.30 22:42:54.362,2.08349,2.08429,1.00,1.00
2015.11.30 22:42:54.463,2.08349,2.08427,1.50,1.00
2015.11.30 22:42:54.767,2.08353,2.08431,1.00,1.50
2015.11.30 22:42:55.371,2.08353,2.08429,1.50,1.00
2015.11.30 22:42:55.674,2.08359,2.08431,1.00,1.00
2015.11.30 22:42:55.775,2.08353,2.08431,1.00,1.00
2015.11.30 22:42:56.658,2.08353,2.08433,1.00,1.50
2015.11.30 22:42:56.709,2.08353,2.08431,1.00,1.00
2015.11.30 22:42:57.076,2.08353,2.08428,1.00,1.00
2015.11.30 22:42:57.379,2.08353,2.08426,1.00,1.00
2015.11.30 22:42:57.682,2.08353,2.08425,1.00,1.37
2015.11.30 22:42:58.674,2.08353,2.08426,1.50,1.00
2015.11.30 22:42:58.725,2.08353,2.08428,1.50,1.12
2015.11.30 22:42:59.282,2.08353,2.08428,1.00,1.37
2015.11.30 22:42:59.786,2.08353,2.08424,1.00,1.50
2015.11.30 22:43:00.091,2.08353,2.08422,1.00,1.00
2015.11.30 22:43:00.292,2.08353,2.08425,1.00,1.37
2015.11.30 22:43:00.897,2.08353,2.08423,1.00,1.37
2015.11.30 22:43:01.796,2.08342,2.08421,1.00,1.37
2015.11.30 22:43:01.897,2.08342,2.08421,1.00,1.12
2015.11.30 22:43:01.998,2.08346,2.08421,1.00,1.12
2015.11.30 22:43:02.633,2.08345,2.08421,1.00,1.37
2015.11.30 22:43:03.312,2.08346,2.08421,1.50,1.37
2015.11.30 22:43:03.633,2.0835,2.08421,1.00,1.00
2015.11.30 22:43:04.102,2.0835,2.08418,1.00,1.00
2015.11.30 22:43:04.818,2.08356,2.08418,1.00,1.00
2015.11.30 22:43:04.868,2.08356,2.08429,1.00,1.00
2015.11.30 22:43:04.919,2.0836,2.08429,1.00,1.00
2015.11.30 22:43:05.322,2.08351,2.08429,1.00,1.00
2015.11.30 22:43:05.385,2.08354,2.08429,1.00,1.00
2015.11.30 22:43:05.486,2.0835,2.08429,1.50,1.00
2015.11.30 22:43:05.536,2.08358,2.08429,1.00,1.00
2015.11.30 22:43:05.637,2.08354,2.08429,1.00,1.00
2015.11.30 22:43:05.738,2.0835,2.08429,1.50,1.00
2015.11.30 22:43:05.839,2.08354,2.08429,1.00,1.00
2015.11.30 22:43:06.142,2.0835,2.08424,1.00,1.00
2015.11.30 22:43:06.193,2.08352,2.08427,1.00,1.50
2015.11.30 22:43:06.738,2.08353,2.08427,1.00,1.00
2015.11.30 22:43:06.789,2.08351,2.08427,1.00,1.00
2015.11.30 22:43:06.890,2.08354,2.08427,1.00,1.00
2015.11.30 22:43:07.293,2.08352,2.08427,1.00,1.00
2015.11.30 22:43:07.689,2.08357,2.08427,1.00,1.00
2015.11.30 22:43:07.803,2.08354,2.08427,1.00,1.00
2015.11.30 22:43:07.949,2.08351,2.08427,1.00,1.00
2015.11.30 22:43:08.000,2.08349,2.08427,1.00,1.00
2015.11.30 22:43:08.051,2.08354,2.08427,1.00,1.00
2015.11.30 22:43:08.152,2.08349,2.08427,1.00,1.00
2015.11.30 22:43:08.304,2.08352,2.08427,1.00,1.00
2015.11.30 22:43:08.620,2.08354,2.08427,1.00,1.00
2015.11.30 22:43:08.671,2.08349,2.08427,1.00,1.00
2015.11.30 22:43:10.412,2.08357,2.08427,1.00,1.00
2015.11.30 22:43:10.614,2.08355,2.08427,1.00,1.00
2015.11.30 22:43:10.665,2.08359,2.08427,1.00,1.00
2015.11.30 22:43:10.766,2.08356,2.08427,1.00,1.00
2015.11.30 22:43:10.867,2.08352,2.08427,1.00,1.00
2015.11.30 22:43:10.972,2.08354,2.08427,1.00,1.00
2015.11.30 22:43:11.174,2.08349,2.08427,1.00,1.00
2015.11.30 22:43:11.393,2.08352,2.08427,1.00,1.00
2015.11.30 22:43:11.707,2.08355,2.08427,1.00,1.00
2015.11.30 22:43:11.808,2.0835,2.08427,1.50,1.00
2015.11.30 22:43:12.009,2.08354,2.08427,1.00,1.00
2015.11.30 22:43:12.111,2.0835,2.08429,1.00,1.00
2015.11.30 22:43:12.413,2.08352,2.0843,1.00,1.50
2015.11.30 22:43:12.716,2.08356,2.0843,1.00,1.00
2015.11.30 22:43:13.046,2.08349,2.0843,1.00,1.00
2015.11.30 22:43:13.096,2.08357,2.0843,1.00,1.00
2015.11.30 22:43:13.197,2.08355,2.0843,1.00,1.00
2015.11.30 22:43:13.299,2.08351,2.0843,1.00,1.00
2015.11.30 22:43:13.399,2.08354,2.0843,1.00,1.00
2015.11.30 22:43:13.620,2.08352,2.0843,1.00,1.50
2015.11.30 22:43:13.722,2.08355,2.0843,1.00,1.00
2015.11.30 22:43:13.823,2.08349,2.0843,1.00,1.00
2015.11.30 22:43:14.203,2.08352,2.0843,1.00,1.00
2015.11.30 22:43:14.705,2.08356,2.0843,1.00,1.00
2015.11.30 22:43:15.008,2.0836,2.0843,1.00,1.12
2015.11.30 22:43:15.411,2.08359,2.08435,1.00,1.12
2015.11.30 22:43:15.512,2.08359,2.08429,1.00,1.00
2015.11.30 22:43:15.805,2.08357,2.08429,1.00,1.00
2015.11.30 22:43:15.907,2.08352,2.08429,1.00,1.00
2015.11.30 22:43:16.209,2.08355,2.08429,1.00,1.00
2015.11.30 22:43:16.511,2.0835,2.08429,1.00,1.00
2015.11.30 22:43:16.832,2.08353,2.08429,1.00,1.00
2015.11.30 22:43:17.414,2.08357,2.08429,1.00,1.00
2015.11.30 22:43:17.719,2.08359,2.08432,1.00,1.00
2015.11.30 22:43:18.510,2.08355,2.08432,1.00,1.00
2015.11.30 22:43:18.613,2.08358,2.08432,1.00,1.00
2015.11.30 22:43:18.916,2.08361,2.08432,1.00,1.00
2015.11.30 22:43:19.412,2.08356,2.08432,1.00,1.00
2015.11.30 22:43:19.608,2.08356,2.08434,1.50,1.00
2015.11.30 22:43:20.230,2.0836,2.08434,1.00,1.00
2015.11.30 22:43:20.532,2.08363,2.08434,1.00,1.00
2015.11.30 22:43:22.346,2.08363,2.08435,1.00,1.00
2015.11.30 22:43:22.894,2.08362,2.08435,1.00,1.00
2015.11.30 22:43:23.526,2.08363,2.08435,1.00,1.00
2015.11.30 22:43:24.175,2.08362,2.08435,1.00,1.00
2015.11.30 22:43:24.479,2.08366,2.08434,1.00,1.37
2015.11.30 22:43:24.529,2.08362,2.08434,1.00,1.12
2015.11.30 22:43:25.033,2.08362,2.08434,1.00,1.37
2015.11.30 22:43:25.827,2.08363,2.08434,1.00,1.37
2015.11.30 22:43:26.423,2.08362,2.08434,1.00,1.37
2015.11.30 22:43:26.927,2.08361,2.08434,1.00,1.00
2015.11.30 22:43:27.476,2.08362,2.08434,1.00,1.00
2015.11.30 22:43:28.135,2.08361,2.08434,1.00,1.00
2015.11.30 22:43:28.846,2.08362,2.08434,1.50,1.00
2015.11.30 22:43:28.947,2.08368,2.08436,1.00,1.00
2015.11.30 22:43:29.148,2.08365,2.08436,1.00,1.12
2015.11.30 22:43:29.842,2.0836,2.08436,1.00,1.00
2015.11.30 22:43:30.145,2.08363,2.08436,1.00,1.00
2015.11.30 22:43:30.246,2.0836,2.08436,1.50,1.00
2015.11.30 22:43:30.347,2.08363,2.08436,1.00,1.00
2015.11.30 22:43:30.650,2.08365,2.08436,1.00,1.12
2015.11.30 22:43:30.751,2.08362,2.08436,1.00,1.12
2015.11.30 22:43:31.144,2.08358,2.08436,1.50,1.12
2015.11.30 22:43:31.245,2.08361,2.08436,1.00,1.12
2015.11.30 22:43:31.548,2.08364,2.08436,1.00,1.00
2015.11.30 22:43:31.649,2.08362,2.08436,1.00,1.12
2015.11.30 22:43:31.750,2.08359,2.08436,1.00,1.12
2015.11.30 22:43:32.253,2.08361,2.08436,1.00,1.12
2015.11.30 22:43:32.601,2.08349,2.08423,1.37,1.00
2015.11.30 22:43:32.702,2.08355,2.08433,1.00,1.00
2015.11.30 22:43:32.753,2.08355,2.0843,1.37,1.00
2015.11.30 22:43:32.855,2.08355,2.08433,1.37,1.00
2015.11.30 22:43:33.488,2.0836,2.08433,1.00,1.00
2015.11.30 22:43:33.589,2.08361,2.08436,1.00,1.12
2015.11.30 22:43:33.740,2.08365,2.08436,1.00,1.12
2015.11.30 22:43:33.841,2.08362,2.08436,1.00,1.12
2015.11.30 22:43:33.892,2.08367,2.08436,1.00,1.12
2015.11.30 22:43:34.046,2.08358,2.08436,1.50,1.12
2015.11.30 22:43:34.147,2.08361,2.08436,1.00,1.12
2015.11.30 22:43:34.463,2.08364,2.08436,1.00,1.12
2015.11.30 22:43:34.564,2.08359,2.08436,1.50,1.12
2015.11.30 22:43:35.068,2.08358,2.08436,1.87,1.00
2015.11.30 22:43:35.649,2.0836,2.08436,1.00,1.00
2015.11.30 22:43:35.984,2.08366,2.08436,1.00,1.00
2015.11.30 22:43:36.387,2.08368,2.08436,1.00,1.00
2015.11.30 22:43:36.689,2.08358,2.08436,1.12,1.00
2015.11.30 22:43:38.345,2.08364,2.08436,1.00,1.00
2015.11.30 22:43:38.647,2.08366,2.08436,1.50,1.00
2015.11.30 22:43:38.748,2.08366,2.08443,1.50,1.00
2015.11.30 22:43:38.799,2.08369,2.08443,1.00,1.00
2015.11.30 22:43:38.900,2.08366,2.08443,1.00,1.50
2015.11.30 22:43:39.418,2.08368,2.08443,1.00,1.00
2015.11.30 22:43:39.659,2.08366,2.08443,1.00,1.00
2015.11.30 22:43:39.709,2.08372,2.08443,1.00,1.00
2015.11.30 22:43:39.810,2.08367,2.08443,1.00,1.00
2015.11.30 22:43:39.861,2.08369,2.08443,1.00,1.00
2015.11.30 22:43:40.214,2.08366,2.08443,1.50,1.00
2015.11.30 22:43:40.416,2.08369,2.08443,1.00,1.00
2015.11.30 22:43:40.516,2.08366,2.08443,1.00,1.00
2015.11.30 22:43:40.567,2.08369,2.08443,1.00,1.00
2015.11.30 22:43:40.870,2.08372,2.08443,1.00,1.00
2015.11.30 22:43:41.481,2.0837,2.08443,1.00,1.12
2015.11.30 22:43:41.583,2.08368,2.08439,1.00,1.00
2015.11.30 22:43:41.684,2.08368,2.08443,1.00,1.00
2015.11.30 22:43:42.684,2.08368,2.08443,1.00,1.37
2015.11.30 22:43:42.986,2.08368,2.08436,1.00,1.00
2015.11.30 22:43:43.101,2.08368,2.08443,1.00,1.37
2015.11.30 22:43:43.687,2.08363,2.08434,1.00,1.00
2015.11.30 22:43:43.788,2.08365,2.08434,1.00,1.00
2015.11.30 22:43:44.091,2.08367,2.08434,1.00,1.00
2015.11.30 22:43:44.850,2.08365,2.08434,1.00,1.00
2015.11.30 22:43:45.548,2.08368,2.0844,1.00,1.00
2015.11.30 22:43:46.052,2.08366,2.0844,1.00,1.00
2015.11.30 22:43:46.153,2.08369,2.0844,1.00,1.00
2015.11.30 22:43:46.355,2.08364,2.0844,1.00,1.00
2015.11.30 22:43:46.507,2.08366,2.0844,1.00,1.00
2015.11.30 22:43:46.658,2.08363,2.0844,1.50,1.00
2015.11.30 22:43:47.112,2.08366,2.0844,1.00,1.00
2015.11.30 22:43:47.439,2.08368,2.0844,1.00,1.00
2015.11.30 22:43:47.540,2.08366,2.0844,1.00,1.00
2015.11.30 22:43:47.591,2.08366,2.0844,1.00,1.37
2015.11.30 22:43:47.642,2.08363,2.0844,1.00,1.87
2015.11.30 22:43:47.743,2.08363,2.08434,1.00,1.00
2015.11.30 22:43:47.846,2.08363,2.08437,1.00,1.00
2015.11.30 22:43:48.564,2.08365,2.08437,1.00,1.00
2015.11.30 22:43:48.867,2.08367,2.08437,1.00,1.00
2015.11.30 22:43:49.200,2.08364,2.08437,1.00,1.00
2015.11.30 22:43:49.301,2.08368,2.08437,1.00,1.00
2015.11.30 22:43:49.607,2.0837,2.08437,1.00,1.00
2015.11.30 22:43:49.758,2.08367,2.08437,1.00,1.00
2015.11.30 22:43:49.910,2.08363,2.08437,1.50,1.00
2015.11.30 22:43:50.303,2.08365,2.08437,1.00,1.00
2015.11.30 22:43:50.404,2.08363,2.08437,1.00,1.00
2015.11.30 22:43:51.915,2.08364,2.08437,1.00,1.00
2015.11.30 22:43:51.966,2.08367,2.08437,1.00,1.00
2015.11.30 22:43:52.067,2.0837,2.08443,1.00,1.00
2015.11.30 22:43:52.602,2.08369,2.08442,1.00,1.00
2015.11.30 22:43:53.245,2.08369,2.08443,1.00,1.00
2015.11.30 22:43:54.676,2.08368,2.0844,1.00,1.00
2015.11.30 22:43:54.979,2.08363,2.0844,1.50,1.12
2015.11.30 22:43:55.674,2.08364,2.0844,1.00,1.12
2015.11.30 22:43:56.176,2.08367,2.0844,1.00,1.12
2015.11.30 22:43:56.277,2.08362,2.08437,1.50,1.00
2015.11.30 22:43:56.984,2.08361,2.08437,1.00,1.00
2015.11.30 22:43:57.400,2.08361,2.08435,1.00,1.00
2015.11.30 22:43:57.520,2.08361,2.08437,1.00,1.00
2015.11.30 22:43:57.722,2.08361,2.08437,1.00,1.37
2015.11.30 22:43:58.299,2.08361,2.0843,1.00,1.00
2015.11.30 22:43:58.426,2.08361,2.08437,1.00,1.37
2015.11.30 22:43:58.628,2.08359,2.08433,1.50,1.00
2015.11.30 22:43:59.585,2.08361,2.08433,1.00,1.00
2015.11.30 22:43:59.686,2.08359,2.08433,1.00,1.00
2015.11.30 22:43:59.736,2.08363,2.08433,1.00,1.00
2015.11.30 22:43:59.837,2.0836,2.08433,1.00,1.00
2015.11.30 22:44:00.379,2.08359,2.08433,1.00,1.12
2015.11.30 22:44:00.734,2.08356,2.08433,1.00,1.12
2015.11.30 22:44:01.137,2.0836,2.08433,1.00,1.00
2015.11.30 22:44:01.541,2.08356,2.08433,1.50,1.50
2015.11.30 22:44:01.591,2.08358,2.08433,1.00,1.50
2015.11.30 22:44:01.894,2.08356,2.08433,1.50,1.00
2015.11.30 22:44:02.689,2.0836,2.08435,1.00,1.37
2015.11.30 22:44:02.992,2.08365,2.08435,1.00,1.00
2015.11.30 22:44:03.144,2.0836,2.08435,1.00,1.00
2015.11.30 22:44:03.856,2.0836,2.08435,1.00,1.37
2015.11.30 22:44:03.907,2.08355,2.0843,1.00,1.00
2015.11.30 22:44:04.008,2.08353,2.0843,1.50,1.00
2015.11.30 22:44:04.512,2.08354,2.0843,1.00,1.00
2015.11.30 22:44:05.006,2.0836,2.08435,1.00,1.37
2015.11.30 22:44:05.057,2.0836,2.08435,1.00,1.00
2015.11.30 22:44:05.808,2.0836,2.08434,1.00,1.00
2015.11.30 22:44:06.409,2.0836,2.08435,1.00,1.50
2015.11.30 22:44:07.049,2.0836,2.08434,1.00,1.12
2015.11.30 22:44:07.201,2.08356,2.08433,1.50,1.00
2015.11.30 22:44:07.252,2.08359,2.08433,1.00,1.00
2015.11.30 22:44:07.353,2.08356,2.08433,1.50,1.50
2015.11.30 22:44:07.655,2.08359,2.08433,1.00,1.00
2015.11.30 22:44:07.733,2.08356,2.08433,1.50,1.00
2015.11.30 22:44:10.424,2.08358,2.08434,1.00,1.00
2015.11.30 22:44:11.357,2.08358,2.08432,1.00,1.00
2015.11.30 22:44:11.557,2.08358,2.08434,1.00,1.50
2015.11.30 22:44:12.142,2.08358,2.08433,1.00,1.00
2015.11.30 22:44:12.369,2.08356,2.0843,1.00,1.00
2015.11.30 22:44:12.621,2.08359,2.08436,1.50,1.37
2015.11.30 22:44:12.671,2.08363,2.08436,1.00,1.00
2015.11.30 22:44:12.772,2.08361,2.08436,1.00,1.00
2015.11.30 22:44:12.874,2.08364,2.08436,1.00,1.00
2015.11.30 22:44:12.975,2.08361,2.08436,1.00,1.00
2015.11.30 22:44:13.313,2.08359,2.08436,1.00,1.00
2015.11.30 22:44:13.863,2.0836,2.08436,1.00,1.00
2015.11.30 22:44:15.749,2.08362,2.08436,1.00,1.37
2015.11.30 22:44:15.900,2.08359,2.08433,1.50,1.00
2015.11.30 22:44:15.951,2.08364,2.08433,1.00,1.00
2015.11.30 22:44:16.052,2.08359,2.08433,1.50,1.00
2015.11.30 22:44:17.042,2.08362,2.08433,1.00,1.00
2015.11.30 22:44:17.445,2.0836,2.08433,1.00,1.00
2015.11.30 22:44:18.191,2.08361,2.08433,1.00,1.00
2015.11.30 22:44:18.753,2.0836,2.08433,1.00,1.00
2015.11.30 22:44:18.960,2.08358,2.08434,1.50,1.00
2015.11.30 22:44:21.062,2.08358,2.08434,1.50,1.37
2015.11.30 22:44:21.164,2.08361,2.08434,1.00,1.37
2015.11.30 22:44:21.568,2.08357,2.08432,2.25,1.00
2015.11.30 22:44:23.410,2.08358,2.08432,1.00,1.00
2015.11.30 22:44:23.712,2.08362,2.08436,1.00,1.00
2015.11.30 22:44:24.307,2.08362,2.08436,1.00,1.37
2015.11.30 22:44:25.906,2.08355,2.08431,1.50,1.00
2015.11.30 22:44:27.287,2.08357,2.08431,1.00,1.00
2015.11.30 22:44:27.831,2.08358,2.08431,1.00,1.00
2015.11.30 22:44:28.133,2.08361,2.08433,1.00,1.12
2015.11.30 22:44:28.184,2.08359,2.08433,1.00,1.12
2015.11.30 22:44:28.386,2.08359,2.0843,1.00,1.00
2015.11.30 22:44:28.789,2.08359,2.08433,1.00,1.12
2015.11.30 22:44:28.991,2.08362,2.08433,1.00,1.00
2015.11.30 22:44:29.536,2.08363,2.08433,1.00,1.00
2015.11.30 22:44:30.780,2.08366,2.08432,1.00,1.00
2015.11.30 22:44:30.992,2.0837,2.08437,1.00,1.00
2015.11.30 22:44:31.043,2.08366,2.08437,1.00,1.00
2015.11.30 22:44:31.144,2.08363,2.08437,1.00,1.00
2015.11.30 22:44:31.548,2.08368,2.08437,1.00,1.00
2015.11.30 22:44:32.059,2.08363,2.08437,1.00,1.00
2015.11.30 22:44:32.160,2.08365,2.08437,1.00,1.00
2015.11.30 22:44:32.261,2.08363,2.08437,1.50,1.00
2015.11.30 22:44:32.949,2.08362,2.08433,1.00,1.00
2015.11.30 22:44:33.919,2.08361,2.08433,1.00,1.00
2015.11.30 22:44:34.250,2.08368,2.08437,1.00,1.12
2015.11.30 22:44:34.653,2.08363,2.08437,1.50,1.12
2015.11.30 22:44:35.631,2.08363,2.08435,1.00,1.00
2015.11.30 22:44:35.832,2.08363,2.08437,1.00,1.00
2015.11.30 22:44:36.034,2.08363,2.08435,1.00,1.00
2015.11.30 22:44:36.192,2.08363,2.08437,1.00,1.00
2015.11.30 22:44:36.705,2.08363,2.08437,1.00,1.37
2015.11.30 22:44:36.857,2.08363,2.08434,1.00,1.00
2015.11.30 22:44:36.908,2.0836,2.08432,1.00,1.00
2015.11.30 22:44:37.009,2.08363,2.08437,1.00,1.37
2015.11.30 22:44:37.556,2.08363,2.08437,1.50,1.00
2015.11.30 22:44:37.707,2.08363,2.08434,1.00,1.00
2015.11.30 22:44:37.758,2.08358,2.08434,1.12,1.50
2015.11.30 22:44:37.916,2.08363,2.08435,1.00,1.00
2015.11.30 22:44:37.967,2.08363,2.08437,1.00,1.00
2015.11.30 22:44:38.539,2.08363,2.08436,1.00,1.00
2015.11.30 22:44:38.590,2.08358,2.08434,1.00,1.87
2015.11.30 22:44:38.792,2.08361,2.08436,1.00,1.87
2015.11.30 22:44:39.144,2.08364,2.08437,1.00,1.37
2015.11.30 22:44:39.359,2.0836,2.08437,1.00,1.37
2015.11.30 22:44:41.564,2.0836,2.08435,1.50,1.00
2015.11.30 22:44:41.665,2.08363,2.08435,1.00,1.00
2015.11.30 22:44:41.968,2.0836,2.08435,1.00,1.00
2015.11.30 22:44:42.409,2.08364,2.08436,1.00,1.00
2015.11.30 22:44:42.660,2.08366,2.08439,1.00,1.00
2015.11.30 22:44:42.967,2.08364,2.08439,1.00,1.50
2015.11.30 22:44:43.702,2.08364,2.08437,1.00,1.00
2015.11.30 22:44:43.903,2.08364,2.08439,1.00,1.00
2015.11.30 22:44:44.559,2.08364,2.08438,1.00,1.00
2015.11.30 22:44:44.761,2.08363,2.08436,1.00,1.00
2015.11.30 22:44:45.278,2.08363,2.08437,1.00,1.00
2015.11.30 22:44:47.265,2.08364,2.08437,1.00,1.00
2015.11.30 22:44:47.366,2.08365,2.08441,1.00,1.12
2015.11.30 22:44:47.901,2.08365,2.0844,1.00,1.00
2015.11.30 22:44:48.268,2.0837,2.08442,1.00,1.00
2015.11.30 22:44:49.172,2.0837,2.08443,1.00,1.00
2015.11.30 22:44:49.440,2.08364,2.08439,1.00,1.00
2015.11.30 22:44:50.408,2.08368,2.08439,1.00,1.00
2015.11.30 22:44:50.610,2.08366,2.08439,1.00,1.00
2015.11.30 22:44:51.080,2.08369,2.08439,1.00,1.00
2015.11.30 22:44:52.281,2.08368,2.08439,1.00,1.00
2015.11.30 22:44:52.383,2.08365,2.08439,1.50,1.00
2015.11.30 22:44:52.483,2.08368,2.08443,1.00,1.00
2015.11.30 22:44:52.585,2.0837,2.08443,1.00,1.00
2015.11.30 22:44:52.787,2.08368,2.08443,1.00,1.00
2015.11.30 22:44:52.888,2.08366,2.08443,1.00,1.50
2015.11.30 22:44:53.429,2.08366,2.08442,1.00,1.00
2015.11.30 22:44:53.480,2.08366,2.08439,1.00,1.00
2015.11.30 22:44:53.581,2.08367,2.08443,1.00,1.00
2015.11.30 22:44:53.782,2.08369,2.08443,1.00,1.00
2015.11.30 22:44:53.883,2.08367,2.08443,1.00,1.00
2015.11.30 22:44:54.522,2.08366,2.08443,1.00,1.50
2015.11.30 22:44:55.184,2.08365,2.08441,1.00,1.00
2015.11.30 22:44:56.296,2.08368,2.08441,1.00,1.00
2015.11.30 22:44:56.397,2.08365,2.08441,1.50,1.00
2015.11.30 22:44:56.498,2.08368,2.08441,1.00,1.00
2015.11.30 22:44:56.599,2.08365,2.08441,1.00,1.00
2015.11.30 22:44:57.092,2.08369,2.08441,1.00,1.00
2015.11.30 22:44:57.499,2.08365,2.08441,1.00,1.00
2015.11.30 22:44:58.195,2.08366,2.08441,1.00,1.00
2015.11.30 22:44:59.127,2.08366,2.08441,1.00,1.37
2015.11.30 22:44:59.496,2.08364,2.08439,1.50,1.12
2015.11.30 22:45:00.001,2.08366,2.08439,1.00,1.12
2015.11.30 22:45:00.202,2.08364,2.08439,1.00,1.12
2015.11.30 22:45:00.303,2.08367,2.08439,1.00,1.12
2015.11.30 22:45:00.404,2.08364,2.08439,1.00,1.12
2015.11.30 22:45:01.003,2.08367,2.08439,1.00,1.12
2015.11.30 22:45:01.208,2.08365,2.08439,1.00,1.00
2015.11.30 22:45:01.410,2.08367,2.08439,1.00,1.00
2015.11.30 22:45:01.612,2.08365,2.08439,1.50,1.00
2015.11.30 22:45:01.713,2.08369,2.08439,1.00,1.00
2015.11.30 22:45:01.824,2.08365,2.08439,1.50,1.00
2015.11.30 22:45:02.330,2.08367,2.08439,1.00,1.00
2015.11.30 22:45:02.531,2.08365,2.08439,1.00,1.00
2015.11.30 22:45:02.633,2.08367,2.08439,1.00,1.00
2015.11.30 22:45:02.734,2.08365,2.08439,1.00,1.00
2015.11.30 22:45:02.835,2.08369,2.08439,1.00,1.00
2015.11.30 22:45:02.936,2.08365,2.08439,1.00,1.00
2015.11.30 22:45:03.110,2.08365,2.08435,1.00,1.00
2015.11.30 22:45:03.211,2.0836,2.08435,1.00,1.00
2015.11.30 22:45:03.327,2.08363,2.08435,1.00,1.00
2015.11.30 22:45:03.634,2.08369,2.08435,1.00,1.00
2015.11.30 22:45:04.137,2.0837,2.08435,1.00,1.00
2015.11.30 22:45:04.435,2.08367,2.08435,1.00,1.00
2015.11.30 22:45:04.536,2.08369,2.08435,1.00,1.00
2015.11.30 22:45:04.939,2.08366,2.08435,1.00,1.00
2015.11.30 22:45:05.141,2.08364,2.08435,1.00,1.00
2015.11.30 22:45:05.242,2.08361,2.08435,1.00,1.00
2015.11.30 22:45:05.434,2.08363,2.08436,1.00,1.00
2015.11.30 22:45:05.739,2.08369,2.08436,1.00,1.00
2015.11.30 22:45:06.042,2.08362,2.08436,1.00,1.00
2015.11.30 22:45:06.359,2.08366,2.08436,1.00,1.12
2015.11.30 22:45:06.461,2.08362,2.08436,1.50,1.12
2015.11.30 22:45:06.964,2.08368,2.08436,1.00,1.00
2015.11.30 22:45:07.306,2.0837,2.08436,1.00,1.00
2015.11.30 22:45:07.558,2.08368,2.08436,1.50,1.12
2015.11.30 22:45:07.660,2.08371,2.08436,1.00,1.12
2015.11.30 22:45:08.045,2.08368,2.08436,1.50,1.00
2015.11.30 22:45:08.146,2.08374,2.08436,1.00,1.00
2015.11.30 22:45:08.569,2.0837,2.08436,1.00,1.00
2015.11.30 22:45:09.064,2.08372,2.08438,1.00,1.37
2015.11.30 22:45:09.165,2.08367,2.08438,1.50,1.37
2015.11.30 22:45:09.267,2.08365,2.08438,1.00,1.37
2015.11.30 22:45:09.368,2.08366,2.08443,1.50,1.12
2015.11.30 22:45:09.469,2.0837,2.08443,1.00,1.12
2015.11.30 22:45:09.771,2.08367,2.08439,1.00,1.00
2015.11.30 22:45:10.297,2.08368,2.08439,1.00,1.00
2015.11.30 22:45:10.804,2.08367,2.08439,1.00,1.00
2015.11.30 22:45:11.249,2.08369,2.08439,1.00,1.00
2015.11.30 22:45:11.451,2.08365,2.08439,1.00,1.00
2015.11.30 22:45:11.552,2.08362,2.08439,1.12,1.00
2015.11.30 22:45:11.703,2.08365,2.08441,1.00,1.87
2015.11.30 22:45:12.056,2.08367,2.08441,1.00,1.37
2015.11.30 22:45:12.157,2.08365,2.08441,1.00,1.37
2015.11.30 22:45:14.110,2.08365,2.08441,1.50,1.00
2015.11.30 22:45:14.261,2.08368,2.08441,1.00,1.00
2015.11.30 22:45:14.563,2.0837,2.0844,1.00,1.00
2015.11.30 22:45:15.497,2.08371,2.0844,1.00,1.00
2015.11.30 22:45:15.737,2.0837,2.08447,1.50,1.12
2015.11.30 22:45:16.065,2.08373,2.08447,1.00,1.12
2015.11.30 22:45:16.367,2.0837,2.08447,1.50,1.00
2015.11.30 22:45:16.670,2.0837,2.08444,1.00,1.00
2015.11.30 22:45:16.771,2.0837,2.08447,1.00,1.00
2015.11.30 22:45:17.491,2.08372,2.08447,1.00,1.00
2015.11.30 22:45:17.793,2.08377,2.08447,1.00,1.00
2015.11.30 22:45:17.953,2.08375,2.08447,1.00,1.00
2015.11.30 22:45:18.119,2.08378,2.08448,1.00,1.00
2015.11.30 22:45:18.745,2.08377,2.08448,1.00,1.00
2015.11.30 22:45:19.251,2.08377,2.08449,1.00,1.00
2015.11.30 22:45:21.493,2.08369,2.0844,1.37,1.00
2015.11.30 22:45:21.594,2.08374,2.08447,1.00,1.00
2015.11.30 22:45:21.695,2.08374,2.08445,1.00,1.00
2015.11.30 22:45:21.897,2.0837,2.08446,2.62,1.00
2015.11.30 22:45:22.432,2.08374,2.08446,1.00,1.00
2015.11.30 22:45:22.483,2.0837,2.08446,1.12,1.00
2015.11.30 22:45:22.533,2.08376,2.08446,1.00,1.00
2015.11.30 22:45:22.634,2.0837,2.08446,1.12,1.00
2015.11.30 22:45:23.696,2.08372,2.08446,1.00,1.00
2015.11.30 22:45:24.713,2.08374,2.08446,1.00,1.00
2015.11.30 22:45:25.700,2.08373,2.08446,1.00,1.00
2015.11.30 22:45:26.335,2.08372,2.08446,1.00,1.00
2015.11.30 22:45:26.602,2.08372,2.08448,1.50,1.00
2015.11.30 22:45:28.605,2.08372,2.08445,1.00,1.00
2015.11.30 22:45:28.807,2.08369,2.08445,1.50,1.00
2015.11.30 22:45:28.858,2.08373,2.08447,1.00,2.25
2015.11.30 22:45:29.188,2.08373,2.08442,1.00,1.00
2015.11.30 22:45:29.440,2.08373,2.08447,1.00,1.00
2015.11.30 22:45:30.209,2.08376,2.08447,1.00,1.00
2015.11.30 22:45:30.310,2.08373,2.08447,1.00,1.00
2015.11.30 22:45:30.411,2.08375,2.08447,1.00,1.00
2015.11.30 22:45:30.511,2.08373,2.08446,1.00,1.00
2015.11.30 22:45:31.035,2.08373,2.08447,1.00,1.00
2015.11.30 22:45:31.237,2.08373,2.08444,1.00,1.00
2015.11.30 22:45:31.338,2.08373,2.08447,1.00,1.00
2015.11.30 22:45:31.540,2.08375,2.08447,1.00,1.00
2015.11.30 22:45:32.055,2.08377,2.08447,1.00,1.00
2015.11.30 22:45:32.156,2.08373,2.08447,1.50,1.00
2015.11.30 22:45:32.357,2.08373,2.08447,1.00,1.37
2015.11.30 22:45:32.559,2.08363,2.08439,1.12,1.00
2015.11.30 22:45:32.742,2.08365,2.08439,1.00,1.00
2015.11.30 22:45:32.945,2.08363,2.08439,1.12,1.00
2015.11.30 22:45:33.448,2.08366,2.08439,1.00,1.00
2015.11.30 22:45:33.549,2.08363,2.08439,2.62,1.00
2015.11.30 22:45:33.650,2.08367,2.08439,1.00,1.00
2015.11.30 22:45:34.362,2.08366,2.08439,1.00,1.00
2015.11.30 22:45:35.661,2.08367,2.08439,1.00,1.00
2015.11.30 22:45:36.536,2.08366,2.08439,1.00,1.00
2015.11.30 22:45:38.542,2.08367,2.08439,1.00,1.00
2015.11.30 22:45:39.537,2.08367,2.08439,1.37,1.00
2015.11.30 22:45:39.739,2.08371,2.08446,1.00,1.00
2015.11.30 22:45:40.654,2.08374,2.08446,1.00,1.00
2015.11.30 22:45:40.886,2.08372,2.08446,1.00,1.00
2015.11.30 22:45:41.088,2.08374,2.08446,1.00,1.00
2015.11.30 22:45:41.189,2.08371,2.08446,1.50,1.00
2015.11.30 22:45:41.738,2.08373,2.08447,1.00,1.00
2015.11.30 22:45:42.185,2.08373,2.08444,1.00,1.00
2015.11.30 22:45:42.471,2.08373,2.08449,1.00,2.25
2015.11.30 22:45:44.593,2.08373,2.08447,1.00,1.00
2015.11.30 22:45:44.889,2.08371,2.08446,1.00,1.00
2015.11.30 22:45:47.014,2.0837,2.08447,1.00,1.00
2015.11.30 22:45:48.801,2.08371,2.08447,1.00,1.00
2015.11.30 22:45:49.503,2.0837,2.08447,1.00,1.50
2015.11.30 22:45:52.018,2.0837,2.08445,1.00,1.00
2015.11.30 22:45:52.119,2.08372,2.08448,1.00,1.00
2015.11.30 22:45:52.220,2.08375,2.08448,1.00,1.00
2015.11.30 22:45:52.414,2.08372,2.08448,1.00,1.50
2015.11.30 22:45:53.326,2.08372,2.08447,1.00,1.00
2015.11.30 22:45:53.427,2.08372,2.08445,1.00,1.00
2015.11.30 22:45:53.931,2.08372,2.08448,1.00,1.00
2015.11.30 22:45:54.624,2.08372,2.08447,1.00,1.50
2015.11.30 22:45:54.826,2.08375,2.08448,1.00,1.00
2015.11.30 22:45:54.930,2.08372,2.08448,1.00,1.00
2015.11.30 22:45:58.968,2.08373,2.08447,1.00,1.00
2015.11.30 22:45:59.220,2.08375,2.08447,1.00,1.00
2015.11.30 22:45:59.563,2.08373,2.08447,1.00,1.00
2015.11.30 22:46:01.056,2.08376,2.08447,1.00,1.00
2015.11.30 22:46:01.308,2.08377,2.08451,1.00,1.00
2015.11.30 22:46:01.720,2.08374,2.08451,1.00,1.00
2015.11.30 22:46:02.220,2.0838,2.08451,1.00,1.00
2015.11.30 22:46:02.422,2.08374,2.08451,1.00,1.00
2015.11.30 22:46:04.265,2.08376,2.08451,1.00,1.00
2015.11.30 22:46:04.568,2.08373,2.0845,1.12,1.50
2015.11.30 22:46:06.573,2.08375,2.0845,1.00,1.50
2015.11.30 22:46:07.077,2.08375,2.08449,1.00,1.00
2015.11.30 22:46:07.674,2.08375,2.0845,1.00,1.50
2015.11.30 22:46:08.176,2.08375,2.08449,1.00,1.00
2015.11.30 22:46:08.834,2.08375,2.0845,1.00,1.00
2015.11.30 22:46:09.518,2.08373,2.08449,1.00,1.00
2015.11.30 22:46:09.881,2.08371,2.08444,1.00,1.00
2015.11.30 22:46:10.783,2.0837,2.08444,1.50,1.00
2015.11.30 22:46:11.382,2.08371,2.08444,1.00,1.00
2015.11.30 22:46:11.686,2.08373,2.08444,1.00,1.00
2015.11.30 22:46:11.787,2.0837,2.08444,1.50,1.00
2015.11.30 22:46:11.888,2.0837,2.08447,1.00,1.00
2015.11.30 22:46:14.044,2.08372,2.08447,1.12,1.50
2015.11.30 22:46:14.145,2.08373,2.08449,1.00,1.00
2015.11.30 22:46:14.850,2.08374,2.08449,1.00,1.00
2015.11.30 22:46:15.102,2.08377,2.08449,1.00,1.00
2015.11.30 22:46:15.254,2.08373,2.08449,1.00,1.00
2015.11.30 22:46:15.355,2.08375,2.08449,1.00,1.00
2015.11.30 22:46:15.795,2.08373,2.08449,1.00,1.00
2015.11.30 22:46:16.061,2.08375,2.08449,1.00,1.00
2015.11.30 22:46:16.263,2.08373,2.08449,1.00,1.00
2015.11.30 22:46:18.762,2.08374,2.08448,1.00,1.00
2015.11.30 22:46:18.864,2.08372,2.08448,1.00,1.00
2015.11.30 22:46:21.297,2.08373,2.08446,1.00,1.00
2015.11.30 22:46:21.407,2.08373,2.08449,1.00,1.00
2015.11.30 22:46:21.777,2.08373,2.08447,1.00,1.50
2015.11.30 22:46:21.906,2.08373,2.08449,1.00,1.00
2015.11.30 22:46:22.516,2.08373,2.08447,1.00,1.00
2015.11.30 22:46:23.122,2.08373,2.08449,1.00,1.00
2015.11.30 22:46:23.474,2.08375,2.08449,1.00,1.00
2015.11.30 22:46:23.575,2.08373,2.08449,1.00,1.00
2015.11.30 22:46:23.827,2.08373,2.08447,1.00,1.00
2015.11.30 22:46:24.079,2.08366,2.08442,1.50,1.00
2015.11.30 22:46:26.314,2.08371,2.08442,1.00,1.00
2015.11.30 22:46:26.365,2.08371,2.08444,1.00,1.00
2015.11.30 22:46:26.869,2.0837,2.08444,1.00,1.00
2015.11.30 22:46:28.568,2.08372,2.08446,1.00,1.00
2015.11.30 22:46:28.619,2.08372,2.08448,1.00,1.12
2015.11.30 22:46:28.820,2.08372,2.08445,1.00,1.00
2015.11.30 22:46:28.921,2.08372,2.08448,1.00,1.87
2015.11.30 22:46:29.123,2.08372,2.08445,1.00,1.00
2015.11.30 22:46:29.224,2.08373,2.08448,1.00,1.12
2015.11.30 22:46:29.789,2.08372,2.08448,1.00,1.87
2015.11.30 22:46:37.722,2.08369,2.08445,1.87,1.00
2015.11.30 22:46:39.638,2.08369,2.08445,1.50,1.00
2015.11.30 22:46:39.941,2.08373,2.08447,1.00,1.12
2015.11.30 22:46:41.637,2.08373,2.08444,1.00,1.00
2015.11.30 22:46:41.789,2.0837,2.08445,1.00,1.12
2015.11.30 22:46:41.937,2.08373,2.08445,1.00,1.12
2015.11.30 22:46:42.039,2.08369,2.08445,1.50,1.12
2015.11.30 22:46:42.552,2.08372,2.08445,1.00,1.12
2015.11.30 22:46:43.068,2.08371,2.08445,1.00,1.12
2015.11.30 22:46:43.779,2.08372,2.08445,1.00,1.12
2015.11.30 22:46:44.534,2.0837,2.08447,1.50,1.37
2015.11.30 22:46:45.257,2.0837,2.08447,1.50,1.00
2015.11.30 22:46:45.759,2.08371,2.08447,1.00,1.00
2015.11.30 22:46:47.190,2.0837,2.08447,1.50,1.00
2015.11.30 22:46:48.298,2.08371,2.08447,1.00,1.00
2015.11.30 22:46:48.501,2.08373,2.08444,1.00,1.00
2015.11.30 22:46:48.602,2.08375,2.08451,1.00,2.62
2015.11.30 22:46:49.347,2.0837,2.08444,1.00,1.00
2015.11.30 22:46:49.448,2.08368,2.08444,1.00,1.00
2015.11.30 22:46:49.600,2.08371,2.08444,1.00,1.00
2015.11.30 22:46:50.118,2.08372,2.08444,1.00,1.00
2015.11.30 22:46:50.658,2.08373,2.08444,1.00,1.00
2015.11.30 22:46:51.504,2.08372,2.08444,1.00,1.00
2015.11.30 22:46:51.606,2.08369,2.08443,1.00,1.00
2015.11.30 22:46:51.807,2.08372,2.08448,1.00,1.50
2015.11.30 22:46:51.908,2.08374,2.08448,1.00,1.00
2015.11.30 22:46:52.010,2.08372,2.08448,1.00,1.00
2015.11.30 22:46:54.009,2.08372,2.08448,1.00,1.37
2015.11.30 22:46:54.509,2.0837,2.08445,1.00,1.00
2015.11.30 22:46:54.610,2.0837,2.08447,1.00,1.87
2015.11.30 22:46:54.912,2.08373,2.08447,1.00,1.12
2015.11.30 22:46:55.013,2.0837,2.08447,1.50,1.12
2015.11.30 22:46:55.864,2.08373,2.08448,1.00,1.37
2015.11.30 22:46:57.013,2.08373,2.08449,1.00,1.87
2015.11.30 22:46:57.165,2.08369,2.08445,1.50,1.00
2015.11.30 22:46:57.818,2.0837,2.08445,1.00,1.00
2015.11.30 22:46:58.419,2.08369,2.08445,1.50,1.00
2015.11.30 22:46:59.021,2.08371,2.08446,1.00,1.00
2015.11.30 22:46:59.330,2.08376,2.08446,1.00,1.00
2015.11.30 22:46:59.431,2.08371,2.08446,1.00,1.00
2015.11.30 22:46:59.532,2.08375,2.08446,1.00,1.00
2015.11.30 22:46:59.634,2.08371,2.08446,1.00,1.00
2015.11.30 22:46:59.936,2.0837,2.08442,1.00,1.00
2015.11.30 22:47:00.219,2.08367,2.08442,1.50,1.00
2015.11.30 22:47:00.419,2.0837,2.08442,1.00,1.00
2015.11.30 22:47:00.968,2.08369,2.08442,1.00,1.00
2015.11.30 22:47:01.018,2.0837,2.08447,1.00,1.12
2015.11.30 22:47:01.119,2.08371,2.08447,1.37,1.00
2015.11.30 22:47:01.371,2.08383,2.08453,1.00,1.00
2015.11.30 22:47:01.908,2.08382,2.08453,1.00,1.00
2015.11.30 22:47:07.843,2.08385,2.08453,1.00,1.00
2015.11.30 22:47:09.945,2.08382,2.08453,1.00,1.00
2015.11.30 22:47:17.724,2.08383,2.08453,1.00,1.00
2015.11.30 22:47:19.819,2.08381,2.08453,1.00,1.00
2015.11.30 22:47:21.372,2.08384,2.08453,1.00,1.00
2015.11.30 22:47:24.569,2.08384,2.08457,1.00,1.50
2015.11.30 22:47:26.265,2.08384,2.08456,1.00,1.00
2015.11.30 22:47:26.767,2.08382,2.08457,1.00,1.50
2015.11.30 22:47:27.768,2.08382,2.08454,1.00,1.00
2015.11.30 22:47:28.604,2.08382,2.08453,1.00,1.00
2015.11.30 22:47:28.705,2.08382,2.08458,1.00,1.52
2015.11.30 22:47:28.756,2.08377,2.08452,1.00,1.00
2015.11.30 22:47:30.816,2.0838,2.08454,1.00,1.50
2015.11.30 22:47:31.087,2.08383,2.08458,1.00,1.50
2015.11.30 22:47:31.913,2.08383,2.08457,1.00,1.00
2015.11.30 22:47:32.644,2.08383,2.08458,1.00,1.00
2015.11.30 22:47:33.172,2.08383,2.08459,1.00,1.00
2015.11.30 22:47:34.021,2.08383,2.08457,1.00,1.00
2015.11.30 22:47:35.082,2.08383,2.08458,1.00,1.00
2015.11.30 22:47:35.883,2.08383,2.08457,1.00,1.00
2015.11.30 22:47:39.435,2.08383,2.08456,1.00,1.00
2015.11.30 22:47:40.187,2.08383,2.08457,1.00,1.50
2015.11.30 22:47:43.632,2.08385,2.08457,1.00,1.00
2015.11.30 22:47:44.048,2.08383,2.08457,1.12,1.50
2015.11.30 22:47:44.150,2.08386,2.08457,1.00,1.00
2015.11.30 22:47:44.653,2.08386,2.08458,1.00,1.00
2015.11.30 22:47:46.300,2.08386,2.08457,1.00,1.00
2015.11.30 22:47:46.604,2.08386,2.08453,1.00,1.00
2015.11.30 22:47:46.705,2.08386,2.0846,1.00,2.25
2015.11.30 22:47:46.806,2.08386,2.08453,1.00,1.00
2015.11.30 22:47:48.705,2.08386,2.08459,1.00,1.15
2015.11.30 22:47:48.806,2.08386,2.08453,1.00,1.00
2015.11.30 22:47:49.921,2.08386,2.08457,1.00,1.00
2015.11.30 22:47:50.426,2.08386,2.08458,1.00,1.00
2015.11.30 22:47:50.927,2.08386,2.08457,1.00,1.00
2015.11.30 22:47:51.461,2.08386,2.08458,1.00,1.00
2015.11.30 22:47:51.511,2.08386,2.08455,1.00,1.00
2015.11.30 22:47:51.612,2.08386,2.08458,1.00,1.00
2015.11.30 22:47:52.131,2.08386,2.08459,1.00,1.00
2015.11.30 22:47:52.795,2.08386,2.08458,1.00,1.00
2015.11.30 22:47:53.497,2.08386,2.08459,1.00,1.00
2015.11.30 22:47:54.012,2.08386,2.0846,1.00,1.00
2015.11.30 22:47:54.063,2.08386,2.08454,1.00,1.00
2015.11.30 22:47:54.164,2.08386,2.0846,1.00,1.00
2015.11.30 22:47:54.838,2.08386,2.08457,1.00,1.00
2015.11.30 22:47:55.517,2.08386,2.08456,1.00,1.00
2015.11.30 22:47:56.025,2.08386,2.0846,1.00,1.50
2015.11.30 22:47:56.976,2.08386,2.08459,1.00,1.00
2015.11.30 22:47:57.621,2.08386,2.0846,1.00,1.00
2015.11.30 22:47:57.779,2.08386,2.08456,1.00,1.00
2015.11.30 22:47:57.831,2.08386,2.0846,1.00,1.00
2015.11.30 22:47:59.732,2.08386,2.08454,1.00,1.00
2015.11.30 22:47:59.833,2.08386,2.08457,1.00,1.00
2015.11.30 22:48:00.470,2.08386,2.08458,1.00,1.00
2015.11.30 22:48:00.978,2.08386,2.08459,1.00,1.50
2015.11.30 22:48:01.628,2.08386,2.08458,1.00,1.00
2015.11.30 22:48:02.830,2.08386,2.08459,1.00,1.50
2015.11.30 22:48:03.390,2.08386,2.08458,1.00,1.00
2015.11.30 22:48:04.579,2.08385,2.08458,1.00,1.00
2015.11.30 22:48:05.037,2.08385,2.08456,1.00,1.00
2015.11.30 22:48:05.634,2.08385,2.08457,1.00,1.00
2015.11.30 22:48:06.581,2.08383,2.08457,1.00,1.00
2015.11.30 22:48:07.141,2.08383,2.08456,1.00,1.00
2015.11.30 22:48:07.724,2.08383,2.08457,1.00,1.00
2015.11.30 22:48:08.246,2.08383,2.08456,1.00,1.00
2015.11.30 22:48:08.525,2.08383,2.0846,1.00,1.50
2015.11.30 22:48:11.306,2.08384,2.08459,1.00,1.00
2015.11.30 22:48:16.604,2.08383,2.0846,1.00,1.00
2015.11.30 22:48:18.692,2.08385,2.08461,1.00,1.12
2015.11.30 22:48:20.489,2.08385,2.0846,1.50,1.00
2015.11.30 22:48:22.167,2.08385,2.08461,1.00,1.87
2015.11.30 22:48:22.645,2.08387,2.0846,1.00,1.00
2015.11.30 22:48:24.170,2.08387,2.08459,1.00,1.00
2015.11.30 22:48:26.274,2.08385,2.08459,1.00,1.00
2015.11.30 22:48:26.627,2.08389,2.0846,1.00,1.00
2015.11.30 22:48:27.477,2.08389,2.08463,1.00,2.62
2015.11.30 22:48:28.479,2.08389,2.08461,1.00,1.00
2015.11.30 22:48:30.431,2.0839,2.08461,1.00,1.00
2015.11.30 22:48:30.968,2.0839,2.0846,1.00,1.00
2015.11.30 22:48:31.484,2.0839,2.08461,1.00,1.00
2015.11.30 22:48:31.616,2.0839,2.08463,1.00,1.00
2015.11.30 22:48:33.076,2.08391,2.08463,1.00,1.50
2015.11.30 22:48:33.127,2.08391,2.08461,1.00,1.00
2015.11.30 22:48:34.223,2.08391,2.08462,1.00,1.00
2015.11.30 22:48:35.019,2.08391,2.08461,1.00,1.00
2015.11.30 22:48:35.121,2.0839,2.08463,1.00,1.50
2015.11.30 22:48:35.718,2.0839,2.08462,1.00,1.00
2015.11.30 22:48:36.230,2.0839,2.08463,1.00,1.00
2015.11.30 22:48:36.529,2.0839,2.0846,1.00,1.00
2015.11.30 22:48:36.834,2.0839,2.08458,1.00,1.00
2015.11.30 22:48:38.229,2.0839,2.08457,1.00,1.00
2015.11.30 22:48:40.196,2.0839,2.08458,1.00,1.00
2015.11.30 22:48:40.716,2.0839,2.08457,1.00,1.00
2015.11.30 22:48:41.116,2.08388,2.08457,1.00,1.00
2015.11.30 22:48:42.095,2.08388,2.08458,1.00,1.00
2015.11.30 22:48:42.807,2.08388,2.08457,1.00,1.00
2015.11.30 22:48:43.355,2.08388,2.08458,1.00,1.00
2015.11.30 22:48:44.559,2.08388,2.08457,1.00,1.00
2015.11.30 22:48:45.061,2.08387,2.08457,1.00,1.00
2015.11.30 22:48:45.573,2.08387,2.08458,1.00,1.00
2015.11.30 22:48:46.182,2.08387,2.08457,1.00,1.00
2015.11.30 22:48:46.714,2.08387,2.08458,1.00,1.00
2015.11.30 22:48:47.717,2.08387,2.08457,1.00,1.00
2015.11.30 22:48:48.221,2.08386,2.08457,1.00,1.00
2015.11.30 22:48:48.922,2.08386,2.08458,1.00,1.00
2015.11.30 22:48:49.483,2.08386,2.08457,1.00,1.00
2015.11.30 22:48:51.024,2.08386,2.08458,1.00,1.00
2015.11.30 22:48:51.337,2.08387,2.08452,1.00,1.00
2015.11.30 22:48:51.640,2.08387,2.0845,1.00,1.00
2015.11.30 22:48:52.449,2.08387,2.08449,1.00,1.00
2015.11.30 22:48:53.473,2.08387,2.0845,1.00,1.00
2015.11.30 22:48:53.977,2.08387,2.08449,1.00,1.00
2015.11.30 22:48:54.078,2.08391,2.0846,1.00,1.00
2015.11.30 22:48:54.766,2.0839,2.08461,1.00,1.00
2015.11.30 22:48:55.426,2.08391,2.0846,1.00,1.00
2015.11.30 22:48:56.242,2.08387,2.08456,1.00,1.00
2015.11.30 22:48:56.790,2.08386,2.08457,1.50,1.00
2015.11.30 22:48:57.124,2.08389,2.08459,1.00,1.00
2015.11.30 22:48:57.641,2.0839,2.08459,1.00,1.50
2015.11.30 22:48:58.145,2.08389,2.0846,1.00,1.00
2015.11.30 22:48:58.481,2.08389,2.08458,1.00,1.00
2015.11.30 22:48:58.531,2.08389,2.0846,1.00,1.00
2015.11.30 22:48:59.538,2.08389,2.08459,1.00,1.00
2015.11.30 22:49:00.649,2.0839,2.08459,1.00,1.50
2015.11.30 22:49:01.399,2.08389,2.08459,1.00,1.00
2015.11.30 22:49:02.062,2.0839,2.08459,1.50,1.00
2015.11.30 22:49:02.113,2.08392,2.08459,1.00,1.00
2015.11.30 22:49:02.164,2.08393,2.08463,1.50,1.15
2015.11.30 22:49:02.265,2.08396,2.08462,1.00,1.00
2015.11.30 22:49:02.366,2.08398,2.08465,1.00,1.00
2015.11.30 22:49:02.467,2.08397,2.08461,1.00,1.00
2015.11.30 22:49:02.569,2.08397,2.08465,1.00,1.20
2015.11.30 22:49:02.737,2.08397,2.08461,1.00,1.00
2015.11.30 22:49:03.501,2.08398,2.08461,1.00,1.00
2015.11.30 22:49:04.061,2.08397,2.08461,1.00,1.00
2015.11.30 22:49:04.340,2.08397,2.08465,1.00,1.20
2015.11.30 22:49:04.442,2.08397,2.08462,1.50,1.00
2015.11.30 22:49:04.758,2.084,2.08462,1.00,1.00
2015.11.30 22:49:05.647,2.084,2.08461,1.00,1.00
2015.11.30 22:49:05.867,2.08395,2.08461,1.00,1.00
2015.11.30 22:49:06.416,2.08394,2.08461,1.00,1.00
2015.11.30 22:49:06.888,2.08392,2.08461,1.00,1.50
2015.11.30 22:49:07.414,2.08391,2.08461,1.50,1.00
2015.11.30 22:49:07.465,2.08391,2.08457,1.00,1.00
2015.11.30 22:49:07.516,2.08386,2.08457,1.00,1.00
2015.11.30 22:49:08.027,2.08386,2.08458,1.00,1.00
2015.11.30 22:49:09.653,2.08386,2.08463,1.50,1.50
2015.11.30 22:49:09.723,2.08386,2.08463,1.50,1.87
2015.11.30 22:49:10.045,2.0839,2.0845,1.00,1.00
2015.11.30 22:49:10.323,2.08384,2.0845,1.00,1.00
2015.11.30 22:49:10.992,2.08385,2.0845,1.00,1.00
2015.11.30 22:49:11.703,2.08385,2.08454,1.00,1.00
2015.11.30 22:49:12.312,2.08384,2.08455,1.00,1.00
2015.11.30 22:49:12.413,2.08386,2.08455,1.00,1.00
2015.11.30 22:49:12.817,2.08383,2.08451,1.00,1.00
2015.11.30 22:49:13.287,2.08383,2.08448,1.00,1.00
2015.11.30 22:49:13.388,2.08384,2.08453,1.00,1.00
2015.11.30 22:49:13.590,2.08383,2.08451,1.50,1.00
2015.11.30 22:49:13.691,2.08385,2.08457,1.00,1.50
2015.11.30 22:49:13.963,2.08386,2.08454,1.00,1.00
2015.11.30 22:49:14.114,2.08383,2.08457,1.00,1.00
2015.11.30 22:49:14.165,2.08383,2.08455,1.00,1.00
2015.11.30 22:49:15.601,2.08384,2.08452,1.00,1.00
2015.11.30 22:49:15.904,2.08383,2.08446,1.00,1.00
2015.11.30 22:49:16.005,2.08383,2.08448,1.00,1.00
2015.11.30 22:49:16.105,2.08383,2.08457,1.00,1.50
2015.11.30 22:49:16.206,2.08383,2.08453,1.00,1.00
2015.11.30 22:49:16.605,2.08383,2.08457,1.00,1.50
2015.11.30 22:49:16.706,2.08383,2.08452,1.00,1.00
2015.11.30 22:49:16.808,2.08384,2.08455,1.00,1.50
2015.11.30 22:49:16.909,2.08383,2.08452,1.00,1.00
2015.11.30 22:49:17.212,2.08379,2.08449,1.00,1.00
2015.11.30 22:49:17.313,2.08376,2.08448,1.50,1.00
2015.11.30 22:49:17.414,2.08376,2.08452,1.50,1.00
2015.11.30 22:49:18.210,2.08376,2.08452,1.37,1.00
2015.11.30 22:49:19.294,2.08374,2.08447,1.37,1.00
2015.11.30 22:49:19.395,2.08372,2.08447,1.00,1.12
2015.11.30 22:49:19.546,2.08375,2.08447,1.00,1.12
2015.11.30 22:49:19.647,2.08373,2.08447,1.00,1.12
2015.11.30 22:49:19.748,2.08371,2.08447,1.00,1.12
2015.11.30 22:49:21.721,2.08373,2.08447,1.00,1.12
2015.11.30 22:49:22.023,2.08371,2.08447,1.00,1.37
2015.11.30 22:49:23.585,2.08371,2.08439,1.00,1.00
2015.11.30 22:49:23.887,2.08371,2.08437,1.00,1.00
2015.11.30 22:49:24.531,2.08371,2.08436,1.00,1.00
2015.11.30 22:49:24.683,2.08362,2.08435,1.12,1.00
2015.11.30 22:49:24.834,2.08362,2.08433,1.00,1.00
2015.11.30 22:49:24.885,2.08357,2.08432,1.50,1.00
2015.11.30 22:49:26.886,2.08362,2.08432,1.00,1.00
2015.11.30 22:49:28.839,2.08365,2.08433,1.00,1.00
2015.11.30 22:49:29.479,2.08365,2.08432,1.00,1.00
2015.11.30 22:49:29.830,2.08377,2.08433,1.00,1.00
2015.11.30 22:49:29.982,2.08384,2.08451,1.00,1.00
2015.11.30 22:49:30.110,2.08384,2.08457,1.00,1.52
2015.11.30 22:49:30.211,2.08384,2.08451,1.20,1.00
2015.11.30 22:49:30.312,2.08379,2.0845,1.00,1.00
2015.11.30 22:49:30.413,2.08378,2.08445,1.00,1.00
2015.11.30 22:49:30.464,2.08375,2.08445,1.00,1.00
2015.11.30 22:49:30.516,2.0837,2.08442,1.12,1.00
2015.11.30 22:49:30.718,2.0837,2.0844,1.12,1.00
2015.11.30 22:49:30.819,2.0837,2.08444,1.12,1.50
2015.11.30 22:49:30.970,2.0837,2.08438,1.12,1.00
2015.11.30 22:49:31.071,2.0837,2.08441,1.12,1.00
2015.11.30 22:49:31.273,2.08363,2.08438,1.37,1.00
2015.11.30 22:49:31.790,2.08363,2.08437,1.37,1.00
2015.11.30 22:49:31.841,2.08363,2.08439,1.37,1.00
2015.11.30 22:49:32.048,2.0837,2.08441,1.00,1.00
2015.11.30 22:49:32.351,2.0837,2.08435,1.00,1.00
2015.11.30 22:49:32.452,2.08371,2.08438,1.00,1.00
2015.11.30 22:49:32.553,2.08369,2.08438,1.00,1.00
2015.11.30 22:49:33.161,2.08369,2.08439,1.00,1.00
2015.11.30 22:49:33.771,2.08369,2.08438,1.00,1.00
2015.11.30 22:49:34.459,2.08369,2.08439,1.00,1.00
2015.11.30 22:49:35.004,2.08369,2.0844,1.00,1.00
2015.11.30 22:49:35.752,2.08369,2.08441,1.00,1.00
2015.11.30 22:49:36.285,2.08369,2.0844,1.00,1.00
2015.11.30 22:49:36.588,2.08372,2.0844,1.00,1.00
2015.11.30 22:49:37.117,2.08372,2.08441,1.00,1.00
2015.11.30 22:49:38.701,2.08372,2.0844,1.00,1.00
2015.11.30 22:49:39.221,2.08372,2.08441,1.00,1.00
2015.11.30 22:49:40.474,2.08372,2.0844,1.00,1.00
2015.11.30 22:49:40.806,2.08377,2.08448,1.37,1.50
2015.11.30 22:49:40.907,2.08377,2.08451,1.37,1.00
2015.11.30 22:49:40.958,2.08383,2.08457,1.00,1.00
2015.11.30 22:49:42.045,2.08383,2.08455,1.00,1.00
2015.11.30 22:49:42.394,2.08383,2.08449,1.00,1.00
2015.11.30 22:49:42.724,2.08383,2.08446,1.00,1.00
2015.11.30 22:49:42.933,2.08375,2.08447,1.00,1.00
2015.11.30 22:49:43.434,2.08375,2.08446,1.00,1.00
2015.11.30 22:49:44.491,2.08375,2.08443,1.00,1.00
2015.11.30 22:49:44.894,2.08373,2.08442,1.00,1.00
2015.11.30 22:49:45.413,2.08373,2.08443,1.00,1.00
2015.11.30 22:49:46.689,2.08373,2.08442,1.12,1.00
2015.11.30 22:49:47.695,2.08373,2.08443,1.12,1.00
2015.11.30 22:49:48.898,2.08373,2.08442,1.00,1.00
2015.11.30 22:49:49.700,2.08373,2.08443,1.00,1.00
2015.11.30 22:49:50.846,2.08376,2.08443,1.00,1.00
2015.11.30 22:49:51.735,2.08376,2.08442,1.00,1.00
2015.11.30 22:49:52.294,2.08376,2.08443,1.00,1.00
2015.11.30 22:49:52.949,2.08376,2.08442,1.00,1.00
2015.11.30 22:49:53.152,2.08376,2.08446,1.00,1.50
2015.11.30 22:49:53.253,2.08376,2.08442,1.00,1.00
2015.11.30 22:49:53.405,2.08376,2.08446,1.00,1.50
2015.11.30 22:49:53.506,2.08379,2.08449,1.00,1.00
2015.11.30 22:49:53.811,2.08379,2.08443,1.00,1.00
2015.11.30 22:49:54.114,2.08379,2.08446,1.00,1.00
2015.11.30 22:49:54.793,2.08371,2.08446,1.37,1.00
2015.11.30 22:49:54.844,2.08371,2.08444,1.37,1.00
2015.11.30 22:49:55.146,2.08371,2.08441,1.00,1.00
2015.11.30 22:49:55.924,2.08371,2.08442,1.00,1.00
2015.11.30 22:49:56.429,2.08371,2.08441,1.00,1.00
2015.11.30 22:49:56.964,2.08371,2.08442,1.00,1.00
2015.11.30 22:49:57.576,2.08373,2.08442,1.00,1.00
2015.11.30 22:49:58.116,2.08373,2.08441,1.00,1.00
2015.11.30 22:49:58.441,2.08373,2.08438,1.00,1.00
2015.11.30 22:49:58.542,2.08373,2.08441,1.00,1.00
2015.11.30 22:49:59.174,2.08373,2.08442,1.00,1.00
2015.11.30 22:49:59.886,2.08373,2.08441,1.00,1.00
2015.11.30 22:50:00.738,2.08373,2.08442,1.00,1.00
2015.11.30 22:50:01.279,2.08373,2.08441,1.00,1.00
2015.11.30 22:50:02.545,2.08373,2.08442,1.00,1.00
2015.11.30 22:50:04.268,2.08373,2.08441,1.00,1.00
2015.11.30 22:50:04.801,2.08373,2.08442,1.00,1.00
2015.11.30 22:50:04.901,2.08373,2.08444,1.00,1.00
2015.11.30 22:50:05.501,2.08373,2.08443,1.00,1.00
2015.11.30 22:50:06.690,2.08373,2.08444,1.00,1.00
2015.11.30 22:50:07.208,2.08372,2.08444,1.00,1.00
2015.11.30 22:50:07.811,2.08372,2.08443,1.00,1.00
2015.11.30 22:50:08.761,2.08372,2.08444,1.00,1.00
2015.11.30 22:50:09.215,2.08374,2.08444,1.00,1.00
2015.11.30 22:50:09.791,2.08374,2.08443,1.00,1.00
2015.11.30 22:50:10.876,2.08374,2.08444,1.00,1.00
2015.11.30 22:50:11.104,2.08372,2.08444,1.00,1.00
2015.11.30 22:50:11.808,2.08372,2.08445,1.00,1.00
2015.11.30 22:50:12.322,2.08372,2.08444,1.00,1.00
2015.11.30 22:50:12.569,2.08372,2.08441,1.00,1.00
2015.11.30 22:50:12.670,2.08372,2.08443,1.00,1.00
2015.11.30 22:50:13.067,2.08372,2.08447,1.00,1.00
2015.11.30 22:50:13.168,2.08372,2.08443,1.00,1.00
2015.11.30 22:50:13.718,2.08372,2.08444,1.00,1.00
2015.11.30 22:50:14.386,2.08372,2.08443,1.00,1.00
2015.11.30 22:50:14.991,2.08372,2.08444,1.00,1.50
2015.11.30 22:50:15.193,2.08372,2.08446,1.00,1.00
2015.11.30 22:50:15.293,2.08378,2.08446,1.00,1.00
2015.11.30 22:50:15.454,2.08378,2.08451,1.00,1.00
2015.11.30 22:50:17.411,2.08378,2.0845,1.00,1.00
2015.11.30 22:50:17.512,2.08378,2.08447,1.00,1.00
2015.11.30 22:50:18.080,2.08379,2.08448,1.00,1.00
2015.11.30 22:50:18.631,2.08379,2.08451,1.00,1.00
2015.11.30 22:50:19.034,2.08379,2.08447,1.00,1.00
2015.11.30 22:50:19.202,2.08379,2.0845,1.00,1.00
2015.11.30 22:50:19.519,2.08379,2.08453,1.00,1.00
2015.11.30 22:50:19.620,2.08379,2.0845,1.00,1.00
2015.11.30 22:50:20.258,2.08379,2.08451,1.00,1.00
2015.11.30 22:50:20.914,2.08379,2.0845,1.00,1.00
2015.11.30 22:50:21.254,2.08382,2.0845,1.00,1.00
2015.11.30 22:50:21.772,2.08382,2.08451,1.00,1.00
2015.11.30 22:50:23.247,2.08382,2.08452,1.00,1.00
2015.11.30 22:50:23.441,2.0838,2.08451,1.12,1.00
2015.11.30 22:50:23.744,2.08379,2.08453,1.00,1.00
2015.11.30 22:50:24.832,2.08379,2.08449,1.00,1.00
2015.11.30 22:50:25.138,2.08382,2.08445,1.00,1.00
2015.11.30 22:50:25.189,2.08376,2.08445,1.00,1.00
2015.11.30 22:50:25.748,2.08376,2.08446,1.00,1.00
2015.11.30 22:50:26.328,2.08376,2.08445,1.00,1.00
2015.11.30 22:50:26.956,2.08376,2.08446,1.12,1.00
2015.11.30 22:50:27.057,2.08376,2.08452,1.12,1.50
2015.11.30 22:50:27.170,2.08379,2.08451,1.00,1.00
2015.11.30 22:50:27.728,2.08379,2.08452,1.00,1.00
2015.11.30 22:50:28.181,2.08379,2.08449,1.00,1.00
2015.11.30 22:50:28.483,2.08379,2.08447,1.00,1.00
2015.11.30 22:50:29.042,2.08379,2.08446,1.00,1.00
2015.11.30 22:50:29.547,2.08379,2.08444,1.00,1.00
2015.11.30 22:50:30.052,2.08379,2.08445,1.00,1.00
2015.11.30 22:50:30.527,2.08377,2.08445,1.00,1.00
2015.11.30 22:50:31.554,2.08377,2.08444,1.00,1.00
2015.11.30 22:50:31.756,2.08377,2.08442,1.00,1.50
2015.11.30 22:50:32.059,2.08377,2.08439,1.00,1.00
2015.11.30 22:50:32.261,2.08377,2.08441,1.00,1.00
2015.11.30 22:50:32.377,2.08377,2.08438,1.00,1.00
2015.11.30 22:50:32.427,2.08377,2.08441,1.00,1.00
2015.11.30 22:50:32.528,2.08372,2.08441,1.00,1.00
2015.11.30 22:50:32.629,2.08372,2.08446,1.00,1.00
2015.11.30 22:50:32.781,2.08372,2.08443,1.00,1.00
2015.11.30 22:50:33.318,2.08372,2.08442,1.00,1.00
2015.11.30 22:50:33.651,2.08372,2.0844,1.00,1.00
2015.11.30 22:50:34.564,2.08372,2.08443,1.00,1.50
2015.11.30 22:50:34.665,2.0837,2.08439,1.00,1.00
2015.11.30 22:50:34.967,2.08367,2.08435,1.37,1.00
2015.11.30 22:50:35.516,2.08367,2.08436,1.00,1.00
2015.11.30 22:50:36.019,2.08367,2.08435,1.00,1.00
2015.11.30 22:50:36.675,2.08367,2.08436,1.00,1.00
2015.11.30 22:50:37.220,2.08367,2.08435,1.00,1.00
2015.11.30 22:50:38.779,2.08367,2.08436,1.00,1.00
2015.11.30 22:50:38.981,2.0837,2.0844,1.00,1.00
2015.11.30 22:50:39.696,2.0837,2.08439,1.00,1.00
2015.11.30 22:50:40.475,2.0837,2.0844,1.00,1.00
2015.11.30 22:50:40.981,2.0837,2.08439,1.00,1.00
2015.11.30 22:50:41.531,2.08371,2.08439,1.00,1.00
2015.11.30 22:50:42.116,2.08371,2.0844,1.00,1.00
2015.11.30 22:50:42.733,2.08371,2.08439,1.00,1.00
2015.11.30 22:50:42.986,2.08371,2.08441,1.00,1.00
2015.11.30 22:50:43.887,2.08371,2.0844,1.00,1.00
2015.11.30 22:50:44.089,2.08369,2.08441,1.12,1.00
2015.11.30 22:50:46.164,2.0837,2.08441,1.00,1.00
2015.11.30 22:50:46.700,2.0837,2.0844,1.00,1.00
2015.11.30 22:50:46.856,2.08375,2.08442,1.00,1.00
2015.11.30 22:50:47.108,2.08375,2.08449,1.00,1.12
2015.11.30 22:50:47.159,2.08372,2.08448,1.00,1.00
2015.11.30 22:50:47.513,2.08372,2.08446,1.00,1.00
2015.11.30 22:50:48.198,2.08372,2.08445,1.00,1.00
2015.11.30 22:50:49.146,2.08372,2.08443,1.00,1.00
2015.11.30 22:50:49.247,2.08369,2.08444,1.00,1.50
2015.11.30 22:50:49.298,2.08369,2.0844,1.00,1.00
2015.11.30 22:50:49.601,2.0837,2.08444,1.00,1.00
2015.11.30 22:50:50.095,2.0837,2.08441,1.00,1.00
2015.11.30 22:50:50.297,2.0837,2.08443,1.00,1.00
2015.11.30 22:50:50.426,2.0837,2.08441,1.00,1.00
2015.11.30 22:50:50.729,2.08365,2.08435,1.00,1.00
2015.11.30 22:50:51.394,2.08365,2.08434,1.00,1.00
2015.11.30 22:50:52.196,2.08365,2.08435,1.00,1.00
2015.11.30 22:50:52.746,2.08366,2.08434,1.00,1.00
2015.11.30 22:50:53.700,2.08366,2.08433,1.00,1.00
2015.11.30 22:50:54.512,2.08366,2.08435,1.00,1.00
2015.11.30 22:50:54.799,2.08363,2.08435,1.00,1.00
2015.11.30 22:50:55.704,2.08363,2.08434,1.00,1.00
2015.11.30 22:50:55.825,2.08366,2.08434,1.00,1.00
2015.11.30 22:50:56.149,2.08369,2.08436,1.00,1.00
2015.11.30 22:50:56.250,2.08369,2.08439,1.00,1.00
2015.11.30 22:50:56.507,2.08369,2.08436,1.00,1.00
2015.11.30 22:50:58.558,2.08369,2.08435,1.00,1.00
2015.11.30 22:50:58.835,2.08369,2.08437,1.00,1.00
2015.11.30 22:51:00.113,2.08369,2.08438,1.00,1.00
2015.11.30 22:51:00.723,2.08369,2.08437,1.00,1.00
2015.11.30 22:51:00.824,2.08367,2.08437,1.00,1.00
2015.11.30 22:51:01.126,2.08367,2.08439,1.00,1.00
2015.11.30 22:51:01.670,2.08367,2.08438,1.00,1.00
2015.11.30 22:51:02.266,2.0837,2.08439,1.00,1.00
2015.11.30 22:51:03.217,2.0837,2.0844,1.00,1.00
2015.11.30 22:51:04.474,2.0837,2.08441,1.00,1.50
2015.11.30 22:51:05.008,2.0837,2.0844,1.00,1.00
2015.11.30 22:51:05.856,2.0837,2.08441,1.00,1.00
2015.11.30 22:51:06.383,2.0837,2.0844,1.00,1.00
2015.11.30 22:51:06.731,2.08372,2.08441,1.00,1.00
2015.11.30 22:51:07.416,2.08372,2.0844,1.00,1.00
2015.11.30 22:51:07.735,2.08372,2.08437,1.00,1.00
2015.11.30 22:51:08.038,2.08379,2.08441,1.00,1.00
2015.11.30 22:51:08.088,2.08371,2.08441,1.00,1.00
2015.11.30 22:51:08.636,2.08371,2.08442,1.00,1.00
2015.11.30 22:51:09.397,2.08371,2.08441,1.00,1.00
2015.11.30 22:51:09.965,2.08371,2.08442,1.00,1.00
2015.11.30 22:51:10.367,2.08369,2.08442,1.00,1.00
2015.11.30 22:51:10.956,2.08369,2.08441,1.00,1.00
2015.11.30 22:51:11.758,2.08369,2.08442,1.00,1.00
2015.11.30 22:51:12.306,2.08369,2.08441,1.00,1.00
2015.11.30 22:51:12.357,2.0837,2.08437,1.00,1.00
2015.11.30 22:51:12.760,2.0837,2.08434,1.00,1.00
2015.11.30 22:51:14.779,2.08366,2.08435,1.00,1.00
2015.11.30 22:51:14.880,2.08366,2.08433,1.00,1.00
2015.11.30 22:51:15.600,2.08366,2.08432,1.00,1.00
2015.11.30 22:51:16.960,2.08366,2.08431,1.00,1.00
2015.11.30 22:51:17.648,2.08367,2.08432,1.00,1.00
2015.11.30 22:51:18.262,2.08367,2.08431,1.00,1.00
2015.11.30 22:51:19.065,2.08367,2.08432,1.00,1.00
2015.11.30 22:51:19.629,2.08367,2.08431,1.00,1.00
2015.11.30 22:51:20.245,2.08367,2.08432,1.00,1.00
2015.11.30 22:51:20.295,2.08364,2.08431,1.00,1.00
2015.11.30 22:51:20.819,2.08364,2.08432,1.00,1.00
2015.11.30 22:51:21.329,2.08364,2.08431,1.00,1.00
2015.11.30 22:51:21.989,2.08364,2.08432,1.00,1.00
2015.11.30 22:51:22.243,2.08367,2.08431,1.00,1.00
2015.11.30 22:51:22.773,2.08367,2.08432,1.00,1.00
2015.11.30 22:51:23.228,2.08367,2.08435,1.37,1.00
2015.11.30 22:51:23.329,2.08367,2.08441,1.37,1.00
2015.11.30 22:51:23.734,2.0837,2.08441,1.00,1.00
2015.11.30 22:51:24.243,2.08371,2.08441,1.00,1.00
2015.11.30 22:51:25.724,2.08371,2.08441,1.37,1.00
2015.11.30 22:51:26.143,2.08377,2.08452,1.00,1.00
2015.11.30 22:51:26.753,2.08377,2.08451,1.00,1.00
2015.11.30 22:51:27.005,2.08377,2.08449,1.00,1.00
2015.11.30 22:51:27.106,2.0837,2.08445,1.50,1.00
2015.11.30 22:51:28.099,2.0837,2.08443,1.00,1.00
2015.11.30 22:51:28.511,2.0837,2.08445,1.00,1.00
2015.11.30 22:51:30.540,2.08372,2.08445,1.00,1.00
2015.11.30 22:51:31.046,2.08372,2.08446,1.00,1.50
2015.11.30 22:51:32.011,2.08372,2.08445,1.00,1.00
2015.11.30 22:51:32.556,2.08372,2.08446,1.00,1.50
2015.11.30 22:51:33.168,2.08372,2.08447,1.00,1.00
2015.11.30 22:51:33.819,2.08372,2.08446,1.00,1.00
2015.11.30 22:51:34.470,2.08372,2.08448,1.00,1.00
2015.11.30 22:51:35.123,2.08373,2.08448,1.00,1.00
2015.11.30 22:51:35.173,2.08373,2.08445,1.00,1.00
2015.11.30 22:51:35.274,2.08373,2.08449,1.00,1.00
2015.11.30 22:51:35.527,2.08374,2.08448,1.37,1.00
2015.11.30 22:51:35.577,2.08378,2.0845,1.12,1.00
2015.11.30 22:51:35.678,2.08381,2.0845,1.00,1.00
2015.11.30 22:51:35.851,2.08374,2.0845,1.37,1.00
2015.11.30 22:51:37.881,2.08379,2.08449,1.00,1.00
2015.11.30 22:51:38.386,2.08376,2.0845,1.37,1.50
2015.11.30 22:51:38.537,2.08373,2.08448,1.37,1.00
2015.11.30 22:51:39.537,2.08378,2.0845,1.12,1.00
2015.11.30 22:51:40.322,2.08378,2.08449,1.00,1.00
2015.11.30 22:51:40.423,2.08378,2.08453,1.00,1.00
2015.11.30 22:51:40.939,2.08378,2.08454,1.00,1.00
2015.11.30 22:51:41.754,2.08378,2.08451,1.00,1.37
2015.11.30 22:51:41.956,2.08372,2.08448,1.00,1.00
2015.11.30 22:51:43.857,2.08372,2.08449,1.00,1.50
2015.11.30 22:51:44.108,2.08372,2.08445,1.00,1.00
2015.11.30 22:51:44.539,2.08372,2.08442,1.00,1.00
2015.11.30 22:51:45.075,2.08372,2.08441,1.00,1.00
2015.11.30 22:51:45.630,2.08372,2.08442,1.00,1.00
2015.11.30 22:51:46.137,2.08372,2.08443,1.00,1.00
2015.11.30 22:51:46.638,2.08372,2.08446,1.00,1.00
2015.11.30 22:51:48.843,2.08372,2.08444,1.00,1.00
2015.11.30 22:51:50.647,2.08372,2.08443,1.00,1.00
2015.11.30 22:51:51.086,2.08372,2.08446,1.00,1.00
2015.11.30 22:51:53.204,2.08372,2.08444,1.00,1.00
2015.11.30 22:51:53.714,2.08372,2.08443,1.00,1.00
2015.11.30 22:51:53.764,2.08372,2.08446,1.00,1.00
2015.11.30 22:51:54.821,2.08375,2.08446,1.00,1.00
2015.11.30 22:51:54.973,2.08375,2.08449,1.00,1.00
2015.11.30 22:51:55.074,2.08375,2.08451,1.00,1.50
2015.11.30 22:51:56.380,2.08375,2.0845,1.00,1.00
2015.11.30 22:51:56.484,2.08375,2.08448,1.00,1.00
2015.11.30 22:51:57.274,2.08375,2.0845,1.00,1.00
2015.11.30 22:51:57.883,2.08372,2.08449,1.50,1.00
2015.11.30 22:51:59.781,2.08372,2.08447,1.00,1.00
2015.11.30 22:51:59.982,2.08373,2.08449,1.00,1.00
2015.11.30 22:52:00.491,2.08372,2.08449,1.50,1.00
2015.11.30 22:52:01.041,2.08373,2.08449,1.00,1.00
2015.11.30 22:52:01.590,2.08372,2.08449,1.50,1.00
2015.11.30 22:52:02.140,2.08373,2.08449,1.00,1.00
2015.11.30 22:52:03.637,2.08374,2.08449,1.00,1.00
2015.11.30 22:52:03.943,2.08372,2.08449,1.00,1.00
2015.11.30 22:52:04.621,2.08373,2.08449,1.00,1.00
2015.11.30 22:52:06.247,2.08377,2.08447,1.00,1.00
2015.11.30 22:52:06.554,2.08377,2.08451,1.00,1.00
2015.11.30 22:52:07.057,2.08377,2.08452,1.00,1.50
2015.11.30 22:52:08.913,2.08375,2.08449,1.00,1.00
2015.11.30 22:52:09.263,2.08375,2.08447,1.00,1.00
2015.11.30 22:52:10.942,2.08375,2.08445,1.00,1.00
2015.11.30 22:52:11.179,2.08372,2.08443,1.00,1.00
2015.11.30 22:52:11.230,2.08365,2.0844,1.37,1.00
2015.11.30 22:52:11.333,2.08365,2.08441,1.37,1.00
2015.11.30 22:52:11.457,2.08374,2.08449,1.00,1.50
2015.11.30 22:52:11.509,2.08374,2.08447,1.00,1.00
2015.11.30 22:52:11.707,2.08374,2.08449,1.00,1.00
2015.11.30 22:52:13.374,2.08374,2.08447,1.00,1.00
2015.11.30 22:52:13.525,2.08372,2.08446,1.00,1.00
2015.11.30 22:52:13.576,2.08372,2.08442,1.00,1.00
2015.11.30 22:52:14.079,2.08372,2.08443,1.00,1.00
2015.11.30 22:52:14.628,2.08372,2.08442,1.12,1.00
2015.11.30 22:52:15.138,2.08372,2.08443,1.12,1.00
2015.11.30 22:52:15.565,2.08372,2.08439,1.12,1.00
2015.11.30 22:52:15.666,2.08372,2.08444,1.12,1.00
2015.11.30 22:52:15.767,2.08372,2.08446,1.12,1.00
2015.11.30 22:52:15.818,2.08372,2.08442,1.00,1.00
2015.11.30 22:52:15.919,2.08372,2.08448,1.00,1.00
2015.11.30 22:52:16.717,2.08372,2.08444,1.00,1.00
2015.11.30 22:52:17.053,2.08372,2.08441,1.00,1.00
2015.11.30 22:52:17.569,2.08372,2.08439,1.00,1.00
2015.11.30 22:52:17.670,2.08372,2.08442,1.00,1.00
2015.11.30 22:52:17.771,2.08372,2.08439,1.00,1.00
2015.11.30 22:52:17.973,2.08372,2.08446,1.00,1.00
2015.11.30 22:52:18.024,2.08372,2.08444,1.00,1.00
2015.11.30 22:52:18.276,2.08372,2.08448,1.00,1.00
2015.11.30 22:52:18.751,2.08372,2.08445,1.00,1.00
2015.11.30 22:52:19.053,2.08372,2.08442,1.00,1.00
2015.11.30 22:52:19.953,2.08372,2.08443,1.00,1.00
2015.11.30 22:52:20.875,2.08371,2.08442,1.00,1.00
2015.11.30 22:52:21.181,2.08376,2.08443,1.00,1.00
2015.11.30 22:52:21.231,2.08369,2.08443,1.00,1.50
2015.11.30 22:52:22.359,2.08369,2.08444,1.37,1.00
2015.11.30 22:52:22.561,2.08371,2.08447,1.37,1.50
2015.11.30 22:52:22.662,2.08371,2.08444,1.37,1.00
2015.11.30 22:52:23.016,2.08375,2.08448,1.00,1.00
2015.11.30 22:52:23.067,2.08375,2.08451,1.00,1.00
2015.11.30 22:52:23.168,2.08375,2.08448,1.00,1.00
2015.11.30 22:52:23.279,2.08375,2.08451,1.00,1.00
2015.11.30 22:52:23.543,2.08375,2.08447,1.00,1.00
2015.11.30 22:52:23.845,2.08371,2.08444,1.37,1.00
2015.11.30 22:52:24.151,2.08371,2.08442,1.00,1.00
2015.11.30 22:52:24.711,2.08371,2.08441,1.00,1.00
2015.11.30 22:52:25.969,2.08371,2.08442,1.00,1.00
2015.11.30 22:52:26.070,2.08371,2.08444,1.00,1.50
2015.11.30 22:52:26.174,2.08371,2.08441,1.12,1.00
2015.11.30 22:52:26.385,2.08371,2.08446,1.37,1.00
2015.11.30 22:52:26.890,2.08371,2.08447,1.00,1.00
2015.11.30 22:52:27.142,2.08371,2.08445,1.00,1.00
2015.11.30 22:52:27.445,2.08371,2.08437,1.00,1.00
2015.11.30 22:52:27.697,2.08366,2.08435,1.00,1.00
2015.11.30 22:52:28.077,2.08366,2.08438,1.12,1.00
2015.11.30 22:52:28.200,2.08363,2.08438,1.00,1.50
2015.11.30 22:52:28.301,2.08363,2.08435,1.00,1.00
2015.11.30 22:52:28.579,2.08366,2.08439,1.00,1.50
2015.11.30 22:52:28.680,2.08366,2.08436,1.00,1.00
2015.11.30 22:52:28.781,2.08366,2.08438,1.00,1.00
2015.11.30 22:52:29.281,2.08366,2.08436,1.00,1.00
2015.11.30 22:52:29.593,2.08366,2.08433,1.00,1.00
2015.11.30 22:52:30.084,2.08366,2.08431,1.00,1.00
2015.11.30 22:52:30.992,2.08365,2.08431,1.12,1.00
2015.11.30 22:52:31.396,2.08365,2.08429,1.12,1.00
2015.11.30 22:52:31.901,2.08365,2.0843,1.12,1.00
2015.11.30 22:52:31.952,2.08365,2.08437,1.00,1.00
2015.11.30 22:52:32.459,2.08365,2.08434,1.00,1.00
2015.11.30 22:52:32.761,2.08365,2.0843,1.00,1.50
2015.11.30 22:52:33.064,2.08365,2.08427,1.00,1.00
2015.11.30 22:52:33.239,2.08365,2.08431,1.00,1.00
2015.11.30 22:52:33.992,2.08363,2.08431,1.00,1.00
2015.11.30 22:52:34.093,2.08363,2.08428,1.00,1.00
2015.11.30 22:52:34.194,2.08363,2.08431,1.00,1.50
2015.11.30 22:52:34.352,2.08363,2.08427,1.00,1.00
2015.11.30 22:52:34.454,2.08363,2.0843,1.00,1.00
2015.11.30 22:52:34.593,2.08363,2.08434,1.00,1.00
2015.11.30 22:52:34.694,2.08363,2.08438,1.00,1.00
2015.11.30 22:52:35.202,2.08363,2.08436,1.00,1.50
2015.11.30 22:52:35.548,2.08363,2.08434,1.00,1.00
2015.11.30 22:52:35.855,2.08363,2.08431,1.00,1.00
2015.11.30 22:52:36.406,2.08362,2.0843,1.00,1.00
2015.11.30 22:52:37.925,2.08362,2.08433,1.00,1.00
2015.11.30 22:52:38.026,2.08362,2.0843,1.00,1.00
2015.11.30 22:52:38.178,2.08362,2.08434,1.00,1.00
2015.11.30 22:52:38.228,2.08362,2.08427,1.00,1.00
2015.11.30 22:52:38.330,2.08366,2.08435,1.00,1.00
2015.11.30 22:52:38.660,2.08366,2.0844,1.00,1.12
2015.11.30 22:52:38.811,2.08366,2.08437,1.00,1.00
2015.11.30 22:52:39.116,2.08366,2.08433,1.00,1.00
2015.11.30 22:52:39.167,2.08362,2.08433,1.00,1.50
2015.11.30 22:52:39.268,2.08365,2.08434,1.00,1.00
2015.11.30 22:52:39.420,2.08365,2.08442,1.12,1.00
2015.11.30 22:52:39.470,2.08366,2.08441,1.00,1.37
2015.11.30 22:52:40.384,2.08366,2.08441,1.00,1.00
2015.11.30 22:52:40.708,2.08366,2.08436,1.00,1.00
2015.11.30 22:52:42.034,2.08366,2.08437,1.00,1.00
2015.11.30 22:52:42.364,2.08363,2.08437,1.00,1.00
2015.11.30 22:52:42.566,2.08367,2.08436,1.00,1.00
2015.11.30 22:52:42.617,2.08367,2.08438,1.00,1.50
2015.11.30 22:52:43.156,2.08367,2.08439,1.00,1.00
2015.11.30 22:52:44.416,2.08367,2.08438,1.00,1.00
2015.11.30 22:52:44.918,2.08366,2.08441,1.00,1.50
2015.11.30 22:52:45.019,2.08366,2.08434,1.00,1.00
2015.11.30 22:52:45.120,2.08366,2.0844,1.00,1.00
2015.11.30 22:52:45.221,2.08366,2.08437,1.00,1.00
2015.11.30 22:52:45.322,2.08366,2.08441,1.00,1.00
2015.11.30 22:52:45.524,2.08366,2.08434,1.00,1.00
2015.11.30 22:52:46.146,2.08366,2.08435,1.00,1.00
2015.11.30 22:52:46.884,2.08366,2.08434,1.00,1.00
2015.11.30 22:52:47.530,2.08366,2.08435,1.00,1.50
2015.11.30 22:52:47.631,2.08366,2.08437,1.00,1.00
2015.11.30 22:52:47.682,2.08366,2.08435,1.00,1.00
2015.11.30 22:52:47.835,2.08361,2.08436,1.00,1.00
2015.11.30 22:52:47.936,2.08363,2.08437,1.00,1.00
2015.11.30 22:52:48.289,2.08365,2.08442,1.00,1.00
2015.11.30 22:52:50.110,2.08365,2.08435,1.00,1.00
2015.11.30 22:52:50.160,2.08361,2.08432,1.00,1.00
2015.11.30 22:52:50.627,2.08361,2.08429,1.00,1.00
2015.11.30 22:52:50.880,2.08361,2.08431,1.00,1.00
2015.11.30 22:52:50.981,2.08361,2.08429,1.00,1.00
2015.11.30 22:52:51.032,2.08361,2.08434,1.00,1.00
2015.11.30 22:52:51.233,2.08361,2.08437,1.00,1.00
2015.11.30 22:52:51.335,2.08361,2.08432,1.00,1.00
2015.11.30 22:52:51.637,2.08361,2.08429,1.00,1.00
2015.11.30 22:52:51.940,2.08361,2.08427,1.00,1.50
2015.11.30 22:52:52.704,2.08361,2.08437,1.00,1.00
2015.11.30 22:52:53.006,2.08361,2.08434,1.00,1.00
2015.11.30 22:52:53.310,2.08361,2.0843,1.00,1.00
2015.11.30 22:52:53.613,2.08363,2.08426,1.00,1.00
2015.11.30 22:52:53.915,2.08363,2.08423,1.00,1.00
2015.11.30 22:52:54.067,2.08363,2.08425,1.00,1.00
2015.11.30 22:52:54.168,2.08358,2.08427,1.00,1.00
2015.11.30 22:52:54.369,2.08358,2.08433,1.00,1.00
2015.11.30 22:52:54.556,2.08358,2.0843,1.00,1.00
2015.11.30 22:52:56.094,2.08358,2.0843,1.37,1.00
2015.11.30 22:52:56.397,2.08365,2.08428,1.00,1.00
2015.11.30 22:52:56.699,2.08365,2.08426,1.00,1.00
2015.11.30 22:52:57.053,2.08365,2.08428,1.00,1.00
2015.11.30 22:52:57.779,2.08365,2.08427,1.00,1.00
2015.11.30 22:52:58.381,2.08365,2.08428,1.00,1.00
2015.11.30 22:52:59.202,2.08365,2.08427,1.00,1.00
2015.11.30 22:52:59.253,2.08365,2.08425,1.00,1.00
2015.11.30 22:52:59.406,2.08358,2.08428,1.00,1.00
2015.11.30 22:52:59.558,2.08358,2.08433,1.00,1.00
2015.11.30 22:53:01.710,2.08358,2.0843,1.00,1.00
2015.11.30 22:53:02.012,2.08361,2.08427,1.00,1.00
2015.11.30 22:53:02.511,2.08361,2.08425,1.00,1.00
2015.11.30 22:53:02.612,2.08361,2.08427,1.00,1.00
2015.11.30 22:53:02.713,2.08361,2.08425,1.00,1.00
2015.11.30 22:53:03.015,2.08356,2.08423,1.00,1.00
2015.11.30 22:53:03.116,2.08356,2.08427,1.00,1.00
2015.11.30 22:53:03.992,2.08364,2.08427,1.00,1.00
2015.11.30 22:53:04.043,2.08364,2.0843,1.00,1.00
2015.11.30 22:53:04.144,2.08364,2.08427,1.00,1.00
2015.11.30 22:53:04.245,2.08358,2.08424,1.00,1.00
2015.11.30 22:53:04.296,2.08358,2.0842,1.00,1.00
2015.11.30 22:53:04.498,2.08358,2.08423,1.00,1.00
2015.11.30 22:53:05.019,2.08358,2.08427,1.00,1.00
2015.11.30 22:53:05.148,2.08358,2.0843,1.00,1.00
2015.11.30 22:53:05.366,2.08358,2.08426,1.00,1.00
2015.11.30 22:53:05.669,2.08358,2.08422,1.00,1.00
2015.11.30 22:53:05.770,2.08358,2.08425,1.00,1.00
2015.11.30 22:53:05.821,2.08358,2.08433,1.00,1.00
2015.11.30 22:53:06.921,2.08358,2.08432,1.00,1.00
2015.11.30 22:53:06.972,2.08358,2.0843,1.00,1.00
2015.11.30 22:53:07.476,2.08358,2.08429,1.00,1.00
2015.11.30 22:53:07.764,2.08358,2.08431,1.00,1.00
2015.11.30 22:53:07.865,2.08358,2.08426,1.12,1.00
2015.11.30 22:53:08.168,2.08362,2.08423,1.00,1.00
2015.11.30 22:53:08.470,2.08362,2.08419,1.00,1.00
2015.11.30 22:53:08.521,2.08362,2.08424,1.00,1.00
2015.11.30 22:53:08.972,2.08362,2.08422,1.00,1.00
2015.11.30 22:53:09.123,2.08362,2.08425,1.00,1.00
2015.11.30 22:53:09.224,2.08362,2.08428,1.00,1.00
2015.11.30 22:53:09.275,2.08378,2.08428,1.00,1.00
2015.11.30 22:53:09.585,2.08365,2.08438,1.00,1.00
2015.11.30 22:53:09.925,2.08365,2.08431,1.00,1.00
2015.11.30 22:53:10.431,2.08365,2.08433,1.00,1.00
2015.11.30 22:53:10.532,2.08365,2.08429,1.00,1.00
2015.11.30 22:53:10.684,2.08365,2.08431,1.00,1.00
2015.11.30 22:53:10.785,2.08365,2.08426,1.00,1.00
2015.11.30 22:53:10.886,2.08365,2.08431,1.00,1.00
2015.11.30 22:53:10.937,2.08365,2.08434,1.00,1.00
2015.11.30 22:53:11.232,2.08365,2.08438,1.00,1.00
2015.11.30 22:53:11.528,2.08365,2.08434,1.00,1.00
2015.11.30 22:53:11.831,2.08368,2.0843,1.00,1.00
2015.11.30 22:53:12.686,2.08368,2.08429,1.00,1.00
2015.11.30 22:53:13.423,2.08368,2.0843,1.00,1.00
2015.11.30 22:53:13.683,2.08364,2.08429,1.00,1.00
2015.11.30 22:53:13.936,2.08364,2.08425,1.00,1.00
2015.11.30 22:53:14.089,2.08364,2.08429,1.00,1.00
2015.11.30 22:53:14.190,2.08364,2.08425,1.00,1.00
2015.11.30 22:53:14.291,2.08364,2.08428,1.00,1.00
2015.11.30 22:53:14.492,2.08364,2.08425,1.00,1.00
2015.11.30 22:53:14.593,2.08364,2.08427,1.00,1.00
2015.11.30 22:53:14.795,2.08364,2.08425,1.00,1.00
2015.11.30 22:53:14.896,2.08364,2.08427,1.00,1.00
2015.11.30 22:53:15.098,2.08364,2.08425,1.00,1.00
2015.11.30 22:53:15.199,2.08364,2.08432,1.00,1.00
2015.11.30 22:53:15.350,2.08364,2.08429,1.00,1.00
2015.11.30 22:53:15.508,2.08364,2.08433,1.00,1.00
2015.11.30 22:53:15.559,2.08364,2.08431,1.00,1.00
2015.11.30 22:53:15.811,2.08365,2.08434,1.00,1.00
2015.11.30 22:53:15.862,2.08365,2.08438,1.00,1.50
2015.11.30 22:53:16.063,2.08365,2.08433,1.00,1.00
2015.11.30 22:53:16.315,2.08365,2.08438,1.00,1.00
2015.11.30 22:53:16.668,2.08365,2.08434,1.00,1.00
2015.11.30 22:53:16.970,2.08368,2.08427,1.00,1.00
2015.11.30 22:53:17.021,2.08361,2.08426,1.00,1.00
2015.11.30 22:53:17.598,2.08361,2.08427,1.00,1.00
2015.11.30 22:53:18.935,2.08361,2.08426,1.00,1.00
2015.11.30 22:53:19.698,2.08361,2.08427,1.00,1.00
2015.11.30 22:53:20.003,2.0836,2.08424,1.00,1.00
2015.11.30 22:53:20.910,2.0836,2.08425,1.00,1.00
2015.11.30 22:53:21.011,2.0836,2.08427,1.00,1.00
2015.11.30 22:53:21.551,2.0836,2.08425,1.00,1.00
2015.11.30 22:53:21.853,2.0836,2.08428,1.00,1.00
2015.11.30 22:53:22.313,2.0836,2.08425,1.00,1.00
2015.11.30 22:53:22.754,2.08359,2.08431,1.00,1.00
2015.11.30 22:53:22.856,2.08359,2.08429,1.00,1.00
2015.11.30 22:53:23.057,2.08359,2.08432,1.00,1.00
2015.11.30 22:53:24.614,2.08359,2.08431,1.00,1.00
2015.11.30 22:53:24.716,2.08361,2.08427,1.00,1.00
2015.11.30 22:53:24.817,2.08361,2.08433,1.00,1.00
2015.11.30 22:53:24.918,2.08365,2.08432,1.00,1.00
2015.11.30 22:53:25.223,2.08365,2.08436,1.00,1.00
2015.11.30 22:53:25.324,2.08365,2.08438,1.00,1.00
2015.11.30 22:53:26.867,2.08365,2.08437,1.00,1.00
2015.11.30 22:53:26.919,2.08367,2.08437,1.00,1.00
2015.11.30 22:53:27.372,2.08367,2.08432,1.00,1.00
2015.11.30 22:53:27.553,2.08368,2.08434,1.00,1.00
2015.11.30 22:53:27.604,2.08368,2.0844,1.00,1.00
2015.11.30 22:53:28.174,2.08368,2.08434,1.00,1.00
2015.11.30 22:53:28.426,2.08363,2.08431,1.00,1.00
2015.11.30 22:53:28.476,2.08363,2.08431,1.37,1.00
2015.11.30 22:53:28.627,2.08363,2.08435,1.37,1.00
2015.11.30 22:53:28.678,2.08372,2.08435,1.00,1.00
2015.11.30 22:53:28.838,2.08372,2.08444,1.00,1.00
2015.11.30 22:53:29.165,2.08372,2.08439,1.00,1.00
2015.11.30 22:53:29.496,2.08372,2.08443,1.00,1.00
2015.11.30 22:53:29.647,2.08372,2.08437,1.00,1.00
2015.11.30 22:53:30.050,2.08372,2.08435,1.00,1.00
2015.11.30 22:53:30.561,2.08372,2.08436,1.00,1.00
2015.11.30 22:53:31.234,2.08372,2.08435,1.00,1.00
2015.11.30 22:53:31.534,2.08365,2.08436,1.00,1.00
2015.11.30 22:53:31.845,2.08365,2.08434,1.00,1.00
2015.11.30 22:53:32.592,2.08365,2.08435,1.00,1.00
2015.11.30 22:53:33.159,2.08365,2.08434,1.00,1.00
2015.11.30 22:53:34.023,2.08364,2.08434,1.00,1.00
2015.11.30 22:53:34.572,2.08364,2.08435,1.00,1.00
2015.11.30 22:53:35.232,2.08364,2.08434,1.00,1.00
2015.11.30 22:53:35.781,2.08364,2.0843,1.00,1.00
2015.11.30 22:53:36.117,2.08364,2.08427,1.00,1.00
2015.11.30 22:53:37.243,2.08365,2.08427,1.00,1.00
2015.11.30 22:53:37.495,2.08365,2.0843,1.00,1.00
2015.11.30 22:53:37.697,2.08365,2.08432,1.00,1.00
2015.11.30 22:53:38.013,2.08365,2.0843,1.00,1.00
2015.11.30 22:53:38.315,2.08365,2.08427,1.00,1.00
2015.11.30 22:53:38.817,2.08365,2.08428,1.00,1.00
2015.11.30 22:53:39.524,2.08365,2.08427,1.00,1.00
2015.11.30 22:53:40.006,2.08365,2.0843,1.00,1.00
2015.11.30 22:53:40.080,2.08365,2.08427,1.00,1.00
2015.11.30 22:53:40.182,2.08363,2.08432,1.00,1.00
2015.11.30 22:53:40.283,2.08363,2.08435,1.00,1.00
2015.11.30 22:53:40.790,2.08363,2.08431,1.00,1.00
2015.11.30 22:53:41.323,2.08363,2.08432,1.00,1.00
2015.11.30 22:53:41.791,2.08363,2.0843,1.00,1.00
2015.11.30 22:53:42.320,2.08363,2.08429,1.00,1.00
2015.11.30 22:53:44.236,2.08362,2.08429,1.00,1.00
2015.11.30 22:53:44.933,2.08362,2.08428,1.00,1.00
2015.11.30 22:53:45.928,2.08362,2.08429,1.00,1.00
2015.11.30 22:53:46.499,2.08362,2.08428,1.00,1.00
2015.11.30 22:53:47.013,2.08362,2.08429,1.00,1.00
2015.11.30 22:53:47.600,2.08362,2.08428,1.00,1.00
2015.11.30 22:53:48.222,2.08362,2.08429,1.00,1.00
2015.11.30 22:53:48.524,2.08364,2.08431,1.00,1.00
2015.11.30 22:53:48.827,2.08364,2.08425,1.00,1.00
2015.11.30 22:53:49.130,2.08364,2.08429,1.00,1.00
2015.11.30 22:53:49.921,2.08364,2.08428,1.00,1.00
2015.11.30 22:53:50.460,2.08364,2.08429,1.00,1.00
2015.11.30 22:53:50.561,2.08364,2.08433,1.00,1.00
2015.11.30 22:53:51.074,2.08362,2.08432,1.12,1.00
2015.11.30 22:53:51.725,2.08362,2.08433,1.00,1.00
2015.11.30 22:53:52.227,2.08362,2.08432,1.00,1.00
2015.11.30 22:53:52.661,2.08362,2.0843,1.12,1.00
2015.11.30 22:53:53.078,2.08362,2.08433,1.00,1.00
2015.11.30 22:53:53.669,2.08362,2.08432,1.12,1.00
2015.11.30 22:53:53.720,2.08365,2.08432,1.00,1.00
2015.11.30 22:53:54.258,2.08365,2.08436,1.00,1.00
2015.11.30 22:53:54.767,2.08365,2.08435,1.00,1.00
2015.11.30 22:53:55.137,2.08365,2.08431,1.00,1.00
2015.11.30 22:53:55.187,2.08363,2.08431,1.00,1.00
2015.11.30 22:53:55.339,2.08363,2.08428,1.00,1.00
2015.11.30 22:53:55.643,2.08363,2.0843,1.00,1.00
2015.11.30 22:53:56.047,2.08363,2.08432,1.00,1.00
2015.11.30 22:53:56.349,2.08363,2.08429,1.00,1.00
2015.11.30 22:53:56.450,2.08363,2.08435,1.00,1.00
2015.11.30 22:53:56.651,2.08363,2.0843,1.00,1.00
2015.11.30 22:53:56.752,2.08363,2.08436,1.00,1.00
2015.11.30 22:53:57.256,2.08363,2.08434,1.00,1.00
2015.11.30 22:53:57.432,2.08363,2.08436,1.00,1.50
2015.11.30 22:53:57.482,2.08363,2.08434,1.00,1.00
2015.11.30 22:53:57.843,2.08366,2.08434,1.00,1.00
2015.11.30 22:53:58.172,2.08366,2.08432,1.00,1.00
2015.11.30 22:53:58.475,2.08368,2.0844,1.00,1.00
2015.11.30 22:53:58.697,2.08368,2.08443,1.00,1.00
2015.11.30 22:53:58.748,2.08368,2.08437,1.00,1.00
2015.11.30 22:53:58.848,2.08368,2.08439,1.00,1.00
2015.11.30 22:53:59.000,2.08368,2.08443,1.00,1.50
2015.11.30 22:53:59.101,2.08368,2.0844,1.00,1.00
2015.11.30 22:53:59.421,2.08366,2.08437,1.00,1.00
2015.11.30 22:53:59.723,2.08369,2.08433,1.00,1.00
2015.11.30 22:54:00.371,2.08369,2.08434,1.00,1.00
2015.11.30 22:54:00.674,2.08369,2.08431,1.00,1.00
2015.11.30 22:54:00.775,2.08369,2.08437,1.00,1.00
2015.11.30 22:54:00.977,2.08369,2.0844,1.00,1.00
2015.11.30 22:54:01.078,2.08369,2.08442,1.00,1.00
2015.11.30 22:54:01.499,2.08369,2.08437,1.00,1.00
2015.11.30 22:54:02.277,2.08369,2.08438,1.00,1.00
2015.11.30 22:54:02.585,2.08369,2.08431,1.00,1.00
2015.11.30 22:54:02.789,2.08369,2.08435,1.00,1.50
2015.11.30 22:54:02.890,2.08369,2.08432,1.00,1.00
2015.11.30 22:54:02.991,2.08369,2.08437,1.00,1.00
2015.11.30 22:54:04.159,2.08369,2.08441,1.00,1.00
2015.11.30 22:54:04.210,2.08369,2.08439,1.00,1.00
2015.11.30 22:54:04.411,2.08369,2.08442,1.00,1.00
2015.11.30 22:54:05.793,2.08369,2.08442,1.87,1.00
2015.11.30 22:54:05.950,2.08375,2.08449,1.00,1.50
2015.11.30 22:54:06.000,2.08375,2.08445,1.00,1.00
2015.11.30 22:54:06.101,2.08375,2.08448,1.00,1.37
2015.11.30 22:54:06.152,2.08369,2.08443,1.00,1.00
2015.11.30 22:54:06.693,2.08368,2.08443,1.00,1.00
2015.11.30 22:54:06.910,2.08368,2.08439,1.00,1.00
2015.11.30 22:54:07.011,2.08368,2.08441,1.00,1.00
2015.11.30 22:54:07.062,2.08368,2.08443,1.00,1.00
2015.11.30 22:54:07.163,2.08368,2.08441,1.00,1.00
2015.11.30 22:54:07.447,2.08368,2.08443,1.00,1.00
2015.11.30 22:54:07.956,2.08368,2.08442,1.00,1.00
2015.11.30 22:54:08.457,2.08368,2.08443,1.00,1.00
2015.11.30 22:54:08.702,2.08368,2.0844,1.00,1.00
2015.11.30 22:54:08.803,2.08368,2.08443,1.00,1.00
2015.11.30 22:54:09.158,2.08368,2.08441,1.00,1.00
2015.11.30 22:54:09.546,2.08368,2.08439,1.00,1.00
2015.11.30 22:54:09.849,2.08371,2.08438,1.00,1.00
2015.11.30 22:54:10.000,2.08371,2.08446,1.00,1.50
2015.11.30 22:54:10.051,2.08371,2.08442,1.00,1.00
2015.11.30 22:54:10.102,2.08369,2.08442,1.12,1.50
2015.11.30 22:54:10.203,2.08369,2.08438,1.00,1.00
2015.11.30 22:54:10.504,2.08369,2.08436,1.12,1.00
2015.11.30 22:54:10.807,2.08369,2.08434,1.12,1.00
2015.11.30 22:54:11.202,2.08369,2.0843,1.00,1.00
2015.11.30 22:54:11.404,2.08369,2.08433,1.00,1.00
2015.11.30 22:54:11.455,2.08369,2.08439,1.00,1.00
2015.11.30 22:54:11.506,2.08369,2.08435,1.00,1.00
2015.11.30 22:54:11.809,2.08369,2.08432,1.00,1.00
2015.11.30 22:54:12.414,2.08369,2.08431,1.00,1.00
2015.11.30 22:54:13.107,2.08369,2.08429,1.12,1.00
2015.11.30 22:54:13.409,2.08369,2.08431,1.12,1.00
2015.11.30 22:54:13.857,2.08362,2.08431,1.00,1.00
2015.11.30 22:54:14.452,2.08362,2.08429,1.00,1.00
2015.11.30 22:54:14.755,2.08362,2.08427,1.00,1.00
2015.11.30 22:54:15.562,2.08362,2.08424,1.00,1.00
2015.11.30 22:54:15.663,2.08362,2.08427,1.00,1.00
2015.11.30 22:54:15.713,2.08362,2.08421,1.00,1.00
2015.11.30 22:54:15.814,2.08362,2.08432,1.00,1.20
2015.11.30 22:54:16.314,2.08362,2.08427,1.00,1.00
2015.11.30 22:54:16.640,2.08362,2.08419,1.00,1.00
2015.11.30 22:54:17.250,2.08358,2.08419,1.00,1.00
2015.11.30 22:54:18.214,2.08358,2.0842,1.00,1.00
2015.11.30 22:54:18.361,2.08352,2.08419,1.00,1.00
2015.11.30 22:54:18.871,2.08352,2.0842,1.00,1.00
2015.11.30 22:54:19.524,2.08352,2.08419,1.00,1.00
2015.11.30 22:54:20.224,2.08352,2.0842,1.00,1.00
2015.11.30 22:54:20.825,2.08352,2.08419,1.00,1.00
2015.11.30 22:54:21.327,2.08356,2.08419,1.00,1.00
2015.11.30 22:54:21.878,2.08356,2.0842,1.00,1.00
2015.11.30 22:54:22.522,2.08356,2.08419,1.00,1.00
2015.11.30 22:54:23.162,2.08356,2.0842,1.00,1.00
2015.11.30 22:54:23.221,2.08354,2.0842,1.00,1.00
2015.11.30 22:54:23.812,2.08354,2.08419,1.00,1.00
2015.11.30 22:54:24.481,2.08354,2.0842,1.00,1.00
2015.11.30 22:54:25.293,2.08356,2.08419,1.00,1.00
2015.11.30 22:54:25.445,2.08356,2.08422,1.00,1.00
2015.11.30 22:54:26.225,2.08356,2.08421,1.00,1.00
2015.11.30 22:54:26.838,2.08356,2.08422,1.00,1.00
2015.11.30 22:54:27.597,2.08359,2.08423,1.00,1.00
2015.11.30 22:54:27.749,2.08359,2.08425,1.00,1.00
2015.11.30 22:54:27.850,2.08355,2.08426,1.00,1.00
2015.11.30 22:54:28.102,2.08355,2.08424,1.00,1.00
2015.11.30 22:54:28.152,2.08348,2.08423,1.00,1.00
2015.11.30 22:54:28.354,2.08348,2.08419,1.00,1.00
2015.11.30 22:54:28.691,2.08356,2.08419,1.00,1.00
2015.11.30 22:54:28.742,2.08356,2.08423,1.00,1.00
2015.11.30 22:54:28.923,2.08356,2.0842,1.00,1.00
2015.11.30 22:54:29.590,2.08356,2.08425,1.00,1.00
2015.11.30 22:54:29.691,2.08363,2.08429,1.00,1.00
2015.11.30 22:54:30.001,2.08363,2.08427,1.00,1.00
2015.11.30 22:54:30.052,2.08363,2.08436,1.00,2.02
2015.11.30 22:54:30.203,2.08363,2.08431,1.00,1.00
2015.11.30 22:54:30.455,2.08356,2.08425,1.00,1.00
2015.11.30 22:54:31.247,2.08356,2.08424,1.00,1.00
2015.11.30 22:54:31.348,2.08356,2.08427,1.00,1.00
2015.11.30 22:54:31.957,2.08356,2.08426,1.00,1.00
2015.11.30 22:54:33.142,2.08356,2.08427,1.00,1.00
2015.11.30 22:54:33.447,2.08355,2.08426,1.37,1.00
2015.11.30 22:54:34.151,2.08358,2.08426,1.37,1.00
2015.11.30 22:54:34.811,2.08358,2.08427,1.37,1.00
2015.11.30 22:54:35.135,2.08355,2.08422,1.00,1.00
2015.11.30 22:54:35.438,2.08355,2.08419,1.00,1.00
2015.11.30 22:54:35.876,2.08349,2.08417,1.00,1.00
2015.11.30 22:54:36.482,2.08349,2.08418,1.00,1.00
2015.11.30 22:54:37.254,2.08349,2.08417,1.00,1.00
2015.11.30 22:54:37.355,2.08349,2.08415,1.00,1.00
2015.11.30 22:54:37.657,2.08361,2.08416,1.00,1.00
2015.11.30 22:54:37.758,2.08361,2.08436,1.00,1.20
2015.11.30 22:54:38.215,2.08361,2.08434,1.00,1.00
2015.11.30 22:54:38.951,2.08361,2.08432,1.00,1.00
2015.11.30 22:54:39.253,2.08361,2.08428,1.00,1.00
2015.11.30 22:54:40.105,2.08361,2.08425,1.00,1.00
2015.11.30 22:54:40.215,2.08357,2.08425,1.00,1.00
2015.11.30 22:54:40.410,2.08357,2.08423,1.00,1.00
2015.11.30 22:54:40.754,2.08357,2.08421,1.00,1.00
2015.11.30 22:54:41.006,2.08357,2.08423,1.00,1.00
2015.11.30 22:54:41.761,2.08357,2.08424,1.00,1.00
2015.11.30 22:54:43.209,2.08357,2.08423,1.00,1.00
2015.11.30 22:54:43.320,2.08354,2.08423,1.00,1.00
2015.11.30 22:54:43.613,2.08354,2.08419,1.00,1.00
2015.11.30 22:54:45.017,2.08354,2.0842,1.00,1.00
2015.11.30 22:54:45.520,2.08354,2.08419,1.00,1.00
2015.11.30 22:54:45.821,2.08354,2.08416,1.00,1.00
2015.11.30 22:54:46.074,2.08354,2.08422,1.00,1.00
2015.11.30 22:54:46.321,2.08354,2.08418,1.00,1.00
2015.11.30 22:54:46.972,2.08354,2.08417,1.00,1.00
2015.11.30 22:54:48.276,2.08356,2.08417,1.00,1.00
2015.11.30 22:54:48.326,2.08356,2.08424,1.00,1.00
2015.11.30 22:54:48.427,2.08356,2.08422,1.00,1.00
2015.11.30 22:54:48.528,2.08351,2.08425,1.00,1.00
2015.11.30 22:54:48.629,2.08354,2.08414,1.00,1.00
2015.11.30 22:54:48.932,2.08351,2.08415,1.00,1.00
2015.11.30 22:54:49.628,2.08351,2.08412,1.00,1.00
2015.11.30 22:54:49.853,2.0834,2.08403,1.00,1.00
2015.11.30 22:54:50.004,2.0834,2.08399,1.00,1.00
2015.11.30 22:54:50.206,2.08334,2.08394,1.00,1.00
2015.11.30 22:54:50.307,2.08334,2.08391,1.00,1.00
2015.11.30 22:54:51.034,2.08334,2.0839,1.00,1.00
2015.11.30 22:54:51.236,2.08334,2.08393,1.00,1.00
2015.11.30 22:54:51.401,2.08334,2.08395,1.00,1.00
2015.11.30 22:54:51.603,2.08334,2.08407,1.87,1.00
2015.11.30 22:54:51.704,2.08349,2.08417,1.00,1.00
2015.11.30 22:54:51.937,2.08346,2.08417,1.00,1.00
2015.11.30 22:54:52.834,2.08346,2.08419,1.00,1.00
2015.11.30 22:54:52.935,2.08348,2.08423,1.00,1.00
2015.11.30 22:54:53.943,2.08348,2.08408,1.00,1.00
2015.11.30 22:54:54.246,2.08334,2.08402,1.00,1.00
2015.11.30 22:54:54.347,2.08334,2.08399,1.00,1.00
2015.11.30 22:54:54.650,2.08334,2.08392,1.00,1.00
2015.11.30 22:54:55.245,2.08334,2.08393,1.00,1.00
2015.11.30 22:54:55.749,2.08334,2.08395,1.00,1.00
2015.11.30 22:54:56.630,2.08334,2.08394,1.00,1.00
2015.11.30 22:54:57.268,2.08334,2.08395,1.00,1.00
2015.11.30 22:54:57.801,2.08334,2.08394,1.00,1.00
2015.11.30 22:54:58.302,2.08334,2.08395,1.00,1.00
2015.11.30 22:54:58.655,2.08334,2.08397,1.00,1.00
2015.11.30 22:54:59.346,2.08334,2.08398,1.00,1.50
2015.11.30 22:54:59.558,2.08334,2.08394,1.00,1.00
2015.11.30 22:55:00.148,2.08334,2.08395,1.00,1.00
2015.11.30 22:55:00.542,2.08334,2.08398,1.00,1.00
2015.11.30 22:55:01.114,2.08334,2.08397,1.00,1.00
2015.11.30 22:55:02.527,2.08334,2.08398,1.00,1.00
2015.11.30 22:55:03.056,2.08334,2.08399,1.00,1.00
2015.11.30 22:55:03.157,2.08334,2.08396,1.00,1.00
2015.11.30 22:55:04.686,2.08334,2.08399,1.00,1.00
2015.11.30 22:55:05.466,2.08334,2.08398,1.00,1.00
2015.11.30 22:55:05.982,2.08334,2.08395,1.00,1.00
2015.11.30 22:55:08.192,2.08334,2.08401,1.00,1.00
2015.11.30 22:55:08.694,2.08334,2.08402,1.00,1.00
2015.11.30 22:55:09.107,2.08334,2.08399,1.00,1.00
2015.11.30 22:55:13.357,2.08334,2.084,1.00,1.00
2015.11.30 22:55:13.408,2.08334,2.08404,1.00,1.50
2015.11.30 22:55:14.410,2.08334,2.08403,1.00,1.00
2015.11.30 22:55:14.612,2.08334,2.08401,1.00,1.00
2015.11.30 22:55:15.168,2.08334,2.08402,1.00,1.00
2015.11.30 22:55:15.762,2.08334,2.08401,1.00,1.00
2015.11.30 22:55:16.279,2.08334,2.08394,1.00,1.00
2015.11.30 22:55:16.582,2.08334,2.08372,1.00,1.00
2015.11.30 22:55:16.904,2.08334,2.08381,1.00,1.00
2015.11.30 22:55:17.009,2.08334,2.08383,1.00,1.00
2015.11.30 22:55:18.240,2.08309,2.08383,1.00,1.00
2015.11.30 22:55:18.442,2.08309,2.0838,1.00,1.00
2015.11.30 22:55:20.420,2.08309,2.08379,1.00,1.00
2015.11.30 22:55:20.725,2.08312,2.08379,1.00,1.00
2015.11.30 22:55:21.526,2.08312,2.0838,1.00,1.00
2015.11.30 22:55:22.429,2.08312,2.08379,1.00,1.00
2015.11.30 22:55:22.832,2.08309,2.08375,1.00,1.00
2015.11.30 22:55:23.419,2.08309,2.08374,1.00,1.00
2015.11.30 22:55:23.931,2.0831,2.08374,1.00,1.00
2015.11.30 22:55:24.534,2.0831,2.08372,1.00,1.00
2015.11.30 22:55:24.837,2.0831,2.08374,1.00,1.00
2015.11.30 22:55:25.040,2.0831,2.08372,1.00,1.00
2015.11.30 22:55:25.730,2.0831,2.08373,1.00,1.00
2015.11.30 22:55:26.295,2.0831,2.08372,1.00,1.00
2015.11.30 22:55:26.801,2.0831,2.08373,1.00,1.00
2015.11.30 22:55:27.849,2.0831,2.08372,1.00,1.00
2015.11.30 22:55:29.003,2.08307,2.08372,1.00,1.00
2015.11.30 22:55:29.741,2.08307,2.08369,1.00,1.00
2015.11.30 22:55:29.960,2.08302,2.0837,1.00,1.00
2015.11.30 22:55:30.112,2.08308,2.08369,1.00,1.00
2015.11.30 22:55:30.162,2.08308,2.08375,1.00,1.00
2015.11.30 22:55:30.314,2.08318,2.08375,1.00,1.00
2015.11.30 22:55:31.646,2.08318,2.08375,1.73,1.00
2015.11.30 22:55:32.161,2.08327,2.08375,1.23,1.50
2015.11.30 22:55:32.471,2.0832,2.0837,1.38,1.00
2015.11.30 22:55:32.673,2.0832,2.0837,1.37,1.00
2015.11.30 22:55:32.953,2.08308,2.0837,1.89,1.00
2015.11.30 22:55:33.056,2.08336,2.0837,1.00,1.00
2015.11.30 22:55:33.289,2.08327,2.08371,1.00,1.00
2015.11.30 22:55:33.482,2.08308,2.0837,1.00,1.00
2015.11.30 22:55:34.315,2.08307,2.0837,1.00,1.00
2015.11.30 22:55:34.416,2.083,2.0837,1.00,1.00
2015.11.30 22:55:35.087,2.083,2.08372,1.00,1.00
2015.11.30 22:55:35.638,2.083,2.08373,1.00,1.50
2015.11.30 22:55:36.139,2.083,2.08372,1.00,1.00
2015.11.30 22:55:36.490,2.08302,2.08373,1.00,1.00
2015.11.30 22:55:36.992,2.08302,2.08373,1.37,1.00
2015.11.30 22:55:37.295,2.08309,2.08373,1.00,1.00
2015.11.30 22:55:38.280,2.08309,2.08374,1.00,1.00
2015.11.30 22:55:38.922,2.08309,2.08373,1.00,1.00
2015.11.30 22:55:39.448,2.08309,2.08372,1.00,1.50
2015.11.30 22:55:42.830,2.08309,2.08374,1.00,1.00
2015.11.30 22:55:44.338,2.08309,2.08375,1.00,1.00
2015.11.30 22:55:48.915,2.08309,2.08377,1.00,1.50
2015.11.30 22:55:50.324,2.08309,2.08376,1.00,1.00
2015.11.30 22:55:50.887,2.08309,2.08377,1.00,1.50
2015.11.30 22:55:51.561,2.08309,2.08375,1.00,1.00
2015.11.30 22:55:51.864,2.08309,2.08373,1.00,1.00
2015.11.30 22:55:51.914,2.08309,2.08375,1.00,1.00
2015.11.30 22:55:51.965,2.08309,2.08372,1.00,1.00
2015.11.30 22:55:52.066,2.08306,2.08372,1.50,1.00
2015.11.30 22:55:52.167,2.0831,2.08371,1.00,1.00
2015.11.30 22:55:53.454,2.0831,2.08369,1.00,1.00
2015.11.30 22:55:53.757,2.0831,2.08367,1.00,1.00
2015.11.30 22:55:53.858,2.08305,2.08366,1.00,1.00
2015.11.30 22:55:53.959,2.08301,2.08367,1.00,1.00
2015.11.30 22:55:54.110,2.08302,2.0837,1.00,1.00
2015.11.30 22:55:55.104,2.08302,2.08364,1.00,1.00
2015.11.30 22:55:55.406,2.08301,2.08361,1.00,1.87
2015.11.30 22:55:55.725,2.08301,2.08359,1.00,1.00
2015.11.30 22:55:55.926,2.0828,2.08347,1.00,1.00
2015.11.30 22:55:56.013,2.08275,2.0834,1.12,1.00
2015.11.30 22:55:56.317,2.08274,2.08338,1.00,1.00
2015.11.30 22:55:56.469,2.08274,2.08341,1.00,1.00
2015.11.30 22:55:56.681,2.08274,2.08347,1.00,1.12
2015.11.30 22:55:56.732,2.08274,2.08339,1.00,1.00
2015.11.30 22:55:56.833,2.08274,2.08347,1.00,1.12
2015.11.30 22:55:56.934,2.08278,2.08351,1.00,1.00
2015.11.30 22:55:57.237,2.08274,2.08334,1.00,1.00
2015.11.30 22:55:57.288,2.08268,2.08334,1.00,1.00
2015.11.30 22:55:57.610,2.08263,2.08332,1.00,1.00
2015.11.30 22:55:57.761,2.08261,2.08334,1.37,1.00
2015.11.30 22:55:57.862,2.08263,2.08334,1.37,1.00
2015.11.30 22:55:58.766,2.08262,2.08334,1.37,1.00
2015.11.30 22:55:59.019,2.08277,2.08349,1.00,1.00
2015.11.30 22:56:00.054,2.08277,2.0835,1.00,1.00
2015.11.30 22:56:00.845,2.08277,2.08349,1.00,1.00
2015.11.30 22:56:01.269,2.08277,2.08352,1.00,1.50
2015.11.30 22:56:01.979,2.08276,2.08349,1.00,1.00
2015.11.30 22:56:04.038,2.08276,2.08347,1.00,1.00
2015.11.30 22:56:05.041,2.08276,2.08348,1.00,1.00
2015.11.30 22:56:05.661,2.08276,2.08347,1.00,1.00
2015.11.30 22:56:06.149,2.08274,2.08347,1.00,1.00
2015.11.30 22:56:06.653,2.08274,2.08348,1.00,1.00
2015.11.30 22:56:07.262,2.08274,2.08349,1.00,1.00
2015.11.30 22:56:09.313,2.08274,2.08349,1.37,1.00
2015.11.30 22:56:10.133,2.08277,2.08349,1.00,1.00
2015.11.30 22:56:10.463,2.08277,2.08346,1.00,1.00
2015.11.30 22:56:11.367,2.08271,2.08344,1.50,1.00
2015.11.30 22:56:13.321,2.08272,2.08346,1.50,1.00
2015.11.30 22:56:13.530,2.08272,2.08344,1.50,1.00
2015.11.30 22:56:14.240,2.08272,2.08344,1.87,1.00
2015.11.30 22:56:14.755,2.08272,2.08345,1.87,1.00
2015.11.30 22:56:15.275,2.08272,2.08344,1.37,1.00
2015.11.30 22:56:16.016,2.08273,2.08345,1.37,1.00
2015.11.30 22:56:16.544,2.08273,2.08344,1.37,1.00
2015.11.30 22:56:17.430,2.08273,2.08344,1.37,1.00
2015.11.30 22:56:17.481,2.08278,2.08347,1.00,1.00
2015.11.30 22:56:17.783,2.08284,2.08351,1.00,1.00
2015.11.30 22:56:18.488,2.08284,2.08348,1.00,1.00
2015.11.30 22:56:19.041,2.08284,2.08349,1.00,1.00
2015.11.30 22:56:20.688,2.08284,2.08348,1.00,1.00
2015.11.30 22:56:21.489,2.08284,2.08349,1.00,1.00
2015.11.30 22:56:22.502,2.08284,2.08348,1.00,1.00
2015.11.30 22:56:22.553,2.08277,2.08348,1.37,1.00
2015.11.30 22:56:22.615,2.08277,2.08348,1.00,1.00
2015.11.30 22:56:23.720,2.08277,2.08349,1.00,1.00
2015.11.30 22:56:25.507,2.08277,2.08348,1.00,1.00
2015.11.30 22:56:26.311,2.08277,2.08349,1.00,1.00
2015.11.30 22:56:27.379,2.08276,2.08349,1.12,1.50
2015.11.30 22:56:28.020,2.08276,2.08339,1.00,1.00
2015.11.30 22:56:28.071,2.08272,2.08339,1.00,1.00
2015.11.30 22:56:28.121,2.08272,2.08334,1.00,1.00
2015.11.30 22:56:28.172,2.0827,2.08334,1.00,1.00
2015.11.30 22:56:28.223,2.0827,2.08331,1.00,1.00
2015.11.30 22:56:28.273,2.08266,2.08331,1.87,1.00
2015.11.30 22:56:28.324,2.08268,2.08331,1.00,1.00
2015.11.30 22:56:28.526,2.0827,2.08336,1.00,1.00
2015.11.30 22:56:28.750,2.08272,2.08336,1.00,1.00
2015.11.30 22:56:29.442,2.08264,2.08336,2.02,1.00
2015.11.30 22:56:30.559,2.08265,2.08336,1.00,1.00
2015.11.30 22:56:31.072,2.08265,2.08336,1.37,1.00
2015.11.30 22:56:31.619,2.08265,2.08336,1.12,1.00
2015.11.30 22:56:32.121,2.08265,2.08335,1.12,1.00
2015.11.30 22:56:32.219,2.08265,2.08333,1.12,1.00
2015.11.30 22:56:32.523,2.08265,2.08331,1.12,1.00
2015.11.30 22:56:32.873,2.08273,2.08339,1.00,1.00
2015.11.30 22:56:33.422,2.08273,2.08335,1.00,1.00
2015.11.30 22:56:34.635,2.08274,2.08335,1.00,1.00
2015.11.30 22:56:35.067,2.08275,2.08338,1.00,1.00
2015.11.30 22:56:35.576,2.08274,2.08337,1.00,1.00
2015.11.30 22:56:36.945,2.08273,2.08337,1.50,1.00
2015.11.30 22:56:36.996,2.08275,2.08337,1.00,1.00
2015.11.30 22:56:37.529,2.08275,2.08338,1.00,1.00
2015.11.30 22:56:38.035,2.08275,2.08337,1.00,1.00
2015.11.30 22:56:38.849,2.08275,2.08338,1.00,1.00
2015.11.30 22:56:39.533,2.08273,2.08338,1.00,1.00
2015.11.30 22:56:39.684,2.08274,2.08343,1.00,1.50
2015.11.30 22:56:40.141,2.08273,2.0834,1.00,1.00
2015.11.30 22:56:40.394,2.08273,2.08342,1.50,1.00
2015.11.30 22:56:40.786,2.08272,2.08338,1.00,1.00
2015.11.30 22:56:40.887,2.08272,2.08342,1.00,1.00
2015.11.30 22:56:41.445,2.08273,2.08343,1.00,1.00
2015.11.30 22:56:41.737,2.08277,2.08341,1.00,1.00
2015.11.30 22:56:42.050,2.08276,2.08338,1.00,1.00
2015.11.30 22:56:42.101,2.08276,2.08341,1.00,1.00
2015.11.30 22:56:42.486,2.0828,2.08341,1.00,1.00
2015.11.30 22:56:42.789,2.08282,2.0834,1.00,1.00
2015.11.30 22:56:43.742,2.08283,2.0834,1.00,1.00
2015.11.30 22:56:43.892,2.08278,2.0834,1.00,1.00
2015.11.30 22:56:44.443,2.08278,2.08341,1.00,1.50
2015.11.30 22:56:44.545,2.08281,2.08341,1.00,1.00
2015.11.30 22:56:44.696,2.08281,2.08346,1.00,1.00
2015.11.30 22:56:44.797,2.08281,2.08354,1.00,1.00
2015.11.30 22:56:44.949,2.08285,2.08354,1.00,1.00
2015.11.30 22:56:44.999,2.08285,2.08358,1.00,1.00
2015.11.30 22:56:45.050,2.08288,2.08358,1.00,1.00
2015.11.30 22:56:45.353,2.08297,2.08359,1.00,1.00
2015.11.30 22:56:45.556,2.08293,2.08359,1.00,1.00
2015.11.30 22:56:47.249,2.08294,2.08359,1.00,1.00
2015.11.30 22:56:47.300,2.08297,2.08359,1.00,1.00
2015.11.30 22:56:47.401,2.08289,2.08359,1.00,1.00
2015.11.30 22:56:47.552,2.0829,2.08362,1.50,1.00
2015.11.30 22:56:48.101,2.08289,2.08362,1.50,1.00
2015.11.30 22:56:49.576,2.08292,2.08362,1.00,1.00
2015.11.30 22:56:49.879,2.08292,2.0836,1.00,1.00
2015.11.30 22:56:50.443,2.08291,2.0836,1.00,1.00
2015.11.30 22:56:51.030,2.08292,2.0836,1.00,1.00
2015.11.30 22:56:51.607,2.08291,2.0836,1.00,1.00
2015.11.30 22:56:53.286,2.08292,2.0836,1.00,1.00
2015.11.30 22:56:53.822,2.08291,2.08359,1.00,1.00
2015.11.30 22:56:54.339,2.08292,2.08359,1.00,1.00
2015.11.30 22:56:55.831,2.08291,2.08359,1.00,1.00
2015.11.30 22:56:56.440,2.08292,2.08359,1.00,1.00
2015.11.30 22:56:57.226,2.08291,2.08359,1.00,1.00
2015.11.30 22:56:57.760,2.08292,2.08359,1.00,1.00
2015.11.30 22:56:58.291,2.08291,2.08359,1.00,1.00
2015.11.30 22:56:59.636,2.0829,2.08359,1.00,1.00
2015.11.30 22:57:00.237,2.08291,2.08359,1.12,1.00
2015.11.30 22:57:01.073,2.0829,2.08359,1.50,1.50
2015.11.30 22:57:01.538,2.08294,2.08359,1.00,1.00
2015.11.30 22:57:01.820,2.08293,2.08362,1.00,1.00
2015.11.30 22:57:01.925,2.08297,2.08364,1.00,1.00
2015.11.30 22:57:02.227,2.08301,2.08364,1.00,1.00
2015.11.30 22:57:02.531,2.08307,2.08364,1.00,1.00
2015.11.30 22:57:02.632,2.08301,2.08364,1.00,1.00
2015.11.30 22:57:03.159,2.08301,2.08359,1.50,1.00
2015.11.30 22:57:03.660,2.08302,2.08358,1.00,1.00
2015.11.30 22:57:04.179,2.08301,2.08359,1.00,1.00
2015.11.30 22:57:04.850,2.08302,2.08359,1.00,1.00
2015.11.30 22:57:06.525,2.08301,2.08359,1.00,1.00
2015.11.30 22:57:06.958,2.08301,2.08364,1.00,1.00
2015.11.30 22:57:07.059,2.08299,2.08364,1.50,1.00
2015.11.30 22:57:07.110,2.08302,2.08364,1.00,1.00
2015.11.30 22:57:07.729,2.08302,2.08368,1.50,1.00
2015.11.30 22:57:07.780,2.08304,2.08368,1.00,1.00
2015.11.30 22:57:08.541,2.0831,2.08371,1.00,1.00
2015.11.30 22:57:08.874,2.08322,2.08379,1.00,1.00
2015.11.30 22:57:08.975,2.08322,2.08392,1.00,1.00
2015.11.30 22:57:09.378,2.08319,2.08392,1.50,1.00
2015.11.30 22:57:09.991,2.08319,2.08389,1.00,1.00
2015.11.30 22:57:10.092,2.08314,2.08387,1.15,1.00
2015.11.30 22:57:10.142,2.08317,2.08386,1.00,1.00
2015.11.30 22:57:10.294,2.08328,2.08398,1.00,1.27
2015.11.30 22:57:10.496,2.08334,2.08399,1.00,1.00
2015.11.30 22:57:10.738,2.08335,2.08403,1.00,1.50
2015.11.30 22:57:12.691,2.08337,2.08403,1.00,1.00
2015.11.30 22:57:13.220,2.08338,2.08403,1.00,1.50
2015.11.30 22:57:13.371,2.08333,2.08404,1.65,2.25
2015.11.30 22:57:13.472,2.08332,2.084,1.00,1.00
2015.11.30 22:57:13.776,2.08336,2.08403,1.00,1.50
2015.11.30 22:57:14.160,2.08338,2.08403,1.00,1.50
2015.11.30 22:57:15.044,2.08337,2.08403,1.00,1.50
2015.11.30 22:57:15.404,2.08335,2.08402,1.00,1.00
2015.11.30 22:57:16.010,2.08336,2.08402,1.00,1.00
2015.11.30 22:57:17.070,2.08335,2.08402,1.00,1.00
2015.11.30 22:57:17.574,2.08336,2.08402,1.00,1.00
2015.11.30 22:57:17.877,2.08336,2.084,1.00,1.00
2015.11.30 22:57:17.927,2.08328,2.084,1.00,1.00
2015.11.30 22:57:17.978,2.08328,2.08403,1.00,1.00
2015.11.30 22:57:18.029,2.08329,2.08405,1.00,1.00
2015.11.30 22:57:18.079,2.08344,2.08405,1.00,1.00
2015.11.30 22:57:18.401,2.08344,2.08407,1.00,1.00
2015.11.30 22:57:18.829,2.08344,2.08409,1.00,1.00
2015.11.30 22:57:19.386,2.08345,2.08408,1.00,1.00
2015.11.30 22:57:19.891,2.08345,2.08407,1.00,1.00
2015.11.30 22:57:19.997,2.08345,2.08404,1.00,1.00
2015.11.30 22:57:20.199,2.08342,2.08403,1.00,1.00
2015.11.30 22:57:20.300,2.08331,2.08404,1.12,1.00
2015.11.30 22:57:20.401,2.08331,2.08402,1.12,1.00
2015.11.30 22:57:20.716,2.08331,2.08398,1.12,1.00
2015.11.30 22:57:21.019,2.0833,2.08394,1.87,1.00
2015.11.30 22:57:21.321,2.08331,2.08391,1.87,1.00
2015.11.30 22:57:21.573,2.08327,2.08391,1.00,1.00
2015.11.30 22:57:21.624,2.08323,2.08392,1.00,1.50
2015.11.30 22:57:21.733,2.08323,2.08388,1.12,1.00
2015.11.30 22:57:21.841,2.08322,2.08392,1.12,1.00
2015.11.30 22:57:22.044,2.08323,2.08389,1.12,1.00
2015.11.30 22:57:22.346,2.08321,2.08387,1.87,1.00
2015.11.30 22:57:22.908,2.08322,2.0839,1.87,1.00
2015.11.30 22:57:23.472,2.08321,2.0839,1.87,1.00
2015.11.30 22:57:23.574,2.08321,2.08393,1.87,1.00
2015.11.30 22:57:23.684,2.08321,2.08405,2.62,1.00
2015.11.30 22:57:24.138,2.08322,2.08398,1.87,1.00
2015.11.30 22:57:24.451,2.08322,2.08393,1.87,1.00
2015.11.30 22:57:24.552,2.08322,2.08397,1.87,1.00
2015.11.30 22:57:25.222,2.08322,2.08398,1.87,1.00
2015.11.30 22:57:25.457,2.08322,2.08395,1.87,1.00
2015.11.30 22:57:26.005,2.08322,2.08396,1.87,1.00
2015.11.30 22:57:26.561,2.08322,2.08395,1.87,1.00
2015.11.30 22:57:27.460,2.08322,2.08396,1.87,1.00
2015.11.30 22:57:28.011,2.08321,2.08395,1.87,1.00
2015.11.30 22:57:28.366,2.08322,2.08393,1.87,1.00
2015.11.30 22:57:28.676,2.08331,2.08397,1.00,1.00
2015.11.30 22:57:29.180,2.08331,2.08398,1.00,1.00
2015.11.30 22:57:29.720,2.0833,2.08397,1.00,1.00
2015.11.30 22:57:30.072,2.08331,2.08395,1.00,1.00
2015.11.30 22:57:30.375,2.08361,2.08421,1.00,1.00
2015.11.30 22:57:30.426,2.08359,2.08434,1.00,1.37
2015.11.30 22:57:30.514,2.08359,2.08434,1.00,1.00
2015.11.30 22:57:30.615,2.08359,2.08428,1.00,1.00
2015.11.30 22:57:30.868,2.08364,2.08439,1.00,2.40
2015.11.30 22:57:31.069,2.08364,2.08434,1.00,1.00
2015.11.30 22:57:31.573,2.08364,2.08433,1.00,1.00
2015.11.30 22:57:31.946,2.08364,2.08437,1.00,1.00
2015.11.30 22:57:32.489,2.08364,2.08435,1.00,1.00
2015.11.30 22:57:32.791,2.08364,2.08431,1.00,1.00
2015.11.30 22:57:33.094,2.08363,2.08428,1.00,1.00
2015.11.30 22:57:33.753,2.08363,2.08429,1.00,1.00
2015.11.30 22:57:34.545,2.08363,2.08415,1.00,1.00
2015.11.30 22:57:34.595,2.08355,2.08415,1.00,1.00
2015.11.30 22:57:34.646,2.08355,2.08418,1.00,1.00
2015.11.30 22:57:34.697,2.08353,2.08411,1.00,1.00
2015.11.30 22:57:34.798,2.08346,2.08415,1.00,1.12
2015.11.30 22:57:34.949,2.0834,2.08409,1.00,1.00
2015.11.30 22:57:35.492,2.0834,2.0841,1.00,1.00
2015.11.30 22:57:35.698,2.0834,2.08415,1.00,1.00
2015.11.30 22:57:37.890,2.0835,2.08417,1.00,1.00
2015.11.30 22:57:38.192,2.0835,2.08421,1.00,1.00
2015.11.30 22:57:38.595,2.0835,2.08417,1.00,1.00
2015.11.30 22:57:39.867,2.0835,2.08418,1.00,1.00
2015.11.30 22:57:40.518,2.0835,2.08417,1.00,1.00
2015.11.30 22:57:40.669,2.0835,2.08419,1.00,1.00
2015.11.30 22:57:41.203,2.0835,2.08417,1.00,1.00
2015.11.30 22:57:41.406,2.0835,2.08421,1.00,1.00
2015.11.30 22:57:41.707,2.0835,2.08417,1.00,1.00
2015.11.30 22:57:42.009,2.0835,2.08414,1.00,1.00
2015.11.30 22:57:42.562,2.0835,2.08415,1.00,1.00
2015.11.30 22:57:43.920,2.0835,2.08414,1.00,1.00
2015.11.30 22:57:44.659,2.0835,2.08415,1.00,1.00
2015.11.30 22:57:46.066,2.08346,2.08415,1.00,1.00
2015.11.30 22:57:46.691,2.08346,2.08414,1.12,1.00
2015.11.30 22:57:47.926,2.08346,2.08418,1.12,1.00
2015.11.30 22:57:48.672,2.08346,2.08417,1.12,1.00
2015.11.30 22:57:49.186,2.08346,2.08418,1.12,1.00
2015.11.30 22:57:49.388,2.08347,2.0842,1.12,1.12
2015.11.30 22:57:49.439,2.08347,2.08418,1.12,1.00
2015.11.30 22:57:49.981,2.08347,2.08411,1.12,1.00
2015.11.30 22:57:50.133,2.08344,2.08409,1.00,1.50
2015.11.30 22:57:50.238,2.08344,2.08406,1.00,1.00
2015.11.30 22:57:50.354,2.08341,2.08406,1.00,1.00
2015.11.30 22:57:50.840,2.08341,2.08409,1.00,1.00
2015.11.30 22:57:50.891,2.08344,2.08409,1.00,1.00
2015.11.30 22:57:51.442,2.08344,2.0841,1.00,1.00
2015.11.30 22:57:51.973,2.08344,2.08409,1.00,1.00
2015.11.30 22:57:53.396,2.08344,2.0841,1.12,1.00
2015.11.30 22:57:54.150,2.08344,2.08409,1.12,1.00
2015.11.30 22:57:55.439,2.08344,2.0841,1.00,1.00
2015.11.30 22:57:55.642,2.08348,2.08417,1.00,1.37
2015.11.30 22:57:56.212,2.08348,2.08417,1.00,1.00
2015.11.30 22:57:56.807,2.08353,2.08417,1.00,1.00
2015.11.30 22:57:57.137,2.08346,2.08418,1.37,1.00
2015.11.30 22:57:57.344,2.08346,2.08415,1.50,1.00
2015.11.30 22:57:57.646,2.08356,2.08419,1.00,1.00
2015.11.30 22:57:57.697,2.08352,2.08419,1.00,1.00
2015.11.30 22:57:58.096,2.08352,2.08417,1.00,1.00
2015.11.30 22:57:58.147,2.08349,2.08417,1.00,1.00
2015.11.30 22:57:58.213,2.08346,2.08414,1.00,1.00
2015.11.30 22:57:58.478,2.08343,2.08413,1.12,1.00
2015.11.30 22:57:58.579,2.08346,2.08413,1.00,1.00
2015.11.30 22:57:58.914,2.08346,2.08409,1.00,1.00
2015.11.30 22:57:59.349,2.0835,2.08419,1.37,1.00
2015.11.30 22:57:59.517,2.08352,2.08423,1.37,1.00
2015.11.30 22:57:59.820,2.0835,2.0842,1.37,1.00
2015.11.30 22:58:00.858,2.0835,2.08418,1.37,1.00
2015.11.30 22:58:00.959,2.0835,2.08415,1.00,1.00
2015.11.30 22:58:01.121,2.0835,2.08417,1.00,1.00
2015.11.30 22:58:01.222,2.0835,2.08413,1.00,1.00
2015.11.30 22:58:01.701,2.0835,2.08411,1.00,1.00
2015.11.30 22:58:01.903,2.08342,2.08407,1.00,1.00
2015.11.30 22:58:02.134,2.08342,2.08405,1.00,1.00
2015.11.30 22:58:02.336,2.08337,2.08402,1.12,1.00
2015.11.30 22:58:02.839,2.08338,2.08402,1.00,1.00
2015.11.30 22:58:03.048,2.08331,2.084,2.62,1.00
2015.11.30 22:58:03.099,2.08333,2.084,1.00,1.00
2015.11.30 22:58:03.200,2.08333,2.08404,1.00,1.00
2015.11.30 22:58:03.451,2.08333,2.084,1.50,1.00
2015.11.30 22:58:03.758,2.08333,2.08393,1.00,1.00
2015.11.30 22:58:04.156,2.08333,2.08397,1.00,1.00
2015.11.30 22:58:04.617,2.0833,2.08397,1.87,1.00
2015.11.30 22:58:04.744,2.08335,2.08397,1.00,1.50
2015.11.30 22:58:05.172,2.08333,2.08394,1.00,1.00
2015.11.30 22:58:05.833,2.08333,2.08395,1.00,1.00
2015.11.30 22:58:06.610,2.08332,2.08395,1.00,1.00
2015.11.30 22:58:06.936,2.08334,2.08396,1.00,1.00
2015.11.30 22:58:07.337,2.08334,2.08392,1.00,1.00
2015.11.30 22:58:07.873,2.08334,2.08393,1.00,1.00
2015.11.30 22:58:08.841,2.08334,2.08392,1.00,1.00
2015.11.30 22:58:09.358,2.08333,2.08393,1.00,1.00
2015.11.30 22:58:09.894,2.08333,2.08392,1.00,1.00
2015.11.30 22:58:10.504,2.08333,2.08393,1.00,1.00
2015.11.30 22:58:10.934,2.08335,2.08393,1.00,1.00
2015.11.30 22:58:11.005,2.08335,2.08397,1.00,1.87
2015.11.30 22:58:11.719,2.08333,2.08397,1.00,1.87
2015.11.30 22:58:11.820,2.08327,2.08397,1.15,2.25
2015.11.30 22:58:11.871,2.08328,2.08397,1.00,3.00
2015.11.30 22:58:11.921,2.08328,2.0839,1.00,1.00
2015.11.30 22:58:12.270,2.08324,2.0839,1.00,1.00
2015.11.30 22:58:12.551,2.08326,2.0839,1.00,1.00
2015.11.30 22:58:13.145,2.08327,2.0839,1.00,1.00
2015.11.30 22:58:14.606,2.08328,2.0839,1.00,1.00
2015.11.30 22:58:14.657,2.08329,2.08397,1.00,2.25
2015.11.30 22:58:14.708,2.08329,2.08397,1.00,1.50
2015.11.30 22:58:14.859,2.08331,2.08398,1.00,1.15
2015.11.30 22:58:14.910,2.08331,2.08398,1.00,1.20
2015.11.30 22:58:15.456,2.08331,2.08397,1.00,1.00
2015.11.30 22:58:15.995,2.0833,2.08396,1.00,1.00
2015.11.30 22:58:16.107,2.0833,2.08398,1.50,1.50
2015.11.30 22:58:16.309,2.0833,2.08395,1.00,1.00
2015.11.30 22:58:16.870,2.0833,2.08396,1.00,1.00
2015.11.30 22:58:17.212,2.08333,2.08396,1.00,1.00
2015.11.30 22:58:17.486,2.08333,2.08398,1.00,1.65
2015.11.30 22:58:18.933,2.08333,2.08398,1.00,1.92
2015.11.30 22:58:20.126,2.08335,2.08392,1.00,1.47
2015.11.30 22:58:20.557,2.08342,2.08392,1.00,1.00
2015.11.30 22:58:20.749,2.08341,2.08404,1.12,1.72
2015.11.30 22:58:20.800,2.08341,2.08409,1.87,1.50
2015.11.30 22:58:20.901,2.08342,2.08409,1.12,1.00
2015.11.30 22:58:21.821,2.08341,2.08409,1.12,1.00
2015.11.30 22:58:22.388,2.08339,2.08408,1.87,1.00
2015.11.30 22:58:22.771,2.08339,2.08403,1.87,1.00
2015.11.30 22:58:22.873,2.08342,2.08408,1.00,1.00
2015.11.30 22:58:22.923,2.08345,2.08408,1.00,1.00
2015.11.30 22:58:26.748,2.08342,2.08407,1.00,1.00
2015.11.30 22:58:26.849,2.08342,2.08404,1.00,1.00
2015.11.30 22:58:27.152,2.08338,2.08399,1.00,1.00
2015.11.30 22:58:33.861,2.08338,2.08396,1.00,1.00
2015.11.30 22:58:33.963,2.08338,2.08399,1.00,1.00
2015.11.30 22:58:34.014,2.08335,2.08399,1.00,1.50
2015.11.30 22:58:34.680,2.08335,2.08398,1.00,1.00
2015.11.30 22:58:35.063,2.08335,2.08395,1.00,1.00
2015.11.30 22:58:35.411,2.08333,2.08396,1.00,1.00
2015.11.30 22:58:35.462,2.08335,2.08396,1.00,1.00
2015.11.30 22:58:35.765,2.08333,2.08393,1.00,1.00
2015.11.30 22:58:36.557,2.08333,2.08395,1.00,1.00
2015.11.30 22:58:36.627,2.08335,2.08395,1.00,1.00
2015.11.30 22:58:39.217,2.08335,2.08396,1.00,1.00
2015.11.30 22:58:39.973,2.08338,2.08396,1.00,1.00
2015.11.30 22:58:40.024,2.08338,2.08399,1.00,1.00
2015.11.30 22:58:40.227,2.08337,2.08401,1.00,1.00
2015.11.30 22:58:40.826,2.08337,2.084,1.00,1.00
2015.11.30 22:58:41.649,2.08337,2.08401,1.00,1.00
2015.11.30 22:58:41.800,2.08335,2.084,1.00,1.00
2015.11.30 22:58:41.952,2.08335,2.08397,1.00,1.00
2015.11.30 22:58:42.053,2.08333,2.08396,1.00,1.00
2015.11.30 22:58:42.103,2.08335,2.08396,1.00,1.00
2015.11.30 22:58:43.025,2.08335,2.08397,1.00,1.00
2015.11.30 22:58:43.809,2.08334,2.08397,1.00,1.00
2015.11.30 22:58:44.329,2.08334,2.08396,1.00,1.00
2015.11.30 22:58:45.230,2.08334,2.08397,1.00,1.00
2015.11.30 22:58:46.035,2.08334,2.08398,1.00,1.00
2015.11.30 22:58:46.633,2.08334,2.08397,1.00,1.00
2015.11.30 22:58:47.134,2.08334,2.08398,1.00,1.00
2015.11.30 22:58:47.639,2.08334,2.08397,1.00,1.00
2015.11.30 22:58:48.236,2.08334,2.08398,1.00,1.00
2015.11.30 22:58:49.238,2.08334,2.08397,1.00,1.00
2015.11.30 22:58:49.840,2.08334,2.08398,1.00,1.00
2015.11.30 22:58:50.304,2.0833,2.0839,1.00,1.37
2015.11.30 22:58:50.507,2.08318,2.08382,1.00,1.00
2015.11.30 22:58:50.558,2.08313,2.08379,1.00,1.00
2015.11.30 22:58:50.810,2.08315,2.08378,1.00,1.00
2015.11.30 22:58:50.861,2.08317,2.08386,1.00,1.37
2015.11.30 22:58:51.265,2.0831,2.08379,1.50,1.00
2015.11.30 22:58:51.719,2.08313,2.08379,1.00,1.50
2015.11.30 22:58:53.697,2.08312,2.08379,1.00,1.00
2015.11.30 22:58:54.001,2.08317,2.08383,1.00,1.00
2015.11.30 22:58:54.152,2.08315,2.08383,1.00,1.00
2015.11.30 22:58:54.552,2.08311,2.08382,1.50,1.00
2015.11.30 22:58:55.082,2.08312,2.08381,1.00,1.00
2015.11.30 22:58:56.067,2.08319,2.08381,1.00,1.00
2015.11.30 22:58:56.168,2.08315,2.0838,1.00,1.00
2015.11.30 22:58:56.621,2.08315,2.08383,1.00,1.00
2015.11.30 22:58:56.722,2.08315,2.08376,1.00,1.00
2015.11.30 22:58:57.130,2.08315,2.08373,1.00,1.00
2015.11.30 22:58:57.432,2.08315,2.08371,1.00,1.00
2015.11.30 22:58:57.483,2.08315,2.08376,1.00,1.00
2015.11.30 22:58:57.945,2.08315,2.08381,1.00,1.00
2015.11.30 22:58:57.996,2.08309,2.08379,1.12,1.00
2015.11.30 22:58:58.198,2.08309,2.08376,1.12,1.00
2015.11.30 22:58:58.574,2.08309,2.0838,1.50,1.00
2015.11.30 22:58:59.195,2.0831,2.08379,1.00,1.00
2015.11.30 22:58:59.907,2.08309,2.0838,1.50,1.00
2015.11.30 22:59:00.420,2.0831,2.08379,1.00,1.00
2015.11.30 22:59:01.532,2.08313,2.08379,1.00,1.00
2015.11.30 22:59:01.737,2.08309,2.08379,1.50,1.12
2015.11.30 22:59:02.476,2.0831,2.08379,1.00,1.50
2015.11.30 22:59:05.584,2.0831,2.08374,1.00,1.00
2015.11.30 22:59:06.084,2.08312,2.08374,1.00,1.00
2015.11.30 22:59:06.135,2.08312,2.08378,1.00,1.00
2015.11.30 22:59:06.687,2.08311,2.08378,1.50,1.00
2015.11.30 22:59:06.926,2.08315,2.08378,1.00,1.00
2015.11.30 22:59:07.489,2.08316,2.08378,1.00,1.00
2015.11.30 22:59:07.691,2.08313,2.08378,1.00,1.00
2015.11.30 22:59:08.275,2.08313,2.08382,1.00,1.00
2015.11.30 22:59:08.822,2.08312,2.08383,1.00,2.25
2015.11.30 22:59:09.346,2.08315,2.08382,1.00,1.00
2015.11.30 22:59:10.046,2.08315,2.08378,1.00,1.00
2015.11.30 22:59:10.854,2.08315,2.08382,1.00,1.00
2015.11.30 22:59:11.702,2.08315,2.08379,1.00,1.00
2015.11.30 22:59:12.357,2.08314,2.08378,1.00,1.00
2015.11.30 22:59:12.939,2.08312,2.0838,1.50,1.00
2015.11.30 22:59:13.040,2.08316,2.0838,1.00,1.00
2015.11.30 22:59:13.141,2.08309,2.0838,1.00,1.00
2015.11.30 22:59:13.192,2.08316,2.08391,1.00,1.87
2015.11.30 22:59:13.242,2.08316,2.08388,1.00,1.00
2015.11.30 22:59:13.549,2.08316,2.0839,1.00,1.12
2015.11.30 22:59:13.608,2.08316,2.08386,1.00,1.00
2015.11.30 22:59:13.911,2.08316,2.08389,1.00,1.50
2015.11.30 22:59:14.012,2.08316,2.08386,1.00,1.00
2015.11.30 22:59:14.611,2.08316,2.08383,1.00,1.00
2015.11.30 22:59:15.015,2.08316,2.08386,1.00,1.00
2015.11.30 22:59:15.810,2.08316,2.08385,1.00,1.00
2015.11.30 22:59:16.470,2.08316,2.08386,1.00,1.00
2015.11.30 22:59:17.118,2.08316,2.08386,1.00,1.37
2015.11.30 22:59:17.219,2.0831,2.08385,1.00,1.87
2015.11.30 22:59:17.901,2.0831,2.08385,1.50,1.50
2015.11.30 22:59:17.951,2.08313,2.08385,1.00,1.00
2015.11.30 22:59:18.254,2.08316,2.08385,1.00,1.00
2015.11.30 22:59:18.556,2.08318,2.08385,1.00,1.00
2015.11.30 22:59:19.073,2.08317,2.08385,1.00,1.00
2015.11.30 22:59:19.577,2.08318,2.08385,1.00,1.00
2015.11.30 22:59:20.102,2.08319,2.08385,1.37,1.00
2015.11.30 22:59:20.203,2.08326,2.08397,1.00,1.00
2015.11.30 22:59:20.254,2.08326,2.08401,1.00,1.50
2015.11.30 22:59:20.305,2.0833,2.08401,1.00,1.20
2015.11.30 22:59:20.727,2.0833,2.08399,1.00,1.00
2015.11.30 22:59:21.344,2.0833,2.084,1.12,1.00
2015.11.30 22:59:21.912,2.0833,2.08403,1.12,1.00
2015.11.30 22:59:23.283,2.08332,2.08403,1.00,1.00
2015.11.30 22:59:24.278,2.08332,2.08401,1.00,1.00
2015.11.30 22:59:24.580,2.08332,2.08403,1.37,1.50
2015.11.30 22:59:25.376,2.08335,2.08403,1.00,1.00
2015.11.30 22:59:25.679,2.08338,2.08399,1.00,1.00
2015.11.30 22:59:26.649,2.08337,2.08399,1.00,1.00
2015.11.30 22:59:27.150,2.08338,2.08399,1.00,1.00
2015.11.30 22:59:27.535,2.08338,2.08403,1.00,1.00
2015.11.30 22:59:27.687,2.08341,2.08403,1.00,1.20
2015.11.30 22:59:27.788,2.08344,2.08408,1.00,1.00
2015.11.30 22:59:27.889,2.08339,2.08408,1.00,1.00
2015.11.30 22:59:28.188,2.08339,2.08408,1.00,1.15
2015.11.30 22:59:28.289,2.08339,2.08408,1.00,1.00
2015.11.30 22:59:29.024,2.08339,2.08409,1.00,1.00
2015.11.30 22:59:29.857,2.08339,2.08403,1.00,1.00
2015.11.30 22:59:30.305,2.08337,2.08403,1.00,1.00
2015.11.30 22:59:31.875,2.08337,2.08398,1.00,1.00
2015.11.30 22:59:34.485,2.08335,2.08398,1.00,1.00
2015.11.30 22:59:37.236,2.08334,2.08398,1.50,1.00
2015.11.30 22:59:37.388,2.08342,2.08398,1.00,1.00
2015.11.30 22:59:37.579,2.0834,2.08398,1.00,1.00
2015.11.30 22:59:38.476,2.0833,2.08398,1.50,1.00
2015.11.30 22:59:38.882,2.0833,2.08401,1.00,1.00
2015.11.30 22:59:38.932,2.08336,2.08401,1.00,1.00
2015.11.30 22:59:39.332,2.08336,2.08398,1.00,1.00
2015.11.30 22:59:41.294,2.08336,2.08404,1.50,1.27
2015.11.30 22:59:41.546,2.08336,2.08404,1.50,1.12
2015.11.30 22:59:42.306,2.08334,2.08404,1.50,1.87
2015.11.30 22:59:42.407,2.08336,2.08404,1.00,1.00
2015.11.30 22:59:42.738,2.08336,2.08399,1.00,1.00
2015.11.30 22:59:43.122,2.08336,2.08404,1.00,1.12
2015.11.30 22:59:43.290,2.08334,2.08401,1.37,1.00
2015.11.30 22:59:43.875,2.08334,2.08402,1.37,1.00
2015.11.30 22:59:44.392,2.08334,2.08401,1.37,1.00
2015.11.30 22:59:44.898,2.08334,2.08401,1.37,1.00
2015.11.30 22:59:45.245,2.08343,2.08402,1.00,1.00
2015.11.30 22:59:45.297,2.08349,2.08409,1.00,1.00
2015.11.30 22:59:45.348,2.08349,2.08415,1.00,1.00
2015.11.30 22:59:45.399,2.08352,2.08419,1.37,1.00
2015.11.30 22:59:45.702,2.0836,2.08426,1.00,1.37
2015.11.30 22:59:46.290,2.0836,2.08426,1.00,1.37
2015.11.30 22:59:46.608,2.08365,2.08427,1.00,1.37
2015.11.30 22:59:47.168,2.08365,2.08427,1.00,1.37
2015.11.30 22:59:47.269,2.08359,2.08425,1.00,1.37
2015.11.30 22:59:47.808,2.08359,2.08425,1.00,1.00
2015.11.30 22:59:48.062,2.08357,2.08424,1.00,1.50
2015.11.30 22:59:48.113,2.08357,2.08421,1.00,1.00
2015.11.30 22:59:48.543,2.08357,2.08425,1.00,1.00
2015.11.30 22:59:48.594,2.0836,2.08425,1.00,1.00
2015.11.30 22:59:49.159,2.0836,2.08426,1.00,1.00
2015.11.30 22:59:49.311,2.0836,2.08428,1.00,1.00
2015.11.30 22:59:49.577,2.08366,2.08431,1.00,1.00
2015.11.30 22:59:49.879,2.08366,2.08428,1.00,1.00
2015.11.30 22:59:50.319,2.08366,2.0843,1.00,1.00
2015.11.30 22:59:50.921,2.08366,2.08429,1.00,1.00
2015.11.30 22:59:51.466,2.08366,2.0843,1.00,1.00
2015.11.30 22:59:51.820,2.08364,2.08426,1.00,1.00
2015.11.30 22:59:51.871,2.08359,2.08426,1.00,1.00
2015.11.30 22:59:53.774,2.08359,2.08427,1.00,1.50
2015.11.30 22:59:53.876,2.08361,2.08426,1.00,1.00
2015.11.30 22:59:53.977,2.08356,2.08427,1.87,1.00
2015.11.30 22:59:54.713,2.08356,2.08427,1.87,1.00
2015.11.30 22:59:55.015,2.08367,2.08432,1.00,1.00
2015.11.30 22:59:55.066,2.08367,2.08435,1.00,1.00
2015.11.30 22:59:55.695,2.08367,2.08436,1.50,1.00
2015.11.30 22:59:55.915,2.08367,2.08434,1.00,1.00
2015.11.30 22:59:56.017,2.08364,2.08433,1.50,1.00
2015.11.30 22:59:56.538,2.08364,2.08429,1.00,1.00
2015.11.30 22:59:56.941,2.0836,2.08429,1.87,1.00
2015.11.30 22:59:57.452,2.0836,2.0843,1.37,1.50
2015.11.30 22:59:58.239,2.0836,2.08429,1.87,1.00
2015.11.30 22:59:58.549,2.08356,2.08425,1.87,1.00
2015.11.30 22:59:59.102,2.08356,2.08426,1.37,1.00
2015.11.30 22:59:59.748,2.08356,2.08425,1.87,1.00
