2013.11.19 03:00:00.255,1.71812,1.7184,1.13,1.58
2013.11.19 03:00:00.496,1.71812,1.7184,1.88,1.58
2013.11.19 03:00:02.161,1.71812,1.71839,1.95,1.65
2013.11.19 03:00:02.312,1.71812,1.71836,1.88,1.58
2013.11.19 03:00:02.414,1.71812,1.71838,1.88,1.58
2013.11.19 03:00:03.477,1.71812,1.71838,1.13,2.33
2013.11.19 03:00:03.629,1.71805,1.71831,1.50,1.58
2013.11.19 03:00:03.881,1.71805,1.71831,1.50,1.28
2013.11.19 03:00:04.134,1.71811,1.71838,3.00,1.13
2013.11.19 03:00:04.185,1.71812,1.71842,3.45,1.95
2013.11.19 03:00:04.459,1.71814,1.71842,4.58,1.13
2013.11.19 03:00:04.828,1.71814,1.71845,1.58,1.28
2013.11.19 03:00:04.879,1.71814,1.71845,1.50,1.95
2013.11.19 03:00:05.661,1.71814,1.71844,1.50,1.65
2013.11.19 03:00:05.855,1.71814,1.71844,1.50,1.65
2013.11.19 03:00:21.164,1.71814,1.71846,3.00,1.28
2013.11.19 03:00:21.417,1.71817,1.71845,1.50,1.28
2013.11.19 03:00:21.518,1.71817,1.71846,3.83,1.20
2013.11.19 03:00:21.619,1.71817,1.71847,3.08,1.28
2013.11.19 03:00:21.872,1.71817,1.71845,1.50,1.58
2013.11.19 03:00:22.185,1.71817,1.71842,1.50,1.58
2013.11.19 03:00:22.286,1.71817,1.71842,2.25,2.33
2013.11.19 03:00:23.925,1.71817,1.71843,1.50,1.50
2013.11.19 03:00:23.976,1.71817,1.71844,1.50,1.20
2013.11.19 03:00:24.266,1.71818,1.71851,4.58,1.50
2013.11.19 03:00:24.367,1.71825,1.71853,3.01,1.88
2013.11.19 03:00:24.468,1.71825,1.71853,3.00,1.88
2013.11.19 03:00:26.323,1.71826,1.7186,3.08,1.95
2013.11.19 03:00:26.577,1.7183,1.71861,3.08,1.28
2013.11.19 03:00:27.042,1.7183,1.71861,3.08,1.28
2013.11.19 03:00:28.197,1.7183,1.71861,3.08,1.28
2013.11.19 03:00:30.716,1.7183,1.71862,3.08,1.28
2013.11.19 03:00:30.869,1.7183,1.71862,5.26,1.20
2013.11.19 03:00:30.970,1.71833,1.71862,3.75,1.13
2013.11.19 03:00:32.655,1.71836,1.71864,2.78,1.20
2013.11.19 03:00:34.906,1.71834,1.71864,2.33,1.20
2013.11.19 03:00:35.567,1.71834,1.71864,1.65,1.28
2013.11.19 03:00:35.618,1.71834,1.71864,1.58,1.28
2013.11.19 03:00:35.719,1.71834,1.71865,1.50,1.58
2013.11.19 03:00:35.895,1.71836,1.7187,3.00,1.65
2013.11.19 03:00:36.061,1.71836,1.71866,1.50,1.58
2013.11.19 03:00:45.633,1.71836,1.71866,1.50,1.58
2013.11.19 03:00:45.802,1.71835,1.71866,2.03,1.58
2013.11.19 03:00:46.339,1.71835,1.71867,1.50,2.33
2013.11.19 03:00:46.694,1.71835,1.71864,1.20,1.50
2013.11.19 03:00:58.733,1.71833,1.71859,1.88,1.50
2013.11.19 03:00:58.784,1.71833,1.71858,1.50,1.58
2013.11.19 03:00:58.937,1.71832,1.71857,1.13,1.65
2013.11.19 03:01:10.111,1.71832,1.71855,1.50,1.20
2013.11.19 03:01:10.596,1.71832,1.71861,1.65,1.28
2013.11.19 03:01:10.697,1.71832,1.71861,1.50,1.28
2013.11.19 03:01:11.528,1.71833,1.71861,3.08,1.13
2013.11.19 03:01:14.896,1.71832,1.71862,1.58,2.25
2013.11.19 03:01:15.454,1.71832,1.71862,2.25,1.58
2013.11.19 03:01:16.963,1.71832,1.71862,1.50,1.58
2013.11.19 03:01:18.728,1.71832,1.71862,1.50,1.58
2013.11.19 03:01:20.264,1.71832,1.71862,1.50,1.58
2013.11.19 03:01:30.824,1.71832,1.71862,1.50,1.58
2013.11.19 03:01:32.850,1.71832,1.7186,1.50,1.58
2013.11.19 03:01:33.154,1.71832,1.71859,1.50,1.58
2013.11.19 03:01:36.312,1.71835,1.71866,5.63,3.08
2013.11.19 03:01:36.413,1.71842,1.71866,2.33,2.25
2013.11.19 03:01:36.463,1.71842,1.71866,2.71,1.50
2013.11.19 03:01:36.514,1.71842,1.71869,3.83,2.25
2013.11.19 03:01:37.089,1.71842,1.71874,1.50,3.08
2013.11.19 03:01:37.650,1.71842,1.71874,1.50,3.08
2013.11.19 03:01:42.724,1.71842,1.71872,2.03,1.65
2013.11.19 03:01:46.036,1.71842,1.71872,1.50,1.65
2013.11.19 03:01:51.818,1.71842,1.71872,1.28,1.65
2013.11.19 03:01:52.543,1.71844,1.71872,2.78,1.65
2013.11.19 03:01:52.851,1.71851,1.71875,3.46,1.50
2013.11.19 03:01:52.902,1.71853,1.71875,1.50,1.50
2013.11.19 03:01:53.053,1.71858,1.71875,3.01,1.50
2013.11.19 03:01:53.205,1.71863,1.71884,2.33,1.50
2013.11.19 03:01:53.256,1.71864,1.71884,2.33,1.50
2013.11.19 03:01:53.357,1.71864,1.71889,4.50,1.50
2013.11.19 03:01:53.458,1.71866,1.71891,4.13,1.50
2013.11.19 03:01:53.560,1.71866,1.71898,4.13,1.28
2013.11.19 03:01:53.712,1.71867,1.71898,3.08,1.28
2013.11.19 03:01:54.761,1.71868,1.71898,4.51,1.13
2013.11.19 03:01:57.267,1.71868,1.719,2.33,1.58
2013.11.19 03:01:57.776,1.71868,1.71899,1.65,1.58
2013.11.19 03:01:58.125,1.71868,1.71895,1.50,1.58
2013.11.19 03:02:02.584,1.71868,1.71895,1.50,1.58
2013.11.19 03:02:02.635,1.71868,1.71898,1.50,1.65
2013.11.19 03:02:02.838,1.7187,1.71902,2.78,3.08
2013.11.19 03:02:03.040,1.7187,1.719,1.13,1.58
2013.11.19 03:02:06.425,1.7187,1.719,1.50,2.33
2013.11.19 03:02:16.083,1.7187,1.719,1.50,1.58
2013.11.19 03:02:16.435,1.7187,1.71902,1.65,2.33
2013.11.19 03:02:17.142,1.71871,1.71902,3.16,2.33
2013.11.19 03:02:18.337,1.71871,1.71902,2.78,2.33
2013.11.19 03:02:19.036,1.7187,1.71897,1.88,1.58
2013.11.19 03:02:30.399,1.71868,1.719,2.03,2.33
2013.11.19 03:02:34.765,1.71868,1.719,3.53,1.58
2013.11.19 03:02:34.917,1.71871,1.719,3.01,1.50
2013.11.19 03:02:34.968,1.71873,1.71903,3.08,1.65
2013.11.19 03:02:35.069,1.71875,1.71903,3.00,1.50
2013.11.19 03:02:36.681,1.71875,1.71906,1.50,1.95
2013.11.19 03:02:37.034,1.71873,1.71901,1.50,1.58
2013.11.19 03:02:46.876,1.71873,1.71899,1.50,1.58
2013.11.19 03:02:47.126,1.71871,1.71897,1.13,1.65
2013.11.19 03:02:48.514,1.71871,1.71901,1.50,1.58
2013.11.19 03:02:51.770,1.7187,1.71897,1.58,1.58
2013.11.19 03:02:52.353,1.7187,1.71896,1.50,1.58
2013.11.19 03:02:53.953,1.71868,1.71896,1.50,1.58
2013.11.19 03:02:54.943,1.71863,1.71892,2.33,1.58
2013.11.19 03:02:55.044,1.71863,1.71891,2.25,1.50
2013.11.19 03:02:55.585,1.71858,1.7189,1.65,2.33
2013.11.19 03:02:55.944,1.71858,1.71887,1.58,2.40
2013.11.19 03:02:55.995,1.71858,1.71885,2.33,3.00
2013.11.19 03:02:56.046,1.71858,1.71883,1.58,2.25
2013.11.19 03:02:56.197,1.71855,1.71881,1.13,1.65
2013.11.19 03:02:56.248,1.71855,1.7188,1.13,1.58
2013.11.19 03:02:56.824,1.71853,1.71878,1.88,1.50
2013.11.19 03:02:58.827,1.71853,1.71877,1.50,1.20
2013.11.19 03:02:58.929,1.71848,1.7187,1.50,1.20
2013.11.19 03:02:59.030,1.71848,1.71869,1.50,3.08
2013.11.19 03:02:59.131,1.71837,1.71864,1.13,1.58
2013.11.19 03:02:59.566,1.71836,1.71864,1.50,1.58
2013.11.19 03:03:03.922,1.71833,1.7186,1.58,1.50
2013.11.19 03:03:03.973,1.71833,1.7186,1.50,2.33
2013.11.19 03:03:04.748,1.71833,1.71858,1.50,1.65
2013.11.19 03:03:05.278,1.71833,1.7186,1.50,1.58
2013.11.19 03:03:05.329,1.71833,1.71861,1.58,1.65
2013.11.19 03:03:15.361,1.71835,1.71865,3.01,2.25
2013.11.19 03:03:15.412,1.71836,1.71865,3.00,2.25
2013.11.19 03:03:15.664,1.71836,1.7187,3.01,2.70
2013.11.19 03:03:19.383,1.71836,1.71867,1.58,1.65
2013.11.19 03:03:19.934,1.71833,1.71866,1.65,1.58
2013.11.19 03:03:22.346,1.71836,1.71866,1.13,1.58
2013.11.19 03:03:22.549,1.71845,1.71872,2.71,1.50
2013.11.19 03:03:22.650,1.71846,1.71874,2.71,1.13
2013.11.19 03:03:22.701,1.71848,1.71882,3.01,3.08
2013.11.19 03:03:22.802,1.71848,1.71882,3.01,2.33
2013.11.19 03:03:22.853,1.71848,1.71882,4.51,2.33
2013.11.19 03:03:23.369,1.71849,1.71882,3.76,1.65
2013.11.19 03:03:24.332,1.71851,1.71885,3.00,1.58
2013.11.19 03:03:26.532,1.71851,1.71877,1.58,1.50
2013.11.19 03:03:26.743,1.71848,1.71877,2.33,1.50
2013.11.19 03:03:34.688,1.71848,1.71881,3.83,1.65
2013.11.19 03:03:38.679,1.7185,1.71878,3.00,1.13
2013.11.19 03:03:38.780,1.7185,1.71878,3.00,1.13
2013.11.19 03:03:46.530,1.7185,1.71878,2.71,1.20
2013.11.19 03:03:47.331,1.7185,1.71878,1.50,1.20
2013.11.19 03:03:48.907,1.7185,1.71878,2.78,1.20
2013.11.19 03:04:01.401,1.71851,1.71885,4.13,1.58
2013.11.19 03:04:02.831,1.71851,1.71885,3.75,1.58
2013.11.19 03:04:05.037,1.71852,1.71882,3.00,1.58
2013.11.19 03:04:25.342,1.71852,1.71885,1.13,1.58
2013.11.19 03:04:25.962,1.71852,1.71885,1.20,1.58
2013.11.19 03:04:26.431,1.71852,1.71885,1.50,1.58
2013.11.19 03:04:30.352,1.71852,1.71885,1.20,1.58
2013.11.19 03:04:32.203,1.71853,1.71886,2.70,1.95
2013.11.19 03:04:39.798,1.71854,1.71887,3.08,2.40
2013.11.19 03:04:40.000,1.71856,1.71887,3.75,1.65
2013.11.19 03:04:40.642,1.71856,1.71888,3.00,1.65
2013.11.19 03:04:40.946,1.7186,1.7189,3.83,2.33
2013.11.19 03:04:41.287,1.71863,1.71892,5.26,1.50
2013.11.19 03:04:52.651,1.71866,1.71894,3.08,2.25
2013.11.19 03:04:55.571,1.71866,1.71892,2.40,1.50
2013.11.19 03:04:59.861,1.71866,1.71894,1.65,2.25
2013.11.19 03:05:05.544,1.71867,1.71896,5.26,1.13
2013.11.19 03:05:05.645,1.71869,1.71896,3.00,1.13
2013.11.19 03:05:07.421,1.71868,1.71896,2.40,1.20
2013.11.19 03:05:15.940,1.71868,1.71897,2.33,2.33
2013.11.19 03:05:15.992,1.71868,1.71897,3.01,1.50
2013.11.19 03:05:16.093,1.71868,1.71898,1.50,2.33
2013.11.19 03:05:16.296,1.71867,1.71892,1.58,1.50
2013.11.19 03:05:17.890,1.71867,1.71892,3.75,1.58
2013.11.19 03:05:18.041,1.71871,1.71901,2.70,2.40
2013.11.19 03:05:21.122,1.71871,1.71901,1.58,3.08
2013.11.19 03:05:21.223,1.71869,1.71899,1.95,1.65
2013.11.19 03:05:52.477,1.71868,1.7189,1.58,1.50
2013.11.19 03:05:52.585,1.71868,1.71899,2.33,1.65
2013.11.19 03:06:01.233,1.71868,1.71899,3.38,1.50
2013.11.19 03:06:01.891,1.7187,1.71901,3.38,1.58
2013.11.19 03:06:02.978,1.7187,1.71901,3.38,1.58
2013.11.19 03:06:05.177,1.71871,1.71897,2.63,1.50
2013.11.19 03:06:05.440,1.71868,1.71892,2.70,1.50
2013.11.19 03:06:05.742,1.71868,1.7189,1.50,1.65
2013.11.19 03:06:06.045,1.7186,1.71886,1.58,1.65
2013.11.19 03:06:06.146,1.7186,1.71886,1.58,1.65
2013.11.19 03:06:06.651,1.7186,1.71892,2.78,2.33
2013.11.19 03:06:12.069,1.71864,1.71895,1.50,2.33
2013.11.19 03:06:12.322,1.71865,1.71897,3.75,3.15
2013.11.19 03:06:41.573,1.71867,1.71892,1.50,1.58
2013.11.19 03:06:41.775,1.71862,1.71889,1.65,1.65
2013.11.19 03:06:41.954,1.71865,1.71892,1.13,2.33
2013.11.19 03:06:42.107,1.71865,1.7189,1.50,1.58
2013.11.19 03:06:42.258,1.71866,1.71892,2.63,1.50
2013.11.19 03:06:46.870,1.71866,1.71889,1.65,1.50
2013.11.19 03:06:50.579,1.71863,1.71892,2.40,1.65
2013.11.19 03:06:51.799,1.71865,1.71892,6.01,1.50
2013.11.19 03:06:52.102,1.71869,1.71892,5.63,1.50
2013.11.19 03:06:52.562,1.71871,1.71901,3.00,1.20
2013.11.19 03:06:52.663,1.71873,1.71901,1.50,1.20
2013.11.19 03:06:52.817,1.71873,1.71896,1.58,1.50
2013.11.19 03:06:56.739,1.71873,1.71897,1.65,1.50
2013.11.19 03:06:57.486,1.71873,1.71901,3.90,1.28
2013.11.19 03:06:57.789,1.71878,1.71909,1.50,1.58
2013.11.19 03:06:58.118,1.71881,1.71912,3.76,2.40
2013.11.19 03:07:00.039,1.71879,1.71907,1.95,1.50
2013.11.19 03:07:00.809,1.71881,1.71906,1.50,1.20
2013.11.19 03:07:08.621,1.71881,1.71907,1.58,1.50
2013.11.19 03:07:08.839,1.71881,1.7191,1.50,1.65
2013.11.19 03:07:14.879,1.71883,1.71912,3.01,1.50
2013.11.19 03:07:15.548,1.71883,1.71915,3.01,2.40
2013.11.19 03:07:27.694,1.71884,1.71912,3.08,1.50
2013.11.19 03:07:29.096,1.7188,1.71906,1.13,2.33
2013.11.19 03:07:41.707,1.71878,1.71902,1.13,1.58
2013.11.19 03:07:41.808,1.71878,1.71902,1.13,2.33
2013.11.19 03:07:42.416,1.71878,1.719,1.13,1.65
2013.11.19 03:07:42.980,1.71878,1.71902,1.88,1.58
2013.11.19 03:07:49.391,1.71874,1.71902,2.40,1.65
2013.11.19 03:08:05.054,1.71874,1.71902,1.50,1.58
2013.11.19 03:08:06.353,1.71874,1.71903,3.08,1.58
2013.11.19 03:08:06.657,1.71879,1.71909,3.08,1.65
2013.11.19 03:08:07.060,1.7188,1.71909,1.50,1.65
2013.11.19 03:08:07.386,1.71888,1.71911,1.50,1.50
2013.11.19 03:08:07.487,1.71888,1.71911,1.50,2.25
2013.11.19 03:08:07.588,1.71888,1.71911,1.65,1.50
2013.11.19 03:08:07.639,1.71888,1.71911,1.65,1.50
2013.11.19 03:08:07.892,1.71883,1.7191,1.50,1.58
2013.11.19 03:08:08.419,1.71883,1.7191,1.50,1.58
2013.11.19 03:08:08.479,1.71883,1.7191,1.50,1.58
2013.11.19 03:08:09.034,1.71883,1.71913,1.50,2.33
2013.11.19 03:08:09.359,1.71883,1.71909,1.50,1.58
2013.11.19 03:08:10.167,1.71883,1.71912,1.50,1.58
2013.11.19 03:08:10.719,1.71883,1.71913,1.50,1.65
2013.11.19 03:08:10.922,1.71883,1.71913,1.50,1.65
2013.11.19 03:08:12.332,1.71883,1.71912,3.46,1.50
2013.11.19 03:08:15.244,1.71886,1.71912,2.71,1.50
2013.11.19 03:08:15.548,1.71887,1.71915,4.28,1.58
2013.11.19 03:08:15.599,1.71888,1.71915,2.78,1.58
2013.11.19 03:08:15.750,1.71891,1.71918,3.08,2.33
2013.11.19 03:08:16.315,1.71892,1.71918,3.01,2.25
2013.11.19 03:08:16.818,1.71892,1.71918,1.95,2.25
2013.11.19 03:08:25.108,1.71889,1.71914,1.58,1.13
2013.11.19 03:08:25.310,1.71888,1.71909,2.03,1.50
2013.11.19 03:08:25.412,1.71882,1.71909,1.58,1.50
2013.11.19 03:08:27.860,1.71877,1.71904,1.65,1.50
2013.11.19 03:08:30.459,1.71875,1.71902,1.65,1.58
2013.11.19 03:08:41.294,1.71874,1.71901,1.28,1.50
2013.11.19 03:08:48.142,1.71873,1.71896,2.40,1.50
2013.11.19 03:08:48.193,1.71873,1.71896,2.40,1.50
2013.11.19 03:08:48.344,1.71872,1.71896,1.58,1.13
2013.11.19 03:08:48.395,1.71871,1.71896,1.58,1.88
2013.11.19 03:08:48.497,1.71867,1.71896,2.33,1.58
2013.11.19 03:08:51.651,1.7187,1.719,2.63,1.58
2013.11.19 03:08:51.854,1.7187,1.71901,2.71,1.65
2013.11.19 03:08:55.183,1.7187,1.71899,3.00,1.58
2013.11.19 03:09:05.731,1.71874,1.71901,2.33,1.65
2013.11.19 03:09:10.817,1.71874,1.71901,1.50,1.65
2013.11.19 03:09:11.923,1.71875,1.71903,3.01,2.33
2013.11.19 03:09:18.799,1.71888,1.71903,1.13,1.58
2013.11.19 03:09:18.850,1.71879,1.71903,1.50,1.65
2013.11.19 03:09:18.951,1.71885,1.71906,1.88,1.58
2013.11.19 03:09:19.052,1.7189,1.71912,2.63,1.50
2013.11.19 03:09:19.355,1.7189,1.71917,3.75,2.25
2013.11.19 03:09:19.456,1.7189,1.71917,1.58,2.25
2013.11.19 03:09:19.716,1.71891,1.71917,2.41,2.25
2013.11.19 03:09:19.872,1.71891,1.71917,1.50,3.00
2013.11.19 03:09:20.389,1.71889,1.71907,1.13,1.50
2013.11.19 03:09:20.490,1.71885,1.71907,1.13,1.58
2013.11.19 03:09:21.157,1.71883,1.71911,1.88,1.58
2013.11.19 03:09:22.337,1.71885,1.71911,1.50,1.58
2013.11.19 03:09:24.221,1.71885,1.71914,1.50,1.65
2013.11.19 03:09:24.908,1.71885,1.71914,1.50,1.65
2013.11.19 03:09:29.382,1.7189,1.71917,2.41,1.58
2013.11.19 03:09:33.388,1.71894,1.71917,2.33,1.50
2013.11.19 03:09:35.018,1.71894,1.71917,1.65,1.50
2013.11.19 03:09:40.283,1.71894,1.71921,1.50,2.33
2013.11.19 03:09:41.275,1.71894,1.71924,1.50,2.40
2013.11.19 03:09:41.647,1.71895,1.71924,2.33,2.40
2013.11.19 03:09:45.832,1.71895,1.71921,1.50,1.28
2013.11.19 03:09:46.137,1.71895,1.71921,1.13,1.28
2013.11.19 03:09:46.487,1.71896,1.71924,2.33,1.95
2013.11.19 03:09:48.122,1.71896,1.71924,1.88,1.88
2013.11.19 03:09:50.447,1.71896,1.71927,3.16,1.28
2013.11.19 03:09:51.421,1.71896,1.71923,1.50,1.20
2013.11.19 03:09:52.698,1.71896,1.71918,1.50,1.58
2013.11.19 03:09:52.850,1.71896,1.7192,1.50,1.65
2013.11.19 03:09:52.951,1.71896,1.71918,1.50,1.58
2013.11.19 03:09:53.473,1.71896,1.71918,1.50,1.58
2013.11.19 03:09:53.596,1.71896,1.71922,1.50,2.33
2013.11.19 03:09:53.858,1.71896,1.71918,1.13,1.58
2013.11.19 03:09:54.162,1.7189,1.71911,1.50,1.58
2013.11.19 03:09:58.366,1.71888,1.71913,2.25,1.58
2013.11.19 03:09:58.467,1.71888,1.71914,2.71,1.58
2013.11.19 03:09:59.008,1.71887,1.71914,1.50,2.03
2013.11.19 03:09:59.059,1.71887,1.71912,1.50,1.58
2013.11.19 03:09:59.801,1.71887,1.71912,1.50,1.58
2013.11.19 03:10:00.678,1.71887,1.71912,1.50,1.58
2013.11.19 03:10:02.627,1.71887,1.71912,1.50,1.58
2013.11.19 03:10:02.728,1.71887,1.71907,1.50,1.50
2013.11.19 03:10:02.779,1.71884,1.71907,1.50,2.25
2013.11.19 03:10:03.082,1.71884,1.71898,1.50,1.58
2013.11.19 03:10:03.183,1.71879,1.71898,1.50,1.58
2013.11.19 03:10:03.435,1.71874,1.71898,2.25,1.58
2013.11.19 03:10:03.761,1.71882,1.71902,2.78,1.13
2013.11.19 03:10:03.862,1.7188,1.719,1.50,1.13
2013.11.19 03:10:04.408,1.71878,1.71903,1.50,1.58
2013.11.19 03:10:05.299,1.71878,1.71905,2.25,2.03
2013.11.19 03:10:06.988,1.71878,1.71904,3.00,1.58
2013.11.19 03:10:07.242,1.71878,1.71903,2.25,2.33
2013.11.19 03:10:07.495,1.71878,1.71903,2.25,1.65
2013.11.19 03:10:08.039,1.71878,1.71903,2.25,1.65
2013.11.19 03:10:08.714,1.71878,1.71903,3.00,2.33
2013.11.19 03:10:20.249,1.71878,1.71903,3.15,1.50
2013.11.19 03:10:20.652,1.71883,1.71909,2.63,1.65
2013.11.19 03:10:20.753,1.71883,1.71909,2.70,1.28
2013.11.19 03:10:22.119,1.71883,1.71904,1.50,1.58
2013.11.19 03:10:22.577,1.71883,1.71902,1.50,1.50
2013.11.19 03:10:23.314,1.71883,1.71903,1.50,1.58
2013.11.19 03:10:23.419,1.71883,1.71905,1.50,2.25
2013.11.19 03:10:23.950,1.71883,1.71908,1.50,1.65
2013.11.19 03:10:26.087,1.71883,1.71909,1.50,1.28
2013.11.19 03:10:26.390,1.71886,1.71911,2.26,1.58
2013.11.19 03:10:26.740,1.71886,1.71913,3.08,1.58
2013.11.19 03:10:27.700,1.71888,1.71916,2.71,2.40
2013.11.19 03:10:28.015,1.71892,1.71921,2.78,1.65
2013.11.19 03:10:28.066,1.71896,1.71921,2.70,1.58
2013.11.19 03:10:33.347,1.71895,1.71917,1.13,1.50
2013.11.19 03:10:33.752,1.71893,1.71914,1.50,2.25
2013.11.19 03:10:33.969,1.7189,1.71912,1.13,2.40
2013.11.19 03:10:34.020,1.71887,1.71911,1.13,1.65
2013.11.19 03:10:34.222,1.71887,1.71908,1.13,1.58
2013.11.19 03:10:35.064,1.71887,1.71908,1.13,1.58
2013.11.19 03:10:38.180,1.71887,1.71908,1.88,1.50
2013.11.19 03:10:38.757,1.71887,1.71912,1.88,1.65
2013.11.19 03:10:40.872,1.71887,1.71907,1.13,1.65
2013.11.19 03:10:41.225,1.71883,1.71905,1.50,1.58
2013.11.19 03:10:41.326,1.71883,1.71907,1.50,1.65
2013.11.19 03:10:44.383,1.71883,1.7191,1.50,1.50
2013.11.19 03:10:46.327,1.71885,1.71914,2.78,1.58
2013.11.19 03:10:48.515,1.71885,1.71915,3.16,1.58
2013.11.19 03:10:48.818,1.71888,1.71917,3.38,1.50
2013.11.19 03:10:49.142,1.7189,1.71917,3.15,1.50
2013.11.19 03:10:55.774,1.71893,1.7192,2.78,1.50
2013.11.19 03:10:55.875,1.71893,1.7192,2.78,1.50
2013.11.19 03:11:05.066,1.71893,1.71922,3.15,2.33
2013.11.19 03:11:08.807,1.71893,1.71922,3.16,1.58
2013.11.19 03:11:20.148,1.71896,1.71922,3.38,1.50
2013.11.19 03:11:20.199,1.71896,1.71922,3.38,1.50
2013.11.19 03:11:20.300,1.71897,1.71922,3.08,1.50
2013.11.19 03:11:20.401,1.71897,1.71925,3.83,1.50
2013.11.19 03:11:22.926,1.71896,1.71922,1.20,2.33
2013.11.19 03:11:29.328,1.71896,1.71918,1.20,1.50
2013.11.19 03:11:29.666,1.71896,1.71916,1.13,2.33
2013.11.19 03:11:29.969,1.71892,1.71913,1.13,1.65
2013.11.19 03:11:30.070,1.71884,1.71912,1.50,1.65
2013.11.19 03:11:30.221,1.71883,1.71911,1.88,1.58
2013.11.19 03:11:33.053,1.71883,1.71912,2.33,1.65
2013.11.19 03:11:39.208,1.71883,1.71912,2.40,2.25
2013.11.19 03:11:39.360,1.71883,1.7191,1.50,1.58
2013.11.19 03:11:39.561,1.71883,1.7191,1.50,1.58
2013.11.19 03:11:43.575,1.71885,1.7191,1.50,1.58
2013.11.19 03:11:43.937,1.71885,1.71917,4.20,1.65
2013.11.19 03:11:44.038,1.71888,1.71917,2.25,1.58
2013.11.19 03:11:55.153,1.71899,1.71921,1.13,2.25
2013.11.19 03:11:55.405,1.71899,1.71928,2.78,1.65
2013.11.19 03:11:55.506,1.71904,1.71928,2.33,1.58
2013.11.19 03:11:55.693,1.71904,1.71928,2.70,1.50
2013.11.19 03:11:55.895,1.71906,1.71929,3.46,1.50
2013.11.19 03:11:55.945,1.71913,1.71928,1.13,1.50
2013.11.19 03:11:56.046,1.71913,1.71934,1.13,1.50
2013.11.19 03:11:56.147,1.7191,1.71932,3.08,1.50
2013.11.19 03:11:56.249,1.7191,1.71934,1.88,2.25
2013.11.19 03:11:56.501,1.71908,1.71932,1.13,1.65
2013.11.19 03:11:56.602,1.71908,1.7193,1.13,1.65
2013.11.19 03:11:57.607,1.71908,1.71936,1.50,1.28
2013.11.19 03:11:57.821,1.71911,1.71937,4.13,1.50
2013.11.19 03:12:00.142,1.71912,1.71941,3.45,2.33
2013.11.19 03:12:00.345,1.71917,1.71942,3.00,1.50
2013.11.19 03:12:00.661,1.71916,1.71942,2.03,1.50
2013.11.19 03:12:01.689,1.71916,1.71942,1.50,1.50
2013.11.19 03:12:01.849,1.71916,1.71942,1.28,1.58
2013.11.19 03:12:03.068,1.71916,1.71945,1.50,1.65
2013.11.19 03:12:03.187,1.71918,1.71949,2.71,1.65
2013.11.19 03:12:03.351,1.71918,1.71949,3.45,1.65
2013.11.19 03:12:03.727,1.71922,1.7195,2.78,2.33
2013.11.19 03:12:04.825,1.71923,1.7195,6.01,1.50
2013.11.19 03:12:04.977,1.71925,1.71952,3.00,2.25
2013.11.19 03:12:05.154,1.71925,1.71952,3.01,2.25
2013.11.19 03:12:05.375,1.71925,1.71952,3.75,1.50
2013.11.19 03:12:06.157,1.71925,1.7195,3.38,1.50
2013.11.19 03:12:06.258,1.71922,1.71944,1.50,1.65
2013.11.19 03:12:06.413,1.71922,1.71947,1.13,1.58
2013.11.19 03:12:06.615,1.71922,1.71947,1.13,1.58
2013.11.19 03:12:13.079,1.71922,1.71946,1.13,1.50
2013.11.19 03:12:13.247,1.7192,1.71943,1.13,1.58
2013.11.19 03:12:13.449,1.7192,1.71947,1.58,1.65
2013.11.19 03:12:14.115,1.71918,1.71943,2.03,1.50
2013.11.19 03:12:14.368,1.71916,1.71942,1.88,1.20
2013.11.19 03:12:14.520,1.71915,1.71937,1.13,1.13
2013.11.19 03:12:14.621,1.71914,1.71936,1.13,1.13
2013.11.19 03:12:15.178,1.71909,1.71936,1.65,1.28
2013.11.19 03:12:18.575,1.71906,1.71935,1.95,1.20
2013.11.19 03:12:18.726,1.71902,1.71931,2.70,1.28
2013.11.19 03:12:18.828,1.71902,1.71931,2.03,2.03
2013.11.19 03:12:18.929,1.71901,1.71928,1.28,2.33
2013.11.19 03:12:25.836,1.71901,1.71931,1.58,1.65
2013.11.19 03:12:26.980,1.71901,1.71931,1.65,1.28
2013.11.19 03:12:35.971,1.71899,1.71926,1.28,1.58
2013.11.19 03:12:36.274,1.71895,1.71923,1.88,1.58
2013.11.19 03:12:36.426,1.71892,1.71917,1.65,2.25
2013.11.19 03:12:36.527,1.71891,1.71917,1.20,2.33
2013.11.19 03:12:36.868,1.71888,1.71916,1.50,1.58
2013.11.19 03:12:38.304,1.71888,1.71916,1.13,1.58
2013.11.19 03:12:48.844,1.71888,1.71916,2.63,1.58
2013.11.19 03:12:49.208,1.71889,1.7192,2.78,1.65
2013.11.19 03:12:52.418,1.71889,1.7192,2.78,1.65
2013.11.19 03:12:52.721,1.71895,1.7192,1.50,1.50
2013.11.19 03:12:53.125,1.71898,1.71926,3.15,1.28
2013.11.19 03:12:53.428,1.71894,1.71922,1.13,1.65
2013.11.19 03:12:53.579,1.71893,1.71919,1.50,1.58
2013.11.19 03:12:53.959,1.71893,1.71913,1.50,1.58
2013.11.19 03:12:54.009,1.71891,1.71913,1.50,1.58
2013.11.19 03:12:54.595,1.71888,1.71912,1.50,1.65
2013.11.19 03:13:01.648,1.71888,1.71913,1.50,1.58
2013.11.19 03:13:03.284,1.71888,1.71912,1.50,1.65
2013.11.19 03:13:06.694,1.71888,1.71913,1.50,1.58
2013.11.19 03:13:08.347,1.71888,1.71912,1.50,1.65
2013.11.19 03:13:10.797,1.71888,1.7191,1.50,1.58
2013.11.19 03:13:10.949,1.71883,1.71906,1.50,1.58
2013.11.19 03:13:11.050,1.71882,1.71906,1.50,2.33
2013.11.19 03:13:12.861,1.71882,1.71906,1.50,1.65
2013.11.19 03:13:15.065,1.71882,1.71906,3.16,1.50
2013.11.19 03:13:43.144,1.71882,1.7191,3.00,2.40
2013.11.19 03:14:05.195,1.71883,1.71909,3.00,1.58
2013.11.19 03:14:36.817,1.71884,1.71911,3.08,1.65
2013.11.19 03:14:40.474,1.71886,1.71911,3.00,1.65
2013.11.19 03:15:02.805,1.71891,1.71915,3.16,1.50
2013.11.19 03:15:02.906,1.71891,1.71917,3.53,1.50
2013.11.19 03:15:03.070,1.71893,1.71922,3.53,2.40
2013.11.19 03:15:03.121,1.71896,1.71922,3.08,1.50
2013.11.19 03:15:03.273,1.719,1.71922,3.15,1.50
2013.11.19 03:15:04.865,1.719,1.71926,1.65,2.25
2013.11.19 03:15:05.440,1.719,1.71926,2.25,2.25
2013.11.19 03:15:08.013,1.71904,1.7193,4.20,1.50
2013.11.19 03:15:08.064,1.71904,1.7193,4.20,1.50
2013.11.19 03:15:30.111,1.71904,1.71933,2.25,2.40
2013.11.19 03:15:30.343,1.71904,1.71933,2.25,1.65
2013.11.19 03:15:30.545,1.71909,1.71935,1.50,1.50
2013.11.19 03:15:32.070,1.7191,1.71937,2.78,1.58
2013.11.19 03:15:54.538,1.71908,1.71935,1.50,1.58
2013.11.19 03:16:06.611,1.71908,1.71935,1.13,1.58
2013.11.19 03:16:09.064,1.71908,1.71937,1.13,1.65
2013.11.19 03:16:09.588,1.71908,1.71937,2.71,1.58
2013.11.19 03:16:11.635,1.71908,1.71937,2.71,1.58
2013.11.19 03:16:14.276,1.71908,1.71937,1.13,1.65
2013.11.19 03:16:18.405,1.71909,1.71932,3.38,1.50
2013.11.19 03:16:18.515,1.71911,1.71932,2.63,1.50
2013.11.19 03:16:18.625,1.71912,1.71934,2.70,1.13
2013.11.19 03:16:18.835,1.71915,1.71943,3.08,1.50
2013.11.19 03:16:18.885,1.71915,1.71943,2.33,1.50
2013.11.19 03:16:19.188,1.71919,1.71947,3.00,1.50
2013.11.19 03:16:34.602,1.71918,1.71947,2.03,1.58
2013.11.19 03:16:35.348,1.71918,1.71949,1.58,2.40
2013.11.19 03:16:35.451,1.71924,1.71949,2.70,1.50
2013.11.19 03:16:35.552,1.71926,1.71949,3.76,1.50
2013.11.19 03:16:36.057,1.71926,1.71952,1.88,1.65
2013.11.19 03:16:46.671,1.71922,1.71945,1.20,1.50
2013.11.19 03:16:59.350,1.71918,1.71947,2.78,1.65
2013.11.19 03:17:02.567,1.71917,1.71945,3.45,1.50
2013.11.19 03:17:04.673,1.71917,1.71947,3.83,1.65
2013.11.19 03:17:15.783,1.71917,1.71946,2.33,1.50
2013.11.19 03:17:15.934,1.71917,1.71943,1.50,1.65
2013.11.19 03:17:16.035,1.71917,1.71942,1.50,1.58
2013.11.19 03:17:16.661,1.71914,1.7194,1.28,1.50
2013.11.19 03:17:18.429,1.71916,1.71947,3.08,3.08
2013.11.19 03:17:25.709,1.71916,1.71942,2.25,2.33
2013.11.19 03:17:25.817,1.71916,1.71942,1.50,1.65
2013.11.19 03:17:26.960,1.71918,1.7195,2.25,2.78
2013.11.19 03:17:30.273,1.71918,1.7195,2.25,2.78
2013.11.19 03:17:31.389,1.71918,1.7195,1.50,2.78
2013.11.19 03:18:13.394,1.71917,1.71943,1.50,1.58
2013.11.19 03:18:15.129,1.71918,1.71946,1.50,1.58
2013.11.19 03:18:16.071,1.71918,1.7195,1.65,1.58
2013.11.19 03:18:16.378,1.71916,1.7195,3.45,2.33
2013.11.19 03:18:30.100,1.71918,1.71951,3.08,1.58
2013.11.19 03:18:30.403,1.71923,1.71952,1.50,1.65
2013.11.19 03:18:30.706,1.71923,1.71952,1.50,1.65
2013.11.19 03:19:05.317,1.71925,1.71955,1.50,1.58
2013.11.19 03:19:06.088,1.71925,1.71952,1.88,1.65
2013.11.19 03:19:11.020,1.7192,1.71947,1.58,1.95
2013.11.19 03:19:11.070,1.7192,1.71947,1.58,1.95
2013.11.19 03:19:11.121,1.7192,1.71946,1.58,1.88
2013.11.19 03:19:15.388,1.7192,1.71944,1.50,1.28
2013.11.19 03:19:15.936,1.7192,1.71944,1.50,1.28
2013.11.19 03:19:16.976,1.7192,1.71944,1.50,1.28
2013.11.19 03:19:18.511,1.7192,1.71944,1.50,1.95
2013.11.19 03:19:18.662,1.71918,1.71941,2.25,1.28
2013.11.19 03:19:19.831,1.71918,1.71945,1.50,1.28
2013.11.19 03:19:24.661,1.71916,1.7194,1.58,1.13
2013.11.19 03:19:26.078,1.71916,1.71938,1.50,1.28
2013.11.19 03:19:26.341,1.71914,1.71937,1.50,1.20
2013.11.19 03:19:26.644,1.71909,1.71932,1.50,2.25
2013.11.19 03:19:26.695,1.71905,1.71931,1.50,1.58
2013.11.19 03:19:26.846,1.71904,1.71931,1.50,1.58
2013.11.19 03:19:40.149,1.71904,1.71927,1.50,1.50
2013.11.19 03:19:40.250,1.71904,1.71925,1.50,1.58
2013.11.19 03:19:40.351,1.71901,1.71925,1.50,1.58
2013.11.19 03:19:40.502,1.71899,1.71927,1.50,2.70
2013.11.19 03:19:40.553,1.71899,1.71925,1.50,1.58
2013.11.19 03:19:40.948,1.71899,1.71927,1.58,1.65
2013.11.19 03:20:03.110,1.71901,1.71929,1.50,1.28
2013.11.19 03:20:03.413,1.7191,1.71933,4.21,1.50
2013.11.19 03:20:03.465,1.71911,1.71937,3.53,1.13
2013.11.19 03:20:03.566,1.71913,1.71939,3.38,1.13
2013.11.19 03:20:04.179,1.71914,1.71939,2.70,1.13
2013.11.19 03:20:04.759,1.71914,1.71939,1.65,1.13
2013.11.19 03:20:06.398,1.71913,1.71939,2.33,1.20
2013.11.19 03:20:07.070,1.71913,1.71939,1.50,1.28
2013.11.19 03:20:13.266,1.71909,1.71933,1.50,1.20
2013.11.19 03:20:13.570,1.71909,1.71929,1.50,1.28
2013.11.19 03:20:14.332,1.71909,1.71929,1.50,1.13
2013.11.19 03:20:15.079,1.71909,1.71929,1.50,1.88
2013.11.19 03:20:15.587,1.71903,1.71929,2.63,2.03
2013.11.19 03:20:26.430,1.71903,1.71929,1.50,1.13
2013.11.19 03:20:38.285,1.71907,1.71938,1.50,2.33
2013.11.19 03:20:39.251,1.71907,1.71938,1.13,1.65
2013.11.19 03:20:40.528,1.71907,1.71938,1.50,1.65
2013.11.19 03:20:45.367,1.71907,1.71938,2.40,1.65
2013.11.19 03:20:47.911,1.71903,1.71929,3.15,1.88
2013.11.19 03:20:48.215,1.71901,1.71922,1.50,1.28
2013.11.19 03:20:48.716,1.71894,1.71922,2.25,1.28
2013.11.19 03:20:49.169,1.71894,1.71922,1.65,1.20
2013.11.19 03:20:49.898,1.71894,1.71922,1.65,1.20
2013.11.19 03:20:52.097,1.71894,1.71926,1.65,1.58
2013.11.19 03:21:00.733,1.71903,1.71927,3.75,1.50
2013.11.19 03:21:00.885,1.71903,1.71927,3.76,1.50
2013.11.19 03:21:01.604,1.71902,1.71927,1.58,1.50
2013.11.19 03:21:01.705,1.71898,1.71926,2.25,2.25
2013.11.19 03:21:01.857,1.71898,1.71925,1.50,1.58
2013.11.19 03:21:03.077,1.719,1.71925,1.50,1.58
2013.11.19 03:21:03.847,1.719,1.71925,1.50,1.58
2013.11.19 03:21:04.952,1.719,1.71925,1.50,1.58
2013.11.19 03:21:05.646,1.719,1.71925,1.50,1.58
2013.11.19 03:21:05.916,1.719,1.71925,1.50,1.58
2013.11.19 03:21:06.320,1.71903,1.71933,3.45,1.65
2013.11.19 03:21:09.197,1.71903,1.71933,3.45,1.65
2013.11.19 03:21:09.740,1.71903,1.71925,2.71,1.50
2013.11.19 03:21:09.841,1.71903,1.71925,1.50,1.58
2013.11.19 03:21:16.746,1.71894,1.71922,1.50,3.00
2013.11.19 03:21:17.066,1.71893,1.71918,1.88,1.58
2013.11.19 03:21:21.512,1.71893,1.71916,1.88,1.58
2013.11.19 03:21:21.564,1.71893,1.71914,1.88,1.58
2013.11.19 03:21:21.665,1.71893,1.71913,1.88,1.58
2013.11.19 03:21:24.960,1.71893,1.71914,1.50,2.33
2013.11.19 03:21:25.651,1.71893,1.71914,1.50,1.65
2013.11.19 03:21:35.868,1.71893,1.71912,1.50,1.65
2013.11.19 03:21:36.552,1.71893,1.71912,1.50,1.65
2013.11.19 03:21:45.035,1.71893,1.71913,1.50,1.65
2013.11.19 03:21:54.287,1.71893,1.71913,1.50,1.58
2013.11.19 03:21:54.389,1.71893,1.71915,1.50,1.58
2013.11.19 03:22:11.295,1.71893,1.71917,1.50,2.70
2013.11.19 03:22:11.396,1.71893,1.71917,1.50,2.03
2013.11.19 03:22:14.384,1.71893,1.71916,1.50,1.58
2013.11.19 03:22:21.693,1.71888,1.71919,1.58,1.50
2013.11.19 03:22:29.303,1.71888,1.71918,1.58,2.33
2013.11.19 03:22:29.665,1.71888,1.71916,1.50,1.50
2013.11.19 03:22:29.890,1.71888,1.71919,1.58,2.25
2013.11.19 03:22:31.079,1.71888,1.71919,1.58,2.25
2013.11.19 03:22:31.962,1.71888,1.71918,1.58,1.95
2013.11.19 03:22:38.699,1.71888,1.71919,1.58,1.50
2013.11.19 03:22:49.941,1.71888,1.71918,1.50,1.88
2013.11.19 03:22:51.653,1.71888,1.71917,1.50,1.20
2013.11.19 03:22:54.183,1.71884,1.71915,1.28,1.28
2013.11.19 03:22:56.145,1.71883,1.71906,1.58,1.13
2013.11.19 03:22:56.449,1.71878,1.71902,1.50,1.20
2013.11.19 03:22:56.954,1.71878,1.71904,2.25,1.65
2013.11.19 03:22:57.307,1.7188,1.71907,3.16,1.50
2013.11.19 03:22:57.565,1.71882,1.71912,1.50,1.28
2013.11.19 03:23:02.625,1.71884,1.71914,2.78,1.58
2013.11.19 03:23:15.638,1.7188,1.71899,1.50,1.58
2013.11.19 03:23:15.992,1.71877,1.719,2.25,2.33
2013.11.19 03:23:16.093,1.71877,1.719,2.25,1.58
2013.11.19 03:23:16.594,1.71877,1.71906,1.65,2.40
2013.11.19 03:23:18.555,1.71877,1.71903,2.25,1.58
2013.11.19 03:23:19.095,1.71873,1.719,1.50,1.95
2013.11.19 03:23:32.364,1.71873,1.71904,1.50,1.95
2013.11.19 03:23:32.895,1.71874,1.71903,3.15,1.28
2013.11.19 03:23:42.905,1.71874,1.71906,1.58,3.08
2013.11.19 03:23:59.894,1.71874,1.71903,1.50,1.65
2013.11.19 03:24:02.866,1.71873,1.71902,1.65,1.65
2013.11.19 03:24:04.038,1.71873,1.71902,3.08,1.58
2013.11.19 03:24:04.372,1.71873,1.71902,2.40,1.65
2013.11.19 03:24:05.143,1.71873,1.71902,1.65,1.65
2013.11.19 03:24:21.293,1.71873,1.719,2.33,1.50
2013.11.19 03:24:36.594,1.71875,1.719,1.50,1.58
2013.11.19 03:24:36.851,1.71873,1.71897,1.58,1.50
2013.11.19 03:24:37.002,1.71873,1.71897,1.50,1.65
2013.11.19 03:24:37.154,1.71873,1.71897,1.50,2.33
2013.11.19 03:24:39.343,1.71868,1.71894,2.25,1.65
2013.11.19 03:24:40.553,1.71868,1.71897,1.50,3.08
2013.11.19 03:24:55.298,1.71872,1.71897,1.50,1.58
2013.11.19 03:24:55.400,1.71873,1.719,1.50,1.28
2013.11.19 03:24:55.655,1.71878,1.71907,1.50,1.65
2013.11.19 03:24:55.757,1.71878,1.71907,1.50,1.58
2013.11.19 03:25:02.129,1.71881,1.71911,1.58,1.28
2013.11.19 03:25:02.432,1.71886,1.71914,4.21,1.88
2013.11.19 03:25:02.533,1.71888,1.71915,3.08,1.13
2013.11.19 03:25:02.919,1.71888,1.71915,3.08,1.13
2013.11.19 03:25:10.066,1.71888,1.71915,3.08,1.13
2013.11.19 03:25:10.167,1.71891,1.7192,3.75,1.50
2013.11.19 03:25:10.269,1.71891,1.7192,6.38,1.50
2013.11.19 03:25:10.819,1.71891,1.7192,2.25,1.58
2013.11.19 03:25:11.071,1.71891,1.71922,1.65,1.65
2013.11.19 03:25:11.630,1.71891,1.71914,1.50,1.50
2013.11.19 03:25:11.782,1.71891,1.71911,1.50,1.58
2013.11.19 03:25:11.833,1.71888,1.71911,1.50,1.58
2013.11.19 03:25:11.884,1.71888,1.71908,1.50,1.58
2013.11.19 03:25:14.221,1.71888,1.71907,1.50,1.95
2013.11.19 03:25:14.781,1.71888,1.71906,1.50,1.50
2013.11.19 03:25:17.813,1.71883,1.71907,1.50,1.20
2013.11.19 03:25:18.217,1.71886,1.71914,1.50,1.58
2013.11.19 03:25:21.836,1.71886,1.71912,1.50,1.58
2013.11.19 03:25:21.887,1.71886,1.71911,1.13,1.50
2013.11.19 03:25:25.376,1.71885,1.71908,1.28,1.50
2013.11.19 03:25:25.528,1.71885,1.71902,1.13,1.50
2013.11.19 03:25:25.679,1.71883,1.71903,1.50,1.50
2013.11.19 03:25:26.083,1.71878,1.71902,1.50,3.00
2013.11.19 03:25:26.335,1.71871,1.71896,1.50,1.65
2013.11.19 03:25:26.386,1.71871,1.71894,1.50,1.58
2013.11.19 03:25:26.436,1.71871,1.71892,1.50,1.50
2013.11.19 03:25:26.638,1.71867,1.71892,1.65,1.50
2013.11.19 03:25:26.941,1.71863,1.71888,1.50,1.65
2013.11.19 03:25:27.624,1.71863,1.71889,1.88,2.33
2013.11.19 03:25:31.827,1.71863,1.71889,2.25,1.58
2013.11.19 03:25:32.388,1.71863,1.71889,1.50,1.58
2013.11.19 03:25:33.616,1.71863,1.71886,1.50,1.65
2013.11.19 03:25:33.869,1.71863,1.71884,1.50,1.50
2013.11.19 03:25:34.020,1.71863,1.71883,1.50,1.58
2013.11.19 03:25:34.121,1.71863,1.71883,1.50,2.33
2013.11.19 03:25:34.222,1.71862,1.71883,1.50,1.58
2013.11.19 03:25:34.780,1.71858,1.7188,1.50,1.58
2013.11.19 03:25:36.513,1.71858,1.7188,1.50,1.65
2013.11.19 03:25:36.784,1.71858,1.7188,1.50,1.58
2013.11.19 03:25:46.385,1.71858,1.71877,1.13,1.65
2013.11.19 03:25:47.133,1.71858,1.71885,1.13,2.33
2013.11.19 03:25:52.140,1.71858,1.71877,1.58,1.50
2013.11.19 03:25:52.735,1.71853,1.71876,1.50,1.58
2013.11.19 03:25:53.038,1.71853,1.71873,1.50,1.65
2013.11.19 03:25:53.323,1.71853,1.71873,1.50,1.65
2013.11.19 03:25:53.865,1.71853,1.71873,1.58,1.50
2013.11.19 03:25:53.970,1.71853,1.71873,1.58,1.50
2013.11.19 03:25:57.949,1.71853,1.71873,1.65,1.50
2013.11.19 03:25:58.147,1.71853,1.71873,1.50,1.50
2013.11.19 03:25:58.362,1.71853,1.71873,1.50,1.50
2013.11.19 03:25:58.564,1.71854,1.71877,5.33,1.50
2013.11.19 03:25:58.665,1.71856,1.71877,3.00,1.50
2013.11.19 03:25:58.954,1.71857,1.71882,4.58,1.50
2013.11.19 03:25:59.106,1.71858,1.71882,3.01,1.50
2013.11.19 03:25:59.208,1.71858,1.71883,3.01,1.50
2013.11.19 03:25:59.742,1.7186,1.71886,6.01,1.13
2013.11.19 03:26:01.285,1.71862,1.71889,3.01,1.13
2013.11.19 03:26:02.097,1.71864,1.71892,1.50,1.50
2013.11.19 03:26:02.300,1.71867,1.71896,3.76,1.13
2013.11.19 03:26:02.828,1.71869,1.71896,3.00,1.13
2013.11.19 03:26:03.397,1.7187,1.719,3.83,2.33
2013.11.19 03:26:03.498,1.71873,1.719,3.75,1.88
2013.11.19 03:26:03.579,1.71873,1.719,3.76,1.88
2013.11.19 03:26:05.827,1.71874,1.719,1.50,1.13
2013.11.19 03:26:06.029,1.71878,1.719,3.76,1.13
2013.11.19 03:26:06.130,1.71879,1.71903,3.08,1.13
2013.11.19 03:26:06.616,1.71882,1.71903,2.78,1.13
2013.11.19 03:26:06.947,1.71882,1.71897,1.13,1.13
2013.11.19 03:26:07.199,1.71878,1.71895,1.58,1.13
2013.11.19 03:26:07.300,1.71872,1.71895,3.00,1.28
2013.11.19 03:26:07.502,1.71872,1.71892,1.50,1.20
2013.11.19 03:26:07.553,1.71872,1.71892,1.50,1.20
2013.11.19 03:26:11.529,1.71868,1.71888,2.25,1.13
2013.11.19 03:26:12.293,1.71868,1.71893,3.00,1.20
2013.11.19 03:26:12.445,1.71868,1.71894,3.53,2.25
2013.11.19 03:26:12.496,1.71868,1.71897,3.53,1.28
2013.11.19 03:26:12.756,1.71878,1.71906,3.76,1.88
2013.11.19 03:26:12.857,1.71881,1.71908,3.00,1.13
2013.11.19 03:26:12.958,1.71881,1.7191,3.00,1.50
2013.11.19 03:26:13.496,1.71882,1.7191,1.50,1.50
2013.11.19 03:26:16.172,1.7188,1.71904,1.65,1.13
2013.11.19 03:26:16.722,1.71877,1.71903,1.58,1.28
2013.11.19 03:26:17.579,1.71877,1.71905,1.65,1.13
2013.11.19 03:26:17.844,1.71878,1.71904,3.00,1.50
2013.11.19 03:26:18.174,1.71878,1.71899,1.58,1.13
2013.11.19 03:26:18.376,1.71878,1.71904,2.40,1.50
2013.11.19 03:26:18.729,1.71882,1.71904,3.76,1.13
2013.11.19 03:26:20.426,1.71882,1.71907,3.76,1.50
2013.11.19 03:26:20.628,1.71884,1.71909,3.01,1.50
2013.11.19 03:26:21.245,1.71889,1.71909,3.76,1.50
2013.11.19 03:26:22.771,1.71888,1.71911,1.65,1.13
2013.11.19 03:26:22.896,1.71888,1.71911,1.58,1.13
2013.11.19 03:26:23.098,1.71888,1.71913,1.50,1.65
2013.11.19 03:26:23.300,1.71888,1.71913,1.58,1.13
2013.11.19 03:26:23.677,1.71888,1.71912,1.13,1.50
2013.11.19 03:26:23.981,1.71887,1.71913,1.50,1.65
2013.11.19 03:26:24.157,1.71887,1.71915,1.50,1.65
2013.11.19 03:26:29.944,1.71887,1.71912,1.50,1.58
2013.11.19 03:26:30.247,1.71884,1.719,1.50,1.28
2013.11.19 03:26:30.348,1.71879,1.719,1.50,1.28
2013.11.19 03:26:30.550,1.71878,1.71902,1.50,1.95
2013.11.19 03:26:30.651,1.71876,1.719,1.50,1.28
2013.11.19 03:26:31.299,1.71876,1.719,1.50,1.65
2013.11.19 03:26:37.107,1.71876,1.719,1.58,1.13
2013.11.19 03:26:41.861,1.71874,1.71902,1.65,2.03
2013.11.19 03:26:42.365,1.71874,1.71902,1.50,1.20
2013.11.19 03:26:49.639,1.71875,1.71902,3.00,1.13
2013.11.19 03:26:59.711,1.71875,1.71902,1.50,1.95
2013.11.19 03:27:03.417,1.71875,1.71902,1.50,1.20
2013.11.19 03:27:22.945,1.71875,1.71902,1.50,1.65
2013.11.19 03:27:28.750,1.71875,1.71901,1.50,1.20
2013.11.19 03:27:29.174,1.71875,1.71902,1.50,2.40
2013.11.19 03:27:32.665,1.71874,1.71897,2.25,1.95
2013.11.19 03:27:32.716,1.71874,1.71897,1.50,1.95
2013.11.19 03:27:32.817,1.71874,1.71895,1.50,2.03
2013.11.19 03:27:32.918,1.71874,1.71893,1.50,1.20
2013.11.19 03:27:32.969,1.71867,1.71892,1.65,1.88
2013.11.19 03:27:33.271,1.71864,1.71889,2.25,3.00
2013.11.19 03:27:38.241,1.71863,1.71889,2.25,1.28
2013.11.19 03:27:38.790,1.71863,1.71888,2.25,1.20
2013.11.19 03:27:46.198,1.71863,1.71889,2.25,1.28
2013.11.19 03:27:54.525,1.71863,1.71888,2.25,1.20
2013.11.19 03:28:14.961,1.71863,1.71889,1.50,1.95
2013.11.19 03:28:33.274,1.71863,1.71889,1.50,1.20
2013.11.19 03:28:35.622,1.71859,1.71887,1.65,1.28
2013.11.19 03:28:35.674,1.71859,1.71887,1.65,1.65
2013.11.19 03:28:41.214,1.71859,1.71887,1.65,1.28
2013.11.19 03:28:53.444,1.71859,1.71889,1.50,1.20
2013.11.19 03:28:55.591,1.71859,1.71888,1.50,1.20
2013.11.19 03:29:04.934,1.71859,1.71886,1.50,1.50
2013.11.19 03:29:05.236,1.71859,1.71885,1.50,1.58
2013.11.19 03:29:25.644,1.71859,1.71885,1.50,1.58
2013.11.19 03:29:38.736,1.71858,1.71883,1.50,1.58
2013.11.19 03:29:45.960,1.71857,1.71884,1.50,2.25
2013.11.19 03:30:06.058,1.71857,1.71885,1.50,2.25
2013.11.19 03:30:16.623,1.71857,1.71883,1.50,1.58
2013.11.19 03:30:21.409,1.71857,1.71886,1.50,1.28
2013.11.19 03:30:38.744,1.71857,1.7189,1.58,1.50
2013.11.19 03:30:40.714,1.71857,1.71892,3.76,1.20
2013.11.19 03:30:42.820,1.71857,1.71892,4.13,1.20
2013.11.19 03:30:43.022,1.71863,1.71893,3.01,1.58
2013.11.19 03:30:45.175,1.71864,1.71895,2.70,1.65
2013.11.19 03:30:45.859,1.71866,1.71893,2.78,1.58
2013.11.19 03:30:47.987,1.71866,1.71896,3.45,2.70
2013.11.19 03:30:49.527,1.71866,1.71896,1.65,2.33
2013.11.19 03:30:58.305,1.71866,1.71896,1.50,1.58
2013.11.19 03:30:58.830,1.71869,1.71898,3.00,1.13
2013.11.19 03:31:05.531,1.71869,1.71896,1.65,1.13
2013.11.19 03:31:17.999,1.71869,1.71897,4.20,1.13
2013.11.19 03:31:18.302,1.7188,1.71901,2.78,1.13
2013.11.19 03:31:18.403,1.7188,1.71906,1.58,1.58
2013.11.19 03:31:18.934,1.71878,1.71908,1.65,3.08
2013.11.19 03:31:33.139,1.71878,1.71907,1.50,1.58
2013.11.19 03:31:40.556,1.71878,1.71907,3.01,1.50
2013.11.19 03:31:43.751,1.7188,1.7191,5.26,1.20
2013.11.19 03:31:44.329,1.71884,1.7191,2.71,1.13
2013.11.19 03:31:56.242,1.71884,1.71912,1.58,1.50
2013.11.19 03:32:05.510,1.71885,1.71917,3.83,2.03
2013.11.19 03:32:05.813,1.71894,1.71917,3.83,1.13
2013.11.19 03:32:06.145,1.71898,1.71927,5.25,1.50
2013.11.19 03:32:07.949,1.71898,1.71927,1.58,1.58
2013.11.19 03:32:08.253,1.71898,1.71923,1.50,1.50
2013.11.19 03:32:08.844,1.71898,1.71922,1.50,1.50
2013.11.19 03:32:09.605,1.71898,1.71923,1.50,1.58
2013.11.19 03:32:16.839,1.71897,1.71922,1.13,1.58
2013.11.19 03:32:17.042,1.71897,1.71921,1.13,1.58
2013.11.19 03:32:19.396,1.71897,1.71922,1.13,1.58
2013.11.19 03:32:20.066,1.71897,1.71923,1.13,2.33
2013.11.19 03:32:25.293,1.71895,1.71923,1.58,2.25
2013.11.19 03:32:25.344,1.71895,1.71923,1.65,1.58
2013.11.19 03:32:25.496,1.71895,1.71923,1.65,1.58
2013.11.19 03:32:27.197,1.71895,1.71924,1.58,1.65
2013.11.19 03:32:27.306,1.71895,1.71924,1.58,1.65
2013.11.19 03:32:27.995,1.71895,1.71924,1.50,2.33
2013.11.19 03:32:32.672,1.71895,1.71922,1.50,1.65
2013.11.19 03:32:35.527,1.71895,1.7192,1.50,1.58
2013.11.19 03:32:35.645,1.71895,1.71919,1.50,1.50
2013.11.19 03:32:37.025,1.71895,1.7192,1.50,1.58
2013.11.19 03:32:37.147,1.71895,1.71921,1.50,1.65
2013.11.19 03:33:11.688,1.71895,1.71922,1.50,2.33
2013.11.19 03:33:17.316,1.71895,1.71922,1.50,1.65
2013.11.19 03:33:21.388,1.71895,1.71922,1.50,2.33
2013.11.19 03:33:24.947,1.71895,1.71922,1.58,2.40
2013.11.19 03:33:25.449,1.71895,1.71922,1.58,1.65
2013.11.19 03:33:32.709,1.71893,1.71926,1.65,1.50
2013.11.19 03:33:45.073,1.71893,1.71926,1.65,2.25
2013.11.19 03:33:46.085,1.71891,1.71925,2.33,1.58
2013.11.19 03:33:46.624,1.71891,1.71922,1.65,2.33
2013.11.19 03:33:54.887,1.71891,1.71923,1.50,1.50
2013.11.19 03:33:56.745,1.71891,1.71924,3.08,1.20
2013.11.19 03:33:58.465,1.71891,1.71924,3.08,1.20
2013.11.19 03:34:00.275,1.71892,1.71924,1.50,1.20
2013.11.19 03:34:09.657,1.71892,1.71927,3.01,1.58
2013.11.19 03:34:11.384,1.71892,1.71927,1.50,2.33
2013.11.19 03:34:16.937,1.71895,1.71928,3.75,2.33
2013.11.19 03:34:16.989,1.71897,1.71931,3.01,2.03
2013.11.19 03:34:17.039,1.71897,1.71929,2.33,1.20
2013.11.19 03:34:17.090,1.71897,1.71929,1.65,1.88
2013.11.19 03:34:18.800,1.71897,1.71929,2.33,1.20
2013.11.19 03:34:18.902,1.71897,1.71931,3.01,1.58
2013.11.19 03:34:21.065,1.71898,1.71931,2.71,1.20
2013.11.19 03:34:21.217,1.71903,1.71934,2.71,2.03
2013.11.19 03:34:21.269,1.71903,1.71934,4.21,2.78
2013.11.19 03:34:21.370,1.71904,1.71932,3.38,1.50
2013.11.19 03:34:23.762,1.71904,1.71932,1.20,1.58
2013.11.19 03:34:29.543,1.71904,1.71933,2.70,1.58
2013.11.19 03:34:38.403,1.71904,1.71931,1.50,1.58
2013.11.19 03:34:39.062,1.71904,1.7193,1.50,1.58
2013.11.19 03:34:46.846,1.71908,1.7193,1.50,1.58
2013.11.19 03:34:46.950,1.71912,1.71937,3.08,1.58
2013.11.19 03:34:47.465,1.71914,1.7194,2.33,2.33
2013.11.19 03:34:47.566,1.71916,1.7194,2.70,1.50
2013.11.19 03:34:47.667,1.71918,1.71944,1.13,2.25
2013.11.19 03:34:47.768,1.71918,1.71946,1.13,1.88
2013.11.19 03:34:48.338,1.71918,1.71946,1.13,1.88
2013.11.19 03:34:49.549,1.71918,1.71945,1.13,2.25
2013.11.19 03:34:51.503,1.71918,1.71945,1.13,2.25
2013.11.19 03:34:54.712,1.71918,1.7194,1.13,2.25
2013.11.19 03:34:54.969,1.71915,1.71936,1.13,1.50
2013.11.19 03:34:55.100,1.71915,1.71936,1.13,2.25
2013.11.19 03:34:55.151,1.71913,1.71936,1.20,2.25
2013.11.19 03:34:55.484,1.7191,1.71932,1.28,2.25
2013.11.19 03:35:02.045,1.7191,1.71928,1.13,2.33
2013.11.19 03:35:02.197,1.71898,1.7192,1.88,1.13
2013.11.19 03:35:02.298,1.71897,1.71917,1.50,1.65
2013.11.19 03:35:02.602,1.71885,1.7191,1.28,2.25
2013.11.19 03:35:02.918,1.71884,1.71907,1.58,1.50
2013.11.19 03:35:03.733,1.71881,1.71903,1.28,2.25
2013.11.19 03:35:04.055,1.71881,1.71903,1.13,2.25
2013.11.19 03:35:04.156,1.71878,1.71902,1.28,1.50
2013.11.19 03:35:04.258,1.71878,1.719,1.13,2.25
2013.11.19 03:35:04.560,1.71874,1.71897,1.28,1.50
2013.11.19 03:35:04.611,1.71874,1.71897,1.28,2.25
2013.11.19 03:35:04.712,1.71874,1.71892,1.13,1.50
2013.11.19 03:35:04.915,1.71874,1.71897,1.20,2.25
2013.11.19 03:35:05.015,1.71874,1.71892,1.20,2.25
2013.11.19 03:35:05.326,1.71872,1.7189,1.28,1.50
2013.11.19 03:35:05.772,1.71872,1.71893,2.63,1.50
2013.11.19 03:35:05.925,1.71872,1.71895,2.63,1.50
2013.11.19 03:35:06.123,1.71872,1.71898,2.63,1.88
2013.11.19 03:35:07.549,1.71872,1.71899,1.58,1.13
2013.11.19 03:35:08.860,1.71872,1.71899,1.58,1.13
2013.11.19 03:35:26.470,1.71872,1.71902,1.58,1.58
2013.11.19 03:35:29.786,1.71877,1.71904,2.63,2.25
2013.11.19 03:35:39.116,1.71877,1.71902,1.50,1.58
2013.11.19 03:35:39.267,1.71873,1.71896,1.50,1.58
2013.11.19 03:35:39.318,1.71873,1.71896,1.13,2.33
2013.11.19 03:35:39.471,1.71865,1.71893,1.28,1.65
2013.11.19 03:35:39.585,1.71865,1.71893,1.28,1.65
2013.11.19 03:35:40.504,1.71865,1.71891,1.95,1.50
2013.11.19 03:35:41.732,1.71865,1.71891,1.20,1.58
2013.11.19 03:35:48.081,1.71861,1.71891,1.58,1.58
2013.11.19 03:35:48.284,1.7186,1.7189,1.28,2.40
2013.11.19 03:35:50.625,1.71858,1.71887,1.28,1.65
2013.11.19 03:35:50.676,1.71858,1.71887,1.28,1.65
2013.11.19 03:35:50.980,1.71856,1.71883,1.50,1.50
2013.11.19 03:35:51.283,1.71854,1.71878,2.25,1.88
2013.11.19 03:35:51.334,1.71854,1.71878,1.50,1.88
2013.11.19 03:35:51.435,1.71849,1.71872,1.58,1.50
2013.11.19 03:35:51.687,1.71848,1.71872,2.25,1.50
2013.11.19 03:35:52.190,1.71846,1.71871,1.28,1.50
2013.11.19 03:35:52.292,1.71846,1.71871,2.63,1.50
2013.11.19 03:35:56.344,1.71847,1.71871,4.51,1.50
2013.11.19 03:35:56.904,1.71848,1.71878,4.50,2.63
2013.11.19 03:35:57.159,1.71848,1.71876,4.50,1.50
2013.11.19 03:36:00.419,1.7185,1.71878,3.01,1.13
2013.11.19 03:36:00.470,1.71852,1.71878,2.63,1.13
2013.11.19 03:36:00.672,1.71852,1.71877,1.28,1.50
2013.11.19 03:36:01.184,1.71852,1.71877,1.28,1.50
2013.11.19 03:36:04.374,1.71852,1.71878,1.13,1.13
2013.11.19 03:36:05.935,1.71852,1.71878,1.50,1.13
2013.11.19 03:36:06.124,1.7185,1.71878,2.25,1.88
2013.11.19 03:36:06.478,1.71848,1.71874,1.65,1.50
2013.11.19 03:36:06.967,1.71848,1.71877,1.58,1.58
2013.11.19 03:36:07.575,1.71848,1.71877,4.50,1.50
2013.11.19 03:36:08.616,1.71848,1.71878,4.51,1.88
2013.11.19 03:36:08.667,1.7186,1.71878,2.71,1.50
2013.11.19 03:36:08.926,1.71863,1.71892,5.63,1.50
2013.11.19 03:36:08.977,1.71863,1.71892,3.46,1.50
2013.11.19 03:36:09.078,1.71863,1.71896,2.71,1.65
2013.11.19 03:36:11.849,1.71863,1.71892,1.65,2.03
2013.11.19 03:36:11.900,1.71862,1.71892,1.65,2.03
2013.11.19 03:36:11.951,1.71862,1.7189,1.58,1.65
2013.11.19 03:36:12.105,1.71858,1.71884,1.58,1.50
2013.11.19 03:36:12.561,1.71856,1.71886,1.65,2.03
2013.11.19 03:36:13.213,1.71854,1.71884,1.95,1.65
2013.11.19 03:36:13.832,1.71854,1.71882,1.20,1.50
2013.11.19 03:36:14.084,1.71857,1.71883,2.63,1.50
2013.11.19 03:36:14.214,1.71857,1.71883,2.63,2.25
2013.11.19 03:36:14.544,1.71855,1.71883,2.70,2.25
2013.11.19 03:36:19.364,1.71855,1.71883,2.33,2.25
2013.11.19 03:36:19.566,1.71855,1.7188,1.50,2.40
2013.11.19 03:36:19.617,1.71853,1.7188,1.28,2.40
2013.11.19 03:36:20.130,1.71852,1.71879,1.50,1.65
2013.11.19 03:36:20.333,1.7185,1.71876,1.28,1.58
2013.11.19 03:36:20.683,1.7185,1.71877,1.28,1.65
2013.11.19 03:36:24.614,1.7185,1.71875,1.28,1.50
2013.11.19 03:36:27.404,1.71852,1.71876,2.71,1.50
2013.11.19 03:36:27.555,1.71853,1.71877,2.78,1.50
2013.11.19 03:36:27.606,1.71853,1.71877,2.03,1.50
2013.11.19 03:36:40.371,1.71853,1.71878,1.20,2.25
2013.11.19 03:36:40.581,1.71852,1.71877,1.28,1.50
2013.11.19 03:36:40.835,1.71849,1.71875,1.28,2.33
2013.11.19 03:36:41.339,1.7185,1.71876,2.25,1.50
2013.11.19 03:36:41.542,1.71848,1.71872,1.50,1.65
2013.11.19 03:36:41.593,1.71847,1.71872,1.13,1.65
2013.11.19 03:36:44.905,1.71846,1.71871,1.65,1.50
2013.11.19 03:36:45.309,1.71846,1.71872,2.40,1.50
2013.11.19 03:36:45.874,1.71846,1.71872,2.33,2.33
2013.11.19 03:36:49.415,1.71846,1.71872,2.33,2.25
2013.11.19 03:36:51.518,1.71846,1.71873,3.08,1.50
2013.11.19 03:36:51.714,1.71846,1.71872,2.33,1.50
2013.11.19 03:36:52.138,1.71846,1.71872,2.33,1.50
2013.11.19 03:36:57.862,1.71846,1.71874,2.03,1.65
2013.11.19 03:36:58.014,1.71847,1.71874,2.70,2.25
2013.11.19 03:36:58.852,1.71847,1.71874,2.70,2.25
2013.11.19 03:36:59.844,1.71847,1.71874,2.03,1.13
2013.11.19 03:37:00.046,1.71847,1.71875,1.88,1.28
2013.11.19 03:37:00.197,1.71847,1.71875,1.50,1.65
2013.11.19 03:37:00.399,1.71847,1.71875,2.70,1.50
2013.11.19 03:37:12.389,1.71855,1.71878,1.13,1.65
2013.11.19 03:37:15.127,1.71855,1.71879,1.28,1.50
2013.11.19 03:37:17.348,1.71855,1.71879,1.28,1.50
2013.11.19 03:37:17.651,1.7186,1.71883,3.38,1.50
2013.11.19 03:37:17.702,1.71861,1.71883,3.08,1.50
2013.11.19 03:37:18.105,1.71861,1.71892,2.70,3.15
2013.11.19 03:37:21.202,1.71861,1.71892,1.50,2.40
2013.11.19 03:37:25.593,1.71861,1.71891,1.50,1.65
2013.11.19 03:37:25.744,1.71865,1.71894,3.08,1.13
2013.11.19 03:37:25.846,1.71865,1.71894,3.83,1.13
2013.11.19 03:37:29.328,1.71865,1.71892,3.83,1.50
2013.11.19 03:37:32.447,1.71864,1.71889,1.13,1.58
2013.11.19 03:37:32.751,1.71863,1.71884,1.13,1.95
2013.11.19 03:37:34.783,1.71863,1.71887,1.50,1.65
2013.11.19 03:37:38.501,1.71863,1.71887,1.88,1.58
2013.11.19 03:37:39.035,1.71863,1.71887,1.13,1.58
2013.11.19 03:37:39.555,1.71863,1.71889,1.20,1.65
2013.11.19 03:37:39.863,1.71868,1.71889,1.13,1.50
2013.11.19 03:37:39.914,1.71868,1.71889,1.13,1.50
2013.11.19 03:37:41.953,1.71868,1.71895,1.13,2.78
2013.11.19 03:37:42.204,1.71868,1.71894,1.50,2.33
2013.11.19 03:37:45.103,1.71863,1.71886,1.50,1.13
2013.11.19 03:37:45.406,1.71863,1.71886,1.50,1.95
2013.11.19 03:37:48.369,1.71859,1.71884,1.50,1.28
2013.11.19 03:38:05.307,1.71859,1.71884,1.50,1.95
2013.11.19 03:38:11.531,1.71858,1.71883,1.50,1.58
2013.11.19 03:38:11.582,1.71858,1.71881,1.50,1.58
2013.11.19 03:38:11.835,1.71858,1.71881,1.50,1.58
2013.11.19 03:38:13.285,1.71858,1.71881,1.13,1.58
2013.11.19 03:38:13.343,1.71858,1.71881,1.13,1.58
2013.11.19 03:38:13.605,1.71858,1.71881,3.38,1.58
2013.11.19 03:38:13.903,1.71858,1.71885,1.13,1.58
2013.11.19 03:38:14.155,1.71858,1.71886,3.53,1.65
2013.11.19 03:38:14.558,1.71858,1.71884,1.13,1.58
2013.11.19 03:38:14.891,1.71858,1.71887,1.13,1.65
2013.11.19 03:38:17.083,1.71858,1.71887,1.58,2.40
2013.11.19 03:38:19.404,1.71858,1.71884,1.50,1.58
2013.11.19 03:38:21.525,1.71858,1.71881,1.13,1.65
2013.11.19 03:38:22.114,1.71858,1.7188,1.50,1.58
2013.11.19 03:38:28.302,1.71858,1.71878,1.50,1.65
2013.11.19 03:38:33.364,1.71858,1.71879,1.50,1.65
2013.11.19 03:38:41.975,1.71858,1.71879,1.50,1.65
2013.11.19 03:38:45.833,1.71858,1.71879,1.50,1.65
2013.11.19 03:38:46.035,1.71859,1.71885,2.63,1.58
2013.11.19 03:38:46.137,1.71859,1.71886,2.63,1.88
2013.11.19 03:38:46.699,1.7186,1.71887,2.63,1.50
2013.11.19 03:38:54.134,1.71861,1.71887,1.88,1.50
2013.11.19 03:38:54.639,1.71867,1.71894,1.50,2.40
2013.11.19 03:38:54.942,1.71867,1.71892,1.20,1.58
2013.11.19 03:38:55.448,1.71867,1.71892,1.13,1.65
2013.11.19 03:38:55.498,1.71867,1.71894,1.20,2.33
2013.11.19 03:38:55.599,1.71867,1.71894,2.71,1.58
2013.11.19 03:38:56.902,1.71871,1.71897,3.76,2.33
2013.11.19 03:38:57.155,1.71876,1.71904,2.78,2.33
2013.11.19 03:38:57.357,1.71876,1.71904,1.20,2.40
2013.11.19 03:38:57.942,1.71876,1.71902,1.20,1.50
2013.11.19 03:38:58.346,1.71878,1.71907,2.70,3.00
2013.11.19 03:38:58.447,1.71879,1.71905,2.71,1.13
2013.11.19 03:38:58.598,1.71881,1.71905,3.00,1.13
2013.11.19 03:38:58.649,1.71881,1.71907,3.00,1.50
2013.11.19 03:38:58.902,1.71881,1.71909,1.58,1.65
2013.11.19 03:39:01.302,1.71881,1.71905,1.58,1.13
2013.11.19 03:39:01.555,1.71881,1.71905,4.51,1.13
2013.11.19 03:39:01.870,1.71882,1.7191,3.08,1.88
2013.11.19 03:39:01.971,1.71882,1.7191,3.08,1.13
2013.11.19 03:39:02.960,1.71882,1.71909,1.65,1.58
2013.11.19 03:39:03.407,1.71882,1.7191,1.50,2.03
2013.11.19 03:39:03.619,1.71882,1.7191,1.50,1.28
2013.11.19 03:39:19.002,1.71885,1.71916,4.88,2.03
2013.11.19 03:39:19.291,1.71885,1.71918,4.88,2.40
2013.11.19 03:39:19.443,1.71896,1.71918,1.13,1.50
2013.11.19 03:39:19.594,1.71897,1.71921,1.50,1.50
2013.11.19 03:39:19.746,1.71897,1.7192,1.50,1.58
2013.11.19 03:39:19.797,1.71897,1.7192,1.50,1.58
2013.11.19 03:39:20.000,1.71893,1.71918,1.88,1.58
2013.11.19 03:39:20.101,1.71893,1.71917,1.88,1.65
2013.11.19 03:39:20.679,1.71888,1.71911,2.25,1.58
2013.11.19 03:39:20.992,1.71883,1.71907,1.50,1.65
2013.11.19 03:39:22.261,1.71883,1.7191,1.50,1.58
2013.11.19 03:39:22.501,1.7188,1.71902,1.20,1.50
2013.11.19 03:39:22.753,1.71878,1.719,1.50,1.58
2013.11.19 03:39:23.056,1.71878,1.71897,1.13,1.58
2013.11.19 03:39:23.292,1.71878,1.71897,1.13,1.58
2013.11.19 03:39:25.938,1.71878,1.71897,1.13,1.58
2013.11.19 03:39:28.343,1.71878,1.71901,1.13,1.58
2013.11.19 03:39:32.649,1.71878,1.71898,1.13,1.95
2013.11.19 03:39:32.951,1.71878,1.71896,1.13,1.50
2013.11.19 03:39:35.624,1.71878,1.71897,1.13,1.65
2013.11.19 03:39:36.322,1.71878,1.71897,1.13,2.25
2013.11.19 03:39:44.302,1.71878,1.71897,1.13,2.25
2013.11.19 03:39:47.955,1.71878,1.71897,1.20,1.50
2013.11.19 03:39:48.056,1.71878,1.71898,1.13,1.50
2013.11.19 03:39:50.401,1.71878,1.719,1.13,2.25
2013.11.19 03:39:50.601,1.71877,1.719,1.13,2.25
2013.11.19 03:39:50.702,1.71873,1.71897,1.95,1.50
2013.11.19 03:39:50.955,1.7187,1.71895,2.03,1.50
2013.11.19 03:39:52.642,1.71869,1.71894,1.50,2.40
2013.11.19 03:39:52.882,1.71865,1.71891,1.20,1.58
2013.11.19 03:39:53.894,1.71863,1.71886,1.28,1.50
2013.11.19 03:39:54.197,1.71861,1.71884,1.50,1.50
2013.11.19 03:39:55.641,1.71859,1.71884,1.28,1.50
2013.11.19 03:39:57.084,1.71859,1.71885,1.20,1.50
2013.11.19 03:39:57.286,1.71859,1.71886,3.83,2.25
2013.11.19 03:39:57.336,1.7186,1.71886,2.33,2.25
2013.11.19 03:39:57.749,1.7186,1.71884,1.20,1.50
2013.11.19 03:39:58.391,1.71859,1.71884,1.28,1.50
2013.11.19 03:39:59.091,1.71858,1.71883,1.20,2.25
2013.11.19 03:40:00.313,1.71856,1.7188,1.50,1.65
2013.11.19 03:40:00.515,1.71855,1.71877,1.13,1.50
2013.11.19 03:40:00.627,1.71855,1.71877,1.13,2.33
2013.11.19 03:40:00.946,1.71857,1.71883,3.45,1.50
2013.11.19 03:40:00.996,1.71857,1.71883,1.95,1.50
2013.11.19 03:40:01.149,1.71854,1.71879,1.65,1.50
2013.11.19 03:40:01.655,1.71854,1.71879,1.28,1.50
2013.11.19 03:40:01.707,1.71853,1.71879,1.65,1.50
2013.11.19 03:40:03.433,1.71853,1.71878,2.33,2.25
2013.11.19 03:40:03.949,1.71853,1.71877,1.65,1.50
2013.11.19 03:40:04.100,1.71853,1.71877,1.20,1.50
2013.11.19 03:40:04.626,1.71849,1.71877,1.95,1.50
2013.11.19 03:40:10.067,1.71849,1.71874,1.20,1.50
2013.11.19 03:40:10.118,1.71846,1.71872,1.95,1.50
2013.11.19 03:40:10.168,1.71846,1.71872,1.20,1.50
2013.11.19 03:40:13.265,1.71843,1.71868,1.28,1.50
2013.11.19 03:40:13.568,1.71843,1.71867,1.13,1.50
2013.11.19 03:40:13.618,1.71843,1.71868,1.13,1.58
2013.11.19 03:40:14.461,1.71843,1.71867,1.13,1.65
2013.11.19 03:40:16.135,1.71838,1.71867,1.28,1.65
2013.11.19 03:40:16.236,1.71838,1.71864,1.13,1.58
2013.11.19 03:40:16.560,1.71838,1.71864,1.20,1.58
2013.11.19 03:40:19.436,1.71833,1.71862,1.28,1.65
2013.11.19 03:40:19.832,1.71833,1.71862,1.20,2.33
2013.11.19 03:40:20.084,1.71833,1.71862,1.20,2.33
2013.11.19 03:40:23.353,1.71833,1.71862,1.20,1.58
2013.11.19 03:40:26.747,1.71832,1.71862,1.65,1.58
2013.11.19 03:40:30.524,1.71831,1.71859,1.13,1.58
2013.11.19 03:40:32.083,1.71831,1.71862,1.58,2.70
2013.11.19 03:40:33.403,1.71837,1.71864,3.08,1.13
2013.11.19 03:40:33.504,1.71837,1.71864,1.50,2.03
2013.11.19 03:40:36.376,1.71837,1.71865,1.13,2.33
2013.11.19 03:40:36.579,1.71839,1.71871,2.70,1.65
2013.11.19 03:40:36.688,1.71839,1.71871,1.95,2.03
2013.11.19 03:40:36.940,1.71838,1.71866,2.40,1.28
2013.11.19 03:40:36.991,1.71838,1.71866,2.40,1.28
2013.11.19 03:40:37.315,1.71838,1.71864,1.13,1.28
2013.11.19 03:40:41.328,1.71838,1.71862,1.13,1.65
2013.11.19 03:40:47.384,1.71833,1.71861,1.28,1.20
2013.11.19 03:41:01.920,1.71833,1.71862,1.95,2.33
2013.11.19 03:41:02.490,1.71833,1.71862,1.95,2.33
2013.11.19 03:41:03.065,1.71833,1.71862,1.20,3.08
2013.11.19 03:41:18.576,1.71833,1.71859,2.70,2.25
2013.11.19 03:41:29.319,1.71833,1.71859,3.75,2.25
2013.11.19 03:41:29.529,1.71833,1.71859,1.58,2.25
2013.11.19 03:41:49.600,1.71832,1.71856,2.25,1.50
2013.11.19 03:41:49.751,1.71832,1.71856,1.58,2.25
2013.11.19 03:41:58.131,1.7183,1.71853,1.28,1.50
2013.11.19 03:41:58.181,1.7183,1.71853,1.28,2.25
2013.11.19 03:42:00.608,1.7183,1.71853,1.28,2.25
2013.11.19 03:42:00.872,1.71828,1.7185,1.50,1.50
2013.11.19 03:42:00.924,1.71825,1.7185,1.20,2.33
2013.11.19 03:42:01.025,1.71823,1.71845,1.13,1.58
2013.11.19 03:42:01.075,1.71823,1.71843,1.13,1.58
2013.11.19 03:42:01.126,1.7182,1.71839,1.50,1.50
2013.11.19 03:42:01.177,1.71813,1.71839,1.58,2.25
2013.11.19 03:42:01.508,1.7182,1.71839,2.63,2.25
2013.11.19 03:42:01.610,1.7182,1.7184,4.13,1.50
2013.11.19 03:42:01.865,1.7182,1.71843,1.58,1.50
2013.11.19 03:42:01.966,1.7182,1.71841,1.50,1.50
2013.11.19 03:42:02.017,1.71815,1.71841,1.58,2.25
2013.11.19 03:42:06.218,1.71815,1.71841,2.33,2.25
2013.11.19 03:42:09.628,1.71815,1.71841,3.45,2.25
2013.11.19 03:42:10.505,1.71817,1.71841,3.76,2.25
2013.11.19 03:42:12.566,1.71822,1.71841,3.75,1.50
2013.11.19 03:42:12.617,1.71823,1.71841,3.01,1.50
2013.11.19 03:42:12.668,1.71827,1.71844,3.75,1.50
2013.11.19 03:42:12.827,1.71827,1.7185,3.75,2.25
2013.11.19 03:42:13.029,1.71828,1.7185,3.01,2.25
2013.11.19 03:42:13.637,1.71828,1.71852,1.20,1.50
2013.11.19 03:42:13.808,1.71826,1.71852,1.95,1.50
2013.11.19 03:42:14.193,1.71826,1.71852,1.20,1.50
2013.11.19 03:42:14.708,1.71826,1.71852,3.38,1.50
2013.11.19 03:42:15.019,1.71833,1.71855,3.00,2.25
2013.11.19 03:42:15.322,1.71836,1.71855,3.75,1.50
2013.11.19 03:42:19.987,1.71827,1.7185,1.65,1.50
2013.11.19 03:42:20.088,1.71824,1.7185,1.58,1.50
2013.11.19 03:42:23.210,1.71824,1.7185,1.58,1.50
2013.11.19 03:42:24.465,1.71825,1.7185,3.76,1.50
2013.11.19 03:42:25.169,1.71827,1.7185,3.76,1.50
2013.11.19 03:42:27.688,1.71831,1.7185,2.78,1.50
2013.11.19 03:42:28.002,1.71832,1.7185,2.78,1.50
2013.11.19 03:42:33.078,1.71835,1.71854,2.78,1.50
2013.11.19 03:42:33.280,1.71842,1.71857,2.70,1.50
2013.11.19 03:42:33.381,1.71844,1.7186,3.01,1.50
2013.11.19 03:42:33.880,1.71843,1.71863,1.28,2.25
2013.11.19 03:42:34.084,1.71843,1.71863,1.28,2.25
2013.11.19 03:42:34.393,1.71843,1.71863,1.28,2.25
2013.11.19 03:42:34.545,1.71839,1.7186,1.95,1.50
2013.11.19 03:42:34.595,1.71839,1.71859,1.20,1.50
2013.11.19 03:42:34.646,1.71838,1.71859,1.28,1.50
2013.11.19 03:42:34.850,1.71835,1.71856,1.20,1.50
2013.11.19 03:42:34.951,1.71833,1.71856,1.20,1.50
2013.11.19 03:42:35.536,1.71829,1.71851,2.25,1.50
2013.11.19 03:42:35.587,1.71829,1.71851,1.50,1.50
2013.11.19 03:42:35.638,1.71827,1.71848,1.28,1.50
2013.11.19 03:42:35.688,1.71827,1.71848,1.28,2.25
2013.11.19 03:42:42.005,1.71826,1.71845,1.28,2.25
2013.11.19 03:42:43.323,1.71826,1.71845,1.95,1.50
2013.11.19 03:42:43.874,1.71828,1.71845,4.13,1.50
2013.11.19 03:42:45.037,1.71828,1.71845,4.88,1.50
2013.11.19 03:42:45.965,1.71833,1.71849,4.51,1.50
2013.11.19 03:42:46.179,1.71833,1.71849,1.58,1.50
2013.11.19 03:42:46.472,1.71833,1.71849,1.58,1.50
2013.11.19 03:42:46.923,1.7183,1.71849,2.25,1.50
2013.11.19 03:42:46.974,1.71829,1.71849,1.50,2.25
2013.11.19 03:42:47.991,1.71828,1.71846,1.58,2.25
2013.11.19 03:42:48.042,1.71826,1.71846,1.58,2.25
2013.11.19 03:42:48.143,1.71826,1.71846,1.58,2.25
2013.11.19 03:42:48.590,1.71823,1.71843,2.33,2.25
2013.11.19 03:42:55.301,1.71823,1.71843,1.58,2.25
2013.11.19 03:42:55.738,1.71821,1.71843,1.95,1.50
2013.11.19 03:42:56.192,1.71825,1.71846,3.01,1.50
2013.11.19 03:42:56.394,1.71827,1.71846,3.76,1.50
2013.11.19 03:42:56.587,1.71827,1.71846,3.76,1.50
2013.11.19 03:43:00.576,1.71829,1.71849,3.38,2.25
2013.11.19 03:43:00.678,1.7183,1.7185,3.76,1.50
2013.11.19 03:43:00.779,1.71831,1.71852,4.50,2.25
2013.11.19 03:43:05.809,1.71831,1.71852,3.38,2.25
2013.11.19 03:43:06.479,1.71831,1.71852,3.38,2.25
2013.11.19 03:43:17.553,1.71831,1.71852,2.63,1.50
2013.11.19 03:43:20.256,1.71831,1.71852,2.63,2.25
2013.11.19 03:43:37.041,1.71831,1.71852,3.38,2.25
2013.11.19 03:43:37.601,1.71831,1.71852,4.13,1.50
2013.11.19 03:43:55.839,1.71833,1.71852,4.13,1.50
2013.11.19 03:43:56.316,1.71835,1.71855,3.01,2.25
2013.11.19 03:43:56.418,1.71835,1.71855,1.65,2.25
2013.11.19 03:44:01.751,1.71833,1.71855,1.95,2.25
2013.11.19 03:44:01.802,1.71833,1.71855,1.28,2.25
2013.11.19 03:44:15.218,1.71833,1.71855,1.28,2.25
2013.11.19 03:44:15.536,1.71833,1.71855,1.28,2.25
2013.11.19 03:44:15.859,1.71833,1.71855,1.28,2.25
2013.11.19 03:44:16.560,1.71834,1.71855,2.70,1.50
2013.11.19 03:44:17.234,1.71834,1.71855,2.25,2.25
2013.11.19 03:44:36.977,1.71834,1.71855,3.38,2.25
2013.11.19 03:44:43.840,1.71835,1.71855,3.83,1.50
2013.11.19 03:44:44.193,1.71835,1.7185,3.00,1.50
2013.11.19 03:44:44.497,1.71834,1.71839,1.50,2.25
2013.11.19 03:44:44.700,1.71822,1.71836,1.50,1.50
2013.11.19 03:44:44.852,1.71813,1.71836,1.50,2.25
2013.11.19 03:44:44.953,1.71814,1.71836,3.00,2.25
2013.11.19 03:45:03.527,1.71815,1.71836,3.01,2.25
2013.11.19 03:45:03.635,1.71815,1.71836,3.01,1.50
2013.11.19 03:45:04.942,1.71815,1.71841,2.25,1.50
2013.11.19 03:45:05.533,1.71815,1.71841,3.75,1.50
2013.11.19 03:45:05.634,1.71815,1.71841,3.75,1.50
2013.11.19 03:45:09.112,1.71818,1.71847,4.50,1.50
2013.11.19 03:45:09.213,1.71817,1.71837,1.50,1.50
2013.11.19 03:45:09.365,1.71817,1.71842,1.50,1.65
2013.11.19 03:45:09.671,1.71813,1.71836,1.50,1.50
2013.11.19 03:45:09.993,1.71812,1.71832,1.88,1.20
2013.11.19 03:45:10.043,1.71812,1.71832,1.88,1.95
2013.11.19 03:45:10.145,1.71812,1.71832,1.13,1.20
2013.11.19 03:45:10.765,1.71812,1.71836,1.13,2.03
2013.11.19 03:45:11.119,1.71812,1.7184,2.71,1.13
2013.11.19 03:45:11.576,1.71812,1.71844,4.21,2.40
2013.11.19 03:45:11.879,1.71812,1.71844,3.53,2.40
2013.11.19 03:45:12.539,1.71815,1.71844,3.00,3.45
2013.11.19 03:45:12.892,1.71815,1.71846,5.25,1.65
2013.11.19 03:45:23.431,1.7182,1.71847,2.71,1.50
2013.11.19 03:45:23.583,1.71823,1.71847,3.83,1.50
2013.11.19 03:45:23.707,1.71823,1.71847,3.83,1.50
2013.11.19 03:45:23.910,1.71829,1.71852,3.76,1.13
2013.11.19 03:45:24.012,1.71829,1.71857,3.75,1.50
2013.11.19 03:45:31.595,1.71829,1.71857,3.00,2.25
2013.11.19 03:45:31.696,1.71829,1.71857,1.50,2.33
2013.11.19 03:45:32.179,1.71828,1.71852,2.25,2.03
2013.11.19 03:45:32.456,1.71827,1.7185,1.50,1.28
2013.11.19 03:45:38.549,1.71827,1.7185,1.50,1.65
2013.11.19 03:45:38.852,1.71827,1.71853,1.50,1.20
2013.11.19 03:45:38.903,1.71827,1.71853,1.65,1.13
2013.11.19 03:45:39.138,1.71827,1.71853,1.50,1.13
2013.11.19 03:45:39.951,1.71827,1.71855,1.65,1.50
2013.11.19 03:45:48.115,1.71826,1.71848,1.65,1.50
2013.11.19 03:45:54.969,1.71824,1.71848,1.50,2.03
2013.11.19 03:45:55.071,1.71824,1.71848,1.50,2.03
2013.11.19 03:45:55.278,1.71824,1.71848,1.50,2.33
2013.11.19 03:45:58.146,1.71824,1.71848,1.50,2.33
2013.11.19 03:46:00.214,1.71824,1.71848,1.50,2.33
2013.11.19 03:46:02.449,1.71824,1.71848,1.50,2.33
2013.11.19 03:46:03.976,1.71824,1.71848,1.50,2.33
2013.11.19 03:46:04.094,1.71824,1.71848,1.50,2.33
2013.11.19 03:46:04.400,1.71824,1.71848,1.50,1.65
2013.11.19 03:46:04.501,1.71824,1.71845,1.50,1.50
2013.11.19 03:46:04.703,1.71817,1.71842,2.25,1.58
2013.11.19 03:46:06.829,1.71817,1.71837,1.50,1.13
2013.11.19 03:46:07.032,1.71815,1.71834,1.50,1.13
2013.11.19 03:46:13.933,1.71812,1.71834,1.50,1.20
2013.11.19 03:46:17.437,1.7181,1.71832,1.50,1.13
2013.11.19 03:46:22.133,1.7181,1.71824,1.50,1.13
2013.11.19 03:46:24.118,1.7181,1.71832,1.50,1.65
2013.11.19 03:46:24.293,1.7181,1.71831,1.50,1.58
2013.11.19 03:46:25.154,1.71806,1.71831,1.58,1.58
2013.11.19 03:46:27.354,1.71806,1.71831,1.58,1.58
2013.11.19 03:46:37.122,1.71806,1.71832,2.40,1.50
2013.11.19 03:46:41.434,1.71806,1.71831,1.65,1.13
2013.11.19 03:46:45.065,1.71806,1.71831,1.65,1.50
2013.11.19 03:46:45.651,1.71806,1.71831,1.65,1.50
2013.11.19 03:46:46.165,1.71806,1.71831,2.33,1.13
2013.11.19 03:46:57.795,1.71807,1.71831,3.76,1.50
2013.11.19 03:46:57.899,1.71807,1.71832,3.76,1.50
2013.11.19 03:46:59.221,1.71807,1.71831,3.76,1.50
2013.11.19 03:47:00.866,1.71807,1.71832,3.01,1.50
2013.11.19 03:47:03.785,1.71811,1.71832,3.08,1.50
2013.11.19 03:47:03.886,1.71811,1.71838,3.83,1.13
2013.11.19 03:47:06.102,1.7181,1.71841,2.70,1.28
2013.11.19 03:47:24.303,1.7181,1.71843,1.65,1.58
2013.11.19 03:47:26.015,1.71809,1.71842,2.25,1.65
2013.11.19 03:47:46.996,1.71808,1.71842,3.00,2.33
2013.11.19 03:47:47.097,1.71827,1.71842,1.13,1.58
2013.11.19 03:47:47.349,1.71827,1.71844,2.41,1.50
2013.11.19 03:47:47.451,1.71831,1.71846,2.70,1.50
2013.11.19 03:47:47.552,1.71831,1.71851,1.13,1.50
2013.11.19 03:47:47.758,1.7183,1.71858,1.28,2.40
2013.11.19 03:48:03.296,1.71828,1.71858,1.65,3.08
2013.11.19 03:48:29.627,1.71828,1.71858,1.50,2.33
2013.11.19 03:48:29.928,1.71828,1.71858,1.58,2.33
2013.11.19 03:48:31.412,1.71828,1.71858,1.50,1.65
2013.11.19 03:48:31.724,1.71834,1.7186,3.01,1.50
2013.11.19 03:48:31.775,1.71834,1.71861,3.76,1.50
2013.11.19 03:48:31.876,1.71835,1.71862,3.75,1.13
2013.11.19 03:48:33.856,1.71837,1.71862,4.28,1.13
2013.11.19 03:48:34.111,1.7184,1.71863,2.63,1.65
2013.11.19 03:48:34.216,1.7184,1.71862,1.88,1.65
2013.11.19 03:48:34.753,1.7184,1.71865,1.13,1.58
2013.11.19 03:48:35.073,1.7184,1.71865,1.13,1.58
2013.11.19 03:48:35.451,1.71839,1.71865,1.50,1.58
2013.11.19 03:48:35.663,1.71839,1.71862,1.50,1.58
2013.11.19 03:48:41.481,1.71839,1.71864,1.50,1.58
2013.11.19 03:48:41.784,1.71838,1.71864,1.50,1.58
2013.11.19 03:48:42.369,1.71838,1.7186,1.50,1.58
2013.11.19 03:48:50.398,1.71833,1.71857,1.50,1.58
2013.11.19 03:48:50.499,1.71833,1.71857,1.50,1.58
2013.11.19 03:48:51.355,1.71833,1.71863,1.88,1.58
2013.11.19 03:48:54.143,1.71835,1.71863,2.63,1.58
2013.11.19 03:48:56.747,1.71835,1.71866,1.95,3.08
2013.11.19 03:49:03.805,1.71835,1.71866,1.95,2.40
2013.11.19 03:49:04.365,1.71835,1.71866,2.03,2.40
2013.11.19 03:49:04.584,1.71835,1.71865,1.88,1.58
2013.11.19 03:49:05.025,1.71836,1.71866,3.38,3.00
2013.11.19 03:49:05.127,1.71839,1.71862,4.50,1.50
2013.11.19 03:49:05.329,1.71841,1.71872,3.75,1.65
2013.11.19 03:49:05.430,1.71843,1.71872,5.70,1.58
2013.11.19 03:49:05.734,1.71853,1.71879,5.26,1.50
2013.11.19 03:49:06.001,1.71863,1.71882,1.13,1.50
2013.11.19 03:49:06.557,1.71863,1.71888,1.13,1.50
2013.11.19 03:49:09.432,1.71865,1.71892,2.63,2.40
2013.11.19 03:49:12.265,1.71865,1.71892,2.63,2.40
2013.11.19 03:49:16.593,1.71865,1.71892,2.63,2.40
2013.11.19 03:49:18.901,1.71865,1.71892,2.63,2.40
2013.11.19 03:49:22.641,1.71865,1.71892,2.63,2.40
2013.11.19 03:49:25.724,1.71865,1.71892,2.63,2.40
2013.11.19 03:49:30.375,1.71863,1.71883,1.50,1.58
2013.11.19 03:49:30.628,1.71855,1.71879,1.50,1.58
2013.11.19 03:49:34.904,1.71855,1.71877,1.50,1.58
2013.11.19 03:49:35.158,1.71848,1.7187,1.13,1.28
2013.11.19 03:49:35.208,1.71845,1.7187,1.50,1.95
2013.11.19 03:49:35.360,1.71843,1.71867,1.88,1.58
2013.11.19 03:49:35.702,1.71843,1.71876,3.08,2.33
2013.11.19 03:49:44.452,1.71842,1.71868,1.50,1.58
2013.11.19 03:49:45.232,1.71842,1.71871,1.50,1.95
2013.11.19 03:49:54.322,1.71842,1.71867,1.50,1.58
2013.11.19 03:49:54.374,1.71841,1.71857,1.58,1.20
2013.11.19 03:49:54.475,1.71841,1.71857,1.50,1.28
2013.11.19 03:49:54.626,1.71833,1.71856,2.25,1.20
2013.11.19 03:49:54.727,1.71833,1.71856,1.50,1.95
2013.11.19 03:49:54.828,1.71833,1.71856,2.25,1.28
2013.11.19 03:49:55.224,1.71833,1.71856,2.25,1.13
2013.11.19 03:49:55.940,1.71833,1.71861,2.33,2.40
2013.11.19 03:49:56.453,1.71833,1.71857,1.50,1.65
2013.11.19 03:49:57.716,1.71833,1.7186,2.25,1.58
2013.11.19 03:49:58.020,1.71853,1.71863,2.26,1.50
2013.11.19 03:49:58.071,1.71853,1.71867,2.26,1.50
2013.11.19 03:49:58.122,1.71853,1.71878,2.63,1.65
2013.11.19 03:49:58.224,1.71854,1.71879,2.71,1.58
2013.11.19 03:50:00.993,1.71854,1.71872,1.50,1.65
2013.11.19 03:50:01.044,1.71847,1.71872,1.50,3.08
2013.11.19 03:50:01.296,1.71845,1.71868,1.50,1.28
2013.11.19 03:50:01.685,1.71843,1.71869,2.25,1.58
2013.11.19 03:50:01.786,1.71843,1.71868,1.50,1.58
2013.11.19 03:50:03.729,1.7184,1.71863,1.50,1.58
2013.11.19 03:50:07.199,1.71837,1.71861,1.13,1.58
2013.11.19 03:50:07.250,1.71837,1.71859,1.13,1.50
2013.11.19 03:50:11.740,1.71837,1.71857,1.13,1.58
2013.11.19 03:50:12.043,1.71833,1.71854,1.50,2.25
2013.11.19 03:50:12.094,1.71833,1.71853,1.50,1.58
2013.11.19 03:50:15.443,1.71833,1.71851,1.50,1.58
2013.11.19 03:50:16.424,1.71833,1.71852,1.50,1.58
2013.11.19 03:50:17.228,1.71833,1.71853,1.50,1.58
2013.11.19 03:50:18.806,1.71833,1.71853,1.50,1.58
2013.11.19 03:50:19.361,1.71833,1.71853,1.50,1.58
2013.11.19 03:50:19.512,1.71833,1.7186,1.65,2.25
2013.11.19 03:50:19.613,1.71833,1.71861,1.65,1.58
2013.11.19 03:50:19.815,1.71833,1.71857,1.50,1.50
2013.11.19 03:50:20.372,1.71833,1.71855,1.50,1.28
2013.11.19 03:50:20.708,1.71833,1.71855,1.65,1.13
2013.11.19 03:50:21.043,1.71833,1.71856,1.65,1.13
2013.11.19 03:50:21.661,1.71837,1.71861,2.71,1.50
2013.11.19 03:50:21.713,1.71839,1.71862,2.71,1.50
2013.11.19 03:50:21.763,1.71839,1.71861,3.46,1.50
2013.11.19 03:50:22.324,1.7184,1.71868,2.70,2.40
2013.11.19 03:50:24.321,1.7184,1.71867,1.13,3.08
2013.11.19 03:50:25.307,1.7184,1.71867,1.50,1.58
2013.11.19 03:50:28.649,1.71835,1.71861,1.50,1.65
2013.11.19 03:50:28.700,1.71835,1.71859,1.50,1.58
2013.11.19 03:50:29.315,1.71831,1.71855,1.50,1.58
2013.11.19 03:50:29.618,1.71827,1.71849,1.50,1.88
2013.11.19 03:50:29.676,1.71827,1.71848,1.50,1.58
2013.11.19 03:50:30.212,1.71823,1.71848,2.25,1.28
2013.11.19 03:50:31.706,1.71823,1.71847,1.50,1.20
2013.11.19 03:50:32.383,1.71823,1.71847,1.50,1.20
2013.11.19 03:50:33.468,1.71823,1.71849,2.25,1.28
2013.11.19 03:50:34.074,1.71823,1.71849,3.00,1.95
2013.11.19 03:50:34.326,1.71823,1.71843,1.50,1.58
2013.11.19 03:50:34.782,1.71818,1.71843,1.50,1.28
2013.11.19 03:50:35.391,1.71818,1.71841,1.50,1.20
2013.11.19 03:50:36.005,1.71818,1.71841,1.50,1.20
2013.11.19 03:50:38.412,1.71818,1.71841,1.50,1.20
2013.11.19 03:50:38.973,1.71818,1.71843,1.50,1.28
2013.11.19 03:50:39.403,1.7182,1.71848,3.08,1.13
2013.11.19 03:50:39.501,1.7182,1.71848,3.08,1.50
2013.11.19 03:50:41.083,1.7182,1.71848,3.08,1.13
2013.11.19 03:50:42.146,1.71825,1.71852,4.58,2.63
2013.11.19 03:50:42.247,1.71827,1.71852,4.58,1.88
2013.11.19 03:50:42.298,1.71827,1.71852,1.65,1.13
2013.11.19 03:50:42.401,1.71827,1.71852,1.65,1.13
2013.11.19 03:50:49.648,1.71826,1.71851,1.50,1.88
2013.11.19 03:50:49.951,1.71823,1.7184,1.50,1.95
2013.11.19 03:50:50.153,1.71813,1.71839,1.58,2.03
2013.11.19 03:50:50.355,1.7181,1.71832,2.25,1.88
2013.11.19 03:50:50.406,1.7181,1.71832,2.25,2.63
2013.11.19 03:50:50.507,1.7181,1.71831,1.50,2.33
2013.11.19 03:50:50.608,1.71808,1.71828,1.50,1.58
2013.11.19 03:50:50.709,1.71806,1.71828,1.50,1.58
2013.11.19 03:50:52.679,1.71799,1.71827,1.58,1.65
2013.11.19 03:50:53.183,1.71798,1.71825,1.50,1.58
2013.11.19 03:50:53.689,1.71798,1.71827,1.50,1.65
2013.11.19 03:50:53.843,1.718,1.71829,1.50,1.58
2013.11.19 03:50:56.043,1.718,1.71827,1.58,1.50
2013.11.19 03:50:57.806,1.718,1.7183,1.50,1.58
2013.11.19 03:50:59.343,1.718,1.71827,3.08,1.50
2013.11.19 03:51:02.329,1.718,1.71829,2.78,1.28
2013.11.19 03:51:02.380,1.71803,1.71832,1.50,1.58
2013.11.19 03:51:02.481,1.71803,1.71832,1.50,1.58
2013.11.19 03:51:02.585,1.71804,1.71833,1.50,1.58
2013.11.19 03:51:02.892,1.71803,1.71827,1.50,1.65
2013.11.19 03:51:03.224,1.71803,1.71826,1.50,1.58
2013.11.19 03:51:03.274,1.71803,1.71826,1.50,1.58
2013.11.19 03:51:04.285,1.71803,1.71827,1.50,2.33
2013.11.19 03:51:04.955,1.71803,1.71827,1.50,1.65
2013.11.19 03:51:15.883,1.71798,1.71826,2.40,1.65
2013.11.19 03:51:21.080,1.71798,1.71822,2.40,1.50
2013.11.19 03:51:21.282,1.71798,1.71822,1.50,2.33
2013.11.19 03:51:30.075,1.71798,1.71822,1.50,1.58
2013.11.19 03:51:30.126,1.71798,1.71825,1.50,2.33
2013.11.19 03:51:30.846,1.71798,1.71826,1.50,1.28
2013.11.19 03:51:32.653,1.71798,1.71826,1.50,1.28
2013.11.19 03:51:32.970,1.71802,1.71829,3.76,1.13
2013.11.19 03:51:35.152,1.71802,1.7183,1.65,1.58
2013.11.19 03:51:41.618,1.71802,1.71827,1.58,1.50
2013.11.19 03:51:41.844,1.71802,1.71827,3.46,1.50
2013.11.19 03:51:42.390,1.71802,1.71827,1.13,1.65
2013.11.19 03:52:13.674,1.71802,1.71827,1.13,1.88
2013.11.19 03:52:16.406,1.71802,1.71822,1.13,1.50
2013.11.19 03:52:17.409,1.71802,1.71822,1.13,1.50
2013.11.19 03:52:17.932,1.71798,1.71822,1.65,1.50
2013.11.19 03:52:18.185,1.71798,1.7182,1.20,1.13
2013.11.19 03:52:20.160,1.71798,1.71822,1.65,1.88
2013.11.19 03:52:23.235,1.71798,1.71821,1.20,1.13
2013.11.19 03:52:32.161,1.71798,1.71822,1.13,1.20
2013.11.19 03:52:50.862,1.71798,1.71822,1.13,1.20
2013.11.19 03:52:51.379,1.71798,1.71822,1.13,1.20
2013.11.19 03:52:52.190,1.71798,1.71821,2.63,1.13
2013.11.19 03:52:56.813,1.71798,1.71822,1.50,1.20
2013.11.19 03:53:00.312,1.71798,1.7182,1.50,1.28
2013.11.19 03:53:08.831,1.71798,1.71821,1.13,1.28
2013.11.19 03:53:11.313,1.71798,1.71822,1.13,1.65
2013.11.19 03:53:17.689,1.71798,1.71822,1.13,1.28
2013.11.19 03:53:19.120,1.71798,1.71825,1.13,1.20
2013.11.19 03:53:19.791,1.71798,1.71826,1.13,1.13
2013.11.19 03:53:20.290,1.71798,1.71826,1.13,1.13
2013.11.19 03:53:22.097,1.71798,1.71827,1.13,1.95
2013.11.19 03:53:24.637,1.71798,1.71827,1.13,1.20
2013.11.19 03:53:24.943,1.71799,1.71827,3.45,1.13
2013.11.19 03:53:28.361,1.71799,1.71827,1.65,1.13
2013.11.19 03:53:29.930,1.71798,1.71825,1.50,1.65
2013.11.19 03:53:31.302,1.71796,1.7182,1.58,1.50
2013.11.19 03:53:31.808,1.71793,1.71819,1.50,1.58
2013.11.19 03:53:40.405,1.71793,1.71817,1.95,1.50
2013.11.19 03:53:46.291,1.71792,1.71816,1.13,1.58
2013.11.19 03:53:46.494,1.7179,1.71808,1.50,1.13
2013.11.19 03:53:47.010,1.71788,1.7181,1.50,1.20
2013.11.19 03:53:55.581,1.71788,1.71813,1.50,1.58
2013.11.19 03:53:55.682,1.71788,1.71817,2.78,1.28
2013.11.19 03:53:55.910,1.71792,1.71817,1.13,1.28
2013.11.19 03:53:56.213,1.71798,1.71824,1.13,2.33
2013.11.19 03:53:56.767,1.71798,1.71824,1.13,2.25
2013.11.19 03:53:56.969,1.71804,1.71827,2.70,1.50
2013.11.19 03:53:57.172,1.71805,1.71831,2.63,1.58
2013.11.19 03:53:58.214,1.71805,1.71832,1.13,1.65
2013.11.19 03:54:00.700,1.71805,1.71834,1.13,3.08
2013.11.19 03:54:01.708,1.71805,1.71832,1.13,1.65
2013.11.19 03:54:01.933,1.71805,1.71834,2.78,2.40
2013.11.19 03:54:02.238,1.71805,1.71834,2.78,2.40
2013.11.19 03:54:03.037,1.71807,1.71834,1.13,2.40
2013.11.19 03:54:04.585,1.71807,1.71834,1.13,3.08
2013.11.19 03:54:04.661,1.71807,1.71834,1.13,3.08
2013.11.19 03:54:05.449,1.71807,1.71831,1.13,1.58
2013.11.19 03:54:05.990,1.71806,1.71829,1.13,1.58
2013.11.19 03:54:17.458,1.71806,1.71825,1.13,1.20
2013.11.19 03:54:17.560,1.71806,1.71825,1.13,1.95
2013.11.19 03:54:17.661,1.71803,1.71825,1.50,1.95
2013.11.19 03:55:17.644,1.71802,1.71832,1.20,1.95
2013.11.19 03:55:19.077,1.71802,1.71832,1.20,1.20
2013.11.19 03:55:29.191,1.71803,1.71834,2.41,1.95
2013.11.19 03:55:41.847,1.71803,1.71834,1.13,3.45
2013.11.19 03:55:48.398,1.71803,1.71832,1.65,1.65
2013.11.19 03:55:50.979,1.71803,1.71833,1.13,1.58
2013.11.19 03:55:51.093,1.71803,1.71832,1.28,1.65
2013.11.19 03:55:51.289,1.71803,1.71832,1.28,1.65
2013.11.19 03:55:52.192,1.71803,1.71833,1.13,1.58
2013.11.19 03:55:54.211,1.71802,1.71832,1.28,1.65
2013.11.19 03:56:07.190,1.71802,1.71832,1.28,2.40
2013.11.19 03:56:09.369,1.718,1.71832,1.58,1.65
2013.11.19 03:56:09.874,1.71802,1.71832,3.00,1.58
2013.11.19 03:56:12.700,1.71805,1.71832,2.71,1.50
2013.11.19 03:56:12.801,1.71806,1.71832,2.41,2.25
2013.11.19 03:56:13.751,1.71808,1.71832,2.63,2.25
2013.11.19 03:56:13.903,1.71811,1.71834,4.88,1.50
2013.11.19 03:56:14.004,1.71814,1.71839,2.63,2.25
2013.11.19 03:56:19.909,1.71814,1.7184,3.38,1.50
2013.11.19 03:56:20.065,1.71815,1.71839,3.45,1.13
2013.11.19 03:56:20.167,1.71815,1.71839,1.20,1.20
2013.11.19 03:56:20.218,1.71814,1.71839,1.13,1.28
2013.11.19 03:56:27.858,1.7181,1.71833,1.50,1.58
2013.11.19 03:56:28.111,1.71806,1.71828,1.13,1.58
2013.11.19 03:56:29.372,1.71804,1.7183,1.50,1.58
2013.11.19 03:57:05.056,1.71804,1.71826,1.50,1.58
2013.11.19 03:57:07.060,1.71804,1.71827,1.50,1.65
2013.11.19 03:57:28.069,1.71801,1.71829,1.13,1.20
2013.11.19 03:57:34.060,1.71801,1.71829,1.13,1.20
2013.11.19 03:57:34.221,1.71801,1.71832,2.70,1.28
2013.11.19 03:57:34.990,1.71805,1.71836,2.41,1.28
2013.11.19 03:57:35.041,1.71806,1.71836,2.71,1.20
2013.11.19 03:57:35.414,1.71806,1.71836,2.33,1.20
2013.11.19 03:57:43.859,1.71804,1.71832,1.28,1.13
2013.11.19 03:57:44.161,1.71803,1.71827,1.13,1.50
2013.11.19 03:57:44.565,1.71803,1.71827,1.13,1.50
2013.11.19 03:57:49.764,1.71803,1.71829,1.13,1.50
2013.11.19 03:57:49.815,1.71803,1.7183,1.13,1.50
2013.11.19 03:57:50.026,1.71803,1.7183,1.13,1.50
2013.11.19 03:57:50.270,1.71803,1.7183,1.13,2.25
2013.11.19 03:57:51.563,1.71803,1.7183,1.13,1.50
2013.11.19 03:57:51.657,1.71803,1.7183,1.13,1.50
2013.11.19 03:57:52.883,1.71803,1.7183,1.13,1.50
2013.11.19 03:57:55.723,1.71803,1.71828,1.13,1.58
2013.11.19 03:57:55.875,1.71803,1.71827,1.13,1.50
2013.11.19 03:57:56.051,1.71803,1.71827,1.13,3.00
2013.11.19 03:57:56.393,1.71803,1.71824,1.50,1.58
2013.11.19 03:57:58.365,1.71803,1.71826,1.50,1.58
2013.11.19 03:57:58.416,1.71803,1.71826,1.50,1.58
2013.11.19 03:57:59.106,1.71803,1.7183,1.50,1.58
2013.11.19 03:58:23.115,1.71803,1.71832,1.88,2.33
2013.11.19 03:58:38.105,1.71803,1.71827,1.88,1.58
2013.11.19 03:58:38.611,1.71803,1.71826,1.50,1.58
2013.11.19 03:58:45.948,1.71803,1.71821,1.50,2.25
2013.11.19 03:58:46.049,1.71801,1.71818,1.50,1.58
2013.11.19 03:58:46.100,1.71801,1.71817,1.50,1.50
2013.11.19 03:58:46.448,1.71795,1.71812,1.88,1.58
2013.11.19 03:58:49.482,1.71795,1.71813,1.88,2.25
2013.11.19 03:58:50.141,1.71795,1.71814,1.88,1.58
2013.11.19 03:58:50.890,1.71795,1.71812,1.88,1.58
2013.11.19 03:58:55.335,1.71795,1.71813,1.88,1.58
2013.11.19 03:58:55.386,1.71795,1.71815,1.88,1.58
2013.11.19 03:58:57.806,1.71795,1.71817,1.13,1.58
2013.11.19 03:59:04.826,1.71795,1.71812,1.13,1.50
2013.11.19 03:59:04.927,1.71788,1.71811,1.88,2.33
2013.11.19 03:59:05.239,1.71782,1.71794,1.50,3.00
2013.11.19 03:59:05.290,1.71777,1.71791,1.50,1.58
2013.11.19 03:59:05.391,1.71776,1.71791,1.13,2.33
2013.11.19 03:59:05.502,1.71772,1.7179,1.50,1.65
2013.11.19 03:59:05.603,1.71767,1.71787,1.13,2.33
2013.11.19 03:59:06.058,1.71767,1.71786,1.13,2.33
2013.11.19 03:59:07.032,1.71762,1.71781,2.25,1.58
2013.11.19 03:59:08.436,1.71762,1.71782,1.50,1.58
2013.11.19 03:59:08.589,1.71761,1.71783,1.13,1.58
2013.11.19 03:59:08.959,1.7176,1.71779,1.50,1.58
2013.11.19 03:59:09.262,1.71752,1.71769,1.50,3.83
2013.11.19 03:59:09.581,1.71746,1.71763,1.50,1.58
2013.11.19 03:59:10.215,1.71744,1.71764,1.13,2.25
2013.11.19 03:59:10.432,1.71744,1.71766,1.13,1.58
2013.11.19 03:59:12.306,1.71742,1.71766,1.88,1.58
2013.11.19 03:59:12.431,1.71742,1.71771,4.13,1.50
2013.11.19 03:59:12.662,1.71747,1.71774,2.70,1.50
2013.11.19 03:59:15.203,1.71747,1.71771,1.58,1.95
2013.11.19 03:59:15.607,1.71747,1.71771,1.13,2.03
2013.11.19 03:59:15.657,1.71748,1.71771,2.33,1.88
2013.11.19 03:59:15.859,1.71748,1.71771,2.71,1.13
2013.11.19 03:59:16.111,1.71748,1.71771,2.26,1.65
2013.11.19 03:59:16.813,1.71748,1.71771,2.26,1.65
2013.11.19 03:59:20.913,1.71748,1.71771,1.13,1.65
2013.11.19 03:59:24.111,1.71748,1.71771,1.50,1.58
2013.11.19 03:59:25.853,1.71748,1.71771,1.50,1.58
2013.11.19 03:59:25.955,1.71748,1.71773,1.28,1.50
2013.11.19 03:59:26.409,1.71749,1.71773,2.71,1.50
2013.11.19 03:59:30.170,1.71749,1.71777,2.71,2.14
2013.11.19 03:59:36.280,1.7175,1.71776,1.13,1.50
2013.11.19 03:59:36.583,1.71752,1.71768,1.13,1.95
2013.11.19 03:59:36.734,1.71752,1.71762,1.50,1.50
2013.11.19 03:59:36.835,1.71743,1.71762,1.13,1.50
2013.11.19 03:59:36.886,1.71743,1.71762,1.13,1.50
2013.11.19 03:59:37.465,1.71743,1.71762,1.50,1.65
2013.11.19 03:59:39.767,1.71743,1.71766,1.50,1.58
2013.11.19 03:59:40.172,1.71742,1.71767,1.50,1.58
2013.11.19 03:59:41.397,1.71741,1.7177,1.20,2.33
2013.11.19 03:59:41.840,1.71741,1.7177,1.50,2.33
2013.11.19 03:59:42.172,1.71741,1.7177,1.50,2.33
2013.11.19 03:59:43.361,1.71741,1.7177,2.70,2.33
2013.11.19 03:59:43.821,1.71741,1.7177,2.25,2.33
2013.11.19 03:59:44.379,1.71741,1.71766,1.50,1.58
2013.11.19 03:59:45.323,1.71741,1.71766,1.50,1.58
2013.11.19 03:59:52.583,1.71741,1.7177,1.50,2.33
2013.11.19 03:59:55.155,1.71741,1.7177,2.71,1.50
2013.11.19 03:59:55.277,1.71742,1.71774,2.70,2.03
2013.11.19 03:59:55.328,1.71744,1.71774,1.50,2.03
2013.11.19 03:59:55.599,1.71745,1.71774,2.78,2.03
2013.11.19 03:59:55.751,1.71745,1.71773,1.50,1.58
2013.11.19 03:59:56.318,1.71745,1.71772,1.50,1.58
2013.11.19 03:59:56.419,1.71745,1.71773,1.50,1.65
2013.11.19 03:59:56.930,1.71745,1.71772,1.50,1.65
2013.11.19 03:59:59.338,1.71745,1.71774,1.50,1.65
