2011.09.07 10:00:00.770,1.50651,1.50696,1.50,2.25
2011.09.07 10:00:01.216,1.50644,1.50696,1.50,2.25
2011.09.07 10:00:01.560,1.50651,1.50692,1.50,1.13
2011.09.07 10:00:02.401,1.50634,1.50663,2.03,1.50
2011.09.07 10:00:02.517,1.50642,1.50677,1.50,1.35
2011.09.07 10:00:02.637,1.50623,1.50651,2.03,1.50
2011.09.07 10:00:02.871,1.50611,1.50643,2.03,1.50
2011.09.07 10:00:03.320,1.50602,1.50637,1.50,1.50
2011.09.07 10:00:03.439,1.50602,1.50637,2.03,1.50
2011.09.07 10:00:04.285,1.50626,1.50666,1.50,1.13
2011.09.07 10:00:04.514,1.50618,1.50666,1.50,1.13
2011.09.07 10:00:05.583,1.50619,1.50666,1.50,2.25
2011.09.07 10:00:05.692,1.50617,1.50658,1.50,1.50
2011.09.07 10:00:06.714,1.50621,1.50672,1.50,2.25
2011.09.07 10:00:06.841,1.5062,1.50655,1.50,1.50
2011.09.07 10:00:07.197,1.50622,1.50657,1.50,1.50
2011.09.07 10:00:07.537,1.50631,1.50664,1.50,1.50
2011.09.07 10:00:08.353,1.50632,1.50671,1.50,2.25
2011.09.07 10:00:08.969,1.50635,1.50671,1.50,2.25
2011.09.07 10:00:09.539,1.50638,1.50671,1.50,2.25
2011.09.07 10:00:10.271,1.50623,1.50671,1.50,2.25
2011.09.07 10:00:10.522,1.50618,1.50664,1.50,1.50
2011.09.07 10:00:10.641,1.50631,1.50664,1.50,1.50
2011.09.07 10:00:10.975,1.5063,1.5066,1.50,1.50
2011.09.07 10:00:11.096,1.50624,1.5066,1.50,1.50
2011.09.07 10:00:12.608,1.50624,1.50655,1.50,1.50
2011.09.07 10:00:13.607,1.50617,1.50653,3.00,1.50
2011.09.07 10:00:14.310,1.50619,1.50653,1.50,1.50
2011.09.07 10:00:14.883,1.50618,1.50652,2.25,2.25
2011.09.07 10:00:15.329,1.50617,1.50645,1.50,1.50
2011.09.07 10:00:15.563,1.50609,1.50645,3.00,1.50
2011.09.07 10:00:16.990,1.50608,1.5064,1.50,1.50
2011.09.07 10:00:17.110,1.50602,1.5064,2.03,1.50
2011.09.07 10:00:18.804,1.506,1.50633,1.50,1.50
2011.09.07 10:00:19.692,1.50598,1.50633,2.25,1.50
2011.09.07 10:00:19.812,1.50604,1.5064,3.00,1.50
2011.09.07 10:00:20.154,1.50604,1.50639,2.25,1.50
2011.09.07 10:00:20.759,1.50612,1.50641,1.50,1.50
2011.09.07 10:00:21.004,1.50602,1.50636,1.50,1.50
2011.09.07 10:00:25.340,1.50616,1.50646,1.50,2.25
2011.09.07 10:00:25.461,1.50616,1.50646,1.50,1.50
2011.09.07 10:00:26.221,1.50616,1.50649,1.50,1.50
2011.09.07 10:00:26.585,1.50612,1.50645,3.00,1.50
2011.09.07 10:00:26.922,1.50605,1.50643,1.50,1.50
2011.09.07 10:00:27.264,1.50617,1.50643,1.50,1.50
2011.09.07 10:00:27.605,1.50613,1.50643,1.50,1.50
2011.09.07 10:00:28.311,1.50609,1.5064,1.50,2.25
2011.09.07 10:00:28.881,1.50613,1.50641,1.50,2.25
2011.09.07 10:00:29.225,1.50612,1.50634,2.25,1.50
2011.09.07 10:00:29.467,1.50619,1.50642,2.25,1.50
2011.09.07 10:00:29.588,1.50626,1.50658,1.50,1.50
2011.09.07 10:00:30.484,1.50629,1.50659,1.50,1.50
2011.09.07 10:00:30.711,1.50626,1.50659,1.50,1.50
2011.09.07 10:00:32.884,1.50624,1.50659,2.25,1.50
2011.09.07 10:00:33.222,1.50626,1.50659,1.50,1.50
2011.09.07 10:00:33.562,1.50623,1.50659,3.00,1.50
2011.09.07 10:00:37.684,1.50629,1.50659,1.50,1.50
2011.09.07 10:00:38.023,1.50632,1.50659,1.50,1.50
2011.09.07 10:00:39.017,1.50632,1.50663,1.50,1.50
2011.09.07 10:00:39.134,1.50632,1.50665,1.50,3.00
2011.09.07 10:00:39.360,1.50634,1.50665,1.50,1.50
2011.09.07 10:00:40.003,1.50638,1.50665,1.50,1.50
2011.09.07 10:00:40.232,1.50629,1.50665,1.50,1.50
2011.09.07 10:00:40.352,1.50633,1.50665,1.50,1.50
2011.09.07 10:00:40.915,1.50629,1.50665,3.00,3.00
2011.09.07 10:00:41.535,1.50629,1.50663,2.25,1.50
2011.09.07 10:00:42.158,1.50627,1.50657,1.50,2.25
2011.09.07 10:00:42.777,1.50628,1.50659,1.50,1.50
2011.09.07 10:00:43.312,1.5063,1.50659,1.50,1.50
2011.09.07 10:00:43.546,1.50634,1.50664,1.50,1.50
2011.09.07 10:00:44.192,1.50629,1.50659,2.25,1.50
2011.09.07 10:00:44.320,1.50626,1.50654,1.50,1.50
2011.09.07 10:00:44.885,1.50618,1.50654,1.50,1.50
2011.09.07 10:00:45.004,1.50616,1.50648,1.50,1.50
2011.09.07 10:00:45.453,1.50621,1.5065,2.25,2.25
2011.09.07 10:00:45.571,1.50625,1.50655,1.50,2.25
2011.09.07 10:00:45.801,1.50633,1.50657,1.50,1.50
2011.09.07 10:00:46.421,1.50636,1.50661,1.50,1.50
2011.09.07 10:00:46.562,1.50624,1.50658,1.50,3.00
2011.09.07 10:00:46.790,1.5062,1.50655,1.50,1.50
2011.09.07 10:00:47.239,1.50623,1.50649,1.50,1.50
2011.09.07 10:00:47.580,1.50615,1.50649,2.25,1.50
2011.09.07 10:00:48.922,1.50616,1.50649,1.50,3.00
2011.09.07 10:00:49.610,1.50614,1.50647,3.75,2.25
2011.09.07 10:00:50.535,1.50613,1.50646,1.50,1.50
2011.09.07 10:00:51.839,1.50605,1.50646,3.00,3.00
2011.09.07 10:00:52.181,1.50603,1.50639,1.50,1.50
2011.09.07 10:00:52.634,1.50598,1.50632,1.28,1.50
2011.09.07 10:00:53.085,1.50602,1.50636,1.50,1.50
2011.09.07 10:00:53.203,1.50603,1.50633,2.25,1.50
2011.09.07 10:00:54.020,1.50612,1.50633,1.50,1.50
2011.09.07 10:00:54.161,1.50609,1.50646,2.25,1.13
2011.09.07 10:00:54.285,1.50609,1.5063,1.50,1.50
2011.09.07 10:00:54.401,1.50599,1.5063,2.03,1.50
2011.09.07 10:00:55.761,1.50597,1.5063,2.03,1.50
2011.09.07 10:00:56.680,1.50594,1.5063,1.50,1.50
2011.09.07 10:00:56.993,1.50604,1.5063,1.50,1.50
2011.09.07 10:00:58.211,1.50594,1.5063,1.50,1.50
2011.09.07 10:00:58.773,1.50597,1.5063,1.50,1.50
2011.09.07 10:01:00.154,1.50605,1.5063,1.50,1.50
2011.09.07 10:01:02.326,1.50598,1.5063,1.50,1.50
2011.09.07 10:01:03.393,1.50595,1.5063,2.25,1.50
2011.09.07 10:01:09.380,1.50599,1.50636,1.50,2.25
2011.09.07 10:01:10.063,1.50595,1.5063,2.78,1.50
2011.09.07 10:01:10.294,1.50603,1.50637,1.50,1.50
2011.09.07 10:01:10.524,1.50603,1.50642,2.25,2.25
2011.09.07 10:01:10.642,1.50608,1.50644,2.25,1.50
2011.09.07 10:01:12.608,1.50607,1.50641,2.25,1.50
2011.09.07 10:01:12.730,1.50598,1.50634,1.50,1.50
2011.09.07 10:01:13.672,1.50598,1.50631,1.50,1.50
2011.09.07 10:01:14.310,1.50588,1.50622,4.50,1.50
2011.09.07 10:01:14.442,1.50588,1.50622,3.00,1.50
2011.09.07 10:01:15.329,1.50592,1.50622,2.25,1.50
2011.09.07 10:01:16.663,1.50588,1.50618,1.50,1.50
2011.09.07 10:01:17.296,1.50588,1.50612,1.50,1.50
2011.09.07 10:01:17.552,1.50577,1.50612,3.00,2.25
2011.09.07 10:01:17.784,1.50577,1.50606,2.25,1.50
2011.09.07 10:01:18.011,1.5057,1.506,1.50,1.50
2011.09.07 10:01:18.130,1.5057,1.506,1.50,1.50
2011.09.07 10:01:18.255,1.50568,1.50597,2.25,1.50
2011.09.07 10:01:18.373,1.50564,1.50597,3.53,3.00
2011.09.07 10:01:18.600,1.50561,1.50595,1.50,2.25
2011.09.07 10:01:19.662,1.50565,1.50597,1.50,1.50
2011.09.07 10:01:20.002,1.5057,1.50597,1.50,1.50
2011.09.07 10:01:20.348,1.5057,1.50603,1.50,1.50
2011.09.07 10:01:20.474,1.50574,1.50603,1.50,1.50
2011.09.07 10:01:21.041,1.50573,1.50603,1.50,1.50
2011.09.07 10:01:21.529,1.50565,1.50603,1.50,3.00
2011.09.07 10:01:21.763,1.50569,1.50603,1.50,1.50
2011.09.07 10:01:22.099,1.50566,1.50599,2.25,1.50
2011.09.07 10:01:22.725,1.50567,1.506,2.25,1.50
2011.09.07 10:01:23.059,1.50565,1.50598,3.00,1.50
2011.09.07 10:01:23.793,1.50571,1.50603,1.50,1.50
2011.09.07 10:01:24.350,1.50572,1.50603,1.50,1.50
2011.09.07 10:01:26.881,1.50566,1.50599,2.25,1.50
2011.09.07 10:01:27.007,1.50566,1.50593,1.50,1.50
2011.09.07 10:01:27.574,1.50571,1.50593,1.50,1.50
2011.09.07 10:01:28.058,1.50571,1.50602,1.50,1.50
2011.09.07 10:01:30.233,1.50587,1.50611,1.50,1.09
2011.09.07 10:01:30.353,1.50586,1.50616,1.50,2.25
2011.09.07 10:01:30.470,1.50584,1.50616,1.50,2.25
2011.09.07 10:01:30.921,1.50584,1.50614,1.50,1.50
2011.09.07 10:01:32.219,1.50586,1.50616,1.50,2.25
2011.09.07 10:01:32.562,1.50589,1.5061,1.50,1.50
2011.09.07 10:01:32.683,1.50582,1.5062,1.50,1.50
2011.09.07 10:01:32.914,1.50588,1.50621,2.25,2.25
2011.09.07 10:01:33.038,1.50588,1.50625,3.00,1.09
2011.09.07 10:01:40.570,1.5059,1.50626,1.28,1.50
2011.09.07 10:01:42.269,1.5059,1.50626,1.28,1.50
2011.09.07 10:01:43.493,1.5059,1.50626,1.28,1.50
2011.09.07 10:01:44.159,1.5059,1.50626,1.28,1.50
2011.09.07 10:01:45.510,1.50588,1.50626,1.50,1.50
2011.09.07 10:01:45.630,1.50594,1.50631,1.50,2.25
2011.09.07 10:01:46.243,1.50588,1.5063,1.50,1.50
2011.09.07 10:01:46.361,1.50588,1.50626,1.50,1.50
2011.09.07 10:01:46.721,1.50588,1.5063,1.50,1.50
2011.09.07 10:01:46.972,1.50594,1.50631,1.50,2.25
2011.09.07 10:01:48.743,1.50602,1.50636,1.50,2.25
2011.09.07 10:01:49.078,1.50602,1.50638,1.50,1.50
2011.09.07 10:01:49.311,1.50602,1.50637,1.50,1.50
2011.09.07 10:01:49.764,1.50597,1.50635,1.50,1.50
2011.09.07 10:01:49.883,1.50596,1.50631,1.50,2.25
2011.09.07 10:01:51.134,1.50592,1.50623,2.25,1.50
2011.09.07 10:01:51.663,1.50596,1.50631,1.50,2.25
2011.09.07 10:01:52.132,1.50596,1.50624,1.50,1.50
2011.09.07 10:01:52.579,1.50592,1.50624,1.50,1.50
2011.09.07 10:01:52.700,1.50591,1.50624,1.50,1.50
2011.09.07 10:01:53.271,1.50591,1.50623,1.50,1.50
2011.09.07 10:01:55.031,1.50591,1.50622,1.50,1.50
2011.09.07 10:01:57.904,1.50587,1.50614,1.50,2.25
2011.09.07 10:01:58.037,1.50581,1.50614,3.53,2.25
2011.09.07 10:02:01.070,1.50582,1.50614,1.28,2.25
2011.09.07 10:02:01.779,1.50581,1.50614,3.00,2.25
2011.09.07 10:02:01.903,1.50581,1.50614,2.25,2.25
2011.09.07 10:02:05.962,1.50581,1.50614,3.00,2.25
2011.09.07 10:02:06.629,1.50581,1.50614,2.25,2.25
2011.09.07 10:02:07.969,1.50572,1.50604,1.50,1.50
2011.09.07 10:02:08.311,1.50574,1.50604,1.50,1.50
2011.09.07 10:02:08.430,1.50567,1.50604,2.25,3.00
2011.09.07 10:02:09.814,1.50571,1.50604,1.50,1.50
2011.09.07 10:02:10.529,1.50566,1.50604,3.75,3.00
2011.09.07 10:02:10.672,1.50576,1.50603,1.50,1.50
2011.09.07 10:02:10.905,1.50576,1.50614,1.50,2.25
2011.09.07 10:02:11.026,1.50578,1.5061,2.25,1.50
2011.09.07 10:02:11.364,1.5057,1.50603,1.50,2.25
2011.09.07 10:02:11.920,1.50568,1.50604,1.50,3.00
2011.09.07 10:02:13.513,1.50576,1.50609,1.50,1.50
2011.09.07 10:02:14.071,1.50576,1.50612,1.50,1.50
2011.09.07 10:02:14.642,1.50576,1.50609,3.00,1.50
2011.09.07 10:02:16.360,1.50578,1.50611,2.25,2.25
2011.09.07 10:02:16.705,1.50582,1.50611,1.50,1.50
2011.09.07 10:02:16.826,1.50591,1.50624,2.25,1.50
2011.09.07 10:02:17.050,1.50594,1.50626,1.50,1.50
2011.09.07 10:02:21.390,1.5059,1.50626,1.50,1.50
2011.09.07 10:02:22.908,1.50617,1.50628,1.50,1.50
2011.09.07 10:02:23.036,1.50617,1.50632,1.50,1.50
2011.09.07 10:02:23.160,1.50611,1.50643,1.50,1.50
2011.09.07 10:02:23.393,1.50609,1.50638,1.50,1.50
2011.09.07 10:02:23.511,1.50607,1.50638,1.50,3.00
2011.09.07 10:02:23.633,1.50599,1.50631,1.50,1.50
2011.09.07 10:02:24.082,1.50593,1.50616,2.03,1.50
2011.09.07 10:02:24.310,1.50583,1.50616,3.53,1.50
2011.09.07 10:02:24.663,1.50583,1.50616,1.50,1.50
2011.09.07 10:02:30.230,1.5058,1.50615,1.50,2.25
2011.09.07 10:02:33.055,1.50581,1.50616,2.25,2.25
2011.09.07 10:02:33.502,1.5059,1.50626,1.50,1.50
2011.09.07 10:02:33.623,1.50595,1.50626,1.50,1.50
2011.09.07 10:02:34.180,1.50595,1.50626,2.25,1.50
2011.09.07 10:02:34.534,1.50602,1.50635,1.50,1.50
2011.09.07 10:02:34.762,1.50607,1.50635,1.50,1.50
2011.09.07 10:02:35.804,1.50609,1.50641,1.50,1.50
2011.09.07 10:02:35.937,1.50612,1.50641,1.50,1.50
2011.09.07 10:02:36.163,1.50613,1.50649,2.25,2.25
2011.09.07 10:02:36.501,1.50608,1.50643,2.25,1.50
2011.09.07 10:02:38.565,1.50601,1.50637,2.03,1.50
2011.09.07 10:02:38.913,1.50599,1.5063,2.03,1.50
2011.09.07 10:02:39.033,1.50601,1.50636,1.28,1.50
2011.09.07 10:02:39.371,1.50603,1.50636,1.50,1.50
2011.09.07 10:02:41.577,1.50604,1.50636,1.50,1.50
2011.09.07 10:02:41.630,1.50602,1.50636,1.50,1.50
2011.09.07 10:02:41.754,1.50605,1.50641,1.50,1.50
2011.09.07 10:02:43.020,1.50616,1.50647,1.50,2.25
2011.09.07 10:02:43.803,1.50616,1.5065,1.50,1.50
2011.09.07 10:02:43.922,1.50616,1.50652,1.50,1.50
2011.09.07 10:02:44.936,1.5061,1.5065,1.50,1.88
2011.09.07 10:02:45.055,1.5061,1.50646,1.50,1.50
2011.09.07 10:02:45.170,1.50604,1.50644,1.28,2.25
2011.09.07 10:02:45.291,1.50603,1.50635,2.03,1.50
2011.09.07 10:02:46.660,1.50602,1.50635,2.03,1.50
2011.09.07 10:02:47.290,1.50602,1.50635,2.03,1.50
2011.09.07 10:02:47.850,1.50602,1.50635,2.03,1.50
2011.09.07 10:02:48.450,1.50604,1.50637,1.28,2.25
2011.09.07 10:02:48.692,1.50616,1.5065,1.50,1.50
2011.09.07 10:02:51.386,1.50617,1.5065,1.50,1.50
2011.09.07 10:02:52.171,1.50617,1.50648,1.50,1.09
2011.09.07 10:02:52.620,1.50617,1.5065,1.50,1.50
2011.09.07 10:02:52.853,1.50619,1.5065,1.50,1.50
2011.09.07 10:02:54.440,1.50617,1.50652,2.25,2.25
2011.09.07 10:02:54.789,1.50627,1.50656,1.50,1.50
2011.09.07 10:02:56.341,1.50631,1.50657,1.50,2.25
2011.09.07 10:02:56.460,1.50627,1.50657,1.50,3.75
2011.09.07 10:02:56.696,1.50627,1.5065,1.50,1.50
2011.09.07 10:02:57.309,1.50616,1.50651,2.78,2.25
2011.09.07 10:02:57.437,1.5062,1.50658,3.00,1.50
2011.09.07 10:02:57.558,1.50634,1.50665,1.50,1.84
2011.09.07 10:02:57.794,1.50632,1.50665,1.50,1.84
2011.09.07 10:02:57.915,1.50632,1.50658,1.50,1.50
2011.09.07 10:02:58.140,1.5062,1.50658,1.50,1.50
2011.09.07 10:02:59.373,1.50624,1.50656,1.50,2.25
2011.09.07 10:02:59.840,1.50625,1.50657,2.25,1.50
2011.09.07 10:03:00.404,1.50627,1.50662,1.50,1.50
2011.09.07 10:03:01.070,1.50625,1.50655,1.50,1.50
2011.09.07 10:03:01.192,1.50612,1.50654,3.00,1.50
2011.09.07 10:03:01.312,1.50612,1.50648,1.50,1.50
2011.09.07 10:03:02.216,1.50617,1.50648,1.50,1.50
2011.09.07 10:03:02.883,1.50615,1.50648,1.50,1.50
2011.09.07 10:03:03.489,1.50613,1.50648,2.25,1.50
2011.09.07 10:03:04.410,1.50615,1.50648,1.50,1.50
2011.09.07 10:03:04.536,1.50617,1.50648,1.50,1.50
2011.09.07 10:03:05.103,1.50618,1.50648,1.50,1.50
2011.09.07 10:03:05.661,1.5062,1.50648,1.50,1.50
2011.09.07 10:03:06.001,1.50623,1.50648,1.50,1.50
2011.09.07 10:03:06.676,1.50616,1.50648,1.50,1.50
2011.09.07 10:03:07.851,1.50617,1.50648,1.50,1.50
2011.09.07 10:03:08.532,1.50625,1.50648,1.50,1.50
2011.09.07 10:03:08.652,1.50625,1.50656,1.50,1.50
2011.09.07 10:03:08.772,1.50621,1.50656,2.25,2.25
2011.09.07 10:03:09.746,1.50622,1.50656,2.22,3.00
2011.09.07 10:03:10.104,1.50622,1.50655,1.50,3.00
2011.09.07 10:03:11.090,1.50617,1.50654,2.03,2.25
2011.09.07 10:03:11.322,1.50618,1.50653,1.28,1.50
2011.09.07 10:03:11.959,1.50615,1.50647,1.50,1.50
2011.09.07 10:03:12.076,1.50621,1.50649,1.50,1.50
2011.09.07 10:03:12.194,1.50621,1.50652,1.50,3.00
2011.09.07 10:03:12.310,1.50623,1.50652,1.50,1.50
2011.09.07 10:03:12.433,1.50625,1.50658,1.50,1.50
2011.09.07 10:03:12.999,1.50626,1.50659,1.50,3.00
2011.09.07 10:03:13.117,1.50631,1.50667,1.50,2.25
2011.09.07 10:03:13.453,1.50635,1.50667,1.50,2.25
2011.09.07 10:03:14.023,1.50642,1.50667,1.50,2.25
2011.09.07 10:03:14.171,1.50637,1.50669,1.50,1.50
2011.09.07 10:03:14.403,1.50637,1.50667,1.50,1.50
2011.09.07 10:03:14.523,1.50633,1.50661,1.50,1.50
2011.09.07 10:03:14.750,1.50636,1.50661,1.50,1.50
2011.09.07 10:03:14.874,1.50636,1.50668,1.50,1.50
2011.09.07 10:03:15.442,1.50647,1.5067,1.50,2.25
2011.09.07 10:03:15.685,1.50651,1.50677,1.50,1.50
2011.09.07 10:03:16.332,1.50657,1.50684,1.50,1.50
2011.09.07 10:03:16.455,1.50659,1.50689,2.25,2.25
2011.09.07 10:03:16.577,1.50663,1.50692,1.50,2.25
2011.09.07 10:03:16.800,1.50658,1.5069,2.25,1.50
2011.09.07 10:03:17.032,1.50664,1.50692,1.50,2.25
2011.09.07 10:03:17.374,1.50665,1.50691,2.25,1.50
2011.09.07 10:03:17.724,1.50669,1.50698,1.50,1.50
2011.09.07 10:03:17.844,1.5067,1.50703,1.50,2.25
2011.09.07 10:03:18.682,1.50684,1.50707,1.50,2.25
2011.09.07 10:03:18.802,1.50682,1.50704,1.50,1.50
2011.09.07 10:03:18.927,1.50669,1.50702,2.25,2.25
2011.09.07 10:03:20.013,1.50668,1.50694,1.50,1.50
2011.09.07 10:03:20.136,1.50662,1.50694,1.50,1.50
2011.09.07 10:03:20.942,1.50662,1.50697,1.50,3.00
2011.09.07 10:03:21.597,1.50662,1.50697,1.50,3.00
2011.09.07 10:03:21.722,1.50662,1.50694,1.50,1.50
2011.09.07 10:03:22.063,1.50652,1.50688,2.25,1.50
2011.09.07 10:03:22.182,1.5065,1.5068,1.50,1.50
2011.09.07 10:03:22.303,1.50645,1.5068,2.03,2.25
2011.09.07 10:03:22.545,1.50647,1.50683,2.25,1.13
2011.09.07 10:03:23.549,1.50652,1.50682,1.50,1.50
2011.09.07 10:03:24.710,1.50652,1.50682,1.50,1.50
2011.09.07 10:03:25.492,1.50652,1.50681,1.50,1.50
2011.09.07 10:03:26.320,1.50652,1.50682,1.50,1.50
2011.09.07 10:03:26.661,1.50645,1.50682,1.50,2.25
2011.09.07 10:03:30.443,1.50647,1.50683,2.25,1.50
2011.09.07 10:03:30.903,1.50656,1.50686,1.50,2.25
2011.09.07 10:03:31.726,1.50656,1.50687,1.50,2.25
2011.09.07 10:03:32.281,1.50656,1.50686,1.50,2.25
2011.09.07 10:03:32.816,1.50656,1.50687,1.50,2.25
2011.09.07 10:03:33.371,1.50656,1.50686,1.50,2.25
2011.09.07 10:03:35.041,1.50663,1.50686,1.50,2.25
2011.09.07 10:03:35.272,1.50663,1.50691,1.50,1.50
2011.09.07 10:03:35.389,1.50657,1.50689,1.50,2.25
2011.09.07 10:03:35.965,1.5065,1.50684,1.50,1.50
2011.09.07 10:03:37.165,1.5065,1.50684,1.50,1.50
2011.09.07 10:03:37.880,1.50656,1.50684,1.50,1.50
2011.09.07 10:03:38.440,1.50655,1.50686,1.50,1.50
2011.09.07 10:03:38.784,1.5065,1.50686,1.50,1.50
2011.09.07 10:03:40.311,1.50659,1.50686,1.50,1.50
2011.09.07 10:03:41.210,1.50656,1.50686,1.50,1.50
2011.09.07 10:03:41.774,1.50655,1.50686,1.50,1.50
2011.09.07 10:03:43.728,1.50656,1.50689,1.50,1.50
2011.09.07 10:03:43.966,1.50656,1.50693,3.38,1.50
2011.09.07 10:03:44.085,1.50663,1.50697,1.50,3.00
2011.09.07 10:03:44.312,1.50664,1.50699,2.25,1.50
2011.09.07 10:03:44.432,1.50668,1.50702,1.50,1.50
2011.09.07 10:03:45.422,1.50668,1.50706,1.50,3.00
2011.09.07 10:03:47.812,1.50668,1.507,1.50,1.50
2011.09.07 10:03:48.055,1.50663,1.50698,2.25,1.50
2011.09.07 10:03:48.393,1.50656,1.50692,2.25,1.50
2011.09.07 10:03:49.204,1.50668,1.50696,1.50,2.25
2011.09.07 10:03:49.812,1.5067,1.50698,1.50,1.50
2011.09.07 10:03:49.936,1.50656,1.50692,2.25,1.50
2011.09.07 10:03:50.475,1.50656,1.5069,1.50,1.50
2011.09.07 10:03:50.701,1.50654,1.50686,2.03,1.50
2011.09.07 10:03:50.932,1.50644,1.5068,2.25,3.00
2011.09.07 10:03:51.051,1.50643,1.50673,2.25,2.25
2011.09.07 10:03:51.284,1.50631,1.50661,1.50,1.50
2011.09.07 10:03:51.626,1.50631,1.50661,1.50,1.50
2011.09.07 10:03:52.176,1.50631,1.50661,1.50,1.50
2011.09.07 10:03:52.636,1.50631,1.50661,1.50,1.50
2011.09.07 10:03:52.754,1.50631,1.50661,1.50,1.50
2011.09.07 10:03:53.314,1.50631,1.50661,1.50,1.50
2011.09.07 10:03:53.432,1.50631,1.50665,1.50,1.50
2011.09.07 10:03:53.554,1.50629,1.50665,2.03,1.50
2011.09.07 10:03:54.733,1.50631,1.50665,1.50,1.50
2011.09.07 10:03:55.333,1.50629,1.50665,1.50,1.50
2011.09.07 10:03:56.001,1.50629,1.50661,1.50,1.50
2011.09.07 10:03:56.559,1.50629,1.50663,1.50,2.25
2011.09.07 10:03:58.062,1.50629,1.50661,1.50,1.50
2011.09.07 10:03:59.341,1.50622,1.50658,2.25,1.50
2011.09.07 10:04:00.064,1.5062,1.5065,1.28,1.09
2011.09.07 10:04:00.185,1.5061,1.50644,1.50,2.25
2011.09.07 10:04:02.910,1.50604,1.50634,1.50,1.50
2011.09.07 10:04:03.488,1.50597,1.50627,1.50,1.50
2011.09.07 10:04:03.616,1.50596,1.50626,1.50,1.50
2011.09.07 10:04:04.168,1.50596,1.50627,1.50,1.50
2011.09.07 10:04:04.401,1.50589,1.50627,1.50,3.00
2011.09.07 10:04:06.669,1.50589,1.5062,1.50,1.50
2011.09.07 10:04:07.442,1.50589,1.50619,1.50,1.50
2011.09.07 10:04:08.160,1.50589,1.50617,1.50,1.50
2011.09.07 10:04:11.237,1.50582,1.50617,2.25,2.25
2011.09.07 10:04:11.583,1.5058,1.50617,2.25,3.00
2011.09.07 10:04:12.031,1.50587,1.50622,1.50,2.25
2011.09.07 10:04:13.074,1.50599,1.50631,1.50,3.75
2011.09.07 10:04:13.193,1.50599,1.50637,1.50,3.00
2011.09.07 10:04:14.733,1.50596,1.50635,1.50,2.25
2011.09.07 10:04:14.850,1.50594,1.5063,1.50,1.50
2011.09.07 10:04:16.330,1.50592,1.50628,1.50,1.50
2011.09.07 10:04:18.873,1.50592,1.50622,1.50,1.50
2011.09.07 10:04:19.015,1.506,1.50636,1.50,1.50
2011.09.07 10:04:21.031,1.50606,1.5064,1.13,3.00
2011.09.07 10:04:21.376,1.50617,1.50653,1.50,1.50
2011.09.07 10:04:21.604,1.50612,1.50649,1.28,1.50
2011.09.07 10:04:21.722,1.50612,1.50645,1.28,1.50
2011.09.07 10:04:21.839,1.50612,1.50647,2.78,2.25
2011.09.07 10:04:23.016,1.50613,1.50647,1.13,2.25
2011.09.07 10:04:23.137,1.50629,1.50664,1.50,3.00
2011.09.07 10:04:23.721,1.50629,1.50667,1.50,1.50
2011.09.07 10:04:26.484,1.50632,1.50672,1.50,3.00
2011.09.07 10:04:26.602,1.50636,1.50672,1.50,3.00
2011.09.07 10:04:30.607,1.50641,1.50678,1.50,1.50
2011.09.07 10:04:32.218,1.50641,1.50665,1.50,1.50
2011.09.07 10:04:32.457,1.50635,1.50671,1.50,1.50
2011.09.07 10:04:34.047,1.50635,1.50668,1.50,1.50
2011.09.07 10:04:34.568,1.50635,1.50669,1.50,2.25
2011.09.07 10:04:39.543,1.50629,1.5066,1.28,1.50
2011.09.07 10:04:40.104,1.50624,1.50657,1.50,1.50
2011.09.07 10:04:40.331,1.50622,1.50657,2.25,1.50
2011.09.07 10:04:40.891,1.50625,1.50659,1.50,1.09
2011.09.07 10:04:41.453,1.50622,1.5066,2.25,3.00
2011.09.07 10:04:42.237,1.5063,1.50666,1.50,1.50
2011.09.07 10:04:43.682,1.50635,1.50666,1.50,2.25
2011.09.07 10:04:44.033,1.50641,1.50677,2.25,2.25
2011.09.07 10:04:44.153,1.50638,1.50674,1.50,1.50
2011.09.07 10:04:45.097,1.50645,1.50676,1.50,1.50
2011.09.07 10:04:45.321,1.50635,1.50673,1.50,1.50
2011.09.07 10:04:45.552,1.50635,1.50667,1.50,1.50
2011.09.07 10:04:49.301,1.50635,1.50669,1.50,1.50
2011.09.07 10:04:49.862,1.50635,1.50666,1.50,1.50
2011.09.07 10:04:50.094,1.50635,1.50673,1.50,1.50
2011.09.07 10:04:50.214,1.50634,1.50667,1.50,1.50
2011.09.07 10:04:50.333,1.50629,1.50667,2.03,1.50
2011.09.07 10:04:51.556,1.50632,1.5067,1.50,2.25
2011.09.07 10:04:51.688,1.50639,1.50674,1.50,2.25
2011.09.07 10:04:54.583,1.50645,1.50674,1.50,1.09
2011.09.07 10:04:54.933,1.50639,1.50674,1.50,1.09
2011.09.07 10:04:55.825,1.50645,1.50679,1.50,2.25
2011.09.07 10:04:56.504,1.50645,1.50679,1.50,1.50
2011.09.07 10:04:57.321,1.50645,1.50679,1.50,1.50
2011.09.07 10:04:57.882,1.50645,1.50674,1.50,1.09
2011.09.07 10:04:58.259,1.50638,1.50674,3.00,1.84
2011.09.07 10:05:01.601,1.50638,1.50667,1.50,1.50
2011.09.07 10:05:02.631,1.50636,1.50667,1.50,1.50
2011.09.07 10:05:02.755,1.50636,1.50656,1.50,1.50
2011.09.07 10:05:02.874,1.50622,1.50653,2.03,1.50
2011.09.07 10:05:05.651,1.50622,1.50655,1.50,2.25
2011.09.07 10:05:06.103,1.50626,1.50662,1.50,2.25
2011.09.07 10:05:08.303,1.50613,1.50649,1.50,1.50
2011.09.07 10:05:11.801,1.50608,1.50649,1.50,1.50
2011.09.07 10:05:11.921,1.50607,1.50643,1.50,1.50
2011.09.07 10:05:12.808,1.506,1.50636,1.50,1.50
2011.09.07 10:05:15.150,1.50603,1.50636,1.50,1.50
2011.09.07 10:05:16.604,1.50602,1.50636,1.50,1.50
2011.09.07 10:05:17.449,1.506,1.50635,1.50,2.59
2011.09.07 10:05:18.674,1.506,1.50634,1.50,1.50
2011.09.07 10:05:18.792,1.50604,1.50636,1.50,1.50
2011.09.07 10:05:19.145,1.50589,1.50623,1.50,1.50
2011.09.07 10:05:19.917,1.50585,1.50623,3.53,1.50
2011.09.07 10:05:26.832,1.50594,1.50621,1.50,1.09
2011.09.07 10:05:27.515,1.50602,1.50632,1.50,1.50
2011.09.07 10:05:28.207,1.50604,1.50633,1.50,1.50
2011.09.07 10:05:32.661,1.50606,1.50633,1.50,1.50
2011.09.07 10:05:35.951,1.50606,1.50638,1.50,1.50
2011.09.07 10:05:36.075,1.50606,1.5064,1.50,1.50
2011.09.07 10:05:36.305,1.50613,1.5064,1.50,1.50
2011.09.07 10:05:44.551,1.50612,1.5064,1.50,1.50
2011.09.07 10:05:45.554,1.50611,1.5064,1.50,1.50
2011.09.07 10:05:46.350,1.50604,1.5064,2.25,1.50
2011.09.07 10:05:48.597,1.50602,1.50633,1.50,1.50
2011.09.07 10:05:48.719,1.506,1.50633,1.50,1.50
2011.09.07 10:05:48.848,1.50593,1.50629,3.53,2.25
2011.09.07 10:05:48.975,1.50593,1.50627,1.28,1.50
2011.09.07 10:05:49.571,1.50591,1.50627,3.00,1.50
2011.09.07 10:05:51.079,1.50585,1.50625,3.00,1.50
2011.09.07 10:05:51.190,1.50585,1.50621,3.00,1.50
2011.09.07 10:05:51.664,1.50585,1.50627,3.00,1.50
2011.09.07 10:05:51.784,1.50592,1.50628,1.50,3.00
2011.09.07 10:05:51.903,1.50595,1.50628,1.50,1.50
2011.09.07 10:05:55.449,1.50595,1.50632,2.25,1.50
2011.09.07 10:05:55.573,1.50602,1.50633,1.50,2.25
2011.09.07 10:05:55.690,1.50608,1.50631,1.50,1.50
2011.09.07 10:05:55.814,1.50596,1.50631,1.50,1.50
2011.09.07 10:05:55.932,1.50599,1.50631,1.50,1.50
2011.09.07 10:05:56.056,1.50596,1.50632,1.50,2.25
2011.09.07 10:05:56.174,1.50596,1.50621,1.50,1.50
2011.09.07 10:05:56.296,1.50599,1.50626,1.50,1.50
2011.09.07 10:05:57.075,1.50594,1.50626,1.50,1.50
2011.09.07 10:05:58.271,1.50594,1.50634,2.25,3.00
2011.09.07 10:05:58.391,1.50607,1.50636,1.50,1.50
2011.09.07 10:05:58.513,1.50607,1.50629,1.50,1.50
2011.09.07 10:05:58.629,1.50597,1.50629,1.50,1.50
2011.09.07 10:05:59.080,1.50593,1.50626,2.25,1.50
2011.09.07 10:06:02.129,1.50594,1.50629,1.50,1.50
2011.09.07 10:06:05.602,1.50594,1.50617,1.50,1.50
2011.09.07 10:06:05.723,1.50591,1.50622,1.50,1.50
2011.09.07 10:06:05.845,1.50591,1.50624,1.50,1.50
2011.09.07 10:06:05.965,1.50586,1.50623,2.78,1.09
2011.09.07 10:06:09.131,1.50589,1.50617,1.50,1.50
2011.09.07 10:06:10.528,1.5059,1.50623,1.50,1.50
2011.09.07 10:06:10.654,1.50594,1.50626,1.50,3.00
2011.09.07 10:06:21.612,1.50594,1.50624,1.50,1.09
2011.09.07 10:06:21.845,1.50578,1.50612,1.50,1.50
2011.09.07 10:06:21.961,1.50582,1.50615,1.50,1.50
2011.09.07 10:06:22.585,1.50594,1.50627,1.50,2.25
2011.09.07 10:06:23.491,1.50602,1.5063,1.50,1.13
2011.09.07 10:06:24.049,1.50602,1.50634,1.50,1.50
2011.09.07 10:06:27.991,1.50602,1.50627,1.50,1.50
2011.09.07 10:06:28.112,1.50594,1.50627,1.50,1.50
2011.09.07 10:06:28.353,1.50589,1.50623,3.00,1.50
2011.09.07 10:06:31.444,1.5059,1.50627,2.25,1.50
2011.09.07 10:06:34.082,1.50594,1.50627,1.50,1.50
2011.09.07 10:06:35.591,1.50589,1.50627,3.00,1.50
2011.09.07 10:06:37.037,1.50589,1.50623,1.50,1.50
2011.09.07 10:06:44.549,1.50598,1.50623,1.50,1.50
2011.09.07 10:06:44.675,1.50608,1.50641,1.50,3.34
2011.09.07 10:06:45.229,1.50608,1.50641,2.25,1.09
2011.09.07 10:06:45.350,1.5061,1.50645,1.50,1.50
2011.09.07 10:06:46.212,1.50614,1.5065,1.50,2.25
2011.09.07 10:06:46.333,1.50623,1.5065,1.50,1.50
2011.09.07 10:06:47.144,1.50622,1.50653,1.50,1.50
2011.09.07 10:06:51.135,1.50623,1.50653,1.50,1.50
2011.09.07 10:06:51.363,1.50623,1.5066,2.25,1.50
2011.09.07 10:06:52.137,1.50623,1.50655,1.50,1.50
2011.09.07 10:06:52.591,1.50622,1.50651,1.50,1.50
2011.09.07 10:06:52.821,1.50613,1.50648,2.25,1.09
2011.09.07 10:06:54.337,1.50606,1.50644,1.50,1.50
2011.09.07 10:06:54.561,1.50606,1.50641,1.50,2.59
2011.09.07 10:06:54.901,1.50612,1.50641,1.50,1.09
2011.09.07 10:06:55.472,1.50612,1.50637,1.50,1.50
2011.09.07 10:06:55.592,1.50602,1.50637,2.25,3.00
2011.09.07 10:06:55.712,1.50606,1.50637,1.50,1.50
2011.09.07 10:06:56.052,1.50612,1.50642,1.50,2.59
2011.09.07 10:06:56.173,1.50603,1.50636,1.50,2.25
2011.09.07 10:06:57.106,1.50599,1.50635,1.50,2.25
2011.09.07 10:06:57.443,1.50594,1.50628,2.03,2.25
2011.09.07 10:06:57.784,1.50601,1.50628,1.50,1.50
2011.09.07 10:06:57.901,1.50605,1.50636,1.50,1.50
2011.09.07 10:06:58.552,1.50605,1.50632,1.50,1.50
2011.09.07 10:06:58.670,1.50594,1.50632,3.00,1.50
2011.09.07 10:06:59.533,1.50602,1.50632,1.50,1.50
2011.09.07 10:06:59.883,1.50598,1.50628,1.50,1.50
2011.09.07 10:07:00.001,1.50598,1.50621,1.50,1.50
2011.09.07 10:07:00.119,1.50589,1.50621,1.50,1.50
2011.09.07 10:07:00.684,1.50592,1.50622,1.50,1.50
2011.09.07 10:07:00.802,1.50592,1.5063,1.50,1.50
2011.09.07 10:07:02.242,1.50592,1.50627,1.50,1.09
2011.09.07 10:07:02.361,1.50584,1.50614,2.03,2.25
2011.09.07 10:07:02.482,1.50597,1.50628,1.50,2.59
2011.09.07 10:07:02.603,1.50597,1.50629,1.50,3.00
2011.09.07 10:07:03.054,1.50602,1.50629,1.50,1.50
2011.09.07 10:07:03.501,1.50592,1.5063,1.50,1.50
2011.09.07 10:07:04.193,1.50592,1.5063,1.50,1.50
2011.09.07 10:07:04.318,1.50586,1.50624,1.50,1.50
2011.09.07 10:07:06.253,1.50587,1.50625,1.50,1.09
2011.09.07 10:07:06.812,1.50595,1.5063,3.00,1.09
2011.09.07 10:07:07.845,1.50594,1.50623,1.50,1.50
2011.09.07 10:07:07.963,1.50591,1.50623,1.50,1.50
2011.09.07 10:07:17.120,1.50587,1.50614,1.50,1.50
2011.09.07 10:07:17.460,1.50591,1.50623,1.50,1.50
2011.09.07 10:07:17.578,1.50589,1.50618,2.25,1.50
2011.09.07 10:07:19.500,1.50589,1.50618,2.25,1.84
2011.09.07 10:07:19.624,1.50581,1.50616,2.25,1.09
2011.09.07 10:07:19.961,1.50577,1.50609,1.28,2.59
2011.09.07 10:07:20.081,1.50575,1.50609,1.50,2.59
2011.09.07 10:07:20.421,1.50571,1.50604,1.50,1.09
2011.09.07 10:07:22.722,1.50571,1.50605,1.50,1.50
2011.09.07 10:07:22.847,1.50583,1.5061,1.50,1.09
2011.09.07 10:07:23.072,1.50569,1.50601,2.25,2.59
2011.09.07 10:07:23.413,1.50574,1.50599,1.50,1.09
2011.09.07 10:07:23.752,1.50578,1.50605,1.50,1.84
2011.09.07 10:07:28.391,1.50576,1.50605,1.50,1.84
2011.09.07 10:07:30.293,1.50576,1.50605,2.25,1.84
2011.09.07 10:07:31.494,1.50576,1.50605,1.50,1.84
2011.09.07 10:07:32.724,1.50576,1.50606,2.25,1.50
2011.09.07 10:07:32.842,1.50579,1.50606,1.50,1.50
2011.09.07 10:07:32.961,1.50581,1.50614,2.25,1.50
2011.09.07 10:07:37.325,1.50582,1.50614,1.50,1.50
2011.09.07 10:07:40.779,1.50587,1.50617,1.50,3.34
2011.09.07 10:07:41.123,1.50581,1.50615,2.25,2.25
2011.09.07 10:07:41.684,1.50584,1.50616,1.50,2.25
2011.09.07 10:07:41.915,1.50582,1.50614,1.50,1.50
2011.09.07 10:08:00.381,1.50579,1.50608,1.50,1.50
2011.09.07 10:08:01.161,1.50579,1.50605,1.50,1.50
2011.09.07 10:08:01.281,1.50573,1.50605,2.25,2.25
2011.09.07 10:08:01.403,1.50573,1.50605,1.50,2.25
2011.09.07 10:08:02.061,1.50578,1.50607,1.50,1.50
2011.09.07 10:08:02.511,1.50574,1.50606,1.50,2.25
2011.09.07 10:08:06.032,1.50576,1.50606,1.50,1.50
2011.09.07 10:08:10.168,1.50578,1.50608,1.50,1.50
2011.09.07 10:08:14.721,1.50578,1.50606,1.50,1.50
2011.09.07 10:08:14.841,1.50573,1.506,1.50,1.50
2011.09.07 10:08:15.179,1.50568,1.50606,1.50,1.50
2011.09.07 10:08:15.301,1.50574,1.50608,1.50,1.50
2011.09.07 10:08:15.887,1.50564,1.50591,2.03,1.50
2011.09.07 10:08:16.224,1.50577,1.50607,2.25,2.25
2011.09.07 10:08:17.241,1.50577,1.50609,2.25,2.25
2011.09.07 10:08:18.422,1.50577,1.50609,2.25,2.25
2011.09.07 10:08:19.459,1.50577,1.50603,1.50,1.50
2011.09.07 10:08:19.583,1.50569,1.50604,1.50,1.50
2011.09.07 10:08:19.946,1.50565,1.50603,2.25,1.50
2011.09.07 10:08:20.064,1.50565,1.50598,1.50,1.50
2011.09.07 10:08:20.659,1.50563,1.50595,2.25,1.50
2011.09.07 10:08:23.832,1.50563,1.50595,2.25,2.25
2011.09.07 10:08:24.518,1.50563,1.50595,2.25,1.50
2011.09.07 10:08:27.923,1.50562,1.50586,1.50,1.50
2011.09.07 10:08:28.043,1.50559,1.50586,1.50,1.50
2011.09.07 10:08:28.162,1.50559,1.50586,2.25,1.50
2011.09.07 10:08:28.283,1.50564,1.50594,1.50,1.50
2011.09.07 10:08:30.611,1.50564,1.50591,1.50,1.50
2011.09.07 10:08:30.733,1.50559,1.50586,1.50,1.50
2011.09.07 10:08:31.074,1.50559,1.50584,1.50,1.50
2011.09.07 10:08:31.413,1.50557,1.50592,1.50,1.84
2011.09.07 10:08:31.639,1.50563,1.50595,1.50,3.00
2011.09.07 10:08:34.709,1.50558,1.50591,2.25,1.50
2011.09.07 10:08:43.324,1.50564,1.50594,1.50,2.25
2011.09.07 10:08:44.343,1.50557,1.50593,1.50,2.25
2011.09.07 10:08:46.302,1.50569,1.50605,1.50,2.25
2011.09.07 10:08:51.001,1.50572,1.50613,1.50,1.50
2011.09.07 10:08:51.123,1.50579,1.50615,1.50,1.50
2011.09.07 10:08:53.592,1.50574,1.50615,1.50,1.50
2011.09.07 10:08:53.712,1.50573,1.50609,1.50,1.50
2011.09.07 10:08:55.910,1.50574,1.50617,1.50,2.25
2011.09.07 10:08:56.032,1.5058,1.50617,1.50,1.50
2011.09.07 10:09:00.420,1.50586,1.50617,1.50,1.50
2011.09.07 10:09:02.758,1.50582,1.50614,2.25,1.50
2011.09.07 10:09:03.202,1.50576,1.50609,2.25,1.09
2011.09.07 10:09:03.322,1.50574,1.50609,1.50,2.59
2011.09.07 10:09:03.663,1.50566,1.50604,2.03,1.50
2011.09.07 10:09:04.220,1.50566,1.50599,1.50,1.50
2011.09.07 10:09:04.670,1.50561,1.50597,1.50,1.50
2011.09.07 10:09:06.857,1.50561,1.50585,1.50,1.50
2011.09.07 10:09:07.082,1.50553,1.50585,2.78,1.50
2011.09.07 10:09:07.534,1.50557,1.50588,1.50,1.50
2011.09.07 10:09:11.381,1.50554,1.50584,2.03,1.50
2011.09.07 10:09:13.010,1.50557,1.50588,1.50,1.50
2011.09.07 10:09:14.391,1.50553,1.50569,1.28,1.50
2011.09.07 10:09:14.516,1.50542,1.50569,2.03,1.50
2011.09.07 10:09:14.633,1.5055,1.50569,1.50,1.50
2011.09.07 10:09:14.973,1.5055,1.50586,1.50,1.50
2011.09.07 10:09:18.134,1.50555,1.50591,1.50,1.13
2011.09.07 10:09:19.047,1.50555,1.50589,1.50,1.50
2011.09.07 10:09:19.493,1.50549,1.50587,1.50,1.50
2011.09.07 10:09:20.050,1.50542,1.5058,1.50,1.50
2011.09.07 10:09:21.053,1.50537,1.50572,1.28,1.50
2011.09.07 10:09:21.173,1.50534,1.50572,1.50,1.50
2011.09.07 10:09:21.403,1.50529,1.50565,1.50,1.50
2011.09.07 10:09:25.711,1.50525,1.50564,1.50,2.25
2011.09.07 10:09:25.835,1.5053,1.50564,1.50,1.50
2011.09.07 10:09:27.689,1.5053,1.50566,1.50,1.50
2011.09.07 10:09:28.805,1.50531,1.50566,1.50,1.50
2011.09.07 10:09:29.377,1.5053,1.50566,1.50,1.50
2011.09.07 10:09:29.506,1.5054,1.5057,1.50,1.50
2011.09.07 10:09:29.623,1.5054,1.50572,1.50,2.25
2011.09.07 10:09:32.103,1.50542,1.50576,1.50,1.50
2011.09.07 10:09:32.896,1.5054,1.50576,2.25,2.25
2011.09.07 10:09:33.011,1.5054,1.50573,1.50,1.50
2011.09.07 10:09:33.667,1.50539,1.50573,1.50,1.50
2011.09.07 10:09:36.364,1.50535,1.50564,3.00,1.50
2011.09.07 10:09:38.322,1.50534,1.50565,1.50,1.50
2011.09.07 10:09:39.112,1.50533,1.50561,1.50,1.50
2011.09.07 10:09:41.970,1.5053,1.50559,2.78,1.50
2011.09.07 10:09:42.849,1.5053,1.50559,2.78,1.50
2011.09.07 10:09:43.783,1.50532,1.5056,2.03,1.50
2011.09.07 10:09:44.712,1.50533,1.50561,1.50,1.50
2011.09.07 10:09:45.190,1.50533,1.50559,1.50,1.50
2011.09.07 10:09:45.711,1.50534,1.5056,1.50,1.50
2011.09.07 10:09:48.135,1.50531,1.50559,1.50,1.50
2011.09.07 10:09:51.516,1.50532,1.5056,1.50,1.50
2011.09.07 10:09:51.743,1.50534,1.5056,1.50,1.50
2011.09.07 10:09:55.724,1.50537,1.5056,1.50,1.50
2011.09.07 10:09:55.850,1.50539,1.50569,2.25,1.84
2011.09.07 10:09:55.974,1.50539,1.50569,2.25,1.84
2011.09.07 10:09:56.093,1.50547,1.50576,2.25,1.50
2011.09.07 10:09:56.431,1.50547,1.50574,2.25,1.50
2011.09.07 10:09:56.661,1.50549,1.50578,1.50,2.25
2011.09.07 10:09:57.110,1.50547,1.50576,2.25,1.50
2011.09.07 10:09:58.569,1.50548,1.50579,1.50,2.59
2011.09.07 10:10:02.641,1.50539,1.50572,2.25,1.09
2011.09.07 10:10:03.242,1.50539,1.50571,2.25,1.09
2011.09.07 10:10:03.474,1.50534,1.50565,2.03,1.50
2011.09.07 10:10:09.363,1.50534,1.50565,2.25,1.50
2011.09.07 10:10:09.487,1.50534,1.50565,1.50,1.50
2011.09.07 10:10:10.217,1.50548,1.50577,1.50,2.25
2011.09.07 10:10:10.908,1.50548,1.50577,1.50,2.25
2011.09.07 10:10:11.644,1.50548,1.50576,1.50,1.84
2011.09.07 10:10:12.542,1.50544,1.5056,1.50,1.50
2011.09.07 10:10:13.262,1.50526,1.50557,1.28,1.50
2011.09.07 10:10:13.494,1.50524,1.50552,2.03,2.25
2011.09.07 10:10:13.723,1.50523,1.50549,2.03,1.09
2011.09.07 10:10:14.408,1.50514,1.50549,1.50,1.09
2011.09.07 10:10:15.525,1.5053,1.50568,1.50,1.50
2011.09.07 10:10:15.975,1.50528,1.50558,1.50,2.25
2011.09.07 10:10:16.096,1.50524,1.50558,2.78,2.25
2011.09.07 10:10:16.543,1.50524,1.50558,1.28,2.59
2011.09.07 10:10:16.881,1.50523,1.50558,2.03,2.25
2011.09.07 10:10:17.763,1.50538,1.50558,1.50,1.50
2011.09.07 10:10:17.892,1.50534,1.50565,1.50,1.09
2011.09.07 10:10:18.122,1.5053,1.50565,1.50,1.09
2011.09.07 10:10:18.465,1.50526,1.50558,2.25,1.09
2011.09.07 10:10:18.582,1.50526,1.50557,1.50,1.50
2011.09.07 10:10:18.701,1.50524,1.50557,2.03,3.00
2011.09.07 10:10:19.262,1.50521,1.50557,1.28,3.00
2011.09.07 10:10:19.710,1.50519,1.50557,1.50,3.00
2011.09.07 10:10:21.852,1.50527,1.50557,1.50,1.50
2011.09.07 10:10:21.974,1.50531,1.50566,1.50,1.50
2011.09.07 10:10:22.095,1.50523,1.50561,1.50,1.50
2011.09.07 10:10:22.544,1.50532,1.50568,1.50,1.50
2011.09.07 10:10:22.770,1.50525,1.50561,1.50,1.50
2011.09.07 10:10:23.573,1.50532,1.50568,1.50,1.50
2011.09.07 10:10:23.910,1.50525,1.50561,1.50,1.50
2011.09.07 10:10:24.250,1.50519,1.50554,1.28,1.50
2011.09.07 10:10:24.814,1.50519,1.50554,1.28,1.50
2011.09.07 10:10:25.261,1.50518,1.50554,1.50,1.50
2011.09.07 10:10:26.200,1.50518,1.50553,1.50,1.09
2011.09.07 10:10:26.325,1.50518,1.50549,1.50,1.50
2011.09.07 10:10:26.777,1.50511,1.50545,1.28,1.09
2011.09.07 10:10:27.005,1.50502,1.50534,1.50,1.50
2011.09.07 10:10:27.235,1.50505,1.50538,1.50,1.50
2011.09.07 10:10:28.563,1.50511,1.50544,1.50,1.50
2011.09.07 10:10:28.684,1.50512,1.50549,2.25,1.50
2011.09.07 10:10:28.911,1.50512,1.50552,2.25,1.50
2011.09.07 10:10:29.032,1.50512,1.50549,2.25,1.50
2011.09.07 10:10:32.259,1.50513,1.50552,1.50,1.50
2011.09.07 10:10:32.381,1.5052,1.50555,1.50,1.50
2011.09.07 10:10:32.501,1.50525,1.50556,1.50,3.75
2011.09.07 10:10:32.842,1.50519,1.50555,1.50,1.50
2011.09.07 10:10:32.966,1.50517,1.50553,2.25,1.84
2011.09.07 10:10:33.083,1.5051,1.50545,1.28,1.50
2011.09.07 10:10:33.865,1.50509,1.50544,1.28,1.50
2011.09.07 10:10:34.497,1.50503,1.50544,3.00,1.50
2011.09.07 10:10:34.629,1.50502,1.50538,2.25,1.50
2011.09.07 10:10:35.671,1.50515,1.5055,2.25,1.50
2011.09.07 10:10:36.233,1.50515,1.50547,2.25,1.50
2011.09.07 10:10:36.357,1.50507,1.50544,2.25,1.50
2011.09.07 10:10:39.373,1.50513,1.50544,1.50,1.50
2011.09.07 10:10:39.493,1.50511,1.50544,1.50,1.50
2011.09.07 10:10:39.721,1.50506,1.50541,3.00,1.50
2011.09.07 10:10:40.332,1.50506,1.50541,3.00,1.84
2011.09.07 10:10:40.674,1.5051,1.50542,1.50,1.09
2011.09.07 10:10:40.901,1.50507,1.50542,2.25,1.09
2011.09.07 10:10:41.132,1.50511,1.50542,1.50,1.09
2011.09.07 10:10:41.491,1.50508,1.50542,2.25,2.59
2011.09.07 10:10:43.069,1.50511,1.50542,1.50,1.09
2011.09.07 10:10:44.065,1.50507,1.50542,2.25,1.09
2011.09.07 10:10:46.432,1.50507,1.50537,1.50,1.09
2011.09.07 10:10:48.400,1.50516,1.50538,1.50,1.50
2011.09.07 10:10:48.903,1.50516,1.50543,1.50,2.25
2011.09.07 10:10:49.024,1.50516,1.50543,1.50,1.50
2011.09.07 10:10:49.255,1.5052,1.50546,1.50,1.50
2011.09.07 10:10:50.611,1.50521,1.50548,1.50,1.50
2011.09.07 10:10:55.228,1.5052,1.50547,1.50,1.50
2011.09.07 10:10:55.819,1.50521,1.50547,1.50,1.50
2011.09.07 10:10:58.632,1.50513,1.50545,2.25,1.50
2011.09.07 10:10:59.301,1.50522,1.50549,1.50,3.34
2011.09.07 10:11:00.139,1.50523,1.50549,2.25,1.09
2011.09.07 10:11:00.385,1.50516,1.50552,2.25,2.59
2011.09.07 10:11:00.835,1.50516,1.50551,1.50,2.59
2011.09.07 10:11:01.065,1.50508,1.50543,2.25,1.50
2011.09.07 10:11:03.201,1.50508,1.5055,3.00,1.50
2011.09.07 10:11:03.322,1.50516,1.5055,1.50,1.50
2011.09.07 10:11:03.443,1.50516,1.50547,1.50,1.50
2011.09.07 10:11:03.563,1.50505,1.50541,1.50,1.50
2011.09.07 10:11:04.582,1.505,1.50541,1.50,2.25
2011.09.07 10:11:04.702,1.50498,1.50534,1.50,1.50
2011.09.07 10:11:06.102,1.50501,1.50533,1.50,2.25
2011.09.07 10:11:06.224,1.50495,1.50527,1.50,1.50
2011.09.07 10:11:08.114,1.50493,1.50527,2.25,1.50
2011.09.07 10:11:11.012,1.50494,1.50527,1.50,1.50
2011.09.07 10:11:11.768,1.50507,1.50536,2.25,1.50
2011.09.07 10:11:11.895,1.50507,1.50539,2.25,1.50
2011.09.07 10:11:12.014,1.50511,1.50542,1.50,2.25
2011.09.07 10:11:12.351,1.50515,1.50543,1.50,1.50
2011.09.07 10:11:13.024,1.50515,1.50547,2.25,2.25
2011.09.07 10:11:13.142,1.50524,1.50551,1.50,2.25
2011.09.07 10:11:13.594,1.50519,1.50548,2.25,1.50
2011.09.07 10:11:14.664,1.5051,1.50541,1.50,1.50
2011.09.07 10:11:15.010,1.50504,1.5052,2.25,2.25
2011.09.07 10:11:15.133,1.50503,1.5052,1.50,3.00
2011.09.07 10:11:15.362,1.50491,1.5052,2.03,3.00
2011.09.07 10:11:15.483,1.50491,1.5052,1.50,3.00
2011.09.07 10:11:16.088,1.50498,1.5053,1.50,1.50
2011.09.07 10:11:16.893,1.50497,1.50529,1.50,2.25
2011.09.07 10:11:20.762,1.50498,1.50529,1.50,1.50
2011.09.07 10:11:20.880,1.50498,1.50536,1.50,3.00
2011.09.07 10:11:21.003,1.5051,1.50536,1.50,3.00
2011.09.07 10:11:21.124,1.5051,1.50537,1.50,1.50
2011.09.07 10:11:21.351,1.5051,1.50541,1.50,1.50
2011.09.07 10:11:25.563,1.50504,1.5054,1.50,1.50
2011.09.07 10:11:31.553,1.50501,1.50536,1.50,1.50
2011.09.07 10:11:33.304,1.50505,1.50541,1.50,1.50
2011.09.07 10:11:33.423,1.5051,1.50541,1.50,1.50
2011.09.07 10:11:34.712,1.50505,1.50541,1.50,1.50
2011.09.07 10:11:35.634,1.50502,1.50535,1.50,1.50
2011.09.07 10:11:38.103,1.505,1.50535,2.25,3.00
2011.09.07 10:11:38.727,1.50488,1.50525,1.50,2.25
2011.09.07 10:11:38.951,1.50483,1.5052,2.78,1.50
2011.09.07 10:11:39.183,1.50483,1.50514,2.03,1.50
2011.09.07 10:11:41.719,1.50484,1.50515,1.50,1.50
2011.09.07 10:11:41.844,1.50491,1.5052,1.50,3.00
2011.09.07 10:11:42.181,1.50487,1.50513,1.50,1.50
2011.09.07 10:11:42.305,1.50491,1.5052,1.50,3.00
2011.09.07 10:11:46.455,1.50491,1.5052,2.25,3.00
2011.09.07 10:11:47.012,1.50491,1.5052,1.50,3.00
2011.09.07 10:11:48.213,1.50491,1.5052,2.25,3.00
2011.09.07 10:11:48.828,1.50491,1.5052,1.50,3.00
2011.09.07 10:11:50.605,1.50496,1.5052,1.50,1.50
2011.09.07 10:11:53.403,1.50499,1.50528,1.50,1.84
2011.09.07 10:11:54.073,1.505,1.50528,1.50,1.09
2011.09.07 10:11:55.304,1.50501,1.50529,1.50,1.50
2011.09.07 10:11:55.893,1.505,1.50529,1.50,1.50
2011.09.07 10:11:58.523,1.50502,1.50537,1.50,1.09
2011.09.07 10:11:58.644,1.5051,1.50538,1.50,2.25
2011.09.07 10:12:00.001,1.50511,1.5054,1.50,1.50
2011.09.07 10:12:01.169,1.5051,1.5054,1.50,1.50
2011.09.07 10:12:01.783,1.5051,1.50541,2.25,1.50
2011.09.07 10:12:02.016,1.50503,1.50542,2.25,1.50
2011.09.07 10:12:02.629,1.50508,1.50538,1.50,1.50
2011.09.07 10:12:03.316,1.50502,1.50538,1.50,1.50
2011.09.07 10:12:03.436,1.50501,1.50538,2.25,1.50
2011.09.07 10:12:03.881,1.50504,1.50538,1.50,1.50
2011.09.07 10:12:04.481,1.50507,1.50538,1.50,1.50
2011.09.07 10:12:05.202,1.50503,1.50538,1.50,1.50
2011.09.07 10:12:05.326,1.50506,1.50538,1.50,1.50
2011.09.07 10:12:05.663,1.50508,1.50538,1.50,1.50
2011.09.07 10:12:05.782,1.50502,1.50538,2.25,1.50
2011.09.07 10:12:06.124,1.50504,1.50538,1.50,1.50
2011.09.07 10:12:06.462,1.50507,1.50538,1.50,1.50
2011.09.07 10:12:06.583,1.50503,1.50538,1.50,1.50
2011.09.07 10:12:07.314,1.50501,1.50538,2.25,1.50
2011.09.07 10:12:08.982,1.5051,1.50538,1.50,1.50
2011.09.07 10:12:10.363,1.50508,1.50538,1.50,1.50
2011.09.07 10:12:10.596,1.5051,1.50538,1.50,1.50
2011.09.07 10:12:10.713,1.50507,1.50538,1.50,1.50
2011.09.07 10:12:13.006,1.50507,1.50536,1.50,1.50
2011.09.07 10:12:13.235,1.50499,1.5053,1.50,1.50
2011.09.07 10:12:14.106,1.50499,1.50523,1.50,1.50
2011.09.07 10:12:14.444,1.505,1.5053,1.50,2.25
2011.09.07 10:12:14.564,1.50502,1.50533,1.50,1.50
2011.09.07 10:12:14.904,1.50507,1.50533,1.50,1.50
2011.09.07 10:12:20.054,1.50513,1.50533,1.50,1.50
2011.09.07 10:12:20.721,1.50513,1.50542,1.50,1.50
2011.09.07 10:12:20.842,1.50517,1.50542,1.50,1.50
2011.09.07 10:12:21.502,1.50516,1.50541,1.50,1.50
2011.09.07 10:12:21.621,1.50507,1.50535,1.50,1.50
2011.09.07 10:12:23.747,1.50506,1.50535,1.50,1.50
2011.09.07 10:12:23.855,1.50513,1.50535,1.50,1.50
2011.09.07 10:12:25.345,1.5051,1.50535,1.50,1.50
2011.09.07 10:12:25.981,1.50502,1.50534,2.25,1.09
2011.09.07 10:12:26.829,1.5051,1.50544,1.50,1.50
2011.09.07 10:12:27.067,1.50518,1.50547,1.50,1.50
2011.09.07 10:12:27.401,1.50523,1.50554,1.50,1.50
2011.09.07 10:12:27.523,1.50524,1.50558,1.50,1.09
2011.09.07 10:12:27.863,1.50522,1.50547,2.25,1.50
2011.09.07 10:12:28.107,1.50529,1.50558,1.50,1.50
2011.09.07 10:12:30.619,1.50523,1.50561,1.50,1.50
2011.09.07 10:12:31.775,1.50525,1.50568,1.50,1.50
2011.09.07 10:12:31.818,1.50538,1.50568,1.50,1.50
2011.09.07 10:12:31.948,1.50526,1.50564,1.50,1.50
2011.09.07 10:12:32.184,1.50523,1.50564,1.50,2.25
2011.09.07 10:12:32.302,1.5052,1.50558,3.00,1.50
2011.09.07 10:12:33.795,1.50521,1.50551,1.50,1.50
2011.09.07 10:12:33.918,1.50516,1.50551,1.28,1.50
2011.09.07 10:12:34.518,1.50516,1.50551,1.28,1.50
2011.09.07 10:12:35.081,1.50515,1.50551,1.50,1.50
2011.09.07 10:12:35.312,1.50523,1.50551,1.50,1.50
2011.09.07 10:12:36.342,1.50515,1.50551,1.50,3.00
2011.09.07 10:12:37.122,1.50514,1.5055,2.25,1.50
2011.09.07 10:12:41.091,1.50521,1.50552,1.50,1.50
2011.09.07 10:12:41.776,1.50514,1.50545,1.50,1.50
2011.09.07 10:12:42.011,1.50515,1.50551,1.50,2.25
2011.09.07 10:12:42.570,1.50519,1.50553,1.50,1.50
2011.09.07 10:12:43.823,1.50515,1.50553,1.50,1.50
2011.09.07 10:12:45.245,1.50509,1.50548,2.25,1.50
2011.09.07 10:12:45.368,1.50509,1.50541,1.50,1.50
2011.09.07 10:12:45.591,1.50515,1.50541,1.50,1.50
2011.09.07 10:12:54.219,1.50518,1.50541,1.50,1.50
2011.09.07 10:12:55.334,1.50523,1.50552,1.50,2.25
2011.09.07 10:12:56.122,1.50521,1.50552,1.50,2.25
2011.09.07 10:12:56.680,1.5052,1.50551,1.50,1.50
2011.09.07 10:12:57.134,1.50517,1.50553,3.00,1.50
2011.09.07 10:12:57.254,1.50527,1.50553,1.50,1.50
2011.09.07 10:12:57.857,1.50523,1.50552,1.50,2.25
2011.09.07 10:12:58.302,1.50529,1.5056,1.50,1.50
2011.09.07 10:13:00.971,1.50524,1.5056,1.50,3.00
2011.09.07 10:13:01.491,1.50528,1.5056,1.50,1.50
2011.09.07 10:13:02.311,1.50522,1.50553,2.25,2.25
2011.09.07 10:13:02.434,1.50522,1.50553,1.50,2.25
2011.09.07 10:13:02.552,1.50522,1.50553,2.25,1.50
2011.09.07 10:13:02.673,1.50528,1.5056,1.50,1.50
2011.09.07 10:13:04.073,1.50524,1.5056,1.50,1.50
2011.09.07 10:13:04.896,1.50519,1.50559,2.25,2.25
2011.09.07 10:13:05.131,1.50519,1.50551,1.50,1.50
2011.09.07 10:13:08.767,1.50519,1.50543,1.50,1.84
2011.09.07 10:13:08.885,1.50506,1.50536,2.03,1.50
2011.09.07 10:13:09.110,1.5051,1.50536,1.50,1.50
2011.09.07 10:13:10.343,1.50503,1.50534,2.03,2.25
2011.09.07 10:13:10.573,1.50509,1.50536,1.50,1.50
2011.09.07 10:13:11.270,1.5051,1.50536,1.50,1.50
2011.09.07 10:13:11.791,1.50509,1.50536,1.50,1.50
2011.09.07 10:13:12.912,1.50513,1.50536,1.50,1.50
2011.09.07 10:13:14.131,1.5051,1.50536,1.50,1.50
2011.09.07 10:13:16.223,1.50512,1.50536,1.50,1.50
2011.09.07 10:13:16.341,1.50506,1.50533,1.50,1.50
2011.09.07 10:13:16.687,1.50518,1.50543,1.50,2.25
2011.09.07 10:13:17.024,1.5054,1.50571,1.50,1.50
2011.09.07 10:13:17.628,1.50542,1.50576,1.50,2.25
2011.09.07 10:13:17.781,1.50554,1.50586,1.50,2.25
2011.09.07 10:13:18.351,1.50553,1.50586,1.50,1.50
2011.09.07 10:13:19.353,1.5055,1.50585,1.50,2.25
2011.09.07 10:13:19.587,1.50553,1.50586,1.50,1.50
2011.09.07 10:13:20.418,1.50562,1.50595,1.50,1.50
2011.09.07 10:13:20.533,1.50557,1.50595,3.00,1.50
2011.09.07 10:13:20.653,1.50559,1.50598,1.50,2.25
2011.09.07 10:13:20.771,1.50564,1.50598,1.50,1.50
2011.09.07 10:13:21.003,1.5057,1.50606,1.50,2.25
2011.09.07 10:13:21.342,1.50563,1.50601,3.00,1.50
2011.09.07 10:13:22.504,1.50563,1.50595,1.50,1.50
2011.09.07 10:13:22.623,1.50558,1.50595,2.78,1.50
2011.09.07 10:13:23.289,1.5056,1.50598,1.50,2.25
2011.09.07 10:13:23.632,1.50568,1.50602,1.50,1.50
2011.09.07 10:13:25.875,1.50569,1.50602,1.50,1.50
2011.09.07 10:13:25.993,1.50572,1.50602,1.50,1.50
2011.09.07 10:13:26.659,1.50564,1.50598,2.03,1.50
2011.09.07 10:13:27.323,1.50567,1.50602,2.25,1.50
2011.09.07 10:13:27.674,1.50568,1.50609,1.50,3.00
2011.09.07 10:13:27.797,1.50576,1.50611,2.25,1.50
2011.09.07 10:13:30.144,1.50563,1.50599,1.28,3.00
2011.09.07 10:13:30.483,1.50569,1.50599,1.50,1.50
2011.09.07 10:13:30.710,1.50576,1.50607,1.50,1.50
2011.09.07 10:13:30.834,1.5057,1.50599,1.50,2.25
2011.09.07 10:13:32.186,1.50564,1.50599,2.03,2.25
2011.09.07 10:13:40.725,1.50561,1.50587,1.50,1.50
2011.09.07 10:13:40.849,1.50551,1.50584,1.50,1.50
2011.09.07 10:13:41.087,1.50557,1.50593,1.50,3.34
2011.09.07 10:13:41.433,1.50558,1.50593,1.50,1.84
2011.09.07 10:13:41.552,1.50551,1.50585,2.25,2.25
2011.09.07 10:13:43.693,1.50559,1.50593,2.25,1.09
2011.09.07 10:13:44.168,1.50562,1.50595,1.50,1.50
2011.09.07 10:13:44.287,1.50563,1.50601,1.50,1.50
2011.09.07 10:13:44.520,1.50571,1.50601,1.50,1.50
2011.09.07 10:13:47.762,1.50574,1.50604,1.50,2.25
2011.09.07 10:13:47.883,1.5058,1.50604,1.50,1.50
2011.09.07 10:13:48.002,1.50586,1.50615,1.50,1.50
2011.09.07 10:13:48.124,1.5058,1.50614,3.00,1.50
2011.09.07 10:13:49.960,1.50583,1.50615,2.25,2.25
2011.09.07 10:13:50.659,1.5058,1.50614,3.00,1.50
2011.09.07 10:13:54.084,1.50594,1.50625,1.50,1.09
2011.09.07 10:13:55.131,1.50589,1.50625,1.50,1.09
2011.09.07 10:13:55.922,1.50586,1.50624,2.25,1.09
2011.09.07 10:13:56.042,1.50586,1.5062,1.50,1.50
2011.09.07 10:13:57.362,1.50586,1.5062,2.25,1.50
2011.09.07 10:13:58.103,1.50586,1.5062,1.50,1.50
2011.09.07 10:14:03.641,1.50586,1.5062,2.25,1.50
2011.09.07 10:14:04.679,1.50586,1.5062,1.50,1.50
2011.09.07 10:14:10.082,1.50587,1.5062,1.50,1.50
2011.09.07 10:14:10.200,1.50594,1.5062,1.50,1.50
2011.09.07 10:14:11.028,1.50587,1.5062,1.50,1.50
2011.09.07 10:14:14.338,1.50589,1.50627,1.50,3.00
2011.09.07 10:14:17.525,1.50595,1.50627,1.50,1.50
2011.09.07 10:14:21.514,1.50595,1.50627,2.25,1.50
2011.09.07 10:14:21.635,1.50596,1.50626,1.50,2.25
2011.09.07 10:14:22.642,1.50588,1.50621,1.50,1.50
2011.09.07 10:14:22.765,1.50595,1.5062,1.50,1.50
2011.09.07 10:14:22.882,1.50595,1.5063,1.50,1.47
2011.09.07 10:14:23.004,1.506,1.50634,2.25,2.25
2011.09.07 10:14:23.125,1.50602,1.50634,1.50,1.50
2011.09.07 10:14:23.244,1.50609,1.50636,1.50,1.50
2011.09.07 10:14:23.590,1.50602,1.50637,1.50,1.50
2011.09.07 10:14:23.720,1.50609,1.50638,1.50,2.25
2011.09.07 10:14:24.886,1.50605,1.50636,1.50,1.50
2011.09.07 10:14:25.556,1.50607,1.50636,1.50,1.50
2011.09.07 10:14:25.795,1.50607,1.50644,2.25,1.50
2011.09.07 10:14:26.024,1.50606,1.50638,3.00,1.50
2011.09.07 10:14:26.810,1.50606,1.50637,1.50,1.50
2011.09.07 10:14:28.353,1.50606,1.50642,3.00,1.50
2011.09.07 10:14:32.476,1.50606,1.50639,2.25,1.50
2011.09.07 10:14:32.594,1.50598,1.50629,1.50,2.25
2011.09.07 10:14:32.824,1.50607,1.50642,1.50,1.50
2011.09.07 10:14:34.113,1.50605,1.50639,2.25,1.50
2011.09.07 10:14:36.755,1.50606,1.50639,1.09,1.50
2011.09.07 10:14:36.988,1.50619,1.50649,1.50,1.50
2011.09.07 10:14:37.634,1.50619,1.5065,1.50,1.50
2011.09.07 10:14:38.825,1.5062,1.50651,1.50,1.50
2011.09.07 10:14:38.946,1.5062,1.50656,1.50,3.00
2011.09.07 10:14:39.174,1.50617,1.50654,2.25,1.50
2011.09.07 10:14:39.293,1.50617,1.50645,1.50,1.50
2011.09.07 10:14:39.411,1.5061,1.50645,2.59,1.50
2011.09.07 10:14:40.026,1.50611,1.50649,1.09,1.50
2011.09.07 10:14:40.148,1.50617,1.50649,2.25,2.25
2011.09.07 10:14:40.277,1.50618,1.50646,1.50,1.50
2011.09.07 10:14:40.617,1.50615,1.50646,1.50,1.50
2011.09.07 10:14:42.381,1.50613,1.50646,1.50,1.50
2011.09.07 10:14:42.723,1.50615,1.50646,1.50,1.50
2011.09.07 10:14:43.667,1.50614,1.50646,1.50,1.50
2011.09.07 10:14:44.116,1.50617,1.50653,1.50,1.50
2011.09.07 10:14:44.692,1.50623,1.50653,1.50,2.25
2011.09.07 10:14:45.033,1.50617,1.50653,1.50,3.00
2011.09.07 10:14:45.370,1.50617,1.50649,1.50,1.50
2011.09.07 10:14:45.493,1.50617,1.50653,1.50,3.00
2011.09.07 10:14:46.051,1.50617,1.50651,1.50,1.50
2011.09.07 10:14:47.397,1.50617,1.50653,1.50,2.25
2011.09.07 10:14:48.064,1.50611,1.50652,1.50,1.50
2011.09.07 10:14:48.402,1.50601,1.50636,2.78,1.50
2011.09.07 10:14:48.744,1.50601,1.50636,2.25,1.50
2011.09.07 10:14:53.446,1.50604,1.50638,1.50,1.50
2011.09.07 10:14:53.770,1.50604,1.50636,1.50,1.50
2011.09.07 10:14:53.891,1.50599,1.50635,1.50,1.50
2011.09.07 10:14:59.082,1.50599,1.50632,1.50,1.50
2011.09.07 10:14:59.755,1.50599,1.50629,1.50,1.50
2011.09.07 10:15:00.091,1.50599,1.50632,1.50,1.50
2011.09.07 10:15:03.686,1.50599,1.50633,3.00,1.50
2011.09.07 10:15:09.595,1.50607,1.50635,1.50,2.25
2011.09.07 10:15:09.933,1.50613,1.50641,1.50,1.50
2011.09.07 10:15:10.054,1.50613,1.50645,1.50,1.50
2011.09.07 10:15:13.300,1.50613,1.50648,2.25,2.25
2011.09.07 10:15:13.428,1.50613,1.50646,1.50,1.50
2011.09.07 10:15:13.547,1.50617,1.50646,1.50,1.50
2011.09.07 10:15:13.778,1.5061,1.50646,2.25,1.50
2011.09.07 10:15:16.144,1.5062,1.50646,1.50,1.50
2011.09.07 10:15:16.384,1.5062,1.50649,1.50,1.50
2011.09.07 10:15:16.503,1.50614,1.50651,1.50,1.50
2011.09.07 10:15:17.099,1.50623,1.50658,1.50,1.50
2011.09.07 10:15:17.225,1.50623,1.50659,1.50,1.50
2011.09.07 10:15:17.455,1.50627,1.50659,1.50,1.50
2011.09.07 10:15:18.011,1.50623,1.50659,1.50,1.50
2011.09.07 10:15:18.131,1.50619,1.50654,2.25,1.50
2011.09.07 10:15:21.152,1.5062,1.50654,1.50,1.50
2011.09.07 10:15:21.725,1.50618,1.50651,2.25,2.25
2011.09.07 10:15:24.454,1.50619,1.5065,2.25,1.50
2011.09.07 10:15:27.853,1.50618,1.50654,2.25,3.00
2011.09.07 10:15:28.198,1.50625,1.50661,1.09,1.50
2011.09.07 10:15:28.826,1.50632,1.50666,1.50,1.50
2011.09.07 10:15:29.178,1.50627,1.50656,2.03,1.50
2011.09.07 10:15:29.512,1.5062,1.50638,1.50,1.50
2011.09.07 10:15:29.633,1.50614,1.50646,1.28,1.50
2011.09.07 10:15:29.752,1.50611,1.50646,2.78,1.50
2011.09.07 10:15:30.204,1.50611,1.50646,1.50,1.50
2011.09.07 10:15:30.961,1.50612,1.50646,1.50,1.50
2011.09.07 10:15:31.089,1.50622,1.50656,1.50,1.50
2011.09.07 10:15:31.214,1.50622,1.50658,1.50,1.50
2011.09.07 10:15:33.096,1.50616,1.50656,1.50,1.50
2011.09.07 10:15:33.231,1.50616,1.50652,3.00,1.50
2011.09.07 10:15:35.556,1.50636,1.50668,2.25,1.50
2011.09.07 10:15:35.784,1.50636,1.5067,2.25,1.50
2011.09.07 10:15:37.343,1.50628,1.50664,3.00,1.50
2011.09.07 10:15:44.535,1.50637,1.50668,1.50,1.50
2011.09.07 10:15:44.764,1.50637,1.5067,1.50,1.50
2011.09.07 10:15:44.994,1.50637,1.50664,1.50,1.50
2011.09.07 10:15:45.115,1.50629,1.50664,2.25,1.50
2011.09.07 10:15:45.455,1.50629,1.50656,1.50,1.50
2011.09.07 10:15:45.683,1.50623,1.50656,1.50,1.50
2011.09.07 10:15:46.526,1.50628,1.50664,2.25,1.50
2011.09.07 10:15:48.172,1.50628,1.50658,1.50,1.50
2011.09.07 10:15:48.878,1.50624,1.50656,1.50,2.25
2011.09.07 10:15:50.972,1.50624,1.50655,1.50,1.50
2011.09.07 10:15:51.097,1.50619,1.50646,2.03,2.25
2011.09.07 10:15:58.250,1.50612,1.50641,1.50,1.50
2011.09.07 10:15:58.373,1.50611,1.50641,1.50,2.25
2011.09.07 10:15:59.004,1.50614,1.50647,1.50,3.00
2011.09.07 10:15:59.642,1.50615,1.50647,1.50,1.50
2011.09.07 10:16:01.091,1.50614,1.50647,1.50,3.00
2011.09.07 10:16:01.323,1.50616,1.50647,1.50,1.50
2011.09.07 10:16:01.900,1.50615,1.50647,1.50,1.50
2011.09.07 10:16:05.553,1.50624,1.5066,2.25,2.25
2011.09.07 10:16:05.673,1.50624,1.5066,3.00,1.50
2011.09.07 10:16:06.232,1.50624,1.5066,2.25,1.50
2011.09.07 10:16:08.522,1.50631,1.50665,1.50,1.50
2011.09.07 10:16:08.864,1.50631,1.50667,1.50,1.50
2011.09.07 10:16:18.425,1.50629,1.5066,1.50,1.50
2011.09.07 10:16:24.042,1.50634,1.50669,1.50,2.25
2011.09.07 10:16:24.823,1.50637,1.50665,2.25,1.50
2011.09.07 10:16:28.112,1.50643,1.50672,1.50,1.50
2011.09.07 10:16:39.315,1.50644,1.50675,1.50,1.50
2011.09.07 10:16:39.432,1.5065,1.5068,1.50,1.50
2011.09.07 10:16:39.772,1.50644,1.50675,1.50,1.50
2011.09.07 10:16:39.896,1.50643,1.50675,1.50,3.00
2011.09.07 10:16:40.238,1.50646,1.50672,1.50,1.50
2011.09.07 10:16:40.910,1.50646,1.5068,2.25,1.50
2011.09.07 10:16:41.033,1.50646,1.50682,3.00,1.50
2011.09.07 10:16:43.305,1.50639,1.50675,1.50,1.50
2011.09.07 10:16:44.526,1.50654,1.50683,1.50,2.25
2011.09.07 10:16:44.644,1.50654,1.50683,1.50,1.50
2011.09.07 10:16:50.251,1.50654,1.50676,1.50,1.50
2011.09.07 10:16:50.374,1.50647,1.50674,1.50,2.25
2011.09.07 10:16:50.493,1.50645,1.50671,1.50,1.50
2011.09.07 10:16:51.313,1.50637,1.50667,2.78,2.25
2011.09.07 10:16:51.425,1.50637,1.50667,1.50,2.25
2011.09.07 10:16:51.545,1.50635,1.50665,1.28,1.50
2011.09.07 10:16:51.662,1.50633,1.50665,2.25,1.50
2011.09.07 10:16:51.782,1.50637,1.50667,1.50,2.25
2011.09.07 10:16:53.113,1.50641,1.50667,1.50,1.50
2011.09.07 10:16:53.235,1.50641,1.50677,1.50,2.25
2011.09.07 10:16:55.443,1.50647,1.50681,1.50,1.50
2011.09.07 10:16:56.522,1.50649,1.50681,1.50,1.50
2011.09.07 10:16:59.194,1.50647,1.50681,1.50,1.50
2011.09.07 10:17:03.836,1.50654,1.50677,1.50,1.50
2011.09.07 10:17:04.063,1.50642,1.50681,1.50,2.25
2011.09.07 10:17:04.186,1.50647,1.50681,1.50,1.50
2011.09.07 10:17:04.742,1.50647,1.50682,1.50,1.50
2011.09.07 10:17:04.863,1.50641,1.50679,1.50,1.50
2011.09.07 10:17:06.695,1.50647,1.50679,1.50,1.50
2011.09.07 10:17:09.701,1.50641,1.50679,3.00,1.50
2011.09.07 10:17:09.931,1.50641,1.50673,1.50,1.50
2011.09.07 10:17:17.804,1.50641,1.50672,3.00,1.50
2011.09.07 10:17:19.167,1.50643,1.50679,2.25,1.50
2011.09.07 10:17:19.835,1.50652,1.50679,1.50,2.25
2011.09.07 10:17:20.173,1.50654,1.50679,1.50,1.50
2011.09.07 10:17:20.921,1.50643,1.50679,2.25,1.50
2011.09.07 10:17:21.157,1.50646,1.50679,1.50,1.50
2011.09.07 10:17:21.502,1.50641,1.50671,1.50,1.50
2011.09.07 10:17:21.842,1.50639,1.50671,1.50,1.50
2011.09.07 10:17:22.515,1.5063,1.50668,2.25,2.25
2011.09.07 10:17:22.634,1.5063,1.50666,2.25,1.50
2011.09.07 10:17:23.485,1.50638,1.50665,1.50,1.50
2011.09.07 10:17:23.608,1.5063,1.50665,1.50,1.50
2011.09.07 10:17:24.162,1.50631,1.50665,1.50,2.25
2011.09.07 10:17:25.308,1.50627,1.50658,1.50,1.50
2011.09.07 10:17:25.429,1.50625,1.50658,1.50,3.00
2011.09.07 10:17:26.256,1.50618,1.50654,2.25,2.25
2011.09.07 10:17:26.382,1.50618,1.50652,1.50,1.50
2011.09.07 10:17:26.505,1.50623,1.50652,1.50,1.50
2011.09.07 10:17:26.736,1.50624,1.50659,2.25,2.25
2011.09.07 10:17:26.856,1.50622,1.50656,1.50,1.50
2011.09.07 10:17:27.197,1.50622,1.50647,1.50,1.50
2011.09.07 10:17:27.425,1.50619,1.50647,1.50,1.50
2011.09.07 10:17:27.543,1.50613,1.50644,2.25,1.50
2011.09.07 10:17:27.993,1.5061,1.50644,2.25,2.25
2011.09.07 10:17:28.660,1.50618,1.50645,1.50,1.50
2011.09.07 10:17:30.087,1.5062,1.50648,1.50,1.50
2011.09.07 10:17:31.213,1.5062,1.50648,1.88,1.50
2011.09.07 10:17:31.918,1.5063,1.50648,1.09,1.50
2011.09.07 10:17:32.049,1.50641,1.50677,1.50,1.50
2011.09.07 10:17:33.019,1.50651,1.50687,3.00,2.25
2011.09.07 10:17:34.766,1.50655,1.50689,1.50,3.00
2011.09.07 10:17:35.324,1.50656,1.50689,1.50,1.50
2011.09.07 10:17:35.897,1.5066,1.50689,1.50,1.50
2011.09.07 10:17:36.235,1.50656,1.50689,1.50,1.50
2011.09.07 10:17:37.097,1.50651,1.50689,1.50,1.50
2011.09.07 10:17:37.217,1.50657,1.50689,1.50,1.50
2011.09.07 10:17:37.957,1.50644,1.50679,2.25,1.50
2011.09.07 10:17:38.529,1.50651,1.50679,1.50,1.50
2011.09.07 10:17:38.648,1.50654,1.50686,1.50,2.25
2011.09.07 10:17:39.994,1.50655,1.50686,1.50,2.25
2011.09.07 10:17:40.555,1.50654,1.50686,1.50,2.25
2011.09.07 10:17:41.010,1.50666,1.50696,1.50,3.75
2011.09.07 10:17:41.347,1.50671,1.50701,1.50,1.50
2011.09.07 10:17:41.683,1.50667,1.507,2.25,1.50
2011.09.07 10:17:41.914,1.50658,1.50696,2.25,2.25
2011.09.07 10:17:42.034,1.50658,1.50694,1.50,1.50
2011.09.07 10:17:44.228,1.50653,1.50688,1.28,1.50
2011.09.07 10:17:44.347,1.50652,1.50688,3.00,1.50
2011.09.07 10:17:44.466,1.50652,1.50676,1.50,1.50
2011.09.07 10:17:44.588,1.50644,1.50676,1.28,1.50
2011.09.07 10:17:45.143,1.50644,1.50676,1.28,1.50
2011.09.07 10:17:45.791,1.50644,1.50676,1.28,1.50
2011.09.07 10:17:45.907,1.50643,1.50676,3.00,1.50
2011.09.07 10:17:49.286,1.50644,1.50677,2.25,1.50
2011.09.07 10:17:49.990,1.50643,1.50678,3.00,2.25
2011.09.07 10:17:50.473,1.50643,1.50673,3.00,1.50
2011.09.07 10:17:50.594,1.50644,1.50677,2.25,1.50
2011.09.07 10:17:56.277,1.50637,1.50675,1.50,2.25
2011.09.07 10:17:56.394,1.50637,1.50673,1.50,1.50
2011.09.07 10:18:01.135,1.50629,1.50658,1.50,1.50
2011.09.07 10:18:01.764,1.50628,1.50658,2.03,1.50
2011.09.07 10:18:02.325,1.50636,1.50665,1.50,1.50
2011.09.07 10:18:02.666,1.50637,1.50671,3.00,1.50
2011.09.07 10:18:03.604,1.50637,1.50671,3.00,1.50
2011.09.07 10:18:04.978,1.50641,1.50671,1.50,1.50
2011.09.07 10:18:05.098,1.5065,1.50672,1.50,1.50
2011.09.07 10:18:05.213,1.50652,1.50676,2.25,1.50
2011.09.07 10:18:05.445,1.50651,1.50678,2.25,1.50
2011.09.07 10:18:05.567,1.50651,1.50675,1.50,1.50
2011.09.07 10:18:05.687,1.50642,1.50674,1.50,2.25
2011.09.07 10:18:06.244,1.50641,1.50672,1.50,1.50
2011.09.07 10:18:07.353,1.50642,1.50675,1.50,1.50
2011.09.07 10:18:07.482,1.5064,1.50672,1.50,1.50
2011.09.07 10:18:08.047,1.50637,1.50667,3.00,1.50
2011.09.07 10:18:08.276,1.5064,1.50672,1.50,1.50
2011.09.07 10:18:11.493,1.50641,1.50675,1.50,1.50
2011.09.07 10:18:12.624,1.50642,1.50675,1.50,1.50
2011.09.07 10:18:13.372,1.50643,1.50675,1.50,1.50
2011.09.07 10:18:13.499,1.50643,1.50681,3.00,1.50
2011.09.07 10:18:15.486,1.50649,1.50687,1.50,2.25
2011.09.07 10:18:15.603,1.5066,1.50687,1.50,1.50
2011.09.07 10:18:15.837,1.5066,1.50693,1.50,1.50
2011.09.07 10:18:16.063,1.50656,1.50692,1.50,2.25
2011.09.07 10:18:16.295,1.50653,1.50692,1.50,2.25
2011.09.07 10:18:16.413,1.50653,1.50687,2.25,1.50
2011.09.07 10:18:17.371,1.50654,1.50687,1.50,1.50
2011.09.07 10:18:19.247,1.50654,1.50694,2.25,1.50
2011.09.07 10:18:19.367,1.5066,1.50693,1.50,1.50
2011.09.07 10:18:20.112,1.50667,1.507,2.25,1.50
2011.09.07 10:18:20.238,1.50668,1.50704,1.50,1.50
2011.09.07 10:18:21.788,1.50667,1.50704,2.25,1.50
2011.09.07 10:18:21.920,1.50665,1.50697,1.50,2.25
2011.09.07 10:18:22.149,1.50662,1.50696,1.50,1.50
2011.09.07 10:18:22.804,1.50662,1.50695,1.50,1.50
2011.09.07 10:18:22.932,1.50657,1.50692,2.03,1.50
2011.09.07 10:18:25.344,1.50657,1.50692,2.03,1.50
2011.09.07 10:18:26.620,1.50657,1.50689,2.03,1.50
2011.09.07 10:18:26.736,1.50657,1.50689,1.50,1.50
2011.09.07 10:18:27.876,1.50654,1.50685,1.50,1.50
2011.09.07 10:18:28.626,1.50668,1.50698,2.25,1.50
2011.09.07 10:18:28.979,1.50671,1.507,1.50,1.50
2011.09.07 10:18:29.315,1.50669,1.50699,1.50,1.50
2011.09.07 10:18:31.356,1.50677,1.50702,1.50,1.50
2011.09.07 10:18:32.285,1.50677,1.507,1.50,1.50
2011.09.07 10:18:32.405,1.5067,1.50701,3.00,3.00
2011.09.07 10:18:32.633,1.50664,1.507,1.50,3.00
2011.09.07 10:18:33.955,1.50664,1.50698,1.50,2.25
2011.09.07 10:18:34.790,1.50657,1.50695,1.50,1.50
2011.09.07 10:18:37.573,1.50669,1.50695,1.50,1.50
2011.09.07 10:18:37.914,1.5066,1.50695,2.25,1.50
2011.09.07 10:18:41.626,1.50661,1.50695,1.50,1.50
2011.09.07 10:18:42.332,1.50662,1.50693,1.50,1.50
2011.09.07 10:18:43.224,1.5066,1.50695,2.25,1.50
2011.09.07 10:18:49.436,1.50661,1.50693,1.50,2.25
2011.09.07 10:18:49.996,1.50662,1.50695,1.50,1.50
2011.09.07 10:18:51.081,1.50661,1.50693,1.50,3.00
2011.09.07 10:18:51.696,1.50657,1.50693,1.50,1.50
2011.09.07 10:18:54.885,1.50663,1.50695,1.50,1.50
2011.09.07 10:18:58.397,1.50655,1.50692,2.25,1.50
2011.09.07 10:18:58.515,1.50655,1.50689,1.50,1.50
2011.09.07 10:18:58.634,1.50653,1.50689,2.25,1.50
2011.09.07 10:19:05.527,1.50654,1.50689,1.50,1.50
2011.09.07 10:19:05.756,1.50659,1.50696,1.50,1.50
2011.09.07 10:19:06.313,1.50663,1.50697,1.50,1.50
2011.09.07 10:19:07.445,1.50663,1.50701,2.25,1.50
2011.09.07 10:19:07.566,1.50665,1.50703,1.50,1.50
2011.09.07 10:19:07.686,1.50663,1.50703,2.25,1.50
2011.09.07 10:19:08.317,1.50667,1.50703,1.50,2.25
2011.09.07 10:19:08.440,1.50672,1.50705,1.50,1.50
2011.09.07 10:19:08.773,1.5067,1.50705,2.25,1.50
2011.09.07 10:19:09.335,1.5067,1.50699,1.50,1.50
2011.09.07 10:19:09.459,1.50661,1.50699,1.50,1.50
2011.09.07 10:19:09.577,1.50656,1.50692,1.50,1.50
2011.09.07 10:19:14.154,1.50656,1.50689,1.50,1.50
2011.09.07 10:19:14.384,1.50656,1.50692,1.50,1.50
2011.09.07 10:19:16.106,1.50656,1.50691,1.50,1.50
2011.09.07 10:19:16.442,1.50656,1.50684,1.50,1.50
2011.09.07 10:19:17.469,1.50656,1.5069,1.50,1.50
2011.09.07 10:19:18.634,1.50656,1.50684,1.50,1.50
2011.09.07 10:19:19.334,1.50656,1.50682,1.50,1.50
2011.09.07 10:19:19.435,1.50656,1.50692,1.50,1.50
2011.09.07 10:19:20.044,1.50651,1.50683,1.50,1.50
2011.09.07 10:19:22.777,1.50652,1.50683,1.50,1.50
2011.09.07 10:19:25.855,1.50662,1.50683,1.50,1.50
2011.09.07 10:19:26.087,1.50653,1.50683,1.50,1.50
2011.09.07 10:19:26.986,1.50647,1.50681,3.00,2.25
2011.09.07 10:19:28.587,1.50655,1.50683,1.50,1.50
2011.09.07 10:19:28.706,1.50647,1.50681,3.00,2.25
2011.09.07 10:19:33.006,1.5065,1.5068,1.50,1.50
2011.09.07 10:19:33.460,1.50655,1.50683,1.50,1.50
2011.09.07 10:19:33.798,1.50657,1.50683,1.50,1.50
2011.09.07 10:19:34.472,1.50662,1.50691,1.50,1.50
2011.09.07 10:19:35.165,1.5067,1.50691,1.50,1.50
2011.09.07 10:19:35.286,1.5067,1.50695,1.50,1.50
2011.09.07 10:19:35.845,1.5067,1.50696,1.50,1.50
2011.09.07 10:19:36.410,1.50671,1.50701,1.50,2.25
2011.09.07 10:19:37.047,1.5068,1.50701,2.25,2.25
2011.09.07 10:19:37.297,1.50669,1.50706,2.25,1.50
2011.09.07 10:19:37.533,1.50663,1.50699,2.25,1.50
2011.09.07 10:19:37.891,1.50656,1.50692,1.28,1.50
2011.09.07 10:19:38.020,1.50661,1.50697,3.00,1.50
2011.09.07 10:19:38.249,1.50655,1.50694,2.25,2.25
2011.09.07 10:19:38.366,1.50655,1.5069,2.25,1.50
2011.09.07 10:19:38.904,1.50667,1.50699,1.50,1.50
2011.09.07 10:19:39.037,1.50676,1.50702,1.50,2.25
2011.09.07 10:19:39.157,1.5067,1.50703,1.50,1.50
2011.09.07 10:19:39.943,1.5067,1.50703,1.50,1.50
2011.09.07 10:19:40.493,1.5067,1.50703,1.50,1.50
2011.09.07 10:19:40.838,1.5067,1.50691,1.50,1.50
2011.09.07 10:19:40.957,1.50656,1.50691,1.50,1.50
2011.09.07 10:19:42.583,1.50668,1.50691,1.50,1.50
2011.09.07 10:19:42.924,1.50666,1.50691,1.50,1.50
2011.09.07 10:19:43.498,1.50669,1.50698,1.50,1.50
2011.09.07 10:19:43.620,1.50666,1.507,2.25,1.50
2011.09.07 10:19:43.737,1.50666,1.50701,2.25,1.50
2011.09.07 10:19:44.434,1.50672,1.50702,2.25,2.25
2011.09.07 10:19:45.025,1.50678,1.50708,1.50,1.50
2011.09.07 10:19:45.802,1.50677,1.50708,1.50,3.00
2011.09.07 10:19:48.018,1.5067,1.50708,1.50,1.50
2011.09.07 10:19:48.245,1.50677,1.50708,1.50,3.00
2011.09.07 10:19:52.197,1.50677,1.50706,1.50,1.50
2011.09.07 10:19:52.813,1.50677,1.50706,1.50,1.13
2011.09.07 10:19:53.048,1.50677,1.50697,1.50,1.50
2011.09.07 10:19:53.166,1.50663,1.50697,1.50,1.50
2011.09.07 10:19:53.515,1.50675,1.50705,1.50,1.50
2011.09.07 10:19:54.552,1.50675,1.50705,1.50,1.88
2011.09.07 10:19:55.094,1.50675,1.50705,1.50,1.88
2011.09.07 10:19:55.654,1.50677,1.50706,1.50,1.50
2011.09.07 10:19:56.337,1.50676,1.50705,1.50,1.50
2011.09.07 10:19:58.763,1.50676,1.50705,1.50,2.85
2011.09.07 10:19:59.106,1.50676,1.507,1.50,1.50
2011.09.07 10:19:59.225,1.50669,1.50698,1.50,1.50
2011.09.07 10:19:59.457,1.50664,1.50694,1.50,1.50
2011.09.07 10:19:59.807,1.50656,1.50685,1.50,2.25
2011.09.07 10:20:00.619,1.5066,1.50693,1.50,2.25
2011.09.07 10:20:01.285,1.50654,1.50685,2.25,2.25
2011.09.07 10:20:01.403,1.50654,1.50685,1.50,3.00
2011.09.07 10:20:01.526,1.50652,1.50679,1.50,1.50
2011.09.07 10:20:01.754,1.50655,1.50684,1.50,2.25
2011.09.07 10:20:03.327,1.5066,1.50686,1.50,1.50
2011.09.07 10:20:03.554,1.50655,1.50684,1.50,2.25
2011.09.07 10:20:03.674,1.50655,1.50682,1.50,1.50
2011.09.07 10:20:03.793,1.50655,1.50684,1.50,2.25
2011.09.07 10:20:04.353,1.5066,1.50692,1.50,1.50
2011.09.07 10:20:05.135,1.5066,1.5069,1.50,1.50
2011.09.07 10:20:06.389,1.5066,1.50692,1.50,2.25
2011.09.07 10:20:10.064,1.5066,1.50692,1.50,1.50
2011.09.07 10:20:12.441,1.5066,1.5069,1.50,1.50
2011.09.07 10:20:13.692,1.5066,1.5069,1.50,1.13
2011.09.07 10:20:13.812,1.5066,1.5069,1.50,1.88
2011.09.07 10:20:14.193,1.5066,1.5069,1.50,1.13
2011.09.07 10:20:17.802,1.5066,1.5069,1.50,1.88
2011.09.07 10:20:18.042,1.5066,1.50686,1.50,1.50
2011.09.07 10:20:18.167,1.50654,1.50685,1.50,2.25
2011.09.07 10:20:19.909,1.50654,1.50684,1.50,1.50
2011.09.07 10:20:20.029,1.50658,1.50686,1.50,3.00
2011.09.07 10:20:20.147,1.50654,1.50685,1.50,2.25
2011.09.07 10:20:21.615,1.50654,1.50684,1.50,1.50
2011.09.07 10:20:21.843,1.50654,1.50684,1.50,1.50
2011.09.07 10:20:21.964,1.50654,1.50684,1.50,1.50
2011.09.07 10:20:22.536,1.50654,1.50685,1.50,2.25
2011.09.07 10:20:23.094,1.50654,1.50684,1.50,1.50
2011.09.07 10:20:23.434,1.50663,1.50685,1.50,1.50
2011.09.07 10:20:23.555,1.50668,1.50691,1.50,1.50
2011.09.07 10:20:23.785,1.50668,1.50698,1.50,1.50
2011.09.07 10:20:24.381,1.50668,1.50698,1.50,1.50
2011.09.07 10:20:24.509,1.5066,1.50694,2.25,1.50
2011.09.07 10:20:24.845,1.50668,1.50693,1.50,1.50
2011.09.07 10:20:25.184,1.50661,1.50693,1.50,1.50
2011.09.07 10:20:25.307,1.50655,1.50685,1.50,1.50
2011.09.07 10:20:25.648,1.50643,1.5068,2.25,1.50
2011.09.07 10:20:29.393,1.50642,1.50677,3.00,1.09
2011.09.07 10:20:29.735,1.50641,1.50669,1.50,1.50
2011.09.07 10:20:30.276,1.50635,1.50667,1.50,1.50
2011.09.07 10:20:31.264,1.50645,1.50671,1.50,1.50
2011.09.07 10:20:31.825,1.50646,1.50671,1.50,1.50
2011.09.07 10:20:32.845,1.50646,1.50674,1.50,1.09
2011.09.07 10:20:33.941,1.50646,1.50675,1.50,3.00
2011.09.07 10:20:34.065,1.50654,1.50678,1.50,1.50
2011.09.07 10:20:34.297,1.50648,1.50679,1.50,1.50
2011.09.07 10:20:34.635,1.50643,1.50679,1.50,2.25
2011.09.07 10:20:34.758,1.50642,1.50678,1.50,1.50
2011.09.07 10:20:35.826,1.50635,1.50673,3.00,1.50
2011.09.07 10:20:37.026,1.50635,1.5067,3.00,1.50
2011.09.07 10:20:37.584,1.50635,1.50673,3.00,1.50
2011.09.07 10:20:39.338,1.50635,1.5067,3.00,1.50
2011.09.07 10:20:40.284,1.50635,1.50672,1.50,1.50
2011.09.07 10:20:42.950,1.50637,1.5067,2.25,1.50
2011.09.07 10:20:43.076,1.50633,1.50671,1.50,1.50
2011.09.07 10:20:45.647,1.50636,1.50668,2.25,1.13
2011.09.07 10:20:46.257,1.50636,1.50671,2.25,2.25
2011.09.07 10:20:46.594,1.50636,1.50664,1.50,1.50
2011.09.07 10:20:46.714,1.50626,1.50664,1.50,1.50
2011.09.07 10:20:47.385,1.5063,1.50664,1.50,1.50
2011.09.07 10:20:47.616,1.50637,1.50672,2.25,2.25
2011.09.07 10:20:49.996,1.50637,1.50671,2.25,1.50
2011.09.07 10:20:50.228,1.5063,1.50667,2.25,1.50
2011.09.07 10:20:53.308,1.50624,1.5066,1.50,1.50
2011.09.07 10:20:53.757,1.50634,1.50664,1.09,2.25
2011.09.07 10:20:53.875,1.50638,1.50673,1.50,1.50
2011.09.07 10:20:53.996,1.50645,1.50674,2.25,1.50
2011.09.07 10:20:54.225,1.50645,1.50679,3.00,1.50
2011.09.07 10:20:54.345,1.50634,1.5067,1.50,1.50
2011.09.07 10:20:55.045,1.50636,1.5067,1.50,1.50
2011.09.07 10:20:55.646,1.50634,1.50669,1.50,2.25
2011.09.07 10:20:55.770,1.50625,1.50661,2.25,1.50
2011.09.07 10:20:58.256,1.50632,1.50661,1.50,1.50
2011.09.07 10:20:58.373,1.50632,1.50667,2.25,1.50
2011.09.07 10:21:00.194,1.50641,1.50672,1.50,1.50
2011.09.07 10:21:00.443,1.50634,1.50668,1.50,1.50
2011.09.07 10:21:00.907,1.50638,1.50668,1.50,1.50
2011.09.07 10:21:01.244,1.5063,1.50668,3.00,1.50
2011.09.07 10:21:01.858,1.50635,1.50668,1.50,1.50
2011.09.07 10:21:02.206,1.50642,1.50671,1.50,1.50
2011.09.07 10:21:02.828,1.50642,1.50668,1.50,1.50
2011.09.07 10:21:02.964,1.50634,1.50668,1.50,1.50
2011.09.07 10:21:03.538,1.50632,1.50668,2.25,1.50
2011.09.07 10:21:03.766,1.5064,1.50668,1.50,1.50
2011.09.07 10:21:03.999,1.50637,1.50672,2.25,1.50
2011.09.07 10:21:04.119,1.5063,1.50667,2.25,1.50
2011.09.07 10:21:04.235,1.5063,1.5067,2.25,2.25
2011.09.07 10:21:04.355,1.50633,1.50667,1.50,1.50
2011.09.07 10:21:05.719,1.50632,1.50667,2.25,3.00
2011.09.07 10:21:05.848,1.50645,1.50675,1.50,2.25
2011.09.07 10:21:05.965,1.50651,1.50681,1.50,1.50
2011.09.07 10:21:07.576,1.50637,1.50667,3.00,2.25
2011.09.07 10:21:07.696,1.50637,1.50667,1.50,3.00
2011.09.07 10:21:08.295,1.50632,1.50667,2.25,3.00
2011.09.07 10:21:08.827,1.50637,1.50667,1.50,3.00
2011.09.07 10:21:09.257,1.50637,1.50667,3.00,1.50
2011.09.07 10:21:09.805,1.50637,1.50667,1.50,3.00
2011.09.07 10:21:10.038,1.50631,1.50666,3.00,2.25
2011.09.07 10:21:11.798,1.5064,1.50673,1.50,1.50
2011.09.07 10:21:12.356,1.50637,1.50673,1.50,1.50
2011.09.07 10:21:12.694,1.50644,1.50673,1.50,1.50
2011.09.07 10:21:13.586,1.50651,1.50676,1.50,1.13
2011.09.07 10:21:14.036,1.50651,1.5068,1.50,1.09
2011.09.07 10:21:15.417,1.50645,1.50674,1.50,2.25
2011.09.07 10:21:15.797,1.50645,1.50674,2.25,1.50
2011.09.07 10:21:15.923,1.50644,1.5068,1.50,1.09
2011.09.07 10:21:16.054,1.50645,1.5068,2.25,1.84
2011.09.07 10:21:16.183,1.50636,1.50674,1.50,1.50
2011.09.07 10:21:16.525,1.50632,1.50666,1.28,2.25
2011.09.07 10:21:17.110,1.50638,1.50668,1.50,3.00
2011.09.07 10:21:18.011,1.50638,1.50673,3.00,3.00
2011.09.07 10:21:18.245,1.50639,1.50673,1.50,2.25
2011.09.07 10:21:18.585,1.50638,1.50673,2.25,3.75
2011.09.07 10:21:18.814,1.50638,1.50673,2.25,3.00
2011.09.07 10:21:19.536,1.50641,1.50673,1.50,2.25
2011.09.07 10:21:20.043,1.50641,1.50674,1.50,2.25
2011.09.07 10:21:20.743,1.50649,1.50672,1.50,1.50
2011.09.07 10:21:20.873,1.50642,1.50674,1.50,1.50
2011.09.07 10:21:21.115,1.50647,1.50678,1.50,1.50
2011.09.07 10:21:21.898,1.50642,1.50675,1.50,1.50
2011.09.07 10:21:22.017,1.50642,1.50678,1.50,1.50
2011.09.07 10:21:22.249,1.50645,1.50677,1.50,1.50
2011.09.07 10:21:22.371,1.50646,1.50677,1.50,1.50
2011.09.07 10:21:22.499,1.50645,1.50675,1.50,1.50
2011.09.07 10:21:23.129,1.50646,1.50674,2.25,1.50
2011.09.07 10:21:23.578,1.50646,1.50676,2.25,1.50
2011.09.07 10:21:23.806,1.50648,1.50681,1.50,1.50
2011.09.07 10:21:24.037,1.50651,1.50683,1.50,1.50
2011.09.07 10:21:24.597,1.50658,1.50686,1.50,2.25
2011.09.07 10:21:24.824,1.5065,1.50686,3.00,2.25
2011.09.07 10:21:25.056,1.50659,1.50691,1.50,2.25
2011.09.07 10:21:25.796,1.50666,1.50695,1.50,2.25
2011.09.07 10:21:25.929,1.50666,1.50696,1.50,1.50
2011.09.07 10:21:26.506,1.50666,1.50697,1.50,1.50
2011.09.07 10:21:26.953,1.50666,1.50699,1.50,1.50
2011.09.07 10:21:27.405,1.50666,1.50697,1.50,1.50
2011.09.07 10:21:28.244,1.50666,1.50696,1.50,1.50
2011.09.07 10:21:29.135,1.50666,1.50689,1.50,1.50
2011.09.07 10:21:29.260,1.50666,1.50697,1.50,1.50
2011.09.07 10:21:30.609,1.50666,1.50702,1.50,3.75
2011.09.07 10:21:30.841,1.50657,1.5069,1.50,1.50
2011.09.07 10:21:32.665,1.50649,1.5069,1.50,3.00
2011.09.07 10:21:32.788,1.50646,1.50679,1.50,1.50
2011.09.07 10:21:32.908,1.50646,1.50682,1.50,2.25
2011.09.07 10:21:33.247,1.50657,1.50691,2.25,2.25
2011.09.07 10:21:33.838,1.50667,1.50692,2.25,2.25
2011.09.07 10:21:34.066,1.50658,1.50691,2.25,2.25
2011.09.07 10:21:34.189,1.5066,1.50691,1.50,1.50
2011.09.07 10:21:35.081,1.5066,1.50692,1.50,3.00
2011.09.07 10:21:35.639,1.5066,1.50691,1.50,1.50
2011.09.07 10:21:37.702,1.5066,1.50691,1.50,1.50
2011.09.07 10:21:37.937,1.50666,1.50698,1.50,2.25
2011.09.07 10:21:38.542,1.50666,1.50698,1.50,2.25
2011.09.07 10:21:39.282,1.50666,1.50698,1.50,2.25
2011.09.07 10:21:39.964,1.50657,1.50692,2.25,2.25
2011.09.07 10:21:40.084,1.50655,1.50692,1.50,2.25
2011.09.07 10:21:42.325,1.50655,1.50682,1.50,1.50
2011.09.07 10:21:42.447,1.50655,1.50688,1.50,1.50
2011.09.07 10:21:42.786,1.50645,1.50679,1.50,1.50
2011.09.07 10:21:43.355,1.50645,1.50672,1.50,1.50
2011.09.07 10:21:43.480,1.50643,1.50672,1.28,1.50
2011.09.07 10:21:43.604,1.50641,1.50666,1.50,1.50
2011.09.07 10:21:44.169,1.5064,1.50671,1.50,1.50
2011.09.07 10:21:44.743,1.5064,1.50675,1.50,2.25
2011.09.07 10:21:45.203,1.50633,1.50666,1.50,1.50
2011.09.07 10:21:45.545,1.50633,1.5066,1.50,1.50
2011.09.07 10:21:45.780,1.50633,1.50669,1.50,1.13
2011.09.07 10:21:46.509,1.50633,1.50659,1.50,1.50
2011.09.07 10:21:46.904,1.50633,1.50653,1.50,1.50
2011.09.07 10:21:47.324,1.50628,1.50653,1.28,1.50
2011.09.07 10:21:48.156,1.50629,1.5066,1.28,1.50
2011.09.07 10:21:48.836,1.50638,1.50667,1.50,1.50
2011.09.07 10:21:48.956,1.50632,1.50667,1.50,2.25
2011.09.07 10:21:49.675,1.50632,1.50659,1.50,1.50
2011.09.07 10:21:49.917,1.50632,1.50667,1.50,2.25
2011.09.07 10:21:50.038,1.50638,1.50664,1.50,1.50
2011.09.07 10:21:50.160,1.50631,1.50668,2.25,1.50
2011.09.07 10:21:51.697,1.5063,1.50658,1.50,1.50
2011.09.07 10:21:51.814,1.5063,1.50666,1.50,2.25
2011.09.07 10:21:52.501,1.50637,1.50669,1.50,1.50
2011.09.07 10:21:52.845,1.50629,1.50663,1.50,1.50
2011.09.07 10:21:53.303,1.50629,1.50656,1.50,1.50
2011.09.07 10:21:53.661,1.50624,1.50655,1.50,1.50
2011.09.07 10:21:54.541,1.50624,1.50654,2.03,1.50
2011.09.07 10:21:54.667,1.50631,1.5066,2.25,1.50
2011.09.07 10:21:55.126,1.5063,1.50662,3.00,1.50
2011.09.07 10:21:55.354,1.50631,1.5066,2.25,1.50
2011.09.07 10:21:55.953,1.50631,1.50659,2.25,1.50
2011.09.07 10:21:58.849,1.5063,1.5066,1.50,1.50
2011.09.07 10:21:59.073,1.50623,1.50653,2.03,1.50
2011.09.07 10:21:59.318,1.50624,1.50659,1.28,1.50
2011.09.07 10:22:00.567,1.50624,1.50648,1.28,1.50
2011.09.07 10:22:00.796,1.50623,1.50659,1.50,1.50
2011.09.07 10:22:01.027,1.50631,1.50666,1.50,1.50
2011.09.07 10:22:01.144,1.50631,1.50668,1.50,3.00
2011.09.07 10:22:03.479,1.50639,1.50667,1.50,1.50
2011.09.07 10:22:03.927,1.50639,1.50674,2.25,1.50
2011.09.07 10:22:04.376,1.50638,1.50668,1.50,1.50
2011.09.07 10:22:05.208,1.50638,1.50666,1.50,1.50
2011.09.07 10:22:06.230,1.50639,1.50672,2.25,1.50
2011.09.07 10:22:06.565,1.50638,1.50666,1.50,1.50
2011.09.07 10:22:07.045,1.50647,1.5067,1.50,1.50
2011.09.07 10:22:07.756,1.50638,1.5067,2.25,1.50
2011.09.07 10:22:07.878,1.50638,1.50675,2.25,1.50
2011.09.07 10:22:10.063,1.50637,1.50668,1.50,1.50
2011.09.07 10:22:11.672,1.50637,1.50659,1.50,1.50
2011.09.07 10:22:12.798,1.50637,1.50668,1.50,1.50
2011.09.07 10:22:13.156,1.50637,1.50666,1.50,1.50
2011.09.07 10:22:13.505,1.50637,1.50658,1.50,1.50
2011.09.07 10:22:14.076,1.50637,1.50659,1.50,1.50
2011.09.07 10:22:14.215,1.50632,1.5066,1.50,1.50
2011.09.07 10:22:15.378,1.5063,1.50649,1.28,1.50
2011.09.07 10:22:15.498,1.50626,1.50649,1.28,1.50
2011.09.07 10:22:15.728,1.50626,1.50656,2.03,1.50
2011.09.07 10:22:16.583,1.5063,1.50655,1.50,1.50
2011.09.07 10:22:17.188,1.50624,1.50649,1.50,1.50
2011.09.07 10:22:18.210,1.50624,1.50648,1.50,1.50
2011.09.07 10:22:18.736,1.50624,1.50652,1.50,1.50
2011.09.07 10:22:18.967,1.50624,1.50648,1.50,1.50
2011.09.07 10:22:19.574,1.50624,1.50646,1.50,1.50
2011.09.07 10:22:19.701,1.50624,1.50652,1.50,1.50
2011.09.07 10:22:21.096,1.50624,1.5065,1.50,1.50
2011.09.07 10:22:21.868,1.50624,1.50646,1.50,1.50
2011.09.07 10:22:22.490,1.50624,1.50648,1.50,1.50
2011.09.07 10:22:22.609,1.50624,1.5066,1.50,2.25
2011.09.07 10:22:25.087,1.50624,1.50649,1.50,1.50
2011.09.07 10:22:25.219,1.50625,1.50656,2.25,1.50
2011.09.07 10:22:25.338,1.50631,1.50657,1.50,1.50
2011.09.07 10:22:25.458,1.50638,1.50666,1.50,1.50
2011.09.07 10:22:25.806,1.50633,1.50666,1.50,2.25
2011.09.07 10:22:25.926,1.50632,1.5066,1.28,1.50
2011.09.07 10:22:26.155,1.50632,1.50662,2.78,1.50
2011.09.07 10:22:26.386,1.50632,1.50658,1.28,1.50
2011.09.07 10:22:27.322,1.50624,1.5066,3.00,3.00
2011.09.07 10:22:27.446,1.50618,1.50652,1.50,1.50
2011.09.07 10:22:28.226,1.50618,1.5065,1.50,1.50
2011.09.07 10:22:28.344,1.50618,1.50653,1.50,2.25
2011.09.07 10:22:29.890,1.50612,1.50643,1.50,1.84
2011.09.07 10:22:32.044,1.50612,1.50643,3.00,1.50
2011.09.07 10:22:32.654,1.50612,1.50642,1.50,1.50
2011.09.07 10:22:32.781,1.50606,1.50642,1.50,3.00
2011.09.07 10:22:35.995,1.50615,1.50644,1.50,1.50
2011.09.07 10:22:36.557,1.50621,1.50652,1.50,2.25
2011.09.07 10:22:36.676,1.50621,1.50649,1.50,1.50
2011.09.07 10:22:36.802,1.50605,1.50638,2.25,1.50
2011.09.07 10:22:37.035,1.50605,1.50638,2.25,1.50
2011.09.07 10:22:37.154,1.50615,1.50644,1.50,1.50
2011.09.07 10:22:38.548,1.50615,1.50649,1.50,1.50
2011.09.07 10:22:38.674,1.50608,1.50643,1.28,1.50
2011.09.07 10:22:39.233,1.50607,1.50643,1.50,1.50
2011.09.07 10:22:39.979,1.50613,1.50646,1.50,2.25
2011.09.07 10:22:40.100,1.50623,1.50656,1.50,1.50
2011.09.07 10:22:40.337,1.50621,1.50653,2.25,1.50
2011.09.07 10:22:40.458,1.50621,1.5065,2.25,1.50
2011.09.07 10:22:41.185,1.50619,1.50652,3.00,1.50
2011.09.07 10:22:41.655,1.5062,1.50652,1.50,1.50
2011.09.07 10:22:41.884,1.50628,1.50659,2.25,1.50
2011.09.07 10:22:43.972,1.50636,1.50662,1.50,2.25
2011.09.07 10:22:44.106,1.50629,1.50658,1.50,1.50
2011.09.07 10:22:47.644,1.50637,1.50662,1.50,3.00
2011.09.07 10:22:47.769,1.50629,1.50658,1.50,1.50
2011.09.07 10:22:49.155,1.50638,1.50661,1.50,2.25
2011.09.07 10:22:49.604,1.50628,1.50659,1.50,1.50
2011.09.07 10:22:50.752,1.50628,1.50659,1.50,2.25
2011.09.07 10:22:51.105,1.50629,1.50658,1.50,1.50
2011.09.07 10:22:51.333,1.50621,1.50657,2.25,3.00
2011.09.07 10:22:52.522,1.50633,1.50663,1.50,1.50
2011.09.07 10:22:53.175,1.50634,1.50663,1.50,1.50
2011.09.07 10:22:53.300,1.50628,1.50657,1.50,1.84
2011.09.07 10:22:53.417,1.50619,1.50648,1.50,2.25
2011.09.07 10:22:53.537,1.50614,1.50648,3.00,2.25
2011.09.07 10:22:56.799,1.50614,1.50646,1.50,1.50
2011.09.07 10:22:57.473,1.50616,1.5065,2.25,1.50
2011.09.07 10:22:59.800,1.50615,1.50634,1.50,1.50
2011.09.07 10:22:59.932,1.50609,1.5063,1.50,1.50
2011.09.07 10:23:00.182,1.50601,1.5063,1.50,1.50
2011.09.07 10:23:00.860,1.50601,1.50628,1.50,1.50
2011.09.07 10:23:00.998,1.506,1.50631,1.50,1.50
2011.09.07 10:23:01.120,1.50598,1.50624,3.00,1.50
2011.09.07 10:23:01.472,1.50599,1.50628,2.25,1.50
2011.09.07 10:23:01.926,1.50598,1.50625,1.50,1.50
2011.09.07 10:23:02.730,1.50591,1.5062,1.50,1.50
2011.09.07 10:23:03.066,1.50598,1.50627,1.50,1.84
2011.09.07 10:23:03.298,1.5059,1.50621,2.25,1.50
2011.09.07 10:23:03.417,1.50588,1.50615,3.00,1.50
2011.09.07 10:23:04.085,1.5059,1.50621,2.25,1.50
2011.09.07 10:23:05.264,1.50591,1.50624,1.50,1.50
2011.09.07 10:23:05.825,1.5059,1.50622,2.25,2.25
2011.09.07 10:23:06.387,1.50592,1.50624,1.50,3.00
2011.09.07 10:23:06.933,1.50591,1.50624,1.50,1.50
2011.09.07 10:23:07.949,1.506,1.5063,1.50,1.50
2011.09.07 10:23:08.997,1.50601,1.50628,1.50,1.50
2011.09.07 10:23:09.113,1.506,1.50631,1.50,1.50
2011.09.07 10:23:09.348,1.506,1.50628,1.50,1.50
2011.09.07 10:23:09.470,1.50591,1.50624,2.25,1.50
2011.09.07 10:23:10.467,1.50591,1.50624,2.25,1.50
2011.09.07 10:23:19.258,1.50593,1.50624,1.09,1.50
2011.09.07 10:23:21.535,1.50591,1.50624,2.25,1.50
2011.09.07 10:23:21.874,1.50597,1.50628,1.50,1.50
2011.09.07 10:23:22.106,1.50591,1.50624,2.25,1.50
2011.09.07 10:23:22.337,1.50598,1.50628,1.50,3.00
2011.09.07 10:23:22.567,1.50598,1.50628,2.25,2.25
2011.09.07 10:23:22.688,1.506,1.5063,1.50,1.50
2011.09.07 10:23:22.805,1.50592,1.50625,1.50,1.50
2011.09.07 10:23:23.382,1.50591,1.50625,1.50,1.50
2011.09.07 10:23:23.735,1.50592,1.50625,1.09,1.50
2011.09.07 10:23:24.594,1.50592,1.50627,2.59,1.50
2011.09.07 10:23:25.488,1.50592,1.50621,1.09,1.50
2011.09.07 10:23:26.371,1.50616,1.50646,1.50,3.00
2011.09.07 10:23:26.503,1.50615,1.50644,1.50,1.50
2011.09.07 10:23:26.629,1.50615,1.50646,1.50,3.00
2011.09.07 10:23:26.749,1.5061,1.50639,1.50,1.50
2011.09.07 10:23:30.937,1.5061,1.50639,1.50,2.25
2011.09.07 10:23:31.588,1.5061,1.50639,1.50,1.50
2011.09.07 10:23:31.830,1.50614,1.50644,1.50,1.50
2011.09.07 10:23:32.825,1.50614,1.50644,1.50,1.50
2011.09.07 10:23:34.097,1.5061,1.50639,1.50,1.50
2011.09.07 10:23:36.344,1.50615,1.50644,1.50,2.25
2011.09.07 10:23:37.442,1.50619,1.50653,2.25,2.25
2011.09.07 10:23:38.005,1.50619,1.50653,2.25,3.00
2011.09.07 10:23:38.124,1.50614,1.50645,2.25,1.50
2011.09.07 10:23:38.245,1.50614,1.50645,1.50,2.25
2011.09.07 10:23:38.365,1.50606,1.50639,1.28,1.50
2011.09.07 10:23:38.485,1.50612,1.50639,1.50,1.50
2011.09.07 10:23:38.603,1.50615,1.50644,1.50,1.50
2011.09.07 10:23:40.236,1.50604,1.50639,3.00,1.50
2011.09.07 10:23:40.355,1.50605,1.50636,2.25,1.50
2011.09.07 10:23:41.245,1.50605,1.50637,2.25,1.50
2011.09.07 10:23:41.472,1.50604,1.50639,3.00,1.50
2011.09.07 10:23:43.098,1.50604,1.50636,3.00,1.50
2011.09.07 10:23:43.985,1.50605,1.50638,2.25,1.50
2011.09.07 10:23:44.584,1.50605,1.50636,2.25,1.50
2011.09.07 10:23:45.525,1.50606,1.50642,2.25,1.50
2011.09.07 10:23:45.644,1.50604,1.50637,3.00,1.50
2011.09.07 10:23:46.209,1.5061,1.50642,1.50,3.00
2011.09.07 10:23:46.440,1.50605,1.50638,2.25,1.50
2011.09.07 10:23:46.665,1.50611,1.50641,1.50,2.25
2011.09.07 10:23:46.786,1.50604,1.50638,3.00,1.50
2011.09.07 10:23:47.731,1.50605,1.50638,1.50,2.25
2011.09.07 10:23:47.860,1.50601,1.5063,2.03,1.50
2011.09.07 10:23:48.447,1.50601,1.5063,2.03,1.50
2011.09.07 10:23:49.013,1.50601,1.5063,2.37,1.50
2011.09.07 10:23:49.133,1.50601,1.50635,2.37,1.50
2011.09.07 10:23:51.957,1.50605,1.50632,1.50,1.50
2011.09.07 10:23:52.076,1.50605,1.50641,3.00,2.25
2011.09.07 10:23:52.529,1.50614,1.50647,2.25,1.50
2011.09.07 10:23:53.682,1.50616,1.50643,1.50,1.50
2011.09.07 10:23:54.044,1.50625,1.50653,1.50,3.75
2011.09.07 10:23:54.399,1.50617,1.50653,1.50,1.50
2011.09.07 10:23:54.521,1.5062,1.50649,1.50,1.50
2011.09.07 10:23:54.856,1.5062,1.50653,1.50,1.50
2011.09.07 10:23:56.145,1.50617,1.50653,1.50,1.50
2011.09.07 10:23:56.265,1.50621,1.50653,1.50,1.50
2011.09.07 10:23:57.158,1.50622,1.50651,1.50,1.50
2011.09.07 10:23:57.278,1.50616,1.50649,1.50,1.50
2011.09.07 10:23:57.509,1.50616,1.50637,1.50,1.50
2011.09.07 10:23:57.845,1.50611,1.50645,1.84,1.50
2011.09.07 10:23:58.628,1.50611,1.50641,1.84,1.50
2011.09.07 10:23:59.075,1.50611,1.50636,1.84,1.50
2011.09.07 10:23:59.634,1.50611,1.50637,1.84,1.50
2011.09.07 10:24:00.193,1.5061,1.50637,1.28,1.50
2011.09.07 10:24:00.540,1.50609,1.50635,2.03,1.50
2011.09.07 10:24:00.874,1.5061,1.50638,1.28,1.50
2011.09.07 10:24:03.538,1.50609,1.5063,1.50,1.50
2011.09.07 10:24:03.769,1.506,1.50624,1.09,1.50
2011.09.07 10:24:03.886,1.50601,1.50629,1.84,1.50
2011.09.07 10:24:04.226,1.506,1.50631,2.59,1.50
2011.09.07 10:24:04.782,1.50601,1.50632,1.50,2.25
2011.09.07 10:24:05.624,1.50602,1.50635,1.50,1.50
2011.09.07 10:24:05.744,1.506,1.50633,2.25,2.25
2011.09.07 10:24:06.405,1.50591,1.50627,1.50,2.25
2011.09.07 10:24:07.310,1.50596,1.50629,1.50,1.50
2011.09.07 10:24:07.865,1.50595,1.50629,1.50,1.50
2011.09.07 10:24:08.424,1.50591,1.50627,1.50,2.25
2011.09.07 10:24:09.475,1.50591,1.50625,3.00,1.50
2011.09.07 10:24:10.037,1.50591,1.50629,3.00,1.50
2011.09.07 10:24:13.949,1.50594,1.50633,1.50,3.00
2011.09.07 10:24:14.065,1.506,1.50633,1.50,1.50
2011.09.07 10:24:14.188,1.50603,1.50638,2.25,2.25
2011.09.07 10:24:14.316,1.50602,1.50629,1.50,1.50
2011.09.07 10:24:14.434,1.50594,1.50632,1.50,2.25
2011.09.07 10:24:14.556,1.506,1.50634,2.25,2.25
2011.09.07 10:24:16.475,1.50602,1.50641,1.50,1.50
2011.09.07 10:24:16.596,1.50606,1.50641,1.50,1.50
2011.09.07 10:24:18.969,1.50606,1.50637,1.50,1.50
2011.09.07 10:24:19.307,1.50606,1.50641,1.50,1.50
2011.09.07 10:24:19.425,1.50606,1.50639,1.50,1.50
2011.09.07 10:24:19.545,1.50606,1.50641,1.50,3.00
2011.09.07 10:24:19.773,1.50606,1.50638,1.50,1.50
2011.09.07 10:24:20.907,1.50606,1.50641,1.50,2.25
2011.09.07 10:24:24.198,1.506,1.50632,1.50,1.50
2011.09.07 10:24:24.541,1.50605,1.50641,2.25,1.50
2011.09.07 10:24:24.886,1.50612,1.50637,1.50,1.50
2011.09.07 10:24:25.009,1.50605,1.50635,1.50,2.25
2011.09.07 10:24:25.130,1.50602,1.50634,1.50,1.50
2011.09.07 10:24:26.531,1.50601,1.50633,2.25,1.50
2011.09.07 10:24:27.324,1.506,1.50634,2.25,2.25
2011.09.07 10:24:27.886,1.50601,1.50633,2.25,1.50
2011.09.07 10:24:28.463,1.50599,1.50632,1.50,1.50
2011.09.07 10:24:29.142,1.50599,1.50633,1.50,1.50
2011.09.07 10:24:29.728,1.50593,1.50626,1.50,1.50
2011.09.07 10:24:30.303,1.50592,1.50626,1.50,3.00
2011.09.07 10:24:30.649,1.50599,1.50626,1.50,3.00
2011.09.07 10:24:30.984,1.5059,1.50615,1.50,1.50
2011.09.07 10:24:31.106,1.5059,1.50622,1.50,1.50
2011.09.07 10:24:31.225,1.5059,1.50625,1.50,2.25
2011.09.07 10:24:32.614,1.5059,1.50616,1.50,1.50
2011.09.07 10:24:33.677,1.5059,1.50617,1.50,1.50
2011.09.07 10:24:36.586,1.50586,1.50608,1.50,1.50
2011.09.07 10:24:36.705,1.50576,1.50602,1.28,1.50
2011.09.07 10:24:36.823,1.50578,1.50611,1.50,1.50
2011.09.07 10:24:37.055,1.50586,1.50614,1.50,1.50
2011.09.07 10:24:37.323,1.50586,1.50619,1.50,3.00
2011.09.07 10:24:37.780,1.50591,1.50619,1.50,1.50
2011.09.07 10:24:37.899,1.50589,1.50619,1.50,3.00
2011.09.07 10:24:38.017,1.50585,1.50619,2.25,1.50
2011.09.07 10:24:39.103,1.50585,1.50619,2.25,1.50
2011.09.07 10:24:41.245,1.50583,1.50618,1.50,2.25
2011.09.07 10:24:42.025,1.50583,1.50618,1.50,2.25
2011.09.07 10:24:42.871,1.50583,1.50618,1.50,2.25
2011.09.07 10:24:43.555,1.50583,1.50619,1.50,3.00
2011.09.07 10:24:43.678,1.50579,1.50616,1.50,1.50
2011.09.07 10:24:43.798,1.50578,1.50614,3.00,1.50
2011.09.07 10:24:49.524,1.50578,1.50609,1.50,1.50
2011.09.07 10:24:49.865,1.50578,1.50614,3.00,1.50
2011.09.07 10:24:50.515,1.50578,1.50609,1.50,1.50
2011.09.07 10:24:50.639,1.50578,1.50614,3.00,1.50
2011.09.07 10:24:53.179,1.50584,1.50618,1.50,2.25
2011.09.07 10:24:53.415,1.50596,1.50627,1.50,2.25
2011.09.07 10:24:53.644,1.50596,1.50634,1.50,1.50
2011.09.07 10:24:54.544,1.50596,1.50636,2.25,3.00
2011.09.07 10:24:54.664,1.50603,1.50636,1.50,1.50
2011.09.07 10:24:54.897,1.50595,1.50625,1.50,1.50
2011.09.07 10:24:55.018,1.50593,1.50625,1.50,1.50
2011.09.07 10:24:56.751,1.50585,1.50616,2.25,1.50
2011.09.07 10:24:56.867,1.50585,1.50616,1.50,1.50
2011.09.07 10:24:57.203,1.50585,1.50616,1.50,2.25
2011.09.07 10:24:57.326,1.50577,1.5061,1.50,1.50
2011.09.07 10:24:57.997,1.50579,1.5061,1.50,1.50
2011.09.07 10:24:58.636,1.50591,1.50622,1.50,1.50
2011.09.07 10:24:59.307,1.50592,1.50624,1.50,1.50
2011.09.07 10:24:59.429,1.50592,1.50622,1.50,1.50
2011.09.07 10:24:59.983,1.50592,1.50624,1.50,1.50
2011.09.07 10:25:02.525,1.50592,1.50622,1.50,1.50
2011.09.07 10:25:02.756,1.50592,1.50624,1.50,1.50
2011.09.07 10:25:11.686,1.50592,1.50628,1.50,1.50
2011.09.07 10:25:16.971,1.50592,1.50626,1.50,1.50
2011.09.07 10:25:19.975,1.50599,1.50628,1.50,1.50
2011.09.07 10:25:20.097,1.506,1.50634,1.50,3.00
2011.09.07 10:25:20.657,1.506,1.50633,1.50,2.25
2011.09.07 10:25:21.215,1.506,1.50633,1.50,2.25
2011.09.07 10:25:21.775,1.506,1.50633,1.50,2.25
2011.09.07 10:25:22.338,1.506,1.50633,1.50,1.50
2011.09.07 10:25:22.830,1.50599,1.50624,1.50,1.50
2011.09.07 10:25:22.951,1.50588,1.50624,1.88,1.50
2011.09.07 10:25:23.289,1.50594,1.50616,1.50,1.50
2011.09.07 10:25:23.407,1.50581,1.5061,1.28,1.50
2011.09.07 10:25:23.529,1.50584,1.50615,2.03,2.25
2011.09.07 10:25:23.647,1.50581,1.5061,1.28,1.50
2011.09.07 10:25:23.768,1.5058,1.5061,2.25,1.50
2011.09.07 10:25:24.000,1.50591,1.50616,1.50,1.50
2011.09.07 10:25:24.611,1.50588,1.50615,1.50,1.50
2011.09.07 10:25:24.742,1.50587,1.50623,1.50,3.00
2011.09.07 10:25:25.605,1.50587,1.50611,1.50,1.50
2011.09.07 10:25:25.838,1.50587,1.50617,1.50,1.50
2011.09.07 10:25:27.877,1.50587,1.50623,1.50,3.00
2011.09.07 10:25:30.401,1.50597,1.50623,1.50,1.50
2011.09.07 10:25:30.534,1.50591,1.50623,1.50,3.00
2011.09.07 10:25:30.996,1.50593,1.50623,1.50,2.25
2011.09.07 10:25:31.335,1.50593,1.50623,2.25,1.50
2011.09.07 10:25:31.895,1.50596,1.50628,1.50,3.00
2011.09.07 10:25:32.788,1.50586,1.50624,1.50,2.25
2011.09.07 10:25:32.939,1.50586,1.50613,1.50,2.25
2011.09.07 10:25:33.059,1.50578,1.50608,1.50,1.50
2011.09.07 10:25:33.288,1.50578,1.50612,3.00,1.50
2011.09.07 10:25:33.955,1.50578,1.5061,1.50,1.50
2011.09.07 10:25:34.409,1.50577,1.50605,1.28,1.50
2011.09.07 10:25:35.032,1.50573,1.50609,1.28,1.50
2011.09.07 10:25:35.595,1.50573,1.50609,2.78,1.50
2011.09.07 10:25:36.155,1.50575,1.50609,2.03,1.50
2011.09.07 10:25:36.996,1.50576,1.50609,2.03,1.50
2011.09.07 10:25:37.813,1.50577,1.50609,1.50,1.50
2011.09.07 10:25:40.268,1.50578,1.50609,1.50,1.50
2011.09.07 10:25:40.385,1.50581,1.50609,1.50,1.50
2011.09.07 10:25:40.925,1.50581,1.50614,1.50,2.25
2011.09.07 10:25:41.928,1.50577,1.50615,3.00,3.00
2011.09.07 10:25:42.159,1.50584,1.50615,1.50,1.50
2011.09.07 10:25:42.607,1.50587,1.50615,1.50,1.50
2011.09.07 10:25:42.849,1.50591,1.50621,2.25,1.50
2011.09.07 10:25:42.967,1.50592,1.50627,1.50,2.25
2011.09.07 10:25:43.092,1.50599,1.50633,3.00,2.25
2011.09.07 10:25:43.437,1.50592,1.50631,1.50,2.25
2011.09.07 10:25:44.157,1.50587,1.5061,2.03,1.50
2011.09.07 10:25:44.397,1.50574,1.5061,2.25,1.50
2011.09.07 10:25:50.825,1.50576,1.5061,1.50,1.50
2011.09.07 10:25:52.428,1.50578,1.5061,1.50,1.50
2011.09.07 10:25:52.763,1.50573,1.5061,2.25,1.50
2011.09.07 10:25:54.467,1.50577,1.5061,1.50,1.50
2011.09.07 10:25:55.079,1.50573,1.5061,2.25,1.50
2011.09.07 10:26:06.917,1.5058,1.5061,1.50,1.50
2011.09.07 10:26:07.975,1.50572,1.50603,3.53,1.50
2011.09.07 10:26:08.949,1.50569,1.50601,2.78,2.59
2011.09.07 10:26:09.069,1.50569,1.50601,2.25,2.59
2011.09.07 10:26:10.080,1.50564,1.50593,1.50,2.25
2011.09.07 10:26:10.746,1.50563,1.50594,1.50,1.50
2011.09.07 10:26:11.548,1.50564,1.50594,1.50,1.50
2011.09.07 10:26:11.671,1.50567,1.50603,1.50,1.50
2011.09.07 10:26:11.788,1.50574,1.50612,1.50,1.50
2011.09.07 10:26:13.756,1.50573,1.50603,1.50,1.50
2011.09.07 10:26:13.880,1.50568,1.50602,2.25,2.25
2011.09.07 10:26:21.113,1.50571,1.50603,1.50,3.00
2011.09.07 10:26:22.781,1.50576,1.50601,1.50,1.50
2011.09.07 10:26:22.909,1.50576,1.50613,1.50,2.25
2011.09.07 10:26:23.146,1.50576,1.5061,1.50,1.50
2011.09.07 10:26:23.498,1.50576,1.50612,1.50,2.59
2011.09.07 10:26:25.566,1.50582,1.50612,1.50,1.09
2011.09.07 10:26:25.906,1.50576,1.50612,3.00,1.09
2011.09.07 10:26:34.796,1.50579,1.50612,1.50,1.09
2011.09.07 10:26:35.482,1.50577,1.50612,2.25,1.09
2011.09.07 10:26:39.512,1.50576,1.50611,1.50,1.50
2011.09.07 10:26:39.756,1.50583,1.50612,1.50,2.59
2011.09.07 10:26:39.878,1.50573,1.50606,1.50,1.50
2011.09.07 10:26:39.998,1.50582,1.50606,1.50,1.50
2011.09.07 10:26:40.447,1.50572,1.50605,1.50,2.25
2011.09.07 10:26:40.569,1.50577,1.50605,1.50,1.50
2011.09.07 10:26:40.689,1.50582,1.50609,1.50,2.25
2011.09.07 10:26:40.914,1.50577,1.50608,1.50,1.09
2011.09.07 10:26:43.528,1.50577,1.50609,1.50,1.09
2011.09.07 10:26:44.846,1.50577,1.50609,1.50,1.09
2011.09.07 10:26:44.968,1.50577,1.50604,1.50,1.84
2011.09.07 10:26:45.089,1.50577,1.50604,2.25,1.84
2011.09.07 10:26:45.205,1.50577,1.50611,2.25,1.50
2011.09.07 10:26:46.094,1.50575,1.50612,1.50,2.25
2011.09.07 10:26:46.216,1.50575,1.50611,1.50,1.09
2011.09.07 10:26:46.781,1.50575,1.50612,1.50,2.63
2011.09.07 10:26:47.494,1.50575,1.50607,1.50,1.50
2011.09.07 10:26:47.855,1.50569,1.50607,1.50,3.00
2011.09.07 10:26:51.203,1.50569,1.50606,2.25,1.50
2011.09.07 10:26:51.433,1.50577,1.50612,2.25,1.50
2011.09.07 10:26:58.810,1.50579,1.50612,1.50,1.50
2011.09.07 10:26:59.437,1.5058,1.50612,1.50,1.50
2011.09.07 10:26:59.895,1.50576,1.50612,1.50,1.50
2011.09.07 10:27:01.713,1.5058,1.50612,1.50,1.50
2011.09.07 10:27:02.164,1.50578,1.50612,2.25,1.50
2011.09.07 10:27:07.193,1.50579,1.50612,1.50,2.25
2011.09.07 10:27:07.764,1.50576,1.50611,1.50,1.50
2011.09.07 10:27:08.235,1.50574,1.50611,2.25,1.50
2011.09.07 10:27:08.353,1.50569,1.50607,1.50,3.00
2011.09.07 10:27:08.916,1.50577,1.50607,1.50,1.50
2011.09.07 10:27:09.276,1.50575,1.50607,1.50,1.50
2011.09.07 10:27:09.971,1.50573,1.50605,1.50,1.50
2011.09.07 10:27:10.100,1.50576,1.50611,3.00,1.50
2011.09.07 10:27:10.656,1.50583,1.50612,1.50,1.50
2011.09.07 10:27:11.116,1.50577,1.50612,2.25,1.50
2011.09.07 10:27:13.019,1.50582,1.50612,1.50,1.50
2011.09.07 10:27:16.412,1.50576,1.50612,1.50,1.50
2011.09.07 10:27:21.205,1.50573,1.5061,2.25,1.50
2011.09.07 10:27:21.327,1.50573,1.50605,1.50,1.50
2011.09.07 10:27:21.445,1.50569,1.50605,1.50,1.50
2011.09.07 10:27:21.566,1.50577,1.50613,1.50,1.50
2011.09.07 10:27:22.958,1.50574,1.50604,1.50,1.50
2011.09.07 10:27:23.076,1.50568,1.50602,2.78,2.25
2011.09.07 10:27:23.305,1.50568,1.506,2.25,1.50
2011.09.07 10:27:24.035,1.50568,1.50602,2.25,2.25
2011.09.07 10:27:24.160,1.50572,1.50604,1.50,1.50
2011.09.07 10:27:24.495,1.50573,1.50608,1.50,1.09
2011.09.07 10:27:25.106,1.50575,1.50609,1.50,1.50
2011.09.07 10:27:25.643,1.50574,1.50609,2.25,1.50
2011.09.07 10:27:26.096,1.50579,1.50609,1.50,1.50
2011.09.07 10:27:26.435,1.50573,1.50608,2.03,2.25
2011.09.07 10:27:26.558,1.50578,1.50609,1.50,1.50
2011.09.07 10:27:27.813,1.50574,1.50609,2.25,1.50
2011.09.07 10:27:28.596,1.50575,1.50609,1.50,1.50
2011.09.07 10:27:30.214,1.50588,1.5062,1.50,4.09
2011.09.07 10:27:30.338,1.50579,1.50615,1.50,1.09
2011.09.07 10:27:30.456,1.50579,1.50614,1.50,1.09
2011.09.07 10:27:32.078,1.50573,1.50609,2.25,1.09
2011.09.07 10:27:33.274,1.50575,1.50607,1.50,1.50
2011.09.07 10:27:34.147,1.50576,1.5061,1.50,1.50
2011.09.07 10:27:37.405,1.50578,1.5061,1.50,1.50
2011.09.07 10:27:38.545,1.50582,1.50616,1.50,3.00
2011.09.07 10:27:38.774,1.50587,1.50616,1.50,1.50
2011.09.07 10:27:38.895,1.50589,1.50621,1.50,1.50
2011.09.07 10:27:39.679,1.50587,1.50622,2.25,1.50
2011.09.07 10:27:40.235,1.50588,1.50622,1.50,1.50
2011.09.07 10:27:41.627,1.50587,1.50622,2.25,1.50
2011.09.07 10:27:41.748,1.50589,1.50622,1.50,1.50
2011.09.07 10:27:42.417,1.50589,1.50626,2.25,2.25
2011.09.07 10:27:43.013,1.50592,1.50626,1.50,1.50
2011.09.07 10:27:43.143,1.50598,1.5063,1.50,1.50
2011.09.07 10:27:43.266,1.50596,1.5063,1.50,1.50
2011.09.07 10:27:43.749,1.50599,1.5063,1.50,1.50
2011.09.07 10:27:44.197,1.50599,1.50628,1.50,1.50
2011.09.07 10:27:44.316,1.50589,1.50624,1.50,1.50
2011.09.07 10:27:45.093,1.50591,1.50624,1.50,1.50
2011.09.07 10:27:46.310,1.50587,1.50609,1.50,1.50
2011.09.07 10:27:46.432,1.50592,1.50619,1.50,1.50
2011.09.07 10:27:46.668,1.50584,1.50614,1.28,1.50
2011.09.07 10:27:46.898,1.50583,1.50608,1.50,1.50
2011.09.07 10:27:47.128,1.50573,1.50608,1.50,1.50
2011.09.07 10:27:47.684,1.50571,1.50607,2.78,1.09
2011.09.07 10:27:48.500,1.50573,1.50607,1.50,1.09
2011.09.07 10:27:52.317,1.50574,1.50608,1.50,1.50
2011.09.07 10:27:53.901,1.50573,1.50608,1.50,3.00
2011.09.07 10:27:54.458,1.50574,1.50605,1.50,1.50
2011.09.07 10:27:54.578,1.5057,1.50606,2.03,2.25
2011.09.07 10:27:55.562,1.50571,1.50605,1.28,2.59
2011.09.07 10:27:56.163,1.50566,1.50597,1.28,1.84
2011.09.07 10:27:56.290,1.50565,1.50597,1.50,1.84
2011.09.07 10:27:56.728,1.50565,1.50597,2.03,1.50
2011.09.07 10:27:58.177,1.50565,1.50595,1.50,1.84
2011.09.07 10:27:58.971,1.50558,1.50594,1.50,1.09
2011.09.07 10:28:02.236,1.50553,1.50586,2.03,1.09
2011.09.07 10:28:02.358,1.50553,1.50586,1.28,1.09
2011.09.07 10:28:03.242,1.50553,1.50586,1.28,1.09
2011.09.07 10:28:03.588,1.5055,1.50577,1.66,1.50
2011.09.07 10:28:04.096,1.50549,1.50577,2.41,1.50
2011.09.07 10:28:06.144,1.50549,1.50577,2.41,1.50
2011.09.07 10:28:07.273,1.50547,1.50577,2.41,1.50
2011.09.07 10:28:07.833,1.50547,1.50577,2.41,1.50
2011.09.07 10:28:08.384,1.50547,1.50577,3.16,1.50
2011.09.07 10:28:08.842,1.50554,1.50586,1.13,1.09
2011.09.07 10:28:08.960,1.50553,1.50586,1.28,1.09
2011.09.07 10:28:09.520,1.50554,1.50586,1.28,1.09
2011.09.07 10:28:10.011,1.5056,1.50586,1.50,1.09
2011.09.07 10:28:10.346,1.5056,1.50589,1.50,1.50
2011.09.07 10:28:10.466,1.50558,1.50588,1.50,2.25
2011.09.07 10:28:10.695,1.50554,1.50582,2.25,1.50
2011.09.07 10:28:11.033,1.50554,1.50582,1.50,3.00
2011.09.07 10:28:11.567,1.50558,1.50586,1.50,1.50
2011.09.07 10:28:11.684,1.50558,1.50588,1.50,3.00
2011.09.07 10:28:13.156,1.50559,1.50588,1.50,3.00
2011.09.07 10:28:14.006,1.5056,1.50588,1.50,3.00
2011.09.07 10:28:14.771,1.50566,1.50586,1.50,1.09
2011.09.07 10:28:14.995,1.50563,1.50586,1.50,1.09
2011.09.07 10:28:15.343,1.50572,1.50588,1.50,1.09
2011.09.07 10:28:16.010,1.50572,1.50595,1.50,1.50
2011.09.07 10:28:16.147,1.50558,1.50584,1.50,1.50
2011.09.07 10:28:16.272,1.50561,1.50584,1.50,1.50
2011.09.07 10:28:16.401,1.50562,1.50588,1.50,1.50
2011.09.07 10:28:16.520,1.50562,1.50591,1.50,1.84
2011.09.07 10:28:18.356,1.50564,1.50591,1.50,1.84
2011.09.07 10:28:18.953,1.50566,1.50591,1.50,1.84
2011.09.07 10:28:19.091,1.50556,1.50586,3.00,1.50
2011.09.07 10:28:19.642,1.50556,1.50586,2.25,1.50
2011.09.07 10:28:19.877,1.50547,1.50583,3.00,1.50
2011.09.07 10:28:20.987,1.50553,1.50583,1.50,1.50
2011.09.07 10:28:22.528,1.50556,1.50586,1.50,1.50
2011.09.07 10:28:22.867,1.50564,1.50591,1.50,1.09
2011.09.07 10:28:23.096,1.50556,1.50586,3.00,1.50
2011.09.07 10:28:23.219,1.50552,1.50587,3.00,3.00
2011.09.07 10:28:23.338,1.50555,1.50587,1.50,3.00
2011.09.07 10:28:23.564,1.50553,1.50587,1.50,3.00
2011.09.07 10:28:23.685,1.50553,1.50587,2.25,3.00
2011.09.07 10:28:24.278,1.50556,1.50586,1.50,2.25
2011.09.07 10:28:25.585,1.50551,1.50583,2.25,1.50
2011.09.07 10:28:25.929,1.50556,1.50586,1.50,2.25
2011.09.07 10:28:26.267,1.50549,1.50587,3.00,3.00
2011.09.07 10:28:26.494,1.50555,1.50587,1.50,3.00
2011.09.07 10:28:26.836,1.50552,1.50578,1.50,2.25
2011.09.07 10:28:27.349,1.5056,1.50587,1.50,1.50
2011.09.07 10:28:28.210,1.5056,1.50584,1.50,1.09
2011.09.07 10:28:28.328,1.50553,1.50584,1.50,1.09
2011.09.07 10:28:29.183,1.5055,1.50584,2.25,1.09
2011.09.07 10:28:29.938,1.5055,1.50586,2.25,2.25
2011.09.07 10:28:30.059,1.50567,1.50586,1.50,1.50
2011.09.07 10:28:30.395,1.50568,1.506,2.25,1.50
2011.09.07 10:28:30.518,1.50566,1.50597,1.50,1.50
2011.09.07 10:28:31.178,1.50556,1.50591,1.28,1.50
2011.09.07 10:28:31.847,1.50556,1.50591,1.28,1.50
2011.09.07 10:28:32.596,1.50556,1.50591,1.28,1.50
2011.09.07 10:28:33.718,1.50556,1.50591,1.28,1.50
2011.09.07 10:28:35.094,1.50556,1.50591,1.28,1.50
2011.09.07 10:28:35.328,1.50555,1.50591,3.00,1.50
2011.09.07 10:28:36.484,1.50557,1.50591,1.50,1.50
2011.09.07 10:28:36.842,1.50555,1.50594,3.00,2.25
2011.09.07 10:28:36.954,1.50562,1.50598,1.50,1.50
2011.09.07 10:28:37.296,1.5057,1.50597,1.50,1.50
2011.09.07 10:28:37.416,1.5057,1.50604,1.50,2.25
2011.09.07 10:28:38.474,1.50568,1.50601,1.50,1.50
2011.09.07 10:28:38.594,1.50563,1.50601,1.50,1.50
2011.09.07 10:28:39.304,1.50556,1.50592,1.50,1.50
2011.09.07 10:28:40.154,1.50556,1.50587,1.50,1.50
2011.09.07 10:28:44.538,1.50553,1.50587,2.78,2.25
2011.09.07 10:28:44.873,1.50553,1.50585,2.03,1.50
2011.09.07 10:28:45.452,1.50555,1.50592,2.25,1.50
2011.09.07 10:28:47.291,1.50563,1.50596,2.25,2.59
2011.09.07 10:28:48.302,1.50553,1.50591,1.50,1.50
2011.09.07 10:28:48.878,1.50557,1.50597,2.25,2.25
2011.09.07 10:28:48.994,1.50559,1.50597,1.50,1.50
2011.09.07 10:28:49.446,1.50562,1.50602,1.50,1.50
2011.09.07 10:28:49.564,1.50566,1.50602,1.50,1.50
2011.09.07 10:28:50.238,1.50568,1.50602,1.50,1.50
2011.09.07 10:28:50.466,1.50575,1.5061,2.25,3.00
2011.09.07 10:28:50.584,1.50565,1.50603,3.53,1.50
2011.09.07 10:28:51.226,1.50574,1.50603,1.50,1.50
2011.09.07 10:28:51.344,1.50566,1.50603,1.28,1.50
2011.09.07 10:28:53.536,1.50567,1.50605,1.50,2.25
2011.09.07 10:28:53.655,1.50575,1.5061,1.50,3.00
2011.09.07 10:28:55.758,1.50578,1.5061,1.50,1.50
2011.09.07 10:28:56.096,1.50584,1.5061,1.50,1.50
2011.09.07 10:28:56.434,1.50584,1.50618,1.50,1.50
2011.09.07 10:28:59.036,1.50584,1.50611,1.50,1.50
2011.09.07 10:28:59.159,1.50578,1.50611,1.50,1.50
2011.09.07 10:28:59.281,1.50578,1.50599,1.50,1.84
2011.09.07 10:28:59.519,1.50574,1.50609,1.50,2.25
2011.09.07 10:28:59.641,1.50576,1.50609,1.50,1.50
2011.09.07 10:28:59.869,1.50574,1.50609,1.50,3.00
2011.09.07 10:29:00.434,1.50571,1.50598,1.50,1.84
2011.09.07 10:29:01.774,1.50574,1.50602,1.50,1.84
2011.09.07 10:29:02.225,1.50574,1.50598,1.50,1.09
2011.09.07 10:29:02.346,1.50564,1.50597,1.28,2.25
2011.09.07 10:29:03.018,1.50564,1.50597,1.28,2.25
2011.09.07 10:29:03.645,1.50564,1.50598,2.78,2.59
2011.09.07 10:29:03.772,1.50564,1.50598,2.25,2.25
2011.09.07 10:29:04.587,1.50561,1.50595,1.50,1.50
2011.09.07 10:29:04.925,1.50561,1.5059,1.50,1.50
2011.09.07 10:29:05.154,1.50563,1.50593,2.25,1.50
2011.09.07 10:29:05.387,1.50563,1.50596,2.25,2.25
2011.09.07 10:29:06.225,1.50563,1.50588,1.50,1.50
2011.09.07 10:29:06.349,1.50564,1.50595,2.25,1.50
2011.09.07 10:29:06.904,1.50564,1.50598,2.25,2.25
2011.09.07 10:29:12.746,1.50573,1.50599,1.50,1.50
2011.09.07 10:29:12.866,1.5057,1.50596,1.50,1.50
2011.09.07 10:29:13.621,1.50569,1.50599,1.50,1.50
2011.09.07 10:29:13.844,1.50572,1.50599,1.50,1.50
2011.09.07 10:29:14.625,1.50571,1.50599,1.50,1.50
2011.09.07 10:29:15.075,1.50575,1.50606,1.50,1.50
2011.09.07 10:29:15.415,1.50575,1.50609,2.25,3.00
2011.09.07 10:29:16.289,1.50575,1.50609,2.25,2.25
2011.09.07 10:29:17.151,1.50573,1.50608,3.00,1.50
2011.09.07 10:29:17.711,1.50573,1.50611,3.00,1.50
2011.09.07 10:29:20.460,1.50573,1.50604,1.50,1.50
2011.09.07 10:29:20.576,1.50574,1.50611,2.25,1.50
2011.09.07 10:29:26.695,1.50573,1.50601,1.50,1.50
2011.09.07 10:29:26.818,1.50573,1.50609,3.00,2.59
2011.09.07 10:29:27.490,1.50569,1.50604,2.25,1.09
2011.09.07 10:29:27.605,1.50569,1.50602,1.50,1.50
2011.09.07 10:29:28.717,1.50573,1.50607,3.00,1.09
2011.09.07 10:29:28.847,1.50573,1.50609,3.00,1.50
2011.09.07 10:29:30.225,1.50573,1.50607,3.00,1.09
2011.09.07 10:29:32.972,1.50566,1.50597,2.25,1.50
2011.09.07 10:29:33.975,1.50566,1.50597,2.25,1.84
2011.09.07 10:29:34.315,1.50564,1.50596,1.28,2.25
2011.09.07 10:29:34.433,1.50558,1.50596,3.00,3.00
2011.09.07 10:29:35.096,1.50558,1.50593,1.50,1.50
2011.09.07 10:29:35.655,1.50559,1.50592,2.25,1.50
2011.09.07 10:29:38.540,1.50559,1.50582,1.50,1.09
2011.09.07 10:29:38.769,1.50549,1.50582,2.03,2.59
2011.09.07 10:29:38.887,1.50553,1.50579,2.03,1.50
2011.09.07 10:29:39.736,1.50549,1.50578,2.03,1.50
2011.09.07 10:29:39.878,1.50546,1.50583,2.25,3.00
2011.09.07 10:29:40.547,1.50545,1.50581,1.50,1.09
2011.09.07 10:29:43.788,1.50545,1.50582,3.00,2.25
2011.09.07 10:29:44.927,1.5056,1.50583,1.50,1.50
2011.09.07 10:29:45.054,1.50562,1.50593,1.50,1.50
2011.09.07 10:29:45.178,1.50564,1.50596,1.50,1.50
2011.09.07 10:29:45.405,1.50559,1.50596,2.25,1.50
2011.09.07 10:29:49.679,1.50559,1.50592,2.25,1.50
2011.09.07 10:29:50.241,1.50559,1.50596,2.25,1.50
2011.09.07 10:29:50.364,1.50565,1.50598,1.50,1.50
2011.09.07 10:29:50.718,1.50568,1.50605,2.25,2.25
2011.09.07 10:29:50.835,1.5057,1.50605,1.50,1.50
2011.09.07 10:29:52.037,1.5057,1.50598,1.50,1.50
2011.09.07 10:29:52.375,1.5057,1.50605,1.50,1.50
2011.09.07 10:29:52.985,1.5057,1.50606,1.50,2.25
2011.09.07 10:29:53.534,1.5057,1.50605,1.50,1.50
2011.09.07 10:29:53.662,1.5057,1.50598,1.50,1.50
2011.09.07 10:29:54.002,1.5057,1.50596,1.50,1.50
2011.09.07 10:29:54.231,1.50567,1.50596,2.25,1.50
2011.09.07 10:29:54.349,1.50567,1.50596,1.50,1.50
2011.09.07 10:29:54.911,1.50568,1.50594,1.50,1.50
2011.09.07 10:29:55.247,1.50559,1.50593,4.28,2.59
2011.09.07 10:29:56.007,1.50566,1.50602,2.03,2.25
2011.09.07 10:29:57.708,1.50566,1.50601,1.50,1.09
2011.09.07 10:29:58.301,1.50558,1.50591,3.53,1.50
2011.09.07 10:29:59.277,1.50559,1.50591,3.53,1.50
2011.09.07 10:30:00.075,1.50558,1.50591,3.53,1.50
2011.09.07 10:30:03.917,1.50559,1.50591,2.03,3.00
2011.09.07 10:30:04.618,1.50563,1.50594,1.28,1.50
2011.09.07 10:30:04.737,1.50564,1.50594,1.28,1.50
2011.09.07 10:30:04.860,1.50568,1.50601,1.50,1.50
2011.09.07 10:30:06.550,1.5057,1.50601,1.28,1.50
2011.09.07 10:30:07.825,1.5057,1.50603,1.28,2.25
2011.09.07 10:30:08.386,1.5057,1.50601,1.28,1.50
2011.09.07 10:30:08.618,1.50573,1.50597,1.50,1.50
2011.09.07 10:30:08.737,1.50571,1.50603,1.28,2.25
2011.09.07 10:30:08.858,1.50566,1.50597,1.28,1.50
2011.09.07 10:30:09.533,1.50567,1.50595,1.28,1.50
2011.09.07 10:30:09.878,1.50564,1.50589,1.50,1.50
2011.09.07 10:30:09.994,1.50564,1.50594,1.50,2.25
2011.09.07 10:30:10.115,1.50565,1.50594,1.50,1.50
2011.09.07 10:30:11.066,1.50571,1.50594,1.50,1.50
2011.09.07 10:30:12.550,1.50571,1.50599,1.50,1.50
2011.09.07 10:30:12.887,1.50571,1.50596,1.50,1.50
2011.09.07 10:30:13.225,1.50571,1.50602,1.50,1.50
2011.09.07 10:30:13.870,1.50571,1.50601,1.50,1.50
2011.09.07 10:30:14.416,1.50571,1.50602,1.50,1.50
2011.09.07 10:30:15.647,1.50571,1.50605,1.50,1.50
2011.09.07 10:30:16.355,1.50571,1.50603,1.50,1.50
2011.09.07 10:30:17.306,1.50571,1.50604,1.50,1.50
2011.09.07 10:30:17.895,1.50571,1.50603,1.50,1.50
2011.09.07 10:30:18.958,1.50571,1.50601,1.50,1.50
2011.09.07 10:30:19.187,1.50571,1.50609,1.50,1.50
2011.09.07 10:30:19.305,1.50571,1.50602,1.50,1.50
2011.09.07 10:30:20.826,1.50571,1.506,1.50,1.50
2011.09.07 10:30:21.688,1.50581,1.50605,1.50,1.50
2011.09.07 10:30:21.807,1.50581,1.50613,1.50,1.50
2011.09.07 10:30:21.928,1.50581,1.50607,1.50,1.50
2011.09.07 10:30:22.265,1.50573,1.50605,1.50,1.50
2011.09.07 10:30:24.311,1.50569,1.50603,1.50,1.50
2011.09.07 10:30:24.431,1.50569,1.50595,1.50,1.50
2011.09.07 10:30:24.881,1.50567,1.50602,1.50,2.25
2011.09.07 10:30:25.104,1.50574,1.50604,1.50,1.50
2011.09.07 10:30:25.900,1.50574,1.50603,1.50,1.50
2011.09.07 10:30:26.600,1.50581,1.5061,1.50,2.25
2011.09.07 10:30:27.162,1.50574,1.50607,1.50,1.50
2011.09.07 10:30:27.618,1.50575,1.50603,1.28,1.50
2011.09.07 10:30:28.177,1.50579,1.50606,1.50,1.50
2011.09.07 10:30:28.858,1.50588,1.50624,1.50,3.00
2011.09.07 10:30:30.330,1.5059,1.50624,1.50,1.50
2011.09.07 10:30:30.914,1.50588,1.50624,3.00,1.50
2011.09.07 10:30:31.442,1.5059,1.50624,1.50,1.50
2011.09.07 10:30:31.574,1.50588,1.50616,1.50,1.50
2011.09.07 10:30:31.819,1.50589,1.50624,2.25,1.50
2011.09.07 10:30:32.376,1.50588,1.50621,1.50,1.50
2011.09.07 10:30:32.494,1.50588,1.50623,1.50,2.25
2011.09.07 10:30:34.374,1.50596,1.50615,1.50,1.50
2011.09.07 10:30:34.491,1.50602,1.50627,1.50,1.50
2011.09.07 10:30:34.605,1.50602,1.50633,1.50,1.50
2011.09.07 10:30:34.852,1.50597,1.50631,1.28,2.25
2011.09.07 10:30:35.305,1.50597,1.50633,2.03,3.00
2011.09.07 10:30:38.596,1.50597,1.50629,1.50,1.50
2011.09.07 10:30:38.829,1.50593,1.50627,1.28,1.50
2011.09.07 10:30:39.443,1.50593,1.50627,1.28,1.50
2011.09.07 10:30:40.035,1.50593,1.50627,1.28,1.50
2011.09.07 10:30:41.283,1.50593,1.50627,1.28,1.50
2011.09.07 10:30:43.947,1.50593,1.50627,1.28,1.50
2011.09.07 10:30:44.176,1.50588,1.50621,2.03,2.25
2011.09.07 10:30:45.108,1.50584,1.50622,1.50,3.00
2011.09.07 10:30:47.405,1.50581,1.50616,1.28,1.50
2011.09.07 10:30:49.215,1.50581,1.50616,1.28,1.50
2011.09.07 10:30:49.623,1.50586,1.50622,1.50,1.50
2011.09.07 10:30:49.966,1.50596,1.50622,1.50,1.50
2011.09.07 10:30:50.088,1.50596,1.50628,2.25,1.50
2011.09.07 10:30:50.645,1.50595,1.50627,3.00,1.50
2011.09.07 10:30:51.731,1.50597,1.5063,1.50,2.25
2011.09.07 10:30:51.856,1.50604,1.50634,1.50,1.84
2011.09.07 10:30:54.214,1.50602,1.50632,1.50,1.09
2011.09.07 10:30:54.450,1.50597,1.50629,1.50,1.50
2011.09.07 10:30:55.067,1.50601,1.5063,1.50,1.50
2011.09.07 10:30:55.628,1.506,1.50631,2.25,1.50
2011.09.07 10:30:55.968,1.50601,1.50627,1.50,1.50
2011.09.07 10:30:56.084,1.50605,1.50637,1.50,2.25
2011.09.07 10:30:56.425,1.50605,1.50637,1.50,1.50
2011.09.07 10:30:56.878,1.50605,1.50639,3.00,2.25
2011.09.07 10:30:57.491,1.50605,1.50633,1.50,1.84
2011.09.07 10:31:02.428,1.50605,1.50633,1.50,1.50
2011.09.07 10:31:04.553,1.50605,1.50633,1.50,1.84
2011.09.07 10:31:06.022,1.50605,1.50627,1.50,1.50
2011.09.07 10:31:06.141,1.50605,1.50641,1.50,1.50
2011.09.07 10:31:07.174,1.50602,1.50639,1.28,2.59
2011.09.07 10:31:07.297,1.50601,1.50635,1.28,1.50
2011.09.07 10:31:07.989,1.50601,1.50635,1.28,1.50
2011.09.07 10:31:08.546,1.50601,1.50635,1.28,1.50
2011.09.07 10:31:09.107,1.50593,1.50629,1.28,1.50
2011.09.07 10:31:09.706,1.50593,1.50629,1.28,1.50
2011.09.07 10:31:09.828,1.50591,1.50629,1.50,3.00
2011.09.07 10:31:12.498,1.50615,1.5063,1.50,1.50
2011.09.07 10:31:12.645,1.50619,1.50646,1.50,1.84
2011.09.07 10:31:12.772,1.50619,1.50649,1.50,1.50
2011.09.07 10:31:12.888,1.50606,1.50642,1.50,3.00
2011.09.07 10:31:13.230,1.50599,1.50637,2.03,1.50
2011.09.07 10:31:15.463,1.50599,1.50631,2.03,1.50
2011.09.07 10:31:15.917,1.50599,1.50637,2.03,1.50
2011.09.07 10:31:16.148,1.50599,1.50631,1.50,1.50
2011.09.07 10:31:16.376,1.50593,1.50631,1.50,3.00
2011.09.07 10:31:23.880,1.50601,1.50638,1.50,2.25
2011.09.07 10:31:25.088,1.50601,1.50637,1.50,1.09
2011.09.07 10:31:25.315,1.50589,1.50618,3.75,1.50
2011.09.07 10:31:25.546,1.50595,1.50625,1.50,2.25
2011.09.07 10:31:25.665,1.50595,1.50625,2.25,1.50
2011.09.07 10:31:31.717,1.50594,1.50624,1.50,1.50
2011.09.07 10:31:31.836,1.50594,1.50622,1.50,1.50
2011.09.07 10:31:32.176,1.50588,1.50615,1.50,1.50
2011.09.07 10:31:32.770,1.50602,1.50629,1.50,1.50
2011.09.07 10:31:33.123,1.50608,1.50637,1.50,1.50
2011.09.07 10:31:33.466,1.50608,1.50639,1.50,1.50
2011.09.07 10:31:33.975,1.50608,1.50633,1.50,1.50
2011.09.07 10:31:34.207,1.50603,1.50633,1.50,1.84
2011.09.07 10:31:34.327,1.50603,1.50633,1.50,1.84
2011.09.07 10:31:36.139,1.50603,1.50631,1.50,1.50
2011.09.07 10:31:36.266,1.50599,1.50631,1.50,1.50
2011.09.07 10:31:36.605,1.50602,1.50632,1.50,2.59
2011.09.07 10:31:36.729,1.506,1.50632,1.50,2.25
2011.09.07 10:31:37.376,1.50599,1.50631,1.50,1.50
2011.09.07 10:31:38.144,1.50597,1.50632,1.50,2.25
2011.09.07 10:31:39.597,1.50597,1.50629,1.50,1.50
2011.09.07 10:31:40.346,1.50597,1.5063,1.50,1.50
2011.09.07 10:31:41.334,1.50597,1.50629,1.50,1.50
2011.09.07 10:31:42.009,1.50597,1.50633,1.50,1.50
2011.09.07 10:31:42.238,1.506,1.50633,1.50,1.50
2011.09.07 10:31:42.920,1.50601,1.50633,1.50,1.50
2011.09.07 10:31:44.568,1.506,1.50633,1.50,1.50
2011.09.07 10:31:48.278,1.50599,1.50633,1.50,3.00
2011.09.07 10:31:48.979,1.50603,1.50635,1.50,1.50
2011.09.07 10:31:50.305,1.50603,1.5063,1.50,1.50
2011.09.07 10:31:50.426,1.50605,1.50637,2.25,1.50
2011.09.07 10:31:51.098,1.50603,1.50638,1.50,1.09
2011.09.07 10:31:54.493,1.50607,1.50638,1.50,1.09
2011.09.07 10:31:55.877,1.50606,1.50638,2.25,2.59
2011.09.07 10:31:56.575,1.50607,1.50638,1.50,1.09
2011.09.07 10:31:57.359,1.50608,1.50638,1.50,1.09
2011.09.07 10:31:58.145,1.50607,1.50638,1.50,1.09
2011.09.07 10:31:58.717,1.50603,1.50632,1.50,1.50
2011.09.07 10:31:59.677,1.50605,1.50637,2.25,1.50
2011.09.07 10:32:04.723,1.50608,1.5064,1.50,2.25
2011.09.07 10:32:08.908,1.50607,1.50639,1.50,2.25
2011.09.07 10:32:09.468,1.50608,1.50638,1.50,2.25
2011.09.07 10:32:10.645,1.50608,1.5064,2.25,1.50
2011.09.07 10:32:11.205,1.50613,1.50644,1.50,1.84
2011.09.07 10:32:13.017,1.50613,1.50644,1.50,1.50
2011.09.07 10:32:15.157,1.50616,1.5065,2.25,2.25
2011.09.07 10:32:19.724,1.50616,1.50648,2.25,1.09
2011.09.07 10:32:21.426,1.50613,1.5064,1.50,1.50
2011.09.07 10:32:22.218,1.50613,1.50643,1.50,1.50
2011.09.07 10:32:22.555,1.50614,1.50648,2.25,2.22
2011.09.07 10:32:24.509,1.50609,1.50641,1.50,1.50
2011.09.07 10:32:24.846,1.50607,1.50641,1.50,3.00
2011.09.07 10:32:25.077,1.50607,1.50641,2.25,2.25
2011.09.07 10:32:25.634,1.5061,1.50645,1.50,1.09
2011.09.07 10:32:30.925,1.50617,1.50645,1.50,1.09
2011.09.07 10:32:31.045,1.5061,1.50645,3.00,1.09
2011.09.07 10:32:32.055,1.50615,1.50645,1.50,2.59
2011.09.07 10:32:32.182,1.50611,1.50643,2.25,1.84
2011.09.07 10:32:36.227,1.50611,1.50643,2.25,1.50
2011.09.07 10:32:44.122,1.50612,1.50648,2.25,1.50
2011.09.07 10:32:45.063,1.50625,1.50656,1.50,2.25
2011.09.07 10:32:45.616,1.50625,1.50656,1.50,1.09
2011.09.07 10:32:46.068,1.50611,1.50643,1.50,1.50
2011.09.07 10:32:52.080,1.50611,1.50646,1.50,1.50
2011.09.07 10:32:52.809,1.5061,1.50646,2.25,1.50
2011.09.07 10:32:54.026,1.50611,1.50646,1.50,1.50
2011.09.07 10:32:54.606,1.50608,1.50646,3.53,3.00
2011.09.07 10:33:00.099,1.5061,1.5065,2.25,3.00
2011.09.07 10:33:00.215,1.50614,1.5065,1.50,2.25
2011.09.07 10:33:01.549,1.50614,1.50649,1.50,1.50
2011.09.07 10:33:05.307,1.50616,1.5065,2.25,2.25
2011.09.07 10:33:05.433,1.50614,1.50645,1.50,1.50
2011.09.07 10:33:05.667,1.50617,1.50649,1.50,1.50
2011.09.07 10:33:11.437,1.50614,1.50649,1.50,1.50
2011.09.07 10:33:11.998,1.50616,1.50646,1.50,1.50
2011.09.07 10:33:12.117,1.50608,1.50646,1.50,1.50
2011.09.07 10:33:12.852,1.50608,1.50646,1.50,1.50
2011.09.07 10:33:14.737,1.50615,1.50651,1.50,1.50
2011.09.07 10:33:15.950,1.50609,1.50645,1.50,1.50
2011.09.07 10:33:20.358,1.50614,1.50652,2.25,1.50
2011.09.07 10:33:20.479,1.50617,1.50653,1.50,2.25
2011.09.07 10:33:21.494,1.50614,1.50652,2.25,1.50
2011.09.07 10:33:21.615,1.50614,1.50648,1.50,1.50
2011.09.07 10:33:21.735,1.5061,1.50648,1.50,1.50
2011.09.07 10:33:24.188,1.5061,1.50645,1.50,1.50
2011.09.07 10:33:24.761,1.50617,1.50648,1.50,1.50
2011.09.07 10:33:24.878,1.5061,1.50648,1.50,1.50
2011.09.07 10:33:25.326,1.5061,1.50644,1.50,1.50
2011.09.07 10:33:25.555,1.5061,1.50648,1.50,1.50
2011.09.07 10:33:25.678,1.5061,1.50644,1.50,1.50
2011.09.07 10:33:26.477,1.5061,1.50648,1.50,1.50
2011.09.07 10:33:26.720,1.50614,1.50652,2.25,1.50
2011.09.07 10:33:26.837,1.50617,1.50653,1.50,1.50
2011.09.07 10:33:26.960,1.50627,1.50657,1.50,2.25
2011.09.07 10:33:27.406,1.50628,1.50659,2.25,1.50
2011.09.07 10:33:29.026,1.50627,1.5066,1.50,1.50
2011.09.07 10:33:29.367,1.50627,1.50658,1.50,1.50
2011.09.07 10:33:30.544,1.50628,1.50659,2.25,1.50
2011.09.07 10:33:34.017,1.50641,1.50659,1.50,1.50
2011.09.07 10:33:34.139,1.50641,1.50671,1.50,2.25
2011.09.07 10:33:34.262,1.5064,1.50666,1.50,1.50
2011.09.07 10:33:34.380,1.50631,1.50666,1.50,1.50
2011.09.07 10:33:35.327,1.50631,1.50669,1.50,1.50
2011.09.07 10:33:35.453,1.50627,1.50662,1.28,1.50
2011.09.07 10:33:39.257,1.50629,1.50662,1.50,1.50
2011.09.07 10:33:44.098,1.50628,1.50662,1.50,1.50
2011.09.07 10:33:44.625,1.50629,1.50662,1.50,1.50
2011.09.07 10:33:44.863,1.50626,1.50662,1.50,1.50
2011.09.07 10:33:45.101,1.50626,1.50652,2.03,1.50
2011.09.07 10:33:45.435,1.50623,1.50652,2.03,1.50
2011.09.07 10:33:45.554,1.50623,1.50657,2.03,1.50
2011.09.07 10:33:46.195,1.50625,1.50663,2.03,1.50
2011.09.07 10:33:48.149,1.50619,1.5066,1.50,1.50
2011.09.07 10:33:48.267,1.50617,1.50654,1.28,1.50
2011.09.07 10:33:52.857,1.50627,1.50654,1.50,1.50
2011.09.07 10:33:53.195,1.50617,1.50654,1.28,1.50
2011.09.07 10:33:54.624,1.5062,1.50654,1.50,1.50
2011.09.07 10:33:55.187,1.50617,1.50654,2.78,1.50
2011.09.07 10:33:55.417,1.50627,1.50654,1.50,1.50
2011.09.07 10:33:56.325,1.50618,1.50654,2.25,1.50
2011.09.07 10:34:08.210,1.50629,1.50654,1.50,1.50
2011.09.07 10:34:08.330,1.50619,1.50654,2.25,1.50
2011.09.07 10:34:11.186,1.50623,1.50659,1.50,1.50
2011.09.07 10:34:12.498,1.50634,1.50672,1.50,3.00
2011.09.07 10:34:14.375,1.50634,1.5067,1.50,1.50
2011.09.07 10:34:15.475,1.50634,1.50672,1.50,3.00
2011.09.07 10:34:16.388,1.50634,1.5067,1.50,1.13
2011.09.07 10:34:18.254,1.50634,1.5067,1.50,1.50
2011.09.07 10:34:20.865,1.50634,1.5067,1.50,1.13
2011.09.07 10:34:21.478,1.50634,1.5067,1.50,2.22
2011.09.07 10:34:22.084,1.50622,1.50651,3.00,1.50
2011.09.07 10:34:22.215,1.5063,1.50666,1.50,3.00
2011.09.07 10:34:22.555,1.50637,1.50667,1.50,2.25
2011.09.07 10:34:23.465,1.50637,1.50666,1.50,2.25
2011.09.07 10:34:23.808,1.50637,1.50667,1.50,1.50
2011.09.07 10:34:23.929,1.50637,1.50672,1.50,2.25
2011.09.07 10:34:24.157,1.50631,1.50667,1.50,1.50
2011.09.07 10:34:24.955,1.50638,1.50672,1.50,1.50
2011.09.07 10:34:27.569,1.50638,1.50673,1.50,2.25
2011.09.07 10:34:27.800,1.50629,1.50664,3.75,1.50
2011.09.07 10:34:28.580,1.50628,1.50653,1.50,1.50
2011.09.07 10:34:29.129,1.50628,1.50652,1.50,1.50
2011.09.07 10:34:29.480,1.50628,1.5066,1.50,1.50
2011.09.07 10:34:29.818,1.50631,1.50661,1.50,1.50
2011.09.07 10:34:31.476,1.50629,1.50664,2.25,1.50
2011.09.07 10:34:31.819,1.50637,1.50662,1.50,1.50
2011.09.07 10:34:31.937,1.50637,1.50669,1.50,1.50
2011.09.07 10:34:32.538,1.50635,1.50667,1.50,1.50
2011.09.07 10:34:32.667,1.50639,1.50672,1.50,2.59
2011.09.07 10:34:32.792,1.50636,1.50666,1.50,1.50
2011.09.07 10:34:32.915,1.50641,1.50676,1.50,2.25
2011.09.07 10:34:33.044,1.50641,1.50668,1.50,1.50
2011.09.07 10:34:33.278,1.50651,1.50683,1.50,1.84
2011.09.07 10:34:34.741,1.50633,1.50661,1.28,1.50
2011.09.07 10:34:35.278,1.50635,1.50669,2.25,2.25
2011.09.07 10:34:35.405,1.50636,1.50669,1.50,1.50
2011.09.07 10:34:35.528,1.50637,1.50674,2.25,1.50
2011.09.07 10:34:35.759,1.50636,1.50669,1.50,1.50
2011.09.07 10:34:37.199,1.50636,1.50661,1.50,1.50
2011.09.07 10:34:37.318,1.5063,1.50661,3.00,1.50
2011.09.07 10:34:37.772,1.5063,1.50661,2.25,2.25
2011.09.07 10:34:38.473,1.50625,1.50655,1.28,1.50
2011.09.07 10:34:38.594,1.50627,1.50657,1.50,2.25
2011.09.07 10:34:38.723,1.50623,1.50659,3.00,1.50
2011.09.07 10:34:38.850,1.50628,1.50665,1.50,1.84
2011.09.07 10:34:39.188,1.50636,1.50666,1.50,1.50
2011.09.07 10:34:39.308,1.50637,1.50669,1.50,1.50
2011.09.07 10:34:41.956,1.50643,1.50677,1.50,1.50
2011.09.07 10:34:42.969,1.50643,1.50677,1.50,1.50
2011.09.07 10:34:43.787,1.50643,1.50677,1.50,1.50
2011.09.07 10:34:44.931,1.50643,1.50677,1.50,1.50
2011.09.07 10:34:46.015,1.50643,1.50677,1.50,1.50
2011.09.07 10:34:46.686,1.50643,1.50677,1.50,1.50
2011.09.07 10:34:49.967,1.50643,1.50675,1.50,1.50
2011.09.07 10:34:50.579,1.50643,1.50679,1.50,1.50
2011.09.07 10:34:50.707,1.50643,1.50675,1.50,1.50
2011.09.07 10:34:50.829,1.50643,1.50679,1.50,1.50
2011.09.07 10:34:50.949,1.50643,1.50675,1.50,1.50
2011.09.07 10:34:51.399,1.50643,1.50672,1.50,1.50
2011.09.07 10:34:51.520,1.50633,1.50669,2.03,1.50
2011.09.07 10:34:52.079,1.50632,1.50667,1.28,1.50
2011.09.07 10:34:52.422,1.5062,1.50657,1.28,1.50
2011.09.07 10:35:04.796,1.50619,1.5066,2.25,2.25
2011.09.07 10:35:04.917,1.50626,1.50662,1.50,3.00
2011.09.07 10:35:05.755,1.50626,1.50662,1.50,1.50
2011.09.07 10:35:06.398,1.50626,1.50662,1.50,1.50
2011.09.07 10:35:07.010,1.50627,1.50662,1.50,1.50
2011.09.07 10:35:07.790,1.50628,1.50662,1.50,1.50
2011.09.07 10:35:07.911,1.50626,1.50662,1.50,1.50
2011.09.07 10:35:08.030,1.50626,1.50659,1.50,1.50
2011.09.07 10:35:08.256,1.50626,1.50662,1.50,3.00
2011.09.07 10:35:08.597,1.50626,1.50654,1.50,1.50
2011.09.07 10:35:08.718,1.50626,1.50662,1.50,2.25
2011.09.07 10:35:10.589,1.5063,1.50663,2.25,2.25
2011.09.07 10:35:10.929,1.50634,1.50663,1.50,1.50
2011.09.07 10:35:12.850,1.50647,1.50663,1.50,1.50
2011.09.07 10:35:13.513,1.50649,1.50672,1.13,2.25
2011.09.07 10:35:13.633,1.50676,1.50702,1.50,1.35
2011.09.07 10:35:14.081,1.50661,1.50692,3.00,1.50
2011.09.07 10:35:15.216,1.50661,1.50694,3.00,1.50
2011.09.07 10:35:20.766,1.50662,1.50694,2.25,2.25
2011.09.07 10:35:20.891,1.50657,1.50692,2.25,1.50
2011.09.07 10:35:21.448,1.5066,1.50692,1.50,1.50
2011.09.07 10:35:21.797,1.50647,1.5068,1.50,3.00
2011.09.07 10:35:22.147,1.50651,1.50687,1.50,3.00
2011.09.07 10:35:22.269,1.50644,1.50682,1.50,1.50
2011.09.07 10:35:23.699,1.50649,1.50688,1.50,2.25
2011.09.07 10:35:23.820,1.50657,1.5069,1.50,2.25
2011.09.07 10:35:24.597,1.50657,1.5069,1.50,2.25
2011.09.07 10:35:26.297,1.50657,1.5069,1.50,2.25
2011.09.07 10:35:27.129,1.50657,1.5069,1.50,2.25
2011.09.07 10:35:27.248,1.50664,1.5069,1.50,2.25
2011.09.07 10:35:27.588,1.50666,1.50695,1.50,1.50
2011.09.07 10:35:30.074,1.50671,1.507,2.25,1.50
2011.09.07 10:35:30.319,1.50666,1.50695,2.25,1.50
2011.09.07 10:35:34.017,1.50666,1.50695,2.25,1.50
2011.09.07 10:35:34.156,1.50666,1.50695,2.25,1.50
2011.09.07 10:35:34.280,1.50671,1.50703,3.00,2.25
2011.09.07 10:35:35.032,1.50671,1.50703,3.00,2.25
2011.09.07 10:35:35.915,1.50671,1.50703,3.00,2.25
2011.09.07 10:35:36.258,1.50671,1.50703,3.00,1.50
2011.09.07 10:35:41.109,1.50663,1.50699,1.50,1.50
2011.09.07 10:35:41.230,1.50658,1.50693,1.28,1.50
2011.09.07 10:35:41.349,1.50653,1.50684,1.28,1.50
2011.09.07 10:35:41.470,1.50648,1.50684,3.00,1.50
2011.09.07 10:35:50.058,1.50644,1.50674,2.03,1.50
2011.09.07 10:35:50.508,1.50639,1.50672,2.25,2.25
2011.09.07 10:35:51.426,1.50641,1.50674,1.50,3.00
2011.09.07 10:35:52.497,1.50643,1.50674,1.50,1.50
2011.09.07 10:35:53.055,1.50642,1.50673,1.50,2.25
2011.09.07 10:35:55.643,1.50643,1.50673,1.50,2.25
2011.09.07 10:35:58.728,1.50638,1.5067,3.00,1.50
2011.09.07 10:35:59.067,1.50641,1.50672,1.50,2.25
2011.09.07 10:36:00.149,1.50647,1.50674,1.50,1.50
2011.09.07 10:36:01.170,1.50641,1.50672,1.50,2.25
2011.09.07 10:36:02.036,1.50638,1.50671,1.50,1.50
2011.09.07 10:36:06.477,1.50638,1.50671,2.25,1.50
2011.09.07 10:36:06.596,1.50644,1.50682,1.50,1.84
2011.09.07 10:36:07.526,1.5064,1.50681,1.50,1.50
2011.09.07 10:36:07.654,1.50637,1.50671,3.00,1.50
2011.09.07 10:36:09.049,1.50638,1.50675,2.25,1.50
2011.09.07 10:36:09.279,1.50643,1.50681,1.50,1.50
2011.09.07 10:36:13.437,1.50638,1.50674,1.50,1.50
2011.09.07 10:36:23.772,1.50638,1.5067,2.03,1.50
2011.09.07 10:36:26.461,1.50641,1.50674,1.50,3.00
2011.09.07 10:36:26.580,1.50641,1.50674,2.25,2.25
2011.09.07 10:36:26.699,1.50646,1.5068,2.25,2.25
2011.09.07 10:36:33.397,1.50644,1.50675,1.50,1.50
2011.09.07 10:36:33.515,1.50644,1.5068,1.50,2.25
2011.09.07 10:36:45.146,1.5065,1.50679,1.50,1.50
2011.09.07 10:36:45.266,1.50654,1.50684,1.50,1.50
2011.09.07 10:36:46.706,1.5065,1.50679,1.50,1.50
2011.09.07 10:36:46.828,1.50645,1.50679,1.50,1.50
2011.09.07 10:36:47.059,1.50642,1.50665,1.28,1.50
2011.09.07 10:36:47.287,1.50638,1.5067,1.50,1.50
2011.09.07 10:36:47.408,1.50639,1.50675,1.50,1.50
2011.09.07 10:36:48.229,1.50647,1.5068,1.50,1.50
2011.09.07 10:36:52.837,1.50647,1.50679,1.50,1.50
2011.09.07 10:36:53.402,1.50647,1.5068,1.50,1.50
2011.09.07 10:37:08.505,1.50647,1.50679,1.50,1.50
2011.09.07 10:37:10.016,1.50647,1.50669,1.50,1.50
2011.09.07 10:37:10.248,1.50647,1.50676,1.50,1.50
2011.09.07 10:37:11.049,1.50647,1.5068,1.50,1.50
2011.09.07 10:37:19.849,1.50636,1.50671,2.25,1.50
2011.09.07 10:37:20.894,1.50638,1.50674,2.25,1.50
2011.09.07 10:37:21.019,1.50643,1.50679,1.50,1.50
2011.09.07 10:37:21.356,1.50643,1.50676,1.50,1.50
2011.09.07 10:37:21.916,1.50643,1.50677,1.50,1.50
2011.09.07 10:37:25.975,1.50643,1.50679,1.50,1.50
2011.09.07 10:37:28.968,1.50638,1.50671,1.50,1.50
2011.09.07 10:37:29.785,1.50636,1.50671,1.50,3.00
2011.09.07 10:37:35.637,1.50637,1.50671,1.50,1.50
2011.09.07 10:37:36.732,1.50636,1.50671,1.50,1.50
2011.09.07 10:37:46.754,1.5064,1.50672,1.50,1.50
2011.09.07 10:37:46.879,1.5064,1.50675,1.50,2.25
2011.09.07 10:37:47.230,1.50639,1.50675,2.25,1.50
2011.09.07 10:37:47.347,1.50634,1.50668,3.00,1.50
2011.09.07 10:37:48.555,1.50636,1.50671,1.50,2.25
2011.09.07 10:37:48.673,1.5064,1.50678,1.50,1.50
2011.09.07 10:38:00.877,1.50642,1.50678,1.50,1.50
2011.09.07 10:38:01.328,1.50652,1.50686,3.00,2.25
2011.09.07 10:38:02.556,1.50652,1.50687,3.00,3.00
2011.09.07 10:38:03.329,1.50652,1.50686,1.50,3.75
2011.09.07 10:38:04.507,1.50652,1.50686,1.50,2.25
2011.09.07 10:38:06.298,1.50652,1.50686,2.25,1.50
2011.09.07 10:38:08.267,1.50652,1.50681,1.50,1.50
2011.09.07 10:38:10.666,1.50652,1.50682,3.00,1.50
2011.09.07 10:38:14.070,1.50662,1.50687,1.50,1.73
2011.09.07 10:38:14.409,1.50653,1.50686,2.25,1.50
2011.09.07 10:38:16.585,1.50662,1.50688,1.50,1.50
2011.09.07 10:38:16.818,1.50652,1.50687,3.75,2.25
2011.09.07 10:38:17.157,1.50662,1.50687,1.50,1.13
2011.09.07 10:38:17.606,1.50658,1.50686,1.50,1.50
2011.09.07 10:38:19.405,1.50655,1.50683,2.25,1.50
2011.09.07 10:38:19.857,1.50646,1.50676,4.50,1.50
2011.09.07 10:38:20.097,1.50646,1.50676,3.75,1.50
2011.09.07 10:38:21.891,1.50656,1.50682,1.50,2.25
2011.09.07 10:38:22.229,1.50649,1.50676,1.50,1.50
2011.09.07 10:38:22.809,1.50647,1.50676,1.50,1.50
2011.09.07 10:38:22.957,1.50646,1.50676,3.00,2.25
2011.09.07 10:38:23.297,1.50641,1.50669,3.00,1.50
2011.09.07 10:38:24.306,1.50639,1.50663,2.03,1.50
2011.09.07 10:38:24.538,1.50641,1.50669,3.00,1.50
2011.09.07 10:38:25.090,1.50641,1.50669,3.00,1.50
2011.09.07 10:38:26.610,1.50641,1.50669,3.00,1.50
2011.09.07 10:38:26.951,1.50646,1.50675,1.50,2.25
2011.09.07 10:38:27.179,1.50649,1.50676,1.50,1.50
2011.09.07 10:38:27.554,1.50651,1.50676,1.50,1.50
2011.09.07 10:38:29.160,1.50651,1.50678,1.50,1.50
2011.09.07 10:38:29.283,1.50653,1.50683,1.50,1.50
2011.09.07 10:38:34.819,1.50647,1.50683,1.50,1.50
2011.09.07 10:38:35.048,1.50647,1.50683,1.50,1.50
2011.09.07 10:38:35.496,1.50647,1.50675,1.50,1.50
2011.09.07 10:38:35.727,1.50646,1.50675,3.00,1.50
2011.09.07 10:38:37.396,1.50647,1.50676,3.00,1.50
2011.09.07 10:38:37.958,1.50648,1.50675,1.50,1.50
2011.09.07 10:38:38.628,1.50642,1.50671,2.25,1.50
2011.09.07 10:38:38.746,1.50642,1.50671,2.25,1.50
2011.09.07 10:38:39.091,1.50641,1.50669,2.25,1.50
2011.09.07 10:38:39.321,1.50646,1.50675,1.50,2.25
2011.09.07 10:38:40.187,1.50646,1.50675,2.25,2.25
2011.09.07 10:38:40.808,1.50641,1.50668,1.50,1.50
2011.09.07 10:38:41.037,1.50639,1.50668,1.50,1.50
2011.09.07 10:38:41.636,1.5064,1.50672,2.25,1.50
2011.09.07 10:38:41.867,1.50639,1.50668,1.50,1.50
2011.09.07 10:38:42.938,1.50641,1.50668,1.50,1.50
2011.09.07 10:38:43.578,1.50639,1.50668,1.50,1.50
2011.09.07 10:38:43.707,1.50636,1.50666,1.50,1.50
2011.09.07 10:38:43.833,1.5064,1.50666,1.50,1.50
2011.09.07 10:38:44.062,1.50633,1.50662,1.50,1.50
2011.09.07 10:38:44.177,1.50641,1.50666,1.50,1.50
2011.09.07 10:38:44.408,1.50631,1.50665,3.53,2.25
2011.09.07 10:38:44.530,1.50633,1.50664,1.50,1.50
2011.09.07 10:38:45.089,1.50634,1.50666,1.50,1.50
2011.09.07 10:38:45.660,1.50639,1.50672,1.50,1.50
2011.09.07 10:38:46.247,1.50641,1.50675,1.50,1.50
2011.09.07 10:38:48.078,1.50641,1.50675,1.50,1.50
2011.09.07 10:38:48.815,1.50641,1.50672,1.50,1.50
2011.09.07 10:38:50.719,1.50639,1.50672,1.50,1.50
2011.09.07 10:38:51.802,1.50639,1.50674,1.50,2.25
2011.09.07 10:38:52.908,1.50645,1.50681,1.50,1.50
2011.09.07 10:38:53.520,1.50645,1.50674,1.50,1.50
2011.09.07 10:38:54.338,1.50638,1.50674,1.50,2.25
2011.09.07 10:38:54.464,1.50636,1.50674,1.50,2.25
2011.09.07 10:38:54.590,1.50632,1.50668,1.28,3.00
2011.09.07 10:38:55.146,1.50632,1.50668,1.28,3.00
2011.09.07 10:38:55.379,1.50631,1.5066,1.50,1.50
2011.09.07 10:38:56.779,1.5063,1.50659,1.50,1.50
2011.09.07 10:38:57.539,1.50632,1.5066,1.50,1.50
2011.09.07 10:38:57.879,1.50632,1.50659,1.50,1.50
2011.09.07 10:38:58.210,1.50632,1.50659,1.50,1.50
2011.09.07 10:38:59.186,1.50631,1.5066,1.50,1.50
2011.09.07 10:39:00.190,1.50632,1.50661,1.50,1.50
2011.09.07 10:39:01.016,1.50625,1.50658,1.50,1.50
2011.09.07 10:39:01.617,1.50626,1.50659,1.50,1.50
2011.09.07 10:39:01.739,1.50619,1.50655,2.03,1.50
2011.09.07 10:39:01.967,1.50619,1.5065,2.03,1.50
2011.09.07 10:39:02.526,1.5062,1.50649,1.28,1.50
2011.09.07 10:39:03.795,1.50621,1.50649,1.50,1.50
2011.09.07 10:39:04.028,1.50624,1.50655,1.50,1.50
2011.09.07 10:39:06.287,1.5062,1.50653,1.28,1.50
2011.09.07 10:39:06.410,1.50617,1.50649,2.25,1.50
2011.09.07 10:39:06.746,1.50618,1.50649,1.50,1.50
2011.09.07 10:39:07.388,1.50617,1.50649,2.25,1.50
2011.09.07 10:39:08.488,1.50618,1.50649,1.50,1.50
2011.09.07 10:39:08.830,1.50618,1.50643,1.50,1.50
2011.09.07 10:39:08.948,1.50617,1.5065,1.50,1.50
2011.09.07 10:39:09.288,1.50618,1.5065,1.50,1.50
2011.09.07 10:39:09.626,1.50614,1.50641,1.28,2.25
2011.09.07 10:39:10.196,1.50614,1.50641,1.28,2.25
2011.09.07 10:39:10.324,1.50621,1.50655,1.50,1.50
2011.09.07 10:39:11.348,1.50614,1.5065,2.03,2.25
2011.09.07 10:39:21.647,1.5062,1.5065,1.50,1.50
2011.09.07 10:39:21.771,1.50614,1.50644,1.50,1.50
2011.09.07 10:39:22.765,1.50604,1.50633,3.53,1.09
2011.09.07 10:39:23.000,1.50601,1.5063,1.50,1.50
2011.09.07 10:39:23.557,1.50601,1.50635,1.50,3.00
2011.09.07 10:39:24.152,1.50602,1.50635,2.25,1.50
2011.09.07 10:39:24.381,1.50602,1.50642,2.25,2.25
2011.09.07 10:39:24.499,1.50604,1.50642,1.50,1.50
2011.09.07 10:39:25.570,1.50606,1.50642,1.50,1.50
2011.09.07 10:39:25.687,1.50606,1.50642,1.50,1.50
2011.09.07 10:39:26.139,1.50606,1.50642,1.50,1.50
2011.09.07 10:39:26.795,1.50606,1.50642,1.50,1.50
2011.09.07 10:39:27.740,1.50606,1.50642,1.50,1.50
2011.09.07 10:39:27.855,1.50606,1.50642,1.50,1.50
2011.09.07 10:39:27.975,1.50606,1.50642,1.50,1.50
2011.09.07 10:39:28.096,1.50606,1.50642,1.50,1.50
2011.09.07 10:39:28.441,1.50606,1.50636,1.50,1.50
2011.09.07 10:39:28.777,1.50606,1.50633,1.50,1.50
2011.09.07 10:39:29.382,1.50606,1.50642,1.50,1.50
2011.09.07 10:39:29.511,1.50604,1.50642,1.50,1.50
2011.09.07 10:39:29.631,1.50615,1.50649,1.50,2.25
2011.09.07 10:39:31.587,1.50615,1.50649,1.50,2.59
2011.09.07 10:39:31.820,1.50612,1.50645,1.50,1.50
2011.09.07 10:39:32.362,1.50612,1.50645,2.25,1.50
2011.09.07 10:39:32.495,1.5061,1.50641,1.50,1.50
2011.09.07 10:39:32.618,1.5061,1.50635,1.50,1.50
2011.09.07 10:39:33.549,1.5061,1.50641,1.50,1.50
2011.09.07 10:39:34.439,1.5061,1.50641,1.50,1.50
2011.09.07 10:39:34.610,1.50609,1.50641,1.50,1.50
2011.09.07 10:39:34.726,1.50607,1.5064,2.25,1.50
2011.09.07 10:39:35.258,1.50601,1.50624,1.28,1.50
2011.09.07 10:39:35.768,1.50596,1.5063,1.50,1.09
2011.09.07 10:39:35.998,1.50596,1.50631,1.50,3.00
2011.09.07 10:39:36.336,1.50596,1.50631,1.50,3.00
2011.09.07 10:39:36.676,1.50596,1.50631,1.50,3.00
2011.09.07 10:39:38.605,1.50596,1.50627,1.50,1.50
2011.09.07 10:39:38.727,1.50596,1.50624,1.50,1.50
2011.09.07 10:39:38.853,1.50605,1.50638,1.50,1.50
2011.09.07 10:39:39.080,1.50601,1.50638,1.50,2.25
2011.09.07 10:39:39.199,1.50599,1.50637,1.50,1.50
2011.09.07 10:39:45.701,1.50599,1.50635,1.50,1.09
2011.09.07 10:39:45.821,1.50592,1.50628,2.03,1.50
2011.09.07 10:39:46.169,1.50591,1.50615,1.28,2.25
2011.09.07 10:39:46.295,1.50586,1.50618,2.25,3.00
2011.09.07 10:39:46.422,1.50588,1.50618,1.50,3.00
2011.09.07 10:39:47.057,1.50596,1.50628,2.25,1.50
2011.09.07 10:39:47.296,1.50594,1.50624,1.50,1.50
2011.09.07 10:39:48.307,1.50596,1.50624,1.50,1.50
2011.09.07 10:39:48.430,1.50596,1.50632,1.50,1.50
2011.09.07 10:39:48.656,1.50593,1.50625,2.25,1.50
2011.09.07 10:39:48.779,1.5059,1.50625,1.50,1.50
2011.09.07 10:39:48.900,1.50589,1.50625,1.50,1.50
2011.09.07 10:39:49.515,1.50586,1.50625,1.50,2.25
2011.09.07 10:39:49.640,1.50582,1.50615,3.00,1.50
2011.09.07 10:39:49.978,1.50582,1.50615,3.00,1.50
2011.09.07 10:39:55.567,1.5059,1.50616,1.50,1.09
2011.09.07 10:39:56.289,1.50585,1.50615,2.25,1.50
2011.09.07 10:39:56.407,1.50582,1.50615,3.00,1.50
2011.09.07 10:39:57.397,1.50582,1.50615,3.00,1.50
2011.09.07 10:39:57.956,1.50582,1.50615,3.00,1.50
2011.09.07 10:39:58.187,1.50582,1.50615,2.25,1.50
2011.09.07 10:39:58.306,1.50581,1.50613,3.75,1.50
2011.09.07 10:40:00.085,1.50581,1.50608,1.50,1.50
2011.09.07 10:40:00.316,1.50582,1.50612,2.25,1.50
2011.09.07 10:40:02.448,1.50581,1.5061,2.25,1.50
2011.09.07 10:40:02.786,1.5058,1.50608,1.50,1.50
2011.09.07 10:40:02.907,1.50573,1.50605,2.25,2.25
2011.09.07 10:40:03.629,1.50573,1.50608,3.00,3.00
2011.09.07 10:40:03.755,1.50573,1.50607,2.25,2.25
2011.09.07 10:40:04.276,1.50572,1.50604,2.25,1.50
2011.09.07 10:40:04.728,1.50573,1.50604,1.50,1.50
2011.09.07 10:40:04.958,1.50572,1.50604,2.25,1.50
2011.09.07 10:40:05.150,1.50573,1.50604,1.50,1.50
2011.09.07 10:40:06.249,1.5057,1.50599,1.50,1.50
2011.09.07 10:40:06.894,1.50572,1.50604,3.00,1.50
2011.09.07 10:40:07.189,1.50573,1.50604,1.50,1.50
2011.09.07 10:40:07.459,1.50572,1.50604,3.00,1.50
2011.09.07 10:40:07.907,1.50572,1.50602,1.50,1.50
2011.09.07 10:40:09.635,1.50571,1.50608,2.25,1.50
2011.09.07 10:40:10.207,1.50573,1.50613,1.50,1.50
2011.09.07 10:40:10.326,1.50577,1.50613,1.50,1.50
2011.09.07 10:40:14.076,1.50577,1.50607,1.50,1.50
2011.09.07 10:40:16.369,1.50577,1.50605,1.50,1.50
2011.09.07 10:40:16.929,1.5057,1.50604,1.50,1.50
2011.09.07 10:40:17.378,1.5057,1.50602,1.50,1.50
2011.09.07 10:40:21.606,1.5057,1.50599,1.50,1.50
2011.09.07 10:40:21.727,1.5057,1.50602,1.50,1.50
2011.09.07 10:40:23.327,1.5057,1.50603,1.50,1.50
2011.09.07 10:40:24.577,1.5057,1.50602,1.50,1.50
2011.09.07 10:40:25.121,1.5057,1.50604,1.50,1.50
2011.09.07 10:40:26.094,1.5057,1.50596,1.50,1.50
2011.09.07 10:40:26.325,1.5057,1.50604,1.50,1.50
2011.09.07 10:40:27.528,1.5057,1.50601,1.50,1.50
2011.09.07 10:40:28.943,1.5057,1.50599,1.50,1.50
2011.09.07 10:40:29.062,1.50562,1.50599,1.50,2.25
2011.09.07 10:40:32.109,1.50562,1.50593,1.50,1.50
2011.09.07 10:40:32.662,1.50562,1.50591,1.50,1.50
2011.09.07 10:40:33.363,1.50562,1.50593,1.50,1.50
2011.09.07 10:40:33.498,1.50554,1.5059,3.53,2.25
2011.09.07 10:40:33.619,1.50554,1.50588,1.28,1.50
2011.09.07 10:40:34.176,1.50554,1.50588,1.28,1.50
2011.09.07 10:40:35.397,1.50554,1.50588,1.28,1.50
2011.09.07 10:40:38.645,1.50554,1.50588,1.28,1.50
2011.09.07 10:40:44.877,1.50555,1.50588,1.50,1.50
2011.09.07 10:40:45.435,1.50552,1.50588,1.50,1.50
2011.09.07 10:40:46.649,1.50555,1.50588,1.50,1.50
2011.09.07 10:40:47.260,1.50552,1.50588,1.50,1.50
2011.09.07 10:40:48.189,1.50555,1.50588,1.50,1.50
2011.09.07 10:40:49.387,1.50552,1.50588,1.50,1.50
2011.09.07 10:40:51.188,1.50555,1.50588,1.50,1.50
2011.09.07 10:40:51.804,1.50552,1.50588,1.50,1.50
2011.09.07 10:40:53.119,1.50555,1.50588,1.50,1.50
2011.09.07 10:40:54.011,1.50557,1.50595,1.50,1.50
2011.09.07 10:40:54.674,1.50564,1.50595,1.50,1.50
2011.09.07 10:40:54.911,1.50567,1.50603,1.50,2.25
2011.09.07 10:40:55.027,1.50574,1.50603,1.50,2.25
2011.09.07 10:40:55.151,1.50567,1.50602,3.00,1.50
2011.09.07 10:40:56.736,1.50573,1.50603,1.50,1.50
2011.09.07 10:40:57.628,1.50573,1.5061,2.25,3.00
2011.09.07 10:40:59.820,1.5058,1.5061,1.50,1.50
2011.09.07 10:41:00.048,1.5058,1.50615,2.25,2.25
2011.09.07 10:41:02.257,1.50571,1.50606,1.50,1.50
2011.09.07 10:41:02.380,1.5057,1.50606,1.50,2.25
2011.09.07 10:41:05.343,1.50577,1.50606,1.50,2.25
2011.09.07 10:41:05.788,1.5057,1.50606,1.50,2.25
2011.09.07 10:41:10.078,1.50575,1.50606,1.50,2.25
2011.09.07 10:41:11.387,1.50574,1.50607,1.50,2.25
2011.09.07 10:41:12.628,1.50575,1.50607,1.50,2.25
2011.09.07 10:41:13.022,1.50577,1.50606,1.50,2.25
2011.09.07 10:41:13.527,1.50576,1.50606,1.50,2.25
2011.09.07 10:41:14.197,1.50577,1.50606,1.50,2.25
2011.09.07 10:41:15.632,1.50581,1.50613,1.50,3.75
2011.09.07 10:41:15.750,1.50584,1.50613,1.50,2.25
2011.09.07 10:41:16.213,1.50585,1.50615,1.50,1.50
2011.09.07 10:41:16.836,1.5059,1.50616,1.50,1.50
2011.09.07 10:41:16.963,1.5059,1.50625,3.00,2.25
2011.09.07 10:41:18.357,1.50594,1.50625,1.50,2.25
2011.09.07 10:41:19.180,1.50596,1.50625,1.50,2.25
2011.09.07 10:41:20.016,1.50598,1.50625,1.50,2.25
2011.09.07 10:41:20.467,1.5059,1.50626,3.00,1.50
2011.09.07 10:41:20.586,1.50596,1.50631,1.50,1.50
2011.09.07 10:41:21.278,1.50596,1.50631,1.50,1.50
2011.09.07 10:41:21.951,1.50596,1.50632,3.00,1.50
2011.09.07 10:41:22.179,1.50604,1.50635,1.50,1.50
2011.09.07 10:41:22.300,1.50592,1.50628,1.50,2.25
2011.09.07 10:41:23.156,1.50596,1.5063,1.50,1.50
2011.09.07 10:41:23.277,1.50598,1.50636,1.50,3.00
2011.09.07 10:41:28.897,1.50598,1.50629,1.50,1.50
2011.09.07 10:41:31.846,1.50598,1.50628,1.50,1.50
2011.09.07 10:41:32.101,1.50598,1.5063,1.50,1.50
2011.09.07 10:41:32.657,1.50598,1.50629,1.50,1.50
2011.09.07 10:41:33.536,1.50597,1.50626,1.50,1.50
2011.09.07 10:41:33.656,1.5059,1.50623,2.03,1.50
2011.09.07 10:41:34.659,1.5059,1.50624,2.03,2.25
2011.09.07 10:41:35.220,1.50594,1.50626,1.50,1.50
2011.09.07 10:41:35.455,1.50591,1.50624,1.28,2.25
2011.09.07 10:41:36.243,1.50592,1.50631,3.00,2.25
2011.09.07 10:41:36.363,1.50596,1.50632,1.50,2.25
2011.09.07 10:41:36.919,1.50599,1.50633,1.50,2.25
2011.09.07 10:41:37.618,1.50604,1.50634,1.50,1.50
2011.09.07 10:41:37.958,1.50599,1.50633,1.50,2.25
2011.09.07 10:41:39.209,1.50605,1.50634,1.50,1.50
2011.09.07 10:41:39.329,1.50599,1.50633,1.50,2.25
2011.09.07 10:41:39.448,1.50606,1.50634,1.50,1.50
2011.09.07 10:41:39.568,1.50606,1.50636,2.25,2.25
2011.09.07 10:41:39.798,1.50607,1.50641,1.50,1.50
2011.09.07 10:41:40.027,1.50609,1.50641,1.50,1.50
2011.09.07 10:41:40.378,1.50603,1.50641,1.50,1.50
2011.09.07 10:41:40.717,1.50608,1.50641,1.50,1.50
2011.09.07 10:41:41.941,1.5061,1.50641,1.50,1.50
2011.09.07 10:41:42.275,1.50615,1.50641,1.50,1.50
2011.09.07 10:41:42.398,1.5061,1.50641,1.50,1.50
2011.09.07 10:41:43.881,1.50612,1.50641,1.50,1.50
2011.09.07 10:41:44.574,1.50616,1.50646,1.50,1.50
2011.09.07 10:41:44.631,1.50613,1.50642,1.50,1.50
2011.09.07 10:41:46.147,1.50614,1.50646,2.25,1.50
2011.09.07 10:41:46.710,1.50613,1.50644,1.50,1.50
2011.09.07 10:41:47.162,1.50618,1.5065,1.50,1.09
2011.09.07 10:41:47.898,1.50614,1.50644,2.25,1.50
2011.09.07 10:41:48.256,1.50613,1.50642,1.50,1.50
2011.09.07 10:41:48.907,1.50613,1.50643,1.50,1.50
2011.09.07 10:41:50.140,1.50613,1.50642,1.50,1.50
2011.09.07 10:41:50.369,1.50618,1.5065,1.50,1.09
2011.09.07 10:41:51.291,1.50621,1.50657,1.50,1.50
2011.09.07 10:41:52.879,1.50621,1.5066,1.50,2.25
2011.09.07 10:41:52.999,1.50626,1.5066,1.50,1.50
2011.09.07 10:41:53.120,1.5062,1.50643,1.50,1.50
2011.09.07 10:41:53.351,1.50616,1.50647,1.50,1.50
2011.09.07 10:41:53.469,1.50616,1.50647,1.50,2.25
2011.09.07 10:41:53.587,1.50616,1.50647,1.28,1.50
2011.09.07 10:41:54.898,1.50616,1.50646,1.28,1.50
2011.09.07 10:41:56.816,1.50619,1.50651,1.50,1.50
2011.09.07 10:41:57.598,1.50614,1.50646,2.25,1.50
2011.09.07 10:41:58.581,1.50613,1.50645,3.00,1.50
2011.09.07 10:41:58.923,1.50613,1.50642,1.50,1.50
2011.09.07 10:41:59.387,1.50609,1.50642,2.25,3.00
2011.09.07 10:41:59.510,1.50601,1.50632,2.03,1.50
2011.09.07 10:41:59.628,1.50601,1.50632,1.50,1.50
2011.09.07 10:42:01.951,1.50599,1.50633,1.50,2.25
2011.09.07 10:42:03.221,1.50605,1.50635,1.50,3.00
2011.09.07 10:42:03.776,1.50604,1.50635,1.50,1.50
2011.09.07 10:42:04.116,1.50599,1.50632,1.50,1.50
2011.09.07 10:42:07.890,1.50599,1.50633,1.50,2.25
2011.09.07 10:42:08.897,1.50601,1.50632,1.50,1.50
2011.09.07 10:42:09.455,1.50599,1.50633,1.50,2.25
2011.09.07 10:42:11.216,1.50601,1.50633,1.50,2.25
2011.09.07 10:42:12.305,1.50599,1.50631,1.50,1.50
2011.09.07 10:42:12.537,1.50601,1.50635,1.50,1.50
2011.09.07 10:42:13.100,1.50606,1.50642,2.25,1.50
2011.09.07 10:42:13.767,1.50611,1.50646,1.50,2.25
2011.09.07 10:42:14.730,1.50619,1.50651,2.25,1.50
2011.09.07 10:42:15.076,1.50613,1.50643,1.50,1.50
2011.09.07 10:42:15.419,1.50608,1.50642,1.50,1.50
2011.09.07 10:42:15.651,1.50604,1.50642,2.78,2.25
2011.09.07 10:42:15.773,1.50604,1.5064,2.25,1.50
2011.09.07 10:42:15.887,1.50605,1.50636,1.50,1.50
2011.09.07 10:42:17.042,1.50604,1.50636,2.25,1.50
2011.09.07 10:42:18.679,1.50604,1.50634,2.25,1.50
2011.09.07 10:42:19.033,1.50594,1.50626,1.50,2.25
2011.09.07 10:42:19.868,1.50599,1.50635,1.50,1.50
2011.09.07 10:42:20.967,1.50593,1.50634,3.00,1.50
2011.09.07 10:42:21.088,1.50593,1.50629,3.53,1.50
2011.09.07 10:42:21.315,1.50595,1.50629,1.50,1.50
2011.09.07 10:42:21.438,1.50593,1.50629,3.00,1.50
2011.09.07 10:42:25.278,1.50587,1.50623,1.50,1.50
2011.09.07 10:42:35.846,1.50587,1.50621,1.50,1.50
2011.09.07 10:42:37.130,1.5058,1.50616,1.50,1.50
2011.09.07 10:42:37.469,1.50586,1.50619,1.50,1.50
2011.09.07 10:42:38.260,1.5058,1.50618,2.03,1.50
2011.09.07 10:42:46.388,1.50579,1.50618,2.25,2.25
2011.09.07 10:42:46.948,1.50579,1.50611,1.50,1.50
2011.09.07 10:42:47.289,1.50582,1.50611,1.50,1.50
2011.09.07 10:42:47.521,1.50579,1.50611,1.50,1.50
2011.09.07 10:42:50.131,1.50581,1.50611,1.50,1.50
2011.09.07 10:42:50.699,1.50583,1.50611,1.50,1.50
2011.09.07 10:42:51.360,1.50581,1.50611,1.50,1.50
2011.09.07 10:42:51.997,1.50582,1.50611,1.50,1.50
2011.09.07 10:42:52.230,1.50584,1.50611,1.50,1.50
2011.09.07 10:42:52.987,1.50583,1.50611,1.50,1.50
2011.09.07 10:42:57.237,1.50581,1.50611,1.50,1.50
2011.09.07 10:42:57.758,1.50582,1.50611,1.50,1.50
2011.09.07 10:42:59.031,1.50585,1.50619,3.00,2.25
2011.09.07 10:43:00.828,1.50585,1.50619,3.00,2.25
2011.09.07 10:43:01.997,1.50585,1.50619,3.00,2.25
2011.09.07 10:43:02.388,1.50585,1.50616,2.25,1.50
2011.09.07 10:43:03.082,1.50585,1.50615,2.25,1.50
2011.09.07 10:43:09.547,1.50587,1.50615,1.50,1.50
2011.09.07 10:43:11.350,1.50589,1.50615,2.25,1.50
2011.09.07 10:43:11.700,1.50589,1.50615,1.50,1.50
2011.09.07 10:43:11.927,1.50586,1.50615,2.25,1.50
2011.09.07 10:43:12.888,1.50581,1.50615,3.00,1.50
2011.09.07 10:43:13.117,1.50592,1.50615,1.50,1.50
2011.09.07 10:43:13.349,1.50581,1.50615,2.25,1.50
2011.09.07 10:43:13.577,1.50586,1.50615,1.50,1.50
2011.09.07 10:43:18.707,1.50586,1.50618,2.25,2.25
2011.09.07 10:43:18.833,1.50586,1.50618,1.50,1.50
2011.09.07 10:43:19.388,1.50586,1.50619,1.50,1.50
2011.09.07 10:43:19.508,1.50579,1.50617,3.00,1.50
2011.09.07 10:43:20.912,1.50579,1.50617,3.00,1.50
2011.09.07 10:43:22.877,1.50587,1.50617,1.50,1.50
2011.09.07 10:43:23.106,1.50579,1.50617,3.00,1.50
2011.09.07 10:43:25.850,1.50579,1.50614,2.25,1.50
2011.09.07 10:43:25.969,1.50579,1.50608,1.50,1.50
2011.09.07 10:43:29.991,1.50582,1.50608,1.50,1.50
2011.09.07 10:43:31.029,1.50568,1.506,1.50,1.50
2011.09.07 10:43:31.148,1.50565,1.506,1.28,1.50
2011.09.07 10:43:31.708,1.50562,1.50596,1.50,1.50
2011.09.07 10:43:33.964,1.50554,1.50589,2.03,2.25
2011.09.07 10:43:35.410,1.50559,1.50592,1.50,1.50
2011.09.07 10:43:36.461,1.50559,1.50586,1.50,1.50
2011.09.07 10:43:36.582,1.50563,1.50599,1.50,3.00
2011.09.07 10:43:37.921,1.50563,1.5059,2.25,1.50
2011.09.07 10:43:38.152,1.50549,1.50586,2.25,1.50
2011.09.07 10:43:38.269,1.50548,1.50572,1.50,1.50
2011.09.07 10:43:38.498,1.50548,1.50578,1.50,1.50
2011.09.07 10:43:38.618,1.50543,1.50578,2.25,2.25
2011.09.07 10:43:39.281,1.50541,1.50572,1.50,1.50
2011.09.07 10:43:39.397,1.50537,1.50571,1.28,1.50
2011.09.07 10:43:40.003,1.50537,1.50571,1.28,1.50
2011.09.07 10:43:41.057,1.50537,1.5057,1.28,2.25
2011.09.07 10:43:42.046,1.50537,1.5057,1.28,2.25
2011.09.07 10:43:42.686,1.50541,1.50575,2.25,1.50
2011.09.07 10:43:42.912,1.50527,1.50563,3.00,1.50
2011.09.07 10:43:43.359,1.50529,1.50566,2.25,2.25
2011.09.07 10:43:43.479,1.50532,1.50566,1.50,1.50
2011.09.07 10:43:44.954,1.50533,1.50564,2.25,1.50
2011.09.07 10:43:45.297,1.5054,1.50559,1.50,1.50
2011.09.07 10:43:45.860,1.50524,1.50559,1.28,1.50
2011.09.07 10:43:46.446,1.50523,1.50559,1.50,1.50
2011.09.07 10:43:47.554,1.50534,1.50568,1.50,1.84
2011.09.07 10:43:48.451,1.5054,1.50575,1.50,1.50
2011.09.07 10:43:49.008,1.5054,1.50576,1.50,3.00
2011.09.07 10:43:50.917,1.50543,1.50576,1.50,1.50
2011.09.07 10:43:51.042,1.50547,1.50582,1.50,1.50
2011.09.07 10:43:51.272,1.50547,1.50575,1.50,1.50
2011.09.07 10:43:51.394,1.50539,1.50575,1.50,2.25
2011.09.07 10:43:54.849,1.50547,1.50577,1.50,3.00
2011.09.07 10:43:55.574,1.5054,1.50575,2.25,2.25
2011.09.07 10:43:55.691,1.50548,1.50577,1.50,1.50
2011.09.07 10:43:55.810,1.50543,1.50576,1.50,2.25
2011.09.07 10:43:56.039,1.50547,1.50582,2.25,1.50
2011.09.07 10:43:56.490,1.50553,1.50582,1.50,1.50
2011.09.07 10:43:56.720,1.50546,1.50582,1.50,1.50
2011.09.07 10:43:58.811,1.50545,1.50575,1.50,1.50
2011.09.07 10:43:59.040,1.50541,1.50575,1.50,1.50
2011.09.07 10:43:59.709,1.50542,1.50575,1.50,1.50
2011.09.07 10:43:59.942,1.50548,1.50575,1.50,1.50
2011.09.07 10:44:00.291,1.50544,1.50575,1.50,1.50
2011.09.07 10:44:00.411,1.50541,1.50573,1.50,1.50
2011.09.07 10:44:01.201,1.50539,1.50572,1.50,1.50
2011.09.07 10:44:01.318,1.50548,1.50575,1.50,1.50
2011.09.07 10:44:01.659,1.50541,1.50571,1.50,1.50
2011.09.07 10:44:02.107,1.50538,1.5057,1.50,1.50
2011.09.07 10:44:03.001,1.50539,1.5057,1.50,1.50
2011.09.07 10:44:03.709,1.50527,1.50563,1.28,1.50
2011.09.07 10:44:05.141,1.50529,1.50563,1.50,1.50
2011.09.07 10:44:06.236,1.5053,1.50563,1.50,1.50
2011.09.07 10:44:08.011,1.50527,1.50563,3.00,1.50
2011.09.07 10:44:08.131,1.50525,1.50563,1.50,1.50
2011.09.07 10:44:09.074,1.50542,1.50572,1.50,1.50
2011.09.07 10:44:11.840,1.50536,1.50572,1.50,1.50
2011.09.07 10:44:12.554,1.50544,1.50572,1.50,1.50
2011.09.07 10:44:12.670,1.50536,1.50572,1.50,1.50
2011.09.07 10:44:12.898,1.50544,1.50572,1.50,1.50
2011.09.07 10:44:13.678,1.50544,1.50578,1.50,1.50
2011.09.07 10:44:15.578,1.50535,1.50571,2.03,1.50
2011.09.07 10:44:17.251,1.50538,1.50571,1.50,1.50
2011.09.07 10:44:17.480,1.50535,1.50571,2.03,1.50
2011.09.07 10:44:18.623,1.5054,1.50578,1.50,1.50
2011.09.07 10:44:20.129,1.50546,1.50584,1.50,2.25
2011.09.07 10:44:20.611,1.50546,1.50579,1.50,1.50
2011.09.07 10:44:20.728,1.5054,1.50578,3.00,1.50
2011.09.07 10:44:21.448,1.50541,1.50571,1.50,1.50
2011.09.07 10:44:21.576,1.50542,1.50575,2.25,2.25
2011.09.07 10:44:21.711,1.50544,1.50575,1.50,1.50
2011.09.07 10:44:22.054,1.50556,1.50576,1.50,1.50
2011.09.07 10:44:22.408,1.50557,1.50591,2.25,1.50
2011.09.07 10:44:22.751,1.50559,1.50592,1.50,1.50
2011.09.07 10:44:24.105,1.50559,1.50584,1.50,1.50
2011.09.07 10:44:24.225,1.50544,1.50572,1.50,1.50
2011.09.07 10:44:24.349,1.50537,1.50569,1.28,1.50
2011.09.07 10:44:24.468,1.50536,1.50569,1.50,1.50
2011.09.07 10:44:24.591,1.50536,1.50565,1.50,1.50
2011.09.07 10:44:24.712,1.50529,1.50565,2.03,3.00
2011.09.07 10:44:25.600,1.50524,1.50565,3.00,1.50
2011.09.07 10:44:25.721,1.50523,1.50559,3.00,1.50
2011.09.07 10:44:27.407,1.50526,1.50559,1.50,1.50
2011.09.07 10:44:27.763,1.50522,1.50555,1.50,1.50
2011.09.07 10:44:28.109,1.5053,1.50568,1.50,1.50
2011.09.07 10:44:32.077,1.50537,1.50573,1.50,1.50
2011.09.07 10:44:33.439,1.50532,1.50565,1.50,1.50
2011.09.07 10:44:34.299,1.50531,1.50565,2.25,1.50
2011.09.07 10:44:40.993,1.50529,1.50556,1.50,1.50
2011.09.07 10:44:41.221,1.50523,1.50558,2.25,2.25
2011.09.07 10:44:41.557,1.50523,1.50558,2.25,1.50
2011.09.07 10:44:41.902,1.50538,1.50567,2.25,1.09
2011.09.07 10:44:42.458,1.50537,1.5057,1.50,2.59
2011.09.07 10:44:43.398,1.50538,1.50571,2.25,3.00
2011.09.07 10:44:44.381,1.50539,1.50573,2.25,1.50
2011.09.07 10:44:45.642,1.5053,1.50566,1.50,1.09
2011.09.07 10:44:46.360,1.5053,1.50556,1.50,1.50
2011.09.07 10:44:46.587,1.50522,1.50556,1.50,1.50
2011.09.07 10:44:48.333,1.50522,1.5056,1.50,1.50
2011.09.07 10:44:49.437,1.50524,1.50562,1.50,1.50
2011.09.07 10:44:49.563,1.50529,1.50564,1.50,3.00
2011.09.07 10:44:50.108,1.50529,1.50564,1.50,3.00
2011.09.07 10:44:50.687,1.50529,1.50564,1.50,1.50
2011.09.07 10:44:52.046,1.50529,1.50564,1.50,3.00
2011.09.07 10:44:53.970,1.50529,1.50564,1.50,3.00
2011.09.07 10:44:54.639,1.50529,1.50565,1.50,3.00
2011.09.07 10:44:56.433,1.5053,1.50571,1.50,2.25
2011.09.07 10:44:56.576,1.50535,1.5057,1.50,1.50
2011.09.07 10:44:57.098,1.50536,1.5057,1.50,1.50
2011.09.07 10:44:57.443,1.5054,1.50574,1.50,2.25
2011.09.07 10:44:57.781,1.50527,1.50561,1.50,1.50
2011.09.07 10:44:58.799,1.50534,1.5057,1.50,3.00
2011.09.07 10:44:59.151,1.50539,1.5057,1.50,1.50
2011.09.07 10:44:59.722,1.50541,1.50571,1.50,2.25
2011.09.07 10:44:59.950,1.50541,1.50577,1.50,1.50
2011.09.07 10:45:00.069,1.50547,1.50581,3.00,1.50
2011.09.07 10:45:00.296,1.50547,1.50572,1.50,1.50
2011.09.07 10:45:01.256,1.50543,1.50572,1.50,1.50
2011.09.07 10:45:01.483,1.50543,1.50578,3.00,2.25
2011.09.07 10:45:02.034,1.50552,1.50578,2.25,1.50
2011.09.07 10:45:04.287,1.50553,1.50582,1.50,1.50
2011.09.07 10:45:07.046,1.50551,1.50577,2.25,1.50
2011.09.07 10:45:07.387,1.50552,1.5058,2.25,1.50
2011.09.07 10:45:07.841,1.50549,1.50573,1.50,1.50
2011.09.07 10:45:07.961,1.50556,1.50579,1.50,1.50
2011.09.07 10:45:08.080,1.50556,1.50585,1.50,1.50
2011.09.07 10:45:08.707,1.50556,1.50585,1.50,1.50
2011.09.07 10:45:09.359,1.50562,1.50586,1.50,1.50
2011.09.07 10:45:09.916,1.50562,1.50585,1.50,1.50
2011.09.07 10:45:10.476,1.50562,1.50591,1.50,1.50
2011.09.07 10:45:11.257,1.50558,1.5059,1.50,1.50
2011.09.07 10:45:11.379,1.50554,1.50589,1.50,2.25
2011.09.07 10:45:12.071,1.50558,1.5059,1.50,1.50
2011.09.07 10:45:13.000,1.50557,1.5059,1.50,1.50
2011.09.07 10:45:13.558,1.50557,1.50588,1.50,1.50
2011.09.07 10:45:13.898,1.50554,1.50585,1.50,1.50
2011.09.07 10:45:14.129,1.50548,1.50584,1.50,1.50
2011.09.07 10:45:14.249,1.50546,1.5058,1.50,2.25
2011.09.07 10:45:14.370,1.50541,1.50576,2.03,1.50
2011.09.07 10:45:14.490,1.50541,1.50574,2.03,1.09
2011.09.07 10:45:15.212,1.5054,1.50569,1.50,1.50
2011.09.07 10:45:15.342,1.50534,1.50569,1.50,2.25
2011.09.07 10:45:17.500,1.50539,1.5057,1.50,1.50
2011.09.07 10:45:17.741,1.50539,1.50572,1.88,1.50
2011.09.07 10:45:18.362,1.50542,1.50577,1.13,1.50
2011.09.07 10:45:19.701,1.50544,1.50577,1.88,1.50
2011.09.07 10:45:20.039,1.50543,1.50577,1.50,1.50
2011.09.07 10:45:20.878,1.50544,1.50577,1.50,1.50
2011.09.07 10:45:20.998,1.50547,1.50579,1.50,2.25
2011.09.07 10:45:21.121,1.50551,1.50581,1.50,1.50
2011.09.07 10:45:21.242,1.50553,1.50589,1.28,1.50
2011.09.07 10:45:21.361,1.50556,1.50588,1.50,1.50
2011.09.07 10:45:21.479,1.50552,1.50586,1.28,1.50
2011.09.07 10:45:21.931,1.50552,1.50578,1.28,1.50
2011.09.07 10:45:22.971,1.50546,1.50579,1.28,2.25
2011.09.07 10:45:23.538,1.50546,1.50579,1.28,2.25
2011.09.07 10:45:23.988,1.50545,1.50579,1.28,3.00
2011.09.07 10:45:24.219,1.50544,1.50574,1.50,1.50
2011.09.07 10:45:24.556,1.50539,1.50574,1.28,1.50
2011.09.07 10:45:26.899,1.50539,1.50574,1.28,1.50
2011.09.07 10:45:28.266,1.50539,1.50574,1.28,1.50
2011.09.07 10:45:30.088,1.50539,1.50574,1.28,1.50
2011.09.07 10:45:31.175,1.50539,1.50566,1.28,1.50
2011.09.07 10:45:32.033,1.50539,1.50566,1.28,1.50
2011.09.07 10:45:32.153,1.50539,1.50574,1.28,1.50
2011.09.07 10:45:32.929,1.50539,1.50574,1.28,1.50
2011.09.07 10:45:33.790,1.50539,1.50574,1.28,1.50
2011.09.07 10:45:34.457,1.50539,1.50574,1.28,1.50
2011.09.07 10:45:35.725,1.50539,1.50574,2.78,1.50
2011.09.07 10:45:36.346,1.50539,1.50574,1.28,1.50
2011.09.07 10:45:36.864,1.5055,1.50588,1.50,1.50
2011.09.07 10:45:38.394,1.50552,1.50589,1.50,2.25
2011.09.07 10:45:38.506,1.50556,1.50589,1.50,1.50
2011.09.07 10:45:39.108,1.50556,1.5059,1.50,1.50
2011.09.07 10:45:42.307,1.50556,1.50591,1.88,1.50
2011.09.07 10:45:43.059,1.50556,1.5059,1.88,1.50
2011.09.07 10:45:43.300,1.50558,1.50594,1.13,1.50
2011.09.07 10:45:44.022,1.50569,1.50605,1.50,2.25
2011.09.07 10:45:45.699,1.50565,1.50604,1.28,3.00
2011.09.07 10:45:46.148,1.50564,1.50599,1.28,1.50
2011.09.07 10:45:47.639,1.50561,1.50597,1.28,1.50
2011.09.07 10:45:48.088,1.5056,1.50596,1.28,1.50
2011.09.07 10:45:48.648,1.5056,1.50596,1.28,1.50
2011.09.07 10:45:49.711,1.5056,1.50596,1.28,1.50
2011.09.07 10:45:50.047,1.50573,1.50606,2.25,1.50
2011.09.07 10:45:51.660,1.50584,1.50606,1.50,1.50
2011.09.07 10:45:52.132,1.50593,1.50629,2.25,1.50
2011.09.07 10:45:52.761,1.506,1.50624,1.50,1.50
2011.09.07 10:45:52.883,1.50607,1.50639,2.25,1.50
2011.09.07 10:45:53.108,1.50606,1.50644,1.50,1.50
2011.09.07 10:45:53.337,1.50611,1.50644,1.50,1.50
2011.09.07 10:45:53.678,1.5062,1.50651,1.50,1.50
2011.09.07 10:45:54.018,1.50625,1.50658,1.50,1.50
2011.09.07 10:45:54.372,1.50627,1.50658,1.50,1.50
2011.09.07 10:45:54.603,1.50621,1.50657,2.25,2.25
2011.09.07 10:45:55.351,1.50627,1.50665,1.50,1.50
2011.09.07 10:45:56.970,1.50634,1.50665,1.50,1.50
2011.09.07 10:45:57.418,1.50628,1.50657,2.25,1.50
2011.09.07 10:46:00.582,1.5063,1.50658,1.50,1.50
2011.09.07 10:46:01.607,1.50635,1.50661,1.50,1.50
2011.09.07 10:46:01.739,1.5063,1.50658,1.50,1.50
2011.09.07 10:46:02.481,1.50627,1.50658,3.00,1.50
2011.09.07 10:46:02.989,1.5063,1.50658,1.50,1.50
2011.09.07 10:46:03.219,1.5063,1.50658,1.50,1.84
2011.09.07 10:46:03.565,1.50621,1.50654,2.41,3.34
2011.09.07 10:46:05.177,1.50627,1.50654,1.50,1.84
2011.09.07 10:46:05.518,1.50627,1.50657,1.50,1.50
2011.09.07 10:46:05.636,1.50625,1.50654,1.28,1.50
2011.09.07 10:46:05.978,1.50625,1.50654,1.28,1.50
2011.09.07 10:46:06.431,1.50625,1.50646,1.28,1.50
2011.09.07 10:46:06.784,1.50603,1.50624,2.03,1.50
2011.09.07 10:46:07.375,1.50594,1.50623,1.66,1.50
2011.09.07 10:46:07.495,1.50588,1.50622,2.78,1.50
2011.09.07 10:46:07.731,1.50589,1.50622,1.50,1.50
2011.09.07 10:46:08.072,1.50594,1.50621,1.50,1.13
2011.09.07 10:46:08.415,1.50581,1.50609,1.28,1.50
2011.09.07 10:46:08.642,1.50581,1.50611,1.28,1.50
2011.09.07 10:46:09.514,1.50581,1.50617,1.28,1.50
2011.09.07 10:46:09.858,1.50579,1.50617,1.50,3.00
2011.09.07 10:46:10.087,1.50586,1.50619,1.50,1.50
2011.09.07 10:46:11.283,1.5058,1.50616,1.50,1.50
2011.09.07 10:46:12.898,1.50581,1.50622,3.38,2.25
2011.09.07 10:46:13.019,1.50587,1.50622,1.50,2.25
2011.09.07 10:46:14.563,1.5059,1.50625,1.28,1.50
2011.09.07 10:46:15.146,1.5059,1.50625,1.28,1.50
2011.09.07 10:46:15.710,1.5059,1.50625,1.28,1.50
2011.09.07 10:46:16.376,1.50588,1.50625,2.78,1.50
2011.09.07 10:46:17.061,1.50594,1.50628,1.50,1.50
2011.09.07 10:46:17.639,1.50594,1.50629,1.50,2.25
2011.09.07 10:46:18.433,1.50597,1.50629,1.50,2.25
2011.09.07 10:46:18.775,1.50606,1.50635,1.50,1.50
2011.09.07 10:46:18.899,1.50606,1.50635,2.25,1.50
2011.09.07 10:46:19.130,1.50612,1.50644,1.50,2.59
2011.09.07 10:46:20.109,1.50606,1.50635,1.50,1.50
2011.09.07 10:46:21.031,1.50606,1.50635,1.50,2.59
2011.09.07 10:46:21.151,1.50598,1.50631,2.41,3.00
2011.09.07 10:46:21.271,1.50599,1.5063,2.03,1.09
2011.09.07 10:46:22.450,1.50597,1.50625,1.50,1.50
2011.09.07 10:46:22.568,1.50593,1.50624,1.50,1.50
2011.09.07 10:46:22.688,1.50593,1.50624,1.50,1.84
2011.09.07 10:46:22.808,1.50593,1.50617,1.50,1.50
2011.09.07 10:46:22.929,1.50587,1.50617,2.03,3.00
2011.09.07 10:46:23.159,1.50584,1.50612,2.03,1.50
2011.09.07 10:46:23.388,1.50584,1.50617,2.03,1.50
2011.09.07 10:46:23.861,1.50587,1.50622,2.78,1.50
2011.09.07 10:46:23.980,1.50593,1.5063,2.25,1.84
2011.09.07 10:46:24.555,1.50594,1.5063,1.50,1.09
2011.09.07 10:46:29.400,1.50596,1.50629,1.28,1.09
2011.09.07 10:46:29.522,1.50589,1.50623,2.41,1.50
2011.09.07 10:46:30.230,1.50594,1.50626,1.28,1.50
2011.09.07 10:46:30.578,1.50594,1.50628,1.28,1.09
2011.09.07 10:46:31.409,1.50599,1.50635,1.50,3.00
2011.09.07 10:46:33.239,1.50601,1.50633,2.25,1.09
2011.09.07 10:46:33.992,1.50596,1.50621,1.28,1.50
2011.09.07 10:46:34.115,1.50595,1.50631,2.03,1.09
2011.09.07 10:46:34.354,1.50601,1.50631,1.50,1.09
2011.09.07 10:46:34.700,1.50588,1.50611,2.03,1.50
2011.09.07 10:46:35.038,1.50582,1.50611,2.03,1.50
2011.09.07 10:46:35.602,1.50587,1.50622,2.25,3.00
2011.09.07 10:46:35.940,1.50581,1.50612,1.50,1.50
2011.09.07 10:46:39.454,1.50581,1.50599,1.50,1.09
2011.09.07 10:46:40.110,1.50573,1.50595,2.03,1.50
2011.09.07 10:46:40.243,1.5057,1.50592,1.50,1.50
2011.09.07 10:46:40.468,1.5057,1.50602,1.50,1.50
2011.09.07 10:46:40.591,1.5057,1.50607,1.50,2.25
2011.09.07 10:46:40.708,1.5057,1.50607,2.25,1.50
2011.09.07 10:46:41.159,1.50583,1.50619,1.50,1.50
2011.09.07 10:46:42.870,1.50583,1.5061,1.50,1.50
2011.09.07 10:46:43.217,1.50571,1.50601,2.03,2.25
2011.09.07 10:46:44.229,1.50571,1.50601,2.03,2.25
2011.09.07 10:46:45.070,1.50576,1.50609,2.25,1.09
2011.09.07 10:46:48.616,1.5058,1.5061,1.50,3.00
2011.09.07 10:46:48.740,1.50575,1.5061,2.25,3.00
2011.09.07 10:46:50.157,1.50575,1.50608,2.25,1.09
2011.09.07 10:46:50.497,1.5057,1.50602,2.03,3.00
2011.09.07 10:46:52.117,1.5057,1.50602,2.03,3.00
2011.09.07 10:46:53.513,1.5057,1.50589,2.03,1.50
2011.09.07 10:46:54.321,1.50557,1.50586,2.03,2.25
2011.09.07 10:46:55.099,1.50554,1.50589,1.28,1.50
2011.09.07 10:46:55.223,1.50568,1.50594,1.50,1.50
2011.09.07 10:46:55.338,1.50564,1.50594,1.50,1.50
2011.09.07 10:46:55.569,1.50564,1.50588,1.50,1.50
2011.09.07 10:46:55.798,1.50564,1.50594,2.25,1.50
2011.09.07 10:46:56.252,1.50564,1.50592,1.50,1.50
2011.09.07 10:46:56.370,1.50564,1.50593,1.50,1.50
2011.09.07 10:46:56.490,1.50558,1.50591,1.28,2.25
2011.09.07 10:46:57.394,1.50558,1.50586,2.03,1.50
2011.09.07 10:46:57.511,1.50558,1.50586,1.50,1.50
2011.09.07 10:47:00.420,1.50554,1.50586,1.50,1.50
2011.09.07 10:47:01.461,1.50567,1.50601,1.50,2.25
2011.09.07 10:47:02.632,1.50576,1.50601,1.50,1.50
2011.09.07 10:47:04.742,1.50572,1.50599,1.50,1.84
2011.09.07 10:47:05.083,1.50552,1.50582,1.50,2.25
2011.09.07 10:47:05.311,1.50552,1.50582,1.50,3.00
2011.09.07 10:47:05.432,1.50542,1.50571,1.28,1.50
2011.09.07 10:47:05.880,1.5054,1.50571,1.28,1.50
2011.09.07 10:47:06.440,1.50538,1.50571,1.50,1.50
2011.09.07 10:47:06.562,1.50533,1.50567,1.28,1.50
2011.09.07 10:47:07.296,1.50528,1.50556,2.03,3.00
2011.09.07 10:47:08.747,1.50529,1.50556,2.03,1.50
2011.09.07 10:47:09.888,1.50528,1.50556,2.03,1.50
2011.09.07 10:47:12.082,1.50533,1.50558,1.28,1.50
2011.09.07 10:47:12.204,1.50534,1.50563,2.03,1.50
2011.09.07 10:47:12.324,1.50536,1.50563,1.28,1.50
2011.09.07 10:47:12.442,1.50539,1.50568,1.50,1.50
2011.09.07 10:47:12.563,1.50533,1.50568,1.28,1.50
2011.09.07 10:47:12.681,1.50538,1.5057,1.50,1.84
2011.09.07 10:47:13.434,1.5054,1.50571,1.13,1.84
2011.09.07 10:47:13.671,1.50561,1.50591,1.50,2.25
2011.09.07 10:47:13.792,1.50561,1.50592,1.50,1.88
2011.09.07 10:47:13.910,1.50561,1.50591,1.50,1.09
2011.09.07 10:47:14.261,1.50544,1.50577,1.28,1.09
2011.09.07 10:47:14.604,1.50536,1.50563,1.28,1.50
2011.09.07 10:47:14.833,1.50536,1.50572,1.28,1.50
2011.09.07 10:47:14.955,1.50536,1.50576,1.28,1.50
2011.09.07 10:47:21.408,1.50538,1.5057,1.28,2.25
2011.09.07 10:47:22.271,1.50539,1.50571,1.50,2.25
2011.09.07 10:47:27.677,1.50539,1.50571,2.25,2.25
2011.09.07 10:47:27.798,1.50539,1.50571,1.50,2.25
2011.09.07 10:47:32.004,1.50539,1.50571,2.25,2.25
2011.09.07 10:47:32.227,1.50539,1.50571,1.50,2.25
2011.09.07 10:47:38.010,1.50531,1.50566,1.28,1.50
2011.09.07 10:47:38.349,1.50531,1.50557,1.28,1.50
2011.09.07 10:47:38.901,1.50531,1.50557,1.28,1.50
2011.09.07 10:47:39.568,1.50531,1.50557,1.28,1.50
2011.09.07 10:47:40.370,1.50533,1.50564,2.03,2.25
2011.09.07 10:47:40.995,1.50533,1.50564,2.78,1.50
2011.09.07 10:47:41.127,1.50539,1.50579,2.25,1.50
2011.09.07 10:47:41.252,1.50545,1.50585,1.50,3.00
2011.09.07 10:47:41.372,1.50552,1.50586,3.00,3.00
2011.09.07 10:47:50.549,1.50554,1.50586,1.50,2.25
2011.09.07 10:47:50.671,1.50552,1.50586,3.00,2.25
2011.09.07 10:47:51.463,1.50553,1.50585,2.25,1.50
2011.09.07 10:47:52.029,1.50553,1.50585,1.50,2.25
2011.09.07 10:47:52.151,1.50548,1.50577,2.03,1.50
2011.09.07 10:47:52.846,1.50548,1.50577,2.03,1.50
2011.09.07 10:47:53.517,1.50548,1.50577,2.03,1.50
2011.09.07 10:47:54.532,1.50548,1.50577,2.03,1.50
2011.09.07 10:47:55.110,1.50548,1.50577,2.03,1.50
2011.09.07 10:47:56.448,1.50548,1.50577,2.03,1.50
2011.09.07 10:47:57.218,1.50548,1.50577,2.03,1.50
2011.09.07 10:47:57.558,1.50544,1.50572,1.50,2.25
2011.09.07 10:47:58.084,1.50544,1.50564,1.50,1.50
2011.09.07 10:47:58.528,1.5053,1.50564,1.28,1.50
2011.09.07 10:47:59.118,1.5053,1.50564,1.28,1.50
2011.09.07 10:48:00.011,1.50529,1.50557,3.53,1.50
2011.09.07 10:48:01.048,1.50529,1.50557,3.53,1.50
2011.09.07 10:48:01.173,1.50529,1.50558,2.03,1.50
2011.09.07 10:48:01.622,1.50535,1.50558,1.50,1.50
2011.09.07 10:48:02.178,1.50529,1.50558,2.03,1.50
2011.09.07 10:48:02.522,1.50529,1.50564,1.28,1.50
2011.09.07 10:48:03.770,1.50529,1.50564,2.78,1.50
2011.09.07 10:48:04.339,1.50529,1.50564,2.78,1.50
2011.09.07 10:48:05.258,1.50529,1.50564,2.78,1.50
2011.09.07 10:48:07.729,1.50529,1.50564,3.53,1.50
2011.09.07 10:48:08.070,1.5054,1.50572,1.28,2.25
2011.09.07 10:48:08.520,1.5054,1.50572,1.28,2.59
2011.09.07 10:48:09.533,1.5054,1.50572,1.28,2.73
2011.09.07 10:48:09.647,1.5054,1.50572,1.28,2.59
2011.09.07 10:48:09.767,1.5054,1.50572,1.28,2.73
2011.09.07 10:48:10.327,1.50539,1.50572,1.28,2.59
2011.09.07 10:48:15.853,1.50538,1.50569,2.03,1.50
2011.09.07 10:48:16.633,1.50534,1.50566,1.28,1.50
2011.09.07 10:48:17.001,1.50541,1.50577,2.25,1.50
2011.09.07 10:48:17.230,1.50541,1.50561,1.50,1.50
2011.09.07 10:48:17.970,1.50532,1.50561,2.41,1.50
2011.09.07 10:48:18.526,1.50532,1.50561,2.41,1.50
2011.09.07 10:48:18.914,1.50532,1.50568,3.16,1.50
2011.09.07 10:48:19.517,1.5053,1.50561,2.41,1.50
2011.09.07 10:48:20.368,1.5053,1.50561,2.78,1.50
2011.09.07 10:48:21.041,1.50532,1.50561,2.41,1.50
2011.09.07 10:48:22.217,1.5053,1.50559,1.28,1.50
2011.09.07 10:48:22.856,1.5053,1.50561,1.28,1.50
2011.09.07 10:48:23.530,1.50531,1.50561,2.41,1.50
2011.09.07 10:48:25.738,1.5053,1.50561,2.41,1.50
2011.09.07 10:48:26.349,1.5053,1.50561,1.28,3.00
2011.09.07 10:48:26.997,1.50528,1.5056,3.91,2.25
2011.09.07 10:48:27.649,1.50533,1.50567,1.28,2.25
2011.09.07 10:48:27.769,1.50532,1.50567,2.03,3.00
2011.09.07 10:48:28.628,1.5053,1.50559,2.03,1.50
2011.09.07 10:48:29.504,1.50531,1.50557,1.28,1.50
2011.09.07 10:48:29.836,1.50534,1.50566,2.03,3.00
2011.09.07 10:48:30.390,1.50536,1.50566,1.28,1.50
2011.09.07 10:48:30.511,1.50536,1.50566,1.66,1.50
2011.09.07 10:48:30.630,1.50542,1.50571,2.03,1.50
2011.09.07 10:48:30.861,1.50536,1.50567,1.66,1.50
2011.09.07 10:48:31.401,1.50536,1.50565,1.66,1.50
2011.09.07 10:48:31.851,1.50539,1.50575,1.01,2.25
2011.09.07 10:48:31.967,1.50536,1.50566,1.66,1.50
2011.09.07 10:48:32.944,1.50536,1.50566,1.13,1.50
2011.09.07 10:48:33.410,1.50536,1.50566,1.66,1.50
2011.09.07 10:48:33.641,1.5054,1.5057,2.03,2.25
2011.09.07 10:48:33.869,1.50543,1.50577,1.50,2.25
2011.09.07 10:48:38.037,1.50543,1.50576,3.91,1.50
2011.09.07 10:48:40.676,1.50543,1.5057,1.88,1.50
2011.09.07 10:48:41.088,1.50545,1.5057,1.28,1.50
2011.09.07 10:48:42.363,1.50539,1.5057,2.78,1.50
2011.09.07 10:48:42.698,1.50539,1.50563,2.03,2.25
2011.09.07 10:48:43.418,1.50538,1.50563,2.03,2.25
2011.09.07 10:48:43.928,1.50539,1.50563,2.78,1.50
2011.09.07 10:48:44.312,1.50539,1.50574,1.28,1.50
2011.09.07 10:48:45.091,1.5055,1.50584,2.25,1.50
2011.09.07 10:48:45.202,1.5055,1.50586,2.25,1.50
2011.09.07 10:48:46.243,1.50554,1.50592,1.50,1.50
2011.09.07 10:48:46.580,1.50557,1.50592,1.28,1.50
2011.09.07 10:48:48.372,1.50563,1.50598,1.13,1.50
2011.09.07 10:48:49.162,1.50563,1.50598,3.16,1.50
2011.09.07 10:48:49.717,1.50567,1.50598,2.03,1.50
2011.09.07 10:48:50.338,1.50567,1.50598,1.50,1.50
2011.09.07 10:48:50.458,1.50567,1.50598,2.03,1.50
2011.09.07 10:48:51.178,1.50556,1.50577,1.28,2.25
2011.09.07 10:48:51.293,1.50548,1.50572,2.41,1.50
2011.09.07 10:48:51.848,1.50548,1.50572,2.03,1.50
2011.09.07 10:48:52.411,1.50548,1.50572,2.03,1.50
2011.09.07 10:48:53.248,1.50548,1.50572,2.78,1.50
2011.09.07 10:48:54.006,1.5055,1.5058,1.28,2.25
2011.09.07 10:48:54.580,1.50553,1.50586,1.66,1.50
2011.09.07 10:48:56.777,1.50553,1.5058,1.66,1.50
2011.09.07 10:48:57.343,1.50553,1.5058,1.66,1.50
2011.09.07 10:48:57.788,1.50553,1.5058,1.28,1.50
2011.09.07 10:48:58.379,1.50553,1.50588,1.66,1.50
2011.09.07 10:48:59.428,1.50553,1.50588,1.66,1.50
2011.09.07 10:49:00.479,1.50553,1.50588,1.66,1.50
2011.09.07 10:49:00.602,1.50553,1.50585,2.78,1.50
2011.09.07 10:49:00.944,1.50552,1.5058,1.28,2.25
2011.09.07 10:49:01.891,1.50548,1.5058,2.41,3.00
2011.09.07 10:49:02.419,1.50548,1.50584,2.05,2.25
2011.09.07 10:49:03.178,1.50548,1.50586,2.05,3.00
2011.09.07 10:49:03.406,1.50549,1.5058,2.02,3.00
2011.09.07 10:49:03.862,1.50538,1.50573,3.16,1.50
2011.09.07 10:49:03.980,1.50538,1.50573,2.78,1.50
2011.09.07 10:49:05.125,1.50535,1.50573,1.50,1.50
2011.09.07 10:49:05.774,1.50538,1.50571,1.28,1.13
2011.09.07 10:49:05.890,1.50532,1.50559,1.28,1.50
2011.09.07 10:49:06.342,1.50528,1.50551,2.03,1.50
2011.09.07 10:49:06.793,1.50528,1.50552,1.50,1.50
2011.09.07 10:49:06.912,1.50524,1.50552,1.28,1.50
2011.09.07 10:49:08.649,1.50518,1.50553,1.66,3.00
2011.09.07 10:49:10.613,1.50524,1.50552,1.28,1.50
2011.09.07 10:49:11.167,1.50523,1.50553,2.03,1.50
2011.09.07 10:49:16.276,1.50524,1.50552,1.28,1.50
2011.09.07 10:49:18.246,1.50524,1.50552,1.13,1.50
2011.09.07 10:49:18.811,1.50524,1.50552,1.66,1.50
2011.09.07 10:49:20.862,1.50524,1.50545,1.28,1.50
2011.09.07 10:49:21.613,1.50523,1.50545,1.50,2.25
2011.09.07 10:49:22.170,1.50524,1.50544,1.50,1.50
2011.09.07 10:49:22.737,1.50523,1.50543,1.50,1.50
2011.09.07 10:49:25.502,1.50524,1.50543,1.50,1.50
2011.09.07 10:49:25.840,1.50524,1.50545,1.50,2.25
2011.09.07 10:49:26.508,1.50523,1.50545,1.50,1.50
2011.09.07 10:49:27.067,1.50524,1.50545,1.50,1.50
2011.09.07 10:49:28.245,1.50523,1.50539,1.50,1.50
2011.09.07 10:49:28.378,1.50509,1.50539,2.41,2.25
2011.09.07 10:49:29.618,1.50509,1.50539,2.78,2.25
2011.09.07 10:49:30.220,1.50509,1.5054,1.28,2.25
2011.09.07 10:49:30.750,1.50509,1.50538,1.28,1.50
2011.09.07 10:49:31.370,1.5051,1.50539,1.28,2.25
2011.09.07 10:49:31.936,1.50513,1.50541,2.41,1.50
2011.09.07 10:49:32.880,1.50513,1.50541,2.41,1.50
2011.09.07 10:49:35.344,1.50513,1.50541,2.78,1.50
2011.09.07 10:49:35.679,1.50514,1.50533,2.03,2.25
2011.09.07 10:49:35.909,1.50517,1.50541,2.03,1.50
2011.09.07 10:49:36.140,1.50522,1.50549,1.50,1.50
2011.09.07 10:49:37.139,1.50522,1.50552,1.88,1.50
2011.09.07 10:49:39.974,1.5052,1.50553,1.28,1.50
2011.09.07 10:49:41.059,1.5052,1.50553,1.28,1.50
2011.09.07 10:49:42.031,1.5052,1.50552,1.28,1.50
2011.09.07 10:49:42.849,1.5052,1.50552,1.28,1.50
2011.09.07 10:49:43.410,1.5052,1.50552,1.28,1.50
2011.09.07 10:49:45.317,1.50523,1.50553,1.50,1.50
2011.09.07 10:49:46.112,1.50519,1.5055,1.50,3.00
2011.09.07 10:49:46.889,1.50518,1.50544,1.50,1.50
2011.09.07 10:49:48.529,1.50519,1.50544,1.50,1.50
2011.09.07 10:49:48.649,1.50519,1.50552,1.50,1.50
2011.09.07 10:49:49.101,1.50521,1.50553,1.13,2.25
2011.09.07 10:49:50.726,1.50521,1.50553,2.25,2.25
2011.09.07 10:49:55.340,1.50519,1.50552,1.88,1.50
2011.09.07 10:49:56.154,1.50519,1.50551,1.88,1.50
2011.09.07 10:49:56.377,1.50521,1.50551,1.28,1.50
2011.09.07 10:49:57.082,1.50521,1.50551,1.28,1.50
2011.09.07 10:49:59.741,1.50521,1.50551,1.66,1.50
2011.09.07 10:50:00.631,1.50521,1.50551,1.66,1.50
2011.09.07 10:50:01.313,1.50521,1.50551,1.66,1.50
2011.09.07 10:50:02.529,1.50521,1.50551,1.66,1.50
2011.09.07 10:50:03.086,1.50521,1.50553,1.66,2.25
2011.09.07 10:50:04.059,1.50523,1.50553,2.41,2.25
2011.09.07 10:50:04.803,1.50524,1.50553,2.41,2.25
2011.09.07 10:50:05.358,1.50523,1.50553,2.41,2.25
2011.09.07 10:50:06.007,1.50524,1.50553,2.03,2.25
2011.09.07 10:50:07.337,1.50526,1.50553,1.28,1.50
2011.09.07 10:50:07.918,1.50526,1.50553,1.28,1.50
2011.09.07 10:50:08.481,1.50526,1.50553,1.28,1.50
2011.09.07 10:50:10.788,1.50526,1.50553,1.28,1.50
2011.09.07 10:50:11.855,1.50526,1.50553,1.28,1.50
2011.09.07 10:50:12.410,1.50526,1.50553,1.28,1.50
2011.09.07 10:50:12.932,1.50526,1.50552,1.28,1.50
2011.09.07 10:50:13.958,1.50524,1.50543,2.03,1.50
2011.09.07 10:50:14.517,1.50519,1.50546,1.28,1.50
2011.09.07 10:50:15.808,1.50519,1.50546,1.28,1.50
2011.09.07 10:50:16.387,1.50519,1.50546,1.66,1.50
2011.09.07 10:50:17.230,1.50519,1.50546,1.66,1.50
2011.09.07 10:50:17.790,1.50519,1.50546,1.66,1.50
2011.09.07 10:50:18.327,1.50519,1.50546,1.66,1.50
2011.09.07 10:50:18.889,1.50519,1.50547,1.66,1.50
2011.09.07 10:50:19.118,1.50519,1.50547,1.66,1.50
2011.09.07 10:50:20.114,1.50519,1.50547,1.66,1.50
2011.09.07 10:50:21.208,1.50519,1.50547,1.66,1.50
2011.09.07 10:50:23.618,1.50519,1.50547,1.66,1.50
2011.09.07 10:50:24.518,1.50519,1.50547,1.66,1.50
2011.09.07 10:50:26.460,1.50519,1.50547,2.03,1.50
2011.09.07 10:50:26.579,1.50525,1.50552,1.50,1.50
2011.09.07 10:50:26.701,1.50525,1.50552,1.50,2.25
2011.09.07 10:50:27.094,1.50519,1.50545,1.28,1.50
2011.09.07 10:50:30.251,1.50519,1.50545,1.28,3.00
2011.09.07 10:50:30.906,1.50519,1.50545,2.78,3.00
2011.09.07 10:50:32.557,1.50519,1.50545,1.28,3.00
2011.09.07 10:50:35.168,1.50519,1.50545,2.78,1.50
2011.09.07 10:50:36.706,1.50519,1.50545,2.41,1.50
2011.09.07 10:50:37.478,1.50518,1.50545,3.91,1.50
2011.09.07 10:50:37.986,1.5052,1.50545,2.41,1.50
2011.09.07 10:50:42.144,1.50518,1.50544,2.03,2.25
2011.09.07 10:50:42.490,1.50519,1.50535,2.03,1.50
2011.09.07 10:50:42.610,1.50519,1.50544,2.03,2.25
2011.09.07 10:50:43.064,1.50519,1.50545,2.03,1.50
2011.09.07 10:50:43.886,1.50519,1.50545,2.03,1.50
2011.09.07 10:50:44.389,1.50518,1.50545,2.03,1.50
2011.09.07 10:50:44.952,1.50518,1.50545,2.03,1.50
2011.09.07 10:50:45.180,1.50518,1.50541,2.03,1.50
2011.09.07 10:50:46.127,1.50518,1.50545,2.03,1.50
2011.09.07 10:50:46.902,1.5052,1.50554,1.28,3.00
2011.09.07 10:50:47.503,1.5052,1.50554,1.28,3.00
2011.09.07 10:50:48.282,1.50526,1.50554,1.50,1.50
2011.09.07 10:50:48.840,1.50525,1.50554,2.03,1.50
2011.09.07 10:50:48.961,1.50531,1.50554,1.50,1.50
2011.09.07 10:50:49.674,1.50532,1.50564,1.66,2.25
2011.09.07 10:50:50.229,1.50532,1.50563,1.66,1.50
2011.09.07 10:50:50.790,1.50532,1.50567,1.66,1.50
2011.09.07 10:50:51.459,1.50532,1.50567,1.66,1.50
2011.09.07 10:50:52.579,1.50545,1.50573,1.50,1.50
2011.09.07 10:50:53.313,1.50537,1.50572,2.78,2.25
2011.09.07 10:50:54.424,1.50537,1.50572,3.53,2.25
2011.09.07 10:50:55.248,1.50546,1.50573,1.50,3.00
2011.09.07 10:50:55.912,1.50544,1.50573,1.50,3.00
2011.09.07 10:50:58.327,1.50544,1.50573,2.25,1.50
2011.09.07 10:50:59.070,1.50546,1.50574,1.13,1.50
2011.09.07 10:51:02.034,1.50544,1.50573,2.25,1.50
2011.09.07 10:51:03.518,1.50545,1.50574,2.25,1.50
2011.09.07 10:51:03.863,1.50546,1.50581,2.25,1.50
2011.09.07 10:51:04.309,1.5055,1.50582,1.50,1.50
2011.09.07 10:51:05.741,1.50546,1.50577,1.50,1.50
2011.09.07 10:51:06.274,1.50543,1.50574,2.03,2.25
2011.09.07 10:51:07.429,1.50544,1.50574,1.50,2.25
2011.09.07 10:51:08.063,1.50547,1.50574,1.50,1.50
2011.09.07 10:51:08.179,1.50551,1.50582,1.50,1.13
2011.09.07 10:51:09.968,1.50547,1.50582,1.50,2.25
2011.09.07 10:51:18.140,1.50547,1.50573,1.50,1.50
2011.09.07 10:51:18.976,1.50547,1.50574,1.28,1.50
2011.09.07 10:51:19.103,1.50545,1.50574,2.03,2.25
2011.09.07 10:51:20.181,1.50545,1.50574,2.03,2.25
2011.09.07 10:51:20.750,1.50545,1.50574,2.03,2.25
2011.09.07 10:51:20.871,1.50552,1.50583,1.50,2.25
2011.09.07 10:51:21.279,1.50552,1.50578,1.50,1.50
2011.09.07 10:51:21.398,1.50545,1.50574,2.03,1.50
2011.09.07 10:51:21.849,1.50551,1.50584,1.50,2.25
2011.09.07 10:51:23.716,1.50546,1.50573,2.03,1.50
2011.09.07 10:51:24.852,1.50546,1.50574,2.03,1.50
2011.09.07 10:51:25.698,1.50546,1.50574,1.50,1.50
2011.09.07 10:51:28.207,1.50548,1.50576,1.50,1.50
2011.09.07 10:51:30.359,1.50546,1.50574,1.50,1.50
2011.09.07 10:51:30.700,1.50549,1.50575,1.50,1.50
2011.09.07 10:51:31.612,1.50554,1.50578,1.50,1.50
2011.09.07 10:51:31.841,1.50551,1.50578,1.50,1.50
2011.09.07 10:51:32.398,1.50553,1.50578,1.50,1.50
2011.09.07 10:51:33.940,1.50551,1.50578,1.50,1.50
2011.09.07 10:51:35.206,1.50553,1.50578,1.50,1.50
2011.09.07 10:51:35.320,1.50549,1.50576,1.50,1.50
2011.09.07 10:51:35.440,1.50549,1.50577,3.53,2.25
2011.09.07 10:51:35.779,1.50549,1.50573,2.03,1.50
2011.09.07 10:51:36.119,1.50549,1.50573,2.03,1.50
2011.09.07 10:51:37.664,1.5055,1.50578,2.03,1.50
2011.09.07 10:51:38.235,1.5055,1.50578,2.03,1.50
2011.09.07 10:51:38.679,1.50545,1.50573,2.41,1.50
2011.09.07 10:51:39.022,1.50545,1.50573,2.03,2.25
2011.09.07 10:51:39.936,1.50544,1.50569,2.03,1.50
2011.09.07 10:51:40.638,1.50543,1.50569,2.03,1.50
2011.09.07 10:51:41.528,1.50543,1.50569,2.03,2.25
2011.09.07 10:51:42.033,1.50544,1.50569,2.03,2.25
2011.09.07 10:51:44.151,1.50543,1.50569,2.03,2.25
2011.09.07 10:51:44.492,1.50539,1.50569,1.50,2.25
2011.09.07 10:51:45.482,1.50545,1.5057,1.50,1.50
2011.09.07 10:51:45.754,1.50546,1.5057,1.50,1.50
2011.09.07 10:51:45.874,1.50537,1.50569,1.50,2.25
2011.09.07 10:51:48.014,1.50529,1.50563,2.78,1.50
2011.09.07 10:51:48.355,1.50528,1.50558,2.03,1.50
2011.09.07 10:51:48.716,1.50533,1.50568,1.28,1.50
2011.09.07 10:51:48.844,1.50525,1.50559,1.28,2.25
2011.09.07 10:51:50.079,1.50525,1.50559,1.28,2.25
2011.09.07 10:51:50.641,1.50527,1.50561,2.03,1.50
2011.09.07 10:51:50.874,1.50531,1.50565,1.28,1.50
2011.09.07 10:51:50.995,1.50531,1.50566,1.66,1.50
2011.09.07 10:51:51.230,1.50541,1.50566,1.50,1.50
2011.09.07 10:51:51.458,1.50531,1.50566,1.66,1.50
2011.09.07 10:51:51.578,1.50536,1.50566,1.50,1.50
2011.09.07 10:51:52.319,1.5054,1.50572,2.25,2.25
2011.09.07 10:51:52.659,1.5054,1.50572,2.78,2.25
2011.09.07 10:51:53.001,1.5054,1.50568,1.28,1.50
2011.09.07 10:51:53.521,1.5054,1.50568,1.28,1.50
2011.09.07 10:51:54.062,1.5054,1.50568,1.28,1.50
2011.09.07 10:51:54.631,1.50541,1.50571,2.03,1.50
2011.09.07 10:51:55.531,1.50541,1.50571,2.03,1.50
2011.09.07 10:51:56.038,1.50541,1.50571,2.03,1.50
2011.09.07 10:51:56.588,1.50541,1.50571,2.03,1.50
2011.09.07 10:51:57.439,1.50541,1.50571,2.03,1.50
2011.09.07 10:51:58.967,1.50541,1.50571,2.41,1.50
2011.09.07 10:51:59.962,1.5054,1.5057,3.53,1.50
2011.09.07 10:52:00.188,1.5054,1.50569,1.28,1.50
2011.09.07 10:52:01.329,1.5054,1.50569,1.28,1.50
2011.09.07 10:52:01.854,1.5054,1.50568,1.28,1.50
2011.09.07 10:52:02.413,1.5054,1.50569,1.28,1.50
2011.09.07 10:52:03.082,1.5054,1.50569,1.28,1.50
2011.09.07 10:52:03.650,1.5054,1.5057,1.28,1.50
2011.09.07 10:52:05.327,1.5054,1.50569,1.28,1.50
2011.09.07 10:52:05.847,1.5054,1.50569,1.28,1.50
2011.09.07 10:52:06.677,1.50538,1.50569,1.50,1.50
2011.09.07 10:52:07.661,1.50541,1.50574,1.50,1.50
2011.09.07 10:52:08.000,1.50538,1.50569,1.50,1.50
2011.09.07 10:52:09.350,1.50538,1.50567,1.50,1.50
2011.09.07 10:52:09.712,1.50528,1.50552,2.03,1.50
2011.09.07 10:52:09.941,1.50528,1.50552,1.50,1.50
2011.09.07 10:52:10.059,1.50521,1.50553,2.03,1.50
2011.09.07 10:52:10.968,1.50521,1.50554,2.03,1.50
2011.09.07 10:52:11.201,1.50521,1.50545,1.28,1.50
2011.09.07 10:52:11.539,1.5052,1.50553,3.53,2.25
2011.09.07 10:52:11.662,1.5052,1.50553,3.53,1.50
2011.09.07 10:52:12.121,1.50525,1.5056,1.13,1.50
2011.09.07 10:52:12.242,1.50525,1.50562,1.66,1.50
2011.09.07 10:52:14.981,1.50526,1.50562,1.50,1.50
2011.09.07 10:52:15.322,1.50529,1.50562,2.41,1.50
2011.09.07 10:52:15.970,1.50528,1.50562,2.41,1.50
2011.09.07 10:52:16.560,1.50534,1.50564,1.28,1.50
2011.09.07 10:52:17.118,1.50534,1.50564,1.28,1.50
2011.09.07 10:52:18.566,1.50534,1.50564,2.03,1.50
2011.09.07 10:52:18.697,1.50538,1.50564,1.88,1.50
2011.09.07 10:52:19.511,1.50538,1.50564,1.50,1.50
2011.09.07 10:52:19.851,1.50538,1.50564,1.50,3.00
2011.09.07 10:52:20.083,1.50538,1.50565,1.50,1.50
2011.09.07 10:52:20.704,1.50528,1.50557,2.03,1.50
2011.09.07 10:52:21.050,1.50523,1.50548,2.03,1.50
2011.09.07 10:52:21.392,1.50523,1.50542,2.03,1.50
2011.09.07 10:52:21.911,1.50524,1.50551,2.41,1.50
2011.09.07 10:52:22.142,1.50527,1.50562,1.13,1.50
2011.09.07 10:52:23.748,1.50527,1.50562,1.66,1.50
2011.09.07 10:52:26.742,1.50527,1.50562,1.66,1.50
2011.09.07 10:52:27.394,1.50527,1.50562,1.28,1.50
2011.09.07 10:52:27.951,1.50527,1.50562,1.28,1.50
2011.09.07 10:52:28.453,1.50527,1.50562,1.28,1.50
2011.09.07 10:52:30.234,1.50534,1.50566,2.03,2.25
2011.09.07 10:52:30.568,1.50534,1.50566,3.16,2.25
2011.09.07 10:52:31.093,1.50533,1.50564,3.16,1.50
2011.09.07 10:52:31.322,1.50533,1.50564,2.41,1.50
2011.09.07 10:52:31.882,1.50532,1.50565,1.28,1.50
2011.09.07 10:52:32.544,1.50532,1.50565,2.25,1.50
2011.09.07 10:52:32.666,1.50534,1.50565,2.03,1.50
2011.09.07 10:52:33.668,1.50533,1.50565,3.53,1.50
2011.09.07 10:52:34.231,1.50534,1.50565,2.03,1.50
2011.09.07 10:52:35.797,1.50529,1.50561,1.50,1.50
2011.09.07 10:52:35.924,1.50528,1.5056,1.50,1.50
2011.09.07 10:52:36.262,1.50526,1.50556,1.50,1.50
2011.09.07 10:52:36.869,1.50527,1.50556,1.50,1.50
2011.09.07 10:52:39.119,1.50526,1.50556,1.50,1.50
2011.09.07 10:52:40.119,1.50535,1.50562,1.50,1.50
2011.09.07 10:52:40.853,1.50531,1.5056,1.50,1.50
2011.09.07 10:52:41.189,1.50534,1.50566,1.50,2.25
2011.09.07 10:52:41.745,1.50536,1.50566,1.50,2.25
2011.09.07 10:52:41.878,1.50536,1.50566,1.50,1.50
2011.09.07 10:52:43.349,1.50535,1.50565,2.25,1.50
2011.09.07 10:52:43.908,1.50532,1.50564,1.50,1.50
2011.09.07 10:52:45.046,1.50526,1.50556,2.03,1.50
2011.09.07 10:52:45.738,1.50527,1.50555,1.28,1.50
2011.09.07 10:52:49.099,1.50523,1.50556,1.50,1.50
2011.09.07 10:52:49.227,1.50531,1.50561,1.50,1.50
2011.09.07 10:52:49.569,1.50523,1.50555,1.50,1.50
2011.09.07 10:52:50.353,1.50532,1.50556,1.50,1.50
2011.09.07 10:52:50.469,1.50532,1.50563,1.50,1.50
2011.09.07 10:52:52.081,1.50532,1.50564,1.50,1.50
2011.09.07 10:52:52.918,1.50532,1.50565,1.50,1.50
2011.09.07 10:52:55.111,1.50526,1.50556,1.50,1.50
2011.09.07 10:52:57.119,1.50524,1.50555,1.50,1.50
2011.09.07 10:52:57.464,1.50518,1.50552,1.28,1.50
2011.09.07 10:52:58.035,1.50512,1.50542,2.78,1.50
2011.09.07 10:52:58.152,1.50512,1.50542,1.50,1.50
2011.09.07 10:52:59.052,1.50509,1.5054,1.50,1.50
2011.09.07 10:52:59.609,1.50509,1.50545,1.50,1.50
2011.09.07 10:52:59.729,1.50515,1.5055,2.25,2.25
2011.09.07 10:52:59.848,1.50515,1.5055,1.50,2.25
2011.09.07 10:53:00.902,1.50511,1.50543,1.50,1.50
2011.09.07 10:53:01.362,1.50508,1.5054,3.00,1.50
2011.09.07 10:53:01.589,1.5051,1.50542,2.25,1.50
2011.09.07 10:53:04.137,1.50521,1.50551,1.50,1.50
2011.09.07 10:53:04.491,1.50524,1.50556,1.50,1.50
2011.09.07 10:53:13.272,1.50522,1.50553,2.03,1.50
2011.09.07 10:53:13.624,1.50517,1.50549,3.16,1.50
2011.09.07 10:53:14.068,1.50523,1.50557,1.28,4.09
2011.09.07 10:53:14.632,1.50519,1.50552,2.03,1.50
2011.09.07 10:53:15.347,1.50516,1.50548,1.50,1.84
2011.09.07 10:53:16.931,1.5051,1.50547,2.78,2.25
2011.09.07 10:53:17.051,1.50509,1.50541,1.28,1.50
2011.09.07 10:53:17.608,1.50509,1.50541,1.28,1.50
2011.09.07 10:53:18.398,1.50509,1.50541,1.28,1.50
2011.09.07 10:53:18.514,1.50509,1.50544,1.28,1.50
2011.09.07 10:53:19.171,1.50509,1.50544,1.28,1.50
2011.09.07 10:53:19.950,1.50509,1.50544,1.28,1.50
2011.09.07 10:53:21.280,1.50509,1.50544,1.28,1.50
2011.09.07 10:53:22.202,1.50509,1.50544,1.28,1.50
2011.09.07 10:53:22.798,1.50509,1.50544,1.28,3.00
2011.09.07 10:53:23.583,1.50515,1.50552,3.00,2.25
2011.09.07 10:53:28.922,1.50515,1.5055,1.50,2.59
2011.09.07 10:53:29.632,1.50521,1.50558,1.50,2.25
2011.09.07 10:53:32.245,1.50521,1.50557,1.50,1.09
2011.09.07 10:53:37.411,1.50519,1.50556,2.25,1.50
2011.09.07 10:53:37.543,1.50513,1.50544,1.28,1.50
2011.09.07 10:53:37.662,1.50516,1.50544,1.28,1.50
2011.09.07 10:53:38.114,1.50518,1.50554,1.50,1.13
2011.09.07 10:53:38.930,1.5052,1.50557,1.50,2.25
2011.09.07 10:53:39.159,1.50528,1.5056,1.50,1.50
2011.09.07 10:53:40.419,1.50528,1.50561,3.00,1.50
2011.09.07 10:53:40.759,1.50529,1.5056,2.25,1.84
2011.09.07 10:53:43.279,1.50528,1.50559,1.50,1.50
2011.09.07 10:53:44.083,1.50528,1.50558,1.50,1.50
2011.09.07 10:53:44.198,1.50528,1.50558,1.50,1.84
2011.09.07 10:53:44.538,1.5052,1.50555,1.50,1.09
2011.09.07 10:53:45.211,1.50523,1.50555,1.50,1.09
2011.09.07 10:53:48.049,1.5052,1.50555,1.50,1.09
2011.09.07 10:53:50.370,1.5052,1.50556,1.50,1.50
2011.09.07 10:53:50.494,1.5052,1.50551,1.50,1.50
2011.09.07 10:53:50.612,1.50523,1.50556,1.50,1.50
2011.09.07 10:53:51.171,1.50522,1.50556,1.50,1.50
2011.09.07 10:53:52.561,1.50524,1.50556,1.50,1.50
2011.09.07 10:53:53.618,1.50525,1.50552,1.50,1.50
2011.09.07 10:53:53.744,1.50522,1.50551,1.50,1.50
2011.09.07 10:53:53.862,1.50524,1.50552,1.50,1.50
2011.09.07 10:53:54.422,1.50521,1.50552,2.25,1.50
2011.09.07 10:53:54.648,1.50527,1.50556,1.50,1.50
2011.09.07 10:53:54.771,1.50527,1.50561,2.25,2.25
2011.09.07 10:53:55.002,1.50524,1.50552,1.50,1.50
2011.09.07 10:53:55.862,1.50521,1.50551,1.50,2.25
2011.09.07 10:53:56.092,1.50522,1.50558,3.00,1.50
2011.09.07 10:53:56.210,1.50528,1.5056,1.50,1.50
2011.09.07 10:53:56.912,1.50528,1.50561,1.50,1.50
2011.09.07 10:54:00.520,1.50528,1.5056,1.50,1.50
2011.09.07 10:54:00.859,1.50528,1.50565,1.50,1.09
2011.09.07 10:54:00.984,1.50534,1.50565,1.50,1.09
2011.09.07 10:54:01.523,1.50531,1.50561,2.25,1.50
2011.09.07 10:54:01.649,1.50535,1.50558,1.50,1.50
2011.09.07 10:54:01.772,1.50522,1.50555,1.50,1.50
2011.09.07 10:54:02.329,1.50522,1.50554,1.50,1.50
2011.09.07 10:54:04.860,1.50523,1.50555,2.25,1.50
2011.09.07 10:54:06.604,1.50522,1.50554,1.50,1.50
2011.09.07 10:54:07.151,1.50522,1.50555,1.50,1.50
2011.09.07 10:54:07.944,1.50522,1.50554,1.50,1.50
2011.09.07 10:54:08.889,1.50523,1.50555,2.25,1.50
2011.09.07 10:54:09.463,1.50522,1.50556,1.50,1.50
2011.09.07 10:54:10.351,1.50522,1.50554,1.50,1.50
2011.09.07 10:54:11.034,1.50522,1.50555,3.00,1.50
2011.09.07 10:54:18.803,1.50522,1.50554,1.50,1.50
2011.09.07 10:54:19.472,1.50521,1.50553,1.50,1.50
2011.09.07 10:54:19.589,1.50515,1.50553,1.50,3.00
2011.09.07 10:54:19.710,1.50521,1.50553,1.50,1.50
2011.09.07 10:54:20.051,1.50515,1.50553,1.50,3.00
2011.09.07 10:54:22.149,1.50522,1.50553,1.50,1.50
2011.09.07 10:54:25.024,1.50524,1.50553,1.50,1.50
2011.09.07 10:54:25.145,1.50521,1.50553,1.50,1.50
2011.09.07 10:54:25.375,1.50524,1.50553,2.25,1.50
2011.09.07 10:54:25.604,1.50524,1.50553,1.50,1.50
2011.09.07 10:54:25.842,1.50524,1.50558,1.50,2.25
2011.09.07 10:54:25.965,1.50521,1.50554,3.00,1.50
2011.09.07 10:54:26.190,1.50525,1.50559,1.50,1.50
2011.09.07 10:54:26.426,1.50525,1.50557,1.50,1.09
2011.09.07 10:54:27.053,1.50527,1.50557,1.50,1.09
2011.09.07 10:54:27.173,1.50521,1.50554,3.53,1.50
2011.09.07 10:54:30.920,1.50521,1.50559,3.00,1.50
2011.09.07 10:54:31.149,1.50521,1.50555,1.50,1.50
2011.09.07 10:54:32.260,1.50523,1.50555,1.50,1.50
2011.09.07 10:54:32.380,1.50521,1.50555,2.03,1.50
2011.09.07 10:54:35.520,1.50521,1.50555,2.03,1.84
2011.09.07 10:54:36.174,1.50522,1.50559,2.25,1.50
2011.09.07 10:54:36.737,1.50523,1.50559,1.28,1.50
2011.09.07 10:54:37.652,1.50523,1.50559,2.78,1.50
2011.09.07 10:54:38.709,1.50523,1.50559,2.78,1.50
2011.09.07 10:54:39.951,1.50523,1.50557,2.78,1.09
2011.09.07 10:54:40.629,1.50523,1.50555,1.28,1.84
2011.09.07 10:54:41.153,1.50523,1.50555,1.28,1.50
2011.09.07 10:54:42.158,1.50523,1.50555,1.28,1.50
2011.09.07 10:54:42.812,1.50523,1.50555,1.28,1.84
2011.09.07 10:54:43.369,1.50521,1.50555,1.50,1.84
2011.09.07 10:54:44.871,1.50517,1.50546,1.50,2.25
2011.09.07 10:54:45.430,1.50518,1.50547,1.50,2.25
2011.09.07 10:54:48.719,1.50517,1.50546,1.50,2.25
2011.09.07 10:54:49.485,1.50517,1.50546,2.25,1.50
2011.09.07 10:54:50.227,1.5052,1.50555,2.25,3.00
2011.09.07 10:54:51.758,1.50521,1.50555,1.50,3.00
2011.09.07 10:54:52.210,1.50531,1.50555,1.50,2.25
2011.09.07 10:54:52.331,1.50545,1.50567,1.50,2.25
2011.09.07 10:54:52.453,1.50536,1.50567,1.50,3.00
2011.09.07 10:54:52.575,1.50536,1.50567,1.50,2.25
2011.09.07 10:54:53.474,1.50532,1.50568,1.50,2.25
2011.09.07 10:54:53.928,1.50532,1.50567,1.50,1.09
2011.09.07 10:54:58.229,1.50527,1.50554,1.28,2.25
2011.09.07 10:54:58.351,1.50523,1.50554,2.03,2.25
2011.09.07 10:54:59.070,1.50523,1.50554,2.03,2.25
2011.09.07 10:54:59.900,1.50523,1.50554,2.03,2.25
2011.09.07 10:55:00.349,1.50527,1.50554,1.28,1.50
2011.09.07 10:55:00.581,1.50529,1.50562,1.50,3.00
2011.09.07 10:55:05.480,1.50535,1.50562,1.50,1.50
2011.09.07 10:55:06.643,1.5053,1.50561,1.50,2.25
2011.09.07 10:55:06.869,1.50535,1.50562,1.50,1.50
2011.09.07 10:55:07.099,1.5053,1.50561,1.50,2.25
2011.09.07 10:55:11.679,1.50526,1.50554,2.03,2.25
2011.09.07 10:55:12.332,1.50523,1.50554,2.03,2.25
2011.09.07 10:55:13.202,1.50524,1.50554,2.03,2.25
2011.09.07 10:55:13.544,1.5053,1.50561,1.50,2.25
2011.09.07 10:55:18.539,1.5053,1.50555,1.50,1.50
2011.09.07 10:55:18.661,1.5052,1.50555,2.78,3.00
2011.09.07 10:55:18.781,1.5052,1.50555,2.78,3.00
2011.09.07 10:55:23.518,1.5052,1.50555,2.78,3.00
2011.09.07 10:55:24.029,1.5052,1.50555,2.78,3.00
2011.09.07 10:55:24.592,1.5052,1.50555,2.78,3.00
2011.09.07 10:55:25.699,1.5052,1.50555,2.78,3.00
2011.09.07 10:55:26.369,1.50521,1.50555,2.03,3.00
2011.09.07 10:55:27.539,1.50522,1.50555,1.50,3.00
2011.09.07 10:55:28.102,1.50521,1.50554,2.03,2.25
2011.09.07 10:55:30.131,1.50519,1.50553,1.50,1.50
2011.09.07 10:55:31.841,1.5054,1.50571,1.50,2.25
2011.09.07 10:55:32.537,1.50535,1.50568,1.50,1.50
2011.09.07 10:55:33.214,1.50532,1.50567,1.50,1.50
2011.09.07 10:55:35.473,1.50527,1.50567,2.03,2.25
2011.09.07 10:55:35.589,1.50527,1.50563,1.50,1.50
2011.09.07 10:55:48.399,1.50528,1.50563,1.50,2.25
2011.09.07 10:55:48.741,1.50532,1.50563,1.50,1.50
2011.09.07 10:55:49.305,1.50523,1.50552,1.28,1.50
2011.09.07 10:55:56.344,1.50525,1.50552,1.50,1.50
2011.09.07 10:55:56.462,1.50534,1.50565,1.50,1.50
2011.09.07 10:55:57.022,1.50534,1.50566,1.50,1.50
2011.09.07 10:56:01.708,1.50534,1.50557,1.50,1.50
2011.09.07 10:56:01.953,1.50519,1.50552,1.50,1.50
2011.09.07 10:56:03.041,1.50513,1.50549,1.50,1.50
2011.09.07 10:56:03.165,1.50513,1.50543,1.50,1.50
2011.09.07 10:56:03.280,1.5052,1.50552,1.50,1.50
2011.09.07 10:56:04.701,1.50512,1.50543,1.50,1.50
2011.09.07 10:56:05.040,1.50519,1.50551,1.50,1.50
2011.09.07 10:56:09.870,1.50519,1.50557,3.00,3.00
2011.09.07 10:56:10.319,1.50519,1.50551,1.50,1.50
2011.09.07 10:56:13.294,1.50512,1.50551,1.50,2.25
2011.09.07 10:56:13.519,1.50517,1.50549,2.25,1.50
2011.09.07 10:56:16.022,1.50518,1.50549,1.50,1.50
2011.09.07 10:56:16.253,1.50518,1.50549,1.50,1.50
2011.09.07 10:56:16.376,1.50517,1.50549,2.25,1.50
2011.09.07 10:56:19.224,1.50523,1.50549,1.50,1.50
2011.09.07 10:56:19.341,1.50523,1.50557,1.50,1.50
2011.09.07 10:56:19.462,1.50522,1.50553,1.50,1.50
2011.09.07 10:56:19.804,1.50511,1.50543,2.03,1.50
2011.09.07 10:56:20.029,1.50518,1.50548,2.25,1.50
2011.09.07 10:56:20.721,1.50517,1.50549,2.25,1.50
2011.09.07 10:56:21.293,1.50511,1.50543,2.03,1.50
2011.09.07 10:56:21.408,1.5051,1.50543,2.03,1.50
2011.09.07 10:56:21.754,1.50511,1.50543,1.50,1.50
2011.09.07 10:56:21.873,1.50511,1.50543,1.50,1.50
2011.09.07 10:56:28.744,1.50523,1.50543,1.50,1.50
2011.09.07 10:56:28.864,1.50523,1.50556,1.50,1.50
2011.09.07 10:56:31.372,1.50526,1.50556,1.50,1.50
2011.09.07 10:56:31.929,1.50526,1.50556,1.50,1.50
2011.09.07 10:56:32.051,1.50526,1.50561,1.50,1.50
2011.09.07 10:56:32.171,1.5053,1.50567,1.28,3.00
2011.09.07 10:56:32.399,1.50531,1.50567,1.28,2.25
2011.09.07 10:56:32.630,1.50531,1.50564,1.28,1.50
2011.09.07 10:56:39.851,1.5053,1.50566,3.00,2.25
2011.09.07 10:56:41.504,1.50543,1.5058,2.25,1.50
2011.09.07 10:56:41.620,1.50547,1.50581,1.50,2.25
2011.09.07 10:56:42.132,1.50547,1.50581,1.50,1.50
2011.09.07 10:56:42.471,1.50547,1.50578,1.50,1.88
2011.09.07 10:56:42.813,1.50547,1.50565,1.50,1.50
2011.09.07 10:56:42.931,1.50547,1.50579,1.50,1.50
2011.09.07 10:56:43.050,1.50539,1.50575,1.28,1.50
2011.09.07 10:56:43.390,1.50537,1.50565,1.50,1.50
2011.09.07 10:56:43.512,1.50534,1.50572,1.50,2.25
2011.09.07 10:56:43.634,1.50539,1.50572,1.50,1.50
2011.09.07 10:56:43.752,1.50532,1.50568,2.25,1.50
2011.09.07 10:56:43.870,1.50531,1.50563,2.25,1.50
2011.09.07 10:56:43.991,1.50534,1.50566,1.50,2.25
2011.09.07 10:56:44.520,1.5053,1.50565,3.00,1.50
2011.09.07 10:56:44.647,1.50537,1.50574,1.50,2.25
2011.09.07 10:56:45.331,1.50543,1.50579,1.50,2.25
2011.09.07 10:56:56.561,1.50552,1.50588,1.50,3.00
2011.09.07 10:56:56.980,1.50552,1.50584,1.50,1.50
2011.09.07 10:56:57.539,1.50544,1.50577,1.50,1.50
2011.09.07 10:56:59.263,1.5054,1.50574,2.03,1.50
2011.09.07 10:56:59.491,1.50536,1.5057,1.50,1.50
2011.09.07 10:57:01.623,1.50536,1.50558,1.50,1.50
2011.09.07 10:57:01.743,1.50532,1.50558,1.28,1.50
2011.09.07 10:57:01.863,1.50532,1.50567,2.25,1.50
2011.09.07 10:57:02.585,1.50536,1.5057,1.50,1.50
2011.09.07 10:57:08.879,1.50536,1.50571,1.50,1.50
2011.09.07 10:57:10.001,1.50536,1.5057,1.50,1.50
2011.09.07 10:57:10.561,1.50536,1.50558,1.50,1.50
2011.09.07 10:57:10.793,1.5053,1.50568,2.03,1.50
2011.09.07 10:57:11.606,1.5053,1.50563,3.53,1.50
2011.09.07 10:57:11.946,1.5053,1.50559,2.03,1.50
2011.09.07 10:57:12.284,1.50521,1.50549,1.28,2.25
2011.09.07 10:57:12.401,1.50516,1.50549,2.25,2.25
2011.09.07 10:57:13.440,1.50515,1.50548,2.25,1.50
2011.09.07 10:57:13.605,1.50524,1.50558,1.50,1.50
2011.09.07 10:57:13.834,1.50535,1.50558,1.50,1.50
2011.09.07 10:57:13.952,1.50525,1.50558,1.50,1.50
2011.09.07 10:57:14.074,1.50528,1.50564,1.50,3.00
2011.09.07 10:57:14.194,1.50533,1.50564,1.50,3.00
2011.09.07 10:57:14.310,1.50528,1.50564,1.50,3.00
2011.09.07 10:57:15.590,1.50535,1.50564,1.50,1.50
2011.09.07 10:57:15.711,1.50528,1.50564,1.50,3.00
2011.09.07 10:57:18.768,1.50525,1.50548,2.03,1.50
2011.09.07 10:57:19.004,1.50519,1.50548,1.50,1.50
2011.09.07 10:57:19.234,1.50513,1.50548,1.50,1.50
2011.09.07 10:57:19.466,1.50517,1.50555,2.25,1.50
2011.09.07 10:57:19.692,1.50519,1.50558,1.50,2.25
2011.09.07 10:57:19.810,1.50526,1.50558,1.50,1.50
2011.09.07 10:57:20.466,1.50526,1.50557,1.50,1.50
2011.09.07 10:57:21.332,1.50526,1.50549,1.50,1.50
2011.09.07 10:57:21.671,1.50525,1.50554,2.25,1.50
2011.09.07 10:57:21.898,1.50525,1.50554,1.50,1.50
2011.09.07 10:57:22.151,1.50525,1.50554,1.50,1.84
2011.09.07 10:57:22.383,1.5051,1.50541,2.03,1.50
2011.09.07 10:57:23.109,1.50511,1.50544,2.03,1.50
2011.09.07 10:57:23.333,1.50516,1.50544,1.50,1.50
2011.09.07 10:57:23.575,1.5051,1.50544,2.03,3.00
2011.09.07 10:57:24.244,1.50516,1.50544,1.50,1.50
2011.09.07 10:57:25.092,1.50513,1.50544,2.03,1.50
2011.09.07 10:57:25.562,1.50509,1.50542,2.03,2.25
2011.09.07 10:57:26.119,1.50514,1.50544,1.50,1.50
2011.09.07 10:57:26.581,1.50511,1.50543,1.50,2.25
2011.09.07 10:57:28.804,1.50515,1.50544,1.50,1.50
2011.09.07 10:57:29.033,1.50509,1.50543,1.50,2.25
2011.09.07 10:57:29.698,1.50509,1.50543,2.25,2.25
2011.09.07 10:57:29.818,1.50509,1.50543,1.50,2.25
2011.09.07 10:57:30.049,1.50509,1.50543,1.84,2.25
2011.09.07 10:57:30.702,1.50511,1.5055,2.59,2.25
2011.09.07 10:57:30.831,1.50513,1.50549,1.50,2.25
2011.09.07 10:57:31.186,1.50525,1.50551,1.50,1.50
2011.09.07 10:57:31.302,1.50513,1.50551,1.50,3.00
2011.09.07 10:57:34.334,1.50521,1.50555,2.25,1.50
2011.09.07 10:57:34.669,1.50528,1.50556,1.50,1.50
2011.09.07 10:57:35.561,1.50528,1.50559,1.50,2.25
2011.09.07 10:57:35.680,1.50528,1.50559,1.50,1.50
2011.09.07 10:57:36.522,1.50537,1.50562,1.50,1.50
2011.09.07 10:57:36.972,1.50542,1.50562,1.50,1.50
2011.09.07 10:57:37.092,1.50542,1.5057,1.50,1.50
2011.09.07 10:57:38.720,1.50542,1.50576,2.25,2.25
2011.09.07 10:57:42.520,1.50542,1.50577,1.50,2.25
2011.09.07 10:57:42.862,1.50554,1.50581,1.50,2.25
2011.09.07 10:57:42.982,1.5055,1.50583,1.50,2.25
2011.09.07 10:57:43.100,1.5055,1.50583,1.50,1.50
2011.09.07 10:57:43.660,1.5055,1.50576,1.50,1.50
2011.09.07 10:57:43.892,1.5055,1.50583,1.50,1.50
2011.09.07 10:57:45.482,1.50557,1.50583,1.50,1.50
2011.09.07 10:57:45.600,1.50551,1.50583,1.50,1.50
2011.09.07 10:57:45.941,1.50554,1.50584,1.50,1.50
2011.09.07 10:57:46.169,1.50557,1.5059,3.00,1.50
2011.09.07 10:57:46.623,1.50567,1.50596,1.50,2.25
2011.09.07 10:57:46.970,1.50567,1.50601,1.50,1.09
2011.09.07 10:57:47.531,1.50559,1.50595,1.50,1.50
2011.09.07 10:57:48.193,1.50558,1.50595,1.50,2.25
2011.09.07 10:57:51.138,1.50563,1.50596,1.50,1.50
2011.09.07 10:57:51.811,1.50563,1.50597,2.25,1.09
2011.09.07 10:57:52.773,1.50566,1.50598,1.50,1.84
2011.09.07 10:57:54.154,1.50566,1.50598,1.50,1.50
2011.09.07 10:57:54.492,1.50574,1.50601,1.50,1.50
2011.09.07 10:57:55.331,1.50572,1.50597,1.50,1.50
2011.09.07 10:57:55.453,1.50576,1.50605,1.50,2.25
2011.09.07 10:57:56.038,1.50576,1.50605,1.50,2.25
2011.09.07 10:57:56.721,1.50576,1.50605,1.50,2.25
2011.09.07 10:57:56.843,1.50576,1.50605,1.50,1.50
2011.09.07 10:57:57.290,1.50572,1.50599,1.50,1.50
2011.09.07 10:57:57.629,1.50567,1.50599,2.25,1.50
2011.09.07 10:57:59.621,1.50559,1.50596,2.25,1.50
2011.09.07 10:58:10.433,1.50564,1.50602,1.50,1.50
2011.09.07 10:58:12.342,1.50582,1.50602,1.50,1.50
2011.09.07 10:58:12.573,1.50574,1.50602,1.50,1.50
2011.09.07 10:58:13.708,1.50577,1.50602,1.50,1.50
2011.09.07 10:58:15.453,1.50574,1.50602,1.50,1.50
2011.09.07 10:58:17.781,1.50577,1.50602,1.50,1.50
2011.09.07 10:58:19.030,1.50577,1.50603,1.50,1.50
2011.09.07 10:58:19.668,1.50571,1.50601,1.50,1.50
2011.09.07 10:58:19.797,1.50576,1.50609,1.50,1.50
2011.09.07 10:58:20.211,1.50572,1.50609,2.25,1.50
2011.09.07 10:58:21.824,1.50572,1.50613,2.25,2.25
2011.09.07 10:58:22.161,1.50583,1.50613,1.50,1.50
2011.09.07 10:58:22.285,1.50583,1.50613,1.50,1.50
2011.09.07 10:58:22.405,1.5058,1.50614,1.50,2.25
2011.09.07 10:58:23.068,1.50582,1.50614,1.50,2.25
2011.09.07 10:58:23.619,1.50583,1.50613,1.50,1.50
2011.09.07 10:58:24.686,1.50582,1.50614,1.50,2.25
2011.09.07 10:58:25.021,1.50592,1.50613,1.50,1.50
2011.09.07 10:58:25.252,1.50587,1.50622,1.50,1.50
2011.09.07 10:58:25.372,1.50582,1.50615,1.50,1.50
2011.09.07 10:58:25.492,1.50582,1.50616,1.50,1.50
2011.09.07 10:58:26.339,1.50573,1.50602,1.50,1.50
2011.09.07 10:58:26.462,1.50573,1.50605,2.25,1.50
2011.09.07 10:58:26.582,1.5058,1.50606,1.50,1.50
2011.09.07 10:58:26.921,1.50584,1.50614,1.50,2.25
2011.09.07 10:58:27.265,1.50584,1.50614,1.50,2.25
2011.09.07 10:58:27.386,1.50582,1.50614,2.25,2.25
2011.09.07 10:58:28.564,1.5058,1.50608,1.50,1.50
2011.09.07 10:58:29.400,1.50583,1.50614,1.50,2.25
2011.09.07 10:58:29.961,1.50581,1.50615,2.25,2.25
2011.09.07 10:58:31.149,1.50581,1.50613,2.25,1.50
2011.09.07 10:58:31.842,1.5058,1.50612,3.00,1.50
2011.09.07 10:58:33.290,1.50581,1.50615,2.25,2.25
2011.09.07 10:58:40.860,1.50591,1.50616,1.50,1.50
2011.09.07 10:58:41.089,1.50591,1.5062,1.50,3.00
2011.09.07 10:58:47.950,1.50591,1.5062,1.50,3.00
2011.09.07 10:58:48.071,1.50581,1.50615,2.25,2.25
2011.09.07 10:59:00.687,1.50587,1.50617,1.50,3.00
2011.09.07 10:59:01.662,1.50587,1.50615,1.50,1.50
2011.09.07 10:59:01.893,1.50582,1.50609,1.50,3.00
2011.09.07 10:59:02.872,1.50579,1.50606,1.50,1.50
2011.09.07 10:59:03.104,1.50582,1.50617,2.25,1.50
2011.09.07 10:59:03.223,1.50595,1.50623,1.50,1.50
2011.09.07 10:59:04.218,1.50587,1.50618,1.50,1.50
2011.09.07 10:59:04.347,1.50584,1.50618,1.50,1.50
2011.09.07 10:59:04.575,1.50584,1.50618,1.50,1.84
2011.09.07 10:59:04.912,1.50569,1.50604,1.28,3.00
2011.09.07 10:59:06.420,1.50569,1.50604,1.28,1.50
2011.09.07 10:59:07.092,1.50568,1.50604,3.00,1.50
2011.09.07 10:59:19.903,1.50578,1.50604,1.50,1.50
2011.09.07 10:59:20.102,1.50578,1.50611,1.50,1.50
2011.09.07 10:59:21.280,1.50576,1.50609,1.50,2.25
2011.09.07 10:59:22.412,1.50582,1.50611,1.50,1.50
2011.09.07 10:59:22.969,1.50581,1.50611,1.50,1.50
2011.09.07 10:59:23.755,1.50591,1.50614,1.50,1.50
2011.09.07 10:59:23.874,1.50591,1.50616,1.50,2.25
2011.09.07 10:59:24.432,1.50597,1.50616,1.84,2.25
2011.09.07 10:59:24.774,1.50614,1.50647,2.25,1.09
2011.09.07 10:59:24.893,1.50614,1.50645,2.25,3.00
2011.09.07 10:59:25.244,1.5061,1.50637,1.50,2.25
2011.09.07 10:59:27.335,1.50601,1.50629,1.50,1.50
2011.09.07 10:59:27.672,1.50591,1.50629,1.50,1.50
2011.09.07 10:59:27.902,1.50591,1.50632,1.50,2.25
2011.09.07 10:59:28.241,1.50589,1.50624,1.28,1.50
2011.09.07 10:59:28.581,1.50601,1.50624,1.50,1.50
2011.09.07 10:59:29.030,1.50601,1.50628,1.50,1.50
2011.09.07 10:59:29.150,1.50601,1.50631,1.50,1.50
2011.09.07 10:59:30.112,1.50593,1.50628,3.00,2.25
2011.09.07 10:59:31.005,1.50612,1.50629,1.09,1.50
2011.09.07 10:59:31.125,1.50619,1.5064,1.50,1.50
2011.09.07 10:59:31.361,1.50619,1.50646,1.50,1.50
2011.09.07 10:59:31.967,1.50619,1.5065,1.50,1.50
2011.09.07 10:59:32.083,1.50624,1.50651,1.50,2.25
2011.09.07 10:59:32.652,1.50623,1.5065,1.50,1.50
2011.09.07 10:59:33.802,1.5062,1.50649,1.50,1.50
2011.09.07 10:59:35.769,1.50623,1.5065,1.50,1.50
2011.09.07 10:59:36.332,1.50624,1.50651,1.50,2.25
2011.09.07 10:59:39.474,1.50624,1.50651,2.25,1.50
2011.09.07 10:59:39.704,1.50638,1.50664,1.50,1.50
2011.09.07 10:59:40.287,1.50637,1.50664,1.50,1.50
2011.09.07 10:59:42.163,1.50652,1.50664,1.50,1.50
2011.09.07 10:59:42.289,1.50633,1.50663,1.84,1.50
2011.09.07 10:59:45.359,1.50639,1.50662,1.50,1.09
2011.09.07 10:59:45.590,1.50637,1.50663,1.50,1.50
2011.09.07 10:59:46.371,1.50633,1.50663,1.50,1.50
2011.09.07 10:59:48.480,1.50625,1.50663,1.50,1.50
2011.09.07 10:59:53.291,1.5062,1.50654,1.28,1.50
2011.09.07 10:59:54.649,1.50625,1.50661,1.50,1.50
2011.09.07 10:59:58.240,1.50626,1.50661,1.50,1.50
2011.09.07 10:59:58.890,1.50625,1.50661,1.50,1.50
2011.09.07 10:59:59.453,1.50626,1.50661,1.50,1.50
2011.09.07 10:59:59.574,1.50617,1.50652,2.03,1.50
2011.09.07 10:59:59.693,1.50616,1.50652,2.03,1.50
2011.09.07 10:59:59.925,1.50626,1.50664,1.50,1.50
