2011.07.26 22:00:00.437,1.49845,1.49883,0.75,0.75
2011.07.26 22:00:00.558,1.49845,1.49897,0.75,1.50
2011.07.26 22:00:00.675,1.49873,1.49938,0.75,0.75
2011.07.26 22:00:00.792,1.49873,1.49949,0.75,0.75
2011.07.26 22:00:01.233,1.49873,1.49943,0.75,0.75
2011.07.26 22:00:01.452,1.49861,1.49943,0.34,0.75
2011.07.26 22:00:01.564,1.49858,1.49943,0.75,0.75
2011.07.26 22:00:02.361,1.49867,1.49943,0.75,0.75
2011.07.26 22:00:04.141,1.49871,1.49939,0.75,0.75
2011.07.26 22:00:15.083,1.49867,1.49933,0.75,0.75
2011.07.26 22:00:15.731,1.49866,1.49939,0.75,0.75
2011.07.26 22:00:17.112,1.49866,1.49934,0.75,0.75
2011.07.26 22:00:19.985,1.49862,1.49933,0.75,0.75
2011.07.26 22:00:21.073,1.49861,1.49929,0.75,0.75
2011.07.26 22:00:21.622,1.49867,1.49933,0.75,0.75
2011.07.26 22:00:26.037,1.49876,1.49944,0.75,0.75
2011.07.26 22:00:28.293,1.49866,1.49934,0.75,0.75
2011.07.26 22:00:31.144,1.49859,1.49928,0.75,0.75
2011.07.26 22:00:31.803,1.49859,1.49923,0.75,0.75
2011.07.26 22:00:31.914,1.49842,1.49921,0.75,0.75
2011.07.26 22:00:32.403,1.49846,1.49919,0.75,0.75
2011.07.26 22:00:33.393,1.49852,1.49926,0.75,0.75
2011.07.26 22:00:33.501,1.49869,1.49926,0.38,0.75
2011.07.26 22:00:33.722,1.49876,1.49959,0.38,0.38
2011.07.26 22:00:35.212,1.49871,1.49947,0.75,0.38
2011.07.26 22:00:35.544,1.49877,1.49947,0.75,0.38
2011.07.26 22:00:35.761,1.49866,1.49947,1.13,0.38
2011.07.26 22:00:36.692,1.49866,1.49933,0.75,0.38
2011.07.26 22:00:36.801,1.49858,1.49933,0.75,0.38
2011.07.26 22:00:37.131,1.49861,1.49933,0.75,0.38
2011.07.26 22:00:39.211,1.49861,1.49929,0.75,0.75
2011.07.26 22:00:40.104,1.49862,1.49923,0.75,0.75
2011.07.26 22:00:42.241,1.49869,1.49937,0.38,0.75
2011.07.26 22:00:42.353,1.49869,1.49943,0.38,0.75
2011.07.26 22:00:44.065,1.49872,1.49943,0.75,0.75
2011.07.26 22:00:44.677,1.49872,1.49944,0.75,0.38
2011.07.26 22:00:45.344,1.49876,1.49944,0.75,0.38
2011.07.26 22:00:47.093,1.49871,1.49944,0.75,1.13
2011.07.26 22:01:03.712,1.49878,1.49949,0.38,0.75
2011.07.26 22:01:05.071,1.49882,1.49948,0.75,0.75
2011.07.26 22:01:16.521,1.49882,1.49947,0.75,1.50
2011.07.26 22:02:03.612,1.49882,1.49935,0.75,1.50
2011.07.26 22:02:05.771,1.4987,1.49933,2.25,0.38
2011.07.26 22:02:05.881,1.49864,1.49932,0.75,1.50
2011.07.26 22:02:05.992,1.49857,1.49932,1.13,1.50
2011.07.26 22:02:06.101,1.49857,1.49921,1.13,1.50
2011.07.26 22:02:19.154,1.49857,1.49919,2.63,0.75
2011.07.26 22:02:19.373,1.49851,1.49917,2.25,0.38
2011.07.26 22:02:19.484,1.49851,1.49911,2.25,1.50
2011.07.26 22:02:19.592,1.49849,1.49911,2.25,1.50
2011.07.26 22:02:20.073,1.49849,1.49917,2.25,0.38
2011.07.26 22:02:20.090,1.49852,1.49917,2.25,0.38
2011.07.26 22:02:20.423,1.49857,1.49917,2.25,0.38
2011.07.26 22:02:21.385,1.49857,1.49919,2.25,0.38
2011.07.26 22:02:21.502,1.49855,1.49918,2.25,2.25
2011.07.26 22:02:21.618,1.49851,1.49918,2.25,2.25
2011.07.26 22:02:21.733,1.49848,1.49918,2.25,2.25
2011.07.26 22:02:21.841,1.49846,1.49918,2.25,2.25
2011.07.26 22:02:29.072,1.49848,1.49918,2.25,1.50
2011.07.26 22:02:29.402,1.49851,1.49927,2.25,0.38
2011.07.26 22:02:29.512,1.49866,1.4993,0.38,2.25
2011.07.26 22:02:30.062,1.49866,1.49932,0.38,1.50
2011.07.26 22:02:31.202,1.49866,1.49931,0.38,2.25
2011.07.26 22:02:32.083,1.49867,1.49931,0.75,2.25
2011.07.26 22:02:33.074,1.49871,1.49931,0.75,2.25
2011.07.26 22:02:33.813,1.49871,1.49932,0.75,3.75
2011.07.26 22:02:34.133,1.49871,1.49929,0.75,2.25
2011.07.26 22:02:38.552,1.49871,1.49931,0.75,2.25
2011.07.26 22:02:39.943,1.49861,1.49929,0.75,0.75
2011.07.26 22:02:40.052,1.49861,1.49925,0.75,1.50
2011.07.26 22:02:40.272,1.49858,1.49925,1.13,3.75
2011.07.26 22:02:40.382,1.49856,1.49926,0.75,0.38
2011.07.26 22:02:40.603,1.49858,1.49926,2.25,0.38
2011.07.26 22:02:40.931,1.49854,1.49926,2.25,0.38
2011.07.26 22:02:41.042,1.49851,1.49926,2.25,0.38
2011.07.26 22:02:42.402,1.49852,1.49926,2.25,0.38
2011.07.26 22:02:42.593,1.4985,1.49926,2.25,0.38
2011.07.26 22:02:48.304,1.49847,1.49918,2.25,1.50
2011.07.26 22:02:48.523,1.49844,1.49918,2.25,1.50
2011.07.26 22:02:49.087,1.49842,1.49918,4.50,1.50
2011.07.26 22:02:49.534,1.49841,1.49914,0.75,2.25
2011.07.26 22:02:51.055,1.49846,1.49914,0.75,2.25
2011.07.26 22:02:53.946,1.49856,1.49917,0.75,2.25
2011.07.26 22:02:54.252,1.49856,1.49915,0.75,2.25
2011.07.26 22:02:54.655,1.49856,1.49913,0.75,2.25
2011.07.26 22:02:55.623,1.49846,1.49913,0.75,2.25
2011.07.26 22:02:56.331,1.49846,1.49915,0.75,2.25
2011.07.26 22:02:56.661,1.49846,1.49917,0.75,2.25
2011.07.26 22:02:57.241,1.49846,1.49918,0.75,6.00
2011.07.26 22:02:58.002,1.49846,1.49916,0.75,2.25
2011.07.26 22:02:58.222,1.49846,1.49918,0.75,1.50
2011.07.26 22:03:01.621,1.49846,1.49917,0.75,2.25
2011.07.26 22:03:02.211,1.49846,1.49918,0.75,1.50
2011.07.26 22:03:03.262,1.49846,1.49917,0.75,2.25
2011.07.26 22:03:04.013,1.49846,1.49915,0.75,2.25
2011.07.26 22:03:04.334,1.49846,1.49918,0.75,6.00
2011.07.26 22:03:04.896,1.49842,1.49918,0.75,2.25
2011.07.26 22:03:06.075,1.49846,1.49918,0.75,1.50
2011.07.26 22:03:07.113,1.49851,1.49918,0.75,1.50
2011.07.26 22:03:07.823,1.49851,1.49916,0.75,2.25
2011.07.26 22:03:07.931,1.49851,1.49918,0.75,1.50
2011.07.26 22:03:23.353,1.49851,1.49919,0.75,2.63
2011.07.26 22:03:25.642,1.49852,1.49919,0.75,0.38
2011.07.26 22:03:26.412,1.49852,1.49918,0.75,1.50
2011.07.26 22:03:27.083,1.49851,1.49918,0.75,1.50
2011.07.26 22:03:35.346,1.49851,1.49919,0.75,1.13
2011.07.26 22:03:35.463,1.49857,1.49919,0.75,0.38
2011.07.26 22:03:39.930,1.49851,1.49918,0.75,1.50
2011.07.26 22:03:40.482,1.49851,1.49919,0.75,0.38
2011.07.26 22:03:41.106,1.49857,1.49919,0.75,0.38
2011.07.26 22:03:45.512,1.49852,1.49918,0.75,0.75
2011.07.26 22:03:45.622,1.49857,1.49919,0.75,0.38
2011.07.26 22:03:45.842,1.49852,1.49918,0.75,1.50
2011.07.26 22:03:47.022,1.49852,1.49919,0.75,0.38
2011.07.26 22:03:48.052,1.49856,1.49919,0.75,0.38
2011.07.26 22:03:56.674,1.49852,1.49919,0.75,0.38
2011.07.26 22:03:56.893,1.49856,1.49921,1.50,1.50
2011.07.26 22:03:58.103,1.49862,1.49921,0.75,1.50
2011.07.26 22:03:59.092,1.49866,1.49921,0.75,1.50
2011.07.26 22:04:38.752,1.4985,1.49919,2.25,1.50
2011.07.26 22:04:38.862,1.49856,1.49921,2.25,1.50
2011.07.26 22:04:38.971,1.4985,1.49919,2.25,1.50
2011.07.26 22:04:40.122,1.4985,1.49919,2.25,2.25
2011.07.26 22:04:44.482,1.4985,1.49919,2.25,1.50
2011.07.26 22:04:44.702,1.49855,1.49922,2.25,1.50
2011.07.26 22:04:47.053,1.49855,1.49922,2.25,1.50
2011.07.26 22:04:47.432,1.49855,1.49922,2.25,1.50
2011.07.26 22:04:47.542,1.4985,1.4992,2.25,4.50
2011.07.26 22:04:50.374,1.49851,1.49919,2.25,1.50
2011.07.26 22:04:50.701,1.49856,1.49923,2.25,3.75
2011.07.26 22:04:53.063,1.49856,1.49923,2.25,4.50
2011.07.26 22:04:57.403,1.49856,1.4992,2.25,2.25
2011.07.26 22:04:57.623,1.49851,1.49919,2.25,1.50
2011.07.26 22:04:57.733,1.49852,1.49919,2.25,2.25
2011.07.26 22:05:40.610,1.49849,1.4992,2.25,1.50
2011.07.26 22:05:41.685,1.49851,1.49919,2.25,2.25
2011.07.26 22:06:36.572,1.49851,1.49919,2.25,1.50
2011.07.26 22:06:36.790,1.49857,1.49922,2.25,3.75
2011.07.26 22:06:39.111,1.49857,1.49922,2.25,1.50
2011.07.26 22:06:40.343,1.49857,1.49922,2.25,2.25
2011.07.26 22:07:40.372,1.49851,1.49919,1.50,1.50
2011.07.26 22:08:19.646,1.49847,1.49918,2.25,1.50
2011.07.26 22:08:19.762,1.49846,1.49918,3.00,1.50
2011.07.26 22:08:21.031,1.49845,1.49918,4.13,2.25
2011.07.26 22:08:30.622,1.49845,1.49918,4.13,1.50
2011.07.26 22:08:30.859,1.49845,1.49918,4.13,2.25
2011.07.26 22:08:38.699,1.49847,1.49918,3.00,2.25
2011.07.26 22:08:39.051,1.49847,1.49911,3.00,1.50
2011.07.26 22:08:41.050,1.49846,1.49911,3.00,2.25
2011.07.26 22:08:41.379,1.49846,1.49911,3.00,1.50
2011.07.26 22:09:41.573,1.49844,1.49911,3.00,1.50
2011.07.26 22:09:46.771,1.49848,1.49911,1.13,1.50
2011.07.26 22:09:46.990,1.49856,1.49916,1.50,1.50
2011.07.26 22:09:49.090,1.49858,1.49916,1.50,1.50
2011.07.26 22:09:50.611,1.49857,1.49925,1.50,2.25
2011.07.26 22:09:51.121,1.49856,1.49923,1.13,2.25
2011.07.26 22:09:54.441,1.49863,1.49925,1.88,3.00
2011.07.26 22:09:54.550,1.49863,1.49931,1.88,1.50
2011.07.26 22:09:54.660,1.49863,1.49931,2.63,1.50
2011.07.26 22:09:54.879,1.4986,1.49922,2.25,1.50
2011.07.26 22:09:55.100,1.49848,1.49922,1.13,1.50
2011.07.26 22:09:57.081,1.49848,1.49922,1.13,1.50
2011.07.26 22:09:58.431,1.49857,1.49922,1.50,1.50
2011.07.26 22:09:58.761,1.49863,1.49929,2.25,1.13
2011.07.26 22:09:58.870,1.49863,1.49929,1.50,3.38
2011.07.26 22:09:58.979,1.4985,1.49922,3.00,1.50
2011.07.26 22:10:00.981,1.49858,1.49922,1.50,1.50
2011.07.26 22:10:01.202,1.49864,1.49929,1.50,1.13
2011.07.26 22:10:01.422,1.49857,1.49923,2.25,1.50
2011.07.26 22:10:02.534,1.49848,1.49923,3.38,1.50
2011.07.26 22:10:02.882,1.49856,1.49923,1.50,1.50
2011.07.26 22:10:02.991,1.49864,1.4993,1.50,1.50
2011.07.26 22:10:03.210,1.49864,1.4993,2.25,1.50
2011.07.26 22:10:03.793,1.49849,1.49923,1.13,1.50
2011.07.26 22:10:05.893,1.4985,1.49923,3.00,1.50
2011.07.26 22:10:06.000,1.49862,1.49923,2.63,1.50
2011.07.26 22:10:06.574,1.49863,1.49931,2.63,1.50
2011.07.26 22:10:07.211,1.49863,1.49928,2.25,1.13
2011.07.26 22:10:07.431,1.49851,1.49923,3.00,1.50
2011.07.26 22:10:08.631,1.49848,1.49923,1.13,1.50
2011.07.26 22:10:08.740,1.49864,1.49926,1.50,2.25
2011.07.26 22:10:08.850,1.49864,1.4993,1.50,1.50
2011.07.26 22:10:08.961,1.49864,1.4993,2.25,1.50
2011.07.26 22:10:09.650,1.49864,1.4993,2.25,2.25
2011.07.26 22:10:09.980,1.49849,1.49923,1.13,1.50
2011.07.26 22:10:11.741,1.49856,1.49925,1.13,2.25
2011.07.26 22:10:12.760,1.49867,1.49932,1.13,2.25
2011.07.26 22:10:12.982,1.49867,1.49934,1.13,2.25
2011.07.26 22:10:13.091,1.49879,1.49935,2.63,2.25
2011.07.26 22:10:13.571,1.49879,1.49944,1.88,1.50
2011.07.26 22:10:15.082,1.49879,1.49944,2.63,1.50
2011.07.26 22:10:16.119,1.49879,1.49944,2.63,2.25
2011.07.26 22:10:24.482,1.49879,1.49944,2.63,2.25
2011.07.26 22:10:32.952,1.49879,1.49943,1.13,1.50
2011.07.26 22:10:33.172,1.49889,1.49949,1.50,1.50
2011.07.26 22:10:33.392,1.49892,1.49957,1.50,1.50
2011.07.26 22:10:33.880,1.4988,1.49955,2.63,2.25
2011.07.26 22:10:34.212,1.49877,1.49943,3.00,2.25
2011.07.26 22:10:34.922,1.49886,1.49944,1.50,1.50
2011.07.26 22:10:35.141,1.499,1.49964,1.50,2.25
2011.07.26 22:10:35.251,1.499,1.49964,1.50,3.00
2011.07.26 22:10:35.361,1.49891,1.49956,1.50,2.25
2011.07.26 22:10:35.471,1.49881,1.49951,1.13,2.25
2011.07.26 22:10:38.122,1.49881,1.49951,1.13,2.25
2011.07.26 22:10:40.280,1.49879,1.49951,1.50,2.25
2011.07.26 22:10:40.850,1.49879,1.49953,1.50,2.63
2011.07.26 22:10:41.135,1.49878,1.49943,1.50,1.50
2011.07.26 22:10:41.470,1.49878,1.49943,2.25,1.50
2011.07.26 22:10:44.081,1.49878,1.49943,2.25,2.25
2011.07.26 22:11:00.151,1.49878,1.49943,2.25,1.50
2011.07.26 22:11:00.794,1.49874,1.49942,1.13,1.50
2011.07.26 22:11:01.130,1.49867,1.49932,3.00,1.50
2011.07.26 22:11:02.492,1.49864,1.49932,4.50,1.50
2011.07.26 22:11:02.710,1.49864,1.49926,3.00,1.50
2011.07.26 22:11:06.133,1.49863,1.49926,3.00,1.50
2011.07.26 22:11:07.133,1.49863,1.49926,3.00,2.25
2011.07.26 22:11:18.751,1.49861,1.49923,2.25,1.50
2011.07.26 22:11:18.860,1.49858,1.49924,2.25,1.50
2011.07.26 22:11:20.032,1.49856,1.49921,3.00,1.88
2011.07.26 22:11:29.792,1.49854,1.49921,2.25,1.88
2011.07.26 22:11:31.093,1.49853,1.49918,3.00,1.88
2011.07.26 22:11:41.992,1.49859,1.49929,1.13,2.25
2011.07.26 22:11:42.213,1.49861,1.49929,3.00,1.50
2011.07.26 22:11:42.430,1.49864,1.49929,2.25,1.50
2011.07.26 22:11:43.081,1.49864,1.49929,3.00,1.50
2011.07.26 22:11:53.622,1.49866,1.49931,1.13,1.50
2011.07.26 22:11:55.121,1.49866,1.49931,1.13,1.50
2011.07.26 22:11:56.114,1.49866,1.49931,1.13,1.50
2011.07.26 22:12:09.410,1.49866,1.49931,1.13,1.50
2011.07.26 22:12:09.521,1.49866,1.49923,1.50,1.50
2011.07.26 22:12:10.112,1.49866,1.49923,1.50,1.50
2011.07.26 22:12:12.020,1.49863,1.49919,1.50,1.50
2011.07.26 22:12:12.241,1.49856,1.49912,3.00,1.50
2011.07.26 22:12:12.571,1.49856,1.49914,3.00,1.50
2011.07.26 22:12:12.902,1.49857,1.49914,1.50,1.50
2011.07.26 22:12:15.063,1.4986,1.49914,1.50,2.25
2011.07.26 22:12:16.143,1.49857,1.49914,1.50,2.25
2011.07.26 22:12:16.361,1.49857,1.49909,1.50,1.50
2011.07.26 22:12:16.471,1.4985,1.49909,1.50,1.50
2011.07.26 22:12:19.082,1.4985,1.49909,1.50,2.25
2011.07.26 22:12:41.460,1.4985,1.49909,1.88,1.50
2011.07.26 22:12:41.571,1.4985,1.49921,1.88,1.50
2011.07.26 22:13:42.936,1.49854,1.49921,2.25,1.50
2011.07.26 22:13:51.259,1.49849,1.49921,2.63,1.50
2011.07.26 22:13:59.041,1.49853,1.49921,2.25,1.50
2011.07.26 22:14:04.875,1.49857,1.49921,4.50,1.50
2011.07.26 22:14:05.383,1.49859,1.49921,2.25,1.50
2011.07.26 22:14:52.982,1.49861,1.49921,2.25,1.50
2011.07.26 22:14:53.720,1.49859,1.49921,4.50,1.50
2011.07.26 22:14:57.550,1.4986,1.49921,2.25,1.50
2011.07.26 22:14:58.051,1.49858,1.49921,4.50,1.50
2011.07.26 22:15:01.295,1.49856,1.49921,2.25,1.50
2011.07.26 22:15:02.343,1.49859,1.49921,2.25,1.50
2011.07.26 22:15:03.125,1.49862,1.49921,2.25,1.50
2011.07.26 22:15:05.721,1.4986,1.49921,2.25,1.50
2011.07.26 22:15:06.360,1.49862,1.49921,2.25,1.50
2011.07.26 22:15:06.611,1.4986,1.49921,2.25,1.50
2011.07.26 22:15:07.284,1.49859,1.49921,2.25,1.50
2011.07.26 22:15:07.390,1.49857,1.49921,2.25,1.50
2011.07.26 22:15:08.060,1.4986,1.49921,2.25,1.50
2011.07.26 22:15:09.233,1.49862,1.49921,2.63,2.25
2011.07.26 22:15:09.451,1.49865,1.49928,2.25,1.50
2011.07.26 22:15:09.690,1.49868,1.49928,2.25,1.50
2011.07.26 22:15:09.910,1.49865,1.49928,2.25,1.50
2011.07.26 22:15:10.212,1.49865,1.49927,2.25,1.13
2011.07.26 22:15:10.761,1.49861,1.4992,2.25,1.50
2011.07.26 22:15:10.870,1.49855,1.4992,3.00,1.50
2011.07.26 22:15:10.980,1.49859,1.4992,2.25,1.50
2011.07.26 22:15:15.651,1.49857,1.4992,3.00,1.50
2011.07.26 22:15:16.161,1.49857,1.49922,3.00,1.50
2011.07.26 22:15:17.590,1.49858,1.49922,2.25,1.50
2011.07.26 22:15:18.210,1.49858,1.49922,2.25,1.88
2011.07.26 22:15:18.540,1.4985,1.4991,3.00,1.50
2011.07.26 22:15:20.992,1.49853,1.49911,3.00,1.50
2011.07.26 22:15:21.321,1.49857,1.49923,2.25,1.50
2011.07.26 22:15:21.651,1.49859,1.49923,2.25,1.50
2011.07.26 22:15:22.320,1.49857,1.49923,2.25,1.50
2011.07.26 22:15:23.594,1.49859,1.49923,2.25,1.50
2011.07.26 22:15:24.340,1.49861,1.49923,2.25,1.50
2011.07.26 22:15:27.821,1.49861,1.49922,2.25,1.50
2011.07.26 22:15:37.801,1.49866,1.49925,1.50,2.25
2011.07.26 22:15:39.231,1.49866,1.49925,2.25,2.25
2011.07.26 22:15:40.102,1.49866,1.49925,2.25,2.25
2011.07.26 22:16:00.442,1.49866,1.49925,2.25,1.50
2011.07.26 22:16:00.551,1.49871,1.49935,1.13,3.00
2011.07.26 22:16:00.883,1.49882,1.49949,1.50,1.13
2011.07.26 22:16:21.254,1.49884,1.49951,1.13,2.25
2011.07.26 22:16:21.471,1.49884,1.4996,2.63,1.13
2011.07.26 22:16:21.911,1.49884,1.49958,2.63,2.25
2011.07.26 22:16:25.352,1.49884,1.49958,1.88,2.25
2011.07.26 22:16:25.722,1.49884,1.49956,1.13,2.25
2011.07.26 22:16:25.837,1.49884,1.49961,2.63,3.38
2011.07.26 22:16:26.411,1.49888,1.49961,1.88,3.00
2011.07.26 22:16:28.402,1.49884,1.49961,2.63,3.75
2011.07.26 22:16:28.621,1.49882,1.49958,1.50,4.88
2011.07.26 22:16:28.732,1.49882,1.49956,1.50,1.13
2011.07.26 22:16:28.950,1.4988,1.49958,1.13,4.13
2011.07.26 22:16:29.062,1.49884,1.4996,1.50,4.88
2011.07.26 22:16:30.029,1.49886,1.49961,3.00,1.50
2011.07.26 22:16:30.544,1.49884,1.49958,1.50,1.13
2011.07.26 22:16:30.664,1.49881,1.49958,2.25,1.13
2011.07.26 22:16:30.994,1.49884,1.49958,1.50,2.63
2011.07.26 22:16:31.491,1.49886,1.49961,2.25,2.25
2011.07.26 22:16:32.121,1.49886,1.49961,3.00,1.50
2011.07.26 22:16:33.172,1.49884,1.49958,1.50,2.63
2011.07.26 22:16:33.281,1.4988,1.49956,1.13,1.13
2011.07.26 22:16:33.502,1.49879,1.49956,2.63,1.13
2011.07.26 22:16:33.830,1.49891,1.49956,1.50,1.13
2011.07.26 22:16:33.942,1.49891,1.49956,1.50,1.13
2011.07.26 22:16:34.161,1.49891,1.49957,1.50,1.13
2011.07.26 22:16:35.141,1.49891,1.49956,1.50,1.13
2011.07.26 22:16:35.251,1.49891,1.49958,1.50,3.00
2011.07.26 22:16:35.833,1.49891,1.4996,2.25,1.50
2011.07.26 22:16:36.666,1.49891,1.4996,2.25,2.25
2011.07.26 22:16:37.111,1.49887,1.49955,3.00,1.50
2011.07.26 22:16:37.390,1.49887,1.49955,3.00,1.50
2011.07.26 22:16:39.073,1.49886,1.49955,2.25,2.25
2011.07.26 22:16:39.951,1.49886,1.49953,2.25,1.13
2011.07.26 22:16:40.281,1.49885,1.49943,2.25,1.50
2011.07.26 22:16:40.940,1.49885,1.49943,2.25,1.50
2011.07.26 22:16:42.440,1.49885,1.49943,1.50,1.50
2011.07.26 22:16:42.552,1.4988,1.49941,2.25,1.50
2011.07.26 22:16:43.641,1.49886,1.49942,1.50,1.50
2011.07.26 22:16:45.062,1.49886,1.49942,1.50,2.25
2011.07.26 22:16:45.521,1.49886,1.49942,1.50,1.50
2011.07.26 22:16:45.631,1.49889,1.49946,1.50,2.25
2011.07.26 22:16:46.184,1.49889,1.49946,1.50,1.50
2011.07.26 22:16:46.400,1.49893,1.49951,1.50,2.25
2011.07.26 22:16:48.032,1.49893,1.49951,1.50,2.25
2011.07.26 22:16:48.444,1.49896,1.49951,1.50,1.50
2011.07.26 22:16:49.311,1.49896,1.49951,1.84,1.50
2011.07.26 22:16:50.620,1.49896,1.49951,1.50,1.50
2011.07.26 22:16:50.731,1.49888,1.49947,2.25,1.50
2011.07.26 22:16:50.952,1.49888,1.49947,1.50,2.25
2011.07.26 22:16:51.060,1.49877,1.49944,3.75,2.25
2011.07.26 22:16:51.170,1.49879,1.49944,2.25,2.25
2011.07.26 22:16:51.391,1.49877,1.49944,3.75,2.25
2011.07.26 22:16:51.950,1.49877,1.49944,4.50,2.25
2011.07.26 22:16:52.500,1.49877,1.49944,3.75,1.50
2011.07.26 22:16:52.890,1.49889,1.49946,1.50,1.50
2011.07.26 22:16:53.534,1.49889,1.49946,1.50,2.25
2011.07.26 22:16:53.971,1.49879,1.49923,2.25,1.50
2011.07.26 22:16:54.083,1.49876,1.49923,2.25,1.50
2011.07.26 22:16:54.192,1.4987,1.49923,2.25,1.50
2011.07.26 22:16:54.301,1.49876,1.49932,1.50,1.88
2011.07.26 22:16:56.732,1.49876,1.49931,2.25,1.13
2011.07.26 22:16:57.562,1.49876,1.49932,2.25,1.88
2011.07.26 22:16:57.781,1.49877,1.49933,1.50,1.50
2011.07.26 22:16:57.891,1.49877,1.49933,1.84,1.50
2011.07.26 22:16:58.441,1.49881,1.49938,2.59,1.50
2011.07.26 22:16:58.881,1.49884,1.49943,1.50,1.13
2011.07.26 22:16:58.992,1.49884,1.49944,1.50,2.25
2011.07.26 22:16:59.101,1.49882,1.49939,1.09,2.25
2011.07.26 22:17:00.542,1.49881,1.49939,1.09,2.25
2011.07.26 22:17:00.761,1.49882,1.49939,1.09,1.50
2011.07.26 22:17:01.331,1.49882,1.49938,1.09,1.50
2011.07.26 22:17:02.073,1.49882,1.49938,1.09,1.50
2011.07.26 22:17:19.652,1.49886,1.49942,2.25,1.50
2011.07.26 22:17:19.764,1.49882,1.49938,1.09,1.50
2011.07.26 22:17:20.091,1.49881,1.49938,2.59,2.25
2011.07.26 22:17:21.050,1.49882,1.49938,1.09,1.50
2011.07.26 22:17:25.033,1.49881,1.49938,1.84,2.25
2011.07.26 22:17:27.374,1.49882,1.49938,1.09,1.50
2011.07.26 22:17:30.981,1.49881,1.49938,1.50,1.88
2011.07.26 22:17:31.093,1.49871,1.49934,1.09,1.50
2011.07.26 22:17:32.044,1.49875,1.49935,1.84,1.50
2011.07.26 22:17:33.181,1.49875,1.49935,1.84,2.25
2011.07.26 22:17:34.083,1.49875,1.49935,2.59,2.25
2011.07.26 22:18:34.903,1.49875,1.49935,1.50,1.50
2011.07.26 22:18:38.651,1.49868,1.49927,2.25,1.50
2011.07.26 22:18:51.571,1.49868,1.49927,1.50,2.25
2011.07.26 22:18:52.031,1.49868,1.49927,2.25,1.50
2011.07.26 22:19:10.191,1.49868,1.49927,1.50,2.25
2011.07.26 22:19:10.410,1.49868,1.49927,2.25,1.50
2011.07.26 22:19:23.876,1.49868,1.49927,2.25,1.50
2011.07.26 22:19:24.103,1.49874,1.49934,1.50,2.25
2011.07.26 22:19:26.048,1.49874,1.49934,2.25,2.25
2011.07.26 22:20:15.462,1.49866,1.49933,2.25,1.50
2011.07.26 22:20:15.683,1.49866,1.49933,1.50,1.50
2011.07.26 22:20:15.791,1.49862,1.49932,2.25,1.50
2011.07.26 22:20:16.013,1.49859,1.49905,2.25,1.50
2011.07.26 22:20:16.121,1.49849,1.49905,3.00,1.50
2011.07.26 22:20:16.562,1.49847,1.49905,4.50,1.50
2011.07.26 22:20:16.782,1.49856,1.49916,1.50,1.88
2011.07.26 22:20:17.003,1.49857,1.4991,2.25,1.50
2011.07.26 22:20:17.223,1.49853,1.4991,2.25,1.50
2011.07.26 22:20:17.332,1.49851,1.4991,2.25,1.50
2011.07.26 22:20:18.061,1.49856,1.49912,1.50,1.50
2011.07.26 22:20:18.748,1.49856,1.49912,2.25,1.50
2011.07.26 22:20:19.231,1.49856,1.49912,2.25,2.25
2011.07.26 22:20:22.682,1.49856,1.49912,1.50,1.50
2011.07.26 22:20:24.073,1.49856,1.49912,2.25,1.50
2011.07.26 22:20:25.062,1.49856,1.49912,2.25,2.25
2011.07.26 22:21:02.931,1.49856,1.49912,1.50,2.25
2011.07.26 22:21:03.041,1.49856,1.49912,2.25,2.25
2011.07.26 22:21:06.833,1.49856,1.49912,2.25,1.50
2011.07.26 22:21:07.051,1.4986,1.49918,1.50,2.25
2011.07.26 22:21:09.082,1.4986,1.49918,2.25,2.25
2011.07.26 22:21:43.072,1.49856,1.49915,2.25,2.25
2011.07.26 22:21:54.374,1.49842,1.49912,1.50,2.25
2011.07.26 22:21:54.592,1.49843,1.49912,3.00,2.25
2011.07.26 22:21:55.013,1.4985,1.49912,1.50,2.25
2011.07.26 22:21:55.671,1.4985,1.49912,2.25,2.25
2011.07.26 22:21:58.894,1.49853,1.49912,2.25,2.25
2011.07.26 22:21:59.110,1.49854,1.49928,2.59,1.13
2011.07.26 22:21:59.221,1.49857,1.49933,1.09,3.00
2011.07.26 22:21:59.551,1.49859,1.49933,1.09,3.00
2011.07.26 22:21:59.984,1.49854,1.49932,2.25,3.00
2011.07.26 22:22:00.094,1.49851,1.49928,3.00,1.50
2011.07.26 22:22:00.421,1.49851,1.49926,3.00,1.50
2011.07.26 22:22:01.034,1.49855,1.49926,2.25,1.50
2011.07.26 22:22:01.362,1.49858,1.49926,2.25,1.50
2011.07.26 22:22:02.103,1.49857,1.49926,2.25,1.50
2011.07.26 22:22:03.093,1.49857,1.49926,2.25,1.50
2011.07.26 22:22:03.653,1.4986,1.49926,2.25,1.50
2011.07.26 22:22:03.981,1.49862,1.49926,2.25,1.50
2011.07.26 22:22:10.832,1.49863,1.49927,2.25,1.50
2011.07.26 22:22:13.183,1.49863,1.49927,2.25,1.50
2011.07.26 22:22:13.491,1.49865,1.49921,1.50,2.25
2011.07.26 22:22:13.607,1.49863,1.4992,2.25,2.25
2011.07.26 22:22:15.103,1.49863,1.4992,2.25,2.25
2011.07.26 22:22:15.452,1.49863,1.4992,2.25,2.25
2011.07.26 22:22:17.826,1.49863,1.4992,2.25,2.25
2011.07.26 22:22:17.947,1.4986,1.49921,2.25,2.25
2011.07.26 22:22:18.283,1.49862,1.49921,2.25,2.25
2011.07.26 22:22:18.502,1.49859,1.49921,2.25,2.25
2011.07.26 22:22:20.033,1.49859,1.49921,2.25,2.25
2011.07.26 22:22:21.582,1.49857,1.49921,2.25,2.25
2011.07.26 22:22:22.172,1.4986,1.49921,2.25,2.25
2011.07.26 22:22:28.671,1.49862,1.49921,2.25,2.25
2011.07.26 22:22:28.982,1.4986,1.49921,4.50,2.25
2011.07.26 22:22:30.451,1.49861,1.49921,2.25,2.25
2011.07.26 22:22:35.953,1.49861,1.49921,2.25,2.25
2011.07.26 22:22:36.282,1.49867,1.49923,1.50,2.25
2011.07.26 22:22:38.043,1.49867,1.49923,1.50,2.25
2011.07.26 22:22:45.401,1.49867,1.49923,2.25,2.25
2011.07.26 22:22:45.520,1.4987,1.49928,1.50,2.25
2011.07.26 22:22:47.819,1.4987,1.49928,2.25,2.25
2011.07.26 22:22:56.269,1.4987,1.49928,1.50,2.25
2011.07.26 22:22:56.381,1.49879,1.49932,1.50,2.25
2011.07.26 22:22:58.063,1.49879,1.49932,1.50,2.25
2011.07.26 22:23:00.247,1.49865,1.49918,2.63,1.50
2011.07.26 22:23:02.130,1.49865,1.49918,1.50,2.25
2011.07.26 22:23:03.414,1.4987,1.49928,1.50,2.25
2011.07.26 22:23:04.688,1.4987,1.49928,1.50,2.25
2011.07.26 22:23:06.081,1.4987,1.49928,2.25,2.25
2011.07.26 22:23:08.363,1.4987,1.49928,2.25,2.25
2011.07.26 22:23:08.589,1.49875,1.49933,1.50,2.25
2011.07.26 22:23:09.940,1.49875,1.49933,2.25,2.25
2011.07.26 22:23:34.359,1.49875,1.49933,1.50,2.25
2011.07.26 22:23:34.690,1.49878,1.49935,1.50,2.25
2011.07.26 22:23:34.798,1.49883,1.49939,1.50,2.25
2011.07.26 22:23:36.121,1.49883,1.49939,1.50,2.25
2011.07.26 22:23:48.889,1.49885,1.49941,1.50,2.25
2011.07.26 22:23:54.029,1.49885,1.49941,1.50,2.25
2011.07.26 22:23:54.138,1.49882,1.4994,1.50,2.25
2011.07.26 22:24:01.668,1.4988,1.4994,1.50,2.25
2011.07.26 22:24:03.017,1.49879,1.49939,1.50,2.25
2011.07.26 22:24:11.457,1.49879,1.49939,2.25,2.25
2011.07.26 22:24:11.678,1.49884,1.49942,1.50,2.25
2011.07.26 22:24:13.489,1.49884,1.49942,2.25,2.25
2011.07.26 22:24:20.889,1.49884,1.49942,1.50,2.25
2011.07.26 22:24:21.108,1.49888,1.49947,1.50,2.25
2011.07.26 22:24:22.101,1.49888,1.49947,1.50,2.25
2011.07.26 22:24:23.051,1.49888,1.49944,1.50,1.13
2011.07.26 22:24:23.391,1.49888,1.49941,1.50,1.13
2011.07.26 22:24:23.500,1.49884,1.49941,1.50,1.13
2011.07.26 22:24:26.059,1.49884,1.49941,2.25,1.13
2011.07.26 22:24:34.982,1.49884,1.49941,1.50,1.13
2011.07.26 22:24:35.099,1.49878,1.49933,1.50,2.25
2011.07.26 22:24:36.960,1.49878,1.49933,1.50,2.25
2011.07.26 22:24:37.810,1.49871,1.49927,2.25,1.50
2011.07.26 22:25:13.138,1.49864,1.49919,3.00,1.50
2011.07.26 22:25:14.502,1.49864,1.49924,1.50,1.13
2011.07.26 22:25:14.624,1.49864,1.49926,1.50,1.88
2011.07.26 22:25:14.849,1.4987,1.49928,1.50,2.25
2011.07.26 22:25:15.709,1.4987,1.49928,1.50,1.50
2011.07.26 22:25:15.931,1.49872,1.49934,1.50,1.13
2011.07.26 22:25:17.079,1.49872,1.49939,1.50,1.50
2011.07.26 22:25:37.504,1.4987,1.49928,2.25,1.50
2011.07.26 22:25:40.076,1.4987,1.49928,2.25,2.25
2011.07.26 22:25:42.559,1.4987,1.49928,1.50,2.25
2011.07.26 22:25:44.239,1.49872,1.49934,1.50,3.00
2011.07.26 22:25:44.569,1.49885,1.49941,1.50,2.63
2011.07.26 22:25:46.173,1.49885,1.49941,1.50,2.63
2011.07.26 22:25:46.565,1.49885,1.49941,2.25,2.63
2011.07.26 22:25:51.870,1.49888,1.49945,1.50,3.00
2011.07.26 22:25:51.979,1.49888,1.49945,1.50,3.00
2011.07.26 22:25:52.310,1.49898,1.49945,1.50,2.25
2011.07.26 22:25:52.419,1.49898,1.49949,1.50,2.25
2011.07.26 22:25:52.528,1.49898,1.49958,1.50,4.50
2011.07.26 22:25:52.641,1.49899,1.49955,1.50,1.50
2011.07.26 22:25:53.011,1.49893,1.49951,1.50,1.50
2011.07.26 22:25:54.109,1.49893,1.49951,1.50,2.25
2011.07.26 22:25:55.080,1.49893,1.49951,1.50,2.25
2011.07.26 22:26:20.671,1.49893,1.49951,1.50,2.25
2011.07.26 22:26:20.889,1.49899,1.49955,1.50,2.25
2011.07.26 22:26:21.001,1.49899,1.49955,1.50,1.50
2011.07.26 22:26:21.109,1.49905,1.49963,1.50,3.38
2011.07.26 22:26:21.441,1.49903,1.49959,1.50,2.25
2011.07.26 22:26:24.090,1.49903,1.49959,1.50,2.25
2011.07.26 22:26:36.403,1.49903,1.49959,2.25,2.25
2011.07.26 22:26:36.522,1.49903,1.49959,1.50,2.25
2011.07.26 22:26:55.683,1.49903,1.49959,2.25,2.25
2011.07.26 22:26:56.151,1.49903,1.49959,1.50,2.25
2011.07.26 22:27:00.921,1.49876,1.49934,2.25,1.13
2011.07.26 22:27:01.261,1.49869,1.49932,1.50,1.50
2011.07.26 22:27:01.855,1.49868,1.49927,1.09,1.13
2011.07.26 22:27:02.077,1.49865,1.49925,1.13,3.00
2011.07.26 22:27:02.185,1.49863,1.49921,1.88,1.50
2011.07.26 22:27:02.411,1.49859,1.4992,2.22,1.13
2011.07.26 22:27:02.964,1.49862,1.49922,1.50,2.25
2011.07.26 22:27:03.083,1.49863,1.49928,1.13,1.50
2011.07.26 22:27:03.194,1.49873,1.49917,2.25,1.84
2011.07.26 22:27:03.423,1.49865,1.49919,1.13,2.63
2011.07.26 22:27:03.754,1.49857,1.49921,1.13,2.63
2011.07.26 22:27:03.864,1.49854,1.49918,1.13,1.88
2011.07.26 22:27:04.634,1.49851,1.49917,1.13,1.88
2011.07.26 22:27:05.992,1.49852,1.49914,1.50,2.25
2011.07.26 22:27:06.544,1.49854,1.49918,1.50,1.50
2011.07.26 22:27:06.984,1.49856,1.4992,1.50,1.50
2011.07.26 22:27:07.546,1.49862,1.4992,1.09,1.13
2011.07.26 22:27:07.680,1.49858,1.49927,1.09,1.13
2011.07.26 22:27:08.414,1.49869,1.49921,1.50,1.13
2011.07.26 22:27:08.972,1.49866,1.49922,1.50,1.13
2011.07.26 22:27:09.093,1.4987,1.49918,1.13,2.63
2011.07.26 22:27:09.646,1.49862,1.49921,2.25,1.13
2011.07.26 22:27:09.864,1.49857,1.49916,2.25,2.63
2011.07.26 22:27:10.086,1.4986,1.49903,2.25,1.13
2011.07.26 22:27:10.475,1.49858,1.49905,1.88,1.13
2011.07.26 22:27:11.029,1.49862,1.49904,1.50,1.13
2011.07.26 22:27:11.474,1.49857,1.49912,1.13,1.09
2011.07.26 22:27:11.587,1.49856,1.49908,1.50,1.50
2011.07.26 22:27:11.707,1.49857,1.49906,2.25,1.84
2011.07.26 22:27:12.120,1.49855,1.49907,1.13,2.25
2011.07.26 22:27:12.244,1.49852,1.49909,2.25,1.50
2011.07.26 22:27:12.354,1.49857,1.49904,1.09,1.88
2011.07.26 22:27:12.464,1.49857,1.49909,1.88,1.50
2011.07.26 22:27:12.801,1.4986,1.49914,2.25,1.13
2011.07.26 22:27:12.914,1.49862,1.49917,1.08,1.50
2011.07.26 22:27:13.354,1.49869,1.49915,1.50,1.50
2011.07.26 22:27:13.690,1.4987,1.49917,1.88,1.88
2011.07.26 22:27:14.032,1.49873,1.49917,1.50,1.13
2011.07.26 22:27:14.364,1.49866,1.4992,1.50,1.13
2011.07.26 22:27:14.695,1.49862,1.4992,1.50,2.25
2011.07.26 22:27:14.915,1.49857,1.49917,1.13,1.13
2011.07.26 22:27:15.033,1.49852,1.49912,1.50,1.84
2011.07.26 22:27:15.145,1.49853,1.49905,1.09,1.88
2011.07.26 22:27:15.262,1.49861,1.49904,2.25,2.25
2011.07.26 22:27:15.373,1.49869,1.49908,1.50,1.50
2011.07.26 22:27:15.491,1.49869,1.49923,1.13,1.88
2011.07.26 22:27:15.824,1.49874,1.49926,1.09,2.25
2011.07.26 22:27:15.934,1.49873,1.49927,1.88,1.50
2011.07.26 22:27:16.273,1.49872,1.49923,1.88,1.88
2011.07.26 22:27:16.495,1.49864,1.49922,1.35,1.13
2011.07.26 22:27:16.935,1.49862,1.49916,1.50,1.50
2011.07.26 22:27:17.273,1.49855,1.49916,1.09,1.88
2011.07.26 22:27:17.384,1.49856,1.49915,2.63,2.63
2011.07.26 22:27:17.722,1.49857,1.49915,1.50,1.84
2011.07.26 22:27:18.058,1.49859,1.49915,1.09,1.13
2011.07.26 22:27:18.181,1.49861,1.49915,1.88,1.88
2011.07.26 22:27:18.266,1.49859,1.49916,1.88,1.88
2011.07.26 22:27:18.655,1.4986,1.49914,2.97,1.50
2011.07.26 22:27:19.314,1.49857,1.49914,1.50,1.88
2011.07.26 22:27:19.866,1.49857,1.49915,1.08,1.50
2011.07.26 22:27:19.983,1.4986,1.49918,1.13,2.63
2011.07.26 22:27:20.535,1.4986,1.49918,1.47,1.88
2011.07.26 22:27:20.644,1.49859,1.49918,1.50,1.50
2011.07.26 22:27:21.092,1.49858,1.49919,1.13,1.13
2011.07.26 22:27:21.606,1.49866,1.4991,2.25,1.50
2011.07.26 22:27:22.044,1.49855,1.49922,1.13,1.13
2011.07.26 22:27:22.264,1.49863,1.49923,2.25,1.13
2011.07.26 22:27:22.602,1.49867,1.49925,1.32,2.25
2011.07.26 22:27:22.714,1.49867,1.49931,1.88,1.88
2011.07.26 22:27:23.045,1.49867,1.49925,1.50,1.50
2011.07.26 22:27:23.383,1.49857,1.4992,1.13,1.50
2011.07.26 22:27:23.723,1.49851,1.49913,1.50,1.09
2011.07.26 22:27:24.172,1.49851,1.49907,1.09,1.50
2011.07.26 22:27:24.402,1.4985,1.49913,1.88,1.50
2011.07.26 22:27:24.803,1.49853,1.4992,2.25,1.13
2011.07.26 22:27:26.896,1.49857,1.49923,1.88,1.88
2011.07.26 22:27:27.223,1.49864,1.49923,2.97,1.50
2011.07.26 22:27:27.395,1.49867,1.49923,1.50,1.09
2011.07.26 22:27:27.953,1.49865,1.49921,1.50,1.09
2011.07.26 22:27:28.071,1.4986,1.49917,1.50,1.13
2011.07.26 22:27:28.193,1.4986,1.49911,1.50,1.50
2011.07.26 22:27:28.532,1.49851,1.49917,1.13,2.25
2011.07.26 22:27:28.772,1.4986,1.4991,1.88,1.13
2011.07.26 22:27:29.390,1.49854,1.49917,1.50,1.84
2011.07.26 22:27:29.942,1.49856,1.49917,1.09,1.50
2011.07.26 22:27:30.055,1.49854,1.49919,1.09,1.88
2011.07.26 22:27:30.607,1.49854,1.49921,1.13,1.88
2011.07.26 22:27:30.943,1.49858,1.49918,1.13,1.88
2011.07.26 22:27:31.063,1.49859,1.4992,1.50,1.09
2011.07.26 22:27:31.404,1.49858,1.4992,1.50,1.09
2011.07.26 22:27:31.954,1.49858,1.4992,1.13,1.09
2011.07.26 22:27:32.070,1.49852,1.49922,1.13,1.13
2011.07.26 22:27:32.192,1.4985,1.49917,1.13,1.13
2011.07.26 22:27:32.637,1.49848,1.49915,1.13,1.13
2011.07.26 22:27:32.761,1.49857,1.49912,1.09,1.13
2011.07.26 22:27:33.271,1.49855,1.4992,1.50,1.50
2011.07.26 22:27:33.494,1.49855,1.49923,2.97,1.50
2011.07.26 22:27:34.046,1.49859,1.49919,1.88,1.13
2011.07.26 22:27:34.158,1.49856,1.49922,1.50,1.09
2011.07.26 22:27:34.705,1.49855,1.49921,1.09,1.13
2011.07.26 22:27:35.035,1.49856,1.49923,2.25,2.25
2011.07.26 22:27:35.144,1.49855,1.49923,1.50,1.84
2011.07.26 22:27:35.254,1.49855,1.49922,1.13,1.13
2011.07.26 22:27:35.702,1.49854,1.49919,1.13,1.88
2011.07.26 22:27:35.930,1.49854,1.49916,1.13,1.13
2011.07.26 22:27:36.158,1.49855,1.49918,2.25,1.13
2011.07.26 22:27:37.394,1.49854,1.49923,2.25,1.13
2011.07.26 22:27:37.455,1.49859,1.49927,1.88,1.13
2011.07.26 22:27:38.594,1.49863,1.49924,1.13,2.63
2011.07.26 22:27:38.814,1.49862,1.49925,1.50,1.84
2011.07.26 22:27:39.153,1.4986,1.49923,1.50,1.13
2011.07.26 22:27:39.272,1.49854,1.49917,1.13,1.13
2011.07.26 22:27:39.721,1.49853,1.49912,1.13,1.13
2011.07.26 22:27:39.837,1.49853,1.49915,1.88,1.88
2011.07.26 22:27:40.182,1.49855,1.49917,1.88,1.13
2011.07.26 22:27:40.521,1.49854,1.49921,1.88,1.13
2011.07.26 22:27:40.635,1.49852,1.4992,1.50,1.13
2011.07.26 22:27:41.707,1.49854,1.49922,1.50,1.84
2011.07.26 22:27:41.927,1.49853,1.49923,2.63,3.00
2011.07.26 22:27:42.146,1.49856,1.49924,1.32,2.25
2011.07.26 22:27:42.366,1.49857,1.49925,1.50,1.13
2011.07.26 22:27:45.203,1.49858,1.49926,1.50,1.88
2011.07.26 22:27:46.007,1.4986,1.49928,1.88,1.88
2011.07.26 22:27:46.767,1.4986,1.49929,1.47,1.13
2011.07.26 22:27:46.985,1.49859,1.49927,1.88,1.13
2011.07.26 22:27:47.316,1.4986,1.49925,1.09,2.25
2011.07.26 22:27:48.425,1.49857,1.49925,1.50,1.50
2011.07.26 22:27:48.537,1.49858,1.49925,1.13,2.25
2011.07.26 22:27:48.655,1.49855,1.49925,1.13,1.13
2011.07.26 22:27:49.076,1.49855,1.49922,1.13,1.13
2011.07.26 22:27:50.206,1.49854,1.49921,1.88,1.13
2011.07.26 22:27:50.647,1.49853,1.49919,1.88,1.13
2011.07.26 22:27:50.974,1.49848,1.49922,1.50,1.50
2011.07.26 22:27:51.741,1.49851,1.49916,1.88,1.13
2011.07.26 22:27:52.577,1.4985,1.49915,1.09,1.88
2011.07.26 22:27:52.794,1.49857,1.49909,1.13,2.63
2011.07.26 22:27:53.187,1.49848,1.49919,1.47,1.88
2011.07.26 22:27:53.765,1.4985,1.49922,1.50,1.09
2011.07.26 22:27:53.987,1.49856,1.4992,1.88,1.88
2011.07.26 22:27:54.095,1.49855,1.49927,1.88,2.25
2011.07.26 22:27:54.717,1.4986,1.49928,1.50,1.50
2011.07.26 22:27:54.937,1.49859,1.49927,1.50,1.09
2011.07.26 22:27:55.377,1.49859,1.49924,1.88,1.50
2011.07.26 22:27:57.517,1.49853,1.49922,1.88,1.88
2011.07.26 22:27:58.464,1.49853,1.49914,1.50,1.50
2011.07.26 22:27:58.914,1.49845,1.49913,1.50,1.13
2011.07.26 22:27:59.030,1.49843,1.49907,1.50,1.84
2011.07.26 22:28:51.249,1.49898,1.49957,1.50,1.50
2011.07.26 22:28:54.240,1.49898,1.49957,1.50,2.25
2011.07.26 22:28:54.365,1.49887,1.49954,1.50,2.25
2011.07.26 22:28:54.481,1.49885,1.49954,3.00,2.25
2011.07.26 22:28:54.700,1.49889,1.49954,2.25,2.25
2011.07.26 22:28:55.739,1.49894,1.49954,1.50,2.25
2011.07.26 22:28:57.824,1.49894,1.49954,2.25,2.25
2011.07.26 22:29:10.180,1.49894,1.49954,1.50,2.25
2011.07.26 22:29:10.400,1.49899,1.49956,1.50,2.25
2011.07.26 22:29:12.081,1.49899,1.49956,1.50,2.25
2011.07.26 22:29:13.071,1.49899,1.49956,2.25,2.25
2011.07.26 22:29:16.291,1.49896,1.49954,1.50,2.25
2011.07.26 22:29:34.723,1.49894,1.49963,1.50,3.00
2011.07.26 22:29:37.112,1.49894,1.49967,2.25,2.25
2011.07.26 22:29:41.240,1.49896,1.49967,1.13,1.50
2011.07.26 22:29:41.349,1.49896,1.4997,1.13,2.25
2011.07.26 22:29:41.679,1.49896,1.49967,3.38,1.50
2011.07.26 22:29:43.100,1.49896,1.49967,1.13,1.50
2011.07.26 22:29:44.091,1.49896,1.49967,1.13,2.25
2011.07.26 22:30:04.621,1.49894,1.49964,2.25,1.13
2011.07.26 22:30:04.841,1.49889,1.49964,2.25,2.63
2011.07.26 22:30:04.953,1.49878,1.49955,2.25,3.00
2011.07.26 22:30:05.062,1.49866,1.49927,1.13,1.50
2011.07.26 22:30:05.499,1.49865,1.49927,1.50,1.50
2011.07.26 22:30:05.609,1.49861,1.49916,3.00,1.50
2011.07.26 22:30:07.592,1.49859,1.49906,3.00,1.50
2011.07.26 22:30:07.702,1.49857,1.49906,2.25,1.50
2011.07.26 22:30:07.822,1.49854,1.4991,2.25,1.50
2011.07.26 22:30:08.381,1.49857,1.49932,2.63,2.25
2011.07.26 22:30:08.492,1.49857,1.49929,2.63,2.25
2011.07.26 22:30:08.819,1.49857,1.49923,2.63,1.50
2011.07.26 22:30:11.674,1.49854,1.49923,1.88,2.25
2011.07.26 22:30:11.901,1.49856,1.49923,1.13,1.50
2011.07.26 22:30:13.191,1.49854,1.49923,2.63,1.50
2011.07.26 22:30:13.301,1.49858,1.49929,3.75,2.25
2011.07.26 22:30:13.520,1.49855,1.49922,2.25,1.50
2011.07.26 22:30:13.740,1.49855,1.49922,2.25,1.50
2011.07.26 22:30:26.759,1.49857,1.49922,3.00,1.50
2011.07.26 22:30:27.029,1.4986,1.4993,3.00,2.25
2011.07.26 22:30:27.642,1.49862,1.4993,2.25,2.25
2011.07.26 22:30:28.168,1.49862,1.4993,2.25,1.50
2011.07.26 22:30:28.279,1.4986,1.49934,2.25,1.13
2011.07.26 22:30:29.072,1.4986,1.49933,3.00,1.13
2011.07.26 22:30:29.480,1.49861,1.49939,1.13,4.50
2011.07.26 22:30:29.591,1.49863,1.49941,1.13,2.25
2011.07.26 22:30:29.700,1.49869,1.49948,2.25,3.38
2011.07.26 22:30:30.030,1.49872,1.49944,2.25,1.88
2011.07.26 22:30:30.359,1.49881,1.49938,1.50,1.50
2011.07.26 22:30:33.143,1.49881,1.49938,2.25,1.50
2011.07.26 22:30:33.961,1.49881,1.49938,2.25,1.50
2011.07.26 22:30:36.990,1.49881,1.49938,1.50,2.25
2011.07.26 22:30:37.104,1.49869,1.49936,2.25,1.50
2011.07.26 22:30:37.219,1.49864,1.49936,1.13,1.50
2011.07.26 22:30:38.050,1.49861,1.49934,1.13,2.25
2011.07.26 22:30:38.269,1.49861,1.49936,1.13,3.75
2011.07.26 22:30:39.638,1.49859,1.49936,3.00,4.50
2011.07.26 22:30:50.250,1.49857,1.4993,1.50,2.63
2011.07.26 22:30:50.819,1.49857,1.49923,3.00,1.50
2011.07.26 22:31:09.078,1.49859,1.49926,1.50,2.63
2011.07.26 22:31:11.770,1.49863,1.49926,2.25,1.50
2011.07.26 22:31:11.881,1.49863,1.49932,2.25,1.88
2011.07.26 22:31:12.389,1.49861,1.49932,4.50,1.13
2011.07.26 22:31:19.280,1.49861,1.49934,2.25,1.50
2011.07.26 22:31:19.500,1.49874,1.49934,1.50,1.50
2011.07.26 22:31:21.052,1.49874,1.49934,1.50,2.25
2011.07.26 22:31:22.101,1.49874,1.49934,1.50,2.25
2011.07.26 22:31:24.490,1.49874,1.49934,1.50,2.63
2011.07.26 22:31:24.710,1.49872,1.49928,1.50,2.25
2011.07.26 22:31:25.040,1.49879,1.49932,1.88,1.50
2011.07.26 22:31:25.150,1.49882,1.49937,1.88,4.13
2011.07.26 22:31:27.072,1.49882,1.49934,1.88,1.13
2011.07.26 22:31:30.171,1.49879,1.49932,1.88,1.50
2011.07.26 22:31:30.531,1.49879,1.49932,1.88,2.25
2011.07.26 22:31:34.138,1.49885,1.49934,1.50,1.13
2011.07.26 22:31:34.359,1.49885,1.4995,2.25,3.00
2011.07.26 22:31:34.580,1.49884,1.49942,2.25,1.50
2011.07.26 22:31:34.800,1.49885,1.49948,2.25,2.25
2011.07.26 22:31:34.911,1.49891,1.49945,1.50,2.25
2011.07.26 22:31:35.240,1.49899,1.49954,1.88,1.13
2011.07.26 22:31:35.921,1.49899,1.49954,1.88,1.13
2011.07.26 22:31:36.030,1.49899,1.49954,1.88,1.13
2011.07.26 22:31:38.064,1.49899,1.49954,1.88,1.13
2011.07.26 22:31:41.260,1.49899,1.49955,1.88,1.50
2011.07.26 22:31:41.369,1.49899,1.49955,2.25,1.50
2011.07.26 22:31:41.483,1.49899,1.49961,2.25,2.25
2011.07.26 22:31:41.931,1.49894,1.4996,2.25,3.00
2011.07.26 22:31:42.040,1.49894,1.49956,2.25,2.25
2011.07.26 22:31:42.379,1.4989,1.49954,2.63,2.25
2011.07.26 22:31:43.076,1.49902,1.4996,2.25,1.50
2011.07.26 22:31:44.060,1.49902,1.4996,2.25,2.25
2011.07.26 22:31:45.003,1.49902,1.4996,2.25,2.25
2011.07.26 22:31:45.231,1.49893,1.49962,2.25,2.25
2011.07.26 22:31:45.340,1.49893,1.49962,2.25,2.25
2011.07.26 22:31:45.449,1.49893,1.49953,2.25,1.50
2011.07.26 22:31:45.560,1.49885,1.49935,3.00,1.50
2011.07.26 22:31:45.891,1.49883,1.4994,2.25,1.50
2011.07.26 22:31:46.112,1.49873,1.49939,2.25,1.50
2011.07.26 22:31:46.442,1.49874,1.49945,1.50,1.88
2011.07.26 22:31:46.560,1.4987,1.49939,3.75,1.50
2011.07.26 22:31:46.781,1.4987,1.49939,1.50,2.25
2011.07.26 22:31:46.890,1.49868,1.49937,2.25,1.88
2011.07.26 22:31:47.219,1.49864,1.49937,2.25,1.88
2011.07.26 22:31:47.699,1.49862,1.49937,2.25,1.88
2011.07.26 22:31:47.930,1.49865,1.49937,2.25,1.88
2011.07.26 22:31:48.593,1.49866,1.49937,2.25,1.88
2011.07.26 22:31:49.730,1.49862,1.49933,2.25,1.13
2011.07.26 22:31:50.459,1.49863,1.49933,2.25,1.13
2011.07.26 22:31:52.810,1.49863,1.49941,4.50,1.50
2011.07.26 22:31:53.030,1.49864,1.49942,2.25,1.50
2011.07.26 22:31:53.139,1.49862,1.49937,2.25,1.88
2011.07.26 22:31:53.359,1.4986,1.49937,2.25,1.88
2011.07.26 22:31:53.518,1.49862,1.49937,2.25,1.88
2011.07.26 22:31:53.832,1.49864,1.49937,2.25,1.88
2011.07.26 22:31:56.211,1.4986,1.49934,2.25,1.13
2011.07.26 22:31:58.010,1.4986,1.49937,2.63,2.25
2011.07.26 22:31:58.340,1.49871,1.49938,1.50,2.25
2011.07.26 22:31:58.450,1.49871,1.49938,2.25,1.50
2011.07.26 22:31:58.558,1.49883,1.4994,1.50,2.63
2011.07.26 22:31:59.329,1.49879,1.49935,1.50,1.50
2011.07.26 22:31:59.660,1.49879,1.49935,1.50,2.25
2011.07.26 22:32:01.122,1.49879,1.49935,1.50,1.50
2011.07.26 22:32:01.769,1.49879,1.49935,2.25,2.25
2011.07.26 22:32:04.679,1.49879,1.49935,1.50,2.25
2011.07.26 22:32:04.899,1.49875,1.49934,2.25,2.25
2011.07.26 22:32:05.779,1.49878,1.49936,1.50,2.25
2011.07.26 22:32:07.062,1.49878,1.49936,2.25,2.25
2011.07.26 22:32:17.691,1.49879,1.49935,2.25,1.50
2011.07.26 22:32:17.908,1.49887,1.49942,2.25,2.25
2011.07.26 22:32:19.209,1.49887,1.49942,2.25,1.50
2011.07.26 22:32:19.429,1.49892,1.4995,1.50,2.25
2011.07.26 22:32:21.109,1.49892,1.4995,1.50,2.25
2011.07.26 22:32:21.913,1.49892,1.4995,2.25,2.25
2011.07.26 22:32:30.240,1.49892,1.49949,1.50,1.13
2011.07.26 22:32:30.350,1.49879,1.49949,4.50,2.63
2011.07.26 22:32:30.739,1.49879,1.49936,3.00,1.50
2011.07.26 22:32:30.859,1.49879,1.49935,2.25,1.88
2011.07.26 22:32:30.972,1.49867,1.49933,1.50,2.25
2011.07.26 22:32:31.411,1.49867,1.49935,1.50,1.88
2011.07.26 22:32:32.082,1.49866,1.49935,3.00,2.63
2011.07.26 22:32:33.132,1.49866,1.49935,3.00,2.63
2011.07.26 22:32:37.679,1.49866,1.49935,3.00,2.63
2011.07.26 22:32:37.789,1.49866,1.49935,2.25,2.63
2011.07.26 22:32:42.430,1.49867,1.49934,1.13,3.00
2011.07.26 22:32:42.759,1.49879,1.49935,1.50,2.25
2011.07.26 22:32:44.112,1.49879,1.49935,1.50,2.25
2011.07.26 22:32:44.880,1.49879,1.49935,2.25,1.50
2011.07.26 22:32:45.210,1.49892,1.49949,1.50,1.50
2011.07.26 22:32:45.429,1.49896,1.49954,1.50,3.00
2011.07.26 22:32:46.211,1.49896,1.49954,1.50,3.00
2011.07.26 22:32:46.321,1.49902,1.49958,1.50,1.50
2011.07.26 22:32:47.099,1.49902,1.49958,1.50,2.25
2011.07.26 22:32:47.410,1.49902,1.49958,1.50,1.88
2011.07.26 22:32:47.521,1.49902,1.49955,1.50,2.25
2011.07.26 22:32:47.629,1.49888,1.49955,1.50,2.25
2011.07.26 22:32:48.069,1.49888,1.49951,1.50,2.25
2011.07.26 22:32:48.179,1.49876,1.49951,1.50,2.25
2011.07.26 22:32:48.289,1.49876,1.49947,1.50,2.25
2011.07.26 22:32:48.953,1.49876,1.49942,1.50,2.25
2011.07.26 22:32:49.179,1.49876,1.49946,1.50,2.25
2011.07.26 22:32:49.709,1.49876,1.49949,1.50,3.00
2011.07.26 22:32:58.231,1.49876,1.49946,1.50,2.25
2011.07.26 22:33:04.239,1.49882,1.49954,1.13,3.75
2011.07.26 22:33:04.349,1.49884,1.49954,1.13,1.50
2011.07.26 22:33:04.569,1.49887,1.49956,1.50,3.75
2011.07.26 22:33:04.679,1.49887,1.49953,1.50,2.25
2011.07.26 22:33:05.009,1.49887,1.49949,1.50,2.25
2011.07.26 22:33:05.119,1.49887,1.49951,1.50,2.25
2011.07.26 22:33:07.100,1.49887,1.49951,2.25,2.25
2011.07.26 22:33:10.760,1.49887,1.49953,2.25,4.50
2011.07.26 22:33:11.199,1.49891,1.49956,1.50,1.50
2011.07.26 22:33:11.419,1.49896,1.49958,1.50,2.25
2011.07.26 22:33:13.250,1.49896,1.4996,1.50,3.00
2011.07.26 22:33:14.110,1.49896,1.4996,2.25,3.00
2011.07.26 22:33:28.319,1.49896,1.49956,2.25,2.25
2011.07.26 22:33:34.382,1.49896,1.49956,1.50,3.00
2011.07.26 22:33:34.712,1.49888,1.49952,1.50,2.25
2011.07.26 22:33:34.820,1.49883,1.49944,1.50,2.25
2011.07.26 22:33:35.168,1.49883,1.49942,1.50,2.25
2011.07.26 22:33:35.501,1.49883,1.49945,1.50,2.63
2011.07.26 22:33:35.611,1.49875,1.49939,2.25,2.25
2011.07.26 22:33:37.970,1.49876,1.49943,1.50,1.50
2011.07.26 22:33:38.081,1.49882,1.49945,1.50,3.00
2011.07.26 22:33:46.601,1.49882,1.49948,2.25,2.25
2011.07.26 22:33:51.882,1.49882,1.49948,2.25,2.25
2011.07.26 22:33:58.530,1.49885,1.49948,3.00,1.50
2011.07.26 22:33:58.640,1.49888,1.49957,1.50,2.25
2011.07.26 22:34:01.100,1.49888,1.49957,2.25,2.25
2011.07.26 22:34:01.433,1.4988,1.49934,2.25,1.50
2011.07.26 22:34:01.826,1.49877,1.49934,2.25,1.50
2011.07.26 22:34:01.944,1.49868,1.49934,2.25,1.50
2011.07.26 22:34:03.151,1.49868,1.49934,2.25,1.50
2011.07.26 22:34:03.370,1.49875,1.49943,1.50,2.25
2011.07.26 22:34:03.481,1.49875,1.49943,1.50,1.50
2011.07.26 22:34:03.590,1.49876,1.49948,1.50,3.38
2011.07.26 22:34:06.920,1.49876,1.49951,2.25,3.00
2011.07.26 22:34:07.030,1.49877,1.49951,2.48,2.25
2011.07.26 22:34:07.139,1.49889,1.49955,1.50,3.00
2011.07.26 22:34:09.091,1.49889,1.49955,2.25,3.00
2011.07.26 22:34:27.329,1.49889,1.49956,2.25,1.50
2011.07.26 22:34:29.111,1.49889,1.49956,2.25,2.25
2011.07.26 22:34:54.121,1.49889,1.49956,2.25,1.50
2011.07.26 22:34:54.341,1.49897,1.49959,1.50,1.13
2011.07.26 22:34:58.701,1.49897,1.49959,1.50,1.50
2011.07.26 22:34:58.921,1.49883,1.49947,1.50,1.50
2011.07.26 22:35:01.100,1.49883,1.49947,1.50,2.25
2011.07.26 22:35:07.881,1.49883,1.49947,2.25,1.50
2011.07.26 22:35:08.100,1.49888,1.49957,3.75,2.25
2011.07.26 22:35:10.021,1.49888,1.49957,2.25,2.25
2011.07.26 22:35:16.411,1.49888,1.49953,2.25,1.50
2011.07.26 22:35:16.520,1.49888,1.49946,1.50,3.75
2011.07.26 22:35:16.740,1.49874,1.49933,3.00,1.50
2011.07.26 22:35:16.850,1.49875,1.49943,1.50,2.25
2011.07.26 22:35:16.960,1.49876,1.49943,2.63,1.50
2011.07.26 22:35:17.070,1.49878,1.49943,2.85,1.50
2011.07.26 22:35:17.400,1.49889,1.49956,2.25,2.25
2011.07.26 22:35:17.511,1.49882,1.49956,2.25,2.25
2011.07.26 22:35:17.621,1.49888,1.49957,1.50,2.25
2011.07.26 22:35:19.500,1.49888,1.49945,1.50,3.00
2011.07.26 22:35:19.721,1.49869,1.49933,2.25,1.50
2011.07.26 22:35:19.940,1.49874,1.49944,1.50,2.25
2011.07.26 22:35:20.051,1.49877,1.49946,2.25,1.50
2011.07.26 22:35:20.600,1.49874,1.49944,1.50,2.25
2011.07.26 22:35:22.102,1.49874,1.49939,2.25,1.13
2011.07.26 22:35:27.560,1.49872,1.49939,2.25,1.13
2011.07.26 22:35:27.672,1.49867,1.49939,2.25,1.13
2011.07.26 22:35:28.109,1.49871,1.49939,2.25,1.13
2011.07.26 22:35:29.172,1.49869,1.49939,2.25,1.13
2011.07.26 22:35:29.281,1.49867,1.49939,2.25,1.13
2011.07.26 22:35:31.431,1.49868,1.49939,2.25,1.13
2011.07.26 22:35:31.539,1.4987,1.49939,2.25,1.13
2011.07.26 22:35:38.820,1.49869,1.49939,2.25,1.13
2011.07.26 22:35:39.250,1.49872,1.49939,2.25,1.13
2011.07.26 22:35:40.349,1.49869,1.49939,2.25,1.13
2011.07.26 22:35:41.304,1.49868,1.49939,2.25,1.13
2011.07.26 22:35:44.399,1.49868,1.4993,2.25,1.50
2011.07.26 22:35:44.512,1.49864,1.4993,2.25,1.50
2011.07.26 22:35:44.730,1.49861,1.4993,4.50,1.50
2011.07.26 22:35:45.589,1.49863,1.4993,2.25,1.50
2011.07.26 22:35:45.810,1.49865,1.4993,2.25,2.25
2011.07.26 22:35:46.539,1.49864,1.4993,2.25,2.25
2011.07.26 22:35:47.064,1.49866,1.4993,2.25,2.25
2011.07.26 22:36:02.451,1.49864,1.4993,2.25,2.25
2011.07.26 22:36:02.559,1.49862,1.4993,3.00,2.25
2011.07.26 22:36:06.722,1.49862,1.49902,3.00,1.50
2011.07.26 22:36:06.941,1.49842,1.49902,2.25,1.50
2011.07.26 22:36:07.160,1.49837,1.49902,3.00,1.50
2011.07.26 22:36:07.490,1.49841,1.49902,2.25,1.50
2011.07.26 22:36:07.600,1.49839,1.49902,2.25,1.50
2011.07.26 22:36:07.821,1.49839,1.49918,2.25,2.63
2011.07.26 22:36:08.040,1.49842,1.49915,2.25,1.50
2011.07.26 22:36:08.369,1.49852,1.49915,2.25,1.50
2011.07.26 22:36:08.479,1.4985,1.49915,2.25,1.50
2011.07.26 22:36:08.589,1.49847,1.49915,2.25,1.50
2011.07.26 22:36:09.061,1.49847,1.49915,2.25,2.25
2011.07.26 22:36:10.042,1.49847,1.49915,2.25,2.25
2011.07.26 22:36:16.811,1.49846,1.49915,2.25,2.25
2011.07.26 22:36:17.598,1.49842,1.49915,2.25,2.25
2011.07.26 22:36:17.709,1.4984,1.49915,2.25,2.25
2011.07.26 22:36:18.891,1.4984,1.49915,2.63,2.25
2011.07.26 22:36:19.000,1.4984,1.49915,2.63,1.50
2011.07.26 22:36:19.110,1.4985,1.49915,2.25,1.50
2011.07.26 22:36:19.222,1.49852,1.49927,1.35,1.50
2011.07.26 22:36:19.440,1.49863,1.49934,1.50,3.00
2011.07.26 22:36:19.659,1.49864,1.49941,2.25,1.88
2011.07.26 22:36:19.990,1.49868,1.49945,2.25,1.13
2011.07.26 22:36:20.101,1.49864,1.49942,2.25,1.88
2011.07.26 22:36:20.823,1.49862,1.49938,1.50,2.63
2011.07.26 22:36:22.052,1.49862,1.49938,1.50,3.38
2011.07.26 22:36:22.160,1.49862,1.49938,1.50,2.63
2011.07.26 22:36:22.380,1.49862,1.49929,1.50,1.50
2011.07.26 22:36:25.141,1.49862,1.49929,1.50,2.25
2011.07.26 22:36:54.759,1.49863,1.49933,1.50,3.00
2011.07.26 22:36:57.453,1.49863,1.49941,2.25,4.50
2011.07.26 22:36:57.897,1.4987,1.4994,1.50,3.00
2011.07.26 22:36:58.231,1.49877,1.49938,1.50,2.25
2011.07.26 22:36:58.782,1.49877,1.49935,1.50,2.25
2011.07.26 22:36:59.110,1.49877,1.4994,1.50,3.00
2011.07.26 22:37:00.081,1.49877,1.4994,1.50,2.25
2011.07.26 22:37:01.943,1.49875,1.49933,2.25,1.50
2011.07.26 22:37:03.370,1.49875,1.49933,2.25,2.25
2011.07.26 22:37:03.750,1.49875,1.49926,1.50,1.09
2011.07.26 22:37:03.859,1.49858,1.4991,2.85,1.50
2011.07.26 22:37:04.080,1.49858,1.4991,2.25,1.50
2011.07.26 22:37:04.441,1.49855,1.4991,1.50,1.50
2011.07.26 22:37:05.151,1.49855,1.4991,2.25,1.50
2011.07.26 22:37:05.751,1.49855,1.4991,1.50,1.50
2011.07.26 22:37:06.741,1.49855,1.4991,2.25,1.50
2011.07.26 22:37:06.850,1.49863,1.49927,1.50,3.00
2011.07.26 22:37:06.960,1.49863,1.49927,1.50,2.25
2011.07.26 22:37:07.472,1.49863,1.49931,1.50,3.38
2011.07.26 22:37:08.039,1.49863,1.49931,1.50,2.63
2011.07.26 22:37:08.162,1.49863,1.49931,1.50,3.38
2011.07.26 22:37:21.922,1.49861,1.49919,2.25,1.50
2011.07.26 22:37:23.041,1.49861,1.49919,2.25,2.25
2011.07.26 22:37:24.092,1.49861,1.49919,2.25,2.25
2011.07.26 22:37:46.763,1.49861,1.49919,2.25,2.25
2011.07.26 22:37:47.079,1.49861,1.49919,2.25,2.25
2011.07.26 22:37:49.882,1.49861,1.49919,2.25,1.50
2011.07.26 22:37:50.100,1.49865,1.49925,1.50,2.25
2011.07.26 22:37:50.210,1.49865,1.49925,1.50,1.50
2011.07.26 22:37:50.321,1.49865,1.4993,1.50,1.13
2011.07.26 22:37:50.540,1.49864,1.49926,2.25,1.50
2011.07.26 22:37:52.561,1.49864,1.49926,2.25,2.25
2011.07.26 22:37:57.401,1.49864,1.49926,2.25,1.50
2011.07.26 22:37:58.382,1.49864,1.49926,2.25,2.25
2011.07.26 22:38:00.364,1.49864,1.49926,2.25,1.50
2011.07.26 22:38:00.700,1.49867,1.49936,2.25,1.13
2011.07.26 22:38:04.130,1.49867,1.49933,2.25,1.13
2011.07.26 22:38:04.460,1.49865,1.49925,1.50,1.50
2011.07.26 22:38:05.751,1.49865,1.49914,1.50,3.00
2011.07.26 22:38:05.971,1.49845,1.49903,2.25,1.50
2011.07.26 22:38:06.080,1.49837,1.49899,4.50,1.50
2011.07.26 22:38:06.192,1.49837,1.49899,1.50,1.50
2011.07.26 22:38:06.631,1.49842,1.49909,2.25,1.13
2011.07.26 22:38:06.852,1.49844,1.49909,2.25,1.13
2011.07.26 22:38:07.563,1.49841,1.49909,2.25,1.13
2011.07.26 22:38:08.011,1.49843,1.49909,2.25,1.13
2011.07.26 22:38:09.130,1.49843,1.49909,2.25,1.13
2011.07.26 22:38:09.241,1.49843,1.4991,2.25,1.88
2011.07.26 22:38:09.351,1.49843,1.49916,2.25,1.13
2011.07.26 22:38:09.461,1.49843,1.49919,2.25,1.13
2011.07.26 22:38:09.681,1.49852,1.49919,1.50,1.13
2011.07.26 22:38:15.050,1.49855,1.49919,1.50,1.13
2011.07.26 22:38:15.162,1.49852,1.49919,3.75,1.13
2011.07.26 22:38:15.644,1.49852,1.49922,2.25,1.50
2011.07.26 22:38:23.311,1.49851,1.49913,2.25,1.50
2011.07.26 22:38:26.082,1.49851,1.49913,2.25,2.25
2011.07.26 22:38:28.161,1.49851,1.49913,1.50,2.25
2011.07.26 22:38:28.490,1.49832,1.49889,2.25,1.50
2011.07.26 22:38:29.151,1.49832,1.49889,2.25,1.50
2011.07.26 22:38:29.373,1.49839,1.49904,1.50,1.13
2011.07.26 22:38:29.483,1.49839,1.49909,1.50,1.13
2011.07.26 22:38:29.602,1.49837,1.49899,1.50,1.50
2011.07.26 22:38:30.801,1.49837,1.49899,2.25,2.25
2011.07.26 22:38:32.056,1.49837,1.49899,1.50,2.25
2011.07.26 22:38:33.759,1.49832,1.49889,4.50,1.50
2011.07.26 22:38:36.076,1.49832,1.49889,2.25,2.25
2011.07.26 22:38:40.870,1.49832,1.49889,1.50,1.50
2011.07.26 22:38:41.201,1.49839,1.49906,1.50,1.13
2011.07.26 22:38:43.072,1.49839,1.49907,2.25,1.50
2011.07.26 22:38:44.180,1.49839,1.49909,2.25,1.50
2011.07.26 22:38:44.291,1.49845,1.49909,1.50,1.50
2011.07.26 22:38:44.402,1.49845,1.49912,1.50,2.25
2011.07.26 22:38:49.873,1.49845,1.49909,1.50,1.13
2011.07.26 22:38:50.210,1.49843,1.49901,1.50,1.50
2011.07.26 22:38:51.651,1.49843,1.49901,1.50,1.50
2011.07.26 22:38:51.870,1.49847,1.49906,1.50,2.25
2011.07.26 22:38:52.200,1.49847,1.49906,1.50,2.25
2011.07.26 22:38:52.310,1.49847,1.49906,1.50,2.25
2011.07.26 22:38:52.420,1.49853,1.49909,1.50,2.25
2011.07.26 22:38:52.860,1.49856,1.49916,1.50,3.00
2011.07.26 22:38:53.081,1.49853,1.49909,2.25,1.50
2011.07.26 22:38:53.300,1.49856,1.49915,1.50,2.25
2011.07.26 22:38:54.781,1.49856,1.49915,2.25,2.25
2011.07.26 22:39:00.329,1.49856,1.49915,1.50,2.63
2011.07.26 22:39:00.440,1.49853,1.49909,1.50,2.25
2011.07.26 22:39:02.250,1.49853,1.49909,1.50,1.50
2011.07.26 22:39:02.360,1.49853,1.49919,1.50,3.00
2011.07.26 22:39:02.580,1.49853,1.49909,1.50,1.50
2011.07.26 22:39:03.131,1.49854,1.49922,1.50,2.25
2011.07.26 22:39:06.636,1.49854,1.49922,1.50,2.25
2011.07.26 22:39:06.861,1.49854,1.49922,1.50,2.25
2011.07.26 22:39:09.100,1.49866,1.49924,1.50,3.00
2011.07.26 22:39:10.200,1.49866,1.49924,1.50,2.25
2011.07.26 22:39:10.531,1.49851,1.49921,3.75,2.25
2011.07.26 22:39:11.081,1.49851,1.49921,2.25,2.25
2011.07.26 22:39:12.682,1.49851,1.49921,2.25,2.25
2011.07.26 22:39:25.441,1.49851,1.49921,2.25,1.50
2011.07.26 22:39:25.550,1.49854,1.49922,1.50,3.00
2011.07.26 22:39:25.961,1.49854,1.49926,1.50,3.00
2011.07.26 22:39:28.301,1.49854,1.49921,1.50,2.25
2011.07.26 22:39:28.791,1.49852,1.4992,2.25,1.50
2011.07.26 22:39:30.063,1.49852,1.4992,2.25,2.25
2011.07.26 22:39:31.130,1.49852,1.4992,2.25,2.25
2011.07.26 22:40:31.146,1.49852,1.4992,1.50,1.50
2011.07.26 22:40:38.898,1.49852,1.4992,1.50,1.88
2011.07.26 22:40:39.231,1.49846,1.49912,1.50,1.50
2011.07.26 22:40:40.151,1.49846,1.49912,1.50,2.25
2011.07.26 22:40:41.081,1.49846,1.49912,1.50,2.25
2011.07.26 22:40:44.160,1.49846,1.49912,2.25,2.25
2011.07.26 22:40:44.511,1.49846,1.49912,2.25,1.50
2011.07.26 22:40:44.620,1.49851,1.49921,1.50,3.00
2011.07.26 22:40:47.021,1.49851,1.49921,2.25,2.25
2011.07.26 22:40:48.786,1.49851,1.49921,2.25,2.25
2011.07.26 22:40:49.119,1.49851,1.49915,2.25,2.25
2011.07.26 22:40:49.709,1.49851,1.49916,2.25,3.00
2011.07.26 22:40:59.019,1.49851,1.49913,2.25,2.25
2011.07.26 22:41:03.091,1.49851,1.49915,2.25,3.00
2011.07.26 22:41:15.210,1.49851,1.49919,2.63,3.00
2011.07.26 22:41:15.322,1.49854,1.49922,2.25,2.25
2011.07.26 22:41:15.884,1.49854,1.49926,2.25,2.25
2011.07.26 22:41:18.850,1.49854,1.49927,2.25,2.25
2011.07.26 22:41:20.651,1.49854,1.49923,1.50,2.63
2011.07.26 22:41:21.140,1.49851,1.4992,2.25,3.75
2011.07.26 22:41:22.073,1.49851,1.4992,2.25,4.50
2011.07.26 22:41:23.149,1.49851,1.4992,2.25,4.50
2011.07.26 22:42:14.752,1.49851,1.49919,1.50,3.00
2011.07.26 22:42:14.860,1.49851,1.49919,2.25,3.00
2011.07.26 22:42:15.081,1.49851,1.49919,1.50,4.50
2011.07.26 22:42:15.191,1.49851,1.49916,2.25,3.00
2011.07.26 22:42:27.490,1.4985,1.4991,1.50,2.25
2011.07.26 22:42:28.099,1.49851,1.49908,1.50,1.50
2011.07.26 22:42:35.360,1.49851,1.49908,2.25,1.50
2011.07.26 22:42:35.622,1.49851,1.49917,2.25,2.25
2011.07.26 22:42:36.169,1.49851,1.49917,1.50,2.25
2011.07.26 22:42:36.765,1.49851,1.49916,2.25,2.25
2011.07.26 22:42:41.630,1.49851,1.49916,2.25,1.50
2011.07.26 22:42:41.849,1.49853,1.49926,1.50,1.13
2011.07.26 22:42:42.201,1.49853,1.49922,1.50,2.25
2011.07.26 22:42:42.633,1.49851,1.4992,1.50,2.25
2011.07.26 22:42:44.052,1.49851,1.4992,2.25,3.75
2011.07.26 22:42:44.926,1.49851,1.4992,2.25,4.50
2011.07.26 22:42:47.971,1.49851,1.4992,2.25,1.50
2011.07.26 22:42:48.080,1.49853,1.49927,1.50,4.50
2011.07.26 22:42:48.411,1.49853,1.49919,1.50,2.25
2011.07.26 22:42:49.519,1.49852,1.49915,1.50,1.50
2011.07.26 22:42:50.103,1.49852,1.49915,1.50,2.25
2011.07.26 22:42:51.091,1.49852,1.49915,1.50,2.25
2011.07.26 22:42:52.021,1.49852,1.49915,1.50,2.25
2011.07.26 22:42:58.320,1.49852,1.49915,1.50,1.50
2011.07.26 22:42:58.650,1.49864,1.4992,1.50,2.25
2011.07.26 22:42:59.181,1.49853,1.49923,1.50,3.00
2011.07.26 22:42:59.401,1.49853,1.49909,1.50,1.50
2011.07.26 22:43:01.078,1.49853,1.49909,1.50,2.25
2011.07.26 22:43:03.272,1.49853,1.49909,1.50,2.25
2011.07.26 22:43:20.242,1.49853,1.49909,1.50,2.25
2011.07.26 22:43:20.351,1.49856,1.49915,1.50,2.25
2011.07.26 22:43:22.081,1.49856,1.49915,2.25,2.25
2011.07.26 22:43:34.122,1.49856,1.49915,2.25,2.25
2011.07.26 22:43:35.524,1.49856,1.49915,2.25,1.50
2011.07.26 22:43:35.642,1.49859,1.49922,1.50,3.00
2011.07.26 22:43:36.354,1.49871,1.49925,1.50,1.13
2011.07.26 22:43:37.093,1.49871,1.49925,1.50,1.13
2011.07.26 22:43:38.086,1.49871,1.49925,2.25,1.13
2011.07.26 22:43:54.852,1.49871,1.49925,1.50,1.13
2011.07.26 22:43:55.091,1.49871,1.49925,2.25,1.13
2011.07.26 22:43:55.532,1.49871,1.49928,2.25,1.50
2011.07.26 22:43:55.640,1.49876,1.49932,1.50,4.50
2011.07.26 22:43:55.860,1.49861,1.49921,1.50,1.50
2011.07.26 22:43:55.970,1.49867,1.49923,1.50,2.63
2011.07.26 22:43:56.801,1.49867,1.49923,1.50,2.63
2011.07.26 22:44:27.571,1.49867,1.49923,2.63,2.63
2011.07.26 22:44:34.099,1.49867,1.49923,3.00,2.63
2011.07.26 22:44:44.379,1.49867,1.49923,3.00,2.63
2011.07.26 22:44:45.481,1.49867,1.49923,2.25,1.50
2011.07.26 22:44:45.590,1.49867,1.49927,2.25,2.25
2011.07.26 22:44:45.811,1.49867,1.49934,2.25,3.00
2011.07.26 22:44:49.362,1.49867,1.49931,3.00,2.25
2011.07.26 22:44:49.691,1.49867,1.49924,1.50,1.50
2011.07.26 22:44:50.682,1.49867,1.49924,1.50,2.25
2011.07.26 22:44:51.012,1.49874,1.49927,1.88,2.25
2011.07.26 22:44:52.941,1.49867,1.49924,1.50,2.25
2011.07.26 22:44:53.532,1.49867,1.49924,1.50,2.25
2011.07.26 22:44:55.114,1.49866,1.49924,3.00,2.25
2011.07.26 22:44:56.723,1.49867,1.49924,1.50,2.25
2011.07.26 22:44:57.480,1.49873,1.49928,1.88,2.25
2011.07.26 22:44:59.063,1.49873,1.49928,1.88,2.25
2011.07.26 22:45:00.118,1.49873,1.49928,1.88,2.25
2011.07.26 22:45:00.452,1.49867,1.49923,3.00,2.25
2011.07.26 22:45:00.671,1.49867,1.49923,2.25,2.25
2011.07.26 22:45:03.081,1.49867,1.49923,1.50,2.25
2011.07.26 22:45:42.462,1.49867,1.49923,1.50,2.63
2011.07.26 22:45:42.682,1.49854,1.49918,1.50,3.00
2011.07.26 22:45:42.901,1.49852,1.4991,2.25,1.50
2011.07.26 22:45:43.940,1.49852,1.4991,2.25,2.25
2011.07.26 22:45:45.063,1.49852,1.4991,1.50,2.25
2011.07.26 22:46:29.581,1.49846,1.49908,2.25,2.25
2011.07.26 22:46:30.911,1.49839,1.49906,1.50,2.25
2011.07.26 22:46:32.102,1.49839,1.49906,1.50,2.25
2011.07.26 22:46:59.011,1.4984,1.49912,2.25,2.25
2011.07.26 22:46:59.121,1.49841,1.49915,1.50,1.13
2011.07.26 22:46:59.452,1.49854,1.49917,1.50,2.25
2011.07.26 22:46:59.780,1.49854,1.49925,1.50,3.00
2011.07.26 22:47:00.601,1.49854,1.49925,1.88,3.00
2011.07.26 22:47:01.166,1.49854,1.49927,1.88,3.00
2011.07.26 22:47:02.332,1.49854,1.49925,1.88,2.25
2011.07.26 22:47:02.441,1.49854,1.49925,1.88,2.63
2011.07.26 22:47:02.661,1.49851,1.4992,2.25,2.25
2011.07.26 22:47:03.101,1.49851,1.49917,2.25,2.25
2011.07.26 22:47:05.143,1.49851,1.49917,2.25,3.00
2011.07.26 22:47:05.901,1.49851,1.49917,2.25,2.25
2011.07.26 22:47:06.121,1.49854,1.49917,1.50,2.25
2011.07.26 22:47:06.451,1.49854,1.49924,1.50,3.00
2011.07.26 22:47:07.450,1.49854,1.49922,1.50,2.25
2011.07.26 22:47:08.651,1.49854,1.49923,1.50,2.25
2011.07.26 22:47:08.980,1.49851,1.4992,2.25,2.25
2011.07.26 22:47:10.081,1.49851,1.4992,2.25,3.00
2011.07.26 22:47:11.074,1.49851,1.4992,2.25,3.00
2011.07.26 22:47:15.092,1.49851,1.49919,2.25,2.25
2011.07.26 22:47:15.200,1.49851,1.49921,2.63,3.75
2011.07.26 22:47:15.420,1.49853,1.49919,1.88,2.25
2011.07.26 22:47:15.531,1.49853,1.49922,1.88,2.25
2011.07.26 22:47:15.642,1.49853,1.49926,1.88,3.00
2011.07.26 22:47:15.861,1.4985,1.49917,1.88,1.50
2011.07.26 22:47:16.301,1.4985,1.49917,1.88,2.25
2011.07.26 22:47:16.412,1.4985,1.49917,1.88,1.50
2011.07.26 22:47:18.151,1.49854,1.4992,1.50,2.25
2011.07.26 22:47:18.260,1.49852,1.49924,4.13,2.25
2011.07.26 22:47:18.593,1.49852,1.49924,1.88,2.25
2011.07.26 22:47:18.921,1.49865,1.49924,1.50,2.25
2011.07.26 22:47:19.554,1.49864,1.49924,1.50,2.25
2011.07.26 22:47:20.095,1.49864,1.49924,1.50,2.25
2011.07.26 22:47:21.084,1.49864,1.49924,1.50,2.25
2011.07.26 22:47:22.030,1.49864,1.49925,1.50,2.25
2011.07.26 22:47:23.372,1.49864,1.49925,1.88,2.25
2011.07.26 22:47:23.482,1.49867,1.49936,2.63,3.00
2011.07.26 22:47:23.592,1.49867,1.49938,2.63,2.25
2011.07.26 22:47:23.701,1.49867,1.4994,2.63,2.25
2011.07.26 22:47:23.811,1.49879,1.49936,1.50,1.50
2011.07.26 22:47:24.032,1.49875,1.49933,1.50,1.50
2011.07.26 22:47:24.472,1.49875,1.49912,1.50,1.13
2011.07.26 22:47:24.581,1.49861,1.49902,2.25,1.50
2011.07.26 22:47:24.801,1.49861,1.49887,2.25,1.88
2011.07.26 22:47:25.275,1.49855,1.4987,2.25,1.13
2011.07.26 22:47:25.613,1.49832,1.49864,2.25,1.88
2011.07.26 22:47:25.722,1.49796,1.49866,1.88,2.25
2011.07.26 22:47:26.052,1.49802,1.49867,2.25,2.25
2011.07.26 22:47:26.161,1.49802,1.49874,2.25,2.25
2011.07.26 22:47:26.381,1.49802,1.49878,2.25,4.13
2011.07.26 22:47:26.491,1.49806,1.49878,1.50,2.63
2011.07.26 22:47:26.821,1.49808,1.49882,3.00,1.50
2011.07.26 22:47:27.421,1.49806,1.49871,1.50,1.50
2011.07.26 22:47:27.970,1.49811,1.49872,1.50,1.50
2011.07.26 22:47:30.192,1.49811,1.49873,1.50,1.50
2011.07.26 22:47:33.044,1.49811,1.49872,1.50,1.50
2011.07.26 22:47:33.491,1.49811,1.49879,1.50,1.13
2011.07.26 22:47:34.550,1.49814,1.49879,2.25,1.13
2011.07.26 22:47:35.072,1.49814,1.49879,3.00,1.13
2011.07.26 22:47:50.203,1.49817,1.49888,1.13,2.25
2011.07.26 22:47:50.421,1.49817,1.4989,1.13,2.25
2011.07.26 22:48:02.462,1.49821,1.4989,1.50,2.63
2011.07.26 22:48:02.793,1.49843,1.49893,1.50,2.25
2011.07.26 22:48:02.902,1.49843,1.49901,1.50,2.63
2011.07.26 22:48:03.454,1.49837,1.49903,1.13,3.00
2011.07.26 22:48:03.672,1.49824,1.49897,3.00,1.88
2011.07.26 22:48:06.401,1.49826,1.49889,1.50,2.25
2011.07.26 22:48:07.312,1.49826,1.49894,1.50,2.63
2011.07.26 22:48:08.531,1.49827,1.49892,1.50,2.25
2011.07.26 22:48:08.641,1.49834,1.49895,1.13,2.25
2011.07.26 22:48:08.860,1.49834,1.49901,1.13,2.63
2011.07.26 22:48:09.901,1.49834,1.49895,1.13,2.25
2011.07.26 22:48:10.231,1.49834,1.49897,1.13,2.63
2011.07.26 22:48:11.052,1.49834,1.49896,1.13,2.25
2011.07.26 22:48:11.946,1.49836,1.49899,1.13,1.13
2011.07.26 22:48:12.223,1.49832,1.49896,1.13,3.00
2011.07.26 22:48:12.332,1.49827,1.49896,1.13,3.75
2011.07.26 22:48:15.412,1.49825,1.49894,1.13,3.00
2011.07.26 22:48:15.960,1.49827,1.49887,1.50,1.13
2011.07.26 22:48:18.008,1.49827,1.49887,1.50,1.13
2011.07.26 22:48:18.761,1.49827,1.49887,1.50,1.13
2011.07.26 22:48:18.982,1.49815,1.49886,1.13,1.50
2011.07.26 22:48:19.091,1.49812,1.49876,2.63,1.13
2011.07.26 22:48:26.772,1.49803,1.49868,1.88,1.50
2011.07.26 22:48:31.402,1.49806,1.49872,1.50,4.13
2011.07.26 22:48:31.844,1.49804,1.49867,1.50,2.25
2011.07.26 22:48:32.201,1.49803,1.49865,1.88,2.25
2011.07.26 22:48:32.715,1.49804,1.49866,1.50,2.25
2011.07.26 22:48:35.871,1.49804,1.49867,1.50,2.25
2011.07.26 22:48:36.203,1.49804,1.49865,1.50,2.25
2011.07.26 22:48:39.292,1.49803,1.49865,1.50,2.63
2011.07.26 22:48:53.401,1.49798,1.49869,1.50,3.75
2011.07.26 22:48:53.622,1.49813,1.49872,1.50,1.88
2011.07.26 22:48:53.734,1.49813,1.49872,1.50,1.50
2011.07.26 22:48:53.852,1.49814,1.49879,1.50,4.13
2011.07.26 22:48:53.963,1.49814,1.49871,1.50,1.88
2011.07.26 22:48:54.183,1.498,1.49867,2.63,1.13
2011.07.26 22:48:54.513,1.498,1.49859,2.63,1.50
2011.07.26 22:48:55.028,1.49799,1.4986,1.50,1.50
2011.07.26 22:48:55.151,1.49798,1.49867,1.50,3.38
2011.07.26 22:49:12.281,1.49798,1.49857,1.50,2.25
2011.07.26 22:49:12.391,1.49797,1.49857,1.88,2.63
2011.07.26 22:49:12.945,1.49796,1.4986,1.13,2.63
2011.07.26 22:49:29.703,1.49797,1.49862,1.50,1.13
2011.07.26 22:49:29.811,1.49803,1.4987,1.88,2.63
2011.07.26 22:49:33.921,1.49803,1.49868,1.88,2.25
2011.07.26 22:49:37.281,1.49803,1.49867,1.88,2.25
2011.07.26 22:49:38.005,1.49803,1.49868,1.88,2.25
2011.07.26 22:49:45.092,1.49803,1.49868,1.50,3.00
2011.07.26 22:49:59.512,1.49807,1.49871,1.13,2.25
2011.07.26 22:49:59.732,1.49814,1.49879,1.50,1.88
2011.07.26 22:50:01.013,1.49813,1.49873,1.50,2.63
2011.07.26 22:50:01.121,1.49804,1.4987,1.50,2.63
2011.07.26 22:50:02.535,1.49803,1.4987,1.13,3.00
2011.07.26 22:50:02.884,1.49797,1.49859,1.50,1.50
2011.07.26 22:50:04.223,1.49797,1.49859,1.13,1.88
2011.07.26 22:50:09.113,1.49798,1.49859,1.13,1.88
2011.07.26 22:50:09.221,1.49801,1.49859,1.13,1.50
2011.07.26 22:50:10.502,1.49801,1.4986,1.13,1.88
2011.07.26 22:50:12.083,1.49802,1.4986,1.13,1.88
2011.07.26 22:50:15.272,1.49806,1.4986,3.75,1.88
2011.07.26 22:50:15.493,1.49822,1.49885,1.13,3.00
2011.07.26 22:50:18.052,1.49825,1.49887,1.13,3.00
2011.07.26 22:50:19.101,1.49825,1.49887,1.13,3.00
2011.07.26 22:50:20.632,1.49822,1.49887,1.50,3.00
2011.07.26 22:50:20.744,1.49819,1.49883,1.50,3.00
2011.07.26 22:50:20.861,1.49818,1.49883,2.63,3.00
2011.07.26 22:50:21.372,1.49813,1.49873,1.50,1.88
2011.07.26 22:50:31.291,1.49813,1.4987,1.50,2.25
2011.07.26 22:50:31.830,1.49813,1.49873,1.50,4.88
2011.07.26 22:50:38.492,1.49813,1.4987,1.50,2.25
2011.07.26 22:50:38.602,1.49813,1.49872,1.50,4.88
2011.07.26 22:50:38.825,1.49813,1.49869,1.50,2.25
2011.07.26 22:50:40.171,1.49813,1.4987,1.50,2.25
2011.07.26 22:50:44.191,1.49814,1.49867,1.13,2.25
2011.07.26 22:50:49.202,1.49813,1.49865,1.50,2.25
2011.07.26 22:50:53.561,1.49813,1.49868,1.50,2.25
2011.07.26 22:50:58.310,1.49813,1.49869,1.50,2.25
2011.07.26 22:51:10.852,1.49814,1.49869,1.13,3.00
2011.07.26 22:51:10.966,1.49811,1.49868,1.13,1.13
2011.07.26 22:51:11.191,1.49803,1.49869,1.50,2.63
2011.07.26 22:51:47.744,1.49813,1.49871,1.88,1.50
2011.07.26 22:51:47.853,1.49813,1.49872,2.63,1.50
2011.07.26 22:51:48.400,1.49815,1.49877,1.88,1.13
2011.07.26 22:51:50.102,1.49817,1.49877,1.13,1.13
2011.07.26 22:51:50.656,1.49817,1.49877,1.13,1.13
2011.07.26 22:51:51.491,1.49813,1.49872,1.13,1.50
2011.07.26 22:51:51.607,1.49814,1.49872,1.50,2.25
2011.07.26 22:51:52.122,1.49814,1.49871,1.50,2.25
2011.07.26 22:51:52.560,1.49813,1.49874,1.50,2.63
2011.07.26 22:51:53.721,1.49813,1.49872,1.50,2.25
2011.07.26 22:51:54.053,1.4981,1.49866,1.13,1.13
2011.07.26 22:51:54.604,1.49808,1.49864,1.13,1.88
2011.07.26 22:51:55.094,1.4981,1.49864,1.13,1.88
2011.07.26 22:51:55.253,1.4981,1.49864,1.13,1.88
2011.07.26 22:51:55.702,1.49808,1.49864,1.88,1.50
2011.07.26 22:51:55.921,1.49814,1.49869,1.50,1.50
2011.07.26 22:51:56.473,1.49813,1.4987,1.50,1.50
2011.07.26 22:51:58.152,1.49814,1.4987,1.50,2.25
2011.07.26 22:52:02.253,1.49814,1.4987,1.50,1.50
2011.07.26 22:52:02.873,1.49812,1.4987,1.50,1.88
2011.07.26 22:52:03.091,1.49807,1.49867,1.50,1.50
2011.07.26 22:52:05.982,1.49811,1.49867,1.50,1.50
2011.07.26 22:52:06.091,1.49811,1.4987,3.00,1.50
2011.07.26 22:52:07.951,1.49814,1.4987,1.13,2.25
2011.07.26 22:52:08.971,1.49814,1.4987,1.13,1.50
2011.07.26 22:52:09.192,1.49815,1.49874,1.88,1.13
2011.07.26 22:52:11.044,1.49816,1.49874,1.13,1.13
2011.07.26 22:52:13.762,1.49816,1.49872,1.13,1.50
2011.07.26 22:52:14.394,1.49814,1.49872,1.88,1.50
2011.07.26 22:52:14.512,1.49814,1.49872,1.50,1.88
2011.07.26 22:52:14.622,1.49811,1.49871,1.13,1.88
2011.07.26 22:52:23.252,1.49803,1.49871,1.13,1.13
2011.07.26 22:52:24.822,1.49797,1.49864,1.13,1.13
2011.07.26 22:52:26.036,1.49796,1.4986,1.13,1.88
2011.07.26 22:52:34.723,1.49793,1.4986,2.25,2.25
2011.07.26 22:52:34.942,1.49787,1.49856,2.63,1.88
2011.07.26 22:52:35.051,1.49793,1.49856,1.50,1.13
2011.07.26 22:52:37.093,1.49793,1.49856,2.25,1.13
2011.07.26 22:52:40.383,1.49796,1.49857,1.50,1.13
2011.07.26 22:52:40.603,1.49798,1.49867,1.50,1.13
2011.07.26 22:52:42.425,1.49805,1.49874,2.25,1.50
2011.07.26 22:52:46.472,1.49816,1.49877,1.88,1.13
2011.07.26 22:52:50.402,1.49814,1.49875,1.50,1.50
2011.07.26 22:52:51.394,1.49814,1.49875,1.50,2.25
2011.07.26 22:52:51.612,1.49798,1.49867,1.50,1.50
2011.07.26 22:52:54.222,1.49799,1.49861,2.25,2.25
2011.07.26 22:52:54.991,1.49797,1.49846,1.13,1.50
2011.07.26 22:52:55.217,1.49794,1.4986,1.13,2.25
2011.07.26 22:52:56.663,1.49793,1.4986,3.00,1.50
2011.07.26 22:52:56.882,1.49797,1.49863,1.88,1.13
2011.07.26 22:53:02.901,1.49798,1.49867,1.13,1.50
2011.07.26 22:53:06.742,1.49797,1.49862,1.50,1.13
2011.07.26 22:53:07.381,1.49799,1.49868,1.50,1.50
2011.07.26 22:53:07.603,1.49815,1.49879,1.88,1.13
2011.07.26 22:53:10.242,1.49812,1.49867,1.50,1.88
2011.07.26 22:53:10.462,1.49801,1.49866,2.63,1.13
2011.07.26 22:53:10.681,1.49798,1.49861,1.50,1.50
2011.07.26 22:53:14.043,1.49802,1.49862,1.13,1.88
2011.07.26 22:53:16.073,1.49802,1.49867,2.63,1.50
2011.07.26 22:53:23.524,1.49809,1.49873,1.50,1.88
2011.07.26 22:53:25.531,1.49808,1.49873,1.13,1.50
2011.07.26 22:53:42.251,1.49807,1.49873,1.50,2.25
2011.07.26 22:53:42.471,1.49823,1.49881,1.88,1.88
2011.07.26 22:53:43.843,1.49823,1.49881,1.50,2.25
2011.07.26 22:53:44.181,1.49816,1.49876,1.13,2.63
2011.07.26 22:53:45.414,1.49816,1.49876,1.50,1.50
2011.07.26 22:53:45.743,1.49836,1.49893,1.88,2.63
2011.07.26 22:53:46.734,1.49836,1.49892,1.88,2.25
2011.07.26 22:53:47.571,1.49836,1.49893,1.88,1.13
2011.07.26 22:53:47.682,1.49836,1.49885,1.50,3.00
2011.07.26 22:53:47.903,1.49824,1.49876,1.88,2.25
2011.07.26 22:53:48.606,1.49818,1.49875,1.50,1.50
2011.07.26 22:53:48.836,1.49821,1.49878,1.13,2.25
2011.07.26 22:53:48.954,1.49818,1.49878,1.50,3.00
2011.07.26 22:53:49.062,1.49817,1.49876,1.13,2.63
2011.07.26 22:53:50.032,1.49808,1.49873,1.13,4.88
2011.07.26 22:53:52.372,1.49824,1.49873,1.50,3.38
2011.07.26 22:53:52.874,1.49818,1.49875,1.50,1.50
2011.07.26 22:53:54.124,1.49819,1.49875,1.50,2.25
2011.07.26 22:53:54.232,1.49815,1.49874,2.63,1.50
2011.07.26 22:53:54.453,1.49806,1.49871,1.13,1.50
2011.07.26 22:54:07.442,1.49806,1.49864,1.13,2.25
2011.07.26 22:54:11.692,1.49806,1.49867,1.13,2.63
2011.07.26 22:54:16.781,1.49806,1.49871,1.50,2.25
2011.07.26 22:54:16.892,1.49823,1.49881,1.88,1.88
2011.07.26 22:54:17.624,1.49823,1.4988,1.88,1.13
2011.07.26 22:54:17.743,1.49823,1.49876,1.50,1.13
2011.07.26 22:54:17.852,1.49814,1.49876,3.00,2.63
2011.07.26 22:54:18.652,1.49814,1.49871,1.13,1.50
2011.07.26 22:54:19.203,1.49814,1.49874,1.13,2.63
2011.07.26 22:54:21.056,1.4981,1.4987,1.13,1.88
2011.07.26 22:54:21.172,1.49804,1.4987,1.50,1.88
2011.07.26 22:54:27.272,1.49813,1.49871,1.88,1.50
2011.07.26 22:54:36.441,1.49817,1.49871,1.88,1.50
2011.07.26 22:54:36.551,1.49818,1.49876,1.88,2.25
2011.07.26 22:54:39.215,1.49821,1.49876,1.13,2.25
2011.07.26 22:54:42.331,1.49816,1.49874,1.13,2.63
2011.07.26 22:54:42.963,1.49808,1.4987,1.50,2.63
2011.07.26 22:54:45.683,1.49808,1.49873,1.50,2.25
2011.07.26 22:54:46.231,1.49819,1.49875,1.88,2.25
2011.07.26 22:54:47.133,1.49819,1.49875,1.88,2.25
2011.07.26 22:54:47.779,1.49821,1.49875,1.13,2.25
2011.07.26 22:54:48.113,1.49815,1.49867,1.13,1.50
2011.07.26 22:54:48.222,1.49814,1.49867,1.88,1.50
2011.07.26 22:54:48.662,1.49808,1.49862,1.50,1.50
2011.07.26 22:54:49.113,1.49808,1.4987,1.50,2.25
2011.07.26 22:54:49.662,1.49809,1.49874,1.50,1.13
2011.07.26 22:55:01.798,1.4979,1.49834,1.50,2.25
2011.07.26 22:55:03.891,1.49791,1.49835,1.50,1.88
2011.07.26 22:55:08.161,1.49792,1.49837,1.50,1.50
2011.07.26 22:55:11.291,1.49789,1.49842,1.50,1.88
2011.07.26 22:55:15.049,1.49794,1.49839,1.50,1.88
2011.07.26 22:55:15.951,1.49789,1.49836,1.13,1.50
2011.07.26 22:55:16.966,1.49781,1.49829,1.13,1.50
2011.07.26 22:55:17.080,1.49778,1.49821,1.50,1.50
2011.07.26 22:55:17.571,1.4977,1.49821,1.50,2.25
2011.07.26 22:55:17.682,1.49774,1.49814,1.50,2.25
2011.07.26 22:55:18.410,1.49769,1.49817,1.13,1.84
2011.07.26 22:55:20.553,1.49769,1.49817,1.50,1.50
2011.07.26 22:55:21.102,1.49769,1.49817,1.13,1.84
2011.07.26 22:55:21.691,1.49768,1.49816,1.50,1.88
2011.07.26 22:55:21.912,1.49766,1.49812,1.47,2.25
2011.07.26 22:55:22.246,1.49768,1.49812,1.13,1.50
2011.07.26 22:55:22.630,1.49775,1.4982,1.13,1.50
2011.07.26 22:55:22.961,1.49786,1.49825,1.50,1.50
2011.07.26 22:55:23.401,1.49784,1.49832,1.50,2.25
2011.07.26 22:55:23.514,1.49785,1.49831,2.25,1.88
2011.07.26 22:55:25.577,1.49783,1.49832,1.13,1.50
2011.07.26 22:55:26.067,1.49782,1.49831,1.47,1.13
2011.07.26 22:55:26.190,1.49785,1.4983,1.50,1.84
2011.07.26 22:55:29.189,1.49784,1.49831,1.09,1.88
2011.07.26 22:55:29.749,1.49785,1.49831,1.50,1.13
2011.07.26 22:55:37.759,1.49788,1.49834,1.50,1.13
2011.07.26 22:55:37.871,1.49795,1.49839,1.47,1.50
2011.07.26 22:55:37.984,1.49803,1.49838,1.13,1.88
2011.07.26 22:55:42.961,1.49795,1.49845,1.09,1.88
2011.07.26 22:55:43.710,1.49787,1.49837,1.13,1.50
2011.07.26 22:55:45.191,1.4978,1.49833,1.50,1.13
2011.07.26 22:55:45.410,1.49783,1.49826,1.47,2.25
2011.07.26 22:55:46.120,1.49783,1.49832,1.47,1.13
2011.07.26 22:55:46.240,1.49787,1.49834,1.50,1.50
2011.07.26 22:55:46.683,1.49787,1.49837,1.50,1.88
2011.07.26 22:55:48.111,1.49785,1.49835,1.13,1.50
2011.07.26 22:55:48.661,1.49785,1.49832,1.50,2.25
2011.07.26 22:55:49.467,1.4978,1.49831,1.13,1.13
2011.07.26 22:55:50.027,1.49779,1.49831,1.13,2.22
2011.07.26 22:55:50.630,1.4978,1.49827,1.13,1.50
2011.07.26 22:55:52.490,1.49774,1.49828,1.13,1.50
2011.07.26 22:55:52.911,1.49772,1.49821,2.25,1.50
2011.07.26 22:55:56.373,1.49769,1.49816,1.50,1.88
2011.07.26 22:55:57.321,1.49769,1.49816,1.13,1.13
2011.07.26 22:55:57.431,1.49765,1.49817,1.50,2.25
2011.07.26 22:55:57.550,1.49767,1.49816,1.13,2.22
2011.07.26 22:55:58.105,1.49767,1.49813,1.47,1.13
2011.07.26 22:56:43.830,1.49815,1.49872,1.13,2.63
2011.07.26 22:56:44.051,1.49811,1.49877,1.13,1.50
2011.07.26 22:56:50.522,1.49808,1.49865,3.38,1.88
2011.07.26 22:56:53.104,1.49808,1.49864,2.63,1.13
2011.07.26 22:56:55.194,1.49811,1.49865,1.13,1.50
2011.07.26 22:56:55.303,1.49811,1.49868,2.63,1.88
2011.07.26 22:56:57.483,1.49811,1.49868,2.25,2.25
2011.07.26 22:56:59.238,1.49809,1.49863,1.13,1.13
2011.07.26 22:57:09.783,1.49812,1.49865,1.13,1.50
2011.07.26 22:57:09.893,1.49812,1.49868,1.13,2.63
2011.07.26 22:57:13.314,1.49811,1.49877,1.50,2.25
2011.07.26 22:57:13.426,1.4982,1.49877,1.13,2.25
2011.07.26 22:57:13.534,1.49818,1.49877,1.88,2.25
2011.07.26 22:57:13.644,1.4982,1.49885,3.75,1.50
2011.07.26 22:57:13.754,1.49827,1.49883,1.50,1.50
2011.07.26 22:57:14.168,1.49822,1.49876,1.50,1.50
2011.07.26 22:57:14.288,1.4982,1.49876,1.50,1.50
2011.07.26 22:57:14.405,1.4981,1.49869,2.63,1.50
2011.07.26 22:57:14.956,1.49807,1.49864,1.88,1.50
2011.07.26 22:57:15.295,1.49807,1.49864,2.25,1.50
2011.07.26 22:57:16.610,1.49795,1.49842,3.00,1.50
2011.07.26 22:57:16.723,1.49795,1.49842,2.25,1.50
2011.07.26 22:57:16.943,1.49792,1.49842,1.13,1.50
2011.07.26 22:57:17.494,1.49792,1.49842,1.50,1.50
2011.07.26 22:57:17.937,1.49807,1.4986,1.50,1.50
2011.07.26 22:57:19.545,1.49814,1.49873,1.50,2.63
2011.07.26 22:57:19.654,1.49814,1.49876,1.50,2.63
2011.07.26 22:57:37.929,1.49816,1.4988,1.50,2.63
2011.07.26 22:57:38.265,1.49822,1.49876,1.13,2.25
2011.07.26 22:57:38.483,1.49822,1.49879,1.13,2.25
2011.07.26 22:57:39.651,1.49822,1.4988,1.13,2.63
2011.07.26 22:57:56.793,1.49822,1.49877,1.13,2.25
2011.07.26 22:57:57.443,1.49822,1.4988,1.13,2.63
2011.07.26 22:57:58.034,1.49818,1.4988,1.13,3.00
2011.07.26 22:57:59.235,1.49827,1.49881,1.88,1.13
2011.07.26 22:58:01.972,1.49827,1.49881,2.63,1.13
2011.07.26 22:58:02.303,1.49828,1.49885,2.25,1.13
2011.07.26 22:58:02.414,1.49829,1.49894,1.13,1.50
2011.07.26 22:58:02.524,1.4984,1.49896,1.50,2.25
2011.07.26 22:58:06.065,1.4984,1.49894,2.25,1.50
2011.07.26 22:58:14.129,1.49841,1.49896,1.50,2.25
2011.07.26 22:58:14.245,1.4984,1.49896,2.25,1.50
2011.07.26 22:58:14.355,1.49841,1.49907,2.25,1.50
2011.07.26 22:58:15.372,1.49838,1.49895,3.38,1.50
2011.07.26 22:58:17.964,1.49841,1.49895,1.50,2.25
2011.07.26 22:58:18.182,1.49847,1.49897,1.13,1.50
2011.07.26 22:58:18.293,1.49847,1.49895,1.13,1.50
2011.07.26 22:58:18.853,1.4984,1.49896,2.25,2.25
2011.07.26 22:58:19.764,1.49842,1.49896,1.50,2.25
2011.07.26 22:58:21.992,1.49838,1.49894,1.13,1.50
2011.07.26 22:58:22.213,1.49828,1.49894,3.00,1.50
2011.07.26 22:58:22.324,1.49828,1.49884,1.50,1.50
2011.07.26 22:58:23.259,1.49826,1.49884,3.38,1.88
2011.07.26 22:58:23.723,1.49826,1.49884,2.63,1.88
2011.07.26 22:58:24.472,1.49826,1.49884,2.63,2.63
2011.07.26 22:58:29.475,1.49826,1.49882,2.63,1.13
2011.07.26 22:58:30.203,1.49826,1.49882,2.63,1.88
2011.07.26 22:58:34.013,1.49826,1.49884,1.50,3.00
2011.07.26 22:58:34.122,1.49816,1.49881,1.50,3.00
2011.07.26 22:58:49.834,1.49818,1.49884,1.50,1.13
2011.07.26 22:58:50.162,1.49829,1.49886,1.50,1.50
2011.07.26 22:58:50.924,1.49829,1.49887,2.25,2.25
2011.07.26 22:58:51.252,1.4983,1.49899,2.25,1.50
2011.07.26 22:58:53.532,1.4983,1.49901,2.25,2.25
2011.07.26 22:58:55.073,1.49829,1.49887,2.63,1.50
2011.07.26 22:58:56.063,1.49829,1.49887,2.63,1.50
2011.07.26 22:58:58.224,1.49832,1.49887,1.13,1.50
2011.07.26 22:58:58.333,1.49836,1.49893,1.88,2.25
2011.07.26 22:58:58.663,1.49846,1.49901,1.50,2.25
2011.07.26 22:58:58.993,1.49842,1.49897,1.50,1.50
2011.07.26 22:58:59.322,1.49846,1.49901,1.50,1.50
2011.07.26 22:59:00.076,1.49846,1.49901,1.50,2.25
2011.07.26 22:59:00.404,1.49846,1.49901,1.50,1.50
2011.07.26 22:59:00.733,1.49838,1.49897,2.25,1.50
2011.07.26 22:59:01.274,1.49838,1.49897,2.25,1.50
2011.07.26 22:59:02.114,1.49838,1.49897,2.25,1.50
2011.07.26 22:59:03.103,1.49838,1.49897,2.25,2.25
2011.07.26 22:59:06.454,1.49838,1.49897,1.50,2.25
2011.07.26 22:59:06.673,1.49828,1.49895,1.13,2.25
2011.07.26 22:59:13.483,1.49826,1.49895,2.25,1.50
2011.07.26 22:59:13.594,1.49831,1.49895,1.13,1.50
2011.07.26 22:59:13.703,1.49831,1.49899,1.13,1.88
2011.07.26 22:59:13.814,1.49835,1.49902,2.25,1.13
2011.07.26 22:59:14.144,1.49851,1.49901,1.50,1.13
2011.07.26 22:59:14.364,1.49851,1.49916,1.50,1.50
2011.07.26 22:59:15.803,1.49851,1.49916,2.25,1.50
2011.07.26 22:59:21.978,1.49851,1.49913,1.50,1.50
2011.07.26 22:59:25.675,1.49851,1.49916,1.13,1.50
2011.07.26 22:59:28.413,1.49851,1.49915,1.50,1.13
2011.07.26 22:59:28.633,1.49853,1.49917,1.50,1.88
2011.07.26 22:59:30.022,1.49853,1.49908,1.50,1.50
2011.07.26 22:59:31.993,1.49854,1.49905,1.50,1.50
2011.07.26 22:59:32.213,1.49853,1.49908,1.50,2.25
2011.07.26 22:59:34.763,1.49852,1.49908,1.50,2.63
2011.07.26 22:59:35.866,1.49851,1.49907,2.25,1.88
2011.07.26 22:59:45.772,1.49851,1.49904,1.50,1.13
2011.07.26 22:59:45.993,1.4985,1.49902,1.13,1.50
2011.07.26 22:59:46.526,1.49847,1.49911,1.13,1.50
2011.07.26 22:59:46.635,1.49852,1.49907,1.50,1.88
2011.07.26 22:59:47.183,1.49852,1.49913,1.50,2.25
2011.07.26 22:59:47.403,1.49863,1.49928,1.50,2.63
2011.07.26 22:59:47.515,1.49864,1.49916,1.50,1.50
2011.07.26 22:59:48.173,1.49864,1.49924,1.50,1.13
2011.07.26 22:59:49.923,1.49863,1.49924,1.13,1.50
2011.07.26 22:59:50.252,1.49862,1.49915,1.13,1.50
2011.07.26 22:59:52.064,1.49861,1.49915,1.13,2.25
2011.07.26 22:59:55.583,1.49863,1.49915,1.13,1.50
2011.07.26 22:59:56.087,1.4987,1.49915,1.13,1.50
2011.07.26 22:59:56.213,1.49864,1.49936,1.50,1.13
2011.07.26 22:59:56.434,1.49886,1.49947,1.88,1.13
2011.07.26 22:59:56.544,1.49892,1.49947,1.50,1.13
2011.07.26 22:59:56.653,1.49887,1.49947,1.88,1.13
2011.07.26 22:59:56.765,1.49889,1.49947,1.50,1.13
2011.07.26 22:59:56.984,1.49886,1.49946,1.88,1.13
2011.07.26 22:59:57.533,1.49887,1.49948,2.25,1.13
2011.07.26 22:59:57.643,1.49888,1.49952,1.13,1.13
