2012.04.19 10:00:00.770,1.54647,1.54679,1.50,2.25
2012.04.19 10:00:01.281,1.54651,1.54676,1.43,1.88
2012.04.19 10:00:01.592,1.54656,1.54684,1.43,2.25
2012.04.19 10:00:01.721,1.54653,1.54684,1.43,2.25
2012.04.19 10:00:01.852,1.54651,1.54682,1.50,2.25
2012.04.19 10:00:01.923,1.54649,1.5468,1.50,2.25
2012.04.19 10:00:02.459,1.54647,1.54678,2.94,2.25
2012.04.19 10:00:02.764,1.54655,1.54681,1.50,2.25
2012.04.19 10:00:02.892,1.54653,1.54678,1.50,2.25
2012.04.19 10:00:03.023,1.54649,1.54677,1.50,2.18
2012.04.19 10:00:03.323,1.54646,1.54676,3.00,1.88
2012.04.19 10:00:03.453,1.54644,1.54674,1.50,1.88
2012.04.19 10:00:03.518,1.54641,1.54674,2.25,1.88
2012.04.19 10:00:03.697,1.54645,1.54675,1.50,1.88
2012.04.19 10:00:04.742,1.54642,1.54674,3.75,1.88
2012.04.19 10:00:05.602,1.54642,1.54674,1.50,1.88
2012.04.19 10:00:06.411,1.5464,1.5467,2.93,1.50
2012.04.19 10:00:06.601,1.54641,1.54674,2.25,1.88
2012.04.19 10:00:06.671,1.54646,1.54674,1.50,1.88
2012.04.19 10:00:06.989,1.54642,1.54673,2.25,1.88
2012.04.19 10:00:07.181,1.54645,1.54676,1.50,1.88
2012.04.19 10:00:07.371,1.54643,1.54673,1.43,1.88
2012.04.19 10:00:07.622,1.54643,1.54673,2.18,1.88
2012.04.19 10:00:08.189,1.54649,1.54682,1.50,2.25
2012.04.19 10:00:08.506,1.54651,1.54681,2.25,2.25
2012.04.19 10:00:09.832,1.54655,1.54684,1.50,1.50
2012.04.19 10:00:09.900,1.54651,1.54684,2.25,3.00
2012.04.19 10:00:10.450,1.54651,1.54678,1.50,2.18
2012.04.19 10:00:11.382,1.54647,1.54677,1.50,2.93
2012.04.19 10:00:11.450,1.54649,1.54677,1.50,1.80
2012.04.19 10:00:12.700,1.54651,1.54677,1.50,1.80
2012.04.19 10:00:13.403,1.54649,1.54676,1.50,1.50
2012.04.19 10:00:13.472,1.54646,1.54677,1.50,1.80
2012.04.19 10:00:13.978,1.54646,1.54679,2.25,1.88
2012.04.19 10:00:14.140,1.54649,1.54681,1.50,2.25
2012.04.19 10:00:15.301,1.54651,1.54684,1.50,2.25
2012.04.19 10:00:15.791,1.54649,1.5468,1.50,1.88
2012.04.19 10:00:16.032,1.54646,1.54676,2.25,1.50
2012.04.19 10:00:17.204,1.54645,1.54676,1.50,1.50
2012.04.19 10:00:17.271,1.54645,1.54673,1.50,1.50
2012.04.19 10:00:17.589,1.54644,1.54676,1.43,1.50
2012.04.19 10:00:17.997,1.54644,1.54672,1.43,1.50
2012.04.19 10:00:18.179,1.54645,1.54675,1.50,1.50
2012.04.19 10:00:18.250,1.54645,1.54675,2.25,1.50
2012.04.19 10:00:19.200,1.54652,1.54675,1.50,1.50
2012.04.19 10:00:19.510,1.54654,1.54677,1.50,1.80
2012.04.19 10:00:19.699,1.54652,1.54677,1.50,3.30
2012.04.19 10:00:19.768,1.54646,1.54677,1.50,3.30
2012.04.19 10:00:19.952,1.54644,1.54674,1.43,1.50
2012.04.19 10:00:20.708,1.54644,1.54674,2.93,1.50
2012.04.19 10:00:23.362,1.54645,1.54678,1.50,1.50
2012.04.19 10:00:23.429,1.54644,1.54676,2.86,1.50
2012.04.19 10:00:23.803,1.54642,1.54671,1.44,1.50
2012.04.19 10:00:23.870,1.54639,1.54671,1.44,1.50
2012.04.19 10:00:23.941,1.54643,1.54671,1.43,1.50
2012.04.19 10:00:24.010,1.54639,1.54671,1.44,1.50
2012.04.19 10:00:24.380,1.54644,1.54676,1.50,2.93
2012.04.19 10:00:24.449,1.54649,1.54676,1.50,1.43
2012.04.19 10:00:24.892,1.54646,1.54676,1.50,1.43
2012.04.19 10:00:24.961,1.54643,1.54676,1.50,1.43
2012.04.19 10:00:25.220,1.54648,1.54676,1.50,1.43
2012.04.19 10:00:25.530,1.54646,1.54676,1.50,1.43
2012.04.19 10:00:25.600,1.54644,1.54676,1.50,1.43
2012.04.19 10:00:29.690,1.5464,1.54672,1.50,1.50
2012.04.19 10:00:30.100,1.54639,1.54675,2.19,1.50
2012.04.19 10:00:30.303,1.54644,1.54675,1.43,1.50
2012.04.19 10:00:31.112,1.54645,1.54675,1.43,1.50
2012.04.19 10:00:31.422,1.54645,1.54671,1.43,1.50
2012.04.19 10:00:31.670,1.54645,1.54675,1.43,1.50
2012.04.19 10:00:32.239,1.54645,1.54674,1.43,1.50
2012.04.19 10:00:32.311,1.54643,1.54672,1.13,1.50
2012.04.19 10:00:32.620,1.54631,1.54665,3.31,1.50
2012.04.19 10:00:32.751,1.54633,1.54667,1.88,1.50
2012.04.19 10:00:33.060,1.54638,1.54665,1.43,1.50
2012.04.19 10:00:33.189,1.54638,1.54667,1.43,1.50
2012.04.19 10:00:33.259,1.54635,1.54667,1.50,1.50
2012.04.19 10:00:33.940,1.54632,1.54666,2.63,1.50
2012.04.19 10:00:34.439,1.54632,1.54666,1.88,2.25
2012.04.19 10:00:34.989,1.54634,1.54662,1.88,1.43
2012.04.19 10:00:35.060,1.54632,1.54667,1.88,1.50
2012.04.19 10:00:35.129,1.54631,1.54667,1.50,1.50
2012.04.19 10:00:35.320,1.5464,1.54668,1.50,1.50
2012.04.19 10:00:35.511,1.54632,1.54664,1.50,1.50
2012.04.19 10:00:36.631,1.54629,1.5466,2.19,1.50
2012.04.19 10:00:37.240,1.54634,1.54662,1.50,1.50
2012.04.19 10:00:37.309,1.54634,1.54667,1.50,1.50
2012.04.19 10:00:37.382,1.54634,1.54667,1.50,2.63
2012.04.19 10:00:37.688,1.54632,1.54662,1.50,1.43
2012.04.19 10:00:38.791,1.5463,1.5466,1.50,1.50
2012.04.19 10:00:39.160,1.54626,1.54658,2.25,1.50
2012.04.19 10:00:39.653,1.54629,1.54659,1.50,1.50
2012.04.19 10:00:39.721,1.54629,1.54661,1.50,1.50
2012.04.19 10:00:39.916,1.54629,1.54661,2.25,2.93
2012.04.19 10:00:40.221,1.54643,1.54661,1.43,1.50
2012.04.19 10:00:40.806,1.54643,1.54659,1.43,1.50
2012.04.19 10:00:40.876,1.54639,1.54662,1.43,1.50
2012.04.19 10:00:41.869,1.54639,1.54659,1.43,1.50
2012.04.19 10:00:42.429,1.54636,1.54659,1.43,1.50
2012.04.19 10:00:43.531,1.54647,1.54659,1.43,1.50
2012.04.19 10:00:43.601,1.54647,1.54668,1.43,1.13
2012.04.19 10:00:45.243,1.54637,1.54658,1.43,1.50
2012.04.19 10:00:45.492,1.54637,1.54656,1.43,1.50
2012.04.19 10:00:45.563,1.54632,1.54656,2.18,1.50
2012.04.19 10:00:45.689,1.54633,1.54654,1.43,1.50
2012.04.19 10:00:46.980,1.54629,1.54654,1.43,1.50
2012.04.19 10:00:47.110,1.54629,1.54654,2.18,1.50
2012.04.19 10:00:47.240,1.54626,1.54654,2.86,1.50
2012.04.19 10:00:48.188,1.54633,1.54664,3.00,1.50
2012.04.19 10:00:48.254,1.54636,1.54666,1.50,1.43
2012.04.19 10:00:48.570,1.54633,1.54663,1.13,1.50
2012.04.19 10:00:51.230,1.54635,1.54663,2.18,1.50
2012.04.19 10:00:51.420,1.54642,1.54672,2.25,1.50
2012.04.19 10:00:51.639,1.54639,1.54669,2.25,1.50
2012.04.19 10:00:51.710,1.54641,1.54673,2.25,2.93
2012.04.19 10:00:51.779,1.54641,1.54671,2.25,1.50
2012.04.19 10:00:52.146,1.54639,1.54669,2.25,1.50
2012.04.19 10:00:53.860,1.54635,1.54668,3.68,1.50
2012.04.19 10:00:53.929,1.54635,1.54668,3.68,1.50
2012.04.19 10:00:54.226,1.54635,1.54665,1.43,1.50
2012.04.19 10:00:54.742,1.54635,1.54665,2.18,1.50
2012.04.19 10:00:55.050,1.54643,1.54666,1.43,1.50
2012.04.19 10:00:55.121,1.54643,1.54668,1.43,1.50
2012.04.19 10:00:55.193,1.54643,1.54672,1.43,1.50
2012.04.19 10:00:56.003,1.54643,1.54673,1.43,1.50
2012.04.19 10:00:56.173,1.54643,1.5467,1.43,1.50
2012.04.19 10:01:00.037,1.54634,1.54659,3.99,1.43
2012.04.19 10:01:00.105,1.54632,1.54659,1.88,1.43
2012.04.19 10:01:00.900,1.54633,1.54662,1.80,1.50
2012.04.19 10:01:01.389,1.54633,1.54664,3.30,1.50
2012.04.19 10:01:01.940,1.54634,1.54665,1.50,1.50
2012.04.19 10:01:02.618,1.54631,1.54662,3.38,1.50
2012.04.19 10:01:02.982,1.54634,1.54665,1.50,1.88
2012.04.19 10:01:03.112,1.54634,1.54662,1.50,1.43
2012.04.19 10:01:03.517,1.54634,1.54662,2.25,1.43
2012.04.19 10:01:03.585,1.54638,1.54669,1.50,1.88
2012.04.19 10:01:03.711,1.54636,1.54661,1.50,1.50
2012.04.19 10:01:03.782,1.54628,1.54661,2.25,1.50
2012.04.19 10:01:03.850,1.54628,1.54661,1.50,1.50
2012.04.19 10:01:04.399,1.54627,1.5466,2.19,1.50
2012.04.19 10:01:04.859,1.54631,1.54662,1.50,1.50
2012.04.19 10:01:05.464,1.54642,1.54672,1.50,2.63
2012.04.19 10:01:05.531,1.54642,1.54672,1.50,1.88
2012.04.19 10:01:05.603,1.54642,1.54658,1.50,1.43
2012.04.19 10:01:05.673,1.54635,1.54661,1.50,1.43
2012.04.19 10:01:05.870,1.54636,1.54666,1.43,1.50
2012.04.19 10:01:06.356,1.54636,1.54664,1.43,1.50
2012.04.19 10:01:07.074,1.54641,1.54667,1.50,1.50
2012.04.19 10:01:07.381,1.54638,1.54665,1.50,2.93
2012.04.19 10:01:07.450,1.54635,1.54665,1.58,2.93
2012.04.19 10:01:07.518,1.5464,1.54665,1.43,1.50
2012.04.19 10:01:07.581,1.5464,1.54667,1.43,1.50
2012.04.19 10:01:07.712,1.5464,1.54672,1.43,1.88
2012.04.19 10:01:07.782,1.54643,1.54673,1.50,1.80
2012.04.19 10:01:07.941,1.5464,1.54672,1.43,1.88
2012.04.19 10:01:08.013,1.54642,1.54673,1.50,1.80
2012.04.19 10:01:08.460,1.54639,1.54671,1.50,1.80
2012.04.19 10:01:09.101,1.54636,1.54667,2.25,1.50
2012.04.19 10:01:09.420,1.5464,1.54663,1.43,1.50
2012.04.19 10:01:09.491,1.5464,1.54668,1.43,1.50
2012.04.19 10:01:14.079,1.5464,1.5467,1.43,1.88
2012.04.19 10:01:14.149,1.54642,1.54673,1.50,3.30
2012.04.19 10:01:15.942,1.54644,1.54677,2.93,3.68
2012.04.19 10:01:16.298,1.54647,1.54673,1.50,1.80
2012.04.19 10:01:16.369,1.54647,1.54673,1.50,1.43
2012.04.19 10:01:16.440,1.5465,1.54673,1.50,1.43
2012.04.19 10:01:16.629,1.54648,1.54673,3.00,1.43
2012.04.19 10:01:16.921,1.54644,1.54673,1.50,1.43
2012.04.19 10:01:17.540,1.54648,1.54673,1.50,1.43
2012.04.19 10:01:17.949,1.54645,1.54673,1.50,1.43
2012.04.19 10:01:18.482,1.54643,1.54673,1.50,1.43
2012.04.19 10:01:19.740,1.54643,1.54673,1.50,1.77
2012.04.19 10:01:19.810,1.54641,1.54671,1.50,1.84
2012.04.19 10:01:19.941,1.54636,1.54669,2.25,2.93
2012.04.19 10:01:20.129,1.5464,1.54669,1.43,1.50
2012.04.19 10:01:20.641,1.54639,1.54669,2.93,1.50
2012.04.19 10:01:20.985,1.54639,1.54665,1.43,1.50
2012.04.19 10:01:21.310,1.54641,1.54665,1.43,1.50
2012.04.19 10:01:21.551,1.54638,1.54665,1.43,1.50
2012.04.19 10:01:21.621,1.54635,1.54665,2.93,2.93
2012.04.19 10:01:21.692,1.54635,1.54663,1.43,1.50
2012.04.19 10:01:22.213,1.54635,1.54661,1.43,1.50
2012.04.19 10:01:22.929,1.54635,1.54663,1.43,1.50
2012.04.19 10:01:23.122,1.54635,1.54665,1.43,1.43
2012.04.19 10:01:23.429,1.54649,1.54671,1.43,2.25
2012.04.19 10:01:23.802,1.54643,1.54673,1.50,2.63
2012.04.19 10:01:24.002,1.54642,1.54671,1.58,1.50
2012.04.19 10:01:24.070,1.54642,1.54669,1.43,1.50
2012.04.19 10:01:24.444,1.54642,1.54667,1.43,1.50
2012.04.19 10:01:24.631,1.54635,1.54665,2.18,1.50
2012.04.19 10:01:25.076,1.54631,1.54663,1.43,2.25
2012.04.19 10:01:25.577,1.54631,1.54663,1.43,2.25
2012.04.19 10:01:25.960,1.54634,1.54664,1.50,2.18
2012.04.19 10:01:26.683,1.54631,1.54661,2.93,1.13
2012.04.19 10:01:26.754,1.5463,1.54658,1.50,1.13
2012.04.19 10:01:27.062,1.54626,1.54651,1.80,2.25
2012.04.19 10:01:27.760,1.54623,1.54649,2.18,1.50
2012.04.19 10:01:28.091,1.5462,1.54647,2.18,2.25
2012.04.19 10:01:28.221,1.54622,1.54645,1.43,1.50
2012.04.19 10:01:28.531,1.54625,1.5465,1.43,1.13
2012.04.19 10:01:28.959,1.54621,1.5465,1.43,1.13
2012.04.19 10:01:29.030,1.54623,1.54652,1.50,1.13
2012.04.19 10:01:29.160,1.54621,1.54649,2.93,2.25
2012.04.19 10:01:29.289,1.54621,1.54649,2.18,1.50
2012.04.19 10:01:30.028,1.54626,1.54649,1.43,1.50
2012.04.19 10:01:30.950,1.54629,1.54649,1.43,1.50
2012.04.19 10:01:31.231,1.54625,1.54649,1.43,1.50
2012.04.19 10:01:31.300,1.54625,1.54647,1.43,1.50
2012.04.19 10:01:31.491,1.54621,1.54647,2.18,1.50
2012.04.19 10:01:31.636,1.54621,1.5465,2.18,1.50
2012.04.19 10:01:33.051,1.54621,1.5465,1.43,2.63
2012.04.19 10:01:33.486,1.54621,1.54641,1.43,1.50
2012.04.19 10:01:33.842,1.54621,1.54644,1.43,1.50
2012.04.19 10:01:33.908,1.54623,1.54645,1.43,1.50
2012.04.19 10:01:34.357,1.54625,1.54645,1.43,1.50
2012.04.19 10:01:35.090,1.54623,1.54645,1.43,1.50
2012.04.19 10:01:35.520,1.54621,1.54645,1.43,1.50
2012.04.19 10:01:35.772,1.54612,1.54642,3.23,1.50
2012.04.19 10:01:35.840,1.5461,1.54639,2.40,1.50
2012.04.19 10:01:36.090,1.5461,1.54639,1.80,1.50
2012.04.19 10:01:37.771,1.5461,1.54637,1.43,1.50
2012.04.19 10:01:37.901,1.5461,1.54639,1.43,1.50
2012.04.19 10:01:38.414,1.5461,1.54639,2.18,1.50
2012.04.19 10:01:39.159,1.5461,1.54636,2.18,1.50
2012.04.19 10:01:39.663,1.5461,1.54639,2.18,1.50
2012.04.19 10:01:39.790,1.54615,1.54641,1.50,1.50
2012.04.19 10:01:40.009,1.5462,1.54648,1.43,2.25
2012.04.19 10:01:40.890,1.5462,1.5465,1.43,2.25
2012.04.19 10:01:41.188,1.5462,1.5465,2.18,2.25
2012.04.19 10:01:41.775,1.54629,1.54647,1.43,1.50
2012.04.19 10:01:41.841,1.54621,1.54647,1.43,1.50
2012.04.19 10:01:42.158,1.54621,1.54649,1.43,2.25
2012.04.19 10:01:42.889,1.54626,1.5465,1.43,2.25
2012.04.19 10:01:44.021,1.54621,1.54647,2.18,1.50
2012.04.19 10:01:44.569,1.54621,1.54646,1.43,2.25
2012.04.19 10:01:44.821,1.54621,1.54642,1.43,1.50
2012.04.19 10:01:44.891,1.54612,1.54642,1.43,1.50
2012.04.19 10:01:45.319,1.54621,1.54642,1.43,1.50
2012.04.19 10:01:45.871,1.54621,1.54646,1.43,2.63
2012.04.19 10:01:46.249,1.54621,1.54646,1.43,1.88
2012.04.19 10:01:46.590,1.54621,1.54642,1.43,1.50
2012.04.19 10:01:46.960,1.54621,1.54645,1.43,1.50
2012.04.19 10:01:47.532,1.54614,1.54644,1.50,1.43
2012.04.19 10:01:48.048,1.54614,1.54644,1.50,2.18
2012.04.19 10:01:48.112,1.54611,1.54642,4.05,1.50
2012.04.19 10:01:48.915,1.54611,1.54642,2.93,2.25
2012.04.19 10:01:50.682,1.54611,1.54642,3.68,2.25
2012.04.19 10:01:51.192,1.54615,1.54644,2.25,2.18
2012.04.19 10:01:51.651,1.54613,1.54643,1.50,2.25
2012.04.19 10:01:52.307,1.54612,1.54643,1.50,2.25
2012.04.19 10:01:52.372,1.54614,1.54644,1.50,2.18
2012.04.19 10:01:53.540,1.54614,1.54641,1.50,1.43
2012.04.19 10:01:54.108,1.54614,1.54645,1.50,2.18
2012.04.19 10:01:54.749,1.54614,1.54645,1.50,2.18
2012.04.19 10:01:56.752,1.54614,1.54645,1.50,2.18
2012.04.19 10:01:57.592,1.54614,1.54645,1.50,2.18
2012.04.19 10:01:57.999,1.54612,1.54641,2.25,2.25
2012.04.19 10:01:58.069,1.5462,1.54641,1.43,2.25
2012.04.19 10:01:59.689,1.5462,1.54641,1.43,1.88
2012.04.19 10:01:59.821,1.54607,1.54636,1.13,3.68
2012.04.19 10:02:00.071,1.54608,1.54633,2.18,1.50
2012.04.19 10:02:00.140,1.54609,1.54638,2.25,2.93
2012.04.19 10:02:00.880,1.54613,1.5464,1.43,2.63
2012.04.19 10:02:01.251,1.54609,1.54639,1.50,2.18
2012.04.19 10:02:01.381,1.54612,1.54639,1.50,2.18
2012.04.19 10:02:01.631,1.54612,1.54642,2.93,2.25
2012.04.19 10:02:01.883,1.54608,1.54639,1.88,1.43
2012.04.19 10:02:01.950,1.54613,1.54641,1.43,2.25
2012.04.19 10:02:02.389,1.54611,1.54641,2.18,2.25
2012.04.19 10:02:03.486,1.54612,1.54641,1.43,2.25
2012.04.19 10:02:04.191,1.54612,1.54641,1.43,2.59
2012.04.19 10:02:04.713,1.54612,1.54637,1.43,1.50
2012.04.19 10:02:04.841,1.54605,1.54637,1.50,1.50
2012.04.19 10:02:04.910,1.54612,1.54638,1.50,1.43
2012.04.19 10:02:06.424,1.5461,1.54638,3.00,1.43
2012.04.19 10:02:07.260,1.54611,1.54638,1.50,2.18
2012.04.19 10:02:07.330,1.54613,1.54638,1.50,1.43
2012.04.19 10:02:08.787,1.54613,1.54638,1.50,2.18
2012.04.19 10:02:09.342,1.54613,1.54638,1.50,2.18
2012.04.19 10:02:10.254,1.54609,1.54638,1.50,2.18
2012.04.19 10:02:10.342,1.54612,1.54638,1.50,2.18
2012.04.19 10:02:10.981,1.54611,1.54638,1.50,2.18
2012.04.19 10:02:11.290,1.54613,1.54638,1.50,2.18
2012.04.19 10:02:11.361,1.5461,1.54638,1.50,2.55
2012.04.19 10:02:12.126,1.54606,1.54636,1.50,2.25
2012.04.19 10:02:12.336,1.54609,1.54638,1.50,2.55
2012.04.19 10:02:12.670,1.54611,1.54638,1.50,2.55
2012.04.19 10:02:13.159,1.54607,1.54637,1.50,2.18
2012.04.19 10:02:13.293,1.54609,1.54637,1.50,2.18
2012.04.19 10:02:14.096,1.54609,1.54637,1.50,2.18
2012.04.19 10:02:14.968,1.54604,1.54634,1.50,2.25
2012.04.19 10:02:15.238,1.54607,1.54637,1.50,3.68
2012.04.19 10:02:16.231,1.54611,1.54637,1.50,2.18
2012.04.19 10:02:16.301,1.5461,1.54637,1.50,1.43
2012.04.19 10:02:16.370,1.54612,1.5464,1.43,1.50
2012.04.19 10:02:16.640,1.54619,1.54641,1.50,1.13
2012.04.19 10:02:17.145,1.54618,1.54642,2.93,1.50
2012.04.19 10:02:17.553,1.5462,1.54647,1.50,1.13
2012.04.19 10:02:17.625,1.54622,1.54648,1.43,1.88
2012.04.19 10:02:20.933,1.54622,1.54649,1.50,1.80
2012.04.19 10:02:21.063,1.54622,1.54644,1.50,1.43
2012.04.19 10:02:21.542,1.54632,1.54648,1.43,1.88
2012.04.19 10:02:21.609,1.54623,1.54648,1.43,2.63
2012.04.19 10:02:21.884,1.54627,1.54649,1.43,1.13
2012.04.19 10:02:21.951,1.54622,1.54649,2.25,1.13
2012.04.19 10:02:22.022,1.54624,1.54649,1.50,1.13
2012.04.19 10:02:22.151,1.54622,1.54648,2.25,1.13
2012.04.19 10:02:22.641,1.54617,1.54646,2.18,1.50
2012.04.19 10:02:23.171,1.54617,1.54645,2.18,1.50
2012.04.19 10:02:24.038,1.54617,1.54648,3.68,1.88
2012.04.19 10:02:24.580,1.54617,1.54645,1.43,1.50
2012.04.19 10:02:24.892,1.54611,1.54639,1.50,2.18
2012.04.19 10:02:25.413,1.54611,1.54639,3.75,2.18
2012.04.19 10:02:25.731,1.54619,1.54641,1.43,1.13
2012.04.19 10:02:25.980,1.54618,1.54641,1.43,1.50
2012.04.19 10:02:26.361,1.54618,1.54648,2.93,3.00
2012.04.19 10:02:26.904,1.54618,1.54642,1.43,1.50
2012.04.19 10:02:28.870,1.54618,1.54642,2.18,1.50
2012.04.19 10:02:29.354,1.54619,1.54644,2.18,1.50
2012.04.19 10:02:29.423,1.54626,1.54648,1.50,1.13
2012.04.19 10:02:29.611,1.54619,1.54648,2.18,1.13
2012.04.19 10:02:29.971,1.54619,1.54648,2.93,1.13
2012.04.19 10:02:30.793,1.54619,1.54649,2.93,1.88
2012.04.19 10:02:31.702,1.54619,1.54649,2.93,1.88
2012.04.19 10:02:35.221,1.54619,1.5465,2.18,1.88
2012.04.19 10:02:35.758,1.54619,1.5465,1.43,2.63
2012.04.19 10:02:37.122,1.54619,1.5465,1.43,1.88
2012.04.19 10:02:39.339,1.54619,1.54643,1.43,1.50
2012.04.19 10:02:39.696,1.54619,1.54646,1.43,3.00
2012.04.19 10:02:42.398,1.54619,1.54649,1.43,1.88
2012.04.19 10:02:45.142,1.54627,1.54649,1.50,1.88
2012.04.19 10:02:45.451,1.54629,1.54651,1.50,1.13
2012.04.19 10:02:45.761,1.54625,1.54651,1.50,1.13
2012.04.19 10:02:46.149,1.54628,1.54654,1.43,1.50
2012.04.19 10:02:46.273,1.54624,1.54654,1.50,2.93
2012.04.19 10:02:46.341,1.54627,1.54654,1.50,2.93
2012.04.19 10:02:46.831,1.54623,1.5465,1.50,1.13
2012.04.19 10:02:50.211,1.54623,1.5465,1.50,2.37
2012.04.19 10:02:50.760,1.54623,1.54648,1.50,1.80
2012.04.19 10:02:51.380,1.54626,1.5465,1.50,1.13
2012.04.19 10:02:51.885,1.54629,1.5465,1.50,1.13
2012.04.19 10:02:52.161,1.54626,1.54651,1.50,1.13
2012.04.19 10:02:52.441,1.54628,1.54651,1.50,1.13
2012.04.19 10:02:58.197,1.54628,1.54654,1.50,1.50
2012.04.19 10:02:59.359,1.54628,1.54654,1.50,1.50
2012.04.19 10:02:59.980,1.54628,1.54654,1.50,1.50
2012.04.19 10:03:01.182,1.54628,1.54654,1.50,1.50
2012.04.19 10:03:01.899,1.54627,1.54655,1.50,1.50
2012.04.19 10:03:02.482,1.54628,1.54655,1.50,1.50
2012.04.19 10:03:02.609,1.54625,1.54655,3.00,1.50
2012.04.19 10:03:03.298,1.54627,1.54655,1.50,1.50
2012.04.19 10:03:03.819,1.54626,1.54651,1.50,1.88
2012.04.19 10:03:03.889,1.5462,1.54651,2.93,1.88
2012.04.19 10:03:04.019,1.54622,1.54654,1.50,2.25
2012.04.19 10:03:04.299,1.5462,1.54651,4.43,2.63
2012.04.19 10:03:07.131,1.54623,1.54651,1.50,1.13
2012.04.19 10:03:07.441,1.54626,1.54651,1.50,1.13
2012.04.19 10:03:08.521,1.54626,1.54652,1.50,1.50
2012.04.19 10:03:08.710,1.54623,1.54652,1.50,1.50
2012.04.19 10:03:09.090,1.54621,1.54651,1.50,1.20
2012.04.19 10:03:09.644,1.54606,1.54634,1.09,1.50
2012.04.19 10:03:09.780,1.54614,1.54634,1.43,1.50
2012.04.19 10:03:10.091,1.54614,1.54634,2.18,1.50
2012.04.19 10:03:10.221,1.54614,1.54634,1.43,1.50
2012.04.19 10:03:10.293,1.54614,1.54637,1.43,1.50
2012.04.19 10:03:10.896,1.54614,1.54638,1.43,1.50
2012.04.19 10:03:11.671,1.54622,1.54645,1.43,1.50
2012.04.19 10:03:11.861,1.54622,1.54648,1.43,1.13
2012.04.19 10:03:12.569,1.54622,1.54648,1.50,2.63
2012.04.19 10:03:12.646,1.54617,1.54648,1.50,2.18
2012.04.19 10:03:12.831,1.54619,1.54648,1.50,2.18
2012.04.19 10:03:13.174,1.54622,1.54648,1.50,2.18
2012.04.19 10:03:15.240,1.54622,1.54648,1.50,2.18
2012.04.19 10:03:15.391,1.54618,1.54648,1.50,2.18
2012.04.19 10:03:15.981,1.54618,1.54648,1.50,2.18
2012.04.19 10:03:16.056,1.54615,1.54646,1.50,1.50
2012.04.19 10:03:16.120,1.54617,1.54648,1.50,2.18
2012.04.19 10:03:17.029,1.54617,1.54648,1.50,2.18
2012.04.19 10:03:17.651,1.54618,1.54648,1.50,2.18
2012.04.19 10:03:17.961,1.54621,1.5465,2.25,1.13
2012.04.19 10:03:18.290,1.54634,1.54656,1.50,1.50
2012.04.19 10:03:18.933,1.54634,1.54655,1.50,1.50
2012.04.19 10:03:19.483,1.54631,1.54659,1.50,1.50
2012.04.19 10:03:20.699,1.54629,1.54655,1.50,1.50
2012.04.19 10:03:21.139,1.54631,1.54655,1.50,1.50
2012.04.19 10:03:21.746,1.54633,1.54655,1.50,1.50
2012.04.19 10:03:22.570,1.54629,1.54655,1.50,1.50
2012.04.19 10:03:22.949,1.54622,1.54655,1.50,2.25
2012.04.19 10:03:23.567,1.54631,1.54655,1.50,1.50
2012.04.19 10:03:27.642,1.54631,1.54655,1.50,1.50
2012.04.19 10:03:27.839,1.54628,1.54655,1.50,1.50
2012.04.19 10:03:28.500,1.54631,1.54655,1.50,1.50
2012.04.19 10:03:29.070,1.54622,1.54655,1.50,3.00
2012.04.19 10:03:29.139,1.54627,1.54655,1.43,3.00
2012.04.19 10:03:33.863,1.54625,1.54655,1.50,1.50
2012.04.19 10:03:34.051,1.54627,1.54656,1.50,1.50
2012.04.19 10:03:34.399,1.54629,1.54656,1.50,1.50
2012.04.19 10:03:36.839,1.54626,1.54656,1.50,1.50
2012.04.19 10:03:36.911,1.54629,1.54656,1.50,1.50
2012.04.19 10:03:37.440,1.54628,1.54654,1.43,1.88
2012.04.19 10:03:40.773,1.54631,1.54659,1.50,1.50
2012.04.19 10:03:44.169,1.54628,1.54659,2.93,3.00
2012.04.19 10:03:46.153,1.54629,1.54652,1.50,1.80
2012.04.19 10:03:46.223,1.54632,1.54652,1.50,1.80
2012.04.19 10:03:46.534,1.54634,1.54655,2.18,2.25
2012.04.19 10:03:46.843,1.54637,1.54661,1.84,2.25
2012.04.19 10:03:47.031,1.54633,1.54661,2.18,2.25
2012.04.19 10:03:47.103,1.54639,1.54664,1.50,2.18
2012.04.19 10:03:47.411,1.54645,1.54671,1.50,1.13
2012.04.19 10:03:47.481,1.54648,1.54668,1.43,1.50
2012.04.19 10:03:48.244,1.54647,1.54671,1.43,1.88
2012.04.19 10:03:48.756,1.54648,1.54671,1.43,1.88
2012.04.19 10:03:49.531,1.5464,1.54671,1.06,1.88
2012.04.19 10:03:49.600,1.54644,1.54675,1.50,1.80
2012.04.19 10:03:49.882,1.54641,1.54674,1.50,1.88
2012.04.19 10:03:50.491,1.54641,1.54674,1.50,1.88
2012.04.19 10:03:51.071,1.54641,1.54674,2.25,1.88
2012.04.19 10:03:51.535,1.54639,1.54671,1.43,1.50
2012.04.19 10:03:51.813,1.54638,1.54665,1.50,1.43
2012.04.19 10:03:53.390,1.54638,1.54671,1.50,1.88
2012.04.19 10:03:53.462,1.54642,1.54672,1.50,3.30
2012.04.19 10:03:53.952,1.54641,1.54668,1.50,1.50
2012.04.19 10:03:54.082,1.54643,1.54673,1.50,1.88
2012.04.19 10:03:54.221,1.54639,1.54669,3.68,1.50
2012.04.19 10:03:54.540,1.54639,1.54666,2.18,1.50
2012.04.19 10:03:54.610,1.54639,1.54666,1.43,1.50
2012.04.19 10:03:54.738,1.5464,1.5467,2.93,1.50
2012.04.19 10:03:55.678,1.5464,1.54668,1.43,1.50
2012.04.19 10:03:55.738,1.5464,1.5467,2.93,1.50
2012.04.19 10:03:56.934,1.5464,1.5467,2.93,3.75
2012.04.19 10:03:57.181,1.54629,1.54662,1.88,2.93
2012.04.19 10:03:57.251,1.54629,1.54662,2.63,2.93
2012.04.19 10:03:57.390,1.54629,1.54662,1.88,2.93
2012.04.19 10:03:57.794,1.54628,1.54657,1.88,1.50
2012.04.19 10:03:57.971,1.54627,1.54659,4.05,3.00
2012.04.19 10:03:58.158,1.54627,1.54656,2.55,1.50
2012.04.19 10:03:58.706,1.54629,1.54656,1.13,1.50
2012.04.19 10:03:58.773,1.54627,1.54656,1.13,1.50
2012.04.19 10:03:59.001,1.54629,1.54656,1.13,1.50
2012.04.19 10:03:59.072,1.54629,1.5466,1.13,1.50
2012.04.19 10:03:59.673,1.5463,1.54662,2.25,2.93
2012.04.19 10:04:00.358,1.5463,1.54663,2.25,1.50
2012.04.19 10:04:02.680,1.5463,1.54663,2.25,1.50
2012.04.19 10:04:02.929,1.5463,1.54663,1.50,1.50
2012.04.19 10:04:03.061,1.54628,1.54659,1.88,1.50
2012.04.19 10:04:03.447,1.54626,1.54656,2.55,1.50
2012.04.19 10:04:03.782,1.54626,1.54651,1.80,1.50
2012.04.19 10:04:04.282,1.54626,1.5465,1.80,1.50
2012.04.19 10:04:04.589,1.54626,1.54653,1.80,1.50
2012.04.19 10:04:05.543,1.54627,1.54649,1.13,1.50
2012.04.19 10:04:06.373,1.54633,1.54649,1.43,1.50
2012.04.19 10:04:06.441,1.54633,1.54651,1.43,3.00
2012.04.19 10:04:06.513,1.54628,1.54649,1.80,1.50
2012.04.19 10:04:06.703,1.54628,1.54652,1.80,1.50
2012.04.19 10:04:06.773,1.54628,1.5466,1.80,3.68
2012.04.19 10:04:06.841,1.54628,1.54656,1.80,1.50
2012.04.19 10:04:07.149,1.54634,1.54656,1.43,1.50
2012.04.19 10:04:07.474,1.54634,1.54654,1.43,1.50
2012.04.19 10:04:08.104,1.54629,1.54654,1.88,1.50
2012.04.19 10:04:08.173,1.54629,1.54657,1.88,1.43
2012.04.19 10:04:08.390,1.54628,1.54655,1.88,1.50
2012.04.19 10:04:08.719,1.54624,1.54654,1.13,1.88
2012.04.19 10:04:09.011,1.54622,1.54654,2.18,1.88
2012.04.19 10:04:09.201,1.54622,1.54651,2.18,1.88
2012.04.19 10:04:09.745,1.54624,1.54651,2.18,1.88
2012.04.19 10:04:10.183,1.54632,1.54654,2.18,1.50
2012.04.19 10:04:10.315,1.54626,1.54649,1.13,1.43
2012.04.19 10:04:10.382,1.54621,1.54654,3.15,2.93
2012.04.19 10:04:10.975,1.54621,1.54654,2.25,3.68
2012.04.19 10:04:11.044,1.54618,1.54647,1.80,1.50
2012.04.19 10:04:11.360,1.54617,1.54644,2.93,1.50
2012.04.19 10:04:11.489,1.54617,1.54644,2.18,1.50
2012.04.19 10:04:11.561,1.54617,1.54649,2.25,1.43
2012.04.19 10:04:11.630,1.54617,1.54649,2.25,2.18
2012.04.19 10:04:12.030,1.54617,1.5465,2.25,1.50
2012.04.19 10:04:12.099,1.54624,1.54648,1.43,1.50
2012.04.19 10:04:12.552,1.54624,1.54646,1.43,1.50
2012.04.19 10:04:15.259,1.54625,1.54648,1.50,1.50
2012.04.19 10:04:15.329,1.54623,1.54655,1.50,2.25
2012.04.19 10:04:15.459,1.54622,1.54655,2.25,2.25
2012.04.19 10:04:15.770,1.54623,1.54649,2.18,1.50
2012.04.19 10:04:16.422,1.54623,1.54649,1.43,1.50
2012.04.19 10:04:16.673,1.54623,1.54654,1.43,1.88
2012.04.19 10:04:16.803,1.54631,1.54652,1.43,1.88
2012.04.19 10:04:17.053,1.5462,1.5465,1.50,1.43
2012.04.19 10:04:17.500,1.54623,1.54651,1.50,2.93
2012.04.19 10:04:18.090,1.54623,1.54642,1.50,1.43
2012.04.19 10:04:18.167,1.54615,1.54642,1.50,1.43
2012.04.19 10:04:18.290,1.54615,1.54642,2.25,1.43
2012.04.19 10:04:18.681,1.54621,1.54642,1.50,1.43
2012.04.19 10:04:18.932,1.54621,1.54651,2.25,1.50
2012.04.19 10:04:19.569,1.54621,1.54652,2.25,2.18
2012.04.19 10:04:20.329,1.54621,1.54652,2.25,2.18
2012.04.19 10:04:23.059,1.54621,1.54652,1.50,2.18
2012.04.19 10:04:23.422,1.54621,1.54652,2.25,2.18
2012.04.19 10:04:23.942,1.54621,1.54652,2.25,1.43
2012.04.19 10:04:24.013,1.54619,1.54649,2.25,1.43
2012.04.19 10:04:24.084,1.54624,1.54653,1.43,1.50
2012.04.19 10:04:24.213,1.54624,1.54653,2.18,1.50
2012.04.19 10:04:24.643,1.54625,1.54654,1.50,1.80
2012.04.19 10:04:25.075,1.54627,1.54655,1.50,1.13
2012.04.19 10:04:25.382,1.54631,1.54653,1.43,1.50
2012.04.19 10:04:25.629,1.54624,1.54656,3.68,1.50
2012.04.19 10:04:25.885,1.54626,1.54657,1.13,1.50
2012.04.19 10:04:26.069,1.54632,1.54659,2.18,3.75
2012.04.19 10:04:26.141,1.54632,1.54657,2.18,1.50
2012.04.19 10:04:27.169,1.54632,1.54659,2.18,3.00
2012.04.19 10:04:29.122,1.54632,1.54659,2.18,1.50
2012.04.19 10:04:29.431,1.54633,1.54659,2.18,1.88
2012.04.19 10:04:29.504,1.54631,1.54656,1.43,1.88
2012.04.19 10:04:29.579,1.54638,1.54664,1.50,1.50
2012.04.19 10:04:29.654,1.54631,1.54661,1.43,2.25
2012.04.19 10:04:29.719,1.54628,1.54661,2.63,2.25
2012.04.19 10:04:30.270,1.54626,1.54654,1.50,1.88
2012.04.19 10:04:30.822,1.54627,1.54657,2.18,1.50
2012.04.19 10:04:30.893,1.54627,1.54657,1.43,1.50
2012.04.19 10:04:31.336,1.54628,1.54656,1.50,2.18
2012.04.19 10:04:31.907,1.54628,1.54656,1.50,2.18
2012.04.19 10:04:32.585,1.54628,1.54656,1.50,2.18
2012.04.19 10:04:33.089,1.54631,1.54652,1.43,1.88
2012.04.19 10:04:33.461,1.54626,1.54654,2.18,2.25
2012.04.19 10:04:34.071,1.5462,1.5465,2.94,1.88
2012.04.19 10:04:34.200,1.54627,1.54655,1.50,2.18
2012.04.19 10:04:34.392,1.54623,1.54655,1.50,2.18
2012.04.19 10:04:34.650,1.54627,1.54655,1.50,2.18
2012.04.19 10:04:35.990,1.54627,1.54654,1.50,1.50
2012.04.19 10:04:36.120,1.54621,1.54653,1.50,2.25
2012.04.19 10:04:36.370,1.54621,1.54643,1.50,1.43
2012.04.19 10:04:36.501,1.54621,1.54647,1.50,1.43
2012.04.19 10:04:36.750,1.54619,1.54647,1.50,1.43
2012.04.19 10:04:38.981,1.54619,1.54647,1.50,2.18
2012.04.19 10:04:39.112,1.54616,1.54647,1.50,2.18
2012.04.19 10:04:39.630,1.54615,1.54647,1.50,2.18
2012.04.19 10:04:40.235,1.54615,1.54647,1.50,2.18
2012.04.19 10:04:41.789,1.54615,1.54647,1.50,2.18
2012.04.19 10:04:46.569,1.54621,1.54646,1.43,1.50
2012.04.19 10:04:47.157,1.54621,1.5465,1.43,2.25
2012.04.19 10:04:47.460,1.54621,1.54649,1.43,3.00
2012.04.19 10:04:48.299,1.54618,1.54649,1.50,1.50
2012.04.19 10:04:48.440,1.54618,1.54647,1.50,1.50
2012.04.19 10:04:48.795,1.54614,1.54643,1.13,1.50
2012.04.19 10:04:49.381,1.54614,1.54645,1.88,1.50
2012.04.19 10:04:49.605,1.54616,1.54642,1.80,1.50
2012.04.19 10:04:49.909,1.54611,1.54639,1.80,1.50
2012.04.19 10:04:50.419,1.54616,1.54639,1.43,1.50
2012.04.19 10:04:50.959,1.54612,1.54639,1.80,1.50
2012.04.19 10:04:51.510,1.54612,1.54638,1.80,1.50
2012.04.19 10:04:53.549,1.54612,1.5464,1.80,1.50
2012.04.19 10:04:54.710,1.54612,1.54637,1.80,1.50
2012.04.19 10:04:57.693,1.54612,1.54636,1.80,1.50
2012.04.19 10:04:58.026,1.54612,1.54633,1.80,1.50
2012.04.19 10:04:59.541,1.54612,1.54633,1.80,1.50
2012.04.19 10:04:59.854,1.54612,1.54636,1.80,3.00
2012.04.19 10:05:01.390,1.54612,1.5464,1.80,2.25
2012.04.19 10:05:01.590,1.54612,1.5464,1.80,1.50
2012.04.19 10:05:02.221,1.54612,1.5464,1.80,1.50
2012.04.19 10:05:02.290,1.54612,1.54642,3.30,3.68
2012.04.19 10:05:02.420,1.54612,1.54639,1.80,1.50
2012.04.19 10:05:02.973,1.54612,1.54642,2.55,2.18
2012.04.19 10:05:03.040,1.54612,1.54639,2.55,1.50
2012.04.19 10:05:04.602,1.54612,1.54639,2.18,1.50
2012.04.19 10:05:05.054,1.54612,1.54636,1.43,1.50
2012.04.19 10:05:05.313,1.54612,1.5464,1.43,1.50
2012.04.19 10:05:06.670,1.54608,1.54638,2.18,1.43
2012.04.19 10:05:07.231,1.54608,1.54638,1.77,1.43
2012.04.19 10:05:09.341,1.54611,1.54636,1.43,1.50
2012.04.19 10:05:09.743,1.5461,1.54638,1.09,1.43
2012.04.19 10:05:10.137,1.5461,1.54638,1.09,1.43
2012.04.19 10:05:10.300,1.5461,1.54638,1.09,1.43
2012.04.19 10:05:10.540,1.54612,1.5464,2.18,1.50
2012.04.19 10:05:11.189,1.54612,1.54641,2.18,1.50
2012.04.19 10:05:11.539,1.54617,1.54644,1.43,1.50
2012.04.19 10:05:11.982,1.54625,1.54644,2.18,1.50
2012.04.19 10:05:12.112,1.54625,1.54647,1.43,3.00
2012.04.19 10:05:12.183,1.54619,1.54647,1.50,1.50
2012.04.19 10:05:12.924,1.54627,1.54653,1.50,1.43
2012.04.19 10:05:12.998,1.54614,1.54647,2.25,1.50
2012.04.19 10:05:13.086,1.54623,1.54648,1.50,3.27
2012.04.19 10:05:13.642,1.54624,1.54648,1.50,1.43
2012.04.19 10:05:13.830,1.54624,1.54653,1.50,1.20
2012.04.19 10:05:14.421,1.54622,1.54653,1.50,1.13
2012.04.19 10:05:14.889,1.54625,1.54655,1.50,2.18
2012.04.19 10:05:15.560,1.54625,1.54655,1.50,2.18
2012.04.19 10:05:16.199,1.54625,1.54655,1.50,2.18
2012.04.19 10:05:16.510,1.54622,1.54653,1.50,2.25
2012.04.19 10:05:16.702,1.54624,1.54653,1.50,2.25
2012.04.19 10:05:17.011,1.54627,1.54657,1.50,2.18
2012.04.19 10:05:17.081,1.54627,1.54657,1.50,2.18
2012.04.19 10:05:17.271,1.54632,1.54653,2.18,1.50
2012.04.19 10:05:17.341,1.54632,1.54659,2.18,1.13
2012.04.19 10:05:17.472,1.5463,1.54659,1.50,1.13
2012.04.19 10:05:17.603,1.54626,1.54659,2.25,2.63
2012.04.19 10:05:17.910,1.54625,1.54655,2.25,1.50
2012.04.19 10:05:18.203,1.54623,1.54653,1.43,1.50
2012.04.19 10:05:18.272,1.54623,1.54651,1.43,1.50
2012.04.19 10:05:18.936,1.54623,1.54649,1.43,1.50
2012.04.19 10:05:19.391,1.54627,1.54658,1.50,2.25
2012.04.19 10:05:19.460,1.54627,1.54658,1.50,2.25
2012.04.19 10:05:21.993,1.54627,1.54656,1.50,1.43
2012.04.19 10:05:22.816,1.54629,1.54657,1.50,2.18
2012.04.19 10:05:28.545,1.54629,1.54658,1.50,1.43
2012.04.19 10:05:31.092,1.54631,1.54657,1.43,1.50
2012.04.19 10:05:31.980,1.54631,1.54657,2.18,1.50
2012.04.19 10:05:32.112,1.54631,1.54659,2.18,3.00
2012.04.19 10:05:32.603,1.54631,1.54656,2.18,1.50
2012.04.19 10:05:33.524,1.54632,1.54659,1.43,1.50
2012.04.19 10:05:33.598,1.54635,1.54662,1.50,1.80
2012.04.19 10:05:34.112,1.54635,1.54666,1.50,2.55
2012.04.19 10:05:34.420,1.54638,1.54666,1.50,2.40
2012.04.19 10:05:34.772,1.54636,1.54666,1.50,2.40
2012.04.19 10:05:35.741,1.54636,1.54667,1.50,2.25
2012.04.19 10:05:36.110,1.54636,1.54667,2.25,1.50
2012.04.19 10:05:36.753,1.54636,1.54667,1.50,1.50
2012.04.19 10:05:36.879,1.54638,1.54668,1.50,1.50
2012.04.19 10:05:37.803,1.54638,1.54671,1.50,2.63
2012.04.19 10:05:38.112,1.54638,1.54668,1.50,1.50
2012.04.19 10:05:38.180,1.54636,1.54667,1.50,2.25
2012.04.19 10:05:38.430,1.54632,1.54663,1.50,1.50
2012.04.19 10:05:38.500,1.54635,1.54666,1.50,3.75
2012.04.19 10:05:38.905,1.54635,1.54666,1.50,1.50
2012.04.19 10:05:39.054,1.54635,1.54664,1.50,1.50
2012.04.19 10:05:39.706,1.54633,1.54662,1.43,1.50
2012.04.19 10:05:40.379,1.54633,1.5466,1.43,1.50
2012.04.19 10:05:40.929,1.54633,1.54659,1.43,1.50
2012.04.19 10:05:42.242,1.54633,1.54659,2.18,1.50
2012.04.19 10:05:42.522,1.54633,1.54659,1.43,1.50
2012.04.19 10:05:47.119,1.54633,1.54659,2.18,1.50
2012.04.19 10:05:47.436,1.54633,1.54656,2.18,1.50
2012.04.19 10:05:47.680,1.54633,1.54658,2.18,1.50
2012.04.19 10:05:47.844,1.54633,1.54658,2.18,1.50
2012.04.19 10:05:49.714,1.54633,1.54659,2.18,1.50
2012.04.19 10:05:49.783,1.54633,1.54662,2.18,1.50
2012.04.19 10:05:49.921,1.54633,1.54662,2.18,1.50
2012.04.19 10:05:50.260,1.54633,1.54665,3.68,1.50
2012.04.19 10:05:50.430,1.54633,1.54666,3.68,1.50
2012.04.19 10:05:51.092,1.54633,1.54666,3.68,1.50
2012.04.19 10:05:51.234,1.54633,1.54664,3.68,1.50
2012.04.19 10:05:51.540,1.54633,1.54662,2.18,1.50
2012.04.19 10:05:52.136,1.54633,1.54661,2.18,1.50
2012.04.19 10:05:52.678,1.54633,1.54657,2.18,1.50
2012.04.19 10:05:53.450,1.54633,1.54657,1.43,1.50
2012.04.19 10:05:53.582,1.54633,1.54661,1.43,1.50
2012.04.19 10:05:53.891,1.54633,1.54661,2.18,1.50
2012.04.19 10:05:54.719,1.54633,1.54664,3.68,1.50
2012.04.19 10:05:55.071,1.54635,1.54666,2.25,1.50
2012.04.19 10:05:55.140,1.54638,1.54669,1.50,1.50
2012.04.19 10:05:55.541,1.54638,1.54669,2.25,2.25
2012.04.19 10:05:56.193,1.54633,1.54663,1.43,1.50
2012.04.19 10:05:56.321,1.54634,1.54667,1.50,1.50
2012.04.19 10:05:57.371,1.54633,1.54663,1.43,1.50
2012.04.19 10:05:59.040,1.54633,1.5466,1.43,1.50
2012.04.19 10:05:59.350,1.54636,1.54663,1.50,1.50
2012.04.19 10:05:59.420,1.54636,1.54665,1.50,1.43
2012.04.19 10:06:00.450,1.54633,1.54658,1.50,1.50
2012.04.19 10:06:00.701,1.54628,1.54655,1.43,1.50
2012.04.19 10:06:01.138,1.54628,1.54657,1.43,1.50
2012.04.19 10:06:01.690,1.54629,1.54662,1.50,2.25
2012.04.19 10:06:01.761,1.54629,1.54662,2.25,2.25
2012.04.19 10:06:01.834,1.54633,1.5466,1.43,1.50
2012.04.19 10:06:02.568,1.54634,1.54661,1.43,1.50
2012.04.19 10:06:06.532,1.54634,1.54656,1.43,1.50
2012.04.19 10:06:07.183,1.54634,1.54653,1.43,1.50
2012.04.19 10:06:07.254,1.54632,1.54653,1.43,1.50
2012.04.19 10:06:07.481,1.54631,1.54655,1.43,1.50
2012.04.19 10:06:07.550,1.54633,1.54656,1.43,1.50
2012.04.19 10:06:08.171,1.54633,1.54658,1.43,1.50
2012.04.19 10:06:08.243,1.54633,1.54654,1.43,1.50
2012.04.19 10:06:08.550,1.54633,1.54659,1.43,1.50
2012.04.19 10:06:08.761,1.54633,1.54661,1.43,1.50
2012.04.19 10:06:09.220,1.54633,1.54663,1.43,1.50
2012.04.19 10:06:10.037,1.54633,1.54661,1.43,1.50
2012.04.19 10:06:10.924,1.54629,1.54661,1.50,1.50
2012.04.19 10:06:12.023,1.54632,1.54662,1.50,1.43
2012.04.19 10:06:12.422,1.54632,1.54657,1.50,1.43
2012.04.19 10:06:12.550,1.54629,1.54657,1.50,1.43
2012.04.19 10:06:12.679,1.54629,1.54661,1.50,1.50
2012.04.19 10:06:12.739,1.54626,1.54658,1.88,1.50
2012.04.19 10:06:13.289,1.54628,1.54657,1.50,1.43
2012.04.19 10:06:13.928,1.54625,1.54657,1.88,1.43
2012.04.19 10:06:14.922,1.54625,1.54657,1.88,1.43
2012.04.19 10:06:15.410,1.54628,1.54656,1.88,1.50
2012.04.19 10:06:16.010,1.54624,1.54654,1.80,1.50
2012.04.19 10:06:16.431,1.54627,1.54657,1.88,1.43
2012.04.19 10:06:16.921,1.5463,1.54657,1.50,1.43
2012.04.19 10:06:17.050,1.54626,1.54657,1.50,1.43
2012.04.19 10:06:17.440,1.54624,1.54656,1.43,1.50
2012.04.19 10:06:17.922,1.54627,1.54657,1.50,1.43
2012.04.19 10:06:19.009,1.54625,1.54654,1.50,1.50
2012.04.19 10:06:19.323,1.54617,1.54648,1.50,2.93
2012.04.19 10:06:19.394,1.54616,1.5464,1.43,1.50
2012.04.19 10:06:19.834,1.54616,1.54643,1.43,1.50
2012.04.19 10:06:19.988,1.54616,1.5464,1.43,1.50
2012.04.19 10:06:20.292,1.54614,1.54643,2.25,1.43
2012.04.19 10:06:20.729,1.54616,1.54643,1.50,1.43
2012.04.19 10:06:21.221,1.54614,1.54643,1.50,1.43
2012.04.19 10:06:21.291,1.54611,1.54643,1.50,2.18
2012.04.19 10:06:21.362,1.54612,1.54637,1.50,1.43
2012.04.19 10:06:21.610,1.54612,1.54643,1.50,2.93
2012.04.19 10:06:21.800,1.54616,1.54645,1.50,1.88
2012.04.19 10:06:22.161,1.54616,1.54642,1.50,1.43
2012.04.19 10:06:24.170,1.54613,1.54642,3.00,1.43
2012.04.19 10:06:28.664,1.54613,1.54642,2.25,1.43
2012.04.19 10:06:28.732,1.54616,1.54644,2.18,1.50
2012.04.19 10:06:29.042,1.54616,1.54639,2.18,1.50
2012.04.19 10:06:29.290,1.54616,1.54646,2.18,1.50
2012.04.19 10:06:29.440,1.54616,1.54646,2.18,1.50
2012.04.19 10:06:30.071,1.54623,1.54646,1.43,1.50
2012.04.19 10:06:30.146,1.54623,1.54651,1.43,1.50
2012.04.19 10:06:30.209,1.54623,1.54648,1.43,1.50
2012.04.19 10:06:31.180,1.54623,1.54647,1.43,1.50
2012.04.19 10:06:31.484,1.54623,1.54645,1.43,1.50
2012.04.19 10:06:31.812,1.54623,1.5465,2.18,1.50
2012.04.19 10:06:31.879,1.54623,1.54654,3.68,3.00
2012.04.19 10:06:32.531,1.54626,1.54657,2.25,1.50
2012.04.19 10:06:32.783,1.54625,1.54649,2.25,1.43
2012.04.19 10:06:32.911,1.54625,1.54649,2.25,1.43
2012.04.19 10:06:33.393,1.54625,1.54649,2.25,1.43
2012.04.19 10:06:33.520,1.54625,1.54657,2.25,1.43
2012.04.19 10:06:33.618,1.54625,1.54657,2.25,1.43
2012.04.19 10:06:34.319,1.54628,1.54657,1.50,1.43
2012.04.19 10:06:35.090,1.54626,1.54657,1.50,2.93
2012.04.19 10:06:35.840,1.54626,1.54655,1.50,1.50
2012.04.19 10:06:36.261,1.54624,1.54653,1.43,1.50
2012.04.19 10:06:36.707,1.54624,1.54657,2.93,2.93
2012.04.19 10:06:36.890,1.54624,1.54653,1.43,1.50
2012.04.19 10:06:38.172,1.54624,1.54646,1.43,1.50
2012.04.19 10:06:38.479,1.54624,1.54644,1.43,1.50
2012.04.19 10:06:38.599,1.54624,1.54646,1.43,1.50
2012.04.19 10:06:38.659,1.54624,1.5465,1.43,1.50
2012.04.19 10:06:38.789,1.54624,1.54648,1.43,1.50
2012.04.19 10:06:39.249,1.54615,1.54643,1.50,1.43
2012.04.19 10:06:39.560,1.54615,1.54647,1.50,1.43
2012.04.19 10:06:39.634,1.54614,1.54643,1.43,1.50
2012.04.19 10:06:40.171,1.54615,1.54646,1.50,1.50
2012.04.19 10:06:40.934,1.54615,1.54644,1.43,1.50
2012.04.19 10:06:41.238,1.54616,1.54649,1.50,1.50
2012.04.19 10:06:42.613,1.54615,1.54644,3.68,1.50
2012.04.19 10:06:43.163,1.54615,1.54646,4.36,1.50
2012.04.19 10:06:43.231,1.54615,1.54648,3.68,1.50
2012.04.19 10:06:43.821,1.54615,1.54644,2.18,1.50
2012.04.19 10:06:44.089,1.54616,1.54646,2.25,1.50
2012.04.19 10:06:44.618,1.54616,1.54647,2.25,1.50
2012.04.19 10:06:44.679,1.54615,1.54644,2.86,1.50
2012.04.19 10:06:45.112,1.54617,1.54646,1.50,1.50
2012.04.19 10:06:45.179,1.54617,1.54648,1.50,1.50
2012.04.19 10:06:46.608,1.54615,1.54645,3.68,1.50
2012.04.19 10:06:48.299,1.54615,1.54644,2.18,1.50
2012.04.19 10:06:48.609,1.54615,1.54647,2.18,1.50
2012.04.19 10:06:48.679,1.54618,1.54649,1.50,1.88
2012.04.19 10:06:49.093,1.54616,1.54645,2.25,1.50
2012.04.19 10:06:51.582,1.54615,1.54645,1.43,1.50
2012.04.19 10:06:52.126,1.54615,1.54643,1.43,1.50
2012.04.19 10:06:52.929,1.54615,1.54646,1.43,1.50
2012.04.19 10:06:53.255,1.54615,1.54644,1.43,1.50
2012.04.19 10:06:53.569,1.54615,1.54641,2.18,1.50
2012.04.19 10:06:53.700,1.54615,1.54644,2.18,1.50
2012.04.19 10:06:56.700,1.54615,1.54644,2.18,1.50
2012.04.19 10:06:56.890,1.54628,1.54651,1.43,1.50
2012.04.19 10:06:57.441,1.54628,1.54647,1.43,1.50
2012.04.19 10:06:57.730,1.54628,1.5465,1.43,1.50
2012.04.19 10:06:58.531,1.54628,1.54647,1.43,1.50
2012.04.19 10:06:58.599,1.54623,1.54647,1.43,1.50
2012.04.19 10:06:59.170,1.54623,1.54644,1.43,1.50
2012.04.19 10:06:59.360,1.54615,1.54644,2.86,1.50
2012.04.19 10:06:59.700,1.54616,1.54647,2.25,1.50
2012.04.19 10:07:00.311,1.54618,1.54647,1.50,1.50
2012.04.19 10:07:00.381,1.54619,1.54652,1.50,1.88
2012.04.19 10:07:00.452,1.54623,1.54655,1.50,1.80
2012.04.19 10:07:01.055,1.54615,1.54644,2.11,1.50
2012.04.19 10:07:01.239,1.54613,1.54644,1.43,1.50
2012.04.19 10:07:02.771,1.54615,1.54645,1.50,1.50
2012.04.19 10:07:03.271,1.54618,1.54648,1.50,2.93
2012.04.19 10:07:03.948,1.54618,1.54647,1.50,1.43
2012.04.19 10:07:04.015,1.54614,1.54644,1.43,1.50
2012.04.19 10:07:12.267,1.54614,1.54644,2.18,1.50
2012.04.19 10:07:14.230,1.54614,1.54644,1.43,1.50
2012.04.19 10:07:14.301,1.54614,1.5464,1.43,1.50
2012.04.19 10:07:14.371,1.54614,1.54642,1.50,1.50
2012.04.19 10:07:14.501,1.54614,1.54644,2.25,1.50
2012.04.19 10:07:14.821,1.54621,1.54647,1.50,1.43
2012.04.19 10:07:15.199,1.54617,1.54646,1.50,1.43
2012.04.19 10:07:15.333,1.54617,1.54644,1.50,1.43
2012.04.19 10:07:15.399,1.54614,1.54644,1.50,1.43
2012.04.19 10:07:15.649,1.54611,1.54642,1.50,1.50
2012.04.19 10:07:17.211,1.54611,1.54641,2.25,1.50
2012.04.19 10:07:17.282,1.54614,1.54639,1.43,1.50
2012.04.19 10:07:17.832,1.54614,1.54644,1.43,2.25
2012.04.19 10:07:17.902,1.54614,1.54641,1.43,1.50
2012.04.19 10:07:18.242,1.54614,1.54636,1.43,1.50
2012.04.19 10:07:18.311,1.54612,1.54636,1.43,1.50
2012.04.19 10:07:18.831,1.54607,1.54634,1.43,1.50
2012.04.19 10:07:19.424,1.54607,1.54633,1.43,1.50
2012.04.19 10:07:19.921,1.54604,1.54633,1.43,1.50
2012.04.19 10:07:22.360,1.54604,1.54629,1.50,1.43
2012.04.19 10:07:23.150,1.54605,1.54629,1.50,1.43
2012.04.19 10:07:27.479,1.54603,1.54629,1.50,1.43
2012.04.19 10:07:27.790,1.54607,1.54633,1.50,1.43
2012.04.19 10:07:27.982,1.54605,1.54633,1.50,1.43
2012.04.19 10:07:28.052,1.54603,1.54633,1.50,1.43
2012.04.19 10:07:28.243,1.54609,1.54633,1.50,1.43
2012.04.19 10:07:28.790,1.54613,1.54633,1.50,1.43
2012.04.19 10:07:28.865,1.54613,1.54639,1.50,1.80
2012.04.19 10:07:29.711,1.54609,1.54639,1.50,1.43
2012.04.19 10:07:31.922,1.54609,1.5463,1.50,1.43
2012.04.19 10:07:32.292,1.54609,1.54627,1.50,1.43
2012.04.19 10:07:32.807,1.54599,1.54625,1.50,2.18
2012.04.19 10:07:33.122,1.54596,1.54625,1.88,2.18
2012.04.19 10:07:34.201,1.54596,1.54625,1.88,1.43
2012.04.19 10:07:34.705,1.54599,1.54625,1.50,1.43
2012.04.19 10:07:34.892,1.54595,1.54625,1.88,1.43
2012.04.19 10:07:35.020,1.54595,1.54623,1.88,1.43
2012.04.19 10:07:35.377,1.54599,1.54623,1.50,1.43
2012.04.19 10:07:35.690,1.54602,1.54623,1.50,1.43
2012.04.19 10:07:36.285,1.54599,1.54623,3.00,1.43
2012.04.19 10:07:36.353,1.54602,1.54623,1.50,1.43
2012.04.19 10:07:37.383,1.54597,1.54623,1.88,1.43
2012.04.19 10:07:37.691,1.54599,1.54623,1.50,1.43
2012.04.19 10:07:37.761,1.54599,1.54631,2.93,1.43
2012.04.19 10:07:38.062,1.54604,1.54631,1.50,1.43
2012.04.19 10:07:38.370,1.54597,1.54624,1.50,1.43
2012.04.19 10:07:38.878,1.54596,1.54624,1.88,1.43
2012.04.19 10:07:40.093,1.54596,1.54623,1.88,1.43
2012.04.19 10:07:40.405,1.54592,1.54616,1.44,1.43
2012.04.19 10:07:40.530,1.54592,1.54619,1.44,1.43
2012.04.19 10:07:40.779,1.54587,1.54615,2.25,1.43
2012.04.19 10:07:41.281,1.5459,1.54615,2.25,1.43
2012.04.19 10:07:41.943,1.54586,1.54615,2.25,1.43
2012.04.19 10:07:43.944,1.54585,1.54615,2.18,1.43
2012.04.19 10:07:44.591,1.54585,1.54615,2.18,1.43
2012.04.19 10:07:44.900,1.54587,1.5461,2.25,1.43
2012.04.19 10:07:45.149,1.54587,1.54613,2.25,1.43
2012.04.19 10:07:45.333,1.54602,1.54627,1.43,2.25
2012.04.19 10:07:45.401,1.54602,1.54627,1.43,1.50
2012.04.19 10:07:45.544,1.54596,1.54618,1.88,1.43
2012.04.19 10:07:45.863,1.546,1.54618,1.50,1.43
2012.04.19 10:07:45.932,1.54602,1.54626,1.50,1.09
2012.04.19 10:07:46.690,1.54604,1.54626,1.50,1.09
2012.04.19 10:07:52.551,1.54601,1.54629,1.50,1.09
2012.04.19 10:07:56.471,1.54604,1.54629,1.50,1.09
2012.04.19 10:08:00.422,1.54604,1.54631,1.50,2.18
2012.04.19 10:08:01.651,1.54604,1.54631,1.50,1.43
2012.04.19 10:08:01.721,1.54604,1.54628,1.50,1.43
2012.04.19 10:08:06.261,1.54604,1.54627,1.50,1.43
2012.04.19 10:08:06.574,1.54602,1.54627,1.50,1.43
2012.04.19 10:08:06.640,1.54602,1.54632,2.93,1.43
2012.04.19 10:08:06.891,1.54605,1.54632,1.50,1.43
2012.04.19 10:08:07.261,1.54608,1.54632,1.50,1.43
2012.04.19 10:08:07.725,1.54606,1.54632,1.50,1.43
2012.04.19 10:08:10.201,1.54603,1.54632,1.50,1.43
2012.04.19 10:08:10.442,1.54603,1.54632,1.84,1.43
2012.04.19 10:08:10.751,1.54616,1.5464,1.43,1.88
2012.04.19 10:08:12.477,1.5461,1.54641,1.50,2.14
2012.04.19 10:08:13.057,1.54608,1.54639,2.63,1.88
2012.04.19 10:08:13.641,1.54608,1.54639,1.50,1.88
2012.04.19 10:08:14.171,1.54611,1.54641,1.50,1.80
2012.04.19 10:08:16.276,1.54611,1.54641,1.50,1.80
2012.04.19 10:08:16.670,1.54607,1.54638,3.68,1.50
2012.04.19 10:08:16.743,1.54607,1.54635,2.18,1.50
2012.04.19 10:08:17.329,1.54607,1.54633,1.43,1.50
2012.04.19 10:08:18.009,1.54601,1.54633,2.11,1.50
2012.04.19 10:08:18.139,1.54601,1.54626,1.43,1.50
2012.04.19 10:08:18.211,1.54597,1.54626,1.80,1.50
2012.04.19 10:08:21.586,1.54599,1.54626,1.50,1.50
2012.04.19 10:08:21.651,1.546,1.54632,1.50,2.93
2012.04.19 10:08:22.054,1.54607,1.54632,1.43,1.50
2012.04.19 10:08:22.123,1.54607,1.54638,2.93,1.88
2012.04.19 10:08:22.365,1.54607,1.54632,2.93,1.50
2012.04.19 10:08:23.371,1.54607,1.54633,1.43,1.50
2012.04.19 10:08:23.446,1.54607,1.54635,1.43,1.50
2012.04.19 10:08:23.631,1.54607,1.54632,1.43,1.50
2012.04.19 10:08:24.152,1.54603,1.54631,1.43,1.50
2012.04.19 10:08:24.221,1.54603,1.54629,1.43,1.50
2012.04.19 10:08:24.581,1.54598,1.54623,1.50,1.43
2012.04.19 10:08:24.650,1.54596,1.54623,1.88,1.43
2012.04.19 10:08:24.852,1.54598,1.54626,1.43,1.50
2012.04.19 10:08:25.218,1.54604,1.54628,1.50,1.77
2012.04.19 10:08:25.522,1.54612,1.54634,1.43,2.32
2012.04.19 10:08:25.594,1.54605,1.54634,1.84,2.25
2012.04.19 10:08:26.174,1.54608,1.54636,1.50,2.25
2012.04.19 10:08:26.242,1.54611,1.54636,1.50,2.18
2012.04.19 10:08:26.369,1.54609,1.54636,1.50,2.18
2012.04.19 10:08:27.054,1.54607,1.54636,2.25,2.18
2012.04.19 10:08:27.180,1.54605,1.54636,1.50,1.43
2012.04.19 10:08:27.649,1.54609,1.54636,1.50,1.43
2012.04.19 10:08:28.830,1.54603,1.54635,1.43,1.50
2012.04.19 10:08:29.261,1.54603,1.54632,1.43,1.50
2012.04.19 10:08:29.570,1.54596,1.54626,1.50,1.80
2012.04.19 10:08:29.642,1.5459,1.54622,1.80,1.50
2012.04.19 10:08:30.339,1.54593,1.54622,1.43,1.50
2012.04.19 10:08:30.580,1.54589,1.54622,3.30,1.50
2012.04.19 10:08:31.072,1.54589,1.54618,1.88,1.43
2012.04.19 10:08:31.613,1.54591,1.54618,1.50,1.43
2012.04.19 10:08:32.131,1.54594,1.54618,1.50,1.43
2012.04.19 10:08:32.710,1.54591,1.54618,1.50,1.43
2012.04.19 10:08:33.943,1.54594,1.54618,1.50,1.43
2012.04.19 10:08:34.460,1.54594,1.54618,2.25,1.43
2012.04.19 10:08:34.591,1.54595,1.54624,2.18,2.93
2012.04.19 10:08:35.192,1.54595,1.5462,2.18,1.50
2012.04.19 10:08:35.263,1.54595,1.54624,2.18,2.93
2012.04.19 10:08:35.511,1.54595,1.54622,1.43,1.50
2012.04.19 10:08:35.820,1.54591,1.54618,1.13,1.43
2012.04.19 10:08:36.129,1.54593,1.54618,1.50,1.43
2012.04.19 10:08:36.202,1.54588,1.54618,1.88,1.43
2012.04.19 10:08:36.759,1.54585,1.54617,2.18,1.50
2012.04.19 10:08:37.321,1.54588,1.54618,1.88,2.93
2012.04.19 10:08:37.665,1.54585,1.54616,5.18,1.50
2012.04.19 10:08:37.910,1.54588,1.54618,1.88,1.43
2012.04.19 10:08:38.732,1.54588,1.54613,1.50,1.13
2012.04.19 10:08:39.158,1.54585,1.54603,1.43,1.50
2012.04.19 10:08:39.225,1.54584,1.54605,1.43,1.50
2012.04.19 10:08:39.292,1.54582,1.54605,2.18,1.50
2012.04.19 10:08:39.622,1.54584,1.54607,1.43,1.50
2012.04.19 10:08:39.871,1.54584,1.5461,2.18,1.88
2012.04.19 10:08:40.185,1.54568,1.54593,2.86,1.50
2012.04.19 10:08:40.313,1.54572,1.54597,1.44,1.50
2012.04.19 10:08:40.443,1.5457,1.54597,2.18,2.25
2012.04.19 10:08:40.571,1.54568,1.54597,1.43,2.59
2012.04.19 10:08:40.824,1.54567,1.54598,1.50,1.50
2012.04.19 10:08:41.014,1.54569,1.54601,1.50,1.43
2012.04.19 10:08:41.081,1.54569,1.54598,1.50,1.50
2012.04.19 10:08:41.150,1.54565,1.54595,1.88,1.50
2012.04.19 10:08:41.586,1.54567,1.54598,1.50,1.50
2012.04.19 10:08:42.892,1.54567,1.54593,1.50,1.43
2012.04.19 10:08:43.330,1.54567,1.54596,1.50,1.43
2012.04.19 10:08:44.202,1.54569,1.54596,1.50,1.43
2012.04.19 10:08:48.229,1.54569,1.54596,2.25,1.43
2012.04.19 10:08:48.544,1.54578,1.54601,1.43,1.50
2012.04.19 10:08:48.610,1.54578,1.54603,2.93,1.50
2012.04.19 10:08:48.682,1.54578,1.54609,2.93,2.63
2012.04.19 10:08:48.753,1.54578,1.54605,2.93,1.50
2012.04.19 10:08:49.063,1.54578,1.54609,3.68,3.38
2012.04.19 10:08:49.193,1.54578,1.54607,1.43,1.50
2012.04.19 10:08:49.646,1.54586,1.54607,1.43,1.50
2012.04.19 10:08:49.961,1.54595,1.54617,1.43,1.50
2012.04.19 10:08:50.273,1.54596,1.5462,2.25,2.18
2012.04.19 10:08:50.344,1.54596,1.5462,2.25,1.43
2012.04.19 10:08:50.592,1.54593,1.54625,2.55,1.50
2012.04.19 10:08:50.661,1.54593,1.54621,2.55,1.50
2012.04.19 10:08:50.971,1.54593,1.54623,2.55,1.50
2012.04.19 10:08:51.042,1.54598,1.54623,1.50,1.50
2012.04.19 10:08:51.109,1.54601,1.54629,1.50,1.43
2012.04.19 10:08:51.301,1.54598,1.54629,1.50,2.93
2012.04.19 10:08:52.004,1.54594,1.54625,2.25,1.50
2012.04.19 10:08:52.603,1.54597,1.54628,1.50,1.50
2012.04.19 10:08:52.669,1.54594,1.54625,2.25,1.50
2012.04.19 10:08:53.350,1.54593,1.54623,2.55,1.50
2012.04.19 10:08:53.700,1.54593,1.5462,1.13,1.50
2012.04.19 10:08:54.019,1.54599,1.5462,1.43,1.50
2012.04.19 10:08:54.080,1.54599,1.54622,1.43,1.50
2012.04.19 10:08:54.330,1.54592,1.54623,2.63,1.50
2012.04.19 10:08:54.401,1.54592,1.5462,1.13,1.50
2012.04.19 10:08:55.667,1.54592,1.54622,1.13,3.00
2012.04.19 10:08:55.730,1.54591,1.54622,2.25,1.50
2012.04.19 10:08:56.245,1.54594,1.54615,1.50,1.43
2012.04.19 10:08:56.623,1.54594,1.54619,1.50,1.43
2012.04.19 10:08:56.691,1.54594,1.54616,1.50,1.43
2012.04.19 10:08:57.471,1.54592,1.54617,1.50,1.43
2012.04.19 10:08:58.146,1.54591,1.54617,1.50,1.43
2012.04.19 10:08:59.192,1.54591,1.5461,1.50,1.43
2012.04.19 10:09:00.301,1.54591,1.54608,1.50,1.43
2012.04.19 10:09:00.553,1.54587,1.54608,1.88,1.43
2012.04.19 10:09:00.623,1.54591,1.5461,1.50,1.43
2012.04.19 10:09:00.930,1.54591,1.54608,1.50,1.43
2012.04.19 10:09:01.701,1.54591,1.5461,1.50,1.43
2012.04.19 10:09:01.775,1.54591,1.54608,1.50,1.43
2012.04.19 10:09:02.240,1.54591,1.5461,1.50,1.43
2012.04.19 10:09:02.434,1.54591,1.54608,1.50,1.43
2012.04.19 10:09:02.801,1.54591,1.54615,1.50,1.43
2012.04.19 10:09:02.934,1.54587,1.54615,1.88,1.43
2012.04.19 10:09:03.418,1.54587,1.5461,1.88,1.43
2012.04.19 10:09:03.488,1.54586,1.54615,1.80,1.50
2012.04.19 10:09:03.804,1.54585,1.54612,1.88,1.43
2012.04.19 10:09:06.303,1.54584,1.54605,1.88,1.43
2012.04.19 10:09:06.826,1.54587,1.54601,1.88,1.43
2012.04.19 10:09:07.132,1.54583,1.54603,2.25,1.43
2012.04.19 10:09:07.560,1.54582,1.54601,2.25,1.43
2012.04.19 10:09:08.572,1.54584,1.54601,1.88,1.43
2012.04.19 10:09:08.882,1.54582,1.54603,2.25,1.43
2012.04.19 10:09:09.010,1.54584,1.54609,2.25,1.43
2012.04.19 10:09:09.082,1.54586,1.54611,1.88,1.43
2012.04.19 10:09:09.211,1.54586,1.54609,1.88,1.43
2012.04.19 10:09:09.832,1.54586,1.54612,1.88,1.43
2012.04.19 10:09:10.489,1.54586,1.54612,1.88,1.43
2012.04.19 10:09:10.751,1.54586,1.5461,1.88,1.43
2012.04.19 10:09:10.940,1.54586,1.54612,1.88,1.43
2012.04.19 10:09:11.587,1.54586,1.5461,1.88,1.43
2012.04.19 10:09:12.131,1.54586,1.54609,1.88,1.43
2012.04.19 10:09:12.200,1.54586,1.54612,1.88,1.43
2012.04.19 10:09:12.269,1.54586,1.5461,1.88,1.43
2012.04.19 10:09:12.467,1.54586,1.54612,1.88,1.43
2012.04.19 10:09:13.369,1.54586,1.54612,1.88,1.43
2012.04.19 10:09:13.436,1.54595,1.54616,1.43,1.50
2012.04.19 10:09:13.561,1.54586,1.54616,1.13,1.50
2012.04.19 10:09:13.633,1.54594,1.54619,1.43,1.50
2012.04.19 10:09:14.162,1.54594,1.54618,1.43,1.50
2012.04.19 10:09:14.351,1.54594,1.54621,1.43,1.50
2012.04.19 10:09:18.162,1.54594,1.54624,1.43,1.50
2012.04.19 10:09:18.538,1.54603,1.54625,1.50,1.43
2012.04.19 10:09:19.692,1.54597,1.54625,1.50,1.43
2012.04.19 10:09:19.762,1.54598,1.54628,1.43,1.50
2012.04.19 10:09:21.117,1.54601,1.54627,1.50,2.55
2012.04.19 10:09:21.242,1.54596,1.54626,1.50,1.13
2012.04.19 10:09:21.683,1.546,1.54626,1.50,1.13
2012.04.19 10:09:21.871,1.54597,1.54627,1.50,2.18
2012.04.19 10:09:22.001,1.54593,1.54626,1.50,1.50
2012.04.19 10:09:22.072,1.54593,1.54624,1.50,1.50
2012.04.19 10:09:22.143,1.5459,1.54623,1.50,1.50
2012.04.19 10:09:22.213,1.54593,1.54626,1.50,2.25
2012.04.19 10:09:22.523,1.54594,1.54621,1.43,1.50
2012.04.19 10:09:23.804,1.54587,1.54618,2.63,1.50
2012.04.19 10:09:23.931,1.54596,1.54626,1.50,2.25
2012.04.19 10:09:24.860,1.54596,1.54626,1.50,3.00
2012.04.19 10:09:25.164,1.54595,1.5462,1.43,1.50
2012.04.19 10:09:27.770,1.54595,1.54618,1.43,1.50
2012.04.19 10:09:28.850,1.54595,1.5462,1.43,1.50
2012.04.19 10:09:30.165,1.54595,1.54617,1.43,1.50
2012.04.19 10:09:30.943,1.54595,1.54625,1.43,2.25
2012.04.19 10:09:31.071,1.54592,1.54625,1.50,2.25
2012.04.19 10:09:31.623,1.54596,1.54626,1.50,2.25
2012.04.19 10:09:32.525,1.54609,1.54634,1.50,1.13
2012.04.19 10:09:32.595,1.54605,1.54638,1.50,3.00
2012.04.19 10:09:32.664,1.54602,1.54634,1.50,1.80
2012.04.19 10:09:32.732,1.54602,1.54622,1.50,1.43
2012.04.19 10:09:33.260,1.54596,1.54622,1.50,1.43
2012.04.19 10:09:34.160,1.54596,1.54625,1.50,2.18
2012.04.19 10:09:34.289,1.54596,1.54622,1.50,1.43
2012.04.19 10:09:34.732,1.54592,1.54625,1.50,1.88
2012.04.19 10:09:34.924,1.54598,1.54626,1.50,1.13
2012.04.19 10:09:35.524,1.54604,1.54629,1.50,1.50
2012.04.19 10:09:35.826,1.5461,1.54633,1.50,2.18
2012.04.19 10:09:36.341,1.54614,1.5464,1.50,1.80
2012.04.19 10:09:36.410,1.54616,1.5464,1.50,1.80
2012.04.19 10:09:37.020,1.54616,1.5464,1.50,1.80
2012.04.19 10:09:37.561,1.54613,1.5464,1.50,1.80
2012.04.19 10:09:39.865,1.54615,1.54645,1.50,2.55
2012.04.19 10:09:40.211,1.54619,1.54645,1.50,3.68
2012.04.19 10:09:40.281,1.5461,1.54643,2.93,2.25
2012.04.19 10:09:40.890,1.54612,1.54643,1.50,2.25
2012.04.19 10:09:41.290,1.54613,1.54635,1.50,1.43
2012.04.19 10:09:41.483,1.54613,1.54644,1.50,2.18
2012.04.19 10:09:43.507,1.54615,1.54644,1.50,2.18
2012.04.19 10:09:43.580,1.54622,1.54644,1.09,2.18
2012.04.19 10:09:43.773,1.54636,1.54661,1.43,1.05
2012.04.19 10:09:44.080,1.54634,1.54658,1.43,1.65
2012.04.19 10:09:44.153,1.54625,1.5465,1.44,1.43
2012.04.19 10:09:44.281,1.54625,1.54655,1.44,1.43
2012.04.19 10:09:44.711,1.54624,1.54652,2.25,1.43
2012.04.19 10:09:45.142,1.54624,1.54648,2.25,1.43
2012.04.19 10:09:45.816,1.54622,1.54652,2.25,1.43
2012.04.19 10:09:46.356,1.54622,1.54651,2.25,1.43
2012.04.19 10:09:46.700,1.54622,1.54654,2.25,2.18
2012.04.19 10:09:46.831,1.54622,1.54651,2.25,1.43
2012.04.19 10:09:46.996,1.54622,1.54654,2.25,2.18
2012.04.19 10:09:47.592,1.54622,1.54654,2.25,2.18
2012.04.19 10:09:48.151,1.54619,1.54654,3.68,1.43
2012.04.19 10:09:48.728,1.54621,1.54654,3.68,1.43
2012.04.19 10:09:49.349,1.54622,1.54654,2.25,1.43
2012.04.19 10:09:50.570,1.54623,1.54654,2.25,1.43
2012.04.19 10:09:51.125,1.54623,1.54654,2.25,1.43
2012.04.19 10:09:51.730,1.54623,1.54651,2.25,1.43
2012.04.19 10:09:53.860,1.54623,1.5465,2.25,1.43
2012.04.19 10:09:54.090,1.54623,1.5465,1.50,1.43
2012.04.19 10:09:54.467,1.54623,1.54652,1.50,1.43
2012.04.19 10:09:55.740,1.54626,1.54652,1.50,1.43
2012.04.19 10:09:55.810,1.54622,1.54652,1.50,1.43
2012.04.19 10:09:56.251,1.54617,1.54652,2.86,1.43
2012.04.19 10:09:56.801,1.54617,1.54652,1.43,1.43
2012.04.19 10:09:56.876,1.54613,1.54645,1.43,1.43
2012.04.19 10:09:57.182,1.54615,1.54645,1.43,1.43
2012.04.19 10:09:57.723,1.54614,1.54644,1.43,1.43
2012.04.19 10:09:58.491,1.54614,1.54644,2.18,1.43
2012.04.19 10:09:59.092,1.54614,1.54644,2.18,1.43
2012.04.19 10:10:00.133,1.54617,1.54649,2.18,1.43
2012.04.19 10:10:00.260,1.54617,1.54649,2.18,1.43
2012.04.19 10:10:00.449,1.54613,1.54643,2.25,1.43
2012.04.19 10:10:00.855,1.54613,1.54645,3.68,1.43
2012.04.19 10:10:01.780,1.54619,1.54648,1.43,1.43
2012.04.19 10:10:01.912,1.54612,1.5464,1.09,1.43
2012.04.19 10:10:02.040,1.54611,1.54638,1.47,1.43
2012.04.19 10:10:02.112,1.54617,1.54638,1.50,1.43
2012.04.19 10:10:02.521,1.54617,1.54644,1.50,1.43
2012.04.19 10:10:03.387,1.54617,1.5464,1.50,1.43
2012.04.19 10:10:04.222,1.54617,1.54644,1.50,1.43
2012.04.19 10:10:04.866,1.54614,1.54644,2.18,1.43
2012.04.19 10:10:08.112,1.54616,1.54634,2.25,1.43
2012.04.19 10:10:08.304,1.54612,1.54634,2.22,1.43
2012.04.19 10:10:08.373,1.54612,1.5464,2.37,1.43
2012.04.19 10:10:08.832,1.54623,1.5465,1.43,3.75
2012.04.19 10:10:08.907,1.54615,1.54648,2.94,1.43
2012.04.19 10:10:09.205,1.54624,1.54648,1.50,1.43
2012.04.19 10:10:09.513,1.54629,1.54651,1.50,1.43
2012.04.19 10:10:10.103,1.54628,1.54651,1.50,1.43
2012.04.19 10:10:10.231,1.54626,1.54651,1.50,1.43
2012.04.19 10:10:10.360,1.54629,1.54651,1.50,1.43
2012.04.19 10:10:10.753,1.54632,1.54651,1.50,1.43
2012.04.19 10:10:10.882,1.54628,1.54652,1.50,1.43
2012.04.19 10:10:11.013,1.54621,1.54651,1.50,1.50
2012.04.19 10:10:11.663,1.54619,1.5465,1.43,1.50
2012.04.19 10:10:11.871,1.54617,1.54647,2.25,1.43
2012.04.19 10:10:12.002,1.54617,1.5465,2.25,1.50
2012.04.19 10:10:12.394,1.5462,1.54652,2.25,1.50
2012.04.19 10:10:12.747,1.54624,1.54652,1.43,1.50
2012.04.19 10:10:13.374,1.54624,1.54649,1.43,1.50
2012.04.19 10:10:13.645,1.54624,1.54652,1.43,1.50
2012.04.19 10:10:14.301,1.54627,1.54652,1.43,1.50
2012.04.19 10:10:14.370,1.54627,1.54654,1.43,3.00
2012.04.19 10:10:14.880,1.54627,1.54658,1.43,1.88
2012.04.19 10:10:15.152,1.54625,1.54658,3.27,1.88
2012.04.19 10:10:15.389,1.54625,1.54653,1.84,1.43
2012.04.19 10:10:15.692,1.54631,1.54653,1.50,1.43
2012.04.19 10:10:15.764,1.54627,1.54653,1.50,1.43
2012.04.19 10:10:15.890,1.54631,1.54653,1.50,1.43
2012.04.19 10:10:16.202,1.54634,1.54649,1.50,1.43
2012.04.19 10:10:16.272,1.54634,1.54654,1.50,1.80
2012.04.19 10:10:16.403,1.54639,1.54654,1.50,1.80
2012.04.19 10:10:16.470,1.54637,1.54654,1.50,1.80
2012.04.19 10:10:17.055,1.54625,1.54654,2.94,1.43
2012.04.19 10:10:17.303,1.5463,1.54654,1.50,1.43
2012.04.19 10:10:17.374,1.5463,1.5466,1.50,1.43
2012.04.19 10:10:17.631,1.54633,1.54663,1.43,2.93
2012.04.19 10:10:17.702,1.5463,1.54661,1.50,1.43
2012.04.19 10:10:18.258,1.54631,1.54661,1.50,1.43
2012.04.19 10:10:18.319,1.54634,1.54661,1.50,1.43
2012.04.19 10:10:18.561,1.54631,1.54661,1.50,1.43
2012.04.19 10:10:18.632,1.54634,1.54661,1.50,1.43
2012.04.19 10:10:18.892,1.5463,1.5466,1.50,1.43
2012.04.19 10:10:19.580,1.54634,1.5466,1.50,1.43
2012.04.19 10:10:20.314,1.54631,1.5466,2.25,1.43
2012.04.19 10:10:20.501,1.54629,1.5466,2.93,1.50
2012.04.19 10:10:20.862,1.54629,1.5466,2.94,1.50
2012.04.19 10:10:21.144,1.54629,1.5466,2.19,1.50
2012.04.19 10:10:21.272,1.54628,1.54657,2.11,1.50
2012.04.19 10:10:21.696,1.54628,1.54657,2.86,1.50
2012.04.19 10:10:21.960,1.54628,1.54655,2.11,1.50
2012.04.19 10:10:22.371,1.54625,1.54651,1.06,1.50
2012.04.19 10:10:22.921,1.54626,1.54654,1.44,3.00
2012.04.19 10:10:23.754,1.54626,1.54654,1.44,1.50
2012.04.19 10:10:23.993,1.5463,1.54654,1.44,1.50
2012.04.19 10:10:24.678,1.54627,1.54654,1.44,1.50
2012.04.19 10:10:25.933,1.54627,1.54654,1.44,1.50
2012.04.19 10:10:26.251,1.54624,1.5465,2.56,1.43
2012.04.19 10:10:26.565,1.54624,1.54645,1.06,1.43
2012.04.19 10:10:27.276,1.54628,1.54645,1.50,1.43
2012.04.19 10:10:28.510,1.54625,1.54645,1.50,1.43
2012.04.19 10:10:29.280,1.54625,1.54654,1.50,1.43
2012.04.19 10:10:29.350,1.54632,1.54654,1.50,1.43
2012.04.19 10:10:29.603,1.54624,1.5465,1.50,1.43
2012.04.19 10:10:29.833,1.5462,1.5465,2.19,2.93
2012.04.19 10:10:30.371,1.54619,1.54647,1.06,1.50
2012.04.19 10:10:30.685,1.54616,1.54647,2.19,1.50
2012.04.19 10:10:32.010,1.54616,1.54647,2.19,1.50
2012.04.19 10:10:32.199,1.54616,1.54647,2.19,1.50
2012.04.19 10:10:32.621,1.54618,1.54649,2.56,1.43
2012.04.19 10:10:32.751,1.54622,1.54654,1.06,1.50
2012.04.19 10:10:32.881,1.54624,1.54655,2.19,1.43
2012.04.19 10:10:33.214,1.54631,1.54662,2.25,3.30
2012.04.19 10:10:33.524,1.54629,1.54653,1.50,1.43
2012.04.19 10:10:33.652,1.54626,1.54653,1.44,1.43
2012.04.19 10:10:33.901,1.54627,1.54658,2.19,2.93
2012.04.19 10:10:34.544,1.54627,1.54654,1.50,1.43
2012.04.19 10:10:35.833,1.54629,1.54654,1.44,1.43
2012.04.19 10:10:36.082,1.54631,1.54662,2.25,1.88
2012.04.19 10:10:36.211,1.54634,1.54664,1.44,1.80
2012.04.19 10:10:36.313,1.54633,1.54664,2.19,1.80
2012.04.19 10:10:36.563,1.54637,1.54663,1.50,1.80
2012.04.19 10:10:38.431,1.54634,1.54663,1.50,1.80
2012.04.19 10:10:38.770,1.54634,1.54663,2.56,1.43
2012.04.19 10:10:38.840,1.54635,1.54663,1.06,1.43
2012.04.19 10:10:40.543,1.54636,1.54663,2.19,1.43
2012.04.19 10:10:41.403,1.54636,1.54663,2.19,1.43
2012.04.19 10:10:41.711,1.54632,1.5466,2.94,1.43
2012.04.19 10:10:41.780,1.54632,1.5466,2.94,1.43
2012.04.19 10:10:42.365,1.54632,1.5466,2.94,1.43
2012.04.19 10:10:43.771,1.54632,1.5466,1.81,1.43
2012.04.19 10:10:44.232,1.54636,1.5466,1.03,1.43
2012.04.19 10:10:44.310,1.54637,1.54665,2.22,1.50
2012.04.19 10:10:44.381,1.54637,1.54668,2.22,1.43
2012.04.19 10:10:44.454,1.54639,1.54668,1.06,1.43
2012.04.19 10:10:44.893,1.54631,1.54663,2.56,1.43
2012.04.19 10:10:44.968,1.54637,1.54667,2.11,1.50
2012.04.19 10:10:45.031,1.54637,1.54667,1.80,1.50
2012.04.19 10:10:45.172,1.54638,1.54667,1.06,1.50
2012.04.19 10:10:45.661,1.54639,1.54669,2.56,2.93
2012.04.19 10:10:45.983,1.54638,1.54665,1.06,1.50
2012.04.19 10:10:46.171,1.54641,1.54668,1.50,2.93
2012.04.19 10:10:46.681,1.54639,1.54668,1.06,1.43
2012.04.19 10:10:46.890,1.54639,1.54668,1.06,1.43
2012.04.19 10:10:47.461,1.54639,1.54668,1.06,1.43
2012.04.19 10:10:48.180,1.54639,1.54669,1.06,1.50
2012.04.19 10:10:50.698,1.54638,1.54667,2.19,1.43
2012.04.19 10:10:50.909,1.54638,1.54669,2.19,1.50
2012.04.19 10:10:51.134,1.54638,1.54667,2.56,1.43
2012.04.19 10:10:51.499,1.54638,1.54669,2.19,1.50
2012.04.19 10:10:54.282,1.5464,1.54668,1.06,1.43
2012.04.19 10:10:54.471,1.5464,1.54662,2.63,1.43
2012.04.19 10:10:54.542,1.5464,1.54662,1.88,1.43
2012.04.19 10:10:54.673,1.5464,1.54654,1.50,1.43
2012.04.19 10:10:54.882,1.5464,1.54663,1.50,1.43
2012.04.19 10:10:54.953,1.54637,1.54664,2.63,1.43
2012.04.19 10:10:55.084,1.54633,1.54658,1.44,1.50
2012.04.19 10:10:55.320,1.54633,1.54662,1.44,1.50
2012.04.19 10:10:56.470,1.54631,1.54662,1.44,1.50
2012.04.19 10:10:58.211,1.54633,1.54662,1.43,1.50
2012.04.19 10:10:58.281,1.54633,1.54662,1.43,1.84
2012.04.19 10:10:58.410,1.54629,1.54658,2.56,1.43
2012.04.19 10:10:58.481,1.54629,1.54655,2.56,1.50
2012.04.19 10:10:58.793,1.54624,1.54649,1.06,1.50
2012.04.19 10:10:58.924,1.54628,1.54651,1.06,3.00
2012.04.19 10:10:59.054,1.54631,1.54651,2.19,1.50
2012.04.19 10:10:59.123,1.54632,1.54659,2.19,1.77
2012.04.19 10:10:59.312,1.54632,1.54659,2.94,1.43
2012.04.19 10:10:59.382,1.54632,1.54659,3.31,1.43
2012.04.19 10:10:59.514,1.54632,1.54662,3.31,1.43
2012.04.19 10:10:59.967,1.54642,1.54668,1.43,2.47
2012.04.19 10:11:00.272,1.54638,1.54659,1.50,1.43
2012.04.19 10:11:00.345,1.54638,1.54667,1.50,1.58
2012.04.19 10:11:00.411,1.54638,1.54663,1.50,1.50
2012.04.19 10:11:00.781,1.54637,1.54662,1.44,1.50
2012.04.19 10:11:01.001,1.54637,1.54662,1.44,1.50
2012.04.19 10:11:01.584,1.54637,1.54661,1.44,1.50
2012.04.19 10:11:01.652,1.54637,1.54659,1.44,1.50
2012.04.19 10:11:01.902,1.54633,1.54659,1.43,1.50
2012.04.19 10:11:02.559,1.54631,1.54659,2.19,1.43
2012.04.19 10:11:03.031,1.54631,1.54653,2.19,1.43
2012.04.19 10:11:03.553,1.54631,1.54653,2.19,1.43
2012.04.19 10:11:04.110,1.54637,1.54664,1.43,1.84
2012.04.19 10:11:04.603,1.54635,1.54653,1.50,1.43
2012.04.19 10:11:04.912,1.54632,1.54653,1.50,1.43
2012.04.19 10:11:04.983,1.54629,1.54653,2.56,1.43
2012.04.19 10:11:05.052,1.54629,1.5466,2.94,2.93
2012.04.19 10:11:05.252,1.54629,1.5465,1.06,1.43
2012.04.19 10:11:05.321,1.54629,1.5465,1.06,1.43
2012.04.19 10:11:05.883,1.5463,1.54656,3.69,1.43
2012.04.19 10:11:05.956,1.5463,1.54659,1.50,1.43
2012.04.19 10:11:06.020,1.54629,1.54657,1.06,1.50
2012.04.19 10:11:06.563,1.54628,1.54655,1.06,1.50
2012.04.19 10:11:07.401,1.54628,1.54655,1.06,2.93
2012.04.19 10:11:07.923,1.5463,1.54658,2.19,1.43
2012.04.19 10:11:08.160,1.5463,1.54656,2.19,1.43
2012.04.19 10:11:08.931,1.54629,1.54658,1.06,1.43
2012.04.19 10:11:09.262,1.54629,1.54648,1.06,1.43
2012.04.19 10:11:09.511,1.54628,1.54656,1.88,1.43
2012.04.19 10:11:09.642,1.54631,1.54656,1.50,1.43
2012.04.19 10:11:09.965,1.54631,1.54649,1.50,1.43
2012.04.19 10:11:10.032,1.54631,1.54657,1.50,1.43
2012.04.19 10:11:10.401,1.54627,1.54655,1.13,1.50
2012.04.19 10:11:10.830,1.54627,1.54657,1.13,1.43
2012.04.19 10:11:11.566,1.54629,1.54657,1.50,1.43
2012.04.19 10:11:12.339,1.54629,1.54657,2.19,1.43
2012.04.19 10:11:12.860,1.54631,1.54657,1.50,1.43
2012.04.19 10:11:13.000,1.54631,1.54649,1.50,1.43
2012.04.19 10:11:13.453,1.54631,1.54655,1.50,1.43
2012.04.19 10:11:13.986,1.54631,1.54664,1.50,3.27
2012.04.19 10:11:14.112,1.54631,1.54664,2.25,2.93
2012.04.19 10:11:14.241,1.54629,1.54657,2.86,1.50
2012.04.19 10:11:15.066,1.54628,1.54656,1.21,1.50
2012.04.19 10:11:15.303,1.54629,1.54656,1.44,1.50
2012.04.19 10:11:15.431,1.54628,1.54656,2.64,1.50
2012.04.19 10:11:17.033,1.54628,1.54656,1.06,1.50
2012.04.19 10:11:17.543,1.54628,1.54659,1.06,1.50
2012.04.19 10:11:18.071,1.54632,1.54659,2.18,1.50
2012.04.19 10:11:18.144,1.54635,1.54665,1.44,2.93
2012.04.19 10:11:18.703,1.54637,1.54668,1.50,2.93
2012.04.19 10:11:18.893,1.54636,1.54665,1.44,1.50
2012.04.19 10:11:19.405,1.54637,1.54668,1.50,4.43
2012.04.19 10:11:19.742,1.54634,1.54665,2.19,1.50
2012.04.19 10:11:20.223,1.54636,1.54662,1.44,1.50
2012.04.19 10:11:20.833,1.54635,1.54664,1.44,1.50
2012.04.19 10:11:21.882,1.54633,1.54664,3.61,1.50
2012.04.19 10:11:21.966,1.54633,1.54661,2.11,1.50
2012.04.19 10:11:22.541,1.54631,1.54659,2.56,1.43
2012.04.19 10:11:23.002,1.54633,1.54659,1.50,1.43
2012.04.19 10:11:23.609,1.54634,1.54659,1.50,1.43
2012.04.19 10:11:23.680,1.54636,1.54659,1.50,1.43
2012.04.19 10:11:25.050,1.54638,1.54663,1.50,1.43
2012.04.19 10:11:26.411,1.54638,1.54663,1.84,1.43
2012.04.19 10:11:26.541,1.54644,1.54666,1.50,1.43
2012.04.19 10:11:26.921,1.54647,1.54666,1.50,1.43
2012.04.19 10:11:27.973,1.54643,1.54666,2.19,1.43
2012.04.19 10:11:28.041,1.54643,1.5467,2.19,1.43
2012.04.19 10:11:28.937,1.54645,1.54671,1.50,1.80
2012.04.19 10:11:29.243,1.54645,1.54661,1.50,1.43
2012.04.19 10:11:29.314,1.54648,1.54668,1.50,1.43
2012.04.19 10:11:29.621,1.54645,1.54667,1.50,1.43
2012.04.19 10:11:29.813,1.54649,1.54667,1.50,1.43
2012.04.19 10:11:30.182,1.54647,1.54667,1.50,1.43
2012.04.19 10:11:30.252,1.54645,1.54667,1.50,1.43
2012.04.19 10:11:30.396,1.54645,1.54669,1.50,1.43
2012.04.19 10:11:30.911,1.5465,1.54669,1.50,1.43
2012.04.19 10:11:31.042,1.54645,1.54669,1.50,1.43
2012.04.19 10:11:31.909,1.54643,1.54669,2.19,1.43
2012.04.19 10:11:31.979,1.54645,1.54669,1.43,1.50
2012.04.19 10:11:32.342,1.54645,1.54671,1.43,1.88
2012.04.19 10:11:32.922,1.54647,1.54675,1.50,1.80
2012.04.19 10:11:33.561,1.54647,1.54675,2.19,1.80
2012.04.19 10:11:33.690,1.54649,1.54677,1.43,1.50
2012.04.19 10:11:33.882,1.54649,1.5468,1.43,1.50
2012.04.19 10:11:33.953,1.54651,1.54681,1.43,1.50
2012.04.19 10:11:34.704,1.54652,1.54682,2.94,1.43
2012.04.19 10:11:35.304,1.5465,1.54681,3.61,1.50
2012.04.19 10:11:35.860,1.5465,1.54678,2.11,1.50
2012.04.19 10:11:36.282,1.54651,1.5468,2.19,1.43
2012.04.19 10:11:36.412,1.54653,1.5468,1.50,1.43
2012.04.19 10:11:37.463,1.54653,1.54667,1.50,1.09
2012.04.19 10:11:37.977,1.54634,1.54662,2.18,1.88
2012.04.19 10:11:38.049,1.54645,1.54664,1.50,1.43
2012.04.19 10:11:38.172,1.54654,1.54664,1.50,1.43
2012.04.19 10:11:38.436,1.54654,1.54671,1.50,1.43
2012.04.19 10:11:38.560,1.54654,1.5468,1.50,1.43
2012.04.19 10:11:38.983,1.54654,1.54677,1.50,1.43
2012.04.19 10:11:39.171,1.54651,1.54677,1.50,1.43
2012.04.19 10:11:39.361,1.54649,1.54675,1.50,1.43
2012.04.19 10:11:39.803,1.54646,1.54676,1.50,1.43
2012.04.19 10:11:39.932,1.54646,1.54676,2.25,1.43
2012.04.19 10:11:40.003,1.5465,1.5468,1.13,1.50
2012.04.19 10:11:40.073,1.54655,1.54681,1.50,1.43
2012.04.19 10:11:40.324,1.54658,1.54686,1.50,1.80
2012.04.19 10:11:40.784,1.54654,1.54687,2.94,3.30
2012.04.19 10:11:40.964,1.54659,1.54687,1.50,1.80
2012.04.19 10:11:41.316,1.54661,1.54686,1.50,1.80
2012.04.19 10:11:41.656,1.54663,1.54693,1.43,2.18
2012.04.19 10:11:42.782,1.54663,1.54693,2.11,1.43
2012.04.19 10:11:42.852,1.54663,1.5469,2.11,1.50
2012.04.19 10:11:42.981,1.54663,1.54693,1.43,1.43
2012.04.19 10:11:43.054,1.54665,1.54686,1.50,1.43
2012.04.19 10:11:43.632,1.54665,1.54694,1.50,1.77
2012.04.19 10:11:43.702,1.54665,1.54692,1.50,1.84
2012.04.19 10:11:44.013,1.54661,1.54688,2.19,1.80
2012.04.19 10:11:44.325,1.54655,1.54688,2.19,3.45
2012.04.19 10:11:44.395,1.54653,1.54684,1.06,1.50
2012.04.19 10:11:44.521,1.54655,1.54686,2.19,1.50
2012.04.19 10:11:44.652,1.54653,1.54684,1.06,1.50
2012.04.19 10:11:44.844,1.54658,1.54686,1.43,1.50
2012.04.19 10:11:44.912,1.54658,1.54686,2.18,1.50
2012.04.19 10:11:45.354,1.54658,1.5469,2.86,1.88
2012.04.19 10:11:45.422,1.54658,1.5469,2.11,1.88
2012.04.19 10:11:45.825,1.54658,1.54686,2.49,1.50
2012.04.19 10:11:46.132,1.54662,1.54692,2.11,2.25
2012.04.19 10:11:46.481,1.54664,1.54694,1.50,2.25
2012.04.19 10:11:46.610,1.54662,1.54693,2.11,2.25
2012.04.19 10:11:46.981,1.54662,1.54693,2.49,2.25
2012.04.19 10:11:47.488,1.54666,1.54697,2.25,2.18
2012.04.19 10:11:48.032,1.5467,1.54699,2.11,2.25
2012.04.19 10:11:48.581,1.54672,1.54702,2.19,1.43
2012.04.19 10:11:48.770,1.54672,1.547,2.94,1.43
2012.04.19 10:11:49.519,1.54672,1.547,2.94,1.43
2012.04.19 10:11:49.854,1.5467,1.54693,1.06,1.50
2012.04.19 10:11:50.391,1.54671,1.54693,1.44,1.50
2012.04.19 10:11:50.763,1.5467,1.5469,1.06,1.50
2012.04.19 10:11:52.253,1.54672,1.5469,1.78,1.50
2012.04.19 10:11:52.323,1.54679,1.54708,1.43,2.63
2012.04.19 10:11:52.392,1.54682,1.54708,1.50,1.13
2012.04.19 10:11:52.772,1.54679,1.54708,2.93,1.13
2012.04.19 10:11:52.901,1.54679,1.54712,3.99,3.30
2012.04.19 10:11:53.444,1.54684,1.54715,1.50,3.68
2012.04.19 10:11:53.766,1.54681,1.54705,1.44,1.43
2012.04.19 10:11:54.273,1.54684,1.54705,2.19,1.43
2012.04.19 10:11:54.967,1.54682,1.54712,2.19,1.80
2012.04.19 10:11:55.465,1.54682,1.54711,2.19,1.80
2012.04.19 10:11:55.784,1.54679,1.54703,1.06,1.50
2012.04.19 10:11:55.972,1.5468,1.54707,2.19,1.43
2012.04.19 10:11:56.543,1.54682,1.54712,2.86,2.18
2012.04.19 10:11:56.733,1.54683,1.54707,1.06,1.43
2012.04.19 10:11:57.215,1.54682,1.54708,1.50,1.43
2012.04.19 10:11:57.283,1.54679,1.54708,2.49,1.43
2012.04.19 10:11:57.414,1.5468,1.54707,1.44,1.43
2012.04.19 10:11:57.722,1.54692,1.54718,2.11,1.50
2012.04.19 10:11:57.915,1.54693,1.54718,1.03,1.50
2012.04.19 10:11:58.222,1.54702,1.54722,1.43,1.50
2012.04.19 10:11:58.505,1.54696,1.54722,2.11,1.50
2012.04.19 10:11:58.692,1.54694,1.54719,1.06,1.50
2012.04.19 10:11:59.496,1.54697,1.54717,1.44,1.50
2012.04.19 10:11:59.762,1.54697,1.54717,1.44,1.50
2012.04.19 10:11:59.832,1.54697,1.54719,1.44,1.50
2012.04.19 10:12:00.407,1.54696,1.5472,2.18,1.50
2012.04.19 10:12:00.870,1.54696,1.54724,2.18,1.50
2012.04.19 10:12:01.481,1.54696,1.54722,2.18,1.50
2012.04.19 10:12:02.118,1.54691,1.54718,1.44,1.43
2012.04.19 10:12:02.186,1.54689,1.54718,1.13,2.93
2012.04.19 10:12:03.292,1.54691,1.54718,1.09,1.43
2012.04.19 10:12:03.500,1.54692,1.5472,2.52,1.50
2012.04.19 10:12:03.690,1.54692,1.5472,2.52,1.50
2012.04.19 10:12:04.205,1.54698,1.54723,1.43,1.50
2012.04.19 10:12:04.331,1.54694,1.54724,2.56,2.93
2012.04.19 10:12:04.401,1.54698,1.54731,2.93,1.84
2012.04.19 10:12:04.714,1.54707,1.54732,1.50,3.27
2012.04.19 10:12:04.840,1.54707,1.54732,1.50,1.43
2012.04.19 10:12:06.706,1.54704,1.54732,1.50,1.43
2012.04.19 10:12:06.772,1.547,1.54732,2.19,1.43
2012.04.19 10:12:06.841,1.547,1.54728,2.19,1.43
2012.04.19 10:12:07.297,1.54702,1.54728,1.50,1.43
2012.04.19 10:12:07.848,1.54701,1.54728,1.50,1.43
2012.04.19 10:12:08.355,1.54694,1.54723,2.19,1.43
2012.04.19 10:12:08.661,1.54694,1.54723,2.19,1.43
2012.04.19 10:12:08.982,1.54698,1.54729,1.50,4.43
2012.04.19 10:12:09.051,1.54698,1.54729,2.25,2.93
2012.04.19 10:12:09.360,1.54697,1.54722,2.11,1.50
2012.04.19 10:12:09.993,1.54697,1.54725,2.86,3.00
2012.04.19 10:12:10.067,1.547,1.54725,1.44,1.50
2012.04.19 10:12:10.205,1.54702,1.54729,1.43,1.50
2012.04.19 10:12:10.765,1.54702,1.54726,1.43,1.50
2012.04.19 10:12:11.031,1.54702,1.54734,1.43,3.64
2012.04.19 10:12:11.100,1.54701,1.54728,2.19,1.43
2012.04.19 10:12:11.282,1.54697,1.54728,2.25,1.43
2012.04.19 10:12:11.353,1.54701,1.54728,1.50,1.43
2012.04.19 10:12:11.611,1.54697,1.54728,2.25,1.43
2012.04.19 10:12:12.223,1.54701,1.54728,1.50,1.43
2012.04.19 10:12:12.552,1.54697,1.54722,2.25,1.43
2012.04.19 10:12:12.865,1.5469,1.54716,1.13,1.50
2012.04.19 10:12:13.345,1.54692,1.54723,1.50,2.93
2012.04.19 10:12:13.413,1.54692,1.54713,1.50,1.43
2012.04.19 10:12:13.941,1.54684,1.54713,2.18,2.93
2012.04.19 10:12:14.253,1.54684,1.5471,2.18,1.50
2012.04.19 10:12:14.384,1.54688,1.54718,1.80,1.77
2012.04.19 10:12:14.515,1.54686,1.54713,1.88,1.43
2012.04.19 10:12:15.022,1.54684,1.54713,2.25,1.43
2012.04.19 10:12:15.686,1.54684,1.54713,1.50,2.89
2012.04.19 10:12:15.755,1.54681,1.54703,1.50,1.43
2012.04.19 10:12:15.883,1.54678,1.54703,1.50,1.43
2012.04.19 10:12:16.071,1.54676,1.54703,3.00,1.43
2012.04.19 10:12:16.262,1.54678,1.54703,1.50,1.43
2012.04.19 10:12:16.393,1.54673,1.54703,2.93,1.43
2012.04.19 10:12:16.642,1.54676,1.54703,1.50,1.43
2012.04.19 10:12:17.161,1.54675,1.54703,1.50,1.43
2012.04.19 10:12:17.678,1.54674,1.54703,1.50,1.43
2012.04.19 10:12:18.182,1.54673,1.54702,1.43,1.50
2012.04.19 10:12:18.698,1.54673,1.54703,1.43,2.93
2012.04.19 10:12:20.391,1.54675,1.54703,1.50,2.52
2012.04.19 10:12:20.705,1.54667,1.54695,1.06,1.50
2012.04.19 10:12:21.009,1.54674,1.54688,1.50,1.43
2012.04.19 10:12:21.071,1.54671,1.54688,1.50,1.43
2012.04.19 10:12:21.145,1.54669,1.54688,1.50,1.43
2012.04.19 10:12:21.404,1.54669,1.54698,1.50,1.43
2012.04.19 10:12:21.592,1.54672,1.54698,1.50,2.33
2012.04.19 10:12:22.142,1.54673,1.54698,1.50,2.18
2012.04.19 10:12:22.784,1.5467,1.54698,2.19,1.43
2012.04.19 10:12:23.331,1.54667,1.54697,1.06,1.50
2012.04.19 10:12:23.400,1.54667,1.54694,1.06,1.50
2012.04.19 10:12:23.715,1.54667,1.54697,1.06,1.50
2012.04.19 10:12:23.982,1.54667,1.54695,1.06,1.50
2012.04.19 10:12:24.233,1.54662,1.54691,3.61,1.50
2012.04.19 10:12:24.365,1.54662,1.54692,2.11,1.50
2012.04.19 10:12:24.435,1.5466,1.54689,1.06,1.43
2012.04.19 10:12:24.839,1.5466,1.54686,1.06,1.50
2012.04.19 10:12:25.025,1.54658,1.54686,2.11,1.50
2012.04.19 10:12:25.211,1.54658,1.54687,2.86,1.50
2012.04.19 10:12:25.462,1.54659,1.54686,1.43,1.50
2012.04.19 10:12:25.655,1.54659,1.54684,1.43,1.50
2012.04.19 10:12:26.182,1.54656,1.54684,1.81,1.50
2012.04.19 10:12:26.251,1.54658,1.54687,2.11,2.93
2012.04.19 10:12:26.532,1.54661,1.54687,1.50,1.43
2012.04.19 10:12:26.851,1.54663,1.54687,1.50,1.43
2012.04.19 10:12:27.604,1.54662,1.54687,1.50,1.43
2012.04.19 10:12:28.131,1.54662,1.54688,1.50,1.43
2012.04.19 10:12:28.537,1.54662,1.54685,1.50,1.43
2012.04.19 10:12:29.083,1.54661,1.54685,1.50,1.43
2012.04.19 10:12:29.503,1.54661,1.54689,2.25,1.43
2012.04.19 10:12:29.574,1.54658,1.54685,1.03,1.43
2012.04.19 10:12:29.883,1.54656,1.54683,2.49,1.50
2012.04.19 10:12:30.747,1.54656,1.54685,2.49,1.43
2012.04.19 10:12:31.112,1.54657,1.54683,1.44,1.50
2012.04.19 10:12:31.602,1.54656,1.5468,2.49,1.50
2012.04.19 10:12:32.103,1.54654,1.5468,1.50,1.43
2012.04.19 10:12:32.794,1.54654,1.54683,2.19,1.43
2012.04.19 10:12:32.866,1.54658,1.54683,1.50,1.43
2012.04.19 10:12:32.993,1.54652,1.54683,3.69,1.43
2012.04.19 10:12:33.062,1.54652,1.54679,3.69,1.43
2012.04.19 10:12:33.371,1.54658,1.5468,1.43,1.50
2012.04.19 10:12:33.504,1.54656,1.5468,1.43,1.50
2012.04.19 10:12:33.921,1.5465,1.54673,1.88,1.43
2012.04.19 10:12:34.291,1.54646,1.54673,2.19,1.43
2012.04.19 10:12:35.054,1.54648,1.54673,1.50,1.43
2012.04.19 10:12:35.572,1.54646,1.54673,2.19,1.43
2012.04.19 10:12:36.582,1.54649,1.54673,1.50,1.43
2012.04.19 10:12:37.415,1.54649,1.54674,1.50,1.43
2012.04.19 10:12:37.790,1.5465,1.54683,2.19,2.93
2012.04.19 10:12:37.860,1.54648,1.54679,2.11,1.50
2012.04.19 10:12:37.932,1.5465,1.54681,2.19,1.50
2012.04.19 10:12:38.450,1.5465,1.54681,2.19,1.50
2012.04.19 10:12:38.521,1.54653,1.54683,1.50,2.93
2012.04.19 10:12:38.831,1.54651,1.54682,1.50,1.50
2012.04.19 10:12:39.922,1.54648,1.54679,2.49,1.50
2012.04.19 10:12:41.331,1.54648,1.54679,2.49,1.50
2012.04.19 10:12:41.779,1.54648,1.54675,2.11,1.50
2012.04.19 10:12:42.074,1.54648,1.54677,3.61,1.50
2012.04.19 10:12:42.201,1.54648,1.54679,3.61,1.50
2012.04.19 10:12:45.152,1.5465,1.54679,1.44,1.50
2012.04.19 10:12:45.281,1.54658,1.54679,1.43,1.50
2012.04.19 10:12:45.530,1.54652,1.54679,1.06,1.50
2012.04.19 10:12:45.601,1.54652,1.54682,1.06,2.93
2012.04.19 10:12:45.850,1.54652,1.54679,1.06,1.50
2012.04.19 10:12:46.200,1.54652,1.54677,1.06,1.50
2012.04.19 10:12:46.480,1.54653,1.54679,1.06,3.00
2012.04.19 10:12:46.967,1.5465,1.54679,1.06,1.50
2012.04.19 10:12:47.644,1.5465,1.54679,1.06,1.50
2012.04.19 10:12:47.716,1.5465,1.54672,1.44,1.50
2012.04.19 10:12:48.219,1.54657,1.54672,1.44,1.50
2012.04.19 10:12:48.282,1.54657,1.5468,2.19,1.43
2012.04.19 10:12:48.501,1.54656,1.54685,2.11,2.93
2012.04.19 10:12:49.219,1.54658,1.54685,2.19,1.43
2012.04.19 10:12:50.061,1.54656,1.54682,2.11,1.50
2012.04.19 10:12:50.344,1.54657,1.54685,2.11,1.50
2012.04.19 10:12:51.267,1.54658,1.54681,1.74,1.43
2012.04.19 10:12:51.337,1.54668,1.5469,1.43,1.50
2012.04.19 10:12:51.642,1.54668,1.54687,1.43,1.50
2012.04.19 10:12:52.031,1.54661,1.54687,1.03,1.50
2012.04.19 10:12:52.103,1.54665,1.54691,1.50,1.43
2012.04.19 10:12:52.350,1.54662,1.54691,1.50,1.43
2012.04.19 10:12:52.544,1.54662,1.54686,1.50,1.43
2012.04.19 10:12:52.673,1.5466,1.54686,1.50,1.43
2012.04.19 10:12:53.221,1.54661,1.54686,1.50,1.43
2012.04.19 10:12:54.057,1.54656,1.54685,1.06,1.50
2012.04.19 10:12:55.525,1.54656,1.54684,1.06,1.50
2012.04.19 10:12:55.897,1.54653,1.54684,2.11,1.50
2012.04.19 10:12:56.222,1.54656,1.5468,1.06,1.43
2012.04.19 10:12:56.531,1.54656,1.54683,2.56,1.43
2012.04.19 10:12:57.033,1.5466,1.54683,1.44,1.43
2012.04.19 10:12:57.106,1.54661,1.54689,2.25,1.43
2012.04.19 10:12:57.290,1.54662,1.54694,2.18,2.93
2012.04.19 10:12:57.821,1.54662,1.54694,2.86,2.93
2012.04.19 10:12:59.243,1.54661,1.54683,2.19,1.43
2012.04.19 10:12:59.372,1.54661,1.54683,1.50,1.43
2012.04.19 10:12:59.501,1.54661,1.54688,2.25,1.43
2012.04.19 10:12:59.633,1.54663,1.54688,1.50,1.43
2012.04.19 10:13:00.161,1.5466,1.54688,1.13,1.43
2012.04.19 10:13:03.282,1.54658,1.54688,1.40,1.43
2012.04.19 10:13:03.431,1.54661,1.5468,2.94,1.43
2012.04.19 10:13:04.035,1.54661,1.54673,3.69,1.43
2012.04.19 10:13:04.103,1.54663,1.54676,1.88,1.43
2012.04.19 10:13:04.171,1.54666,1.54696,1.80,1.88
2012.04.19 10:13:04.422,1.54666,1.54696,2.49,3.30
2012.04.19 10:13:04.962,1.5467,1.54695,1.50,1.80
2012.04.19 10:13:05.323,1.54673,1.54696,1.50,1.80
2012.04.19 10:13:05.396,1.54667,1.54696,2.19,1.80
2012.04.19 10:13:05.705,1.54669,1.54686,1.43,1.09
2012.04.19 10:13:05.893,1.54661,1.54682,1.06,1.43
2012.04.19 10:13:05.963,1.5466,1.54664,1.06,1.43
2012.04.19 10:13:06.036,1.5465,1.54664,2.25,1.43
2012.04.19 10:13:06.505,1.54644,1.54664,1.50,1.43
2012.04.19 10:13:06.690,1.54637,1.54664,2.19,1.43
2012.04.19 10:13:06.821,1.54637,1.54655,2.19,1.43
2012.04.19 10:13:06.953,1.54634,1.54655,2.19,1.43
2012.04.19 10:13:07.083,1.54634,1.5466,2.19,1.43
2012.04.19 10:13:07.272,1.54634,1.54655,2.19,1.43
2012.04.19 10:13:07.602,1.54637,1.54665,3.00,1.80
2012.04.19 10:13:07.672,1.54639,1.54665,1.50,1.80
2012.04.19 10:13:08.221,1.54639,1.54664,2.11,1.50
2012.04.19 10:13:08.742,1.54638,1.54666,2.19,1.80
2012.04.19 10:13:08.814,1.54636,1.54666,1.44,3.30
2012.04.19 10:13:09.372,1.54635,1.54666,2.19,3.30
2012.04.19 10:13:09.621,1.54639,1.54666,1.43,1.88
2012.04.19 10:13:10.074,1.5464,1.54671,1.44,1.50
2012.04.19 10:13:10.201,1.54639,1.54671,2.19,1.50
2012.04.19 10:13:10.392,1.54639,1.54661,2.19,1.43
2012.04.19 10:13:10.463,1.54636,1.54661,1.50,1.43
2012.04.19 10:13:10.993,1.54635,1.54661,2.19,1.43
2012.04.19 10:13:11.364,1.54638,1.54665,1.50,1.80
2012.04.19 10:13:12.353,1.54635,1.54664,2.45,1.50
2012.04.19 10:13:12.543,1.54635,1.54661,1.43,1.50
2012.04.19 10:13:12.852,1.54629,1.54658,1.03,1.50
2012.04.19 10:13:13.171,1.54629,1.54654,1.03,1.50
2012.04.19 10:13:13.362,1.54629,1.54657,1.06,1.50
2012.04.19 10:13:13.435,1.54627,1.54656,1.44,1.50
2012.04.19 10:13:13.624,1.54629,1.54659,2.19,1.43
2012.04.19 10:13:14.235,1.54635,1.54659,1.50,1.43
2012.04.19 10:13:14.362,1.54623,1.54656,3.99,1.50
2012.04.19 10:13:14.844,1.54626,1.54654,2.19,1.50
2012.04.19 10:13:15.201,1.54626,1.54649,2.53,1.43
2012.04.19 10:13:15.329,1.54634,1.54659,1.43,2.25
2012.04.19 10:13:15.540,1.54626,1.54659,2.53,3.68
2012.04.19 10:13:15.792,1.54634,1.54659,1.50,1.43
2012.04.19 10:13:16.322,1.54634,1.54658,1.50,1.43
2012.04.19 10:13:16.392,1.5463,1.54658,2.19,1.43
2012.04.19 10:13:16.956,1.54632,1.54658,1.50,1.43
2012.04.19 10:13:17.022,1.54636,1.54658,2.19,1.43
2012.04.19 10:13:17.092,1.54636,1.54662,2.19,1.43
2012.04.19 10:13:18.833,1.54633,1.54662,2.19,1.43
2012.04.19 10:13:19.391,1.54633,1.54662,2.19,1.43
2012.04.19 10:13:19.953,1.54633,1.54653,2.19,1.43
2012.04.19 10:13:20.443,1.5463,1.54653,2.19,1.43
2012.04.19 10:13:21.030,1.54628,1.54658,1.50,1.65
2012.04.19 10:13:21.092,1.5463,1.54659,1.50,1.43
2012.04.19 10:13:21.461,1.54631,1.54659,2.94,1.43
2012.04.19 10:13:21.833,1.54635,1.54664,2.25,1.43
2012.04.19 10:13:22.081,1.54645,1.54669,1.43,2.22
2012.04.19 10:13:23.630,1.54643,1.54669,2.19,1.80
2012.04.19 10:13:24.396,1.54643,1.54669,2.19,1.80
2012.04.19 10:13:24.914,1.54643,1.54669,1.50,1.80
2012.04.19 10:13:25.251,1.54645,1.54669,1.50,1.80
2012.04.19 10:13:25.800,1.54642,1.54674,4.36,3.68
2012.04.19 10:13:26.362,1.54642,1.5467,2.86,1.88
2012.04.19 10:13:26.491,1.54641,1.54669,1.44,1.80
2012.04.19 10:13:27.023,1.54641,1.54665,1.44,1.80
2012.04.19 10:13:27.851,1.54637,1.54664,1.44,1.43
2012.04.19 10:13:27.925,1.54636,1.54664,1.44,2.93
2012.04.19 10:13:28.442,1.54647,1.54664,1.43,1.50
2012.04.19 10:13:28.634,1.54647,1.54674,1.43,2.25
2012.04.19 10:13:29.009,1.54651,1.54669,1.50,1.80
2012.04.19 10:13:29.132,1.54649,1.54671,1.50,2.25
2012.04.19 10:13:29.203,1.54642,1.54672,2.94,2.25
2012.04.19 10:13:29.485,1.54643,1.54673,2.11,2.25
2012.04.19 10:13:30.043,1.54648,1.54668,1.50,1.80
2012.04.19 10:13:30.170,1.54646,1.54668,1.50,1.80
2012.04.19 10:13:30.777,1.54639,1.54672,4.36,2.25
2012.04.19 10:13:31.408,1.54637,1.54665,3.61,1.50
2012.04.19 10:13:32.171,1.54638,1.54669,1.44,1.88
2012.04.19 10:13:32.721,1.54638,1.54666,1.44,1.88
2012.04.19 10:13:33.044,1.54633,1.54657,2.19,1.43
2012.04.19 10:13:33.113,1.54631,1.54657,1.06,1.43
2012.04.19 10:13:33.183,1.54636,1.54657,1.50,1.43
2012.04.19 10:13:33.643,1.54634,1.54657,1.50,1.43
2012.04.19 10:13:33.711,1.54631,1.54657,2.19,1.43
2012.04.19 10:13:33.921,1.54632,1.54664,2.86,2.93
2012.04.19 10:13:34.234,1.54636,1.54664,2.08,2.93
2012.04.19 10:13:34.544,1.54633,1.54662,1.36,1.50
2012.04.19 10:13:34.791,1.54634,1.54667,2.19,1.88
2012.04.19 10:13:34.921,1.54633,1.54664,1.06,1.50
2012.04.19 10:13:35.442,1.54634,1.54667,2.19,1.88
2012.04.19 10:13:35.512,1.54638,1.54669,1.50,3.38
2012.04.19 10:13:36.746,1.54635,1.54666,2.19,1.88
2012.04.19 10:13:37.261,1.54635,1.54666,3.69,1.50
2012.04.19 10:13:37.332,1.54637,1.54669,1.50,2.93
2012.04.19 10:13:37.460,1.54634,1.54665,2.19,1.50
2012.04.19 10:13:38.016,1.54634,1.54665,2.19,1.50
2012.04.19 10:13:40.530,1.54638,1.54668,1.50,1.50
2012.04.19 10:13:40.659,1.54638,1.54669,1.50,2.18
2012.04.19 10:13:41.197,1.54643,1.54669,2.19,2.18
2012.04.19 10:13:41.501,1.54648,1.54678,1.06,2.18
2012.04.19 10:13:42.049,1.54648,1.54676,1.06,2.25
2012.04.19 10:13:42.350,1.5465,1.54678,1.50,2.18
2012.04.19 10:13:44.165,1.54651,1.54673,1.50,2.18
2012.04.19 10:13:44.522,1.54653,1.54673,1.50,2.18
2012.04.19 10:13:44.937,1.5465,1.54673,1.50,2.18
2012.04.19 10:13:45.062,1.54645,1.54674,1.06,2.18
2012.04.19 10:13:45.314,1.54639,1.54668,1.80,2.25
2012.04.19 10:13:45.445,1.54643,1.54664,1.50,1.80
2012.04.19 10:13:45.634,1.54638,1.54664,2.56,1.80
2012.04.19 10:13:45.763,1.54641,1.54669,1.40,1.43
2012.04.19 10:13:45.830,1.54642,1.54671,2.11,1.50
2012.04.19 10:13:45.903,1.54646,1.54674,1.50,1.43
2012.04.19 10:13:46.215,1.54648,1.54674,1.50,1.43
2012.04.19 10:13:46.283,1.54647,1.54677,1.43,1.50
2012.04.19 10:13:46.821,1.54645,1.54677,2.56,2.25
2012.04.19 10:13:47.505,1.54647,1.54678,2.19,2.18
2012.04.19 10:13:48.402,1.54647,1.54678,2.19,1.43
2012.04.19 10:13:48.652,1.54652,1.54682,1.50,1.50
2012.04.19 10:13:48.841,1.54648,1.5468,1.50,1.50
2012.04.19 10:13:48.910,1.54647,1.54677,2.11,1.50
2012.04.19 10:13:49.250,1.54647,1.54675,2.11,1.50
2012.04.19 10:13:49.802,1.54647,1.54674,2.11,1.50
2012.04.19 10:13:50.341,1.54647,1.54673,2.11,1.50
2012.04.19 10:13:50.415,1.54647,1.54676,2.11,1.50
2012.04.19 10:13:50.978,1.54648,1.54679,1.50,1.50
2012.04.19 10:13:51.047,1.54654,1.54677,1.43,1.50
2012.04.19 10:13:51.649,1.54654,1.54686,2.19,1.50
2012.04.19 10:13:51.770,1.54654,1.54686,2.19,2.25
2012.04.19 10:13:52.080,1.54651,1.54678,2.56,1.50
2012.04.19 10:13:52.637,1.54651,1.54677,1.06,1.50
2012.04.19 10:13:53.113,1.54651,1.54677,1.06,2.25
2012.04.19 10:13:53.362,1.54646,1.54671,1.06,1.43
2012.04.19 10:13:53.732,1.5465,1.54671,1.06,1.43
2012.04.19 10:13:53.801,1.5465,1.54675,1.06,1.50
2012.04.19 10:13:53.931,1.5465,1.54677,1.06,1.84
2012.04.19 10:13:54.382,1.5465,1.5468,1.06,1.50
2012.04.19 10:13:54.976,1.5465,1.5468,1.06,1.50
2012.04.19 10:13:58.010,1.54648,1.5468,2.56,1.50
2012.04.19 10:13:58.303,1.54648,1.54676,2.56,1.43
2012.04.19 10:13:58.651,1.54648,1.54677,1.50,2.18
2012.04.19 10:13:59.271,1.54646,1.54676,2.94,1.80
2012.04.19 10:13:59.590,1.54652,1.54684,1.43,2.25
2012.04.19 10:14:00.250,1.54652,1.54684,2.49,2.25
2012.04.19 10:14:01.072,1.54654,1.54684,1.06,2.25
2012.04.19 10:14:01.392,1.54655,1.54686,2.19,4.43
2012.04.19 10:14:01.642,1.54653,1.54676,1.50,1.80
2012.04.19 10:14:01.711,1.54649,1.54676,2.19,1.80
2012.04.19 10:14:01.842,1.54652,1.54676,1.50,1.80
2012.04.19 10:14:01.970,1.54648,1.54676,2.19,1.80
2012.04.19 10:14:03.031,1.54647,1.54676,1.44,1.80
2012.04.19 10:14:03.102,1.54653,1.54676,1.50,1.80
2012.04.19 10:14:03.729,1.54655,1.54676,1.50,1.80
2012.04.19 10:14:03.796,1.54655,1.54676,1.50,1.43
2012.04.19 10:14:03.861,1.54655,1.54686,3.00,1.50
2012.04.19 10:14:03.931,1.54658,1.54687,1.50,1.43
2012.04.19 10:14:04.291,1.54658,1.54689,2.19,1.50
2012.04.19 10:14:04.421,1.54661,1.54691,1.50,1.43
2012.04.19 10:14:04.750,1.54657,1.54688,3.99,1.50
2012.04.19 10:14:05.068,1.54657,1.54686,1.06,1.50
2012.04.19 10:14:07.269,1.54657,1.54686,1.06,1.50
2012.04.19 10:14:07.591,1.54658,1.54683,1.06,1.50
2012.04.19 10:14:08.263,1.54658,1.54682,1.06,1.50
2012.04.19 10:14:08.721,1.54655,1.54678,1.06,1.50
2012.04.19 10:14:09.184,1.5465,1.54681,2.25,1.50
2012.04.19 10:14:09.314,1.54647,1.54677,3.00,1.50
2012.04.19 10:14:09.872,1.54647,1.54677,3.00,1.50
2012.04.19 10:14:10.430,1.54645,1.54677,2.25,1.43
2012.04.19 10:14:10.821,1.54643,1.54674,2.25,1.50
2012.04.19 10:14:11.955,1.54643,1.54674,2.25,1.50
2012.04.19 10:14:12.263,1.5464,1.54671,2.25,1.50
2012.04.19 10:14:12.931,1.5464,1.54671,2.25,1.50
2012.04.19 10:14:13.152,1.5464,1.54671,1.50,1.50
2012.04.19 10:14:13.654,1.54637,1.54669,1.50,1.50
2012.04.19 10:14:13.721,1.54635,1.54666,1.50,1.50
2012.04.19 10:14:14.031,1.54635,1.54666,2.25,1.50
2012.04.19 10:14:14.341,1.54641,1.54666,1.13,1.50
2012.04.19 10:14:14.414,1.54644,1.54675,1.50,1.50
2012.04.19 10:14:14.994,1.54643,1.5467,1.80,1.50
2012.04.19 10:14:15.313,1.54643,1.54668,1.80,1.50
2012.04.19 10:14:15.443,1.54643,1.5467,1.80,1.50
2012.04.19 10:14:15.570,1.54643,1.54675,1.80,1.50
2012.04.19 10:14:15.881,1.5464,1.54671,1.88,1.50
2012.04.19 10:14:16.612,1.54637,1.54669,1.44,1.50
2012.04.19 10:14:17.141,1.5464,1.5467,1.88,1.50
2012.04.19 10:14:17.932,1.5464,1.5467,1.88,1.50
2012.04.19 10:14:19.022,1.5464,1.5467,1.88,1.50
2012.04.19 10:14:19.572,1.5464,1.5467,1.50,1.50
2012.04.19 10:14:19.844,1.54642,1.54672,1.50,1.50
2012.04.19 10:14:20.063,1.54639,1.54671,3.00,1.50
2012.04.19 10:14:21.762,1.54642,1.54672,2.93,1.50
2012.04.19 10:14:21.831,1.54642,1.54675,2.93,1.50
2012.04.19 10:14:21.902,1.54642,1.5467,1.43,1.50
2012.04.19 10:14:22.103,1.54642,1.54672,2.93,1.50
2012.04.19 10:14:22.411,1.54642,1.54669,2.18,1.50
2012.04.19 10:14:22.481,1.54642,1.54672,3.68,1.50
2012.04.19 10:14:22.811,1.54644,1.54676,1.50,1.50
2012.04.19 10:14:23.182,1.54644,1.54676,2.25,1.50
2012.04.19 10:14:23.450,1.54647,1.54679,2.25,1.50
2012.04.19 10:14:24.191,1.54645,1.54676,2.25,1.50
2012.04.19 10:14:24.261,1.54645,1.54676,1.50,1.50
2012.04.19 10:14:24.389,1.54642,1.54673,4.43,1.50
2012.04.19 10:14:25.804,1.54642,1.54673,2.11,2.59
2012.04.19 10:14:25.876,1.54642,1.54673,1.43,2.59
2012.04.19 10:14:26.003,1.5464,1.54671,1.50,2.25
2012.04.19 10:14:26.312,1.54632,1.54665,3.00,2.93
2012.04.19 10:14:26.382,1.54638,1.54668,1.80,1.50
2012.04.19 10:14:26.513,1.54638,1.54665,1.43,1.50
2012.04.19 10:14:26.585,1.54638,1.54668,1.43,1.50
2012.04.19 10:14:27.061,1.54632,1.54663,2.25,3.00
2012.04.19 10:14:27.313,1.54635,1.54666,1.88,1.50
2012.04.19 10:14:27.504,1.54641,1.54666,1.24,1.50
2012.04.19 10:14:27.630,1.54653,1.54683,1.50,1.50
2012.04.19 10:14:27.766,1.5465,1.54681,1.50,1.88
2012.04.19 10:14:27.833,1.54649,1.54672,1.50,1.43
2012.04.19 10:14:27.902,1.54649,1.54681,1.50,1.88
2012.04.19 10:14:28.331,1.54657,1.54682,1.50,1.80
2012.04.19 10:14:29.477,1.54654,1.54682,1.50,1.80
2012.04.19 10:14:30.265,1.54653,1.54682,1.50,1.80
2012.04.19 10:14:30.453,1.54657,1.54682,1.50,1.80
2012.04.19 10:14:30.661,1.54653,1.54682,1.50,1.80
2012.04.19 10:14:30.981,1.54657,1.54682,1.50,1.80
2012.04.19 10:14:31.333,1.54653,1.54682,1.50,1.80
2012.04.19 10:14:31.651,1.54651,1.54682,1.50,3.30
2012.04.19 10:14:31.880,1.54653,1.54682,1.50,1.80
2012.04.19 10:14:32.419,1.54653,1.54682,1.50,1.80
2012.04.19 10:14:32.622,1.54651,1.54682,1.50,1.80
2012.04.19 10:14:32.872,1.54654,1.54681,1.50,1.43
2012.04.19 10:14:33.190,1.54657,1.54681,1.50,1.43
2012.04.19 10:14:33.657,1.54659,1.54681,1.50,1.43
2012.04.19 10:14:33.962,1.54662,1.54681,1.50,2.18
2012.04.19 10:14:34.033,1.54662,1.54681,1.50,1.43
2012.04.19 10:14:34.482,1.54659,1.54682,1.50,1.43
2012.04.19 10:14:34.615,1.54661,1.54686,1.50,1.13
2012.04.19 10:14:34.914,1.54663,1.54686,1.50,1.13
2012.04.19 10:14:37.697,1.54663,1.54689,1.50,3.68
2012.04.19 10:14:37.765,1.54655,1.54688,2.25,3.00
2012.04.19 10:14:37.834,1.54663,1.54688,1.43,1.50
2012.04.19 10:14:37.903,1.54661,1.54688,1.50,1.50
2012.04.19 10:14:38.092,1.54659,1.54688,1.50,2.25
2012.04.19 10:14:38.162,1.54657,1.54686,1.58,1.88
2012.04.19 10:14:38.591,1.5466,1.54683,1.50,1.80
2012.04.19 10:14:38.940,1.54657,1.54683,1.50,1.80
2012.04.19 10:14:39.820,1.54658,1.54683,1.50,1.80
2012.04.19 10:14:39.890,1.5466,1.54683,1.50,1.80
2012.04.19 10:14:40.674,1.5465,1.54682,1.06,1.88
2012.04.19 10:14:41.168,1.54654,1.54682,1.77,1.50
2012.04.19 10:14:41.531,1.54659,1.54688,1.43,1.50
2012.04.19 10:14:41.602,1.54659,1.54685,1.43,1.50
2012.04.19 10:14:43.065,1.54659,1.54687,1.43,1.50
2012.04.19 10:14:43.131,1.54659,1.54689,2.93,3.00
2012.04.19 10:14:43.203,1.54669,1.54689,1.09,3.00
2012.04.19 10:14:43.513,1.54676,1.54689,1.43,1.50
2012.04.19 10:14:43.583,1.54668,1.54691,1.77,1.50
2012.04.19 10:14:43.651,1.54668,1.54698,1.77,2.93
2012.04.19 10:14:43.783,1.54676,1.54698,1.50,1.43
2012.04.19 10:14:43.973,1.54676,1.54707,1.50,1.88
2012.04.19 10:14:44.044,1.54679,1.54708,1.50,2.18
2012.04.19 10:14:44.730,1.54679,1.54708,2.93,1.13
2012.04.19 10:14:45.060,1.54681,1.54708,1.50,1.13
2012.04.19 10:14:45.623,1.54681,1.54708,1.50,1.50
2012.04.19 10:14:45.992,1.54679,1.54709,3.00,3.68
2012.04.19 10:14:46.480,1.54679,1.54709,1.50,2.93
2012.04.19 10:14:47.790,1.54679,1.54709,1.50,2.93
2012.04.19 10:14:48.682,1.54682,1.54709,1.50,2.93
2012.04.19 10:14:52.342,1.54682,1.5471,1.50,1.43
2012.04.19 10:14:55.167,1.54682,1.5471,1.50,2.18
2012.04.19 10:14:55.373,1.54679,1.5471,1.50,2.93
2012.04.19 10:14:55.444,1.54677,1.54704,1.43,2.25
2012.04.19 10:14:55.510,1.54674,1.54701,1.88,1.43
2012.04.19 10:14:55.821,1.5467,1.54698,1.80,1.50
2012.04.19 10:14:56.131,1.5467,1.54696,1.80,1.50
2012.04.19 10:14:57.441,1.5467,1.54696,1.80,1.50
2012.04.19 10:14:57.512,1.5467,1.54698,1.80,1.50
2012.04.19 10:14:57.641,1.5467,1.54694,1.80,1.50
2012.04.19 10:14:58.031,1.5467,1.54692,1.80,1.50
2012.04.19 10:14:58.855,1.5467,1.54694,1.80,1.50
2012.04.19 10:14:58.984,1.54671,1.54698,1.13,1.50
2012.04.19 10:14:59.054,1.54674,1.54701,1.84,2.93
2012.04.19 10:14:59.184,1.54683,1.54711,1.50,2.25
2012.04.19 10:14:59.500,1.54681,1.54706,1.43,1.50
2012.04.19 10:14:59.802,1.54683,1.54707,1.50,1.43
2012.04.19 10:15:01.153,1.54681,1.54701,1.50,1.50
2012.04.19 10:15:01.282,1.54675,1.54701,1.09,1.50
2012.04.19 10:15:05.526,1.54676,1.547,1.43,1.50
2012.04.19 10:15:05.771,1.54676,1.54704,1.43,1.50
2012.04.19 10:15:06.300,1.54676,1.54704,2.18,1.50
2012.04.19 10:15:06.372,1.54676,1.54706,3.68,1.80
2012.04.19 10:15:07.066,1.54679,1.54706,1.50,1.43
2012.04.19 10:15:07.577,1.54679,1.54705,1.50,1.43
2012.04.19 10:15:07.880,1.54679,1.54707,2.33,1.50
2012.04.19 10:15:10.862,1.54676,1.54707,1.44,1.50
2012.04.19 10:15:11.051,1.54676,1.54705,1.44,1.50
2012.04.19 10:15:11.414,1.54675,1.54703,1.44,1.50
2012.04.19 10:15:11.483,1.54674,1.54703,1.06,1.50
2012.04.19 10:15:11.614,1.54678,1.54704,1.50,1.43
2012.04.19 10:15:11.923,1.54675,1.54704,1.50,1.43
2012.04.19 10:15:12.471,1.54671,1.54703,2.63,1.50
2012.04.19 10:15:14.261,1.54671,1.54703,2.63,1.50
2012.04.19 10:15:15.492,1.54671,1.54703,1.50,1.50
2012.04.19 10:15:15.714,1.54674,1.54704,1.50,2.93
2012.04.19 10:15:16.022,1.54676,1.54704,1.50,1.43
2012.04.19 10:15:16.330,1.54676,1.54696,1.50,1.43
2012.04.19 10:15:16.963,1.54673,1.54696,1.50,1.43
2012.04.19 10:15:17.037,1.54671,1.54696,1.50,1.43
2012.04.19 10:15:17.103,1.54666,1.54696,1.43,2.93
2012.04.19 10:15:17.292,1.5467,1.54696,1.50,2.93
2012.04.19 10:15:17.424,1.54666,1.54695,1.43,1.50
2012.04.19 10:15:17.893,1.54667,1.54691,1.50,1.43
2012.04.19 10:15:18.294,1.5467,1.54691,1.50,1.43
2012.04.19 10:15:18.812,1.54668,1.54691,1.50,1.43
2012.04.19 10:15:19.661,1.54661,1.54691,2.63,1.43
2012.04.19 10:15:19.864,1.54664,1.54691,1.50,1.43
2012.04.19 10:15:20.369,1.54668,1.54696,1.50,1.43
2012.04.19 10:15:20.436,1.54676,1.54696,1.50,1.43
2012.04.19 10:15:20.741,1.54674,1.54696,1.50,1.43
2012.04.19 10:15:20.812,1.54672,1.54696,2.25,1.43
2012.04.19 10:15:20.881,1.54672,1.54701,2.18,1.88
2012.04.19 10:15:21.420,1.54672,1.54701,2.18,1.88
2012.04.19 10:15:27.291,1.54672,1.54701,2.18,1.88
2012.04.19 10:15:28.048,1.54672,1.54701,2.18,1.88
2012.04.19 10:15:29.977,1.54672,1.547,2.18,1.50
2012.04.19 10:15:30.759,1.54672,1.54699,2.18,1.50
2012.04.19 10:15:31.418,1.54672,1.54702,3.68,1.88
2012.04.19 10:15:32.016,1.54672,1.54702,3.68,1.88
2012.04.19 10:15:33.631,1.54672,1.547,2.18,1.50
2012.04.19 10:15:35.471,1.54672,1.54699,2.18,1.50
2012.04.19 10:15:35.982,1.54672,1.54701,1.43,1.88
2012.04.19 10:15:36.553,1.54672,1.54703,3.68,1.88
2012.04.19 10:15:37.983,1.54672,1.54699,1.43,1.50
2012.04.19 10:15:39.182,1.54672,1.54703,2.18,1.50
2012.04.19 10:15:39.530,1.54674,1.54703,1.43,1.50
2012.04.19 10:15:39.653,1.54672,1.54703,2.18,1.50
2012.04.19 10:15:39.984,1.54672,1.547,1.43,1.50
2012.04.19 10:15:40.525,1.54672,1.54697,1.43,1.50
2012.04.19 10:15:41.655,1.54666,1.54697,1.58,2.93
2012.04.19 10:15:41.791,1.54672,1.54697,1.50,1.43
2012.04.19 10:15:43.543,1.54675,1.54697,1.50,1.43
2012.04.19 10:15:43.853,1.54677,1.54697,1.50,1.43
2012.04.19 10:15:43.983,1.54677,1.54701,1.50,1.43
2012.04.19 10:15:44.113,1.54674,1.54701,1.50,1.43
2012.04.19 10:15:44.183,1.54684,1.54701,1.50,1.43
2012.04.19 10:15:44.553,1.54682,1.54704,1.50,1.80
2012.04.19 10:15:44.624,1.5468,1.54704,1.50,1.80
2012.04.19 10:15:45.160,1.5468,1.54707,1.50,1.80
2012.04.19 10:15:46.283,1.54682,1.54707,1.50,1.80
2012.04.19 10:15:46.894,1.54682,1.54707,1.50,2.18
2012.04.19 10:15:47.792,1.54679,1.54707,1.50,2.18
2012.04.19 10:15:48.703,1.54683,1.54707,1.50,1.80
2012.04.19 10:15:53.532,1.54679,1.54707,1.50,1.80
2012.04.19 10:15:53.601,1.54681,1.54707,1.50,1.80
2012.04.19 10:15:53.850,1.54678,1.54707,1.50,1.80
2012.04.19 10:15:54.813,1.54678,1.54707,1.50,2.18
2012.04.19 10:15:55.202,1.54676,1.54707,1.50,4.05
2012.04.19 10:15:55.732,1.54675,1.54704,2.18,1.88
2012.04.19 10:15:55.922,1.54679,1.54707,1.50,2.55
2012.04.19 10:15:57.192,1.54681,1.54707,1.50,1.80
2012.04.19 10:15:57.783,1.54681,1.54707,1.50,2.18
2012.04.19 10:15:58.153,1.54684,1.54715,1.50,2.93
2012.04.19 10:15:58.282,1.5469,1.54715,1.50,1.43
2012.04.19 10:15:58.826,1.5469,1.54709,1.50,1.43
2012.04.19 10:15:58.892,1.54682,1.54709,1.84,1.43
2012.04.19 10:15:58.960,1.54689,1.54714,1.43,1.50
2012.04.19 10:15:59.264,1.54686,1.54717,3.68,1.50
2012.04.19 10:15:59.572,1.54691,1.5472,2.18,1.88
2012.04.19 10:16:01.015,1.54689,1.54715,1.84,1.43
2012.04.19 10:16:01.265,1.54682,1.5471,2.03,1.43
2012.04.19 10:16:01.454,1.54681,1.54713,1.88,1.50
2012.04.19 10:16:01.863,1.54685,1.54713,1.50,1.50
2012.04.19 10:16:01.935,1.54685,1.5471,1.50,1.43
2012.04.19 10:16:02.121,1.54685,1.54717,1.50,1.50
2012.04.19 10:16:02.312,1.54681,1.54711,1.13,1.50
2012.04.19 10:16:02.667,1.54687,1.54704,1.50,1.43
2012.04.19 10:16:02.733,1.54681,1.54704,2.63,1.43
2012.04.19 10:16:02.805,1.54685,1.54714,1.43,1.50
2012.04.19 10:16:03.056,1.54688,1.54716,1.50,1.50
2012.04.19 10:16:03.244,1.54688,1.54719,1.50,2.25
2012.04.19 10:16:03.373,1.54688,1.54719,1.50,2.25
2012.04.19 10:16:03.504,1.54684,1.54715,2.11,1.50
2012.04.19 10:16:03.633,1.54689,1.54719,1.50,1.50
2012.04.19 10:16:03.703,1.54684,1.54718,3.61,1.50
2012.04.19 10:16:04.251,1.54684,1.54717,2.11,1.50
2012.04.19 10:16:04.512,1.54685,1.54717,2.19,1.50
2012.04.19 10:16:05.054,1.54685,1.54718,2.19,2.25
2012.04.19 10:16:05.185,1.54683,1.54713,1.06,1.50
2012.04.19 10:16:05.553,1.54679,1.54713,2.11,1.50
2012.04.19 10:16:05.682,1.54681,1.54713,2.19,1.50
2012.04.19 10:16:05.754,1.54679,1.54712,2.49,1.50
2012.04.19 10:16:06.653,1.54681,1.54712,2.19,1.50
2012.04.19 10:16:06.721,1.54681,1.54714,2.19,1.50
2012.04.19 10:16:07.468,1.54679,1.5471,3.95,1.50
2012.04.19 10:16:08.753,1.54679,1.5471,1.77,1.50
2012.04.19 10:16:12.554,1.54679,1.5471,2.14,1.50
2012.04.19 10:16:13.180,1.54681,1.54712,1.50,1.50
2012.04.19 10:16:14.201,1.54681,1.54708,1.50,2.18
2012.04.19 10:16:14.332,1.54676,1.54706,1.80,1.88
2012.04.19 10:16:14.402,1.54676,1.54703,1.80,1.50
2012.04.19 10:16:14.532,1.54676,1.54703,1.43,1.50
2012.04.19 10:16:15.033,1.54676,1.547,1.43,1.50
2012.04.19 10:16:18.210,1.54676,1.54703,1.43,1.50
2012.04.19 10:16:20.896,1.54676,1.54703,1.77,1.50
2012.04.19 10:16:21.133,1.54676,1.54706,1.77,1.88
2012.04.19 10:16:23.875,1.54678,1.54706,1.43,1.50
2012.04.19 10:16:24.244,1.54675,1.54706,2.25,1.50
2012.04.19 10:16:24.380,1.54675,1.54708,1.50,2.25
2012.04.19 10:16:24.443,1.54675,1.54706,1.50,1.50
2012.04.19 10:16:24.632,1.54676,1.54708,1.50,2.25
2012.04.19 10:16:25.465,1.54676,1.54707,1.50,1.50
2012.04.19 10:16:25.592,1.54674,1.54705,1.50,1.50
2012.04.19 10:16:27.064,1.54675,1.54705,1.50,1.50
2012.04.19 10:16:27.559,1.54677,1.54707,1.50,1.50
2012.04.19 10:16:32.288,1.54678,1.54711,1.50,1.50
2012.04.19 10:16:32.452,1.54678,1.54709,1.50,1.43
2012.04.19 10:16:32.773,1.54682,1.54709,1.50,1.43
2012.04.19 10:16:33.081,1.54684,1.54709,1.50,1.43
2012.04.19 10:16:33.273,1.54686,1.54719,1.50,2.93
2012.04.19 10:16:33.683,1.54688,1.54719,1.50,1.43
2012.04.19 10:16:34.021,1.54692,1.54719,1.50,1.43
2012.04.19 10:16:34.231,1.54689,1.54719,1.50,2.93
2012.04.19 10:16:35.416,1.54692,1.54723,1.50,1.88
2012.04.19 10:16:36.233,1.54689,1.54721,1.50,1.50
2012.04.19 10:16:36.902,1.54688,1.54721,1.50,1.50
2012.04.19 10:16:39.554,1.54692,1.54721,1.50,1.43
2012.04.19 10:16:39.625,1.54689,1.5472,1.50,1.50
2012.04.19 10:16:40.204,1.54685,1.54718,1.50,1.50
2012.04.19 10:16:40.577,1.54683,1.54714,1.50,1.50
2012.04.19 10:16:41.213,1.54683,1.54713,1.50,1.50
2012.04.19 10:16:41.739,1.54681,1.54711,1.50,1.50
2012.04.19 10:16:42.241,1.54684,1.54714,1.50,1.50
2012.04.19 10:16:42.593,1.54682,1.54712,1.50,1.50
2012.04.19 10:16:42.665,1.54679,1.54712,1.50,1.50
2012.04.19 10:16:42.736,1.54678,1.54708,1.81,1.50
2012.04.19 10:16:43.366,1.5468,1.54708,2.18,1.50
2012.04.19 10:16:43.437,1.5468,1.54708,2.18,1.50
2012.04.19 10:16:43.743,1.54678,1.54708,2.11,1.50
2012.04.19 10:16:43.812,1.5468,1.54708,1.43,1.50
2012.04.19 10:16:43.884,1.54681,1.54713,1.50,1.50
2012.04.19 10:16:43.954,1.54681,1.54714,2.25,1.50
2012.04.19 10:16:44.172,1.54693,1.54718,1.43,1.88
2012.04.19 10:16:44.689,1.54693,1.54724,1.43,1.88
2012.04.19 10:16:44.752,1.54693,1.54724,1.43,1.50
2012.04.19 10:16:44.881,1.54698,1.54725,1.50,1.50
2012.04.19 10:16:44.956,1.54698,1.54728,1.50,1.43
2012.04.19 10:16:45.082,1.54695,1.54727,1.50,1.50
2012.04.19 10:16:47.192,1.54696,1.54727,1.43,1.50
2012.04.19 10:16:47.726,1.54697,1.54727,1.43,1.50
2012.04.19 10:16:47.974,1.54697,1.54721,1.43,1.50
2012.04.19 10:16:48.283,1.54697,1.54715,1.43,1.50
2012.04.19 10:16:48.352,1.54689,1.54712,1.80,1.50
2012.04.19 10:16:48.614,1.5469,1.54714,1.80,1.50
2012.04.19 10:16:50.736,1.5469,1.54716,1.80,1.50
2012.04.19 10:16:52.783,1.54691,1.54718,1.50,1.50
2012.04.19 10:16:52.913,1.54691,1.5472,1.50,1.43
2012.04.19 10:16:53.562,1.54689,1.5472,1.88,2.93
2012.04.19 10:16:53.633,1.54692,1.5472,1.50,1.43
2012.04.19 10:16:53.761,1.54689,1.5472,1.88,2.93
2012.04.19 10:16:54.650,1.54692,1.5472,1.50,1.43
2012.04.19 10:16:56.994,1.54689,1.5472,1.88,2.93
2012.04.19 10:16:57.063,1.54689,1.54717,1.88,1.50
2012.04.19 10:16:57.374,1.54685,1.54713,1.80,2.25
2012.04.19 10:16:57.982,1.54688,1.54718,1.50,2.18
2012.04.19 10:16:58.672,1.54688,1.54718,1.50,2.18
2012.04.19 10:16:59.612,1.54688,1.54708,1.50,1.43
2012.04.19 10:17:00.356,1.54685,1.54708,1.50,1.43
2012.04.19 10:17:02.582,1.54685,1.54709,1.50,1.43
2012.04.19 10:17:03.974,1.54685,1.54715,1.50,1.43
2012.04.19 10:17:04.043,1.54685,1.54715,2.25,1.43
2012.04.19 10:17:04.354,1.54683,1.5471,1.43,1.50
2012.04.19 10:17:04.514,1.54684,1.54713,1.50,1.43
2012.04.19 10:17:05.083,1.54683,1.54709,1.43,1.50
2012.04.19 10:17:05.852,1.54683,1.54711,1.43,1.50
2012.04.19 10:17:05.922,1.54683,1.54713,1.43,1.50
2012.04.19 10:17:08.634,1.54686,1.5471,1.50,1.43
2012.04.19 10:17:08.884,1.54686,1.54715,2.25,1.77
2012.04.19 10:17:08.957,1.54684,1.54712,2.25,1.50
2012.04.19 10:17:09.026,1.54687,1.54715,2.25,2.93
2012.04.19 10:17:09.094,1.5469,1.54718,1.43,1.50
2012.04.19 10:17:09.352,1.5469,1.54721,2.93,3.00
2012.04.19 10:17:09.426,1.54696,1.54724,1.50,3.27
2012.04.19 10:17:09.885,1.54693,1.54724,1.50,2.93
2012.04.19 10:17:10.019,1.5469,1.54719,2.93,1.50
2012.04.19 10:17:10.323,1.5469,1.54715,1.43,1.50
2012.04.19 10:17:11.051,1.54682,1.54715,2.19,1.50
2012.04.19 10:17:11.122,1.54693,1.54717,1.50,1.50
2012.04.19 10:17:11.193,1.54692,1.54721,1.50,1.50
2012.04.19 10:17:11.261,1.5469,1.54721,1.50,1.50
2012.04.19 10:17:12.734,1.5469,1.54721,1.50,2.25
2012.04.19 10:17:12.911,1.5469,1.54721,1.50,1.50
2012.04.19 10:17:13.937,1.54688,1.54718,1.50,1.50
2012.04.19 10:17:14.292,1.54693,1.54721,1.50,2.93
2012.04.19 10:17:14.423,1.5469,1.5472,1.50,2.93
2012.04.19 10:17:14.613,1.5469,1.54714,1.50,1.43
2012.04.19 10:17:15.045,1.54684,1.54714,1.50,1.43
2012.04.19 10:17:15.113,1.54681,1.54713,3.61,1.50
2012.04.19 10:17:15.183,1.54686,1.54714,1.50,1.43
2012.04.19 10:17:15.373,1.54681,1.54712,3.61,1.50
2012.04.19 10:17:15.442,1.54685,1.54714,1.50,1.43
2012.04.19 10:17:16.572,1.54687,1.54714,1.50,1.43
2012.04.19 10:17:17.591,1.54689,1.54714,1.50,1.43
2012.04.19 10:17:19.624,1.54687,1.54714,1.50,1.43
2012.04.19 10:17:19.754,1.54687,1.54711,1.50,1.43
2012.04.19 10:17:20.173,1.5469,1.54711,1.50,1.43
2012.04.19 10:17:20.523,1.54688,1.54711,1.50,1.43
2012.04.19 10:17:21.198,1.54687,1.54711,1.50,1.43
2012.04.19 10:17:21.262,1.54687,1.54715,1.50,1.43
2012.04.19 10:17:21.331,1.5469,1.54715,1.50,1.43
2012.04.19 10:17:21.847,1.5469,1.54713,1.50,1.43
2012.04.19 10:17:24.073,1.54687,1.54714,1.43,1.50
2012.04.19 10:17:24.244,1.54687,1.54717,1.43,1.50
2012.04.19 10:17:24.502,1.54691,1.54719,1.50,1.43
2012.04.19 10:17:25.165,1.54689,1.54714,1.73,1.43
2012.04.19 10:17:25.235,1.54694,1.5472,1.43,1.50
2012.04.19 10:17:25.362,1.54694,1.54714,1.43,1.50
2012.04.19 10:17:25.496,1.54694,1.54716,1.43,1.50
2012.04.19 10:17:25.565,1.54694,1.54719,1.43,1.50
2012.04.19 10:17:26.113,1.54693,1.54719,1.43,1.50
2012.04.19 10:17:26.183,1.54693,1.54716,1.43,1.50
2012.04.19 10:17:26.254,1.54686,1.54717,2.41,1.50
2012.04.19 10:17:26.384,1.54686,1.54719,3.16,1.50
2012.04.19 10:17:26.703,1.5469,1.54715,1.43,1.50
2012.04.19 10:17:26.953,1.5469,1.54718,1.43,1.50
2012.04.19 10:17:27.785,1.54689,1.54713,1.50,1.43
2012.04.19 10:17:28.368,1.54689,1.54722,2.93,1.50
2012.04.19 10:17:28.438,1.54689,1.54715,1.43,1.50
2012.04.19 10:17:29.460,1.54684,1.54715,2.19,1.50
2012.04.19 10:17:30.254,1.54682,1.54711,2.19,1.50
2012.04.19 10:17:30.323,1.5468,1.54711,4.74,1.50
2012.04.19 10:17:30.953,1.5468,1.54711,3.99,1.50
2012.04.19 10:17:31.083,1.54682,1.54715,1.73,1.50
2012.04.19 10:17:31.495,1.54684,1.54715,1.50,1.50
2012.04.19 10:17:31.566,1.54688,1.54721,1.50,1.50
2012.04.19 10:17:32.104,1.54688,1.5472,1.50,1.50
2012.04.19 10:17:32.171,1.54685,1.54718,1.50,1.50
2012.04.19 10:17:32.242,1.54683,1.54714,1.50,1.50
2012.04.19 10:17:32.603,1.54688,1.54713,1.50,1.43
2012.04.19 10:17:32.946,1.54688,1.54717,1.50,1.43
2012.04.19 10:17:33.288,1.54688,1.54713,1.50,1.43
2012.04.19 10:17:33.613,1.54694,1.54719,1.43,1.50
2012.04.19 10:17:34.194,1.54694,1.54717,1.43,1.50
2012.04.19 10:17:35.721,1.54695,1.54717,1.43,1.50
2012.04.19 10:17:36.051,1.54684,1.54717,2.19,1.50
2012.04.19 10:17:36.803,1.54684,1.54717,2.19,1.50
2012.04.19 10:17:36.931,1.54684,1.54717,2.94,1.50
2012.04.19 10:17:38.103,1.54684,1.54716,2.25,1.50
2012.04.19 10:17:38.171,1.54682,1.54713,3.68,1.50
2012.04.19 10:17:38.303,1.54682,1.54711,2.18,1.50
2012.04.19 10:17:39.374,1.54682,1.54711,2.18,1.50
2012.04.19 10:17:39.983,1.54685,1.54716,2.25,1.50
2012.04.19 10:17:40.111,1.54685,1.54716,1.50,1.50
2012.04.19 10:17:40.405,1.54688,1.54719,1.50,3.00
2012.04.19 10:17:41.092,1.54686,1.54716,1.50,1.50
2012.04.19 10:17:41.344,1.54688,1.54719,1.50,1.50
2012.04.19 10:17:41.519,1.54688,1.54714,1.50,1.43
2012.04.19 10:17:47.812,1.54688,1.54718,1.50,1.43
2012.04.19 10:17:47.887,1.54686,1.54714,1.50,1.43
2012.04.19 10:17:49.524,1.54686,1.54717,2.25,1.50
2012.04.19 10:17:49.594,1.54681,1.5471,1.44,1.50
2012.04.19 10:17:49.756,1.54681,1.54713,2.94,1.50
2012.04.19 10:17:50.381,1.54687,1.54714,1.43,1.50
2012.04.19 10:17:50.691,1.54687,1.54711,1.43,1.50
2012.04.19 10:17:50.943,1.54681,1.54711,2.18,2.93
2012.04.19 10:17:51.072,1.54685,1.54711,1.50,1.43
2012.04.19 10:17:51.662,1.54683,1.54711,1.50,1.43
2012.04.19 10:17:54.181,1.54683,1.54711,1.50,2.93
2012.04.19 10:17:54.313,1.54678,1.54707,1.88,1.43
2012.04.19 10:17:55.285,1.54675,1.54706,1.80,1.50
2012.04.19 10:17:56.913,1.54672,1.54701,1.44,1.50
2012.04.19 10:17:57.284,1.54674,1.54703,1.88,1.50
2012.04.19 10:17:57.353,1.54674,1.54693,1.50,1.43
2012.04.19 10:17:57.426,1.54672,1.54693,1.50,1.43
2012.04.19 10:17:57.553,1.54672,1.547,1.50,1.43
2012.04.19 10:17:57.624,1.54668,1.54699,2.93,1.50
2012.04.19 10:17:57.692,1.54675,1.54699,1.43,1.50
2012.04.19 10:17:57.963,1.54675,1.54701,1.43,1.50
2012.04.19 10:17:58.243,1.54675,1.54698,1.43,1.50
2012.04.19 10:17:59.041,1.54675,1.54696,1.43,1.50
2012.04.19 10:17:59.746,1.54675,1.54698,1.43,1.50
2012.04.19 10:18:04.787,1.54671,1.54695,1.50,1.43
2012.04.19 10:18:04.851,1.54671,1.54695,1.50,2.18
2012.04.19 10:18:04.923,1.54666,1.54695,1.50,2.18
2012.04.19 10:18:05.054,1.54669,1.54695,1.50,2.18
2012.04.19 10:18:05.513,1.54671,1.54694,1.50,2.18
2012.04.19 10:18:06.142,1.54671,1.54699,1.50,2.18
2012.04.19 10:18:06.631,1.54675,1.54699,1.50,2.18
2012.04.19 10:18:06.772,1.54675,1.54699,1.50,1.43
2012.04.19 10:18:06.842,1.54675,1.54706,1.50,1.50
2012.04.19 10:18:07.032,1.54679,1.54706,1.43,1.50
2012.04.19 10:18:07.542,1.54679,1.54707,1.43,1.50
2012.04.19 10:18:08.094,1.54679,1.54708,1.43,1.50
2012.04.19 10:18:09.310,1.54675,1.54708,3.68,1.50
2012.04.19 10:18:09.742,1.54675,1.54708,2.93,1.50
2012.04.19 10:18:10.036,1.54675,1.54705,1.43,1.50
2012.04.19 10:18:10.261,1.54676,1.54709,1.50,3.27
2012.04.19 10:18:10.320,1.54675,1.54706,2.93,1.50
2012.04.19 10:18:14.755,1.54675,1.54706,1.43,1.84
2012.04.19 10:18:14.824,1.54671,1.54699,1.50,1.43
2012.04.19 10:18:15.076,1.54666,1.54697,2.93,1.50
2012.04.19 10:18:15.264,1.54666,1.54694,2.70,1.43
2012.04.19 10:18:15.333,1.54669,1.54697,1.65,1.50
2012.04.19 10:18:15.403,1.54676,1.54701,1.43,1.50
2012.04.19 10:18:15.951,1.54676,1.54702,2.18,1.50
2012.04.19 10:18:16.293,1.5468,1.54704,1.43,1.50
2012.04.19 10:18:16.633,1.5468,1.54701,1.43,1.50
2012.04.19 10:18:16.705,1.5468,1.54703,1.43,1.50
2012.04.19 10:18:17.303,1.5468,1.54705,1.43,3.00
2012.04.19 10:18:18.263,1.5468,1.54705,2.18,1.50
2012.04.19 10:18:18.334,1.54685,1.54707,2.18,1.50
2012.04.19 10:18:18.583,1.54681,1.54711,1.43,1.50
2012.04.19 10:18:18.882,1.54681,1.54707,1.43,1.50
2012.04.19 10:18:20.112,1.5468,1.54705,1.50,1.43
2012.04.19 10:18:20.362,1.54677,1.54705,2.25,1.43
2012.04.19 10:18:20.903,1.54678,1.54705,1.50,1.43
2012.04.19 10:18:21.191,1.54681,1.54705,1.50,1.43
2012.04.19 10:18:21.391,1.54678,1.54705,1.50,1.43
2012.04.19 10:18:22.008,1.54677,1.54705,2.25,1.43
2012.04.19 10:18:23.421,1.54677,1.5471,2.25,1.84
2012.04.19 10:18:24.005,1.54677,1.54703,1.50,1.84
2012.04.19 10:18:24.313,1.54672,1.54699,1.50,1.77
2012.04.19 10:18:24.384,1.54669,1.54699,1.43,1.77
2012.04.19 10:18:24.453,1.54669,1.54699,2.18,1.77
2012.04.19 10:18:24.773,1.54674,1.54699,2.25,1.43
2012.04.19 10:18:24.841,1.54675,1.54705,2.18,1.50
2012.04.19 10:18:24.912,1.54675,1.54701,2.18,1.50
2012.04.19 10:18:25.232,1.54675,1.54699,2.18,1.50
2012.04.19 10:18:25.605,1.54675,1.54701,2.18,3.00
2012.04.19 10:18:26.574,1.54675,1.547,2.18,1.50
2012.04.19 10:18:26.997,1.54675,1.547,1.43,3.34
2012.04.19 10:18:27.305,1.5467,1.54692,2.18,1.50
2012.04.19 10:18:27.555,1.5467,1.54695,2.18,1.50
2012.04.19 10:18:27.742,1.54669,1.54695,1.43,1.50
2012.04.19 10:18:27.811,1.54664,1.54695,1.88,1.50
2012.04.19 10:18:27.883,1.54664,1.54692,1.88,1.50
2012.04.19 10:18:28.011,1.54661,1.54692,1.13,1.50
2012.04.19 10:18:29.293,1.54662,1.54688,1.80,1.50
2012.04.19 10:18:29.841,1.54662,1.54688,1.80,1.50
2012.04.19 10:18:31.293,1.54662,1.54687,1.80,1.50
2012.04.19 10:18:31.824,1.54662,1.54686,1.13,1.50
2012.04.19 10:18:32.132,1.54662,1.54686,1.13,1.50
2012.04.19 10:18:32.202,1.54662,1.54686,1.13,1.50
2012.04.19 10:18:32.728,1.54662,1.54685,1.13,1.43
2012.04.19 10:18:34.665,1.54662,1.54682,1.13,1.84
2012.04.19 10:18:34.922,1.54651,1.54671,1.50,1.43
2012.04.19 10:18:35.234,1.54651,1.54671,2.59,1.43
2012.04.19 10:18:35.422,1.54662,1.54685,2.25,2.18
2012.04.19 10:18:36.904,1.54659,1.54679,1.50,1.80
2012.04.19 10:18:36.974,1.54656,1.54679,1.50,1.80
2012.04.19 10:18:37.560,1.54656,1.54679,2.25,1.43
2012.04.19 10:18:37.901,1.54659,1.54679,1.50,1.43
2012.04.19 10:18:39.019,1.54655,1.54684,1.43,1.88
2012.04.19 10:18:39.575,1.54657,1.54684,1.43,2.25
2012.04.19 10:18:40.206,1.54655,1.54684,2.18,2.25
2012.04.19 10:18:40.774,1.54655,1.54677,2.18,1.50
2012.04.19 10:18:41.022,1.54648,1.54677,2.56,1.50
2012.04.19 10:18:41.093,1.54648,1.54677,2.56,1.50
2012.04.19 10:18:41.827,1.54648,1.54677,2.34,1.50
2012.04.19 10:18:42.481,1.54648,1.54677,1.88,1.50
2012.04.19 10:18:43.022,1.54648,1.54677,1.43,1.50
2012.04.19 10:18:43.153,1.54648,1.54675,1.43,1.50
2012.04.19 10:18:43.343,1.54642,1.54673,1.50,1.43
2012.04.19 10:18:43.532,1.54642,1.54675,1.50,2.93
2012.04.19 10:18:43.663,1.5464,1.54671,4.36,1.50
2012.04.19 10:18:43.971,1.54647,1.54675,1.50,1.43
2012.04.19 10:18:45.125,1.54645,1.54675,1.50,1.43
2012.04.19 10:18:46.944,1.54647,1.54675,1.50,1.43
2012.04.19 10:18:49.387,1.54645,1.54674,2.25,1.50
2012.04.19 10:18:49.572,1.54642,1.54674,3.68,1.50
2012.04.19 10:18:50.084,1.54645,1.54675,1.50,2.93
2012.04.19 10:18:50.153,1.54642,1.54674,1.43,1.50
2012.04.19 10:18:50.343,1.54641,1.5467,1.50,1.43
2012.04.19 10:18:51.803,1.5464,1.5467,1.50,2.93
2012.04.19 10:18:52.376,1.54639,1.5467,2.19,2.93
2012.04.19 10:18:53.798,1.54642,1.54673,2.25,1.50
2012.04.19 10:18:56.811,1.54639,1.5467,2.19,1.50
2012.04.19 10:18:57.142,1.5465,1.54677,1.43,1.50
2012.04.19 10:18:57.272,1.54647,1.54677,1.50,1.50
2012.04.19 10:18:57.653,1.54643,1.54676,1.50,1.50
2012.04.19 10:18:58.164,1.54643,1.54675,1.50,1.43
2012.04.19 10:18:58.294,1.54641,1.54672,2.25,1.50
2012.04.19 10:18:59.126,1.54643,1.54672,1.50,1.50
2012.04.19 10:18:59.191,1.54645,1.54675,1.50,1.43
2012.04.19 10:19:00.152,1.54647,1.54678,1.50,1.77
2012.04.19 10:19:00.282,1.54647,1.54679,2.93,1.50
2012.04.19 10:19:00.414,1.54649,1.5468,1.50,1.43
2012.04.19 10:19:00.723,1.54655,1.54688,1.50,2.25
2012.04.19 10:19:00.913,1.54655,1.54688,1.50,3.00
2012.04.19 10:19:00.983,1.54654,1.54685,1.50,1.50
2012.04.19 10:19:01.609,1.54654,1.54685,3.75,1.50
2012.04.19 10:19:01.861,1.54656,1.54688,2.25,1.50
2012.04.19 10:19:02.355,1.54658,1.54688,1.50,1.50
2012.04.19 10:19:02.939,1.54657,1.54688,1.50,1.50
2012.04.19 10:19:03.576,1.54658,1.54688,1.50,1.50
2012.04.19 10:19:03.644,1.5466,1.54691,1.50,1.50
2012.04.19 10:19:04.171,1.54656,1.54689,2.25,1.50
2012.04.19 10:19:05.650,1.54656,1.54689,2.25,1.50
2012.04.19 10:19:09.762,1.5466,1.54691,1.50,3.00
2012.04.19 10:19:09.951,1.54662,1.54694,1.50,2.18
2012.04.19 10:19:11.284,1.54666,1.54695,2.18,2.25
2012.04.19 10:19:11.413,1.54666,1.54698,2.18,1.50
2012.04.19 10:19:12.624,1.54666,1.54696,2.18,1.50
2012.04.19 10:19:12.990,1.54662,1.54695,2.25,1.50
2012.04.19 10:19:13.173,1.54662,1.54692,2.25,1.50
2012.04.19 10:19:13.491,1.5466,1.5469,3.68,1.50
2012.04.19 10:19:13.611,1.54661,1.54694,2.25,1.50
2012.04.19 10:19:15.005,1.54661,1.54694,1.50,2.93
2012.04.19 10:19:19.891,1.5466,1.54691,1.50,1.50
2012.04.19 10:19:20.464,1.54659,1.54691,2.25,1.50
2012.04.19 10:19:20.787,1.54657,1.54688,2.25,1.50
2012.04.19 10:19:21.520,1.54661,1.54691,2.25,1.50
2012.04.19 10:19:21.581,1.54666,1.54691,1.43,1.50
2012.04.19 10:19:21.772,1.54666,1.54695,2.18,1.50
2012.04.19 10:19:22.741,1.54666,1.54689,2.18,1.50
2012.04.19 10:19:23.222,1.54666,1.54693,2.18,1.50
2012.04.19 10:19:25.787,1.54666,1.54693,2.18,1.50
2012.04.19 10:19:26.272,1.54666,1.54693,2.18,1.50
2012.04.19 10:19:29.624,1.54666,1.5469,2.18,1.50
2012.04.19 10:19:30.013,1.54666,1.5469,2.18,1.50
2012.04.19 10:19:31.273,1.54666,1.5469,2.18,1.50
2012.04.19 10:19:31.482,1.54666,1.54693,2.18,1.50
2012.04.19 10:19:32.813,1.54666,1.54693,1.43,1.50
2012.04.19 10:19:33.357,1.54666,1.54693,2.18,1.50
2012.04.19 10:19:37.764,1.54666,1.54693,1.43,1.50
2012.04.19 10:19:38.361,1.54666,1.54694,1.43,1.50
2012.04.19 10:19:38.425,1.54666,1.54694,2.86,1.50
2012.04.19 10:19:38.672,1.54668,1.54698,1.50,1.50
2012.04.19 10:19:38.746,1.54666,1.54694,2.18,1.50
2012.04.19 10:19:38.873,1.54666,1.54696,2.18,1.50
2012.04.19 10:19:38.944,1.54666,1.54698,2.18,1.50
2012.04.19 10:19:39.073,1.54668,1.54694,1.43,1.50
2012.04.19 10:19:39.323,1.54665,1.54696,1.50,1.43
2012.04.19 10:19:40.449,1.54664,1.54694,1.88,1.50
2012.04.19 10:19:41.313,1.54664,1.54694,1.88,1.50
2012.04.19 10:19:41.995,1.54669,1.54696,1.50,2.93
2012.04.19 10:19:42.067,1.5467,1.547,1.43,1.50
2012.04.19 10:19:42.191,1.5467,1.54697,1.43,1.50
2012.04.19 10:19:43.441,1.5467,1.54697,2.18,1.50
2012.04.19 10:19:43.782,1.5467,1.54697,1.43,1.50
2012.04.19 10:19:47.234,1.54665,1.54694,1.44,1.50
2012.04.19 10:19:47.424,1.54664,1.54694,2.34,1.50
2012.04.19 10:19:47.796,1.54662,1.54691,2.10,1.43
2012.04.19 10:19:47.866,1.54662,1.54691,1.88,1.43
2012.04.19 10:19:47.933,1.54665,1.54691,1.50,1.43
2012.04.19 10:19:48.534,1.54665,1.54695,2.93,1.43
2012.04.19 10:19:48.903,1.54665,1.54693,1.43,1.50
2012.04.19 10:19:49.304,1.54671,1.54695,1.50,2.93
2012.04.19 10:19:49.733,1.54671,1.54704,2.93,2.32
2012.04.19 10:19:49.804,1.54671,1.54696,1.43,1.50
2012.04.19 10:19:50.093,1.54671,1.54698,2.18,1.50
2012.04.19 10:19:50.164,1.54671,1.547,2.18,1.50
2012.04.19 10:19:53.622,1.54671,1.54703,3.68,3.00
2012.04.19 10:19:53.812,1.54675,1.54705,1.50,2.93
2012.04.19 10:19:54.138,1.54675,1.54696,1.50,1.43
2012.04.19 10:19:55.274,1.54673,1.54696,1.50,1.43
2012.04.19 10:19:55.826,1.54669,1.54696,3.00,1.43
2012.04.19 10:19:55.897,1.54669,1.54691,1.50,1.43
2012.04.19 10:19:58.782,1.54669,1.54695,1.50,1.43
2012.04.19 10:19:58.867,1.54667,1.54695,1.50,1.43
2012.04.19 10:19:59.465,1.54666,1.54695,1.50,1.43
2012.04.19 10:19:59.991,1.54665,1.54695,2.93,1.43
2012.04.19 10:20:00.631,1.54665,1.54694,1.43,1.50
2012.04.19 10:20:01.172,1.54666,1.54695,1.50,1.43
2012.04.19 10:20:01.302,1.54668,1.54695,1.50,1.43
2012.04.19 10:20:01.585,1.54666,1.54695,1.50,1.43
2012.04.19 10:20:01.935,1.5467,1.54695,1.50,1.43
2012.04.19 10:20:02.243,1.54673,1.54695,1.50,1.43
2012.04.19 10:20:02.650,1.54673,1.54703,1.50,1.50
2012.04.19 10:20:02.716,1.5467,1.54697,1.43,1.50
2012.04.19 10:20:03.287,1.5467,1.54697,2.18,1.50
2012.04.19 10:20:03.833,1.5467,1.54697,1.43,1.50
2012.04.19 10:20:08.206,1.5467,1.54698,1.43,1.50
2012.04.19 10:20:08.271,1.5467,1.547,1.43,1.50
2012.04.19 10:20:10.845,1.5467,1.54697,1.43,1.50
2012.04.19 10:20:13.934,1.5467,1.54697,2.18,1.50
2012.04.19 10:20:14.251,1.5467,1.54695,2.18,1.50
2012.04.19 10:20:14.412,1.5467,1.54697,2.18,1.50
2012.04.19 10:20:14.483,1.5467,1.547,2.18,1.50
2012.04.19 10:20:15.221,1.5467,1.54698,2.18,1.50
2012.04.19 10:20:15.951,1.5467,1.54698,1.43,1.50
2012.04.19 10:20:17.398,1.54666,1.54694,1.44,1.43
2012.04.19 10:20:17.705,1.54674,1.54696,2.25,1.50
2012.04.19 10:20:17.773,1.54674,1.547,2.25,1.43
2012.04.19 10:20:17.845,1.54674,1.54706,3.68,1.80
2012.04.19 10:20:17.914,1.54681,1.54707,1.43,1.88
2012.04.19 10:20:18.473,1.54681,1.54705,1.43,1.50
2012.04.19 10:20:20.211,1.54679,1.54705,1.43,1.50
2012.04.19 10:20:20.287,1.54679,1.54709,1.43,1.88
2012.04.19 10:20:20.354,1.54676,1.54707,2.18,1.88
2012.04.19 10:20:20.483,1.54676,1.54703,1.43,1.50
2012.04.19 10:20:20.802,1.54676,1.54701,2.18,1.50
2012.04.19 10:20:20.873,1.54676,1.54704,2.18,1.50
2012.04.19 10:20:21.172,1.54676,1.54706,1.43,1.88
2012.04.19 10:20:21.665,1.54676,1.54704,1.43,1.50
2012.04.19 10:20:22.003,1.54676,1.54706,1.43,1.50
2012.04.19 10:20:23.437,1.54676,1.54706,2.18,1.50
2012.04.19 10:20:23.852,1.54675,1.547,2.25,1.43
2012.04.19 10:20:23.925,1.54675,1.547,1.50,1.43
2012.04.19 10:20:24.054,1.54684,1.54706,1.43,1.50
2012.04.19 10:20:28.284,1.54685,1.54706,1.43,1.50
2012.04.19 10:20:28.803,1.54685,1.54709,1.43,1.88
2012.04.19 10:20:29.144,1.54677,1.54709,2.25,1.88
2012.04.19 10:20:29.274,1.54684,1.54709,1.43,1.88
2012.04.19 10:20:30.605,1.54678,1.54708,2.25,1.88
2012.04.19 10:20:30.834,1.54678,1.54708,1.50,1.88
2012.04.19 10:20:31.284,1.54678,1.54708,2.25,1.88
2012.04.19 10:20:31.432,1.54678,1.54708,1.50,1.88
2012.04.19 10:20:31.954,1.54677,1.54709,1.65,1.88
2012.04.19 10:20:32.234,1.54675,1.54705,4.36,1.50
2012.04.19 10:20:32.876,1.54675,1.54705,4.36,1.50
2012.04.19 10:20:33.654,1.54677,1.54708,1.65,1.88
2012.04.19 10:20:34.319,1.54675,1.54706,2.18,1.50
2012.04.19 10:20:37.272,1.54675,1.54706,2.18,1.88
2012.04.19 10:20:37.405,1.54675,1.54702,2.18,1.50
2012.04.19 10:20:37.595,1.54671,1.54698,1.50,1.43
2012.04.19 10:20:37.666,1.54667,1.54698,1.50,1.43
2012.04.19 10:20:37.734,1.54667,1.54698,2.25,1.43
2012.04.19 10:20:37.864,1.54669,1.547,2.18,1.50
2012.04.19 10:20:38.244,1.54671,1.54697,1.43,1.50
2012.04.19 10:20:38.494,1.54664,1.54697,1.50,1.50
2012.04.19 10:20:38.622,1.54662,1.5469,2.34,1.50
2012.04.19 10:20:39.040,1.54662,1.54688,2.34,1.50
2012.04.19 10:20:39.427,1.54663,1.54688,1.20,1.50
2012.04.19 10:20:39.554,1.54662,1.54688,2.63,1.50
2012.04.19 10:20:39.687,1.54663,1.54688,1.20,1.50
2012.04.19 10:20:39.757,1.54663,1.54691,1.20,1.50
2012.04.19 10:20:39.945,1.54667,1.54698,1.50,2.25
2012.04.19 10:20:40.074,1.54667,1.54696,1.50,1.43
2012.04.19 10:20:40.384,1.54663,1.54693,1.50,1.43
2012.04.19 10:20:41.123,1.54665,1.54693,1.50,1.43
2012.04.19 10:20:41.663,1.54667,1.54693,1.50,1.43
2012.04.19 10:20:41.992,1.54672,1.54701,1.43,1.50
2012.04.19 10:20:43.005,1.5467,1.54697,2.25,1.43
2012.04.19 10:20:43.384,1.54678,1.54697,1.50,1.43
2012.04.19 10:20:43.724,1.54675,1.54697,1.50,1.43
2012.04.19 10:20:43.793,1.54669,1.54697,2.19,1.43
2012.04.19 10:20:43.863,1.54669,1.54699,2.19,1.43
2012.04.19 10:20:44.329,1.54666,1.54698,4.36,1.50
2012.04.19 10:20:44.575,1.54669,1.54698,1.50,1.50
2012.04.19 10:20:44.933,1.54669,1.54695,1.50,1.43
2012.04.19 10:20:45.754,1.54664,1.54695,1.50,2.25
2012.04.19 10:20:45.944,1.54666,1.54693,1.50,2.18
2012.04.19 10:20:46.950,1.54663,1.54693,1.50,3.68
2012.04.19 10:20:47.012,1.54658,1.54691,1.88,2.25
2012.04.19 10:20:47.083,1.54656,1.54687,2.94,1.50
2012.04.19 10:20:47.631,1.5466,1.54688,1.80,1.50
2012.04.19 10:20:47.965,1.54654,1.54684,2.25,1.50
2012.04.19 10:20:48.982,1.54654,1.54684,2.25,1.50
2012.04.19 10:20:49.803,1.54656,1.54687,2.25,1.50
2012.04.19 10:20:50.328,1.54656,1.54687,3.00,1.50
2012.04.19 10:20:50.395,1.54659,1.5469,1.88,1.50
2012.04.19 10:20:50.617,1.54656,1.54688,2.25,1.50
2012.04.19 10:20:51.752,1.5466,1.54691,1.80,1.50
2012.04.19 10:20:52.299,1.5466,1.54691,1.80,1.50
2012.04.19 10:20:53.434,1.54661,1.54691,1.13,1.50
2012.04.19 10:20:53.854,1.54662,1.54694,1.06,2.93
2012.04.19 10:20:54.042,1.54661,1.5469,1.81,1.50
2012.04.19 10:20:54.824,1.5466,1.54686,1.80,1.50
2012.04.19 10:20:55.254,1.54657,1.5469,1.88,1.50
2012.04.19 10:20:55.324,1.54662,1.54683,1.50,1.43
2012.04.19 10:20:55.458,1.54665,1.5469,1.50,1.43
2012.04.19 10:20:55.527,1.54665,1.54694,1.50,2.18
2012.04.19 10:20:55.592,1.54661,1.54694,3.30,3.68
2012.04.19 10:20:55.967,1.54669,1.54696,1.43,1.50
2012.04.19 10:20:56.530,1.54669,1.54698,1.43,1.50
2012.04.19 10:20:56.598,1.54662,1.54691,3.24,1.50
2012.04.19 10:20:56.904,1.54662,1.54688,3.24,1.50
2012.04.19 10:20:57.445,1.54662,1.54688,2.11,1.50
2012.04.19 10:20:57.632,1.54661,1.54688,2.18,1.50
2012.04.19 10:20:57.716,1.54661,1.54688,2.18,1.50
2012.04.19 10:20:57.892,1.54661,1.54688,2.18,1.50
2012.04.19 10:20:58.132,1.54669,1.54688,1.43,1.50
2012.04.19 10:20:58.443,1.54669,1.54696,1.43,1.50
2012.04.19 10:20:59.237,1.54663,1.54696,1.50,1.50
2012.04.19 10:20:59.362,1.54661,1.54693,1.88,1.50
2012.04.19 10:20:59.672,1.54663,1.5469,1.50,1.43
2012.04.19 10:20:59.741,1.54661,1.5469,1.88,1.43
2012.04.19 10:21:00.566,1.54659,1.5469,1.88,2.93
2012.04.19 10:21:00.814,1.54658,1.54685,1.88,1.43
2012.04.19 10:21:02.363,1.54656,1.54685,1.88,1.43
2012.04.19 10:21:02.727,1.54667,1.54685,1.09,1.43
2012.04.19 10:21:02.796,1.54669,1.5469,1.77,1.50
2012.04.19 10:21:02.983,1.54669,1.5469,1.43,1.50
2012.04.19 10:21:03.233,1.54669,1.54698,1.43,1.99
2012.04.19 10:21:03.308,1.54669,1.54698,1.43,2.74
2012.04.19 10:21:03.375,1.54664,1.54694,1.50,2.18
2012.04.19 10:21:03.445,1.54662,1.54692,2.19,1.50
2012.04.19 10:21:03.632,1.54664,1.54694,1.50,2.93
2012.04.19 10:21:03.884,1.54667,1.54694,1.50,2.18
2012.04.19 10:21:04.165,1.54665,1.54694,1.50,1.43
2012.04.19 10:21:04.284,1.54663,1.54694,1.50,1.43
2012.04.19 10:21:04.613,1.54661,1.54691,1.50,1.50
2012.04.19 10:21:05.658,1.54658,1.54689,1.50,1.50
2012.04.19 10:21:05.730,1.54655,1.54681,1.43,1.50
2012.04.19 10:21:06.153,1.54655,1.54679,1.43,1.50
2012.04.19 10:21:06.282,1.54649,1.54679,1.50,1.50
2012.04.19 10:21:06.413,1.54651,1.54682,1.50,1.50
2012.04.19 10:21:06.724,1.54653,1.54683,1.50,1.80
2012.04.19 10:21:07.033,1.54655,1.54685,1.43,3.30
2012.04.19 10:21:07.103,1.54653,1.54684,1.50,1.80
2012.04.19 10:21:07.608,1.54655,1.54683,1.43,1.50
2012.04.19 10:21:08.596,1.54669,1.54691,1.43,1.50
2012.04.19 10:21:08.721,1.54669,1.54696,1.43,2.25
2012.04.19 10:21:08.853,1.54663,1.54694,1.50,2.18
2012.04.19 10:21:08.923,1.54659,1.54689,1.80,1.50
2012.04.19 10:21:09.313,1.54659,1.54689,1.43,1.50
2012.04.19 10:21:09.754,1.54659,1.54686,1.43,1.50
2012.04.19 10:21:10.963,1.54659,1.54688,1.43,1.50
2012.04.19 10:21:11.583,1.54661,1.54688,1.43,1.50
2012.04.19 10:21:12.285,1.54657,1.54688,2.19,1.50
2012.04.19 10:21:12.595,1.54655,1.54684,1.43,1.50
2012.04.19 10:21:12.904,1.54648,1.54679,2.33,2.93
2012.04.19 10:21:13.212,1.54656,1.54679,1.50,1.43
2012.04.19 10:21:13.343,1.54654,1.5468,1.50,1.50
2012.04.19 10:21:13.412,1.54649,1.5468,1.50,1.50
2012.04.19 10:21:14.792,1.54646,1.54677,3.00,1.50
2012.04.19 10:21:15.352,1.54646,1.54677,2.25,1.50
2012.04.19 10:21:15.832,1.54654,1.54678,1.50,1.43
2012.04.19 10:21:16.318,1.54654,1.54678,1.50,1.80
2012.04.19 10:21:16.621,1.54656,1.54685,1.43,2.25
2012.04.19 10:21:16.692,1.54656,1.54685,1.43,1.50
2012.04.19 10:21:16.885,1.54651,1.54679,2.25,1.50
2012.04.19 10:21:17.931,1.54647,1.54679,1.44,1.50
2012.04.19 10:21:18.578,1.54646,1.54679,3.61,1.50
2012.04.19 10:21:19.006,1.5465,1.5468,1.50,3.75
2012.04.19 10:21:19.134,1.54647,1.54672,1.50,1.43
2012.04.19 10:21:19.264,1.54645,1.54672,1.50,1.43
2012.04.19 10:21:19.334,1.54643,1.54672,1.50,1.43
2012.04.19 10:21:19.464,1.54648,1.54672,1.50,1.43
2012.04.19 10:21:19.593,1.5464,1.54673,1.50,2.25
2012.04.19 10:21:20.178,1.54642,1.54673,1.50,1.50
2012.04.19 10:21:20.493,1.54646,1.54674,1.50,1.43
2012.04.19 10:21:20.563,1.54643,1.54674,1.50,2.93
2012.04.19 10:21:21.398,1.54649,1.54669,1.43,1.50
2012.04.19 10:21:21.468,1.54649,1.54673,1.43,1.50
2012.04.19 10:21:21.531,1.54641,1.54673,2.86,1.50
2012.04.19 10:21:21.664,1.54644,1.54676,1.50,1.88
2012.04.19 10:21:21.969,1.54643,1.54673,1.50,1.50
2012.04.19 10:21:22.272,1.54641,1.54671,2.11,1.50
2012.04.19 10:21:22.970,1.54641,1.54671,2.11,1.50
2012.04.19 10:21:23.291,1.54643,1.54671,1.50,1.50
2012.04.19 10:21:23.843,1.54644,1.54672,1.50,1.43
2012.04.19 10:21:23.918,1.5464,1.54671,1.50,1.50
2012.04.19 10:21:24.728,1.54642,1.54672,1.50,1.43
2012.04.19 10:21:25.281,1.54645,1.54672,1.50,1.43
2012.04.19 10:21:25.413,1.54642,1.54672,1.50,1.43
2012.04.19 10:21:25.782,1.54642,1.54672,1.50,2.18
2012.04.19 10:21:25.875,1.54642,1.54672,1.50,1.43
2012.04.19 10:21:26.176,1.54642,1.54672,1.50,2.18
2012.04.19 10:21:26.674,1.5464,1.5467,1.50,2.25
2012.04.19 10:21:26.743,1.54637,1.5467,1.50,2.25
2012.04.19 10:21:26.964,1.5464,1.54672,1.50,2.18
2012.04.19 10:21:28.634,1.5464,1.54672,1.50,1.43
2012.04.19 10:21:28.827,1.5464,1.54668,1.50,1.43
2012.04.19 10:21:28.954,1.54641,1.54671,1.50,1.43
2012.04.19 10:21:29.082,1.54639,1.54664,2.93,1.50
2012.04.19 10:21:29.405,1.54639,1.54666,1.43,1.50
2012.04.19 10:21:29.960,1.54639,1.54667,1.43,1.50
2012.04.19 10:21:30.421,1.54639,1.54669,2.93,3.00
2012.04.19 10:21:31.119,1.54641,1.54671,1.50,1.43
2012.04.19 10:21:31.573,1.54639,1.5467,1.43,1.50
2012.04.19 10:21:33.069,1.54641,1.54671,1.50,2.93
2012.04.19 10:21:33.589,1.54641,1.54671,1.84,1.43
2012.04.19 10:21:34.075,1.54637,1.54668,1.44,1.50
2012.04.19 10:21:34.321,1.54646,1.5467,1.50,1.43
2012.04.19 10:21:37.243,1.54642,1.5467,1.50,1.43
2012.04.19 10:21:37.770,1.5464,1.5467,1.50,1.43
2012.04.19 10:21:38.160,1.54639,1.54672,1.50,2.93
2012.04.19 10:21:38.345,1.54639,1.5467,1.50,1.43
2012.04.19 10:21:40.882,1.54643,1.5467,1.50,1.43
2012.04.19 10:21:41.770,1.5464,1.5467,3.00,2.93
2012.04.19 10:21:42.262,1.54641,1.54674,2.93,1.50
2012.04.19 10:21:42.332,1.54641,1.54666,1.43,1.50
2012.04.19 10:21:42.581,1.54641,1.54668,1.43,3.00
2012.04.19 10:21:42.772,1.54641,1.54671,3.68,1.50
2012.04.19 10:21:42.842,1.54641,1.54674,3.68,1.50
2012.04.19 10:21:42.911,1.54647,1.54674,1.43,1.50
2012.04.19 10:21:43.111,1.54645,1.54674,1.43,1.50
2012.04.19 10:21:43.712,1.54641,1.54674,2.25,1.50
2012.04.19 10:21:43.902,1.5464,1.54671,1.50,1.50
2012.04.19 10:21:44.152,1.54636,1.54668,2.19,1.50
2012.04.19 10:21:44.492,1.54643,1.54669,1.50,1.50
2012.04.19 10:21:44.561,1.54643,1.54674,1.50,1.50
2012.04.19 10:21:45.027,1.54639,1.54665,1.43,1.50
2012.04.19 10:21:45.098,1.54635,1.54665,2.18,1.50
2012.04.19 10:21:45.444,1.54638,1.54668,1.50,1.50
2012.04.19 10:21:45.574,1.54638,1.54669,3.68,1.50
2012.04.19 10:21:45.643,1.54638,1.54669,2.93,1.50
2012.04.19 10:21:45.715,1.5464,1.54673,1.50,1.50
2012.04.19 10:21:48.223,1.5464,1.54673,2.25,1.50
2012.04.19 10:21:48.352,1.54644,1.54674,1.50,3.00
2012.04.19 10:21:48.661,1.54646,1.54666,1.50,1.50
2012.04.19 10:21:48.731,1.54646,1.54671,1.50,1.43
2012.04.19 10:21:48.956,1.54644,1.54671,1.50,1.43
2012.04.19 10:21:49.023,1.54642,1.54671,1.50,1.43
2012.04.19 10:21:49.361,1.54645,1.54671,1.50,1.80
2012.04.19 10:21:49.673,1.54643,1.54671,1.50,1.80
2012.04.19 10:21:51.101,1.54643,1.54663,1.50,1.50
2012.04.19 10:21:51.163,1.54632,1.54662,1.03,1.50
2012.04.19 10:21:51.712,1.54637,1.54663,1.44,1.50
2012.04.19 10:21:51.842,1.54638,1.54666,1.50,1.50
2012.04.19 10:21:51.912,1.5464,1.54669,1.43,1.50
2012.04.19 10:21:52.245,1.5464,1.54669,2.18,1.50
2012.04.19 10:21:52.317,1.54641,1.54673,2.94,1.88
2012.04.19 10:21:52.803,1.54645,1.54676,1.43,1.88
2012.04.19 10:21:53.764,1.54641,1.54672,1.50,1.88
2012.04.19 10:21:53.835,1.54636,1.54668,1.50,1.50
2012.04.19 10:21:59.891,1.54636,1.54667,1.50,1.50
2012.04.19 10:22:00.527,1.54633,1.54666,2.19,1.50
2012.04.19 10:22:05.597,1.54642,1.54667,1.50,1.50
2012.04.19 10:22:05.662,1.54641,1.54672,1.50,1.88
2012.04.19 10:22:06.030,1.54643,1.54673,1.50,1.88
2012.04.19 10:22:07.124,1.54639,1.5467,1.50,1.50
2012.04.19 10:22:07.331,1.54636,1.54667,1.50,1.50
2012.04.19 10:22:09.332,1.54638,1.54669,1.50,1.50
2012.04.19 10:22:09.400,1.54638,1.54671,1.50,1.50
2012.04.19 10:22:10.536,1.54642,1.54671,1.50,1.80
2012.04.19 10:22:10.613,1.5464,1.54671,1.50,3.30
2012.04.19 10:22:10.683,1.54638,1.54671,1.50,4.05
2012.04.19 10:22:11.003,1.54637,1.54659,1.50,1.43
2012.04.19 10:22:11.073,1.5464,1.54664,1.50,1.43
2012.04.19 10:22:11.323,1.54638,1.54664,1.50,1.43
2012.04.19 10:22:11.454,1.5464,1.54664,1.50,1.43
2012.04.19 10:22:11.761,1.54642,1.54664,1.50,1.43
2012.04.19 10:22:12.015,1.54633,1.54658,2.19,1.43
2012.04.19 10:22:12.082,1.54631,1.54658,1.50,1.43
2012.04.19 10:22:12.153,1.54628,1.54658,1.50,1.43
2012.04.19 10:22:12.463,1.54627,1.54653,1.06,1.43
2012.04.19 10:22:14.574,1.54626,1.54653,1.50,1.43
2012.04.19 10:22:14.703,1.54624,1.54655,2.19,1.50
2012.04.19 10:22:15.388,1.54624,1.54655,2.19,1.50
2012.04.19 10:22:16.895,1.54624,1.54655,2.19,1.50
2012.04.19 10:22:19.132,1.54628,1.54657,1.50,1.50
2012.04.19 10:22:19.208,1.54628,1.54659,1.50,1.50
2012.04.19 10:22:19.864,1.54628,1.54659,1.88,1.50
2012.04.19 10:22:20.003,1.54634,1.54666,2.11,1.50
2012.04.19 10:22:20.073,1.54634,1.54661,2.11,1.50
2012.04.19 10:22:20.377,1.54645,1.54668,1.50,1.43
2012.04.19 10:22:21.694,1.54642,1.54668,1.50,1.43
2012.04.19 10:22:22.132,1.54641,1.54672,1.50,1.50
2012.04.19 10:22:22.493,1.54639,1.54669,2.19,1.50
2012.04.19 10:22:22.621,1.54638,1.54668,1.50,1.43
2012.04.19 10:22:22.691,1.54635,1.54665,2.19,1.50
2012.04.19 10:22:23.862,1.54634,1.54665,3.61,1.50
2012.04.19 10:22:23.983,1.54637,1.54668,2.19,4.43
2012.04.19 10:22:25.352,1.54637,1.54668,2.19,2.93
2012.04.19 10:22:26.003,1.54634,1.54666,2.11,1.50
2012.04.19 10:22:26.914,1.54634,1.54662,2.11,1.50
2012.04.19 10:22:27.332,1.54645,1.54665,1.50,1.50
2012.04.19 10:22:27.402,1.54645,1.54668,1.50,1.43
2012.04.19 10:22:27.694,1.54643,1.54668,1.50,1.43
2012.04.19 10:22:28.253,1.54642,1.54668,1.50,1.43
2012.04.19 10:22:28.772,1.54645,1.54668,1.50,1.43
2012.04.19 10:22:31.448,1.54644,1.54668,1.50,1.43
2012.04.19 10:22:31.514,1.5464,1.54668,2.19,1.43
2012.04.19 10:22:31.583,1.54638,1.54666,2.19,1.50
2012.04.19 10:22:31.932,1.54635,1.54666,2.93,1.50
2012.04.19 10:22:32.144,1.54635,1.54663,1.43,1.50
2012.04.19 10:22:38.434,1.54635,1.5466,1.43,1.50
2012.04.19 10:22:38.741,1.54635,1.54657,1.43,1.50
2012.04.19 10:22:38.804,1.5463,1.54657,1.43,1.50
2012.04.19 10:22:39.624,1.54625,1.54656,3.30,1.50
2012.04.19 10:22:40.272,1.54625,1.54653,1.80,1.50
2012.04.19 10:22:40.782,1.54622,1.54653,1.13,1.50
2012.04.19 10:22:41.362,1.54625,1.54649,1.80,1.50
2012.04.19 10:22:41.553,1.54618,1.54649,2.19,1.50
2012.04.19 10:22:41.623,1.54621,1.54652,1.50,1.88
2012.04.19 10:22:41.933,1.54625,1.54652,2.18,1.88
2012.04.19 10:22:42.004,1.54621,1.54652,2.25,1.88
2012.04.19 10:22:42.275,1.54621,1.54654,2.25,2.25
2012.04.19 10:22:42.583,1.54634,1.54658,1.50,2.18
2012.04.19 10:22:42.712,1.54628,1.54658,1.50,2.18
2012.04.19 10:22:43.211,1.54623,1.54653,1.50,1.88
2012.04.19 10:22:43.333,1.5462,1.54651,2.25,1.88
2012.04.19 10:22:43.463,1.54617,1.54648,1.50,1.50
2012.04.19 10:22:43.774,1.54624,1.54649,1.50,1.43
2012.04.19 10:22:44.082,1.54628,1.54648,1.50,1.43
2012.04.19 10:22:44.274,1.54625,1.54648,1.50,1.43
2012.04.19 10:22:46.061,1.54623,1.54648,1.50,1.43
2012.04.19 10:22:46.132,1.54619,1.54648,1.50,1.43
2012.04.19 10:22:47.320,1.54616,1.54647,1.50,1.50
2012.04.19 10:22:47.895,1.54616,1.54644,2.25,1.43
2012.04.19 10:22:48.252,1.54614,1.54638,2.25,1.50
2012.04.19 10:22:48.512,1.54609,1.54641,2.25,1.50
2012.04.19 10:22:48.643,1.54608,1.54637,2.94,1.50
2012.04.19 10:22:49.144,1.54608,1.54637,1.44,1.50
2012.04.19 10:22:49.523,1.54608,1.54637,1.44,1.50
2012.04.19 10:22:49.593,1.54617,1.54642,2.18,1.50
2012.04.19 10:22:50.102,1.54619,1.54651,1.50,1.80
2012.04.19 10:22:50.171,1.54617,1.54649,2.18,1.50
2012.04.19 10:22:50.452,1.5462,1.54651,1.50,3.30
2012.04.19 10:22:53.082,1.54623,1.54651,1.50,1.80
2012.04.19 10:22:53.394,1.54617,1.54645,2.93,1.50
2012.04.19 10:22:53.703,1.5463,1.54657,1.43,2.25
2012.04.19 10:22:53.776,1.54627,1.5465,1.50,1.80
2012.04.19 10:22:53.965,1.54631,1.5465,1.50,1.80
2012.04.19 10:22:54.203,1.54626,1.5465,1.50,1.80
2012.04.19 10:22:54.457,1.54626,1.54644,1.50,1.43
2012.04.19 10:22:55.021,1.54627,1.54644,1.50,1.43
2012.04.19 10:22:55.402,1.54635,1.5466,1.43,2.25
2012.04.19 10:22:55.481,1.54635,1.5466,1.43,1.50
2012.04.19 10:22:55.555,1.54635,1.54662,1.43,1.50
2012.04.19 10:22:55.627,1.54638,1.54667,1.50,1.43
2012.04.19 10:22:55.882,1.54639,1.54672,1.50,2.63
2012.04.19 10:22:56.013,1.54639,1.54668,1.50,1.43
2012.04.19 10:22:56.205,1.54636,1.54668,1.50,1.43
2012.04.19 10:22:56.691,1.5464,1.54668,1.50,1.43
2012.04.19 10:22:57.935,1.54637,1.54668,1.50,1.43
2012.04.19 10:22:58.075,1.5464,1.54668,1.50,1.43
2012.04.19 10:22:59.635,1.54638,1.54661,1.50,1.50
2012.04.19 10:23:00.178,1.54638,1.54663,2.18,1.50
2012.04.19 10:23:00.253,1.54641,1.54665,2.18,1.50
2012.04.19 10:23:00.447,1.54641,1.54667,2.18,1.50
2012.04.19 10:23:00.517,1.54641,1.54671,2.18,1.88
2012.04.19 10:23:00.585,1.54644,1.54671,1.43,1.88
2012.04.19 10:23:00.775,1.54642,1.54672,1.50,1.80
2012.04.19 10:23:01.325,1.54639,1.54669,2.25,1.50
2012.04.19 10:23:02.111,1.54641,1.54671,2.25,1.50
2012.04.19 10:23:02.684,1.54638,1.54671,2.94,1.50
2012.04.19 10:23:03.114,1.54651,1.54682,3.68,1.50
2012.04.19 10:23:03.619,1.54652,1.54682,1.43,1.50
2012.04.19 10:23:04.122,1.54651,1.5468,1.43,1.50
2012.04.19 10:23:04.673,1.54654,1.54685,1.50,1.50
2012.04.19 10:23:04.865,1.54651,1.5468,4.36,1.50
2012.04.19 10:23:05.416,1.54651,1.54677,2.86,1.50
2012.04.19 10:23:05.726,1.54651,1.5468,2.18,1.50
2012.04.19 10:23:06.053,1.54652,1.54682,2.18,1.50
2012.04.19 10:23:06.383,1.54661,1.54685,1.50,1.50
2012.04.19 10:23:06.633,1.54667,1.54698,2.93,3.00
2012.04.19 10:23:06.884,1.54667,1.54694,1.50,1.43
2012.04.19 10:23:07.615,1.5467,1.54694,1.50,1.43
2012.04.19 10:23:08.080,1.54668,1.54694,1.50,1.43
2012.04.19 10:23:08.284,1.54672,1.54694,1.50,1.43
2012.04.19 10:23:08.632,1.54668,1.54694,1.50,1.43
2012.04.19 10:23:09.823,1.54668,1.54694,1.88,1.43
2012.04.19 10:23:10.136,1.54667,1.54689,1.88,1.43
2012.04.19 10:23:10.503,1.54669,1.547,1.80,1.50
2012.04.19 10:23:10.573,1.54675,1.54702,1.50,1.43
2012.04.19 10:23:11.124,1.54671,1.54693,1.50,1.43
2012.04.19 10:23:11.436,1.54671,1.54685,1.50,1.43
2012.04.19 10:23:11.744,1.54662,1.54678,2.25,1.43
2012.04.19 10:23:11.814,1.54662,1.54678,1.50,1.43
2012.04.19 10:23:11.885,1.54658,1.54678,2.19,1.43
2012.04.19 10:23:11.956,1.54658,1.54676,2.19,1.43
2012.04.19 10:23:12.085,1.54658,1.54678,1.50,1.43
2012.04.19 10:23:12.258,1.54658,1.54684,1.50,1.43
2012.04.19 10:23:12.384,1.54658,1.54682,1.50,1.43
2012.04.19 10:23:12.692,1.54662,1.54682,1.50,1.43
2012.04.19 10:23:14.212,1.54658,1.54682,1.50,1.43
2012.04.19 10:23:14.283,1.54663,1.54682,1.50,1.43
2012.04.19 10:23:14.431,1.54659,1.54682,1.50,1.43
2012.04.19 10:23:14.735,1.54659,1.54688,1.50,1.80
2012.04.19 10:23:14.973,1.54663,1.54688,1.50,1.80
2012.04.19 10:23:15.103,1.54651,1.54684,1.50,1.50
2012.04.19 10:23:15.644,1.54648,1.54681,3.61,1.50
2012.04.19 10:23:15.806,1.54648,1.54681,2.93,1.50
2012.04.19 10:23:16.182,1.54648,1.54681,3.68,1.50
2012.04.19 10:23:16.251,1.54648,1.54681,2.93,1.50
2012.04.19 10:23:16.685,1.54645,1.54676,2.19,1.50
2012.04.19 10:23:16.993,1.54647,1.54676,2.18,1.50
2012.04.19 10:23:17.363,1.54647,1.54674,1.43,1.50
2012.04.19 10:23:17.553,1.54648,1.54676,1.43,1.50
2012.04.19 10:23:17.863,1.54648,1.54679,2.93,1.50
2012.04.19 10:23:18.054,1.54648,1.54676,1.43,1.50
2012.04.19 10:23:18.398,1.54648,1.54676,2.18,1.50
2012.04.19 10:23:18.584,1.54651,1.54682,2.25,1.50
2012.04.19 10:23:18.653,1.54658,1.54682,1.43,1.50
2012.04.19 10:23:18.783,1.54658,1.54686,1.43,1.50
2012.04.19 10:23:18.857,1.54658,1.54684,1.43,1.50
2012.04.19 10:23:18.922,1.5465,1.54683,1.50,1.50
2012.04.19 10:23:19.567,1.54652,1.54684,1.50,1.50
2012.04.19 10:23:19.943,1.54652,1.54682,1.50,1.50
2012.04.19 10:23:20.295,1.54648,1.5468,2.94,1.50
2012.04.19 10:23:20.543,1.54648,1.5468,2.19,1.50
2012.04.19 10:23:20.617,1.54648,1.54676,1.50,1.50
2012.04.19 10:23:20.934,1.54647,1.54666,1.43,1.50
2012.04.19 10:23:21.004,1.54647,1.54675,1.43,1.50
2012.04.19 10:23:21.073,1.54647,1.54671,1.43,1.50
2012.04.19 10:23:21.475,1.54643,1.54669,1.43,1.50
2012.04.19 10:23:21.604,1.54643,1.54672,1.43,1.50
2012.04.19 10:23:21.674,1.54639,1.54672,1.50,1.50
2012.04.19 10:23:22.216,1.54639,1.54671,1.50,1.43
2012.04.19 10:23:22.496,1.54645,1.54671,1.50,1.43
2012.04.19 10:23:22.634,1.54651,1.54684,2.25,2.25
2012.04.19 10:23:22.704,1.54654,1.54684,1.50,2.25
2012.04.19 10:23:22.834,1.54656,1.54688,1.50,1.43
2012.04.19 10:23:23.070,1.54658,1.54689,1.43,1.50
2012.04.19 10:23:23.140,1.54659,1.54692,1.50,3.68
2012.04.19 10:23:23.322,1.5466,1.54689,1.50,1.43
2012.04.19 10:23:23.512,1.54656,1.54688,1.50,1.50
2012.04.19 10:23:23.734,1.54654,1.54685,1.50,1.50
2012.04.19 10:23:24.361,1.54656,1.54688,1.50,1.50
2012.04.19 10:23:24.764,1.54659,1.54688,1.50,1.50
2012.04.19 10:23:25.378,1.54656,1.54687,2.25,1.50
2012.04.19 10:23:25.449,1.54652,1.54679,1.43,1.50
2012.04.19 10:23:25.703,1.5465,1.54683,2.19,1.50
2012.04.19 10:23:26.126,1.5465,1.54681,2.19,1.50
2012.04.19 10:23:26.461,1.5465,1.54676,1.44,1.50
2012.04.19 10:23:26.586,1.5465,1.54681,2.94,1.50
2012.04.19 10:23:26.652,1.5465,1.54677,2.94,1.43
2012.04.19 10:23:26.904,1.5465,1.54681,2.94,1.50
2012.04.19 10:23:27.211,1.54662,1.54688,1.50,1.43
2012.04.19 10:23:28.912,1.54659,1.54688,1.50,1.43
2012.04.19 10:23:29.102,1.54653,1.54684,1.50,1.50
2012.04.19 10:23:29.385,1.54653,1.54681,1.50,1.50
2012.04.19 10:23:29.512,1.54651,1.54682,2.25,1.50
2012.04.19 10:23:29.604,1.5465,1.54679,1.44,1.50
2012.04.19 10:23:29.791,1.54648,1.54679,3.61,1.50
2012.04.19 10:23:30.318,1.54648,1.54679,2.93,1.50
2012.04.19 10:23:32.442,1.54651,1.54681,1.50,1.50
2012.04.19 10:23:32.992,1.54651,1.54682,2.63,1.50
2012.04.19 10:23:33.317,1.54656,1.54685,1.43,1.50
2012.04.19 10:23:35.525,1.54656,1.54682,1.43,1.50
2012.04.19 10:23:36.515,1.54656,1.54682,2.18,1.50
2012.04.19 10:23:37.203,1.54656,1.54682,1.43,1.50
2012.04.19 10:23:37.333,1.54656,1.54686,1.43,1.50
2012.04.19 10:23:37.633,1.54657,1.54688,1.50,1.50
2012.04.19 10:23:38.333,1.54657,1.54687,1.50,1.50
2012.04.19 10:23:38.404,1.54656,1.54685,2.18,1.50
2012.04.19 10:23:39.156,1.54656,1.54685,2.18,1.50
2012.04.19 10:23:39.462,1.54656,1.54687,2.18,1.50
2012.04.19 10:23:39.531,1.54656,1.54687,2.18,1.50
2012.04.19 10:23:39.590,1.54656,1.54687,2.18,1.50
2012.04.19 10:23:39.712,1.54656,1.54687,2.18,1.50
2012.04.19 10:23:39.783,1.54657,1.54689,2.25,1.43
2012.04.19 10:23:39.973,1.54657,1.54689,2.59,1.43
2012.04.19 10:23:40.224,1.54657,1.54689,2.59,1.43
2012.04.19 10:23:40.741,1.54657,1.54687,2.94,1.43
2012.04.19 10:23:40.862,1.54663,1.5469,1.43,1.50
2012.04.19 10:23:40.934,1.5467,1.54695,1.50,1.80
2012.04.19 10:23:43.513,1.54666,1.54695,1.43,1.80
2012.04.19 10:23:43.653,1.54665,1.54686,1.50,1.43
2012.04.19 10:23:43.783,1.54665,1.54692,2.25,1.43
2012.04.19 10:23:43.984,1.54665,1.54696,3.68,1.80
2012.04.19 10:23:44.879,1.54668,1.54696,1.50,1.80
2012.04.19 10:23:45.521,1.54668,1.54696,1.50,1.80
2012.04.19 10:23:45.732,1.54671,1.54696,1.50,1.80
2012.04.19 10:23:46.655,1.54669,1.54696,1.50,1.80
2012.04.19 10:23:48.522,1.54671,1.54696,1.50,1.80
2012.04.19 10:23:48.651,1.54666,1.54696,2.25,3.64
2012.04.19 10:23:48.841,1.54666,1.54689,1.50,1.43
2012.04.19 10:23:49.154,1.54668,1.54689,1.50,1.43
2012.04.19 10:23:49.593,1.54664,1.5469,1.50,1.43
2012.04.19 10:23:49.883,1.54668,1.5469,1.50,1.43
2012.04.19 10:23:51.962,1.54666,1.5469,1.50,1.43
2012.04.19 10:23:52.094,1.54668,1.5469,1.50,1.43
2012.04.19 10:23:52.162,1.54669,1.54699,1.43,1.88
2012.04.19 10:23:52.233,1.54671,1.54702,1.50,2.25
2012.04.19 10:23:52.642,1.54674,1.54696,1.50,1.80
2012.04.19 10:23:52.832,1.54671,1.54696,1.50,1.80
2012.04.19 10:23:53.663,1.54667,1.54696,1.50,1.80
2012.04.19 10:23:54.114,1.54665,1.54692,1.43,1.50
2012.04.19 10:23:54.645,1.54667,1.5469,1.50,1.43
2012.04.19 10:23:56.973,1.54667,1.54688,1.50,1.50
2012.04.19 10:23:57.045,1.54657,1.54686,1.03,1.50
2012.04.19 10:23:57.396,1.54655,1.54686,1.43,1.50
2012.04.19 10:23:57.913,1.54657,1.54689,1.50,1.50
2012.04.19 10:23:58.667,1.5466,1.5469,1.50,1.43
2012.04.19 10:24:01.572,1.54657,1.54688,1.50,1.50
2012.04.19 10:24:02.212,1.54655,1.54686,1.43,1.50
2012.04.19 10:24:02.522,1.54655,1.54684,1.43,1.50
2012.04.19 10:24:04.025,1.54652,1.54684,1.50,1.50
2012.04.19 10:24:04.093,1.54649,1.54682,2.19,1.50
2012.04.19 10:24:08.092,1.54649,1.54682,2.19,1.50
2012.04.19 10:24:08.283,1.54657,1.54688,1.50,1.50
2012.04.19 10:24:09.082,1.54659,1.54692,1.50,1.88
2012.04.19 10:24:09.152,1.54656,1.54689,1.50,1.88
2012.04.19 10:24:10.669,1.54658,1.54689,1.50,1.88
2012.04.19 10:24:11.379,1.54659,1.54692,1.50,3.30
2012.04.19 10:24:15.982,1.54658,1.54686,1.50,1.50
2012.04.19 10:24:16.322,1.54655,1.54683,1.50,1.43
2012.04.19 10:24:17.303,1.54655,1.54686,1.50,1.50
2012.04.19 10:24:17.373,1.54657,1.54688,1.50,2.25
2012.04.19 10:24:17.682,1.5465,1.54681,1.50,1.50
2012.04.19 10:24:18.193,1.54648,1.54679,1.50,1.50
2012.04.19 10:24:18.503,1.5465,1.54676,1.43,1.50
2012.04.19 10:24:18.572,1.5465,1.54683,2.93,2.25
2012.04.19 10:24:18.733,1.54653,1.54685,1.50,3.68
2012.04.19 10:24:18.982,1.5465,1.54681,1.43,1.50
2012.04.19 10:24:19.850,1.54652,1.54682,1.50,1.50
2012.04.19 10:24:19.915,1.54652,1.54685,1.50,2.93
2012.04.19 10:24:21.513,1.54651,1.54676,1.50,1.50
2012.04.19 10:24:21.826,1.54646,1.5467,1.06,1.43
2012.04.19 10:24:22.573,1.54645,1.5467,1.88,1.43
2012.04.19 10:24:23.588,1.54641,1.5467,2.25,1.43
2012.04.19 10:24:24.167,1.54641,1.5467,2.25,1.43
2012.04.19 10:24:25.312,1.54644,1.54674,2.56,1.43
2012.04.19 10:24:25.384,1.54651,1.54674,1.50,1.43
2012.04.19 10:24:25.632,1.54649,1.54674,1.50,1.43
2012.04.19 10:24:25.942,1.54646,1.54674,3.38,1.43
2012.04.19 10:24:26.072,1.54646,1.54674,2.56,1.43
2012.04.19 10:24:26.142,1.54646,1.54678,2.56,1.50
2012.04.19 10:24:26.583,1.54649,1.54681,2.19,1.50
2012.04.19 10:24:27.122,1.54649,1.54681,2.19,1.50
2012.04.19 10:24:27.311,1.54649,1.54681,2.19,1.50
2012.04.19 10:24:27.441,1.54654,1.54684,3.69,1.43
2012.04.19 10:24:27.503,1.54657,1.54684,1.50,1.43
2012.04.19 10:24:29.217,1.54657,1.54684,1.50,2.18
2012.04.19 10:24:29.683,1.54654,1.54681,1.50,1.50
2012.04.19 10:24:29.757,1.5465,1.54681,1.43,1.50
2012.04.19 10:24:29.826,1.5465,1.54679,1.43,1.50
2012.04.19 10:24:30.132,1.54646,1.54676,2.56,1.43
2012.04.19 10:24:30.443,1.54638,1.54673,2.86,1.50
2012.04.19 10:24:31.126,1.54638,1.54674,2.86,1.43
2012.04.19 10:24:32.304,1.54638,1.54674,2.86,2.18
2012.04.19 10:24:32.614,1.54652,1.54677,1.43,1.50
2012.04.19 10:24:32.804,1.54644,1.54674,2.56,2.18
2012.04.19 10:24:32.993,1.54644,1.54675,2.19,1.43
2012.04.19 10:24:33.064,1.54644,1.54683,2.11,2.25
2012.04.19 10:24:34.493,1.54642,1.54683,2.11,2.93
2012.04.19 10:24:34.700,1.54653,1.54683,1.43,1.50
2012.04.19 10:24:34.952,1.54653,1.54686,1.43,1.50
2012.04.19 10:24:35.082,1.54653,1.54683,1.43,1.50
2012.04.19 10:24:35.390,1.54653,1.54681,1.43,1.50
2012.04.19 10:24:36.374,1.54653,1.54679,1.43,1.50
2012.04.19 10:24:36.442,1.54642,1.54679,2.19,1.50
2012.04.19 10:24:36.597,1.54641,1.54674,4.36,1.50
2012.04.19 10:24:36.813,1.54642,1.54677,3.61,3.00
2012.04.19 10:24:39.052,1.54644,1.54677,1.81,1.50
2012.04.19 10:24:39.406,1.54651,1.54678,1.43,1.50
2012.04.19 10:24:42.011,1.54651,1.54678,2.18,1.50
2012.04.19 10:24:42.132,1.54651,1.5468,2.18,1.50
2012.04.19 10:24:42.280,1.54651,1.54677,2.18,1.50
2012.04.19 10:24:43.822,1.54651,1.5468,2.18,1.50
2012.04.19 10:24:44.373,1.54653,1.54677,1.43,1.50
2012.04.19 10:24:44.743,1.54646,1.54676,1.44,1.50
2012.04.19 10:24:45.244,1.54646,1.54675,1.44,1.50
2012.04.19 10:24:45.311,1.54646,1.5467,1.44,1.50
2012.04.19 10:24:45.925,1.54646,1.54671,1.44,1.50
2012.04.19 10:24:47.262,1.54646,1.54671,1.44,1.50
2012.04.19 10:24:47.323,1.54646,1.54673,1.44,1.50
2012.04.19 10:24:47.391,1.54651,1.54677,2.18,1.50
2012.04.19 10:24:47.574,1.54643,1.54673,2.56,1.50
2012.04.19 10:24:48.142,1.54646,1.54673,1.44,1.50
2012.04.19 10:24:48.911,1.54644,1.54673,1.06,1.50
2012.04.19 10:24:49.261,1.54645,1.54673,1.81,1.50
2012.04.19 10:24:49.622,1.54653,1.54679,1.43,1.50
2012.04.19 10:24:49.813,1.5465,1.54681,2.25,1.50
2012.04.19 10:24:49.883,1.5465,1.54677,2.25,1.50
2012.04.19 10:24:49.952,1.5465,1.54677,1.50,1.50
2012.04.19 10:24:50.024,1.54646,1.54669,1.06,1.43
2012.04.19 10:24:50.520,1.54646,1.54669,1.06,1.43
2012.04.19 10:24:50.593,1.54643,1.5467,1.50,1.43
2012.04.19 10:24:52.601,1.54646,1.5467,1.50,1.43
2012.04.19 10:24:53.002,1.5465,1.5467,1.50,1.43
2012.04.19 10:24:54.284,1.5465,1.54681,1.50,1.50
2012.04.19 10:24:54.354,1.54652,1.54682,1.50,1.43
2012.04.19 10:24:55.006,1.54649,1.54682,1.50,2.93
2012.04.19 10:24:55.132,1.54647,1.54678,3.69,1.50
2012.04.19 10:24:55.792,1.54647,1.54678,2.19,1.50
2012.04.19 10:24:56.663,1.54644,1.54673,2.19,1.50
2012.04.19 10:24:56.973,1.54648,1.5467,1.50,1.43
2012.04.19 10:24:57.223,1.54646,1.5467,1.50,1.43
2012.04.19 10:24:57.293,1.54643,1.5467,2.19,1.43
2012.04.19 10:24:57.926,1.54639,1.5467,2.19,3.68
2012.04.19 10:24:58.267,1.54639,1.5467,2.19,2.93
2012.04.19 10:24:58.783,1.54639,1.5467,2.19,2.93
2012.04.19 10:25:00.514,1.54638,1.54668,1.06,1.50
2012.04.19 10:25:00.949,1.54644,1.54671,1.43,1.50
2012.04.19 10:25:01.133,1.54644,1.54673,1.43,1.50
2012.04.19 10:25:01.204,1.54644,1.54671,1.43,1.50
2012.04.19 10:25:01.602,1.54644,1.54674,1.43,1.50
2012.04.19 10:25:01.735,1.54644,1.54674,2.11,1.50
2012.04.19 10:25:05.734,1.54644,1.54675,2.11,1.50
2012.04.19 10:25:06.360,1.5464,1.5467,2.19,1.43
2012.04.19 10:25:06.701,1.54649,1.5467,1.50,1.43
2012.04.19 10:25:07.011,1.54652,1.5467,1.50,1.43
2012.04.19 10:25:07.242,1.5465,1.5467,1.50,1.43
2012.04.19 10:25:07.763,1.54654,1.5467,1.50,1.43
2012.04.19 10:25:08.073,1.54648,1.5467,1.50,1.43
2012.04.19 10:25:10.164,1.54648,1.54676,1.50,1.43
2012.04.19 10:25:10.353,1.54652,1.54676,1.50,1.43
2012.04.19 10:25:10.641,1.54648,1.54676,1.50,1.43
2012.04.19 10:25:13.306,1.54652,1.54676,1.50,1.43
2012.04.19 10:25:13.612,1.54654,1.54676,1.50,1.43
2012.04.19 10:25:14.796,1.5466,1.54685,1.43,1.50
2012.04.19 10:25:15.313,1.5466,1.54687,1.43,1.88
2012.04.19 10:25:15.395,1.54661,1.54688,1.43,1.84
2012.04.19 10:25:17.633,1.54661,1.54691,1.43,2.93
2012.04.19 10:25:17.827,1.54661,1.54689,2.18,1.50
2012.04.19 10:25:18.369,1.54661,1.54688,1.43,1.50
2012.04.19 10:25:18.437,1.54661,1.5469,1.43,1.50
2012.04.19 10:25:18.802,1.54663,1.54691,1.50,1.43
2012.04.19 10:25:19.524,1.54661,1.54691,1.43,1.43
2012.04.19 10:25:19.594,1.54663,1.54691,1.50,1.43
2012.04.19 10:25:20.666,1.54669,1.54691,1.50,1.43
2012.04.19 10:25:22.753,1.54666,1.54691,1.50,1.43
2012.04.19 10:25:23.913,1.54669,1.54691,1.50,1.43
2012.04.19 10:25:25.372,1.54661,1.5469,2.18,1.50
2012.04.19 10:25:25.898,1.54669,1.54691,1.50,1.43
2012.04.19 10:25:29.903,1.54669,1.54694,1.50,1.43
2012.04.19 10:25:30.426,1.54675,1.54698,1.43,1.50
2012.04.19 10:25:30.557,1.54669,1.54698,2.26,1.50
2012.04.19 10:25:31.363,1.54665,1.54698,2.34,1.50
2012.04.19 10:25:31.552,1.54665,1.54698,2.19,1.50
2012.04.19 10:25:32.305,1.54665,1.54697,2.19,1.50
2012.04.19 10:25:32.373,1.54662,1.54695,2.94,1.50
2012.04.19 10:25:32.867,1.54662,1.54695,4.36,2.93
2012.04.19 10:25:33.855,1.54662,1.54692,2.11,1.50
2012.04.19 10:25:34.334,1.54662,1.54689,2.11,1.50
2012.04.19 10:25:34.403,1.54662,1.54689,1.43,1.50
2012.04.19 10:25:34.533,1.54662,1.54693,2.93,1.50
2012.04.19 10:25:34.846,1.54665,1.54694,1.50,1.43
2012.04.19 10:25:35.174,1.54662,1.54692,1.50,1.50
2012.04.19 10:25:35.363,1.54658,1.5468,1.80,1.43
2012.04.19 10:25:35.623,1.5466,1.5469,1.43,1.50
2012.04.19 10:25:35.693,1.5467,1.54691,1.50,1.50
2012.04.19 10:25:35.763,1.5467,1.54695,1.50,1.43
2012.04.19 10:25:35.833,1.54672,1.54695,1.50,1.43
2012.04.19 10:25:35.902,1.5467,1.54695,1.50,1.43
2012.04.19 10:25:36.034,1.54667,1.54687,1.50,1.43
2012.04.19 10:25:36.295,1.54663,1.54686,1.50,1.43
2012.04.19 10:25:37.366,1.54666,1.54687,1.50,1.43
2012.04.19 10:25:37.493,1.54664,1.54687,1.50,1.43
2012.04.19 10:25:40.292,1.5466,1.54687,1.50,1.43
2012.04.19 10:25:40.602,1.54662,1.54687,1.50,1.43
2012.04.19 10:25:41.184,1.54661,1.54687,1.50,1.43
2012.04.19 10:25:41.687,1.54663,1.54687,1.50,1.43
2012.04.19 10:25:41.912,1.5466,1.54687,1.50,1.43
2012.04.19 10:25:41.982,1.54664,1.54687,1.50,1.43
2012.04.19 10:25:42.253,1.54661,1.54687,1.50,1.43
2012.04.19 10:25:42.472,1.54656,1.54687,2.56,1.43
2012.04.19 10:25:42.543,1.54656,1.54685,1.88,1.43
2012.04.19 10:25:43.334,1.54656,1.54684,1.88,1.50
2012.04.19 10:25:43.793,1.54651,1.54682,2.86,1.50
2012.04.19 10:25:44.361,1.54651,1.54682,2.86,1.50
2012.04.19 10:25:46.645,1.54653,1.54683,1.88,1.50
2012.04.19 10:25:46.714,1.54653,1.54685,1.88,1.43
2012.04.19 10:25:48.735,1.54653,1.54685,1.88,2.18
2012.04.19 10:25:48.943,1.54653,1.54686,1.88,1.50
2012.04.19 10:25:49.177,1.54657,1.54689,1.88,1.50
2012.04.19 10:25:49.243,1.54661,1.54691,1.50,1.43
2012.04.19 10:25:49.585,1.54664,1.54691,1.50,1.43
2012.04.19 10:25:49.894,1.54675,1.54696,1.50,1.43
2012.04.19 10:25:49.962,1.54673,1.54696,1.50,1.43
2012.04.19 10:25:50.475,1.54675,1.54696,1.50,1.43
2012.04.19 10:25:50.744,1.54673,1.54696,1.50,1.43
2012.04.19 10:25:51.143,1.54669,1.54696,1.50,1.43
2012.04.19 10:25:51.326,1.54666,1.54696,2.19,1.43
2012.04.19 10:25:51.882,1.54664,1.54697,2.19,1.50
2012.04.19 10:25:52.461,1.54667,1.54698,1.50,1.43
2012.04.19 10:25:52.526,1.54669,1.54701,2.93,1.80
2012.04.19 10:25:53.062,1.5467,1.54702,1.43,3.30
2012.04.19 10:25:53.372,1.54675,1.54705,1.43,2.25
2012.04.19 10:25:56.284,1.54675,1.54705,1.43,2.25
2012.04.19 10:25:56.835,1.54674,1.54705,2.93,2.25
2012.04.19 10:25:57.143,1.54677,1.54702,1.43,1.88
2012.04.19 10:25:58.084,1.54677,1.54706,1.43,2.25
2012.04.19 10:25:58.355,1.54675,1.54705,3.00,2.18
2012.04.19 10:25:58.427,1.54682,1.54705,1.50,2.18
2012.04.19 10:25:58.733,1.54685,1.54707,1.50,2.18
2012.04.19 10:25:59.264,1.54685,1.54709,1.50,2.18
2012.04.19 10:26:01.351,1.54678,1.54709,1.50,2.18
2012.04.19 10:26:01.533,1.54673,1.547,1.50,1.80
2012.04.19 10:26:01.725,1.5468,1.547,1.50,1.80
2012.04.19 10:26:01.794,1.54682,1.5471,1.50,2.93
2012.04.19 10:26:01.865,1.5468,1.54706,1.50,1.50
2012.04.19 10:26:01.995,1.54675,1.54706,2.93,1.50
2012.04.19 10:26:02.274,1.54677,1.54708,1.50,1.50
2012.04.19 10:26:02.342,1.54677,1.5471,1.50,2.93
2012.04.19 10:26:02.910,1.54677,1.5471,1.50,3.68
2012.04.19 10:26:03.668,1.54678,1.5471,1.09,2.93
2012.04.19 10:26:04.242,1.5469,1.54713,1.43,1.50
2012.04.19 10:26:04.306,1.5469,1.54715,1.43,1.50
2012.04.19 10:26:04.857,1.54685,1.54715,1.80,1.50
2012.04.19 10:26:05.336,1.54685,1.54713,1.80,1.50
2012.04.19 10:26:06.982,1.54683,1.54713,2.48,1.50
2012.04.19 10:26:07.873,1.5468,1.54713,2.25,1.88
2012.04.19 10:26:08.205,1.54683,1.54692,1.50,1.43
2012.04.19 10:26:08.275,1.54675,1.54692,1.50,1.43
2012.04.19 10:26:08.488,1.54675,1.54706,1.50,2.25
2012.04.19 10:26:08.696,1.54681,1.54708,1.50,2.93
2012.04.19 10:26:08.884,1.54681,1.54714,1.50,2.25
2012.04.19 10:26:09.074,1.54684,1.54714,1.50,1.43
2012.04.19 10:26:09.763,1.54683,1.54714,1.50,3.68
2012.04.19 10:26:11.005,1.54681,1.54707,1.50,1.50
2012.04.19 10:26:11.073,1.54675,1.54707,1.50,1.50
2012.04.19 10:26:12.043,1.54675,1.54702,1.50,1.50
2012.04.19 10:26:12.113,1.54669,1.547,1.50,1.50
2012.04.19 10:26:12.302,1.54671,1.547,1.50,1.50
2012.04.19 10:26:12.495,1.54675,1.54708,1.50,1.50
2012.04.19 10:26:16.103,1.5468,1.547,1.50,1.43
2012.04.19 10:26:16.873,1.54678,1.547,1.50,1.43
2012.04.19 10:26:17.005,1.54676,1.547,1.50,1.43
2012.04.19 10:26:17.073,1.54674,1.547,1.50,1.43
2012.04.19 10:26:17.202,1.54671,1.54698,1.50,1.50
2012.04.19 10:26:17.274,1.54668,1.54698,2.19,1.50
2012.04.19 10:26:17.342,1.54671,1.547,1.50,1.43
2012.04.19 10:26:17.655,1.54668,1.54698,3.00,1.50
2012.04.19 10:26:17.987,1.54671,1.547,1.50,3.68
2012.04.19 10:26:18.404,1.54669,1.54699,1.50,2.25
2012.04.19 10:26:18.475,1.54667,1.54699,1.50,2.25
2012.04.19 10:26:23.102,1.54667,1.54692,1.50,1.43
2012.04.19 10:26:23.713,1.54668,1.54692,1.50,1.43
2012.04.19 10:26:23.963,1.54671,1.547,1.50,1.43
2012.04.19 10:26:24.033,1.54668,1.54698,1.50,1.50
2012.04.19 10:26:25.333,1.54671,1.54698,1.43,2.25
2012.04.19 10:26:25.758,1.54668,1.54698,1.50,2.25
2012.04.19 10:26:25.827,1.5467,1.54702,1.43,1.50
2012.04.19 10:26:25.893,1.5467,1.54698,1.43,1.50
2012.04.19 10:26:29.555,1.54668,1.54698,1.88,1.50
2012.04.19 10:26:30.012,1.54671,1.54702,1.50,2.93
2012.04.19 10:26:34.934,1.5467,1.54702,1.50,2.93
2012.04.19 10:26:35.067,1.54669,1.54698,1.43,1.50
2012.04.19 10:26:38.053,1.54668,1.54696,1.50,1.43
2012.04.19 10:26:38.483,1.54673,1.54696,1.50,1.43
2012.04.19 10:26:39.814,1.54673,1.54705,1.50,1.43
2012.04.19 10:26:39.882,1.5468,1.54705,1.50,1.43
2012.04.19 10:26:41.203,1.54682,1.54705,1.50,1.43
2012.04.19 10:26:41.692,1.54679,1.54705,1.50,1.43
2012.04.19 10:26:42.383,1.54679,1.54705,1.50,2.18
2012.04.19 10:26:42.763,1.54683,1.54705,1.50,2.18
2012.04.19 10:26:43.662,1.54683,1.54705,1.50,1.43
2012.04.19 10:26:43.933,1.5468,1.54705,3.00,1.43
2012.04.19 10:26:46.471,1.5468,1.54705,1.50,2.18
2012.04.19 10:26:46.663,1.5468,1.54705,1.50,1.43
2012.04.19 10:26:47.451,1.5468,1.54705,1.50,2.18
2012.04.19 10:26:47.631,1.5468,1.54699,1.50,1.43
2012.04.19 10:26:47.692,1.54677,1.54699,1.50,1.43
2012.04.19 10:26:47.941,1.54676,1.54705,1.50,1.43
2012.04.19 10:26:48.193,1.54673,1.54704,1.50,1.50
2012.04.19 10:26:48.601,1.54676,1.54705,1.50,1.43
2012.04.19 10:26:49.112,1.54676,1.54705,1.50,2.18
2012.04.19 10:26:49.182,1.54673,1.54704,1.50,2.25
2012.04.19 10:26:49.302,1.54676,1.54705,1.50,2.18
2012.04.19 10:26:50.698,1.54673,1.54704,1.50,2.25
2012.04.19 10:26:50.766,1.54671,1.54701,1.50,1.50
2012.04.19 10:26:51.090,1.54669,1.54699,2.11,2.25
2012.04.19 10:26:51.295,1.54669,1.54699,2.11,2.25
2012.04.19 10:26:53.082,1.54669,1.54699,1.43,2.25
2012.04.19 10:26:53.674,1.54668,1.54699,2.93,2.25
2012.04.19 10:26:54.923,1.54668,1.54699,2.93,1.50
2012.04.19 10:26:54.992,1.54671,1.54699,1.43,2.25
2012.04.19 10:26:55.302,1.54671,1.54702,3.30,2.25
2012.04.19 10:26:55.726,1.54676,1.54702,1.43,1.50
2012.04.19 10:26:56.105,1.54676,1.54705,1.43,2.25
2012.04.19 10:26:56.692,1.54676,1.54702,1.43,1.50
2012.04.19 10:26:58.747,1.54676,1.54702,1.43,2.25
2012.04.19 10:26:58.814,1.54671,1.54701,1.88,2.25
2012.04.19 10:26:59.339,1.54668,1.54696,1.05,1.50
2012.04.19 10:27:00.048,1.54668,1.54696,1.05,1.50
2012.04.19 10:27:01.374,1.5467,1.54701,1.50,1.43
2012.04.19 10:27:01.512,1.5467,1.54699,1.50,1.50
2012.04.19 10:27:01.582,1.54666,1.54698,1.50,1.50
2012.04.19 10:27:02.152,1.54667,1.54698,1.50,1.50
2012.04.19 10:27:02.295,1.54669,1.54701,1.50,3.68
2012.04.19 10:27:02.901,1.54665,1.54697,1.50,1.50
2012.04.19 10:27:03.401,1.54663,1.54694,2.19,1.50
2012.04.19 10:27:04.163,1.54666,1.54697,1.50,1.50
2012.04.19 10:27:04.592,1.54669,1.547,1.50,2.25
2012.04.19 10:27:04.905,1.54673,1.54701,1.50,1.43
2012.04.19 10:27:05.270,1.54676,1.54701,1.50,1.43
2012.04.19 10:27:05.753,1.54673,1.54701,1.50,1.43
2012.04.19 10:27:08.732,1.54673,1.547,1.50,1.43
2012.04.19 10:27:09.500,1.54674,1.547,1.50,1.43
2012.04.19 10:27:10.693,1.54674,1.547,1.50,2.18
2012.04.19 10:27:10.823,1.54672,1.54691,3.00,1.43
2012.04.19 10:27:11.486,1.54672,1.54689,1.50,1.43
2012.04.19 10:27:12.148,1.54674,1.54692,1.50,1.43
2012.04.19 10:27:13.395,1.54674,1.54701,1.50,1.43
2012.04.19 10:27:13.466,1.5467,1.54701,1.88,1.43
2012.04.19 10:27:13.533,1.54674,1.54701,1.50,1.43
2012.04.19 10:27:14.152,1.54672,1.54698,1.50,1.50
2012.04.19 10:27:14.749,1.54667,1.54698,3.45,1.50
2012.04.19 10:27:16.123,1.54667,1.54695,1.95,1.50
2012.04.19 10:27:17.373,1.54667,1.54699,1.95,1.50
2012.04.19 10:27:17.566,1.54677,1.54704,1.43,1.50
2012.04.19 10:27:17.903,1.54677,1.54701,1.43,1.50
2012.04.19 10:27:18.092,1.54672,1.547,1.43,1.50
2012.04.19 10:27:19.173,1.54672,1.54702,1.43,1.50
2012.04.19 10:27:20.247,1.54672,1.54694,1.43,1.50
2012.04.19 10:27:20.554,1.54664,1.54679,1.05,1.43
2012.04.19 10:27:20.866,1.54664,1.54688,1.05,2.93
2012.04.19 10:27:22.194,1.54658,1.54687,2.18,1.50
2012.04.19 10:27:24.964,1.5466,1.54687,1.09,1.50
2012.04.19 10:27:25.509,1.54669,1.54688,1.88,1.43
2012.04.19 10:27:31.489,1.5466,1.54687,1.78,1.50
2012.04.19 10:27:32.013,1.54663,1.54687,2.25,1.43
2012.04.19 10:27:32.564,1.54663,1.54686,2.25,1.43
2012.04.19 10:27:34.163,1.54663,1.54683,2.25,1.43
2012.04.19 10:27:34.249,1.54663,1.54683,1.50,1.43
2012.04.19 10:27:34.494,1.54663,1.54689,1.50,1.43
2012.04.19 10:27:35.051,1.54664,1.54689,1.50,1.43
2012.04.19 10:27:35.118,1.54669,1.54689,1.50,1.43
2012.04.19 10:27:35.403,1.54665,1.54689,1.50,1.43
2012.04.19 10:27:37.712,1.54665,1.54689,1.84,1.43
2012.04.19 10:27:38.023,1.54673,1.54703,1.43,2.18
2012.04.19 10:27:38.536,1.54673,1.54703,1.43,2.18
2012.04.19 10:27:38.783,1.54671,1.54698,1.50,2.18
2012.04.19 10:27:38.857,1.54665,1.54698,2.94,3.68
2012.04.19 10:27:38.923,1.54662,1.54695,4.36,1.88
2012.04.19 10:27:39.452,1.54662,1.54695,3.61,1.88
2012.04.19 10:27:44.293,1.54662,1.54692,2.86,1.50
2012.04.19 10:27:46.425,1.54663,1.54693,3.61,1.88
2012.04.19 10:27:46.953,1.54663,1.5469,2.49,1.50
2012.04.19 10:27:47.732,1.54663,1.54693,2.49,1.88
2012.04.19 10:27:48.912,1.54663,1.54693,2.11,1.88
2012.04.19 10:27:49.865,1.5467,1.54689,1.50,1.43
2012.04.19 10:27:50.112,1.54667,1.54689,1.50,1.43
2012.04.19 10:27:52.526,1.54667,1.54689,1.88,1.43
2012.04.19 10:27:52.655,1.54671,1.54697,2.49,1.50
2012.04.19 10:27:52.727,1.54671,1.54701,3.99,1.43
2012.04.19 10:27:52.974,1.54671,1.54693,2.94,1.43
2012.04.19 10:27:53.045,1.54671,1.547,2.94,1.43
2012.04.19 10:27:53.326,1.54675,1.547,1.50,1.43
2012.04.19 10:27:53.394,1.54672,1.547,1.50,1.43
2012.04.19 10:27:53.644,1.54676,1.547,1.50,1.43
2012.04.19 10:27:54.055,1.54678,1.547,1.50,1.43
2012.04.19 10:27:54.547,1.5468,1.547,1.50,1.43
2012.04.19 10:27:54.623,1.54687,1.5471,1.43,2.25
2012.04.19 10:27:54.696,1.54693,1.54712,1.50,2.59
2012.04.19 10:27:54.765,1.54691,1.54712,1.50,1.09
2012.04.19 10:27:54.837,1.54689,1.54712,1.50,1.09
2012.04.19 10:27:54.904,1.54689,1.54714,1.50,1.13
2012.04.19 10:27:54.977,1.54688,1.54714,1.50,1.13
2012.04.19 10:27:55.416,1.54687,1.54711,1.43,1.50
2012.04.19 10:27:55.485,1.54685,1.54711,1.50,1.43
2012.04.19 10:27:55.675,1.54685,1.54703,1.50,1.43
2012.04.19 10:27:55.806,1.54682,1.54708,1.50,1.43
2012.04.19 10:27:56.301,1.54684,1.54708,1.50,1.43
2012.04.19 10:27:57.434,1.54684,1.54707,1.50,1.43
2012.04.19 10:27:58.704,1.54689,1.54707,1.50,1.43
2012.04.19 10:27:59.849,1.54689,1.54709,1.50,1.43
2012.04.19 10:28:00.059,1.54689,1.54707,1.50,1.43
2012.04.19 10:28:01.227,1.54689,1.54705,1.50,1.43
2012.04.19 10:28:01.298,1.54686,1.54705,1.50,1.43
2012.04.19 10:28:01.502,1.54685,1.54707,1.50,1.43
2012.04.19 10:28:02.523,1.54685,1.54708,1.50,1.43
2012.04.19 10:28:02.709,1.54681,1.54708,1.50,1.43
2012.04.19 10:28:02.955,1.54681,1.54701,1.50,1.43
2012.04.19 10:28:03.084,1.54681,1.54703,1.50,1.43
2012.04.19 10:28:03.630,1.54682,1.54703,1.50,1.43
2012.04.19 10:28:03.696,1.54678,1.54707,1.58,1.50
2012.04.19 10:28:03.966,1.54679,1.54711,1.65,1.50
2012.04.19 10:28:04.033,1.54678,1.54708,1.58,1.50
2012.04.19 10:28:04.543,1.54678,1.54708,1.43,1.50
2012.04.19 10:28:04.853,1.54683,1.54712,1.50,1.43
2012.04.19 10:28:05.261,1.54688,1.54716,1.43,1.88
2012.04.19 10:28:06.005,1.5468,1.54712,2.94,1.43
2012.04.19 10:28:06.413,1.54687,1.54704,1.50,1.43
2012.04.19 10:28:06.489,1.54681,1.54704,1.50,1.43
2012.04.19 10:28:07.237,1.54678,1.54704,1.50,1.43
2012.04.19 10:28:07.304,1.54676,1.54704,1.50,1.43
2012.04.19 10:28:08.224,1.54676,1.54704,2.94,1.43
2012.04.19 10:28:08.353,1.54677,1.54709,2.07,1.50
2012.04.19 10:28:08.873,1.5468,1.5471,1.50,1.50
2012.04.19 10:28:09.065,1.54683,1.54712,1.50,1.50
2012.04.19 10:28:09.373,1.54683,1.54714,1.50,1.88
2012.04.19 10:28:09.819,1.54683,1.54708,1.50,1.43
2012.04.19 10:28:10.106,1.54678,1.54708,2.26,2.93
2012.04.19 10:28:10.175,1.54683,1.54708,1.50,1.43
2012.04.19 10:28:10.502,1.54687,1.54704,1.50,1.43
2012.04.19 10:28:10.573,1.54685,1.54707,1.50,1.43
2012.04.19 10:28:10.994,1.54685,1.54716,1.50,1.88
2012.04.19 10:28:11.672,1.54685,1.54716,1.50,1.88
2012.04.19 10:28:14.325,1.54685,1.54714,1.50,1.13
2012.04.19 10:28:14.452,1.54682,1.54713,3.76,2.25
2012.04.19 10:28:14.702,1.54682,1.54708,2.34,1.43
2012.04.19 10:28:14.951,1.54685,1.54716,1.50,1.88
2012.04.19 10:28:15.473,1.54686,1.54717,1.50,3.30
2012.04.19 10:28:16.053,1.54686,1.54717,2.25,1.88
2012.04.19 10:28:16.732,1.54686,1.54717,2.25,1.88
2012.04.19 10:28:17.884,1.5469,1.54719,1.50,2.25
2012.04.19 10:28:17.952,1.54686,1.54717,1.50,3.30
2012.04.19 10:28:18.083,1.54684,1.54713,1.65,1.50
2012.04.19 10:28:18.213,1.54678,1.54709,3.91,1.50
2012.04.19 10:28:18.283,1.5468,1.54713,2.34,1.50
2012.04.19 10:28:19.943,1.5468,1.54713,2.19,1.50
2012.04.19 10:28:20.013,1.54683,1.54715,1.50,1.88
2012.04.19 10:28:20.323,1.54683,1.5471,1.50,1.43
2012.04.19 10:28:20.726,1.5469,1.5471,1.50,1.43
2012.04.19 10:28:21.364,1.54688,1.5471,1.50,1.43
2012.04.19 10:28:21.825,1.54688,1.5471,1.50,2.18
2012.04.19 10:28:22.003,1.54681,1.54712,1.50,1.43
2012.04.19 10:28:22.074,1.54678,1.54708,1.43,1.50
2012.04.19 10:28:22.160,1.54679,1.5471,1.50,1.50
2012.04.19 10:28:22.435,1.54679,1.54712,1.50,2.93
2012.04.19 10:28:22.683,1.54678,1.54708,1.43,1.50
2012.04.19 10:28:23.057,1.54682,1.54712,1.50,1.43
2012.04.19 10:28:23.409,1.54685,1.54712,1.50,1.43
2012.04.19 10:28:23.694,1.54679,1.54711,1.50,1.50
2012.04.19 10:28:24.423,1.54679,1.54711,2.25,1.50
2012.04.19 10:28:24.722,1.54681,1.54704,2.25,1.43
2012.04.19 10:28:25.232,1.54681,1.54704,1.50,1.43
2012.04.19 10:28:25.763,1.54681,1.54712,2.25,1.43
2012.04.19 10:28:25.836,1.54678,1.54708,2.18,1.50
2012.04.19 10:28:26.187,1.54678,1.54708,1.43,1.50
2012.04.19 10:28:26.761,1.54678,1.54707,1.43,1.50
2012.04.19 10:28:27.844,1.54681,1.54703,1.50,1.43
2012.04.19 10:28:28.094,1.54677,1.54703,1.50,1.43
2012.04.19 10:28:28.597,1.54675,1.54703,1.65,1.43
2012.04.19 10:28:28.783,1.54677,1.54707,2.18,1.50
2012.04.19 10:28:29.795,1.54678,1.54708,1.50,1.50
2012.04.19 10:28:29.862,1.54678,1.54711,1.50,1.50
2012.04.19 10:28:30.512,1.54678,1.5471,1.50,1.43
2012.04.19 10:28:31.075,1.54677,1.54708,1.50,1.50
2012.04.19 10:28:31.575,1.54678,1.5471,1.50,1.43
2012.04.19 10:28:32.483,1.54674,1.54707,1.50,1.50
2012.04.19 10:28:32.556,1.54674,1.54696,1.50,1.43
2012.04.19 10:28:32.944,1.54672,1.54696,1.50,1.43
2012.04.19 10:28:33.365,1.54672,1.5469,1.50,1.43
2012.04.19 10:28:33.863,1.54672,1.54695,1.50,1.43
2012.04.19 10:28:34.734,1.54672,1.54697,1.50,1.43
2012.04.19 10:28:34.803,1.54674,1.54697,1.50,1.43
2012.04.19 10:28:35.112,1.54679,1.54697,1.50,1.43
2012.04.19 10:28:35.485,1.54682,1.54697,1.50,1.43
2012.04.19 10:28:35.614,1.54685,1.54707,1.50,1.13
2012.04.19 10:28:35.923,1.54685,1.54708,1.50,1.80
2012.04.19 10:28:36.481,1.54685,1.54708,1.50,1.43
2012.04.19 10:28:38.104,1.54678,1.54708,1.50,1.43
2012.04.19 10:28:38.354,1.54678,1.54703,1.50,1.43
2012.04.19 10:28:38.547,1.54676,1.54703,1.50,1.43
2012.04.19 10:28:38.963,1.54674,1.54705,1.88,1.50
2012.04.19 10:28:39.027,1.54671,1.54703,1.13,1.50
2012.04.19 10:28:39.192,1.54674,1.54705,1.88,3.00
2012.04.19 10:28:39.543,1.54671,1.54703,1.13,1.50
2012.04.19 10:28:39.996,1.54675,1.54702,1.50,1.43
2012.04.19 10:28:40.064,1.54675,1.54706,1.50,1.50
2012.04.19 10:28:40.193,1.54673,1.54704,2.18,1.50
2012.04.19 10:28:40.695,1.54673,1.54704,1.50,2.93
2012.04.19 10:28:41.006,1.54673,1.547,1.50,1.50
2012.04.19 10:28:41.198,1.54676,1.54705,1.50,1.43
2012.04.19 10:28:41.264,1.54676,1.54707,1.50,1.50
2012.04.19 10:28:41.335,1.54684,1.54708,1.50,1.43
2012.04.19 10:28:41.465,1.54684,1.54711,1.50,1.13
2012.04.19 10:28:41.905,1.5468,1.54713,1.50,1.50
2012.04.19 10:28:42.092,1.5468,1.54708,1.50,1.43
2012.04.19 10:28:43.073,1.54677,1.54708,1.50,1.43
2012.04.19 10:28:43.145,1.54677,1.5471,1.50,1.50
2012.04.19 10:28:43.957,1.54679,1.5471,1.50,1.50
2012.04.19 10:28:44.266,1.54682,1.54713,1.50,2.93
2012.04.19 10:28:44.749,1.54679,1.5471,1.50,1.50
2012.04.19 10:28:45.057,1.54691,1.54707,1.13,1.50
2012.04.19 10:28:45.126,1.54691,1.54717,1.13,1.43
2012.04.19 10:28:45.674,1.54687,1.54717,1.88,2.93
2012.04.19 10:28:46.637,1.54687,1.54717,1.50,1.50
2012.04.19 10:28:47.182,1.54687,1.54716,1.50,1.43
2012.04.19 10:28:47.313,1.54687,1.54713,1.50,1.43
2012.04.19 10:28:47.503,1.54683,1.54711,2.34,1.43
2012.04.19 10:28:47.633,1.54679,1.54711,2.25,1.43
2012.04.19 10:28:48.053,1.54679,1.54711,1.50,1.43
2012.04.19 10:28:48.182,1.54679,1.54711,1.50,2.18
2012.04.19 10:28:51.963,1.54679,1.54712,1.50,1.50
2012.04.19 10:28:52.275,1.54679,1.54712,2.93,2.25
2012.04.19 10:28:52.585,1.54681,1.54711,1.65,1.50
2012.04.19 10:28:52.652,1.54681,1.54711,3.00,1.50
2012.04.19 10:28:52.723,1.54683,1.54715,1.50,2.25
2012.04.19 10:28:52.894,1.5468,1.54711,1.50,1.50
2012.04.19 10:28:53.554,1.54683,1.54713,1.50,2.25
2012.04.19 10:28:54.163,1.54684,1.54715,1.50,2.25
2012.04.19 10:28:54.240,1.54684,1.54715,2.93,1.50
2012.04.19 10:28:55.014,1.54684,1.54715,2.93,2.25
2012.04.19 10:28:55.208,1.54679,1.54709,2.49,2.25
2012.04.19 10:28:55.332,1.54678,1.54704,1.50,1.43
2012.04.19 10:28:55.644,1.54681,1.54704,1.50,1.43
2012.04.19 10:28:56.002,1.54683,1.54704,1.50,1.43
2012.04.19 10:28:56.333,1.54681,1.54699,1.50,1.43
2012.04.19 10:28:56.403,1.54679,1.54699,1.50,1.43
2012.04.19 10:28:56.533,1.54675,1.54699,1.88,1.43
2012.04.19 10:28:56.663,1.54679,1.54706,1.43,1.50
2012.04.19 10:28:57.087,1.54681,1.54711,1.50,1.43
2012.04.19 10:28:57.212,1.54679,1.5471,1.43,1.50
2012.04.19 10:28:57.354,1.54681,1.54711,1.50,1.43
2012.04.19 10:28:57.664,1.54684,1.54712,1.43,1.50
2012.04.19 10:28:57.733,1.54684,1.54715,1.43,1.50
2012.04.19 10:28:58.256,1.54684,1.54716,1.43,1.50
2012.04.19 10:28:58.322,1.54684,1.54711,1.43,1.50
2012.04.19 10:28:58.595,1.54684,1.54713,1.43,1.50
2012.04.19 10:28:58.664,1.54684,1.54716,1.43,1.50
2012.04.19 10:28:58.794,1.54689,1.54716,1.43,1.50
2012.04.19 10:28:59.103,1.54689,1.54714,1.43,1.50
2012.04.19 10:28:59.603,1.54686,1.54717,1.50,1.50
2012.04.19 10:29:00.057,1.54683,1.54714,1.13,1.50
2012.04.19 10:29:00.184,1.54684,1.54717,1.50,1.50
2012.04.19 10:29:00.254,1.54687,1.5472,1.50,1.88
2012.04.19 10:29:01.792,1.54691,1.54722,1.50,4.05
2012.04.19 10:29:02.682,1.54689,1.5472,1.50,1.88
2012.04.19 10:29:02.752,1.54687,1.5472,1.50,1.88
2012.04.19 10:29:04.019,1.5469,1.54722,1.50,1.80
2012.04.19 10:29:04.637,1.54694,1.54723,1.50,1.13
2012.04.19 10:29:04.680,1.54698,1.54725,1.50,2.18
2012.04.19 10:29:04.748,1.54695,1.54725,1.50,2.18
2012.04.19 10:29:05.335,1.54693,1.54724,1.50,3.00
2012.04.19 10:29:06.453,1.54694,1.54724,1.50,3.00
2012.04.19 10:29:06.523,1.54696,1.54724,1.50,1.50
2012.04.19 10:29:06.856,1.54693,1.54724,1.50,3.00
2012.04.19 10:29:07.523,1.54693,1.54724,1.50,3.00
2012.04.19 10:29:08.347,1.54694,1.54724,1.50,2.25
2012.04.19 10:29:08.413,1.54697,1.54725,1.50,2.18
2012.04.19 10:29:08.483,1.54694,1.54725,1.50,3.68
2012.04.19 10:29:08.673,1.54696,1.54725,1.50,2.18
2012.04.19 10:29:08.892,1.5469,1.54723,1.50,1.88
2012.04.19 10:29:09.106,1.54694,1.54725,1.50,3.68
2012.04.19 10:29:09.955,1.54694,1.54725,1.50,3.68
2012.04.19 10:29:10.552,1.54694,1.54716,1.50,1.43
2012.04.19 10:29:10.856,1.54691,1.54716,1.50,1.43
2012.04.19 10:29:11.456,1.5469,1.54716,1.50,1.43
2012.04.19 10:29:12.254,1.5469,1.54721,2.93,1.88
2012.04.19 10:29:13.443,1.5469,1.54721,1.43,1.13
2012.04.19 10:29:18.131,1.54693,1.54724,1.50,3.68
2012.04.19 10:29:20.212,1.5469,1.54721,2.93,1.88
2012.04.19 10:29:20.384,1.54692,1.54724,1.50,3.68
2012.04.19 10:29:21.284,1.5469,1.54721,2.93,1.88
2012.04.19 10:29:21.416,1.54699,1.54723,1.50,3.30
2012.04.19 10:29:21.972,1.54699,1.54724,1.43,2.25
2012.04.19 10:29:24.704,1.547,1.5473,1.50,2.25
2012.04.19 10:29:25.253,1.54699,1.54729,1.43,2.25
2012.04.19 10:29:29.775,1.54694,1.54721,1.43,2.18
2012.04.19 10:29:30.094,1.54694,1.54721,1.77,1.13
2012.04.19 10:29:30.404,1.547,1.54726,1.43,2.25
2012.04.19 10:29:30.533,1.54693,1.5472,2.19,1.80
2012.04.19 10:29:30.664,1.54691,1.54719,3.08,1.13
2012.04.19 10:29:30.853,1.54688,1.54717,3.00,1.43
2012.04.19 10:29:31.363,1.54688,1.54719,3.00,1.88
2012.04.19 10:29:31.433,1.5469,1.54722,1.50,1.88
2012.04.19 10:29:31.935,1.5469,1.54722,1.50,1.88
2012.04.19 10:29:33.514,1.5469,1.54722,1.50,1.88
2012.04.19 10:29:36.784,1.54692,1.54723,1.50,1.80
2012.04.19 10:29:37.155,1.54696,1.54725,1.50,2.18
2012.04.19 10:29:37.578,1.54692,1.54722,1.43,1.88
2012.04.19 10:29:37.734,1.54689,1.54722,3.61,1.88
2012.04.19 10:29:37.995,1.54691,1.54722,1.50,1.88
2012.04.19 10:29:38.303,1.547,1.54726,1.50,2.18
2012.04.19 10:29:38.434,1.54698,1.54726,1.50,2.18
2012.04.19 10:29:38.744,1.54694,1.54724,1.50,2.25
2012.04.19 10:29:39.070,1.54696,1.54726,1.50,2.18
2012.04.19 10:29:40.294,1.54694,1.54725,1.50,2.25
2012.04.19 10:29:40.362,1.54692,1.54725,1.50,2.25
2012.04.19 10:29:41.114,1.54696,1.54726,1.50,3.68
2012.04.19 10:29:41.464,1.54699,1.54726,1.50,2.18
2012.04.19 10:29:41.846,1.54702,1.54726,1.50,2.18
2012.04.19 10:29:41.973,1.54702,1.5473,1.50,1.43
2012.04.19 10:29:42.043,1.547,1.5473,1.50,1.50
2012.04.19 10:29:42.839,1.54699,1.5473,2.19,1.50
2012.04.19 10:29:43.544,1.54701,1.54731,1.50,1.43
2012.04.19 10:29:43.854,1.54701,1.54724,1.50,1.43
2012.04.19 10:29:47.838,1.54701,1.54725,1.50,1.43
2012.04.19 10:29:48.322,1.54698,1.54725,1.88,1.43
2012.04.19 10:29:48.722,1.54701,1.54725,1.50,1.43
2012.04.19 10:29:50.483,1.54702,1.54729,1.50,2.18
2012.04.19 10:29:50.553,1.54704,1.54729,1.50,2.18
2012.04.19 10:29:50.786,1.54702,1.54729,3.00,1.43
2012.04.19 10:29:50.854,1.54702,1.54725,1.50,1.43
2012.04.19 10:29:51.029,1.54702,1.54729,1.50,1.43
2012.04.19 10:29:51.261,1.54702,1.54726,1.50,1.43
2012.04.19 10:29:51.493,1.54702,1.5473,1.50,1.43
2012.04.19 10:29:51.621,1.54705,1.5473,1.50,1.43
2012.04.19 10:29:52.014,1.54705,1.5473,1.50,2.18
2012.04.19 10:29:52.522,1.54705,1.5473,1.50,1.43
2012.04.19 10:29:52.792,1.54705,1.54726,1.50,1.43
2012.04.19 10:29:53.021,1.54705,1.5473,1.50,1.43
2012.04.19 10:29:53.081,1.54701,1.5473,1.50,1.43
2012.04.19 10:29:53.242,1.54701,1.54726,1.50,1.43
2012.04.19 10:29:53.603,1.54701,1.54729,1.50,2.18
2012.04.19 10:29:54.941,1.54701,1.54729,1.50,1.43
2012.04.19 10:29:57.441,1.54701,1.54729,1.50,2.18
2012.04.19 10:29:57.565,1.54699,1.54729,3.38,2.18
2012.04.19 10:29:57.634,1.54701,1.54725,1.50,1.43
2012.04.19 10:29:57.772,1.54698,1.54729,1.88,2.18
2012.04.19 10:29:58.726,1.54693,1.54721,2.25,1.43
2012.04.19 10:30:01.028,1.54694,1.5472,2.25,1.43
2012.04.19 10:30:01.335,1.54694,1.54713,1.88,1.43
2012.04.19 10:30:01.405,1.54694,1.54718,2.25,1.43
2012.04.19 10:30:01.475,1.54694,1.5472,2.25,1.43
2012.04.19 10:30:02.252,1.54697,1.54714,1.88,1.43
2012.04.19 10:30:02.384,1.54695,1.54719,1.88,1.43
2012.04.19 10:30:02.923,1.54696,1.54719,1.88,1.43
2012.04.19 10:30:04.225,1.54696,1.54719,1.88,1.43
2012.04.19 10:30:04.779,1.54701,1.5472,1.50,1.43
2012.04.19 10:30:05.391,1.54695,1.5472,1.88,1.43
2012.04.19 10:30:05.583,1.54694,1.54723,1.88,1.43
2012.04.19 10:30:05.776,1.54704,1.54723,1.50,1.43
2012.04.19 10:30:05.859,1.54704,1.54725,1.50,1.50
2012.04.19 10:30:05.984,1.54695,1.54726,1.50,1.13
2012.04.19 10:30:06.053,1.54702,1.54726,1.50,1.13
2012.04.19 10:30:06.365,1.54706,1.54729,1.50,2.18
2012.04.19 10:30:06.612,1.54706,1.54729,1.50,2.18
2012.04.19 10:30:06.684,1.54698,1.54729,1.50,3.68
2012.04.19 10:30:06.885,1.54698,1.54729,1.50,3.68
2012.04.19 10:30:07.314,1.54696,1.54725,1.50,1.50
2012.04.19 10:30:07.445,1.54693,1.54723,2.19,2.25
2012.04.19 10:30:07.754,1.54696,1.5472,1.50,1.43
2012.04.19 10:30:08.200,1.54693,1.54726,1.50,2.25
2012.04.19 10:30:08.696,1.54691,1.54722,1.88,1.50
2012.04.19 10:30:08.763,1.54691,1.54722,2.56,1.50
2012.04.19 10:30:09.605,1.54694,1.54724,1.50,2.25
2012.04.19 10:30:10.306,1.54694,1.54724,1.50,1.50
2012.04.19 10:30:10.805,1.54696,1.54724,1.43,1.50
2012.04.19 10:30:11.134,1.54696,1.54728,2.93,1.50
2012.04.19 10:30:11.203,1.54699,1.54729,1.50,1.50
2012.04.19 10:30:11.392,1.54699,1.54731,1.50,1.43
2012.04.19 10:30:12.115,1.54704,1.54731,1.50,1.43
2012.04.19 10:30:12.186,1.54701,1.54731,1.50,1.43
2012.04.19 10:30:12.955,1.54701,1.54731,1.50,2.18
2012.04.19 10:30:13.212,1.54701,1.54731,1.50,1.43
2012.04.19 10:30:16.974,1.54707,1.54731,1.50,1.43
2012.04.19 10:30:17.042,1.54703,1.54731,1.50,1.43
2012.04.19 10:30:19.824,1.54706,1.54731,1.50,1.43
2012.04.19 10:30:20.363,1.54703,1.54731,1.50,1.43
2012.04.19 10:30:21.054,1.547,1.54731,1.50,1.43
2012.04.19 10:30:24.383,1.54698,1.54728,1.50,1.50
2012.04.19 10:30:24.863,1.54698,1.54726,1.50,1.43
2012.04.19 10:30:25.402,1.54697,1.54726,2.19,1.43
2012.04.19 10:30:25.932,1.54694,1.54725,2.19,1.50
2012.04.19 10:30:26.604,1.54697,1.54726,1.44,1.43
2012.04.19 10:30:31.073,1.54699,1.54717,1.50,1.43
2012.04.19 10:30:31.393,1.54696,1.54718,1.50,1.43
2012.04.19 10:30:31.586,1.54693,1.54718,1.50,1.43
2012.04.19 10:30:31.835,1.5469,1.54721,1.88,1.50
2012.04.19 10:30:32.083,1.54696,1.54727,1.50,2.93
2012.04.19 10:30:32.153,1.54691,1.54724,2.63,1.50
2012.04.19 10:30:32.573,1.54695,1.54726,1.50,1.50
2012.04.19 10:30:32.999,1.54698,1.54727,1.50,1.43
2012.04.19 10:30:34.713,1.54695,1.54726,1.50,1.50
2012.04.19 10:30:42.394,1.54695,1.54723,1.50,1.43
2012.04.19 10:30:44.314,1.54691,1.54722,2.56,1.50
2012.04.19 10:30:44.704,1.54692,1.54722,1.44,1.50
2012.04.19 10:30:45.014,1.54701,1.54722,1.06,1.50
2012.04.19 10:30:45.084,1.54698,1.54722,3.61,1.50
2012.04.19 10:30:45.154,1.54698,1.54724,3.61,1.50
2012.04.19 10:30:45.352,1.54698,1.54728,5.11,1.43
2012.04.19 10:30:46.140,1.54702,1.5473,1.43,1.50
2012.04.19 10:30:46.207,1.547,1.5473,1.50,2.18
2012.04.19 10:30:46.274,1.547,1.54725,1.50,1.43
2012.04.19 10:30:46.640,1.54707,1.54725,1.50,1.43
2012.04.19 10:30:46.763,1.54704,1.54725,1.50,1.43
2012.04.19 10:30:48.262,1.54704,1.54729,1.50,1.43
2012.04.19 10:30:48.333,1.54707,1.54729,1.50,1.43
2012.04.19 10:30:50.193,1.54702,1.54729,1.50,1.43
2012.04.19 10:30:50.263,1.54699,1.54729,2.19,1.43
2012.04.19 10:30:50.663,1.54702,1.54729,1.50,1.43
2012.04.19 10:30:51.390,1.54702,1.54729,1.50,2.18
2012.04.19 10:30:51.893,1.54702,1.54726,1.50,1.43
2012.04.19 10:30:52.343,1.54699,1.54724,1.50,1.43
2012.04.19 10:30:52.523,1.54699,1.54721,1.50,1.43
2012.04.19 10:30:53.110,1.54703,1.5472,1.50,1.43
2012.04.19 10:30:54.533,1.54703,1.54716,1.50,1.43
2012.04.19 10:30:54.604,1.547,1.54716,1.50,1.43
2012.04.19 10:30:54.813,1.54691,1.54716,1.88,1.43
2012.04.19 10:30:54.883,1.54692,1.54721,1.06,1.43
2012.04.19 10:30:55.134,1.54695,1.54721,1.50,1.43
2012.04.19 10:30:55.724,1.54693,1.54721,2.19,1.43
2012.04.19 10:30:56.046,1.54692,1.54715,1.06,1.43
2012.04.19 10:30:56.573,1.54695,1.54715,3.00,1.43
2012.04.19 10:30:56.938,1.54695,1.54718,1.50,1.43
2012.04.19 10:30:57.174,1.54697,1.54718,1.50,1.43
2012.04.19 10:30:58.369,1.54697,1.5472,1.50,1.43
2012.04.19 10:30:58.964,1.54697,1.54721,1.50,1.43
2012.04.19 10:30:59.035,1.54702,1.54721,1.50,1.43
2012.04.19 10:30:59.103,1.547,1.54721,1.50,1.43
2012.04.19 10:30:59.236,1.54696,1.54721,1.50,1.43
2012.04.19 10:31:00.565,1.54696,1.54727,1.50,1.50
2012.04.19 10:31:00.816,1.54698,1.54727,1.50,1.43
2012.04.19 10:31:01.427,1.54697,1.54727,1.50,2.93
2012.04.19 10:31:02.059,1.54698,1.5473,1.50,1.50
2012.04.19 10:31:02.595,1.54698,1.54731,1.50,1.50
2012.04.19 10:31:04.615,1.54698,1.54727,1.50,1.43
2012.04.19 10:31:04.944,1.54694,1.54725,1.44,1.50
2012.04.19 10:31:05.163,1.54696,1.54727,2.25,2.93
2012.04.19 10:31:05.432,1.54699,1.5473,1.50,2.93
2012.04.19 10:31:07.596,1.54699,1.54729,1.50,1.43
2012.04.19 10:31:08.154,1.54699,1.54728,1.50,1.43
2012.04.19 10:31:11.775,1.54699,1.54728,2.25,1.43
2012.04.19 10:31:12.481,1.547,1.54729,1.50,1.43
2012.04.19 10:31:12.782,1.54702,1.54729,1.50,1.43
2012.04.19 10:31:14.175,1.54703,1.54729,1.50,1.43
2012.04.19 10:31:14.985,1.54703,1.54723,1.50,1.50
2012.04.19 10:31:15.052,1.54692,1.54721,1.06,1.50
2012.04.19 10:31:15.423,1.54692,1.54721,1.81,1.50
2012.04.19 10:31:15.733,1.54696,1.54723,2.18,1.50
2012.04.19 10:31:16.581,1.54701,1.54727,1.65,1.50
2012.04.19 10:31:16.644,1.54701,1.54731,1.65,1.50
2012.04.19 10:31:16.835,1.547,1.54729,2.55,1.50
2012.04.19 10:31:17.027,1.54697,1.54727,2.11,1.50
2012.04.19 10:31:17.154,1.54701,1.54732,2.25,1.50
2012.04.19 10:31:17.285,1.54697,1.5473,2.19,1.50
2012.04.19 10:31:17.353,1.54699,1.5473,1.44,1.50
2012.04.19 10:31:17.663,1.54699,1.54726,1.44,1.50
2012.04.19 10:31:17.794,1.54699,1.54726,1.06,1.50
2012.04.19 10:31:17.926,1.547,1.54726,1.44,1.50
2012.04.19 10:31:18.234,1.54713,1.54735,1.50,1.80
2012.04.19 10:31:18.486,1.54713,1.54735,2.25,1.43
2012.04.19 10:31:19.062,1.54719,1.54744,1.80,2.25
2012.04.19 10:31:19.133,1.54717,1.54741,1.80,1.50
2012.04.19 10:31:19.210,1.54716,1.54745,1.80,1.50
2012.04.19 10:31:19.335,1.54716,1.54741,1.80,1.50
2012.04.19 10:31:19.643,1.5472,1.54746,1.06,1.43
2012.04.19 10:31:19.953,1.5472,1.5474,1.06,1.50
2012.04.19 10:31:20.545,1.54716,1.5474,2.18,1.50
2012.04.19 10:31:21.082,1.54716,1.54744,1.80,1.50
2012.04.19 10:31:21.168,1.54716,1.54742,1.80,1.50
2012.04.19 10:31:21.899,1.54715,1.54738,1.09,1.43
2012.04.19 10:31:21.967,1.54713,1.54742,1.44,1.43
2012.04.19 10:31:22.394,1.54716,1.54738,1.88,1.43
2012.04.19 10:31:22.923,1.54713,1.54739,2.25,1.43
2012.04.19 10:31:23.923,1.54711,1.54739,2.19,1.43
2012.04.19 10:31:23.997,1.54711,1.5473,2.19,1.43
2012.04.19 10:31:24.255,1.54711,1.54739,1.50,1.43
2012.04.19 10:31:24.894,1.54713,1.54739,1.50,1.43
2012.04.19 10:31:25.399,1.54709,1.54737,1.50,1.43
2012.04.19 10:31:26.883,1.54709,1.54741,2.19,1.50
2012.04.19 10:31:27.323,1.54709,1.54734,2.19,1.43
2012.04.19 10:31:27.623,1.54709,1.54741,2.19,1.50
2012.04.19 10:31:28.153,1.54711,1.54741,1.50,1.50
2012.04.19 10:31:28.342,1.54709,1.54742,2.19,3.30
2012.04.19 10:31:28.902,1.54711,1.54742,1.50,3.30
2012.04.19 10:31:29.375,1.54709,1.54734,2.19,1.43
2012.04.19 10:31:29.844,1.54709,1.54742,2.19,3.30
2012.04.19 10:31:29.976,1.54708,1.54738,2.19,1.50
2012.04.19 10:31:30.223,1.5471,1.54742,1.50,3.30
2012.04.19 10:31:30.354,1.54712,1.54742,1.50,1.80
2012.04.19 10:31:31.205,1.54712,1.54741,1.50,1.13
2012.04.19 10:31:31.513,1.54712,1.54742,1.50,1.80
2012.04.19 10:31:32.060,1.54712,1.54742,1.50,1.80
2012.04.19 10:31:32.185,1.54709,1.54741,2.93,1.13
2012.04.19 10:31:32.253,1.54709,1.54742,2.93,3.30
2012.04.19 10:31:32.797,1.54709,1.54738,1.58,1.50
2012.04.19 10:31:32.968,1.54707,1.54738,1.50,2.25
2012.04.19 10:31:33.214,1.54704,1.54737,1.50,3.00
2012.04.19 10:31:33.284,1.54703,1.54734,1.50,1.50
2012.04.19 10:31:33.694,1.547,1.54732,1.44,1.50
2012.04.19 10:31:34.192,1.54703,1.54736,1.50,1.50
2012.04.19 10:31:34.445,1.54703,1.54734,1.50,1.43
2012.04.19 10:31:35.695,1.54703,1.54734,1.50,2.18
2012.04.19 10:31:36.152,1.54703,1.54728,1.50,1.43
2012.04.19 10:31:36.218,1.54701,1.54732,1.50,1.50
2012.04.19 10:31:41.246,1.54703,1.54732,1.50,1.43
2012.04.19 10:31:41.525,1.54707,1.54738,1.43,1.50
2012.04.19 10:31:41.596,1.54714,1.54738,1.50,1.43
2012.04.19 10:31:41.746,1.54714,1.54742,1.50,1.13
2012.04.19 10:31:42.174,1.54711,1.54741,1.50,1.13
2012.04.19 10:31:42.247,1.54713,1.54746,1.50,2.63
2012.04.19 10:31:42.373,1.54713,1.54746,2.93,1.50
2012.04.19 10:31:42.443,1.54713,1.54742,1.43,1.50
2012.04.19 10:31:43.138,1.54713,1.54741,1.43,1.50
2012.04.19 10:31:43.848,1.54713,1.5474,1.43,1.50
2012.04.19 10:31:44.795,1.54713,1.54741,1.43,1.50
2012.04.19 10:31:44.864,1.54713,1.54744,1.43,1.50
2012.04.19 10:31:44.933,1.54714,1.54747,1.50,1.50
2012.04.19 10:31:46.134,1.54714,1.54746,1.50,1.50
2012.04.19 10:31:46.204,1.54713,1.54743,2.11,1.50
2012.04.19 10:31:46.743,1.54714,1.54743,1.43,1.50
2012.04.19 10:31:47.324,1.54713,1.54743,2.11,1.50
2012.04.19 10:31:47.634,1.5471,1.5474,1.81,1.43
2012.04.19 10:31:48.138,1.54718,1.54744,1.43,1.50
2012.04.19 10:31:48.263,1.54718,1.54747,1.43,1.50
2012.04.19 10:31:48.393,1.54722,1.54747,1.43,1.50
2012.04.19 10:31:48.704,1.5472,1.54743,1.43,1.50
2012.04.19 10:31:49.575,1.54722,1.54743,1.43,1.50
2012.04.19 10:31:52.690,1.54715,1.54743,1.43,1.50
2012.04.19 10:31:52.814,1.54722,1.54743,1.43,1.50
2012.04.19 10:31:52.931,1.54713,1.54743,1.65,1.50
2012.04.19 10:31:53.115,1.54712,1.54735,1.58,1.50
2012.04.19 10:31:53.184,1.54712,1.54738,1.58,1.50
2012.04.19 10:31:53.734,1.54712,1.5474,1.43,1.50
2012.04.19 10:31:54.564,1.54712,1.54742,2.93,3.00
2012.04.19 10:31:55.701,1.54712,1.54741,1.43,1.50
2012.04.19 10:31:58.205,1.54712,1.54736,1.43,1.50
2012.04.19 10:31:58.338,1.54707,1.54736,3.01,1.50
2012.04.19 10:31:58.407,1.54707,1.54736,2.33,1.50
2012.04.19 10:31:58.474,1.54707,1.54736,2.18,1.50
2012.04.19 10:31:58.546,1.54721,1.54736,1.43,1.50
2012.04.19 10:31:58.676,1.54721,1.54738,1.43,1.50
2012.04.19 10:31:58.746,1.54721,1.5474,1.43,1.50
2012.04.19 10:31:58.813,1.54712,1.54738,1.58,1.50
2012.04.19 10:31:59.482,1.54712,1.54743,1.50,1.50
2012.04.19 10:31:59.556,1.54709,1.5474,4.43,1.50
2012.04.19 10:31:59.866,1.54711,1.54738,1.50,1.43
2012.04.19 10:32:00.176,1.54713,1.54738,1.50,1.43
2012.04.19 10:32:00.752,1.54713,1.54741,1.50,1.43
2012.04.19 10:32:01.289,1.54713,1.54745,1.50,1.43
2012.04.19 10:32:01.996,1.54713,1.54735,1.50,1.43
2012.04.19 10:32:02.071,1.54711,1.54742,1.65,1.50
2012.04.19 10:32:02.434,1.54711,1.54734,1.50,1.43
2012.04.19 10:32:02.933,1.54708,1.54734,1.50,1.43
2012.04.19 10:32:03.303,1.54706,1.54734,3.34,1.43
2012.04.19 10:32:03.377,1.54706,1.54732,1.84,1.43
2012.04.19 10:32:03.504,1.54706,1.54737,1.84,1.43
2012.04.19 10:32:03.704,1.54708,1.54738,1.43,1.43
2012.04.19 10:32:05.016,1.54705,1.54732,1.88,1.43
2012.04.19 10:32:05.357,1.54705,1.5473,1.88,1.43
2012.04.19 10:32:05.679,1.54705,1.54728,1.88,1.43
2012.04.19 10:32:05.945,1.54705,1.54731,1.88,1.43
2012.04.19 10:32:06.136,1.54707,1.54735,1.43,1.50
2012.04.19 10:32:06.723,1.54705,1.5473,2.22,1.43
2012.04.19 10:32:07.075,1.54702,1.54728,2.22,1.43
2012.04.19 10:32:12.944,1.54697,1.54723,1.28,1.43
2012.04.19 10:32:14.613,1.54696,1.54724,1.09,1.50
2012.04.19 10:32:15.075,1.54697,1.54727,2.18,1.50
2012.04.19 10:32:15.274,1.54699,1.5473,2.25,1.50
2012.04.19 10:32:15.916,1.54699,1.5473,2.25,1.50
2012.04.19 10:32:16.044,1.54697,1.54728,3.68,1.50
2012.04.19 10:32:16.294,1.54699,1.54732,2.25,2.93
2012.04.19 10:32:16.483,1.54701,1.54726,1.88,1.43
2012.04.19 10:32:16.920,1.547,1.5473,2.25,1.50
2012.04.19 10:32:17.496,1.54702,1.54731,1.88,1.43
2012.04.19 10:32:19.757,1.54702,1.54731,1.88,1.43
2012.04.19 10:32:20.413,1.54698,1.54731,2.94,2.25
2012.04.19 10:32:20.993,1.54697,1.54725,1.44,1.43
2012.04.19 10:32:21.296,1.547,1.5473,2.25,1.50
2012.04.19 10:32:24.894,1.54702,1.54732,1.88,1.43
2012.04.19 10:32:25.424,1.54705,1.54731,1.88,1.43
2012.04.19 10:32:25.495,1.54707,1.54736,1.43,1.50
2012.04.19 10:32:25.887,1.5471,1.54739,1.50,1.43
2012.04.19 10:32:26.636,1.54709,1.54738,1.50,2.18
2012.04.19 10:32:26.985,1.54709,1.54732,1.50,1.43
2012.04.19 10:32:27.302,1.54713,1.54728,1.50,1.43
2012.04.19 10:32:27.675,1.54709,1.54728,1.50,1.43
2012.04.19 10:32:29.024,1.54709,1.54727,1.50,1.43
2012.04.19 10:32:29.426,1.54709,1.5473,1.50,1.43
2012.04.19 10:32:29.495,1.5471,1.54732,1.50,1.43
2012.04.19 10:32:30.354,1.54707,1.54732,1.50,1.43
2012.04.19 10:32:31.091,1.54706,1.54732,1.50,1.43
2012.04.19 10:32:33.814,1.54705,1.54732,1.88,1.43
2012.04.19 10:32:34.379,1.54705,1.54731,1.88,1.43
2012.04.19 10:32:34.444,1.54708,1.54731,1.50,1.43
2012.04.19 10:32:35.316,1.54707,1.54731,1.50,1.43
2012.04.19 10:32:35.852,1.54711,1.54731,1.50,1.43
2012.04.19 10:32:35.974,1.54711,1.54739,1.50,1.43
2012.04.19 10:32:36.455,1.54708,1.54738,3.00,1.50
2012.04.19 10:32:36.524,1.54715,1.54739,1.50,1.43
2012.04.19 10:32:36.596,1.54715,1.54741,1.50,2.93
2012.04.19 10:32:36.665,1.54712,1.54741,3.00,1.43
2012.04.19 10:32:37.047,1.5471,1.54741,1.50,2.93
2012.04.19 10:32:37.213,1.54708,1.54741,1.50,2.93
2012.04.19 10:32:37.852,1.54707,1.54737,1.58,1.50
2012.04.19 10:32:38.135,1.54709,1.5474,1.50,3.00
2012.04.19 10:32:38.655,1.54711,1.54741,1.50,1.43
2012.04.19 10:32:39.120,1.54708,1.54736,1.43,1.50
2012.04.19 10:32:39.424,1.54704,1.54728,1.06,1.43
2012.04.19 10:32:39.556,1.5471,1.54732,1.50,1.43
2012.04.19 10:32:39.625,1.54712,1.54732,1.50,1.43
2012.04.19 10:32:39.815,1.54712,1.54739,1.50,2.25
2012.04.19 10:32:39.883,1.54706,1.54738,1.44,1.50
2012.04.19 10:32:39.967,1.54705,1.54738,3.68,2.25
2012.04.19 10:32:40.036,1.54708,1.54738,1.50,2.25
2012.04.19 10:32:40.344,1.54716,1.54739,1.50,1.43
2012.04.19 10:32:40.507,1.54714,1.54739,1.50,1.43
2012.04.19 10:32:41.334,1.54711,1.54739,1.50,1.43
2012.04.19 10:32:41.832,1.54709,1.54739,1.50,2.93
2012.04.19 10:32:42.326,1.54707,1.54739,2.19,2.93
2012.04.19 10:32:43.802,1.54708,1.54739,1.50,2.93
2012.04.19 10:32:43.863,1.5471,1.54739,1.50,1.43
2012.04.19 10:32:46.833,1.5471,1.54742,1.50,2.93
2012.04.19 10:32:47.293,1.5471,1.5474,1.50,1.50
2012.04.19 10:32:47.362,1.54706,1.54739,4.36,1.50
2012.04.19 10:32:48.254,1.5471,1.54741,1.50,1.50
2012.04.19 10:32:49.654,1.5471,1.54741,2.19,1.50
2012.04.19 10:32:49.963,1.54717,1.54738,1.09,1.50
2012.04.19 10:32:50.215,1.54717,1.54748,1.09,3.30
2012.04.19 10:32:50.285,1.54722,1.54748,1.43,1.88
2012.04.19 10:32:51.097,1.54724,1.54755,1.50,3.68
2012.04.19 10:32:51.730,1.5472,1.54747,1.50,1.43
2012.04.19 10:32:51.926,1.5472,1.54743,1.50,1.43
2012.04.19 10:32:52.117,1.54717,1.54743,1.50,1.43
2012.04.19 10:32:52.557,1.54716,1.54746,1.50,1.50
2012.04.19 10:32:52.687,1.54718,1.54747,1.50,1.13
2012.04.19 10:32:53.005,1.54722,1.54747,1.50,1.13
2012.04.19 10:32:53.671,1.54722,1.54747,1.50,1.13
2012.04.19 10:32:54.342,1.54722,1.5475,1.50,1.80
2012.04.19 10:32:55.121,1.54719,1.5475,1.50,4.80
2012.04.19 10:32:55.186,1.54716,1.54747,1.50,1.88
2012.04.19 10:32:55.938,1.54713,1.54745,1.50,1.50
2012.04.19 10:32:56.005,1.54717,1.54745,1.43,1.50
2012.04.19 10:32:56.074,1.54717,1.54747,1.43,1.88
2012.04.19 10:32:57.057,1.54716,1.54744,1.50,2.18
2012.04.19 10:32:57.364,1.54713,1.54738,1.50,1.13
2012.04.19 10:32:57.675,1.54707,1.54728,2.25,1.43
2012.04.19 10:32:57.745,1.54705,1.54736,1.13,2.25
2012.04.19 10:32:58.365,1.54706,1.54737,1.50,1.13
2012.04.19 10:32:58.554,1.54706,1.54738,1.50,1.43
2012.04.19 10:32:59.005,1.54705,1.54735,1.88,1.50
2012.04.19 10:32:59.378,1.54704,1.54733,1.88,1.50
2012.04.19 10:32:59.685,1.54702,1.54731,1.06,1.50
2012.04.19 10:32:59.994,1.54698,1.54724,2.25,1.43
2012.04.19 10:33:00.613,1.54692,1.54724,1.50,2.93
2012.04.19 10:33:01.212,1.5469,1.5472,1.44,1.50
2012.04.19 10:33:03.195,1.54689,1.5472,3.09,1.50
2012.04.19 10:33:03.324,1.54692,1.54722,1.50,2.93
2012.04.19 10:33:03.868,1.54692,1.54723,1.50,1.50
2012.04.19 10:33:03.995,1.54692,1.54723,2.25,1.50
2012.04.19 10:33:04.184,1.54698,1.54729,1.50,1.88
2012.04.19 10:33:04.714,1.54698,1.54729,1.50,1.88
2012.04.19 10:33:06.168,1.54698,1.54729,1.50,1.88
2012.04.19 10:33:06.417,1.54703,1.54726,1.50,1.88
2012.04.19 10:33:06.606,1.54699,1.5473,1.50,1.88
2012.04.19 10:33:06.795,1.54702,1.54732,1.50,2.18
2012.04.19 10:33:07.173,1.54699,1.54729,1.50,1.88
2012.04.19 10:33:07.508,1.54705,1.54731,1.50,2.18
2012.04.19 10:33:08.615,1.54705,1.54733,1.50,2.18
2012.04.19 10:33:15.076,1.54705,1.54733,1.50,2.18
2012.04.19 10:33:15.204,1.547,1.54733,2.25,3.68
2012.04.19 10:33:15.275,1.54707,1.54733,1.50,1.43
2012.04.19 10:33:15.344,1.54712,1.54733,1.50,1.43
2012.04.19 10:33:15.477,1.54712,1.54742,1.50,1.50
2012.04.19 10:33:15.607,1.54714,1.54744,1.50,3.68
2012.04.19 10:33:15.676,1.54711,1.54742,1.43,1.50
2012.04.19 10:33:17.517,1.54713,1.54742,1.50,1.50
2012.04.19 10:33:18.141,1.54711,1.54736,1.43,1.50
2012.04.19 10:33:20.953,1.54705,1.54736,2.97,2.93
2012.04.19 10:33:21.083,1.5471,1.54736,1.43,1.50
2012.04.19 10:33:22.434,1.54718,1.54745,1.50,1.43
2012.04.19 10:33:22.818,1.54715,1.54745,1.50,2.93
2012.04.19 10:33:23.325,1.54713,1.54745,1.50,1.43
2012.04.19 10:33:23.455,1.5471,1.54743,2.93,1.50
2012.04.19 10:33:23.524,1.5471,1.54739,1.43,1.50
2012.04.19 10:33:23.889,1.5471,1.54736,1.43,1.50
2012.04.19 10:33:25.959,1.54702,1.54733,3.61,1.50
2012.04.19 10:33:26.325,1.54701,1.54731,1.43,1.50
2012.04.19 10:33:26.855,1.54701,1.54728,1.43,1.50
2012.04.19 10:33:28.547,1.54702,1.54728,1.50,1.50
2012.04.19 10:33:28.614,1.54704,1.54735,1.50,2.93
2012.04.19 10:33:28.685,1.54711,1.54735,1.50,1.43
2012.04.19 10:33:29.355,1.54711,1.54734,1.50,2.18
2012.04.19 10:33:29.666,1.54706,1.54734,1.50,2.93
2012.04.19 10:33:29.737,1.54711,1.54739,1.50,2.18
2012.04.19 10:33:30.048,1.5471,1.54743,1.50,1.50
2012.04.19 10:33:30.557,1.54718,1.54746,1.50,1.43
2012.04.19 10:33:30.987,1.54716,1.54745,1.50,1.50
2012.04.19 10:33:31.058,1.54714,1.54745,1.50,2.25
2012.04.19 10:33:31.459,1.54714,1.54744,1.50,1.09
2012.04.19 10:33:31.794,1.54709,1.54736,1.50,2.18
2012.04.19 10:33:31.926,1.54709,1.54736,1.50,1.43
2012.04.19 10:33:32.054,1.54709,1.5474,1.50,2.55
2012.04.19 10:33:32.124,1.54709,1.5474,1.50,1.80
2012.04.19 10:33:32.196,1.54712,1.54741,1.50,1.13
2012.04.19 10:33:32.505,1.54715,1.54742,1.50,1.13
2012.04.19 10:33:33.576,1.54715,1.54736,1.50,1.43
2012.04.19 10:33:34.056,1.54707,1.54736,1.50,2.18
2012.04.19 10:33:34.387,1.54709,1.54736,1.50,2.18
2012.04.19 10:33:34.746,1.54706,1.54736,1.50,2.18
2012.04.19 10:33:34.815,1.54703,1.54736,1.50,3.68
2012.04.19 10:33:35.277,1.54706,1.54736,1.50,2.18
2012.04.19 10:33:36.648,1.54704,1.54735,1.50,2.25
2012.04.19 10:33:36.716,1.54704,1.54735,1.50,2.25
2012.04.19 10:33:36.787,1.54701,1.54732,1.43,2.25
2012.04.19 10:33:37.473,1.54697,1.54727,2.56,2.18
2012.04.19 10:33:37.547,1.54697,1.54727,1.88,2.18
2012.04.19 10:33:38.088,1.54697,1.54717,1.88,1.43
2012.04.19 10:33:39.503,1.54693,1.54717,1.88,1.43
2012.04.19 10:33:40.034,1.54696,1.54717,1.88,1.77
2012.04.19 10:33:40.723,1.54692,1.54717,2.25,1.77
2012.04.19 10:33:44.475,1.54692,1.54717,2.25,3.27
2012.04.19 10:33:45.007,1.54688,1.54717,3.75,1.43
2012.04.19 10:33:46.350,1.54694,1.54717,1.88,1.43
2012.04.19 10:33:46.905,1.54687,1.54716,2.18,1.84
2012.04.19 10:33:47.406,1.54692,1.54716,2.18,1.84
2012.04.19 10:33:47.717,1.54689,1.54719,1.05,1.50
2012.04.19 10:33:48.402,1.54689,1.54714,1.50,1.50
2012.04.19 10:33:50.488,1.54692,1.54716,1.50,1.80
2012.04.19 10:33:50.557,1.54689,1.54716,1.50,2.14
2012.04.19 10:33:50.627,1.54687,1.54707,1.50,1.43
2012.04.19 10:33:50.696,1.54684,1.54707,1.50,1.43
2012.04.19 10:33:50.828,1.54681,1.54705,1.50,1.50
2012.04.19 10:33:50.955,1.54683,1.54705,1.50,1.43
2012.04.19 10:33:51.785,1.5468,1.54705,1.50,1.43
2012.04.19 10:33:51.916,1.54676,1.54705,1.50,1.43
2012.04.19 10:33:51.985,1.5468,1.54705,1.50,1.43
2012.04.19 10:33:52.054,1.5468,1.5471,1.50,1.43
2012.04.19 10:33:52.185,1.54683,1.5471,1.50,1.43
2012.04.19 10:33:52.497,1.54688,1.54711,1.50,1.43
2012.04.19 10:33:52.795,1.54686,1.54711,1.50,1.43
2012.04.19 10:33:53.267,1.54686,1.54717,1.50,1.50
2012.04.19 10:33:53.459,1.54689,1.5472,1.88,2.25
2012.04.19 10:33:53.585,1.54692,1.54724,1.80,1.50
2012.04.19 10:33:53.657,1.54692,1.5472,1.80,1.50
2012.04.19 10:33:54.163,1.54692,1.54724,1.80,1.50
2012.04.19 10:33:54.231,1.54692,1.5472,1.80,1.50
2012.04.19 10:33:54.635,1.54689,1.5472,1.50,1.50
2012.04.19 10:33:55.065,1.54692,1.54722,3.00,1.43
2012.04.19 10:33:55.375,1.54689,1.54721,1.50,1.50
2012.04.19 10:33:55.506,1.54686,1.54716,2.19,1.50
2012.04.19 10:33:56.721,1.54685,1.54716,1.88,1.50
2012.04.19 10:33:57.356,1.54682,1.54714,2.49,1.50
2012.04.19 10:33:57.665,1.54681,1.54709,2.25,1.50
2012.04.19 10:33:58.069,1.54678,1.54706,3.61,1.50
2012.04.19 10:33:58.136,1.54679,1.5471,2.25,1.50
2012.04.19 10:33:58.443,1.54682,1.54712,1.88,1.43
2012.04.19 10:33:58.968,1.54684,1.54708,1.50,1.43
2012.04.19 10:33:59.096,1.54686,1.54717,1.50,2.93
2012.04.19 10:33:59.759,1.54684,1.54712,1.43,1.50
2012.04.19 10:34:00.283,1.54683,1.54712,1.43,1.50
2012.04.19 10:34:00.795,1.54685,1.54716,1.50,1.50
2012.04.19 10:34:00.864,1.54683,1.54714,1.43,1.50
2012.04.19 10:34:03.064,1.54681,1.54714,1.50,1.50
2012.04.19 10:34:03.138,1.54685,1.54716,1.50,1.50
2012.04.19 10:34:03.264,1.54681,1.54714,1.50,1.50
2012.04.19 10:34:03.776,1.54683,1.54714,1.50,1.50
2012.04.19 10:34:03.846,1.54684,1.54717,1.50,1.50
2012.04.19 10:34:07.743,1.54685,1.54717,1.50,1.50
2012.04.19 10:34:07.814,1.54687,1.5472,1.50,2.25
2012.04.19 10:34:08.433,1.54687,1.5472,1.50,2.25
2012.04.19 10:34:13.415,1.54687,1.54719,1.50,1.13
2012.04.19 10:34:13.484,1.54684,1.54716,1.50,1.88
2012.04.19 10:34:13.554,1.54681,1.54714,1.50,1.50
2012.04.19 10:34:13.624,1.54681,1.54711,1.50,1.43
2012.04.19 10:34:13.933,1.54685,1.54711,1.50,1.43
2012.04.19 10:34:16.916,1.54682,1.54711,1.50,1.43
2012.04.19 10:34:17.054,1.54688,1.54711,1.50,1.43
2012.04.19 10:34:17.130,1.54686,1.54716,1.43,1.80
2012.04.19 10:34:17.314,1.54682,1.54711,3.00,1.43
2012.04.19 10:34:21.713,1.54684,1.54711,1.28,1.43
2012.04.19 10:34:22.378,1.54691,1.54713,1.43,1.50
2012.04.19 10:34:23.074,1.54701,1.54713,1.43,1.50
2012.04.19 10:34:23.145,1.54701,1.54719,1.43,1.88
2012.04.19 10:34:23.214,1.54701,1.54719,1.43,1.50
2012.04.19 10:34:23.284,1.54691,1.54719,2.49,1.50
2012.04.19 10:34:23.356,1.54694,1.54727,1.88,3.68
2012.04.19 10:34:23.543,1.54694,1.54727,1.88,2.93
2012.04.19 10:34:23.604,1.54697,1.54727,1.50,1.43
2012.04.19 10:34:25.658,1.54701,1.54727,1.50,1.43
2012.04.19 10:34:26.166,1.54701,1.54728,1.50,2.18
2012.04.19 10:34:26.715,1.54701,1.54728,1.50,1.80
2012.04.19 10:34:26.846,1.54695,1.54723,1.50,1.43
2012.04.19 10:34:27.095,1.54698,1.54723,1.50,1.43
2012.04.19 10:34:27.734,1.54695,1.54723,1.88,1.43
2012.04.19 10:34:29.906,1.54692,1.54723,1.88,2.93
2012.04.19 10:34:30.034,1.54693,1.5472,1.88,1.50
2012.04.19 10:34:30.836,1.54691,1.5472,1.80,1.50
2012.04.19 10:34:30.908,1.54691,1.54722,1.80,1.50
2012.04.19 10:34:32.203,1.54689,1.54722,2.25,2.25
2012.04.19 10:34:32.764,1.54689,1.54722,2.25,2.25
2012.04.19 10:34:33.279,1.54684,1.54715,2.33,1.50
2012.04.19 10:34:35.236,1.54682,1.54715,1.65,1.50
2012.04.19 10:34:35.365,1.54681,1.54711,2.19,1.50
2012.04.19 10:34:35.494,1.5468,1.54711,2.56,1.50
2012.04.19 10:34:36.628,1.5468,1.54711,2.19,1.50
2012.04.19 10:34:36.696,1.54678,1.54707,2.25,1.50
2012.04.19 10:34:37.006,1.54679,1.54701,1.43,1.50
2012.04.19 10:34:37.076,1.54679,1.54705,1.43,1.50
2012.04.19 10:34:37.145,1.54685,1.54708,1.43,1.50
2012.04.19 10:34:37.344,1.54685,1.5471,1.43,1.50
2012.04.19 10:34:37.418,1.54685,1.54712,1.43,1.50
2012.04.19 10:34:37.489,1.54686,1.54716,1.50,1.13
2012.04.19 10:34:37.892,1.54685,1.54714,1.43,2.25
2012.04.19 10:34:38.357,1.54688,1.54716,1.50,1.88
2012.04.19 10:34:38.654,1.54686,1.54716,1.50,2.63
2012.04.19 10:34:39.193,1.54687,1.54716,1.50,1.88
2012.04.19 10:34:39.973,1.54687,1.54716,1.50,1.13
2012.04.19 10:34:40.276,1.54685,1.54708,1.43,2.25
2012.04.19 10:34:40.983,1.54685,1.54707,1.43,2.63
2012.04.19 10:34:41.051,1.54678,1.54704,1.50,2.18
2012.04.19 10:34:41.117,1.54675,1.54704,1.50,2.18
2012.04.19 10:34:41.185,1.54675,1.54704,1.50,2.18
2012.04.19 10:34:42.267,1.54677,1.54704,1.50,1.43
2012.04.19 10:34:42.334,1.54677,1.54707,1.50,2.18
2012.04.19 10:34:42.468,1.54679,1.54707,1.50,2.18
2012.04.19 10:34:43.305,1.54674,1.54707,2.93,1.50
2012.04.19 10:34:43.496,1.54679,1.54709,1.50,2.18
2012.04.19 10:34:43.943,1.54675,1.54706,1.50,1.50
2012.04.19 10:34:44.005,1.54677,1.54709,1.50,2.18
2012.04.19 10:34:44.705,1.54681,1.54709,1.50,2.18
2012.04.19 10:34:45.073,1.54681,1.54712,1.50,1.50
2012.04.19 10:34:45.265,1.54687,1.54712,1.43,1.50
2012.04.19 10:34:45.396,1.54684,1.54713,1.43,1.50
2012.04.19 10:34:45.468,1.54684,1.54711,2.18,1.50
2012.04.19 10:34:45.776,1.54693,1.54713,1.43,1.50
2012.04.19 10:34:46.283,1.54693,1.54714,1.43,1.50
2012.04.19 10:34:47.198,1.54698,1.54717,1.43,1.88
2012.04.19 10:34:47.269,1.54698,1.54723,1.43,1.50
2012.04.19 10:34:47.393,1.54698,1.54721,1.43,1.50
2012.04.19 10:34:48.288,1.54698,1.54723,1.43,1.50
2012.04.19 10:34:48.356,1.54698,1.54725,1.43,1.50
2012.04.19 10:34:48.615,1.54698,1.54723,1.43,1.50
2012.04.19 10:34:49.043,1.54691,1.54719,2.18,1.50
2012.04.19 10:34:49.175,1.54693,1.54721,1.88,1.50
2012.04.19 10:34:49.244,1.54693,1.54724,1.88,1.50
2012.04.19 10:34:49.374,1.54695,1.54727,1.88,1.50
2012.04.19 10:34:49.864,1.54693,1.54724,3.38,1.50
2012.04.19 10:34:50.588,1.54693,1.54724,1.88,1.50
2012.04.19 10:34:51.018,1.54698,1.54726,1.43,1.50
2012.04.19 10:34:51.087,1.54698,1.54728,1.43,2.25
2012.04.19 10:34:51.161,1.54698,1.54725,1.43,1.50
2012.04.19 10:34:51.405,1.54698,1.54729,1.50,1.50
2012.04.19 10:34:51.884,1.54696,1.54727,1.88,1.50
2012.04.19 10:34:53.814,1.54697,1.54723,1.80,1.50
2012.04.19 10:34:54.123,1.54702,1.54728,1.43,1.50
2012.04.19 10:34:54.314,1.54698,1.54728,1.43,1.50
2012.04.19 10:34:54.893,1.54698,1.54725,1.43,1.50
2012.04.19 10:34:55.824,1.54695,1.54725,1.80,1.50
2012.04.19 10:34:58.116,1.54695,1.54721,1.80,1.50
2012.04.19 10:34:59.038,1.54695,1.54721,1.80,2.25
2012.04.19 10:34:59.111,1.54695,1.54721,1.80,1.50
2012.04.19 10:34:59.691,1.5469,1.54721,3.68,1.50
2012.04.19 10:35:00.097,1.5469,1.54716,2.18,1.50
2012.04.19 10:35:00.654,1.5469,1.54714,2.18,1.50
2012.04.19 10:35:01.372,1.5469,1.54714,2.18,1.50
2012.04.19 10:35:01.615,1.5469,1.54722,2.18,1.50
2012.04.19 10:35:01.689,1.5469,1.54718,2.18,1.50
2012.04.19 10:35:01.993,1.5469,1.54712,2.18,1.50
2012.04.19 10:35:02.522,1.54691,1.54714,2.25,1.50
2012.04.19 10:35:02.586,1.54692,1.54719,1.88,1.50
2012.04.19 10:35:02.655,1.5469,1.54714,2.18,1.50
2012.04.19 10:35:03.175,1.5469,1.54714,2.18,1.50
2012.04.19 10:35:08.129,1.5469,1.54716,2.18,3.00
2012.04.19 10:35:11.566,1.54698,1.54716,1.43,1.50
2012.04.19 10:35:11.706,1.54698,1.54719,1.43,1.50
2012.04.19 10:35:12.804,1.5469,1.54718,1.44,1.43
2012.04.19 10:35:12.936,1.54687,1.54716,1.44,1.50
2012.04.19 10:35:13.244,1.54685,1.54709,2.18,1.50
2012.04.19 10:35:13.755,1.54686,1.54719,2.25,2.25
2012.04.19 10:35:17.606,1.54689,1.54719,2.25,2.18
2012.04.19 10:35:18.436,1.5469,1.54718,2.25,2.18
2012.04.19 10:35:20.887,1.54683,1.54714,3.68,1.50
2012.04.19 10:35:21.214,1.54683,1.54714,2.25,1.88
2012.04.19 10:35:21.286,1.54683,1.54712,1.50,1.13
2012.04.19 10:35:21.835,1.54689,1.5471,1.43,1.50
2012.04.19 10:35:21.906,1.54689,1.54715,1.43,1.88
2012.04.19 10:35:21.975,1.54694,1.54718,1.50,1.13
2012.04.19 10:35:22.617,1.54694,1.54718,1.50,1.13
2012.04.19 10:35:23.194,1.5469,1.54716,1.50,1.13
2012.04.19 10:35:24.175,1.54689,1.54715,1.50,1.13
2012.04.19 10:35:24.306,1.54691,1.54718,1.50,1.13
2012.04.19 10:35:24.643,1.54693,1.54715,1.50,1.13
2012.04.19 10:35:25.145,1.54689,1.54715,1.50,1.13
2012.04.19 10:35:25.215,1.54691,1.54719,1.50,1.13
2012.04.19 10:35:25.535,1.54688,1.54718,1.50,1.88
2012.04.19 10:35:25.725,1.54684,1.54715,1.50,1.13
2012.04.19 10:35:26.160,1.54681,1.54711,1.43,1.50
2012.04.19 10:35:26.344,1.54682,1.54713,1.50,1.50
2012.04.19 10:35:26.475,1.54682,1.54713,2.25,1.50
2012.04.19 10:35:26.835,1.5469,1.54713,1.43,1.50
2012.04.19 10:35:26.905,1.5469,1.54716,1.43,1.50
2012.04.19 10:35:29.825,1.5469,1.54713,1.43,1.50
2012.04.19 10:35:30.084,1.54682,1.54713,2.25,2.25
2012.04.19 10:35:30.156,1.54681,1.54711,2.18,1.50
2012.04.19 10:35:37.532,1.54681,1.54711,1.43,1.50
2012.04.19 10:35:38.134,1.54681,1.54708,1.43,1.50
2012.04.19 10:35:46.784,1.54681,1.54711,1.43,1.50
2012.04.19 10:35:47.212,1.54681,1.54709,1.43,1.50
2012.04.19 10:35:51.150,1.54681,1.54712,1.43,1.50
2012.04.19 10:35:55.815,1.54678,1.54706,2.93,1.50
2012.04.19 10:35:56.676,1.5468,1.54706,1.43,1.50
2012.04.19 10:35:57.146,1.5468,1.54707,1.50,3.68
2012.04.19 10:35:57.222,1.54681,1.54707,1.50,1.43
2012.04.19 10:35:57.288,1.54679,1.54707,1.50,1.43
2012.04.19 10:35:57.354,1.54677,1.54707,1.50,1.43
2012.04.19 10:35:57.425,1.54682,1.54707,1.50,1.43
2012.04.19 10:35:57.778,1.54684,1.54707,1.50,1.43
2012.04.19 10:35:57.845,1.54682,1.54707,1.50,1.43
2012.04.19 10:35:58.429,1.54681,1.54707,1.50,1.43
2012.04.19 10:35:58.774,1.54681,1.54707,1.50,2.18
2012.04.19 10:35:58.967,1.5468,1.54707,1.50,1.43
2012.04.19 10:35:59.175,1.54682,1.54707,1.50,1.43
2012.04.19 10:36:02.026,1.54682,1.54711,1.50,2.18
2012.04.19 10:36:08.065,1.5468,1.5471,1.50,2.25
2012.04.19 10:36:08.133,1.54678,1.5471,1.50,2.25
2012.04.19 10:36:08.924,1.54678,1.54709,2.93,1.13
2012.04.19 10:36:09.233,1.54678,1.54706,1.50,1.50
2012.04.19 10:36:09.364,1.54678,1.54707,1.50,1.13
2012.04.19 10:36:09.615,1.54678,1.54706,1.50,1.50
2012.04.19 10:36:09.805,1.5468,1.54705,1.43,2.25
2012.04.19 10:36:09.873,1.5468,1.54705,1.43,1.50
2012.04.19 10:36:10.398,1.5468,1.54705,1.43,2.25
2012.04.19 10:36:10.726,1.5468,1.54699,1.43,1.50
2012.04.19 10:36:11.014,1.5468,1.54701,1.43,1.50
2012.04.19 10:36:11.084,1.5468,1.54706,1.43,2.25
2012.04.19 10:36:11.774,1.5468,1.54706,1.43,1.50
2012.04.19 10:36:12.472,1.5468,1.54708,1.43,3.00
2012.04.19 10:36:12.725,1.54678,1.54705,1.43,1.50
2012.04.19 10:36:12.855,1.54674,1.54704,1.50,1.43
2012.04.19 10:36:13.135,1.54678,1.54708,1.50,3.68
2012.04.19 10:36:13.504,1.54681,1.54709,1.50,2.18
2012.04.19 10:36:13.854,1.54679,1.54707,1.50,1.50
2012.04.19 10:36:13.922,1.54675,1.54707,2.49,1.50
2012.04.19 10:36:14.260,1.54679,1.54707,1.43,1.50
2012.04.19 10:36:14.324,1.54675,1.54707,2.49,1.50
2012.04.19 10:36:14.568,1.5468,1.54707,1.43,1.50
2012.04.19 10:36:15.128,1.5468,1.5471,1.43,2.25
2012.04.19 10:36:15.637,1.5468,1.54707,1.43,1.50
2012.04.19 10:36:16.083,1.5468,1.5471,1.43,3.00
2012.04.19 10:36:17.537,1.54679,1.54709,1.50,1.43
2012.04.19 10:36:17.604,1.54677,1.54707,1.84,1.50
2012.04.19 10:36:17.945,1.54682,1.54713,1.50,4.43
2012.04.19 10:36:19.324,1.54682,1.5471,1.50,1.43
2012.04.19 10:36:19.932,1.54686,1.54708,1.50,1.43
2012.04.19 10:36:20.514,1.54686,1.54713,1.50,2.18
2012.04.19 10:36:20.585,1.54688,1.54713,1.50,2.18
2012.04.19 10:36:20.773,1.54688,1.54715,1.50,1.43
2012.04.19 10:36:22.096,1.54691,1.54715,1.50,1.43
2012.04.19 10:36:22.286,1.54688,1.54716,1.50,1.43
2012.04.19 10:36:22.357,1.54686,1.54713,2.93,1.50
2012.04.19 10:36:22.576,1.54686,1.54715,1.43,3.00
2012.04.19 10:36:22.646,1.54688,1.54715,1.43,1.50
2012.04.19 10:36:22.949,1.54688,1.54713,1.43,1.50
2012.04.19 10:36:23.014,1.54688,1.54715,1.43,1.50
2012.04.19 10:36:23.385,1.54688,1.54713,1.43,1.50
2012.04.19 10:36:23.780,1.54688,1.54716,1.43,3.00
2012.04.19 10:36:23.847,1.54688,1.54714,1.43,1.50
2012.04.19 10:36:24.355,1.54687,1.54714,1.43,1.50
2012.04.19 10:36:24.724,1.54683,1.54707,1.88,1.43
2012.04.19 10:36:24.856,1.54691,1.54716,1.50,1.77
2012.04.19 10:36:25.045,1.54693,1.54716,1.50,1.77
2012.04.19 10:36:25.174,1.54689,1.54716,1.50,1.77
2012.04.19 10:36:28.686,1.54694,1.54715,1.50,1.09
2012.04.19 10:36:28.755,1.54692,1.54715,1.50,1.09
2012.04.19 10:36:28.825,1.5469,1.54715,1.50,1.09
2012.04.19 10:36:29.026,1.54683,1.54713,1.80,2.25
2012.04.19 10:36:29.764,1.54683,1.54713,1.43,2.25
2012.04.19 10:36:30.315,1.54673,1.54706,2.53,1.50
2012.04.19 10:36:30.514,1.54679,1.54712,1.50,1.50
2012.04.19 10:36:30.645,1.54682,1.54712,1.43,1.50
2012.04.19 10:36:33.155,1.54684,1.54712,1.43,1.50
2012.04.19 10:36:33.745,1.54684,1.54713,1.43,1.50
2012.04.19 10:36:34.056,1.54691,1.54718,1.50,1.43
2012.04.19 10:36:34.425,1.5469,1.54714,1.50,1.50
2012.04.19 10:36:34.494,1.54688,1.54717,1.50,1.50
2012.04.19 10:36:34.684,1.54692,1.54718,1.50,1.43
2012.04.19 10:36:40.453,1.54688,1.54718,1.50,1.43
2012.04.19 10:36:40.615,1.5469,1.54718,1.50,1.43
2012.04.19 10:36:40.886,1.54685,1.54718,1.50,2.93
2012.04.19 10:36:41.087,1.5469,1.54718,1.50,1.43
2012.04.19 10:36:41.413,1.54693,1.54722,1.43,2.63
2012.04.19 10:36:41.882,1.54693,1.54723,1.43,1.50
2012.04.19 10:36:42.429,1.54693,1.54721,1.43,1.50
2012.04.19 10:36:43.324,1.54693,1.54723,1.43,1.50
2012.04.19 10:36:43.755,1.54693,1.5472,1.43,1.50
2012.04.19 10:36:43.944,1.54693,1.54724,1.43,1.50
2012.04.19 10:36:45.086,1.54692,1.54723,1.50,1.50
2012.04.19 10:36:45.216,1.54686,1.54718,1.06,2.59
2012.04.19 10:36:45.870,1.54686,1.54715,1.06,1.50
2012.04.19 10:36:46.510,1.54684,1.54715,1.80,1.50
2012.04.19 10:36:48.074,1.54684,1.54712,1.80,1.50
2012.04.19 10:36:49.224,1.54684,1.54712,2.18,1.50
2012.04.19 10:36:53.165,1.5468,1.54708,3.24,1.50
2012.04.19 10:36:53.366,1.54691,1.54715,1.50,1.43
2012.04.19 10:36:53.740,1.54691,1.54719,1.50,1.43
2012.04.19 10:36:53.811,1.54693,1.54718,1.43,1.50
2012.04.19 10:36:53.875,1.54686,1.54718,3.69,1.50
2012.04.19 10:36:53.946,1.54694,1.54727,1.50,3.68
2012.04.19 10:36:54.326,1.54692,1.54723,3.00,1.50
2012.04.19 10:36:54.691,1.54695,1.54726,1.50,2.63
2012.04.19 10:36:55.037,1.54687,1.54718,2.56,1.50
2012.04.19 10:36:57.027,1.54689,1.54722,1.50,1.50
2012.04.19 10:36:57.955,1.54689,1.54722,1.50,2.25
2012.04.19 10:36:58.892,1.54686,1.54719,2.56,2.25
2012.04.19 10:37:00.297,1.54689,1.54721,1.50,1.50
2012.04.19 10:37:00.891,1.54689,1.54722,1.88,1.50
2012.04.19 10:37:02.500,1.54693,1.54723,1.50,1.50
2012.04.19 10:37:02.879,1.54691,1.54721,1.50,1.50
2012.04.19 10:37:02.949,1.54688,1.54721,1.88,1.50
2012.04.19 10:37:03.017,1.54688,1.54715,1.88,1.50
2012.04.19 10:37:03.335,1.54684,1.54713,2.18,1.50
2012.04.19 10:37:04.245,1.54684,1.54713,1.43,1.50
2012.04.19 10:37:06.698,1.54684,1.54715,2.93,1.50
2012.04.19 10:37:06.763,1.54684,1.54717,2.93,1.50
2012.04.19 10:37:10.004,1.54684,1.54717,2.93,2.25
2012.04.19 10:37:10.133,1.54682,1.54714,1.50,2.25
2012.04.19 10:37:10.255,1.54682,1.54712,1.50,1.43
2012.04.19 10:37:10.576,1.54685,1.54714,1.43,1.50
2012.04.19 10:37:10.705,1.54686,1.54717,1.50,1.50
2012.04.19 10:37:10.964,1.54686,1.54717,2.56,1.50
2012.04.19 10:37:11.275,1.54698,1.54728,1.50,3.00
2012.04.19 10:37:11.464,1.54698,1.54728,1.50,2.25
2012.04.19 10:37:11.534,1.54698,1.54728,1.50,2.25
2012.04.19 10:37:12.195,1.54695,1.54726,2.93,2.25
2012.04.19 10:37:13.225,1.54695,1.54721,2.11,1.50
2012.04.19 10:37:15.104,1.54693,1.54719,1.43,1.50
2012.04.19 10:37:17.026,1.54693,1.54721,1.43,1.50
2012.04.19 10:37:17.115,1.54693,1.54723,1.43,1.50
2012.04.19 10:37:17.815,1.54693,1.54721,1.43,1.50
2012.04.19 10:37:18.190,1.54693,1.54719,1.43,1.50
2012.04.19 10:37:18.658,1.54693,1.54721,1.43,1.50
2012.04.19 10:37:18.728,1.54694,1.54728,1.50,2.25
2012.04.19 10:37:18.965,1.54694,1.5473,1.50,1.50
2012.04.19 10:37:19.096,1.54697,1.5473,1.50,1.50
2012.04.19 10:37:19.661,1.54698,1.54731,1.50,1.43
2012.04.19 10:37:20.775,1.54697,1.5473,1.50,1.50
2012.04.19 10:37:21.321,1.54696,1.5473,1.50,1.50
2012.04.19 10:37:22.485,1.54696,1.54728,1.50,1.50
2012.04.19 10:37:22.794,1.54692,1.54721,1.44,1.43
2012.04.19 10:37:22.934,1.54693,1.54724,2.11,1.50
2012.04.19 10:37:23.484,1.54694,1.54726,1.50,1.50
2012.04.19 10:37:23.737,1.54692,1.54727,1.50,1.50
2012.04.19 10:37:23.807,1.5469,1.54723,2.93,1.50
2012.04.19 10:37:24.405,1.5469,1.54723,1.50,1.88
2012.04.19 10:37:24.701,1.54689,1.54713,1.50,2.18
2012.04.19 10:37:24.825,1.54687,1.54713,1.50,2.18
2012.04.19 10:37:25.076,1.54685,1.54713,1.50,2.18
2012.04.19 10:37:25.146,1.54688,1.54713,1.50,2.18
2012.04.19 10:37:25.274,1.54686,1.54713,1.50,2.18
2012.04.19 10:37:25.654,1.54681,1.54713,2.25,2.18
2012.04.19 10:37:26.193,1.54686,1.54713,1.50,2.18
2012.04.19 10:37:28.466,1.54694,1.54713,1.50,2.18
2012.04.19 10:37:28.893,1.54692,1.54713,1.50,2.18
2012.04.19 10:37:30.104,1.54688,1.54713,1.50,2.18
2012.04.19 10:37:30.797,1.54688,1.54713,1.50,2.18
2012.04.19 10:37:30.934,1.54683,1.54713,1.50,2.18
2012.04.19 10:37:31.004,1.54679,1.54713,3.61,2.18
2012.04.19 10:37:31.135,1.54688,1.54709,1.50,2.18
2012.04.19 10:37:31.465,1.54688,1.54709,1.50,2.18
2012.04.19 10:37:32.263,1.54684,1.54709,1.50,2.18
2012.04.19 10:37:32.345,1.54687,1.54709,1.50,2.18
2012.04.19 10:37:32.754,1.54687,1.54709,1.50,2.18
2012.04.19 10:37:32.824,1.54689,1.54709,1.50,2.18
2012.04.19 10:37:38.130,1.54687,1.54713,1.50,1.43
2012.04.19 10:37:38.197,1.54687,1.54716,1.43,1.50
2012.04.19 10:37:38.456,1.54703,1.54721,1.43,1.88
2012.04.19 10:37:38.585,1.54703,1.54725,1.43,1.88
2012.04.19 10:37:38.835,1.54694,1.54724,1.43,1.13
2012.04.19 10:37:39.214,1.54704,1.54728,1.50,2.18
2012.04.19 10:37:39.291,1.54699,1.54724,1.50,1.13
2012.04.19 10:37:39.358,1.54694,1.54724,2.93,1.47
2012.04.19 10:37:39.428,1.54694,1.54721,1.43,1.13
2012.04.19 10:37:39.497,1.5469,1.54713,1.50,1.43
2012.04.19 10:37:40.265,1.54689,1.54713,1.50,1.43
2012.04.19 10:37:40.804,1.54689,1.54712,1.50,1.43
2012.04.19 10:37:42.566,1.54686,1.54712,1.50,3.68
2012.04.19 10:37:42.694,1.54678,1.5471,2.56,2.25
2012.04.19 10:37:42.765,1.54678,1.5471,1.88,2.25
2012.04.19 10:37:43.316,1.54676,1.54709,4.80,2.25
2012.04.19 10:37:43.386,1.54676,1.54709,4.80,2.25
2012.04.19 10:37:44.812,1.54676,1.54709,3.30,2.25
2012.04.19 10:37:45.413,1.54676,1.54709,3.30,2.25
2012.04.19 10:37:45.724,1.54676,1.54709,3.30,2.25
2012.04.19 10:37:47.015,1.54679,1.54711,1.88,1.50
2012.04.19 10:37:47.144,1.54679,1.54711,2.56,2.25
2012.04.19 10:37:47.334,1.54681,1.54714,1.50,3.68
2012.04.19 10:37:48.077,1.54689,1.54714,1.50,2.18
2012.04.19 10:37:48.384,1.54681,1.54703,1.50,1.43
2012.04.19 10:37:49.434,1.54681,1.54713,1.50,4.43
2012.04.19 10:37:49.636,1.54687,1.54713,1.50,4.43
2012.04.19 10:37:49.966,1.54689,1.54713,1.50,2.18
2012.04.19 10:37:50.859,1.54687,1.54713,1.50,2.18
2012.04.19 10:37:51.481,1.54686,1.54713,1.50,2.18
2012.04.19 10:37:52.255,1.54674,1.54705,1.88,2.18
2012.04.19 10:37:52.328,1.54679,1.54705,1.50,2.18
2012.04.19 10:37:52.744,1.54676,1.54706,1.88,3.68
2012.04.19 10:37:53.717,1.54674,1.54706,1.88,2.55
2012.04.19 10:37:54.157,1.54671,1.54698,2.25,2.18
2012.04.19 10:37:54.740,1.54671,1.54698,2.25,1.43
2012.04.19 10:37:55.645,1.54675,1.54703,1.88,1.43
2012.04.19 10:37:57.686,1.54675,1.54703,1.88,1.43
2012.04.19 10:37:57.875,1.54678,1.54708,1.88,1.50
2012.04.19 10:37:57.945,1.54679,1.54712,1.50,2.25
2012.04.19 10:37:58.015,1.54679,1.54702,1.50,1.43
2012.04.19 10:37:58.523,1.54674,1.54702,2.40,1.43
2012.04.19 10:37:59.137,1.54676,1.54705,1.88,1.43
2012.04.19 10:37:59.598,1.54679,1.54708,1.50,1.43
2012.04.19 10:37:59.670,1.54679,1.5471,3.30,1.50
2012.04.19 10:37:59.853,1.54681,1.5471,1.43,1.50
2012.04.19 10:37:59.927,1.54681,1.54713,2.93,1.43
2012.04.19 10:38:00.353,1.54683,1.54714,1.50,1.50
2012.04.19 10:38:00.416,1.54684,1.54717,1.50,2.59
2012.04.19 10:38:02.358,1.54684,1.54715,1.50,1.43
2012.04.19 10:38:02.967,1.54684,1.54715,1.50,2.18
2012.04.19 10:38:03.294,1.54686,1.54711,1.50,2.18
2012.04.19 10:38:03.917,1.54686,1.54707,1.50,1.43
2012.04.19 10:38:08.937,1.54683,1.54707,3.00,1.43
2012.04.19 10:38:11.176,1.54683,1.54707,1.50,2.18
2012.04.19 10:38:11.317,1.54683,1.54707,1.50,1.43
2012.04.19 10:38:11.824,1.54683,1.54708,1.50,2.18
2012.04.19 10:38:12.715,1.54683,1.54707,1.50,1.13
2012.04.19 10:38:12.845,1.54673,1.54698,2.25,1.43
2012.04.19 10:38:13.474,1.54681,1.54698,1.50,1.43
2012.04.19 10:38:13.552,1.54668,1.547,2.19,1.50
2012.04.19 10:38:13.616,1.54667,1.547,1.50,1.50
2012.04.19 10:38:13.924,1.54675,1.547,1.50,1.50
2012.04.19 10:38:13.994,1.54676,1.54705,1.50,1.50
2012.04.19 10:38:14.946,1.54676,1.54704,1.50,1.13
2012.04.19 10:38:15.488,1.54676,1.54706,1.50,1.50
2012.04.19 10:38:15.617,1.54681,1.54706,1.50,1.50
2012.04.19 10:38:15.875,1.54681,1.54714,1.50,4.43
2012.04.19 10:38:15.944,1.54686,1.54714,1.50,2.93
2012.04.19 10:38:16.075,1.54683,1.54714,1.50,2.93
2012.04.19 10:38:16.205,1.54682,1.54714,1.50,2.93
2012.04.19 10:38:16.928,1.54682,1.5471,1.50,1.13
2012.04.19 10:38:18.277,1.54682,1.54711,1.50,1.50
2012.04.19 10:38:18.465,1.54682,1.54715,1.50,2.63
2012.04.19 10:38:19.355,1.54682,1.54715,1.50,2.63
2012.04.19 10:38:19.656,1.54682,1.54711,1.50,2.18
2012.04.19 10:38:19.845,1.54679,1.5471,1.50,1.88
2012.04.19 10:38:20.037,1.54682,1.54711,1.50,1.13
2012.04.19 10:38:22.056,1.54682,1.54712,1.50,2.25
2012.04.19 10:38:22.432,1.54675,1.54707,1.50,1.50
2012.04.19 10:38:22.499,1.54675,1.54703,1.50,1.43
2012.04.19 10:38:23.546,1.54677,1.54703,1.50,2.18
2012.04.19 10:38:24.085,1.54678,1.54703,1.50,2.18
2012.04.19 10:38:31.006,1.54676,1.54703,1.50,1.43
2012.04.19 10:39:01.833,1.54671,1.54703,1.50,2.18
2012.04.19 10:39:01.893,1.54675,1.54703,1.50,2.18
2012.04.19 10:39:02.877,1.54675,1.54706,1.50,3.00
2012.04.19 10:39:03.354,1.54677,1.54706,1.50,1.50
2012.04.19 10:39:04.604,1.54677,1.54708,1.50,2.55
2012.04.19 10:39:10.158,1.54677,1.54708,1.50,2.55
2012.04.19 10:39:13.275,1.54672,1.54705,2.93,1.50
2012.04.19 10:39:14.095,1.54672,1.54703,1.50,1.43
2012.04.19 10:39:14.784,1.54669,1.54702,1.50,1.50
2012.04.19 10:39:14.887,1.54671,1.54702,1.50,1.50
2012.04.19 10:39:15.638,1.54672,1.54703,1.50,2.18
2012.04.19 10:39:16.391,1.54675,1.54703,1.50,2.18
2012.04.19 10:39:16.573,1.54673,1.54703,1.50,3.68
2012.04.19 10:39:18.626,1.54675,1.54703,1.50,2.18
2012.04.19 10:39:18.947,1.54672,1.54703,1.50,2.18
2012.04.19 10:39:19.700,1.54671,1.54703,1.50,2.18
2012.04.19 10:39:19.795,1.54675,1.54703,1.50,2.18
2012.04.19 10:39:20.015,1.54673,1.54703,1.50,2.18
2012.04.19 10:39:20.665,1.54671,1.54703,3.00,2.18
2012.04.19 10:39:25.024,1.54676,1.54703,1.50,2.18
2012.04.19 10:39:25.335,1.54677,1.54706,1.43,1.88
2012.04.19 10:39:25.525,1.54677,1.54701,1.43,1.50
2012.04.19 10:39:25.714,1.54677,1.54706,1.43,2.63
2012.04.19 10:39:26.182,1.54676,1.54703,1.50,1.43
2012.04.19 10:39:26.424,1.54671,1.54703,1.43,2.93
2012.04.19 10:39:26.876,1.54676,1.54706,1.43,1.50
2012.04.19 10:39:27.533,1.54676,1.54708,2.93,4.80
2012.04.19 10:39:27.875,1.54679,1.54708,1.50,1.80
2012.04.19 10:39:28.503,1.5468,1.54708,1.50,1.80
2012.04.19 10:39:29.066,1.54676,1.54702,1.50,1.43
2012.04.19 10:39:29.196,1.54679,1.54707,1.43,1.88
2012.04.19 10:39:29.265,1.54683,1.54707,1.43,1.88
2012.04.19 10:39:30.475,1.54686,1.54711,1.50,1.50
2012.04.19 10:39:31.173,1.54689,1.54718,1.50,2.18
2012.04.19 10:39:31.636,1.54686,1.54718,1.50,3.68
2012.04.19 10:39:32.166,1.54685,1.54718,1.50,3.68
2012.04.19 10:39:32.234,1.54683,1.54715,2.93,2.25
2012.04.19 10:39:32.628,1.54685,1.54717,1.50,3.75
2012.04.19 10:39:33.057,1.54692,1.54717,1.43,2.25
2012.04.19 10:39:33.667,1.54696,1.5472,1.50,2.18
2012.04.19 10:39:33.736,1.54696,1.5472,1.88,1.43
2012.04.19 10:39:33.805,1.54702,1.54727,1.43,1.50
2012.04.19 10:39:34.624,1.54702,1.54725,1.43,1.50
2012.04.19 10:39:35.026,1.547,1.54727,1.50,2.93
2012.04.19 10:39:35.097,1.54698,1.54727,1.50,1.43
2012.04.19 10:39:35.163,1.54696,1.54727,1.88,1.43
2012.04.19 10:39:35.693,1.54694,1.54726,2.55,1.50
2012.04.19 10:39:36.207,1.547,1.54727,1.50,1.43
2012.04.19 10:39:37.463,1.54697,1.54727,3.00,1.43
2012.04.19 10:39:38.054,1.54699,1.54727,1.50,1.43
2012.04.19 10:39:39.983,1.54699,1.54732,1.50,2.93
2012.04.19 10:39:41.194,1.54699,1.54732,1.50,3.68
2012.04.19 10:39:41.384,1.54697,1.54728,1.50,2.93
2012.04.19 10:39:42.725,1.54694,1.54724,1.88,1.50
2012.04.19 10:39:42.967,1.54699,1.54728,1.50,1.43
2012.04.19 10:39:43.038,1.54696,1.54725,1.88,1.50
2012.04.19 10:39:43.669,1.54693,1.54723,1.80,1.50
2012.04.19 10:39:43.978,1.54691,1.54717,2.18,1.50
2012.04.19 10:39:44.525,1.54691,1.54718,2.18,1.50
2012.04.19 10:39:44.797,1.54691,1.54721,2.18,1.50
2012.04.19 10:39:45.302,1.54692,1.54722,1.13,1.50
2012.04.19 10:39:45.866,1.54692,1.54722,1.50,1.50
2012.04.19 10:39:46.816,1.54691,1.54718,2.18,1.50
2012.04.19 10:39:46.945,1.54691,1.5472,2.18,1.50
2012.04.19 10:39:49.105,1.54691,1.54719,2.18,1.50
2012.04.19 10:39:49.173,1.54687,1.54717,2.18,1.43
2012.04.19 10:39:55.333,1.54687,1.54716,2.18,1.50
2012.04.19 10:39:57.564,1.54691,1.54716,2.18,1.50
2012.04.19 10:39:57.684,1.54691,1.54719,2.18,1.50
2012.04.19 10:39:59.034,1.54691,1.5472,2.52,3.00
2012.04.19 10:40:00.880,1.54692,1.5472,1.09,1.50
2012.04.19 10:40:01.442,1.54692,1.54721,1.09,1.50
2012.04.19 10:40:01.834,1.54692,1.54723,2.59,2.93
2012.04.19 10:40:02.059,1.54692,1.54721,1.09,1.50
2012.04.19 10:40:02.760,1.54698,1.54721,1.43,1.50
2012.04.19 10:40:02.829,1.54698,1.54724,1.43,1.50
2012.04.19 10:40:02.896,1.54698,1.54726,1.43,1.50
2012.04.19 10:40:02.967,1.54699,1.54728,1.50,1.50
2012.04.19 10:40:03.482,1.54698,1.54727,1.43,1.50
2012.04.19 10:40:04.026,1.54698,1.54726,1.43,1.50
2012.04.19 10:40:04.095,1.54701,1.54727,1.50,1.50
2012.04.19 10:40:04.165,1.54701,1.54732,1.50,3.27
2012.04.19 10:40:04.476,1.54699,1.54729,1.50,1.50
2012.04.19 10:40:04.954,1.54698,1.54726,1.43,1.50
2012.04.19 10:40:05.286,1.54698,1.54724,1.43,1.50
2012.04.19 10:40:05.616,1.54703,1.54724,1.43,1.50
2012.04.19 10:40:08.365,1.54712,1.5473,1.43,1.50
2012.04.19 10:40:08.494,1.54712,1.54733,1.43,1.50
2012.04.19 10:40:08.563,1.54709,1.54733,1.43,1.50
2012.04.19 10:40:09.209,1.54707,1.54733,1.43,1.50
2012.04.19 10:40:09.535,1.54704,1.5473,2.18,1.50
2012.04.19 10:40:09.605,1.54709,1.54733,1.50,1.50
2012.04.19 10:40:09.675,1.54709,1.5474,1.50,3.30
2012.04.19 10:40:09.820,1.54706,1.54738,2.25,1.50
2012.04.19 10:40:10.134,1.54704,1.54735,2.48,1.50
2012.04.19 10:40:10.965,1.54707,1.54738,2.25,1.50
2012.04.19 10:40:15.154,1.54705,1.54736,1.43,1.50
2012.04.19 10:40:15.992,1.54705,1.54737,2.18,1.50
2012.04.19 10:40:16.575,1.54707,1.54733,1.43,1.50
2012.04.19 10:40:18.785,1.54701,1.54733,1.59,1.50
2012.04.19 10:40:18.859,1.547,1.54729,1.59,1.50
2012.04.19 10:40:19.048,1.54703,1.54735,2.18,1.50
2012.04.19 10:40:19.240,1.54705,1.54728,2.18,1.50
2012.04.19 10:40:19.774,1.54705,1.54728,1.43,1.50
2012.04.19 10:40:19.852,1.54702,1.54726,2.18,1.50
2012.04.19 10:40:21.505,1.54702,1.54726,1.43,5.66
2012.04.19 10:40:21.816,1.54691,1.54717,2.25,1.43
2012.04.19 10:40:22.326,1.54691,1.54717,2.25,1.43
2012.04.19 10:40:24.055,1.54692,1.54722,2.18,1.43
2012.04.19 10:40:24.276,1.54691,1.54717,2.25,1.43
2012.04.19 10:40:24.826,1.54687,1.54714,2.18,1.50
2012.04.19 10:40:24.956,1.54687,1.54716,2.18,1.50
2012.04.19 10:40:25.536,1.54692,1.54719,2.18,1.84
2012.04.19 10:40:26.187,1.54692,1.54719,2.18,1.84
2012.04.19 10:40:26.809,1.54692,1.54719,2.18,1.50
2012.04.19 10:40:27.526,1.54692,1.54719,2.18,1.50
2012.04.19 10:40:28.155,1.54692,1.54722,2.18,1.50
2012.04.19 10:40:31.564,1.54692,1.5472,2.18,1.50
2012.04.19 10:40:33.084,1.54688,1.54718,2.48,1.43
2012.04.19 10:40:33.597,1.54692,1.54717,2.18,1.50
2012.04.19 10:40:33.664,1.54692,1.5472,2.18,1.50
2012.04.19 10:40:34.734,1.54692,1.54717,2.18,1.50
2012.04.19 10:40:35.174,1.54692,1.5472,2.18,1.50
2012.04.19 10:40:37.755,1.54695,1.54722,1.88,2.93
2012.04.19 10:40:39.130,1.54697,1.54723,1.88,1.43
2012.04.19 10:40:40.567,1.54697,1.54725,1.88,1.43
2012.04.19 10:40:42.436,1.54699,1.54725,1.13,1.43
2012.04.19 10:40:42.745,1.54704,1.54727,1.50,1.43
2012.04.19 10:40:42.889,1.54702,1.54726,1.50,1.43
2012.04.19 10:40:43.133,1.54698,1.54726,1.88,1.43
2012.04.19 10:40:44.455,1.54696,1.54726,1.13,1.43
2012.04.19 10:41:00.473,1.54699,1.5473,1.88,1.50
2012.04.19 10:41:00.596,1.54698,1.54727,1.80,1.50
2012.04.19 10:41:00.961,1.54705,1.54727,1.43,1.50
2012.04.19 10:41:01.084,1.54705,1.5473,1.43,1.50
2012.04.19 10:41:01.155,1.54705,1.54727,1.43,1.50
2012.04.19 10:41:02.957,1.54705,1.5473,1.43,1.50
2012.04.19 10:41:03.042,1.54705,1.54726,1.43,1.50
2012.04.19 10:41:06.753,1.54705,1.5473,1.43,1.50
2012.04.19 10:41:07.144,1.54705,1.54728,1.43,1.50
2012.04.19 10:41:07.874,1.54705,1.54727,1.43,1.50
2012.04.19 10:41:09.138,1.54705,1.54728,1.43,1.50
2012.04.19 10:41:09.203,1.54705,1.54731,1.43,1.50
2012.04.19 10:41:09.772,1.54705,1.54727,1.43,1.50
2012.04.19 10:41:09.838,1.54705,1.54732,1.43,1.50
2012.04.19 10:41:09.907,1.54699,1.5473,1.88,1.43
2012.04.19 10:41:10.441,1.54699,1.5473,1.88,2.18
2012.04.19 10:41:16.745,1.54701,1.5473,1.50,2.18
2012.04.19 10:41:17.436,1.54702,1.5473,1.50,2.18
2012.04.19 10:41:21.526,1.54702,1.5473,1.50,2.18
2012.04.19 10:41:21.657,1.54702,1.5473,1.50,1.43
2012.04.19 10:41:21.848,1.547,1.5473,1.50,1.43
2012.04.19 10:41:22.041,1.547,1.54724,1.50,1.43
2012.04.19 10:41:22.167,1.54694,1.54723,1.88,1.43
2012.04.19 10:41:22.693,1.54696,1.54721,1.88,1.43
2012.04.19 10:41:23.510,1.54696,1.54721,1.88,1.43
2012.04.19 10:41:24.035,1.54693,1.5472,2.25,1.43
2012.04.19 10:41:24.112,1.54695,1.54728,1.88,3.68
2012.04.19 10:41:24.646,1.54699,1.54728,1.50,1.43
2012.04.19 10:41:24.716,1.54699,1.5473,1.50,1.50
2012.04.19 10:41:25.166,1.54696,1.54728,1.88,1.50
2012.04.19 10:41:25.475,1.54694,1.5472,1.43,1.09
2012.04.19 10:41:25.667,1.54682,1.54713,2.19,2.93
2012.04.19 10:41:25.736,1.54682,1.54713,1.50,2.93
2012.04.19 10:41:25.867,1.54678,1.54711,3.30,1.50
2012.04.19 10:41:25.935,1.54678,1.54708,1.88,1.43
2012.04.19 10:41:26.260,1.54676,1.54706,1.88,1.80
2012.04.19 10:41:26.328,1.54676,1.54706,1.50,1.80
2012.04.19 10:41:26.904,1.54674,1.54705,2.55,1.50
2012.04.19 10:41:27.453,1.54675,1.54707,1.88,1.80
2012.04.19 10:41:27.566,1.54674,1.54704,1.80,1.50
2012.04.19 10:41:29.434,1.54676,1.54704,1.13,1.50
2012.04.19 10:41:29.816,1.54674,1.54704,1.80,1.50
2012.04.19 10:41:29.887,1.54671,1.54699,1.13,1.50
2012.04.19 10:41:30.474,1.54668,1.54699,2.18,1.50
2012.04.19 10:41:30.784,1.54663,1.54696,3.68,1.50
2012.04.19 10:41:31.094,1.54666,1.54693,1.50,1.50
2012.04.19 10:41:31.404,1.54666,1.54695,1.50,1.50
2012.04.19 10:41:31.970,1.54666,1.54696,1.50,1.50
2012.04.19 10:41:33.804,1.54666,1.54696,1.50,1.50
2012.04.19 10:41:34.154,1.54668,1.54698,2.25,1.43
2012.04.19 10:41:34.427,1.54666,1.54694,1.50,1.50
2012.04.19 10:41:35.197,1.54671,1.54698,1.13,2.93
2012.04.19 10:41:35.526,1.54675,1.54697,1.13,1.50
2012.04.19 10:41:36.045,1.54675,1.54697,1.13,1.50
2012.04.19 10:41:36.955,1.54672,1.54697,1.80,1.50
2012.04.19 10:41:37.319,1.54672,1.54694,1.80,1.50
2012.04.19 10:41:38.255,1.54672,1.54698,1.80,1.50
2012.04.19 10:41:38.388,1.54675,1.54698,1.13,1.50
2012.04.19 10:41:38.695,1.54678,1.54701,1.43,1.50
2012.04.19 10:41:41.175,1.54678,1.54703,1.43,1.50
2012.04.19 10:41:44.275,1.54678,1.54707,2.18,3.27
2012.04.19 10:41:44.465,1.54678,1.54707,2.18,1.43
2012.04.19 10:41:44.987,1.5468,1.54707,1.50,1.43
2012.04.19 10:41:45.115,1.54678,1.54707,1.43,2.93
2012.04.19 10:41:51.149,1.54678,1.54707,2.18,2.93
2012.04.19 10:41:51.660,1.54681,1.54707,1.50,1.43
2012.04.19 10:41:53.197,1.54681,1.54707,1.50,1.77
2012.04.19 10:41:53.848,1.54678,1.54707,2.93,1.77
2012.04.19 10:41:53.918,1.54678,1.54703,1.43,1.50
2012.04.19 10:41:54.104,1.5467,1.54703,2.25,2.93
2012.04.19 10:41:55.116,1.54674,1.54703,1.88,1.43
2012.04.19 10:41:57.934,1.54674,1.54703,1.50,1.43
2012.04.19 10:41:58.127,1.54671,1.54699,3.00,1.43
2012.04.19 10:41:59.164,1.54668,1.54699,3.38,2.93
2012.04.19 10:42:03.235,1.5467,1.54699,2.25,1.43
2012.04.19 10:42:03.825,1.54672,1.54695,2.18,1.50
2012.04.19 10:42:03.899,1.54672,1.54697,2.18,1.50
2012.04.19 10:42:04.087,1.54672,1.54701,2.18,1.50
2012.04.19 10:42:04.158,1.54673,1.54704,1.50,1.43
2012.04.19 10:42:04.407,1.54676,1.54704,1.50,1.43
2012.04.19 10:42:04.476,1.54672,1.54704,2.18,2.93
2012.04.19 10:42:04.548,1.54672,1.547,1.43,1.50
2012.04.19 10:42:04.854,1.54672,1.54698,1.43,1.50
2012.04.19 10:42:05.167,1.54675,1.54699,1.50,1.43
2012.04.19 10:42:05.684,1.54671,1.54699,1.50,2.18
2012.04.19 10:42:05.754,1.54668,1.54699,1.88,3.68
2012.04.19 10:42:05.948,1.54668,1.54695,1.88,1.50
2012.04.19 10:42:06.375,1.54663,1.54693,2.18,1.50
2012.04.19 10:42:06.444,1.54663,1.54696,3.68,1.50
2012.04.19 10:42:14.856,1.54666,1.54699,1.88,3.68
2012.04.19 10:42:14.926,1.54666,1.54697,1.88,1.50
2012.04.19 10:42:15.239,1.54664,1.54695,2.25,1.50
2012.04.19 10:42:15.638,1.54668,1.54699,1.88,3.68
2012.04.19 10:42:15.964,1.54665,1.54696,1.88,1.50
2012.04.19 10:42:16.455,1.54665,1.54696,1.88,2.25
2012.04.19 10:42:16.616,1.54665,1.54696,1.88,1.50
2012.04.19 10:42:19.045,1.54668,1.547,1.80,1.50
2012.04.19 10:42:19.977,1.54668,1.54697,1.80,1.50
2012.04.19 10:42:20.552,1.54668,1.54698,1.80,1.50
2012.04.19 10:42:22.989,1.54669,1.54699,1.13,1.50
2012.04.19 10:42:23.173,1.54668,1.54698,3.30,1.50
2012.04.19 10:42:23.354,1.54668,1.54696,1.80,1.50
2012.04.19 10:42:23.921,1.54668,1.54697,1.80,1.50
2012.04.19 10:42:26.403,1.54668,1.54697,1.80,1.50
2012.04.19 10:42:26.754,1.54668,1.54693,1.80,1.50
2012.04.19 10:42:27.693,1.54668,1.54697,1.80,1.50
2012.04.19 10:42:29.620,1.54668,1.54695,1.80,1.50
2012.04.19 10:42:30.185,1.54668,1.54694,1.80,1.50
2012.04.19 10:42:32.426,1.54668,1.54694,1.80,1.50
2012.04.19 10:42:33.045,1.54668,1.54695,1.80,1.50
2012.04.19 10:42:34.415,1.54668,1.54695,1.80,1.50
2012.04.19 10:42:35.105,1.54666,1.54694,1.88,1.43
2012.04.19 10:42:38.664,1.54666,1.54694,1.88,1.43
2012.04.19 10:42:38.844,1.54669,1.54699,1.80,1.50
2012.04.19 10:42:39.037,1.54669,1.54697,1.80,1.50
2012.04.19 10:42:39.514,1.54669,1.54699,1.80,1.50
2012.04.19 10:42:39.578,1.54669,1.54695,1.80,1.50
2012.04.19 10:42:39.795,1.54669,1.54702,3.30,2.25
2012.04.19 10:42:40.085,1.54669,1.54698,1.80,1.50
2012.04.19 10:42:42.076,1.54669,1.54696,1.80,1.50
2012.04.19 10:42:42.717,1.54669,1.54697,1.80,1.50
2012.04.19 10:42:42.784,1.54669,1.54699,1.80,1.50
2012.04.19 10:42:43.166,1.5467,1.54703,1.88,2.93
2012.04.19 10:42:43.236,1.54678,1.54703,1.43,1.50
2012.04.19 10:42:43.304,1.54673,1.54704,1.50,2.93
2012.04.19 10:42:43.555,1.54683,1.54704,1.50,1.43
2012.04.19 10:42:43.626,1.54684,1.54714,1.43,1.88
2012.04.19 10:42:44.116,1.54683,1.54708,1.50,1.43
2012.04.19 10:42:44.189,1.54683,1.54714,3.91,1.88
2012.04.19 10:42:44.316,1.5469,1.54716,1.50,1.88
2012.04.19 10:42:44.385,1.54687,1.54718,1.50,3.68
2012.04.19 10:42:44.527,1.54684,1.54715,1.50,1.88
2012.04.19 10:42:44.837,1.54683,1.5471,1.43,1.50
2012.04.19 10:42:46.947,1.54683,1.54706,1.43,1.50
2012.04.19 10:42:47.577,1.54683,1.54709,1.43,1.50
2012.04.19 10:42:47.747,1.54683,1.54706,1.43,1.50
2012.04.19 10:42:48.946,1.54683,1.54708,1.43,1.50
2012.04.19 10:42:49.015,1.54683,1.5471,1.43,1.50
2012.04.19 10:42:54.479,1.54683,1.54706,1.43,1.50
2012.04.19 10:42:54.835,1.54681,1.54706,1.43,1.50
2012.04.19 10:42:55.148,1.54681,1.5471,1.43,1.50
2012.04.19 10:42:55.849,1.54681,1.54709,1.43,1.50
2012.04.19 10:42:55.916,1.54681,1.54707,1.43,1.50
2012.04.19 10:42:56.395,1.54681,1.54709,1.43,1.50
2012.04.19 10:42:56.925,1.54681,1.54706,1.43,1.50
2012.04.19 10:42:57.306,1.54676,1.54706,2.11,2.93
2012.04.19 10:42:58.004,1.54676,1.54706,1.43,1.43
2012.04.19 10:42:58.727,1.54676,1.54706,1.43,1.77
2012.04.19 10:42:58.855,1.54674,1.54701,1.50,1.43
2012.04.19 10:43:00.566,1.5467,1.54701,1.88,1.50
2012.04.19 10:43:00.634,1.54672,1.54705,1.50,1.50
2012.04.19 10:43:01.047,1.54676,1.54708,1.50,2.25
2012.04.19 10:43:01.118,1.54676,1.54708,1.50,1.50
2012.04.19 10:43:02.055,1.54676,1.54706,1.50,1.50
2012.04.19 10:43:02.125,1.54673,1.54704,1.50,1.50
2012.04.19 10:43:04.565,1.54675,1.54708,1.50,1.50
2012.04.19 10:43:09.888,1.54673,1.54705,1.50,1.50
2012.04.19 10:43:10.256,1.54672,1.54703,1.50,1.13
2012.04.19 10:43:10.327,1.54669,1.54702,1.88,2.25
2012.04.19 10:43:10.397,1.54668,1.54697,1.88,1.43
2012.04.19 10:43:13.016,1.54665,1.54695,2.25,1.50
2012.04.19 10:43:13.295,1.54664,1.54697,2.25,2.93
2012.04.19 10:43:13.632,1.54665,1.54694,2.25,1.50
2012.04.19 10:43:14.065,1.54666,1.54696,1.88,1.50
2012.04.19 10:43:14.712,1.54663,1.54695,1.44,1.50
2012.04.19 10:43:18.606,1.54666,1.54697,1.88,2.93
2012.04.19 10:43:19.889,1.54664,1.54694,2.25,1.50
2012.04.19 10:43:20.364,1.54665,1.54697,2.25,1.43
2012.04.19 10:43:20.566,1.54665,1.54695,2.25,1.50
2012.04.19 10:43:21.239,1.54661,1.54694,4.43,1.50
2012.04.19 10:43:21.312,1.54665,1.54698,1.88,1.50
2012.04.19 10:43:21.746,1.54669,1.547,4.05,1.50
2012.04.19 10:43:22.115,1.54673,1.54697,1.43,1.50
2012.04.19 10:43:22.467,1.54673,1.54701,1.43,1.50
2012.04.19 10:43:22.857,1.54673,1.54697,1.43,1.50
2012.04.19 10:43:23.046,1.54673,1.54702,1.43,1.50
2012.04.19 10:43:23.115,1.54679,1.54702,1.43,1.50
2012.04.19 10:43:23.365,1.54672,1.54701,1.43,1.50
2012.04.19 10:43:23.716,1.54676,1.54702,1.50,1.43
2012.04.19 10:43:23.791,1.54674,1.54702,1.50,1.43
2012.04.19 10:43:25.474,1.54676,1.54702,1.50,1.43
2012.04.19 10:43:28.609,1.54676,1.547,1.50,1.43
2012.04.19 10:43:29.786,1.54674,1.547,1.50,2.93
2012.04.19 10:43:29.856,1.54676,1.547,1.43,1.50
2012.04.19 10:43:30.045,1.5467,1.547,2.93,1.43
2012.04.19 10:43:30.175,1.5467,1.54694,1.43,1.50
2012.04.19 10:43:30.563,1.5467,1.54692,1.43,1.50
2012.04.19 10:43:30.986,1.54672,1.547,1.05,1.43
2012.04.19 10:43:31.295,1.54677,1.54699,1.43,1.50
2012.04.19 10:43:34.657,1.54672,1.54699,1.43,1.50
2012.04.19 10:43:34.864,1.54672,1.54696,1.43,1.50
2012.04.19 10:43:35.846,1.54667,1.54694,1.06,1.50
2012.04.19 10:43:37.485,1.54664,1.54694,2.18,2.25
2012.04.19 10:43:37.676,1.5466,1.54686,1.13,1.50
2012.04.19 10:43:37.865,1.54658,1.54689,2.93,1.50
2012.04.19 10:43:37.936,1.54661,1.54692,2.25,1.50
2012.04.19 10:43:38.179,1.54658,1.54688,3.68,1.50
2012.04.19 10:43:39.100,1.54661,1.54691,1.50,3.00
2012.04.19 10:43:39.466,1.54662,1.54688,1.50,1.50
2012.04.19 10:43:40.325,1.54662,1.54689,3.00,1.50
2012.04.19 10:43:40.395,1.54662,1.54694,3.00,1.43
2012.04.19 10:43:40.525,1.54666,1.54698,1.13,1.50
2012.04.19 10:43:40.596,1.54666,1.5469,1.13,1.50
2012.04.19 10:43:40.665,1.54666,1.54693,1.13,1.50
2012.04.19 10:43:40.736,1.54666,1.54697,1.13,1.50
2012.04.19 10:43:40.805,1.54668,1.54699,1.88,1.88
2012.04.19 10:43:41.055,1.54666,1.54697,1.13,1.50
2012.04.19 10:43:41.397,1.5467,1.54699,1.13,1.50
2012.04.19 10:43:41.466,1.54666,1.54699,1.50,1.50
2012.04.19 10:43:41.777,1.54666,1.54699,2.25,1.50
2012.04.19 10:43:41.965,1.54666,1.54699,2.25,1.50
2012.04.19 10:43:43.757,1.54666,1.54697,1.50,1.50
2012.04.19 10:43:43.955,1.54666,1.54699,2.25,1.50
2012.04.19 10:43:45.145,1.54665,1.54694,1.13,1.50
2012.04.19 10:43:46.897,1.54665,1.54694,1.13,1.50
2012.04.19 10:43:47.096,1.54673,1.54697,1.43,1.50
2012.04.19 10:43:47.285,1.54673,1.54701,1.43,1.50
2012.04.19 10:43:47.475,1.54672,1.54703,2.25,1.50
2012.04.19 10:43:47.835,1.54671,1.54701,1.43,1.50
2012.04.19 10:43:48.188,1.54668,1.54696,1.50,1.43
2012.04.19 10:43:48.616,1.54672,1.54696,1.50,1.43
2012.04.19 10:43:49.415,1.54669,1.54696,1.50,1.43
2012.04.19 10:43:49.756,1.54673,1.54696,1.50,1.43
2012.04.19 10:43:50.064,1.54673,1.54704,1.50,3.75
2012.04.19 10:43:50.135,1.54671,1.54703,3.68,1.50
2012.04.19 10:43:50.324,1.54673,1.54703,1.50,1.50
2012.04.19 10:43:50.904,1.54672,1.54702,1.50,1.50
2012.04.19 10:43:51.455,1.54671,1.547,2.18,1.50
2012.04.19 10:43:53.814,1.54672,1.54702,1.50,2.93
2012.04.19 10:43:55.966,1.5467,1.54701,1.50,1.50
2012.04.19 10:43:56.036,1.54668,1.54701,1.50,1.50
2012.04.19 10:43:56.104,1.54672,1.54701,1.43,1.50
2012.04.19 10:44:05.634,1.54672,1.54703,3.68,1.50
2012.04.19 10:44:05.816,1.54669,1.547,2.25,1.50
2012.04.19 10:44:06.117,1.54675,1.54704,2.18,1.50
2012.04.19 10:44:06.185,1.54677,1.54707,1.50,1.80
2012.04.19 10:44:06.577,1.54682,1.54712,1.43,2.63
2012.04.19 10:44:07.191,1.54682,1.54707,1.43,1.50
2012.04.19 10:44:08.222,1.54682,1.54707,2.18,1.50
2012.04.19 10:44:08.406,1.5469,1.54713,1.43,1.50
2012.04.19 10:44:09.334,1.54681,1.54713,2.70,1.50
2012.04.19 10:44:09.411,1.54681,1.5471,2.70,1.50
2012.04.19 10:44:10.268,1.54686,1.54712,1.13,1.50
2012.04.19 10:44:10.335,1.54686,1.54717,1.13,1.43
2012.04.19 10:44:10.727,1.54685,1.54711,1.88,1.43
2012.04.19 10:44:11.096,1.54681,1.54709,2.25,1.43
2012.04.19 10:44:11.646,1.54676,1.54707,3.75,1.50
2012.04.19 10:44:11.779,1.54679,1.5471,2.25,1.50
2012.04.19 10:44:12.447,1.54679,1.5471,2.25,1.50
2012.04.19 10:44:12.636,1.54677,1.54706,4.36,1.50
2012.04.19 10:44:13.158,1.54677,1.54706,2.18,1.50
2012.04.19 10:44:14.614,1.54677,1.54709,4.36,1.50
2012.04.19 10:44:15.153,1.54677,1.5471,4.36,1.50
2012.04.19 10:44:18.485,1.54678,1.5471,1.44,1.50
2012.04.19 10:44:18.845,1.54678,1.54708,1.44,1.50
2012.04.19 10:44:19.427,1.54678,1.54707,1.44,1.50
2012.04.19 10:44:20.006,1.54677,1.54707,1.44,1.50
2012.04.19 10:44:20.736,1.54676,1.54707,2.18,1.50
2012.04.19 10:44:20.866,1.54678,1.54711,3.68,1.50
2012.04.19 10:44:23.265,1.54678,1.54711,3.68,1.50
2012.04.19 10:44:23.336,1.54678,1.54707,2.18,1.50
2012.04.19 10:44:23.835,1.54677,1.54705,2.18,1.50
2012.04.19 10:44:24.544,1.54677,1.54707,2.18,1.50
2012.04.19 10:44:25.094,1.54677,1.54708,2.18,1.50
2012.04.19 10:44:25.646,1.54678,1.54711,2.25,2.93
2012.04.19 10:44:26.018,1.54681,1.54705,1.50,1.50
2012.04.19 10:44:26.085,1.54681,1.54707,1.50,1.50
2012.04.19 10:44:26.217,1.54681,1.5471,1.50,1.50
2012.04.19 10:44:26.724,1.54681,1.5471,1.50,1.50
2012.04.19 10:44:28.265,1.54681,1.5471,1.50,1.50
2012.04.19 10:44:31.552,1.54679,1.54708,2.94,1.50
2012.04.19 10:44:32.073,1.54679,1.5471,1.44,1.50
2012.04.19 10:44:33.609,1.54679,1.54708,1.44,1.50
2012.04.19 10:44:34.181,1.54679,1.54707,1.44,1.50
2012.04.19 10:44:34.394,1.54679,1.5471,1.44,1.50
2012.04.19 10:44:38.725,1.54679,1.54706,1.44,1.50
2012.04.19 10:44:39.376,1.54679,1.54709,1.44,1.50
2012.04.19 10:44:40.202,1.54679,1.5471,1.44,1.50
2012.04.19 10:44:40.878,1.54682,1.54708,1.13,1.50
2012.04.19 10:44:41.187,1.54678,1.54706,1.44,1.50
2012.04.19 10:44:41.634,1.54686,1.54709,1.80,1.50
2012.04.19 10:44:43.996,1.54686,1.54711,1.80,1.50
2012.04.19 10:44:44.428,1.54686,1.54716,1.88,1.50
2012.04.19 10:44:44.926,1.54683,1.54714,1.88,1.50
2012.04.19 10:44:45.255,1.54679,1.54711,2.25,1.43
2012.04.19 10:44:54.896,1.54679,1.5471,2.25,1.50
2012.04.19 10:44:55.408,1.54678,1.54708,2.94,1.50
2012.04.19 10:45:00.058,1.54678,1.54708,1.44,1.50
2012.04.19 10:45:01.794,1.54677,1.54708,3.68,1.50
2012.04.19 10:45:03.507,1.54677,1.54708,3.68,1.50
2012.04.19 10:45:04.945,1.54677,1.54705,2.18,1.50
2012.04.19 10:45:05.077,1.54679,1.54709,2.25,1.50
2012.04.19 10:45:05.420,1.5468,1.54711,2.25,1.43
2012.04.19 10:45:05.768,1.54678,1.54709,2.25,1.50
2012.04.19 10:45:07.345,1.54678,1.54708,2.25,1.50
2012.04.19 10:45:07.675,1.54677,1.54706,2.18,1.50
2012.04.19 10:45:08.225,1.54677,1.54706,2.18,1.50
2012.04.19 10:45:08.976,1.54678,1.54709,2.25,1.50
2012.04.19 10:45:11.346,1.54677,1.54705,2.18,1.50
2012.04.19 10:45:12.295,1.54677,1.54705,2.18,1.50
2012.04.19 10:45:12.855,1.54676,1.54705,2.18,1.50
2012.04.19 10:45:13.165,1.54676,1.54702,2.18,1.50
2012.04.19 10:45:13.235,1.54676,1.54707,2.18,1.50
2012.04.19 10:45:15.716,1.54677,1.54704,1.50,1.43
2012.04.19 10:45:16.338,1.54674,1.54704,2.25,2.93
2012.04.19 10:45:17.134,1.54673,1.54702,1.44,1.50
2012.04.19 10:45:17.376,1.54674,1.54704,2.25,1.43
2012.04.19 10:45:17.905,1.54674,1.54704,2.25,1.43
2012.04.19 10:45:19.089,1.54674,1.54706,2.25,1.50
2012.04.19 10:45:19.597,1.54676,1.54707,2.25,2.93
2012.04.19 10:45:20.288,1.54675,1.54705,2.25,1.50
2012.04.19 10:45:20.918,1.54678,1.54707,2.25,1.43
2012.04.19 10:45:21.475,1.54675,1.54707,2.25,2.93
2012.04.19 10:45:21.547,1.54675,1.54704,2.25,1.50
2012.04.19 10:45:21.975,1.54673,1.54702,1.44,1.50
2012.04.19 10:45:24.114,1.54673,1.54705,2.25,1.43
2012.04.19 10:45:24.185,1.54671,1.54701,2.25,1.50
2012.04.19 10:45:25.133,1.54674,1.54705,2.25,1.43
2012.04.19 10:45:26.585,1.54673,1.54704,2.25,1.50
2012.04.19 10:45:27.093,1.54675,1.54705,2.25,1.43
2012.04.19 10:45:27.751,1.54675,1.54704,2.25,1.43
2012.04.19 10:45:30.226,1.54676,1.54706,2.25,1.50
2012.04.19 10:45:31.965,1.54676,1.54706,2.25,1.50
2012.04.19 10:45:32.494,1.54676,1.54705,2.25,1.43
2012.04.19 10:45:35.077,1.54672,1.54704,2.25,1.50
2012.04.19 10:45:36.074,1.54672,1.54704,2.25,1.50
2012.04.19 10:45:36.267,1.54671,1.54701,2.25,1.50
2012.04.19 10:45:36.821,1.54673,1.54702,2.25,1.43
2012.04.19 10:45:37.374,1.5467,1.54701,2.25,1.50
2012.04.19 10:45:40.854,1.54667,1.54698,5.18,1.50
2012.04.19 10:45:41.572,1.5467,1.54701,2.25,3.00
2012.04.19 10:45:47.256,1.5467,1.54701,2.25,1.50
2012.04.19 10:45:47.998,1.54672,1.54704,2.25,2.93
2012.04.19 10:45:48.925,1.54672,1.54704,1.50,4.43
2012.04.19 10:45:49.056,1.5467,1.54694,1.50,1.43
2012.04.19 10:45:49.184,1.5467,1.547,1.50,1.50
2012.04.19 10:45:49.314,1.54668,1.54698,1.43,1.50
2012.04.19 10:45:50.126,1.5467,1.54699,1.50,1.50
2012.04.19 10:45:50.817,1.54668,1.54698,1.43,1.50
2012.04.19 10:45:52.175,1.54667,1.54695,1.50,1.43
2012.04.19 10:45:52.365,1.54664,1.54695,2.56,2.93
2012.04.19 10:45:52.506,1.54664,1.54695,3.38,2.93
2012.04.19 10:45:52.947,1.54671,1.54695,1.50,1.43
2012.04.19 10:45:53.135,1.54673,1.54704,1.50,2.55
2012.04.19 10:45:53.207,1.54671,1.54703,1.50,2.25
2012.04.19 10:45:53.277,1.5467,1.54686,1.50,1.43
2012.04.19 10:45:53.344,1.5467,1.54701,1.50,1.43
2012.04.19 10:45:55.954,1.54668,1.54699,4.43,1.50
2012.04.19 10:46:02.708,1.54668,1.54693,1.50,1.43
2012.04.19 10:46:02.836,1.54668,1.54697,1.50,1.43
2012.04.19 10:46:02.906,1.54675,1.54699,1.43,1.50
2012.04.19 10:46:03.098,1.54675,1.54703,1.43,1.50
2012.04.19 10:46:03.759,1.54681,1.5471,1.50,2.18
2012.04.19 10:46:03.949,1.54678,1.54709,1.50,2.25
2012.04.19 10:46:04.019,1.54681,1.5471,1.50,2.18
2012.04.19 10:46:05.735,1.5468,1.54709,1.43,2.25
2012.04.19 10:46:06.333,1.5468,1.54709,1.43,1.88
2012.04.19 10:46:08.288,1.54675,1.54706,2.19,3.30
2012.04.19 10:46:08.873,1.54677,1.54706,1.50,1.80
2012.04.19 10:46:09.276,1.54679,1.5471,1.43,2.25
2012.04.19 10:46:09.892,1.54678,1.5471,1.43,2.25
2012.04.19 10:46:10.965,1.54679,1.5471,1.43,2.25
2012.04.19 10:46:14.256,1.54679,1.54706,1.43,1.88
2012.04.19 10:46:15.917,1.54679,1.54709,1.43,1.50
2012.04.19 10:46:16.877,1.54679,1.54707,1.43,1.50
2012.04.19 10:46:17.346,1.54682,1.54704,1.43,1.50
2012.04.19 10:46:17.655,1.54682,1.54709,1.43,1.50
2012.04.19 10:46:18.286,1.54682,1.54708,1.43,1.50
2012.04.19 10:46:18.357,1.54682,1.54705,1.43,1.50
2012.04.19 10:46:18.856,1.54678,1.54705,1.43,1.50
2012.04.19 10:46:19.406,1.54682,1.54705,1.43,1.50
2012.04.19 10:46:21.526,1.54682,1.54709,2.18,1.50
2012.04.19 10:46:21.664,1.54682,1.54711,2.18,1.50
2012.04.19 10:46:22.145,1.54682,1.54708,1.43,1.50
2012.04.19 10:46:24.789,1.54679,1.54708,1.43,1.50
2012.04.19 10:46:26.479,1.54679,1.54706,1.43,1.50
2012.04.19 10:46:26.546,1.54676,1.54706,1.09,1.50
2012.04.19 10:46:27.235,1.54679,1.54706,1.43,1.50
2012.04.19 10:46:27.365,1.54679,1.54708,1.43,1.50
2012.04.19 10:46:27.646,1.54679,1.54708,2.18,1.50
2012.04.19 10:46:28.350,1.54679,1.54708,1.43,1.50
2012.04.19 10:46:28.464,1.54679,1.54708,2.18,1.50
2012.04.19 10:46:29.047,1.54679,1.54708,1.43,1.50
2012.04.19 10:46:29.305,1.54677,1.54707,1.84,1.43
2012.04.19 10:46:29.970,1.54676,1.54704,1.09,1.50
2012.04.19 10:46:30.287,1.54679,1.54706,1.43,1.50
2012.04.19 10:46:30.356,1.54679,1.54708,1.43,1.50
2012.04.19 10:46:30.726,1.54677,1.54708,2.52,1.50
2012.04.19 10:46:30.796,1.54677,1.54704,2.52,1.50
2012.04.19 10:46:31.106,1.54683,1.54708,1.43,1.50
2012.04.19 10:46:35.047,1.54683,1.54711,1.43,3.00
2012.04.19 10:46:35.120,1.5468,1.54711,2.18,1.50
2012.04.19 10:46:35.615,1.5468,1.54709,2.18,1.50
2012.04.19 10:46:36.785,1.5468,1.54709,2.18,1.50
2012.04.19 10:46:37.321,1.54682,1.5471,1.80,1.50
2012.04.19 10:46:37.649,1.54682,1.54712,1.80,1.50
2012.04.19 10:46:37.717,1.54682,1.54714,1.80,2.25
2012.04.19 10:46:37.846,1.54687,1.54717,1.50,1.43
2012.04.19 10:46:37.916,1.54687,1.54707,1.50,1.43
2012.04.19 10:46:38.394,1.54689,1.54713,1.50,2.93
2012.04.19 10:46:38.461,1.54688,1.54711,1.77,1.50
2012.04.19 10:46:38.589,1.54687,1.54717,1.77,2.93
2012.04.19 10:46:38.778,1.54686,1.54713,1.84,1.43
2012.04.19 10:46:39.353,1.54693,1.54713,1.50,1.43
2012.04.19 10:46:39.657,1.54689,1.54713,1.50,1.43
2012.04.19 10:46:39.848,1.54689,1.54718,1.50,1.43
2012.04.19 10:46:42.455,1.54692,1.54718,1.50,1.43
2012.04.19 10:46:42.795,1.5469,1.54716,3.00,1.43
2012.04.19 10:46:44.514,1.54692,1.54716,1.50,1.43
2012.04.19 10:46:45.079,1.54691,1.54716,1.50,1.43
2012.04.19 10:46:45.144,1.54689,1.54716,1.50,1.43
2012.04.19 10:46:45.895,1.54692,1.54716,1.50,1.43
2012.04.19 10:46:48.924,1.54687,1.54716,2.25,1.43
2012.04.19 10:46:49.106,1.54687,1.54712,1.50,1.50
2012.04.19 10:46:49.419,1.54686,1.54714,1.43,1.50
2012.04.19 10:46:49.547,1.54683,1.54711,2.03,1.43
2012.04.19 10:46:49.855,1.54685,1.54714,1.88,2.18
2012.04.19 10:46:50.497,1.54681,1.54712,1.88,1.50
2012.04.19 10:46:51.905,1.54684,1.54714,1.88,3.68
2012.04.19 10:46:52.050,1.54684,1.54714,1.88,2.18
2012.04.19 10:46:52.177,1.54684,1.54714,1.88,2.18
2012.04.19 10:46:52.246,1.54684,1.54706,1.88,1.43
2012.04.19 10:46:52.496,1.54684,1.5471,1.88,2.18
2012.04.19 10:46:52.996,1.54684,1.54708,1.88,1.43
2012.04.19 10:46:53.547,1.54683,1.54708,1.88,1.43
2012.04.19 10:46:55.688,1.5468,1.54708,2.25,1.43
2012.04.19 10:46:55.816,1.5468,1.54711,2.25,1.43
2012.04.19 10:46:55.887,1.5468,1.54713,2.25,1.50
2012.04.19 10:46:57.942,1.5468,1.54712,2.25,1.43
2012.04.19 10:46:58.445,1.54683,1.54713,1.80,1.50
2012.04.19 10:46:58.575,1.54683,1.54709,1.80,1.50
2012.04.19 10:46:59.737,1.54683,1.54707,1.80,1.50
2012.04.19 10:47:01.300,1.54683,1.54707,1.80,1.50
2012.04.19 10:47:01.367,1.54683,1.54711,1.80,1.50
2012.04.19 10:47:01.494,1.54684,1.54714,1.88,1.50
2012.04.19 10:47:01.565,1.54686,1.54716,1.50,1.43
2012.04.19 10:47:01.816,1.54691,1.54716,1.50,1.43
2012.04.19 10:47:02.395,1.54689,1.54716,1.50,1.43
2012.04.19 10:47:04.606,1.5469,1.54716,1.50,1.43
2012.04.19 10:47:04.675,1.54692,1.54716,1.50,1.43
2012.04.19 10:47:06.024,1.5469,1.54716,3.00,1.43
2012.04.19 10:47:11.287,1.5469,1.54711,1.50,1.43
2012.04.19 10:47:11.417,1.54687,1.54711,1.50,1.43
2012.04.19 10:47:12.515,1.54682,1.54711,1.50,1.43
2012.04.19 10:47:12.644,1.54684,1.54711,1.50,1.43
2012.04.19 10:47:13.195,1.54685,1.54711,1.50,1.43
2012.04.19 10:47:13.818,1.54683,1.54711,1.50,1.43
2012.04.19 10:47:13.890,1.54683,1.54709,1.50,1.84
2012.04.19 10:47:14.017,1.54681,1.54709,1.50,3.34
2012.04.19 10:47:14.147,1.54681,1.54697,1.50,1.43
2012.04.19 10:47:14.220,1.54673,1.54697,1.50,1.43
2012.04.19 10:47:14.286,1.54673,1.54691,1.50,1.43
2012.04.19 10:47:14.608,1.54675,1.54696,1.50,1.43
2012.04.19 10:47:14.675,1.54675,1.54701,1.50,2.18
2012.04.19 10:47:14.751,1.54668,1.54697,2.55,1.50
2012.04.19 10:47:14.879,1.54669,1.54701,1.88,1.43
2012.04.19 10:47:15.532,1.54672,1.54701,1.88,1.43
2012.04.19 10:47:19.347,1.54673,1.54701,1.50,1.43
2012.04.19 10:47:19.415,1.54675,1.54701,1.50,1.43
2012.04.19 10:47:21.738,1.5468,1.54701,1.50,1.43
2012.04.19 10:47:21.926,1.54681,1.54707,2.25,1.43
2012.04.19 10:47:22.119,1.5469,1.54714,1.43,1.88
2012.04.19 10:47:22.769,1.5469,1.54721,2.93,2.25
2012.04.19 10:47:23.075,1.54692,1.54719,1.50,1.88
2012.04.19 10:47:23.504,1.5469,1.54717,1.43,1.88
2012.04.19 10:47:23.570,1.54688,1.54716,1.50,1.43
2012.04.19 10:47:25.288,1.54689,1.54716,1.50,1.43
2012.04.19 10:47:25.356,1.54691,1.54716,1.50,1.43
2012.04.19 10:47:27.556,1.54691,1.54718,1.50,1.43
2012.04.19 10:47:27.626,1.54693,1.54718,1.50,1.43
2012.04.19 10:47:28.166,1.5469,1.54717,1.50,1.43
2012.04.19 10:47:28.800,1.5469,1.54711,1.50,1.43
2012.04.19 10:47:28.870,1.54682,1.54711,2.25,1.43
2012.04.19 10:47:28.997,1.54685,1.54717,1.43,2.93
2012.04.19 10:47:29.067,1.54691,1.54717,1.50,2.93
2012.04.19 10:47:29.617,1.54693,1.54718,1.50,1.43
2012.04.19 10:47:29.807,1.54686,1.54713,1.43,1.50
2012.04.19 10:47:30.330,1.54681,1.54713,1.06,3.68
2012.04.19 10:47:30.900,1.54682,1.54713,1.50,3.68
2012.04.19 10:47:32.065,1.54685,1.54713,1.50,1.43
2012.04.19 10:47:32.135,1.54685,1.54715,1.50,1.50
2012.04.19 10:47:33.953,1.54688,1.54716,1.50,2.18
2012.04.19 10:47:34.805,1.54684,1.54716,1.50,2.18
2012.04.19 10:47:35.488,1.54682,1.54706,1.50,1.50
2012.04.19 10:47:35.559,1.5468,1.54706,1.43,1.50
2012.04.19 10:47:35.626,1.54682,1.54707,1.50,1.50
2012.04.19 10:47:35.696,1.54682,1.54713,2.25,1.50
2012.04.19 10:47:35.766,1.54682,1.54713,3.00,2.93
2012.04.19 10:47:36.076,1.54701,1.54723,1.50,1.50
2012.04.19 10:47:36.208,1.54698,1.54723,1.50,1.50
2012.04.19 10:47:36.395,1.547,1.54726,1.50,2.18
2012.04.19 10:47:37.338,1.54697,1.54726,1.50,1.13
2012.04.19 10:47:37.408,1.54697,1.54719,1.50,1.43
2012.04.19 10:47:37.478,1.54693,1.54719,1.50,1.43
2012.04.19 10:47:37.607,1.5469,1.54715,1.43,1.50
2012.04.19 10:47:37.676,1.5469,1.54717,1.43,1.50
2012.04.19 10:47:37.746,1.54688,1.54717,2.40,1.43
2012.04.19 10:47:37.935,1.54691,1.54717,1.50,1.43
2012.04.19 10:47:39.286,1.54691,1.54717,1.50,2.18
2012.04.19 10:47:39.417,1.54689,1.54716,1.50,2.25
2012.04.19 10:47:39.489,1.54686,1.54716,1.50,2.25
2012.04.19 10:47:39.635,1.54684,1.54713,1.50,3.68
2012.04.19 10:47:40.174,1.54683,1.54713,1.50,3.68
2012.04.19 10:47:41.446,1.54684,1.54713,1.50,2.93
2012.04.19 10:47:41.575,1.54685,1.54717,1.50,2.93
2012.04.19 10:47:42.301,1.54685,1.54716,1.50,1.43
2012.04.19 10:47:43.096,1.54685,1.54715,1.50,1.43
2012.04.19 10:47:43.426,1.54685,1.54717,1.50,2.93
2012.04.19 10:47:43.530,1.54685,1.54717,1.50,3.68
2012.04.19 10:47:44.496,1.54683,1.54713,1.50,1.50
2012.04.19 10:47:45.679,1.54685,1.54716,1.50,2.25
2012.04.19 10:47:45.747,1.54683,1.54714,1.50,2.25
2012.04.19 10:47:45.816,1.54682,1.54708,1.43,1.50
2012.04.19 10:47:46.066,1.54682,1.54711,1.43,1.50
2012.04.19 10:47:46.137,1.54682,1.54709,1.43,1.50
2012.04.19 10:47:47.715,1.54682,1.54707,1.43,1.50
2012.04.19 10:47:47.845,1.54676,1.54706,3.61,1.43
2012.04.19 10:47:47.915,1.54679,1.54706,1.50,1.43
2012.04.19 10:47:48.610,1.5468,1.54706,1.50,1.43
2012.04.19 10:47:51.176,1.54682,1.54706,1.50,1.43
2012.04.19 10:47:51.489,1.54683,1.54713,1.73,1.88
2012.04.19 10:47:51.968,1.54683,1.54714,1.43,1.50
2012.04.19 10:47:52.520,1.54683,1.54714,1.43,2.25
2012.04.19 10:47:52.759,1.54683,1.54714,1.43,2.25
2012.04.19 10:47:53.075,1.54683,1.54714,1.43,3.75
2012.04.19 10:47:53.145,1.5468,1.54711,3.61,2.25
2012.04.19 10:47:55.305,1.5468,1.54711,2.93,2.25
2012.04.19 10:47:55.886,1.54683,1.54711,1.43,2.25
2012.04.19 10:47:56.458,1.54682,1.5471,1.43,2.25
2012.04.19 10:47:57.711,1.54682,1.5471,1.43,2.25
2012.04.19 10:47:58.936,1.54683,1.5471,1.50,2.25
2012.04.19 10:47:59.332,1.54685,1.54717,1.50,2.93
2012.04.19 10:47:59.400,1.54688,1.54719,1.50,1.09
2012.04.19 10:48:00.356,1.54691,1.54719,1.50,1.09
2012.04.19 10:48:01.566,1.5469,1.54719,1.50,1.09
2012.04.19 10:48:01.636,1.54688,1.54719,1.50,1.09
2012.04.19 10:48:01.767,1.54692,1.54719,1.50,1.09
2012.04.19 10:48:02.446,1.54689,1.54719,3.00,1.09
2012.04.19 10:48:02.516,1.54691,1.54719,1.50,1.09
2012.04.19 10:48:06.726,1.54691,1.54719,1.50,1.09
2012.04.19 10:48:07.035,1.54691,1.54718,1.50,1.50
2012.04.19 10:48:07.155,1.54688,1.54715,1.50,2.18
2012.04.19 10:48:07.347,1.54688,1.54715,1.50,2.18
2012.04.19 10:48:07.417,1.54682,1.54714,1.43,2.25
2012.04.19 10:48:07.487,1.54682,1.5471,1.43,2.25
2012.04.19 10:48:08.259,1.54683,1.54708,1.43,2.25
2012.04.19 10:48:08.606,1.54683,1.54708,1.43,2.25
2012.04.19 10:48:08.876,1.54681,1.54708,1.43,2.25
2012.04.19 10:48:09.468,1.54682,1.54708,1.43,2.25
2012.04.19 10:48:09.537,1.54685,1.54708,1.43,2.25
2012.04.19 10:48:09.846,1.54683,1.54708,1.43,2.25
2012.04.19 10:48:10.476,1.54681,1.54705,1.43,2.25
2012.04.19 10:48:10.846,1.54679,1.54703,1.43,1.50
2012.04.19 10:48:11.370,1.54678,1.54709,1.43,2.25
2012.04.19 10:48:11.496,1.54678,1.54709,1.43,2.25
2012.04.19 10:48:11.688,1.54683,1.54707,1.43,1.50
2012.04.19 10:48:11.757,1.54683,1.54705,1.43,1.50
2012.04.19 10:48:11.824,1.54683,1.54707,1.43,3.00
2012.04.19 10:48:12.374,1.54683,1.54711,1.43,2.25
2012.04.19 10:48:12.836,1.54682,1.54708,1.43,2.25
2012.04.19 10:48:13.137,1.54676,1.54704,1.43,2.25
2012.04.19 10:48:13.338,1.54679,1.54704,1.43,2.25
2012.04.19 10:48:14.016,1.54675,1.54708,1.50,2.25
2012.04.19 10:48:14.882,1.54682,1.54708,1.43,2.25
2012.04.19 10:48:14.951,1.54683,1.54709,1.43,2.25
2012.04.19 10:48:16.358,1.54683,1.54708,1.43,1.50
2012.04.19 10:48:16.428,1.54683,1.54705,1.43,1.50
2012.04.19 10:48:17.012,1.54683,1.54704,1.43,1.50
2012.04.19 10:48:17.355,1.54683,1.54704,1.43,2.25
2012.04.19 10:48:17.424,1.54675,1.54704,1.43,2.25
2012.04.19 10:48:17.956,1.54674,1.54704,1.43,2.25
2012.04.19 10:48:18.406,1.54676,1.54704,1.43,2.25
2012.04.19 10:48:18.952,1.54682,1.54704,1.50,1.50
2012.04.19 10:48:19.027,1.54682,1.54712,1.80,1.50
2012.04.19 10:48:19.097,1.54691,1.54717,1.50,1.50
2012.04.19 10:48:19.408,1.54695,1.54721,1.50,2.18
2012.04.19 10:48:19.900,1.54692,1.54721,3.00,2.18
2012.04.19 10:48:20.619,1.54692,1.54722,1.50,3.37
2012.04.19 10:48:22.029,1.5469,1.54716,1.43,2.25
2012.04.19 10:48:22.101,1.54694,1.54716,1.50,2.25
2012.04.19 10:48:22.169,1.54694,1.54721,1.50,1.50
2012.04.19 10:48:22.485,1.5469,1.54713,1.50,2.18
2012.04.19 10:48:22.619,1.54687,1.54713,1.50,2.18
2012.04.19 10:48:22.686,1.54687,1.54713,1.50,2.18
2012.04.19 10:48:23.447,1.54686,1.54716,1.43,2.25
2012.04.19 10:48:23.635,1.54686,1.54716,1.43,2.25
2012.04.19 10:48:24.238,1.54687,1.54718,1.50,3.68
2012.04.19 10:48:27.595,1.54686,1.54716,1.43,2.25
2012.04.19 10:48:28.876,1.54686,1.54716,1.43,2.25
2012.04.19 10:48:29.214,1.54686,1.54716,1.43,2.25
2012.04.19 10:48:31.406,1.54686,1.54718,2.93,2.18
2012.04.19 10:48:31.477,1.54689,1.54719,1.43,2.25
2012.04.19 10:48:31.729,1.54687,1.54717,1.43,2.18
2012.04.19 10:48:31.796,1.54687,1.54717,1.43,1.43
2012.04.19 10:48:31.867,1.54687,1.54717,1.43,2.18
2012.04.19 10:48:31.995,1.54685,1.54715,1.43,2.18
2012.04.19 10:48:32.058,1.54687,1.54718,1.50,3.68
2012.04.19 10:48:36.207,1.54688,1.54715,1.50,2.18
2012.04.19 10:48:36.518,1.54702,1.54726,1.43,1.13
2012.04.19 10:48:36.786,1.54698,1.54726,1.50,1.13
2012.04.19 10:48:37.646,1.54693,1.54726,4.05,2.63
2012.04.19 10:48:38.908,1.54693,1.54725,2.93,1.13
2012.04.19 10:48:40.428,1.54693,1.54725,3.30,1.13
2012.04.19 10:48:40.558,1.54693,1.54726,3.30,2.63
2012.04.19 10:48:41.043,1.54702,1.54725,1.43,1.13
2012.04.19 10:48:41.597,1.54701,1.54722,1.43,2.25
2012.04.19 10:48:42.586,1.54701,1.54722,1.43,2.25
2012.04.19 10:48:42.778,1.54706,1.54726,1.43,1.13
2012.04.19 10:48:42.908,1.54711,1.54735,1.50,1.50
2012.04.19 10:48:43.180,1.54709,1.54736,1.50,2.25
2012.04.19 10:48:43.247,1.54706,1.54736,1.43,2.25
2012.04.19 10:48:44.116,1.54705,1.54736,2.93,2.25
2012.04.19 10:48:46.057,1.54701,1.5473,1.50,2.18
2012.04.19 10:48:46.802,1.547,1.5473,1.80,3.68
2012.04.19 10:48:47.928,1.547,1.54728,1.43,1.50
2012.04.19 10:48:47.996,1.547,1.54724,1.43,1.50
2012.04.19 10:48:48.254,1.54698,1.54725,1.77,2.25
2012.04.19 10:48:48.721,1.54701,1.54725,1.43,2.25
2012.04.19 10:48:48.788,1.54698,1.54725,1.77,2.25
2012.04.19 10:48:49.122,1.54701,1.54725,1.43,2.25
2012.04.19 10:48:49.466,1.54698,1.54725,1.77,2.25
2012.04.19 10:48:50.218,1.54697,1.54725,1.77,1.50
2012.04.19 10:48:51.295,1.54697,1.54725,1.77,2.25
2012.04.19 10:48:52.558,1.54696,1.54725,1.43,2.25
2012.04.19 10:48:52.684,1.54696,1.54725,1.43,2.25
2012.04.19 10:48:52.865,1.54694,1.54721,1.43,2.25
2012.04.19 10:48:54.997,1.54694,1.5472,1.43,1.28
2012.04.19 10:48:55.185,1.54688,1.54716,1.80,2.25
2012.04.19 10:48:55.694,1.54686,1.54716,3.30,2.93
2012.04.19 10:48:55.876,1.54695,1.54716,1.50,1.43
2012.04.19 10:48:55.947,1.54696,1.54726,1.50,2.93
2012.04.19 10:48:56.135,1.547,1.54726,1.50,2.93
2012.04.19 10:48:56.336,1.54697,1.54726,1.50,2.93
2012.04.19 10:48:56.466,1.54693,1.54724,1.43,2.25
2012.04.19 10:48:56.926,1.54693,1.54724,1.43,2.25
2012.04.19 10:48:57.397,1.54691,1.54722,1.50,2.18
2012.04.19 10:48:57.658,1.54689,1.5472,1.88,2.25
2012.04.19 10:48:57.730,1.54689,1.54714,1.50,1.09
2012.04.19 10:48:58.348,1.54681,1.54712,2.25,3.68
2012.04.19 10:48:58.927,1.54684,1.54712,1.88,1.43
2012.04.19 10:48:59.055,1.54696,1.54715,1.43,1.50
2012.04.19 10:48:59.130,1.54696,1.54717,1.43,1.50
2012.04.19 10:48:59.330,1.54691,1.54717,1.43,1.50
2012.04.19 10:48:59.700,1.54691,1.54715,1.43,1.50
2012.04.19 10:48:59.967,1.54691,1.54717,1.43,1.50
2012.04.19 10:49:00.156,1.54692,1.5472,1.43,1.50
2012.04.19 10:49:00.346,1.54693,1.54724,1.43,2.25
2012.04.19 10:49:01.357,1.54701,1.54724,1.43,1.50
2012.04.19 10:49:01.425,1.54701,1.54727,1.43,1.50
2012.04.19 10:49:01.637,1.54694,1.54727,2.25,1.50
2012.04.19 10:49:01.826,1.54701,1.54728,1.50,2.25
2012.04.19 10:49:06.179,1.54705,1.54732,1.50,2.18
2012.04.19 10:49:06.505,1.54701,1.54732,1.50,2.18
2012.04.19 10:49:06.739,1.54701,1.54732,1.50,2.18
2012.04.19 10:49:06.985,1.54701,1.54728,1.50,1.13
2012.04.19 10:49:07.237,1.54699,1.5472,1.50,1.43
2012.04.19 10:49:07.306,1.54699,1.54725,1.50,2.18
2012.04.19 10:49:07.526,1.54699,1.54728,1.50,1.13
2012.04.19 10:49:07.828,1.54699,1.5473,1.50,1.50
2012.04.19 10:49:07.895,1.54703,1.54732,1.50,1.50
2012.04.19 10:49:08.149,1.54701,1.54731,1.50,1.50
2012.04.19 10:49:08.276,1.54701,1.54731,1.50,2.25
2012.04.19 10:49:08.877,1.54698,1.54729,1.50,2.25
2012.04.19 10:49:08.945,1.54698,1.54729,1.50,2.25
2012.04.19 10:49:09.696,1.54698,1.54725,1.50,2.18
2012.04.19 10:49:10.279,1.54694,1.54725,1.50,2.18
2012.04.19 10:49:11.126,1.54697,1.54725,1.50,2.18
2012.04.19 10:49:11.659,1.54694,1.54725,1.50,3.68
2012.04.19 10:49:12.038,1.54696,1.54725,1.50,2.18
2012.04.19 10:49:12.237,1.547,1.54725,1.50,2.18
2012.04.19 10:49:13.436,1.54697,1.54725,1.50,2.18
2012.04.19 10:49:16.798,1.54697,1.54725,1.50,2.18
2012.04.19 10:49:16.928,1.54697,1.54725,1.50,2.18
2012.04.19 10:49:17.060,1.54693,1.54725,1.88,2.25
2012.04.19 10:49:17.130,1.54695,1.54728,1.50,2.25
2012.04.19 10:49:17.437,1.54698,1.54731,1.50,2.25
2012.04.19 10:49:17.909,1.54715,1.54736,1.43,1.13
2012.04.19 10:49:17.983,1.54713,1.54738,1.88,2.18
2012.04.19 10:49:18.552,1.54706,1.54737,2.18,1.50
2012.04.19 10:49:20.717,1.54706,1.54737,2.18,2.25
2012.04.19 10:49:22.213,1.54713,1.54737,1.88,1.43
2012.04.19 10:49:22.576,1.54707,1.54739,4.36,2.25
2012.04.19 10:49:22.982,1.54707,1.54735,2.18,1.50
2012.04.19 10:49:23.049,1.54707,1.54737,4.36,1.50
2012.04.19 10:49:25.297,1.54707,1.54736,2.18,1.50
2012.04.19 10:49:25.619,1.54717,1.54747,1.50,2.18
2012.04.19 10:49:25.807,1.54726,1.54747,1.50,2.18
2012.04.19 10:49:25.877,1.54726,1.54752,1.50,2.18
2012.04.19 10:49:29.128,1.54724,1.54752,1.50,2.18
2012.04.19 10:49:29.438,1.54721,1.54751,1.50,2.25
2012.04.19 10:49:29.506,1.54718,1.54751,1.50,2.25
2012.04.19 10:49:29.626,1.54716,1.54748,1.06,1.50
2012.04.19 10:49:29.995,1.54715,1.54744,2.49,1.50
2012.04.19 10:49:30.127,1.54723,1.54752,1.50,1.43
2012.04.19 10:49:30.196,1.5472,1.54752,1.50,1.43
2012.04.19 10:49:32.299,1.54723,1.54751,1.50,1.50
2012.04.19 10:49:32.609,1.54714,1.54743,1.13,1.50
2012.04.19 10:49:32.917,1.54713,1.54739,1.50,1.50
2012.04.19 10:49:35.455,1.54714,1.54739,1.13,1.50
2012.04.19 10:49:36.666,1.54713,1.54739,1.13,1.50
2012.04.19 10:49:36.917,1.54723,1.54756,1.50,2.93
2012.04.19 10:49:36.990,1.54723,1.54755,1.50,2.25
2012.04.19 10:49:37.117,1.54718,1.54748,1.81,2.18
2012.04.19 10:49:37.186,1.54718,1.54748,1.81,3.68
2012.04.19 10:49:37.258,1.54718,1.54745,1.13,1.50
2012.04.19 10:49:37.730,1.54716,1.54737,1.13,1.43
2012.04.19 10:49:37.858,1.54706,1.54737,2.59,2.93
2012.04.19 10:49:38.948,1.54707,1.54727,2.25,1.43
2012.04.19 10:49:39.497,1.54707,1.54737,2.25,1.43
2012.04.19 10:49:39.869,1.5471,1.54741,2.25,1.50
2012.04.19 10:49:40.416,1.54717,1.54742,1.88,1.43
2012.04.19 10:49:41.344,1.54718,1.54742,1.50,1.43
2012.04.19 10:49:42.138,1.5471,1.54742,2.97,1.43
2012.04.19 10:49:42.211,1.5471,1.54733,2.25,1.43
2012.04.19 10:49:42.397,1.54714,1.54742,1.88,1.43
2012.04.19 10:49:43.775,1.54717,1.54742,1.50,2.18
2012.04.19 10:49:44.136,1.5471,1.54732,2.25,1.43
2012.04.19 10:49:51.696,1.5471,1.54736,2.25,1.43
2012.04.19 10:49:54.208,1.54708,1.54736,2.25,1.43
2012.04.19 10:49:54.278,1.54708,1.54738,2.25,1.43
2012.04.19 10:49:54.469,1.54706,1.54732,1.50,1.43
2012.04.19 10:49:54.659,1.547,1.54731,1.88,1.50
2012.04.19 10:49:54.788,1.54709,1.54732,1.50,1.43
2012.04.19 10:49:54.857,1.54705,1.54732,1.50,1.43
2012.04.19 10:49:54.952,1.54703,1.54729,1.88,1.50
2012.04.19 10:49:55.136,1.54701,1.54732,1.88,2.93
2012.04.19 10:49:55.606,1.54699,1.54729,2.63,1.50
2012.04.19 10:49:55.897,1.54699,1.54729,2.25,1.50
2012.04.19 10:49:56.827,1.54697,1.54727,1.50,1.50
2012.04.19 10:49:57.156,1.54699,1.5473,1.50,1.50
2012.04.19 10:49:58.454,1.54699,1.54721,1.50,1.43
2012.04.19 10:49:58.521,1.54696,1.54721,1.50,1.43
2012.04.19 10:50:00.097,1.54693,1.54721,1.88,1.43
2012.04.19 10:50:00.227,1.54694,1.54721,1.09,1.43
2012.04.19 10:50:00.477,1.54702,1.54728,1.43,1.50
2012.04.19 10:50:00.547,1.54704,1.54728,1.50,2.25
2012.04.19 10:50:00.737,1.54706,1.54734,1.50,1.80
2012.04.19 10:50:00.809,1.54706,1.54729,1.50,1.43
2012.04.19 10:50:00.937,1.54706,1.54733,1.50,1.43
2012.04.19 10:50:01.066,1.54704,1.54733,1.50,1.43
2012.04.19 10:50:01.195,1.54702,1.54729,2.25,1.43
2012.04.19 10:50:01.597,1.54707,1.54729,1.50,1.43
2012.04.19 10:50:01.797,1.54707,1.54733,1.50,1.43
2012.04.19 10:50:01.868,1.54703,1.54733,1.43,1.43
2012.04.19 10:50:02.996,1.54703,1.54731,1.43,1.50
2012.04.19 10:50:03.338,1.54701,1.54718,1.50,1.43
2012.04.19 10:50:03.408,1.54694,1.54718,1.50,1.43
2012.04.19 10:50:03.597,1.54694,1.54725,2.93,1.50
2012.04.19 10:50:03.729,1.54698,1.54727,1.50,1.50
2012.04.19 10:50:04.036,1.54702,1.54729,1.50,1.13
2012.04.19 10:50:04.287,1.54699,1.54728,2.78,2.25
2012.04.19 10:50:04.358,1.54705,1.54733,1.43,1.50
2012.04.19 10:50:07.189,1.54702,1.54728,1.50,1.43
2012.04.19 10:50:07.636,1.54704,1.54735,1.43,1.50
2012.04.19 10:50:07.710,1.54704,1.54733,1.43,1.50
2012.04.19 10:50:08.019,1.54708,1.54738,1.50,3.30
2012.04.19 10:50:08.209,1.54704,1.54735,1.50,1.50
2012.04.19 10:50:08.398,1.54703,1.54731,1.43,1.50
2012.04.19 10:50:08.827,1.547,1.54728,1.13,1.50
2012.04.19 10:50:09.582,1.54699,1.54728,3.24,1.50
2012.04.19 10:50:09.660,1.54699,1.54728,3.24,1.50
2012.04.19 10:50:09.906,1.54708,1.54736,1.43,1.50
2012.04.19 10:50:10.646,1.54706,1.54735,1.43,1.50
2012.04.19 10:50:10.716,1.54706,1.54733,1.43,1.50
2012.04.19 10:50:11.999,1.5471,1.54733,1.50,1.50
2012.04.19 10:50:12.068,1.54713,1.54739,1.50,1.80
2012.04.19 10:50:13.345,1.54706,1.54739,3.68,3.30
2012.04.19 10:50:13.526,1.5471,1.54739,1.50,2.55
2012.04.19 10:50:13.836,1.54707,1.54738,1.50,1.88
2012.04.19 10:50:14.026,1.54707,1.54733,1.50,1.43
2012.04.19 10:50:18.726,1.54707,1.54732,1.50,1.43
2012.04.19 10:50:19.211,1.54705,1.54732,1.50,1.43
2012.04.19 10:50:19.277,1.5471,1.54732,1.50,1.43
2012.04.19 10:50:19.406,1.5471,1.54736,1.50,1.50
2012.04.19 10:50:19.658,1.54707,1.54737,2.18,1.13
2012.04.19 10:50:19.728,1.54709,1.54737,1.50,1.13
2012.04.19 10:50:20.176,1.54709,1.5474,1.84,1.88
2012.04.19 10:50:20.486,1.54719,1.5474,1.43,1.88
2012.04.19 10:50:20.857,1.54719,1.54749,1.43,1.50
2012.04.19 10:50:21.394,1.54723,1.54749,1.43,1.50
2012.04.19 10:50:21.460,1.54723,1.54751,1.43,1.50
2012.04.19 10:50:21.938,1.54723,1.54749,1.43,1.50
2012.04.19 10:50:23.797,1.54723,1.5475,2.93,1.50
2012.04.19 10:50:23.868,1.54723,1.54755,2.93,1.50
2012.04.19 10:50:23.937,1.54723,1.54748,1.50,1.43
2012.04.19 10:50:24.128,1.54721,1.54748,3.00,1.43
2012.04.19 10:50:24.258,1.54721,1.54748,2.22,1.43
2012.04.19 10:50:24.387,1.54731,1.54756,1.43,1.50
2012.04.19 10:50:24.826,1.54726,1.54748,1.50,1.43
2012.04.19 10:50:24.958,1.54724,1.54748,1.50,1.43
2012.04.19 10:50:25.087,1.54721,1.54748,1.50,1.43
2012.04.19 10:50:25.484,1.54719,1.54748,1.50,1.43
2012.04.19 10:50:25.557,1.54722,1.54748,1.50,1.43
2012.04.19 10:50:25.807,1.54724,1.54757,1.50,2.25
2012.04.19 10:50:25.876,1.54724,1.54757,1.50,2.25
2012.04.19 10:50:25.948,1.54722,1.54748,1.43,1.50
2012.04.19 10:50:26.137,1.54722,1.54752,1.43,1.50
2012.04.19 10:50:27.826,1.54722,1.54749,1.43,1.50
2012.04.19 10:50:28.414,1.54719,1.54748,1.43,1.43
2012.04.19 10:50:28.732,1.54726,1.54748,1.50,1.43
2012.04.19 10:50:30.668,1.54725,1.54748,1.50,1.43
2012.04.19 10:50:31.036,1.54725,1.54757,1.50,1.43
2012.04.19 10:50:31.106,1.54723,1.54751,1.43,1.50
2012.04.19 10:50:31.203,1.54723,1.54753,2.93,1.50
2012.04.19 10:50:31.267,1.54725,1.54753,1.50,1.50
2012.04.19 10:50:31.595,1.5473,1.54757,1.50,2.18
2012.04.19 10:50:31.717,1.54728,1.54757,1.50,2.18
2012.04.19 10:50:31.786,1.54728,1.54755,1.50,1.43
2012.04.19 10:50:32.099,1.54722,1.54749,1.50,2.18
2012.04.19 10:50:32.228,1.54719,1.54748,1.50,1.43
2012.04.19 10:50:32.556,1.54715,1.54748,1.88,2.93
2012.04.19 10:50:32.770,1.5472,1.54748,1.50,2.93
2012.04.19 10:50:33.114,1.54722,1.54748,1.50,1.43
2012.04.19 10:50:33.886,1.54722,1.5475,1.50,2.93
2012.04.19 10:50:36.687,1.5472,1.54749,1.50,1.50
2012.04.19 10:50:37.287,1.54719,1.54749,1.50,1.50
2012.04.19 10:50:39.574,1.54718,1.54744,1.50,1.50
2012.04.19 10:50:39.640,1.54715,1.54748,1.88,1.50
2012.04.19 10:50:43.525,1.54719,1.54749,1.50,3.00
2012.04.19 10:50:43.866,1.54723,1.5475,1.50,2.93
2012.04.19 10:50:46.001,1.5472,1.5475,1.50,2.18
2012.04.19 10:50:46.506,1.54716,1.54747,1.50,1.50
2012.04.19 10:50:46.580,1.54721,1.5475,1.50,3.68
2012.04.19 10:50:46.749,1.54721,1.54752,1.50,1.13
2012.04.19 10:50:48.170,1.54721,1.54752,1.50,1.88
2012.04.19 10:50:49.628,1.54726,1.54754,1.50,3.68
2012.04.19 10:50:50.116,1.54722,1.54753,1.50,2.25
2012.04.19 10:50:50.665,1.54717,1.5475,2.93,2.25
2012.04.19 10:50:51.247,1.54718,1.54749,1.50,2.25
2012.04.19 10:50:51.796,1.54717,1.54747,1.43,1.50
2012.04.19 10:50:52.708,1.54717,1.54749,2.93,2.25
2012.04.19 10:50:53.068,1.54717,1.54746,1.43,1.50
2012.04.19 10:50:54.436,1.54718,1.54749,1.50,2.25
2012.04.19 10:50:57.696,1.54719,1.54749,1.06,2.25
2012.04.19 10:50:58.008,1.5473,1.54754,1.43,2.25
2012.04.19 10:50:58.076,1.54725,1.54754,1.80,2.25
2012.04.19 10:50:58.207,1.54725,1.54752,1.80,2.22
2012.04.19 10:50:58.519,1.54715,1.54748,2.25,3.38
2012.04.19 10:50:58.947,1.54726,1.54748,1.50,1.88
2012.04.19 10:50:59.498,1.54723,1.54748,1.88,1.13
2012.04.19 10:51:00.920,1.54723,1.5475,1.88,2.18
2012.04.19 10:51:01.099,1.54723,1.5475,1.88,2.18
2012.04.19 10:51:02.260,1.54719,1.5475,1.50,2.18
2012.04.19 10:51:08.216,1.54719,1.5475,1.50,2.18
2012.04.19 10:51:09.448,1.54719,1.54747,1.50,1.13
2012.04.19 10:51:09.699,1.54715,1.5474,1.50,2.18
2012.04.19 10:51:09.768,1.54715,1.5474,1.50,1.43
2012.04.19 10:51:09.837,1.54715,1.54744,1.50,1.13
2012.04.19 10:51:09.909,1.54719,1.54744,1.50,1.13
2012.04.19 10:51:10.393,1.54724,1.54748,1.50,1.50
2012.04.19 10:51:10.518,1.54719,1.54748,1.50,1.50
2012.04.19 10:51:10.768,1.54717,1.54748,1.50,3.00
2012.04.19 10:51:11.307,1.54716,1.54748,2.93,1.50
2012.04.19 10:51:11.558,1.54718,1.54748,1.50,3.00
2012.04.19 10:51:11.628,1.54721,1.5475,1.50,2.18
2012.04.19 10:51:12.247,1.54719,1.54749,1.50,2.25
2012.04.19 10:51:12.379,1.54728,1.54754,1.50,2.18
2012.04.19 10:51:12.447,1.54728,1.54754,1.50,2.18
2012.04.19 10:51:14.437,1.54725,1.54754,1.50,1.43
2012.04.19 10:51:19.409,1.54727,1.54754,1.50,2.18
2012.04.19 10:51:19.943,1.54728,1.54754,1.50,2.18
2012.04.19 10:51:24.597,1.54728,1.54749,1.50,2.18
2012.04.19 10:51:25.156,1.54716,1.54749,1.50,2.25
2012.04.19 10:51:25.630,1.54717,1.54747,1.50,1.50
2012.04.19 10:51:25.697,1.54713,1.54746,1.50,1.50
2012.04.19 10:51:27.659,1.54713,1.54746,1.50,2.25
2012.04.19 10:51:27.966,1.54717,1.54742,1.50,1.80
2012.04.19 10:51:28.646,1.54717,1.5474,1.50,1.80
2012.04.19 10:51:30.936,1.54717,1.5474,1.50,1.43
2012.04.19 10:51:30.999,1.54713,1.5474,1.50,1.43
2012.04.19 10:51:31.660,1.54714,1.54735,1.50,1.43
2012.04.19 10:51:31.728,1.54716,1.54747,1.50,1.88
2012.04.19 10:51:32.254,1.54717,1.54747,1.43,1.88
2012.04.19 10:51:34.066,1.54717,1.54747,1.43,1.50
2012.04.19 10:51:34.196,1.54717,1.54749,1.43,2.25
2012.04.19 10:51:34.508,1.54717,1.54747,1.43,2.25
2012.04.19 10:51:34.971,1.54712,1.54745,1.50,2.25
2012.04.19 10:51:35.096,1.54709,1.54742,2.93,1.50
2012.04.19 10:51:35.644,1.5471,1.54741,1.50,1.50
2012.04.19 10:51:37.508,1.54709,1.54737,1.43,1.50
2012.04.19 10:51:39.022,1.54711,1.54742,1.50,1.50
2012.04.19 10:51:39.148,1.54714,1.54744,1.50,1.50
2012.04.19 10:51:40.024,1.54714,1.54745,1.50,1.50
2012.04.19 10:51:41.610,1.54714,1.54745,1.50,2.25
2012.04.19 10:51:44.467,1.54714,1.5474,1.50,2.18
2012.04.19 10:51:44.779,1.54712,1.5474,1.50,2.93
2012.04.19 10:51:44.850,1.54709,1.54735,1.50,2.18
2012.04.19 10:51:45.371,1.54707,1.54735,1.50,2.18
2012.04.19 10:51:45.816,1.54699,1.5473,2.25,2.25
2012.04.19 10:51:45.949,1.54703,1.54734,1.50,2.25
2012.04.19 10:51:46.019,1.54703,1.54734,1.50,2.25
2012.04.19 10:51:46.268,1.54697,1.54728,1.50,1.50
2012.04.19 10:51:46.338,1.547,1.54731,1.50,1.50
2012.04.19 10:51:46.657,1.54711,1.54738,1.50,2.18
2012.04.19 10:51:46.968,1.5472,1.54742,1.50,1.13
2012.04.19 10:51:47.398,1.5472,1.54751,2.25,3.30
2012.04.19 10:51:47.651,1.54739,1.54754,1.43,1.50
2012.04.19 10:51:47.781,1.54739,1.54762,1.43,1.50
2012.04.19 10:51:47.972,1.54739,1.54759,1.43,1.50
2012.04.19 10:51:48.353,1.5473,1.54759,2.49,1.50
2012.04.19 10:51:48.422,1.5473,1.54762,2.49,1.50
2012.04.19 10:51:48.487,1.54733,1.54764,1.88,3.75
2012.04.19 10:51:48.908,1.54733,1.54764,1.88,2.25
2012.04.19 10:51:49.217,1.54733,1.5476,1.88,2.18
2012.04.19 10:51:49.902,1.54724,1.54757,2.25,1.50
2012.04.19 10:51:50.088,1.54724,1.54753,2.25,1.43
2012.04.19 10:51:50.685,1.54726,1.54754,2.25,1.43
2012.04.19 10:51:50.747,1.54726,1.54756,2.25,1.50
2012.04.19 10:51:51.338,1.54727,1.54757,2.25,1.43
2012.04.19 10:51:52.650,1.54731,1.54761,1.80,2.93
2012.04.19 10:51:52.778,1.54731,1.54758,1.80,1.50
2012.04.19 10:51:53.316,1.54731,1.54758,1.80,1.50
2012.04.19 10:51:53.727,1.54731,1.54755,1.80,1.50
2012.04.19 10:51:56.580,1.54731,1.54757,1.80,1.50
2012.04.19 10:51:56.648,1.54731,1.54759,1.80,1.50
2012.04.19 10:51:57.387,1.5473,1.54756,1.80,1.50
2012.04.19 10:51:58.457,1.5473,1.54756,1.80,1.50
2012.04.19 10:52:00.452,1.5473,1.54756,1.80,1.50
2012.04.19 10:52:01.499,1.5473,1.54756,1.80,1.50
2012.04.19 10:52:01.687,1.54726,1.54759,2.63,2.25
2012.04.19 10:52:01.878,1.54728,1.54755,2.25,1.50
2012.04.19 10:52:02.065,1.54726,1.54757,1.13,1.50
2012.04.19 10:52:02.609,1.5473,1.54758,1.88,1.43
2012.04.19 10:52:06.347,1.54728,1.54756,2.25,1.50
2012.04.19 10:52:06.722,1.54727,1.54758,2.25,1.43
2012.04.19 10:52:06.788,1.54725,1.54756,2.25,1.50
2012.04.19 10:52:07.436,1.54725,1.54756,2.25,1.50
2012.04.19 10:52:07.567,1.54727,1.54758,2.25,1.43
2012.04.19 10:52:07.878,1.54726,1.54756,2.25,1.50
2012.04.19 10:52:08.436,1.54728,1.54758,2.25,1.43
2012.04.19 10:52:10.670,1.54725,1.54757,3.75,1.50
2012.04.19 10:52:13.437,1.54725,1.54756,2.25,1.43
2012.04.19 10:52:14.786,1.54725,1.54756,2.25,1.43
2012.04.19 10:52:15.404,1.54729,1.54756,1.88,1.43
2012.04.19 10:52:18.177,1.54729,1.54756,1.50,1.43
2012.04.19 10:52:18.497,1.54727,1.54756,1.50,1.43
2012.04.19 10:52:18.920,1.54727,1.54755,1.50,2.18
2012.04.19 10:52:19.525,1.54728,1.54755,1.50,1.43
2012.04.19 10:52:22.506,1.54728,1.54755,1.50,2.18
2012.04.19 10:52:22.704,1.54726,1.54755,3.00,2.18
2012.04.19 10:52:24.140,1.54722,1.5475,1.43,1.88
2012.04.19 10:52:24.208,1.54722,1.54745,1.43,1.50
2012.04.19 10:52:24.403,1.54722,1.54747,1.43,1.50
2012.04.19 10:52:24.466,1.54722,1.54754,1.43,3.00
2012.04.19 10:52:25.009,1.54721,1.54749,2.93,1.13
2012.04.19 10:52:27.556,1.54725,1.54754,1.50,1.50
2012.04.19 10:52:29.666,1.54729,1.54754,1.43,1.50
2012.04.19 10:52:31.222,1.54726,1.54753,2.93,1.13
2012.04.19 10:52:31.348,1.54728,1.54758,1.43,1.50
2012.04.19 10:52:31.808,1.54733,1.54759,1.43,2.25
2012.04.19 10:52:32.728,1.54733,1.54755,1.43,2.63
2012.04.19 10:52:32.858,1.54729,1.54752,1.43,1.88
2012.04.19 10:52:33.106,1.54724,1.54754,2.93,1.50
2012.04.19 10:52:33.296,1.54727,1.54753,1.43,1.88
2012.04.19 10:52:34.824,1.54727,1.54753,2.10,1.88
2012.04.19 10:52:34.887,1.54738,1.5476,1.43,1.50
2012.04.19 10:52:37.367,1.5473,1.5476,1.43,1.50
2012.04.19 10:52:37.796,1.5473,1.54752,1.43,1.50
2012.04.19 10:52:40.765,1.54731,1.5476,1.50,1.50
2012.04.19 10:52:40.827,1.54738,1.54764,1.43,3.00
2012.04.19 10:52:41.257,1.5474,1.54763,1.43,1.50
2012.04.19 10:52:41.388,1.5474,1.54767,1.43,1.50
2012.04.19 10:52:41.456,1.5474,1.54767,1.43,2.25
2012.04.19 10:52:41.982,1.54739,1.54767,1.43,2.25
2012.04.19 10:52:42.957,1.54739,1.54763,1.43,1.50
2012.04.19 10:53:00.092,1.5474,1.54763,1.43,1.50
2012.04.19 10:53:02.980,1.5474,1.54764,1.43,1.50
2012.04.19 10:53:03.289,1.5474,1.54767,1.43,1.50
2012.04.19 10:53:03.358,1.54736,1.54764,1.50,1.50
2012.04.19 10:53:03.428,1.54735,1.54759,1.43,1.50
2012.04.19 10:53:03.736,1.54735,1.54755,1.43,1.50
2012.04.19 10:53:04.168,1.54728,1.54755,1.65,1.50
2012.04.19 10:53:06.397,1.54728,1.54755,1.13,1.50
2012.04.19 10:53:07.687,1.54733,1.54755,1.43,1.50
2012.04.19 10:53:11.370,1.54732,1.54755,1.43,1.50
2012.04.19 10:53:12.140,1.54725,1.54755,3.30,1.50
2012.04.19 10:53:12.596,1.54725,1.54752,1.80,1.50
2012.04.19 10:53:13.808,1.54725,1.54754,1.80,1.50
2012.04.19 10:53:14.458,1.54725,1.54755,1.80,1.50
2012.04.19 10:53:14.660,1.54725,1.54753,1.80,1.50
2012.04.19 10:53:15.103,1.5473,1.54753,1.43,1.50
2012.04.19 10:53:15.226,1.5473,1.54757,1.43,1.50
2012.04.19 10:53:15.297,1.5473,1.54754,1.43,1.50
2012.04.19 10:53:16.138,1.5473,1.54757,1.43,1.50
2012.04.19 10:53:16.897,1.54727,1.54757,1.80,1.50
2012.04.19 10:53:17.087,1.54727,1.54751,2.55,1.50
2012.04.19 10:53:17.337,1.54725,1.54753,1.88,1.43
2012.04.19 10:53:18.537,1.54726,1.54753,1.88,1.43
2012.04.19 10:53:19.867,1.54736,1.54757,1.43,1.50
2012.04.19 10:53:20.218,1.54736,1.54754,1.43,1.50
2012.04.19 10:53:20.527,1.54732,1.54754,1.43,1.50
2012.04.19 10:53:25.626,1.54733,1.54754,1.43,1.50
2012.04.19 10:53:26.711,1.54733,1.54757,1.43,1.50
2012.04.19 10:53:27.018,1.54733,1.54759,1.43,1.50
2012.04.19 10:53:27.086,1.54733,1.54761,1.43,1.50
2012.04.19 10:53:31.546,1.54733,1.54757,1.43,1.50
2012.04.19 10:53:32.078,1.54727,1.5475,1.06,1.50
2012.04.19 10:53:33.652,1.54723,1.54749,2.18,1.50
2012.04.19 10:53:34.309,1.54723,1.54748,2.18,1.50
2012.04.19 10:53:35.756,1.54723,1.54748,2.18,1.50
2012.04.19 10:53:36.293,1.54717,1.54748,2.86,1.50
2012.04.19 10:53:36.969,1.54718,1.54746,1.44,1.50
2012.04.19 10:53:37.276,1.54717,1.54744,2.86,1.50
2012.04.19 10:53:37.718,1.54724,1.54748,2.18,1.50
2012.04.19 10:53:38.305,1.54724,1.54748,1.80,1.50
2012.04.19 10:53:40.081,1.54724,1.54748,1.43,1.50
2012.04.19 10:53:40.584,1.54723,1.54748,1.43,1.50
2012.04.19 10:53:40.828,1.54723,1.54745,1.43,1.50
2012.04.19 10:53:41.958,1.54723,1.54747,1.43,1.50
2012.04.19 10:53:42.456,1.54722,1.54744,1.43,1.50
2012.04.19 10:53:43.766,1.54717,1.54744,2.18,1.50
2012.04.19 10:53:43.967,1.54717,1.54744,2.18,1.50
2012.04.19 10:53:44.262,1.54717,1.54744,2.18,1.50
2012.04.19 10:53:44.576,1.54723,1.54744,1.43,1.50
2012.04.19 10:53:45.409,1.54716,1.54744,2.18,1.50
2012.04.19 10:53:45.480,1.54716,1.54744,2.18,1.50
2012.04.19 10:53:45.548,1.54717,1.54749,2.25,1.88
2012.04.19 10:53:46.106,1.54722,1.54755,1.50,2.25
2012.04.19 10:53:46.617,1.5472,1.54752,2.25,1.88
2012.04.19 10:53:46.908,1.54722,1.54752,1.43,1.50
2012.04.19 10:53:47.908,1.54722,1.54749,1.43,1.88
2012.04.19 10:53:48.569,1.54723,1.54753,2.93,2.25
2012.04.19 10:53:48.923,1.54725,1.54758,1.50,3.68
2012.04.19 10:53:49.176,1.54723,1.54749,1.43,1.88
2012.04.19 10:53:50.056,1.54723,1.5475,1.43,1.88
2012.04.19 10:53:50.815,1.54724,1.54757,1.50,2.25
2012.04.19 10:53:51.358,1.54723,1.54752,1.43,1.88
2012.04.19 10:53:51.547,1.5472,1.54748,1.06,1.43
2012.04.19 10:53:51.679,1.54725,1.54745,1.50,1.43
2012.04.19 10:53:51.809,1.54721,1.54745,1.50,1.43
2012.04.19 10:53:51.879,1.54719,1.54745,1.50,1.43
2012.04.19 10:53:52.349,1.54722,1.54746,1.50,1.43
2012.04.19 10:53:52.477,1.54722,1.54751,1.50,2.55
2012.04.19 10:53:52.608,1.54719,1.54749,1.43,1.80
2012.04.19 10:53:53.183,1.54719,1.54747,1.43,1.50
2012.04.19 10:53:53.366,1.54719,1.54745,1.43,1.50
2012.04.19 10:53:53.816,1.54719,1.54747,1.43,1.50
2012.04.19 10:53:55.127,1.54722,1.54747,1.43,1.50
2012.04.19 10:53:55.627,1.54721,1.54743,1.43,1.50
2012.04.19 10:53:55.877,1.54722,1.54745,1.43,1.50
2012.04.19 10:53:56.007,1.54722,1.54749,1.43,1.88
2012.04.19 10:53:56.157,1.54722,1.54745,1.43,1.50
2012.04.19 10:53:57.069,1.54718,1.54745,1.77,1.50
2012.04.19 10:53:57.687,1.5472,1.54749,1.77,2.63
2012.04.19 10:53:58.148,1.54718,1.54745,1.77,1.50
2012.04.19 10:53:58.220,1.54717,1.54745,1.43,1.50
2012.04.19 10:54:01.021,1.54717,1.54745,1.43,2.25
2012.04.19 10:54:01.732,1.54717,1.54742,1.43,1.50
2012.04.19 10:54:02.237,1.54717,1.54745,1.43,2.25
2012.04.19 10:54:02.308,1.54717,1.54747,2.93,1.43
2012.04.19 10:54:02.929,1.54718,1.54745,1.84,1.43
2012.04.19 10:54:03.239,1.54725,1.54752,1.43,1.88
2012.04.19 10:54:03.729,1.54718,1.54745,3.00,1.43
2012.04.19 10:54:03.800,1.54718,1.54749,1.50,1.88
2012.04.19 10:54:03.868,1.54724,1.54752,1.50,1.13
2012.04.19 10:54:05.308,1.54724,1.54755,1.50,2.33
2012.04.19 10:54:05.939,1.54726,1.54755,1.50,2.33
2012.04.19 10:54:06.493,1.54727,1.54755,1.50,2.33
2012.04.19 10:54:07.578,1.54726,1.54755,1.50,3.83
2012.04.19 10:54:07.647,1.54724,1.54755,1.50,3.83
2012.04.19 10:54:07.799,1.54726,1.54755,1.50,2.33
2012.04.19 10:54:09.210,1.54725,1.54753,1.50,1.50
2012.04.19 10:54:09.684,1.54723,1.54751,1.43,1.88
2012.04.19 10:54:10.648,1.54723,1.54748,1.43,1.50
2012.04.19 10:54:11.290,1.54728,1.54759,1.50,2.18
2012.04.19 10:54:11.478,1.54728,1.54759,1.50,1.43
2012.04.19 10:54:11.549,1.54731,1.54758,1.50,1.43
2012.04.19 10:54:11.617,1.54726,1.54757,1.50,1.50
2012.04.19 10:54:11.687,1.54726,1.54753,1.50,1.13
2012.04.19 10:54:11.819,1.54718,1.54744,2.19,1.43
2012.04.19 10:54:12.009,1.54718,1.54739,1.50,1.43
2012.04.19 10:54:12.258,1.54716,1.54739,1.50,1.43
2012.04.19 10:54:12.713,1.54713,1.54739,1.50,1.43
2012.04.19 10:54:12.781,1.54713,1.54745,2.93,2.93
2012.04.19 10:54:12.853,1.54713,1.54741,1.43,1.50
2012.04.19 10:54:13.228,1.54711,1.5474,1.50,1.43
2012.04.19 10:54:13.420,1.54717,1.5474,1.50,1.43
2012.04.19 10:54:13.787,1.54717,1.54743,1.50,1.43
2012.04.19 10:54:13.916,1.5471,1.54741,2.93,1.50
2012.04.19 10:54:15.086,1.5471,1.54738,1.43,1.50
2012.04.19 10:54:15.468,1.54709,1.54736,1.43,2.25
2012.04.19 10:54:15.926,1.54709,1.54736,1.43,1.50
2012.04.19 10:54:16.179,1.54709,1.54738,1.43,1.50
2012.04.19 10:54:16.516,1.54707,1.54738,1.50,1.50
2012.04.19 10:54:16.705,1.54705,1.54735,1.43,1.50
2012.04.19 10:54:17.467,1.54707,1.54737,1.50,1.50
2012.04.19 10:54:17.998,1.54707,1.54738,1.50,1.84
2012.04.19 10:54:18.758,1.54707,1.54738,1.50,2.25
2012.04.19 10:54:19.069,1.547,1.5473,2.25,2.25
2012.04.19 10:54:19.372,1.54699,1.54727,3.30,2.25
2012.04.19 10:54:20.319,1.54698,1.54726,2.25,2.18
2012.04.19 10:54:21.342,1.54694,1.54726,2.25,1.43
2012.04.19 10:54:21.681,1.54694,1.54727,2.25,2.25
2012.04.19 10:54:21.749,1.54694,1.54724,1.50,1.13
2012.04.19 10:54:22.019,1.54698,1.54728,1.50,2.25
2012.04.19 10:54:22.594,1.54699,1.5473,1.50,2.18
2012.04.19 10:54:23.096,1.54699,1.54728,1.50,2.18
2012.04.19 10:54:25.104,1.54699,1.54725,1.50,1.80
2012.04.19 10:54:25.234,1.54697,1.54725,3.00,1.80
2012.04.19 10:54:25.548,1.547,1.54725,1.50,1.80
2012.04.19 10:54:26.098,1.54699,1.54729,2.93,2.18
2012.04.19 10:54:27.038,1.54699,1.54725,1.50,1.80
2012.04.19 10:54:27.398,1.54703,1.5473,1.50,2.18
2012.04.19 10:54:31.317,1.54702,1.54728,1.50,1.50
2012.04.19 10:54:31.588,1.54699,1.54728,1.50,2.25
2012.04.19 10:54:32.359,1.54698,1.54728,2.93,2.25
2012.04.19 10:54:33.037,1.54701,1.5473,1.50,3.68
2012.04.19 10:54:33.557,1.54701,1.5473,1.50,2.18
2012.04.19 10:54:34.757,1.54704,1.5473,1.50,2.18
2012.04.19 10:54:35.127,1.54708,1.54736,1.50,2.25
2012.04.19 10:54:35.436,1.54715,1.54738,1.50,1.09
2012.04.19 10:54:35.617,1.54713,1.54738,1.50,1.09
2012.04.19 10:54:36.275,1.54714,1.54738,1.50,1.09
2012.04.19 10:54:37.389,1.54711,1.54738,1.50,1.09
2012.04.19 10:54:37.469,1.54707,1.54738,1.50,1.09
2012.04.19 10:54:38.337,1.54707,1.5474,1.50,3.27
2012.04.19 10:54:38.636,1.54711,1.5474,1.50,1.77
2012.04.19 10:54:40.080,1.54711,1.5474,1.50,1.43
2012.04.19 10:54:40.286,1.54711,1.54734,1.50,1.43
2012.04.19 10:54:40.984,1.54711,1.54742,1.50,2.63
2012.04.19 10:54:41.260,1.54713,1.54744,1.50,2.18
2012.04.19 10:54:41.410,1.54713,1.54744,1.50,1.43
2012.04.19 10:54:41.481,1.54716,1.54744,1.50,1.43
2012.04.19 10:54:41.885,1.54712,1.54739,1.50,1.43
2012.04.19 10:54:43.369,1.54711,1.54739,1.50,1.43
2012.04.19 10:54:44.869,1.54711,1.54726,1.50,1.43
2012.04.19 10:54:45.120,1.547,1.54726,1.88,1.43
2012.04.19 10:54:45.369,1.54705,1.54735,1.43,1.50
2012.04.19 10:54:45.557,1.54702,1.54735,2.56,1.50
2012.04.19 10:54:45.807,1.54706,1.54737,3.00,1.50
2012.04.19 10:54:46.116,1.54708,1.54739,1.50,1.43
2012.04.19 10:54:46.558,1.54705,1.54738,1.50,2.25
2012.04.19 10:54:46.629,1.54709,1.54739,1.50,2.18
2012.04.19 10:54:49.601,1.54709,1.5474,1.50,1.50
2012.04.19 10:54:49.839,1.54706,1.54736,1.43,1.50
2012.04.19 10:54:50.238,1.5471,1.54741,1.50,2.25
2012.04.19 10:54:50.678,1.54708,1.54739,1.50,1.50
2012.04.19 10:54:52.720,1.54708,1.54739,1.50,2.25
2012.04.19 10:54:53.087,1.54714,1.54739,1.43,1.50
2012.04.19 10:54:53.571,1.5471,1.54738,1.50,1.43
2012.04.19 10:54:53.697,1.54707,1.54738,1.50,2.93
2012.04.19 10:54:54.109,1.54709,1.54738,1.50,1.43
2012.04.19 10:54:55.467,1.54709,1.54737,1.50,1.13
2012.04.19 10:54:55.596,1.54704,1.54729,1.50,1.43
2012.04.19 10:54:55.786,1.54704,1.54735,1.50,1.50
2012.04.19 10:54:55.847,1.54708,1.54735,1.50,1.50
2012.04.19 10:54:56.158,1.54711,1.54737,1.50,1.13
2012.04.19 10:54:56.487,1.54711,1.54739,1.50,2.18
2012.04.19 10:54:59.445,1.54711,1.54739,1.50,2.93
2012.04.19 10:54:59.578,1.54707,1.5473,1.50,1.43
2012.04.19 10:54:59.645,1.54707,1.54738,1.50,2.18
2012.04.19 10:54:59.705,1.54707,1.54738,1.50,1.43
2012.04.19 10:55:00.488,1.54707,1.54738,1.50,2.18
2012.04.19 10:55:00.886,1.54699,1.54732,1.50,1.50
2012.04.19 10:55:00.958,1.54697,1.54729,2.11,1.50
2012.04.19 10:55:01.288,1.54703,1.54734,1.50,1.50
2012.04.19 10:55:01.538,1.54705,1.54738,1.50,2.93
2012.04.19 10:55:01.726,1.54702,1.54735,2.25,1.50
2012.04.19 10:55:02.501,1.54697,1.5473,4.36,1.50
2012.04.19 10:55:02.568,1.54697,1.54727,2.11,1.50
2012.04.19 10:55:02.637,1.54704,1.54727,1.43,1.50
2012.04.19 10:55:02.947,1.54714,1.54737,1.43,1.50
2012.04.19 10:55:03.848,1.54706,1.54735,1.43,1.50
2012.04.19 10:55:03.918,1.54704,1.54734,1.43,1.43
2012.04.19 10:55:04.339,1.54707,1.54735,1.43,1.50
2012.04.19 10:55:04.695,1.54707,1.54732,1.43,1.50
2012.04.19 10:55:05.330,1.54703,1.54732,1.43,1.50
2012.04.19 10:55:06.608,1.54703,1.54729,1.50,1.43
2012.04.19 10:55:06.918,1.54707,1.54729,1.50,1.43
2012.04.19 10:55:07.129,1.54702,1.5473,1.50,1.43
2012.04.19 10:55:12.368,1.54705,1.5473,1.50,1.43
2012.04.19 10:55:12.841,1.54707,1.5473,1.50,1.43
2012.04.19 10:55:14.409,1.54707,1.5473,1.50,2.18
2012.04.19 10:55:14.726,1.54705,1.5472,1.50,1.43
2012.04.19 10:55:14.800,1.54698,1.54729,1.50,1.43
2012.04.19 10:55:14.999,1.547,1.54729,1.50,1.43
2012.04.19 10:55:15.414,1.54706,1.54729,1.50,1.43
2012.04.19 10:55:15.767,1.54708,1.54729,1.50,1.43
2012.04.19 10:55:15.897,1.54708,1.54733,1.50,1.13
2012.04.19 10:55:16.208,1.54704,1.54735,1.50,3.30
2012.04.19 10:55:16.457,1.54708,1.54734,1.50,1.13
2012.04.19 10:55:16.527,1.54706,1.54733,1.50,1.88
2012.04.19 10:55:16.599,1.547,1.54729,1.50,1.43
2012.04.19 10:55:16.690,1.547,1.54729,1.88,1.43
2012.04.19 10:55:16.996,1.54709,1.54736,1.43,2.63
2012.04.19 10:55:17.716,1.54709,1.54736,1.43,1.88
2012.04.19 10:55:18.229,1.54703,1.54733,1.43,1.88
2012.04.19 10:55:18.808,1.54704,1.54735,1.50,1.80
2012.04.19 10:55:19.317,1.54703,1.54732,1.43,1.50
2012.04.19 10:55:19.589,1.54703,1.54729,1.43,1.50
2012.04.19 10:55:19.899,1.54707,1.5473,1.50,1.43
2012.04.19 10:55:19.967,1.54705,1.5473,1.50,1.43
2012.04.19 10:55:20.239,1.54705,1.54732,1.50,1.80
2012.04.19 10:55:20.707,1.54703,1.54732,1.50,1.80
2012.04.19 10:55:21.419,1.54706,1.54732,1.50,1.80
2012.04.19 10:55:22.155,1.54702,1.54732,1.50,1.80
2012.04.19 10:55:24.406,1.54703,1.54732,1.50,1.43
2012.04.19 10:55:24.466,1.54705,1.54732,1.50,1.43
2012.04.19 10:55:26.436,1.54708,1.54732,1.50,2.18
2012.04.19 10:55:26.979,1.54708,1.5473,1.50,1.43
2012.04.19 10:55:27.567,1.54707,1.5473,1.50,2.18
2012.04.19 10:55:27.635,1.54704,1.5473,1.50,2.18
2012.04.19 10:55:28.758,1.54704,1.5473,1.50,1.43
2012.04.19 10:55:29.095,1.54704,1.54733,1.50,2.18
2012.04.19 10:55:29.646,1.54704,1.54732,1.50,1.43
2012.04.19 10:55:31.568,1.54703,1.5473,1.50,1.43
2012.04.19 10:55:31.991,1.54694,1.54723,2.11,1.50
2012.04.19 10:55:32.056,1.54694,1.54725,2.11,1.50
2012.04.19 10:55:32.497,1.54697,1.54728,2.19,3.00
2012.04.19 10:55:36.308,1.54699,1.5473,1.50,1.43
2012.04.19 10:55:36.658,1.54706,1.5473,1.50,1.43
2012.04.19 10:55:37.588,1.54703,1.5473,1.50,1.43
2012.04.19 10:55:37.656,1.547,1.5473,1.50,1.43
2012.04.19 10:55:40.478,1.54702,1.5473,1.50,1.43
2012.04.19 10:55:46.969,1.54701,1.54722,1.50,1.43
2012.04.19 10:55:47.039,1.54695,1.54722,1.50,1.43
2012.04.19 10:55:47.696,1.54696,1.54722,1.50,1.43
2012.04.19 10:55:47.758,1.54699,1.5473,1.50,2.18
2012.04.19 10:55:47.827,1.54699,1.54724,1.50,1.43
2012.04.19 10:55:48.206,1.54703,1.54729,1.50,2.18
2012.04.19 10:55:48.717,1.54702,1.54729,1.50,1.43
2012.04.19 10:55:49.290,1.54701,1.54729,1.50,1.43
2012.04.19 10:55:49.362,1.54699,1.54729,1.50,1.43
2012.04.19 10:55:49.548,1.54699,1.54731,2.93,1.50
2012.04.19 10:55:49.619,1.54701,1.54732,1.50,1.50
2012.04.19 10:55:49.927,1.54706,1.54734,1.50,1.43
2012.04.19 10:55:49.999,1.54704,1.54734,1.50,1.43
2012.04.19 10:55:50.066,1.54702,1.54734,1.50,1.43
2012.04.19 10:55:50.139,1.54706,1.54734,1.50,1.43
2012.04.19 10:55:50.408,1.54704,1.54734,3.00,1.43
2012.04.19 10:55:51.658,1.54704,1.5473,1.50,1.43
2012.04.19 10:55:52.039,1.54701,1.5473,1.50,2.93
2012.04.19 10:55:52.108,1.54699,1.5473,1.50,2.93
2012.04.19 10:55:52.358,1.54702,1.5473,1.50,1.43
2012.04.19 10:55:52.828,1.54702,1.54732,2.25,1.50
2012.04.19 10:55:53.157,1.54702,1.54729,1.50,1.43
2012.04.19 10:55:53.509,1.54704,1.54729,1.50,1.43
2012.04.19 10:55:54.084,1.54704,1.54725,1.50,1.43
2012.04.19 10:55:55.040,1.54698,1.54724,1.50,1.50
2012.04.19 10:55:55.107,1.54691,1.54722,1.88,1.50
2012.04.19 10:55:55.177,1.54691,1.54715,1.88,1.43
2012.04.19 10:55:55.247,1.54691,1.54714,1.50,1.43
2012.04.19 10:55:56.309,1.54694,1.54714,1.50,1.43
2012.04.19 10:55:58.829,1.54692,1.54714,1.50,1.43
2012.04.19 10:55:58.897,1.54689,1.54714,1.50,1.43
2012.04.19 10:56:00.548,1.54684,1.54703,2.18,1.50
2012.04.19 10:56:00.618,1.54684,1.54713,2.18,1.50
2012.04.19 10:56:00.868,1.54684,1.54713,1.43,1.50
2012.04.19 10:56:00.997,1.54684,1.54708,1.43,1.50
2012.04.19 10:56:01.127,1.54676,1.54706,1.84,1.50
2012.04.19 10:56:01.199,1.54681,1.54706,1.50,1.50
2012.04.19 10:56:01.268,1.54683,1.5471,1.50,1.43
2012.04.19 10:56:01.339,1.54686,1.5471,1.50,1.43
2012.04.19 10:56:01.468,1.54683,1.5471,1.50,1.43
2012.04.19 10:56:01.708,1.54679,1.5471,1.50,2.93
2012.04.19 10:56:02.220,1.54679,1.54709,1.50,1.50
2012.04.19 10:56:02.286,1.54676,1.54708,1.09,1.50
2012.04.19 10:56:02.709,1.54678,1.5471,1.50,1.80
2012.04.19 10:56:03.017,1.54671,1.54699,3.75,1.43
2012.04.19 10:56:03.543,1.54672,1.54698,1.13,1.50
2012.04.19 10:56:03.947,1.54676,1.54699,1.50,1.43
2012.04.19 10:56:04.257,1.54678,1.54699,1.50,1.43
2012.04.19 10:56:06.257,1.54678,1.5471,1.50,1.43
2012.04.19 10:56:06.340,1.54678,1.54704,1.50,1.50
2012.04.19 10:56:06.407,1.54674,1.54703,1.43,1.50
2012.04.19 10:56:07.249,1.54676,1.54706,1.50,1.50
2012.04.19 10:56:07.320,1.54677,1.5471,1.50,2.93
2012.04.19 10:56:07.388,1.54684,1.5471,1.50,2.93
2012.04.19 10:56:08.130,1.54685,1.5471,1.50,1.43
2012.04.19 10:56:08.202,1.54684,1.54714,1.43,2.93
2012.04.19 10:56:10.050,1.54684,1.54713,1.43,1.50
2012.04.19 10:56:10.123,1.5468,1.54699,1.44,1.43
2012.04.19 10:56:10.247,1.54679,1.54699,2.19,1.43
2012.04.19 10:56:10.687,1.54679,1.5471,1.50,2.93
2012.04.19 10:56:10.879,1.54683,1.5471,1.50,2.93
2012.04.19 10:56:11.464,1.54685,1.5471,1.50,1.43
2012.04.19 10:56:15.844,1.54685,1.54711,1.50,1.43
2012.04.19 10:56:16.153,1.54688,1.54709,1.50,1.43
2012.04.19 10:56:17.908,1.54679,1.54709,1.50,2.18
2012.04.19 10:56:17.977,1.54679,1.54699,1.50,1.43
2012.04.19 10:56:22.349,1.54688,1.5471,1.50,1.43
2012.04.19 10:56:22.983,1.54687,1.5471,1.50,1.43
2012.04.19 10:56:25.618,1.5469,1.5471,1.50,1.43
2012.04.19 10:56:26.301,1.54688,1.5471,1.50,1.43
2012.04.19 10:56:26.908,1.54685,1.5471,1.50,1.43
2012.04.19 10:56:27.048,1.54685,1.54715,1.50,1.80
2012.04.19 10:56:27.226,1.54688,1.54715,1.50,1.80
2012.04.19 10:56:27.643,1.54688,1.5471,1.50,1.43
2012.04.19 10:56:28.699,1.54688,1.5471,1.50,2.18
2012.04.19 10:56:32.889,1.54688,1.54709,1.50,2.18
2012.04.19 10:56:33.019,1.54689,1.54717,1.43,2.97
2012.04.19 10:56:33.370,1.54689,1.5471,1.43,1.50
2012.04.19 10:56:33.497,1.54689,1.54718,1.43,1.88
2012.04.19 10:56:33.730,1.54694,1.54719,1.50,1.13
2012.04.19 10:56:34.067,1.547,1.54718,1.50,1.13
2012.04.19 10:56:38.758,1.547,1.54723,1.50,2.93
2012.04.19 10:56:39.507,1.547,1.54723,1.50,2.93
2012.04.19 10:56:39.586,1.54696,1.54724,1.50,2.93
2012.04.19 10:56:42.422,1.54696,1.54715,1.50,1.13
2012.04.19 10:56:42.680,1.54696,1.54718,1.50,1.13
2012.04.19 10:56:43.482,1.54696,1.54716,1.50,1.13
2012.04.19 10:56:43.790,1.54689,1.54716,1.50,1.13
2012.04.19 10:56:43.920,1.54691,1.54716,1.50,1.13
2012.04.19 10:56:44.479,1.54691,1.54713,1.50,1.43
2012.04.19 10:56:44.550,1.54685,1.54713,2.19,1.43
2012.04.19 10:56:45.008,1.54688,1.54713,1.50,1.43
2012.04.19 10:56:45.499,1.54692,1.54714,1.50,2.18
2012.04.19 10:56:45.626,1.54689,1.54714,1.50,2.18
2012.04.19 10:56:45.686,1.54685,1.54714,1.50,2.18
2012.04.19 10:56:45.878,1.54692,1.54714,1.50,2.18
2012.04.19 10:56:48.066,1.54689,1.54714,3.00,1.43
2012.04.19 10:56:51.198,1.54693,1.54714,1.50,1.43
2012.04.19 10:56:51.507,1.5469,1.54722,1.43,1.50
2012.04.19 10:56:51.578,1.54696,1.54724,1.50,2.93
2012.04.19 10:56:52.136,1.54696,1.54724,1.50,2.18
2012.04.19 10:56:53.718,1.54697,1.54724,1.50,2.18
2012.04.19 10:56:54.295,1.54698,1.54724,1.50,2.18
2012.04.19 10:57:02.848,1.54694,1.54724,1.50,2.18
2012.04.19 10:57:03.256,1.54697,1.54724,1.50,2.18
2012.04.19 10:57:05.308,1.547,1.54724,1.50,2.18
2012.04.19 10:57:05.992,1.54697,1.54725,1.50,2.18
2012.04.19 10:57:06.060,1.54694,1.54725,1.50,3.68
2012.04.19 10:57:06.641,1.54694,1.54725,1.50,2.93
2012.04.19 10:57:06.819,1.54693,1.54723,1.43,1.50
2012.04.19 10:57:07.629,1.54693,1.54721,1.43,1.84
2012.04.19 10:57:07.820,1.54693,1.54723,2.45,1.50
2012.04.19 10:57:07.889,1.54698,1.54723,1.43,1.50
2012.04.19 10:57:08.052,1.54698,1.54726,1.43,1.80
2012.04.19 10:57:09.096,1.54704,1.54726,1.43,1.50
2012.04.19 10:57:09.485,1.54704,1.54729,1.43,1.88
2012.04.19 10:57:10.134,1.54704,1.54729,1.43,1.88
2012.04.19 10:57:10.739,1.54698,1.54729,3.28,2.63
2012.04.19 10:57:10.871,1.54706,1.54729,1.50,1.13
2012.04.19 10:57:11.121,1.54704,1.54729,1.50,1.13
2012.04.19 10:57:11.187,1.54704,1.54729,1.50,1.13
2012.04.19 10:57:11.511,1.54704,1.54729,1.50,1.13
2012.04.19 10:57:11.779,1.54706,1.54729,1.50,1.13
2012.04.19 10:57:11.847,1.54703,1.54729,1.50,1.13
2012.04.19 10:57:12.696,1.54703,1.54729,1.50,1.13
2012.04.19 10:57:13.188,1.54703,1.54728,1.50,1.47
2012.04.19 10:57:13.378,1.54692,1.54723,1.43,2.25
2012.04.19 10:57:13.447,1.54692,1.54723,1.43,1.50
2012.04.19 10:57:13.579,1.54694,1.54723,1.43,1.50
2012.04.19 10:57:13.906,1.54703,1.54728,1.50,1.13
2012.04.19 10:57:14.331,1.547,1.54729,1.50,1.13
2012.04.19 10:57:14.517,1.547,1.54729,1.50,1.13
2012.04.19 10:57:14.847,1.547,1.54729,1.50,1.13
2012.04.19 10:57:14.917,1.547,1.54729,1.50,1.13
2012.04.19 10:57:15.069,1.54698,1.54728,1.50,3.68
2012.04.19 10:57:15.211,1.54696,1.54726,1.50,2.25
2012.04.19 10:57:15.278,1.54693,1.54726,1.50,2.25
2012.04.19 10:57:15.349,1.54691,1.54722,2.19,1.50
2012.04.19 10:57:15.620,1.54693,1.54724,1.50,1.50
2012.04.19 10:57:16.299,1.54693,1.54725,1.50,1.50
2012.04.19 10:57:16.878,1.54693,1.54725,1.50,2.25
2012.04.19 10:57:17.697,1.54695,1.54725,1.43,1.50
2012.04.19 10:57:18.687,1.54701,1.54727,1.50,1.50
2012.04.19 10:57:18.757,1.54701,1.54729,1.50,1.80
2012.04.19 10:57:18.959,1.54704,1.54729,1.50,1.80
2012.04.19 10:57:21.808,1.54701,1.54729,1.50,1.13
2012.04.19 10:57:21.937,1.54701,1.54725,1.50,1.43
2012.04.19 10:57:22.221,1.54696,1.54725,1.50,2.18
2012.04.19 10:57:22.598,1.54698,1.54724,1.50,1.43
2012.04.19 10:57:22.910,1.54702,1.54724,1.50,1.43
2012.04.19 10:57:23.491,1.54702,1.54724,1.50,2.18
2012.04.19 10:57:23.680,1.54697,1.5472,1.50,1.43
2012.04.19 10:57:23.812,1.54697,1.54724,1.50,1.43
2012.04.19 10:57:24.108,1.54692,1.54724,1.50,2.18
2012.04.19 10:57:24.357,1.54695,1.54724,1.50,2.18
2012.04.19 10:57:24.429,1.54693,1.54724,1.50,3.68
2012.04.19 10:57:25.107,1.54691,1.54724,3.61,3.68
2012.04.19 10:57:25.183,1.54695,1.54725,2.93,1.50
2012.04.19 10:57:25.571,1.54695,1.54723,1.43,1.50
2012.04.19 10:57:26.367,1.547,1.54728,1.50,1.13
2012.04.19 10:57:26.817,1.54697,1.54728,3.00,1.88
2012.04.19 10:57:27.149,1.54694,1.54725,3.00,1.50
2012.04.19 10:57:27.549,1.54697,1.54727,1.50,1.88
2012.04.19 10:57:28.110,1.54698,1.54723,1.43,1.50
2012.04.19 10:57:29.210,1.54698,1.54723,1.43,1.88
2012.04.19 10:57:29.341,1.5469,1.54719,1.50,1.43
2012.04.19 10:57:29.528,1.5469,1.54723,1.50,2.25
2012.04.19 10:57:29.878,1.54694,1.54724,1.50,1.50
2012.04.19 10:57:30.282,1.54697,1.54728,1.50,2.93
2012.04.19 10:57:30.348,1.54694,1.54725,3.00,1.50
2012.04.19 10:57:30.716,1.54696,1.54728,1.50,1.50
2012.04.19 10:57:31.304,1.54696,1.54729,1.50,3.68
2012.04.19 10:57:32.197,1.54694,1.54725,3.00,1.50
2012.04.19 10:57:32.938,1.54697,1.54728,1.50,1.50
2012.04.19 10:57:33.512,1.54697,1.54729,1.50,2.18
2012.04.19 10:57:35.327,1.54699,1.54729,1.50,2.18
2012.04.19 10:57:35.637,1.54701,1.54729,1.50,2.18
2012.04.19 10:57:35.878,1.54697,1.54727,1.50,1.50
2012.04.19 10:57:35.948,1.54694,1.54723,1.43,1.50
2012.04.19 10:57:36.136,1.54695,1.54725,1.50,1.50
2012.04.19 10:57:37.146,1.54696,1.54729,1.50,2.25
2012.04.19 10:57:38.311,1.54696,1.54725,1.43,1.50
2012.04.19 10:57:38.620,1.54698,1.54722,1.43,1.50
2012.04.19 10:57:38.867,1.54686,1.54716,1.06,2.25
2012.04.19 10:57:38.997,1.54684,1.54717,1.88,1.50
2012.04.19 10:57:39.067,1.54683,1.54713,1.88,1.50
2012.04.19 10:57:40.024,1.54682,1.54714,3.99,1.50
2012.04.19 10:57:40.566,1.54682,1.54714,4.36,1.50
2012.04.19 10:57:40.627,1.54682,1.54714,3.61,1.50
2012.04.19 10:57:41.067,1.54685,1.54716,1.50,3.68
2012.04.19 10:57:41.298,1.54681,1.54714,3.99,2.25
2012.04.19 10:57:41.438,1.54685,1.54714,1.50,3.68
2012.04.19 10:57:41.749,1.54689,1.54716,1.43,1.50
2012.04.19 10:57:42.092,1.5469,1.54713,1.50,1.50
2012.04.19 10:57:42.158,1.54691,1.54719,1.50,1.80
2012.04.19 10:57:42.349,1.54689,1.54719,1.43,1.80
2012.04.19 10:57:42.868,1.54689,1.54719,1.43,1.80
2012.04.19 10:57:42.999,1.54694,1.54719,1.50,1.80
2012.04.19 10:57:43.542,1.54695,1.54721,1.43,1.88
2012.04.19 10:57:44.051,1.54695,1.54719,1.43,1.88
2012.04.19 10:57:45.590,1.5469,1.54719,1.06,1.88
2012.04.19 10:57:45.717,1.54689,1.54715,2.19,1.43
2012.04.19 10:57:45.909,1.54686,1.54715,1.50,1.43
2012.04.19 10:57:45.978,1.54686,1.54717,1.50,1.50
2012.04.19 10:57:46.108,1.54689,1.54722,1.50,2.63
2012.04.19 10:57:46.177,1.5469,1.54722,1.50,3.72
2012.04.19 10:57:46.429,1.54684,1.54714,1.50,2.55
2012.04.19 10:57:46.498,1.54684,1.54714,1.50,1.43
2012.04.19 10:57:46.567,1.54691,1.54717,1.50,2.25
2012.04.19 10:57:46.639,1.54694,1.54722,1.50,1.13
2012.04.19 10:57:47.042,1.54694,1.54718,1.50,1.09
2012.04.19 10:57:47.111,1.5468,1.54709,1.43,1.50
2012.04.19 10:57:47.700,1.54678,1.54709,2.93,1.50
2012.04.19 10:57:47.767,1.54678,1.54709,3.68,1.50
2012.04.19 10:57:48.077,1.54688,1.54709,1.43,1.50
2012.04.19 10:57:48.683,1.54688,1.54712,1.43,1.88
2012.04.19 10:57:48.996,1.5469,1.54712,1.43,1.88
2012.04.19 10:57:51.830,1.54691,1.54712,1.43,1.88
2012.04.19 10:57:53.739,1.54686,1.54715,1.80,2.25
2012.04.19 10:57:53.989,1.54688,1.54712,1.43,1.50
2012.04.19 10:57:54.392,1.54688,1.54714,1.43,1.50
2012.04.19 10:57:54.457,1.54688,1.5471,1.50,1.43
2012.04.19 10:57:54.599,1.54686,1.5471,1.50,1.43
2012.04.19 10:57:54.726,1.54684,1.5471,1.50,1.43
2012.04.19 10:57:56.053,1.54688,1.5471,1.50,1.43
2012.04.19 10:57:56.840,1.54686,1.5471,1.50,1.43
2012.04.19 10:57:56.907,1.54683,1.5471,1.50,1.43
2012.04.19 10:57:58.270,1.54686,1.5471,1.50,1.43
2012.04.19 10:57:58.891,1.54686,1.54711,1.50,1.43
2012.04.19 10:57:59.254,1.54686,1.54709,1.50,2.18
2012.04.19 10:58:00.046,1.54685,1.54709,1.50,2.18
2012.04.19 10:58:00.367,1.54682,1.54709,1.50,2.18
2012.04.19 10:58:00.891,1.54681,1.54709,1.50,2.18
2012.04.19 10:58:01.019,1.54685,1.54712,1.43,2.25
2012.04.19 10:58:01.158,1.54689,1.54716,1.50,2.55
2012.04.19 10:58:01.348,1.54689,1.54718,1.50,2.55
2012.04.19 10:58:01.926,1.54686,1.54718,1.50,3.30
2012.04.19 10:58:01.988,1.54685,1.54705,1.50,1.43
2012.04.19 10:58:02.179,1.54683,1.54705,1.50,1.43
2012.04.19 10:58:02.307,1.5468,1.54705,1.50,1.43
2012.04.19 10:58:02.378,1.54681,1.5471,1.43,1.50
2012.04.19 10:58:02.567,1.54683,1.54712,1.50,1.50
2012.04.19 10:58:02.879,1.54687,1.54716,1.43,1.58
2012.04.19 10:58:03.786,1.54695,1.54717,1.43,1.58
2012.04.19 10:58:04.219,1.54691,1.54724,1.50,2.33
2012.04.19 10:58:04.287,1.54694,1.54726,1.50,2.33
2012.04.19 10:58:04.423,1.54691,1.54722,1.50,1.58
2012.04.19 10:58:04.788,1.54691,1.54722,1.50,2.25
2012.04.19 10:58:04.858,1.54689,1.5472,2.93,1.88
2012.04.19 10:58:05.561,1.5469,1.54721,2.93,1.88
2012.04.19 10:58:06.308,1.54693,1.54724,1.50,2.25
2012.04.19 10:58:06.666,1.54698,1.54725,1.43,2.25
2012.04.19 10:58:10.030,1.54699,1.54723,1.43,1.50
2012.04.19 10:58:10.590,1.547,1.54728,1.43,2.25
2012.04.19 10:58:10.718,1.54698,1.54724,1.43,2.25
2012.04.19 10:58:15.029,1.54698,1.54718,1.43,1.13
2012.04.19 10:58:15.100,1.54694,1.54718,1.65,1.13
2012.04.19 10:58:15.228,1.54689,1.54717,1.43,1.50
2012.04.19 10:58:15.985,1.5469,1.54716,1.43,1.50
2012.04.19 10:58:16.054,1.54685,1.54716,1.43,1.50
2012.04.19 10:58:16.119,1.54689,1.54713,1.43,1.50
2012.04.19 10:58:16.634,1.54692,1.54716,1.43,1.50
2012.04.19 10:58:21.453,1.5469,1.54716,1.43,1.50
2012.04.19 10:58:21.579,1.54688,1.54716,1.43,1.50
2012.04.19 10:58:23.587,1.5469,1.54716,1.43,1.50
2012.04.19 10:58:24.639,1.54695,1.54716,1.43,1.50
2012.04.19 10:58:25.082,1.54693,1.54716,1.43,1.50
2012.04.19 10:58:29.322,1.54698,1.54721,1.43,1.88
2012.04.19 10:58:29.828,1.54698,1.54723,1.43,2.25
2012.04.19 10:58:31.490,1.54699,1.5472,1.43,1.88
2012.04.19 10:58:31.918,1.54697,1.54724,1.43,2.25
2012.04.19 10:58:32.457,1.54697,1.54719,1.43,1.88
2012.04.19 10:58:33.807,1.54694,1.54719,1.43,1.88
2012.04.19 10:58:34.493,1.54694,1.54716,1.43,1.50
2012.04.19 10:58:37.808,1.54694,1.54721,1.43,1.88
2012.04.19 10:58:37.879,1.54698,1.54721,1.43,1.88
2012.04.19 10:58:41.528,1.54698,1.54721,1.43,1.88
2012.04.19 10:58:41.599,1.54694,1.54721,1.43,1.88
2012.04.19 10:58:42.117,1.54695,1.54719,1.43,1.13
2012.04.19 10:58:43.597,1.5469,1.54718,2.93,1.13
2012.04.19 10:58:43.797,1.54694,1.54718,1.43,1.13
2012.04.19 10:58:43.869,1.54694,1.54719,1.43,1.13
2012.04.19 10:58:44.838,1.54702,1.54724,1.43,3.00
2012.04.19 10:58:45.354,1.54703,1.54724,1.43,3.00
2012.04.19 10:58:46.149,1.54697,1.5472,1.43,1.88
2012.04.19 10:58:46.337,1.54695,1.5472,1.43,1.88
2012.04.19 10:58:47.631,1.54694,1.54724,1.43,4.43
2012.04.19 10:58:50.459,1.54689,1.54718,1.43,2.63
2012.04.19 10:58:54.287,1.54689,1.54718,2.93,1.13
2012.04.19 10:58:54.480,1.54693,1.54718,1.50,1.13
2012.04.19 10:58:54.849,1.54697,1.54718,1.50,1.13
2012.04.19 10:58:55.530,1.54695,1.54718,1.43,1.13
2012.04.19 10:58:56.017,1.54691,1.54718,1.50,1.13
2012.04.19 10:58:56.390,1.54693,1.54718,1.50,1.13
2012.04.19 10:58:57.619,1.54692,1.54721,1.50,2.14
2012.04.19 10:58:57.688,1.5469,1.54721,1.50,2.14
2012.04.19 10:58:57.818,1.54692,1.54721,1.50,1.80
2012.04.19 10:58:58.129,1.54692,1.54711,1.50,1.43
2012.04.19 10:59:01.537,1.54695,1.54724,1.43,1.50
2012.04.19 10:59:03.268,1.54695,1.54724,1.43,1.50
2012.04.19 10:59:03.397,1.54692,1.54724,1.50,1.50
2012.04.19 10:59:03.468,1.54696,1.54724,1.50,1.50
2012.04.19 10:59:03.828,1.54692,1.54724,2.19,3.00
2012.04.19 10:59:04.535,1.54694,1.54724,1.43,4.43
2012.04.19 10:59:04.717,1.5469,1.54719,2.11,1.88
2012.04.19 10:59:04.849,1.5469,1.54718,1.43,1.13
2012.04.19 10:59:05.421,1.5469,1.54718,1.43,1.13
2012.04.19 10:59:05.840,1.54693,1.54718,1.50,1.13
2012.04.19 10:59:07.017,1.54693,1.54717,1.50,1.13
2012.04.19 10:59:07.406,1.5469,1.54712,1.50,1.43
2012.04.19 10:59:07.875,1.5469,1.54715,1.50,1.13
2012.04.19 10:59:08.177,1.54686,1.54716,1.43,1.88
2012.04.19 10:59:11.409,1.54689,1.54718,1.50,2.55
2012.04.19 10:59:11.784,1.54692,1.54716,1.50,1.80
2012.04.19 10:59:12.427,1.5469,1.54716,1.50,1.80
2012.04.19 10:59:13.108,1.5469,1.54718,1.50,1.80
2012.04.19 10:59:13.529,1.54693,1.54718,1.50,1.80
2012.04.19 10:59:13.658,1.54691,1.54718,1.50,1.80
2012.04.19 10:59:13.849,1.54687,1.54718,1.50,1.80
2012.04.19 10:59:14.247,1.54686,1.54718,1.43,2.93
2012.04.19 10:59:14.439,1.54686,1.54718,1.43,3.68
2012.04.19 10:59:14.808,1.54685,1.54712,1.43,1.50
2012.04.19 10:59:17.482,1.54685,1.54714,1.43,2.25
2012.04.19 10:59:18.428,1.54685,1.54714,1.43,2.97
2012.04.19 10:59:18.678,1.54681,1.54711,1.50,2.93
2012.04.19 10:59:18.747,1.54681,1.54711,1.50,3.68
2012.04.19 10:59:20.158,1.54679,1.54709,1.43,2.25
2012.04.19 10:59:23.381,1.54681,1.54712,1.43,2.25
2012.04.19 10:59:25.108,1.54683,1.54713,1.50,4.05
2012.04.19 10:59:25.238,1.54683,1.54713,1.50,2.55
2012.04.19 10:59:25.306,1.54682,1.54711,1.50,1.50
2012.04.19 10:59:25.618,1.54682,1.54713,1.50,4.05
2012.04.19 10:59:25.880,1.54682,1.54713,1.50,3.30
2012.04.19 10:59:25.946,1.54682,1.54713,1.50,4.05
2012.04.19 10:59:26.628,1.54685,1.54713,1.50,2.55
2012.04.19 10:59:30.199,1.54687,1.54713,1.43,1.13
2012.04.19 10:59:30.507,1.54687,1.54711,1.43,2.25
2012.04.19 10:59:30.579,1.54678,1.5471,2.34,2.18
2012.04.19 10:59:30.710,1.54686,1.5471,1.50,2.18
2012.04.19 10:59:30.777,1.54682,1.5471,1.50,2.18
2012.04.19 10:59:30.909,1.5468,1.5471,1.50,2.18
2012.04.19 10:59:31.409,1.54682,1.5471,1.50,2.18
2012.04.19 10:59:33.758,1.54687,1.54712,1.50,2.18
2012.04.19 10:59:34.384,1.54689,1.54712,1.50,2.18
2012.04.19 10:59:34.887,1.54689,1.54712,1.50,2.18
2012.04.19 10:59:35.139,1.54686,1.54712,1.50,2.18
2012.04.19 10:59:35.210,1.54686,1.54706,1.50,1.43
2012.04.19 10:59:35.282,1.54686,1.54714,1.50,2.55
2012.04.19 10:59:35.349,1.54688,1.54714,1.50,2.55
2012.04.19 10:59:35.745,1.54689,1.5471,1.50,2.18
2012.04.19 10:59:40.939,1.54688,1.5471,1.50,2.18
2012.04.19 10:59:41.470,1.54687,1.54705,1.50,2.18
2012.04.19 10:59:41.539,1.54683,1.54705,1.50,2.18
2012.04.19 10:59:42.777,1.54686,1.54705,1.50,2.18
2012.04.19 10:59:43.328,1.54679,1.54705,1.50,2.18
2012.04.19 10:59:43.598,1.54682,1.54705,1.50,2.18
2012.04.19 10:59:44.632,1.54686,1.54705,1.50,2.18
2012.04.19 10:59:44.703,1.54686,1.54705,1.50,2.18
2012.04.19 10:59:44.898,1.54686,1.54705,1.50,1.43
2012.04.19 10:59:45.088,1.54686,1.54711,1.50,2.18
2012.04.19 10:59:45.611,1.54685,1.5471,1.43,2.25
2012.04.19 10:59:46.908,1.54685,1.54713,1.43,1.13
2012.04.19 10:59:47.156,1.54685,1.54713,1.43,1.13
2012.04.19 10:59:47.719,1.54685,1.54713,1.43,1.13
2012.04.19 10:59:47.800,1.5469,1.54713,1.43,1.13
2012.04.19 10:59:53.101,1.54686,1.54714,1.43,1.13
2012.04.19 10:59:53.629,1.54689,1.54715,1.43,1.88
2012.04.19 10:59:54.767,1.54687,1.54715,1.43,1.88
2012.04.19 10:59:55.201,1.54688,1.54715,1.03,1.88
2012.04.19 10:59:55.840,1.54694,1.54722,1.50,2.25
2012.04.19 10:59:55.913,1.5469,1.54719,2.93,1.50
2012.04.19 10:59:56.079,1.54702,1.54719,1.43,1.50
2012.04.19 10:59:56.571,1.54691,1.54714,1.50,1.13
2012.04.19 10:59:56.738,1.54691,1.54712,1.50,1.43
2012.04.19 10:59:56.813,1.54688,1.54712,1.50,1.43
2012.04.19 10:59:56.879,1.5469,1.54712,1.50,1.43
2012.04.19 10:59:56.949,1.5469,1.54719,1.50,2.33
2012.04.19 10:59:57.051,1.5469,1.54712,1.50,1.43
2012.04.19 10:59:57.497,1.5469,1.54712,1.50,2.18
2012.04.19 10:59:57.956,1.5469,1.54712,1.50,1.43
2012.04.19 10:59:58.528,1.5469,1.54709,1.50,1.43
2012.04.19 10:59:58.598,1.54683,1.54707,1.50,1.50
2012.04.19 10:59:59.058,1.54683,1.54698,1.50,1.43
2012.04.19 10:59:59.140,1.54672,1.54699,1.50,1.43
2012.04.19 10:59:59.516,1.54679,1.54699,1.50,1.43
2012.04.19 10:59:59.701,1.54675,1.54699,1.50,1.43
2012.04.19 10:59:59.770,1.54676,1.54699,1.50,2.18
2012.04.19 10:59:59.959,1.54673,1.54695,1.50,2.18
