2017.01.04 13:00:00.208,1.69153,1.69178,1.00,1.00
2017.01.04 13:00:00.309,1.69148,1.69178,1.00,1.00
2017.01.04 13:00:00.612,1.69148,1.69175,1.00,1.00
2017.01.04 13:00:00.972,1.69144,1.69174,1.12,1.00
2017.01.04 13:00:01.174,1.69143,1.69169,1.00,1.00
2017.01.04 13:00:01.629,1.69139,1.69169,1.50,1.00
2017.01.04 13:00:01.679,1.69139,1.69166,1.00,1.00
2017.01.04 13:00:01.781,1.69143,1.69172,1.00,1.12
2017.01.04 13:00:01.983,1.69143,1.69174,1.00,1.00
2017.01.04 13:00:02.084,1.69146,1.69177,1.00,1.12
2017.01.04 13:00:03.289,1.69142,1.69176,1.00,1.00
2017.01.04 13:00:03.340,1.6914,1.69174,1.12,1.00
2017.01.04 13:00:03.755,1.6914,1.69168,1.12,1.00
2017.01.04 13:00:03.907,1.69135,1.69165,1.00,1.00
2017.01.04 13:00:04.008,1.69131,1.69165,1.50,1.50
2017.01.04 13:00:04.106,1.6913,1.69163,1.12,1.00
2017.01.04 13:00:04.408,1.69132,1.69164,2.62,1.00
2017.01.04 13:00:04.711,1.69142,1.69174,1.00,1.00
2017.01.04 13:00:04.863,1.69144,1.69175,1.00,1.00
2017.01.04 13:00:05.170,1.69144,1.69171,1.00,1.00
2017.01.04 13:00:05.796,1.69141,1.69171,1.50,1.00
2017.01.04 13:00:06.146,1.69142,1.69174,1.00,1.00
2017.01.04 13:00:06.668,1.69142,1.69175,1.00,1.00
2017.01.04 13:00:07.121,1.69141,1.69172,1.50,1.00
2017.01.04 13:00:07.656,1.69143,1.69175,1.00,1.00
2017.01.04 13:00:07.932,1.69144,1.69172,1.00,1.00
2017.01.04 13:00:08.220,1.69144,1.69176,1.00,1.12
2017.01.04 13:00:08.372,1.69144,1.69172,1.00,1.00
2017.01.04 13:00:08.423,1.6914,1.69171,1.00,1.00
2017.01.04 13:00:08.524,1.6914,1.69169,1.00,1.00
2017.01.04 13:00:08.575,1.69137,1.69169,1.00,1.00
2017.01.04 13:00:08.626,1.6914,1.69172,1.00,1.12
2017.01.04 13:00:08.727,1.69142,1.69176,1.50,1.50
2017.01.04 13:00:08.777,1.69145,1.69176,1.00,1.50
2017.01.04 13:00:09.086,1.69147,1.69174,1.00,1.00
2017.01.04 13:00:09.288,1.69143,1.69174,1.00,1.00
2017.01.04 13:00:09.937,1.69143,1.69171,1.00,1.00
2017.01.04 13:00:10.445,1.69143,1.69175,1.50,1.00
2017.01.04 13:00:11.144,1.69144,1.69176,1.00,1.00
2017.01.04 13:00:11.270,1.69148,1.69176,1.00,1.00
2017.01.04 13:00:11.426,1.69148,1.69178,1.00,1.00
2017.01.04 13:00:11.527,1.69148,1.6918,1.00,1.00
2017.01.04 13:00:11.729,1.69152,1.69181,1.00,1.12
2017.01.04 13:00:12.234,1.69152,1.69178,1.00,1.00
2017.01.04 13:00:12.682,1.69152,1.69182,1.00,1.00
2017.01.04 13:00:13.264,1.69152,1.69181,1.00,1.00
2017.01.04 13:00:13.315,1.69152,1.69179,1.00,1.00
2017.01.04 13:00:13.466,1.69152,1.69183,1.00,1.87
2017.01.04 13:00:13.977,1.69152,1.69182,1.00,1.00
2017.01.04 13:00:14.404,1.69158,1.69185,1.00,1.37
2017.01.04 13:00:14.455,1.69161,1.69193,1.00,1.50
2017.01.04 13:00:14.506,1.69161,1.69191,1.00,1.00
2017.01.04 13:00:14.808,1.69163,1.69192,1.12,1.00
2017.01.04 13:00:14.859,1.69161,1.69193,1.00,2.25
2017.01.04 13:00:14.910,1.69161,1.69189,1.00,1.00
2017.01.04 13:00:15.212,1.69163,1.69189,1.00,1.00
2017.01.04 13:00:15.263,1.69161,1.69189,1.00,1.12
2017.01.04 13:00:15.314,1.69159,1.6919,1.00,4.50
2017.01.04 13:00:15.566,1.69162,1.6919,1.00,1.00
2017.01.04 13:00:15.769,1.69167,1.69196,1.00,1.00
2017.01.04 13:00:16.079,1.69168,1.69194,1.00,1.00
2017.01.04 13:00:16.221,1.69168,1.69196,1.00,1.00
2017.01.04 13:00:16.277,1.69168,1.692,1.00,1.00
2017.01.04 13:00:16.529,1.69166,1.69199,1.00,1.00
2017.01.04 13:00:17.047,1.69166,1.69201,1.00,1.50
2017.01.04 13:00:17.577,1.69166,1.692,1.00,1.00
2017.01.04 13:00:18.083,1.69166,1.69201,1.00,1.00
2017.01.04 13:00:18.234,1.69165,1.69194,1.87,1.12
2017.01.04 13:00:18.436,1.69159,1.69189,1.50,1.00
2017.01.04 13:00:18.487,1.69159,1.69193,1.50,1.75
2017.01.04 13:00:18.941,1.69159,1.69193,1.00,1.50
2017.01.04 13:00:19.093,1.69159,1.69192,1.00,1.37
2017.01.04 13:00:19.602,1.69158,1.69192,2.25,3.00
2017.01.04 13:00:19.964,1.69162,1.69194,1.00,1.37
2017.01.04 13:00:20.283,1.69164,1.69193,1.00,1.00
2017.01.04 13:00:20.820,1.69163,1.69194,1.00,1.00
2017.01.04 13:00:21.614,1.69163,1.69192,1.00,1.00
2017.01.04 13:00:21.665,1.69161,1.69191,1.00,1.00
2017.01.04 13:00:21.718,1.69161,1.69194,1.00,1.50
2017.01.04 13:00:22.232,1.6916,1.69192,1.00,1.00
2017.01.04 13:00:22.434,1.6916,1.69192,1.37,1.00
2017.01.04 13:00:22.484,1.69167,1.69197,1.00,1.12
2017.01.04 13:00:22.636,1.69167,1.692,1.12,1.50
2017.01.04 13:00:22.784,1.69169,1.69199,1.00,1.00
2017.01.04 13:00:23.307,1.69169,1.692,1.00,1.00
2017.01.04 13:00:23.825,1.6917,1.69202,1.00,1.00
2017.01.04 13:00:26.265,1.69168,1.69202,1.00,1.87
2017.01.04 13:00:26.479,1.69174,1.69206,1.00,2.25
2017.01.04 13:00:26.670,1.69174,1.69208,1.50,2.25
2017.01.04 13:00:27.175,1.69175,1.69207,1.00,1.00
2017.01.04 13:00:27.700,1.69174,1.69206,1.50,1.00
2017.01.04 13:00:27.952,1.69174,1.69204,1.50,1.00
2017.01.04 13:00:28.467,1.69173,1.69204,1.00,1.00
2017.01.04 13:00:29.148,1.69172,1.69204,1.00,1.00
2017.01.04 13:00:30.040,1.69172,1.69203,1.00,1.00
2017.01.04 13:00:30.594,1.69171,1.69202,1.00,1.00
2017.01.04 13:00:31.135,1.69171,1.69203,1.50,1.00
2017.01.04 13:00:31.694,1.69171,1.69202,1.50,1.00
2017.01.04 13:00:32.080,1.69173,1.69201,1.00,1.00
2017.01.04 13:00:32.640,1.69173,1.69202,1.00,1.00
2017.01.04 13:00:33.613,1.69173,1.69204,1.00,2.62
2017.01.04 13:00:34.156,1.69172,1.69204,1.00,1.37
2017.01.04 13:00:34.670,1.69172,1.69202,1.00,1.00
2017.01.04 13:00:35.211,1.69172,1.69203,1.00,2.25
2017.01.04 13:00:35.527,1.69171,1.69198,1.50,1.00
2017.01.04 13:00:35.729,1.69172,1.69201,1.00,1.00
2017.01.04 13:00:35.780,1.6917,1.69201,1.00,1.12
2017.01.04 13:00:35.830,1.6917,1.69199,1.00,1.50
2017.01.04 13:00:35.982,1.69167,1.69199,1.00,1.00
2017.01.04 13:00:36.500,1.69167,1.69198,1.00,1.00
2017.01.04 13:00:37.128,1.69167,1.69201,1.00,1.00
2017.01.04 13:00:37.179,1.6917,1.692,1.00,1.00
2017.01.04 13:00:37.481,1.69167,1.69199,1.00,1.50
2017.01.04 13:00:37.983,1.69167,1.69198,1.00,1.00
2017.01.04 13:00:38.506,1.69167,1.69199,1.00,1.50
2017.01.04 13:00:39.170,1.69171,1.69202,1.00,1.00
2017.01.04 13:00:39.507,1.69174,1.69202,1.00,1.00
2017.01.04 13:00:39.762,1.69172,1.69202,1.00,1.00
2017.01.04 13:00:40.541,1.69172,1.69204,1.00,1.00
2017.01.04 13:00:40.866,1.69176,1.69204,1.00,1.00
2017.01.04 13:00:41.375,1.69175,1.69205,1.00,1.00
2017.01.04 13:00:41.481,1.69172,1.69205,1.00,1.00
2017.01.04 13:00:42.091,1.69172,1.69204,1.00,2.25
2017.01.04 13:00:42.688,1.6917,1.69204,1.50,1.00
2017.01.04 13:00:42.789,1.6917,1.69195,1.00,1.00
2017.01.04 13:00:42.992,1.69159,1.69188,1.00,1.00
2017.01.04 13:00:43.042,1.69159,1.69186,1.00,1.00
2017.01.04 13:00:43.093,1.69155,1.69188,1.12,1.00
2017.01.04 13:00:43.144,1.69157,1.69188,1.37,1.00
2017.01.04 13:00:43.398,1.69163,1.69197,1.50,2.25
2017.01.04 13:00:43.570,1.69163,1.69194,1.50,1.00
2017.01.04 13:00:44.112,1.69163,1.69195,1.50,1.00
2017.01.04 13:00:44.664,1.69163,1.69196,1.50,1.00
2017.01.04 13:00:45.190,1.69163,1.69197,2.25,1.50
2017.01.04 13:00:45.772,1.69163,1.69196,2.25,1.00
2017.01.04 13:00:46.512,1.69163,1.69197,1.50,1.00
2017.01.04 13:00:46.819,1.69169,1.69201,1.00,1.00
2017.01.04 13:00:47.021,1.69166,1.692,2.62,1.00
2017.01.04 13:00:47.223,1.69166,1.69198,2.62,1.37
2017.01.04 13:00:47.525,1.69159,1.69189,1.00,1.00
2017.01.04 13:00:48.046,1.69159,1.6919,1.00,1.00
2017.01.04 13:00:48.361,1.69158,1.69186,1.00,1.00
2017.01.04 13:00:48.684,1.69158,1.69184,1.00,1.00
2017.01.04 13:00:48.734,1.69154,1.69184,3.37,1.00
2017.01.04 13:00:49.708,1.69155,1.69185,1.50,1.50
2017.01.04 13:00:50.211,1.69154,1.69183,1.75,1.00
2017.01.04 13:00:50.748,1.69153,1.69184,3.00,1.50
2017.01.04 13:00:51.427,1.69153,1.69183,3.00,1.00
2017.01.04 13:00:52.175,1.69153,1.69184,3.00,1.50
2017.01.04 13:00:52.326,1.69154,1.69186,2.62,1.50
2017.01.04 13:00:52.428,1.69157,1.69186,1.87,1.00
2017.01.04 13:00:52.566,1.6916,1.69192,2.25,1.00
2017.01.04 13:00:52.617,1.69163,1.69195,1.50,1.00
2017.01.04 13:00:52.718,1.69165,1.69195,1.37,1.00
2017.01.04 13:00:52.869,1.69169,1.69199,1.12,3.00
2017.01.04 13:00:53.434,1.69169,1.69198,1.87,1.00
2017.01.04 13:00:53.972,1.69169,1.69199,1.87,1.00
2017.01.04 13:00:54.578,1.69169,1.692,1.87,1.50
2017.01.04 13:00:54.924,1.69169,1.69198,1.00,1.00
2017.01.04 13:00:55.038,1.69169,1.692,1.00,1.00
2017.01.04 13:00:55.139,1.69169,1.69202,1.00,2.25
2017.01.04 13:00:55.602,1.69169,1.69199,1.50,1.00
2017.01.04 13:00:55.854,1.6917,1.69201,1.12,1.00
2017.01.04 13:00:55.905,1.69173,1.69201,1.00,1.00
2017.01.04 13:00:56.056,1.69173,1.69203,1.00,2.25
2017.01.04 13:00:56.107,1.69173,1.69197,1.12,1.00
2017.01.04 13:00:56.351,1.69173,1.69199,1.00,1.50
2017.01.04 13:00:56.402,1.69173,1.69193,1.00,1.00
2017.01.04 13:00:56.604,1.69173,1.69197,1.00,1.00
2017.01.04 13:00:56.706,1.69166,1.69195,1.37,1.00
2017.01.04 13:00:56.858,1.69167,1.69196,1.87,1.00
2017.01.04 13:00:56.908,1.6917,1.69201,1.00,1.50
2017.01.04 13:00:57.009,1.6917,1.69201,1.75,1.00
2017.01.04 13:00:57.211,1.6917,1.69201,1.00,1.00
2017.01.04 13:00:57.413,1.69173,1.69201,1.00,1.50
2017.01.04 13:00:58.538,1.69173,1.692,1.00,1.00
2017.01.04 13:00:58.740,1.69162,1.69192,1.00,1.50
2017.01.04 13:00:58.791,1.69162,1.6919,1.00,1.00
2017.01.04 13:00:58.892,1.69158,1.69187,1.00,1.00
2017.01.04 13:00:59.427,1.69157,1.69184,1.00,1.00
2017.01.04 13:00:59.816,1.69157,1.69175,1.00,1.00
2017.01.04 13:00:59.867,1.69147,1.69175,1.12,1.00
2017.01.04 13:01:00.021,1.69147,1.69173,1.00,1.00
2017.01.04 13:01:00.426,1.69147,1.69175,1.00,1.50
2017.01.04 13:01:00.490,1.69147,1.69171,1.00,1.00
2017.01.04 13:01:00.593,1.69147,1.69173,1.00,1.00
2017.01.04 13:01:01.057,1.6914,1.69172,1.00,1.00
2017.01.04 13:01:01.323,1.6914,1.69169,1.00,1.00
2017.01.04 13:01:01.853,1.6914,1.6917,1.00,1.00
2017.01.04 13:01:02.161,1.6914,1.69168,1.00,1.00
2017.01.04 13:01:03.032,1.6914,1.69169,1.00,1.00
2017.01.04 13:01:03.334,1.6914,1.69167,1.00,1.00
2017.01.04 13:01:03.539,1.6914,1.6917,1.00,1.00
2017.01.04 13:01:05.000,1.6914,1.69171,1.00,1.00
2017.01.04 13:01:05.519,1.6914,1.6917,1.00,1.00
2017.01.04 13:01:06.017,1.6914,1.69168,1.00,1.87
2017.01.04 13:01:06.324,1.6914,1.69162,1.00,1.00
2017.01.04 13:01:06.675,1.69135,1.69162,1.00,1.00
2017.01.04 13:01:06.776,1.69133,1.69162,1.00,1.00
2017.01.04 13:01:06.826,1.69138,1.69162,1.00,1.00
2017.01.04 13:01:06.928,1.6914,1.69172,1.00,1.00
2017.01.04 13:01:07.030,1.69143,1.69175,3.00,1.00
2017.01.04 13:01:08.025,1.69145,1.69175,1.00,1.50
2017.01.04 13:01:08.680,1.69143,1.69174,2.25,1.00
2017.01.04 13:01:09.276,1.69143,1.69175,1.50,1.00
2017.01.04 13:01:09.827,1.69144,1.69174,1.12,1.00
2017.01.04 13:01:10.567,1.69143,1.69175,2.25,1.00
2017.01.04 13:01:11.208,1.69144,1.69176,1.87,1.50
2017.01.04 13:01:11.662,1.69147,1.69178,1.00,1.00
2017.01.04 13:01:11.935,1.69148,1.6918,1.00,1.00
2017.01.04 13:01:12.453,1.69149,1.69179,1.00,1.00
2017.01.04 13:01:12.604,1.69149,1.69181,1.00,1.50
2017.01.04 13:01:13.117,1.69148,1.69181,1.50,1.00
2017.01.04 13:01:13.556,1.69151,1.69182,1.00,1.50
2017.01.04 13:01:14.067,1.6915,1.69182,1.00,1.00
2017.01.04 13:01:14.617,1.69151,1.69182,1.00,1.50
2017.01.04 13:01:15.569,1.69152,1.69182,1.00,1.00
2017.01.04 13:01:15.814,1.6915,1.69182,1.00,1.00
2017.01.04 13:01:15.915,1.69151,1.69184,3.00,1.50
2017.01.04 13:01:16.067,1.69154,1.69184,1.00,1.00
2017.01.04 13:01:16.378,1.69154,1.69185,1.87,1.50
2017.01.04 13:01:16.681,1.69171,1.692,1.00,2.25
2017.01.04 13:01:16.782,1.69171,1.69202,1.00,1.50
2017.01.04 13:01:17.330,1.69171,1.692,1.00,1.00
2017.01.04 13:01:17.868,1.69171,1.69201,1.00,1.00
2017.01.04 13:01:18.381,1.69171,1.692,1.00,1.00
2017.01.04 13:01:18.967,1.69171,1.69199,1.00,1.00
2017.01.04 13:01:21.240,1.69171,1.69201,1.00,1.00
2017.01.04 13:01:21.859,1.69171,1.69203,1.00,1.37
2017.01.04 13:01:22.399,1.69171,1.69203,1.00,1.50
2017.01.04 13:01:23.631,1.69171,1.69204,1.00,1.50
2017.01.04 13:01:23.731,1.69173,1.69202,1.00,1.00
2017.01.04 13:01:24.231,1.69173,1.69205,1.00,1.50
2017.01.04 13:01:24.772,1.69174,1.69203,1.00,1.00
2017.01.04 13:01:25.242,1.69173,1.69205,2.25,1.50
2017.01.04 13:01:25.293,1.69175,1.69205,1.00,2.25
2017.01.04 13:01:25.612,1.69179,1.69207,1.00,1.00
2017.01.04 13:01:25.663,1.69179,1.6921,1.50,1.00
2017.01.04 13:01:25.713,1.69181,1.6921,1.00,1.00
2017.01.04 13:01:25.814,1.69179,1.69209,2.25,1.00
2017.01.04 13:01:25.865,1.69179,1.69207,1.50,1.00
2017.01.04 13:01:25.966,1.69179,1.69209,1.00,1.50
2017.01.04 13:01:26.017,1.69179,1.69207,1.00,1.00
2017.01.04 13:01:26.358,1.69184,1.69213,1.52,1.00
2017.01.04 13:01:26.761,1.69183,1.69211,1.00,1.00
2017.01.04 13:01:26.863,1.69181,1.69211,1.20,1.00
2017.01.04 13:01:26.913,1.69181,1.6921,1.35,1.00
2017.01.04 13:01:26.964,1.69181,1.69209,1.50,1.00
2017.01.04 13:01:27.065,1.69179,1.69209,2.40,1.00
2017.01.04 13:01:27.166,1.69181,1.6921,1.50,1.00
2017.01.04 13:01:27.469,1.69193,1.6922,1.87,1.00
2017.01.04 13:01:28.055,1.69193,1.69221,1.37,1.00
2017.01.04 13:01:28.629,1.69193,1.69222,1.37,1.00
2017.01.04 13:01:29.214,1.69192,1.69223,1.50,1.00
2017.01.04 13:01:29.829,1.69192,1.69224,2.25,1.50
2017.01.04 13:01:31.493,1.69192,1.69223,2.40,1.00
2017.01.04 13:01:32.195,1.69192,1.69224,2.40,1.50
2017.01.04 13:01:34.761,1.69192,1.69224,1.42,1.00
2017.01.04 13:01:35.178,1.69192,1.69216,1.20,1.00
2017.01.04 13:01:35.280,1.69186,1.69215,1.00,1.00
2017.01.04 13:01:35.331,1.69186,1.69215,1.00,1.37
2017.01.04 13:01:35.482,1.69181,1.69211,1.30,1.00
2017.01.04 13:01:35.684,1.69186,1.69216,1.27,1.87
2017.01.04 13:01:35.785,1.6919,1.69222,1.00,1.50
2017.01.04 13:01:35.965,1.69188,1.6922,1.20,1.00
2017.01.04 13:01:36.376,1.69186,1.69218,1.15,1.00
2017.01.04 13:01:36.886,1.69186,1.69217,1.15,1.00
2017.01.04 13:01:37.428,1.69185,1.69218,1.35,1.00
2017.01.04 13:01:38.372,1.69184,1.69215,2.17,1.00
2017.01.04 13:01:38.524,1.69183,1.69214,1.50,1.12
2017.01.04 13:01:38.574,1.69181,1.69211,1.37,1.00
2017.01.04 13:01:38.625,1.69181,1.69211,1.00,1.00
2017.01.04 13:01:38.776,1.69177,1.69211,1.50,1.12
2017.01.04 13:01:38.877,1.69177,1.69208,1.00,1.00
2017.01.04 13:01:39.423,1.69177,1.69209,1.50,1.00
2017.01.04 13:01:39.777,1.69177,1.69207,1.00,1.00
2017.01.04 13:01:40.268,1.69178,1.6921,1.00,2.62
2017.01.04 13:01:40.778,1.69178,1.69209,1.00,1.87
2017.01.04 13:01:40.879,1.69178,1.69207,1.00,1.00
2017.01.04 13:01:41.055,1.69176,1.69208,1.00,1.50
2017.01.04 13:01:41.647,1.69176,1.69207,1.00,1.00
2017.01.04 13:01:42.348,1.69176,1.69208,1.00,2.62
2017.01.04 13:01:42.808,1.69178,1.69208,1.00,1.87
2017.01.04 13:01:43.146,1.69176,1.69207,1.00,1.00
2017.01.04 13:01:43.628,1.69178,1.69208,1.00,1.87
2017.01.04 13:01:43.831,1.69186,1.69217,1.50,1.12
2017.01.04 13:01:43.932,1.69188,1.69219,1.50,1.00
2017.01.04 13:01:44.510,1.69188,1.6922,1.50,1.50
2017.01.04 13:01:45.043,1.69188,1.69219,2.25,1.00
2017.01.04 13:01:45.145,1.69186,1.69219,1.00,1.00
2017.01.04 13:01:46.424,1.69187,1.69219,1.00,1.00
2017.01.04 13:01:46.525,1.69184,1.69216,1.87,1.00
2017.01.04 13:01:47.085,1.69185,1.69215,1.00,1.00
2017.01.04 13:01:47.754,1.69184,1.69216,2.25,1.00
2017.01.04 13:01:47.815,1.69185,1.69219,1.00,1.50
2017.01.04 13:01:48.441,1.69185,1.69218,1.00,1.00
2017.01.04 13:01:48.989,1.69185,1.69219,1.50,1.00
2017.01.04 13:01:49.141,1.69188,1.69221,1.00,2.62
2017.01.04 13:01:49.684,1.69187,1.6922,1.50,1.12
2017.01.04 13:01:49.986,1.6919,1.6922,1.00,1.12
2017.01.04 13:01:50.110,1.69188,1.6922,1.00,1.12
2017.01.04 13:01:53.071,1.69186,1.6922,1.37,1.12
2017.01.04 13:01:53.848,1.69188,1.6922,1.00,1.87
2017.01.04 13:01:54.201,1.69186,1.69219,1.00,1.87
2017.01.04 13:01:54.454,1.69188,1.6922,1.00,1.87
2017.01.04 13:01:54.980,1.69188,1.69218,1.00,1.00
2017.01.04 13:01:55.629,1.69188,1.69219,1.00,1.00
2017.01.04 13:01:56.350,1.69188,1.69218,1.00,1.00
2017.01.04 13:01:56.868,1.69189,1.69218,1.00,1.12
2017.01.04 13:01:57.453,1.6919,1.6922,1.00,1.37
2017.01.04 13:01:57.988,1.6919,1.6922,1.00,1.37
2017.01.04 13:01:58.365,1.6919,1.69221,1.00,1.00
2017.01.04 13:01:59.348,1.6919,1.69222,1.00,1.87
2017.01.04 13:01:59.449,1.69192,1.69221,1.00,1.00
2017.01.04 13:01:59.500,1.69192,1.69223,1.00,2.25
2017.01.04 13:02:00.027,1.69191,1.69223,1.00,1.87
2017.01.04 13:02:01.464,1.69194,1.69223,1.00,1.00
2017.01.04 13:02:01.616,1.69194,1.69225,1.00,1.50
2017.01.04 13:02:01.667,1.69191,1.69223,1.00,1.12
2017.01.04 13:02:02.055,1.69189,1.69221,1.12,1.00
2017.01.04 13:02:02.379,1.69183,1.69215,3.75,1.37
2017.01.04 13:02:02.430,1.69184,1.69215,1.00,1.12
2017.01.04 13:02:02.480,1.69184,1.69215,1.00,1.37
2017.01.04 13:02:02.682,1.69177,1.69211,1.75,1.37
2017.01.04 13:02:02.733,1.69177,1.69211,1.00,1.00
2017.01.04 13:02:02.834,1.69178,1.69207,1.00,1.00
2017.01.04 13:02:03.169,1.69167,1.69197,1.00,1.50
2017.01.04 13:02:03.471,1.69165,1.69198,1.00,1.50
2017.01.04 13:02:03.622,1.69165,1.69196,1.00,1.00
2017.01.04 13:02:03.673,1.69165,1.69198,1.00,1.00
2017.01.04 13:02:04.076,1.69165,1.69196,1.00,1.00
2017.01.04 13:02:04.379,1.69163,1.69192,1.00,1.00
2017.01.04 13:02:04.535,1.69163,1.69196,1.00,1.50
2017.01.04 13:02:06.258,1.69163,1.69196,1.37,1.00
2017.01.04 13:02:06.976,1.69163,1.69197,2.25,1.00
2017.01.04 13:02:07.178,1.69163,1.69195,1.37,1.00
2017.01.04 13:02:07.969,1.69163,1.69194,1.37,1.00
2017.01.04 13:02:08.183,1.69163,1.69196,1.87,1.00
2017.01.04 13:02:10.438,1.69163,1.69196,1.87,1.37
2017.01.04 13:02:10.489,1.69165,1.69198,1.00,1.50
2017.01.04 13:02:10.590,1.69165,1.69196,1.00,1.37
2017.01.04 13:02:10.850,1.69169,1.692,1.00,1.00
2017.01.04 13:02:10.901,1.69171,1.692,1.00,1.00
2017.01.04 13:02:10.951,1.69171,1.69202,1.00,1.00
2017.01.04 13:02:11.304,1.69173,1.69203,1.00,1.37
2017.01.04 13:02:11.607,1.69169,1.69203,1.50,2.25
2017.01.04 13:02:11.657,1.69169,1.69201,1.50,1.87
2017.01.04 13:02:11.758,1.69166,1.69198,1.50,1.50
2017.01.04 13:02:11.809,1.69166,1.69198,1.50,1.50
2017.01.04 13:02:12.276,1.69169,1.69201,1.00,1.50
2017.01.04 13:02:12.529,1.69169,1.69201,1.50,1.50
2017.01.04 13:02:13.081,1.69169,1.69201,1.50,1.50
2017.01.04 13:02:13.273,1.69169,1.692,1.00,1.00
2017.01.04 13:02:13.324,1.69172,1.69205,1.00,1.00
2017.01.04 13:02:13.425,1.69173,1.69206,1.00,1.87
2017.01.04 13:02:13.476,1.69173,1.69206,1.50,1.12
2017.01.04 13:02:13.527,1.69177,1.69209,1.00,1.87
2017.01.04 13:02:13.578,1.69178,1.69209,1.00,1.00
2017.01.04 13:02:13.730,1.69178,1.69211,1.00,1.00
2017.01.04 13:02:14.439,1.69179,1.69213,1.00,1.50
2017.01.04 13:02:14.741,1.69178,1.69211,1.87,1.00
2017.01.04 13:02:15.968,1.69182,1.69211,1.00,1.00
2017.01.04 13:02:16.293,1.69182,1.69208,1.00,1.00
2017.01.04 13:02:16.519,1.69182,1.6921,1.00,1.00
2017.01.04 13:02:16.827,1.69179,1.69213,1.00,1.87
2017.01.04 13:02:16.929,1.69179,1.69208,1.00,1.00
2017.01.04 13:02:17.130,1.69179,1.69211,1.00,1.00
2017.01.04 13:02:17.744,1.6918,1.69212,1.00,1.00
2017.01.04 13:02:18.158,1.69182,1.69213,1.00,1.12
2017.01.04 13:02:18.443,1.69179,1.69211,1.50,1.00
2017.01.04 13:02:18.868,1.69181,1.69213,1.00,1.00
2017.01.04 13:02:19.345,1.69181,1.69215,1.00,2.25
2017.01.04 13:02:19.396,1.69181,1.69214,1.00,1.50
2017.01.04 13:02:19.616,1.6918,1.69212,1.00,2.25
2017.01.04 13:02:19.667,1.69181,1.69211,1.00,1.00
2017.01.04 13:02:19.768,1.69176,1.69209,1.50,1.00
2017.01.04 13:02:19.869,1.69179,1.6921,1.00,1.00
2017.01.04 13:02:19.970,1.69177,1.69209,1.00,1.00
2017.01.04 13:02:20.071,1.69175,1.69207,1.00,1.12
2017.01.04 13:02:20.122,1.69171,1.69205,3.37,1.00
2017.01.04 13:02:20.625,1.69175,1.69207,1.00,1.50
2017.01.04 13:02:20.952,1.69171,1.69203,1.50,1.00
2017.01.04 13:02:21.283,1.69173,1.69207,1.00,2.25
2017.01.04 13:02:21.349,1.69171,1.69203,2.25,1.00
2017.01.04 13:02:21.653,1.69188,1.69209,1.00,1.75
2017.01.04 13:02:21.703,1.69188,1.69209,1.00,1.00
2017.01.04 13:02:21.754,1.69194,1.69218,1.00,2.25
2017.01.04 13:02:21.956,1.6919,1.69218,1.00,1.12
2017.01.04 13:02:22.007,1.6919,1.6922,1.00,1.75
2017.01.04 13:02:22.058,1.69185,1.69218,1.00,1.37
2017.01.04 13:02:22.159,1.69184,1.69215,1.00,1.37
2017.01.04 13:02:22.260,1.69179,1.69211,2.25,1.37
2017.01.04 13:02:22.777,1.69179,1.6921,1.00,1.00
2017.01.04 13:02:23.130,1.69181,1.69213,1.00,1.37
2017.01.04 13:02:23.676,1.69182,1.69215,1.00,1.37
2017.01.04 13:02:24.224,1.69181,1.69214,1.00,1.50
2017.01.04 13:02:24.325,1.69181,1.69214,1.00,1.87
2017.01.04 13:02:24.426,1.69183,1.69214,1.00,1.37
2017.01.04 13:02:25.158,1.69181,1.69214,1.00,2.25
2017.01.04 13:02:25.768,1.69181,1.69214,1.00,1.87
2017.01.04 13:02:26.406,1.69181,1.69214,1.00,1.50
2017.01.04 13:02:26.658,1.69184,1.69214,1.00,1.00
2017.01.04 13:02:26.961,1.69186,1.69214,1.00,1.00
2017.01.04 13:02:27.062,1.69186,1.69217,1.00,1.00
2017.01.04 13:02:27.479,1.69184,1.69218,1.12,3.00
2017.01.04 13:02:28.580,1.69186,1.6922,1.00,1.50
2017.01.04 13:02:28.883,1.69193,1.69225,1.00,2.25
2017.01.04 13:02:29.085,1.69187,1.6922,1.00,1.00
2017.01.04 13:02:29.236,1.69186,1.69218,1.12,1.00
2017.01.04 13:02:29.539,1.69196,1.69227,1.12,1.00
2017.01.04 13:02:29.640,1.69197,1.69229,1.00,1.00
2017.01.04 13:02:29.842,1.69196,1.69227,1.12,1.00
2017.01.04 13:02:30.043,1.69197,1.69229,1.00,1.00
2017.01.04 13:02:31.272,1.69196,1.69226,1.12,1.00
2017.01.04 13:02:32.472,1.69196,1.69223,1.12,1.00
2017.01.04 13:02:33.171,1.69196,1.69225,1.12,1.00
2017.01.04 13:02:33.272,1.69198,1.69225,1.00,1.00
2017.01.04 13:02:33.575,1.69214,1.69243,1.00,1.00
2017.01.04 13:02:33.960,1.69211,1.69243,1.12,1.00
2017.01.04 13:02:34.372,1.69212,1.69246,1.50,1.12
2017.01.04 13:02:34.473,1.69211,1.69243,1.12,1.00
2017.01.04 13:02:34.876,1.69211,1.69241,1.00,1.00
2017.01.04 13:02:35.078,1.69205,1.69237,2.62,1.00
2017.01.04 13:02:35.280,1.69205,1.69239,1.87,1.87
2017.01.04 13:02:35.703,1.69208,1.69239,1.00,1.00
2017.01.04 13:02:36.203,1.69207,1.69239,1.00,1.37
2017.01.04 13:02:36.405,1.69208,1.69241,1.00,1.87
2017.01.04 13:02:36.556,1.6921,1.69242,1.00,2.62
2017.01.04 13:02:37.060,1.69209,1.6924,1.00,1.12
2017.01.04 13:02:37.666,1.69209,1.69241,1.00,1.12
2017.01.04 13:02:37.970,1.69211,1.69241,1.00,1.00
2017.01.04 13:02:38.173,1.69208,1.69239,1.00,1.00
2017.01.04 13:02:38.274,1.69208,1.69242,1.50,1.37
2017.01.04 13:02:38.843,1.69209,1.69242,1.00,2.62
2017.01.04 13:02:39.247,1.69214,1.69242,1.00,1.00
2017.01.04 13:02:39.550,1.6921,1.69242,2.25,1.00
2017.01.04 13:02:39.600,1.6921,1.69242,1.75,1.12
2017.01.04 13:02:39.701,1.6921,1.6924,1.00,1.00
2017.01.04 13:02:40.205,1.69211,1.69241,1.00,1.00
2017.01.04 13:02:40.306,1.69209,1.69241,1.00,1.00
2017.01.04 13:02:40.408,1.69209,1.69241,1.50,1.87
2017.01.04 13:02:40.861,1.69207,1.6924,1.00,1.87
2017.01.04 13:02:41.611,1.69207,1.69239,1.00,1.37
2017.01.04 13:02:42.147,1.69211,1.69239,1.00,1.00
2017.01.04 13:02:42.198,1.6921,1.69242,1.37,1.50
2017.01.04 13:02:42.249,1.69214,1.69242,1.00,1.00
2017.01.04 13:02:42.350,1.69215,1.69249,1.50,1.00
2017.01.04 13:02:42.400,1.6922,1.69252,1.00,1.87
2017.01.04 13:02:42.451,1.6922,1.69252,1.00,1.00
2017.01.04 13:02:42.970,1.6922,1.69253,1.00,1.12
2017.01.04 13:02:43.071,1.69218,1.69252,1.00,1.00
2017.01.04 13:02:43.585,1.69217,1.69251,1.12,1.00
2017.01.04 13:02:44.200,1.69219,1.69251,1.00,1.00
2017.01.04 13:02:44.301,1.6922,1.69254,1.00,1.37
2017.01.04 13:02:44.461,1.69218,1.69251,1.12,1.00
2017.01.04 13:02:44.763,1.6922,1.69254,1.00,1.12
2017.01.04 13:02:44.990,1.69219,1.6925,1.50,1.00
2017.01.04 13:02:45.464,1.6922,1.69252,1.00,1.00
2017.01.04 13:02:46.143,1.6922,1.69244,1.00,1.37
2017.01.04 13:02:46.194,1.69213,1.69243,1.75,1.00
2017.01.04 13:02:46.295,1.69209,1.69242,1.12,1.50
2017.01.04 13:02:46.396,1.69208,1.69241,1.00,1.37
2017.01.04 13:02:46.598,1.69208,1.69241,1.00,1.00
2017.01.04 13:02:47.123,1.69209,1.69243,1.50,2.25
2017.01.04 13:02:47.660,1.6921,1.69243,1.00,2.25
2017.01.04 13:02:47.811,1.69209,1.69241,1.00,1.37
2017.01.04 13:02:48.348,1.6921,1.6924,1.00,1.00
2017.01.04 13:02:48.449,1.6921,1.69243,1.00,1.87
2017.01.04 13:02:48.500,1.6921,1.69244,1.00,3.00
2017.01.04 13:02:48.601,1.69208,1.69241,1.00,1.37
2017.01.04 13:02:48.803,1.69206,1.69237,1.00,1.00
2017.01.04 13:02:49.105,1.692,1.69234,2.62,1.00
2017.01.04 13:02:49.156,1.692,1.69234,1.87,1.50
2017.01.04 13:02:50.941,1.69204,1.69234,1.00,1.50
2017.01.04 13:02:51.143,1.69205,1.69235,1.12,1.00
2017.01.04 13:02:51.194,1.69208,1.69239,1.00,1.12
2017.01.04 13:02:54.049,1.69209,1.69239,1.00,1.12
2017.01.04 13:02:54.150,1.69209,1.69243,1.50,2.25
2017.01.04 13:02:55.027,1.69209,1.69241,1.00,1.00
2017.01.04 13:02:55.380,1.69211,1.69243,1.00,1.00
2017.01.04 13:02:55.983,1.69211,1.69242,1.00,1.00
2017.01.04 13:02:56.510,1.69211,1.69243,1.00,1.00
2017.01.04 13:02:57.054,1.69211,1.69244,1.00,1.12
2017.01.04 13:02:57.305,1.69209,1.69243,1.12,1.00
2017.01.04 13:03:01.280,1.69211,1.69245,1.00,2.25
2017.01.04 13:03:01.616,1.69209,1.69243,1.00,1.00
2017.01.04 13:03:03.317,1.69211,1.69245,1.00,1.50
2017.01.04 13:03:03.723,1.6921,1.69241,1.00,1.12
2017.01.04 13:03:04.090,1.692,1.69233,1.37,1.00
2017.01.04 13:03:04.191,1.692,1.69233,1.00,1.37
2017.01.04 13:03:04.701,1.69199,1.69233,1.12,1.12
2017.01.04 13:03:05.003,1.692,1.69234,1.37,1.50
2017.01.04 13:03:05.530,1.69202,1.69234,1.00,1.00
2017.01.04 13:03:05.863,1.69194,1.69226,1.00,1.87
2017.01.04 13:03:05.964,1.69189,1.69223,1.00,1.00
2017.01.04 13:03:06.015,1.69189,1.69221,1.00,1.00
2017.01.04 13:03:06.318,1.69192,1.69224,1.00,1.12
2017.01.04 13:03:06.812,1.69194,1.69225,1.00,1.37
2017.01.04 13:03:07.309,1.69196,1.69226,1.00,1.12
2017.01.04 13:03:07.461,1.69196,1.69227,1.00,1.00
2017.01.04 13:03:07.890,1.69198,1.69228,1.00,1.00
2017.01.04 13:03:08.985,1.69198,1.6923,1.00,1.87
2017.01.04 13:03:09.087,1.692,1.69229,1.00,1.00
2017.01.04 13:03:09.390,1.69205,1.69236,1.12,1.12
2017.01.04 13:03:09.592,1.69207,1.6924,1.00,1.00
2017.01.04 13:03:09.693,1.69209,1.69242,1.00,1.50
2017.01.04 13:03:10.040,1.69207,1.6924,1.00,1.00
2017.01.04 13:03:10.191,1.69209,1.6924,1.00,1.12
2017.01.04 13:03:10.544,1.69209,1.69243,1.00,2.62
2017.01.04 13:03:10.645,1.69209,1.69243,1.00,2.25
2017.01.04 13:03:10.746,1.69209,1.69243,1.37,1.50
2017.01.04 13:03:10.797,1.69214,1.69247,1.00,1.12
2017.01.04 13:03:10.848,1.69214,1.69248,1.00,2.25
2017.01.04 13:03:10.949,1.69214,1.69248,1.00,1.87
2017.01.04 13:03:11.302,1.69217,1.69247,1.00,1.00
2017.01.04 13:03:11.847,1.69216,1.69247,1.00,1.12
2017.01.04 13:03:12.177,1.69216,1.69245,1.00,1.00
2017.01.04 13:03:12.227,1.69212,1.69245,1.00,1.50
2017.01.04 13:03:12.278,1.69212,1.69245,1.00,1.87
2017.01.04 13:03:12.732,1.69208,1.69242,1.50,1.87
2017.01.04 13:03:12.998,1.69211,1.69243,1.00,1.50
2017.01.04 13:03:13.202,1.69209,1.69242,1.00,1.50
2017.01.04 13:03:13.404,1.6921,1.69241,1.00,1.75
2017.01.04 13:03:13.571,1.6921,1.69242,1.00,1.12
2017.01.04 13:03:13.621,1.69212,1.69243,1.00,1.50
2017.01.04 13:03:13.955,1.69209,1.69242,1.00,1.87
2017.01.04 13:03:14.550,1.69209,1.6924,1.00,1.00
2017.01.04 13:03:15.070,1.69209,1.69243,1.00,4.50
2017.01.04 13:03:16.251,1.69209,1.69239,1.00,1.50
2017.01.04 13:03:16.352,1.69209,1.69243,1.00,3.00
2017.01.04 13:03:17.109,1.69209,1.69243,1.00,4.50
2017.01.04 13:03:18.125,1.69209,1.69243,1.00,2.62
2017.01.04 13:03:18.363,1.69209,1.69241,1.00,1.00
2017.01.04 13:03:19.308,1.69209,1.69243,1.00,3.37
2017.01.04 13:03:20.016,1.69209,1.69242,1.00,1.50
2017.01.04 13:03:20.335,1.69207,1.69241,1.50,1.50
2017.01.04 13:03:20.877,1.69207,1.69241,1.50,1.87
2017.01.04 13:03:21.180,1.69207,1.69238,1.00,1.00
2017.01.04 13:03:21.503,1.69207,1.69236,1.00,1.00
2017.01.04 13:03:22.971,1.69207,1.69236,1.00,1.37
2017.01.04 13:03:23.066,1.69203,1.69233,1.00,1.12
2017.01.04 13:03:23.117,1.69197,1.69224,1.00,1.00
2017.01.04 13:03:23.219,1.69193,1.69224,1.00,1.37
2017.01.04 13:03:23.270,1.69191,1.69224,1.00,2.25
2017.01.04 13:03:23.321,1.69189,1.6922,1.00,1.00
2017.01.04 13:03:23.422,1.69189,1.69222,1.50,1.00
2017.01.04 13:03:23.725,1.69195,1.69224,1.00,1.00
2017.01.04 13:03:23.775,1.69195,1.69227,1.00,1.00
2017.01.04 13:03:23.876,1.69198,1.69227,1.00,1.00
2017.01.04 13:03:24.380,1.69198,1.69228,1.00,1.00
2017.01.04 13:03:24.431,1.69199,1.69231,1.00,1.12
2017.01.04 13:03:25.332,1.69198,1.6923,3.37,1.00
2017.01.04 13:03:25.433,1.692,1.69232,1.00,1.00
2017.01.04 13:03:25.585,1.69203,1.69232,1.00,1.00
2017.01.04 13:03:25.636,1.69203,1.69236,1.00,1.12
2017.01.04 13:03:26.140,1.69203,1.69235,1.50,1.00
2017.01.04 13:03:26.496,1.69209,1.69235,1.00,1.00
2017.01.04 13:03:26.547,1.6921,1.69238,1.00,1.00
2017.01.04 13:03:26.597,1.69212,1.69239,1.00,1.00
2017.01.04 13:03:26.698,1.69213,1.69245,2.25,1.00
2017.01.04 13:03:27.010,1.69213,1.69242,1.00,1.00
2017.01.04 13:03:27.363,1.6921,1.69242,1.50,1.00
2017.01.04 13:03:27.465,1.6921,1.69241,1.50,1.37
2017.01.04 13:03:27.616,1.6921,1.69242,1.00,1.00
2017.01.04 13:03:27.667,1.69219,1.69242,1.00,1.00
2017.01.04 13:03:27.717,1.69219,1.69245,1.00,1.50
2017.01.04 13:03:27.919,1.69217,1.69247,1.37,1.00
2017.01.04 13:03:28.020,1.69216,1.69248,1.00,1.50
2017.01.04 13:03:28.139,1.69215,1.69244,1.12,1.00
2017.01.04 13:03:28.242,1.69216,1.69246,1.00,1.00
2017.01.04 13:03:28.344,1.69215,1.69249,1.50,1.12
2017.01.04 13:03:28.445,1.69213,1.69245,1.00,1.87
2017.01.04 13:03:28.801,1.69214,1.69241,1.00,1.00
2017.01.04 13:03:28.852,1.69212,1.69241,1.00,1.00
2017.01.04 13:03:28.983,1.69212,1.69244,1.00,1.00
2017.01.04 13:03:29.135,1.69214,1.69244,1.00,1.00
2017.01.04 13:03:29.522,1.69214,1.69236,1.00,1.00
2017.01.04 13:03:29.577,1.6921,1.69236,1.00,1.00
2017.01.04 13:03:29.678,1.69212,1.69237,1.50,1.12
2017.01.04 13:03:29.728,1.69215,1.69245,1.00,1.00
2017.01.04 13:03:29.830,1.69217,1.69248,1.00,1.00
2017.01.04 13:03:29.881,1.69219,1.69249,1.00,1.50
2017.01.04 13:03:29.932,1.69219,1.69251,2.62,2.25
2017.01.04 13:03:30.299,1.69221,1.6925,1.00,1.00
2017.01.04 13:03:30.349,1.69222,1.69253,1.00,1.50
2017.01.04 13:03:30.822,1.69223,1.69255,1.00,1.00
2017.01.04 13:03:31.124,1.69223,1.69252,1.12,1.00
2017.01.04 13:03:31.326,1.69218,1.69249,1.00,1.00
2017.01.04 13:03:31.427,1.69218,1.69251,1.50,1.87
2017.01.04 13:03:31.672,1.6922,1.69249,1.00,1.00
2017.01.04 13:03:31.735,1.69218,1.69251,1.00,1.50
2017.01.04 13:03:31.937,1.69218,1.69249,1.00,1.00
2017.01.04 13:03:32.325,1.69226,1.69254,1.00,1.00
2017.01.04 13:03:32.377,1.69222,1.69254,1.50,1.00
2017.01.04 13:03:32.680,1.69222,1.69254,1.87,1.00
2017.01.04 13:03:32.730,1.69229,1.69262,1.00,1.37
2017.01.04 13:03:32.827,1.69231,1.69263,1.00,1.87
2017.01.04 13:03:32.878,1.69231,1.69263,1.00,1.00
2017.01.04 13:03:32.929,1.69235,1.69265,1.00,1.00
2017.01.04 13:03:33.130,1.69232,1.69266,1.00,1.00
2017.01.04 13:03:33.232,1.69234,1.69266,1.00,1.00
2017.01.04 13:03:33.333,1.69235,1.69269,1.00,1.12
2017.01.04 13:03:33.535,1.69237,1.69269,1.00,1.00
2017.01.04 13:03:33.736,1.69241,1.69275,2.25,1.12
2017.01.04 13:03:33.866,1.69241,1.69275,2.25,1.37
2017.01.04 13:03:33.917,1.69241,1.69275,1.50,1.00
2017.01.04 13:03:33.968,1.69241,1.69272,1.00,1.12
2017.01.04 13:03:34.019,1.69238,1.69272,1.50,1.12
2017.01.04 13:03:34.366,1.6924,1.69272,1.37,1.37
2017.01.04 13:03:34.568,1.69243,1.69275,1.00,1.12
2017.01.04 13:03:34.770,1.69249,1.6928,1.00,1.00
2017.01.04 13:03:34.921,1.69248,1.69282,1.00,1.87
2017.01.04 13:03:35.073,1.6925,1.69282,1.00,1.50
2017.01.04 13:03:35.399,1.69256,1.69283,1.00,1.12
2017.01.04 13:03:35.450,1.69252,1.69284,1.00,1.50
2017.01.04 13:03:35.688,1.69251,1.69274,1.00,1.00
2017.01.04 13:03:35.738,1.69246,1.69275,1.00,1.50
2017.01.04 13:03:35.840,1.69241,1.69274,1.00,1.50
2017.01.04 13:03:35.891,1.6924,1.6927,1.00,1.00
2017.01.04 13:03:35.941,1.6924,1.69272,1.00,1.00
2017.01.04 13:03:36.042,1.69248,1.69272,1.00,1.00
2017.01.04 13:03:36.143,1.69249,1.69276,1.00,1.00
2017.01.04 13:03:36.244,1.69249,1.69276,1.00,1.37
2017.01.04 13:03:36.346,1.69241,1.69272,1.00,1.00
2017.01.04 13:03:36.892,1.69241,1.69271,1.00,1.00
2017.01.04 13:03:36.943,1.69242,1.69274,1.00,1.00
2017.01.04 13:03:37.145,1.69241,1.69272,1.00,1.00
2017.01.04 13:03:37.296,1.69238,1.69271,1.00,1.00
2017.01.04 13:03:37.447,1.69239,1.69271,1.00,3.00
2017.01.04 13:03:37.930,1.69244,1.69271,1.00,2.25
2017.01.04 13:03:38.032,1.69249,1.69279,1.00,1.12
2017.01.04 13:03:38.275,1.69247,1.6928,1.12,1.00
2017.01.04 13:03:38.427,1.69247,1.69276,1.00,1.00
2017.01.04 13:03:38.629,1.69242,1.69273,1.00,1.00
2017.01.04 13:03:38.931,1.69238,1.6927,1.12,1.00
2017.01.04 13:03:39.133,1.69241,1.69273,1.00,1.12
2017.01.04 13:03:39.436,1.69235,1.69265,1.00,1.12
2017.01.04 13:03:39.544,1.69232,1.69265,1.00,1.12
2017.01.04 13:03:39.594,1.69232,1.69262,1.00,1.00
2017.01.04 13:03:39.645,1.69232,1.69264,1.00,1.00
2017.01.04 13:03:39.746,1.69237,1.69269,1.00,1.87
2017.01.04 13:03:39.848,1.69237,1.69269,1.00,1.12
2017.01.04 13:03:40.150,1.69236,1.69269,1.00,2.25
2017.01.04 13:03:40.454,1.69236,1.69264,1.00,1.37
2017.01.04 13:03:40.555,1.69234,1.69265,1.00,1.00
2017.01.04 13:03:40.757,1.69237,1.69268,1.00,1.37
2017.01.04 13:03:40.927,1.69232,1.69264,1.12,1.00
2017.01.04 13:03:41.028,1.69232,1.69266,1.87,1.00
2017.01.04 13:03:41.482,1.69232,1.69266,1.50,1.50
2017.01.04 13:03:41.634,1.69225,1.69258,1.37,1.00
2017.01.04 13:03:42.058,1.69228,1.69259,1.00,1.75
2017.01.04 13:03:42.159,1.69225,1.69259,1.50,1.75
2017.01.04 13:03:42.346,1.69222,1.69254,1.50,1.00
2017.01.04 13:03:42.850,1.69223,1.69255,1.00,1.50
2017.01.04 13:03:43.057,1.69223,1.69257,1.00,1.87
2017.01.04 13:03:43.159,1.69226,1.69258,1.12,2.25
2017.01.04 13:03:43.361,1.69227,1.6926,1.37,1.00
2017.01.04 13:03:43.887,1.69227,1.6926,1.87,1.00
2017.01.04 13:03:44.038,1.69227,1.69258,1.00,1.00
2017.01.04 13:03:44.591,1.69226,1.69258,1.50,1.00
2017.01.04 13:03:44.927,1.69226,1.69261,1.37,1.87
2017.01.04 13:03:45.048,1.69228,1.69264,1.37,1.50
2017.01.04 13:03:45.534,1.69228,1.69263,1.00,1.37
2017.01.04 13:03:46.150,1.69227,1.6926,1.12,1.00
2017.01.04 13:03:46.456,1.69226,1.69253,1.00,1.50
2017.01.04 13:03:46.557,1.6922,1.69249,1.00,1.00
2017.01.04 13:03:46.658,1.69218,1.69249,1.12,1.00
2017.01.04 13:03:47.188,1.69217,1.69248,1.50,1.00
2017.01.04 13:03:47.854,1.69218,1.69248,1.00,1.00
2017.01.04 13:03:48.006,1.69218,1.6925,1.00,1.00
2017.01.04 13:03:48.459,1.69219,1.69252,1.00,1.00
2017.01.04 13:03:48.560,1.69217,1.69249,1.00,1.00
2017.01.04 13:03:48.847,1.69206,1.69241,1.12,1.12
2017.01.04 13:03:49.368,1.69209,1.69242,1.00,1.50
2017.01.04 13:03:49.686,1.69206,1.69237,1.00,1.00
2017.01.04 13:03:50.089,1.69206,1.69239,1.37,1.00
2017.01.04 13:03:50.495,1.69209,1.69241,1.00,1.00
2017.01.04 13:03:50.999,1.69209,1.6924,1.00,1.00
2017.01.04 13:03:51.050,1.69206,1.6924,1.87,1.00
2017.01.04 13:03:51.617,1.69206,1.69241,1.50,1.00
2017.01.04 13:03:52.439,1.6921,1.69243,1.00,1.12
2017.01.04 13:03:52.742,1.69203,1.69239,1.00,2.25
2017.01.04 13:03:53.448,1.69203,1.69236,1.00,1.00
2017.01.04 13:03:54.428,1.69203,1.69238,1.00,1.00
2017.01.04 13:03:54.478,1.69206,1.6924,1.37,1.00
2017.01.04 13:03:54.680,1.69217,1.69252,1.00,1.50
2017.01.04 13:03:55.134,1.69218,1.69249,1.00,1.00
2017.01.04 13:03:55.285,1.69213,1.6925,1.50,1.87
2017.01.04 13:03:55.667,1.69215,1.69249,1.00,1.12
2017.01.04 13:03:55.970,1.69218,1.69249,1.00,1.00
2017.01.04 13:03:56.474,1.69212,1.69248,1.50,1.00
2017.01.04 13:03:57.061,1.69212,1.69248,1.50,1.37
2017.01.04 13:03:57.493,1.69212,1.69245,1.00,1.50
2017.01.04 13:03:57.997,1.69212,1.69246,1.00,1.00
2017.01.04 13:03:58.473,1.6921,1.69246,1.00,2.62
2017.01.04 13:03:58.997,1.6921,1.69245,1.00,1.00
2017.01.04 13:03:59.499,1.6921,1.69246,1.00,1.50
2017.01.04 13:04:00.147,1.6921,1.69242,1.00,1.00
2017.01.04 13:04:00.298,1.69206,1.6924,1.00,1.50
2017.01.04 13:04:00.399,1.69204,1.69239,1.00,1.50
2017.01.04 13:04:00.500,1.69204,1.69241,2.40,1.00
2017.01.04 13:04:00.551,1.69209,1.69241,1.00,1.00
2017.01.04 13:04:00.652,1.69206,1.69241,1.50,1.00
2017.01.04 13:04:00.703,1.69206,1.69243,1.50,1.12
2017.01.04 13:04:00.803,1.69206,1.69241,1.50,2.01
2017.01.04 13:04:00.905,1.69201,1.69232,1.65,1.37
2017.01.04 13:04:01.172,1.69199,1.69234,1.00,1.50
2017.01.04 13:04:01.223,1.69199,1.69233,1.20,1.00
2017.01.04 13:04:01.584,1.69202,1.69236,1.37,1.87
2017.01.04 13:04:02.579,1.69203,1.69235,1.37,1.00
2017.01.04 13:04:03.137,1.69203,1.69236,1.00,1.00
2017.01.04 13:04:03.439,1.69192,1.69223,1.37,1.00
2017.01.04 13:04:03.490,1.69193,1.69227,1.00,1.75
2017.01.04 13:04:03.591,1.69197,1.6923,1.00,1.75
2017.01.04 13:04:03.692,1.69197,1.6923,1.00,1.00
2017.01.04 13:04:04.403,1.69198,1.69231,1.00,1.50
2017.01.04 13:04:04.567,1.69198,1.69231,1.45,1.00
2017.01.04 13:04:04.618,1.69198,1.69231,2.40,1.00
2017.01.04 13:04:04.668,1.69201,1.69228,1.00,1.00
2017.01.04 13:04:04.870,1.69191,1.69221,1.00,1.00
2017.01.04 13:04:05.379,1.6919,1.69222,1.00,1.00
2017.01.04 13:04:05.855,1.6919,1.69224,1.00,1.00
2017.01.04 13:04:06.160,1.69192,1.69225,1.00,1.50
2017.01.04 13:04:06.991,1.6919,1.69224,1.00,1.87
2017.01.04 13:04:07.092,1.69187,1.6922,1.00,1.00
2017.01.04 13:04:07.143,1.69187,1.69222,1.00,1.00
2017.01.04 13:04:07.652,1.69187,1.69223,1.00,2.25
2017.01.04 13:04:08.183,1.69187,1.69222,1.00,1.00
2017.01.04 13:04:08.753,1.69187,1.69223,1.00,1.50
2017.01.04 13:04:08.904,1.69189,1.69222,1.00,1.00
2017.01.04 13:04:10.116,1.69189,1.69223,1.00,1.00
2017.01.04 13:04:10.419,1.69203,1.69225,1.00,1.50
2017.01.04 13:04:10.570,1.69204,1.69238,1.00,1.75
2017.01.04 13:04:10.621,1.69204,1.69238,1.00,1.87
2017.01.04 13:04:10.874,1.69202,1.69238,1.65,2.62
2017.01.04 13:04:10.975,1.69202,1.69238,1.00,2.62
2017.01.04 13:04:11.884,1.69202,1.69237,1.00,1.00
2017.01.04 13:04:12.424,1.69203,1.69236,1.00,1.00
2017.01.04 13:04:13.165,1.69202,1.69236,1.00,1.00
2017.01.04 13:04:14.386,1.69202,1.69229,1.00,1.00
2017.01.04 13:04:14.568,1.69197,1.69225,1.12,1.50
2017.01.04 13:04:14.619,1.69187,1.69222,1.37,1.87
2017.01.04 13:04:14.720,1.69187,1.6922,1.00,1.50
2017.01.04 13:04:14.922,1.69188,1.6922,1.37,1.50
2017.01.04 13:04:15.074,1.69189,1.69222,1.37,1.50
2017.01.04 13:04:15.175,1.69189,1.69222,1.12,1.00
2017.01.04 13:04:15.689,1.6919,1.69218,1.00,1.00
2017.01.04 13:04:15.790,1.69183,1.69216,1.12,1.50
2017.01.04 13:04:15.941,1.69183,1.69216,1.00,2.62
2017.01.04 13:04:16.244,1.69185,1.69218,1.00,1.12
2017.01.04 13:04:16.766,1.69186,1.69218,1.00,1.37
2017.01.04 13:04:17.200,1.69184,1.69218,1.00,1.87
2017.01.04 13:04:17.352,1.69184,1.69218,1.37,1.12
2017.01.04 13:04:17.604,1.6919,1.69224,1.12,1.12
2017.01.04 13:04:17.705,1.69192,1.69224,1.00,1.12
2017.01.04 13:04:18.503,1.69192,1.69225,1.00,1.50
2017.01.04 13:04:18.828,1.69192,1.69222,1.00,1.00
2017.01.04 13:04:19.368,1.69192,1.69223,1.00,1.12
2017.01.04 13:04:19.675,1.6919,1.69222,1.00,1.50
2017.01.04 13:04:20.178,1.69189,1.69221,1.00,1.37
2017.01.04 13:04:20.730,1.69189,1.69221,1.00,1.12
2017.01.04 13:04:21.259,1.69189,1.69221,1.00,1.37
2017.01.04 13:04:21.788,1.69188,1.69222,1.00,1.87
2017.01.04 13:04:22.137,1.69189,1.69223,1.00,1.00
2017.01.04 13:04:22.390,1.69191,1.69225,1.00,1.37
2017.01.04 13:04:24.120,1.69191,1.69225,1.00,1.12
2017.01.04 13:04:24.459,1.69191,1.69222,1.00,1.37
2017.01.04 13:04:24.760,1.6919,1.69222,1.00,1.00
2017.01.04 13:04:25.266,1.69191,1.69222,1.00,1.00
2017.01.04 13:04:25.418,1.69191,1.69224,1.00,1.87
2017.01.04 13:04:25.569,1.69192,1.69224,1.57,1.50
2017.01.04 13:04:25.721,1.69192,1.69227,1.00,1.00
2017.01.04 13:04:25.822,1.69194,1.69228,1.00,1.00
2017.01.04 13:04:26.214,1.69196,1.69229,1.00,1.12
2017.01.04 13:04:26.525,1.69194,1.69226,1.00,1.12
2017.01.04 13:04:26.936,1.69195,1.69222,1.00,1.00
2017.01.04 13:04:27.037,1.6919,1.69221,1.00,1.00
2017.01.04 13:04:27.391,1.6919,1.69223,1.00,1.00
2017.01.04 13:04:27.543,1.69191,1.69223,1.45,1.00
2017.01.04 13:04:27.644,1.69195,1.69227,1.00,1.00
2017.01.04 13:04:27.934,1.69195,1.69227,1.87,1.00
2017.01.04 13:04:28.035,1.69199,1.69232,2.62,1.00
2017.01.04 13:04:28.439,1.69201,1.69235,1.00,1.00
2017.01.04 13:04:28.590,1.69201,1.69233,1.00,1.00
2017.01.04 13:04:28.893,1.69197,1.69229,1.00,1.00
2017.01.04 13:04:29.464,1.69199,1.69231,1.00,1.00
2017.01.04 13:04:29.949,1.69196,1.6923,1.00,1.00
2017.01.04 13:04:30.699,1.69196,1.69229,1.00,1.00
2017.01.04 13:04:30.749,1.69195,1.69227,1.00,1.00
2017.01.04 13:04:33.656,1.69195,1.69224,1.00,1.00
2017.01.04 13:04:33.757,1.69192,1.69224,1.00,1.00
2017.01.04 13:04:34.364,1.69192,1.69225,1.00,1.12
2017.01.04 13:04:34.566,1.69194,1.69227,1.12,1.12
2017.01.04 13:04:34.868,1.69198,1.69231,1.00,1.00
2017.01.04 13:04:35.385,1.69198,1.69231,1.37,1.00
2017.01.04 13:04:36.837,1.692,1.69233,1.00,1.00
2017.01.04 13:04:37.894,1.692,1.69234,2.62,1.50
2017.01.04 13:04:37.945,1.69203,1.69234,1.00,1.50
2017.01.04 13:04:38.249,1.69205,1.69236,1.00,1.37
2017.01.04 13:04:38.350,1.69205,1.69239,1.50,1.00
2017.01.04 13:04:38.451,1.69207,1.69241,1.00,1.87
2017.01.04 13:04:38.755,1.69206,1.69237,1.00,1.00
2017.01.04 13:04:39.400,1.69206,1.69238,1.00,1.87
2017.01.04 13:04:40.992,1.69206,1.69238,1.00,1.37
2017.01.04 13:04:41.042,1.69203,1.69236,1.50,1.00
2017.01.04 13:04:43.965,1.69204,1.69236,1.00,1.00
2017.01.04 13:04:44.267,1.69203,1.69233,1.00,1.00
2017.01.04 13:04:44.570,1.69208,1.69239,1.00,1.12
2017.01.04 13:04:44.671,1.69212,1.69245,1.00,1.75
2017.01.04 13:04:44.923,1.69205,1.69238,1.00,1.00
2017.01.04 13:04:44.974,1.69205,1.69238,1.00,1.37
2017.01.04 13:04:45.176,1.69208,1.69241,2.25,1.12
2017.01.04 13:04:45.321,1.69215,1.69243,1.00,1.12
2017.01.04 13:04:45.377,1.69212,1.69244,1.00,2.25
2017.01.04 13:04:45.579,1.69214,1.69244,1.00,1.50
2017.01.04 13:04:45.964,1.69211,1.69244,1.50,1.00
2017.01.04 13:04:46.420,1.69213,1.69244,1.00,1.00
2017.01.04 13:04:46.740,1.69217,1.69244,1.00,1.00
2017.01.04 13:04:47.534,1.69216,1.69244,1.00,1.00
2017.01.04 13:04:47.758,1.69213,1.69244,1.00,1.00
2017.01.04 13:04:48.309,1.69214,1.69244,1.00,1.00
2017.01.04 13:04:48.461,1.69216,1.69244,1.00,1.00
2017.01.04 13:04:48.984,1.69215,1.69244,1.00,1.00
2017.01.04 13:04:50.950,1.69217,1.69244,1.00,1.00
2017.01.04 13:04:51.152,1.69218,1.69248,1.00,1.50
2017.01.04 13:04:51.678,1.69219,1.69248,1.00,1.37
2017.01.04 13:04:52.250,1.69218,1.69248,1.00,2.62
2017.01.04 13:04:52.842,1.69217,1.69248,1.00,2.62
2017.01.04 13:04:54.368,1.69214,1.69248,1.50,1.87
2017.01.04 13:04:54.519,1.69214,1.69245,1.00,1.00
2017.01.04 13:04:54.572,1.69214,1.69247,1.00,1.12
2017.01.04 13:04:54.622,1.69214,1.69245,1.00,1.00
2017.01.04 13:04:54.875,1.69205,1.69239,1.00,1.00
2017.01.04 13:04:54.976,1.69208,1.6924,1.00,1.00
2017.01.04 13:04:55.077,1.69209,1.69242,1.00,1.12
2017.01.04 13:04:55.458,1.69211,1.69242,1.00,1.12
2017.01.04 13:04:56.568,1.69213,1.69242,1.00,1.12
2017.01.04 13:04:56.888,1.69211,1.69242,1.00,1.12
2017.01.04 13:04:59.768,1.69214,1.69244,1.00,2.25
2017.01.04 13:05:00.184,1.69211,1.69244,1.00,2.25
2017.01.04 13:05:00.768,1.69208,1.69242,2.25,1.12
2017.01.04 13:05:01.531,1.69208,1.69242,1.50,2.25
2017.01.04 13:05:01.632,1.69204,1.69238,1.00,1.50
2017.01.04 13:05:01.784,1.69202,1.69234,1.50,1.00
2017.01.04 13:05:02.088,1.69204,1.69238,1.00,1.75
2017.01.04 13:05:02.390,1.69202,1.69235,2.25,1.00
2017.01.04 13:05:03.059,1.69202,1.69228,1.00,1.00
2017.01.04 13:05:03.110,1.69197,1.69228,1.50,1.00
2017.01.04 13:05:03.211,1.69196,1.69225,1.00,1.00
2017.01.04 13:05:03.262,1.69191,1.69223,1.50,1.00
2017.01.04 13:05:03.313,1.69191,1.69224,1.00,1.87
2017.01.04 13:05:03.363,1.69188,1.69221,1.00,1.12
2017.01.04 13:05:03.414,1.69188,1.6922,1.00,1.75
2017.01.04 13:05:03.465,1.69186,1.69219,1.50,1.12
2017.01.04 13:05:03.566,1.69183,1.69213,1.00,1.00
2017.01.04 13:05:03.869,1.69181,1.69211,1.00,1.00
2017.01.04 13:05:03.970,1.69181,1.69214,1.00,1.00
2017.01.04 13:05:04.273,1.69184,1.69215,1.00,1.00
2017.01.04 13:05:04.821,1.69183,1.69215,1.50,1.00
2017.01.04 13:05:05.718,1.69184,1.69215,1.00,1.00
2017.01.04 13:05:06.533,1.69183,1.69215,1.50,1.00
2017.01.04 13:05:06.838,1.69185,1.69215,1.00,1.00
2017.01.04 13:05:07.807,1.69187,1.69215,1.00,1.00
2017.01.04 13:05:07.858,1.69187,1.6922,1.00,1.00
2017.01.04 13:05:10.430,1.69188,1.6922,1.00,1.00
2017.01.04 13:05:12.249,1.69187,1.6922,1.50,1.00
2017.01.04 13:05:12.350,1.69191,1.69222,1.00,1.00
2017.01.04 13:05:12.401,1.69189,1.69223,1.00,1.00
2017.01.04 13:05:12.502,1.69188,1.6922,1.00,1.00
2017.01.04 13:05:12.704,1.6919,1.69226,1.87,1.00
2017.01.04 13:05:13.006,1.69188,1.69222,2.25,1.00
2017.01.04 13:05:13.397,1.69188,1.6922,2.25,1.00
2017.01.04 13:05:13.498,1.69192,1.69223,1.00,1.00
2017.01.04 13:05:13.671,1.69193,1.69223,1.50,1.00
2017.01.04 13:05:13.722,1.69195,1.69228,1.50,1.00
2017.01.04 13:05:14.205,1.69196,1.69229,2.62,1.00
2017.01.04 13:05:14.306,1.69196,1.69231,2.62,1.50
2017.01.04 13:05:14.659,1.692,1.69231,1.00,1.00
2017.01.04 13:05:15.171,1.692,1.6923,1.00,1.00
2017.01.04 13:05:17.172,1.69199,1.6923,1.00,1.00
2017.01.04 13:05:17.701,1.692,1.6923,1.00,1.00
2017.01.04 13:05:18.515,1.69197,1.69231,1.50,1.50
2017.01.04 13:05:18.566,1.69197,1.69229,1.00,1.00
2017.01.04 13:05:18.868,1.69195,1.69226,1.87,1.00
2017.01.04 13:05:18.919,1.69195,1.69228,1.87,1.00
2017.01.04 13:05:19.545,1.69195,1.69228,1.37,1.00
2017.01.04 13:05:20.528,1.69194,1.69228,1.00,1.00
2017.01.04 13:05:20.579,1.69192,1.69227,2.62,1.00
2017.01.04 13:05:20.630,1.69192,1.69225,2.62,1.00
2017.01.04 13:05:20.781,1.6919,1.69225,1.00,1.37
2017.01.04 13:05:20.983,1.69189,1.69222,1.00,1.00
2017.01.04 13:05:23.141,1.6919,1.69222,1.12,1.00
2017.01.04 13:05:23.192,1.6919,1.69225,1.87,1.87
2017.01.04 13:05:23.394,1.69193,1.69225,1.12,1.87
2017.01.04 13:05:23.596,1.69197,1.6923,1.00,2.25
2017.01.04 13:05:24.112,1.69198,1.69229,1.00,1.00
2017.01.04 13:05:24.643,1.69198,1.6923,1.00,1.00
2017.01.04 13:05:24.794,1.69198,1.6923,1.37,1.00
2017.01.04 13:05:24.895,1.69198,1.69233,1.37,2.25
2017.01.04 13:05:25.209,1.69198,1.69233,1.00,1.50
2017.01.04 13:05:29.503,1.69198,1.69232,1.50,1.00
2017.01.04 13:05:29.604,1.69196,1.6923,1.00,1.00
2017.01.04 13:05:30.639,1.69195,1.6923,2.25,1.00
2017.01.04 13:05:31.181,1.69196,1.6923,1.00,1.12
2017.01.04 13:05:31.631,1.69197,1.69228,1.00,1.00
2017.01.04 13:05:32.143,1.69197,1.69229,1.00,1.00
2017.01.04 13:05:32.635,1.69195,1.69226,1.00,1.00
2017.01.04 13:05:32.977,1.69187,1.69217,1.37,1.50
2017.01.04 13:05:33.028,1.69186,1.69218,1.37,1.75
2017.01.04 13:05:33.129,1.69185,1.69216,1.00,1.37
2017.01.04 13:05:33.230,1.69184,1.69216,2.25,1.00
2017.01.04 13:05:33.281,1.69184,1.69216,1.87,1.37
2017.01.04 13:05:33.785,1.69186,1.69216,1.50,1.37
2017.01.04 13:05:33.936,1.69189,1.69219,1.00,1.75
2017.01.04 13:05:34.456,1.69188,1.69221,1.00,1.75
2017.01.04 13:05:35.546,1.69187,1.69221,1.50,3.00
2017.01.04 13:05:35.647,1.69182,1.69216,2.62,1.37
2017.01.04 13:05:35.698,1.69182,1.69216,2.25,1.37
2017.01.04 13:05:35.799,1.69182,1.69216,1.50,1.37
2017.01.04 13:05:36.190,1.69183,1.69213,1.00,1.00
2017.01.04 13:05:36.291,1.6918,1.69213,1.00,2.25
2017.01.04 13:05:36.443,1.69178,1.69212,2.25,1.50
2017.01.04 13:05:36.969,1.69179,1.69212,1.00,1.50
2017.01.04 13:05:37.020,1.69179,1.69212,1.37,1.50
2017.01.04 13:05:37.121,1.69178,1.6921,1.87,1.00
2017.01.04 13:05:37.511,1.69175,1.69209,2.62,1.00
2017.01.04 13:05:38.024,1.69176,1.69209,1.00,1.00
2017.01.04 13:05:38.334,1.69177,1.6921,2.62,1.00
2017.01.04 13:05:38.637,1.69178,1.69208,1.00,1.00
2017.01.04 13:05:38.974,1.69176,1.69208,1.37,1.75
2017.01.04 13:05:39.280,1.69176,1.69208,1.00,1.75
2017.01.04 13:05:39.783,1.69177,1.69208,1.00,1.75
2017.01.04 13:05:40.821,1.69175,1.69204,1.87,1.00
2017.01.04 13:05:41.073,1.69174,1.69203,1.00,1.50
2017.01.04 13:05:41.582,1.69173,1.69203,1.00,1.50
2017.01.04 13:05:42.078,1.69171,1.69199,2.62,1.00
2017.01.04 13:05:42.561,1.69171,1.69197,1.00,1.00
2017.01.04 13:05:42.662,1.69168,1.69199,1.00,1.37
2017.01.04 13:05:42.713,1.69168,1.69194,1.00,1.00
2017.01.04 13:05:42.764,1.69162,1.69193,1.50,1.50
2017.01.04 13:05:42.815,1.69162,1.69189,1.50,1.00
2017.01.04 13:05:42.916,1.69159,1.69187,1.00,1.00
2017.01.04 13:05:42.967,1.6916,1.69189,1.00,1.12
2017.01.04 13:05:43.270,1.69157,1.69189,1.50,1.12
2017.01.04 13:05:43.421,1.69159,1.69189,1.00,1.12
2017.01.04 13:05:43.957,1.69161,1.6919,1.00,2.25
2017.01.04 13:05:45.101,1.6916,1.69189,1.00,1.12
2017.01.04 13:05:45.152,1.69158,1.69189,1.00,1.12
2017.01.04 13:05:45.253,1.69156,1.69185,1.00,1.00
2017.01.04 13:05:45.455,1.69153,1.69185,1.50,2.62
2017.01.04 13:05:45.556,1.69152,1.69181,1.00,1.00
2017.01.04 13:05:45.972,1.69153,1.69183,1.00,1.00
2017.01.04 13:05:46.684,1.69152,1.69183,1.00,1.00
2017.01.04 13:05:47.188,1.69151,1.69183,2.25,1.00
2017.01.04 13:05:49.215,1.69154,1.69183,1.00,1.00
2017.01.04 13:05:49.417,1.69157,1.69189,1.50,1.50
2017.01.04 13:05:49.980,1.69158,1.69189,1.00,1.50
2017.01.04 13:05:50.481,1.69159,1.69189,1.50,1.00
2017.01.04 13:05:51.669,1.69161,1.69189,1.50,1.00
2017.01.04 13:05:53.891,1.69162,1.69189,1.00,1.00
2017.01.04 13:05:54.978,1.69166,1.69193,1.00,1.75
2017.01.04 13:05:55.140,1.69167,1.69199,1.50,1.75
2017.01.04 13:05:55.594,1.69166,1.69193,1.00,1.00
2017.01.04 13:05:55.645,1.69159,1.69191,1.12,1.00
2017.01.04 13:05:55.696,1.69157,1.69189,2.25,1.00
2017.01.04 13:05:55.998,1.69159,1.69188,1.00,1.37
2017.01.04 13:05:56.049,1.6916,1.69188,1.00,1.00
2017.01.04 13:05:57.134,1.69159,1.69188,1.00,1.00
2017.01.04 13:05:59.678,1.69158,1.69189,1.50,1.00
2017.01.04 13:05:59.779,1.69155,1.69188,2.25,1.00
2017.01.04 13:06:00.151,1.69153,1.69186,2.25,1.00
2017.01.04 13:06:00.458,1.69156,1.69188,1.00,1.00
2017.01.04 13:06:00.659,1.69156,1.6919,1.50,1.50
2017.01.04 13:06:02.097,1.69158,1.6919,1.00,1.50
2017.01.04 13:06:02.467,1.69161,1.6919,1.00,1.00
2017.01.04 13:06:03.985,1.6916,1.6919,1.00,1.00
2017.01.04 13:06:04.893,1.69157,1.69189,1.00,1.00
2017.01.04 13:06:08.687,1.69154,1.69188,1.50,1.00
2017.01.04 13:06:08.899,1.69156,1.69188,1.00,1.00
2017.01.04 13:06:11.339,1.69156,1.69187,1.00,1.12
2017.01.04 13:06:11.644,1.6917,1.69187,1.00,1.00
2017.01.04 13:06:11.695,1.69168,1.69187,1.00,1.00
2017.01.04 13:06:11.898,1.69168,1.692,1.00,2.25
2017.01.04 13:06:11.999,1.69169,1.69201,1.00,3.00
2017.01.04 13:06:12.100,1.6917,1.69201,1.00,3.00
2017.01.04 13:06:12.422,1.69174,1.69203,1.00,1.75
2017.01.04 13:06:12.655,1.69175,1.69205,1.00,1.00
2017.01.04 13:06:12.907,1.69173,1.69205,1.00,1.50
2017.01.04 13:06:13.565,1.69173,1.69204,1.00,1.00
2017.01.04 13:06:14.247,1.69173,1.69205,1.00,1.00
2017.01.04 13:06:15.089,1.69174,1.69205,1.00,1.00
2017.01.04 13:06:15.492,1.69172,1.69205,1.00,1.50
2017.01.04 13:06:16.259,1.69171,1.69204,1.00,1.00
2017.01.04 13:06:16.494,1.69173,1.69205,1.50,1.00
2017.01.04 13:06:16.797,1.6917,1.69202,1.00,1.12
2017.01.04 13:06:17.335,1.69172,1.69202,1.00,1.12
2017.01.04 13:06:17.487,1.69174,1.69205,1.00,1.00
2017.01.04 13:06:17.638,1.69172,1.69205,1.00,1.00
2017.01.04 13:06:17.790,1.69172,1.69202,1.00,1.00
2017.01.04 13:06:18.787,1.69171,1.69202,1.00,1.12
2017.01.04 13:06:18.939,1.69169,1.69202,1.00,1.12
2017.01.04 13:06:18.989,1.69169,1.692,1.00,1.00
2017.01.04 13:06:19.389,1.69171,1.69203,1.00,1.50
2017.01.04 13:06:21.929,1.69172,1.69203,1.00,1.50
2017.01.04 13:06:22.257,1.69175,1.69206,1.00,1.75
2017.01.04 13:06:22.441,1.69172,1.69202,1.00,1.12
2017.01.04 13:06:22.542,1.69167,1.69196,1.00,1.00
2017.01.04 13:06:22.593,1.69164,1.69196,1.50,1.87
2017.01.04 13:06:23.117,1.69163,1.69194,1.00,1.50
2017.01.04 13:06:23.218,1.69165,1.69194,1.00,1.50
2017.01.04 13:06:23.981,1.69165,1.69196,1.12,1.00
2017.01.04 13:06:24.782,1.69166,1.69196,1.00,1.37
2017.01.04 13:06:24.988,1.69166,1.69196,1.00,1.87
2017.01.04 13:06:25.392,1.69171,1.692,1.00,1.75
2017.01.04 13:06:25.605,1.69173,1.69204,1.00,1.37
2017.01.04 13:06:26.210,1.69172,1.69201,1.00,1.00
2017.01.04 13:06:26.722,1.69171,1.69201,1.00,1.00
2017.01.04 13:06:27.138,1.69168,1.69201,1.00,1.50
2017.01.04 13:06:27.512,1.69167,1.69197,1.00,1.37
2017.01.04 13:06:28.295,1.69167,1.69197,1.00,1.87
2017.01.04 13:06:28.347,1.69164,1.69194,1.00,2.25
2017.01.04 13:06:28.448,1.69158,1.69191,1.00,2.25
2017.01.04 13:06:28.498,1.69158,1.69186,1.00,1.37
2017.01.04 13:06:28.549,1.69156,1.69187,1.00,1.37
2017.01.04 13:06:28.750,1.69154,1.69187,1.00,1.75
2017.01.04 13:06:30.026,1.69156,1.69187,1.00,1.87
2017.01.04 13:06:30.227,1.69157,1.6919,1.50,1.50
2017.01.04 13:06:30.328,1.69159,1.6919,1.00,1.50
2017.01.04 13:06:30.856,1.69158,1.6919,1.00,2.25
2017.01.04 13:06:31.448,1.69156,1.69189,1.00,1.12
2017.01.04 13:06:31.599,1.69156,1.6919,1.50,2.62
2017.01.04 13:06:31.750,1.69154,1.69186,1.00,1.12
2017.01.04 13:06:32.053,1.69156,1.69188,1.00,1.12
2017.01.04 13:06:33.937,1.69157,1.69189,1.00,1.50
2017.01.04 13:06:34.239,1.69157,1.69188,1.00,1.37
2017.01.04 13:06:34.582,1.69156,1.69185,1.00,1.00
2017.01.04 13:06:35.118,1.69155,1.69185,1.00,1.00
2017.01.04 13:06:35.683,1.69154,1.69185,1.00,1.00
2017.01.04 13:06:36.304,1.69154,1.69185,1.00,1.37
2017.01.04 13:06:36.829,1.69153,1.69185,1.00,1.37
2017.01.04 13:06:37.344,1.69152,1.69183,1.00,1.00
2017.01.04 13:06:38.774,1.69152,1.69186,2.25,1.00
2017.01.04 13:06:39.760,1.69152,1.69183,1.00,1.00
2017.01.04 13:06:40.070,1.69152,1.69181,1.00,1.00
2017.01.04 13:06:41.163,1.69151,1.69181,1.00,1.00
2017.01.04 13:06:42.974,1.69152,1.69181,1.00,1.00
2017.01.04 13:06:43.075,1.69152,1.69185,1.00,1.00
2017.01.04 13:06:43.378,1.69151,1.69182,1.50,1.00
2017.01.04 13:06:43.790,1.69152,1.69185,1.00,1.00
2017.01.04 13:06:45.153,1.69152,1.69185,1.50,1.37
2017.01.04 13:06:45.688,1.69151,1.69185,2.25,2.25
2017.01.04 13:06:46.776,1.69153,1.69185,1.00,1.37
2017.01.04 13:06:47.079,1.69142,1.69166,1.00,1.00
2017.01.04 13:06:47.230,1.69138,1.69167,1.00,1.87
2017.01.04 13:06:47.281,1.69138,1.69167,1.00,2.25
2017.01.04 13:06:47.383,1.69132,1.69163,1.00,1.75
2017.01.04 13:06:47.484,1.69132,1.69163,1.00,1.50
2017.01.04 13:06:47.974,1.69133,1.69166,1.50,1.12
2017.01.04 13:06:48.482,1.69133,1.69167,1.50,2.25
2017.01.04 13:06:48.835,1.69136,1.69167,1.00,1.12
2017.01.04 13:06:49.036,1.69138,1.69172,1.50,2.25
2017.01.04 13:06:49.137,1.6914,1.69172,1.00,2.25
2017.01.04 13:06:50.191,1.69141,1.69172,1.00,2.25
2017.01.04 13:06:52.254,1.69136,1.6917,1.00,3.00
2017.01.04 13:06:52.355,1.69134,1.69164,1.12,1.12
2017.01.04 13:06:52.557,1.69136,1.69166,1.00,1.00
2017.01.04 13:06:53.305,1.69136,1.69168,1.00,1.87
2017.01.04 13:06:53.457,1.69133,1.69164,1.00,1.37
2017.01.04 13:06:53.659,1.69135,1.69164,1.00,1.00
2017.01.04 13:06:53.962,1.69152,1.69182,1.00,1.75
2017.01.04 13:06:54.215,1.69151,1.69183,1.00,1.00
2017.01.04 13:06:54.467,1.69149,1.69183,1.50,1.12
2017.01.04 13:06:54.669,1.69149,1.69181,1.00,1.00
2017.01.04 13:06:54.719,1.69147,1.69181,3.00,1.87
2017.01.04 13:06:54.770,1.69147,1.69177,1.50,1.00
2017.01.04 13:06:54.871,1.69146,1.6918,1.50,1.37
2017.01.04 13:06:55.158,1.6915,1.6918,1.00,1.50
2017.01.04 13:06:55.259,1.69146,1.69178,1.00,1.00
2017.01.04 13:06:56.182,1.69148,1.69178,1.00,1.00
2017.01.04 13:06:56.283,1.69148,1.6918,1.00,1.00
2017.01.04 13:06:58.181,1.69147,1.69178,1.00,1.00
2017.01.04 13:06:58.487,1.69145,1.69176,1.00,1.37
2017.01.04 13:06:58.998,1.69144,1.69176,1.00,1.37
2017.01.04 13:07:01.631,1.69144,1.69176,1.00,1.75
2017.01.04 13:07:01.933,1.69134,1.69162,1.00,1.00
2017.01.04 13:07:01.984,1.69132,1.69162,1.00,1.00
2017.01.04 13:07:02.180,1.69126,1.69158,1.00,1.37
2017.01.04 13:07:02.281,1.69123,1.69157,1.00,1.87
2017.01.04 13:07:02.332,1.69123,1.69154,1.50,1.00
2017.01.04 13:07:02.635,1.69125,1.69153,1.00,2.25
2017.01.04 13:07:02.938,1.69124,1.69155,1.00,1.37
2017.01.04 13:07:03.039,1.69122,1.69154,1.00,1.12
2017.01.04 13:07:03.586,1.69121,1.69153,1.00,1.00
2017.01.04 13:07:04.567,1.69121,1.69151,1.00,1.00
2017.01.04 13:07:04.992,1.69121,1.69154,1.00,1.12
2017.01.04 13:07:05.539,1.69122,1.69154,1.50,1.12
2017.01.04 13:07:06.087,1.69121,1.69154,1.50,1.12
2017.01.04 13:07:06.137,1.69131,1.69154,1.00,1.12
2017.01.04 13:07:06.289,1.69131,1.69162,1.00,1.37
2017.01.04 13:07:06.390,1.6913,1.69164,2.25,1.87
2017.01.04 13:07:06.592,1.69129,1.69159,1.00,1.00
2017.01.04 13:07:06.793,1.69131,1.69162,1.00,1.00
2017.01.04 13:07:06.945,1.69133,1.69162,1.00,1.00
2017.01.04 13:07:07.276,1.69134,1.69164,1.00,1.00
2017.01.04 13:07:07.543,1.69136,1.69164,1.00,1.00
2017.01.04 13:07:08.064,1.69137,1.69167,1.00,1.12
2017.01.04 13:07:08.395,1.69134,1.69168,2.25,2.62
2017.01.04 13:07:08.496,1.69134,1.69164,1.50,1.00
2017.01.04 13:07:08.698,1.69132,1.69163,1.50,1.00
2017.01.04 13:07:09.275,1.69133,1.69163,1.00,1.00
2017.01.04 13:07:10.193,1.69134,1.69163,1.00,1.00
2017.01.04 13:07:10.294,1.69134,1.69165,1.00,1.00
2017.01.04 13:07:10.396,1.69137,1.69165,1.00,1.00
2017.01.04 13:07:11.272,1.69136,1.69165,1.00,1.00
2017.01.04 13:07:11.568,1.69134,1.69165,1.50,1.00
2017.01.04 13:07:11.770,1.69132,1.69162,1.50,1.00
2017.01.04 13:07:12.123,1.69134,1.69162,1.00,1.00
2017.01.04 13:07:12.274,1.69133,1.69164,1.00,1.12
2017.01.04 13:07:12.325,1.69133,1.69164,1.00,1.37
2017.01.04 13:07:12.991,1.69133,1.69163,1.00,1.12
2017.01.04 13:07:13.402,1.69133,1.69163,1.00,1.37
2017.01.04 13:07:13.503,1.69131,1.69163,1.50,1.37
2017.01.04 13:07:13.604,1.69133,1.69162,1.00,1.12
2017.01.04 13:07:14.199,1.69132,1.69162,1.00,1.00
2017.01.04 13:07:14.300,1.69127,1.69162,3.00,1.87
2017.01.04 13:07:14.350,1.69127,1.69161,1.00,1.50
2017.01.04 13:07:14.653,1.69122,1.69152,1.50,1.00
2017.01.04 13:07:15.671,1.69123,1.69152,1.00,1.00
2017.01.04 13:07:16.174,1.69123,1.69154,1.00,1.00
2017.01.04 13:07:16.374,1.69123,1.69151,1.00,1.00
2017.01.04 13:07:18.768,1.69122,1.69151,1.50,1.00
2017.01.04 13:07:19.419,1.6912,1.69151,1.00,1.00
2017.01.04 13:07:19.520,1.69119,1.69152,1.00,1.75
2017.01.04 13:07:19.621,1.69112,1.69146,1.12,1.12
2017.01.04 13:07:19.722,1.69112,1.6914,1.00,1.00
2017.01.04 13:07:19.823,1.6911,1.6914,1.50,1.00
2017.01.04 13:07:20.025,1.69112,1.69142,1.00,1.50
2017.01.04 13:07:20.076,1.6911,1.69142,1.00,1.50
2017.01.04 13:07:20.244,1.69109,1.69139,1.00,1.00
2017.01.04 13:07:20.547,1.69111,1.69139,1.00,1.00
2017.01.04 13:07:21.074,1.69111,1.6914,1.00,1.00
2017.01.04 13:07:21.580,1.6911,1.6914,1.00,1.00
2017.01.04 13:07:22.030,1.6911,1.69138,1.00,1.00
2017.01.04 13:07:22.229,1.69112,1.69143,1.00,1.12
2017.01.04 13:07:22.431,1.69111,1.6914,1.00,1.00
2017.01.04 13:07:22.965,1.6911,1.69141,1.50,1.00
2017.01.04 13:07:23.016,1.6911,1.69144,1.50,1.00
2017.01.04 13:07:23.217,1.69111,1.69142,1.00,1.00
2017.01.04 13:07:23.527,1.69111,1.6914,1.00,1.00
2017.01.04 13:07:23.730,1.69111,1.69145,1.00,1.00
2017.01.04 13:07:24.015,1.69113,1.69146,1.00,1.50
2017.01.04 13:07:24.328,1.69111,1.69144,1.50,1.00
2017.01.04 13:07:24.907,1.6911,1.69144,2.25,1.00
2017.01.04 13:07:25.426,1.69111,1.69144,1.50,1.37
2017.01.04 13:07:25.737,1.69109,1.69139,1.00,1.00
2017.01.04 13:07:26.168,1.69111,1.69139,1.00,1.00
2017.01.04 13:07:26.697,1.6911,1.69139,1.00,1.00
2017.01.04 13:07:26.899,1.69112,1.69142,1.00,1.00
2017.01.04 13:07:27.418,1.69113,1.69142,1.00,1.00
2017.01.04 13:07:27.816,1.69111,1.69142,1.50,1.00
2017.01.04 13:07:28.318,1.69112,1.69143,1.50,1.00
2017.01.04 13:07:29.003,1.69111,1.69142,1.00,1.00
2017.01.04 13:07:29.157,1.69113,1.69142,1.50,1.00
2017.01.04 13:07:29.208,1.69115,1.69147,1.00,1.12
2017.01.04 13:07:29.712,1.69116,1.69145,1.00,1.00
2017.01.04 13:07:30.233,1.69116,1.69146,1.50,1.00
2017.01.04 13:07:30.385,1.69114,1.69146,1.00,1.00
2017.01.04 13:07:30.435,1.69113,1.69142,1.00,1.00
2017.01.04 13:07:30.911,1.69113,1.69136,1.00,1.00
2017.01.04 13:07:31.264,1.69115,1.69136,1.00,1.00
2017.01.04 13:07:31.801,1.69114,1.69137,1.50,1.00
2017.01.04 13:07:32.113,1.69117,1.69135,1.00,1.00
2017.01.04 13:07:32.827,1.69118,1.69138,1.00,1.00
2017.01.04 13:07:33.029,1.69119,1.69143,2.25,1.00
2017.01.04 13:07:33.180,1.69126,1.69143,1.00,1.00
2017.01.04 13:07:33.281,1.69123,1.69143,1.00,1.00
2017.01.04 13:07:33.332,1.69123,1.69134,1.00,1.00
2017.01.04 13:07:33.382,1.69114,1.69134,1.37,1.00
2017.01.04 13:07:33.533,1.69113,1.69133,1.50,1.00
2017.01.04 13:07:33.634,1.6911,1.69132,1.00,1.00
2017.01.04 13:07:33.735,1.6911,1.69129,1.00,1.00
2017.01.04 13:07:33.836,1.69111,1.69131,1.50,1.00
2017.01.04 13:07:33.886,1.69114,1.69131,1.00,1.00
2017.01.04 13:07:33.987,1.69112,1.69131,1.00,1.00
2017.01.04 13:07:34.038,1.69112,1.69134,1.00,1.00
2017.01.04 13:07:34.216,1.69112,1.69131,1.00,1.00
2017.01.04 13:07:34.266,1.6911,1.69131,1.00,1.00
2017.01.04 13:07:34.317,1.69111,1.69134,1.00,1.00
2017.01.04 13:07:34.368,1.69109,1.69134,1.00,1.00
2017.01.04 13:07:34.419,1.69112,1.69137,1.00,1.00
2017.01.04 13:07:34.469,1.69107,1.69139,2.25,1.00
2017.01.04 13:07:34.520,1.69106,1.69134,1.50,1.00
2017.01.04 13:07:34.688,1.69104,1.69129,1.37,1.00
2017.01.04 13:07:34.739,1.69109,1.69128,1.00,1.00
2017.01.04 13:07:34.840,1.69114,1.69135,1.00,1.37
2017.01.04 13:07:34.891,1.69111,1.69135,1.00,1.00
2017.01.04 13:07:35.043,1.69108,1.69136,1.12,1.50
2017.01.04 13:07:35.137,1.69106,1.69132,1.37,1.00
2017.01.04 13:07:35.440,1.69109,1.69128,1.00,1.00
2017.01.04 13:07:35.490,1.69106,1.69128,1.00,1.00
2017.01.04 13:07:35.643,1.69106,1.69126,1.00,1.00
2017.01.04 13:07:35.844,1.69107,1.69129,1.00,1.00
2017.01.04 13:07:36.106,1.69104,1.69129,1.50,1.00
2017.01.04 13:07:36.307,1.691,1.69129,3.75,1.00
2017.01.04 13:07:36.408,1.69101,1.69125,1.00,1.00
2017.01.04 13:07:36.610,1.6909,1.69123,3.00,1.87
2017.01.04 13:07:36.711,1.6909,1.69119,1.00,1.00
2017.01.04 13:07:37.022,1.69093,1.6912,1.50,1.00
2017.01.04 13:07:37.325,1.69099,1.69121,1.00,1.00
2017.01.04 13:07:37.918,1.69098,1.69121,1.50,1.00
2017.01.04 13:07:38.170,1.69096,1.69121,1.87,1.00
2017.01.04 13:07:38.221,1.69095,1.69119,1.00,1.00
2017.01.04 13:07:38.388,1.69091,1.69119,1.75,1.00
2017.01.04 13:07:38.439,1.69089,1.69116,1.00,1.00
2017.01.04 13:07:38.691,1.69093,1.69116,1.00,1.00
2017.01.04 13:07:38.843,1.69096,1.69123,1.37,1.00
2017.01.04 13:07:38.894,1.691,1.69123,1.00,1.00
2017.01.04 13:07:38.945,1.69097,1.69125,2.62,1.00
2017.01.04 13:07:39.096,1.69102,1.69125,1.00,1.00
2017.01.04 13:07:39.298,1.691,1.69124,1.00,1.00
2017.01.04 13:07:39.399,1.69096,1.69124,1.50,1.00
2017.01.04 13:07:39.745,1.69099,1.69124,1.00,1.00
2017.01.04 13:07:39.846,1.69099,1.69126,1.00,1.00
2017.01.04 13:07:39.998,1.69097,1.69126,1.00,1.00
2017.01.04 13:07:40.149,1.69099,1.69129,1.00,1.12
2017.01.04 13:07:40.200,1.69099,1.69126,1.00,1.37
2017.01.04 13:07:40.251,1.69094,1.69122,1.12,1.50
2017.01.04 13:07:40.302,1.6909,1.69122,1.37,1.50
2017.01.04 13:07:40.453,1.69089,1.69116,1.12,1.00
2017.01.04 13:07:40.554,1.69091,1.69119,1.00,1.00
2017.01.04 13:07:40.605,1.69093,1.69119,1.00,1.00
2017.01.04 13:07:40.948,1.691,1.69131,1.37,1.00
2017.01.04 13:07:41.250,1.69105,1.69131,1.00,1.00
2017.01.04 13:07:41.755,1.69105,1.69135,1.12,1.00
2017.01.04 13:07:41.856,1.6911,1.69135,1.00,1.00
2017.01.04 13:07:42.042,1.69109,1.69138,1.00,1.00
2017.01.04 13:07:42.833,1.6911,1.69138,1.00,1.00
2017.01.04 13:07:43.186,1.69112,1.69138,1.00,1.00
2017.01.04 13:07:43.236,1.69112,1.6914,1.00,1.00
2017.01.04 13:07:43.387,1.69109,1.6914,1.00,1.00
2017.01.04 13:07:43.438,1.69109,1.69135,1.00,1.00
2017.01.04 13:07:43.729,1.6911,1.69138,1.00,1.00
2017.01.04 13:07:43.831,1.69113,1.69138,1.00,1.00
2017.01.04 13:07:44.352,1.69112,1.69138,1.00,1.00
2017.01.04 13:07:44.908,1.69111,1.69138,1.00,1.00
2017.01.04 13:07:45.439,1.69112,1.6914,1.00,1.00
2017.01.04 13:07:45.759,1.69113,1.69143,1.00,1.00
2017.01.04 13:07:46.649,1.69113,1.6914,1.00,1.00
2017.01.04 13:07:46.952,1.69114,1.69142,1.00,1.00
2017.01.04 13:07:47.068,1.69111,1.69139,1.00,1.37
2017.01.04 13:07:47.270,1.69102,1.69135,1.12,1.00
2017.01.04 13:07:47.321,1.69101,1.69132,1.37,1.37
2017.01.04 13:07:47.372,1.69098,1.6913,2.25,1.00
2017.01.04 13:07:47.423,1.69101,1.69133,1.00,1.00
2017.01.04 13:07:47.745,1.69101,1.69129,1.00,1.00
2017.01.04 13:07:47.845,1.69099,1.69129,1.00,1.00
2017.01.04 13:07:47.946,1.69099,1.69127,1.00,1.00
2017.01.04 13:07:48.262,1.69099,1.69129,1.00,1.00
2017.01.04 13:07:48.753,1.69101,1.69128,1.00,1.00
2017.01.04 13:07:49.056,1.69119,1.69142,1.00,1.00
2017.01.04 13:07:49.255,1.69117,1.69146,1.00,1.00
2017.01.04 13:07:49.356,1.69115,1.69143,1.00,1.00
2017.01.04 13:07:49.608,1.69109,1.69139,2.25,1.00
2017.01.04 13:07:49.760,1.69111,1.69139,1.00,1.00
2017.01.04 13:07:49.861,1.69109,1.69139,1.12,1.00
2017.01.04 13:07:49.962,1.69107,1.69139,1.50,1.00
2017.01.04 13:07:50.063,1.6911,1.69139,1.00,1.00
2017.01.04 13:07:50.365,1.69113,1.6914,1.00,1.00
2017.01.04 13:07:51.438,1.69111,1.6914,1.00,1.00
2017.01.04 13:07:51.489,1.69108,1.6914,1.00,1.87
2017.01.04 13:07:51.590,1.69099,1.69132,1.37,1.00
2017.01.04 13:07:51.641,1.691,1.69128,1.00,1.00
2017.01.04 13:07:51.945,1.69101,1.69125,1.37,1.00
2017.01.04 13:07:52.046,1.69102,1.69131,1.12,1.00
2017.01.04 13:07:52.237,1.69101,1.69133,1.00,1.00
2017.01.04 13:07:52.440,1.69102,1.6913,1.00,1.00
2017.01.04 13:07:53.150,1.691,1.6913,1.87,1.00
2017.01.04 13:07:54.351,1.691,1.69131,1.00,1.00
2017.01.04 13:07:54.519,1.69102,1.69131,1.37,1.00
2017.01.04 13:07:54.570,1.69103,1.69131,1.50,1.00
2017.01.04 13:07:54.621,1.69106,1.69131,1.00,1.00
2017.01.04 13:07:54.772,1.69103,1.69135,2.25,1.12
2017.01.04 13:07:54.873,1.69105,1.69133,1.12,1.00
2017.01.04 13:07:55.182,1.69107,1.69137,1.00,1.12
2017.01.04 13:07:55.484,1.69106,1.69131,1.37,1.00
2017.01.04 13:07:55.656,1.69102,1.69131,1.87,1.00
2017.01.04 13:07:55.757,1.69101,1.69127,2.25,1.00
2017.01.04 13:07:55.972,1.69098,1.69128,1.50,1.00
2017.01.04 13:07:56.090,1.69098,1.69128,1.37,1.00
2017.01.04 13:07:56.346,1.691,1.6913,1.37,1.00
2017.01.04 13:07:56.769,1.691,1.6913,1.00,1.00
2017.01.04 13:07:56.970,1.691,1.69126,1.00,1.00
2017.01.04 13:07:57.150,1.691,1.69129,1.00,1.00
2017.01.04 13:07:58.437,1.69102,1.69129,1.00,1.00
2017.01.04 13:07:58.488,1.69102,1.69133,1.00,1.00
2017.01.04 13:07:58.590,1.69101,1.69135,2.25,1.00
2017.01.04 13:07:58.641,1.69103,1.69132,1.00,1.00
2017.01.04 13:07:58.764,1.69103,1.69134,1.00,1.00
2017.01.04 13:07:59.452,1.69103,1.69133,1.00,1.00
2017.01.04 13:07:59.960,1.69102,1.69132,1.00,1.00
2017.01.04 13:08:00.349,1.69102,1.6913,1.00,1.00
2017.01.04 13:08:00.501,1.691,1.6913,1.12,1.00
2017.01.04 13:08:00.552,1.691,1.69126,1.00,1.00
2017.01.04 13:08:00.854,1.69097,1.69126,1.00,1.00
2017.01.04 13:08:01.056,1.69096,1.69128,1.87,1.00
2017.01.04 13:08:01.493,1.69097,1.69125,1.12,1.00
2017.01.04 13:08:02.064,1.69097,1.69124,1.00,1.00
2017.01.04 13:08:02.165,1.69095,1.69124,1.00,1.00
2017.01.04 13:08:02.768,1.69098,1.69126,1.00,1.00
2017.01.04 13:08:02.869,1.69099,1.69132,1.00,1.00
2017.01.04 13:08:03.171,1.69101,1.69132,1.00,1.00
2017.01.04 13:08:03.556,1.69101,1.6913,1.00,1.00
2017.01.04 13:08:04.115,1.69101,1.69131,2.25,1.00
2017.01.04 13:08:04.671,1.69101,1.6913,1.50,1.00
2017.01.04 13:08:05.197,1.69101,1.69131,1.00,1.00
2017.01.04 13:08:05.352,1.69103,1.69137,1.00,1.12
2017.01.04 13:08:06.458,1.69103,1.69137,1.00,1.37
2017.01.04 13:08:06.559,1.69102,1.69134,1.00,1.00
2017.01.04 13:08:08.628,1.69102,1.69134,1.00,1.37
2017.01.04 13:08:08.780,1.69101,1.69134,1.00,1.20
2017.01.04 13:08:08.831,1.69101,1.69134,1.00,1.15
2017.01.04 13:08:08.882,1.69099,1.69133,1.87,1.00
2017.01.04 13:08:08.983,1.69103,1.69134,1.00,1.00
2017.01.04 13:08:09.101,1.69099,1.69133,1.50,1.00
2017.01.04 13:08:09.615,1.691,1.69133,1.00,1.00
2017.01.04 13:08:09.867,1.69106,1.69138,1.00,1.52
2017.01.04 13:08:09.918,1.69106,1.6914,1.00,1.90
2017.01.04 13:08:10.070,1.69106,1.69139,1.00,1.00
2017.01.04 13:08:10.574,1.69108,1.69142,1.00,1.50
2017.01.04 13:08:11.665,1.69106,1.69139,1.50,1.00
2017.01.04 13:08:12.360,1.69108,1.6914,1.00,1.00
2017.01.04 13:08:13.479,1.6911,1.69142,1.00,1.87
2017.01.04 13:08:13.985,1.6911,1.69143,1.00,1.00
2017.01.04 13:08:14.291,1.69111,1.69143,4.87,1.00
2017.01.04 13:08:14.593,1.69113,1.69147,1.87,1.00
2017.01.04 13:08:14.742,1.69114,1.69147,1.00,1.37
2017.01.04 13:08:15.372,1.69112,1.69146,1.87,1.00
2017.01.04 13:08:15.674,1.69111,1.69145,1.87,1.00
2017.01.04 13:08:16.247,1.69111,1.69145,2.25,1.00
2017.01.04 13:08:16.402,1.69113,1.69147,1.00,1.00
2017.01.04 13:08:16.614,1.69116,1.69148,1.00,1.12
2017.01.04 13:08:17.316,1.69116,1.69147,1.00,1.00
2017.01.04 13:08:17.468,1.6911,1.69144,1.00,3.37
2017.01.04 13:08:17.721,1.69108,1.69142,1.50,1.37
2017.01.04 13:08:17.822,1.6911,1.69142,1.00,1.00
2017.01.04 13:08:17.872,1.69112,1.69144,1.00,1.87
2017.01.04 13:08:18.216,1.69115,1.69144,1.00,1.00
2017.01.04 13:08:18.790,1.69114,1.69144,1.00,1.00
2017.01.04 13:08:19.294,1.69111,1.69144,1.50,1.00
2017.01.04 13:08:19.495,1.69115,1.69144,1.00,1.00
2017.01.04 13:08:19.944,1.69113,1.69144,1.00,1.50
2017.01.04 13:08:20.677,1.69115,1.69144,1.00,1.00
2017.01.04 13:08:21.607,1.69114,1.69144,1.00,1.00
2017.01.04 13:08:21.708,1.69117,1.69151,2.25,1.87
2017.01.04 13:08:21.758,1.69121,1.69151,1.00,1.50
2017.01.04 13:08:21.894,1.69118,1.69151,1.00,1.00
2017.01.04 13:08:22.397,1.69119,1.69152,1.00,1.37
2017.01.04 13:08:22.498,1.6912,1.69152,1.00,1.00
2017.01.04 13:08:22.549,1.69118,1.69152,1.87,1.00
2017.01.04 13:08:22.701,1.6912,1.69153,1.37,1.00
2017.01.04 13:08:23.004,1.69124,1.69156,1.00,1.87
2017.01.04 13:08:23.256,1.69126,1.6916,1.50,1.00
2017.01.04 13:08:24.030,1.69126,1.69158,1.12,1.12
2017.01.04 13:08:24.333,1.69117,1.6915,4.12,1.00
2017.01.04 13:08:24.485,1.69122,1.69154,1.00,1.00
2017.01.04 13:08:24.787,1.69123,1.69157,1.00,1.00
2017.01.04 13:08:25.291,1.69124,1.69157,1.00,1.00
2017.01.04 13:08:25.825,1.69125,1.69158,1.00,1.50
2017.01.04 13:08:27.774,1.69123,1.69157,1.00,1.00
2017.01.04 13:08:28.220,1.69125,1.69158,1.00,1.00
2017.01.04 13:08:28.523,1.69118,1.6915,1.75,1.00
2017.01.04 13:08:28.725,1.69121,1.69154,1.00,1.00
2017.01.04 13:08:28.826,1.69126,1.69159,1.00,2.62
2017.01.04 13:08:29.128,1.69125,1.69157,1.50,1.00
2017.01.04 13:08:29.433,1.69128,1.69159,1.00,1.00
2017.01.04 13:08:29.937,1.69129,1.6916,1.00,1.00
2017.01.04 13:08:30.245,1.69128,1.69158,1.00,1.00
2017.01.04 13:08:30.698,1.69128,1.6916,1.00,1.37
2017.01.04 13:08:30.799,1.69125,1.69156,2.25,1.37
2017.01.04 13:08:31.207,1.69125,1.69156,1.00,1.37
2017.01.04 13:08:31.258,1.69125,1.69155,1.00,1.00
2017.01.04 13:08:31.409,1.69122,1.69152,1.87,1.00
2017.01.04 13:08:31.510,1.69123,1.69155,1.37,1.00
2017.01.04 13:08:31.612,1.69126,1.69157,1.00,1.00
2017.01.04 13:08:31.914,1.69122,1.69156,1.75,2.62
2017.01.04 13:08:32.015,1.6912,1.69152,1.37,1.00
2017.01.04 13:08:32.116,1.69123,1.69154,1.12,1.50
2017.01.04 13:08:32.328,1.69126,1.69156,1.00,1.00
2017.01.04 13:08:32.781,1.69124,1.69155,1.00,1.00
2017.01.04 13:08:33.241,1.69121,1.69152,1.12,1.00
2017.01.04 13:08:33.558,1.69116,1.69146,1.00,1.00
2017.01.04 13:08:33.609,1.69111,1.69143,1.87,1.00
2017.01.04 13:08:34.130,1.69112,1.69144,1.00,1.00
2017.01.04 13:08:34.432,1.69114,1.69146,1.00,1.12
2017.01.04 13:08:34.534,1.6911,1.69143,1.50,1.00
2017.01.04 13:08:34.942,1.69112,1.69144,1.00,1.00
2017.01.04 13:08:35.298,1.69115,1.69147,1.00,1.50
2017.01.04 13:08:35.608,1.69113,1.69146,1.00,1.00
2017.01.04 13:08:36.199,1.69111,1.69143,1.50,1.00
2017.01.04 13:08:36.736,1.69112,1.69143,1.00,1.00
2017.01.04 13:08:37.038,1.69114,1.69145,1.00,1.00
2017.01.04 13:08:38.910,1.69116,1.69147,1.00,1.00
2017.01.04 13:08:39.112,1.69118,1.6915,1.00,2.62
2017.01.04 13:08:39.747,1.69117,1.6915,1.00,1.87
2017.01.04 13:08:40.249,1.69121,1.69154,1.00,1.50
2017.01.04 13:08:40.300,1.69121,1.69154,1.50,1.00
2017.01.04 13:08:40.350,1.69129,1.69156,1.00,1.50
2017.01.04 13:08:40.552,1.69126,1.69156,1.00,1.00
2017.01.04 13:08:41.101,1.69125,1.69156,1.00,1.00
2017.01.04 13:08:41.605,1.69122,1.69154,1.00,1.37
2017.01.04 13:08:41.947,1.69115,1.69147,1.37,1.00
2017.01.04 13:08:41.998,1.69115,1.69147,1.00,1.00
2017.01.04 13:08:42.525,1.69114,1.69146,1.00,1.00
2017.01.04 13:08:43.638,1.69115,1.69146,1.00,1.00
2017.01.04 13:08:43.818,1.69115,1.69149,1.50,1.00
2017.01.04 13:08:43.869,1.69117,1.69149,1.00,1.00
2017.01.04 13:08:44.222,1.69115,1.69145,1.37,1.00
2017.01.04 13:08:44.273,1.69115,1.69145,1.00,1.00
2017.01.04 13:08:44.424,1.69119,1.69151,1.00,1.00
2017.01.04 13:08:44.525,1.69121,1.69153,1.00,1.50
2017.01.04 13:08:44.828,1.69124,1.6915,1.00,1.37
2017.01.04 13:08:44.929,1.69116,1.69146,1.50,1.37
2017.01.04 13:08:45.030,1.69114,1.69146,1.37,1.00
2017.01.04 13:08:45.177,1.69116,1.69147,1.50,1.00
2017.01.04 13:08:45.278,1.69117,1.69147,1.50,1.00
2017.01.04 13:08:45.480,1.69116,1.69148,1.00,1.00
2017.01.04 13:08:45.531,1.69116,1.69148,1.00,1.37
2017.01.04 13:08:45.582,1.69116,1.69148,1.00,1.00
2017.01.04 13:08:45.683,1.69124,1.69148,1.00,1.00
2017.01.04 13:08:45.734,1.69126,1.69158,1.00,2.25
2017.01.04 13:08:45.785,1.69129,1.69158,1.00,1.00
2017.01.04 13:08:46.323,1.69128,1.69159,1.87,1.00
2017.01.04 13:08:46.850,1.69129,1.69159,1.00,1.00
2017.01.04 13:08:47.379,1.69128,1.69159,1.12,1.00
2017.01.04 13:08:47.880,1.69129,1.69159,1.00,1.00
2017.01.04 13:08:48.400,1.69128,1.69159,1.12,1.00
2017.01.04 13:08:49.709,1.69127,1.69157,1.50,1.12
2017.01.04 13:08:50.012,1.69118,1.6915,1.50,1.00
2017.01.04 13:08:50.166,1.69118,1.69152,2.25,1.00
2017.01.04 13:08:50.767,1.69119,1.69152,1.00,1.50
2017.01.04 13:08:51.219,1.69118,1.6915,1.50,1.00
2017.01.04 13:08:51.627,1.69118,1.69149,1.00,2.25
2017.01.04 13:08:51.678,1.69118,1.69148,1.00,1.37
2017.01.04 13:08:51.779,1.69112,1.69144,1.50,1.00
2017.01.04 13:08:52.293,1.69112,1.69143,1.00,1.00
2017.01.04 13:08:52.344,1.69112,1.69145,1.50,1.00
2017.01.04 13:08:56.062,1.69114,1.69145,1.00,1.00
2017.01.04 13:08:56.163,1.69114,1.69148,1.50,1.00
2017.01.04 13:08:56.772,1.69118,1.6915,1.00,1.50
2017.01.04 13:09:00.230,1.69116,1.6915,2.25,1.50
2017.01.04 13:09:00.451,1.69116,1.6915,2.25,1.87
2017.01.04 13:09:00.880,1.69112,1.69146,1.37,1.00
2017.01.04 13:09:00.931,1.6911,1.69144,1.50,1.00
2017.01.04 13:09:01.032,1.69113,1.69144,1.00,1.00
2017.01.04 13:09:01.179,1.69112,1.69146,2.62,1.12
2017.01.04 13:09:01.280,1.69114,1.69146,1.50,1.00
2017.01.04 13:09:01.382,1.69115,1.69149,3.00,1.00
2017.01.04 13:09:01.483,1.69118,1.69149,1.00,1.00
2017.01.04 13:09:01.987,1.69118,1.6915,1.50,1.00
2017.01.04 13:09:03.266,1.69118,1.6915,1.00,1.87
2017.01.04 13:09:03.367,1.69118,1.6915,1.00,1.50
2017.01.04 13:09:03.682,1.69116,1.69148,1.00,1.00
2017.01.04 13:09:03.985,1.69119,1.69151,1.00,1.50
2017.01.04 13:09:04.311,1.69122,1.69153,1.00,1.00
2017.01.04 13:09:05.827,1.69122,1.69153,1.00,1.37
2017.01.04 13:09:05.878,1.69122,1.69153,1.00,1.00
2017.01.04 13:09:06.257,1.69119,1.69151,1.00,1.00
2017.01.04 13:09:06.482,1.69122,1.69153,1.00,1.00
2017.01.04 13:09:07.032,1.69122,1.69154,1.00,1.50
2017.01.04 13:09:07.533,1.69122,1.69153,1.00,1.00
2017.01.04 13:09:08.489,1.69122,1.69154,1.00,1.50
2017.01.04 13:09:09.017,1.69122,1.69153,1.00,1.00
2017.01.04 13:09:09.812,1.69122,1.69154,1.00,1.50
2017.01.04 13:09:09.963,1.6912,1.69154,2.25,1.50
2017.01.04 13:09:10.179,1.69123,1.69154,1.00,1.00
2017.01.04 13:09:10.701,1.69122,1.69153,1.00,1.00
2017.01.04 13:09:11.225,1.69122,1.69154,1.00,1.50
2017.01.04 13:09:12.019,1.69122,1.69153,1.00,1.00
2017.01.04 13:09:12.528,1.69122,1.69154,1.00,1.00
2017.01.04 13:09:12.579,1.69123,1.69156,1.00,1.50
2017.01.04 13:09:12.680,1.69125,1.69157,1.00,1.00
2017.01.04 13:09:13.337,1.69125,1.69158,1.00,1.00
2017.01.04 13:09:13.663,1.69131,1.69161,1.00,1.00
2017.01.04 13:09:13.848,1.69129,1.6916,1.00,1.00
2017.01.04 13:09:14.929,1.69129,1.69161,1.00,1.00
2017.01.04 13:09:15.528,1.69128,1.6916,1.87,1.00
2017.01.04 13:09:16.055,1.69128,1.6916,1.87,1.00
2017.01.04 13:09:17.469,1.6913,1.6916,1.00,1.00
2017.01.04 13:09:19.427,1.6913,1.69161,1.00,1.00
2017.01.04 13:09:20.922,1.6913,1.69155,1.00,1.00
2017.01.04 13:09:21.023,1.69124,1.69154,1.00,1.00
2017.01.04 13:09:21.074,1.69121,1.69151,1.75,1.00
2017.01.04 13:09:21.125,1.69121,1.69151,1.00,1.00
2017.01.04 13:09:21.579,1.69121,1.69153,1.00,1.00
2017.01.04 13:09:22.136,1.69121,1.69154,1.00,2.25
2017.01.04 13:09:24.048,1.69121,1.69153,1.00,1.00
2017.01.04 13:09:25.457,1.69121,1.69154,1.00,2.62
2017.01.04 13:09:25.507,1.69121,1.69152,1.00,1.00
2017.01.04 13:09:25.810,1.69125,1.69154,2.25,1.00
2017.01.04 13:09:25.962,1.6913,1.69162,1.37,1.50
2017.01.04 13:09:26.164,1.69133,1.69164,1.12,1.00
2017.01.04 13:09:26.215,1.69139,1.69165,1.00,1.00
2017.01.04 13:09:26.520,1.69146,1.69171,1.37,1.00
2017.01.04 13:09:26.743,1.6914,1.69166,1.00,1.00
2017.01.04 13:09:26.794,1.6914,1.69168,1.00,1.00
2017.01.04 13:09:26.895,1.69137,1.69169,1.12,1.00
2017.01.04 13:09:26.946,1.69139,1.69168,1.00,1.00
2017.01.04 13:09:29.263,1.69139,1.69168,1.37,1.00
2017.01.04 13:09:29.565,1.69147,1.69168,1.12,1.00
2017.01.04 13:09:29.717,1.69142,1.69168,2.25,1.00
2017.01.04 13:09:29.868,1.69141,1.69168,1.00,1.00
2017.01.04 13:09:29.969,1.69139,1.69168,1.00,1.00
2017.01.04 13:09:30.817,1.69138,1.6917,1.50,1.00
2017.01.04 13:09:31.350,1.69139,1.6917,1.00,1.00
2017.01.04 13:09:31.925,1.69139,1.69169,1.00,1.00
2017.01.04 13:09:33.079,1.69139,1.69171,1.00,1.12
2017.01.04 13:09:33.180,1.69138,1.69169,1.00,1.00
2017.01.04 13:09:33.281,1.69138,1.69171,1.00,1.12
2017.01.04 13:09:33.483,1.69141,1.69172,1.00,1.00
2017.01.04 13:09:34.137,1.69141,1.69174,1.00,1.00
2017.01.04 13:09:35.827,1.69141,1.69174,1.00,1.37
2017.01.04 13:09:36.130,1.69143,1.69174,1.00,1.37
2017.01.04 13:09:36.483,1.69137,1.69168,1.12,1.12
2017.01.04 13:09:36.534,1.69137,1.69163,1.12,1.37
2017.01.04 13:09:36.584,1.69133,1.69163,2.25,1.37
2017.01.04 13:09:36.636,1.69133,1.6916,1.12,1.37
2017.01.04 13:09:36.686,1.69125,1.69155,1.50,1.12
2017.01.04 13:09:36.737,1.69125,1.69153,1.37,1.37
2017.01.04 13:09:36.884,1.69118,1.69147,1.00,1.12
2017.01.04 13:09:36.935,1.69115,1.69147,1.50,1.00
2017.01.04 13:09:37.086,1.69117,1.69148,1.00,1.00
2017.01.04 13:09:37.339,1.69119,1.69151,1.00,2.25
2017.01.04 13:09:37.981,1.69117,1.69151,1.37,1.87
2017.01.04 13:09:38.575,1.69117,1.69148,1.00,1.00
2017.01.04 13:09:38.878,1.69122,1.69153,1.00,1.12
2017.01.04 13:09:39.707,1.69127,1.69152,1.00,1.00
2017.01.04 13:09:39.808,1.69119,1.69152,1.00,1.00
2017.01.04 13:09:39.909,1.69119,1.69148,1.00,1.00
2017.01.04 13:09:40.218,1.69124,1.69153,1.00,1.00
2017.01.04 13:09:40.987,1.69122,1.69153,1.00,1.50
2017.01.04 13:09:41.535,1.69121,1.69153,1.00,1.00
2017.01.04 13:09:42.852,1.69121,1.69154,1.00,1.50
2017.01.04 13:09:42.902,1.69123,1.69154,1.00,1.00
2017.01.04 13:09:43.104,1.69119,1.69151,1.12,1.00
2017.01.04 13:09:43.205,1.69119,1.69148,1.12,1.12
2017.01.04 13:09:43.306,1.69116,1.69148,1.50,1.87
2017.01.04 13:09:43.836,1.69116,1.69147,1.00,1.50
2017.01.04 13:09:44.326,1.69116,1.69149,1.50,1.12
2017.01.04 13:09:45.057,1.69116,1.6915,1.50,1.50
2017.01.04 13:09:45.715,1.69118,1.6915,1.00,1.00
2017.01.04 13:09:46.070,1.69118,1.69152,1.12,2.25
2017.01.04 13:09:46.423,1.69121,1.69152,1.00,1.00
2017.01.04 13:09:46.512,1.69121,1.69154,1.00,1.50
2017.01.04 13:09:48.415,1.69124,1.69156,1.00,1.00
2017.01.04 13:09:49.314,1.69122,1.69154,1.00,1.00
2017.01.04 13:09:49.649,1.69124,1.69156,1.00,1.00
2017.01.04 13:09:51.914,1.69125,1.69156,1.00,1.00
2017.01.04 13:09:52.216,1.69123,1.69151,1.75,1.37
2017.01.04 13:09:52.368,1.69121,1.69142,1.00,1.50
2017.01.04 13:09:52.469,1.6911,1.6914,1.00,1.37
2017.01.04 13:09:52.570,1.69108,1.69138,1.00,1.50
2017.01.04 13:09:53.145,1.69108,1.69139,1.00,1.50
2017.01.04 13:09:54.511,1.69112,1.69139,1.00,1.00
2017.01.04 13:09:54.562,1.69112,1.69143,1.00,2.25
2017.01.04 13:09:54.814,1.6911,1.69141,1.00,1.00
2017.01.04 13:09:55.319,1.69112,1.69143,1.00,1.50
2017.01.04 13:09:55.915,1.69114,1.69143,1.00,1.00
2017.01.04 13:09:55.965,1.69115,1.69147,1.00,1.20
2017.01.04 13:09:56.016,1.69115,1.69147,1.37,1.00
2017.01.04 13:09:57.210,1.69117,1.69148,1.12,1.00
2017.01.04 13:09:57.797,1.69117,1.69149,1.12,1.50
2017.01.04 13:09:58.354,1.69116,1.69148,1.37,1.00
2017.01.04 13:09:58.873,1.69117,1.69149,1.12,1.50
2017.01.04 13:10:00.510,1.69115,1.69148,1.50,1.00
2017.01.04 13:10:03.194,1.69115,1.69149,1.50,2.25
2017.01.04 13:10:03.820,1.69115,1.69148,1.50,1.00
2017.01.04 13:10:05.786,1.69115,1.69149,2.25,1.50
2017.01.04 13:10:06.039,1.69115,1.69149,1.12,1.50
2017.01.04 13:10:07.722,1.69114,1.69146,1.12,1.00
2017.01.04 13:10:08.024,1.69114,1.69148,1.87,1.00
2017.01.04 13:10:08.227,1.69116,1.69149,1.00,1.12
2017.01.04 13:10:08.729,1.69116,1.6915,1.00,1.50
2017.01.04 13:10:09.070,1.69118,1.6915,1.00,1.00
2017.01.04 13:10:09.425,1.69127,1.69152,1.00,1.50
2017.01.04 13:10:09.677,1.69131,1.6916,1.00,1.00
2017.01.04 13:10:10.130,1.69129,1.6916,1.00,1.00
2017.01.04 13:10:11.658,1.69129,1.69161,1.00,1.00
2017.01.04 13:10:13.616,1.69129,1.69162,1.00,3.00
2017.01.04 13:10:13.667,1.69132,1.69162,1.00,1.00
2017.01.04 13:10:14.174,1.69132,1.69161,1.00,1.00
2017.01.04 13:10:14.457,1.6913,1.69161,1.50,1.00
2017.01.04 13:10:14.637,1.69132,1.69161,1.00,1.50
2017.01.04 13:10:14.939,1.6913,1.69155,1.50,1.00
2017.01.04 13:10:15.242,1.69133,1.69155,1.00,1.00
2017.01.04 13:10:15.559,1.69148,1.69156,1.00,1.00
2017.01.04 13:10:15.610,1.69152,1.69175,1.12,1.00
2017.01.04 13:10:15.661,1.69155,1.69182,1.20,1.37
2017.01.04 13:10:15.712,1.69161,1.69189,1.00,1.50
2017.01.04 13:10:15.763,1.69161,1.69186,1.50,1.00
2017.01.04 13:10:16.267,1.69162,1.69186,1.12,1.00
2017.01.04 13:10:18.051,1.69162,1.69186,2.02,1.00
2017.01.04 13:10:18.102,1.69163,1.69193,1.27,1.00
2017.01.04 13:10:18.153,1.69166,1.69194,1.00,1.00
2017.01.04 13:10:18.254,1.69162,1.69194,1.12,1.00
2017.01.04 13:10:18.870,1.69163,1.69194,1.00,1.50
2017.01.04 13:10:20.967,1.69166,1.69194,1.50,1.00
2017.01.04 13:10:21.018,1.69166,1.69198,1.00,2.10
2017.01.04 13:10:21.068,1.6917,1.69198,1.50,1.60
2017.01.04 13:10:21.376,1.69171,1.69198,1.50,2.10
2017.01.04 13:10:21.528,1.69163,1.69194,1.50,1.00
2017.01.04 13:10:21.679,1.69162,1.69193,1.37,1.00
2017.01.04 13:10:21.781,1.6916,1.69193,1.00,1.00
2017.01.04 13:10:21.882,1.69162,1.69195,1.00,1.50
2017.01.04 13:10:22.255,1.69159,1.69192,1.12,1.00
2017.01.04 13:10:22.769,1.69158,1.69192,1.00,1.50
2017.01.04 13:10:23.246,1.69158,1.6919,1.00,1.00
2017.01.04 13:10:23.549,1.69156,1.69186,1.00,1.00
2017.01.04 13:10:24.070,1.6915,1.69182,2.25,1.00
2017.01.04 13:10:24.221,1.69148,1.6918,1.00,1.00
2017.01.04 13:10:25.573,1.69147,1.69181,1.00,3.37
2017.01.04 13:10:25.624,1.69147,1.69179,1.00,1.00
2017.01.04 13:10:25.674,1.69143,1.69178,1.12,1.00
2017.01.04 13:10:25.775,1.69145,1.69178,1.00,1.50
2017.01.04 13:10:26.063,1.69141,1.69177,1.00,1.50
2017.01.04 13:10:26.164,1.69144,1.69176,1.00,1.00
2017.01.04 13:10:26.683,1.69144,1.69177,1.00,1.12
2017.01.04 13:10:27.526,1.69144,1.69172,1.00,1.00
2017.01.04 13:10:27.577,1.69135,1.69169,2.25,1.37
2017.01.04 13:10:27.628,1.69135,1.69165,1.50,1.37
2017.01.04 13:10:27.945,1.6912,1.69151,1.37,1.00
2017.01.04 13:10:27.996,1.69123,1.69157,1.00,1.87
2017.01.04 13:10:28.148,1.69125,1.69157,1.00,1.87
2017.01.04 13:10:34.966,1.69126,1.69159,1.00,2.25
2017.01.04 13:10:35.282,1.69121,1.69155,1.12,1.37
2017.01.04 13:10:35.383,1.69119,1.69151,1.00,1.00
2017.01.04 13:10:36.466,1.69118,1.6915,1.00,1.00
2017.01.04 13:10:39.952,1.69119,1.6915,1.12,1.00
2017.01.04 13:10:40.025,1.6912,1.69154,1.00,1.12
2017.01.04 13:10:40.076,1.69119,1.69152,1.37,1.00
2017.01.04 13:10:40.587,1.69119,1.69152,1.00,1.00
2017.01.04 13:10:40.890,1.69121,1.69151,1.00,1.00
2017.01.04 13:10:40.940,1.69119,1.69151,1.00,1.00
2017.01.04 13:10:41.142,1.69121,1.69153,1.00,1.50
2017.01.04 13:10:41.330,1.69122,1.69156,1.00,1.00
2017.01.04 13:10:41.436,1.69129,1.69158,1.00,1.00
2017.01.04 13:10:41.548,1.69132,1.69162,1.00,1.00
2017.01.04 13:10:41.650,1.69138,1.69169,1.00,1.37
2017.01.04 13:10:41.700,1.69138,1.69171,1.00,1.50
2017.01.04 13:10:41.852,1.69136,1.69163,1.12,1.87
2017.01.04 13:10:42.054,1.69121,1.69149,1.00,1.00
2017.01.04 13:10:42.155,1.69118,1.69149,1.12,1.00
2017.01.04 13:10:42.357,1.69121,1.69149,1.00,1.00
2017.01.04 13:10:42.515,1.69121,1.69151,1.00,1.12
2017.01.04 13:10:42.616,1.69121,1.69152,1.00,1.37
2017.01.04 13:10:42.667,1.69121,1.69152,1.00,1.50
2017.01.04 13:10:43.176,1.69122,1.69152,1.00,1.00
2017.01.04 13:10:43.681,1.69122,1.69153,1.00,1.50
2017.01.04 13:10:43.732,1.69119,1.69153,1.00,1.50
2017.01.04 13:10:43.833,1.69123,1.69153,1.00,1.00
2017.01.04 13:10:43.935,1.69124,1.69158,1.37,2.25
2017.01.04 13:10:44.173,1.69129,1.69161,1.00,1.37
2017.01.04 13:10:44.697,1.69128,1.69161,1.00,1.00
2017.01.04 13:10:45.000,1.69127,1.69161,1.00,1.75
2017.01.04 13:10:45.102,1.69121,1.69154,1.87,2.25
2017.01.04 13:10:45.203,1.69121,1.69152,1.00,1.00
2017.01.04 13:10:45.364,1.69121,1.69154,1.87,1.00
2017.01.04 13:10:46.434,1.69118,1.69152,1.75,1.00
2017.01.04 13:10:46.546,1.69118,1.69152,1.00,1.87
2017.01.04 13:10:46.843,1.69117,1.69149,1.50,1.00
2017.01.04 13:10:47.045,1.69117,1.69151,1.50,1.00
2017.01.04 13:10:47.863,1.69117,1.69149,1.50,1.00
2017.01.04 13:10:48.774,1.69117,1.69149,1.50,1.37
2017.01.04 13:10:48.925,1.69118,1.6915,1.00,1.00
2017.01.04 13:10:49.026,1.6912,1.69152,1.00,1.50
2017.01.04 13:10:49.127,1.69118,1.69152,1.50,1.50
2017.01.04 13:10:49.421,1.6912,1.69151,1.50,1.00
2017.01.04 13:10:49.471,1.69121,1.69153,1.50,1.00
2017.01.04 13:10:49.522,1.69121,1.69153,2.62,1.00
2017.01.04 13:10:49.573,1.69124,1.69158,1.00,1.37
2017.01.04 13:10:49.826,1.69122,1.69155,2.62,1.00
2017.01.04 13:10:50.305,1.69122,1.69155,2.25,1.37
2017.01.04 13:10:50.355,1.69122,1.69154,1.87,1.87
2017.01.04 13:10:50.557,1.69119,1.69153,1.00,1.12
2017.01.04 13:10:50.658,1.69118,1.6915,1.00,1.00
2017.01.04 13:10:50.861,1.69119,1.69153,1.87,1.00
2017.01.04 13:10:51.063,1.69122,1.69154,1.00,1.00
2017.01.04 13:10:51.366,1.69119,1.69151,2.25,1.00
2017.01.04 13:10:51.467,1.69121,1.69155,1.00,1.50
2017.01.04 13:10:51.620,1.69121,1.69154,1.00,1.87
2017.01.04 13:10:51.671,1.69118,1.69149,1.50,1.37
2017.01.04 13:10:51.773,1.69118,1.69146,1.00,1.00
2017.01.04 13:10:51.824,1.69116,1.69146,1.00,1.12
2017.01.04 13:10:51.975,1.69115,1.69144,1.00,1.37
2017.01.04 13:10:52.077,1.69113,1.69145,1.00,1.00
2017.01.04 13:10:52.178,1.69111,1.69142,1.12,1.00
2017.01.04 13:10:52.528,1.69107,1.69141,2.62,1.00
2017.01.04 13:10:52.630,1.69109,1.69141,1.00,1.00
2017.01.04 13:10:52.933,1.69107,1.69139,1.87,1.00
2017.01.04 13:10:53.439,1.69107,1.6914,1.12,1.00
2017.01.04 13:10:53.759,1.69109,1.69141,1.00,1.00
2017.01.04 13:10:54.431,1.69107,1.6914,1.12,1.00
2017.01.04 13:10:54.640,1.69107,1.69138,1.12,1.00
2017.01.04 13:10:54.943,1.69107,1.6914,1.50,1.00
2017.01.04 13:10:55.044,1.6911,1.69141,1.00,1.50
2017.01.04 13:10:55.245,1.69108,1.6914,1.00,1.12
2017.01.04 13:10:55.766,1.69107,1.69141,1.00,2.62
2017.01.04 13:10:56.977,1.69108,1.69141,1.00,1.50
2017.01.04 13:10:57.028,1.6911,1.69141,1.12,1.50
2017.01.04 13:10:57.079,1.6911,1.69144,3.00,1.50
2017.01.04 13:10:57.180,1.69113,1.69145,1.00,1.00
2017.01.04 13:10:59.566,1.69115,1.69147,1.00,1.00
2017.01.04 13:10:59.933,1.69116,1.6915,1.50,1.12
2017.01.04 13:11:00.887,1.69115,1.69147,3.75,1.00
2017.01.04 13:11:01.146,1.69117,1.69149,1.00,1.00
2017.01.04 13:11:02.220,1.69119,1.69149,1.00,1.00
2017.01.04 13:11:02.524,1.69133,1.69165,1.00,1.75
2017.01.04 13:11:02.574,1.69133,1.69165,1.00,1.00
2017.01.04 13:11:03.320,1.69136,1.69165,1.00,1.00
2017.01.04 13:11:03.573,1.69134,1.69165,1.00,1.00
2017.01.04 13:11:04.654,1.69132,1.69164,1.00,1.00
2017.01.04 13:11:06.453,1.69134,1.69165,1.00,1.00
2017.01.04 13:11:06.994,1.69134,1.69166,1.00,1.00
2017.01.04 13:11:07.269,1.69132,1.69166,1.87,1.00
2017.01.04 13:11:07.803,1.69133,1.69167,1.00,1.00
2017.01.04 13:11:07.853,1.69135,1.69166,1.00,1.00
2017.01.04 13:11:08.157,1.69133,1.69165,1.00,1.00
2017.01.04 13:11:08.598,1.69133,1.69165,1.00,1.75
2017.01.04 13:11:08.800,1.69133,1.69165,1.00,1.50
2017.01.04 13:11:10.380,1.69136,1.69168,1.00,1.00
2017.01.04 13:11:10.682,1.69141,1.69173,1.00,1.00
2017.01.04 13:11:10.983,1.69137,1.69171,1.00,1.87
2017.01.04 13:11:11.033,1.69137,1.6917,1.00,1.12
2017.01.04 13:11:11.552,1.69138,1.6917,1.00,1.00
2017.01.04 13:11:12.083,1.69139,1.69169,1.00,1.00
2017.01.04 13:11:12.608,1.69139,1.6917,1.00,1.12
2017.01.04 13:11:13.233,1.69137,1.69168,1.12,1.00
2017.01.04 13:11:13.973,1.69136,1.69167,1.00,1.00
2017.01.04 13:11:15.383,1.69137,1.69169,1.00,1.00
2017.01.04 13:11:15.485,1.69137,1.6917,1.37,1.00
2017.01.04 13:11:15.586,1.69139,1.69172,1.00,1.00
2017.01.04 13:11:15.787,1.69142,1.69174,1.00,1.37
2017.01.04 13:11:15.838,1.69142,1.69174,1.00,1.00
2017.01.04 13:11:15.990,1.69144,1.69177,1.00,3.00
2017.01.04 13:11:16.191,1.69144,1.69177,1.00,2.25
2017.01.04 13:11:17.485,1.69147,1.69178,1.00,1.50
2017.01.04 13:11:17.536,1.69147,1.6918,1.00,1.00
2017.01.04 13:11:18.048,1.69148,1.69179,1.00,1.00
2017.01.04 13:11:18.300,1.69145,1.69176,1.00,1.00
2017.01.04 13:11:18.770,1.69146,1.69178,1.00,1.00
2017.01.04 13:11:19.320,1.69146,1.69179,1.00,1.00
2017.01.04 13:11:19.421,1.69146,1.69178,1.00,1.87
2017.01.04 13:11:19.472,1.69144,1.69177,1.00,2.25
2017.01.04 13:11:19.697,1.69142,1.69174,1.00,1.00
2017.01.04 13:11:19.798,1.6914,1.69174,1.00,1.00
2017.01.04 13:11:20.103,1.69144,1.69176,1.00,3.00
2017.01.04 13:11:20.406,1.69146,1.69178,1.00,2.25
2017.01.04 13:11:20.709,1.69135,1.69163,2.62,1.00
2017.01.04 13:11:20.866,1.69131,1.69162,1.00,1.00
2017.01.04 13:11:21.068,1.69128,1.6916,1.00,1.00
2017.01.04 13:11:21.182,1.69124,1.69158,3.00,1.00
2017.01.04 13:11:21.233,1.69124,1.69156,1.50,1.00
2017.01.04 13:11:21.535,1.69121,1.69153,1.00,1.12
2017.01.04 13:11:21.849,1.69119,1.69151,1.50,1.00
2017.01.04 13:11:22.370,1.69121,1.69153,1.00,1.12
2017.01.04 13:11:22.572,1.69119,1.69152,1.00,1.00
2017.01.04 13:11:24.594,1.69118,1.69151,1.00,1.00
2017.01.04 13:11:25.674,1.69119,1.69151,1.00,1.50
2017.01.04 13:11:26.182,1.69118,1.6915,1.00,1.00
2017.01.04 13:11:26.605,1.69116,1.6915,1.00,1.00
2017.01.04 13:11:27.609,1.69118,1.6915,1.00,1.00
2017.01.04 13:11:27.912,1.6912,1.69151,1.00,1.00
2017.01.04 13:11:28.437,1.6912,1.69152,1.00,1.12
2017.01.04 13:11:31.221,1.69119,1.69151,2.25,1.00
2017.01.04 13:11:31.725,1.69119,1.6915,1.00,1.00
2017.01.04 13:11:31.826,1.69119,1.69152,1.00,1.00
2017.01.04 13:11:31.980,1.69119,1.69149,1.00,1.00
2017.01.04 13:11:32.182,1.69117,1.69149,1.00,1.00
2017.01.04 13:11:32.686,1.69119,1.69148,1.00,1.00
2017.01.04 13:11:32.838,1.69119,1.69151,1.00,1.00
2017.01.04 13:11:34.225,1.69117,1.6915,1.50,1.00
2017.01.04 13:11:34.527,1.69119,1.69151,1.00,1.00
2017.01.04 13:11:36.299,1.6912,1.6915,1.00,1.12
2017.01.04 13:11:36.803,1.69119,1.69151,1.00,1.37
2017.01.04 13:11:37.173,1.69119,1.69151,1.00,1.12
2017.01.04 13:11:37.411,1.69121,1.69152,1.00,1.37
2017.01.04 13:11:37.951,1.69121,1.69152,1.00,1.12
2017.01.04 13:11:38.873,1.69121,1.69152,1.00,1.37
2017.01.04 13:11:39.407,1.69121,1.69152,1.00,1.00
2017.01.04 13:11:39.729,1.69123,1.69152,1.00,1.00
2017.01.04 13:11:39.830,1.6912,1.69152,1.00,1.00
2017.01.04 13:11:40.737,1.69123,1.69152,1.00,1.00
2017.01.04 13:11:41.259,1.69122,1.69152,1.00,1.12
2017.01.04 13:11:42.017,1.6912,1.69152,1.00,1.00
2017.01.04 13:11:42.320,1.69122,1.69152,1.00,1.00
2017.01.04 13:11:43.223,1.69119,1.69152,1.00,1.00
2017.01.04 13:11:43.412,1.69121,1.69152,1.00,1.00
2017.01.04 13:11:44.329,1.6912,1.69152,1.00,1.00
2017.01.04 13:11:44.632,1.69106,1.69138,1.37,1.00
2017.01.04 13:11:44.683,1.69106,1.69139,1.00,1.00
2017.01.04 13:11:44.784,1.69106,1.69141,2.62,1.00
2017.01.04 13:11:44.835,1.6911,1.69142,1.00,1.50
2017.01.04 13:11:45.137,1.69111,1.69144,1.00,2.25
2017.01.04 13:11:45.440,1.69114,1.69144,1.00,1.50
2017.01.04 13:11:45.761,1.69112,1.69143,1.00,1.00
2017.01.04 13:11:46.308,1.69113,1.69142,1.00,1.00
2017.01.04 13:11:46.359,1.69113,1.69145,1.00,1.87
2017.01.04 13:11:46.850,1.69116,1.69144,1.00,1.00
2017.01.04 13:11:46.979,1.69113,1.69144,1.00,1.00
2017.01.04 13:11:47.579,1.69114,1.69143,1.00,1.00
2017.01.04 13:11:47.630,1.69113,1.69145,1.00,1.12
2017.01.04 13:11:48.159,1.69114,1.69144,1.00,1.00
2017.01.04 13:11:48.260,1.69111,1.69145,1.00,1.87
2017.01.04 13:11:48.569,1.69117,1.69147,1.00,3.75
2017.01.04 13:11:48.620,1.69113,1.69146,1.00,1.37
2017.01.04 13:11:48.721,1.69109,1.69148,3.00,2.25
2017.01.04 13:11:48.926,1.69112,1.69143,1.00,1.00
2017.01.04 13:11:49.550,1.69113,1.69142,1.00,1.00
2017.01.04 13:11:49.600,1.6911,1.6914,1.50,1.00
2017.01.04 13:11:49.702,1.69106,1.69139,1.12,1.12
2017.01.04 13:11:49.753,1.69105,1.69139,1.87,1.37
2017.01.04 13:11:49.854,1.69105,1.69138,1.00,1.00
2017.01.04 13:11:49.955,1.69102,1.69133,1.00,1.00
2017.01.04 13:11:50.018,1.691,1.69133,1.50,1.00
2017.01.04 13:11:50.749,1.691,1.69135,2.25,1.37
2017.01.04 13:11:52.407,1.69101,1.69135,1.00,1.37
2017.01.04 13:11:52.769,1.69099,1.69134,1.50,1.87
2017.01.04 13:11:53.273,1.69098,1.69132,1.00,1.12
2017.01.04 13:11:54.635,1.69097,1.69132,1.00,2.62
2017.01.04 13:11:55.068,1.69105,1.69132,1.00,1.50
2017.01.04 13:11:55.239,1.69107,1.6914,1.00,1.50
2017.01.04 13:11:55.290,1.6911,1.6914,1.37,1.00
2017.01.04 13:11:55.340,1.6911,1.69145,1.37,1.75
2017.01.04 13:11:55.391,1.6911,1.69146,1.50,1.50
2017.01.04 13:11:55.593,1.6911,1.69145,1.50,1.00
2017.01.04 13:11:56.190,1.69111,1.69145,1.00,1.00
2017.01.04 13:11:57.143,1.69112,1.69145,1.00,1.00
2017.01.04 13:11:57.334,1.69112,1.69149,2.25,2.62
2017.01.04 13:11:57.863,1.69113,1.69147,1.50,1.00
2017.01.04 13:11:58.014,1.69114,1.6915,1.37,1.50
2017.01.04 13:11:58.522,1.69116,1.69149,1.00,1.00
2017.01.04 13:11:59.828,1.69116,1.6915,1.00,1.50
2017.01.04 13:12:00.157,1.69118,1.6915,1.00,1.00
2017.01.04 13:12:00.308,1.69119,1.69153,1.00,1.00
2017.01.04 13:12:00.359,1.69122,1.69154,1.12,1.00
2017.01.04 13:12:00.413,1.69122,1.69157,1.50,1.00
2017.01.04 13:12:00.665,1.69124,1.69159,1.00,1.00
2017.01.04 13:12:01.420,1.69125,1.69159,1.00,1.50
2017.01.04 13:12:01.826,1.69133,1.69159,1.00,1.00
2017.01.04 13:12:01.968,1.69137,1.6917,2.62,1.37
2017.01.04 13:12:02.018,1.69141,1.69175,1.00,1.37
2017.01.04 13:12:02.069,1.69141,1.69177,1.00,2.25
2017.01.04 13:12:02.335,1.69142,1.69175,1.00,1.00
2017.01.04 13:12:02.637,1.69144,1.69177,1.00,1.12
2017.01.04 13:12:03.153,1.69145,1.69178,1.00,1.50
2017.01.04 13:12:03.254,1.69147,1.69181,1.00,1.00
2017.01.04 13:12:03.695,1.69151,1.69184,1.00,1.00
2017.01.04 13:12:03.797,1.69157,1.69191,1.00,1.00
2017.01.04 13:12:04.049,1.69159,1.69191,1.00,1.00
2017.01.04 13:12:04.619,1.69159,1.69193,1.00,2.25
2017.01.04 13:12:05.022,1.69162,1.69195,1.00,1.75
2017.01.04 13:12:05.124,1.69158,1.69192,1.50,1.12
2017.01.04 13:12:05.327,1.69161,1.69193,1.00,1.00
2017.01.04 13:12:05.428,1.69159,1.69193,1.00,1.00
2017.01.04 13:12:06.224,1.69161,1.69193,1.00,1.00
2017.01.04 13:12:06.540,1.69163,1.69194,1.00,1.00
2017.01.04 13:12:06.649,1.6916,1.69192,1.00,1.00
2017.01.04 13:12:08.626,1.6916,1.69194,1.00,1.00
2017.01.04 13:12:09.156,1.6916,1.69193,1.00,1.00
2017.01.04 13:12:09.565,1.69162,1.69195,1.00,1.00
2017.01.04 13:12:10.105,1.69161,1.69195,1.00,1.00
2017.01.04 13:12:10.477,1.69162,1.69194,1.75,1.50
2017.01.04 13:12:10.535,1.69162,1.69194,1.00,1.50
2017.01.04 13:12:11.072,1.69161,1.69195,1.00,1.50
2017.01.04 13:12:11.541,1.69163,1.69194,1.00,1.00
2017.01.04 13:12:12.126,1.69163,1.69195,1.00,1.50
2017.01.04 13:12:12.678,1.69163,1.69194,1.00,1.00
2017.01.04 13:12:13.023,1.69154,1.69185,1.00,1.00
2017.01.04 13:12:13.544,1.69151,1.69184,1.50,1.00
2017.01.04 13:12:13.897,1.6915,1.69184,1.37,1.00
2017.01.04 13:12:14.440,1.69151,1.69186,1.12,1.50
2017.01.04 13:12:14.960,1.69151,1.69185,1.00,1.00
2017.01.04 13:12:15.480,1.69152,1.69184,1.00,1.00
2017.01.04 13:12:20.357,1.69152,1.69186,1.00,1.50
2017.01.04 13:12:20.457,1.69155,1.69186,1.00,1.00
2017.01.04 13:12:21.536,1.69155,1.69187,1.50,1.00
2017.01.04 13:12:21.839,1.69165,1.69197,1.00,1.35
2017.01.04 13:12:22.141,1.69176,1.69201,1.00,1.20
2017.01.04 13:12:22.293,1.69174,1.69201,1.00,1.20
2017.01.04 13:12:22.755,1.69176,1.69201,1.00,1.20
2017.01.04 13:12:23.281,1.69176,1.69202,1.00,1.20
2017.01.04 13:12:23.792,1.69176,1.69202,1.00,1.20
2017.01.04 13:12:23.893,1.69172,1.69202,1.50,1.90
2017.01.04 13:12:24.044,1.69171,1.69201,1.00,1.20
2017.01.04 13:12:24.498,1.69174,1.69201,1.00,1.20
2017.01.04 13:12:24.548,1.6917,1.69201,1.00,1.20
2017.01.04 13:12:24.750,1.69173,1.69201,1.00,1.20
2017.01.04 13:12:24.973,1.69171,1.69201,1.00,1.20
2017.01.04 13:12:27.053,1.69174,1.69201,1.00,1.20
2017.01.04 13:12:31.888,1.69172,1.69201,1.00,1.20
2017.01.04 13:12:31.989,1.6917,1.69201,1.00,1.90
2017.01.04 13:12:32.388,1.69174,1.69202,1.00,1.20
2017.01.04 13:12:32.589,1.69172,1.69201,1.00,1.20
2017.01.04 13:12:32.690,1.69169,1.69199,1.00,1.97
2017.01.04 13:12:32.791,1.69162,1.69197,2.25,2.10
2017.01.04 13:12:33.307,1.69162,1.69195,1.00,1.00
2017.01.04 13:12:33.408,1.69164,1.69196,1.00,1.35
2017.01.04 13:12:33.662,1.69162,1.69195,1.00,1.00
2017.01.04 13:12:34.105,1.69164,1.69196,1.00,2.10
2017.01.04 13:12:35.305,1.69162,1.69196,1.00,2.10
2017.01.04 13:12:35.411,1.69167,1.69196,1.00,1.35
2017.01.04 13:12:35.717,1.69172,1.69202,1.00,1.35
2017.01.04 13:12:35.767,1.6917,1.69202,1.00,2.10
2017.01.04 13:12:36.308,1.69171,1.69202,1.00,1.95
2017.01.04 13:12:36.935,1.6917,1.69202,1.00,1.95
2017.01.04 13:12:37.589,1.6917,1.69201,1.00,1.90
2017.01.04 13:12:39.210,1.69167,1.69201,1.00,1.20
2017.01.04 13:12:39.750,1.69168,1.69201,1.00,1.20
2017.01.04 13:12:40.286,1.69167,1.69201,1.00,1.20
2017.01.04 13:12:40.387,1.69169,1.69201,1.00,1.20
2017.01.04 13:12:40.769,1.69171,1.69201,1.00,1.20
2017.01.04 13:12:40.996,1.69169,1.69201,1.00,1.20
2017.01.04 13:12:41.557,1.6917,1.69201,1.00,1.20
2017.01.04 13:12:42.706,1.6917,1.69202,1.00,1.90
2017.01.04 13:12:43.109,1.69167,1.69202,1.00,1.35
2017.01.04 13:12:43.300,1.69169,1.69202,1.00,1.35
2017.01.04 13:12:43.816,1.69166,1.69201,1.00,1.90
2017.01.04 13:12:44.582,1.69165,1.69201,1.12,1.90
2017.01.04 13:12:45.117,1.69168,1.69201,1.00,1.90
2017.01.04 13:12:45.661,1.69168,1.69201,1.37,1.90
2017.01.04 13:12:46.173,1.69166,1.69202,2.25,1.90
2017.01.04 13:12:47.693,1.69166,1.69201,1.00,1.90
2017.01.04 13:12:48.240,1.69166,1.69201,1.00,1.90
2017.01.04 13:12:48.290,1.69169,1.69201,1.00,1.90
2017.01.04 13:12:49.453,1.69169,1.69201,1.00,1.90
2017.01.04 13:12:49.954,1.69169,1.69203,1.00,1.35
2017.01.04 13:12:50.787,1.69171,1.69201,1.00,1.20
2017.01.04 13:12:51.164,1.69173,1.69202,1.00,1.90
2017.01.04 13:12:51.701,1.69172,1.69201,1.00,1.20
2017.01.04 13:12:52.228,1.69172,1.69202,1.00,1.20
2017.01.04 13:12:52.749,1.69172,1.69202,1.00,1.20
2017.01.04 13:12:52.900,1.6917,1.69202,1.00,1.20
2017.01.04 13:12:53.084,1.69168,1.69202,1.50,1.20
2017.01.04 13:12:53.588,1.69168,1.69202,1.50,1.20
2017.01.04 13:12:53.689,1.6917,1.69202,1.00,1.20
2017.01.04 13:12:54.447,1.69167,1.69202,1.75,2.10
2017.01.04 13:12:54.780,1.69162,1.69194,2.25,1.12
2017.01.04 13:12:54.831,1.69162,1.69191,1.00,1.37
2017.01.04 13:12:54.881,1.69157,1.6919,1.00,1.37
2017.01.04 13:12:54.932,1.69157,1.69188,1.00,1.37
2017.01.04 13:12:54.983,1.69153,1.69186,1.00,1.37
2017.01.04 13:12:55.135,1.6915,1.69186,2.25,1.00
2017.01.04 13:12:55.673,1.6915,1.69185,1.50,1.12
2017.01.04 13:12:55.724,1.69153,1.69185,1.00,1.12
2017.01.04 13:12:55.825,1.69153,1.69187,1.00,1.12
2017.01.04 13:12:55.875,1.69153,1.69187,1.37,1.00
2017.01.04 13:12:56.077,1.69155,1.69189,1.37,1.00
2017.01.04 13:12:56.128,1.69154,1.6919,1.00,1.87
2017.01.04 13:12:56.229,1.69152,1.69187,1.50,1.00
2017.01.04 13:12:56.537,1.6915,1.69185,1.75,1.50
2017.01.04 13:12:57.461,1.69149,1.69187,1.75,2.62
2017.01.04 13:12:57.981,1.6915,1.69185,1.75,1.00
2017.01.04 13:12:58.693,1.69149,1.69185,1.00,1.12
2017.01.04 13:12:58.844,1.69149,1.69183,1.00,1.00
2017.01.04 13:12:58.895,1.69146,1.69184,1.50,2.25
2017.01.04 13:12:59.399,1.69144,1.69182,1.37,2.25
2017.01.04 13:13:00.250,1.69145,1.69182,1.12,2.25
2017.01.04 13:13:00.785,1.69146,1.69182,1.00,1.87
2017.01.04 13:13:00.936,1.69149,1.69183,2.25,1.12
2017.01.04 13:13:01.239,1.6916,1.69196,2.62,1.35
2017.01.04 13:13:01.782,1.6916,1.69197,1.12,2.85
2017.01.04 13:13:01.833,1.6916,1.69197,1.50,2.85
2017.01.04 13:13:02.613,1.6916,1.69197,1.00,3.22
2017.01.04 13:13:02.915,1.69163,1.69197,1.00,1.60
2017.01.04 13:13:03.429,1.69162,1.692,1.50,1.97
2017.01.04 13:13:04.820,1.69163,1.692,1.00,2.47
2017.01.04 13:13:05.359,1.69162,1.692,1.00,2.47
2017.01.04 13:13:05.869,1.69163,1.69199,1.00,2.47
2017.01.04 13:13:05.970,1.69161,1.69198,1.00,1.60
2017.01.04 13:13:06.472,1.69163,1.69197,1.00,1.60
2017.01.04 13:13:08.121,1.69161,1.69198,2.25,1.60
2017.01.04 13:13:08.601,1.69163,1.69198,1.00,1.72
2017.01.04 13:13:09.432,1.69162,1.69199,1.00,2.47
2017.01.04 13:13:10.165,1.69161,1.69198,1.50,2.47
2017.01.04 13:13:10.696,1.69161,1.69198,1.87,2.47
2017.01.04 13:13:11.237,1.69161,1.69197,1.50,1.30
2017.01.04 13:13:11.803,1.69162,1.69197,1.00,1.30
2017.01.04 13:13:12.498,1.69163,1.69197,1.00,1.30
2017.01.04 13:13:13.048,1.69162,1.69197,1.00,1.30
2017.01.04 13:13:13.520,1.6916,1.69197,3.00,1.72
2017.01.04 13:13:14.250,1.69161,1.69196,1.00,1.00
2017.01.04 13:13:14.926,1.69161,1.69198,1.87,1.72
2017.01.04 13:13:14.977,1.69163,1.69199,1.00,1.72
2017.01.04 13:13:15.280,1.69165,1.69199,1.50,1.60
2017.01.04 13:13:15.590,1.69168,1.69202,1.00,2.47
2017.01.04 13:13:16.127,1.69167,1.692,1.00,1.97
2017.01.04 13:13:16.228,1.69172,1.69203,1.00,1.00
2017.01.04 13:13:16.329,1.69177,1.69209,1.00,1.12
2017.01.04 13:13:16.438,1.69181,1.69211,1.00,1.00
2017.01.04 13:13:16.539,1.69182,1.69214,1.00,1.00
2017.01.04 13:13:16.690,1.69183,1.69213,1.00,1.87
2017.01.04 13:13:17.217,1.69183,1.69213,1.00,1.37
2017.01.04 13:13:17.801,1.69183,1.69213,1.00,1.12
2017.01.04 13:13:17.852,1.69178,1.69213,1.50,1.12
2017.01.04 13:13:18.712,1.69178,1.69215,1.00,1.87
2017.01.04 13:13:19.238,1.69178,1.69214,1.00,1.50
2017.01.04 13:13:19.742,1.69178,1.69216,1.50,1.75
2017.01.04 13:13:20.011,1.69179,1.69217,1.50,1.12
2017.01.04 13:13:20.521,1.69178,1.69216,2.62,1.75
2017.01.04 13:13:20.887,1.6918,1.69215,1.00,1.37
2017.01.04 13:13:21.190,1.69182,1.69217,1.00,1.87
2017.01.04 13:13:21.392,1.69182,1.69215,1.00,1.00
2017.01.04 13:13:21.982,1.69182,1.69216,1.00,1.12
2017.01.04 13:13:22.490,1.69182,1.69218,1.00,1.87
2017.01.04 13:13:22.886,1.69182,1.69218,1.00,1.00
2017.01.04 13:13:23.575,1.69183,1.69218,1.00,1.50
2017.01.04 13:13:23.676,1.69182,1.69219,1.87,1.50
2017.01.04 13:13:24.191,1.69182,1.69219,1.00,1.75
2017.01.04 13:13:24.786,1.69182,1.6922,1.12,1.75
2017.01.04 13:13:24.988,1.69183,1.69221,2.25,2.25
2017.01.04 13:13:25.190,1.69183,1.69221,1.12,1.87
2017.01.04 13:13:25.745,1.69185,1.69222,1.00,3.00
2017.01.04 13:13:25.796,1.69185,1.69221,1.00,1.00
2017.01.04 13:13:25.846,1.69186,1.69221,1.37,1.00
2017.01.04 13:13:26.048,1.69188,1.69223,1.00,1.50
2017.01.04 13:13:26.149,1.69188,1.69223,1.00,1.50
2017.01.04 13:13:26.992,1.69188,1.69222,1.00,1.50
2017.01.04 13:13:27.722,1.69188,1.69221,1.00,1.00
2017.01.04 13:13:27.773,1.69188,1.69223,1.00,1.00
2017.01.04 13:13:28.338,1.69188,1.69225,1.50,1.87
2017.01.04 13:13:28.843,1.69188,1.69223,1.50,1.00
2017.01.04 13:13:30.045,1.69188,1.69222,1.50,1.50
2017.01.04 13:13:30.996,1.69188,1.6922,1.00,1.87
2017.01.04 13:13:31.147,1.69184,1.69218,1.12,1.37
2017.01.04 13:13:31.198,1.69184,1.69217,1.12,1.37
2017.01.04 13:13:31.248,1.6918,1.69215,1.75,1.00
2017.01.04 13:13:31.748,1.69183,1.69218,1.00,1.50
2017.01.04 13:13:31.900,1.69183,1.69214,1.00,1.12
2017.01.04 13:13:32.202,1.69161,1.69195,1.87,1.50
2017.01.04 13:13:32.354,1.69164,1.69197,1.12,1.00
2017.01.04 13:13:32.455,1.69165,1.69199,1.00,1.00
2017.01.04 13:13:32.607,1.69167,1.69201,1.00,1.37
2017.01.04 13:13:33.119,1.69166,1.69199,1.50,1.00
2017.01.04 13:13:33.661,1.69166,1.69202,1.00,2.25
2017.01.04 13:13:34.470,1.69166,1.69201,1.00,1.75
2017.01.04 13:13:34.672,1.69166,1.69201,1.00,1.50
2017.01.04 13:13:35.232,1.69166,1.692,1.00,1.00
2017.01.04 13:13:35.487,1.69166,1.69201,1.00,1.87
2017.01.04 13:13:35.942,1.69166,1.69201,1.00,2.25
2017.01.04 13:13:36.445,1.69167,1.69201,1.00,1.00
2017.01.04 13:13:39.842,1.69166,1.69203,1.87,1.75
2017.01.04 13:13:40.642,1.69164,1.69189,1.50,1.00
2017.01.04 13:13:40.793,1.69159,1.69188,1.00,1.37
2017.01.04 13:13:40.844,1.69156,1.69188,1.00,1.37
2017.01.04 13:13:40.995,1.69155,1.69189,1.50,1.12
2017.01.04 13:13:41.147,1.69155,1.69187,1.50,1.00
2017.01.04 13:13:42.220,1.69155,1.69188,1.50,1.00
2017.01.04 13:13:42.522,1.69158,1.6919,1.00,1.00
2017.01.04 13:13:43.018,1.69158,1.69188,1.00,1.00
2017.01.04 13:13:43.272,1.69156,1.69188,1.00,1.12
2017.01.04 13:13:43.847,1.69158,1.69188,1.00,1.00
2017.01.04 13:13:43.948,1.69155,1.69188,1.50,1.00
2017.01.04 13:13:44.156,1.69155,1.69186,1.00,1.00
2017.01.04 13:13:44.666,1.69155,1.69187,1.00,1.00
2017.01.04 13:13:45.171,1.69155,1.69188,1.00,1.12
2017.01.04 13:13:45.746,1.69155,1.69187,1.00,1.00
2017.01.04 13:13:46.518,1.69155,1.69188,1.00,1.50
2017.01.04 13:13:46.820,1.69164,1.69196,1.00,1.87
2017.01.04 13:13:46.871,1.69165,1.69196,1.00,1.00
2017.01.04 13:13:47.378,1.69167,1.69196,1.00,1.00
2017.01.04 13:13:47.429,1.69167,1.692,1.00,1.00
2017.01.04 13:13:47.479,1.69169,1.692,1.00,1.00
2017.01.04 13:13:47.580,1.69167,1.69199,1.00,1.50
2017.01.04 13:13:47.681,1.69167,1.69196,1.00,1.00
2017.01.04 13:13:47.953,1.69165,1.69197,1.00,1.00
2017.01.04 13:13:48.155,1.69167,1.69197,1.00,1.00
2017.01.04 13:13:48.487,1.69165,1.69197,2.25,1.00
2017.01.04 13:13:49.129,1.69165,1.69197,3.37,1.00
2017.01.04 13:13:49.274,1.69169,1.69201,1.00,1.00
2017.01.04 13:13:49.778,1.69167,1.69201,1.50,1.87
2017.01.04 13:13:50.058,1.69168,1.69198,1.12,1.00
2017.01.04 13:13:50.563,1.69169,1.692,1.00,1.00
2017.01.04 13:13:51.113,1.6917,1.69199,1.00,1.00
2017.01.04 13:13:51.699,1.6917,1.692,1.50,1.00
2017.01.04 13:13:52.326,1.6917,1.69201,1.50,1.00
2017.01.04 13:13:54.063,1.6917,1.69202,1.50,1.00
2017.01.04 13:13:54.628,1.6917,1.69201,1.50,1.00
2017.01.04 13:13:55.764,1.6917,1.69202,1.87,3.00
2017.01.04 13:13:57.005,1.6917,1.69202,1.50,1.12
2017.01.04 13:13:57.055,1.6917,1.69202,1.50,2.25
2017.01.04 13:13:57.358,1.6917,1.69201,1.00,1.50
2017.01.04 13:13:57.510,1.69166,1.69199,1.00,1.75
2017.01.04 13:13:57.611,1.69168,1.692,1.00,1.75
2017.01.04 13:13:57.973,1.69166,1.69197,1.00,1.00
2017.01.04 13:14:01.182,1.69166,1.69198,1.50,1.00
2017.01.04 13:14:01.802,1.69166,1.69197,1.00,2.25
2017.01.04 13:14:02.004,1.69168,1.69198,1.12,1.00
2017.01.04 13:14:02.343,1.69162,1.69192,1.50,1.00
2017.01.04 13:14:02.394,1.69162,1.69194,1.12,1.00
2017.01.04 13:14:02.748,1.6916,1.69193,1.12,1.00
2017.01.04 13:14:02.899,1.6916,1.6919,1.00,1.00
2017.01.04 13:14:03.202,1.6916,1.69188,1.00,1.00
2017.01.04 13:14:03.821,1.69161,1.69187,1.00,1.00
2017.01.04 13:14:04.023,1.69161,1.69189,1.00,1.00
2017.01.04 13:14:04.073,1.69157,1.69189,1.00,1.87
2017.01.04 13:14:04.174,1.69155,1.69189,1.00,2.25
2017.01.04 13:14:04.225,1.69156,1.69181,1.00,1.00
2017.01.04 13:14:04.276,1.69159,1.69186,1.00,1.12
2017.01.04 13:14:04.427,1.6916,1.69191,1.00,1.00
2017.01.04 13:14:04.478,1.6916,1.69194,1.50,1.50
2017.01.04 13:14:05.017,1.69161,1.69193,1.00,1.00
2017.01.04 13:14:05.720,1.6916,1.69193,1.50,1.00
2017.01.04 13:14:06.427,1.69161,1.69193,1.00,1.00
2017.01.04 13:14:06.588,1.6916,1.69193,2.62,1.00
2017.01.04 13:14:07.092,1.69163,1.69193,1.00,1.00
2017.01.04 13:14:08.375,1.69161,1.69193,1.00,1.00
2017.01.04 13:14:09.623,1.69161,1.69191,1.00,1.00
2017.01.04 13:14:09.926,1.69157,1.69188,1.00,1.00
2017.01.04 13:14:10.034,1.69157,1.69191,1.50,1.37
2017.01.04 13:14:10.205,1.69159,1.69191,1.00,1.00
2017.01.04 13:14:11.574,1.6916,1.69191,1.00,1.00
2017.01.04 13:14:11.877,1.69164,1.69195,1.12,1.00
2017.01.04 13:14:12.021,1.69166,1.69198,1.00,1.12
2017.01.04 13:14:12.559,1.69167,1.692,1.12,1.87
2017.01.04 13:14:13.165,1.69168,1.69201,1.00,1.75
2017.01.04 13:14:13.631,1.6917,1.69201,1.00,1.87
2017.01.04 13:14:13.681,1.69171,1.69201,1.00,1.50
2017.01.04 13:14:13.732,1.69173,1.69201,1.00,1.50
2017.01.04 13:14:13.833,1.69174,1.69206,1.00,1.50
2017.01.04 13:14:13.934,1.69174,1.69203,1.00,1.00
2017.01.04 13:14:14.122,1.69173,1.69205,1.00,1.00
2017.01.04 13:14:14.626,1.69172,1.69204,1.00,1.00
2017.01.04 13:14:14.808,1.69172,1.69206,1.12,1.12
2017.01.04 13:14:15.010,1.69171,1.69204,1.50,1.00
2017.01.04 13:14:16.205,1.69171,1.69201,1.12,1.00
2017.01.04 13:14:17.601,1.69171,1.69203,1.87,1.00
2017.01.04 13:14:19.169,1.69171,1.69203,1.50,1.00
2017.01.04 13:14:19.805,1.69171,1.69203,1.87,1.00
2017.01.04 13:14:20.628,1.69171,1.69203,1.87,1.00
2017.01.04 13:14:21.141,1.69171,1.69205,1.50,1.12
2017.01.04 13:14:21.946,1.69171,1.692,1.12,1.00
2017.01.04 13:14:22.147,1.69163,1.69197,1.50,1.00
2017.01.04 13:14:23.020,1.69163,1.69195,1.37,1.00
2017.01.04 13:14:23.431,1.69165,1.69198,2.25,1.00
2017.01.04 13:14:23.683,1.69166,1.69198,1.75,1.00
2017.01.04 13:14:23.734,1.69166,1.692,1.75,1.00
2017.01.04 13:14:24.280,1.69168,1.69201,1.00,1.50
2017.01.04 13:14:24.824,1.69167,1.69201,1.50,1.00
2017.01.04 13:14:25.026,1.69167,1.69198,1.12,1.00
2017.01.04 13:14:25.328,1.69172,1.69203,1.50,1.12
2017.01.04 13:14:25.631,1.69182,1.69213,1.12,1.37
2017.01.04 13:14:25.696,1.69183,1.69213,1.00,1.00
2017.01.04 13:14:25.747,1.69183,1.69217,1.00,2.25
2017.01.04 13:14:26.260,1.69183,1.69216,1.00,1.00
2017.01.04 13:14:27.321,1.69184,1.69218,1.00,1.00
2017.01.04 13:14:27.822,1.69183,1.69217,1.00,1.00
2017.01.04 13:14:30.115,1.69182,1.69211,1.50,1.00
2017.01.04 13:14:30.166,1.69178,1.69209,1.37,1.12
2017.01.04 13:14:30.217,1.69176,1.6921,1.75,2.62
2017.01.04 13:14:30.267,1.69174,1.69206,1.00,1.00
2017.01.04 13:14:30.318,1.69171,1.69206,1.87,1.00
2017.01.04 13:14:30.368,1.69171,1.69203,1.87,1.00
2017.01.04 13:14:30.923,1.6917,1.69203,2.25,1.00
2017.01.04 13:14:31.057,1.6917,1.69205,2.25,1.00
2017.01.04 13:14:31.652,1.6917,1.69204,1.87,1.00
2017.01.04 13:14:32.747,1.69171,1.69204,1.00,1.00
2017.01.04 13:14:33.712,1.6917,1.69204,1.12,1.00
2017.01.04 13:14:33.762,1.69173,1.69203,1.37,1.00
2017.01.04 13:14:33.964,1.69174,1.69206,1.00,1.00
2017.01.04 13:14:34.470,1.69174,1.69207,1.00,1.50
2017.01.04 13:14:34.778,1.69171,1.69207,1.50,1.87
2017.01.04 13:14:35.765,1.69171,1.69206,1.50,1.00
2017.01.04 13:14:35.916,1.69173,1.69207,1.00,1.37
2017.01.04 13:14:36.424,1.69174,1.69207,1.00,1.00
2017.01.04 13:14:36.960,1.69174,1.69206,1.00,1.00
2017.01.04 13:14:37.342,1.69175,1.69209,1.00,1.50
2017.01.04 13:14:37.526,1.69175,1.69209,2.62,1.00
2017.01.04 13:14:37.577,1.69175,1.69212,1.50,3.00
2017.01.04 13:14:37.767,1.69177,1.69212,1.12,3.00
2017.01.04 13:14:38.753,1.69174,1.69211,3.00,2.25
2017.01.04 13:14:39.301,1.69174,1.69211,3.00,2.25
2017.01.04 13:14:39.849,1.69182,1.69212,1.00,1.50
2017.01.04 13:14:40.014,1.69182,1.69214,1.87,1.00
2017.01.04 13:14:40.065,1.69182,1.69216,1.87,1.50
2017.01.04 13:14:40.318,1.69182,1.69216,1.87,1.00
2017.01.04 13:14:40.621,1.69184,1.69216,1.75,1.00
2017.01.04 13:14:40.823,1.69184,1.6922,1.75,1.87
2017.01.04 13:14:41.723,1.69184,1.6922,2.25,1.87
2017.01.04 13:14:42.445,1.69184,1.6922,1.87,1.87
2017.01.04 13:14:42.880,1.6919,1.6922,1.00,1.12
2017.01.04 13:14:43.032,1.69194,1.69226,1.00,1.12
2017.01.04 13:14:43.334,1.69195,1.69229,1.00,1.00
2017.01.04 13:14:43.384,1.69194,1.69227,1.00,1.12
2017.01.04 13:14:43.925,1.69192,1.69226,1.50,1.00
2017.01.04 13:14:46.413,1.69194,1.69227,1.00,1.00
2017.01.04 13:14:46.514,1.69196,1.6923,1.00,1.00
2017.01.04 13:14:48.063,1.69195,1.6923,1.00,1.12
2017.01.04 13:14:48.264,1.69193,1.69229,1.50,1.00
2017.01.04 13:14:50.568,1.69191,1.69226,1.00,1.00
2017.01.04 13:14:50.872,1.69185,1.69221,1.50,1.50
2017.01.04 13:14:51.627,1.69185,1.69221,1.50,1.12
2017.01.04 13:14:52.116,1.69185,1.69221,1.50,1.75
2017.01.04 13:14:52.719,1.69184,1.69221,2.25,1.87
2017.01.04 13:14:53.259,1.69184,1.69219,2.25,1.50
2017.01.04 13:14:55.160,1.69184,1.69218,1.75,1.00
2017.01.04 13:14:55.211,1.69184,1.69219,1.00,1.75
2017.01.04 13:14:55.262,1.69182,1.69216,1.50,1.00
2017.01.04 13:14:55.778,1.69182,1.69217,1.00,1.50
2017.01.04 13:14:55.914,1.69183,1.69218,1.37,1.37
2017.01.04 13:14:55.965,1.69183,1.69218,1.50,1.87
2017.01.04 13:14:56.468,1.69185,1.69218,1.00,1.00
2017.01.04 13:14:56.569,1.69183,1.69217,1.50,1.00
2017.01.04 13:14:57.363,1.69182,1.69217,1.00,1.50
2017.01.04 13:14:57.873,1.69183,1.69218,1.50,1.50
2017.01.04 13:14:58.379,1.69184,1.69218,1.00,1.50
2017.01.04 13:14:58.942,1.69183,1.69218,1.50,1.50
2017.01.04 13:14:59.602,1.69184,1.69218,1.00,1.50
2017.01.04 13:15:00.132,1.69184,1.69217,1.00,1.00
2017.01.04 13:15:00.232,1.69182,1.69217,1.00,1.00
2017.01.04 13:15:00.601,1.69182,1.69218,1.37,1.50
2017.01.04 13:15:00.702,1.69182,1.69217,1.50,1.00
2017.01.04 13:15:00.770,1.69184,1.69217,1.00,1.00
2017.01.04 13:15:01.300,1.69184,1.69218,1.00,1.50
2017.01.04 13:15:01.602,1.69188,1.6922,1.00,1.00
2017.01.04 13:15:01.989,1.69188,1.69221,1.37,1.50
2017.01.04 13:15:02.520,1.69187,1.69221,2.62,1.00
2017.01.04 13:15:03.109,1.6919,1.69221,1.50,1.00
2017.01.04 13:15:03.160,1.6919,1.69225,2.62,1.00
2017.01.04 13:15:03.809,1.6919,1.69224,2.62,1.00
2017.01.04 13:15:03.859,1.69197,1.69229,1.12,1.37
2017.01.04 13:15:03.910,1.69199,1.69234,1.50,1.12
2017.01.04 13:15:03.960,1.69198,1.69229,1.37,1.00
2017.01.04 13:15:04.011,1.69197,1.69228,1.00,1.00
2017.01.04 13:15:04.062,1.69197,1.6923,1.00,1.00
2017.01.04 13:15:04.163,1.69195,1.6923,1.00,1.00
2017.01.04 13:15:04.434,1.69202,1.69231,1.00,1.00
2017.01.04 13:15:04.485,1.69203,1.69239,1.00,1.37
2017.01.04 13:15:04.536,1.69203,1.6924,1.00,1.50
2017.01.04 13:15:04.787,1.69205,1.6924,1.00,1.87
2017.01.04 13:15:05.097,1.69208,1.69241,1.37,1.00
2017.01.04 13:15:05.148,1.69208,1.69244,1.12,1.00
2017.01.04 13:15:05.399,1.6921,1.69243,1.00,1.00
2017.01.04 13:15:06.203,1.69211,1.69243,1.00,1.00
2017.01.04 13:15:06.740,1.69211,1.69244,1.00,1.12
2017.01.04 13:15:07.378,1.69214,1.69243,1.00,1.00
2017.01.04 13:15:07.810,1.69211,1.69243,1.50,1.00
2017.01.04 13:15:08.213,1.69214,1.69243,1.00,1.00
2017.01.04 13:15:08.415,1.69214,1.69245,1.00,1.00
2017.01.04 13:15:08.516,1.69218,1.69247,1.00,1.00
2017.01.04 13:15:08.617,1.69215,1.69247,1.00,1.12
2017.01.04 13:15:08.667,1.69215,1.69244,1.00,1.00
2017.01.04 13:15:08.718,1.69211,1.69244,1.00,1.12
2017.01.04 13:15:09.301,1.69211,1.69243,1.00,1.00
2017.01.04 13:15:10.070,1.69211,1.69242,1.00,1.00
2017.01.04 13:15:10.171,1.69209,1.69242,1.00,1.00
2017.01.04 13:15:11.109,1.69207,1.69243,1.00,1.12
2017.01.04 13:15:11.272,1.69207,1.6924,1.00,1.00
2017.01.04 13:15:11.323,1.69204,1.69241,1.00,1.12
2017.01.04 13:15:11.730,1.69206,1.69241,1.00,1.00
2017.01.04 13:15:12.102,1.69204,1.69241,1.50,1.12
2017.01.04 13:15:12.405,1.69206,1.69241,1.00,1.12
2017.01.04 13:15:13.061,1.69206,1.6924,1.00,1.00
2017.01.04 13:15:14.636,1.69206,1.69242,1.12,1.12
2017.01.04 13:15:14.737,1.69208,1.69243,1.00,1.50
2017.01.04 13:15:15.512,1.69206,1.69243,1.87,1.50
2017.01.04 13:15:15.793,1.69209,1.69243,1.00,1.50
2017.01.04 13:15:17.314,1.69209,1.69243,1.00,1.50
2017.01.04 13:15:17.930,1.6921,1.69245,1.00,1.87
2017.01.04 13:15:18.916,1.69211,1.69245,1.00,1.00
2017.01.04 13:15:19.444,1.69211,1.69244,1.00,1.00
2017.01.04 13:15:19.961,1.69211,1.69245,1.00,1.00
2017.01.04 13:15:20.501,1.69212,1.69244,1.00,1.00
2017.01.04 13:15:20.702,1.69209,1.69244,1.00,1.37
2017.01.04 13:15:20.803,1.69211,1.69242,1.00,1.00
2017.01.04 13:15:20.854,1.69211,1.69244,1.00,1.00
2017.01.04 13:15:21.357,1.6921,1.69245,1.00,1.12
2017.01.04 13:15:21.898,1.6921,1.69245,1.00,1.50
2017.01.04 13:15:23.112,1.69213,1.69247,1.00,1.37
2017.01.04 13:15:23.163,1.69212,1.69247,1.37,1.00
2017.01.04 13:15:23.264,1.69215,1.69249,1.00,1.00
2017.01.04 13:15:23.767,1.69213,1.69249,3.00,1.00
2017.01.04 13:15:24.286,1.69213,1.69248,2.62,1.00
2017.01.04 13:15:24.837,1.69212,1.69249,3.37,1.00
2017.01.04 13:15:25.047,1.69211,1.69248,1.87,1.37
2017.01.04 13:15:25.579,1.6921,1.69247,1.87,1.12
2017.01.04 13:15:26.365,1.6921,1.69246,1.87,1.00
2017.01.04 13:15:27.149,1.69211,1.69248,1.00,1.50
2017.01.04 13:15:27.619,1.69211,1.69248,1.00,1.50
2017.01.04 13:15:28.657,1.6921,1.69247,1.50,1.50
2017.01.04 13:15:28.707,1.6921,1.69243,1.00,1.00
2017.01.04 13:15:29.048,1.69207,1.69239,1.00,1.00
2017.01.04 13:15:30.146,1.69205,1.69238,1.50,1.00
2017.01.04 13:15:30.760,1.69205,1.69237,1.00,1.00
2017.01.04 13:15:31.635,1.69204,1.69237,2.25,1.00
2017.01.04 13:15:32.407,1.69204,1.69238,2.25,1.00
2017.01.04 13:15:33.125,1.69205,1.69237,1.00,1.00
2017.01.04 13:15:33.428,1.69202,1.69237,1.50,1.00
2017.01.04 13:15:34.017,1.69202,1.69238,1.50,1.50
2017.01.04 13:15:34.567,1.69202,1.69237,1.50,1.00
2017.01.04 13:15:35.480,1.69203,1.69238,1.12,1.00
2017.01.04 13:15:35.994,1.69202,1.69237,1.50,1.50
2017.01.04 13:15:36.525,1.69204,1.69237,1.00,1.00
2017.01.04 13:15:37.068,1.69202,1.69237,2.25,1.50
2017.01.04 13:15:37.725,1.69204,1.69237,1.00,1.00
2017.01.04 13:15:38.234,1.69204,1.69238,1.00,1.00
2017.01.04 13:15:38.738,1.69203,1.69237,1.12,1.00
2017.01.04 13:15:39.881,1.69204,1.69238,1.00,1.00
2017.01.04 13:15:40.148,1.69209,1.69239,1.50,1.00
2017.01.04 13:15:40.451,1.69214,1.69239,1.00,1.00
2017.01.04 13:15:40.517,1.69212,1.69239,1.50,1.00
2017.01.04 13:15:41.133,1.69213,1.69239,1.00,1.00
2017.01.04 13:15:41.654,1.69212,1.69239,1.50,1.00
2017.01.04 13:15:41.980,1.69224,1.69239,1.00,1.00
2017.01.04 13:15:42.121,1.69222,1.69239,1.00,1.00
2017.01.04 13:15:42.273,1.69217,1.69239,1.37,1.00
2017.01.04 13:15:42.324,1.69217,1.69239,1.00,1.00
2017.01.04 13:15:42.626,1.69206,1.69239,2.25,1.87
2017.01.04 13:15:42.727,1.69202,1.69227,1.75,1.00
2017.01.04 13:15:42.828,1.69201,1.6923,1.00,1.12
2017.01.04 13:15:42.979,1.69204,1.6923,1.00,1.00
2017.01.04 13:15:43.131,1.69199,1.69229,1.00,1.00
2017.01.04 13:15:43.651,1.69199,1.69228,1.50,1.00
2017.01.04 13:15:44.185,1.69198,1.69229,1.12,1.00
2017.01.04 13:15:44.691,1.69199,1.6923,1.00,1.50
2017.01.04 13:15:44.961,1.692,1.69228,1.00,1.00
2017.01.04 13:15:45.163,1.69198,1.69229,1.12,1.50
2017.01.04 13:15:45.684,1.69197,1.69228,2.25,1.00
2017.01.04 13:15:46.205,1.69197,1.69229,3.00,1.00
2017.01.04 13:15:47.206,1.69197,1.69229,3.00,1.37
2017.01.04 13:15:47.257,1.69197,1.69225,1.50,1.12
2017.01.04 13:15:47.408,1.69188,1.69221,1.37,1.50
2017.01.04 13:15:47.459,1.69187,1.6922,1.00,1.00
2017.01.04 13:15:47.594,1.69187,1.69218,1.00,1.00
2017.01.04 13:15:47.896,1.69187,1.69215,1.50,1.00
2017.01.04 13:15:48.627,1.69188,1.69215,1.00,1.00
2017.01.04 13:15:49.500,1.69187,1.69215,1.50,1.00
2017.01.04 13:15:50.950,1.69187,1.69218,1.00,1.50
2017.01.04 13:15:51.631,1.69186,1.69217,2.25,1.00
2017.01.04 13:15:52.218,1.69186,1.69217,1.50,1.00
2017.01.04 13:15:52.420,1.69189,1.69217,1.00,1.00
2017.01.04 13:15:52.948,1.69188,1.69218,1.00,1.50
2017.01.04 13:15:53.603,1.69188,1.69218,1.75,1.00
2017.01.04 13:15:53.984,1.69189,1.69221,2.25,1.00
2017.01.04 13:15:54.961,1.69189,1.6922,1.75,1.00
2017.01.04 13:15:55.025,1.69189,1.69217,1.75,1.00
2017.01.04 13:15:55.126,1.69189,1.69217,1.00,1.00
2017.01.04 13:15:55.662,1.69188,1.69217,1.50,1.00
2017.01.04 13:15:57.002,1.69189,1.69217,1.00,1.00
2017.01.04 13:15:57.053,1.69191,1.69217,1.00,1.00
2017.01.04 13:15:57.154,1.69194,1.69222,1.00,1.00
2017.01.04 13:15:57.255,1.69194,1.69226,1.00,1.50
2017.01.04 13:15:57.370,1.69196,1.69226,1.00,1.00
2017.01.04 13:15:57.673,1.69193,1.69226,1.12,1.00
2017.01.04 13:15:58.464,1.69193,1.69226,1.50,2.25
2017.01.04 13:15:58.718,1.69193,1.69226,2.62,1.50
2017.01.04 13:15:59.239,1.69194,1.69226,1.50,1.00
2017.01.04 13:15:59.743,1.69194,1.69224,1.50,1.00
2017.01.04 13:16:00.283,1.69193,1.69224,2.25,1.00
2017.01.04 13:16:00.444,1.69193,1.69226,2.25,1.00
2017.01.04 13:16:00.646,1.69192,1.69224,3.00,1.00
2017.01.04 13:16:01.158,1.69193,1.69224,1.50,1.00
2017.01.04 13:16:01.461,1.69198,1.69225,1.00,1.00
2017.01.04 13:16:01.815,1.69191,1.69224,1.75,1.50
2017.01.04 13:16:01.866,1.6919,1.69222,1.75,1.00
2017.01.04 13:16:02.053,1.69188,1.69219,2.25,1.50
2017.01.04 13:16:02.315,1.69187,1.69215,2.25,1.00
2017.01.04 13:16:02.841,1.69187,1.69216,2.25,1.00
2017.01.04 13:16:02.942,1.69187,1.69218,3.00,2.25
2017.01.04 13:16:03.482,1.69188,1.69216,1.50,1.00
2017.01.04 13:16:03.583,1.69188,1.69218,4.50,1.00
2017.01.04 13:16:03.684,1.69195,1.69218,1.00,1.00
2017.01.04 13:16:03.835,1.69188,1.69218,2.25,1.00
2017.01.04 13:16:04.559,1.69188,1.69216,3.00,1.00
2017.01.04 13:16:05.063,1.69188,1.69218,3.00,1.00
2017.01.04 13:16:05.366,1.69188,1.69216,2.25,1.00
2017.01.04 13:16:05.607,1.69187,1.69218,3.00,1.50
2017.01.04 13:16:05.759,1.69188,1.69216,1.50,1.00
2017.01.04 13:16:05.860,1.69188,1.69218,1.50,1.50
2017.01.04 13:16:06.213,1.69188,1.69216,1.50,1.00
2017.01.04 13:16:06.902,1.69188,1.69217,1.50,1.00
2017.01.04 13:16:07.536,1.69188,1.69218,1.50,1.00
2017.01.04 13:16:08.195,1.69188,1.69217,2.25,1.00
2017.01.04 13:16:11.197,1.69189,1.69218,1.00,1.00
2017.01.04 13:16:11.502,1.69189,1.6922,1.00,1.50
2017.01.04 13:16:11.654,1.69189,1.69218,1.00,1.00
2017.01.04 13:16:11.905,1.69189,1.6922,1.37,1.50
2017.01.04 13:16:12.006,1.69189,1.69217,1.12,1.00
2017.01.04 13:16:12.107,1.69189,1.6922,1.12,1.00
2017.01.04 13:16:12.665,1.69188,1.69221,1.50,1.00
2017.01.04 13:16:12.817,1.69187,1.69217,1.75,1.00
2017.01.04 13:16:12.918,1.69187,1.69219,1.75,1.00
2017.01.04 13:16:13.170,1.69187,1.69219,1.12,1.00
2017.01.04 13:16:13.352,1.69187,1.69217,1.00,1.00
2017.01.04 13:16:13.655,1.69185,1.69215,1.87,1.50
2017.01.04 13:16:14.161,1.69188,1.69216,1.75,1.00
2017.01.04 13:16:14.389,1.69188,1.69217,1.00,1.00
2017.01.04 13:16:14.921,1.69187,1.69218,1.00,1.50
2017.01.04 13:16:16.176,1.69187,1.69217,1.50,1.00
2017.01.04 13:16:16.720,1.69185,1.69216,1.00,1.00
2017.01.04 13:16:17.323,1.69184,1.69216,1.87,1.00
2017.01.04 13:16:17.838,1.69184,1.69215,1.12,1.00
2017.01.04 13:16:18.372,1.69185,1.69217,1.00,1.00
2017.01.04 13:16:20.720,1.69187,1.69217,1.00,1.00
2017.01.04 13:16:20.961,1.69185,1.69217,1.50,1.00
2017.01.04 13:16:22.416,1.69186,1.69217,1.00,1.00
2017.01.04 13:16:22.915,1.69185,1.69213,1.12,1.87
2017.01.04 13:16:23.228,1.69176,1.69203,1.00,3.37
2017.01.04 13:16:23.279,1.69172,1.69201,1.00,1.00
2017.01.04 13:16:23.582,1.69171,1.69202,1.87,1.50
2017.01.04 13:16:23.633,1.69172,1.69202,1.00,1.50
2017.01.04 13:16:23.734,1.69173,1.69206,1.00,1.12
2017.01.04 13:16:23.986,1.69173,1.69204,1.00,1.00
2017.01.04 13:16:24.087,1.69171,1.69204,1.00,1.00
2017.01.04 13:16:25.189,1.69171,1.69203,1.00,1.00
2017.01.04 13:16:25.760,1.69171,1.69204,1.00,1.00
2017.01.04 13:16:25.866,1.69171,1.69202,1.00,1.00
2017.01.04 13:16:26.393,1.69172,1.69202,1.00,1.12
2017.01.04 13:16:26.495,1.69169,1.69202,1.87,2.62
2017.01.04 13:16:27.014,1.69169,1.69201,1.50,1.00
2017.01.04 13:16:27.679,1.69169,1.69202,1.50,2.62
2017.01.04 13:16:28.233,1.69169,1.69201,1.00,1.00
2017.01.04 13:16:28.754,1.6917,1.69199,1.00,1.00
2017.01.04 13:16:28.917,1.6917,1.69202,1.00,2.62
2017.01.04 13:16:29.467,1.69171,1.69202,1.00,1.87
2017.01.04 13:16:29.908,1.69171,1.692,1.00,1.00
2017.01.04 13:16:30.468,1.69171,1.69201,1.00,1.00
2017.01.04 13:16:31.181,1.69171,1.692,1.50,1.00
2017.01.04 13:16:31.622,1.69169,1.69201,2.25,1.00
2017.01.04 13:16:31.723,1.69172,1.69202,1.00,1.00
2017.01.04 13:16:32.277,1.69172,1.69201,1.00,1.00
2017.01.04 13:16:32.812,1.69172,1.69202,1.00,1.00
2017.01.04 13:16:34.607,1.69173,1.69201,1.00,1.00
2017.01.04 13:16:34.708,1.69178,1.69208,1.12,2.62
2017.01.04 13:16:34.809,1.69182,1.69208,1.00,1.00
2017.01.04 13:16:34.911,1.69176,1.69208,1.00,2.25
2017.01.04 13:16:35.021,1.69174,1.69206,1.50,1.00
2017.01.04 13:16:35.473,1.69175,1.69203,1.50,1.00
2017.01.04 13:16:35.694,1.69176,1.69205,1.00,1.00
2017.01.04 13:16:35.997,1.69176,1.69203,1.00,1.00
2017.01.04 13:16:36.593,1.69176,1.69205,1.00,1.00
2017.01.04 13:16:37.820,1.69177,1.69205,1.37,1.00
2017.01.04 13:16:37.921,1.69177,1.69208,1.00,1.12
2017.01.04 13:16:38.179,1.69176,1.69206,1.00,1.00
2017.01.04 13:16:38.687,1.69177,1.69206,1.00,1.00
2017.01.04 13:16:38.738,1.69174,1.69207,1.00,1.50
2017.01.04 13:16:38.788,1.69174,1.69206,1.00,1.12
2017.01.04 13:16:39.192,1.69171,1.69202,1.50,1.50
2017.01.04 13:16:39.359,1.69171,1.692,1.50,1.00
2017.01.04 13:16:39.967,1.69171,1.69201,1.00,1.00
2017.01.04 13:16:40.410,1.69169,1.69202,1.00,2.25
2017.01.04 13:16:40.475,1.69169,1.69199,1.00,1.00
2017.01.04 13:16:40.777,1.69167,1.69198,1.50,1.00
2017.01.04 13:16:41.283,1.69168,1.69197,1.00,1.00
2017.01.04 13:16:41.601,1.69167,1.69199,1.00,1.50
2017.01.04 13:16:41.703,1.69166,1.69197,1.87,1.00
2017.01.04 13:16:42.217,1.69167,1.69198,1.00,1.00
2017.01.04 13:16:43.213,1.69166,1.69199,1.12,2.25
2017.01.04 13:16:43.770,1.69166,1.69198,1.00,1.00
2017.01.04 13:16:44.138,1.69168,1.69198,1.00,1.00
2017.01.04 13:16:44.688,1.69168,1.69199,1.50,1.50
2017.01.04 13:16:45.509,1.6917,1.69199,1.00,1.00
2017.01.04 13:16:45.711,1.6917,1.69203,1.00,1.12
2017.01.04 13:16:45.928,1.6917,1.692,1.00,1.00
2017.01.04 13:16:46.492,1.6917,1.69201,1.00,1.00
2017.01.04 13:16:46.811,1.69172,1.69198,1.00,1.00
2017.01.04 13:16:46.861,1.69172,1.69202,1.00,1.00
2017.01.04 13:16:47.408,1.69171,1.69201,1.00,1.00
2017.01.04 13:16:48.008,1.6917,1.69201,1.00,1.00
2017.01.04 13:16:48.358,1.6917,1.69199,1.00,1.00
2017.01.04 13:16:48.459,1.6917,1.69203,1.00,1.87
2017.01.04 13:16:48.871,1.6917,1.692,1.00,1.00
2017.01.04 13:16:49.397,1.69171,1.69201,1.00,1.00
2017.01.04 13:16:49.612,1.69169,1.69201,1.00,1.00
2017.01.04 13:16:49.713,1.69169,1.69203,2.25,2.62
2017.01.04 13:16:49.915,1.69168,1.69197,1.00,1.00
2017.01.04 13:16:50.071,1.69168,1.69199,1.00,1.50
2017.01.04 13:16:50.122,1.69172,1.69199,1.00,1.00
2017.01.04 13:16:50.223,1.69174,1.69207,1.00,1.75
2017.01.04 13:16:50.399,1.69174,1.69208,1.37,2.25
2017.01.04 13:16:50.853,1.69183,1.69208,1.00,1.00
2017.01.04 13:16:50.903,1.69179,1.69211,1.00,1.00
2017.01.04 13:16:51.430,1.6918,1.69212,1.50,2.25
2017.01.04 13:16:51.940,1.69179,1.69211,1.00,1.00
2017.01.04 13:16:52.457,1.69178,1.69211,1.50,1.00
2017.01.04 13:16:52.616,1.69178,1.69207,1.00,1.00
2017.01.04 13:16:52.667,1.69173,1.69204,1.00,1.00
2017.01.04 13:16:52.718,1.6917,1.692,1.87,1.00
2017.01.04 13:16:52.769,1.69168,1.692,1.12,1.00
2017.01.04 13:16:52.820,1.69165,1.69195,1.12,1.00
2017.01.04 13:16:52.870,1.69164,1.69195,1.75,1.00
2017.01.04 13:16:52.921,1.69164,1.69195,1.00,1.00
2017.01.04 13:16:53.375,1.69161,1.69192,1.00,1.00
2017.01.04 13:16:53.677,1.69159,1.69188,1.00,1.00
2017.01.04 13:16:54.187,1.6916,1.69189,1.00,1.00
2017.01.04 13:16:54.237,1.6916,1.69192,1.87,1.00
2017.01.04 13:16:54.372,1.69165,1.69194,1.00,1.00
2017.01.04 13:16:54.425,1.69162,1.69193,1.00,1.00
2017.01.04 13:16:54.526,1.69162,1.69195,1.50,1.00
2017.01.04 13:16:54.576,1.69165,1.69194,1.00,1.00
2017.01.04 13:16:54.728,1.69163,1.69194,3.37,1.00
2017.01.04 13:16:54.879,1.69164,1.69192,1.00,1.00
2017.01.04 13:16:54.930,1.69161,1.69192,1.00,1.00
2017.01.04 13:16:55.283,1.6916,1.69189,1.00,1.00
2017.01.04 13:16:55.648,1.6916,1.69191,1.00,1.50
2017.01.04 13:16:55.749,1.6916,1.69188,1.00,1.00
2017.01.04 13:16:55.951,1.69159,1.6919,1.50,1.00
2017.01.04 13:16:56.052,1.69159,1.69186,1.50,1.00
2017.01.04 13:16:56.213,1.69159,1.6919,1.00,1.50
2017.01.04 13:16:56.264,1.6916,1.69188,1.00,1.00
2017.01.04 13:16:56.365,1.69159,1.69191,1.00,2.25
2017.01.04 13:16:56.467,1.69159,1.69189,1.00,1.00
2017.01.04 13:16:56.769,1.69163,1.69194,1.00,1.50
2017.01.04 13:16:57.021,1.69164,1.69191,1.00,1.00
2017.01.04 13:16:57.072,1.6916,1.69192,1.50,1.50
2017.01.04 13:16:57.224,1.69162,1.69193,1.00,1.00
2017.01.04 13:16:57.527,1.69162,1.69189,1.50,1.00
2017.01.04 13:16:57.577,1.69162,1.69192,1.50,1.00
2017.01.04 13:16:57.829,1.69158,1.69186,1.00,1.50
2017.01.04 13:16:58.132,1.69148,1.69179,1.50,1.00
2017.01.04 13:16:58.334,1.6915,1.6918,1.00,1.00
2017.01.04 13:16:58.605,1.6915,1.69182,1.00,1.87
2017.01.04 13:16:58.655,1.69147,1.69179,3.00,1.00
2017.01.04 13:16:58.958,1.6915,1.69181,1.00,1.00
2017.01.04 13:16:59.462,1.69148,1.6918,1.00,1.00
2017.01.04 13:16:59.915,1.69147,1.69178,1.00,1.00
2017.01.04 13:17:00.260,1.6915,1.6918,1.00,1.00
2017.01.04 13:17:00.311,1.6915,1.69182,1.00,1.87
2017.01.04 13:17:00.362,1.69148,1.6918,1.00,1.00
2017.01.04 13:17:00.664,1.69145,1.69177,1.00,1.50
2017.01.04 13:17:00.968,1.69143,1.69172,1.00,1.00
2017.01.04 13:17:01.069,1.69141,1.69171,1.00,1.00
2017.01.04 13:17:01.119,1.69143,1.69172,1.00,1.00
2017.01.04 13:17:01.321,1.69144,1.69175,1.00,1.00
2017.01.04 13:17:01.372,1.69144,1.69177,1.00,1.00
2017.01.04 13:17:01.473,1.69147,1.69178,1.00,1.50
2017.01.04 13:17:03.168,1.69147,1.69176,1.00,1.00
2017.01.04 13:17:03.443,1.69147,1.69178,1.00,1.00
2017.01.04 13:17:03.636,1.69148,1.6918,1.00,1.00
2017.01.04 13:17:04.072,1.69146,1.6918,1.00,1.87
2017.01.04 13:17:04.655,1.69148,1.69179,1.00,1.00
2017.01.04 13:17:05.281,1.69147,1.69179,1.00,1.50
2017.01.04 13:17:06.740,1.69145,1.69177,1.00,1.00
2017.01.04 13:17:07.121,1.69145,1.69174,1.00,1.00
2017.01.04 13:17:07.172,1.69142,1.69174,1.00,1.00
2017.01.04 13:17:07.273,1.6914,1.69173,1.00,1.00
2017.01.04 13:17:07.810,1.6914,1.69172,1.00,1.00
2017.01.04 13:17:08.368,1.6914,1.69174,1.00,1.50
2017.01.04 13:17:09.048,1.69139,1.69173,1.50,1.12
2017.01.04 13:17:11.341,1.69141,1.69173,1.00,1.12
2017.01.04 13:17:13.426,1.69141,1.69172,1.87,1.00
2017.01.04 13:17:13.577,1.69145,1.69177,1.00,1.12
2017.01.04 13:17:13.628,1.69145,1.69173,1.00,1.00
2017.01.04 13:17:13.779,1.69141,1.69171,2.25,1.00
2017.01.04 13:17:13.880,1.69139,1.69171,1.00,1.00
2017.01.04 13:17:13.981,1.69137,1.6917,1.12,1.00
2017.01.04 13:17:14.513,1.69136,1.69169,2.25,1.00
2017.01.04 13:17:14.969,1.69136,1.69167,2.25,1.87
2017.01.04 13:17:15.085,1.69136,1.69169,1.50,1.00
2017.01.04 13:17:15.675,1.69136,1.6917,1.50,1.87
2017.01.04 13:17:16.161,1.69135,1.69167,2.25,1.00
2017.01.04 13:17:16.262,1.69135,1.69167,1.00,1.00
2017.01.04 13:17:17.771,1.69137,1.69168,1.00,1.00
2017.01.04 13:17:18.213,1.69135,1.69167,1.50,1.37
2017.01.04 13:17:18.718,1.69133,1.69167,2.62,1.00
2017.01.04 13:17:19.189,1.69138,1.69171,1.00,1.00
2017.01.04 13:17:19.391,1.6914,1.69172,1.00,1.00
2017.01.04 13:17:19.693,1.69136,1.6917,1.50,1.00
2017.01.04 13:17:20.189,1.69135,1.69167,1.87,1.00
2017.01.04 13:17:20.781,1.69134,1.69168,1.50,1.00
2017.01.04 13:17:21.101,1.69136,1.69168,1.00,1.00
2017.01.04 13:17:22.878,1.69137,1.69169,1.37,1.00
2017.01.04 13:17:23.180,1.69142,1.69172,1.00,1.00
2017.01.04 13:17:26.660,1.6914,1.69172,1.00,1.50
2017.01.04 13:17:28.400,1.69137,1.69171,1.87,1.00
2017.01.04 13:17:28.501,1.69141,1.69172,1.00,1.50
2017.01.04 13:17:28.988,1.69138,1.69172,1.00,1.50
2017.01.04 13:17:29.089,1.69141,1.69172,1.00,1.50
2017.01.04 13:17:29.190,1.69138,1.6917,1.00,1.00
2017.01.04 13:17:29.501,1.69136,1.6917,1.50,1.00
2017.01.04 13:17:29.703,1.69142,1.69172,1.00,1.00
2017.01.04 13:17:34.790,1.69142,1.69173,1.00,1.00
2017.01.04 13:17:35.737,1.69139,1.69156,1.00,1.00
2017.01.04 13:17:35.838,1.69131,1.69153,1.00,1.00
2017.01.04 13:17:35.939,1.69127,1.69151,1.00,1.00
2017.01.04 13:17:36.090,1.69124,1.69155,1.00,1.75
2017.01.04 13:17:36.656,1.69123,1.69155,1.00,1.75
2017.01.04 13:17:37.023,1.69121,1.69155,1.50,1.75
2017.01.04 13:17:37.124,1.69123,1.69155,1.00,1.75
2017.01.04 13:17:37.473,1.69128,1.69158,1.00,1.87
2017.01.04 13:17:37.524,1.69126,1.69157,1.00,1.75
2017.01.04 13:17:38.063,1.69125,1.69157,1.00,1.75
2017.01.04 13:17:38.114,1.69123,1.69157,1.50,1.75
2017.01.04 13:17:38.498,1.69126,1.69157,1.00,1.75
2017.01.04 13:17:39.920,1.69127,1.69158,1.00,1.12
2017.01.04 13:17:40.223,1.69126,1.69159,1.50,2.25
2017.01.04 13:17:40.324,1.69128,1.69159,1.00,2.25
2017.01.04 13:17:40.984,1.69129,1.69159,1.00,1.50
2017.01.04 13:17:41.479,1.69126,1.69159,1.00,1.50
2017.01.04 13:17:42.062,1.69128,1.69159,1.00,1.00
2017.01.04 13:17:42.574,1.69128,1.69159,1.37,1.00
2017.01.04 13:17:43.062,1.69128,1.69159,1.37,2.25
2017.01.04 13:17:43.163,1.69128,1.69159,1.12,1.50
2017.01.04 13:17:43.315,1.69128,1.69159,1.37,1.00
2017.01.04 13:17:44.071,1.69129,1.69159,1.50,1.00
2017.01.04 13:17:44.623,1.69129,1.69159,1.50,1.00
2017.01.04 13:17:45.258,1.69129,1.69159,1.12,1.00
2017.01.04 13:17:45.309,1.69133,1.69163,1.50,1.50
2017.01.04 13:17:45.460,1.69139,1.6917,1.37,1.00
2017.01.04 13:17:45.511,1.69139,1.6917,1.75,1.00
2017.01.04 13:17:46.024,1.69142,1.69171,1.12,1.00
2017.01.04 13:17:46.343,1.69147,1.69171,1.00,1.00
2017.01.04 13:17:47.063,1.69143,1.69171,1.87,1.00
2017.01.04 13:17:47.723,1.69144,1.69171,1.37,1.00
2017.01.04 13:17:48.373,1.69144,1.69171,1.12,1.00
2017.01.04 13:17:48.950,1.69144,1.69171,1.37,1.00
2017.01.04 13:17:49.163,1.69144,1.69171,2.62,1.00
2017.01.04 13:17:49.693,1.69143,1.69173,1.50,1.50
2017.01.04 13:17:49.794,1.69143,1.69171,1.12,1.00
2017.01.04 13:17:50.096,1.69136,1.69167,1.37,1.00
2017.01.04 13:17:50.348,1.69139,1.69167,1.00,1.00
2017.01.04 13:17:50.645,1.69139,1.69171,1.00,1.50
2017.01.04 13:17:53.066,1.69139,1.69171,1.37,1.87
2017.01.04 13:17:53.614,1.69139,1.69168,1.00,1.00
2017.01.04 13:17:53.715,1.69135,1.69167,1.00,1.87
2017.01.04 13:17:53.766,1.69129,1.69161,1.50,1.00
2017.01.04 13:17:54.069,1.69133,1.69165,1.37,1.50
2017.01.04 13:17:54.119,1.69133,1.69165,1.37,1.12
2017.01.04 13:17:54.321,1.69133,1.69167,1.50,1.00
2017.01.04 13:17:54.857,1.69135,1.69168,1.37,1.50
2017.01.04 13:17:54.908,1.69135,1.69168,1.00,1.50
2017.01.04 13:17:54.958,1.69136,1.69168,1.37,1.00
2017.01.04 13:17:55.261,1.69136,1.69168,1.37,1.00
2017.01.04 13:17:55.766,1.69136,1.69168,1.37,1.00
2017.01.04 13:17:56.288,1.69136,1.69168,1.50,1.00
2017.01.04 13:17:56.795,1.69138,1.69168,1.37,1.00
2017.01.04 13:17:57.203,1.69138,1.6917,1.50,1.00
2017.01.04 13:17:57.739,1.69138,1.6917,1.50,1.50
2017.01.04 13:17:58.078,1.69138,1.6917,1.50,1.50
2017.01.04 13:17:58.309,1.69145,1.6917,1.00,1.00
2017.01.04 13:17:58.512,1.6914,1.69172,1.00,1.00
2017.01.04 13:17:58.663,1.69139,1.6917,1.00,1.00
2017.01.04 13:17:58.993,1.69138,1.6917,4.87,1.00
2017.01.04 13:17:59.245,1.69143,1.69174,1.00,1.00
2017.01.04 13:17:59.296,1.69145,1.69174,1.00,1.00
2017.01.04 13:17:59.599,1.69148,1.69178,1.50,1.00
2017.01.04 13:17:59.649,1.6915,1.69182,1.00,1.00
2017.01.04 13:17:59.701,1.6915,1.69182,1.37,1.00
2017.01.04 13:17:59.752,1.6915,1.69184,1.87,1.50
2017.01.04 13:18:00.030,1.6915,1.69184,1.87,1.00
2017.01.04 13:18:00.564,1.6915,1.69184,1.50,1.00
2017.01.04 13:18:00.750,1.6915,1.69182,1.50,1.00
2017.01.04 13:18:00.952,1.6915,1.69184,1.50,1.00
2017.01.04 13:18:01.867,1.6915,1.69184,1.00,1.37
2017.01.04 13:18:02.224,1.69147,1.69179,1.87,1.00
2017.01.04 13:18:02.746,1.69147,1.69178,1.00,1.00
2017.01.04 13:18:03.048,1.69146,1.6917,1.00,1.12
2017.01.04 13:18:03.149,1.69138,1.69169,1.12,1.00
2017.01.04 13:18:03.250,1.69138,1.69167,1.00,1.37
2017.01.04 13:18:03.452,1.69136,1.69167,1.00,1.75
2017.01.04 13:18:03.553,1.69138,1.69166,1.00,1.75
2017.01.04 13:18:04.123,1.69136,1.69166,1.00,1.75
2017.01.04 13:18:04.677,1.69137,1.69167,1.00,2.25
2017.01.04 13:18:05.090,1.69136,1.69166,1.37,1.75
2017.01.04 13:18:05.601,1.69136,1.69166,1.37,1.75
2017.01.04 13:18:07.354,1.69135,1.69167,1.50,1.87
2017.01.04 13:18:07.657,1.69142,1.69173,1.00,1.75
2017.01.04 13:18:07.824,1.69142,1.69173,1.50,1.00
2017.01.04 13:18:07.925,1.69144,1.69175,1.00,1.12
2017.01.04 13:18:08.328,1.6914,1.69171,1.00,1.00
2017.01.04 13:18:08.853,1.69139,1.69171,1.00,1.00
2017.01.04 13:18:09.055,1.6914,1.69174,1.50,1.50
2017.01.04 13:18:09.360,1.69139,1.69171,1.50,1.00
2017.01.04 13:18:09.546,1.6914,1.69173,1.00,1.00
2017.01.04 13:18:09.832,1.69139,1.69171,1.00,1.00
2017.01.04 13:18:09.933,1.69139,1.69173,1.50,1.50
2017.01.04 13:18:10.134,1.69141,1.69171,1.00,1.00
2017.01.04 13:18:10.764,1.69141,1.69172,1.00,1.00
2017.01.04 13:18:11.067,1.69141,1.69171,1.00,1.50
2017.01.04 13:18:11.428,1.69139,1.69172,1.00,1.75
2017.01.04 13:18:12.349,1.6914,1.69173,1.00,1.75
2017.01.04 13:18:12.939,1.69138,1.69172,1.50,1.75
2017.01.04 13:18:13.264,1.69136,1.6917,1.00,1.87
2017.01.04 13:18:13.315,1.69136,1.69168,1.00,1.00
2017.01.04 13:18:13.863,1.69135,1.69167,1.00,1.00
2017.01.04 13:18:14.442,1.69134,1.69167,1.00,1.00
2017.01.04 13:18:14.977,1.69135,1.69168,1.00,1.00
2017.01.04 13:18:15.028,1.69132,1.69166,1.12,1.00
2017.01.04 13:18:15.146,1.69136,1.69168,1.00,1.37
2017.01.04 13:18:15.449,1.6914,1.69168,1.00,1.00
2017.01.04 13:18:15.551,1.69138,1.69171,1.00,2.25
2017.01.04 13:18:15.652,1.69138,1.69165,1.00,1.00
2017.01.04 13:18:15.753,1.69133,1.69163,1.00,1.50
2017.01.04 13:18:15.955,1.69132,1.69161,1.00,1.00
2017.01.04 13:18:16.160,1.69131,1.69163,1.00,1.50
2017.01.04 13:18:16.211,1.69129,1.69163,1.87,1.50
2017.01.04 13:18:17.412,1.6913,1.69163,1.12,1.50
2017.01.04 13:18:17.614,1.69132,1.69163,1.00,1.12
2017.01.04 13:18:17.924,1.69135,1.69165,1.00,1.00
2017.01.04 13:18:17.974,1.69133,1.69165,1.00,1.00
2017.01.04 13:18:18.076,1.69133,1.69165,1.75,1.50
2017.01.04 13:18:18.126,1.69133,1.69167,1.00,1.50
2017.01.04 13:18:18.177,1.69132,1.69163,1.12,1.00
2017.01.04 13:18:18.379,1.69133,1.69167,1.00,1.00
2017.01.04 13:18:18.430,1.69133,1.69165,1.00,1.00
2017.01.04 13:18:18.519,1.6913,1.69165,2.25,1.50
2017.01.04 13:18:18.620,1.69132,1.69165,1.00,1.50
2017.01.04 13:18:18.783,1.6913,1.69165,2.25,1.50
2017.01.04 13:18:19.945,1.69132,1.69165,1.00,1.50
2017.01.04 13:18:20.248,1.69137,1.69168,1.00,2.25
2017.01.04 13:18:21.036,1.69137,1.69167,1.00,1.00
2017.01.04 13:18:21.137,1.69133,1.69164,1.00,1.12
2017.01.04 13:18:21.188,1.69133,1.69164,1.00,1.37
2017.01.04 13:18:21.591,1.69128,1.6916,1.00,1.12
2017.01.04 13:18:21.642,1.69131,1.69157,1.00,1.00
2017.01.04 13:18:21.843,1.69128,1.6916,1.00,2.25
2017.01.04 13:18:22.247,1.69125,1.69157,1.37,1.87
2017.01.04 13:18:22.297,1.69125,1.69157,1.00,1.87
2017.01.04 13:18:22.652,1.69125,1.69157,1.37,3.00
2017.01.04 13:18:22.854,1.6913,1.69162,1.00,1.75
2017.01.04 13:18:22.955,1.6913,1.69164,1.50,3.00
2017.01.04 13:18:23.644,1.6913,1.69159,1.00,1.12
2017.01.04 13:18:23.959,1.6912,1.69149,1.50,1.00
2017.01.04 13:18:24.261,1.69122,1.69149,1.00,1.00
2017.01.04 13:18:25.277,1.6912,1.69149,1.87,1.00
2017.01.04 13:18:25.490,1.69121,1.69153,1.00,2.25
2017.01.04 13:18:25.647,1.69123,1.69153,1.00,2.25
2017.01.04 13:18:26.289,1.69123,1.69152,1.00,1.00
2017.01.04 13:18:27.130,1.69123,1.69153,1.00,1.50
2017.01.04 13:18:27.488,1.69121,1.69154,1.00,1.50
2017.01.04 13:18:27.970,1.69125,1.69153,1.00,1.37
2017.01.04 13:18:28.071,1.69123,1.69153,1.00,1.37
2017.01.04 13:18:29.553,1.69122,1.69154,1.00,1.50
2017.01.04 13:18:30.962,1.69124,1.69154,1.00,1.50
2017.01.04 13:18:32.817,1.69124,1.69152,1.00,1.37
2017.01.04 13:18:32.868,1.69119,1.69152,1.00,2.25
2017.01.04 13:18:33.019,1.69119,1.69149,1.00,1.37
2017.01.04 13:18:33.568,1.69118,1.69149,1.50,2.25
2017.01.04 13:18:34.088,1.69118,1.6915,2.62,1.50
2017.01.04 13:18:34.189,1.6912,1.69152,1.00,2.25
2017.01.04 13:18:36.604,1.69122,1.69153,1.00,3.00
2017.01.04 13:18:40.275,1.69124,1.69152,1.00,1.75
2017.01.04 13:18:40.977,1.69122,1.69152,1.00,1.75
2017.01.04 13:18:43.010,1.69124,1.69153,1.00,2.25
2017.01.04 13:18:43.111,1.69119,1.69152,1.00,1.75
2017.01.04 13:18:43.211,1.6912,1.69152,1.00,1.00
2017.01.04 13:18:43.363,1.69123,1.69152,1.37,1.50
2017.01.04 13:18:43.704,1.69133,1.69159,1.00,1.00
2017.01.04 13:18:43.820,1.69133,1.69161,1.00,1.00
2017.01.04 13:18:44.376,1.69133,1.69162,1.00,1.50
2017.01.04 13:18:45.020,1.69133,1.69161,1.00,1.00
2017.01.04 13:18:45.523,1.69133,1.69162,1.00,1.50
2017.01.04 13:18:45.933,1.69128,1.69162,1.50,1.50
2017.01.04 13:18:47.388,1.69127,1.69159,1.50,1.00
2017.01.04 13:18:52.403,1.69128,1.69159,1.00,1.50
2017.01.04 13:18:52.706,1.69134,1.69162,1.00,1.00
2017.01.04 13:18:53.210,1.69134,1.69165,1.00,1.12
2017.01.04 13:18:53.912,1.69133,1.69163,1.00,1.00
2017.01.04 13:18:55.690,1.69132,1.69163,1.00,1.00
2017.01.04 13:18:56.028,1.69135,1.69163,1.12,1.50
2017.01.04 13:18:56.232,1.69137,1.69167,1.00,1.50
2017.01.04 13:18:56.591,1.69139,1.69166,1.00,1.00
2017.01.04 13:18:57.161,1.69138,1.69166,1.00,1.00
2017.01.04 13:18:57.312,1.69133,1.69165,1.50,1.12
2017.01.04 13:18:57.464,1.69133,1.69162,1.00,1.00
2017.01.04 13:18:58.177,1.69132,1.69162,1.00,1.00
2017.01.04 13:18:58.837,1.69133,1.69162,1.00,1.00
2017.01.04 13:18:59.437,1.69132,1.69162,1.50,1.00
2017.01.04 13:18:59.689,1.69134,1.69165,1.00,1.00
2017.01.04 13:18:59.916,1.69135,1.69167,1.00,2.62
2017.01.04 13:19:00.452,1.69135,1.69166,1.00,1.00
2017.01.04 13:19:00.827,1.69133,1.69165,1.50,1.50
2017.01.04 13:19:00.953,1.69133,1.69165,1.50,2.25
2017.01.04 13:19:01.499,1.69132,1.69162,1.00,1.00
2017.01.04 13:19:02.060,1.69133,1.69162,1.00,1.00
2017.01.04 13:19:02.279,1.69134,1.69165,1.12,1.00
2017.01.04 13:19:02.534,1.69137,1.69166,2.25,1.00
2017.01.04 13:19:02.836,1.69139,1.69167,1.00,1.00
2017.01.04 13:19:03.139,1.69139,1.69171,1.87,1.12
2017.01.04 13:19:03.189,1.69139,1.69173,1.87,1.50
2017.01.04 13:19:03.240,1.69143,1.69169,1.00,1.00
2017.01.04 13:19:03.392,1.69139,1.6917,1.00,1.00
2017.01.04 13:19:03.543,1.69138,1.69172,1.87,1.87
2017.01.04 13:19:03.704,1.69139,1.69169,1.12,1.50
2017.01.04 13:19:04.681,1.6914,1.69169,1.00,1.50
2017.01.04 13:19:05.222,1.69139,1.69169,1.00,1.50
2017.01.04 13:19:05.776,1.69139,1.69168,1.00,1.00
2017.01.04 13:19:06.309,1.69138,1.69169,1.50,1.50
2017.01.04 13:19:06.877,1.69138,1.69155,1.00,1.00
2017.01.04 13:19:06.928,1.69136,1.69156,1.00,1.00
2017.01.04 13:19:07.031,1.69136,1.69154,1.12,1.00
2017.01.04 13:19:07.183,1.69133,1.69153,1.50,1.00
2017.01.04 13:19:07.435,1.69131,1.69151,1.37,1.00
2017.01.04 13:19:07.485,1.6913,1.69151,1.37,1.00
2017.01.04 13:19:07.808,1.69129,1.69151,3.75,1.00
2017.01.04 13:19:08.111,1.6913,1.69151,1.37,1.50
2017.01.04 13:19:08.414,1.6913,1.69147,1.00,1.00
2017.01.04 13:19:08.624,1.69122,1.69146,2.25,1.00
2017.01.04 13:19:08.725,1.69122,1.69142,1.50,1.00
2017.01.04 13:19:08.876,1.69115,1.69137,1.50,1.00
2017.01.04 13:19:08.927,1.69115,1.69135,1.37,1.00
2017.01.04 13:19:09.028,1.69111,1.69133,1.37,1.00
2017.01.04 13:19:09.130,1.6911,1.69131,2.25,1.00
2017.01.04 13:19:09.382,1.69109,1.69132,2.62,1.00
2017.01.04 13:19:09.433,1.69112,1.69131,1.00,1.00
2017.01.04 13:19:09.642,1.6911,1.69132,1.50,1.00
2017.01.04 13:19:10.152,1.6911,1.6913,1.00,1.00
2017.01.04 13:19:11.174,1.69109,1.6913,1.00,1.50
2017.01.04 13:19:11.326,1.69105,1.69128,1.50,1.00
2017.01.04 13:19:11.427,1.69103,1.69126,1.37,1.00
2017.01.04 13:19:11.624,1.69101,1.69123,1.00,1.00
2017.01.04 13:19:11.675,1.69099,1.69121,1.00,1.00
2017.01.04 13:19:11.978,1.69099,1.69121,1.87,1.00
2017.01.04 13:19:12.028,1.69101,1.69123,1.00,1.50
2017.01.04 13:19:12.130,1.69103,1.69123,1.87,1.00
2017.01.04 13:19:12.231,1.69109,1.6914,1.37,1.50
2017.01.04 13:19:12.332,1.69112,1.69132,1.00,1.00
2017.01.04 13:19:12.534,1.69108,1.69138,1.00,1.00
2017.01.04 13:19:12.850,1.69108,1.69131,1.00,2.25
2017.01.04 13:19:13.235,1.69104,1.69126,1.00,1.50
2017.01.04 13:19:13.538,1.69102,1.69122,1.00,1.00
2017.01.04 13:19:13.639,1.691,1.69122,1.00,1.00
2017.01.04 13:19:13.741,1.69098,1.6912,1.00,1.00
2017.01.04 13:19:14.044,1.691,1.69121,1.00,1.00
2017.01.04 13:19:14.398,1.691,1.69123,1.00,1.00
2017.01.04 13:19:14.935,1.69101,1.69123,1.00,1.50
2017.01.04 13:19:15.137,1.69099,1.69124,1.00,1.00
2017.01.04 13:19:15.188,1.69099,1.69112,1.00,1.00
2017.01.04 13:19:15.238,1.69091,1.69109,1.37,1.00
2017.01.04 13:19:15.289,1.69089,1.69103,1.00,1.00
2017.01.04 13:19:15.340,1.69078,1.69105,1.75,1.00
2017.01.04 13:19:15.441,1.69073,1.69099,1.75,1.00
2017.01.04 13:19:15.542,1.6907,1.69098,1.37,1.00
2017.01.04 13:19:15.593,1.69069,1.69097,1.50,1.00
2017.01.04 13:19:15.695,1.69068,1.69095,1.00,1.00
2017.01.04 13:19:15.998,1.69059,1.69081,1.00,1.87
2017.01.04 13:19:16.048,1.69042,1.69072,1.50,1.00
2017.01.04 13:19:16.099,1.69042,1.69075,1.37,1.00
2017.01.04 13:19:16.150,1.69041,1.69069,1.12,1.00
2017.01.04 13:19:16.467,1.69047,1.69073,1.00,1.00
2017.01.04 13:19:16.770,1.69049,1.69074,1.00,1.00
2017.01.04 13:19:16.821,1.69047,1.69075,2.25,1.00
2017.01.04 13:19:16.871,1.69048,1.69073,1.00,1.00
2017.01.04 13:19:16.972,1.69048,1.69075,1.00,1.00
2017.01.04 13:19:17.325,1.69046,1.69072,1.12,1.00
2017.01.04 13:19:17.849,1.69044,1.69071,3.75,1.00
2017.01.04 13:19:18.000,1.69045,1.69073,1.87,1.00
2017.01.04 13:19:18.051,1.69047,1.69074,1.00,1.00
2017.01.04 13:19:18.102,1.69047,1.69076,1.00,1.00
2017.01.04 13:19:18.613,1.69047,1.69077,1.00,1.00
2017.01.04 13:19:19.035,1.69042,1.69074,2.25,1.00
2017.01.04 13:19:19.236,1.69042,1.69076,1.00,1.50
2017.01.04 13:19:19.438,1.69039,1.69073,1.12,1.50
2017.01.04 13:19:19.974,1.6904,1.69073,1.12,1.50
2017.01.04 13:19:20.554,1.69041,1.69073,1.00,1.00
2017.01.04 13:19:21.058,1.69041,1.69074,1.00,1.00
2017.01.04 13:19:21.404,1.69048,1.6908,1.00,1.75
2017.01.04 13:19:21.555,1.6905,1.6908,1.00,1.00
2017.01.04 13:19:21.656,1.69047,1.69078,1.50,1.00
2017.01.04 13:19:21.758,1.69048,1.69082,1.00,1.50
2017.01.04 13:19:21.932,1.69052,1.69083,1.00,1.75
2017.01.04 13:19:22.033,1.69056,1.69086,1.00,2.25
2017.01.04 13:19:22.134,1.69053,1.69086,1.37,2.25
2017.01.04 13:19:22.185,1.69052,1.69086,2.62,2.25
2017.01.04 13:19:22.902,1.69052,1.69084,1.00,1.00
2017.01.04 13:19:23.424,1.69052,1.69085,1.50,1.00
2017.01.04 13:19:23.727,1.69051,1.69081,1.00,1.00
2017.01.04 13:19:23.934,1.69048,1.69081,1.50,2.25
2017.01.04 13:19:24.438,1.69049,1.69081,1.00,3.00
2017.01.04 13:19:25.037,1.6905,1.69081,1.00,2.25
2017.01.04 13:19:25.138,1.69052,1.69084,1.00,2.25
2017.01.04 13:19:25.528,1.69053,1.69086,1.12,1.00
2017.01.04 13:19:25.954,1.69057,1.69088,1.00,1.87
2017.01.04 13:19:26.257,1.69062,1.69093,1.00,1.00
2017.01.04 13:19:26.582,1.69064,1.69094,1.12,1.00
2017.01.04 13:19:26.914,1.69067,1.69096,1.00,1.50
2017.01.04 13:19:26.965,1.69064,1.69095,1.50,1.12
2017.01.04 13:19:27.217,1.69065,1.69096,1.87,1.50
2017.01.04 13:19:27.419,1.69074,1.69108,1.37,1.50
2017.01.04 13:19:27.571,1.69073,1.69104,1.37,1.00
2017.01.04 13:19:27.772,1.69074,1.69107,1.00,1.00
2017.01.04 13:19:28.276,1.69074,1.69106,1.87,1.00
2017.01.04 13:19:28.455,1.69075,1.69106,1.37,1.00
2017.01.04 13:19:28.556,1.69075,1.69109,1.37,1.50
2017.01.04 13:19:28.862,1.69078,1.6911,1.00,1.00
2017.01.04 13:19:29.266,1.69078,1.69108,1.00,1.00
2017.01.04 13:19:29.367,1.69074,1.69108,1.12,1.00
2017.01.04 13:19:29.418,1.69074,1.69106,1.50,1.00
2017.01.04 13:19:29.670,1.69072,1.69106,1.00,1.00
2017.01.04 13:19:30.128,1.69074,1.69106,1.00,1.00
2017.01.04 13:19:30.632,1.69073,1.69107,1.00,1.00
2017.01.04 13:19:31.010,1.69071,1.69104,1.00,1.00
2017.01.04 13:19:31.615,1.69072,1.69105,1.00,1.00
2017.01.04 13:19:32.153,1.69072,1.69106,1.00,1.00
2017.01.04 13:19:32.642,1.6907,1.69102,1.12,1.00
2017.01.04 13:19:32.856,1.69068,1.69102,1.50,1.00
2017.01.04 13:19:32.957,1.69065,1.69096,1.12,1.00
2017.01.04 13:19:33.429,1.69071,1.69095,1.00,1.00
2017.01.04 13:19:33.480,1.69072,1.69102,1.00,1.87
2017.01.04 13:19:33.681,1.69071,1.69104,1.00,1.00
2017.01.04 13:19:33.782,1.69069,1.69101,1.00,1.00
2017.01.04 13:19:34.287,1.69068,1.69102,1.00,1.00
2017.01.04 13:19:34.720,1.69068,1.69102,3.00,1.00
2017.01.04 13:19:34.770,1.6907,1.69104,1.37,1.00
2017.01.04 13:19:35.073,1.6907,1.69104,1.00,1.50
2017.01.04 13:19:38.039,1.6907,1.69104,1.00,2.62
2017.01.04 13:19:38.090,1.69067,1.69098,1.50,1.00
2017.01.04 13:19:38.191,1.69062,1.69095,1.75,1.00
2017.01.04 13:19:38.242,1.69062,1.69096,1.00,1.50
2017.01.04 13:19:38.292,1.69062,1.69094,1.00,1.00
2017.01.04 13:19:39.238,1.69062,1.69096,1.50,1.75
2017.01.04 13:19:39.588,1.6907,1.69102,1.00,1.50
2017.01.04 13:19:39.890,1.69071,1.69103,1.37,3.00
2017.01.04 13:19:40.408,1.69074,1.69102,1.37,1.50
2017.01.04 13:19:40.615,1.69074,1.69103,1.12,1.37
2017.01.04 13:19:40.716,1.69074,1.69106,1.87,1.37
2017.01.04 13:19:41.227,1.69075,1.69107,1.00,1.50
2017.01.04 13:19:43.551,1.69076,1.69105,1.00,1.12
2017.01.04 13:19:44.066,1.69075,1.69107,1.12,1.50
2017.01.04 13:19:45.548,1.69075,1.69104,1.00,1.00
2017.01.04 13:19:45.699,1.6907,1.69104,2.25,1.00
2017.01.04 13:19:45.979,1.69073,1.69104,1.00,1.50
2017.01.04 13:19:46.535,1.69072,1.69104,1.00,1.00
2017.01.04 13:19:47.174,1.69072,1.69103,1.00,1.00
2017.01.04 13:19:47.696,1.69071,1.69102,1.50,1.00
2017.01.04 13:19:48.247,1.6907,1.69103,1.50,1.00
2017.01.04 13:19:48.775,1.69071,1.69102,1.00,1.00
2017.01.04 13:19:49.617,1.6907,1.69103,1.50,1.00
2017.01.04 13:19:49.920,1.69069,1.69102,1.50,1.50
2017.01.04 13:19:50.241,1.69066,1.69095,1.00,1.75
2017.01.04 13:19:50.342,1.69066,1.69097,1.00,1.12
2017.01.04 13:19:50.543,1.69067,1.69095,1.00,1.00
2017.01.04 13:19:50.695,1.69067,1.69098,1.50,1.00
2017.01.04 13:19:51.242,1.69068,1.69098,1.00,1.00
2017.01.04 13:19:51.752,1.69069,1.69101,1.50,1.50
2017.01.04 13:19:52.140,1.69068,1.69101,1.37,2.25
2017.01.04 13:19:52.690,1.6907,1.69102,1.00,3.37
2017.01.04 13:19:52.968,1.69066,1.69099,1.50,1.50
2017.01.04 13:19:53.472,1.69068,1.69099,1.00,1.50
2017.01.04 13:19:53.869,1.69065,1.69098,1.00,1.12
2017.01.04 13:19:54.098,1.69064,1.69096,1.00,1.00
2017.01.04 13:19:54.570,1.69066,1.69096,1.00,1.00
2017.01.04 13:19:55.048,1.69064,1.69094,1.37,1.00
2017.01.04 13:19:55.301,1.69062,1.69094,1.00,1.50
2017.01.04 13:19:55.402,1.6906,1.69091,1.12,1.00
2017.01.04 13:19:55.747,1.69062,1.69091,1.00,1.00
2017.01.04 13:19:56.453,1.69062,1.69091,1.00,1.50
2017.01.04 13:19:56.504,1.6906,1.69089,1.50,1.12
2017.01.04 13:19:56.605,1.69058,1.69089,1.00,3.37
2017.01.04 13:19:56.707,1.69052,1.69081,1.00,1.00
2017.01.04 13:19:56.809,1.69052,1.69079,1.00,1.00
2017.01.04 13:19:56.860,1.69049,1.69079,1.00,1.00
2017.01.04 13:19:56.910,1.69051,1.6908,1.00,1.12
2017.01.04 13:19:57.012,1.69049,1.6908,1.00,1.12
2017.01.04 13:19:57.579,1.69048,1.69079,1.00,1.00
2017.01.04 13:19:57.680,1.69048,1.69076,1.00,1.00
2017.01.04 13:19:58.212,1.6905,1.69076,1.00,1.00
2017.01.04 13:19:58.313,1.69046,1.69075,1.00,1.00
2017.01.04 13:19:58.414,1.69043,1.69072,1.00,1.00
2017.01.04 13:19:58.702,1.6904,1.69073,1.00,1.75
2017.01.04 13:19:58.753,1.6904,1.69066,1.00,1.12
2017.01.04 13:19:58.854,1.69033,1.69064,1.00,1.87
2017.01.04 13:19:59.056,1.69032,1.69059,1.00,1.00
2017.01.04 13:19:59.106,1.6903,1.69059,2.25,1.00
2017.01.04 13:19:59.208,1.69033,1.69059,1.00,1.00
2017.01.04 13:19:59.258,1.69033,1.69063,1.00,1.00
2017.01.04 13:19:59.309,1.69029,1.69063,1.87,1.50
2017.01.04 13:19:59.410,1.69031,1.69063,1.00,1.50
2017.01.04 13:19:59.712,1.6905,1.69073,1.00,1.00
2017.01.04 13:19:59.813,1.69044,1.69071,1.00,1.00
2017.01.04 13:19:59.965,1.69044,1.6907,1.00,1.37
2017.01.04 13:20:00.120,1.69039,1.69071,1.50,1.50
2017.01.04 13:20:00.171,1.6904,1.69071,1.37,1.50
2017.01.04 13:20:00.423,1.69046,1.69078,1.00,1.00
2017.01.04 13:20:00.473,1.6905,1.69078,1.00,1.00
2017.01.04 13:20:00.524,1.69052,1.69081,1.00,1.00
2017.01.04 13:20:00.575,1.69052,1.69077,1.00,1.12
2017.01.04 13:20:00.879,1.6905,1.69078,1.00,1.75
2017.01.04 13:20:00.980,1.6905,1.69075,1.50,1.00
2017.01.04 13:20:01.276,1.69049,1.69081,1.00,1.12
2017.01.04 13:20:01.485,1.69051,1.69083,1.00,2.25
2017.01.04 13:20:02.019,1.69051,1.6908,1.00,1.00
2017.01.04 13:20:02.322,1.69053,1.69085,1.00,3.00
2017.01.04 13:20:02.870,1.69053,1.69084,1.00,1.00
2017.01.04 13:20:03.021,1.6905,1.69084,1.00,1.50
2017.01.04 13:20:03.353,1.6905,1.69082,1.00,1.00
2017.01.04 13:20:04.033,1.69052,1.69084,1.00,1.50
2017.01.04 13:20:05.325,1.69054,1.69084,1.00,1.00
2017.01.04 13:20:05.628,1.69051,1.69084,1.00,1.50
2017.01.04 13:20:05.762,1.69048,1.69067,1.00,1.00
2017.01.04 13:20:05.863,1.69039,1.69068,1.87,1.00
2017.01.04 13:20:05.914,1.69039,1.69067,1.00,1.12
2017.01.04 13:20:05.965,1.69034,1.69067,1.00,1.00
2017.01.04 13:20:06.066,1.69034,1.69064,1.00,1.00
2017.01.04 13:20:06.217,1.69032,1.69063,1.00,1.00
2017.01.04 13:20:07.367,1.6903,1.69062,1.87,1.00
2017.01.04 13:20:07.720,1.69029,1.69061,1.50,1.50
2017.01.04 13:20:07.821,1.69029,1.69061,1.00,2.25
2017.01.04 13:20:07.922,1.69026,1.6906,1.12,1.50
2017.01.04 13:20:08.325,1.69028,1.69062,1.00,1.00
2017.01.04 13:20:08.530,1.69031,1.69064,1.00,1.50
2017.01.04 13:20:08.853,1.69029,1.69062,1.00,1.00
2017.01.04 13:20:09.567,1.69028,1.69062,1.75,1.00
2017.01.04 13:20:09.769,1.69031,1.69064,1.12,1.00
2017.01.04 13:20:10.571,1.69031,1.69064,1.00,1.37
2017.01.04 13:20:10.724,1.69029,1.69063,2.25,1.12
2017.01.04 13:20:11.128,1.69027,1.69061,1.37,1.00
2017.01.04 13:20:11.640,1.69027,1.69061,1.50,1.37
2017.01.04 13:20:11.943,1.69026,1.69058,1.00,1.00
2017.01.04 13:20:12.523,1.69025,1.69057,1.00,1.00
2017.01.04 13:20:12.742,1.69025,1.69059,1.50,1.00
2017.01.04 13:20:12.793,1.69027,1.69059,1.00,1.00
2017.01.04 13:20:13.304,1.69027,1.69059,1.50,1.00
2017.01.04 13:20:13.834,1.69029,1.69062,1.00,1.75
2017.01.04 13:20:14.508,1.69028,1.69058,1.00,1.00
2017.01.04 13:20:14.559,1.69022,1.69054,1.87,1.00
2017.01.04 13:20:14.760,1.69018,1.69051,1.50,1.00
2017.01.04 13:20:14.861,1.69014,1.69046,1.50,1.00
2017.01.04 13:20:15.164,1.69013,1.69044,1.00,1.50
2017.01.04 13:20:15.365,1.69007,1.69041,1.12,1.00
2017.01.04 13:20:15.567,1.69007,1.69039,1.12,1.00
2017.01.04 13:20:15.952,1.69008,1.6904,1.00,1.75
2017.01.04 13:20:16.254,1.6901,1.69042,1.00,2.62
2017.01.04 13:20:16.580,1.69012,1.69044,1.00,2.62
2017.01.04 13:20:16.681,1.69013,1.69045,1.00,1.75
2017.01.04 13:20:16.832,1.69011,1.69045,1.12,2.25
2017.01.04 13:20:16.933,1.69014,1.69045,1.00,1.75
2017.01.04 13:20:17.084,1.69014,1.69045,1.00,1.00
2017.01.04 13:20:17.236,1.69017,1.69049,1.00,1.87
2017.01.04 13:20:17.569,1.69022,1.69055,1.00,1.12
2017.01.04 13:20:17.872,1.69003,1.69031,1.00,1.50
2017.01.04 13:20:18.174,1.69004,1.69028,1.00,1.00
2017.01.04 13:20:18.225,1.68996,1.69028,1.00,1.00
2017.01.04 13:20:18.333,1.68999,1.6903,1.00,1.37
2017.01.04 13:20:18.635,1.69002,1.69031,1.00,1.50
2017.01.04 13:20:19.249,1.68997,1.69022,1.00,1.00
2017.01.04 13:20:19.351,1.68987,1.69021,1.75,3.00
2017.01.04 13:20:19.401,1.68987,1.69019,1.37,1.12
2017.01.04 13:20:19.503,1.68987,1.69018,1.00,1.37
2017.01.04 13:20:20.156,1.68984,1.69018,1.00,1.37
2017.01.04 13:20:20.257,1.6899,1.69019,1.00,1.50
2017.01.04 13:20:20.358,1.68988,1.69019,1.00,1.50
2017.01.04 13:20:20.607,1.68984,1.69018,1.00,1.87
2017.01.04 13:20:21.574,1.68988,1.6902,1.37,1.75
2017.01.04 13:20:21.877,1.69002,1.69029,1.00,1.00
2017.01.04 13:20:21.978,1.69002,1.69032,1.00,1.00
2017.01.04 13:20:22.079,1.69,1.6903,1.00,1.50
2017.01.04 13:20:22.301,1.68983,1.69017,1.50,1.00
2017.01.04 13:20:22.351,1.68987,1.69018,1.00,1.00
2017.01.04 13:20:22.755,1.68989,1.69018,1.00,1.00
2017.01.04 13:20:23.324,1.68991,1.69022,1.37,1.37
2017.01.04 13:20:23.375,1.68999,1.69031,1.00,1.75
2017.01.04 13:20:23.426,1.69002,1.69033,1.00,1.37
2017.01.04 13:20:23.728,1.69012,1.69041,1.00,1.50
2017.01.04 13:20:23.779,1.69012,1.69041,1.00,1.50
2017.01.04 13:20:24.275,1.69011,1.69044,1.00,2.62
2017.01.04 13:20:24.376,1.69009,1.69041,1.00,1.00
2017.01.04 13:20:24.679,1.69012,1.69043,1.00,1.00
2017.01.04 13:20:24.982,1.69024,1.69054,1.00,1.00
2017.01.04 13:20:25.096,1.69021,1.69052,1.00,1.00
2017.01.04 13:20:25.147,1.69021,1.69054,1.00,1.00
2017.01.04 13:20:25.349,1.69026,1.69058,1.00,1.87
2017.01.04 13:20:25.545,1.69024,1.69058,1.00,2.25
2017.01.04 13:20:25.696,1.69025,1.69058,1.75,1.50
2017.01.04 13:20:25.797,1.69029,1.69063,1.50,1.12
2017.01.04 13:20:25.848,1.69033,1.69064,1.00,1.37
2017.01.04 13:20:26.392,1.69033,1.69064,1.00,1.00
2017.01.04 13:20:27.346,1.69034,1.69066,1.00,1.00
2017.01.04 13:20:27.447,1.69036,1.69068,1.00,1.50
2017.01.04 13:20:27.599,1.69035,1.6907,1.50,2.25
2017.01.04 13:20:27.700,1.69035,1.6907,1.00,2.25
2017.01.04 13:20:28.002,1.69032,1.69063,1.00,1.37
2017.01.04 13:20:28.546,1.6903,1.69062,1.00,1.00
2017.01.04 13:20:28.648,1.69026,1.69054,1.87,1.00
2017.01.04 13:20:28.699,1.69026,1.69058,1.87,2.25
2017.01.04 13:20:28.750,1.69027,1.69056,1.00,1.12
2017.01.04 13:20:29.003,1.69027,1.69061,1.50,2.25
2017.01.04 13:20:29.458,1.69024,1.69057,1.37,1.00
2017.01.04 13:20:29.754,1.6903,1.69063,1.00,1.00
2017.01.04 13:20:30.223,1.69028,1.69064,1.00,1.12
2017.01.04 13:20:30.424,1.6903,1.69064,1.00,1.37
2017.01.04 13:20:30.726,1.69032,1.69063,1.00,1.75
2017.01.04 13:20:31.650,1.69034,1.69066,1.00,2.25
2017.01.04 13:20:32.626,1.69032,1.69063,1.00,1.75
2017.01.04 13:20:32.727,1.69032,1.69066,1.00,1.50
2017.01.04 13:20:32.947,1.69031,1.69063,1.00,1.00
2017.01.04 13:20:33.221,1.69032,1.69066,1.00,1.50
2017.01.04 13:20:34.171,1.69035,1.69066,1.00,1.50
2017.01.04 13:20:34.423,1.69041,1.69074,1.00,1.87
2017.01.04 13:20:34.941,1.69043,1.69074,1.00,3.00
2017.01.04 13:20:35.041,1.6904,1.69074,1.00,1.87
2017.01.04 13:20:35.142,1.6904,1.69072,1.00,1.00
2017.01.04 13:20:35.445,1.69041,1.69068,1.00,1.00
2017.01.04 13:20:35.546,1.69041,1.69072,1.00,1.00
2017.01.04 13:20:36.050,1.6904,1.69072,1.00,1.50
2017.01.04 13:20:36.151,1.69042,1.69072,1.00,1.00
2017.01.04 13:20:36.345,1.69043,1.69077,1.50,1.00
2017.01.04 13:20:36.547,1.69046,1.69078,1.00,1.12
2017.01.04 13:20:36.861,1.69048,1.69079,1.00,1.87
2017.01.04 13:20:37.408,1.69049,1.69077,1.00,1.12
2017.01.04 13:20:37.459,1.69042,1.69074,1.00,1.00
2017.01.04 13:20:37.560,1.69042,1.69074,1.00,2.62
2017.01.04 13:20:37.963,1.69043,1.69077,1.50,1.87
2017.01.04 13:20:38.079,1.69047,1.69077,1.00,1.00
2017.01.04 13:20:38.381,1.6907,1.69091,1.00,2.55
2017.01.04 13:20:38.432,1.69078,1.69099,1.00,1.12
2017.01.04 13:20:38.534,1.69078,1.69104,1.00,2.25
2017.01.04 13:20:38.635,1.69081,1.69112,1.00,1.87
2017.01.04 13:20:38.838,1.69081,1.69112,1.00,1.12
2017.01.04 13:20:39.603,1.69081,1.69111,1.00,1.50
2017.01.04 13:20:39.753,1.69074,1.69105,1.12,1.00
2017.01.04 13:20:40.056,1.69071,1.69103,1.00,1.00
2017.01.04 13:20:40.157,1.6907,1.69099,1.00,1.00
2017.01.04 13:20:40.459,1.69069,1.69093,1.00,1.00
2017.01.04 13:20:40.510,1.69069,1.69097,1.00,1.00
2017.01.04 13:20:41.273,1.69068,1.69097,1.00,1.00
2017.01.04 13:20:41.371,1.69066,1.69097,1.00,1.00
2017.01.04 13:20:41.448,1.69076,1.69097,1.00,1.00
2017.01.04 13:20:41.600,1.69076,1.691,1.00,1.00
2017.01.04 13:20:41.902,1.69077,1.69097,1.00,1.00
2017.01.04 13:20:42.054,1.69076,1.69102,1.00,1.00
2017.01.04 13:20:42.155,1.69076,1.69108,1.00,1.00
2017.01.04 13:20:42.205,1.69079,1.69108,1.00,1.00
2017.01.04 13:20:42.407,1.69082,1.69112,1.00,1.12
2017.01.04 13:20:42.947,1.69081,1.69112,1.00,1.00
2017.01.04 13:20:43.664,1.6908,1.69111,1.00,1.00
2017.01.04 13:20:43.765,1.69076,1.6911,1.00,1.00
2017.01.04 13:20:43.866,1.69075,1.69104,1.12,1.00
2017.01.04 13:20:44.226,1.69081,1.69104,1.00,1.00
2017.01.04 13:20:44.327,1.69082,1.69107,1.00,1.00
2017.01.04 13:20:44.428,1.69079,1.69109,1.50,1.37
2017.01.04 13:20:44.755,1.69077,1.69109,1.50,1.50
2017.01.04 13:20:45.111,1.69077,1.69107,1.00,1.00
2017.01.04 13:20:45.262,1.69073,1.69105,1.50,1.00
2017.01.04 13:20:46.010,1.69073,1.69104,1.00,1.00
2017.01.04 13:20:46.061,1.69073,1.69101,1.00,1.00
2017.01.04 13:20:48.030,1.69073,1.69095,1.00,1.00
2017.01.04 13:20:48.182,1.6906,1.69092,1.50,1.00
2017.01.04 13:20:48.283,1.69061,1.69089,1.12,1.00
2017.01.04 13:20:48.941,1.69062,1.69089,1.00,1.00
2017.01.04 13:20:49.236,1.69063,1.69093,1.00,1.00
2017.01.04 13:20:50.496,1.69062,1.69093,1.00,1.00
2017.01.04 13:20:51.006,1.69063,1.69093,1.00,1.00
2017.01.04 13:20:51.534,1.69062,1.69093,1.00,1.00
2017.01.04 13:20:52.076,1.69061,1.69091,1.00,1.00
2017.01.04 13:20:52.329,1.69061,1.69094,1.00,1.12
2017.01.04 13:20:52.543,1.69063,1.69093,1.00,1.37
2017.01.04 13:20:52.847,1.69055,1.6908,1.50,1.00
2017.01.04 13:20:53.048,1.69044,1.69078,1.00,2.62
2017.01.04 13:20:53.099,1.69042,1.69074,1.00,1.87
2017.01.04 13:20:53.200,1.6904,1.69072,1.00,1.12
2017.01.04 13:20:53.301,1.69038,1.69072,1.12,1.12
2017.01.04 13:20:53.402,1.69038,1.69068,1.00,1.00
2017.01.04 13:20:53.665,1.69034,1.69065,1.12,1.00
2017.01.04 13:20:53.867,1.6903,1.69062,1.50,1.00
2017.01.04 13:20:53.968,1.69031,1.69059,1.00,1.00
2017.01.04 13:20:54.271,1.69029,1.6906,1.00,1.00
2017.01.04 13:20:54.674,1.69027,1.69059,1.00,1.50
2017.01.04 13:20:55.174,1.69027,1.69056,1.00,1.00
2017.01.04 13:20:55.426,1.69025,1.69055,1.00,1.00
2017.01.04 13:20:55.577,1.69023,1.69055,1.00,1.00
2017.01.04 13:20:56.080,1.69022,1.69055,1.00,1.87
2017.01.04 13:20:56.186,1.69022,1.69053,1.00,1.00
2017.01.04 13:20:56.648,1.69022,1.69054,1.50,1.87
2017.01.04 13:20:57.594,1.69022,1.69053,1.00,1.37
2017.01.04 13:20:57.947,1.6902,1.69051,1.37,1.37
2017.01.04 13:20:58.099,1.69016,1.69048,1.87,1.37
2017.01.04 13:20:58.301,1.6902,1.69052,1.00,2.62
2017.01.04 13:20:58.683,1.69018,1.69049,1.00,1.37
2017.01.04 13:20:59.228,1.69015,1.6905,1.87,1.37
2017.01.04 13:20:59.910,1.69017,1.6905,1.00,1.12
2017.01.04 13:21:00.011,1.69022,1.69054,1.50,1.87
2017.01.04 13:21:00.349,1.69025,1.69057,1.00,1.50
2017.01.04 13:21:00.400,1.69022,1.69056,1.00,2.25
2017.01.04 13:21:00.904,1.69026,1.69058,1.00,1.00
2017.01.04 13:21:00.954,1.69027,1.6906,1.00,1.00
2017.01.04 13:21:01.005,1.6903,1.69063,1.00,1.00
2017.01.04 13:21:01.511,1.69029,1.6906,1.12,1.00
2017.01.04 13:21:01.838,1.69021,1.69048,1.00,1.00
2017.01.04 13:21:02.151,1.69021,1.69051,1.00,1.00
2017.01.04 13:21:02.252,1.69021,1.69053,1.00,2.25
2017.01.04 13:21:02.403,1.69022,1.69055,1.00,1.50
2017.01.04 13:21:02.783,1.69021,1.69048,1.00,1.00
2017.01.04 13:21:03.216,1.69019,1.69045,1.37,1.12
2017.01.04 13:21:03.318,1.6901,1.69041,1.75,1.00
2017.01.04 13:21:03.368,1.6901,1.69038,1.75,1.12
2017.01.04 13:21:03.520,1.6901,1.69038,1.00,1.00
2017.01.04 13:21:03.655,1.69005,1.69038,1.00,1.00
2017.01.04 13:21:03.705,1.69007,1.69039,1.00,1.00
2017.01.04 13:21:04.008,1.6901,1.69041,1.00,1.00
2017.01.04 13:21:04.311,1.68999,1.69031,1.12,1.00
2017.01.04 13:21:04.412,1.69004,1.69036,1.00,1.00
2017.01.04 13:21:04.743,1.69011,1.6904,1.00,1.00
2017.01.04 13:21:04.793,1.69012,1.69046,1.12,1.50
2017.01.04 13:21:04.895,1.69016,1.69047,1.00,1.75
2017.01.04 13:21:04.996,1.69014,1.69046,1.00,1.50
2017.01.04 13:21:05.097,1.69014,1.69048,1.00,1.50
2017.01.04 13:21:05.199,1.69014,1.69046,1.00,1.50
2017.01.04 13:21:05.501,1.69011,1.69042,1.00,1.00
2017.01.04 13:21:05.804,1.69005,1.69035,1.00,1.00
2017.01.04 13:21:05.905,1.69004,1.69037,1.00,1.00
2017.01.04 13:21:06.057,1.69008,1.69037,1.00,1.00
2017.01.04 13:21:06.205,1.69007,1.6904,1.00,1.00
2017.01.04 13:21:06.408,1.6901,1.69041,1.00,1.00
2017.01.04 13:21:06.712,1.69022,1.69049,1.12,1.00
2017.01.04 13:21:06.813,1.69025,1.69057,1.00,1.00
2017.01.04 13:21:06.865,1.69028,1.69057,1.00,1.50
2017.01.04 13:21:07.118,1.69031,1.69065,1.50,1.50
2017.01.04 13:21:07.650,1.69031,1.69065,1.00,1.00
2017.01.04 13:21:07.802,1.6903,1.69061,1.00,1.00
2017.01.04 13:21:08.003,1.69027,1.6906,1.50,1.50
2017.01.04 13:21:08.104,1.69027,1.6906,1.00,1.75
2017.01.04 13:21:08.407,1.69029,1.69062,1.00,1.87
2017.01.04 13:21:08.558,1.69029,1.69062,1.50,2.25
2017.01.04 13:21:08.901,1.6903,1.69059,1.00,1.37
2017.01.04 13:21:08.951,1.69027,1.69058,1.00,1.00
2017.01.04 13:21:09.002,1.69027,1.69058,1.50,1.75
2017.01.04 13:21:09.506,1.69024,1.69056,1.00,1.12
2017.01.04 13:21:09.967,1.69024,1.69056,1.00,1.50
2017.01.04 13:21:10.118,1.6902,1.69053,1.50,1.12
2017.01.04 13:21:10.697,1.6902,1.69053,1.00,1.50
2017.01.04 13:21:10.848,1.69016,1.69049,1.00,1.12
2017.01.04 13:21:10.899,1.69015,1.69049,1.00,1.87
2017.01.04 13:21:11.000,1.69013,1.69045,1.00,1.12
2017.01.04 13:21:11.353,1.69014,1.69047,1.00,1.87
2017.01.04 13:21:11.817,1.69009,1.69042,1.00,1.00
2017.01.04 13:21:11.884,1.69012,1.69042,1.00,1.00
2017.01.04 13:21:12.221,1.69018,1.69042,1.00,1.00
2017.01.04 13:21:12.322,1.69018,1.6905,1.00,1.37
2017.01.04 13:21:12.625,1.69021,1.69051,1.00,1.87
2017.01.04 13:21:13.130,1.6902,1.69051,1.00,1.50
2017.01.04 13:21:13.433,1.69015,1.69049,1.00,2.62
2017.01.04 13:21:13.534,1.69021,1.69051,1.00,1.87
2017.01.04 13:21:13.784,1.69017,1.69051,1.50,1.50
2017.01.04 13:21:13.835,1.69021,1.69051,1.00,1.00
2017.01.04 13:21:14.115,1.69021,1.69053,1.00,1.00
2017.01.04 13:21:16.991,1.69023,1.69055,1.00,1.12
2017.01.04 13:21:17.293,1.69021,1.69055,1.00,1.00
2017.01.04 13:21:17.394,1.69023,1.69053,1.00,1.12
2017.01.04 13:21:17.698,1.69028,1.69059,1.00,1.12
2017.01.04 13:21:18.001,1.69023,1.69057,1.00,2.25
2017.01.04 13:21:18.203,1.69031,1.6906,1.00,1.12
2017.01.04 13:21:18.506,1.69036,1.69061,1.00,1.00
2017.01.04 13:21:18.874,1.69036,1.69069,1.00,1.12
2017.01.04 13:21:19.025,1.69033,1.69067,1.50,1.00
2017.01.04 13:21:19.076,1.69036,1.69067,1.00,1.00
2017.01.04 13:21:19.180,1.69033,1.69067,1.50,1.00
2017.01.04 13:21:19.533,1.69035,1.69067,1.00,1.00
2017.01.04 13:21:19.584,1.69033,1.69067,1.87,1.00
2017.01.04 13:21:19.635,1.69035,1.69067,1.00,1.00
2017.01.04 13:21:19.938,1.6904,1.69073,1.00,1.12
2017.01.04 13:21:20.039,1.6904,1.69074,1.00,2.25
2017.01.04 13:21:20.140,1.69039,1.69071,1.50,1.00
2017.01.04 13:21:20.241,1.69042,1.69076,1.00,1.87
2017.01.04 13:21:20.637,1.6904,1.69074,1.00,1.00
2017.01.04 13:21:22.291,1.6904,1.69072,1.00,1.00
2017.01.04 13:21:22.594,1.69033,1.69067,1.87,1.37
2017.01.04 13:21:22.847,1.69034,1.69066,1.00,1.00
2017.01.04 13:21:23.366,1.69034,1.69066,1.00,1.37
2017.01.04 13:21:23.416,1.6903,1.69062,1.00,1.00
2017.01.04 13:21:23.518,1.6903,1.6906,1.00,1.00
2017.01.04 13:21:23.615,1.69031,1.69062,1.00,1.00
2017.01.04 13:21:23.666,1.69031,1.69062,1.00,1.87
2017.01.04 13:21:23.767,1.6903,1.69062,1.00,2.62
2017.01.04 13:21:23.918,1.69032,1.69062,1.00,1.12
2017.01.04 13:21:24.609,1.6903,1.69063,1.00,2.25
2017.01.04 13:21:24.710,1.69032,1.69064,1.00,1.75
2017.01.04 13:21:24.963,1.69037,1.69068,1.00,1.12
2017.01.04 13:21:25.251,1.69027,1.69058,1.37,1.00
2017.01.04 13:21:25.453,1.69024,1.69058,1.00,1.50
2017.01.04 13:21:26.007,1.69026,1.69058,1.00,1.00
2017.01.04 13:21:26.553,1.69023,1.69055,1.00,1.00
2017.01.04 13:21:27.509,1.69022,1.69053,1.00,1.00
2017.01.04 13:21:27.761,1.69019,1.69051,1.00,1.00
2017.01.04 13:21:27.812,1.69018,1.69049,1.50,1.00
2017.01.04 13:21:28.114,1.69022,1.69056,2.25,1.37
2017.01.04 13:21:28.215,1.69025,1.69056,1.00,1.00
2017.01.04 13:21:28.727,1.69029,1.69057,2.25,1.00
2017.01.04 13:21:28.778,1.69029,1.69059,2.62,1.00
2017.01.04 13:21:28.929,1.69031,1.69064,1.00,1.75
2017.01.04 13:21:29.434,1.6903,1.69062,1.00,1.75
2017.01.04 13:21:30.123,1.69029,1.69061,1.00,1.50
2017.01.04 13:21:30.325,1.69026,1.6906,1.50,1.00
2017.01.04 13:21:30.628,1.69028,1.69058,1.00,1.00
2017.01.04 13:21:30.830,1.69028,1.6906,1.00,1.00
2017.01.04 13:21:30.931,1.69026,1.69057,1.50,1.00
2017.01.04 13:21:31.134,1.69022,1.69056,1.00,1.00
2017.01.04 13:21:31.235,1.69024,1.69056,1.00,1.00
2017.01.04 13:21:31.785,1.69022,1.69056,1.37,1.00
2017.01.04 13:21:31.987,1.69025,1.69059,1.00,1.00
2017.01.04 13:21:32.037,1.69028,1.6906,1.00,1.00
2017.01.04 13:21:33.587,1.69028,1.69059,1.00,1.00
2017.01.04 13:21:33.889,1.69026,1.69055,1.00,1.12
2017.01.04 13:21:33.940,1.69024,1.69055,1.00,1.50
2017.01.04 13:21:34.444,1.69024,1.69055,1.00,2.25
2017.01.04 13:21:35.027,1.6902,1.69052,1.00,1.00
2017.01.04 13:21:35.280,1.69021,1.6905,1.00,1.00
2017.01.04 13:21:35.330,1.69016,1.6905,1.12,1.50
2017.01.04 13:21:35.434,1.69019,1.69051,1.00,1.12
2017.01.04 13:21:35.636,1.69015,1.69049,1.37,1.00
2017.01.04 13:21:35.939,1.69013,1.69047,1.75,1.00
2017.01.04 13:21:36.076,1.69016,1.69049,1.12,1.00
2017.01.04 13:21:36.585,1.69016,1.6905,1.87,1.00
2017.01.04 13:21:37.342,1.69016,1.69048,1.87,1.00
2017.01.04 13:21:37.762,1.69015,1.69046,1.37,1.00
2017.01.04 13:21:38.065,1.69012,1.69038,1.50,1.00
2017.01.04 13:21:38.115,1.69012,1.69038,1.00,1.00
2017.01.04 13:21:38.267,1.69011,1.69036,1.00,1.00
2017.01.04 13:21:38.469,1.69003,1.69034,1.75,1.00
2017.01.04 13:21:38.992,1.69002,1.69035,2.25,1.00
2017.01.04 13:21:39.043,1.69,1.69031,2.25,1.00
2017.01.04 13:21:39.195,1.68997,1.6903,1.75,1.00
2017.01.04 13:21:39.346,1.69004,1.69035,1.00,1.50
2017.01.04 13:21:39.398,1.69006,1.69038,1.00,1.12
2017.01.04 13:21:39.600,1.69007,1.69041,1.75,1.00
2017.01.04 13:21:40.077,1.69011,1.69044,1.00,1.87
2017.01.04 13:21:40.615,1.69011,1.69043,1.00,1.12
2017.01.04 13:21:40.975,1.69007,1.69041,1.75,1.00
2017.01.04 13:21:41.366,1.69012,1.69046,1.00,1.00
2017.01.04 13:21:41.468,1.69012,1.69046,1.37,1.50
2017.01.04 13:21:41.821,1.69011,1.69045,1.12,1.00
2017.01.04 13:21:42.068,1.69011,1.69042,1.12,1.00
2017.01.04 13:21:42.370,1.69016,1.69045,1.87,1.12
2017.01.04 13:21:42.421,1.69016,1.6905,1.12,1.00
2017.01.04 13:21:42.524,1.69015,1.69046,1.50,1.00
2017.01.04 13:21:42.575,1.69017,1.69048,1.00,1.00
2017.01.04 13:21:42.827,1.69017,1.69048,1.00,2.25
2017.01.04 13:21:43.151,1.69015,1.69047,1.50,1.50
2017.01.04 13:21:43.252,1.69012,1.69043,1.75,1.00
2017.01.04 13:21:43.404,1.69009,1.69042,1.50,1.00
2017.01.04 13:21:44.017,1.6901,1.69042,1.00,1.00
2017.01.04 13:21:44.548,1.69009,1.69042,1.00,1.00
2017.01.04 13:21:44.940,1.69009,1.69042,1.37,1.00
2017.01.04 13:21:45.344,1.69011,1.69042,1.50,1.00
2017.01.04 13:21:45.646,1.6901,1.69036,1.87,1.00
2017.01.04 13:21:45.848,1.69009,1.69037,1.37,1.00
2017.01.04 13:21:46.368,1.69007,1.69036,1.37,1.00
2017.01.04 13:21:46.469,1.6901,1.69036,1.37,1.00
2017.01.04 13:21:46.767,1.69008,1.69036,1.37,1.00
2017.01.04 13:21:47.271,1.69007,1.69038,1.00,1.00
2017.01.04 13:21:47.479,1.69005,1.69037,1.00,1.00
2017.01.04 13:21:48.073,1.69004,1.69036,1.00,1.00
2017.01.04 13:21:48.686,1.69002,1.69034,1.12,1.00
2017.01.04 13:21:48.989,1.69004,1.69036,1.00,1.00
2017.01.04 13:21:49.417,1.69002,1.69034,1.12,1.00
2017.01.04 13:21:50.103,1.69002,1.69034,1.50,1.00
2017.01.04 13:21:50.445,1.69002,1.69034,3.00,1.00
2017.01.04 13:21:50.646,1.69005,1.69037,1.00,1.00
2017.01.04 13:21:51.057,1.69002,1.69035,1.50,1.00
2017.01.04 13:21:51.158,1.69002,1.69035,1.87,1.00
2017.01.04 13:21:51.613,1.69002,1.69034,3.37,1.00
2017.01.04 13:21:51.929,1.69002,1.69032,2.62,1.00
2017.01.04 13:21:52.131,1.69003,1.69037,1.00,1.00
2017.01.04 13:21:52.558,1.69007,1.69038,1.00,1.00
2017.01.04 13:21:52.660,1.69005,1.69037,1.00,1.00
2017.01.04 13:21:52.914,1.69002,1.69033,1.12,1.00
2017.01.04 13:21:53.132,1.69002,1.69035,1.12,1.00
2017.01.04 13:21:54.087,1.69002,1.69035,1.50,1.00
2017.01.04 13:21:54.417,1.69005,1.69035,1.12,1.00
2017.01.04 13:21:54.721,1.69004,1.69038,1.87,1.00
2017.01.04 13:21:55.263,1.69007,1.69039,1.50,1.00
2017.01.04 13:21:56.439,1.69005,1.69037,1.75,1.00
2017.01.04 13:21:56.540,1.69009,1.69041,1.00,1.50
2017.01.04 13:21:56.642,1.69006,1.69039,1.75,1.00
2017.01.04 13:21:57.248,1.69005,1.69038,3.00,1.00
2017.01.04 13:21:57.349,1.69006,1.6904,1.37,1.00
2017.01.04 13:21:57.701,1.69006,1.6904,1.87,1.00
2017.01.04 13:21:57.752,1.69006,1.69037,1.00,1.87
2017.01.04 13:21:57.803,1.69006,1.69034,1.00,1.00
2017.01.04 13:21:57.954,1.68999,1.69028,1.00,1.12
2017.01.04 13:21:58.055,1.68999,1.69027,1.37,1.00
2017.01.04 13:21:58.408,1.69,1.69027,1.37,1.00
2017.01.04 13:21:58.459,1.69,1.69031,1.37,1.00
2017.01.04 13:21:58.509,1.69,1.69031,1.75,1.00
2017.01.04 13:21:58.560,1.69004,1.69035,1.37,1.00
2017.01.04 13:21:58.762,1.69004,1.69034,1.12,1.00
2017.01.04 13:21:58.813,1.69004,1.69031,1.12,1.00
2017.01.04 13:21:58.864,1.68999,1.69028,1.37,1.00
2017.01.04 13:21:58.915,1.68999,1.69025,1.00,1.00
2017.01.04 13:21:58.965,1.68994,1.69024,1.75,1.00
2017.01.04 13:21:59.067,1.68991,1.69021,1.00,1.37
2017.01.04 13:21:59.117,1.68991,1.69018,1.00,1.00
2017.01.04 13:21:59.168,1.68986,1.69017,1.00,1.00
2017.01.04 13:21:59.269,1.68985,1.69015,1.00,1.00
2017.01.04 13:21:59.371,1.68984,1.69017,1.37,1.00
2017.01.04 13:21:59.472,1.68982,1.69014,1.87,1.00
2017.01.04 13:21:59.798,1.68977,1.69011,1.37,1.00
2017.01.04 13:21:59.849,1.68977,1.69009,1.12,1.00
2017.01.04 13:21:59.950,1.68979,1.69008,1.00,1.00
2017.01.04 13:22:00.051,1.68972,1.69005,3.37,1.00
2017.01.04 13:22:00.129,1.68972,1.69003,1.87,1.00
2017.01.04 13:22:00.234,1.68984,1.69016,1.00,1.12
2017.01.04 13:22:00.285,1.68985,1.69016,1.50,1.00
2017.01.04 13:22:00.336,1.68986,1.69018,1.37,1.37
2017.01.04 13:22:00.488,1.68992,1.69023,1.12,1.12
2017.01.04 13:22:00.627,1.68995,1.69028,1.00,1.50
2017.01.04 13:22:00.729,1.68992,1.69026,1.50,1.00
2017.01.04 13:22:00.954,1.68994,1.69025,1.00,1.00
2017.01.04 13:22:01.357,1.68997,1.69025,1.00,1.00
2017.01.04 13:22:01.559,1.68994,1.69023,1.00,1.00
2017.01.04 13:22:01.666,1.68994,1.69026,1.00,1.50
2017.01.04 13:22:01.912,1.68994,1.69024,1.00,1.00
2017.01.04 13:22:02.265,1.68994,1.69023,1.87,1.12
2017.01.04 13:22:02.367,1.69,1.69031,1.00,1.12
2017.01.04 13:22:02.468,1.68998,1.69031,1.00,1.00
2017.01.04 13:22:02.569,1.69001,1.69033,1.00,1.50
2017.01.04 13:22:02.916,1.69006,1.69033,1.00,1.00
2017.01.04 13:22:02.967,1.69001,1.69033,1.12,1.00
2017.01.04 13:22:03.119,1.69001,1.69035,1.00,1.50
2017.01.04 13:22:03.169,1.69,1.69032,1.00,1.50
2017.01.04 13:22:03.648,1.68998,1.69031,1.50,1.00
2017.01.04 13:22:03.950,1.69001,1.69034,1.00,1.00
2017.01.04 13:22:04.253,1.69003,1.69033,1.00,1.00
2017.01.04 13:22:04.600,1.69007,1.69037,1.12,1.50
2017.01.04 13:22:04.903,1.69009,1.69037,1.37,1.00
2017.01.04 13:22:05.054,1.6901,1.69041,1.12,1.00
2017.01.04 13:22:05.156,1.6901,1.69039,1.37,1.00
2017.01.04 13:22:05.207,1.6901,1.69041,1.12,1.00
2017.01.04 13:22:05.409,1.69011,1.69041,1.37,1.00
2017.01.04 13:22:05.560,1.69006,1.69037,1.37,1.00
2017.01.04 13:22:05.897,1.69013,1.69036,1.00,1.00
2017.01.04 13:22:05.948,1.69015,1.69046,1.00,1.75
2017.01.04 13:22:06.049,1.69015,1.69046,1.50,1.50
2017.01.04 13:22:06.100,1.69015,1.69047,1.50,1.50
2017.01.04 13:22:06.150,1.69015,1.69039,1.37,1.00
2017.01.04 13:22:06.402,1.69007,1.69039,1.50,1.87
2017.01.04 13:22:06.739,1.69009,1.6904,1.00,1.87
2017.01.04 13:22:06.840,1.69009,1.69043,1.00,1.87
2017.01.04 13:22:06.891,1.69009,1.69042,1.37,1.00
2017.01.04 13:22:07.224,1.69019,1.69046,1.00,1.12
2017.01.04 13:22:07.526,1.69025,1.69051,1.00,1.00
2017.01.04 13:22:07.743,1.69024,1.69053,1.12,1.00
2017.01.04 13:22:08.069,1.69022,1.69056,1.87,1.00
2017.01.04 13:22:08.120,1.69024,1.69054,1.87,1.00
2017.01.04 13:22:08.473,1.69024,1.69052,2.25,1.00
2017.01.04 13:22:08.825,1.69022,1.69052,1.12,1.00
2017.01.04 13:22:08.876,1.69026,1.69052,1.00,1.00
2017.01.04 13:22:09.198,1.69032,1.69066,1.37,1.12
2017.01.04 13:22:09.463,1.69034,1.69064,1.00,1.00
2017.01.04 13:22:09.514,1.69025,1.69058,1.75,1.00
2017.01.04 13:22:09.867,1.6903,1.69057,1.00,1.00
2017.01.04 13:22:09.968,1.69031,1.69063,1.87,1.87
2017.01.04 13:22:10.019,1.69034,1.69063,1.12,1.50
2017.01.04 13:22:10.120,1.69036,1.69063,1.00,1.00
2017.01.04 13:22:10.170,1.69036,1.69065,1.00,1.12
2017.01.04 13:22:10.271,1.69037,1.6907,1.00,1.75
2017.01.04 13:22:10.524,1.69037,1.6907,1.00,2.62
2017.01.04 13:22:10.688,1.69035,1.69067,1.50,1.00
2017.01.04 13:22:10.992,1.69033,1.69065,1.37,1.00
2017.01.04 13:22:11.176,1.69035,1.69067,1.00,1.00
2017.01.04 13:22:11.479,1.69038,1.6907,1.00,1.50
2017.01.04 13:22:11.782,1.69029,1.69061,1.00,1.00
2017.01.04 13:22:12.176,1.69031,1.69061,1.00,1.00
2017.01.04 13:22:12.547,1.69031,1.69058,1.00,1.00
2017.01.04 13:22:12.699,1.69028,1.69058,2.25,1.00
2017.01.04 13:22:12.850,1.69028,1.6906,1.12,1.00
2017.01.04 13:22:12.951,1.69027,1.6905,1.00,1.00
2017.01.04 13:22:13.002,1.69023,1.6905,1.12,1.00
2017.01.04 13:22:13.052,1.69022,1.69048,1.00,1.00
2017.01.04 13:22:13.154,1.69022,1.69052,1.00,1.87
2017.01.04 13:22:13.368,1.69029,1.69059,2.62,1.50
2017.01.04 13:22:13.419,1.6903,1.69059,1.12,1.50
2017.01.04 13:22:13.656,1.6903,1.69063,1.87,1.00
2017.01.04 13:22:13.707,1.69033,1.69063,1.00,1.00
2017.01.04 13:22:14.010,1.69033,1.69059,1.00,1.00
2017.01.04 13:22:14.618,1.69034,1.69059,1.00,1.00
2017.01.04 13:22:15.196,1.69032,1.69059,1.50,1.00
2017.01.04 13:22:15.656,1.69032,1.69063,3.00,1.00
2017.01.04 13:22:16.061,1.69034,1.69063,1.00,1.00
2017.01.04 13:22:16.365,1.69031,1.69059,1.50,1.00
2017.01.04 13:22:16.888,1.6903,1.69059,3.00,1.00
2017.01.04 13:22:17.255,1.69033,1.69059,1.50,1.00
2017.01.04 13:22:17.881,1.69035,1.69058,1.00,1.00
2017.01.04 13:22:17.982,1.69034,1.69062,1.00,1.00
2017.01.04 13:22:18.269,1.69038,1.69063,1.00,1.12
2017.01.04 13:22:18.420,1.6903,1.69057,1.00,1.00
2017.01.04 13:22:18.471,1.69026,1.69051,1.87,1.00
2017.01.04 13:22:18.521,1.69025,1.69051,1.37,1.00
2017.01.04 13:22:18.572,1.69023,1.69049,1.37,1.00
2017.01.04 13:22:18.623,1.69022,1.69049,1.50,1.00
2017.01.04 13:22:18.673,1.69022,1.69046,1.00,1.00
2017.01.04 13:22:18.724,1.69019,1.69046,1.00,1.00
2017.01.04 13:22:18.876,1.69018,1.69043,1.12,1.00
2017.01.04 13:22:19.178,1.69015,1.69041,1.50,1.00
2017.01.04 13:22:19.380,1.6902,1.69051,3.00,1.12
2017.01.04 13:22:19.431,1.69025,1.69051,1.00,1.00
2017.01.04 13:22:19.593,1.69023,1.69053,1.75,1.00
2017.01.04 13:22:19.644,1.69024,1.69053,1.00,1.00
2017.01.04 13:22:19.695,1.69021,1.69049,1.50,1.00
2017.01.04 13:22:19.746,1.69021,1.69049,1.50,1.00
2017.01.04 13:22:19.898,1.69021,1.69043,1.12,1.00
2017.01.04 13:22:19.999,1.69019,1.69046,1.50,1.00
2017.01.04 13:22:20.100,1.69021,1.69049,1.12,1.00
2017.01.04 13:22:20.302,1.69022,1.69054,1.00,1.00
2017.01.04 13:22:20.504,1.69021,1.69048,1.87,1.00
2017.01.04 13:22:20.821,1.69021,1.69048,2.62,1.00
2017.01.04 13:22:20.872,1.69021,1.69052,2.25,1.00
2017.01.04 13:22:21.686,1.69022,1.69053,1.00,1.00
2017.01.04 13:22:21.989,1.6902,1.6905,1.37,1.12
2017.01.04 13:22:22.291,1.69016,1.69043,1.00,1.00
2017.01.04 13:22:22.442,1.69008,1.69038,1.50,1.00
2017.01.04 13:22:22.586,1.69004,1.69036,2.62,1.00
2017.01.04 13:22:22.637,1.69003,1.69033,1.50,1.00
2017.01.04 13:22:22.738,1.69001,1.6903,1.00,1.00
2017.01.04 13:22:23.261,1.68999,1.69029,1.50,1.00
2017.01.04 13:22:23.640,1.68997,1.69024,1.87,1.00
2017.01.04 13:22:23.691,1.68993,1.69024,1.75,1.00
2017.01.04 13:22:23.741,1.68995,1.69018,1.12,1.00
2017.01.04 13:22:23.842,1.68995,1.69022,1.12,1.00
2017.01.04 13:22:24.960,1.68992,1.69021,1.75,1.00
2017.01.04 13:22:25.313,1.68992,1.69018,1.75,1.00
2017.01.04 13:22:25.363,1.68991,1.69018,1.00,1.00
2017.01.04 13:22:25.853,1.68986,1.69015,1.75,1.00
2017.01.04 13:22:25.954,1.68986,1.69014,1.00,1.00
2017.01.04 13:22:26.005,1.68982,1.69014,2.25,1.00
2017.01.04 13:22:26.055,1.68982,1.69012,1.75,1.00
2017.01.04 13:22:26.573,1.68982,1.69011,1.75,1.00
2017.01.04 13:22:26.631,1.68984,1.69013,1.12,1.00
2017.01.04 13:22:26.732,1.68984,1.69011,1.12,1.00
2017.01.04 13:22:26.833,1.68986,1.69017,1.00,1.00
2017.01.04 13:22:27.287,1.68983,1.69017,1.87,1.12
2017.01.04 13:22:27.449,1.68976,1.69005,1.12,1.00
2017.01.04 13:22:27.500,1.68973,1.69005,1.50,1.00
2017.01.04 13:22:27.551,1.68973,1.69005,1.12,1.00
2017.01.04 13:22:27.702,1.68979,1.69004,1.00,1.00
2017.01.04 13:22:27.753,1.6898,1.69012,1.00,1.00
2017.01.04 13:22:27.955,1.68981,1.69015,1.00,1.00
2017.01.04 13:22:28.518,1.6898,1.69014,1.87,1.00
2017.01.04 13:22:28.619,1.68979,1.69011,1.87,1.00
2017.01.04 13:22:29.029,1.68981,1.69013,1.00,1.00
2017.01.04 13:22:29.414,1.68979,1.69011,2.25,1.00
2017.01.04 13:22:29.717,1.68992,1.69023,1.00,1.00
2017.01.04 13:22:30.507,1.68993,1.69023,1.00,1.00
2017.01.04 13:22:31.176,1.68993,1.69024,1.00,1.00
2017.01.04 13:22:31.529,1.68994,1.69028,1.00,1.00
2017.01.04 13:22:31.630,1.68993,1.69025,1.00,1.00
2017.01.04 13:22:31.834,1.68993,1.69027,1.50,1.00
2017.01.04 13:22:31.935,1.68995,1.69027,1.00,1.00
2017.01.04 13:22:32.036,1.68995,1.69029,1.50,1.50
2017.01.04 13:22:32.258,1.68996,1.69027,1.00,1.00
2017.01.04 13:22:32.574,1.68993,1.69025,1.00,1.37
2017.01.04 13:22:32.877,1.68992,1.69023,1.75,1.37
2017.01.04 13:22:32.978,1.68991,1.69021,1.00,1.37
2017.01.04 13:22:33.230,1.6899,1.69021,1.50,1.37
2017.01.04 13:22:33.382,1.68991,1.69025,1.12,1.87
2017.01.04 13:22:33.932,1.68991,1.69023,1.50,1.12
2017.01.04 13:22:34.423,1.6899,1.69025,2.62,1.87
2017.01.04 13:22:34.574,1.68992,1.69026,1.00,1.00
2017.01.04 13:22:34.876,1.6899,1.6902,1.50,1.00
2017.01.04 13:22:35.080,1.68988,1.69022,1.50,1.37
2017.01.04 13:22:35.181,1.68988,1.69022,1.00,1.00
2017.01.04 13:22:35.357,1.68995,1.69022,1.00,1.00
2017.01.04 13:22:35.459,1.68998,1.69028,1.00,1.37
2017.01.04 13:22:35.511,1.69,1.69031,1.00,1.75
2017.01.04 13:22:35.612,1.69003,1.69031,1.00,1.00
2017.01.04 13:22:35.663,1.69003,1.69034,1.00,1.12
2017.01.04 13:22:35.865,1.69002,1.69032,1.37,1.00
2017.01.04 13:22:35.916,1.69001,1.69032,1.00,1.00
2017.01.04 13:22:36.459,1.69002,1.69032,1.00,1.00
2017.01.04 13:22:36.977,1.69002,1.69031,1.00,1.00
2017.01.04 13:22:37.028,1.68999,1.69031,2.62,1.00
2017.01.04 13:22:37.079,1.69,1.69034,1.00,1.37
2017.01.04 13:22:37.624,1.69,1.69032,1.00,1.00
2017.01.04 13:22:37.800,1.69002,1.69032,1.00,1.00
2017.01.04 13:22:38.269,1.69003,1.6903,1.00,1.00
2017.01.04 13:22:38.319,1.69,1.69032,1.00,1.12
2017.01.04 13:22:38.460,1.68999,1.6903,1.00,1.00
2017.01.04 13:22:38.712,1.68997,1.6903,1.12,1.00
2017.01.04 13:22:38.813,1.68999,1.6903,1.00,1.00
2017.01.04 13:22:39.166,1.69,1.69033,1.00,1.00
2017.01.04 13:22:39.267,1.69004,1.69037,1.00,1.50
2017.01.04 13:22:39.368,1.69,1.69034,1.12,1.00
2017.01.04 13:22:39.843,1.68999,1.69032,1.00,1.00
2017.01.04 13:22:40.369,1.69,1.69029,1.12,1.00
2017.01.04 13:22:40.621,1.69007,1.69038,1.00,1.00
2017.01.04 13:22:40.773,1.69005,1.69037,1.00,1.00
2017.01.04 13:22:41.297,1.69004,1.69036,1.50,1.00
2017.01.04 13:22:41.942,1.69005,1.69037,1.00,1.00
2017.01.04 13:22:42.043,1.69004,1.69036,1.00,1.37
2017.01.04 13:22:42.538,1.69004,1.69036,1.00,1.50
2017.01.04 13:22:43.080,1.69004,1.69036,1.00,1.87
2017.01.04 13:22:43.626,1.69003,1.69034,1.00,1.37
2017.01.04 13:22:43.677,1.68999,1.69033,1.75,1.12
2017.01.04 13:22:44.316,1.69001,1.69033,1.00,1.87
2017.01.04 13:22:44.618,1.68991,1.69022,1.12,1.00
2017.01.04 13:22:44.719,1.68989,1.6902,1.12,1.00
2017.01.04 13:22:45.044,1.6899,1.69022,1.00,1.00
2017.01.04 13:22:46.459,1.68989,1.69023,1.87,1.12
2017.01.04 13:22:46.729,1.68992,1.69023,1.00,1.12
2017.01.04 13:22:47.328,1.68989,1.69023,1.00,1.12
2017.01.04 13:22:47.480,1.68988,1.6902,1.00,1.00
2017.01.04 13:22:47.986,1.68986,1.69019,1.00,1.00
2017.01.04 13:22:48.188,1.68986,1.69014,1.00,1.00
2017.01.04 13:22:48.390,1.68986,1.69018,1.00,1.00
2017.01.04 13:22:48.616,1.68984,1.69018,2.62,1.00
2017.01.04 13:22:48.667,1.68987,1.6902,1.00,1.37
2017.01.04 13:22:49.177,1.68988,1.69021,1.00,1.50
2017.01.04 13:22:49.563,1.68998,1.69026,1.00,1.50
2017.01.04 13:22:49.613,1.68996,1.69028,1.00,1.37
2017.01.04 13:22:49.664,1.68994,1.69023,1.00,1.00
2017.01.04 13:22:49.816,1.68992,1.69024,1.00,1.50
2017.01.04 13:22:49.917,1.68989,1.69023,1.00,1.00
2017.01.04 13:22:50.018,1.68989,1.69023,1.50,1.37
2017.01.04 13:22:50.320,1.68985,1.69017,1.87,1.00
2017.01.04 13:22:50.371,1.68987,1.6902,1.00,1.12
2017.01.04 13:22:50.573,1.6899,1.69022,1.00,1.50
2017.01.04 13:22:50.825,1.68993,1.69025,1.00,1.00
2017.01.04 13:22:50.876,1.68995,1.69027,1.00,1.00
2017.01.04 13:22:51.394,1.68994,1.69027,1.00,1.50
2017.01.04 13:22:51.697,1.68994,1.69025,1.00,1.00
2017.01.04 13:22:52.397,1.68994,1.69027,1.00,1.00
2017.01.04 13:22:53.128,1.68993,1.69027,1.87,1.00
2017.01.04 13:22:53.762,1.68996,1.69028,1.00,1.50
2017.01.04 13:22:54.105,1.68994,1.69026,1.50,1.00
2017.01.04 13:22:54.619,1.68995,1.69028,1.00,1.37
2017.01.04 13:22:55.491,1.68993,1.69027,2.62,1.37
2017.01.04 13:22:55.642,1.68993,1.69024,1.12,1.50
2017.01.04 13:22:55.744,1.6899,1.69023,1.12,1.00
2017.01.04 13:22:55.794,1.68993,1.69024,1.00,1.00
2017.01.04 13:22:56.198,1.6899,1.69023,1.00,1.00
2017.01.04 13:22:56.508,1.68992,1.69025,1.00,1.00
2017.01.04 13:22:56.986,1.68994,1.69028,1.00,1.50
2017.01.04 13:22:57.505,1.68994,1.69028,1.00,1.87
2017.01.04 13:22:58.009,1.68994,1.69028,1.00,1.00
2017.01.04 13:22:58.228,1.68994,1.69025,1.00,1.00
2017.01.04 13:22:58.807,1.68994,1.69026,1.00,1.00
2017.01.04 13:22:59.314,1.68994,1.69025,1.00,1.00
2017.01.04 13:23:00.334,1.68992,1.69024,1.87,1.00
2017.01.04 13:23:00.435,1.68992,1.69026,1.87,1.00
2017.01.04 13:23:00.536,1.68992,1.69024,1.00,1.37
2017.01.04 13:23:00.738,1.68987,1.69021,1.00,1.00
2017.01.04 13:23:00.909,1.68989,1.69021,1.00,1.00
2017.01.04 13:23:01.819,1.68987,1.69021,1.87,1.00
2017.01.04 13:23:02.121,1.68988,1.69022,1.50,1.00
2017.01.04 13:23:02.594,1.68994,1.69026,1.00,1.50
2017.01.04 13:23:02.745,1.6899,1.69024,3.37,1.00
2017.01.04 13:23:02.846,1.6899,1.69021,1.37,1.00
2017.01.04 13:23:03.250,1.6899,1.69024,1.50,1.00
2017.01.04 13:23:03.753,1.68991,1.6902,1.00,1.00
2017.01.04 13:23:03.928,1.6899,1.69023,1.50,1.00
2017.01.04 13:23:04.230,1.68991,1.69025,1.00,1.87
2017.01.04 13:23:04.281,1.68991,1.69025,1.00,1.87
2017.01.04 13:23:04.792,1.68991,1.69023,1.00,1.37
2017.01.04 13:23:05.316,1.68991,1.69025,1.00,1.50
2017.01.04 13:23:05.417,1.6899,1.69023,1.00,1.00
2017.01.04 13:23:05.738,1.68991,1.69025,1.00,1.00
2017.01.04 13:23:06.242,1.68993,1.69025,1.00,1.00
2017.01.04 13:23:06.494,1.6899,1.69023,1.00,1.00
2017.01.04 13:23:06.953,1.6899,1.69021,2.62,1.00
2017.01.04 13:23:07.054,1.68992,1.69023,1.00,1.00
2017.01.04 13:23:07.256,1.68993,1.69025,1.00,1.12
2017.01.04 13:23:07.774,1.68994,1.69025,1.00,1.00
2017.01.04 13:23:08.128,1.68997,1.69026,1.00,1.37
2017.01.04 13:23:08.329,1.68995,1.69026,1.00,1.12
2017.01.04 13:23:08.481,1.68995,1.69026,1.00,1.37
2017.01.04 13:23:08.633,1.68992,1.69026,2.25,1.37
2017.01.04 13:23:09.415,1.68992,1.69026,1.87,1.12
2017.01.04 13:23:09.977,1.68992,1.69026,1.87,1.37
2017.01.04 13:23:10.043,1.68995,1.69026,1.00,1.87
2017.01.04 13:23:10.615,1.68995,1.69026,1.00,1.00
2017.01.04 13:23:11.164,1.68997,1.69026,1.00,1.00
2017.01.04 13:23:12.572,1.68998,1.69026,1.00,1.37
2017.01.04 13:23:12.862,1.68986,1.69017,1.50,1.00
2017.01.04 13:23:12.963,1.68987,1.69017,1.87,1.00
2017.01.04 13:23:13.064,1.68987,1.69017,1.50,1.00
2017.01.04 13:23:13.165,1.6899,1.69019,1.12,1.00
2017.01.04 13:23:13.427,1.6899,1.69023,1.00,1.50
2017.01.04 13:23:13.931,1.6899,1.69021,1.87,1.00
2017.01.04 13:23:14.474,1.6899,1.69022,1.00,1.00
2017.01.04 13:23:15.045,1.6899,1.69023,1.50,1.00
2017.01.04 13:23:15.536,1.68989,1.6902,2.62,1.00
2017.01.04 13:23:15.861,1.68994,1.69026,1.00,1.00
2017.01.04 13:23:16.373,1.68996,1.69027,1.00,1.00
2017.01.04 13:23:17.377,1.68996,1.69029,1.00,2.62
2017.01.04 13:23:17.892,1.68996,1.6903,1.00,3.00
2017.01.04 13:23:18.066,1.68996,1.69027,1.00,1.00
2017.01.04 13:23:18.374,1.68997,1.69029,1.00,1.00
2017.01.04 13:23:18.735,1.68996,1.69027,1.00,1.00
2017.01.04 13:23:18.836,1.68997,1.6903,1.00,1.50
2017.01.04 13:23:19.250,1.68998,1.69032,1.87,1.00
2017.01.04 13:23:19.301,1.68998,1.69032,1.87,1.37
2017.01.04 13:23:19.607,1.68998,1.69028,1.50,1.00
2017.01.04 13:23:19.942,1.68998,1.69032,2.25,1.37
2017.01.04 13:23:20.455,1.68998,1.69031,1.12,1.12
2017.01.04 13:23:20.999,1.68998,1.69031,1.12,1.37
2017.01.04 13:23:21.238,1.68998,1.69028,1.12,1.00
2017.01.04 13:23:21.541,1.68998,1.69032,1.87,1.00
2017.01.04 13:23:21.642,1.68998,1.6903,1.12,1.00
2017.01.04 13:23:22.164,1.68998,1.69029,1.12,1.00
2017.01.04 13:23:22.684,1.68998,1.69032,1.87,1.12
2017.01.04 13:23:22.973,1.68998,1.6903,1.00,1.00
2017.01.04 13:23:23.676,1.68998,1.69029,1.00,1.00
2017.01.04 13:23:24.206,1.68998,1.6903,1.00,1.00
2017.01.04 13:23:24.749,1.68999,1.69031,1.00,1.12
2017.01.04 13:23:25.051,1.68996,1.69026,1.00,1.00
2017.01.04 13:23:25.556,1.68994,1.69028,1.37,1.37
2017.01.04 13:23:25.897,1.68994,1.69024,1.37,1.00
2017.01.04 13:23:26.251,1.68997,1.69031,1.00,3.00
2017.01.04 13:23:26.352,1.68997,1.69031,1.00,3.75
2017.01.04 13:23:26.504,1.68996,1.69029,1.00,1.37
2017.01.04 13:23:27.023,1.68995,1.69029,1.87,1.87
2017.01.04 13:23:27.357,1.68991,1.69023,1.50,1.37
2017.01.04 13:23:27.896,1.68993,1.69027,1.00,1.37
2017.01.04 13:23:28.360,1.68991,1.69023,1.87,1.37
2017.01.04 13:23:28.991,1.68992,1.69023,1.00,1.37
2017.01.04 13:23:29.193,1.68994,1.69025,1.00,1.00
2017.01.04 13:23:29.798,1.68994,1.69028,2.62,1.37
2017.01.04 13:23:30.309,1.68994,1.69028,3.37,1.37
2017.01.04 13:23:30.986,1.68995,1.69028,1.00,1.50
2017.01.04 13:23:31.546,1.68994,1.69028,3.37,1.50
2017.01.04 13:23:32.409,1.68995,1.69027,1.00,1.12
2017.01.04 13:23:32.510,1.68995,1.69029,1.50,1.12
2017.01.04 13:23:32.611,1.68995,1.69026,1.00,1.37
2017.01.04 13:23:32.918,1.68991,1.69023,1.00,3.00
2017.01.04 13:23:33.248,1.68998,1.69028,1.00,1.37
2017.01.04 13:23:33.299,1.68998,1.69028,1.00,1.00
2017.01.04 13:23:33.758,1.69001,1.6903,1.00,1.12
2017.01.04 13:23:33.809,1.69001,1.69029,1.00,1.00
2017.01.04 13:23:34.312,1.69,1.69031,1.00,1.87
2017.01.04 13:23:35.319,1.69,1.69032,1.00,3.75
2017.01.04 13:23:35.370,1.69,1.69031,1.00,1.00
2017.01.04 13:23:35.916,1.69,1.69032,1.00,3.75
2017.01.04 13:23:37.831,1.68997,1.69031,1.00,1.37
2017.01.04 13:23:38.352,1.68997,1.69028,1.00,1.00
2017.01.04 13:23:38.881,1.68998,1.69028,1.00,1.00
2017.01.04 13:23:38.931,1.68998,1.69028,1.00,2.25
2017.01.04 13:23:39.032,1.68998,1.69027,1.00,1.87
2017.01.04 13:23:39.133,1.68998,1.69028,1.00,1.00
2017.01.04 13:23:39.635,1.68998,1.6903,1.00,1.75
2017.01.04 13:23:40.197,1.68998,1.69029,1.00,1.37
2017.01.04 13:23:40.499,1.69003,1.69031,1.00,1.00
2017.01.04 13:23:40.651,1.69008,1.69041,1.00,1.50
2017.01.04 13:23:40.752,1.69011,1.69043,1.00,1.50
2017.01.04 13:23:40.802,1.69013,1.69043,1.00,1.00
2017.01.04 13:23:40.853,1.69013,1.69045,1.50,1.12
2017.01.04 13:23:41.155,1.69018,1.69048,1.00,1.12
2017.01.04 13:23:41.666,1.69017,1.69047,1.00,1.00
2017.01.04 13:23:41.766,1.69015,1.69047,1.00,1.50
2017.01.04 13:23:41.918,1.69015,1.69046,1.00,1.87
2017.01.04 13:23:41.968,1.69012,1.69039,1.50,1.00
2017.01.04 13:23:42.069,1.69009,1.69038,1.00,1.00
2017.01.04 13:23:42.221,1.69009,1.6904,1.00,2.25
2017.01.04 13:23:42.322,1.69009,1.69037,1.00,1.00
2017.01.04 13:23:42.524,1.69005,1.69037,1.00,1.00
2017.01.04 13:23:43.492,1.69005,1.69038,1.50,1.12
2017.01.04 13:23:43.644,1.69008,1.69039,1.00,1.00
2017.01.04 13:23:43.946,1.69011,1.69041,1.00,1.12
2017.01.04 13:23:44.559,1.6901,1.69041,1.50,1.00
2017.01.04 13:23:45.063,1.69009,1.69041,1.12,1.00
2017.01.04 13:23:45.396,1.69013,1.69043,1.50,1.00
2017.01.04 13:23:45.649,1.69009,1.69041,1.50,1.00
2017.01.04 13:23:45.700,1.69009,1.6904,1.50,1.37
2017.01.04 13:23:46.204,1.69008,1.6904,1.00,1.12
2017.01.04 13:23:46.682,1.6901,1.69042,1.00,1.12
2017.01.04 13:23:47.141,1.69008,1.69042,3.37,1.87
2017.01.04 13:23:47.362,1.69012,1.69044,1.00,1.12
2017.01.04 13:23:47.463,1.69014,1.69044,1.00,1.00
2017.01.04 13:23:47.564,1.69014,1.69046,1.50,1.00
2017.01.04 13:23:47.614,1.69018,1.69046,1.00,1.00
2017.01.04 13:23:47.766,1.69015,1.69049,1.50,1.87
2017.01.04 13:23:48.068,1.69013,1.69047,3.37,1.00
2017.01.04 13:23:48.409,1.69018,1.69049,1.00,1.00
2017.01.04 13:23:48.731,1.69022,1.6905,2.62,1.00
2017.01.04 13:23:48.883,1.69022,1.69053,2.62,1.50
2017.01.04 13:23:49.300,1.69021,1.69052,2.25,1.37
2017.01.04 13:23:49.552,1.69021,1.69053,1.00,1.37
2017.01.04 13:23:50.069,1.69021,1.69052,1.00,1.12
2017.01.04 13:23:50.573,1.69021,1.69052,1.00,1.50
2017.01.04 13:23:51.767,1.6902,1.69052,1.00,1.37
2017.01.04 13:23:52.382,1.69021,1.6905,1.00,1.37
2017.01.04 13:23:52.685,1.69024,1.69047,1.00,1.00
2017.01.04 13:23:52.736,1.69025,1.69052,1.00,1.75
2017.01.04 13:23:52.936,1.6902,1.6905,2.62,1.00
2017.01.04 13:23:52.987,1.69024,1.69052,1.00,1.00
2017.01.04 13:23:53.289,1.69031,1.69061,1.00,1.00
2017.01.04 13:23:53.340,1.69029,1.69058,1.00,1.00
2017.01.04 13:23:53.693,1.69034,1.69061,1.00,1.00
2017.01.04 13:23:53.895,1.69032,1.69062,1.00,1.12
2017.01.04 13:23:54.918,1.69033,1.69064,1.00,1.37
2017.01.04 13:23:55.237,1.69031,1.69065,1.00,2.62
2017.01.04 13:23:55.646,1.69033,1.69065,1.00,1.75
2017.01.04 13:23:55.949,1.69036,1.69065,1.00,1.75
2017.01.04 13:23:56.151,1.69034,1.69065,1.00,1.75
2017.01.04 13:23:56.770,1.69034,1.69065,1.00,1.00
2017.01.04 13:23:56.878,1.69036,1.69065,1.00,1.00
2017.01.04 13:23:57.087,1.69032,1.69065,1.00,1.00
2017.01.04 13:23:57.617,1.69032,1.69066,1.87,1.00
2017.01.04 13:23:57.818,1.69033,1.69066,1.00,1.37
2017.01.04 13:23:57.919,1.69034,1.69067,1.00,1.00
2017.01.04 13:23:58.382,1.69034,1.69067,1.50,1.37
2017.01.04 13:23:58.735,1.69035,1.69069,1.00,2.62
2017.01.04 13:24:00.238,1.69035,1.69069,1.12,1.87
2017.01.04 13:24:00.289,1.69035,1.69069,3.00,1.50
2017.01.04 13:24:00.339,1.69037,1.69069,1.00,1.87
2017.01.04 13:24:00.656,1.69045,1.69075,1.00,1.12
2017.01.04 13:24:00.966,1.69043,1.69073,1.00,1.12
2017.01.04 13:24:01.268,1.6904,1.69072,1.00,1.87
2017.01.04 13:24:01.319,1.6904,1.69072,1.00,2.25
2017.01.04 13:24:01.622,1.69039,1.69068,1.00,1.37
2017.01.04 13:24:02.581,1.69039,1.69068,1.00,1.37
2017.01.04 13:24:02.833,1.69039,1.69068,1.00,1.37
2017.01.04 13:24:03.368,1.69038,1.69067,1.00,1.37
2017.01.04 13:24:03.639,1.69038,1.69068,1.00,3.00
2017.01.04 13:24:03.690,1.69035,1.69064,1.00,1.37
2017.01.04 13:24:03.791,1.69035,1.69064,1.00,1.37
2017.01.04 13:24:03.892,1.69033,1.69064,1.00,1.87
2017.01.04 13:24:04.094,1.69031,1.69064,1.12,1.87
2017.01.04 13:24:04.500,1.69034,1.69064,1.00,1.00
2017.01.04 13:24:04.753,1.69032,1.69066,1.50,1.00
2017.01.04 13:24:04.803,1.69036,1.69068,1.50,1.00
2017.01.04 13:24:05.199,1.69035,1.69067,1.00,1.87
2017.01.04 13:24:05.513,1.69037,1.69067,1.00,1.37
2017.01.04 13:24:06.181,1.69033,1.69065,1.00,1.50
2017.01.04 13:24:06.383,1.69031,1.69065,1.00,1.50
2017.01.04 13:24:06.650,1.69031,1.69063,1.00,1.00
2017.01.04 13:24:07.160,1.69032,1.69063,1.00,1.00
2017.01.04 13:24:07.793,1.69033,1.69063,1.00,1.00
2017.01.04 13:24:08.045,1.69033,1.69066,1.00,3.00
2017.01.04 13:24:08.535,1.69039,1.69066,1.00,1.50
2017.01.04 13:24:08.837,1.69038,1.69071,1.00,3.00
2017.01.04 13:24:08.938,1.69038,1.6907,1.00,1.75
2017.01.04 13:24:09.055,1.69036,1.69068,1.00,1.12
2017.01.04 13:24:09.770,1.69034,1.69066,1.00,1.37
2017.01.04 13:24:09.871,1.69031,1.69064,1.00,1.00
2017.01.04 13:24:09.922,1.69031,1.69064,1.00,1.87
2017.01.04 13:24:09.973,1.69028,1.69062,1.00,1.37
2017.01.04 13:24:10.024,1.69028,1.6906,1.00,1.75
2017.01.04 13:24:11.913,1.69028,1.69062,1.00,1.00
2017.01.04 13:24:12.014,1.69032,1.69064,1.00,2.25
2017.01.04 13:24:12.780,1.69033,1.69064,1.00,2.25
2017.01.04 13:24:13.622,1.69033,1.69061,1.00,1.00
2017.01.04 13:24:14.609,1.69033,1.69062,1.00,1.00
2017.01.04 13:24:16.417,1.69034,1.69062,1.00,1.00
2017.01.04 13:24:17.008,1.69033,1.69062,1.00,1.00
2017.01.04 13:24:18.241,1.69032,1.69062,1.00,1.00
2017.01.04 13:24:18.820,1.69033,1.69062,1.00,1.00
2017.01.04 13:24:19.243,1.69037,1.69064,1.00,1.37
2017.01.04 13:24:19.546,1.69039,1.69066,1.00,2.62
2017.01.04 13:24:20.050,1.69039,1.69066,1.00,1.12
2017.01.04 13:24:20.614,1.69039,1.69065,1.00,1.00
2017.01.04 13:24:21.164,1.69039,1.69067,1.00,1.50
2017.01.04 13:24:22.960,1.6904,1.69067,1.00,1.50
2017.01.04 13:24:23.235,1.69038,1.69067,1.00,1.87
2017.01.04 13:24:23.638,1.69041,1.69067,1.00,1.50
2017.01.04 13:24:24.342,1.69039,1.69067,1.00,3.00
2017.01.04 13:24:24.627,1.69036,1.69067,1.00,3.00
2017.01.04 13:24:24.732,1.69036,1.69063,1.00,1.50
2017.01.04 13:24:25.075,1.69039,1.69064,1.00,1.50
2017.01.04 13:24:26.178,1.69039,1.69063,1.00,1.50
2017.01.04 13:24:27.497,1.69039,1.69064,1.00,1.50
2017.01.04 13:24:27.648,1.69036,1.69064,1.00,1.87
2017.01.04 13:24:28.349,1.69033,1.69065,1.00,1.87
2017.01.04 13:24:29.646,1.69033,1.69065,1.00,1.00
2017.01.04 13:24:29.849,1.69036,1.69065,1.00,1.00
2017.01.04 13:24:30.152,1.69038,1.69067,1.00,1.37
2017.01.04 13:24:30.668,1.69037,1.69067,1.00,1.37
2017.01.04 13:24:31.156,1.69035,1.69067,1.00,1.87
2017.01.04 13:24:31.729,1.69038,1.69067,1.00,1.37
2017.01.04 13:24:34.432,1.69034,1.69067,1.00,1.37
2017.01.04 13:24:35.670,1.69034,1.69065,1.00,1.50
2017.01.04 13:24:36.175,1.69038,1.69066,1.00,1.87
2017.01.04 13:24:36.572,1.69032,1.69064,1.00,1.00
2017.01.04 13:24:36.825,1.6903,1.69064,1.50,1.00
2017.01.04 13:24:36.876,1.69033,1.69065,1.00,1.12
2017.01.04 13:24:37.205,1.69035,1.69064,1.00,1.00
2017.01.04 13:24:37.508,1.69028,1.69053,1.00,1.00
2017.01.04 13:24:37.558,1.69026,1.69054,1.00,1.00
2017.01.04 13:24:37.961,1.69028,1.69053,1.00,1.00
2017.01.04 13:24:38.163,1.69028,1.69059,1.00,1.50
2017.01.04 13:24:38.339,1.69031,1.69059,1.00,1.50
2017.01.04 13:24:38.948,1.69025,1.69059,1.50,2.62
2017.01.04 13:24:39.050,1.69021,1.69053,1.87,1.00
2017.01.04 13:24:39.100,1.69021,1.69053,1.50,1.00
2017.01.04 13:24:39.252,1.69018,1.69052,1.00,1.00
2017.01.04 13:24:40.186,1.6902,1.69052,1.00,1.12
2017.01.04 13:24:40.387,1.69018,1.69052,1.50,1.00
2017.01.04 13:24:41.001,1.69019,1.69052,1.00,1.00
2017.01.04 13:24:41.102,1.69018,1.69052,1.00,1.37
2017.01.04 13:24:41.354,1.69014,1.69047,1.00,1.00
2017.01.04 13:24:41.967,1.69013,1.69047,1.50,1.00
2017.01.04 13:24:42.745,1.69013,1.69045,1.00,1.00
2017.01.04 13:24:43.283,1.69011,1.69045,3.00,1.00
2017.01.04 13:24:43.825,1.69011,1.69045,2.62,1.00
2017.01.04 13:24:44.907,1.69011,1.69043,1.50,1.00
2017.01.04 13:24:45.311,1.69011,1.69042,1.00,1.37
2017.01.04 13:24:45.563,1.69008,1.69039,1.00,2.25
2017.01.04 13:24:46.026,1.69006,1.69039,1.00,1.50
2017.01.04 13:24:46.725,1.69006,1.69038,1.00,1.00
2017.01.04 13:24:47.265,1.69007,1.69038,1.00,1.00
2017.01.04 13:24:47.815,1.69007,1.69039,1.00,1.00
2017.01.04 13:24:48.350,1.69006,1.69039,1.00,2.25
2017.01.04 13:24:48.451,1.69004,1.69036,1.50,1.00
2017.01.04 13:24:49.720,1.69005,1.69036,1.00,1.12
2017.01.04 13:24:50.249,1.69004,1.69036,1.00,1.12
2017.01.04 13:24:50.846,1.69005,1.69036,1.00,1.12
2017.01.04 13:24:50.899,1.69003,1.69036,1.00,1.37
2017.01.04 13:24:51.166,1.69005,1.69037,1.00,1.37
2017.01.04 13:24:51.511,1.69007,1.69039,1.87,1.50
2017.01.04 13:24:52.048,1.69008,1.69039,1.00,1.00
2017.01.04 13:24:52.199,1.6901,1.69041,1.00,1.00
2017.01.04 13:24:53.165,1.69007,1.6904,2.25,1.00
2017.01.04 13:24:53.690,1.69009,1.69041,1.00,2.25
2017.01.04 13:24:54.171,1.69011,1.69041,1.00,1.00
2017.01.04 13:24:54.970,1.69016,1.69041,1.87,1.00
2017.01.04 13:24:55.021,1.69016,1.69045,1.00,1.12
2017.01.04 13:24:55.273,1.69018,1.69045,1.00,1.00
2017.01.04 13:24:55.425,1.69015,1.69045,2.25,1.00
2017.01.04 13:24:55.526,1.69015,1.69047,1.00,1.00
2017.01.04 13:24:55.577,1.69018,1.69047,1.00,1.00
2017.01.04 13:24:55.678,1.69018,1.69049,1.00,1.50
2017.01.04 13:24:58.065,1.69018,1.69051,1.00,2.25
2017.01.04 13:24:58.762,1.69018,1.6905,1.00,1.00
2017.01.04 13:24:59.443,1.69018,1.69051,1.00,2.25
2017.01.04 13:25:00.043,1.69018,1.69049,1.00,1.00
2017.01.04 13:25:00.345,1.6902,1.69049,1.00,1.00
2017.01.04 13:25:00.910,1.6902,1.69053,1.50,2.62
2017.01.04 13:25:00.965,1.69021,1.69051,1.00,1.00
2017.01.04 13:25:01.384,1.6902,1.69053,1.00,2.62
2017.01.04 13:25:02.008,1.6902,1.69052,1.00,1.00
2017.01.04 13:25:03.123,1.6902,1.69053,1.50,2.62
2017.01.04 13:25:04.007,1.69021,1.69052,1.37,1.00
2017.01.04 13:25:04.360,1.69023,1.69053,1.37,1.00
2017.01.04 13:25:04.511,1.69023,1.69056,2.25,1.50
2017.01.04 13:25:05.173,1.69025,1.69054,1.00,1.00
2017.01.04 13:25:05.644,1.69023,1.69054,1.00,1.00
2017.01.04 13:25:06.340,1.69022,1.69054,1.87,1.00
2017.01.04 13:25:07.287,1.69023,1.69054,1.00,1.00
2017.01.04 13:25:07.803,1.69022,1.69054,2.25,1.00
2017.01.04 13:25:08.374,1.69023,1.69054,1.00,1.00
2017.01.04 13:25:09.022,1.69024,1.69054,1.00,1.00
2017.01.04 13:25:09.247,1.69024,1.69056,1.00,1.50
2017.01.04 13:25:09.646,1.69025,1.69056,1.00,1.87
2017.01.04 13:25:09.798,1.69023,1.69056,1.50,1.87
2017.01.04 13:25:09.899,1.69023,1.69056,1.00,1.50
2017.01.04 13:25:10.153,1.69023,1.69056,1.50,1.87
2017.01.04 13:25:10.529,1.69026,1.69056,1.00,1.87
2017.01.04 13:25:10.630,1.69027,1.69056,1.00,1.12
2017.01.04 13:25:11.052,1.69025,1.69056,1.50,1.00
2017.01.04 13:25:11.357,1.69025,1.69054,1.00,1.00
2017.01.04 13:25:11.458,1.69023,1.69054,1.12,1.00
2017.01.04 13:25:11.873,1.69022,1.6905,1.00,1.00
2017.01.04 13:25:11.923,1.69016,1.6905,2.25,2.25
2017.01.04 13:25:11.979,1.69016,1.69048,1.50,1.00
2017.01.04 13:25:12.130,1.69013,1.69045,1.50,1.00
2017.01.04 13:25:12.332,1.69014,1.69047,1.00,1.12
2017.01.04 13:25:12.433,1.69012,1.69045,1.00,1.00
2017.01.04 13:25:12.736,1.69014,1.69045,1.00,1.00
2017.01.04 13:25:13.038,1.69015,1.69047,1.00,1.50
2017.01.04 13:25:13.555,1.69016,1.69047,1.12,1.50
2017.01.04 13:25:14.163,1.69015,1.69047,1.00,1.50
2017.01.04 13:25:14.949,1.69017,1.69047,1.00,1.00
2017.01.04 13:25:15.252,1.69014,1.69047,2.25,1.00
2017.01.04 13:25:15.799,1.69014,1.69046,1.87,1.00
2017.01.04 13:25:16.745,1.69014,1.69046,1.37,1.00
2017.01.04 13:25:17.415,1.69014,1.69046,1.50,1.00
2017.01.04 13:25:20.044,1.69017,1.69047,1.00,1.00
2017.01.04 13:25:20.326,1.69014,1.69047,1.50,1.00
2017.01.04 13:25:20.477,1.69019,1.69047,1.50,1.00
2017.01.04 13:25:20.629,1.69022,1.69052,1.00,1.37
2017.01.04 13:25:20.730,1.69022,1.69049,1.00,1.00
2017.01.04 13:25:20.780,1.69018,1.69049,1.50,1.00
2017.01.04 13:25:20.964,1.69017,1.69046,1.12,1.00
2017.01.04 13:25:21.115,1.69015,1.69045,1.12,1.00
2017.01.04 13:25:21.166,1.69016,1.69045,1.37,1.00
2017.01.04 13:25:21.368,1.69017,1.69047,1.00,1.00
2017.01.04 13:25:21.570,1.69018,1.69045,1.50,1.00
2017.01.04 13:25:21.773,1.69018,1.69047,1.00,1.00
2017.01.04 13:25:21.874,1.69021,1.69047,1.00,1.00
2017.01.04 13:25:22.415,1.6902,1.69047,1.00,1.00
2017.01.04 13:25:22.746,1.69026,1.69047,1.00,1.00
2017.01.04 13:25:22.848,1.69022,1.69047,1.00,1.00
2017.01.04 13:25:22.949,1.69023,1.69049,1.00,1.00
2017.01.04 13:25:22.999,1.69026,1.69049,1.00,1.00
2017.01.04 13:25:23.101,1.69028,1.69054,1.00,1.50
2017.01.04 13:25:23.151,1.6903,1.69054,1.00,1.50
2017.01.04 13:25:23.252,1.69034,1.69061,1.00,1.00
2017.01.04 13:25:23.303,1.69037,1.69061,1.00,1.00
2017.01.04 13:25:23.404,1.69039,1.69066,1.00,1.00
2017.01.04 13:25:23.455,1.69045,1.69066,1.00,1.00
2017.01.04 13:25:23.757,1.69041,1.69066,1.00,1.00
2017.01.04 13:25:23.808,1.69037,1.69064,1.50,1.12
2017.01.04 13:25:23.957,1.69037,1.69062,1.50,1.00
2017.01.04 13:25:24.108,1.69038,1.69067,1.00,1.12
2017.01.04 13:25:24.159,1.69041,1.69067,1.00,1.12
2017.01.04 13:25:24.369,1.69039,1.69067,1.00,1.12
2017.01.04 13:25:24.915,1.69039,1.69064,1.00,1.00
2017.01.04 13:25:25.429,1.69037,1.69064,1.65,1.00
2017.01.04 13:25:26.472,1.69038,1.69064,1.00,1.00
2017.01.04 13:25:26.523,1.69038,1.69062,1.00,1.00
2017.01.04 13:25:26.839,1.69043,1.69069,1.00,1.00
2017.01.04 13:25:27.145,1.69041,1.69069,1.12,1.00
2017.01.04 13:25:27.900,1.69042,1.69069,1.00,1.00
2017.01.04 13:25:28.406,1.69043,1.69069,1.00,1.00
2017.01.04 13:25:28.910,1.69042,1.69069,1.00,1.00
2017.01.04 13:25:29.361,1.69037,1.69068,1.50,1.00
2017.01.04 13:25:29.412,1.69035,1.69064,1.87,1.00
2017.01.04 13:25:29.463,1.69035,1.69064,1.00,1.00
2017.01.04 13:25:29.564,1.69035,1.69061,1.00,1.00
2017.01.04 13:25:30.078,1.69035,1.6906,1.00,1.00
2017.01.04 13:25:31.266,1.69034,1.6906,2.25,1.00
2017.01.04 13:25:32.004,1.69035,1.6906,1.00,1.00
2017.01.04 13:25:32.525,1.69035,1.6906,1.50,1.00
2017.01.04 13:25:32.777,1.69039,1.69064,1.50,1.00
2017.01.04 13:25:32.878,1.69037,1.69063,1.00,1.00
2017.01.04 13:25:33.451,1.69039,1.69063,1.00,1.00
2017.01.04 13:25:33.552,1.69035,1.69061,1.37,1.00
2017.01.04 13:25:33.735,1.69035,1.69056,1.00,1.00
2017.01.04 13:25:33.790,1.69031,1.69056,1.00,1.00
2017.01.04 13:25:33.841,1.69029,1.69056,1.00,1.00
2017.01.04 13:25:34.193,1.69032,1.69056,1.00,1.00
2017.01.04 13:25:34.410,1.69033,1.6906,1.50,1.00
2017.01.04 13:25:34.561,1.69035,1.6906,1.00,1.00
2017.01.04 13:25:34.662,1.69033,1.6906,1.00,1.00
2017.01.04 13:25:34.763,1.69035,1.6906,1.00,1.00
2017.01.04 13:25:35.292,1.69031,1.6906,1.87,1.00
2017.01.04 13:25:35.481,1.69029,1.6906,1.87,1.00
2017.01.04 13:25:35.733,1.69029,1.69057,1.00,1.00
2017.01.04 13:25:35.784,1.69026,1.69057,1.00,1.00
2017.01.04 13:25:35.834,1.69026,1.69053,1.15,1.00
2017.01.04 13:25:36.137,1.69032,1.69053,2.25,1.00
2017.01.04 13:25:37.327,1.69031,1.69053,1.87,1.00
2017.01.04 13:25:37.428,1.69031,1.69059,1.87,1.00
2017.01.04 13:25:40.946,1.69031,1.69059,1.65,1.00
2017.01.04 13:25:41.544,1.69029,1.69059,2.25,1.00
2017.01.04 13:25:42.096,1.69029,1.69059,1.50,1.00
2017.01.04 13:25:42.398,1.69029,1.69059,3.00,1.00
2017.01.04 13:25:42.743,1.69034,1.69062,2.02,1.12
2017.01.04 13:25:42.793,1.69039,1.69066,1.00,1.00
2017.01.04 13:25:43.197,1.69037,1.69066,1.50,1.50
2017.01.04 13:25:43.398,1.6904,1.69066,1.00,1.50
2017.01.04 13:25:43.701,1.69042,1.69068,1.15,1.00
2017.01.04 13:25:44.003,1.69042,1.69061,1.00,1.00
2017.01.04 13:25:44.054,1.69035,1.69061,1.00,1.00
2017.01.04 13:25:44.671,1.69036,1.69061,1.00,1.00
2017.01.04 13:25:44.772,1.69034,1.69061,1.00,1.00
2017.01.04 13:25:44.823,1.69036,1.69061,1.00,1.00
2017.01.04 13:25:45.126,1.69041,1.69061,1.00,1.00
2017.01.04 13:25:45.177,1.69041,1.69068,1.87,1.00
2017.01.04 13:25:45.686,1.69042,1.69068,1.50,1.00
2017.01.04 13:25:46.204,1.69043,1.69068,1.00,1.00
2017.01.04 13:25:47.265,1.69044,1.69068,1.00,1.00
2017.01.04 13:25:47.518,1.69039,1.69066,1.57,1.00
2017.01.04 13:25:47.669,1.69042,1.69068,1.00,1.00
2017.01.04 13:25:47.720,1.69045,1.69068,1.00,1.00
2017.01.04 13:25:47.821,1.69045,1.69071,1.00,1.00
2017.01.04 13:25:48.448,1.69046,1.69071,1.00,1.00
2017.01.04 13:25:48.980,1.69045,1.69071,1.00,1.00
2017.01.04 13:25:49.586,1.69046,1.69071,1.00,1.00
2017.01.04 13:25:50.439,1.69045,1.69071,1.00,1.00
2017.01.04 13:25:50.960,1.69046,1.69071,1.00,1.00
2017.01.04 13:25:51.497,1.69045,1.69071,1.00,1.00
2017.01.04 13:25:52.078,1.69046,1.69071,1.00,1.00
2017.01.04 13:25:52.769,1.69045,1.69071,1.00,1.00
2017.01.04 13:25:55.268,1.69044,1.69071,1.00,1.00
2017.01.04 13:25:55.369,1.6904,1.69071,1.00,1.00
2017.01.04 13:25:55.470,1.69038,1.69071,1.00,1.50
2017.01.04 13:25:55.571,1.69038,1.69066,1.00,1.00
2017.01.04 13:25:56.281,1.69041,1.69066,1.00,1.00
2017.01.04 13:25:56.439,1.69041,1.69068,1.50,1.00
2017.01.04 13:25:56.490,1.69045,1.6907,1.00,1.00
2017.01.04 13:25:56.541,1.69045,1.69075,1.50,1.00
2017.01.04 13:25:56.642,1.69048,1.69075,1.00,1.00
2017.01.04 13:25:56.849,1.6905,1.69078,1.00,1.00
2017.01.04 13:25:57.315,1.69051,1.69078,2.25,1.00
2017.01.04 13:25:57.466,1.69053,1.6908,1.12,1.00
2017.01.04 13:25:57.517,1.69051,1.6908,2.25,1.00
2017.01.04 13:25:58.015,1.69054,1.6908,1.00,1.00
2017.01.04 13:25:58.167,1.69047,1.69074,1.12,1.50
2017.01.04 13:25:58.268,1.69043,1.69073,1.00,1.00
2017.01.04 13:25:58.419,1.69041,1.69073,1.50,1.50
2017.01.04 13:25:58.470,1.69041,1.69071,1.00,1.00
2017.01.04 13:25:59.003,1.69042,1.69071,1.00,1.50
2017.01.04 13:25:59.331,1.69044,1.69068,1.00,1.00
2017.01.04 13:25:59.532,1.69043,1.69071,1.00,1.00
2017.01.04 13:26:00.212,1.69047,1.69071,1.00,1.00
2017.01.04 13:26:00.263,1.69047,1.69076,1.00,1.50
2017.01.04 13:26:00.314,1.6905,1.69076,1.50,1.12
2017.01.04 13:26:00.415,1.69052,1.69079,1.00,1.00
2017.01.04 13:26:00.616,1.69054,1.69079,1.00,1.00
2017.01.04 13:26:00.925,1.69052,1.69079,1.00,1.00
2017.01.04 13:26:01.328,1.69054,1.69079,1.50,1.00
2017.01.04 13:26:01.780,1.69056,1.69079,1.00,1.00
2017.01.04 13:26:01.831,1.69056,1.69084,1.00,1.00
2017.01.04 13:26:02.192,1.69058,1.69084,1.00,1.00
2017.01.04 13:26:02.545,1.69058,1.69086,1.00,1.00
2017.01.04 13:26:02.995,1.69055,1.69086,4.50,1.00
2017.01.04 13:26:03.333,1.69058,1.69086,1.00,1.00
2017.01.04 13:26:04.051,1.69055,1.69086,2.62,1.50
2017.01.04 13:26:04.152,1.69057,1.69083,1.00,1.00
2017.01.04 13:26:04.555,1.69058,1.69086,1.00,1.00
2017.01.04 13:26:04.707,1.69055,1.69086,1.50,1.00
2017.01.04 13:26:05.198,1.69057,1.69086,1.00,1.00
2017.01.04 13:26:06.507,1.69056,1.69086,1.00,1.00
2017.01.04 13:26:06.860,1.69054,1.69085,1.00,1.00
2017.01.04 13:26:07.012,1.69056,1.69085,1.00,1.00
2017.01.04 13:26:07.219,1.69053,1.69085,1.00,1.50
2017.01.04 13:26:07.270,1.69053,1.69082,1.00,1.00
2017.01.04 13:26:07.321,1.69051,1.69082,1.00,1.00
2017.01.04 13:26:08.298,1.69053,1.69082,1.00,1.00
2017.01.04 13:26:08.646,1.6905,1.69082,1.00,1.00
2017.01.04 13:26:09.167,1.69049,1.69081,1.12,1.00
2017.01.04 13:26:10.719,1.69049,1.69079,1.12,1.00
2017.01.04 13:26:11.213,1.69047,1.69079,1.00,1.87
2017.01.04 13:26:11.315,1.69045,1.6907,1.00,1.00
2017.01.04 13:26:12.003,1.69046,1.69074,1.00,1.00
2017.01.04 13:26:12.154,1.69049,1.69079,1.00,1.50
2017.01.04 13:26:12.255,1.69052,1.69079,1.00,1.00
2017.01.04 13:26:13.443,1.69053,1.69079,1.00,1.00
2017.01.04 13:26:13.905,1.69051,1.69079,1.00,1.00
2017.01.04 13:26:14.448,1.69053,1.69079,1.00,1.00
2017.01.04 13:26:14.992,1.69052,1.69079,1.00,1.00
2017.01.04 13:26:15.295,1.69054,1.69081,1.00,1.50
2017.01.04 13:26:15.857,1.69054,1.69078,1.00,1.00
2017.01.04 13:26:15.958,1.69045,1.69077,1.00,1.00
2017.01.04 13:26:16.110,1.69045,1.69072,1.00,1.00
2017.01.04 13:26:16.412,1.69041,1.69067,1.00,1.00
2017.01.04 13:26:16.715,1.69038,1.69067,1.00,1.00
2017.01.04 13:26:17.150,1.69033,1.69066,1.75,1.37
2017.01.04 13:26:17.251,1.69029,1.69063,1.00,1.87
2017.01.04 13:26:17.302,1.69029,1.69061,1.00,1.00
2017.01.04 13:26:17.454,1.69037,1.69063,1.00,1.00
2017.01.04 13:26:17.656,1.69035,1.69063,1.00,1.00
2017.01.04 13:26:17.757,1.69037,1.69063,1.00,1.00
2017.01.04 13:26:17.858,1.6904,1.69067,1.00,1.50
2017.01.04 13:26:17.959,1.69039,1.69073,1.00,2.25
2017.01.04 13:26:18.060,1.69044,1.69074,1.00,1.12
2017.01.04 13:26:18.313,1.69035,1.69067,1.00,1.00
2017.01.04 13:26:18.556,1.6904,1.69069,1.00,1.00
2017.01.04 13:26:19.597,1.69038,1.69069,1.00,1.00
2017.01.04 13:26:19.950,1.69041,1.69069,1.00,1.50
2017.01.04 13:26:20.051,1.69041,1.69073,1.00,3.75
2017.01.04 13:26:20.152,1.69043,1.69073,1.00,1.50
2017.01.04 13:26:20.253,1.69047,1.6908,1.00,1.37
2017.01.04 13:26:20.818,1.69046,1.69078,1.50,1.00
2017.01.04 13:26:22.055,1.69047,1.69078,1.00,1.00
2017.01.04 13:26:22.169,1.69049,1.6908,1.00,1.00
2017.01.04 13:26:22.767,1.69045,1.69076,1.00,1.12
2017.01.04 13:26:22.969,1.69042,1.69075,1.00,1.12
2017.01.04 13:26:23.121,1.69043,1.69077,1.00,2.25
2017.01.04 13:26:23.323,1.69045,1.69077,1.00,1.00
2017.01.04 13:26:23.820,1.69045,1.69079,2.25,1.00
2017.01.04 13:26:24.038,1.69048,1.6908,1.00,1.37
2017.01.04 13:26:24.542,1.69045,1.69079,2.25,1.00
2017.01.04 13:26:25.056,1.69045,1.69078,1.00,1.00
2017.01.04 13:26:25.960,1.69048,1.69082,1.00,2.25
2017.01.04 13:26:26.061,1.6905,1.69082,1.00,1.00
2017.01.04 13:26:26.515,1.6905,1.69082,1.87,1.00
2017.01.04 13:26:26.616,1.69053,1.69085,1.00,1.12
2017.01.04 13:26:26.832,1.69056,1.69085,1.00,1.00
2017.01.04 13:26:27.338,1.69054,1.69085,1.00,1.00
2017.01.04 13:26:27.748,1.69057,1.69087,1.00,1.00
2017.01.04 13:26:28.278,1.69057,1.69088,1.00,1.50
2017.01.04 13:26:29.128,1.69057,1.69089,1.00,1.00
2017.01.04 13:26:33.433,1.69057,1.69089,1.00,2.62
2017.01.04 13:26:33.483,1.69051,1.69084,2.25,1.37
2017.01.04 13:26:33.534,1.69052,1.69086,1.12,1.12
2017.01.04 13:26:33.736,1.69055,1.69086,1.00,1.00
2017.01.04 13:26:33.786,1.69055,1.69088,1.00,1.50
2017.01.04 13:26:34.035,1.69053,1.69087,1.00,1.00
2017.01.04 13:26:34.237,1.69056,1.69088,1.00,2.25
2017.01.04 13:26:34.771,1.69056,1.69087,1.00,1.00
2017.01.04 13:26:35.303,1.69056,1.69088,1.00,1.00
2017.01.04 13:26:35.929,1.69056,1.69089,1.00,1.00
2017.01.04 13:26:36.776,1.69057,1.69089,1.37,1.00
2017.01.04 13:26:36.827,1.69057,1.69091,1.37,1.00
2017.01.04 13:26:37.130,1.69065,1.69091,1.00,1.00
2017.01.04 13:26:37.282,1.69066,1.69097,1.00,1.12
2017.01.04 13:26:37.383,1.69063,1.69097,1.87,1.87
2017.01.04 13:26:37.484,1.69062,1.6909,2.25,1.00
2017.01.04 13:26:38.099,1.69065,1.6909,1.00,1.00
2017.01.04 13:26:38.149,1.6907,1.69097,1.00,1.00
2017.01.04 13:26:38.251,1.69071,1.69103,1.00,1.37
2017.01.04 13:26:38.301,1.69069,1.69103,1.50,1.37
2017.01.04 13:26:38.402,1.69069,1.69102,1.37,1.00
2017.01.04 13:26:38.554,1.69072,1.69106,1.87,1.87
2017.01.04 13:26:38.605,1.69072,1.69106,2.25,1.50
2017.01.04 13:26:39.132,1.69073,1.69105,1.00,1.00
2017.01.04 13:26:39.631,1.69074,1.69108,1.50,1.00
2017.01.04 13:26:39.833,1.69076,1.69108,1.00,1.00
2017.01.04 13:26:40.460,1.69076,1.69109,1.00,1.00
2017.01.04 13:26:40.765,1.69075,1.69107,1.00,1.00
2017.01.04 13:26:40.816,1.69076,1.69109,1.00,1.00
2017.01.04 13:26:41.143,1.69077,1.69111,2.25,1.50
2017.01.04 13:26:41.244,1.6908,1.69111,1.00,1.00
2017.01.04 13:26:41.547,1.69082,1.69114,1.00,1.00
2017.01.04 13:26:41.862,1.6908,1.69112,1.87,1.00
2017.01.04 13:26:42.292,1.6908,1.69112,1.87,1.00
2017.01.04 13:26:42.343,1.69084,1.69116,1.00,1.37
2017.01.04 13:26:42.866,1.69085,1.69118,1.00,1.00
2017.01.04 13:26:43.018,1.69087,1.69121,1.00,1.00
2017.01.04 13:26:43.421,1.69089,1.69121,1.00,1.00
2017.01.04 13:26:43.948,1.6909,1.69122,1.00,1.00
2017.01.04 13:26:44.250,1.69094,1.69122,1.37,1.00
2017.01.04 13:26:44.402,1.69095,1.69127,1.12,1.87
2017.01.04 13:26:44.557,1.69091,1.6912,1.00,1.12
2017.01.04 13:26:44.709,1.69083,1.69115,1.50,1.00
2017.01.04 13:26:44.911,1.69082,1.69114,1.00,1.00
2017.01.04 13:26:45.265,1.69078,1.69112,3.37,1.00
2017.01.04 13:26:45.586,1.69075,1.69107,1.75,1.00
2017.01.04 13:26:45.738,1.69073,1.69107,1.00,1.00
2017.01.04 13:26:45.839,1.69078,1.6911,1.00,1.87
2017.01.04 13:26:47.947,1.69081,1.69112,1.00,1.12
2017.01.04 13:26:48.465,1.69082,1.69113,1.00,1.37
2017.01.04 13:26:49.075,1.6908,1.69113,1.00,1.37
2017.01.04 13:26:49.530,1.69077,1.6911,1.00,1.00
2017.01.04 13:26:49.631,1.69079,1.69111,1.00,1.00
2017.01.04 13:26:49.934,1.69074,1.69107,1.50,1.00
2017.01.04 13:26:50.135,1.69076,1.69107,1.00,1.00
2017.01.04 13:26:50.519,1.69083,1.69107,1.00,1.00
2017.01.04 13:26:50.570,1.69083,1.69114,1.00,1.00
2017.01.04 13:26:50.621,1.69085,1.69114,1.00,1.00
2017.01.04 13:26:50.723,1.69081,1.69114,1.00,1.00
2017.01.04 13:26:50.773,1.69078,1.6911,1.12,1.00
2017.01.04 13:26:51.076,1.69076,1.69107,1.75,1.00
2017.01.04 13:26:51.410,1.69076,1.69107,1.00,1.00
2017.01.04 13:26:51.461,1.69076,1.6911,1.00,1.12
2017.01.04 13:26:51.562,1.69074,1.69105,1.87,1.00
2017.01.04 13:26:53.256,1.69074,1.69107,1.87,1.00
2017.01.04 13:26:53.559,1.69077,1.69109,1.00,1.00
2017.01.04 13:26:53.908,1.69075,1.69109,1.12,2.25
2017.01.04 13:26:54.059,1.6907,1.69102,1.87,1.00
2017.01.04 13:26:54.570,1.6907,1.69102,1.12,1.37
2017.01.04 13:26:55.282,1.69071,1.69103,1.00,1.37
2017.01.04 13:26:55.484,1.69071,1.69103,1.00,1.00
2017.01.04 13:26:56.020,1.6907,1.69104,1.87,1.37
2017.01.04 13:26:56.538,1.69071,1.69104,1.00,1.37
2017.01.04 13:26:57.156,1.69073,1.69105,1.00,1.87
2017.01.04 13:26:58.654,1.69073,1.69105,1.00,1.87
2017.01.04 13:27:00.158,1.69073,1.69104,1.00,1.00
2017.01.04 13:27:00.209,1.69073,1.69101,1.00,1.37
2017.01.04 13:27:00.260,1.69068,1.69102,1.75,1.50
2017.01.04 13:27:00.392,1.69065,1.69096,1.37,1.00
2017.01.04 13:27:00.443,1.69066,1.69098,1.00,1.00
2017.01.04 13:27:00.545,1.69072,1.69102,1.00,1.12
2017.01.04 13:27:00.647,1.69069,1.69102,1.00,1.00
2017.01.04 13:27:00.748,1.69074,1.69105,1.00,2.62
2017.01.04 13:27:01.294,1.69074,1.69104,1.00,1.00
2017.01.04 13:27:01.796,1.69073,1.69104,1.00,1.00
2017.01.04 13:27:02.203,1.69075,1.69104,1.00,1.00
2017.01.04 13:27:02.254,1.69073,1.69104,1.00,1.00
2017.01.04 13:27:02.779,1.69069,1.69103,1.00,1.00
2017.01.04 13:27:03.995,1.69069,1.69102,1.00,1.00
2017.01.04 13:27:04.391,1.69073,1.69102,1.00,1.00
2017.01.04 13:27:04.572,1.69068,1.69102,1.00,1.00
2017.01.04 13:27:04.774,1.6907,1.69103,1.00,1.00
2017.01.04 13:27:06.569,1.6907,1.69101,1.00,1.37
2017.01.04 13:27:06.776,1.69066,1.69097,1.12,1.00
2017.01.04 13:27:08.856,1.6907,1.691,1.00,1.00
2017.01.04 13:27:08.957,1.69067,1.69099,1.00,1.00
2017.01.04 13:27:09.159,1.69064,1.69097,2.25,1.00
2017.01.04 13:27:10.792,1.69063,1.69095,1.75,1.00
2017.01.04 13:27:11.058,1.69067,1.69099,1.00,1.87
2017.01.04 13:27:11.159,1.69065,1.69097,1.50,1.00
2017.01.04 13:27:11.699,1.6907,1.69102,1.00,1.87
2017.01.04 13:27:12.839,1.6907,1.69103,1.00,1.50
2017.01.04 13:27:15.174,1.69068,1.69103,1.00,1.50
2017.01.04 13:27:15.810,1.69071,1.69102,1.00,1.00
2017.01.04 13:27:16.186,1.69068,1.691,1.00,1.00
2017.01.04 13:27:16.388,1.69069,1.69102,1.00,1.87
2017.01.04 13:27:17.005,1.69068,1.69102,1.00,1.50
2017.01.04 13:27:17.710,1.6907,1.69103,1.00,1.87
2017.01.04 13:27:18.044,1.6907,1.69101,1.00,1.00
2017.01.04 13:27:19.310,1.69071,1.69101,1.00,1.00
2017.01.04 13:27:19.814,1.6907,1.69102,1.00,1.00
2017.01.04 13:27:20.631,1.6907,1.691,1.00,1.00
2017.01.04 13:27:20.732,1.6907,1.69102,1.00,1.50
2017.01.04 13:27:20.783,1.69068,1.691,1.50,1.00
2017.01.04 13:27:21.069,1.69068,1.69102,1.50,1.50
2017.01.04 13:27:22.010,1.69069,1.69101,1.12,1.00
2017.01.04 13:27:22.374,1.69074,1.69107,1.00,1.50
2017.01.04 13:27:22.601,1.69078,1.69107,1.00,1.00
2017.01.04 13:27:23.119,1.69079,1.69108,1.00,1.00
2017.01.04 13:27:23.911,1.69079,1.69109,1.00,1.00
2017.01.04 13:27:24.338,1.69079,1.69107,1.00,1.00
2017.01.04 13:27:24.389,1.69076,1.69107,1.00,1.00
2017.01.04 13:27:24.440,1.69076,1.69109,1.00,1.00
2017.01.04 13:27:24.576,1.6907,1.69101,1.12,1.00
2017.01.04 13:27:24.677,1.69071,1.69104,2.25,1.00
2017.01.04 13:27:24.728,1.69075,1.69104,1.00,1.00
2017.01.04 13:27:24.779,1.69077,1.69108,1.00,1.37
2017.01.04 13:27:25.031,1.69078,1.69108,1.50,1.00
2017.01.04 13:27:25.182,1.69081,1.69113,1.00,1.00
2017.01.04 13:27:25.283,1.69083,1.69115,1.00,1.50
2017.01.04 13:27:25.596,1.69083,1.69115,2.25,1.50
2017.01.04 13:27:25.906,1.69084,1.69117,1.50,1.00
2017.01.04 13:27:26.311,1.69091,1.69119,1.00,1.00
2017.01.04 13:27:26.563,1.6909,1.69121,1.00,1.12
2017.01.04 13:27:27.016,1.69091,1.69124,1.00,1.00
2017.01.04 13:27:27.244,1.69091,1.69121,1.00,1.00
2017.01.04 13:27:27.360,1.69091,1.69123,1.00,1.00
2017.01.04 13:27:27.662,1.6909,1.69121,1.00,1.00
2017.01.04 13:27:27.918,1.69083,1.69115,1.00,1.50
2017.01.04 13:27:28.422,1.69087,1.69114,1.00,1.00
2017.01.04 13:27:28.473,1.69087,1.69116,1.00,1.50
2017.01.04 13:27:28.884,1.69084,1.69116,1.50,2.25
2017.01.04 13:27:29.136,1.69087,1.69116,1.00,1.00
2017.01.04 13:27:29.388,1.69091,1.69121,1.00,1.50
2017.01.04 13:27:29.895,1.69091,1.69122,1.00,1.00
2017.01.04 13:27:30.402,1.69091,1.69121,1.00,1.50
2017.01.04 13:27:30.503,1.69091,1.69123,1.00,1.00
2017.01.04 13:27:30.553,1.69093,1.69123,1.00,1.00
2017.01.04 13:27:31.057,1.69092,1.69124,1.00,1.50
2017.01.04 13:27:31.369,1.69094,1.69126,1.00,1.00
2017.01.04 13:27:31.734,1.69098,1.69126,1.00,1.00
2017.01.04 13:27:31.955,1.69096,1.69126,1.00,1.00
2017.01.04 13:27:32.148,1.69099,1.69126,1.00,1.00
2017.01.04 13:27:32.661,1.69099,1.69129,1.00,1.50
2017.01.04 13:27:33.368,1.69099,1.69128,1.00,1.00
2017.01.04 13:27:33.419,1.69099,1.6913,1.00,1.50
2017.01.04 13:27:33.520,1.69102,1.69132,1.00,1.87
2017.01.04 13:27:34.125,1.69104,1.69136,1.00,2.25
2017.01.04 13:27:34.176,1.69104,1.69136,1.37,1.37
2017.01.04 13:27:34.227,1.69103,1.69135,1.50,1.12
2017.01.04 13:27:34.278,1.69103,1.69135,1.50,1.37
2017.01.04 13:27:34.482,1.69102,1.69133,1.75,2.62
2017.01.04 13:27:34.584,1.69102,1.69133,1.00,1.87
2017.01.04 13:27:35.092,1.69102,1.6913,1.00,1.00
2017.01.04 13:27:35.193,1.69099,1.69131,1.00,1.00
2017.01.04 13:27:35.446,1.69102,1.69131,1.00,1.00
2017.01.04 13:27:36.228,1.69098,1.6913,1.00,1.00
2017.01.04 13:27:36.581,1.69098,1.69128,1.00,1.00
2017.01.04 13:27:36.883,1.69098,1.69127,1.00,1.37
2017.01.04 13:27:37.283,1.69095,1.69126,1.50,1.00
2017.01.04 13:27:37.730,1.69094,1.69125,1.00,1.00
2017.01.04 13:27:37.781,1.69094,1.6912,1.00,1.00
2017.01.04 13:27:37.831,1.69092,1.69119,1.00,1.00
2017.01.04 13:27:38.033,1.69091,1.69117,1.00,1.00
2017.01.04 13:27:38.134,1.69089,1.69118,1.00,1.00
2017.01.04 13:27:38.185,1.69089,1.69117,1.00,1.37
2017.01.04 13:27:38.235,1.69087,1.69117,1.12,1.00
2017.01.04 13:27:38.336,1.69091,1.69117,1.00,1.00
2017.01.04 13:27:39.680,1.69091,1.69123,1.00,1.50
2017.01.04 13:27:39.730,1.69095,1.69127,1.37,2.25
2017.01.04 13:27:39.831,1.69095,1.69127,1.37,1.00
2017.01.04 13:27:39.932,1.69099,1.6913,1.00,1.00
2017.01.04 13:27:40.436,1.69099,1.6913,1.37,1.00
2017.01.04 13:27:40.977,1.69097,1.6913,1.37,1.00
2017.01.04 13:27:41.642,1.69099,1.69131,1.37,1.50
2017.01.04 13:27:42.160,1.69101,1.69132,1.12,1.00
2017.01.04 13:27:42.261,1.69099,1.69133,1.00,3.00
2017.01.04 13:27:42.413,1.69099,1.69131,1.00,1.00
2017.01.04 13:27:42.463,1.69096,1.6913,1.00,1.00
2017.01.04 13:27:43.336,1.69096,1.6913,1.37,1.00
2017.01.04 13:27:43.554,1.69099,1.69131,1.00,1.50
2017.01.04 13:27:44.138,1.69098,1.69132,1.37,2.62
2017.01.04 13:27:46.458,1.69099,1.69133,1.00,2.62
2017.01.04 13:27:46.760,1.69106,1.69138,1.00,2.25
2017.01.04 13:27:47.569,1.6911,1.69139,1.00,1.00
2017.01.04 13:27:47.980,1.69112,1.6914,1.00,1.00
2017.01.04 13:27:48.539,1.69108,1.6914,1.00,1.50
2017.01.04 13:27:48.798,1.69108,1.6914,1.87,1.00
2017.01.04 13:27:48.849,1.69114,1.69144,1.00,1.00
2017.01.04 13:27:48.900,1.69114,1.69146,1.00,1.50
2017.01.04 13:27:49.034,1.69119,1.69145,1.00,1.00
2017.01.04 13:27:49.085,1.69117,1.69145,1.00,1.00
2017.01.04 13:27:49.287,1.69114,1.69143,1.00,1.00
2017.01.04 13:27:49.337,1.69114,1.69137,1.00,1.00
2017.01.04 13:27:49.388,1.69109,1.69137,1.12,1.00
2017.01.04 13:27:49.489,1.69104,1.69134,1.12,1.00
2017.01.04 13:27:49.642,1.69106,1.69136,1.00,1.50
2017.01.04 13:27:49.945,1.69102,1.69135,1.00,2.25
2017.01.04 13:27:50.027,1.69102,1.69133,1.00,1.00
2017.01.04 13:27:50.548,1.69102,1.69132,1.00,1.00
2017.01.04 13:27:51.053,1.69102,1.69133,1.00,1.00
2017.01.04 13:27:51.779,1.69104,1.69133,1.00,1.00
2017.01.04 13:27:52.294,1.69104,1.69134,1.00,1.00
2017.01.04 13:27:53.222,1.69104,1.69135,1.00,1.87
2017.01.04 13:27:53.575,1.69102,1.69134,1.00,1.00
2017.01.04 13:27:53.992,1.69102,1.6913,1.00,1.00
2017.01.04 13:27:54.342,1.69092,1.6912,1.00,1.00
2017.01.04 13:27:54.645,1.69091,1.69122,1.00,1.00
2017.01.04 13:27:55.150,1.69092,1.69121,1.00,1.00
2017.01.04 13:27:55.790,1.69092,1.6912,1.00,1.12
2017.01.04 13:27:56.379,1.69092,1.69119,1.00,1.00
2017.01.04 13:27:56.550,1.69089,1.69119,1.00,1.00
2017.01.04 13:27:58.507,1.69089,1.69122,1.00,1.00
2017.01.04 13:27:58.561,1.69086,1.69117,1.12,1.00
2017.01.04 13:27:58.764,1.69091,1.69123,1.00,1.87
2017.01.04 13:27:59.279,1.69092,1.69122,1.00,1.00
2017.01.04 13:27:59.783,1.69093,1.69123,1.00,1.00
2017.01.04 13:28:00.178,1.69095,1.69123,1.00,1.00
2017.01.04 13:28:00.481,1.69093,1.69123,1.00,1.00
2017.01.04 13:28:00.742,1.69093,1.69125,1.00,1.00
2017.01.04 13:28:00.792,1.69097,1.69125,1.00,1.00
2017.01.04 13:28:01.108,1.69101,1.69126,1.00,1.00
2017.01.04 13:28:01.159,1.69098,1.69127,1.00,1.50
2017.01.04 13:28:01.361,1.69098,1.69127,1.12,1.37
2017.01.04 13:28:01.411,1.69098,1.69127,1.12,1.00
2017.01.04 13:28:01.512,1.69096,1.69127,1.37,2.62
2017.01.04 13:28:01.563,1.6909,1.69124,2.25,1.00
2017.01.04 13:28:01.765,1.69095,1.69127,1.00,1.00
2017.01.04 13:28:02.118,1.69095,1.69125,1.00,1.87
2017.01.04 13:28:02.169,1.69091,1.69123,1.00,1.12
2017.01.04 13:28:02.683,1.69091,1.69122,1.00,1.00
2017.01.04 13:28:02.834,1.69091,1.6912,1.00,1.00
2017.01.04 13:28:02.935,1.69091,1.69122,1.00,1.00
2017.01.04 13:28:04.427,1.69091,1.69118,1.00,1.37
2017.01.04 13:28:04.478,1.69087,1.69119,1.00,1.87
2017.01.04 13:28:04.579,1.69085,1.69117,1.00,1.37
2017.01.04 13:28:04.630,1.69085,1.69117,1.00,1.12
2017.01.04 13:28:04.932,1.69085,1.69119,1.87,1.00
2017.01.04 13:28:04.983,1.69089,1.6912,1.00,1.50
2017.01.04 13:28:05.496,1.69088,1.6912,1.00,1.00
2017.01.04 13:28:06.053,1.69088,1.69121,1.00,1.00
2017.01.04 13:28:06.356,1.69088,1.69106,1.00,1.00
2017.01.04 13:28:06.457,1.69074,1.69105,1.37,1.00
2017.01.04 13:28:06.507,1.69078,1.69106,1.00,1.00
2017.01.04 13:28:06.558,1.69078,1.69109,1.00,1.87
2017.01.04 13:28:06.608,1.6908,1.6911,1.00,2.25
2017.01.04 13:28:07.013,1.6908,1.69108,1.00,1.00
2017.01.04 13:28:07.161,1.69078,1.69108,1.00,1.50
2017.01.04 13:28:08.160,1.69078,1.6911,1.00,1.00
2017.01.04 13:28:08.211,1.69084,1.6911,1.00,1.00
2017.01.04 13:28:08.312,1.69081,1.69108,1.00,1.00
2017.01.04 13:28:08.514,1.69077,1.69107,1.00,1.50
2017.01.04 13:28:08.615,1.69077,1.69105,1.00,1.00
2017.01.04 13:28:08.766,1.69075,1.69105,1.00,1.12
2017.01.04 13:28:08.817,1.69075,1.69108,1.00,2.25
2017.01.04 13:28:09.321,1.69077,1.69107,1.00,1.00
2017.01.04 13:28:09.523,1.69078,1.6911,1.12,1.00
2017.01.04 13:28:09.573,1.69084,1.69112,1.00,1.50
2017.01.04 13:28:09.875,1.69086,1.69112,1.00,1.00
2017.01.04 13:28:09.976,1.69084,1.69111,1.00,1.00
2017.01.04 13:28:10.128,1.69084,1.69111,1.00,1.37
2017.01.04 13:28:10.179,1.69078,1.69107,1.00,1.00
2017.01.04 13:28:10.229,1.69078,1.69107,1.00,1.37
2017.01.04 13:28:10.400,1.69076,1.69107,1.00,1.50
2017.01.04 13:28:10.501,1.69079,1.69107,1.00,1.00
2017.01.04 13:28:10.804,1.69082,1.6911,1.00,1.00
2017.01.04 13:28:11.121,1.69082,1.69108,1.00,1.00
2017.01.04 13:28:11.321,1.6908,1.69108,1.00,1.00
2017.01.04 13:28:11.866,1.69079,1.69111,1.00,1.12
2017.01.04 13:28:12.012,1.69088,1.69112,1.00,1.50
2017.01.04 13:28:12.214,1.69085,1.69113,1.00,1.00
2017.01.04 13:28:12.518,1.69082,1.69112,1.00,1.00
2017.01.04 13:28:12.669,1.69082,1.6911,1.00,1.00
2017.01.04 13:28:12.720,1.69079,1.6911,1.12,1.00
2017.01.04 13:28:12.822,1.69081,1.6911,1.00,1.00
2017.01.04 13:28:13.372,1.69081,1.69109,1.00,1.00
2017.01.04 13:28:13.698,1.69076,1.69106,1.00,1.00
2017.01.04 13:28:13.850,1.69076,1.69108,1.00,1.50
2017.01.04 13:28:13.900,1.69078,1.69108,1.00,1.00
2017.01.04 13:28:15.638,1.69078,1.69104,1.00,1.00
2017.01.04 13:28:15.790,1.69073,1.69105,1.00,2.25
2017.01.04 13:28:15.991,1.69075,1.69106,1.00,1.00
2017.01.04 13:28:17.030,1.69075,1.69108,1.00,2.62
2017.01.04 13:28:17.131,1.69075,1.69107,1.00,1.00
2017.01.04 13:28:17.421,1.69081,1.69109,1.00,1.50
2017.01.04 13:28:17.623,1.69083,1.69113,1.00,1.00
2017.01.04 13:28:17.724,1.69083,1.69116,1.12,3.00
2017.01.04 13:28:17.826,1.69089,1.69117,1.00,1.00
2017.01.04 13:28:17.876,1.69089,1.69119,1.00,1.00
2017.01.04 13:28:18.028,1.69089,1.6912,1.37,1.50
2017.01.04 13:28:18.331,1.69089,1.69119,1.00,1.00
2017.01.04 13:28:18.836,1.69089,1.69121,1.00,1.50
2017.01.04 13:28:19.118,1.69091,1.69121,1.00,2.25
2017.01.04 13:28:19.676,1.69091,1.6912,1.00,1.00
2017.01.04 13:28:19.828,1.69089,1.69121,1.00,1.50
2017.01.04 13:28:20.382,1.69089,1.6912,1.00,1.00
2017.01.04 13:28:20.584,1.69089,1.69117,1.00,1.00
2017.01.04 13:28:21.159,1.69088,1.69117,1.00,1.00
2017.01.04 13:28:21.588,1.69088,1.69119,1.00,1.00
2017.01.04 13:28:21.740,1.69092,1.69119,1.00,1.00
2017.01.04 13:28:22.193,1.6909,1.69119,1.00,1.37
2017.01.04 13:28:22.723,1.6909,1.69117,1.00,1.00
2017.01.04 13:28:22.892,1.69088,1.69117,1.00,1.00
2017.01.04 13:28:23.219,1.6909,1.69118,1.00,1.12
2017.01.04 13:28:23.522,1.69079,1.69109,1.12,2.25
2017.01.04 13:28:23.572,1.69075,1.69107,1.00,1.50
2017.01.04 13:28:23.623,1.69077,1.69106,1.00,1.00
2017.01.04 13:28:23.976,1.69076,1.69104,1.00,1.00
2017.01.04 13:28:24.348,1.69078,1.69104,1.00,1.00
2017.01.04 13:28:24.399,1.69079,1.69108,1.37,1.00
2017.01.04 13:28:24.543,1.69086,1.69115,1.00,1.37
2017.01.04 13:28:24.594,1.69086,1.69115,1.00,1.00
2017.01.04 13:28:24.695,1.69086,1.69113,1.00,1.00
2017.01.04 13:28:24.897,1.69081,1.69109,1.00,1.00
2017.01.04 13:28:25.048,1.69081,1.69108,1.00,1.50
2017.01.04 13:28:25.099,1.69078,1.69105,1.00,1.00
2017.01.04 13:28:25.250,1.69078,1.69108,1.00,1.12
2017.01.04 13:28:25.654,1.69077,1.69106,1.00,1.50
2017.01.04 13:28:26.179,1.69077,1.69105,1.00,1.00
2017.01.04 13:28:26.568,1.69077,1.69103,1.00,1.00
2017.01.04 13:28:26.820,1.69076,1.69107,1.00,1.50
2017.01.04 13:28:26.921,1.69079,1.69109,1.00,1.00
2017.01.04 13:28:27.224,1.69078,1.69106,1.00,1.00
2017.01.04 13:28:27.526,1.69071,1.69104,1.00,1.12
2017.01.04 13:28:27.627,1.69071,1.69102,1.00,1.00
2017.01.04 13:28:28.731,1.69073,1.69102,1.00,1.00
2017.01.04 13:28:28.781,1.69073,1.69105,1.00,1.00
2017.01.04 13:28:28.832,1.69075,1.69106,1.00,3.00
2017.01.04 13:28:29.135,1.69076,1.69103,1.00,1.37
2017.01.04 13:28:29.437,1.69073,1.69101,1.00,1.37
2017.01.04 13:28:29.488,1.69073,1.69102,1.00,1.37
2017.01.04 13:28:29.589,1.69073,1.69103,1.00,1.50
2017.01.04 13:28:30.034,1.69075,1.69104,1.00,1.50
2017.01.04 13:28:30.491,1.69074,1.69102,1.00,1.00
2017.01.04 13:28:30.828,1.69076,1.69102,1.00,1.00
2017.01.04 13:28:31.131,1.69073,1.691,1.00,1.00
2017.01.04 13:28:31.638,1.69073,1.69102,1.00,1.50
2017.01.04 13:28:32.361,1.69073,1.69101,1.00,1.00
2017.01.04 13:28:32.563,1.69072,1.69099,1.00,1.00
2017.01.04 13:28:33.195,1.69072,1.691,1.00,1.50
2017.01.04 13:28:33.635,1.69075,1.691,1.00,1.50
2017.01.04 13:28:34.226,1.69075,1.69101,1.00,1.00
2017.01.04 13:28:34.327,1.69075,1.69103,1.00,1.00
2017.01.04 13:28:34.428,1.69077,1.69103,1.00,1.00
2017.01.04 13:28:34.961,1.69077,1.69102,1.00,1.00
2017.01.04 13:28:35.241,1.69077,1.69104,1.00,1.00
2017.01.04 13:28:35.751,1.69078,1.69103,1.00,1.00
2017.01.04 13:28:35.803,1.69078,1.69105,1.00,1.00
2017.01.04 13:28:35.854,1.69075,1.69105,1.12,1.00
2017.01.04 13:28:36.111,1.69077,1.69105,1.00,1.50
2017.01.04 13:28:36.434,1.6908,1.69105,1.00,1.00
2017.01.04 13:28:36.635,1.69077,1.69105,1.00,1.00
2017.01.04 13:28:37.193,1.69077,1.69104,1.00,1.00
2017.01.04 13:28:38.538,1.69077,1.69103,1.00,1.00
2017.01.04 13:28:38.890,1.69076,1.69105,1.50,1.00
2017.01.04 13:28:38.940,1.69079,1.69106,1.00,1.87
2017.01.04 13:28:39.042,1.69076,1.69105,1.00,1.50
2017.01.04 13:28:39.092,1.69076,1.69103,1.00,1.00
2017.01.04 13:28:39.395,1.69079,1.69103,1.00,1.00
2017.01.04 13:28:41.350,1.69079,1.69102,1.00,1.00
2017.01.04 13:28:41.451,1.69074,1.69103,1.50,1.00
2017.01.04 13:28:41.976,1.69072,1.69102,1.75,1.00
2017.01.04 13:28:42.894,1.69072,1.69101,1.75,1.00
2017.01.04 13:28:43.049,1.69072,1.69102,1.00,1.50
2017.01.04 13:28:43.100,1.69072,1.691,1.00,1.00
2017.01.04 13:28:43.251,1.69072,1.69102,1.00,1.50
2017.01.04 13:28:43.353,1.69076,1.69101,1.00,1.00
2017.01.04 13:28:43.454,1.69076,1.69103,1.00,1.00
2017.01.04 13:28:43.989,1.69076,1.69102,1.00,1.50
2017.01.04 13:28:44.537,1.69075,1.69101,1.00,1.00
2017.01.04 13:28:45.194,1.69075,1.69102,1.00,1.00
2017.01.04 13:28:45.734,1.69075,1.69101,1.00,1.00
2017.01.04 13:28:46.328,1.69075,1.691,1.00,1.00
2017.01.04 13:28:46.934,1.69075,1.69101,1.00,1.50
2017.01.04 13:28:47.544,1.69075,1.691,1.00,1.00
2017.01.04 13:28:49.856,1.69075,1.69101,1.00,1.00
2017.01.04 13:28:50.217,1.69074,1.69103,1.00,1.87
2017.01.04 13:28:50.268,1.69077,1.69102,1.00,1.00
2017.01.04 13:28:50.318,1.69077,1.69104,1.00,1.00
2017.01.04 13:28:50.369,1.6908,1.69104,1.00,1.00
2017.01.04 13:28:50.471,1.69076,1.69104,1.00,1.00
2017.01.04 13:28:50.572,1.69078,1.69105,1.00,1.00
2017.01.04 13:28:50.824,1.69076,1.69104,1.00,1.50
2017.01.04 13:28:50.925,1.69074,1.69101,1.00,1.00
2017.01.04 13:28:51.248,1.69076,1.69099,1.00,1.00
2017.01.04 13:28:51.349,1.69074,1.69099,1.00,1.00
2017.01.04 13:28:51.500,1.69074,1.69097,1.00,1.00
2017.01.04 13:28:51.551,1.69074,1.691,1.00,1.00
2017.01.04 13:28:51.955,1.69072,1.69095,1.00,1.00
2017.01.04 13:28:52.157,1.6907,1.69095,1.00,1.00
2017.01.04 13:28:52.308,1.6907,1.69097,1.00,1.00
2017.01.04 13:28:52.360,1.69073,1.69097,1.00,1.00
2017.01.04 13:28:52.930,1.69073,1.69101,1.00,1.50
2017.01.04 13:28:53.081,1.69076,1.69101,1.00,1.50
2017.01.04 13:28:53.657,1.69075,1.691,1.00,1.00
2017.01.04 13:28:53.758,1.69072,1.69098,1.00,1.00
2017.01.04 13:28:54.485,1.69072,1.69099,1.00,1.00
2017.01.04 13:28:55.100,1.69072,1.69098,1.00,1.00
2017.01.04 13:28:55.647,1.69074,1.69101,1.00,1.00
2017.01.04 13:28:56.050,1.69073,1.69098,1.00,1.00
2017.01.04 13:28:56.358,1.69071,1.69098,1.50,1.00
2017.01.04 13:28:56.976,1.69071,1.69097,1.00,1.00
2017.01.04 13:28:57.485,1.69071,1.69098,1.00,1.50
2017.01.04 13:28:58.096,1.69071,1.69099,1.00,1.50
2017.01.04 13:28:58.348,1.69071,1.69101,1.00,1.00
2017.01.04 13:28:58.550,1.69071,1.69099,1.00,1.00
2017.01.04 13:28:58.852,1.69069,1.69093,1.00,1.00
2017.01.04 13:28:58.989,1.69064,1.69093,1.50,1.00
2017.01.04 13:28:59.039,1.69064,1.69091,1.00,1.00
2017.01.04 13:28:59.292,1.69061,1.69089,1.00,1.00
2017.01.04 13:28:59.493,1.69061,1.69091,1.50,1.00
2017.01.04 13:29:00.019,1.69062,1.69093,1.00,1.37
2017.01.04 13:29:00.069,1.69064,1.69093,1.00,1.37
2017.01.04 13:29:00.171,1.69062,1.69093,1.00,1.37
2017.01.04 13:29:00.580,1.69064,1.69094,1.00,1.50
2017.01.04 13:29:01.576,1.69061,1.69091,1.00,1.00
2017.01.04 13:29:02.080,1.69061,1.69092,1.00,1.50
2017.01.04 13:29:02.625,1.6906,1.69091,1.50,1.00
2017.01.04 13:29:02.676,1.69062,1.6909,1.00,1.00
2017.01.04 13:29:02.727,1.69062,1.69092,1.00,1.12
2017.01.04 13:29:02.829,1.69063,1.69094,1.00,1.50
2017.01.04 13:29:02.980,1.69067,1.69096,1.00,1.00
2017.01.04 13:29:03.132,1.69072,1.69102,1.00,2.25
2017.01.04 13:29:03.233,1.69071,1.691,1.50,1.00
2017.01.04 13:29:04.073,1.69071,1.69099,1.00,1.00
2017.01.04 13:29:05.138,1.69071,1.691,1.00,1.00
2017.01.04 13:29:05.676,1.69074,1.69101,1.00,1.00
2017.01.04 13:29:05.777,1.69071,1.69102,1.00,1.00
2017.01.04 13:29:05.878,1.69071,1.69102,1.00,2.62
2017.01.04 13:29:06.131,1.69062,1.69092,1.37,1.00
2017.01.04 13:29:06.182,1.69062,1.69093,1.50,1.00
2017.01.04 13:29:06.361,1.69062,1.69091,1.00,1.00
2017.01.04 13:29:06.865,1.69062,1.69092,1.50,1.00
2017.01.04 13:29:07.483,1.69062,1.69093,1.50,1.00
2017.01.04 13:29:08.158,1.69062,1.69092,1.00,1.00
2017.01.04 13:29:08.473,1.69049,1.6908,1.37,1.87
2017.01.04 13:29:08.524,1.69049,1.6908,1.00,1.37
2017.01.04 13:29:09.053,1.69049,1.6908,1.00,1.87
2017.01.04 13:29:09.592,1.69049,1.6908,1.00,1.00
2017.01.04 13:29:10.097,1.69049,1.69081,1.50,1.50
2017.01.04 13:29:16.254,1.69051,1.69084,1.00,1.87
2017.01.04 13:29:16.406,1.69054,1.69086,1.00,1.12
2017.01.04 13:29:16.457,1.69056,1.69087,1.00,2.25
2017.01.04 13:29:16.810,1.69056,1.69085,1.50,1.37
2017.01.04 13:29:17.012,1.69053,1.69084,1.50,1.12
2017.01.04 13:29:17.465,1.69054,1.69082,1.00,1.00
2017.01.04 13:29:18.002,1.69054,1.69081,1.00,1.12
2017.01.04 13:29:18.053,1.69052,1.69081,1.50,1.00
2017.01.04 13:29:18.580,1.69053,1.69082,1.00,1.12
2017.01.04 13:29:19.120,1.69052,1.69084,1.00,1.37
2017.01.04 13:29:19.527,1.69052,1.69084,1.00,1.50
2017.01.04 13:29:19.679,1.69054,1.69086,1.00,1.00
2017.01.04 13:29:19.981,1.69057,1.69085,1.00,1.37
2017.01.04 13:29:20.183,1.69057,1.69086,1.00,1.50
2017.01.04 13:29:21.197,1.69057,1.69085,1.00,1.00
2017.01.04 13:29:21.698,1.69057,1.69086,1.00,2.25
2017.01.04 13:29:21.858,1.69057,1.69083,1.00,1.00
2017.01.04 13:29:23.137,1.69053,1.69083,1.00,1.00
2017.01.04 13:29:23.289,1.69053,1.6908,1.00,1.00
2017.01.04 13:29:23.390,1.69049,1.69078,1.12,1.00
2017.01.04 13:29:23.642,1.69047,1.69078,1.00,1.87
2017.01.04 13:29:24.287,1.69047,1.69079,1.50,2.62
2017.01.04 13:29:24.833,1.69047,1.69078,1.50,1.50
2017.01.04 13:29:25.067,1.69049,1.69078,1.00,1.50
2017.01.04 13:29:25.269,1.69047,1.69077,1.50,1.00
2017.01.04 13:29:28.674,1.69047,1.69076,1.00,1.00
2017.01.04 13:29:28.775,1.69047,1.69074,1.00,1.00
2017.01.04 13:29:29.687,1.69047,1.69076,1.00,1.50
2017.01.04 13:29:30.227,1.69047,1.69075,1.00,1.00
2017.01.04 13:29:32.798,1.69047,1.69076,1.00,1.50
2017.01.04 13:29:33.770,1.69047,1.69078,1.00,1.87
2017.01.04 13:29:34.349,1.69047,1.69077,1.00,1.00
2017.01.04 13:29:34.868,1.69047,1.69078,1.00,1.50
2017.01.04 13:29:37.883,1.69047,1.69079,1.00,1.50
2017.01.04 13:29:38.415,1.69047,1.69078,1.50,1.00
2017.01.04 13:29:38.566,1.69053,1.69079,1.00,1.37
2017.01.04 13:29:38.869,1.69048,1.69078,1.50,1.00
2017.01.04 13:29:39.390,1.69048,1.69079,1.00,1.50
2017.01.04 13:29:39.592,1.69051,1.69079,1.00,1.00
2017.01.04 13:29:40.106,1.69051,1.69079,1.00,1.37
2017.01.04 13:29:40.638,1.69051,1.69079,1.00,1.37
2017.01.04 13:29:41.016,1.69051,1.69079,1.00,1.00
2017.01.04 13:29:41.742,1.69047,1.69079,1.00,2.25
2017.01.04 13:29:42.277,1.69047,1.69078,1.00,1.87
2017.01.04 13:29:42.328,1.69047,1.69076,1.00,1.00
2017.01.04 13:29:42.858,1.69046,1.69076,1.50,1.00
2017.01.04 13:29:42.909,1.69046,1.69078,1.50,1.00
2017.01.04 13:29:43.211,1.69048,1.6908,1.00,1.87
2017.01.04 13:29:43.515,1.69051,1.6908,1.00,1.87
2017.01.04 13:29:43.672,1.69049,1.69079,1.00,1.00
2017.01.04 13:29:43.773,1.69051,1.69079,1.00,1.00
2017.01.04 13:29:43.974,1.69051,1.69081,1.00,1.00
2017.01.04 13:29:44.304,1.69052,1.69077,1.00,1.00
2017.01.04 13:29:44.425,1.69048,1.69078,2.25,1.12
2017.01.04 13:29:44.476,1.69048,1.69075,1.00,1.00
2017.01.04 13:29:45.180,1.69045,1.69075,1.50,1.00
2017.01.04 13:29:45.743,1.69045,1.69077,1.00,1.00
2017.01.04 13:29:45.794,1.69048,1.69077,1.00,1.00
2017.01.04 13:29:45.895,1.69048,1.69081,1.87,1.00
2017.01.04 13:29:46.324,1.69051,1.69082,1.00,1.87
2017.01.04 13:29:46.793,1.69054,1.69083,1.00,1.50
2017.01.04 13:29:46.995,1.69054,1.69085,1.00,1.00
2017.01.04 13:29:47.046,1.69055,1.69088,1.00,1.50
2017.01.04 13:29:47.096,1.69059,1.69089,1.50,1.00
2017.01.04 13:29:48.462,1.69059,1.69086,1.50,1.50
2017.01.04 13:29:48.966,1.69059,1.69087,1.00,1.00
2017.01.04 13:29:49.118,1.69059,1.69089,1.50,1.00
2017.01.04 13:29:49.320,1.69062,1.6909,1.00,1.00
2017.01.04 13:29:49.622,1.69062,1.69088,1.00,1.00
2017.01.04 13:29:49.957,1.69054,1.69081,1.00,1.87
2017.01.04 13:29:50.122,1.69048,1.69076,1.00,1.37
2017.01.04 13:29:50.223,1.69048,1.69077,1.00,1.12
2017.01.04 13:29:50.525,1.69048,1.69079,1.00,1.00
2017.01.04 13:29:50.828,1.6905,1.69082,1.00,3.37
2017.01.04 13:29:50.929,1.69049,1.69082,1.50,2.25
2017.01.04 13:29:51.460,1.6905,1.69082,1.00,2.25
2017.01.04 13:29:51.885,1.69053,1.69082,1.00,1.00
2017.01.04 13:29:52.106,1.69058,1.69089,1.00,1.37
2017.01.04 13:29:52.207,1.69061,1.69089,1.00,1.00
2017.01.04 13:29:52.522,1.69063,1.69089,1.00,1.00
2017.01.04 13:29:52.783,1.69065,1.69092,1.00,1.00
2017.01.04 13:29:52.884,1.69069,1.69091,1.00,1.00
2017.01.04 13:29:53.313,1.69066,1.69091,1.00,1.00
2017.01.04 13:29:53.414,1.69066,1.69094,1.00,1.00
2017.01.04 13:29:53.515,1.69068,1.69095,1.00,1.50
2017.01.04 13:29:53.845,1.69068,1.69092,1.00,1.00
2017.01.04 13:29:53.986,1.69066,1.69092,1.00,1.00
2017.01.04 13:29:54.193,1.69068,1.69093,1.00,1.00
2017.01.04 13:29:54.495,1.69067,1.6909,1.00,1.00
2017.01.04 13:29:54.798,1.69063,1.69088,1.00,1.00
2017.01.04 13:29:54.950,1.69062,1.69085,1.00,1.00
2017.01.04 13:29:55.001,1.69062,1.69088,1.00,1.00
2017.01.04 13:29:55.405,1.69064,1.69086,1.00,1.00
2017.01.04 13:29:55.556,1.69064,1.6909,1.00,1.50
2017.01.04 13:29:55.663,1.69064,1.69089,1.00,1.87
2017.01.04 13:29:55.714,1.69059,1.69088,1.12,1.12
2017.01.04 13:29:55.765,1.69059,1.69086,1.12,1.00
2017.01.04 13:29:56.075,1.69057,1.69082,1.00,1.00
2017.01.04 13:29:56.226,1.69057,1.69085,1.00,1.12
2017.01.04 13:29:56.734,1.69057,1.69084,1.00,1.00
2017.01.04 13:29:57.417,1.69057,1.69085,1.00,1.12
2017.01.04 13:29:57.522,1.69057,1.69084,1.00,1.37
2017.01.04 13:29:57.925,1.69056,1.69081,1.00,1.00
2017.01.04 13:29:57.976,1.69051,1.69081,1.50,1.12
2017.01.04 13:29:58.026,1.69053,1.69081,1.00,1.12
2017.01.04 13:29:58.228,1.69051,1.69081,1.00,1.87
2017.01.04 13:29:58.390,1.69053,1.6908,1.00,1.00
2017.01.04 13:29:58.918,1.69053,1.69081,1.00,1.12
2017.01.04 13:29:59.880,1.69053,1.69082,1.00,1.50
2017.01.04 13:30:00.698,1.69054,1.69083,1.00,1.00
2017.01.04 13:30:01.937,1.69054,1.69081,1.00,1.00
2017.01.04 13:30:02.641,1.69052,1.69081,1.00,1.00
2017.01.04 13:30:03.322,1.69055,1.69081,1.00,1.00
2017.01.04 13:30:03.878,1.69055,1.69082,1.00,1.50
2017.01.04 13:30:04.281,1.69055,1.69084,1.00,1.00
2017.01.04 13:30:04.465,1.69057,1.69084,1.00,1.00
2017.01.04 13:30:04.737,1.69057,1.69086,1.00,1.00
2017.01.04 13:30:05.241,1.69057,1.69085,1.00,1.00
2017.01.04 13:30:05.765,1.69057,1.69083,1.00,1.00
2017.01.04 13:30:06.215,1.69057,1.69085,1.00,1.00
2017.01.04 13:30:06.266,1.69062,1.69089,1.00,1.87
2017.01.04 13:30:06.367,1.69065,1.69092,1.00,1.00
2017.01.04 13:30:06.468,1.69067,1.69097,1.00,1.00
2017.01.04 13:30:06.519,1.69067,1.69099,1.00,1.50
2017.01.04 13:30:06.720,1.69068,1.69097,1.00,1.00
2017.01.04 13:30:07.263,1.69067,1.69097,1.00,1.00
2017.01.04 13:30:08.022,1.69067,1.69096,1.00,1.00
2017.01.04 13:30:08.249,1.69067,1.69098,1.00,1.12
2017.01.04 13:30:08.400,1.69067,1.69096,1.00,1.00
2017.01.04 13:30:08.856,1.69067,1.69098,1.00,1.50
2017.01.04 13:30:10.141,1.69067,1.69098,1.00,1.87
2017.01.04 13:30:11.649,1.69067,1.69098,1.00,1.87
2017.01.04 13:30:12.698,1.69067,1.69098,1.50,1.37
2017.01.04 13:30:13.790,1.69067,1.69098,1.50,1.50
2017.01.04 13:30:14.338,1.69067,1.69097,1.00,1.00
2017.01.04 13:30:14.660,1.69067,1.6909,1.00,1.00
2017.01.04 13:30:14.761,1.69062,1.69089,1.00,1.00
2017.01.04 13:30:14.811,1.69062,1.69087,1.00,1.00
2017.01.04 13:30:15.358,1.69062,1.6909,1.00,1.12
2017.01.04 13:30:15.409,1.69059,1.6909,1.00,1.12
2017.01.04 13:30:15.913,1.69061,1.69089,1.00,1.00
2017.01.04 13:30:16.014,1.69059,1.69089,1.00,1.00
2017.01.04 13:30:16.594,1.69059,1.69088,1.00,1.00
2017.01.04 13:30:17.100,1.69059,1.69086,1.00,1.00
2017.01.04 13:30:17.299,1.69061,1.69089,1.00,1.00
2017.01.04 13:30:17.837,1.69062,1.69089,1.00,1.00
2017.01.04 13:30:18.341,1.69063,1.6909,1.00,1.00
2017.01.04 13:30:18.442,1.6906,1.6909,1.00,1.00
2017.01.04 13:30:18.839,1.6906,1.69093,1.00,1.00
2017.01.04 13:30:18.940,1.69072,1.69097,1.00,1.37
2017.01.04 13:30:18.990,1.69072,1.69097,1.00,1.00
2017.01.04 13:30:19.334,1.69069,1.69096,1.00,1.00
2017.01.04 13:30:19.536,1.69067,1.69095,1.00,1.00
2017.01.04 13:30:19.637,1.69066,1.69093,1.00,1.00
2017.01.04 13:30:19.738,1.69064,1.69093,1.50,1.00
2017.01.04 13:30:20.254,1.69064,1.69092,1.50,1.00
2017.01.04 13:30:20.305,1.69064,1.69094,1.50,1.00
2017.01.04 13:30:20.361,1.69066,1.69098,1.00,1.37
2017.01.04 13:30:20.412,1.69066,1.69098,1.00,1.00
2017.01.04 13:30:20.463,1.69068,1.69097,1.00,1.00
2017.01.04 13:30:20.798,1.69072,1.691,1.37,1.00
2017.01.04 13:30:21.112,1.69078,1.69101,1.00,1.00
2017.01.04 13:30:21.464,1.69075,1.69101,1.00,1.00
2017.01.04 13:30:21.934,1.69077,1.69103,1.00,1.00
2017.01.04 13:30:22.462,1.69077,1.69104,1.00,1.00
2017.01.04 13:30:24.350,1.69079,1.69104,1.00,1.00
2017.01.04 13:30:24.451,1.69076,1.69104,1.00,1.00
2017.01.04 13:30:24.668,1.69081,1.69104,1.00,1.00
2017.01.04 13:30:24.970,1.69079,1.69103,1.00,1.00
2017.01.04 13:30:25.520,1.69079,1.69104,1.00,1.00
2017.01.04 13:30:25.672,1.69081,1.69104,1.00,1.00
2017.01.04 13:30:25.773,1.69078,1.69104,1.50,1.00
2017.01.04 13:30:25.925,1.69072,1.69102,1.00,1.00
2017.01.04 13:30:26.492,1.69072,1.69101,1.00,1.00
2017.01.04 13:30:27.034,1.69071,1.691,1.00,1.00
2017.01.04 13:30:28.343,1.69071,1.69099,1.00,1.00
2017.01.04 13:30:28.470,1.69069,1.69099,1.12,1.00
2017.01.04 13:30:28.572,1.69067,1.69097,1.00,1.00
2017.01.04 13:30:29.075,1.69067,1.69096,1.00,1.00
2017.01.04 13:30:29.378,1.69064,1.69095,1.00,1.00
2017.01.04 13:30:29.479,1.69064,1.69093,1.00,1.00
2017.01.04 13:30:29.782,1.69067,1.69099,1.37,1.50
2017.01.04 13:30:30.034,1.69069,1.69101,1.12,1.00
2017.01.04 13:30:30.188,1.69069,1.69099,1.12,1.00
2017.01.04 13:30:30.643,1.69072,1.691,1.00,1.50
2017.01.04 13:30:31.221,1.69072,1.69098,1.00,1.00
2017.01.04 13:30:31.272,1.69069,1.69098,1.12,1.00
2017.01.04 13:30:31.529,1.69069,1.691,1.12,1.50
2017.01.04 13:30:32.048,1.69065,1.69095,1.37,1.00
2017.01.04 13:30:32.099,1.69065,1.69096,1.00,1.00
2017.01.04 13:30:32.250,1.69062,1.69092,1.50,1.00
2017.01.04 13:30:32.351,1.69059,1.69091,1.00,1.12
2017.01.04 13:30:32.452,1.69057,1.69089,1.00,1.50
2017.01.04 13:30:32.755,1.69057,1.69087,1.00,1.00
2017.01.04 13:30:33.179,1.69059,1.69087,1.12,1.00
2017.01.04 13:30:33.400,1.69059,1.69089,1.12,1.00
2017.01.04 13:30:33.451,1.69059,1.69091,1.12,1.00
2017.01.04 13:30:33.660,1.69056,1.69088,1.12,1.00
2017.01.04 13:30:33.761,1.69056,1.6909,1.00,1.50
2017.01.04 13:30:33.963,1.69055,1.69087,1.50,1.00
2017.01.04 13:30:34.266,1.69053,1.69087,1.50,1.00
2017.01.04 13:30:34.367,1.69055,1.69089,1.00,1.00
2017.01.04 13:30:34.914,1.69054,1.69088,1.50,1.50
2017.01.04 13:30:35.313,1.69053,1.69084,1.00,1.00
2017.01.04 13:30:35.615,1.6905,1.69081,1.00,1.00
2017.01.04 13:30:36.164,1.69049,1.69081,1.50,1.00
2017.01.04 13:30:36.661,1.69047,1.69079,1.12,1.00
2017.01.04 13:30:36.963,1.69054,1.69086,1.00,1.50
2017.01.04 13:30:37.538,1.69053,1.69086,1.00,1.00
2017.01.04 13:30:39.502,1.69053,1.69085,1.00,1.00
2017.01.04 13:30:40.478,1.69053,1.69086,1.00,1.00
2017.01.04 13:30:41.882,1.69057,1.69086,1.00,1.00
2017.01.04 13:30:41.933,1.69057,1.69088,1.00,1.00
2017.01.04 13:30:42.235,1.69058,1.6909,1.12,1.50
2017.01.04 13:30:42.387,1.69058,1.69088,1.12,1.00
2017.01.04 13:30:42.488,1.69054,1.69086,1.00,1.00
2017.01.04 13:30:43.034,1.69051,1.69085,1.75,1.50
2017.01.04 13:30:43.572,1.69054,1.69086,1.00,1.50
2017.01.04 13:30:43.995,1.69053,1.69084,1.37,1.00
2017.01.04 13:30:44.297,1.69058,1.69087,1.00,1.50
2017.01.04 13:30:44.398,1.69056,1.69087,1.00,1.50
2017.01.04 13:30:44.449,1.69056,1.69087,1.37,1.00
2017.01.04 13:30:44.593,1.69059,1.69091,1.00,1.50
2017.01.04 13:30:44.644,1.69059,1.69086,1.00,1.00
2017.01.04 13:30:44.695,1.69055,1.69086,1.00,1.00
2017.01.04 13:30:44.796,1.69054,1.69084,1.12,1.00
2017.01.04 13:30:45.106,1.69051,1.69081,1.12,1.00
2017.01.04 13:30:45.409,1.69053,1.69084,1.00,1.00
2017.01.04 13:30:45.510,1.69053,1.69082,1.00,1.00
2017.01.04 13:30:45.561,1.6905,1.69081,1.00,1.00
2017.01.04 13:30:46.175,1.69052,1.69082,1.00,1.50
2017.01.04 13:30:46.528,1.69054,1.69082,1.37,1.00
2017.01.04 13:30:46.579,1.69055,1.69085,1.37,1.00
2017.01.04 13:30:46.630,1.69055,1.69087,1.37,1.00
2017.01.04 13:30:46.697,1.69055,1.69086,1.37,1.00
2017.01.04 13:30:46.798,1.69058,1.69088,1.12,1.00
2017.01.04 13:30:47.101,1.69056,1.69085,1.00,1.00
2017.01.04 13:30:47.303,1.69057,1.69088,1.12,1.00
2017.01.04 13:30:47.815,1.69056,1.69087,1.75,1.00
2017.01.04 13:30:48.323,1.69055,1.69084,2.25,1.50
2017.01.04 13:30:48.575,1.69038,1.69068,1.00,1.00
2017.01.04 13:30:48.626,1.69036,1.69068,1.12,1.00
2017.01.04 13:30:48.676,1.69041,1.69072,1.00,2.25
2017.01.04 13:30:49.180,1.6904,1.69072,1.00,1.50
2017.01.04 13:30:49.719,1.69039,1.69073,1.12,1.87
2017.01.04 13:30:50.021,1.69038,1.6907,1.00,1.00
2017.01.04 13:30:50.477,1.6904,1.69072,1.00,1.00
2017.01.04 13:30:50.854,1.69038,1.6907,1.00,1.00
2017.01.04 13:30:54.168,1.69037,1.69067,1.50,1.00
2017.01.04 13:30:54.471,1.69026,1.69057,1.00,1.00
2017.01.04 13:30:54.974,1.69025,1.69057,1.00,1.00
2017.01.04 13:30:55.126,1.69027,1.69058,1.50,1.00
2017.01.04 13:30:55.277,1.69033,1.69065,1.00,1.00
2017.01.04 13:30:55.613,1.69032,1.69063,1.00,1.00
2017.01.04 13:30:55.916,1.69046,1.69075,1.50,1.37
2017.01.04 13:30:55.966,1.69049,1.69079,1.00,1.00
2017.01.04 13:30:56.067,1.69047,1.69078,1.00,1.00
2017.01.04 13:30:56.168,1.69052,1.69079,1.00,1.00
2017.01.04 13:30:56.219,1.69052,1.69082,1.00,1.00
2017.01.04 13:30:56.270,1.69055,1.69082,1.00,1.00
2017.01.04 13:30:56.471,1.69053,1.69083,1.00,1.00
2017.01.04 13:30:56.522,1.69053,1.69085,1.00,1.00
2017.01.04 13:30:56.573,1.69055,1.69085,1.00,1.00
2017.01.04 13:30:56.679,1.69059,1.6909,1.12,1.00
2017.01.04 13:30:56.731,1.69067,1.69093,1.00,1.37
2017.01.04 13:30:56.858,1.69064,1.69093,1.00,1.00
2017.01.04 13:30:57.262,1.69069,1.69093,1.00,1.50
2017.01.04 13:30:57.363,1.69066,1.69093,1.00,1.00
2017.01.04 13:30:57.898,1.69065,1.69093,1.00,1.00
2017.01.04 13:30:57.999,1.69065,1.69096,1.00,1.00
2017.01.04 13:30:58.448,1.69063,1.69092,1.00,1.00
2017.01.04 13:30:58.964,1.69063,1.69091,1.00,1.00
2017.01.04 13:30:59.508,1.69062,1.69091,1.00,3.75
2017.01.04 13:30:59.830,1.69064,1.69092,1.00,1.00
2017.01.04 13:31:00.336,1.69064,1.69091,1.00,1.50
2017.01.04 13:31:00.567,1.69062,1.69094,1.50,1.00
2017.01.04 13:31:00.678,1.69064,1.69094,1.00,1.00
2017.01.04 13:31:00.982,1.69069,1.69091,1.00,1.00
2017.01.04 13:31:01.035,1.69066,1.69091,1.00,1.00
2017.01.04 13:31:01.237,1.69058,1.69085,2.25,1.00
2017.01.04 13:31:01.388,1.69056,1.69085,1.00,2.25
2017.01.04 13:31:01.439,1.69056,1.69084,1.00,1.37
2017.01.04 13:31:01.491,1.69056,1.69084,1.00,1.00
2017.01.04 13:31:01.897,1.69056,1.69087,1.00,3.00
2017.01.04 13:31:02.149,1.69061,1.69088,1.00,1.00
2017.01.04 13:31:02.749,1.69061,1.69089,1.00,1.00
2017.01.04 13:31:02.911,1.69061,1.69091,1.00,2.25
2017.01.04 13:31:03.388,1.69062,1.69089,1.00,1.00
2017.01.04 13:31:03.900,1.69061,1.69089,1.00,1.00
2017.01.04 13:31:04.303,1.69062,1.69093,1.00,1.50
2017.01.04 13:31:04.830,1.69062,1.69091,1.00,1.00
2017.01.04 13:31:05.188,1.69064,1.69092,1.00,1.00
2017.01.04 13:31:05.289,1.69062,1.69092,1.00,1.12
2017.01.04 13:31:05.441,1.69067,1.69093,1.00,1.12
2017.01.04 13:31:05.542,1.69067,1.69095,1.00,1.00
2017.01.04 13:31:05.592,1.69067,1.69093,1.00,1.00
2017.01.04 13:31:05.643,1.69064,1.69093,1.00,1.00
2017.01.04 13:31:05.794,1.69063,1.6909,1.00,1.00
2017.01.04 13:31:05.946,1.69059,1.69091,1.00,1.50
2017.01.04 13:31:06.356,1.69066,1.69092,1.00,1.12
2017.01.04 13:31:06.508,1.69066,1.69097,1.12,1.12
2017.01.04 13:31:06.559,1.69072,1.69097,1.00,1.00
2017.01.04 13:31:06.609,1.69072,1.691,1.00,1.87
2017.01.04 13:31:07.770,1.69071,1.691,1.00,1.50
2017.01.04 13:31:07.871,1.69074,1.691,1.00,1.00
2017.01.04 13:31:08.093,1.69073,1.69102,1.00,1.00
2017.01.04 13:31:08.144,1.69073,1.691,1.00,1.00
2017.01.04 13:31:08.673,1.69072,1.691,1.00,1.00
2017.01.04 13:31:09.041,1.69072,1.69102,1.00,1.00
2017.01.04 13:31:09.144,1.69073,1.69103,1.87,1.00
2017.01.04 13:31:09.246,1.69072,1.69105,1.50,1.00
2017.01.04 13:31:09.297,1.69072,1.69103,1.50,1.00
2017.01.04 13:31:09.448,1.69064,1.69097,1.37,1.00
2017.01.04 13:31:10.932,1.69065,1.69095,1.00,1.00
2017.01.04 13:31:11.185,1.69063,1.69094,2.25,1.00
2017.01.04 13:31:13.523,1.69064,1.69095,1.00,1.00
2017.01.04 13:31:13.574,1.69068,1.69099,1.00,1.00
2017.01.04 13:31:14.074,1.69072,1.69104,1.00,2.25
2017.01.04 13:31:14.125,1.69072,1.69104,1.37,1.00
2017.01.04 13:31:14.327,1.69079,1.69109,1.00,1.00
2017.01.04 13:31:15.614,1.69079,1.69107,1.00,1.00
2017.01.04 13:31:15.934,1.69076,1.69106,1.37,1.87
2017.01.04 13:31:15.984,1.69075,1.69102,1.12,1.00
2017.01.04 13:31:16.488,1.69077,1.69102,1.00,1.00
2017.01.04 13:31:16.841,1.69077,1.69104,1.00,1.00
2017.01.04 13:31:16.981,1.69075,1.69103,1.12,1.00
2017.01.04 13:31:17.485,1.69074,1.69104,1.00,3.00
2017.01.04 13:31:17.587,1.69074,1.691,1.00,1.00
2017.01.04 13:31:18.130,1.69074,1.69101,1.00,1.00
2017.01.04 13:31:18.650,1.69074,1.691,1.00,1.00
2017.01.04 13:31:19.004,1.69073,1.69103,1.12,1.00
2017.01.04 13:31:19.407,1.69073,1.691,1.00,1.00
2017.01.04 13:31:20.022,1.69073,1.69101,1.00,1.00
2017.01.04 13:31:20.701,1.69073,1.691,1.00,1.00
2017.01.04 13:31:21.248,1.69073,1.69101,1.00,1.00
2017.01.04 13:31:21.299,1.69073,1.69103,1.00,1.50
2017.01.04 13:31:21.500,1.6907,1.69101,1.00,1.00
2017.01.04 13:31:21.601,1.6907,1.69103,1.50,2.25
2017.01.04 13:31:21.702,1.6907,1.69099,1.00,1.00
2017.01.04 13:31:22.281,1.6907,1.691,1.00,1.00
2017.01.04 13:31:22.583,1.69077,1.69107,1.50,1.50
2017.01.04 13:31:22.911,1.69081,1.69109,1.00,1.00
2017.01.04 13:31:23.113,1.69079,1.69108,1.00,1.00
2017.01.04 13:31:23.416,1.69077,1.69106,1.50,1.00
2017.01.04 13:31:24.071,1.69076,1.69104,3.00,1.00
2017.01.04 13:31:24.323,1.69076,1.69105,1.00,1.00
2017.01.04 13:31:24.374,1.69078,1.69105,1.00,1.00
2017.01.04 13:31:24.610,1.69074,1.69104,1.12,1.00
2017.01.04 13:31:24.661,1.69074,1.69102,1.12,1.00
2017.01.04 13:31:25.114,1.69074,1.691,1.12,1.00
2017.01.04 13:31:25.637,1.69074,1.69098,1.12,1.00
2017.01.04 13:31:25.738,1.69074,1.69101,1.12,1.00
2017.01.04 13:31:26.040,1.69076,1.69105,1.00,1.00
2017.01.04 13:31:26.091,1.69078,1.69105,1.00,1.00
2017.01.04 13:31:26.523,1.69078,1.69103,1.00,1.00
2017.01.04 13:31:27.031,1.69078,1.69102,1.00,1.00
2017.01.04 13:31:27.603,1.69076,1.69103,1.12,1.00
2017.01.04 13:31:27.873,1.69078,1.69102,1.00,1.00
2017.01.04 13:31:28.417,1.69078,1.69103,1.00,1.00
2017.01.04 13:31:29.118,1.69078,1.69107,1.00,3.00
2017.01.04 13:31:29.320,1.69074,1.69103,1.12,1.00
2017.01.04 13:31:29.371,1.69071,1.69103,1.50,1.12
2017.01.04 13:31:29.990,1.6907,1.69101,1.87,1.00
2017.01.04 13:31:30.334,1.69076,1.69106,2.25,1.00
2017.01.04 13:31:30.687,1.6908,1.69106,1.12,1.00
2017.01.04 13:31:30.738,1.6908,1.69108,1.12,1.00
2017.01.04 13:31:31.209,1.69078,1.69106,1.37,1.00
2017.01.04 13:31:31.723,1.69078,1.69107,1.37,1.00
2017.01.04 13:31:31.773,1.69078,1.69106,1.12,1.00
2017.01.04 13:31:32.304,1.69079,1.69106,1.00,1.00
2017.01.04 13:31:32.527,1.69078,1.69105,1.00,1.87
2017.01.04 13:31:32.578,1.69073,1.69104,1.87,1.12
2017.01.04 13:31:32.679,1.6907,1.69102,1.37,1.00
2017.01.04 13:31:33.157,1.69072,1.69104,1.50,1.00
2017.01.04 13:31:33.727,1.69074,1.69104,1.00,1.50
2017.01.04 13:31:34.029,1.69081,1.69108,1.12,1.00
2017.01.04 13:31:34.332,1.69086,1.6911,1.00,1.00
2017.01.04 13:31:34.383,1.69084,1.6911,1.00,1.00
2017.01.04 13:31:35.317,1.69082,1.6911,1.12,4.50
2017.01.04 13:31:36.088,1.69082,1.69108,1.12,1.00
2017.01.04 13:31:36.485,1.69082,1.6911,1.12,4.50
2017.01.04 13:31:38.073,1.69082,1.6911,1.37,1.00
2017.01.04 13:31:38.588,1.69085,1.6911,1.00,1.00
2017.01.04 13:31:39.589,1.69081,1.69107,1.37,1.00
2017.01.04 13:31:39.690,1.69079,1.69107,1.50,1.00
2017.01.04 13:31:39.740,1.6908,1.69109,1.12,1.00
2017.01.04 13:31:40.043,1.69083,1.6911,1.37,4.50
2017.01.04 13:31:40.557,1.69083,1.6911,1.37,1.00
2017.01.04 13:31:41.476,1.69083,1.6911,1.75,4.50
2017.01.04 13:31:41.780,1.69088,1.69106,1.37,1.00
2017.01.04 13:31:41.831,1.69077,1.69106,1.87,1.00
2017.01.04 13:31:41.932,1.69072,1.69102,1.75,1.00
2017.01.04 13:31:42.033,1.69074,1.69106,1.00,1.50
2017.01.04 13:31:42.234,1.69076,1.69106,1.00,1.50
2017.01.04 13:31:42.541,1.69076,1.69103,1.00,1.00
2017.01.04 13:31:42.642,1.69075,1.69106,1.00,1.00
2017.01.04 13:31:42.693,1.69074,1.69104,1.00,1.00
2017.01.04 13:31:43.055,1.69077,1.69107,1.37,1.50
2017.01.04 13:31:43.359,1.69082,1.69107,1.00,1.00
2017.01.04 13:31:43.409,1.69082,1.69109,1.00,1.00
2017.01.04 13:31:43.712,1.69085,1.6911,1.00,4.50
2017.01.04 13:31:44.015,1.69089,1.69111,1.00,4.50
2017.01.04 13:31:44.222,1.69086,1.6911,1.00,4.50
2017.01.04 13:31:44.323,1.69089,1.6911,1.00,1.00
2017.01.04 13:31:44.841,1.69088,1.69109,1.00,1.00
2017.01.04 13:31:45.175,1.69091,1.69109,1.00,1.00
2017.01.04 13:31:45.225,1.69089,1.69109,1.00,1.00
2017.01.04 13:31:45.427,1.69087,1.6911,1.00,4.50
2017.01.04 13:31:45.881,1.69087,1.69108,1.00,1.00
2017.01.04 13:31:46.271,1.69087,1.6911,1.87,3.75
2017.01.04 13:31:46.574,1.69094,1.69111,1.00,3.75
2017.01.04 13:31:46.630,1.69092,1.6911,1.00,3.75
2017.01.04 13:31:46.731,1.69094,1.6911,1.00,3.75
2017.01.04 13:31:47.034,1.69087,1.69108,1.00,1.00
2017.01.04 13:31:47.185,1.69087,1.6911,1.00,4.50
2017.01.04 13:31:47.710,1.69088,1.69111,1.00,4.50
2017.01.04 13:31:48.252,1.69088,1.6911,1.00,3.75
2017.01.04 13:31:48.779,1.69087,1.6911,1.37,3.75
2017.01.04 13:31:48.830,1.69089,1.6911,1.12,3.75
2017.01.04 13:31:49.265,1.69091,1.69111,1.37,3.75
2017.01.04 13:31:49.714,1.69093,1.6911,1.00,3.75
2017.01.04 13:31:50.274,1.69093,1.69111,1.00,3.75
2017.01.04 13:31:50.813,1.69095,1.69111,1.00,3.75
2017.01.04 13:31:51.316,1.69094,1.6911,1.50,3.75
2017.01.04 13:31:51.822,1.69094,1.69111,1.50,3.75
2017.01.04 13:31:52.125,1.69091,1.69111,1.37,3.75
2017.01.04 13:31:52.427,1.69095,1.6911,1.00,3.75
2017.01.04 13:31:52.730,1.69097,1.6911,1.00,3.75
2017.01.04 13:31:53.380,1.69096,1.69111,1.00,3.75
2017.01.04 13:31:53.884,1.69097,1.6911,1.00,3.75
2017.01.04 13:31:54.455,1.69096,1.69111,1.00,3.75
2017.01.04 13:31:54.985,1.69097,1.6911,1.00,3.75
2017.01.04 13:31:55.499,1.69096,1.6911,1.00,3.75
2017.01.04 13:31:56.004,1.69092,1.69111,1.75,3.75
2017.01.04 13:31:56.054,1.69092,1.69111,1.00,3.75
2017.01.04 13:31:56.562,1.69091,1.69111,1.12,3.75
2017.01.04 13:31:57.063,1.69089,1.6911,1.75,3.75
2017.01.04 13:31:57.416,1.69095,1.6911,1.00,3.75
2017.01.04 13:31:57.719,1.69097,1.6911,1.12,3.75
2017.01.04 13:31:58.033,1.69093,1.6911,1.00,3.75
2017.01.04 13:31:58.539,1.69092,1.6911,1.50,3.75
2017.01.04 13:31:59.087,1.69093,1.69111,1.00,3.75
2017.01.04 13:32:00.103,1.69093,1.6911,1.00,3.75
2017.01.04 13:32:00.255,1.69089,1.6911,1.00,3.75
2017.01.04 13:32:00.763,1.69089,1.69111,1.00,4.50
2017.01.04 13:32:01.300,1.69088,1.6911,1.00,3.75
2017.01.04 13:32:01.915,1.69089,1.6911,1.00,3.75
2017.01.04 13:32:02.066,1.69091,1.6911,1.00,3.75
2017.01.04 13:32:02.378,1.69094,1.69111,1.00,3.75
2017.01.04 13:32:02.530,1.69091,1.6911,1.00,3.75
2017.01.04 13:32:03.836,1.69099,1.6911,1.00,3.75
2017.01.04 13:32:04.139,1.69093,1.69111,1.75,3.75
2017.01.04 13:32:04.290,1.69093,1.69111,1.00,4.50
2017.01.04 13:32:04.391,1.69088,1.69111,2.25,4.50
2017.01.04 13:32:04.968,1.69087,1.69111,1.50,4.50
2017.01.04 13:32:05.071,1.69089,1.69111,1.00,3.75
2017.01.04 13:32:05.376,1.69094,1.6911,1.00,3.75
2017.01.04 13:32:05.477,1.6909,1.6911,1.00,3.75
2017.01.04 13:32:06.316,1.6909,1.69111,1.00,4.50
2017.01.04 13:32:06.889,1.69087,1.6911,2.25,3.75
2017.01.04 13:32:06.990,1.69087,1.6911,1.50,3.75
2017.01.04 13:32:07.363,1.6909,1.69111,1.00,4.50
2017.01.04 13:32:07.464,1.69088,1.69111,1.00,4.50
2017.01.04 13:32:07.666,1.69086,1.6911,1.12,3.75
2017.01.04 13:32:08.593,1.69086,1.69109,1.12,1.00
2017.01.04 13:32:08.923,1.69086,1.69106,1.12,1.00
2017.01.04 13:32:08.974,1.69079,1.69106,1.00,1.00
2017.01.04 13:32:09.125,1.69077,1.69106,1.00,1.50
2017.01.04 13:32:09.227,1.69076,1.69102,1.00,1.00
2017.01.04 13:32:09.378,1.69076,1.69104,1.00,1.00
2017.01.04 13:32:09.838,1.69076,1.69101,1.50,1.00
2017.01.04 13:32:10.055,1.69076,1.69103,1.00,1.00
2017.01.04 13:32:11.081,1.69076,1.69104,1.00,1.00
2017.01.04 13:32:11.318,1.69076,1.69102,1.00,1.00
2017.01.04 13:32:11.368,1.69074,1.69102,1.00,1.00
2017.01.04 13:32:11.469,1.69076,1.69102,1.00,1.00
2017.01.04 13:32:11.571,1.69076,1.69104,1.00,1.00
2017.01.04 13:32:11.622,1.69076,1.69106,1.00,1.00
2017.01.04 13:32:11.673,1.6908,1.69106,1.00,1.00
2017.01.04 13:32:11.875,1.69078,1.69106,1.00,1.00
2017.01.04 13:32:11.976,1.69079,1.69103,1.00,1.00
2017.01.04 13:32:12.077,1.69076,1.69104,1.50,1.00
2017.01.04 13:32:12.481,1.69074,1.69104,1.00,1.00
2017.01.04 13:32:12.970,1.69077,1.69106,1.00,1.00
2017.01.04 13:32:13.350,1.69076,1.69104,1.00,1.00
2017.01.04 13:32:13.886,1.69076,1.69105,1.00,1.50
2017.01.04 13:32:14.416,1.69077,1.69105,1.00,1.00
2017.01.04 13:32:15.158,1.69079,1.69105,1.00,1.00
2017.01.04 13:32:15.350,1.69077,1.69104,1.00,1.00
2017.01.04 13:32:15.553,1.69077,1.69107,1.00,1.50
2017.01.04 13:32:15.603,1.6908,1.69107,1.00,1.00
2017.01.04 13:32:15.906,1.6909,1.69111,1.00,3.75
2017.01.04 13:32:16.210,1.69093,1.69111,1.00,4.50
2017.01.04 13:32:16.361,1.69091,1.69111,1.00,4.50
2017.01.04 13:32:16.815,1.69089,1.6911,1.00,1.00
2017.01.04 13:32:17.067,1.69087,1.69109,1.00,1.00
2017.01.04 13:32:17.472,1.69085,1.69109,1.00,1.00
2017.01.04 13:32:17.949,1.69088,1.69109,1.00,1.00
2017.01.04 13:32:19.549,1.69089,1.69109,1.00,1.00
2017.01.04 13:32:19.679,1.69087,1.69109,1.00,1.00
2017.01.04 13:32:20.201,1.69086,1.69109,1.00,1.00
2017.01.04 13:32:20.302,1.69084,1.69109,1.50,1.00
2017.01.04 13:32:20.453,1.69082,1.69109,1.50,1.00
2017.01.04 13:32:20.906,1.69085,1.69108,1.00,1.00
2017.01.04 13:32:21.214,1.69091,1.6911,1.12,3.75
2017.01.04 13:32:22.039,1.69089,1.69111,1.50,4.50
2017.01.04 13:32:22.190,1.69086,1.6911,1.37,3.75
2017.01.04 13:32:22.241,1.69085,1.6911,2.25,1.00
2017.01.04 13:32:22.493,1.69082,1.69109,1.37,1.00
2017.01.04 13:32:22.745,1.69081,1.69108,1.00,1.50
2017.01.04 13:32:22.997,1.69079,1.69106,1.12,1.00
2017.01.04 13:32:23.370,1.69074,1.69107,2.62,3.00
2017.01.04 13:32:23.421,1.69075,1.69103,1.00,1.00
2017.01.04 13:32:23.733,1.69078,1.69103,1.00,1.00
2017.01.04 13:32:24.036,1.69077,1.69101,1.00,1.00
2017.01.04 13:32:24.188,1.69077,1.69103,1.00,1.00
2017.01.04 13:32:24.491,1.69075,1.69106,1.00,2.25
2017.01.04 13:32:24.887,1.69074,1.69104,1.12,1.00
2017.01.04 13:32:25.189,1.69069,1.69097,1.00,1.00
2017.01.04 13:32:25.240,1.69063,1.69096,4.50,1.00
2017.01.04 13:32:25.593,1.69069,1.69097,1.00,1.00
2017.01.04 13:32:25.794,1.69073,1.69102,1.00,1.00
2017.01.04 13:32:25.895,1.69073,1.69104,1.00,1.50
2017.01.04 13:32:26.147,1.69073,1.69102,1.00,1.00
2017.01.04 13:32:26.450,1.69072,1.69099,1.00,1.00
2017.01.04 13:32:26.713,1.6907,1.69098,1.00,1.00
2017.01.04 13:32:26.914,1.6907,1.691,1.00,3.00
2017.01.04 13:32:27.773,1.6907,1.69099,1.00,1.00
2017.01.04 13:32:27.838,1.6907,1.69098,1.00,1.50
2017.01.04 13:32:27.888,1.69068,1.69097,1.00,1.37
2017.01.04 13:32:27.939,1.69068,1.69097,1.00,1.87
2017.01.04 13:32:27.990,1.69065,1.69093,1.00,1.00
2017.01.04 13:32:28.091,1.69065,1.69095,1.00,1.12
2017.01.04 13:32:28.648,1.69065,1.69094,1.00,1.00
2017.01.04 13:32:28.922,1.69065,1.69096,1.00,3.37
2017.01.04 13:32:29.990,1.69069,1.69096,1.00,1.00
2017.01.04 13:32:30.091,1.69069,1.691,1.00,3.37
2017.01.04 13:32:30.142,1.69069,1.691,1.00,3.75
2017.01.04 13:32:31.345,1.69069,1.69097,1.00,1.00
2017.01.04 13:32:32.024,1.69069,1.69098,1.00,1.50
2017.01.04 13:32:32.730,1.69075,1.69098,1.00,1.00
2017.01.04 13:32:32.882,1.69075,1.691,1.00,1.50
2017.01.04 13:32:32.941,1.69075,1.69105,1.50,1.00
2017.01.04 13:32:32.992,1.69077,1.69106,1.00,1.00
2017.01.04 13:32:33.244,1.69075,1.69106,1.87,1.50
2017.01.04 13:32:33.396,1.69072,1.69102,1.75,1.00
2017.01.04 13:32:33.447,1.69071,1.69102,1.00,1.00
2017.01.04 13:32:33.749,1.69071,1.69098,1.00,1.00
2017.01.04 13:32:33.901,1.69068,1.69098,1.12,1.00
2017.01.04 13:32:34.103,1.69068,1.69098,1.00,1.37
2017.01.04 13:32:34.204,1.69064,1.69094,1.87,1.12
2017.01.04 13:32:34.730,1.69064,1.69095,1.00,1.37
2017.01.04 13:32:35.480,1.69065,1.69094,1.00,1.00
2017.01.04 13:32:35.581,1.69063,1.69095,1.00,2.25
2017.01.04 13:32:35.682,1.69062,1.69092,1.00,1.00
2017.01.04 13:32:35.834,1.69057,1.69088,1.00,1.00
2017.01.04 13:32:35.884,1.69057,1.69085,1.00,1.00
2017.01.04 13:32:36.137,1.69058,1.6909,1.00,1.00
2017.01.04 13:32:36.454,1.6906,1.6909,1.00,1.50
2017.01.04 13:32:36.756,1.69072,1.69103,1.00,1.00
2017.01.04 13:32:37.059,1.69071,1.69102,1.00,1.37
2017.01.04 13:32:37.109,1.69069,1.69099,1.12,1.12
2017.01.04 13:32:37.714,1.69069,1.69099,1.00,2.25
2017.01.04 13:32:37.815,1.69067,1.69099,1.00,3.75
2017.01.04 13:32:37.986,1.69065,1.69099,1.50,3.75
2017.01.04 13:32:38.487,1.69066,1.69098,1.00,1.00
2017.01.04 13:32:39.050,1.69065,1.69097,1.50,1.00
2017.01.04 13:32:39.403,1.69065,1.69094,1.00,1.00
2017.01.04 13:32:39.684,1.69064,1.69097,1.12,1.87
2017.01.04 13:32:40.194,1.69065,1.69095,1.00,1.00
2017.01.04 13:32:41.857,1.69064,1.69095,1.12,1.00
2017.01.04 13:32:42.362,1.69065,1.69095,1.00,1.00
2017.01.04 13:32:43.008,1.69065,1.69096,1.00,3.00
2017.01.04 13:32:43.311,1.69062,1.69094,1.00,1.50
2017.01.04 13:32:43.362,1.69063,1.6909,1.00,1.00
2017.01.04 13:32:43.463,1.69061,1.6909,1.00,1.00
2017.01.04 13:32:43.967,1.69062,1.6909,1.00,1.50
2017.01.04 13:32:44.482,1.69059,1.6909,1.00,1.00
2017.01.04 13:32:44.986,1.6906,1.6909,1.00,2.25
2017.01.04 13:32:46.258,1.69059,1.6909,1.00,1.00
2017.01.04 13:32:46.775,1.6906,1.6909,1.50,1.00
2017.01.04 13:32:49.775,1.69062,1.6909,1.00,1.00
2017.01.04 13:32:49.926,1.69064,1.69093,1.00,1.00
2017.01.04 13:32:50.121,1.69065,1.69095,1.00,1.00
2017.01.04 13:32:50.675,1.69065,1.69096,1.50,1.50
2017.01.04 13:32:51.274,1.69065,1.69095,1.00,1.00
2017.01.04 13:32:51.426,1.69063,1.69094,1.00,1.50
2017.01.04 13:32:51.527,1.6906,1.69091,2.25,1.00
2017.01.04 13:32:51.705,1.69062,1.69096,1.00,3.00
2017.01.04 13:32:51.755,1.69066,1.69096,1.12,1.87
2017.01.04 13:32:51.957,1.6907,1.69101,1.00,1.50
2017.01.04 13:32:52.235,1.69068,1.69099,1.50,1.00
2017.01.04 13:32:52.773,1.69068,1.69098,1.50,1.00
2017.01.04 13:32:53.077,1.69065,1.69097,1.00,1.50
2017.01.04 13:32:53.323,1.69063,1.69092,1.00,1.00
2017.01.04 13:32:53.424,1.69059,1.69091,2.25,1.00
2017.01.04 13:32:53.526,1.69059,1.69091,3.00,1.00
2017.01.04 13:32:53.627,1.69059,1.69091,1.50,1.00
2017.01.04 13:32:54.559,1.69062,1.69091,1.00,1.00
2017.01.04 13:32:54.827,1.69062,1.69094,1.50,1.00
2017.01.04 13:32:54.878,1.69063,1.69094,1.37,1.00
2017.01.04 13:32:55.111,1.6907,1.69101,1.00,2.62
2017.01.04 13:32:55.173,1.69071,1.69102,1.00,1.12
2017.01.04 13:32:55.274,1.69069,1.69102,1.12,1.00
2017.01.04 13:32:55.526,1.69073,1.69103,1.00,1.00
2017.01.04 13:32:55.728,1.69068,1.691,2.40,1.00
2017.01.04 13:32:55.930,1.6907,1.69102,1.20,1.87
2017.01.04 13:32:56.132,1.69072,1.69102,1.00,1.00
2017.01.04 13:32:56.550,1.6907,1.69102,1.00,1.00
2017.01.04 13:32:56.902,1.69071,1.691,1.00,1.00
2017.01.04 13:32:57.430,1.6907,1.691,1.00,1.00
2017.01.04 13:32:57.966,1.6907,1.69101,1.00,1.50
2017.01.04 13:32:59.654,1.69068,1.691,1.00,1.00
2017.01.04 13:32:59.818,1.6907,1.69101,1.00,1.50
2017.01.04 13:33:00.509,1.6907,1.691,1.00,1.50
2017.01.04 13:33:00.574,1.69067,1.691,1.00,1.50
2017.01.04 13:33:00.625,1.69066,1.69097,1.00,1.00
2017.01.04 13:33:01.175,1.69065,1.69097,2.25,1.00
2017.01.04 13:33:01.790,1.69065,1.69096,1.87,1.50
2017.01.04 13:33:01.891,1.69059,1.69089,1.50,1.37
2017.01.04 13:33:01.942,1.69059,1.69086,1.00,1.00
2017.01.04 13:33:02.244,1.69053,1.69085,1.00,1.00
2017.01.04 13:33:02.870,1.69054,1.69085,1.00,1.00
2017.01.04 13:33:02.971,1.69054,1.69077,1.00,1.00
2017.01.04 13:33:03.072,1.69053,1.69081,1.00,1.00
2017.01.04 13:33:03.174,1.69054,1.69084,1.00,1.00
2017.01.04 13:33:03.275,1.69061,1.69084,1.00,1.00
2017.01.04 13:33:03.427,1.69066,1.69094,1.12,1.00
2017.01.04 13:33:03.579,1.69064,1.69096,2.25,1.00
2017.01.04 13:33:03.932,1.69067,1.69099,1.00,1.12
2017.01.04 13:33:04.227,1.69066,1.69097,1.00,1.00
2017.01.04 13:33:04.734,1.69065,1.69097,1.50,1.37
2017.01.04 13:33:05.273,1.69066,1.69096,1.00,1.37
2017.01.04 13:33:05.324,1.69063,1.69096,1.50,1.37
2017.01.04 13:33:06.242,1.69063,1.69096,1.50,1.37
2017.01.04 13:33:06.293,1.69064,1.69096,1.00,1.12
2017.01.04 13:33:06.546,1.69067,1.69097,1.00,1.87
2017.01.04 13:33:08.340,1.69065,1.69097,1.00,1.00
2017.01.04 13:33:08.391,1.69064,1.69097,1.50,1.37
2017.01.04 13:33:08.442,1.69062,1.69094,1.00,1.50
2017.01.04 13:33:08.492,1.69062,1.69094,1.00,1.37
2017.01.04 13:33:08.746,1.6906,1.69093,1.50,1.00
2017.01.04 13:33:08.948,1.69064,1.69094,1.00,1.87
2017.01.04 13:33:09.501,1.69063,1.69094,1.00,1.50
2017.01.04 13:33:10.652,1.69062,1.69094,1.00,3.37
2017.01.04 13:33:11.521,1.69062,1.69094,1.00,3.00
2017.01.04 13:33:12.025,1.69061,1.69092,1.50,1.00
2017.01.04 13:33:12.337,1.69053,1.69083,1.00,1.50
2017.01.04 13:33:12.438,1.69051,1.69083,1.50,1.50
2017.01.04 13:33:12.489,1.69052,1.69083,1.00,1.00
2017.01.04 13:33:12.741,1.69055,1.69084,1.00,1.00
2017.01.04 13:33:12.952,1.69052,1.69084,1.50,1.50
2017.01.04 13:33:13.053,1.69048,1.69081,1.50,1.00
2017.01.04 13:33:13.106,1.6905,1.69081,1.00,1.50
2017.01.04 13:33:13.415,1.69049,1.69081,1.00,1.87
2017.01.04 13:33:13.921,1.69048,1.69081,1.50,1.00
2017.01.04 13:33:14.125,1.69048,1.6908,1.00,1.75
2017.01.04 13:33:14.427,1.69047,1.69075,1.00,1.00
2017.01.04 13:33:15.223,1.69046,1.69075,1.00,1.00
2017.01.04 13:33:15.943,1.69046,1.69077,1.00,1.00
2017.01.04 13:33:16.466,1.69047,1.69077,1.00,1.00
2017.01.04 13:33:17.087,1.69046,1.69077,1.00,1.00
2017.01.04 13:33:17.786,1.69047,1.69077,1.00,1.00
2017.01.04 13:33:19.142,1.69045,1.69077,1.00,1.00
2017.01.04 13:33:19.193,1.69043,1.69075,1.50,1.00
2017.01.04 13:33:19.294,1.69044,1.69077,1.00,1.00
2017.01.04 13:33:19.798,1.69043,1.69076,1.00,2.25
2017.01.04 13:33:19.949,1.69044,1.69073,1.00,1.00
2017.01.04 13:33:20.463,1.69041,1.69072,1.00,1.00
2017.01.04 13:33:20.513,1.69041,1.69072,1.00,1.87
2017.01.04 13:33:20.564,1.69036,1.69068,2.62,1.00
2017.01.04 13:33:20.764,1.69034,1.69067,1.00,1.00
2017.01.04 13:33:21.272,1.69035,1.69068,1.00,1.87
2017.01.04 13:33:21.929,1.69034,1.69068,1.50,1.50
2017.01.04 13:33:22.488,1.69035,1.69068,1.00,1.50
2017.01.04 13:33:23.498,1.69034,1.69068,1.12,2.62
2017.01.04 13:33:23.548,1.69034,1.69068,1.00,4.50
2017.01.04 13:33:23.851,1.69038,1.69067,1.00,1.00
2017.01.04 13:33:24.254,1.69035,1.69067,1.00,2.62
2017.01.04 13:33:24.457,1.69034,1.69065,1.00,1.37
2017.01.04 13:33:25.211,1.69033,1.69065,1.00,2.62
2017.01.04 13:33:25.514,1.69032,1.6906,1.00,1.00
2017.01.04 13:33:25.565,1.6903,1.69061,1.00,1.00
2017.01.04 13:33:25.616,1.6903,1.69061,1.00,1.37
2017.01.04 13:33:25.667,1.69028,1.6906,1.00,1.37
2017.01.04 13:33:25.768,1.6903,1.69062,1.00,2.25
2017.01.04 13:33:25.919,1.6903,1.69062,1.00,1.50
2017.01.04 13:33:25.970,1.69033,1.69063,1.00,2.62
2017.01.04 13:33:26.272,1.69035,1.69067,1.00,4.12
2017.01.04 13:33:26.681,1.69033,1.69067,1.12,3.75
2017.01.04 13:33:27.185,1.69032,1.69062,1.00,1.00
2017.01.04 13:33:27.387,1.6903,1.69063,1.00,1.75
2017.01.04 13:33:27.986,1.6903,1.69063,1.00,1.75
2017.01.04 13:33:28.188,1.69033,1.69064,1.00,2.62
2017.01.04 13:33:28.390,1.6903,1.69062,1.50,2.25
2017.01.04 13:33:28.611,1.69032,1.69062,1.50,1.87
2017.01.04 13:33:28.725,1.69036,1.69065,1.50,1.12
2017.01.04 13:33:28.977,1.69038,1.69069,1.00,1.87
2017.01.04 13:33:29.229,1.69038,1.69069,1.00,2.25
2017.01.04 13:33:29.531,1.69037,1.69065,1.00,1.87
2017.01.04 13:33:29.683,1.69037,1.69064,1.00,2.25
2017.01.04 13:33:29.784,1.69029,1.69061,1.00,1.75
2017.01.04 13:33:29.834,1.69028,1.69057,1.00,1.37
2017.01.04 13:33:29.885,1.69025,1.69055,1.00,1.00
2017.01.04 13:33:30.115,1.69024,1.69058,1.00,3.37
2017.01.04 13:33:30.569,1.69031,1.69058,1.00,1.37
2017.01.04 13:33:30.771,1.6903,1.69062,2.62,1.00
2017.01.04 13:33:30.822,1.69032,1.69064,1.00,1.00
2017.01.04 13:33:31.125,1.69034,1.69065,1.00,1.37
2017.01.04 13:33:31.644,1.69034,1.69065,1.00,1.00
2017.01.04 13:33:32.606,1.69032,1.69065,1.50,1.00
2017.01.04 13:33:33.106,1.69033,1.69063,1.00,1.00
2017.01.04 13:33:33.552,1.69036,1.69065,1.00,1.00
2017.01.04 13:33:34.056,1.69033,1.69065,2.25,1.00
2017.01.04 13:33:34.312,1.69033,1.69067,2.62,1.87
2017.01.04 13:33:34.615,1.69038,1.69067,1.00,1.12
2017.01.04 13:33:35.549,1.69034,1.69067,1.87,1.00
2017.01.04 13:33:36.721,1.69034,1.69065,1.12,1.37
2017.01.04 13:33:36.823,1.69031,1.69065,1.00,2.62
2017.01.04 13:33:36.924,1.6903,1.69061,1.00,1.37
2017.01.04 13:33:37.276,1.6903,1.69061,1.00,1.00
2017.01.04 13:33:37.377,1.69031,1.69063,1.00,1.50
2017.01.04 13:33:37.716,1.6903,1.69061,1.50,1.12
2017.01.04 13:33:37.968,1.69028,1.6906,1.12,1.00
2017.01.04 13:33:38.943,1.6903,1.6906,1.00,1.00
2017.01.04 13:33:39.467,1.69031,1.6906,1.00,1.00
2017.01.04 13:33:40.166,1.6903,1.69061,1.00,1.00
2017.01.04 13:33:40.468,1.69028,1.6906,1.12,1.37
2017.01.04 13:33:40.801,1.69027,1.69056,1.00,1.00
2017.01.04 13:33:41.684,1.69027,1.69056,1.00,1.87
2017.01.04 13:33:41.735,1.69022,1.69054,1.12,1.37
2017.01.04 13:33:41.786,1.69021,1.69049,1.50,1.00
2017.01.04 13:33:41.938,1.69024,1.69052,1.00,1.12
2017.01.04 13:33:42.119,1.69028,1.69052,1.00,1.00
2017.01.04 13:33:42.169,1.69028,1.69057,1.00,1.00
2017.01.04 13:33:42.678,1.69029,1.69057,1.00,1.00
2017.01.04 13:33:43.189,1.6903,1.6906,1.00,1.00
2017.01.04 13:33:43.390,1.6903,1.69063,1.00,1.50
2017.01.04 13:33:43.898,1.69031,1.69063,1.00,1.50
2017.01.04 13:33:44.183,1.69031,1.69061,1.50,1.00
2017.01.04 13:33:45.164,1.69031,1.69061,1.00,1.37
2017.01.04 13:33:45.265,1.69029,1.69061,1.00,1.37
2017.01.04 13:33:45.784,1.69029,1.69061,1.00,1.00
2017.01.04 13:33:45.835,1.69036,1.69061,1.00,1.00
2017.01.04 13:33:45.886,1.69038,1.69065,1.50,1.00
2017.01.04 13:33:45.988,1.69042,1.69074,1.00,2.25
2017.01.04 13:33:46.156,1.69039,1.69072,2.25,1.00
2017.01.04 13:33:46.257,1.69039,1.6907,1.00,1.00
2017.01.04 13:33:46.611,1.69042,1.69069,1.00,1.00
2017.01.04 13:33:46.762,1.69045,1.69075,1.50,2.25
2017.01.04 13:33:46.964,1.69046,1.69077,1.00,1.50
2017.01.04 13:33:47.266,1.69042,1.69073,1.50,1.00
2017.01.04 13:33:47.771,1.69042,1.69072,1.00,1.00
2017.01.04 13:33:48.785,1.69043,1.69075,1.00,2.25
2017.01.04 13:33:49.318,1.69046,1.69075,1.00,1.12
2017.01.04 13:33:49.419,1.69044,1.69075,1.00,1.12
2017.01.04 13:33:49.470,1.69044,1.69072,1.00,1.00
2017.01.04 13:33:50.394,1.69044,1.69074,1.00,1.12
2017.01.04 13:33:50.596,1.69044,1.69071,1.00,1.00
2017.01.04 13:33:50.949,1.69039,1.69071,1.00,1.00
2017.01.04 13:33:51.659,1.69042,1.69072,1.00,1.00
2017.01.04 13:33:51.861,1.69043,1.69075,1.00,1.12
2017.01.04 13:33:51.962,1.69043,1.69072,1.00,1.00
2017.01.04 13:33:52.168,1.69038,1.6907,1.50,1.00
2017.01.04 13:33:52.332,1.69038,1.69068,1.50,1.00
2017.01.04 13:33:53.091,1.6904,1.69067,1.00,1.00
2017.01.04 13:33:53.192,1.6904,1.69072,1.50,1.87
2017.01.04 13:33:53.243,1.69043,1.69072,1.20,1.37
2017.01.04 13:33:53.293,1.69043,1.69075,1.50,1.50
2017.01.04 13:33:53.344,1.69047,1.69075,1.00,1.50
2017.01.04 13:33:53.395,1.69045,1.69075,1.00,1.50
2017.01.04 13:33:54.534,1.69045,1.69076,1.00,1.00
2017.01.04 13:33:54.837,1.69049,1.69077,1.00,1.12
2017.01.04 13:33:54.989,1.6905,1.69079,1.00,1.00
2017.01.04 13:33:55.040,1.6905,1.69079,1.00,1.37
2017.01.04 13:33:55.343,1.69052,1.69077,1.00,1.00
2017.01.04 13:33:55.394,1.69052,1.69082,1.50,1.37
2017.01.04 13:33:55.445,1.69057,1.69082,1.00,1.00
2017.01.04 13:33:55.748,1.6906,1.69084,1.00,1.00
2017.01.04 13:33:55.900,1.6906,1.69086,1.00,1.50
2017.01.04 13:33:57.072,1.69055,1.69084,1.00,1.00
2017.01.04 13:33:57.273,1.69055,1.69086,1.87,1.00
2017.01.04 13:33:57.817,1.69055,1.69087,1.87,1.00
2017.01.04 13:33:57.968,1.69061,1.69088,1.00,1.00
2017.01.04 13:33:58.019,1.69061,1.6909,1.00,1.00
2017.01.04 13:33:58.120,1.69061,1.69092,1.50,1.00
2017.01.04 13:33:58.262,1.69061,1.69089,1.00,1.50
2017.01.04 13:33:58.515,1.69067,1.69099,1.50,1.50
2017.01.04 13:33:58.616,1.6907,1.691,1.00,1.00
2017.01.04 13:33:58.767,1.69067,1.691,1.12,1.00
2017.01.04 13:33:58.818,1.69066,1.69098,1.50,1.37
2017.01.04 13:33:59.020,1.69065,1.69097,1.00,1.00
2017.01.04 13:33:59.222,1.69065,1.69097,1.50,1.00
2017.01.04 13:33:59.524,1.69066,1.69094,1.00,1.00
2017.01.04 13:33:59.575,1.69065,1.69097,2.25,1.00
2017.01.04 13:33:59.625,1.69068,1.69097,1.00,1.00
2017.01.04 13:33:59.777,1.69068,1.691,1.50,1.00
2017.01.04 13:34:00.316,1.69069,1.69099,1.50,1.87
2017.01.04 13:34:00.618,1.69067,1.69099,1.00,1.00
2017.01.04 13:34:01.022,1.69066,1.69094,1.00,1.00
2017.01.04 13:34:01.173,1.69063,1.69094,1.00,1.50
2017.01.04 13:34:01.224,1.6906,1.69091,1.00,1.00
2017.01.04 13:34:01.997,1.69059,1.69091,1.50,1.00
2017.01.04 13:34:02.530,1.6906,1.69091,1.00,1.00
2017.01.04 13:34:02.632,1.69064,1.69095,1.00,1.00
2017.01.04 13:34:02.934,1.6907,1.691,1.00,1.50
2017.01.04 13:34:02.985,1.69067,1.691,1.12,2.25
2017.01.04 13:34:03.035,1.69067,1.69099,1.12,1.37
2017.01.04 13:34:03.577,1.69066,1.69097,1.00,1.00
2017.01.04 13:34:04.390,1.69073,1.69101,1.00,1.00
2017.01.04 13:34:04.692,1.69079,1.69105,1.00,1.00
2017.01.04 13:34:05.101,1.69076,1.69105,1.00,1.00
2017.01.04 13:34:06.559,1.69077,1.69105,1.00,1.50
2017.01.04 13:34:07.077,1.69077,1.69104,1.00,1.00
2017.01.04 13:34:07.875,1.69077,1.69105,1.00,1.50
2017.01.04 13:34:08.467,1.69077,1.69104,1.00,1.00
2017.01.04 13:34:08.518,1.69074,1.69104,1.50,1.00
2017.01.04 13:34:09.041,1.69075,1.69104,1.00,1.50
2017.01.04 13:34:10.163,1.69075,1.69103,1.00,1.00
2017.01.04 13:34:10.699,1.69075,1.69104,1.00,1.00
2017.01.04 13:34:11.755,1.69077,1.69104,1.00,1.00
2017.01.04 13:34:11.856,1.69078,1.69106,1.00,1.00
2017.01.04 13:34:12.399,1.69077,1.69105,1.00,1.00
2017.01.04 13:34:12.977,1.69077,1.69106,1.00,1.50
2017.01.04 13:34:13.611,1.69078,1.69106,1.00,1.00
2017.01.04 13:34:13.712,1.69077,1.69103,1.00,1.00
2017.01.04 13:34:14.224,1.69076,1.69104,1.00,1.00
2017.01.04 13:34:14.737,1.69075,1.69104,1.00,1.00
2017.01.04 13:34:16.081,1.69075,1.69103,1.50,1.00
2017.01.04 13:34:16.639,1.69075,1.69104,1.50,1.50
2017.01.04 13:34:17.181,1.69075,1.69103,1.50,1.00
2017.01.04 13:34:17.682,1.69076,1.69102,1.00,1.00
2017.01.04 13:34:18.341,1.69076,1.69101,1.00,1.00
2017.01.04 13:34:19.063,1.69076,1.69102,1.00,1.00
2017.01.04 13:34:19.846,1.69076,1.69101,1.00,1.00
2017.01.04 13:34:20.467,1.69072,1.69098,1.00,1.00
2017.01.04 13:34:20.518,1.69068,1.69098,1.50,1.00
2017.01.04 13:34:20.619,1.69066,1.69094,1.00,1.87
2017.01.04 13:34:20.670,1.69066,1.69096,1.00,1.12
2017.01.04 13:34:20.721,1.69062,1.69094,1.00,1.12
2017.01.04 13:34:20.824,1.69061,1.6909,1.50,1.00
2017.01.04 13:34:21.138,1.69064,1.6909,1.00,1.00
2017.01.04 13:34:21.188,1.69065,1.69092,1.00,1.00
2017.01.04 13:34:21.390,1.69065,1.69094,1.00,1.00
2017.01.04 13:34:21.743,1.69065,1.69092,1.00,1.00
2017.01.04 13:34:22.272,1.69065,1.69091,1.00,1.00
2017.01.04 13:34:22.422,1.69065,1.69094,1.00,1.00
2017.01.04 13:34:23.047,1.69066,1.69094,1.00,1.00
2017.01.04 13:34:23.540,1.69065,1.69096,1.00,1.00
2017.01.04 13:34:24.009,1.69066,1.69098,1.00,1.00
2017.01.04 13:34:24.513,1.69066,1.69097,1.00,1.00
2017.01.04 13:34:24.614,1.69066,1.69099,1.00,1.50
2017.01.04 13:34:25.131,1.69065,1.69098,1.00,1.50
2017.01.04 13:34:28.576,1.69066,1.69098,1.00,1.50
2017.01.04 13:34:28.727,1.69066,1.69094,1.00,1.00
2017.01.04 13:34:28.828,1.69063,1.69094,1.50,1.00
2017.01.04 13:34:29.636,1.69064,1.69094,1.00,1.00
2017.01.04 13:34:30.140,1.69063,1.69094,1.00,1.00
2017.01.04 13:34:30.731,1.69064,1.69094,1.00,1.00
2017.01.04 13:34:31.511,1.69061,1.69094,1.00,1.50
2017.01.04 13:34:32.094,1.69062,1.69093,1.00,1.00
2017.01.04 13:34:32.615,1.69061,1.69093,1.00,1.00
2017.01.04 13:34:32.666,1.69061,1.69091,1.00,1.00
2017.01.04 13:34:33.142,1.69061,1.69089,1.50,1.00
2017.01.04 13:34:34.057,1.69061,1.69088,1.12,1.00
2017.01.04 13:34:34.114,1.69061,1.69091,1.12,1.00
2017.01.04 13:34:34.315,1.69061,1.69093,1.00,1.00
2017.01.04 13:34:34.831,1.69062,1.69094,1.00,1.50
2017.01.04 13:34:36.172,1.69062,1.69093,1.00,1.00
2017.01.04 13:34:37.220,1.69061,1.69093,1.00,1.50
2017.01.04 13:34:37.934,1.69061,1.69092,1.00,1.00
2017.01.04 13:34:39.794,1.69063,1.69092,1.00,1.00
2017.01.04 13:34:40.114,1.69061,1.69089,1.00,1.00
2017.01.04 13:34:40.366,1.69061,1.69091,1.37,1.50
2017.01.04 13:34:40.568,1.69061,1.69093,1.37,1.50
2017.01.04 13:34:40.770,1.6906,1.69089,1.37,1.00
2017.01.04 13:34:40.972,1.69061,1.69091,1.37,1.00
2017.01.04 13:34:41.123,1.6906,1.69088,1.37,1.00
2017.01.04 13:34:41.325,1.69058,1.69088,1.87,1.00
2017.01.04 13:34:41.829,1.69058,1.69088,1.50,1.00
2017.01.04 13:34:42.696,1.69059,1.69088,1.00,1.00
2017.01.04 13:34:42.797,1.69058,1.6909,2.25,1.00
2017.01.04 13:34:42.898,1.69061,1.6909,1.00,1.00
2017.01.04 13:34:43.200,1.69062,1.69093,1.50,1.00
2017.01.04 13:34:43.251,1.69062,1.69093,1.12,1.00
2017.01.04 13:34:43.543,1.69062,1.69093,1.50,1.00
2017.01.04 13:34:44.065,1.69061,1.69093,2.25,1.00
2017.01.04 13:34:44.571,1.69062,1.69093,1.12,1.50
2017.01.04 13:34:45.378,1.69061,1.69093,1.50,2.25
2017.01.04 13:34:46.268,1.69062,1.69093,1.00,2.25
2017.01.04 13:34:46.649,1.69059,1.69088,1.50,1.00
2017.01.04 13:34:47.506,1.69057,1.69088,1.00,1.00
2017.01.04 13:34:47.557,1.69055,1.69085,2.62,1.00
2017.01.04 13:34:48.061,1.69057,1.69086,1.00,1.00
2017.01.04 13:34:48.162,1.69054,1.69085,1.50,1.00
2017.01.04 13:34:49.969,1.69053,1.69084,1.00,1.12
2017.01.04 13:34:50.070,1.69054,1.69084,1.37,1.12
2017.01.04 13:34:50.372,1.69054,1.69082,1.37,1.00
2017.01.04 13:34:50.560,1.69053,1.69082,1.12,1.00
2017.01.04 13:34:51.088,1.69053,1.69083,1.50,1.50
2017.01.04 13:34:51.753,1.69053,1.69083,1.12,1.00
2017.01.04 13:34:52.282,1.69053,1.69084,1.00,1.12
2017.01.04 13:34:52.483,1.69054,1.69085,1.15,1.00
2017.01.04 13:34:52.880,1.69057,1.69085,1.00,1.50
2017.01.04 13:34:53.188,1.69059,1.69085,1.00,1.00
2017.01.04 13:34:53.491,1.69065,1.69096,1.15,1.37
2017.01.04 13:34:53.793,1.69065,1.69097,1.80,1.50
2017.01.04 13:34:53.945,1.69066,1.69095,1.15,1.00
2017.01.04 13:34:53.996,1.69066,1.69095,1.00,1.00
2017.01.04 13:34:54.046,1.69066,1.69095,1.15,1.00
2017.01.04 13:34:54.191,1.69066,1.69095,1.20,1.00
2017.01.04 13:34:54.342,1.69066,1.69098,1.15,1.87
2017.01.04 13:34:55.061,1.69067,1.69099,1.65,1.50
2017.01.04 13:34:56.030,1.69067,1.69099,1.65,1.50
2017.01.04 13:34:56.636,1.69068,1.69098,1.20,1.00
2017.01.04 13:34:57.176,1.69068,1.69099,1.20,1.50
2017.01.04 13:34:58.457,1.69068,1.69098,1.00,1.00
2017.01.04 13:34:59.017,1.69067,1.69098,1.35,1.00
2017.01.04 13:34:59.656,1.69066,1.69098,1.30,1.50
2017.01.04 13:35:00.151,1.6907,1.69098,1.00,1.00
2017.01.04 13:35:00.384,1.6907,1.69101,1.20,1.00
2017.01.04 13:35:00.687,1.69068,1.69099,1.15,1.50
2017.01.04 13:35:00.798,1.69068,1.69099,1.00,1.50
2017.01.04 13:35:01.151,1.69068,1.69097,1.00,1.00
2017.01.04 13:35:01.201,1.69069,1.691,1.00,2.25
2017.01.04 13:35:01.306,1.6907,1.69102,1.00,1.00
2017.01.04 13:35:01.407,1.6907,1.691,1.50,1.00
2017.01.04 13:35:01.879,1.6907,1.69096,1.00,1.00
2017.01.04 13:35:02.030,1.69065,1.69097,1.80,1.00
2017.01.04 13:35:02.171,1.69073,1.69098,1.00,1.50
2017.01.04 13:35:02.222,1.69072,1.69101,1.00,1.50
2017.01.04 13:35:02.273,1.69074,1.69102,1.00,1.00
2017.01.04 13:35:02.726,1.69072,1.69099,1.00,1.00
2017.01.04 13:35:03.073,1.69074,1.69101,1.00,1.00
2017.01.04 13:35:03.283,1.69071,1.69099,3.00,1.00
2017.01.04 13:35:03.773,1.6907,1.69094,1.00,1.00
2017.01.04 13:35:04.075,1.69067,1.69087,1.00,1.00
2017.01.04 13:35:04.328,1.69063,1.69085,1.00,1.00
2017.01.04 13:35:04.379,1.69061,1.69087,1.00,1.00
2017.01.04 13:35:04.833,1.69063,1.69087,1.00,1.00
2017.01.04 13:35:04.985,1.6906,1.69087,1.50,1.00
2017.01.04 13:35:05.172,1.6906,1.6908,1.00,1.00
2017.01.04 13:35:05.223,1.69053,1.6908,2.02,1.12
2017.01.04 13:35:05.475,1.69051,1.69079,1.00,1.00
2017.01.04 13:35:05.727,1.69053,1.69079,1.00,1.00
2017.01.04 13:35:05.979,1.69053,1.69083,1.50,1.00
2017.01.04 13:35:06.080,1.69054,1.6908,1.00,1.00
2017.01.04 13:35:06.282,1.69059,1.69088,2.62,1.00
2017.01.04 13:35:06.434,1.69062,1.69089,1.00,1.00
2017.01.04 13:35:06.485,1.69061,1.69093,1.20,1.50
2017.01.04 13:35:06.670,1.69069,1.69094,1.00,1.00
2017.01.04 13:35:06.973,1.69075,1.69094,1.20,1.00
2017.01.04 13:35:07.928,1.69074,1.69094,1.80,1.00
2017.01.04 13:35:08.711,1.69075,1.69094,1.00,1.00
2017.01.04 13:35:09.717,1.69073,1.69094,1.15,1.00
2017.01.04 13:35:09.767,1.69072,1.69094,1.50,1.00
2017.01.04 13:35:10.120,1.6907,1.69094,1.00,1.00
2017.01.04 13:35:10.171,1.69075,1.69101,1.00,1.00
2017.01.04 13:35:10.272,1.6907,1.69101,1.00,1.50
2017.01.04 13:35:14.751,1.69069,1.69101,1.00,1.50
2017.01.04 13:35:14.801,1.69069,1.69099,1.20,1.12
2017.01.04 13:35:15.108,1.69066,1.69094,1.00,1.00
2017.01.04 13:35:15.311,1.69068,1.69097,1.20,1.00
2017.01.04 13:35:15.412,1.69068,1.691,1.05,1.00
2017.01.04 13:35:15.793,1.69072,1.69102,1.15,1.00
2017.01.04 13:35:15.894,1.69076,1.69106,1.20,1.87
2017.01.04 13:35:15.995,1.69076,1.69104,1.35,1.00
2017.01.04 13:35:16.874,1.69076,1.69104,1.50,1.00
2017.01.04 13:35:17.302,1.69076,1.69107,1.00,1.00
2017.01.04 13:35:17.504,1.69077,1.69107,1.37,1.00
2017.01.04 13:35:18.018,1.69077,1.69106,1.37,1.00
2017.01.04 13:35:18.723,1.69078,1.69107,1.50,1.50
2017.01.04 13:35:19.039,1.69086,1.69109,1.00,3.75
2017.01.04 13:35:19.575,1.69085,1.69109,1.00,3.75
2017.01.04 13:35:20.188,1.69084,1.6911,1.00,3.75
2017.01.04 13:35:20.541,1.69083,1.69106,1.00,1.00
2017.01.04 13:35:20.642,1.69083,1.69108,1.00,1.00
2017.01.04 13:35:20.907,1.6908,1.69107,1.12,1.50
2017.01.04 13:35:20.958,1.69078,1.69107,1.00,1.00
2017.01.04 13:35:21.009,1.69078,1.69105,1.00,1.00
2017.01.04 13:35:21.527,1.69077,1.69104,1.00,1.00
2017.01.04 13:35:22.030,1.69078,1.69104,1.00,1.00
2017.01.04 13:35:22.519,1.69077,1.69106,1.00,2.25
2017.01.04 13:35:22.987,1.69078,1.69104,1.00,1.00
2017.01.04 13:35:23.670,1.69077,1.69104,1.00,1.50
2017.01.04 13:35:24.174,1.69078,1.69104,1.00,1.00
2017.01.04 13:35:26.227,1.69077,1.69104,1.00,1.00
2017.01.04 13:35:26.770,1.69078,1.69104,1.00,1.50
2017.01.04 13:35:27.622,1.69077,1.69104,1.00,1.50
2017.01.04 13:35:27.824,1.69077,1.69106,1.12,1.00
2017.01.04 13:35:28.092,1.69081,1.69106,1.00,1.00
2017.01.04 13:35:28.629,1.69081,1.69105,1.00,1.00
2017.01.04 13:35:29.153,1.6908,1.69105,1.00,1.50
2017.01.04 13:35:29.691,1.6908,1.69106,1.00,1.00
2017.01.04 13:35:30.559,1.6908,1.69105,1.00,1.00
2017.01.04 13:35:31.096,1.6908,1.69106,1.00,1.00
2017.01.04 13:35:31.198,1.69078,1.69106,1.50,1.00
2017.01.04 13:35:31.715,1.6908,1.69107,1.12,1.50
2017.01.04 13:35:31.816,1.6908,1.69109,2.25,4.50
2017.01.04 13:35:32.162,1.6908,1.69107,1.50,1.00
2017.01.04 13:35:32.212,1.6908,1.69109,1.50,5.25
2017.01.04 13:35:32.264,1.69082,1.69109,1.00,5.25
2017.01.04 13:35:32.314,1.6908,1.69109,1.12,4.50
2017.01.04 13:35:32.566,1.69079,1.69107,3.00,1.00
2017.01.04 13:35:33.549,1.6908,1.69106,1.87,1.00
2017.01.04 13:35:33.934,1.69083,1.69109,1.00,1.50
2017.01.04 13:35:33.985,1.69081,1.69109,1.00,1.00
2017.01.04 13:35:34.188,1.6908,1.69106,1.12,1.00
2017.01.04 13:35:34.712,1.69081,1.69105,1.00,1.00
2017.01.04 13:35:35.132,1.69078,1.69106,5.25,1.00
2017.01.04 13:35:35.636,1.69078,1.69107,1.00,1.00
2017.01.04 13:35:36.011,1.6908,1.69106,1.00,1.00
2017.01.04 13:35:36.062,1.69078,1.69107,1.00,1.00
2017.01.04 13:35:36.573,1.69078,1.69106,1.00,1.00
2017.01.04 13:35:36.775,1.69078,1.69108,1.00,1.50
2017.01.04 13:35:37.027,1.69078,1.69106,1.00,1.00
2017.01.04 13:35:38.078,1.69079,1.69105,1.00,1.00
2017.01.04 13:35:38.339,1.69079,1.69107,1.00,1.00
2017.01.04 13:35:38.858,1.69078,1.69106,1.00,1.00
2017.01.04 13:35:39.140,1.6908,1.69107,1.00,1.50
2017.01.04 13:35:39.191,1.69078,1.69107,1.00,1.00
2017.01.04 13:35:39.651,1.6908,1.69107,1.00,1.00
2017.01.04 13:35:39.752,1.69081,1.69109,1.87,5.25
2017.01.04 13:35:40.004,1.6908,1.69107,1.00,1.00
2017.01.04 13:35:40.054,1.69078,1.69106,1.00,1.00
2017.01.04 13:35:40.256,1.69077,1.69104,1.00,1.00
2017.01.04 13:35:40.596,1.69084,1.69109,1.00,5.25
2017.01.04 13:35:40.898,1.69083,1.69106,1.12,1.00
2017.01.04 13:35:41.208,1.69085,1.6911,1.00,4.50
2017.01.04 13:35:41.309,1.69085,1.69109,2.62,4.50
2017.01.04 13:35:41.979,1.69088,1.69109,1.00,3.75
2017.01.04 13:35:44.226,1.69087,1.69108,1.00,1.00
2017.01.04 13:35:44.492,1.69087,1.6911,1.00,5.25
2017.01.04 13:35:44.895,1.69088,1.69108,1.00,1.00
2017.01.04 13:35:45.166,1.69085,1.69109,1.00,1.00
2017.01.04 13:35:45.317,1.69082,1.69109,1.00,4.50
2017.01.04 13:35:45.468,1.69082,1.69106,1.00,1.00
2017.01.04 13:35:45.519,1.6908,1.69106,1.00,1.00
2017.01.04 13:35:45.571,1.69075,1.69102,1.37,1.00
2017.01.04 13:35:46.084,1.69076,1.69102,1.00,1.00
2017.01.04 13:35:46.591,1.69075,1.69101,1.50,1.00
2017.01.04 13:35:47.006,1.69077,1.69103,1.00,1.00
2017.01.04 13:35:47.107,1.69077,1.69106,2.62,1.50
2017.01.04 13:35:47.544,1.69081,1.69107,1.00,1.00
2017.01.04 13:35:47.914,1.6908,1.69105,1.50,1.00
2017.01.04 13:35:48.854,1.69081,1.69104,1.00,1.00
2017.01.04 13:35:48.905,1.6908,1.69106,1.50,1.00
2017.01.04 13:35:49.433,1.69081,1.69106,1.00,1.00
2017.01.04 13:35:49.484,1.69082,1.69103,1.00,1.00
2017.01.04 13:35:49.635,1.69078,1.69104,1.50,1.00
2017.01.04 13:35:49.834,1.69076,1.69104,1.50,1.00
2017.01.04 13:35:49.885,1.69074,1.69104,1.50,1.00
2017.01.04 13:35:50.260,1.69074,1.69101,1.00,1.00
2017.01.04 13:35:50.596,1.69067,1.69091,1.00,1.00
2017.01.04 13:35:50.698,1.69063,1.69091,1.12,1.00
2017.01.04 13:35:50.950,1.69062,1.69089,1.50,1.00
2017.01.04 13:35:51.492,1.69063,1.69089,1.00,1.00
2017.01.04 13:35:51.733,1.69063,1.69091,1.00,1.50
2017.01.04 13:35:52.266,1.69062,1.69091,1.50,1.50
2017.01.04 13:35:52.535,1.69062,1.69089,1.00,1.00
2017.01.04 13:35:53.083,1.69063,1.69089,1.00,1.00
2017.01.04 13:35:54.957,1.69063,1.69092,1.00,1.00
2017.01.04 13:35:55.469,1.69061,1.69091,1.37,1.00
2017.01.04 13:35:55.570,1.69061,1.69091,1.87,1.00
2017.01.04 13:35:55.888,1.69063,1.69093,1.00,1.00
2017.01.04 13:35:56.154,1.6906,1.69093,2.62,1.00
2017.01.04 13:35:56.357,1.69058,1.69088,2.25,1.00
2017.01.04 13:35:56.660,1.69075,1.691,1.00,2.25
2017.01.04 13:35:56.710,1.69076,1.69099,1.00,1.00
2017.01.04 13:35:56.862,1.69078,1.69102,1.00,1.00
2017.01.04 13:35:57.064,1.69076,1.69102,1.00,1.00
2017.01.04 13:35:57.602,1.69077,1.69102,1.00,1.00
2017.01.04 13:35:58.189,1.69076,1.69104,1.00,1.00
2017.01.04 13:35:58.258,1.69073,1.69104,1.00,1.00
2017.01.04 13:35:58.587,1.69073,1.69101,1.00,1.00
2017.01.04 13:35:59.187,1.69074,1.69101,1.00,1.00
2017.01.04 13:35:59.738,1.69073,1.69102,1.00,1.00
2017.01.04 13:36:00.690,1.69071,1.69101,1.50,1.00
2017.01.04 13:36:00.741,1.69071,1.69099,1.50,1.00
2017.01.04 13:36:00.792,1.69069,1.69099,1.00,1.00
2017.01.04 13:36:00.843,1.69068,1.69097,1.12,1.00
2017.01.04 13:36:01.147,1.69063,1.69094,1.87,1.50
2017.01.04 13:36:01.248,1.69061,1.69094,1.12,1.00
2017.01.04 13:36:01.437,1.69061,1.69092,1.00,1.00
2017.01.04 13:36:01.840,1.6906,1.6909,1.00,1.00
2017.01.04 13:36:02.143,1.69062,1.69094,1.12,2.25
2017.01.04 13:36:02.295,1.69063,1.69094,1.50,1.00
2017.01.04 13:36:02.345,1.69064,1.69097,1.75,1.50
2017.01.04 13:36:02.648,1.69067,1.69095,1.12,1.00
2017.01.04 13:36:03.186,1.69066,1.69095,1.37,1.00
2017.01.04 13:36:03.488,1.6907,1.69099,1.75,1.50
2017.01.04 13:36:03.538,1.6907,1.69099,1.00,1.50
2017.01.04 13:36:03.639,1.69068,1.69102,1.37,1.00
2017.01.04 13:36:03.690,1.69068,1.69102,1.50,1.12
2017.01.04 13:36:03.992,1.69069,1.691,1.37,2.25
2017.01.04 13:36:04.093,1.69071,1.69099,1.00,1.00
2017.01.04 13:36:04.295,1.69071,1.69096,1.12,1.00
2017.01.04 13:36:04.446,1.69071,1.69098,1.12,1.00
2017.01.04 13:36:04.794,1.69066,1.69098,1.50,1.12
2017.01.04 13:36:04.844,1.69065,1.69095,4.12,1.00
2017.01.04 13:36:04.895,1.69066,1.69094,1.37,1.00
2017.01.04 13:36:05.395,1.69067,1.69097,2.25,1.00
2017.01.04 13:36:05.446,1.6907,1.691,1.00,1.50
2017.01.04 13:36:05.496,1.6907,1.69099,1.00,1.75
2017.01.04 13:36:05.597,1.69065,1.69095,3.37,1.00
2017.01.04 13:36:05.698,1.69064,1.69095,1.50,1.50
2017.01.04 13:36:05.749,1.69064,1.69092,1.50,1.00
2017.01.04 13:36:06.279,1.69065,1.69092,1.00,1.00
2017.01.04 13:36:06.815,1.69064,1.69092,1.50,1.00
2017.01.04 13:36:07.324,1.69065,1.69092,1.00,1.00
2017.01.04 13:36:07.857,1.69065,1.69095,1.00,1.00
2017.01.04 13:36:08.339,1.69064,1.69096,2.62,1.50
2017.01.04 13:36:09.417,1.69065,1.69096,1.37,1.00
2017.01.04 13:36:09.518,1.69064,1.69096,2.62,1.00
2017.01.04 13:36:10.032,1.69065,1.69096,1.12,1.00
2017.01.04 13:36:10.307,1.69064,1.69096,1.87,1.87
2017.01.04 13:36:10.680,1.69063,1.69092,1.00,1.00
2017.01.04 13:36:10.983,1.69061,1.69093,1.00,1.00
2017.01.04 13:36:11.084,1.69063,1.69089,1.00,1.00
2017.01.04 13:36:11.286,1.69063,1.69094,1.75,1.12
2017.01.04 13:36:11.437,1.6907,1.69098,1.00,1.50
2017.01.04 13:36:11.538,1.69069,1.69101,1.50,3.00
2017.01.04 13:36:11.589,1.69071,1.69099,1.37,1.00
2017.01.04 13:36:11.942,1.69071,1.691,1.37,1.50
2017.01.04 13:36:11.992,1.69071,1.69103,1.37,1.50
2017.01.04 13:36:12.495,1.69072,1.69102,2.62,1.00
2017.01.04 13:36:13.031,1.69071,1.69103,2.62,1.50
2017.01.04 13:36:13.597,1.69071,1.69103,2.25,1.50
2017.01.04 13:36:13.698,1.69076,1.69106,1.37,2.25
2017.01.04 13:36:14.001,1.69082,1.69109,1.37,4.50
2017.01.04 13:36:14.343,1.69081,1.69107,1.37,1.00
2017.01.04 13:36:14.969,1.69082,1.69106,1.37,1.00
2017.01.04 13:36:15.472,1.69082,1.69105,1.37,1.00
2017.01.04 13:36:15.993,1.69081,1.69106,1.37,1.00
2017.01.04 13:36:16.569,1.69082,1.69105,1.00,1.00
2017.01.04 13:36:16.993,1.69082,1.69107,1.00,1.00
2017.01.04 13:36:17.139,1.69078,1.69107,2.25,1.50
2017.01.04 13:36:17.708,1.69079,1.69104,1.37,1.00
2017.01.04 13:36:17.759,1.69075,1.69103,1.87,1.00
2017.01.04 13:36:17.810,1.69074,1.69104,1.50,1.00
2017.01.04 13:36:18.332,1.69075,1.69106,1.00,1.50
2017.01.04 13:36:18.716,1.69075,1.69104,1.00,1.00
2017.01.04 13:36:19.234,1.69075,1.69103,1.00,1.00
2017.01.04 13:36:19.696,1.69073,1.69103,3.00,1.00
2017.01.04 13:36:19.747,1.69073,1.691,1.50,1.00
2017.01.04 13:36:19.948,1.6907,1.69099,1.00,1.00
2017.01.04 13:36:20.100,1.6907,1.69101,1.00,1.50
2017.01.04 13:36:20.150,1.69072,1.69101,1.00,1.50
2017.01.04 13:36:20.251,1.6907,1.69101,1.00,1.00
2017.01.04 13:36:20.302,1.69072,1.69102,1.50,1.50
2017.01.04 13:36:20.827,1.69072,1.69099,1.00,1.00
2017.01.04 13:36:20.991,1.6907,1.69099,2.25,1.00
2017.01.04 13:36:21.193,1.69071,1.69101,1.00,1.00
2017.01.04 13:36:21.473,1.69072,1.69099,1.00,1.00
2017.01.04 13:36:21.986,1.69074,1.69099,1.00,1.00
2017.01.04 13:36:22.138,1.69073,1.69101,1.00,1.00
2017.01.04 13:36:22.629,1.69069,1.69096,1.87,1.00
2017.01.04 13:36:22.680,1.69067,1.69096,1.00,1.00
2017.01.04 13:36:22.882,1.69068,1.69094,1.00,1.00
2017.01.04 13:36:23.398,1.69067,1.69094,1.00,1.00
2017.01.04 13:36:23.509,1.69067,1.69096,1.00,1.00
2017.01.04 13:36:23.912,1.6907,1.69099,1.00,1.00
2017.01.04 13:36:24.433,1.6907,1.69096,1.00,1.00
2017.01.04 13:36:24.983,1.69069,1.69097,1.12,1.00
2017.01.04 13:36:25.084,1.6907,1.69099,1.00,1.00
2017.01.04 13:36:25.615,1.6907,1.69098,2.25,1.00
2017.01.04 13:36:26.126,1.6907,1.69099,1.50,1.00
2017.01.04 13:36:26.529,1.69071,1.69101,1.00,1.00
2017.01.04 13:36:26.898,1.69071,1.69098,1.00,1.00
2017.01.04 13:36:27.558,1.69071,1.69099,1.00,1.00
2017.01.04 13:36:27.879,1.69071,1.69101,1.00,1.00
2017.01.04 13:36:28.385,1.69071,1.691,1.00,1.00
2017.01.04 13:36:28.687,1.69074,1.691,1.00,1.00
2017.01.04 13:36:28.799,1.69073,1.69103,1.37,2.25
2017.01.04 13:36:28.849,1.69077,1.69102,1.00,1.00
2017.01.04 13:36:29.102,1.69082,1.69108,1.00,1.00
2017.01.04 13:36:29.404,1.69082,1.69106,1.00,1.00
2017.01.04 13:36:29.934,1.69081,1.69106,1.00,1.00
2017.01.04 13:36:30.437,1.6908,1.69105,1.00,1.00
2017.01.04 13:36:30.488,1.69078,1.69105,1.00,1.00
2017.01.04 13:36:30.690,1.69076,1.69105,1.00,1.00
2017.01.04 13:36:30.993,1.69079,1.69105,1.37,1.00
2017.01.04 13:36:31.094,1.69082,1.69107,1.00,1.00
2017.01.04 13:36:31.246,1.69081,1.69109,1.00,1.50
2017.01.04 13:36:31.599,1.69082,1.69106,1.50,1.00
2017.01.04 13:36:32.228,1.69081,1.69107,3.75,1.00
2017.01.04 13:36:32.531,1.69082,1.69105,1.00,1.00
2017.01.04 13:36:33.056,1.69082,1.69104,1.12,1.00
2017.01.04 13:36:33.409,1.69082,1.69106,1.50,1.00
2017.01.04 13:36:33.510,1.69084,1.69105,1.00,1.00
2017.01.04 13:36:33.792,1.69082,1.69105,1.50,1.00
2017.01.04 13:36:34.320,1.69082,1.69106,1.50,1.00
2017.01.04 13:36:34.835,1.69081,1.69105,1.50,1.00
2017.01.04 13:36:35.485,1.69081,1.69106,1.00,1.00
2017.01.04 13:36:36.066,1.69081,1.69103,1.00,1.00
2017.01.04 13:36:36.641,1.69082,1.69104,1.00,1.00
2017.01.04 13:36:37.146,1.69081,1.69105,1.00,1.00
2017.01.04 13:36:37.506,1.69081,1.69107,1.50,1.00
2017.01.04 13:36:37.908,1.69079,1.69107,1.50,1.00
2017.01.04 13:36:38.009,1.69079,1.69105,2.25,1.00
2017.01.04 13:36:38.634,1.6908,1.69105,1.00,1.00
2017.01.04 13:36:39.546,1.6908,1.69104,1.00,1.00
2017.01.04 13:36:39.969,1.6908,1.69106,1.00,1.00
2017.01.04 13:36:40.260,1.6908,1.69104,1.00,1.00
2017.01.04 13:36:40.831,1.6908,1.69103,1.00,1.00
2017.01.04 13:36:41.204,1.6908,1.69106,1.00,1.00
2017.01.04 13:36:41.744,1.6908,1.69104,1.00,1.00
2017.01.04 13:36:41.895,1.69078,1.69105,1.50,1.00
2017.01.04 13:36:42.992,1.69078,1.69104,1.50,1.00
2017.01.04 13:36:43.593,1.69078,1.69105,1.50,1.00
2017.01.04 13:36:44.524,1.69078,1.69106,1.50,1.00
2017.01.04 13:36:45.074,1.69078,1.69105,1.50,1.00
2017.01.04 13:36:45.696,1.69078,1.69106,2.25,1.00
2017.01.04 13:36:46.111,1.69079,1.69104,1.00,1.00
2017.01.04 13:36:46.710,1.69078,1.69105,1.50,1.00
2017.01.04 13:36:47.232,1.6908,1.69106,1.00,1.00
2017.01.04 13:36:47.333,1.69078,1.69107,1.87,1.00
2017.01.04 13:36:47.654,1.69078,1.69104,2.62,1.00
2017.01.04 13:36:48.161,1.69078,1.69105,1.12,1.00
2017.01.04 13:36:48.808,1.69078,1.69106,1.12,1.00
2017.01.04 13:36:50.030,1.69078,1.69106,2.25,1.00
2017.01.04 13:36:50.352,1.6908,1.69104,1.00,1.00
2017.01.04 13:36:50.554,1.69078,1.69103,1.00,1.00
2017.01.04 13:36:51.278,1.69077,1.69104,2.25,1.00
2017.01.04 13:36:52.977,1.69078,1.69105,1.00,1.00
2017.01.04 13:36:53.638,1.69079,1.69104,1.00,1.00
2017.01.04 13:36:53.842,1.69077,1.69104,1.87,1.00
2017.01.04 13:36:54.350,1.69077,1.69105,1.00,1.00
2017.01.04 13:36:55.011,1.69077,1.69104,1.50,1.00
2017.01.04 13:36:55.491,1.69079,1.69104,1.00,1.00
2017.01.04 13:36:56.015,1.69078,1.69105,1.00,1.00
2017.01.04 13:36:56.317,1.69077,1.69102,2.25,1.00
2017.01.04 13:36:56.570,1.69075,1.69102,1.00,1.00
2017.01.04 13:36:56.622,1.69073,1.69096,1.00,1.00
2017.01.04 13:36:56.672,1.6907,1.69096,1.00,1.12
2017.01.04 13:36:56.773,1.69068,1.69097,1.00,1.00
2017.01.04 13:36:56.875,1.69064,1.69096,1.50,1.00
2017.01.04 13:36:57.054,1.69067,1.69092,1.00,1.00
2017.01.04 13:36:57.814,1.69065,1.69093,1.00,1.00
2017.01.04 13:36:58.060,1.69063,1.69092,2.25,1.00
2017.01.04 13:36:58.262,1.69062,1.69094,1.87,1.87
2017.01.04 13:36:58.615,1.69062,1.69093,2.25,1.00
2017.01.04 13:36:59.031,1.69063,1.69095,1.50,3.00
2017.01.04 13:36:59.524,1.69064,1.69093,1.00,1.00
2017.01.04 13:36:59.959,1.69063,1.69095,1.00,1.50
2017.01.04 13:37:01.797,1.69064,1.69095,1.00,1.50
2017.01.04 13:37:02.340,1.69065,1.69095,1.00,1.00
2017.01.04 13:37:02.945,1.69064,1.69095,1.00,1.00
2017.01.04 13:37:03.648,1.69063,1.69095,1.87,1.00
2017.01.04 13:37:04.646,1.69063,1.69095,2.25,1.00
2017.01.04 13:37:04.747,1.69066,1.69096,1.00,1.12
2017.01.04 13:37:05.691,1.69066,1.69093,1.12,1.00
2017.01.04 13:37:05.845,1.69064,1.69092,1.00,1.00
2017.01.04 13:37:05.896,1.69063,1.69095,1.37,1.00
2017.01.04 13:37:06.097,1.69066,1.69095,1.12,1.00
2017.01.04 13:37:06.605,1.69067,1.69096,1.00,1.12
2017.01.04 13:37:07.042,1.69067,1.69099,1.37,2.62
2017.01.04 13:37:07.093,1.69069,1.69101,1.37,3.37
2017.01.04 13:37:07.395,1.69077,1.69105,1.00,1.50
2017.01.04 13:37:07.446,1.69073,1.69104,1.50,1.00
2017.01.04 13:37:07.497,1.69073,1.691,1.50,1.00
2017.01.04 13:37:07.805,1.69073,1.69103,1.00,1.00
2017.01.04 13:37:08.162,1.69073,1.69098,1.00,1.00
2017.01.04 13:37:08.263,1.69071,1.69098,1.00,1.00
2017.01.04 13:37:08.537,1.69071,1.69096,1.00,1.00
2017.01.04 13:37:08.959,1.69068,1.69097,2.25,1.00
2017.01.04 13:37:09.479,1.69067,1.69096,1.12,1.00
2017.01.04 13:37:10.260,1.69067,1.69097,1.00,1.00
2017.01.04 13:37:10.634,1.69067,1.69099,1.00,2.25
2017.01.04 13:37:11.441,1.69067,1.69096,1.00,1.00
2017.01.04 13:37:11.756,1.69069,1.691,1.37,1.12
2017.01.04 13:37:12.212,1.69069,1.691,1.50,1.00
2017.01.04 13:37:12.768,1.69069,1.69099,1.50,1.00
2017.01.04 13:37:12.904,1.69069,1.69097,1.50,1.00
2017.01.04 13:37:13.442,1.69068,1.69097,1.12,1.00
2017.01.04 13:37:13.769,1.69067,1.69095,3.00,1.00
2017.01.04 13:37:14.560,1.69067,1.69096,2.25,1.00
2017.01.04 13:37:15.070,1.69067,1.69098,1.50,1.87
2017.01.04 13:37:15.659,1.69067,1.69097,1.00,1.00
2017.01.04 13:37:16.183,1.69067,1.69098,1.00,1.00
2017.01.04 13:37:16.460,1.69066,1.69093,1.37,1.12
2017.01.04 13:37:16.511,1.69063,1.69092,1.37,1.00
2017.01.04 13:37:16.561,1.69061,1.69092,2.25,1.50
2017.01.04 13:37:16.612,1.69062,1.69092,1.12,1.00
2017.01.04 13:37:16.713,1.69061,1.69091,1.50,1.00
2017.01.04 13:37:17.338,1.69061,1.6909,1.50,1.00
2017.01.04 13:37:17.388,1.69063,1.6909,1.00,1.00
2017.01.04 13:37:17.590,1.69063,1.69093,1.12,1.12
2017.01.04 13:37:17.748,1.69066,1.69093,1.00,1.12
2017.01.04 13:37:18.100,1.69067,1.69098,1.12,1.50
2017.01.04 13:37:18.201,1.69069,1.69099,1.00,1.12
2017.01.04 13:37:18.706,1.69068,1.69099,1.12,2.25
2017.01.04 13:37:19.042,1.69064,1.69096,1.50,3.00
2017.01.04 13:37:19.294,1.69065,1.69094,1.00,1.87
2017.01.04 13:37:19.548,1.69062,1.69092,1.50,1.00
2017.01.04 13:37:20.229,1.69061,1.69092,1.12,1.50
2017.01.04 13:37:20.703,1.69063,1.69092,1.12,1.00
2017.01.04 13:37:21.131,1.69065,1.69093,1.00,1.00
2017.01.04 13:37:21.364,1.69062,1.69093,1.12,1.87
2017.01.04 13:37:24.034,1.69066,1.69093,1.00,1.12
2017.01.04 13:37:24.084,1.69068,1.69096,1.00,1.00
2017.01.04 13:37:24.135,1.69068,1.69096,1.12,1.00
2017.01.04 13:37:24.337,1.69073,1.69103,1.00,1.50
2017.01.04 13:37:24.438,1.69073,1.69103,1.00,1.50
2017.01.04 13:37:24.640,1.69073,1.691,1.00,1.00
2017.01.04 13:37:24.766,1.69071,1.691,1.50,1.00
2017.01.04 13:37:25.275,1.69071,1.69098,1.00,1.00
2017.01.04 13:37:25.607,1.6907,1.69096,1.00,1.00
2017.01.04 13:37:25.798,1.69064,1.69094,1.50,1.00
2017.01.04 13:37:25.848,1.69063,1.6909,1.12,1.00
2017.01.04 13:37:26.151,1.69069,1.69099,1.50,1.12
2017.01.04 13:37:26.403,1.69069,1.691,1.12,1.37
2017.01.04 13:37:26.605,1.69058,1.69088,1.37,1.37
2017.01.04 13:37:26.655,1.69058,1.69088,1.37,1.37
2017.01.04 13:37:26.713,1.69056,1.69084,1.00,1.00
2017.01.04 13:37:27.236,1.69055,1.69085,2.25,1.00
2017.01.04 13:37:27.490,1.69058,1.69085,1.00,1.00
2017.01.04 13:37:27.818,1.6906,1.69088,1.00,1.00
2017.01.04 13:37:28.128,1.69058,1.69089,1.12,1.87
2017.01.04 13:37:28.179,1.69056,1.69086,1.00,1.00
2017.01.04 13:37:28.280,1.69054,1.69085,1.12,1.12
2017.01.04 13:37:28.810,1.69054,1.69084,1.50,1.12
2017.01.04 13:37:29.012,1.69054,1.69086,1.50,1.87
2017.01.04 13:37:29.820,1.69056,1.69086,1.00,1.87
2017.01.04 13:37:29.871,1.69054,1.69086,1.12,1.50
2017.01.04 13:37:30.641,1.69053,1.69084,1.37,1.00
2017.01.04 13:37:31.242,1.69053,1.69084,1.50,1.50
2017.01.04 13:37:32.409,1.69052,1.69085,1.87,1.12
2017.01.04 13:37:32.661,1.69058,1.69089,1.00,1.12
2017.01.04 13:37:32.712,1.6906,1.69089,1.50,1.00
2017.01.04 13:37:33.015,1.6906,1.69089,1.00,1.00
2017.01.04 13:37:33.318,1.69062,1.6909,1.00,1.50
2017.01.04 13:37:33.620,1.69062,1.69092,1.00,1.12
2017.01.04 13:37:33.940,1.69063,1.6909,1.00,1.00
2017.01.04 13:37:34.241,1.69061,1.69091,1.12,1.00
2017.01.04 13:37:34.640,1.69061,1.69088,1.50,1.00
2017.01.04 13:37:34.985,1.69063,1.69088,1.00,1.00
2017.01.04 13:37:35.086,1.69062,1.69091,1.12,1.00
2017.01.04 13:37:35.619,1.69063,1.6909,1.00,1.00
2017.01.04 13:37:36.136,1.69059,1.69089,1.50,1.12
2017.01.04 13:37:36.287,1.69058,1.69088,2.25,1.50
2017.01.04 13:37:36.540,1.69055,1.69086,1.00,1.50
2017.01.04 13:37:36.905,1.69055,1.69082,1.00,1.00
2017.01.04 13:37:37.008,1.69055,1.69084,1.00,1.00
2017.01.04 13:37:37.655,1.69055,1.69083,1.00,1.50
2017.01.04 13:37:37.706,1.69052,1.69085,2.25,2.25
2017.01.04 13:37:37.757,1.69052,1.69085,2.25,2.25
2017.01.04 13:37:38.250,1.69054,1.69084,1.00,1.00
2017.01.04 13:37:39.095,1.69054,1.69083,1.12,1.00
2017.01.04 13:37:39.285,1.69053,1.69086,1.50,1.87
2017.01.04 13:37:39.589,1.69052,1.69084,1.87,1.12
2017.01.04 13:37:39.790,1.69052,1.69085,1.50,1.50
2017.01.04 13:37:39.959,1.69054,1.69085,1.50,1.50
2017.01.04 13:37:40.510,1.69054,1.69085,1.00,1.00
2017.01.04 13:37:40.813,1.69055,1.69086,1.50,1.00
2017.01.04 13:37:41.410,1.69056,1.69088,1.12,3.75
2017.01.04 13:37:43.656,1.69056,1.69088,1.37,3.00
2017.01.04 13:37:44.218,1.69056,1.69087,1.50,1.50
2017.01.04 13:37:45.082,1.69056,1.69087,1.00,1.00
2017.01.04 13:37:45.620,1.69056,1.69088,2.25,1.00
2017.01.04 13:37:45.934,1.69056,1.69086,1.00,1.00
2017.01.04 13:37:46.731,1.69055,1.69086,1.50,1.00
2017.01.04 13:37:47.082,1.69057,1.69086,1.00,1.00
2017.01.04 13:37:47.629,1.69055,1.69086,1.50,1.00
2017.01.04 13:37:48.180,1.69055,1.69086,1.75,1.00
2017.01.04 13:37:48.231,1.69055,1.69086,1.00,3.00
2017.01.04 13:37:48.736,1.69055,1.69086,1.00,1.00
2017.01.04 13:37:49.252,1.69056,1.69086,1.00,3.00
2017.01.04 13:37:49.593,1.69054,1.69086,2.62,3.00
2017.01.04 13:37:49.762,1.69056,1.69086,1.00,1.50
2017.01.04 13:37:50.472,1.69056,1.69085,1.00,1.00
2017.01.04 13:37:51.401,1.69057,1.69088,1.00,1.87
2017.01.04 13:37:51.553,1.6906,1.69092,1.00,3.75
2017.01.04 13:37:51.704,1.6906,1.69088,1.00,1.37
2017.01.04 13:37:51.755,1.69054,1.69081,1.50,1.00
2017.01.04 13:37:52.311,1.69052,1.69082,1.75,1.12
2017.01.04 13:37:52.412,1.69069,1.69083,1.00,1.37
2017.01.04 13:37:52.463,1.69068,1.69095,1.50,1.50
2017.01.04 13:37:52.513,1.69069,1.69095,1.50,1.00
2017.01.04 13:37:52.564,1.69071,1.69103,1.50,1.12
2017.01.04 13:37:52.615,1.69071,1.69099,1.37,1.00
2017.01.04 13:37:52.665,1.69071,1.69098,1.50,1.00
2017.01.04 13:37:53.052,1.6907,1.69096,1.87,1.00
2017.01.04 13:37:53.599,1.69069,1.69097,2.25,1.00
2017.01.04 13:37:54.109,1.69069,1.69097,1.12,1.00
2017.01.04 13:37:54.648,1.69068,1.69098,3.37,1.50
2017.01.04 13:37:54.998,1.6907,1.69096,1.50,1.00
2017.01.04 13:37:55.189,1.69068,1.69098,3.37,1.00
2017.01.04 13:37:55.698,1.69069,1.69099,1.50,1.00
2017.01.04 13:37:56.665,1.69069,1.69101,1.50,1.50
2017.01.04 13:37:56.716,1.69069,1.69101,1.75,2.25
2017.01.04 13:37:57.233,1.69072,1.691,1.00,1.00
2017.01.04 13:37:57.761,1.6907,1.69099,2.25,1.00
2017.01.04 13:37:58.612,1.6907,1.691,1.50,1.00
2017.01.04 13:37:59.122,1.6907,1.69099,1.87,1.00
2017.01.04 13:37:59.750,1.6907,1.691,1.00,1.00
2017.01.04 13:38:00.053,1.69066,1.69093,2.25,1.12
2017.01.04 13:38:00.103,1.69065,1.69093,1.00,1.00
2017.01.04 13:38:00.305,1.69063,1.69095,2.62,1.00
2017.01.04 13:38:00.356,1.69067,1.69095,1.00,1.50
2017.01.04 13:38:00.457,1.69065,1.69095,1.00,1.00
2017.01.04 13:38:00.646,1.69065,1.69092,1.00,1.00
2017.01.04 13:38:00.747,1.69065,1.69094,1.12,1.00
2017.01.04 13:38:01.016,1.69068,1.69095,1.00,1.00
2017.01.04 13:38:01.067,1.69066,1.69095,1.00,1.50
2017.01.04 13:38:01.372,1.69065,1.69089,1.87,1.00
2017.01.04 13:38:01.423,1.69063,1.69089,1.00,1.00
2017.01.04 13:38:01.474,1.69059,1.69089,1.37,1.00
2017.01.04 13:38:01.524,1.69059,1.69086,1.00,1.00
2017.01.04 13:38:01.827,1.69057,1.69084,2.25,1.00
2017.01.04 13:38:01.878,1.69057,1.69086,2.25,1.00
2017.01.04 13:38:02.293,1.69056,1.69087,1.00,1.00
2017.01.04 13:38:02.524,1.69056,1.69085,1.00,1.00
2017.01.04 13:38:02.850,1.69059,1.69086,1.00,1.00
2017.01.04 13:38:02.951,1.69057,1.69087,3.00,1.00
2017.01.04 13:38:03.630,1.69056,1.69087,1.50,1.50
2017.01.04 13:38:04.257,1.69057,1.69087,1.00,1.87
2017.01.04 13:38:04.308,1.69055,1.69086,2.62,1.12
2017.01.04 13:38:04.511,1.69054,1.69084,1.50,1.00
2017.01.04 13:38:04.561,1.69052,1.69084,1.50,1.00
2017.01.04 13:38:04.662,1.69051,1.6908,1.00,1.00
2017.01.04 13:38:05.126,1.69055,1.6908,1.00,1.00
2017.01.04 13:38:05.177,1.69055,1.69083,1.00,1.00
2017.01.04 13:38:05.228,1.69057,1.69083,1.00,1.00
2017.01.04 13:38:05.278,1.69057,1.69086,1.00,1.50
2017.01.04 13:38:05.480,1.69058,1.69088,1.50,1.00
2017.01.04 13:38:05.887,1.69056,1.69085,1.00,1.00
2017.01.04 13:38:06.991,1.69057,1.69085,1.00,1.00
2017.01.04 13:38:07.495,1.69056,1.69085,1.00,1.00
2017.01.04 13:38:07.596,1.69054,1.69085,2.62,1.00
2017.01.04 13:38:07.849,1.69055,1.69083,1.00,1.00
2017.01.04 13:38:08.368,1.69054,1.69083,1.50,1.00
2017.01.04 13:38:09.024,1.69055,1.69083,1.00,1.00
2017.01.04 13:38:09.326,1.69069,1.69088,1.00,1.87
2017.01.04 13:38:09.377,1.69068,1.6909,1.00,1.00
2017.01.04 13:38:09.579,1.69069,1.69092,1.00,1.50
2017.01.04 13:38:10.172,1.69068,1.69092,1.00,1.00
2017.01.04 13:38:10.871,1.69068,1.69091,1.00,1.00
2017.01.04 13:38:11.079,1.69069,1.69095,1.00,1.37
2017.01.04 13:38:11.130,1.69066,1.69095,1.00,2.25
2017.01.04 13:38:11.282,1.69062,1.69089,1.00,1.00
2017.01.04 13:38:11.383,1.69059,1.69089,1.00,1.00
2017.01.04 13:38:11.635,1.69059,1.69091,1.50,1.12
2017.01.04 13:38:11.966,1.6906,1.69089,1.50,1.00
2017.01.04 13:38:12.469,1.69059,1.6909,1.00,1.00
2017.01.04 13:38:13.701,1.6906,1.69088,1.00,1.00
2017.01.04 13:38:14.308,1.69059,1.69087,1.00,1.00
2017.01.04 13:38:14.746,1.6906,1.69085,1.00,1.00
2017.01.04 13:38:15.210,1.69057,1.69086,1.00,1.50
2017.01.04 13:38:15.873,1.69057,1.69085,1.00,1.00
2017.01.04 13:38:16.386,1.69057,1.69086,1.00,1.00
2017.01.04 13:38:16.934,1.69057,1.69087,2.25,1.50
2017.01.04 13:38:17.442,1.69058,1.69087,1.00,1.00
2017.01.04 13:38:19.203,1.69057,1.69087,1.50,1.00
2017.01.04 13:38:19.510,1.69061,1.69087,1.00,1.00
2017.01.04 13:38:19.978,1.69062,1.69089,1.00,1.00
2017.01.04 13:38:20.183,1.69061,1.69085,1.00,1.00
2017.01.04 13:38:20.485,1.69062,1.69087,1.00,1.75
2017.01.04 13:38:20.637,1.69062,1.69087,1.00,1.00
2017.01.04 13:38:21.140,1.69062,1.69086,1.00,1.00
2017.01.04 13:38:21.610,1.69062,1.69089,1.00,3.37
2017.01.04 13:38:22.140,1.69061,1.6909,1.00,3.00
2017.01.04 13:38:22.249,1.69059,1.69089,1.00,1.00
2017.01.04 13:38:22.542,1.6906,1.69088,1.00,1.50
2017.01.04 13:38:23.069,1.69059,1.69086,1.00,1.00
2017.01.04 13:38:23.607,1.6906,1.69086,1.00,1.00
2017.01.04 13:38:24.141,1.6906,1.69088,1.00,1.37
2017.01.04 13:38:25.419,1.6906,1.69088,1.00,1.00
2017.01.04 13:38:25.966,1.6906,1.69089,1.00,1.12
2017.01.04 13:38:26.362,1.69064,1.6909,1.00,1.12
2017.01.04 13:38:26.514,1.69065,1.69095,1.12,1.75
2017.01.04 13:38:26.615,1.69065,1.69094,1.00,1.50
2017.01.04 13:38:27.138,1.69066,1.69093,1.00,1.00
2017.01.04 13:38:27.189,1.69066,1.69095,1.00,1.00
2017.01.04 13:38:27.758,1.69067,1.69095,1.00,1.00
2017.01.04 13:38:28.521,1.69066,1.69095,1.00,1.00
2017.01.04 13:38:29.181,1.69065,1.69094,1.50,1.00
2017.01.04 13:38:29.781,1.69065,1.69095,1.00,2.25
2017.01.04 13:38:30.379,1.69065,1.69094,1.00,1.00
2017.01.04 13:38:30.927,1.69065,1.69095,1.00,1.12
2017.01.04 13:38:31.137,1.69066,1.69093,1.00,1.00
2017.01.04 13:38:31.698,1.69065,1.69093,1.00,1.00
2017.01.04 13:38:32.239,1.69065,1.69094,1.00,1.00
2017.01.04 13:38:32.768,1.69065,1.69093,1.00,1.00
2017.01.04 13:38:33.232,1.69067,1.69095,1.00,1.50
2017.01.04 13:38:33.449,1.69071,1.69102,1.87,1.12
2017.01.04 13:38:33.650,1.69072,1.691,1.00,1.00
2017.01.04 13:38:33.995,1.69062,1.69089,1.00,1.00
2017.01.04 13:38:34.298,1.69066,1.69092,1.00,1.00
2017.01.04 13:38:34.500,1.69066,1.69095,1.00,1.87
2017.01.04 13:38:35.077,1.69067,1.69095,1.00,1.50
2017.01.04 13:38:35.229,1.69064,1.69095,1.12,1.50
2017.01.04 13:38:35.342,1.69066,1.69096,1.00,1.75
2017.01.04 13:38:35.443,1.69068,1.69098,1.00,1.00
2017.01.04 13:38:35.544,1.69068,1.69102,2.25,1.50
2017.01.04 13:38:35.746,1.69071,1.69102,1.00,1.50
2017.01.04 13:38:36.251,1.69071,1.69102,1.00,1.12
2017.01.04 13:38:38.316,1.69072,1.69102,1.12,1.87
2017.01.04 13:38:38.825,1.69073,1.69102,1.00,1.00
2017.01.04 13:38:40.344,1.69073,1.69104,1.00,1.37
2017.01.04 13:38:40.646,1.69079,1.69105,1.00,1.50
2017.01.04 13:38:41.211,1.6908,1.69105,1.00,1.00
2017.01.04 13:38:41.768,1.69075,1.69105,1.50,1.50
2017.01.04 13:38:42.279,1.69075,1.69104,3.00,1.00
2017.01.04 13:38:43.601,1.69076,1.69104,1.00,1.00
2017.01.04 13:38:43.901,1.69075,1.69102,1.50,1.00
2017.01.04 13:38:43.952,1.69075,1.69105,1.12,1.37
2017.01.04 13:38:44.003,1.69073,1.69104,1.50,1.50
2017.01.04 13:38:44.104,1.69075,1.69104,1.00,1.12
2017.01.04 13:38:44.154,1.69073,1.69102,1.50,1.00
2017.01.04 13:38:44.306,1.69069,1.69102,1.00,2.25
2017.01.04 13:38:44.857,1.69068,1.69099,1.00,1.00
2017.01.04 13:38:46.064,1.69069,1.69099,1.00,1.12
2017.01.04 13:38:46.977,1.69068,1.69099,1.87,1.00
2017.01.04 13:38:47.290,1.69073,1.691,1.00,1.00
2017.01.04 13:38:47.491,1.6907,1.691,1.00,1.00
2017.01.04 13:38:48.135,1.6907,1.69101,1.00,2.25
2017.01.04 13:38:48.185,1.69073,1.691,1.00,1.00
2017.01.04 13:38:48.589,1.6907,1.69101,1.00,1.50
2017.01.04 13:38:49.102,1.69069,1.691,1.00,1.00
2017.01.04 13:38:49.644,1.69068,1.69099,1.00,1.00
2017.01.04 13:38:50.221,1.69068,1.69098,1.00,1.00
2017.01.04 13:38:50.652,1.6907,1.69098,1.00,1.50
2017.01.04 13:38:50.995,1.69063,1.69091,1.12,1.50
2017.01.04 13:38:51.297,1.69067,1.69095,1.00,1.37
2017.01.04 13:38:51.449,1.69069,1.69098,1.00,2.25
2017.01.04 13:38:51.953,1.69071,1.69099,1.00,1.12
2017.01.04 13:38:52.159,1.6907,1.691,1.00,1.50
2017.01.04 13:38:52.362,1.69073,1.691,1.00,1.12
2017.01.04 13:38:52.463,1.6907,1.69099,1.00,1.00
2017.01.04 13:38:52.863,1.69068,1.69099,1.50,1.12
2017.01.04 13:38:53.067,1.69071,1.69099,1.00,1.87
2017.01.04 13:38:53.370,1.69083,1.69109,1.00,3.75
2017.01.04 13:38:53.573,1.69081,1.69109,1.00,1.12
2017.01.04 13:38:53.624,1.69079,1.69106,1.50,1.00
2017.01.04 13:38:53.796,1.69076,1.69106,1.00,1.00
2017.01.04 13:38:53.847,1.69076,1.69104,1.00,1.00
2017.01.04 13:38:54.099,1.69074,1.69104,1.00,1.00
2017.01.04 13:38:54.603,1.69074,1.69104,1.37,1.00
2017.01.04 13:38:55.116,1.69074,1.69102,1.37,1.00
2017.01.04 13:38:55.268,1.69071,1.69102,1.37,1.00
2017.01.04 13:38:56.268,1.6907,1.69102,1.50,1.50
2017.01.04 13:38:56.697,1.69071,1.69099,1.37,1.00
2017.01.04 13:38:56.747,1.69073,1.69102,1.00,1.12
2017.01.04 13:38:56.798,1.69076,1.69104,1.00,1.50
2017.01.04 13:38:56.899,1.69073,1.69105,3.37,1.00
2017.01.04 13:38:57.000,1.69073,1.69106,3.00,1.00
2017.01.04 13:38:57.521,1.69074,1.69106,2.25,1.00
2017.01.04 13:38:58.027,1.69075,1.69105,1.12,1.00
2017.01.04 13:38:58.332,1.69073,1.69103,2.25,1.37
2017.01.04 13:38:58.484,1.69072,1.69103,1.50,1.37
2017.01.04 13:38:58.534,1.69069,1.69102,1.50,1.75
2017.01.04 13:38:58.636,1.69067,1.69097,1.37,1.00
2017.01.04 13:38:58.737,1.69067,1.69096,1.12,1.50
2017.01.04 13:38:59.078,1.69067,1.69099,1.00,1.87
2017.01.04 13:38:59.279,1.69068,1.69098,1.37,1.00
2017.01.04 13:38:59.481,1.69072,1.69102,1.00,1.00
2017.01.04 13:38:59.741,1.69072,1.69102,1.37,1.00
2017.01.04 13:38:59.842,1.69072,1.69101,1.37,1.00
2017.01.04 13:39:00.076,1.69071,1.69103,1.37,3.00
2017.01.04 13:39:00.127,1.6907,1.69099,1.37,1.00
2017.01.04 13:39:00.228,1.69066,1.69094,1.00,1.00
2017.01.04 13:39:00.279,1.69063,1.69092,1.37,1.00
2017.01.04 13:39:00.531,1.69059,1.69091,1.00,1.50
2017.01.04 13:39:00.581,1.69057,1.69089,3.00,1.00
2017.01.04 13:39:00.632,1.69057,1.69089,1.87,1.00
2017.01.04 13:39:00.683,1.69056,1.69087,2.62,1.50
2017.01.04 13:39:00.876,1.69053,1.69086,1.37,1.12
2017.01.04 13:39:00.927,1.69057,1.69086,1.00,1.00
2017.01.04 13:39:01.179,1.69055,1.69085,1.50,1.00
2017.01.04 13:39:01.381,1.69053,1.69082,2.25,1.00
2017.01.04 13:39:01.890,1.69053,1.69082,1.00,1.00
2017.01.04 13:39:02.042,1.69051,1.69082,1.00,1.00
2017.01.04 13:39:02.193,1.69052,1.6908,1.00,1.00
2017.01.04 13:39:02.507,1.69052,1.69084,1.12,1.87
2017.01.04 13:39:03.118,1.69051,1.69083,1.00,1.00
2017.01.04 13:39:03.471,1.69051,1.69079,1.00,1.00
2017.01.04 13:39:04.149,1.69053,1.69079,1.00,1.00
2017.01.04 13:39:04.199,1.69054,1.69082,1.00,1.00
2017.01.04 13:39:04.714,1.69052,1.69081,1.50,1.00
2017.01.04 13:39:05.583,1.69051,1.69081,1.50,1.00
2017.01.04 13:39:05.633,1.69058,1.69081,1.00,1.00
2017.01.04 13:39:05.684,1.69058,1.69084,1.00,1.87
2017.01.04 13:39:05.735,1.69061,1.69086,1.00,1.00
2017.01.04 13:39:05.786,1.69059,1.6909,1.00,1.87
2017.01.04 13:39:05.887,1.69054,1.69084,1.00,1.00
2017.01.04 13:39:06.063,1.69056,1.69085,1.37,1.37
2017.01.04 13:39:06.164,1.69067,1.69094,1.00,1.50
2017.01.04 13:39:06.365,1.69066,1.69092,1.00,1.00
2017.01.04 13:39:06.750,1.69065,1.69094,1.50,1.50
2017.01.04 13:39:07.189,1.69066,1.69092,1.00,1.00
2017.01.04 13:39:07.647,1.69068,1.69094,1.00,1.00
2017.01.04 13:39:08.122,1.69067,1.69092,1.00,1.00
2017.01.04 13:39:08.664,1.69068,1.69093,1.00,1.00
2017.01.04 13:39:09.007,1.69068,1.69091,1.00,1.00
2017.01.04 13:39:09.058,1.69066,1.6909,1.50,1.00
2017.01.04 13:39:09.159,1.69068,1.69092,1.00,1.00
2017.01.04 13:39:09.612,1.69068,1.69094,1.00,1.00
2017.01.04 13:39:10.040,1.6907,1.69097,1.00,1.50
2017.01.04 13:39:10.200,1.69072,1.69097,1.00,1.00
2017.01.04 13:39:10.503,1.69078,1.69105,1.50,1.00
2017.01.04 13:39:10.604,1.69081,1.69104,1.00,1.00
2017.01.04 13:39:11.152,1.6908,1.69103,1.00,1.00
2017.01.04 13:39:11.657,1.6908,1.69104,1.00,1.00
2017.01.04 13:39:11.715,1.69078,1.69104,3.00,1.00
2017.01.04 13:39:11.918,1.69078,1.69101,1.00,1.00
2017.01.04 13:39:12.070,1.69075,1.69101,1.00,1.00
2017.01.04 13:39:12.120,1.69071,1.69096,1.00,1.00
2017.01.04 13:39:12.222,1.69071,1.69098,1.00,1.00
2017.01.04 13:39:12.637,1.69069,1.69097,3.00,1.50
2017.01.04 13:39:13.326,1.6907,1.69097,1.00,1.00
2017.01.04 13:39:13.881,1.69069,1.69098,1.00,1.00
2017.01.04 13:39:14.034,1.69071,1.691,1.00,1.50
2017.01.04 13:39:14.360,1.69072,1.69098,1.00,1.00
2017.01.04 13:39:14.411,1.69072,1.691,1.00,1.00
2017.01.04 13:39:14.985,1.69072,1.69101,1.00,1.50
2017.01.04 13:39:15.603,1.69072,1.691,1.00,1.00
2017.01.04 13:39:16.319,1.69071,1.691,1.00,1.00
2017.01.04 13:39:16.903,1.69071,1.69101,1.00,1.50
2017.01.04 13:39:17.105,1.69072,1.69103,1.00,2.25
2017.01.04 13:39:17.702,1.69071,1.69103,1.00,2.25
2017.01.04 13:39:17.753,1.69071,1.691,1.00,1.00
2017.01.04 13:39:18.272,1.69071,1.69101,1.00,1.00
2017.01.04 13:39:18.789,1.69072,1.691,1.00,1.00
2017.01.04 13:39:19.442,1.69072,1.69101,1.00,1.00
2017.01.04 13:39:20.029,1.69072,1.691,1.00,1.00
2017.01.04 13:39:20.396,1.69071,1.69098,1.00,1.00
2017.01.04 13:39:21.163,1.69071,1.691,1.00,1.00
2017.01.04 13:39:22.578,1.69071,1.69101,1.00,1.50
2017.01.04 13:39:23.022,1.69072,1.69098,1.00,1.00
2017.01.04 13:39:23.073,1.69069,1.69098,1.00,1.12
2017.01.04 13:39:23.224,1.69077,1.691,1.00,1.37
2017.01.04 13:39:23.275,1.69074,1.69101,1.50,1.37
2017.01.04 13:39:23.427,1.69075,1.69103,1.00,1.12
2017.01.04 13:39:23.628,1.69072,1.69102,1.50,1.50
2017.01.04 13:39:23.981,1.69072,1.69096,1.00,1.00
2017.01.04 13:39:24.032,1.6907,1.69096,2.25,1.00
2017.01.04 13:39:24.133,1.6907,1.69098,2.25,1.00
2017.01.04 13:39:24.284,1.6907,1.69101,2.25,1.00
2017.01.04 13:39:24.905,1.69071,1.69099,1.00,1.00
2017.01.04 13:39:25.502,1.6907,1.69099,1.50,1.00
2017.01.04 13:39:26.036,1.69071,1.69099,1.00,1.00
2017.01.04 13:39:27.914,1.69071,1.691,1.00,1.00
2017.01.04 13:39:29.047,1.69071,1.69101,1.00,2.25
2017.01.04 13:39:29.616,1.69071,1.691,1.00,1.00
2017.01.04 13:39:29.951,1.69071,1.69098,1.00,1.00
2017.01.04 13:39:30.584,1.6907,1.69099,1.00,1.00
2017.01.04 13:39:31.119,1.69071,1.691,1.00,1.50
2017.01.04 13:39:31.600,1.69071,1.69098,1.00,1.00
2017.01.04 13:39:32.360,1.69071,1.69099,1.00,1.00
2017.01.04 13:39:33.009,1.69071,1.69098,1.00,1.00
2017.01.04 13:39:33.538,1.69071,1.69099,1.00,1.00
2017.01.04 13:39:34.131,1.69071,1.69098,1.00,1.00
2017.01.04 13:39:34.698,1.69071,1.69099,1.00,1.00
2017.01.04 13:39:35.238,1.69071,1.691,1.00,1.00
2017.01.04 13:39:35.389,1.69068,1.691,2.25,1.00
2017.01.04 13:39:35.692,1.69069,1.69098,2.25,1.00
2017.01.04 13:39:36.347,1.69069,1.69099,1.00,1.00
2017.01.04 13:39:37.046,1.6907,1.691,1.00,1.00
2017.01.04 13:39:37.570,1.69069,1.69099,1.00,1.00
2017.01.04 13:39:38.419,1.69069,1.69098,2.25,1.00
2017.01.04 13:39:38.987,1.69069,1.69099,1.00,1.00
2017.01.04 13:39:39.647,1.69069,1.69098,1.50,1.00
2017.01.04 13:39:40.307,1.69069,1.69099,1.00,1.00
2017.01.04 13:39:40.967,1.69069,1.69098,1.50,1.00
2017.01.04 13:39:41.519,1.6907,1.69098,1.00,1.00
2017.01.04 13:39:42.051,1.69069,1.69098,1.50,1.00
2017.01.04 13:39:43.178,1.69069,1.69099,1.50,1.00
2017.01.04 13:39:43.329,1.69067,1.69098,1.00,1.50
2017.01.04 13:39:43.581,1.69067,1.69096,1.00,1.00
2017.01.04 13:39:44.095,1.69067,1.69097,1.50,1.50
2017.01.04 13:39:44.599,1.69067,1.69096,1.00,1.00
2017.01.04 13:39:44.978,1.69067,1.69098,1.00,1.50
2017.01.04 13:39:45.407,1.69069,1.69096,1.00,1.00
2017.01.04 13:39:45.458,1.69067,1.69097,1.00,1.00
2017.01.04 13:39:45.934,1.69069,1.69097,1.00,1.00
2017.01.04 13:39:46.470,1.69068,1.69097,1.00,1.50
2017.01.04 13:39:47.018,1.69067,1.69097,1.50,1.00
2017.01.04 13:39:49.231,1.69067,1.69096,1.50,1.00
2017.01.04 13:39:49.801,1.69068,1.69097,1.00,1.50
2017.01.04 13:39:50.308,1.69069,1.69097,1.12,1.00
2017.01.04 13:39:50.546,1.6907,1.69101,1.50,1.50
2017.01.04 13:39:50.698,1.6907,1.69101,2.62,2.25
2017.01.04 13:39:50.799,1.69071,1.69101,1.00,1.50
2017.01.04 13:39:50.850,1.69071,1.69099,1.00,1.00
2017.01.04 13:39:51.001,1.69071,1.69101,1.00,2.25
2017.01.04 13:39:51.654,1.69071,1.691,1.00,1.00
2017.01.04 13:39:51.820,1.69072,1.69098,1.00,1.00
2017.01.04 13:39:51.871,1.6907,1.69098,1.50,1.00
2017.01.04 13:39:52.376,1.69069,1.69097,1.50,1.00
2017.01.04 13:39:52.731,1.69067,1.69093,1.00,1.87
2017.01.04 13:39:52.832,1.69063,1.69092,1.37,2.25
2017.01.04 13:39:52.883,1.69067,1.69092,1.00,2.25
2017.01.04 13:39:53.254,1.69067,1.69095,2.25,1.00
2017.01.04 13:39:53.405,1.69069,1.69096,1.00,2.25
2017.01.04 13:39:53.942,1.69068,1.69097,1.00,1.50
2017.01.04 13:39:54.472,1.6907,1.69097,1.00,2.25
2017.01.04 13:39:55.121,1.6907,1.69099,2.25,2.25
2017.01.04 13:39:55.627,1.69071,1.69099,1.00,2.25
2017.01.04 13:39:56.149,1.6907,1.69099,1.50,1.50
2017.01.04 13:39:56.363,1.69075,1.69099,1.00,1.00
2017.01.04 13:39:56.668,1.69098,1.69109,1.00,3.75
2017.01.04 13:39:56.871,1.69095,1.6911,1.00,3.75
2017.01.04 13:39:56.973,1.69098,1.6911,1.00,3.75
2017.01.04 13:39:57.175,1.69096,1.69109,1.00,3.75
2017.01.04 13:39:57.377,1.69094,1.69109,1.00,3.75
2017.01.04 13:39:57.903,1.69092,1.69109,1.12,3.75
2017.01.04 13:39:58.054,1.69089,1.69109,1.87,3.75
2017.01.04 13:39:58.256,1.69083,1.69107,1.00,1.00
2017.01.04 13:39:58.407,1.6908,1.69108,1.50,1.50
2017.01.04 13:39:58.559,1.69082,1.69108,1.00,1.00
2017.01.04 13:39:58.917,1.69086,1.69109,1.00,4.50
2017.01.04 13:39:59.398,1.69084,1.69109,1.00,1.00
2017.01.04 13:39:59.499,1.69084,1.69107,1.00,1.00
2017.01.04 13:39:59.651,1.69083,1.69109,1.00,1.00
2017.01.04 13:40:00.121,1.69083,1.69107,1.00,1.00
2017.01.04 13:40:00.273,1.69083,1.69109,1.00,1.00
2017.01.04 13:40:00.738,1.69081,1.69107,1.00,1.00
2017.01.04 13:40:01.269,1.6908,1.69108,1.87,1.50
2017.01.04 13:40:02.090,1.6908,1.69107,1.12,1.00
2017.01.04 13:40:02.141,1.69081,1.69109,1.00,1.00
2017.01.04 13:40:02.242,1.69084,1.69109,1.00,4.50
2017.01.04 13:40:04.975,1.69083,1.6911,1.87,4.50
2017.01.04 13:40:05.280,1.69085,1.69108,1.00,1.00
2017.01.04 13:40:05.582,1.69085,1.6911,1.00,3.75
2017.01.04 13:40:06.107,1.69085,1.69109,1.00,4.50
2017.01.04 13:40:06.697,1.69085,1.6911,1.00,5.25
2017.01.04 13:40:07.592,1.69085,1.69109,1.00,3.75
2017.01.04 13:40:08.098,1.69085,1.69108,1.00,1.00
2017.01.04 13:40:08.350,1.69087,1.69108,1.00,1.00
2017.01.04 13:40:08.899,1.69087,1.69109,1.00,3.75
2017.01.04 13:40:09.173,1.69084,1.6911,1.12,5.25
2017.01.04 13:40:09.693,1.69084,1.69109,1.50,4.50
2017.01.04 13:40:10.855,1.69084,1.6911,1.50,5.25
2017.01.04 13:40:11.316,1.69084,1.69108,1.00,1.00
2017.01.04 13:40:11.885,1.69084,1.69109,1.00,5.25
2017.01.04 13:40:12.408,1.69084,1.69108,1.00,1.00
2017.01.04 13:40:12.985,1.69083,1.69108,1.00,1.00
2017.01.04 13:40:13.496,1.69083,1.69107,1.00,1.00
2017.01.04 13:40:14.014,1.69084,1.69109,1.00,3.75
2017.01.04 13:40:14.065,1.69087,1.69109,1.00,3.75
2017.01.04 13:40:14.166,1.69085,1.69109,1.00,3.75
2017.01.04 13:40:14.491,1.69083,1.69108,1.00,1.00
2017.01.04 13:40:15.018,1.69083,1.69107,1.00,1.00
2017.01.04 13:40:15.740,1.69083,1.69109,1.00,1.00
2017.01.04 13:40:15.790,1.69085,1.69109,1.00,1.00
2017.01.04 13:40:16.194,1.69083,1.69109,1.00,1.00
2017.01.04 13:40:16.596,1.6908,1.69109,2.62,1.00
2017.01.04 13:40:16.871,1.69083,1.69109,1.00,4.50
2017.01.04 13:40:17.174,1.6909,1.6911,1.87,3.75
2017.01.04 13:40:17.677,1.69091,1.69109,1.00,3.75
2017.01.04 13:40:18.300,1.6909,1.69109,1.00,3.75
2017.01.04 13:40:18.928,1.6909,1.6911,1.00,3.75
2017.01.04 13:40:19.180,1.69087,1.69109,1.00,3.75
2017.01.04 13:40:19.231,1.69087,1.69107,1.00,1.00
2017.01.04 13:40:19.281,1.6908,1.69109,2.62,1.00
2017.01.04 13:40:19.483,1.69081,1.69108,2.62,1.50
2017.01.04 13:40:20.003,1.69081,1.69109,1.00,1.50
2017.01.04 13:40:20.549,1.69081,1.69108,1.50,1.00
2017.01.04 13:40:20.821,1.69083,1.69109,1.00,4.50
2017.01.04 13:40:21.132,1.69081,1.69107,1.00,1.00
2017.01.04 13:40:21.334,1.6908,1.69109,2.25,4.50
2017.01.04 13:40:21.486,1.69078,1.69108,1.12,1.00
2017.01.04 13:40:21.536,1.69077,1.69105,1.12,1.00
2017.01.04 13:40:21.870,1.69075,1.69103,1.00,1.00
2017.01.04 13:40:22.489,1.69075,1.69101,1.00,1.00
2017.01.04 13:40:22.855,1.69075,1.69103,1.00,1.00
2017.01.04 13:40:23.056,1.69073,1.69103,1.00,1.50
2017.01.04 13:40:23.466,1.69075,1.69103,1.00,1.00
2017.01.04 13:40:24.004,1.69076,1.69103,1.00,1.00
2017.01.04 13:40:24.484,1.69073,1.69103,1.50,1.00
2017.01.04 13:40:25.078,1.69072,1.69103,1.50,1.00
2017.01.04 13:40:25.440,1.69075,1.69103,1.00,1.00
2017.01.04 13:40:25.908,1.69074,1.69106,1.00,1.12
2017.01.04 13:40:25.961,1.69079,1.69107,2.25,1.00
2017.01.04 13:40:26.264,1.69083,1.69108,1.00,1.00
2017.01.04 13:40:26.575,1.69086,1.69108,1.00,1.00
2017.01.04 13:40:26.895,1.69085,1.69106,1.00,1.00
2017.01.04 13:40:27.198,1.69087,1.69107,1.00,1.00
2017.01.04 13:40:27.824,1.69086,1.69107,1.12,1.00
2017.01.04 13:40:27.975,1.69086,1.69109,1.12,4.50
2017.01.04 13:40:28.775,1.69082,1.69109,1.87,5.25
2017.01.04 13:40:28.876,1.69082,1.69109,1.50,5.25
2017.01.04 13:40:29.591,1.69082,1.69108,1.50,1.50
2017.01.04 13:40:29.642,1.69086,1.69108,1.00,1.00
2017.01.04 13:40:29.945,1.69091,1.6911,1.00,3.75
2017.01.04 13:40:30.740,1.6909,1.6911,1.00,4.50
2017.01.04 13:40:31.143,1.69084,1.6911,1.75,4.50
2017.01.04 13:40:31.194,1.69084,1.69107,1.50,1.00
2017.01.04 13:40:31.245,1.69084,1.69109,1.50,4.50
2017.01.04 13:40:31.414,1.69086,1.69108,1.00,1.00
2017.01.04 13:40:31.618,1.69084,1.69107,1.00,1.12
2017.01.04 13:40:31.669,1.69084,1.69104,1.00,1.00
2017.01.04 13:40:31.770,1.69078,1.69104,1.00,1.00
2017.01.04 13:40:31.921,1.69078,1.69106,1.00,1.50
2017.01.04 13:40:32.324,1.6908,1.69106,1.37,1.00
2017.01.04 13:40:32.475,1.69076,1.69104,1.12,1.00
2017.01.04 13:40:32.840,1.69081,1.69104,1.00,1.00
2017.01.04 13:40:32.891,1.69081,1.69106,1.00,1.00
2017.01.04 13:40:32.942,1.69086,1.69107,1.00,1.00
2017.01.04 13:40:33.446,1.69081,1.69107,2.25,1.00
2017.01.04 13:40:33.548,1.69081,1.69106,1.50,1.00
2017.01.04 13:40:33.699,1.69082,1.69106,1.37,1.00
2017.01.04 13:40:34.203,1.69081,1.69105,2.25,1.00
2017.01.04 13:40:34.437,1.69081,1.69106,1.12,1.50
2017.01.04 13:40:34.639,1.69079,1.69106,1.50,1.50
2017.01.04 13:40:35.189,1.69079,1.69105,1.00,1.50
2017.01.04 13:40:35.290,1.69072,1.69104,1.37,1.12
2017.01.04 13:40:35.814,1.69074,1.69103,1.00,1.50
2017.01.04 13:40:36.312,1.69076,1.69104,1.00,1.50
2017.01.04 13:40:36.414,1.69077,1.69106,1.87,1.00
2017.01.04 13:40:36.465,1.69082,1.69106,1.00,1.00
2017.01.04 13:40:36.969,1.69082,1.69107,1.00,1.00
2017.01.04 13:40:39.671,1.69085,1.69107,1.00,1.00
2017.01.04 13:40:40.531,1.69082,1.69107,1.00,1.00
2017.01.04 13:40:42.436,1.69083,1.69107,1.00,1.00
2017.01.04 13:40:42.537,1.69081,1.69107,1.00,1.50
2017.01.04 13:40:42.789,1.69078,1.69106,1.00,1.00
2017.01.04 13:40:43.400,1.69078,1.69105,1.00,1.00
2017.01.04 13:40:44.669,1.69077,1.69105,1.87,1.00
2017.01.04 13:40:45.201,1.69078,1.69106,1.12,1.00
2017.01.04 13:40:45.252,1.69084,1.69106,1.00,1.00
2017.01.04 13:40:45.563,1.69087,1.69109,2.25,1.00
2017.01.04 13:40:46.121,1.69086,1.69108,2.25,1.00
2017.01.04 13:40:46.272,1.69085,1.69109,1.00,4.50
2017.01.04 13:40:47.248,1.69089,1.69109,1.00,4.50
2017.01.04 13:40:47.450,1.69086,1.69109,1.00,5.25
2017.01.04 13:40:48.273,1.69085,1.69109,1.00,1.00
2017.01.04 13:40:49.752,1.69085,1.69108,1.50,1.00
2017.01.04 13:40:50.649,1.69085,1.69109,1.50,5.25
2017.01.04 13:40:51.161,1.69077,1.69108,2.25,1.50
2017.01.04 13:40:51.287,1.69078,1.69108,1.00,3.75
2017.01.04 13:40:51.337,1.69077,1.69105,1.00,1.00
2017.01.04 13:40:51.640,1.69077,1.69102,1.00,1.00
2017.01.04 13:40:52.204,1.69077,1.69101,1.00,1.00
2017.01.04 13:40:52.305,1.69072,1.691,1.00,1.50
2017.01.04 13:40:52.406,1.69072,1.69098,1.00,1.00
2017.01.04 13:40:52.457,1.69069,1.69098,1.00,1.00
2017.01.04 13:40:52.762,1.69069,1.69096,1.00,1.00
2017.01.04 13:40:52.983,1.69068,1.69098,2.25,1.50
2017.01.04 13:40:55.328,1.69068,1.69099,1.00,1.50
2017.01.04 13:40:55.906,1.69068,1.69098,1.50,1.00
2017.01.04 13:40:56.415,1.69073,1.69099,1.00,1.00
2017.01.04 13:40:56.466,1.69072,1.69101,1.00,1.00
2017.01.04 13:40:56.567,1.69073,1.69104,1.00,1.50
2017.01.04 13:40:56.718,1.69073,1.69103,1.00,1.37
2017.01.04 13:40:57.021,1.69073,1.691,1.00,1.00
2017.01.04 13:40:57.420,1.69073,1.69097,1.00,1.00
2017.01.04 13:40:57.471,1.69072,1.69101,1.00,2.25
2017.01.04 13:40:57.739,1.69072,1.69099,1.00,1.00
2017.01.04 13:40:57.790,1.69069,1.69099,1.00,1.00
2017.01.04 13:40:59.096,1.69069,1.691,1.00,1.50
2017.01.04 13:40:59.488,1.69069,1.691,1.00,2.25
2017.01.04 13:40:59.589,1.69066,1.69097,1.50,1.00
2017.01.04 13:41:00.388,1.69068,1.69098,2.25,1.00
2017.01.04 13:41:00.489,1.69071,1.69101,1.12,1.00
2017.01.04 13:41:00.766,1.69071,1.69103,1.50,1.50
2017.01.04 13:41:01.286,1.69071,1.69102,1.37,2.25
2017.01.04 13:41:01.798,1.69074,1.69102,1.12,1.00
2017.01.04 13:41:02.337,1.69073,1.69103,1.50,1.00
2017.01.04 13:41:02.888,1.69073,1.69104,1.12,1.00
2017.01.04 13:41:03.280,1.69072,1.69102,2.25,1.00
2017.01.04 13:41:03.381,1.69074,1.69105,1.00,2.62
2017.01.04 13:41:03.698,1.69073,1.691,1.87,1.00
2017.01.04 13:41:03.967,1.69073,1.69102,1.00,1.00
2017.01.04 13:41:04.304,1.69073,1.691,3.00,1.00
2017.01.04 13:41:04.355,1.69075,1.69103,1.00,1.00
2017.01.04 13:41:04.820,1.69073,1.69102,2.62,1.00
2017.01.04 13:41:05.025,1.69073,1.69102,1.00,1.37
2017.01.04 13:41:05.076,1.6907,1.691,2.62,1.37
2017.01.04 13:41:05.328,1.6907,1.69096,1.50,1.00
2017.01.04 13:41:05.634,1.6907,1.69098,1.50,1.00
2017.01.04 13:41:05.899,1.6907,1.691,1.87,1.00
2017.01.04 13:41:06.005,1.6907,1.69102,1.87,1.50
2017.01.04 13:41:06.207,1.69069,1.69099,1.87,1.00
2017.01.04 13:41:06.309,1.69071,1.69101,1.50,1.50
2017.01.04 13:41:06.410,1.69073,1.69101,1.00,1.00
2017.01.04 13:41:06.611,1.69073,1.69103,1.50,1.00
2017.01.04 13:41:06.712,1.69073,1.69101,1.12,1.00
2017.01.04 13:41:07.015,1.69071,1.69101,1.12,1.00
2017.01.04 13:41:07.217,1.6907,1.691,3.75,1.00
2017.01.04 13:41:07.318,1.69071,1.69102,1.12,1.50
2017.01.04 13:41:07.805,1.69071,1.691,2.25,1.00
2017.01.04 13:41:07.958,1.69074,1.69102,1.12,1.00
2017.01.04 13:41:08.361,1.69071,1.691,2.25,1.00
2017.01.04 13:41:08.910,1.69072,1.69101,2.25,1.00
2017.01.04 13:41:09.412,1.69073,1.691,1.50,1.00
2017.01.04 13:41:10.302,1.69075,1.69101,1.50,1.00
2017.01.04 13:41:10.605,1.69068,1.69097,1.50,1.00
2017.01.04 13:41:10.706,1.69068,1.69099,2.25,1.00
2017.01.04 13:41:11.138,1.69068,1.69096,1.00,1.00
2017.01.04 13:41:11.390,1.69065,1.69097,4.50,2.25
2017.01.04 13:41:11.633,1.69066,1.69094,1.00,1.00
2017.01.04 13:41:11.785,1.69067,1.69096,2.25,1.00
2017.01.04 13:41:12.292,1.69068,1.69096,1.00,1.50
2017.01.04 13:41:12.493,1.69066,1.69096,2.62,1.50
2017.01.04 13:41:12.890,1.69068,1.69096,1.00,1.00
2017.01.04 13:41:13.159,1.69066,1.69096,1.87,1.00
2017.01.04 13:41:14.458,1.69066,1.69097,1.50,1.87
2017.01.04 13:41:14.975,1.69066,1.69096,1.50,1.00
2017.01.04 13:41:15.479,1.69065,1.69097,3.00,1.50
2017.01.04 13:41:16.532,1.69066,1.69096,1.50,1.00
2017.01.04 13:41:16.634,1.69068,1.69098,1.00,1.00
2017.01.04 13:41:16.936,1.6907,1.691,1.00,3.37
2017.01.04 13:41:17.474,1.6907,1.69098,1.00,1.00
2017.01.04 13:41:17.708,1.69071,1.69101,1.12,1.00
2017.01.04 13:41:18.163,1.69072,1.69097,1.12,1.00
2017.01.04 13:41:18.365,1.69072,1.69099,1.00,1.00
2017.01.04 13:41:18.724,1.6907,1.69098,1.00,1.12
2017.01.04 13:41:18.882,1.69072,1.69101,1.50,1.00
2017.01.04 13:41:19.120,1.69071,1.69101,2.62,1.00
2017.01.04 13:41:19.171,1.69073,1.69102,1.00,1.50
2017.01.04 13:41:19.475,1.69079,1.69105,1.00,1.00
2017.01.04 13:41:19.779,1.69078,1.69102,1.00,1.00
2017.01.04 13:41:20.235,1.69078,1.691,1.00,1.00
2017.01.04 13:41:20.413,1.69075,1.691,1.87,1.00
2017.01.04 13:41:20.464,1.69073,1.69098,1.75,1.12
2017.01.04 13:41:20.565,1.69071,1.69094,1.00,1.00
2017.01.04 13:41:20.717,1.69069,1.69095,1.00,1.00
2017.01.04 13:41:20.919,1.69071,1.69095,1.00,1.00
2017.01.04 13:41:21.145,1.69071,1.69097,1.00,1.00
2017.01.04 13:41:21.245,1.69069,1.69097,1.00,1.00
2017.01.04 13:41:21.429,1.69069,1.69099,1.00,1.50
2017.01.04 13:41:21.810,1.69069,1.69096,1.00,1.00
2017.01.04 13:41:22.463,1.69069,1.69095,1.00,1.00
2017.01.04 13:41:22.820,1.69069,1.69097,1.00,1.50
2017.01.04 13:41:23.366,1.69069,1.69099,1.50,2.25
2017.01.04 13:41:24.037,1.69069,1.69101,1.87,1.87
2017.01.04 13:41:24.349,1.69069,1.69101,1.12,1.87
2017.01.04 13:41:24.580,1.69069,1.69101,1.00,1.50
2017.01.04 13:41:25.545,1.69069,1.69101,1.87,1.00
2017.01.04 13:41:25.878,1.69073,1.69104,1.00,3.00
2017.01.04 13:41:26.384,1.69073,1.69104,1.00,1.12
2017.01.04 13:41:27.195,1.69072,1.69103,1.00,1.00
2017.01.04 13:41:28.449,1.69071,1.69102,1.50,1.00
2017.01.04 13:41:28.975,1.69071,1.69101,1.50,1.00
2017.01.04 13:41:29.251,1.69071,1.69103,1.37,1.12
2017.01.04 13:41:29.784,1.69072,1.69102,1.00,1.00
2017.01.04 13:41:30.562,1.69072,1.69102,2.25,1.00
2017.01.04 13:41:31.882,1.69072,1.69102,1.12,1.00
2017.01.04 13:41:32.514,1.69071,1.69102,1.87,1.00
2017.01.04 13:41:32.712,1.69072,1.69104,2.62,1.87
2017.01.04 13:41:32.914,1.69075,1.69106,1.00,1.12
2017.01.04 13:41:33.217,1.69078,1.69109,1.12,1.00
2017.01.04 13:41:33.368,1.69079,1.69111,2.25,1.00
2017.01.04 13:41:33.419,1.69079,1.69109,2.25,1.00
2017.01.04 13:41:33.925,1.6908,1.69109,1.50,1.00
2017.01.04 13:41:34.878,1.6908,1.69109,1.37,1.00
2017.01.04 13:41:35.384,1.69079,1.69109,1.12,1.00
2017.01.04 13:41:35.563,1.69078,1.69105,1.75,1.00
2017.01.04 13:41:35.613,1.69078,1.69105,1.00,1.00
2017.01.04 13:41:36.141,1.69079,1.69106,1.00,1.00
2017.01.04 13:41:37.042,1.69079,1.69105,1.00,1.00
2017.01.04 13:41:37.194,1.69077,1.69102,1.00,1.00
2017.01.04 13:41:37.295,1.69075,1.69102,1.87,1.00
2017.01.04 13:41:37.647,1.69072,1.69103,3.00,1.50
2017.01.04 13:41:38.183,1.69073,1.69103,1.50,1.00
2017.01.04 13:41:38.730,1.69073,1.69102,1.00,1.00
2017.01.04 13:41:39.248,1.69073,1.69103,1.12,1.00
2017.01.04 13:41:39.349,1.69076,1.69103,1.00,1.00
2017.01.04 13:41:39.500,1.69079,1.69108,1.00,1.00
2017.01.04 13:41:39.652,1.6908,1.69104,1.00,1.00
2017.01.04 13:41:39.703,1.69072,1.69105,1.87,1.50
2017.01.04 13:41:39.753,1.69069,1.69101,4.50,1.00
2017.01.04 13:41:40.294,1.69072,1.69101,1.00,1.00
2017.01.04 13:41:41.122,1.69072,1.69102,1.12,1.00
2017.01.04 13:41:41.941,1.69071,1.69102,1.00,1.50
2017.01.04 13:41:42.466,1.6907,1.69102,1.75,1.50
2017.01.04 13:41:43.894,1.69072,1.69103,1.12,1.00
2017.01.04 13:41:44.201,1.69074,1.69102,1.00,1.00
2017.01.04 13:41:44.771,1.69072,1.69101,2.25,1.00
2017.01.04 13:41:45.305,1.69072,1.69101,1.50,1.00
2017.01.04 13:41:45.608,1.69065,1.69097,2.62,2.62
2017.01.04 13:41:45.759,1.69065,1.69093,1.00,1.00
2017.01.04 13:41:46.310,1.69065,1.69091,1.12,1.00
2017.01.04 13:41:46.828,1.69065,1.6909,1.00,1.00
2017.01.04 13:41:47.389,1.69065,1.69089,1.00,1.00
2017.01.04 13:41:47.541,1.69065,1.69092,1.00,1.00
2017.01.04 13:41:47.642,1.69061,1.69092,1.50,1.00
2017.01.04 13:41:49.557,1.69061,1.69092,1.87,1.37
2017.01.04 13:41:50.569,1.6906,1.69092,2.62,1.87
2017.01.04 13:41:51.814,1.69062,1.69093,1.12,2.25
2017.01.04 13:41:52.374,1.69062,1.69092,1.12,1.00
2017.01.04 13:41:52.557,1.69062,1.69092,1.12,1.37
2017.01.04 13:41:53.084,1.69062,1.69092,1.12,1.37
2017.01.04 13:41:53.931,1.69062,1.69092,1.12,1.00
2017.01.04 13:41:54.703,1.69058,1.69092,2.25,2.62
2017.01.04 13:41:55.047,1.69058,1.6909,2.25,3.00
2017.01.04 13:41:55.335,1.69059,1.69088,1.75,1.00
2017.01.04 13:41:55.436,1.69059,1.6909,2.25,1.50
2017.01.04 13:41:59.694,1.6906,1.69091,1.12,1.00
2017.01.04 13:42:00.198,1.69063,1.69091,1.00,1.00
2017.01.04 13:42:00.249,1.69063,1.69094,1.50,1.00
2017.01.04 13:42:00.446,1.69066,1.69095,1.00,1.00
2017.01.04 13:42:00.698,1.69066,1.69097,1.50,1.00
2017.01.04 13:42:00.749,1.6907,1.69097,1.37,1.00
2017.01.04 13:42:00.901,1.69072,1.69099,1.00,1.50
2017.01.04 13:42:01.267,1.69072,1.69101,1.00,1.00
2017.01.04 13:42:01.469,1.69069,1.69099,2.25,1.00
2017.01.04 13:42:01.520,1.69069,1.69099,1.50,1.00
2017.01.04 13:42:01.672,1.69069,1.69097,1.00,1.00
2017.01.04 13:42:02.286,1.69069,1.69096,1.00,1.00
2017.01.04 13:42:02.388,1.69067,1.69096,1.50,1.00
2017.01.04 13:42:02.748,1.69063,1.69096,1.12,1.87
2017.01.04 13:42:03.289,1.69065,1.69097,1.50,1.00
2017.01.04 13:42:03.608,1.69065,1.69095,1.00,1.00
2017.01.04 13:42:03.760,1.69063,1.69095,1.00,1.00
2017.01.04 13:42:03.913,1.69062,1.69093,1.50,1.00
2017.01.04 13:42:04.456,1.69063,1.69093,1.12,1.00
2017.01.04 13:42:05.394,1.69064,1.69093,1.00,1.00
2017.01.04 13:42:05.986,1.69063,1.69096,1.00,1.50
2017.01.04 13:42:06.982,1.69066,1.69096,1.00,1.00
2017.01.04 13:42:07.295,1.69065,1.69098,2.62,1.00
2017.01.04 13:42:07.345,1.69065,1.69098,2.62,1.50
2017.01.04 13:42:07.396,1.6907,1.69098,1.00,1.00
2017.01.04 13:42:07.598,1.69068,1.69099,1.00,1.00
2017.01.04 13:42:07.648,1.69068,1.69097,1.00,1.00
2017.01.04 13:42:07.799,1.69068,1.691,1.00,1.50
2017.01.04 13:42:08.139,1.69071,1.691,1.00,1.50
2017.01.04 13:42:08.240,1.69068,1.69099,1.00,1.00
2017.01.04 13:42:08.783,1.69069,1.69099,1.00,1.00
2017.01.04 13:42:09.389,1.69068,1.691,1.00,1.50
2017.01.04 13:42:09.891,1.69071,1.69101,1.00,1.00
2017.01.04 13:42:10.195,1.69078,1.69105,1.37,1.00
2017.01.04 13:42:10.246,1.69078,1.69107,1.12,1.00
2017.01.04 13:42:10.447,1.69078,1.69103,1.12,1.00
2017.01.04 13:42:10.759,1.69075,1.69101,1.50,1.00
2017.01.04 13:42:11.321,1.69075,1.691,1.00,1.00
2017.01.04 13:42:11.473,1.69072,1.69097,1.50,1.00
2017.01.04 13:42:11.624,1.69068,1.69097,1.75,1.00
2017.01.04 13:42:11.675,1.69069,1.69097,1.00,1.00
2017.01.04 13:42:11.984,1.69071,1.69097,1.00,1.00
2017.01.04 13:42:12.035,1.69071,1.69099,1.00,1.00
2017.01.04 13:42:12.461,1.69073,1.69101,1.00,1.87
2017.01.04 13:42:13.000,1.69073,1.69102,1.00,1.00
2017.01.04 13:42:13.342,1.69071,1.691,1.00,1.00
2017.01.04 13:42:13.393,1.69068,1.691,1.12,1.00
2017.01.04 13:42:13.594,1.69067,1.69096,1.00,1.00
2017.01.04 13:42:13.797,1.69065,1.69095,1.00,1.00
2017.01.04 13:42:14.324,1.69063,1.69092,2.62,1.00
2017.01.04 13:42:14.526,1.69063,1.69094,1.50,2.25
2017.01.04 13:42:14.859,1.69066,1.69094,1.00,1.50
2017.01.04 13:42:15.202,1.69068,1.69096,1.00,1.50
2017.01.04 13:42:15.362,1.69066,1.69096,1.50,1.00
2017.01.04 13:42:16.139,1.69066,1.69096,1.50,1.37
2017.01.04 13:42:16.189,1.69065,1.69091,1.00,1.00
2017.01.04 13:42:16.290,1.69062,1.69094,2.25,1.00
2017.01.04 13:42:16.644,1.69066,1.69093,1.00,1.00
2017.01.04 13:42:16.712,1.69065,1.69095,2.25,1.00
2017.01.04 13:42:17.230,1.69067,1.69094,1.00,1.00
2017.01.04 13:42:17.280,1.69065,1.69094,1.00,1.00
2017.01.04 13:42:17.841,1.69066,1.69093,1.00,1.00
2017.01.04 13:42:18.232,1.69064,1.69093,2.62,1.00
2017.01.04 13:42:18.499,1.69064,1.69095,2.62,1.50
2017.01.04 13:42:18.699,1.69066,1.69095,1.00,1.50
2017.01.04 13:42:19.023,1.69064,1.69095,2.62,1.50
2017.01.04 13:42:19.074,1.69064,1.69093,2.62,1.00
2017.01.04 13:42:19.125,1.69064,1.69095,2.25,1.00
2017.01.04 13:42:19.628,1.69064,1.69094,3.37,1.00
2017.01.04 13:42:20.036,1.69064,1.69096,3.37,2.25
2017.01.04 13:42:20.313,1.69066,1.69095,1.00,1.00
2017.01.04 13:42:20.514,1.69064,1.69095,4.12,1.00
2017.01.04 13:42:20.767,1.69064,1.69091,1.50,1.00
2017.01.04 13:42:20.968,1.69061,1.6909,1.00,1.00
2017.01.04 13:42:21.019,1.69059,1.69088,1.00,1.00
2017.01.04 13:42:21.070,1.69057,1.69088,1.00,1.00
2017.01.04 13:42:21.171,1.69059,1.69087,1.00,1.00
2017.01.04 13:42:21.699,1.69059,1.69088,1.00,1.00
2017.01.04 13:42:21.852,1.69059,1.6909,1.50,1.50
2017.01.04 13:42:22.384,1.69059,1.69089,1.00,1.00
2017.01.04 13:42:22.486,1.69056,1.69088,3.37,1.50
2017.01.04 13:42:22.999,1.69056,1.69087,1.50,1.00
2017.01.04 13:42:23.616,1.69056,1.69088,1.50,1.00
2017.01.04 13:42:24.145,1.69057,1.69088,1.00,1.50
2017.01.04 13:42:24.983,1.69062,1.69088,1.00,1.00
2017.01.04 13:42:25.084,1.69064,1.69095,1.00,1.00
2017.01.04 13:42:25.185,1.69063,1.69093,1.75,1.50
2017.01.04 13:42:25.487,1.69061,1.6909,3.37,1.00
2017.01.04 13:42:25.538,1.69062,1.69093,1.75,1.12
2017.01.04 13:42:25.639,1.69062,1.69093,1.75,1.87
2017.01.04 13:42:26.261,1.69061,1.6909,1.75,1.00
2017.01.04 13:42:26.795,1.69062,1.69092,3.00,1.37
2017.01.04 13:42:26.947,1.69063,1.69093,1.00,1.87
2017.01.04 13:42:27.486,1.69064,1.69092,1.00,1.12
2017.01.04 13:42:27.878,1.69063,1.6909,1.00,1.00
2017.01.04 13:42:27.928,1.69063,1.69093,1.00,1.87
2017.01.04 13:42:28.289,1.69063,1.69089,1.00,1.00
2017.01.04 13:42:28.804,1.69064,1.6909,1.00,1.00
2017.01.04 13:42:29.316,1.69065,1.69089,1.00,1.00
2017.01.04 13:42:29.367,1.69064,1.69092,1.00,1.12
2017.01.04 13:42:29.737,1.69062,1.69092,1.87,1.12
2017.01.04 13:42:29.788,1.69062,1.6909,1.87,1.00
2017.01.04 13:42:30.141,1.69065,1.69089,1.00,1.00
2017.01.04 13:42:30.748,1.69064,1.6909,1.00,1.00
2017.01.04 13:42:31.373,1.69063,1.69091,1.00,1.00
2017.01.04 13:42:31.764,1.69066,1.69093,1.00,1.00
2017.01.04 13:42:31.928,1.69066,1.69095,1.12,1.00
2017.01.04 13:42:32.231,1.69066,1.69093,1.12,1.00
2017.01.04 13:42:32.634,1.69066,1.69095,1.87,1.00
2017.01.04 13:42:32.685,1.69068,1.69095,1.00,1.00
2017.01.04 13:42:33.321,1.69067,1.69094,2.62,1.00
2017.01.04 13:42:33.830,1.69066,1.69096,3.00,1.00
2017.01.04 13:42:34.157,1.69069,1.69097,1.00,1.00
2017.01.04 13:42:34.510,1.69069,1.69099,1.00,1.00
2017.01.04 13:42:34.611,1.6907,1.69095,1.00,1.00
2017.01.04 13:42:35.137,1.69068,1.69095,1.00,1.00
2017.01.04 13:42:35.767,1.69067,1.69095,1.00,1.00
2017.01.04 13:42:35.918,1.69069,1.69098,1.00,3.75
2017.01.04 13:42:35.969,1.69069,1.69094,1.00,1.00
2017.01.04 13:42:36.070,1.69068,1.69097,1.87,2.25
2017.01.04 13:42:36.373,1.69068,1.69095,1.00,1.00
2017.01.04 13:42:36.877,1.69069,1.69096,1.00,1.00
2017.01.04 13:42:37.180,1.69072,1.69098,1.12,1.00
2017.01.04 13:42:37.398,1.69073,1.69102,1.00,1.50
2017.01.04 13:42:37.448,1.69073,1.691,1.00,1.00
2017.01.04 13:42:37.499,1.69071,1.69102,1.00,1.50
2017.01.04 13:42:37.600,1.69071,1.69097,1.00,1.00
2017.01.04 13:42:37.752,1.69069,1.69097,1.50,1.00
2017.01.04 13:42:38.104,1.69068,1.69094,1.50,1.00
2017.01.04 13:42:38.206,1.69062,1.69094,2.25,1.50
2017.01.04 13:42:38.307,1.69063,1.6909,1.00,1.50
2017.01.04 13:42:38.610,1.69061,1.69088,1.00,1.00
2017.01.04 13:42:38.711,1.6906,1.69091,1.00,3.00
2017.01.04 13:42:38.762,1.69062,1.69091,1.00,1.50
2017.01.04 13:42:39.311,1.69063,1.69091,1.50,1.00
2017.01.04 13:42:39.699,1.69063,1.69089,1.00,1.00
2017.01.04 13:42:39.800,1.69061,1.69092,3.00,1.50
2017.01.04 13:42:40.913,1.69062,1.69091,2.62,1.00
2017.01.04 13:42:41.505,1.69062,1.69092,2.62,1.00
2017.01.04 13:42:43.092,1.69062,1.69091,1.00,1.00
2017.01.04 13:42:43.547,1.6906,1.6909,1.00,1.00
2017.01.04 13:42:44.086,1.69061,1.6909,1.00,1.00
2017.01.04 13:42:44.593,1.6906,1.6909,1.00,1.00
2017.01.04 13:42:45.126,1.69062,1.69092,1.12,1.00
2017.01.04 13:42:45.673,1.69063,1.69093,1.12,1.00
2017.01.04 13:42:45.876,1.69063,1.69095,1.00,1.12
2017.01.04 13:42:46.027,1.69063,1.69092,1.00,1.00
2017.01.04 13:42:46.470,1.69063,1.69096,1.00,2.62
2017.01.04 13:42:46.520,1.69063,1.69094,1.50,1.00
2017.01.04 13:42:47.046,1.69063,1.69094,1.37,1.00
2017.01.04 13:42:47.499,1.69063,1.69091,1.50,1.00
2017.01.04 13:42:48.158,1.69063,1.69093,1.37,1.00
2017.01.04 13:42:48.563,1.69063,1.69095,1.50,2.25
2017.01.04 13:42:48.716,1.69063,1.69093,1.50,1.00
2017.01.04 13:42:49.220,1.69062,1.69092,1.50,1.00
2017.01.04 13:42:49.541,1.69062,1.69094,1.00,1.00
2017.01.04 13:42:49.787,1.69063,1.69095,1.37,1.50
2017.01.04 13:42:50.354,1.69063,1.69094,1.87,1.00
2017.01.04 13:42:50.718,1.69066,1.69096,1.00,1.50
2017.01.04 13:42:50.819,1.69066,1.69098,1.00,3.00
2017.01.04 13:42:51.408,1.69066,1.69097,1.50,1.00
2017.01.04 13:42:51.927,1.69067,1.69098,1.50,2.25
2017.01.04 13:42:52.444,1.69069,1.69097,1.00,1.00
2017.01.04 13:42:53.072,1.6907,1.69097,1.00,1.00
2017.01.04 13:42:53.584,1.69069,1.69098,1.50,2.25
2017.01.04 13:42:53.685,1.69069,1.69101,2.62,1.50
2017.01.04 13:42:53.786,1.69071,1.69101,1.50,1.50
2017.01.04 13:42:54.088,1.6907,1.69098,1.00,1.00
2017.01.04 13:42:54.578,1.69069,1.69096,1.50,1.00
2017.01.04 13:42:54.990,1.6907,1.69098,1.00,1.00
2017.01.04 13:42:55.465,1.69069,1.69096,1.50,1.00
2017.01.04 13:42:55.760,1.69069,1.69098,1.50,1.00
2017.01.04 13:42:56.011,1.69069,1.69095,1.50,1.00
2017.01.04 13:42:56.062,1.6907,1.69097,1.12,1.00
2017.01.04 13:42:56.113,1.69072,1.691,1.00,1.00
2017.01.04 13:42:56.555,1.69074,1.69098,1.00,1.00
2017.01.04 13:42:56.657,1.69074,1.691,1.00,1.00
2017.01.04 13:42:57.446,1.69073,1.691,1.00,1.00
2017.01.04 13:42:58.298,1.69071,1.69098,4.12,1.00
2017.01.04 13:42:58.602,1.69074,1.69099,1.00,1.50
2017.01.04 13:42:59.108,1.69074,1.69098,1.00,1.00
2017.01.04 13:42:59.808,1.69074,1.69099,1.00,1.00
2017.01.04 13:43:00.457,1.69074,1.69098,1.00,1.00
2017.01.04 13:43:00.507,1.69074,1.69102,1.00,1.00
2017.01.04 13:43:00.558,1.69077,1.69104,1.00,1.00
2017.01.04 13:43:00.861,1.69074,1.69098,1.00,1.00
2017.01.04 13:43:01.163,1.69074,1.69095,1.00,1.00
2017.01.04 13:43:01.264,1.6907,1.69095,1.00,1.00
2017.01.04 13:43:01.768,1.6907,1.69096,1.00,1.50
2017.01.04 13:43:01.819,1.6907,1.69098,1.00,1.00
2017.01.04 13:43:02.072,1.6907,1.69095,1.00,1.00
2017.01.04 13:43:02.578,1.6907,1.69094,1.00,1.00
2017.01.04 13:43:02.629,1.69066,1.69095,1.12,1.50
2017.01.04 13:43:03.133,1.69067,1.69094,1.00,1.00
2017.01.04 13:43:03.184,1.69065,1.69093,1.00,1.50
2017.01.04 13:43:03.686,1.69066,1.69092,1.00,1.00
2017.01.04 13:43:04.020,1.69064,1.69094,2.62,1.50
2017.01.04 13:43:04.528,1.69065,1.69093,1.50,1.00
2017.01.04 13:43:04.629,1.69071,1.69094,1.00,1.00
2017.01.04 13:43:04.730,1.69073,1.69097,1.00,1.50
2017.01.04 13:43:05.132,1.69072,1.69094,1.00,1.00
2017.01.04 13:43:05.233,1.69072,1.69096,1.00,1.00
2017.01.04 13:43:05.415,1.69068,1.69096,1.12,1.00
2017.01.04 13:43:05.466,1.69071,1.69096,1.12,1.87
2017.01.04 13:43:05.768,1.69073,1.69099,1.00,1.00
2017.01.04 13:43:05.869,1.69069,1.69099,1.12,1.00
2017.01.04 13:43:05.920,1.69067,1.69093,1.87,1.00
2017.01.04 13:43:05.971,1.69064,1.69092,2.62,1.37
2017.01.04 13:43:06.072,1.69065,1.69087,1.00,1.00
2017.01.04 13:43:06.122,1.69057,1.69084,1.12,1.00
2017.01.04 13:43:06.223,1.69057,1.69087,1.00,1.50
2017.01.04 13:43:06.274,1.69057,1.69087,1.37,1.00
2017.01.04 13:43:06.325,1.69058,1.69087,1.00,1.00
2017.01.04 13:43:06.375,1.69063,1.69089,1.00,1.00
2017.01.04 13:43:06.577,1.6906,1.69089,1.00,1.00
2017.01.04 13:43:06.902,1.69061,1.69087,1.00,1.37
2017.01.04 13:43:06.952,1.69055,1.69083,1.00,1.00
2017.01.04 13:43:07.054,1.69052,1.69083,1.12,1.00
2017.01.04 13:43:07.581,1.69052,1.69082,1.00,1.00
2017.01.04 13:43:08.021,1.69051,1.69079,1.37,1.00
2017.01.04 13:43:08.072,1.69049,1.69078,1.37,1.00
2017.01.04 13:43:08.123,1.69049,1.6908,1.50,1.00
2017.01.04 13:43:08.657,1.69049,1.6908,2.62,1.00
2017.01.04 13:43:08.911,1.69051,1.69082,1.12,1.00
2017.01.04 13:43:09.163,1.69056,1.69084,1.00,1.12
2017.01.04 13:43:09.315,1.69056,1.69087,1.87,1.12
2017.01.04 13:43:09.516,1.69055,1.69085,1.87,1.00
2017.01.04 13:43:09.866,1.6906,1.69089,1.00,1.00
2017.01.04 13:43:10.069,1.69062,1.69094,2.25,1.00
2017.01.04 13:43:10.372,1.69066,1.69093,1.00,1.00
2017.01.04 13:43:10.574,1.69067,1.69096,1.00,1.50
2017.01.04 13:43:10.962,1.69067,1.69098,1.50,1.00
2017.01.04 13:43:11.215,1.69073,1.69099,1.12,2.62
2017.01.04 13:43:11.521,1.69086,1.69106,1.00,1.00
2017.01.04 13:43:11.623,1.69084,1.69106,1.12,1.00
2017.01.04 13:43:11.674,1.69085,1.69108,1.87,1.00
2017.01.04 13:43:11.978,1.69089,1.69109,1.87,3.75
2017.01.04 13:43:12.294,1.69093,1.69109,1.00,3.75
2017.01.04 13:43:12.496,1.69091,1.6911,1.00,4.87
2017.01.04 13:43:12.598,1.6909,1.69108,1.00,1.00
2017.01.04 13:43:12.648,1.69087,1.69108,1.00,1.00
2017.01.04 13:43:12.749,1.69082,1.69108,2.25,1.00
2017.01.04 13:43:13.274,1.69083,1.69107,1.12,1.00
2017.01.04 13:43:13.794,1.69083,1.69106,1.12,1.00
2017.01.04 13:43:14.127,1.69083,1.69109,1.12,4.50
2017.01.04 13:43:14.279,1.69083,1.69107,1.12,1.00
2017.01.04 13:43:14.782,1.69082,1.69109,1.50,4.50
2017.01.04 13:43:14.833,1.69081,1.69106,2.25,1.00
2017.01.04 13:43:15.086,1.69082,1.69108,1.50,1.00
2017.01.04 13:43:15.338,1.69081,1.69108,1.00,1.00
2017.01.04 13:43:15.390,1.69081,1.69108,1.75,1.00
2017.01.04 13:43:15.949,1.69086,1.69108,1.00,1.00
2017.01.04 13:43:16.835,1.69085,1.69109,1.87,1.00
2017.01.04 13:43:17.381,1.69088,1.69109,1.00,4.50
2017.01.04 13:43:17.769,1.6909,1.69109,1.00,3.75
2017.01.04 13:43:18.071,1.69093,1.69109,1.00,3.75
2017.01.04 13:43:18.524,1.69095,1.69109,1.00,3.75
2017.01.04 13:43:18.827,1.69098,1.69109,1.50,3.75
2017.01.04 13:43:19.305,1.69093,1.6911,1.50,3.75
2017.01.04 13:43:19.406,1.69093,1.69109,1.12,3.75
2017.01.04 13:43:19.456,1.69093,1.69109,1.50,3.75
2017.01.04 13:43:19.759,1.69089,1.69109,1.00,3.75
2017.01.04 13:43:19.810,1.69085,1.69107,1.00,1.00
2017.01.04 13:43:19.861,1.69083,1.69107,1.00,1.00
2017.01.04 13:43:19.912,1.69083,1.69109,1.00,1.00
2017.01.04 13:43:20.363,1.69085,1.69108,1.00,1.00
2017.01.04 13:43:20.875,1.69084,1.69108,1.12,1.00
2017.01.04 13:43:20.926,1.69085,1.6911,1.00,5.25
2017.01.04 13:43:21.128,1.69083,1.69106,1.37,1.00
2017.01.04 13:43:21.178,1.69081,1.69106,1.00,1.00
2017.01.04 13:43:21.279,1.69081,1.69108,1.87,1.00
2017.01.04 13:43:21.596,1.69085,1.69108,1.00,1.00
2017.01.04 13:43:21.950,1.69087,1.69108,1.37,1.00
2017.01.04 13:43:22.000,1.69087,1.69108,1.12,1.00
2017.01.04 13:43:22.101,1.69086,1.69108,1.87,1.00
2017.01.04 13:43:22.454,1.69084,1.69109,1.00,1.00
2017.01.04 13:43:22.505,1.69084,1.69106,1.00,1.00
2017.01.04 13:43:22.659,1.69084,1.69108,1.00,1.00
2017.01.04 13:43:22.761,1.69082,1.69108,1.50,1.00
2017.01.04 13:43:23.742,1.69081,1.69108,1.00,1.00
2017.01.04 13:43:24.508,1.6908,1.69108,1.12,1.00
2017.01.04 13:43:24.559,1.6908,1.69106,1.50,1.00
2017.01.04 13:43:25.065,1.69076,1.69105,1.87,1.00
2017.01.04 13:43:25.268,1.69078,1.69103,1.00,1.00
2017.01.04 13:43:25.369,1.69075,1.69103,1.87,1.00
2017.01.04 13:43:25.520,1.69075,1.69101,1.00,1.00
2017.01.04 13:43:25.621,1.69072,1.69101,1.00,1.00
2017.01.04 13:43:26.148,1.69075,1.69102,1.00,1.12
2017.01.04 13:43:26.249,1.69076,1.69104,1.12,1.00
2017.01.04 13:43:26.350,1.69081,1.69106,1.12,1.00
2017.01.04 13:43:26.653,1.69085,1.69108,1.00,1.00
2017.01.04 13:43:27.006,1.69085,1.69106,1.00,1.00
2017.01.04 13:43:27.057,1.69079,1.69106,1.75,1.00
2017.01.04 13:43:27.208,1.69078,1.69105,1.00,1.00
2017.01.04 13:43:27.360,1.69076,1.69105,2.25,1.00
2017.01.04 13:43:27.535,1.6908,1.69105,1.00,1.00
2017.01.04 13:43:27.838,1.69081,1.69109,1.00,4.50
2017.01.04 13:43:27.939,1.69082,1.69109,2.25,4.50
2017.01.04 13:43:28.241,1.6909,1.69108,1.00,1.00
2017.01.04 13:43:28.443,1.69087,1.69108,1.00,1.00
2017.01.04 13:43:28.959,1.69088,1.69109,1.00,3.75
2017.01.04 13:43:29.488,1.69088,1.69108,1.00,1.00
2017.01.04 13:43:29.539,1.69086,1.69108,1.00,1.00
2017.01.04 13:43:29.640,1.69089,1.69109,1.00,4.50
2017.01.04 13:43:30.168,1.69085,1.69109,1.00,3.75
2017.01.04 13:43:30.689,1.69087,1.69109,1.00,4.50
2017.01.04 13:43:31.357,1.69089,1.69109,1.00,1.00
2017.01.04 13:43:31.660,1.69092,1.6911,1.00,4.50
2017.01.04 13:43:32.123,1.69093,1.69109,1.37,3.75
2017.01.04 13:43:32.647,1.6909,1.69109,1.37,1.00
2017.01.04 13:43:32.748,1.69087,1.6911,1.00,4.50
2017.01.04 13:43:32.899,1.69087,1.69109,1.37,3.75
2017.01.04 13:43:32.950,1.69085,1.69109,1.00,3.75
2017.01.04 13:43:33.152,1.69081,1.69109,1.75,1.00
2017.01.04 13:43:33.354,1.69085,1.69109,1.00,4.50
2017.01.04 13:43:33.555,1.69083,1.69109,1.12,4.50
2017.01.04 13:43:34.261,1.69084,1.69109,1.50,1.00
2017.01.04 13:43:34.413,1.69086,1.69109,1.00,4.50
2017.01.04 13:43:34.766,1.69089,1.6911,1.00,3.75
2017.01.04 13:43:35.284,1.69088,1.69109,1.50,1.00
2017.01.04 13:43:35.587,1.6909,1.6911,1.12,3.75
2017.01.04 13:43:36.092,1.69088,1.69109,1.00,3.75
2017.01.04 13:43:36.546,1.69085,1.69109,1.00,4.50
2017.01.04 13:43:36.740,1.69087,1.6911,1.12,4.50
2017.01.04 13:43:37.053,1.69089,1.6911,1.87,3.75
2017.01.04 13:43:37.355,1.69092,1.6911,1.00,3.75
2017.01.04 13:43:37.558,1.69085,1.69109,1.00,3.75
2017.01.04 13:43:37.608,1.69085,1.69106,1.00,1.00
2017.01.04 13:43:37.659,1.6908,1.69106,1.00,1.00
2017.01.04 13:43:37.760,1.69076,1.69102,1.00,1.00
2017.01.04 13:43:38.107,1.69083,1.69106,1.00,1.00
2017.01.04 13:43:38.259,1.69081,1.69106,1.00,1.00
2017.01.04 13:43:38.763,1.6908,1.69106,2.25,1.00
2017.01.04 13:43:38.864,1.69082,1.69106,1.00,1.00
2017.01.04 13:43:39.252,1.69081,1.69108,1.00,1.00
2017.01.04 13:43:39.758,1.6908,1.69107,1.00,1.00
2017.01.04 13:43:39.914,1.69079,1.69105,1.00,1.50
2017.01.04 13:43:40.015,1.69072,1.69104,1.75,1.00
2017.01.04 13:43:40.116,1.69073,1.69099,1.00,1.00
2017.01.04 13:43:40.419,1.6907,1.69097,1.37,1.00
2017.01.04 13:43:40.469,1.6907,1.69098,1.00,1.50
2017.01.04 13:43:40.520,1.6907,1.69095,1.00,1.00
2017.01.04 13:43:40.722,1.69071,1.691,1.00,1.50
2017.01.04 13:43:40.934,1.69072,1.69095,1.00,1.00
2017.01.04 13:43:41.035,1.69059,1.6909,1.37,1.00
2017.01.04 13:43:41.086,1.69058,1.6909,3.00,1.00
2017.01.04 13:43:41.137,1.6906,1.69087,1.00,1.00
2017.01.04 13:43:41.439,1.69059,1.6909,1.12,1.00
2017.01.04 13:43:41.545,1.69059,1.69088,1.12,1.00
2017.01.04 13:43:42.056,1.6906,1.69088,1.50,1.00
2017.01.04 13:43:42.106,1.6906,1.6909,1.50,1.00
2017.01.04 13:43:42.622,1.6906,1.69091,1.50,1.00
2017.01.04 13:43:42.826,1.69061,1.69092,1.12,1.00
2017.01.04 13:43:43.078,1.69064,1.69094,1.12,1.50
2017.01.04 13:43:43.230,1.69061,1.69093,1.50,1.50
2017.01.04 13:43:43.631,1.69061,1.69091,1.50,1.00
2017.01.04 13:43:43.984,1.69062,1.69093,1.00,1.50
2017.01.04 13:43:44.035,1.69065,1.69093,1.00,1.00
2017.01.04 13:43:45.249,1.69065,1.69096,1.50,1.00
2017.01.04 13:43:45.369,1.69067,1.69096,1.00,1.50
2017.01.04 13:43:45.701,1.69067,1.69094,1.00,1.00
2017.01.04 13:43:45.864,1.69065,1.69096,1.12,1.00
2017.01.04 13:43:46.066,1.69064,1.69093,1.50,1.00
2017.01.04 13:43:46.611,1.69062,1.69094,1.75,1.00
2017.01.04 13:43:46.914,1.6906,1.69091,2.62,1.00
2017.01.04 13:43:46.965,1.69064,1.69091,1.00,1.00
2017.01.04 13:43:47.066,1.6906,1.69091,1.12,1.50
2017.01.04 13:43:47.608,1.69061,1.6909,1.00,1.00
2017.01.04 13:43:48.146,1.69062,1.69091,1.00,1.00
2017.01.04 13:43:49.081,1.69062,1.69093,1.12,1.00
2017.01.04 13:43:49.637,1.69063,1.69093,1.00,1.00
2017.01.04 13:43:50.358,1.69064,1.69093,1.00,1.00
2017.01.04 13:43:52.298,1.69064,1.69092,1.00,1.00
2017.01.04 13:43:52.651,1.69066,1.69093,1.00,1.50
2017.01.04 13:43:53.667,1.69067,1.69093,1.00,1.00
2017.01.04 13:43:53.717,1.69067,1.69097,1.12,1.00
2017.01.04 13:43:53.883,1.6907,1.69096,1.00,1.00
2017.01.04 13:43:54.135,1.6907,1.69098,1.00,1.00
2017.01.04 13:43:54.200,1.69066,1.69098,1.87,1.00
2017.01.04 13:43:54.251,1.69064,1.69097,1.12,1.00
2017.01.04 13:43:54.352,1.69062,1.69095,1.75,1.50
2017.01.04 13:43:54.453,1.69062,1.69095,1.75,1.50
2017.01.04 13:43:54.553,1.69062,1.69089,1.75,1.00
2017.01.04 13:43:54.856,1.69062,1.69089,1.50,1.00
2017.01.04 13:43:55.284,1.69065,1.69091,1.00,1.50
2017.01.04 13:43:55.391,1.69062,1.69091,1.12,1.50
2017.01.04 13:43:55.492,1.69062,1.69093,1.37,1.00
2017.01.04 13:43:56.049,1.69061,1.69092,1.75,1.00
2017.01.04 13:43:56.963,1.69061,1.69087,1.82,1.00
2017.01.04 13:43:57.065,1.69061,1.69087,1.12,1.00
2017.01.04 13:43:57.340,1.69059,1.69086,1.50,1.00
2017.01.04 13:43:57.492,1.69057,1.69089,1.75,1.50
2017.01.04 13:43:57.594,1.69058,1.69082,1.00,1.00
2017.01.04 13:43:57.695,1.69052,1.69078,1.00,1.00
2017.01.04 13:43:57.897,1.69052,1.69076,1.00,1.00
2017.01.04 13:43:57.947,1.69052,1.69079,1.00,1.50
2017.01.04 13:43:58.054,1.6905,1.69077,1.00,1.00
2017.01.04 13:43:58.105,1.69047,1.69076,1.12,1.12
2017.01.04 13:43:58.155,1.69047,1.6907,1.00,1.00
2017.01.04 13:43:58.206,1.69042,1.69074,1.87,1.00
2017.01.04 13:43:58.257,1.69042,1.69073,1.12,1.00
2017.01.04 13:43:58.481,1.69041,1.6907,1.37,1.00
2017.01.04 13:43:58.582,1.69043,1.69074,1.50,2.25
2017.01.04 13:43:59.088,1.69043,1.69072,1.00,1.00
2017.01.04 13:43:59.198,1.69043,1.69069,1.00,1.00
2017.01.04 13:43:59.717,1.69042,1.6907,1.12,1.00
2017.01.04 13:44:00.067,1.69037,1.69068,1.50,1.00
2017.01.04 13:44:00.118,1.69036,1.69068,1.50,1.00
2017.01.04 13:44:00.168,1.69035,1.69063,1.75,1.00
2017.01.04 13:44:00.320,1.69035,1.69063,1.87,1.00
2017.01.04 13:44:00.422,1.69035,1.69063,1.75,1.00
2017.01.04 13:44:00.877,1.69037,1.69065,1.00,1.00
2017.01.04 13:44:00.978,1.69036,1.69063,1.00,1.00
2017.01.04 13:44:01.281,1.69035,1.69065,1.75,1.00
2017.01.04 13:44:01.630,1.69029,1.69056,1.50,1.00
2017.01.04 13:44:01.781,1.69029,1.69054,1.00,1.00
2017.01.04 13:44:02.285,1.69025,1.69055,1.75,1.00
2017.01.04 13:44:02.993,1.69027,1.69055,1.00,1.00
2017.01.04 13:44:03.343,1.69025,1.69055,1.12,1.00
2017.01.04 13:44:03.595,1.69023,1.69051,1.12,1.00
2017.01.04 13:44:04.660,1.69023,1.69053,1.12,1.00
2017.01.04 13:44:04.761,1.69025,1.69053,1.00,1.00
2017.01.04 13:44:05.156,1.69023,1.69053,1.00,1.00
2017.01.04 13:44:05.206,1.69022,1.6905,1.50,1.00
2017.01.04 13:44:05.848,1.69022,1.6905,1.50,1.00
2017.01.04 13:44:05.898,1.69022,1.69052,1.50,1.00
2017.01.04 13:44:06.563,1.69023,1.69051,1.50,1.00
2017.01.04 13:44:06.765,1.6902,1.69046,1.00,1.12
2017.01.04 13:44:07.017,1.69017,1.69048,1.00,1.87
2017.01.04 13:44:07.128,1.69017,1.69048,1.87,1.00
2017.01.04 13:44:07.178,1.69021,1.69052,1.50,1.37
2017.01.04 13:44:07.431,1.69029,1.69058,1.00,1.87
2017.01.04 13:44:07.481,1.69024,1.69055,1.12,1.00
2017.01.04 13:44:07.683,1.69032,1.69058,1.00,1.00
2017.01.04 13:44:07.734,1.69032,1.69058,1.00,1.37
2017.01.04 13:44:07.986,1.69028,1.69062,3.37,1.87
2017.01.04 13:44:08.361,1.69027,1.69056,1.00,1.00
2017.01.04 13:44:08.462,1.69029,1.69056,1.37,1.12
2017.01.04 13:44:08.802,1.69024,1.69057,1.87,2.25
2017.01.04 13:44:09.470,1.69025,1.69055,1.00,1.37
2017.01.04 13:44:09.521,1.69023,1.69055,1.87,1.37
2017.01.04 13:44:09.622,1.69025,1.69055,1.00,1.00
2017.01.04 13:44:09.723,1.69029,1.69057,1.00,1.00
2017.01.04 13:44:10.025,1.6903,1.69061,1.87,2.25
2017.01.04 13:44:10.177,1.6903,1.69062,1.00,1.87
2017.01.04 13:44:10.407,1.69029,1.69059,1.50,1.37
2017.01.04 13:44:10.508,1.69029,1.6906,2.25,1.37
2017.01.04 13:44:10.559,1.69029,1.6906,2.62,1.87
2017.01.04 13:44:10.861,1.69026,1.69058,1.37,1.87
2017.01.04 13:44:11.692,1.69026,1.69057,1.00,1.50
2017.01.04 13:44:12.215,1.69023,1.69057,1.75,1.50
2017.01.04 13:44:12.757,1.69023,1.69057,2.25,2.25
2017.01.04 13:44:13.374,1.69023,1.69057,2.25,2.25
2017.01.04 13:44:13.847,1.69023,1.69054,1.37,1.37
2017.01.04 13:44:13.898,1.69019,1.69053,2.62,1.37
2017.01.04 13:44:14.050,1.6902,1.69049,1.37,1.00
2017.01.04 13:44:14.553,1.6902,1.69049,1.37,1.00
2017.01.04 13:44:14.981,1.69022,1.69051,1.00,1.00
2017.01.04 13:44:15.558,1.69022,1.69052,1.12,1.50
2017.01.04 13:44:16.066,1.69021,1.69052,1.00,1.50
2017.01.04 13:44:16.521,1.69019,1.6905,1.12,1.00
2017.01.04 13:44:16.622,1.69019,1.69052,1.87,1.00
2017.01.04 13:44:16.823,1.69021,1.6905,1.00,1.00
2017.01.04 13:44:16.924,1.69021,1.69052,1.00,1.00
2017.01.04 13:44:17.389,1.6902,1.6905,1.00,1.00
2017.01.04 13:44:17.523,1.6902,1.69052,1.87,1.50
2017.01.04 13:44:17.726,1.6902,1.6905,1.50,1.00
2017.01.04 13:44:18.219,1.6902,1.69052,1.12,1.50
2017.01.04 13:44:18.321,1.69019,1.69049,1.50,1.00
2017.01.04 13:44:18.624,1.69023,1.69056,1.87,2.25
2017.01.04 13:44:18.725,1.6902,1.69053,1.00,1.50
2017.01.04 13:44:18.776,1.6902,1.69049,1.37,1.00
2017.01.04 13:44:18.927,1.69017,1.69045,2.25,1.00
2017.01.04 13:44:18.978,1.69017,1.69045,3.37,1.00
2017.01.04 13:44:19.029,1.69017,1.69045,2.25,1.00
2017.01.04 13:44:19.329,1.69015,1.69045,1.12,1.00
2017.01.04 13:44:19.430,1.69014,1.69043,2.25,1.00
2017.01.04 13:44:19.682,1.69015,1.69045,1.12,1.00
2017.01.04 13:44:20.206,1.69015,1.69044,1.12,1.00
2017.01.04 13:44:20.836,1.69016,1.69044,1.00,1.00
2017.01.04 13:44:20.938,1.69014,1.69044,1.12,1.00
2017.01.04 13:44:21.234,1.69016,1.69044,1.00,1.00
2017.01.04 13:44:21.738,1.69017,1.69044,1.00,1.00
2017.01.04 13:44:22.287,1.69016,1.69044,1.00,1.00
2017.01.04 13:44:23.227,1.69016,1.69047,2.25,1.50
2017.01.04 13:44:23.429,1.69016,1.69045,1.50,1.00
2017.01.04 13:44:23.932,1.69017,1.69045,1.00,1.00
2017.01.04 13:44:23.984,1.69015,1.69045,2.25,1.00
2017.01.04 13:44:24.488,1.69016,1.69045,1.00,1.00
2017.01.04 13:44:26.249,1.69019,1.69045,1.12,1.00
2017.01.04 13:44:26.402,1.69023,1.69055,1.50,1.87
2017.01.04 13:44:26.453,1.69023,1.69055,1.12,2.25
2017.01.04 13:44:26.504,1.6902,1.69047,1.12,1.00
2017.01.04 13:44:26.706,1.69017,1.69045,1.50,1.00
2017.01.04 13:44:27.242,1.69017,1.69044,1.00,1.00
2017.01.04 13:44:27.722,1.69011,1.69045,3.37,1.00
2017.01.04 13:44:27.924,1.69012,1.69041,1.87,1.00
2017.01.04 13:44:28.226,1.69012,1.69041,1.87,1.00
2017.01.04 13:44:28.770,1.69011,1.69041,2.25,1.00
2017.01.04 13:44:29.307,1.69012,1.69041,1.00,1.00
2017.01.04 13:44:29.559,1.69013,1.69041,1.37,1.00
2017.01.04 13:44:29.660,1.69015,1.69044,1.00,1.00
2017.01.04 13:44:29.811,1.69015,1.69046,1.00,1.00
2017.01.04 13:44:30.312,1.69016,1.69046,1.87,1.00
2017.01.04 13:44:30.463,1.69012,1.69044,1.37,1.37
2017.01.04 13:44:30.715,1.69004,1.69034,1.00,1.00
2017.01.04 13:44:31.219,1.69003,1.69034,1.00,1.00
2017.01.04 13:44:31.738,1.69002,1.69034,2.25,1.00
2017.01.04 13:44:32.365,1.69003,1.69034,1.00,1.00
2017.01.04 13:44:32.466,1.69002,1.69028,1.00,1.00
2017.01.04 13:44:32.517,1.69,1.69029,1.00,1.00
2017.01.04 13:44:32.618,1.68996,1.69026,1.12,1.00
2017.01.04 13:44:32.770,1.68994,1.69024,1.87,1.00
2017.01.04 13:44:32.821,1.68994,1.6902,1.87,1.00
2017.01.04 13:44:32.871,1.68993,1.6902,1.12,1.00
2017.01.04 13:44:33.447,1.69001,1.69028,1.00,1.12
2017.01.04 13:44:33.599,1.69004,1.69036,1.12,1.00
2017.01.04 13:44:33.650,1.69004,1.69028,1.00,1.00
2017.01.04 13:44:33.751,1.69006,1.69032,1.00,1.00
2017.01.04 13:44:34.264,1.69006,1.69035,1.00,1.50
2017.01.04 13:44:34.466,1.69004,1.69035,1.00,3.00
2017.01.04 13:44:34.517,1.69003,1.69031,1.50,1.00
2017.01.04 13:44:34.911,1.69,1.69021,1.00,1.00
2017.01.04 13:44:34.962,1.69001,1.69028,1.50,1.37
2017.01.04 13:44:35.013,1.69001,1.69028,1.50,1.00
2017.01.04 13:44:35.164,1.68999,1.69028,1.00,1.00
2017.01.04 13:44:35.786,1.68998,1.69029,1.37,1.12
2017.01.04 13:44:36.345,1.68999,1.69029,1.00,1.87
2017.01.04 13:44:36.852,1.68998,1.69029,1.12,1.12
2017.01.04 13:44:37.470,1.68998,1.69029,1.37,1.12
2017.01.04 13:44:38.255,1.68997,1.69027,1.50,1.00
2017.01.04 13:44:38.460,1.68998,1.69029,1.12,1.12
2017.01.04 13:44:38.965,1.68998,1.69029,1.37,1.12
2017.01.04 13:44:39.066,1.68997,1.69029,2.25,1.12
2017.01.04 13:44:39.230,1.69001,1.69033,1.37,1.00
2017.01.04 13:44:39.442,1.69002,1.69031,1.00,1.00
2017.01.04 13:44:39.744,1.69003,1.69029,1.12,1.00
2017.01.04 13:44:39.952,1.69001,1.69029,1.87,1.00
2017.01.04 13:44:40.305,1.69,1.69031,1.37,1.50
2017.01.04 13:44:40.456,1.69002,1.69031,1.37,1.00
2017.01.04 13:44:40.507,1.69002,1.69031,1.00,1.00
2017.01.04 13:44:41.056,1.69001,1.69031,1.12,1.00
2017.01.04 13:44:41.344,1.69001,1.69031,1.37,1.00
2017.01.04 13:44:41.651,1.69004,1.69031,1.37,1.00
2017.01.04 13:44:42.181,1.69003,1.69031,1.50,1.00
2017.01.04 13:44:43.318,1.69003,1.69031,1.12,1.00
2017.01.04 13:44:43.368,1.69002,1.69033,2.25,1.00
2017.01.04 13:44:43.938,1.69004,1.69032,1.00,1.00
2017.01.04 13:44:45.417,1.69,1.6903,1.00,1.00
2017.01.04 13:44:45.467,1.68994,1.69025,1.50,1.00
2017.01.04 13:44:45.518,1.68995,1.69025,1.00,1.00
2017.01.04 13:44:45.569,1.68995,1.69023,1.00,1.00
2017.01.04 13:44:45.619,1.68993,1.69023,1.12,1.00
2017.01.04 13:44:45.720,1.68993,1.69023,1.50,1.00
2017.01.04 13:44:45.771,1.68993,1.69026,1.50,1.12
2017.01.04 13:44:45.822,1.68993,1.69026,1.87,1.12
2017.01.04 13:44:45.973,1.68994,1.69024,1.12,1.00
2017.01.04 13:44:46.276,1.68993,1.69022,2.25,1.00
2017.01.04 13:44:46.602,1.6899,1.69021,1.12,1.00
2017.01.04 13:44:46.854,1.68992,1.69021,1.00,1.00
2017.01.04 13:44:47.439,1.68991,1.69021,1.00,1.00
2017.01.04 13:44:47.667,1.68989,1.69021,1.00,1.00
2017.01.04 13:44:47.718,1.68987,1.6902,1.50,1.37
2017.01.04 13:44:48.020,1.68976,1.69004,1.50,1.00
2017.01.04 13:44:48.071,1.68976,1.69007,1.50,1.00
2017.01.04 13:44:48.173,1.68975,1.69005,1.75,1.00
2017.01.04 13:44:48.484,1.68976,1.69008,1.12,1.00
2017.01.04 13:44:48.964,1.68975,1.69004,1.75,1.00
2017.01.04 13:44:49.621,1.68975,1.69004,1.87,1.00
2017.01.04 13:44:50.025,1.68978,1.69004,1.00,1.00
2017.01.04 13:44:50.177,1.68983,1.6901,1.00,1.50
2017.01.04 13:44:50.278,1.68984,1.69014,1.87,1.37
2017.01.04 13:44:50.448,1.68985,1.69016,1.12,1.00
2017.01.04 13:44:50.650,1.68986,1.69018,1.12,1.00
2017.01.04 13:44:51.205,1.68985,1.69018,1.12,1.00
2017.01.04 13:44:51.356,1.68986,1.6902,1.50,1.87
2017.01.04 13:44:51.666,1.68988,1.69018,1.00,1.00
2017.01.04 13:44:51.772,1.68988,1.6902,1.50,1.00
2017.01.04 13:44:52.943,1.68989,1.69021,1.00,1.00
2017.01.04 13:44:53.614,1.6899,1.69021,1.00,1.00
2017.01.04 13:44:54.250,1.68991,1.69023,1.00,1.00
2017.01.04 13:44:54.565,1.6899,1.69021,1.12,1.00
2017.01.04 13:44:55.356,1.68992,1.69023,1.12,1.00
2017.01.04 13:44:55.667,1.68992,1.69025,2.62,1.00
2017.01.04 13:44:55.718,1.68992,1.69025,1.87,1.00
2017.01.04 13:44:55.769,1.68995,1.69026,1.00,1.00
2017.01.04 13:44:55.819,1.68995,1.69023,1.00,1.00
2017.01.04 13:44:55.920,1.68992,1.69025,1.50,1.00
2017.01.04 13:44:56.022,1.68997,1.69027,1.00,1.50
2017.01.04 13:44:56.465,1.68999,1.69027,1.00,1.00
2017.01.04 13:44:56.566,1.68996,1.69027,1.00,1.00
2017.01.04 13:44:56.668,1.68991,1.69025,1.75,1.00
2017.01.04 13:44:57.525,1.68991,1.69025,1.75,1.00
2017.01.04 13:44:58.029,1.68993,1.69024,1.00,1.00
2017.01.04 13:44:58.371,1.68991,1.69022,1.37,1.00
2017.01.04 13:44:58.472,1.68992,1.69025,1.37,1.37
2017.01.04 13:44:58.673,1.68988,1.69022,2.25,1.00
2017.01.04 13:44:58.724,1.68991,1.69022,1.00,1.00
2017.01.04 13:44:58.977,1.68987,1.69019,1.50,1.00
2017.01.04 13:44:59.330,1.68988,1.6902,1.12,1.00
2017.01.04 13:45:02.448,1.68997,1.6902,1.00,1.00
2017.01.04 13:45:02.499,1.68997,1.69022,1.00,1.12
2017.01.04 13:45:02.550,1.68998,1.69025,1.00,1.50
2017.01.04 13:45:02.701,1.68998,1.69029,1.00,1.37
2017.01.04 13:45:02.752,1.68997,1.6903,1.00,1.12
2017.01.04 13:45:02.803,1.68998,1.69031,1.87,1.87
2017.01.04 13:45:03.306,1.68997,1.69029,1.12,1.00
2017.01.04 13:45:03.559,1.68998,1.69029,1.37,1.00
2017.01.04 13:45:03.609,1.69,1.69032,1.00,1.50
2017.01.04 13:45:03.894,1.69004,1.69032,1.00,1.87
2017.01.04 13:45:03.996,1.68996,1.69029,1.75,1.00
2017.01.04 13:45:04.097,1.68998,1.6903,1.00,1.00
2017.01.04 13:45:04.198,1.68999,1.69031,1.37,1.00
2017.01.04 13:45:04.500,1.69,1.69032,1.37,1.12
2017.01.04 13:45:05.037,1.69003,1.69034,1.00,1.12
2017.01.04 13:45:05.323,1.69003,1.69035,1.00,1.37
2017.01.04 13:45:05.949,1.69003,1.69035,1.00,1.12
2017.01.04 13:45:06.201,1.69003,1.69034,1.37,1.12
2017.01.04 13:45:06.302,1.6901,1.6904,1.00,2.62
2017.01.04 13:45:06.403,1.69011,1.69042,1.00,1.87
2017.01.04 13:45:06.934,1.6901,1.69041,1.00,1.00
2017.01.04 13:45:06.985,1.69008,1.69038,1.37,1.00
2017.01.04 13:45:07.097,1.69007,1.69036,1.50,1.00
2017.01.04 13:45:07.148,1.69004,1.69035,1.37,1.00
2017.01.04 13:45:07.199,1.69001,1.69031,1.00,1.00
2017.01.04 13:45:07.300,1.69,1.69026,1.00,1.00
2017.01.04 13:45:07.401,1.69,1.69029,1.00,1.00
2017.01.04 13:45:07.452,1.68996,1.69029,1.00,1.00
2017.01.04 13:45:07.502,1.68998,1.69031,1.00,1.00
2017.01.04 13:45:07.806,1.68996,1.69027,1.50,1.75
2017.01.04 13:45:08.110,1.68998,1.69027,1.37,1.00
2017.01.04 13:45:08.312,1.69002,1.69033,1.87,1.50
2017.01.04 13:45:08.582,1.69002,1.69031,2.25,1.00
2017.01.04 13:45:08.683,1.69001,1.69035,1.50,1.50
2017.01.04 13:45:08.784,1.69,1.69033,1.37,1.00
2017.01.04 13:45:09.124,1.68999,1.6903,1.50,1.00
2017.01.04 13:45:09.666,1.68998,1.6903,2.25,1.00
2017.01.04 13:45:10.291,1.69,1.6903,1.50,1.00
2017.01.04 13:45:10.633,1.69011,1.69042,1.00,2.25
2017.01.04 13:45:10.986,1.69009,1.6904,1.00,1.12
2017.01.04 13:45:11.188,1.69009,1.6904,1.37,2.25
2017.01.04 13:45:11.290,1.69009,1.69039,1.00,1.00
2017.01.04 13:45:11.340,1.69013,1.6904,1.00,2.25
2017.01.04 13:45:11.492,1.69013,1.69043,1.00,1.37
2017.01.04 13:45:11.644,1.69015,1.69045,1.00,1.37
2017.01.04 13:45:12.047,1.69013,1.69046,1.00,1.87
2017.01.04 13:45:12.518,1.69014,1.69046,1.37,1.37
2017.01.04 13:45:13.392,1.69014,1.69048,1.37,1.37
2017.01.04 13:45:13.443,1.69016,1.69048,1.37,1.00
2017.01.04 13:45:13.493,1.69016,1.69046,1.37,1.00
2017.01.04 13:45:13.645,1.6901,1.69042,1.87,1.50
2017.01.04 13:45:13.695,1.6901,1.6904,1.00,1.75
2017.01.04 13:45:13.746,1.69008,1.6904,2.62,1.75
2017.01.04 13:45:13.995,1.69011,1.69042,1.00,1.75
2017.01.04 13:45:14.298,1.69018,1.69052,1.37,1.12
2017.01.04 13:45:14.360,1.69018,1.6905,1.00,1.00
2017.01.04 13:45:14.662,1.69018,1.69048,1.00,1.00
2017.01.04 13:45:14.914,1.69016,1.69048,1.00,1.50
2017.01.04 13:45:15.116,1.69013,1.69046,1.37,1.00
2017.01.04 13:45:15.463,1.69008,1.69038,1.50,1.00
2017.01.04 13:45:15.513,1.69009,1.69041,1.00,1.00
2017.01.04 13:45:15.816,1.69007,1.6904,1.12,1.00
2017.01.04 13:45:15.967,1.69008,1.6904,1.00,1.87
2017.01.04 13:45:16.119,1.69008,1.6904,1.00,1.00
2017.01.04 13:45:16.623,1.69008,1.69039,1.00,1.00
2017.01.04 13:45:17.220,1.69011,1.69042,1.12,1.50
2017.01.04 13:45:17.523,1.69013,1.69044,1.87,1.00
2017.01.04 13:45:17.826,1.6902,1.69053,1.00,1.12
2017.01.04 13:45:18.543,1.6902,1.69053,1.50,1.00
2017.01.04 13:45:18.976,1.69025,1.69053,1.00,1.00
2017.01.04 13:45:19.027,1.69027,1.69056,1.00,1.00
2017.01.04 13:45:19.542,1.69023,1.69056,1.50,1.00
2017.01.04 13:45:19.593,1.69023,1.6905,1.37,1.00
2017.01.04 13:45:19.896,1.69022,1.6905,1.50,1.00
2017.01.04 13:45:19.997,1.69023,1.69053,1.00,1.00
2017.01.04 13:45:20.718,1.69023,1.69055,1.00,1.00
2017.01.04 13:45:20.820,1.69023,1.69053,1.00,1.50
2017.01.04 13:45:21.124,1.69015,1.69047,1.87,1.87
2017.01.04 13:45:21.175,1.69015,1.69047,1.00,1.87
2017.01.04 13:45:21.391,1.69021,1.69048,1.00,1.50
2017.01.04 13:45:21.441,1.69017,1.69048,1.37,1.50
2017.01.04 13:45:21.492,1.69021,1.69052,1.00,1.75
2017.01.04 13:45:21.644,1.69022,1.69054,1.00,2.62
2017.01.04 13:45:21.695,1.69024,1.69054,1.00,1.87
2017.01.04 13:45:22.061,1.69014,1.69045,1.00,1.00
2017.01.04 13:45:22.113,1.69011,1.69043,1.87,1.37
2017.01.04 13:45:22.214,1.69018,1.6905,1.00,3.00
2017.01.04 13:45:22.265,1.69018,1.6905,1.00,2.62
2017.01.04 13:45:22.417,1.69021,1.69052,1.00,1.75
2017.01.04 13:45:22.921,1.69023,1.69053,1.00,1.12
2017.01.04 13:45:23.672,1.69021,1.69052,1.37,1.00
2017.01.04 13:45:23.723,1.69021,1.69052,1.00,1.00
2017.01.04 13:45:23.824,1.69019,1.69052,1.00,1.12
2017.01.04 13:45:23.976,1.69018,1.6905,1.50,1.00
2017.01.04 13:45:24.279,1.69024,1.69053,1.12,1.37
2017.01.04 13:45:24.430,1.69024,1.69056,1.00,1.37
2017.01.04 13:45:24.481,1.69024,1.69057,1.37,1.00
2017.01.04 13:45:24.633,1.69032,1.69063,1.00,1.50
2017.01.04 13:45:24.835,1.6903,1.69061,1.12,1.00
2017.01.04 13:45:25.179,1.69027,1.69059,1.87,1.00
2017.01.04 13:45:25.331,1.69026,1.69059,1.37,1.50
2017.01.04 13:45:25.735,1.69029,1.69063,1.00,1.00
2017.01.04 13:45:26.095,1.69031,1.69063,1.00,2.25
2017.01.04 13:45:26.604,1.69029,1.69063,1.50,1.12
2017.01.04 13:45:28.339,1.69031,1.69063,1.37,1.12
2017.01.04 13:45:28.568,1.69035,1.69066,1.00,1.12
2017.01.04 13:45:28.618,1.69038,1.69067,1.00,1.50
2017.01.04 13:45:28.820,1.69035,1.69068,1.00,1.00
2017.01.04 13:45:29.374,1.69035,1.69067,1.00,1.00
2017.01.04 13:45:29.677,1.69035,1.69065,1.00,1.00
2017.01.04 13:45:29.727,1.69032,1.69065,1.37,1.50
2017.01.04 13:45:29.829,1.6903,1.69064,1.37,1.00
2017.01.04 13:45:29.930,1.6903,1.69064,1.37,1.75
2017.01.04 13:45:30.616,1.6903,1.69061,1.87,1.50
2017.01.04 13:45:30.717,1.69026,1.6906,1.50,1.12
2017.01.04 13:45:30.919,1.6903,1.69061,1.00,2.25
2017.01.04 13:45:31.222,1.69035,1.69067,1.00,1.87
2017.01.04 13:45:31.323,1.69035,1.69066,1.00,1.00
2017.01.04 13:45:31.805,1.69035,1.69064,1.00,1.00
2017.01.04 13:45:31.906,1.6903,1.69063,1.37,1.00
2017.01.04 13:45:32.058,1.6903,1.69063,1.00,1.00
2017.01.04 13:45:32.313,1.69027,1.69061,1.75,1.00
2017.01.04 13:45:32.865,1.69027,1.69061,1.50,1.00
2017.01.04 13:45:33.222,1.69027,1.69059,1.12,1.00
2017.01.04 13:45:33.644,1.69027,1.69059,1.50,1.00
2017.01.04 13:45:34.007,1.69029,1.69061,1.12,1.12
2017.01.04 13:45:34.108,1.69031,1.69062,1.00,1.50
2017.01.04 13:45:35.008,1.6903,1.69061,1.00,1.12
2017.01.04 13:45:35.516,1.69034,1.69065,1.00,1.50
2017.01.04 13:45:35.566,1.69034,1.69065,1.00,1.00
2017.01.04 13:45:35.718,1.69036,1.69065,1.00,1.00
2017.01.04 13:45:35.919,1.69032,1.69064,1.37,1.00
2017.01.04 13:45:36.485,1.69032,1.69064,1.12,1.00
2017.01.04 13:45:36.737,1.69037,1.69064,1.37,1.00
2017.01.04 13:45:36.838,1.69039,1.6907,1.37,1.00
2017.01.04 13:45:36.939,1.6904,1.69073,1.37,1.00
2017.01.04 13:45:37.406,1.69041,1.69075,1.37,1.50
2017.01.04 13:45:37.624,1.69045,1.69075,1.00,1.00
2017.01.04 13:45:38.027,1.69042,1.69075,1.00,1.00
2017.01.04 13:45:38.529,1.69042,1.69074,1.00,1.50
2017.01.04 13:45:38.809,1.69043,1.69072,1.00,1.50
2017.01.04 13:45:39.061,1.69032,1.69064,1.00,1.50
2017.01.04 13:45:39.227,1.6903,1.69061,1.00,1.00
2017.01.04 13:45:39.329,1.69031,1.69063,1.00,1.00
2017.01.04 13:45:39.380,1.69033,1.69063,1.37,1.00
2017.01.04 13:45:39.582,1.69043,1.69075,1.00,1.87
2017.01.04 13:45:39.834,1.69042,1.69074,1.00,3.37
2017.01.04 13:45:40.036,1.69035,1.69069,1.00,2.62
2017.01.04 13:45:40.152,1.69033,1.69067,1.12,1.00
2017.01.04 13:45:40.701,1.69034,1.69068,1.12,1.00
2017.01.04 13:45:41.229,1.69034,1.69067,1.00,1.37
2017.01.04 13:45:41.740,1.69034,1.69068,1.00,1.37
2017.01.04 13:45:43.059,1.69034,1.69066,1.12,1.00
2017.01.04 13:45:43.691,1.69034,1.69066,1.12,1.37
2017.01.04 13:45:43.892,1.69034,1.69066,1.12,1.12
2017.01.04 13:45:43.993,1.69034,1.69066,1.12,1.37
2017.01.04 13:45:44.297,1.69033,1.69061,1.00,1.00
2017.01.04 13:45:44.350,1.69031,1.69061,1.00,1.00
2017.01.04 13:45:44.467,1.69033,1.69061,1.00,1.00
2017.01.04 13:45:44.755,1.69033,1.69064,1.00,1.12
2017.01.04 13:45:46.164,1.69036,1.69064,1.00,1.00
2017.01.04 13:45:46.466,1.69033,1.69064,1.00,1.00
2017.01.04 13:45:47.472,1.69037,1.69065,1.00,1.00
2017.01.04 13:45:47.574,1.69035,1.69067,1.00,1.50
2017.01.04 13:45:47.626,1.69038,1.69066,1.00,1.00
2017.01.04 13:45:47.677,1.69038,1.69069,1.00,1.12
2017.01.04 13:45:47.728,1.69036,1.69068,1.00,1.00
2017.01.04 13:45:48.031,1.69038,1.6907,1.00,1.00
2017.01.04 13:45:48.536,1.69034,1.69067,1.75,1.12
2017.01.04 13:45:48.586,1.69034,1.69065,1.00,1.87
2017.01.04 13:45:48.637,1.69032,1.69056,1.87,1.00
2017.01.04 13:45:48.765,1.69026,1.69057,1.00,1.00
2017.01.04 13:45:48.816,1.69024,1.69055,1.37,1.00
2017.01.04 13:45:49.119,1.69028,1.69057,1.00,1.00
2017.01.04 13:45:49.466,1.69028,1.69059,1.00,1.00
2017.01.04 13:45:49.969,1.69029,1.69063,1.00,3.00
2017.01.04 13:45:50.647,1.69029,1.6906,1.00,1.00
2017.01.04 13:45:50.849,1.69027,1.69059,1.00,1.00
2017.01.04 13:45:51.152,1.69029,1.69063,1.00,1.87
2017.01.04 13:45:51.253,1.69033,1.69063,1.00,1.00
2017.01.04 13:45:51.455,1.69034,1.69066,1.12,1.00
2017.01.04 13:45:51.506,1.69034,1.69068,1.87,1.00
2017.01.04 13:45:51.657,1.69038,1.69069,1.00,1.12
2017.01.04 13:45:52.164,1.69037,1.69069,1.50,1.00
2017.01.04 13:45:52.568,1.69035,1.69067,1.37,1.00
2017.01.04 13:45:53.093,1.69035,1.69067,1.00,1.00
2017.01.04 13:45:54.942,1.69035,1.69064,1.00,1.00
2017.01.04 13:45:55.468,1.69034,1.69068,1.00,1.50
2017.01.04 13:45:55.670,1.69032,1.69065,1.12,1.00
2017.01.04 13:45:56.354,1.69032,1.69065,1.37,1.00
2017.01.04 13:45:56.758,1.69037,1.69068,1.00,1.00
2017.01.04 13:45:57.740,1.69039,1.69068,1.00,1.00
2017.01.04 13:45:57.942,1.69035,1.69068,1.00,1.00
2017.01.04 13:45:58.363,1.69038,1.69068,1.00,1.00
2017.01.04 13:45:58.910,1.69039,1.69068,1.00,1.00
2017.01.04 13:45:59.586,1.69042,1.6907,1.00,1.12
2017.01.04 13:45:59.687,1.69039,1.69071,1.00,2.25
2017.01.04 13:45:59.789,1.69041,1.69069,1.00,1.00
2017.01.04 13:45:59.938,1.69045,1.69074,1.00,1.00
2017.01.04 13:45:59.989,1.69042,1.69074,1.00,1.50
2017.01.04 13:46:00.091,1.69046,1.69078,1.50,1.37
2017.01.04 13:46:00.142,1.69046,1.69079,1.00,1.50
2017.01.04 13:46:00.294,1.69049,1.69078,1.37,1.00
2017.01.04 13:46:00.395,1.69051,1.69082,1.37,1.87
2017.01.04 13:46:00.447,1.69054,1.69082,1.12,1.50
2017.01.04 13:46:00.498,1.69054,1.69085,1.12,1.00
2017.01.04 13:46:00.650,1.69054,1.69087,1.00,1.00
2017.01.04 13:46:00.751,1.69056,1.69086,1.00,1.00
2017.01.04 13:46:01.104,1.69059,1.69087,1.00,1.50
2017.01.04 13:46:01.298,1.69061,1.6909,1.00,1.00
2017.01.04 13:46:01.815,1.69061,1.69091,1.00,1.00
2017.01.04 13:46:01.866,1.69059,1.69091,1.87,1.00
2017.01.04 13:46:02.085,1.69062,1.69092,1.00,1.12
2017.01.04 13:46:02.186,1.6906,1.69092,1.00,1.12
2017.01.04 13:46:02.769,1.69062,1.69094,1.00,3.75
2017.01.04 13:46:03.103,1.69062,1.69094,1.00,2.25
2017.01.04 13:46:03.638,1.69062,1.69093,1.00,1.50
2017.01.04 13:46:04.253,1.69062,1.69094,1.00,1.00
2017.01.04 13:46:04.758,1.69062,1.69095,1.12,1.00
2017.01.04 13:46:04.959,1.69062,1.69095,1.50,1.00
2017.01.04 13:46:05.262,1.69068,1.69099,1.00,1.00
2017.01.04 13:46:05.312,1.69066,1.69098,1.00,1.00
2017.01.04 13:46:06.179,1.69066,1.69097,1.00,1.00
2017.01.04 13:46:06.683,1.69066,1.69098,1.00,1.00
2017.01.04 13:46:06.740,1.69068,1.69099,1.00,2.25
2017.01.04 13:46:07.519,1.69068,1.69097,1.00,1.00
2017.01.04 13:46:07.854,1.69068,1.69099,1.00,1.50
2017.01.04 13:46:08.361,1.69067,1.691,1.00,1.00
2017.01.04 13:46:08.463,1.69067,1.69098,1.00,1.00
2017.01.04 13:46:09.003,1.69067,1.69099,1.00,1.50
2017.01.04 13:46:09.514,1.69067,1.69098,1.00,1.00
2017.01.04 13:46:10.024,1.69067,1.69099,1.00,1.00
2017.01.04 13:46:10.326,1.69071,1.69101,1.00,1.00
2017.01.04 13:46:10.719,1.6907,1.69098,1.50,1.50
2017.01.04 13:46:10.820,1.69067,1.69098,1.00,1.50
2017.01.04 13:46:10.921,1.69065,1.69097,1.50,1.00
2017.01.04 13:46:11.224,1.69063,1.69095,1.50,1.00
2017.01.04 13:46:11.526,1.69068,1.69099,1.00,1.00
2017.01.04 13:46:11.829,1.69066,1.69096,1.12,1.00
2017.01.04 13:46:12.176,1.69076,1.69098,1.12,1.00
2017.01.04 13:46:12.227,1.69077,1.69108,1.50,1.50
2017.01.04 13:46:12.378,1.69078,1.69105,1.00,1.00
2017.01.04 13:46:12.731,1.69075,1.69103,1.50,1.00
2017.01.04 13:46:13.105,1.69077,1.69102,1.00,1.00
2017.01.04 13:46:13.158,1.69078,1.69104,2.25,1.00
2017.01.04 13:46:13.511,1.6908,1.69104,1.00,1.00
2017.01.04 13:46:13.662,1.69078,1.69104,1.50,1.00
2017.01.04 13:46:14.035,1.69078,1.69106,2.25,1.00
2017.01.04 13:46:14.541,1.69078,1.69105,1.50,1.00
2017.01.04 13:46:15.042,1.69078,1.69104,1.50,1.00
2017.01.04 13:46:15.550,1.69078,1.69105,1.50,1.00
2017.01.04 13:46:15.651,1.69078,1.69107,1.50,1.00
2017.01.04 13:46:18.359,1.69079,1.69107,1.00,1.00
2017.01.04 13:46:18.753,1.69076,1.69107,1.50,1.50
2017.01.04 13:46:19.156,1.69074,1.69104,1.50,1.00
2017.01.04 13:46:19.459,1.69062,1.69095,1.00,1.00
2017.01.04 13:46:19.661,1.6906,1.69093,1.12,1.00
2017.01.04 13:46:20.078,1.69061,1.69095,1.00,2.25
2017.01.04 13:46:21.759,1.69063,1.69096,1.00,1.87
2017.01.04 13:46:21.860,1.69063,1.69097,1.00,2.25
2017.01.04 13:46:22.047,1.69066,1.69098,1.00,1.50
2017.01.04 13:46:22.450,1.69068,1.691,1.00,1.12
2017.01.04 13:46:23.053,1.69067,1.691,1.00,2.62
2017.01.04 13:46:23.154,1.69064,1.69098,1.00,1.00
2017.01.04 13:46:23.205,1.69069,1.69098,1.37,1.00
2017.01.04 13:46:23.256,1.69073,1.69101,1.00,1.50
2017.01.04 13:46:23.357,1.69074,1.69103,1.00,1.00
2017.01.04 13:46:23.509,1.69074,1.69105,1.12,1.50
2017.01.04 13:46:23.952,1.69075,1.69102,1.00,1.00
2017.01.04 13:46:24.053,1.69071,1.69102,1.00,1.00
2017.01.04 13:46:24.154,1.69068,1.69102,1.00,1.50
2017.01.04 13:46:24.205,1.69068,1.691,1.00,1.00
2017.01.04 13:46:24.306,1.69068,1.69102,1.00,3.37
2017.01.04 13:46:24.457,1.69067,1.691,1.00,1.00
2017.01.04 13:46:24.760,1.69068,1.691,1.37,1.00
2017.01.04 13:46:24.861,1.69068,1.69102,1.50,1.50
2017.01.04 13:46:24.962,1.69067,1.691,1.37,1.00
2017.01.04 13:46:25.229,1.69062,1.69096,1.87,1.00
2017.01.04 13:46:25.481,1.69066,1.69097,1.00,1.50
2017.01.04 13:46:25.784,1.69066,1.69098,1.87,1.00
2017.01.04 13:46:26.136,1.69067,1.69098,1.75,1.00
2017.01.04 13:46:26.288,1.69068,1.69101,3.75,1.00
2017.01.04 13:46:26.490,1.69074,1.69105,1.00,1.00
2017.01.04 13:46:26.949,1.69075,1.69107,1.12,1.50
2017.01.04 13:46:27.457,1.69076,1.69107,1.12,1.00
2017.01.04 13:46:27.558,1.69076,1.69105,1.00,1.00
2017.01.04 13:46:27.821,1.69076,1.69107,1.00,1.00
2017.01.04 13:46:27.972,1.69073,1.69106,2.25,1.50
2017.01.04 13:46:28.282,1.69072,1.69106,1.00,1.87
2017.01.04 13:46:28.333,1.69072,1.69105,1.00,1.37
2017.01.04 13:46:28.875,1.69071,1.69103,1.12,1.00
2017.01.04 13:46:29.027,1.69069,1.69103,3.00,1.00
2017.01.04 13:46:29.178,1.69069,1.691,1.50,1.00
2017.01.04 13:46:29.582,1.69071,1.69103,1.00,1.50
2017.01.04 13:46:29.632,1.69073,1.69103,1.37,1.00
2017.01.04 13:46:29.733,1.69075,1.69107,1.50,1.50
2017.01.04 13:46:30.133,1.69077,1.69109,1.00,1.00
2017.01.04 13:46:30.285,1.6908,1.69108,1.00,1.00
2017.01.04 13:46:30.386,1.69077,1.69108,1.12,1.00
2017.01.04 13:46:30.487,1.69077,1.69106,1.12,1.00
2017.01.04 13:46:31.471,1.69077,1.69107,1.00,1.00
2017.01.04 13:46:33.989,1.69075,1.69107,1.00,1.00
2017.01.04 13:46:34.143,1.69075,1.69108,1.37,1.50
2017.01.04 13:46:34.453,1.69085,1.69109,1.00,1.00
2017.01.04 13:46:35.962,1.69085,1.6911,1.87,4.50
2017.01.04 13:46:36.601,1.69086,1.6911,1.12,3.75
2017.01.04 13:46:37.451,1.69087,1.69109,1.12,3.75
2017.01.04 13:46:37.957,1.69088,1.6911,4.12,3.75
2017.01.04 13:46:38.564,1.69089,1.69109,1.00,3.75
2017.01.04 13:46:38.883,1.69092,1.6911,1.00,3.75
2017.01.04 13:46:39.431,1.69092,1.69109,1.00,3.75
2017.01.04 13:46:40.044,1.69091,1.69109,1.50,3.75
2017.01.04 13:46:41.216,1.69091,1.6911,1.00,3.75
2017.01.04 13:46:41.468,1.69089,1.69109,1.50,3.75
2017.01.04 13:46:41.765,1.69087,1.69109,2.25,1.00
2017.01.04 13:46:41.866,1.6909,1.6911,1.00,3.75
2017.01.04 13:46:42.169,1.69093,1.69109,1.00,3.75
2017.01.04 13:46:42.664,1.69091,1.69109,1.00,3.75
2017.01.04 13:46:42.815,1.69091,1.6911,1.37,3.75
2017.01.04 13:46:43.325,1.69093,1.6911,1.00,3.75
2017.01.04 13:46:43.899,1.69093,1.69109,1.00,3.75
2017.01.04 13:46:44.000,1.69089,1.6911,1.50,3.75
2017.01.04 13:46:44.702,1.6909,1.69109,2.25,3.75
2017.01.04 13:46:45.343,1.6909,1.6911,1.50,3.75
2017.01.04 13:46:45.595,1.69088,1.69109,1.00,3.75
2017.01.04 13:46:45.898,1.69084,1.6911,1.00,4.50
2017.01.04 13:46:46.150,1.69083,1.69108,1.50,1.00
2017.01.04 13:46:46.497,1.69083,1.69106,1.50,1.00
2017.01.04 13:46:46.548,1.69083,1.69109,1.50,1.00
2017.01.04 13:46:46.599,1.69083,1.69109,1.87,1.00
2017.01.04 13:46:47.263,1.69084,1.69108,1.37,1.00
2017.01.04 13:46:47.773,1.69086,1.6911,1.00,4.50
2017.01.04 13:46:47.823,1.69086,1.69109,1.37,3.75
2017.01.04 13:46:48.137,1.6909,1.6911,1.00,4.50
2017.01.04 13:46:48.439,1.69091,1.69109,1.75,3.75
2017.01.04 13:46:49.016,1.69089,1.6911,1.75,4.50
2017.01.04 13:46:49.167,1.69089,1.6911,1.00,5.25
2017.01.04 13:46:49.700,1.69086,1.69109,1.75,4.50
2017.01.04 13:46:49.961,1.69083,1.69109,1.50,1.00
2017.01.04 13:46:50.196,1.6908,1.69107,1.12,1.00
2017.01.04 13:46:50.549,1.6908,1.69105,1.12,1.00
2017.01.04 13:46:50.650,1.69081,1.69111,1.50,1.00
2017.01.04 13:46:50.701,1.69084,1.69113,1.00,1.00
2017.01.04 13:46:51.214,1.69085,1.69112,1.12,1.00
2017.01.04 13:46:51.482,1.69085,1.69115,1.12,1.00
2017.01.04 13:46:51.808,1.69085,1.69118,1.12,1.00
2017.01.04 13:46:51.959,1.69086,1.69119,2.25,1.00
2017.01.04 13:46:52.268,1.69092,1.69118,1.00,1.87
2017.01.04 13:46:52.419,1.69082,1.69113,1.00,1.00
2017.01.04 13:46:52.520,1.69085,1.69117,1.50,1.87
2017.01.04 13:46:52.924,1.69087,1.69117,1.00,1.00
2017.01.04 13:46:53.409,1.69089,1.69117,1.00,1.00
2017.01.04 13:46:53.610,1.69086,1.69118,1.00,2.25
2017.01.04 13:46:53.885,1.69095,1.69119,1.00,1.12
2017.01.04 13:46:53.936,1.69095,1.69122,1.00,1.50
2017.01.04 13:46:54.037,1.69095,1.69126,1.00,1.37
2017.01.04 13:46:54.289,1.69095,1.6912,1.00,1.00
2017.01.04 13:46:54.592,1.69088,1.6911,1.00,3.75
2017.01.04 13:46:54.902,1.69083,1.6911,3.00,3.75
2017.01.04 13:46:55.003,1.69083,1.6911,1.00,1.00
2017.01.04 13:46:55.255,1.69085,1.6911,1.00,1.00
2017.01.04 13:46:55.659,1.69083,1.69109,1.00,1.00
2017.01.04 13:46:55.760,1.69079,1.6911,1.37,2.25
2017.01.04 13:46:55.811,1.69079,1.69105,1.00,1.00
2017.01.04 13:46:56.114,1.69074,1.69101,2.25,1.00
2017.01.04 13:46:56.265,1.69076,1.69104,1.12,1.00
2017.01.04 13:46:56.399,1.69078,1.69106,1.00,1.50
2017.01.04 13:46:56.600,1.69078,1.69108,3.00,1.50
2017.01.04 13:46:56.966,1.69079,1.69103,1.12,1.00
2017.01.04 13:46:57.391,1.69075,1.69103,3.37,1.00
2017.01.04 13:46:57.542,1.69075,1.69101,1.50,1.00
2017.01.04 13:46:57.593,1.69073,1.69101,1.12,1.00
2017.01.04 13:46:57.795,1.6907,1.69101,1.00,2.25
2017.01.04 13:46:57.896,1.6907,1.69099,1.00,1.00
2017.01.04 13:46:58.415,1.6907,1.69098,1.00,1.00
2017.01.04 13:46:59.076,1.6907,1.69101,1.00,1.00
2017.01.04 13:46:59.127,1.69075,1.69101,1.00,1.00
2017.01.04 13:46:59.178,1.69075,1.69103,1.00,1.00
2017.01.04 13:46:59.228,1.69077,1.69103,1.00,1.00
2017.01.04 13:46:59.531,1.69073,1.69101,1.12,1.00
2017.01.04 13:47:00.074,1.6907,1.691,2.25,1.00
2017.01.04 13:47:00.226,1.69074,1.69104,1.00,2.62
2017.01.04 13:47:00.680,1.69077,1.69104,1.00,1.00
2017.01.04 13:47:00.983,1.69066,1.69099,1.50,1.12
2017.01.04 13:47:01.033,1.69066,1.69097,1.37,1.00
2017.01.04 13:47:01.235,1.69065,1.69097,1.00,1.00
2017.01.04 13:47:01.286,1.69065,1.69095,1.00,1.00
2017.01.04 13:47:01.589,1.69064,1.69092,1.00,1.00
2017.01.04 13:47:01.826,1.69066,1.69095,1.00,1.00
2017.01.04 13:47:02.129,1.69064,1.69095,1.12,1.00
2017.01.04 13:47:02.230,1.69067,1.69095,1.00,1.00
2017.01.04 13:47:02.640,1.69067,1.69097,1.00,1.00
2017.01.04 13:47:03.288,1.69067,1.69098,1.00,1.00
2017.01.04 13:47:03.699,1.6907,1.69099,1.00,1.00
2017.01.04 13:47:04.002,1.69071,1.69103,1.00,2.62
2017.01.04 13:47:04.103,1.69073,1.69103,1.00,1.00
2017.01.04 13:47:04.405,1.69076,1.69104,1.00,1.00
2017.01.04 13:47:04.708,1.69071,1.69101,1.00,1.50
2017.01.04 13:47:04.809,1.69076,1.69101,1.00,1.00
2017.01.04 13:47:04.966,1.69075,1.69105,1.12,1.12
2017.01.04 13:47:05.147,1.69072,1.69103,1.75,1.00
2017.01.04 13:47:05.264,1.69073,1.69102,1.00,2.25
2017.01.04 13:47:05.416,1.69071,1.69101,1.00,1.50
2017.01.04 13:47:05.869,1.69072,1.69101,3.37,1.00
2017.01.04 13:47:05.920,1.69072,1.69103,4.12,1.00
2017.01.04 13:47:06.121,1.69071,1.69101,2.25,1.50
2017.01.04 13:47:06.488,1.6907,1.69099,1.00,1.12
2017.01.04 13:47:06.802,1.69072,1.69102,1.00,1.00
2017.01.04 13:47:07.308,1.69072,1.69101,1.50,1.00
2017.01.04 13:47:07.409,1.69079,1.69101,1.00,1.00
2017.01.04 13:47:07.460,1.69079,1.69105,1.00,1.00
2017.01.04 13:47:07.511,1.6908,1.69107,1.00,1.00
2017.01.04 13:47:07.561,1.6908,1.69107,1.37,1.00
2017.01.04 13:47:07.864,1.69084,1.69109,1.00,1.00
2017.01.04 13:47:08.521,1.69082,1.69109,1.12,1.00
2017.01.04 13:47:08.715,1.69086,1.69108,1.00,1.00
2017.01.04 13:47:09.017,1.69087,1.69111,1.75,4.50
2017.01.04 13:47:09.566,1.69086,1.6911,2.25,1.00
2017.01.04 13:47:10.070,1.6909,1.69111,1.37,3.75
2017.01.04 13:47:10.433,1.69093,1.69112,1.00,1.00
2017.01.04 13:47:10.484,1.69093,1.6912,1.00,1.00
2017.01.04 13:47:10.535,1.69093,1.6912,1.37,1.00
2017.01.04 13:47:10.787,1.69098,1.69127,1.00,1.00
2017.01.04 13:47:11.039,1.69096,1.69128,1.00,1.00
2017.01.04 13:47:11.397,1.69096,1.69128,1.37,1.00
2017.01.04 13:47:11.699,1.69098,1.69131,1.00,1.50
2017.01.04 13:47:11.750,1.691,1.69131,1.00,1.50
2017.01.04 13:47:12.139,1.69099,1.69131,1.00,2.62
2017.01.04 13:47:12.552,1.69097,1.69128,1.50,1.00
2017.01.04 13:47:12.653,1.69097,1.69125,1.00,1.50
2017.01.04 13:47:12.955,1.69089,1.69113,1.50,1.00
2017.01.04 13:47:13.302,1.69088,1.69111,1.00,1.00
2017.01.04 13:47:13.903,1.69089,1.69111,1.00,1.00
2017.01.04 13:47:14.191,1.69082,1.69109,1.50,1.00
2017.01.04 13:47:14.242,1.69085,1.6911,1.00,1.00
2017.01.04 13:47:14.344,1.69082,1.6911,1.50,1.00
2017.01.04 13:47:14.395,1.69082,1.6911,1.87,1.00
2017.01.04 13:47:15.033,1.69084,1.69108,1.00,1.00
2017.01.04 13:47:15.336,1.69086,1.69109,1.00,1.00
2017.01.04 13:47:15.538,1.69088,1.69112,1.00,1.00
2017.01.04 13:47:15.816,1.6909,1.69113,1.00,1.00
2017.01.04 13:47:16.025,1.69088,1.69112,1.50,1.00
2017.01.04 13:47:16.569,1.69089,1.69113,1.00,1.00
2017.01.04 13:47:16.671,1.69091,1.69113,1.12,1.00
2017.01.04 13:47:17.000,1.69092,1.69114,1.50,1.00
2017.01.04 13:47:17.316,1.69091,1.69113,1.00,1.00
2017.01.04 13:47:17.468,1.69089,1.69113,1.00,1.00
2017.01.04 13:47:17.882,1.69089,1.69118,1.12,1.00
2017.01.04 13:47:17.933,1.69091,1.69118,1.00,1.00
2017.01.04 13:47:18.484,1.69092,1.69118,1.00,1.00
2017.01.04 13:47:19.020,1.69092,1.69113,1.50,1.00
2017.01.04 13:47:19.411,1.69092,1.69118,1.87,1.00
2017.01.04 13:47:19.464,1.69098,1.6912,1.00,1.50
2017.01.04 13:47:19.515,1.69099,1.69122,1.00,1.00
2017.01.04 13:47:19.667,1.691,1.69124,1.00,1.50
2017.01.04 13:47:19.768,1.69099,1.69121,1.50,1.00
2017.01.04 13:47:20.073,1.69098,1.69111,1.50,2.25
2017.01.04 13:47:21.083,1.69099,1.6911,1.00,2.25
2017.01.04 13:47:21.757,1.69098,1.69111,1.00,2.25
2017.01.04 13:47:21.959,1.69094,1.6911,1.00,2.25
2017.01.04 13:47:22.362,1.6909,1.69111,1.37,2.25
2017.01.04 13:47:22.725,1.69096,1.6911,1.00,2.25
2017.01.04 13:47:23.051,1.69103,1.69111,1.00,1.50
2017.01.04 13:47:23.354,1.69099,1.6911,1.75,1.00
2017.01.04 13:47:23.455,1.69099,1.6911,1.00,1.00
2017.01.04 13:47:23.974,1.69098,1.6911,1.00,1.00
2017.01.04 13:47:24.175,1.69095,1.6911,1.50,1.00
2017.01.04 13:47:24.769,1.69098,1.6911,1.00,1.00
2017.01.04 13:47:25.164,1.69095,1.69111,1.00,1.00
2017.01.04 13:47:25.467,1.69098,1.6911,1.00,1.00
2017.01.04 13:47:25.669,1.69094,1.6911,1.50,1.00
2017.01.04 13:47:26.308,1.69096,1.6911,1.00,1.00
2017.01.04 13:47:26.812,1.69095,1.69111,1.00,1.00
2017.01.04 13:47:27.064,1.69093,1.69124,1.37,1.00
2017.01.04 13:47:27.115,1.69093,1.69124,1.00,1.50
2017.01.04 13:47:27.216,1.69094,1.69128,1.50,1.50
2017.01.04 13:47:28.034,1.69098,1.69128,1.00,1.00
2017.01.04 13:47:28.135,1.69095,1.69128,1.00,1.00
2017.01.04 13:47:28.236,1.69094,1.69126,1.50,1.00
2017.01.04 13:47:28.538,1.69095,1.69124,1.00,1.00
2017.01.04 13:47:28.639,1.69092,1.69123,1.12,1.00
2017.01.04 13:47:28.690,1.69092,1.69121,1.00,1.37
2017.01.04 13:47:28.992,1.69083,1.69111,1.37,1.00
2017.01.04 13:47:29.100,1.69078,1.69111,1.87,1.00
2017.01.04 13:47:29.151,1.69079,1.69109,1.37,1.00
2017.01.04 13:47:29.252,1.69078,1.69109,1.12,1.00
2017.01.04 13:47:29.446,1.69077,1.69107,1.87,1.00
2017.01.04 13:47:29.978,1.69076,1.69106,1.50,1.00
2017.01.04 13:47:30.531,1.69075,1.69106,1.00,1.00
2017.01.04 13:47:31.093,1.69074,1.69106,1.12,1.37
2017.01.04 13:47:31.194,1.69073,1.69103,1.37,1.00
2017.01.04 13:47:31.379,1.6907,1.69102,1.00,1.00
2017.01.04 13:47:31.531,1.69068,1.69101,1.12,1.00
2017.01.04 13:47:31.581,1.69067,1.69097,1.37,1.00
2017.01.04 13:47:31.682,1.69066,1.69098,1.87,1.12
2017.01.04 13:47:31.900,1.69066,1.69098,1.50,1.87
2017.01.04 13:47:32.418,1.69065,1.69096,1.00,1.12
2017.01.04 13:47:32.932,1.69066,1.69098,1.00,2.62
2017.01.04 13:47:32.982,1.69067,1.69098,1.12,1.50
2017.01.04 13:47:33.033,1.6907,1.69098,1.00,1.00
2017.01.04 13:47:33.336,1.69084,1.69111,1.00,1.00
2017.01.04 13:47:33.387,1.69084,1.69114,1.00,1.12
2017.01.04 13:47:33.589,1.69081,1.69113,1.50,1.37
2017.01.04 13:47:33.741,1.69078,1.69105,1.50,1.00
2017.01.04 13:47:33.792,1.69075,1.69105,1.12,1.00
2017.01.04 13:47:33.994,1.69073,1.69104,1.12,1.50
2017.01.04 13:47:34.095,1.6907,1.69102,1.50,1.00
2017.01.04 13:47:34.629,1.69069,1.69103,1.87,1.00
2017.01.04 13:47:34.831,1.69069,1.69102,1.37,1.37
2017.01.04 13:47:35.083,1.69067,1.69099,1.00,1.50
2017.01.04 13:47:35.184,1.69067,1.69095,1.00,1.00
2017.01.04 13:47:35.285,1.69064,1.69093,1.00,1.00
2017.01.04 13:47:35.336,1.69062,1.69093,1.50,1.50
2017.01.04 13:47:35.489,1.69062,1.6909,1.00,1.00
2017.01.04 13:47:35.905,1.69065,1.6909,1.00,1.00
2017.01.04 13:47:35.956,1.69066,1.69094,1.00,1.50
2017.01.04 13:47:36.057,1.69066,1.69094,1.00,1.00
2017.01.04 13:47:36.249,1.69066,1.69097,1.00,1.00
2017.01.04 13:47:36.350,1.69063,1.69097,2.25,1.00
2017.01.04 13:47:36.654,1.69066,1.69097,1.00,1.00
2017.01.04 13:47:37.169,1.69065,1.69097,1.00,1.00
2017.01.04 13:47:37.514,1.6907,1.69097,1.00,1.00
2017.01.04 13:47:37.666,1.6907,1.69103,1.00,1.50
2017.01.04 13:47:37.767,1.69069,1.69101,1.00,1.00
2017.01.04 13:47:37.968,1.69066,1.69099,2.25,1.00
2017.01.04 13:47:38.894,1.69067,1.69099,1.00,1.00
2017.01.04 13:47:38.995,1.6907,1.69101,1.00,1.00
2017.01.04 13:47:39.566,1.69069,1.69101,1.00,1.50
2017.01.04 13:47:41.478,1.6907,1.69101,1.00,1.00
2017.01.04 13:47:41.824,1.69065,1.69097,1.50,1.50
2017.01.04 13:47:41.989,1.69064,1.69094,1.00,1.00
2017.01.04 13:47:42.257,1.69066,1.69098,1.00,1.50
2017.01.04 13:47:44.470,1.69064,1.69096,1.50,1.00
2017.01.04 13:47:44.996,1.69064,1.69095,1.50,1.00
2017.01.04 13:47:45.298,1.69065,1.69099,1.00,1.87
2017.01.04 13:47:45.828,1.69064,1.69098,1.50,1.12
2017.01.04 13:47:45.879,1.69066,1.69098,1.00,1.12
2017.01.04 13:47:46.305,1.69064,1.69098,2.25,1.12
2017.01.04 13:47:47.065,1.69066,1.69098,1.00,1.00
2017.01.04 13:47:47.579,1.69067,1.69099,1.00,1.50
2017.01.04 13:47:49.165,1.6907,1.69099,1.00,1.00
2017.01.04 13:47:49.367,1.69083,1.69114,1.00,1.00
2017.01.04 13:47:49.468,1.69086,1.69117,1.00,1.00
2017.01.04 13:47:49.670,1.6909,1.69122,1.12,1.00
2017.01.04 13:47:49.771,1.69093,1.69125,1.00,1.00
2017.01.04 13:47:50.104,1.69091,1.69122,1.00,1.00
2017.01.04 13:47:50.511,1.69088,1.69122,1.00,1.12
2017.01.04 13:47:50.712,1.69087,1.69119,2.62,1.00
2017.01.04 13:47:51.019,1.69086,1.69117,1.50,1.00
2017.01.04 13:47:51.381,1.69087,1.69119,1.00,1.00
2017.01.04 13:47:51.800,1.69088,1.69121,1.00,1.00
2017.01.04 13:47:52.414,1.69088,1.6912,1.00,1.00
2017.01.04 13:47:52.954,1.6909,1.69122,1.00,1.00
2017.01.04 13:47:53.358,1.69092,1.69122,1.00,1.00
2017.01.04 13:47:53.408,1.69092,1.69124,1.50,1.00
2017.01.04 13:47:54.098,1.69093,1.69125,1.00,1.00
2017.01.04 13:47:54.249,1.691,1.69126,1.00,1.12
2017.01.04 13:47:54.401,1.69104,1.69138,1.00,1.50
2017.01.04 13:47:54.912,1.69104,1.69137,1.00,1.50
2017.01.04 13:47:55.853,1.69103,1.69135,1.00,1.00
2017.01.04 13:47:56.029,1.691,1.69133,1.87,2.25
2017.01.04 13:47:56.080,1.69102,1.69132,1.00,1.00
2017.01.04 13:47:56.181,1.691,1.69132,1.00,1.00
2017.01.04 13:47:56.383,1.69096,1.69129,1.37,1.00
2017.01.04 13:47:56.484,1.69098,1.69131,1.00,1.00
2017.01.04 13:47:56.585,1.69101,1.69132,1.00,1.00
2017.01.04 13:47:56.838,1.69104,1.69138,1.50,2.25
2017.01.04 13:47:56.939,1.69104,1.69138,1.50,1.50
2017.01.04 13:47:56.989,1.69108,1.69139,1.00,2.25
2017.01.04 13:47:57.090,1.69106,1.69138,1.00,1.00
2017.01.04 13:47:57.856,1.69105,1.69137,1.12,1.00
2017.01.04 13:47:57.957,1.69107,1.69139,1.00,1.50
2017.01.04 13:47:58.308,1.69104,1.69138,1.37,1.00
2017.01.04 13:47:59.516,1.69104,1.69138,1.87,1.00
2017.01.04 13:47:59.617,1.69107,1.69139,1.00,1.00
2017.01.04 13:47:59.926,1.69104,1.69138,1.12,1.00
2017.01.04 13:48:00.317,1.69106,1.6914,1.00,2.25
2017.01.04 13:48:00.718,1.69109,1.6914,1.00,1.12
2017.01.04 13:48:01.331,1.69109,1.69141,1.00,1.12
2017.01.04 13:48:01.639,1.69108,1.69139,1.00,1.00
2017.01.04 13:48:02.534,1.69108,1.6914,1.00,1.00
2017.01.04 13:48:02.686,1.69114,1.69147,1.00,1.12
2017.01.04 13:48:02.736,1.69116,1.69148,1.00,2.25
2017.01.04 13:48:02.787,1.69116,1.69148,1.00,1.87
2017.01.04 13:48:02.838,1.69114,1.69146,1.12,1.00
2017.01.04 13:48:03.178,1.69112,1.69144,1.00,1.00
2017.01.04 13:48:03.480,1.69111,1.6914,1.00,1.00
2017.01.04 13:48:03.857,1.69109,1.6914,1.00,1.00
2017.01.04 13:48:05.920,1.69108,1.6914,1.00,1.37
2017.01.04 13:48:06.022,1.69105,1.69139,1.50,1.12
2017.01.04 13:48:06.224,1.69108,1.69139,1.00,1.12
2017.01.04 13:48:06.526,1.69121,1.69148,1.00,1.87
2017.01.04 13:48:06.718,1.69121,1.69149,1.00,1.37
2017.01.04 13:48:06.870,1.69115,1.69147,1.00,1.50
2017.01.04 13:48:06.921,1.69115,1.69146,1.00,1.37
2017.01.04 13:48:07.439,1.69116,1.69146,1.00,1.00
2017.01.04 13:48:07.490,1.69116,1.69148,1.00,1.12
2017.01.04 13:48:07.540,1.69118,1.6915,1.00,3.00
2017.01.04 13:48:07.843,1.69118,1.69152,1.12,1.87
2017.01.04 13:48:07.894,1.69118,1.69152,1.50,1.50
2017.01.04 13:48:07.945,1.69122,1.69153,1.00,1.12
2017.01.04 13:48:08.247,1.69119,1.69152,1.00,1.37
2017.01.04 13:48:08.578,1.69124,1.69155,1.00,2.25
2017.01.04 13:48:08.629,1.69123,1.69155,1.00,1.37
2017.01.04 13:48:09.182,1.69124,1.69155,1.00,1.37
2017.01.04 13:48:09.443,1.69126,1.69155,1.00,1.37
2017.01.04 13:48:09.595,1.69126,1.69156,1.00,1.00
2017.01.04 13:48:10.110,1.69126,1.69155,1.00,1.00
2017.01.04 13:48:10.162,1.69124,1.69155,1.00,1.00
2017.01.04 13:48:10.326,1.69126,1.69155,1.00,1.00
2017.01.04 13:48:11.003,1.69126,1.69154,1.00,1.00
2017.01.04 13:48:12.015,1.69126,1.69155,1.00,1.00
2017.01.04 13:48:12.506,1.69126,1.69157,1.00,1.50
2017.01.04 13:48:12.557,1.69128,1.69157,1.00,1.00
2017.01.04 13:48:12.711,1.6913,1.69161,1.00,1.12
2017.01.04 13:48:12.826,1.69133,1.69162,1.00,1.00
2017.01.04 13:48:13.159,1.69138,1.6917,1.00,2.25
2017.01.04 13:48:13.272,1.69139,1.69173,1.37,2.25
2017.01.04 13:48:13.324,1.69139,1.69173,1.37,2.25
2017.01.04 13:48:13.423,1.69139,1.69173,1.37,1.87
2017.01.04 13:48:13.575,1.69136,1.69168,1.37,1.00
2017.01.04 13:48:13.626,1.69136,1.69168,1.00,1.00
2017.01.04 13:48:13.777,1.69138,1.69169,1.00,1.00
2017.01.04 13:48:15.152,1.69136,1.69167,1.00,1.00
2017.01.04 13:48:15.693,1.69136,1.69166,1.00,1.00
2017.01.04 13:48:15.845,1.69136,1.69168,1.00,1.50
2017.01.04 13:48:16.148,1.69139,1.69171,1.00,1.50
2017.01.04 13:48:16.450,1.69135,1.69165,1.00,1.00
2017.01.04 13:48:16.640,1.69133,1.69164,1.50,1.00
2017.01.04 13:48:17.146,1.69134,1.69166,1.00,1.37
2017.01.04 13:48:18.229,1.69133,1.69165,1.50,1.00
2017.01.04 13:48:19.465,1.69134,1.69165,1.00,1.00
2017.01.04 13:48:19.566,1.69135,1.69167,1.00,1.50
2017.01.04 13:48:19.616,1.69135,1.69167,1.00,2.62
2017.01.04 13:48:20.021,1.69135,1.69167,1.00,2.25
2017.01.04 13:48:20.526,1.69134,1.69166,1.12,1.12
2017.01.04 13:48:21.090,1.69136,1.69167,1.00,1.00
2017.01.04 13:48:21.635,1.69136,1.69168,1.00,1.50
2017.01.04 13:48:21.977,1.69128,1.69157,1.00,1.12
2017.01.04 13:48:22.078,1.69124,1.69156,1.00,1.50
2017.01.04 13:48:22.280,1.69127,1.69157,1.00,1.12
2017.01.04 13:48:22.482,1.69124,1.69156,1.00,1.00
2017.01.04 13:48:22.839,1.69121,1.69155,4.12,1.00
2017.01.04 13:48:22.889,1.69125,1.69157,1.00,1.12
2017.01.04 13:48:23.091,1.69122,1.69155,1.50,1.00
2017.01.04 13:48:23.948,1.69128,1.69157,1.00,1.00
2017.01.04 13:48:24.214,1.69129,1.69159,1.00,1.00
2017.01.04 13:48:24.264,1.69131,1.69161,1.00,1.12
2017.01.04 13:48:24.365,1.69131,1.69165,1.00,1.87
2017.01.04 13:48:24.416,1.69131,1.69165,1.00,1.87
2017.01.04 13:48:24.567,1.69131,1.69163,1.00,1.00
2017.01.04 13:48:24.871,1.69139,1.69168,1.00,1.37
2017.01.04 13:48:24.972,1.69136,1.69168,1.00,1.87
2017.01.04 13:48:25.123,1.69139,1.69168,1.00,1.12
2017.01.04 13:48:25.224,1.6914,1.69171,1.00,1.37
2017.01.04 13:48:25.397,1.69143,1.69171,1.00,1.37
2017.01.04 13:48:25.448,1.69143,1.69173,1.00,1.37
2017.01.04 13:48:25.549,1.69143,1.69175,1.00,1.87
2017.01.04 13:48:26.115,1.69143,1.69173,1.00,1.00
2017.01.04 13:48:26.270,1.69145,1.69173,1.00,1.00
2017.01.04 13:48:26.817,1.69146,1.69173,1.00,1.00
2017.01.04 13:48:27.339,1.69145,1.69175,1.00,1.00
2017.01.04 13:48:27.390,1.69145,1.69173,1.00,1.00
2017.01.04 13:48:27.588,1.6914,1.69172,1.37,1.50
2017.01.04 13:48:27.740,1.69142,1.69169,1.00,1.00
2017.01.04 13:48:27.791,1.69138,1.69168,1.00,1.50
2017.01.04 13:48:27.841,1.69136,1.69168,1.00,1.00
2017.01.04 13:48:28.194,1.69137,1.69168,1.50,1.00
2017.01.04 13:48:28.295,1.69146,1.69178,1.00,1.75
2017.01.04 13:48:28.346,1.69146,1.69178,1.50,1.00
2017.01.04 13:48:28.397,1.69149,1.69181,1.00,1.12
2017.01.04 13:48:28.699,1.69153,1.69182,1.00,1.37
2017.01.04 13:48:29.008,1.69155,1.69182,1.00,1.00
2017.01.04 13:48:29.167,1.69151,1.69182,1.00,1.00
2017.01.04 13:48:30.025,1.69151,1.69181,1.00,1.00
2017.01.04 13:48:30.479,1.69153,1.69183,1.00,1.87
2017.01.04 13:48:30.981,1.69153,1.69182,1.00,1.00
2017.01.04 13:48:32.310,1.69153,1.69183,1.00,1.87
2017.01.04 13:48:32.978,1.69149,1.69183,1.50,1.50
2017.01.04 13:48:33.485,1.69152,1.69183,1.00,1.00
2017.01.04 13:48:33.820,1.69152,1.69185,1.00,1.12
2017.01.04 13:48:33.870,1.69156,1.69187,1.00,1.87
2017.01.04 13:48:33.921,1.69156,1.69188,1.00,1.37
2017.01.04 13:48:33.972,1.6916,1.6919,1.00,1.37
2017.01.04 13:48:34.022,1.6916,1.6919,1.00,1.12
2017.01.04 13:48:34.314,1.6916,1.69188,1.00,1.00
2017.01.04 13:48:34.516,1.6916,1.6919,1.00,1.12
2017.01.04 13:48:34.617,1.69156,1.6919,1.00,2.25
2017.01.04 13:48:34.667,1.69156,1.69188,1.00,1.00
2017.01.04 13:48:35.171,1.69155,1.69186,1.12,1.00
2017.01.04 13:48:35.694,1.69157,1.69189,1.00,1.00
2017.01.04 13:48:37.509,1.69158,1.6919,1.00,1.00
2017.01.04 13:48:37.610,1.69156,1.69189,1.00,1.00
2017.01.04 13:48:39.591,1.69155,1.69189,3.37,1.00
2017.01.04 13:48:39.801,1.69155,1.69186,2.62,1.00
2017.01.04 13:48:40.777,1.69154,1.69188,1.50,1.87
2017.01.04 13:48:41.402,1.69154,1.69188,1.50,2.62
2017.01.04 13:48:41.453,1.69154,1.69187,1.50,1.12
2017.01.04 13:48:41.504,1.69154,1.69185,1.50,1.00
2017.01.04 13:48:42.482,1.69154,1.69188,1.12,2.62
2017.01.04 13:48:42.583,1.69156,1.69188,1.00,2.62
2017.01.04 13:48:43.154,1.69155,1.69187,1.00,1.12
2017.01.04 13:48:43.482,1.69166,1.69197,1.00,2.25
2017.01.04 13:48:43.583,1.69169,1.69199,1.00,1.37
2017.01.04 13:48:43.684,1.69169,1.69199,1.00,1.00
2017.01.04 13:48:44.424,1.69169,1.69199,1.00,1.37
2017.01.04 13:48:44.525,1.69166,1.69198,1.00,1.37
2017.01.04 13:48:49.500,1.69164,1.69197,1.00,1.00
2017.01.04 13:48:53.792,1.69165,1.69198,1.00,1.00
2017.01.04 13:48:54.115,1.69162,1.69192,1.37,1.37
2017.01.04 13:48:54.217,1.69159,1.69187,1.00,1.12
2017.01.04 13:48:54.418,1.69155,1.69184,1.37,1.00
2017.01.04 13:48:54.519,1.69151,1.69181,1.75,1.37
2017.01.04 13:48:54.621,1.69149,1.69176,2.25,1.00
2017.01.04 13:48:54.730,1.69149,1.69177,1.87,1.50
2017.01.04 13:48:54.946,1.69145,1.69177,1.50,1.00
2017.01.04 13:48:55.450,1.69143,1.69176,2.25,1.00
2017.01.04 13:48:55.657,1.69142,1.69174,1.12,1.00
2017.01.04 13:48:55.909,1.69137,1.69169,2.62,1.00
2017.01.04 13:48:56.937,1.69138,1.6917,1.00,1.50
2017.01.04 13:48:57.467,1.69137,1.69169,2.25,1.00
2017.01.04 13:48:57.978,1.69138,1.6917,1.00,1.50
2017.01.04 13:48:58.130,1.6914,1.69171,1.00,1.37
2017.01.04 13:48:58.334,1.6914,1.69172,1.00,1.12
2017.01.04 13:48:58.435,1.69137,1.69169,2.62,1.00
2017.01.04 13:48:58.688,1.69158,1.69192,1.12,1.50
2017.01.04 13:48:58.739,1.69161,1.69193,1.00,3.00
2017.01.04 13:48:59.041,1.69163,1.69195,1.00,1.00
2017.01.04 13:48:59.437,1.69165,1.69197,1.00,1.50
2017.01.04 13:49:02.274,1.69165,1.69196,1.00,1.00
2017.01.04 13:49:02.324,1.69163,1.69196,1.00,1.50
2017.01.04 13:49:02.627,1.69166,1.69196,1.00,1.50
2017.01.04 13:49:02.850,1.69166,1.69198,1.00,1.50
2017.01.04 13:49:03.119,1.69165,1.69196,1.00,1.00
2017.01.04 13:49:03.443,1.69162,1.69195,1.12,1.00
2017.01.04 13:49:03.645,1.69161,1.69193,1.12,1.00
2017.01.04 13:49:04.731,1.69161,1.69192,1.87,1.00
2017.01.04 13:49:05.260,1.6916,1.69192,1.50,1.50
2017.01.04 13:49:07.055,1.69158,1.69191,1.12,1.00
2017.01.04 13:49:07.106,1.69156,1.69186,1.00,1.00
2017.01.04 13:49:07.157,1.69154,1.69186,1.12,1.00
2017.01.04 13:49:07.659,1.69153,1.69186,1.50,1.00
2017.01.04 13:49:08.349,1.69152,1.69185,1.87,1.00
2017.01.04 13:49:08.863,1.69153,1.69186,1.12,1.00
2017.01.04 13:49:09.423,1.69156,1.69188,1.00,1.87
2017.01.04 13:49:09.914,1.69158,1.69188,1.00,1.00
2017.01.04 13:49:10.115,1.69156,1.69188,1.12,1.00
2017.01.04 13:49:10.317,1.69154,1.69186,1.75,1.00
2017.01.04 13:49:11.452,1.69158,1.69189,1.00,1.00
2017.01.04 13:49:11.641,1.69159,1.6919,1.37,1.00
2017.01.04 13:49:12.158,1.69157,1.69189,1.75,1.00
2017.01.04 13:49:12.421,1.6916,1.69191,1.12,1.00
2017.01.04 13:49:12.522,1.69163,1.69193,1.00,1.12
2017.01.04 13:49:12.674,1.69165,1.69198,1.00,2.25
2017.01.04 13:49:12.724,1.69165,1.69196,1.00,1.00
2017.01.04 13:49:13.295,1.69164,1.69196,1.75,1.00
2017.01.04 13:49:13.809,1.69165,1.69197,1.50,1.00
2017.01.04 13:49:14.162,1.69165,1.69199,1.50,1.00
2017.01.04 13:49:14.335,1.69164,1.69196,1.75,1.00
2017.01.04 13:49:15.525,1.69162,1.69193,1.50,1.00
2017.01.04 13:49:15.727,1.69159,1.69189,1.37,1.00
2017.01.04 13:49:15.828,1.69158,1.69189,1.37,1.00
2017.01.04 13:49:15.929,1.69157,1.69189,1.00,1.00
2017.01.04 13:49:16.446,1.69158,1.69192,1.00,1.00
2017.01.04 13:49:16.972,1.69158,1.69192,2.25,1.00
2017.01.04 13:49:17.319,1.69158,1.69192,1.75,2.62
2017.01.04 13:49:17.521,1.69155,1.69187,1.00,1.00
2017.01.04 13:49:17.622,1.69153,1.69186,1.12,1.00
2017.01.04 13:49:18.537,1.69153,1.69187,1.12,1.00
2017.01.04 13:49:18.757,1.69152,1.69184,2.25,1.00
2017.01.04 13:49:20.766,1.69154,1.69186,1.00,1.50
2017.01.04 13:49:21.567,1.69156,1.69188,1.00,1.00
2017.01.04 13:49:21.870,1.69158,1.69189,1.00,1.00
2017.01.04 13:49:22.397,1.69158,1.6919,1.00,1.00
2017.01.04 13:49:22.724,1.6916,1.69189,1.00,1.00
2017.01.04 13:49:22.875,1.69153,1.69187,1.00,1.00
2017.01.04 13:49:23.167,1.69152,1.69184,1.00,1.00
2017.01.04 13:49:23.630,1.69154,1.69186,1.00,1.00
2017.01.04 13:49:25.023,1.69154,1.69186,1.50,1.00
2017.01.04 13:49:25.370,1.69166,1.69199,1.12,1.75
2017.01.04 13:49:25.521,1.6917,1.69203,1.00,1.50
2017.01.04 13:49:25.572,1.6917,1.69203,1.75,1.00
2017.01.04 13:49:25.673,1.69169,1.69201,1.00,1.00
2017.01.04 13:49:25.875,1.69166,1.69198,1.50,1.00
2017.01.04 13:49:26.379,1.69166,1.69196,1.00,1.37
2017.01.04 13:49:26.581,1.69159,1.69191,1.50,1.00
2017.01.04 13:49:26.682,1.69157,1.69188,1.00,1.00
2017.01.04 13:49:27.003,1.69161,1.69188,1.00,1.00
2017.01.04 13:49:27.054,1.69162,1.69194,1.12,1.00
2017.01.04 13:49:27.155,1.69167,1.69197,1.00,1.00
2017.01.04 13:49:27.256,1.69167,1.69199,1.00,1.50
2017.01.04 13:49:27.458,1.69165,1.69198,1.50,1.00
2017.01.04 13:49:27.660,1.69168,1.69198,1.00,1.00
2017.01.04 13:49:28.004,1.69168,1.692,1.00,1.00
2017.01.04 13:49:28.055,1.69171,1.69201,1.00,1.00
2017.01.04 13:49:28.106,1.69171,1.69203,1.00,1.50
2017.01.04 13:49:28.358,1.69173,1.69204,1.00,1.50
2017.01.04 13:49:28.547,1.69171,1.69205,1.00,2.25
2017.01.04 13:49:29.130,1.69171,1.69204,1.00,1.50
2017.01.04 13:49:30.146,1.69174,1.69204,1.00,1.00
2017.01.04 13:49:30.710,1.69175,1.69204,1.00,1.00
2017.01.04 13:49:31.371,1.69171,1.69198,1.00,1.00
2017.01.04 13:49:31.674,1.69164,1.69177,1.50,1.00
2017.01.04 13:49:31.775,1.69165,1.69179,1.50,1.00
2017.01.04 13:49:31.926,1.69167,1.69179,1.50,1.00
2017.01.04 13:49:32.027,1.69167,1.69181,1.00,1.50
2017.01.04 13:49:32.163,1.69148,1.69179,1.00,1.00
2017.01.04 13:49:32.264,1.69149,1.69182,1.00,1.50
2017.01.04 13:49:33.125,1.69149,1.69181,1.50,1.00
2017.01.04 13:49:33.327,1.69149,1.69183,1.87,1.50
2017.01.04 13:49:34.105,1.69149,1.69183,1.75,1.50
2017.01.04 13:49:34.358,1.69161,1.69195,1.37,1.50
2017.01.04 13:49:34.560,1.69161,1.69192,1.37,1.00
2017.01.04 13:49:34.761,1.69161,1.69194,1.87,1.00
2017.01.04 13:49:35.395,1.69161,1.69195,1.87,1.00
2017.01.04 13:49:35.577,1.69165,1.69195,1.37,1.00
2017.01.04 13:49:35.678,1.69169,1.69202,1.87,1.00
2017.01.04 13:49:35.729,1.69169,1.69203,1.50,2.62
2017.01.04 13:49:35.779,1.69166,1.69197,1.50,1.00
2017.01.04 13:49:35.931,1.69163,1.69195,1.00,1.00
2017.01.04 13:49:36.466,1.69162,1.69194,1.00,1.50
2017.01.04 13:49:38.484,1.69161,1.69193,1.00,1.50
2017.01.04 13:49:38.585,1.69161,1.69191,1.00,1.00
2017.01.04 13:49:39.166,1.69161,1.69192,1.12,1.00
2017.01.04 13:49:40.301,1.69161,1.69195,1.50,1.50
2017.01.04 13:49:40.402,1.69164,1.69195,1.00,1.00
2017.01.04 13:49:40.939,1.69163,1.69195,1.00,1.50
2017.01.04 13:49:41.462,1.69162,1.69194,1.00,1.00
2017.01.04 13:49:41.764,1.69165,1.69197,1.00,1.50
2017.01.04 13:49:41.865,1.69163,1.69197,1.12,2.25
2017.01.04 13:49:42.268,1.69166,1.69197,1.00,1.00
2017.01.04 13:49:42.638,1.69166,1.692,1.00,1.00
2017.01.04 13:49:42.688,1.69168,1.692,1.00,1.00
2017.01.04 13:49:43.194,1.69166,1.692,1.50,1.00
2017.01.04 13:49:43.446,1.69166,1.692,1.50,1.00
2017.01.04 13:49:43.496,1.69166,1.692,1.12,1.00
2017.01.04 13:49:44.130,1.69166,1.692,1.12,1.37
2017.01.04 13:49:44.432,1.69166,1.69198,1.00,3.37
2017.01.04 13:49:44.584,1.69164,1.69197,1.00,2.62
2017.01.04 13:49:45.078,1.69166,1.69197,1.00,1.00
2017.01.04 13:49:45.280,1.69163,1.69195,1.12,1.00
2017.01.04 13:49:46.165,1.69162,1.69194,1.00,1.00
2017.01.04 13:49:47.563,1.69163,1.69195,1.00,1.00
2017.01.04 13:49:47.895,1.69165,1.69198,1.00,1.00
2017.01.04 13:49:47.945,1.69166,1.69198,1.87,1.00
2017.01.04 13:49:48.248,1.69175,1.69205,1.00,1.00
2017.01.04 13:49:48.349,1.69175,1.69207,1.00,1.50
2017.01.04 13:49:48.885,1.69174,1.69206,1.12,1.50
2017.01.04 13:49:51.288,1.69176,1.69207,1.50,1.00
2017.01.04 13:49:51.609,1.69187,1.69218,1.50,1.00
2017.01.04 13:49:51.912,1.69185,1.69218,2.62,1.00
2017.01.04 13:49:52.064,1.69185,1.69215,1.87,1.00
2017.01.04 13:49:52.367,1.69173,1.69207,2.25,1.12
2017.01.04 13:49:52.570,1.69172,1.69204,1.00,1.50
2017.01.04 13:49:55.019,1.69174,1.69206,1.00,1.00
2017.01.04 13:49:55.199,1.6917,1.69204,2.25,1.00
2017.01.04 13:49:57.690,1.69181,1.69209,1.00,1.00
2017.01.04 13:49:57.835,1.69185,1.69219,1.50,1.00
2017.01.04 13:49:57.886,1.69191,1.69222,1.00,2.25
2017.01.04 13:49:58.189,1.69185,1.69219,1.50,1.12
2017.01.04 13:49:58.340,1.69185,1.69214,1.87,1.00
2017.01.04 13:49:58.542,1.69177,1.69211,1.00,1.87
2017.01.04 13:49:58.593,1.69175,1.69207,1.12,1.00
2017.01.04 13:49:58.795,1.69178,1.6921,1.00,2.62
2017.01.04 13:49:59.296,1.69178,1.6921,1.00,2.62
2017.01.04 13:49:59.397,1.69176,1.6921,1.00,1.87
2017.01.04 13:49:59.806,1.69176,1.6921,1.00,1.00
2017.01.04 13:50:00.810,1.69178,1.6921,1.12,1.00
2017.01.04 13:50:01.011,1.69181,1.69214,1.00,1.12
2017.01.04 13:50:01.222,1.69181,1.69212,1.12,1.00
2017.01.04 13:50:01.779,1.69181,1.69213,1.12,1.00
2017.01.04 13:50:02.766,1.69181,1.69212,1.12,1.00
2017.01.04 13:50:03.309,1.69181,1.69213,1.12,1.00
2017.01.04 13:50:03.813,1.69182,1.69212,1.00,1.00
2017.01.04 13:50:04.358,1.69182,1.69213,1.00,1.12
2017.01.04 13:50:04.679,1.69181,1.69212,1.00,1.37
2017.01.04 13:50:07.508,1.69181,1.69212,1.00,1.00
2017.01.04 13:50:08.622,1.69181,1.69209,1.00,1.00
2017.01.04 13:50:08.813,1.69179,1.69211,2.25,1.00
2017.01.04 13:50:08.867,1.69179,1.69207,1.50,1.00
2017.01.04 13:50:08.971,1.69175,1.69207,1.87,1.00
2017.01.04 13:50:09.075,1.69175,1.69209,1.87,1.00
2017.01.04 13:50:09.226,1.6918,1.69213,1.00,1.50
2017.01.04 13:50:09.428,1.69177,1.69211,1.12,1.00
2017.01.04 13:50:09.731,1.69177,1.69209,1.12,1.00
2017.01.04 13:50:10.781,1.69177,1.69208,1.00,1.00
2017.01.04 13:50:10.882,1.69171,1.69205,1.87,1.00
2017.01.04 13:50:11.308,1.69173,1.69207,1.12,1.50
2017.01.04 13:50:11.873,1.69173,1.69206,1.00,1.00
2017.01.04 13:50:12.137,1.69173,1.69204,1.00,1.12
2017.01.04 13:50:12.340,1.69166,1.692,1.00,2.62
2017.01.04 13:50:12.642,1.69166,1.69198,1.00,1.00
2017.01.04 13:50:13.142,1.69167,1.69201,1.00,1.87
2017.01.04 13:50:13.669,1.69167,1.69199,1.00,1.00
2017.01.04 13:50:14.198,1.69165,1.69199,1.00,1.00
2017.01.04 13:50:14.621,1.69171,1.69202,1.00,1.00
2017.01.04 13:50:14.823,1.69169,1.69202,1.00,1.00
2017.01.04 13:50:14.873,1.69169,1.69202,1.00,1.37
2017.01.04 13:50:15.025,1.69167,1.692,1.00,1.00
2017.01.04 13:50:15.226,1.69168,1.69202,1.00,3.37
2017.01.04 13:50:15.480,1.69168,1.69198,1.00,1.00
2017.01.04 13:50:15.742,1.69164,1.69197,1.00,1.37
2017.01.04 13:50:15.944,1.69167,1.69199,1.00,1.00
2017.01.04 13:50:16.922,1.69169,1.692,1.00,1.50
2017.01.04 13:50:17.023,1.69164,1.69198,1.50,1.00
2017.01.04 13:50:17.428,1.69166,1.69198,1.00,1.00
2017.01.04 13:50:17.479,1.69166,1.692,1.00,2.25
2017.01.04 13:50:18.220,1.69169,1.69201,1.00,1.00
2017.01.04 13:50:19.115,1.69168,1.69202,1.00,2.62
2017.01.04 13:50:19.662,1.6917,1.692,1.00,1.00
2017.01.04 13:50:19.813,1.69172,1.69204,1.00,1.00
2017.01.04 13:50:20.216,1.69175,1.69205,1.00,1.12
2017.01.04 13:50:20.519,1.69178,1.69208,1.00,1.37
2017.01.04 13:50:21.068,1.69177,1.69208,1.50,1.37
2017.01.04 13:50:21.603,1.69178,1.69212,1.00,2.25
2017.01.04 13:50:21.654,1.69178,1.69212,1.00,1.87
2017.01.04 13:50:21.875,1.6918,1.69212,1.00,1.12
2017.01.04 13:50:22.177,1.69185,1.69215,1.00,1.00
2017.01.04 13:50:22.332,1.69183,1.69215,1.00,1.00
2017.01.04 13:50:22.943,1.6918,1.69214,2.62,1.00
2017.01.04 13:50:23.043,1.69182,1.69215,1.00,1.00
2017.01.04 13:50:23.537,1.69185,1.69215,1.00,1.00
2017.01.04 13:50:23.638,1.69189,1.6922,1.12,1.00
2017.01.04 13:50:23.739,1.69189,1.69222,1.00,1.00
2017.01.04 13:50:24.639,1.69192,1.69224,1.00,1.50
2017.01.04 13:50:25.741,1.69192,1.6922,1.00,1.00
2017.01.04 13:50:25.943,1.69189,1.6922,1.00,1.37
2017.01.04 13:50:26.458,1.69189,1.6922,1.00,1.50
2017.01.04 13:50:26.735,1.69192,1.6922,1.00,1.00
2017.01.04 13:50:26.786,1.69192,1.69224,1.00,1.00
2017.01.04 13:50:26.837,1.69198,1.69225,1.00,1.12
2017.01.04 13:50:26.988,1.69198,1.69229,1.00,1.50
2017.01.04 13:50:27.516,1.69198,1.69228,1.00,1.00
2017.01.04 13:50:28.151,1.69197,1.69228,1.00,1.00
2017.01.04 13:50:28.472,1.69196,1.69226,1.00,1.00
2017.01.04 13:50:28.626,1.69196,1.69229,1.00,3.00
2017.01.04 13:50:29.148,1.69196,1.69228,1.00,1.00
2017.01.04 13:50:29.680,1.69196,1.69229,1.00,3.00
2017.01.04 13:50:30.215,1.69195,1.69228,1.37,1.00
2017.01.04 13:50:30.815,1.69195,1.69228,1.00,1.50
2017.01.04 13:50:31.272,1.69194,1.69226,1.00,1.00
2017.01.04 13:50:32.098,1.69194,1.69226,1.00,1.37
2017.01.04 13:50:32.401,1.69194,1.69221,1.00,1.37
2017.01.04 13:50:32.603,1.69183,1.69215,1.12,1.50
2017.01.04 13:50:32.858,1.69182,1.69213,1.00,1.00
2017.01.04 13:50:32.959,1.69183,1.69217,1.00,4.12
2017.01.04 13:50:35.034,1.69183,1.69216,1.00,1.12
2017.01.04 13:50:35.085,1.69187,1.69216,1.00,1.12
2017.01.04 13:50:35.634,1.69187,1.69217,1.00,1.12
2017.01.04 13:50:35.937,1.69168,1.69198,1.75,1.00
2017.01.04 13:50:36.286,1.69173,1.69205,1.50,1.50
2017.01.04 13:50:36.689,1.69172,1.69204,1.00,1.00
2017.01.04 13:50:36.841,1.69174,1.69205,1.00,1.50
2017.01.04 13:50:38.149,1.69173,1.69204,1.00,1.00
2017.01.04 13:50:38.490,1.69174,1.69206,1.75,1.37
2017.01.04 13:50:38.692,1.69174,1.69207,1.00,1.37
2017.01.04 13:50:39.236,1.69174,1.69206,1.37,1.37
2017.01.04 13:50:40.158,1.69174,1.69207,1.37,1.50
2017.01.04 13:50:40.259,1.69176,1.69209,1.00,1.00
2017.01.04 13:50:40.461,1.69176,1.6921,1.87,1.00
2017.01.04 13:50:42.879,1.69179,1.69211,1.50,1.00
2017.01.04 13:50:43.131,1.69179,1.69213,2.25,1.00
2017.01.04 13:50:43.459,1.69181,1.69215,1.00,1.00
2017.01.04 13:50:45.692,1.69182,1.69215,1.00,1.00
2017.01.04 13:50:45.743,1.69182,1.69212,1.00,1.00
2017.01.04 13:50:46.045,1.69178,1.6921,2.25,1.00
2017.01.04 13:50:46.969,1.69178,1.69208,1.87,1.00
2017.01.04 13:50:47.485,1.69178,1.69208,1.00,1.00
2017.01.04 13:50:47.990,1.69178,1.69211,1.00,1.00
2017.01.04 13:50:48.694,1.69178,1.69209,1.50,1.00
2017.01.04 13:50:48.900,1.69179,1.69213,1.00,1.50
2017.01.04 13:50:50.988,1.69179,1.69213,1.37,1.00
2017.01.04 13:50:51.290,1.69181,1.69215,1.00,1.00
2017.01.04 13:50:51.494,1.6918,1.69212,1.12,1.00
2017.01.04 13:50:52.097,1.69181,1.69215,1.00,1.00
2017.01.04 13:50:52.505,1.69181,1.6921,1.00,1.00
2017.01.04 13:50:52.881,1.69181,1.69208,1.00,1.00
2017.01.04 13:50:57.073,1.69183,1.69208,1.00,1.00
2017.01.04 13:50:57.476,1.69184,1.69212,1.00,1.00
2017.01.04 13:50:57.779,1.69181,1.69211,1.37,1.00
2017.01.04 13:50:57.981,1.69183,1.69212,1.37,1.00
2017.01.04 13:50:58.297,1.69181,1.69209,1.00,1.50
2017.01.04 13:50:58.615,1.69178,1.69206,1.00,1.00
2017.01.04 13:50:59.116,1.69177,1.69206,1.12,1.00
2017.01.04 13:50:59.419,1.69175,1.69201,1.87,1.00
2017.01.04 13:51:00.369,1.69175,1.69205,1.00,1.00
2017.01.04 13:51:00.880,1.69175,1.69203,1.00,1.00
2017.01.04 13:51:01.383,1.69175,1.69202,1.00,1.00
2017.01.04 13:51:01.579,1.69173,1.69202,1.50,1.00
2017.01.04 13:51:02.112,1.69174,1.69202,1.00,1.00
2017.01.04 13:51:02.815,1.69175,1.69202,1.00,1.00
2017.01.04 13:51:03.339,1.69174,1.69202,1.00,1.00
2017.01.04 13:51:04.149,1.69173,1.69202,1.50,1.00
2017.01.04 13:51:04.656,1.69174,1.69202,1.00,1.00
2017.01.04 13:51:05.209,1.69173,1.69202,1.50,1.00
2017.01.04 13:51:06.557,1.69174,1.69202,1.00,1.00
2017.01.04 13:51:07.216,1.69175,1.69202,1.00,1.00
2017.01.04 13:51:08.408,1.69174,1.69202,1.00,1.00
2017.01.04 13:51:08.610,1.69171,1.692,1.12,1.00
2017.01.04 13:51:08.660,1.69173,1.692,1.00,1.00
2017.01.04 13:51:08.711,1.69173,1.69202,1.50,1.00
2017.01.04 13:51:08.762,1.69173,1.69205,1.50,1.00
2017.01.04 13:51:09.273,1.69174,1.69205,1.12,1.00
2017.01.04 13:51:09.778,1.69175,1.69206,2.25,1.00
2017.01.04 13:51:10.344,1.69176,1.69206,1.00,1.00
2017.01.04 13:51:11.031,1.69176,1.69209,1.00,1.50
2017.01.04 13:51:11.719,1.69175,1.69209,3.00,1.50
2017.01.04 13:51:11.822,1.69177,1.69209,1.00,1.00
2017.01.04 13:51:12.853,1.69176,1.69208,1.00,1.00
2017.01.04 13:51:13.174,1.69181,1.69211,1.00,1.12
2017.01.04 13:51:13.326,1.69178,1.6921,1.00,1.00
2017.01.04 13:51:13.996,1.69178,1.69209,1.00,1.00
2017.01.04 13:51:14.508,1.69178,1.6921,1.00,1.00
2017.01.04 13:51:14.960,1.69178,1.6921,1.00,1.37
2017.01.04 13:51:15.062,1.69178,1.6921,1.00,1.00
2017.01.04 13:51:15.112,1.6918,1.69211,1.00,1.87
2017.01.04 13:51:15.213,1.69177,1.69209,1.00,1.00
2017.01.04 13:51:15.315,1.69178,1.69211,1.00,1.87
2017.01.04 13:51:15.416,1.6918,1.69211,1.00,1.12
2017.01.04 13:51:15.719,1.69186,1.69216,1.00,1.00
2017.01.04 13:51:15.770,1.69186,1.69218,1.50,1.00
2017.01.04 13:51:16.320,1.69187,1.69219,1.00,1.37
2017.01.04 13:51:16.836,1.69186,1.69218,1.50,1.12
2017.01.04 13:51:17.984,1.69186,1.69218,1.00,1.37
2017.01.04 13:51:18.123,1.69184,1.69218,1.50,1.12
2017.01.04 13:51:18.627,1.69185,1.69218,1.00,1.00
2017.01.04 13:51:19.160,1.69186,1.69218,1.00,1.00
2017.01.04 13:51:20.073,1.69184,1.69216,1.87,1.00
2017.01.04 13:51:21.521,1.69183,1.69215,1.00,1.00
2017.01.04 13:51:21.824,1.69157,1.69185,1.50,1.15
2017.01.04 13:51:21.875,1.69156,1.69185,1.50,1.52
2017.01.04 13:51:21.976,1.69151,1.69181,1.00,2.02
2017.01.04 13:51:22.077,1.69151,1.69181,1.00,1.52
2017.01.04 13:51:22.127,1.69145,1.69177,1.37,1.15
2017.01.04 13:51:22.270,1.69144,1.69177,2.25,1.15
2017.01.04 13:51:22.371,1.69147,1.69177,1.00,1.15
2017.01.04 13:51:22.421,1.69147,1.69177,1.00,1.00
2017.01.04 13:51:22.472,1.69145,1.69178,1.50,1.00
2017.01.04 13:51:22.623,1.69149,1.69181,1.00,2.62
2017.01.04 13:51:22.925,1.6915,1.69183,1.50,1.00
2017.01.04 13:51:23.556,1.6915,1.69184,1.00,1.00
2017.01.04 13:51:23.928,1.69152,1.69184,1.00,1.00
2017.01.04 13:51:24.340,1.69152,1.69184,1.00,1.37
2017.01.04 13:51:24.767,1.6915,1.69184,1.00,2.62
2017.01.04 13:51:25.153,1.69152,1.69183,1.00,1.00
2017.01.04 13:51:25.506,1.69151,1.69183,1.00,1.50
2017.01.04 13:51:26.051,1.6915,1.69182,1.00,1.37
2017.01.04 13:51:26.554,1.69151,1.69183,1.00,1.37
2017.01.04 13:51:27.154,1.69149,1.69183,1.87,1.37
2017.01.04 13:51:27.704,1.69149,1.69183,1.87,1.37
2017.01.04 13:51:27.830,1.69151,1.69183,1.00,1.37
2017.01.04 13:51:28.357,1.6915,1.69182,1.00,1.37
2017.01.04 13:51:29.381,1.6915,1.69182,1.00,1.37
2017.01.04 13:51:30.232,1.6915,1.69184,1.00,1.37
2017.01.04 13:51:31.446,1.69149,1.69183,2.62,1.37
2017.01.04 13:51:33.940,1.6915,1.69182,1.00,1.12
2017.01.04 13:51:37.450,1.69152,1.69184,1.00,1.37
2017.01.04 13:51:37.859,1.69153,1.69184,1.00,1.37
2017.01.04 13:51:38.483,1.69153,1.69187,1.00,2.62
2017.01.04 13:51:38.585,1.69155,1.69187,1.00,1.12
2017.01.04 13:51:38.888,1.69153,1.69185,1.00,1.87
2017.01.04 13:51:39.201,1.69153,1.69174,1.00,1.00
2017.01.04 13:51:39.252,1.69143,1.69174,1.37,1.87
2017.01.04 13:51:39.303,1.69143,1.69174,1.00,1.50
2017.01.04 13:51:39.807,1.69142,1.69174,1.00,1.50
2017.01.04 13:51:39.908,1.69143,1.69172,1.00,1.00
2017.01.04 13:51:40.064,1.69141,1.69172,1.00,1.00
2017.01.04 13:51:40.168,1.69146,1.69173,1.00,1.00
2017.01.04 13:51:40.369,1.69142,1.6917,3.00,1.00
2017.01.04 13:51:40.571,1.69139,1.69169,1.00,1.87
2017.01.04 13:51:40.622,1.69137,1.69169,1.00,1.12
2017.01.04 13:51:41.162,1.69138,1.69169,1.50,1.12
2017.01.04 13:51:41.313,1.69138,1.69172,1.00,1.37
2017.01.04 13:51:41.364,1.69136,1.6917,1.00,1.50
2017.01.04 13:51:41.925,1.69137,1.69168,1.00,1.00
2017.01.04 13:51:42.465,1.69137,1.69169,1.00,1.12
2017.01.04 13:51:42.516,1.69138,1.6917,1.00,1.37
2017.01.04 13:51:42.818,1.69129,1.69158,1.00,1.37
2017.01.04 13:51:42.919,1.69123,1.69156,1.50,1.12
2017.01.04 13:51:43.020,1.69126,1.69158,1.00,1.37
2017.01.04 13:51:43.373,1.69125,1.69152,1.00,1.00
2017.01.04 13:51:43.424,1.69123,1.69152,1.50,1.00
2017.01.04 13:51:43.525,1.69124,1.69158,1.87,1.00
2017.01.04 13:51:43.575,1.69123,1.69156,2.25,1.00
2017.01.04 13:51:43.917,1.69124,1.69153,1.00,1.00
2017.01.04 13:51:44.270,1.69125,1.69155,1.00,1.00
2017.01.04 13:51:44.572,1.69128,1.69154,1.00,1.00
2017.01.04 13:51:44.629,1.69128,1.69156,1.00,1.00
2017.01.04 13:51:44.680,1.69128,1.6916,1.00,1.50
2017.01.04 13:51:44.831,1.69128,1.69158,1.00,2.25
2017.01.04 13:51:44.882,1.69123,1.69156,1.50,1.00
2017.01.04 13:51:45.084,1.69125,1.69158,1.50,1.00
2017.01.04 13:51:45.134,1.69127,1.69158,1.00,1.00
2017.01.04 13:51:45.236,1.69125,1.69158,2.25,1.00
2017.01.04 13:51:45.287,1.69128,1.69156,1.00,1.00
2017.01.04 13:51:45.388,1.69125,1.69156,1.50,1.00
2017.01.04 13:51:45.911,1.69127,1.69157,1.00,1.00
2017.01.04 13:51:46.223,1.69125,1.69156,1.00,1.00
2017.01.04 13:51:47.307,1.69127,1.69156,1.00,1.00
2017.01.04 13:51:47.543,1.69125,1.69156,1.00,1.00
2017.01.04 13:51:47.594,1.69125,1.69154,1.00,1.00
2017.01.04 13:51:47.644,1.69125,1.69156,1.00,1.12
2017.01.04 13:51:47.960,1.69129,1.69158,1.00,1.00
2017.01.04 13:51:48.262,1.69127,1.69158,1.50,1.00
2017.01.04 13:51:48.414,1.69127,1.69154,1.00,1.00
2017.01.04 13:51:48.689,1.69125,1.69155,1.50,1.00
2017.01.04 13:51:48.739,1.69125,1.69156,1.00,1.37
2017.01.04 13:51:48.790,1.69122,1.69154,1.00,1.37
2017.01.04 13:51:48.841,1.69122,1.69154,1.00,1.87
2017.01.04 13:51:48.942,1.6912,1.69151,1.50,1.37
2017.01.04 13:51:48.993,1.6912,1.69151,1.50,1.12
2017.01.04 13:51:49.094,1.69124,1.69153,1.00,1.00
2017.01.04 13:51:49.347,1.69126,1.69157,1.00,1.00
2017.01.04 13:51:49.856,1.69126,1.69158,1.50,1.00
2017.01.04 13:51:49.957,1.69133,1.6916,1.00,1.87
2017.01.04 13:51:50.058,1.69131,1.6916,1.00,2.62
2017.01.04 13:51:50.474,1.69133,1.69161,1.00,1.00
2017.01.04 13:51:50.718,1.6913,1.69163,1.00,1.87
2017.01.04 13:51:51.227,1.6913,1.69163,1.00,1.50
2017.01.04 13:51:51.398,1.6913,1.69159,1.00,1.00
2017.01.04 13:51:51.714,1.69128,1.69159,1.00,1.00
2017.01.04 13:51:52.291,1.69128,1.6916,1.00,2.62
2017.01.04 13:51:52.494,1.69128,1.69157,1.00,1.37
2017.01.04 13:51:53.343,1.69127,1.69158,1.00,1.87
2017.01.04 13:51:53.645,1.69128,1.69156,1.00,1.87
2017.01.04 13:51:54.162,1.6913,1.69161,1.00,2.77
2017.01.04 13:51:54.263,1.6913,1.69157,1.00,1.15
2017.01.04 13:51:54.625,1.69126,1.69158,1.50,2.02
2017.01.04 13:51:55.029,1.69122,1.69152,1.12,1.35
2017.01.04 13:51:55.080,1.69124,1.69154,1.00,1.30
2017.01.04 13:51:55.130,1.69127,1.69156,1.00,2.55
2017.01.04 13:51:55.653,1.69126,1.69157,1.00,1.42
2017.01.04 13:51:56.156,1.69127,1.69157,1.00,1.65
2017.01.04 13:51:56.689,1.69127,1.69156,1.50,1.65
2017.01.04 13:51:57.058,1.69125,1.69156,1.00,1.15
2017.01.04 13:51:57.362,1.69122,1.69154,1.00,2.55
2017.01.04 13:51:57.563,1.69122,1.69154,1.00,2.55
2017.01.04 13:51:57.915,1.69122,1.69145,1.00,1.37
2017.01.04 13:51:57.966,1.69118,1.69145,1.12,1.52
2017.01.04 13:51:58.067,1.69114,1.69146,1.50,2.02
2017.01.04 13:51:58.168,1.69113,1.69144,1.00,1.35
2017.01.04 13:51:58.370,1.69113,1.69144,1.00,1.20
2017.01.04 13:51:58.420,1.69115,1.69145,1.00,1.65
2017.01.04 13:51:58.773,1.69115,1.69146,1.00,1.00
2017.01.04 13:51:59.053,1.69119,1.69149,1.00,1.00
2017.01.04 13:51:59.356,1.69136,1.69164,1.00,1.12
2017.01.04 13:51:59.457,1.69133,1.69165,1.00,2.62
2017.01.04 13:51:59.508,1.69133,1.69165,1.00,3.00
2017.01.04 13:51:59.558,1.69131,1.69163,1.00,1.37
2017.01.04 13:51:59.837,1.69129,1.69163,1.00,2.25
2017.01.04 13:51:59.938,1.69126,1.6916,1.00,1.37
2017.01.04 13:52:00.333,1.69125,1.69158,1.00,1.37
2017.01.04 13:52:00.663,1.69126,1.69158,1.00,1.37
2017.01.04 13:52:01.259,1.69125,1.69157,1.50,1.12
2017.01.04 13:52:04.746,1.69125,1.69158,1.00,1.00
2017.01.04 13:52:05.422,1.69124,1.69158,2.25,1.00
2017.01.04 13:52:05.472,1.69127,1.69159,1.00,1.50
2017.01.04 13:52:05.776,1.69124,1.69156,3.00,1.00
2017.01.04 13:52:06.035,1.69125,1.69159,1.00,1.50
2017.01.04 13:52:06.333,1.69124,1.69157,1.00,1.00
2017.01.04 13:52:06.902,1.69125,1.69157,1.00,1.00
2017.01.04 13:52:07.054,1.69125,1.69159,1.00,2.25
2017.01.04 13:52:07.104,1.69125,1.69157,1.50,1.00
2017.01.04 13:52:07.407,1.69131,1.69164,1.50,1.00
2017.01.04 13:52:07.458,1.69135,1.69168,1.00,1.50
2017.01.04 13:52:07.659,1.69137,1.6917,1.00,1.12
2017.01.04 13:52:08.079,1.69137,1.69168,1.00,1.00
2017.01.04 13:52:08.887,1.69137,1.69171,1.00,3.37
2017.01.04 13:52:09.450,1.69137,1.69169,1.00,1.00
2017.01.04 13:52:10.175,1.69137,1.6917,1.00,1.12
2017.01.04 13:52:10.909,1.69137,1.6917,1.00,1.37
2017.01.04 13:52:11.646,1.6914,1.69171,1.00,1.37
2017.01.04 13:52:11.747,1.6914,1.69172,1.00,1.50
2017.01.04 13:52:11.848,1.69142,1.69172,1.00,1.00
2017.01.04 13:52:12.096,1.69139,1.69173,1.00,1.87
2017.01.04 13:52:12.449,1.69141,1.69174,1.00,1.00
2017.01.04 13:52:12.981,1.69141,1.69173,1.00,1.00
2017.01.04 13:52:15.846,1.6914,1.69172,1.00,1.00
2017.01.04 13:52:16.162,1.69142,1.69173,1.00,1.12
2017.01.04 13:52:16.367,1.6914,1.69172,1.00,1.00
2017.01.04 13:52:16.802,1.6914,1.6917,1.00,1.00
2017.01.04 13:52:17.004,1.69136,1.69167,1.00,1.00
2017.01.04 13:52:17.256,1.69138,1.69166,1.00,1.00
2017.01.04 13:52:18.954,1.69138,1.6917,1.00,1.37
2017.01.04 13:52:19.105,1.69138,1.69167,1.00,1.00
2017.01.04 13:52:19.156,1.69135,1.69167,1.00,1.00
2017.01.04 13:52:20.159,1.69136,1.69167,1.00,1.00
2017.01.04 13:52:25.861,1.69136,1.69168,1.00,1.00
2017.01.04 13:52:26.294,1.69136,1.69167,1.00,1.37
2017.01.04 13:52:27.084,1.69136,1.69167,1.00,1.00
2017.01.04 13:52:27.397,1.69134,1.69167,1.50,1.00
2017.01.04 13:52:27.985,1.69133,1.69166,1.87,1.00
2017.01.04 13:52:28.494,1.69134,1.69167,1.00,1.00
2017.01.04 13:52:29.650,1.69135,1.69167,1.00,1.00
2017.01.04 13:52:30.697,1.69134,1.69167,2.25,1.00
2017.01.04 13:52:30.748,1.69136,1.69167,1.00,1.00
2017.01.04 13:52:31.253,1.69136,1.69169,1.00,1.00
2017.01.04 13:52:31.794,1.69138,1.6917,1.00,1.00
2017.01.04 13:52:32.268,1.69141,1.69172,1.00,1.87
2017.01.04 13:52:32.520,1.69145,1.69177,1.00,1.37
2017.01.04 13:52:32.776,1.69147,1.69177,1.00,1.00
2017.01.04 13:52:33.405,1.69146,1.69177,1.00,1.00
2017.01.04 13:52:35.237,1.69145,1.69177,1.00,1.00
2017.01.04 13:52:38.117,1.69145,1.69174,1.00,1.37
2017.01.04 13:52:38.167,1.69139,1.69168,1.00,1.00
2017.01.04 13:52:38.218,1.69136,1.69168,1.37,1.37
2017.01.04 13:52:38.520,1.69133,1.6916,1.00,1.00
2017.01.04 13:52:38.571,1.69133,1.69162,1.00,1.00
2017.01.04 13:52:38.773,1.69135,1.69165,1.00,1.75
2017.01.04 13:52:39.176,1.69135,1.69167,1.00,1.87
2017.01.04 13:52:39.687,1.69134,1.69166,1.00,1.00
2017.01.04 13:52:40.002,1.69129,1.69161,2.25,1.00
2017.01.04 13:52:40.530,1.69129,1.69161,1.12,1.00
2017.01.04 13:52:41.080,1.69129,1.69161,1.87,1.00
2017.01.04 13:52:42.193,1.69129,1.69161,1.87,1.00
2017.01.04 13:52:42.882,1.6913,1.69162,1.00,1.00
2017.01.04 13:52:44.878,1.6913,1.69163,1.00,1.75
2017.01.04 13:52:45.894,1.69131,1.69162,1.00,1.12
2017.01.04 13:52:46.196,1.69133,1.69165,1.00,1.37
2017.01.04 13:52:46.247,1.69133,1.69165,1.00,1.37
2017.01.04 13:52:46.398,1.69135,1.69166,1.00,1.37
2017.01.04 13:52:46.701,1.69131,1.69163,1.00,1.37
2017.01.04 13:52:46.802,1.69129,1.69162,1.00,1.37
2017.01.04 13:52:47.247,1.69131,1.69162,1.00,1.37
2017.01.04 13:52:47.961,1.69129,1.69162,1.00,1.37
2017.01.04 13:52:48.478,1.69129,1.69162,2.02,1.37
2017.01.04 13:52:49.393,1.6913,1.69164,1.00,1.37
2017.01.04 13:52:49.855,1.69129,1.6916,1.00,1.50
2017.01.04 13:52:49.906,1.69127,1.69158,1.00,1.12
2017.01.04 13:52:50.007,1.69125,1.69157,1.12,1.00
2017.01.04 13:52:50.308,1.69125,1.69154,1.00,1.00
2017.01.04 13:52:50.510,1.69125,1.69156,1.12,1.00
2017.01.04 13:52:50.712,1.69129,1.69156,1.00,1.00
2017.01.04 13:52:51.231,1.69128,1.6916,1.00,1.00
2017.01.04 13:52:52.771,1.69129,1.69161,1.00,1.50
2017.01.04 13:52:53.023,1.69131,1.69161,1.00,1.00
2017.01.04 13:52:53.074,1.69131,1.69163,1.00,1.00
2017.01.04 13:52:53.612,1.6913,1.69163,2.62,1.00
2017.01.04 13:52:53.713,1.69129,1.6916,1.50,1.00
2017.01.04 13:52:54.230,1.69128,1.6916,1.50,1.00
2017.01.04 13:52:54.802,1.69129,1.6916,1.00,1.00
2017.01.04 13:52:55.109,1.69131,1.69162,1.00,1.00
2017.01.04 13:53:00.162,1.69131,1.69162,1.00,1.37
2017.01.04 13:53:00.414,1.69119,1.6915,1.50,1.37
2017.01.04 13:53:01.151,1.69118,1.69145,2.62,2.25
2017.01.04 13:53:01.252,1.6911,1.69141,1.87,1.12
2017.01.04 13:53:01.656,1.69109,1.69142,3.00,1.12
2017.01.04 13:53:02.150,1.6911,1.69142,1.50,1.87
2017.01.04 13:53:03.081,1.6911,1.69142,1.00,1.12
2017.01.04 13:53:04.009,1.69109,1.69142,1.50,1.12
2017.01.04 13:53:04.338,1.69111,1.69143,1.00,1.80
2017.01.04 13:53:04.866,1.69111,1.69143,1.00,1.67
2017.01.04 13:53:05.810,1.69109,1.69143,2.25,1.67
2017.01.04 13:53:06.142,1.69111,1.69143,1.00,1.67
2017.01.04 13:53:06.845,1.69111,1.69143,1.00,1.67
2017.01.04 13:53:07.421,1.69114,1.69144,1.50,1.30
2017.01.04 13:53:07.723,1.69116,1.69146,1.50,1.05
2017.01.04 13:53:07.975,1.69116,1.69147,1.00,1.42
2017.01.04 13:53:08.026,1.69116,1.69147,1.00,1.42
2017.01.04 13:53:08.228,1.69113,1.69146,2.62,2.17
2017.01.04 13:53:08.278,1.69113,1.69145,2.62,1.05
2017.01.04 13:53:08.379,1.6911,1.69142,1.50,1.67
2017.01.04 13:53:08.588,1.6911,1.69142,1.00,1.67
2017.01.04 13:53:09.114,1.69111,1.69142,1.00,1.05
2017.01.04 13:53:09.165,1.69111,1.69143,1.00,1.80
2017.01.04 13:53:09.266,1.69112,1.69143,1.00,1.80
2017.01.04 13:53:09.317,1.69112,1.69143,1.00,1.30
2017.01.04 13:53:09.620,1.69108,1.69142,1.12,1.52
2017.01.04 13:53:09.721,1.6911,1.69142,1.00,2.17
2017.01.04 13:53:09.999,1.69108,1.69139,1.50,1.15
2017.01.04 13:53:10.050,1.69112,1.69139,1.00,1.27
2017.01.04 13:53:10.252,1.69108,1.6914,1.50,1.67
2017.01.04 13:53:10.508,1.6911,1.69141,1.00,1.67
2017.01.04 13:53:10.559,1.6911,1.69141,1.00,1.67
2017.01.04 13:53:11.195,1.6911,1.69142,1.00,2.17
2017.01.04 13:53:11.548,1.69108,1.69141,1.00,1.67
2017.01.04 13:53:11.853,1.69108,1.69139,1.50,1.80
2017.01.04 13:53:12.206,1.6911,1.69139,1.50,1.80
2017.01.04 13:53:12.775,1.6911,1.69139,1.50,1.80
2017.01.04 13:53:13.610,1.6911,1.69139,1.00,1.80
2017.01.04 13:53:14.015,1.6911,1.69139,1.00,3.30
2017.01.04 13:53:14.768,1.6911,1.69139,1.00,1.80
2017.01.04 13:53:14.819,1.6911,1.69139,1.00,1.42
2017.01.04 13:53:15.828,1.6911,1.69139,1.00,1.27
2017.01.04 13:53:16.488,1.6911,1.69141,1.00,1.05
2017.01.04 13:53:16.997,1.6911,1.69141,1.00,1.30
2017.01.04 13:53:17.098,1.69112,1.69142,1.00,1.52
2017.01.04 13:53:17.679,1.69113,1.69144,1.00,1.30
2017.01.04 13:53:17.998,1.69113,1.69143,1.00,1.35
2017.01.04 13:53:18.271,1.69112,1.69144,3.75,1.35
2017.01.04 13:53:18.779,1.69113,1.69144,3.75,1.35
2017.01.04 13:53:19.359,1.69113,1.69144,3.75,1.35
2017.01.04 13:53:20.013,1.69112,1.69144,6.00,1.15
2017.01.04 13:53:20.473,1.69114,1.69144,1.00,1.15
2017.01.04 13:53:20.988,1.69113,1.69144,1.50,1.15
2017.01.04 13:53:21.191,1.69113,1.69144,1.00,1.15
2017.01.04 13:53:21.719,1.69113,1.69144,1.50,1.15
2017.01.04 13:53:22.142,1.69114,1.69144,2.25,1.15
2017.01.04 13:53:22.443,1.69117,1.69148,1.00,1.42
2017.01.04 13:53:23.003,1.69117,1.69147,1.00,1.35
2017.01.04 13:53:23.550,1.69117,1.69147,1.00,1.35
2017.01.04 13:53:23.601,1.69117,1.69148,1.00,2.17
2017.01.04 13:53:23.701,1.69117,1.69145,1.00,1.27
2017.01.04 13:53:23.752,1.69113,1.69144,1.00,1.15
2017.01.04 13:53:23.803,1.69113,1.69144,1.00,1.30
2017.01.04 13:53:24.922,1.69113,1.69147,1.50,5.17
2017.01.04 13:53:27.131,1.69112,1.69142,1.00,1.15
2017.01.04 13:53:27.804,1.69112,1.69144,1.00,1.65
2017.01.04 13:53:27.855,1.69112,1.69143,1.00,1.00
2017.01.04 13:53:28.057,1.69114,1.69143,1.00,1.20
2017.01.04 13:53:28.208,1.69112,1.69143,3.37,1.20
2017.01.04 13:53:29.271,1.69112,1.69143,1.50,1.50
2017.01.04 13:53:29.837,1.69113,1.69145,1.00,1.87
2017.01.04 13:53:30.046,1.69113,1.69144,1.00,1.75
2017.01.04 13:53:30.327,1.69113,1.69138,1.00,1.37
2017.01.04 13:53:30.479,1.69102,1.69136,2.25,1.87
2017.01.04 13:53:30.530,1.69099,1.69133,2.62,1.37
2017.01.04 13:53:30.580,1.69099,1.69133,1.50,1.37
2017.01.04 13:53:30.631,1.69099,1.69132,1.00,1.00
2017.01.04 13:53:30.681,1.69098,1.6913,1.00,1.00
2017.01.04 13:53:31.034,1.69102,1.69132,1.00,1.00
2017.01.04 13:53:31.551,1.69101,1.69133,1.00,1.50
2017.01.04 13:53:31.966,1.69101,1.69131,1.00,1.00
2017.01.04 13:53:32.468,1.691,1.69131,1.50,1.00
2017.01.04 13:53:33.018,1.69101,1.69131,1.00,1.00
2017.01.04 13:53:33.586,1.691,1.69131,1.00,1.00
2017.01.04 13:53:34.178,1.69101,1.69132,1.00,1.00
2017.01.04 13:53:34.727,1.691,1.69131,1.00,1.00
2017.01.04 13:53:35.247,1.691,1.69132,1.50,1.50
2017.01.04 13:53:35.807,1.69101,1.69132,1.00,1.00
2017.01.04 13:53:36.408,1.691,1.69132,1.50,1.00
2017.01.04 13:53:36.938,1.69104,1.69132,1.00,1.00
2017.01.04 13:53:37.039,1.69104,1.69134,1.00,2.62
2017.01.04 13:53:37.442,1.69102,1.69134,1.00,2.25
2017.01.04 13:53:37.975,1.69101,1.69133,1.00,4.12
2017.01.04 13:53:38.428,1.69099,1.69133,1.87,3.37
2017.01.04 13:53:39.713,1.69099,1.69132,1.00,1.50
2017.01.04 13:53:39.814,1.69097,1.6913,2.25,1.12
2017.01.04 13:53:40.016,1.69096,1.69128,1.50,1.37
2017.01.04 13:53:40.316,1.69096,1.6913,1.50,2.25
2017.01.04 13:53:40.515,1.69096,1.6913,1.50,2.25
2017.01.04 13:53:40.918,1.69098,1.69129,1.50,2.62
2017.01.04 13:53:41.769,1.69098,1.69129,1.00,1.00
2017.01.04 13:53:42.135,1.69101,1.6913,1.00,1.00
2017.01.04 13:53:42.527,1.69103,1.69134,1.00,2.25
2017.01.04 13:53:42.577,1.69101,1.69134,3.37,2.25
2017.01.04 13:53:42.728,1.69097,1.69131,3.00,1.12
2017.01.04 13:53:43.132,1.69099,1.69131,1.00,1.87
2017.01.04 13:53:43.766,1.691,1.69131,1.00,1.12
2017.01.04 13:53:44.137,1.69097,1.69131,2.25,1.00
2017.01.04 13:53:44.334,1.691,1.69131,1.00,1.00
2017.01.04 13:53:44.500,1.69098,1.69131,1.87,1.00
2017.01.04 13:53:44.551,1.69096,1.69126,1.00,1.00
2017.01.04 13:53:45.067,1.69095,1.69125,1.00,1.00
2017.01.04 13:53:45.534,1.69095,1.69127,1.00,1.12
2017.01.04 13:53:46.820,1.69092,1.69125,1.00,1.37
2017.01.04 13:53:46.971,1.69089,1.69121,1.37,1.12
2017.01.04 13:53:47.324,1.69091,1.69123,1.00,1.50
2017.01.04 13:53:48.240,1.69093,1.69125,1.00,1.50
2017.01.04 13:53:48.580,1.69094,1.69123,1.00,1.00
2017.01.04 13:53:48.732,1.69091,1.69121,1.00,1.00
2017.01.04 13:53:48.833,1.69094,1.69123,1.00,1.87
2017.01.04 13:53:48.884,1.69094,1.69125,1.00,2.25
2017.01.04 13:53:48.985,1.69092,1.69123,1.00,1.00
2017.01.04 13:53:49.136,1.69091,1.69125,1.00,1.50
2017.01.04 13:53:49.438,1.69094,1.69126,1.00,1.12
2017.01.04 13:53:49.842,1.69095,1.69129,1.00,1.37
2017.01.04 13:53:50.366,1.69096,1.6913,1.00,3.75
2017.01.04 13:53:50.672,1.69094,1.69128,1.00,1.50
2017.01.04 13:53:50.939,1.69096,1.69128,1.00,1.50
2017.01.04 13:53:51.184,1.69096,1.69128,1.00,1.50
2017.01.04 13:53:51.451,1.69094,1.69128,1.00,1.87
2017.01.04 13:53:51.553,1.69099,1.69128,1.00,1.12
2017.01.04 13:53:52.683,1.69099,1.6913,1.00,2.25
2017.01.04 13:53:53.186,1.691,1.6913,1.00,2.25
2017.01.04 13:53:53.977,1.691,1.6913,1.00,2.25
2017.01.04 13:53:54.454,1.69102,1.6913,1.00,2.25
2017.01.04 13:53:55.056,1.69102,1.6913,1.00,2.25
2017.01.04 13:53:55.637,1.691,1.6913,1.00,2.25
2017.01.04 13:53:56.367,1.69101,1.6913,1.00,2.25
2017.01.04 13:53:56.871,1.691,1.6913,1.00,2.25
2017.01.04 13:53:57.349,1.69102,1.69132,1.00,1.50
2017.01.04 13:53:57.852,1.69103,1.69132,1.00,1.12
2017.01.04 13:53:58.719,1.69101,1.69132,1.00,1.12
2017.01.04 13:54:00.578,1.69101,1.69132,1.00,1.50
2017.01.04 13:54:00.881,1.69101,1.69127,1.00,1.87
2017.01.04 13:54:01.492,1.69101,1.69128,1.00,2.62
2017.01.04 13:54:02.014,1.69101,1.69128,1.00,1.37
2017.01.04 13:54:03.398,1.69101,1.69128,1.00,1.12
2017.01.04 13:54:03.903,1.691,1.69128,1.00,1.37
2017.01.04 13:54:04.389,1.69102,1.69128,1.00,1.37
2017.01.04 13:54:06.046,1.691,1.69128,1.00,1.37
2017.01.04 13:54:06.449,1.69102,1.69128,1.00,1.00
2017.01.04 13:54:06.500,1.69102,1.69132,1.00,1.00
2017.01.04 13:54:07.981,1.69103,1.69133,1.00,1.37
2017.01.04 13:54:08.630,1.69102,1.69133,1.00,1.37
2017.01.04 13:54:09.278,1.69102,1.69134,1.00,1.12
2017.01.04 13:54:10.043,1.69102,1.69134,1.00,2.62
2017.01.04 13:54:10.846,1.69102,1.69133,1.00,1.37
2017.01.04 13:54:11.042,1.69105,1.69134,1.00,1.37
2017.01.04 13:54:11.573,1.69104,1.69135,1.00,1.37
2017.01.04 13:54:11.875,1.6911,1.69142,1.00,1.75
2017.01.04 13:54:11.926,1.6911,1.69142,1.00,1.50
2017.01.04 13:54:12.078,1.69113,1.69142,1.00,1.50
2017.01.04 13:54:12.385,1.69111,1.69142,1.50,1.37
2017.01.04 13:54:12.688,1.69113,1.69142,1.00,2.62
2017.01.04 13:54:13.404,1.69113,1.69142,1.00,1.50
2017.01.04 13:54:13.454,1.69111,1.69142,1.50,1.75
2017.01.04 13:54:13.871,1.69114,1.69142,1.00,1.75
2017.01.04 13:54:13.922,1.69114,1.69141,1.00,1.00
2017.01.04 13:54:14.275,1.69114,1.69146,1.12,1.35
2017.01.04 13:54:14.834,1.69114,1.69146,1.87,1.35
2017.01.04 13:54:15.386,1.69114,1.69147,1.87,1.42
2017.01.04 13:54:15.848,1.69114,1.69147,1.12,1.42
2017.01.04 13:54:16.236,1.69114,1.69147,1.87,1.35
2017.01.04 13:54:16.387,1.69114,1.69147,1.87,1.80
2017.01.04 13:54:16.927,1.69113,1.69147,2.25,1.80
2017.01.04 13:54:17.489,1.69114,1.69147,1.12,1.65
2017.01.04 13:54:17.590,1.69118,1.69147,1.00,1.00
2017.01.04 13:54:17.692,1.69119,1.69151,1.50,1.00
2017.01.04 13:54:17.742,1.69119,1.69151,2.25,1.00
2017.01.04 13:54:17.843,1.69119,1.69151,1.50,1.00
2017.01.04 13:54:18.199,1.69121,1.69153,1.00,1.87
2017.01.04 13:54:18.467,1.69121,1.69153,1.00,1.87
2017.01.04 13:54:18.517,1.69121,1.69153,1.00,1.87
2017.01.04 13:54:18.568,1.69117,1.69151,1.50,1.50
2017.01.04 13:54:18.867,1.69117,1.69147,1.00,1.00
2017.01.04 13:54:20.653,1.69115,1.69147,1.00,1.00
2017.01.04 13:54:21.264,1.69114,1.69146,2.25,1.00
2017.01.04 13:54:21.804,1.69115,1.69146,1.00,1.00
2017.01.04 13:54:22.161,1.69116,1.6915,1.00,1.87
2017.01.04 13:54:22.685,1.69116,1.6915,1.00,3.00
2017.01.04 13:54:23.197,1.69116,1.6915,1.00,2.25
2017.01.04 13:54:23.351,1.69118,1.69149,1.00,1.37
2017.01.04 13:54:23.692,1.6912,1.6915,1.00,1.00
2017.01.04 13:54:24.592,1.69118,1.6915,1.00,1.00
2017.01.04 13:54:27.076,1.69121,1.6915,1.00,1.00
2017.01.04 13:54:30.066,1.69121,1.69148,1.00,1.75
2017.01.04 13:54:30.179,1.69118,1.69148,1.00,1.75
2017.01.04 13:54:31.554,1.69125,1.69151,1.00,1.37
2017.01.04 13:54:31.605,1.69125,1.69152,1.00,1.00
2017.01.04 13:54:31.655,1.69132,1.69153,1.50,1.12
2017.01.04 13:54:31.809,1.69132,1.69155,2.62,1.00
2017.01.04 13:54:31.910,1.69132,1.69165,3.00,2.62
2017.01.04 13:54:31.961,1.69132,1.69165,3.00,2.25
2017.01.04 13:54:32.062,1.69134,1.69164,1.12,1.37
2017.01.04 13:54:32.645,1.69135,1.69164,1.00,1.37
2017.01.04 13:54:33.654,1.69135,1.69167,1.50,1.00
2017.01.04 13:54:33.705,1.69137,1.69169,1.00,1.12
2017.01.04 13:54:34.012,1.69135,1.69165,1.00,1.00
2017.01.04 13:54:34.685,1.69135,1.69168,1.00,1.00
2017.01.04 13:54:34.968,1.69135,1.69166,1.00,1.00
2017.01.04 13:54:35.271,1.69133,1.69164,1.00,1.50
2017.01.04 13:54:35.321,1.6913,1.69162,1.00,1.00
2017.01.04 13:54:35.624,1.69133,1.69164,1.00,1.12
2017.01.04 13:54:35.926,1.69135,1.69167,1.50,2.25
2017.01.04 13:54:36.449,1.69135,1.69168,1.12,1.00
2017.01.04 13:54:36.977,1.69134,1.69168,1.00,1.00
2017.01.04 13:54:37.481,1.69136,1.69168,1.00,1.00
2017.01.04 13:54:37.920,1.69134,1.69168,2.62,1.00
2017.01.04 13:54:38.540,1.69135,1.69168,1.00,1.00
2017.01.04 13:54:39.380,1.69136,1.69167,1.00,1.75
2017.01.04 13:54:39.581,1.69134,1.69167,4.50,1.75
2017.01.04 13:54:39.683,1.69135,1.69168,1.12,1.00
2017.01.04 13:54:39.733,1.6914,1.69169,1.00,1.00
2017.01.04 13:54:39.885,1.69138,1.69169,1.00,1.50
2017.01.04 13:54:40.413,1.69137,1.69169,2.25,1.50
2017.01.04 13:54:40.532,1.6914,1.69169,1.00,1.00
2017.01.04 13:54:40.633,1.69137,1.69169,3.75,1.00
2017.01.04 13:54:40.911,1.6914,1.69169,1.00,1.00
2017.01.04 13:54:42.015,1.69141,1.69169,1.00,1.00
2017.01.04 13:54:42.842,1.6914,1.69169,1.87,1.00
2017.01.04 13:54:43.345,1.69141,1.69169,1.00,1.00
2017.01.04 13:54:44.488,1.69143,1.69169,1.00,1.00
2017.01.04 13:54:44.589,1.69141,1.69169,1.12,1.00
2017.01.04 13:54:46.681,1.69141,1.69174,1.00,1.87
2017.01.04 13:54:47.835,1.69143,1.69173,1.00,1.37
2017.01.04 13:54:48.027,1.69141,1.69173,1.87,1.37
2017.01.04 13:54:48.522,1.69145,1.69176,1.00,2.25
2017.01.04 13:54:48.623,1.69142,1.69174,1.00,1.75
2017.01.04 13:54:48.876,1.69143,1.69177,1.00,1.87
2017.01.04 13:54:48.926,1.69145,1.69177,1.00,2.25
2017.01.04 13:54:49.463,1.69144,1.69177,1.00,2.25
2017.01.04 13:54:50.129,1.69145,1.69178,1.00,1.87
2017.01.04 13:54:50.432,1.69147,1.69178,1.00,1.75
2017.01.04 13:54:50.645,1.69144,1.69178,1.00,2.62
2017.01.04 13:54:51.965,1.69146,1.69178,1.12,1.87
2017.01.04 13:54:52.117,1.69149,1.69181,1.00,1.75
2017.01.04 13:54:52.218,1.69152,1.69184,1.00,1.12
2017.01.04 13:54:52.320,1.69152,1.69186,1.00,2.25
2017.01.04 13:54:52.421,1.69154,1.69187,1.00,1.12
2017.01.04 13:54:52.522,1.69156,1.69188,1.00,1.50
2017.01.04 13:54:53.091,1.69155,1.69188,1.00,1.87
2017.01.04 13:54:53.637,1.69155,1.69187,1.00,1.00
2017.01.04 13:54:54.156,1.69156,1.69188,1.00,1.50
2017.01.04 13:54:57.360,1.69154,1.69188,1.50,1.00
2017.01.04 13:54:57.867,1.69155,1.69189,1.00,1.87
2017.01.04 13:54:58.523,1.69156,1.69189,1.00,1.12
2017.01.04 13:54:59.059,1.69155,1.69189,1.00,1.87
2017.01.04 13:54:59.493,1.69155,1.69189,1.00,1.87
2017.01.04 13:55:01.171,1.69155,1.69189,1.00,1.87
2017.01.04 13:55:01.716,1.69154,1.69185,1.00,1.00
2017.01.04 13:55:02.238,1.69156,1.69182,1.00,1.37
2017.01.04 13:55:02.339,1.69146,1.69175,1.87,1.00
2017.01.04 13:55:02.391,1.69144,1.69175,1.75,1.00
2017.01.04 13:55:02.442,1.69145,1.69175,1.37,1.00
2017.01.04 13:55:02.543,1.6915,1.69176,1.00,1.50
2017.01.04 13:55:02.887,1.69155,1.69186,1.00,1.87
2017.01.04 13:55:02.938,1.69155,1.69186,1.00,1.37
2017.01.04 13:55:03.545,1.69154,1.69186,1.50,1.37
2017.01.04 13:55:04.071,1.69154,1.69184,1.50,1.00
2017.01.04 13:55:04.172,1.69155,1.69186,1.00,1.00
2017.01.04 13:55:04.562,1.69155,1.69188,1.00,1.87
2017.01.04 13:55:05.053,1.69155,1.69184,1.00,1.00
2017.01.04 13:55:05.561,1.69154,1.69186,2.25,1.87
2017.01.04 13:55:06.065,1.69155,1.69184,1.00,1.00
2017.01.04 13:55:06.581,1.69154,1.69184,1.00,1.00
2017.01.04 13:55:07.113,1.69155,1.69184,1.00,1.00
2017.01.04 13:55:07.624,1.69154,1.69184,1.00,1.00
2017.01.04 13:55:07.725,1.69151,1.69184,1.12,1.50
2017.01.04 13:55:07.844,1.69153,1.69184,1.00,1.50
2017.01.04 13:55:08.602,1.69154,1.69184,1.00,1.00
2017.01.04 13:55:08.653,1.69155,1.69186,1.00,1.12
2017.01.04 13:55:09.157,1.69155,1.69185,1.00,1.50
2017.01.04 13:55:09.654,1.69155,1.69183,1.00,1.00
2017.01.04 13:55:10.221,1.69156,1.69184,1.50,1.00
2017.01.04 13:55:10.736,1.69156,1.69187,1.50,1.87
2017.01.04 13:55:11.241,1.69156,1.69184,1.00,1.00
2017.01.04 13:55:11.995,1.69152,1.69184,2.25,1.00
2017.01.04 13:55:12.141,1.69156,1.69184,1.00,1.00
2017.01.04 13:55:12.671,1.69156,1.69186,1.00,1.37
2017.01.04 13:55:13.257,1.69157,1.69185,1.00,1.37
2017.01.04 13:55:13.308,1.69155,1.69183,1.00,1.00
2017.01.04 13:55:13.654,1.69151,1.69185,1.50,1.87
2017.01.04 13:55:13.755,1.69155,1.69185,1.00,1.87
2017.01.04 13:55:14.302,1.69155,1.69185,1.00,1.00
2017.01.04 13:55:15.128,1.69154,1.69185,1.00,1.00
2017.01.04 13:55:15.463,1.69156,1.69185,1.00,1.00
2017.01.04 13:55:15.579,1.69154,1.69185,1.00,1.00
2017.01.04 13:55:15.929,1.69156,1.69184,1.00,1.00
2017.01.04 13:55:16.231,1.69155,1.69182,1.00,1.00
2017.01.04 13:55:16.383,1.69155,1.69185,1.00,1.50
2017.01.04 13:55:16.584,1.69155,1.69183,1.50,1.00
2017.01.04 13:55:18.541,1.69155,1.69182,1.50,1.37
2017.01.04 13:55:18.592,1.69151,1.69182,1.00,1.37
2017.01.04 13:55:18.793,1.69147,1.69179,1.00,1.00
2017.01.04 13:55:18.844,1.6915,1.69179,1.00,1.00
2017.01.04 13:55:18.895,1.69151,1.69183,1.50,2.62
2017.01.04 13:55:19.419,1.69152,1.69183,1.00,1.50
2017.01.04 13:55:19.725,1.69151,1.69185,1.00,1.87
2017.01.04 13:55:19.776,1.69151,1.69183,1.00,1.00
2017.01.04 13:55:20.303,1.69151,1.69182,1.50,1.00
2017.01.04 13:55:20.903,1.69148,1.69182,4.12,1.00
2017.01.04 13:55:21.435,1.69152,1.69181,1.50,1.00
2017.01.04 13:55:21.486,1.69152,1.69183,1.00,1.00
2017.01.04 13:55:22.276,1.69152,1.69185,1.50,1.00
2017.01.04 13:55:22.377,1.69152,1.69182,1.87,1.00
2017.01.04 13:55:22.925,1.69153,1.69182,1.50,1.00
2017.01.04 13:55:22.975,1.69152,1.69184,1.87,1.00
2017.01.04 13:55:23.076,1.69152,1.69182,1.12,1.00
2017.01.04 13:55:23.480,1.69149,1.69182,1.37,2.25
2017.01.04 13:55:23.581,1.69153,1.69182,1.00,1.50
2017.01.04 13:55:24.091,1.69153,1.69181,1.00,1.00
2017.01.04 13:55:24.242,1.69148,1.69181,1.12,2.25
2017.01.04 13:55:24.343,1.6915,1.69181,1.00,2.62
2017.01.04 13:55:24.494,1.69145,1.69177,1.00,1.50
2017.01.04 13:55:24.696,1.69145,1.69174,1.00,1.00
2017.01.04 13:55:25.013,1.69147,1.69174,1.00,1.00
2017.01.04 13:55:25.400,1.69144,1.69174,1.00,1.00
2017.01.04 13:55:25.476,1.69147,1.69174,1.00,1.00
2017.01.04 13:55:25.895,1.69147,1.69176,1.00,1.50
2017.01.04 13:55:26.396,1.69144,1.69176,1.00,2.25
2017.01.04 13:55:26.816,1.69146,1.69175,1.00,1.00
2017.01.04 13:55:26.917,1.69144,1.69176,1.00,1.50
2017.01.04 13:55:26.967,1.69144,1.69174,1.00,1.00
2017.01.04 13:55:27.505,1.69144,1.69175,1.00,1.00
2017.01.04 13:55:28.351,1.69145,1.69175,1.00,1.00
2017.01.04 13:55:29.357,1.69145,1.69176,1.00,2.62
2017.01.04 13:55:29.861,1.69146,1.69173,1.00,1.50
2017.01.04 13:55:29.912,1.69141,1.69173,1.37,1.50
2017.01.04 13:55:30.081,1.69144,1.69175,1.00,1.37
2017.01.04 13:55:30.384,1.69142,1.69173,1.50,1.37
2017.01.04 13:55:30.930,1.69143,1.69173,1.00,1.87
2017.01.04 13:55:32.215,1.69142,1.69173,1.00,1.87
2017.01.04 13:55:32.534,1.69145,1.69171,1.00,1.00
2017.01.04 13:55:34.206,1.69145,1.69172,1.00,1.00
2017.01.04 13:55:34.375,1.69142,1.69172,1.00,1.00
2017.01.04 13:55:35.045,1.69144,1.69172,1.00,1.00
2017.01.04 13:55:35.566,1.69144,1.69171,1.00,1.00
2017.01.04 13:55:36.386,1.69143,1.69171,1.00,1.00
2017.01.04 13:55:37.024,1.69144,1.69171,1.00,1.00
2017.01.04 13:55:37.612,1.6914,1.69171,1.50,1.00
2017.01.04 13:55:38.820,1.6914,1.6917,1.00,1.00
2017.01.04 13:55:39.428,1.6914,1.69171,1.00,1.00
2017.01.04 13:55:39.934,1.6914,1.6917,1.00,1.50
2017.01.04 13:55:40.878,1.69137,1.6917,1.50,1.00
2017.01.04 13:55:41.131,1.69138,1.69172,1.00,2.25
2017.01.04 13:55:42.152,1.69139,1.69172,1.00,1.00
2017.01.04 13:55:42.203,1.69142,1.69173,1.00,1.00
2017.01.04 13:55:42.355,1.69146,1.69178,1.00,1.50
2017.01.04 13:55:42.995,1.69147,1.69179,1.00,1.00
2017.01.04 13:55:44.239,1.69148,1.6918,1.00,1.00
2017.01.04 13:55:47.858,1.69149,1.69181,1.00,1.50
2017.01.04 13:55:48.251,1.69151,1.69181,1.00,1.00
2017.01.04 13:55:52.921,1.6915,1.69181,1.00,1.50
2017.01.04 13:55:54.797,1.6915,1.69178,1.00,1.00
2017.01.04 13:55:55.050,1.69147,1.69177,1.00,1.00
2017.01.04 13:55:55.151,1.69147,1.69173,1.00,1.00
2017.01.04 13:55:55.201,1.69141,1.69171,1.87,1.50
2017.01.04 13:55:55.252,1.69141,1.69168,1.00,1.00
2017.01.04 13:55:55.454,1.69136,1.69165,1.00,1.00
2017.01.04 13:55:55.913,1.69139,1.69165,1.00,1.00
2017.01.04 13:55:55.963,1.69142,1.69174,1.00,2.25
2017.01.04 13:55:56.064,1.69144,1.69176,1.00,1.50
2017.01.04 13:55:56.577,1.69143,1.69173,1.00,1.00
2017.01.04 13:55:56.880,1.69143,1.69166,1.00,1.00
2017.01.04 13:55:57.031,1.69134,1.69166,1.50,1.00
2017.01.04 13:55:57.385,1.69134,1.69168,1.50,1.00
2017.01.04 13:55:57.600,1.69134,1.69168,1.50,1.37
2017.01.04 13:55:58.226,1.69134,1.69168,1.50,1.37
2017.01.04 13:55:59.006,1.69134,1.69168,1.50,1.00
2017.01.04 13:55:59.330,1.69138,1.69169,1.00,1.12
2017.01.04 13:56:00.626,1.69138,1.6917,1.00,1.50
2017.01.04 13:56:01.020,1.6914,1.69172,1.50,1.00
2017.01.04 13:56:01.284,1.69144,1.69178,1.00,2.25
2017.01.04 13:56:01.335,1.69146,1.69178,1.87,1.50
2017.01.04 13:56:01.638,1.6915,1.69182,1.00,1.00
2017.01.04 13:56:02.770,1.6915,1.69183,1.50,1.00
2017.01.04 13:56:03.310,1.6915,1.69182,1.00,2.25
2017.01.04 13:56:03.360,1.69148,1.69182,1.00,1.50
2017.01.04 13:56:05.179,1.69148,1.69181,1.00,1.00
2017.01.04 13:56:05.380,1.69146,1.69179,1.37,1.00
2017.01.04 13:56:06.012,1.69146,1.69179,1.00,1.00
2017.01.04 13:56:06.339,1.69148,1.6918,1.00,1.50
2017.01.04 13:56:06.641,1.69151,1.69183,1.00,1.87
2017.01.04 13:56:07.173,1.6915,1.69181,1.50,1.00
2017.01.04 13:56:07.535,1.69152,1.69181,1.00,1.00
2017.01.04 13:56:08.782,1.69153,1.69181,1.00,1.00
2017.01.04 13:56:09.032,1.69153,1.69183,1.00,1.00
2017.01.04 13:56:09.234,1.69153,1.69185,1.00,1.50
2017.01.04 13:56:09.543,1.69155,1.69184,1.00,1.00
2017.01.04 13:56:11.188,1.69153,1.69184,1.00,1.00
2017.01.04 13:56:12.318,1.69153,1.69185,1.00,1.50
2017.01.04 13:56:12.884,1.69155,1.69186,1.00,1.50
2017.01.04 13:56:13.187,1.69155,1.69188,1.00,1.50
2017.01.04 13:56:13.238,1.69155,1.69186,1.00,1.00
2017.01.04 13:56:13.288,1.69151,1.69184,1.37,1.00
2017.01.04 13:56:13.351,1.69149,1.69181,1.50,1.00
2017.01.04 13:56:14.083,1.69149,1.6918,1.00,1.00
2017.01.04 13:56:14.615,1.69146,1.69179,1.75,1.00
2017.01.04 13:56:14.767,1.69149,1.69181,1.00,1.00
2017.01.04 13:56:15.568,1.69147,1.69179,1.50,1.00
2017.01.04 13:56:15.851,1.69148,1.69182,1.12,1.50
2017.01.04 13:56:15.952,1.69148,1.6918,1.12,1.00
2017.01.04 13:56:16.205,1.69148,1.69182,1.12,1.50
2017.01.04 13:56:16.255,1.6915,1.69182,1.00,2.25
2017.01.04 13:56:16.558,1.6915,1.6918,1.00,1.00
2017.01.04 13:56:17.084,1.6915,1.69179,1.00,1.00
2017.01.04 13:56:17.825,1.6915,1.6918,1.00,1.00
2017.01.04 13:56:18.355,1.69148,1.69181,1.12,1.00
2017.01.04 13:56:21.093,1.69147,1.69179,1.50,1.00
2017.01.04 13:56:21.758,1.69148,1.69181,1.12,1.00
2017.01.04 13:56:22.482,1.69151,1.69181,1.00,1.00
2017.01.04 13:56:23.585,1.69149,1.69183,1.00,3.00
2017.01.04 13:56:23.786,1.69151,1.69183,1.12,1.00
2017.01.04 13:56:24.089,1.69154,1.69186,1.00,1.50
2017.01.04 13:56:24.662,1.69155,1.69187,1.00,1.50
2017.01.04 13:56:24.971,1.6916,1.69188,1.50,1.00
2017.01.04 13:56:25.075,1.69163,1.69194,1.00,1.37
2017.01.04 13:56:25.187,1.69163,1.69195,1.00,1.00
2017.01.04 13:56:25.490,1.69165,1.69196,1.00,1.50
2017.01.04 13:56:26.036,1.69166,1.69196,1.00,1.50
2017.01.04 13:56:28.094,1.69167,1.69196,1.00,1.00
2017.01.04 13:56:28.619,1.69167,1.69197,1.00,1.00
2017.01.04 13:56:28.915,1.69165,1.69197,1.00,1.50
2017.01.04 13:56:29.016,1.69162,1.69196,1.87,1.00
2017.01.04 13:56:29.319,1.6916,1.69193,1.12,1.00
2017.01.04 13:56:29.692,1.6916,1.6919,1.50,1.00
2017.01.04 13:56:29.995,1.69157,1.69188,1.37,1.00
2017.01.04 13:56:30.196,1.69157,1.69188,1.12,1.00
2017.01.04 13:56:30.510,1.69154,1.69186,1.12,1.00
2017.01.04 13:56:30.614,1.69151,1.69183,1.00,1.00
2017.01.04 13:56:30.917,1.69149,1.69181,1.00,1.50
2017.01.04 13:56:31.369,1.69149,1.69176,1.00,1.00
2017.01.04 13:56:31.572,1.69146,1.69175,1.00,1.00
2017.01.04 13:56:31.672,1.69146,1.69177,1.00,1.00
2017.01.04 13:56:32.133,1.69146,1.69175,1.00,1.00
2017.01.04 13:56:32.681,1.69146,1.69178,1.00,1.00
2017.01.04 13:56:33.247,1.69146,1.69177,1.00,1.00
2017.01.04 13:56:33.662,1.69146,1.6918,1.00,2.25
2017.01.04 13:56:34.305,1.69147,1.69178,1.00,1.00
2017.01.04 13:56:34.620,1.69147,1.6918,1.00,1.50
2017.01.04 13:56:35.125,1.69147,1.69181,1.00,1.00
2017.01.04 13:56:35.427,1.69147,1.69179,1.00,1.00
2017.01.04 13:56:35.478,1.69147,1.69181,1.00,1.00
2017.01.04 13:56:36.092,1.69147,1.6918,1.00,1.00
2017.01.04 13:56:36.546,1.69146,1.69178,1.00,1.00
2017.01.04 13:56:37.089,1.69148,1.6918,1.00,1.00
2017.01.04 13:56:37.419,1.69147,1.69178,1.00,1.00
2017.01.04 13:56:38.303,1.69148,1.69182,3.00,3.00
2017.01.04 13:56:38.404,1.69151,1.69182,1.00,1.00
2017.01.04 13:56:38.905,1.69151,1.69183,1.00,1.50
2017.01.04 13:56:39.414,1.69151,1.69182,1.00,1.50
2017.01.04 13:56:39.667,1.69146,1.69178,1.87,1.00
2017.01.04 13:56:39.717,1.69149,1.69181,1.00,1.00
2017.01.04 13:56:40.229,1.69148,1.6918,1.00,1.50
2017.01.04 13:56:40.767,1.69149,1.6918,1.00,1.50
2017.01.04 13:56:41.090,1.69149,1.69178,1.00,1.00
2017.01.04 13:56:41.597,1.69148,1.69178,1.00,1.00
2017.01.04 13:56:41.903,1.69146,1.69173,1.00,1.00
2017.01.04 13:56:42.004,1.69144,1.69173,1.00,1.00
2017.01.04 13:56:42.105,1.69141,1.69173,1.00,1.50
2017.01.04 13:56:42.256,1.69141,1.69171,1.00,1.00
2017.01.04 13:56:42.357,1.69142,1.69173,1.50,1.50
2017.01.04 13:56:42.508,1.69141,1.69175,3.00,1.50
2017.01.04 13:56:42.994,1.69144,1.69175,1.00,1.00
2017.01.04 13:56:43.045,1.69144,1.69177,1.00,1.00
2017.01.04 13:56:43.248,1.69146,1.69177,1.00,1.00
2017.01.04 13:56:43.350,1.69144,1.69177,2.25,1.00
2017.01.04 13:56:43.451,1.69145,1.69175,1.00,1.00
2017.01.04 13:56:44.298,1.69143,1.69174,2.25,1.00
2017.01.04 13:56:44.673,1.69145,1.69175,1.00,1.00
2017.01.04 13:56:45.230,1.69144,1.69175,1.00,1.00
2017.01.04 13:56:45.897,1.69145,1.69175,1.00,1.00
2017.01.04 13:56:46.451,1.69144,1.69175,1.00,1.00
2017.01.04 13:56:46.775,1.69146,1.69175,2.25,1.00
2017.01.04 13:56:46.927,1.69146,1.6918,2.62,1.00
2017.01.04 13:56:47.148,1.69148,1.6918,1.00,1.00
2017.01.04 13:56:47.481,1.69147,1.69176,1.00,1.00
2017.01.04 13:56:47.733,1.69145,1.69175,1.00,1.00
2017.01.04 13:56:47.937,1.69146,1.69173,1.00,1.00
2017.01.04 13:56:48.038,1.69141,1.69173,1.00,1.00
2017.01.04 13:56:48.189,1.6914,1.69171,1.00,1.00
2017.01.04 13:56:48.533,1.6914,1.69169,1.00,1.00
2017.01.04 13:56:48.684,1.69138,1.6917,1.87,1.00
2017.01.04 13:56:49.212,1.69138,1.69171,2.25,1.00
2017.01.04 13:56:49.262,1.69138,1.69169,2.25,1.00
2017.01.04 13:56:49.937,1.69138,1.69171,2.25,1.00
2017.01.04 13:56:51.390,1.69138,1.6917,1.00,1.00
2017.01.04 13:56:51.895,1.69138,1.69169,1.00,1.00
2017.01.04 13:56:52.405,1.69137,1.69169,1.00,1.00
2017.01.04 13:56:52.909,1.69136,1.69168,1.50,1.00
2017.01.04 13:56:53.010,1.69136,1.69166,1.00,1.00
2017.01.04 13:56:53.711,1.69136,1.69167,1.00,1.50
2017.01.04 13:56:54.454,1.69136,1.69166,1.00,1.00
2017.01.04 13:56:55.112,1.69136,1.69167,1.00,1.50
2017.01.04 13:56:55.462,1.69136,1.69165,1.00,1.00
2017.01.04 13:56:55.663,1.69133,1.69165,5.62,1.00
2017.01.04 13:56:56.174,1.69135,1.69165,2.62,1.00
2017.01.04 13:56:56.655,1.69134,1.69163,3.00,1.00
2017.01.04 13:56:57.188,1.69133,1.69164,4.12,1.50
2017.01.04 13:56:57.703,1.69133,1.69164,1.87,1.00
2017.01.04 13:56:58.171,1.69135,1.6916,1.50,1.00
2017.01.04 13:56:58.222,1.69129,1.69159,1.00,1.00
2017.01.04 13:56:58.323,1.69129,1.69153,1.00,1.00
2017.01.04 13:56:58.424,1.69129,1.69156,1.00,1.00
2017.01.04 13:56:58.475,1.69125,1.69156,1.00,1.00
2017.01.04 13:56:58.576,1.69124,1.69155,3.37,1.00
2017.01.04 13:56:58.626,1.69127,1.69157,1.37,1.00
2017.01.04 13:56:58.727,1.69127,1.69159,1.00,1.00
2017.01.04 13:56:58.828,1.6913,1.69159,1.00,1.00
2017.01.04 13:56:59.030,1.6913,1.69161,1.00,1.00
2017.01.04 13:56:59.132,1.69129,1.69157,1.50,1.00
2017.01.04 13:56:59.182,1.69125,1.69157,3.75,1.00
2017.01.04 13:56:59.384,1.69125,1.69155,3.00,1.00
2017.01.04 13:56:59.765,1.69123,1.69154,1.00,1.00
2017.01.04 13:56:59.866,1.69122,1.69149,1.50,1.00
2017.01.04 13:57:00.022,1.69123,1.69151,1.00,1.00
2017.01.04 13:57:00.186,1.69123,1.69154,3.00,1.00
2017.01.04 13:57:00.287,1.69124,1.69156,1.00,1.00
2017.01.04 13:57:00.438,1.69126,1.69155,1.00,1.00
2017.01.04 13:57:00.746,1.69128,1.69158,1.00,1.00
2017.01.04 13:57:00.847,1.69131,1.6916,1.00,1.50
2017.01.04 13:57:01.239,1.69129,1.69155,1.50,1.00
2017.01.04 13:57:01.340,1.69127,1.69155,1.50,1.00
2017.01.04 13:57:01.592,1.69129,1.69156,1.00,1.00
2017.01.04 13:57:01.794,1.6913,1.69158,1.00,1.00
2017.01.04 13:57:02.197,1.69128,1.6916,1.00,3.37
2017.01.04 13:57:02.738,1.69133,1.69162,1.50,1.00
2017.01.04 13:57:03.049,1.69133,1.69159,2.25,1.00
2017.01.04 13:57:03.532,1.69133,1.69162,1.00,1.00
2017.01.04 13:57:04.082,1.69131,1.6916,1.00,1.00
2017.01.04 13:57:04.234,1.69131,1.69163,1.00,1.00
2017.01.04 13:57:04.476,1.69133,1.69163,1.50,1.00
2017.01.04 13:57:04.527,1.69134,1.69165,1.00,1.00
2017.01.04 13:57:04.628,1.69131,1.69162,1.00,1.00
2017.01.04 13:57:04.931,1.69128,1.69157,1.50,1.00
2017.01.04 13:57:04.981,1.69128,1.69161,1.00,2.25
2017.01.04 13:57:05.083,1.69127,1.69159,1.00,1.00
2017.01.04 13:57:05.396,1.69124,1.69156,1.00,1.00
2017.01.04 13:57:05.759,1.69127,1.69159,1.00,1.50
2017.01.04 13:57:06.278,1.69127,1.6916,1.00,1.50
2017.01.04 13:57:06.581,1.69128,1.69158,1.00,1.00
2017.01.04 13:57:07.954,1.69131,1.69156,1.00,1.00
2017.01.04 13:57:08.055,1.69129,1.69159,1.00,1.00
2017.01.04 13:57:08.156,1.69126,1.69159,1.00,1.12
2017.01.04 13:57:08.701,1.69125,1.69158,1.00,1.12
2017.01.04 13:57:09.204,1.69125,1.69154,1.00,1.00
2017.01.04 13:57:10.232,1.69125,1.69154,1.00,1.37
2017.01.04 13:57:10.470,1.6912,1.69151,1.12,1.00
2017.01.04 13:57:10.521,1.69125,1.69154,1.00,1.00
2017.01.04 13:57:10.824,1.69126,1.69158,1.75,1.75
2017.01.04 13:57:10.975,1.69122,1.69154,1.00,1.50
2017.01.04 13:57:11.501,1.69122,1.69153,1.00,1.00
2017.01.04 13:57:12.150,1.69121,1.69153,1.50,1.00
2017.01.04 13:57:12.719,1.69123,1.69154,1.00,1.00
2017.01.04 13:57:13.055,1.69112,1.69142,1.75,1.00
2017.01.04 13:57:13.156,1.6911,1.69142,1.50,1.00
2017.01.04 13:57:13.527,1.69112,1.69144,1.12,1.00
2017.01.04 13:57:13.829,1.69119,1.69149,1.00,1.00
2017.01.04 13:57:14.333,1.69119,1.6915,1.00,1.00
2017.01.04 13:57:14.384,1.6912,1.69152,1.00,1.00
2017.01.04 13:57:14.434,1.69122,1.69152,1.00,1.00
2017.01.04 13:57:14.953,1.69123,1.69152,1.00,1.00
2017.01.04 13:57:15.054,1.69118,1.69152,1.12,1.00
2017.01.04 13:57:15.155,1.69116,1.6915,2.25,1.00
2017.01.04 13:57:15.458,1.69122,1.69153,1.00,1.75
2017.01.04 13:57:15.710,1.69125,1.69156,1.00,1.00
2017.01.04 13:57:16.686,1.69125,1.69154,1.00,1.87
2017.01.04 13:57:16.737,1.69125,1.69154,1.00,1.12
2017.01.04 13:57:16.788,1.69119,1.69151,1.00,1.00
2017.01.04 13:57:16.845,1.69119,1.69151,1.00,1.87
2017.01.04 13:57:16.908,1.69117,1.69148,1.12,1.87
2017.01.04 13:57:16.959,1.69114,1.69146,1.12,1.00
2017.01.04 13:57:17.060,1.69114,1.69145,1.00,1.00
2017.01.04 13:57:17.262,1.69111,1.69145,1.50,1.00
2017.01.04 13:57:17.746,1.6911,1.69142,1.50,1.00
2017.01.04 13:57:18.049,1.69112,1.69144,1.00,1.00
2017.01.04 13:57:18.588,1.69109,1.69143,2.25,1.50
2017.01.04 13:57:18.790,1.69111,1.69142,1.00,1.00
2017.01.04 13:57:19.095,1.69124,1.69154,1.50,1.37
2017.01.04 13:57:19.145,1.69124,1.69154,1.00,1.12
2017.01.04 13:57:19.196,1.69122,1.69154,1.00,1.37
2017.01.04 13:57:19.741,1.69123,1.69153,1.00,1.00
2017.01.04 13:57:19.993,1.69123,1.69154,1.87,1.00
2017.01.04 13:57:20.094,1.69127,1.69159,1.37,1.37
2017.01.04 13:57:20.195,1.6913,1.69162,1.00,1.12
2017.01.04 13:57:20.296,1.69128,1.69159,1.00,1.00
2017.01.04 13:57:20.599,1.69123,1.69156,1.75,1.00
2017.01.04 13:57:20.700,1.69123,1.69156,1.12,1.00
2017.01.04 13:57:20.751,1.69126,1.69156,1.00,1.00
2017.01.04 13:57:20.855,1.69128,1.69159,1.12,1.50
2017.01.04 13:57:21.378,1.69131,1.69159,1.00,1.00
2017.01.04 13:57:21.916,1.69131,1.69158,1.00,1.00
2017.01.04 13:57:22.563,1.69131,1.69159,1.00,1.00
2017.01.04 13:57:22.815,1.69132,1.69161,1.00,1.00
2017.01.04 13:57:22.866,1.6913,1.69161,1.00,1.00
2017.01.04 13:57:23.032,1.6913,1.69159,1.00,1.00
2017.01.04 13:57:23.184,1.6913,1.69161,1.37,1.00
2017.01.04 13:57:23.285,1.69133,1.69163,1.37,1.12
2017.01.04 13:57:23.336,1.69133,1.69163,1.87,1.00
2017.01.04 13:57:23.387,1.69133,1.69166,1.37,1.00
2017.01.04 13:57:23.488,1.69136,1.69165,1.00,1.00
2017.01.04 13:57:23.589,1.6913,1.69162,1.00,1.37
2017.01.04 13:57:23.690,1.69128,1.69159,1.00,1.00
2017.01.04 13:57:23.993,1.69124,1.69158,1.00,2.25
2017.01.04 13:57:24.043,1.69124,1.69158,1.37,2.25
2017.01.04 13:57:24.582,1.69128,1.69158,1.00,1.50
2017.01.04 13:57:24.722,1.69126,1.69158,1.00,1.00
2017.01.04 13:57:24.876,1.69124,1.69156,1.00,1.00
2017.01.04 13:57:25.381,1.69123,1.69155,1.00,1.50
2017.01.04 13:57:26.037,1.69123,1.69155,1.00,1.37
2017.01.04 13:57:26.399,1.69121,1.69153,1.00,1.00
2017.01.04 13:57:26.804,1.69119,1.69153,1.00,1.37
2017.01.04 13:57:27.308,1.6912,1.69152,1.00,1.12
2017.01.04 13:57:27.460,1.69122,1.69154,1.00,1.50
2017.01.04 13:57:27.510,1.69122,1.69154,1.00,1.00
2017.01.04 13:57:27.781,1.69125,1.69155,1.00,1.00
2017.01.04 13:57:28.187,1.69123,1.69156,1.50,1.87
2017.01.04 13:57:28.288,1.69127,1.69156,1.00,1.00
2017.01.04 13:57:28.796,1.69127,1.69157,1.00,1.12
2017.01.04 13:57:30.423,1.69127,1.69155,1.00,1.00
2017.01.04 13:57:30.473,1.69125,1.69155,1.00,1.00
2017.01.04 13:57:30.675,1.69127,1.69158,1.00,1.65
2017.01.04 13:57:30.877,1.69127,1.69158,1.00,1.00
2017.01.04 13:57:31.280,1.69127,1.69156,1.00,1.00
2017.01.04 13:57:31.381,1.69124,1.69157,1.00,1.00
2017.01.04 13:57:32.041,1.69124,1.69155,1.00,1.00
2017.01.04 13:57:32.142,1.69124,1.69158,1.00,1.50
2017.01.04 13:57:33.051,1.69126,1.69159,1.12,1.00
2017.01.04 13:57:33.102,1.6913,1.6916,1.00,1.12
2017.01.04 13:57:33.354,1.69132,1.69163,1.00,1.12
2017.01.04 13:57:33.405,1.69132,1.69164,1.37,1.00
2017.01.04 13:57:33.708,1.69134,1.69165,1.75,1.00
2017.01.04 13:57:33.859,1.69135,1.69167,1.50,1.50
2017.01.04 13:57:33.910,1.69137,1.69169,1.12,1.50
2017.01.04 13:57:34.112,1.69135,1.69164,1.37,1.00
2017.01.04 13:57:34.213,1.69135,1.69169,3.37,1.50
2017.01.04 13:57:34.314,1.6914,1.69169,1.00,1.00
2017.01.04 13:57:34.415,1.6914,1.69171,1.00,1.00
2017.01.04 13:57:34.667,1.6914,1.69169,1.00,1.00
2017.01.04 13:57:34.718,1.69138,1.69169,1.00,1.00
2017.01.04 13:57:35.059,1.69139,1.69171,1.00,2.25
2017.01.04 13:57:35.243,1.69139,1.69169,1.00,1.00
2017.01.04 13:57:35.402,1.69139,1.69171,1.00,1.50
2017.01.04 13:57:35.503,1.69137,1.69171,1.12,2.25
2017.01.04 13:57:35.816,1.69137,1.69168,1.12,1.00
2017.01.04 13:57:36.018,1.69139,1.69171,1.00,1.00
2017.01.04 13:57:37.215,1.69138,1.6917,1.00,1.12
2017.01.04 13:57:37.316,1.69135,1.69169,1.87,1.00
2017.01.04 13:57:37.860,1.69136,1.6917,1.00,1.87
2017.01.04 13:57:38.385,1.69139,1.69171,1.00,1.87
2017.01.04 13:57:38.892,1.69141,1.69173,1.50,2.25
2017.01.04 13:57:38.943,1.69141,1.69173,1.00,2.25
2017.01.04 13:57:40.442,1.69142,1.69173,1.00,1.00
2017.01.04 13:57:40.492,1.69144,1.69173,1.00,1.00
2017.01.04 13:57:40.700,1.69144,1.69175,1.00,1.50
2017.01.04 13:57:41.919,1.69148,1.69179,1.00,1.00
2017.01.04 13:57:42.423,1.69147,1.6918,1.50,1.00
2017.01.04 13:57:42.927,1.69153,1.69182,1.87,2.25
2017.01.04 13:57:43.029,1.69156,1.69188,1.37,1.37
2017.01.04 13:57:43.079,1.69156,1.6919,1.75,1.75
2017.01.04 13:57:43.130,1.69161,1.69192,1.00,1.00
2017.01.04 13:57:43.231,1.69161,1.69195,1.00,1.50
2017.01.04 13:57:43.282,1.69159,1.69191,1.87,1.00
2017.01.04 13:57:43.655,1.69159,1.69189,1.12,1.00
2017.01.04 13:57:44.115,1.69159,1.69191,1.87,1.00
2017.01.04 13:57:44.313,1.69161,1.69193,1.00,1.00
2017.01.04 13:57:44.464,1.69165,1.69198,1.00,1.00
2017.01.04 13:57:44.968,1.69165,1.69193,1.00,1.00
2017.01.04 13:57:45.019,1.6916,1.69192,1.75,1.00
2017.01.04 13:57:45.071,1.6916,1.69192,1.12,1.00
2017.01.04 13:57:45.603,1.69161,1.69194,1.00,1.50
2017.01.04 13:57:46.919,1.6916,1.69192,2.25,1.00
2017.01.04 13:57:47.469,1.69158,1.69191,1.50,1.00
2017.01.04 13:57:47.620,1.69165,1.69198,1.00,1.12
2017.01.04 13:57:47.722,1.69163,1.69197,1.50,1.50
2017.01.04 13:57:47.823,1.69163,1.69194,1.12,1.00
2017.01.04 13:57:48.118,1.69158,1.6919,1.00,1.00
2017.01.04 13:57:48.643,1.69159,1.69191,1.00,1.20
2017.01.04 13:57:48.844,1.69157,1.69189,1.50,1.00
2017.01.04 13:57:49.220,1.69157,1.69187,1.00,1.00
2017.01.04 13:57:49.321,1.69157,1.6919,1.00,1.15
2017.01.04 13:57:49.857,1.69158,1.69189,1.00,1.20
2017.01.04 13:57:49.908,1.69158,1.69192,1.00,2.40
2017.01.04 13:57:50.009,1.69159,1.69192,1.37,1.15
2017.01.04 13:57:50.111,1.6916,1.69193,1.00,1.20
2017.01.04 13:57:50.212,1.6916,1.69193,1.37,1.00
2017.01.04 13:57:50.263,1.69163,1.69195,1.12,1.50
2017.01.04 13:57:50.565,1.6916,1.69194,1.12,1.00
2017.01.04 13:57:50.942,1.69163,1.69195,1.00,1.50
2017.01.04 13:57:51.459,1.69164,1.69195,1.12,1.00
2017.01.04 13:57:51.611,1.69161,1.69193,1.00,1.00
2017.01.04 13:57:51.745,1.69163,1.69195,1.00,1.65
2017.01.04 13:57:52.152,1.6916,1.69193,1.87,1.15
2017.01.04 13:57:52.354,1.69158,1.69192,1.00,1.65
2017.01.04 13:57:52.455,1.6916,1.6919,1.00,1.00
2017.01.04 13:57:52.657,1.6916,1.69192,1.00,1.00
2017.01.04 13:57:52.861,1.69157,1.69191,1.50,1.00
2017.01.04 13:57:53.013,1.69158,1.69191,1.87,1.00
2017.01.04 13:57:53.063,1.69162,1.69195,1.00,1.20
2017.01.04 13:57:53.631,1.69162,1.69196,1.00,1.87
2017.01.04 13:57:54.572,1.69168,1.69196,1.00,2.25
2017.01.04 13:57:54.673,1.69172,1.69204,1.00,2.25
2017.01.04 13:57:54.724,1.6917,1.69204,1.00,1.50
2017.01.04 13:57:54.875,1.69173,1.69204,1.00,1.00
2017.01.04 13:57:55.179,1.69173,1.69202,1.00,1.00
2017.01.04 13:57:55.230,1.69173,1.69205,1.00,1.50
2017.01.04 13:57:55.906,1.69173,1.69204,1.00,1.50
2017.01.04 13:57:57.399,1.69173,1.69203,1.00,1.00
2017.01.04 13:57:57.500,1.6917,1.69202,1.12,1.00
2017.01.04 13:57:57.652,1.69167,1.69198,1.75,1.00
2017.01.04 13:57:57.702,1.69167,1.69198,1.37,1.00
2017.01.04 13:57:57.854,1.69165,1.69197,1.00,1.00
2017.01.04 13:57:58.391,1.69166,1.69198,1.00,1.00
2017.01.04 13:57:58.442,1.69168,1.69199,1.00,1.50
2017.01.04 13:57:59.046,1.69164,1.69198,1.12,1.00
2017.01.04 13:57:59.097,1.69164,1.69198,1.37,1.00
2017.01.04 13:57:59.248,1.69164,1.69198,1.50,1.00
2017.01.04 13:58:00.451,1.69164,1.69197,1.50,1.00
2017.01.04 13:58:05.431,1.69164,1.69196,1.00,1.00
2017.01.04 13:58:05.632,1.69163,1.69194,1.00,1.00
2017.01.04 13:58:05.884,1.69165,1.69197,1.00,2.25
2017.01.04 13:58:06.431,1.69164,1.69196,1.00,1.00
2017.01.04 13:58:06.779,1.69164,1.69194,1.00,1.00
2017.01.04 13:58:07.098,1.69166,1.69196,1.87,1.87
2017.01.04 13:58:07.401,1.69167,1.69193,1.00,1.00
2017.01.04 13:58:07.451,1.69164,1.69193,1.12,1.00
2017.01.04 13:58:07.553,1.69164,1.69195,1.00,1.00
2017.01.04 13:58:07.755,1.69161,1.69192,1.00,1.00
2017.01.04 13:58:08.309,1.69161,1.69191,1.00,1.00
2017.01.04 13:58:08.454,1.69161,1.69193,1.00,1.50
2017.01.04 13:58:08.658,1.69165,1.69194,1.00,1.00
2017.01.04 13:58:08.809,1.69169,1.692,1.00,1.87
2017.01.04 13:58:08.961,1.69169,1.69201,1.00,1.00
2017.01.04 13:58:09.488,1.6917,1.69202,1.00,1.50
2017.01.04 13:58:10.022,1.6917,1.69201,1.00,1.00
2017.01.04 13:58:10.526,1.69168,1.69202,1.37,2.25
2017.01.04 13:58:10.747,1.69172,1.69201,1.00,1.00
2017.01.04 13:58:11.050,1.69176,1.69207,1.12,1.75
2017.01.04 13:58:11.352,1.6917,1.69197,1.87,1.00
2017.01.04 13:58:11.453,1.69171,1.69199,1.00,1.00
2017.01.04 13:58:11.554,1.69173,1.692,1.00,1.00
2017.01.04 13:58:11.655,1.69168,1.69199,3.75,1.00
2017.01.04 13:58:11.907,1.69173,1.69199,1.00,1.00
2017.01.04 13:58:11.958,1.6917,1.692,1.12,1.00
2017.01.04 13:58:12.220,1.69171,1.69202,1.00,1.50
2017.01.04 13:58:12.372,1.69174,1.69203,1.00,1.00
2017.01.04 13:58:12.473,1.69175,1.69206,1.00,1.50
2017.01.04 13:58:12.726,1.69176,1.69204,1.00,1.00
2017.01.04 13:58:12.776,1.69173,1.69204,1.00,1.50
2017.01.04 13:58:12.878,1.69173,1.69202,1.00,1.50
2017.01.04 13:58:13.029,1.69169,1.692,1.50,1.00
2017.01.04 13:58:13.223,1.6917,1.69197,1.00,1.00
2017.01.04 13:58:13.475,1.6917,1.69199,1.00,1.00
2017.01.04 13:58:14.034,1.6917,1.692,1.00,1.00
2017.01.04 13:58:14.538,1.6917,1.69198,1.00,1.00
2017.01.04 13:58:14.639,1.6917,1.69201,1.00,1.00
2017.01.04 13:58:15.188,1.69169,1.69201,1.50,2.25
2017.01.04 13:58:15.489,1.6917,1.692,1.00,1.37
2017.01.04 13:58:15.691,1.69167,1.69197,1.00,1.00
2017.01.04 13:58:15.830,1.69167,1.69199,1.87,1.37
2017.01.04 13:58:15.881,1.6917,1.692,1.50,1.00
2017.01.04 13:58:15.932,1.6917,1.69198,1.37,1.00
2017.01.04 13:58:15.983,1.6917,1.69202,1.00,1.00
2017.01.04 13:58:16.084,1.69172,1.69203,1.00,1.00
2017.01.04 13:58:16.386,1.69169,1.69199,1.50,1.00
2017.01.04 13:58:16.891,1.69169,1.69198,1.00,1.00
2017.01.04 13:58:17.194,1.69166,1.69196,1.37,1.00
2017.01.04 13:58:17.295,1.69169,1.69199,1.00,1.00
2017.01.04 13:58:17.415,1.6917,1.69201,1.12,1.00
2017.01.04 13:58:17.998,1.6917,1.69202,1.50,1.00
2017.01.04 13:58:18.683,1.6917,1.692,1.00,1.50
2017.01.04 13:58:18.784,1.69168,1.692,1.12,1.50
2017.01.04 13:58:19.305,1.69164,1.69198,2.25,1.00
2017.01.04 13:58:19.658,1.69172,1.69202,1.00,1.00
2017.01.04 13:58:19.810,1.69172,1.69204,1.12,1.00
2017.01.04 13:58:21.337,1.69172,1.69204,1.12,1.87
2017.01.04 13:58:21.589,1.69163,1.69195,1.00,1.00
2017.01.04 13:58:21.993,1.69165,1.69197,1.00,1.50
2017.01.04 13:58:22.295,1.69167,1.69197,1.00,1.00
2017.01.04 13:58:22.548,1.69166,1.69199,1.00,1.00
2017.01.04 13:58:22.752,1.69171,1.69199,1.00,1.00
2017.01.04 13:58:22.803,1.69171,1.69203,1.00,1.50
2017.01.04 13:58:22.954,1.6917,1.69205,1.12,2.62
2017.01.04 13:58:23.106,1.69172,1.69204,1.87,1.00
2017.01.04 13:58:23.257,1.69169,1.69204,1.12,2.25
2017.01.04 13:58:23.358,1.69168,1.692,1.50,1.00
2017.01.04 13:58:23.409,1.69168,1.69202,2.25,1.50
2017.01.04 13:58:23.510,1.69168,1.69204,1.87,2.25
2017.01.04 13:58:23.891,1.69171,1.69204,1.00,1.00
2017.01.04 13:58:24.416,1.69171,1.69205,1.00,1.00
2017.01.04 13:58:24.757,1.69176,1.69203,1.00,1.00
2017.01.04 13:58:24.808,1.69182,1.6921,1.00,1.50
2017.01.04 13:58:24.909,1.69187,1.69218,1.00,1.75
2017.01.04 13:58:24.960,1.69187,1.69218,1.00,1.37
2017.01.04 13:58:25.111,1.69181,1.69211,1.50,1.00
2017.01.04 13:58:25.162,1.69183,1.69211,1.00,1.00
2017.01.04 13:58:25.213,1.69185,1.69219,1.00,2.25
2017.01.04 13:58:25.314,1.69181,1.69215,2.62,1.00
2017.01.04 13:58:25.615,1.69183,1.69217,1.37,1.00
2017.01.04 13:58:25.665,1.69187,1.69221,1.12,2.25
2017.01.04 13:58:25.716,1.69192,1.69221,1.12,1.37
2017.01.04 13:58:25.767,1.69195,1.69226,1.00,1.12
2017.01.04 13:58:26.063,1.69197,1.69227,1.00,1.12
2017.01.04 13:58:26.699,1.69197,1.69226,1.00,1.50
2017.01.04 13:58:26.952,1.69197,1.69229,1.00,1.00
2017.01.04 13:58:27.103,1.69199,1.69229,1.00,1.50
2017.01.04 13:58:27.305,1.69193,1.69224,1.12,1.12
2017.01.04 13:58:27.406,1.69191,1.69224,1.00,1.37
2017.01.04 13:58:27.603,1.69191,1.69216,1.00,1.00
2017.01.04 13:58:27.705,1.69186,1.69216,2.62,1.00
2017.01.04 13:58:27.806,1.69184,1.69216,1.50,1.00
2017.01.04 13:58:28.158,1.69183,1.69216,1.00,1.00
2017.01.04 13:58:28.579,1.69182,1.69216,2.25,1.50
2017.01.04 13:58:28.914,1.69188,1.69218,1.00,1.87
2017.01.04 13:58:29.166,1.6919,1.6922,1.00,1.50
2017.01.04 13:58:29.217,1.69192,1.6922,1.00,1.00
2017.01.04 13:58:29.271,1.69194,1.69226,1.00,1.00
2017.01.04 13:58:29.372,1.69193,1.69223,1.00,1.00
2017.01.04 13:58:29.473,1.69187,1.6922,1.50,1.00
2017.01.04 13:58:29.725,1.69186,1.69218,1.75,1.00
2017.01.04 13:58:30.230,1.69186,1.69217,1.75,1.00
2017.01.04 13:58:30.743,1.69186,1.69218,1.75,1.00
2017.01.04 13:58:30.895,1.69186,1.69218,1.00,1.00
2017.01.04 13:58:31.010,1.69186,1.69216,1.00,1.00
2017.01.04 13:58:32.306,1.69186,1.69215,1.00,1.00
2017.01.04 13:58:32.407,1.69184,1.69215,1.12,1.00
2017.01.04 13:58:32.508,1.69181,1.69213,1.00,1.50
2017.01.04 13:58:32.911,1.69183,1.69213,1.00,1.00
2017.01.04 13:58:33.109,1.69183,1.69215,1.00,1.50
2017.01.04 13:58:33.210,1.6918,1.69212,1.00,1.00
2017.01.04 13:58:33.570,1.69178,1.69196,1.00,1.00
2017.01.04 13:58:33.622,1.69168,1.69194,1.00,1.00
2017.01.04 13:58:33.673,1.69163,1.69194,1.50,1.00
2017.01.04 13:58:33.724,1.69163,1.69192,1.00,1.00
2017.01.04 13:58:34.027,1.69165,1.69192,1.00,1.00
2017.01.04 13:58:34.249,1.69167,1.69198,1.50,1.00
2017.01.04 13:58:34.501,1.6917,1.69203,1.00,1.00
2017.01.04 13:58:34.703,1.69169,1.692,1.50,1.00
2017.01.04 13:58:35.500,1.69173,1.69205,1.00,1.00
2017.01.04 13:58:35.601,1.69176,1.69206,1.00,1.12
2017.01.04 13:58:35.702,1.69174,1.69206,1.12,1.50
2017.01.04 13:58:35.803,1.69172,1.69204,2.25,1.00
2017.01.04 13:58:37.018,1.69174,1.69206,1.12,1.50
2017.01.04 13:58:38.197,1.69178,1.69209,1.00,1.37
2017.01.04 13:58:38.248,1.69179,1.69209,1.00,1.00
2017.01.04 13:58:38.299,1.69179,1.69211,1.50,1.00
2017.01.04 13:58:38.350,1.69179,1.69211,1.87,1.00
2017.01.04 13:58:38.400,1.69184,1.69214,1.00,1.00
2017.01.04 13:58:38.843,1.69184,1.69215,1.37,1.50
2017.01.04 13:58:38.894,1.69186,1.69218,1.50,2.25
2017.01.04 13:58:38.995,1.69192,1.6922,1.00,1.00
2017.01.04 13:58:39.196,1.69189,1.69221,1.00,1.00
2017.01.04 13:58:39.398,1.69189,1.69223,1.00,1.50
2017.01.04 13:58:39.499,1.69189,1.6922,1.00,1.00
2017.01.04 13:58:39.963,1.69189,1.69222,1.00,1.50
2017.01.04 13:58:40.623,1.69189,1.69223,1.00,1.50
2017.01.04 13:58:40.805,1.69191,1.69224,1.00,1.12
2017.01.04 13:58:41.133,1.6919,1.69222,1.00,1.00
2017.01.04 13:58:42.164,1.6919,1.69222,1.00,1.37
2017.01.04 13:58:42.366,1.69195,1.69227,1.00,1.00
2017.01.04 13:58:42.719,1.69197,1.69229,1.00,1.12
2017.01.04 13:58:43.022,1.69202,1.69233,1.00,1.00
2017.01.04 13:58:43.533,1.69202,1.69234,1.00,2.25
2017.01.04 13:58:43.836,1.692,1.69232,1.00,1.00
2017.01.04 13:58:44.770,1.692,1.69229,1.00,1.00
2017.01.04 13:58:45.073,1.692,1.69232,1.00,1.87
2017.01.04 13:58:45.648,1.692,1.69231,1.00,1.00
2017.01.04 13:58:45.904,1.69196,1.6923,1.75,1.87
2017.01.04 13:58:46.026,1.69196,1.69229,1.00,1.00
2017.01.04 13:58:46.127,1.69195,1.69227,1.00,1.50
2017.01.04 13:58:46.670,1.69195,1.69227,1.00,1.87
2017.01.04 13:58:47.203,1.69196,1.69227,1.00,1.37
2017.01.04 13:58:47.722,1.69196,1.69227,1.00,1.00
2017.01.04 13:58:48.245,1.69196,1.69227,1.00,1.37
2017.01.04 13:58:48.396,1.69196,1.69228,1.00,1.50
2017.01.04 13:58:48.447,1.69196,1.69226,1.00,1.00
2017.01.04 13:58:48.972,1.69196,1.69227,1.00,1.00
2017.01.04 13:58:50.117,1.69196,1.69226,1.00,1.00
2017.01.04 13:58:50.520,1.69197,1.69229,1.00,1.87
2017.01.04 13:58:50.713,1.69195,1.69227,1.12,1.00
2017.01.04 13:58:51.034,1.69197,1.69229,1.00,1.50
2017.01.04 13:58:51.240,1.69194,1.69227,1.00,1.00
2017.01.04 13:58:51.744,1.69194,1.69228,1.00,1.50
2017.01.04 13:58:52.927,1.69193,1.69226,1.12,1.00
2017.01.04 13:58:53.265,1.69197,1.69226,1.00,1.00
2017.01.04 13:58:53.416,1.69194,1.69226,1.00,1.50
2017.01.04 13:58:54.522,1.69194,1.69226,1.37,1.50
2017.01.04 13:58:54.976,1.69194,1.69227,1.12,1.00
2017.01.04 13:58:55.126,1.69193,1.69224,1.50,1.00
2017.01.04 13:58:55.740,1.69193,1.69227,1.50,1.37
2017.01.04 13:58:56.286,1.69193,1.69227,1.12,1.37
2017.01.04 13:58:56.658,1.69193,1.69227,1.50,1.00
2017.01.04 13:58:56.760,1.69196,1.69228,1.87,1.00
2017.01.04 13:58:57.481,1.69196,1.69228,2.62,1.37
2017.01.04 13:58:57.784,1.69193,1.69221,2.25,1.00
2017.01.04 13:58:57.936,1.69193,1.69225,2.25,1.00
2017.01.04 13:58:58.460,1.69196,1.69224,1.12,1.00
2017.01.04 13:58:58.561,1.69196,1.69229,1.12,2.25
2017.01.04 13:58:58.691,1.69199,1.69229,1.00,1.50
2017.01.04 13:58:58.994,1.69204,1.69233,1.00,1.00
2017.01.04 13:58:59.297,1.69206,1.69233,1.00,1.00
2017.01.04 13:58:59.398,1.69203,1.69233,1.12,1.00
2017.01.04 13:58:59.499,1.69203,1.69235,1.12,1.00
2017.01.04 13:58:59.550,1.69206,1.69235,1.00,1.00
2017.01.04 13:58:59.752,1.69202,1.69233,1.50,1.00
2017.01.04 13:59:00.057,1.69204,1.69236,1.00,1.50
2017.01.04 13:59:00.218,1.69208,1.69235,1.00,1.37
2017.01.04 13:59:00.419,1.692,1.6923,1.75,1.87
2017.01.04 13:59:00.520,1.692,1.69229,1.00,1.50
2017.01.04 13:59:00.571,1.69197,1.69229,3.00,1.50
2017.01.04 13:59:00.823,1.69197,1.69227,1.50,1.12
2017.01.04 13:59:01.075,1.69194,1.69227,1.00,2.25
2017.01.04 13:59:01.319,1.69191,1.69225,1.50,1.00
2017.01.04 13:59:01.993,1.69191,1.69225,1.50,1.37
2017.01.04 13:59:02.144,1.69185,1.69218,2.62,1.75
2017.01.04 13:59:02.653,1.69188,1.69217,1.00,1.12
2017.01.04 13:59:03.625,1.69189,1.69217,1.00,1.12
2017.01.04 13:59:03.826,1.69187,1.69218,1.00,1.87
2017.01.04 13:59:04.122,1.6919,1.69218,1.00,1.87
2017.01.04 13:59:04.627,1.69189,1.69218,1.00,1.87
2017.01.04 13:59:05.444,1.69188,1.69217,1.00,1.12
2017.01.04 13:59:08.790,1.69188,1.6922,2.25,1.00
2017.01.04 13:59:08.841,1.69188,1.69214,1.75,1.00
2017.01.04 13:59:08.992,1.69183,1.69214,1.00,1.37
2017.01.04 13:59:09.292,1.69184,1.69214,1.75,1.00
2017.01.04 13:59:09.832,1.69183,1.69215,3.00,1.00
2017.01.04 13:59:10.040,1.69185,1.69217,1.50,1.50
2017.01.04 13:59:10.715,1.69186,1.69218,1.37,1.00
2017.01.04 13:59:11.261,1.69186,1.69219,1.37,1.12
2017.01.04 13:59:12.507,1.69186,1.69218,1.37,1.00
2017.01.04 13:59:13.553,1.69184,1.69218,1.75,1.87
2017.01.04 13:59:13.856,1.69173,1.69205,3.00,1.00
2017.01.04 13:59:13.907,1.69173,1.69205,2.62,1.00
2017.01.04 13:59:13.957,1.69175,1.69207,1.00,1.50
2017.01.04 13:59:14.367,1.69173,1.69205,2.62,1.00
2017.01.04 13:59:14.519,1.69173,1.69204,1.37,1.00
2017.01.04 13:59:14.570,1.69177,1.69208,1.00,1.12
2017.01.04 13:59:14.671,1.69178,1.69211,1.00,1.50
2017.01.04 13:59:16.662,1.69181,1.69213,1.00,2.25
2017.01.04 13:59:20.582,1.69182,1.69213,1.50,1.75
2017.01.04 13:59:20.822,1.69187,1.69219,1.50,1.00
2017.01.04 13:59:20.873,1.69187,1.69219,1.12,2.25
2017.01.04 13:59:20.974,1.69185,1.69217,1.12,1.50
2017.01.04 13:59:21.076,1.69187,1.69216,1.00,1.00
2017.01.04 13:59:21.379,1.69185,1.69217,1.00,1.37
2017.01.04 13:59:22.147,1.69183,1.69213,1.12,1.00
2017.01.04 13:59:22.450,1.69179,1.69211,1.50,1.00
2017.01.04 13:59:23.199,1.6918,1.69211,1.00,1.00
2017.01.04 13:59:23.300,1.69181,1.69211,1.37,1.00
2017.01.04 13:59:23.350,1.69184,1.69214,1.00,1.00
2017.01.04 13:59:24.688,1.69184,1.69213,1.00,1.00
2017.01.04 13:59:24.789,1.69179,1.6921,1.12,1.00
2017.01.04 13:59:24.840,1.69178,1.6921,2.25,1.00
2017.01.04 13:59:25.713,1.6918,1.6921,1.12,1.00
2017.01.04 13:59:25.763,1.69184,1.69215,1.00,1.75
2017.01.04 13:59:25.965,1.69188,1.69218,1.00,1.00
2017.01.04 13:59:26.117,1.69189,1.69221,1.00,1.00
2017.01.04 13:59:26.167,1.69191,1.69221,1.00,1.00
2017.01.04 13:59:26.268,1.69188,1.69221,1.87,1.00
2017.01.04 13:59:26.489,1.69188,1.69219,1.00,1.00
2017.01.04 13:59:27.080,1.69189,1.69219,1.50,1.00
2017.01.04 13:59:27.181,1.69189,1.69221,2.25,1.50
2017.01.04 13:59:28.119,1.69189,1.69221,1.00,3.37
2017.01.04 13:59:28.439,1.69184,1.69214,1.00,1.00
2017.01.04 13:59:29.606,1.69188,1.69215,1.00,1.00
2017.01.04 13:59:29.656,1.69185,1.69215,1.00,1.00
2017.01.04 13:59:29.959,1.69187,1.69218,1.00,1.00
2017.01.04 13:59:30.010,1.69187,1.69216,1.00,1.00
2017.01.04 13:59:30.533,1.69185,1.69216,1.37,1.12
2017.01.04 13:59:30.685,1.69182,1.69213,1.12,1.00
2017.01.04 13:59:31.188,1.69182,1.69214,2.25,1.00
2017.01.04 13:59:31.711,1.69182,1.69213,2.25,1.00
2017.01.04 13:59:32.144,1.69182,1.69214,1.87,1.00
2017.01.04 13:59:32.773,1.6918,1.69212,3.00,1.00
2017.01.04 13:59:33.086,1.69181,1.69215,2.25,1.87
2017.01.04 13:59:34.455,1.69182,1.69213,1.12,1.00
2017.01.04 13:59:34.763,1.69181,1.6921,1.00,1.00
2017.01.04 13:59:35.234,1.69181,1.69214,1.37,1.00
2017.01.04 13:59:35.335,1.69181,1.69214,1.00,1.00
2017.01.04 13:59:35.385,1.69181,1.69212,1.50,1.00
2017.01.04 13:59:35.688,1.69186,1.69216,1.37,1.00
2017.01.04 13:59:35.839,1.69186,1.69218,1.37,1.00
2017.01.04 13:59:36.343,1.69186,1.69218,1.00,1.50
2017.01.04 13:59:38.260,1.69186,1.69217,1.00,1.00
2017.01.04 13:59:38.462,1.69188,1.69218,1.00,1.00
2017.01.04 13:59:38.978,1.69188,1.69219,1.00,1.50
2017.01.04 13:59:39.281,1.692,1.69232,1.87,1.75
2017.01.04 13:59:39.584,1.69202,1.69234,1.50,1.50
2017.01.04 13:59:40.098,1.69202,1.69233,1.50,1.00
2017.01.04 13:59:40.250,1.69201,1.69231,1.75,1.00
2017.01.04 13:59:40.383,1.69201,1.69233,1.75,1.00
2017.01.04 13:59:40.686,1.69204,1.69235,1.12,1.50
2017.01.04 13:59:41.705,1.69203,1.69234,1.37,1.00
2017.01.04 13:59:42.209,1.69201,1.69233,1.75,1.00
2017.01.04 13:59:42.578,1.69203,1.69235,1.37,1.50
2017.01.04 13:59:43.157,1.69203,1.69233,1.37,1.00
2017.01.04 13:59:43.510,1.69201,1.69235,2.25,1.50
2017.01.04 13:59:44.042,1.69203,1.69234,1.37,1.00
2017.01.04 13:59:44.792,1.69201,1.69235,3.37,1.50
2017.01.04 13:59:45.509,1.69202,1.69233,1.50,1.00
2017.01.04 13:59:45.944,1.69202,1.69233,1.12,1.00
2017.01.04 13:59:45.995,1.69205,1.69237,1.37,1.12
2017.01.04 13:59:46.096,1.69205,1.69238,1.00,1.37
2017.01.04 13:59:46.197,1.69205,1.69238,1.00,2.25
2017.01.04 13:59:46.348,1.69203,1.69234,1.00,1.12
2017.01.04 13:59:46.399,1.69199,1.69232,3.75,1.00
2017.01.04 13:59:46.981,1.69199,1.69233,2.25,1.50
2017.01.04 13:59:47.382,1.69203,1.69232,1.00,1.00
2017.01.04 13:59:47.584,1.69199,1.69231,1.00,1.00
2017.01.04 13:59:48.735,1.69199,1.69231,1.37,1.00
2017.01.04 13:59:49.234,1.69201,1.69233,1.00,1.50
2017.01.04 13:59:49.790,1.692,1.69232,1.50,1.00
2017.01.04 13:59:50.294,1.692,1.69231,1.50,1.00
2017.01.04 13:59:50.818,1.69201,1.69232,1.00,1.00
2017.01.04 13:59:51.070,1.69201,1.69231,1.37,1.00
2017.01.04 13:59:51.120,1.69204,1.69234,1.37,1.00
2017.01.04 13:59:51.272,1.69207,1.69234,1.00,1.00
2017.01.04 13:59:51.524,1.69207,1.69239,2.62,1.50
2017.01.04 13:59:51.575,1.69208,1.69239,1.00,1.12
2017.01.04 13:59:52.916,1.69208,1.69238,1.00,1.00
2017.01.04 13:59:53.017,1.69204,1.69237,1.12,1.00
2017.01.04 13:59:53.520,1.69204,1.69238,1.50,1.50
2017.01.04 13:59:53.571,1.69208,1.69238,1.50,1.50
2017.01.04 13:59:54.187,1.69206,1.69238,1.00,1.00
2017.01.04 13:59:54.756,1.69207,1.69238,1.00,1.00
2017.01.04 13:59:54.807,1.69209,1.69238,1.00,1.00
2017.01.04 13:59:55.231,1.69207,1.69238,1.50,1.00
2017.01.04 13:59:55.740,1.69208,1.69238,1.00,1.00
2017.01.04 13:59:55.999,1.69209,1.69242,1.12,2.25
2017.01.04 13:59:56.206,1.69213,1.69245,1.00,2.62
2017.01.04 13:59:59.477,1.69212,1.69245,1.00,2.25
2017.01.04 13:59:59.780,1.69211,1.69241,1.00,1.00
