2010.04.15 10:00:00.534,1.6543,1.65475,1.40,1.40
2010.04.15 10:00:00.994,1.6542,1.65475,1.40,1.40
2010.04.15 10:00:01.724,1.6544,1.65485,1.40,1.40
2010.04.15 10:00:02.046,1.65435,1.6548,1.40,1.40
2010.04.15 10:00:02.364,1.6543,1.65475,1.40,1.40
2010.04.15 10:00:03.189,1.6542,1.65465,1.40,1.40
2010.04.15 10:00:03.444,1.6541,1.6545,1.40,1.40
2010.04.15 10:00:04.361,1.65415,1.65455,1.40,1.40
2010.04.15 10:00:04.683,1.65425,1.65465,1.40,1.40
2010.04.15 10:00:05.023,1.65435,1.65475,1.40,1.40
2010.04.15 10:00:06.862,1.65425,1.6547,1.40,1.40
2010.04.15 10:00:07.962,1.65425,1.65465,1.40,1.40
2010.04.15 10:00:08.302,1.6544,1.6548,1.40,1.40
2010.04.15 10:00:08.842,1.6543,1.6547,1.40,1.40
2010.04.15 10:00:09.112,1.6543,1.65475,1.40,1.40
2010.04.15 10:00:09.780,1.65435,1.65475,1.40,1.40
2010.04.15 10:00:10.043,1.6542,1.65465,1.40,1.40
2010.04.15 10:00:10.303,1.65425,1.65475,1.40,1.40
2010.04.15 10:00:10.742,1.6543,1.65475,1.40,1.40
2010.04.15 10:00:12.621,1.65435,1.65475,1.40,1.40
2010.04.15 10:00:12.881,1.65445,1.6549,1.40,1.40
2010.04.15 10:00:13.011,1.65435,1.65485,1.40,1.40
2010.04.15 10:00:13.566,1.6543,1.6547,1.40,1.40
2010.04.15 10:00:13.698,1.65425,1.6547,1.40,1.40
2010.04.15 10:00:14.370,1.65415,1.6546,1.40,1.40
2010.04.15 10:00:14.711,1.6541,1.65455,1.40,1.40
2010.04.15 10:00:16.380,1.65405,1.6545,1.40,1.40
2010.04.15 10:00:16.610,1.65395,1.6544,1.40,1.40
2010.04.15 10:00:17.631,1.654,1.65445,1.40,1.40
2010.04.15 10:00:17.870,1.6541,1.65455,1.40,1.40
2010.04.15 10:00:18.110,1.65405,1.6545,1.40,1.40
2010.04.15 10:00:19.925,1.654,1.65445,1.40,1.40
2010.04.15 10:00:20.359,1.65405,1.6545,1.40,1.40
2010.04.15 10:00:26.457,1.65415,1.65455,1.40,1.40
2010.04.15 10:00:26.697,1.65405,1.6545,1.40,1.40
2010.04.15 10:00:28.157,1.6541,1.65455,1.40,1.40
2010.04.15 10:00:29.707,1.6542,1.6546,1.40,1.40
2010.04.15 10:00:31.346,1.65415,1.6546,1.40,1.40
2010.04.15 10:00:33.986,1.6541,1.6545,1.40,1.40
2010.04.15 10:00:34.486,1.654,1.6545,1.40,1.40
2010.04.15 10:00:34.736,1.654,1.6544,1.40,1.40
2010.04.15 10:00:35.261,1.6539,1.65435,1.40,1.40
2010.04.15 10:00:35.586,1.654,1.6544,1.40,1.40
2010.04.15 10:00:35.876,1.6539,1.65435,1.40,1.40
2010.04.15 10:00:36.165,1.65405,1.6545,1.40,1.40
2010.04.15 10:00:38.046,1.654,1.6544,1.40,1.40
2010.04.15 10:00:39.045,1.65385,1.6543,1.40,1.40
2010.04.15 10:00:40.355,1.6539,1.65435,1.40,1.40
2010.04.15 10:00:40.675,1.65385,1.65425,1.40,1.40
2010.04.15 10:00:41.524,1.6539,1.6543,1.40,1.40
2010.04.15 10:00:43.893,1.6536,1.65405,1.40,1.40
2010.04.15 10:00:44.615,1.6538,1.65425,1.40,1.40
2010.04.15 10:00:44.844,1.6537,1.65415,1.40,1.40
2010.04.15 10:00:49.192,1.6538,1.65425,1.40,1.40
2010.04.15 10:00:50.232,1.6537,1.6541,1.40,1.40
2010.04.15 10:00:51.862,1.6537,1.65415,1.40,1.40
2010.04.15 10:00:52.192,1.6537,1.6541,1.40,1.40
2010.04.15 10:00:56.742,1.65355,1.654,1.40,1.40
2010.04.15 10:00:57.089,1.6536,1.65405,1.40,1.40
2010.04.15 10:00:59.580,1.65365,1.6541,1.40,1.40
2010.04.15 10:01:00.479,1.6537,1.65415,1.40,1.40
2010.04.15 10:01:00.819,1.65355,1.6541,1.40,1.40
2010.04.15 10:01:01.497,1.65375,1.65415,1.40,1.40
2010.04.15 10:01:01.829,1.65365,1.6541,1.40,1.40
2010.04.15 10:01:02.509,1.65375,1.65415,1.40,1.40
2010.04.15 10:01:02.689,1.6536,1.65405,1.40,1.40
2010.04.15 10:01:03.509,1.65375,1.65415,1.40,1.40
2010.04.15 10:01:03.988,1.6537,1.65415,1.40,1.40
2010.04.15 10:01:04.708,1.65355,1.6541,1.40,1.40
2010.04.15 10:01:06.828,1.6537,1.65415,1.40,1.40
2010.04.15 10:01:07.918,1.65365,1.6541,1.40,1.40
2010.04.15 10:01:08.109,1.6538,1.65425,1.40,1.40
2010.04.15 10:01:08.298,1.65365,1.6541,1.40,1.40
2010.04.15 10:01:09.338,1.6537,1.65415,1.40,1.40
2010.04.15 10:01:09.823,1.65365,1.6541,1.40,1.40
2010.04.15 10:01:10.067,1.6536,1.654,1.40,1.40
2010.04.15 10:01:10.307,1.6536,1.65415,1.40,1.40
2010.04.15 10:01:10.647,1.6536,1.654,1.40,1.40
2010.04.15 10:01:11.328,1.6535,1.6539,1.40,1.40
2010.04.15 10:01:11.537,1.65355,1.65395,1.40,1.40
2010.04.15 10:01:11.748,1.6536,1.654,1.40,1.40
2010.04.15 10:01:12.406,1.6536,1.6541,1.40,1.40
2010.04.15 10:01:12.912,1.6537,1.65415,1.40,1.40
2010.04.15 10:01:16.095,1.6538,1.6542,1.40,1.40
2010.04.15 10:01:17.755,1.65365,1.6541,1.40,1.40
2010.04.15 10:01:18.665,1.65355,1.654,1.40,1.40
2010.04.15 10:01:19.346,1.65365,1.6541,1.40,1.40
2010.04.15 10:01:19.595,1.65375,1.65415,1.40,1.40
2010.04.15 10:01:20.694,1.65365,1.6541,1.40,1.40
2010.04.15 10:01:20.896,1.65365,1.65405,1.40,1.40
2010.04.15 10:01:21.945,1.6536,1.65405,1.40,1.40
2010.04.15 10:01:22.285,1.65375,1.6542,1.40,1.40
2010.04.15 10:01:23.034,1.6535,1.65395,1.40,1.40
2010.04.15 10:01:23.814,1.65355,1.654,1.40,1.40
2010.04.15 10:01:24.645,1.65365,1.6541,1.40,1.40
2010.04.15 10:01:25.799,1.6536,1.654,1.40,1.40
2010.04.15 10:01:26.813,1.65365,1.6541,1.40,1.40
2010.04.15 10:01:29.463,1.6537,1.65415,1.40,1.40
2010.04.15 10:01:32.892,1.6538,1.65425,1.40,1.40
2010.04.15 10:01:35.111,1.6539,1.65435,1.40,1.40
2010.04.15 10:01:35.611,1.6538,1.65425,1.40,1.40
2010.04.15 10:01:35.861,1.65385,1.6544,1.40,1.40
2010.04.15 10:01:36.691,1.654,1.6544,1.40,1.40
2010.04.15 10:01:37.270,1.654,1.65445,1.40,1.40
2010.04.15 10:01:37.340,1.654,1.6544,1.40,1.40
2010.04.15 10:01:40.331,1.65375,1.6542,1.40,1.40
2010.04.15 10:01:41.000,1.65365,1.6541,1.40,1.40
2010.04.15 10:01:43.873,1.6537,1.65415,1.40,1.40
2010.04.15 10:01:44.129,1.65375,1.6542,1.40,1.40
2010.04.15 10:01:44.780,1.65365,1.6542,1.40,1.40
2010.04.15 10:01:44.999,1.6536,1.65405,1.40,1.40
2010.04.15 10:01:45.219,1.6535,1.65395,1.40,1.40
2010.04.15 10:01:45.439,1.6534,1.65385,1.40,1.40
2010.04.15 10:01:46.098,1.6535,1.6539,1.40,1.40
2010.04.15 10:01:46.408,1.65355,1.654,1.40,1.40
2010.04.15 10:01:47.568,1.65355,1.65395,1.40,1.40
2010.04.15 10:01:47.688,1.6535,1.6539,1.40,1.40
2010.04.15 10:01:47.928,1.65345,1.65385,1.40,1.40
2010.04.15 10:01:48.048,1.6534,1.65385,1.40,1.40
2010.04.15 10:01:48.920,1.6535,1.65395,1.40,1.40
2010.04.15 10:01:49.717,1.6532,1.65365,1.40,1.40
2010.04.15 10:01:50.618,1.65325,1.65365,1.40,1.40
2010.04.15 10:01:50.897,1.65315,1.6536,1.40,1.40
2010.04.15 10:01:52.439,1.653,1.65345,1.40,1.40
2010.04.15 10:01:55.756,1.6529,1.65335,1.40,1.40
2010.04.15 10:01:55.937,1.65295,1.6534,1.40,1.40
2010.04.15 10:01:56.668,1.6529,1.65335,1.40,1.40
2010.04.15 10:01:56.846,1.65295,1.6534,1.40,1.40
2010.04.15 10:01:57.186,1.6529,1.65335,1.40,1.40
2010.04.15 10:01:59.680,1.65285,1.6533,1.40,1.40
2010.04.15 10:02:00.132,1.6528,1.65325,1.40,1.40
2010.04.15 10:02:00.435,1.65285,1.6533,1.40,1.40
2010.04.15 10:02:01.855,1.6529,1.65335,1.40,1.40
2010.04.15 10:02:02.744,1.6529,1.6533,1.40,1.40
2010.04.15 10:02:03.644,1.65275,1.6532,1.40,1.40
2010.04.15 10:02:04.011,1.65265,1.6531,1.40,1.40
2010.04.15 10:02:04.235,1.65255,1.653,1.40,1.40
2010.04.15 10:02:05.294,1.65235,1.6528,1.40,1.40
2010.04.15 10:02:05.634,1.65225,1.6527,1.40,1.40
2010.04.15 10:02:06.389,1.6522,1.65265,1.40,1.40
2010.04.15 10:02:06.598,1.65215,1.6526,1.40,1.40
2010.04.15 10:02:07.145,1.6521,1.6525,1.40,1.40
2010.04.15 10:02:07.485,1.65215,1.6526,1.40,1.40
2010.04.15 10:02:08.453,1.6521,1.6525,1.40,1.40
2010.04.15 10:02:08.794,1.6522,1.65265,1.40,1.40
2010.04.15 10:02:09.733,1.65205,1.65245,1.40,1.40
2010.04.15 10:02:10.074,1.6521,1.6525,1.40,1.40
2010.04.15 10:02:10.733,1.6522,1.65265,1.40,1.40
2010.04.15 10:02:11.932,1.6523,1.65275,1.40,1.40
2010.04.15 10:02:12.172,1.65225,1.6527,1.40,1.40
2010.04.15 10:02:16.283,1.6522,1.65265,1.40,1.40
2010.04.15 10:02:16.514,1.6526,1.65305,1.40,1.40
2010.04.15 10:02:16.852,1.6525,1.653,1.40,1.40
2010.04.15 10:02:17.498,1.6526,1.65305,1.40,1.40
2010.04.15 10:02:19.056,1.65255,1.653,1.40,1.40
2010.04.15 10:02:19.409,1.6525,1.65295,1.40,1.40
2010.04.15 10:02:21.380,1.6526,1.65305,1.40,1.40
2010.04.15 10:02:21.920,1.65265,1.65305,1.40,1.40
2010.04.15 10:02:22.533,1.6526,1.65305,1.40,1.40
2010.04.15 10:02:25.079,1.65265,1.6531,1.40,1.40
2010.04.15 10:02:27.720,1.6527,1.65315,1.40,1.40
2010.04.15 10:02:28.838,1.65255,1.653,1.40,1.40
2010.04.15 10:02:31.948,1.65275,1.6532,1.40,1.40
2010.04.15 10:02:32.517,1.6526,1.65305,1.40,1.40
2010.04.15 10:02:33.585,1.65265,1.6531,1.40,1.40
2010.04.15 10:02:34.617,1.65275,1.65315,1.40,1.40
2010.04.15 10:02:35.117,1.65285,1.6533,1.40,1.40
2010.04.15 10:02:35.997,1.6529,1.65335,1.40,1.40
2010.04.15 10:02:36.456,1.65295,1.6534,1.40,1.40
2010.04.15 10:02:37.366,1.6529,1.65335,1.40,1.40
2010.04.15 10:02:37.586,1.65295,1.6534,1.40,1.40
2010.04.15 10:02:38.407,1.653,1.65345,1.40,1.40
2010.04.15 10:02:39.397,1.65295,1.6534,1.40,1.40
2010.04.15 10:02:40.356,1.65305,1.6535,1.40,1.40
2010.04.15 10:02:40.676,1.653,1.65345,1.40,1.40
2010.04.15 10:02:41.486,1.6529,1.65335,1.40,1.40
2010.04.15 10:02:42.205,1.65285,1.65325,1.40,1.40
2010.04.15 10:02:43.445,1.6528,1.6532,1.40,1.40
2010.04.15 10:02:43.884,1.65285,1.6533,1.40,1.40
2010.04.15 10:02:44.104,1.6528,1.6532,1.40,1.40
2010.04.15 10:02:45.825,1.6529,1.65335,1.40,1.40
2010.04.15 10:02:46.674,1.65295,1.6534,1.40,1.40
2010.04.15 10:02:47.194,1.6529,1.65335,1.40,1.40
2010.04.15 10:02:47.454,1.65295,1.6534,1.40,1.40
2010.04.15 10:02:48.234,1.65305,1.6535,1.40,1.40
2010.04.15 10:02:48.483,1.6531,1.65355,1.40,1.40
2010.04.15 10:02:48.734,1.65315,1.6536,1.40,1.40
2010.04.15 10:02:48.974,1.6532,1.65365,1.40,1.40
2010.04.15 10:02:49.684,1.65315,1.6536,1.40,1.40
2010.04.15 10:02:50.223,1.6532,1.65365,1.40,1.40
2010.04.15 10:02:50.503,1.65315,1.6536,1.40,1.40
2010.04.15 10:02:51.283,1.6531,1.65355,1.40,1.40
2010.04.15 10:02:51.623,1.653,1.65345,1.40,1.40
2010.04.15 10:02:52.217,1.6529,1.65335,1.40,1.40
2010.04.15 10:02:54.451,1.6528,1.6533,1.40,1.40
2010.04.15 10:02:55.782,1.6529,1.6533,1.40,1.40
2010.04.15 10:02:56.081,1.6528,1.65325,1.40,1.40
2010.04.15 10:02:56.822,1.65285,1.6533,1.40,1.40
2010.04.15 10:02:57.741,1.6529,1.6533,1.40,1.40
2010.04.15 10:02:58.512,1.653,1.65345,1.40,1.40
2010.04.15 10:02:58.761,1.65295,1.6534,1.40,1.40
2010.04.15 10:02:59.262,1.6529,1.65335,1.40,1.40
2010.04.15 10:03:01.865,1.653,1.65345,1.40,1.40
2010.04.15 10:03:02.172,1.65285,1.65335,1.40,1.40
2010.04.15 10:03:02.481,1.65275,1.6532,1.40,1.40
2010.04.15 10:03:03.720,1.6528,1.6532,1.40,1.40
2010.04.15 10:03:04.830,1.6528,1.65325,1.40,1.40
2010.04.15 10:03:05.119,1.65275,1.6533,1.40,1.40
2010.04.15 10:03:05.439,1.65295,1.65335,1.40,1.40
2010.04.15 10:03:06.240,1.65285,1.6533,1.40,1.40
2010.04.15 10:03:08.279,1.6529,1.65335,1.40,1.40
2010.04.15 10:03:08.619,1.65285,1.6533,1.40,1.40
2010.04.15 10:03:11.108,1.6529,1.65335,1.40,1.40
2010.04.15 10:03:11.628,1.6528,1.65325,1.40,1.40
2010.04.15 10:03:12.948,1.6527,1.65325,1.40,1.40
2010.04.15 10:03:13.128,1.65265,1.6532,1.40,1.40
2010.04.15 10:03:13.367,1.6527,1.65315,1.40,1.40
2010.04.15 10:03:16.539,1.6528,1.65325,1.40,1.40
2010.04.15 10:03:16.957,1.65275,1.6532,1.40,1.40
2010.04.15 10:03:17.627,1.65265,1.6531,1.40,1.40
2010.04.15 10:03:17.961,1.6527,1.65315,1.40,1.40
2010.04.15 10:03:19.371,1.65275,1.6532,1.40,1.40
2010.04.15 10:03:19.709,1.6526,1.65305,1.40,1.40
2010.04.15 10:03:19.912,1.6525,1.65295,1.40,1.40
2010.04.15 10:03:20.597,1.6526,1.65305,1.40,1.40
2010.04.15 10:03:20.799,1.65265,1.6531,1.40,1.40
2010.04.15 10:03:22.269,1.6525,1.65295,1.40,1.40
2010.04.15 10:03:22.541,1.6526,1.65305,1.40,1.40
2010.04.15 10:03:25.915,1.65255,1.653,1.40,1.40
2010.04.15 10:03:26.015,1.6526,1.65305,1.40,1.40
2010.04.15 10:03:28.217,1.65265,1.6531,1.40,1.40
2010.04.15 10:03:28.475,1.6526,1.65305,1.40,1.40
2010.04.15 10:03:28.736,1.65265,1.6531,1.40,1.40
2010.04.15 10:03:30.464,1.65255,1.653,1.40,1.40
2010.04.15 10:03:36.772,1.6526,1.65305,1.40,1.40
2010.04.15 10:03:37.391,1.65255,1.653,1.40,1.40
2010.04.15 10:03:38.142,1.6527,1.6531,1.40,1.40
2010.04.15 10:03:39.211,1.6526,1.65305,1.40,1.40
2010.04.15 10:03:39.441,1.6525,1.65295,1.40,1.40
2010.04.15 10:03:40.001,1.6526,1.65305,1.40,1.40
2010.04.15 10:03:40.241,1.6525,1.65295,1.40,1.40
2010.04.15 10:03:43.150,1.6526,1.65305,1.40,1.40
2010.04.15 10:03:43.540,1.6527,1.65315,1.40,1.40
2010.04.15 10:03:45.180,1.6528,1.65325,1.40,1.40
2010.04.15 10:03:47.519,1.65285,1.6533,1.40,1.40
2010.04.15 10:03:48.783,1.6529,1.65335,1.40,1.40
2010.04.15 10:03:49.010,1.65285,1.6533,1.40,1.40
2010.04.15 10:03:51.419,1.65295,1.65335,1.40,1.40
2010.04.15 10:03:51.738,1.65275,1.6532,1.40,1.40
2010.04.15 10:03:55.190,1.6528,1.65325,1.40,1.40
2010.04.15 10:03:56.558,1.65275,1.6532,1.40,1.40
2010.04.15 10:04:01.188,1.65275,1.65315,1.40,1.40
2010.04.15 10:04:01.516,1.6527,1.65315,1.40,1.40
2010.04.15 10:04:01.846,1.65275,1.65315,1.40,1.40
2010.04.15 10:04:01.956,1.6528,1.6532,1.40,1.40
2010.04.15 10:04:03.607,1.65275,1.65315,1.40,1.40
2010.04.15 10:04:08.006,1.6527,1.65315,1.40,1.40
2010.04.15 10:04:09.814,1.65275,1.65315,1.40,1.40
2010.04.15 10:04:16.694,1.6527,1.65315,1.40,1.40
2010.04.15 10:04:18.223,1.65255,1.653,1.40,1.40
2010.04.15 10:04:21.729,1.6525,1.65295,1.40,1.40
2010.04.15 10:04:21.911,1.65255,1.653,1.40,1.40
2010.04.15 10:04:22.271,1.6525,1.65295,1.40,1.40
2010.04.15 10:04:22.631,1.65255,1.653,1.40,1.40
2010.04.15 10:04:27.989,1.65245,1.6529,1.40,1.40
2010.04.15 10:04:33.728,1.6524,1.65285,1.40,1.40
2010.04.15 10:04:36.062,1.6525,1.65295,1.40,1.40
2010.04.15 10:04:36.198,1.65245,1.6529,1.40,1.40
2010.04.15 10:04:36.299,1.6525,1.65295,1.40,1.40
2010.04.15 10:04:38.090,1.65245,1.6529,1.40,1.40
2010.04.15 10:04:38.777,1.65255,1.653,1.40,1.40
2010.04.15 10:04:39.846,1.65245,1.6529,1.40,1.40
2010.04.15 10:04:40.479,1.6525,1.65305,1.40,1.40
2010.04.15 10:04:40.737,1.65245,1.6529,1.40,1.40
2010.04.15 10:04:40.996,1.6524,1.65285,1.40,1.40
2010.04.15 10:04:41.276,1.65245,1.653,1.40,1.40
2010.04.15 10:04:41.556,1.6526,1.65305,1.40,1.40
2010.04.15 10:04:42.594,1.65265,1.6531,1.40,1.40
2010.04.15 10:04:42.887,1.6526,1.65305,1.40,1.40
2010.04.15 10:04:43.876,1.65255,1.653,1.40,1.40
2010.04.15 10:04:44.336,1.6526,1.65305,1.40,1.40
2010.04.15 10:04:47.215,1.65245,1.65285,1.40,1.40
2010.04.15 10:04:47.395,1.6525,1.6529,1.40,1.40
2010.04.15 10:04:47.755,1.6525,1.65295,1.40,1.40
2010.04.15 10:04:48.607,1.6526,1.65305,1.40,1.40
2010.04.15 10:04:49.914,1.65255,1.653,1.40,1.40
2010.04.15 10:04:50.255,1.65245,1.6529,1.40,1.40
2010.04.15 10:04:50.934,1.6524,1.65285,1.40,1.40
2010.04.15 10:04:53.404,1.65235,1.65275,1.40,1.40
2010.04.15 10:04:53.923,1.6523,1.6527,1.40,1.40
2010.04.15 10:04:54.183,1.6521,1.65255,1.40,1.40
2010.04.15 10:04:54.810,1.652,1.65245,1.40,1.40
2010.04.15 10:04:55.098,1.65205,1.6525,1.40,1.40
2010.04.15 10:04:55.335,1.65195,1.6524,1.40,1.40
2010.04.15 10:04:56.263,1.6518,1.65235,1.40,1.40
2010.04.15 10:04:57.534,1.65175,1.6522,1.40,1.40
2010.04.15 10:04:57.814,1.6517,1.65215,1.40,1.40
2010.04.15 10:04:59.015,1.65175,1.6522,1.40,1.40
2010.04.15 10:04:59.632,1.6518,1.65225,1.40,1.40
2010.04.15 10:05:01.681,1.65185,1.6523,1.40,1.40
2010.04.15 10:05:03.114,1.65195,1.65235,1.40,1.40
2010.04.15 10:05:03.352,1.65185,1.6523,1.40,1.40
2010.04.15 10:05:04.491,1.65195,1.65235,1.40,1.40
2010.04.15 10:05:04.831,1.65185,1.6523,1.40,1.40
2010.04.15 10:05:05.391,1.65165,1.6521,1.40,1.40
2010.04.15 10:05:05.692,1.6519,1.65235,1.40,1.40
2010.04.15 10:05:05.993,1.652,1.65245,1.40,1.40
2010.04.15 10:05:06.780,1.65195,1.6526,1.40,1.40
2010.04.15 10:05:08.201,1.65195,1.6525,1.40,1.40
2010.04.15 10:05:08.421,1.6519,1.65235,1.40,1.40
2010.04.15 10:05:10.380,1.652,1.6524,1.40,1.40
2010.04.15 10:05:11.339,1.65195,1.6524,1.40,1.40
2010.04.15 10:05:15.869,1.652,1.65245,1.40,1.40
2010.04.15 10:05:18.748,1.65195,1.6524,1.40,1.40
2010.04.15 10:05:19.618,1.65205,1.6525,1.40,1.40
2010.04.15 10:05:20.238,1.6521,1.65255,1.40,1.40
2010.04.15 10:05:22.887,1.65205,1.6525,1.40,1.40
2010.04.15 10:05:23.603,1.6522,1.65265,1.40,1.40
2010.04.15 10:05:23.816,1.65215,1.6526,1.40,1.40
2010.04.15 10:05:28.045,1.65205,1.6525,1.40,1.40
2010.04.15 10:05:29.235,1.65215,1.6526,1.40,1.40
2010.04.15 10:05:29.485,1.65215,1.65255,1.40,1.40
2010.04.15 10:05:30.414,1.65205,1.65245,1.40,1.40
2010.04.15 10:05:33.554,1.65175,1.6522,1.40,1.40
2010.04.15 10:05:34.204,1.6517,1.65215,1.40,1.40
2010.04.15 10:05:34.323,1.65175,1.6522,1.40,1.40
2010.04.15 10:05:37.344,1.6519,1.65235,1.40,1.40
2010.04.15 10:05:39.382,1.65185,1.6523,1.40,1.40
2010.04.15 10:05:40.303,1.6519,1.65235,1.40,1.40
2010.04.15 10:05:40.622,1.65195,1.6524,1.40,1.40
2010.04.15 10:05:40.942,1.65195,1.65235,1.40,1.40
2010.04.15 10:05:41.419,1.6519,1.65235,1.40,1.40
2010.04.15 10:05:42.432,1.65185,1.65225,1.40,1.40
2010.04.15 10:05:42.851,1.6519,1.65235,1.40,1.40
2010.04.15 10:05:43.512,1.6517,1.65225,1.40,1.40
2010.04.15 10:05:43.812,1.65165,1.6521,1.40,1.40
2010.04.15 10:05:45.830,1.65175,1.6522,1.40,1.40
2010.04.15 10:05:48.990,1.6518,1.6523,1.40,1.40
2010.04.15 10:05:50.451,1.6518,1.65225,1.40,1.40
2010.04.15 10:05:50.950,1.65175,1.6522,1.40,1.40
2010.04.15 10:05:52.251,1.6518,1.65225,1.40,1.40
2010.04.15 10:05:54.829,1.65185,1.65225,1.40,1.40
2010.04.15 10:05:55.169,1.6518,1.65225,1.40,1.40
2010.04.15 10:05:57.628,1.6519,1.6523,1.40,1.40
2010.04.15 10:05:59.608,1.6518,1.65225,1.40,1.40
2010.04.15 10:06:00.268,1.652,1.6524,1.40,1.40
2010.04.15 10:06:01.413,1.652,1.65245,1.40,1.40
2010.04.15 10:06:02.257,1.65205,1.6525,1.40,1.40
2010.04.15 10:06:04.457,1.65185,1.6523,1.40,1.40
2010.04.15 10:06:06.347,1.652,1.65245,1.40,1.40
2010.04.15 10:06:07.095,1.65205,1.6525,1.40,1.40
2010.04.15 10:06:07.896,1.65195,1.65235,1.40,1.40
2010.04.15 10:06:09.195,1.65195,1.6524,1.40,1.40
2010.04.15 10:06:10.085,1.6519,1.65235,1.40,1.40
2010.04.15 10:06:11.190,1.6519,1.6523,1.40,1.40
2010.04.15 10:06:11.526,1.6518,1.65225,1.40,1.40
2010.04.15 10:06:14.964,1.65175,1.6522,1.40,1.40
2010.04.15 10:06:15.264,1.6518,1.65225,1.40,1.40
2010.04.15 10:06:15.563,1.65185,1.65225,1.40,1.40
2010.04.15 10:06:16.484,1.65165,1.6521,1.40,1.40
2010.04.15 10:06:16.825,1.6518,1.65225,1.40,1.40
2010.04.15 10:06:17.115,1.65175,1.65215,1.40,1.40
2010.04.15 10:06:17.908,1.65175,1.6523,1.40,1.40
2010.04.15 10:06:18.133,1.65175,1.65215,1.40,1.40
2010.04.15 10:06:18.823,1.65175,1.6522,1.40,1.40
2010.04.15 10:06:19.053,1.65165,1.6521,1.40,1.40
2010.04.15 10:06:19.847,1.65175,1.6522,1.40,1.40
2010.04.15 10:06:20.183,1.65185,1.65225,1.40,1.40
2010.04.15 10:06:22.578,1.65165,1.6521,1.40,1.40
2010.04.15 10:06:25.941,1.65185,1.65225,1.40,1.40
2010.04.15 10:06:31.063,1.65185,1.6523,1.40,1.40
2010.04.15 10:06:31.220,1.65185,1.65225,1.40,1.40
2010.04.15 10:06:31.370,1.65175,1.6522,1.40,1.40
2010.04.15 10:06:32.360,1.65175,1.65215,1.40,1.40
2010.04.15 10:06:32.932,1.65175,1.6522,1.40,1.40
2010.04.15 10:06:34.442,1.6518,1.65225,1.40,1.40
2010.04.15 10:06:34.679,1.6517,1.6521,1.40,1.40
2010.04.15 10:06:35.466,1.65165,1.6521,1.40,1.40
2010.04.15 10:06:36.280,1.65155,1.652,1.40,1.40
2010.04.15 10:06:39.599,1.6516,1.65205,1.40,1.40
2010.04.15 10:06:40.231,1.65155,1.652,1.40,1.40
2010.04.15 10:06:40.414,1.65145,1.6519,1.40,1.40
2010.04.15 10:06:42.728,1.6515,1.65195,1.40,1.40
2010.04.15 10:06:43.159,1.65145,1.6519,1.40,1.40
2010.04.15 10:06:43.587,1.6515,1.65195,1.40,1.40
2010.04.15 10:06:44.626,1.65145,1.6519,1.40,1.40
2010.04.15 10:06:44.867,1.6514,1.65185,1.40,1.40
2010.04.15 10:06:50.137,1.65145,1.652,1.40,1.40
2010.04.15 10:06:53.374,1.6515,1.65205,1.40,1.40
2010.04.15 10:06:54.774,1.65165,1.65205,1.40,1.40
2010.04.15 10:06:59.752,1.65155,1.652,1.40,1.40
2010.04.15 10:07:02.152,1.6515,1.65195,1.40,1.40
2010.04.15 10:07:03.284,1.6514,1.65185,1.40,1.40
2010.04.15 10:07:05.951,1.6516,1.652,1.40,1.40
2010.04.15 10:07:06.192,1.6514,1.65185,1.40,1.40
2010.04.15 10:07:06.431,1.65145,1.6519,1.40,1.40
2010.04.15 10:07:06.553,1.6514,1.6518,1.40,1.40
2010.04.15 10:07:07.822,1.6515,1.652,1.40,1.40
2010.04.15 10:07:07.961,1.6514,1.65185,1.40,1.40
2010.04.15 10:07:08.101,1.6516,1.65205,1.40,1.40
2010.04.15 10:07:08.851,1.6515,1.65195,1.40,1.40
2010.04.15 10:07:10.360,1.65155,1.652,1.40,1.40
2010.04.15 10:07:12.190,1.6514,1.65185,1.40,1.40
2010.04.15 10:07:12.351,1.65155,1.652,1.40,1.40
2010.04.15 10:07:13.080,1.65145,1.6519,1.40,1.40
2010.04.15 10:07:15.262,1.6515,1.65195,1.40,1.40
2010.04.15 10:07:17.279,1.65155,1.652,1.40,1.40
2010.04.15 10:07:18.178,1.65145,1.6519,1.40,1.40
2010.04.15 10:07:21.498,1.65155,1.652,1.40,1.40
2010.04.15 10:07:27.787,1.6515,1.65195,1.40,1.40
2010.04.15 10:07:31.976,1.65155,1.652,1.40,1.40
2010.04.15 10:07:32.676,1.65155,1.65195,1.40,1.40
2010.04.15 10:07:33.005,1.65145,1.6519,1.40,1.40
2010.04.15 10:07:34.875,1.65145,1.652,1.40,1.40
2010.04.15 10:07:35.215,1.6516,1.65205,1.40,1.40
2010.04.15 10:07:37.674,1.6517,1.65215,1.40,1.40
2010.04.15 10:07:46.215,1.65165,1.6521,1.40,1.40
2010.04.15 10:07:46.552,1.6517,1.65215,1.40,1.40
2010.04.15 10:07:46.773,1.65175,1.6522,1.40,1.40
2010.04.15 10:07:47.932,1.6518,1.65225,1.40,1.40
2010.04.15 10:07:48.222,1.6519,1.65235,1.40,1.40
2010.04.15 10:07:49.103,1.6518,1.65225,1.40,1.40
2010.04.15 10:07:49.411,1.6517,1.65215,1.40,1.40
2010.04.15 10:07:51.170,1.65165,1.6521,1.40,1.40
2010.04.15 10:07:52.215,1.6516,1.65205,1.40,1.40
2010.04.15 10:07:52.821,1.6517,1.65215,1.40,1.40
2010.04.15 10:07:53.711,1.6516,1.65205,1.40,1.40
2010.04.15 10:07:54.670,1.65155,1.652,1.40,1.40
2010.04.15 10:07:57.270,1.65165,1.6521,1.40,1.40
2010.04.15 10:08:00.759,1.6517,1.65215,1.40,1.40
2010.04.15 10:08:04.248,1.65175,1.6522,1.40,1.40
2010.04.15 10:08:05.448,1.6518,1.6522,1.40,1.40
2010.04.15 10:08:05.777,1.65175,1.6522,1.40,1.40
2010.04.15 10:08:06.967,1.65185,1.65225,1.40,1.40
2010.04.15 10:08:07.357,1.65185,1.6523,1.40,1.40
2010.04.15 10:08:08.148,1.65185,1.65225,1.40,1.40
2010.04.15 10:08:08.317,1.6518,1.6522,1.40,1.40
2010.04.15 10:08:10.576,1.65185,1.6523,1.40,1.40
2010.04.15 10:08:13.736,1.6519,1.65235,1.40,1.40
2010.04.15 10:08:14.215,1.652,1.65245,1.40,1.40
2010.04.15 10:08:14.455,1.6519,1.65235,1.40,1.40
2010.04.15 10:08:15.156,1.6518,1.65225,1.40,1.40
2010.04.15 10:08:16.504,1.6518,1.6522,1.40,1.40
2010.04.15 10:08:16.705,1.6518,1.65225,1.40,1.40
2010.04.15 10:08:17.715,1.6519,1.6523,1.40,1.40
2010.04.15 10:08:18.506,1.65205,1.65245,1.40,1.40
2010.04.15 10:08:18.755,1.65195,1.6524,1.40,1.40
2010.04.15 10:08:19.675,1.6519,1.65235,1.40,1.40
2010.04.15 10:08:21.039,1.65195,1.6524,1.40,1.40
2010.04.15 10:08:21.375,1.6521,1.65255,1.40,1.40
2010.04.15 10:08:21.715,1.65205,1.6525,1.40,1.40
2010.04.15 10:08:23.374,1.652,1.65245,1.40,1.40
2010.04.15 10:08:25.314,1.65205,1.6525,1.40,1.40
2010.04.15 10:08:25.592,1.65195,1.6524,1.40,1.40
2010.04.15 10:08:26.053,1.652,1.65245,1.40,1.40
2010.04.15 10:08:27.132,1.652,1.6524,1.40,1.40
2010.04.15 10:08:27.572,1.652,1.65245,1.40,1.40
2010.04.15 10:08:30.361,1.65195,1.6524,1.40,1.40
2010.04.15 10:08:34.393,1.65185,1.65225,1.40,1.40
2010.04.15 10:08:34.710,1.6518,1.6522,1.40,1.40
2010.04.15 10:08:37.140,1.65185,1.6523,1.40,1.40
2010.04.15 10:08:37.309,1.6518,1.6522,1.40,1.40
2010.04.15 10:08:37.479,1.65185,1.65225,1.40,1.40
2010.04.15 10:08:41.019,1.6518,1.6522,1.40,1.40
2010.04.15 10:08:41.578,1.65185,1.65225,1.40,1.40
2010.04.15 10:08:42.038,1.6518,1.6522,1.40,1.40
2010.04.15 10:08:43.185,1.6518,1.65225,1.40,1.40
2010.04.15 10:08:43.410,1.65185,1.65225,1.40,1.40
2010.04.15 10:08:47.568,1.6519,1.65235,1.40,1.40
2010.04.15 10:08:52.356,1.65195,1.6524,1.40,1.40
2010.04.15 10:08:55.426,1.652,1.65245,1.40,1.40
2010.04.15 10:09:04.273,1.65195,1.6524,1.40,1.40
2010.04.15 10:09:05.792,1.6519,1.6523,1.40,1.40
2010.04.15 10:09:05.992,1.6519,1.65235,1.40,1.40
2010.04.15 10:09:06.393,1.652,1.65245,1.40,1.40
2010.04.15 10:09:07.842,1.6519,1.65235,1.40,1.40
2010.04.15 10:09:08.083,1.652,1.65245,1.40,1.40
2010.04.15 10:09:08.767,1.65205,1.6525,1.40,1.40
2010.04.15 10:09:10.722,1.65195,1.6524,1.40,1.40
2010.04.15 10:09:14.153,1.6519,1.65235,1.40,1.40
2010.04.15 10:09:16.940,1.65185,1.6523,1.40,1.40
2010.04.15 10:09:17.420,1.65195,1.6524,1.40,1.40
2010.04.15 10:09:20.089,1.652,1.65245,1.40,1.40
2010.04.15 10:09:22.019,1.65205,1.6525,1.40,1.40
2010.04.15 10:09:22.499,1.6521,1.65255,1.40,1.40
2010.04.15 10:09:23.828,1.652,1.65245,1.40,1.40
2010.04.15 10:09:24.348,1.65195,1.6524,1.40,1.40
2010.04.15 10:09:25.569,1.6519,1.65235,1.40,1.40
2010.04.15 10:09:27.987,1.65195,1.6524,1.40,1.40
2010.04.15 10:09:31.483,1.6519,1.6523,1.40,1.40
2010.04.15 10:09:32.556,1.65185,1.6523,1.40,1.40
2010.04.15 10:09:34.607,1.6519,1.65235,1.40,1.40
2010.04.15 10:09:38.875,1.65185,1.6523,1.40,1.40
2010.04.15 10:09:40.315,1.6519,1.65235,1.40,1.40
2010.04.15 10:09:42.794,1.652,1.6524,1.40,1.40
2010.04.15 10:09:42.933,1.6519,1.65235,1.40,1.40
2010.04.15 10:09:45.933,1.652,1.6524,1.40,1.40
2010.04.15 10:09:47.914,1.6519,1.65235,1.40,1.40
2010.04.15 10:09:50.262,1.652,1.6524,1.40,1.40
2010.04.15 10:09:51.882,1.6519,1.65235,1.40,1.40
2010.04.15 10:09:54.285,1.65195,1.6524,1.40,1.40
2010.04.15 10:09:54.421,1.652,1.65245,1.40,1.40
2010.04.15 10:09:58.350,1.6521,1.6525,1.40,1.40
2010.04.15 10:09:59.013,1.652,1.65245,1.40,1.40
2010.04.15 10:09:59.850,1.6521,1.65255,1.40,1.40
2010.04.15 10:10:02.859,1.652,1.65245,1.40,1.40
2010.04.15 10:10:08.807,1.6521,1.65255,1.40,1.40
2010.04.15 10:10:13.226,1.6521,1.6525,1.40,1.40
2010.04.15 10:10:13.506,1.65215,1.6526,1.40,1.40
2010.04.15 10:10:15.865,1.6521,1.65255,1.40,1.40
2010.04.15 10:10:17.055,1.65195,1.6524,1.40,1.40
2010.04.15 10:10:18.145,1.6519,1.65235,1.40,1.40
2010.04.15 10:10:20.666,1.65195,1.6524,1.40,1.40
2010.04.15 10:10:23.244,1.652,1.65245,1.40,1.40
2010.04.15 10:10:23.904,1.65205,1.6525,1.40,1.40
2010.04.15 10:10:26.666,1.6521,1.65255,1.40,1.40
2010.04.15 10:10:27.143,1.65215,1.65255,1.40,1.40
2010.04.15 10:10:27.444,1.65215,1.65265,1.40,1.40
2010.04.15 10:10:28.055,1.65215,1.65255,1.40,1.40
2010.04.15 10:10:31.838,1.6522,1.6526,1.40,1.40
2010.04.15 10:10:32.173,1.6521,1.65255,1.40,1.40
2010.04.15 10:10:32.512,1.652,1.65245,1.40,1.40
2010.04.15 10:10:35.867,1.65195,1.6524,1.40,1.40
2010.04.15 10:10:38.241,1.6519,1.65235,1.40,1.40
2010.04.15 10:10:42.220,1.65175,1.6523,1.40,1.40
2010.04.15 10:10:42.559,1.65185,1.6523,1.40,1.40
2010.04.15 10:10:43.689,1.6518,1.6522,1.40,1.40
2010.04.15 10:10:46.169,1.65185,1.65235,1.40,1.40
2010.04.15 10:10:47.088,1.65195,1.6524,1.40,1.40
2010.04.15 10:10:49.942,1.6521,1.65255,1.40,1.40
2010.04.15 10:10:54.496,1.65215,1.6526,1.40,1.40
2010.04.15 10:10:54.716,1.65205,1.65245,1.40,1.40
2010.04.15 10:10:55.386,1.6521,1.65255,1.40,1.40
2010.04.15 10:10:55.986,1.652,1.65245,1.40,1.40
2010.04.15 10:10:56.836,1.65195,1.6524,1.40,1.40
2010.04.15 10:10:58.208,1.652,1.65245,1.40,1.40
2010.04.15 10:10:58.345,1.65195,1.6524,1.40,1.40
2010.04.15 10:11:00.555,1.65205,1.6525,1.40,1.40
2010.04.15 10:11:00.805,1.6522,1.6526,1.40,1.40
2010.04.15 10:11:01.555,1.6521,1.65255,1.40,1.40
2010.04.15 10:11:01.835,1.6522,1.6526,1.40,1.40
2010.04.15 10:11:02.894,1.6521,1.65255,1.40,1.40
2010.04.15 10:11:03.425,1.6522,1.6526,1.40,1.40
2010.04.15 10:11:03.904,1.6521,1.65255,1.40,1.40
2010.04.15 10:11:06.944,1.652,1.65245,1.40,1.40
2010.04.15 10:11:07.323,1.6521,1.65255,1.40,1.40
2010.04.15 10:11:07.703,1.6522,1.6526,1.40,1.40
2010.04.15 10:11:09.743,1.65225,1.6527,1.40,1.40
2010.04.15 10:11:10.003,1.65225,1.65265,1.40,1.40
2010.04.15 10:11:10.463,1.6521,1.65255,1.40,1.40
2010.04.15 10:11:11.254,1.6522,1.6526,1.40,1.40
2010.04.15 10:11:11.613,1.6521,1.65255,1.40,1.40
2010.04.15 10:11:12.153,1.6522,1.6526,1.40,1.40
2010.04.15 10:11:18.242,1.6521,1.65255,1.40,1.40
2010.04.15 10:11:18.800,1.6522,1.6526,1.40,1.40
2010.04.15 10:11:20.071,1.65225,1.6527,1.40,1.40
2010.04.15 10:11:20.450,1.6522,1.6526,1.40,1.40
2010.04.15 10:11:20.640,1.6522,1.65265,1.40,1.40
2010.04.15 10:11:20.830,1.65225,1.65265,1.40,1.40
2010.04.15 10:11:21.020,1.6523,1.65275,1.40,1.40
2010.04.15 10:11:22.230,1.65225,1.6527,1.40,1.40
2010.04.15 10:11:24.089,1.6522,1.65265,1.40,1.40
2010.04.15 10:11:24.769,1.65225,1.6527,1.40,1.40
2010.04.15 10:11:27.059,1.6522,1.65265,1.40,1.40
2010.04.15 10:11:28.091,1.65225,1.6527,1.40,1.40
2010.04.15 10:11:29.240,1.6522,1.65265,1.40,1.40
2010.04.15 10:11:30.048,1.65225,1.6527,1.40,1.40
2010.04.15 10:11:33.037,1.6522,1.65265,1.40,1.40
2010.04.15 10:11:33.227,1.65225,1.6527,1.40,1.40
2010.04.15 10:11:38.806,1.65235,1.6528,1.40,1.40
2010.04.15 10:11:41.556,1.65225,1.6527,1.40,1.40
2010.04.15 10:11:43.083,1.6522,1.65265,1.40,1.40
2010.04.15 10:11:43.765,1.65225,1.6527,1.40,1.40
2010.04.15 10:11:51.033,1.6523,1.65275,1.40,1.40
2010.04.15 10:11:51.273,1.6522,1.65265,1.40,1.40
2010.04.15 10:11:51.513,1.6523,1.65275,1.40,1.40
2010.04.15 10:11:52.183,1.65225,1.6527,1.40,1.40
2010.04.15 10:11:52.383,1.6522,1.65265,1.40,1.40
2010.04.15 10:11:54.174,1.65215,1.65255,1.40,1.40
2010.04.15 10:11:56.064,1.6522,1.65265,1.40,1.40
2010.04.15 10:11:56.302,1.65215,1.65255,1.40,1.40
2010.04.15 10:11:56.642,1.6522,1.65265,1.40,1.40
2010.04.15 10:11:57.104,1.65215,1.65255,1.40,1.40
2010.04.15 10:11:57.441,1.6522,1.65265,1.40,1.40
2010.04.15 10:11:57.761,1.6521,1.6525,1.40,1.40
2010.04.15 10:12:01.980,1.65205,1.65245,1.40,1.40
2010.04.15 10:12:02.081,1.6521,1.65255,1.40,1.40
2010.04.15 10:12:02.191,1.65205,1.65245,1.40,1.40
2010.04.15 10:12:02.410,1.6521,1.6525,1.40,1.40
2010.04.15 10:12:04.989,1.65205,1.65245,1.40,1.40
2010.04.15 10:12:09.629,1.6521,1.6525,1.40,1.40
2010.04.15 10:12:09.949,1.65195,1.6524,1.40,1.40
2010.04.15 10:12:10.158,1.6521,1.6525,1.40,1.40
2010.04.15 10:12:10.737,1.65205,1.65245,1.40,1.40
2010.04.15 10:12:11.288,1.6521,1.6525,1.40,1.40
2010.04.15 10:12:13.699,1.65205,1.65245,1.40,1.40
2010.04.15 10:12:16.678,1.6521,1.6525,1.40,1.40
2010.04.15 10:12:18.126,1.652,1.6525,1.40,1.40
2010.04.15 10:12:18.356,1.6521,1.6525,1.40,1.40
2010.04.15 10:12:20.356,1.652,1.65245,1.40,1.40
2010.04.15 10:12:20.556,1.65195,1.6524,1.40,1.40
2010.04.15 10:12:21.389,1.6518,1.65225,1.40,1.40
2010.04.15 10:12:22.626,1.65185,1.65235,1.40,1.40
2010.04.15 10:12:22.955,1.6518,1.65225,1.40,1.40
2010.04.15 10:12:23.635,1.65175,1.6522,1.40,1.40
2010.04.15 10:12:23.935,1.6518,1.65225,1.40,1.40
2010.04.15 10:12:24.946,1.6519,1.65235,1.40,1.40
2010.04.15 10:12:25.965,1.65185,1.6523,1.40,1.40
2010.04.15 10:12:31.944,1.65195,1.6524,1.40,1.40
2010.04.15 10:12:35.282,1.65185,1.6523,1.40,1.40
2010.04.15 10:12:38.712,1.65165,1.6521,1.40,1.40
2010.04.15 10:12:48.287,1.65175,1.6522,1.40,1.40
2010.04.15 10:12:48.381,1.65165,1.6521,1.40,1.40
2010.04.15 10:12:49.669,1.65175,1.65215,1.40,1.40
2010.04.15 10:12:49.909,1.65165,1.6521,1.40,1.40
2010.04.15 10:12:50.488,1.6517,1.65215,1.40,1.40
2010.04.15 10:12:50.779,1.6518,1.6522,1.40,1.40
2010.04.15 10:12:51.639,1.65165,1.6521,1.40,1.40
2010.04.15 10:12:51.978,1.6517,1.65215,1.40,1.40
2010.04.15 10:12:53.561,1.65165,1.6521,1.40,1.40
2010.04.15 10:12:58.277,1.6516,1.65205,1.40,1.40
2010.04.15 10:13:05.659,1.65155,1.65195,1.40,1.40
2010.04.15 10:13:05.806,1.6516,1.65205,1.40,1.40
2010.04.15 10:13:06.585,1.65155,1.652,1.40,1.40
2010.04.15 10:13:07.428,1.6515,1.65195,1.40,1.40
2010.04.15 10:13:08.024,1.65145,1.6519,1.40,1.40
2010.04.15 10:13:08.541,1.65165,1.6521,1.40,1.40
2010.04.15 10:13:09.104,1.65145,1.6519,1.40,1.40
2010.04.15 10:13:10.226,1.6515,1.65195,1.40,1.40
2010.04.15 10:13:10.564,1.65155,1.652,1.40,1.40
2010.04.15 10:13:10.904,1.65165,1.6521,1.40,1.40
2010.04.15 10:13:11.139,1.6516,1.65205,1.40,1.40
2010.04.15 10:13:11.839,1.65165,1.6521,1.40,1.40
2010.04.15 10:13:13.103,1.65155,1.652,1.40,1.40
2010.04.15 10:13:13.679,1.6515,1.65195,1.40,1.40
2010.04.15 10:13:14.014,1.65155,1.652,1.40,1.40
2010.04.15 10:13:14.353,1.65175,1.65215,1.40,1.40
2010.04.15 10:13:14.653,1.65165,1.6521,1.40,1.40
2010.04.15 10:13:15.103,1.6516,1.65205,1.40,1.40
2010.04.15 10:13:15.252,1.65165,1.6521,1.40,1.40
2010.04.15 10:13:16.399,1.65175,1.6522,1.40,1.40
2010.04.15 10:13:16.562,1.6516,1.65205,1.40,1.40
2010.04.15 10:13:19.092,1.65165,1.6521,1.40,1.40
2010.04.15 10:13:19.272,1.6516,1.65205,1.40,1.40
2010.04.15 10:13:21.662,1.65155,1.652,1.40,1.40
2010.04.15 10:13:23.061,1.6515,1.65195,1.40,1.40
2010.04.15 10:13:24.251,1.65145,1.6519,1.40,1.40
2010.04.15 10:13:28.101,1.6515,1.65195,1.40,1.40
2010.04.15 10:13:28.240,1.65155,1.652,1.40,1.40
2010.04.15 10:13:29.159,1.6516,1.65205,1.40,1.40
2010.04.15 10:13:30.939,1.65175,1.65215,1.40,1.40
2010.04.15 10:13:31.509,1.652,1.65245,1.40,1.40
2010.04.15 10:13:32.383,1.65175,1.6522,1.40,1.40
2010.04.15 10:13:33.424,1.6518,1.65225,1.40,1.40
2010.04.15 10:13:33.600,1.6516,1.65205,1.40,1.40
2010.04.15 10:13:34.459,1.65175,1.65215,1.40,1.40
2010.04.15 10:13:35.258,1.6516,1.65205,1.40,1.40
2010.04.15 10:13:37.567,1.65165,1.6521,1.40,1.40
2010.04.15 10:13:44.925,1.65175,1.65215,1.40,1.40
2010.04.15 10:13:45.305,1.652,1.65245,1.40,1.40
2010.04.15 10:13:45.934,1.6519,1.6523,1.40,1.40
2010.04.15 10:13:46.446,1.65185,1.65225,1.40,1.40
2010.04.15 10:13:50.715,1.65165,1.6521,1.40,1.40
2010.04.15 10:13:51.014,1.65175,1.6522,1.40,1.40
2010.04.15 10:13:54.035,1.6518,1.65225,1.40,1.40
2010.04.15 10:13:54.303,1.6516,1.65205,1.40,1.40
2010.04.15 10:13:55.308,1.6516,1.652,1.40,1.40
2010.04.15 10:13:56.363,1.65165,1.6521,1.40,1.40
2010.04.15 10:13:57.522,1.6517,1.65215,1.40,1.40
2010.04.15 10:13:58.103,1.6516,1.652,1.40,1.40
2010.04.15 10:14:00.361,1.6515,1.65195,1.40,1.40
2010.04.15 10:14:02.182,1.65155,1.652,1.40,1.40
2010.04.15 10:14:02.800,1.6514,1.6518,1.40,1.40
2010.04.15 10:14:03.097,1.6515,1.65195,1.40,1.40
2010.04.15 10:14:10.200,1.6516,1.65215,1.40,1.40
2010.04.15 10:14:10.379,1.65155,1.652,1.40,1.40
2010.04.15 10:14:12.819,1.6516,1.65205,1.40,1.40
2010.04.15 10:14:13.178,1.65155,1.652,1.40,1.40
2010.04.15 10:14:16.250,1.6517,1.65215,1.40,1.40
2010.04.15 10:14:16.708,1.65165,1.65205,1.40,1.40
2010.04.15 10:14:16.938,1.6517,1.65215,1.40,1.40
2010.04.15 10:14:18.957,1.65165,1.6521,1.40,1.40
2010.04.15 10:14:19.677,1.6516,1.652,1.40,1.40
2010.04.15 10:14:23.216,1.65165,1.65205,1.40,1.40
2010.04.15 10:14:24.446,1.6516,1.652,1.40,1.40
2010.04.15 10:14:24.886,1.65175,1.6522,1.40,1.40
2010.04.15 10:14:25.422,1.65195,1.6524,1.40,1.40
2010.04.15 10:14:25.746,1.6518,1.65225,1.40,1.40
2010.04.15 10:14:26.086,1.65175,1.6522,1.40,1.40
2010.04.15 10:14:26.425,1.6518,1.65225,1.40,1.40
2010.04.15 10:14:31.982,1.6517,1.65215,1.40,1.40
2010.04.15 10:14:38.172,1.65165,1.6521,1.40,1.40
2010.04.15 10:14:38.823,1.6517,1.65215,1.40,1.40
2010.04.15 10:14:51.220,1.65165,1.6521,1.40,1.40
2010.04.15 10:14:51.881,1.6517,1.65215,1.40,1.40
2010.04.15 10:14:56.009,1.65175,1.6522,1.40,1.40
2010.04.15 10:15:01.288,1.65165,1.6521,1.40,1.40
2010.04.15 10:15:02.027,1.65175,1.6522,1.40,1.40
2010.04.15 10:15:03.317,1.65165,1.6521,1.40,1.40
2010.04.15 10:15:04.267,1.6516,1.65205,1.40,1.40
2010.04.15 10:15:07.046,1.6517,1.65215,1.40,1.40
2010.04.15 10:15:07.815,1.65175,1.6522,1.40,1.40
2010.04.15 10:15:10.945,1.6518,1.65235,1.40,1.40
2010.04.15 10:15:11.214,1.65185,1.65225,1.40,1.40
2010.04.15 10:15:11.586,1.6519,1.65235,1.40,1.40
2010.04.15 10:15:12.335,1.65195,1.6524,1.40,1.40
2010.04.15 10:15:13.774,1.6519,1.65235,1.40,1.40
2010.04.15 10:15:16.355,1.65195,1.6524,1.40,1.40
2010.04.15 10:15:16.864,1.6518,1.65225,1.40,1.40
2010.04.15 10:15:17.783,1.65175,1.6522,1.40,1.40
2010.04.15 10:15:21.478,1.6518,1.65225,1.40,1.40
2010.04.15 10:15:21.783,1.65185,1.6523,1.40,1.40
2010.04.15 10:15:24.031,1.65175,1.6522,1.40,1.40
2010.04.15 10:15:25.831,1.6517,1.65215,1.40,1.40
2010.04.15 10:15:26.022,1.65165,1.6521,1.40,1.40
2010.04.15 10:15:28.161,1.6517,1.65215,1.40,1.40
2010.04.15 10:15:30.571,1.6516,1.65205,1.40,1.40
2010.04.15 10:15:31.270,1.6517,1.65215,1.40,1.40
2010.04.15 10:15:32.230,1.6516,1.65205,1.40,1.40
2010.04.15 10:15:33.151,1.65155,1.652,1.40,1.40
2010.04.15 10:15:36.239,1.65165,1.6521,1.40,1.40
2010.04.15 10:15:36.861,1.6517,1.65215,1.40,1.40
2010.04.15 10:15:37.798,1.65165,1.6522,1.40,1.40
2010.04.15 10:15:38.708,1.6518,1.65225,1.40,1.40
2010.04.15 10:15:39.858,1.6519,1.6523,1.40,1.40
2010.04.15 10:15:40.898,1.65195,1.65235,1.40,1.40
2010.04.15 10:15:41.749,1.652,1.65245,1.40,1.40
2010.04.15 10:15:42.727,1.652,1.6524,1.40,1.40
2010.04.15 10:15:47.656,1.6519,1.65235,1.40,1.40
2010.04.15 10:15:51.876,1.6518,1.65225,1.40,1.40
2010.04.15 10:15:53.255,1.65185,1.6523,1.40,1.40
2010.04.15 10:15:53.889,1.6518,1.65225,1.40,1.40
2010.04.15 10:15:54.105,1.65185,1.6523,1.40,1.40
2010.04.15 10:15:56.074,1.6518,1.65225,1.40,1.40
2010.04.15 10:15:57.344,1.65175,1.6522,1.40,1.40
2010.04.15 10:15:57.683,1.6518,1.65225,1.40,1.40
2010.04.15 10:15:59.734,1.65185,1.65225,1.40,1.40
2010.04.15 10:16:00.273,1.65185,1.6523,1.40,1.40
2010.04.15 10:16:00.453,1.65185,1.65225,1.40,1.40
2010.04.15 10:16:01.502,1.65185,1.6523,1.40,1.40
2010.04.15 10:16:01.846,1.6518,1.65225,1.40,1.40
2010.04.15 10:16:02.832,1.65185,1.6523,1.40,1.40
2010.04.15 10:16:03.522,1.6518,1.65225,1.40,1.40
2010.04.15 10:16:03.762,1.65175,1.6522,1.40,1.40
2010.04.15 10:16:04.542,1.65185,1.6523,1.40,1.40
2010.04.15 10:16:05.255,1.65175,1.6522,1.40,1.40
2010.04.15 10:16:05.522,1.6518,1.65225,1.40,1.40
2010.04.15 10:16:07.041,1.65185,1.65225,1.40,1.40
2010.04.15 10:16:13.517,1.6519,1.65235,1.40,1.40
2010.04.15 10:16:14.130,1.65185,1.6523,1.40,1.40
2010.04.15 10:16:14.470,1.65175,1.6522,1.40,1.40
2010.04.15 10:16:15.149,1.6517,1.65215,1.40,1.40
2010.04.15 10:16:15.779,1.65175,1.6522,1.40,1.40
2010.04.15 10:16:26.314,1.6518,1.65225,1.40,1.40
2010.04.15 10:16:26.837,1.65175,1.6522,1.40,1.40
2010.04.15 10:16:27.756,1.65185,1.6523,1.40,1.40
2010.04.15 10:16:27.946,1.6517,1.65215,1.40,1.40
2010.04.15 10:16:28.502,1.65175,1.6522,1.40,1.40
2010.04.15 10:16:28.697,1.65185,1.6523,1.40,1.40
2010.04.15 10:16:30.206,1.65175,1.6522,1.40,1.40
2010.04.15 10:16:32.135,1.6518,1.6522,1.40,1.40
2010.04.15 10:16:32.286,1.65175,1.6522,1.40,1.40
2010.04.15 10:16:33.337,1.6517,1.65215,1.40,1.40
2010.04.15 10:16:33.845,1.65185,1.6523,1.40,1.40
2010.04.15 10:16:37.148,1.65175,1.6522,1.40,1.40
2010.04.15 10:16:37.844,1.6517,1.6521,1.40,1.40
2010.04.15 10:16:37.974,1.65175,1.6522,1.40,1.40
2010.04.15 10:16:38.714,1.6518,1.65225,1.40,1.40
2010.04.15 10:16:42.775,1.6519,1.6525,1.40,1.40
2010.04.15 10:16:42.954,1.652,1.65245,1.40,1.40
2010.04.15 10:16:43.313,1.65205,1.65245,1.40,1.40
2010.04.15 10:16:44.533,1.6521,1.65255,1.40,1.40
2010.04.15 10:16:48.671,1.65215,1.6526,1.40,1.40
2010.04.15 10:16:49.172,1.65205,1.6525,1.40,1.40
2010.04.15 10:16:49.921,1.652,1.65245,1.40,1.40
2010.04.15 10:16:50.622,1.65205,1.6525,1.40,1.40
2010.04.15 10:16:50.811,1.65215,1.6526,1.40,1.40
2010.04.15 10:16:51.101,1.65225,1.6527,1.40,1.40
2010.04.15 10:16:52.460,1.65215,1.6526,1.40,1.40
2010.04.15 10:17:00.509,1.65205,1.6525,1.40,1.40
2010.04.15 10:17:02.680,1.65195,1.6524,1.40,1.40
2010.04.15 10:17:03.299,1.652,1.65245,1.40,1.40
2010.04.15 10:17:04.088,1.6521,1.6525,1.40,1.40
2010.04.15 10:17:04.784,1.6521,1.65255,1.40,1.40
2010.04.15 10:17:04.958,1.652,1.65245,1.40,1.40
2010.04.15 10:17:05.137,1.65205,1.6525,1.40,1.40
2010.04.15 10:17:06.497,1.6521,1.65255,1.40,1.40
2010.04.15 10:17:07.985,1.65225,1.65265,1.40,1.40
2010.04.15 10:17:08.317,1.65235,1.6528,1.40,1.40
2010.04.15 10:17:08.999,1.65245,1.6529,1.40,1.40
2010.04.15 10:17:11.296,1.6525,1.65295,1.40,1.40
2010.04.15 10:17:12.716,1.6527,1.65315,1.40,1.40
2010.04.15 10:17:13.055,1.65265,1.6531,1.40,1.40
2010.04.15 10:17:14.079,1.6527,1.65325,1.40,1.40
2010.04.15 10:17:14.416,1.65285,1.6533,1.40,1.40
2010.04.15 10:17:15.095,1.6529,1.65335,1.40,1.40
2010.04.15 10:17:16.185,1.65285,1.6533,1.40,1.40
2010.04.15 10:17:16.885,1.6529,1.65335,1.40,1.40
2010.04.15 10:17:20.603,1.6528,1.65325,1.40,1.40
2010.04.15 10:17:21.254,1.65285,1.65325,1.40,1.40
2010.04.15 10:17:21.393,1.65285,1.6533,1.40,1.40
2010.04.15 10:17:21.803,1.6528,1.65325,1.40,1.40
2010.04.15 10:17:22.462,1.6528,1.6532,1.40,1.40
2010.04.15 10:17:22.724,1.6527,1.65315,1.40,1.40
2010.04.15 10:17:22.973,1.6526,1.65305,1.40,1.40
2010.04.15 10:17:23.223,1.6527,1.65315,1.40,1.40
2010.04.15 10:17:23.723,1.65265,1.6531,1.40,1.40
2010.04.15 10:17:26.032,1.6526,1.65305,1.40,1.40
2010.04.15 10:17:26.192,1.65255,1.653,1.40,1.40
2010.04.15 10:17:26.513,1.6526,1.65305,1.40,1.40
2010.04.15 10:17:28.322,1.6527,1.65315,1.40,1.40
2010.04.15 10:17:28.542,1.65275,1.6532,1.40,1.40
2010.04.15 10:17:29.204,1.6527,1.65315,1.40,1.40
2010.04.15 10:17:29.452,1.65265,1.6531,1.40,1.40
2010.04.15 10:17:31.541,1.65255,1.653,1.40,1.40
2010.04.15 10:17:31.861,1.6526,1.65305,1.40,1.40
2010.04.15 10:17:32.621,1.65255,1.653,1.40,1.40
2010.04.15 10:17:33.542,1.6525,1.65295,1.40,1.40
2010.04.15 10:17:33.940,1.65255,1.653,1.40,1.40
2010.04.15 10:17:34.700,1.65265,1.6531,1.40,1.40
2010.04.15 10:17:35.040,1.6527,1.65315,1.40,1.40
2010.04.15 10:17:36.731,1.65255,1.653,1.40,1.40
2010.04.15 10:17:36.980,1.6527,1.65315,1.40,1.40
2010.04.15 10:17:38.410,1.65265,1.6531,1.40,1.40
2010.04.15 10:17:40.759,1.6527,1.65315,1.40,1.40
2010.04.15 10:17:42.338,1.65255,1.653,1.40,1.40
2010.04.15 10:17:42.588,1.65265,1.6531,1.40,1.40
2010.04.15 10:17:42.878,1.6526,1.6531,1.40,1.40
2010.04.15 10:17:43.623,1.6526,1.653,1.40,1.40
2010.04.15 10:17:44.338,1.65265,1.6531,1.40,1.40
2010.04.15 10:17:46.139,1.65275,1.6532,1.40,1.40
2010.04.15 10:17:47.068,1.6527,1.65315,1.40,1.40
2010.04.15 10:17:47.547,1.65265,1.6531,1.40,1.40
2010.04.15 10:17:50.637,1.65255,1.653,1.40,1.40
2010.04.15 10:17:56.545,1.6526,1.65305,1.40,1.40
2010.04.15 10:17:57.167,1.65265,1.6531,1.40,1.40
2010.04.15 10:17:57.328,1.65255,1.653,1.40,1.40
2010.04.15 10:18:00.074,1.6525,1.65295,1.40,1.40
2010.04.15 10:18:01.354,1.65245,1.6529,1.40,1.40
2010.04.15 10:18:03.273,1.6525,1.65295,1.40,1.40
2010.04.15 10:18:03.593,1.6526,1.65305,1.40,1.40
2010.04.15 10:18:04.532,1.65245,1.6529,1.40,1.40
2010.04.15 10:18:04.854,1.65255,1.653,1.40,1.40
2010.04.15 10:18:05.174,1.6526,1.65305,1.40,1.40
2010.04.15 10:18:05.974,1.65255,1.653,1.40,1.40
2010.04.15 10:18:06.314,1.6525,1.65295,1.40,1.40
2010.04.15 10:18:09.055,1.65245,1.6529,1.40,1.40
2010.04.15 10:18:09.312,1.6525,1.65295,1.40,1.40
2010.04.15 10:18:09.572,1.65245,1.6529,1.40,1.40
2010.04.15 10:18:10.092,1.6524,1.65285,1.40,1.40
2010.04.15 10:18:17.200,1.65245,1.6529,1.40,1.40
2010.04.15 10:18:18.957,1.6525,1.65295,1.40,1.40
2010.04.15 10:18:19.083,1.65255,1.653,1.40,1.40
2010.04.15 10:18:19.210,1.6525,1.65295,1.40,1.40
2010.04.15 10:18:19.329,1.65255,1.653,1.40,1.40
2010.04.15 10:18:19.689,1.65245,1.6529,1.40,1.40
2010.04.15 10:18:20.965,1.6525,1.65295,1.40,1.40
2010.04.15 10:18:21.783,1.65245,1.6529,1.40,1.40
2010.04.15 10:18:23.628,1.65245,1.65285,1.40,1.40
2010.04.15 10:18:29.157,1.6524,1.65285,1.40,1.40
2010.04.15 10:18:29.457,1.65235,1.6528,1.40,1.40
2010.04.15 10:18:30.211,1.6524,1.65285,1.40,1.40
2010.04.15 10:18:37.375,1.65255,1.653,1.40,1.40
2010.04.15 10:18:42.341,1.6525,1.65295,1.40,1.40
2010.04.15 10:18:43.344,1.65255,1.653,1.40,1.40
2010.04.15 10:18:44.049,1.6525,1.65295,1.40,1.40
2010.04.15 10:18:44.164,1.65255,1.653,1.40,1.40
2010.04.15 10:18:44.303,1.6525,1.65295,1.40,1.40
2010.04.15 10:18:47.133,1.6524,1.65285,1.40,1.40
2010.04.15 10:18:48.053,1.6525,1.6529,1.40,1.40
2010.04.15 10:18:49.132,1.65235,1.6528,1.40,1.40
2010.04.15 10:18:49.313,1.6525,1.6529,1.40,1.40
2010.04.15 10:18:49.493,1.6524,1.65285,1.40,1.40
2010.04.15 10:18:52.801,1.6525,1.6529,1.40,1.40
2010.04.15 10:18:54.061,1.65235,1.6528,1.40,1.40
2010.04.15 10:18:57.610,1.65245,1.6529,1.40,1.40
2010.04.15 10:19:03.769,1.65255,1.653,1.40,1.40
2010.04.15 10:19:04.409,1.6526,1.65305,1.40,1.40
2010.04.15 10:19:05.828,1.65265,1.65305,1.40,1.40
2010.04.15 10:19:07.468,1.65245,1.6529,1.40,1.40
2010.04.15 10:19:07.667,1.65265,1.65305,1.40,1.40
2010.04.15 10:19:07.967,1.65255,1.653,1.40,1.40
2010.04.15 10:19:11.707,1.6525,1.65295,1.40,1.40
2010.04.15 10:19:13.177,1.6524,1.65285,1.40,1.40
2010.04.15 10:19:16.126,1.6525,1.65295,1.40,1.40
2010.04.15 10:19:16.856,1.65245,1.6529,1.40,1.40
2010.04.15 10:19:17.705,1.6525,1.6529,1.40,1.40
2010.04.15 10:19:19.955,1.65235,1.6528,1.40,1.40
2010.04.15 10:19:21.035,1.65245,1.6529,1.40,1.40
2010.04.15 10:19:23.694,1.6525,1.65295,1.40,1.40
2010.04.15 10:19:24.704,1.6524,1.65285,1.40,1.40
2010.04.15 10:19:25.795,1.6525,1.65295,1.40,1.40
2010.04.15 10:19:26.492,1.6524,1.65285,1.40,1.40
2010.04.15 10:19:27.513,1.6525,1.65295,1.40,1.40
2010.04.15 10:19:28.483,1.6523,1.65275,1.40,1.40
2010.04.15 10:19:29.322,1.65235,1.65275,1.40,1.40
2010.04.15 10:19:29.703,1.65235,1.6528,1.40,1.40
2010.04.15 10:19:30.043,1.6524,1.65285,1.40,1.40
2010.04.15 10:19:30.813,1.65255,1.653,1.40,1.40
2010.04.15 10:19:32.981,1.6526,1.65305,1.40,1.40
2010.04.15 10:19:36.082,1.65255,1.653,1.40,1.40
2010.04.15 10:19:37.511,1.6526,1.65305,1.40,1.40
2010.04.15 10:19:38.260,1.65255,1.653,1.40,1.40
2010.04.15 10:19:40.174,1.65265,1.6531,1.40,1.40
2010.04.15 10:19:40.770,1.65255,1.653,1.40,1.40
2010.04.15 10:19:43.890,1.6526,1.65305,1.40,1.40
2010.04.15 10:19:45.052,1.65265,1.65305,1.40,1.40
2010.04.15 10:19:45.855,1.65255,1.653,1.40,1.40
2010.04.15 10:19:47.038,1.6527,1.6531,1.40,1.40
2010.04.15 10:19:47.799,1.65265,1.6531,1.40,1.40
2010.04.15 10:19:48.108,1.6527,1.65315,1.40,1.40
2010.04.15 10:19:49.678,1.65275,1.6532,1.40,1.40
2010.04.15 10:19:52.918,1.6528,1.65325,1.40,1.40
2010.04.15 10:19:53.058,1.65275,1.6532,1.40,1.40
2010.04.15 10:19:54.177,1.6528,1.65325,1.40,1.40
2010.04.15 10:19:54.596,1.65275,1.65315,1.40,1.40
2010.04.15 10:19:55.337,1.6526,1.65305,1.40,1.40
2010.04.15 10:19:56.686,1.6525,1.65295,1.40,1.40
2010.04.15 10:19:57.688,1.65245,1.6529,1.40,1.40
2010.04.15 10:19:59.166,1.6525,1.65295,1.40,1.40
2010.04.15 10:19:59.845,1.65255,1.653,1.40,1.40
2010.04.15 10:20:00.145,1.6525,1.65295,1.40,1.40
2010.04.15 10:20:00.915,1.6524,1.65285,1.40,1.40
2010.04.15 10:20:01.235,1.65245,1.6529,1.40,1.40
2010.04.15 10:20:02.194,1.6524,1.65285,1.40,1.40
2010.04.15 10:20:02.865,1.65235,1.6528,1.40,1.40
2010.04.15 10:20:03.095,1.6524,1.65285,1.40,1.40
2010.04.15 10:20:04.294,1.65245,1.6529,1.40,1.40
2010.04.15 10:20:05.017,1.6524,1.65285,1.40,1.40
2010.04.15 10:20:06.804,1.65245,1.6529,1.40,1.40
2010.04.15 10:20:07.546,1.65225,1.6527,1.40,1.40
2010.04.15 10:20:09.684,1.65235,1.6528,1.40,1.40
2010.04.15 10:20:10.223,1.65245,1.6529,1.40,1.40
2010.04.15 10:20:11.551,1.6524,1.65285,1.40,1.40
2010.04.15 10:20:14.213,1.65245,1.6529,1.40,1.40
2010.04.15 10:20:17.271,1.6524,1.65285,1.40,1.40
2010.04.15 10:20:18.748,1.6523,1.65275,1.40,1.40
2010.04.15 10:20:22.840,1.6524,1.65285,1.40,1.40
2010.04.15 10:20:24.809,1.65235,1.6528,1.40,1.40
2010.04.15 10:20:24.982,1.65225,1.65265,1.40,1.40
2010.04.15 10:20:25.239,1.65225,1.6527,1.40,1.40
2010.04.15 10:20:26.279,1.6523,1.65275,1.40,1.40
2010.04.15 10:20:26.539,1.65225,1.6527,1.40,1.40
2010.04.15 10:20:27.448,1.65245,1.65285,1.40,1.40
2010.04.15 10:20:27.679,1.65225,1.65265,1.40,1.40
2010.04.15 10:20:29.318,1.6523,1.65275,1.40,1.40
2010.04.15 10:20:29.588,1.65235,1.6528,1.40,1.40
2010.04.15 10:20:40.375,1.6522,1.65265,1.40,1.40
2010.04.15 10:20:43.216,1.65225,1.6527,1.40,1.40
2010.04.15 10:20:46.932,1.6522,1.65265,1.40,1.40
2010.04.15 10:20:49.329,1.65235,1.6528,1.40,1.40
2010.04.15 10:20:49.544,1.6523,1.65275,1.40,1.40
2010.04.15 10:20:50.864,1.65235,1.65275,1.40,1.40
2010.04.15 10:20:51.544,1.6525,1.65295,1.40,1.40
2010.04.15 10:20:51.884,1.6524,1.65285,1.40,1.40
2010.04.15 10:20:53.552,1.65235,1.6528,1.40,1.40
2010.04.15 10:20:57.301,1.6524,1.65285,1.40,1.40
2010.04.15 10:20:59.311,1.65235,1.6528,1.40,1.40
2010.04.15 10:21:00.322,1.6524,1.65285,1.40,1.40
2010.04.15 10:21:01.680,1.6525,1.65295,1.40,1.40
2010.04.15 10:21:07.319,1.65245,1.6529,1.40,1.40
2010.04.15 10:21:09.499,1.6525,1.65295,1.40,1.40
2010.04.15 10:21:13.008,1.6524,1.65285,1.40,1.40
2010.04.15 10:21:21.922,1.65235,1.6528,1.40,1.40
2010.04.15 10:21:26.246,1.6524,1.65285,1.40,1.40
2010.04.15 10:21:29.383,1.6525,1.6529,1.40,1.40
2010.04.15 10:21:30.246,1.65255,1.653,1.40,1.40
2010.04.15 10:21:33.423,1.6526,1.65305,1.40,1.40
2010.04.15 10:21:34.103,1.6525,1.65295,1.40,1.40
2010.04.15 10:21:34.292,1.65255,1.653,1.40,1.40
2010.04.15 10:21:34.482,1.65255,1.65295,1.40,1.40
2010.04.15 10:21:34.672,1.65255,1.653,1.40,1.40
2010.04.15 10:21:35.872,1.65245,1.6529,1.40,1.40
2010.04.15 10:21:36.213,1.6525,1.65295,1.40,1.40
2010.04.15 10:21:36.924,1.65255,1.653,1.40,1.40
2010.04.15 10:21:41.140,1.6525,1.65295,1.40,1.40
2010.04.15 10:21:44.480,1.65255,1.653,1.40,1.40
2010.04.15 10:21:47.179,1.6525,1.65295,1.40,1.40
2010.04.15 10:21:48.319,1.65255,1.653,1.40,1.40
2010.04.15 10:21:50.208,1.6525,1.6529,1.40,1.40
2010.04.15 10:21:52.138,1.65255,1.653,1.40,1.40
2010.04.15 10:21:56.547,1.6526,1.65305,1.40,1.40
2010.04.15 10:21:56.977,1.65255,1.653,1.40,1.40
2010.04.15 10:22:00.977,1.65245,1.6529,1.40,1.40
2010.04.15 10:22:03.025,1.65255,1.65295,1.40,1.40
2010.04.15 10:22:05.885,1.65255,1.65305,1.40,1.40
2010.04.15 10:22:06.960,1.6526,1.65305,1.40,1.40
2010.04.15 10:22:07.954,1.65255,1.653,1.40,1.40
2010.04.15 10:22:08.144,1.6526,1.65305,1.40,1.40
2010.04.15 10:22:08.524,1.65265,1.6531,1.40,1.40
2010.04.15 10:22:15.642,1.6526,1.65305,1.40,1.40
2010.04.15 10:22:17.243,1.6527,1.65315,1.40,1.40
2010.04.15 10:22:26.590,1.65275,1.65315,1.40,1.40
2010.04.15 10:22:27.190,1.6528,1.65325,1.40,1.40
2010.04.15 10:22:32.448,1.65275,1.6532,1.40,1.40
2010.04.15 10:22:38.687,1.6527,1.6531,1.40,1.40
2010.04.15 10:22:47.896,1.65275,1.6532,1.40,1.40
2010.04.15 10:22:53.533,1.6528,1.65325,1.40,1.40
2010.04.15 10:23:00.722,1.65275,1.65315,1.40,1.40
2010.04.15 10:23:02.971,1.65265,1.6531,1.40,1.40
2010.04.15 10:23:09.287,1.6528,1.65325,1.40,1.40
2010.04.15 10:23:13.639,1.6528,1.6532,1.40,1.40
2010.04.15 10:23:14.385,1.6528,1.65325,1.40,1.40
2010.04.15 10:23:24.667,1.6528,1.6532,1.40,1.40
2010.04.15 10:23:29.695,1.6528,1.65325,1.40,1.40
2010.04.15 10:23:33.174,1.6528,1.6532,1.40,1.40
2010.04.15 10:23:33.534,1.65275,1.65315,1.40,1.40
2010.04.15 10:23:36.433,1.65265,1.6531,1.40,1.40
2010.04.15 10:23:37.063,1.6526,1.65305,1.40,1.40
2010.04.15 10:23:38.453,1.6527,1.65315,1.40,1.40
2010.04.15 10:23:40.032,1.6525,1.65295,1.40,1.40
2010.04.15 10:23:40.913,1.6526,1.65305,1.40,1.40
2010.04.15 10:23:41.542,1.6525,1.65295,1.40,1.40
2010.04.15 10:23:42.583,1.65255,1.65295,1.40,1.40
2010.04.15 10:23:42.922,1.65265,1.6531,1.40,1.40
2010.04.15 10:23:50.680,1.65275,1.6532,1.40,1.40
2010.04.15 10:23:53.591,1.65265,1.6531,1.40,1.40
2010.04.15 10:23:54.721,1.6526,1.65305,1.40,1.40
2010.04.15 10:23:57.898,1.6525,1.65295,1.40,1.40
2010.04.15 10:24:00.388,1.6526,1.65305,1.40,1.40
2010.04.15 10:24:00.577,1.65255,1.653,1.40,1.40
2010.04.15 10:24:16.754,1.65245,1.6529,1.40,1.40
2010.04.15 10:24:27.231,1.6525,1.65295,1.40,1.40
2010.04.15 10:24:27.981,1.65245,1.6529,1.40,1.40
2010.04.15 10:24:28.658,1.6525,1.65295,1.40,1.40
2010.04.15 10:24:30.990,1.65245,1.6529,1.40,1.40
2010.04.15 10:24:36.079,1.6524,1.6528,1.40,1.40
2010.04.15 10:24:36.440,1.65235,1.6528,1.40,1.40
2010.04.15 10:24:36.639,1.6523,1.65275,1.40,1.40
2010.04.15 10:24:42.847,1.65225,1.6527,1.40,1.40
2010.04.15 10:24:43.187,1.6523,1.65275,1.40,1.40
2010.04.15 10:24:44.927,1.65225,1.6527,1.40,1.40
2010.04.15 10:24:46.456,1.65235,1.65275,1.40,1.40
2010.04.15 10:24:47.756,1.6523,1.6527,1.40,1.40
2010.04.15 10:24:48.216,1.65225,1.65265,1.40,1.40
2010.04.15 10:24:51.735,1.65215,1.6526,1.40,1.40
2010.04.15 10:24:52.575,1.65225,1.6527,1.40,1.40
2010.04.15 10:24:53.555,1.6522,1.65265,1.40,1.40
2010.04.15 10:24:53.774,1.65225,1.6527,1.40,1.40
2010.04.15 10:24:54.443,1.6521,1.6525,1.40,1.40
2010.04.15 10:24:54.585,1.65215,1.6526,1.40,1.40
2010.04.15 10:24:55.005,1.6522,1.65265,1.40,1.40
2010.04.15 10:24:59.544,1.65235,1.6528,1.40,1.40
2010.04.15 10:25:05.310,1.6524,1.65285,1.40,1.40
2010.04.15 10:25:06.675,1.6525,1.6529,1.40,1.40
2010.04.15 10:25:07.301,1.6524,1.6529,1.40,1.40
2010.04.15 10:25:07.492,1.6524,1.65285,1.40,1.40
2010.04.15 10:25:08.001,1.65245,1.6529,1.40,1.40
2010.04.15 10:25:09.361,1.6525,1.65295,1.40,1.40
2010.04.15 10:25:10.050,1.6525,1.653,1.40,1.40
2010.04.15 10:25:10.250,1.6525,1.65295,1.40,1.40
2010.04.15 10:25:10.450,1.6525,1.653,1.40,1.40
2010.04.15 10:25:11.420,1.6524,1.6529,1.40,1.40
2010.04.15 10:25:17.761,1.6524,1.65295,1.40,1.40
2010.04.15 10:25:20.448,1.6524,1.65285,1.40,1.40
2010.04.15 10:25:20.688,1.65235,1.6528,1.40,1.40
2010.04.15 10:25:20.898,1.6524,1.65285,1.40,1.40
2010.04.15 10:25:21.108,1.65235,1.6528,1.40,1.40
2010.04.15 10:25:22.598,1.65245,1.6529,1.40,1.40
2010.04.15 10:25:22.937,1.6525,1.65295,1.40,1.40
2010.04.15 10:25:24.478,1.65245,1.65285,1.40,1.40
2010.04.15 10:25:25.357,1.6524,1.6529,1.40,1.40
2010.04.15 10:25:27.916,1.6524,1.653,1.40,1.40
2010.04.15 10:25:28.056,1.6524,1.6529,1.40,1.40
2010.04.15 10:25:28.727,1.65255,1.65295,1.40,1.40
2010.04.15 10:25:29.206,1.6526,1.653,1.40,1.40
2010.04.15 10:25:32.866,1.65255,1.65295,1.40,1.40
2010.04.15 10:25:33.267,1.6525,1.6529,1.40,1.40
2010.04.15 10:25:33.435,1.6524,1.6529,1.40,1.40
2010.04.15 10:25:33.605,1.65245,1.6529,1.40,1.40
2010.04.15 10:25:34.214,1.6524,1.6529,1.40,1.40
2010.04.15 10:25:34.425,1.6525,1.6529,1.40,1.40
2010.04.15 10:25:42.025,1.65255,1.653,1.40,1.40
2010.04.15 10:25:44.019,1.6525,1.6529,1.40,1.40
2010.04.15 10:25:48.472,1.65255,1.65295,1.40,1.40
2010.04.15 10:25:48.691,1.6526,1.653,1.40,1.40
2010.04.15 10:25:55.710,1.6525,1.6529,1.40,1.40
2010.04.15 10:25:55.890,1.6524,1.65285,1.40,1.40
2010.04.15 10:25:58.269,1.6525,1.6529,1.40,1.40
2010.04.15 10:25:58.689,1.65255,1.65295,1.40,1.40
2010.04.15 10:26:01.148,1.65235,1.6528,1.40,1.40
2010.04.15 10:26:02.217,1.6523,1.65275,1.40,1.40
2010.04.15 10:26:03.768,1.65235,1.6528,1.40,1.40
2010.04.15 10:26:03.978,1.6523,1.65275,1.40,1.40
2010.04.15 10:26:04.738,1.6524,1.65285,1.40,1.40
2010.04.15 10:26:05.007,1.6523,1.65275,1.40,1.40
2010.04.15 10:26:08.266,1.65235,1.6528,1.40,1.40
2010.04.15 10:26:17.824,1.65245,1.65285,1.40,1.40
2010.04.15 10:26:36.900,1.65245,1.6529,1.40,1.40
2010.04.15 10:26:43.598,1.65235,1.6528,1.40,1.40
2010.04.15 10:26:45.178,1.6523,1.65275,1.40,1.40
2010.04.15 10:26:58.125,1.6522,1.65265,1.40,1.40
2010.04.15 10:26:58.465,1.6521,1.65255,1.40,1.40
2010.04.15 10:26:59.135,1.6522,1.65265,1.40,1.40
2010.04.15 10:27:02.944,1.65225,1.6527,1.40,1.40
2010.04.15 10:27:05.443,1.65235,1.6528,1.40,1.40
2010.04.15 10:27:05.783,1.65245,1.65285,1.40,1.40
2010.04.15 10:27:12.263,1.6525,1.6529,1.40,1.40
2010.04.15 10:27:28.947,1.65255,1.65295,1.40,1.40
2010.04.15 10:27:30.087,1.6526,1.65305,1.40,1.40
2010.04.15 10:27:31.499,1.65265,1.6531,1.40,1.40
2010.04.15 10:27:36.345,1.6526,1.65305,1.40,1.40
2010.04.15 10:27:37.386,1.65265,1.6531,1.40,1.40
2010.04.15 10:27:39.364,1.6526,1.65305,1.40,1.40
2010.04.15 10:27:42.084,1.65265,1.6531,1.40,1.40
2010.04.15 10:27:44.133,1.6526,1.65305,1.40,1.40
2010.04.15 10:27:46.630,1.65265,1.6531,1.40,1.40
2010.04.15 10:27:49.247,1.6527,1.65315,1.40,1.40
2010.04.15 10:27:50.363,1.6526,1.65305,1.40,1.40
2010.04.15 10:27:59.270,1.6527,1.65315,1.40,1.40
2010.04.15 10:27:59.390,1.65255,1.653,1.40,1.40
2010.04.15 10:28:00.710,1.65265,1.6531,1.40,1.40
2010.04.15 10:28:04.991,1.6526,1.65305,1.40,1.40
2010.04.15 10:28:05.108,1.65265,1.6531,1.40,1.40
2010.04.15 10:28:05.905,1.6527,1.65315,1.40,1.40
2010.04.15 10:28:09.047,1.65265,1.6531,1.40,1.40
2010.04.15 10:28:12.038,1.6526,1.65305,1.40,1.40
2010.04.15 10:28:14.746,1.6527,1.6531,1.40,1.40
2010.04.15 10:28:18.055,1.6527,1.65315,1.40,1.40
2010.04.15 10:28:20.621,1.6527,1.6531,1.40,1.40
2010.04.15 10:28:21.569,1.6526,1.65305,1.40,1.40
2010.04.15 10:28:21.734,1.65255,1.65295,1.40,1.40
2010.04.15 10:28:52.858,1.6526,1.65305,1.40,1.40
2010.04.15 10:28:56.507,1.65255,1.65295,1.40,1.40
2010.04.15 10:28:57.759,1.6526,1.65305,1.40,1.40
2010.04.15 10:29:01.583,1.6525,1.65295,1.40,1.40
2010.04.15 10:29:15.611,1.65255,1.653,1.40,1.40
2010.04.15 10:29:17.331,1.65245,1.6529,1.40,1.40
2010.04.15 10:29:19.413,1.6524,1.65285,1.40,1.40
2010.04.15 10:29:19.751,1.65235,1.6528,1.40,1.40
2010.04.15 10:29:40.075,1.6523,1.65275,1.40,1.40
2010.04.15 10:29:40.186,1.65235,1.6528,1.40,1.40
2010.04.15 10:29:42.015,1.6523,1.65275,1.40,1.40
2010.04.15 10:29:43.472,1.65235,1.6528,1.40,1.40
2010.04.15 10:29:46.944,1.6523,1.6527,1.40,1.40
2010.04.15 10:29:58.864,1.65235,1.6528,1.40,1.40
2010.04.15 10:30:07.217,1.6524,1.65285,1.40,1.40
2010.04.15 10:30:09.969,1.65235,1.6528,1.40,1.40
2010.04.15 10:30:13.757,1.6524,1.65285,1.40,1.40
2010.04.15 10:30:13.788,1.65235,1.6528,1.40,1.40
2010.04.15 10:30:13.887,1.6524,1.65285,1.40,1.40
2010.04.15 10:30:14.127,1.65235,1.6528,1.40,1.40
2010.04.15 10:30:21.746,1.6524,1.65285,1.40,1.40
2010.04.15 10:30:22.247,1.65235,1.6528,1.40,1.40
2010.04.15 10:30:25.266,1.6524,1.65285,1.40,1.40
2010.04.15 10:30:27.054,1.6525,1.65295,1.40,1.40
2010.04.15 10:30:28.234,1.6524,1.65285,1.40,1.40
2010.04.15 10:30:28.474,1.65245,1.6529,1.40,1.40
2010.04.15 10:30:35.812,1.65225,1.6527,1.40,1.40
2010.04.15 10:30:36.042,1.65235,1.6528,1.40,1.40
2010.04.15 10:30:39.092,1.6525,1.65295,1.40,1.40
2010.04.15 10:30:41.851,1.6526,1.653,1.40,1.40
2010.04.15 10:30:42.041,1.6526,1.65305,1.40,1.40
2010.04.15 10:30:42.521,1.65245,1.65285,1.40,1.40
2010.04.15 10:30:42.711,1.6523,1.65285,1.40,1.40
2010.04.15 10:30:42.900,1.6523,1.65275,1.40,1.40
2010.04.15 10:30:43.140,1.65225,1.6527,1.40,1.40
2010.04.15 10:30:43.765,1.6522,1.65275,1.40,1.40
2010.04.15 10:30:44.042,1.6522,1.65265,1.40,1.40
2010.04.15 10:30:46.788,1.65225,1.6527,1.40,1.40
2010.04.15 10:30:47.100,1.6522,1.65275,1.40,1.40
2010.04.15 10:30:48.689,1.6522,1.6526,1.40,1.40
2010.04.15 10:30:49.049,1.6522,1.6527,1.40,1.40
2010.04.15 10:30:49.229,1.6522,1.65265,1.40,1.40
2010.04.15 10:30:49.685,1.6522,1.6527,1.40,1.40
2010.04.15 10:30:52.599,1.6523,1.65275,1.40,1.40
2010.04.15 10:30:58.957,1.65225,1.65265,1.40,1.40
2010.04.15 10:30:59.217,1.65215,1.6526,1.40,1.40
2010.04.15 10:31:00.048,1.65215,1.6527,1.40,1.40
2010.04.15 10:31:01.916,1.6522,1.6527,1.40,1.40
2010.04.15 10:31:03.889,1.6523,1.6527,1.40,1.40
2010.04.15 10:31:05.695,1.65225,1.65265,1.40,1.40
2010.04.15 10:31:07.625,1.6522,1.6526,1.40,1.40
2010.04.15 10:31:09.384,1.6521,1.65255,1.40,1.40
2010.04.15 10:31:10.184,1.6521,1.6525,1.40,1.40
2010.04.15 10:31:12.883,1.65205,1.65245,1.40,1.40
2010.04.15 10:31:18.822,1.65195,1.6524,1.40,1.40
2010.04.15 10:31:19.252,1.65205,1.65245,1.40,1.40
2010.04.15 10:31:21.171,1.65195,1.6524,1.40,1.40
2010.04.15 10:31:23.982,1.652,1.6524,1.40,1.40
2010.04.15 10:31:24.774,1.65205,1.6525,1.40,1.40
2010.04.15 10:31:25.432,1.65185,1.6523,1.40,1.40
2010.04.15 10:31:25.650,1.65195,1.6524,1.40,1.40
2010.04.15 10:31:29.397,1.652,1.6524,1.40,1.40
2010.04.15 10:31:31.730,1.65205,1.6525,1.40,1.40
2010.04.15 10:31:31.939,1.652,1.6524,1.40,1.40
2010.04.15 10:31:32.668,1.65205,1.6525,1.40,1.40
2010.04.15 10:31:34.178,1.6521,1.65255,1.40,1.40
2010.04.15 10:31:34.778,1.65215,1.6526,1.40,1.40
2010.04.15 10:31:35.388,1.65225,1.6527,1.40,1.40
2010.04.15 10:31:36.068,1.6522,1.6526,1.40,1.40
2010.04.15 10:31:41.186,1.65225,1.6527,1.40,1.40
2010.04.15 10:31:46.176,1.65235,1.65275,1.40,1.40
2010.04.15 10:31:51.056,1.65225,1.6527,1.40,1.40
2010.04.15 10:31:52.173,1.6522,1.65265,1.40,1.40
2010.04.15 10:32:06.750,1.6522,1.6526,1.40,1.40
2010.04.15 10:32:16.378,1.65225,1.6527,1.40,1.40
2010.04.15 10:32:17.728,1.65215,1.6526,1.40,1.40
2010.04.15 10:32:20.627,1.6522,1.65265,1.40,1.40
2010.04.15 10:32:23.377,1.65225,1.6527,1.40,1.40
2010.04.15 10:32:27.955,1.6523,1.65275,1.40,1.40
2010.04.15 10:32:29.065,1.65235,1.6528,1.40,1.40
2010.04.15 10:32:31.234,1.6523,1.65275,1.40,1.40
2010.04.15 10:32:31.984,1.65235,1.6528,1.40,1.40
2010.04.15 10:32:36.273,1.65225,1.6527,1.40,1.40
2010.04.15 10:32:37.113,1.6523,1.65275,1.40,1.40
2010.04.15 10:32:38.193,1.6524,1.65285,1.40,1.40
2010.04.15 10:32:49.000,1.65245,1.6529,1.40,1.40
2010.04.15 10:32:49.281,1.65235,1.6528,1.40,1.40
2010.04.15 10:32:49.890,1.65245,1.6529,1.40,1.40
2010.04.15 10:32:54.960,1.6524,1.65285,1.40,1.40
2010.04.15 10:32:55.280,1.65245,1.6529,1.40,1.40
2010.04.15 10:32:56.269,1.65255,1.653,1.40,1.40
2010.04.15 10:32:57.058,1.6525,1.65295,1.40,1.40
2010.04.15 10:33:08.996,1.65255,1.653,1.40,1.40
2010.04.15 10:33:09.086,1.6525,1.65295,1.40,1.40
2010.04.15 10:33:11.666,1.6526,1.653,1.40,1.40
2010.04.15 10:33:19.832,1.65265,1.65305,1.40,1.40
2010.04.15 10:33:20.333,1.65265,1.6531,1.40,1.40
2010.04.15 10:33:22.292,1.6526,1.653,1.40,1.40
2010.04.15 10:33:25.201,1.6526,1.65305,1.40,1.40
2010.04.15 10:33:27.850,1.6527,1.65315,1.40,1.40
2010.04.15 10:33:28.270,1.6526,1.65305,1.40,1.40
2010.04.15 10:33:28.550,1.65265,1.6531,1.40,1.40
2010.04.15 10:33:29.250,1.6525,1.65295,1.40,1.40
2010.04.15 10:33:35.319,1.6526,1.653,1.40,1.40
2010.04.15 10:33:37.439,1.65265,1.65305,1.40,1.40
2010.04.15 10:33:46.276,1.65255,1.653,1.40,1.40
2010.04.15 10:33:46.597,1.65265,1.65305,1.40,1.40
2010.04.15 10:33:46.916,1.6527,1.6531,1.40,1.40
2010.04.15 10:33:49.975,1.65265,1.65305,1.40,1.40
2010.04.15 10:33:52.435,1.6527,1.6531,1.40,1.40
2010.04.15 10:33:59.053,1.65275,1.65315,1.40,1.40
2010.04.15 10:34:00.736,1.6527,1.65315,1.40,1.40
2010.04.15 10:34:03.101,1.65265,1.6531,1.40,1.40
2010.04.15 10:34:06.453,1.6527,1.6531,1.40,1.40
2010.04.15 10:34:11.730,1.65275,1.6532,1.40,1.40
2010.04.15 10:34:14.081,1.65285,1.6533,1.40,1.40
2010.04.15 10:34:16.986,1.6527,1.65315,1.40,1.40
2010.04.15 10:34:17.122,1.6528,1.65325,1.40,1.40
2010.04.15 10:34:17.679,1.65285,1.6533,1.40,1.40
2010.04.15 10:34:19.246,1.6529,1.65335,1.40,1.40
2010.04.15 10:34:20.178,1.65295,1.6534,1.40,1.40
2010.04.15 10:34:25.155,1.6529,1.65335,1.40,1.40
2010.04.15 10:34:25.418,1.65295,1.6534,1.40,1.40
2010.04.15 10:34:26.617,1.6529,1.65335,1.40,1.40
2010.04.15 10:34:26.816,1.65295,1.6534,1.40,1.40
2010.04.15 10:34:28.616,1.653,1.65345,1.40,1.40
2010.04.15 10:34:30.865,1.6529,1.65335,1.40,1.40
2010.04.15 10:34:39.774,1.65295,1.6534,1.40,1.40
2010.04.15 10:34:43.532,1.6529,1.65335,1.40,1.40
2010.04.15 10:34:43.653,1.65285,1.6533,1.40,1.40
2010.04.15 10:34:48.621,1.6528,1.65325,1.40,1.40
2010.04.15 10:34:51.464,1.6527,1.65315,1.40,1.40
2010.04.15 10:34:51.691,1.65275,1.6532,1.40,1.40
2010.04.15 10:34:52.352,1.6528,1.65325,1.40,1.40
2010.04.15 10:34:53.090,1.65285,1.6533,1.40,1.40
2010.04.15 10:34:53.887,1.6529,1.65335,1.40,1.40
2010.04.15 10:34:54.090,1.65295,1.6534,1.40,1.40
2010.04.15 10:34:55.118,1.6529,1.65335,1.40,1.40
2010.04.15 10:34:56.399,1.65285,1.6533,1.40,1.40
2010.04.15 10:34:59.280,1.65275,1.6532,1.40,1.40
2010.04.15 10:35:05.427,1.6527,1.65315,1.40,1.40
2010.04.15 10:35:07.567,1.65255,1.653,1.40,1.40
2010.04.15 10:35:08.314,1.6527,1.65315,1.40,1.40
2010.04.15 10:35:08.487,1.65265,1.65305,1.40,1.40
2010.04.15 10:35:08.676,1.65255,1.653,1.40,1.40
2010.04.15 10:35:10.076,1.65265,1.65305,1.40,1.40
2010.04.15 10:35:13.556,1.6527,1.65315,1.40,1.40
2010.04.15 10:35:18.694,1.65275,1.6532,1.40,1.40
2010.04.15 10:35:18.844,1.6527,1.65315,1.40,1.40
2010.04.15 10:35:20.323,1.6527,1.6531,1.40,1.40
2010.04.15 10:35:21.753,1.65265,1.6531,1.40,1.40
2010.04.15 10:35:22.093,1.6526,1.65305,1.40,1.40
2010.04.15 10:35:23.932,1.65255,1.653,1.40,1.40
2010.04.15 10:35:24.202,1.6526,1.65305,1.40,1.40
2010.04.15 10:35:25.063,1.65255,1.653,1.40,1.40
2010.04.15 10:35:26.680,1.6525,1.65295,1.40,1.40
2010.04.15 10:35:27.055,1.6526,1.65305,1.40,1.40
2010.04.15 10:35:28.893,1.6525,1.65295,1.40,1.40
2010.04.15 10:35:32.591,1.65245,1.65285,1.40,1.40
2010.04.15 10:35:32.810,1.6525,1.65295,1.40,1.40
2010.04.15 10:35:37.140,1.65245,1.6529,1.40,1.40
2010.04.15 10:35:37.732,1.6525,1.65295,1.40,1.40
2010.04.15 10:35:37.999,1.65255,1.653,1.40,1.40
2010.04.15 10:35:39.719,1.65245,1.6529,1.40,1.40
2010.04.15 10:35:40.349,1.65255,1.653,1.40,1.40
2010.04.15 10:35:42.349,1.65265,1.6531,1.40,1.40
2010.04.15 10:35:42.848,1.6527,1.65315,1.40,1.40
2010.04.15 10:35:43.168,1.65265,1.6531,1.40,1.40
2010.04.15 10:35:44.328,1.6526,1.65305,1.40,1.40
2010.04.15 10:35:44.568,1.65265,1.6531,1.40,1.40
2010.04.15 10:35:47.048,1.6526,1.65305,1.40,1.40
2010.04.15 10:35:47.167,1.65255,1.65295,1.40,1.40
2010.04.15 10:35:49.467,1.6526,1.65305,1.40,1.40
2010.04.15 10:35:49.646,1.65255,1.65295,1.40,1.40
2010.04.15 10:35:51.496,1.6526,1.65305,1.40,1.40
2010.04.15 10:35:53.547,1.6526,1.653,1.40,1.40
2010.04.15 10:35:57.915,1.65255,1.653,1.40,1.40
2010.04.15 10:35:58.694,1.6525,1.65295,1.40,1.40
2010.04.15 10:36:01.622,1.65255,1.653,1.40,1.40
2010.04.15 10:36:08.086,1.6525,1.65295,1.40,1.40
2010.04.15 10:36:08.363,1.65245,1.6529,1.40,1.40
2010.04.15 10:36:13.725,1.6524,1.65285,1.40,1.40
2010.04.15 10:36:14.023,1.65235,1.6528,1.40,1.40
2010.04.15 10:36:14.590,1.6523,1.65275,1.40,1.40
2010.04.15 10:36:20.350,1.6524,1.65285,1.40,1.40
2010.04.15 10:36:20.649,1.6523,1.65275,1.40,1.40
2010.04.15 10:36:21.214,1.6524,1.6528,1.40,1.40
2010.04.15 10:36:21.549,1.65245,1.6529,1.40,1.40
2010.04.15 10:36:22.128,1.6524,1.65285,1.40,1.40
2010.04.15 10:36:24.369,1.6525,1.65295,1.40,1.40
2010.04.15 10:36:24.580,1.65255,1.653,1.40,1.40
2010.04.15 10:36:24.698,1.6525,1.65295,1.40,1.40
2010.04.15 10:36:25.709,1.65255,1.653,1.40,1.40
2010.04.15 10:36:26.508,1.6527,1.6531,1.40,1.40
2010.04.15 10:36:26.807,1.65265,1.6531,1.40,1.40
2010.04.15 10:36:28.237,1.6526,1.65305,1.40,1.40
2010.04.15 10:36:29.107,1.65255,1.65295,1.40,1.40
2010.04.15 10:36:29.864,1.6523,1.65275,1.40,1.40
2010.04.15 10:36:30.111,1.65235,1.6528,1.40,1.40
2010.04.15 10:36:37.987,1.65245,1.65295,1.40,1.40
2010.04.15 10:36:38.256,1.6525,1.65295,1.40,1.40
2010.04.15 10:36:38.525,1.65255,1.65295,1.40,1.40
2010.04.15 10:36:41.755,1.6526,1.65305,1.40,1.40
2010.04.15 10:36:41.994,1.65255,1.65295,1.40,1.40
2010.04.15 10:36:48.019,1.6525,1.65295,1.40,1.40
2010.04.15 10:37:06.398,1.65255,1.65295,1.40,1.40
2010.04.15 10:37:11.936,1.6525,1.65295,1.40,1.40
2010.04.15 10:37:12.067,1.65245,1.6529,1.40,1.40
2010.04.15 10:37:16.736,1.6524,1.65285,1.40,1.40
2010.04.15 10:37:17.257,1.65235,1.6528,1.40,1.40
2010.04.15 10:37:23.905,1.65225,1.6527,1.40,1.40
2010.04.15 10:37:24.143,1.6522,1.65265,1.40,1.40
2010.04.15 10:37:24.843,1.6521,1.65255,1.40,1.40
2010.04.15 10:37:24.954,1.65215,1.6526,1.40,1.40
2010.04.15 10:37:25.064,1.6521,1.65255,1.40,1.40
2010.04.15 10:37:26.244,1.65215,1.65255,1.40,1.40
2010.04.15 10:37:27.313,1.6522,1.6526,1.40,1.40
2010.04.15 10:37:27.918,1.65225,1.65265,1.40,1.40
2010.04.15 10:37:31.490,1.65225,1.6527,1.40,1.40
2010.04.15 10:37:33.665,1.65235,1.6528,1.40,1.40
2010.04.15 10:37:33.794,1.65245,1.6529,1.40,1.40
2010.04.15 10:37:33.931,1.6524,1.65285,1.40,1.40
2010.04.15 10:37:34.274,1.65255,1.653,1.40,1.40
2010.04.15 10:37:34.752,1.65255,1.6531,1.40,1.40
2010.04.15 10:37:35.711,1.65255,1.653,1.40,1.40
2010.04.15 10:37:40.190,1.6525,1.653,1.40,1.40
2010.04.15 10:37:40.390,1.65245,1.6529,1.40,1.40
2010.04.15 10:37:42.349,1.6525,1.6529,1.40,1.40
2010.04.15 10:37:42.406,1.65255,1.653,1.40,1.40
2010.04.15 10:37:52.627,1.6525,1.65295,1.40,1.40
2010.04.15 10:37:52.673,1.65255,1.653,1.40,1.40
2010.04.15 10:38:09.253,1.65265,1.6531,1.40,1.40
2010.04.15 10:38:09.474,1.65255,1.653,1.40,1.40
2010.04.15 10:38:16.062,1.6526,1.65305,1.40,1.40
2010.04.15 10:38:16.571,1.65265,1.6531,1.40,1.40
2010.04.15 10:38:19.431,1.6526,1.65305,1.40,1.40
2010.04.15 10:38:23.190,1.65255,1.653,1.40,1.40
2010.04.15 10:38:26.399,1.65245,1.6529,1.40,1.40
2010.04.15 10:38:39.126,1.65235,1.6528,1.40,1.40
2010.04.15 10:38:39.306,1.6523,1.6527,1.40,1.40
2010.04.15 10:38:40.068,1.65235,1.6528,1.40,1.40
2010.04.15 10:38:40.406,1.6523,1.6527,1.40,1.40
2010.04.15 10:38:41.676,1.65225,1.65265,1.40,1.40
2010.04.15 10:38:43.935,1.65225,1.6527,1.40,1.40
2010.04.15 10:38:44.056,1.65245,1.65285,1.40,1.40
2010.04.15 10:38:44.642,1.6524,1.65285,1.40,1.40
2010.04.15 10:38:47.323,1.65245,1.6529,1.40,1.40
2010.04.15 10:38:47.703,1.6524,1.65285,1.40,1.40
2010.04.15 10:38:49.413,1.65245,1.6529,1.40,1.40
2010.04.15 10:38:49.474,1.6524,1.65285,1.40,1.40
2010.04.15 10:38:52.792,1.65245,1.6529,1.40,1.40
2010.04.15 10:38:53.012,1.6524,1.65285,1.40,1.40
2010.04.15 10:38:59.111,1.65245,1.6529,1.40,1.40
2010.04.15 10:38:59.451,1.6524,1.65285,1.40,1.40
2010.04.15 10:39:19.327,1.65245,1.6529,1.40,1.40
2010.04.15 10:39:19.956,1.65245,1.653,1.40,1.40
2010.04.15 10:39:23.523,1.6525,1.65295,1.40,1.40
2010.04.15 10:39:23.766,1.65245,1.6529,1.40,1.40
2010.04.15 10:39:25.686,1.6524,1.6529,1.40,1.40
2010.04.15 10:39:25.805,1.65245,1.6529,1.40,1.40
2010.04.15 10:39:28.504,1.6524,1.65285,1.40,1.40
2010.04.15 10:39:29.224,1.6524,1.6528,1.40,1.40
2010.04.15 10:39:41.943,1.65235,1.6528,1.40,1.40
2010.04.15 10:39:45.390,1.65245,1.65285,1.40,1.40
2010.04.15 10:39:45.786,1.65235,1.6528,1.40,1.40
2010.04.15 10:39:58.736,1.6524,1.6528,1.40,1.40
2010.04.15 10:39:59.216,1.65245,1.6529,1.40,1.40
2010.04.15 10:40:00.416,1.65255,1.65305,1.40,1.40
2010.04.15 10:40:00.706,1.65245,1.653,1.40,1.40
2010.04.15 10:40:01.917,1.6525,1.65295,1.40,1.40
2010.04.15 10:40:02.379,1.65245,1.65295,1.40,1.40
2010.04.15 10:40:02.616,1.65245,1.653,1.40,1.40
2010.04.15 10:40:04.566,1.65255,1.653,1.40,1.40
2010.04.15 10:40:04.660,1.65245,1.653,1.40,1.40
2010.04.15 10:40:05.193,1.6524,1.65285,1.40,1.40
2010.04.15 10:40:05.607,1.6524,1.6528,1.40,1.40
2010.04.15 10:40:06.735,1.65235,1.6528,1.40,1.40
2010.04.15 10:40:09.734,1.6524,1.65285,1.40,1.40
2010.04.15 10:40:13.643,1.65245,1.65285,1.40,1.40
2010.04.15 10:40:14.314,1.6525,1.65295,1.40,1.40
2010.04.15 10:40:14.462,1.65245,1.6529,1.40,1.40
2010.04.15 10:40:15.143,1.6525,1.65295,1.40,1.40
2010.04.15 10:40:15.483,1.6526,1.653,1.40,1.40
2010.04.15 10:40:16.283,1.65255,1.65295,1.40,1.40
2010.04.15 10:40:28.020,1.6525,1.65295,1.40,1.40
2010.04.15 10:40:29.729,1.6526,1.65305,1.40,1.40
2010.04.15 10:40:38.998,1.65245,1.6529,1.40,1.40
2010.04.15 10:40:39.801,1.65255,1.65295,1.40,1.40
2010.04.15 10:40:43.916,1.6525,1.65295,1.40,1.40
2010.04.15 10:40:44.493,1.65245,1.6529,1.40,1.40
2010.04.15 10:40:46.345,1.6524,1.65285,1.40,1.40
2010.04.15 10:40:46.946,1.65235,1.6528,1.40,1.40
2010.04.15 10:40:47.571,1.6522,1.65275,1.40,1.40
2010.04.15 10:40:47.934,1.6522,1.65265,1.40,1.40
2010.04.15 10:40:48.195,1.65215,1.65265,1.40,1.40
2010.04.15 10:40:48.455,1.6521,1.65255,1.40,1.40
2010.04.15 10:40:49.804,1.65215,1.6526,1.40,1.40
2010.04.15 10:40:50.084,1.6521,1.65255,1.40,1.40
2010.04.15 10:40:54.413,1.65215,1.6526,1.40,1.40
2010.04.15 10:40:54.864,1.65225,1.6527,1.40,1.40
2010.04.15 10:41:00.202,1.6523,1.65275,1.40,1.40
2010.04.15 10:41:02.064,1.6522,1.65275,1.40,1.40
2010.04.15 10:41:12.239,1.65225,1.6528,1.40,1.40
2010.04.15 10:41:12.439,1.6522,1.65275,1.40,1.40
2010.04.15 10:41:12.639,1.6523,1.65275,1.40,1.40
2010.04.15 10:41:13.219,1.65235,1.6528,1.40,1.40
2010.04.15 10:41:13.518,1.6524,1.65285,1.40,1.40
2010.04.15 10:41:14.399,1.65245,1.65295,1.40,1.40
2010.04.15 10:41:22.146,1.6524,1.65285,1.40,1.40
2010.04.15 10:41:37.103,1.65235,1.6528,1.40,1.40
2010.04.15 10:41:38.763,1.6523,1.65275,1.40,1.40
2010.04.15 10:41:39.912,1.65235,1.6528,1.40,1.40
2010.04.15 10:41:40.972,1.6524,1.65285,1.40,1.40
2010.04.15 10:41:49.720,1.65245,1.65295,1.40,1.40
2010.04.15 10:42:08.458,1.6524,1.65285,1.40,1.40
2010.04.15 10:42:08.745,1.65245,1.65295,1.40,1.40
2010.04.15 10:42:11.575,1.6524,1.65285,1.40,1.40
2010.04.15 10:42:12.339,1.6523,1.65275,1.40,1.40
2010.04.15 10:42:12.615,1.65235,1.6528,1.40,1.40
2010.04.15 10:42:12.884,1.6524,1.65285,1.40,1.40
2010.04.15 10:42:13.804,1.65245,1.65295,1.40,1.40
2010.04.15 10:42:20.328,1.6525,1.65305,1.40,1.40
2010.04.15 10:42:23.002,1.65245,1.65295,1.40,1.40
2010.04.15 10:42:24.052,1.65235,1.65295,1.40,1.40
2010.04.15 10:42:24.211,1.6523,1.65275,1.40,1.40
2010.04.15 10:42:28.613,1.6523,1.65285,1.40,1.40
2010.04.15 10:42:28.671,1.6523,1.65275,1.40,1.40
2010.04.15 10:42:30.351,1.6525,1.65295,1.40,1.40
2010.04.15 10:42:30.460,1.6524,1.65285,1.40,1.40
2010.04.15 10:42:30.680,1.65235,1.65285,1.40,1.40
2010.04.15 10:42:31.550,1.65225,1.6527,1.40,1.40
2010.04.15 10:42:31.889,1.6523,1.6528,1.40,1.40
2010.04.15 10:42:32.429,1.65235,1.65285,1.40,1.40
2010.04.15 10:42:35.956,1.6524,1.65285,1.40,1.40
2010.04.15 10:42:36.569,1.65235,1.65275,1.40,1.40
2010.04.15 10:42:36.908,1.65235,1.65285,1.40,1.40
2010.04.15 10:42:37.677,1.6523,1.65285,1.40,1.40
2010.04.15 10:42:37.778,1.6523,1.65275,1.40,1.40
2010.04.15 10:42:38.969,1.6524,1.65285,1.40,1.40
2010.04.15 10:42:43.037,1.6523,1.65275,1.40,1.40
2010.04.15 10:42:46.127,1.6525,1.6529,1.40,1.40
2010.04.15 10:42:49.365,1.65235,1.6528,1.40,1.40
2010.04.15 10:42:50.366,1.6524,1.65285,1.40,1.40
2010.04.15 10:42:50.665,1.65235,1.65275,1.40,1.40
2010.04.15 10:42:53.236,1.6521,1.65255,1.40,1.40
2010.04.15 10:42:53.967,1.65205,1.6525,1.40,1.40
2010.04.15 10:42:54.464,1.65205,1.65245,1.40,1.40
2010.04.15 10:42:55.006,1.65195,1.65245,1.40,1.40
2010.04.15 10:42:55.285,1.65195,1.6524,1.40,1.40
2010.04.15 10:42:56.284,1.652,1.65245,1.40,1.40
2010.04.15 10:42:59.383,1.65225,1.6527,1.40,1.40
2010.04.15 10:43:00.353,1.65215,1.6527,1.40,1.40
2010.04.15 10:43:02.923,1.6523,1.6527,1.40,1.40
2010.04.15 10:43:03.762,1.65235,1.65275,1.40,1.40
2010.04.15 10:43:04.522,1.65225,1.65265,1.40,1.40
2010.04.15 10:43:05.502,1.6523,1.6527,1.40,1.40
2010.04.15 10:43:06.455,1.65225,1.65265,1.40,1.40
2010.04.15 10:43:08.583,1.65225,1.6527,1.40,1.40
2010.04.15 10:43:09.900,1.6523,1.65275,1.40,1.40
2010.04.15 10:43:10.241,1.65235,1.6528,1.40,1.40
2010.04.15 10:43:11.221,1.6523,1.65275,1.40,1.40
2010.04.15 10:43:11.471,1.65225,1.6527,1.40,1.40
2010.04.15 10:43:15.456,1.6523,1.65275,1.40,1.40
2010.04.15 10:43:15.809,1.6523,1.6527,1.40,1.40
2010.04.15 10:43:16.039,1.65235,1.6528,1.40,1.40
2010.04.15 10:43:17.009,1.65225,1.6527,1.40,1.40
2010.04.15 10:43:18.483,1.6521,1.6526,1.40,1.40
2010.04.15 10:43:18.654,1.65205,1.6525,1.40,1.40
2010.04.15 10:43:27.190,1.65225,1.65265,1.40,1.40
2010.04.15 10:43:29.616,1.65205,1.6526,1.40,1.40
2010.04.15 10:43:30.296,1.65225,1.65265,1.40,1.40
2010.04.15 10:43:30.426,1.65215,1.6526,1.40,1.40
2010.04.15 10:43:31.536,1.65205,1.6525,1.40,1.40
2010.04.15 10:43:32.216,1.65215,1.6526,1.40,1.40
2010.04.15 10:43:34.565,1.65225,1.65265,1.40,1.40
2010.04.15 10:43:38.914,1.65215,1.6526,1.40,1.40
2010.04.15 10:43:41.807,1.6522,1.6526,1.40,1.40
2010.04.15 10:43:42.033,1.65215,1.6526,1.40,1.40
2010.04.15 10:43:43.898,1.6522,1.6526,1.40,1.40
2010.04.15 10:43:44.463,1.65215,1.6526,1.40,1.40
2010.04.15 10:43:52.650,1.6521,1.65255,1.40,1.40
2010.04.15 10:43:52.850,1.65205,1.6525,1.40,1.40
2010.04.15 10:43:56.480,1.65215,1.6526,1.40,1.40
2010.04.15 10:44:00.288,1.65205,1.6525,1.40,1.40
2010.04.15 10:44:02.260,1.6521,1.65255,1.40,1.40
2010.04.15 10:44:02.838,1.65215,1.6526,1.40,1.40
2010.04.15 10:44:03.257,1.6521,1.65255,1.40,1.40
2010.04.15 10:44:05.080,1.65205,1.6525,1.40,1.40
2010.04.15 10:44:09.848,1.6521,1.65255,1.40,1.40
2010.04.15 10:44:13.466,1.65215,1.6526,1.40,1.40
2010.04.15 10:44:22.493,1.65225,1.6527,1.40,1.40
2010.04.15 10:44:26.232,1.6523,1.65275,1.40,1.40
2010.04.15 10:44:26.503,1.6522,1.65265,1.40,1.40
2010.04.15 10:44:37.228,1.65225,1.65265,1.40,1.40
2010.04.15 10:44:37.550,1.6521,1.65265,1.40,1.40
2010.04.15 10:44:45.827,1.65225,1.65265,1.40,1.40
2010.04.15 10:44:47.397,1.65235,1.6529,1.40,1.40
2010.04.15 10:44:47.668,1.6523,1.65285,1.40,1.40
2010.04.15 10:44:48.917,1.65225,1.6527,1.40,1.40
2010.04.15 10:44:52.530,1.6523,1.65275,1.40,1.40
2010.04.15 10:44:52.796,1.65225,1.6527,1.40,1.40
2010.04.15 10:44:53.766,1.65215,1.6526,1.40,1.40
2010.04.15 10:44:54.006,1.65225,1.6527,1.40,1.40
2010.04.15 10:44:54.466,1.6522,1.65265,1.40,1.40
2010.04.15 10:44:56.406,1.65215,1.6526,1.40,1.40
2010.04.15 10:44:56.636,1.6522,1.65265,1.40,1.40
2010.04.15 10:44:58.905,1.65225,1.6527,1.40,1.40
2010.04.15 10:45:00.245,1.6523,1.65275,1.40,1.40
2010.04.15 10:45:04.594,1.65225,1.6527,1.40,1.40
2010.04.15 10:45:04.873,1.6523,1.65275,1.40,1.40
2010.04.15 10:45:07.223,1.65235,1.65275,1.40,1.40
2010.04.15 10:45:08.112,1.6522,1.65265,1.40,1.40
2010.04.15 10:45:08.373,1.65235,1.6528,1.40,1.40
2010.04.15 10:45:12.161,1.6524,1.65285,1.40,1.40
2010.04.15 10:45:13.301,1.65255,1.653,1.40,1.40
2010.04.15 10:45:17.481,1.6525,1.65295,1.40,1.40
2010.04.15 10:45:19.371,1.65255,1.653,1.40,1.40
2010.04.15 10:45:20.189,1.6526,1.6531,1.40,1.40
2010.04.15 10:45:20.369,1.65255,1.653,1.40,1.40
2010.04.15 10:45:25.597,1.65265,1.6531,1.40,1.40
2010.04.15 10:45:25.868,1.65275,1.6532,1.40,1.40
2010.04.15 10:45:26.148,1.6527,1.65315,1.40,1.40
2010.04.15 10:45:33.996,1.6526,1.65305,1.40,1.40
2010.04.15 10:45:34.187,1.6527,1.65315,1.40,1.40
2010.04.15 10:45:35.036,1.65275,1.6532,1.40,1.40
2010.04.15 10:45:37.595,1.6528,1.65325,1.40,1.40
2010.04.15 10:45:39.878,1.65275,1.6532,1.40,1.40
2010.04.15 10:45:40.447,1.6528,1.65325,1.40,1.40
2010.04.15 10:46:02.960,1.65285,1.6533,1.40,1.40
2010.04.15 10:46:08.090,1.6528,1.65325,1.40,1.40
2010.04.15 10:46:26.094,1.65275,1.6532,1.40,1.40
2010.04.15 10:46:26.434,1.6528,1.65325,1.40,1.40
2010.04.15 10:46:27.778,1.65285,1.65325,1.40,1.40
2010.04.15 10:46:32.882,1.6528,1.65325,1.40,1.40
2010.04.15 10:46:35.053,1.65285,1.65325,1.40,1.40
2010.04.15 10:46:35.372,1.6528,1.65325,1.40,1.40
2010.04.15 10:46:38.041,1.65255,1.65295,1.40,1.40
2010.04.15 10:46:38.582,1.65245,1.6529,1.40,1.40
2010.04.15 10:46:39.580,1.65255,1.65295,1.40,1.40
2010.04.15 10:46:41.201,1.65265,1.65305,1.40,1.40
2010.04.15 10:46:42.090,1.65255,1.65295,1.40,1.40
2010.04.15 10:46:42.779,1.6525,1.65295,1.40,1.40
2010.04.15 10:46:43.733,1.65245,1.6529,1.40,1.40
2010.04.15 10:46:44.269,1.65235,1.6529,1.40,1.40
2010.04.15 10:46:45.039,1.65245,1.6529,1.40,1.40
2010.04.15 10:46:47.098,1.6523,1.65275,1.40,1.40
2010.04.15 10:46:47.328,1.6524,1.6528,1.40,1.40
2010.04.15 10:46:47.608,1.65245,1.6529,1.40,1.40
2010.04.15 10:46:48.168,1.65245,1.65285,1.40,1.40
2010.04.15 10:46:48.948,1.65245,1.6529,1.40,1.40
2010.04.15 10:46:49.527,1.6524,1.65285,1.40,1.40
2010.04.15 10:46:49.757,1.65245,1.65285,1.40,1.40
2010.04.15 10:46:50.498,1.65245,1.6529,1.40,1.40
2010.04.15 10:46:51.247,1.6524,1.65285,1.40,1.40
2010.04.15 10:46:52.805,1.6525,1.65295,1.40,1.40
2010.04.15 10:46:53.406,1.65245,1.6529,1.40,1.40
2010.04.15 10:46:53.526,1.65245,1.65285,1.40,1.40
2010.04.15 10:46:54.792,1.65235,1.6528,1.40,1.40
2010.04.15 10:46:55.127,1.65235,1.65275,1.40,1.40
2010.04.15 10:46:57.138,1.65225,1.6527,1.40,1.40
2010.04.15 10:46:58.116,1.6522,1.65265,1.40,1.40
2010.04.15 10:47:04.014,1.65215,1.6526,1.40,1.40
2010.04.15 10:47:04.934,1.6522,1.65275,1.40,1.40
2010.04.15 10:47:05.274,1.6523,1.65275,1.40,1.40
2010.04.15 10:47:07.443,1.65225,1.65265,1.40,1.40
2010.04.15 10:47:09.003,1.6524,1.65285,1.40,1.40
2010.04.15 10:47:09.064,1.65245,1.6529,1.40,1.40
2010.04.15 10:47:09.738,1.65235,1.6528,1.40,1.40
2010.04.15 10:47:09.789,1.6524,1.65285,1.40,1.40
2010.04.15 10:47:10.128,1.6523,1.6527,1.40,1.40
2010.04.15 10:47:10.803,1.65235,1.6529,1.40,1.40
2010.04.15 10:47:11.586,1.65235,1.6528,1.40,1.40
2010.04.15 10:47:12.244,1.6525,1.65295,1.40,1.40
2010.04.15 10:47:15.002,1.6524,1.65285,1.40,1.40
2010.04.15 10:47:15.311,1.6525,1.65295,1.40,1.40
2010.04.15 10:47:17.505,1.6524,1.65285,1.40,1.40
2010.04.15 10:47:19.390,1.65235,1.6528,1.40,1.40
2010.04.15 10:47:23.426,1.6522,1.65265,1.00,1.40
2010.04.15 10:47:24.019,1.6522,1.65265,1.00,1.40
2010.04.15 10:47:25.250,1.65225,1.6527,1.40,1.40
2010.04.15 10:47:25.429,1.65235,1.6528,1.40,1.40
2010.04.15 10:47:29.068,1.65225,1.6527,1.40,1.40
2010.04.15 10:47:29.188,1.6523,1.65275,1.40,1.40
2010.04.15 10:47:31.957,1.65225,1.6527,1.40,1.40
2010.04.15 10:47:32.917,1.6523,1.65275,1.40,1.40
2010.04.15 10:47:35.287,1.6524,1.65285,1.40,1.40
2010.04.15 10:47:35.687,1.6525,1.6529,1.40,1.40
2010.04.15 10:47:36.350,1.6523,1.65275,1.40,1.40
2010.04.15 10:47:36.578,1.6524,1.65285,1.40,1.40
2010.04.15 10:47:36.808,1.65245,1.65285,1.40,1.40
2010.04.15 10:47:37.640,1.6525,1.65295,1.40,1.40
2010.04.15 10:47:37.866,1.65245,1.65285,1.40,1.40
2010.04.15 10:47:42.481,1.6524,1.65285,1.40,1.40
2010.04.15 10:47:42.502,1.65235,1.6528,1.40,1.40
2010.04.15 10:47:47.689,1.6524,1.65285,1.40,1.40
2010.04.15 10:47:49.483,1.6525,1.6529,1.40,1.40
2010.04.15 10:47:57.322,1.65265,1.6531,1.40,1.40
2010.04.15 10:47:58.034,1.65255,1.653,1.40,1.40
2010.04.15 10:48:05.250,1.6526,1.65305,1.40,1.40
2010.04.15 10:48:06.074,1.65275,1.65315,1.40,1.40
2010.04.15 10:48:06.261,1.65255,1.653,1.40,1.40
2010.04.15 10:48:06.439,1.6526,1.65305,1.40,1.40
2010.04.15 10:48:09.329,1.65255,1.653,1.40,1.40
2010.04.15 10:48:11.747,1.6525,1.65295,1.40,1.40
2010.04.15 10:48:12.278,1.6525,1.6529,1.40,1.40
2010.04.15 10:48:14.108,1.65255,1.65295,1.40,1.40
2010.04.15 10:48:15.067,1.6526,1.65305,1.40,1.40
2010.04.15 10:48:16.276,1.6525,1.65295,1.40,1.40
2010.04.15 10:48:16.837,1.6526,1.65305,1.40,1.40
2010.04.15 10:48:17.773,1.65255,1.65295,1.40,1.40
2010.04.15 10:48:18.401,1.6526,1.65305,1.40,1.40
2010.04.15 10:48:22.915,1.65255,1.653,1.40,1.40
2010.04.15 10:48:23.115,1.6525,1.6529,1.40,1.40
2010.04.15 10:48:23.661,1.65245,1.65285,1.40,1.40
2010.04.15 10:48:24.335,1.65235,1.6528,1.40,1.40
2010.04.15 10:48:26.395,1.65235,1.65275,1.40,1.40
2010.04.15 10:48:29.060,1.6524,1.65285,1.40,1.40
2010.04.15 10:48:29.104,1.65235,1.65275,1.40,1.40
2010.04.15 10:48:31.403,1.6523,1.6527,1.40,1.40
2010.04.15 10:48:33.653,1.65225,1.65265,1.40,1.40
2010.04.15 10:48:36.482,1.6523,1.6527,1.40,1.40
2010.04.15 10:48:39.462,1.6521,1.65255,1.40,1.40
2010.04.15 10:48:40.261,1.6521,1.6525,1.40,1.40
2010.04.15 10:48:42.523,1.65195,1.65245,1.40,1.40
2010.04.15 10:48:42.980,1.6521,1.6525,1.40,1.40
2010.04.15 10:48:43.140,1.6521,1.65255,1.40,1.40
2010.04.15 10:48:43.800,1.6521,1.6525,1.40,1.40
2010.04.15 10:48:45.979,1.65205,1.65245,1.40,1.40
2010.04.15 10:48:46.839,1.65195,1.6524,1.40,1.40
2010.04.15 10:48:47.059,1.65195,1.65235,1.40,1.40
2010.04.15 10:48:47.279,1.6519,1.65235,1.40,1.40
2010.04.15 10:48:48.169,1.65195,1.6524,1.40,1.40
2010.04.15 10:48:49.698,1.652,1.65245,1.40,1.40
2010.04.15 10:48:50.699,1.65195,1.6524,1.40,1.40
2010.04.15 10:48:52.118,1.6522,1.6526,1.40,1.40
2010.04.15 10:48:52.458,1.65215,1.65265,1.40,1.40
2010.04.15 10:48:52.628,1.65225,1.65265,1.40,1.40
2010.04.15 10:48:55.487,1.6523,1.65275,1.40,1.40
2010.04.15 10:48:56.751,1.6524,1.65285,1.40,1.40
2010.04.15 10:48:56.977,1.6523,1.65275,1.40,1.40
2010.04.15 10:48:57.436,1.65225,1.65265,1.40,1.40
2010.04.15 10:48:57.707,1.6523,1.65275,1.40,1.40
2010.04.15 10:48:57.976,1.65225,1.65265,1.40,1.40
2010.04.15 10:48:58.246,1.6521,1.65255,1.40,1.40
2010.04.15 10:48:58.516,1.65205,1.6525,1.40,1.40
2010.04.15 10:48:59.836,1.652,1.65245,1.40,1.40
2010.04.15 10:49:00.057,1.65195,1.65245,1.40,1.40
2010.04.15 10:49:00.617,1.65205,1.65255,1.40,1.40
2010.04.15 10:49:01.316,1.652,1.65245,1.40,1.40
2010.04.15 10:49:02.455,1.6521,1.65255,1.40,1.40
2010.04.15 10:49:03.365,1.65205,1.6525,1.40,1.40
2010.04.15 10:49:11.025,1.6521,1.65255,1.40,1.40
2010.04.15 10:49:13.973,1.65225,1.65265,1.40,1.40
2010.04.15 10:49:15.812,1.6521,1.65255,1.40,1.40
2010.04.15 10:49:17.812,1.65205,1.65245,1.40,1.40
2010.04.15 10:49:18.072,1.65205,1.65265,1.40,1.40
2010.04.15 10:49:18.201,1.6521,1.65255,1.40,1.40
2010.04.15 10:49:19.252,1.65215,1.6526,1.40,1.40
2010.04.15 10:49:20.331,1.6522,1.65265,1.40,1.40
2010.04.15 10:49:20.511,1.6521,1.65255,1.40,1.40
2010.04.15 10:49:21.201,1.652,1.65245,1.40,1.40
2010.04.15 10:49:25.590,1.6519,1.65245,1.40,1.40
2010.04.15 10:49:26.365,1.6521,1.65255,1.40,1.40
2010.04.15 10:49:26.530,1.65205,1.6525,1.40,1.40
2010.04.15 10:49:30.550,1.652,1.65245,1.40,1.40
2010.04.15 10:49:47.115,1.6518,1.65225,1.40,1.40
2010.04.15 10:49:58.779,1.6519,1.65235,1.40,1.40
2010.04.15 10:49:58.982,1.65195,1.6524,1.40,1.40
2010.04.15 10:49:59.593,1.6519,1.65235,1.40,1.40
2010.04.15 10:50:00.711,1.65185,1.6523,1.40,1.40
2010.04.15 10:50:13.731,1.65175,1.6522,1.40,1.40
2010.04.15 10:50:13.858,1.65185,1.6523,1.40,1.40
2010.04.15 10:50:13.989,1.65195,1.65235,1.40,1.40
2010.04.15 10:50:28.257,1.65195,1.6524,1.40,1.40
2010.04.15 10:50:37.823,1.652,1.65245,1.40,1.40
2010.04.15 10:50:38.042,1.652,1.6524,1.40,1.40
2010.04.15 10:50:39.632,1.6519,1.65235,1.40,1.40
2010.04.15 10:50:43.611,1.65195,1.6524,1.40,1.40
2010.04.15 10:50:45.990,1.652,1.65245,1.40,1.40
2010.04.15 10:50:50.097,1.65195,1.6524,1.40,1.40
2010.04.15 10:50:50.410,1.6519,1.65235,1.40,1.40
2010.04.15 10:50:50.729,1.65195,1.6524,1.40,1.40
2010.04.15 10:50:51.340,1.6519,1.65235,1.40,1.40
2010.04.15 10:50:51.680,1.65195,1.6524,1.40,1.40
2010.04.15 10:50:52.739,1.6518,1.65225,1.40,1.40
2010.04.15 10:50:53.611,1.6517,1.65215,1.40,1.40
2010.04.15 10:50:54.675,1.6518,1.65235,1.40,1.40
2010.04.15 10:50:55.009,1.6518,1.65225,1.40,1.40
2010.04.15 10:50:55.567,1.65175,1.6522,1.40,1.40
2010.04.15 10:50:55.910,1.6517,1.65215,1.40,1.40
2010.04.15 10:50:59.366,1.65175,1.6522,1.40,1.40
2010.04.15 10:50:59.478,1.6517,1.65215,1.40,1.40
2010.04.15 10:51:01.442,1.65175,1.6522,1.40,1.40
2010.04.15 10:51:01.637,1.65185,1.6523,1.40,1.40
2010.04.15 10:51:03.057,1.65175,1.65225,1.40,1.40
2010.04.15 10:51:03.286,1.65185,1.6523,1.40,1.40
2010.04.15 10:51:03.516,1.65185,1.65235,1.40,1.40
2010.04.15 10:51:04.516,1.65185,1.65225,1.40,1.40
2010.04.15 10:51:05.157,1.65185,1.6523,1.40,1.40
2010.04.15 10:51:08.166,1.6518,1.65225,1.40,1.40
2010.04.15 10:51:11.098,1.65185,1.65225,1.40,1.40
2010.04.15 10:51:11.174,1.6518,1.65235,1.40,1.40
2010.04.15 10:51:11.935,1.65185,1.6524,1.40,1.40
2010.04.15 10:51:12.835,1.6518,1.65225,1.40,1.40
2010.04.15 10:51:13.514,1.65185,1.6523,1.40,1.40
2010.04.15 10:51:13.703,1.65175,1.6522,1.40,1.40
2010.04.15 10:51:16.363,1.65165,1.6521,1.40,1.40
2010.04.15 10:51:16.926,1.65175,1.6522,1.40,1.40
2010.04.15 10:51:17.073,1.6518,1.65225,1.40,1.40
2010.04.15 10:51:18.373,1.65175,1.6522,1.40,1.40
2010.04.15 10:51:22.002,1.6518,1.65225,1.40,1.40
2010.04.15 10:51:24.354,1.652,1.6524,1.40,1.40
2010.04.15 10:51:30.420,1.65205,1.65245,1.40,1.40
2010.04.15 10:51:31.060,1.6522,1.65265,1.40,1.40
2010.04.15 10:51:33.089,1.65215,1.6526,1.40,1.40
2010.04.15 10:51:35.019,1.6522,1.65265,1.40,1.40
2010.04.15 10:51:39.971,1.6523,1.6527,1.40,1.40
2010.04.15 10:51:40.308,1.6522,1.65265,1.40,1.40
2010.04.15 10:51:42.401,1.6524,1.6528,1.40,1.40
2010.04.15 10:51:42.610,1.6522,1.65265,1.40,1.40
2010.04.15 10:51:46.037,1.65225,1.65265,1.40,1.40
2010.04.15 10:51:49.665,1.6523,1.65275,1.40,1.40
2010.04.15 10:51:49.795,1.65225,1.6527,1.40,1.40
2010.04.15 10:51:49.925,1.6524,1.65295,1.40,1.40
2010.04.15 10:51:50.766,1.6525,1.6529,1.40,1.40
2010.04.15 10:51:51.105,1.65255,1.653,1.40,1.40
2010.04.15 10:51:54.454,1.65245,1.6529,1.40,1.40
2010.04.15 10:51:54.694,1.6526,1.65305,1.40,1.40
2010.04.15 10:51:54.934,1.65255,1.653,1.40,1.40
2010.04.15 10:51:56.335,1.65245,1.6529,1.40,1.40
2010.04.15 10:52:06.531,1.65255,1.653,1.40,1.40
2010.04.15 10:52:07.432,1.6526,1.65305,1.40,1.40
2010.04.15 10:52:07.831,1.65265,1.6531,1.40,1.40
2010.04.15 10:52:09.100,1.65255,1.653,1.40,1.40
2010.04.15 10:52:09.801,1.65265,1.6531,1.40,1.40
2010.04.15 10:52:09.972,1.6526,1.6531,1.40,1.40
2010.04.15 10:52:11.810,1.65265,1.6531,1.40,1.40
2010.04.15 10:52:15.259,1.65255,1.653,1.40,1.40
2010.04.15 10:52:15.409,1.65265,1.6531,1.40,1.40
2010.04.15 10:52:15.710,1.6526,1.65305,1.40,1.40
2010.04.15 10:52:16.830,1.65265,1.6531,1.40,1.40
2010.04.15 10:52:19.479,1.6525,1.65295,1.40,1.40
2010.04.15 10:52:21.497,1.6526,1.65305,1.40,1.40
2010.04.15 10:52:22.247,1.65265,1.6531,1.40,1.40
2010.04.15 10:52:23.057,1.65255,1.653,1.40,1.40
2010.04.15 10:52:24.797,1.65265,1.6531,1.40,1.40
2010.04.15 10:52:26.007,1.65245,1.6529,1.40,1.40
2010.04.15 10:52:26.348,1.6525,1.65295,1.40,1.40
2010.04.15 10:52:26.576,1.65245,1.6529,1.40,1.40
2010.04.15 10:52:28.805,1.65255,1.653,1.40,1.40
2010.04.15 10:52:29.487,1.6526,1.65305,1.40,1.40
2010.04.15 10:52:30.387,1.65255,1.653,1.40,1.40
2010.04.15 10:52:44.798,1.65265,1.65305,1.40,1.40
2010.04.15 10:52:45.763,1.6527,1.65315,1.40,1.40
2010.04.15 10:52:46.443,1.65265,1.6531,1.40,1.40
2010.04.15 10:52:51.080,1.6526,1.65305,1.40,1.40
2010.04.15 10:52:52.822,1.65255,1.653,1.40,1.40
2010.04.15 10:52:53.876,1.65245,1.6529,1.40,1.40
2010.04.15 10:52:54.101,1.6526,1.65305,1.40,1.40
2010.04.15 10:52:58.308,1.65265,1.6531,1.40,1.40
2010.04.15 10:52:59.850,1.6526,1.65305,1.40,1.40
2010.04.15 10:53:00.883,1.6525,1.65295,1.40,1.40
2010.04.15 10:53:02.678,1.65245,1.65295,1.40,1.40
2010.04.15 10:53:03.018,1.65245,1.65285,1.40,1.40
2010.04.15 10:53:04.917,1.6525,1.6529,1.40,1.40
2010.04.15 10:53:07.624,1.65265,1.6531,1.40,1.40
2010.04.15 10:53:07.817,1.6525,1.6529,1.40,1.40
2010.04.15 10:53:08.016,1.65255,1.653,1.40,1.40
2010.04.15 10:53:10.233,1.65265,1.6531,1.40,1.40
2010.04.15 10:53:10.686,1.65255,1.653,1.40,1.40
2010.04.15 10:53:21.023,1.6525,1.6529,1.40,1.40
2010.04.15 10:53:21.895,1.6524,1.65285,1.40,1.40
2010.04.15 10:53:22.573,1.65245,1.6529,1.40,1.40
2010.04.15 10:53:22.913,1.6524,1.65285,1.40,1.40
2010.04.15 10:53:27.032,1.6523,1.65275,1.40,1.40
2010.04.15 10:53:28.161,1.65235,1.6528,1.40,1.40
2010.04.15 10:53:28.914,1.6523,1.65275,1.40,1.40
2010.04.15 10:53:30.391,1.65225,1.65265,1.40,1.40
2010.04.15 10:53:31.420,1.65215,1.6526,1.40,1.40
2010.04.15 10:53:31.631,1.65235,1.65275,1.40,1.40
2010.04.15 10:53:32.278,1.65225,1.6527,1.40,1.40
2010.04.15 10:53:43.248,1.65235,1.65275,1.40,1.40
2010.04.15 10:53:44.999,1.6524,1.65285,1.40,1.40
2010.04.15 10:53:47.846,1.65235,1.6528,1.40,1.40
2010.04.15 10:53:52.057,1.6524,1.65285,1.40,1.40
2010.04.15 10:53:53.915,1.65235,1.65275,1.40,1.40
2010.04.15 10:53:54.605,1.65225,1.6527,1.40,1.40
2010.04.15 10:53:54.905,1.6523,1.65275,1.40,1.40
2010.04.15 10:53:55.855,1.65225,1.6527,1.40,1.40
2010.04.15 10:53:56.195,1.6523,1.65275,1.40,1.40
2010.04.15 10:54:05.653,1.65225,1.6527,1.40,1.40
2010.04.15 10:54:09.937,1.6523,1.65275,1.40,1.40
2010.04.15 10:54:13.442,1.6522,1.65265,1.40,1.40
2010.04.15 10:54:13.782,1.6523,1.65275,1.40,1.40
2010.04.15 10:54:28.738,1.6524,1.6528,1.40,1.40
2010.04.15 10:54:35.850,1.6523,1.65275,1.40,1.40
2010.04.15 10:54:40.065,1.6524,1.6528,1.40,1.40
2010.04.15 10:54:41.525,1.65235,1.6528,1.40,1.40
2010.04.15 10:54:44.104,1.6522,1.65275,1.40,1.40
2010.04.15 10:54:44.354,1.65235,1.6528,1.40,1.40
2010.04.15 10:54:44.853,1.6522,1.65275,1.40,1.40
2010.04.15 10:54:45.573,1.65235,1.6528,1.40,1.40
2010.04.15 10:54:46.884,1.6523,1.65275,1.40,1.40
2010.04.15 10:54:47.332,1.65235,1.6528,1.40,1.40
2010.04.15 10:54:47.672,1.6523,1.65275,1.40,1.40
2010.04.15 10:54:48.012,1.65235,1.6528,1.40,1.40
2010.04.15 10:55:02.489,1.6523,1.65275,1.40,1.40
2010.04.15 10:55:20.062,1.65235,1.6528,1.40,1.40
2010.04.15 10:55:20.187,1.6523,1.65275,1.40,1.40
2010.04.15 10:55:35.940,1.6522,1.65265,1.40,1.40
2010.04.15 10:55:36.572,1.6523,1.65275,1.40,1.40
2010.04.15 10:55:48.868,1.65225,1.6527,1.40,1.40
2010.04.15 10:55:49.087,1.6523,1.65275,1.40,1.40
2010.04.15 10:55:53.666,1.6524,1.65285,1.40,1.40
2010.04.15 10:55:58.146,1.6523,1.65275,1.40,1.40
2010.04.15 10:55:58.638,1.65225,1.6527,1.40,1.40
2010.04.15 10:56:01.119,1.65215,1.6526,1.40,1.40
2010.04.15 10:56:01.895,1.65225,1.6527,1.40,1.40
2010.04.15 10:56:02.154,1.6522,1.65265,1.40,1.40
2010.04.15 10:56:05.232,1.6521,1.65255,1.40,1.00
2010.04.15 10:56:05.763,1.65205,1.6525,1.40,1.00
2010.04.15 10:56:05.834,1.65205,1.6525,1.40,1.00
2010.04.15 10:56:06.903,1.65205,1.6525,1.40,1.40
2010.04.15 10:56:09.292,1.6521,1.65255,1.40,1.40
2010.04.15 10:56:09.813,1.65205,1.6525,1.40,1.40
2010.04.15 10:56:10.072,1.65215,1.6526,1.40,1.40
2010.04.15 10:56:16.596,1.65205,1.6525,1.40,1.40
2010.04.15 10:56:21.710,1.65205,1.65245,1.40,1.40
2010.04.15 10:56:24.399,1.65195,1.65235,1.40,1.40
2010.04.15 10:56:25.119,1.6519,1.65235,1.40,1.40
2010.04.15 10:56:26.538,1.65195,1.6524,1.40,1.40
2010.04.15 10:56:28.375,1.65205,1.6525,1.40,1.40
2010.04.15 10:56:29.467,1.652,1.65245,1.40,1.40
2010.04.15 10:56:30.809,1.65205,1.6526,1.40,1.40
2010.04.15 10:56:31.858,1.65205,1.6527,1.40,1.40
2010.04.15 10:56:32.198,1.65205,1.6525,1.40,1.40
2010.04.15 10:56:33.007,1.6521,1.65255,1.40,1.40
2010.04.15 10:56:40.329,1.65215,1.6526,1.40,1.40
2010.04.15 10:56:41.271,1.6522,1.65265,1.40,1.40
2010.04.15 10:56:41.516,1.6521,1.65255,1.40,1.40
2010.04.15 10:56:41.755,1.65215,1.6526,1.40,1.40
2010.04.15 10:56:44.054,1.65215,1.65255,1.40,1.40
2010.04.15 10:56:48.413,1.652,1.6525,1.40,1.40
2010.04.15 10:56:48.733,1.652,1.65245,1.40,1.40
2010.04.15 10:57:03.011,1.652,1.65255,1.40,1.40
2010.04.15 10:57:08.516,1.6521,1.65255,1.40,1.40
2010.04.15 10:57:23.245,1.65215,1.6526,1.40,1.40
2010.04.15 10:57:29.183,1.6522,1.65265,1.40,1.40
2010.04.15 10:57:29.543,1.65215,1.6526,1.40,1.40
2010.04.15 10:57:29.723,1.6522,1.65265,1.40,1.40
2010.04.15 10:57:30.633,1.65205,1.6526,1.40,1.40
2010.04.15 10:57:41.740,1.65215,1.6527,1.40,1.40
2010.04.15 10:57:42.802,1.6523,1.65285,1.40,1.40
2010.04.15 10:57:52.540,1.6524,1.65295,1.40,1.40
2010.04.15 10:57:54.090,1.65245,1.653,1.40,1.40
2010.04.15 10:57:54.728,1.65245,1.6529,1.40,1.40
2010.04.15 10:57:56.976,1.65235,1.65285,1.40,1.40
2010.04.15 10:57:58.686,1.65235,1.6528,1.40,1.40
2010.04.15 10:58:01.396,1.6523,1.6527,1.40,1.40
2010.04.15 10:58:01.626,1.65235,1.6528,1.40,1.40
2010.04.15 10:58:01.817,1.6524,1.65285,1.40,1.40
2010.04.15 10:58:02.195,1.65245,1.6529,1.40,1.40
2010.04.15 10:58:08.035,1.6525,1.65295,1.40,1.40
2010.04.15 10:58:08.314,1.6525,1.6529,1.40,1.40
2010.04.15 10:58:09.673,1.65245,1.65285,1.40,1.40
2010.04.15 10:58:11.383,1.65235,1.6528,1.40,1.40
2010.04.15 10:58:14.452,1.65245,1.65285,1.40,1.40
2010.04.15 10:58:28.439,1.6525,1.6529,1.40,1.40
2010.04.15 10:58:28.620,1.65255,1.65295,1.40,1.40
2010.04.15 10:58:32.728,1.6527,1.65315,1.40,1.40
2010.04.15 10:58:32.938,1.6526,1.65305,1.40,1.40
2010.04.15 10:58:33.278,1.65265,1.6531,1.40,1.40
2010.04.15 10:58:35.034,1.6524,1.6528,1.40,1.40
2010.04.15 10:58:35.818,1.65245,1.65285,1.40,1.40
2010.04.15 10:58:40.176,1.65255,1.653,1.40,1.40
2010.04.15 10:58:40.436,1.65245,1.65285,1.40,1.40
2010.04.15 10:58:42.687,1.6524,1.65285,1.40,1.40
2010.04.15 10:58:42.958,1.65245,1.65285,1.40,1.40
2010.04.15 10:58:43.217,1.6524,1.6528,1.40,1.40
2010.04.15 10:58:43.806,1.65225,1.65275,1.40,1.40
2010.04.15 10:58:45.165,1.6524,1.6528,1.40,1.40
2010.04.15 10:58:45.355,1.65225,1.65275,1.40,1.40
2010.04.15 10:58:47.204,1.6523,1.65275,1.40,1.40
2010.04.15 10:58:50.905,1.6524,1.65285,1.40,1.40
2010.04.15 10:58:56.293,1.65245,1.6529,1.40,1.40
2010.04.15 10:58:56.482,1.6524,1.65295,1.40,1.40
2010.04.15 10:58:57.752,1.65235,1.6528,1.40,1.40
2010.04.15 10:58:58.404,1.6524,1.65285,1.40,1.40
2010.04.15 10:58:58.743,1.6524,1.6529,1.40,1.40
2010.04.15 10:58:59.083,1.65245,1.6529,1.40,1.40
2010.04.15 10:58:59.601,1.6524,1.65285,1.40,1.40
2010.04.15 10:59:09.099,1.6524,1.6528,1.40,1.40
2010.04.15 10:59:09.269,1.6523,1.65275,1.40,1.40
2010.04.15 10:59:10.549,1.65235,1.6528,1.40,1.40
2010.04.15 10:59:10.699,1.65225,1.6527,1.40,1.40
2010.04.15 10:59:10.849,1.6522,1.65265,1.40,1.40
2010.04.15 10:59:10.999,1.65225,1.6527,1.40,1.40
2010.04.15 10:59:11.669,1.6522,1.65265,1.40,1.40
2010.04.15 10:59:14.638,1.65225,1.6527,1.40,1.40
2010.04.15 10:59:15.088,1.6522,1.65265,1.40,1.40
2010.04.15 10:59:15.288,1.6522,1.65275,1.40,1.40
2010.04.15 10:59:15.488,1.6522,1.65265,1.40,1.40
2010.04.15 10:59:19.238,1.6523,1.65275,1.40,1.40
2010.04.15 10:59:20.367,1.65225,1.6527,1.40,1.40
2010.04.15 10:59:20.806,1.6523,1.65275,1.40,1.40
2010.04.15 10:59:23.356,1.6524,1.65285,1.40,1.40
2010.04.15 10:59:23.676,1.65235,1.6528,1.40,1.40
2010.04.15 10:59:27.116,1.65245,1.6529,1.40,1.40
2010.04.15 10:59:31.844,1.6526,1.65305,1.40,1.00
2010.04.15 10:59:32.654,1.65265,1.6531,1.40,1.00
2010.04.15 10:59:33.296,1.6526,1.65305,1.40,1.00
2010.04.15 10:59:34.793,1.65265,1.6531,1.40,1.00
2010.04.15 10:59:36.903,1.65265,1.6531,1.40,1.40
2010.04.15 10:59:37.163,1.6527,1.65315,1.40,1.40
2010.04.15 10:59:38.397,1.65275,1.65315,1.40,1.40
2010.04.15 10:59:38.733,1.6527,1.6531,1.40,1.40
2010.04.15 10:59:39.903,1.65275,1.65315,1.40,1.40
2010.04.15 10:59:43.327,1.6527,1.6531,1.40,1.40
2010.04.15 10:59:44.361,1.65265,1.65305,1.40,1.40
2010.04.15 10:59:45.177,1.6526,1.65305,1.40,1.40
2010.04.15 10:59:47.800,1.6526,1.653,1.40,1.40
2010.04.15 10:59:47.991,1.6526,1.65305,1.40,1.40
2010.04.15 10:59:48.990,1.6529,1.65335,1.40,1.40
2010.04.15 10:59:51.416,1.65285,1.6533,1.40,1.40
2010.04.15 10:59:51.559,1.65275,1.6532,1.40,1.40
2010.04.15 10:59:52.540,1.6528,1.65325,1.40,1.40
2010.04.15 10:59:52.890,1.65275,1.6532,1.40,1.40
2010.04.15 10:59:54.670,1.6528,1.6532,1.40,1.40
2010.04.15 10:59:55.379,1.65285,1.6533,1.40,1.40
2010.04.15 10:59:55.678,1.6529,1.65335,1.40,1.40
2010.04.15 10:59:57.443,1.65295,1.6534,1.40,1.40
2010.04.15 10:59:58.342,1.6529,1.65335,1.40,1.40
2010.04.15 10:59:59.127,1.65295,1.6534,1.40,1.40
