2010.07.14 02:00:14.374,1.72135,1.72195,1.20,1.30
2010.07.14 02:00:14.445,1.72135,1.7219,1.20,1.00
2010.07.14 02:00:14.515,1.7213,1.7219,1.20,1.00
2010.07.14 02:00:15.827,1.7214,1.7219,1.00,1.00
2010.07.14 02:00:16.675,1.7214,1.72195,1.00,3.50
2010.07.14 02:00:26.085,1.7215,1.72195,1.00,3.50
2010.07.14 02:00:31.295,1.7215,1.7219,1.00,1.00
2010.07.14 02:00:31.895,1.7215,1.72195,1.00,1.60
2010.07.14 02:00:32.757,1.7215,1.722,1.00,2.10
2010.07.14 02:00:36.848,1.7216,1.72205,1.00,1.00
2010.07.14 02:00:37.384,1.72155,1.72205,1.00,1.00
2010.07.14 02:00:44.655,1.72165,1.7221,1.00,1.00
2010.07.14 02:00:45.263,1.72165,1.72215,1.00,1.00
2010.07.14 02:00:45.406,1.72165,1.72225,1.00,1.60
2010.07.14 02:00:45.546,1.72185,1.7223,1.00,1.60
2010.07.14 02:00:50.159,1.7218,1.7223,1.00,1.60
2010.07.14 02:01:00.193,1.7219,1.7223,1.00,1.60
2010.07.14 02:01:05.398,1.7219,1.7223,1.00,1.00
2010.07.14 02:01:05.426,1.7219,1.72235,1.00,1.60
2010.07.14 02:01:09.375,1.7219,1.7223,1.00,1.30
2010.07.14 02:01:09.465,1.72185,1.7223,1.00,1.90
2010.07.14 02:01:12.415,1.72185,1.7223,1.00,9.90
2010.07.14 02:01:12.655,1.7217,1.7222,1.00,1.90
2010.07.14 02:01:13.371,1.7217,1.7222,1.00,2.70
2010.07.14 02:01:13.565,1.7217,1.7222,1.00,3.50
2010.07.14 02:01:13.756,1.7217,1.7221,1.00,1.90
2010.07.14 02:01:15.284,1.7217,1.722,1.00,1.00
2010.07.14 02:01:15.586,1.7215,1.722,1.00,1.00
2010.07.14 02:01:19.925,1.72145,1.722,1.60,1.00
2010.07.14 02:01:27.425,1.72145,1.722,1.00,1.00
2010.07.14 02:01:31.364,1.72145,1.722,1.00,1.30
2010.07.14 02:02:00.180,1.72145,1.722,1.00,1.00
2010.07.14 02:02:00.256,1.72145,1.722,1.00,1.30
2010.07.14 02:02:02.585,1.72145,1.722,1.00,1.00
2010.07.14 02:02:10.262,1.7215,1.722,1.00,1.00
2010.07.14 02:02:11.916,1.72165,1.722,1.00,1.00
2010.07.14 02:02:16.609,1.7215,1.722,1.00,1.00
2010.07.14 02:02:17.285,1.7215,1.722,1.00,1.30
2010.07.14 02:02:17.495,1.7215,1.722,1.00,1.00
2010.07.14 02:02:18.665,1.7215,1.722,1.00,1.30
2010.07.14 02:02:22.819,1.72145,1.72185,1.00,1.60
2010.07.14 02:02:24.516,1.72145,1.72195,1.00,1.60
2010.07.14 02:02:25.326,1.72155,1.72195,1.00,1.60
2010.07.14 02:02:33.655,1.72155,1.72205,1.00,1.60
2010.07.14 02:02:40.015,1.72165,1.72205,1.00,1.60
2010.07.14 02:02:52.538,1.72165,1.722,1.00,1.00
2010.07.14 02:02:53.978,1.7216,1.72205,1.00,1.60
2010.07.14 02:03:02.096,1.7217,1.7221,1.00,1.60
2010.07.14 02:03:03.136,1.7217,1.72215,1.00,1.60
2010.07.14 02:03:08.116,1.7217,1.7222,1.00,1.30
2010.07.14 02:03:08.287,1.7218,1.72225,1.00,1.00
2010.07.14 02:03:09.702,1.7218,1.7222,1.00,1.00
2010.07.14 02:03:09.996,1.7218,1.7222,1.00,1.90
2010.07.14 02:03:14.315,1.7218,1.7222,1.00,1.00
2010.07.14 02:03:14.466,1.72185,1.72225,1.00,1.00
2010.07.14 02:03:18.318,1.72185,1.72235,1.00,1.00
2010.07.14 02:03:18.617,1.72185,1.7223,1.00,1.30
2010.07.14 02:03:18.916,1.72185,1.7223,1.00,1.00
2010.07.14 02:03:20.555,1.72185,1.7223,1.00,2.10
2010.07.14 02:03:20.855,1.72185,1.7223,1.00,2.70
2010.07.14 02:03:22.885,1.72185,1.7223,1.00,1.30
2010.07.14 02:03:23.146,1.72185,1.7223,1.00,1.00
2010.07.14 02:03:26.046,1.7217,1.7222,3.20,1.30
2010.07.14 02:03:26.246,1.7217,1.7222,1.60,1.90
2010.07.14 02:03:26.446,1.72175,1.7222,1.30,1.00
2010.07.14 02:03:26.786,1.7217,1.7223,1.60,2.10
2010.07.14 02:03:27.646,1.72165,1.72225,1.20,2.10
2010.07.14 02:03:28.310,1.72165,1.7222,1.00,1.00
2010.07.14 02:03:28.605,1.72155,1.7222,1.20,1.60
2010.07.14 02:03:29.146,1.72155,1.7222,1.20,8.50
2010.07.14 02:03:29.794,1.72155,1.7222,1.20,9.90
2010.07.14 02:03:30.345,1.72155,1.7222,1.20,8.00
2010.07.14 02:03:30.426,1.7215,1.72215,2.50,1.60
2010.07.14 02:03:31.036,1.7215,1.72215,1.20,1.60
2010.07.14 02:03:31.675,1.7215,1.72215,2.50,1.60
2010.07.14 02:03:32.536,1.72155,1.72215,1.30,1.60
2010.07.14 02:03:32.816,1.72155,1.72215,4.50,1.60
2010.07.14 02:03:33.646,1.72155,1.72215,3.20,1.60
2010.07.14 02:03:34.725,1.7215,1.72215,5.70,1.60
2010.07.14 02:03:34.905,1.7215,1.72215,8.90,1.60
2010.07.14 02:03:35.085,1.72155,1.72215,4.50,1.60
2010.07.14 02:03:35.866,1.7215,1.72215,1.20,4.80
2010.07.14 02:03:37.885,1.72155,1.7222,2.90,1.60
2010.07.14 02:03:38.047,1.72165,1.7222,1.30,1.60
2010.07.14 02:03:38.205,1.72165,1.7222,1.70,1.60
2010.07.14 02:03:38.525,1.72165,1.7222,1.70,1.00
2010.07.14 02:03:38.687,1.72165,1.72225,1.70,1.60
2010.07.14 02:04:00.435,1.72165,1.72225,1.30,1.60
2010.07.14 02:04:07.838,1.72165,1.7222,1.30,1.60
2010.07.14 02:04:35.213,1.72165,1.7222,1.70,1.60
2010.07.14 02:04:55.815,1.72165,1.72225,2.10,1.60
2010.07.14 02:04:55.903,1.72175,1.72225,1.00,1.60
2010.07.14 02:04:56.506,1.72175,1.72235,1.00,1.60
2010.07.14 02:05:04.046,1.72185,1.72235,1.30,1.00
2010.07.14 02:05:04.145,1.72185,1.7224,1.30,4.00
2010.07.14 02:05:04.245,1.72185,1.7224,1.30,1.00
2010.07.14 02:05:10.356,1.72185,1.7224,1.70,1.00
2010.07.14 02:05:13.426,1.7218,1.72235,1.20,1.00
2010.07.14 02:05:13.565,1.7218,1.7224,1.20,2.50
2010.07.14 02:05:14.513,1.72185,1.7225,1.60,3.50
2010.07.14 02:05:15.105,1.7219,1.7225,1.30,2.10
2010.07.14 02:05:16.396,1.72195,1.7225,1.00,3.30
2010.07.14 02:05:17.097,1.72195,1.7225,1.90,1.60
2010.07.14 02:05:20.329,1.72185,1.7224,1.20,1.70
2010.07.14 02:05:21.360,1.72185,1.7224,1.00,2.50
2010.07.14 02:05:22.120,1.7218,1.72225,1.00,1.00
2010.07.14 02:05:22.456,1.72165,1.72225,3.10,1.00
2010.07.14 02:05:26.456,1.7217,1.72225,1.00,1.00
2010.07.14 02:05:26.577,1.7217,1.72235,3.50,1.60
2010.07.14 02:05:29.225,1.7217,1.72235,1.60,1.60
2010.07.14 02:05:30.157,1.7217,1.72225,1.00,1.00
2010.07.14 02:05:40.138,1.72165,1.72225,1.00,1.00
2010.07.14 02:06:09.866,1.7216,1.7222,1.00,1.20
2010.07.14 02:06:10.637,1.7215,1.7222,5.10,1.00
2010.07.14 02:06:13.186,1.7215,1.7222,3.70,1.70
2010.07.14 02:06:13.447,1.72145,1.72215,1.00,1.00
2010.07.14 02:06:13.707,1.7213,1.72205,5.50,1.00
2010.07.14 02:06:13.875,1.7213,1.72205,5.50,2.00
2010.07.14 02:06:20.475,1.7214,1.72205,1.30,2.00
2010.07.14 02:06:20.545,1.7214,1.72205,1.90,1.60
2010.07.14 02:06:20.615,1.7214,1.72205,5.10,1.60
2010.07.14 02:06:22.305,1.7214,1.7221,5.10,1.20
2010.07.14 02:06:25.028,1.7215,1.7221,5.10,1.00
2010.07.14 02:06:28.286,1.7216,1.7221,1.90,1.00
2010.07.14 02:06:28.405,1.7216,1.72225,5.10,4.80
2010.07.14 02:06:28.528,1.7216,1.72225,5.10,1.60
2010.07.14 02:06:28.646,1.7216,1.72225,5.10,1.00
2010.07.14 02:06:28.765,1.7216,1.7223,5.20,2.00
2010.07.14 02:06:29.531,1.7216,1.7223,2.00,2.90
2010.07.14 02:06:29.866,1.7216,1.7223,1.70,3.30
2010.07.14 02:06:30.337,1.7216,1.7223,4.90,1.60
2010.07.14 02:06:40.066,1.7216,1.7223,4.90,3.20
2010.07.14 02:06:40.135,1.7216,1.7223,4.50,3.60
2010.07.14 02:06:40.195,1.7216,1.7222,4.50,1.00
2010.07.14 02:06:40.256,1.7215,1.7222,7.70,1.00
2010.07.14 02:06:40.352,1.7215,1.7222,6.10,1.00
2010.07.14 02:06:45.019,1.7215,1.7222,7.70,1.00
2010.07.14 02:06:53.265,1.7215,1.7222,7.90,1.00
2010.07.14 02:06:53.645,1.7215,1.7222,6.30,1.00
2010.07.14 02:06:54.216,1.7216,1.7222,1.70,1.00
2010.07.14 02:06:54.556,1.7216,1.7223,1.70,5.10
2010.07.14 02:06:55.447,1.7216,1.7223,1.70,1.90
2010.07.14 02:06:58.269,1.7217,1.72235,1.70,1.20
2010.07.14 02:06:58.417,1.7217,1.7224,1.70,1.90
2010.07.14 02:07:08.216,1.72165,1.72235,4.40,1.00
2010.07.14 02:07:08.415,1.72165,1.72235,1.20,1.00
2010.07.14 02:07:09.737,1.7216,1.72235,5.50,1.00
2010.07.14 02:07:10.122,1.7216,1.7224,5.50,7.10
2010.07.14 02:07:10.881,1.72165,1.7223,1.00,1.00
2010.07.14 02:07:11.095,1.7217,1.7223,1.00,1.60
2010.07.14 02:07:12.555,1.7217,1.7223,1.00,1.60
2010.07.14 02:07:12.786,1.72175,1.72235,1.00,1.00
2010.07.14 02:07:16.438,1.7218,1.72235,1.00,1.00
2010.07.14 02:07:18.244,1.7218,1.72245,1.60,3.50
2010.07.14 02:07:19.086,1.7218,1.72235,1.20,1.90
2010.07.14 02:07:21.185,1.7218,1.72225,1.20,1.00
2010.07.14 02:07:21.276,1.7218,1.72225,1.20,1.90
2010.07.14 02:07:21.456,1.7218,1.72225,1.00,1.90
2010.07.14 02:07:21.546,1.7216,1.72225,2.90,1.90
2010.07.14 02:07:21.817,1.7216,1.72215,1.60,1.30
2010.07.14 02:07:22.085,1.7216,1.72215,1.20,1.90
2010.07.14 02:07:23.343,1.7216,1.72215,2.50,1.00
2010.07.14 02:07:23.466,1.7216,1.7222,2.90,1.60
2010.07.14 02:07:25.547,1.7217,1.7222,1.30,1.60
2010.07.14 02:07:25.721,1.7218,1.72235,1.20,1.90
2010.07.14 02:07:27.316,1.7218,1.72235,1.20,1.00
2010.07.14 02:07:27.896,1.7218,1.7224,1.60,1.00
2010.07.14 02:07:28.218,1.72185,1.7225,6.10,1.60
2010.07.14 02:07:29.095,1.72195,1.7225,1.00,1.60
2010.07.14 02:07:29.286,1.72195,1.72255,1.70,1.60
2010.07.14 02:07:32.076,1.722,1.7226,1.00,2.00
2010.07.14 02:07:32.890,1.722,1.7226,3.60,1.60
2010.07.14 02:07:33.036,1.72205,1.7226,1.70,1.60
2010.07.14 02:07:33.186,1.72205,1.7226,1.00,1.60
2010.07.14 02:07:33.486,1.722,1.7226,1.00,1.60
2010.07.14 02:07:45.715,1.722,1.72245,1.00,1.30
2010.07.14 02:07:46.507,1.7218,1.7224,1.00,1.60
2010.07.14 02:07:47.346,1.7218,1.7223,1.00,1.60
2010.07.14 02:07:47.556,1.7217,1.7223,2.90,1.60
2010.07.14 02:07:54.872,1.7217,1.72235,2.90,5.10
2010.07.14 02:07:55.125,1.7217,1.72225,1.70,1.60
2010.07.14 02:07:55.205,1.7217,1.72215,1.70,1.00
2010.07.14 02:07:56.036,1.7217,1.72225,1.70,1.60
2010.07.14 02:08:01.946,1.7218,1.7224,1.60,4.00
2010.07.14 02:08:02.568,1.72185,1.7224,1.00,3.20
2010.07.14 02:08:02.818,1.72185,1.72245,1.20,1.90
2010.07.14 02:08:11.385,1.7219,1.72245,1.00,1.30
2010.07.14 02:08:11.605,1.7219,1.7225,1.00,2.00
2010.07.14 02:08:12.425,1.7219,1.72245,1.00,1.30
2010.07.14 02:08:12.826,1.72185,1.72245,1.20,1.90
2010.07.14 02:08:24.277,1.7219,1.7225,1.00,1.60
2010.07.14 02:08:27.997,1.72185,1.72245,1.20,1.90
2010.07.14 02:08:48.625,1.72185,1.72245,1.00,2.70
2010.07.14 02:08:48.725,1.7218,1.72245,1.60,3.50
2010.07.14 02:08:52.347,1.72185,1.7225,9.30,1.60
2010.07.14 02:08:55.634,1.72185,1.7225,10.90,1.60
2010.07.14 02:08:55.846,1.72195,1.7225,1.70,1.60
2010.07.14 02:09:04.078,1.72195,1.7225,2.10,1.00
2010.07.14 02:09:04.165,1.72195,1.72255,2.10,1.00
2010.07.14 02:09:06.196,1.72195,1.72255,1.70,1.30
2010.07.14 02:09:06.235,1.72195,1.72255,1.00,2.70
2010.07.14 02:09:06.577,1.72195,1.72255,1.70,1.30
2010.07.14 02:09:06.916,1.72195,1.72255,2.10,1.00
2010.07.14 02:09:07.596,1.72195,1.72255,1.00,2.70
2010.07.14 02:09:11.047,1.72195,1.7225,1.00,1.00
2010.07.14 02:09:11.155,1.7219,1.7225,1.00,1.60
2010.07.14 02:09:11.996,1.72195,1.7225,1.00,1.60
2010.07.14 02:09:12.584,1.72195,1.7225,1.70,1.60
2010.07.14 02:09:22.972,1.72195,1.72265,1.70,3.30
2010.07.14 02:09:24.046,1.72195,1.72245,1.70,1.00
2010.07.14 02:09:26.236,1.72195,1.72245,1.00,1.00
2010.07.14 02:09:26.375,1.7219,1.72245,1.00,1.00
2010.07.14 02:09:29.586,1.72195,1.72245,1.70,1.00
2010.07.14 02:09:30.446,1.72195,1.72235,1.70,1.00
2010.07.14 02:09:37.675,1.72195,1.72235,1.30,1.00
2010.07.14 02:09:40.436,1.72195,1.7224,1.30,1.00
2010.07.14 02:09:42.337,1.72205,1.7224,1.30,1.00
2010.07.14 02:09:48.447,1.722,1.7224,3.90,1.00
2010.07.14 02:09:49.011,1.722,1.7224,1.00,1.00
2010.07.14 02:09:49.197,1.72195,1.7224,1.30,1.00
2010.07.14 02:09:59.995,1.72195,1.7224,1.70,1.00
2010.07.14 02:10:00.065,1.72205,1.7224,1.30,1.00
2010.07.14 02:10:00.136,1.72205,1.7224,1.70,1.00
2010.07.14 02:10:00.276,1.72205,1.72245,1.70,1.00
2010.07.14 02:10:00.957,1.72195,1.72245,1.70,1.00
2010.07.14 02:10:04.776,1.72205,1.72245,1.30,1.00
2010.07.14 02:10:04.907,1.72205,1.72245,1.70,1.00
2010.07.14 02:10:05.165,1.72205,1.72255,1.70,1.00
2010.07.14 02:10:09.645,1.72205,1.72255,1.00,1.00
2010.07.14 02:10:09.756,1.722,1.72245,1.00,1.00
2010.07.14 02:10:11.066,1.72195,1.72245,1.70,1.00
2010.07.14 02:10:16.538,1.72195,1.72245,1.00,1.00
2010.07.14 02:10:21.756,1.72195,1.72245,1.70,1.00
2010.07.14 02:10:21.886,1.72195,1.72245,1.90,1.00
2010.07.14 02:10:22.232,1.722,1.72245,1.00,1.00
2010.07.14 02:10:22.356,1.722,1.72245,1.20,1.00
2010.07.14 02:10:30.405,1.722,1.7225,1.20,1.00
2010.07.14 02:10:49.843,1.72205,1.7225,1.00,1.00
2010.07.14 02:10:49.915,1.72205,1.7225,1.20,1.00
2010.07.14 02:11:09.662,1.72205,1.7226,1.20,1.00
2010.07.14 02:11:10.001,1.72205,1.7225,1.20,1.00
2010.07.14 02:11:25.815,1.72205,1.72265,1.20,5.10
2010.07.14 02:11:25.926,1.72205,1.72265,1.20,3.50
2010.07.14 02:11:26.035,1.72205,1.72265,1.20,1.90
2010.07.14 02:11:33.147,1.72205,1.7227,3.10,1.60
2010.07.14 02:11:33.565,1.72205,1.7227,9.50,1.60
2010.07.14 02:11:33.827,1.72215,1.7227,1.90,1.60
2010.07.14 02:11:34.086,1.72215,1.72275,2.30,2.00
2010.07.14 02:11:36.836,1.7222,1.72275,4.80,2.00
2010.07.14 02:11:36.987,1.7223,1.7228,1.20,1.60
2010.07.14 02:11:37.656,1.72245,1.72295,1.30,1.00
2010.07.14 02:11:37.928,1.72255,1.72315,1.90,1.60
2010.07.14 02:11:38.206,1.72255,1.72315,3.10,1.60
2010.07.14 02:11:39.275,1.72245,1.72305,1.70,1.00
2010.07.14 02:11:39.619,1.7224,1.72305,1.00,2.70
2010.07.14 02:11:42.725,1.7224,1.723,1.00,1.00
2010.07.14 02:11:44.467,1.7223,1.7229,1.20,1.00
2010.07.14 02:11:44.667,1.72235,1.7229,1.90,1.00
2010.07.14 02:11:45.526,1.72235,1.723,3.10,1.60
2010.07.14 02:11:54.541,1.72245,1.723,1.00,1.00
2010.07.14 02:11:54.817,1.72245,1.7231,3.10,1.60
2010.07.14 02:11:55.556,1.7225,1.72315,1.20,3.50
2010.07.14 02:11:55.795,1.72245,1.72315,3.10,3.50
2010.07.14 02:11:55.996,1.72245,1.72305,2.50,1.00
2010.07.14 02:11:56.076,1.72245,1.72305,2.50,1.30
2010.07.14 02:11:56.236,1.72245,1.72305,1.20,2.70
2010.07.14 02:11:57.676,1.72235,1.723,3.10,1.60
2010.07.14 02:12:04.467,1.7225,1.723,3.20,1.60
2010.07.14 02:12:05.199,1.7225,1.72305,3.20,1.00
2010.07.14 02:12:05.817,1.7225,1.7231,3.60,1.00
2010.07.14 02:12:05.895,1.7225,1.72315,4.40,3.50
2010.07.14 02:12:10.207,1.7225,1.72315,1.20,3.50
2010.07.14 02:12:16.995,1.72265,1.72315,1.30,2.10
2010.07.14 02:12:17.357,1.72265,1.72315,2.30,1.00
2010.07.14 02:12:17.605,1.72265,1.7233,3.10,1.30
2010.07.14 02:12:18.436,1.7227,1.7233,1.20,1.30
2010.07.14 02:12:34.406,1.7227,1.7233,1.20,1.90
2010.07.14 02:12:43.296,1.7227,1.7233,1.20,2.70
2010.07.14 02:12:44.002,1.72265,1.7232,1.20,1.90
2010.07.14 02:12:44.220,1.72275,1.7233,1.30,4.50
2010.07.14 02:12:44.440,1.7228,1.7233,1.00,2.40
2010.07.14 02:12:44.659,1.72265,1.72325,2.80,1.00
2010.07.14 02:12:44.879,1.72265,1.7233,1.20,4.00
2010.07.14 02:12:45.096,1.72265,1.7233,1.20,1.00
2010.07.14 02:12:46.931,1.7227,1.7233,1.00,1.00
2010.07.14 02:12:47.196,1.7227,1.7233,1.60,1.00
2010.07.14 02:12:50.466,1.72285,1.7234,1.00,1.90
2010.07.14 02:12:51.787,1.72285,1.72335,1.00,1.00
2010.07.14 02:12:57.406,1.72285,1.7234,1.00,1.90
2010.07.14 02:13:01.326,1.72285,1.7233,1.00,1.00
2010.07.14 02:13:01.447,1.72285,1.7233,1.00,1.90
2010.07.14 02:13:02.256,1.72285,1.7233,1.00,1.00
2010.07.14 02:13:02.597,1.72285,1.7234,1.00,1.90
2010.07.14 02:13:03.726,1.72285,1.72335,1.00,1.00
2010.07.14 02:13:12.226,1.72285,1.72325,1.00,1.00
2010.07.14 02:13:13.634,1.7228,1.72325,1.00,1.00
2010.07.14 02:13:13.979,1.7228,1.72335,1.00,1.00
2010.07.14 02:13:15.721,1.72275,1.72335,1.00,1.00
2010.07.14 02:13:15.806,1.7226,1.72335,1.00,1.00
2010.07.14 02:13:16.477,1.7226,1.72335,1.00,1.00
2010.07.14 02:13:16.577,1.72265,1.72335,1.30,1.00
2010.07.14 02:13:16.679,1.72265,1.7234,1.00,4.90
2010.07.14 02:13:16.778,1.7227,1.7234,1.00,1.90
2010.07.14 02:13:16.877,1.7227,1.72335,1.00,1.30
2010.07.14 02:13:16.977,1.7227,1.7234,1.00,1.90
2010.07.14 02:13:23.136,1.7228,1.7234,1.00,1.00
2010.07.14 02:13:23.316,1.7228,1.72345,1.00,2.00
2010.07.14 02:13:23.496,1.7228,1.7233,1.00,1.30
2010.07.14 02:13:23.676,1.7227,1.7233,3.20,1.90
2010.07.14 02:13:23.856,1.7227,1.7233,1.00,1.30
2010.07.14 02:13:24.458,1.7227,1.72335,1.00,3.20
2010.07.14 02:13:24.801,1.7227,1.7234,1.00,3.50
2010.07.14 02:13:29.980,1.7228,1.72345,1.00,1.00
2010.07.14 02:13:30.777,1.72275,1.7234,1.00,1.90
2010.07.14 02:13:35.640,1.7228,1.72345,1.00,1.00
2010.07.14 02:13:35.838,1.72275,1.7235,1.70,3.30
2010.07.14 02:13:36.187,1.7228,1.72345,1.00,1.00
2010.07.14 02:13:40.539,1.72275,1.7233,1.30,1.00
2010.07.14 02:13:40.682,1.7227,1.72335,1.00,1.00
2010.07.14 02:13:45.326,1.7227,1.7234,1.00,1.90
2010.07.14 02:13:46.661,1.7227,1.72335,1.00,1.30
2010.07.14 02:13:56.305,1.72275,1.72335,1.00,1.30
2010.07.14 02:13:56.973,1.72275,1.72345,1.90,3.30
2010.07.14 02:13:59.816,1.7228,1.72345,1.00,2.00
2010.07.14 02:14:00.566,1.7228,1.72345,1.00,1.00
2010.07.14 02:14:04.084,1.72275,1.72345,1.70,1.00
2010.07.14 02:14:04.189,1.7227,1.7234,1.70,1.90
2010.07.14 02:14:06.466,1.7227,1.7234,1.00,1.90
2010.07.14 02:14:06.847,1.7227,1.72335,1.00,1.30
2010.07.14 02:14:08.079,1.72265,1.72325,2.00,1.00
2010.07.14 02:14:09.106,1.72255,1.72325,1.90,1.00
2010.07.14 02:14:12.166,1.72255,1.72325,1.90,1.70
2010.07.14 02:14:12.285,1.72255,1.72325,1.90,1.30
2010.07.14 02:14:22.527,1.72265,1.72335,1.90,1.70
2010.07.14 02:14:26.001,1.72265,1.72335,2.70,2.50
2010.07.14 02:14:26.036,1.7227,1.7233,1.00,1.00
2010.07.14 02:14:32.727,1.72275,1.72335,2.90,1.20
2010.07.14 02:14:38.119,1.72275,1.7233,1.20,1.90
2010.07.14 02:14:38.339,1.7227,1.7233,1.00,2.70
2010.07.14 02:14:41.317,1.7227,1.72315,1.00,1.00
2010.07.14 02:14:41.925,1.7226,1.72315,1.20,1.00
2010.07.14 02:14:42.037,1.7226,1.72325,1.20,2.10
2010.07.14 02:14:43.104,1.72265,1.72325,1.90,1.60
2010.07.14 02:14:43.420,1.72265,1.7233,1.20,1.60
2010.07.14 02:14:44.317,1.7226,1.72325,1.20,3.50
2010.07.14 02:14:49.057,1.7226,1.72325,1.60,1.60
2010.07.14 02:14:49.317,1.7226,1.72325,5.70,1.60
2010.07.14 02:14:50.147,1.7226,1.72325,2.50,1.60
2010.07.14 02:14:50.447,1.72265,1.7233,1.20,1.60
2010.07.14 02:14:58.608,1.72265,1.72325,1.20,1.90
2010.07.14 02:15:01.396,1.72265,1.72325,1.20,1.00
2010.07.14 02:15:02.867,1.72265,1.7233,1.20,1.60
2010.07.14 02:15:06.011,1.72265,1.7233,1.60,1.60
2010.07.14 02:15:06.397,1.7227,1.72335,1.60,2.10
2010.07.14 02:15:06.606,1.7227,1.7234,1.60,2.70
2010.07.14 02:15:06.746,1.7228,1.7234,1.00,2.70
2010.07.14 02:15:06.816,1.7228,1.7234,1.20,2.70
2010.07.14 02:15:46.587,1.7228,1.7234,1.60,1.30
2010.07.14 02:15:46.807,1.7228,1.7234,1.60,1.00
2010.07.14 02:15:52.006,1.7228,1.7234,1.00,1.00
2010.07.14 02:15:57.856,1.7228,1.72335,1.00,1.60
2010.07.14 02:16:01.087,1.72275,1.72335,2.50,1.60
2010.07.14 02:16:01.167,1.72275,1.72335,1.20,1.60
2010.07.14 02:16:01.247,1.72275,1.72335,1.00,1.60
2010.07.14 02:16:01.442,1.7227,1.72335,1.20,1.60
2010.07.14 02:16:06.373,1.7227,1.72335,1.00,1.60
2010.07.14 02:16:16.817,1.72275,1.72335,2.10,1.60
2010.07.14 02:16:20.882,1.72275,1.7233,2.10,1.00
2010.07.14 02:16:20.958,1.7227,1.7233,1.00,1.60
2010.07.14 02:16:21.376,1.7227,1.7233,1.00,2.00
2010.07.14 02:16:23.928,1.72275,1.7233,1.70,1.60
2010.07.14 02:16:24.118,1.7228,1.7233,1.00,1.60
2010.07.14 02:16:25.518,1.7228,1.72335,1.00,1.00
2010.07.14 02:16:25.696,1.7228,1.7234,1.00,1.60
2010.07.14 02:16:29.838,1.72275,1.7234,1.20,3.50
2010.07.14 02:16:45.247,1.72275,1.72335,1.20,1.60
2010.07.14 02:16:55.376,1.7227,1.72335,1.00,1.60
2010.07.14 02:17:00.867,1.7227,1.72335,1.00,2.00
2010.07.14 02:17:01.776,1.7227,1.72335,1.00,2.40
2010.07.14 02:17:01.896,1.7227,1.72335,1.00,3.70
2010.07.14 02:17:04.027,1.7227,1.72325,1.00,1.30
2010.07.14 02:17:04.096,1.7226,1.72325,1.90,2.90
2010.07.14 02:17:04.166,1.7226,1.72325,1.60,3.70
2010.07.14 02:17:04.237,1.7226,1.72325,1.60,6.90
2010.07.14 02:17:04.309,1.7226,1.72325,1.00,10.10
2010.07.14 02:17:04.376,1.7226,1.72315,1.00,1.30
2010.07.14 02:17:04.446,1.72255,1.72315,1.20,2.10
2010.07.14 02:17:04.516,1.72255,1.72315,1.20,2.90
2010.07.14 02:17:04.586,1.72255,1.72315,1.20,3.70
2010.07.14 02:17:14.296,1.72255,1.72315,2.50,2.40
2010.07.14 02:17:14.986,1.72255,1.72315,2.50,1.60
2010.07.14 02:17:20.921,1.72255,1.72315,2.90,1.60
2010.07.14 02:17:27.797,1.7226,1.72315,1.00,1.60
2010.07.14 02:17:28.638,1.72265,1.72315,1.30,1.60
2010.07.14 02:17:33.525,1.7226,1.72315,7.10,1.60
2010.07.14 02:17:33.619,1.72255,1.72315,2.50,1.60
2010.07.14 02:17:35.557,1.72255,1.72315,1.20,2.90
2010.07.14 02:17:38.156,1.72255,1.72315,2.50,1.60
2010.07.14 02:17:38.606,1.72255,1.72315,2.50,1.00
2010.07.14 02:17:38.742,1.72255,1.7232,2.50,1.00
2010.07.14 02:17:46.031,1.72255,1.7232,2.90,1.00
2010.07.14 02:17:58.896,1.7226,1.7232,1.00,1.00
2010.07.14 02:17:59.038,1.7226,1.7232,2.40,1.00
2010.07.14 02:17:59.318,1.7226,1.7232,1.00,1.00
2010.07.14 02:18:30.347,1.72255,1.7232,6.10,1.00
2010.07.14 02:18:30.656,1.72255,1.7232,2.90,1.00
2010.07.14 02:18:40.496,1.7226,1.7232,1.00,1.00
2010.07.14 02:18:47.153,1.7226,1.72315,1.00,1.30
2010.07.14 02:18:47.248,1.7226,1.72315,1.00,2.10
2010.07.14 02:18:47.516,1.7226,1.72315,1.00,2.90
2010.07.14 02:18:47.606,1.7226,1.72315,1.00,3.70
2010.07.14 02:18:50.368,1.7225,1.72315,1.00,3.70
2010.07.14 02:18:52.836,1.7225,1.72305,1.00,1.00
2010.07.14 02:18:58.086,1.72245,1.72305,1.70,1.00
2010.07.14 02:18:58.908,1.72245,1.723,1.00,1.00
2010.07.14 02:18:59.077,1.72235,1.72295,1.20,1.60
2010.07.14 02:19:06.075,1.72235,1.72295,1.00,1.60
2010.07.14 02:19:06.207,1.7223,1.7228,1.20,2.10
2010.07.14 02:19:06.489,1.7223,1.7228,1.20,1.00
2010.07.14 02:19:06.648,1.7223,1.7229,1.20,2.10
2010.07.14 02:19:06.947,1.72225,1.72285,1.00,1.20
2010.07.14 02:19:07.097,1.72225,1.7228,1.00,2.10
2010.07.14 02:19:07.647,1.72225,1.7228,1.00,2.90
2010.07.14 02:19:07.989,1.7222,1.7228,1.00,3.70
2010.07.14 02:19:10.618,1.7222,1.7228,2.90,1.60
2010.07.14 02:19:10.808,1.7223,1.72285,2.00,1.60
2010.07.14 02:19:11.237,1.7223,1.72285,1.30,1.60
2010.07.14 02:19:12.077,1.72225,1.72285,1.00,1.60
2010.07.14 02:19:13.416,1.7222,1.72285,4.50,1.60
2010.07.14 02:19:14.918,1.7223,1.72285,2.00,1.60
2010.07.14 02:19:15.578,1.7223,1.72285,1.30,1.60
2010.07.14 02:19:15.699,1.7222,1.72285,4.50,1.60
2010.07.14 02:19:19.728,1.7222,1.7228,1.00,1.60
2010.07.14 02:19:20.340,1.7222,1.7228,1.00,2.00
2010.07.14 02:19:20.678,1.72215,1.7228,1.30,1.60
2010.07.14 02:19:52.308,1.7222,1.7228,1.30,1.60
2010.07.14 02:19:53.007,1.7222,1.7228,2.00,1.60
2010.07.14 02:19:55.807,1.72215,1.7228,1.20,3.70
2010.07.14 02:19:58.316,1.7222,1.7228,2.00,1.60
2010.07.14 02:20:01.017,1.7222,1.7228,2.40,1.60
2010.07.14 02:20:10.491,1.7222,1.7228,2.00,1.60
2010.07.14 02:20:13.761,1.7222,1.7228,1.30,1.60
2010.07.14 02:20:14.537,1.72225,1.7228,1.30,1.60
2010.07.14 02:20:14.715,1.7222,1.7228,1.30,1.60
2010.07.14 02:20:16.186,1.72225,1.72285,2.00,1.60
2010.07.14 02:20:18.536,1.72225,1.72285,2.50,1.60
2010.07.14 02:20:20.642,1.72225,1.72285,2.90,1.60
2010.07.14 02:20:24.967,1.72225,1.72285,1.00,1.60
2010.07.14 02:20:26.878,1.7223,1.7229,1.90,1.30
2010.07.14 02:20:27.016,1.7223,1.72295,3.30,1.60
2010.07.14 02:20:31.033,1.7223,1.72295,2.90,1.60
2010.07.14 02:20:33.948,1.7223,1.7229,1.60,1.30
2010.07.14 02:20:34.207,1.7223,1.7229,1.60,2.10
2010.07.14 02:20:35.667,1.7222,1.7228,1.20,2.10
2010.07.14 02:20:36.048,1.7222,1.7227,1.20,2.10
2010.07.14 02:20:36.238,1.72215,1.7228,1.20,3.70
2010.07.14 02:20:36.430,1.72215,1.7227,1.20,2.10
2010.07.14 02:20:37.139,1.72215,1.7227,1.20,1.00
2010.07.14 02:20:37.347,1.72215,1.7228,1.20,3.70
2010.07.14 02:20:38.677,1.72215,1.7227,1.20,2.10
2010.07.14 02:20:45.097,1.72225,1.7227,1.60,2.10
2010.07.14 02:20:45.308,1.72235,1.7228,1.00,1.00
2010.07.14 02:20:45.910,1.72235,1.7229,1.20,2.10
2010.07.14 02:21:01.268,1.7224,1.7229,1.00,1.30
2010.07.14 02:21:01.387,1.72245,1.72295,1.00,2.50
2010.07.14 02:21:01.507,1.72245,1.72295,1.00,2.10
2010.07.14 02:21:01.748,1.7225,1.72295,1.00,1.00
2010.07.14 02:21:01.867,1.72255,1.723,1.00,1.30
2010.07.14 02:21:01.987,1.72255,1.72305,1.00,1.00
2010.07.14 02:21:03.957,1.72255,1.72315,1.00,1.00
2010.07.14 02:21:04.137,1.7226,1.72315,1.00,1.00
2010.07.14 02:21:04.317,1.7226,1.7232,1.20,1.00
2010.07.14 02:21:04.677,1.7226,1.7233,1.20,1.60
2010.07.14 02:21:05.017,1.7227,1.7233,1.20,1.60
2010.07.14 02:21:09.851,1.7227,1.72325,1.20,1.30
2010.07.14 02:21:09.936,1.7227,1.72325,1.00,1.30
2010.07.14 02:21:09.964,1.72265,1.72325,1.20,1.30
2010.07.14 02:21:09.988,1.72265,1.7232,1.20,1.00
2010.07.14 02:21:11.398,1.72265,1.7233,1.20,3.20
2010.07.14 02:21:12.173,1.72265,1.7233,1.20,1.60
2010.07.14 02:21:23.087,1.72265,1.7233,4.40,1.60
2010.07.14 02:21:24.969,1.7227,1.72335,1.20,3.70
2010.07.14 02:21:26.968,1.7227,1.72335,4.40,3.70
2010.07.14 02:21:27.523,1.7228,1.72335,1.00,3.70
2010.07.14 02:21:27.560,1.7228,1.72335,1.00,1.60
2010.07.14 02:21:34.617,1.7228,1.72335,1.00,1.00
2010.07.14 02:21:34.747,1.7228,1.7234,1.00,1.00
2010.07.14 02:21:36.367,1.7228,1.7234,2.50,1.00
2010.07.14 02:21:36.428,1.72285,1.7234,3.60,1.00
2010.07.14 02:21:37.113,1.72285,1.7234,4.40,1.00
2010.07.14 02:21:37.129,1.7229,1.7235,1.00,1.00
2010.07.14 02:21:38.888,1.7228,1.72345,4.40,1.60
2010.07.14 02:21:39.576,1.7228,1.72345,1.20,1.60
2010.07.14 02:21:40.137,1.7228,1.72345,6.10,1.60
2010.07.14 02:21:40.269,1.7228,1.72345,2.90,1.60
2010.07.14 02:21:40.396,1.7228,1.72345,6.10,1.60
2010.07.14 02:21:40.636,1.7228,1.72345,2.90,1.60
2010.07.14 02:21:41.427,1.7228,1.7234,1.00,2.10
2010.07.14 02:21:42.037,1.72275,1.7234,2.90,2.90
2010.07.14 02:21:43.518,1.72285,1.7234,1.70,1.60
2010.07.14 02:22:18.776,1.72285,1.72345,2.10,1.00
2010.07.14 02:22:43.836,1.7229,1.7235,1.00,2.70
2010.07.14 02:22:50.673,1.72295,1.7235,1.00,1.30
2010.07.14 02:22:50.858,1.72295,1.72355,1.00,1.00
2010.07.14 02:23:00.917,1.72295,1.72355,1.00,1.00
2010.07.14 02:23:09.316,1.7229,1.7235,3.10,1.00
2010.07.14 02:23:09.486,1.7229,1.7235,2.30,1.00
2010.07.14 02:23:10.767,1.7229,1.7235,2.70,1.00
2010.07.14 02:23:17.547,1.7229,1.7235,2.10,1.00
2010.07.14 02:23:18.397,1.7229,1.7235,2.70,1.00
2010.07.14 02:23:20.395,1.7229,1.7235,2.30,1.00
2010.07.14 02:23:24.597,1.723,1.7235,1.70,1.00
2010.07.14 02:23:25.329,1.723,1.72355,1.70,1.00
2010.07.14 02:23:30.875,1.723,1.72355,2.10,1.00
2010.07.14 02:23:31.897,1.723,1.72355,1.70,1.00
2010.07.14 02:23:31.947,1.723,1.72355,2.10,1.00
2010.07.14 02:23:40.807,1.723,1.72355,1.70,1.00
2010.07.14 02:23:43.055,1.723,1.72355,1.30,1.00
2010.07.14 02:23:43.116,1.72295,1.72355,2.90,1.00
2010.07.14 02:23:43.327,1.72295,1.72355,1.60,1.00
2010.07.14 02:23:44.028,1.7229,1.7235,2.30,1.00
2010.07.14 02:23:51.037,1.7229,1.7235,1.00,2.10
2010.07.14 02:23:51.217,1.7229,1.7235,1.00,2.70
2010.07.14 02:23:54.367,1.7229,1.7235,2.10,1.00
2010.07.14 02:24:11.087,1.7229,1.7235,5.30,1.00
2010.07.14 02:24:11.687,1.72295,1.7236,1.20,1.60
2010.07.14 02:24:11.787,1.7231,1.7236,1.00,1.60
2010.07.14 02:24:11.887,1.7231,1.7237,1.00,5.10
2010.07.14 02:24:12.549,1.7231,1.7237,1.00,1.60
2010.07.14 02:24:16.457,1.7231,1.7237,1.00,2.90
2010.07.14 02:24:17.128,1.7231,1.7237,1.00,3.30
2010.07.14 02:24:18.407,1.72305,1.7237,1.20,1.60
2010.07.14 02:24:20.658,1.72305,1.7237,1.20,2.00
2010.07.14 02:24:20.797,1.72305,1.7237,1.20,3.30
2010.07.14 02:24:23.747,1.72305,1.7237,1.20,2.00
2010.07.14 02:24:23.987,1.72305,1.7237,1.20,1.60
2010.07.14 02:24:24.926,1.7231,1.7237,1.00,1.60
2010.07.14 02:24:25.533,1.7231,1.7237,1.90,1.60
2010.07.14 02:24:25.689,1.72305,1.7237,1.20,1.60
2010.07.14 02:24:34.380,1.72305,1.72365,1.00,1.00
2010.07.14 02:24:34.597,1.723,1.72365,1.20,1.60
2010.07.14 02:24:35.908,1.723,1.72365,2.50,1.60
2010.07.14 02:24:36.198,1.72305,1.72365,1.00,1.60
2010.07.14 02:24:36.488,1.723,1.72365,3.10,1.60
2010.07.14 02:24:44.367,1.72305,1.72365,1.90,1.60
2010.07.14 02:24:44.597,1.72305,1.72365,1.00,1.60
2010.07.14 02:24:44.907,1.72305,1.72365,1.30,1.60
2010.07.14 02:24:45.626,1.723,1.72365,3.10,1.60
2010.07.14 02:24:45.748,1.723,1.72365,1.20,3.30
2010.07.14 02:24:45.867,1.72305,1.72365,1.00,1.60
2010.07.14 02:24:45.987,1.72305,1.72365,1.90,1.60
2010.07.14 02:24:46.107,1.723,1.72365,6.30,1.60
2010.07.14 02:24:46.227,1.72305,1.72365,1.30,1.60
2010.07.14 02:24:46.347,1.72305,1.72365,1.90,1.60
2010.07.14 02:24:47.328,1.723,1.72365,9.50,1.60
2010.07.14 02:24:47.578,1.72305,1.72365,1.30,1.60
2010.07.14 02:24:47.828,1.723,1.72365,9.50,1.60
2010.07.14 02:24:47.987,1.72305,1.72365,1.30,1.60
2010.07.14 02:24:48.561,1.72305,1.72365,1.90,1.60
2010.07.14 02:24:50.918,1.72305,1.72365,1.30,1.60
2010.07.14 02:24:52.607,1.723,1.72365,8.90,1.60
2010.07.14 02:24:52.842,1.72305,1.72365,1.00,1.00
2010.07.14 02:24:52.857,1.72305,1.7237,1.20,2.00
2010.07.14 02:24:58.428,1.72305,1.72365,1.20,1.70
2010.07.14 02:24:58.668,1.72305,1.72365,1.00,5.70
2010.07.14 02:24:58.907,1.723,1.7236,2.50,1.00
2010.07.14 02:24:59.147,1.723,1.7236,1.20,1.70
2010.07.14 02:25:08.779,1.72295,1.72355,1.20,1.00
2010.07.14 02:25:14.307,1.72295,1.72355,1.20,2.10
2010.07.14 02:25:14.637,1.72295,1.72355,1.20,1.00
2010.07.14 02:25:24.946,1.7229,1.7235,1.70,1.00
2010.07.14 02:25:25.089,1.7229,1.7235,1.00,1.00
2010.07.14 02:25:25.227,1.7229,1.7235,1.00,8.50
2010.07.14 02:25:25.367,1.7229,1.72345,1.00,1.00
2010.07.14 02:25:25.506,1.72285,1.72345,1.00,1.00
2010.07.14 02:25:25.647,1.72285,1.7234,1.00,1.00
2010.07.14 02:25:44.033,1.7229,1.7234,1.70,1.00
2010.07.14 02:25:44.159,1.7229,1.7235,2.10,1.60
2010.07.14 02:25:45.160,1.72295,1.7235,1.00,1.00
2010.07.14 02:25:45.501,1.7231,1.72365,1.00,1.90
2010.07.14 02:25:47.667,1.72305,1.72365,1.00,1.90
2010.07.14 02:25:48.804,1.72305,1.7236,1.00,1.60
2010.07.14 02:25:49.048,1.72295,1.72345,1.20,1.00
2010.07.14 02:25:49.299,1.7229,1.72345,1.20,1.70
2010.07.14 02:25:51.158,1.7229,1.7235,1.20,1.20
2010.07.14 02:25:51.317,1.72285,1.7235,1.60,1.20
2010.07.14 02:25:51.477,1.72285,1.7235,1.60,1.00
2010.07.14 02:25:51.797,1.7229,1.72345,1.00,1.00
2010.07.14 02:25:51.958,1.72285,1.72345,1.00,3.50
2010.07.14 02:25:52.107,1.72285,1.72345,1.00,1.60
2010.07.14 02:25:53.658,1.72285,1.7234,1.00,1.70
2010.07.14 02:26:00.018,1.72285,1.7235,1.00,2.10
2010.07.14 02:26:00.657,1.72285,1.72345,1.00,1.30
2010.07.14 02:26:00.768,1.72285,1.7234,1.00,1.00
2010.07.14 02:26:01.778,1.72285,1.7235,1.00,2.10
2010.07.14 02:26:03.638,1.72285,1.72345,1.00,1.30
2010.07.14 02:26:03.838,1.72285,1.7234,1.00,1.00
2010.07.14 02:26:04.038,1.72285,1.7235,1.00,5.30
2010.07.14 02:26:04.237,1.72285,1.7235,1.00,3.70
2010.07.14 02:26:04.437,1.72285,1.7235,1.00,2.10
2010.07.14 02:26:10.144,1.72285,1.7235,1.00,2.10
2010.07.14 02:26:12.177,1.7229,1.7235,1.00,1.30
2010.07.14 02:26:12.227,1.7229,1.72355,2.90,3.50
2010.07.14 02:26:16.537,1.72295,1.72355,1.20,3.50
2010.07.14 02:26:20.246,1.72295,1.72345,1.00,1.30
2010.07.14 02:26:20.399,1.7229,1.72345,1.20,1.70
2010.07.14 02:26:21.548,1.72285,1.72345,1.00,1.60
2010.07.14 02:26:24.348,1.72285,1.72325,1.00,1.00
2010.07.14 02:26:24.568,1.7227,1.72325,6.40,1.60
2010.07.14 02:26:24.789,1.72265,1.72325,3.20,1.60
2010.07.14 02:26:25.019,1.72265,1.72315,3.20,1.00
2010.07.14 02:26:26.248,1.7226,1.72315,2.00,1.00
2010.07.14 02:26:28.298,1.7226,1.72315,1.00,1.00
2010.07.14 02:26:28.937,1.7226,1.72315,2.00,1.00
2010.07.14 02:26:29.387,1.7226,1.72315,1.60,1.00
2010.07.14 02:26:31.296,1.72255,1.72315,1.70,1.00
2010.07.14 02:26:31.607,1.72255,1.7231,1.00,1.00
2010.07.14 02:26:32.258,1.7226,1.7231,7.70,1.00
2010.07.14 02:26:32.297,1.72265,1.7231,1.00,1.00
2010.07.14 02:26:32.752,1.7226,1.7231,1.30,1.00
2010.07.14 02:26:32.921,1.72255,1.7231,6.90,1.00
2010.07.14 02:26:33.604,1.72255,1.7231,1.00,1.00
2010.07.14 02:26:33.769,1.72265,1.7231,1.00,1.00
2010.07.14 02:26:36.508,1.72255,1.7231,1.00,1.00
2010.07.14 02:26:41.828,1.72265,1.7231,1.00,1.00
2010.07.14 02:26:42.008,1.72275,1.7231,1.00,1.00
2010.07.14 02:26:42.098,1.72275,1.72325,1.00,1.60
2010.07.14 02:26:42.277,1.72275,1.72325,1.00,1.00
2010.07.14 02:26:42.367,1.72275,1.7233,1.00,1.00
2010.07.14 02:26:42.457,1.7228,1.7233,1.30,1.00
2010.07.14 02:26:43.189,1.72285,1.7233,1.00,1.00
2010.07.14 02:26:54.670,1.7228,1.7233,1.90,1.00
2010.07.14 02:27:08.148,1.7228,1.7233,1.00,1.00
2010.07.14 02:27:08.438,1.7228,1.7233,1.90,1.00
2010.07.14 02:27:08.628,1.72285,1.7233,1.00,1.00
2010.07.14 02:27:11.718,1.7228,1.7233,1.90,1.00
2010.07.14 02:27:28.077,1.72285,1.7233,1.00,1.00
2010.07.14 02:27:31.428,1.72275,1.7233,1.00,1.00
2010.07.14 02:27:54.248,1.7227,1.7233,2.30,1.00
2010.07.14 02:27:56.187,1.72275,1.7233,1.00,1.00
2010.07.14 02:27:58.177,1.72275,1.72325,1.00,1.00
2010.07.14 02:27:58.409,1.7227,1.72325,1.00,1.00
2010.07.14 02:27:59.158,1.7227,1.72325,2.10,1.00
2010.07.14 02:27:59.598,1.7228,1.7233,1.70,1.00
2010.07.14 02:28:06.634,1.7228,1.7233,1.00,1.00
2010.07.14 02:28:06.877,1.72275,1.7233,1.70,1.00
2010.07.14 02:28:07.513,1.72275,1.7233,3.30,1.00
2010.07.14 02:28:10.567,1.72275,1.7233,1.30,1.00
2010.07.14 02:28:10.808,1.7227,1.7233,3.90,1.00
2010.07.14 02:28:11.611,1.7228,1.72325,1.90,1.60
2010.07.14 02:28:19.387,1.72275,1.72325,1.90,1.60
2010.07.14 02:28:25.087,1.7228,1.72325,1.00,1.60
2010.07.14 02:28:25.310,1.7228,1.72325,1.90,1.60
2010.07.14 02:28:26.589,1.72275,1.72325,1.00,1.60
2010.07.14 02:28:30.217,1.7228,1.72325,1.30,1.60
2010.07.14 02:28:30.387,1.7228,1.72325,1.90,1.60
2010.07.14 02:28:35.167,1.7228,1.72325,1.30,1.60
2010.07.14 02:28:35.898,1.72275,1.72325,1.00,1.60
2010.07.14 02:28:41.470,1.72275,1.72325,3.70,1.60
2010.07.14 02:28:42.327,1.72275,1.72325,6.90,1.60
2010.07.14 02:28:43.847,1.72275,1.7233,6.90,1.00
2010.07.14 02:28:53.055,1.72275,1.7233,1.00,1.00
2010.07.14 02:28:54.068,1.7228,1.7233,1.30,1.00
2010.07.14 02:28:54.137,1.72285,1.7233,1.00,1.00
2010.07.14 02:28:54.458,1.72285,1.7233,3.70,1.00
2010.07.14 02:28:55.243,1.72285,1.7234,6.90,1.60
2010.07.14 02:28:55.381,1.72285,1.7234,3.20,3.30
2010.07.14 02:28:55.521,1.7228,1.7234,6.40,3.30
2010.07.14 02:28:55.658,1.72275,1.7234,6.90,3.30
2010.07.14 02:28:58.880,1.72285,1.7234,3.70,1.60
2010.07.14 02:28:59.161,1.72285,1.7234,3.20,1.70
2010.07.14 02:28:59.702,1.7228,1.7234,6.40,1.70
2010.07.14 02:28:59.870,1.72275,1.7234,6.90,1.70
2010.07.14 02:29:00.269,1.72275,1.7234,3.70,1.70
2010.07.14 02:29:00.438,1.72275,1.7234,1.00,1.70
2010.07.14 02:29:07.556,1.72285,1.7234,1.00,1.30
2010.07.14 02:29:07.640,1.72285,1.72345,1.00,2.00
2010.07.14 02:29:07.801,1.72285,1.7234,1.00,1.60
2010.07.14 02:29:08.038,1.72285,1.72345,1.00,1.00
2010.07.14 02:29:08.119,1.72275,1.7234,1.00,1.70
2010.07.14 02:29:10.802,1.7228,1.7234,1.00,2.50
2010.07.14 02:29:11.047,1.7228,1.7234,1.00,3.30
2010.07.14 02:29:21.328,1.7228,1.7234,1.00,3.70
2010.07.14 02:29:40.887,1.7228,1.7234,1.00,3.30
2010.07.14 02:30:04.817,1.7228,1.7234,1.70,2.00
2010.07.14 02:30:05.128,1.7229,1.72355,1.90,2.00
2010.07.14 02:30:05.890,1.72295,1.72345,1.00,1.30
2010.07.14 02:30:06.118,1.72295,1.7234,1.00,1.00
2010.07.14 02:30:16.249,1.72285,1.72335,1.20,1.70
2010.07.14 02:30:22.418,1.72285,1.7234,1.20,1.00
2010.07.14 02:30:23.678,1.7229,1.72345,1.00,1.30
2010.07.14 02:30:23.858,1.7229,1.72345,1.30,1.00
2010.07.14 02:30:23.948,1.72285,1.72345,1.20,1.70
2010.07.14 02:30:26.970,1.7229,1.7235,1.90,1.60
2010.07.14 02:30:32.032,1.7229,1.7235,1.00,2.90
2010.07.14 02:30:32.243,1.72285,1.7235,2.50,2.90
2010.07.14 02:30:35.728,1.72285,1.7234,1.20,1.30
2010.07.14 02:30:48.443,1.72285,1.7234,1.00,2.10
2010.07.14 02:30:48.507,1.7228,1.7234,1.00,2.10
2010.07.14 02:30:48.983,1.72275,1.7234,2.90,2.10
2010.07.14 02:30:49.052,1.72275,1.7234,2.10,2.10
2010.07.14 02:30:49.068,1.72275,1.72335,1.70,1.00
2010.07.14 02:30:49.189,1.72275,1.7233,1.00,1.30
2010.07.14 02:31:00.447,1.72275,1.7232,1.00,1.30
2010.07.14 02:31:00.630,1.72265,1.7232,2.80,1.30
2010.07.14 02:31:00.819,1.72265,1.72315,1.20,1.70
2010.07.14 02:31:00.999,1.72265,1.72315,1.20,1.00
2010.07.14 02:31:01.358,1.72265,1.72315,1.20,1.70
2010.07.14 02:31:04.111,1.7226,1.72315,1.20,1.70
2010.07.14 02:31:04.351,1.7226,1.7231,1.20,1.70
2010.07.14 02:31:07.607,1.7225,1.7231,1.20,1.70
2010.07.14 02:31:09.678,1.7226,1.7231,1.00,1.70
2010.07.14 02:31:09.830,1.7226,1.72315,1.20,1.00
2010.07.14 02:31:12.298,1.7227,1.72325,1.00,2.50
2010.07.14 02:31:12.407,1.7227,1.72325,1.20,1.70
2010.07.14 02:31:18.617,1.7227,1.72335,3.10,11.30
2010.07.14 02:31:18.847,1.7227,1.72335,3.10,4.90
2010.07.14 02:31:20.077,1.7227,1.72335,3.10,3.30
2010.07.14 02:31:32.660,1.7227,1.72335,1.70,3.30
2010.07.14 02:31:32.838,1.7227,1.7233,1.20,1.00
2010.07.14 02:31:38.738,1.7227,1.72325,1.20,1.00
2010.07.14 02:31:38.949,1.7227,1.72325,1.00,1.00
2010.07.14 02:31:39.018,1.72265,1.72325,1.00,1.20
2010.07.14 02:31:39.088,1.72265,1.72325,1.00,2.50
2010.07.14 02:31:39.297,1.72265,1.72325,1.00,5.70
2010.07.14 02:31:39.873,1.72265,1.72325,1.00,7.30
2010.07.14 02:31:40.209,1.72265,1.7232,1.00,1.70
2010.07.14 02:31:41.828,1.72265,1.7232,1.00,1.00
2010.07.14 02:31:42.859,1.72265,1.72325,1.00,1.00
2010.07.14 02:31:44.677,1.72265,1.72325,1.00,2.10
2010.07.14 02:31:44.768,1.72265,1.72325,1.00,2.50
2010.07.14 02:31:45.988,1.72265,1.7232,1.00,1.00
2010.07.14 02:31:48.578,1.72265,1.72325,1.00,1.00
2010.07.14 02:31:49.728,1.72265,1.7232,1.00,1.00
2010.07.14 02:31:51.529,1.72265,1.72325,1.00,2.70
2010.07.14 02:31:53.611,1.7227,1.72325,1.20,1.70
2010.07.14 02:31:55.899,1.72265,1.7232,1.20,1.70
2010.07.14 02:31:56.078,1.72265,1.72315,1.20,1.70
2010.07.14 02:31:56.761,1.72265,1.72315,1.00,1.70
2010.07.14 02:31:56.920,1.7226,1.7232,1.00,1.30
2010.07.14 02:32:03.058,1.7226,1.72315,1.00,1.70
2010.07.14 02:32:06.608,1.7226,1.7232,1.00,1.00
2010.07.14 02:32:07.392,1.72265,1.7232,2.70,1.00
2010.07.14 02:32:07.528,1.72265,1.7233,3.10,3.20
2010.07.14 02:32:07.657,1.72265,1.7233,3.10,1.60
2010.07.14 02:32:09.548,1.7227,1.7233,1.30,1.60
2010.07.14 02:32:09.768,1.7227,1.7233,1.90,1.60
2010.07.14 02:32:09.987,1.7227,1.7233,1.00,1.60
2010.07.14 02:32:10.209,1.7227,1.7233,1.20,1.00
2010.07.14 02:32:14.528,1.7227,1.7233,2.50,1.00
2010.07.14 02:32:15.354,1.7227,1.72335,3.10,1.60
2010.07.14 02:32:35.553,1.7227,1.72335,3.10,3.20
2010.07.14 02:32:37.469,1.72275,1.7234,1.70,1.60
2010.07.14 02:32:40.801,1.72275,1.72335,1.70,1.30
2010.07.14 02:32:40.969,1.7227,1.72335,1.20,11.30
2010.07.14 02:32:42.438,1.7227,1.72335,1.20,8.10
2010.07.14 02:32:50.860,1.7227,1.72335,1.20,11.30
2010.07.14 02:32:55.653,1.7227,1.72325,1.20,1.00
2010.07.14 02:32:55.849,1.7227,1.72325,1.20,1.90
2010.07.14 02:33:04.938,1.72265,1.72325,1.20,2.70
2010.07.14 02:33:12.338,1.72265,1.72325,2.50,1.30
2010.07.14 02:33:12.437,1.72265,1.72325,3.10,1.20
2010.07.14 02:33:21.078,1.72265,1.72325,3.10,1.00
2010.07.14 02:33:31.288,1.72275,1.72325,1.30,1.00
2010.07.14 02:33:31.449,1.72275,1.72325,1.90,1.00
2010.07.14 02:33:32.883,1.72275,1.72325,1.00,1.00
2010.07.14 02:33:33.069,1.7227,1.72325,1.90,1.00
2010.07.14 02:33:37.038,1.72265,1.72325,3.10,1.00
2010.07.14 02:33:37.218,1.72265,1.7232,1.90,1.00
2010.07.14 02:33:37.398,1.7226,1.7232,2.70,1.00
2010.07.14 02:33:41.088,1.7226,1.7232,2.30,1.00
2010.07.14 02:33:43.416,1.7226,1.72315,2.30,1.00
2010.07.14 02:33:43.499,1.7226,1.72315,1.90,1.60
2010.07.14 02:33:49.102,1.7225,1.7231,3.10,1.00
2010.07.14 02:33:51.318,1.7225,1.72315,3.10,5.20
2010.07.14 02:33:56.368,1.7225,1.7231,2.30,1.00
2010.07.14 02:33:57.089,1.72245,1.7231,2.90,6.50
2010.07.14 02:34:01.569,1.72245,1.723,1.20,1.70
2010.07.14 02:34:05.148,1.72245,1.723,2.50,1.00
2010.07.14 02:34:05.978,1.72245,1.7231,2.90,6.50
2010.07.14 02:34:07.667,1.72245,1.72305,2.50,1.00
2010.07.14 02:34:07.848,1.72245,1.72305,1.20,3.60
2010.07.14 02:34:17.619,1.72245,1.72305,1.20,1.00
2010.07.14 02:34:18.360,1.7224,1.723,1.20,1.00
2010.07.14 02:34:27.278,1.7224,1.723,2.50,1.00
2010.07.14 02:34:27.460,1.7224,1.723,1.20,1.00
2010.07.14 02:34:28.191,1.72245,1.723,1.00,1.00
2010.07.14 02:34:28.462,1.72245,1.72305,3.10,1.00
2010.07.14 02:34:30.130,1.72255,1.72305,1.30,1.00
2010.07.14 02:34:30.468,1.72255,1.72305,1.00,1.00
2010.07.14 02:34:30.809,1.72245,1.72305,3.10,1.00
2010.07.14 02:34:32.471,1.72255,1.72315,1.90,2.00
2010.07.14 02:34:38.840,1.72255,1.7231,1.90,3.20
2010.07.14 02:34:38.878,1.72255,1.7231,1.30,3.60
2010.07.14 02:34:38.898,1.7225,1.7231,1.20,4.90
2010.07.14 02:34:39.100,1.72255,1.7231,1.00,4.50
2010.07.14 02:34:39.118,1.72255,1.7231,1.90,3.20
2010.07.14 02:34:39.200,1.72255,1.72315,1.90,2.00
2010.07.14 02:34:41.030,1.72255,1.72315,1.90,1.60
2010.07.14 02:34:45.648,1.7225,1.7231,1.20,1.70
2010.07.14 02:34:45.849,1.7225,1.7231,1.20,4.90
2010.07.14 02:34:46.048,1.72255,1.7231,1.90,3.60
2010.07.14 02:34:46.683,1.72255,1.7231,1.90,1.00
2010.07.14 02:34:46.970,1.7225,1.7231,1.20,4.90
2010.07.14 02:34:47.999,1.72245,1.7231,3.10,6.50
2010.07.14 02:34:56.289,1.72245,1.72305,1.20,1.30
2010.07.14 02:34:56.490,1.72245,1.723,1.20,1.70
2010.07.14 02:34:57.369,1.7224,1.723,1.00,2.50
2010.07.14 02:34:57.690,1.72245,1.723,1.90,1.00
2010.07.14 02:34:59.679,1.72245,1.723,1.70,1.00
2010.07.14 02:34:59.949,1.72255,1.7231,1.90,1.60
2010.07.14 02:35:07.812,1.72255,1.7231,1.00,2.90
2010.07.14 02:35:07.999,1.72245,1.7231,3.10,6.50
2010.07.14 02:35:12.530,1.72245,1.723,1.20,1.70
2010.07.14 02:35:13.798,1.72245,1.723,1.00,1.70
2010.07.14 02:35:14.080,1.7224,1.7229,1.00,1.70
2010.07.14 02:35:14.829,1.7224,1.7229,1.00,1.00
2010.07.14 02:35:15.526,1.7224,1.723,1.00,2.50
2010.07.14 02:35:18.946,1.7224,1.723,1.00,4.10
2010.07.14 02:35:19.008,1.7224,1.7229,1.00,1.30
2010.07.14 02:35:19.567,1.7224,1.7229,1.00,1.00
2010.07.14 02:35:19.602,1.7223,1.7228,1.20,1.70
2010.07.14 02:35:19.661,1.7223,1.7228,1.20,1.00
2010.07.14 02:35:19.768,1.7223,1.7229,1.20,4.90
2010.07.14 02:35:20.168,1.7223,1.7229,1.20,1.70
2010.07.14 02:35:21.498,1.72235,1.72295,1.90,2.00
2010.07.14 02:35:21.628,1.72235,1.7229,1.30,1.00
2010.07.14 02:35:22.203,1.7223,1.7229,1.20,1.70
2010.07.14 02:35:25.368,1.7223,1.7229,1.20,1.30
2010.07.14 02:35:25.948,1.7223,1.72295,2.50,13.30
2010.07.14 02:35:26.888,1.7223,1.72295,2.50,6.90
2010.07.14 02:35:27.188,1.7223,1.72285,1.20,1.70
2010.07.14 02:35:47.958,1.7223,1.72285,1.20,1.00
2010.07.14 02:35:48.008,1.7223,1.7229,1.20,1.70
2010.07.14 02:35:48.929,1.72235,1.7229,1.30,1.00
2010.07.14 02:35:50.982,1.7223,1.7229,3.10,1.00
2010.07.14 02:35:51.299,1.7223,1.72295,3.10,2.00
2010.07.14 02:35:52.079,1.7223,1.72295,6.30,2.00
2010.07.14 02:35:52.258,1.7223,1.72295,3.10,2.00
2010.07.14 02:36:22.319,1.7224,1.72295,1.90,2.00
2010.07.14 02:36:22.569,1.7223,1.72295,3.10,2.00
2010.07.14 02:36:40.731,1.7223,1.7229,3.10,1.00
2010.07.14 02:36:49.510,1.72235,1.7229,1.30,1.00
2010.07.14 02:37:05.969,1.72235,1.7229,2.50,1.00
2010.07.14 02:37:06.788,1.72235,1.723,2.90,5.60
2010.07.14 02:37:09.678,1.72235,1.72285,2.90,1.00
2010.07.14 02:37:11.098,1.72235,1.7229,2.90,1.00
2010.07.14 02:37:12.678,1.72235,1.7229,2.50,1.00
2010.07.14 02:37:12.818,1.7223,1.7229,1.00,1.20
2010.07.14 02:37:12.959,1.7223,1.72285,1.00,1.70
2010.07.14 02:37:13.119,1.72225,1.72285,1.00,1.70
2010.07.14 02:37:13.278,1.72225,1.72285,1.00,3.30
2010.07.14 02:37:14.649,1.7222,1.7228,1.00,1.70
2010.07.14 02:37:19.909,1.72225,1.72285,1.20,2.00
2010.07.14 02:37:20.229,1.72225,1.72285,1.20,3.30
2010.07.14 02:37:20.549,1.72225,1.7228,1.20,1.70
2010.07.14 02:37:20.868,1.7222,1.7228,1.20,1.70
2010.07.14 02:37:21.752,1.7222,1.72285,1.20,10.10
2010.07.14 02:37:28.248,1.7222,1.7228,1.20,3.20
2010.07.14 02:37:28.820,1.72225,1.7228,1.30,3.20
2010.07.14 02:37:29.899,1.72235,1.72285,1.30,2.00
2010.07.14 02:37:31.659,1.72235,1.72285,1.30,1.60
2010.07.14 02:37:32.079,1.7223,1.72285,1.30,1.60
2010.07.14 02:37:32.399,1.7223,1.72285,1.30,4.80
2010.07.14 02:37:36.440,1.72235,1.72285,1.30,1.60
2010.07.14 02:37:43.308,1.72225,1.72285,1.30,1.60
2010.07.14 02:37:43.371,1.72225,1.72285,1.30,4.80
2010.07.14 02:37:43.379,1.72225,1.72285,1.30,8.00
2010.07.14 02:37:43.438,1.72225,1.7228,1.30,3.20
2010.07.14 02:37:43.540,1.72225,1.72285,1.30,6.40
2010.07.14 02:37:43.590,1.72225,1.72285,1.30,3.20
2010.07.14 02:37:43.748,1.72235,1.72285,1.30,3.20
2010.07.14 02:37:43.924,1.72235,1.72285,1.30,1.60
2010.07.14 02:38:03.177,1.72235,1.72285,1.30,4.80
2010.07.14 02:38:03.270,1.72225,1.7228,1.30,3.20
2010.07.14 02:38:04.040,1.72225,1.7228,1.30,4.00
2010.07.14 02:38:04.264,1.72215,1.7228,2.10,8.00
2010.07.14 02:38:10.909,1.72215,1.72265,1.70,1.00
2010.07.14 02:38:11.149,1.72215,1.72265,1.00,1.00
2010.07.14 02:38:14.000,1.72215,1.72275,1.70,2.00
2010.07.14 02:38:14.208,1.72215,1.72275,1.70,1.00
2010.07.14 02:38:20.829,1.72215,1.7228,1.70,5.20
2010.07.14 02:38:21.058,1.72225,1.7228,1.00,3.60
2010.07.14 02:38:23.218,1.72225,1.7228,1.00,4.90
2010.07.14 02:38:23.945,1.72225,1.7227,1.00,8.40
2010.07.14 02:38:24.131,1.72225,1.7227,1.00,1.30
2010.07.14 02:38:29.044,1.7222,1.7227,1.20,1.30
2010.07.14 02:38:29.068,1.7222,1.7227,1.00,1.30
2010.07.14 02:38:29.159,1.7222,1.7227,1.00,1.70
2010.07.14 02:38:29.278,1.72215,1.7227,1.00,1.70
2010.07.14 02:38:29.298,1.72215,1.7227,1.00,8.10
2010.07.14 02:38:29.321,1.72215,1.7226,1.00,1.30
2010.07.14 02:38:29.369,1.72215,1.7226,1.00,1.70
2010.07.14 02:38:29.922,1.72205,1.72255,1.20,1.70
2010.07.14 02:38:32.439,1.722,1.7226,1.20,1.70
2010.07.14 02:38:34.868,1.722,1.72255,1.20,1.70
2010.07.14 02:38:35.178,1.722,1.7225,1.20,1.30
2010.07.14 02:38:35.820,1.722,1.7225,1.20,1.70
2010.07.14 02:38:43.232,1.722,1.7225,1.20,1.30
2010.07.14 02:38:43.380,1.722,1.72255,1.20,1.60
2010.07.14 02:38:47.758,1.722,1.7226,1.20,1.70
2010.07.14 02:38:47.889,1.72205,1.72265,1.30,1.60
2010.07.14 02:38:48.018,1.72205,1.7227,1.30,10.10
2010.07.14 02:38:48.308,1.7221,1.7227,1.00,10.10
2010.07.14 02:38:51.618,1.7221,1.7227,1.00,9.70
2010.07.14 02:38:51.768,1.7221,1.72255,1.00,1.60
2010.07.14 02:38:54.228,1.7221,1.7226,1.00,1.70
2010.07.14 02:38:54.819,1.7221,1.7226,1.00,1.30
2010.07.14 02:38:54.998,1.7221,1.7227,1.00,9.70
2010.07.14 02:39:01.808,1.7221,1.7227,1.70,2.00
2010.07.14 02:39:04.519,1.7221,1.72265,1.00,3.30
2010.07.14 02:39:06.019,1.72205,1.72265,1.00,3.30
2010.07.14 02:39:14.620,1.72205,1.72265,1.00,6.50
2010.07.14 02:39:14.710,1.72205,1.72265,1.00,9.70
2010.07.14 02:39:24.460,1.7221,1.72265,1.30,8.40
2010.07.14 02:39:25.128,1.7221,1.7227,1.30,4.80
2010.07.14 02:39:25.382,1.72215,1.7227,1.30,1.60
2010.07.14 02:39:26.998,1.7221,1.7227,1.00,1.60
2010.07.14 02:39:27.840,1.72205,1.72255,1.00,2.00
2010.07.14 02:39:37.933,1.7221,1.7226,1.30,1.00
2010.07.14 02:39:38.049,1.7221,1.7227,1.70,1.60
2010.07.14 02:39:38.289,1.72215,1.7227,1.30,1.60
2010.07.14 02:39:41.629,1.7222,1.7227,1.30,1.60
2010.07.14 02:39:41.749,1.7221,1.7227,1.00,2.90
2010.07.14 02:39:41.869,1.72205,1.72265,1.70,2.00
2010.07.14 02:39:42.109,1.72205,1.72265,1.70,3.60
2010.07.14 02:39:42.875,1.72205,1.72265,1.70,10.00
2010.07.14 02:39:45.848,1.72205,1.72265,1.00,11.30
2010.07.14 02:39:51.518,1.72195,1.7226,2.50,1.60
2010.07.14 02:40:03.227,1.72195,1.7226,3.10,1.60
2010.07.14 02:40:03.469,1.72195,1.7226,2.50,1.60
2010.07.14 02:40:04.011,1.72195,1.7226,3.10,1.60
2010.07.14 02:40:06.022,1.72205,1.7226,1.30,1.60
2010.07.14 02:40:06.829,1.72195,1.7226,2.50,1.60
2010.07.14 02:40:08.792,1.72195,1.7226,3.10,1.60
2010.07.14 02:40:08.900,1.72195,1.7226,2.50,1.60
2010.07.14 02:40:09.119,1.72195,1.7226,3.10,1.60
2010.07.14 02:40:23.388,1.72195,1.7226,1.20,3.70
2010.07.14 02:40:41.995,1.722,1.7226,1.30,2.40
2010.07.14 02:40:42.290,1.72195,1.7226,2.50,3.70
2010.07.14 02:40:45.854,1.72195,1.72245,1.20,1.60
2010.07.14 02:40:47.151,1.72205,1.7226,1.00,1.00
2010.07.14 02:40:47.861,1.72215,1.7227,1.20,1.60
2010.07.14 02:40:48.052,1.72225,1.7228,1.20,1.70
2010.07.14 02:40:48.240,1.72225,1.72285,1.20,2.90
2010.07.14 02:40:48.419,1.72225,1.72285,1.20,2.10
2010.07.14 02:40:52.630,1.7223,1.7229,1.20,1.00
2010.07.14 02:40:55.939,1.7223,1.72285,1.20,2.10
2010.07.14 02:40:56.219,1.7223,1.7229,1.20,1.00
2010.07.14 02:41:01.429,1.7223,1.72285,1.20,1.30
2010.07.14 02:41:01.639,1.7223,1.72285,1.20,2.10
2010.07.14 02:41:12.599,1.7223,1.7228,1.00,1.00
2010.07.14 02:41:13.154,1.7223,1.7228,1.00,1.70
2010.07.14 02:41:13.319,1.72225,1.7228,1.20,1.70
2010.07.14 02:41:37.609,1.72225,1.7229,1.20,6.10
2010.07.14 02:41:41.255,1.72225,1.7229,1.20,5.70
2010.07.14 02:42:07.039,1.72225,1.7229,2.50,5.70
2010.07.14 02:42:19.219,1.72225,1.7229,2.50,6.10
2010.07.14 02:42:21.089,1.72225,1.7229,1.20,5.70
2010.07.14 02:42:27.519,1.7223,1.7229,2.40,4.00
2010.07.14 02:42:27.809,1.7223,1.7229,2.40,1.00
2010.07.14 02:42:32.661,1.72225,1.7229,1.20,5.70
2010.07.14 02:42:47.579,1.72225,1.7229,1.20,2.50
2010.07.14 02:42:47.740,1.72225,1.72285,1.20,1.20
2010.07.14 02:42:47.899,1.72225,1.72285,1.20,2.50
2010.07.14 02:42:48.219,1.7222,1.72285,1.00,2.50
2010.07.14 02:42:50.373,1.72225,1.72285,1.30,4.00
2010.07.14 02:42:52.459,1.72225,1.72285,1.30,1.00
2010.07.14 02:42:53.828,1.72225,1.72285,1.30,4.00
2010.07.14 02:42:54.007,1.72225,1.72285,1.30,4.40
2010.07.14 02:42:54.249,1.7222,1.72285,1.00,5.70
2010.07.14 02:42:55.169,1.7222,1.72285,1.00,2.50
2010.07.14 02:42:57.689,1.7222,1.72285,1.00,5.70
2010.07.14 02:43:03.190,1.72225,1.72285,1.70,1.00
2010.07.14 02:43:06.101,1.72225,1.72285,4.90,1.00
2010.07.14 02:43:06.189,1.7223,1.72285,2.00,1.00
2010.07.14 02:43:06.870,1.7223,1.72285,1.00,1.00
2010.07.14 02:43:07.020,1.72225,1.72285,1.20,1.00
2010.07.14 02:43:07.170,1.7222,1.7228,1.20,1.70
2010.07.14 02:43:08.914,1.7222,1.72285,3.30,1.00
2010.07.14 02:43:09.148,1.7222,1.72285,4.90,1.00
2010.07.14 02:43:11.316,1.7222,1.72285,3.30,1.00
2010.07.14 02:43:17.878,1.7222,1.72285,4.90,1.00
2010.07.14 02:43:21.558,1.7222,1.72285,3.50,2.10
2010.07.14 02:43:21.799,1.7222,1.72285,2.80,2.50
2010.07.14 02:43:24.009,1.7222,1.72275,1.20,1.00
2010.07.14 02:43:24.249,1.7222,1.72275,1.20,1.70
2010.07.14 02:43:25.419,1.7222,1.7228,2.80,1.60
2010.07.14 02:43:47.829,1.7222,1.7228,1.20,1.60
2010.07.14 02:43:52.529,1.7222,1.7228,2.50,1.60
2010.07.14 02:44:07.907,1.7222,1.7228,1.20,1.60
2010.07.14 02:44:12.651,1.7222,1.7228,2.50,1.60
2010.07.14 02:44:13.929,1.7222,1.72285,2.50,2.90
2010.07.14 02:44:14.199,1.7222,1.72285,4.10,2.90
2010.07.14 02:44:15.504,1.7222,1.72285,2.50,2.90
2010.07.14 02:44:16.059,1.7222,1.72285,2.50,2.10
2010.07.14 02:44:20.380,1.7222,1.72285,1.20,2.90
2010.07.14 02:44:20.635,1.7222,1.72285,2.80,2.90
2010.07.14 02:44:21.825,1.7222,1.72285,1.20,2.90
2010.07.14 02:44:22.643,1.7222,1.72285,2.80,2.90
2010.07.14 02:44:33.848,1.7222,1.72285,1.20,2.90
2010.07.14 02:44:33.979,1.7222,1.72285,2.80,2.90
2010.07.14 02:44:35.561,1.7222,1.72275,2.80,2.10
2010.07.14 02:44:36.640,1.7222,1.72285,2.80,2.90
2010.07.14 02:44:55.666,1.7222,1.72285,2.80,2.10
2010.07.14 02:44:55.789,1.7222,1.72285,2.80,2.90
2010.07.14 02:44:55.840,1.7222,1.72285,4.10,2.90
2010.07.14 02:44:55.923,1.7222,1.72285,2.80,2.90
2010.07.14 02:44:56.186,1.7222,1.72285,1.20,2.90
2010.07.14 02:45:07.025,1.7222,1.72285,2.80,2.90
2010.07.14 02:45:07.189,1.7222,1.72285,2.80,2.10
2010.07.14 02:45:07.298,1.7222,1.72285,4.10,2.10
2010.07.14 02:45:07.660,1.7222,1.72285,2.80,2.90
2010.07.14 02:45:07.770,1.7222,1.72275,2.80,1.30
2010.07.14 02:45:08.635,1.7222,1.72275,2.80,2.10
2010.07.14 02:45:11.409,1.7222,1.72275,2.80,1.30
2010.07.14 02:45:11.649,1.7222,1.72285,1.20,2.10
2010.07.14 02:45:12.569,1.7222,1.72285,1.20,2.90
2010.07.14 02:45:13.528,1.7222,1.72285,1.20,2.10
2010.07.14 02:45:15.179,1.7222,1.7228,1.20,2.10
2010.07.14 02:45:15.309,1.7222,1.72285,2.50,2.10
2010.07.14 02:45:40.611,1.7222,1.72285,3.30,2.10
2010.07.14 02:45:40.632,1.72225,1.72285,1.20,1.00
2010.07.14 02:45:40.746,1.72225,1.7229,1.20,2.50
2010.07.14 02:45:40.937,1.72225,1.7229,2.80,2.50
2010.07.14 02:45:41.289,1.72225,1.7229,2.80,2.90
2010.07.14 02:45:42.259,1.7223,1.7229,2.40,2.90
2010.07.14 02:45:42.408,1.7223,1.7229,2.80,2.90
2010.07.14 02:45:42.558,1.7223,1.7229,2.80,2.50
2010.07.14 02:45:51.920,1.7223,1.7229,2.80,2.10
2010.07.14 02:46:11.560,1.7223,1.7228,2.80,1.30
2010.07.14 02:46:14.399,1.7223,1.7228,1.20,1.30
2010.07.14 02:46:16.021,1.72225,1.7227,1.00,1.30
2010.07.14 02:46:16.172,1.7222,1.72255,1.20,1.00
2010.07.14 02:46:19.132,1.7222,1.72255,1.20,1.70
2010.07.14 02:46:19.431,1.72205,1.72245,1.20,1.00
2010.07.14 02:46:20.899,1.72205,1.7224,1.20,1.00
2010.07.14 02:46:34.158,1.72205,1.7224,1.00,1.00
2010.07.14 02:46:34.375,1.722,1.7224,1.00,1.00
2010.07.14 02:46:41.552,1.722,1.72235,1.00,1.00
2010.07.14 02:46:51.813,1.722,1.72235,1.00,1.70
2010.07.14 02:46:52.230,1.722,1.72235,1.00,1.00
2010.07.14 02:46:53.851,1.722,1.72215,1.00,1.00
2010.07.14 02:46:54.191,1.72185,1.72215,1.20,1.00
2010.07.14 02:46:58.336,1.7219,1.7223,1.20,1.00
2010.07.14 02:47:00.659,1.7219,1.7224,1.20,1.70
2010.07.14 02:47:00.770,1.7219,1.7224,1.20,1.00
2010.07.14 02:47:01.404,1.722,1.7224,1.20,1.00
2010.07.14 02:47:17.454,1.72195,1.7223,1.00,1.00
2010.07.14 02:47:30.387,1.7218,1.7223,1.90,1.00
2010.07.14 02:47:30.490,1.7218,1.72225,1.90,1.00
2010.07.14 02:47:32.200,1.7219,1.72225,1.20,1.00
2010.07.14 02:47:41.135,1.7219,1.7223,1.20,1.00
2010.07.14 02:47:42.531,1.722,1.7223,1.00,1.00
2010.07.14 02:47:42.781,1.7219,1.7223,1.00,1.00
2010.07.14 02:47:44.931,1.7218,1.7223,1.00,1.00
2010.07.14 02:47:46.529,1.72175,1.7223,3.30,1.00
2010.07.14 02:47:47.930,1.72175,1.7223,2.00,1.00
2010.07.14 02:47:49.513,1.72175,1.7223,1.00,1.00
2010.07.14 02:47:50.181,1.72175,1.7223,1.00,1.00
2010.07.14 02:47:50.320,1.72175,1.7223,1.20,1.00
2010.07.14 02:47:51.190,1.7218,1.7223,1.30,1.00
2010.07.14 02:47:51.649,1.72185,1.7223,1.00,1.00
2010.07.14 02:47:53.561,1.7219,1.7224,1.20,1.00
2010.07.14 02:47:54.709,1.7219,1.7224,2.50,1.00
2010.07.14 02:47:56.320,1.72195,1.7224,1.30,1.00
2010.07.14 02:47:56.559,1.72195,1.7224,3.30,1.00
2010.07.14 02:47:59.630,1.722,1.7224,1.00,1.00
2010.07.14 02:47:59.699,1.72205,1.7224,1.30,1.00
2010.07.14 02:48:01.191,1.72205,1.7225,1.30,1.00
2010.07.14 02:48:14.087,1.7221,1.7225,1.30,1.00
2010.07.14 02:48:21.168,1.7221,1.72255,1.30,1.00
2010.07.14 02:48:31.404,1.7221,1.7226,1.30,1.00
2010.07.14 02:48:37.841,1.722,1.7225,2.50,1.00
2010.07.14 02:48:38.920,1.722,1.7225,1.30,1.00
2010.07.14 02:48:39.149,1.72195,1.7225,1.20,1.00
2010.07.14 02:48:41.149,1.72195,1.7224,1.20,1.00
2010.07.14 02:48:55.109,1.72195,1.7224,1.00,1.00
2010.07.14 02:48:55.740,1.7219,1.7224,1.30,1.00
2010.07.14 02:49:01.891,1.7219,1.7224,1.30,1.20
2010.07.14 02:49:02.161,1.7218,1.72225,1.70,1.00
2010.07.14 02:49:05.411,1.7218,1.72225,1.30,1.00
2010.07.14 02:49:05.749,1.7218,1.72235,1.30,1.00
2010.07.14 02:49:05.851,1.7219,1.72235,1.30,1.00
2010.07.14 02:49:05.949,1.722,1.72235,1.30,1.00
2010.07.14 02:49:06.530,1.722,1.7224,1.30,1.00
2010.07.14 02:49:06.871,1.7219,1.7224,1.30,1.00
2010.07.14 02:49:10.214,1.722,1.7224,1.30,1.00
2010.07.14 02:49:10.463,1.7219,1.7224,1.30,1.00
2010.07.14 02:49:11.350,1.7219,1.72235,1.30,1.00
2010.07.14 02:49:12.831,1.722,1.72235,1.30,1.00
2010.07.14 02:49:19.846,1.7219,1.72235,2.50,1.00
2010.07.14 02:49:20.001,1.722,1.72235,1.30,1.00
2010.07.14 02:49:20.160,1.722,1.7225,1.30,1.00
2010.07.14 02:49:21.023,1.72205,1.7225,1.00,1.00
2010.07.14 02:49:21.521,1.72195,1.7225,1.00,1.00
2010.07.14 02:49:22.040,1.722,1.7225,1.30,1.00
2010.07.14 02:49:22.300,1.722,1.72235,1.30,1.00
2010.07.14 02:49:23.870,1.7219,1.72235,2.50,1.00
2010.07.14 02:49:24.619,1.7219,1.7224,2.50,1.00
2010.07.14 02:49:25.491,1.7219,1.7224,5.70,1.00
2010.07.14 02:49:26.645,1.722,1.7224,1.00,1.00
2010.07.14 02:49:28.280,1.722,1.72245,1.00,1.00
2010.07.14 02:49:29.189,1.72195,1.72245,1.00,1.00
2010.07.14 02:49:29.359,1.7219,1.72245,1.20,1.00
2010.07.14 02:49:31.226,1.7219,1.72245,2.50,1.00
2010.07.14 02:49:31.899,1.7219,1.72245,1.20,1.70
2010.07.14 02:49:32.242,1.722,1.7223,1.30,1.00
2010.07.14 02:49:33.043,1.722,1.72245,1.30,1.00
2010.07.14 02:49:34.234,1.72195,1.72245,1.20,1.00
2010.07.14 02:49:34.879,1.72195,1.72245,1.00,1.70
2010.07.14 02:49:34.993,1.7219,1.72235,1.20,1.00
2010.07.14 02:49:36.850,1.7219,1.7223,1.20,1.00
2010.07.14 02:49:37.050,1.72195,1.7223,1.20,1.00
2010.07.14 02:49:37.731,1.72205,1.72245,1.20,1.00
2010.07.14 02:49:38.032,1.72205,1.7226,1.20,1.00
2010.07.14 02:49:38.330,1.72215,1.7226,1.20,1.00
2010.07.14 02:49:40.584,1.72215,1.72245,1.20,1.30
2010.07.14 02:49:41.183,1.72195,1.72245,1.20,1.70
2010.07.14 02:49:41.505,1.7219,1.7224,1.20,1.70
2010.07.14 02:49:43.674,1.72195,1.7224,1.20,1.00
2010.07.14 02:49:44.080,1.72195,1.7224,1.20,1.70
2010.07.14 02:49:44.280,1.72195,1.7224,1.20,1.00
2010.07.14 02:49:45.850,1.72195,1.7225,1.20,1.00
2010.07.14 02:49:46.360,1.72195,1.7224,1.20,1.00
2010.07.14 02:49:46.500,1.72195,1.7224,1.20,1.70
2010.07.14 02:49:46.641,1.7219,1.72235,1.20,1.00
2010.07.14 02:49:46.779,1.7219,1.72235,1.00,1.00
2010.07.14 02:49:47.416,1.72185,1.72235,1.20,1.00
2010.07.14 02:49:47.751,1.72195,1.7225,6.40,1.20
2010.07.14 02:49:48.093,1.7219,1.72245,1.20,1.30
2010.07.14 02:49:48.280,1.7219,1.7225,1.20,1.00
2010.07.14 02:49:49.165,1.7219,1.72245,1.20,1.30
2010.07.14 02:49:49.601,1.72185,1.72245,1.20,1.30
2010.07.14 02:49:49.820,1.72185,1.72235,1.20,1.00
2010.07.14 02:49:50.041,1.7218,1.72225,1.00,1.00
2010.07.14 02:49:54.640,1.72175,1.72225,1.00,1.00
2010.07.14 02:49:56.189,1.72165,1.72225,1.20,1.20
2010.07.14 02:49:56.330,1.72165,1.7221,1.20,1.00
2010.07.14 02:49:57.310,1.7217,1.72225,3.60,1.20
2010.07.14 02:50:00.640,1.7217,1.72225,2.30,1.20
2010.07.14 02:50:00.696,1.7217,1.72225,1.00,1.20
2010.07.14 02:50:00.718,1.72165,1.72225,7.60,1.20
2010.07.14 02:50:00.730,1.72165,1.7221,7.60,1.00
2010.07.14 02:50:01.266,1.7217,1.7221,1.00,1.00
2010.07.14 02:50:01.286,1.7217,1.7221,1.20,1.00
2010.07.14 02:50:02.449,1.7217,1.72225,1.20,1.00
2010.07.14 02:50:04.738,1.72175,1.72225,1.00,1.00
2010.07.14 02:50:04.862,1.72175,1.72225,1.20,1.00
2010.07.14 02:50:07.789,1.72175,1.72225,2.80,1.00
2010.07.14 02:50:07.989,1.72175,1.7224,2.80,2.00
2010.07.14 02:50:09.829,1.72175,1.7224,2.80,3.30
2010.07.14 02:50:10.099,1.72175,1.7224,1.20,3.30
2010.07.14 02:50:10.439,1.7218,1.7224,1.20,1.70
2010.07.14 02:50:11.870,1.7218,1.72235,1.20,1.00
2010.07.14 02:50:14.309,1.7218,1.7223,1.20,1.30
2010.07.14 02:50:15.286,1.7218,1.7222,1.20,1.70
2010.07.14 02:50:15.492,1.7218,1.7222,1.20,1.00
2010.07.14 02:50:16.682,1.7218,1.7222,1.20,1.70
2010.07.14 02:50:17.022,1.7218,1.7222,1.20,1.00
2010.07.14 02:50:17.622,1.7218,1.7223,1.20,1.00
2010.07.14 02:50:18.491,1.7219,1.7223,1.00,2.10
2010.07.14 02:50:19.709,1.7219,1.7222,1.00,1.70
2010.07.14 02:50:19.940,1.7218,1.7222,1.20,1.70
2010.07.14 02:50:21.155,1.7218,1.7222,1.00,1.70
2010.07.14 02:50:21.289,1.72175,1.7222,1.20,1.70
2010.07.14 02:50:22.070,1.7217,1.7222,1.00,1.70
2010.07.14 02:50:24.659,1.7217,1.7221,1.00,1.30
2010.07.14 02:50:24.879,1.7217,1.72205,1.00,1.00
2010.07.14 02:50:27.292,1.7216,1.72205,1.00,1.00
2010.07.14 02:50:27.550,1.7216,1.7222,1.00,1.00
2010.07.14 02:50:27.700,1.72165,1.7222,1.20,1.00
2010.07.14 02:50:28.449,1.72175,1.7222,1.20,1.00
2010.07.14 02:50:31.329,1.72175,1.7223,1.20,1.70
2010.07.14 02:50:36.171,1.7218,1.7223,1.00,1.00
2010.07.14 02:50:36.371,1.7218,1.7223,1.20,1.70
2010.07.14 02:50:38.049,1.7218,1.7223,1.20,1.00
2010.07.14 02:50:38.261,1.7218,1.7223,1.00,1.00
2010.07.14 02:50:39.190,1.7218,1.7223,1.20,1.70
2010.07.14 02:50:39.870,1.7218,1.7223,1.20,1.00
2010.07.14 02:50:41.529,1.7218,1.72235,1.20,1.00
2010.07.14 02:50:43.767,1.72185,1.72235,1.20,1.00
2010.07.14 02:50:44.730,1.72185,1.72235,2.80,1.00
2010.07.14 02:50:45.461,1.7219,1.72235,1.20,1.70
2010.07.14 02:50:45.661,1.7219,1.7223,1.20,1.30
2010.07.14 02:50:46.080,1.7219,1.72235,1.20,1.70
2010.07.14 02:50:46.690,1.7219,1.7223,1.20,1.30
2010.07.14 02:50:47.401,1.7219,1.7223,1.20,1.70
2010.07.14 02:50:52.631,1.7219,1.7223,1.20,1.00
2010.07.14 02:50:52.929,1.7219,1.72235,1.20,1.70
2010.07.14 02:50:55.701,1.7219,1.7223,1.20,1.70
2010.07.14 02:51:09.259,1.7219,1.7223,1.20,1.00
2010.07.14 02:51:09.389,1.7219,1.72235,1.20,1.70
2010.07.14 02:51:11.570,1.7219,1.7223,1.20,1.70
2010.07.14 02:51:12.730,1.7219,1.7222,1.20,1.30
2010.07.14 02:51:12.871,1.72185,1.7222,1.20,1.70
2010.07.14 02:51:13.485,1.72185,1.7222,1.20,1.00
2010.07.14 02:51:13.724,1.72185,1.7223,1.20,1.70
2010.07.14 02:51:20.080,1.72185,1.7223,1.20,1.00
2010.07.14 02:51:20.180,1.72185,1.72235,1.60,1.30
2010.07.14 02:51:20.280,1.72185,1.72235,4.80,1.30
2010.07.14 02:51:20.862,1.72195,1.72235,1.00,1.30
2010.07.14 02:51:20.962,1.722,1.72245,1.00,1.30
2010.07.14 02:51:26.779,1.722,1.72245,1.00,1.30
2010.07.14 02:51:26.940,1.722,1.72255,4.00,1.30
2010.07.14 02:51:27.100,1.72205,1.72265,1.20,3.30
2010.07.14 02:51:27.260,1.72205,1.72265,1.20,1.70
2010.07.14 02:51:27.420,1.72215,1.72265,1.20,1.70
2010.07.14 02:51:32.390,1.72215,1.7227,1.20,1.30
2010.07.14 02:51:32.882,1.7222,1.7227,1.00,1.30
2010.07.14 02:51:33.140,1.72225,1.7227,1.00,1.30
2010.07.14 02:51:39.279,1.72225,1.72265,1.00,1.00
2010.07.14 02:51:39.480,1.72215,1.7226,1.20,1.30
2010.07.14 02:51:39.681,1.72215,1.7225,1.20,1.30
2010.07.14 02:51:40.451,1.7221,1.7225,1.20,1.30
2010.07.14 02:51:47.120,1.7221,1.72245,1.00,1.30
2010.07.14 02:51:47.240,1.722,1.72245,1.20,1.30
2010.07.14 02:51:48.121,1.722,1.7225,1.20,1.70
2010.07.14 02:51:50.390,1.722,1.72245,1.20,1.00
2010.07.14 02:51:50.470,1.722,1.72245,1.20,1.70
2010.07.14 02:51:57.211,1.722,1.7225,1.20,1.70
2010.07.14 02:51:59.129,1.722,1.72245,1.20,1.30
2010.07.14 02:52:01.242,1.72195,1.72235,1.20,1.30
2010.07.14 02:52:01.411,1.72195,1.72245,1.20,1.30
2010.07.14 02:52:01.751,1.72195,1.7225,1.20,1.90
2010.07.14 02:52:02.271,1.7219,1.7225,1.20,1.90
2010.07.14 02:52:13.640,1.72185,1.7224,1.00,1.90
2010.07.14 02:52:14.924,1.72195,1.7224,1.20,1.00
2010.07.14 02:52:14.951,1.72195,1.7225,1.20,1.90
2010.07.14 02:52:17.505,1.72195,1.7225,1.20,1.00
2010.07.14 02:52:17.650,1.72195,1.7226,1.20,6.70
2010.07.14 02:52:21.531,1.72195,1.7226,1.20,3.50
2010.07.14 02:52:22.500,1.722,1.7226,2.50,1.00
2010.07.14 02:52:22.820,1.722,1.72265,3.10,1.60
2010.07.14 02:52:25.449,1.722,1.7226,1.70,1.30
2010.07.14 02:52:26.131,1.722,1.7226,1.20,1.90
2010.07.14 02:52:32.241,1.722,1.7225,1.20,1.90
2010.07.14 02:52:59.371,1.722,1.7226,1.20,1.90
2010.07.14 02:53:02.711,1.722,1.7225,1.20,1.90
2010.07.14 02:53:09.822,1.72185,1.7222,3.20,1.90
2010.07.14 02:53:10.000,1.72185,1.7222,1.60,1.90
2010.07.14 02:53:10.585,1.7217,1.7222,1.20,1.90
2010.07.14 02:53:11.931,1.7217,1.7223,1.20,1.90
2010.07.14 02:53:14.301,1.7216,1.72225,3.10,1.60
2010.07.14 02:53:16.795,1.7217,1.7223,1.00,2.70
2010.07.14 02:53:20.750,1.72175,1.7223,1.00,1.90
2010.07.14 02:53:22.682,1.72175,1.72235,1.00,5.70
2010.07.14 02:53:23.022,1.72175,1.72235,1.00,2.50
2010.07.14 02:53:39.510,1.72175,1.72225,1.00,1.70
2010.07.14 02:53:53.489,1.72175,1.7222,1.00,1.60
2010.07.14 02:53:55.461,1.72175,1.72235,1.00,2.50
2010.07.14 02:54:07.520,1.72175,1.7223,1.00,1.30
2010.07.14 02:54:07.631,1.72175,1.7223,1.00,1.70
2010.07.14 02:54:07.741,1.7217,1.7223,1.00,2.50
2010.07.14 02:54:08.379,1.7217,1.7223,1.00,2.50
2010.07.14 02:54:32.056,1.7217,1.72225,1.00,1.00
2010.07.14 02:54:32.259,1.7216,1.72225,3.10,1.60
2010.07.14 02:54:32.936,1.72165,1.7222,1.00,1.70
2010.07.14 02:54:33.143,1.7217,1.7223,1.90,1.60
2010.07.14 02:54:34.990,1.72165,1.7223,4.80,3.30
2010.07.14 02:54:35.671,1.72165,1.7223,1.60,3.30
2010.07.14 02:54:39.270,1.7217,1.7223,1.30,2.00
2010.07.14 02:54:39.420,1.7217,1.7223,1.30,3.60
2010.07.14 02:54:40.210,1.7217,1.7223,1.90,3.20
2010.07.14 02:54:41.231,1.7217,1.7223,1.00,4.50
2010.07.14 02:54:41.361,1.72165,1.7223,1.60,3.30
2010.07.14 02:54:44.401,1.7217,1.7223,1.90,1.60
2010.07.14 02:54:44.580,1.72175,1.72235,1.00,1.00
2010.07.14 02:54:47.143,1.7218,1.7224,1.00,2.50
2010.07.14 02:54:51.757,1.7218,1.7224,1.00,2.10
2010.07.14 02:54:51.799,1.7218,1.7224,2.30,1.00
2010.07.14 02:54:52.451,1.7218,1.7224,1.00,2.50
2010.07.14 02:54:55.551,1.7218,1.7224,2.30,1.00
2010.07.14 02:54:56.000,1.7219,1.7224,1.00,1.00
2010.07.14 02:54:56.149,1.7219,1.7225,1.20,2.50
2010.07.14 02:55:09.421,1.7219,1.7224,1.20,1.30
2010.07.14 02:55:09.630,1.7219,1.7224,1.20,1.70
2010.07.14 02:55:10.212,1.7219,1.7224,1.00,1.70
2010.07.14 02:55:10.420,1.72185,1.7224,1.00,1.70
2010.07.14 02:55:14.430,1.7218,1.72235,1.00,1.00
2010.07.14 02:55:14.641,1.7218,1.72235,1.00,1.90
2010.07.14 02:55:16.870,1.7219,1.72235,2.00,1.30
2010.07.14 02:55:17.060,1.7219,1.7224,2.00,1.00
2010.07.14 02:55:17.714,1.7219,1.7224,3.60,1.00
2010.07.14 02:55:17.933,1.7219,1.7224,4.00,1.00
2010.07.14 02:55:18.640,1.7219,1.72245,4.00,2.70
2010.07.14 02:55:19.970,1.7219,1.7224,4.00,3.20
2010.07.14 02:55:20.001,1.7219,1.72235,3.60,1.90
2010.07.14 02:55:20.268,1.7219,1.72235,2.00,1.90
2010.07.14 02:55:20.300,1.7219,1.72235,1.00,1.90
2010.07.14 02:55:33.143,1.72205,1.7224,1.00,1.00
2010.07.14 02:55:33.340,1.72205,1.7225,1.00,2.90
2010.07.14 02:55:35.677,1.72195,1.7224,1.00,1.00
2010.07.14 02:55:35.762,1.72195,1.7223,1.00,1.60
2010.07.14 02:55:36.001,1.72185,1.72225,1.00,1.90
2010.07.14 02:55:38.309,1.72185,1.72225,1.00,2.70
2010.07.14 02:55:40.899,1.72185,1.7222,1.00,1.30
2010.07.14 02:55:41.442,1.7217,1.7222,1.00,1.90
2010.07.14 02:55:51.793,1.72175,1.7222,1.00,1.90
2010.07.14 02:55:59.351,1.7219,1.72235,1.00,1.60
2010.07.14 02:55:59.631,1.7219,1.7224,1.00,3.50
2010.07.14 02:56:00.194,1.7219,1.7223,1.00,1.30
2010.07.14 02:56:00.321,1.7219,1.7223,1.00,2.10
2010.07.14 02:56:00.451,1.7219,1.7223,1.00,2.70
2010.07.14 02:56:00.581,1.7219,1.7223,1.00,2.10
2010.07.14 02:56:00.860,1.7219,1.7223,1.00,1.00
2010.07.14 02:56:01.960,1.7218,1.7223,1.00,1.00
2010.07.14 02:56:11.046,1.72185,1.7223,1.00,1.00
2010.07.14 02:56:14.471,1.72185,1.7224,1.00,1.00
2010.07.14 02:56:14.620,1.72195,1.72245,1.00,1.60
2010.07.14 02:56:14.920,1.72195,1.72245,1.00,1.00
2010.07.14 02:56:16.009,1.72195,1.7224,1.00,1.60
2010.07.14 02:56:17.900,1.72195,1.72245,1.00,1.70
2010.07.14 02:56:19.000,1.72195,1.7225,1.00,1.00
2010.07.14 02:56:21.831,1.72205,1.72245,1.00,1.70
2010.07.14 02:56:22.630,1.72205,1.72245,1.00,3.30
2010.07.14 02:56:22.881,1.7219,1.72235,1.00,1.70
2010.07.14 02:56:23.382,1.7219,1.7223,1.00,1.90
2010.07.14 02:56:24.622,1.7219,1.7224,1.00,3.50
2010.07.14 02:56:25.731,1.7219,1.7223,1.00,1.90
2010.07.14 02:56:31.301,1.72185,1.7223,1.00,1.90
2010.07.14 02:56:38.641,1.72185,1.72225,1.00,1.70
2010.07.14 02:56:46.330,1.7217,1.72225,1.20,1.70
2010.07.14 02:56:52.570,1.7217,1.72215,1.20,1.30
2010.07.14 02:56:52.801,1.72165,1.72205,1.20,3.20
2010.07.14 02:56:54.881,1.72165,1.72215,1.20,3.20
2010.07.14 02:56:56.032,1.72165,1.72215,1.20,4.50
2010.07.14 02:56:56.090,1.72165,1.7221,1.20,3.20
2010.07.14 02:56:56.141,1.72165,1.72205,1.20,3.20
2010.07.14 02:56:58.751,1.72165,1.7221,1.20,3.20
2010.07.14 02:57:01.814,1.72165,1.7222,1.20,1.70
2010.07.14 02:57:02.741,1.72165,1.72215,1.20,1.30
2010.07.14 02:57:03.570,1.72165,1.7221,1.20,1.70
2010.07.14 02:57:04.452,1.7216,1.7222,1.20,1.00
2010.07.14 02:57:06.021,1.7216,1.7222,1.70,1.00
2010.07.14 02:57:06.110,1.7216,1.7222,3.10,1.00
2010.07.14 02:57:06.201,1.72165,1.7223,1.20,3.90
2010.07.14 02:57:09.361,1.72165,1.72225,1.20,1.30
2010.07.14 02:57:09.531,1.72165,1.72215,1.00,1.00
2010.07.14 02:57:09.701,1.7215,1.722,1.20,1.90
2010.07.14 02:57:17.290,1.72145,1.722,1.20,1.90
2010.07.14 02:57:17.661,1.7214,1.72195,1.20,1.90
2010.07.14 02:57:20.452,1.7214,1.72195,1.20,1.70
2010.07.14 02:57:20.580,1.7214,1.722,1.20,2.50
2010.07.14 02:57:21.060,1.7214,1.722,1.60,2.70
2010.07.14 02:57:21.150,1.7214,1.722,1.60,1.90
2010.07.14 02:57:21.980,1.72145,1.722,1.20,1.90
2010.07.14 02:57:23.160,1.72155,1.722,1.00,1.90
2010.07.14 02:57:23.410,1.72155,1.722,1.00,1.30
2010.07.14 02:57:23.661,1.72155,1.7221,1.00,1.90
2010.07.14 02:57:31.940,1.7216,1.7222,1.20,1.90
2010.07.14 02:57:42.919,1.7216,1.7221,1.20,1.30
2010.07.14 02:57:43.263,1.7216,1.7221,1.20,1.90
2010.07.14 02:57:47.041,1.7216,1.722,1.20,1.90
2010.07.14 02:57:47.701,1.72155,1.722,1.20,1.90
2010.07.14 02:57:53.210,1.72155,1.722,1.20,1.00
2010.07.14 02:57:53.431,1.72155,1.7221,1.20,1.90
2010.07.14 02:57:54.660,1.72165,1.7221,1.00,1.90
2010.07.14 02:57:57.222,1.72165,1.7222,1.00,3.50
2010.07.14 02:58:05.452,1.72165,1.7222,1.00,1.90
2010.07.14 02:58:05.612,1.72165,1.72225,1.00,1.60
2010.07.14 02:58:08.390,1.72165,1.7222,1.00,2.90
2010.07.14 02:58:08.510,1.72165,1.7222,1.00,3.50
2010.07.14 02:58:14.021,1.72165,1.7221,1.00,1.30
2010.07.14 02:58:14.200,1.72165,1.7221,1.00,1.90
2010.07.14 02:58:41.420,1.72165,1.7221,1.00,1.30
2010.07.14 02:58:41.632,1.72165,1.72215,1.00,1.90
2010.07.14 02:58:48.701,1.72165,1.72225,1.00,5.10
2010.07.14 02:58:50.911,1.72165,1.72225,1.00,3.50
2010.07.14 02:58:53.897,1.72165,1.72215,1.00,1.30
2010.07.14 02:58:54.233,1.72165,1.72215,1.00,1.90
2010.07.14 02:58:57.551,1.72165,1.72205,1.00,1.00
2010.07.14 02:58:57.720,1.72165,1.72205,1.00,1.90
2010.07.14 02:59:02.731,1.72165,1.72215,1.00,2.30
2010.07.14 02:59:02.850,1.72165,1.72215,1.00,1.90
2010.07.14 02:59:11.919,1.72165,1.72215,1.00,1.30
2010.07.14 02:59:12.030,1.72165,1.72225,1.00,3.50
2010.07.14 02:59:12.910,1.72165,1.72225,1.00,5.10
2010.07.14 02:59:29.982,1.72155,1.72215,1.60,1.90
2010.07.14 02:59:37.982,1.72155,1.72205,1.20,1.90
2010.07.14 02:59:38.771,1.7215,1.72205,1.20,1.90
2010.07.14 02:59:40.240,1.7215,1.72205,1.00,2.70
2010.07.14 02:59:40.934,1.7213,1.72195,7.70,1.70
2010.07.14 02:59:41.650,1.7213,1.72195,7.70,1.30
2010.07.14 02:59:47.710,1.7213,1.7219,7.70,1.60
2010.07.14 02:59:47.930,1.7213,1.7219,9.30,1.60
2010.07.14 02:59:48.371,1.7213,1.7219,1.30,1.60
2010.07.14 02:59:51.600,1.7213,1.7219,1.30,2.10
2010.07.14 02:59:51.890,1.72125,1.7219,4.80,2.10
