2013.06.10 17:00:00.068,1.6452,1.64549,1.50,1.32
2013.06.10 17:00:00.126,1.64523,1.64549,1.50,1.32
2013.06.10 17:00:00.187,1.64522,1.64549,1.50,1.32
2013.06.10 17:00:00.247,1.64522,1.64554,2.25,1.47
2013.06.10 17:00:00.946,1.64521,1.6455,2.25,1.32
2013.06.10 17:00:01.368,1.64521,1.6455,2.25,1.13
2013.06.10 17:00:01.426,1.64532,1.64551,1.13,1.50
2013.06.10 17:00:01.547,1.64532,1.64558,1.13,1.88
2013.06.10 17:00:01.606,1.64523,1.64557,2.07,1.13
2013.06.10 17:00:01.728,1.64522,1.64549,1.88,1.13
2013.06.10 17:00:01.846,1.6452,1.64549,1.69,1.13
2013.06.10 17:00:01.966,1.64515,1.64548,1.69,2.97
2013.06.10 17:00:02.206,1.64501,1.64533,1.32,2.25
2013.06.10 17:00:02.267,1.64505,1.64533,1.69,1.88
2013.06.10 17:00:02.486,1.64505,1.64533,1.69,2.25
2013.06.10 17:00:02.567,1.64504,1.64533,1.69,1.88
2013.06.10 17:00:02.746,1.64504,1.64533,1.50,2.07
2013.06.10 17:00:02.807,1.64501,1.64533,1.50,2.07
2013.06.10 17:00:02.866,1.64504,1.64533,1.50,2.07
2013.06.10 17:00:03.656,1.64504,1.64538,3.38,2.44
2013.06.10 17:00:04.136,1.64506,1.64541,1.32,1.32
2013.06.10 17:00:05.157,1.64509,1.64541,1.69,1.13
2013.06.10 17:00:05.218,1.64512,1.64541,1.13,1.13
2013.06.10 17:00:05.576,1.64514,1.6455,2.07,1.50
2013.06.10 17:00:06.177,1.64516,1.64554,2.44,2.44
2013.06.10 17:00:07.316,1.64514,1.64549,3.00,1.32
2013.06.10 17:00:09.646,1.64511,1.64545,1.13,1.32
2013.06.10 17:00:09.771,1.64507,1.64541,2.25,2.07
2013.06.10 17:00:09.896,1.64507,1.64539,1.50,1.32
2013.06.10 17:00:10.076,1.64501,1.64536,3.19,1.32
2013.06.10 17:00:10.256,1.64501,1.64536,3.19,1.32
2013.06.10 17:00:10.797,1.64501,1.64539,2.44,1.32
2013.06.10 17:00:11.056,1.64502,1.6454,1.69,2.07
2013.06.10 17:00:11.666,1.64503,1.6454,2.44,2.07
2013.06.10 17:00:13.088,1.64502,1.64538,1.69,2.07
2013.06.10 17:00:13.208,1.64502,1.64538,1.69,2.07
2013.06.10 17:00:14.108,1.64502,1.6454,3.19,1.65
2013.06.10 17:00:14.462,1.64501,1.6453,1.50,1.32
2013.06.10 17:00:14.586,1.64493,1.64531,3.00,3.57
2013.06.10 17:00:14.909,1.64495,1.64531,2.25,3.57
2013.06.10 17:00:15.156,1.64495,1.64531,1.50,3.19
2013.06.10 17:00:16.026,1.64494,1.64531,1.69,2.25
2013.06.10 17:00:16.146,1.64498,1.64531,1.69,1.13
2013.06.10 17:00:16.268,1.64502,1.64539,2.25,1.32
2013.06.10 17:00:17.476,1.64502,1.64539,2.25,1.32
2013.06.10 17:00:18.141,1.64502,1.6454,2.44,2.07
2013.06.10 17:00:18.506,1.64502,1.6454,2.44,2.07
2013.06.10 17:00:18.687,1.64506,1.6454,1.50,1.32
2013.06.10 17:00:19.046,1.64506,1.64538,2.25,1.69
2013.06.10 17:00:19.586,1.645,1.64537,1.69,2.07
2013.06.10 17:00:19.887,1.64511,1.64539,1.50,1.32
2013.06.10 17:00:20.188,1.64512,1.64548,1.50,1.32
2013.06.10 17:00:20.666,1.64514,1.64548,1.88,1.13
2013.06.10 17:00:20.967,1.64515,1.64552,2.44,1.32
2013.06.10 17:00:21.576,1.64515,1.64552,3.38,1.32
2013.06.10 17:00:21.776,1.64517,1.64553,1.69,1.69
2013.06.10 17:00:22.417,1.64517,1.64553,1.69,1.69
2013.06.10 17:00:22.777,1.64519,1.64557,3.94,2.07
2013.06.10 17:00:22.958,1.64528,1.64557,1.69,1.88
2013.06.10 17:00:23.018,1.64528,1.64557,1.69,1.88
2013.06.10 17:00:23.556,1.64531,1.64568,2.44,2.82
2013.06.10 17:00:24.096,1.64531,1.64568,2.44,3.57
2013.06.10 17:00:24.604,1.64531,1.64564,1.69,1.13
2013.06.10 17:00:25.747,1.64531,1.64568,2.44,2.82
2013.06.10 17:00:26.733,1.64531,1.64568,2.44,2.63
2013.06.10 17:00:26.997,1.64531,1.64568,2.25,2.82
2013.06.10 17:00:28.817,1.64531,1.64563,2.25,1.32
2013.06.10 17:00:28.876,1.64531,1.64563,2.25,1.32
2013.06.10 17:00:28.936,1.64531,1.64563,2.25,1.13
2013.06.10 17:00:29.462,1.64531,1.64565,2.25,1.32
2013.06.10 17:00:32.446,1.64529,1.64564,2.44,1.32
2013.06.10 17:00:33.816,1.64528,1.64564,1.69,1.32
2013.06.10 17:00:34.697,1.64527,1.64564,2.44,2.07
2013.06.10 17:00:35.956,1.64526,1.64564,3.94,2.07
2013.06.10 17:00:36.076,1.64526,1.64564,2.44,2.07
2013.06.10 17:00:36.767,1.64526,1.64564,2.44,2.07
2013.06.10 17:00:38.826,1.64526,1.64564,2.44,2.07
2013.06.10 17:00:39.525,1.64526,1.64564,3.00,2.82
2013.06.10 17:00:40.436,1.64528,1.64564,1.50,2.07
2013.06.10 17:00:41.167,1.64528,1.64564,3.00,2.82
2013.06.10 17:00:43.497,1.64528,1.64564,3.00,1.88
2013.06.10 17:00:44.078,1.64531,1.64564,2.25,1.13
2013.06.10 17:00:44.756,1.64527,1.64562,1.50,1.32
2013.06.10 17:00:44.938,1.64532,1.64565,1.50,1.69
2013.06.10 17:00:44.998,1.64532,1.64565,2.25,1.69
2013.06.10 17:00:45.357,1.64547,1.64566,1.69,1.50
2013.06.10 17:00:45.716,1.64552,1.64569,2.44,1.50
2013.06.10 17:00:45.838,1.64552,1.64585,2.44,2.25
2013.06.10 17:00:45.907,1.64552,1.64585,2.44,2.25
2013.06.10 17:00:46.028,1.6456,1.64588,1.50,2.25
2013.06.10 17:00:46.147,1.64565,1.64589,1.50,1.50
2013.06.10 17:00:46.688,1.64565,1.64592,1.69,1.50
2013.06.10 17:00:47.197,1.64565,1.64591,1.50,1.50
2013.06.10 17:00:47.817,1.64562,1.64591,2.25,1.50
2013.06.10 17:00:47.876,1.64562,1.64593,2.25,1.69
2013.06.10 17:00:48.417,1.64562,1.64592,1.50,1.50
2013.06.10 17:00:48.943,1.64557,1.64591,1.69,1.50
2013.06.10 17:00:49.426,1.64557,1.64591,1.50,1.69
2013.06.10 17:00:49.486,1.64556,1.64591,1.50,2.44
2013.06.10 17:00:50.018,1.64555,1.64591,1.50,2.44
2013.06.10 17:00:50.536,1.64554,1.64588,1.50,1.32
2013.06.10 17:00:50.896,1.64549,1.64587,3.19,2.07
2013.06.10 17:00:50.956,1.64549,1.64585,1.69,2.07
2013.06.10 17:00:51.016,1.64549,1.64579,1.69,1.13
2013.06.10 17:00:51.257,1.64549,1.64579,1.50,1.32
2013.06.10 17:00:52.296,1.64545,1.64579,2.63,1.32
2013.06.10 17:00:52.417,1.64545,1.64577,2.63,1.32
2013.06.10 17:00:52.597,1.64545,1.64578,2.44,1.32
2013.06.10 17:00:52.777,1.64547,1.64578,1.50,1.32
2013.06.10 17:00:52.898,1.64546,1.64578,2.44,1.32
2013.06.10 17:00:53.019,1.64548,1.6458,1.50,1.32
2013.06.10 17:00:53.138,1.64542,1.6458,1.50,2.07
2013.06.10 17:00:53.257,1.64538,1.64573,1.69,1.32
2013.06.10 17:00:53.797,1.64542,1.64573,1.50,1.32
2013.06.10 17:00:53.857,1.64542,1.64577,1.50,1.13
2013.06.10 17:00:54.337,1.64544,1.64578,1.50,1.88
2013.06.10 17:00:54.697,1.64539,1.6457,2.25,1.32
2013.06.10 17:00:54.999,1.64546,1.64575,2.25,1.32
2013.06.10 17:00:55.059,1.64546,1.64584,3.75,3.94
2013.06.10 17:00:55.238,1.64552,1.64588,1.50,2.82
2013.06.10 17:00:55.356,1.64556,1.64588,1.50,1.32
2013.06.10 17:00:56.470,1.64556,1.64588,1.50,2.44
2013.06.10 17:00:56.648,1.64549,1.64583,2.25,1.32
2013.06.10 17:00:56.907,1.64547,1.64583,2.25,2.07
2013.06.10 17:00:57.457,1.64547,1.64578,2.25,3.57
2013.06.10 17:00:57.517,1.64545,1.64575,1.50,1.13
2013.06.10 17:00:57.713,1.64546,1.64578,2.25,2.07
2013.06.10 17:00:58.577,1.64542,1.64578,3.00,1.32
2013.06.10 17:00:58.636,1.64542,1.64578,2.25,1.32
2013.06.10 17:00:58.696,1.64542,1.64578,2.25,1.32
2013.06.10 17:00:59.966,1.6454,1.64573,1.69,1.32
2013.06.10 17:01:00.388,1.64542,1.64578,2.25,1.32
2013.06.10 17:01:00.901,1.64544,1.6458,1.50,1.32
2013.06.10 17:01:03.306,1.64548,1.64579,1.50,1.32
2013.06.10 17:01:03.876,1.64544,1.64579,3.00,1.32
2013.06.10 17:01:04.236,1.64547,1.64579,1.50,1.32
2013.06.10 17:01:04.357,1.64544,1.64574,1.50,1.13
2013.06.10 17:01:04.597,1.64544,1.64574,3.00,2.07
2013.06.10 17:01:04.658,1.64544,1.64574,1.50,2.44
2013.06.10 17:01:04.776,1.64541,1.64574,1.69,2.44
2013.06.10 17:01:05.676,1.6454,1.64569,1.50,1.32
2013.06.10 17:01:07.786,1.6454,1.64574,1.50,2.44
2013.06.10 17:01:08.306,1.64542,1.64574,1.50,1.69
2013.06.10 17:01:08.816,1.64543,1.64577,1.50,1.32
2013.06.10 17:01:09.407,1.64541,1.64577,3.00,1.69
2013.06.10 17:01:09.766,1.64544,1.64578,1.50,2.44
2013.06.10 17:01:10.516,1.64544,1.64578,1.50,1.69
2013.06.10 17:01:11.266,1.64544,1.64578,1.50,2.44
2013.06.10 17:01:11.386,1.64545,1.64579,1.50,1.69
2013.06.10 17:01:11.446,1.64545,1.6458,1.50,1.32
2013.06.10 17:01:11.566,1.64546,1.64581,1.50,1.32
2013.06.10 17:01:12.164,1.64547,1.64578,3.00,1.32
2013.06.10 17:01:14.527,1.64547,1.64577,1.50,1.32
2013.06.10 17:01:14.649,1.64542,1.64574,2.25,1.32
2013.06.10 17:01:15.007,1.64544,1.64574,2.25,1.32
2013.06.10 17:01:15.336,1.64547,1.64574,1.50,1.32
2013.06.10 17:01:15.936,1.64545,1.64577,1.50,1.32
2013.06.10 17:01:18.847,1.64546,1.64579,1.69,1.13
2013.06.10 17:01:19.026,1.64553,1.64589,1.50,1.69
2013.06.10 17:01:19.087,1.64553,1.6459,1.69,2.44
2013.06.10 17:01:19.447,1.64553,1.64587,1.69,1.13
2013.06.10 17:01:19.627,1.64555,1.64586,1.69,1.50
2013.06.10 17:01:20.686,1.64551,1.64587,3.19,1.32
2013.06.10 17:01:21.156,1.6455,1.64585,1.69,2.44
2013.06.10 17:01:21.218,1.64547,1.64584,3.00,1.32
2013.06.10 17:01:21.456,1.64545,1.64581,1.50,1.32
2013.06.10 17:01:21.876,1.64548,1.64584,1.50,1.32
2013.06.10 17:01:22.968,1.64549,1.64584,2.25,1.32
2013.06.10 17:01:23.381,1.64552,1.64584,1.50,1.32
2013.06.10 17:01:25.556,1.64548,1.64584,3.19,2.07
2013.06.10 17:01:30.506,1.64548,1.64578,1.50,1.13
2013.06.10 17:01:30.627,1.64546,1.64578,1.50,1.13
2013.06.10 17:01:30.986,1.64543,1.64578,3.00,1.32
2013.06.10 17:01:31.488,1.64543,1.64578,1.69,1.13
2013.06.10 17:01:32.807,1.6454,1.64573,3.19,1.13
2013.06.10 17:01:32.996,1.6454,1.64577,1.69,1.13
2013.06.10 17:01:34.966,1.64541,1.64577,3.19,1.32
2013.06.10 17:01:35.026,1.64544,1.64578,1.50,1.32
2013.06.10 17:01:35.327,1.64547,1.64581,2.25,1.32
2013.06.10 17:01:35.867,1.64544,1.6458,1.50,1.32
2013.06.10 17:01:36.047,1.64549,1.64582,1.50,1.32
2013.06.10 17:01:36.167,1.64544,1.64579,1.69,1.32
2013.06.10 17:01:36.346,1.64544,1.64579,1.69,1.32
2013.06.10 17:01:36.888,1.64544,1.64579,1.69,1.32
2013.06.10 17:01:37.126,1.64541,1.64577,1.69,1.13
2013.06.10 17:01:37.676,1.64539,1.64577,1.69,1.13
2013.06.10 17:01:40.173,1.64539,1.64577,1.69,1.32
2013.06.10 17:01:42.206,1.64539,1.64574,1.69,1.32
2013.06.10 17:01:42.266,1.64539,1.64574,1.69,1.69
2013.06.10 17:01:42.446,1.64536,1.64572,2.44,1.69
2013.06.10 17:01:42.806,1.64536,1.64569,1.69,2.25
2013.06.10 17:01:43.046,1.64532,1.64569,1.69,1.50
2013.06.10 17:01:43.929,1.64536,1.64569,1.50,1.32
2013.06.10 17:01:44.500,1.64532,1.64564,1.69,1.13
2013.06.10 17:01:45.006,1.64532,1.64564,1.69,1.13
2013.06.10 17:01:45.588,1.64532,1.64564,1.69,1.13
2013.06.10 17:01:46.717,1.64532,1.64564,1.50,1.13
2013.06.10 17:01:48.767,1.64537,1.64572,1.50,1.69
2013.06.10 17:01:49.636,1.64536,1.64569,1.69,1.32
2013.06.10 17:01:50.106,1.64533,1.64569,1.13,1.32
2013.06.10 17:01:50.626,1.64528,1.64566,3.38,1.88
2013.06.10 17:01:51.627,1.64532,1.64569,1.69,1.32
2013.06.10 17:01:52.837,1.64532,1.64569,1.69,1.32
2013.06.10 17:01:53.156,1.64532,1.64569,1.69,1.13
2013.06.10 17:01:54.016,1.64532,1.64569,1.69,1.32
2013.06.10 17:01:54.496,1.64535,1.6457,1.50,2.07
2013.06.10 17:01:54.557,1.64538,1.6457,1.69,1.13
2013.06.10 17:01:54.677,1.64547,1.64575,1.69,1.13
2013.06.10 17:01:54.737,1.64547,1.64576,1.69,1.50
2013.06.10 17:01:54.988,1.64542,1.64576,2.63,1.50
2013.06.10 17:01:55.106,1.64542,1.64579,2.63,1.13
2013.06.10 17:01:55.357,1.64542,1.64579,1.69,1.32
2013.06.10 17:01:55.432,1.64542,1.64578,1.50,1.32
2013.06.10 17:01:55.499,1.64542,1.64578,1.50,1.32
2013.06.10 17:01:56.040,1.64541,1.64578,1.69,1.69
2013.06.10 17:01:56.160,1.64541,1.64577,1.50,1.32
2013.06.10 17:01:56.516,1.64545,1.64574,1.50,1.13
2013.06.10 17:01:56.636,1.64545,1.64577,1.50,1.32
2013.06.10 17:02:00.177,1.64545,1.64577,3.19,1.13
2013.06.10 17:02:00.606,1.64548,1.64583,1.69,1.32
2013.06.10 17:02:00.787,1.64553,1.64587,1.50,1.32
2013.06.10 17:02:01.103,1.64555,1.64583,1.50,1.32
2013.06.10 17:02:01.286,1.64553,1.64587,1.50,1.32
2013.06.10 17:02:01.416,1.64553,1.6459,1.50,1.32
2013.06.10 17:02:01.537,1.64557,1.6459,1.50,1.32
2013.06.10 17:02:01.896,1.64555,1.6459,1.50,1.32
2013.06.10 17:02:02.417,1.64555,1.6459,2.25,1.32
2013.06.10 17:02:02.598,1.64558,1.6459,1.13,1.13
2013.06.10 17:02:02.776,1.64558,1.6459,1.69,1.13
2013.06.10 17:02:03.299,1.64562,1.64593,1.69,1.13
2013.06.10 17:02:04.400,1.64562,1.64593,1.69,1.13
2013.06.10 17:02:04.469,1.64562,1.64593,1.50,1.32
2013.06.10 17:02:04.587,1.64558,1.64593,2.44,1.32
2013.06.10 17:02:04.706,1.64557,1.64589,2.25,2.07
2013.06.10 17:02:04.767,1.64548,1.64587,2.63,1.69
2013.06.10 17:02:04.948,1.64548,1.64583,1.88,1.50
2013.06.10 17:02:05.396,1.64541,1.64578,3.38,1.13
2013.06.10 17:02:08.475,1.64544,1.64578,1.69,1.13
2013.06.10 17:02:09.508,1.64542,1.64578,1.69,1.88
2013.06.10 17:02:10.029,1.64545,1.64578,1.69,1.13
2013.06.10 17:02:10.576,1.64545,1.64578,1.69,1.32
2013.06.10 17:02:10.966,1.6454,1.64577,3.19,1.13
2013.06.10 17:02:11.236,1.64541,1.64577,1.69,1.13
2013.06.10 17:02:11.956,1.64541,1.64577,1.69,1.32
2013.06.10 17:02:12.016,1.64544,1.64577,1.50,1.32
2013.06.10 17:02:12.616,1.64541,1.64578,3.19,2.82
2013.06.10 17:02:13.858,1.64541,1.64578,3.19,2.07
2013.06.10 17:02:13.920,1.64546,1.64577,2.25,1.32
2013.06.10 17:02:14.046,1.64554,1.64582,1.50,1.32
2013.06.10 17:02:14.426,1.64554,1.64584,1.50,1.32
2013.06.10 17:02:14.966,1.64553,1.64584,1.50,1.32
2013.06.10 17:02:15.356,1.6455,1.64584,2.25,1.32
2013.06.10 17:02:16.846,1.6455,1.64584,2.44,1.13
2013.06.10 17:02:18.441,1.6455,1.64584,2.44,1.13
2013.06.10 17:02:18.976,1.6455,1.64584,2.44,1.13
2013.06.10 17:02:19.456,1.6455,1.64584,2.44,1.13
2013.06.10 17:02:19.967,1.64546,1.64582,1.69,1.13
2013.06.10 17:02:20.517,1.64548,1.64578,2.25,1.13
2013.06.10 17:02:21.077,1.6455,1.64585,2.25,1.32
2013.06.10 17:02:22.297,1.64549,1.64585,1.69,1.32
2013.06.10 17:02:28.088,1.64552,1.64585,1.69,1.13
2013.06.10 17:02:28.389,1.64566,1.64595,2.25,1.50
2013.06.10 17:02:28.746,1.64581,1.64595,1.50,1.50
2013.06.10 17:02:29.047,1.64581,1.64613,2.44,1.13
2013.06.10 17:02:29.566,1.64582,1.64614,1.69,1.13
2013.06.10 17:02:30.106,1.64583,1.64614,1.69,1.13
2013.06.10 17:02:30.286,1.6458,1.64608,1.50,1.32
2013.06.10 17:02:30.646,1.64572,1.64607,1.50,2.07
2013.06.10 17:02:32.747,1.6457,1.64605,1.32,1.69
2013.06.10 17:02:32.867,1.6457,1.64604,1.32,1.32
2013.06.10 17:02:33.168,1.64566,1.64596,1.50,1.28
2013.06.10 17:02:33.409,1.64554,1.64587,3.00,1.69
2013.06.10 17:02:33.787,1.64551,1.64587,4.13,2.44
2013.06.10 17:02:33.939,1.64551,1.64586,4.13,1.32
2013.06.10 17:02:34.697,1.6455,1.64583,1.69,1.13
2013.06.10 17:02:35.199,1.64547,1.64583,3.38,1.88
2013.06.10 17:02:36.188,1.64546,1.64583,2.44,2.07
2013.06.10 17:02:36.737,1.64547,1.64583,2.44,2.07
2013.06.10 17:02:39.297,1.64544,1.64578,3.19,1.13
2013.06.10 17:02:39.356,1.64544,1.64578,3.19,1.13
2013.06.10 17:02:39.477,1.64544,1.64578,1.69,1.13
2013.06.10 17:02:39.837,1.6454,1.64574,2.44,1.88
2013.06.10 17:02:40.087,1.64543,1.64579,2.25,1.32
2013.06.10 17:02:40.148,1.64548,1.6458,1.50,1.32
2013.06.10 17:02:40.207,1.64549,1.64584,2.44,1.13
2013.06.10 17:02:46.526,1.64549,1.64585,2.44,1.88
2013.06.10 17:02:46.868,1.64551,1.64585,2.44,1.88
2013.06.10 17:02:47.167,1.64555,1.64585,2.25,1.50
2013.06.10 17:02:47.286,1.64554,1.64585,2.44,1.88
2013.06.10 17:02:47.586,1.64553,1.64589,1.69,1.32
2013.06.10 17:02:47.777,1.64553,1.64586,2.44,1.32
2013.06.10 17:02:48.107,1.64549,1.64586,2.44,1.13
2013.06.10 17:02:48.167,1.6455,1.64587,1.69,1.50
2013.06.10 17:02:48.347,1.64552,1.6459,1.69,1.50
2013.06.10 17:02:48.648,1.64556,1.6459,1.50,1.69
2013.06.10 17:02:48.707,1.64552,1.64589,3.00,1.32
2013.06.10 17:02:48.826,1.64552,1.64589,3.00,1.32
2013.06.10 17:02:48.947,1.64556,1.6459,1.50,1.32
2013.06.10 17:02:51.126,1.64557,1.64593,2.44,1.69
2013.06.10 17:02:51.429,1.64553,1.64588,2.44,1.13
2013.06.10 17:02:51.607,1.64554,1.64588,2.44,1.50
2013.06.10 17:02:52.146,1.6455,1.64583,1.69,1.50
2013.06.10 17:02:53.256,1.64548,1.64582,1.69,1.13
2013.06.10 17:02:53.868,1.64542,1.64579,2.44,1.13
2013.06.10 17:02:53.929,1.64542,1.64579,2.44,1.13
2013.06.10 17:02:54.107,1.64542,1.64579,1.69,1.32
2013.06.10 17:02:54.407,1.64542,1.64578,1.69,2.07
2013.06.10 17:02:54.969,1.64542,1.64576,1.69,1.69
2013.06.10 17:02:55.326,1.64543,1.64578,1.69,2.07
2013.06.10 17:02:56.737,1.64543,1.6458,1.69,2.07
2013.06.10 17:02:58.207,1.64545,1.64578,1.69,1.32
2013.06.10 17:02:58.510,1.64543,1.64578,1.69,1.32
2013.06.10 17:02:58.697,1.64557,1.64586,1.69,1.50
2013.06.10 17:02:58.757,1.64561,1.6458,1.69,1.50
2013.06.10 17:02:58.818,1.64561,1.64587,2.44,1.50
2013.06.10 17:02:58.939,1.64563,1.64596,2.44,2.25
2013.06.10 17:02:58.998,1.64565,1.64595,1.32,1.50
2013.06.10 17:02:59.359,1.64572,1.646,2.07,1.13
2013.06.10 17:03:00.289,1.64573,1.64604,2.44,1.13
2013.06.10 17:03:00.477,1.64568,1.64603,1.69,1.32
2013.06.10 17:03:01.131,1.64562,1.64598,1.69,1.88
2013.06.10 17:03:01.205,1.64558,1.64593,1.69,1.13
2013.06.10 17:03:01.508,1.64553,1.64589,1.69,1.32
2013.06.10 17:03:02.047,1.64551,1.64584,2.44,1.13
2013.06.10 17:03:02.107,1.64551,1.64588,2.44,2.07
2013.06.10 17:03:02.168,1.64551,1.64587,2.25,1.32
2013.06.10 17:03:02.227,1.6455,1.64587,2.25,2.07
2013.06.10 17:03:02.466,1.64546,1.64582,1.50,1.69
2013.06.10 17:03:02.646,1.64546,1.64582,2.25,1.69
2013.06.10 17:03:02.707,1.64546,1.64584,2.44,1.69
2013.06.10 17:03:02.827,1.64551,1.64586,1.50,1.69
2013.06.10 17:03:03.136,1.64547,1.64584,1.69,1.32
2013.06.10 17:03:03.436,1.64547,1.64584,1.69,1.32
2013.06.10 17:03:03.857,1.64547,1.64585,2.44,2.07
2013.06.10 17:03:04.217,1.64551,1.64585,1.32,1.88
2013.06.10 17:03:04.578,1.64562,1.64597,1.69,3.00
2013.06.10 17:03:04.637,1.64565,1.64597,1.69,1.50
2013.06.10 17:03:04.758,1.64569,1.64597,1.69,1.50
2013.06.10 17:03:04.937,1.64575,1.64608,1.69,1.13
2013.06.10 17:03:05.236,1.64577,1.64614,1.69,2.82
2013.06.10 17:03:05.416,1.64577,1.64614,1.50,3.57
2013.06.10 17:03:06.032,1.64574,1.6461,1.69,1.32
2013.06.10 17:03:06.217,1.64574,1.64608,1.69,1.32
2013.06.10 17:03:06.460,1.64575,1.64611,1.69,1.32
2013.06.10 17:03:06.587,1.64578,1.64614,1.50,1.32
2013.06.10 17:03:06.976,1.64579,1.64615,1.50,2.07
2013.06.10 17:03:07.406,1.64578,1.64614,1.50,1.32
2013.06.10 17:03:08.287,1.64578,1.64614,1.69,1.32
2013.06.10 17:03:09.487,1.64578,1.64613,1.69,1.13
2013.06.10 17:03:10.036,1.64578,1.64613,1.69,1.13
2013.06.10 17:03:10.927,1.64578,1.64613,1.69,1.13
2013.06.10 17:03:12.226,1.64574,1.64609,1.69,1.32
2013.06.10 17:03:12.835,1.64575,1.64609,1.69,1.13
2013.06.10 17:03:12.982,1.64583,1.64617,2.25,1.32
2013.06.10 17:03:13.477,1.64582,1.64617,1.69,1.32
2013.06.10 17:03:13.538,1.64581,1.64614,1.69,1.32
2013.06.10 17:03:13.658,1.64576,1.64611,1.50,1.32
2013.06.10 17:03:13.957,1.6457,1.64607,2.44,2.44
2013.06.10 17:03:14.080,1.64571,1.64606,2.25,1.69
2013.06.10 17:03:16.228,1.64569,1.64606,1.69,2.44
2013.06.10 17:03:16.467,1.64565,1.64603,3.19,2.25
2013.06.10 17:03:16.527,1.64565,1.64601,2.44,1.13
2013.06.10 17:03:16.886,1.64559,1.64593,1.69,1.32
2013.06.10 17:03:17.587,1.64557,1.64593,1.69,1.32
2013.06.10 17:03:18.396,1.64557,1.64589,2.44,1.13
2013.06.10 17:03:19.057,1.64555,1.64589,1.69,1.13
2013.06.10 17:03:19.687,1.64558,1.64594,1.69,1.32
2013.06.10 17:03:19.866,1.64561,1.64594,3.19,1.32
2013.06.10 17:03:20.107,1.64556,1.64593,2.25,2.07
2013.06.10 17:03:20.228,1.64551,1.64587,1.32,2.07
2013.06.10 17:03:20.427,1.64558,1.64587,1.50,2.07
2013.06.10 17:03:20.786,1.64562,1.64598,1.69,1.32
2013.06.10 17:03:21.636,1.64562,1.64598,1.69,1.32
2013.06.10 17:03:21.937,1.64554,1.64589,3.00,2.07
2013.06.10 17:03:21.997,1.64554,1.64589,2.25,2.07
2013.06.10 17:03:22.247,1.64551,1.64589,3.00,2.82
2013.06.10 17:03:22.549,1.64547,1.64585,1.69,1.32
2013.06.10 17:03:23.606,1.64547,1.64585,1.69,1.32
2013.06.10 17:03:24.166,1.64547,1.64583,1.69,1.32
2013.06.10 17:03:24.752,1.64543,1.64578,2.44,1.13
2013.06.10 17:03:25.335,1.64542,1.64578,3.19,1.13
2013.06.10 17:03:26.181,1.64548,1.64582,1.50,1.32
2013.06.10 17:03:27.326,1.64546,1.64578,2.44,1.13
2013.06.10 17:03:27.567,1.64548,1.64582,1.50,1.32
2013.06.10 17:03:27.927,1.64546,1.64582,1.69,1.32
2013.06.10 17:03:29.528,1.64548,1.64583,1.69,1.32
2013.06.10 17:03:29.887,1.64553,1.64587,2.82,1.13
2013.06.10 17:03:29.949,1.64553,1.64587,2.82,1.13
2013.06.10 17:03:30.497,1.64558,1.64584,1.69,1.13
2013.06.10 17:03:30.560,1.64553,1.64584,1.69,1.13
2013.06.10 17:03:30.887,1.64553,1.64584,2.44,1.13
2013.06.10 17:03:31.637,1.64555,1.6459,2.44,1.32
2013.06.10 17:03:31.939,1.64555,1.64586,1.69,1.50
2013.06.10 17:03:32.058,1.64555,1.64587,3.94,1.32
2013.06.10 17:03:32.177,1.64557,1.64593,2.44,1.88
2013.06.10 17:03:32.369,1.64563,1.64598,1.69,1.13
2013.06.10 17:03:32.964,1.64565,1.64601,1.69,1.32
2013.06.10 17:03:35.397,1.6456,1.64598,3.19,1.88
2013.06.10 17:03:38.677,1.64564,1.64597,1.69,1.13
2013.06.10 17:03:39.117,1.64559,1.64597,1.69,1.88
2013.06.10 17:03:39.178,1.64559,1.64595,1.69,1.13
2013.06.10 17:03:39.236,1.64557,1.64595,1.69,1.32
2013.06.10 17:03:39.417,1.64553,1.64588,1.50,1.32
2013.06.10 17:03:39.804,1.64553,1.64588,1.50,1.32
2013.06.10 17:03:40.047,1.64551,1.64587,1.69,1.32
2013.06.10 17:03:40.166,1.64551,1.64587,1.69,1.32
2013.06.10 17:03:40.346,1.64549,1.64587,1.69,2.07
2013.06.10 17:03:40.407,1.64543,1.64579,1.50,1.32
2013.06.10 17:03:40.707,1.64541,1.64579,1.69,1.32
2013.06.10 17:03:41.866,1.64547,1.64583,1.69,1.32
2013.06.10 17:03:42.500,1.64547,1.64583,3.19,1.13
2013.06.10 17:03:43.023,1.64547,1.64583,1.69,1.13
2013.06.10 17:03:46.048,1.64548,1.64583,1.69,1.13
2013.06.10 17:03:46.108,1.64548,1.64583,1.69,1.13
2013.06.10 17:03:46.472,1.64554,1.64588,1.50,1.32
2013.06.10 17:03:46.656,1.64557,1.64588,1.50,1.32
2013.06.10 17:03:47.138,1.64557,1.64593,3.94,1.32
2013.06.10 17:03:47.376,1.64553,1.64589,1.69,1.13
2013.06.10 17:03:48.208,1.6455,1.64586,1.69,1.13
2013.06.10 17:03:48.716,1.6455,1.64586,1.69,1.13
2013.06.10 17:03:49.788,1.6455,1.64586,1.69,1.13
2013.06.10 17:03:51.737,1.64548,1.64586,1.69,1.32
2013.06.10 17:03:52.756,1.64553,1.64591,1.50,1.32
2013.06.10 17:03:53.736,1.64556,1.64587,1.50,1.69
2013.06.10 17:03:54.037,1.64559,1.64588,1.50,1.13
2013.06.10 17:03:54.097,1.64561,1.64588,2.93,1.13
2013.06.10 17:03:54.473,1.6458,1.64598,1.32,1.50
2013.06.10 17:03:54.538,1.64577,1.64598,2.40,1.50
2013.06.10 17:03:54.598,1.64578,1.64598,1.32,1.50
2013.06.10 17:03:54.948,1.64579,1.64603,2.44,1.50
2013.06.10 17:03:55.342,1.64582,1.64603,1.50,1.13
2013.06.10 17:03:55.468,1.64578,1.64603,1.50,1.13
2013.06.10 17:03:55.718,1.64579,1.64612,1.69,1.69
2013.06.10 17:03:56.019,1.64592,1.64615,1.69,1.32
2013.06.10 17:03:56.089,1.6459,1.64615,1.32,1.13
2013.06.10 17:03:56.636,1.64589,1.64615,1.69,2.25
2013.06.10 17:03:56.817,1.64589,1.64617,1.69,1.13
2013.06.10 17:03:56.878,1.64588,1.64622,1.69,1.50
2013.06.10 17:03:56.937,1.64585,1.64623,2.44,2.44
2013.06.10 17:03:57.173,1.64581,1.64619,1.50,1.69
2013.06.10 17:03:57.478,1.64576,1.64614,2.25,1.32
2013.06.10 17:03:57.657,1.64576,1.64607,1.50,1.32
2013.06.10 17:03:57.717,1.6457,1.64608,1.69,1.69
2013.06.10 17:03:57.896,1.64568,1.64608,1.50,2.44
2013.06.10 17:03:58.196,1.64565,1.64603,3.94,2.44
2013.06.10 17:03:58.736,1.64565,1.64603,2.44,3.19
2013.06.10 17:03:58.923,1.64563,1.64598,1.50,2.44
2013.06.10 17:03:59.226,1.64563,1.64598,1.50,1.69
2013.06.10 17:03:59.290,1.64563,1.64598,1.69,1.32
2013.06.10 17:03:59.358,1.64562,1.64598,1.69,1.32
2013.06.10 17:03:59.728,1.64563,1.64598,1.69,1.32
2013.06.10 17:04:00.266,1.64562,1.64598,1.69,1.32
2013.06.10 17:04:00.977,1.64563,1.64598,2.44,1.32
2013.06.10 17:04:02.488,1.64562,1.64597,1.69,1.13
2013.06.10 17:04:02.798,1.64563,1.64598,1.69,1.32
2013.06.10 17:04:03.316,1.64566,1.64604,3.19,2.07
2013.06.10 17:04:03.837,1.64566,1.64604,3.19,2.07
2013.06.10 17:04:04.783,1.64566,1.64604,1.69,2.07
2013.06.10 17:04:05.427,1.6457,1.64604,2.25,1.32
2013.06.10 17:04:05.787,1.64575,1.64607,1.69,1.13
2013.06.10 17:04:05.907,1.6457,1.64605,2.07,1.69
2013.06.10 17:04:06.208,1.64568,1.64599,1.69,1.50
2013.06.10 17:04:06.457,1.6457,1.64609,1.69,3.94
2013.06.10 17:04:06.638,1.64566,1.64599,1.69,1.50
2013.06.10 17:04:07.756,1.64571,1.64604,1.69,1.69
2013.06.10 17:04:08.257,1.64571,1.64604,1.69,1.69
2013.06.10 17:04:08.319,1.64567,1.64604,1.69,1.69
2013.06.10 17:04:08.647,1.64566,1.64604,2.44,2.82
2013.06.10 17:04:09.007,1.64566,1.64601,1.50,1.69
2013.06.10 17:04:09.247,1.64562,1.64598,1.69,1.13
2013.06.10 17:04:09.606,1.64558,1.64591,1.69,1.13
2013.06.10 17:04:09.667,1.64556,1.64591,1.69,1.32
2013.06.10 17:04:09.908,1.64552,1.64585,1.69,1.88
2013.06.10 17:04:09.967,1.64547,1.64585,2.25,2.07
2013.06.10 17:04:10.089,1.64543,1.64579,1.69,1.13
2013.06.10 17:04:10.276,1.64547,1.6458,2.25,1.88
2013.06.10 17:04:10.336,1.64547,1.6458,1.50,1.88
2013.06.10 17:04:10.528,1.64543,1.64579,1.69,1.13
2013.06.10 17:04:10.947,1.64547,1.64586,1.69,1.88
2013.06.10 17:04:11.007,1.64547,1.64585,1.69,1.69
2013.06.10 17:04:11.563,1.64548,1.64585,2.44,1.13
2013.06.10 17:04:12.066,1.64547,1.64585,1.69,1.13
2013.06.10 17:04:12.426,1.64543,1.64581,1.69,1.13
2013.06.10 17:04:12.487,1.64543,1.64581,1.69,1.13
2013.06.10 17:04:12.728,1.64542,1.64578,2.44,1.50
2013.06.10 17:04:12.788,1.64542,1.64578,1.69,2.44
2013.06.10 17:04:13.147,1.64535,1.64573,2.44,2.07
2013.06.10 17:04:14.238,1.64535,1.64573,2.44,2.07
2013.06.10 17:04:15.148,1.64535,1.64573,2.44,2.07
2013.06.10 17:04:16.157,1.64538,1.64573,1.50,2.07
2013.06.10 17:04:17.648,1.64538,1.64573,2.25,2.07
2013.06.10 17:04:17.707,1.64537,1.64573,2.25,1.69
2013.06.10 17:04:17.887,1.64544,1.64573,1.50,2.07
2013.06.10 17:04:18.247,1.64543,1.64578,1.69,2.07
2013.06.10 17:04:18.806,1.64544,1.64582,1.69,1.32
2013.06.10 17:04:19.368,1.64544,1.64582,3.19,1.32
2013.06.10 17:04:20.346,1.64549,1.64582,1.50,1.32
2013.06.10 17:04:20.798,1.64549,1.64582,2.25,1.32
2013.06.10 17:04:20.861,1.64549,1.64582,2.25,1.32
2013.06.10 17:04:21.367,1.64545,1.64582,2.44,1.32
2013.06.10 17:04:21.868,1.64546,1.64582,2.44,1.32
2013.06.10 17:04:22.230,1.64543,1.64582,1.69,1.32
2013.06.10 17:04:22.298,1.64543,1.64582,1.69,1.32
2013.06.10 17:04:22.658,1.64543,1.64573,1.50,1.32
2013.06.10 17:04:23.077,1.6454,1.64573,1.69,1.13
2013.06.10 17:04:23.593,1.64537,1.64573,2.44,1.13
2013.06.10 17:04:23.717,1.64538,1.64573,1.69,1.13
2013.06.10 17:04:24.628,1.64542,1.64575,2.03,1.13
2013.06.10 17:04:24.808,1.64553,1.64582,1.69,2.25
2013.06.10 17:04:24.868,1.64553,1.64583,2.44,1.50
2013.06.10 17:04:24.927,1.64562,1.64591,1.69,2.63
2013.06.10 17:04:25.288,1.64571,1.64594,1.69,1.50
2013.06.10 17:04:25.347,1.64571,1.64597,1.69,1.13
2013.06.10 17:04:25.409,1.64571,1.64597,2.44,1.13
2013.06.10 17:04:25.477,1.64577,1.64603,1.69,3.00
2013.06.10 17:04:25.597,1.6458,1.64603,1.50,1.50
2013.06.10 17:04:25.938,1.64577,1.64607,3.19,3.38
2013.06.10 17:04:26.058,1.64578,1.64607,2.44,1.88
2013.06.10 17:04:26.119,1.64584,1.64611,2.44,2.25
2013.06.10 17:04:26.240,1.64586,1.64614,2.44,1.50
2013.06.10 17:04:26.307,1.64586,1.64619,2.44,1.50
2013.06.10 17:04:26.750,1.64582,1.64618,3.19,2.63
2013.06.10 17:04:26.997,1.64579,1.64618,3.19,1.88
2013.06.10 17:04:27.118,1.64571,1.64617,3.19,1.50
2013.06.10 17:04:27.357,1.64566,1.64602,3.19,1.32
2013.06.10 17:04:27.417,1.64565,1.64601,1.69,1.32
2013.06.10 17:04:27.957,1.64563,1.64597,1.69,1.13
2013.06.10 17:04:28.587,1.64569,1.64598,1.50,1.50
2013.06.10 17:04:28.987,1.64569,1.64601,1.50,1.32
2013.06.10 17:04:30.386,1.6457,1.64601,1.50,1.32
2013.06.10 17:04:32.237,1.6457,1.64601,2.25,1.32
2013.06.10 17:04:32.418,1.64567,1.64603,1.32,2.44
2013.06.10 17:04:32.538,1.64565,1.64602,2.44,1.13
2013.06.10 17:04:32.658,1.64568,1.64603,1.50,2.82
2013.06.10 17:04:32.837,1.64568,1.64592,1.50,1.13
2013.06.10 17:04:33.019,1.64562,1.64595,1.50,2.07
2013.06.10 17:04:33.258,1.64557,1.64595,2.25,3.57
2013.06.10 17:04:33.316,1.64555,1.64587,2.25,1.50
2013.06.10 17:04:33.497,1.64559,1.64597,2.44,1.32
2013.06.10 17:04:33.617,1.6456,1.64598,2.44,1.69
2013.06.10 17:04:33.677,1.64562,1.64598,1.69,1.50
2013.06.10 17:04:34.187,1.64563,1.64598,2.44,1.13
2013.06.10 17:04:34.637,1.64565,1.64603,1.69,1.69
2013.06.10 17:04:34.697,1.64565,1.64603,1.69,2.07
2013.06.10 17:04:34.817,1.64562,1.64598,1.69,1.13
2013.06.10 17:04:36.088,1.64561,1.64598,1.50,2.07
2013.06.10 17:04:36.387,1.64557,1.64588,2.25,1.32
2013.06.10 17:04:36.847,1.64551,1.64581,2.44,1.13
2013.06.10 17:04:37.524,1.64551,1.64584,2.44,1.13
2013.06.10 17:04:37.594,1.64551,1.64584,2.44,1.13
2013.06.10 17:04:39.437,1.64551,1.64583,2.44,1.13
2013.06.10 17:04:39.557,1.64551,1.64584,2.44,1.13
2013.06.10 17:04:39.617,1.64551,1.64584,2.44,1.13
2013.06.10 17:04:39.678,1.6455,1.64584,2.44,1.13
2013.06.10 17:04:39.878,1.64549,1.64586,2.44,3.19
2013.06.10 17:04:40.057,1.64549,1.64586,1.69,2.44
2013.06.10 17:04:40.178,1.64549,1.64581,1.50,1.69
2013.06.10 17:04:40.536,1.64549,1.64569,1.50,1.32
2013.06.10 17:04:41.897,1.64542,1.64566,2.25,1.13
2013.06.10 17:04:42.197,1.64536,1.64567,3.19,1.13
2013.06.10 17:04:42.318,1.64536,1.64572,3.19,2.07
2013.06.10 17:04:42.676,1.64544,1.6458,3.19,1.13
2013.06.10 17:04:43.747,1.6454,1.64576,1.69,1.88
2013.06.10 17:04:43.926,1.64539,1.64572,1.50,1.32
2013.06.10 17:04:44.106,1.64533,1.64566,1.69,1.50
2013.06.10 17:04:44.435,1.64531,1.64565,2.44,1.32
2013.06.10 17:04:44.977,1.64529,1.64565,1.69,1.32
2013.06.10 17:04:45.257,1.64529,1.64565,1.50,1.32
2013.06.10 17:04:46.657,1.64527,1.64561,1.32,1.32
2013.06.10 17:04:46.956,1.64532,1.64563,1.50,1.32
2013.06.10 17:04:47.246,1.6453,1.64563,2.25,1.32
2013.06.10 17:04:47.867,1.6453,1.64566,3.19,1.32
2013.06.10 17:04:48.638,1.6453,1.64566,3.19,1.32
2013.06.10 17:04:49.268,1.64534,1.64567,1.50,1.32
2013.06.10 17:04:49.387,1.6454,1.64566,2.25,1.32
2013.06.10 17:04:49.446,1.6454,1.64566,2.25,1.13
2013.06.10 17:04:49.766,1.64542,1.6457,2.25,1.32
2013.06.10 17:04:49.827,1.64542,1.64575,3.19,1.13
2013.06.10 17:04:50.756,1.64543,1.64581,3.19,1.13
2013.06.10 17:04:51.917,1.64544,1.64581,1.69,1.13
2013.06.10 17:04:53.426,1.64543,1.64581,1.69,1.69
2013.06.10 17:04:53.730,1.64541,1.64572,2.25,1.28
2013.06.10 17:04:53.847,1.64532,1.64567,2.44,1.88
2013.06.10 17:04:54.206,1.6453,1.64567,1.69,1.88
2013.06.10 17:04:55.736,1.6453,1.64567,1.69,1.88
2013.06.10 17:04:55.878,1.64529,1.64564,2.44,1.13
2013.06.10 17:04:56.547,1.64529,1.64564,2.44,1.13
2013.06.10 17:04:57.372,1.64526,1.64562,2.44,1.13
2013.06.10 17:04:59.166,1.64536,1.64563,1.50,1.50
2013.06.10 17:04:59.287,1.64536,1.64567,1.50,2.07
2013.06.10 17:04:59.797,1.64536,1.64567,1.50,2.07
2013.06.10 17:05:02.006,1.64533,1.64567,1.69,2.07
2013.06.10 17:05:02.357,1.64536,1.64567,1.50,2.07
2013.06.10 17:05:02.936,1.64536,1.64567,2.25,2.07
2013.06.10 17:05:03.301,1.64538,1.64572,2.25,1.32
2013.06.10 17:05:04.307,1.64541,1.64572,2.25,1.13
2013.06.10 17:05:04.916,1.64538,1.64572,2.44,1.13
2013.06.10 17:05:05.098,1.6454,1.64573,1.69,1.13
2013.06.10 17:05:05.456,1.64548,1.64574,2.44,1.13
2013.06.10 17:05:05.517,1.64552,1.64579,1.69,2.25
2013.06.10 17:05:05.577,1.64552,1.64586,2.44,2.07
2013.06.10 17:05:05.699,1.64556,1.6459,1.69,1.88
2013.06.10 17:05:06.357,1.64556,1.6459,1.69,1.88
2013.06.10 17:05:06.896,1.64553,1.64587,3.19,1.50
2013.06.10 17:05:10.017,1.64552,1.64586,1.69,1.50
2013.06.10 17:05:10.217,1.64549,1.64578,1.50,1.69
2013.06.10 17:05:10.338,1.64545,1.64577,1.69,1.32
2013.06.10 17:05:10.876,1.64539,1.64577,2.44,2.07
2013.06.10 17:05:12.000,1.64539,1.64577,2.44,2.07
2013.06.10 17:05:12.177,1.64539,1.64577,2.44,2.07
2013.06.10 17:05:14.157,1.64539,1.64577,3.94,2.07
2013.06.10 17:05:14.350,1.64539,1.64577,3.94,2.07
2013.06.10 17:05:14.467,1.64542,1.64577,2.44,2.07
2013.06.10 17:05:14.708,1.64544,1.64579,1.50,1.32
2013.06.10 17:05:14.886,1.64544,1.64574,1.50,1.69
2013.06.10 17:05:15.187,1.64535,1.64572,1.50,1.32
2013.06.10 17:05:15.998,1.64532,1.64568,1.50,1.32
2013.06.10 17:05:16.731,1.64532,1.64568,1.50,1.32
2013.06.10 17:05:17.276,1.64532,1.64568,1.69,1.32
2013.06.10 17:05:17.988,1.64532,1.64568,1.69,1.13
2013.06.10 17:05:19.097,1.64532,1.64568,1.69,1.13
2013.06.10 17:05:19.656,1.64539,1.64568,1.50,1.13
2013.06.10 17:05:20.207,1.64536,1.64573,1.69,1.32
2013.06.10 17:05:21.196,1.6454,1.64576,2.25,1.69
2013.06.10 17:05:21.756,1.64536,1.64574,1.69,1.32
2013.06.10 17:05:23.376,1.64536,1.64574,1.69,1.13
2013.06.10 17:05:23.954,1.64536,1.64574,1.69,1.13
2013.06.10 17:05:26.037,1.64536,1.64574,1.69,1.32
2013.06.10 17:05:27.166,1.64536,1.6457,1.50,1.32
2013.06.10 17:05:27.227,1.64532,1.64569,1.69,2.07
2013.06.10 17:05:29.709,1.64532,1.64569,3.94,1.88
2013.06.10 17:05:30.837,1.64536,1.64573,2.44,1.32
2013.06.10 17:05:31.327,1.64532,1.6457,2.44,1.13
2013.06.10 17:05:31.448,1.64531,1.64569,3.19,1.32
2013.06.10 17:05:34.167,1.64532,1.64569,1.50,1.32
2013.06.10 17:05:34.732,1.64532,1.6457,1.69,1.32
2013.06.10 17:05:35.847,1.64532,1.6457,1.69,1.13
2013.06.10 17:05:39.008,1.64532,1.64571,1.69,1.88
2013.06.10 17:05:42.477,1.64531,1.64567,1.69,1.13
2013.06.10 17:05:43.017,1.6453,1.64567,1.69,1.88
2013.06.10 17:05:43.378,1.6453,1.64567,1.69,1.88
2013.06.10 17:05:43.440,1.6453,1.64567,1.69,1.88
2013.06.10 17:05:43.509,1.64532,1.64567,1.50,1.88
2013.06.10 17:05:43.807,1.64537,1.64567,1.50,2.25
2013.06.10 17:05:43.867,1.64537,1.6457,1.50,2.07
2013.06.10 17:05:43.927,1.64537,1.6457,1.50,2.07
2013.06.10 17:05:45.946,1.64538,1.64573,2.25,1.32
2013.06.10 17:05:48.446,1.64537,1.64573,1.69,1.32
2013.06.10 17:05:50.357,1.64532,1.64569,1.69,1.13
2013.06.10 17:05:56.286,1.64537,1.64568,1.69,1.13
2013.06.10 17:05:56.710,1.64527,1.64563,2.44,1.13
2013.06.10 17:05:56.768,1.64528,1.64563,1.69,1.13
2013.06.10 17:05:57.007,1.64533,1.64569,1.50,2.44
2013.06.10 17:05:57.248,1.64536,1.64567,1.50,1.13
2013.06.10 17:05:57.368,1.64531,1.64568,1.50,1.32
2013.06.10 17:05:57.548,1.64538,1.64571,3.00,2.44
2013.06.10 17:05:58.114,1.64538,1.64571,1.69,1.50
2013.06.10 17:05:58.177,1.64538,1.64571,1.69,1.50
2013.06.10 17:05:58.468,1.64537,1.64573,1.69,2.44
2013.06.10 17:05:58.589,1.64537,1.64569,1.69,1.50
2013.06.10 17:05:58.947,1.64531,1.64564,1.69,1.69
2013.06.10 17:05:59.248,1.64531,1.64563,1.69,1.13
2013.06.10 17:05:59.736,1.64531,1.64564,1.69,1.69
2013.06.10 17:06:00.178,1.64531,1.64564,1.69,1.69
2013.06.10 17:06:00.296,1.64531,1.64563,1.69,1.13
2013.06.10 17:06:01.117,1.64531,1.64563,1.69,1.13
2013.06.10 17:06:01.429,1.64535,1.64568,1.69,1.13
2013.06.10 17:06:01.547,1.64541,1.64569,1.50,1.50
2013.06.10 17:06:01.727,1.64541,1.64571,1.50,1.13
2013.06.10 17:06:02.276,1.64536,1.64564,1.69,1.13
2013.06.10 17:06:09.198,1.64536,1.64564,1.50,1.13
2013.06.10 17:06:09.844,1.64536,1.64567,1.69,1.13
2013.06.10 17:06:10.458,1.64531,1.64563,1.69,1.13
2013.06.10 17:06:12.738,1.64531,1.64567,1.69,1.69
2013.06.10 17:06:12.797,1.64531,1.64565,1.69,1.13
2013.06.10 17:06:13.157,1.64524,1.64559,1.69,1.13
2013.06.10 17:06:13.217,1.64524,1.64559,1.69,1.32
2013.06.10 17:06:13.526,1.64521,1.64558,1.69,1.88
2013.06.10 17:06:14.198,1.64521,1.64558,1.69,1.88
2013.06.10 17:06:14.707,1.64521,1.64558,1.69,1.88
2013.06.10 17:06:16.507,1.64521,1.64553,1.69,1.13
2013.06.10 17:06:17.030,1.64523,1.64559,1.50,2.07
2013.06.10 17:06:17.586,1.64523,1.64559,3.00,2.07
2013.06.10 17:06:18.706,1.64523,1.64559,3.19,2.07
2013.06.10 17:06:19.957,1.64525,1.64559,2.03,1.13
2013.06.10 17:06:20.076,1.64526,1.64559,1.32,1.13
2013.06.10 17:06:20.581,1.64527,1.64564,3.57,1.32
2013.06.10 17:06:21.138,1.64532,1.64563,1.50,1.32
2013.06.10 17:06:23.956,1.64532,1.64563,3.00,1.32
2013.06.10 17:06:26.707,1.64528,1.64558,2.44,1.13
2013.06.10 17:06:27.549,1.64531,1.64558,1.69,1.13
2013.06.10 17:06:27.906,1.64526,1.64556,1.50,1.32
2013.06.10 17:06:28.446,1.64526,1.64556,1.50,1.32
2013.06.10 17:06:29.149,1.64526,1.64556,1.50,1.32
2013.06.10 17:06:31.197,1.64526,1.64556,1.50,1.32
2013.06.10 17:06:32.568,1.64526,1.64556,1.50,1.32
2013.06.10 17:06:33.118,1.64526,1.64556,1.50,1.32
2013.06.10 17:06:33.637,1.64526,1.64556,1.50,1.32
2013.06.10 17:06:34.199,1.64526,1.64556,1.50,1.32
2013.06.10 17:06:38.057,1.64526,1.64556,1.50,1.32
2013.06.10 17:06:40.057,1.64526,1.64559,1.50,1.32
2013.06.10 17:06:42.238,1.64526,1.64557,1.50,2.07
2013.06.10 17:06:42.676,1.64524,1.64557,1.50,2.07
2013.06.10 17:06:46.097,1.64524,1.64557,1.50,1.88
2013.06.10 17:06:47.527,1.64524,1.64557,1.50,1.88
2013.06.10 17:06:47.947,1.64524,1.64557,1.50,1.69
2013.06.10 17:06:48.910,1.64524,1.64557,1.50,2.07
2013.06.10 17:06:54.033,1.64524,1.64557,1.50,1.69
2013.06.10 17:07:03.016,1.64526,1.64557,3.00,1.32
2013.06.10 17:07:03.137,1.64526,1.64557,3.00,1.32
2013.06.10 17:07:03.197,1.64526,1.64557,3.00,1.32
2013.06.10 17:07:03.497,1.64526,1.64557,2.63,2.07
2013.06.10 17:07:03.618,1.64526,1.64558,1.50,2.44
2013.06.10 17:07:03.677,1.64527,1.64557,1.50,1.69
2013.06.10 17:07:04.048,1.64529,1.64563,2.25,2.44
2013.06.10 17:07:06.611,1.64532,1.64563,2.44,2.25
2013.06.10 17:07:06.738,1.64533,1.64563,1.69,2.25
2013.06.10 17:07:07.049,1.64541,1.64569,1.69,1.69
2013.06.10 17:07:07.108,1.6454,1.64569,1.69,1.88
2013.06.10 17:07:07.347,1.64542,1.64575,1.69,1.50
2013.06.10 17:07:07.707,1.64557,1.64584,1.32,1.13
2013.06.10 17:07:07.947,1.64557,1.6459,2.44,1.88
2013.06.10 17:07:09.947,1.64557,1.64591,1.69,1.13
2013.06.10 17:07:10.068,1.64557,1.64591,2.44,1.13
2013.06.10 17:07:10.589,1.64556,1.64593,1.69,1.32
2013.06.10 17:07:11.168,1.64559,1.64593,1.69,1.32
2013.06.10 17:07:18.906,1.64556,1.64589,1.69,1.88
2013.06.10 17:07:21.358,1.64556,1.64589,1.69,2.07
2013.06.10 17:07:21.968,1.64556,1.64586,1.69,1.50
2013.06.10 17:07:22.207,1.64556,1.64582,1.69,1.50
2013.06.10 17:07:22.266,1.64553,1.64582,1.69,1.50
2013.06.10 17:07:22.427,1.64553,1.64584,1.69,1.13
2013.06.10 17:07:23.027,1.64551,1.64579,1.50,1.88
2013.06.10 17:07:23.148,1.64551,1.64576,1.50,1.69
2013.06.10 17:07:23.267,1.64541,1.64574,2.25,1.32
2013.06.10 17:07:23.817,1.64535,1.64569,1.69,1.28
2013.06.10 17:07:25.696,1.64535,1.64569,1.69,1.28
2013.06.10 17:07:27.321,1.64535,1.64569,3.19,1.09
2013.06.10 17:07:28.559,1.64535,1.64569,1.69,1.09
2013.06.10 17:07:28.678,1.64535,1.64569,1.69,1.84
2013.06.10 17:07:29.304,1.6454,1.64568,1.50,1.50
2013.06.10 17:07:30.609,1.6454,1.64572,1.50,3.19
2013.06.10 17:07:30.729,1.64545,1.64572,1.50,1.69
2013.06.10 17:07:31.028,1.64545,1.64582,1.50,1.69
2013.06.10 17:07:31.207,1.6454,1.64578,2.25,2.44
2013.06.10 17:07:31.937,1.64538,1.64573,1.69,1.69
2013.06.10 17:07:31.997,1.64538,1.64574,1.69,2.07
2013.06.10 17:07:35.597,1.64538,1.64574,1.50,2.07
2013.06.10 17:07:35.720,1.64538,1.64574,1.50,2.07
2013.06.10 17:07:35.957,1.64538,1.64574,1.50,2.07
2013.06.10 17:07:36.525,1.64539,1.64574,1.50,1.32
2013.06.10 17:07:37.518,1.64541,1.64577,1.50,1.32
2013.06.10 17:07:37.876,1.64541,1.64577,1.50,1.32
2013.06.10 17:07:37.937,1.64541,1.64577,1.50,2.82
2013.06.10 17:07:38.706,1.64544,1.64577,1.32,1.13
2013.06.10 17:07:39.067,1.64546,1.64584,1.69,3.94
2013.06.10 17:07:39.187,1.64549,1.64587,1.50,3.57
2013.06.10 17:07:39.248,1.64549,1.64587,2.44,1.69
2013.06.10 17:07:41.018,1.6455,1.64587,3.19,1.50
2013.06.10 17:07:41.197,1.64553,1.6459,1.69,1.50
2013.06.10 17:07:41.377,1.64551,1.64587,1.13,1.50
2013.06.10 17:07:41.497,1.64555,1.64589,1.69,1.13
2013.06.10 17:07:41.863,1.64551,1.64588,1.69,1.13
2013.06.10 17:07:42.198,1.6455,1.64581,1.69,3.00
2013.06.10 17:07:43.817,1.64547,1.64581,1.69,1.50
2013.06.10 17:07:45.847,1.64549,1.64581,1.69,1.50
2013.06.10 17:07:45.968,1.64549,1.64585,1.69,2.25
2013.06.10 17:07:46.087,1.64551,1.64582,1.69,1.50
2013.06.10 17:07:46.697,1.64551,1.64581,1.69,1.50
2013.06.10 17:07:53.096,1.64551,1.64581,1.50,1.69
2013.06.10 17:07:53.221,1.64551,1.64581,1.50,1.69
2013.06.10 17:07:56.798,1.6455,1.64581,1.50,1.69
2013.06.10 17:07:58.989,1.6455,1.6458,1.50,1.69
2013.06.10 17:07:59.228,1.64542,1.64579,2.07,1.69
2013.06.10 17:07:59.288,1.64543,1.64578,1.88,1.69
2013.06.10 17:07:59.589,1.64538,1.64568,1.50,1.69
2013.06.10 17:07:59.708,1.64534,1.64566,1.69,1.50
2013.06.10 17:07:59.892,1.64534,1.64566,1.69,1.50
2013.06.10 17:07:59.958,1.6454,1.64576,1.69,1.50
2013.06.10 17:08:00.076,1.64543,1.64576,1.69,1.50
2013.06.10 17:08:00.138,1.64543,1.64579,1.69,1.13
2013.06.10 17:08:00.198,1.6455,1.64579,1.69,1.13
2013.06.10 17:08:00.702,1.64543,1.64579,1.69,1.13
2013.06.10 17:08:00.958,1.64543,1.64578,1.69,1.13
2013.06.10 17:08:01.477,1.64543,1.64579,2.63,1.32
2013.06.10 17:08:02.298,1.64539,1.64575,1.69,1.13
2013.06.10 17:08:03.978,1.64537,1.64575,2.44,1.32
2013.06.10 17:08:04.099,1.64537,1.64575,2.44,1.32
2013.06.10 17:08:04.627,1.64537,1.64575,2.44,1.32
2013.06.10 17:08:05.164,1.64537,1.64575,2.44,1.32
2013.06.10 17:08:05.722,1.64537,1.64575,2.44,1.32
2013.06.10 17:08:08.637,1.64537,1.64575,2.44,1.32
2013.06.10 17:08:09.178,1.64537,1.6457,1.69,1.13
2013.06.10 17:08:10.947,1.64537,1.64573,1.69,2.07
2013.06.10 17:08:11.487,1.64541,1.64578,1.50,2.07
2013.06.10 17:08:12.767,1.64541,1.64569,3.19,1.13
2013.06.10 17:08:12.829,1.64545,1.64569,1.50,1.13
2013.06.10 17:08:12.948,1.64542,1.6458,1.50,1.69
2013.06.10 17:08:14.007,1.64545,1.6458,1.50,2.07
2013.06.10 17:08:14.197,1.64542,1.6458,3.19,2.07
2013.06.10 17:08:14.437,1.64542,1.6458,2.63,1.32
2013.06.10 17:08:15.677,1.64542,1.64579,1.88,1.32
2013.06.10 17:08:16.218,1.64541,1.64578,2.63,1.32
2013.06.10 17:08:17.898,1.64541,1.6458,2.63,3.57
2013.06.10 17:08:18.239,1.64542,1.6458,1.69,1.32
2013.06.10 17:08:18.479,1.64547,1.64577,1.32,1.13
2013.06.10 17:08:18.539,1.64548,1.64579,1.32,1.13
2013.06.10 17:08:18.658,1.64549,1.64585,1.69,1.13
2013.06.10 17:08:18.719,1.64554,1.64587,1.69,1.50
2013.06.10 17:08:19.077,1.64555,1.64587,1.69,1.13
2013.06.10 17:08:19.197,1.64555,1.64587,1.69,1.88
2013.06.10 17:08:19.257,1.64555,1.64587,1.50,2.07
2013.06.10 17:08:19.317,1.64554,1.64583,1.69,1.13
2013.06.10 17:08:19.677,1.64548,1.64574,1.69,1.13
2013.06.10 17:08:19.987,1.64548,1.64578,1.50,1.13
2013.06.10 17:08:21.148,1.64546,1.64578,1.13,1.13
2013.06.10 17:08:24.576,1.64543,1.64577,1.88,1.13
2013.06.10 17:08:24.637,1.64543,1.64579,1.88,1.13
2013.06.10 17:08:36.956,1.64543,1.64578,1.88,1.13
2013.06.10 17:08:37.257,1.64545,1.6458,1.32,1.13
2013.06.10 17:08:37.558,1.64558,1.64587,1.13,1.13
2013.06.10 17:08:37.978,1.64558,1.64587,1.69,1.13
2013.06.10 17:08:38.097,1.64561,1.64589,1.69,1.13
2013.06.10 17:08:38.217,1.64556,1.64589,1.69,1.13
2013.06.10 17:08:38.277,1.64555,1.64589,1.88,1.13
2013.06.10 17:08:38.399,1.64555,1.64579,1.69,1.13
2013.06.10 17:08:38.517,1.64551,1.64579,1.88,1.13
2013.06.10 17:08:38.756,1.64551,1.64579,1.69,1.13
2013.06.10 17:08:42.498,1.64551,1.64574,1.50,1.13
2013.06.10 17:08:42.967,1.64546,1.6458,2.25,2.07
2013.06.10 17:08:43.087,1.64545,1.6458,2.25,1.32
2013.06.10 17:08:43.147,1.64545,1.6458,2.25,1.32
2013.06.10 17:08:43.388,1.64557,1.64582,1.50,1.50
2013.06.10 17:08:43.687,1.64559,1.64587,1.50,2.82
2013.06.10 17:08:43.747,1.64559,1.64589,1.50,1.32
2013.06.10 17:08:44.177,1.64561,1.64593,1.50,2.07
2013.06.10 17:08:44.297,1.6456,1.64595,1.50,1.69
2013.06.10 17:08:45.628,1.64563,1.64593,1.69,1.50
2013.06.10 17:08:45.988,1.64564,1.64593,1.69,1.13
2013.06.10 17:08:46.047,1.64564,1.64601,1.69,2.07
2013.06.10 17:08:46.240,1.64561,1.64593,1.69,1.13
2013.06.10 17:08:46.537,1.6456,1.64593,1.50,1.32
2013.06.10 17:08:46.848,1.64557,1.64589,2.25,1.32
2013.06.10 17:08:47.028,1.64559,1.64589,1.69,1.13
2013.06.10 17:08:47.147,1.64559,1.64589,1.69,1.50
2013.06.10 17:08:47.267,1.64559,1.64594,1.69,2.44
2013.06.10 17:08:47.387,1.64558,1.64594,2.44,1.69
2013.06.10 17:08:48.012,1.64558,1.6459,1.69,1.50
2013.06.10 17:08:52.177,1.64556,1.6459,1.69,1.50
2013.06.10 17:08:53.977,1.64556,1.6459,1.69,1.50
2013.06.10 17:09:01.467,1.64554,1.6459,1.69,1.50
2013.06.10 17:09:05.613,1.64554,1.64588,1.69,1.50
2013.06.10 17:09:05.737,1.64554,1.64589,1.69,1.32
2013.06.10 17:09:06.877,1.64552,1.64589,1.88,1.32
2013.06.10 17:09:09.098,1.64552,1.64584,1.88,1.50
2013.06.10 17:09:09.457,1.6455,1.64584,1.69,1.69
2013.06.10 17:09:09.637,1.64548,1.6458,1.28,1.50
2013.06.10 17:09:10.068,1.64548,1.64585,1.65,1.69
2013.06.10 17:09:11.677,1.64549,1.64585,1.50,1.69
2013.06.10 17:09:12.059,1.64551,1.64588,1.69,2.07
2013.06.10 17:09:12.129,1.64551,1.64588,1.69,1.32
2013.06.10 17:09:16.377,1.64551,1.64584,2.63,1.50
2013.06.10 17:09:16.497,1.64551,1.64587,1.69,1.32
2013.06.10 17:09:18.407,1.6455,1.64583,2.25,1.13
2013.06.10 17:09:19.737,1.64551,1.64585,1.32,1.50
2013.06.10 17:09:19.797,1.64551,1.64585,1.32,1.50
2013.06.10 17:09:21.337,1.64556,1.64585,1.32,1.50
2013.06.10 17:09:21.398,1.64556,1.64591,1.32,1.50
2013.06.10 17:09:21.638,1.64554,1.64588,1.69,1.50
2013.06.10 17:09:21.998,1.64555,1.64587,1.32,1.50
2013.06.10 17:09:22.120,1.64555,1.64593,2.82,1.50
2013.06.10 17:09:22.418,1.64563,1.64585,3.19,1.50
2013.06.10 17:09:22.477,1.64563,1.64593,2.44,1.13
2013.06.10 17:09:22.718,1.64567,1.64601,2.44,1.50
2013.06.10 17:09:22.778,1.64567,1.64603,2.44,1.32
2013.06.10 17:09:23.820,1.64567,1.64604,2.44,3.57
2013.06.10 17:09:23.888,1.64568,1.64604,1.69,2.82
2013.06.10 17:09:24.247,1.6458,1.64607,1.50,1.13
2013.06.10 17:09:24.548,1.64582,1.6462,2.44,1.69
2013.06.10 17:09:24.608,1.64582,1.6462,2.44,1.69
2013.06.10 17:09:24.968,1.64592,1.64626,2.07,2.25
2013.06.10 17:09:25.027,1.64594,1.64626,1.69,1.50
2013.06.10 17:09:25.268,1.64594,1.64628,1.50,1.32
2013.06.10 17:09:25.387,1.64589,1.64619,1.65,1.13
2013.06.10 17:09:25.447,1.64588,1.64613,1.50,1.50
2013.06.10 17:09:25.507,1.64583,1.64613,1.32,1.50
2013.06.10 17:09:25.748,1.64584,1.64611,1.13,1.50
2013.06.10 17:09:25.997,1.64583,1.64615,1.32,1.50
2013.06.10 17:09:31.018,1.64584,1.64615,1.50,1.69
2013.06.10 17:09:31.257,1.64583,1.64613,1.13,1.50
2013.06.10 17:09:31.318,1.64584,1.64613,1.50,1.88
2013.06.10 17:09:31.438,1.64583,1.64619,1.28,1.50
2013.06.10 17:09:31.499,1.64587,1.6462,2.07,1.50
2013.06.10 17:09:31.678,1.64587,1.64619,1.69,2.25
2013.06.10 17:09:32.158,1.6459,1.64623,1.65,1.50
2013.06.10 17:09:32.468,1.64589,1.64623,1.13,1.50
2013.06.10 17:09:32.648,1.64585,1.64623,3.94,2.25
2013.06.10 17:09:32.948,1.64586,1.64617,1.50,1.32
2013.06.10 17:09:33.008,1.64586,1.64617,3.00,1.32
2013.06.10 17:09:33.127,1.64581,1.64616,2.63,1.69
2013.06.10 17:09:33.667,1.64581,1.64614,1.13,1.50
2013.06.10 17:09:33.728,1.64579,1.64608,1.13,1.13
2013.06.10 17:09:34.089,1.64576,1.64611,1.50,2.82
2013.06.10 17:09:34.149,1.64575,1.6461,1.50,1.32
2013.06.10 17:09:34.209,1.64572,1.64604,1.50,2.22
2013.06.10 17:09:34.447,1.6457,1.64603,1.50,1.32
2013.06.10 17:09:34.508,1.64568,1.646,1.50,1.32
2013.06.10 17:09:34.567,1.64565,1.646,2.25,2.07
2013.06.10 17:09:34.897,1.64565,1.646,1.50,3.19
2013.06.10 17:09:35.076,1.64566,1.64596,1.50,1.69
2013.06.10 17:09:36.189,1.64564,1.64597,2.44,2.44
2013.06.10 17:09:36.368,1.64564,1.64599,2.07,1.32
2013.06.10 17:09:36.427,1.64564,1.64597,1.69,1.13
2013.06.10 17:09:36.967,1.64563,1.64599,1.69,1.32
2013.06.10 17:09:37.618,1.64563,1.646,3.38,2.07
2013.06.10 17:09:39.636,1.64567,1.64599,1.47,1.32
2013.06.10 17:09:39.997,1.6457,1.64604,1.50,2.44
2013.06.10 17:09:40.417,1.64571,1.64607,2.07,1.32
2013.06.10 17:09:42.337,1.64567,1.64603,3.19,1.69
2013.06.10 17:09:42.397,1.64567,1.64603,2.44,1.69
2013.06.10 17:09:42.917,1.64566,1.646,2.25,1.69
2013.06.10 17:09:44.757,1.64567,1.64598,1.50,1.32
2013.06.10 17:09:45.059,1.6457,1.64603,1.28,1.13
2013.06.10 17:09:45.119,1.64575,1.64608,1.47,1.69
2013.06.10 17:09:45.187,1.64575,1.64607,1.84,1.32
2013.06.10 17:09:45.248,1.64585,1.64609,1.69,1.88
2013.06.10 17:09:45.307,1.64587,1.64609,1.32,1.50
2013.06.10 17:09:45.428,1.64587,1.64609,1.69,1.50
2013.06.10 17:09:45.608,1.64582,1.64615,2.40,1.50
2013.06.10 17:09:45.857,1.64583,1.64618,1.69,1.88
2013.06.10 17:09:46.978,1.64582,1.64618,2.07,1.13
2013.06.10 17:09:47.134,1.64582,1.64618,2.07,1.32
2013.06.10 17:09:49.168,1.64584,1.64613,1.50,1.69
2013.06.10 17:09:49.290,1.64583,1.64614,2.63,1.69
2013.06.10 17:09:49.349,1.64579,1.64608,1.13,1.13
2013.06.10 17:09:49.467,1.64582,1.64616,1.88,2.59
2013.06.10 17:09:49.769,1.64576,1.64614,1.50,2.07
2013.06.10 17:09:49.829,1.64576,1.64614,1.50,2.82
2013.06.10 17:09:52.837,1.64575,1.64608,1.69,1.32
2013.06.10 17:09:53.077,1.64572,1.64603,1.69,1.32
2013.06.10 17:09:53.138,1.64572,1.64605,1.69,1.32
2013.06.10 17:09:53.377,1.64566,1.64604,3.19,1.69
2013.06.10 17:09:53.937,1.6457,1.64605,2.25,1.69
2013.06.10 17:09:54.297,1.64578,1.64608,1.69,1.13
2013.06.10 17:09:54.607,1.64583,1.64608,1.50,1.13
2013.06.10 17:09:55.396,1.64583,1.64608,1.50,1.13
2013.06.10 17:09:56.797,1.64583,1.64608,1.50,1.13
2013.06.10 17:09:56.977,1.64579,1.64608,1.69,1.13
2013.06.10 17:09:57.928,1.6458,1.64608,1.13,1.13
2013.06.10 17:09:58.287,1.64584,1.64608,1.50,1.13
2013.06.10 17:09:59.247,1.64584,1.64608,1.50,1.32
2013.06.10 17:09:59.367,1.64574,1.64609,2.25,2.44
2013.06.10 17:09:59.427,1.64574,1.64609,2.25,2.44
2013.06.10 17:09:59.487,1.64571,1.64608,1.50,2.07
2013.06.10 17:09:59.858,1.64572,1.64608,1.50,1.32
2013.06.10 17:10:00.394,1.64573,1.6461,1.50,1.69
2013.06.10 17:10:01.549,1.64572,1.64608,2.25,1.32
2013.06.10 17:10:02.400,1.64571,1.64605,1.50,1.69
2013.06.10 17:10:02.584,1.64567,1.64605,2.25,3.94
2013.06.10 17:10:03.528,1.64565,1.64601,1.69,1.50
2013.06.10 17:10:03.707,1.64567,1.64606,2.44,1.69
2013.06.10 17:10:03.958,1.64571,1.64608,1.69,2.07
2013.06.10 17:10:04.257,1.64567,1.64607,2.44,1.32
2013.06.10 17:10:04.697,1.64566,1.64603,2.44,1.13
2013.06.10 17:10:05.296,1.64566,1.64603,2.44,1.32
2013.06.10 17:10:05.874,1.64566,1.64599,1.69,1.13
2013.06.10 17:10:06.278,1.64566,1.64599,1.69,1.13
2013.06.10 17:10:08.957,1.64566,1.64599,1.50,1.32
2013.06.10 17:10:09.580,1.64562,1.64597,1.69,1.32
2013.06.10 17:10:11.057,1.64566,1.64598,1.50,1.32
2013.06.10 17:10:11.178,1.64569,1.64597,1.50,1.32
2013.06.10 17:10:12.068,1.64569,1.64599,1.84,1.13
2013.06.10 17:10:12.428,1.64572,1.64605,1.32,1.50
2013.06.10 17:10:12.787,1.64591,1.6461,1.69,2.25
2013.06.10 17:10:12.907,1.64591,1.64625,1.69,2.25
2013.06.10 17:10:13.534,1.64592,1.64629,2.44,2.44
2013.06.10 17:10:13.602,1.64596,1.64629,1.50,2.44
2013.06.10 17:10:13.667,1.64593,1.64629,1.69,2.44
2013.06.10 17:10:13.787,1.64593,1.64629,1.69,2.25
2013.06.10 17:10:17.289,1.64591,1.64628,2.44,1.50
2013.06.10 17:10:17.410,1.64591,1.64627,2.44,1.69
2013.06.10 17:10:17.481,1.64588,1.64624,1.69,2.44
2013.06.10 17:10:17.550,1.64587,1.64624,1.69,2.44
2013.06.10 17:10:17.728,1.64587,1.64614,1.50,1.50
2013.06.10 17:10:17.848,1.64582,1.64617,1.50,2.82
2013.06.10 17:10:17.909,1.64581,1.64613,1.50,2.44
2013.06.10 17:10:17.968,1.64578,1.64613,2.25,2.44
2013.06.10 17:10:18.087,1.64578,1.64613,1.50,1.69
2013.06.10 17:10:18.147,1.64574,1.6461,2.44,1.69
2013.06.10 17:10:18.208,1.64571,1.64607,1.50,1.69
2013.06.10 17:10:18.327,1.6457,1.64603,1.50,1.32
2013.06.10 17:10:18.387,1.64566,1.64603,2.82,1.32
2013.06.10 17:10:19.188,1.64566,1.64604,2.44,2.07
2013.06.10 17:10:20.717,1.64566,1.64604,5.44,2.07
2013.06.10 17:10:20.918,1.64566,1.64604,5.44,2.82
2013.06.10 17:10:21.228,1.64566,1.64604,2.44,2.82
2013.06.10 17:10:24.367,1.64566,1.64604,2.44,2.07
2013.06.10 17:10:24.548,1.64572,1.64604,2.25,1.69
2013.06.10 17:10:24.917,1.64576,1.64608,1.50,1.32
2013.06.10 17:10:25.157,1.64573,1.64608,1.50,1.32
2013.06.10 17:10:26.923,1.64573,1.64608,1.69,1.32
2013.06.10 17:10:27.166,1.64571,1.64606,2.44,1.50
2013.06.10 17:10:27.650,1.64577,1.64608,1.69,2.63
2013.06.10 17:10:27.707,1.64577,1.64608,1.69,1.88
2013.06.10 17:10:28.266,1.64583,1.64608,1.69,1.13
2013.06.10 17:10:33.246,1.64576,1.64611,3.19,1.13
2013.06.10 17:10:36.248,1.64576,1.64611,3.19,1.13
2013.06.10 17:10:37.498,1.64576,1.64611,1.69,1.13
2013.06.10 17:10:37.698,1.64573,1.64608,1.69,1.32
2013.06.10 17:10:37.997,1.64567,1.64602,1.69,1.88
2013.06.10 17:10:38.757,1.64564,1.64602,4.69,1.88
2013.06.10 17:10:40.686,1.64565,1.64602,3.94,1.88
2013.06.10 17:10:41.607,1.64564,1.64602,6.57,1.88
2013.06.10 17:10:42.378,1.64566,1.64602,2.44,1.88
2013.06.10 17:10:42.496,1.64565,1.64602,2.44,1.88
2013.06.10 17:10:47.008,1.64565,1.64602,1.69,1.88
2013.06.10 17:10:52.319,1.64567,1.64602,1.69,1.88
2013.06.10 17:10:52.647,1.64569,1.64607,1.69,1.13
2013.06.10 17:10:53.687,1.64576,1.64608,1.69,1.88
2013.06.10 17:10:53.867,1.64579,1.64608,1.69,1.50
2013.06.10 17:10:53.986,1.64582,1.64608,1.69,1.50
2013.06.10 17:10:54.226,1.64583,1.64617,2.07,3.00
2013.06.10 17:10:54.837,1.64584,1.6462,1.69,1.50
2013.06.10 17:10:55.017,1.64584,1.6462,1.69,1.50
2013.06.10 17:10:56.549,1.64584,1.64616,1.69,1.50
2013.06.10 17:10:57.066,1.64582,1.64615,1.69,2.25
2013.06.10 17:10:57.676,1.64583,1.64621,1.69,1.50
2013.06.10 17:10:58.497,1.64585,1.64621,1.69,1.50
2013.06.10 17:11:02.477,1.64583,1.64618,3.19,1.50
2013.06.10 17:11:02.838,1.64586,1.64617,3.57,1.13
2013.06.10 17:11:02.899,1.64586,1.64618,1.69,1.13
2013.06.10 17:11:02.958,1.6459,1.64624,1.50,2.07
2013.06.10 17:11:03.362,1.64586,1.64607,1.50,1.32
2013.06.10 17:11:03.548,1.6458,1.64607,1.50,1.32
2013.06.10 17:11:03.669,1.64581,1.64615,1.69,1.50
2013.06.10 17:11:03.787,1.64585,1.64616,1.50,1.69
2013.06.10 17:11:03.847,1.64585,1.64615,1.50,1.50
2013.06.10 17:11:04.151,1.64586,1.64619,1.50,1.32
2013.06.10 17:11:05.467,1.64587,1.64623,2.44,1.32
2013.06.10 17:11:05.527,1.64586,1.64624,3.19,1.69
2013.06.10 17:11:05.707,1.64586,1.64623,3.19,1.69
2013.06.10 17:11:06.253,1.64586,1.64619,1.69,1.13
2013.06.10 17:11:07.467,1.64586,1.64624,3.19,1.69
2013.06.10 17:11:08.177,1.64586,1.64624,2.44,1.69
2013.06.10 17:11:08.792,1.64588,1.64624,1.50,1.69
2013.06.10 17:11:09.211,1.64589,1.64628,1.50,2.07
2013.06.10 17:11:10.288,1.64589,1.64628,1.50,2.07
2013.06.10 17:11:10.767,1.64589,1.64629,1.69,3.19
2013.06.10 17:11:10.828,1.64596,1.64629,1.50,1.69
2013.06.10 17:11:11.187,1.64597,1.64634,1.69,1.50
2013.06.10 17:11:11.767,1.64597,1.64634,1.69,1.88
2013.06.10 17:11:11.888,1.64596,1.64634,2.44,2.07
2013.06.10 17:11:12.127,1.64596,1.64634,1.69,1.69
2013.06.10 17:11:12.247,1.64595,1.6463,1.50,1.69
2013.06.10 17:11:12.888,1.64593,1.6463,1.50,1.69
2013.06.10 17:11:14.037,1.64593,1.6463,1.69,1.69
2013.06.10 17:11:17.806,1.64594,1.64631,1.50,1.69
2013.06.10 17:11:17.931,1.64593,1.6463,1.69,1.69
2013.06.10 17:11:17.998,1.64593,1.6463,1.50,1.69
2013.06.10 17:11:18.357,1.64594,1.6463,3.00,1.69
2013.06.10 17:11:18.807,1.64593,1.6463,1.50,1.69
2013.06.10 17:11:19.297,1.64591,1.64628,1.69,2.44
2013.06.10 17:11:20.113,1.64591,1.64628,1.69,2.44
2013.06.10 17:11:22.996,1.64591,1.64628,1.69,2.44
2013.06.10 17:11:26.936,1.64591,1.64628,1.69,2.44
2013.06.10 17:11:29.388,1.64591,1.64626,1.69,1.50
2013.06.10 17:11:29.646,1.64589,1.64626,1.69,2.25
2013.06.10 17:11:29.949,1.64584,1.64619,1.69,1.13
2013.06.10 17:11:30.067,1.64583,1.64619,1.69,1.13
2013.06.10 17:11:30.487,1.64587,1.64618,1.69,1.13
2013.06.10 17:11:30.847,1.64586,1.6462,1.69,1.50
2013.06.10 17:11:30.907,1.64586,1.64623,1.69,3.00
2013.06.10 17:11:31.207,1.64586,1.64623,1.69,2.25
2013.06.10 17:11:31.447,1.64587,1.64623,1.69,3.00
2013.06.10 17:11:31.628,1.64585,1.64619,3.19,2.25
2013.06.10 17:11:31.687,1.64585,1.64619,2.44,2.25
2013.06.10 17:11:31.869,1.64585,1.64619,1.50,1.32
2013.06.10 17:11:32.470,1.64581,1.64615,1.13,2.25
2013.06.10 17:11:32.587,1.64578,1.64615,1.13,3.00
2013.06.10 17:11:32.947,1.64577,1.64611,1.88,1.50
2013.06.10 17:11:33.223,1.64577,1.64611,1.13,1.50
2013.06.10 17:11:33.737,1.64574,1.64611,2.07,1.50
2013.06.10 17:11:34.097,1.6458,1.64617,1.69,2.07
2013.06.10 17:11:34.881,1.64581,1.64617,1.13,1.69
2013.06.10 17:11:40.067,1.64581,1.64618,1.13,2.44
2013.06.10 17:11:40.247,1.64584,1.64621,1.50,2.44
2013.06.10 17:11:43.648,1.64584,1.64621,1.69,1.69
2013.06.10 17:11:51.537,1.64584,1.64617,3.19,1.32
2013.06.10 17:11:52.677,1.64584,1.64617,3.00,1.32
2013.06.10 17:11:52.857,1.64581,1.64612,1.69,1.50
2013.06.10 17:11:52.917,1.64582,1.64617,1.50,3.57
2013.06.10 17:11:53.098,1.64581,1.64617,1.32,1.69
2013.06.10 17:11:53.277,1.64584,1.64617,1.50,1.69
2013.06.10 17:11:54.127,1.64583,1.64617,1.50,1.69
2013.06.10 17:11:55.957,1.64582,1.64617,2.07,1.50
2013.06.10 17:11:57.097,1.64582,1.64617,1.32,1.50
2013.06.10 17:11:57.478,1.64591,1.64617,1.69,1.50
2013.06.10 17:11:57.658,1.64592,1.64627,1.32,1.50
2013.06.10 17:11:57.777,1.64587,1.64625,1.69,1.69
2013.06.10 17:11:57.896,1.64586,1.64625,3.19,2.44
2013.06.10 17:11:57.958,1.64586,1.64622,2.25,1.69
2013.06.10 17:11:58.209,1.6458,1.64618,1.32,1.69
2013.06.10 17:11:58.448,1.64579,1.64617,1.69,2.07
2013.06.10 17:12:01.571,1.64579,1.64617,1.50,1.69
2013.06.10 17:12:02.462,1.64579,1.64615,1.50,1.69
2013.06.10 17:12:02.716,1.64579,1.64613,1.50,1.69
2013.06.10 17:12:05.098,1.64579,1.64612,1.50,1.69
2013.06.10 17:12:05.158,1.64579,1.64614,1.50,1.69
2013.06.10 17:12:05.477,1.64576,1.64614,1.69,2.44
2013.06.10 17:12:05.657,1.64575,1.64612,1.69,1.69
2013.06.10 17:12:06.427,1.64575,1.64607,1.50,1.13
2013.06.10 17:12:06.787,1.64567,1.64605,3.38,2.82
2013.06.10 17:12:07.647,1.64567,1.64605,2.44,2.82
2013.06.10 17:12:07.768,1.64567,1.64598,1.69,1.13
2013.06.10 17:12:07.905,1.64567,1.64598,1.50,1.32
2013.06.10 17:12:09.037,1.64567,1.64598,1.50,1.32
2013.06.10 17:12:10.237,1.64567,1.64598,1.50,1.32
2013.06.10 17:12:11.587,1.64567,1.64597,1.50,1.65
2013.06.10 17:12:11.707,1.64559,1.64594,1.69,1.69
2013.06.10 17:12:11.767,1.64557,1.64594,1.69,3.19
2013.06.10 17:12:11.949,1.64553,1.64589,3.94,1.69
2013.06.10 17:12:13.937,1.64553,1.6459,2.44,2.44
2013.06.10 17:12:14.117,1.64562,1.64594,1.32,1.50
2013.06.10 17:12:14.387,1.64562,1.64598,1.32,1.32
2013.06.10 17:12:14.746,1.64561,1.64597,2.44,1.69
2013.06.10 17:12:15.047,1.64557,1.6459,2.25,1.69
2013.06.10 17:12:15.227,1.64557,1.6459,2.44,1.50
2013.06.10 17:12:15.467,1.64555,1.6459,3.19,1.50
2013.06.10 17:12:17.178,1.64559,1.6459,2.44,1.50
2013.06.10 17:12:17.737,1.64566,1.64595,1.69,2.25
2013.06.10 17:12:17.799,1.64566,1.64601,2.44,1.88
2013.06.10 17:12:18.158,1.64569,1.646,1.13,1.50
2013.06.10 17:12:19.336,1.64566,1.64596,2.63,2.07
2013.06.10 17:12:19.637,1.64556,1.64585,1.50,1.50
2013.06.10 17:12:19.757,1.64546,1.64581,1.69,1.69
2013.06.10 17:12:20.656,1.64545,1.64581,1.69,1.69
2013.06.10 17:12:20.777,1.64544,1.64579,1.69,1.50
2013.06.10 17:12:21.501,1.64544,1.64577,1.69,1.50
2013.06.10 17:12:22.116,1.64544,1.64577,1.69,1.50
2013.06.10 17:12:23.737,1.64543,1.64577,1.32,1.50
2013.06.10 17:12:24.256,1.64541,1.64577,1.50,1.69
2013.06.10 17:12:25.116,1.6454,1.64577,1.69,1.69
2013.06.10 17:12:25.196,1.64543,1.64577,1.13,1.69
2013.06.10 17:12:25.257,1.64541,1.64577,1.13,1.69
2013.06.10 17:12:25.728,1.64542,1.64577,1.13,1.69
2013.06.10 17:12:28.197,1.64541,1.64577,1.32,1.69
2013.06.10 17:12:28.440,1.6454,1.64576,1.69,2.07
2013.06.10 17:12:28.747,1.64537,1.64571,1.69,1.32
2013.06.10 17:12:29.160,1.64536,1.64572,1.69,1.69
2013.06.10 17:12:29.857,1.64537,1.64572,1.32,1.69
2013.06.10 17:12:30.118,1.64538,1.64572,1.13,1.69
2013.06.10 17:12:30.538,1.64539,1.64573,1.13,1.69
2013.06.10 17:12:30.598,1.64541,1.64573,1.50,1.69
2013.06.10 17:12:30.717,1.64546,1.64579,1.32,1.88
2013.06.10 17:12:30.777,1.64546,1.64583,1.32,1.69
2013.06.10 17:12:30.837,1.64549,1.64583,1.32,1.69
2013.06.10 17:12:31.198,1.64549,1.64587,1.69,1.69
2013.06.10 17:12:31.317,1.6455,1.64587,1.69,1.69
2013.06.10 17:12:32.207,1.64548,1.64585,2.44,1.50
2013.06.10 17:12:33.472,1.64548,1.64585,3.19,1.69
2013.06.10 17:12:37.767,1.64549,1.64586,1.50,3.19
2013.06.10 17:12:37.947,1.64544,1.64582,2.25,2.07
2013.06.10 17:12:38.717,1.64545,1.64582,1.50,2.82
2013.06.10 17:12:39.076,1.6454,1.64574,2.44,1.69
2013.06.10 17:12:39.377,1.64534,1.6457,2.44,2.44
2013.06.10 17:12:39.437,1.64534,1.64569,1.69,1.69
2013.06.10 17:12:40.217,1.64534,1.64569,1.50,1.13
2013.06.10 17:12:40.526,1.64538,1.64569,1.50,1.13
2013.06.10 17:12:40.827,1.64544,1.64569,1.50,1.13
2013.06.10 17:12:41.176,1.64542,1.64573,1.50,2.44
2013.06.10 17:12:41.694,1.64543,1.64571,1.50,1.13
2013.06.10 17:12:41.957,1.64539,1.64572,2.25,1.13
2013.06.10 17:12:42.825,1.64539,1.64572,3.00,1.13
2013.06.10 17:12:43.129,1.64542,1.64575,3.19,1.50
2013.06.10 17:12:43.967,1.6454,1.64574,1.50,3.19
2013.06.10 17:12:44.516,1.64541,1.64574,1.50,3.38
2013.06.10 17:12:45.192,1.6454,1.64571,1.50,1.13
2013.06.10 17:12:46.777,1.6454,1.64572,1.69,1.13
2013.06.10 17:12:47.311,1.64541,1.64572,1.50,1.13
2013.06.10 17:12:47.837,1.64536,1.64569,3.19,1.50
2013.06.10 17:12:48.558,1.64539,1.64569,2.44,1.50
2013.06.10 17:12:49.169,1.64541,1.64569,1.13,1.50
2013.06.10 17:12:49.479,1.64538,1.64569,1.50,1.69
2013.06.10 17:12:49.537,1.64538,1.64569,1.50,2.44
2013.06.10 17:12:50.238,1.64539,1.64568,1.50,1.88
2013.06.10 17:12:50.538,1.64536,1.64569,2.25,3.38
2013.06.10 17:12:50.897,1.64538,1.64569,1.50,1.69
2013.06.10 17:12:51.218,1.64536,1.64569,1.69,1.50
2013.06.10 17:12:51.398,1.64535,1.64569,1.69,1.50
2013.06.10 17:12:51.697,1.64536,1.64573,1.69,1.13
2013.06.10 17:12:56.017,1.64536,1.64573,3.19,1.32
2013.06.10 17:12:58.128,1.6454,1.64574,2.07,1.13
2013.06.10 17:12:58.670,1.6454,1.64578,5.82,3.15
2013.06.10 17:12:59.206,1.64543,1.64578,1.69,2.44
2013.06.10 17:13:01.337,1.64542,1.64578,1.13,2.44
2013.06.10 17:13:03.417,1.64542,1.64578,1.13,2.25
2013.06.10 17:13:04.417,1.64546,1.64578,1.69,2.25
2013.06.10 17:13:06.747,1.64543,1.64578,3.88,2.25
2013.06.10 17:13:07.047,1.64557,1.64588,1.50,1.84
2013.06.10 17:13:11.458,1.64556,1.64592,1.88,1.69
2013.06.10 17:13:11.978,1.64556,1.64588,1.13,2.44
2013.06.10 17:13:12.500,1.64553,1.64588,1.13,2.44
2013.06.10 17:13:15.456,1.64555,1.64593,1.88,2.44
2013.06.10 17:13:15.996,1.64556,1.64593,1.13,2.44
2013.06.10 17:13:19.058,1.64554,1.64588,1.13,1.69
2013.06.10 17:13:19.177,1.64554,1.64588,1.88,1.69
2013.06.10 17:13:19.357,1.64553,1.64588,2.07,1.69
2013.06.10 17:13:19.418,1.64553,1.64586,2.07,1.50
2013.06.10 17:13:19.796,1.64556,1.64586,1.50,1.50
2013.06.10 17:13:19.988,1.64556,1.64588,1.50,1.69
2013.06.10 17:13:20.849,1.64556,1.64588,1.50,1.69
2013.06.10 17:13:20.969,1.64551,1.64584,3.19,1.50
2013.06.10 17:13:21.268,1.64551,1.64585,1.13,1.50
2013.06.10 17:13:21.447,1.64551,1.64585,1.13,1.50
2013.06.10 17:13:22.687,1.64548,1.64584,1.88,1.50
2013.06.10 17:13:25.127,1.64551,1.64581,1.13,1.50
2013.06.10 17:13:25.486,1.64556,1.64588,1.32,1.50
2013.06.10 17:13:25.546,1.64556,1.64588,1.32,1.50
2013.06.10 17:13:26.287,1.64562,1.64588,1.88,1.50
2013.06.10 17:13:26.478,1.64562,1.64593,1.88,1.69
2013.06.10 17:13:26.537,1.64562,1.64592,1.88,3.00
2013.06.10 17:13:26.957,1.64553,1.64586,1.69,1.50
2013.06.10 17:13:27.467,1.64553,1.64587,2.07,1.88
2013.06.10 17:13:27.586,1.64553,1.64587,2.07,1.88
2013.06.10 17:13:34.707,1.64553,1.64587,1.32,2.22
2013.06.10 17:13:35.240,1.64553,1.64582,1.32,1.50
2013.06.10 17:13:35.767,1.64553,1.64584,1.32,2.22
2013.06.10 17:13:36.075,1.64553,1.64584,1.32,1.88
2013.06.10 17:13:36.817,1.64552,1.64585,2.07,1.50
2013.06.10 17:13:38.128,1.64553,1.64586,2.25,1.50
2013.06.10 17:13:40.197,1.64552,1.64587,2.82,3.00
2013.06.10 17:13:40.868,1.64552,1.64584,1.32,1.09
2013.06.10 17:13:41.171,1.64544,1.64577,1.28,1.50
2013.06.10 17:13:41.478,1.64552,1.64578,2.07,1.50
2013.06.10 17:13:41.657,1.64557,1.64586,1.69,3.00
2013.06.10 17:13:41.778,1.64557,1.64586,1.69,1.50
2013.06.10 17:13:41.897,1.64557,1.64588,1.69,1.50
2013.06.10 17:13:42.517,1.64556,1.64588,2.44,1.50
2013.06.10 17:13:42.698,1.64557,1.6459,1.69,2.25
2013.06.10 17:13:42.880,1.64557,1.64588,1.69,1.50
2013.06.10 17:13:42.937,1.64557,1.64588,1.69,1.50
2013.06.10 17:13:43.498,1.64555,1.64587,1.88,1.88
2013.06.10 17:13:43.678,1.64556,1.64588,1.13,1.50
2013.06.10 17:13:43.797,1.64556,1.64591,1.13,1.32
2013.06.10 17:13:44.287,1.64555,1.64591,1.13,1.32
2013.06.10 17:13:49.206,1.64556,1.64591,1.13,1.32
2013.06.10 17:13:50.666,1.64552,1.64589,3.19,1.28
2013.06.10 17:13:50.848,1.64551,1.64586,1.50,2.82
2013.06.10 17:13:51.235,1.64546,1.64578,1.69,1.09
2013.06.10 17:13:51.298,1.64543,1.64578,1.50,1.65
2013.06.10 17:13:51.816,1.64543,1.64578,1.50,1.65
2013.06.10 17:13:52.738,1.64543,1.64578,2.07,1.28
2013.06.10 17:13:53.747,1.64543,1.6458,1.32,2.82
2013.06.10 17:13:54.778,1.64542,1.6458,1.69,2.07
2013.06.10 17:13:54.959,1.64543,1.6458,1.88,2.82
2013.06.10 17:13:55.078,1.64543,1.6458,1.88,2.82
2013.06.10 17:13:55.439,1.64543,1.64574,1.13,1.65
2013.06.10 17:13:56.747,1.64543,1.64574,1.13,1.65
2013.06.10 17:13:59.609,1.64542,1.64574,2.07,1.47
2013.06.10 17:13:59.728,1.64542,1.64578,2.44,1.69
2013.06.10 17:13:59.787,1.64542,1.64575,1.69,1.50
2013.06.10 17:14:00.027,1.64543,1.64578,1.69,1.69
2013.06.10 17:14:00.267,1.64545,1.64578,1.50,1.69
2013.06.10 17:14:01.367,1.64545,1.64578,1.50,1.69
2013.06.10 17:14:01.647,1.64543,1.64578,1.50,1.69
2013.06.10 17:14:02.167,1.64541,1.64578,3.19,1.69
2013.06.10 17:14:02.898,1.64542,1.64578,3.19,1.69
2013.06.10 17:14:02.956,1.64543,1.6458,1.50,1.32
2013.06.10 17:14:03.636,1.6454,1.64578,1.69,1.69
2013.06.10 17:14:05.647,1.6454,1.64577,3.19,2.03
2013.06.10 17:14:06.128,1.64537,1.6457,1.13,1.47
2013.06.10 17:14:06.447,1.64536,1.64566,1.69,2.44
2013.06.10 17:14:06.917,1.64536,1.64568,1.69,1.65
2013.06.10 17:14:07.037,1.64535,1.64569,2.44,1.65
2013.06.10 17:14:07.605,1.64537,1.64569,1.69,1.65
2013.06.10 17:14:08.478,1.64537,1.64569,1.88,1.65
2013.06.10 17:14:08.537,1.64537,1.6457,2.44,1.65
2013.06.10 17:14:08.717,1.6454,1.64573,1.69,2.82
2013.06.10 17:14:09.258,1.64541,1.64573,1.69,1.32
2013.06.10 17:14:10.149,1.64541,1.64574,1.88,1.32
2013.06.10 17:14:10.268,1.64543,1.64574,1.50,1.32
2013.06.10 17:14:10.658,1.64543,1.64574,2.63,1.13
2013.06.10 17:14:10.778,1.64543,1.6458,3.19,1.50
2013.06.10 17:14:10.838,1.64544,1.6458,1.32,1.50
2013.06.10 17:14:11.138,1.64548,1.64583,1.13,1.69
2013.06.10 17:14:11.258,1.64552,1.64586,1.32,1.32
2013.06.10 17:14:11.918,1.64553,1.64585,1.69,1.13
2013.06.10 17:14:12.278,1.64553,1.64581,1.13,2.82
2013.06.10 17:14:12.517,1.64552,1.6458,1.13,3.00
2013.06.10 17:14:12.908,1.64552,1.64579,1.13,2.44
2013.06.10 17:14:13.147,1.6454,1.64576,1.13,2.44
2013.06.10 17:14:13.329,1.64542,1.64579,2.44,2.44
2013.06.10 17:14:13.447,1.64543,1.64579,1.69,1.50
2013.06.10 17:14:13.628,1.64552,1.64585,1.13,1.32
2013.06.10 17:14:13.753,1.64553,1.64586,2.07,1.69
2013.06.10 17:14:14.303,1.64553,1.64588,1.32,2.82
2013.06.10 17:14:15.377,1.64552,1.64586,1.32,1.32
2013.06.10 17:14:15.938,1.64552,1.64586,1.32,1.32
2013.06.10 17:14:17.088,1.64552,1.64586,1.13,1.32
2013.06.10 17:14:18.819,1.64552,1.64586,1.13,2.44
2013.06.10 17:14:19.177,1.6455,1.64586,1.32,3.94
2013.06.10 17:14:19.721,1.64542,1.64578,1.32,2.59
2013.06.10 17:14:20.334,1.64542,1.64578,1.32,2.25
2013.06.10 17:14:20.637,1.64541,1.64576,2.07,1.69
2013.06.10 17:14:20.698,1.64542,1.64576,1.13,1.69
2013.06.10 17:14:21.727,1.64542,1.64574,1.13,1.50
2013.06.10 17:14:23.687,1.64538,1.64574,2.63,1.50
2013.06.10 17:14:23.807,1.64543,1.64575,1.32,2.07
2013.06.10 17:14:24.647,1.64543,1.64581,1.69,1.65
2013.06.10 17:14:25.338,1.64538,1.64574,2.63,1.50
2013.06.10 17:14:25.578,1.64536,1.64573,1.69,3.19
2013.06.10 17:14:25.638,1.64536,1.64569,2.25,1.28
2013.06.10 17:14:25.998,1.64533,1.64568,1.13,1.65
2013.06.10 17:14:26.058,1.64536,1.64568,1.50,1.65
2013.06.10 17:14:26.238,1.64532,1.64563,1.13,1.32
2013.06.10 17:14:26.806,1.64529,1.64565,3.75,1.32
2013.06.10 17:14:27.319,1.64527,1.64562,2.44,1.32
2013.06.10 17:14:27.442,1.64534,1.64568,1.69,1.50
2013.06.10 17:14:27.509,1.64536,1.64568,1.13,1.50
2013.06.10 17:14:27.748,1.64531,1.64567,1.50,1.32
2013.06.10 17:14:27.877,1.64531,1.64567,1.50,1.65
2013.06.10 17:14:27.937,1.64531,1.64568,3.00,1.65
2013.06.10 17:14:28.258,1.6453,1.64566,2.07,1.65
2013.06.10 17:14:28.372,1.6453,1.64566,2.07,1.65
2013.06.10 17:14:31.451,1.6453,1.64566,2.63,1.65
2013.06.10 17:14:32.188,1.6453,1.64566,1.69,2.03
2013.06.10 17:14:32.527,1.6453,1.64551,1.50,1.69
2013.06.10 17:14:32.849,1.64506,1.64539,1.69,3.15
2013.06.10 17:14:32.913,1.64506,1.64532,1.69,1.32
2013.06.10 17:14:33.217,1.6451,1.64529,2.25,1.32
2013.06.10 17:14:33.278,1.6451,1.64531,2.25,1.32
2013.06.10 17:14:33.398,1.6451,1.64538,2.25,1.32
2013.06.10 17:14:33.518,1.64509,1.64542,1.50,2.78
2013.06.10 17:14:33.697,1.64508,1.64545,3.19,1.69
2013.06.10 17:14:33.757,1.64516,1.64545,1.13,1.69
2013.06.10 17:14:34.237,1.64511,1.64546,1.69,1.32
2013.06.10 17:14:34.717,1.64511,1.64545,1.13,1.32
2013.06.10 17:14:34.838,1.64513,1.64546,1.32,1.69
2013.06.10 17:14:35.018,1.64513,1.64545,2.07,1.69
2013.06.10 17:14:35.197,1.64514,1.64549,2.25,1.69
2013.06.10 17:14:35.637,1.64522,1.6455,1.13,1.32
2013.06.10 17:14:35.697,1.64522,1.6455,1.13,1.13
2013.06.10 17:14:35.757,1.64526,1.64554,1.13,1.32
2013.06.10 17:14:35.997,1.64525,1.6456,1.50,2.07
2013.06.10 17:14:36.536,1.64521,1.64558,2.25,1.69
2013.06.10 17:14:36.897,1.64521,1.64559,2.25,3.94
2013.06.10 17:14:39.658,1.64518,1.64554,2.44,1.69
2013.06.10 17:14:39.958,1.64518,1.64554,3.94,1.69
2013.06.10 17:14:40.318,1.64522,1.64557,1.69,1.69
2013.06.10 17:14:42.419,1.64522,1.64558,1.69,2.82
2013.06.10 17:14:42.656,1.64523,1.64559,2.07,1.32
2013.06.10 17:14:42.957,1.64527,1.64559,1.32,1.13
2013.06.10 17:14:43.408,1.64527,1.64559,1.32,1.88
2013.06.10 17:14:43.789,1.64527,1.64556,1.50,1.69
2013.06.10 17:14:43.849,1.64527,1.64556,2.25,1.69
2013.06.10 17:14:44.208,1.64526,1.64561,2.25,1.69
2013.06.10 17:14:44.437,1.64526,1.64563,3.00,1.69
2013.06.10 17:14:44.974,1.6453,1.64564,2.25,1.69
2013.06.10 17:14:47.279,1.64524,1.64559,2.63,1.69
2013.06.10 17:14:47.398,1.64524,1.64559,2.63,1.69
2013.06.10 17:14:47.458,1.64526,1.64559,1.13,1.69
2013.06.10 17:14:48.007,1.64532,1.64563,1.13,2.44
2013.06.10 17:14:48.940,1.64527,1.64563,2.63,2.44
2013.06.10 17:14:49.129,1.64532,1.64566,2.07,1.69
2013.06.10 17:14:49.548,1.64532,1.64568,1.32,2.07
2013.06.10 17:14:49.872,1.64535,1.64568,3.19,1.50
2013.06.10 17:14:50.117,1.64535,1.64573,1.69,1.32
2013.06.10 17:14:50.238,1.64535,1.64573,1.69,2.82
2013.06.10 17:14:51.059,1.64535,1.64571,1.69,1.32
2013.06.10 17:14:51.688,1.64535,1.64571,1.69,1.32
2013.06.10 17:14:53.907,1.64535,1.64571,1.69,1.32
2013.06.10 17:14:54.304,1.64535,1.64571,1.50,1.32
2013.06.10 17:14:54.599,1.64535,1.64569,1.50,1.32
2013.06.10 17:14:55.678,1.6453,1.64567,1.69,1.32
2013.06.10 17:14:57.178,1.6453,1.64566,1.69,1.32
2013.06.10 17:14:59.141,1.6453,1.64565,1.50,1.69
2013.06.10 17:14:59.647,1.64535,1.64565,1.50,1.69
2013.06.10 17:14:59.707,1.64535,1.64568,2.44,1.88
2013.06.10 17:14:59.828,1.64535,1.64572,2.44,1.69
2013.06.10 17:15:07.087,1.64534,1.64572,3.19,2.07
2013.06.10 17:15:08.007,1.64534,1.64571,1.69,1.32
2013.06.10 17:15:08.606,1.64533,1.64568,1.13,1.50
2013.06.10 17:15:12.877,1.64532,1.64568,1.13,1.88
2013.06.10 17:15:12.937,1.64532,1.64568,1.13,1.88
2013.06.10 17:15:13.238,1.64533,1.64565,1.13,1.65
2013.06.10 17:15:13.417,1.64532,1.64565,1.13,1.65
2013.06.10 17:15:13.957,1.64531,1.64567,1.50,3.15
2013.06.10 17:15:14.474,1.64525,1.6456,1.69,1.69
2013.06.10 17:15:14.538,1.64524,1.64558,1.13,1.69
2013.06.10 17:15:15.138,1.64523,1.64558,1.13,1.69
2013.06.10 17:15:18.117,1.64522,1.64556,1.32,1.32
2013.06.10 17:15:18.357,1.64522,1.64558,1.32,1.69
2013.06.10 17:15:18.688,1.64522,1.64558,1.32,1.69
2013.06.10 17:15:19.857,1.64522,1.64558,1.32,3.94
2013.06.10 17:15:22.217,1.64521,1.64558,1.32,1.69
2013.06.10 17:15:27.137,1.64523,1.64561,1.50,2.44
2013.06.10 17:15:30.137,1.64526,1.64561,1.69,1.69
2013.06.10 17:15:30.257,1.64529,1.64564,1.88,1.65
2013.06.10 17:15:30.617,1.64531,1.64567,2.25,1.32
2013.06.10 17:15:30.978,1.64537,1.64572,2.82,1.69
2013.06.10 17:15:32.858,1.64537,1.64569,2.44,1.13
2013.06.10 17:15:33.510,1.64537,1.64575,2.44,2.44
2013.06.10 17:15:35.018,1.64535,1.64567,1.32,1.50
2013.06.10 17:15:35.157,1.64534,1.64567,1.13,1.69
2013.06.10 17:15:35.697,1.64531,1.64567,1.32,2.44
2013.06.10 17:15:36.419,1.64531,1.64567,1.32,3.19
2013.06.10 17:15:36.597,1.64531,1.64564,1.32,1.50
2013.06.10 17:15:37.147,1.64531,1.64564,1.32,2.25
2013.06.10 17:15:37.480,1.64525,1.64558,1.32,1.69
2013.06.10 17:15:37.948,1.64523,1.64558,1.32,1.69
2013.06.10 17:15:40.678,1.64524,1.64558,1.32,2.44
2013.06.10 17:15:44.637,1.64525,1.64558,3.00,1.69
2013.06.10 17:15:47.000,1.64531,1.64567,1.50,2.82
2013.06.10 17:15:49.957,1.64531,1.64567,1.50,2.07
2013.06.10 17:15:50.017,1.64531,1.64567,4.13,1.69
2013.06.10 17:15:50.569,1.64533,1.64568,2.25,2.82
2013.06.10 17:15:50.747,1.64533,1.64567,2.25,2.44
2013.06.10 17:15:50.927,1.64533,1.64564,1.50,3.00
2013.06.10 17:15:50.987,1.64531,1.64563,1.13,1.13
2013.06.10 17:15:51.357,1.64531,1.64564,1.13,1.69
2013.06.10 17:15:51.907,1.64531,1.64566,1.13,2.44
2013.06.10 17:15:53.703,1.64531,1.64566,1.69,1.65
2013.06.10 17:16:00.537,1.64531,1.64566,1.50,1.65
2013.06.10 17:16:01.629,1.6453,1.64566,2.44,1.32
2013.06.10 17:16:01.987,1.64534,1.64567,2.25,2.07
2013.06.10 17:16:02.298,1.64535,1.64569,2.25,1.69
2013.06.10 17:16:02.537,1.64542,1.64575,2.82,1.50
2013.06.10 17:16:03.087,1.64546,1.64578,1.50,1.65
2013.06.10 17:16:03.327,1.64545,1.64581,1.50,2.82
2013.06.10 17:16:04.537,1.64545,1.64581,3.00,2.82
2013.06.10 17:16:05.727,1.64546,1.64581,3.00,1.32
2013.06.10 17:16:06.374,1.64547,1.64583,1.50,1.32
2013.06.10 17:16:06.437,1.64551,1.64584,2.25,3.19
2013.06.10 17:16:07.122,1.64553,1.6458,1.13,1.50
2013.06.10 17:16:16.089,1.64552,1.6458,1.13,1.50
2013.06.10 17:16:16.447,1.64552,1.6458,1.13,2.44
2013.06.10 17:16:17.027,1.64545,1.64579,1.69,1.69
2013.06.10 17:16:18.033,1.64548,1.6458,1.69,2.44
2013.06.10 17:16:18.398,1.64548,1.6458,1.69,2.44
2013.06.10 17:16:19.067,1.64548,1.6458,1.69,1.69
2013.06.10 17:16:23.187,1.64545,1.6458,1.13,1.69
2013.06.10 17:16:26.488,1.64548,1.6458,1.69,1.69
2013.06.10 17:16:26.648,1.64548,1.6458,1.69,1.69
2013.06.10 17:16:27.697,1.64552,1.64586,1.13,1.69
2013.06.10 17:16:31.487,1.64552,1.64586,1.32,1.69
2013.06.10 17:16:32.867,1.64553,1.64586,1.32,4.69
2013.06.10 17:16:32.927,1.64553,1.64584,1.32,1.50
2013.06.10 17:16:33.251,1.64553,1.64578,1.32,1.50
2013.06.10 17:16:34.657,1.64553,1.64578,1.32,1.50
2013.06.10 17:16:35.137,1.6455,1.64578,1.50,1.50
2013.06.10 17:16:35.197,1.6455,1.64583,1.50,1.69
2013.06.10 17:16:35.377,1.64545,1.64581,1.69,1.50
2013.06.10 17:16:35.738,1.64542,1.64574,1.69,1.50
2013.06.10 17:16:36.168,1.64545,1.64575,1.50,1.69
2013.06.10 17:16:36.227,1.64547,1.64575,2.44,1.50
2013.06.10 17:16:36.408,1.64548,1.64581,2.44,1.50
2013.06.10 17:16:37.427,1.6455,1.64581,1.50,1.50
2013.06.10 17:16:38.008,1.64547,1.64581,1.69,2.25
2013.06.10 17:16:39.469,1.64547,1.6458,1.69,2.25
2013.06.10 17:16:40.189,1.64547,1.64577,1.69,1.50
2013.06.10 17:16:43.898,1.64548,1.64577,1.84,1.50
2013.06.10 17:16:44.078,1.64551,1.64582,1.50,1.69
2013.06.10 17:16:44.258,1.64553,1.64582,1.13,1.69
2013.06.10 17:16:44.437,1.64553,1.64582,1.13,1.69
2013.06.10 17:16:46.557,1.64551,1.64582,1.50,1.69
2013.06.10 17:16:47.187,1.64553,1.64582,1.13,1.50
2013.06.10 17:16:50.557,1.64551,1.64581,1.50,1.50
2013.06.10 17:16:50.737,1.64551,1.64576,1.50,1.50
2013.06.10 17:16:53.197,1.6456,1.64576,1.65,1.50
2013.06.10 17:16:53.377,1.64562,1.64583,1.13,1.50
2013.06.10 17:16:53.497,1.64564,1.64593,1.50,1.50
2013.06.10 17:16:54.377,1.64564,1.64592,1.50,1.50
2013.06.10 17:16:54.557,1.64564,1.64591,1.50,3.75
2013.06.10 17:16:54.918,1.64562,1.64584,1.13,1.50
2013.06.10 17:16:55.038,1.64556,1.64584,1.69,1.50
2013.06.10 17:16:55.197,1.64558,1.64585,1.13,1.50
2013.06.10 17:16:55.507,1.64566,1.64588,1.50,1.50
2013.06.10 17:16:55.567,1.64566,1.64591,1.50,1.50
2013.06.10 17:16:55.627,1.64566,1.64593,1.50,1.50
2013.06.10 17:16:58.668,1.64566,1.64593,1.50,3.94
2013.06.10 17:16:58.789,1.64562,1.64588,1.88,1.50
2013.06.10 17:17:01.918,1.64563,1.64594,2.22,1.50
2013.06.10 17:17:03.099,1.64562,1.64593,2.07,2.25
2013.06.10 17:17:03.159,1.64566,1.64593,1.50,2.25
2013.06.10 17:17:03.218,1.64566,1.64594,1.69,1.69
2013.06.10 17:17:03.519,1.64563,1.64592,1.13,1.50
2013.06.10 17:17:03.578,1.64563,1.64593,1.13,1.50
2013.06.10 17:17:03.757,1.64563,1.64591,1.13,1.50
2013.06.10 17:17:04.297,1.64563,1.64589,1.13,1.50
2013.06.10 17:17:04.598,1.64566,1.64597,1.65,1.69
2013.06.10 17:17:04.907,1.64574,1.64604,1.65,1.69
2013.06.10 17:17:04.968,1.64574,1.64607,1.84,2.63
2013.06.10 17:17:05.088,1.64581,1.64609,1.13,1.50
2013.06.10 17:17:05.447,1.64576,1.64604,1.69,1.50
2013.06.10 17:17:05.748,1.64576,1.64607,1.69,1.88
2013.06.10 17:17:06.188,1.64576,1.64608,1.69,3.00
2013.06.10 17:17:06.307,1.64572,1.64604,1.69,2.25
2013.06.10 17:17:06.427,1.64571,1.64603,1.69,1.50
2013.06.10 17:17:06.487,1.6457,1.64601,1.88,1.50
2013.06.10 17:17:06.791,1.6457,1.64599,1.88,1.50
2013.06.10 17:17:07.957,1.64569,1.64596,1.69,3.00
2013.06.10 17:17:09.189,1.64568,1.64596,1.69,1.50
2013.06.10 17:17:09.918,1.64567,1.64596,1.69,1.50
2013.06.10 17:17:10.097,1.64568,1.64596,1.69,1.50
2013.06.10 17:17:10.457,1.64568,1.64591,1.69,1.50
2013.06.10 17:17:13.278,1.64568,1.64591,1.69,1.50
2013.06.10 17:17:18.147,1.64568,1.64596,1.69,1.50
2013.06.10 17:17:19.657,1.64561,1.64596,1.69,1.50
2013.06.10 17:17:19.778,1.64561,1.64596,1.69,3.00
2013.06.10 17:17:19.958,1.64563,1.64596,1.69,1.50
2013.06.10 17:17:26.177,1.64568,1.64594,1.69,1.50
2013.06.10 17:17:26.237,1.64567,1.64594,1.69,1.50
2013.06.10 17:17:26.297,1.64567,1.64594,1.50,1.50
2013.06.10 17:17:26.477,1.64563,1.64595,1.69,1.13
2013.06.10 17:17:26.657,1.64562,1.64595,1.69,1.13
2013.06.10 17:17:27.977,1.64558,1.64595,1.32,1.32
2013.06.10 17:17:29.649,1.64558,1.64593,1.13,1.32
2013.06.10 17:17:29.857,1.64557,1.64593,3.19,1.32
2013.06.10 17:17:29.919,1.64557,1.64595,3.57,1.32
2013.06.10 17:17:30.002,1.64556,1.64588,1.32,1.50
2013.06.10 17:17:30.083,1.64554,1.64588,2.07,1.50
2013.06.10 17:17:30.151,1.64558,1.64586,1.32,1.50
2013.06.10 17:17:30.330,1.64552,1.64581,1.50,1.69
2013.06.10 17:17:30.388,1.64549,1.64581,1.50,2.44
2013.06.10 17:17:30.449,1.64548,1.64581,1.50,2.44
2013.06.10 17:17:30.568,1.64546,1.64581,2.25,1.69
2013.06.10 17:17:30.688,1.6455,1.64584,1.50,1.69
2013.06.10 17:17:30.748,1.64551,1.64587,1.50,1.65
2013.06.10 17:17:30.928,1.64554,1.64588,1.69,1.13
2013.06.10 17:17:31.047,1.64554,1.64591,1.69,1.69
2013.06.10 17:17:31.107,1.64557,1.64591,1.69,1.69
2013.06.10 17:17:31.227,1.64565,1.64596,1.50,1.69
2013.06.10 17:17:31.567,1.64565,1.64594,1.50,1.50
2013.06.10 17:17:31.687,1.64561,1.64591,1.69,1.50
2013.06.10 17:17:32.228,1.64557,1.64591,1.69,1.50
2013.06.10 17:17:34.367,1.64562,1.64596,1.50,2.44
2013.06.10 17:17:34.488,1.64562,1.64593,1.50,1.69
2013.06.10 17:17:34.827,1.64562,1.64592,1.69,1.50
2013.06.10 17:17:35.977,1.64556,1.64591,1.69,1.32
2013.06.10 17:17:36.038,1.64556,1.64591,1.69,1.32
2013.06.10 17:17:36.219,1.64554,1.64586,1.50,1.32
2013.06.10 17:17:36.281,1.6455,1.64585,3.00,1.32
2013.06.10 17:17:36.407,1.6455,1.64584,2.25,1.32
2013.06.10 17:17:36.717,1.64551,1.64585,1.50,1.69
2013.06.10 17:17:37.277,1.64551,1.64584,1.50,2.44
2013.06.10 17:17:37.729,1.64547,1.64584,1.69,1.69
2013.06.10 17:17:37.789,1.64551,1.64588,1.69,2.44
2013.06.10 17:17:38.148,1.64547,1.64582,1.69,1.69
2013.06.10 17:17:38.267,1.64546,1.64583,3.19,1.32
2013.06.10 17:17:38.649,1.64547,1.64583,1.69,1.32
2013.06.10 17:17:38.957,1.64551,1.64587,1.50,2.07
2013.06.10 17:17:39.387,1.64546,1.64584,3.19,2.44
2013.06.10 17:17:39.987,1.64546,1.64583,3.19,1.69
2013.06.10 17:17:40.536,1.64546,1.64581,3.19,1.50
2013.06.10 17:17:41.058,1.64547,1.64584,2.82,2.44
2013.06.10 17:17:41.118,1.64551,1.64587,1.50,1.32
2013.06.10 17:17:41.777,1.64552,1.64589,1.50,2.07
2013.06.10 17:17:44.267,1.64549,1.64586,1.69,1.69
2013.06.10 17:17:44.817,1.64547,1.64583,1.69,2.44
2013.06.10 17:17:45.427,1.6455,1.64583,1.69,1.69
2013.06.10 17:17:45.788,1.64553,1.64588,1.13,2.82
2013.06.10 17:17:45.968,1.64556,1.64589,1.69,1.13
2013.06.10 17:17:46.447,1.64556,1.64592,1.69,3.19
2013.06.10 17:17:46.568,1.64554,1.64592,2.44,2.07
2013.06.10 17:17:47.258,1.64554,1.64592,2.44,2.07
2013.06.10 17:17:47.559,1.64554,1.64588,2.44,1.32
2013.06.10 17:17:48.399,1.64552,1.64588,1.32,2.07
2013.06.10 17:17:48.458,1.6455,1.64588,1.32,2.07
2013.06.10 17:17:48.519,1.64549,1.64583,2.44,1.32
2013.06.10 17:17:49.204,1.6455,1.64583,1.69,1.32
2013.06.10 17:17:49.757,1.6455,1.64583,1.69,1.32
2013.06.10 17:17:50.866,1.6455,1.64583,1.69,1.32
2013.06.10 17:17:51.178,1.6455,1.64586,1.69,2.07
2013.06.10 17:17:51.527,1.64551,1.64587,2.25,1.32
2013.06.10 17:17:52.203,1.64556,1.64588,1.50,1.32
2013.06.10 17:17:53.218,1.6455,1.64586,1.69,1.32
2013.06.10 17:17:53.397,1.6455,1.64584,1.50,1.69
2013.06.10 17:17:53.937,1.64552,1.64587,2.25,1.69
2013.06.10 17:17:54.177,1.64551,1.64588,1.50,2.07
2013.06.10 17:17:55.638,1.64546,1.64582,2.44,1.50
2013.06.10 17:17:55.878,1.64546,1.64582,2.44,1.50
2013.06.10 17:17:56.947,1.64547,1.64584,1.69,3.94
2013.06.10 17:17:57.067,1.64547,1.64584,1.69,3.94
2013.06.10 17:18:01.777,1.64551,1.6458,1.69,1.50
2013.06.10 17:18:02.568,1.64551,1.64581,1.69,1.50
2013.06.10 17:18:03.187,1.64551,1.64578,1.69,1.50
2013.06.10 17:18:10.038,1.64553,1.64586,1.69,2.25
2013.06.10 17:18:10.098,1.64558,1.64586,1.69,1.50
2013.06.10 17:18:10.338,1.64558,1.64593,2.25,1.65
2013.06.10 17:18:10.818,1.64557,1.64585,1.50,2.25
2013.06.10 17:18:11.420,1.64557,1.64585,1.50,3.00
2013.06.10 17:18:12.137,1.64548,1.64579,1.69,1.50
2013.06.10 17:18:12.755,1.64548,1.6458,1.69,1.50
2013.06.10 17:18:13.407,1.64548,1.64584,1.69,3.19
2013.06.10 17:18:15.303,1.64548,1.64584,1.50,3.19
2013.06.10 17:18:21.277,1.64548,1.64584,1.69,1.69
2013.06.10 17:18:23.867,1.64552,1.64582,1.50,1.50
2013.06.10 17:18:24.506,1.64552,1.64584,1.50,2.44
2013.06.10 17:18:25.189,1.64552,1.64581,1.50,1.50
2013.06.10 17:18:25.478,1.64552,1.64585,1.50,1.69
2013.06.10 17:18:26.143,1.64552,1.64585,1.50,1.69
2013.06.10 17:18:31.161,1.64552,1.64584,1.50,1.69
2013.06.10 17:18:36.227,1.64547,1.64579,1.50,1.50
2013.06.10 17:18:36.658,1.64546,1.64577,1.69,1.50
2013.06.10 17:18:37.168,1.64546,1.64581,1.69,1.69
2013.06.10 17:18:38.216,1.64546,1.64577,1.69,1.50
2013.06.10 17:18:39.868,1.64546,1.64581,1.69,1.69
2013.06.10 17:18:44.588,1.64543,1.64581,1.69,1.69
2013.06.10 17:18:45.049,1.64543,1.64573,1.69,1.50
2013.06.10 17:18:45.238,1.64543,1.64577,1.69,1.50
2013.06.10 17:18:46.228,1.64543,1.64576,1.69,1.50
2013.06.10 17:18:46.768,1.64543,1.6458,1.69,2.44
2013.06.10 17:18:47.008,1.64543,1.64572,1.69,1.50
2013.06.10 17:18:48.470,1.64543,1.64579,1.69,1.50
2013.06.10 17:18:49.130,1.64543,1.64579,1.69,1.50
2013.06.10 17:18:49.487,1.64538,1.64573,1.65,2.44
2013.06.10 17:18:50.858,1.64537,1.64571,1.65,1.69
2013.06.10 17:18:51.158,1.64542,1.64573,1.50,2.44
2013.06.10 17:18:51.218,1.64542,1.64573,1.69,1.50
2013.06.10 17:18:51.278,1.64542,1.64573,1.69,1.50
2013.06.10 17:18:51.338,1.64544,1.6458,1.50,1.32
2013.06.10 17:18:51.457,1.64544,1.64574,1.50,1.50
2013.06.10 17:18:51.818,1.64538,1.64569,2.82,1.50
2013.06.10 17:18:51.938,1.64538,1.64569,1.32,1.50
2013.06.10 17:18:52.684,1.64537,1.6457,1.69,1.50
2013.06.10 17:18:53.277,1.64537,1.64571,1.69,1.50
2013.06.10 17:18:54.897,1.64537,1.64573,1.69,1.50
2013.06.10 17:18:58.290,1.64537,1.64572,1.50,1.69
2013.06.10 17:18:58.528,1.64536,1.64572,1.50,2.44
2013.06.10 17:18:58.797,1.64536,1.64572,1.50,2.44
2013.06.10 17:18:59.098,1.64534,1.64572,1.50,2.07
2013.06.10 17:18:59.338,1.64536,1.64572,1.50,1.69
2013.06.10 17:18:59.457,1.64541,1.64573,1.69,1.50
2013.06.10 17:18:59.577,1.64541,1.64578,1.69,2.07
2013.06.10 17:18:59.878,1.64541,1.64578,1.69,2.07
2013.06.10 17:19:00.667,1.64541,1.64578,1.69,3.57
2013.06.10 17:19:01.488,1.64541,1.64577,1.69,1.32
2013.06.10 17:19:02.377,1.64541,1.64576,1.50,1.69
2013.06.10 17:19:02.497,1.64537,1.64573,1.50,1.69
2013.06.10 17:19:03.428,1.64543,1.64573,1.50,1.69
2013.06.10 17:19:08.689,1.64537,1.64573,1.69,2.44
2013.06.10 17:19:13.687,1.64536,1.64571,1.69,1.50
2013.06.10 17:19:13.997,1.64535,1.64571,2.44,1.69
2013.06.10 17:19:17.502,1.64535,1.64572,2.44,2.44
2013.06.10 17:19:17.573,1.6453,1.64568,2.44,2.63
2013.06.10 17:19:17.938,1.64526,1.64563,1.69,1.32
2013.06.10 17:19:18.058,1.64523,1.64559,1.69,1.13
2013.06.10 17:19:18.597,1.64526,1.64561,1.69,1.32
2013.06.10 17:19:19.051,1.64526,1.64563,1.69,3.15
2013.06.10 17:19:20.527,1.64526,1.64563,1.50,3.15
2013.06.10 17:19:20.648,1.64523,1.64558,2.44,1.32
2013.06.10 17:19:20.828,1.64521,1.64555,1.50,2.07
2013.06.10 17:19:21.188,1.64523,1.64555,1.50,1.32
2013.06.10 17:19:22.129,1.64523,1.64559,1.50,2.82
2013.06.10 17:19:22.487,1.64527,1.64559,3.15,1.32
2013.06.10 17:19:23.160,1.64527,1.64564,3.15,2.82
2013.06.10 17:19:23.679,1.64526,1.64564,2.44,2.82
2013.06.10 17:19:24.195,1.64526,1.64564,2.44,2.82
2013.06.10 17:19:24.742,1.64526,1.64564,2.44,2.82
2013.06.10 17:19:24.995,1.64528,1.64561,1.50,1.32
2013.06.10 17:19:25.238,1.64527,1.64559,2.25,1.32
2013.06.10 17:19:25.688,1.64527,1.64565,2.44,2.82
2013.06.10 17:19:25.809,1.6453,1.64564,2.44,1.69
2013.06.10 17:19:26.167,1.64527,1.64565,3.34,2.07
2013.06.10 17:19:29.147,1.64527,1.64565,4.09,1.88
2013.06.10 17:19:29.559,1.64527,1.64564,2.59,1.13
2013.06.10 17:19:29.621,1.64527,1.64565,3.34,2.07
2013.06.10 17:19:29.979,1.64532,1.64568,1.69,1.50
2013.06.10 17:19:30.458,1.64534,1.64569,1.65,1.69
2013.06.10 17:19:31.468,1.6453,1.64569,1.69,2.07
2013.06.10 17:19:31.647,1.64527,1.64564,2.44,1.50
2013.06.10 17:19:31.768,1.64527,1.64564,1.50,2.44
2013.06.10 17:19:32.798,1.64522,1.6456,1.69,1.32
2013.06.10 17:19:36.957,1.64522,1.6456,1.69,1.32
2013.06.10 17:19:37.290,1.64522,1.64555,1.50,2.07
2013.06.10 17:19:37.469,1.64517,1.64554,1.50,2.07
2013.06.10 17:19:37.588,1.64515,1.64548,2.25,1.32
2013.06.10 17:19:37.909,1.64515,1.64542,1.50,1.32
2013.06.10 17:19:38.231,1.64515,1.64542,1.50,1.32
2013.06.10 17:19:38.597,1.64515,1.64548,1.50,1.32
2013.06.10 17:19:38.717,1.64515,1.64548,1.50,1.32
2013.06.10 17:19:39.381,1.64515,1.64548,1.50,1.32
2013.06.10 17:19:44.197,1.64518,1.64551,1.50,1.32
2013.06.10 17:19:44.258,1.64515,1.64551,1.50,2.07
2013.06.10 17:19:44.884,1.64509,1.64546,1.84,1.13
2013.06.10 17:19:44.948,1.64509,1.64546,4.09,1.32
2013.06.10 17:19:45.068,1.64512,1.64547,1.32,1.69
2013.06.10 17:19:45.307,1.64515,1.64551,1.50,2.07
2013.06.10 17:19:45.427,1.64515,1.64551,1.50,2.07
2013.06.10 17:19:45.937,1.64513,1.64548,2.25,1.32
2013.06.10 17:19:49.157,1.6451,1.64548,1.50,2.82
2013.06.10 17:19:49.278,1.64512,1.64548,2.03,2.82
2013.06.10 17:19:49.339,1.64513,1.64548,1.69,1.88
2013.06.10 17:19:49.399,1.64515,1.64552,1.84,1.32
2013.06.10 17:19:49.918,1.64518,1.64556,2.25,2.82
2013.06.10 17:19:50.660,1.64518,1.64556,2.44,2.07
2013.06.10 17:19:51.126,1.64518,1.64553,2.44,2.82
2013.06.10 17:19:53.017,1.64518,1.64553,2.44,2.82
2013.06.10 17:19:54.328,1.64518,1.64553,2.44,1.32
2013.06.10 17:19:54.749,1.6451,1.64547,2.44,1.32
2013.06.10 17:19:54.928,1.64508,1.64545,1.50,1.32
2013.06.10 17:19:55.118,1.64505,1.64543,2.44,2.07
2013.06.10 17:19:55.427,1.64505,1.64543,2.44,1.69
2013.06.10 17:19:59.379,1.64509,1.64543,1.65,2.07
2013.06.10 17:19:59.498,1.64512,1.64543,1.32,1.50
2013.06.10 17:19:59.679,1.64515,1.64551,1.69,1.32
2013.06.10 17:20:00.767,1.64519,1.64554,1.50,2.40
2013.06.10 17:20:02.861,1.64518,1.64548,1.50,1.13
2013.06.10 17:20:03.038,1.64519,1.64553,2.25,1.32
2013.06.10 17:20:03.099,1.64521,1.64551,1.50,1.32
2013.06.10 17:20:03.219,1.64525,1.64551,1.69,1.13
2013.06.10 17:20:03.458,1.64527,1.64564,2.59,1.50
2013.06.10 17:20:03.577,1.64532,1.64564,1.69,1.50
2013.06.10 17:20:04.048,1.64533,1.64568,1.69,2.25
2013.06.10 17:20:05.247,1.64532,1.64568,1.69,2.44
2013.06.10 17:20:05.307,1.64532,1.64568,1.69,3.94
2013.06.10 17:20:08.369,1.64528,1.64563,1.88,1.50
2013.06.10 17:20:08.430,1.64528,1.64563,1.13,1.50
2013.06.10 17:20:08.611,1.64532,1.64559,1.13,1.50
2013.06.10 17:20:08.969,1.64532,1.64563,1.69,2.25
2013.06.10 17:20:09.029,1.64532,1.64564,1.69,1.50
2013.06.10 17:20:09.209,1.64532,1.64564,1.50,2.44
2013.06.10 17:20:09.389,1.64526,1.64562,1.69,2.44
2013.06.10 17:20:09.447,1.64524,1.64559,3.38,2.25
2013.06.10 17:20:09.807,1.64524,1.64556,1.13,1.50
2013.06.10 17:20:10.028,1.64521,1.64557,2.44,1.69
2013.06.10 17:20:10.268,1.64521,1.64553,3.38,1.50
2013.06.10 17:20:10.578,1.64517,1.64555,1.69,1.69
2013.06.10 17:20:10.928,1.64516,1.64553,3.38,2.44
2013.06.10 17:20:11.487,1.64515,1.64552,1.88,3.94
2013.06.10 17:20:13.868,1.64518,1.64552,1.84,2.44
2013.06.10 17:20:14.170,1.64524,1.64553,1.32,2.63
2013.06.10 17:20:14.408,1.64524,1.64555,2.07,1.50
2013.06.10 17:20:14.587,1.64524,1.64559,1.32,2.82
2013.06.10 17:20:14.768,1.64528,1.64559,1.65,2.07
2013.06.10 17:20:14.888,1.64534,1.64563,1.69,1.50
2013.06.10 17:20:15.068,1.64533,1.64567,1.09,1.88
2013.06.10 17:20:15.308,1.64544,1.64577,2.82,1.50
2013.06.10 17:20:15.428,1.64544,1.64577,2.07,2.25
2013.06.10 17:20:15.868,1.64544,1.64578,1.09,1.50
2013.06.10 17:20:16.208,1.64542,1.64578,1.32,2.44
2013.06.10 17:20:17.209,1.64543,1.64578,1.50,4.69
2013.06.10 17:20:17.587,1.64536,1.6457,1.69,1.69
2013.06.10 17:20:18.738,1.64536,1.64569,1.50,1.69
2013.06.10 17:20:21.513,1.64536,1.6457,1.50,1.69
2013.06.10 17:20:25.328,1.64531,1.64568,1.84,1.69
2013.06.10 17:20:30.918,1.64535,1.64573,2.44,2.44
2013.06.10 17:20:34.837,1.64535,1.64573,2.25,2.44
2013.06.10 17:20:37.238,1.64535,1.64573,2.44,2.44
2013.06.10 17:20:45.119,1.64537,1.64573,2.44,2.25
2013.06.10 17:20:45.298,1.64546,1.64581,1.32,1.69
2013.06.10 17:20:45.418,1.64547,1.64582,1.32,3.94
2013.06.10 17:20:45.848,1.64545,1.64579,1.69,1.50
2013.06.10 17:20:46.328,1.64543,1.64578,1.32,1.69
2013.06.10 17:20:46.387,1.64541,1.64578,2.82,1.69
2013.06.10 17:20:46.448,1.64541,1.64574,2.44,1.50
2013.06.10 17:20:46.807,1.64536,1.64572,2.44,2.44
2013.06.10 17:20:52.198,1.64532,1.64571,1.69,1.69
2013.06.10 17:20:55.850,1.64532,1.64571,1.69,1.69
2013.06.10 17:20:57.318,1.64532,1.64571,1.69,1.69
2013.06.10 17:21:00.506,1.64539,1.64575,1.69,1.69
2013.06.10 17:21:06.278,1.64539,1.64575,1.50,1.69
2013.06.10 17:21:07.928,1.64537,1.64574,1.50,1.69
2013.06.10 17:21:08.108,1.64536,1.64572,1.69,1.69
2013.06.10 17:21:08.613,1.64534,1.64572,1.69,2.44
2013.06.10 17:21:09.739,1.64534,1.64572,2.44,2.44
2013.06.10 17:21:10.098,1.64542,1.64577,1.88,1.69
2013.06.10 17:21:10.399,1.64542,1.64578,1.32,2.25
2013.06.10 17:21:10.758,1.64555,1.64582,1.69,1.05
2013.06.10 17:21:10.878,1.64555,1.64587,1.69,1.13
2013.06.10 17:21:10.938,1.64556,1.64588,1.69,1.50
2013.06.10 17:21:11.118,1.64558,1.64592,2.44,1.50
2013.06.10 17:21:11.178,1.64558,1.6459,1.69,3.00
2013.06.10 17:21:11.298,1.64557,1.6459,1.69,3.00
2013.06.10 17:21:11.538,1.64552,1.64586,1.69,1.50
2013.06.10 17:21:11.658,1.64551,1.64586,1.69,1.50
2013.06.10 17:21:12.078,1.6455,1.64582,1.69,1.50
2013.06.10 17:21:12.441,1.64547,1.6458,1.69,1.50
2013.06.10 17:21:12.751,1.64547,1.64577,1.69,1.13
2013.06.10 17:21:12.810,1.64545,1.64577,1.69,1.13
2013.06.10 17:21:14.418,1.64547,1.64577,2.44,1.13
2013.06.10 17:21:14.790,1.64547,1.64583,2.44,1.50
2013.06.10 17:21:15.337,1.64552,1.64583,1.69,3.00
2013.06.10 17:21:17.269,1.64552,1.64583,1.69,1.50
2013.06.10 17:21:18.209,1.64556,1.64584,1.50,1.50
2013.06.10 17:21:18.328,1.64559,1.64589,1.50,1.69
2013.06.10 17:21:18.388,1.6456,1.64589,1.13,3.19
2013.06.10 17:21:18.688,1.64555,1.64586,1.69,1.50
2013.06.10 17:21:19.149,1.64552,1.64583,1.69,2.25
2013.06.10 17:21:19.209,1.64552,1.64582,1.69,1.50
2013.06.10 17:21:19.749,1.6455,1.64584,2.44,2.25
2013.06.10 17:21:20.440,1.64552,1.64585,1.69,2.25
2013.06.10 17:21:22.359,1.6455,1.64585,2.44,3.00
2013.06.10 17:21:24.100,1.6455,1.64585,2.44,3.19
2013.06.10 17:21:24.339,1.6455,1.64584,2.25,1.69
2013.06.10 17:21:24.699,1.64541,1.64574,1.50,2.44
2013.06.10 17:21:24.878,1.6454,1.64572,1.50,1.69
2013.06.10 17:21:25.178,1.64541,1.64574,1.50,1.69
2013.06.10 17:21:26.440,1.64541,1.64575,1.50,2.44
2013.06.10 17:21:26.500,1.64538,1.64574,1.69,1.69
2013.06.10 17:21:26.859,1.64542,1.64573,1.50,1.32
2013.06.10 17:21:27.218,1.64542,1.64578,1.50,1.32
2013.06.10 17:21:27.749,1.64542,1.6458,3.00,3.19
2013.06.10 17:21:27.808,1.64547,1.6458,1.50,1.69
2013.06.10 17:21:27.868,1.64547,1.64583,2.25,2.44
2013.06.10 17:21:28.048,1.64551,1.64587,1.69,1.69
2013.06.10 17:21:28.249,1.64552,1.64588,1.13,3.19
2013.06.10 17:21:30.440,1.64552,1.64587,1.13,2.44
2013.06.10 17:21:30.798,1.64542,1.64577,1.50,1.32
2013.06.10 17:21:30.917,1.64542,1.64577,1.50,2.07
2013.06.10 17:21:32.429,1.64542,1.64578,1.50,2.07
2013.06.10 17:21:37.278,1.64542,1.64575,1.50,1.69
2013.06.10 17:21:43.728,1.64545,1.6457,1.50,1.50
2013.06.10 17:21:43.853,1.64537,1.6457,1.88,1.50
2013.06.10 17:21:44.039,1.64536,1.64572,3.38,2.44
2013.06.10 17:21:44.098,1.64536,1.64571,3.38,1.69
2013.06.10 17:21:44.219,1.64536,1.6457,1.69,1.69
2013.06.10 17:21:44.459,1.64528,1.64556,1.50,1.69
2013.06.10 17:21:44.520,1.64529,1.64556,1.50,1.69
2013.06.10 17:21:44.880,1.64521,1.64555,2.25,1.65
2013.06.10 17:21:45.297,1.64528,1.64558,1.50,1.32
2013.06.10 17:21:45.420,1.64528,1.64559,1.50,1.32
2013.06.10 17:21:45.719,1.64526,1.64559,1.69,1.13
2013.06.10 17:21:45.778,1.64526,1.64561,1.69,1.69
2013.06.10 17:21:45.958,1.64525,1.64557,2.07,1.13
2013.06.10 17:21:46.168,1.64527,1.64557,1.69,1.13
2013.06.10 17:21:46.287,1.64531,1.64564,1.50,1.69
2013.06.10 17:21:47.041,1.64532,1.64564,1.50,1.69
2013.06.10 17:21:47.369,1.64532,1.64564,1.50,2.44
2013.06.10 17:21:49.495,1.64532,1.64564,1.50,1.69
2013.06.10 17:21:54.338,1.64533,1.6456,1.50,1.69
2013.06.10 17:21:56.098,1.64534,1.64567,1.50,1.69
2013.06.10 17:21:57.288,1.64533,1.64566,1.50,1.69
2013.06.10 17:22:00.118,1.64533,1.64566,1.50,1.69
2013.06.10 17:22:00.178,1.64533,1.64566,1.50,1.69
2013.06.10 17:22:01.959,1.64533,1.64563,1.50,2.44
2013.06.10 17:22:02.019,1.64526,1.64558,1.50,1.32
2013.06.10 17:22:02.078,1.64525,1.64558,2.25,1.32
2013.06.10 17:22:02.138,1.64525,1.64558,1.50,2.07
2013.06.10 17:22:02.257,1.6453,1.6456,1.50,1.69
2013.06.10 17:22:02.558,1.64534,1.64567,1.50,2.44
2013.06.10 17:22:02.678,1.64534,1.64567,1.50,2.44
2013.06.10 17:22:03.848,1.64534,1.64564,1.50,2.44
2013.06.10 17:22:05.867,1.64534,1.64559,1.50,2.25
2013.06.10 17:22:05.988,1.64532,1.64554,1.50,1.69
2013.06.10 17:22:06.048,1.64532,1.64554,1.50,3.19
2013.06.10 17:22:06.108,1.64529,1.6455,1.50,1.50
2013.06.10 17:22:06.168,1.64526,1.6455,1.50,1.69
2013.06.10 17:22:06.349,1.64523,1.64548,1.50,1.32
2013.06.10 17:22:06.408,1.64522,1.64547,1.50,1.32
2013.06.10 17:22:06.868,1.64522,1.64546,1.50,1.50
2013.06.10 17:22:07.392,1.64522,1.64543,1.50,1.50
2013.06.10 17:22:08.857,1.64522,1.64546,1.50,1.69
2013.06.10 17:22:09.408,1.64511,1.64546,1.69,1.69
2013.06.10 17:22:09.718,1.64516,1.64546,1.50,1.69
2013.06.10 17:22:10.601,1.64516,1.64546,1.50,1.69
2013.06.10 17:22:12.747,1.64516,1.64546,1.50,1.50
2013.06.10 17:22:12.957,1.64516,1.64545,1.50,1.50
2013.06.10 17:22:14.459,1.64516,1.64545,1.50,1.69
2013.06.10 17:22:15.068,1.64516,1.64542,1.50,1.69
2013.06.10 17:22:15.210,1.64516,1.64542,1.50,1.69
2013.06.10 17:22:17.910,1.64517,1.64545,1.69,3.00
2013.06.10 17:22:17.968,1.64517,1.64545,1.69,1.50
2013.06.10 17:22:18.148,1.64521,1.64548,1.50,2.63
2013.06.10 17:22:18.208,1.64521,1.64548,1.69,1.13
2013.06.10 17:22:18.328,1.64522,1.64549,1.69,1.50
2013.06.10 17:22:18.628,1.64528,1.64552,1.50,1.50
2013.06.10 17:22:20.137,1.64528,1.6455,1.50,1.50
2013.06.10 17:22:20.678,1.64528,1.64548,1.50,1.50
2013.06.10 17:22:21.650,1.64528,1.64548,1.50,1.50
2013.06.10 17:22:22.009,1.64524,1.64544,1.50,1.50
2013.06.10 17:22:22.069,1.64518,1.64544,1.24,1.50
2013.06.10 17:22:23.439,1.64524,1.64548,1.69,1.50
2013.06.10 17:22:23.749,1.64526,1.64554,1.50,1.50
2013.06.10 17:22:23.929,1.64526,1.64557,1.50,1.13
2013.06.10 17:22:27.188,1.64527,1.64555,1.50,1.50
2013.06.10 17:22:27.499,1.64519,1.64551,1.69,1.13
2013.06.10 17:22:28.054,1.64519,1.64549,1.69,1.13
2013.06.10 17:22:29.724,1.64519,1.64549,1.69,1.13
2013.06.10 17:22:35.879,1.64524,1.6455,1.32,1.13
2013.06.10 17:22:36.058,1.64524,1.64554,2.07,1.50
2013.06.10 17:22:36.448,1.64525,1.64554,1.32,1.50
2013.06.10 17:22:37.028,1.64524,1.64555,2.07,1.50
2013.06.10 17:22:38.658,1.64524,1.64554,1.32,1.50
2013.06.10 17:22:38.837,1.64522,1.64554,1.69,2.25
2013.06.10 17:22:39.138,1.64522,1.6455,1.69,1.50
2013.06.10 17:22:41.918,1.64524,1.64554,1.50,2.44
2013.06.10 17:22:43.154,1.64521,1.64553,1.69,2.25
2013.06.10 17:22:44.188,1.64521,1.64549,1.69,1.50
2013.06.10 17:22:46.189,1.64527,1.64549,1.32,1.50
2013.06.10 17:22:46.308,1.64531,1.64552,1.13,1.50
2013.06.10 17:22:46.667,1.64531,1.64559,1.13,1.50
2013.06.10 17:22:49.089,1.64537,1.6456,1.50,1.50
2013.06.10 17:22:49.449,1.64552,1.64575,1.13,2.25
2013.06.10 17:22:49.509,1.64549,1.64575,1.50,1.50
2013.06.10 17:22:49.568,1.64549,1.6458,2.44,3.00
2013.06.10 17:22:49.629,1.64549,1.64581,2.44,1.50
2013.06.10 17:22:50.648,1.64552,1.64581,1.69,1.50
2013.06.10 17:22:56.598,1.64554,1.64582,2.07,2.25
2013.06.10 17:22:57.192,1.64554,1.64582,2.07,1.50
2013.06.10 17:22:58.435,1.64554,1.64584,2.07,2.25
2013.06.10 17:22:59.136,1.64554,1.6458,2.07,1.50
2013.06.10 17:23:04.479,1.64554,1.64581,1.13,1.50
2013.06.10 17:23:04.598,1.64554,1.64585,1.13,3.00
2013.06.10 17:23:05.163,1.64556,1.64584,1.50,1.50
2013.06.10 17:23:06.328,1.64556,1.64586,1.50,1.50
2013.06.10 17:23:07.304,1.64556,1.64586,1.50,1.69
2013.06.10 17:23:12.370,1.64555,1.64587,1.88,2.44
2013.06.10 17:23:13.176,1.64555,1.64585,1.88,1.69
2013.06.10 17:23:16.728,1.64555,1.64588,1.88,1.69
2013.06.10 17:23:17.158,1.64551,1.64584,1.50,1.69
2013.06.10 17:23:17.277,1.64548,1.64578,1.50,1.32
2013.06.10 17:23:17.458,1.64548,1.64578,1.50,2.07
2013.06.10 17:23:17.526,1.64542,1.64574,2.25,3.19
2013.06.10 17:23:18.288,1.64541,1.64574,1.50,1.69
2013.06.10 17:23:20.549,1.64542,1.64574,1.50,1.69
2013.06.10 17:23:21.829,1.64542,1.64567,1.50,1.50
2013.06.10 17:23:24.148,1.64542,1.64572,1.50,2.44
2013.06.10 17:23:24.693,1.64542,1.64572,1.50,2.44
2013.06.10 17:23:26.329,1.64542,1.64572,1.50,2.44
2013.06.10 17:23:27.338,1.64542,1.64572,1.50,2.44
2013.06.10 17:23:30.059,1.64542,1.64569,1.50,1.50
2013.06.10 17:23:31.098,1.64542,1.64574,3.19,1.50
2013.06.10 17:23:31.338,1.64552,1.64585,1.69,1.50
2013.06.10 17:23:31.518,1.64557,1.64585,1.50,1.13
2013.06.10 17:23:31.877,1.64553,1.64585,1.32,1.13
2013.06.10 17:23:32.237,1.64557,1.64589,1.50,1.32
2013.06.10 17:23:32.359,1.64557,1.6459,1.69,2.44
2013.06.10 17:23:32.905,1.64557,1.64591,2.44,1.69
2013.06.10 17:23:34.047,1.64557,1.64589,2.44,1.50
2013.06.10 17:23:34.348,1.64557,1.64587,2.44,1.13
2013.06.10 17:23:35.118,1.64557,1.6459,2.44,2.44
2013.06.10 17:23:37.538,1.64557,1.64592,2.44,2.63
2013.06.10 17:23:39.082,1.64557,1.64593,1.69,1.69
2013.06.10 17:23:39.388,1.64557,1.64588,1.50,1.65
2013.06.10 17:23:45.786,1.64558,1.64588,1.50,1.47
2013.06.10 17:23:47.748,1.64559,1.64588,1.50,1.47
2013.06.10 17:23:51.286,1.64557,1.64587,1.69,1.50
2013.06.10 17:23:51.620,1.64557,1.64584,1.50,1.69
2013.06.10 17:23:51.691,1.64547,1.64581,1.69,1.69
2013.06.10 17:23:56.080,1.64547,1.6458,1.50,1.88
2013.06.10 17:24:03.868,1.64549,1.64584,2.25,2.63
2013.06.10 17:24:03.928,1.64549,1.6458,2.25,1.50
2013.06.10 17:24:07.408,1.64547,1.64581,2.44,1.88
2013.06.10 17:24:09.958,1.64547,1.64579,2.44,1.50
2013.06.10 17:24:11.931,1.64547,1.64583,2.44,2.25
2013.06.10 17:24:12.608,1.64547,1.64582,2.44,1.50
2013.06.10 17:24:13.533,1.64538,1.64576,2.44,2.44
2013.06.10 17:24:13.600,1.64538,1.64572,2.44,1.13
2013.06.10 17:24:13.719,1.64538,1.64572,2.25,1.88
2013.06.10 17:24:14.398,1.64527,1.64565,2.44,2.44
2013.06.10 17:24:14.578,1.64532,1.64565,1.50,1.69
2013.06.10 17:24:15.118,1.64537,1.64569,1.50,1.69
2013.06.10 17:24:15.496,1.64537,1.6457,1.50,1.69
2013.06.10 17:24:17.400,1.64537,1.64573,1.69,2.63
2013.06.10 17:24:19.638,1.64537,1.64573,1.69,2.63
2013.06.10 17:24:21.288,1.64542,1.64574,1.50,2.63
2013.06.10 17:24:21.528,1.64546,1.64577,1.69,2.63
2013.06.10 17:24:21.828,1.64551,1.64579,1.50,1.13
2013.06.10 17:24:22.158,1.64551,1.64579,1.50,1.13
2013.06.10 17:24:22.219,1.64551,1.64581,1.69,1.50
2013.06.10 17:24:22.548,1.64551,1.64586,2.74,2.44
2013.06.10 17:24:27.319,1.64553,1.64586,1.69,1.50
2013.06.10 17:24:30.668,1.64553,1.64586,1.69,1.50
2013.06.10 17:24:38.568,1.64557,1.64586,1.69,1.50
2013.06.10 17:24:38.633,1.64557,1.64589,1.69,1.50
2013.06.10 17:24:38.879,1.64561,1.64593,1.50,3.38
2013.06.10 17:24:39.119,1.64562,1.64593,1.50,2.44
2013.06.10 17:24:39.419,1.64567,1.64593,1.50,2.44
2013.06.10 17:24:41.228,1.64561,1.64593,1.50,2.25
2013.06.10 17:24:41.908,1.64555,1.64592,2.44,1.50
2013.06.10 17:24:42.208,1.64557,1.64588,1.50,1.50
2013.06.10 17:24:42.268,1.64557,1.64588,1.50,1.88
2013.06.10 17:24:42.628,1.64557,1.64588,1.50,3.38
2013.06.10 17:24:42.749,1.64562,1.64585,1.50,1.50
2013.06.10 17:24:43.638,1.64554,1.64585,1.69,1.50
2013.06.10 17:24:43.818,1.64551,1.64585,1.69,1.50
2013.06.10 17:24:43.878,1.64551,1.64584,1.69,2.25
2013.06.10 17:24:44.178,1.64551,1.64581,1.50,1.69
2013.06.10 17:24:45.908,1.6455,1.64581,1.50,2.44
2013.06.10 17:24:45.969,1.6455,1.64579,1.50,1.13
2013.06.10 17:24:52.688,1.6455,1.64579,1.50,1.88
2013.06.10 17:24:55.188,1.64547,1.64579,1.69,1.88
2013.06.10 17:24:57.948,1.64547,1.64579,1.69,1.32
2013.06.10 17:24:58.258,1.64547,1.64576,1.69,1.50
2013.06.10 17:25:00.698,1.64547,1.64576,1.50,1.50
2013.06.10 17:25:03.609,1.64549,1.64576,1.50,1.50
2013.06.10 17:25:10.159,1.64547,1.64576,1.50,1.50
2013.06.10 17:25:10.687,1.64547,1.64576,1.50,1.69
2013.06.10 17:25:10.869,1.64547,1.64572,1.50,1.50
2013.06.10 17:25:12.858,1.64546,1.64576,1.69,1.50
2013.06.10 17:25:12.919,1.64549,1.64576,1.69,2.25
2013.06.10 17:25:12.978,1.64546,1.64576,1.69,2.25
2013.06.10 17:25:13.219,1.64544,1.64574,2.25,1.50
2013.06.10 17:25:13.339,1.64541,1.64574,1.69,2.25
2013.06.10 17:25:13.458,1.64539,1.6457,1.69,1.13
2013.06.10 17:25:13.577,1.64536,1.64568,1.69,1.88
2013.06.10 17:25:14.059,1.64531,1.64567,1.69,1.13
2013.06.10 17:25:15.909,1.64531,1.64567,1.69,1.13
2013.06.10 17:25:17.398,1.64531,1.64563,1.69,2.25
2013.06.10 17:25:17.688,1.64533,1.64563,1.88,1.50
2013.06.10 17:25:18.048,1.64537,1.64568,2.82,1.13
2013.06.10 17:25:21.468,1.64537,1.64568,4.69,1.13
2013.06.10 17:25:21.539,1.6454,1.64572,1.50,1.32
2013.06.10 17:25:21.598,1.64542,1.64575,1.13,2.44
2013.06.10 17:25:23.848,1.64542,1.64575,1.13,2.44
2013.06.10 17:25:24.088,1.64546,1.64575,1.69,1.50
2013.06.10 17:25:24.328,1.64546,1.64575,1.69,1.50
2013.06.10 17:25:24.748,1.64541,1.64575,1.69,2.25
2013.06.10 17:25:25.059,1.64547,1.64575,1.50,1.50
2013.06.10 17:25:27.618,1.6455,1.64575,1.50,1.50
2013.06.10 17:25:27.928,1.64547,1.64574,1.50,2.25
2013.06.10 17:25:46.860,1.6455,1.6457,1.50,1.50
2013.06.10 17:25:46.978,1.6455,1.64579,1.50,1.50
2013.06.10 17:25:47.111,1.64552,1.6458,1.50,1.50
2013.06.10 17:25:47.178,1.64551,1.64576,1.50,1.50
2013.06.10 17:25:47.299,1.64551,1.64575,1.50,1.50
2013.06.10 17:25:48.089,1.64552,1.64575,1.50,1.50
2013.06.10 17:25:48.449,1.64554,1.6458,1.69,1.50
2013.06.10 17:25:48.510,1.64557,1.6458,1.50,1.50
2013.06.10 17:25:48.748,1.6456,1.64584,1.50,1.50
2013.06.10 17:25:48.809,1.64561,1.64584,2.44,1.50
2013.06.10 17:25:49.168,1.64565,1.64589,1.88,1.50
2013.06.10 17:25:49.229,1.64565,1.64589,1.50,1.50
2013.06.10 17:25:49.410,1.64559,1.64586,1.69,1.50
2013.06.10 17:25:49.589,1.64554,1.64581,3.00,1.13
2013.06.10 17:25:49.650,1.64552,1.64578,1.50,1.13
2013.06.10 17:25:49.888,1.64546,1.64577,2.44,1.88
2013.06.10 17:25:50.129,1.64546,1.64577,1.69,1.13
2013.06.10 17:25:50.248,1.64546,1.64577,1.69,1.13
2013.06.10 17:25:50.688,1.64545,1.64578,1.69,1.88
2013.06.10 17:25:51.818,1.64546,1.64578,1.69,1.13
2013.06.10 17:25:52.178,1.64546,1.64581,1.69,3.00
2013.06.10 17:25:52.299,1.64546,1.6458,1.50,1.32
2013.06.10 17:25:52.598,1.64543,1.64577,1.69,1.13
2013.06.10 17:25:52.839,1.64545,1.64577,1.50,1.50
2013.06.10 17:25:52.899,1.64545,1.64581,1.50,2.44
2013.06.10 17:25:54.379,1.64551,1.64581,1.13,2.25
2013.06.10 17:25:54.897,1.64554,1.64587,1.69,1.13
2013.06.10 17:25:54.961,1.64555,1.64587,1.69,1.13
2013.06.10 17:25:55.938,1.64555,1.64588,1.69,1.13
2013.06.10 17:25:56.483,1.64555,1.64588,1.69,1.32
2013.06.10 17:25:57.089,1.64555,1.64587,1.69,1.32
2013.06.10 17:25:57.338,1.64556,1.64587,1.50,1.32
2013.06.10 17:25:57.686,1.64561,1.64589,1.50,1.13
2013.06.10 17:25:59.899,1.64561,1.64589,1.50,1.13
2013.06.10 17:26:00.482,1.64561,1.64589,1.50,1.13
2013.06.10 17:26:00.838,1.64561,1.6459,2.25,1.69
2013.06.10 17:26:01.018,1.64561,1.64591,2.25,1.13
2013.06.10 17:26:03.848,1.64563,1.64591,1.50,1.13
2013.06.10 17:26:04.319,1.64563,1.64594,2.25,1.13
2013.06.10 17:26:05.426,1.64566,1.64594,1.50,1.13
2013.06.10 17:26:05.730,1.64572,1.64595,1.50,1.32
2013.06.10 17:26:05.794,1.64573,1.64604,1.13,2.25
2013.06.10 17:26:05.920,1.64573,1.64603,1.88,2.25
2013.06.10 17:26:06.221,1.64566,1.64598,1.13,2.07
2013.06.10 17:26:06.399,1.64566,1.64598,1.13,2.07
2013.06.10 17:26:06.459,1.64562,1.64588,1.69,1.13
2013.06.10 17:26:06.698,1.64559,1.64588,1.50,1.32
2013.06.10 17:26:07.239,1.64573,1.64597,1.13,1.32
2013.06.10 17:26:07.359,1.64573,1.64604,1.32,1.50
2013.06.10 17:26:07.899,1.64577,1.64607,1.69,1.13
2013.06.10 17:26:08.138,1.64577,1.64608,1.69,1.13
2013.06.10 17:26:08.319,1.64577,1.64608,2.44,1.13
2013.06.10 17:26:08.679,1.64571,1.64603,2.25,1.69
2013.06.10 17:26:08.738,1.64571,1.64603,2.25,1.50
2013.06.10 17:26:08.969,1.64567,1.64602,2.25,1.69
2013.06.10 17:26:11.936,1.64567,1.64601,1.69,3.19
2013.06.10 17:26:15.821,1.64567,1.64599,1.69,1.50
2013.06.10 17:26:15.938,1.64567,1.646,1.69,4.50
2013.06.10 17:26:22.389,1.64567,1.64596,1.50,1.69
2013.06.10 17:26:22.508,1.64567,1.64596,1.50,1.69
2013.06.10 17:26:25.900,1.64562,1.64598,3.57,2.07
2013.06.10 17:26:25.959,1.64564,1.64598,1.69,1.32
2013.06.10 17:26:26.484,1.64565,1.64599,1.69,2.07
2013.06.10 17:26:26.679,1.64565,1.64599,1.69,1.32
2013.06.10 17:26:27.349,1.64566,1.64599,1.88,1.32
2013.06.10 17:26:29.029,1.64566,1.64598,2.25,2.07
2013.06.10 17:26:29.149,1.64566,1.64597,2.25,1.32
2013.06.10 17:26:29.879,1.64566,1.64594,1.50,1.69
2013.06.10 17:26:30.070,1.64567,1.64598,2.07,1.50
2013.06.10 17:26:30.128,1.64567,1.64602,2.07,2.44
2013.06.10 17:26:30.188,1.64567,1.64603,2.07,1.69
2013.06.10 17:26:30.855,1.64568,1.64603,1.69,1.69
2013.06.10 17:26:35.238,1.64569,1.64603,1.69,1.69
2013.06.10 17:26:35.478,1.64574,1.6461,2.25,1.69
2013.06.10 17:26:35.837,1.64574,1.64604,2.25,1.32
2013.06.10 17:26:35.898,1.64566,1.64604,2.44,1.32
2013.06.10 17:26:37.839,1.64569,1.64604,2.25,1.32
2013.06.10 17:26:39.389,1.64569,1.64604,2.25,1.32
2013.06.10 17:26:40.051,1.64569,1.64604,2.25,1.32
2013.06.10 17:26:43.268,1.64569,1.64604,2.25,1.32
2013.06.10 17:26:49.948,1.64569,1.64604,2.25,1.32
2013.06.10 17:26:50.918,1.64566,1.64601,1.69,1.32
2013.06.10 17:26:51.038,1.64563,1.64592,2.25,1.32
2013.06.10 17:26:51.358,1.64558,1.64589,3.00,1.32
2013.06.10 17:26:51.927,1.64558,1.64589,1.50,1.32
2013.06.10 17:26:52.388,1.64558,1.64589,1.50,1.32
2013.06.10 17:26:55.478,1.64558,1.64589,1.69,1.13
2013.06.10 17:26:55.861,1.64564,1.64589,1.50,1.13
2013.06.10 17:26:59.530,1.64564,1.64589,1.69,1.13
2013.06.10 17:27:01.250,1.64566,1.64597,1.69,1.13
2013.06.10 17:27:01.430,1.64568,1.64597,2.44,1.13
2013.06.10 17:27:02.149,1.64568,1.64598,2.44,1.13
2013.06.10 17:27:07.460,1.6457,1.64598,1.69,1.88
2013.06.10 17:27:11.298,1.64568,1.64598,3.75,1.32
2013.06.10 17:27:11.418,1.64568,1.64598,3.94,1.13
2013.06.10 17:27:14.328,1.64568,1.64597,2.44,1.13
2013.06.10 17:27:15.599,1.64569,1.64597,1.69,1.13
2013.06.10 17:27:15.898,1.64576,1.64608,1.50,2.07
2013.06.10 17:27:15.958,1.64578,1.64608,1.50,2.07
2013.06.10 17:27:16.898,1.64576,1.64607,1.50,1.32
2013.06.10 17:27:17.438,1.64576,1.64607,1.69,1.50
2013.06.10 17:27:19.473,1.64571,1.64607,1.69,3.19
2013.06.10 17:27:20.518,1.64571,1.64606,1.69,1.50
2013.06.10 17:27:22.078,1.64569,1.64605,1.69,1.50
2013.06.10 17:27:23.678,1.6457,1.64605,1.13,1.69
2013.06.10 17:27:24.218,1.64577,1.6461,1.50,1.69
2013.06.10 17:27:25.998,1.64577,1.6461,1.50,1.69
2013.06.10 17:27:26.058,1.64577,1.6461,1.50,1.69
2013.06.10 17:27:26.837,1.64577,1.6461,1.50,1.69
2013.06.10 17:27:27.346,1.64577,1.6461,1.50,1.69
2013.06.10 17:27:28.029,1.64577,1.6461,1.50,1.69
2013.06.10 17:27:28.439,1.64576,1.64609,1.50,1.69
2013.06.10 17:27:28.499,1.64578,1.64609,1.50,1.69
2013.06.10 17:27:28.859,1.64579,1.64608,1.50,1.32
2013.06.10 17:27:28.919,1.64579,1.64606,1.50,1.69
2013.06.10 17:27:28.978,1.64578,1.64606,1.50,1.69
2013.06.10 17:27:29.159,1.64573,1.64606,2.25,1.69
2013.06.10 17:27:29.278,1.64573,1.64609,2.63,1.13
2013.06.10 17:27:29.811,1.64576,1.64607,1.50,1.69
2013.06.10 17:27:32.468,1.64576,1.64607,1.50,3.38
2013.06.10 17:27:32.834,1.64576,1.64606,1.50,1.13
2013.06.10 17:27:35.608,1.64571,1.64606,1.69,1.13
2013.06.10 17:27:47.014,1.64571,1.64604,1.69,1.69
2013.06.10 17:27:47.562,1.64571,1.64603,1.69,1.50
2013.06.10 17:27:47.925,1.64574,1.64607,1.32,1.13
2013.06.10 17:27:47.991,1.64572,1.64608,3.19,1.13
2013.06.10 17:27:48.050,1.64572,1.64605,1.50,1.69
2013.06.10 17:27:48.358,1.64575,1.64604,1.50,1.13
2013.06.10 17:27:48.419,1.64575,1.64604,1.50,1.13
2013.06.10 17:27:49.318,1.64566,1.64598,1.69,1.69
2013.06.10 17:27:51.039,1.64566,1.64598,1.50,1.88
2013.06.10 17:27:52.291,1.64566,1.64603,1.69,1.88
2013.06.10 17:27:52.718,1.64564,1.64598,1.32,1.88
2013.06.10 17:27:53.096,1.64562,1.64594,1.50,1.32
2013.06.10 17:27:53.649,1.64558,1.64594,1.69,1.32
2013.06.10 17:28:00.329,1.6456,1.64594,1.69,1.32
2013.06.10 17:28:00.389,1.6456,1.64587,1.69,1.32
2013.06.10 17:28:00.750,1.64561,1.64588,1.50,1.32
2013.06.10 17:28:00.988,1.64558,1.64588,1.05,1.32
2013.06.10 17:28:01.169,1.64565,1.64594,1.50,1.32
2013.06.10 17:28:01.409,1.64569,1.64598,1.50,1.32
2013.06.10 17:28:01.589,1.6457,1.64606,2.25,1.88
2013.06.10 17:28:04.830,1.64575,1.64607,1.50,1.69
2013.06.10 17:28:04.889,1.64575,1.64608,1.50,2.07
2013.06.10 17:28:04.949,1.64575,1.64608,1.50,1.32
2013.06.10 17:28:05.010,1.64577,1.64608,1.50,1.32
2013.06.10 17:28:05.569,1.64575,1.64609,1.50,1.32
2013.06.10 17:28:07.548,1.64572,1.64608,1.69,1.50
2013.06.10 17:28:07.608,1.64572,1.64608,1.69,2.25
2013.06.10 17:28:10.620,1.64572,1.64608,1.69,2.25
2013.06.10 17:28:14.108,1.64572,1.64608,1.50,1.69
2013.06.10 17:28:14.443,1.64571,1.64601,1.80,1.50
2013.06.10 17:28:14.508,1.64571,1.64601,1.50,1.13
2013.06.10 17:28:18.600,1.64567,1.64601,2.07,1.13
2013.06.10 17:28:19.110,1.64571,1.64599,1.50,1.13
2013.06.10 17:28:19.470,1.64572,1.64598,1.50,1.32
2013.06.10 17:28:21.693,1.64572,1.64604,1.50,2.44
2013.06.10 17:28:21.759,1.64572,1.64604,1.69,1.50
2013.06.10 17:28:22.119,1.64576,1.64606,1.50,1.50
2013.06.10 17:28:22.180,1.64577,1.64607,1.50,1.32
2013.06.10 17:28:23.899,1.64576,1.64608,1.50,1.13
2013.06.10 17:28:24.019,1.64572,1.64606,1.50,2.44
2013.06.10 17:28:25.018,1.64572,1.64606,1.50,3.94
2013.06.10 17:28:26.779,1.64572,1.64605,1.50,1.32
2013.06.10 17:28:27.775,1.64572,1.64605,1.50,2.07
2013.06.10 17:28:31.340,1.64572,1.64604,1.50,2.07
2013.06.10 17:28:35.209,1.64576,1.64606,1.50,2.07
2013.06.10 17:28:35.710,1.64576,1.64606,1.50,1.69
2013.06.10 17:28:36.019,1.64564,1.64596,1.50,1.69
2013.06.10 17:28:36.199,1.64567,1.64598,1.50,1.32
2013.06.10 17:28:36.259,1.64567,1.64598,1.50,1.32
2013.06.10 17:28:36.379,1.64569,1.646,2.25,1.32
2013.06.10 17:28:36.738,1.64572,1.64602,1.50,2.07
2013.06.10 17:28:37.309,1.64575,1.64602,1.50,2.07
2013.06.10 17:28:37.670,1.64571,1.646,1.50,1.32
2013.06.10 17:28:40.192,1.64571,1.646,1.50,1.32
2013.06.10 17:28:40.382,1.64571,1.646,1.50,1.13
2013.06.10 17:28:40.829,1.64569,1.64598,2.25,1.13
2013.06.10 17:28:40.889,1.64569,1.64598,1.50,1.13
2013.06.10 17:28:41.129,1.64569,1.64598,1.88,1.13
2013.06.10 17:28:41.489,1.64583,1.64614,1.50,1.62
2013.06.10 17:28:41.769,1.64583,1.64615,1.50,1.65
2013.06.10 17:28:42.539,1.64586,1.64618,1.69,1.13
2013.06.10 17:28:42.660,1.64591,1.64618,1.50,1.13
2013.06.10 17:28:43.175,1.64592,1.64622,1.50,1.69
2013.06.10 17:28:43.698,1.64591,1.64618,2.25,1.13
2013.06.10 17:28:44.380,1.64591,1.64618,2.25,1.13
2013.06.10 17:28:44.692,1.64591,1.64618,2.25,1.13
2013.06.10 17:28:45.863,1.64591,1.64617,1.50,1.32
2013.06.10 17:28:46.378,1.64587,1.64617,1.50,1.32
2013.06.10 17:28:54.464,1.64591,1.64618,1.50,1.13
2013.06.10 17:28:54.979,1.6459,1.64617,2.25,1.13
2013.06.10 17:28:57.678,1.64586,1.64617,1.50,1.32
2013.06.10 17:28:59.218,1.64586,1.64617,1.50,1.32
2013.06.10 17:29:03.650,1.64586,1.64619,1.50,1.32
2013.06.10 17:29:04.130,1.64586,1.64617,1.50,1.32
2013.06.10 17:29:04.189,1.64586,1.64617,1.50,1.32
2013.06.10 17:29:04.429,1.64587,1.6462,1.50,1.32
2013.06.10 17:29:04.669,1.64586,1.64619,1.50,1.32
2013.06.10 17:29:05.269,1.64581,1.64618,2.44,1.32
2013.06.10 17:29:08.739,1.64581,1.64614,1.50,2.07
2013.06.10 17:29:08.858,1.64581,1.6461,1.50,1.13
2013.06.10 17:29:08.980,1.64575,1.64608,1.50,1.32
2013.06.10 17:29:09.039,1.64574,1.64604,1.50,1.32
2013.06.10 17:29:09.159,1.64573,1.64604,1.50,1.32
2013.06.10 17:29:09.639,1.64572,1.64599,1.50,1.13
2013.06.10 17:29:10.642,1.64572,1.64604,1.50,1.32
2013.06.10 17:29:11.167,1.64572,1.646,1.50,1.32
2013.06.10 17:29:12.279,1.64576,1.64605,1.50,1.32
2013.06.10 17:29:12.519,1.64579,1.64607,1.50,1.32
2013.06.10 17:29:12.579,1.64578,1.64609,2.25,1.69
2013.06.10 17:29:12.759,1.64582,1.64615,2.44,2.25
2013.06.10 17:29:12.819,1.64582,1.64615,2.44,1.50
2013.06.10 17:29:12.942,1.64582,1.64617,1.69,1.32
2013.06.10 17:29:13.060,1.64582,1.64619,1.69,1.32
2013.06.10 17:29:13.690,1.64582,1.64617,1.69,2.82
2013.06.10 17:29:14.049,1.64577,1.64607,2.44,1.50
2013.06.10 17:29:14.228,1.64575,1.64608,1.69,4.13
2013.06.10 17:29:14.409,1.6457,1.64603,1.69,1.50
2013.06.10 17:29:14.804,1.64572,1.64602,1.69,1.13
2013.06.10 17:29:14.869,1.64571,1.646,1.50,1.13
2013.06.10 17:29:15.049,1.64566,1.64598,1.50,1.32
2013.06.10 17:29:16.579,1.64562,1.64598,1.69,2.07
2013.06.10 17:29:17.879,1.6457,1.64598,1.50,1.13
2013.06.10 17:29:20.379,1.64572,1.646,1.09,1.13
2013.06.10 17:29:20.688,1.64572,1.64604,2.59,1.13
2013.06.10 17:29:20.868,1.64576,1.64612,1.65,2.44
2013.06.10 17:29:24.942,1.64574,1.64607,2.25,1.32
2013.06.10 17:29:25.249,1.6457,1.64602,1.13,1.69
2013.06.10 17:29:25.368,1.64568,1.646,1.73,1.69
2013.06.10 17:29:25.429,1.64567,1.64598,1.50,1.32
2013.06.10 17:29:25.490,1.64567,1.64598,2.44,1.13
2013.06.10 17:29:26.029,1.64564,1.64598,2.59,1.13
2013.06.10 17:29:26.813,1.64568,1.64598,2.44,1.13
2013.06.10 17:29:29.968,1.64568,1.64598,2.44,1.13
2013.06.10 17:29:30.269,1.64573,1.64599,1.50,1.13
2013.06.10 17:29:30.818,1.64573,1.64609,1.50,1.69
2013.06.10 17:29:31.609,1.64578,1.64612,3.94,1.50
2013.06.10 17:29:31.729,1.64581,1.64612,1.50,1.50
2013.06.10 17:29:31.920,1.64581,1.64614,1.50,1.69
2013.06.10 17:29:35.479,1.6458,1.64612,1.50,1.50
2013.06.10 17:29:35.538,1.64578,1.64612,3.34,1.50
2013.06.10 17:29:35.971,1.64579,1.64612,2.44,1.50
2013.06.10 17:29:36.099,1.64581,1.64614,1.69,1.69
2013.06.10 17:29:36.459,1.64583,1.64614,2.25,1.69
2013.06.10 17:29:36.640,1.64585,1.64614,1.50,1.69
2013.06.10 17:29:37.360,1.64585,1.64614,1.50,1.69
2013.06.10 17:29:37.759,1.64581,1.64618,2.44,1.32
2013.06.10 17:29:37.819,1.64581,1.64613,1.69,1.50
2013.06.10 17:29:38.929,1.64576,1.64611,1.50,1.32
2013.06.10 17:29:39.289,1.64573,1.64599,1.50,1.13
2013.06.10 17:29:39.349,1.64572,1.64599,3.75,1.13
2013.06.10 17:29:39.468,1.64568,1.64599,1.88,1.13
2013.06.10 17:29:40.067,1.64568,1.64599,1.50,1.13
2013.06.10 17:29:41.458,1.64567,1.646,1.69,1.13
2013.06.10 17:29:41.519,1.64567,1.64601,1.69,1.32
2013.06.10 17:29:42.089,1.64567,1.64601,1.69,1.32
2013.06.10 17:29:42.859,1.64573,1.64603,1.50,1.65
2013.06.10 17:29:43.299,1.64571,1.64603,1.50,1.65
2013.06.10 17:29:43.539,1.64571,1.64603,2.25,1.65
2013.06.10 17:29:48.488,1.64573,1.64603,2.44,1.47
2013.06.10 17:29:49.708,1.64571,1.64602,3.19,1.13
2013.06.10 17:29:49.773,1.64571,1.64598,3.19,1.13
2013.06.10 17:29:50.548,1.64571,1.64598,3.19,1.13
2013.06.10 17:29:52.488,1.64571,1.64598,3.19,1.13
2013.06.10 17:29:56.791,1.64568,1.64597,2.44,1.13
2013.06.10 17:29:56.990,1.64569,1.64599,1.50,1.13
2013.06.10 17:29:57.793,1.64569,1.64602,3.00,1.13
2013.06.10 17:30:00.819,1.6457,1.646,1.69,1.13
2013.06.10 17:30:00.940,1.64573,1.646,1.50,1.13
2013.06.10 17:30:01.059,1.64567,1.64598,2.44,1.13
2013.06.10 17:30:01.725,1.64566,1.64597,2.59,1.13
2013.06.10 17:30:01.849,1.64571,1.64602,1.69,1.13
2013.06.10 17:30:01.909,1.64571,1.64602,2.44,1.13
2013.06.10 17:30:01.968,1.64573,1.64604,1.84,1.50
2013.06.10 17:30:03.330,1.64578,1.64605,1.69,1.50
2013.06.10 17:30:03.451,1.64576,1.64609,3.19,1.50
2013.06.10 17:30:03.869,1.64579,1.64614,1.69,1.69
2013.06.10 17:30:04.529,1.64578,1.64614,2.44,1.69
2013.06.10 17:30:05.629,1.64576,1.64612,1.50,2.44
2013.06.10 17:30:06.858,1.64576,1.64612,1.69,2.44
2013.06.10 17:30:06.919,1.64578,1.64612,1.69,2.44
2013.06.10 17:30:10.719,1.64577,1.64612,1.69,3.94
2013.06.10 17:30:11.369,1.64577,1.64609,1.50,2.44
2013.06.10 17:30:14.211,1.64576,1.64608,1.50,1.69
2013.06.10 17:30:15.308,1.64576,1.64608,1.69,1.50
2013.06.10 17:30:15.489,1.6458,1.64614,1.69,1.69
2013.06.10 17:30:15.849,1.64577,1.64612,1.69,2.25
2013.06.10 17:30:17.593,1.64576,1.64609,1.69,2.25
2013.06.10 17:30:22.809,1.64576,1.64609,1.50,3.94
2013.06.10 17:30:26.379,1.64571,1.64609,2.44,5.44
2013.06.10 17:30:26.740,1.64571,1.64604,1.69,1.13
2013.06.10 17:30:26.809,1.64571,1.64601,1.69,1.13
2013.06.10 17:30:27.049,1.64571,1.64605,1.69,1.50
2013.06.10 17:30:27.229,1.64571,1.64604,1.50,3.19
2013.06.10 17:30:27.289,1.64567,1.64598,2.07,1.13
2013.06.10 17:30:27.848,1.64566,1.64597,1.69,1.13
2013.06.10 17:30:28.434,1.64566,1.64601,1.69,1.13
2013.06.10 17:30:33.339,1.64565,1.64599,2.07,1.13
2013.06.10 17:30:37.557,1.64566,1.64599,1.32,1.13
2013.06.10 17:30:45.171,1.64568,1.646,1.50,1.13
2013.06.10 17:30:45.299,1.64566,1.646,2.44,1.13
2013.06.10 17:30:45.659,1.64577,1.64611,2.25,2.82
2013.06.10 17:30:45.720,1.64576,1.64611,3.00,2.44
2013.06.10 17:30:47.611,1.64577,1.64613,1.50,1.69
2013.06.10 17:30:50.228,1.6458,1.64613,1.50,1.69
2013.06.10 17:30:50.380,1.64579,1.64613,2.25,2.44
2013.06.10 17:30:55.159,1.64577,1.64613,1.50,1.69
2013.06.10 17:30:55.464,1.64572,1.64603,1.69,1.13
2013.06.10 17:30:55.890,1.64574,1.64606,1.69,1.32
2013.06.10 17:30:55.949,1.64581,1.6461,1.50,1.69
2013.06.10 17:30:56.070,1.6458,1.64613,2.82,1.69
2013.06.10 17:30:56.250,1.64582,1.64614,1.13,1.69
2013.06.10 17:30:56.559,1.64587,1.64618,1.50,1.32
2013.06.10 17:30:57.848,1.64587,1.64618,4.50,1.32
2013.06.10 17:31:00.489,1.64587,1.64618,3.75,1.32
2013.06.10 17:31:00.630,1.64587,1.64618,3.75,1.32
2013.06.10 17:31:05.469,1.64588,1.64618,2.25,1.32
2013.06.10 17:31:06.658,1.64591,1.64621,1.50,1.32
2013.06.10 17:31:09.389,1.6459,1.64618,2.25,1.13
2013.06.10 17:31:09.511,1.64587,1.64617,1.50,1.32
2013.06.10 17:31:10.509,1.64586,1.64618,1.50,2.07
2013.06.10 17:31:10.630,1.64588,1.64618,1.50,1.32
2013.06.10 17:31:11.056,1.64591,1.64618,1.50,1.32
2013.06.10 17:31:11.558,1.64591,1.6462,1.50,1.13
2013.06.10 17:31:14.604,1.64592,1.64619,1.88,1.13
2013.06.10 17:31:15.108,1.64592,1.64619,1.50,1.13
2013.06.10 17:31:16.218,1.64592,1.64619,1.69,1.13
2013.06.10 17:31:17.859,1.64593,1.64627,2.29,1.65
2013.06.10 17:31:22.310,1.64595,1.64623,1.50,1.28
2013.06.10 17:31:23.049,1.64593,1.64623,2.25,1.28
2013.06.10 17:31:23.980,1.64593,1.64623,2.25,1.28
2013.06.10 17:31:24.825,1.64593,1.64623,3.75,1.28
2013.06.10 17:31:25.019,1.64596,1.64623,2.25,1.28
2013.06.10 17:31:27.617,1.64596,1.64623,3.75,1.28
2013.06.10 17:31:33.612,1.64596,1.64622,2.25,1.50
2013.06.10 17:31:33.729,1.64596,1.64622,2.25,1.50
2013.06.10 17:31:35.359,1.64597,1.64621,1.50,1.13
2013.06.10 17:31:36.258,1.64597,1.64622,1.50,1.50
2013.06.10 17:31:40.429,1.64596,1.64622,2.25,1.47
2013.06.10 17:31:41.898,1.64594,1.64622,2.25,1.47
2013.06.10 17:31:45.978,1.64597,1.64622,1.50,1.47
2013.06.10 17:31:47.778,1.64598,1.64622,2.25,1.65
2013.06.10 17:31:48.678,1.64597,1.64627,1.50,1.65
2013.06.10 17:31:49.390,1.64593,1.64621,2.25,1.13
2013.06.10 17:31:49.928,1.64595,1.64621,3.00,1.13
2013.06.10 17:31:51.490,1.64595,1.64623,1.50,1.65
2013.06.10 17:31:52.112,1.64595,1.64623,1.50,1.65
2013.06.10 17:31:52.530,1.64594,1.64623,1.50,1.47
2013.06.10 17:31:52.589,1.64598,1.64623,1.50,1.47
2013.06.10 17:31:52.709,1.64596,1.64624,3.00,1.13
2013.06.10 17:31:52.829,1.64602,1.64627,2.25,1.50
2013.06.10 17:31:53.130,1.64611,1.6464,1.13,2.22
2013.06.10 17:31:53.490,1.64618,1.64649,1.73,1.13
2013.06.10 17:31:53.553,1.64618,1.64649,1.73,1.50
2013.06.10 17:31:54.328,1.64622,1.6465,2.25,1.32
2013.06.10 17:31:54.513,1.64622,1.6465,2.25,1.32
2013.06.10 17:31:54.698,1.64619,1.64649,2.25,1.13
2013.06.10 17:31:55.379,1.64619,1.64652,2.25,5.78
2013.06.10 17:31:55.562,1.64616,1.64652,1.69,4.28
2013.06.10 17:31:56.097,1.64617,1.64648,1.50,1.88
2013.06.10 17:31:57.280,1.64616,1.64647,3.38,1.13
2013.06.10 17:31:57.340,1.64618,1.64649,2.25,1.13
2013.06.10 17:31:58.080,1.64619,1.64653,1.50,2.40
2013.06.10 17:31:58.144,1.64621,1.64653,1.50,1.65
2013.06.10 17:31:59.559,1.64618,1.64653,3.00,1.65
2013.06.10 17:32:00.062,1.64618,1.64653,1.50,1.65
2013.06.10 17:32:00.253,1.64618,1.64649,1.50,2.44
2013.06.10 17:32:00.439,1.64615,1.64644,1.50,2.25
2013.06.10 17:32:00.499,1.64615,1.64643,1.50,1.69
2013.06.10 17:32:00.560,1.64611,1.6464,1.88,1.69
2013.06.10 17:32:00.619,1.64611,1.64637,1.88,1.09
2013.06.10 17:32:00.680,1.64609,1.64637,1.50,2.03
2013.06.10 17:32:00.740,1.64608,1.64637,3.00,1.65
2013.06.10 17:32:00.922,1.64604,1.64632,2.25,1.32
2013.06.10 17:32:00.980,1.64601,1.64632,1.50,1.32
2013.06.10 17:32:01.529,1.64596,1.64627,1.50,1.32
2013.06.10 17:32:01.875,1.64596,1.64627,1.50,1.69
2013.06.10 17:32:02.189,1.64596,1.64627,1.50,1.69
2013.06.10 17:32:04.759,1.64612,1.64637,1.13,2.44
2013.06.10 17:32:04.819,1.64612,1.64641,1.13,1.69
2013.06.10 17:32:05.120,1.64609,1.64642,1.50,1.32
2013.06.10 17:32:05.180,1.64611,1.64643,1.69,1.13
2013.06.10 17:32:05.719,1.64616,1.6465,1.69,1.13
2013.06.10 17:32:06.020,1.64618,1.64653,1.69,1.32
2013.06.10 17:32:06.504,1.64618,1.64653,1.50,1.69
2013.06.10 17:32:06.830,1.64617,1.64638,1.50,1.69
2013.06.10 17:32:06.889,1.64604,1.64638,1.69,1.69
2013.06.10 17:32:06.950,1.64604,1.64636,1.50,1.69
2013.06.10 17:32:07.010,1.64595,1.64633,2.25,1.69
2013.06.10 17:32:07.249,1.64599,1.64627,3.00,1.32
2013.06.10 17:32:07.450,1.64599,1.64627,3.00,1.32
2013.06.10 17:32:07.750,1.64604,1.64636,1.50,1.69
2013.06.10 17:32:07.933,1.64605,1.64641,2.44,2.07
2013.06.10 17:32:08.000,1.64605,1.64641,2.44,2.07
2013.06.10 17:32:08.532,1.64604,1.64634,2.25,1.32
2013.06.10 17:32:08.849,1.64606,1.6464,2.25,1.69
2013.06.10 17:32:09.039,1.64607,1.64644,2.44,2.44
2013.06.10 17:32:09.459,1.6461,1.64648,1.50,2.07
2013.06.10 17:32:09.819,1.6461,1.64648,1.50,2.07
2013.06.10 17:32:10.609,1.64608,1.6464,1.13,1.50
2013.06.10 17:32:10.759,1.64608,1.64639,1.13,2.25
2013.06.10 17:32:10.902,1.64606,1.64638,2.25,2.44
2013.06.10 17:32:11.439,1.64599,1.64633,2.44,1.69
2013.06.10 17:32:11.979,1.64599,1.64636,2.25,3.19
2013.06.10 17:32:14.519,1.64599,1.64636,2.25,3.57
2013.06.10 17:32:14.639,1.64599,1.64631,1.50,1.69
2013.06.10 17:32:14.819,1.64593,1.64631,3.38,2.44
2013.06.10 17:32:15.120,1.64584,1.64618,2.25,1.69
2013.06.10 17:32:15.480,1.64581,1.64613,1.50,3.19
2013.06.10 17:32:15.839,1.6458,1.64613,1.88,1.69
2013.06.10 17:32:15.959,1.64581,1.64616,1.88,1.69
2013.06.10 17:32:16.079,1.64581,1.64616,2.25,1.69
2013.06.10 17:32:16.319,1.64586,1.64618,1.50,1.28
2013.06.10 17:32:16.379,1.64586,1.6462,1.69,1.50
2013.06.10 17:32:16.739,1.64591,1.6462,1.32,1.50
2013.06.10 17:32:17.301,1.64594,1.64624,2.44,1.50
2013.06.10 17:32:17.860,1.64593,1.64624,1.88,1.50
2013.06.10 17:32:18.051,1.64593,1.64624,1.13,1.50
2013.06.10 17:32:19.900,1.64591,1.6462,1.13,1.50
2013.06.10 17:32:20.260,1.64591,1.6462,1.28,1.50
2013.06.10 17:32:20.440,1.64591,1.64623,1.69,1.50
2013.06.10 17:32:20.500,1.64598,1.64623,1.47,1.50
2013.06.10 17:32:20.859,1.64603,1.64634,3.75,1.50
2013.06.10 17:32:21.220,1.64604,1.64634,2.44,1.50
2013.06.10 17:32:21.398,1.64604,1.64634,1.69,1.50
2013.06.10 17:32:21.759,1.64598,1.64629,2.44,1.88
2013.06.10 17:32:21.819,1.64598,1.64629,1.69,1.88
2013.06.10 17:32:22.189,1.64602,1.64629,1.50,1.88
2013.06.10 17:32:24.029,1.64594,1.64629,1.32,1.50
2013.06.10 17:32:24.370,1.64599,1.64629,1.50,1.13
2013.06.10 17:32:24.749,1.64594,1.64628,1.32,1.50
2013.06.10 17:32:24.879,1.64594,1.64628,2.07,1.50
2013.06.10 17:32:24.941,1.64594,1.64627,1.32,1.13
2013.06.10 17:32:25.178,1.64595,1.64627,5.44,1.13
2013.06.10 17:32:25.239,1.64595,1.64627,3.94,1.13
2013.06.10 17:32:25.299,1.64595,1.64628,2.07,1.50
2013.06.10 17:32:25.600,1.64599,1.64627,2.44,1.50
2013.06.10 17:32:25.960,1.646,1.64628,1.69,1.88
2013.06.10 17:32:26.019,1.646,1.64628,1.69,1.88
2013.06.10 17:32:27.320,1.64599,1.64628,1.32,1.50
2013.06.10 17:32:27.939,1.646,1.64628,1.69,1.50
2013.06.10 17:32:28.240,1.64599,1.64633,3.57,1.50
2013.06.10 17:32:28.419,1.64602,1.64633,1.32,1.50
2013.06.10 17:32:29.559,1.64606,1.64633,2.44,1.50
2013.06.10 17:32:29.679,1.6461,1.64633,1.50,1.50
2013.06.10 17:32:29.799,1.6461,1.64635,1.50,1.50
2013.06.10 17:32:29.859,1.64605,1.64636,3.00,2.44
2013.06.10 17:32:29.919,1.64605,1.64638,3.94,1.32
2013.06.10 17:32:29.979,1.64605,1.64639,2.44,2.63
2013.06.10 17:32:30.399,1.64609,1.6464,1.50,1.69
2013.06.10 17:32:31.940,1.64609,1.64639,1.50,1.69
2013.06.10 17:32:32.839,1.64609,1.64639,1.50,1.69
2013.06.10 17:32:34.279,1.64609,1.64639,1.50,1.50
2013.06.10 17:32:34.440,1.64609,1.64639,1.50,1.50
2013.06.10 17:32:35.270,1.64609,1.64644,2.25,1.69
2013.06.10 17:32:35.449,1.64609,1.6464,3.00,1.13
2013.06.10 17:32:35.770,1.64605,1.64637,1.50,1.32
2013.06.10 17:32:35.890,1.64606,1.64637,1.69,1.13
2013.06.10 17:32:36.069,1.64612,1.64643,1.69,1.50
2013.06.10 17:32:36.130,1.64614,1.64642,1.32,1.50
2013.06.10 17:32:36.549,1.64613,1.64645,1.50,1.69
2013.06.10 17:32:37.089,1.64612,1.64647,1.69,1.69
2013.06.10 17:32:37.390,1.6461,1.64645,1.69,1.69
2013.06.10 17:32:38.473,1.6461,1.64647,1.69,1.69
2013.06.10 17:32:39.032,1.64614,1.64647,2.25,1.69
2013.06.10 17:32:39.380,1.64614,1.64644,1.50,1.69
2013.06.10 17:32:39.500,1.64607,1.64638,1.50,1.13
2013.06.10 17:32:39.560,1.64605,1.64637,1.69,1.50
2013.06.10 17:32:40.061,1.64602,1.64635,2.07,1.50
2013.06.10 17:32:40.479,1.646,1.64634,2.44,1.50
2013.06.10 17:32:40.600,1.646,1.64635,2.44,1.69
2013.06.10 17:32:40.839,1.64602,1.64638,2.25,1.69
2013.06.10 17:32:41.199,1.64601,1.64632,1.69,1.50
2013.06.10 17:32:41.866,1.64599,1.64632,1.69,1.50
2013.06.10 17:32:42.224,1.64599,1.64632,1.69,1.50
2013.06.10 17:32:45.659,1.64603,1.64632,1.32,1.50
2013.06.10 17:32:47.020,1.64603,1.64632,1.32,1.50
2013.06.10 17:32:47.201,1.646,1.64634,3.57,1.50
2013.06.10 17:32:47.260,1.64603,1.64637,1.69,1.50
2013.06.10 17:32:47.620,1.6461,1.64635,1.69,1.50
2013.06.10 17:32:47.680,1.64613,1.6464,1.69,1.50
2013.06.10 17:32:48.919,1.64613,1.64643,1.32,1.50
2013.06.10 17:32:48.985,1.64613,1.64643,1.32,1.50
2013.06.10 17:32:49.289,1.64607,1.64641,3.57,1.50
2013.06.10 17:32:49.350,1.64611,1.64641,1.69,1.50
2013.06.10 17:32:49.409,1.64611,1.64645,2.82,2.25
2013.06.10 17:32:49.469,1.64611,1.64645,3.57,2.25
2013.06.10 17:32:49.721,1.64612,1.64648,1.69,2.44
2013.06.10 17:32:50.050,1.64612,1.64648,2.07,1.69
2013.06.10 17:32:50.241,1.64612,1.64648,1.69,1.69
2013.06.10 17:32:50.650,1.64612,1.64648,3.19,2.44
2013.06.10 17:32:51.199,1.64612,1.64648,3.19,1.69
2013.06.10 17:32:51.459,1.64612,1.64648,3.19,2.44
2013.06.10 17:32:54.276,1.64616,1.64648,2.07,2.44
2013.06.10 17:32:54.589,1.64618,1.64648,1.13,2.44
2013.06.10 17:32:56.171,1.64618,1.64648,1.13,1.69
2013.06.10 17:32:57.269,1.64621,1.64646,1.13,1.69
2013.06.10 17:32:58.390,1.64612,1.64644,2.44,1.50
2013.06.10 17:32:58.449,1.64612,1.64643,1.69,1.50
2013.06.10 17:32:58.921,1.64611,1.64639,1.69,1.50
2013.06.10 17:32:59.099,1.64611,1.64644,1.69,1.13
2013.06.10 17:32:59.471,1.64611,1.64646,1.69,2.44
2013.06.10 17:32:59.845,1.64611,1.64645,1.69,1.69
2013.06.10 17:33:00.698,1.64611,1.64641,1.69,1.50
2013.06.10 17:33:01.239,1.64616,1.64641,1.69,1.50
2013.06.10 17:33:01.540,1.64616,1.6465,1.69,2.44
2013.06.10 17:33:01.599,1.64616,1.6465,1.69,1.69
2013.06.10 17:33:01.779,1.64617,1.6465,1.69,2.44
2013.06.10 17:33:02.019,1.64617,1.6465,1.69,2.44
2013.06.10 17:33:02.319,1.64612,1.64649,2.63,1.69
2013.06.10 17:33:02.440,1.64612,1.64644,2.44,1.50
2013.06.10 17:33:02.620,1.64612,1.64644,2.44,1.69
2013.06.10 17:33:04.280,1.64612,1.64644,2.82,1.69
2013.06.10 17:33:04.759,1.64614,1.64646,1.69,1.50
2013.06.10 17:33:05.090,1.6462,1.64646,1.50,1.50
2013.06.10 17:33:06.888,1.64624,1.64646,1.50,1.50
2013.06.10 17:33:07.179,1.6462,1.64646,1.50,1.50
2013.06.10 17:33:09.671,1.64621,1.64646,1.13,1.50
2013.06.10 17:33:10.031,1.6463,1.64648,2.07,1.13
2013.06.10 17:33:10.209,1.64638,1.6466,1.50,1.13
2013.06.10 17:33:10.329,1.64638,1.64663,1.69,1.50
2013.06.10 17:33:10.874,1.64633,1.6467,1.69,2.82
2013.06.10 17:33:11.369,1.64635,1.6467,1.69,2.44
2013.06.10 17:33:11.428,1.64639,1.6467,1.50,2.44
2013.06.10 17:33:11.919,1.64636,1.6467,1.69,2.07
2013.06.10 17:33:12.242,1.64634,1.64669,1.69,1.32
2013.06.10 17:33:12.979,1.64634,1.64668,1.32,1.88
2013.06.10 17:33:13.557,1.64634,1.64657,1.32,1.13
2013.06.10 17:33:14.760,1.64637,1.64658,1.50,1.13
2013.06.10 17:33:15.119,1.64639,1.6466,1.50,1.50
2013.06.10 17:33:15.299,1.64639,1.64665,1.50,1.50
2013.06.10 17:33:16.179,1.64634,1.64665,3.34,1.50
2013.06.10 17:33:17.009,1.64636,1.64667,1.32,1.13
2013.06.10 17:33:17.689,1.64636,1.64667,1.32,1.13
2013.06.10 17:33:19.590,1.64634,1.64665,1.32,1.50
2013.06.10 17:33:19.729,1.64634,1.64665,1.13,1.50
2013.06.10 17:33:20.571,1.64634,1.64666,1.13,1.50
2013.06.10 17:33:21.189,1.64635,1.64666,1.13,1.50
2013.06.10 17:33:21.499,1.64631,1.64663,2.07,1.50
2013.06.10 17:33:21.739,1.64631,1.64663,2.07,1.50
2013.06.10 17:33:23.209,1.64632,1.64663,1.32,1.50
2013.06.10 17:33:23.329,1.64628,1.64663,1.32,1.50
2013.06.10 17:33:23.450,1.64626,1.64657,1.50,1.69
2013.06.10 17:33:23.689,1.64622,1.64659,1.69,2.44
2013.06.10 17:33:23.990,1.64623,1.64658,1.69,1.69
2013.06.10 17:33:24.520,1.64627,1.64656,1.13,1.50
2013.06.10 17:33:26.259,1.64623,1.64658,2.07,1.69
2013.06.10 17:33:27.260,1.64625,1.64654,1.13,1.50
2013.06.10 17:33:27.629,1.64623,1.64654,2.07,1.50
2013.06.10 17:33:27.691,1.64622,1.64652,2.44,1.50
2013.06.10 17:33:27.811,1.64622,1.64655,1.88,3.19
2013.06.10 17:33:27.929,1.64622,1.64654,1.13,1.50
2013.06.10 17:33:28.259,1.64616,1.64649,2.82,1.50
2013.06.10 17:33:30.164,1.6462,1.64649,1.84,1.50
2013.06.10 17:33:30.479,1.64622,1.64658,2.07,3.75
2013.06.10 17:33:30.599,1.64622,1.64658,1.32,3.98
2013.06.10 17:33:30.719,1.64619,1.64653,3.19,1.69
2013.06.10 17:33:30.839,1.64619,1.64653,1.69,1.69
2013.06.10 17:33:34.451,1.64616,1.64652,1.88,1.69
2013.06.10 17:33:34.789,1.64618,1.64652,1.50,1.69
2013.06.10 17:33:36.069,1.64617,1.64652,1.69,1.69
2013.06.10 17:33:38.000,1.64615,1.64648,1.69,1.50
2013.06.10 17:33:41.739,1.64612,1.64647,1.69,1.80
2013.06.10 17:33:43.721,1.64614,1.64647,2.07,1.05
2013.06.10 17:33:43.899,1.64617,1.64648,1.13,1.69
2013.06.10 17:33:44.551,1.64617,1.64648,1.13,1.69
2013.06.10 17:33:45.699,1.64617,1.64648,1.88,1.69
2013.06.10 17:33:45.819,1.64617,1.64648,1.13,1.69
2013.06.10 17:33:45.998,1.64616,1.64648,1.32,1.69
2013.06.10 17:33:51.182,1.64616,1.64648,1.69,1.50
2013.06.10 17:33:52.279,1.64616,1.64648,1.69,1.50
2013.06.10 17:33:54.500,1.64616,1.64647,1.32,1.13
2013.06.10 17:33:54.679,1.64613,1.64644,1.32,1.50
2013.06.10 17:33:54.981,1.64621,1.64643,1.69,1.50
2013.06.10 17:33:55.044,1.64621,1.64643,1.32,1.50
2013.06.10 17:33:55.121,1.64622,1.64648,1.69,1.13
2013.06.10 17:33:55.360,1.64636,1.64654,1.09,1.50
2013.06.10 17:33:55.419,1.64637,1.64654,1.47,1.50
2013.06.10 17:33:55.601,1.64642,1.64657,1.32,1.50
2013.06.10 17:33:57.659,1.64634,1.64657,2.44,1.50
2013.06.10 17:33:58.220,1.64633,1.64656,4.32,1.50
2013.06.10 17:33:58.725,1.64633,1.64658,4.32,1.50
2013.06.10 17:33:59.047,1.64633,1.64663,4.32,1.50
2013.06.10 17:33:59.183,1.64633,1.64662,4.32,1.50
2013.06.10 17:33:59.255,1.64633,1.64668,4.32,1.50
2013.06.10 17:34:00.613,1.64633,1.64668,2.44,1.50
2013.06.10 17:34:02.131,1.64636,1.64671,1.69,1.50
2013.06.10 17:34:05.799,1.64638,1.64668,1.32,1.50
2013.06.10 17:34:06.039,1.64637,1.64668,2.44,1.50
2013.06.10 17:34:10.739,1.64632,1.64668,3.19,3.00
2013.06.10 17:34:13.240,1.64631,1.64668,3.57,2.25
2013.06.10 17:34:18.870,1.64633,1.64668,2.63,2.44
2013.06.10 17:34:20.913,1.64633,1.64668,1.13,1.69
2013.06.10 17:34:21.051,1.64633,1.64664,1.13,1.50
2013.06.10 17:34:21.739,1.64632,1.64669,1.13,3.19
2013.06.10 17:34:22.280,1.64633,1.64666,1.13,1.69
2013.06.10 17:34:22.974,1.64633,1.64665,1.13,1.69
2013.06.10 17:34:25.189,1.64633,1.64665,1.13,1.69
2013.06.10 17:34:28.001,1.64636,1.64669,1.69,2.44
2013.06.10 17:34:28.059,1.64638,1.64669,1.69,1.50
2013.06.10 17:34:28.610,1.64639,1.64673,1.69,1.50
2013.06.10 17:34:28.929,1.64638,1.64673,2.82,1.50
2013.06.10 17:34:29.550,1.64637,1.64672,1.69,1.50
2013.06.10 17:34:34.320,1.64634,1.64669,1.69,3.00
2013.06.10 17:34:36.700,1.64634,1.64668,1.69,1.50
2013.06.10 17:34:36.759,1.64632,1.64668,3.19,1.50
2013.06.10 17:34:37.539,1.64636,1.64669,1.69,3.19
2013.06.10 17:34:37.660,1.64636,1.64669,1.50,3.38
2013.06.10 17:34:38.193,1.64636,1.64669,1.50,3.38
2013.06.10 17:34:38.720,1.64636,1.64669,1.50,3.38
2013.06.10 17:34:40.204,1.64636,1.64669,1.50,2.44
2013.06.10 17:34:40.781,1.64637,1.64669,1.50,2.44
2013.06.10 17:34:41.189,1.64633,1.64668,1.32,1.50
2013.06.10 17:34:41.649,1.64632,1.64666,2.25,1.50
2013.06.10 17:34:44.269,1.64636,1.64665,1.50,1.50
2013.06.10 17:34:44.450,1.64632,1.64661,1.13,1.50
2013.06.10 17:34:44.509,1.64627,1.64661,1.69,2.25
2013.06.10 17:34:44.689,1.6463,1.6466,1.13,2.44
2013.06.10 17:34:44.749,1.6463,1.6466,1.13,2.44
2013.06.10 17:34:45.327,1.64627,1.6466,1.69,2.44
2013.06.10 17:34:45.509,1.64627,1.64663,2.07,2.44
2013.06.10 17:34:50.661,1.64626,1.64663,1.69,1.69
2013.06.10 17:34:51.149,1.64629,1.64663,1.13,1.69
2013.06.10 17:35:00.413,1.6463,1.64663,1.88,1.69
2013.06.10 17:35:00.995,1.64633,1.64663,1.50,1.69
2013.06.10 17:35:01.980,1.64632,1.64663,1.50,1.50
2013.06.10 17:35:04.279,1.64635,1.64663,1.50,1.50
2013.06.10 17:35:04.399,1.64633,1.64663,1.50,1.50
2013.06.10 17:35:06.290,1.64633,1.64663,1.69,1.50
2013.06.10 17:35:08.688,1.64633,1.64663,1.50,1.69
2013.06.10 17:35:10.509,1.64633,1.64663,1.50,1.50
2013.06.10 17:35:11.639,1.64632,1.64663,1.69,1.50
2013.06.10 17:35:17.469,1.64627,1.64658,1.69,1.50
2013.06.10 17:35:17.709,1.64633,1.64663,1.50,1.69
2013.06.10 17:35:18.269,1.6463,1.64654,1.50,1.13
2013.06.10 17:35:18.390,1.6463,1.64651,1.50,2.25
2013.06.10 17:35:18.509,1.64625,1.64647,1.50,3.38
2013.06.10 17:35:18.869,1.64621,1.64645,1.50,1.13
2013.06.10 17:35:19.049,1.6462,1.64648,3.00,1.32
2013.06.10 17:35:19.169,1.64621,1.64652,1.69,1.13
2013.06.10 17:35:19.349,1.64624,1.64657,1.50,1.88
2013.06.10 17:35:19.700,1.64623,1.64657,1.50,1.32
2013.06.10 17:35:20.002,1.64625,1.64657,1.50,1.32
2013.06.10 17:35:24.549,1.64622,1.64656,1.69,2.07
2013.06.10 17:35:25.215,1.64622,1.64656,2.44,2.07
2013.06.10 17:35:26.379,1.64624,1.64657,2.44,1.69
2013.06.10 17:35:26.560,1.64624,1.64658,2.44,1.88
2013.06.10 17:35:26.683,1.64627,1.64658,1.84,1.88
2013.06.10 17:35:26.981,1.64628,1.64659,1.69,2.44
2013.06.10 17:35:27.159,1.64635,1.64659,1.32,1.50
2013.06.10 17:35:27.280,1.64634,1.64659,1.69,1.50
2013.06.10 17:35:27.520,1.64636,1.64666,1.69,1.50
2013.06.10 17:35:27.579,1.64639,1.64668,1.32,1.69
2013.06.10 17:35:27.701,1.64637,1.64667,2.25,1.13
2013.06.10 17:35:27.880,1.64637,1.64666,1.50,2.44
2013.06.10 17:35:28.181,1.64637,1.64655,1.50,1.50
2013.06.10 17:35:28.239,1.64627,1.64655,2.82,1.50
2013.06.10 17:35:28.441,1.64627,1.64657,2.82,1.35
2013.06.10 17:35:28.559,1.64627,1.64664,3.57,1.92
2013.06.10 17:35:28.980,1.6463,1.64659,1.50,1.99
2013.06.10 17:35:29.380,1.64627,1.64658,1.13,1.69
2013.06.10 17:35:30.019,1.64627,1.64658,1.13,3.19
2013.06.10 17:35:30.509,1.64626,1.64658,1.32,1.69
2013.06.10 17:35:32.190,1.64625,1.64654,1.69,1.50
2013.06.10 17:35:32.431,1.64623,1.64651,1.13,1.50
2013.06.10 17:35:32.549,1.64618,1.6465,2.44,1.13
2013.06.10 17:35:32.610,1.64618,1.64648,2.07,1.13
2013.06.10 17:35:32.729,1.64618,1.64647,2.07,1.13
2013.06.10 17:35:33.383,1.64618,1.64647,2.07,1.13
2013.06.10 17:35:33.459,1.64618,1.64647,2.07,1.13
2013.06.10 17:35:33.579,1.64618,1.64648,2.07,1.13
2013.06.10 17:35:34.129,1.64623,1.64653,1.88,1.69
2013.06.10 17:35:34.681,1.64623,1.64652,1.88,1.32
2013.06.10 17:35:35.030,1.64623,1.64652,2.63,1.32
2013.06.10 17:35:37.920,1.64623,1.64652,2.07,1.13
2013.06.10 17:35:38.382,1.64622,1.64652,1.32,1.69
2013.06.10 17:35:39.179,1.64622,1.64652,1.32,1.69
2013.06.10 17:35:39.449,1.64616,1.64644,1.69,1.13
2013.06.10 17:35:40.118,1.6462,1.64644,1.13,1.13
2013.06.10 17:35:40.789,1.6462,1.64644,1.13,1.13
2013.06.10 17:35:41.030,1.64619,1.64648,1.13,1.13
2013.06.10 17:35:41.301,1.6462,1.64648,1.13,1.13
2013.06.10 17:35:42.349,1.6462,1.64648,1.50,1.13
2013.06.10 17:35:42.590,1.64625,1.64657,1.13,1.32
2013.06.10 17:35:43.709,1.64626,1.64658,3.38,1.32
2013.06.10 17:35:44.250,1.64627,1.64661,1.88,1.69
2013.06.10 17:35:44.789,1.6463,1.64664,1.50,2.44
2013.06.10 17:35:47.079,1.64627,1.64664,2.82,4.32
2013.06.10 17:35:47.269,1.64627,1.64664,2.82,4.32
2013.06.10 17:35:48.219,1.64626,1.64653,1.32,1.13
2013.06.10 17:35:48.911,1.64625,1.64653,2.07,1.13
2013.06.10 17:35:49.470,1.64626,1.64653,1.32,1.13
2013.06.10 17:35:50.662,1.64622,1.64652,3.94,1.13
2013.06.10 17:35:51.171,1.64622,1.64657,5.07,1.88
2013.06.10 17:35:53.660,1.64622,1.64657,3.94,2.18
2013.06.10 17:35:53.780,1.64624,1.64658,1.69,1.88
2013.06.10 17:35:53.840,1.64627,1.64658,1.28,1.88
2013.06.10 17:35:53.899,1.64628,1.64656,1.28,2.25
2013.06.10 17:35:54.200,1.64633,1.64656,1.69,1.50
2013.06.10 17:35:54.320,1.64633,1.64665,1.69,3.00
2013.06.10 17:35:54.440,1.64633,1.6466,1.13,1.50
2013.06.10 17:35:54.499,1.64627,1.6466,1.69,2.44
2013.06.10 17:35:54.800,1.64632,1.64664,1.88,2.44
2013.06.10 17:35:55.219,1.64632,1.64664,2.07,2.25
2013.06.10 17:35:55.860,1.64632,1.64663,1.32,1.50
2013.06.10 17:35:55.979,1.64627,1.64658,2.07,1.50
2013.06.10 17:35:56.159,1.64626,1.64657,1.69,1.13
2013.06.10 17:35:57.410,1.64627,1.64658,2.44,1.88
2013.06.10 17:35:57.770,1.64626,1.6465,1.50,1.69
2013.06.10 17:35:58.009,1.64611,1.64649,2.25,3.19
2013.06.10 17:35:58.249,1.64609,1.64644,1.32,1.69
2013.06.10 17:35:58.429,1.64613,1.64644,1.13,1.69
2013.06.10 17:35:58.609,1.64613,1.64645,1.13,1.69
2013.06.10 17:35:58.949,1.64616,1.64645,2.44,1.50
2013.06.10 17:35:59.009,1.64616,1.64645,2.44,2.07
2013.06.10 17:35:59.890,1.64617,1.64645,2.44,1.69
2013.06.10 17:36:00.130,1.64622,1.64657,1.69,1.50
2013.06.10 17:36:00.190,1.64622,1.64657,1.69,1.13
2013.06.10 17:36:00.549,1.64623,1.64659,2.44,1.13
2013.06.10 17:36:00.931,1.64623,1.64652,1.69,1.99
2013.06.10 17:36:03.429,1.64623,1.64653,1.50,1.13
2013.06.10 17:36:03.609,1.64616,1.64647,1.32,1.13
2013.06.10 17:36:04.133,1.64616,1.64653,1.32,2.44
2013.06.10 17:36:04.659,1.6462,1.64654,1.50,1.69
2013.06.10 17:36:05.930,1.6462,1.6465,1.50,1.50
2013.06.10 17:36:06.290,1.6462,1.64653,1.32,1.69
2013.06.10 17:36:06.730,1.64621,1.64654,1.50,1.69
2013.06.10 17:36:07.279,1.6462,1.64654,2.25,1.69
2013.06.10 17:36:07.399,1.6462,1.64654,2.44,1.50
2013.06.10 17:36:07.459,1.6462,1.64654,2.44,1.50
2013.06.10 17:36:08.800,1.64624,1.64656,3.57,1.13
2013.06.10 17:36:10.540,1.64626,1.64657,1.69,1.13
2013.06.10 17:36:14.870,1.64624,1.64658,1.69,1.32
2013.06.10 17:36:14.930,1.6462,1.64649,3.75,1.32
2013.06.10 17:36:15.049,1.6462,1.64647,2.25,1.13
2013.06.10 17:36:15.350,1.64616,1.64647,1.69,1.13
2013.06.10 17:36:16.171,1.64614,1.64638,1.69,1.13
2013.06.10 17:36:16.710,1.64613,1.64647,2.44,1.92
2013.06.10 17:36:17.260,1.64617,1.64647,1.50,1.32
2013.06.10 17:36:18.189,1.64616,1.64647,1.13,1.32
2013.06.10 17:36:18.489,1.64616,1.64647,3.00,1.32
2013.06.10 17:36:18.849,1.64617,1.64653,2.63,1.32
2013.06.10 17:36:19.820,1.6462,1.64654,1.69,2.44
2013.06.10 17:36:20.640,1.64621,1.64657,1.50,1.69
2013.06.10 17:36:21.040,1.64621,1.64657,1.69,1.69
2013.06.10 17:36:21.400,1.64625,1.64658,1.13,1.13
2013.06.10 17:36:22.361,1.64626,1.64658,1.50,1.13
2013.06.10 17:36:22.420,1.64626,1.64658,1.50,1.13
2013.06.10 17:36:22.689,1.64626,1.64662,1.69,1.50
2013.06.10 17:36:28.781,1.64626,1.64662,1.69,1.50
2013.06.10 17:36:30.452,1.64622,1.64657,1.69,1.50
2013.06.10 17:36:31.219,1.64622,1.64653,1.69,1.50
2013.06.10 17:36:33.209,1.64617,1.64653,2.44,2.25
2013.06.10 17:36:33.269,1.64617,1.64653,1.69,2.63
2013.06.10 17:36:34.410,1.64616,1.64649,3.57,1.69
2013.06.10 17:36:35.187,1.64617,1.64649,2.82,1.69
2013.06.10 17:36:36.162,1.64617,1.64649,3.75,1.69
2013.06.10 17:36:36.851,1.64617,1.64649,3.57,1.69
2013.06.10 17:36:37.379,1.64616,1.64649,1.69,1.69
2013.06.10 17:36:40.689,1.64617,1.64647,3.75,1.13
2013.06.10 17:36:42.332,1.64617,1.64647,4.13,1.13
2013.06.10 17:36:43.220,1.64613,1.64648,1.69,1.50
2013.06.10 17:36:43.494,1.6461,1.64644,2.44,1.69
2013.06.10 17:36:43.560,1.6461,1.64638,2.44,1.13
2013.06.10 17:36:43.990,1.64612,1.64638,2.25,1.13
2013.06.10 17:36:44.350,1.64623,1.64652,1.32,2.25
2013.06.10 17:36:44.431,1.64627,1.64658,1.50,2.82
2013.06.10 17:36:44.789,1.64622,1.64658,1.69,3.57
2013.06.10 17:36:46.160,1.64628,1.64657,1.50,1.13
2013.06.10 17:36:46.280,1.64628,1.64659,3.00,1.13
2013.06.10 17:36:46.400,1.64629,1.64663,1.50,1.69
2013.06.10 17:36:46.981,1.64628,1.64662,3.87,1.50
2013.06.10 17:36:47.051,1.64629,1.64667,2.44,2.44
2013.06.10 17:36:47.109,1.6463,1.64666,1.69,1.88
2013.06.10 17:36:47.410,1.64625,1.64664,2.03,2.44
2013.06.10 17:36:47.531,1.64625,1.64663,2.03,1.69
2013.06.10 17:36:53.230,1.64622,1.64658,2.82,2.25
2013.06.10 17:36:53.470,1.64617,1.64654,2.07,1.69
2013.06.10 17:36:55.970,1.64617,1.64647,1.88,1.32
2013.06.10 17:36:57.420,1.64618,1.64648,1.13,1.32
2013.06.10 17:36:57.599,1.64619,1.64655,3.19,3.19
2013.06.10 17:36:57.839,1.6462,1.64655,3.19,1.69
2013.06.10 17:36:58.199,1.64623,1.64654,1.50,2.25
2013.06.10 17:36:58.539,1.64626,1.64649,1.50,1.50
2013.06.10 17:36:58.599,1.64619,1.64649,3.15,1.50
2013.06.10 17:36:59.370,1.64617,1.64654,2.44,3.19
2013.06.10 17:36:59.430,1.64616,1.64654,2.44,2.63
2013.06.10 17:36:59.549,1.64616,1.6465,1.69,1.50
2013.06.10 17:37:00.090,1.64613,1.64649,3.19,1.50
2013.06.10 17:37:02.680,1.64619,1.64653,2.44,1.69
2013.06.10 17:37:04.349,1.64622,1.64653,1.50,1.69
2013.06.10 17:37:04.871,1.64619,1.64653,3.94,1.69
2013.06.10 17:37:05.489,1.64619,1.64653,3.94,1.50
2013.06.10 17:37:05.671,1.64625,1.64658,1.50,1.69
2013.06.10 17:37:06.031,1.64622,1.64652,1.50,1.69
2013.06.10 17:37:06.210,1.64617,1.64647,1.50,2.44
2013.06.10 17:37:06.269,1.64617,1.64645,1.50,2.25
2013.06.10 17:37:06.329,1.64615,1.64641,1.50,1.50
2013.06.10 17:37:06.869,1.64615,1.64644,1.50,1.69
2013.06.10 17:37:07.430,1.64612,1.64644,1.50,1.69
2013.06.10 17:37:07.609,1.64612,1.64643,1.50,1.32
2013.06.10 17:37:07.669,1.64609,1.64639,1.13,1.13
2013.06.10 17:37:08.209,1.64608,1.64644,2.63,1.69
2013.06.10 17:37:08.759,1.64612,1.64647,3.90,1.13
2013.06.10 17:37:09.179,1.64613,1.64648,3.00,2.63
2013.06.10 17:37:09.239,1.64613,1.64648,3.00,1.88
2013.06.10 17:37:10.478,1.64614,1.64647,1.50,1.13
2013.06.10 17:37:14.841,1.64615,1.64648,1.50,1.69
2013.06.10 17:37:16.826,1.64616,1.64651,1.50,2.25
2013.06.10 17:37:17.135,1.64632,1.64661,1.13,1.13
2013.06.10 17:37:17.320,1.64626,1.6466,1.28,3.00
2013.06.10 17:37:17.499,1.64624,1.64659,1.69,1.69
2013.06.10 17:37:20.220,1.64623,1.64658,1.69,2.44
2013.06.10 17:37:20.579,1.64623,1.64653,1.69,1.69
2013.06.10 17:37:23.330,1.64619,1.64653,1.32,2.07
2013.06.10 17:37:23.865,1.64619,1.64653,1.32,1.13
2013.06.10 17:37:24.200,1.64622,1.64653,1.69,1.13
2013.06.10 17:37:24.446,1.64622,1.64658,2.44,2.25
2013.06.10 17:37:24.512,1.64622,1.64656,1.69,1.50
2013.06.10 17:37:26.160,1.64626,1.6466,1.50,1.32
2013.06.10 17:37:26.790,1.64621,1.64658,2.44,1.69
2013.06.10 17:37:27.303,1.64622,1.64658,1.69,1.69
2013.06.10 17:37:29.729,1.64621,1.64653,1.69,1.50
2013.06.10 17:37:30.830,1.64621,1.64653,1.69,1.50
2013.06.10 17:37:31.070,1.64622,1.64656,1.50,1.32
2013.06.10 17:37:31.700,1.64626,1.64658,1.13,1.69
2013.06.10 17:37:31.759,1.64627,1.64658,1.13,1.69
2013.06.10 17:37:31.920,1.64626,1.64658,1.13,1.69
2013.06.10 17:37:32.499,1.64626,1.64661,3.00,1.69
2013.06.10 17:37:34.602,1.64622,1.64658,2.25,1.69
2013.06.10 17:37:35.145,1.64623,1.64658,1.50,1.69
2013.06.10 17:37:43.459,1.64623,1.64657,2.44,1.50
2013.06.10 17:37:43.519,1.64626,1.64657,2.44,1.50
2013.06.10 17:37:44.450,1.6463,1.64663,1.69,1.69
2013.06.10 17:37:46.099,1.64625,1.64658,1.69,1.50
2013.06.10 17:37:48.259,1.64624,1.64657,1.69,1.13
2013.06.10 17:37:48.694,1.64622,1.64657,1.69,1.50
2013.06.10 17:37:49.975,1.64621,1.64657,1.69,2.07
2013.06.10 17:37:55.190,1.64622,1.64654,1.69,1.50
2013.06.10 17:37:59.000,1.64621,1.64654,2.44,1.50
2013.06.10 17:37:59.300,1.64627,1.64657,1.50,2.07
2013.06.10 17:37:59.381,1.64624,1.64657,1.69,2.07
2013.06.10 17:37:59.439,1.64624,1.64657,1.69,2.07
2013.06.10 17:38:02.933,1.64621,1.64647,1.69,1.13
2013.06.10 17:38:04.110,1.64621,1.64648,1.69,1.13
2013.06.10 17:38:04.290,1.64626,1.64657,1.50,1.50
2013.06.10 17:38:04.531,1.6463,1.64657,2.25,1.50
2013.06.10 17:38:04.710,1.64624,1.64653,2.25,1.32
2013.06.10 17:38:04.771,1.64624,1.64648,1.50,1.13
2013.06.10 17:38:05.130,1.64624,1.64648,2.25,1.13
2013.06.10 17:38:05.410,1.64631,1.64655,1.50,1.62
2013.06.10 17:38:05.486,1.64631,1.64664,3.57,1.13
2013.06.10 17:38:05.680,1.64637,1.64667,1.32,1.50
2013.06.10 17:38:05.739,1.64638,1.64668,1.13,1.50
2013.06.10 17:38:06.280,1.64638,1.64669,1.32,1.13
2013.06.10 17:38:06.820,1.64638,1.6467,1.32,1.50
2013.06.10 17:38:07.396,1.64638,1.64669,1.32,1.13
2013.06.10 17:38:08.131,1.64638,1.64664,1.32,1.50
2013.06.10 17:38:08.251,1.64636,1.64658,1.50,1.13
2013.06.10 17:38:08.369,1.64628,1.64658,1.69,1.88
2013.06.10 17:38:08.609,1.64637,1.64664,1.88,1.50
2013.06.10 17:38:08.669,1.64637,1.64668,1.88,1.50
2013.06.10 17:38:08.730,1.64637,1.64668,1.13,1.50
2013.06.10 17:38:08.849,1.64635,1.64668,2.44,1.50
2013.06.10 17:38:08.910,1.64637,1.64668,1.50,1.50
2013.06.10 17:38:09.149,1.64637,1.64668,1.50,1.50
2013.06.10 17:38:09.209,1.64637,1.64669,1.88,1.32
2013.06.10 17:38:09.699,1.64633,1.64668,1.69,1.50
2013.06.10 17:38:09.999,1.64642,1.64669,1.13,4.13
2013.06.10 17:38:10.576,1.64642,1.64669,1.13,2.25
2013.06.10 17:38:11.193,1.64637,1.64669,1.69,2.25
2013.06.10 17:38:11.260,1.64633,1.64668,1.69,1.50
2013.06.10 17:38:11.321,1.64631,1.64668,3.19,1.50
2013.06.10 17:38:11.441,1.6463,1.64667,1.69,3.00
2013.06.10 17:38:11.693,1.6463,1.64665,1.50,1.32
2013.06.10 17:38:11.939,1.64626,1.64662,1.50,1.69
2013.06.10 17:38:11.999,1.64625,1.64662,1.32,1.69
2013.06.10 17:38:12.300,1.64631,1.64661,1.69,2.25
2013.06.10 17:38:12.359,1.64632,1.64661,1.50,2.25
2013.06.10 17:38:12.420,1.64632,1.64667,2.25,1.69
2013.06.10 17:38:12.599,1.64632,1.64668,1.50,3.19
2013.06.10 17:38:14.212,1.64634,1.64668,1.69,1.69
2013.06.10 17:38:16.599,1.64636,1.64671,1.50,1.69
2013.06.10 17:38:16.900,1.64632,1.64667,2.44,1.32
2013.06.10 17:38:17.425,1.64629,1.64664,2.44,1.69
2013.06.10 17:38:19.729,1.64627,1.64658,1.69,1.13
2013.06.10 17:38:21.810,1.64622,1.64658,2.44,1.32
2013.06.10 17:38:21.990,1.64622,1.64654,1.69,1.50
2013.06.10 17:38:23.209,1.64624,1.64656,1.50,1.69
2013.06.10 17:38:23.925,1.64623,1.64658,2.44,3.38
2013.06.10 17:38:24.230,1.64623,1.64658,3.19,3.38
2013.06.10 17:38:24.289,1.64626,1.64658,1.50,3.38
2013.06.10 17:38:24.739,1.64626,1.64658,1.50,3.38
2013.06.10 17:38:25.230,1.64626,1.64658,3.19,1.69
2013.06.10 17:38:25.440,1.64626,1.64658,3.94,1.69
2013.06.10 17:38:25.770,1.64626,1.64661,3.19,1.69
2013.06.10 17:38:26.346,1.64628,1.64662,1.69,2.44
2013.06.10 17:38:27.509,1.64626,1.64659,1.69,1.69
2013.06.10 17:38:28.601,1.64626,1.64659,2.44,1.69
2013.06.10 17:38:29.130,1.64626,1.64659,2.44,1.69
2013.06.10 17:38:29.189,1.64626,1.64659,3.94,1.69
2013.06.10 17:38:29.700,1.64628,1.64659,1.50,1.69
2013.06.10 17:38:30.020,1.64628,1.64659,1.50,1.69
2013.06.10 17:38:30.270,1.64629,1.64664,2.25,1.69
2013.06.10 17:38:30.630,1.64634,1.64664,1.50,1.69
2013.06.10 17:38:30.689,1.64634,1.64664,1.50,1.69
2013.06.10 17:38:30.810,1.64629,1.64663,2.44,3.57
2013.06.10 17:38:30.929,1.64629,1.64662,2.44,1.69
2013.06.10 17:38:31.169,1.64623,1.64657,2.44,1.28
2013.06.10 17:38:31.229,1.64623,1.64655,3.94,1.13
2013.06.10 17:38:31.441,1.64624,1.64655,3.19,1.50
2013.06.10 17:38:31.982,1.64626,1.64655,1.50,1.50
2013.06.10 17:38:32.105,1.64626,1.64655,1.50,1.69
2013.06.10 17:38:32.430,1.64619,1.6465,1.32,1.13
2013.06.10 17:38:32.980,1.64619,1.64653,2.07,1.69
2013.06.10 17:38:34.360,1.6462,1.64653,2.25,1.88
2013.06.10 17:38:34.659,1.64624,1.64652,1.50,1.13
2013.06.10 17:38:35.291,1.64624,1.64652,1.50,1.13
2013.06.10 17:38:35.523,1.64629,1.64659,2.74,1.50
2013.06.10 17:38:36.213,1.64629,1.64659,1.13,1.50
2013.06.10 17:38:37.010,1.6463,1.64664,1.84,1.69
2013.06.10 17:38:37.607,1.6463,1.64659,1.09,1.50
2013.06.10 17:38:38.120,1.64628,1.64659,1.69,1.50
2013.06.10 17:38:41.480,1.64626,1.64659,2.25,2.44
2013.06.10 17:38:43.130,1.64627,1.64659,3.75,1.69
2013.06.10 17:38:44.121,1.64627,1.64663,3.94,2.07
2013.06.10 17:38:46.050,1.64627,1.64664,2.44,1.50
2013.06.10 17:38:46.608,1.64628,1.64659,2.44,1.50
2013.06.10 17:38:47.110,1.64627,1.64659,2.25,1.50
2013.06.10 17:38:47.592,1.64627,1.64661,1.50,1.69
2013.06.10 17:38:48.158,1.64627,1.64661,1.50,2.07
2013.06.10 17:38:48.280,1.64628,1.64661,1.50,1.69
2013.06.10 17:38:48.340,1.64626,1.64661,1.69,1.69
2013.06.10 17:38:51.852,1.64626,1.64659,2.44,1.50
2013.06.10 17:38:51.970,1.64624,1.64653,1.69,1.50
2013.06.10 17:38:52.659,1.64624,1.64656,1.50,1.69
2013.06.10 17:38:52.735,1.64619,1.64648,1.13,1.13
2013.06.10 17:38:53.599,1.64619,1.64648,1.13,1.13
2013.06.10 17:38:56.181,1.64619,1.64648,1.13,1.13
2013.06.10 17:38:59.991,1.64619,1.64649,1.32,1.88
2013.06.10 17:39:01.199,1.64622,1.64653,1.65,1.32
2013.06.10 17:39:01.320,1.64621,1.64654,3.34,1.50
2013.06.10 17:39:01.499,1.64626,1.64658,1.69,2.25
2013.06.10 17:39:01.740,1.64624,1.64658,3.75,1.69
2013.06.10 17:39:04.769,1.64624,1.64658,2.44,1.69
2013.06.10 17:39:05.940,1.64624,1.64658,2.25,1.69
2013.06.10 17:39:06.789,1.64624,1.64651,1.50,1.13
2013.06.10 17:39:06.849,1.64619,1.64651,3.57,1.13
2013.06.10 17:39:06.950,1.64619,1.64651,3.57,1.13
2013.06.10 17:39:09.237,1.6462,1.64649,1.32,1.13
2013.06.10 17:39:10.701,1.6462,1.64649,1.32,1.13
2013.06.10 17:39:11.180,1.64616,1.64648,1.69,1.13
2013.06.10 17:39:11.240,1.64615,1.64648,1.50,1.32
2013.06.10 17:39:11.499,1.64615,1.64646,1.50,1.50
2013.06.10 17:39:11.670,1.64615,1.64648,1.50,2.07
2013.06.10 17:39:15.591,1.64617,1.64648,1.65,2.07
2013.06.10 17:39:16.129,1.64615,1.64648,2.44,1.88
2013.06.10 17:39:23.690,1.64613,1.64648,2.82,1.69
2013.06.10 17:39:24.049,1.64612,1.64645,4.47,1.32
2013.06.10 17:39:24.110,1.64613,1.64648,1.50,2.07
2013.06.10 17:39:24.579,1.64613,1.64648,1.50,2.07
2013.06.10 17:39:25.410,1.64613,1.64645,1.69,1.69
2013.06.10 17:39:27.969,1.64611,1.64643,1.88,1.50
2013.06.10 17:39:28.441,1.64611,1.64644,1.13,1.69
2013.06.10 17:39:31.359,1.64618,1.64644,1.09,1.50
2013.06.10 17:39:31.928,1.64621,1.64648,1.69,1.13
2013.06.10 17:39:32.584,1.6462,1.64647,2.44,1.13
2013.06.10 17:39:34.880,1.64623,1.64647,1.50,1.13
2013.06.10 17:39:35.000,1.64618,1.64647,2.44,1.13
2013.06.10 17:39:35.240,1.64619,1.64649,2.44,1.13
2013.06.10 17:39:35.679,1.64617,1.64648,2.44,1.13
2013.06.10 17:39:37.349,1.64614,1.64645,2.25,1.69
2013.06.10 17:39:39.419,1.64611,1.6464,2.07,1.13
2013.06.10 17:39:39.960,1.64611,1.6464,1.69,1.13
2013.06.10 17:39:41.352,1.6461,1.64639,1.69,1.13
2013.06.10 17:39:42.113,1.64611,1.64639,2.44,1.13
2013.06.10 17:39:42.230,1.6461,1.64642,3.19,1.50
2013.06.10 17:39:42.290,1.64612,1.64643,1.50,1.50
2013.06.10 17:39:42.421,1.64612,1.64647,1.50,2.44
2013.06.10 17:39:44.489,1.64613,1.64647,1.13,1.69
2013.06.10 17:39:45.601,1.64616,1.64648,1.50,1.32
2013.06.10 17:39:46.760,1.64617,1.64647,1.50,1.13
2013.06.10 17:39:47.119,1.64608,1.64638,2.82,1.13
2013.06.10 17:39:47.479,1.64606,1.64634,1.69,1.50
2013.06.10 17:39:50.731,1.64605,1.64634,1.65,1.50
2013.06.10 17:39:51.290,1.64604,1.64634,1.65,1.50
2013.06.10 17:39:52.149,1.64605,1.64634,1.65,1.50
2013.06.10 17:39:52.460,1.64605,1.64628,1.65,1.50
2013.06.10 17:39:52.520,1.64604,1.64627,1.50,1.50
2013.06.10 17:39:52.580,1.64606,1.64627,1.50,1.50
2013.06.10 17:39:52.700,1.64607,1.6463,1.50,1.50
2013.06.10 17:39:52.760,1.64607,1.64632,1.50,1.69
2013.06.10 17:39:52.881,1.64609,1.64634,1.50,1.32
2013.06.10 17:39:53.190,1.64609,1.64634,1.50,1.13
2013.06.10 17:39:53.632,1.64605,1.64635,2.44,1.13
2013.06.10 17:39:54.400,1.64605,1.64635,2.44,1.13
2013.06.10 17:39:54.522,1.64608,1.64638,2.25,1.32
2013.06.10 17:39:54.580,1.64608,1.64641,2.25,2.82
2013.06.10 17:39:54.760,1.64607,1.64637,1.50,1.50
2013.06.10 17:39:54.901,1.64605,1.64636,1.69,1.50
2013.06.10 17:39:55.559,1.64605,1.64636,1.69,1.50
2013.06.10 17:39:58.700,1.64605,1.64638,1.50,1.13
2013.06.10 17:40:00.220,1.64605,1.64635,1.50,1.50
2013.06.10 17:40:01.940,1.64606,1.64636,1.50,2.82
2013.06.10 17:40:02.000,1.64606,1.64636,1.50,2.82
2013.06.10 17:40:02.331,1.64612,1.64637,1.13,1.32
2013.06.10 17:40:03.170,1.6461,1.64639,1.50,2.82
2013.06.10 17:40:05.103,1.64603,1.64637,2.78,2.82
2013.06.10 17:40:05.410,1.64603,1.64633,1.88,1.32
2013.06.10 17:40:05.470,1.64601,1.64628,1.69,1.50
2013.06.10 17:40:05.532,1.64597,1.64628,2.44,1.88
2013.06.10 17:40:05.592,1.64597,1.64628,2.25,2.07
2013.06.10 17:40:05.712,1.64597,1.64626,2.25,1.32
2013.06.10 17:40:06.830,1.64592,1.64624,1.65,1.13
2013.06.10 17:40:11.350,1.64594,1.64618,1.65,1.13
2013.06.10 17:40:11.589,1.64599,1.64624,1.28,1.88
2013.06.10 17:40:11.770,1.64602,1.64628,1.28,2.25
2013.06.10 17:40:11.889,1.64602,1.64633,2.03,2.44
2013.06.10 17:40:12.162,1.64604,1.64632,1.13,1.50
2013.06.10 17:40:12.401,1.64604,1.64635,1.65,1.69
2013.06.10 17:40:12.520,1.64599,1.64631,2.22,1.50
2013.06.10 17:40:12.822,1.64595,1.64627,2.25,1.32
2013.06.10 17:40:12.881,1.64595,1.64627,1.50,1.32
2013.06.10 17:40:13.001,1.64591,1.64621,2.40,1.50
2013.06.10 17:40:13.420,1.64589,1.64623,1.65,1.69
2013.06.10 17:40:13.479,1.64588,1.64623,2.03,2.44
2013.06.10 17:40:13.661,1.64587,1.64623,1.13,2.44
2013.06.10 17:40:14.021,1.64586,1.64617,1.50,2.07
2013.06.10 17:40:14.080,1.64586,1.64617,1.50,2.07
2013.06.10 17:40:14.381,1.64577,1.64609,1.69,2.44
2013.06.10 17:40:14.622,1.64579,1.64607,1.50,1.88
2013.06.10 17:40:14.681,1.64579,1.64607,1.50,1.88
2013.06.10 17:40:14.861,1.64576,1.64607,1.69,2.25
2013.06.10 17:40:14.982,1.64575,1.64604,2.44,1.50
2013.06.10 17:40:15.042,1.64574,1.64604,3.00,1.69
2013.06.10 17:40:15.350,1.64571,1.64597,1.50,1.50
2013.06.10 17:40:15.892,1.64569,1.64598,1.69,2.25
2013.06.10 17:40:16.430,1.64566,1.64604,3.19,3.19
2013.06.10 17:40:16.680,1.64566,1.64597,2.44,1.13
2013.06.10 17:40:17.602,1.64563,1.64598,1.69,1.32
2013.06.10 17:40:17.720,1.64564,1.646,1.69,2.44
2013.06.10 17:40:17.902,1.64572,1.646,1.50,1.69
2013.06.10 17:40:17.962,1.64572,1.646,1.69,1.50
2013.06.10 17:40:18.404,1.64569,1.64605,2.44,2.44
2013.06.10 17:40:18.478,1.64567,1.64601,1.69,2.25
2013.06.10 17:40:18.780,1.64572,1.64601,1.69,1.50
2013.06.10 17:40:18.900,1.64572,1.64607,1.69,2.44
2013.06.10 17:40:19.452,1.64572,1.64605,2.44,1.69
2013.06.10 17:40:19.692,1.6457,1.64605,2.44,1.50
2013.06.10 17:40:19.930,1.64571,1.64605,1.69,1.13
2013.06.10 17:40:21.323,1.64576,1.64605,1.50,1.13
2013.06.10 17:40:23.682,1.64574,1.64608,1.69,1.69
2013.06.10 17:40:24.129,1.64576,1.6461,1.69,1.69
2013.06.10 17:40:25.936,1.64581,1.64613,1.50,1.69
2013.06.10 17:40:26.449,1.6458,1.64617,2.25,3.42
2013.06.10 17:40:26.840,1.6458,1.64613,1.50,1.69
2013.06.10 17:40:26.960,1.6458,1.6461,1.50,1.13
2013.06.10 17:40:27.020,1.64576,1.64608,1.32,1.13
2013.06.10 17:40:27.260,1.64576,1.64611,1.32,2.44
2013.06.10 17:40:29.140,1.64578,1.64611,1.50,2.63
2013.06.10 17:40:29.669,1.64577,1.64611,2.44,2.63
2013.06.10 17:40:30.651,1.64576,1.64608,2.44,1.69
2013.06.10 17:40:32.500,1.64577,1.64613,3.19,1.88
2013.06.10 17:40:33.040,1.64577,1.64613,2.44,1.69
2013.06.10 17:40:33.399,1.64577,1.64609,1.69,1.69
2013.06.10 17:40:33.700,1.64573,1.64602,2.44,1.50
2013.06.10 17:40:33.761,1.64571,1.64601,1.69,1.50
2013.06.10 17:40:33.940,1.64569,1.64601,1.69,1.50
2013.06.10 17:40:34.000,1.64568,1.64598,1.69,1.50
2013.06.10 17:40:34.400,1.64565,1.64593,1.50,1.50
2013.06.10 17:40:34.580,1.64562,1.64593,1.69,1.50
2013.06.10 17:40:34.940,1.6456,1.64591,1.69,1.50
2013.06.10 17:40:35.311,1.64559,1.64588,1.69,1.50
2013.06.10 17:40:35.551,1.64559,1.64588,1.69,1.50
2013.06.10 17:40:35.922,1.64561,1.64587,1.50,1.13
2013.06.10 17:40:36.230,1.64563,1.64588,1.50,1.13
2013.06.10 17:40:36.572,1.64562,1.64588,2.63,1.13
2013.06.10 17:40:36.950,1.64564,1.6459,1.88,1.13
2013.06.10 17:40:37.010,1.64565,1.64593,1.88,1.50
2013.06.10 17:40:37.440,1.64567,1.64598,2.07,3.00
2013.06.10 17:40:37.500,1.64567,1.64598,2.07,3.00
2013.06.10 17:40:37.739,1.64568,1.64597,1.69,1.13
2013.06.10 17:40:39.342,1.64568,1.64598,2.44,1.13
2013.06.10 17:40:39.460,1.64568,1.646,2.44,1.50
2013.06.10 17:40:39.990,1.64568,1.646,2.44,1.50
2013.06.10 17:40:40.711,1.64563,1.64599,3.19,1.50
2013.06.10 17:40:41.959,1.64563,1.646,2.44,1.69
2013.06.10 17:40:47.180,1.64566,1.64601,1.69,1.50
2013.06.10 17:40:49.331,1.64566,1.64601,1.69,1.50
2013.06.10 17:40:50.621,1.64566,1.64604,5.07,2.44
2013.06.10 17:40:51.151,1.6457,1.64604,1.50,1.69
2013.06.10 17:40:56.347,1.6457,1.64604,1.69,1.50
2013.06.10 17:40:59.210,1.6457,1.64601,1.69,1.50
2013.06.10 17:40:59.270,1.6457,1.64601,1.50,1.50
2013.06.10 17:40:59.789,1.64567,1.64601,1.69,1.50
2013.06.10 17:41:02.889,1.64568,1.64601,2.44,1.50
2013.06.10 17:41:02.950,1.64568,1.64603,2.44,2.82
2013.06.10 17:41:04.610,1.64567,1.64603,2.44,2.44
2013.06.10 17:41:07.270,1.64569,1.64603,1.50,1.69
2013.06.10 17:41:08.290,1.64571,1.64603,1.50,2.07
2013.06.10 17:41:08.411,1.64571,1.64603,2.25,3.19
2013.06.10 17:41:08.471,1.64571,1.64603,2.44,2.44
2013.06.10 17:41:08.532,1.64571,1.64603,2.44,1.69
2013.06.10 17:41:08.891,1.64576,1.64598,1.50,1.13
2013.06.10 17:41:09.250,1.64576,1.64611,1.69,2.07
2013.06.10 17:41:09.310,1.64576,1.64604,2.25,1.32
2013.06.10 17:41:09.430,1.64576,1.64604,1.13,1.32
2013.06.10 17:41:09.490,1.64576,1.64609,1.47,1.32
2013.06.10 17:41:09.670,1.64582,1.6461,1.13,2.07
2013.06.10 17:41:09.730,1.64579,1.6461,2.25,1.69
2013.06.10 17:41:09.850,1.64581,1.64613,1.50,1.32
2013.06.10 17:41:09.970,1.64576,1.64608,2.25,2.25
2013.06.10 17:41:10.030,1.64576,1.64608,1.50,2.44
2013.06.10 17:41:11.041,1.64576,1.64605,1.50,1.50
2013.06.10 17:41:11.221,1.64576,1.64609,1.50,1.32
2013.06.10 17:41:11.282,1.64577,1.6461,1.50,1.32
2013.06.10 17:41:11.342,1.64577,1.64611,1.69,1.88
2013.06.10 17:41:11.831,1.64582,1.6461,1.50,1.50
2013.06.10 17:41:12.389,1.64577,1.64609,1.69,1.50
2013.06.10 17:41:12.791,1.64586,1.64613,1.50,1.50
2013.06.10 17:41:14.990,1.64577,1.64612,1.69,2.63
2013.06.10 17:41:15.051,1.64577,1.64611,1.69,1.13
2013.06.10 17:41:15.360,1.64581,1.64611,1.69,1.13
2013.06.10 17:41:15.711,1.64582,1.64613,2.07,2.25
2013.06.10 17:41:16.013,1.64578,1.64612,2.07,2.25
2013.06.10 17:41:16.670,1.64581,1.64612,1.69,1.50
2013.06.10 17:41:17.379,1.64581,1.64614,1.69,1.13
2013.06.10 17:41:18.092,1.64586,1.64615,1.50,3.38
2013.06.10 17:41:18.450,1.64587,1.64615,2.44,1.50
2013.06.10 17:41:18.510,1.64587,1.64619,1.69,1.50
2013.06.10 17:41:18.750,1.64592,1.64618,1.50,1.50
2013.06.10 17:41:18.930,1.64592,1.6462,1.50,1.13
2013.06.10 17:41:19.290,1.64592,1.6462,1.50,2.07
2013.06.10 17:41:19.349,1.64592,1.64617,1.50,1.50
2013.06.10 17:41:19.910,1.64587,1.64617,1.50,1.88
2013.06.10 17:41:20.762,1.64583,1.64618,1.69,2.63
2013.06.10 17:41:20.831,1.64582,1.64618,4.32,2.63
2013.06.10 17:41:20.953,1.64586,1.6462,1.69,3.19
2013.06.10 17:41:21.370,1.64592,1.64622,1.50,1.32
2013.06.10 17:41:22.069,1.64592,1.6462,1.50,1.32
2013.06.10 17:41:23.112,1.64592,1.64621,1.50,3.57
2013.06.10 17:41:23.469,1.64592,1.64624,1.50,1.32
2013.06.10 17:41:26.281,1.64592,1.64627,1.50,2.07
2013.06.10 17:41:27.110,1.64596,1.64627,1.50,2.07
2013.06.10 17:41:28.302,1.64596,1.64627,1.50,2.07
2013.06.10 17:41:29.376,1.64591,1.64627,3.00,2.07
2013.06.10 17:41:30.842,1.64596,1.64627,1.50,2.44
2013.06.10 17:41:31.592,1.64591,1.64624,2.25,1.69
2013.06.10 17:41:33.820,1.64591,1.64623,2.25,1.32
2013.06.10 17:41:34.800,1.64594,1.64628,1.50,2.25
2013.06.10 17:41:34.920,1.64596,1.64628,1.69,1.32
2013.06.10 17:41:35.040,1.646,1.64628,1.50,1.50
2013.06.10 17:41:35.343,1.64603,1.64627,1.50,1.69
2013.06.10 17:41:35.582,1.64594,1.6462,1.50,1.69
2013.06.10 17:41:35.640,1.64588,1.6462,2.25,1.69
2013.06.10 17:41:35.700,1.6459,1.6462,1.50,1.69
2013.06.10 17:41:36.051,1.64588,1.64614,1.50,1.69
2013.06.10 17:41:36.110,1.64583,1.64614,3.00,1.69
2013.06.10 17:41:36.410,1.64583,1.64618,1.50,2.07
2013.06.10 17:41:39.320,1.64583,1.64619,3.19,1.32
2013.06.10 17:41:39.503,1.64583,1.64615,1.50,1.69
2013.06.10 17:41:39.622,1.64583,1.64618,2.25,1.32
2013.06.10 17:41:40.089,1.6458,1.64614,2.63,1.13
2013.06.10 17:41:40.164,1.64581,1.64614,1.50,1.13
2013.06.10 17:41:40.661,1.6458,1.64611,2.44,1.69
2013.06.10 17:41:40.720,1.64583,1.64614,1.50,1.13
2013.06.10 17:41:40.840,1.64585,1.64617,1.50,1.50
2013.06.10 17:41:40.962,1.64585,1.64617,1.50,2.44
2013.06.10 17:41:41.082,1.64587,1.64617,1.50,1.69
2013.06.10 17:41:41.442,1.64592,1.64621,1.50,1.69
2013.06.10 17:41:41.620,1.64591,1.64621,1.50,1.69
2013.06.10 17:41:41.740,1.64591,1.64623,1.50,2.82
2013.06.10 17:41:41.861,1.64585,1.6461,1.50,1.50
2013.06.10 17:41:42.101,1.64578,1.64608,2.25,2.44
2013.06.10 17:41:42.161,1.64575,1.64607,1.50,1.69
2013.06.10 17:41:42.422,1.64573,1.64603,1.50,1.69
2013.06.10 17:41:42.543,1.64569,1.64603,2.25,1.69
2013.06.10 17:41:42.721,1.6457,1.64599,2.25,1.13
2013.06.10 17:41:43.280,1.64572,1.64603,1.50,1.69
2013.06.10 17:41:43.401,1.64572,1.64605,2.25,1.69
2013.06.10 17:41:44.264,1.6457,1.64603,1.50,1.69
2013.06.10 17:41:44.879,1.64571,1.64601,1.50,1.13
2013.06.10 17:41:45.861,1.6457,1.64601,1.50,1.13
2013.06.10 17:41:46.610,1.6457,1.64599,1.50,1.13
2013.06.10 17:41:46.670,1.6457,1.64599,1.50,1.13
2013.06.10 17:41:47.220,1.6457,1.64604,1.50,1.69
2013.06.10 17:41:48.262,1.6457,1.64601,3.00,1.13
2013.06.10 17:41:48.860,1.6457,1.64601,1.50,1.13
2013.06.10 17:41:49.141,1.64573,1.64601,1.50,1.13
2013.06.10 17:41:49.500,1.64574,1.64598,1.50,1.69
2013.06.10 17:41:49.620,1.64571,1.64598,1.50,1.69
2013.06.10 17:41:49.680,1.64573,1.64604,1.50,1.69
2013.06.10 17:41:50.022,1.64574,1.64605,3.00,2.44
2013.06.10 17:41:50.347,1.64579,1.64607,2.25,2.07
2013.06.10 17:41:50.770,1.64573,1.64599,1.50,1.69
2013.06.10 17:41:50.891,1.64567,1.64599,1.50,1.69
2013.06.10 17:41:50.952,1.64573,1.64603,1.50,2.44
2013.06.10 17:41:51.506,1.6457,1.64599,1.50,1.69
2013.06.10 17:41:52.010,1.64568,1.64599,2.25,1.69
2013.06.10 17:41:52.070,1.64568,1.64595,2.25,1.69
2013.06.10 17:41:52.310,1.64563,1.64595,3.19,1.69
2013.06.10 17:41:52.431,1.64563,1.64595,3.19,1.69
2013.06.10 17:41:52.610,1.64564,1.64595,1.50,1.69
2013.06.10 17:41:53.158,1.64561,1.64593,2.44,1.50
2013.06.10 17:41:53.762,1.64561,1.64594,1.50,2.44
2013.06.10 17:41:53.881,1.64565,1.64598,4.50,1.69
2013.06.10 17:41:55.720,1.64563,1.64593,1.50,1.69
2013.06.10 17:41:57.201,1.64564,1.64593,1.50,1.69
2013.06.10 17:41:57.681,1.64568,1.64594,1.50,3.19
2013.06.10 17:41:57.741,1.64565,1.64594,2.25,3.19
2013.06.10 17:41:58.250,1.64566,1.64595,1.50,1.32
2013.06.10 17:41:58.740,1.6456,1.64593,1.88,1.50
2013.06.10 17:41:59.528,1.64561,1.64593,1.69,2.25
2013.06.10 17:42:00.504,1.64561,1.64593,1.69,2.25
2013.06.10 17:42:01.440,1.64561,1.64593,1.50,2.44
2013.06.10 17:42:02.001,1.64562,1.64593,1.50,2.44
2013.06.10 17:42:02.344,1.64567,1.64593,1.50,2.82
2013.06.10 17:42:02.569,1.64559,1.64593,2.25,3.57
2013.06.10 17:42:03.711,1.6457,1.64593,1.50,2.44
2013.06.10 17:42:04.620,1.64559,1.64593,2.25,2.44
2013.06.10 17:42:04.871,1.64572,1.64593,1.50,2.44
2013.06.10 17:42:05.291,1.64574,1.64593,1.50,1.50
2013.06.10 17:42:05.533,1.64574,1.64594,1.50,1.50
2013.06.10 17:42:05.711,1.64574,1.64594,1.50,1.50
2013.06.10 17:42:05.832,1.64563,1.64594,1.50,1.50
2013.06.10 17:42:05.952,1.64563,1.64588,1.50,1.50
2013.06.10 17:42:06.261,1.64559,1.64589,1.50,1.50
2013.06.10 17:42:06.422,1.64558,1.64588,1.69,1.13
2013.06.10 17:42:06.480,1.64558,1.64588,1.69,1.13
2013.06.10 17:42:06.661,1.64557,1.64588,1.13,1.88
2013.06.10 17:42:06.801,1.64558,1.64588,1.69,1.13
2013.06.10 17:42:06.921,1.6456,1.6459,1.50,2.63
2013.06.10 17:42:07.470,1.6456,1.6459,1.69,2.63
2013.06.10 17:42:08.493,1.64561,1.6459,1.69,2.63
2013.06.10 17:42:08.710,1.64562,1.6459,1.13,1.13
2013.06.10 17:42:09.012,1.64566,1.64593,1.50,1.13
2013.06.10 17:42:09.210,1.64566,1.64593,1.50,1.13
2013.06.10 17:42:09.786,1.64566,1.64594,1.50,1.13
2013.06.10 17:42:09.970,1.64562,1.64593,2.82,1.69
2013.06.10 17:42:10.160,1.64562,1.64591,1.50,1.88
2013.06.10 17:42:10.772,1.64562,1.64591,1.50,1.88
2013.06.10 17:42:11.890,1.64562,1.6459,1.50,1.69
2013.06.10 17:42:13.090,1.64564,1.64594,1.50,2.07
2013.06.10 17:42:15.080,1.64562,1.64594,1.50,1.32
2013.06.10 17:42:15.320,1.64562,1.64594,1.50,1.32
2013.06.10 17:42:16.574,1.64565,1.64594,1.50,1.32
2013.06.10 17:42:17.851,1.64565,1.64594,1.50,1.32
2013.06.10 17:42:18.412,1.64567,1.64594,1.50,1.32
2013.06.10 17:42:18.821,1.64568,1.64594,1.50,1.32
2013.06.10 17:42:21.874,1.64564,1.64597,1.69,1.69
2013.06.10 17:42:21.940,1.64564,1.64598,1.69,3.94
2013.06.10 17:42:22.300,1.64562,1.64593,1.69,1.69
2013.06.10 17:42:22.432,1.64558,1.6459,1.69,1.69
2013.06.10 17:42:23.001,1.64557,1.64585,1.69,1.69
2013.06.10 17:42:23.240,1.64554,1.64583,1.50,3.19
2013.06.10 17:42:23.360,1.64552,1.64583,1.50,3.19
2013.06.10 17:42:23.540,1.64549,1.64579,1.69,1.69
2013.06.10 17:42:26.540,1.64547,1.64578,1.69,1.32
2013.06.10 17:42:27.933,1.64546,1.64578,1.50,3.00
2013.06.10 17:42:29.390,1.64546,1.64577,2.44,1.88
2013.06.10 17:42:29.690,1.64546,1.64583,1.69,2.82
2013.06.10 17:42:30.282,1.64546,1.64579,2.63,1.13
2013.06.10 17:42:30.406,1.64549,1.64579,1.47,1.13
2013.06.10 17:42:30.747,1.64558,1.64584,1.88,1.50
2013.06.10 17:42:30.871,1.64558,1.64589,1.88,1.09
2013.06.10 17:42:31.450,1.64557,1.64588,1.69,1.47
2013.06.10 17:42:32.136,1.64556,1.64588,1.88,1.47
2013.06.10 17:42:32.252,1.64556,1.64587,1.13,1.13
2013.06.10 17:42:32.430,1.64556,1.64589,1.88,2.22
2013.06.10 17:42:32.860,1.64556,1.64587,1.69,2.44
2013.06.10 17:42:33.400,1.64555,1.64587,1.50,1.69
2013.06.10 17:42:35.653,1.64553,1.64591,1.50,1.69
2013.06.10 17:42:38.093,1.64562,1.64594,1.09,1.69
2013.06.10 17:42:38.151,1.64562,1.64587,1.99,1.50
2013.06.10 17:42:38.331,1.64566,1.64595,1.13,2.25
2013.06.10 17:42:38.392,1.64569,1.64595,1.50,2.25
2013.06.10 17:42:38.511,1.64562,1.64589,1.32,1.50
2013.06.10 17:42:38.990,1.64551,1.64589,3.94,1.69
2013.06.10 17:42:39.132,1.64551,1.64588,3.19,1.69
2013.06.10 17:42:39.490,1.64551,1.64589,2.07,2.07
2013.06.10 17:42:39.550,1.64554,1.64589,1.69,2.07
2013.06.10 17:42:39.790,1.64557,1.64589,1.13,1.69
2013.06.10 17:42:40.030,1.64555,1.64589,2.44,1.32
2013.06.10 17:42:40.572,1.64555,1.64589,1.13,2.25
2013.06.10 17:42:41.113,1.64553,1.64589,1.13,2.44
2013.06.10 17:42:42.236,1.64552,1.64588,1.13,1.50
2013.06.10 17:42:42.321,1.64553,1.64585,1.32,1.50
2013.06.10 17:42:42.680,1.64551,1.64581,1.13,1.69
2013.06.10 17:42:43.213,1.64546,1.64577,2.25,1.69
2013.06.10 17:42:43.330,1.64546,1.64577,3.00,1.69
2013.06.10 17:42:43.692,1.64545,1.64578,2.44,1.50
2013.06.10 17:42:43.870,1.6455,1.64583,2.25,1.69
2013.06.10 17:42:45.710,1.64549,1.64583,2.25,1.69
2013.06.10 17:42:45.770,1.64548,1.64583,1.69,1.69
2013.06.10 17:42:45.931,1.64551,1.64583,1.50,1.69
2013.06.10 17:42:46.420,1.64548,1.64586,4.84,1.88
2013.06.10 17:42:46.480,1.6455,1.64586,1.69,1.50
2013.06.10 17:42:46.661,1.64553,1.64589,1.69,1.13
2013.06.10 17:42:47.200,1.64553,1.64587,1.69,1.50
2013.06.10 17:42:47.261,1.64551,1.64586,1.69,2.25
2013.06.10 17:42:47.621,1.64547,1.64581,2.44,1.50
2013.06.10 17:42:47.741,1.64547,1.64581,1.69,1.50
2013.06.10 17:42:48.950,1.64547,1.64582,2.59,1.13
2013.06.10 17:42:49.011,1.64547,1.64583,2.59,1.88
2013.06.10 17:42:49.431,1.64547,1.64583,1.69,2.25
2013.06.10 17:42:49.549,1.64546,1.64579,1.50,3.19
2013.06.10 17:42:50.180,1.64545,1.64582,1.84,2.63
2013.06.10 17:42:54.440,1.64544,1.64582,2.44,3.19
2013.06.10 17:42:54.500,1.64544,1.64582,2.25,4.69
2013.06.10 17:42:54.972,1.64542,1.64577,1.32,1.69
2013.06.10 17:42:55.047,1.64546,1.64579,1.50,1.69
2013.06.10 17:42:55.470,1.64543,1.64579,3.72,1.69
2013.06.10 17:42:56.631,1.64543,1.64579,2.82,1.69
2013.06.10 17:43:00.258,1.64547,1.64582,1.65,2.07
2013.06.10 17:43:02.863,1.64547,1.64582,1.65,2.82
2013.06.10 17:43:03.400,1.64544,1.64578,1.65,2.44
2013.06.10 17:43:03.700,1.64543,1.64577,1.13,1.32
2013.06.10 17:43:03.819,1.64542,1.64578,2.03,5.44
2013.06.10 17:43:05.450,1.64543,1.64573,1.13,1.88
2013.06.10 17:43:07.640,1.64543,1.64573,1.13,2.07
2013.06.10 17:43:09.980,1.64543,1.64573,1.13,2.07
2013.06.10 17:43:17.183,1.64536,1.64573,1.32,2.07
2013.06.10 17:43:17.301,1.6454,1.64573,1.50,1.69
2013.06.10 17:43:17.362,1.64537,1.64573,1.69,1.69
2013.06.10 17:43:17.661,1.64537,1.64573,2.44,1.69
2013.06.10 17:43:20.669,1.64535,1.64573,2.44,2.07
2013.06.10 17:43:29.640,1.64542,1.64573,1.13,1.69
2013.06.10 17:43:32.170,1.64537,1.64573,1.65,2.07
2013.06.10 17:43:34.690,1.6454,1.64573,2.25,2.07
2013.06.10 17:43:35.620,1.64536,1.64573,2.44,3.75
2013.06.10 17:43:36.170,1.64535,1.64573,2.44,2.82
2013.06.10 17:43:37.221,1.64544,1.64572,1.50,1.13
2013.06.10 17:43:37.280,1.64544,1.64573,1.50,2.07
2013.06.10 17:43:37.340,1.64546,1.64573,1.50,1.32
2013.06.10 17:43:37.520,1.64544,1.64573,1.50,1.69
2013.06.10 17:43:38.160,1.64541,1.64571,1.50,1.13
2013.06.10 17:43:38.680,1.64541,1.64571,1.50,1.50
2013.06.10 17:43:39.431,1.64541,1.64571,1.50,1.69
2013.06.10 17:43:41.685,1.64541,1.64571,1.50,1.69
2013.06.10 17:43:44.260,1.64543,1.64573,1.50,1.69
2013.06.10 17:43:47.430,1.64542,1.64575,1.50,1.69
2013.06.10 17:43:47.550,1.64542,1.64577,1.50,2.44
2013.06.10 17:43:47.850,1.6455,1.64581,1.50,1.32
2013.06.10 17:43:48.251,1.64546,1.64577,1.50,1.32
2013.06.10 17:43:48.371,1.64547,1.64578,1.50,2.07
2013.06.10 17:43:48.431,1.64543,1.64576,1.47,1.32
2013.06.10 17:43:48.791,1.64539,1.64568,2.25,1.13
2013.06.10 17:43:49.193,1.64544,1.64576,1.50,1.99
2013.06.10 17:43:49.371,1.64542,1.64577,1.50,4.69
2013.06.10 17:43:49.680,1.64541,1.64574,1.50,2.07
2013.06.10 17:43:50.040,1.64546,1.64576,1.50,2.07
2013.06.10 17:43:50.560,1.64546,1.64577,1.50,4.32
2013.06.10 17:43:51.856,1.64546,1.64576,1.50,2.07
2013.06.10 17:43:52.690,1.64546,1.64576,1.50,1.69
2013.06.10 17:43:53.219,1.64546,1.64577,1.50,3.94
2013.06.10 17:43:53.340,1.64546,1.64577,1.50,2.44
2013.06.10 17:43:53.681,1.64546,1.64576,1.50,1.69
2013.06.10 17:43:57.480,1.64546,1.64575,1.50,1.50
2013.06.10 17:43:58.030,1.64546,1.64574,1.50,1.50
2013.06.10 17:43:58.442,1.64546,1.64574,1.50,1.50
2013.06.10 17:43:58.841,1.64546,1.64576,1.50,1.69
2013.06.10 17:43:59.431,1.64546,1.64576,1.50,1.69
2013.06.10 17:43:59.489,1.64546,1.64574,1.50,1.50
2013.06.10 17:44:00.127,1.64546,1.64576,1.50,3.19
2013.06.10 17:44:03.737,1.64546,1.64576,1.50,3.19
2013.06.10 17:44:05.410,1.64546,1.64576,1.50,1.69
2013.06.10 17:44:07.150,1.64546,1.64576,1.69,1.50
2013.06.10 17:44:07.639,1.64546,1.64579,1.69,1.50
2013.06.10 17:44:08.000,1.64546,1.64584,2.44,4.69
2013.06.10 17:44:08.060,1.64547,1.64584,1.69,3.19
2013.06.10 17:44:09.040,1.64552,1.64584,1.69,2.25
2013.06.10 17:44:09.910,1.64552,1.64584,1.69,1.13
2013.06.10 17:44:10.150,1.64554,1.64586,1.69,1.32
2013.06.10 17:44:10.792,1.64551,1.64584,1.69,1.13
2013.06.10 17:44:11.681,1.64554,1.64584,2.44,1.13
2013.06.10 17:44:13.970,1.64554,1.64584,1.50,1.32
2013.06.10 17:44:16.041,1.64551,1.64583,1.50,1.50
2013.06.10 17:44:16.550,1.6455,1.64584,1.69,2.82
2013.06.10 17:44:23.170,1.6455,1.64584,2.44,1.32
2013.06.10 17:44:24.781,1.6455,1.64583,2.25,1.32
2013.06.10 17:44:25.151,1.64552,1.64588,2.25,2.44
2013.06.10 17:44:25.452,1.64562,1.64588,1.13,1.50
2013.06.10 17:44:25.513,1.64561,1.64588,1.50,1.88
2013.06.10 17:44:25.631,1.64561,1.64589,1.50,1.32
2013.06.10 17:44:25.811,1.64567,1.64598,1.32,1.50
2013.06.10 17:44:25.931,1.64567,1.64597,1.32,1.50
2013.06.10 17:44:26.171,1.64572,1.64604,2.44,1.50
2013.06.10 17:44:26.470,1.64576,1.64609,1.50,1.88
2013.06.10 17:44:26.790,1.64576,1.646,1.50,1.50
2013.06.10 17:44:26.940,1.64571,1.646,1.69,1.50
2013.06.10 17:44:27.000,1.64571,1.64607,1.69,1.69
2013.06.10 17:44:27.180,1.64571,1.64604,1.50,1.69
2013.06.10 17:44:27.240,1.64569,1.646,1.69,2.25
2013.06.10 17:44:27.752,1.64566,1.646,1.69,2.25
2013.06.10 17:44:28.054,1.64567,1.64601,1.69,1.50
2013.06.10 17:44:28.561,1.64567,1.646,1.69,1.50
2013.06.10 17:44:29.800,1.64566,1.64602,1.50,1.69
2013.06.10 17:44:29.990,1.64566,1.64603,1.50,2.44
2013.06.10 17:44:31.190,1.64566,1.64602,1.69,2.44
2013.06.10 17:44:33.211,1.64566,1.64602,1.69,3.19
2013.06.10 17:44:34.775,1.64562,1.64599,2.44,1.50
2013.06.10 17:44:34.913,1.64566,1.64602,1.69,1.69
2013.06.10 17:44:35.007,1.64566,1.64602,1.69,1.69
2013.06.10 17:44:36.371,1.64571,1.64603,1.50,2.44
2013.06.10 17:44:36.672,1.64574,1.64603,1.50,1.69
2013.06.10 17:44:36.914,1.64566,1.64602,1.69,1.69
2013.06.10 17:44:37.171,1.64565,1.64599,1.69,1.50
2013.06.10 17:44:38.073,1.64565,1.64599,1.50,1.69
2013.06.10 17:44:39.463,1.64566,1.646,1.50,1.69
2013.06.10 17:44:39.762,1.64567,1.64603,1.69,1.69
2013.06.10 17:44:39.822,1.64567,1.64603,1.69,1.69
2013.06.10 17:44:40.182,1.64571,1.64603,1.50,1.69
2013.06.10 17:44:40.482,1.64572,1.64606,2.25,1.62
2013.06.10 17:44:40.721,1.64572,1.64609,1.50,3.19
2013.06.10 17:44:41.081,1.64569,1.64603,1.13,1.50
2013.06.10 17:44:41.561,1.64568,1.64605,2.44,1.50
2013.06.10 17:44:41.682,1.64572,1.64606,2.44,1.50
2013.06.10 17:44:42.381,1.64577,1.64609,2.25,1.69
2013.06.10 17:44:42.691,1.64573,1.64611,1.69,2.44
2013.06.10 17:44:42.871,1.64573,1.64609,1.69,1.69
2013.06.10 17:44:42.991,1.64577,1.6461,1.50,1.69
2013.06.10 17:44:43.191,1.64573,1.64609,1.69,1.69
2013.06.10 17:44:43.371,1.64573,1.64609,2.63,1.69
2013.06.10 17:44:43.671,1.64579,1.64611,2.44,2.44
2013.06.10 17:44:43.731,1.64579,1.64611,1.69,1.69
2013.06.10 17:44:47.682,1.64576,1.64611,1.50,3.19
2013.06.10 17:44:47.862,1.64575,1.64608,1.50,1.32
2013.06.10 17:44:47.921,1.64576,1.64609,1.50,1.32
2013.06.10 17:44:48.161,1.64575,1.64611,2.25,1.69
2013.06.10 17:44:48.521,1.64576,1.64611,1.50,1.69
2013.06.10 17:44:48.761,1.64578,1.64611,2.44,1.69
2013.06.10 17:44:49.061,1.64578,1.64612,1.99,1.69
2013.06.10 17:44:49.185,1.64579,1.64614,1.50,1.69
2013.06.10 17:44:51.722,1.64577,1.64609,1.69,1.50
2013.06.10 17:44:51.782,1.64574,1.64609,1.88,2.44
2013.06.10 17:44:52.151,1.64573,1.64604,2.25,1.50
2013.06.10 17:44:52.331,1.64572,1.64605,1.88,1.50
2013.06.10 17:44:52.571,1.64573,1.64609,2.44,1.69
2013.06.10 17:44:52.811,1.64576,1.64611,1.50,3.19
2013.06.10 17:44:53.474,1.64581,1.64612,1.50,2.44
2013.06.10 17:44:53.771,1.64576,1.64608,1.50,2.07
2013.06.10 17:44:53.892,1.64576,1.64607,1.50,1.69
2013.06.10 17:44:54.452,1.6457,1.64602,1.69,3.19
2013.06.10 17:44:54.961,1.64569,1.64602,1.50,1.69
2013.06.10 17:44:56.332,1.64569,1.64598,1.50,1.69
2013.06.10 17:44:56.451,1.64566,1.64598,1.50,2.44
2013.06.10 17:44:57.386,1.64566,1.64598,1.50,4.69
2013.06.10 17:44:57.452,1.64569,1.64598,1.50,2.44
2013.06.10 17:44:58.011,1.64567,1.64601,1.50,3.19
2013.06.10 17:44:59.434,1.64566,1.646,1.69,2.44
2013.06.10 17:44:59.721,1.64566,1.646,1.50,3.94
2013.06.10 17:45:00.803,1.64567,1.646,1.50,3.94
2013.06.10 17:45:01.351,1.64567,1.64595,1.50,1.50
2013.06.10 17:45:02.052,1.64569,1.64595,1.50,1.69
2013.06.10 17:45:07.233,1.64567,1.64595,1.50,1.69
2013.06.10 17:45:08.543,1.64567,1.64595,1.50,1.69
2013.06.10 17:45:10.291,1.64568,1.64595,1.50,1.69
2013.06.10 17:45:11.282,1.64567,1.64595,1.50,1.69
2013.06.10 17:45:14.292,1.64567,1.64595,1.50,1.69
2013.06.10 17:45:14.551,1.64558,1.64592,1.32,1.69
2013.06.10 17:45:14.672,1.64556,1.64591,2.07,1.50
2013.06.10 17:45:15.105,1.64561,1.64591,1.50,1.50
2013.06.10 17:45:15.232,1.64556,1.64591,2.82,1.50
2013.06.10 17:45:15.411,1.64563,1.64595,1.50,1.69
2013.06.10 17:45:15.472,1.64564,1.64594,1.50,1.69
2013.06.10 17:45:16.012,1.64565,1.64594,1.50,1.69
2013.06.10 17:45:16.192,1.64565,1.64595,2.44,1.13
2013.06.10 17:45:16.372,1.64563,1.64598,1.69,1.13
2013.06.10 17:45:16.873,1.64563,1.64599,1.69,2.82
2013.06.10 17:45:18.171,1.64568,1.64599,1.69,1.88
2013.06.10 17:45:19.196,1.64568,1.64599,1.69,1.88
2013.06.10 17:45:19.885,1.64568,1.64599,1.50,2.07
2013.06.10 17:45:19.954,1.64567,1.64599,1.50,2.07
2013.06.10 17:45:20.932,1.64565,1.64597,1.50,1.69
2013.06.10 17:45:21.212,1.64563,1.64597,1.50,1.69
2013.06.10 17:45:23.061,1.64563,1.64599,1.69,2.82
2013.06.10 17:45:28.421,1.64566,1.64599,1.50,3.19
2013.06.10 17:45:28.541,1.64561,1.64594,1.50,2.44
2013.06.10 17:45:28.929,1.64561,1.64592,1.13,1.69
2013.06.10 17:45:29.051,1.64556,1.64588,2.44,1.50
2013.06.10 17:45:29.912,1.64552,1.64584,1.69,2.25
2013.06.10 17:45:30.574,1.64552,1.64584,1.69,3.00
2013.06.10 17:45:31.111,1.64552,1.64584,1.50,1.69
2013.06.10 17:45:32.682,1.64551,1.64588,1.69,2.44
2013.06.10 17:45:34.201,1.64551,1.6458,1.69,1.50
2013.06.10 17:45:34.647,1.64543,1.64575,2.44,1.13
2013.06.10 17:45:35.181,1.64543,1.64575,2.44,1.13
2013.06.10 17:45:35.691,1.64543,1.64575,2.25,1.32
2013.06.10 17:45:36.912,1.64543,1.64575,2.25,1.32
2013.06.10 17:45:36.972,1.64548,1.6458,1.50,3.57
2013.06.10 17:45:37.151,1.64548,1.64581,1.69,1.69
2013.06.10 17:45:37.212,1.64548,1.6458,1.69,1.32
2013.06.10 17:45:37.572,1.64563,1.64586,1.13,1.69
2013.06.10 17:45:37.693,1.64552,1.64588,1.69,1.69
2013.06.10 17:45:37.751,1.64556,1.64588,1.50,1.69
2013.06.10 17:45:38.052,1.64552,1.64584,1.69,1.50
2013.06.10 17:45:38.379,1.64552,1.64581,1.69,1.50
2013.06.10 17:45:39.633,1.64552,1.64581,1.50,1.69
2013.06.10 17:45:44.252,1.64551,1.64583,1.50,2.44
2013.06.10 17:45:44.492,1.64551,1.64579,1.50,1.69
2013.06.10 17:45:44.552,1.64551,1.64582,1.50,1.69
2013.06.10 17:45:44.912,1.64543,1.64577,2.07,1.50
2013.06.10 17:45:46.431,1.64547,1.64577,1.50,1.50
2013.06.10 17:45:46.612,1.64547,1.64581,1.73,1.69
2013.06.10 17:45:49.672,1.64552,1.64581,1.50,1.69
2013.06.10 17:45:52.503,1.64552,1.64581,1.50,1.69
2013.06.10 17:45:52.941,1.64551,1.64583,1.50,1.69
2013.06.10 17:45:53.421,1.64551,1.64583,1.50,2.44
2013.06.10 17:45:54.187,1.64546,1.6458,1.69,2.25
2013.06.10 17:45:55.432,1.64543,1.6458,1.32,3.19
2013.06.10 17:45:55.551,1.64542,1.6458,2.07,3.19
2013.06.10 17:45:56.003,1.64546,1.64581,1.69,3.19
2013.06.10 17:45:57.189,1.64546,1.64581,2.25,1.69
2013.06.10 17:46:03.251,1.64551,1.6458,1.50,1.69
2013.06.10 17:46:05.995,1.64551,1.6458,1.50,1.69
2013.06.10 17:46:07.201,1.64551,1.6458,1.50,1.69
2013.06.10 17:46:08.364,1.64547,1.6458,1.50,1.69
2013.06.10 17:46:08.602,1.64553,1.64581,1.50,1.50
2013.06.10 17:46:08.962,1.64559,1.64585,1.13,1.69
2013.06.10 17:46:09.263,1.64558,1.64588,1.13,1.69
2013.06.10 17:46:12.531,1.64557,1.6459,1.88,1.69
2013.06.10 17:46:12.711,1.64558,1.6459,1.13,1.69
2013.06.10 17:46:16.471,1.64558,1.6459,1.13,1.69
2013.06.10 17:46:18.871,1.64558,1.64593,1.13,2.44
2013.06.10 17:46:20.651,1.64558,1.6459,1.13,1.69
2013.06.10 17:46:21.191,1.64557,1.64593,1.88,3.19
2013.06.10 17:46:21.372,1.64556,1.64589,1.69,2.25
2013.06.10 17:46:21.731,1.64556,1.6458,1.50,1.50
2013.06.10 17:46:21.972,1.64551,1.6458,1.88,1.50
2013.06.10 17:46:22.482,1.64552,1.64583,1.13,3.94
2013.06.10 17:46:23.463,1.64552,1.64583,1.13,3.94
2013.06.10 17:46:23.641,1.64552,1.64583,1.13,2.44
2013.06.10 17:46:24.142,1.64553,1.64583,1.13,1.69
2013.06.10 17:46:24.682,1.64555,1.64587,1.50,1.69
2013.06.10 17:46:27.091,1.64556,1.64588,1.50,3.19
2013.06.10 17:46:28.333,1.64553,1.64587,1.32,2.44
2013.06.10 17:46:30.851,1.64552,1.64587,1.88,1.69
2013.06.10 17:46:33.971,1.64552,1.64586,1.69,1.69
2013.06.10 17:46:34.151,1.64552,1.64585,1.69,2.25
2013.06.10 17:46:34.462,1.64552,1.64586,1.69,1.69
2013.06.10 17:46:34.972,1.64552,1.64589,3.19,2.44
2013.06.10 17:46:36.251,1.64554,1.64589,1.13,2.44
2013.06.10 17:46:37.996,1.64554,1.64589,1.32,2.44
2013.06.10 17:46:40.633,1.64552,1.6459,4.32,3.94
2013.06.10 17:46:45.933,1.64557,1.6459,1.50,1.69
2013.06.10 17:46:47.351,1.64559,1.64593,1.50,2.44
2013.06.10 17:46:47.902,1.64557,1.64591,1.50,1.69
2013.06.10 17:46:50.581,1.64557,1.64593,1.69,2.44
2013.06.10 17:46:50.641,1.64555,1.64593,1.69,2.44
2013.06.10 17:46:51.181,1.64555,1.64591,1.69,1.69
2013.06.10 17:46:54.981,1.64557,1.64589,1.50,1.69
2013.06.10 17:46:55.753,1.64552,1.64588,1.69,1.69
2013.06.10 17:46:55.932,1.64551,1.64586,1.69,1.50
2013.06.10 17:46:57.162,1.64553,1.64586,1.13,2.44
2013.06.10 17:46:59.331,1.64551,1.64586,1.50,1.69
2013.06.10 17:46:59.691,1.64552,1.64588,1.50,2.82
2013.06.10 17:47:00.484,1.64552,1.64588,1.50,3.57
2013.06.10 17:47:00.671,1.64551,1.64588,2.25,2.82
2013.06.10 17:47:01.788,1.64551,1.64588,2.25,3.57
2013.06.10 17:47:02.504,1.64553,1.64588,1.13,3.19
2013.06.10 17:47:04.176,1.64553,1.64589,2.63,2.44
2013.06.10 17:47:04.481,1.64553,1.64589,1.50,2.44
2013.06.10 17:47:04.894,1.64553,1.64587,1.50,2.44
2013.06.10 17:47:04.952,1.64551,1.64587,2.82,2.44
2013.06.10 17:47:05.831,1.64551,1.64584,1.69,2.25
2013.06.10 17:47:06.892,1.64552,1.64588,2.44,2.25
2013.06.10 17:47:07.499,1.64552,1.64588,2.44,2.44
2013.06.10 17:47:09.231,1.64555,1.6459,1.50,2.44
2013.06.10 17:47:09.771,1.64556,1.64594,1.50,3.19
2013.06.10 17:47:09.892,1.64553,1.64589,1.32,3.19
2013.06.10 17:47:09.952,1.64554,1.64589,1.13,2.44
2013.06.10 17:47:13.161,1.64557,1.64589,1.50,1.69
2013.06.10 17:47:19.936,1.64557,1.64589,1.50,3.38
2013.06.10 17:47:21.622,1.64553,1.64588,1.50,2.82
2013.06.10 17:47:22.853,1.64553,1.64588,1.50,1.69
2013.06.10 17:47:23.032,1.64551,1.64583,1.69,1.50
2013.06.10 17:47:23.334,1.64548,1.64576,1.50,2.44
2013.06.10 17:47:23.396,1.64544,1.64576,1.88,2.44
2013.06.10 17:47:23.584,1.64542,1.64574,2.25,1.69
2013.06.10 17:47:23.892,1.64547,1.64576,1.50,1.69
2013.06.10 17:47:24.751,1.64541,1.64576,1.50,1.69
2013.06.10 17:47:29.711,1.64542,1.64572,2.25,1.32
2013.06.10 17:47:30.469,1.64542,1.64573,1.50,2.44
2013.06.10 17:47:34.202,1.64547,1.64574,1.50,1.32
2013.06.10 17:47:34.441,1.64539,1.64576,1.32,3.00
2013.06.10 17:47:34.622,1.64544,1.6458,1.69,1.32
2013.06.10 17:47:34.921,1.64544,1.6458,1.69,1.69
2013.06.10 17:47:35.161,1.6454,1.64576,1.32,1.50
2013.06.10 17:47:36.964,1.64539,1.64573,1.69,1.13
2013.06.10 17:47:37.022,1.64539,1.64569,1.50,1.32
2013.06.10 17:47:37.576,1.64537,1.64573,1.69,1.32
2013.06.10 17:47:38.098,1.64538,1.64574,2.44,1.69
2013.06.10 17:47:40.112,1.64538,1.64574,2.44,2.44
2013.06.10 17:47:40.171,1.64536,1.64568,2.44,1.13
2013.06.10 17:47:40.591,1.64539,1.64572,2.25,1.69
2013.06.10 17:47:42.753,1.64539,1.64572,2.25,1.69
2013.06.10 17:47:42.872,1.6454,1.64572,2.25,1.69
2013.06.10 17:47:42.934,1.6454,1.64572,2.44,1.69
2013.06.10 17:47:43.466,1.64537,1.64572,1.69,2.07
2013.06.10 17:47:43.540,1.64531,1.64567,1.50,1.69
2013.06.10 17:47:43.607,1.6453,1.64564,3.75,1.69
2013.06.10 17:47:43.792,1.64531,1.64564,1.50,2.44
2013.06.10 17:47:46.913,1.64539,1.64565,1.50,1.32
2013.06.10 17:47:47.033,1.64542,1.64566,1.13,1.69
2013.06.10 17:47:47.153,1.64539,1.64567,1.50,3.19
2013.06.10 17:47:47.511,1.64536,1.6456,2.25,2.44
2013.06.10 17:47:47.871,1.64533,1.64561,2.25,1.69
2013.06.10 17:47:47.992,1.64533,1.64561,1.50,1.69
2013.06.10 17:47:48.692,1.64531,1.64562,1.50,1.69
2013.06.10 17:47:48.752,1.64531,1.64562,1.50,1.69
2013.06.10 17:47:49.301,1.64533,1.64562,1.50,1.69
2013.06.10 17:47:50.421,1.64531,1.64562,2.25,1.69
2013.06.10 17:47:51.971,1.64532,1.64561,2.25,3.19
2013.06.10 17:47:53.113,1.64532,1.64561,1.50,3.19
2013.06.10 17:47:53.172,1.64532,1.64561,1.50,1.69
2013.06.10 17:47:53.534,1.64538,1.64565,1.50,2.44
2013.06.10 17:47:54.041,1.64536,1.64565,2.25,2.44
2013.06.10 17:47:54.553,1.64536,1.64566,2.25,1.69
2013.06.10 17:47:54.863,1.64538,1.64567,1.50,2.07
2013.06.10 17:47:55.423,1.64537,1.64566,1.50,1.88
2013.06.10 17:47:56.271,1.64538,1.64563,1.50,1.69
2013.06.10 17:47:56.824,1.64537,1.64563,1.50,1.69
2013.06.10 17:47:57.801,1.64537,1.64567,1.50,1.88
2013.06.10 17:47:57.861,1.6454,1.64567,1.50,1.32
2013.06.10 17:47:58.372,1.64539,1.6457,1.50,1.69
2013.06.10 17:47:58.492,1.64537,1.6457,1.50,1.69
2013.06.10 17:48:01.382,1.64535,1.64568,1.50,2.07
2013.06.10 17:48:04.621,1.64535,1.64562,1.50,1.13
2013.06.10 17:48:05.175,1.64538,1.64562,1.50,1.13
2013.06.10 17:48:09.014,1.64539,1.64568,1.50,2.07
2013.06.10 17:48:10.161,1.64536,1.64567,2.25,1.32
2013.06.10 17:48:10.221,1.64536,1.64567,2.25,2.07
2013.06.10 17:48:10.402,1.64535,1.64558,2.25,1.32
2013.06.10 17:48:10.941,1.64533,1.64558,2.25,1.32
2013.06.10 17:48:11.241,1.64533,1.64558,2.25,2.07
2013.06.10 17:48:11.702,1.64536,1.64558,2.25,2.07
2013.06.10 17:48:14.693,1.64536,1.64564,2.25,1.69
2013.06.10 17:48:16.071,1.64533,1.64563,3.00,2.63
2013.06.10 17:48:16.132,1.64533,1.64563,3.00,2.63
2013.06.10 17:48:16.312,1.64528,1.64557,1.50,1.32
2013.06.10 17:48:16.672,1.64529,1.64558,2.25,2.07
2013.06.10 17:48:17.542,1.64529,1.64558,2.25,2.07
2013.06.10 17:48:18.721,1.64533,1.64558,1.50,1.13
2013.06.10 17:48:19.081,1.64535,1.64565,2.25,1.32
2013.06.10 17:48:19.141,1.64535,1.64571,2.25,3.38
2013.06.10 17:48:19.381,1.64538,1.64571,1.50,1.69
2013.06.10 17:48:19.711,1.64538,1.6457,1.50,1.69
2013.06.10 17:48:36.112,1.64533,1.64563,1.50,1.69
2013.06.10 17:48:36.232,1.6453,1.64558,1.32,1.13
2013.06.10 17:48:37.732,1.6453,1.64557,3.19,1.13
2013.06.10 17:48:37.972,1.64528,1.64558,1.69,1.13
2013.06.10 17:48:39.163,1.64536,1.64557,1.50,1.13
2013.06.10 17:48:39.522,1.64533,1.64566,1.13,1.69
2013.06.10 17:48:39.582,1.64537,1.64566,1.50,1.69
2013.06.10 17:48:39.883,1.64539,1.64557,1.50,1.13
2013.06.10 17:48:39.944,1.64532,1.64557,1.69,1.13
2013.06.10 17:48:40.004,1.64535,1.64568,1.50,1.32
2013.06.10 17:48:40.063,1.64537,1.64568,1.50,1.32
2013.06.10 17:48:40.622,1.64537,1.64567,1.50,2.07
2013.06.10 17:48:40.741,1.64533,1.64567,2.25,2.07
2013.06.10 17:48:41.385,1.64534,1.64567,1.50,2.07
2013.06.10 17:48:41.932,1.64532,1.64567,2.25,2.07
2013.06.10 17:48:42.492,1.64534,1.64563,1.50,1.50
2013.06.10 17:48:43.221,1.64534,1.64568,2.25,2.07
2013.06.10 17:48:44.373,1.64537,1.64567,1.50,1.32
2013.06.10 17:49:00.430,1.64527,1.64563,2.44,1.50
2013.06.10 17:49:00.572,1.64525,1.64557,1.50,1.32
2013.06.10 17:49:00.692,1.64524,1.64557,1.50,1.32
2013.06.10 17:49:00.881,1.64521,1.64554,1.69,2.25
2013.06.10 17:49:01.591,1.64521,1.64554,1.50,2.44
2013.06.10 17:49:02.532,1.64517,1.64549,2.07,1.13
2013.06.10 17:49:03.241,1.64521,1.64549,1.50,1.13
2013.06.10 17:49:03.862,1.64521,1.64556,2.63,1.32
2013.06.10 17:49:04.041,1.64525,1.64558,1.88,1.13
2013.06.10 17:49:04.103,1.64525,1.64558,1.88,1.88
2013.06.10 17:49:04.833,1.64528,1.64558,2.44,1.13
2013.06.10 17:49:05.309,1.64529,1.64558,1.50,1.13
2013.06.10 17:49:05.982,1.64527,1.64558,3.19,1.13
2013.06.10 17:49:06.593,1.64527,1.6456,3.94,1.32
2013.06.10 17:49:06.891,1.64532,1.6456,1.50,1.32
2013.06.10 17:49:07.713,1.64527,1.64558,3.00,1.32
2013.06.10 17:49:07.986,1.64525,1.64552,1.50,1.13
2013.06.10 17:49:08.112,1.64527,1.64552,1.50,1.13
2013.06.10 17:49:08.616,1.64526,1.64552,1.50,1.13
2013.06.10 17:49:08.913,1.64524,1.64552,1.50,1.13
2013.06.10 17:49:09.211,1.64533,1.64552,1.50,1.13
2013.06.10 17:49:09.332,1.64533,1.64558,1.50,1.13
2013.06.10 17:49:09.752,1.64536,1.64566,1.50,1.69
2013.06.10 17:49:09.872,1.64536,1.64566,1.50,1.69
2013.06.10 17:49:10.171,1.64535,1.64565,1.50,1.69
2013.06.10 17:49:10.351,1.64528,1.64558,2.44,1.88
2013.06.10 17:49:10.412,1.64524,1.64558,3.19,1.88
2013.06.10 17:49:10.603,1.64524,1.64553,2.44,1.50
2013.06.10 17:49:12.721,1.64522,1.64558,3.94,2.63
2013.06.10 17:49:13.941,1.64525,1.64558,2.44,1.88
2013.06.10 17:49:14.421,1.64526,1.64558,3.19,1.50
2013.06.10 17:49:14.980,1.64526,1.64555,3.19,1.50
2013.06.10 17:49:15.551,1.64527,1.64558,2.44,1.50
2013.06.10 17:49:15.611,1.64527,1.64558,2.44,1.50
2013.06.10 17:49:16.662,1.64531,1.64563,2.25,1.69
2013.06.10 17:49:17.141,1.64531,1.64566,2.07,1.69
2013.06.10 17:49:18.142,1.64538,1.64566,1.32,1.50
2013.06.10 17:49:18.202,1.64538,1.64567,3.79,1.13
2013.06.10 17:49:18.322,1.64538,1.64574,2.67,1.50
2013.06.10 17:49:18.843,1.64538,1.64575,3.42,1.50
2013.06.10 17:49:19.712,1.64538,1.64575,2.67,1.69
2013.06.10 17:49:23.413,1.64538,1.64575,1.50,1.69
2013.06.10 17:49:23.721,1.64541,1.64571,1.50,1.88
2013.06.10 17:49:24.223,1.6454,1.64571,1.50,1.88
2013.06.10 17:49:25.074,1.64537,1.6457,1.69,1.50
2013.06.10 17:49:25.432,1.64535,1.64568,2.07,1.88
2013.06.10 17:49:26.751,1.64535,1.64567,2.07,1.50
2013.06.10 17:49:28.553,1.64535,1.64567,1.69,1.69
2013.06.10 17:49:28.613,1.64535,1.64567,1.69,3.19
2013.06.10 17:49:28.794,1.64534,1.64563,1.50,1.69
2013.06.10 17:49:28.852,1.64533,1.64563,1.13,1.69
2013.06.10 17:49:29.032,1.64532,1.64558,1.50,2.07
2013.06.10 17:49:29.152,1.64522,1.64558,2.82,2.82
2013.06.10 17:49:29.332,1.64523,1.64558,1.13,2.07
2013.06.10 17:49:29.392,1.64523,1.64558,1.13,2.07
2013.06.10 17:49:31.134,1.64522,1.64556,2.44,1.32
2013.06.10 17:49:32.181,1.64525,1.64556,1.50,1.13
2013.06.10 17:49:32.242,1.64525,1.64558,1.50,1.69
2013.06.10 17:49:32.302,1.64526,1.64559,1.50,2.07
2013.06.10 17:49:34.632,1.64526,1.6456,1.50,1.69
2013.06.10 17:49:37.003,1.64526,1.6456,1.50,1.69
2013.06.10 17:49:38.785,1.64527,1.64563,1.32,2.44
2013.06.10 17:49:39.144,1.64533,1.64568,1.50,1.69
2013.06.10 17:49:39.561,1.64531,1.64563,1.50,1.69
2013.06.10 17:49:40.067,1.64528,1.64563,1.32,1.50
2013.06.10 17:49:40.573,1.64527,1.64563,1.69,1.50
2013.06.10 17:49:41.191,1.64527,1.64563,1.69,1.69
2013.06.10 17:49:46.843,1.64531,1.64563,1.50,1.69
2013.06.10 17:49:49.432,1.64531,1.64563,1.50,1.69
2013.06.10 17:49:50.482,1.64532,1.64567,1.50,2.44
2013.06.10 17:49:50.541,1.64532,1.64567,1.69,1.69
2013.06.10 17:49:50.601,1.64533,1.64568,1.69,2.44
2013.06.10 17:49:51.371,1.64535,1.64568,1.50,1.69
2013.06.10 17:49:51.673,1.64543,1.64578,1.69,1.32
2013.06.10 17:49:51.732,1.64543,1.64579,3.19,1.50
2013.06.10 17:49:52.873,1.64548,1.64584,2.82,2.44
2013.06.10 17:49:52.933,1.64548,1.64584,2.82,2.25
2013.06.10 17:49:52.994,1.64553,1.64584,1.69,1.50
2013.06.10 17:49:53.232,1.64555,1.64584,1.69,1.50
2013.06.10 17:49:55.412,1.64555,1.64584,1.50,1.69
2013.06.10 17:49:55.651,1.64547,1.64583,1.35,2.07
2013.06.10 17:49:55.711,1.64547,1.64583,2.48,1.69
2013.06.10 17:49:56.111,1.64547,1.64584,3.23,1.69
2013.06.10 17:49:56.172,1.6455,1.64583,1.69,1.50
2013.06.10 17:49:56.232,1.6455,1.64583,1.69,1.50
2013.06.10 17:49:58.081,1.6455,1.64582,1.69,1.50
2013.06.10 17:49:59.222,1.64545,1.64581,1.69,1.69
2013.06.10 17:49:59.282,1.64545,1.64577,1.69,1.13
2013.06.10 17:50:00.112,1.64545,1.64579,1.69,2.07
2013.06.10 17:50:00.667,1.64545,1.64579,1.69,2.07
2013.06.10 17:50:01.132,1.64545,1.64577,1.69,1.50
2013.06.10 17:50:01.333,1.64545,1.64577,1.50,1.69
2013.06.10 17:50:01.912,1.64545,1.64578,1.50,1.32
2013.06.10 17:50:02.437,1.64546,1.64577,1.50,1.32
2013.06.10 17:50:03.062,1.64545,1.64578,1.50,1.32
2013.06.10 17:50:04.252,1.64545,1.64578,1.69,1.13
2013.06.10 17:50:04.632,1.64548,1.64578,1.50,1.13
2013.06.10 17:50:10.581,1.64548,1.64579,1.50,1.32
2013.06.10 17:50:12.566,1.64549,1.64579,2.25,1.32
2013.06.10 17:50:13.102,1.6455,1.64585,2.25,1.69
2013.06.10 17:50:13.761,1.64549,1.64585,1.69,1.69
2013.06.10 17:50:13.883,1.64548,1.64583,1.69,1.50
2013.06.10 17:50:14.002,1.64552,1.64587,1.69,1.69
2013.06.10 17:50:15.112,1.64553,1.64585,2.25,1.69
2013.06.10 17:50:17.362,1.64549,1.64585,1.69,2.44
2013.06.10 17:50:17.662,1.64549,1.64585,1.69,2.44
2013.06.10 17:50:17.722,1.6455,1.64585,2.44,2.44
2013.06.10 17:50:18.023,1.64549,1.64586,4.17,1.69
2013.06.10 17:50:18.382,1.64553,1.64586,1.50,2.44
2013.06.10 17:50:18.442,1.64548,1.64586,3.94,3.19
2013.06.10 17:50:18.682,1.64548,1.64578,1.69,1.50
2013.06.10 17:50:18.802,1.64547,1.64578,1.50,1.88
2013.06.10 17:50:18.861,1.64544,1.64577,2.44,1.50
2013.06.10 17:50:19.401,1.64543,1.64577,1.50,2.07
2013.06.10 17:50:19.822,1.64545,1.64581,2.44,1.69
2013.06.10 17:50:20.382,1.64547,1.64578,2.25,1.50
2013.06.10 17:50:28.082,1.64547,1.64578,1.50,1.69
2013.06.10 17:50:30.002,1.64545,1.64581,1.50,2.44
2013.06.10 17:50:30.061,1.64545,1.64581,1.50,1.69
2013.06.10 17:50:30.362,1.64545,1.64577,2.25,1.32
2013.06.10 17:50:31.492,1.64547,1.64577,1.50,2.07
2013.06.10 17:50:31.552,1.64544,1.64577,1.50,2.07
2013.06.10 17:50:31.673,1.64545,1.64579,1.50,2.07
2013.06.10 17:50:32.045,1.64548,1.64584,1.69,1.69
2013.06.10 17:50:34.692,1.64548,1.64584,1.50,1.69
2013.06.10 17:50:36.023,1.64547,1.6458,2.25,1.69
2013.06.10 17:50:36.557,1.64548,1.6458,1.50,1.69
2013.06.10 17:50:39.152,1.64547,1.64578,1.50,1.69
2013.06.10 17:50:39.215,1.64547,1.64577,1.50,1.69
2013.06.10 17:50:39.462,1.64544,1.64577,1.50,1.69
2013.06.10 17:50:39.644,1.64544,1.64578,1.69,1.88
2013.06.10 17:50:39.702,1.64549,1.64578,1.50,1.50
2013.06.10 17:50:40.062,1.64549,1.64581,2.25,1.69
2013.06.10 17:50:40.536,1.64551,1.64585,2.25,2.44
2013.06.10 17:50:41.107,1.64548,1.64585,2.25,2.44
2013.06.10 17:50:41.792,1.64553,1.64585,2.25,2.44
2013.06.10 17:50:43.982,1.64548,1.64584,3.19,2.44
2013.06.10 17:50:46.392,1.64548,1.64583,1.69,1.69
2013.06.10 17:50:46.452,1.64548,1.64583,1.69,2.44
2013.06.10 17:50:47.653,1.64543,1.64579,3.19,1.69
2013.06.10 17:50:47.772,1.64542,1.64577,3.19,1.69
2013.06.10 17:50:51.192,1.64542,1.64577,1.69,1.69
2013.06.10 17:50:52.524,1.64543,1.64576,1.50,2.44
2013.06.10 17:50:52.835,1.64543,1.64571,2.25,1.32
2013.06.10 17:50:52.892,1.64543,1.64571,1.50,1.32
2013.06.10 17:50:53.013,1.64538,1.64571,1.50,2.07
2013.06.10 17:50:53.194,1.64531,1.64567,1.69,1.13
2013.06.10 17:50:53.312,1.64531,1.64564,1.13,1.13
2013.06.10 17:50:53.372,1.64535,1.64568,1.50,2.82
2013.06.10 17:50:53.792,1.64536,1.64569,1.50,1.32
2013.06.10 17:50:54.335,1.64536,1.64572,4.50,1.32
2013.06.10 17:50:55.171,1.64537,1.64572,1.13,1.32
2013.06.10 17:50:56.079,1.64539,1.64572,1.13,1.32
2013.06.10 17:50:56.407,1.64547,1.64577,1.50,1.32
2013.06.10 17:50:56.532,1.64547,1.64578,1.50,2.44
2013.06.10 17:50:58.392,1.64547,1.64577,1.50,1.69
2013.06.10 17:50:59.785,1.64547,1.64578,1.50,2.44
2013.06.10 17:51:00.524,1.64547,1.64578,1.50,2.44
2013.06.10 17:51:04.231,1.64542,1.64575,1.50,2.44
2013.06.10 17:51:04.591,1.64542,1.64574,1.50,1.69
2013.06.10 17:51:05.180,1.64546,1.64575,1.50,2.44
2013.06.10 17:51:06.208,1.64546,1.64575,1.50,1.69
2013.06.10 17:51:07.541,1.64546,1.64575,1.50,1.69
2013.06.10 17:51:08.853,1.64547,1.64575,1.50,1.69
2013.06.10 17:51:09.391,1.64547,1.64579,1.50,1.69
2013.06.10 17:51:09.751,1.64549,1.64579,1.92,1.50
2013.06.10 17:51:10.302,1.6455,1.64579,1.69,1.50
2013.06.10 17:51:13.062,1.64547,1.64579,1.69,1.69
2013.06.10 17:51:13.444,1.64541,1.64572,1.32,2.07
2013.06.10 17:51:13.622,1.64537,1.64571,1.50,1.32
2013.06.10 17:51:13.682,1.64536,1.64571,2.44,1.13
2013.06.10 17:51:13.863,1.64536,1.64574,1.69,1.69
2013.06.10 17:51:13.922,1.64536,1.64572,1.69,1.50
2013.06.10 17:51:14.489,1.64536,1.64569,1.69,1.50
2013.06.10 17:51:15.173,1.64537,1.64569,1.69,1.50
2013.06.10 17:51:15.671,1.64535,1.64569,1.69,1.69
2013.06.10 17:51:16.222,1.64537,1.64569,1.69,1.69
2013.06.10 17:51:16.873,1.64537,1.64569,1.69,1.69
2013.06.10 17:51:19.972,1.6454,1.64576,2.74,1.69
2013.06.10 17:51:20.092,1.64546,1.64577,1.50,1.69
2013.06.10 17:51:20.663,1.64549,1.64581,1.69,1.50
2013.06.10 17:51:21.272,1.64549,1.64586,2.44,1.69
2013.06.10 17:51:22.735,1.6455,1.64587,2.44,2.44
2013.06.10 17:51:25.692,1.64549,1.64583,1.69,1.50
2013.06.10 17:51:27.571,1.64545,1.64577,2.25,1.32
2013.06.10 17:51:27.692,1.64543,1.64578,1.69,2.07
2013.06.10 17:51:28.231,1.64542,1.64574,2.44,1.50
2013.06.10 17:51:28.351,1.64542,1.64575,2.25,5.63
2013.06.10 17:51:28.652,1.64541,1.64571,1.50,1.13
2013.06.10 17:51:28.772,1.64543,1.64574,2.44,1.50
2013.06.10 17:51:37.282,1.64547,1.6458,1.50,1.69
2013.06.10 17:51:43.012,1.64547,1.6458,1.50,2.07
2013.06.10 17:51:43.932,1.64549,1.6458,2.44,1.50
2013.06.10 17:51:43.994,1.64549,1.64583,3.94,1.50
2013.06.10 17:51:44.412,1.64549,1.64583,2.25,1.69
2013.06.10 17:51:44.532,1.64547,1.6458,2.25,1.69
2013.06.10 17:51:45.612,1.64542,1.6458,1.69,1.69
2013.06.10 17:51:45.732,1.64541,1.64574,1.50,2.07
2013.06.10 17:51:45.852,1.64538,1.64574,1.69,2.07
2013.06.10 17:51:47.121,1.64536,1.64569,1.69,1.50
2013.06.10 17:51:47.462,1.64533,1.64568,2.44,2.44
2013.06.10 17:51:47.642,1.64532,1.64565,2.44,1.50
2013.06.10 17:51:47.702,1.64533,1.64568,1.69,1.88
2013.06.10 17:51:47.942,1.64535,1.64569,1.69,1.69
2013.06.10 17:51:48.002,1.64537,1.6457,1.50,2.44
2013.06.10 17:51:48.243,1.64536,1.64569,1.50,1.69
2013.06.10 17:51:49.005,1.64536,1.64563,1.50,1.93
2013.06.10 17:51:49.361,1.64531,1.64555,2.44,1.80
2013.06.10 17:51:49.541,1.6453,1.64555,1.13,1.98
2013.06.10 17:51:50.112,1.64528,1.64555,1.13,1.98
2013.06.10 17:51:50.172,1.64528,1.64556,1.32,1.13
2013.06.10 17:51:50.233,1.64531,1.64556,1.13,1.13
2013.06.10 17:51:50.543,1.64532,1.64563,1.50,2.07
2013.06.10 17:51:52.402,1.64532,1.64554,1.50,1.58
2013.06.10 17:51:52.642,1.64528,1.64554,1.13,1.58
2013.06.10 17:51:53.182,1.64528,1.64554,1.13,1.32
2013.06.10 17:51:54.002,1.64528,1.64554,1.13,1.32
2013.06.10 17:51:54.556,1.64528,1.64554,1.13,1.32
2013.06.10 17:51:55.116,1.64528,1.64555,1.13,1.54
2013.06.10 17:51:55.232,1.64523,1.6455,2.25,1.39
2013.06.10 17:51:55.412,1.64524,1.6455,3.00,1.58
2013.06.10 17:51:55.772,1.64531,1.6455,1.13,1.47
2013.06.10 17:51:56.611,1.64529,1.6455,1.13,1.09
2013.06.10 17:51:56.672,1.64529,1.64555,1.13,1.24
2013.06.10 17:51:57.212,1.64529,1.64555,1.13,1.05
2013.06.10 17:51:58.491,1.64529,1.64555,1.13,1.24
2013.06.10 17:52:00.169,1.64529,1.64555,1.13,1.24
2013.06.10 17:52:00.691,1.64529,1.64554,2.63,1.54
2013.06.10 17:52:01.212,1.64529,1.64554,1.13,1.54
2013.06.10 17:52:01.334,1.6453,1.64555,1.13,1.20
2013.06.10 17:52:01.753,1.64527,1.64549,1.50,1.54
2013.06.10 17:52:01.935,1.64537,1.64556,1.13,1.50
2013.06.10 17:52:03.001,1.64531,1.64557,1.88,1.73
2013.06.10 17:52:03.603,1.64531,1.64557,1.50,1.73
2013.06.10 17:52:04.093,1.64528,1.64556,1.88,1.65
2013.06.10 17:52:04.215,1.64528,1.64556,2.07,1.65
2013.06.10 17:52:04.334,1.6453,1.64556,1.50,1.58
2013.06.10 17:52:04.454,1.64529,1.64559,2.25,1.32
2013.06.10 17:52:04.573,1.64529,1.64559,2.25,1.32
2013.06.10 17:52:04.892,1.64528,1.64556,1.50,1.32
2013.06.10 17:52:05.252,1.64525,1.64553,1.69,1.50
2013.06.10 17:52:05.553,1.64522,1.64553,1.50,2.44
2013.06.10 17:52:07.174,1.64519,1.64548,3.00,1.69
2013.06.10 17:52:09.163,1.64513,1.64546,2.07,1.35
2013.06.10 17:52:11.263,1.64514,1.64543,1.32,1.13
2013.06.10 17:52:16.131,1.64513,1.64533,1.50,1.69
2013.06.10 17:52:16.335,1.64507,1.64529,2.25,1.32
2013.06.10 17:52:16.632,1.64503,1.64527,1.13,2.25
2013.06.10 17:52:16.692,1.64497,1.64516,1.35,1.35
2013.06.10 17:52:16.814,1.64493,1.64515,1.13,2.22
2013.06.10 17:52:16.874,1.6449,1.64504,1.50,1.09
2013.06.10 17:52:16.932,1.64487,1.64503,1.50,1.39
2013.06.10 17:52:17.055,1.64485,1.64498,1.50,1.09
2013.06.10 17:52:17.113,1.64477,1.64495,3.00,1.43
2013.06.10 17:52:17.352,1.64477,1.64494,1.50,1.09
2013.06.10 17:52:17.413,1.64464,1.64484,2.25,1.13
2013.06.10 17:52:17.474,1.64459,1.64473,1.50,1.02
2013.06.10 17:52:17.892,1.64452,1.64473,1.88,1.02
2013.06.10 17:52:18.732,1.64459,1.64484,2.07,1.13
2013.06.10 17:52:18.792,1.64461,1.64484,1.50,1.13
2013.06.10 17:52:19.042,1.64456,1.64484,1.88,1.13
2013.06.10 17:52:19.592,1.64454,1.64483,1.13,1.13
2013.06.10 17:52:20.162,1.64455,1.64483,1.13,1.65
2013.06.10 17:52:20.532,1.64465,1.64483,1.05,1.35
2013.06.10 17:52:20.652,1.64455,1.64479,1.13,1.28
2013.06.10 17:52:20.712,1.64452,1.64479,1.50,1.84
2013.06.10 17:52:21.512,1.64452,1.64475,1.50,1.65
2013.06.10 17:52:21.875,1.64446,1.64475,2.25,1.54
2013.06.10 17:52:22.402,1.64453,1.64484,1.50,1.50
2013.06.10 17:52:22.464,1.64453,1.64484,1.50,1.50
2013.06.10 17:52:23.099,1.64453,1.64483,1.88,1.50
2013.06.10 17:52:24.172,1.64456,1.64483,1.50,1.32
2013.06.10 17:52:24.692,1.64456,1.64483,3.00,1.32
2013.06.10 17:52:25.854,1.6446,1.64487,1.84,1.17
2013.06.10 17:52:25.974,1.64465,1.64493,1.84,1.69
2013.06.10 17:52:26.033,1.64466,1.64499,1.13,1.32
2013.06.10 17:52:26.093,1.64473,1.64495,1.13,1.13
2013.06.10 17:52:26.453,1.64481,1.64502,1.50,1.65
2013.06.10 17:52:26.753,1.64481,1.64502,2.44,1.28
2013.06.10 17:52:26.993,1.64487,1.6451,1.69,1.09
2013.06.10 17:52:27.113,1.64489,1.64513,1.32,1.32
2013.06.10 17:52:27.172,1.64491,1.64513,1.69,1.32
2013.06.10 17:52:27.532,1.64492,1.64523,1.50,1.24
2013.06.10 17:52:27.592,1.64492,1.64521,1.50,1.88
2013.06.10 17:52:27.842,1.64492,1.64521,1.69,1.88
2013.06.10 17:52:28.082,1.64492,1.64521,1.50,1.88
2013.06.10 17:52:31.152,1.64487,1.6452,2.74,1.88
2013.06.10 17:52:31.272,1.64488,1.64524,1.13,1.80
2013.06.10 17:52:36.152,1.64494,1.64523,2.25,1.62
2013.06.10 17:52:36.692,1.64494,1.64524,1.69,1.28
2013.06.10 17:52:37.852,1.64492,1.6452,2.25,1.05
2013.06.10 17:52:39.383,1.64493,1.64525,2.25,1.20
2013.06.10 17:52:39.502,1.64492,1.64525,1.69,1.20
2013.06.10 17:52:43.232,1.64502,1.64526,1.69,1.80
2013.06.10 17:52:53.214,1.64502,1.64526,1.50,1.62
2013.06.10 17:52:53.908,1.64502,1.64526,1.69,1.80
2013.06.10 17:52:55.033,1.64502,1.64526,3.19,1.54
2013.06.10 17:52:55.212,1.64502,1.64533,3.94,1.50
2013.06.10 17:52:57.212,1.64507,1.64534,3.00,1.69
2013.06.10 17:53:00.642,1.64507,1.64534,1.50,1.17
2013.06.10 17:53:01.713,1.64507,1.64533,1.50,1.35
2013.06.10 17:53:02.047,1.64507,1.64533,1.50,1.35
2013.06.10 17:53:04.492,1.64508,1.64538,2.25,2.25
2013.06.10 17:53:05.032,1.64505,1.64534,2.25,1.32
2013.06.10 17:53:05.361,1.64512,1.6454,1.50,2.14
2013.06.10 17:53:05.425,1.64516,1.64542,1.69,1.50
2013.06.10 17:53:05.733,1.6452,1.64551,1.13,1.32
2013.06.10 17:53:05.793,1.64532,1.64551,1.50,1.32
2013.06.10 17:53:05.853,1.64532,1.64551,1.50,1.13
2013.06.10 17:53:05.912,1.64532,1.64557,1.50,2.25
2013.06.10 17:53:06.032,1.64532,1.64553,1.69,1.32
2013.06.10 17:53:06.643,1.64526,1.64553,1.50,1.35
2013.06.10 17:53:06.702,1.64526,1.64553,1.50,1.35
2013.06.10 17:53:07.774,1.64522,1.64551,1.50,1.50
2013.06.10 17:53:10.212,1.64518,1.64551,1.99,1.50
2013.06.10 17:53:10.727,1.64518,1.64551,1.99,1.32
2013.06.10 17:53:11.282,1.64519,1.64553,1.69,1.32
2013.06.10 17:53:18.173,1.64523,1.64553,1.13,1.32
2013.06.10 17:53:18.475,1.64526,1.64556,1.50,1.50
2013.06.10 17:53:18.992,1.64526,1.64556,2.25,2.33
2013.06.10 17:53:19.352,1.64526,1.64562,2.25,2.25
2013.06.10 17:53:19.773,1.64529,1.64562,2.25,2.44
2013.06.10 17:53:20.133,1.64531,1.64562,1.69,1.69
2013.06.10 17:53:20.193,1.6453,1.64562,1.17,1.69
2013.06.10 17:53:20.253,1.64527,1.64564,3.30,2.44
2013.06.10 17:53:20.926,1.64524,1.64551,1.24,1.13
2013.06.10 17:53:20.995,1.64524,1.64551,1.05,1.32
2013.06.10 17:53:21.172,1.64517,1.64553,1.50,1.69
2013.06.10 17:53:21.776,1.64516,1.64551,2.25,2.07
2013.06.10 17:53:21.943,1.64517,1.64553,1.50,1.69
2013.06.10 17:53:22.244,1.64529,1.64552,1.50,1.32
2013.06.10 17:53:22.305,1.64526,1.64557,1.50,2.44
2013.06.10 17:53:22.366,1.64526,1.64557,1.50,2.44
2013.06.10 17:53:22.445,1.64529,1.64557,1.13,2.44
2013.06.10 17:53:22.504,1.64533,1.64557,1.13,1.69
2013.06.10 17:53:22.622,1.64526,1.64557,1.69,2.44
2013.06.10 17:53:22.922,1.64523,1.64553,1.32,1.13
2013.06.10 17:53:23.042,1.64521,1.64547,1.50,1.32
2013.06.10 17:53:23.162,1.64518,1.64547,2.44,1.69
2013.06.10 17:53:23.483,1.64514,1.64547,2.82,2.44
2013.06.10 17:53:23.544,1.64517,1.64547,1.50,1.69
2013.06.10 17:53:23.725,1.64521,1.64547,1.50,1.32
2013.06.10 17:53:23.787,1.64521,1.6455,1.50,1.65
2013.06.10 17:53:24.206,1.64522,1.64552,2.25,1.32
2013.06.10 17:53:24.515,1.64519,1.64553,2.63,1.69
2013.06.10 17:53:26.033,1.64524,1.64556,1.69,1.32
2013.06.10 17:53:26.712,1.64532,1.64556,1.50,1.32
2013.06.10 17:53:27.204,1.64522,1.64556,4.50,1.32
2013.06.10 17:53:28.123,1.64522,1.64553,2.25,1.69
2013.06.10 17:53:28.683,1.64519,1.64553,1.88,1.32
2013.06.10 17:53:29.244,1.64519,1.64553,1.88,1.32
2013.06.10 17:53:30.093,1.64519,1.64552,1.88,1.32
2013.06.10 17:53:30.723,1.64519,1.64552,1.88,2.07
2013.06.10 17:53:32.162,1.64519,1.64548,1.88,1.32
2013.06.10 17:53:32.812,1.6452,1.64548,2.25,1.32
2013.06.10 17:53:32.932,1.64524,1.64554,2.25,2.44
2013.06.10 17:53:33.433,1.64522,1.64553,1.50,1.69
2013.06.10 17:53:33.552,1.64522,1.64553,1.50,1.32
2013.06.10 17:53:34.672,1.64522,1.64554,1.69,1.32
2013.06.10 17:53:35.783,1.64524,1.64554,2.25,1.32
2013.06.10 17:53:36.338,1.64526,1.64557,1.50,1.32
2013.06.10 17:53:36.464,1.64529,1.64557,2.25,1.13
2013.06.10 17:53:36.593,1.64529,1.64557,2.25,1.88
2013.06.10 17:53:36.992,1.64527,1.64557,2.25,1.69
2013.06.10 17:53:37.386,1.64533,1.64557,1.50,1.69
2013.06.10 17:53:37.452,1.6453,1.64557,2.25,1.13
2013.06.10 17:53:37.573,1.64531,1.64553,2.25,1.13
2013.06.10 17:53:38.053,1.64532,1.64558,1.50,2.25
2013.06.10 17:53:38.114,1.64532,1.64557,1.50,1.13
2013.06.10 17:53:38.238,1.64524,1.64557,1.50,1.13
2013.06.10 17:53:38.645,1.64532,1.64558,1.50,1.32
2013.06.10 17:53:38.902,1.64536,1.64565,1.50,1.32
2013.06.10 17:53:39.316,1.64539,1.64565,1.50,1.32
2013.06.10 17:53:39.963,1.64536,1.64565,1.50,1.32
2013.06.10 17:53:40.143,1.64533,1.64563,2.25,1.13
2013.06.10 17:53:40.502,1.64532,1.6456,1.50,1.69
2013.06.10 17:53:40.683,1.64532,1.6456,1.50,2.44
2013.06.10 17:53:41.103,1.64528,1.6456,2.25,2.44
2013.06.10 17:53:42.352,1.64531,1.64558,1.50,1.69
2013.06.10 17:53:42.663,1.6452,1.64554,2.25,1.32
2013.06.10 17:53:44.464,1.64524,1.64554,1.50,1.88
2013.06.10 17:53:44.524,1.64524,1.64556,1.69,1.13
2013.06.10 17:53:44.584,1.64526,1.64558,1.50,1.32
2013.06.10 17:53:45.422,1.64532,1.64554,1.50,1.32
2013.06.10 17:53:45.485,1.64526,1.64554,1.50,1.32
2013.06.10 17:53:45.742,1.6453,1.64559,2.25,1.69
2013.06.10 17:53:46.512,1.64534,1.64559,1.50,1.32
2013.06.10 17:53:47.042,1.64534,1.64559,1.50,1.32
2013.06.10 17:53:47.592,1.64527,1.64559,1.50,1.32
2013.06.10 17:53:49.012,1.64529,1.64561,2.25,2.07
2013.06.10 17:53:50.202,1.64529,1.64559,2.25,1.32
2013.06.10 17:53:50.262,1.64529,1.64558,1.50,1.69
2013.06.10 17:53:50.563,1.64529,1.64561,1.50,1.32
2013.06.10 17:53:50.864,1.64533,1.64559,1.50,1.32
2013.06.10 17:53:51.482,1.64533,1.64559,1.50,1.32
2013.06.10 17:53:51.963,1.64535,1.64563,1.50,1.13
2013.06.10 17:53:52.083,1.64534,1.64563,1.50,1.13
2013.06.10 17:53:52.144,1.64534,1.64565,2.25,1.13
2013.06.10 17:53:52.483,1.64541,1.64569,1.50,1.32
2013.06.10 17:53:52.604,1.64541,1.64569,1.50,1.32
2013.06.10 17:53:52.945,1.64546,1.64578,1.50,2.44
2013.06.10 17:53:53.023,1.64547,1.64576,1.50,1.69
2013.06.10 17:53:53.421,1.64548,1.64576,1.50,2.07
2013.06.10 17:53:53.903,1.64548,1.64568,1.50,1.13
2013.06.10 17:53:54.024,1.64548,1.64574,2.25,1.13
2013.06.10 17:53:54.475,1.64548,1.64568,2.25,1.13
2013.06.10 17:53:54.683,1.64548,1.64569,2.25,1.32
2013.06.10 17:53:54.803,1.64546,1.64569,1.50,1.32
2013.06.10 17:53:54.866,1.64546,1.64568,1.50,1.13
2013.06.10 17:53:55.113,1.64541,1.64569,1.50,1.32
2013.06.10 17:53:55.174,1.64541,1.64569,1.50,1.32
2013.06.10 17:53:55.349,1.64541,1.64572,1.50,2.44
2013.06.10 17:53:55.423,1.64541,1.6457,1.50,1.69
2013.06.10 17:53:55.543,1.64541,1.64563,1.50,1.13
2013.06.10 17:53:56.082,1.6454,1.64563,1.50,1.32
2013.06.10 17:53:56.594,1.6454,1.64563,1.50,1.32
2013.06.10 17:53:58.701,1.6454,1.64568,1.50,1.69
2013.06.10 17:53:58.821,1.64541,1.64568,3.00,1.69
2013.06.10 17:53:59.002,1.64544,1.64568,1.50,1.69
2013.06.10 17:53:59.062,1.64544,1.64568,3.00,1.69
2013.06.10 17:53:59.181,1.64545,1.64567,1.50,1.32
2013.06.10 17:53:59.361,1.64545,1.64568,1.50,1.32
2013.06.10 17:53:59.581,1.64545,1.64573,1.50,1.32
2013.06.10 17:54:00.114,1.64545,1.64573,1.50,1.32
2013.06.10 17:54:00.753,1.64548,1.64574,1.50,2.44
2013.06.10 17:54:00.814,1.64544,1.64568,1.50,1.13
2013.06.10 17:54:00.932,1.64542,1.64569,1.50,1.69
2013.06.10 17:54:00.992,1.64542,1.64568,1.50,1.88
2013.06.10 17:54:01.352,1.6454,1.64568,1.50,2.07
2013.06.10 17:54:01.863,1.6454,1.64568,1.50,1.13
2013.06.10 17:54:02.852,1.64541,1.64574,1.50,2.44
2013.06.10 17:54:05.063,1.64541,1.6457,1.50,1.32
2013.06.10 17:54:07.101,1.6454,1.64567,1.50,1.32
2013.06.10 17:54:08.283,1.64541,1.64567,1.50,1.32
2013.06.10 17:54:08.643,1.64541,1.64567,1.50,2.07
2013.06.10 17:54:08.841,1.64542,1.64567,1.50,1.69
2013.06.10 17:54:08.902,1.64542,1.64569,1.50,1.69
2013.06.10 17:54:08.961,1.64543,1.64571,1.50,2.22
2013.06.10 17:54:09.227,1.64556,1.64571,2.25,2.22
2013.06.10 17:54:09.303,1.64555,1.64578,2.25,1.65
2013.06.10 17:54:09.424,1.64557,1.64578,2.44,1.28
2013.06.10 17:54:09.484,1.64558,1.64581,2.44,1.65
2013.06.10 17:54:09.662,1.64559,1.64587,1.69,1.13
2013.06.10 17:54:09.722,1.64557,1.64587,1.69,1.13
2013.06.10 17:54:09.842,1.64558,1.64592,1.69,1.13
2013.06.10 17:54:10.202,1.64558,1.64584,1.50,1.13
2013.06.10 17:54:10.562,1.64558,1.64587,1.73,1.32
2013.06.10 17:54:10.622,1.64558,1.64587,1.73,1.32
2013.06.10 17:54:10.682,1.64558,1.64584,3.23,1.13
2013.06.10 17:54:10.982,1.64557,1.6459,2.48,1.32
2013.06.10 17:54:11.102,1.64559,1.64588,1.50,1.32
2013.06.10 17:54:11.449,1.64563,1.64588,1.50,1.32
2013.06.10 17:54:11.513,1.64562,1.64588,1.50,1.32
2013.06.10 17:54:11.802,1.64558,1.64583,2.25,1.13
2013.06.10 17:54:12.477,1.64555,1.64584,1.50,1.32
2013.06.10 17:54:13.082,1.64555,1.64584,1.50,1.32
2013.06.10 17:54:13.632,1.64555,1.64584,1.50,1.32
2013.06.10 17:54:15.102,1.64555,1.64584,1.50,1.32
2013.06.10 17:54:15.222,1.64555,1.64573,1.50,1.13
2013.06.10 17:54:15.342,1.64548,1.64573,1.50,1.13
2013.06.10 17:54:15.581,1.64547,1.64573,1.50,1.13
2013.06.10 17:54:19.452,1.64545,1.64573,2.44,1.13
2013.06.10 17:54:20.121,1.64545,1.64573,1.50,1.13
2013.06.10 17:54:20.671,1.64543,1.64573,2.44,1.13
2013.06.10 17:54:21.233,1.64549,1.64573,1.50,1.13
2013.06.10 17:54:21.975,1.64546,1.64573,2.25,1.13
2013.06.10 17:54:22.565,1.64547,1.64573,2.25,1.13
2013.06.10 17:54:23.253,1.64545,1.64573,1.50,1.13
2013.06.10 17:54:23.772,1.64547,1.64573,2.25,1.13
2013.06.10 17:54:24.701,1.64548,1.64573,2.25,1.32
2013.06.10 17:54:26.601,1.64544,1.64573,2.25,1.32
2013.06.10 17:54:27.321,1.64544,1.64573,1.50,1.32
2013.06.10 17:54:27.871,1.64544,1.64573,1.50,1.32
2013.06.10 17:54:28.253,1.64549,1.64579,1.50,1.69
2013.06.10 17:54:28.312,1.64545,1.64579,1.50,1.69
2013.06.10 17:54:28.372,1.64543,1.64579,2.25,1.69
2013.06.10 17:54:28.912,1.64543,1.64574,1.50,1.32
2013.06.10 17:54:32.551,1.64541,1.64574,3.00,1.32
2013.06.10 17:54:35.864,1.64541,1.64574,1.50,1.32
2013.06.10 17:54:38.511,1.64543,1.64574,2.25,1.32
2013.06.10 17:54:40.541,1.64543,1.64575,1.50,1.32
2013.06.10 17:54:42.585,1.64545,1.64575,1.50,1.32
2013.06.10 17:54:43.939,1.64545,1.64575,1.50,1.32
2013.06.10 17:54:44.481,1.64545,1.64576,3.00,1.32
2013.06.10 17:54:44.911,1.64546,1.64578,1.50,2.07
2013.06.10 17:54:45.091,1.64546,1.64578,3.00,2.07
2013.06.10 17:54:45.272,1.64546,1.64578,1.50,2.07
2013.06.10 17:54:45.572,1.64547,1.64578,1.50,1.32
2013.06.10 17:54:45.751,1.64546,1.64577,1.50,1.32
2013.06.10 17:54:46.083,1.64546,1.64578,1.50,2.07
2013.06.10 17:54:46.142,1.64546,1.64578,1.50,2.07
2013.06.10 17:54:46.262,1.64546,1.64576,1.50,1.69
2013.06.10 17:54:48.163,1.64543,1.64568,2.25,2.03
2013.06.10 17:54:48.343,1.64538,1.64568,2.25,2.78
2013.06.10 17:54:48.582,1.64537,1.64568,1.50,1.32
2013.06.10 17:54:48.761,1.64537,1.64568,1.50,1.69
2013.06.10 17:54:48.882,1.64537,1.64568,1.50,2.07
2013.06.10 17:54:49.431,1.64537,1.64568,1.50,2.07
2013.06.10 17:54:49.873,1.64537,1.64568,1.50,2.07
2013.06.10 17:54:50.052,1.64531,1.64566,2.25,1.69
2013.06.10 17:54:50.351,1.64531,1.64564,1.50,1.32
2013.06.10 17:54:50.661,1.64531,1.64566,3.00,1.32
2013.06.10 17:54:50.784,1.64537,1.64568,1.50,1.32
2013.06.10 17:54:52.442,1.64537,1.64568,1.50,1.69
2013.06.10 17:54:54.184,1.64541,1.64566,2.25,1.88
2013.06.10 17:54:54.823,1.64542,1.64566,1.50,1.26
2013.06.10 17:54:55.182,1.64542,1.64565,1.50,1.13
2013.06.10 17:54:55.811,1.64539,1.64565,2.44,1.13
2013.06.10 17:54:56.922,1.64536,1.64561,2.25,1.19
2013.06.10 17:54:57.041,1.64536,1.64561,2.25,1.19
2013.06.10 17:55:08.193,1.64528,1.64555,1.50,1.32
2013.06.10 17:55:08.273,1.64525,1.64554,1.50,2.44
2013.06.10 17:55:08.812,1.64528,1.64554,1.50,1.32
2013.06.10 17:55:08.991,1.64528,1.64554,1.50,1.32
2013.06.10 17:55:09.913,1.64522,1.64553,1.73,1.69
2013.06.10 17:55:12.262,1.64522,1.64547,1.50,2.82
2013.06.10 17:55:14.411,1.64522,1.64547,1.50,1.69
2013.06.10 17:55:17.342,1.64523,1.64552,1.80,2.07
2013.06.10 17:55:17.463,1.64526,1.64553,1.88,1.13
2013.06.10 17:55:17.522,1.64526,1.64554,1.88,1.69
2013.06.10 17:55:17.763,1.64527,1.64558,1.50,1.50
2013.06.10 17:55:18.861,1.64526,1.64559,1.88,1.69
2013.06.10 17:55:19.372,1.64526,1.64559,2.63,1.69
2013.06.10 17:55:19.492,1.64526,1.64559,1.50,1.69
2013.06.10 17:55:19.552,1.64525,1.64557,1.69,2.07
2013.06.10 17:55:19.911,1.64522,1.64553,1.69,1.13
2013.06.10 17:55:20.485,1.64522,1.64553,1.50,1.32
2013.06.10 17:55:21.032,1.64526,1.64554,1.50,1.32
2013.06.10 17:55:21.091,1.64526,1.64555,1.50,1.69
2013.06.10 17:55:21.481,1.64527,1.64557,1.50,1.32
2013.06.10 17:55:22.970,1.64527,1.6456,1.50,1.32
2013.06.10 17:55:23.872,1.64523,1.64552,1.80,1.69
2013.06.10 17:55:24.232,1.64513,1.64536,1.50,1.69
2013.06.10 17:55:24.411,1.64508,1.64536,2.44,1.69
2013.06.10 17:55:24.936,1.64508,1.64536,1.69,1.69
2013.06.10 17:55:25.122,1.64508,1.64536,1.69,2.44
2013.06.10 17:55:26.512,1.64508,1.64537,2.44,1.32
2013.06.10 17:55:26.632,1.64508,1.64538,2.44,1.32
2013.06.10 17:55:27.171,1.64509,1.64538,1.69,1.69
2013.06.10 17:55:27.292,1.64508,1.64537,1.50,1.32
2013.06.10 17:55:28.214,1.64508,1.64537,2.25,1.32
2013.06.10 17:55:29.422,1.64508,1.64538,2.44,1.32
2013.06.10 17:55:29.642,1.64508,1.64538,2.44,1.69
2013.06.10 17:55:30.001,1.64502,1.64534,1.69,1.13
2013.06.10 17:55:30.182,1.645,1.64528,1.50,1.32
2013.06.10 17:55:30.361,1.645,1.64527,1.50,1.32
2013.06.10 17:55:30.543,1.64506,1.64538,1.50,2.44
2013.06.10 17:55:31.074,1.64506,1.64538,1.50,2.44
2013.06.10 17:55:32.391,1.64506,1.64538,1.50,2.44
2013.06.10 17:55:35.162,1.64504,1.64528,2.25,1.50
2013.06.10 17:55:35.642,1.64506,1.64535,1.50,2.44
2013.06.10 17:55:35.702,1.64508,1.64537,1.50,1.69
2013.06.10 17:55:36.911,1.6451,1.64541,2.44,1.69
2013.06.10 17:55:37.032,1.64509,1.64541,1.69,2.07
2013.06.10 17:55:37.271,1.64507,1.64536,1.50,1.32
2013.06.10 17:55:37.392,1.64507,1.64537,1.50,2.07
2013.06.10 17:55:40.162,1.64507,1.64533,1.50,1.32
2013.06.10 17:55:40.282,1.645,1.64528,1.69,1.32
2013.06.10 17:55:40.342,1.64499,1.64528,2.25,1.32
2013.06.10 17:55:42.345,1.645,1.64532,1.50,1.69
2013.06.10 17:55:42.403,1.64499,1.64533,3.75,2.44
2013.06.10 17:55:42.462,1.64499,1.64533,3.94,2.25
2013.06.10 17:55:42.522,1.645,1.64538,1.69,1.88
2013.06.10 17:55:42.712,1.645,1.64537,3.94,1.32
2013.06.10 17:55:42.951,1.64501,1.64536,1.32,2.07
2013.06.10 17:55:43.252,1.64501,1.64533,2.82,1.13
2013.06.10 17:55:44.073,1.64501,1.64533,2.82,2.25
2013.06.10 17:55:44.192,1.64501,1.64532,2.25,1.69
2013.06.10 17:55:45.982,1.64501,1.64525,3.00,1.32
2013.06.10 17:55:46.342,1.645,1.64523,2.25,1.32
2013.06.10 17:55:46.744,1.64502,1.64526,1.50,1.32
2013.06.10 17:55:47.273,1.64501,1.64526,1.50,1.32
2013.06.10 17:55:47.792,1.645,1.64526,1.50,1.32
2013.06.10 17:55:48.341,1.64499,1.64526,2.25,1.32
2013.06.10 17:55:50.874,1.64493,1.64525,3.19,1.32
2013.06.10 17:55:51.352,1.645,1.64528,1.50,1.88
2013.06.10 17:55:51.412,1.64501,1.64528,2.25,1.32
2013.06.10 17:55:51.473,1.64502,1.6453,1.65,1.32
2013.06.10 17:55:51.531,1.64502,1.64533,2.40,1.32
2013.06.10 17:55:52.536,1.64507,1.64535,1.50,1.28
2013.06.10 17:55:52.841,1.64507,1.64527,1.50,1.32
2013.06.10 17:55:53.683,1.64507,1.64531,1.50,1.32
2013.06.10 17:55:53.742,1.64502,1.64526,1.13,1.13
2013.06.10 17:55:53.922,1.64502,1.64533,1.50,1.32
2013.06.10 17:55:55.324,1.64504,1.64534,1.50,1.69
2013.06.10 17:55:55.392,1.64501,1.64534,1.50,1.65
2013.06.10 17:55:55.513,1.64502,1.6453,1.50,1.32
2013.06.10 17:55:56.400,1.64499,1.64529,2.25,2.07
2013.06.10 17:55:56.477,1.645,1.64528,1.50,1.32
2013.06.10 17:55:56.604,1.645,1.64528,3.00,1.13
2013.06.10 17:55:56.964,1.64499,1.64531,3.00,1.69
2013.06.10 17:55:57.853,1.64504,1.64533,1.50,1.69
2013.06.10 17:55:57.912,1.64504,1.64533,1.50,1.32
2013.06.10 17:55:57.973,1.64501,1.64534,2.25,1.32
2013.06.10 17:55:58.591,1.64504,1.64534,1.50,1.32
2013.06.10 17:55:58.772,1.64504,1.64534,1.50,1.69
2013.06.10 17:55:58.832,1.64503,1.64534,1.50,1.69
2013.06.10 17:55:59.402,1.645,1.64534,2.25,1.69
2013.06.10 17:55:59.952,1.64501,1.64533,1.50,1.69
2013.06.10 17:56:01.492,1.64504,1.64533,1.50,2.07
2013.06.10 17:56:01.673,1.64502,1.64533,2.25,1.32
2013.06.10 17:56:01.793,1.64507,1.64535,2.25,1.32
2013.06.10 17:56:01.915,1.64507,1.64537,1.50,1.32
2013.06.10 17:56:01.984,1.64512,1.64537,1.50,1.32
2013.06.10 17:56:02.105,1.64507,1.64538,2.25,1.50
2013.06.10 17:56:02.174,1.64507,1.64537,2.25,1.69
2013.06.10 17:56:02.749,1.64503,1.64534,2.25,1.32
2013.06.10 17:56:02.823,1.64507,1.64536,2.25,1.32
2013.06.10 17:56:03.382,1.64505,1.64538,3.00,1.84
2013.06.10 17:56:03.467,1.64509,1.64538,1.50,1.32
2013.06.10 17:56:03.534,1.64509,1.64538,2.25,1.32
2013.06.10 17:56:04.155,1.64506,1.64517,1.50,1.32
2013.06.10 17:56:04.475,1.64506,1.64518,2.25,1.50
2013.06.10 17:56:04.545,1.64499,1.64517,1.50,1.69
2013.06.10 17:56:04.730,1.64492,1.64523,1.50,2.59
2013.06.10 17:56:04.799,1.64493,1.64525,3.00,1.09
2013.06.10 17:56:04.862,1.64496,1.64528,1.69,1.32
2013.06.10 17:56:05.364,1.64498,1.64529,1.69,1.32
2013.06.10 17:56:05.623,1.64496,1.64528,1.50,1.32
2013.06.10 17:56:06.461,1.64499,1.64529,1.50,2.07
2013.06.10 17:56:06.812,1.64496,1.64525,1.50,1.69
2013.06.10 17:56:07.714,1.64494,1.64528,2.25,2.44
2013.06.10 17:56:08.012,1.64493,1.64526,1.50,1.69
2013.06.10 17:56:08.313,1.64493,1.6452,1.50,1.32
2013.06.10 17:56:08.672,1.64499,1.6452,1.50,1.32
2013.06.10 17:56:08.732,1.64497,1.6452,1.50,1.32
2013.06.10 17:56:08.913,1.64497,1.64528,1.50,3.57
2013.06.10 17:56:09.035,1.64497,1.64529,1.50,2.07
2013.06.10 17:56:09.472,1.64499,1.64529,1.50,1.69
2013.06.10 17:56:09.891,1.64502,1.64528,1.50,1.13
2013.06.10 17:56:10.162,1.64501,1.64531,1.50,1.88
2013.06.10 17:56:10.221,1.645,1.64531,1.50,1.88
2013.06.10 17:56:10.834,1.645,1.64531,1.50,1.88
2013.06.10 17:56:11.372,1.64505,1.64532,1.50,1.32
2013.06.10 17:56:11.441,1.64506,1.64535,1.50,2.07
2013.06.10 17:56:11.507,1.64506,1.64538,1.50,1.32
2013.06.10 17:56:11.632,1.64509,1.64539,1.50,2.44
2013.06.10 17:56:11.991,1.64514,1.6454,1.50,1.69
2013.06.10 17:56:12.111,1.64511,1.64541,1.50,1.32
2013.06.10 17:56:12.172,1.64514,1.64543,1.69,1.32
2013.06.10 17:56:12.352,1.64515,1.64547,1.69,1.32
2013.06.10 17:56:12.644,1.64518,1.64548,1.50,1.13
2013.06.10 17:56:12.762,1.64518,1.64551,1.50,1.32
2013.06.10 17:56:12.882,1.64518,1.64551,1.50,1.32
2013.06.10 17:56:13.182,1.64518,1.64553,1.50,1.32
2013.06.10 17:56:13.302,1.64518,1.64551,1.50,1.32
2013.06.10 17:56:13.423,1.64518,1.6455,1.50,1.32
2013.06.10 17:56:13.721,1.64517,1.64548,1.50,1.50
2013.06.10 17:56:13.883,1.64517,1.64547,1.50,1.50
2013.06.10 17:56:14.476,1.64517,1.64547,1.50,1.69
2013.06.10 17:56:15.153,1.64511,1.64547,3.75,1.69
2013.06.10 17:56:15.212,1.64514,1.64545,1.50,1.32
2013.06.10 17:56:15.572,1.64518,1.64548,1.50,1.69
2013.06.10 17:56:16.232,1.64514,1.64548,1.50,1.32
2013.06.10 17:56:16.893,1.64517,1.64547,1.50,1.32
2013.06.10 17:56:16.953,1.64518,1.6455,2.25,1.69
2013.06.10 17:56:17.192,1.64517,1.64552,1.50,1.69
2013.06.10 17:56:17.253,1.64517,1.64546,1.50,1.13
2013.06.10 17:56:17.612,1.64519,1.64553,1.69,1.88
2013.06.10 17:56:18.333,1.64521,1.64554,1.69,1.13
2013.06.10 17:56:18.892,1.64521,1.64554,1.69,1.32
2013.06.10 17:56:19.752,1.64521,1.64554,1.69,1.32
2013.06.10 17:56:20.411,1.64522,1.64557,1.69,1.69
2013.06.10 17:56:20.472,1.64526,1.64558,2.25,1.69
2013.06.10 17:56:20.953,1.64527,1.64561,1.50,1.69
2013.06.10 17:56:21.613,1.64525,1.64555,2.25,1.69
2013.06.10 17:56:21.673,1.64523,1.64555,3.00,1.69
2013.06.10 17:56:21.975,1.64528,1.64558,2.44,1.50
2013.06.10 17:56:22.333,1.64532,1.64569,1.69,1.69
2013.06.10 17:56:22.392,1.64532,1.64569,1.69,1.69
2013.06.10 17:56:22.634,1.64539,1.64569,1.50,2.44
2013.06.10 17:56:23.157,1.64536,1.64572,1.50,1.69
2013.06.10 17:56:23.692,1.64536,1.64572,1.50,1.69
2013.06.10 17:56:23.813,1.64539,1.64572,1.50,2.44
2013.06.10 17:56:23.872,1.64536,1.64572,1.50,2.44
2013.06.10 17:56:23.992,1.64538,1.64569,1.50,2.07
2013.06.10 17:56:24.515,1.64538,1.64569,2.25,1.32
2013.06.10 17:56:25.291,1.64538,1.64569,2.25,1.32
2013.06.10 17:56:26.312,1.6454,1.64569,1.50,1.32
2013.06.10 17:56:26.993,1.64536,1.64572,1.69,2.44
2013.06.10 17:56:27.052,1.64536,1.64572,1.69,2.44
2013.06.10 17:56:27.254,1.64536,1.64572,1.69,1.69
2013.06.10 17:56:27.374,1.64536,1.64573,1.69,3.19
2013.06.10 17:56:27.911,1.64537,1.64573,3.00,2.44
2013.06.10 17:56:28.273,1.64537,1.6457,1.50,1.69
2013.06.10 17:56:28.512,1.64531,1.64569,3.57,2.25
2013.06.10 17:56:28.813,1.64528,1.64565,2.25,1.32
2013.06.10 17:56:29.173,1.64533,1.64566,2.25,2.44
2013.06.10 17:56:29.474,1.64532,1.64567,1.50,1.69
2013.06.10 17:56:29.594,1.64531,1.64565,2.25,1.69
2013.06.10 17:56:29.712,1.64527,1.64563,1.50,3.19
2013.06.10 17:56:29.831,1.64521,1.64559,2.25,2.44
2013.06.10 17:56:30.012,1.64521,1.64555,3.00,1.69
2013.06.10 17:56:30.194,1.64524,1.64555,3.00,1.69
2013.06.10 17:56:30.502,1.64524,1.6454,1.50,1.32
2013.06.10 17:56:30.682,1.6452,1.64544,3.00,1.50
2013.06.10 17:56:30.742,1.64521,1.64549,2.25,1.32
2013.06.10 17:56:30.803,1.64521,1.64553,2.25,1.69
2013.06.10 17:56:31.041,1.64523,1.64558,1.50,2.44
2013.06.10 17:56:31.223,1.6452,1.64558,2.25,3.19
2013.06.10 17:56:31.644,1.64525,1.64556,1.50,1.69
2013.06.10 17:56:31.708,1.64527,1.64557,1.50,1.69
2013.06.10 17:56:31.774,1.64527,1.64557,1.50,1.69
2013.06.10 17:56:32.203,1.64526,1.64556,1.50,1.69
2013.06.10 17:56:32.678,1.64524,1.64559,2.25,2.07
2013.06.10 17:56:32.862,1.64524,1.64557,1.50,2.44
2013.06.10 17:56:33.465,1.64523,1.64557,1.50,1.69
2013.06.10 17:56:33.526,1.64527,1.64558,1.50,2.07
2013.06.10 17:56:33.774,1.64524,1.64559,1.50,2.07
2013.06.10 17:56:33.894,1.64527,1.64558,1.50,2.07
2013.06.10 17:56:34.196,1.64519,1.64549,1.73,1.69
2013.06.10 17:56:34.252,1.64519,1.64548,1.50,1.69
2013.06.10 17:56:34.553,1.64517,1.64548,1.50,2.44
2013.06.10 17:56:34.912,1.64519,1.64548,1.50,2.07
2013.06.10 17:56:34.972,1.6452,1.64553,1.88,1.69
2013.06.10 17:56:35.332,1.64521,1.64554,2.25,1.69
2013.06.10 17:56:36.412,1.64525,1.64558,1.50,1.28
2013.06.10 17:56:37.472,1.64525,1.64557,1.50,1.69
2013.06.10 17:56:39.854,1.64523,1.64559,1.50,1.69
2013.06.10 17:56:41.682,1.64522,1.64552,1.50,1.32
2013.06.10 17:56:42.042,1.64519,1.64551,1.50,2.07
2013.06.10 17:56:44.183,1.64519,1.64552,1.50,1.32
2013.06.10 17:56:44.486,1.64519,1.64552,1.50,1.32
2013.06.10 17:56:44.614,1.64519,1.64553,1.69,1.32
2013.06.10 17:56:44.674,1.64522,1.64551,1.69,1.50
2013.06.10 17:56:44.795,1.64522,1.64557,1.50,1.69
2013.06.10 17:56:44.863,1.64527,1.64557,1.50,2.44
2013.06.10 17:56:44.922,1.64523,1.64557,2.25,1.69
2013.06.10 17:56:44.984,1.64529,1.6456,2.25,1.69
2013.06.10 17:56:45.104,1.64525,1.6456,2.25,1.69
2013.06.10 17:56:45.163,1.64525,1.64563,1.50,3.19
2013.06.10 17:56:45.223,1.64527,1.64561,1.50,1.69
2013.06.10 17:56:45.463,1.64529,1.64564,2.44,1.32
2013.06.10 17:56:45.762,1.64532,1.64567,1.69,2.44
2013.06.10 17:56:45.882,1.64528,1.64567,1.69,3.53
2013.06.10 17:56:46.063,1.64531,1.64563,1.69,1.13
2013.06.10 17:56:46.123,1.64532,1.64563,1.69,1.88
2013.06.10 17:56:46.302,1.64533,1.64569,1.69,2.82
2013.06.10 17:56:46.602,1.64533,1.64568,1.50,1.69
2013.06.10 17:56:46.902,1.64527,1.64564,2.25,1.69
2013.06.10 17:56:47.022,1.64527,1.64558,2.25,2.07
2013.06.10 17:56:47.143,1.64522,1.64558,2.25,2.07
2013.06.10 17:56:47.563,1.64519,1.64557,1.88,2.82
2013.06.10 17:56:47.922,1.64519,1.64555,1.69,1.69
2013.06.10 17:56:48.161,1.64519,1.64555,2.07,1.69
2013.06.10 17:56:48.505,1.64519,1.64556,2.63,1.69
2013.06.10 17:56:48.898,1.64519,1.64554,1.88,3.70
2013.06.10 17:56:49.203,1.64518,1.64549,1.50,2.07
2013.06.10 17:56:49.262,1.6452,1.64549,1.50,1.32
2013.06.10 17:56:49.872,1.64518,1.64554,1.50,1.69
2013.06.10 17:56:50.102,1.64518,1.64554,1.50,1.69
2013.06.10 17:56:50.304,1.64521,1.64555,1.13,1.32
2013.06.10 17:56:50.423,1.64524,1.64556,1.88,1.13
2013.06.10 17:56:50.602,1.64531,1.64564,1.50,1.69
2013.06.10 17:56:51.083,1.64534,1.64567,1.50,1.32
2013.06.10 17:56:51.683,1.64534,1.64563,1.50,2.44
2013.06.10 17:56:51.802,1.64525,1.64563,1.50,3.19
2013.06.10 17:56:52.342,1.64526,1.64563,3.00,1.69
2013.06.10 17:56:52.616,1.6453,1.64563,1.50,1.69
2013.06.10 17:56:56.661,1.64531,1.64566,1.50,1.32
2013.06.10 17:56:58.772,1.64531,1.64567,1.50,2.07
2013.06.10 17:56:58.832,1.64531,1.64567,1.88,2.07
2013.06.10 17:56:59.872,1.64531,1.64562,2.63,1.13
2013.06.10 17:57:00.432,1.64532,1.64567,1.50,2.44
2013.06.10 17:57:01.038,1.64532,1.64567,1.50,1.69
2013.06.10 17:57:01.173,1.6453,1.64567,2.25,2.44
2013.06.10 17:57:01.483,1.64531,1.64567,1.50,2.44
2013.06.10 17:57:02.009,1.64534,1.64567,1.50,1.69
2013.06.10 17:57:02.403,1.64534,1.64567,1.50,1.69
2013.06.10 17:57:03.592,1.64531,1.64568,2.25,1.69
2013.06.10 17:57:03.652,1.64531,1.64567,1.50,2.07
2013.06.10 17:57:03.771,1.6453,1.64567,2.44,2.82
2013.06.10 17:57:04.072,1.64526,1.64564,2.44,2.44
2013.06.10 17:57:04.206,1.64529,1.64564,2.44,2.44
2013.06.10 17:57:04.811,1.64534,1.64569,1.50,1.69
2013.06.10 17:57:04.872,1.64533,1.6457,1.88,1.69
2013.06.10 17:57:05.402,1.64537,1.64572,1.69,1.28
2013.06.10 17:57:05.952,1.64542,1.64574,1.50,1.69
2013.06.10 17:57:06.012,1.64542,1.64577,1.50,2.82
2013.06.10 17:57:06.196,1.64545,1.64577,1.50,1.32
2013.06.10 17:57:06.573,1.6454,1.64574,3.00,1.69
2013.06.10 17:57:07.182,1.64537,1.64573,1.88,2.44
2013.06.10 17:57:07.423,1.64535,1.64572,2.44,1.69
2013.06.10 17:57:07.962,1.64532,1.64568,3.94,1.69
2013.06.10 17:57:08.143,1.64531,1.64567,1.69,1.69
2013.06.10 17:57:08.203,1.64526,1.64562,2.82,1.09
2013.06.10 17:57:08.262,1.64526,1.64562,2.44,1.28
2013.06.10 17:57:08.382,1.64526,1.64561,2.44,1.69
2013.06.10 17:57:08.443,1.64526,1.64561,1.69,1.69
2013.06.10 17:57:08.563,1.64526,1.64558,1.69,1.13
2013.06.10 17:57:08.804,1.64523,1.6456,2.44,1.50
2013.06.10 17:57:10.443,1.64526,1.64562,1.50,2.03
2013.06.10 17:57:10.742,1.64522,1.6456,1.50,1.69
2013.06.10 17:57:11.222,1.64517,1.64554,1.69,1.13
2013.06.10 17:57:11.463,1.64515,1.64551,1.69,2.07
2013.06.10 17:57:11.702,1.64513,1.6455,2.44,1.13
2013.06.10 17:57:12.142,1.64517,1.64553,2.44,1.32
2013.06.10 17:57:13.142,1.64517,1.64553,2.44,1.32
2013.06.10 17:57:14.341,1.64517,1.64553,3.19,1.32
2013.06.10 17:57:14.521,1.64519,1.6455,1.50,1.13
2013.06.10 17:57:14.702,1.64518,1.64554,1.50,1.69
2013.06.10 17:57:15.241,1.64515,1.64551,2.44,2.44
2013.06.10 17:57:15.422,1.64513,1.64544,1.69,1.09
2013.06.10 17:57:15.482,1.64512,1.64544,1.50,1.09
2013.06.10 17:57:15.602,1.64512,1.64544,1.50,1.47
2013.06.10 17:57:15.662,1.6451,1.64544,1.69,1.47
2013.06.10 17:57:15.782,1.6451,1.64546,1.69,1.69
2013.06.10 17:57:16.288,1.64516,1.64552,1.50,1.69
2013.06.10 17:57:18.223,1.64524,1.64554,1.65,2.07
2013.06.10 17:57:19.473,1.64527,1.64559,1.50,2.44
2013.06.10 17:57:20.202,1.64533,1.64556,1.13,1.69
2013.06.10 17:57:20.262,1.64533,1.64557,1.13,1.69
2013.06.10 17:57:20.382,1.64532,1.64557,1.13,2.44
2013.06.10 17:57:20.442,1.64525,1.64555,1.13,1.69
2013.06.10 17:57:20.503,1.64523,1.64553,2.25,2.44
2013.06.10 17:57:20.622,1.64529,1.64552,1.50,1.69
2013.06.10 17:57:20.742,1.64522,1.64554,1.13,1.69
2013.06.10 17:57:20.923,1.64522,1.64555,2.63,1.32
2013.06.10 17:57:20.981,1.64522,1.64555,3.87,1.13
2013.06.10 17:57:21.163,1.64532,1.64565,2.25,2.44
2013.06.10 17:57:21.402,1.64532,1.6457,2.44,2.44
2013.06.10 17:57:21.584,1.64532,1.64568,1.69,1.50
2013.06.10 17:57:21.703,1.64533,1.6457,2.44,2.44
2013.06.10 17:57:21.823,1.64533,1.6457,3.19,1.69
2013.06.10 17:57:22.494,1.64536,1.64573,3.19,1.69
2013.06.10 17:57:22.732,1.64536,1.64574,3.19,2.44
2013.06.10 17:57:22.918,1.64546,1.64577,1.13,1.50
2013.06.10 17:57:23.731,1.64541,1.64574,1.69,2.44
2013.06.10 17:57:24.693,1.64541,1.64577,1.50,3.57
2013.06.10 17:57:25.203,1.64542,1.64578,1.50,2.44
2013.06.10 17:57:25.562,1.64566,1.64593,1.13,1.13
2013.06.10 17:57:25.742,1.64556,1.64587,1.50,2.44
2013.06.10 17:57:25.922,1.64553,1.64587,1.50,2.44
2013.06.10 17:57:26.162,1.64551,1.64583,1.13,2.25
2013.06.10 17:57:26.222,1.64547,1.64583,1.32,2.25
2013.06.10 17:57:26.702,1.64551,1.64587,1.88,2.07
2013.06.10 17:57:27.530,1.64552,1.6458,1.13,1.50
2013.06.10 17:57:27.653,1.64551,1.64588,2.25,1.69
2013.06.10 17:57:28.144,1.64551,1.64585,1.88,1.69
2013.06.10 17:57:29.233,1.64552,1.64588,1.13,1.69
2013.06.10 17:57:29.433,1.64552,1.64587,1.13,1.32
2013.06.10 17:57:29.494,1.64552,1.64587,1.13,2.07
2013.06.10 17:57:30.513,1.64552,1.64588,2.25,2.44
2013.06.10 17:57:30.753,1.64548,1.64584,2.07,1.69
2013.06.10 17:57:31.312,1.64548,1.64579,1.69,1.50
2013.06.10 17:57:31.673,1.64547,1.64578,1.69,2.63
2013.06.10 17:57:31.792,1.64547,1.64578,1.69,1.13
2013.06.10 17:57:31.853,1.64542,1.64579,1.13,2.82
2013.06.10 17:57:32.822,1.64546,1.64577,1.50,1.69
2013.06.10 17:57:33.923,1.64547,1.64582,1.50,1.69
2013.06.10 17:57:34.102,1.64548,1.64582,1.50,1.69
2013.06.10 17:57:34.163,1.64547,1.64582,1.50,1.69
2013.06.10 17:57:35.913,1.64547,1.64578,1.13,2.44
2013.06.10 17:57:36.272,1.64542,1.64574,1.50,1.32
2013.06.10 17:57:36.571,1.6454,1.64574,1.69,1.32
2013.06.10 17:57:37.293,1.64538,1.64568,1.88,1.32
2013.06.10 17:57:37.414,1.64541,1.64575,1.50,1.32
2013.06.10 17:57:37.472,1.64552,1.64577,1.13,1.69
2013.06.10 17:57:37.594,1.64552,1.64584,1.13,3.19
2013.06.10 17:57:38.572,1.64545,1.6458,1.88,1.50
2013.06.10 17:57:38.932,1.64544,1.64576,1.69,1.50
2013.06.10 17:57:39.892,1.64544,1.64576,1.69,1.50
2013.06.10 17:57:39.952,1.64551,1.6458,1.50,1.69
2013.06.10 17:57:40.193,1.64551,1.64584,2.07,1.69
2013.06.10 17:57:40.434,1.64551,1.6458,1.32,1.50
2013.06.10 17:57:40.826,1.64549,1.64577,1.32,1.50
2013.06.10 17:57:42.983,1.64551,1.64577,1.32,1.50
2013.06.10 17:57:43.342,1.64558,1.64582,1.50,1.50
2013.06.10 17:57:43.462,1.64553,1.64582,1.32,1.50
2013.06.10 17:57:43.824,1.64547,1.64582,2.44,1.50
2013.06.10 17:57:43.884,1.64547,1.64582,1.69,1.69
2013.06.10 17:57:43.944,1.64548,1.64583,1.69,1.69
2013.06.10 17:57:44.002,1.6455,1.64575,1.32,1.50
2013.06.10 17:57:44.542,1.6455,1.64577,1.32,1.50
2013.06.10 17:57:44.932,1.64555,1.64577,1.50,1.50
2013.06.10 17:57:45.111,1.64555,1.64583,1.50,2.25
2013.06.10 17:57:45.231,1.64556,1.64583,1.50,1.50
2013.06.10 17:57:45.712,1.64555,1.64584,1.50,1.50
2013.06.10 17:57:46.261,1.64555,1.64583,1.50,1.50
2013.06.10 17:57:46.712,1.64555,1.64584,1.50,1.69
2013.06.10 17:57:47.131,1.64555,1.64583,1.50,1.69
2013.06.10 17:57:47.312,1.64555,1.6458,1.50,1.50
2013.06.10 17:57:48.162,1.64555,1.64584,1.50,3.57
2013.06.10 17:57:48.642,1.64552,1.64583,1.50,3.19
2013.06.10 17:57:48.825,1.64549,1.64582,1.13,3.19
2013.06.10 17:57:49.012,1.64548,1.64582,1.13,3.19
2013.06.10 17:57:49.072,1.64547,1.64582,1.32,1.69
2013.06.10 17:57:49.133,1.64548,1.64581,2.25,1.69
2013.06.10 17:57:49.443,1.64551,1.64578,1.50,1.69
2013.06.10 17:57:49.791,1.64552,1.64578,1.50,1.69
2013.06.10 17:57:50.092,1.64555,1.64581,1.50,1.69
2013.06.10 17:57:50.152,1.64555,1.64582,1.50,1.69
2013.06.10 17:57:50.213,1.64556,1.64582,1.50,1.69
2013.06.10 17:57:50.818,1.64556,1.64586,1.50,1.69
2013.06.10 17:57:51.722,1.64556,1.64586,1.50,1.69
2013.06.10 17:57:51.963,1.64552,1.64586,1.50,2.44
2013.06.10 17:57:52.592,1.64553,1.64582,1.50,1.69
2013.06.10 17:57:53.194,1.64556,1.64582,1.50,3.00
2013.06.10 17:57:53.374,1.64552,1.64582,1.69,3.00
2013.06.10 17:57:53.494,1.64552,1.64582,1.69,1.50
2013.06.10 17:57:53.865,1.64556,1.64586,1.69,1.50
2013.06.10 17:57:53.923,1.64556,1.64586,1.69,1.50
2013.06.10 17:57:54.042,1.64556,1.64586,1.69,1.50
2013.06.10 17:57:54.344,1.64556,1.6459,1.69,1.69
2013.06.10 17:57:54.583,1.64557,1.6459,1.69,1.69
2013.06.10 17:57:54.702,1.64556,1.64589,1.50,1.69
2013.06.10 17:57:55.062,1.64552,1.64582,1.50,1.69
2013.06.10 17:57:55.122,1.64548,1.64579,1.88,1.50
2013.06.10 17:57:55.242,1.64546,1.64579,2.07,2.25
2013.06.10 17:57:55.482,1.64546,1.6458,2.44,3.00
2013.06.10 17:57:56.632,1.64547,1.64583,1.32,1.69
2013.06.10 17:58:00.605,1.64551,1.64583,1.88,1.50
2013.06.10 17:58:01.802,1.64552,1.64587,2.63,1.50
2013.06.10 17:58:02.314,1.64552,1.64589,2.63,2.44
2013.06.10 17:58:04.162,1.64554,1.64589,1.17,3.19
2013.06.10 17:58:04.282,1.64557,1.64588,2.07,1.50
2013.06.10 17:58:04.602,1.64557,1.64593,1.69,2.44
2013.06.10 17:58:04.667,1.64562,1.64599,1.69,1.69
2013.06.10 17:58:04.792,1.64564,1.64599,2.25,1.69
2013.06.10 17:58:05.092,1.64567,1.64602,1.69,1.69
2013.06.10 17:58:05.153,1.64571,1.64602,1.69,1.50
2013.06.10 17:58:05.572,1.64577,1.64608,1.69,1.50
2013.06.10 17:58:08.442,1.64574,1.64608,1.69,1.50
2013.06.10 17:58:08.562,1.64574,1.64608,1.69,3.00
2013.06.10 17:58:08.995,1.64574,1.64599,1.69,1.50
2013.06.10 17:58:09.113,1.64568,1.64599,1.88,1.50
2013.06.10 17:58:09.412,1.64568,1.64599,1.88,1.50
2013.06.10 17:58:09.532,1.64576,1.64604,1.50,3.00
2013.06.10 17:58:13.453,1.6458,1.64606,1.69,2.25
2013.06.10 17:58:13.694,1.6458,1.6461,2.44,1.50
2013.06.10 17:58:13.933,1.64583,1.64609,1.13,1.50
2013.06.10 17:58:13.993,1.64582,1.64606,1.88,1.50
2013.06.10 17:58:14.173,1.64575,1.64606,1.69,1.50
2013.06.10 17:58:14.233,1.64574,1.646,2.44,1.50
2013.06.10 17:58:14.413,1.64574,1.64603,2.44,1.50
2013.06.10 17:58:14.912,1.64577,1.64606,1.88,1.50
2013.06.10 17:58:15.032,1.64577,1.64606,1.88,1.50
2013.06.10 17:58:15.391,1.64574,1.64603,2.44,1.50
2013.06.10 17:58:16.032,1.64576,1.64606,1.88,1.50
2013.06.10 17:58:16.962,1.64576,1.6461,1.88,2.25
2013.06.10 17:58:17.293,1.64576,1.64608,1.88,1.50
2013.06.10 17:58:17.772,1.64574,1.64606,2.44,1.50
2013.06.10 17:58:17.858,1.64572,1.64602,1.50,1.69
2013.06.10 17:58:17.985,1.64572,1.64598,1.50,1.50
2013.06.10 17:58:18.872,1.64577,1.64597,1.50,1.50
2013.06.10 17:58:19.382,1.64577,1.64599,1.50,1.50
2013.06.10 17:58:20.077,1.64577,1.64601,1.50,3.19
2013.06.10 17:58:22.094,1.64577,1.64601,1.50,1.69
2013.06.10 17:58:22.271,1.64577,1.64604,1.50,1.50
2013.06.10 17:58:22.331,1.64577,1.64604,1.50,1.50
2013.06.10 17:58:22.692,1.64577,1.64606,1.50,1.50
2013.06.10 17:58:23.052,1.64581,1.64609,1.50,1.69
2013.06.10 17:58:24.742,1.64581,1.64609,1.50,1.50
2013.06.10 17:58:25.302,1.64585,1.64607,1.13,1.50
2013.06.10 17:58:25.484,1.64582,1.64609,1.32,1.50
2013.06.10 17:58:25.784,1.64575,1.64607,3.00,1.32
2013.06.10 17:58:25.843,1.64576,1.64613,1.50,1.32
2013.06.10 17:58:25.966,1.6458,1.64613,1.69,1.13
2013.06.10 17:58:26.094,1.64582,1.64614,1.13,1.69
2013.06.10 17:58:26.273,1.64591,1.64612,1.50,1.50
2013.06.10 17:58:26.394,1.64591,1.64616,1.50,1.50
2013.06.10 17:58:26.513,1.64587,1.64616,1.69,1.50
2013.06.10 17:58:26.943,1.64591,1.64618,1.88,1.50
2013.06.10 17:58:27.124,1.64587,1.64618,1.69,1.50
2013.06.10 17:58:27.186,1.64589,1.64619,1.69,1.50
2013.06.10 17:58:27.304,1.64587,1.64619,1.69,2.25
2013.06.10 17:58:27.425,1.64587,1.64609,1.32,1.50
2013.06.10 17:58:27.484,1.64582,1.64609,1.50,1.69
2013.06.10 17:58:27.723,1.64578,1.64612,1.13,2.44
2013.06.10 17:58:28.023,1.64581,1.6461,1.50,1.69
2013.06.10 17:58:28.264,1.64579,1.6461,1.13,1.69
2013.06.10 17:58:28.444,1.64579,1.6461,1.13,2.44
2013.06.10 17:58:28.682,1.64581,1.64612,1.50,1.69
2013.06.10 17:58:29.195,1.64581,1.64613,2.07,1.50
2013.06.10 17:58:29.513,1.64581,1.64618,1.69,2.44
2013.06.10 17:58:29.572,1.64581,1.64613,1.69,1.50
2013.06.10 17:58:29.933,1.64582,1.64616,1.69,1.50
2013.06.10 17:58:30.474,1.64587,1.64617,1.32,2.25
2013.06.10 17:58:31.541,1.64587,1.64616,1.13,1.50
2013.06.10 17:58:31.964,1.64582,1.64616,2.97,1.50
2013.06.10 17:58:32.262,1.64581,1.64611,2.63,1.50
2013.06.10 17:58:32.563,1.64577,1.64611,1.69,1.69
2013.06.10 17:58:32.994,1.64577,1.64606,1.32,2.25
2013.06.10 17:58:33.442,1.64577,1.64607,2.44,1.50
2013.06.10 17:58:33.594,1.64581,1.64612,1.32,2.25
2013.06.10 17:58:33.724,1.6458,1.64608,1.32,1.50
2013.06.10 17:58:34.273,1.6458,1.6461,1.32,1.50
2013.06.10 17:58:34.572,1.64577,1.64609,2.07,2.25
2013.06.10 17:58:34.632,1.64577,1.64606,1.32,1.50
2013.06.10 17:58:35.362,1.64577,1.64603,1.32,1.50
2013.06.10 17:58:35.792,1.64578,1.64603,1.32,1.50
2013.06.10 17:58:35.972,1.64576,1.64603,2.07,1.50
2013.06.10 17:58:36.152,1.64576,1.64603,1.88,1.50
2013.06.10 17:58:36.213,1.64576,1.64605,1.88,2.25
2013.06.10 17:58:36.572,1.64579,1.64608,1.13,1.50
2013.06.10 17:58:36.943,1.64581,1.6461,1.13,1.50
2013.06.10 17:58:37.213,1.64581,1.64612,1.13,1.50
2013.06.10 17:58:37.692,1.64582,1.64613,1.32,1.50
2013.06.10 17:58:38.232,1.64578,1.64609,1.13,1.13
2013.06.10 17:58:38.917,1.64578,1.64609,1.13,1.13
2013.06.10 17:58:45.462,1.64576,1.64609,1.13,1.13
2013.06.10 17:58:47.672,1.64581,1.6461,1.88,1.13
2013.06.10 17:58:49.173,1.64577,1.64607,2.59,1.09
2013.06.10 17:58:49.473,1.64581,1.64607,1.13,2.25
2013.06.10 17:58:49.533,1.64581,1.64607,1.13,1.50
2013.06.10 17:58:50.012,1.64581,1.64613,1.13,3.75
2013.06.10 17:58:50.553,1.64581,1.64609,1.13,1.13
2013.06.10 17:58:51.184,1.64581,1.64613,1.13,2.25
2013.06.10 17:58:51.822,1.64581,1.64613,1.13,2.25
2013.06.10 17:58:54.812,1.64582,1.64613,1.69,2.25
2013.06.10 17:58:55.332,1.64578,1.64611,1.88,1.50
2013.06.10 17:58:55.634,1.64572,1.64608,1.50,2.44
2013.06.10 17:58:55.694,1.64572,1.64604,1.50,1.69
2013.06.10 17:58:58.401,1.6457,1.64604,2.25,2.25
2013.06.10 17:58:58.794,1.64567,1.64604,1.32,3.00
2013.06.10 17:58:58.914,1.64564,1.64595,1.32,1.69
2013.06.10 17:58:59.136,1.64562,1.64592,1.13,1.50
2013.06.10 17:58:59.382,1.64556,1.64592,2.07,3.00
2013.06.10 17:59:00.584,1.6456,1.64591,1.13,1.50
2013.06.10 17:59:00.754,1.6456,1.64592,1.13,1.50
2013.06.10 17:59:01.312,1.64557,1.64592,1.69,1.69
2013.06.10 17:59:02.192,1.6456,1.64592,1.69,1.69
2013.06.10 17:59:02.252,1.64561,1.64592,1.69,1.69
2013.06.10 17:59:02.432,1.64571,1.64596,1.13,1.50
2013.06.10 17:59:02.913,1.64571,1.64599,1.13,1.50
2013.06.10 17:59:03.093,1.64562,1.646,2.63,1.69
2013.06.10 17:59:03.272,1.64562,1.64597,1.88,2.25
2013.06.10 17:59:03.452,1.6456,1.64592,1.13,1.50
2013.06.10 17:59:03.512,1.6456,1.64595,1.13,2.25
2013.06.10 17:59:03.873,1.6456,1.64597,1.69,1.50
2013.06.10 17:59:03.935,1.64563,1.646,1.69,2.44
2013.06.10 17:59:04.003,1.64563,1.64596,1.13,1.50
2013.06.10 17:59:04.182,1.64567,1.646,1.13,2.25
2013.06.10 17:59:04.725,1.64568,1.64599,1.69,2.25
2013.06.10 17:59:04.785,1.64567,1.64599,1.69,2.44
2013.06.10 17:59:05.142,1.64558,1.64592,1.28,1.50
2013.06.10 17:59:05.284,1.64561,1.64592,1.69,1.50
2013.06.10 17:59:05.983,1.64561,1.64592,1.50,1.50
2013.06.10 17:59:06.103,1.64561,1.64596,1.69,1.69
2013.06.10 17:59:06.162,1.64565,1.64596,1.13,1.50
2013.06.10 17:59:06.695,1.64565,1.64597,1.88,1.50
2013.06.10 17:59:07.412,1.64566,1.64597,2.59,1.50
2013.06.10 17:59:07.652,1.6457,1.64601,1.50,1.69
2013.06.10 17:59:08.142,1.6457,1.64601,1.50,3.19
2013.06.10 17:59:08.202,1.6457,1.64601,2.59,3.00
2013.06.10 17:59:08.703,1.64577,1.64601,1.69,1.50
2013.06.10 17:59:08.892,1.64577,1.64605,1.69,1.50
2013.06.10 17:59:08.953,1.64577,1.64603,1.69,1.50
2013.06.10 17:59:09.547,1.64575,1.64605,1.69,3.00
2013.06.10 17:59:10.262,1.64574,1.64601,1.69,1.50
2013.06.10 17:59:10.823,1.64572,1.64601,1.69,3.00
2013.06.10 17:59:13.262,1.64569,1.64601,3.53,1.50
2013.06.10 17:59:13.903,1.64569,1.64604,2.63,1.50
2013.06.10 17:59:16.593,1.6457,1.64604,1.69,1.69
2013.06.10 17:59:17.164,1.64571,1.646,1.69,1.50
2013.06.10 17:59:17.536,1.64571,1.64598,1.69,1.50
2013.06.10 17:59:17.653,1.64571,1.64598,1.69,1.50
2013.06.10 17:59:18.223,1.64566,1.64599,1.88,2.25
2013.06.10 17:59:18.364,1.64567,1.64597,1.88,1.50
2013.06.10 17:59:18.665,1.64575,1.64597,1.13,2.25
2013.06.10 17:59:19.023,1.64576,1.646,1.69,2.25
2013.06.10 17:59:19.084,1.64576,1.64602,1.69,2.25
2013.06.10 17:59:19.202,1.6458,1.64604,1.13,1.50
2013.06.10 17:59:19.443,1.64572,1.64602,1.32,1.50
2013.06.10 17:59:19.503,1.6457,1.646,1.88,1.50
2013.06.10 17:59:19.682,1.64566,1.646,2.44,1.69
2013.06.10 17:59:19.823,1.64566,1.64598,1.69,3.00
2013.06.10 17:59:20.344,1.64565,1.64595,1.13,1.50
2013.06.10 17:59:20.467,1.64565,1.64595,1.88,1.50
2013.06.10 17:59:21.652,1.64566,1.64594,1.69,2.25
2013.06.10 17:59:22.143,1.64567,1.64594,1.69,2.25
2013.06.10 17:59:23.162,1.64567,1.64595,1.69,1.50
2013.06.10 17:59:23.702,1.64565,1.64595,1.88,1.50
2013.06.10 17:59:28.518,1.64565,1.64595,1.13,1.50
2013.06.10 17:59:29.290,1.64566,1.64595,1.13,1.50
2013.06.10 17:59:29.474,1.64567,1.64595,1.13,1.50
2013.06.10 17:59:29.713,1.64567,1.646,1.13,1.50
2013.06.10 17:59:30.452,1.64568,1.64599,1.13,2.25
2013.06.10 17:59:30.813,1.64563,1.64594,1.32,1.50
2013.06.10 17:59:31.172,1.6456,1.64586,1.32,1.50
2013.06.10 17:59:32.132,1.64559,1.64591,1.32,1.50
2013.06.10 17:59:35.730,1.64559,1.64591,1.13,1.50
2013.06.10 17:59:37.316,1.64556,1.64591,2.44,1.69
2013.06.10 17:59:37.883,1.64556,1.64591,2.44,1.69
2013.06.10 17:59:38.223,1.64556,1.64584,1.69,1.50
2013.06.10 17:59:38.582,1.64552,1.6458,2.63,1.50
2013.06.10 17:59:38.942,1.64552,1.6458,1.88,1.50
2013.06.10 17:59:39.242,1.64551,1.6458,1.88,1.50
2013.06.10 17:59:39.665,1.64551,1.64584,1.50,1.69
2013.06.10 17:59:39.724,1.64552,1.64584,1.50,1.69
2013.06.10 17:59:39.963,1.6455,1.64584,2.44,3.19
2013.06.10 17:59:40.082,1.6455,1.64584,1.69,4.69
2013.06.10 17:59:40.383,1.64555,1.64584,1.13,2.25
2013.06.10 17:59:40.622,1.64555,1.64584,1.69,1.50
2013.06.10 17:59:40.682,1.64552,1.64578,1.13,1.50
2013.06.10 17:59:40.802,1.64551,1.64581,1.32,2.25
2013.06.10 17:59:41.344,1.64551,1.6458,1.32,2.25
2013.06.10 17:59:41.523,1.64551,1.64582,1.32,2.25
2013.06.10 17:59:42.061,1.64547,1.64583,1.88,1.50
2013.06.10 17:59:43.284,1.64548,1.64583,1.88,1.50
2013.06.10 17:59:43.404,1.64546,1.64584,1.69,2.44
2013.06.10 17:59:44.093,1.64546,1.64584,1.69,2.44
2013.06.10 17:59:45.854,1.64547,1.64583,1.13,1.13
2013.06.10 17:59:46.214,1.64547,1.64583,1.13,1.32
2013.06.10 17:59:46.623,1.64546,1.64584,1.88,2.44
2013.06.10 17:59:46.803,1.64545,1.64581,1.69,3.19
2013.06.10 17:59:46.864,1.64545,1.64581,1.69,3.19
2013.06.10 17:59:47.043,1.64542,1.64576,2.07,3.75
2013.06.10 17:59:47.103,1.64542,1.64576,1.32,3.75
2013.06.10 17:59:47.164,1.6454,1.64573,1.50,1.50
2013.06.10 17:59:47.344,1.6454,1.64573,1.88,1.50
2013.06.10 17:59:47.465,1.64539,1.64573,1.88,1.50
2013.06.10 17:59:47.913,1.64538,1.64573,2.63,1.50
2013.06.10 17:59:49.743,1.64541,1.64571,1.88,3.75
2013.06.10 17:59:50.270,1.64535,1.64566,2.63,1.50
2013.06.10 17:59:50.337,1.64535,1.64569,2.63,1.50
2013.06.10 17:59:54.654,1.6454,1.64569,1.88,1.50
2013.06.10 17:59:54.973,1.64541,1.64569,1.69,1.50
2013.06.10 17:59:55.893,1.64541,1.64569,1.69,1.50
2013.06.10 17:59:56.024,1.64541,1.64569,1.69,1.50
2013.06.10 17:59:56.483,1.64541,1.64574,1.69,1.50
2013.06.10 17:59:56.884,1.64541,1.64568,1.50,2.25
2013.06.10 17:59:57.182,1.64539,1.64567,1.50,1.69
2013.06.10 17:59:57.543,1.64529,1.64564,1.69,1.69
2013.06.10 17:59:58.052,1.64531,1.64568,3.00,1.69
2013.06.10 17:59:58.374,1.64531,1.64568,3.00,2.44
2013.06.10 17:59:58.583,1.64535,1.64569,1.50,1.69
2013.06.10 17:59:58.643,1.64535,1.64571,1.50,1.69
2013.06.10 17:59:58.762,1.64537,1.64573,1.69,3.00
2013.06.10 17:59:58.822,1.64538,1.64573,1.69,2.25
2013.06.10 17:59:58.882,1.64538,1.64573,1.69,2.25
2013.06.10 17:59:58.942,1.64538,1.64573,1.69,1.50
2013.06.10 17:59:59.002,1.64538,1.64577,1.69,3.19
2013.06.10 17:59:59.247,1.64539,1.64577,1.69,3.19
2013.06.10 17:59:59.432,1.64539,1.64575,1.69,1.69
2013.06.10 17:59:59.672,1.64539,1.64575,1.69,1.69
