2013.06.26 14:00:00.225,1.64586,1.64608,1.58,1.69
2013.06.26 14:00:00.346,1.64586,1.64608,2.25,1.69
2013.06.26 14:00:00.705,1.64597,1.6463,1.73,2.25
2013.06.26 14:00:00.765,1.64594,1.64624,5.87,1.50
2013.06.26 14:00:01.007,1.64603,1.64627,4.08,1.47
2013.06.26 14:00:01.077,1.64603,1.64615,4.08,2.25
2013.06.26 14:00:01.375,1.64599,1.64615,2.77,2.44
2013.06.26 14:00:01.435,1.64594,1.64611,2.77,1.32
2013.06.26 14:00:01.495,1.64581,1.64607,2.75,1.69
2013.06.26 14:00:01.555,1.64581,1.64606,2.57,1.69
2013.06.26 14:00:01.915,1.64583,1.64598,3.43,1.50
2013.06.26 14:00:02.094,1.6458,1.64598,1.50,1.69
2013.06.26 14:00:02.395,1.64573,1.64598,2.39,1.69
2013.06.26 14:00:02.756,1.64572,1.64595,1.50,2.44
2013.06.26 14:00:02.875,1.6457,1.64595,1.50,1.69
2013.06.26 14:00:02.999,1.64572,1.6459,1.50,1.32
2013.06.26 14:00:03.921,1.64572,1.64588,2.65,1.13
2013.06.26 14:00:04.047,1.64564,1.64588,2.25,1.32
2013.06.26 14:00:04.115,1.64562,1.64588,1.69,1.32
2013.06.26 14:00:04.236,1.64559,1.64588,4.09,1.32
2013.06.26 14:00:04.700,1.64559,1.64591,3.19,1.32
2013.06.26 14:00:04.784,1.64563,1.64597,1.69,1.69
2013.06.26 14:00:05.105,1.64563,1.64598,1.69,2.44
2013.06.26 14:00:05.165,1.64563,1.64599,1.69,1.69
2013.06.26 14:00:05.406,1.64563,1.64598,1.69,1.69
2013.06.26 14:00:05.707,1.64569,1.64596,1.50,1.69
2013.06.26 14:00:06.385,1.6457,1.64597,1.69,1.69
2013.06.26 14:00:06.564,1.6457,1.64595,1.50,1.32
2013.06.26 14:00:06.785,1.64568,1.64595,1.50,2.07
2013.06.26 14:00:06.905,1.64568,1.64596,2.25,1.69
2013.06.26 14:00:06.966,1.64568,1.64598,2.44,1.69
2013.06.26 14:00:07.145,1.64571,1.64601,1.69,1.69
2013.06.26 14:00:07.206,1.64575,1.64601,1.50,1.69
2013.06.26 14:00:07.446,1.64573,1.64602,1.69,1.69
2013.06.26 14:00:07.687,1.64568,1.64599,2.44,1.69
2013.06.26 14:00:07.756,1.64568,1.64601,2.44,1.69
2013.06.26 14:00:07.875,1.6457,1.64605,2.44,1.69
2013.06.26 14:00:08.174,1.64573,1.64604,1.69,1.69
2013.06.26 14:00:08.416,1.6457,1.64603,2.44,1.69
2013.06.26 14:00:09.554,1.64568,1.64603,1.32,1.69
2013.06.26 14:00:09.795,1.64565,1.64603,1.69,3.19
2013.06.26 14:00:10.217,1.64567,1.64599,1.69,2.44
2013.06.26 14:00:10.578,1.64571,1.64597,1.13,1.32
2013.06.26 14:00:10.874,1.64568,1.64604,1.69,1.69
2013.06.26 14:00:11.175,1.64573,1.64608,1.69,1.32
2013.06.26 14:00:11.295,1.64575,1.64608,1.69,1.69
2013.06.26 14:00:11.654,1.64584,1.64616,2.82,1.69
2013.06.26 14:00:12.166,1.64586,1.64618,1.69,2.44
2013.06.26 14:00:12.226,1.64586,1.64613,1.69,2.44
2013.06.26 14:00:12.285,1.64582,1.64613,3.19,2.44
2013.06.26 14:00:12.587,1.64581,1.64615,1.69,3.19
2013.06.26 14:00:12.777,1.64581,1.64606,1.69,1.65
2013.06.26 14:00:12.956,1.64586,1.64609,2.25,1.32
2013.06.26 14:00:13.315,1.64593,1.64618,3.00,1.69
2013.06.26 14:00:13.435,1.64593,1.64622,2.44,1.32
2013.06.26 14:00:13.676,1.64598,1.64625,1.50,1.69
2013.06.26 14:00:13.796,1.64598,1.64627,1.50,1.69
2013.06.26 14:00:13.855,1.64598,1.64624,1.50,1.69
2013.06.26 14:00:13.977,1.64598,1.64624,1.50,1.32
2013.06.26 14:00:14.518,1.64596,1.64624,3.19,1.13
2013.06.26 14:00:14.876,1.64614,1.64632,1.69,1.20
2013.06.26 14:00:15.298,1.64621,1.64642,2.25,1.65
2013.06.26 14:00:15.374,1.64628,1.64642,1.50,1.65
2013.06.26 14:00:15.559,1.64619,1.64642,1.69,1.65
2013.06.26 14:00:15.628,1.64619,1.64642,2.25,1.84
2013.06.26 14:00:15.747,1.64622,1.64651,1.13,1.32
2013.06.26 14:00:15.927,1.64614,1.64651,1.69,1.69
2013.06.26 14:00:16.046,1.64623,1.64651,1.51,1.69
2013.06.26 14:00:16.495,1.64619,1.64651,1.69,2.07
2013.06.26 14:00:16.906,1.64615,1.64641,2.44,1.13
2013.06.26 14:00:16.966,1.64611,1.64641,1.84,1.32
2013.06.26 14:00:17.031,1.64611,1.64641,1.84,1.32
2013.06.26 14:00:17.335,1.64612,1.64643,2.44,1.69
2013.06.26 14:00:18.125,1.64617,1.64649,1.09,1.69
2013.06.26 14:00:18.186,1.64617,1.64651,1.28,1.69
2013.06.26 14:00:18.366,1.64621,1.64649,1.32,1.32
2013.06.26 14:00:18.936,1.64617,1.64648,2.07,1.13
2013.06.26 14:00:19.186,1.64616,1.64648,1.84,1.32
2013.06.26 14:00:19.667,1.64613,1.64648,1.69,2.07
2013.06.26 14:00:19.724,1.64613,1.64647,1.69,1.32
2013.06.26 14:00:19.784,1.64611,1.64646,3.19,1.69
2013.06.26 14:00:20.824,1.64608,1.64644,1.69,1.69
2013.06.26 14:00:20.944,1.64611,1.64636,1.50,1.32
2013.06.26 14:00:21.124,1.64609,1.64636,1.69,1.32
2013.06.26 14:00:21.185,1.64607,1.64635,1.69,1.69
2013.06.26 14:00:21.935,1.64601,1.64631,2.82,1.50
2013.06.26 14:00:22.355,1.64601,1.64628,1.32,2.25
2013.06.26 14:00:22.475,1.64601,1.64628,1.32,2.44
2013.06.26 14:00:22.656,1.64601,1.64629,1.32,1.69
2013.06.26 14:00:22.904,1.64602,1.64632,1.69,1.69
2013.06.26 14:00:23.324,1.64611,1.64635,2.44,1.50
2013.06.26 14:00:23.384,1.64615,1.64639,1.50,1.32
2013.06.26 14:00:23.685,1.64612,1.64635,2.25,1.69
2013.06.26 14:00:23.744,1.64612,1.64638,1.50,2.07
2013.06.26 14:00:23.925,1.64609,1.64638,1.50,1.88
2013.06.26 14:00:23.985,1.64613,1.64638,1.50,1.13
2013.06.26 14:00:24.114,1.64617,1.64638,1.50,1.13
2013.06.26 14:00:24.294,1.64618,1.64642,2.25,1.32
2013.06.26 14:00:24.475,1.64628,1.64649,1.50,1.32
2013.06.26 14:00:24.594,1.64622,1.64655,2.44,2.07
2013.06.26 14:00:24.835,1.64627,1.64647,1.50,1.50
2013.06.26 14:00:25.016,1.6463,1.64647,2.25,1.50
2013.06.26 14:00:25.134,1.64627,1.64647,2.25,1.50
2013.06.26 14:00:25.254,1.64631,1.64655,1.50,1.69
2013.06.26 14:00:25.374,1.64623,1.64655,1.69,1.69
2013.06.26 14:00:25.435,1.64622,1.64649,1.13,2.44
2013.06.26 14:00:25.495,1.64621,1.64649,1.88,2.44
2013.06.26 14:00:26.046,1.64623,1.64651,1.50,2.44
2013.06.26 14:00:26.236,1.64623,1.64656,2.07,1.69
2013.06.26 14:00:26.296,1.64623,1.64657,2.07,1.32
2013.06.26 14:00:26.357,1.6462,1.64657,1.32,2.07
2013.06.26 14:00:26.415,1.64623,1.64657,1.32,2.07
2013.06.26 14:00:26.919,1.64623,1.64658,2.44,1.69
2013.06.26 14:00:27.555,1.64632,1.64662,2.82,1.50
2013.06.26 14:00:27.866,1.64634,1.64658,1.32,1.50
2013.06.26 14:00:28.105,1.64627,1.64656,1.69,1.50
2013.06.26 14:00:28.237,1.64624,1.64656,3.19,1.69
2013.06.26 14:00:28.298,1.64624,1.64656,1.69,1.69
2013.06.26 14:00:28.418,1.64626,1.64653,1.50,1.69
2013.06.26 14:00:28.486,1.64626,1.64654,1.50,1.69
2013.06.26 14:00:28.546,1.64621,1.64655,1.13,1.69
2013.06.26 14:00:28.905,1.64626,1.64655,1.13,1.69
2013.06.26 14:00:29.167,1.64624,1.64655,1.69,1.69
2013.06.26 14:00:29.535,1.6462,1.64654,1.69,2.44
2013.06.26 14:00:31.326,1.64626,1.64655,1.50,2.07
2013.06.26 14:00:31.474,1.64629,1.64655,1.69,1.32
2013.06.26 14:00:31.675,1.64632,1.64662,1.13,1.69
2013.06.26 14:00:31.855,1.64635,1.64665,1.69,1.32
2013.06.26 14:00:31.976,1.64636,1.64669,1.32,2.82
2013.06.26 14:00:32.105,1.64636,1.64669,1.32,2.44
2013.06.26 14:00:32.286,1.6464,1.64675,1.69,1.32
2013.06.26 14:00:32.645,1.6464,1.6466,1.50,1.20
2013.06.26 14:00:32.824,1.64634,1.64656,1.50,1.69
2013.06.26 14:00:32.945,1.64635,1.64656,1.50,1.69
2013.06.26 14:00:33.005,1.64627,1.64656,1.50,1.69
2013.06.26 14:00:33.507,1.64623,1.64648,1.13,1.50
2013.06.26 14:00:33.634,1.64613,1.64637,1.50,1.50
2013.06.26 14:00:33.695,1.64609,1.64637,1.13,2.44
2013.06.26 14:00:33.815,1.64609,1.64632,1.50,1.09
2013.06.26 14:00:33.875,1.64609,1.64631,1.50,1.28
2013.06.26 14:00:33.935,1.64603,1.64628,1.50,1.13
2013.06.26 14:00:34.114,1.64598,1.64625,2.25,1.69
2013.06.26 14:00:34.175,1.64592,1.64625,2.82,1.69
2013.06.26 14:00:34.734,1.64594,1.64622,1.69,1.32
2013.06.26 14:00:34.854,1.64591,1.64622,2.44,1.32
2013.06.26 14:00:35.475,1.6459,1.6462,2.44,1.32
2013.06.26 14:00:37.127,1.64593,1.6462,1.50,1.32
2013.06.26 14:00:37.764,1.6459,1.64619,3.19,1.32
2013.06.26 14:00:37.945,1.64598,1.64621,2.25,1.32
2013.06.26 14:00:38.005,1.64598,1.64621,2.25,1.13
2013.06.26 14:00:38.065,1.64598,1.64621,2.25,1.13
2013.06.26 14:00:38.185,1.64597,1.64622,1.50,1.32
2013.06.26 14:00:38.486,1.64593,1.64624,2.44,2.44
2013.06.26 14:00:38.637,1.64593,1.64624,2.44,1.69
2013.06.26 14:00:38.697,1.64598,1.64624,1.50,1.69
2013.06.26 14:00:39.056,1.64611,1.64625,2.25,1.50
2013.06.26 14:00:39.415,1.64622,1.64635,1.13,2.07
2013.06.26 14:00:39.725,1.64624,1.64639,1.50,3.57
2013.06.26 14:00:39.845,1.64622,1.64637,1.13,3.57
2013.06.26 14:00:39.907,1.6462,1.64638,1.32,2.73
2013.06.26 14:00:40.028,1.64623,1.64652,2.63,1.32
2013.06.26 14:00:40.145,1.64623,1.64654,2.82,1.32
2013.06.26 14:00:40.384,1.64623,1.64652,1.13,2.44
2013.06.26 14:00:40.916,1.64622,1.64646,1.13,2.44
2013.06.26 14:00:41.037,1.64619,1.64643,1.50,1.69
2013.06.26 14:00:41.097,1.64619,1.64642,1.50,1.69
2013.06.26 14:00:41.546,1.64612,1.64642,3.19,1.69
2013.06.26 14:00:41.806,1.64612,1.64642,2.44,1.69
2013.06.26 14:00:42.554,1.64611,1.64643,1.13,3.57
2013.06.26 14:00:42.734,1.64611,1.64644,1.13,3.19
2013.06.26 14:00:42.855,1.64611,1.64643,1.13,1.69
2013.06.26 14:00:42.977,1.64612,1.64643,4.09,1.69
2013.06.26 14:00:43.095,1.64613,1.64643,1.50,1.69
2013.06.26 14:00:43.645,1.64621,1.64648,1.09,1.32
2013.06.26 14:00:43.705,1.64621,1.64648,1.28,1.13
2013.06.26 14:00:44.185,1.64625,1.64656,2.44,1.69
2013.06.26 14:00:44.364,1.64628,1.64656,1.50,1.69
2013.06.26 14:00:45.138,1.64628,1.64656,1.50,1.69
2013.06.26 14:00:45.515,1.64621,1.64652,1.69,2.03
2013.06.26 14:00:45.575,1.6462,1.64649,1.32,2.07
2013.06.26 14:00:45.634,1.64618,1.64647,1.32,1.32
2013.06.26 14:00:46.188,1.64619,1.64647,1.50,1.69
2013.06.26 14:00:46.546,1.64619,1.64643,1.50,1.69
2013.06.26 14:00:47.084,1.64619,1.64643,3.00,2.44
2013.06.26 14:00:47.265,1.64622,1.64645,1.50,1.69
2013.06.26 14:00:47.386,1.64623,1.64652,2.25,1.69
2013.06.26 14:00:47.446,1.64626,1.64652,1.50,1.69
2013.06.26 14:00:47.965,1.64623,1.64653,1.50,1.69
2013.06.26 14:00:48.147,1.64622,1.64649,1.50,1.69
2013.06.26 14:00:48.405,1.64623,1.64653,1.50,1.69
2013.06.26 14:00:48.749,1.64626,1.64653,2.25,1.69
2013.06.26 14:00:48.865,1.64626,1.64653,3.75,1.69
2013.06.26 14:00:49.045,1.64625,1.64653,2.25,3.19
2013.06.26 14:00:49.554,1.64621,1.64646,1.69,1.69
2013.06.26 14:00:50.254,1.64619,1.6465,1.13,1.69
2013.06.26 14:00:50.375,1.64621,1.6465,1.69,1.69
2013.06.26 14:00:50.955,1.64627,1.64655,1.50,1.69
2013.06.26 14:00:51.495,1.64626,1.64653,1.13,1.69
2013.06.26 14:00:51.794,1.64626,1.64656,2.07,1.69
2013.06.26 14:00:52.816,1.64627,1.64654,1.50,1.69
2013.06.26 14:00:53.545,1.64626,1.64654,1.50,1.69
2013.06.26 14:00:53.664,1.64625,1.64648,1.50,1.69
2013.06.26 14:00:53.965,1.64619,1.64648,2.25,1.69
2013.06.26 14:00:54.284,1.64619,1.6465,1.50,1.69
2013.06.26 14:00:54.526,1.64622,1.6465,1.84,1.69
2013.06.26 14:00:54.586,1.64622,1.6465,1.84,1.69
2013.06.26 14:00:54.767,1.64623,1.6465,1.13,1.69
2013.06.26 14:00:56.595,1.64624,1.6465,1.50,1.69
2013.06.26 14:00:56.834,1.64628,1.64653,1.09,1.69
2013.06.26 14:00:57.135,1.64645,1.6466,1.50,1.13
2013.06.26 14:00:57.494,1.64653,1.64668,1.13,1.24
2013.06.26 14:00:57.675,1.64647,1.64668,1.50,1.99
2013.06.26 14:00:57.854,1.64645,1.64668,1.50,1.99
2013.06.26 14:00:58.034,1.64643,1.6467,1.13,1.69
2013.06.26 14:00:58.355,1.64643,1.64669,1.13,1.69
2013.06.26 14:00:59.896,1.64641,1.64669,1.13,2.44
2013.06.26 14:01:00.434,1.64641,1.64669,1.50,2.44
2013.06.26 14:01:00.674,1.64641,1.64669,1.50,3.94
2013.06.26 14:01:01.155,1.64642,1.64664,1.13,2.44
2013.06.26 14:01:01.395,1.64628,1.64659,1.50,2.44
2013.06.26 14:01:01.455,1.6463,1.64659,1.50,2.44
2013.06.26 14:01:02.036,1.64629,1.64658,1.69,1.69
2013.06.26 14:01:02.154,1.64629,1.64658,1.50,1.69
2013.06.26 14:01:03.376,1.64627,1.64657,1.69,1.32
2013.06.26 14:01:03.436,1.64626,1.64657,1.69,1.32
2013.06.26 14:01:03.617,1.64624,1.64655,1.32,1.69
2013.06.26 14:01:04.036,1.64624,1.64653,1.32,1.69
2013.06.26 14:01:04.575,1.64624,1.64652,1.32,1.69
2013.06.26 14:01:04.695,1.64624,1.64652,1.32,1.69
2013.06.26 14:01:05.584,1.64626,1.64653,1.13,2.44
2013.06.26 14:01:05.825,1.64626,1.64651,1.13,3.19
2013.06.26 14:01:06.184,1.64626,1.64654,1.13,1.69
2013.06.26 14:01:06.445,1.64626,1.64653,1.13,3.19
2013.06.26 14:01:06.505,1.64621,1.64651,1.69,1.69
2013.06.26 14:01:07.217,1.6462,1.64651,1.69,1.69
2013.06.26 14:01:08.694,1.6462,1.64651,1.69,1.69
2013.06.26 14:01:09.605,1.64627,1.64652,1.13,1.69
2013.06.26 14:01:09.910,1.64627,1.64652,1.13,1.69
2013.06.26 14:01:10.925,1.64627,1.64652,1.13,1.69
2013.06.26 14:01:11.326,1.64617,1.64651,2.44,1.69
2013.06.26 14:01:12.557,1.64618,1.64645,1.13,1.69
2013.06.26 14:01:12.866,1.64617,1.64642,1.13,1.69
2013.06.26 14:01:12.926,1.64616,1.64644,3.00,1.69
2013.06.26 14:01:13.044,1.64616,1.64644,1.50,2.44
2013.06.26 14:01:13.578,1.64617,1.64642,1.50,1.69
2013.06.26 14:01:14.125,1.64616,1.64642,2.25,1.69
2013.06.26 14:01:14.284,1.64616,1.64645,2.44,1.69
2013.06.26 14:01:14.464,1.64617,1.64647,1.84,1.69
2013.06.26 14:01:14.765,1.64616,1.64643,2.25,1.69
2013.06.26 14:01:14.885,1.64615,1.64647,2.44,2.44
2013.06.26 14:01:14.945,1.64613,1.64647,1.69,2.44
2013.06.26 14:01:15.785,1.64612,1.64642,2.44,1.69
2013.06.26 14:01:16.176,1.64613,1.64643,1.50,2.44
2013.06.26 14:01:16.925,1.64613,1.64644,1.69,1.69
2013.06.26 14:01:18.406,1.64614,1.6464,1.50,1.69
2013.06.26 14:01:18.915,1.64615,1.64637,1.50,1.69
2013.06.26 14:01:19.267,1.64603,1.64633,3.19,1.69
2013.06.26 14:01:19.327,1.64603,1.64633,2.82,1.69
2013.06.26 14:01:19.445,1.64609,1.64634,1.50,1.69
2013.06.26 14:01:19.805,1.64607,1.64632,1.50,1.69
2013.06.26 14:01:19.987,1.64605,1.64631,1.50,1.69
2013.06.26 14:01:20.107,1.64605,1.64631,1.50,1.69
2013.06.26 14:01:20.435,1.64609,1.6463,1.50,1.69
2013.06.26 14:01:20.495,1.64606,1.64631,1.50,2.44
2013.06.26 14:01:21.250,1.64607,1.6463,1.50,1.32
2013.06.26 14:01:22.124,1.646,1.64631,3.15,3.19
2013.06.26 14:01:22.494,1.64596,1.64624,3.15,1.32
2013.06.26 14:01:22.674,1.646,1.64627,1.65,2.44
2013.06.26 14:01:23.454,1.64596,1.64623,2.82,1.32
2013.06.26 14:01:24.047,1.64596,1.64623,1.13,1.32
2013.06.26 14:01:25.130,1.64592,1.64623,1.84,1.32
2013.06.26 14:01:25.357,1.64595,1.64623,1.09,1.32
2013.06.26 14:01:25.656,1.64592,1.6462,1.47,1.32
2013.06.26 14:01:26.105,1.64595,1.64622,1.84,1.32
2013.06.26 14:01:27.234,1.64594,1.64623,2.44,1.32
2013.06.26 14:01:27.294,1.64596,1.64623,1.84,1.32
2013.06.26 14:01:27.654,1.64595,1.64629,3.19,1.32
2013.06.26 14:01:27.775,1.64601,1.64629,1.69,1.32
2013.06.26 14:01:28.314,1.64601,1.64629,2.44,1.69
2013.06.26 14:01:28.675,1.64604,1.64635,2.44,1.32
2013.06.26 14:01:28.855,1.64604,1.64634,2.44,1.32
2013.06.26 14:01:29.216,1.64605,1.64635,1.69,3.57
2013.06.26 14:01:31.155,1.64605,1.64633,1.09,1.32
2013.06.26 14:01:31.334,1.64612,1.64639,1.09,1.50
2013.06.26 14:01:31.875,1.64615,1.64641,1.09,2.82
2013.06.26 14:01:32.176,1.64617,1.64643,1.65,1.32
2013.06.26 14:01:32.235,1.64617,1.64643,1.84,1.32
2013.06.26 14:01:32.295,1.64617,1.64649,1.84,1.32
2013.06.26 14:01:34.224,1.64621,1.64652,1.32,3.19
2013.06.26 14:01:35.366,1.64621,1.64652,1.32,3.19
2013.06.26 14:01:38.565,1.64621,1.64651,1.32,1.32
2013.06.26 14:01:40.375,1.64621,1.64651,2.22,1.32
2013.06.26 14:01:42.396,1.64626,1.64654,1.84,2.07
2013.06.26 14:01:42.827,1.64623,1.64649,1.65,2.44
2013.06.26 14:01:42.898,1.64622,1.64649,1.65,2.44
2013.06.26 14:01:42.966,1.64622,1.64649,1.65,2.44
2013.06.26 14:01:43.027,1.64622,1.64649,1.84,2.44
2013.06.26 14:01:43.207,1.64625,1.64653,1.09,1.69
2013.06.26 14:01:43.267,1.64623,1.64653,1.69,2.44
2013.06.26 14:01:43.387,1.64622,1.64645,1.84,1.50
2013.06.26 14:01:43.447,1.64619,1.64645,1.09,1.69
2013.06.26 14:01:43.685,1.64617,1.64645,1.09,1.69
2013.06.26 14:01:43.805,1.64617,1.64647,2.59,1.69
2013.06.26 14:01:44.165,1.64617,1.64647,1.09,2.44
2013.06.26 14:01:44.225,1.64617,1.64647,1.84,1.69
2013.06.26 14:01:44.707,1.64618,1.64649,1.09,1.69
2013.06.26 14:01:44.825,1.64618,1.6465,1.09,2.44
2013.06.26 14:01:45.005,1.64618,1.6465,1.09,1.69
2013.06.26 14:01:45.686,1.6462,1.64649,1.28,2.44
2013.06.26 14:01:45.746,1.64618,1.64649,1.09,2.44
2013.06.26 14:01:45.808,1.64618,1.64649,1.09,1.69
2013.06.26 14:01:45.925,1.64618,1.6465,1.69,1.69
2013.06.26 14:01:46.165,1.64623,1.64651,1.69,1.50
2013.06.26 14:01:46.225,1.64623,1.64653,1.69,2.82
2013.06.26 14:01:46.285,1.64623,1.64651,1.69,2.25
2013.06.26 14:01:46.465,1.64623,1.6465,1.69,1.13
2013.06.26 14:01:46.526,1.64618,1.6465,3.19,1.32
2013.06.26 14:01:46.885,1.64621,1.64653,1.69,2.44
2013.06.26 14:01:46.945,1.64619,1.64648,1.69,1.69
2013.06.26 14:01:47.065,1.64616,1.64646,1.32,2.07
2013.06.26 14:01:47.126,1.64615,1.64643,1.32,2.44
2013.06.26 14:01:47.436,1.64619,1.64648,1.47,1.32
2013.06.26 14:01:47.974,1.64619,1.64648,1.09,2.44
2013.06.26 14:01:48.575,1.64619,1.64648,1.09,2.44
2013.06.26 14:01:48.935,1.64619,1.6465,1.09,3.94
2013.06.26 14:01:49.475,1.64617,1.64646,1.84,2.44
2013.06.26 14:01:50.458,1.64613,1.64644,1.84,2.44
2013.06.26 14:01:52.234,1.64612,1.64647,2.44,2.82
2013.06.26 14:01:53.695,1.64615,1.64647,1.69,1.32
2013.06.26 14:01:53.836,1.64615,1.64647,1.69,1.32
2013.06.26 14:01:54.215,1.64617,1.6465,1.69,1.32
2013.06.26 14:01:54.566,1.64619,1.64652,1.69,2.82
2013.06.26 14:01:54.926,1.64629,1.64652,1.32,1.50
2013.06.26 14:01:55.108,1.64629,1.64656,2.07,1.50
2013.06.26 14:01:55.177,1.64632,1.64656,2.07,1.50
2013.06.26 14:01:55.237,1.64632,1.64656,2.44,1.50
2013.06.26 14:01:56.335,1.64645,1.64672,1.13,1.32
2013.06.26 14:01:56.395,1.64645,1.64672,1.13,1.32
2013.06.26 14:01:56.514,1.64644,1.64656,1.88,1.50
2013.06.26 14:01:56.925,1.64633,1.64655,3.57,1.50
2013.06.26 14:01:57.045,1.6463,1.64656,1.32,1.50
2013.06.26 14:01:57.549,1.64627,1.64656,1.47,1.69
2013.06.26 14:01:58.485,1.64624,1.64655,2.07,2.44
2013.06.26 14:01:58.897,1.64624,1.64655,1.32,2.44
2013.06.26 14:01:59.135,1.64623,1.64653,2.07,1.69
2013.06.26 14:02:00.745,1.64621,1.64651,1.69,1.69
2013.06.26 14:02:00.805,1.64619,1.64649,2.07,1.69
2013.06.26 14:02:01.826,1.64619,1.64652,2.07,2.07
2013.06.26 14:02:02.425,1.64619,1.6465,2.22,2.44
2013.06.26 14:02:02.486,1.64619,1.64647,2.22,1.69
2013.06.26 14:02:02.665,1.64619,1.64648,2.07,1.69
2013.06.26 14:02:02.845,1.64619,1.6465,2.07,3.19
2013.06.26 14:02:02.964,1.64622,1.6465,1.32,1.69
2013.06.26 14:02:03.206,1.64622,1.64656,1.13,3.19
2013.06.26 14:02:03.475,1.64622,1.64656,1.13,3.19
2013.06.26 14:02:03.798,1.64623,1.64656,2.44,1.69
2013.06.26 14:02:04.196,1.64631,1.64656,1.32,2.44
2013.06.26 14:02:04.755,1.64625,1.64655,1.69,2.44
2013.06.26 14:02:05.056,1.64621,1.64652,1.88,1.69
2013.06.26 14:02:05.235,1.64617,1.64651,2.25,1.69
2013.06.26 14:02:05.415,1.64621,1.6465,1.13,1.32
2013.06.26 14:02:06.255,1.64621,1.64648,1.13,1.69
2013.06.26 14:02:06.964,1.64621,1.64648,1.13,1.69
2013.06.26 14:02:07.505,1.64619,1.64648,1.32,3.19
2013.06.26 14:02:08.094,1.64621,1.64647,1.13,1.69
2013.06.26 14:02:08.286,1.64621,1.64646,1.13,1.69
2013.06.26 14:02:08.445,1.64614,1.64646,2.44,1.69
2013.06.26 14:02:10.645,1.64613,1.64648,1.69,1.69
2013.06.26 14:02:10.704,1.64613,1.64643,1.32,2.07
2013.06.26 14:02:10.885,1.64612,1.64641,1.13,1.69
2013.06.26 14:02:11.005,1.64608,1.64638,1.69,1.69
2013.06.26 14:02:12.717,1.64607,1.64639,2.44,1.69
2013.06.26 14:02:12.837,1.64607,1.64639,2.44,2.44
2013.06.26 14:02:12.897,1.64607,1.64637,1.69,1.69
2013.06.26 14:02:13.015,1.64601,1.64632,3.05,1.69
2013.06.26 14:02:13.555,1.64606,1.64635,1.21,2.44
2013.06.26 14:02:14.105,1.64602,1.64634,2.15,1.69
2013.06.26 14:02:14.464,1.64602,1.64628,1.21,3.19
2013.06.26 14:02:15.275,1.64602,1.64627,1.40,1.69
2013.06.26 14:02:15.896,1.64602,1.6463,1.40,1.69
2013.06.26 14:02:16.255,1.64606,1.64632,1.40,1.32
2013.06.26 14:02:16.995,1.64604,1.64638,3.57,2.44
2013.06.26 14:02:17.356,1.64607,1.64639,1.69,2.44
2013.06.26 14:02:18.266,1.64611,1.64639,1.13,2.44
2013.06.26 14:02:18.327,1.64611,1.64639,1.13,1.69
2013.06.26 14:02:18.890,1.64613,1.64641,1.32,3.19
2013.06.26 14:02:20.163,1.64613,1.64642,1.32,3.94
2013.06.26 14:02:21.695,1.64613,1.64641,1.13,2.44
2013.06.26 14:02:24.846,1.64612,1.64641,1.13,1.69
2013.06.26 14:02:25.345,1.64621,1.64642,1.32,1.50
2013.06.26 14:02:25.465,1.64621,1.64647,2.22,1.32
2013.06.26 14:02:25.526,1.64622,1.64647,1.13,1.13
2013.06.26 14:02:25.585,1.64622,1.64653,1.50,1.32
2013.06.26 14:02:25.645,1.64622,1.64653,1.69,1.32
2013.06.26 14:02:25.705,1.64621,1.64654,2.07,2.44
2013.06.26 14:02:25.765,1.64622,1.64654,1.50,1.69
2013.06.26 14:02:25.825,1.64621,1.64654,2.22,3.19
2013.06.26 14:02:25.885,1.6463,1.64654,1.50,3.19
2013.06.26 14:02:26.225,1.64626,1.64649,1.50,2.44
2013.06.26 14:02:26.756,1.64623,1.64647,1.69,1.50
2013.06.26 14:02:26.875,1.64623,1.64647,1.69,1.69
2013.06.26 14:02:27.145,1.64623,1.64647,1.69,1.50
2013.06.26 14:02:27.205,1.64626,1.6465,1.69,1.69
2013.06.26 14:02:27.325,1.64621,1.64654,2.07,3.19
2013.06.26 14:02:27.686,1.64626,1.64655,2.44,2.44
2013.06.26 14:02:28.675,1.64623,1.64654,2.44,2.44
2013.06.26 14:02:29.248,1.64626,1.64654,1.13,2.44
2013.06.26 14:02:29.607,1.64629,1.64656,1.13,2.44
2013.06.26 14:02:29.788,1.64629,1.64657,1.13,1.69
2013.06.26 14:02:29.856,1.64631,1.64657,1.13,1.69
2013.06.26 14:02:29.977,1.64631,1.64658,1.69,1.69
2013.06.26 14:02:30.214,1.64632,1.64662,1.32,1.69
2013.06.26 14:02:30.515,1.64632,1.64661,1.32,1.69
2013.06.26 14:02:30.635,1.64631,1.64659,1.32,2.44
2013.06.26 14:02:30.754,1.64632,1.64659,1.32,1.69
2013.06.26 14:02:31.055,1.64636,1.64659,1.13,2.44
2013.06.26 14:02:32.215,1.64636,1.64658,1.32,1.69
2013.06.26 14:02:32.727,1.64631,1.64659,1.32,1.69
2013.06.26 14:02:32.906,1.64631,1.64658,1.32,1.69
2013.06.26 14:02:35.086,1.64627,1.64657,1.32,1.69
2013.06.26 14:02:35.265,1.64626,1.64654,2.44,2.44
2013.06.26 14:02:35.325,1.64626,1.64654,2.25,3.94
2013.06.26 14:02:36.254,1.64622,1.6465,1.32,1.69
2013.06.26 14:02:37.415,1.64624,1.64654,2.07,3.19
2013.06.26 14:02:37.475,1.64643,1.64654,1.13,1.69
2013.06.26 14:02:37.535,1.64643,1.64661,1.13,2.07
2013.06.26 14:02:37.655,1.64637,1.64661,1.13,2.82
2013.06.26 14:02:37.774,1.64633,1.64661,1.32,2.44
2013.06.26 14:02:37.954,1.64632,1.64659,1.13,3.94
2013.06.26 14:02:39.185,1.64631,1.64653,1.13,1.69
2013.06.26 14:02:40.230,1.64632,1.64653,1.13,1.69
2013.06.26 14:02:40.357,1.64631,1.64656,1.13,2.44
2013.06.26 14:02:40.534,1.6463,1.64654,1.50,1.69
2013.06.26 14:02:41.326,1.64631,1.64657,1.13,1.69
2013.06.26 14:02:41.396,1.64632,1.64658,1.32,2.07
2013.06.26 14:02:41.706,1.64632,1.64658,1.32,1.69
2013.06.26 14:02:42.066,1.64632,1.64658,1.32,1.69
2013.06.26 14:02:42.186,1.6463,1.64661,1.69,1.32
2013.06.26 14:02:42.544,1.64643,1.64671,1.32,1.32
2013.06.26 14:02:42.726,1.64629,1.64658,1.69,1.50
2013.06.26 14:02:42.785,1.64626,1.64658,1.69,1.50
2013.06.26 14:02:42.905,1.64621,1.64649,2.44,1.50
2013.06.26 14:02:43.026,1.64621,1.64654,1.32,1.50
2013.06.26 14:02:43.458,1.64621,1.64656,2.82,3.94
2013.06.26 14:02:43.636,1.64631,1.64656,1.13,1.69
2013.06.26 14:02:43.757,1.64623,1.64656,1.32,1.69
2013.06.26 14:02:44.668,1.64621,1.64654,2.07,1.69
2013.06.26 14:02:45.025,1.64621,1.64653,1.69,3.19
2013.06.26 14:02:45.386,1.64626,1.64656,2.44,1.69
2013.06.26 14:02:45.717,1.64626,1.64661,2.44,1.32
2013.06.26 14:02:47.356,1.64625,1.64659,2.44,2.44
2013.06.26 14:02:47.417,1.6463,1.64659,1.32,2.44
2013.06.26 14:02:47.895,1.64629,1.64659,1.69,2.44
2013.06.26 14:02:47.955,1.64623,1.64657,1.32,1.69
2013.06.26 14:02:48.075,1.64621,1.64657,4.02,2.44
2013.06.26 14:02:49.385,1.64621,1.64654,3.19,1.69
2013.06.26 14:02:49.445,1.64621,1.64652,2.44,1.69
2013.06.26 14:02:49.505,1.64621,1.6465,2.44,2.44
2013.06.26 14:02:50.046,1.64621,1.64649,1.69,1.69
2013.06.26 14:02:50.285,1.64622,1.64649,1.69,1.69
2013.06.26 14:02:50.465,1.64621,1.64649,1.32,1.69
2013.06.26 14:02:51.060,1.64617,1.64648,1.69,1.69
2013.06.26 14:02:51.224,1.64616,1.64648,1.69,1.69
2013.06.26 14:02:51.456,1.64617,1.64648,1.69,1.69
2013.06.26 14:02:51.755,1.64622,1.64653,1.69,1.69
2013.06.26 14:02:51.935,1.64622,1.64654,1.32,2.07
2013.06.26 14:02:52.115,1.64626,1.64656,1.32,1.69
2013.06.26 14:02:53.516,1.64621,1.64655,1.69,1.69
2013.06.26 14:02:54.275,1.64626,1.64655,1.32,1.69
2013.06.26 14:02:55.254,1.64626,1.64657,1.32,2.82
2013.06.26 14:02:55.884,1.64622,1.64656,1.32,1.69
2013.06.26 14:02:55.964,1.64622,1.6465,3.94,1.69
2013.06.26 14:02:56.035,1.64622,1.6465,3.19,1.69
2013.06.26 14:02:56.155,1.64622,1.64654,2.82,1.69
2013.06.26 14:02:56.457,1.64623,1.64655,1.32,1.32
2013.06.26 14:02:58.796,1.64623,1.64654,1.32,1.32
2013.06.26 14:02:58.978,1.64625,1.6465,1.32,1.50
2013.06.26 14:02:59.037,1.64626,1.64655,1.32,1.69
2013.06.26 14:02:59.215,1.64625,1.64655,1.32,1.69
2013.06.26 14:02:59.695,1.64625,1.64653,1.32,1.69
2013.06.26 14:03:00.006,1.64616,1.64649,1.32,1.69
2013.06.26 14:03:00.538,1.64616,1.64649,1.32,1.69
2013.06.26 14:03:00.717,1.64615,1.64649,1.32,1.69
2013.06.26 14:03:01.377,1.64614,1.64649,2.07,3.19
2013.06.26 14:03:01.436,1.64614,1.64646,1.32,1.69
2013.06.26 14:03:01.496,1.64613,1.64643,1.32,1.69
2013.06.26 14:03:01.674,1.64615,1.64643,1.32,1.69
2013.06.26 14:03:03.269,1.64612,1.64642,1.32,1.69
2013.06.26 14:03:04.458,1.64612,1.64643,1.32,2.44
2013.06.26 14:03:04.516,1.64611,1.64642,1.32,1.69
2013.06.26 14:03:08.085,1.64611,1.64641,1.32,1.69
2013.06.26 14:03:08.457,1.64612,1.64644,1.69,1.69
2013.06.26 14:03:08.829,1.64617,1.64647,1.32,1.69
2013.06.26 14:03:09.567,1.6462,1.64653,1.69,1.69
2013.06.26 14:03:09.685,1.64622,1.64654,2.44,1.32
2013.06.26 14:03:10.337,1.64624,1.64653,1.50,1.32
2013.06.26 14:03:10.645,1.64614,1.64643,1.69,1.69
2013.06.26 14:03:11.164,1.64612,1.64644,3.57,1.69
2013.06.26 14:03:11.636,1.64614,1.64643,1.32,1.69
2013.06.26 14:03:11.695,1.64616,1.64649,1.32,3.19
2013.06.26 14:03:11.815,1.64619,1.6465,1.32,1.32
2013.06.26 14:03:12.636,1.6462,1.64653,2.44,1.32
2013.06.26 14:03:12.696,1.64624,1.64653,1.69,1.32
2013.06.26 14:03:12.976,1.64625,1.64654,1.69,2.07
2013.06.26 14:03:14.192,1.64626,1.64654,1.69,2.07
2013.06.26 14:03:16.637,1.64628,1.64658,1.69,1.32
2013.06.26 14:03:17.115,1.64628,1.64661,1.69,1.32
2013.06.26 14:03:17.175,1.6463,1.64661,1.69,1.32
2013.06.26 14:03:19.476,1.64634,1.64662,1.69,1.32
2013.06.26 14:03:19.835,1.64652,1.64676,1.13,1.32
2013.06.26 14:03:19.957,1.64649,1.64679,2.44,1.69
2013.06.26 14:03:20.196,1.64649,1.64676,2.25,1.69
2013.06.26 14:03:20.316,1.64648,1.64676,1.50,1.69
2013.06.26 14:03:20.376,1.64648,1.64678,1.69,1.69
2013.06.26 14:03:20.495,1.64648,1.64675,1.69,1.69
2013.06.26 14:03:21.855,1.64647,1.64677,1.69,1.32
2013.06.26 14:03:22.825,1.64645,1.64679,1.69,1.32
2013.06.26 14:03:22.885,1.64649,1.64681,1.69,1.32
2013.06.26 14:03:24.685,1.64651,1.64682,1.32,2.44
2013.06.26 14:03:25.736,1.64651,1.64681,1.32,1.69
2013.06.26 14:03:26.714,1.64652,1.64681,1.32,1.69
2013.06.26 14:03:27.015,1.64661,1.64686,1.32,1.32
2013.06.26 14:03:27.374,1.64662,1.64688,1.32,1.69
2013.06.26 14:03:27.503,1.64662,1.64687,1.32,1.69
2013.06.26 14:03:27.567,1.64662,1.64686,1.32,3.19
2013.06.26 14:03:28.114,1.64662,1.64684,1.13,1.69
2013.06.26 14:03:28.514,1.64653,1.64688,1.69,3.57
2013.06.26 14:03:33.046,1.64653,1.64688,2.07,3.94
2013.06.26 14:03:33.404,1.64653,1.64681,2.07,1.32
2013.06.26 14:03:33.935,1.64646,1.64678,2.07,1.69
2013.06.26 14:03:34.204,1.64646,1.64678,1.69,1.32
2013.06.26 14:03:34.574,1.64644,1.64676,1.69,1.32
2013.06.26 14:03:35.136,1.64644,1.64679,1.69,3.57
2013.06.26 14:03:35.595,1.64652,1.64679,1.32,2.07
2013.06.26 14:03:36.139,1.64652,1.64682,1.32,2.07
2013.06.26 14:03:36.269,1.64652,1.64683,1.32,2.07
2013.06.26 14:03:36.325,1.64652,1.64685,1.32,3.19
2013.06.26 14:03:36.445,1.64663,1.64685,1.13,2.07
2013.06.26 14:03:37.116,1.64661,1.64685,1.13,2.07
2013.06.26 14:03:37.355,1.64652,1.64683,1.32,2.07
2013.06.26 14:03:39.226,1.64656,1.64684,1.69,1.32
2013.06.26 14:03:39.285,1.6466,1.64685,1.69,2.07
2013.06.26 14:03:40.385,1.64656,1.64684,1.69,1.69
2013.06.26 14:03:40.915,1.64666,1.64684,1.50,1.69
2013.06.26 14:03:40.975,1.64666,1.64684,1.69,1.50
2013.06.26 14:03:41.035,1.64666,1.64692,2.44,1.32
2013.06.26 14:03:41.456,1.64671,1.64704,1.32,2.44
2013.06.26 14:03:42.175,1.64671,1.64699,1.32,2.82
2013.06.26 14:03:42.475,1.64671,1.64696,1.32,1.69
2013.06.26 14:03:42.535,1.64671,1.64694,1.32,1.69
2013.06.26 14:03:44.605,1.64671,1.64702,2.07,1.32
2013.06.26 14:03:45.087,1.64673,1.64705,2.44,1.32
2013.06.26 14:03:45.440,1.64675,1.64708,1.69,1.69
2013.06.26 14:03:46.483,1.64674,1.64706,1.69,2.07
2013.06.26 14:03:48.195,1.64677,1.64708,1.69,1.69
2013.06.26 14:03:48.947,1.64677,1.64708,1.69,1.69
2013.06.26 14:03:49.556,1.64677,1.64708,1.69,1.69
2013.06.26 14:03:50.835,1.6468,1.64708,1.69,1.69
2013.06.26 14:03:50.955,1.6468,1.64708,1.69,1.32
2013.06.26 14:03:52.295,1.64682,1.64712,1.13,2.07
2013.06.26 14:03:52.415,1.64682,1.64712,1.13,2.07
2013.06.26 14:03:52.906,1.64682,1.64713,1.32,1.32
2013.06.26 14:03:53.025,1.64684,1.64713,2.44,1.32
2013.06.26 14:03:53.265,1.64691,1.64715,1.32,1.32
2013.06.26 14:03:53.504,1.64691,1.6472,1.32,1.65
2013.06.26 14:03:53.564,1.64691,1.64718,1.32,1.32
2013.06.26 14:03:54.104,1.64692,1.64715,1.32,1.32
2013.06.26 14:03:55.395,1.64692,1.64718,1.32,2.07
2013.06.26 14:03:56.254,1.6469,1.64714,1.69,1.32
2013.06.26 14:03:56.375,1.64688,1.64714,1.69,1.32
2013.06.26 14:03:56.695,1.64684,1.64712,1.69,1.13
2013.06.26 14:03:56.875,1.64682,1.64711,1.69,1.32
2013.06.26 14:03:57.295,1.64682,1.64709,1.69,1.32
2013.06.26 14:03:57.355,1.64681,1.64707,1.32,2.44
2013.06.26 14:03:57.756,1.64681,1.64709,1.32,1.32
2013.06.26 14:04:01.879,1.64681,1.6471,1.32,1.32
2013.06.26 14:04:01.935,1.64684,1.64711,1.69,2.07
2013.06.26 14:04:01.996,1.64686,1.64711,1.69,1.13
2013.06.26 14:04:02.055,1.64686,1.64714,1.69,1.32
2013.06.26 14:04:02.175,1.64686,1.64716,1.69,1.32
2013.06.26 14:04:02.235,1.64692,1.64719,1.32,1.69
2013.06.26 14:04:02.415,1.64687,1.64716,2.44,1.69
2013.06.26 14:04:03.056,1.64687,1.64718,2.44,1.69
2013.06.26 14:04:03.735,1.64687,1.64718,1.69,1.69
2013.06.26 14:04:04.886,1.64692,1.64724,1.69,2.44
2013.06.26 14:04:04.948,1.64695,1.64724,1.69,1.69
2013.06.26 14:04:05.247,1.64696,1.64724,1.69,2.07
2013.06.26 14:04:06.837,1.6469,1.64723,1.69,2.44
2013.06.26 14:04:08.475,1.64692,1.64718,1.69,1.69
2013.06.26 14:04:08.535,1.64689,1.64718,1.69,1.69
2013.06.26 14:04:09.335,1.64691,1.64723,1.69,1.69
2013.06.26 14:04:10.295,1.64692,1.64723,1.69,1.69
2013.06.26 14:04:10.596,1.64697,1.64723,1.32,1.69
2013.06.26 14:04:10.656,1.64697,1.64725,1.69,1.32
2013.06.26 14:04:10.715,1.64697,1.64726,2.44,1.69
2013.06.26 14:04:11.015,1.64702,1.64728,1.32,1.69
2013.06.26 14:04:11.134,1.64702,1.64728,1.32,2.44
2013.06.26 14:04:13.275,1.64701,1.64728,2.07,1.32
2013.06.26 14:04:13.617,1.64701,1.6473,2.07,1.32
2013.06.26 14:04:13.676,1.64701,1.64728,2.07,1.32
2013.06.26 14:04:14.096,1.64702,1.64728,1.69,1.69
2013.06.26 14:04:14.646,1.64702,1.64725,1.69,1.50
2013.06.26 14:04:15.345,1.64701,1.64725,1.69,2.07
2013.06.26 14:04:16.114,1.64701,1.64725,1.69,2.07
2013.06.26 14:04:16.296,1.64704,1.6473,1.69,2.44
2013.06.26 14:04:16.834,1.64704,1.6473,1.69,1.69
2013.06.26 14:04:17.354,1.64704,1.6473,1.69,2.07
2013.06.26 14:04:17.687,1.64704,1.64734,1.69,1.69
2013.06.26 14:04:17.748,1.64707,1.64736,1.69,2.07
2013.06.26 14:04:18.033,1.64707,1.64734,1.69,1.69
2013.06.26 14:04:18.655,1.64705,1.64735,1.69,3.19
2013.06.26 14:04:18.998,1.64702,1.64731,1.69,1.69
2013.06.26 14:04:19.715,1.64702,1.64732,2.44,1.69
2013.06.26 14:04:20.075,1.64714,1.64737,1.69,1.13
2013.06.26 14:04:20.137,1.64714,1.64739,1.69,1.69
2013.06.26 14:04:20.375,1.64717,1.64743,1.69,1.32
2013.06.26 14:04:20.926,1.64717,1.64749,1.69,1.32
2013.06.26 14:04:21.575,1.64716,1.64744,1.69,1.32
2013.06.26 14:04:22.654,1.64717,1.6475,2.44,1.32
2013.06.26 14:04:22.776,1.64725,1.64752,1.69,1.32
2013.06.26 14:04:23.135,1.64725,1.64755,1.69,1.32
2013.06.26 14:04:24.215,1.64721,1.6475,2.44,1.69
2013.06.26 14:04:24.275,1.64721,1.6475,1.69,1.69
2013.06.26 14:04:25.286,1.64721,1.64749,1.32,1.69
2013.06.26 14:04:25.839,1.64722,1.64751,1.32,1.32
2013.06.26 14:04:25.898,1.64723,1.64751,1.69,1.32
2013.06.26 14:04:26.076,1.64726,1.64755,1.69,1.69
2013.06.26 14:04:27.785,1.64723,1.64755,1.69,3.19
2013.06.26 14:04:28.144,1.64726,1.64756,1.69,2.07
2013.06.26 14:04:31.925,1.64728,1.64758,1.69,1.32
2013.06.26 14:04:32.227,1.6473,1.64761,1.69,2.82
2013.06.26 14:04:32.406,1.6473,1.6476,1.69,1.69
2013.06.26 14:04:33.435,1.64732,1.6476,1.69,1.69
2013.06.26 14:04:34.625,1.64728,1.64759,2.44,1.69
2013.06.26 14:04:35.045,1.64732,1.64758,1.32,1.32
2013.06.26 14:04:35.405,1.64732,1.64755,1.32,1.13
2013.06.26 14:04:35.885,1.64732,1.64759,1.32,1.32
2013.06.26 14:04:36.260,1.64732,1.64758,2.07,1.32
2013.06.26 14:04:36.767,1.64732,1.6476,2.07,2.07
2013.06.26 14:04:37.486,1.64732,1.64758,2.07,1.32
2013.06.26 14:04:37.975,1.64727,1.64758,1.32,2.07
2013.06.26 14:04:38.036,1.64726,1.64757,1.69,1.69
2013.06.26 14:04:40.366,1.64727,1.64757,1.69,1.32
2013.06.26 14:04:41.105,1.64733,1.64761,1.32,1.69
2013.06.26 14:04:42.955,1.64744,1.64763,1.69,1.50
2013.06.26 14:04:43.015,1.64751,1.64768,1.13,1.32
2013.06.26 14:04:43.315,1.64751,1.64774,1.13,1.69
2013.06.26 14:04:44.055,1.64751,1.64775,1.13,1.69
2013.06.26 14:04:44.295,1.64745,1.64769,1.69,1.69
2013.06.26 14:04:46.048,1.64745,1.64773,1.69,1.69
2013.06.26 14:04:46.564,1.64745,1.64774,1.69,2.82
2013.06.26 14:04:47.115,1.64751,1.64777,1.13,2.44
2013.06.26 14:04:48.486,1.64751,1.64778,1.32,1.32
2013.06.26 14:04:48.798,1.64745,1.64774,1.69,2.44
2013.06.26 14:04:49.925,1.64752,1.64776,1.13,3.19
2013.06.26 14:04:51.735,1.64752,1.64778,2.07,1.69
2013.06.26 14:04:52.467,1.64751,1.64779,1.32,1.69
2013.06.26 14:04:53.227,1.64747,1.64779,3.72,1.69
2013.06.26 14:04:53.585,1.64752,1.64781,1.13,2.07
2013.06.26 14:04:55.284,1.64751,1.64775,1.13,3.94
2013.06.26 14:04:55.525,1.64742,1.64774,2.07,2.44
2013.06.26 14:04:57.146,1.64741,1.64773,1.32,1.69
2013.06.26 14:04:57.447,1.6474,1.64774,1.69,2.44
2013.06.26 14:04:57.607,1.6474,1.64774,1.69,1.69
2013.06.26 14:04:58.505,1.64741,1.64774,1.32,1.69
2013.06.26 14:04:59.907,1.64741,1.64771,1.32,1.69
2013.06.26 14:05:00.365,1.64741,1.64774,1.32,3.19
2013.06.26 14:05:00.549,1.64737,1.6477,2.07,1.69
2013.06.26 14:05:01.155,1.64734,1.64769,1.69,1.32
2013.06.26 14:05:01.226,1.64734,1.64766,1.69,1.32
2013.06.26 14:05:01.945,1.64733,1.64765,3.19,1.69
2013.06.26 14:05:02.126,1.64743,1.64772,1.32,1.69
2013.06.26 14:05:02.187,1.64746,1.64772,1.32,1.69
2013.06.26 14:05:02.486,1.64743,1.6477,1.32,2.44
2013.06.26 14:05:02.901,1.64743,1.64776,1.32,2.44
2013.06.26 14:05:03.127,1.64743,1.64776,1.32,2.82
2013.06.26 14:05:03.485,1.64743,1.64774,1.32,2.07
2013.06.26 14:05:03.725,1.64737,1.6477,1.69,2.44
2013.06.26 14:05:03.785,1.64737,1.64769,1.69,1.69
2013.06.26 14:05:05.086,1.64733,1.64765,1.32,2.44
2013.06.26 14:05:08.086,1.64732,1.64764,1.32,2.44
2013.06.26 14:05:08.645,1.64731,1.64764,1.32,2.44
2013.06.26 14:05:08.705,1.6473,1.64755,1.50,1.69
2013.06.26 14:05:08.825,1.64727,1.64755,1.69,1.69
2013.06.26 14:05:08.885,1.64727,1.64756,2.44,2.07
2013.06.26 14:05:09.365,1.64731,1.64759,1.32,1.69
2013.06.26 14:05:10.500,1.64726,1.64757,2.44,1.69
2013.06.26 14:05:10.606,1.64726,1.64757,2.44,1.69
2013.06.26 14:05:13.686,1.64731,1.64759,1.32,1.69
2013.06.26 14:05:13.954,1.64724,1.64759,2.44,1.69
2013.06.26 14:05:14.134,1.64724,1.6476,2.82,2.07
2013.06.26 14:05:14.375,1.64732,1.64761,1.32,1.32
2013.06.26 14:05:15.574,1.64732,1.64762,1.32,1.69
2013.06.26 14:05:16.205,1.64733,1.64762,1.32,3.19
2013.06.26 14:05:18.904,1.64732,1.64762,1.32,2.44
2013.06.26 14:05:18.965,1.64732,1.64759,1.13,1.69
2013.06.26 14:05:20.895,1.64723,1.64757,2.97,1.69
2013.06.26 14:05:21.538,1.64723,1.64755,1.84,1.69
2013.06.26 14:05:21.726,1.64722,1.6475,1.69,1.69
2013.06.26 14:05:21.845,1.64723,1.64749,1.32,1.69
2013.06.26 14:05:22.025,1.64723,1.64751,1.13,2.07
2013.06.26 14:05:22.695,1.64722,1.64751,1.32,4.32
2013.06.26 14:05:22.935,1.64719,1.64749,1.69,1.32
2013.06.26 14:05:23.535,1.64722,1.64751,1.13,2.44
2013.06.26 14:05:23.876,1.64722,1.64749,1.13,1.69
2013.06.26 14:05:25.835,1.64717,1.64749,1.28,1.32
2013.06.26 14:05:26.076,1.64731,1.6475,1.13,1.69
2013.06.26 14:05:26.195,1.64733,1.6475,1.13,1.50
2013.06.26 14:05:26.555,1.64741,1.64749,1.13,1.50
2013.06.26 14:05:27.275,1.64741,1.64754,1.13,2.25
2013.06.26 14:05:27.455,1.64733,1.64754,1.32,2.25
2013.06.26 14:05:27.635,1.64731,1.64754,1.32,2.25
2013.06.26 14:05:27.755,1.64731,1.64753,1.32,2.25
2013.06.26 14:05:28.100,1.64732,1.64754,1.32,2.25
2013.06.26 14:05:28.502,1.64731,1.64754,1.32,2.25
2013.06.26 14:05:28.655,1.64731,1.64764,1.32,1.69
2013.06.26 14:05:28.895,1.64731,1.64761,1.32,1.69
2013.06.26 14:05:29.466,1.64732,1.64763,1.32,1.69
2013.06.26 14:05:30.195,1.64732,1.64759,1.32,1.69
2013.06.26 14:05:30.255,1.64732,1.64758,1.13,1.69
2013.06.26 14:05:31.016,1.64733,1.64758,1.50,1.69
2013.06.26 14:05:31.566,1.64727,1.64758,1.84,2.44
2013.06.26 14:05:32.902,1.64727,1.64759,1.84,1.69
2013.06.26 14:05:32.966,1.64727,1.64761,2.59,1.32
2013.06.26 14:05:33.085,1.64736,1.64766,1.84,2.44
2013.06.26 14:05:33.205,1.64732,1.64759,1.32,1.69
2013.06.26 14:05:33.325,1.6473,1.64759,1.84,1.69
2013.06.26 14:05:33.637,1.64733,1.64762,1.32,2.44
2013.06.26 14:05:33.697,1.64733,1.64762,1.32,2.44
2013.06.26 14:05:34.205,1.64727,1.64758,1.69,1.69
2013.06.26 14:05:35.218,1.64724,1.64755,1.69,1.69
2013.06.26 14:05:35.425,1.6472,1.64753,3.19,1.69
2013.06.26 14:05:36.746,1.6472,1.64754,1.69,2.44
2013.06.26 14:05:38.847,1.64722,1.64753,1.32,1.69
2013.06.26 14:05:38.965,1.64722,1.6475,1.32,3.94
2013.06.26 14:05:39.325,1.64713,1.64748,2.44,1.69
2013.06.26 14:05:49.126,1.64714,1.64748,2.44,1.69
2013.06.26 14:05:49.489,1.64717,1.64747,1.69,1.69
2013.06.26 14:05:49.796,1.64714,1.64743,1.69,1.69
2013.06.26 14:05:49.916,1.64712,1.64739,1.32,1.69
2013.06.26 14:05:49.978,1.64711,1.64739,1.13,3.19
2013.06.26 14:05:50.536,1.64706,1.64738,1.32,2.44
2013.06.26 14:05:50.876,1.64707,1.64738,1.84,1.69
2013.06.26 14:05:51.240,1.64713,1.6474,1.13,1.69
2013.06.26 14:05:52.146,1.64713,1.64742,1.13,1.69
2013.06.26 14:05:53.085,1.64713,1.64743,1.32,1.69
2013.06.26 14:05:53.915,1.64713,1.64746,1.32,2.44
2013.06.26 14:05:55.515,1.6472,1.64747,1.13,2.44
2013.06.26 14:05:56.425,1.6472,1.64747,1.13,2.44
2013.06.26 14:05:57.125,1.6472,1.64749,1.13,1.69
2013.06.26 14:05:57.246,1.64716,1.64747,1.32,1.69
2013.06.26 14:05:57.545,1.64722,1.64745,1.13,1.69
2013.06.26 14:05:57.785,1.64707,1.64739,3.19,2.44
2013.06.26 14:05:57.965,1.64708,1.64741,1.84,2.44
2013.06.26 14:05:58.325,1.64713,1.64745,1.32,2.07
2013.06.26 14:06:00.275,1.64713,1.64745,1.32,2.44
2013.06.26 14:06:07.205,1.64712,1.64742,1.32,1.69
2013.06.26 14:06:10.268,1.64713,1.64741,1.32,1.69
2013.06.26 14:06:10.975,1.64711,1.64734,1.32,1.69
2013.06.26 14:06:11.036,1.64711,1.64734,1.13,2.44
2013.06.26 14:06:11.339,1.64698,1.6472,1.50,2.07
2013.06.26 14:06:11.578,1.64686,1.6472,2.44,3.19
2013.06.26 14:06:11.637,1.64686,1.64721,1.69,3.94
2013.06.26 14:06:11.935,1.64688,1.64721,1.69,1.69
2013.06.26 14:06:12.706,1.64691,1.64722,2.44,1.69
2013.06.26 14:06:12.855,1.64691,1.64722,2.44,3.19
2013.06.26 14:06:12.998,1.64691,1.64722,2.25,3.19
2013.06.26 14:06:13.747,1.64688,1.64721,2.44,2.44
2013.06.26 14:06:14.156,1.64688,1.64722,2.44,1.69
2013.06.26 14:06:14.215,1.64687,1.64722,1.69,1.69
2013.06.26 14:06:14.754,1.64693,1.64724,1.32,1.69
2013.06.26 14:06:14.815,1.64693,1.64725,1.32,1.69
2013.06.26 14:06:19.338,1.64692,1.64723,2.07,1.69
2013.06.26 14:06:22.687,1.64692,1.64718,1.13,1.69
2013.06.26 14:06:23.045,1.64707,1.64728,1.13,1.69
2013.06.26 14:06:23.595,1.64703,1.64734,2.44,3.19
2013.06.26 14:06:23.895,1.64696,1.6473,1.69,2.82
2013.06.26 14:06:23.955,1.64695,1.64728,3.19,1.69
2013.06.26 14:06:24.925,1.64702,1.64727,2.25,2.44
2013.06.26 14:06:25.045,1.64703,1.64731,2.22,1.69
2013.06.26 14:06:25.105,1.64703,1.64733,2.22,1.69
2013.06.26 14:06:25.225,1.64704,1.64733,1.69,1.69
2013.06.26 14:06:25.465,1.64705,1.64738,2.44,1.69
2013.06.26 14:06:25.645,1.64705,1.64738,2.25,1.69
2013.06.26 14:06:25.950,1.64707,1.64739,1.69,2.44
2013.06.26 14:06:26.079,1.64707,1.6474,3.19,1.69
2013.06.26 14:06:26.265,1.64713,1.64742,1.32,1.69
2013.06.26 14:06:26.385,1.64713,1.64742,1.32,1.69
2013.06.26 14:06:27.936,1.64717,1.64743,1.13,2.44
2013.06.26 14:06:27.996,1.64716,1.64743,1.69,3.19
2013.06.26 14:06:28.056,1.64713,1.64743,1.69,3.19
2013.06.26 14:06:28.415,1.64739,1.64748,1.13,1.50
2013.06.26 14:06:28.776,1.64754,1.64761,1.32,2.25
2013.06.26 14:06:28.836,1.64756,1.64771,1.32,1.50
2013.06.26 14:06:28.895,1.64765,1.64772,1.50,1.50
2013.06.26 14:06:28.956,1.64765,1.64776,1.50,2.25
2013.06.26 14:06:29.016,1.64764,1.64782,1.50,2.25
2013.06.26 14:06:29.077,1.64764,1.6479,2.25,2.44
2013.06.26 14:06:29.577,1.64763,1.64794,2.82,1.69
2013.06.26 14:06:30.305,1.64764,1.64797,1.69,1.69
2013.06.26 14:06:30.665,1.64763,1.64794,1.32,1.69
2013.06.26 14:06:31.265,1.64763,1.64787,1.13,1.69
2013.06.26 14:06:31.445,1.64762,1.64782,1.13,3.19
2013.06.26 14:06:32.005,1.64762,1.6478,1.13,1.69
2013.06.26 14:06:32.130,1.64761,1.64782,1.13,1.69
2013.06.26 14:06:32.199,1.64753,1.64782,1.32,1.69
2013.06.26 14:06:32.965,1.64752,1.64782,1.32,1.69
2013.06.26 14:06:33.787,1.64753,1.64779,1.32,1.69
2013.06.26 14:06:33.905,1.64752,1.64779,1.32,1.69
2013.06.26 14:06:34.425,1.64752,1.64777,1.32,1.69
2013.06.26 14:06:34.815,1.64752,1.64777,1.13,2.44
2013.06.26 14:06:36.525,1.64752,1.64773,1.13,1.69
2013.06.26 14:06:37.176,1.64741,1.64772,1.69,2.44
2013.06.26 14:06:37.236,1.64736,1.64771,1.69,2.44
2013.06.26 14:06:37.595,1.64726,1.64759,2.07,1.69
2013.06.26 14:06:37.956,1.64732,1.6476,1.32,3.19
2013.06.26 14:06:38.686,1.64732,1.64756,1.13,1.69
2013.06.26 14:06:38.746,1.64732,1.64755,1.13,1.69
2013.06.26 14:06:39.105,1.64721,1.6475,1.32,1.69
2013.06.26 14:06:40.155,1.64722,1.64753,1.32,3.19
2013.06.26 14:06:42.336,1.64723,1.64757,2.44,1.69
2013.06.26 14:06:42.456,1.64729,1.64758,1.13,2.44
2013.06.26 14:06:42.575,1.64731,1.64762,1.13,2.44
2013.06.26 14:06:42.697,1.64731,1.64762,1.13,2.44
2013.06.26 14:06:43.247,1.64732,1.64762,1.13,1.69
2013.06.26 14:06:43.485,1.64735,1.64764,1.69,3.19
2013.06.26 14:06:43.727,1.64738,1.64764,1.13,1.69
2013.06.26 14:06:43.786,1.64743,1.64768,1.13,2.44
2013.06.26 14:06:43.965,1.64743,1.6477,1.13,2.44
2013.06.26 14:06:44.539,1.64743,1.6477,2.44,1.69
2013.06.26 14:06:45.599,1.64744,1.6477,1.13,1.69
2013.06.26 14:06:45.656,1.64744,1.6477,1.13,1.69
2013.06.26 14:06:45.716,1.64749,1.6477,1.13,1.50
2013.06.26 14:06:45.836,1.64753,1.64773,1.13,1.69
2013.06.26 14:06:45.956,1.64752,1.64771,1.13,1.69
2013.06.26 14:06:46.620,1.64752,1.64774,1.13,2.44
2013.06.26 14:06:47.213,1.64752,1.64774,1.13,1.69
2013.06.26 14:06:47.915,1.64754,1.64774,1.13,1.69
2013.06.26 14:06:48.035,1.64755,1.64776,2.44,1.50
2013.06.26 14:06:48.395,1.64761,1.64785,1.13,1.69
2013.06.26 14:06:48.697,1.64761,1.64783,1.13,2.44
2013.06.26 14:06:48.782,1.64761,1.64783,1.13,2.44
2013.06.26 14:06:48.906,1.64761,1.64783,1.13,2.44
2013.06.26 14:06:48.966,1.64761,1.64783,1.13,2.44
2013.06.26 14:06:50.106,1.64761,1.64787,1.13,3.19
2013.06.26 14:06:50.346,1.64754,1.64786,1.13,1.69
2013.06.26 14:06:50.676,1.64754,1.64786,1.13,1.69
2013.06.26 14:06:50.735,1.64763,1.64787,1.13,3.19
2013.06.26 14:06:52.809,1.64762,1.64789,1.13,2.44
2013.06.26 14:06:52.943,1.64767,1.64789,1.13,2.44
2013.06.26 14:06:53.557,1.64766,1.64787,1.13,1.69
2013.06.26 14:06:54.215,1.64771,1.64789,1.13,1.69
2013.06.26 14:06:54.645,1.64766,1.64786,1.13,1.69
2013.06.26 14:06:55.926,1.64767,1.64786,1.13,1.69
2013.06.26 14:06:56.045,1.64767,1.64789,1.13,2.44
2013.06.26 14:06:56.395,1.64772,1.6479,1.13,1.69
2013.06.26 14:06:56.585,1.64763,1.64791,1.13,3.19
2013.06.26 14:06:56.765,1.64762,1.64794,1.13,2.44
2013.06.26 14:06:56.945,1.64776,1.64797,1.13,1.69
2013.06.26 14:06:57.065,1.64776,1.64798,1.13,3.19
2013.06.26 14:06:57.485,1.64772,1.64795,1.13,1.69
2013.06.26 14:06:57.626,1.64772,1.64795,1.13,1.69
2013.06.26 14:06:57.935,1.64776,1.64797,1.13,1.69
2013.06.26 14:06:58.857,1.64769,1.64797,1.13,1.69
2013.06.26 14:07:00.686,1.64769,1.64797,1.13,1.69
2013.06.26 14:07:02.096,1.64772,1.648,1.13,1.69
2013.06.26 14:07:02.765,1.64772,1.648,1.13,1.69
2013.06.26 14:07:03.348,1.64772,1.648,1.13,1.69
2013.06.26 14:07:03.579,1.64775,1.64801,1.13,1.69
2013.06.26 14:07:04.204,1.64775,1.64801,1.13,1.69
2013.06.26 14:07:05.605,1.64771,1.64798,1.13,1.69
2013.06.26 14:07:06.547,1.64772,1.64798,1.13,2.44
2013.06.26 14:07:09.148,1.64772,1.64798,1.13,3.19
2013.06.26 14:07:14.086,1.64763,1.64797,2.44,1.69
2013.06.26 14:07:15.426,1.64761,1.64784,1.69,2.25
2013.06.26 14:07:15.785,1.64746,1.64773,1.50,1.69
2013.06.26 14:07:15.846,1.64744,1.64773,2.44,1.69
2013.06.26 14:07:16.385,1.64741,1.64773,1.32,1.69
2013.06.26 14:07:16.746,1.64741,1.6477,1.32,1.69
2013.06.26 14:07:17.105,1.64729,1.64759,2.44,1.69
2013.06.26 14:07:17.226,1.64727,1.64759,2.44,1.69
2013.06.26 14:07:17.529,1.64729,1.6476,1.69,1.69
2013.06.26 14:07:18.917,1.64733,1.64768,2.07,1.69
2013.06.26 14:07:19.427,1.64732,1.64766,2.82,1.69
2013.06.26 14:07:19.726,1.64733,1.64761,2.07,1.69
2013.06.26 14:07:19.965,1.64733,1.64759,1.13,3.19
2013.06.26 14:07:20.145,1.64727,1.64755,1.69,1.69
2013.06.26 14:07:20.205,1.64727,1.64755,1.69,2.44
2013.06.26 14:07:20.833,1.64731,1.64752,1.13,1.69
2013.06.26 14:07:21.391,1.64731,1.64755,1.13,1.69
2013.06.26 14:07:21.945,1.64723,1.64755,1.32,1.69
2013.06.26 14:07:23.157,1.64723,1.64756,1.32,1.69
2013.06.26 14:07:28.681,1.64723,1.64759,1.32,2.44
2013.06.26 14:07:29.016,1.64723,1.64759,1.32,2.44
2013.06.26 14:07:29.589,1.64731,1.64758,1.13,2.44
2013.06.26 14:07:29.877,1.64732,1.64758,1.13,2.44
2013.06.26 14:07:32.699,1.64731,1.64759,1.32,1.69
2013.06.26 14:07:33.225,1.64722,1.64756,1.32,1.69
2013.06.26 14:07:34.516,1.64723,1.6475,1.13,1.69
2013.06.26 14:07:34.817,1.64722,1.64742,1.13,1.69
2013.06.26 14:07:34.877,1.64722,1.64742,1.13,1.69
2013.06.26 14:07:36.635,1.64723,1.64746,1.13,1.69
2013.06.26 14:07:36.935,1.64732,1.64753,1.13,1.69
2013.06.26 14:07:37.965,1.64732,1.64755,1.13,2.44
2013.06.26 14:07:38.026,1.64732,1.64755,1.13,2.44
2013.06.26 14:07:38.086,1.64732,1.64755,1.13,1.69
2013.06.26 14:07:38.268,1.64723,1.64751,1.32,1.69
2013.06.26 14:07:38.625,1.64718,1.64748,1.50,2.44
2013.06.26 14:07:38.805,1.64718,1.64744,1.50,1.69
2013.06.26 14:07:39.356,1.64723,1.64748,1.13,1.69
2013.06.26 14:07:39.595,1.64721,1.64751,1.13,1.69
2013.06.26 14:07:39.775,1.64714,1.64745,1.69,1.69
2013.06.26 14:07:40.435,1.64718,1.64743,2.44,1.50
2013.06.26 14:07:40.615,1.64722,1.6475,2.07,1.69
2013.06.26 14:07:40.855,1.64736,1.6476,1.50,1.32
2013.06.26 14:07:40.915,1.64737,1.6476,2.25,1.32
2013.06.26 14:07:41.036,1.6474,1.64761,1.50,1.32
2013.06.26 14:07:41.095,1.64734,1.64761,1.69,1.32
2013.06.26 14:07:41.515,1.64733,1.64757,2.44,1.28
2013.06.26 14:07:41.875,1.6473,1.64751,2.44,1.13
2013.06.26 14:07:42.236,1.64723,1.64755,1.32,1.69
2013.06.26 14:07:42.716,1.64723,1.64751,1.32,1.69
2013.06.26 14:07:42.837,1.64722,1.64748,1.50,1.69
2013.06.26 14:07:43.392,1.64719,1.64746,2.44,1.69
2013.06.26 14:07:44.166,1.64717,1.64746,2.44,1.69
2013.06.26 14:07:44.655,1.64717,1.64746,2.44,1.69
2013.06.26 14:07:44.775,1.64723,1.64748,1.13,1.69
2013.06.26 14:07:45.659,1.64731,1.64749,1.13,1.69
2013.06.26 14:07:45.955,1.64722,1.64746,1.32,1.69
2013.06.26 14:07:46.075,1.64723,1.64746,1.13,1.69
2013.06.26 14:07:46.475,1.64723,1.64743,1.13,1.69
2013.06.26 14:07:48.576,1.64714,1.64749,2.44,1.69
2013.06.26 14:07:49.726,1.64722,1.6475,1.13,1.69
2013.06.26 14:07:50.157,1.64722,1.64752,1.32,1.69
2013.06.26 14:07:50.338,1.64724,1.64758,2.44,1.32
2013.06.26 14:07:50.456,1.64727,1.64761,2.07,1.69
2013.06.26 14:07:50.815,1.64733,1.64759,1.32,1.69
2013.06.26 14:07:51.115,1.64732,1.64758,1.32,1.69
2013.06.26 14:07:52.152,1.64731,1.6476,1.32,2.44
2013.06.26 14:07:52.555,1.64731,1.64757,1.32,2.44
2013.06.26 14:07:52.675,1.64724,1.64754,1.69,1.69
2013.06.26 14:07:52.795,1.64721,1.64753,1.32,1.69
2013.06.26 14:07:53.155,1.64722,1.64753,1.32,3.19
2013.06.26 14:07:53.576,1.64723,1.64753,1.32,2.44
2013.06.26 14:07:53.956,1.64722,1.64756,1.32,2.44
2013.06.26 14:07:54.075,1.64724,1.64759,1.69,4.32
2013.06.26 14:07:54.366,1.64724,1.64759,1.69,2.82
2013.06.26 14:07:55.006,1.64724,1.64757,1.69,1.69
2013.06.26 14:07:55.126,1.64726,1.64758,1.69,1.69
2013.06.26 14:07:55.185,1.64722,1.64757,2.07,1.69
2013.06.26 14:07:55.246,1.64727,1.64757,1.32,1.69
2013.06.26 14:07:55.666,1.64726,1.64756,3.19,2.44
2013.06.26 14:07:55.725,1.64726,1.64759,3.19,2.44
2013.06.26 14:07:56.145,1.64723,1.64757,1.32,1.69
2013.06.26 14:07:56.455,1.64724,1.64757,2.44,1.69
2013.06.26 14:07:57.080,1.64732,1.64759,1.13,2.44
2013.06.26 14:07:57.935,1.64726,1.64758,1.32,2.07
2013.06.26 14:07:58.055,1.64727,1.64759,1.69,1.32
2013.06.26 14:07:58.175,1.64731,1.64761,3.19,1.69
2013.06.26 14:07:58.355,1.64731,1.64761,1.69,1.69
2013.06.26 14:07:58.475,1.64732,1.64761,1.69,1.32
2013.06.26 14:07:59.686,1.64732,1.64762,2.82,1.69
2013.06.26 14:07:59.866,1.64731,1.64761,1.32,2.44
2013.06.26 14:08:00.877,1.64731,1.64762,1.32,1.69
2013.06.26 14:08:01.176,1.64736,1.64763,1.50,2.44
2013.06.26 14:08:01.296,1.64736,1.64764,1.50,1.69
2013.06.26 14:08:01.355,1.64741,1.64764,1.50,1.69
2013.06.26 14:08:01.475,1.64739,1.64764,1.50,1.69
2013.06.26 14:08:01.535,1.64739,1.64759,1.50,1.13
2013.06.26 14:08:01.656,1.64738,1.64763,1.50,2.22
2013.06.26 14:08:01.716,1.64736,1.6476,1.50,1.32
2013.06.26 14:08:01.775,1.64736,1.6476,1.50,1.32
2013.06.26 14:08:02.435,1.64736,1.6476,2.44,1.32
2013.06.26 14:08:02.555,1.64738,1.64764,1.50,1.69
2013.06.26 14:08:03.035,1.64737,1.64759,1.69,1.32
2013.06.26 14:08:03.215,1.64734,1.64759,1.69,1.32
2013.06.26 14:08:03.960,1.64734,1.64762,2.44,1.69
2013.06.26 14:08:04.147,1.64731,1.64759,2.82,1.32
2013.06.26 14:08:04.665,1.6474,1.64762,1.88,1.32
2013.06.26 14:08:04.725,1.64744,1.64766,1.69,1.13
2013.06.26 14:08:04.845,1.64751,1.64771,1.32,1.13
2013.06.26 14:08:05.639,1.64751,1.64776,2.44,3.33
2013.06.26 14:08:05.956,1.6475,1.64776,3.94,3.33
2013.06.26 14:08:06.016,1.64751,1.64776,1.13,3.33
2013.06.26 14:08:06.256,1.64751,1.64775,1.13,1.69
2013.06.26 14:08:06.437,1.6475,1.64772,1.50,1.32
2013.06.26 14:08:06.556,1.64743,1.64772,1.32,1.32
2013.06.26 14:08:07.668,1.64746,1.6477,1.50,1.69
2013.06.26 14:08:07.905,1.64748,1.64775,1.50,2.44
2013.06.26 14:08:07.965,1.64753,1.6478,1.50,2.07
2013.06.26 14:08:08.085,1.64753,1.64776,1.69,1.13
2013.06.26 14:08:08.146,1.64753,1.64779,2.44,1.32
2013.06.26 14:08:08.205,1.64753,1.64779,3.19,1.32
2013.06.26 14:08:08.675,1.64755,1.64785,3.19,1.69
2013.06.26 14:08:09.195,1.64761,1.64789,1.13,1.85
2013.06.26 14:08:09.565,1.64761,1.6479,1.13,1.69
2013.06.26 14:08:10.096,1.64761,1.6479,1.13,1.69
2013.06.26 14:08:10.352,1.64761,1.6479,1.13,1.32
2013.06.26 14:08:11.337,1.64762,1.64793,1.69,1.32
2013.06.26 14:08:13.589,1.64762,1.64793,3.57,1.32
2013.06.26 14:08:14.016,1.64763,1.64797,2.07,1.69
2013.06.26 14:08:15.415,1.64762,1.64794,1.32,1.32
2013.06.26 14:08:15.945,1.64763,1.64791,1.32,1.32
2013.06.26 14:08:17.015,1.64763,1.64791,1.13,1.32
2013.06.26 14:08:17.169,1.64763,1.64791,1.32,1.32
2013.06.26 14:08:18.169,1.64762,1.64791,1.32,1.32
2013.06.26 14:08:22.725,1.64762,1.64793,2.07,1.32
2013.06.26 14:08:23.815,1.64763,1.64793,1.69,1.32
2013.06.26 14:08:27.585,1.64762,1.64793,2.63,1.32
2013.06.26 14:08:27.915,1.64767,1.64793,1.69,1.32
2013.06.26 14:08:28.035,1.64767,1.64793,2.44,1.13
2013.06.26 14:08:28.155,1.64775,1.64793,1.69,1.13
2013.06.26 14:08:28.215,1.64783,1.64802,1.13,1.50
2013.06.26 14:08:28.521,1.64783,1.6481,1.88,1.69
2013.06.26 14:08:28.806,1.64783,1.6481,1.88,1.69
2013.06.26 14:08:29.045,1.64788,1.64813,1.50,1.69
2013.06.26 14:08:32.075,1.64786,1.64812,1.50,1.69
2013.06.26 14:08:33.047,1.64786,1.64815,1.69,1.69
2013.06.26 14:08:33.106,1.64792,1.64815,1.13,1.32
2013.06.26 14:08:33.166,1.64785,1.64815,1.69,1.32
2013.06.26 14:08:33.587,1.64793,1.64816,1.13,1.32
2013.06.26 14:08:37.055,1.64793,1.64818,1.13,2.07
2013.06.26 14:08:37.195,1.6479,1.64818,1.88,1.69
2013.06.26 14:08:37.376,1.6479,1.6482,1.69,2.44
2013.06.26 14:08:37.435,1.64793,1.64819,1.13,1.32
2013.06.26 14:08:37.496,1.64791,1.64819,1.13,1.32
2013.06.26 14:08:37.556,1.6479,1.6482,1.88,2.44
2013.06.26 14:08:37.856,1.6479,1.6482,2.82,2.44
2013.06.26 14:08:38.460,1.64793,1.64819,1.32,1.32
2013.06.26 14:08:40.906,1.64792,1.6482,1.13,2.07
2013.06.26 14:08:43.506,1.64793,1.6482,1.13,1.32
2013.06.26 14:08:45.384,1.64794,1.6482,1.69,1.32
2013.06.26 14:08:46.775,1.64793,1.64819,1.13,1.69
2013.06.26 14:08:47.096,1.64793,1.64817,1.13,1.69
2013.06.26 14:08:47.395,1.64785,1.64813,2.07,2.07
2013.06.26 14:08:47.575,1.64785,1.64809,1.13,1.32
2013.06.26 14:08:47.876,1.64776,1.64805,1.32,2.44
2013.06.26 14:08:47.995,1.64778,1.64805,1.32,2.44
2013.06.26 14:08:48.646,1.64778,1.64809,2.25,1.32
2013.06.26 14:08:48.706,1.64778,1.64809,2.25,1.32
2013.06.26 14:08:48.885,1.64776,1.64808,1.32,1.69
2013.06.26 14:08:50.056,1.64776,1.64808,1.32,2.59
2013.06.26 14:08:50.667,1.64775,1.64802,1.97,1.32
2013.06.26 14:08:50.996,1.64775,1.64801,1.79,1.32
2013.06.26 14:08:51.506,1.64775,1.64797,1.79,1.69
2013.06.26 14:08:51.885,1.6478,1.64806,1.32,1.32
2013.06.26 14:08:52.005,1.64775,1.64799,1.79,1.32
2013.06.26 14:08:52.365,1.64775,1.64796,1.79,1.09
2013.06.26 14:08:52.876,1.64774,1.64796,1.90,1.09
2013.06.26 14:08:53.006,1.64774,1.64799,1.90,1.69
2013.06.26 14:08:53.365,1.64774,1.64796,1.90,2.44
2013.06.26 14:08:53.425,1.64772,1.64796,1.50,2.44
2013.06.26 14:08:53.545,1.64768,1.64796,1.69,2.44
2013.06.26 14:08:54.247,1.64765,1.64793,1.69,1.32
2013.06.26 14:08:55.185,1.64768,1.64793,1.32,1.09
2013.06.26 14:08:55.245,1.64768,1.64799,1.32,1.69
2013.06.26 14:08:58.226,1.64772,1.64803,1.32,2.44
2013.06.26 14:08:59.107,1.64769,1.64803,1.32,2.44
2013.06.26 14:08:59.471,1.64767,1.64798,1.32,1.69
2013.06.26 14:09:00.225,1.64763,1.64793,3.57,1.84
2013.06.26 14:09:00.285,1.64763,1.64791,1.69,1.09
2013.06.26 14:09:01.195,1.64762,1.6479,1.69,1.09
2013.06.26 14:09:01.455,1.64762,1.6479,1.32,1.09
2013.06.26 14:09:02.355,1.64762,1.64794,2.07,1.84
2013.06.26 14:09:02.715,1.64777,1.648,1.32,1.84
2013.06.26 14:09:02.955,1.6477,1.64798,2.44,1.65
2013.06.26 14:09:03.015,1.6477,1.64798,1.69,1.84
2013.06.26 14:09:03.196,1.64767,1.64798,1.69,1.84
2013.06.26 14:09:03.938,1.64766,1.64794,2.07,1.32
2013.06.26 14:09:03.997,1.64762,1.64794,2.44,1.32
2013.06.26 14:09:04.295,1.64764,1.64794,1.69,2.07
2013.06.26 14:09:04.796,1.64768,1.64793,1.69,1.13
2013.06.26 14:09:05.407,1.64776,1.64797,1.50,1.65
2013.06.26 14:09:05.766,1.64773,1.64797,1.50,1.65
2013.06.26 14:09:05.956,1.64769,1.64793,1.50,1.32
2013.06.26 14:09:06.438,1.64775,1.648,1.32,2.59
2013.06.26 14:09:06.496,1.64775,1.648,1.32,1.69
2013.06.26 14:09:06.618,1.64777,1.64797,1.32,1.50
2013.06.26 14:09:06.926,1.64777,1.648,1.32,1.09
2013.06.26 14:09:07.345,1.64782,1.64807,1.13,1.32
2013.06.26 14:09:07.406,1.64782,1.64808,1.32,1.47
2013.06.26 14:09:07.646,1.64778,1.6481,1.32,2.97
2013.06.26 14:09:09.009,1.64777,1.64808,1.32,3.34
2013.06.26 14:09:09.375,1.64782,1.64808,1.13,1.84
2013.06.26 14:09:09.555,1.64782,1.64808,1.32,1.09
2013.06.26 14:09:09.675,1.64778,1.64808,1.32,1.09
2013.06.26 14:09:09.735,1.64778,1.64808,1.32,1.84
2013.06.26 14:09:10.535,1.64776,1.64808,2.82,2.59
2013.06.26 14:09:10.895,1.64776,1.64801,2.07,1.84
2013.06.26 14:09:10.955,1.64773,1.64801,1.69,1.84
2013.06.26 14:09:11.076,1.64771,1.64801,2.44,1.84
2013.06.26 14:09:12.125,1.64769,1.64799,1.69,2.07
2013.06.26 14:09:12.666,1.64764,1.64796,2.07,2.07
2013.06.26 14:09:12.807,1.64764,1.64793,1.32,1.32
2013.06.26 14:09:13.646,1.64764,1.64795,1.69,2.07
2013.06.26 14:09:13.948,1.64775,1.64801,1.69,1.13
2013.06.26 14:09:14.007,1.64782,1.64801,1.13,1.50
2013.06.26 14:09:14.126,1.64782,1.64806,1.13,1.69
2013.06.26 14:09:14.607,1.64782,1.64809,1.88,1.32
2013.06.26 14:09:14.996,1.64783,1.64811,1.13,1.69
2013.06.26 14:09:15.735,1.64782,1.64811,1.32,1.32
2013.06.26 14:09:16.037,1.64782,1.64811,1.32,1.32
2013.06.26 14:09:19.205,1.64782,1.64813,1.32,1.32
2013.06.26 14:09:19.506,1.64794,1.64814,1.50,1.69
2013.06.26 14:09:19.626,1.64796,1.64817,1.50,1.13
2013.06.26 14:09:19.685,1.64797,1.64823,1.50,1.84
2013.06.26 14:09:20.045,1.64799,1.64827,2.44,2.22
2013.06.26 14:09:20.415,1.64801,1.64827,1.69,2.22
2013.06.26 14:09:20.761,1.64801,1.64832,1.88,1.84
2013.06.26 14:09:22.047,1.64801,1.64832,1.88,2.59
2013.06.26 14:09:23.211,1.64801,1.64832,1.13,1.84
2013.06.26 14:09:23.645,1.64798,1.64827,1.69,1.32
2013.06.26 14:09:23.766,1.64797,1.64827,1.69,1.32
2013.06.26 14:09:25.355,1.64794,1.64827,2.44,1.32
2013.06.26 14:09:25.415,1.64794,1.64827,2.44,1.32
2013.06.26 14:09:25.656,1.64795,1.64827,1.69,1.32
2013.06.26 14:09:26.076,1.64795,1.64827,1.69,2.22
2013.06.26 14:09:26.136,1.64792,1.64826,1.88,2.44
2013.06.26 14:09:26.196,1.64792,1.64823,1.13,1.84
2013.06.26 14:09:26.256,1.64792,1.64823,1.13,1.84
2013.06.26 14:09:26.557,1.64794,1.64827,1.32,1.32
2013.06.26 14:09:26.856,1.64797,1.64828,1.32,2.22
2013.06.26 14:09:26.915,1.64793,1.64824,3.57,1.32
2013.06.26 14:09:27.457,1.64793,1.64826,1.32,2.82
2013.06.26 14:09:28.307,1.64794,1.64828,2.44,1.69
2013.06.26 14:09:30.646,1.64793,1.64827,3.19,1.32
2013.06.26 14:09:31.005,1.64792,1.64824,2.07,1.69
2013.06.26 14:09:31.436,1.64793,1.6482,1.13,1.50
2013.06.26 14:09:31.738,1.64797,1.64826,1.13,2.25
2013.06.26 14:09:31.916,1.64797,1.64826,2.25,1.50
2013.06.26 14:09:32.156,1.64797,1.64832,3.19,1.84
2013.06.26 14:09:32.396,1.64802,1.64835,2.07,2.44
2013.06.26 14:09:32.635,1.64805,1.64835,2.44,2.44
2013.06.26 14:09:33.557,1.64803,1.64835,1.69,2.44
2013.06.26 14:09:33.676,1.64802,1.64837,3.19,1.69
2013.06.26 14:09:33.918,1.64802,1.64835,2.44,1.69
2013.06.26 14:09:33.977,1.64807,1.64835,1.32,1.69
2013.06.26 14:09:34.227,1.64807,1.64835,1.32,1.69
2013.06.26 14:09:34.286,1.64804,1.64835,1.32,1.69
2013.06.26 14:09:34.526,1.64802,1.64832,2.07,1.50
2013.06.26 14:09:34.706,1.64804,1.64832,1.32,1.50
2013.06.26 14:09:35.307,1.64806,1.64832,1.32,1.69
2013.06.26 14:09:35.666,1.64803,1.64831,1.32,1.69
2013.06.26 14:09:36.079,1.64807,1.64834,1.69,1.69
2013.06.26 14:09:36.149,1.64805,1.64834,1.69,1.69
2013.06.26 14:09:36.536,1.64807,1.64835,1.69,1.69
2013.06.26 14:09:36.775,1.64808,1.6484,1.69,1.69
2013.06.26 14:09:37.386,1.64807,1.64839,2.44,1.69
2013.06.26 14:09:37.445,1.64807,1.64837,1.69,1.32
2013.06.26 14:09:37.506,1.64807,1.64832,1.69,2.25
2013.06.26 14:09:37.865,1.64805,1.64828,1.69,2.25
2013.06.26 14:09:38.045,1.64805,1.64828,1.69,2.25
2013.06.26 14:09:38.997,1.64805,1.64828,1.69,1.50
2013.06.26 14:09:39.595,1.64802,1.64831,1.69,1.69
2013.06.26 14:09:39.655,1.64802,1.64831,1.32,1.69
2013.06.26 14:09:39.776,1.64797,1.64828,1.69,1.84
2013.06.26 14:09:40.585,1.64796,1.6483,3.19,1.84
2013.06.26 14:09:41.386,1.64805,1.64831,1.69,1.65
2013.06.26 14:09:41.689,1.6481,1.64838,1.32,2.44
2013.06.26 14:09:41.928,1.64817,1.64844,1.32,1.69
2013.06.26 14:09:42.286,1.6482,1.64852,1.69,1.84
2013.06.26 14:09:42.407,1.6482,1.64852,1.69,1.84
2013.06.26 14:09:42.466,1.6482,1.64849,1.32,2.44
2013.06.26 14:09:42.586,1.6482,1.64849,1.69,2.44
2013.06.26 14:09:43.115,1.64821,1.64852,1.69,2.44
2013.06.26 14:09:43.706,1.64821,1.64852,2.44,2.44
2013.06.26 14:09:46.345,1.64821,1.64853,1.69,4.09
2013.06.26 14:09:46.405,1.64821,1.64853,2.44,4.09
2013.06.26 14:09:46.645,1.64822,1.64853,1.69,1.69
2013.06.26 14:09:47.227,1.64822,1.64853,1.69,1.69
2013.06.26 14:09:47.346,1.64822,1.64853,1.50,1.84
2013.06.26 14:09:48.456,1.64819,1.64844,2.44,1.32
2013.06.26 14:09:48.516,1.64819,1.64838,1.50,1.13
2013.06.26 14:09:48.636,1.64818,1.64828,1.50,1.13
2013.06.26 14:09:48.996,1.64816,1.64825,3.00,1.32
2013.06.26 14:09:49.057,1.64809,1.64824,1.50,1.32
2013.06.26 14:09:49.176,1.64812,1.64824,1.50,1.32
2013.06.26 14:09:49.295,1.64798,1.64824,1.69,1.32
2013.06.26 14:09:49.416,1.64798,1.64824,1.69,1.32
2013.06.26 14:09:49.717,1.64796,1.64824,1.69,1.69
2013.06.26 14:09:49.837,1.64796,1.64822,1.32,2.44
2013.06.26 14:09:50.136,1.6479,1.64809,1.13,1.84
2013.06.26 14:09:50.196,1.64785,1.64809,1.13,1.84
2013.06.26 14:09:50.255,1.64782,1.64809,1.32,2.22
2013.06.26 14:09:50.375,1.64782,1.64809,1.13,2.22
2013.06.26 14:09:50.891,1.64782,1.64804,1.13,1.09
2013.06.26 14:09:51.392,1.64782,1.64803,1.13,1.09
2013.06.26 14:09:51.896,1.64782,1.64805,1.13,1.09
2013.06.26 14:09:52.435,1.64782,1.64805,1.13,1.09
2013.06.26 14:09:53.016,1.64782,1.64805,1.13,1.09
2013.06.26 14:09:53.646,1.64777,1.64805,1.69,1.84
2013.06.26 14:09:54.006,1.64777,1.64803,1.13,1.32
2013.06.26 14:09:54.365,1.64777,1.64808,2.44,2.07
2013.06.26 14:09:54.426,1.64781,1.64808,1.13,2.07
2013.06.26 14:09:54.606,1.64777,1.64808,1.69,1.84
2013.06.26 14:09:54.727,1.64776,1.64807,1.69,2.44
2013.06.26 14:09:54.906,1.64782,1.64807,1.32,2.44
2013.06.26 14:09:55.026,1.64782,1.64808,1.32,2.07
2013.06.26 14:09:55.146,1.64782,1.64808,1.32,1.32
2013.06.26 14:09:55.266,1.64784,1.6481,1.32,1.69
2013.06.26 14:09:55.386,1.64784,1.64813,2.07,1.13
2013.06.26 14:09:55.676,1.64784,1.64813,1.69,1.13
2013.06.26 14:09:55.918,1.64783,1.64814,1.32,2.03
2013.06.26 14:09:55.976,1.64783,1.64813,1.32,1.13
2013.06.26 14:09:56.155,1.64782,1.64813,2.07,1.13
2013.06.26 14:09:56.276,1.64782,1.64813,2.07,1.32
2013.06.26 14:09:56.596,1.64777,1.64808,2.82,1.32
2013.06.26 14:09:56.776,1.64781,1.64812,1.32,1.69
2013.06.26 14:09:56.836,1.64783,1.64814,1.32,2.07
2013.06.26 14:09:57.195,1.64791,1.64819,3.19,1.69
2013.06.26 14:09:57.436,1.64794,1.64819,1.50,1.32
2013.06.26 14:09:57.500,1.64794,1.64824,1.69,1.32
2013.06.26 14:09:57.566,1.64794,1.64824,2.44,1.32
2013.06.26 14:09:57.685,1.64801,1.64826,1.32,1.32
2013.06.26 14:09:57.986,1.64802,1.64826,2.07,1.13
2013.06.26 14:09:58.865,1.64804,1.64838,2.44,1.32
2013.06.26 14:09:59.165,1.64807,1.64837,1.32,1.69
2013.06.26 14:09:59.286,1.64807,1.64837,1.32,1.69
2013.06.26 14:10:01.416,1.64811,1.64842,1.32,1.69
2013.06.26 14:10:01.717,1.64815,1.64848,1.69,2.44
2013.06.26 14:10:02.216,1.64815,1.6485,2.44,1.69
2013.06.26 14:10:02.727,1.64814,1.64849,1.32,2.07
2013.06.26 14:10:02.875,1.64823,1.64851,1.13,1.69
2013.06.26 14:10:03.386,1.64822,1.64849,1.13,1.50
2013.06.26 14:10:03.625,1.6485,1.64865,1.13,1.69
2013.06.26 14:10:03.685,1.64835,1.64857,1.69,2.40
2013.06.26 14:10:03.806,1.64832,1.64854,1.32,1.09
2013.06.26 14:10:04.329,1.64826,1.64854,1.32,1.84
2013.06.26 14:10:04.401,1.64822,1.64854,1.69,3.19
2013.06.26 14:10:05.415,1.64822,1.64852,1.69,2.59
2013.06.26 14:10:05.611,1.64822,1.64849,1.32,1.47
2013.06.26 14:10:06.318,1.64818,1.64846,1.32,1.28
2013.06.26 14:10:06.977,1.64817,1.64845,1.32,1.09
2013.06.26 14:10:07.739,1.64817,1.64845,1.32,1.09
2013.06.26 14:10:08.666,1.64817,1.64843,1.32,1.09
2013.06.26 14:10:09.026,1.64811,1.64839,1.32,2.59
2013.06.26 14:10:09.766,1.64811,1.64836,1.32,1.09
2013.06.26 14:10:10.026,1.64811,1.64834,1.32,3.34
2013.06.26 14:10:10.445,1.64817,1.64841,1.13,1.69
2013.06.26 14:10:10.626,1.64817,1.64844,1.32,1.69
2013.06.26 14:10:11.409,1.64817,1.64844,1.32,2.59
2013.06.26 14:10:11.863,1.64817,1.64841,1.32,1.69
2013.06.26 14:10:12.486,1.64817,1.64844,1.32,1.84
2013.06.26 14:10:13.226,1.64812,1.64839,1.32,1.65
2013.06.26 14:10:13.286,1.6481,1.64838,2.07,1.50
2013.06.26 14:10:13.346,1.6481,1.64833,1.32,1.50
2013.06.26 14:10:13.467,1.64809,1.64824,2.25,1.65
2013.06.26 14:10:13.707,1.64801,1.64823,1.50,1.32
2013.06.26 14:10:14.066,1.64797,1.64814,1.95,1.84
2013.06.26 14:10:14.365,1.64776,1.64807,2.44,1.32
2013.06.26 14:10:14.546,1.64774,1.64805,1.32,1.09
2013.06.26 14:10:14.966,1.64779,1.6481,1.69,1.69
2013.06.26 14:10:15.296,1.64801,1.6482,1.13,1.50
2013.06.26 14:10:15.356,1.64801,1.64825,1.13,2.22
2013.06.26 14:10:15.778,1.64795,1.64822,1.69,1.09
2013.06.26 14:10:15.897,1.64793,1.64822,2.25,1.09
2013.06.26 14:10:16.165,1.64793,1.64822,2.25,1.09
2013.06.26 14:10:16.585,1.64793,1.64822,1.69,1.09
2013.06.26 14:10:16.928,1.64793,1.64822,1.69,1.09
2013.06.26 14:10:17.106,1.64802,1.64824,1.28,1.50
2013.06.26 14:10:17.166,1.64815,1.64833,1.13,1.65
2013.06.26 14:10:17.286,1.64815,1.64838,1.32,1.47
2013.06.26 14:10:17.406,1.64817,1.64838,1.32,1.28
2013.06.26 14:10:17.586,1.64806,1.64836,1.69,1.84
2013.06.26 14:10:17.645,1.64807,1.64836,1.69,1.09
2013.06.26 14:10:17.705,1.64805,1.64836,1.69,1.09
2013.06.26 14:10:18.257,1.64807,1.64838,1.32,1.32
2013.06.26 14:10:18.838,1.64812,1.64841,1.32,2.44
2013.06.26 14:10:19.691,1.64809,1.64839,1.32,2.82
2013.06.26 14:10:19.818,1.64813,1.64838,1.32,2.07
2013.06.26 14:10:20.175,1.64831,1.64845,1.13,2.25
2013.06.26 14:10:20.236,1.64831,1.64851,1.13,2.25
2013.06.26 14:10:20.297,1.64831,1.64852,1.13,1.50
2013.06.26 14:10:20.356,1.64826,1.64852,2.25,1.50
2013.06.26 14:10:20.415,1.64829,1.6485,1.13,1.50
2013.06.26 14:10:20.476,1.64826,1.6485,2.25,1.50
2013.06.26 14:10:20.655,1.64826,1.64847,1.69,1.50
2013.06.26 14:10:20.776,1.64817,1.64845,1.69,1.50
2013.06.26 14:10:21.016,1.64817,1.64841,2.44,1.50
2013.06.26 14:10:21.195,1.64815,1.64841,1.69,1.50
2013.06.26 14:10:21.256,1.64813,1.64841,1.32,2.25
2013.06.26 14:10:21.706,1.64815,1.64842,1.69,2.25
2013.06.26 14:10:22.225,1.64816,1.64844,1.13,1.69
2013.06.26 14:10:23.146,1.64822,1.64847,1.32,1.09
2013.06.26 14:10:23.206,1.64822,1.64848,1.32,2.59
2013.06.26 14:10:23.265,1.64822,1.64848,1.32,2.59
2013.06.26 14:10:23.446,1.64814,1.64842,1.69,1.69
2013.06.26 14:10:23.506,1.64815,1.64842,1.69,1.50
2013.06.26 14:10:23.865,1.64813,1.64836,1.13,2.25
2013.06.26 14:10:24.046,1.64807,1.64832,1.69,1.13
2013.06.26 14:10:24.345,1.64803,1.64832,1.69,1.88
2013.06.26 14:10:25.145,1.64806,1.64829,2.44,1.50
2013.06.26 14:10:25.505,1.64809,1.64839,1.13,2.70
2013.06.26 14:10:25.936,1.64812,1.64839,1.69,1.95
2013.06.26 14:10:26.576,1.64812,1.64841,2.07,1.13
2013.06.26 14:10:27.896,1.64813,1.64844,1.69,1.69
2013.06.26 14:10:28.078,1.64816,1.64845,1.32,2.89
2013.06.26 14:10:28.445,1.64814,1.64843,1.32,1.69
2013.06.26 14:10:28.956,1.64811,1.64839,1.69,1.50
2013.06.26 14:10:29.256,1.64806,1.64839,2.44,1.69
2013.06.26 14:10:29.496,1.64807,1.64835,2.44,1.50
2013.06.26 14:10:29.555,1.64807,1.64835,1.69,1.69
2013.06.26 14:10:30.035,1.64804,1.64832,1.69,2.78
2013.06.26 14:10:30.215,1.64802,1.64828,1.69,1.65
2013.06.26 14:10:30.275,1.64801,1.64828,1.69,1.65
2013.06.26 14:10:30.695,1.64805,1.64833,1.69,2.97
2013.06.26 14:10:30.756,1.64805,1.64833,1.69,1.28
2013.06.26 14:10:31.116,1.64811,1.64835,1.50,1.09
2013.06.26 14:10:31.235,1.64822,1.64843,1.50,3.19
2013.06.26 14:10:31.295,1.64822,1.64846,1.69,1.65
2013.06.26 14:10:31.356,1.64818,1.64843,2.44,1.50
2013.06.26 14:10:31.536,1.64818,1.64843,1.69,1.69
2013.06.26 14:10:31.718,1.64812,1.64843,1.32,2.07
2013.06.26 14:10:31.837,1.64813,1.64843,1.32,1.32
2013.06.26 14:10:31.957,1.64812,1.64841,1.32,2.44
2013.06.26 14:10:32.017,1.64812,1.64841,1.13,2.44
2013.06.26 14:10:32.319,1.64821,1.64842,1.69,1.65
2013.06.26 14:10:32.437,1.64821,1.64849,1.69,1.69
2013.06.26 14:10:32.497,1.6482,1.64848,2.44,1.69
2013.06.26 14:10:32.557,1.6482,1.64855,2.44,1.69
2013.06.26 14:10:32.735,1.64826,1.64855,1.32,1.32
2013.06.26 14:10:33.204,1.64831,1.64858,1.13,3.19
2013.06.26 14:10:33.281,1.64831,1.64858,1.32,3.19
2013.06.26 14:10:33.346,1.64831,1.64857,2.07,2.25
2013.06.26 14:10:33.525,1.64831,1.64858,2.07,1.69
2013.06.26 14:10:34.006,1.64829,1.64858,1.32,2.59
2013.06.26 14:10:34.555,1.64828,1.64861,1.32,3.34
2013.06.26 14:10:35.186,1.64832,1.64861,1.32,1.09
2013.06.26 14:10:35.511,1.64837,1.64862,1.13,1.47
2013.06.26 14:10:36.047,1.64836,1.64858,1.32,1.28
2013.06.26 14:10:36.230,1.64836,1.6486,1.32,2.59
2013.06.26 14:10:36.529,1.64827,1.64857,2.07,1.09
2013.06.26 14:10:36.656,1.64826,1.64857,1.32,3.34
2013.06.26 14:10:37.158,1.64826,1.64853,1.32,1.69
2013.06.26 14:10:37.877,1.64826,1.64857,1.32,3.19
2013.06.26 14:10:38.428,1.64826,1.64856,1.13,2.44
2013.06.26 14:10:39.086,1.64828,1.64859,1.13,2.82
2013.06.26 14:10:39.265,1.64826,1.64856,1.69,1.32
2013.06.26 14:10:40.540,1.64824,1.64856,1.32,2.07
2013.06.26 14:10:40.705,1.64832,1.64856,1.32,1.13
2013.06.26 14:10:40.765,1.64832,1.64858,1.32,1.13
2013.06.26 14:10:41.006,1.64828,1.64849,1.69,1.65
2013.06.26 14:10:41.065,1.64828,1.64848,1.69,1.65
2013.06.26 14:10:41.125,1.64825,1.64848,1.69,1.84
2013.06.26 14:10:41.185,1.64825,1.64849,1.69,2.44
2013.06.26 14:10:41.755,1.64822,1.64854,3.57,1.32
2013.06.26 14:10:42.115,1.64829,1.64855,1.32,1.32
2013.06.26 14:10:43.195,1.64829,1.64855,2.07,1.13
2013.06.26 14:10:43.256,1.64836,1.64865,1.32,1.84
2013.06.26 14:10:43.316,1.64836,1.64865,1.32,1.65
2013.06.26 14:10:44.845,1.64836,1.64863,1.32,1.50
2013.06.26 14:10:45.525,1.64836,1.64867,1.32,2.07
2013.06.26 14:10:45.832,1.64836,1.64864,1.32,1.50
2013.06.26 14:10:46.206,1.64836,1.64864,1.32,1.50
2013.06.26 14:10:46.478,1.64836,1.64864,1.32,1.50
2013.06.26 14:10:46.587,1.64836,1.64865,1.32,2.25
2013.06.26 14:10:48.756,1.64836,1.64867,1.32,1.84
2013.06.26 14:10:48.876,1.64842,1.64867,1.13,1.09
2013.06.26 14:10:48.935,1.64842,1.64868,1.32,1.65
2013.06.26 14:10:48.995,1.64845,1.6487,1.13,1.69
2013.06.26 14:10:49.406,1.64854,1.64878,1.50,1.69
2013.06.26 14:10:49.525,1.64854,1.64878,2.44,1.50
2013.06.26 14:10:49.885,1.64859,1.64883,1.69,2.72
2013.06.26 14:10:50.246,1.64871,1.64883,2.82,1.97
2013.06.26 14:10:50.386,1.64871,1.64897,2.82,1.32
2013.06.26 14:10:50.625,1.64873,1.64901,1.69,1.69
2013.06.26 14:10:50.866,1.64876,1.64905,1.69,1.69
2013.06.26 14:10:51.465,1.64876,1.64908,1.69,2.44
2013.06.26 14:10:51.645,1.64876,1.64902,1.32,1.50
2013.06.26 14:10:51.946,1.64876,1.64897,1.69,1.50
2013.06.26 14:10:52.245,1.64872,1.64902,1.69,2.44
2013.06.26 14:10:52.486,1.64869,1.64898,1.69,2.25
2013.06.26 14:10:52.879,1.6487,1.649,2.44,1.13
2013.06.26 14:10:53.176,1.64868,1.649,1.69,2.07
2013.06.26 14:10:53.796,1.64867,1.64894,1.32,1.65
2013.06.26 14:10:54.497,1.64867,1.64897,1.32,1.65
2013.06.26 14:10:56.865,1.64868,1.649,2.07,2.07
2013.06.26 14:10:58.679,1.64871,1.649,2.44,1.13
2013.06.26 14:10:59.047,1.64871,1.64903,3.19,1.32
2013.06.26 14:10:59.226,1.64872,1.64903,2.07,1.32
2013.06.26 14:10:59.786,1.64876,1.64906,1.32,1.32
2013.06.26 14:11:00.087,1.64881,1.64909,1.32,1.50
2013.06.26 14:11:00.478,1.64888,1.64911,1.32,1.13
2013.06.26 14:11:01.017,1.64882,1.64908,4.69,1.50
2013.06.26 14:11:01.606,1.64887,1.64911,1.69,1.13
2013.06.26 14:11:02.246,1.64885,1.64911,1.69,1.88
2013.06.26 14:11:02.366,1.64885,1.64911,1.69,1.88
2013.06.26 14:11:02.726,1.64897,1.64917,1.50,1.50
2013.06.26 14:11:03.026,1.64892,1.64913,3.57,1.50
2013.06.26 14:11:03.265,1.64892,1.64913,2.07,2.25
2013.06.26 14:11:03.567,1.64889,1.64905,2.55,1.13
2013.06.26 14:11:03.926,1.64889,1.64905,1.80,1.13
2013.06.26 14:11:03.986,1.64881,1.64905,2.07,1.13
2013.06.26 14:11:04.106,1.64876,1.649,1.69,2.25
2013.06.26 14:11:04.682,1.64877,1.64904,1.69,2.44
2013.06.26 14:11:05.091,1.64899,1.64912,1.50,3.15
2013.06.26 14:11:05.161,1.64906,1.64918,1.50,1.13
2013.06.26 14:11:05.227,1.64906,1.64926,1.50,1.50
2013.06.26 14:11:05.465,1.64901,1.64935,1.69,1.69
2013.06.26 14:11:05.526,1.64909,1.64935,1.32,1.50
2013.06.26 14:11:05.827,1.64922,1.64953,1.13,2.44
2013.06.26 14:11:05.886,1.6492,1.64948,1.13,2.44
2013.06.26 14:11:06.006,1.64922,1.64949,1.32,2.44
2013.06.26 14:11:06.187,1.6492,1.64949,1.32,2.44
2013.06.26 14:11:06.365,1.6492,1.6495,1.13,2.59
2013.06.26 14:11:06.926,1.64912,1.64947,2.07,1.69
2013.06.26 14:11:07.696,1.64919,1.64948,1.32,2.44
2013.06.26 14:11:07.756,1.64919,1.64948,1.32,2.44
2013.06.26 14:11:07.876,1.64914,1.64946,1.32,1.28
2013.06.26 14:11:07.936,1.64918,1.64941,1.50,1.32
2013.06.26 14:11:07.996,1.64918,1.64941,1.50,1.32
2013.06.26 14:11:08.176,1.64905,1.64938,1.32,1.69
2013.06.26 14:11:08.236,1.64904,1.64935,2.07,1.69
2013.06.26 14:11:08.775,1.64906,1.64935,1.13,1.69
2013.06.26 14:11:09.135,1.64923,1.64953,1.32,1.69
2013.06.26 14:11:09.878,1.64923,1.64956,1.69,2.44
2013.06.26 14:11:10.177,1.6492,1.64953,2.07,1.69
2013.06.26 14:11:10.236,1.6492,1.64953,1.32,1.69
2013.06.26 14:11:10.596,1.64911,1.64944,2.07,1.69
2013.06.26 14:11:10.837,1.64911,1.64944,2.07,1.69
2013.06.26 14:11:11.197,1.64912,1.64948,2.07,1.69
2013.06.26 14:11:12.827,1.64912,1.64943,2.07,1.84
2013.06.26 14:11:13.006,1.64911,1.64942,1.32,1.69
2013.06.26 14:11:13.246,1.64911,1.64937,1.13,1.69
2013.06.26 14:11:13.606,1.64901,1.64931,1.32,1.69
2013.06.26 14:11:13.727,1.64898,1.64928,1.13,1.69
2013.06.26 14:11:13.909,1.64891,1.64923,1.13,2.44
2013.06.26 14:11:14.658,1.64886,1.64916,1.13,1.32
2013.06.26 14:11:14.778,1.64881,1.64916,1.32,1.32
2013.06.26 14:11:15.656,1.64882,1.64913,1.32,2.44
2013.06.26 14:11:16.196,1.64882,1.64916,1.32,2.07
2013.06.26 14:11:16.256,1.64882,1.64914,1.32,1.32
2013.06.26 14:11:16.375,1.64879,1.64914,2.07,2.07
2013.06.26 14:11:16.509,1.64879,1.64912,2.07,2.44
2013.06.26 14:11:16.827,1.64892,1.64915,1.13,2.07
2013.06.26 14:11:16.885,1.64883,1.64911,1.32,1.32
2013.06.26 14:11:17.006,1.64879,1.64908,1.69,1.50
2013.06.26 14:11:17.066,1.64877,1.64908,2.07,1.69
2013.06.26 14:11:17.246,1.64873,1.64901,1.13,1.69
2013.06.26 14:11:17.365,1.64871,1.64897,1.50,1.69
2013.06.26 14:11:17.486,1.64858,1.64892,1.69,1.69
2013.06.26 14:11:17.606,1.64858,1.64892,1.32,1.69
2013.06.26 14:11:17.985,1.64862,1.64893,1.32,1.69
2013.06.26 14:11:18.519,1.64866,1.64895,1.13,2.44
2013.06.26 14:11:18.589,1.64862,1.64892,1.32,2.44
2013.06.26 14:11:18.887,1.64861,1.64892,1.13,1.69
2013.06.26 14:11:19.587,1.64862,1.64888,1.13,2.82
2013.06.26 14:11:19.826,1.64843,1.64878,1.69,2.07
2013.06.26 14:11:19.886,1.64843,1.64873,1.50,1.69
2013.06.26 14:11:20.065,1.6484,1.64871,1.50,1.69
2013.06.26 14:11:20.246,1.64843,1.64871,1.88,1.69
2013.06.26 14:11:20.305,1.64843,1.64874,1.88,2.44
2013.06.26 14:11:20.426,1.64843,1.64875,2.07,1.69
2013.06.26 14:11:20.486,1.64841,1.64876,2.07,1.69
2013.06.26 14:11:21.035,1.64846,1.64878,1.13,1.69
2013.06.26 14:11:21.555,1.64846,1.64879,1.32,1.69
2013.06.26 14:11:22.075,1.64846,1.6488,1.32,1.69
2013.06.26 14:11:22.316,1.64861,1.64887,1.32,1.69
2013.06.26 14:11:22.437,1.64862,1.64887,1.13,3.19
2013.06.26 14:11:22.766,1.64869,1.64887,1.13,1.50
2013.06.26 14:11:22.826,1.64869,1.64902,1.32,1.32
2013.06.26 14:11:23.005,1.64872,1.64904,1.13,1.32
2013.06.26 14:11:23.317,1.64875,1.64906,1.69,1.69
2013.06.26 14:11:23.506,1.64872,1.64902,1.69,1.69
2013.06.26 14:11:23.746,1.64867,1.64901,2.82,2.44
2013.06.26 14:11:24.105,1.64872,1.64903,1.69,1.69
2013.06.26 14:11:24.226,1.6487,1.64907,2.07,1.69
2013.06.26 14:11:24.405,1.64868,1.64903,1.32,2.44
2013.06.26 14:11:24.525,1.64866,1.64898,1.50,1.69
2013.06.26 14:11:24.945,1.64863,1.64895,1.50,1.69
2013.06.26 14:11:25.306,1.64865,1.64896,1.50,3.94
2013.06.26 14:11:25.559,1.64873,1.64901,1.13,2.44
2013.06.26 14:11:25.677,1.64872,1.64901,1.13,1.69
2013.06.26 14:11:25.917,1.64864,1.64901,1.32,2.44
2013.06.26 14:11:26.036,1.64864,1.649,1.32,1.69
2013.06.26 14:11:26.156,1.64861,1.64899,2.07,1.69
2013.06.26 14:11:27.251,1.64861,1.64895,1.32,1.69
2013.06.26 14:11:28.065,1.64861,1.64894,1.69,3.94
2013.06.26 14:11:28.416,1.64871,1.64894,1.13,2.44
2013.06.26 14:11:28.536,1.64871,1.64894,1.13,1.69
2013.06.26 14:11:30.235,1.64871,1.64898,1.13,2.44
2013.06.26 14:11:31.679,1.64873,1.64897,1.13,1.69
2013.06.26 14:11:31.995,1.64876,1.64897,1.13,1.69
2013.06.26 14:11:33.375,1.64872,1.64897,1.13,1.69
2013.06.26 14:11:33.435,1.64872,1.64897,1.13,1.69
2013.06.26 14:11:33.856,1.64872,1.64897,1.13,1.69
2013.06.26 14:11:34.766,1.64873,1.64899,1.13,1.69
2013.06.26 14:11:35.946,1.64869,1.64899,1.32,2.44
2013.06.26 14:11:36.066,1.64866,1.649,2.44,1.69
2013.06.26 14:11:36.246,1.64866,1.64895,1.69,1.69
2013.06.26 14:11:38.057,1.64862,1.64895,2.44,2.44
2013.06.26 14:11:39.066,1.64863,1.64895,1.32,2.44
2013.06.26 14:11:39.186,1.64866,1.64902,1.69,1.69
2013.06.26 14:11:40.317,1.64871,1.64897,1.32,1.50
2013.06.26 14:11:40.886,1.64871,1.64898,1.32,1.69
2013.06.26 14:11:41.396,1.64866,1.64899,1.69,2.44
2013.06.26 14:11:41.815,1.64868,1.64901,1.32,2.44
2013.06.26 14:11:42.055,1.64866,1.64901,2.82,1.69
2013.06.26 14:11:42.116,1.64868,1.64901,1.32,1.69
2013.06.26 14:11:43.832,1.64868,1.649,1.32,1.69
2013.06.26 14:11:44.376,1.64869,1.64897,1.32,2.44
2013.06.26 14:11:45.285,1.64872,1.64899,1.13,1.69
2013.06.26 14:11:45.585,1.64866,1.649,2.82,3.19
2013.06.26 14:11:46.175,1.64866,1.64899,2.82,2.44
2013.06.26 14:11:46.302,1.64869,1.64899,1.13,1.69
2013.06.26 14:11:46.658,1.64863,1.64897,2.07,2.44
2013.06.26 14:11:46.837,1.64863,1.64897,1.32,3.19
2013.06.26 14:11:48.426,1.64865,1.64888,1.69,1.50
2013.06.26 14:11:48.545,1.64862,1.64886,1.88,1.69
2013.06.26 14:11:48.606,1.64851,1.64882,1.13,2.44
2013.06.26 14:11:48.666,1.64857,1.64882,1.13,1.69
2013.06.26 14:11:48.905,1.64861,1.64887,1.13,2.07
2013.06.26 14:11:49.426,1.64857,1.64887,1.13,1.32
2013.06.26 14:11:49.967,1.64857,1.64886,1.13,1.69
2013.06.26 14:11:50.216,1.64853,1.64882,1.69,2.44
2013.06.26 14:11:50.275,1.64851,1.64882,1.88,2.44
2013.06.26 14:11:50.635,1.64863,1.64891,1.32,1.69
2013.06.26 14:11:50.696,1.64863,1.64893,1.32,1.69
2013.06.26 14:11:51.886,1.64862,1.64887,1.13,1.32
2013.06.26 14:11:51.947,1.64856,1.64885,1.32,2.07
2013.06.26 14:11:52.006,1.64855,1.64883,1.13,1.69
2013.06.26 14:11:52.065,1.64852,1.64883,1.69,1.69
2013.06.26 14:11:52.186,1.64852,1.6488,1.50,2.44
2013.06.26 14:11:53.747,1.64851,1.6488,1.13,2.44
2013.06.26 14:11:54.234,1.64847,1.6488,1.32,2.44
2013.06.26 14:11:54.302,1.64842,1.64869,1.13,1.69
2013.06.26 14:11:54.369,1.64841,1.64869,1.69,1.69
2013.06.26 14:11:54.430,1.64841,1.64866,1.50,1.69
2013.06.26 14:11:54.617,1.64834,1.64863,1.88,1.69
2013.06.26 14:11:54.736,1.64836,1.64862,1.69,1.69
2013.06.26 14:11:54.857,1.64836,1.64862,1.50,1.69
2013.06.26 14:11:54.977,1.64832,1.64865,1.69,1.69
2013.06.26 14:11:55.526,1.64832,1.64859,1.50,1.09
2013.06.26 14:11:55.996,1.64826,1.64858,2.82,1.69
2013.06.26 14:11:56.726,1.64831,1.64857,1.32,1.69
2013.06.26 14:11:56.906,1.64832,1.64859,1.13,1.69
2013.06.26 14:11:57.265,1.64832,1.64861,1.32,2.44
2013.06.26 14:11:57.325,1.64833,1.64861,1.13,2.44
2013.06.26 14:11:58.125,1.64832,1.64861,1.32,1.69
2013.06.26 14:11:58.347,1.64835,1.64863,1.69,1.69
2013.06.26 14:11:58.648,1.64856,1.64872,1.13,2.10
2013.06.26 14:11:59.008,1.64863,1.64877,1.69,1.37
2013.06.26 14:11:59.309,1.64869,1.64885,1.32,4.01
2013.06.26 14:11:59.630,1.64871,1.64887,1.13,4.01
2013.06.26 14:11:59.687,1.64871,1.6489,1.13,1.91
2013.06.26 14:11:59.928,1.64872,1.64899,1.32,1.13
2013.06.26 14:12:00.436,1.64872,1.64898,1.32,1.32
2013.06.26 14:12:01.286,1.64872,1.64901,1.32,1.69
2013.06.26 14:12:01.588,1.64872,1.64896,1.50,1.69
2013.06.26 14:12:02.195,1.64868,1.64895,2.44,1.32
2013.06.26 14:12:02.257,1.64866,1.64897,1.69,1.32
2013.06.26 14:12:02.376,1.64867,1.64897,1.69,1.69
2013.06.26 14:12:02.436,1.64872,1.64897,1.13,1.69
2013.06.26 14:12:03.197,1.64868,1.649,1.32,2.44
2013.06.26 14:12:03.757,1.64867,1.64902,1.32,3.19
2013.06.26 14:12:04.295,1.6487,1.64902,1.32,2.44
2013.06.26 14:12:04.884,1.64872,1.64903,1.32,2.44
2013.06.26 14:12:05.066,1.64872,1.64899,1.13,1.69
2013.06.26 14:12:05.368,1.64862,1.64887,1.32,1.69
2013.06.26 14:12:05.547,1.64861,1.64888,1.32,1.69
2013.06.26 14:12:05.766,1.64861,1.6489,1.13,2.44
2013.06.26 14:12:06.310,1.64861,1.6489,1.13,2.44
2013.06.26 14:12:06.861,1.64857,1.64887,1.32,1.69
2013.06.26 14:12:07.406,1.64857,1.6489,2.07,1.69
2013.06.26 14:12:07.586,1.64853,1.64883,1.69,1.69
2013.06.26 14:12:07.952,1.64845,1.64879,1.69,1.69
2013.06.26 14:12:09.128,1.64845,1.64879,1.69,2.44
2013.06.26 14:12:09.198,1.6485,1.6488,1.50,1.69
2013.06.26 14:12:10.106,1.6485,1.64881,2.25,2.07
2013.06.26 14:12:10.166,1.6485,1.64881,2.44,1.32
2013.06.26 14:12:10.286,1.64851,1.64881,1.69,1.32
2013.06.26 14:12:10.346,1.6485,1.64881,2.44,2.44
2013.06.26 14:12:10.719,1.64849,1.64879,2.44,1.13
2013.06.26 14:12:11.236,1.64853,1.64884,1.69,1.69
2013.06.26 14:12:11.359,1.64853,1.64883,1.69,1.69
2013.06.26 14:12:12.396,1.64855,1.64883,1.50,1.32
2013.06.26 14:12:12.515,1.64855,1.64887,1.69,1.32
2013.06.26 14:12:12.575,1.64856,1.64887,1.13,1.32
2013.06.26 14:12:14.298,1.64856,1.64886,1.32,1.32
2013.06.26 14:12:14.636,1.64852,1.64883,1.32,1.69
2013.06.26 14:12:14.696,1.64852,1.64877,1.32,1.13
2013.06.26 14:12:14.823,1.64852,1.64877,1.13,1.32
2013.06.26 14:12:14.885,1.64852,1.64874,1.13,1.69
2013.06.26 14:12:15.007,1.64847,1.6487,1.50,1.69
2013.06.26 14:12:15.126,1.64837,1.6487,1.69,1.69
2013.06.26 14:12:15.306,1.64844,1.64875,1.69,1.32
2013.06.26 14:12:15.546,1.64848,1.6488,1.69,1.69
2013.06.26 14:12:15.806,1.64848,1.64882,1.69,1.69
2013.06.26 14:12:16.947,1.64852,1.64886,1.32,1.69
2013.06.26 14:12:17.306,1.64866,1.64899,1.32,2.44
2013.06.26 14:12:17.426,1.64867,1.64899,2.07,1.32
2013.06.26 14:12:18.666,1.64867,1.64899,1.32,1.32
2013.06.26 14:12:19.556,1.64866,1.64899,1.32,1.32
2013.06.26 14:12:22.685,1.64866,1.64897,1.32,1.69
2013.06.26 14:12:23.185,1.64866,1.64895,1.32,2.44
2013.06.26 14:12:23.619,1.64864,1.64897,1.32,1.84
2013.06.26 14:12:23.736,1.64862,1.64895,1.32,2.44
2013.06.26 14:12:23.855,1.64862,1.64892,1.32,1.69
2013.06.26 14:12:24.097,1.64863,1.6489,1.13,1.69
2013.06.26 14:12:24.157,1.64862,1.64895,1.32,1.69
2013.06.26 14:12:24.635,1.64862,1.64897,2.82,2.59
2013.06.26 14:12:24.815,1.64864,1.64896,1.32,1.84
2013.06.26 14:12:25.359,1.64864,1.64897,1.32,2.44
2013.06.26 14:12:26.996,1.64862,1.64895,1.32,2.44
2013.06.26 14:12:28.255,1.64857,1.6489,2.82,2.44
2013.06.26 14:12:32.357,1.64862,1.64893,1.32,2.44
2013.06.26 14:12:33.698,1.64862,1.64893,1.32,2.44
2013.06.26 14:12:34.086,1.64863,1.64893,2.07,1.69
2013.06.26 14:12:34.445,1.64867,1.64898,1.13,1.69
2013.06.26 14:12:35.505,1.64867,1.64897,1.32,2.44
2013.06.26 14:12:36.108,1.64867,1.64898,1.32,1.69
2013.06.26 14:12:36.659,1.64867,1.64898,1.32,1.69
2013.06.26 14:12:37.879,1.64867,1.64898,1.32,1.69
2013.06.26 14:12:38.464,1.64867,1.64898,1.32,1.69
2013.06.26 14:12:39.080,1.64867,1.64896,1.32,1.69
2013.06.26 14:12:44.065,1.64867,1.64896,1.32,1.69
2013.06.26 14:12:44.967,1.64873,1.64898,1.13,1.69
2013.06.26 14:12:45.088,1.64871,1.649,1.13,2.44
2013.06.26 14:12:45.159,1.64871,1.64899,1.13,1.69
2013.06.26 14:12:45.756,1.64871,1.649,1.32,1.32
2013.06.26 14:12:46.156,1.64871,1.64898,1.13,2.07
2013.06.26 14:12:46.216,1.64863,1.64897,1.69,1.69
2013.06.26 14:12:46.276,1.64864,1.64895,2.44,1.69
2013.06.26 14:12:46.336,1.64861,1.64895,1.32,1.69
2013.06.26 14:12:46.696,1.64862,1.64896,2.44,1.69
2013.06.26 14:12:49.676,1.64864,1.64898,1.69,2.44
2013.06.26 14:12:51.577,1.64864,1.64898,1.69,2.44
2013.06.26 14:12:53.777,1.64864,1.64898,1.69,2.44
2013.06.26 14:12:54.826,1.64864,1.64898,1.69,2.44
2013.06.26 14:12:55.229,1.64865,1.64898,1.69,1.32
2013.06.26 14:12:55.600,1.64865,1.64897,1.69,3.19
2013.06.26 14:12:55.836,1.64865,1.64897,1.69,2.44
2013.06.26 14:12:55.987,1.64865,1.64897,1.69,1.69
2013.06.26 14:12:56.405,1.64867,1.64898,1.32,1.32
2013.06.26 14:12:57.907,1.64871,1.64899,1.13,2.07
2013.06.26 14:13:01.217,1.64871,1.64899,1.13,2.07
2013.06.26 14:13:02.268,1.64871,1.64899,1.32,1.32
2013.06.26 14:13:05.156,1.64871,1.64901,1.32,1.69
2013.06.26 14:13:05.456,1.64871,1.649,1.32,1.69
2013.06.26 14:13:05.816,1.64877,1.64908,1.32,2.44
2013.06.26 14:13:06.176,1.64891,1.64912,1.32,1.80
2013.06.26 14:13:06.476,1.64891,1.64912,1.32,1.80
2013.06.26 14:13:07.037,1.64891,1.64912,1.32,1.73
2013.06.26 14:13:08.256,1.64891,1.64919,1.32,3.19
2013.06.26 14:13:08.795,1.64891,1.64922,1.32,2.82
2013.06.26 14:13:09.466,1.64891,1.64922,1.32,2.82
2013.06.26 14:13:09.656,1.64893,1.64922,1.32,2.82
2013.06.26 14:13:10.249,1.64896,1.64923,1.32,1.32
2013.06.26 14:13:10.321,1.64886,1.64914,1.32,1.32
2013.06.26 14:13:10.391,1.64886,1.64914,1.32,2.07
2013.06.26 14:13:10.577,1.64882,1.64909,1.13,1.69
2013.06.26 14:13:10.758,1.64881,1.64907,1.13,1.32
2013.06.26 14:13:10.878,1.64876,1.64907,2.44,2.07
2013.06.26 14:13:10.939,1.64876,1.64904,1.50,1.69
2013.06.26 14:13:11.296,1.64875,1.649,1.50,2.44
2013.06.26 14:13:11.596,1.64869,1.64896,1.50,1.69
2013.06.26 14:13:11.658,1.64861,1.64897,2.07,1.69
2013.06.26 14:13:12.016,1.64871,1.649,1.13,1.69
2013.06.26 14:13:12.378,1.64865,1.64895,1.32,1.69
2013.06.26 14:13:13.018,1.64861,1.64894,1.32,1.69
2013.06.26 14:13:13.534,1.64861,1.64892,1.32,1.69
2013.06.26 14:13:15.248,1.6486,1.64888,1.32,3.94
2013.06.26 14:13:15.369,1.64852,1.64882,1.69,1.69
2013.06.26 14:13:15.488,1.64852,1.64881,1.32,2.44
2013.06.26 14:13:15.858,1.64851,1.64879,1.13,1.69
2013.06.26 14:13:16.036,1.64851,1.64879,1.13,1.69
2013.06.26 14:13:16.096,1.64847,1.64879,3.00,1.69
2013.06.26 14:13:16.416,1.64853,1.64874,1.13,1.69
2013.06.26 14:13:16.596,1.64853,1.64878,1.32,1.69
2013.06.26 14:13:16.716,1.64851,1.64873,1.32,1.50
2013.06.26 14:13:16.776,1.64851,1.64882,1.32,1.69
2013.06.26 14:13:16.896,1.64852,1.64882,1.32,1.69
2013.06.26 14:13:16.956,1.64857,1.64883,1.13,2.44
2013.06.26 14:13:17.135,1.64857,1.64883,1.13,1.69
2013.06.26 14:13:17.775,1.64862,1.64888,1.13,3.19
2013.06.26 14:13:18.486,1.64857,1.64887,1.32,1.69
2013.06.26 14:13:18.866,1.64857,1.64887,1.32,1.69
2013.06.26 14:13:19.113,1.64857,1.64886,1.13,1.69
2013.06.26 14:13:19.240,1.64852,1.64883,1.32,1.69
2013.06.26 14:13:19.895,1.64855,1.64883,1.69,1.69
2013.06.26 14:13:20.419,1.64856,1.64884,1.50,2.44
2013.06.26 14:13:20.487,1.6485,1.64883,1.69,1.69
2013.06.26 14:13:20.546,1.64852,1.64883,1.32,1.69
2013.06.26 14:13:20.726,1.64851,1.64884,1.32,3.19
2013.06.26 14:13:20.786,1.64862,1.64884,1.13,1.69
2013.06.26 14:13:21.298,1.64862,1.64889,1.32,3.19
2013.06.26 14:13:21.817,1.64862,1.6489,1.32,1.69
2013.06.26 14:13:21.996,1.64856,1.64889,1.32,1.69
2013.06.26 14:13:24.499,1.64863,1.64896,2.44,1.69
2013.06.26 14:13:24.786,1.64863,1.64895,1.69,1.69
2013.06.26 14:13:24.846,1.64863,1.64894,1.69,1.69
2013.06.26 14:13:24.966,1.64862,1.64894,2.44,1.69
2013.06.26 14:13:26.446,1.64862,1.64893,1.32,1.69
2013.06.26 14:13:26.646,1.64862,1.6489,1.32,1.69
2013.06.26 14:13:26.706,1.64861,1.6489,1.32,1.69
2013.06.26 14:13:26.946,1.64856,1.64885,1.69,2.44
2013.06.26 14:13:27.893,1.64852,1.64884,1.32,1.69
2013.06.26 14:13:29.017,1.64853,1.64883,2.44,1.69
2013.06.26 14:13:29.258,1.64857,1.64884,1.50,1.69
2013.06.26 14:13:29.827,1.64852,1.64883,1.32,2.44
2013.06.26 14:13:32.146,1.64852,1.6488,1.32,1.69
2013.06.26 14:13:32.447,1.64853,1.64881,1.13,1.69
2013.06.26 14:13:32.566,1.64853,1.6488,1.32,1.69
2013.06.26 14:13:33.035,1.64852,1.64883,1.32,1.69
2013.06.26 14:13:33.576,1.64852,1.64883,2.82,1.69
2013.06.26 14:13:33.639,1.64853,1.64889,1.32,2.44
2013.06.26 14:13:33.769,1.64861,1.64889,1.13,2.44
2013.06.26 14:13:35.386,1.64861,1.64891,1.13,1.69
2013.06.26 14:13:35.447,1.64861,1.64891,1.32,1.69
2013.06.26 14:13:35.987,1.64861,1.64889,1.32,1.69
2013.06.26 14:13:38.186,1.64858,1.64883,1.32,1.69
2013.06.26 14:13:38.245,1.64857,1.64883,1.69,1.69
2013.06.26 14:13:38.306,1.64858,1.64883,2.44,1.69
2013.06.26 14:13:38.666,1.64861,1.64888,1.32,1.69
2013.06.26 14:13:41.748,1.64861,1.64887,1.32,1.69
2013.06.26 14:13:41.926,1.64858,1.64884,1.13,1.69
2013.06.26 14:13:41.986,1.64856,1.64884,1.69,1.69
2013.06.26 14:13:42.286,1.64853,1.64884,2.44,1.69
2013.06.26 14:13:42.614,1.64855,1.64884,1.13,2.44
2013.06.26 14:13:42.916,1.64853,1.64876,1.13,1.69
2013.06.26 14:13:43.217,1.64852,1.64879,1.13,1.69
2013.06.26 14:13:45.326,1.64852,1.64879,1.13,1.69
2013.06.26 14:13:45.747,1.64851,1.64874,1.13,1.69
2013.06.26 14:13:50.117,1.64851,1.64872,1.13,1.69
2013.06.26 14:13:53.076,1.64851,1.64872,1.13,1.69
2013.06.26 14:13:53.656,1.64846,1.64871,1.13,1.69
2013.06.26 14:13:54.138,1.64846,1.64873,1.32,1.69
2013.06.26 14:13:54.689,1.64851,1.64875,1.13,1.69
2013.06.26 14:13:55.278,1.64851,1.64875,1.13,1.69
2013.06.26 14:13:56.276,1.64852,1.64878,1.13,1.69
2013.06.26 14:13:56.337,1.64851,1.64878,1.13,1.69
2013.06.26 14:13:56.582,1.64851,1.64877,1.13,1.69
2013.06.26 14:13:58.717,1.64848,1.64878,1.13,1.69
2013.06.26 14:14:00.307,1.6485,1.64879,1.13,1.69
2013.06.26 14:14:02.476,1.64853,1.6488,2.44,1.69
2013.06.26 14:14:03.450,1.64853,1.64883,2.44,1.69
2013.06.26 14:14:03.606,1.64855,1.64883,1.13,1.69
2013.06.26 14:14:04.117,1.64856,1.64883,1.32,1.69
2013.06.26 14:14:04.188,1.6486,1.64883,2.44,1.69
2013.06.26 14:14:04.248,1.64861,1.64892,4.32,1.69
2013.06.26 14:14:04.823,1.64861,1.64888,1.32,1.69
2013.06.26 14:14:06.137,1.64861,1.64888,1.32,1.69
2013.06.26 14:14:06.868,1.64861,1.64892,1.32,3.19
2013.06.26 14:14:09.170,1.6486,1.64891,1.69,1.69
2013.06.26 14:14:10.127,1.64861,1.6489,1.32,1.69
2013.06.26 14:14:11.130,1.64861,1.64887,1.32,1.69
2013.06.26 14:14:11.806,1.64861,1.64889,1.32,1.69
2013.06.26 14:14:13.676,1.64863,1.64891,1.32,3.19
2013.06.26 14:14:14.008,1.64866,1.64892,1.13,2.44
2013.06.26 14:14:14.655,1.64866,1.64891,1.32,1.69
2013.06.26 14:14:14.956,1.64861,1.64889,1.13,3.19
2013.06.26 14:14:15.214,1.64855,1.64882,1.69,1.69
2013.06.26 14:14:15.277,1.64855,1.64878,1.13,1.69
2013.06.26 14:14:15.716,1.64853,1.64877,1.50,2.44
2013.06.26 14:14:17.197,1.64852,1.64875,1.13,1.69
2013.06.26 14:14:17.729,1.64852,1.64873,1.13,1.69
2013.06.26 14:14:17.857,1.64853,1.64873,1.13,1.69
2013.06.26 14:14:18.216,1.64852,1.64873,1.13,1.69
2013.06.26 14:14:18.660,1.64844,1.64873,1.69,2.44
2013.06.26 14:14:18.789,1.64846,1.64872,1.32,1.69
2013.06.26 14:14:19.193,1.64846,1.64872,1.13,2.44
2013.06.26 14:14:19.697,1.64852,1.6487,1.13,2.44
2013.06.26 14:14:20.057,1.64842,1.64868,1.32,1.69
2013.06.26 14:14:21.307,1.64842,1.64868,1.32,1.69
2013.06.26 14:14:22.969,1.64841,1.64869,1.32,1.69
2013.06.26 14:14:23.296,1.64841,1.64866,1.32,3.19
2013.06.26 14:14:23.726,1.64837,1.64862,1.32,1.69
2013.06.26 14:14:23.786,1.64837,1.6486,1.13,1.69
2013.06.26 14:14:24.185,1.64837,1.64857,1.13,1.69
2013.06.26 14:14:24.807,1.64837,1.64857,1.13,2.44
2013.06.26 14:14:25.346,1.64842,1.64858,1.13,1.69
2013.06.26 14:14:25.736,1.64836,1.6486,1.32,2.44
2013.06.26 14:14:26.676,1.64832,1.64858,1.32,1.69
2013.06.26 14:14:26.736,1.64832,1.64858,1.32,1.69
2013.06.26 14:14:26.976,1.64828,1.64854,1.32,2.44
2013.06.26 14:14:27.276,1.64826,1.64854,1.32,1.69
2013.06.26 14:14:27.336,1.64826,1.64854,1.32,1.50
2013.06.26 14:14:27.455,1.64831,1.64859,1.32,1.69
2013.06.26 14:14:27.521,1.64831,1.64861,1.32,1.69
2013.06.26 14:14:27.588,1.64837,1.6486,2.07,1.50
2013.06.26 14:14:27.833,1.64852,1.64876,1.32,1.32
2013.06.26 14:14:27.900,1.64852,1.64878,1.32,3.19
2013.06.26 14:14:28.437,1.64852,1.64875,1.32,2.25
2013.06.26 14:14:28.676,1.64852,1.64871,1.32,1.50
2013.06.26 14:14:28.796,1.64852,1.64872,1.13,1.50
2013.06.26 14:14:30.093,1.64852,1.64876,1.13,1.69
2013.06.26 14:14:30.638,1.64852,1.64874,1.32,3.19
2013.06.26 14:14:31.148,1.64852,1.64876,1.32,2.44
2013.06.26 14:14:31.208,1.64852,1.64877,1.32,1.50
2013.06.26 14:14:31.447,1.64856,1.64879,1.32,2.44
2013.06.26 14:14:31.507,1.64852,1.6488,1.32,3.19
2013.06.26 14:14:31.746,1.64853,1.64876,1.32,1.50
2013.06.26 14:14:32.257,1.64853,1.64879,1.32,1.69
2013.06.26 14:14:35.686,1.64852,1.64874,1.32,1.50
2013.06.26 14:14:35.957,1.64852,1.64876,1.32,1.50
2013.06.26 14:14:36.306,1.64851,1.64871,1.13,1.50
2013.06.26 14:14:36.487,1.64847,1.64871,1.32,1.50
2013.06.26 14:14:36.676,1.64847,1.64873,1.32,1.69
2013.06.26 14:14:37.236,1.64847,1.64872,1.32,1.50
2013.06.26 14:14:37.746,1.64847,1.6487,1.32,1.50
2013.06.26 14:14:38.710,1.64842,1.6487,2.82,1.69
2013.06.26 14:14:39.066,1.6484,1.64869,1.69,1.69
2013.06.26 14:14:39.637,1.6484,1.64874,2.44,1.69
2013.06.26 14:14:39.997,1.6484,1.6487,1.88,3.19
2013.06.26 14:14:40.332,1.64842,1.6487,1.69,3.19
2013.06.26 14:14:41.678,1.64846,1.64869,1.50,1.69
2013.06.26 14:14:41.736,1.64846,1.64869,1.69,1.50
2013.06.26 14:14:41.804,1.64851,1.64877,1.32,1.69
2013.06.26 14:14:41.986,1.64853,1.64872,1.13,1.50
2013.06.26 14:14:42.348,1.64851,1.64879,1.32,1.69
2013.06.26 14:14:42.886,1.64851,1.64879,1.32,1.69
2013.06.26 14:14:43.429,1.64847,1.64877,1.32,1.69
2013.06.26 14:14:43.987,1.64847,1.64874,1.32,1.69
2013.06.26 14:14:45.756,1.64847,1.64872,1.32,1.69
2013.06.26 14:14:46.266,1.64847,1.64874,1.13,2.44
2013.06.26 14:14:50.306,1.64841,1.64873,1.32,2.44
2013.06.26 14:14:50.486,1.64834,1.64869,1.32,2.44
2013.06.26 14:14:50.786,1.64832,1.6486,1.88,1.50
2013.06.26 14:14:51.327,1.64832,1.64864,1.88,1.69
2013.06.26 14:14:51.402,1.64832,1.64864,1.32,1.69
2013.06.26 14:14:52.188,1.64833,1.64865,1.69,1.32
2013.06.26 14:14:52.307,1.64834,1.64868,1.69,3.19
2013.06.26 14:14:52.617,1.64833,1.64867,1.69,1.69
2013.06.26 14:14:55.476,1.64837,1.64867,1.50,1.69
2013.06.26 14:14:56.938,1.64835,1.64864,1.69,1.69
2013.06.26 14:14:58.376,1.64831,1.64864,2.07,2.44
2013.06.26 14:14:58.436,1.64831,1.64862,2.07,1.69
2013.06.26 14:14:59.007,1.64831,1.64861,1.32,1.69
2013.06.26 14:15:01.216,1.64831,1.64859,1.13,1.69
2013.06.26 14:15:01.735,1.64831,1.64856,1.13,1.69
2013.06.26 14:15:02.736,1.64826,1.64859,1.32,2.44
2013.06.26 14:15:03.456,1.64826,1.64855,1.32,1.69
2013.06.26 14:15:03.886,1.6482,1.64852,1.32,1.69
2013.06.26 14:15:04.007,1.64817,1.64848,2.44,2.44
2013.06.26 14:15:04.066,1.64818,1.64848,1.69,3.19
2013.06.26 14:15:05.425,1.64813,1.64846,1.69,2.44
2013.06.26 14:15:05.925,1.64812,1.64843,1.69,2.44
2013.06.26 14:15:06.436,1.64812,1.64843,2.44,1.69
2013.06.26 14:15:06.676,1.64812,1.64843,1.32,2.44
2013.06.26 14:15:06.797,1.64812,1.6484,1.13,2.44
2013.06.26 14:15:07.156,1.64812,1.64839,1.32,1.69
2013.06.26 14:15:07.216,1.64812,1.64839,1.32,1.69
2013.06.26 14:15:07.576,1.64821,1.64844,1.88,1.69
2013.06.26 14:15:07.697,1.64821,1.64844,1.13,1.69
2013.06.26 14:15:07.816,1.64821,1.64844,1.13,1.69
2013.06.26 14:15:08.336,1.64814,1.64843,1.69,1.69
2013.06.26 14:15:09.957,1.64821,1.64848,2.07,1.69
2013.06.26 14:15:10.257,1.64826,1.64855,1.32,1.69
2013.06.26 14:15:10.447,1.64824,1.64855,1.69,1.69
2013.06.26 14:15:10.506,1.64824,1.64852,1.69,1.69
2013.06.26 14:15:11.169,1.64826,1.64853,1.32,1.69
2013.06.26 14:15:11.297,1.64821,1.64855,1.69,1.69
2013.06.26 14:15:12.676,1.64821,1.64853,1.69,2.44
2013.06.26 14:15:12.826,1.64821,1.64849,1.69,2.44
2013.06.26 14:15:13.146,1.64814,1.64849,2.07,4.69
2013.06.26 14:15:13.686,1.64814,1.64844,1.69,1.69
2013.06.26 14:15:14.267,1.64813,1.6484,1.32,1.69
2013.06.26 14:15:14.839,1.64811,1.6484,1.32,1.69
2013.06.26 14:15:15.216,1.64811,1.64843,1.32,1.69
2013.06.26 14:15:16.226,1.64811,1.64843,1.88,1.69
2013.06.26 14:15:16.736,1.6481,1.6484,1.13,1.69
2013.06.26 14:15:17.156,1.6481,1.64841,1.13,3.19
2013.06.26 14:15:17.477,1.64808,1.64837,1.88,1.32
2013.06.26 14:15:17.597,1.64807,1.64832,1.69,1.69
2013.06.26 14:15:17.716,1.64807,1.64831,1.50,1.69
2013.06.26 14:15:17.918,1.64801,1.64829,1.69,1.69
2013.06.26 14:15:19.286,1.64799,1.64823,1.50,1.69
2013.06.26 14:15:19.346,1.64796,1.64824,1.69,1.69
2013.06.26 14:15:19.474,1.64796,1.64826,2.44,1.69
2013.06.26 14:15:19.717,1.648,1.64832,2.44,1.69
2013.06.26 14:15:20.006,1.64804,1.64832,1.50,1.69
2013.06.26 14:15:20.399,1.64801,1.64832,1.69,1.69
2013.06.26 14:15:20.517,1.64799,1.64828,1.69,1.69
2013.06.26 14:15:21.448,1.64803,1.64834,1.69,1.69
2013.06.26 14:15:21.566,1.64802,1.64834,1.32,1.69
2013.06.26 14:15:21.809,1.64804,1.64837,1.32,1.69
2013.06.26 14:15:21.930,1.64807,1.64839,1.32,2.44
2013.06.26 14:15:22.107,1.64811,1.64844,1.32,3.19
2013.06.26 14:15:22.226,1.64812,1.64844,1.32,2.44
2013.06.26 14:15:22.586,1.64822,1.64847,1.32,1.69
2013.06.26 14:15:22.706,1.64815,1.64847,2.44,2.44
2013.06.26 14:15:23.126,1.64821,1.64849,1.32,1.69
2013.06.26 14:15:23.684,1.64827,1.64854,1.13,1.32
2013.06.26 14:15:24.076,1.64823,1.64853,1.32,1.32
2013.06.26 14:15:25.936,1.6483,1.64856,1.69,1.32
2013.06.26 14:15:25.996,1.6483,1.64856,1.69,1.32
2013.06.26 14:15:26.056,1.64836,1.64859,1.13,1.32
2013.06.26 14:15:26.788,1.64831,1.64861,1.32,2.44
2013.06.26 14:15:26.847,1.64831,1.64862,1.32,1.69
2013.06.26 14:15:27.146,1.64841,1.64871,1.32,3.57
2013.06.26 14:15:28.327,1.64839,1.64872,2.44,2.07
2013.06.26 14:15:28.686,1.64839,1.6487,1.32,2.44
2013.06.26 14:15:28.908,1.64841,1.6487,1.32,3.19
2013.06.26 14:15:30.221,1.64841,1.6487,1.32,1.69
2013.06.26 14:15:32.846,1.64841,1.64872,1.32,2.44
2013.06.26 14:15:34.396,1.64837,1.64866,1.32,1.69
2013.06.26 14:15:34.456,1.64834,1.64866,1.69,1.69
2013.06.26 14:15:35.056,1.64837,1.6487,1.69,3.19
2013.06.26 14:15:37.167,1.64836,1.64867,1.69,1.69
2013.06.26 14:15:39.507,1.64833,1.64867,1.32,2.44
2013.06.26 14:15:41.647,1.64832,1.64864,2.07,2.44
2013.06.26 14:15:41.906,1.64829,1.64864,2.44,2.44
2013.06.26 14:15:42.419,1.64832,1.64865,1.69,1.69
2013.06.26 14:15:42.897,1.64832,1.64867,1.69,2.44
2013.06.26 14:15:43.683,1.64832,1.64857,1.32,1.50
2013.06.26 14:15:43.747,1.64826,1.64857,1.32,2.44
2013.06.26 14:15:43.806,1.64826,1.64853,2.44,1.69
2013.06.26 14:15:44.056,1.64827,1.64854,1.69,2.44
2013.06.26 14:15:45.576,1.64822,1.64855,1.32,2.44
2013.06.26 14:15:45.828,1.64822,1.64854,1.32,1.69
2013.06.26 14:15:46.197,1.64822,1.6485,1.32,1.69
2013.06.26 14:15:46.377,1.64822,1.6485,1.32,1.69
2013.06.26 14:15:47.686,1.64821,1.64849,1.32,1.69
2013.06.26 14:15:47.806,1.64821,1.64848,1.32,1.69
2013.06.26 14:15:48.366,1.64821,1.64846,1.32,2.44
2013.06.26 14:15:50.359,1.64821,1.64849,1.13,3.19
2013.06.26 14:15:51.060,1.64821,1.64849,1.13,3.94
2013.06.26 14:15:51.366,1.64826,1.64849,1.69,1.50
2013.06.26 14:15:51.726,1.64841,1.64863,1.13,3.67
2013.06.26 14:15:52.087,1.64842,1.64867,1.32,1.69
2013.06.26 14:15:52.586,1.64833,1.64865,1.69,1.69
2013.06.26 14:15:52.887,1.64827,1.64848,1.69,2.25
2013.06.26 14:15:53.006,1.64822,1.64848,1.32,1.50
2013.06.26 14:15:54.057,1.64822,1.64848,1.32,2.25
2013.06.26 14:15:54.256,1.64822,1.64849,1.13,1.50
2013.06.26 14:15:54.389,1.64822,1.64851,1.32,2.44
2013.06.26 14:15:54.746,1.64832,1.64854,1.13,1.69
2013.06.26 14:15:54.986,1.64832,1.64857,1.32,1.69
2013.06.26 14:15:55.186,1.64833,1.64857,1.32,1.69
2013.06.26 14:15:55.246,1.64833,1.64859,1.32,1.32
2013.06.26 14:15:55.426,1.64831,1.64859,1.69,2.07
2013.06.26 14:15:55.487,1.64831,1.64859,1.69,1.69
2013.06.26 14:15:58.277,1.64831,1.64858,1.32,1.69
2013.06.26 14:15:58.647,1.64836,1.64861,1.32,1.69
2013.06.26 14:15:59.309,1.64837,1.64862,1.13,1.50
2013.06.26 14:15:59.546,1.64833,1.64861,1.13,1.69
2013.06.26 14:16:01.896,1.64833,1.6486,1.13,1.69
2013.06.26 14:16:02.257,1.64837,1.64862,1.13,1.69
2013.06.26 14:16:03.006,1.64837,1.64862,1.13,2.44
2013.06.26 14:16:04.177,1.64837,1.64862,1.13,1.69
2013.06.26 14:16:04.536,1.64831,1.64858,1.32,2.44
2013.06.26 14:16:04.596,1.64831,1.64858,1.32,2.44
2013.06.26 14:16:04.656,1.64833,1.64858,1.32,2.44
2013.06.26 14:16:04.836,1.64843,1.6486,1.13,1.69
2013.06.26 14:16:04.956,1.64832,1.6486,1.32,1.69
2013.06.26 14:16:05.016,1.64831,1.64859,1.32,3.94
2013.06.26 14:16:05.196,1.64831,1.64859,1.32,3.94
2013.06.26 14:16:05.561,1.64831,1.64852,1.32,1.50
2013.06.26 14:16:06.916,1.64831,1.64852,1.13,3.19
2013.06.26 14:16:07.448,1.64831,1.64852,1.13,1.69
2013.06.26 14:16:11.167,1.64831,1.64852,1.13,1.69
2013.06.26 14:16:12.156,1.64827,1.64853,1.32,1.69
2013.06.26 14:16:12.396,1.64822,1.64851,1.69,1.69
2013.06.26 14:16:12.758,1.6482,1.64851,1.69,3.94
2013.06.26 14:16:13.116,1.64832,1.64849,1.32,1.50
2013.06.26 14:16:13.176,1.64832,1.64859,1.32,1.69
2013.06.26 14:16:13.356,1.64832,1.6486,1.32,3.19
2013.06.26 14:16:13.686,1.64832,1.6486,1.32,1.69
2013.06.26 14:16:14.666,1.64832,1.6486,1.32,1.50
2013.06.26 14:16:15.896,1.64834,1.6486,1.69,1.50
2013.06.26 14:16:16.136,1.64837,1.64863,1.69,1.50
2013.06.26 14:16:16.446,1.64837,1.64865,1.69,1.50
2013.06.26 14:16:16.596,1.64837,1.64865,1.69,3.00
2013.06.26 14:16:17.387,1.64837,1.64867,1.69,1.69
2013.06.26 14:16:19.306,1.64837,1.64864,1.69,1.50
2013.06.26 14:16:19.856,1.64837,1.64865,1.69,1.50
2013.06.26 14:16:20.976,1.64836,1.64865,1.69,1.69
2013.06.26 14:16:21.277,1.6483,1.64867,3.19,2.44
2013.06.26 14:16:21.396,1.6483,1.64865,3.19,1.69
2013.06.26 14:16:22.346,1.6483,1.64863,1.69,2.44
2013.06.26 14:16:22.707,1.64825,1.64861,1.69,1.32
2013.06.26 14:16:24.408,1.64824,1.64858,1.69,1.69
2013.06.26 14:16:24.848,1.64827,1.64859,2.44,1.69
2013.06.26 14:16:26.537,1.64827,1.64862,3.19,2.07
2013.06.26 14:16:26.658,1.64827,1.64863,1.69,2.07
2013.06.26 14:16:27.076,1.64825,1.64859,3.57,2.44
2013.06.26 14:16:27.257,1.64827,1.64856,2.07,1.50
2013.06.26 14:16:27.447,1.64827,1.6486,1.69,1.69
2013.06.26 14:16:27.937,1.64832,1.6486,1.32,1.50
2013.06.26 14:16:27.996,1.64842,1.64863,1.50,1.50
2013.06.26 14:16:28.057,1.64843,1.64864,1.69,1.50
2013.06.26 14:16:28.117,1.64842,1.64868,2.44,1.50
2013.06.26 14:16:28.176,1.64843,1.64872,1.32,1.32
2013.06.26 14:16:28.296,1.6484,1.64872,1.32,1.69
2013.06.26 14:16:29.088,1.6484,1.64865,1.32,2.63
2013.06.26 14:16:29.446,1.64833,1.6486,1.13,3.19
2013.06.26 14:16:29.927,1.64824,1.64859,3.94,1.69
2013.06.26 14:16:29.987,1.64843,1.64862,1.13,2.44
2013.06.26 14:16:30.186,1.64843,1.64862,1.13,2.44
2013.06.26 14:16:30.367,1.64837,1.64863,1.32,1.32
2013.06.26 14:16:30.546,1.64831,1.64864,2.44,1.32
2013.06.26 14:16:30.611,1.64829,1.64862,1.32,1.69
2013.06.26 14:16:30.916,1.64828,1.64858,1.32,1.69
2013.06.26 14:16:32.186,1.64831,1.64861,1.69,2.44
2013.06.26 14:16:32.246,1.64837,1.64861,1.13,2.44
2013.06.26 14:16:32.617,1.64843,1.64862,1.13,1.50
2013.06.26 14:16:32.739,1.64853,1.64862,1.13,1.50
2013.06.26 14:16:32.798,1.64846,1.64862,1.13,1.50
2013.06.26 14:16:32.996,1.64843,1.64869,1.32,1.69
2013.06.26 14:16:33.416,1.64843,1.64866,1.13,1.69
2013.06.26 14:16:35.276,1.64843,1.64866,1.32,1.69
2013.06.26 14:16:37.357,1.64842,1.64869,1.32,1.32
2013.06.26 14:16:37.478,1.64834,1.64859,1.69,1.88
2013.06.26 14:16:37.538,1.64833,1.64859,1.69,2.07
2013.06.26 14:16:37.938,1.64829,1.64853,1.50,1.69
2013.06.26 14:16:38.296,1.64829,1.64853,1.50,1.69
2013.06.26 14:16:38.356,1.64827,1.64853,1.50,1.69
2013.06.26 14:16:38.749,1.64827,1.64852,3.00,1.69
2013.06.26 14:16:39.447,1.64831,1.64852,1.50,1.69
2013.06.26 14:16:39.756,1.64823,1.64849,1.50,1.69
2013.06.26 14:16:39.816,1.64821,1.64849,1.69,1.69
2013.06.26 14:16:39.960,1.6482,1.64849,1.32,1.69
2013.06.26 14:16:40.878,1.64819,1.64849,1.32,2.44
2013.06.26 14:16:40.997,1.64822,1.64849,1.32,1.69
2013.06.26 14:16:41.366,1.64822,1.64849,1.32,1.69
2013.06.26 14:16:43.176,1.64822,1.64853,1.32,2.44
2013.06.26 14:16:43.237,1.64819,1.64853,2.44,2.44
2013.06.26 14:16:44.966,1.64823,1.64853,1.32,2.44
2013.06.26 14:16:45.086,1.64822,1.64853,1.32,1.69
2013.06.26 14:16:45.996,1.64823,1.64856,1.32,2.44
2013.06.26 14:16:48.506,1.64822,1.64854,1.32,1.32
2013.06.26 14:16:50.710,1.64822,1.64855,1.32,1.32
2013.06.26 14:16:50.866,1.64819,1.64854,2.07,1.32
2013.06.26 14:16:50.996,1.64819,1.6485,1.32,1.69
2013.06.26 14:16:51.056,1.64817,1.64849,1.69,1.69
2013.06.26 14:16:54.966,1.64818,1.64851,2.44,2.44
2013.06.26 14:16:55.206,1.6482,1.64851,1.32,2.44
2013.06.26 14:16:55.266,1.6482,1.64851,1.32,2.44
2013.06.26 14:16:56.425,1.64815,1.6485,1.69,5.07
2013.06.26 14:16:57.258,1.64818,1.64851,1.69,1.32
2013.06.26 14:16:57.619,1.64818,1.64854,2.44,2.07
2013.06.26 14:16:58.378,1.6482,1.64849,1.69,1.69
2013.06.26 14:16:58.740,1.6482,1.6484,1.69,1.50
2013.06.26 14:16:58.869,1.64812,1.6484,1.69,1.69
2013.06.26 14:16:58.987,1.64811,1.64841,1.69,1.69
2013.06.26 14:16:59.427,1.64809,1.64838,1.69,1.69
2013.06.26 14:16:59.968,1.64805,1.64834,1.69,1.69
2013.06.26 14:17:00.167,1.64802,1.64835,1.69,2.07
2013.06.26 14:17:00.823,1.64802,1.64836,1.69,2.07
2013.06.26 14:17:02.157,1.64807,1.64837,1.69,1.69
2013.06.26 14:17:02.276,1.64812,1.64841,1.32,3.19
2013.06.26 14:17:02.396,1.64809,1.64835,1.32,1.50
2013.06.26 14:17:02.456,1.64807,1.64835,1.32,1.69
2013.06.26 14:17:03.221,1.64805,1.64836,2.44,1.69
2013.06.26 14:17:03.633,1.64805,1.64833,2.44,1.50
2013.06.26 14:17:03.757,1.64805,1.64836,2.44,1.69
2013.06.26 14:17:04.488,1.64806,1.64835,1.69,1.50
2013.06.26 14:17:04.666,1.64805,1.64835,1.69,1.69
2013.06.26 14:17:04.786,1.64805,1.64832,1.50,1.69
2013.06.26 14:17:05.146,1.64805,1.6483,1.50,3.19
2013.06.26 14:17:05.687,1.64796,1.6483,2.44,2.44
2013.06.26 14:17:06.017,1.64796,1.64831,1.69,1.69
2013.06.26 14:17:07.767,1.64796,1.64829,1.69,2.44
2013.06.26 14:17:09.275,1.64796,1.64829,1.69,2.44
2013.06.26 14:17:09.397,1.64791,1.64823,1.50,1.32
2013.06.26 14:17:09.516,1.6479,1.64821,1.69,2.44
2013.06.26 14:17:10.217,1.64784,1.64817,1.69,3.19
2013.06.26 14:17:10.278,1.6478,1.64817,1.69,3.94
2013.06.26 14:17:11.546,1.64782,1.64812,1.13,2.44
2013.06.26 14:17:11.606,1.64782,1.64814,1.32,2.44
2013.06.26 14:17:11.666,1.64781,1.64809,1.32,1.32
2013.06.26 14:17:11.727,1.64779,1.64809,1.69,1.32
2013.06.26 14:17:12.026,1.64786,1.64813,1.69,1.50
2013.06.26 14:17:12.207,1.64785,1.64816,1.69,1.32
2013.06.26 14:17:12.389,1.64786,1.64815,2.44,2.07
2013.06.26 14:17:12.696,1.64788,1.64818,2.07,1.69
2013.06.26 14:17:12.758,1.64788,1.64819,2.07,1.32
2013.06.26 14:17:13.296,1.64788,1.64821,1.69,1.32
2013.06.26 14:17:14.091,1.64788,1.6482,2.07,1.32
2013.06.26 14:17:14.164,1.64792,1.64822,1.13,1.32
2013.06.26 14:17:14.920,1.64788,1.64823,2.44,1.32
2013.06.26 14:17:15.176,1.6479,1.64824,1.69,1.32
2013.06.26 14:17:15.237,1.64792,1.64825,2.07,1.32
2013.06.26 14:17:15.525,1.64793,1.64827,1.69,1.32
2013.06.26 14:17:16.416,1.64793,1.64828,3.19,2.07
2013.06.26 14:17:16.666,1.64792,1.64824,2.07,1.69
2013.06.26 14:17:17.027,1.64813,1.64828,1.13,1.50
2013.06.26 14:17:17.086,1.64813,1.64832,1.13,1.50
2013.06.26 14:17:17.147,1.64806,1.64831,2.07,1.50
2013.06.26 14:17:17.206,1.64806,1.64831,1.69,1.50
2013.06.26 14:17:17.266,1.64805,1.64834,3.19,1.69
2013.06.26 14:17:17.326,1.64805,1.64835,2.44,2.07
2013.06.26 14:17:19.216,1.64811,1.6484,1.32,1.84
2013.06.26 14:17:19.337,1.64811,1.64842,1.32,1.69
2013.06.26 14:17:19.396,1.64811,1.64842,1.32,1.69
2013.06.26 14:17:27.507,1.64813,1.64845,1.32,2.44
2013.06.26 14:17:27.906,1.64811,1.64844,1.32,2.44
2013.06.26 14:17:29.816,1.64813,1.64844,1.32,1.69
2013.06.26 14:17:29.937,1.64813,1.64844,1.32,1.69
2013.06.26 14:17:30.296,1.64821,1.64845,1.13,1.69
2013.06.26 14:17:31.318,1.64821,1.64849,1.13,4.69
2013.06.26 14:17:32.066,1.64821,1.64849,1.13,4.69
2013.06.26 14:17:35.566,1.64821,1.64848,1.32,1.69
2013.06.26 14:17:37.299,1.64821,1.64846,1.13,1.69
2013.06.26 14:17:38.386,1.64821,1.64849,1.13,1.69
2013.06.26 14:17:38.986,1.64822,1.64852,1.32,3.94
2013.06.26 14:17:41.677,1.64821,1.6485,1.13,1.69
2013.06.26 14:17:41.987,1.64822,1.64849,1.32,1.69
2013.06.26 14:17:42.288,1.64817,1.64848,2.07,1.69
2013.06.26 14:17:42.407,1.64813,1.64848,2.07,2.44
2013.06.26 14:17:42.706,1.64813,1.64845,1.69,1.69
2013.06.26 14:17:45.646,1.64811,1.64844,2.07,1.69
2013.06.26 14:17:47.826,1.64811,1.64843,1.32,1.69
2013.06.26 14:17:49.636,1.64811,1.64844,1.32,1.69
2013.06.26 14:17:52.608,1.64813,1.64842,1.32,1.69
2013.06.26 14:17:53.027,1.64811,1.64844,1.69,1.69
2013.06.26 14:17:55.916,1.64813,1.64843,1.32,2.44
2013.06.26 14:17:57.676,1.64812,1.6484,1.32,1.69
2013.06.26 14:18:00.006,1.64815,1.6484,1.13,1.69
2013.06.26 14:18:00.817,1.64815,1.64843,1.13,1.69
2013.06.26 14:18:01.463,1.64815,1.64843,1.13,2.44
2013.06.26 14:18:02.466,1.64815,1.64843,1.13,2.44
2013.06.26 14:18:03.916,1.64815,1.64842,1.13,1.69
2013.06.26 14:18:04.216,1.64817,1.64845,1.13,1.69
2013.06.26 14:18:04.276,1.64812,1.64845,1.32,1.69
2013.06.26 14:18:06.917,1.64812,1.64842,1.32,1.69
2013.06.26 14:18:07.299,1.64817,1.64842,1.13,4.69
2013.06.26 14:18:08.248,1.64817,1.64842,1.13,2.44
2013.06.26 14:18:08.577,1.64821,1.64842,1.13,2.44
2013.06.26 14:18:08.877,1.64816,1.64842,1.13,1.69
2013.06.26 14:18:09.246,1.64822,1.64845,1.13,1.69
2013.06.26 14:18:09.906,1.64816,1.6484,1.32,1.50
2013.06.26 14:18:10.026,1.64816,1.6484,1.13,1.69
2013.06.26 14:18:10.636,1.64821,1.64847,1.13,2.44
2013.06.26 14:18:11.882,1.64816,1.64842,1.13,2.44
2013.06.26 14:18:11.947,1.64816,1.64843,1.13,1.69
2013.06.26 14:18:12.856,1.64816,1.64839,1.13,2.44
2013.06.26 14:18:13.166,1.64816,1.64839,1.13,2.44
2013.06.26 14:18:13.714,1.64816,1.64838,1.13,1.69
2013.06.26 14:18:14.056,1.64812,1.64837,1.32,1.69
2013.06.26 14:18:14.116,1.64812,1.64837,1.13,2.44
2013.06.26 14:18:15.597,1.64812,1.64837,1.13,2.44
2013.06.26 14:18:16.518,1.64812,1.64837,1.13,3.19
2013.06.26 14:18:17.027,1.64817,1.64838,1.13,2.44
2013.06.26 14:18:17.566,1.64817,1.64838,1.13,1.40
2013.06.26 14:18:18.126,1.64817,1.64838,1.13,2.44
2013.06.26 14:18:18.503,1.64817,1.64834,1.13,1.69
2013.06.26 14:18:19.046,1.64817,1.64834,1.13,1.69
2013.06.26 14:18:19.227,1.64798,1.6483,2.44,1.69
2013.06.26 14:18:19.286,1.64798,1.6483,1.69,1.69
2013.06.26 14:18:19.346,1.64812,1.6483,1.13,1.69
2013.06.26 14:18:19.987,1.64807,1.64832,1.13,2.44
2013.06.26 14:18:21.306,1.64807,1.64831,1.13,1.69
2013.06.26 14:18:21.938,1.64807,1.64831,1.13,1.69
2013.06.26 14:18:22.326,1.64807,1.64828,1.13,1.28
2013.06.26 14:18:22.446,1.64791,1.64809,1.50,1.50
2013.06.26 14:18:22.997,1.64791,1.64814,1.88,1.69
2013.06.26 14:18:23.416,1.64791,1.64811,1.88,1.69
2013.06.26 14:18:23.597,1.64782,1.64808,1.32,1.69
2013.06.26 14:18:24.736,1.64782,1.64808,1.13,2.44
2013.06.26 14:18:25.097,1.64772,1.64799,1.32,1.69
2013.06.26 14:18:25.456,1.64781,1.64804,1.13,1.69
2013.06.26 14:18:25.576,1.64781,1.64806,1.13,1.69
2013.06.26 14:18:26.532,1.64781,1.64808,1.32,2.44
2013.06.26 14:18:26.656,1.64782,1.64808,1.13,1.69
2013.06.26 14:18:27.976,1.64781,1.64814,2.07,2.07
2013.06.26 14:18:28.216,1.64783,1.6481,1.69,1.32
2013.06.26 14:18:28.338,1.64782,1.6481,2.44,1.32
2013.06.26 14:18:29.396,1.64782,1.64808,1.32,1.32
2013.06.26 14:18:29.637,1.64781,1.64807,1.32,1.32
2013.06.26 14:18:29.996,1.64777,1.64798,1.13,1.69
2013.06.26 14:18:30.483,1.64772,1.64798,1.13,2.44
2013.06.26 14:18:30.561,1.64768,1.64798,1.13,3.94
2013.06.26 14:18:31.429,1.6477,1.64797,1.13,1.69
2013.06.26 14:18:31.489,1.64772,1.64797,1.13,1.69
2013.06.26 14:18:31.728,1.64778,1.64801,1.50,1.69
2013.06.26 14:18:32.086,1.64772,1.64801,1.13,1.69
2013.06.26 14:18:32.146,1.64771,1.64797,1.13,2.44
2013.06.26 14:18:32.386,1.64772,1.64797,2.44,2.44
2013.06.26 14:18:32.746,1.64772,1.64804,3.57,1.32
2013.06.26 14:18:32.987,1.64782,1.6481,1.50,2.34
2013.06.26 14:18:33.526,1.64783,1.64809,1.69,2.07
2013.06.26 14:18:33.646,1.64783,1.64809,2.44,2.07
2013.06.26 14:18:33.956,1.64792,1.64809,2.63,1.88
2013.06.26 14:18:34.316,1.64794,1.64809,1.13,1.50
2013.06.26 14:18:35.918,1.64801,1.64811,1.13,1.50
2013.06.26 14:18:35.979,1.64801,1.64824,1.13,1.69
2013.06.26 14:18:36.168,1.64803,1.64825,1.13,1.69
2013.06.26 14:18:36.230,1.64799,1.6482,2.25,1.69
2013.06.26 14:18:36.288,1.64799,1.6482,2.25,1.69
2013.06.26 14:18:36.468,1.64791,1.64818,1.32,2.07
2013.06.26 14:18:36.529,1.64791,1.64818,1.32,2.82
2013.06.26 14:18:36.589,1.64791,1.64818,1.13,3.57
2013.06.26 14:18:36.897,1.64791,1.64818,1.13,1.69
2013.06.26 14:18:36.956,1.64792,1.6482,1.13,1.69
2013.06.26 14:18:37.686,1.6479,1.64817,1.50,2.07
2013.06.26 14:18:38.290,1.64791,1.64817,1.13,1.69
2013.06.26 14:18:38.466,1.64792,1.64819,1.13,2.44
2013.06.26 14:18:39.636,1.64791,1.64819,1.32,2.07
2013.06.26 14:18:39.697,1.64789,1.64819,1.69,1.69
2013.06.26 14:18:40.198,1.64791,1.64819,1.13,1.69
2013.06.26 14:18:40.376,1.64791,1.6482,1.13,3.19
2013.06.26 14:18:40.436,1.64792,1.6482,1.32,2.44
2013.06.26 14:18:41.388,1.64792,1.64824,2.07,4.32
2013.06.26 14:18:41.446,1.64801,1.64826,1.13,1.69
2013.06.26 14:18:42.227,1.64803,1.64831,2.44,2.44
2013.06.26 14:18:42.287,1.64806,1.64832,1.32,1.69
2013.06.26 14:18:42.591,1.64811,1.64841,2.07,2.44
2013.06.26 14:18:42.717,1.64811,1.64841,3.57,2.44
2013.06.26 14:18:42.776,1.64814,1.64846,1.69,2.07
2013.06.26 14:18:42.837,1.64814,1.64846,1.69,1.32
2013.06.26 14:18:42.958,1.64819,1.64851,1.69,1.69
2013.06.26 14:18:43.078,1.64819,1.64849,1.69,1.32
2013.06.26 14:18:44.407,1.64818,1.64849,1.69,1.32
2013.06.26 14:18:44.949,1.6482,1.64854,1.32,1.32
2013.06.26 14:18:45.247,1.64819,1.64851,2.44,2.44
2013.06.26 14:18:45.307,1.64816,1.64847,1.69,1.69
2013.06.26 14:18:45.366,1.64813,1.64847,1.32,1.69
2013.06.26 14:18:46.156,1.64813,1.64848,2.82,2.44
2013.06.26 14:18:46.276,1.64822,1.64847,1.13,1.69
2013.06.26 14:18:46.576,1.64822,1.64851,1.32,1.32
2013.06.26 14:18:47.107,1.64822,1.64852,1.32,1.69
2013.06.26 14:18:47.479,1.64821,1.64852,1.32,1.69
2013.06.26 14:18:47.727,1.64821,1.64849,1.32,3.19
2013.06.26 14:18:48.086,1.64816,1.64846,1.69,1.69
2013.06.26 14:18:48.937,1.64816,1.64846,1.69,1.69
2013.06.26 14:18:49.346,1.64816,1.64846,2.58,1.69
2013.06.26 14:18:50.107,1.64816,1.64846,1.32,1.69
2013.06.26 14:18:50.987,1.64821,1.64845,1.13,1.69
2013.06.26 14:18:51.999,1.64809,1.64846,3.19,2.44
2013.06.26 14:18:52.187,1.64813,1.64847,1.69,1.69
2013.06.26 14:18:53.868,1.64813,1.64847,1.32,1.32
2013.06.26 14:18:53.928,1.64822,1.64848,1.13,2.07
2013.06.26 14:18:54.187,1.64812,1.64846,1.32,1.32
2013.06.26 14:18:54.308,1.64812,1.6484,1.32,1.32
2013.06.26 14:18:54.486,1.64811,1.6484,1.13,1.69
2013.06.26 14:18:54.546,1.64811,1.64839,1.32,2.44
2013.06.26 14:18:54.846,1.64803,1.64833,1.69,1.69
2013.06.26 14:18:54.907,1.64802,1.64831,1.13,1.69
2013.06.26 14:18:54.968,1.64797,1.64827,1.32,1.69
2013.06.26 14:18:55.026,1.64792,1.64827,2.07,1.69
2013.06.26 14:18:56.206,1.64792,1.64825,2.82,2.44
2013.06.26 14:18:57.246,1.64792,1.64823,1.32,1.69
2013.06.26 14:18:57.671,1.64788,1.6482,1.32,2.44
2013.06.26 14:18:57.738,1.64787,1.64817,1.32,1.32
2013.06.26 14:18:57.797,1.64784,1.64817,2.07,1.32
2013.06.26 14:18:58.286,1.64787,1.64819,1.32,1.69
2013.06.26 14:18:58.657,1.64791,1.64824,1.32,2.07
2013.06.26 14:18:59.578,1.64793,1.64823,1.69,1.69
2013.06.26 14:18:59.821,1.64794,1.64823,1.69,1.69
2013.06.26 14:18:59.886,1.64797,1.64823,1.50,1.69
2013.06.26 14:18:59.946,1.64794,1.64823,1.69,1.69
2013.06.26 14:19:00.147,1.64797,1.64822,1.50,1.69
2013.06.26 14:19:00.389,1.64792,1.64823,1.32,1.69
2013.06.26 14:19:02.506,1.64792,1.64821,1.32,1.69
2013.06.26 14:19:02.807,1.64792,1.6482,1.32,1.69
2013.06.26 14:19:03.846,1.64792,1.6482,1.32,1.69
2013.06.26 14:19:04.516,1.64792,1.64823,1.32,4.69
2013.06.26 14:19:04.876,1.64782,1.64815,1.32,1.69
2013.06.26 14:19:08.156,1.64783,1.64813,1.32,1.69
2013.06.26 14:19:09.078,1.64782,1.6481,1.32,1.69
2013.06.26 14:19:09.858,1.64783,1.64813,1.32,1.69
2013.06.26 14:19:10.574,1.64783,1.64815,1.32,1.69
2013.06.26 14:19:11.787,1.64783,1.64816,1.32,2.44
2013.06.26 14:19:15.736,1.64787,1.64818,1.69,1.69
2013.06.26 14:19:16.516,1.64787,1.64818,1.69,1.69
2013.06.26 14:19:16.856,1.64787,1.64818,1.69,3.19
2013.06.26 14:19:17.376,1.64783,1.64814,1.69,1.69
2013.06.26 14:19:17.556,1.64777,1.64808,2.44,1.69
2013.06.26 14:19:18.577,1.64777,1.64808,2.44,1.69
2013.06.26 14:19:19.116,1.64774,1.64808,3.19,1.69
2013.06.26 14:19:19.656,1.64774,1.64808,2.44,1.69
2013.06.26 14:19:20.488,1.64774,1.64808,2.44,1.69
2013.06.26 14:19:21.407,1.64774,1.64808,2.44,1.69
2013.06.26 14:19:23.789,1.64772,1.64803,1.32,1.69
2013.06.26 14:19:23.857,1.64771,1.64799,1.32,1.69
2013.06.26 14:19:24.258,1.64767,1.64801,1.69,1.69
2013.06.26 14:19:24.497,1.64772,1.64803,1.32,1.69
2013.06.26 14:19:29.107,1.64772,1.64803,2.07,1.69
2013.06.26 14:19:34.226,1.64772,1.64803,1.32,1.69
2013.06.26 14:19:34.346,1.64772,1.64801,1.32,1.69
2013.06.26 14:19:37.018,1.64772,1.64802,1.13,1.69
2013.06.26 14:19:41.900,1.64772,1.64803,1.69,1.69
2013.06.26 14:19:43.530,1.6477,1.64802,1.69,1.69
2013.06.26 14:19:43.958,1.64767,1.64798,1.69,1.69
2013.06.26 14:19:44.258,1.64767,1.64796,1.69,2.44
2013.06.26 14:19:44.377,1.64769,1.64799,1.69,2.44
2013.06.26 14:19:44.436,1.64766,1.64799,2.44,2.44
2013.06.26 14:19:45.660,1.64767,1.64797,1.69,1.69
2013.06.26 14:19:46.017,1.64766,1.64793,1.69,2.25
2013.06.26 14:19:46.196,1.64766,1.64794,1.69,1.50
2013.06.26 14:19:46.316,1.64767,1.64798,1.69,1.69
2013.06.26 14:19:48.176,1.64763,1.64794,2.07,1.69
2013.06.26 14:19:48.536,1.64761,1.64784,1.50,1.69
2013.06.26 14:19:48.896,1.64753,1.64784,1.69,1.69
2013.06.26 14:19:49.426,1.64753,1.64785,3.12,1.69
2013.06.26 14:19:51.086,1.64753,1.64788,2.74,1.69
2013.06.26 14:19:51.567,1.64752,1.64785,2.07,3.19
2013.06.26 14:19:51.687,1.64752,1.64784,1.32,1.69
2013.06.26 14:19:51.866,1.64751,1.64781,1.69,1.69
2013.06.26 14:19:52.667,1.64753,1.64779,1.69,1.69
2013.06.26 14:19:54.376,1.64751,1.6478,2.44,2.44
2013.06.26 14:19:54.699,1.64752,1.64777,1.69,1.69
2013.06.26 14:19:54.758,1.64751,1.64781,2.44,3.94
2013.06.26 14:19:55.707,1.64758,1.64781,1.69,1.50
2013.06.26 14:19:55.826,1.64761,1.64787,1.32,1.69
2013.06.26 14:19:55.946,1.64756,1.64783,1.69,1.13
2013.06.26 14:19:56.497,1.64755,1.64784,1.69,1.50
2013.06.26 14:19:57.062,1.64755,1.64782,1.69,1.50
2013.06.26 14:19:57.508,1.64755,1.64781,1.69,1.50
2013.06.26 14:20:00.226,1.64755,1.6478,1.69,3.00
2013.06.26 14:20:01.000,1.64755,1.64779,1.69,1.50
2013.06.26 14:20:01.178,1.64755,1.64782,1.69,1.69
2013.06.26 14:20:01.356,1.64753,1.64782,1.69,2.82
2013.06.26 14:20:02.137,1.64755,1.64784,1.69,2.44
2013.06.26 14:20:02.438,1.64762,1.64785,1.69,1.50
2013.06.26 14:20:02.796,1.64767,1.64794,1.69,1.69
2013.06.26 14:20:02.856,1.64771,1.64794,1.69,2.25
2013.06.26 14:20:03.517,1.64771,1.64797,1.69,1.69
2013.06.26 14:20:03.709,1.64767,1.64795,1.69,1.50
2013.06.26 14:20:03.768,1.64767,1.64795,1.69,1.69
2013.06.26 14:20:04.597,1.64767,1.64796,1.69,1.69
2013.06.26 14:20:04.956,1.64758,1.64789,1.69,1.69
2013.06.26 14:20:05.316,1.64766,1.64791,1.69,1.69
2013.06.26 14:20:05.676,1.64757,1.64786,2.44,1.50
2013.06.26 14:20:06.386,1.64757,1.64787,1.69,1.69
2013.06.26 14:20:07.377,1.64755,1.64787,1.84,3.19
2013.06.26 14:20:07.737,1.64757,1.64783,1.69,1.50
2013.06.26 14:20:07.797,1.64754,1.64783,1.69,1.69
2013.06.26 14:20:07.977,1.64749,1.6478,2.44,1.69
2013.06.26 14:20:08.041,1.64747,1.6478,1.69,2.44
2013.06.26 14:20:08.229,1.64746,1.64778,1.69,2.07
2013.06.26 14:20:08.478,1.64744,1.64777,1.69,2.44
2013.06.26 14:20:09.141,1.64744,1.64778,1.69,2.25
2013.06.26 14:20:09.361,1.64744,1.64778,1.69,2.25
2013.06.26 14:20:09.606,1.64744,1.64774,1.69,1.69
2013.06.26 14:20:09.726,1.64744,1.64775,1.69,3.19
2013.06.26 14:20:09.977,1.64741,1.64768,1.69,1.32
2013.06.26 14:20:10.037,1.64739,1.64768,1.69,3.57
2013.06.26 14:20:10.698,1.64736,1.64764,1.69,1.69
2013.06.26 14:20:10.758,1.64736,1.64764,1.69,1.69
2013.06.26 14:20:10.936,1.64735,1.64764,1.69,1.69
2013.06.26 14:20:11.177,1.64738,1.64769,1.69,1.69
2013.06.26 14:20:11.597,1.6474,1.64768,1.69,1.69
2013.06.26 14:20:11.747,1.64739,1.64768,2.44,2.07
2013.06.26 14:20:11.926,1.64739,1.64759,1.69,1.13
2013.06.26 14:20:11.987,1.64737,1.64759,1.69,1.13
2013.06.26 14:20:12.107,1.6474,1.64759,2.25,1.13
2013.06.26 14:20:12.287,1.64741,1.64769,1.50,1.32
2013.06.26 14:20:12.346,1.64741,1.64769,1.50,1.32
2013.06.26 14:20:12.467,1.64743,1.6477,1.13,2.07
2013.06.26 14:20:12.587,1.64743,1.6477,2.07,1.88
2013.06.26 14:20:12.706,1.64743,1.64774,3.72,1.58
2013.06.26 14:20:12.827,1.64749,1.64779,1.69,1.69
2013.06.26 14:20:13.309,1.64747,1.64778,1.69,1.32
2013.06.26 14:20:13.387,1.64741,1.64775,1.69,3.19
2013.06.26 14:20:13.697,1.64741,1.64771,1.69,1.69
2013.06.26 14:20:14.041,1.64741,1.64768,1.50,1.69
2013.06.26 14:20:14.407,1.64734,1.64766,1.32,2.44
2013.06.26 14:20:15.130,1.64733,1.64764,1.32,1.69
2013.06.26 14:20:16.867,1.64735,1.64766,2.82,1.32
2013.06.26 14:20:17.046,1.64732,1.64764,1.32,1.69
2013.06.26 14:20:17.406,1.64732,1.64762,2.82,1.69
2013.06.26 14:20:20.386,1.64731,1.64764,1.32,3.19
2013.06.26 14:20:21.548,1.64731,1.64764,1.32,2.44
2013.06.26 14:20:22.097,1.64732,1.64764,2.82,1.69
2013.06.26 14:20:22.407,1.64733,1.64768,1.32,3.19
2013.06.26 14:20:22.467,1.64738,1.64768,1.69,2.44
2013.06.26 14:20:24.176,1.64737,1.6477,1.69,1.69
2013.06.26 14:20:24.847,1.64737,1.64771,2.82,1.69
2013.06.26 14:20:25.087,1.64751,1.64772,1.13,1.32
2013.06.26 14:20:25.739,1.64742,1.64777,2.07,1.69
2013.06.26 14:20:25.936,1.64742,1.64777,2.97,1.69
2013.06.26 14:20:26.056,1.64752,1.6478,1.13,3.57
2013.06.26 14:20:26.116,1.64752,1.6478,1.13,3.57
2013.06.26 14:20:26.296,1.64743,1.64773,1.32,1.32
2013.06.26 14:20:27.896,1.64752,1.64778,1.50,2.44
2013.06.26 14:20:28.196,1.64758,1.64783,1.32,1.50
2013.06.26 14:20:28.316,1.64751,1.6478,1.69,1.69
2013.06.26 14:20:28.496,1.6475,1.64779,1.69,2.25
2013.06.26 14:20:28.557,1.64746,1.64781,1.69,2.44
2013.06.26 14:20:30.396,1.64752,1.64777,1.13,1.69
2013.06.26 14:20:30.456,1.64752,1.64777,1.32,2.44
2013.06.26 14:20:31.137,1.64752,1.64773,1.32,1.50
2013.06.26 14:20:31.257,1.64752,1.64774,1.13,2.44
2013.06.26 14:20:31.619,1.64752,1.64776,1.13,2.44
2013.06.26 14:20:31.679,1.6474,1.64775,1.69,1.69
2013.06.26 14:20:32.036,1.64744,1.64776,1.69,1.69
2013.06.26 14:20:32.097,1.64746,1.64777,2.44,1.69
2013.06.26 14:20:32.457,1.64749,1.64783,1.69,3.94
2013.06.26 14:20:33.579,1.64752,1.64783,2.07,1.69
2013.06.26 14:20:34.496,1.64752,1.64778,2.07,1.50
2013.06.26 14:20:34.797,1.64753,1.6478,1.32,1.69
2013.06.26 14:20:34.917,1.64753,1.6478,1.32,1.50
2013.06.26 14:20:35.087,1.64753,1.6478,1.32,1.50
2013.06.26 14:20:35.207,1.64763,1.64784,1.13,2.44
2013.06.26 14:20:35.327,1.64763,1.64788,1.32,1.32
2013.06.26 14:20:35.387,1.64763,1.6479,1.32,1.32
2013.06.26 14:20:35.446,1.64757,1.64788,2.82,1.32
2013.06.26 14:20:35.627,1.64755,1.64788,1.69,1.69
2013.06.26 14:20:37.226,1.64754,1.64789,1.69,1.69
2013.06.26 14:20:37.406,1.64754,1.64789,1.69,1.69
2013.06.26 14:20:38.159,1.64754,1.64789,1.69,1.69
2013.06.26 14:20:38.216,1.64758,1.64789,2.44,1.69
2013.06.26 14:20:38.457,1.64758,1.64789,1.69,2.07
2013.06.26 14:20:38.637,1.64754,1.64786,1.69,1.69
2013.06.26 14:20:40.678,1.64758,1.64789,1.88,1.32
2013.06.26 14:20:41.157,1.64762,1.6479,1.13,2.07
2013.06.26 14:20:41.277,1.64762,1.6479,1.32,1.32
2013.06.26 14:20:41.576,1.64763,1.64793,1.32,1.32
2013.06.26 14:20:41.636,1.64766,1.64796,1.69,1.69
2013.06.26 14:20:41.756,1.64769,1.64796,1.69,1.50
2013.06.26 14:20:41.817,1.64771,1.64798,1.32,1.69
2013.06.26 14:20:42.236,1.64774,1.64805,1.69,1.32
2013.06.26 14:20:42.578,1.64774,1.64796,2.44,2.25
2013.06.26 14:20:43.157,1.64774,1.64796,1.50,2.44
2013.06.26 14:20:43.220,1.64766,1.64797,1.69,2.44
2013.06.26 14:20:43.346,1.64768,1.64796,1.50,2.44
2013.06.26 14:20:43.647,1.64775,1.64804,1.32,2.25
2013.06.26 14:20:43.770,1.64772,1.648,1.50,1.69
2013.06.26 14:20:44.327,1.64771,1.648,2.44,1.69
2013.06.26 14:20:44.507,1.64768,1.64797,3.94,1.69
2013.06.26 14:20:45.387,1.64763,1.64795,1.69,3.57
2013.06.26 14:20:45.447,1.64762,1.64794,2.44,1.69
2013.06.26 14:20:45.507,1.64762,1.64792,1.69,1.69
2013.06.26 14:20:45.866,1.64752,1.64779,4.32,2.07
2013.06.26 14:20:46.170,1.64752,1.64774,3.39,1.69
2013.06.26 14:20:49.527,1.64752,1.64772,3.39,1.32
2013.06.26 14:20:50.146,1.64752,1.64772,3.39,5.44
2013.06.26 14:20:50.268,1.64736,1.64771,1.69,1.69
2013.06.26 14:20:50.407,1.64738,1.64771,2.07,1.69
2013.06.26 14:20:50.467,1.64741,1.64771,1.69,1.69
2013.06.26 14:20:50.647,1.64745,1.64774,1.69,2.44
2013.06.26 14:20:50.949,1.64743,1.64773,2.37,1.50
2013.06.26 14:20:51.067,1.64752,1.64778,1.32,1.69
2013.06.26 14:20:51.128,1.64753,1.64778,1.32,1.69
2013.06.26 14:20:51.247,1.64749,1.64774,2.44,1.69
2013.06.26 14:20:51.427,1.64748,1.64778,1.69,1.69
2013.06.26 14:20:52.003,1.64743,1.64773,2.82,1.69
2013.06.26 14:20:52.549,1.64743,1.64774,1.69,1.69
2013.06.26 14:20:53.066,1.64743,1.64773,2.07,3.19
2013.06.26 14:20:53.187,1.64742,1.64773,1.69,1.69
2013.06.26 14:20:53.547,1.64741,1.64759,1.13,1.09
2013.06.26 14:20:53.606,1.64731,1.64754,2.82,1.32
2013.06.26 14:20:53.726,1.64731,1.64751,2.07,2.44
2013.06.26 14:20:53.847,1.64731,1.6475,2.07,2.44
2013.06.26 14:20:54.027,1.64732,1.64753,1.50,2.44
2013.06.26 14:20:54.266,1.64728,1.64755,1.99,4.69
2013.06.26 14:20:54.626,1.64728,1.64752,2.55,1.32
2013.06.26 14:20:54.868,1.64714,1.64734,1.05,1.69
2013.06.26 14:20:54.928,1.64708,1.64734,1.69,1.69
2013.06.26 14:20:55.106,1.64707,1.64733,1.69,2.82
2013.06.26 14:20:55.288,1.64711,1.64736,1.69,1.32
2013.06.26 14:20:55.827,1.64702,1.64735,2.07,1.69
2013.06.26 14:20:56.187,1.64703,1.64732,1.32,1.69
2013.06.26 14:20:56.838,1.64702,1.64733,3.19,1.69
2013.06.26 14:20:57.197,1.64702,1.64737,2.82,1.69
2013.06.26 14:20:58.308,1.647,1.64735,4.47,3.19
2013.06.26 14:20:58.666,1.64721,1.64746,1.13,1.28
2013.06.26 14:20:58.787,1.64712,1.64739,1.69,1.32
2013.06.26 14:20:58.967,1.6471,1.64739,1.32,1.62
2013.06.26 14:20:59.326,1.64712,1.64741,1.88,1.69
2013.06.26 14:20:59.626,1.64712,1.64743,1.13,1.32
2013.06.26 14:20:59.686,1.64713,1.64744,1.32,1.32
2013.06.26 14:20:59.806,1.64709,1.6474,1.32,1.32
2013.06.26 14:21:00.617,1.64705,1.64739,2.82,2.07
2013.06.26 14:21:01.347,1.64704,1.64736,1.32,1.69
2013.06.26 14:21:01.663,1.64705,1.64733,2.44,2.07
2013.06.26 14:21:01.787,1.64708,1.64737,1.13,1.24
2013.06.26 14:21:01.907,1.64708,1.64738,1.32,1.24
2013.06.26 14:21:02.882,1.64708,1.64741,1.32,1.54
2013.06.26 14:21:03.116,1.64706,1.64738,1.69,1.17
2013.06.26 14:21:04.646,1.64707,1.64735,1.69,1.69
2013.06.26 14:21:05.006,1.64707,1.64734,1.69,1.69
2013.06.26 14:21:06.307,1.64707,1.64732,1.69,1.69
2013.06.26 14:21:06.488,1.64701,1.64734,2.44,1.69
2013.06.26 14:21:06.547,1.64703,1.64733,1.32,2.44
2013.06.26 14:21:07.107,1.64707,1.64732,1.50,2.07
2013.06.26 14:21:07.226,1.64707,1.64734,1.69,2.44
2013.06.26 14:21:07.347,1.64707,1.64737,1.69,2.07
2013.06.26 14:21:08.348,1.64708,1.64743,1.69,2.44
2013.06.26 14:21:08.407,1.64707,1.64733,1.69,1.50
2013.06.26 14:21:08.647,1.64704,1.64728,2.44,1.32
2013.06.26 14:21:08.781,1.64704,1.64732,1.69,1.32
2013.06.26 14:21:08.897,1.647,1.64729,1.69,2.07
2013.06.26 14:21:10.772,1.64697,1.64729,1.32,2.82
2013.06.26 14:21:11.020,1.64694,1.64729,3.19,2.82
2013.06.26 14:21:11.480,1.64694,1.64728,1.69,1.32
2013.06.26 14:21:11.547,1.64694,1.64729,1.69,2.07
2013.06.26 14:21:11.607,1.64694,1.64729,1.69,2.07
2013.06.26 14:21:12.917,1.64694,1.64726,2.07,1.32
2013.06.26 14:21:13.220,1.64697,1.6472,1.13,1.32
2013.06.26 14:21:13.278,1.64697,1.6472,1.32,1.13
2013.06.26 14:21:13.397,1.64697,1.64723,1.32,2.82
2013.06.26 14:21:13.578,1.64692,1.64723,1.32,3.49
2013.06.26 14:21:13.698,1.64692,1.6472,1.32,1.69
2013.06.26 14:21:14.056,1.64712,1.64733,1.13,2.44
2013.06.26 14:21:14.297,1.64696,1.64724,2.44,1.32
2013.06.26 14:21:14.726,1.64692,1.64723,1.32,1.92
2013.06.26 14:21:15.276,1.64692,1.64719,1.13,2.07
2013.06.26 14:21:15.697,1.64692,1.64719,1.13,1.69
2013.06.26 14:21:16.382,1.64688,1.64718,1.69,1.69
2013.06.26 14:21:16.447,1.64688,1.64713,1.69,1.17
2013.06.26 14:21:16.936,1.64688,1.64713,1.69,1.17
2013.06.26 14:21:17.158,1.64686,1.64714,1.69,1.17
2013.06.26 14:21:17.507,1.64686,1.64714,1.69,1.92
2013.06.26 14:21:18.959,1.64682,1.64706,1.69,1.13
2013.06.26 14:21:19.376,1.6468,1.64708,1.69,1.32
2013.06.26 14:21:19.937,1.6468,1.64712,1.69,2.44
2013.06.26 14:21:20.336,1.64683,1.64713,1.32,1.24
2013.06.26 14:21:21.896,1.64682,1.64712,1.32,1.17
2013.06.26 14:21:22.238,1.64691,1.64714,1.13,1.32
2013.06.26 14:21:23.567,1.64691,1.64715,1.13,1.32
2013.06.26 14:21:24.807,1.64682,1.64715,2.82,2.07
2013.06.26 14:21:25.076,1.64679,1.64712,1.69,1.69
2013.06.26 14:21:25.137,1.64678,1.64712,1.84,1.69
2013.06.26 14:21:25.568,1.64675,1.64708,1.69,2.44
2013.06.26 14:21:25.806,1.64676,1.64703,1.69,1.69
2013.06.26 14:21:26.576,1.64674,1.64709,2.44,2.74
2013.06.26 14:21:27.946,1.64672,1.64701,2.82,1.13
2013.06.26 14:21:28.007,1.64672,1.64701,2.07,1.32
2013.06.26 14:21:28.493,1.64672,1.64702,1.32,2.44
2013.06.26 14:21:28.807,1.64662,1.64688,1.69,1.24
2013.06.26 14:21:29.127,1.64662,1.64687,1.50,1.24
2013.06.26 14:21:29.487,1.6466,1.64683,1.83,1.32
2013.06.26 14:21:30.666,1.6466,1.64682,1.83,2.44
2013.06.26 14:21:30.968,1.6466,1.64679,1.08,1.92
2013.06.26 14:21:31.027,1.6466,1.64679,1.83,1.17
2013.06.26 14:21:31.408,1.64654,1.64679,2.92,1.17
2013.06.26 14:21:31.587,1.64656,1.64682,1.50,1.17
2013.06.26 14:21:31.957,1.64652,1.64677,1.50,1.17
2013.06.26 14:21:32.317,1.64646,1.64671,2.84,1.05
2013.06.26 14:21:32.376,1.64648,1.64677,2.44,2.74
2013.06.26 14:21:32.497,1.64653,1.64679,1.13,1.69
2013.06.26 14:21:32.557,1.64653,1.6468,1.32,1.69
2013.06.26 14:21:33.539,1.64652,1.64681,1.32,2.44
2013.06.26 14:21:33.769,1.64653,1.64681,1.32,1.69
2013.06.26 14:21:34.082,1.64653,1.64681,1.32,2.44
2013.06.26 14:21:34.937,1.64651,1.64681,1.32,3.19
2013.06.26 14:21:35.209,1.64653,1.64681,1.32,2.44
2013.06.26 14:21:36.729,1.64645,1.64668,2.07,1.05
2013.06.26 14:21:36.788,1.64642,1.64668,1.69,1.62
2013.06.26 14:21:37.027,1.64642,1.64668,1.69,1.62
2013.06.26 14:21:37.407,1.64644,1.64671,1.50,1.69
2013.06.26 14:21:37.526,1.64644,1.64675,2.44,2.07
2013.06.26 14:21:37.646,1.64644,1.64675,2.44,1.69
2013.06.26 14:21:38.886,1.64645,1.64678,1.69,1.32
2013.06.26 14:21:39.066,1.64652,1.64681,1.32,1.24
2013.06.26 14:21:39.969,1.64655,1.64682,1.69,1.24
2013.06.26 14:21:40.028,1.64655,1.64687,1.69,1.17
2013.06.26 14:21:40.329,1.64654,1.64683,1.69,1.32
2013.06.26 14:21:40.688,1.64653,1.64683,1.32,2.07
2013.06.26 14:21:41.248,1.64654,1.64687,1.69,1.32
2013.06.26 14:21:42.012,1.64654,1.64687,1.69,1.24
2013.06.26 14:21:42.077,1.64652,1.64687,2.07,1.99
2013.06.26 14:21:42.257,1.64645,1.64672,1.32,1.24
2013.06.26 14:21:42.498,1.64649,1.64678,1.69,1.24
2013.06.26 14:21:42.917,1.64647,1.64675,1.69,1.05
2013.06.26 14:21:43.037,1.64648,1.64678,1.69,1.24
2013.06.26 14:21:43.669,1.64646,1.64678,1.69,1.24
2013.06.26 14:21:43.908,1.64643,1.64675,2.44,1.24
2013.06.26 14:21:43.968,1.64643,1.64673,2.44,1.69
2013.06.26 14:21:44.029,1.64642,1.64667,1.69,1.05
2013.06.26 14:21:44.209,1.64639,1.64669,1.69,1.69
2013.06.26 14:21:44.697,1.64636,1.64664,1.69,1.69
2013.06.26 14:21:45.056,1.64636,1.64664,1.69,1.92
2013.06.26 14:21:45.236,1.64636,1.64669,1.69,2.37
2013.06.26 14:21:45.297,1.64636,1.64669,1.69,1.62
2013.06.26 14:21:45.777,1.64639,1.6467,1.69,1.99
2013.06.26 14:21:46.350,1.64641,1.6467,1.32,1.99
2013.06.26 14:21:46.657,1.64641,1.6467,1.32,2.74
2013.06.26 14:21:46.716,1.64641,1.64669,1.32,1.24
2013.06.26 14:21:47.137,1.64642,1.64668,1.32,1.24
2013.06.26 14:21:47.378,1.64636,1.64663,1.69,1.17
2013.06.26 14:21:47.857,1.64631,1.64664,2.07,1.99
2013.06.26 14:21:48.500,1.64631,1.64663,1.32,1.69
2013.06.26 14:21:48.688,1.64633,1.64664,1.32,1.99
2013.06.26 14:21:48.807,1.64632,1.64665,2.07,1.24
2013.06.26 14:21:48.999,1.64639,1.64665,1.50,1.69
2013.06.26 14:21:49.177,1.64639,1.64668,2.25,3.94
2013.06.26 14:21:49.497,1.64635,1.64668,2.07,3.19
2013.06.26 14:21:50.237,1.64635,1.64667,1.32,1.99
2013.06.26 14:21:51.609,1.64635,1.64665,1.32,1.69
2013.06.26 14:21:52.686,1.64632,1.64664,1.69,1.32
2013.06.26 14:21:52.989,1.64631,1.64658,1.50,1.69
2013.06.26 14:21:53.108,1.64628,1.64657,3.19,1.69
2013.06.26 14:21:53.287,1.64629,1.64659,1.69,3.19
2013.06.26 14:21:53.347,1.64629,1.64653,1.69,2.44
2013.06.26 14:21:53.466,1.64626,1.64652,1.69,1.32
2013.06.26 14:21:53.838,1.64628,1.64652,1.69,1.32
2013.06.26 14:21:53.897,1.64626,1.64652,2.44,1.32
2013.06.26 14:21:54.018,1.64626,1.6465,2.44,1.62
2013.06.26 14:21:54.557,1.64626,1.64647,1.50,1.69
2013.06.26 14:21:54.737,1.64622,1.64646,1.69,1.50
2013.06.26 14:21:54.978,1.64622,1.64645,1.69,1.13
2013.06.26 14:21:55.038,1.64622,1.64645,1.50,1.69
2013.06.26 14:21:56.077,1.64618,1.64642,1.69,1.69
2013.06.26 14:21:56.947,1.64616,1.64642,2.44,1.69
2013.06.26 14:21:57.188,1.64615,1.64644,1.69,1.54
2013.06.26 14:21:57.409,1.64613,1.64641,1.69,1.32
2013.06.26 14:21:57.659,1.64613,1.64641,1.69,1.32
2013.06.26 14:21:58.557,1.64616,1.64644,2.44,1.92
2013.06.26 14:22:00.354,1.64616,1.64644,3.94,1.54
2013.06.26 14:22:00.506,1.64616,1.64644,3.19,1.54
2013.06.26 14:22:01.947,1.64623,1.64642,1.13,1.32
2013.06.26 14:22:02.247,1.64641,1.6466,1.13,2.07
2013.06.26 14:22:02.306,1.64641,1.6466,1.13,1.13
2013.06.26 14:22:02.367,1.64634,1.64662,1.50,2.07
2013.06.26 14:22:02.427,1.64634,1.64662,1.69,1.32
2013.06.26 14:22:02.968,1.64638,1.64661,1.69,1.17
2013.06.26 14:22:03.488,1.64631,1.64658,1.69,1.69
2013.06.26 14:22:03.947,1.64623,1.64656,1.69,1.05
2013.06.26 14:22:04.007,1.64623,1.64656,1.69,1.24
2013.06.26 14:22:04.637,1.64628,1.64655,1.69,1.50
2013.06.26 14:22:04.699,1.64632,1.64659,1.69,1.32
2013.06.26 14:22:04.758,1.64632,1.64659,1.69,1.13
2013.06.26 14:22:05.117,1.6463,1.64657,1.69,1.13
2013.06.26 14:22:05.177,1.64632,1.64659,2.44,1.62
2013.06.26 14:22:06.787,1.64632,1.64659,1.69,1.32
2013.06.26 14:22:07.100,1.64626,1.64654,3.19,1.13
2013.06.26 14:22:07.467,1.64624,1.64653,1.69,1.13
2013.06.26 14:22:07.956,1.64621,1.64654,2.44,2.82
2013.06.26 14:22:08.638,1.64621,1.64649,1.69,1.32
2013.06.26 14:22:09.276,1.64618,1.64648,1.69,1.32
2013.06.26 14:22:09.517,1.64616,1.64644,1.69,1.69
2013.06.26 14:22:09.578,1.64612,1.64643,2.07,1.69
2013.06.26 14:22:09.998,1.64611,1.64636,2.07,1.69
2013.06.26 14:22:10.366,1.64613,1.64636,1.32,1.50
2013.06.26 14:22:10.787,1.64616,1.64638,1.69,1.32
2013.06.26 14:22:11.327,1.64613,1.64638,1.32,1.32
2013.06.26 14:22:11.887,1.64612,1.64637,1.32,1.32
2013.06.26 14:22:13.147,1.64612,1.64638,2.07,1.32
2013.06.26 14:22:13.778,1.64612,1.64642,2.82,1.32
2013.06.26 14:22:13.896,1.64612,1.64642,2.82,1.32
2013.06.26 14:22:13.957,1.64612,1.64643,2.82,1.88
2013.06.26 14:22:15.667,1.64617,1.64642,1.69,1.13
2013.06.26 14:22:17.877,1.64617,1.64643,1.69,1.13
2013.06.26 14:22:17.997,1.64621,1.64651,1.69,1.69
2013.06.26 14:22:18.058,1.64621,1.64653,1.69,1.69
2013.06.26 14:22:18.359,1.64618,1.64643,1.69,1.13
2013.06.26 14:22:18.537,1.64618,1.64644,1.69,1.13
2013.06.26 14:22:18.600,1.64618,1.64644,1.69,1.13
2013.06.26 14:22:18.661,1.64618,1.64645,1.69,1.32
2013.06.26 14:22:18.846,1.64616,1.64638,1.50,1.69
2013.06.26 14:22:18.967,1.6461,1.64638,1.69,1.69
2013.06.26 14:22:19.237,1.6461,1.64638,1.69,1.32
2013.06.26 14:22:19.658,1.64607,1.64639,2.44,1.32
2013.06.26 14:22:20.137,1.64613,1.64644,2.44,1.32
2013.06.26 14:22:20.496,1.64615,1.64649,2.44,2.07
2013.06.26 14:22:20.677,1.64615,1.64647,3.19,1.32
2013.06.26 14:22:20.737,1.64618,1.64647,2.44,1.32
2013.06.26 14:22:21.657,1.64622,1.64655,2.44,2.07
2013.06.26 14:22:22.207,1.64625,1.64656,1.69,1.32
2013.06.26 14:22:22.568,1.64625,1.64656,3.94,1.32
2013.06.26 14:22:22.928,1.64635,1.64658,1.50,1.69
2013.06.26 14:22:22.988,1.64635,1.64658,2.44,1.50
2013.06.26 14:22:23.347,1.64641,1.64658,1.69,1.13
2013.06.26 14:22:23.598,1.64636,1.64658,1.69,1.13
2013.06.26 14:22:23.658,1.64636,1.64658,1.69,1.13
2013.06.26 14:22:23.718,1.64635,1.64658,1.69,1.13
2013.06.26 14:22:23.778,1.64631,1.64658,2.44,1.32
2013.06.26 14:22:23.898,1.64626,1.64643,2.25,1.13
2013.06.26 14:22:24.199,1.6462,1.64631,1.50,3.38
2013.06.26 14:22:24.258,1.646,1.64624,1.32,1.32
2013.06.26 14:22:24.379,1.64601,1.64624,1.32,2.07
2013.06.26 14:22:24.938,1.64601,1.64621,2.07,1.13
2013.06.26 14:22:25.329,1.64603,1.64619,2.25,1.13
2013.06.26 14:22:25.800,1.64596,1.64619,1.32,1.13
2013.06.26 14:22:26.338,1.64597,1.64621,1.69,1.13
2013.06.26 14:22:26.457,1.64603,1.64621,1.28,1.13
2013.06.26 14:22:26.637,1.64605,1.64627,1.09,1.50
2013.06.26 14:22:26.757,1.64604,1.64631,2.44,1.50
2013.06.26 14:22:26.817,1.64607,1.64632,1.69,1.69
2013.06.26 14:22:26.876,1.64604,1.64632,2.44,1.69
2013.06.26 14:22:26.936,1.646,1.64628,3.72,1.32
2013.06.26 14:22:27.056,1.646,1.64628,3.72,1.32
2013.06.26 14:22:27.667,1.64599,1.64625,1.69,1.69
2013.06.26 14:22:28.266,1.64597,1.64623,1.69,2.44
2013.06.26 14:22:28.626,1.64597,1.64613,1.32,2.25
2013.06.26 14:22:29.327,1.64595,1.64615,1.32,2.25
2013.06.26 14:22:29.749,1.64596,1.6462,1.32,1.69
2013.06.26 14:22:30.766,1.64593,1.64619,1.32,1.69
2013.06.26 14:22:31.077,1.64591,1.64618,1.35,1.32
2013.06.26 14:22:31.197,1.64597,1.64618,1.32,1.69
2013.06.26 14:22:31.256,1.64597,1.64618,1.69,1.69
2013.06.26 14:22:31.377,1.64597,1.64622,2.44,2.44
2013.06.26 14:22:32.209,1.646,1.64622,1.32,1.50
2013.06.26 14:22:32.906,1.646,1.6462,1.32,1.50
2013.06.26 14:22:33.267,1.64592,1.64617,2.59,1.32
2013.06.26 14:22:33.328,1.64594,1.64617,1.09,1.32
2013.06.26 14:22:33.387,1.64591,1.64617,1.84,1.32
2013.06.26 14:22:33.567,1.64591,1.64616,2.59,1.32
2013.06.26 14:22:33.937,1.6459,1.64616,2.44,1.13
2013.06.26 14:22:34.348,1.64592,1.64618,1.84,1.13
2013.06.26 14:22:34.466,1.64591,1.64619,1.69,2.44
2013.06.26 14:22:34.897,1.6459,1.64618,2.44,1.50
2013.06.26 14:22:35.458,1.64592,1.64618,2.44,1.69
2013.06.26 14:22:35.896,1.64592,1.64617,2.44,1.50
2013.06.26 14:22:36.017,1.64591,1.64615,1.13,2.25
2013.06.26 14:22:37.081,1.64592,1.64613,1.13,1.50
2013.06.26 14:22:37.297,1.64592,1.64614,1.13,1.50
2013.06.26 14:22:37.758,1.64592,1.64614,1.13,1.50
2013.06.26 14:22:38.277,1.64589,1.64614,1.13,1.69
2013.06.26 14:22:38.836,1.64589,1.64612,1.13,1.50
2013.06.26 14:22:39.386,1.64589,1.64611,1.13,1.50
2013.06.26 14:22:39.918,1.64592,1.64618,1.13,2.44
2013.06.26 14:22:39.977,1.64589,1.64616,1.32,1.69
2013.06.26 14:22:40.338,1.64591,1.64615,1.32,1.32
2013.06.26 14:22:40.817,1.64582,1.64609,2.97,1.50
2013.06.26 14:22:40.937,1.64583,1.64608,1.69,1.50
2013.06.26 14:22:41.229,1.64583,1.6461,1.69,1.50
2013.06.26 14:22:42.540,1.64586,1.64608,1.09,1.50
2013.06.26 14:22:42.738,1.64587,1.6461,1.09,1.50
2013.06.26 14:22:43.381,1.64585,1.64611,1.69,1.69
2013.06.26 14:22:43.690,1.64584,1.64613,1.84,3.19
2013.06.26 14:22:44.047,1.64582,1.64604,1.84,2.25
2013.06.26 14:22:44.108,1.64582,1.64604,1.09,2.25
2013.06.26 14:22:44.230,1.64574,1.64597,1.84,1.13
2013.06.26 14:22:44.287,1.64573,1.64597,1.69,1.13
2013.06.26 14:22:44.348,1.64573,1.64597,1.69,1.13
2013.06.26 14:22:44.407,1.64575,1.64597,1.09,1.32
2013.06.26 14:22:44.597,1.64573,1.64595,1.09,1.50
2013.06.26 14:22:44.837,1.64576,1.64603,1.09,1.69
2013.06.26 14:22:45.138,1.64577,1.64603,2.44,1.50
2013.06.26 14:22:45.197,1.64577,1.64604,2.44,1.69
2013.06.26 14:22:45.557,1.64576,1.64604,2.44,1.69
2013.06.26 14:22:45.796,1.64578,1.64606,1.09,1.69
2013.06.26 14:22:45.857,1.64578,1.64606,1.84,1.69
2013.06.26 14:22:46.217,1.64583,1.64608,2.63,1.50
2013.06.26 14:22:46.397,1.64586,1.64614,1.69,1.50
2013.06.26 14:22:46.458,1.64586,1.64614,1.69,1.69
2013.06.26 14:22:46.777,1.64586,1.64614,1.69,1.50
2013.06.26 14:22:47.257,1.64586,1.64614,1.69,1.50
2013.06.26 14:22:49.067,1.64586,1.64614,1.69,1.69
2013.06.26 14:22:50.018,1.64582,1.64612,2.82,1.50
2013.06.26 14:22:50.425,1.64582,1.64609,2.07,1.50
2013.06.26 14:22:50.668,1.64592,1.64613,1.69,1.50
2013.06.26 14:22:51.090,1.64593,1.64616,1.32,1.69
2013.06.26 14:22:51.390,1.64592,1.64616,1.32,2.44
2013.06.26 14:22:51.639,1.64583,1.64616,2.44,2.44
2013.06.26 14:22:51.819,1.64583,1.64611,1.32,1.69
2013.06.26 14:22:51.877,1.64583,1.64608,1.32,1.50
2013.06.26 14:22:52.117,1.64576,1.64604,2.82,2.44
2013.06.26 14:22:52.239,1.64576,1.64604,2.82,1.32
2013.06.26 14:22:52.417,1.64582,1.64603,1.32,1.13
2013.06.26 14:22:52.478,1.64579,1.64605,2.07,1.50
2013.06.26 14:22:52.537,1.64579,1.64605,1.32,2.25
2013.06.26 14:22:52.658,1.64582,1.64608,1.32,2.07
2013.06.26 14:22:53.138,1.64581,1.64609,1.69,1.32
2013.06.26 14:22:53.798,1.6458,1.64608,1.84,1.32
2013.06.26 14:22:53.858,1.6458,1.64608,1.84,1.32
2013.06.26 14:22:54.412,1.64578,1.64608,1.69,1.32
2013.06.26 14:22:55.488,1.64579,1.64607,1.84,1.13
2013.06.26 14:22:56.460,1.64579,1.64605,2.44,1.50
2013.06.26 14:22:56.639,1.64581,1.64609,1.69,1.50
2013.06.26 14:22:56.699,1.64581,1.64609,1.69,1.69
2013.06.26 14:22:56.877,1.64581,1.64609,1.69,1.69
2013.06.26 14:22:57.257,1.64577,1.64605,1.69,1.50
2013.06.26 14:22:58.666,1.64576,1.64606,1.69,1.50
2013.06.26 14:22:59.178,1.64574,1.64606,1.32,1.50
2013.06.26 14:22:59.298,1.64575,1.64604,1.32,1.50
2013.06.26 14:22:59.479,1.64576,1.64605,1.69,1.69
2013.06.26 14:23:00.788,1.64576,1.64605,1.69,1.69
2013.06.26 14:23:01.687,1.64575,1.64607,2.44,1.32
2013.06.26 14:23:02.769,1.64569,1.64601,1.84,2.44
2013.06.26 14:23:03.846,1.64569,1.64601,2.44,2.44
2013.06.26 14:23:04.147,1.64571,1.64604,1.69,1.69
2013.06.26 14:23:05.057,1.64571,1.64599,1.69,1.32
2013.06.26 14:23:05.239,1.64571,1.64598,1.69,1.50
2013.06.26 14:23:05.619,1.64566,1.64597,3.57,1.50
2013.06.26 14:23:05.978,1.64567,1.64595,1.32,1.69
2013.06.26 14:23:06.337,1.64567,1.64594,1.32,2.25
2013.06.26 14:23:06.457,1.64568,1.64596,1.69,1.50
2013.06.26 14:23:06.817,1.64575,1.64603,2.44,1.50
2013.06.26 14:23:07.177,1.64573,1.64594,1.32,1.50
2013.06.26 14:23:07.297,1.6457,1.64593,1.32,1.50
2013.06.26 14:23:07.477,1.64567,1.64591,1.69,1.50
2013.06.26 14:23:07.777,1.64567,1.64595,1.69,2.44
2013.06.26 14:23:08.447,1.64571,1.64597,1.32,1.69
2013.06.26 14:23:08.507,1.64573,1.64597,1.32,1.50
2013.06.26 14:23:08.747,1.64574,1.64603,1.69,1.69
2013.06.26 14:23:08.807,1.64573,1.64601,1.32,1.69
2013.06.26 14:23:09.637,1.64573,1.64604,1.32,2.44
2013.06.26 14:23:09.757,1.64572,1.64607,2.22,1.69
2013.06.26 14:23:11.837,1.64573,1.64608,1.32,1.69
2013.06.26 14:23:12.557,1.64576,1.64608,2.44,2.25
2013.06.26 14:23:12.617,1.64576,1.64608,1.69,2.25
2013.06.26 14:23:12.737,1.64576,1.64611,2.44,1.50
2013.06.26 14:23:13.187,1.64576,1.64609,1.69,1.50
2013.06.26 14:23:13.247,1.64574,1.64609,1.84,1.69
2013.06.26 14:23:14.838,1.64574,1.64606,1.84,1.69
2013.06.26 14:23:15.337,1.64574,1.64606,1.69,2.44
2013.06.26 14:23:16.098,1.64577,1.64607,2.82,2.25
2013.06.26 14:23:16.157,1.64577,1.64607,2.82,2.25
2013.06.26 14:23:16.277,1.64581,1.64611,2.44,1.50
2013.06.26 14:23:16.948,1.64582,1.64615,1.32,1.69
2013.06.26 14:23:17.129,1.64582,1.6461,1.32,1.50
2013.06.26 14:23:17.188,1.64582,1.64607,1.32,1.50
2013.06.26 14:23:17.658,1.64578,1.64604,1.13,2.44
2013.06.26 14:23:17.717,1.64582,1.64604,1.13,2.25
2013.06.26 14:23:17.777,1.64591,1.64604,1.50,1.50
2013.06.26 14:23:18.078,1.64602,1.64616,2.07,1.50
2013.06.26 14:23:18.318,1.64602,1.64626,1.32,2.25
2013.06.26 14:23:18.679,1.64602,1.64633,2.44,1.13
2013.06.26 14:23:18.858,1.64602,1.64628,2.44,1.13
2013.06.26 14:23:19.210,1.64604,1.64628,2.44,1.13
2013.06.26 14:23:19.647,1.64605,1.64628,1.69,1.13
2013.06.26 14:23:19.960,1.64605,1.64624,1.69,1.13
2013.06.26 14:23:20.080,1.64605,1.64624,3.19,1.13
2013.06.26 14:23:20.259,1.64601,1.64624,1.69,1.13
2013.06.26 14:23:20.667,1.64602,1.64629,1.69,1.32
2013.06.26 14:23:21.027,1.64605,1.64633,1.69,1.50
2013.06.26 14:23:21.087,1.64605,1.64633,1.69,1.50
2013.06.26 14:23:21.207,1.64606,1.6464,1.69,1.69
2013.06.26 14:23:21.918,1.64605,1.6464,2.44,1.69
2013.06.26 14:23:22.458,1.64606,1.64634,2.44,1.50
2013.06.26 14:23:22.517,1.64606,1.64634,3.19,1.50
2013.06.26 14:23:22.699,1.64608,1.64634,1.69,1.69
2013.06.26 14:23:22.909,1.64603,1.64635,3.19,1.69
2013.06.26 14:23:23.187,1.64603,1.64634,1.69,1.69
2013.06.26 14:23:23.247,1.64603,1.64634,1.69,1.69
2013.06.26 14:23:24.676,1.646,1.64627,2.44,1.13
2013.06.26 14:23:24.736,1.646,1.64627,2.44,1.32
2013.06.26 14:23:25.257,1.64597,1.64628,1.69,3.19
2013.06.26 14:23:25.557,1.64591,1.64626,4.69,1.13
2013.06.26 14:23:26.058,1.64596,1.64628,1.69,1.69
2013.06.26 14:23:26.627,1.64591,1.64627,4.69,2.44
2013.06.26 14:23:26.747,1.64591,1.64625,3.19,1.69
2013.06.26 14:23:28.356,1.64591,1.64627,2.44,1.69
2013.06.26 14:23:28.479,1.6459,1.64624,1.69,1.69
2013.06.26 14:23:28.776,1.6459,1.64617,1.69,1.32
2013.06.26 14:23:29.137,1.64591,1.64619,1.69,1.32
2013.06.26 14:23:29.258,1.64591,1.64624,1.69,1.69
2013.06.26 14:23:29.497,1.64596,1.64627,1.69,1.69
2013.06.26 14:23:29.797,1.64592,1.64623,1.69,1.69
2013.06.26 14:23:29.976,1.6459,1.64622,1.69,1.69
2013.06.26 14:23:32.477,1.64592,1.64624,2.44,1.69
2013.06.26 14:23:32.988,1.64593,1.64624,2.44,1.32
2013.06.26 14:23:34.637,1.64592,1.64623,1.69,2.44
2013.06.26 14:23:35.738,1.64597,1.64623,3.19,1.69
2013.06.26 14:23:36.097,1.64595,1.64619,2.44,1.69
2013.06.26 14:23:36.457,1.64598,1.64618,1.50,1.50
2013.06.26 14:23:36.697,1.64599,1.64624,1.32,2.25
2013.06.26 14:23:36.997,1.64597,1.64622,1.69,1.50
2013.06.26 14:23:37.967,1.64597,1.64622,1.69,3.75
2013.06.26 14:23:39.027,1.64596,1.64619,1.69,1.50
2013.06.26 14:23:39.089,1.64596,1.64617,1.69,1.50
2013.06.26 14:23:39.149,1.64591,1.64617,1.32,1.50
2013.06.26 14:23:39.209,1.64591,1.64614,1.32,1.50
2013.06.26 14:23:39.510,1.64589,1.64617,1.69,1.50
2013.06.26 14:23:39.568,1.64589,1.64618,1.69,2.07
2013.06.26 14:23:39.869,1.64583,1.64616,2.82,2.44
2013.06.26 14:23:39.927,1.64583,1.64616,1.69,3.19
2013.06.26 14:23:40.227,1.64578,1.64612,3.19,2.44
2013.06.26 14:23:41.147,1.64579,1.64614,1.69,1.69
2013.06.26 14:23:43.087,1.64579,1.64611,3.94,1.69
2013.06.26 14:23:43.148,1.64578,1.64607,1.50,1.69
2013.06.26 14:23:43.508,1.64582,1.64609,1.69,1.32
2013.06.26 14:23:43.627,1.64582,1.64613,2.44,1.32
2013.06.26 14:23:43.866,1.64587,1.64618,2.44,2.82
2013.06.26 14:23:44.817,1.64588,1.64622,3.19,1.69
2013.06.26 14:23:47.900,1.64591,1.64623,1.50,2.44
2013.06.26 14:23:48.257,1.64588,1.6462,1.69,1.69
2013.06.26 14:23:48.627,1.64591,1.64618,1.50,1.69
2013.06.26 14:23:49.139,1.64585,1.64618,1.69,2.44
2013.06.26 14:23:49.349,1.64585,1.64616,1.69,1.69
2013.06.26 14:23:49.408,1.64589,1.64616,1.50,1.69
2013.06.26 14:23:49.667,1.64585,1.64616,2.44,1.69
2013.06.26 14:23:50.426,1.64583,1.64612,1.69,1.69
2013.06.26 14:23:51.897,1.64585,1.64612,1.50,1.69
2013.06.26 14:23:53.396,1.64581,1.64612,2.44,1.69
2013.06.26 14:23:54.409,1.64581,1.64608,2.25,1.69
2013.06.26 14:23:54.468,1.64578,1.64605,1.50,1.69
2013.06.26 14:23:54.647,1.64581,1.64605,1.50,1.69
2013.06.26 14:23:54.887,1.64577,1.64605,2.44,1.69
2013.06.26 14:23:55.187,1.64581,1.64605,1.50,1.69
2013.06.26 14:23:55.407,1.64579,1.64605,1.50,1.69
2013.06.26 14:23:55.767,1.64579,1.64608,1.69,1.69
2013.06.26 14:23:57.447,1.64575,1.64608,1.69,1.69
2013.06.26 14:23:58.006,1.64571,1.64606,2.44,1.69
2013.06.26 14:23:59.318,1.64571,1.64606,2.44,1.32
2013.06.26 14:24:00.087,1.64571,1.64605,1.69,1.32
2013.06.26 14:24:00.627,1.64573,1.64607,1.69,2.82
2013.06.26 14:24:01.267,1.64573,1.64607,1.69,2.82
2013.06.26 14:24:01.566,1.6457,1.64604,1.69,1.69
2013.06.26 14:24:05.218,1.64578,1.64607,1.50,1.69
2013.06.26 14:24:05.337,1.64578,1.64608,1.69,1.32
2013.06.26 14:24:05.457,1.64576,1.64608,1.69,1.32
2013.06.26 14:24:07.367,1.64573,1.64605,3.94,1.32
2013.06.26 14:24:08.322,1.64572,1.64608,2.44,1.88
2013.06.26 14:24:10.187,1.64571,1.64605,1.69,2.07
2013.06.26 14:24:10.678,1.64569,1.64605,1.69,2.44
2013.06.26 14:24:11.096,1.64573,1.64608,3.19,2.25
2013.06.26 14:24:14.717,1.64572,1.64593,1.69,1.13
2013.06.26 14:24:15.017,1.64569,1.64601,1.69,1.69
2013.06.26 14:24:15.317,1.64567,1.64598,2.44,1.32
2013.06.26 14:24:15.437,1.64567,1.64598,1.69,1.32
2013.06.26 14:24:17.078,1.64567,1.64596,1.69,1.69
2013.06.26 14:24:25.407,1.64565,1.64595,2.44,1.69
2013.06.26 14:24:27.176,1.64567,1.64597,1.69,1.88
2013.06.26 14:24:27.986,1.64573,1.64597,1.50,1.69
2013.06.26 14:24:28.047,1.64567,1.64595,1.69,1.32
2013.06.26 14:24:28.227,1.64563,1.64594,1.69,1.69
2013.06.26 14:24:28.468,1.64559,1.64588,1.69,1.32
2013.06.26 14:24:28.527,1.64557,1.64588,2.44,1.32
2013.06.26 14:24:29.066,1.64558,1.64587,1.69,1.32
2013.06.26 14:24:29.127,1.64558,1.64587,1.69,1.32
2013.06.26 14:24:29.847,1.64558,1.64587,1.69,1.32
2013.06.26 14:24:30.179,1.64558,1.64587,1.69,1.32
2013.06.26 14:24:31.186,1.64564,1.64589,1.50,1.69
2013.06.26 14:24:31.587,1.6456,1.64587,1.69,1.32
2013.06.26 14:24:32.188,1.64562,1.64588,1.50,1.32
2013.06.26 14:24:32.696,1.64561,1.64587,1.69,1.32
2013.06.26 14:24:33.127,1.64561,1.64587,1.69,1.32
2013.06.26 14:24:34.397,1.64561,1.64588,2.44,1.32
2013.06.26 14:24:34.757,1.64563,1.64592,2.44,1.69
2013.06.26 14:24:35.277,1.6456,1.64587,1.69,1.32
2013.06.26 14:24:35.779,1.64561,1.64588,1.50,1.32
2013.06.26 14:24:36.287,1.64563,1.64588,1.50,1.32
2013.06.26 14:24:36.947,1.64558,1.64587,2.44,1.32
2013.06.26 14:24:37.662,1.64558,1.64587,1.69,1.32
2013.06.26 14:24:37.787,1.64557,1.64589,1.69,1.69
2013.06.26 14:24:38.129,1.64557,1.64588,1.69,1.32
2013.06.26 14:24:39.726,1.64566,1.64588,1.50,1.32
2013.06.26 14:24:40.957,1.64559,1.64588,1.69,1.32
2013.06.26 14:24:41.485,1.6456,1.64587,1.69,1.32
2013.06.26 14:24:41.548,1.6456,1.64587,1.69,1.32
2013.06.26 14:24:41.667,1.64564,1.64588,1.50,2.07
2013.06.26 14:24:41.907,1.64559,1.64588,2.44,1.32
2013.06.26 14:24:42.887,1.64559,1.64588,3.19,2.07
2013.06.26 14:24:43.277,1.64563,1.64588,1.50,2.07
2013.06.26 14:24:43.353,1.64563,1.64588,1.69,1.32
2013.06.26 14:24:43.537,1.64567,1.64589,1.50,1.32
2013.06.26 14:24:44.198,1.64571,1.64593,1.50,1.69
2013.06.26 14:24:44.319,1.64571,1.64592,1.50,1.50
2013.06.26 14:24:44.378,1.6458,1.64592,1.50,1.50
2013.06.26 14:24:44.737,1.64581,1.64588,1.50,1.50
2013.06.26 14:24:44.899,1.64575,1.64588,1.50,1.50
2013.06.26 14:24:45.182,1.64575,1.6459,1.50,2.25
2013.06.26 14:24:45.247,1.64571,1.6459,2.44,2.25
2013.06.26 14:24:45.438,1.64571,1.64596,2.44,1.69
2013.06.26 14:24:45.968,1.64567,1.64599,3.19,1.69
2013.06.26 14:24:46.664,1.64567,1.64598,2.44,1.32
2013.06.26 14:24:46.727,1.64574,1.64598,1.50,1.32
2013.06.26 14:24:46.788,1.64571,1.64598,1.69,1.32
2013.06.26 14:24:46.967,1.64571,1.64597,1.69,1.32
2013.06.26 14:24:47.207,1.64566,1.64596,1.69,1.69
2013.06.26 14:24:47.728,1.64564,1.64597,1.69,1.13
2013.06.26 14:24:48.079,1.64566,1.64598,1.69,1.13
2013.06.26 14:24:48.471,1.64566,1.64597,1.69,1.69
2013.06.26 14:24:51.094,1.64564,1.64597,2.44,1.13
2013.06.26 14:24:51.927,1.64566,1.64596,1.69,1.32
2013.06.26 14:24:51.988,1.64566,1.64596,1.69,1.32
2013.06.26 14:24:52.108,1.64566,1.64596,2.44,1.32
2013.06.26 14:24:53.127,1.64568,1.64599,1.69,1.88
2013.06.26 14:24:53.187,1.64567,1.64598,2.44,1.13
2013.06.26 14:24:53.487,1.64572,1.64597,1.50,1.13
2013.06.26 14:24:54.097,1.64565,1.64598,3.19,1.13
2013.06.26 14:24:55.388,1.64567,1.64597,1.69,1.88
2013.06.26 14:24:55.628,1.64566,1.64596,1.69,1.69
2013.06.26 14:24:55.747,1.64565,1.64596,1.69,2.44
2013.06.26 14:24:55.929,1.64567,1.64596,1.50,2.44
2013.06.26 14:24:56.388,1.64565,1.64598,2.44,2.82
2013.06.26 14:24:56.857,1.64565,1.64595,1.69,1.69
2013.06.26 14:24:57.567,1.64565,1.64588,1.50,1.32
2013.06.26 14:24:57.747,1.64565,1.64588,1.50,1.32
2013.06.26 14:24:57.808,1.64567,1.64593,1.50,1.69
2013.06.26 14:24:57.927,1.64564,1.64593,1.50,1.69
2013.06.26 14:24:57.987,1.64566,1.64593,1.50,1.69
2013.06.26 14:24:58.281,1.64561,1.64593,3.19,1.69
2013.06.26 14:24:58.948,1.64565,1.64593,1.50,1.69
2013.06.26 14:24:59.409,1.64561,1.6459,1.69,1.32
2013.06.26 14:24:59.531,1.6456,1.64589,1.50,1.69
2013.06.26 14:24:59.900,1.6456,1.64589,1.69,2.07
2013.06.26 14:25:00.547,1.6456,1.64589,1.69,1.32
2013.06.26 14:25:01.269,1.64558,1.6459,1.32,1.32
2013.06.26 14:25:01.327,1.64556,1.64585,2.82,1.50
2013.06.26 14:25:01.447,1.64552,1.64582,1.28,1.69
2013.06.26 14:25:01.507,1.64551,1.64582,1.69,1.69
2013.06.26 14:25:01.567,1.64551,1.64582,1.69,1.69
2013.06.26 14:25:01.828,1.64547,1.64578,1.69,1.69
2013.06.26 14:25:02.398,1.64546,1.6458,1.69,1.69
2013.06.26 14:25:03.658,1.64548,1.64577,3.19,1.32
2013.06.26 14:25:05.409,1.64547,1.64578,1.69,1.32
2013.06.26 14:25:05.647,1.64547,1.64578,1.69,1.32
2013.06.26 14:25:06.937,1.64547,1.64578,1.69,1.32
2013.06.26 14:25:07.238,1.64558,1.64583,1.69,1.69
2013.06.26 14:25:07.547,1.64561,1.64587,3.19,1.32
2013.06.26 14:25:08.184,1.64559,1.64588,1.69,1.69
2013.06.26 14:25:09.123,1.64555,1.64587,1.69,1.69
2013.06.26 14:25:09.678,1.64554,1.64582,1.69,1.32
2013.06.26 14:25:09.877,1.64552,1.64584,2.07,2.44
2013.06.26 14:25:09.997,1.64555,1.64584,1.69,1.69
2013.06.26 14:25:10.399,1.64557,1.64587,1.69,3.57
2013.06.26 14:25:10.949,1.64552,1.64586,1.69,1.69
2013.06.26 14:25:13.947,1.6455,1.64587,3.19,3.19
2013.06.26 14:25:15.077,1.64554,1.64587,2.03,3.19
2013.06.26 14:25:15.137,1.64562,1.64587,1.50,2.44
2013.06.26 14:25:15.317,1.64562,1.64587,1.69,1.69
2013.06.26 14:25:16.157,1.64556,1.64588,1.69,1.69
2013.06.26 14:25:16.277,1.64554,1.64586,1.32,1.69
2013.06.26 14:25:16.757,1.64548,1.64583,3.94,1.69
2013.06.26 14:25:19.297,1.64552,1.64581,1.69,1.32
2013.06.26 14:25:19.657,1.64552,1.64583,1.69,1.69
2013.06.26 14:25:19.897,1.64551,1.64579,2.44,1.32
2013.06.26 14:25:19.957,1.64551,1.64579,2.44,1.32
2013.06.26 14:25:20.560,1.64551,1.64579,1.32,1.32
2013.06.26 14:25:20.677,1.64555,1.64584,1.32,3.57
2013.06.26 14:25:21.861,1.64552,1.64584,1.69,3.57
2013.06.26 14:25:22.218,1.64551,1.64579,1.28,1.13
2013.06.26 14:25:22.579,1.64551,1.64581,2.07,1.69
2013.06.26 14:25:22.700,1.64551,1.64578,2.82,1.13
2013.06.26 14:25:23.217,1.64551,1.64578,2.82,1.32
2013.06.26 14:25:24.517,1.64546,1.6458,1.32,1.69
2013.06.26 14:25:25.780,1.64544,1.64579,3.57,1.69
2013.06.26 14:25:25.841,1.64546,1.64579,1.69,1.69
2013.06.26 14:25:26.438,1.64547,1.64582,2.44,1.69
2013.06.26 14:25:26.557,1.64547,1.64582,2.44,1.69
2013.06.26 14:25:28.527,1.64545,1.64573,2.07,1.32
2013.06.26 14:25:28.887,1.64548,1.64572,1.50,1.32
2013.06.26 14:25:30.434,1.64543,1.64574,1.69,1.69
2013.06.26 14:25:30.927,1.64548,1.64576,1.69,1.69
2013.06.26 14:25:31.467,1.64547,1.64576,1.32,1.69
2013.06.26 14:25:32.927,1.64541,1.64571,3.94,1.13
2013.06.26 14:25:33.406,1.64541,1.64573,3.94,2.44
2013.06.26 14:25:33.527,1.64541,1.64573,3.19,2.63
2013.06.26 14:25:34.067,1.64542,1.64571,2.44,1.69
2013.06.26 14:25:34.408,1.64541,1.64571,3.19,1.69
2013.06.26 14:25:35.237,1.64541,1.64571,1.69,2.44
2013.06.26 14:25:35.498,1.64541,1.64568,1.28,1.69
2013.06.26 14:25:35.560,1.64541,1.64571,1.28,1.69
2013.06.26 14:25:35.928,1.64547,1.64568,1.50,1.32
2013.06.26 14:25:35.989,1.64541,1.64565,1.69,1.32
2013.06.26 14:25:36.169,1.64538,1.64562,2.25,2.07
2013.06.26 14:25:36.289,1.64539,1.64561,1.50,1.69
2013.06.26 14:25:36.528,1.64538,1.64562,1.50,1.69
2013.06.26 14:25:36.767,1.6453,1.64557,1.69,1.13
2013.06.26 14:25:36.889,1.64528,1.64557,2.07,1.13
2013.06.26 14:25:36.949,1.64534,1.6456,1.50,2.44
2013.06.26 14:25:37.009,1.64534,1.6456,1.50,1.69
2013.06.26 14:25:37.069,1.64529,1.64558,2.44,1.69
2013.06.26 14:25:37.278,1.64527,1.64557,2.07,1.69
2013.06.26 14:25:37.399,1.64529,1.64558,1.69,1.32
2013.06.26 14:25:37.519,1.64531,1.64561,1.69,1.32
2013.06.26 14:25:37.998,1.64528,1.64563,2.07,1.69
2013.06.26 14:25:38.565,1.64528,1.64563,2.07,1.69
2013.06.26 14:25:38.979,1.64529,1.64563,2.44,1.69
2013.06.26 14:25:39.928,1.64528,1.64561,1.17,2.44
2013.06.26 14:25:40.289,1.6454,1.64568,1.32,1.13
2013.06.26 14:25:40.407,1.6455,1.6457,2.25,1.32
2013.06.26 14:25:40.588,1.64543,1.64572,1.69,1.32
2013.06.26 14:25:40.647,1.64542,1.64568,2.44,1.13
2013.06.26 14:25:40.949,1.64545,1.64577,1.69,1.32
2013.06.26 14:25:41.069,1.64548,1.64579,1.69,1.32
2013.06.26 14:25:41.128,1.6455,1.64579,3.19,1.32
2013.06.26 14:25:42.567,1.64545,1.64576,2.44,1.32
2013.06.26 14:25:42.928,1.64545,1.64576,2.44,1.32
2013.06.26 14:25:43.238,1.64548,1.64573,1.50,2.07
2013.06.26 14:25:43.357,1.64539,1.64564,1.69,1.13
2013.06.26 14:25:43.417,1.6454,1.64558,1.69,1.13
2013.06.26 14:25:43.477,1.6454,1.64563,1.50,1.32
2013.06.26 14:25:43.718,1.6454,1.64568,1.69,1.32
2013.06.26 14:25:43.777,1.64537,1.64571,2.44,1.69
2013.06.26 14:25:43.900,1.64545,1.64572,1.50,1.69
2013.06.26 14:25:44.019,1.64546,1.64576,1.69,2.07
2013.06.26 14:25:44.208,1.64548,1.64576,1.69,1.32
2013.06.26 14:25:44.688,1.6454,1.64574,1.69,1.69
2013.06.26 14:25:44.747,1.64539,1.64574,1.69,2.44
2013.06.26 14:25:45.558,1.64536,1.6457,1.69,2.82
2013.06.26 14:25:46.064,1.6454,1.64569,1.69,1.32
2013.06.26 14:25:46.379,1.64544,1.64569,1.50,1.32
2013.06.26 14:25:46.737,1.64544,1.64571,1.69,1.69
2013.06.26 14:25:46.918,1.64549,1.64575,2.25,2.82
2013.06.26 14:25:47.277,1.64549,1.64578,2.44,1.69
2013.06.26 14:25:47.637,1.64546,1.64579,1.69,1.69
2013.06.26 14:25:47.757,1.64545,1.64578,1.69,1.69
2013.06.26 14:25:47.877,1.64544,1.64577,1.69,2.82
2013.06.26 14:25:47.998,1.64541,1.64576,1.69,1.69
2013.06.26 14:25:48.357,1.64539,1.64574,1.69,2.44
2013.06.26 14:25:48.478,1.64541,1.64574,1.69,1.69
2013.06.26 14:25:48.598,1.64542,1.64577,1.69,2.44
2013.06.26 14:25:49.063,1.64543,1.64573,2.44,1.32
2013.06.26 14:25:49.189,1.64556,1.64582,1.50,1.69
2013.06.26 14:25:49.310,1.64556,1.64584,2.44,1.69
2013.06.26 14:25:49.488,1.64552,1.64579,2.44,1.69
2013.06.26 14:25:49.609,1.64552,1.64579,2.07,1.69
2013.06.26 14:25:49.728,1.64541,1.64575,2.82,1.69
2013.06.26 14:25:49.847,1.64542,1.6457,1.69,1.50
2013.06.26 14:25:49.967,1.64542,1.64571,1.69,1.50
2013.06.26 14:25:50.328,1.64542,1.64573,2.44,1.69
2013.06.26 14:25:50.688,1.64542,1.64568,1.69,1.50
2013.06.26 14:25:50.748,1.64541,1.64572,1.69,3.19
2013.06.26 14:25:51.847,1.64541,1.64574,2.44,3.19
2013.06.26 14:25:52.327,1.64545,1.64573,1.69,1.69
2013.06.26 14:25:52.568,1.64543,1.64577,1.69,1.13
2013.06.26 14:25:52.628,1.6454,1.64573,1.69,1.69
2013.06.26 14:25:52.750,1.64536,1.6457,3.94,1.69
2013.06.26 14:25:52.869,1.64539,1.64566,1.69,1.69
2013.06.26 14:25:52.928,1.64535,1.64566,1.69,1.69
2013.06.26 14:25:53.169,1.64538,1.64569,2.44,2.44
2013.06.26 14:25:53.350,1.64541,1.64569,2.44,1.13
2013.06.26 14:25:53.408,1.64542,1.64571,1.69,1.32
2013.06.26 14:25:53.468,1.64543,1.64573,1.69,1.69
2013.06.26 14:25:53.527,1.64543,1.64573,1.69,1.32
2013.06.26 14:25:53.889,1.64542,1.64569,1.32,1.32
2013.06.26 14:25:54.009,1.64552,1.64575,1.32,1.69
2013.06.26 14:25:54.068,1.64552,1.64577,1.32,1.50
2013.06.26 14:25:54.187,1.64552,1.64583,1.32,1.69
2013.06.26 14:25:54.248,1.64555,1.64584,2.44,1.69
2013.06.26 14:25:54.607,1.64556,1.6458,1.69,1.50
2013.06.26 14:25:54.788,1.64556,1.64591,2.44,2.44
2013.06.26 14:25:54.847,1.64556,1.64589,1.69,1.69
2013.06.26 14:25:55.148,1.64556,1.64591,3.19,1.69
2013.06.26 14:25:55.388,1.64556,1.64586,2.44,1.69
2013.06.26 14:25:55.958,1.64554,1.64588,3.19,1.69
2013.06.26 14:25:56.257,1.64557,1.64586,2.44,1.69
2013.06.26 14:25:57.488,1.64549,1.64584,2.82,2.44
2013.06.26 14:25:57.607,1.64555,1.64584,1.28,1.69
2013.06.26 14:25:57.667,1.64558,1.64588,1.32,2.63
2013.06.26 14:25:58.209,1.64557,1.64584,1.69,2.25
2013.06.26 14:25:58.269,1.64557,1.64583,1.69,1.50
2013.06.26 14:25:58.389,1.64556,1.64583,1.32,1.69
2013.06.26 14:25:58.449,1.64555,1.64581,1.32,1.50
2013.06.26 14:25:58.807,1.64554,1.64579,1.69,1.50
2013.06.26 14:25:59.310,1.64554,1.6458,1.69,1.50
2013.06.26 14:26:01.231,1.64554,1.64588,1.69,1.13
2013.06.26 14:26:01.627,1.64556,1.64586,2.44,1.69
2013.06.26 14:26:02.627,1.64556,1.64582,1.32,1.50
2013.06.26 14:26:02.687,1.64553,1.64582,1.32,2.25
2013.06.26 14:26:03.046,1.64553,1.64578,1.69,1.50
2013.06.26 14:26:03.169,1.64549,1.64578,1.32,2.44
2013.06.26 14:26:03.587,1.64547,1.64578,1.69,3.19
2013.06.26 14:26:03.708,1.64549,1.64578,1.32,2.44
2013.06.26 14:26:03.887,1.64549,1.64578,1.69,3.19
2013.06.26 14:26:04.310,1.64549,1.6458,1.69,1.69
2013.06.26 14:26:04.688,1.64554,1.64578,1.13,1.69
2013.06.26 14:26:05.023,1.64555,1.64581,1.88,1.69
2013.06.26 14:26:05.327,1.64551,1.64578,1.50,1.32
2013.06.26 14:26:05.447,1.64551,1.64581,2.44,1.69
2013.06.26 14:26:05.749,1.64559,1.64583,2.44,2.44
2013.06.26 14:26:09.608,1.64556,1.64583,1.32,2.97
2013.06.26 14:26:10.127,1.64556,1.64579,1.32,1.69
2013.06.26 14:26:10.247,1.64556,1.64583,1.32,1.69
2013.06.26 14:26:10.488,1.6455,1.64578,1.32,1.32
2013.06.26 14:26:10.548,1.6455,1.64577,1.32,1.32
2013.06.26 14:26:10.894,1.6455,1.64577,1.32,1.32
2013.06.26 14:26:10.960,1.6455,1.64583,1.32,1.69
2013.06.26 14:26:11.079,1.64553,1.64583,1.69,1.69
2013.06.26 14:26:11.887,1.64549,1.64581,1.69,1.69
2013.06.26 14:26:12.218,1.64548,1.64579,2.44,1.69
2013.06.26 14:26:12.758,1.64551,1.64581,1.69,1.69
2013.06.26 14:26:13.094,1.6455,1.64579,3.19,1.69
2013.06.26 14:26:13.947,1.6455,1.64579,1.69,1.69
2013.06.26 14:26:15.302,1.64546,1.64574,3.19,1.69
2013.06.26 14:26:15.529,1.64542,1.64574,1.69,1.69
2013.06.26 14:26:15.648,1.64537,1.6457,2.40,1.69
2013.06.26 14:26:15.768,1.64544,1.64568,1.50,1.69
2013.06.26 14:26:15.888,1.6454,1.64568,1.69,1.69
2013.06.26 14:26:16.129,1.6454,1.6457,2.44,1.69
2013.06.26 14:26:16.247,1.64546,1.64571,1.69,1.69
2013.06.26 14:26:16.427,1.6455,1.64575,1.50,3.19
2013.06.26 14:26:18.999,1.6455,1.64573,1.50,1.69
2013.06.26 14:26:19.119,1.6455,1.64576,2.44,1.69
2013.06.26 14:26:19.177,1.64554,1.64576,1.50,1.69
2013.06.26 14:26:19.537,1.64552,1.64577,2.44,1.69
2013.06.26 14:26:21.221,1.64546,1.64568,1.50,1.13
2013.06.26 14:26:21.287,1.64545,1.64568,1.88,1.13
2013.06.26 14:26:21.347,1.64553,1.64568,1.50,1.13
2013.06.26 14:26:21.467,1.64554,1.64573,1.50,1.69
2013.06.26 14:26:21.527,1.64554,1.64575,1.50,1.69
2013.06.26 14:26:21.648,1.64561,1.64578,1.50,2.07
2013.06.26 14:26:21.828,1.64564,1.6459,1.50,1.69
2013.06.26 14:26:21.887,1.64568,1.6459,2.25,1.69
2013.06.26 14:26:22.249,1.64577,1.64594,1.50,1.69
2013.06.26 14:26:22.310,1.64577,1.64597,1.50,1.69
2013.06.26 14:26:22.428,1.64579,1.64596,1.50,2.44
2013.06.26 14:26:22.547,1.64578,1.64596,1.50,1.69
2013.06.26 14:26:23.220,1.64574,1.64598,1.69,1.13
2013.06.26 14:26:23.338,1.64577,1.64604,1.69,2.44
2013.06.26 14:26:23.458,1.64574,1.64607,2.44,1.32
2013.06.26 14:26:23.797,1.64578,1.64607,2.44,1.69
2013.06.26 14:26:24.138,1.64575,1.64605,1.69,1.69
2013.06.26 14:26:24.408,1.64576,1.64605,1.69,1.69
2013.06.26 14:26:25.777,1.64579,1.64603,1.50,1.69
2013.06.26 14:26:25.837,1.64577,1.64603,1.69,1.69
2013.06.26 14:26:25.957,1.64577,1.646,1.50,1.69
2013.06.26 14:26:26.138,1.64576,1.64608,2.44,2.82
2013.06.26 14:26:26.257,1.64576,1.64607,1.69,1.69
2013.06.26 14:26:26.377,1.64576,1.64608,1.69,2.82
2013.06.26 14:26:26.638,1.64578,1.64608,2.44,2.82
2013.06.26 14:26:26.698,1.64578,1.64608,2.44,1.32
2013.06.26 14:26:26.818,1.64587,1.64613,2.25,2.44
2013.06.26 14:26:27.942,1.64585,1.64609,1.69,1.50
2013.06.26 14:26:28.368,1.64583,1.64612,2.44,1.32
2013.06.26 14:26:28.487,1.64589,1.64613,2.25,1.69
2013.06.26 14:26:28.547,1.64589,1.64613,2.44,1.69
2013.06.26 14:26:28.848,1.64587,1.64612,1.69,1.50
2013.06.26 14:26:28.910,1.64587,1.64612,1.50,1.69
2013.06.26 14:26:29.087,1.64582,1.64612,2.44,1.69
2013.06.26 14:26:29.147,1.64584,1.6461,2.44,1.69
2013.06.26 14:26:29.710,1.64583,1.64612,1.69,1.69
2013.06.26 14:26:29.768,1.64583,1.64612,1.69,1.69
2013.06.26 14:26:29.889,1.64583,1.64615,1.69,1.69
2013.06.26 14:26:29.948,1.64582,1.64613,2.44,1.69
2013.06.26 14:26:30.248,1.64581,1.64605,1.50,1.69
2013.06.26 14:26:30.368,1.64576,1.64605,2.44,1.69
2013.06.26 14:26:30.728,1.64571,1.64599,5.07,1.13
2013.06.26 14:26:30.788,1.64572,1.64604,1.32,3.19
2013.06.26 14:26:30.969,1.64576,1.64604,1.69,1.69
2013.06.26 14:26:31.089,1.6458,1.64608,2.25,2.07
2013.06.26 14:26:31.449,1.64573,1.64607,3.19,2.07
2013.06.26 14:26:31.988,1.64579,1.64609,1.69,1.32
2013.06.26 14:26:32.467,1.64577,1.64609,1.69,1.69
2013.06.26 14:26:32.587,1.64577,1.64606,1.69,1.13
2013.06.26 14:26:32.767,1.64567,1.64604,3.94,3.19
2013.06.26 14:26:33.007,1.64569,1.64599,1.69,2.07
2013.06.26 14:26:33.127,1.64565,1.64597,1.69,1.32
2013.06.26 14:26:33.461,1.64564,1.64596,2.44,2.07
2013.06.26 14:26:33.797,1.6456,1.64595,2.07,1.32
2013.06.26 14:26:34.119,1.6456,1.64585,1.69,1.69
2013.06.26 14:26:34.358,1.64553,1.6458,1.69,1.50
2013.06.26 14:26:34.418,1.64547,1.6458,3.94,1.50
2013.06.26 14:26:34.658,1.64546,1.64579,2.82,1.69
2013.06.26 14:26:35.018,1.64546,1.64574,1.32,1.50
2013.06.26 14:26:35.079,1.64544,1.64574,1.32,1.50
2013.06.26 14:26:35.451,1.64546,1.64575,2.07,1.69
2013.06.26 14:26:36.023,1.64546,1.64575,2.07,1.69
2013.06.26 14:26:38.169,1.64546,1.64574,2.82,1.50
2013.06.26 14:26:38.288,1.64548,1.64577,1.69,1.13
2013.06.26 14:26:38.407,1.64548,1.64579,2.44,1.13
2013.06.26 14:26:38.587,1.64553,1.64581,1.50,2.44
2013.06.26 14:26:38.647,1.64553,1.64581,1.69,1.69
2013.06.26 14:26:38.767,1.64554,1.64581,1.69,2.44
2013.06.26 14:26:39.937,1.64555,1.64583,1.69,1.69
2013.06.26 14:26:42.438,1.64553,1.64588,3.19,2.44
2013.06.26 14:26:42.677,1.64553,1.64583,1.69,1.69
2013.06.26 14:26:42.797,1.64549,1.64583,2.44,2.44
2013.06.26 14:26:42.857,1.64547,1.64574,2.44,1.50
2013.06.26 14:26:42.977,1.64546,1.64574,2.07,1.69
2013.06.26 14:26:43.037,1.64546,1.64574,2.82,1.50
2013.06.26 14:26:43.277,1.64545,1.64572,1.69,1.69
2013.06.26 14:26:43.337,1.64543,1.64572,1.69,1.69
2013.06.26 14:26:43.638,1.64543,1.64572,1.69,1.69
2013.06.26 14:26:43.949,1.64554,1.64578,1.50,1.32
2013.06.26 14:26:44.188,1.64549,1.64578,1.69,1.32
2013.06.26 14:26:44.367,1.64551,1.64579,2.44,2.07
2013.06.26 14:26:44.907,1.64547,1.64578,1.69,2.07
2013.06.26 14:26:45.697,1.64546,1.64574,1.69,1.69
2013.06.26 14:26:46.120,1.6455,1.64573,1.69,1.13
2013.06.26 14:26:46.660,1.64552,1.64573,1.69,1.13
2013.06.26 14:26:46.720,1.64552,1.6458,2.44,1.69
2013.06.26 14:26:46.838,1.64555,1.64584,1.69,1.69
2013.06.26 14:26:47.198,1.64557,1.64585,1.69,1.69
2013.06.26 14:26:47.928,1.64551,1.64585,2.44,2.44
2013.06.26 14:26:48.047,1.64552,1.64585,1.69,1.69
2013.06.26 14:26:48.348,1.64556,1.64587,2.44,1.32
2013.06.26 14:26:49.408,1.64554,1.64588,1.69,1.32
2013.06.26 14:26:49.918,1.64557,1.64588,1.69,2.07
2013.06.26 14:26:50.038,1.64563,1.64588,1.50,1.69
2013.06.26 14:26:50.157,1.64563,1.64588,1.50,1.69
2013.06.26 14:26:50.399,1.64559,1.64588,2.25,1.32
2013.06.26 14:26:50.699,1.64562,1.64587,1.50,1.32
2013.06.26 14:26:51.117,1.64561,1.64587,1.13,1.32
2013.06.26 14:26:51.297,1.64574,1.64599,1.32,2.44
2013.06.26 14:26:51.478,1.64573,1.64604,1.69,2.44
2013.06.26 14:26:51.539,1.64573,1.646,1.69,1.32
2013.06.26 14:26:51.958,1.64569,1.64597,2.07,1.32
2013.06.26 14:26:52.260,1.64575,1.64594,1.50,1.69
2013.06.26 14:26:52.501,1.64575,1.64597,3.00,1.32
2013.06.26 14:26:52.618,1.64577,1.64602,1.69,1.32
2013.06.26 14:26:52.797,1.64575,1.64604,1.69,1.69
2013.06.26 14:26:52.858,1.64574,1.64602,1.69,1.69
2013.06.26 14:26:53.277,1.64579,1.64598,1.50,1.13
2013.06.26 14:26:53.398,1.64576,1.64599,3.00,1.13
2013.06.26 14:26:53.458,1.64576,1.64599,3.19,1.13
2013.06.26 14:26:53.697,1.64576,1.64604,3.19,1.69
2013.06.26 14:26:53.818,1.64581,1.64608,1.69,1.32
2013.06.26 14:26:54.370,1.64581,1.64609,3.19,2.82
2013.06.26 14:26:54.448,1.64581,1.64608,1.69,1.32
2013.06.26 14:26:54.699,1.64579,1.64608,1.69,1.32
2013.06.26 14:26:54.897,1.64579,1.64607,1.69,1.32
2013.06.26 14:26:55.077,1.64579,1.64606,1.69,1.69
2013.06.26 14:26:55.817,1.64579,1.64606,3.19,1.69
2013.06.26 14:26:56.369,1.64579,1.64608,3.19,2.07
2013.06.26 14:26:56.908,1.64582,1.64608,1.69,1.13
2013.06.26 14:26:57.267,1.64581,1.64609,2.44,1.13
2013.06.26 14:26:58.338,1.64579,1.64609,2.44,1.13
2013.06.26 14:26:58.859,1.64581,1.64609,1.69,1.13
2013.06.26 14:26:59.578,1.6458,1.64609,1.69,1.32
2013.06.26 14:26:59.697,1.6458,1.64608,1.69,1.69
2013.06.26 14:26:59.937,1.6458,1.64608,1.69,1.69
2013.06.26 14:27:00.057,1.64578,1.64608,1.69,1.69
2013.06.26 14:27:00.177,1.64582,1.64605,1.69,1.69
2013.06.26 14:27:00.718,1.64581,1.64608,1.69,1.32
2013.06.26 14:27:00.778,1.64581,1.64608,1.69,1.32
2013.06.26 14:27:00.958,1.64577,1.64606,1.69,1.69
2013.06.26 14:27:01.018,1.64578,1.64609,1.69,1.69
2013.06.26 14:27:01.078,1.64577,1.64606,2.44,1.69
2013.06.26 14:27:01.137,1.64577,1.64606,2.44,1.69
2013.06.26 14:27:01.319,1.64576,1.64606,1.69,1.69
2013.06.26 14:27:01.378,1.64582,1.64605,1.50,1.69
2013.06.26 14:27:01.739,1.64574,1.64603,2.44,1.32
2013.06.26 14:27:02.097,1.64571,1.64598,1.69,1.32
2013.06.26 14:27:03.307,1.64567,1.64598,2.44,1.32
2013.06.26 14:27:03.607,1.64567,1.64597,1.69,1.32
2013.06.26 14:27:03.667,1.64564,1.64589,1.69,1.13
2013.06.26 14:27:03.787,1.64562,1.64589,1.32,1.13
2013.06.26 14:27:03.908,1.6456,1.64589,1.69,1.32
2013.06.26 14:27:03.968,1.64553,1.64583,2.07,1.32
2013.06.26 14:27:04.329,1.64556,1.64583,2.03,1.32
2013.06.26 14:27:04.509,1.64572,1.64589,1.50,1.69
2013.06.26 14:27:04.630,1.64572,1.64599,2.25,1.69
2013.06.26 14:27:04.690,1.64569,1.64597,3.19,2.07
2013.06.26 14:27:04.749,1.64569,1.64597,3.19,2.07
2013.06.26 14:27:04.869,1.64566,1.64592,1.69,1.50
2013.06.26 14:27:04.929,1.64565,1.64587,1.50,1.50
2013.06.26 14:27:05.048,1.64558,1.6458,2.44,1.13
2013.06.26 14:27:05.228,1.64557,1.64583,1.69,2.82
2013.06.26 14:27:05.408,1.64558,1.64583,1.69,1.13
2013.06.26 14:27:05.527,1.64558,1.64587,2.44,3.19
2013.06.26 14:27:06.659,1.64571,1.64593,1.50,1.32
2013.06.26 14:27:06.718,1.64571,1.64595,2.25,1.32
2013.06.26 14:27:06.780,1.64571,1.64599,2.25,1.69
2013.06.26 14:27:06.838,1.64571,1.64601,2.44,3.19
2013.06.26 14:27:06.958,1.64568,1.64603,2.44,2.59
2013.06.26 14:27:07.413,1.64565,1.64598,1.69,2.44
2013.06.26 14:27:07.957,1.64556,1.64589,1.69,3.19
2013.06.26 14:27:08.657,1.64555,1.64589,2.07,1.69
2013.06.26 14:27:09.257,1.64553,1.64588,1.32,1.69
2013.06.26 14:27:09.919,1.64552,1.64588,2.07,3.19
2013.06.26 14:27:10.167,1.64552,1.64586,1.32,2.44
2013.06.26 14:27:10.618,1.64553,1.64586,1.32,2.44
2013.06.26 14:27:11.157,1.64549,1.64586,2.82,3.19
2013.06.26 14:27:11.277,1.64549,1.64579,3.57,1.32
2013.06.26 14:27:11.662,1.64549,1.64569,1.32,1.13
2013.06.26 14:27:11.837,1.64547,1.64578,1.69,1.32
2013.06.26 14:27:12.788,1.64547,1.64575,1.69,1.32
2013.06.26 14:27:13.149,1.64539,1.64567,2.22,1.32
2013.06.26 14:27:13.508,1.64539,1.64564,2.22,1.32
2013.06.26 14:27:14.017,1.64539,1.64564,2.22,1.32
2013.06.26 14:27:14.748,1.64539,1.64558,1.47,1.13
2013.06.26 14:27:14.869,1.64539,1.64558,2.22,1.13
2013.06.26 14:27:15.108,1.64539,1.64563,2.22,1.69
2013.06.26 14:27:15.408,1.64539,1.64563,2.22,1.69
2013.06.26 14:27:15.769,1.64539,1.64558,1.28,1.32
2013.06.26 14:27:16.708,1.64539,1.64558,2.03,1.32
2013.06.26 14:27:17.937,1.64539,1.64557,2.03,2.82
2013.06.26 14:27:17.997,1.64539,1.64553,1.28,1.13
2013.06.26 14:27:18.477,1.64539,1.64558,2.03,1.69
2013.06.26 14:27:18.657,1.64544,1.64558,1.50,1.69
2013.06.26 14:27:19.198,1.64533,1.6456,2.32,1.69
2013.06.26 14:27:19.511,1.64543,1.64565,1.50,3.19
2013.06.26 14:27:19.631,1.64532,1.64565,2.44,3.19
2013.06.26 14:27:20.578,1.64531,1.64565,1.69,2.07
2013.06.26 14:27:20.698,1.64531,1.64563,1.69,1.69
2013.06.26 14:27:21.392,1.6453,1.64563,1.32,1.69
2013.06.26 14:27:21.708,1.64532,1.64566,2.07,1.32
2013.06.26 14:27:23.317,1.64532,1.64566,1.32,1.32
2013.06.26 14:27:23.438,1.64531,1.64564,1.32,1.69
2013.06.26 14:27:23.738,1.64531,1.64564,1.32,1.69
2013.06.26 14:27:24.972,1.64531,1.64566,1.32,1.69
2013.06.26 14:27:26.758,1.64535,1.64569,1.69,1.69
2013.06.26 14:27:27.007,1.64537,1.64569,3.19,1.69
2013.06.26 14:27:27.070,1.64537,1.64572,3.94,1.69
2013.06.26 14:27:27.247,1.64543,1.64573,1.32,1.84
2013.06.26 14:27:27.488,1.64544,1.64577,1.69,1.69
2013.06.26 14:27:27.848,1.6455,1.64575,1.50,1.69
2013.06.26 14:27:27.968,1.64544,1.64575,1.69,1.69
2013.06.26 14:27:28.028,1.64545,1.64577,1.69,1.32
2013.06.26 14:27:28.147,1.64545,1.64579,1.69,2.82
2013.06.26 14:27:29.787,1.64548,1.64577,2.44,1.32
2013.06.26 14:27:30.087,1.6455,1.64579,1.69,1.32
2013.06.26 14:27:30.148,1.64553,1.64583,1.32,1.32
2013.06.26 14:27:30.267,1.64555,1.64583,1.69,1.32
2013.06.26 14:27:30.548,1.64553,1.64584,2.82,1.69
2013.06.26 14:27:30.668,1.64551,1.64583,1.32,3.19
2013.06.26 14:27:30.728,1.6455,1.64583,2.07,3.19
2013.06.26 14:27:30.907,1.64553,1.64581,1.13,1.69
2013.06.26 14:27:31.387,1.64551,1.64581,1.69,1.32
2013.06.26 14:27:32.317,1.64547,1.6458,2.44,2.07
2013.06.26 14:27:32.447,1.64547,1.6458,1.69,2.07
2013.06.26 14:27:33.537,1.64545,1.64578,1.69,2.07
2013.06.26 14:27:35.297,1.64545,1.64577,1.69,1.32
2013.06.26 14:27:38.770,1.64543,1.64578,1.69,2.07
2013.06.26 14:27:39.107,1.64554,1.64578,1.09,1.32
2013.06.26 14:27:39.168,1.64555,1.64582,1.88,1.32
2013.06.26 14:27:39.287,1.64559,1.64588,2.82,2.63
2013.06.26 14:27:39.351,1.64562,1.64589,1.69,1.13
2013.06.26 14:27:39.417,1.64575,1.64597,1.50,1.69
2013.06.26 14:27:39.538,1.64575,1.64598,1.69,1.32
2013.06.26 14:27:39.597,1.64575,1.64603,2.44,2.44
2013.06.26 14:27:39.657,1.64575,1.64607,3.19,1.69
2013.06.26 14:27:39.777,1.64573,1.6461,3.19,2.44
2013.06.26 14:27:40.437,1.64576,1.64607,3.19,1.32
2013.06.26 14:27:40.497,1.64576,1.64607,2.44,1.32
2013.06.26 14:27:41.197,1.64574,1.64607,1.69,2.07
2013.06.26 14:27:41.257,1.64574,1.64588,2.44,1.13
2013.06.26 14:27:41.520,1.64574,1.64588,1.50,1.13
2013.06.26 14:27:41.638,1.64566,1.64589,3.19,1.13
2013.06.26 14:27:44.629,1.64569,1.64588,1.69,1.13
2013.06.26 14:27:45.467,1.64567,1.64593,2.44,1.13
2013.06.26 14:27:45.588,1.64567,1.64598,3.19,1.32
2013.06.26 14:27:45.834,1.64567,1.64598,3.94,1.32
2013.06.26 14:27:46.447,1.64573,1.64599,1.69,1.13
2013.06.26 14:27:46.507,1.64574,1.64599,1.69,1.13
2013.06.26 14:27:46.927,1.64576,1.64608,2.44,2.07
2013.06.26 14:27:46.987,1.64576,1.64608,1.69,1.32
2013.06.26 14:27:47.167,1.64574,1.64606,2.44,1.32
2013.06.26 14:27:47.470,1.64575,1.64601,1.50,1.69
2013.06.26 14:27:47.538,1.64568,1.64597,3.19,1.32
2013.06.26 14:27:47.657,1.64567,1.64599,2.82,1.32
2013.06.26 14:27:47.778,1.64568,1.64599,1.69,1.32
2013.06.26 14:27:48.137,1.64573,1.64608,2.44,1.32
2013.06.26 14:27:48.667,1.64574,1.64608,2.44,1.32
2013.06.26 14:27:48.889,1.64574,1.64608,2.44,1.32
2013.06.26 14:27:49.292,1.64574,1.64607,1.69,1.32
2013.06.26 14:27:49.417,1.64574,1.64607,1.69,1.32
2013.06.26 14:27:50.072,1.64573,1.6461,3.94,2.44
2013.06.26 14:27:54.097,1.64577,1.64608,2.44,1.32
2013.06.26 14:27:54.768,1.6458,1.64614,1.69,2.82
2013.06.26 14:27:54.830,1.64584,1.64614,2.44,1.32
2013.06.26 14:27:55.187,1.64599,1.64624,1.50,2.05
2013.06.26 14:27:55.251,1.64599,1.64632,1.69,2.44
2013.06.26 14:27:55.811,1.64599,1.64629,1.69,1.32
2013.06.26 14:27:56.598,1.64597,1.64633,3.19,1.69
2013.06.26 14:27:57.438,1.646,1.64629,2.44,1.32
2013.06.26 14:27:58.068,1.646,1.64633,1.69,1.32
2013.06.26 14:27:58.657,1.646,1.64635,2.44,2.44
2013.06.26 14:27:59.968,1.64598,1.64632,1.69,1.69
2013.06.26 14:28:00.355,1.64591,1.64625,2.44,1.69
2013.06.26 14:28:00.807,1.64591,1.64624,1.69,1.69
2013.06.26 14:28:01.168,1.64591,1.64621,1.69,1.32
2013.06.26 14:28:01.527,1.64587,1.64617,3.04,1.32
2013.06.26 14:28:01.587,1.64584,1.64617,3.72,1.32
2013.06.26 14:28:02.127,1.64588,1.64624,2.44,1.69
2013.06.26 14:28:02.339,1.64588,1.64624,2.44,1.69
2013.06.26 14:28:02.887,1.64588,1.64624,2.44,1.69
2013.06.26 14:28:04.428,1.64588,1.64624,1.69,2.07
2013.06.26 14:28:06.207,1.64584,1.64619,2.44,1.69
2013.06.26 14:28:06.448,1.6458,1.64613,2.44,1.69
2013.06.26 14:28:06.687,1.6458,1.64613,1.69,1.69
2013.06.26 14:28:06.748,1.64577,1.64613,3.57,1.69
2013.06.26 14:28:07.878,1.64582,1.64612,1.69,1.69
2013.06.26 14:28:08.057,1.64582,1.64612,1.69,1.69
2013.06.26 14:28:08.528,1.64581,1.64608,3.19,1.32
2013.06.26 14:28:08.588,1.64581,1.64608,1.69,1.32
2013.06.26 14:28:08.647,1.64577,1.64608,1.69,1.69
2013.06.26 14:28:08.960,1.64576,1.64607,1.69,2.07
2013.06.26 14:28:10.209,1.64575,1.64607,1.69,1.69
2013.06.26 14:28:11.695,1.64576,1.64608,2.44,2.07
2013.06.26 14:28:14.920,1.64577,1.64607,1.69,1.32
2013.06.26 14:28:15.278,1.64583,1.64616,1.69,1.69
2013.06.26 14:28:16.670,1.64586,1.64618,1.69,1.32
2013.06.26 14:28:17.029,1.64582,1.6461,1.69,1.32
2013.06.26 14:28:18.760,1.64583,1.64608,1.13,1.13
2013.06.26 14:28:18.997,1.64582,1.64608,1.69,1.13
2013.06.26 14:28:19.177,1.64576,1.64603,1.50,1.69
2013.06.26 14:28:19.298,1.64575,1.64603,2.82,1.13
2013.06.26 14:28:19.357,1.64581,1.64609,1.69,1.88
2013.06.26 14:28:19.537,1.64583,1.64617,1.69,1.32
2013.06.26 14:28:19.597,1.64584,1.64619,1.69,3.57
2013.06.26 14:28:19.718,1.64582,1.64615,2.44,1.69
2013.06.26 14:28:19.779,1.64582,1.64609,1.69,1.69
2013.06.26 14:28:20.019,1.64581,1.64609,2.44,1.32
2013.06.26 14:28:20.138,1.64578,1.64609,3.19,1.32
2013.06.26 14:28:20.197,1.64579,1.64609,1.69,1.32
2013.06.26 14:28:20.378,1.64577,1.64609,1.69,1.32
2013.06.26 14:28:20.497,1.64578,1.64608,2.44,1.32
2013.06.26 14:28:21.457,1.6458,1.64608,1.69,1.32
2013.06.26 14:28:22.614,1.64579,1.64607,1.69,1.13
2013.06.26 14:28:23.159,1.64582,1.64608,2.82,1.32
2013.06.26 14:28:23.218,1.64582,1.64608,2.82,1.13
2013.06.26 14:28:23.550,1.64584,1.64616,2.44,1.69
2013.06.26 14:28:24.167,1.64585,1.64618,1.69,2.82
2013.06.26 14:28:27.357,1.64583,1.64617,2.82,1.32
2013.06.26 14:28:27.417,1.64583,1.64617,2.07,2.07
2013.06.26 14:28:27.538,1.64582,1.64609,2.07,1.13
2013.06.26 14:28:27.899,1.64585,1.64616,1.69,1.13
2013.06.26 14:28:27.958,1.64586,1.6462,1.69,1.69
2013.06.26 14:28:29.237,1.64586,1.64619,1.69,2.44
2013.06.26 14:28:29.798,1.64584,1.64617,2.44,2.44
2013.06.26 14:28:29.858,1.64584,1.64617,1.69,2.44
2013.06.26 14:28:29.988,1.64587,1.64617,1.69,2.44
2013.06.26 14:28:30.227,1.64587,1.64613,1.69,2.44
2013.06.26 14:28:31.148,1.64582,1.64613,2.44,2.44
2013.06.26 14:28:32.639,1.64588,1.64613,1.69,4.32
2013.06.26 14:28:32.698,1.64587,1.64613,1.69,4.32
2013.06.26 14:28:32.758,1.64587,1.64613,1.69,4.32
2013.06.26 14:28:33.267,1.64586,1.64613,2.44,3.94
2013.06.26 14:28:33.327,1.64582,1.64613,2.07,3.94
2013.06.26 14:28:35.458,1.64582,1.64608,1.32,1.13
2013.06.26 14:28:35.970,1.64582,1.64608,1.32,1.13
2013.06.26 14:28:37.469,1.64582,1.64608,1.32,1.13
2013.06.26 14:28:37.867,1.64582,1.64608,1.32,1.32
2013.06.26 14:28:38.628,1.64582,1.64609,1.32,1.32
2013.06.26 14:28:40.017,1.64578,1.64608,1.32,1.32
2013.06.26 14:28:40.618,1.64577,1.64608,1.32,1.32
2013.06.26 14:28:43.008,1.64577,1.64608,2.44,1.32
2013.06.26 14:28:43.586,1.64578,1.64608,1.32,1.32
2013.06.26 14:28:43.889,1.64577,1.64608,1.69,1.32
2013.06.26 14:28:44.250,1.64577,1.64607,3.19,1.32
2013.06.26 14:28:44.369,1.64577,1.64606,2.44,1.13
2013.06.26 14:28:44.489,1.64577,1.64604,2.44,1.13
2013.06.26 14:28:44.728,1.64577,1.64603,2.44,1.13
2013.06.26 14:28:44.907,1.64578,1.64604,1.32,1.13
2013.06.26 14:28:45.100,1.64577,1.64602,1.32,1.13
2013.06.26 14:28:45.165,1.64577,1.64602,1.32,1.13
2013.06.26 14:28:45.468,1.64568,1.64596,1.69,1.69
2013.06.26 14:28:45.528,1.64568,1.64596,1.69,1.69
2013.06.26 14:28:46.317,1.64572,1.64596,1.50,1.69
2013.06.26 14:28:46.540,1.64569,1.64595,1.50,1.69
2013.06.26 14:28:46.718,1.64569,1.64595,2.07,1.69
2013.06.26 14:28:47.077,1.64562,1.64589,2.07,1.69
2013.06.26 14:28:47.438,1.64559,1.64583,1.32,1.69
2013.06.26 14:28:47.618,1.64558,1.64583,1.69,1.69
2013.06.26 14:28:47.678,1.64558,1.64582,1.69,1.69
2013.06.26 14:28:48.221,1.64552,1.64581,1.32,1.50
2013.06.26 14:28:48.578,1.6455,1.64575,1.32,2.44
2013.06.26 14:28:48.818,1.64545,1.64569,1.69,1.50
2013.06.26 14:28:49.548,1.64543,1.64568,1.69,1.69
2013.06.26 14:28:50.248,1.64541,1.6457,1.32,1.50
2013.06.26 14:28:50.307,1.64541,1.64571,1.32,1.50
2013.06.26 14:28:50.790,1.64544,1.64577,1.32,1.69
2013.06.26 14:28:51.209,1.6454,1.64569,1.32,1.13
2013.06.26 14:28:51.569,1.64539,1.64568,1.69,1.13
2013.06.26 14:28:51.688,1.64539,1.64569,2.44,1.32
2013.06.26 14:28:52.170,1.64545,1.64569,2.07,1.32
2013.06.26 14:28:52.358,1.64547,1.64578,1.32,1.69
2013.06.26 14:28:52.660,1.6455,1.64579,2.44,1.32
2013.06.26 14:28:52.837,1.64549,1.64583,1.32,1.69
2013.06.26 14:28:52.959,1.6455,1.64584,1.69,1.69
2013.06.26 14:28:53.077,1.64552,1.64587,1.69,1.69
2013.06.26 14:28:53.378,1.64562,1.6459,2.07,1.50
2013.06.26 14:28:53.437,1.64568,1.64594,1.13,1.69
2013.06.26 14:28:53.618,1.64567,1.64599,1.69,2.07
2013.06.26 14:28:53.977,1.64569,1.64599,2.44,1.32
2013.06.26 14:28:54.336,1.6457,1.64599,2.44,2.07
2013.06.26 14:28:54.405,1.64574,1.64599,1.69,1.69
2013.06.26 14:28:54.470,1.64574,1.64601,1.69,1.13
2013.06.26 14:28:54.828,1.64571,1.64599,1.69,1.50
2013.06.26 14:28:54.888,1.6457,1.64599,1.69,1.50
2013.06.26 14:28:54.947,1.6457,1.64597,1.69,1.50
2013.06.26 14:28:55.007,1.64567,1.64597,3.19,1.69
2013.06.26 14:28:55.488,1.64567,1.64598,1.69,1.88
2013.06.26 14:28:55.547,1.64567,1.64598,2.44,1.88
2013.06.26 14:28:56.319,1.6457,1.64598,1.69,1.13
2013.06.26 14:28:56.621,1.64569,1.64598,2.07,1.13
2013.06.26 14:28:56.977,1.64571,1.64603,3.19,2.44
2013.06.26 14:28:57.518,1.64572,1.64603,1.69,1.69
2013.06.26 14:28:59.728,1.64571,1.64604,1.69,3.19
2013.06.26 14:28:59.907,1.6457,1.64604,2.07,3.19
2013.06.26 14:29:00.147,1.6457,1.64599,2.07,1.32
2013.06.26 14:29:01.257,1.6457,1.64599,1.32,1.32
2013.06.26 14:29:01.617,1.64571,1.64598,1.69,1.32
2013.06.26 14:29:01.737,1.64572,1.64598,1.69,1.32
2013.06.26 14:29:02.010,1.64572,1.64603,1.69,1.32
2013.06.26 14:29:02.167,1.64572,1.64598,1.69,1.32
2013.06.26 14:29:02.597,1.64571,1.64598,1.69,1.32
2013.06.26 14:29:02.717,1.6457,1.64598,1.32,1.32
2013.06.26 14:29:04.391,1.64571,1.64599,1.32,1.32
2013.06.26 14:29:04.450,1.64571,1.64599,1.32,1.32
2013.06.26 14:29:04.898,1.6457,1.64595,2.07,1.13
2013.06.26 14:29:05.257,1.64577,1.64604,1.69,1.13
2013.06.26 14:29:05.690,1.64581,1.64605,1.69,2.10
2013.06.26 14:29:05.868,1.64582,1.64616,3.19,3.19
2013.06.26 14:29:05.928,1.64582,1.64616,3.19,1.69
2013.06.26 14:29:06.707,1.64582,1.64616,3.19,2.44
2013.06.26 14:29:07.035,1.64583,1.64616,1.69,1.69
2013.06.26 14:29:07.568,1.64581,1.64612,1.69,1.69
2013.06.26 14:29:09.187,1.64579,1.64612,1.69,2.07
2013.06.26 14:29:09.949,1.64578,1.6461,1.69,1.32
2013.06.26 14:29:10.150,1.64579,1.6461,1.69,1.32
2013.06.26 14:29:10.259,1.64578,1.6461,1.69,1.32
2013.06.26 14:29:10.908,1.64575,1.64608,2.82,3.19
2013.06.26 14:29:11.029,1.64569,1.64597,1.69,1.69
2013.06.26 14:29:11.817,1.64572,1.64596,1.69,1.13
2013.06.26 14:29:12.187,1.64573,1.64598,1.69,1.50
2013.06.26 14:29:12.308,1.64569,1.64599,3.19,1.32
2013.06.26 14:29:13.417,1.64571,1.64598,1.69,1.13
2013.06.26 14:29:13.769,1.64571,1.64599,1.32,1.32
2013.06.26 14:29:14.070,1.64576,1.64595,1.50,1.13
2013.06.26 14:29:14.430,1.64572,1.64602,1.69,3.19
2013.06.26 14:29:14.609,1.64567,1.64595,2.44,1.32
2013.06.26 14:29:14.670,1.64568,1.64599,1.69,1.50
2013.06.26 14:29:15.040,1.64567,1.64589,1.69,1.32
2013.06.26 14:29:15.359,1.64567,1.64589,1.69,1.32
2013.06.26 14:29:15.719,1.64571,1.64599,3.57,1.13
2013.06.26 14:29:16.388,1.64576,1.64608,1.69,1.69
2013.06.26 14:29:17.729,1.64571,1.64605,2.82,1.69
2013.06.26 14:29:18.028,1.64576,1.64608,1.69,1.13
2013.06.26 14:29:18.328,1.64577,1.64608,1.69,1.13
2013.06.26 14:29:18.390,1.64576,1.64608,1.69,1.32
2013.06.26 14:29:18.508,1.64575,1.64608,1.69,1.32
2013.06.26 14:29:19.959,1.64571,1.64604,2.44,1.32
2013.06.26 14:29:20.078,1.64571,1.64606,2.44,1.69
2013.06.26 14:29:20.142,1.64576,1.64606,1.32,1.50
2013.06.26 14:29:20.498,1.64581,1.64598,1.69,1.13
2013.06.26 14:29:20.618,1.64577,1.64598,2.44,1.13
2013.06.26 14:29:20.677,1.64575,1.64597,3.19,1.13
2013.06.26 14:29:20.738,1.64575,1.64597,2.25,1.32
2013.06.26 14:29:21.277,1.64572,1.64597,1.32,1.32
2013.06.26 14:29:21.457,1.64576,1.64599,1.69,1.13
2013.06.26 14:29:21.988,1.64576,1.64604,1.69,1.69
2013.06.26 14:29:22.848,1.64572,1.64602,2.44,1.32
2013.06.26 14:29:22.968,1.64572,1.64589,1.69,1.13
2013.06.26 14:29:23.287,1.64567,1.64598,3.19,1.32
2013.06.26 14:29:23.897,1.64568,1.64603,2.44,1.32
2013.06.26 14:29:23.989,1.64568,1.64598,1.69,1.32
2013.06.26 14:29:24.407,1.64568,1.64603,2.44,1.32
2013.06.26 14:29:24.468,1.6457,1.64604,1.69,1.32
2013.06.26 14:29:24.909,1.64573,1.64607,1.69,2.07
2013.06.26 14:29:25.087,1.6458,1.64609,1.32,1.69
2013.06.26 14:29:25.270,1.64579,1.64609,3.94,1.69
2013.06.26 14:29:25.387,1.64579,1.64609,4.69,1.32
2013.06.26 14:29:25.919,1.64582,1.64609,1.69,1.32
2013.06.26 14:29:26.744,1.64583,1.64609,1.69,1.32
2013.06.26 14:29:27.190,1.6458,1.64608,1.69,1.32
2013.06.26 14:29:28.427,1.64577,1.64607,2.44,1.32
2013.06.26 14:29:28.487,1.64575,1.64599,2.44,1.13
2013.06.26 14:29:28.908,1.64575,1.64608,1.69,1.32
2013.06.26 14:29:32.308,1.64576,1.64608,1.69,1.32
2013.06.26 14:29:32.437,1.64574,1.64606,2.44,1.69
2013.06.26 14:29:32.557,1.64574,1.64606,1.69,1.69
2013.06.26 14:29:32.682,1.64572,1.64606,1.69,1.69
2013.06.26 14:29:32.867,1.64573,1.64607,1.69,2.82
2013.06.26 14:29:33.047,1.64575,1.64609,1.69,1.32
2013.06.26 14:29:34.397,1.64576,1.64608,3.94,1.32
2013.06.26 14:29:34.698,1.64576,1.64609,2.44,2.07
2013.06.26 14:29:35.830,1.64576,1.64609,1.69,1.32
2013.06.26 14:29:36.377,1.64579,1.64609,1.69,1.32
2013.06.26 14:29:37.047,1.64576,1.64609,2.44,1.32
2013.06.26 14:29:37.650,1.64579,1.64609,1.69,1.32
2013.06.26 14:29:38.187,1.6458,1.64614,3.94,1.69
2013.06.26 14:29:39.949,1.64585,1.64613,2.44,1.32
2013.06.26 14:29:40.529,1.64584,1.64615,2.44,1.69
2013.06.26 14:29:40.589,1.64584,1.64615,1.69,1.69
2013.06.26 14:29:40.949,1.6458,1.64611,2.44,1.69
2013.06.26 14:29:44.207,1.64582,1.64613,1.69,2.44
2013.06.26 14:29:44.518,1.64584,1.64614,1.69,1.69
2013.06.26 14:29:44.878,1.64579,1.64609,1.69,1.69
2013.06.26 14:29:45.058,1.64579,1.64607,1.32,1.32
2013.06.26 14:29:45.967,1.6458,1.64606,1.69,1.50
2013.06.26 14:29:46.087,1.6458,1.6461,1.69,2.07
2013.06.26 14:29:47.533,1.64582,1.64613,1.69,1.32
2013.06.26 14:29:48.214,1.64583,1.64614,2.44,1.32
2013.06.26 14:29:48.518,1.64591,1.64617,2.25,2.07
2013.06.26 14:29:48.579,1.64591,1.64617,3.19,1.13
2013.06.26 14:29:48.887,1.64592,1.64619,1.69,2.74
2013.06.26 14:29:49.007,1.64592,1.64625,1.69,1.69
2013.06.26 14:29:51.397,1.64597,1.64626,2.44,1.32
2013.06.26 14:29:51.907,1.64593,1.64626,1.69,1.32
2013.06.26 14:29:52.428,1.64593,1.64626,1.69,1.32
2013.06.26 14:29:53.302,1.64593,1.64626,1.69,1.32
2013.06.26 14:29:54.498,1.64597,1.64626,1.69,1.50
2013.06.26 14:29:54.558,1.64597,1.64626,1.69,1.50
2013.06.26 14:29:54.739,1.64601,1.64634,2.82,1.50
2013.06.26 14:29:54.917,1.64603,1.64638,1.69,2.44
2013.06.26 14:29:55.493,1.64603,1.64637,1.69,1.69
2013.06.26 14:29:55.678,1.64603,1.64637,1.69,1.69
2013.06.26 14:29:55.738,1.64601,1.64634,2.07,1.69
2013.06.26 14:29:56.059,1.64601,1.64628,1.32,1.69
2013.06.26 14:29:56.118,1.64596,1.64628,1.69,2.44
2013.06.26 14:29:56.178,1.64596,1.64626,1.69,1.88
2013.06.26 14:29:56.238,1.64594,1.64626,2.44,2.07
2013.06.26 14:29:56.418,1.64594,1.64626,1.69,1.32
2013.06.26 14:29:56.907,1.64591,1.64624,2.07,1.32
2013.06.26 14:29:57.208,1.64591,1.64621,1.69,1.32
2013.06.26 14:29:57.268,1.64594,1.64621,1.69,1.32
2013.06.26 14:29:57.388,1.64594,1.64621,1.69,1.32
2013.06.26 14:29:57.891,1.64596,1.64626,1.69,1.69
2013.06.26 14:29:58.067,1.64596,1.64628,1.69,1.69
2013.06.26 14:29:58.427,1.64594,1.64628,3.19,2.82
2013.06.26 14:29:59.059,1.64594,1.64628,2.44,2.82
2013.06.26 14:29:59.989,1.64594,1.64628,2.44,2.07
2013.06.26 14:30:00.348,1.64614,1.64631,1.32,1.13
2013.06.26 14:30:00.469,1.64618,1.64638,1.69,1.50
2013.06.26 14:30:00.528,1.64619,1.64639,1.69,1.50
2013.06.26 14:30:00.588,1.6462,1.64639,2.07,1.13
2013.06.26 14:30:00.768,1.64624,1.64646,1.69,2.40
2013.06.26 14:30:00.948,1.64622,1.64646,1.69,2.59
2013.06.26 14:30:01.008,1.64618,1.64646,2.44,2.59
2013.06.26 14:30:01.378,1.64619,1.64646,1.69,2.44
2013.06.26 14:30:02.147,1.64614,1.64646,1.69,1.32
2013.06.26 14:30:02.387,1.64612,1.64644,2.07,1.32
2013.06.26 14:30:02.448,1.64612,1.64644,1.69,1.32
2013.06.26 14:30:02.508,1.6461,1.64639,1.69,1.32
2013.06.26 14:30:02.928,1.64606,1.64636,1.32,1.32
2013.06.26 14:30:03.448,1.64607,1.64636,1.69,1.32
2013.06.26 14:30:04.138,1.64606,1.64639,2.07,2.07
2013.06.26 14:30:04.619,1.64606,1.64638,2.07,1.32
2013.06.26 14:30:04.978,1.64602,1.64629,1.32,1.13
2013.06.26 14:30:05.218,1.64606,1.64639,3.19,2.07
2013.06.26 14:30:06.427,1.64606,1.64641,3.57,2.07
2013.06.26 14:30:06.969,1.64606,1.64637,2.44,1.32
2013.06.26 14:30:07.029,1.64606,1.64639,3.19,1.32
2013.06.26 14:30:07.687,1.64611,1.64639,1.69,1.32
2013.06.26 14:30:09.758,1.64608,1.64643,2.44,1.32
2013.06.26 14:30:10.118,1.64607,1.64639,3.19,1.69
2013.06.26 14:30:10.178,1.64607,1.64641,1.69,3.19
2013.06.26 14:30:10.478,1.64607,1.64638,2.44,1.32
2013.06.26 14:30:10.538,1.64607,1.64638,1.69,1.32
2013.06.26 14:30:10.719,1.64606,1.64628,2.44,1.13
2013.06.26 14:30:10.838,1.64606,1.64628,1.69,1.13
2013.06.26 14:30:11.408,1.64601,1.64629,1.32,1.32
2013.06.26 14:30:11.728,1.64597,1.64624,2.44,1.13
2013.06.26 14:30:11.968,1.64596,1.64629,2.44,1.32
2013.06.26 14:30:12.208,1.64595,1.64629,1.69,2.07
2013.06.26 14:30:12.509,1.64604,1.6463,1.32,1.13
2013.06.26 14:30:12.808,1.646,1.64629,1.69,1.32
2013.06.26 14:30:13.662,1.64598,1.64629,1.32,1.32
2013.06.26 14:30:14.180,1.64599,1.64629,1.32,1.32
2013.06.26 14:30:15.748,1.64602,1.64628,1.32,1.32
2013.06.26 14:30:17.200,1.646,1.64628,1.69,1.13
2013.06.26 14:30:17.708,1.646,1.64628,1.69,1.13
2013.06.26 14:30:18.992,1.64598,1.64633,4.69,1.13
2013.06.26 14:30:19.057,1.64602,1.64635,2.44,1.88
2013.06.26 14:30:19.179,1.64603,1.64633,1.69,1.13
2013.06.26 14:30:19.240,1.64598,1.64628,3.94,1.13
2013.06.26 14:30:19.308,1.64598,1.64632,2.44,1.69
2013.06.26 14:30:19.368,1.64598,1.64623,2.44,1.13
2013.06.26 14:30:19.679,1.646,1.64634,1.69,1.32
2013.06.26 14:30:19.800,1.64601,1.64634,2.44,1.32
2013.06.26 14:30:19.978,1.646,1.64629,1.69,1.13
2013.06.26 14:30:20.508,1.64604,1.64635,1.69,1.32
2013.06.26 14:30:21.852,1.64603,1.64638,2.44,2.07
2013.06.26 14:30:22.219,1.64602,1.64629,1.69,1.32
2013.06.26 14:30:22.277,1.64603,1.64629,1.69,1.13
2013.06.26 14:30:22.698,1.6461,1.64637,2.07,1.13
2013.06.26 14:30:22.877,1.64616,1.64647,1.69,1.32
2013.06.26 14:30:22.938,1.64616,1.64647,1.69,1.32
2013.06.26 14:30:22.998,1.64616,1.64647,1.69,1.32
2013.06.26 14:30:23.178,1.64616,1.6465,1.69,1.32
2013.06.26 14:30:23.238,1.64616,1.64641,1.69,1.50
2013.06.26 14:30:23.417,1.64613,1.64645,1.69,1.69
2013.06.26 14:30:24.717,1.64615,1.64646,1.69,1.69
2013.06.26 14:30:25.907,1.64619,1.64652,1.69,2.07
2013.06.26 14:30:27.058,1.64617,1.64648,1.69,1.32
2013.06.26 14:30:28.678,1.64621,1.64655,1.69,1.32
2013.06.26 14:30:28.858,1.64625,1.64658,1.69,2.07
2013.06.26 14:30:30.139,1.64622,1.64657,1.69,1.32
2013.06.26 14:30:30.417,1.64622,1.64657,1.69,1.32
2013.06.26 14:30:31.109,1.64622,1.64657,1.69,2.07
2013.06.26 14:30:31.290,1.64625,1.64652,1.69,1.50
2013.06.26 14:30:31.528,1.64628,1.6466,1.32,2.82
2013.06.26 14:30:31.708,1.64625,1.64658,2.07,1.32
2013.06.26 14:30:31.888,1.64627,1.6466,1.32,2.82
2013.06.26 14:30:32.007,1.64628,1.6466,1.69,1.69
2013.06.26 14:30:32.188,1.64628,1.64665,1.69,2.44
2013.06.26 14:30:32.687,1.64631,1.64665,1.69,1.69
2013.06.26 14:30:32.868,1.64626,1.64658,2.07,1.32
2013.06.26 14:30:32.988,1.64626,1.64658,1.69,1.13
2013.06.26 14:30:33.537,1.64625,1.64658,2.44,1.32
2013.06.26 14:30:33.858,1.64625,1.64658,1.69,1.32
2013.06.26 14:30:34.060,1.64626,1.64658,1.69,1.32
2013.06.26 14:30:34.177,1.64626,1.64658,1.69,1.88
2013.06.26 14:30:34.508,1.64626,1.64661,1.69,1.32
2013.06.26 14:30:34.628,1.64626,1.64659,1.69,1.32
2013.06.26 14:30:34.808,1.64626,1.64659,1.69,1.32
2013.06.26 14:30:35.138,1.64624,1.64657,2.82,1.32
2013.06.26 14:30:35.678,1.64628,1.64657,2.44,1.32
2013.06.26 14:30:35.889,1.64625,1.64654,1.69,1.32
2013.06.26 14:30:36.151,1.64625,1.64657,3.19,1.32
2013.06.26 14:30:37.259,1.64632,1.64658,1.50,2.07
2013.06.26 14:30:37.864,1.64625,1.64656,1.69,1.32
2013.06.26 14:30:37.988,1.64625,1.64656,1.69,1.32
2013.06.26 14:30:38.227,1.64626,1.64649,1.69,1.13
2013.06.26 14:30:38.688,1.64624,1.64658,2.44,1.32
2013.06.26 14:30:38.748,1.64624,1.64658,3.94,1.32
2013.06.26 14:30:38.930,1.64624,1.64659,3.94,1.32
2013.06.26 14:30:39.469,1.64627,1.64659,2.44,1.32
2013.06.26 14:30:39.888,1.64627,1.64659,2.44,2.07
2013.06.26 14:30:40.510,1.64627,1.64659,2.44,2.07
2013.06.26 14:30:40.892,1.64624,1.64654,2.44,1.32
2013.06.26 14:30:41.608,1.64623,1.64654,1.69,1.13
2013.06.26 14:30:41.727,1.64623,1.64658,1.69,1.32
2013.06.26 14:30:42.344,1.64624,1.64658,1.69,1.32
2013.06.26 14:30:42.908,1.64624,1.64654,1.69,1.32
2013.06.26 14:30:43.678,1.64626,1.64648,1.69,1.13
2013.06.26 14:30:43.738,1.64626,1.64654,2.44,1.32
2013.06.26 14:30:43.802,1.64626,1.64654,2.44,1.32
2013.06.26 14:30:44.878,1.64628,1.64658,1.69,1.32
2013.06.26 14:30:45.477,1.64628,1.64659,1.69,1.32
2013.06.26 14:30:46.157,1.64628,1.64659,1.69,1.32
2013.06.26 14:30:46.799,1.64628,1.64659,1.69,1.32
2013.06.26 14:30:46.979,1.64631,1.64663,2.44,1.88
2013.06.26 14:30:47.219,1.6463,1.64663,1.69,2.82
2013.06.26 14:30:47.719,1.64626,1.64659,1.69,2.07
2013.06.26 14:30:48.038,1.64625,1.64656,1.69,1.69
2013.06.26 14:30:48.434,1.64619,1.64654,2.44,1.69
2013.06.26 14:30:49.058,1.64621,1.64654,1.69,1.69
2013.06.26 14:30:49.118,1.64621,1.64654,1.69,1.69
2013.06.26 14:30:49.360,1.64624,1.64648,1.69,1.13
2013.06.26 14:30:49.478,1.64623,1.64653,1.69,1.32
2013.06.26 14:30:50.147,1.64623,1.64654,1.69,1.32
2013.06.26 14:30:50.777,1.64623,1.64658,1.69,2.07
2013.06.26 14:30:50.838,1.64624,1.64658,1.69,1.32
2013.06.26 14:30:51.145,1.64624,1.64648,1.69,1.13
2013.06.26 14:30:51.278,1.64623,1.64648,1.69,1.13
2013.06.26 14:30:51.398,1.64621,1.64647,1.69,1.32
2013.06.26 14:30:51.577,1.64619,1.64647,1.69,1.32
2013.06.26 14:30:51.788,1.64619,1.64647,2.44,1.32
2013.06.26 14:30:52.028,1.64629,1.64659,2.44,1.32
2013.06.26 14:30:52.104,1.64629,1.64659,3.19,1.32
2013.06.26 14:30:52.169,1.64629,1.64658,2.44,2.63
2013.06.26 14:30:52.228,1.64629,1.64658,1.69,2.82
2013.06.26 14:30:52.467,1.64625,1.64653,1.69,1.13
2013.06.26 14:30:52.898,1.64624,1.64653,1.69,1.13
2013.06.26 14:30:52.958,1.64624,1.64649,1.69,1.13
2013.06.26 14:30:53.787,1.64624,1.64649,1.69,1.32
2013.06.26 14:30:54.528,1.64628,1.64649,1.69,1.13
2013.06.26 14:30:54.718,1.6463,1.64659,1.69,1.32
2013.06.26 14:30:54.898,1.64631,1.64661,1.69,1.32
2013.06.26 14:30:54.958,1.64633,1.64664,1.69,2.07
2013.06.26 14:30:55.198,1.64633,1.64657,1.69,1.32
2013.06.26 14:30:55.678,1.64629,1.64657,1.69,1.32
2013.06.26 14:30:56.168,1.64628,1.64658,1.69,1.32
2013.06.26 14:30:56.228,1.64629,1.64658,1.69,1.32
2013.06.26 14:30:56.648,1.64633,1.64664,1.69,1.69
2013.06.26 14:30:57.597,1.64631,1.64658,1.69,1.32
2013.06.26 14:30:57.904,1.64629,1.64654,1.69,1.32
2013.06.26 14:30:58.648,1.64631,1.64659,1.69,1.32
2013.06.26 14:30:58.830,1.64633,1.64663,2.44,1.32
2013.06.26 14:30:59.927,1.6463,1.64659,3.19,1.32
2013.06.26 14:31:00.509,1.64629,1.64659,2.44,1.32
2013.06.26 14:31:00.809,1.6463,1.64663,1.69,1.32
2013.06.26 14:31:00.929,1.64632,1.64663,2.82,1.32
2013.06.26 14:31:01.111,1.64635,1.64668,1.69,2.07
2013.06.26 14:31:01.298,1.64636,1.64663,2.44,1.13
2013.06.26 14:31:01.417,1.64636,1.64663,1.69,1.32
2013.06.26 14:31:01.718,1.64636,1.64669,2.07,1.32
2013.06.26 14:31:01.958,1.6464,1.64668,2.07,1.32
2013.06.26 14:31:02.077,1.64641,1.64668,2.44,1.13
2013.06.26 14:31:04.761,1.64643,1.64678,1.69,3.57
2013.06.26 14:31:04.928,1.64644,1.64676,2.44,2.44
2013.06.26 14:31:05.120,1.64644,1.64676,2.82,3.19
2013.06.26 14:31:05.179,1.64644,1.64675,2.07,1.69
2013.06.26 14:31:05.418,1.64641,1.64672,4.32,1.32
2013.06.26 14:31:05.958,1.64641,1.64669,3.57,1.32
2013.06.26 14:31:06.147,1.64641,1.64669,3.19,1.32
2013.06.26 14:31:06.508,1.64639,1.64669,1.69,1.32
2013.06.26 14:31:06.568,1.64639,1.64669,1.69,1.32
2013.06.26 14:31:06.628,1.64639,1.64669,2.44,1.32
2013.06.26 14:31:07.048,1.64638,1.64668,1.69,1.32
2013.06.26 14:31:07.108,1.64641,1.64672,1.69,1.32
2013.06.26 14:31:07.427,1.64642,1.64675,1.69,1.32
2013.06.26 14:31:07.547,1.64645,1.64676,1.69,1.69
2013.06.26 14:31:08.517,1.64644,1.64676,1.69,1.32
2013.06.26 14:31:08.578,1.64644,1.64673,1.69,1.32
2013.06.26 14:31:09.746,1.64652,1.64673,1.50,1.13
2013.06.26 14:31:10.049,1.64652,1.64673,1.69,1.13
2013.06.26 14:31:10.379,1.64652,1.64673,1.50,1.32
2013.06.26 14:31:10.618,1.64647,1.64679,1.69,1.69
2013.06.26 14:31:10.679,1.64647,1.64675,1.69,1.69
2013.06.26 14:31:10.982,1.64647,1.64675,1.69,1.69
2013.06.26 14:31:11.339,1.64647,1.64663,1.69,1.13
2013.06.26 14:31:11.458,1.64642,1.64668,1.69,1.32
2013.06.26 14:31:11.519,1.64643,1.64668,1.69,1.13
2013.06.26 14:31:11.758,1.64656,1.64681,1.50,1.32
2013.06.26 14:31:11.878,1.64656,1.64684,3.57,1.50
2013.06.26 14:31:12.238,1.64673,1.64689,1.69,2.57
2013.06.26 14:31:12.599,1.64682,1.6469,1.50,2.42
2013.06.26 14:31:12.719,1.64674,1.64686,1.50,1.13
2013.06.26 14:31:12.780,1.64669,1.64679,1.50,1.13
2013.06.26 14:31:12.899,1.64656,1.64678,3.19,1.13
2013.06.26 14:31:12.959,1.64656,1.64684,3.19,1.32
2013.06.26 14:31:13.078,1.64656,1.64687,1.69,1.32
2013.06.26 14:31:13.907,1.64659,1.64688,1.69,1.32
2013.06.26 14:31:13.967,1.64659,1.64689,1.69,1.32
2013.06.26 14:31:14.888,1.64659,1.64691,1.69,1.32
2013.06.26 14:31:15.308,1.64661,1.64695,1.69,1.32
2013.06.26 14:31:15.369,1.64664,1.64696,1.69,1.32
2013.06.26 14:31:15.608,1.64661,1.64699,1.69,2.44
2013.06.26 14:31:15.967,1.64665,1.647,1.69,2.44
2013.06.26 14:31:16.568,1.64666,1.64697,1.69,1.69
2013.06.26 14:31:16.711,1.64664,1.647,1.69,1.69
2013.06.26 14:31:16.888,1.64665,1.64697,1.69,1.69
2013.06.26 14:31:17.189,1.64669,1.64699,1.69,2.44
2013.06.26 14:31:17.249,1.64669,1.64699,1.69,2.44
2013.06.26 14:31:17.308,1.64669,1.64698,1.69,1.32
2013.06.26 14:31:17.548,1.64665,1.647,2.44,1.32
2013.06.26 14:31:17.728,1.64666,1.64698,1.32,2.07
2013.06.26 14:31:18.370,1.64667,1.64698,2.07,2.07
2013.06.26 14:31:19.837,1.64667,1.64695,1.32,1.32
2013.06.26 14:31:19.899,1.64666,1.64694,1.69,1.13
2013.06.26 14:31:20.017,1.64666,1.64694,1.69,1.32
2013.06.26 14:31:20.591,1.64664,1.64698,1.69,2.07
2013.06.26 14:31:20.828,1.6467,1.64698,1.69,1.13
2013.06.26 14:31:21.461,1.64672,1.64698,1.69,1.50
2013.06.26 14:31:21.973,1.6467,1.64699,2.07,1.69
2013.06.26 14:31:22.172,1.64677,1.64699,1.50,1.69
2013.06.26 14:31:22.698,1.64678,1.64703,1.88,2.25
2013.06.26 14:31:23.029,1.64679,1.64698,1.69,1.50
2013.06.26 14:31:23.091,1.64679,1.64698,1.69,1.50
2013.06.26 14:31:23.149,1.64675,1.64698,1.69,1.50
2013.06.26 14:31:23.978,1.64672,1.64698,1.69,1.69
2013.06.26 14:31:24.278,1.64669,1.64698,1.69,1.69
2013.06.26 14:31:24.638,1.64686,1.64708,1.32,2.33
2013.06.26 14:31:24.939,1.64688,1.64714,2.59,1.50
2013.06.26 14:31:25.568,1.64685,1.64709,1.84,1.50
2013.06.26 14:31:25.630,1.64684,1.64709,1.69,1.50
2013.06.26 14:31:25.989,1.64684,1.64713,1.69,1.69
2013.06.26 14:31:26.167,1.64684,1.64715,1.69,1.69
2013.06.26 14:31:26.818,1.64686,1.64713,1.69,1.50
2013.06.26 14:31:27.239,1.64684,1.64713,2.59,1.13
2013.06.26 14:31:27.359,1.64684,1.64718,3.34,1.13
2013.06.26 14:31:28.450,1.64686,1.64718,2.44,1.13
2013.06.26 14:31:29.108,1.64684,1.64712,1.69,1.13
2013.06.26 14:31:29.828,1.64684,1.64712,1.69,1.13
2013.06.26 14:31:30.345,1.64685,1.64713,1.69,1.13
2013.06.26 14:31:31.331,1.64682,1.64709,2.44,1.13
2013.06.26 14:31:31.629,1.64682,1.64699,1.50,1.13
2013.06.26 14:31:32.109,1.64677,1.64698,1.50,1.32
2013.06.26 14:31:32.168,1.64675,1.64698,1.50,1.32
2013.06.26 14:31:32.348,1.6467,1.64697,1.69,1.32
2013.06.26 14:31:32.739,1.64667,1.64697,1.69,2.07
2013.06.26 14:31:32.814,1.64664,1.64695,1.69,2.82
2013.06.26 14:31:33.918,1.64662,1.64698,2.07,3.94
2013.06.26 14:31:35.138,1.64661,1.64692,2.44,2.44
2013.06.26 14:31:35.258,1.64671,1.64691,1.32,1.50
2013.06.26 14:31:35.319,1.64675,1.64692,1.69,1.50
2013.06.26 14:31:35.678,1.64666,1.64697,1.69,1.69
2013.06.26 14:31:35.979,1.64666,1.64699,1.69,1.69
2013.06.26 14:31:37.538,1.64668,1.64694,1.13,1.32
2013.06.26 14:31:37.598,1.64667,1.64692,1.69,1.69
2013.06.26 14:31:37.959,1.64663,1.64691,1.32,2.44
2013.06.26 14:31:38.258,1.64662,1.64689,1.92,1.69
2013.06.26 14:31:38.319,1.64662,1.64689,1.73,1.69
2013.06.26 14:31:38.439,1.64662,1.64688,1.92,1.69
2013.06.26 14:31:38.978,1.64662,1.64692,1.92,1.32
2013.06.26 14:31:40.068,1.64665,1.64692,1.32,1.32
2013.06.26 14:31:40.307,1.64659,1.64688,1.32,2.44
2013.06.26 14:31:40.367,1.64658,1.64688,1.32,2.44
2013.06.26 14:31:40.548,1.64654,1.64689,2.07,2.44
2013.06.26 14:31:40.930,1.64656,1.64689,1.32,1.69
2013.06.26 14:31:42.308,1.64658,1.64689,1.32,1.69
2013.06.26 14:31:42.818,1.64659,1.6469,1.32,1.32
2013.06.26 14:31:42.950,1.6466,1.64694,2.07,2.07
2013.06.26 14:31:43.070,1.64661,1.64694,2.07,2.07
2013.06.26 14:31:44.217,1.64663,1.64694,1.88,2.07
2013.06.26 14:31:44.278,1.64655,1.64687,3.19,1.32
2013.06.26 14:31:44.337,1.64657,1.64687,1.69,1.32
2013.06.26 14:31:44.397,1.64655,1.64686,2.44,1.32
2013.06.26 14:31:45.278,1.6466,1.64689,1.69,1.32
2013.06.26 14:31:46.379,1.64659,1.64693,2.59,1.69
2013.06.26 14:31:46.692,1.64658,1.64693,2.44,1.69
2013.06.26 14:31:46.810,1.64659,1.64693,1.69,1.69
2013.06.26 14:31:49.188,1.64662,1.6469,1.32,2.82
2013.06.26 14:31:49.308,1.64661,1.64689,1.32,1.32
2013.06.26 14:31:49.679,1.64661,1.64683,1.32,1.50
2013.06.26 14:31:49.978,1.64652,1.6468,2.82,1.50
2013.06.26 14:31:50.038,1.64652,1.64682,2.07,2.07
2013.06.26 14:31:50.517,1.64652,1.6468,1.69,1.32
2013.06.26 14:31:50.819,1.64646,1.6468,1.32,1.69
2013.06.26 14:31:54.268,1.64645,1.64674,1.69,1.32
2013.06.26 14:31:54.388,1.64641,1.64674,2.82,1.69
2013.06.26 14:31:54.448,1.64641,1.64674,1.32,1.69
2013.06.26 14:31:54.569,1.6464,1.64672,1.32,1.69
2013.06.26 14:31:54.687,1.6464,1.64672,2.44,1.69
2013.06.26 14:31:55.668,1.64645,1.64677,2.44,1.13
2013.06.26 14:31:55.867,1.64647,1.6468,1.32,3.19
2013.06.26 14:31:55.928,1.64647,1.6468,1.32,1.69
2013.06.26 14:31:55.987,1.64651,1.6468,1.32,1.69
2013.06.26 14:31:56.489,1.64651,1.64685,1.88,1.69
2013.06.26 14:31:57.139,1.64652,1.64687,1.69,1.69
2013.06.26 14:31:57.581,1.64657,1.64689,2.07,1.69
2013.06.26 14:31:57.649,1.64658,1.64692,1.69,3.19
2013.06.26 14:31:57.889,1.64663,1.64693,2.07,1.32
2013.06.26 14:31:58.222,1.64666,1.647,2.44,2.44
2013.06.26 14:32:00.019,1.64667,1.647,1.69,3.19
2013.06.26 14:32:00.428,1.64666,1.64699,1.69,1.69
2013.06.26 14:32:00.488,1.64667,1.64701,1.69,2.44
2013.06.26 14:32:00.608,1.64668,1.64701,1.69,3.94
2013.06.26 14:32:01.221,1.64667,1.64697,1.69,1.69
2013.06.26 14:32:01.399,1.64666,1.64697,2.44,1.69
2013.06.26 14:32:02.801,1.64664,1.64697,1.69,3.19
2013.06.26 14:32:03.949,1.64666,1.64697,1.69,2.44
2013.06.26 14:32:04.250,1.64664,1.64691,2.44,2.44
2013.06.26 14:32:04.608,1.64657,1.64682,1.32,1.50
2013.06.26 14:32:04.968,1.64658,1.64685,2.44,1.50
2013.06.26 14:32:05.028,1.64661,1.64685,1.32,1.50
2013.06.26 14:32:05.088,1.6466,1.64686,1.13,1.69
2013.06.26 14:32:05.268,1.6466,1.64688,1.32,1.69
2013.06.26 14:32:05.395,1.64661,1.64689,1.32,1.69
2013.06.26 14:32:05.888,1.64663,1.64689,1.69,1.69
2013.06.26 14:32:06.268,1.6466,1.64691,1.32,1.69
2013.06.26 14:32:07.238,1.6466,1.64692,1.32,1.69
2013.06.26 14:32:07.298,1.6466,1.64694,1.32,1.69
2013.06.26 14:32:08.579,1.64663,1.64695,1.69,1.69
2013.06.26 14:32:09.088,1.64666,1.64694,1.69,1.69
2013.06.26 14:32:10.663,1.64661,1.64694,1.69,2.07
2013.06.26 14:32:11.271,1.64661,1.64694,1.69,2.07
2013.06.26 14:32:11.779,1.64661,1.64694,1.69,1.69
2013.06.26 14:32:11.869,1.64661,1.64686,1.69,1.50
2013.06.26 14:32:11.929,1.64659,1.64686,1.69,1.50
2013.06.26 14:32:11.989,1.64659,1.64686,1.50,1.69
2013.06.26 14:32:12.168,1.64656,1.64682,1.50,2.07
2013.06.26 14:32:12.288,1.64656,1.64675,1.50,1.50
2013.06.26 14:32:12.819,1.64656,1.64675,1.50,1.50
2013.06.26 14:32:13.318,1.64655,1.64675,1.50,2.44
2013.06.26 14:32:14.408,1.64651,1.64673,2.25,1.69
2013.06.26 14:32:15.129,1.64647,1.64674,1.13,1.69
2013.06.26 14:32:15.568,1.64649,1.64673,1.65,2.44
2013.06.26 14:32:15.627,1.64649,1.64673,1.84,2.25
2013.06.26 14:32:15.688,1.64667,1.64673,1.50,1.50
2013.06.26 14:32:15.868,1.64672,1.64688,1.69,1.80
2013.06.26 14:32:16.108,1.64672,1.64688,1.32,1.80
2013.06.26 14:32:16.228,1.64672,1.64692,2.07,3.30
2013.06.26 14:32:16.468,1.64673,1.64702,1.69,2.84
2013.06.26 14:32:17.090,1.64673,1.64702,2.07,1.69
2013.06.26 14:32:17.639,1.64672,1.64704,1.32,1.69
2013.06.26 14:32:17.757,1.64672,1.64699,1.32,1.69
2013.06.26 14:32:17.998,1.64672,1.64698,1.32,1.69
2013.06.26 14:32:18.370,1.64672,1.64698,1.32,1.69
2013.06.26 14:32:18.607,1.64672,1.64704,1.32,1.69
2013.06.26 14:32:19.469,1.64677,1.64705,1.50,2.44
2013.06.26 14:32:20.008,1.64677,1.64706,1.69,3.94
2013.06.26 14:32:20.368,1.64679,1.64706,1.50,3.19
2013.06.26 14:32:20.680,1.64674,1.64689,1.13,1.50
2013.06.26 14:32:20.740,1.64663,1.64684,1.32,1.50
2013.06.26 14:32:20.938,1.6466,1.64684,1.13,2.25
2013.06.26 14:32:20.999,1.64659,1.64686,1.50,2.44
2013.06.26 14:32:21.178,1.64651,1.64685,1.69,3.19
2013.06.26 14:32:21.477,1.64648,1.64682,2.44,1.69
2013.06.26 14:32:21.537,1.64646,1.6468,2.44,1.69
2013.06.26 14:32:22.078,1.64648,1.64681,1.69,1.69
2013.06.26 14:32:22.378,1.64651,1.6468,1.32,3.19
2013.06.26 14:32:22.798,1.64649,1.6468,1.69,1.69
2013.06.26 14:32:23.278,1.64646,1.64677,2.44,1.69
2013.06.26 14:32:23.820,1.64645,1.64678,1.69,1.32
2013.06.26 14:32:24.221,1.64645,1.64678,1.69,1.32
2013.06.26 14:32:24.349,1.64652,1.64678,1.13,1.32
2013.06.26 14:32:24.651,1.6466,1.64689,1.69,1.69
2013.06.26 14:32:24.828,1.64659,1.64689,2.44,1.69
2013.06.26 14:32:25.187,1.64662,1.64692,1.84,3.51
2013.06.26 14:32:25.368,1.64658,1.64688,1.84,1.69
2013.06.26 14:32:25.691,1.64661,1.64688,1.69,1.50
2013.06.26 14:32:26.738,1.64659,1.64688,2.59,1.50
2013.06.26 14:32:27.028,1.64664,1.64692,1.69,2.76
2013.06.26 14:32:27.149,1.64665,1.64696,1.69,1.69
2013.06.26 14:32:27.208,1.64669,1.64699,1.69,1.69
2013.06.26 14:32:27.871,1.64669,1.64702,1.69,1.69
2013.06.26 14:32:28.219,1.64672,1.64707,2.44,3.94
2013.06.26 14:32:28.948,1.64676,1.64707,1.69,1.69
2013.06.26 14:32:29.568,1.64676,1.64707,1.69,1.69
2013.06.26 14:32:31.020,1.64676,1.64708,1.69,2.44
2013.06.26 14:32:32.858,1.64675,1.6471,1.69,1.69
2013.06.26 14:32:33.157,1.64672,1.64703,3.19,2.44
2013.06.26 14:32:33.340,1.64669,1.64701,4.32,2.44
2013.06.26 14:32:33.460,1.6467,1.64701,1.69,1.69
2013.06.26 14:32:36.870,1.64678,1.64708,1.69,1.13
2013.06.26 14:32:37.049,1.64691,1.64719,2.25,2.07
2013.06.26 14:32:37.108,1.64693,1.64719,1.69,1.88
2013.06.26 14:32:37.169,1.64693,1.64726,2.44,2.44
2013.06.26 14:32:37.288,1.64694,1.64726,1.69,1.69
2013.06.26 14:32:37.412,1.64695,1.64729,1.69,1.69
2013.06.26 14:32:38.138,1.64695,1.6472,2.44,1.50
2013.06.26 14:32:38.439,1.64681,1.64697,1.88,5.74
2013.06.26 14:32:38.498,1.64678,1.64689,2.18,1.84
2013.06.26 14:32:38.557,1.64668,1.64689,2.07,3.53
2013.06.26 14:32:38.618,1.64665,1.64679,3.00,1.13
2013.06.26 14:32:38.979,1.64656,1.64673,3.00,1.32
2013.06.26 14:32:39.158,1.64644,1.64669,1.50,1.88
2013.06.26 14:32:39.278,1.64644,1.64668,1.69,1.32
2013.06.26 14:32:39.339,1.64644,1.64674,1.69,1.69
2013.06.26 14:32:39.462,1.6464,1.64667,1.69,1.32
2013.06.26 14:32:40.128,1.64639,1.64669,1.69,1.32
2013.06.26 14:32:40.673,1.64638,1.6467,1.69,1.69
2013.06.26 14:32:41.437,1.64637,1.64668,2.44,1.69
2013.06.26 14:32:42.767,1.64634,1.64667,2.44,1.69
2013.06.26 14:32:43.068,1.64634,1.64667,2.44,1.69
2013.06.26 14:32:43.128,1.64634,1.64663,2.44,1.69
2013.06.26 14:32:43.187,1.64634,1.64663,1.69,1.69
2013.06.26 14:32:43.248,1.64631,1.64663,1.69,2.44
2013.06.26 14:32:43.549,1.64624,1.64654,2.07,2.07
2013.06.26 14:32:43.908,1.64619,1.64648,2.96,1.69
2013.06.26 14:32:44.028,1.64619,1.64652,2.58,1.69
2013.06.26 14:32:44.088,1.64619,1.64652,2.58,1.69
2013.06.26 14:32:44.594,1.64619,1.64648,2.58,2.07
2013.06.26 14:32:44.790,1.64617,1.64648,2.07,1.69
2013.06.26 14:32:44.860,1.64621,1.64648,1.69,1.69
2013.06.26 14:32:45.630,1.64616,1.64648,2.07,1.69
2013.06.26 14:32:47.222,1.64616,1.64649,2.07,3.19
2013.06.26 14:32:47.398,1.64633,1.64651,1.13,1.69
2013.06.26 14:32:47.458,1.64636,1.64652,1.50,1.50
2013.06.26 14:32:47.637,1.64637,1.64656,1.69,1.88
2013.06.26 14:32:47.758,1.64624,1.64656,1.69,2.44
2013.06.26 14:32:47.998,1.64623,1.64656,1.69,1.69
2013.06.26 14:32:48.239,1.64623,1.64656,1.69,1.69
2013.06.26 14:32:48.358,1.64621,1.64656,1.69,1.69
2013.06.26 14:32:48.998,1.64622,1.64653,1.69,1.69
2013.06.26 14:32:49.888,1.64621,1.64656,2.07,1.50
2013.06.26 14:32:49.948,1.64633,1.64657,1.88,1.50
2013.06.26 14:32:50.013,1.64636,1.64657,1.50,1.50
2013.06.26 14:32:50.197,1.64643,1.64673,1.84,2.82
2013.06.26 14:32:50.377,1.64643,1.64674,1.84,1.69
2013.06.26 14:32:50.677,1.64644,1.64679,3.94,1.69
2013.06.26 14:32:51.221,1.64644,1.64681,5.44,2.44
2013.06.26 14:32:51.459,1.64651,1.64683,1.32,2.44
2013.06.26 14:32:51.520,1.64651,1.64683,1.32,1.69
2013.06.26 14:32:51.880,1.64655,1.64685,1.32,1.32
2013.06.26 14:32:52.001,1.64653,1.64689,1.69,2.07
2013.06.26 14:32:52.390,1.64658,1.64687,1.69,2.44
2013.06.26 14:32:52.510,1.64658,1.64681,1.50,1.32
2013.06.26 14:32:52.689,1.64654,1.64675,1.50,1.50
2013.06.26 14:32:52.749,1.64654,1.64675,1.50,2.44
2013.06.26 14:32:52.809,1.64642,1.64668,1.69,1.13
2013.06.26 14:32:52.869,1.64639,1.64668,3.57,1.32
2013.06.26 14:32:52.930,1.64638,1.64668,2.07,1.32
2013.06.26 14:32:53.168,1.6463,1.64667,2.82,2.44
2013.06.26 14:32:53.528,1.64637,1.64667,1.69,1.69
2013.06.26 14:32:53.768,1.64641,1.64673,1.32,1.69
2013.06.26 14:32:54.629,1.64641,1.64673,1.32,1.69
2013.06.26 14:32:54.748,1.64641,1.6467,1.32,2.44
2013.06.26 14:32:55.108,1.64642,1.64671,2.82,2.25
2013.06.26 14:32:55.168,1.64643,1.64671,1.32,1.50
2013.06.26 14:32:55.228,1.64647,1.64678,1.69,1.69
2013.06.26 14:32:55.588,1.6465,1.64683,2.44,1.32
2013.06.26 14:32:56.237,1.64651,1.64684,1.69,2.44
2013.06.26 14:32:57.919,1.64651,1.64686,3.19,1.69
2013.06.26 14:32:58.643,1.64654,1.64688,1.69,1.32
2013.06.26 14:32:58.709,1.64653,1.64686,1.69,2.44
2013.06.26 14:32:59.417,1.64651,1.64686,1.69,2.44
2013.06.26 14:32:59.727,1.64648,1.64685,3.57,1.69
2013.06.26 14:32:59.907,1.64648,1.64684,1.32,3.19
2013.06.26 14:33:00.267,1.64647,1.64679,2.07,2.44
2013.06.26 14:33:00.327,1.64647,1.64677,1.88,1.69
2013.06.26 14:33:00.448,1.64646,1.64677,1.69,1.32
2013.06.26 14:33:00.657,1.64644,1.64676,1.32,1.32
2013.06.26 14:33:00.777,1.64645,1.64674,2.07,1.69
2013.06.26 14:33:01.578,1.64643,1.64677,1.32,2.07
2013.06.26 14:33:01.998,1.64644,1.64677,1.32,1.32
2013.06.26 14:33:02.358,1.64644,1.64679,1.32,1.69
2013.06.26 14:33:02.658,1.64642,1.64673,1.32,1.50
2013.06.26 14:33:02.957,1.64642,1.64673,1.69,1.50
2013.06.26 14:33:03.077,1.64642,1.64673,1.69,3.00
2013.06.26 14:33:03.197,1.64641,1.6467,1.32,1.69
2013.06.26 14:33:03.437,1.64642,1.6467,1.69,1.69
2013.06.26 14:33:03.497,1.64642,1.6467,2.44,1.50
2013.06.26 14:33:03.557,1.64646,1.64668,1.69,1.50
2013.06.26 14:33:03.867,1.64659,1.64685,1.69,3.19
2013.06.26 14:33:04.050,1.64659,1.64686,1.69,1.69
2013.06.26 14:33:04.167,1.64659,1.64686,1.69,1.69
2013.06.26 14:33:04.467,1.64656,1.64689,2.07,2.44
2013.06.26 14:33:04.647,1.64661,1.64689,1.50,1.69
2013.06.26 14:33:05.127,1.64661,1.64688,1.50,1.69
2013.06.26 14:33:05.667,1.64656,1.6469,2.82,1.69
2013.06.26 14:33:06.958,1.64656,1.6469,3.94,2.07
2013.06.26 14:33:07.137,1.64656,1.64688,3.19,1.69
2013.06.26 14:33:07.269,1.64656,1.64688,1.69,2.07
2013.06.26 14:33:07.938,1.64653,1.64687,1.32,3.57
2013.06.26 14:33:08.057,1.6465,1.64683,1.69,2.44
2013.06.26 14:33:08.668,1.64654,1.64684,1.69,1.69
2013.06.26 14:33:08.769,1.64653,1.64687,2.44,1.69
2013.06.26 14:33:08.948,1.64648,1.64681,1.69,1.69
2013.06.26 14:33:09.248,1.64653,1.64684,2.07,1.69
2013.06.26 14:33:09.429,1.64656,1.64687,1.69,1.69
2013.06.26 14:33:09.487,1.64658,1.64687,1.69,1.69
2013.06.26 14:33:09.962,1.64666,1.64693,1.32,1.69
2013.06.26 14:33:10.039,1.6467,1.64697,1.84,1.69
2013.06.26 14:33:10.102,1.6467,1.64697,1.84,2.25
2013.06.26 14:33:10.458,1.64667,1.64699,3.34,1.32
2013.06.26 14:33:10.998,1.64677,1.64706,1.65,1.69
2013.06.26 14:33:11.297,1.64671,1.64702,1.69,1.69
2013.06.26 14:33:11.357,1.64669,1.64699,3.19,1.69
2013.06.26 14:33:11.677,1.64668,1.64691,2.59,1.50
2013.06.26 14:33:11.737,1.64672,1.64699,1.65,2.44
2013.06.26 14:33:11.798,1.64672,1.647,1.84,1.69
2013.06.26 14:33:12.158,1.64678,1.64709,1.69,1.69
2013.06.26 14:33:12.217,1.64678,1.64709,1.69,1.69
2013.06.26 14:33:12.777,1.64678,1.64705,1.69,1.50
2013.06.26 14:33:12.837,1.64673,1.64705,1.84,1.69
2013.06.26 14:33:12.898,1.64673,1.64699,1.84,1.69
2013.06.26 14:33:13.318,1.64675,1.64703,1.32,3.19
2013.06.26 14:33:13.378,1.64675,1.64703,1.32,3.94
2013.06.26 14:33:13.618,1.64673,1.64703,1.32,1.69
2013.06.26 14:33:13.739,1.64673,1.64703,2.07,2.44
2013.06.26 14:33:13.799,1.64673,1.64702,2.07,1.50
2013.06.26 14:33:14.050,1.64673,1.64706,2.07,1.69
2013.06.26 14:33:14.167,1.64673,1.64705,1.32,1.69
2013.06.26 14:33:15.467,1.64672,1.64699,1.09,1.32
2013.06.26 14:33:15.587,1.64672,1.64698,1.09,1.32
2013.06.26 14:33:15.887,1.64665,1.64699,2.82,2.07
2013.06.26 14:33:16.227,1.64673,1.64702,1.65,2.44
2013.06.26 14:33:16.287,1.64673,1.64701,1.84,1.69
2013.06.26 14:33:16.929,1.6467,1.64698,1.84,2.44
2013.06.26 14:33:16.989,1.6467,1.64698,1.65,2.44
2013.06.26 14:33:17.108,1.64668,1.64695,1.09,1.32
2013.06.26 14:33:17.168,1.64667,1.64695,1.32,1.32
2013.06.26 14:33:17.948,1.64668,1.64692,1.69,1.69
2013.06.26 14:33:18.389,1.64667,1.64692,2.59,1.69
2013.06.26 14:33:18.577,1.64667,1.64693,1.69,1.69
2013.06.26 14:33:19.156,1.64667,1.64693,1.32,2.44
2013.06.26 14:33:20.059,1.64663,1.64691,1.69,2.25
2013.06.26 14:33:20.119,1.64663,1.64689,1.69,1.50
2013.06.26 14:33:20.178,1.64662,1.64687,2.22,1.50
2013.06.26 14:33:20.550,1.64662,1.64687,1.32,3.19
2013.06.26 14:33:20.937,1.64661,1.64683,1.47,1.50
2013.06.26 14:33:20.998,1.64661,1.64683,1.09,1.50
2013.06.26 14:33:21.118,1.64659,1.64683,1.47,1.50
2013.06.26 14:33:21.378,1.64659,1.64686,1.32,1.69
2013.06.26 14:33:21.557,1.64659,1.64689,1.32,3.19
2013.06.26 14:33:21.677,1.64659,1.64689,1.32,3.94
2013.06.26 14:33:21.737,1.64671,1.64689,1.88,1.50
2013.06.26 14:33:22.098,1.64684,1.64703,4.28,1.65
2013.06.26 14:33:22.159,1.64689,1.64703,2.03,1.65
2013.06.26 14:33:22.278,1.64691,1.64704,2.44,1.65
2013.06.26 14:33:22.531,1.64691,1.64705,1.69,1.65
2013.06.26 14:33:22.948,1.64691,1.64705,1.69,1.28
2013.06.26 14:33:23.068,1.64691,1.64712,1.69,1.50
2013.06.26 14:33:23.187,1.64692,1.6471,2.07,1.50
2013.06.26 14:33:23.427,1.64692,1.64712,1.32,1.50
2013.06.26 14:33:23.487,1.64692,1.64716,1.32,3.00
2013.06.26 14:33:23.727,1.64692,1.64722,1.32,1.69
2013.06.26 14:33:24.228,1.64692,1.64722,1.32,1.69
2013.06.26 14:33:24.288,1.64692,1.64723,1.32,1.69
2013.06.26 14:33:24.410,1.64696,1.64722,1.69,2.44
2013.06.26 14:33:24.528,1.64698,1.64728,1.69,4.69
2013.06.26 14:33:24.588,1.64709,1.64728,1.13,3.19
2013.06.26 14:33:24.707,1.64709,1.64732,1.32,1.50
2013.06.26 14:33:24.888,1.64706,1.64733,1.32,1.50
2013.06.26 14:33:24.947,1.64705,1.64738,1.69,3.94
2013.06.26 14:33:25.007,1.64702,1.64734,1.32,1.69
2013.06.26 14:33:25.128,1.64703,1.64734,1.32,3.94
2013.06.26 14:33:25.187,1.647,1.64734,1.32,2.44
2013.06.26 14:33:25.248,1.647,1.64734,1.32,2.44
2013.06.26 14:33:25.307,1.64703,1.64734,1.69,2.44
2013.06.26 14:33:25.857,1.64708,1.64732,1.69,1.50
2013.06.26 14:33:26.399,1.64706,1.64731,1.69,1.50
2013.06.26 14:33:26.708,1.647,1.64728,1.32,2.25
2013.06.26 14:33:27.390,1.647,1.64731,1.69,1.69
2013.06.26 14:33:27.688,1.64712,1.64736,1.13,2.44
2013.06.26 14:33:27.808,1.64706,1.64734,1.32,2.25
2013.06.26 14:33:28.348,1.64712,1.64734,1.13,1.50
2013.06.26 14:33:28.599,1.64712,1.64739,1.32,1.69
2013.06.26 14:33:30.397,1.64703,1.64737,1.69,3.94
2013.06.26 14:33:30.517,1.64701,1.64734,2.07,1.69
2013.06.26 14:33:30.578,1.64701,1.64729,1.32,1.69
2013.06.26 14:33:30.638,1.64696,1.64724,1.69,1.50
2013.06.26 14:33:31.085,1.64694,1.64719,2.10,1.69
2013.06.26 14:33:31.147,1.64702,1.6472,1.50,1.69
2013.06.26 14:33:31.207,1.64702,1.64724,1.50,3.00
2013.06.26 14:33:31.267,1.64702,1.64726,1.50,1.50
2013.06.26 14:33:31.327,1.64702,1.64733,1.69,1.69
2013.06.26 14:33:31.448,1.64712,1.64731,1.13,2.44
2013.06.26 14:33:31.807,1.64721,1.64733,1.69,1.50
2013.06.26 14:33:32.108,1.64718,1.64733,1.69,1.50
2013.06.26 14:33:32.287,1.64718,1.64753,1.32,1.84
2013.06.26 14:33:32.858,1.64717,1.64749,1.69,2.44
2013.06.26 14:33:33.397,1.64717,1.64755,1.69,1.69
2013.06.26 14:33:33.708,1.6472,1.64755,1.32,1.69
2013.06.26 14:33:33.768,1.64727,1.64753,1.32,1.50
2013.06.26 14:33:34.333,1.64727,1.64753,1.32,1.65
2013.06.26 14:33:34.651,1.64723,1.64757,3.00,1.13
2013.06.26 14:33:34.707,1.64723,1.64756,2.07,1.69
2013.06.26 14:33:35.311,1.64726,1.64758,1.69,1.32
2013.06.26 14:33:35.669,1.64724,1.64749,1.50,1.69
2013.06.26 14:33:35.978,1.64721,1.64749,1.69,1.69
2013.06.26 14:33:36.278,1.64721,1.64751,1.69,1.69
2013.06.26 14:33:36.767,1.64717,1.64749,1.69,1.69
2013.06.26 14:33:37.237,1.64715,1.64744,2.07,1.69
2013.06.26 14:33:37.419,1.64712,1.6474,1.32,1.69
2013.06.26 14:33:37.540,1.64715,1.64742,1.13,1.69
2013.06.26 14:33:37.668,1.64712,1.6474,1.32,1.69
2013.06.26 14:33:37.728,1.64706,1.64734,1.32,1.69
2013.06.26 14:33:37.847,1.64704,1.64734,1.32,2.44
2013.06.26 14:33:37.968,1.647,1.64734,1.69,2.44
2013.06.26 14:33:38.688,1.64697,1.6473,1.69,3.94
2013.06.26 14:33:39.047,1.64723,1.6474,1.88,1.50
2013.06.26 14:33:39.168,1.64723,1.64748,1.32,1.50
2013.06.26 14:33:39.407,1.64726,1.64751,2.44,2.25
2013.06.26 14:33:39.468,1.64726,1.64758,1.69,1.32
2013.06.26 14:33:39.707,1.64729,1.64758,2.44,1.32
2013.06.26 14:33:39.828,1.64732,1.64759,1.69,1.32
2013.06.26 14:33:40.008,1.64731,1.64758,1.69,1.32
2013.06.26 14:33:40.068,1.64729,1.64758,1.69,2.07
2013.06.26 14:33:40.128,1.64726,1.64757,1.32,1.69
2013.06.26 14:33:41.212,1.64726,1.64755,1.32,1.69
2013.06.26 14:33:41.768,1.64722,1.64751,1.32,1.50
2013.06.26 14:33:42.098,1.64716,1.64751,1.69,2.25
2013.06.26 14:33:42.629,1.64716,1.64749,1.69,1.69
2013.06.26 14:33:43.159,1.6472,1.64749,1.69,2.44
2013.06.26 14:33:43.219,1.64719,1.64748,1.69,1.69
2013.06.26 14:33:43.758,1.64719,1.64751,1.69,1.69
2013.06.26 14:33:44.391,1.64719,1.64748,1.69,2.44
2013.06.26 14:33:44.460,1.64716,1.64748,1.69,2.44
2013.06.26 14:33:44.521,1.64713,1.64745,2.07,2.44
2013.06.26 14:33:45.427,1.64713,1.64745,2.07,1.69
2013.06.26 14:33:45.547,1.64714,1.64745,1.69,1.69
2013.06.26 14:33:45.847,1.64714,1.64744,1.69,3.00
2013.06.26 14:33:46.209,1.64715,1.64741,1.69,3.00
2013.06.26 14:33:46.569,1.64709,1.64739,1.69,1.69
2013.06.26 14:33:46.688,1.64707,1.64739,1.69,1.50
2013.06.26 14:33:47.288,1.64716,1.64741,1.69,1.50
2013.06.26 14:33:47.418,1.64716,1.64743,1.69,1.50
2013.06.26 14:33:48.408,1.64713,1.64742,1.69,1.50
2013.06.26 14:33:48.927,1.64713,1.64743,1.69,3.94
2013.06.26 14:33:49.398,1.64719,1.64743,1.69,2.25
2013.06.26 14:33:49.458,1.64731,1.64747,1.13,1.69
2013.06.26 14:33:49.578,1.64731,1.64754,1.32,1.50
2013.06.26 14:33:49.698,1.64727,1.64748,1.32,1.50
2013.06.26 14:33:49.757,1.64719,1.64743,1.69,2.25
2013.06.26 14:33:49.938,1.64716,1.64741,1.69,2.25
2013.06.26 14:33:49.997,1.64714,1.64741,1.69,2.25
2013.06.26 14:33:50.058,1.64714,1.64742,1.69,1.50
2013.06.26 14:33:51.018,1.64719,1.64743,1.69,1.50
2013.06.26 14:33:51.139,1.64721,1.64744,1.69,2.25
2013.06.26 14:33:51.200,1.64722,1.64747,1.69,1.50
2013.06.26 14:33:51.508,1.64721,1.64743,1.69,1.50
2013.06.26 14:33:51.807,1.64717,1.64743,1.69,2.44
2013.06.26 14:33:52.437,1.6471,1.64737,1.69,1.32
2013.06.26 14:33:52.767,1.6471,1.64736,2.97,1.69
2013.06.26 14:33:52.888,1.6471,1.64737,2.97,3.57
2013.06.26 14:33:53.127,1.6471,1.64734,3.57,1.50
2013.06.26 14:33:53.447,1.6471,1.64734,3.57,2.25
2013.06.26 14:33:53.807,1.64717,1.64722,1.73,3.00
2013.06.26 14:33:53.988,1.64716,1.64728,3.23,3.00
2013.06.26 14:33:54.169,1.64725,1.64741,1.69,1.50
2013.06.26 14:33:54.289,1.64725,1.64741,1.69,1.50
2013.06.26 14:33:54.409,1.64725,1.64749,1.69,1.88
2013.06.26 14:33:54.469,1.64727,1.64749,1.69,1.88
2013.06.26 14:33:54.708,1.64727,1.64754,1.69,1.50
2013.06.26 14:33:54.888,1.64727,1.64755,1.69,1.50
2013.06.26 14:33:55.148,1.64727,1.64759,1.69,1.50
2013.06.26 14:33:55.267,1.64726,1.64758,4.69,1.50
2013.06.26 14:33:55.567,1.64726,1.64758,3.19,4.92
2013.06.26 14:33:56.287,1.64727,1.64755,1.69,1.50
2013.06.26 14:33:56.800,1.64726,1.64755,1.69,1.50
2013.06.26 14:33:58.138,1.64719,1.64748,2.44,1.50
2013.06.26 14:33:58.200,1.64717,1.64748,5.07,1.50
2013.06.26 14:33:58.439,1.64722,1.64751,1.69,1.50
2013.06.26 14:33:58.679,1.64721,1.64746,1.69,1.50
2013.06.26 14:33:58.917,1.64717,1.64745,1.69,2.25
2013.06.26 14:33:59.488,1.64714,1.64745,1.69,2.25
2013.06.26 14:33:59.547,1.64719,1.64745,1.69,3.94
2013.06.26 14:33:59.907,1.64711,1.64742,1.69,2.68
2013.06.26 14:34:00.027,1.64715,1.64744,1.69,2.44
2013.06.26 14:34:00.267,1.64715,1.64742,1.69,1.50
2013.06.26 14:34:00.627,1.6472,1.64741,3.12,1.50
2013.06.26 14:34:00.817,1.64718,1.64742,1.73,1.69
2013.06.26 14:34:01.768,1.64717,1.64746,1.58,1.69
2013.06.26 14:34:01.908,1.64717,1.64746,1.77,1.69
2013.06.26 14:34:01.967,1.64717,1.64742,1.77,1.50
2013.06.26 14:34:02.027,1.64712,1.64742,1.69,1.50
2013.06.26 14:34:02.207,1.64712,1.64746,1.69,1.69
2013.06.26 14:34:02.637,1.64712,1.64742,1.69,1.50
2013.06.26 14:34:02.757,1.64712,1.64744,1.69,1.69
2013.06.26 14:34:03.158,1.64711,1.64744,2.52,2.44
2013.06.26 14:34:03.518,1.64703,1.64727,1.92,1.13
2013.06.26 14:34:03.639,1.64698,1.64727,2.44,1.13
2013.06.26 14:34:03.767,1.64699,1.64728,3.12,1.13
2013.06.26 14:34:04.223,1.64701,1.64733,1.69,1.65
2013.06.26 14:34:04.530,1.64701,1.64734,1.69,1.69
2013.06.26 14:34:05.112,1.64701,1.64732,1.69,1.69
2013.06.26 14:34:05.179,1.647,1.6473,2.44,1.50
2013.06.26 14:34:05.696,1.64697,1.6473,1.69,1.50
2013.06.26 14:34:06.128,1.647,1.64727,1.69,1.69
2013.06.26 14:34:06.917,1.64691,1.64726,2.07,1.69
2013.06.26 14:34:07.160,1.64691,1.64727,2.82,1.69
2013.06.26 14:34:07.907,1.64692,1.64727,2.82,1.69
2013.06.26 14:34:08.028,1.64688,1.64725,1.69,2.44
2013.06.26 14:34:10.417,1.64687,1.64717,2.07,1.32
2013.06.26 14:34:11.178,1.6469,1.64717,2.44,1.13
2013.06.26 14:34:11.690,1.64689,1.6472,1.69,1.69
2013.06.26 14:34:11.808,1.64686,1.64717,2.44,1.69
2013.06.26 14:34:11.988,1.64685,1.64716,1.69,1.69
2013.06.26 14:34:12.168,1.64682,1.64715,2.07,1.69
2013.06.26 14:34:12.288,1.64683,1.64718,1.69,1.69
2013.06.26 14:34:12.529,1.64682,1.64716,1.69,1.69
2013.06.26 14:34:12.588,1.64682,1.64716,1.69,1.69
2013.06.26 14:34:12.709,1.6468,1.64715,1.69,1.69
2013.06.26 14:34:13.247,1.64676,1.64708,2.82,1.69
2013.06.26 14:34:14.100,1.64676,1.64701,2.07,1.69
2013.06.26 14:34:14.482,1.64676,1.64701,1.69,1.69
2013.06.26 14:34:14.899,1.64676,1.64704,2.82,1.69
2013.06.26 14:34:15.138,1.64677,1.64708,2.59,1.69
2013.06.26 14:34:15.260,1.6468,1.64711,1.69,1.69
2013.06.26 14:34:15.331,1.6468,1.64708,1.69,1.69
2013.06.26 14:34:15.687,1.64674,1.64697,2.25,1.32
2013.06.26 14:34:15.867,1.64672,1.64695,2.25,1.69
2013.06.26 14:34:15.927,1.64672,1.64694,2.40,1.69
2013.06.26 14:34:16.048,1.64672,1.64698,1.50,1.32
2013.06.26 14:34:16.589,1.64674,1.64701,2.44,1.50
2013.06.26 14:34:16.708,1.64674,1.64704,3.19,1.69
2013.06.26 14:34:16.767,1.64676,1.64704,1.69,1.50
2013.06.26 14:34:16.887,1.64677,1.64712,1.69,2.44
2013.06.26 14:34:17.067,1.64677,1.64712,3.94,1.32
2013.06.26 14:34:17.427,1.64675,1.6471,1.69,1.69
2013.06.26 14:34:17.968,1.64682,1.64707,1.50,1.69
2013.06.26 14:34:18.268,1.64682,1.64709,1.50,1.69
2013.06.26 14:34:18.687,1.64672,1.64703,1.32,2.44
2013.06.26 14:34:19.727,1.64672,1.64705,1.32,2.44
2013.06.26 14:34:21.117,1.64672,1.64707,1.32,1.69
2013.06.26 14:34:21.478,1.6467,1.64706,2.44,1.69
2013.06.26 14:34:21.660,1.64672,1.64706,1.69,1.69
2013.06.26 14:34:21.987,1.64672,1.64707,1.69,1.69
2013.06.26 14:34:22.480,1.64671,1.64707,2.44,2.07
2013.06.26 14:34:22.947,1.64671,1.64701,1.69,2.44
2013.06.26 14:34:23.188,1.64667,1.64701,1.69,2.44
2013.06.26 14:34:23.908,1.64682,1.64702,2.63,1.69
2013.06.26 14:34:23.969,1.64686,1.64709,1.13,1.50
2013.06.26 14:34:24.087,1.64691,1.64714,1.32,1.88
2013.06.26 14:34:24.648,1.64691,1.64714,1.32,1.50
2013.06.26 14:34:25.209,1.64691,1.64717,1.32,2.44
2013.06.26 14:34:25.819,1.64686,1.64717,1.32,2.44
2013.06.26 14:34:25.939,1.64692,1.64717,1.13,2.44
2013.06.26 14:34:26.059,1.64686,1.64717,1.32,2.44
2013.06.26 14:34:26.359,1.64682,1.64707,1.69,1.13
2013.06.26 14:34:28.602,1.64683,1.64718,1.69,3.72
2013.06.26 14:34:29.609,1.64683,1.64718,1.69,2.97
2013.06.26 14:34:29.727,1.64691,1.64718,1.69,1.13
2013.06.26 14:34:30.177,1.64691,1.64722,2.44,1.69
2013.06.26 14:34:30.237,1.64691,1.64722,1.69,1.69
2013.06.26 14:34:31.489,1.64688,1.64723,2.44,3.94
2013.06.26 14:34:31.658,1.64688,1.64723,2.44,3.94
2013.06.26 14:34:32.379,1.64688,1.64722,1.69,1.69
2013.06.26 14:34:33.547,1.64688,1.64718,1.69,1.13
2013.06.26 14:34:33.667,1.64692,1.64723,1.32,2.44
2013.06.26 14:34:34.257,1.64691,1.64723,1.69,1.69
2013.06.26 14:34:34.378,1.64691,1.64721,1.69,1.69
2013.06.26 14:34:35.227,1.64689,1.64722,2.44,1.69
2013.06.26 14:34:35.347,1.64692,1.64724,2.44,1.69
2013.06.26 14:34:35.588,1.64696,1.64726,1.69,1.69
2013.06.26 14:34:35.647,1.64692,1.64726,2.07,1.50
2013.06.26 14:34:36.007,1.64693,1.64726,1.69,1.32
2013.06.26 14:34:36.247,1.64691,1.64724,3.19,1.13
2013.06.26 14:34:37.087,1.64692,1.64728,2.44,1.32
2013.06.26 14:34:37.688,1.64694,1.64727,2.07,2.07
2013.06.26 14:34:37.868,1.64697,1.64727,1.69,1.32
2013.06.26 14:34:38.227,1.64692,1.64718,1.69,1.13
2013.06.26 14:34:38.287,1.64692,1.64718,1.69,1.32
2013.06.26 14:34:38.434,1.64692,1.64718,2.44,1.13
2013.06.26 14:34:38.617,1.64695,1.64719,1.69,1.13
2013.06.26 14:34:39.147,1.64693,1.64719,2.44,1.13
2013.06.26 14:34:39.388,1.64692,1.64717,2.44,1.13
2013.06.26 14:34:40.127,1.64693,1.64719,1.32,1.13
2013.06.26 14:34:40.567,1.64694,1.64718,1.69,1.13
2013.06.26 14:34:41.467,1.64696,1.64717,2.44,1.13
2013.06.26 14:34:41.709,1.64695,1.64727,2.44,1.32
2013.06.26 14:34:41.891,1.64694,1.64728,3.94,1.88
2013.06.26 14:34:42.623,1.64699,1.64727,1.32,1.13
2013.06.26 14:34:42.877,1.64699,1.64727,1.32,1.13
2013.06.26 14:34:43.410,1.64704,1.64727,1.50,1.32
2013.06.26 14:34:43.722,1.64704,1.64727,1.69,1.13
2013.06.26 14:34:44.150,1.647,1.64727,1.69,1.13
2013.06.26 14:34:44.209,1.64698,1.64727,2.44,1.32
2013.06.26 14:34:45.698,1.64693,1.64727,2.07,1.32
2013.06.26 14:34:47.556,1.64697,1.64726,2.25,1.69
2013.06.26 14:34:47.680,1.64695,1.64727,1.69,1.32
2013.06.26 14:34:47.920,1.64701,1.64727,2.44,1.32
2013.06.26 14:34:48.129,1.64701,1.64727,2.44,1.32
2013.06.26 14:34:48.678,1.647,1.64727,1.69,2.07
2013.06.26 14:34:48.898,1.64702,1.64723,1.50,1.13
2013.06.26 14:34:49.447,1.64699,1.64728,1.69,1.88
2013.06.26 14:34:50.488,1.64704,1.64728,1.50,1.69
2013.06.26 14:34:50.547,1.64704,1.64728,1.69,1.50
2013.06.26 14:34:50.669,1.64712,1.64734,1.50,1.84
2013.06.26 14:34:51.089,1.64712,1.64738,1.13,1.84
2013.06.26 14:34:51.148,1.64713,1.64739,1.32,1.84
2013.06.26 14:34:51.488,1.64715,1.64742,1.13,1.69
2013.06.26 14:34:52.199,1.64715,1.64742,1.13,2.44
2013.06.26 14:34:52.987,1.64715,1.6474,1.13,1.32
2013.06.26 14:34:53.568,1.64713,1.6474,1.13,1.32
2013.06.26 14:34:53.907,1.64707,1.6474,2.25,1.32
2013.06.26 14:34:54.028,1.6471,1.64739,1.69,1.69
2013.06.26 14:34:54.188,1.64706,1.64736,3.19,1.69
2013.06.26 14:34:54.307,1.64705,1.64733,3.00,1.69
2013.06.26 14:34:54.427,1.64705,1.64733,2.25,2.44
2013.06.26 14:34:54.948,1.64705,1.64733,1.50,2.44
2013.06.26 14:34:55.869,1.64704,1.64731,2.25,1.69
2013.06.26 14:34:57.198,1.64702,1.64732,1.32,1.69
2013.06.26 14:34:57.258,1.64703,1.64731,1.13,1.69
2013.06.26 14:34:57.318,1.64703,1.64729,1.13,1.69
2013.06.26 14:34:57.378,1.64702,1.64729,1.32,1.69
2013.06.26 14:34:57.618,1.64703,1.64729,1.13,1.69
2013.06.26 14:34:57.858,1.64701,1.6473,1.32,2.44
2013.06.26 14:34:58.218,1.64697,1.64731,1.69,1.69
2013.06.26 14:34:59.428,1.64695,1.64731,3.19,1.32
2013.06.26 14:35:02.997,1.64696,1.64729,1.32,1.32
2013.06.26 14:35:03.058,1.64696,1.64726,1.32,1.32
2013.06.26 14:35:03.238,1.64695,1.64726,2.07,1.69
2013.06.26 14:35:03.429,1.64695,1.64727,2.07,1.69
2013.06.26 14:35:03.727,1.64697,1.64726,1.69,1.69
2013.06.26 14:35:04.057,1.64695,1.64726,4.32,1.69
2013.06.26 14:35:04.418,1.64697,1.64728,1.69,1.69
2013.06.26 14:35:04.827,1.64697,1.6473,1.69,1.69
2013.06.26 14:35:06.019,1.64695,1.64729,2.07,1.69
2013.06.26 14:35:06.688,1.64697,1.64726,1.69,1.69
2013.06.26 14:35:07.047,1.64696,1.64723,1.69,1.69
2013.06.26 14:35:07.357,1.64692,1.64717,2.82,1.69
2013.06.26 14:35:07.661,1.64692,1.64713,1.50,1.69
2013.06.26 14:35:08.438,1.64685,1.64711,3.07,1.69
2013.06.26 14:35:09.317,1.64692,1.64713,1.13,2.82
2013.06.26 14:35:09.378,1.64683,1.64709,1.51,1.69
2013.06.26 14:35:09.498,1.64681,1.64709,1.32,1.69
2013.06.26 14:35:09.557,1.64676,1.64709,1.69,1.69
2013.06.26 14:35:09.677,1.64673,1.64703,1.69,1.69
2013.06.26 14:35:09.917,1.64672,1.64707,1.69,1.69
2013.06.26 14:35:11.717,1.64672,1.64703,1.69,1.69
2013.06.26 14:35:11.777,1.64672,1.64703,1.69,1.69
2013.06.26 14:35:12.137,1.64672,1.64703,1.69,3.19
2013.06.26 14:35:12.497,1.64671,1.64704,1.69,2.44
2013.06.26 14:35:13.248,1.64671,1.64703,1.69,1.69
2013.06.26 14:35:13.897,1.64678,1.64701,1.13,1.32
2013.06.26 14:35:13.957,1.64681,1.64702,1.50,1.32
2013.06.26 14:35:14.437,1.64691,1.64711,1.13,1.69
2013.06.26 14:35:14.557,1.64681,1.64703,1.50,1.32
2013.06.26 14:35:14.618,1.64681,1.64703,1.50,1.32
2013.06.26 14:35:14.677,1.64681,1.64703,1.50,1.32
2013.06.26 14:35:15.432,1.64682,1.64704,1.13,1.69
2013.06.26 14:35:16.687,1.64682,1.64704,1.13,3.19
2013.06.26 14:35:17.197,1.64683,1.647,1.13,1.69
2013.06.26 14:35:17.319,1.64672,1.64695,1.13,1.69
2013.06.26 14:35:17.378,1.64672,1.64695,1.13,2.44
2013.06.26 14:35:17.441,1.64672,1.64693,1.13,3.57
2013.06.26 14:35:17.748,1.64669,1.64693,1.50,2.82
2013.06.26 14:35:19.149,1.64666,1.64693,3.00,1.69
2013.06.26 14:35:19.268,1.64664,1.64693,2.44,3.19
2013.06.26 14:35:19.387,1.64664,1.64693,2.44,3.19
2013.06.26 14:35:19.923,1.64664,1.64693,2.44,2.82
2013.06.26 14:35:20.167,1.64664,1.64684,1.13,1.69
2013.06.26 14:35:20.227,1.64664,1.64684,1.13,2.44
2013.06.26 14:35:20.528,1.64664,1.64683,1.13,3.19
2013.06.26 14:35:21.538,1.64664,1.64681,1.13,1.69
2013.06.26 14:35:21.897,1.64664,1.64684,1.88,1.32
2013.06.26 14:35:21.957,1.64664,1.64685,1.88,2.07
2013.06.26 14:35:22.497,1.64664,1.64688,1.13,2.07
2013.06.26 14:35:22.617,1.64662,1.64688,1.13,2.07
2013.06.26 14:35:24.048,1.64662,1.64687,1.13,1.32
2013.06.26 14:35:24.441,1.64658,1.64682,1.46,1.69
2013.06.26 14:35:25.340,1.64656,1.64682,1.50,2.44
2013.06.26 14:35:25.399,1.6466,1.64682,1.13,2.44
2013.06.26 14:35:25.758,1.64652,1.64674,1.50,1.69
2013.06.26 14:35:25.938,1.64652,1.64677,1.50,1.69
2013.06.26 14:35:25.998,1.64652,1.64677,1.69,1.69
2013.06.26 14:35:26.180,1.64667,1.64688,1.50,2.07
2013.06.26 14:35:26.239,1.64671,1.64683,1.13,1.69
2013.06.26 14:35:26.359,1.64671,1.64683,1.13,1.50
2013.06.26 14:35:26.420,1.64673,1.64687,1.28,2.25
2013.06.26 14:35:26.480,1.64683,1.64691,1.13,2.25
2013.06.26 14:35:26.659,1.64683,1.64692,1.13,1.50
2013.06.26 14:35:27.040,1.64686,1.64693,1.13,1.50
2013.06.26 14:35:27.099,1.64686,1.64694,1.13,1.50
2013.06.26 14:35:27.278,1.64687,1.64704,1.13,1.50
2013.06.26 14:35:27.468,1.64687,1.64707,1.13,1.69
2013.06.26 14:35:28.115,1.64684,1.64713,1.32,1.69
2013.06.26 14:35:28.234,1.64684,1.64714,1.32,2.44
2013.06.26 14:35:28.788,1.64678,1.64713,1.69,2.44
2013.06.26 14:35:28.847,1.64681,1.64713,1.69,2.44
2013.06.26 14:35:29.089,1.64681,1.64709,1.13,2.44
2013.06.26 14:35:29.589,1.64684,1.64707,1.13,1.69
2013.06.26 14:35:29.828,1.64677,1.64703,1.69,1.69
2013.06.26 14:35:29.888,1.64677,1.64703,1.32,2.44
2013.06.26 14:35:30.008,1.64674,1.64703,1.32,2.44
2013.06.26 14:35:31.538,1.64674,1.64705,1.69,1.69
2013.06.26 14:35:31.838,1.64672,1.64703,2.44,1.69
2013.06.26 14:35:32.247,1.64673,1.64703,2.44,1.69
2013.06.26 14:35:34.063,1.64674,1.64705,1.69,1.69
2013.06.26 14:35:35.637,1.64673,1.64703,1.69,2.44
2013.06.26 14:35:35.948,1.64673,1.64698,1.50,1.69
2013.06.26 14:35:36.319,1.64672,1.64695,1.13,2.07
2013.06.26 14:35:37.187,1.64672,1.64695,1.32,1.69
2013.06.26 14:35:37.617,1.64672,1.64694,1.32,1.32
2013.06.26 14:35:37.678,1.64671,1.64694,1.32,1.32
2013.06.26 14:35:37.737,1.64671,1.64695,2.07,3.57
2013.06.26 14:35:37.918,1.64671,1.64691,2.07,1.50
2013.06.26 14:35:38.277,1.64672,1.64693,1.13,1.32
2013.06.26 14:35:38.397,1.64672,1.64693,1.13,1.32
2013.06.26 14:35:38.877,1.64673,1.64696,1.13,1.50
2013.06.26 14:35:39.117,1.64673,1.64701,1.32,3.00
2013.06.26 14:35:39.298,1.6467,1.64701,1.32,1.69
2013.06.26 14:35:39.478,1.64666,1.64695,1.69,1.32
2013.06.26 14:35:40.317,1.64665,1.64694,1.50,2.82
2013.06.26 14:35:40.497,1.64652,1.64685,1.32,1.69
2013.06.26 14:35:41.037,1.64655,1.64685,1.32,3.19
2013.06.26 14:35:41.220,1.64651,1.64681,1.32,2.44
2013.06.26 14:35:41.579,1.64647,1.64676,2.07,1.69
2013.06.26 14:35:41.700,1.64651,1.6468,1.32,1.69
2013.06.26 14:35:41.818,1.64655,1.64683,1.32,2.25
2013.06.26 14:35:42.178,1.6466,1.64691,1.32,2.07
2013.06.26 14:35:42.238,1.64671,1.64694,1.13,2.22
2013.06.26 14:35:42.657,1.64671,1.64691,1.13,1.69
2013.06.26 14:35:43.227,1.64671,1.64689,1.13,1.47
2013.06.26 14:35:43.509,1.64671,1.64687,1.13,1.09
2013.06.26 14:35:43.628,1.64671,1.64689,1.13,2.40
2013.06.26 14:35:43.750,1.64671,1.64694,1.13,2.44
2013.06.26 14:35:43.928,1.64673,1.64696,1.13,1.09
2013.06.26 14:35:44.227,1.64667,1.64694,1.32,1.69
2013.06.26 14:35:44.367,1.64671,1.64691,1.13,1.32
2013.06.26 14:35:45.287,1.64671,1.64691,1.13,1.32
2013.06.26 14:35:45.527,1.64662,1.64686,1.32,1.69
2013.06.26 14:35:45.588,1.64661,1.64686,1.32,1.69
2013.06.26 14:35:45.767,1.64655,1.64685,1.69,3.57
2013.06.26 14:35:46.258,1.64651,1.6468,1.69,1.69
2013.06.26 14:35:46.678,1.64647,1.6468,2.07,1.69
2013.06.26 14:35:46.860,1.64649,1.64681,2.44,1.84
2013.06.26 14:35:47.099,1.64657,1.64681,1.13,1.09
2013.06.26 14:35:48.448,1.64657,1.64683,1.13,1.09
2013.06.26 14:35:48.666,1.64661,1.64684,1.13,1.09
2013.06.26 14:35:48.727,1.64661,1.64684,1.13,1.09
2013.06.26 14:35:49.298,1.64661,1.64684,1.13,1.09
2013.06.26 14:35:49.698,1.64661,1.64684,1.13,1.09
2013.06.26 14:35:49.827,1.64661,1.64684,1.13,1.09
2013.06.26 14:35:50.318,1.64656,1.64684,1.69,1.84
2013.06.26 14:35:51.168,1.64653,1.64686,1.69,1.09
2013.06.26 14:35:51.348,1.64661,1.64686,1.32,1.09
2013.06.26 14:35:51.893,1.64661,1.64687,1.32,2.22
2013.06.26 14:35:52.517,1.64661,1.64684,1.32,1.09
2013.06.26 14:35:52.637,1.64661,1.64684,1.32,1.09
2013.06.26 14:35:53.179,1.64661,1.64684,1.32,1.09
2013.06.26 14:35:53.744,1.64661,1.64684,1.32,1.09
2013.06.26 14:35:54.261,1.64661,1.64684,1.32,1.09
2013.06.26 14:35:54.796,1.64661,1.64685,1.32,1.09
2013.06.26 14:35:54.867,1.64666,1.64693,1.13,1.69
2013.06.26 14:35:55.169,1.64672,1.64701,1.32,1.09
2013.06.26 14:35:56.397,1.64671,1.64701,1.69,2.59
2013.06.26 14:35:57.087,1.64666,1.64696,1.32,2.44
2013.06.26 14:35:57.447,1.64661,1.64692,1.69,1.69
2013.06.26 14:35:58.243,1.6466,1.64689,1.32,1.69
2013.06.26 14:35:58.379,1.64658,1.64689,1.32,2.44
2013.06.26 14:35:58.498,1.64656,1.64688,1.69,1.32
2013.06.26 14:35:58.559,1.64652,1.64684,2.07,1.69
2013.06.26 14:35:59.980,1.64651,1.64684,2.07,1.69
2013.06.26 14:36:00.159,1.64649,1.6468,1.32,1.69
2013.06.26 14:36:00.277,1.64644,1.64678,1.32,1.69
2013.06.26 14:36:00.677,1.64641,1.64676,3.94,1.69
2013.06.26 14:36:01.230,1.64641,1.64676,3.94,1.69
2013.06.26 14:36:01.288,1.64648,1.64678,1.32,2.44
2013.06.26 14:36:01.349,1.64644,1.64678,1.32,2.44
2013.06.26 14:36:01.898,1.64647,1.64678,2.07,1.69
2013.06.26 14:36:02.598,1.64644,1.64678,1.32,1.69
2013.06.26 14:36:02.679,1.64644,1.64679,1.32,1.69
2013.06.26 14:36:03.291,1.64648,1.6468,1.32,1.69
2013.06.26 14:36:03.478,1.64643,1.6468,1.32,3.19
2013.06.26 14:36:03.669,1.64643,1.6468,1.32,3.19
2013.06.26 14:36:03.938,1.64643,1.64676,1.32,1.69
2013.06.26 14:36:04.118,1.64648,1.64677,2.44,1.69
2013.06.26 14:36:04.240,1.64654,1.64681,1.69,1.50
2013.06.26 14:36:04.298,1.64656,1.64681,1.69,1.50
2013.06.26 14:36:04.479,1.64656,1.64679,1.69,1.50
2013.06.26 14:36:04.539,1.64656,1.64681,1.69,1.50
2013.06.26 14:36:04.598,1.64656,1.64682,1.69,1.50
2013.06.26 14:36:04.778,1.64656,1.64687,2.44,2.07
2013.06.26 14:36:05.328,1.64657,1.64687,1.69,1.69
2013.06.26 14:36:05.508,1.64656,1.64686,1.69,3.19
2013.06.26 14:36:05.809,1.64655,1.64684,1.69,1.69
2013.06.26 14:36:06.308,1.64655,1.64684,1.69,2.44
2013.06.26 14:36:06.607,1.64655,1.64684,1.69,1.69
2013.06.26 14:36:06.728,1.64655,1.64684,2.44,1.69
2013.06.26 14:36:07.647,1.64656,1.64684,1.69,1.47
2013.06.26 14:36:07.828,1.64653,1.64682,1.69,1.32
2013.06.26 14:36:07.888,1.64649,1.6468,1.32,1.69
2013.06.26 14:36:07.948,1.64644,1.64679,2.44,1.69
2013.06.26 14:36:08.248,1.64652,1.64676,1.32,1.50
2013.06.26 14:36:08.367,1.64652,1.64682,1.32,1.69
2013.06.26 14:36:08.548,1.64652,1.64684,1.32,1.69
2013.06.26 14:36:08.607,1.64652,1.64683,1.32,1.69
2013.06.26 14:36:09.120,1.64651,1.64682,1.32,1.69
2013.06.26 14:36:09.667,1.64651,1.64679,1.32,1.32
2013.06.26 14:36:10.067,1.64653,1.64682,1.32,1.32
2013.06.26 14:36:10.800,1.64652,1.64682,1.32,1.32
2013.06.26 14:36:10.928,1.64649,1.64678,2.07,1.32
2013.06.26 14:36:10.988,1.64649,1.64678,2.07,1.32
2013.06.26 14:36:11.048,1.64649,1.6468,1.69,2.44
2013.06.26 14:36:11.227,1.64652,1.64681,1.13,2.44
2013.06.26 14:36:11.287,1.64652,1.64681,1.32,1.69
2013.06.26 14:36:11.527,1.64652,1.64679,1.32,1.32
2013.06.26 14:36:11.877,1.64652,1.64679,1.32,1.32
2013.06.26 14:36:12.378,1.64652,1.64679,1.32,1.32
2013.06.26 14:36:12.438,1.64652,1.64679,1.32,1.32
2013.06.26 14:36:14.217,1.64648,1.64679,2.82,1.32
2013.06.26 14:36:14.337,1.64653,1.64683,1.32,1.32
2013.06.26 14:36:15.790,1.64652,1.64684,1.32,1.32
2013.06.26 14:36:15.908,1.64653,1.64682,1.32,1.69
2013.06.26 14:36:16.389,1.64657,1.64688,1.69,2.44
2013.06.26 14:36:16.450,1.64662,1.64688,1.32,2.25
2013.06.26 14:36:16.510,1.64662,1.64688,1.13,2.44
2013.06.26 14:36:16.819,1.64655,1.6469,2.44,1.32
2013.06.26 14:36:17.127,1.64655,1.64689,3.94,1.32
2013.06.26 14:36:17.247,1.64656,1.64689,3.94,1.32
2013.06.26 14:36:17.608,1.64664,1.64689,1.50,1.32
2013.06.26 14:36:17.728,1.64666,1.64693,2.44,2.44
2013.06.26 14:36:18.617,1.6466,1.64693,3.94,1.69
2013.06.26 14:36:18.678,1.6466,1.64687,2.44,1.84
2013.06.26 14:36:18.737,1.6466,1.64687,1.50,1.84
2013.06.26 14:36:19.038,1.64653,1.64684,1.69,1.69
2013.06.26 14:36:20.587,1.64653,1.64688,2.44,2.82
2013.06.26 14:36:21.498,1.64656,1.64688,1.69,1.84
2013.06.26 14:36:22.138,1.64661,1.64689,1.32,1.69
2013.06.26 14:36:22.647,1.64657,1.64684,1.69,1.13
2013.06.26 14:36:23.158,1.64656,1.64684,1.69,1.13
2013.06.26 14:36:23.539,1.64656,1.64688,1.69,2.82
2013.06.26 14:36:23.598,1.64656,1.64686,1.69,1.32
2013.06.26 14:36:23.983,1.64655,1.64686,1.69,1.32
2013.06.26 14:36:24.047,1.64653,1.64685,1.32,1.69
2013.06.26 14:36:24.288,1.64655,1.64686,1.69,1.32
2013.06.26 14:36:24.918,1.64652,1.64684,1.32,1.32
2013.06.26 14:36:25.159,1.64652,1.64685,2.07,2.22
2013.06.26 14:36:25.217,1.64653,1.6468,1.32,1.50
2013.06.26 14:36:25.337,1.64653,1.6468,1.32,1.69
2013.06.26 14:36:25.398,1.64649,1.6468,2.07,2.44
2013.06.26 14:36:25.637,1.64649,1.64681,1.69,1.84
2013.06.26 14:36:26.058,1.64648,1.64681,1.69,1.84
2013.06.26 14:36:26.117,1.64648,1.6468,1.69,1.69
2013.06.26 14:36:26.417,1.6464,1.64673,2.44,1.69
2013.06.26 14:36:26.537,1.64639,1.64673,1.69,1.69
2013.06.26 14:36:26.769,1.64638,1.64673,3.19,1.69
2013.06.26 14:36:27.068,1.64646,1.64674,1.50,1.69
2013.06.26 14:36:27.370,1.64662,1.64691,1.32,2.44
2013.06.26 14:36:27.428,1.64663,1.64694,1.32,1.69
2013.06.26 14:36:27.488,1.64663,1.64694,1.32,1.69
2013.06.26 14:36:27.563,1.64663,1.64696,1.32,2.59
2013.06.26 14:36:27.928,1.64662,1.64697,2.82,1.69
2013.06.26 14:36:28.457,1.64662,1.64695,1.32,2.59
2013.06.26 14:36:29.737,1.64665,1.64698,1.69,2.07
2013.06.26 14:36:29.798,1.64671,1.647,1.13,2.82
2013.06.26 14:36:29.986,1.64663,1.64697,3.94,1.32
2013.06.26 14:36:30.117,1.64663,1.64697,3.19,2.07
2013.06.26 14:36:30.479,1.6466,1.64692,2.07,3.19
2013.06.26 14:36:30.959,1.6466,1.64689,2.07,1.69
2013.06.26 14:36:31.779,1.64659,1.64691,2.44,1.69
2013.06.26 14:36:32.329,1.64658,1.64688,2.25,1.69
2013.06.26 14:36:33.449,1.64659,1.64689,1.50,1.69
2013.06.26 14:36:33.508,1.64658,1.64689,1.50,2.44
2013.06.26 14:36:33.747,1.64655,1.64686,2.44,2.44
2013.06.26 14:36:33.988,1.6465,1.64683,1.32,1.69
2013.06.26 14:36:35.260,1.64654,1.64683,1.50,1.69
2013.06.26 14:36:35.761,1.64649,1.64682,1.32,1.69
2013.06.26 14:36:36.039,1.6465,1.64682,1.32,1.69
2013.06.26 14:36:36.518,1.6465,1.64681,1.32,2.44
2013.06.26 14:36:37.069,1.64649,1.64681,1.32,3.19
2013.06.26 14:36:37.607,1.64649,1.64678,1.32,1.69
2013.06.26 14:36:38.180,1.64646,1.64679,1.32,2.44
2013.06.26 14:36:39.178,1.64645,1.64678,2.44,1.69
2013.06.26 14:36:39.297,1.64645,1.64675,1.69,1.69
2013.06.26 14:36:40.073,1.64645,1.64673,1.69,1.69
2013.06.26 14:36:40.729,1.64646,1.64671,1.50,1.69
2013.06.26 14:36:40.908,1.64648,1.64671,1.50,1.69
2013.06.26 14:36:41.337,1.64644,1.64673,1.69,1.69
2013.06.26 14:36:41.397,1.64644,1.64674,1.69,1.69
2013.06.26 14:36:43.239,1.64641,1.64673,1.69,1.69
2013.06.26 14:36:45.059,1.6464,1.64672,1.32,2.59
2013.06.26 14:36:45.181,1.64631,1.64666,2.07,2.44
2013.06.26 14:36:45.308,1.64631,1.64666,1.32,2.44
2013.06.26 14:36:46.188,1.64629,1.64664,1.32,1.69
2013.06.26 14:36:46.489,1.64628,1.6466,1.32,2.44
2013.06.26 14:36:46.857,1.64626,1.6466,3.19,3.19
2013.06.26 14:36:47.161,1.64626,1.64656,1.32,1.69
2013.06.26 14:36:47.468,1.64626,1.64657,2.82,1.32
2013.06.26 14:36:47.709,1.64626,1.64659,1.69,1.84
2013.06.26 14:36:48.112,1.64624,1.64652,1.69,1.69
2013.06.26 14:36:48.298,1.64619,1.64649,1.32,1.69
2013.06.26 14:36:48.418,1.64616,1.64639,1.32,1.13
2013.06.26 14:36:48.718,1.64617,1.64648,2.25,1.69
2013.06.26 14:36:48.838,1.64617,1.64648,2.25,1.69
2013.06.26 14:36:48.899,1.64617,1.6465,2.44,1.69
2013.06.26 14:36:49.191,1.64622,1.64655,2.44,2.44
2013.06.26 14:36:51.158,1.64625,1.64657,1.69,1.84
2013.06.26 14:36:51.218,1.64625,1.64657,1.69,1.84
2013.06.26 14:36:51.658,1.64625,1.64657,1.69,1.84
2013.06.26 14:36:51.837,1.64621,1.64656,3.19,1.84
2013.06.26 14:36:54.440,1.64619,1.64653,2.07,1.69
2013.06.26 14:36:55.761,1.64621,1.64649,1.69,1.69
2013.06.26 14:36:56.119,1.64618,1.64649,2.44,1.69
2013.06.26 14:36:56.298,1.6462,1.64653,1.69,1.69
2013.06.26 14:36:56.599,1.6462,1.64655,1.69,1.69
2013.06.26 14:36:58.744,1.64623,1.64655,1.32,1.69
2013.06.26 14:36:59.808,1.64622,1.64655,1.69,1.69
2013.06.26 14:37:00.338,1.64622,1.64655,1.69,1.69
2013.06.26 14:37:00.517,1.64622,1.64654,1.69,1.32
2013.06.26 14:37:00.637,1.64622,1.64653,1.69,2.07
2013.06.26 14:37:00.758,1.64618,1.64649,1.32,1.32
2013.06.26 14:37:01.277,1.64617,1.64649,1.69,1.32
2013.06.26 14:37:01.467,1.64616,1.64649,1.32,1.13
2013.06.26 14:37:01.888,1.64616,1.64648,1.32,1.13
2013.06.26 14:37:02.890,1.64618,1.64643,1.69,1.09
2013.06.26 14:37:03.128,1.64618,1.64649,3.19,1.13
2013.06.26 14:37:03.189,1.64618,1.64649,1.69,1.32
2013.06.26 14:37:03.308,1.64618,1.64645,1.50,1.84
2013.06.26 14:37:03.685,1.64616,1.64645,2.25,1.84
2013.06.26 14:37:03.993,1.64608,1.64641,1.32,2.44
2013.06.26 14:37:05.461,1.64607,1.64642,1.69,1.69
2013.06.26 14:37:05.588,1.64607,1.64642,1.69,1.69
2013.06.26 14:37:05.768,1.64608,1.64642,1.69,2.44
2013.06.26 14:37:06.629,1.64608,1.64641,1.69,3.19
2013.06.26 14:37:07.350,1.64606,1.64639,2.44,2.82
2013.06.26 14:37:07.422,1.64606,1.64637,2.44,2.44
2013.06.26 14:37:07.491,1.64606,1.64638,2.44,1.69
2013.06.26 14:37:08.189,1.6461,1.64643,1.69,1.69
2013.06.26 14:37:08.249,1.64609,1.64643,1.69,2.44
2013.06.26 14:37:08.608,1.64608,1.6464,1.32,1.69
2013.06.26 14:37:08.668,1.64608,1.6464,1.32,1.69
2013.06.26 14:37:09.508,1.64606,1.64636,1.69,1.69
2013.06.26 14:37:10.009,1.64606,1.64634,1.50,1.69
2013.06.26 14:37:12.668,1.64606,1.64635,1.50,1.69
2013.06.26 14:37:12.728,1.64606,1.64634,1.50,1.69
2013.06.26 14:37:13.028,1.64606,1.64634,1.69,1.69
2013.06.26 14:37:13.238,1.64597,1.64628,2.07,1.32
2013.06.26 14:37:13.563,1.64597,1.64627,1.69,1.32
2013.06.26 14:37:13.867,1.64595,1.64619,2.41,2.44
2013.06.26 14:37:14.108,1.64593,1.64623,1.50,1.69
2013.06.26 14:37:14.648,1.64596,1.64624,1.50,2.44
2013.06.26 14:37:14.711,1.64596,1.64624,1.69,1.69
2013.06.26 14:37:15.248,1.64596,1.64628,3.19,1.69
2013.06.26 14:37:16.031,1.64596,1.64628,1.69,2.44
2013.06.26 14:37:16.088,1.64596,1.64628,1.69,2.44
2013.06.26 14:37:16.150,1.64596,1.64628,1.69,3.19
2013.06.26 14:37:16.569,1.64594,1.64623,2.25,1.69
2013.06.26 14:37:16.924,1.64593,1.64621,2.25,1.69
2013.06.26 14:37:17.300,1.64588,1.64615,1.50,1.69
2013.06.26 14:37:17.781,1.64582,1.64615,1.69,1.69
2013.06.26 14:37:17.900,1.64584,1.64615,1.69,1.69
2013.06.26 14:37:19.048,1.64581,1.64615,1.69,1.69
2013.06.26 14:37:19.298,1.64581,1.64613,2.44,1.69
2013.06.26 14:37:19.359,1.64581,1.64612,2.44,1.69
2013.06.26 14:37:19.718,1.64575,1.64607,1.69,1.69
2013.06.26 14:37:19.778,1.64574,1.64607,2.44,1.69
2013.06.26 14:37:20.421,1.64579,1.64612,1.69,1.32
2013.06.26 14:37:20.758,1.64579,1.64611,1.69,2.07
2013.06.26 14:37:21.199,1.64576,1.64604,1.69,1.09
2013.06.26 14:37:21.258,1.64575,1.64604,1.69,1.09
2013.06.26 14:37:21.433,1.64574,1.64604,1.69,1.09
2013.06.26 14:37:21.653,1.64575,1.64607,2.44,2.44
2013.06.26 14:37:22.197,1.64574,1.64605,1.69,1.69
2013.06.26 14:37:22.728,1.64575,1.64608,2.44,2.07
2013.06.26 14:37:23.238,1.64575,1.64608,2.44,1.32
2013.06.26 14:37:23.570,1.64575,1.64608,2.44,1.32
2013.06.26 14:37:24.072,1.64575,1.64608,2.44,1.32
2013.06.26 14:37:24.239,1.64575,1.64608,2.44,1.32
2013.06.26 14:37:25.172,1.64572,1.64607,2.44,1.69
2013.06.26 14:37:25.299,1.64572,1.64609,3.19,1.69
2013.06.26 14:37:26.699,1.64572,1.64609,3.94,1.69
2013.06.26 14:37:30.058,1.64576,1.64604,2.44,1.50
2013.06.26 14:37:30.237,1.64577,1.64608,1.69,1.69
2013.06.26 14:37:31.038,1.64582,1.64611,2.07,1.69
2013.06.26 14:37:31.619,1.64589,1.64614,1.50,3.34
2013.06.26 14:37:32.158,1.64601,1.64612,1.50,1.65
2013.06.26 14:37:32.578,1.64598,1.64614,1.50,2.40
2013.06.26 14:37:32.758,1.646,1.64614,3.38,1.65
2013.06.26 14:37:33.277,1.64597,1.64614,2.44,1.65
2013.06.26 14:37:33.877,1.64598,1.64614,1.69,2.40
2013.06.26 14:37:33.999,1.64594,1.64614,2.44,1.65
2013.06.26 14:37:34.059,1.64594,1.64614,1.69,2.40
2013.06.26 14:37:34.239,1.64597,1.64614,2.44,1.65
2013.06.26 14:37:34.598,1.646,1.64614,2.44,1.65
2013.06.26 14:37:34.658,1.646,1.64614,2.44,1.65
2013.06.26 14:37:35.638,1.64592,1.64614,2.44,2.40
2013.06.26 14:37:36.418,1.64592,1.64621,1.69,1.80
2013.06.26 14:37:36.539,1.64592,1.64623,1.69,1.69
2013.06.26 14:37:36.658,1.64592,1.64623,2.44,1.69
2013.06.26 14:37:37.059,1.64597,1.64624,1.69,1.69
2013.06.26 14:37:37.960,1.64592,1.64626,2.44,1.69
2013.06.26 14:37:38.449,1.64593,1.64623,1.69,2.44
2013.06.26 14:37:38.628,1.64592,1.64623,2.44,2.44
2013.06.26 14:37:39.357,1.64594,1.64618,1.69,1.69
2013.06.26 14:37:39.480,1.64594,1.64619,1.69,2.44
2013.06.26 14:37:40.122,1.64591,1.64616,1.69,1.69
2013.06.26 14:37:41.918,1.64591,1.64616,1.69,1.69
2013.06.26 14:37:42.339,1.64591,1.64612,1.69,1.69
2013.06.26 14:37:42.648,1.64591,1.64612,1.50,1.69
2013.06.26 14:37:42.769,1.64584,1.64607,1.69,1.50
2013.06.26 14:37:42.888,1.64591,1.64604,1.50,1.69
2013.06.26 14:37:43.228,1.64587,1.64603,1.50,1.69
2013.06.26 14:37:43.587,1.64585,1.646,1.95,1.69
2013.06.26 14:37:43.923,1.64583,1.64594,1.20,1.69
2013.06.26 14:37:44.801,1.64566,1.64598,1.69,1.69
2013.06.26 14:37:44.927,1.64566,1.64598,1.69,1.69
2013.06.26 14:37:45.169,1.64564,1.64596,1.69,1.69
2013.06.26 14:37:45.608,1.64559,1.64592,1.32,1.69
2013.06.26 14:37:47.617,1.64559,1.64592,1.69,1.69
2013.06.26 14:37:48.647,1.6456,1.64595,1.69,1.69
2013.06.26 14:37:50.328,1.6456,1.64592,1.69,1.69
2013.06.26 14:37:50.847,1.64558,1.64589,1.69,1.69
2013.06.26 14:37:51.149,1.64557,1.64585,1.69,1.69
2013.06.26 14:37:51.688,1.64553,1.64585,3.19,1.69
2013.06.26 14:37:53.339,1.64552,1.64583,2.44,1.69
2013.06.26 14:37:54.428,1.64548,1.64582,1.69,1.69
2013.06.26 14:37:54.548,1.64547,1.64578,1.69,1.69
2013.06.26 14:37:55.151,1.64543,1.64575,1.69,1.69
2013.06.26 14:37:55.458,1.64542,1.64571,1.69,1.69
2013.06.26 14:37:56.657,1.64534,1.64567,1.69,1.69
2013.06.26 14:37:56.838,1.64527,1.64562,5.07,2.44
2013.06.26 14:37:56.898,1.6453,1.64563,2.44,1.69
2013.06.26 14:37:57.077,1.64531,1.64565,1.69,1.69
2013.06.26 14:37:57.138,1.64531,1.64565,1.69,2.44
2013.06.26 14:37:57.647,1.64534,1.64565,2.44,1.69
2013.06.26 14:37:58.179,1.64535,1.64568,2.44,1.88
2013.06.26 14:37:58.830,1.64537,1.64568,2.44,1.88
2013.06.26 14:37:58.948,1.64537,1.64568,2.44,2.63
2013.06.26 14:37:59.398,1.64534,1.64565,1.69,2.44
2013.06.26 14:37:59.458,1.64534,1.64565,1.69,1.69
2013.06.26 14:37:59.857,1.64536,1.64565,1.69,1.50
2013.06.26 14:38:00.170,1.6454,1.64571,3.19,1.69
2013.06.26 14:38:00.409,1.6454,1.64571,1.69,1.69
2013.06.26 14:38:01.458,1.64536,1.64571,2.82,1.69
2013.06.26 14:38:01.849,1.64537,1.64567,1.32,2.44
2013.06.26 14:38:02.198,1.64536,1.64567,2.07,1.69
2013.06.26 14:38:03.289,1.64538,1.64571,1.69,1.69
2013.06.26 14:38:03.950,1.64534,1.64568,2.44,1.69
2013.06.26 14:38:04.069,1.64534,1.64565,1.69,2.07
2013.06.26 14:38:04.189,1.64537,1.64565,1.32,2.07
2013.06.26 14:38:04.250,1.64537,1.64565,1.32,2.07
2013.06.26 14:38:04.500,1.64536,1.6457,2.07,2.44
2013.06.26 14:38:04.868,1.64536,1.64565,2.07,1.69
2013.06.26 14:38:04.988,1.64531,1.64565,1.69,2.44
2013.06.26 14:38:05.048,1.64531,1.64565,1.69,1.69
2013.06.26 14:38:05.169,1.64531,1.64564,1.69,1.69
2013.06.26 14:38:05.419,1.64531,1.64563,2.44,2.59
2013.06.26 14:38:05.478,1.64534,1.64563,1.69,2.40
2013.06.26 14:38:05.597,1.64534,1.64563,1.69,2.25
2013.06.26 14:38:05.902,1.64534,1.64565,1.69,1.69
2013.06.26 14:38:06.088,1.64534,1.64564,1.69,2.44
2013.06.26 14:38:06.208,1.64532,1.64564,1.32,2.44
2013.06.26 14:38:06.597,1.64542,1.6456,1.50,1.09
2013.06.26 14:38:06.898,1.64542,1.64566,2.25,1.50
2013.06.26 14:38:07.081,1.64551,1.64567,3.75,1.50
2013.06.26 14:38:07.148,1.64556,1.64577,2.25,1.84
2013.06.26 14:38:07.691,1.64556,1.64578,1.32,1.65
2013.06.26 14:38:08.938,1.64565,1.64585,1.09,1.65
2013.06.26 14:38:09.120,1.6457,1.64587,1.88,2.03
2013.06.26 14:38:09.647,1.64561,1.64587,1.69,2.03
2013.06.26 14:38:10.068,1.64552,1.64585,2.07,1.69
2013.06.26 14:38:10.128,1.64548,1.64582,1.69,1.32
2013.06.26 14:38:10.488,1.64538,1.64571,1.32,1.50
2013.06.26 14:38:10.549,1.64536,1.64569,2.07,2.25
2013.06.26 14:38:10.608,1.64536,1.64569,1.69,1.50
2013.06.26 14:38:10.668,1.64534,1.64569,1.69,1.69
2013.06.26 14:38:10.790,1.64542,1.6457,1.50,1.69
2013.06.26 14:38:10.968,1.64537,1.64569,2.44,1.69
2013.06.26 14:38:11.148,1.64534,1.64564,2.25,1.69
2013.06.26 14:38:11.507,1.64534,1.6456,1.50,1.32
2013.06.26 14:38:11.569,1.64532,1.64559,1.50,1.32
2013.06.26 14:38:11.689,1.64524,1.64556,1.92,1.69
2013.06.26 14:38:11.998,1.64524,1.64548,1.73,1.50
2013.06.26 14:38:12.058,1.64526,1.64548,1.69,1.50
2013.06.26 14:38:12.118,1.64538,1.64548,1.13,1.50
2013.06.26 14:38:12.238,1.64539,1.64558,1.13,2.07
2013.06.26 14:38:12.298,1.64539,1.64559,1.32,1.50
2013.06.26 14:38:12.478,1.64529,1.64559,1.69,2.25
2013.06.26 14:38:12.598,1.64528,1.64558,1.32,1.69
2013.06.26 14:38:13.057,1.64532,1.64553,1.50,1.69
2013.06.26 14:38:13.310,1.64532,1.64558,1.50,1.69
2013.06.26 14:38:13.810,1.64523,1.64555,3.19,1.69
2013.06.26 14:38:14.708,1.6453,1.6456,1.69,3.57
2013.06.26 14:38:15.490,1.6453,1.64559,2.44,1.69
2013.06.26 14:38:15.608,1.64531,1.64558,2.25,1.69
2013.06.26 14:38:15.728,1.64531,1.64558,2.44,1.69
2013.06.26 14:38:15.848,1.64538,1.6456,3.19,1.88
2013.06.26 14:38:15.908,1.64537,1.6456,1.69,1.13
2013.06.26 14:38:16.270,1.64551,1.6456,2.25,1.13
2013.06.26 14:38:16.568,1.64544,1.6456,2.44,1.13
2013.06.26 14:38:17.108,1.64539,1.6456,2.44,1.13
2013.06.26 14:38:17.428,1.64546,1.6456,1.13,1.13
2013.06.26 14:38:17.808,1.64549,1.6456,1.32,1.13
2013.06.26 14:38:19.237,1.64553,1.6457,2.25,2.72
2013.06.26 14:38:21.228,1.64553,1.6457,1.32,2.72
2013.06.26 14:38:21.428,1.64552,1.64565,1.32,1.50
2013.06.26 14:38:21.488,1.64552,1.64565,1.13,1.50
2013.06.26 14:38:21.668,1.64545,1.64579,3.19,4.97
2013.06.26 14:38:21.878,1.64549,1.64576,1.69,1.69
2013.06.26 14:38:23.931,1.64549,1.64578,1.69,1.69
2013.06.26 14:38:26.599,1.64541,1.64574,1.69,1.69
2013.06.26 14:38:26.660,1.64541,1.64571,1.69,1.69
2013.06.26 14:38:26.838,1.64537,1.64571,1.84,1.69
2013.06.26 14:38:27.628,1.64536,1.64569,2.97,1.69
2013.06.26 14:38:28.602,1.64536,1.64571,1.32,1.69
2013.06.26 14:38:29.558,1.64536,1.64568,1.32,1.69
2013.06.26 14:38:30.918,1.64537,1.64569,1.84,1.32
2013.06.26 14:38:31.615,1.64537,1.64568,1.84,1.69
2013.06.26 14:38:34.059,1.64535,1.64566,1.69,1.69
2013.06.26 14:38:34.267,1.64535,1.64564,1.69,1.69
2013.06.26 14:38:34.933,1.64536,1.64564,1.84,1.69
2013.06.26 14:38:36.027,1.64534,1.64564,1.84,3.19
2013.06.26 14:38:36.718,1.64534,1.64564,1.84,3.19
2013.06.26 14:38:36.858,1.64534,1.64564,1.84,2.44
2013.06.26 14:38:36.978,1.64546,1.64567,1.13,1.69
2013.06.26 14:38:37.038,1.64546,1.64567,1.13,2.25
2013.06.26 14:38:37.098,1.64546,1.64567,1.13,1.50
2013.06.26 14:38:37.159,1.64541,1.64567,1.32,2.25
2013.06.26 14:38:37.231,1.64539,1.64568,2.07,1.50
2013.06.26 14:38:37.290,1.64539,1.64566,1.88,1.69
2013.06.26 14:38:37.408,1.64534,1.64566,2.44,1.69
2013.06.26 14:38:37.767,1.64537,1.64567,1.13,1.69
2013.06.26 14:38:40.168,1.64536,1.64562,1.13,1.69
2013.06.26 14:38:40.658,1.64536,1.64562,1.13,1.69
2013.06.26 14:38:43.377,1.64536,1.64562,1.13,1.69
2013.06.26 14:38:43.621,1.64537,1.64562,1.13,1.69
2013.06.26 14:38:43.680,1.64537,1.64563,1.32,1.50
2013.06.26 14:38:43.800,1.64537,1.64564,1.32,1.50
2013.06.26 14:38:43.870,1.64543,1.64564,2.03,2.25
2013.06.26 14:38:44.175,1.64552,1.64569,1.28,2.25
2013.06.26 14:38:45.108,1.64552,1.64572,1.32,2.25
2013.06.26 14:38:46.150,1.64554,1.64571,1.13,1.69
2013.06.26 14:38:46.210,1.64552,1.64571,1.32,1.50
2013.06.26 14:38:46.390,1.64551,1.64578,1.32,3.10
2013.06.26 14:38:46.448,1.64557,1.64578,1.13,3.10
2013.06.26 14:38:46.688,1.64546,1.64569,2.44,1.50
2013.06.26 14:38:46.748,1.64546,1.64569,1.69,1.50
2013.06.26 14:38:46.869,1.6455,1.64577,2.25,1.69
2013.06.26 14:38:47.505,1.64546,1.64578,1.32,3.48
2013.06.26 14:38:47.629,1.64551,1.64578,1.50,3.48
2013.06.26 14:38:47.978,1.64551,1.64578,1.32,2.91
2013.06.26 14:38:48.719,1.64551,1.64578,1.32,2.91
2013.06.26 14:38:49.077,1.64551,1.64574,1.69,2.73
2013.06.26 14:38:49.802,1.64551,1.64582,1.69,1.69
2013.06.26 14:38:49.948,1.64556,1.64584,1.69,1.69
2013.06.26 14:38:50.482,1.64555,1.64586,1.69,2.44
2013.06.26 14:38:51.848,1.64556,1.64586,1.69,2.07
2013.06.26 14:38:51.907,1.64556,1.64586,1.69,2.07
2013.06.26 14:38:52.952,1.64559,1.64589,1.69,1.69
2013.06.26 14:38:53.308,1.6458,1.64596,1.13,1.69
2013.06.26 14:38:53.427,1.64568,1.64589,1.32,1.50
2013.06.26 14:38:53.547,1.64561,1.64587,5.07,1.50
2013.06.26 14:38:53.787,1.64555,1.64585,1.69,2.25
2013.06.26 14:38:53.848,1.64555,1.64585,1.69,1.50
2013.06.26 14:38:54.027,1.64553,1.64585,2.07,1.69
2013.06.26 14:38:54.328,1.64553,1.64584,1.69,2.44
2013.06.26 14:38:54.807,1.64553,1.64584,2.07,1.69
2013.06.26 14:38:54.933,1.64566,1.64585,1.09,1.50
2013.06.26 14:38:55.178,1.64562,1.64585,1.32,2.25
2013.06.26 14:38:55.298,1.64556,1.64585,1.69,2.25
2013.06.26 14:38:55.538,1.64554,1.64585,1.69,1.69
2013.06.26 14:38:55.598,1.64557,1.64589,1.69,3.19
2013.06.26 14:38:56.208,1.64554,1.64587,1.32,1.69
2013.06.26 14:38:56.628,1.64553,1.64588,1.69,1.69
2013.06.26 14:38:57.218,1.64557,1.64591,1.69,1.69
2013.06.26 14:38:57.460,1.64555,1.6459,1.69,1.69
2013.06.26 14:38:57.728,1.64554,1.64588,2.82,1.69
2013.06.26 14:38:58.029,1.6456,1.64588,2.44,2.44
2013.06.26 14:38:58.778,1.64556,1.64589,1.69,2.44
2013.06.26 14:38:58.900,1.64555,1.64584,1.32,2.44
2013.06.26 14:39:00.609,1.64552,1.64584,1.32,2.44
2013.06.26 14:39:01.868,1.64552,1.64584,1.32,1.69
2013.06.26 14:39:02.227,1.64552,1.64587,1.69,1.69
2013.06.26 14:39:02.288,1.64554,1.64584,1.32,1.69
2013.06.26 14:39:02.347,1.64554,1.64587,1.32,2.82
2013.06.26 14:39:02.854,1.64554,1.64588,1.32,1.69
2013.06.26 14:39:05.048,1.64552,1.64586,1.69,1.69
2013.06.26 14:39:05.294,1.64552,1.64578,1.13,1.69
2013.06.26 14:39:06.112,1.64546,1.64578,1.32,1.69
2013.06.26 14:39:06.348,1.64545,1.64574,1.69,1.32
2013.06.26 14:39:06.668,1.64545,1.64571,1.69,1.69
2013.06.26 14:39:06.878,1.64543,1.64569,2.14,1.32
2013.06.26 14:39:07.239,1.64543,1.64568,1.13,1.69
2013.06.26 14:39:07.968,1.64551,1.64568,1.50,1.69
2013.06.26 14:39:08.478,1.64551,1.64573,1.50,2.97
2013.06.26 14:39:09.428,1.64551,1.64571,1.50,1.13
2013.06.26 14:39:09.548,1.64551,1.64576,1.50,1.32
2013.06.26 14:39:09.738,1.64551,1.64574,1.50,1.47
2013.06.26 14:39:10.198,1.64551,1.64574,1.50,1.09
2013.06.26 14:39:10.318,1.64551,1.64574,1.50,1.47
2013.06.26 14:39:10.738,1.64542,1.6457,1.69,1.69
2013.06.26 14:39:10.797,1.64542,1.6457,1.69,1.69
2013.06.26 14:39:11.287,1.64547,1.64573,1.69,1.69
2013.06.26 14:39:11.969,1.6455,1.64574,1.50,1.69
2013.06.26 14:39:12.028,1.6455,1.64571,1.50,2.44
2013.06.26 14:39:12.350,1.64551,1.64568,2.44,1.50
2013.06.26 14:39:12.408,1.64551,1.64568,2.44,1.50
2013.06.26 14:39:12.528,1.64551,1.64576,2.44,1.69
2013.06.26 14:39:12.767,1.64546,1.64575,1.69,1.69
2013.06.26 14:39:13.367,1.6455,1.64576,1.50,2.07
2013.06.26 14:39:13.488,1.6455,1.64577,1.50,2.07
2013.06.26 14:39:14.667,1.64543,1.64577,2.44,1.69
2013.06.26 14:39:16.858,1.64547,1.64578,2.44,1.69
2013.06.26 14:39:17.077,1.64545,1.64575,2.44,1.69
2013.06.26 14:39:19.208,1.64555,1.64579,1.69,1.50
2013.06.26 14:39:19.568,1.64556,1.64581,1.69,1.24
2013.06.26 14:39:19.630,1.64556,1.64581,1.69,1.99
2013.06.26 14:39:22.236,1.64555,1.64585,1.69,1.69
2013.06.26 14:39:22.358,1.64555,1.64576,1.69,1.50
2013.06.26 14:39:24.088,1.64554,1.64585,1.69,1.69
2013.06.26 14:39:24.643,1.64555,1.64585,1.69,1.69
2013.06.26 14:39:24.772,1.64555,1.64586,1.69,1.69
2013.06.26 14:39:25.229,1.64559,1.64586,1.69,1.69
2013.06.26 14:39:26.168,1.64555,1.64585,1.32,1.69
2013.06.26 14:39:26.288,1.64556,1.64583,1.69,1.69
2013.06.26 14:39:27.629,1.64554,1.64583,2.07,1.69
2013.06.26 14:39:27.688,1.6456,1.64586,1.50,1.69
2013.06.26 14:39:27.868,1.6456,1.64586,1.50,1.69
2013.06.26 14:39:28.649,1.64559,1.64584,1.50,1.69
2013.06.26 14:39:29.478,1.64559,1.64586,1.50,1.69
2013.06.26 14:39:35.283,1.64559,1.64589,1.69,1.32
2013.06.26 14:39:35.408,1.64559,1.64589,1.69,1.32
2013.06.26 14:39:36.067,1.64558,1.64589,2.07,1.32
2013.06.26 14:39:37.388,1.64558,1.64592,2.82,2.59
2013.06.26 14:39:40.808,1.64559,1.64592,1.32,1.84
2013.06.26 14:39:40.988,1.64557,1.64587,2.25,2.44
2013.06.26 14:39:41.108,1.64555,1.64588,1.50,2.59
2013.06.26 14:39:41.467,1.64548,1.6458,1.69,1.69
2013.06.26 14:39:41.617,1.64552,1.6458,1.69,1.69
2013.06.26 14:39:42.669,1.64552,1.64579,1.69,2.44
2013.06.26 14:39:42.889,1.64549,1.64579,2.82,2.44
2013.06.26 14:39:44.038,1.64549,1.64581,2.82,1.69
2013.06.26 14:39:44.397,1.64553,1.64588,2.82,1.69
2013.06.26 14:39:45.159,1.64555,1.64589,1.69,1.69
2013.06.26 14:39:45.358,1.64555,1.64589,1.69,1.32
2013.06.26 14:39:45.918,1.64555,1.64591,1.69,4.09
2013.06.26 14:39:48.238,1.64555,1.6459,1.69,1.69
2013.06.26 14:39:48.918,1.64554,1.64586,1.69,1.69
2013.06.26 14:39:49.038,1.64552,1.64585,1.32,1.69
2013.06.26 14:39:49.679,1.6455,1.64585,1.69,3.19
2013.06.26 14:39:49.738,1.64547,1.64582,3.19,1.69
2013.06.26 14:39:49.858,1.64547,1.64582,3.57,1.69
2013.06.26 14:39:49.978,1.64547,1.64578,2.07,1.69
2013.06.26 14:39:50.038,1.64547,1.64576,1.32,1.69
2013.06.26 14:39:50.571,1.64546,1.64579,1.32,1.69
2013.06.26 14:39:50.639,1.64547,1.6458,1.69,1.69
2013.06.26 14:39:50.758,1.64548,1.64583,1.69,1.69
2013.06.26 14:39:51.178,1.64551,1.6458,1.50,1.69
2013.06.26 14:39:51.418,1.64549,1.64578,1.69,1.69
2013.06.26 14:39:51.598,1.64544,1.64576,2.07,1.69
2013.06.26 14:39:52.157,1.64543,1.64576,1.69,1.69
2013.06.26 14:39:53.958,1.64541,1.64571,1.32,2.59
2013.06.26 14:39:54.137,1.64539,1.64566,1.69,2.44
2013.06.26 14:39:54.200,1.64539,1.64563,1.50,1.69
2013.06.26 14:39:54.558,1.6453,1.64563,1.32,1.69
2013.06.26 14:39:54.738,1.6453,1.64563,1.32,1.69
2013.06.26 14:39:54.859,1.64529,1.64558,1.32,1.69
2013.06.26 14:39:54.918,1.64537,1.64563,1.50,1.69
2013.06.26 14:39:55.390,1.64537,1.64563,2.25,1.69
2013.06.26 14:39:56.118,1.64537,1.64568,2.63,1.69
2013.06.26 14:39:56.673,1.64538,1.64568,1.13,1.69
2013.06.26 14:39:57.448,1.64537,1.64567,2.25,1.69
2013.06.26 14:39:57.508,1.64536,1.64564,1.13,1.69
2013.06.26 14:39:58.279,1.64532,1.64565,2.82,1.69
2013.06.26 14:39:58.639,1.64532,1.64564,3.19,1.69
2013.06.26 14:39:58.818,1.64532,1.64569,2.82,2.44
2013.06.26 14:40:00.293,1.64534,1.64569,2.44,3.19
2013.06.26 14:40:00.421,1.6454,1.64569,1.69,1.69
2013.06.26 14:40:00.539,1.6454,1.64572,1.69,2.44
2013.06.26 14:40:00.598,1.64547,1.64572,1.09,2.44
2013.06.26 14:40:00.959,1.64547,1.64573,2.22,2.44
2013.06.26 14:40:01.078,1.64546,1.64571,1.13,1.69
2013.06.26 14:40:01.819,1.6454,1.6457,1.13,3.19
2013.06.26 14:40:01.881,1.6454,1.64567,1.13,2.44
2013.06.26 14:40:02.648,1.64541,1.64567,2.25,1.69
2013.06.26 14:40:03.738,1.6454,1.6457,1.13,1.69
2013.06.26 14:40:03.978,1.64548,1.64573,1.13,1.69
2013.06.26 14:40:04.279,1.64549,1.64576,1.32,1.69
2013.06.26 14:40:04.518,1.64544,1.64574,3.94,1.69
2013.06.26 14:40:04.858,1.64546,1.64579,2.44,2.44
2013.06.26 14:40:05.618,1.64545,1.64573,2.44,1.69
2013.06.26 14:40:05.917,1.6454,1.6457,1.32,1.69
2013.06.26 14:40:06.927,1.64543,1.6457,1.50,2.44
2013.06.26 14:40:07.238,1.64533,1.6456,2.44,1.69
2013.06.26 14:40:07.598,1.64539,1.64562,1.13,1.69
2013.06.26 14:40:07.918,1.6454,1.64565,2.25,1.69
2013.06.26 14:40:08.477,1.6454,1.64565,3.00,1.69
2013.06.26 14:40:09.061,1.64542,1.64565,1.50,1.69
2013.06.26 14:40:09.398,1.64538,1.6456,3.00,1.50
2013.06.26 14:40:09.458,1.64533,1.64559,1.69,1.13
2013.06.26 14:40:09.579,1.64533,1.6456,2.25,1.32
2013.06.26 14:40:09.818,1.64538,1.64564,2.44,1.69
2013.06.26 14:40:10.579,1.64542,1.64566,2.25,1.69
2013.06.26 14:40:10.769,1.64539,1.64566,1.69,1.69
2013.06.26 14:40:11.275,1.64538,1.64568,2.44,1.69
2013.06.26 14:40:11.518,1.64536,1.64565,2.44,1.69
2013.06.26 14:40:11.638,1.64535,1.64563,1.69,1.69
2013.06.26 14:40:11.698,1.64535,1.64561,1.69,1.69
2013.06.26 14:40:12.568,1.64526,1.64558,2.44,1.32
2013.06.26 14:40:12.688,1.64523,1.64557,1.32,1.69
2013.06.26 14:40:13.028,1.64524,1.64557,2.40,1.69
2013.06.26 14:40:13.088,1.64522,1.64557,2.44,1.69
2013.06.26 14:40:13.357,1.64521,1.64556,2.07,1.09
2013.06.26 14:40:15.119,1.64522,1.64557,2.44,1.69
2013.06.26 14:40:15.178,1.64522,1.64554,2.44,1.69
2013.06.26 14:40:15.869,1.64519,1.64554,3.19,2.44
2013.06.26 14:40:15.928,1.64516,1.64549,2.07,1.69
2013.06.26 14:40:16.968,1.64516,1.64553,3.19,1.69
2013.06.26 14:40:17.899,1.6452,1.64555,1.69,1.69
2013.06.26 14:40:18.077,1.64522,1.64555,2.44,1.69
2013.06.26 14:40:21.078,1.64515,1.64549,2.44,1.69
2013.06.26 14:40:21.319,1.64515,1.64548,1.69,1.69
2013.06.26 14:40:21.677,1.64515,1.64547,2.44,1.69
2013.06.26 14:40:22.169,1.64517,1.64548,1.69,1.69
2013.06.26 14:40:22.418,1.64517,1.64548,1.69,1.69
2013.06.26 14:40:22.825,1.64517,1.64549,1.69,2.44
2013.06.26 14:40:23.418,1.64517,1.64548,1.69,1.69
2013.06.26 14:40:24.018,1.64522,1.64553,1.32,3.19
2013.06.26 14:40:25.610,1.64521,1.64553,2.07,2.44
2013.06.26 14:40:25.728,1.64522,1.64553,2.07,3.19
2013.06.26 14:40:26.143,1.64523,1.64555,1.69,1.69
2013.06.26 14:40:26.920,1.64523,1.64553,1.69,1.69
2013.06.26 14:40:27.288,1.64523,1.64549,1.50,1.69
2013.06.26 14:40:28.188,1.64523,1.64552,1.88,1.69
2013.06.26 14:40:28.247,1.64523,1.64554,2.07,2.44
2013.06.26 14:40:28.900,1.64524,1.64553,1.32,1.69
2013.06.26 14:40:29.199,1.64524,1.64554,1.32,2.44
2013.06.26 14:40:29.378,1.64524,1.64554,1.32,2.44
2013.06.26 14:40:29.498,1.64523,1.64552,1.69,1.69
2013.06.26 14:40:29.940,1.64522,1.64551,1.69,1.69
2013.06.26 14:40:30.120,1.64521,1.64551,1.50,2.44
2013.06.26 14:40:30.478,1.64523,1.64549,1.50,2.44
2013.06.26 14:40:30.829,1.64528,1.64554,1.69,1.69
2013.06.26 14:40:30.888,1.64522,1.64554,1.84,1.69
2013.06.26 14:40:31.161,1.64521,1.64554,1.69,2.44
2013.06.26 14:40:31.498,1.64521,1.64554,2.44,1.69
2013.06.26 14:40:31.559,1.64519,1.64551,1.69,1.69
2013.06.26 14:40:31.931,1.64519,1.64555,2.44,2.44
2013.06.26 14:40:32.291,1.64519,1.64552,1.69,1.69
2013.06.26 14:40:35.128,1.64515,1.64546,1.69,1.69
2013.06.26 14:40:35.659,1.64516,1.64546,1.69,1.69
2013.06.26 14:40:36.964,1.64516,1.64545,1.69,1.69
2013.06.26 14:40:37.542,1.64516,1.64548,1.69,2.44
2013.06.26 14:40:39.408,1.64516,1.64548,1.69,2.44
2013.06.26 14:40:39.588,1.64517,1.64548,2.44,1.69
2013.06.26 14:40:40.178,1.64516,1.64549,2.44,1.69
2013.06.26 14:40:40.238,1.64516,1.64549,2.44,1.69
2013.06.26 14:40:44.011,1.6452,1.64546,1.69,1.69
2013.06.26 14:40:44.082,1.6452,1.64546,1.69,1.69
2013.06.26 14:40:45.137,1.6452,1.64546,1.50,1.69
2013.06.26 14:40:46.208,1.6452,1.64546,1.50,1.69
2013.06.26 14:40:46.328,1.6452,1.64546,1.50,1.69
2013.06.26 14:40:46.870,1.6452,1.64546,1.50,1.69
2013.06.26 14:40:46.928,1.6452,1.64546,1.50,1.69
2013.06.26 14:40:47.168,1.64516,1.64543,1.50,1.69
2013.06.26 14:40:47.468,1.64515,1.64541,1.69,1.69
2013.06.26 14:40:49.128,1.64518,1.64543,2.44,1.69
2013.06.26 14:40:49.428,1.6452,1.64543,1.69,1.69
2013.06.26 14:40:49.609,1.64517,1.6454,1.50,1.69
2013.06.26 14:40:49.668,1.64517,1.6454,1.50,1.69
2013.06.26 14:40:49.918,1.64517,1.6454,1.50,1.69
2013.06.26 14:40:50.138,1.64517,1.64542,1.50,1.69
2013.06.26 14:40:50.198,1.64517,1.64542,1.50,1.69
2013.06.26 14:40:51.638,1.64517,1.64542,1.50,1.69
2013.06.26 14:40:51.758,1.64517,1.6454,1.50,1.69
2013.06.26 14:40:52.058,1.64517,1.6454,1.50,1.69
2013.06.26 14:40:52.638,1.64517,1.6454,1.50,1.69
2013.06.26 14:40:52.758,1.64517,1.64542,1.69,1.69
2013.06.26 14:40:53.799,1.64517,1.6454,1.50,1.69
2013.06.26 14:40:54.358,1.64517,1.6454,1.50,1.69
2013.06.26 14:40:54.478,1.64517,1.64542,1.69,1.69
2013.06.26 14:40:55.420,1.64518,1.64544,1.50,1.69
2013.06.26 14:40:55.538,1.64515,1.64544,2.44,1.69
2013.06.26 14:40:55.598,1.64515,1.64545,2.44,1.69
2013.06.26 14:40:55.898,1.64514,1.64544,1.69,1.69
2013.06.26 14:40:56.138,1.64514,1.64545,2.44,1.69
2013.06.26 14:40:56.497,1.64514,1.64545,1.69,2.44
2013.06.26 14:40:56.780,1.64511,1.64544,1.32,1.69
2013.06.26 14:40:57.319,1.64513,1.64543,1.69,1.69
2013.06.26 14:40:57.378,1.64515,1.64544,1.69,1.69
2013.06.26 14:40:57.618,1.64515,1.64543,1.69,2.44
2013.06.26 14:40:57.678,1.64515,1.64543,1.69,1.69
2013.06.26 14:40:58.368,1.64516,1.64543,1.69,2.44
2013.06.26 14:40:58.667,1.64517,1.64543,1.50,2.44
2013.06.26 14:41:01.119,1.64511,1.6454,1.69,1.69
2013.06.26 14:41:01.949,1.64516,1.64542,1.50,1.69
2013.06.26 14:41:02.758,1.64512,1.64538,1.50,1.69
2013.06.26 14:41:03.651,1.64509,1.64538,1.69,1.69
2013.06.26 14:41:04.229,1.64508,1.64538,1.69,1.69
2013.06.26 14:41:04.988,1.64511,1.64537,1.13,2.44
2013.06.26 14:41:05.548,1.64508,1.64539,1.69,3.94
2013.06.26 14:41:06.169,1.64508,1.64539,1.69,3.94
2013.06.26 14:41:06.468,1.64507,1.64535,3.19,1.69
2013.06.26 14:41:06.648,1.64508,1.64536,1.69,2.44
2013.06.26 14:41:07.609,1.645,1.64535,2.44,1.69
2013.06.26 14:41:07.728,1.64504,1.64533,1.69,2.44
2013.06.26 14:41:08.721,1.645,1.64533,1.69,3.94
2013.06.26 14:41:09.718,1.64499,1.64529,1.69,1.69
2013.06.26 14:41:10.149,1.64496,1.64528,1.69,1.32
2013.06.26 14:41:10.328,1.64503,1.64529,1.32,2.44
2013.06.26 14:41:10.448,1.64501,1.64531,2.44,1.69
2013.06.26 14:41:11.232,1.64498,1.64525,1.69,1.69
2013.06.26 14:41:11.298,1.64498,1.64525,1.69,1.69
2013.06.26 14:41:11.359,1.64499,1.64528,2.44,3.19
2013.06.26 14:41:11.721,1.64506,1.64529,1.50,1.69
2013.06.26 14:41:11.838,1.6451,1.64535,1.50,1.69
2013.06.26 14:41:13.148,1.64509,1.64529,1.69,1.50
2013.06.26 14:41:13.268,1.64504,1.64525,1.50,1.69
2013.06.26 14:41:13.388,1.64503,1.64525,2.25,1.69
2013.06.26 14:41:13.508,1.64496,1.64525,3.34,1.69
2013.06.26 14:41:13.870,1.64496,1.64523,1.69,1.69
2013.06.26 14:41:14.169,1.64502,1.64528,1.50,1.32
2013.06.26 14:41:14.349,1.64505,1.64532,2.44,1.32
2013.06.26 14:41:14.921,1.64511,1.64534,1.50,1.69
2013.06.26 14:41:15.278,1.64519,1.64539,2.25,2.78
2013.06.26 14:41:15.838,1.64512,1.64539,1.69,1.69
2013.06.26 14:41:16.198,1.64513,1.64539,1.69,2.44
2013.06.26 14:41:18.922,1.64508,1.64537,2.44,1.69
2013.06.26 14:41:19.561,1.64511,1.64537,1.32,1.32
2013.06.26 14:41:20.421,1.64511,1.64539,1.32,1.32
2013.06.26 14:41:20.920,1.64514,1.64545,1.69,1.32
2013.06.26 14:41:24.388,1.64517,1.64547,1.69,1.69
2013.06.26 14:41:25.078,1.64513,1.64549,2.44,1.69
2013.06.26 14:41:25.278,1.64513,1.64548,1.69,1.69
2013.06.26 14:41:26.068,1.64513,1.64548,1.69,1.69
2013.06.26 14:41:27.230,1.64513,1.64548,4.69,1.69
2013.06.26 14:41:27.358,1.64517,1.64548,1.69,1.69
2013.06.26 14:41:27.778,1.64517,1.64548,1.50,1.69
2013.06.26 14:41:27.958,1.64511,1.64541,2.82,1.69
2013.06.26 14:41:28.209,1.64511,1.64545,2.82,1.69
2013.06.26 14:41:29.177,1.64511,1.64541,2.82,1.69
2013.06.26 14:41:29.968,1.64511,1.64544,2.82,1.69
2013.06.26 14:41:30.028,1.64511,1.64544,1.32,1.69
2013.06.26 14:41:30.399,1.64512,1.64544,2.44,1.69
2013.06.26 14:41:31.849,1.64511,1.64544,1.69,1.69
2013.06.26 14:41:32.088,1.64508,1.64539,2.07,1.32
2013.06.26 14:41:32.449,1.64511,1.64543,1.69,1.69
2013.06.26 14:41:32.757,1.64513,1.64549,2.44,1.69
2013.06.26 14:41:33.998,1.64513,1.64548,2.44,1.69
2013.06.26 14:41:36.069,1.64516,1.64548,2.25,1.69
2013.06.26 14:41:37.728,1.64513,1.64548,1.69,2.44
2013.06.26 14:41:39.079,1.64511,1.64545,2.44,1.69
2013.06.26 14:41:40.248,1.64511,1.64541,2.44,1.69
2013.06.26 14:41:41.948,1.64511,1.64541,2.44,1.69
2013.06.26 14:41:42.190,1.64511,1.64541,2.44,1.69
2013.06.26 14:41:42.248,1.64511,1.64541,2.44,1.69
2013.06.26 14:41:44.228,1.6451,1.64541,1.69,1.69
2013.06.26 14:41:44.348,1.6451,1.64541,1.69,1.69
2013.06.26 14:41:45.311,1.64513,1.64541,2.25,1.69
2013.06.26 14:41:45.368,1.64513,1.64541,2.44,1.69
2013.06.26 14:41:45.688,1.6451,1.64541,3.19,1.69
2013.06.26 14:41:45.888,1.6451,1.64541,3.19,1.69
2013.06.26 14:41:46.358,1.64514,1.64545,1.69,1.69
2013.06.26 14:41:46.418,1.64514,1.64545,1.69,1.69
2013.06.26 14:41:48.678,1.6451,1.64545,2.07,1.69
2013.06.26 14:41:50.009,1.64512,1.6454,1.69,1.69
2013.06.26 14:41:50.068,1.64509,1.64538,1.69,1.69
2013.06.26 14:41:50.509,1.64508,1.64538,1.50,1.69
2013.06.26 14:41:50.869,1.64503,1.64528,1.13,1.69
2013.06.26 14:41:51.358,1.64503,1.6453,1.13,1.69
2013.06.26 14:41:51.658,1.64503,1.6453,1.13,1.69
2013.06.26 14:41:52.028,1.64503,1.6453,1.13,1.69
2013.06.26 14:41:52.943,1.64503,1.6453,1.13,1.69
2013.06.26 14:41:53.008,1.64506,1.64531,1.50,1.69
2013.06.26 14:41:53.566,1.64504,1.64533,1.69,1.69
2013.06.26 14:41:55.028,1.64506,1.64534,1.69,1.69
2013.06.26 14:41:55.508,1.64521,1.6454,1.13,1.84
2013.06.26 14:41:55.637,1.64514,1.6454,1.69,1.84
2013.06.26 14:41:56.158,1.64507,1.64538,1.69,1.69
2013.06.26 14:41:56.408,1.64506,1.64534,1.69,1.69
2013.06.26 14:41:56.468,1.64506,1.64534,1.69,1.69
2013.06.26 14:41:56.648,1.64515,1.64536,2.03,1.69
2013.06.26 14:41:56.709,1.64515,1.64541,2.03,2.44
2013.06.26 14:41:56.768,1.64515,1.64544,1.13,1.69
2013.06.26 14:41:56.888,1.64515,1.64544,1.32,1.69
2013.06.26 14:41:57.008,1.64515,1.64543,2.07,1.69
2013.06.26 14:41:57.368,1.6451,1.64539,1.32,3.19
2013.06.26 14:41:57.679,1.64509,1.64541,1.32,1.69
2013.06.26 14:41:57.919,1.64514,1.64541,1.50,1.69
2013.06.26 14:41:58.038,1.64518,1.64547,1.13,1.69
2013.06.26 14:41:58.861,1.64515,1.64539,1.32,1.50
2013.06.26 14:41:58.919,1.64514,1.64539,1.13,2.44
2013.06.26 14:41:58.979,1.64509,1.64539,1.69,2.44
2013.06.26 14:41:59.038,1.64509,1.64538,1.69,1.69
2013.06.26 14:41:59.339,1.64511,1.64539,1.13,1.69
2013.06.26 14:41:59.400,1.64513,1.64539,2.63,1.69
2013.06.26 14:42:00.178,1.64521,1.64539,1.88,1.69
2013.06.26 14:42:01.478,1.64514,1.64539,1.13,1.69
2013.06.26 14:42:01.658,1.64512,1.64539,1.13,1.69
2013.06.26 14:42:02.418,1.64515,1.64541,1.13,1.69
2013.06.26 14:42:02.900,1.64507,1.64541,1.32,1.69
2013.06.26 14:42:03.232,1.64507,1.64541,1.32,1.69
2013.06.26 14:42:03.518,1.64507,1.64541,1.32,1.69
2013.06.26 14:42:03.789,1.64507,1.64536,1.32,1.69
2013.06.26 14:42:03.908,1.64507,1.64535,1.32,1.69
2013.06.26 14:42:04.658,1.64505,1.64534,2.44,1.69
2013.06.26 14:42:05.345,1.64506,1.64536,1.69,1.69
2013.06.26 14:42:05.419,1.64508,1.64536,2.44,1.69
2013.06.26 14:42:05.969,1.64511,1.64537,3.19,1.69
2013.06.26 14:42:06.749,1.64507,1.6454,2.44,1.69
2013.06.26 14:42:08.539,1.64511,1.64543,3.19,1.69
2013.06.26 14:42:08.778,1.64515,1.64547,2.44,1.69
2013.06.26 14:42:11.418,1.64511,1.64543,1.32,1.69
2013.06.26 14:42:11.669,1.64511,1.64543,1.32,2.44
2013.06.26 14:42:12.678,1.64511,1.64543,1.32,1.69
2013.06.26 14:42:12.798,1.6451,1.64543,1.32,1.69
2013.06.26 14:42:12.919,1.64508,1.64543,2.07,3.19
2013.06.26 14:42:13.099,1.64508,1.6454,1.69,2.44
2013.06.26 14:42:14.109,1.64511,1.64539,1.69,1.69
2013.06.26 14:42:14.168,1.64513,1.64542,1.13,1.69
2013.06.26 14:42:14.409,1.64515,1.64543,1.69,1.69
2013.06.26 14:42:14.468,1.64513,1.64543,1.69,2.44
2013.06.26 14:42:14.770,1.64512,1.64539,2.44,1.69
2013.06.26 14:42:15.328,1.64513,1.64539,1.50,1.69
2013.06.26 14:42:15.450,1.64514,1.64539,1.50,1.69
2013.06.26 14:42:15.508,1.64514,1.64543,1.69,1.69
2013.06.26 14:42:15.959,1.64514,1.64546,1.88,1.69
2013.06.26 14:42:18.082,1.64519,1.64547,1.69,2.89
2013.06.26 14:42:21.159,1.64519,1.64547,1.69,2.89
2013.06.26 14:42:21.699,1.64515,1.64547,1.69,3.64
2013.06.26 14:42:22.368,1.6452,1.64547,1.69,3.64
2013.06.26 14:42:22.969,1.64515,1.64547,2.44,3.64
2013.06.26 14:42:24.568,1.64516,1.64537,2.25,1.69
2013.06.26 14:42:24.628,1.64516,1.64532,2.25,1.50
2013.06.26 14:42:24.988,1.64509,1.64532,1.32,1.50
2013.06.26 14:42:25.289,1.64511,1.64536,1.69,1.69
2013.06.26 14:42:25.729,1.64512,1.64538,1.50,2.44
2013.06.26 14:42:28.350,1.64505,1.64537,1.32,1.69
2013.06.26 14:42:30.562,1.64504,1.64534,2.07,1.69
2013.06.26 14:42:32.448,1.64506,1.64537,1.69,1.69
2013.06.26 14:42:33.818,1.64504,1.64535,2.07,1.69
2013.06.26 14:42:33.938,1.64504,1.64534,1.32,1.69
2013.06.26 14:42:34.708,1.64501,1.64524,1.13,1.69
2013.06.26 14:42:34.828,1.64497,1.64523,1.50,1.69
2013.06.26 14:42:35.137,1.64493,1.6452,1.32,1.69
2013.06.26 14:42:36.421,1.64493,1.64523,1.32,2.44
2013.06.26 14:42:38.058,1.64491,1.64523,1.32,2.44
2013.06.26 14:42:38.118,1.64491,1.64523,1.13,2.07
2013.06.26 14:42:38.658,1.64483,1.64517,3.19,2.07
2013.06.26 14:42:39.268,1.64481,1.64516,1.69,2.82
2013.06.26 14:42:39.388,1.64481,1.64516,1.69,2.07
2013.06.26 14:42:39.448,1.6448,1.64516,1.69,2.07
2013.06.26 14:42:39.568,1.64482,1.64516,3.94,1.32
2013.06.26 14:42:39.628,1.64487,1.64518,1.69,2.07
2013.06.26 14:42:39.929,1.64492,1.64526,1.32,1.32
2013.06.26 14:42:40.475,1.64493,1.64525,1.69,1.32
2013.06.26 14:42:40.545,1.64503,1.64533,1.69,1.69
2013.06.26 14:42:40.608,1.64502,1.64533,1.69,1.69
2013.06.26 14:42:40.668,1.64503,1.64534,1.69,1.32
2013.06.26 14:42:44.578,1.64499,1.64533,2.44,1.69
2013.06.26 14:42:45.259,1.64501,1.64536,1.69,2.44
2013.06.26 14:42:45.378,1.64503,1.64537,1.32,2.82
2013.06.26 14:42:45.908,1.645,1.64533,1.32,1.32
2013.06.26 14:42:46.028,1.64498,1.64533,1.69,1.69
2013.06.26 14:42:48.219,1.64499,1.64533,1.69,1.69
2013.06.26 14:42:48.278,1.64499,1.64533,1.69,1.69
2013.06.26 14:42:48.678,1.64499,1.64534,2.44,1.32
2013.06.26 14:42:48.801,1.64503,1.64536,1.32,1.32
2013.06.26 14:42:50.128,1.64506,1.64539,2.07,1.32
2013.06.26 14:42:50.188,1.64514,1.64541,1.09,2.82
2013.06.26 14:42:50.379,1.64515,1.64542,1.13,1.32
2013.06.26 14:42:50.943,1.64517,1.64542,1.50,1.32
2013.06.26 14:42:51.009,1.64521,1.64549,1.32,3.24
2013.06.26 14:42:51.128,1.64521,1.64549,1.32,2.49
2013.06.26 14:42:51.578,1.64521,1.64549,2.07,3.24
2013.06.26 14:42:51.879,1.64522,1.64549,1.69,2.30
2013.06.26 14:42:53.158,1.64523,1.64556,2.82,1.69
2013.06.26 14:42:54.048,1.64523,1.64558,2.82,1.69
2013.06.26 14:42:54.698,1.64523,1.64555,2.07,1.69
2013.06.26 14:42:54.938,1.64519,1.64551,1.69,1.69
2013.06.26 14:42:56.318,1.64516,1.64551,2.44,1.69
2013.06.26 14:42:57.511,1.64516,1.64549,2.44,1.69
2013.06.26 14:43:00.430,1.64518,1.64553,1.69,4.69
2013.06.26 14:43:00.878,1.64518,1.64553,1.69,3.19
2013.06.26 14:43:03.288,1.64522,1.64553,1.32,2.44
2013.06.26 14:43:04.858,1.64523,1.64551,1.13,1.69
2013.06.26 14:43:05.060,1.64522,1.64552,1.32,1.69
2013.06.26 14:43:05.988,1.64522,1.64553,1.32,2.44
2013.06.26 14:43:07.728,1.64522,1.64552,1.32,1.32
2013.06.26 14:43:08.295,1.64522,1.6455,1.32,1.69
2013.06.26 14:43:09.488,1.64522,1.6455,1.32,1.69
2013.06.26 14:43:10.118,1.64515,1.6455,1.69,1.69
2013.06.26 14:43:10.729,1.64515,1.64545,1.69,1.69
2013.06.26 14:43:11.148,1.64515,1.64549,3.19,1.69
2013.06.26 14:43:15.229,1.64513,1.64548,2.44,2.44
2013.06.26 14:43:16.119,1.64513,1.64546,2.63,1.69
2013.06.26 14:43:16.719,1.64523,1.64551,1.32,1.69
2013.06.26 14:43:17.128,1.64517,1.64551,1.32,2.44
2013.06.26 14:43:17.248,1.64516,1.64549,1.69,1.32
2013.06.26 14:43:18.689,1.64513,1.64547,1.69,1.69
2013.06.26 14:43:19.048,1.64513,1.64543,2.44,2.44
2013.06.26 14:43:19.468,1.64513,1.64543,1.69,2.44
2013.06.26 14:43:19.593,1.64513,1.64543,2.44,1.69
2013.06.26 14:43:19.966,1.64513,1.64541,2.07,2.44
2013.06.26 14:43:20.031,1.64517,1.64541,1.13,1.69
2013.06.26 14:43:20.808,1.64513,1.64541,1.13,1.69
2013.06.26 14:43:20.868,1.64512,1.64541,1.32,1.69
2013.06.26 14:43:21.138,1.64512,1.64539,1.32,2.44
2013.06.26 14:43:23.861,1.64511,1.64536,1.13,1.69
2013.06.26 14:43:27.000,1.64513,1.64542,1.50,1.69
2013.06.26 14:43:27.139,1.64512,1.64542,1.13,1.69
2013.06.26 14:43:28.248,1.64513,1.64542,1.13,1.69
2013.06.26 14:43:28.309,1.64513,1.64544,1.88,1.69
2013.06.26 14:43:28.488,1.64513,1.64544,2.07,1.69
2013.06.26 14:43:28.668,1.64521,1.64547,1.13,1.69
2013.06.26 14:43:28.789,1.64522,1.64547,1.47,1.69
2013.06.26 14:43:29.608,1.64513,1.64547,2.44,1.69
2013.06.26 14:43:30.220,1.64514,1.64546,1.09,2.44
2013.06.26 14:43:30.539,1.64511,1.64544,1.47,1.69
2013.06.26 14:43:30.719,1.64512,1.6454,1.32,1.69
2013.06.26 14:43:31.079,1.64517,1.64541,1.69,2.44
2013.06.26 14:43:31.514,1.64523,1.64547,1.32,1.50
2013.06.26 14:43:31.830,1.64527,1.64547,1.32,1.50
2013.06.26 14:43:32.559,1.64532,1.64547,1.69,1.50
2013.06.26 14:43:32.632,1.64533,1.64551,1.50,2.25
2013.06.26 14:43:32.690,1.64526,1.64557,2.44,1.69
2013.06.26 14:43:32.748,1.64526,1.64557,2.44,1.69
2013.06.26 14:43:32.809,1.64526,1.64557,1.69,1.69
2013.06.26 14:43:32.899,1.64526,1.64557,1.32,1.69
2013.06.26 14:43:33.428,1.64523,1.64553,1.32,1.69
2013.06.26 14:43:33.549,1.64524,1.64552,1.69,1.69
2013.06.26 14:43:33.800,1.64524,1.64553,2.44,3.19
2013.06.26 14:43:33.919,1.64527,1.64553,1.32,3.19
2013.06.26 14:43:34.420,1.64527,1.64553,1.32,2.44
2013.06.26 14:43:34.741,1.64527,1.64548,1.32,1.50
2013.06.26 14:43:35.269,1.64532,1.64548,1.13,1.50
2013.06.26 14:43:35.889,1.64532,1.64545,1.13,1.50
2013.06.26 14:43:36.258,1.64526,1.64545,2.44,1.50
2013.06.26 14:43:36.318,1.64527,1.64545,1.32,1.50
2013.06.26 14:43:37.034,1.64527,1.64545,1.32,1.50
2013.06.26 14:43:37.349,1.64527,1.6455,1.32,1.69
2013.06.26 14:43:37.888,1.64527,1.64552,1.32,1.69
2013.06.26 14:43:38.390,1.64527,1.64554,1.32,1.69
2013.06.26 14:43:38.688,1.6452,1.64549,1.32,1.13
2013.06.26 14:43:39.048,1.64518,1.64547,1.32,1.69
2013.06.26 14:43:39.288,1.64522,1.64552,2.07,1.69
2013.06.26 14:43:39.469,1.64522,1.64555,1.69,1.69
2013.06.26 14:43:39.738,1.64527,1.64555,1.13,1.69
2013.06.26 14:43:40.212,1.64522,1.64553,1.32,1.69
2013.06.26 14:43:40.271,1.64522,1.64553,1.32,1.69
2013.06.26 14:43:40.448,1.64526,1.64554,1.13,1.69
2013.06.26 14:43:40.989,1.64526,1.64557,1.32,1.69
2013.06.26 14:43:41.108,1.64526,1.64551,1.32,1.50
2013.06.26 14:43:41.228,1.64526,1.64554,1.32,2.44
2013.06.26 14:43:41.288,1.64526,1.64554,1.32,1.69
2013.06.26 14:43:41.348,1.64526,1.64551,1.32,1.50
2013.06.26 14:43:41.662,1.64526,1.64548,1.32,1.50
2013.06.26 14:43:41.899,1.64529,1.64555,1.47,1.69
2013.06.26 14:43:41.959,1.64532,1.64556,1.32,1.69
2013.06.26 14:43:42.258,1.64529,1.64554,1.47,1.69
2013.06.26 14:43:42.319,1.64526,1.64554,1.32,1.69
2013.06.26 14:43:42.499,1.64521,1.64553,1.13,1.69
2013.06.26 14:43:42.741,1.64524,1.64549,1.50,1.69
2013.06.26 14:43:43.099,1.64519,1.64548,1.32,2.44
2013.06.26 14:43:43.978,1.64519,1.64545,1.32,1.69
2013.06.26 14:43:44.548,1.64519,1.64545,1.13,2.44
2013.06.26 14:43:45.051,1.64512,1.64541,2.07,1.69
2013.06.26 14:43:45.130,1.64512,1.64541,2.07,1.69
2013.06.26 14:43:45.518,1.64512,1.64541,2.07,1.69
2013.06.26 14:43:47.288,1.64512,1.64544,2.07,1.69
2013.06.26 14:43:47.349,1.6452,1.64544,1.13,1.69
2013.06.26 14:43:47.728,1.6452,1.64545,1.13,1.69
2013.06.26 14:43:47.853,1.6452,1.64545,1.13,1.69
2013.06.26 14:43:47.978,1.64515,1.64543,1.50,1.69
2013.06.26 14:43:49.259,1.6451,1.64535,2.19,1.69
2013.06.26 14:43:49.439,1.6452,1.64539,1.13,1.69
2013.06.26 14:43:49.498,1.6452,1.6454,1.13,2.82
2013.06.26 14:43:50.420,1.64518,1.64542,1.50,1.69
2013.06.26 14:43:51.428,1.64518,1.64545,1.88,1.69
2013.06.26 14:43:52.439,1.64518,1.64548,2.07,1.69
2013.06.26 14:43:52.670,1.64522,1.64548,1.13,1.69
2013.06.26 14:43:52.981,1.64517,1.64548,1.32,1.69
2013.06.26 14:43:55.308,1.64514,1.64548,2.22,1.69
2013.06.26 14:43:55.829,1.64514,1.64547,2.22,1.69
2013.06.26 14:43:56.840,1.64514,1.64547,2.22,1.69
2013.06.26 14:43:57.857,1.64514,1.64547,2.22,1.69
2013.06.26 14:43:58.409,1.64515,1.64547,1.32,1.69
2013.06.26 14:43:59.578,1.64517,1.64547,1.32,1.69
2013.06.26 14:44:00.109,1.64517,1.64545,2.59,1.69
2013.06.26 14:44:00.288,1.64517,1.64545,1.84,1.69
2013.06.26 14:44:01.049,1.64508,1.64542,2.07,1.69
2013.06.26 14:44:01.533,1.64507,1.64535,2.40,1.69
2013.06.26 14:44:01.718,1.64506,1.64535,1.65,1.69
2013.06.26 14:44:02.050,1.64512,1.64537,1.28,1.69
2013.06.26 14:44:04.675,1.64512,1.64534,1.28,1.32
2013.06.26 14:44:04.928,1.64504,1.64532,2.07,1.69
2013.06.26 14:44:05.048,1.64507,1.64532,1.09,1.69
2013.06.26 14:44:05.898,1.64507,1.64533,1.09,1.69
2013.06.26 14:44:07.819,1.6451,1.64534,1.28,1.32
2013.06.26 14:44:08.143,1.64504,1.64532,1.13,1.32
2013.06.26 14:44:08.349,1.64502,1.64533,1.13,2.07
2013.06.26 14:44:08.591,1.64503,1.6453,1.13,1.32
2013.06.26 14:44:08.918,1.64501,1.6453,1.32,2.44
2013.06.26 14:44:08.985,1.64501,1.64527,1.13,1.69
2013.06.26 14:44:09.288,1.64503,1.64528,1.13,1.69
2013.06.26 14:44:09.409,1.64503,1.64532,1.13,3.94
2013.06.26 14:44:12.104,1.64502,1.64532,1.32,1.69
2013.06.26 14:44:12.909,1.64505,1.64532,1.13,1.32
2013.06.26 14:44:12.969,1.64505,1.64533,1.32,1.32
2013.06.26 14:44:13.850,1.64512,1.64536,1.13,1.32
2013.06.26 14:44:13.969,1.64512,1.64537,1.13,2.07
2013.06.26 14:44:16.988,1.64512,1.64543,1.32,2.07
2013.06.26 14:44:17.049,1.64512,1.64544,1.32,2.82
2013.06.26 14:44:17.169,1.64521,1.64544,1.13,2.44
2013.06.26 14:44:17.891,1.64515,1.64543,1.84,2.44
2013.06.26 14:44:18.579,1.64515,1.64544,1.84,2.07
2013.06.26 14:44:19.290,1.64516,1.64544,1.84,1.32
2013.06.26 14:44:19.611,1.64517,1.64543,1.65,2.07
2013.06.26 14:44:20.671,1.64521,1.64544,1.13,1.32
2013.06.26 14:44:20.738,1.64512,1.64544,1.84,1.32
2013.06.26 14:44:20.858,1.64512,1.64544,2.03,1.32
2013.06.26 14:44:20.920,1.64512,1.64543,2.03,1.32
2013.06.26 14:44:21.278,1.64521,1.64543,1.13,3.57
2013.06.26 14:44:23.600,1.64521,1.64543,1.13,1.32
2013.06.26 14:44:24.400,1.64521,1.64543,1.13,1.32
2013.06.26 14:44:27.278,1.64515,1.64542,1.65,1.32
2013.06.26 14:44:31.920,1.64512,1.64539,1.47,1.32
2013.06.26 14:44:32.219,1.64513,1.64542,1.13,2.44
2013.06.26 14:44:33.649,1.64517,1.64542,1.09,1.69
2013.06.26 14:44:33.769,1.64517,1.64544,1.09,2.07
2013.06.26 14:44:33.888,1.64516,1.64542,1.32,1.32
2013.06.26 14:44:34.068,1.64513,1.64539,2.40,1.32
2013.06.26 14:44:34.188,1.64513,1.64542,2.40,1.69
2013.06.26 14:44:34.489,1.64513,1.64543,2.44,2.82
2013.06.26 14:44:40.018,1.64513,1.64542,1.88,1.32
2013.06.26 14:44:41.080,1.64513,1.64541,1.13,1.69
2013.06.26 14:44:41.200,1.64513,1.64543,1.32,1.32
2013.06.26 14:44:41.739,1.64513,1.64543,1.69,1.32
2013.06.26 14:44:43.519,1.64513,1.64543,1.69,1.69
2013.06.26 14:44:43.840,1.64513,1.64543,1.69,1.69
2013.06.26 14:44:49.869,1.64512,1.64544,1.69,2.07
2013.06.26 14:44:50.409,1.64518,1.64544,1.13,1.32
2013.06.26 14:44:50.840,1.64517,1.64544,1.32,1.32
2013.06.26 14:44:51.710,1.64518,1.64546,1.13,2.07
2013.06.26 14:44:52.259,1.64518,1.64544,1.13,1.32
2013.06.26 14:44:54.199,1.64522,1.64549,1.13,1.69
2013.06.26 14:44:58.299,1.64521,1.64549,1.13,1.69
2013.06.26 14:44:58.658,1.64534,1.64555,1.50,1.69
2013.06.26 14:44:58.969,1.64532,1.64558,2.44,1.69
2013.06.26 14:44:59.661,1.64535,1.64558,1.50,1.69
2013.06.26 14:45:00.188,1.64537,1.64558,1.50,1.69
2013.06.26 14:45:00.649,1.64537,1.64558,1.50,1.69
2013.06.26 14:45:01.729,1.64532,1.64561,2.44,1.84
2013.06.26 14:45:01.908,1.64531,1.64559,2.44,1.69
2013.06.26 14:45:01.968,1.64532,1.64564,1.69,1.69
2013.06.26 14:45:02.468,1.64533,1.64564,1.13,2.07
2013.06.26 14:45:02.789,1.64537,1.64564,1.13,1.69
2013.06.26 14:45:03.339,1.64537,1.64563,1.13,1.69
2013.06.26 14:45:03.838,1.64534,1.64565,1.13,1.69
2013.06.26 14:45:03.899,1.64535,1.64565,1.13,1.69
2013.06.26 14:45:04.198,1.64537,1.64565,1.32,1.32
2013.06.26 14:45:04.319,1.64537,1.64565,1.32,1.32
2013.06.26 14:45:04.618,1.64543,1.6457,1.50,2.07
2013.06.26 14:45:04.799,1.64543,1.6457,1.69,1.32
2013.06.26 14:45:06.718,1.64546,1.64569,1.13,1.32
2013.06.26 14:45:06.839,1.64541,1.6457,2.25,3.94
2013.06.26 14:45:06.899,1.64541,1.64569,1.50,1.69
2013.06.26 14:45:07.390,1.64534,1.64565,2.44,1.69
2013.06.26 14:45:09.338,1.64534,1.64565,2.44,1.69
2013.06.26 14:45:11.748,1.64534,1.64565,2.44,1.69
2013.06.26 14:45:11.968,1.64534,1.64565,1.32,1.69
2013.06.26 14:45:13.638,1.64535,1.64566,1.32,1.69
2013.06.26 14:45:13.818,1.64532,1.64566,2.07,1.69
2013.06.26 14:45:13.878,1.64533,1.64567,1.69,2.44
2013.06.26 14:45:14.239,1.64536,1.64563,1.32,1.69
2013.06.26 14:45:14.778,1.64531,1.64563,1.69,1.69
2013.06.26 14:45:16.129,1.64536,1.64566,1.32,1.69
2013.06.26 14:45:16.368,1.64536,1.64564,1.13,1.69
2013.06.26 14:45:17.530,1.64535,1.64567,1.32,2.44
2013.06.26 14:45:18.519,1.64534,1.64563,1.32,1.69
2013.06.26 14:45:19.856,1.64532,1.64563,1.88,1.69
2013.06.26 14:45:21.100,1.64534,1.6456,1.69,1.69
2013.06.26 14:45:21.159,1.64536,1.64565,1.13,1.69
2013.06.26 14:45:21.219,1.64542,1.64568,1.13,1.69
2013.06.26 14:45:21.638,1.64542,1.64575,2.07,2.07
2013.06.26 14:45:22.740,1.64544,1.6457,2.44,2.10
2013.06.26 14:45:22.798,1.64544,1.64562,2.44,1.13
2013.06.26 14:45:22.918,1.64544,1.64562,2.82,1.13
2013.06.26 14:45:23.220,1.64547,1.64562,1.69,1.13
2013.06.26 14:45:23.759,1.64543,1.64562,1.32,1.13
2013.06.26 14:45:24.268,1.64545,1.64562,1.32,1.13
2013.06.26 14:45:25.558,1.64547,1.64562,2.44,1.13
2013.06.26 14:45:25.878,1.64547,1.64577,2.44,1.69
2013.06.26 14:45:27.869,1.64546,1.64578,2.44,2.07
2013.06.26 14:45:27.929,1.64545,1.64571,2.25,1.32
2013.06.26 14:45:28.288,1.64535,1.64563,1.50,1.69
2013.06.26 14:45:30.588,1.64532,1.64563,2.97,2.44
2013.06.26 14:45:30.949,1.64532,1.64551,1.29,2.44
2013.06.26 14:45:33.298,1.64531,1.64551,1.66,1.69
2013.06.26 14:45:34.059,1.64532,1.64554,1.13,3.19
2013.06.26 14:45:34.310,1.64523,1.64551,1.13,1.69
2013.06.26 14:45:34.439,1.64523,1.64551,1.13,1.69
2013.06.26 14:45:35.014,1.64523,1.64551,1.13,1.69
2013.06.26 14:45:35.480,1.64523,1.64552,1.32,1.69
2013.06.26 14:45:36.188,1.64523,1.6455,1.13,1.69
2013.06.26 14:45:37.870,1.64522,1.64548,1.32,1.32
2013.06.26 14:45:38.059,1.64522,1.6455,1.32,1.69
2013.06.26 14:45:38.918,1.64523,1.64554,1.32,1.69
2013.06.26 14:45:39.278,1.64526,1.64558,1.32,3.94
2013.06.26 14:45:39.458,1.64523,1.64558,1.32,3.19
2013.06.26 14:45:39.638,1.64523,1.64558,1.32,3.19
2013.06.26 14:45:40.755,1.64527,1.64558,1.13,3.19
2013.06.26 14:45:42.219,1.64528,1.64559,1.13,1.69
2013.06.26 14:45:42.441,1.64532,1.64558,1.13,1.32
2013.06.26 14:45:42.499,1.64533,1.64559,1.13,1.69
2013.06.26 14:45:43.650,1.64531,1.64561,1.13,3.57
2013.06.26 14:45:44.192,1.64528,1.64561,1.13,3.19
2013.06.26 14:45:44.259,1.64526,1.64558,2.07,1.69
2013.06.26 14:45:44.558,1.64526,1.6456,2.07,1.69
2013.06.26 14:45:46.626,1.64531,1.6456,1.50,1.69
2013.06.26 14:45:47.269,1.64531,1.6456,1.13,2.44
2013.06.26 14:45:47.568,1.64527,1.64558,2.07,1.69
2013.06.26 14:45:48.090,1.64528,1.64558,1.32,1.69
2013.06.26 14:45:48.602,1.64528,1.64558,1.32,1.69
2013.06.26 14:45:48.781,1.64525,1.64558,1.32,1.69
2013.06.26 14:45:48.988,1.64527,1.64559,1.32,1.69
2013.06.26 14:45:51.340,1.64527,1.64557,2.44,1.69
2013.06.26 14:45:51.701,1.64531,1.64558,1.13,2.07
2013.06.26 14:45:52.012,1.64535,1.64561,2.25,1.69
2013.06.26 14:45:52.409,1.64534,1.64561,1.50,1.69
2013.06.26 14:45:53.320,1.64534,1.64562,1.50,1.69
2013.06.26 14:45:54.788,1.64533,1.64562,1.88,1.69
2013.06.26 14:45:56.239,1.64532,1.64562,2.07,1.69
2013.06.26 14:45:56.789,1.64533,1.64562,1.88,1.69
2013.06.26 14:45:57.508,1.64534,1.64562,1.50,1.69
2013.06.26 14:45:57.700,1.64534,1.64562,1.50,1.69
2013.06.26 14:45:57.820,1.64531,1.64562,2.07,1.69
2013.06.26 14:45:58.001,1.64532,1.64562,2.82,1.69
2013.06.26 14:45:58.790,1.64532,1.64562,1.32,1.69
2013.06.26 14:45:59.368,1.64532,1.64561,1.13,1.69
2013.06.26 14:45:59.549,1.64532,1.64561,1.13,1.69
2013.06.26 14:45:59.919,1.64533,1.64563,1.13,1.69
2013.06.26 14:46:00.338,1.64531,1.64561,2.82,1.69
2013.06.26 14:46:00.450,1.64533,1.64563,1.13,1.69
2013.06.26 14:46:00.890,1.64533,1.64566,1.13,2.07
2013.06.26 14:46:00.949,1.64533,1.64565,1.13,1.69
2013.06.26 14:46:01.333,1.64528,1.64564,1.32,2.44
2013.06.26 14:46:01.522,1.64528,1.64559,1.32,1.69
2013.06.26 14:46:01.881,1.64535,1.64563,1.50,1.69
2013.06.26 14:46:02.390,1.64532,1.64563,1.13,1.69
2013.06.26 14:46:02.719,1.64534,1.64563,1.69,2.44
2013.06.26 14:46:03.240,1.64532,1.64563,1.13,2.44
2013.06.26 14:46:04.409,1.64534,1.64563,1.69,1.69
2013.06.26 14:46:04.809,1.64533,1.64562,1.88,1.69
2013.06.26 14:46:05.229,1.64529,1.6456,3.19,1.69
2013.06.26 14:46:06.291,1.6453,1.6456,2.44,1.69
2013.06.26 14:46:07.992,1.64532,1.6456,1.50,1.69
2013.06.26 14:46:08.350,1.64526,1.64558,1.69,1.69
2013.06.26 14:46:09.169,1.64528,1.64559,1.69,1.69
2013.06.26 14:46:12.938,1.64532,1.64558,1.13,1.69
2013.06.26 14:46:13.498,1.64532,1.64563,1.32,1.69
2013.06.26 14:46:14.149,1.64531,1.64559,1.69,1.69
2013.06.26 14:46:15.401,1.64531,1.64562,1.69,1.69
2013.06.26 14:46:19.327,1.64531,1.64561,3.19,2.44
2013.06.26 14:46:19.839,1.64531,1.64561,1.69,1.69
2013.06.26 14:46:20.342,1.64536,1.64561,1.50,1.69
2013.06.26 14:46:20.849,1.64536,1.64562,1.50,2.44
2013.06.26 14:46:21.401,1.64535,1.64562,2.25,1.69
2013.06.26 14:46:21.548,1.64538,1.64563,1.50,1.69
2013.06.26 14:46:22.088,1.64537,1.64563,2.25,1.69
2013.06.26 14:46:23.629,1.64537,1.64564,2.44,1.69
2013.06.26 14:46:29.558,1.64537,1.64566,1.32,1.69
2013.06.26 14:46:30.199,1.64534,1.64563,3.19,2.44
2013.06.26 14:46:30.509,1.64535,1.64563,3.19,1.69
2013.06.26 14:46:31.051,1.64537,1.64563,2.63,1.69
2013.06.26 14:46:31.419,1.64542,1.64569,1.50,1.69
2013.06.26 14:46:32.053,1.64543,1.64574,2.25,2.44
2013.06.26 14:46:32.109,1.64543,1.64574,3.00,2.44
2013.06.26 14:46:32.788,1.64543,1.64574,3.57,1.69
2013.06.26 14:46:33.328,1.64545,1.6457,2.25,1.69
2013.06.26 14:46:34.517,1.64544,1.64573,2.25,1.32
2013.06.26 14:46:34.770,1.64542,1.6457,1.69,1.69
2013.06.26 14:46:35.150,1.64541,1.64574,1.32,2.44
2013.06.26 14:46:36.824,1.64545,1.64574,1.69,1.69
2013.06.26 14:46:36.949,1.64547,1.64575,3.19,1.69
2013.06.26 14:46:37.253,1.64551,1.64581,1.32,1.69
2013.06.26 14:46:37.560,1.64555,1.64577,1.50,2.44
2013.06.26 14:46:37.860,1.64552,1.64577,2.44,1.69
2013.06.26 14:46:38.201,1.64552,1.64576,2.44,1.69
2013.06.26 14:46:38.869,1.64552,1.64577,2.44,1.69
2013.06.26 14:46:40.509,1.64552,1.64576,3.19,1.50
2013.06.26 14:46:42.710,1.64549,1.64576,1.69,1.69
2013.06.26 14:46:45.980,1.64547,1.64577,3.19,1.69
2013.06.26 14:46:46.039,1.64546,1.64577,3.19,1.69
2013.06.26 14:46:46.099,1.64546,1.64578,2.44,2.44
2013.06.26 14:46:46.642,1.64542,1.64569,2.44,1.13
2013.06.26 14:46:47.288,1.64541,1.6457,1.84,1.50
2013.06.26 14:46:47.411,1.64541,1.6457,1.84,1.69
2013.06.26 14:46:48.668,1.64539,1.6457,2.44,1.69
2013.06.26 14:46:50.588,1.64545,1.6457,1.69,1.69
2013.06.26 14:46:50.710,1.64548,1.6457,1.50,1.69
2013.06.26 14:46:51.130,1.64544,1.6457,2.25,1.69
2013.06.26 14:46:51.249,1.64544,1.6457,3.00,1.69
2013.06.26 14:46:51.669,1.64543,1.6457,1.69,1.69
2013.06.26 14:46:53.263,1.6454,1.6457,1.69,1.69
2013.06.26 14:46:53.564,1.64539,1.6457,1.69,1.69
2013.06.26 14:46:53.690,1.6454,1.64571,1.69,1.69
2013.06.26 14:46:54.568,1.64542,1.64572,1.69,2.44
2013.06.26 14:46:56.412,1.64537,1.64568,1.69,1.69
2013.06.26 14:46:57.308,1.64535,1.64568,2.44,2.44
2013.06.26 14:46:58.669,1.64535,1.64567,1.32,1.69
2013.06.26 14:46:58.728,1.64535,1.64565,1.32,1.69
2013.06.26 14:46:59.208,1.64527,1.64556,3.00,2.44
2013.06.26 14:46:59.329,1.64527,1.64553,2.25,1.69
2013.06.26 14:46:59.688,1.64526,1.64555,1.13,1.69
2013.06.26 14:46:59.808,1.64524,1.64558,1.69,1.69
2013.06.26 14:46:59.988,1.64526,1.64559,1.69,1.69
2013.06.26 14:47:00.958,1.64531,1.64557,1.13,1.69
2013.06.26 14:47:01.318,1.64521,1.64553,1.32,1.69
2013.06.26 14:47:01.378,1.64521,1.64551,2.07,1.32
2013.06.26 14:47:02.248,1.64522,1.64553,1.13,2.44
2013.06.26 14:47:04.420,1.64521,1.64551,1.32,1.69
2013.06.26 14:47:04.659,1.64521,1.64552,1.32,1.69
2013.06.26 14:47:06.391,1.64512,1.64544,1.13,2.44
2013.06.26 14:47:06.739,1.64521,1.64548,1.13,1.69
2013.06.26 14:47:08.511,1.64521,1.64549,1.13,1.32
2013.06.26 14:47:08.690,1.64521,1.64548,1.13,1.69
2013.06.26 14:47:08.989,1.64513,1.64544,1.32,3.94
2013.06.26 14:47:10.394,1.64512,1.6454,1.32,1.69
2013.06.26 14:47:10.699,1.64512,1.64539,1.32,1.69
2013.06.26 14:47:10.819,1.64512,1.64541,2.07,1.69
2013.06.26 14:47:10.880,1.64514,1.64542,1.84,1.69
2013.06.26 14:47:10.939,1.64516,1.64543,1.69,1.50
2013.06.26 14:47:11.240,1.64521,1.64547,1.32,1.13
2013.06.26 14:47:11.299,1.64521,1.64547,1.13,1.32
2013.06.26 14:47:11.420,1.64516,1.64545,3.53,1.50
2013.06.26 14:47:11.539,1.64517,1.64545,2.44,1.69
2013.06.26 14:47:11.833,1.64516,1.64544,1.13,2.44
2013.06.26 14:47:12.079,1.64511,1.64541,1.13,1.69
2013.06.26 14:47:12.139,1.64511,1.64541,1.13,3.19
2013.06.26 14:47:12.498,1.64507,1.64541,2.44,4.69
2013.06.26 14:47:13.209,1.64506,1.64537,1.69,1.69
2013.06.26 14:47:13.329,1.64512,1.6454,1.32,2.44
2013.06.26 14:47:13.389,1.64512,1.6454,1.32,2.44
2013.06.26 14:47:13.692,1.64507,1.64534,2.07,1.69
2013.06.26 14:47:13.990,1.64507,1.64534,1.69,1.69
2013.06.26 14:47:14.110,1.64506,1.64533,2.07,1.47
2013.06.26 14:47:14.290,1.64505,1.64527,1.32,1.13
2013.06.26 14:47:14.410,1.64507,1.64534,1.13,1.32
2013.06.26 14:47:14.530,1.64511,1.6453,1.13,1.88
2013.06.26 14:47:14.590,1.64511,1.6453,1.32,1.88
2013.06.26 14:47:14.650,1.64511,1.64539,1.32,1.32
2013.06.26 14:47:14.709,1.64511,1.64541,1.32,1.69
2013.06.26 14:47:15.610,1.64512,1.64543,2.07,1.84
2013.06.26 14:47:16.818,1.6452,1.64545,1.50,1.69
2013.06.26 14:47:17.298,1.64513,1.64545,2.82,1.69
2013.06.26 14:47:17.418,1.6452,1.64545,1.50,1.69
2013.06.26 14:47:17.739,1.64514,1.64546,2.44,1.69
2013.06.26 14:47:17.979,1.64511,1.64542,1.32,1.69
2013.06.26 14:47:18.038,1.64517,1.6454,1.50,1.32
2013.06.26 14:47:18.220,1.64514,1.64538,2.44,1.88
2013.06.26 14:47:18.339,1.64513,1.64538,1.88,3.00
2013.06.26 14:47:18.458,1.64513,1.64542,1.88,2.44
2013.06.26 14:47:20.149,1.64514,1.6454,1.69,1.13
2013.06.26 14:47:20.208,1.64514,1.6454,1.69,1.32
2013.06.26 14:47:20.809,1.64509,1.64534,1.69,1.50
2013.06.26 14:47:20.929,1.64505,1.64533,3.94,1.50
2013.06.26 14:47:21.510,1.64506,1.64537,1.69,1.32
2013.06.26 14:47:21.918,1.64511,1.64537,2.78,1.13
2013.06.26 14:47:22.458,1.64511,1.64542,3.19,1.50
2013.06.26 14:47:22.699,1.64511,1.64542,1.32,2.44
2013.06.26 14:47:23.201,1.64513,1.6454,1.32,1.50
2013.06.26 14:47:24.309,1.64515,1.64548,2.44,2.07
2013.06.26 14:47:24.368,1.64515,1.64548,2.44,1.32
2013.06.26 14:47:24.429,1.64515,1.64549,2.44,1.32
2013.06.26 14:47:24.748,1.64513,1.64549,2.07,1.69
2013.06.26 14:47:24.808,1.64513,1.64549,1.32,1.69
2013.06.26 14:47:25.109,1.64513,1.64544,2.07,1.69
2013.06.26 14:47:25.619,1.64513,1.64544,2.07,1.69
2013.06.26 14:47:25.799,1.64516,1.64544,1.69,1.50
2013.06.26 14:47:27.050,1.64517,1.64548,1.69,1.32
2013.06.26 14:47:28.408,1.64519,1.6455,1.69,1.32
2013.06.26 14:47:28.709,1.64519,1.64552,1.69,1.32
2013.06.26 14:47:28.768,1.64518,1.6455,1.69,1.32
2013.06.26 14:47:28.889,1.64519,1.64552,1.69,1.32
2013.06.26 14:47:29.369,1.64524,1.64556,2.44,2.44
2013.06.26 14:47:29.699,1.64528,1.64556,1.13,1.13
2013.06.26 14:47:30.219,1.6453,1.64556,1.13,1.32
2013.06.26 14:47:30.529,1.64529,1.64556,1.69,1.32
2013.06.26 14:47:31.088,1.64528,1.64556,1.13,1.32
2013.06.26 14:47:31.628,1.64528,1.64556,1.13,1.32
2013.06.26 14:47:31.910,1.64527,1.64554,1.88,1.32
2013.06.26 14:47:32.089,1.64522,1.64556,3.38,1.32
2013.06.26 14:47:35.115,1.64525,1.64555,1.69,1.69
2013.06.26 14:47:35.739,1.64524,1.64553,2.44,2.44
2013.06.26 14:47:35.918,1.6452,1.64554,1.69,2.44
2013.06.26 14:47:36.549,1.64524,1.64556,1.69,1.32
2013.06.26 14:47:37.890,1.64524,1.64556,1.69,1.32
2013.06.26 14:47:38.009,1.64524,1.64553,1.69,1.69
2013.06.26 14:47:38.130,1.64525,1.64553,1.69,2.44
2013.06.26 14:47:38.248,1.64527,1.64554,1.69,1.69
2013.06.26 14:47:38.608,1.64533,1.64559,2.07,2.44
2013.06.26 14:47:38.968,1.64524,1.64545,1.32,1.50
2013.06.26 14:47:39.088,1.64522,1.64545,3.57,1.50
2013.06.26 14:47:39.270,1.64521,1.64546,1.32,1.69
2013.06.26 14:47:39.551,1.64517,1.64544,1.13,1.32
2013.06.26 14:47:39.618,1.64516,1.64544,1.32,1.32
2013.06.26 14:47:39.858,1.64514,1.64545,1.32,2.44
2013.06.26 14:47:40.219,1.64514,1.64545,1.32,1.69
2013.06.26 14:47:40.278,1.64516,1.64545,1.32,1.69
2013.06.26 14:47:41.862,1.64515,1.64543,1.88,2.44
2013.06.26 14:47:42.160,1.64497,1.64523,2.25,1.13
2013.06.26 14:47:42.220,1.64496,1.64529,2.44,1.32
2013.06.26 14:47:42.280,1.64497,1.64531,1.69,1.69
2013.06.26 14:47:42.639,1.64509,1.64532,1.50,1.69
2013.06.26 14:47:42.939,1.64514,1.64533,1.50,1.32
2013.06.26 14:47:42.999,1.64514,1.64535,1.69,1.32
2013.06.26 14:47:43.389,1.64511,1.64544,3.19,1.69
2013.06.26 14:47:43.630,1.64514,1.64544,1.69,1.32
2013.06.26 14:47:43.689,1.64516,1.64544,1.69,1.32
2013.06.26 14:47:43.868,1.64518,1.6455,1.69,1.32
2013.06.26 14:47:43.988,1.64522,1.64552,1.13,1.32
2013.06.26 14:47:45.259,1.64517,1.64549,2.44,1.32
2013.06.26 14:47:45.560,1.64512,1.64538,3.94,1.13
2013.06.26 14:47:45.619,1.64513,1.64542,1.50,1.69
2013.06.26 14:47:45.928,1.64517,1.64547,1.69,2.44
2013.06.26 14:47:46.419,1.64522,1.64547,1.50,1.69
2013.06.26 14:47:46.599,1.64522,1.64547,1.32,1.32
2013.06.26 14:47:46.779,1.6452,1.64547,1.69,1.13
2013.06.26 14:47:46.959,1.64521,1.64552,1.13,1.69
2013.06.26 14:47:47.525,1.64521,1.64552,1.13,1.69
2013.06.26 14:47:48.202,1.64519,1.64548,1.69,1.32
2013.06.26 14:47:50.880,1.64518,1.64546,1.69,1.50
2013.06.26 14:47:51.238,1.64517,1.64546,1.69,1.69
2013.06.26 14:47:52.194,1.64526,1.6455,1.50,2.07
2013.06.26 14:47:52.499,1.64524,1.64549,1.69,1.13
2013.06.26 14:47:52.619,1.64527,1.64549,1.69,1.13
2013.06.26 14:47:52.919,1.64522,1.64549,3.19,1.88
2013.06.26 14:47:54.558,1.64524,1.64554,3.19,1.69
2013.06.26 14:47:54.900,1.64531,1.64559,1.32,2.22
2013.06.26 14:47:54.960,1.64536,1.64561,2.44,3.19
2013.06.26 14:47:55.020,1.64537,1.64564,1.69,1.69
2013.06.26 14:47:55.329,1.64537,1.64561,1.69,1.50
2013.06.26 14:47:55.629,1.64533,1.64559,1.32,1.13
2013.06.26 14:47:55.688,1.64533,1.64558,1.32,1.13
2013.06.26 14:47:56.098,1.64533,1.64558,1.32,1.13
2013.06.26 14:47:56.219,1.64534,1.64565,1.69,3.34
2013.06.26 14:47:56.278,1.64537,1.64565,1.69,2.44
2013.06.26 14:47:56.659,1.64533,1.64559,1.32,1.13
2013.06.26 14:47:59.139,1.64535,1.64562,1.32,1.69
2013.06.26 14:47:59.499,1.64536,1.64566,2.44,1.69
2013.06.26 14:47:59.922,1.64536,1.64564,1.69,1.32
2013.06.26 14:48:00.390,1.64535,1.64565,1.69,3.19
2013.06.26 14:48:01.468,1.64536,1.64565,1.69,2.44
2013.06.26 14:48:02.082,1.64536,1.64565,1.69,2.44
2013.06.26 14:48:02.213,1.64532,1.64553,1.32,1.13
2013.06.26 14:48:02.741,1.64534,1.64562,2.44,1.69
2013.06.26 14:48:03.158,1.64538,1.64563,1.69,1.69
2013.06.26 14:48:03.288,1.64541,1.64563,1.32,1.69
2013.06.26 14:48:04.849,1.64542,1.64567,1.32,1.13
2013.06.26 14:48:05.468,1.64541,1.64568,1.69,1.69
2013.06.26 14:48:05.589,1.64539,1.64566,2.44,1.69
2013.06.26 14:48:05.649,1.64539,1.64563,2.44,1.50
2013.06.26 14:48:05.769,1.64536,1.64563,2.44,1.69
2013.06.26 14:48:05.949,1.64532,1.64565,2.25,2.07
2013.06.26 14:48:06.069,1.64532,1.64565,1.50,2.07
2013.06.26 14:48:07.869,1.64533,1.64564,1.32,1.32
2013.06.26 14:48:07.990,1.64542,1.64564,1.69,1.13
2013.06.26 14:48:08.290,1.64542,1.64565,1.32,1.69
2013.06.26 14:48:09.929,1.64542,1.64567,1.32,1.32
2013.06.26 14:48:10.830,1.64541,1.64569,1.32,1.32
2013.06.26 14:48:10.949,1.64544,1.64573,1.50,1.32
2013.06.26 14:48:11.009,1.64544,1.64573,1.69,1.69
2013.06.26 14:48:11.469,1.64542,1.64569,3.57,1.32
2013.06.26 14:48:12.129,1.64548,1.64573,1.50,1.32
2013.06.26 14:48:12.189,1.64548,1.64573,3.19,1.13
2013.06.26 14:48:12.428,1.64549,1.64579,2.44,1.32
2013.06.26 14:48:13.599,1.64549,1.64584,2.44,1.69
2013.06.26 14:48:13.658,1.64552,1.64585,1.69,1.69
2013.06.26 14:48:13.719,1.64555,1.64588,1.13,1.69
2013.06.26 14:48:14.169,1.64552,1.64578,3.57,1.50
2013.06.26 14:48:14.349,1.64548,1.64574,2.44,1.50
2013.06.26 14:48:14.409,1.64546,1.64574,1.13,1.69
2013.06.26 14:48:14.589,1.64542,1.64567,1.32,1.13
2013.06.26 14:48:14.709,1.64539,1.64567,1.32,1.32
2013.06.26 14:48:14.770,1.64538,1.64569,2.44,1.32
2013.06.26 14:48:14.829,1.64536,1.64569,1.69,1.32
2013.06.26 14:48:15.140,1.6454,1.64569,1.50,1.32
2013.06.26 14:48:15.198,1.64535,1.64568,2.44,2.07
2013.06.26 14:48:16.780,1.64539,1.64567,1.50,1.32
2013.06.26 14:48:17.616,1.64539,1.64567,1.50,1.32
2013.06.26 14:48:18.149,1.64535,1.64563,1.69,1.69
2013.06.26 14:48:21.361,1.64533,1.64563,3.75,1.69
2013.06.26 14:48:22.089,1.64536,1.64566,1.69,1.69
2013.06.26 14:48:22.148,1.64542,1.64566,2.44,1.50
2013.06.26 14:48:22.269,1.64542,1.6457,2.44,2.07
2013.06.26 14:48:22.448,1.64543,1.64566,1.32,1.50
2013.06.26 14:48:22.568,1.64534,1.64563,2.07,1.32
2013.06.26 14:48:22.628,1.64534,1.64566,1.69,3.19
2013.06.26 14:48:22.808,1.64534,1.6456,1.69,1.50
2013.06.26 14:48:23.109,1.64532,1.64557,1.13,2.44
2013.06.26 14:48:23.612,1.64528,1.64552,1.32,1.69
2013.06.26 14:48:25.409,1.6453,1.64555,1.32,1.88
2013.06.26 14:48:25.859,1.6453,1.64553,1.32,1.50
2013.06.26 14:48:26.399,1.6453,1.64554,1.32,2.25
2013.06.26 14:48:26.914,1.64529,1.64554,2.07,1.69
2013.06.26 14:48:27.899,1.64526,1.64553,1.69,1.69
2013.06.26 14:48:28.210,1.64526,1.64557,1.32,1.32
2013.06.26 14:48:28.651,1.64525,1.64549,1.32,1.50
2013.06.26 14:48:29.190,1.64523,1.64549,1.25,1.69
2013.06.26 14:48:31.119,1.64527,1.64553,1.22,1.69
2013.06.26 14:48:31.299,1.64526,1.64555,1.69,2.07
2013.06.26 14:48:31.659,1.64525,1.64553,1.69,1.50
2013.06.26 14:48:31.779,1.64524,1.64553,1.69,1.69
2013.06.26 14:48:32.800,1.64526,1.64555,2.44,1.32
2013.06.26 14:48:34.479,1.64526,1.64554,1.69,1.32
2013.06.26 14:48:34.660,1.64524,1.64555,1.69,1.32
2013.06.26 14:48:35.020,1.64526,1.64549,1.69,1.13
2013.06.26 14:48:35.079,1.64525,1.64549,1.69,1.50
2013.06.26 14:48:35.139,1.64519,1.64541,2.44,1.50
2013.06.26 14:48:35.200,1.64518,1.64541,1.69,1.50
2013.06.26 14:48:35.260,1.64515,1.64534,2.44,1.13
2013.06.26 14:48:35.379,1.64515,1.64534,1.50,1.32
2013.06.26 14:48:35.561,1.64509,1.64533,3.19,1.13
2013.06.26 14:48:36.078,1.64512,1.64542,1.50,1.32
2013.06.26 14:48:36.481,1.64512,1.64542,1.69,1.32
2013.06.26 14:48:37.190,1.64512,1.64544,1.13,1.32
2013.06.26 14:48:37.310,1.64513,1.64544,2.44,1.32
2013.06.26 14:48:39.010,1.64514,1.64544,2.44,1.32
2013.06.26 14:48:39.188,1.64515,1.64544,2.44,1.32
2013.06.26 14:48:40.919,1.64513,1.64544,1.69,1.32
2013.06.26 14:48:40.980,1.64513,1.64544,1.69,2.07
2013.06.26 14:48:43.110,1.64511,1.6454,2.44,1.32
2013.06.26 14:48:43.228,1.64509,1.64534,1.69,1.13
2013.06.26 14:48:45.879,1.64515,1.64543,1.69,2.07
2013.06.26 14:48:45.939,1.64515,1.64543,1.69,1.69
2013.06.26 14:48:46.703,1.64516,1.64545,1.69,1.69
2013.06.26 14:48:46.821,1.64516,1.64545,1.69,1.69
2013.06.26 14:48:46.885,1.64517,1.64545,1.69,1.69
2013.06.26 14:48:48.219,1.6452,1.64545,1.69,1.50
2013.06.26 14:48:48.579,1.64517,1.64544,1.69,1.69
2013.06.26 14:48:48.699,1.64516,1.64543,2.44,2.82
2013.06.26 14:48:49.429,1.64516,1.64543,1.69,2.07
2013.06.26 14:48:49.729,1.64517,1.64542,1.69,1.69
2013.06.26 14:48:50.309,1.64516,1.6454,1.69,1.50
2013.06.26 14:48:50.859,1.64516,1.64544,1.69,2.07
2013.06.26 14:48:50.919,1.64515,1.6454,1.69,1.50
2013.06.26 14:48:51.742,1.64513,1.6454,1.32,1.50
2013.06.26 14:48:52.389,1.64513,1.6454,1.32,1.50
2013.06.26 14:48:52.509,1.64516,1.64544,1.69,2.07
2013.06.26 14:48:53.081,1.64513,1.6454,1.32,1.50
2013.06.26 14:48:53.409,1.64513,1.6454,1.32,1.69
2013.06.26 14:48:54.009,1.64513,1.64541,2.03,1.69
2013.06.26 14:48:54.129,1.64516,1.64539,1.32,1.69
2013.06.26 14:48:54.308,1.64499,1.64529,1.69,2.07
2013.06.26 14:48:54.549,1.64499,1.64533,1.69,2.07
2013.06.26 14:48:54.669,1.64502,1.64533,1.69,2.07
2013.06.26 14:48:54.731,1.64508,1.64534,1.69,1.69
2013.06.26 14:48:54.789,1.64509,1.64534,1.69,1.13
2013.06.26 14:48:55.833,1.64515,1.64544,1.69,1.69
2013.06.26 14:48:56.140,1.64516,1.64549,1.69,2.44
2013.06.26 14:48:56.200,1.64519,1.64549,1.69,1.69
2013.06.26 14:48:56.259,1.64519,1.64546,1.69,1.32
2013.06.26 14:48:56.898,1.64518,1.64547,1.69,1.32
2013.06.26 14:48:57.079,1.64516,1.64541,1.50,1.32
2013.06.26 14:48:57.139,1.64513,1.64545,1.69,1.32
2013.06.26 14:48:58.568,1.64512,1.64534,1.32,1.13
2013.06.26 14:48:58.628,1.64511,1.64534,1.32,1.13
2013.06.26 14:48:58.689,1.64507,1.64527,1.32,1.13
2013.06.26 14:48:58.928,1.6451,1.64531,1.32,1.50
2013.06.26 14:48:59.048,1.6451,1.64534,1.32,3.38
2013.06.26 14:48:59.108,1.6451,1.64533,1.32,1.13
2013.06.26 14:48:59.168,1.6451,1.64534,1.32,1.50
2013.06.26 14:48:59.229,1.64507,1.64534,1.69,1.32
2013.06.26 14:48:59.289,1.64506,1.64537,1.69,2.44
2013.06.26 14:49:01.239,1.64508,1.64532,2.44,1.13
2013.06.26 14:49:01.419,1.64511,1.64536,1.13,3.57
2013.06.26 14:49:01.658,1.64511,1.64536,3.19,1.88
2013.06.26 14:49:02.183,1.64515,1.64541,1.69,2.44
2013.06.26 14:49:02.240,1.64515,1.64544,1.69,2.44
2013.06.26 14:49:02.300,1.64513,1.64544,2.44,2.44
2013.06.26 14:49:02.361,1.64518,1.64544,1.69,2.44
2013.06.26 14:49:02.422,1.64523,1.6455,1.13,1.88
2013.06.26 14:49:02.550,1.64522,1.64548,1.32,1.50
2013.06.26 14:49:02.669,1.64522,1.64549,1.32,1.13
2013.06.26 14:49:02.732,1.64521,1.64549,1.32,1.32
2013.06.26 14:49:03.040,1.64523,1.64549,2.82,1.50
2013.06.26 14:49:03.099,1.64526,1.64553,1.32,1.50
2013.06.26 14:49:03.160,1.64533,1.64553,1.13,1.13
2013.06.26 14:49:03.279,1.64533,1.64555,1.13,1.50
2013.06.26 14:49:03.579,1.64536,1.64561,1.69,1.50
2013.06.26 14:49:03.640,1.64532,1.6456,1.32,1.65
2013.06.26 14:49:03.700,1.64531,1.64559,2.07,1.50
2013.06.26 14:49:03.819,1.64534,1.64559,1.69,1.69
2013.06.26 14:49:03.939,1.64537,1.64563,1.69,1.69
2013.06.26 14:49:04.480,1.64536,1.64562,1.69,1.88
2013.06.26 14:49:04.539,1.64535,1.64562,1.69,2.07
2013.06.26 14:49:05.639,1.64536,1.64569,1.69,1.69
2013.06.26 14:49:07.858,1.64536,1.64569,2.44,1.69
2013.06.26 14:49:08.370,1.64539,1.64565,1.69,1.32
2013.06.26 14:49:08.728,1.64537,1.64564,1.69,1.69
2013.06.26 14:49:09.328,1.64537,1.64564,1.69,1.69
2013.06.26 14:49:09.944,1.64532,1.64554,2.07,1.50
2013.06.26 14:49:10.851,1.6453,1.64554,1.69,1.69
2013.06.26 14:49:12.736,1.64527,1.64554,1.69,1.69
2013.06.26 14:49:14.228,1.64533,1.64555,1.50,1.69
2013.06.26 14:49:15.999,1.64535,1.64555,1.69,1.50
2013.06.26 14:49:16.541,1.64534,1.64559,3.19,1.69
2013.06.26 14:49:18.729,1.64537,1.64565,1.69,1.32
2013.06.26 14:49:18.788,1.64537,1.64565,2.44,1.69
2013.06.26 14:49:18.909,1.64539,1.64565,1.69,1.32
2013.06.26 14:49:19.149,1.64537,1.64565,3.19,1.32
2013.06.26 14:49:19.509,1.64537,1.64567,2.44,1.32
2013.06.26 14:49:19.569,1.64537,1.64567,2.44,1.32
2013.06.26 14:49:20.049,1.64537,1.64569,2.44,1.69
2013.06.26 14:49:20.660,1.64539,1.64569,1.69,1.69
2013.06.26 14:49:21.019,1.64534,1.64563,2.44,1.32
2013.06.26 14:49:21.520,1.64534,1.64565,1.69,1.32
2013.06.26 14:49:24.765,1.64534,1.64563,1.69,2.07
2013.06.26 14:49:24.889,1.64534,1.64563,1.69,1.69
2013.06.26 14:49:25.681,1.64533,1.64562,1.69,1.32
2013.06.26 14:49:25.980,1.64519,1.64544,1.32,1.13
2013.06.26 14:49:26.039,1.64525,1.64544,1.50,1.13
2013.06.26 14:49:26.219,1.64519,1.64549,1.69,3.19
2013.06.26 14:49:27.749,1.64522,1.6455,1.13,2.44
2013.06.26 14:49:28.549,1.64519,1.64549,2.07,2.44
2013.06.26 14:49:28.762,1.64522,1.64549,1.13,2.44
2013.06.26 14:49:29.480,1.64522,1.64551,1.13,2.44
2013.06.26 14:49:30.024,1.64522,1.64551,1.32,2.44
2013.06.26 14:49:30.578,1.64522,1.6455,1.32,2.44
2013.06.26 14:49:32.969,1.64521,1.64554,1.69,2.44
2013.06.26 14:49:34.079,1.64521,1.64549,1.69,1.69
2013.06.26 14:49:34.380,1.64507,1.64529,1.32,1.13
2013.06.26 14:49:49.050,1.64511,1.64539,1.32,1.69
2013.06.26 14:49:49.221,1.64511,1.64539,1.32,1.32
2013.06.26 14:49:53.149,1.64512,1.64538,1.13,1.32
2013.06.26 14:49:53.510,1.64511,1.64539,1.13,3.19
2013.06.26 14:49:53.571,1.64511,1.64539,1.13,2.82
2013.06.26 14:49:53.690,1.64516,1.64539,2.25,1.13
2013.06.26 14:49:53.870,1.6452,1.64545,1.50,1.50
2013.06.26 14:49:54.049,1.64522,1.64548,1.88,1.13
2013.06.26 14:49:54.170,1.64523,1.64548,1.13,1.13
2013.06.26 14:49:54.529,1.64529,1.64554,1.69,1.13
2013.06.26 14:49:54.709,1.64534,1.6456,1.69,1.32
2013.06.26 14:49:55.529,1.64536,1.64561,1.69,1.32
2013.06.26 14:49:59.164,1.64531,1.64562,1.69,1.32
2013.06.26 14:50:00.639,1.64532,1.64563,1.69,2.82
2013.06.26 14:50:00.759,1.64535,1.64563,1.69,2.63
2013.06.26 14:50:01.299,1.64541,1.64563,1.32,1.13
2013.06.26 14:50:01.360,1.64539,1.64563,1.32,1.32
2013.06.26 14:50:01.492,1.64537,1.64563,1.69,2.82
2013.06.26 14:50:01.609,1.64536,1.64563,1.69,3.57
2013.06.26 14:50:01.729,1.64532,1.64563,1.69,1.32
2013.06.26 14:50:02.758,1.64535,1.64564,1.69,2.07
2013.06.26 14:50:03.140,1.64531,1.64562,2.44,2.44
2013.06.26 14:50:03.679,1.64532,1.64561,1.32,1.69
2013.06.26 14:50:04.039,1.64537,1.64559,1.69,1.50
2013.06.26 14:50:04.159,1.64537,1.64563,1.69,1.69
2013.06.26 14:50:05.229,1.64537,1.64568,2.07,3.94
2013.06.26 14:50:07.360,1.64539,1.64568,1.32,2.44
2013.06.26 14:50:09.829,1.64539,1.64568,1.32,2.07
2013.06.26 14:50:14.310,1.64541,1.64569,1.32,1.32
2013.06.26 14:50:16.069,1.64541,1.64569,1.32,1.69
2013.06.26 14:50:16.279,1.64541,1.64569,1.32,1.32
2013.06.26 14:50:17.449,1.6454,1.64568,1.69,1.69
2013.06.26 14:50:18.169,1.64542,1.64569,1.32,1.32
2013.06.26 14:50:18.409,1.64541,1.64568,2.07,2.07
2013.06.26 14:50:18.703,1.64543,1.64568,1.32,2.07
2013.06.26 14:50:19.070,1.6455,1.64575,1.32,2.25
2013.06.26 14:50:19.130,1.64567,1.64578,1.13,2.63
2013.06.26 14:50:19.190,1.64566,1.64588,1.50,1.69
2013.06.26 14:50:19.310,1.64566,1.64594,2.25,1.50
2013.06.26 14:50:19.429,1.64566,1.64594,1.69,2.44
2013.06.26 14:50:19.609,1.64557,1.64581,1.69,1.13
2013.06.26 14:50:19.669,1.64557,1.64586,1.69,1.32
2013.06.26 14:50:19.729,1.64558,1.64583,1.32,1.88
2013.06.26 14:50:19.911,1.64562,1.64588,1.13,1.69
2013.06.26 14:50:20.032,1.64562,1.64589,2.07,1.50
2013.06.26 14:50:20.161,1.64563,1.64595,1.69,1.50
2013.06.26 14:50:20.280,1.64565,1.64593,1.69,1.50
2013.06.26 14:50:20.639,1.64567,1.64598,2.44,1.69
2013.06.26 14:50:21.937,1.64566,1.64594,2.44,2.25
2013.06.26 14:50:22.409,1.64566,1.64594,2.44,2.25
2013.06.26 14:50:22.470,1.64565,1.64591,1.69,1.88
2013.06.26 14:50:22.650,1.64563,1.64588,1.69,1.13
2013.06.26 14:50:23.009,1.64559,1.64579,1.69,2.25
2013.06.26 14:50:23.069,1.64556,1.64579,1.69,2.44
2013.06.26 14:50:23.189,1.64555,1.64577,1.69,1.50
2013.06.26 14:50:23.492,1.64553,1.64578,1.50,1.13
2013.06.26 14:50:23.550,1.64549,1.64577,2.44,1.50
2013.06.26 14:50:23.611,1.64546,1.64577,1.32,1.32
2013.06.26 14:50:23.671,1.64546,1.64577,1.32,1.32
2013.06.26 14:50:24.029,1.64549,1.64574,1.50,1.69
2013.06.26 14:50:24.209,1.64548,1.64578,2.07,1.32
2013.06.26 14:50:24.759,1.6455,1.64574,1.69,2.44
2013.06.26 14:50:25.790,1.6455,1.64574,1.69,2.07
2013.06.26 14:50:25.870,1.6455,1.64574,1.69,2.07
2013.06.26 14:50:25.930,1.6455,1.64574,2.44,1.88
2013.06.26 14:50:26.250,1.6455,1.64573,2.44,1.50
2013.06.26 14:50:26.489,1.64547,1.64573,2.07,1.69
2013.06.26 14:50:29.089,1.64539,1.64568,1.69,1.50
2013.06.26 14:50:32.009,1.64537,1.64567,2.44,1.69
2013.06.26 14:50:37.629,1.64537,1.64568,1.69,1.69
2013.06.26 14:50:39.128,1.64538,1.64568,1.69,1.69
2013.06.26 14:50:40.099,1.64538,1.64566,1.69,1.32
2013.06.26 14:50:40.460,1.64537,1.64563,1.69,1.88
2013.06.26 14:50:41.389,1.6454,1.64568,1.13,2.07
2013.06.26 14:50:41.642,1.64541,1.64568,1.13,1.32
2013.06.26 14:50:41.999,1.64543,1.6457,1.69,1.32
2013.06.26 14:50:42.469,1.64543,1.64567,1.69,1.50
2013.06.26 14:50:43.989,1.64544,1.64567,1.69,1.50
2013.06.26 14:50:44.301,1.64544,1.64565,1.69,1.50
2013.06.26 14:50:44.939,1.64544,1.64564,1.69,1.50
2013.06.26 14:50:45.062,1.64544,1.64567,1.69,1.50
2013.06.26 14:50:45.180,1.64548,1.64567,1.69,1.50
2013.06.26 14:50:45.420,1.64558,1.64578,1.13,2.25
2013.06.26 14:50:45.481,1.6456,1.6458,1.69,1.50
2013.06.26 14:50:45.601,1.64561,1.64581,1.32,1.50
2013.06.26 14:50:45.719,1.6456,1.64588,1.69,1.69
2013.06.26 14:50:45.782,1.64561,1.64588,1.69,1.69
2013.06.26 14:50:46.150,1.64559,1.64588,1.69,2.44
2013.06.26 14:50:46.210,1.64558,1.64585,1.32,2.44
2013.06.26 14:50:46.859,1.64559,1.64588,1.69,2.44
2013.06.26 14:50:47.890,1.64559,1.64588,1.69,2.44
2013.06.26 14:50:47.996,1.64559,1.64588,1.69,2.44
2013.06.26 14:50:48.060,1.64558,1.64588,1.32,2.44
2013.06.26 14:50:48.120,1.6456,1.64584,1.69,1.50
2013.06.26 14:50:48.364,1.64562,1.64584,2.07,1.50
2013.06.26 14:50:48.550,1.64562,1.64591,2.07,1.69
2013.06.26 14:50:49.940,1.64565,1.64592,1.69,1.69
2013.06.26 14:50:50.542,1.64565,1.64597,1.69,2.07
2013.06.26 14:50:51.291,1.64565,1.64597,1.69,2.07
2013.06.26 14:50:51.804,1.64567,1.64595,1.69,2.07
2013.06.26 14:50:52.590,1.64561,1.64594,1.69,1.69
2013.06.26 14:50:57.259,1.64566,1.64594,1.69,2.44
2013.06.26 14:50:57.389,1.64569,1.64595,1.69,2.07
2013.06.26 14:51:00.089,1.6457,1.64597,1.69,1.32
2013.06.26 14:51:03.339,1.64571,1.64598,1.69,1.69
2013.06.26 14:51:05.119,1.64571,1.64604,2.44,3.57
2013.06.26 14:51:05.540,1.64571,1.64603,1.69,1.69
2013.06.26 14:51:06.459,1.64571,1.64601,1.69,1.69
2013.06.26 14:51:07.239,1.64571,1.64599,2.44,3.19
2013.06.26 14:51:07.420,1.64566,1.64594,1.13,2.07
2013.06.26 14:51:07.599,1.64561,1.64588,1.69,1.13
2013.06.26 14:51:08.281,1.64562,1.64587,1.69,1.69
2013.06.26 14:51:08.691,1.64563,1.64589,1.32,1.69
2013.06.26 14:51:08.765,1.64566,1.64597,1.32,1.69
2013.06.26 14:51:10.640,1.64566,1.64593,1.69,2.25
2013.06.26 14:51:10.699,1.64563,1.64592,1.69,1.69
2013.06.26 14:51:10.818,1.64566,1.64592,1.69,1.69
2013.06.26 14:51:11.119,1.64577,1.64601,1.28,1.50
2013.06.26 14:51:11.420,1.64586,1.64617,1.32,1.32
2013.06.26 14:51:14.430,1.64588,1.64619,3.00,2.82
2013.06.26 14:51:14.491,1.64592,1.64624,1.69,1.50
2013.06.26 14:51:14.610,1.64592,1.64625,2.44,2.07
2013.06.26 14:51:14.962,1.64598,1.64625,1.69,1.88
2013.06.26 14:51:16.414,1.64592,1.64625,1.69,2.07
2013.06.26 14:51:16.710,1.64592,1.64623,1.69,1.69
2013.06.26 14:51:17.640,1.64592,1.64619,1.69,1.50
2013.06.26 14:51:18.009,1.64589,1.64613,2.44,1.50
2013.06.26 14:51:18.314,1.64587,1.64613,1.69,1.50
2013.06.26 14:51:19.571,1.64587,1.64616,1.69,2.44
2013.06.26 14:51:20.429,1.64587,1.64614,1.69,1.50
2013.06.26 14:51:21.044,1.64587,1.64616,1.69,1.69
2013.06.26 14:51:21.559,1.64586,1.64614,1.32,2.44
2013.06.26 14:51:21.739,1.64586,1.64612,1.32,1.50
2013.06.26 14:51:22.311,1.64583,1.64611,1.32,2.25
2013.06.26 14:51:22.489,1.64586,1.6461,1.32,1.50
2013.06.26 14:51:22.950,1.64586,1.64612,1.13,1.69
2013.06.26 14:51:23.255,1.64582,1.64612,1.32,2.07
2013.06.26 14:51:23.334,1.64572,1.64603,1.32,1.32
2013.06.26 14:51:23.580,1.6457,1.64605,2.82,1.32
2013.06.26 14:51:24.600,1.6457,1.64603,1.32,1.32
2013.06.26 14:51:24.672,1.6457,1.64603,1.32,2.07
2013.06.26 14:51:24.891,1.6457,1.64603,1.32,1.32
2013.06.26 14:51:25.649,1.6457,1.64603,1.32,2.07
2013.06.26 14:51:26.319,1.64568,1.64601,1.32,1.69
2013.06.26 14:51:27.530,1.64571,1.64603,2.44,1.32
2013.06.26 14:51:28.060,1.64572,1.64603,1.69,1.32
2013.06.26 14:51:28.719,1.64581,1.64609,1.50,1.32
2013.06.26 14:51:29.020,1.64588,1.64612,1.50,1.69
2013.06.26 14:51:29.260,1.64581,1.64615,1.69,1.32
2013.06.26 14:51:29.800,1.64578,1.64609,1.69,1.50
2013.06.26 14:51:30.339,1.6458,1.64613,1.69,2.44
2013.06.26 14:51:30.640,1.6458,1.64613,3.19,1.69
2013.06.26 14:51:30.701,1.64581,1.64612,1.69,1.69
2013.06.26 14:51:31.059,1.64584,1.64615,1.69,1.32
2013.06.26 14:51:31.860,1.64583,1.64615,1.32,2.07
2013.06.26 14:51:32.160,1.64581,1.64614,1.69,1.69
2013.06.26 14:51:32.519,1.64581,1.64614,2.07,3.19
2013.06.26 14:51:32.580,1.64581,1.64607,1.32,1.50
2013.06.26 14:51:32.639,1.64577,1.64603,2.07,1.50
2013.06.26 14:51:32.759,1.64576,1.64601,1.32,1.50
2013.06.26 14:51:32.939,1.64577,1.64602,1.13,1.50
2013.06.26 14:51:33.299,1.64577,1.64603,1.13,1.69
2013.06.26 14:51:33.539,1.64577,1.64605,1.13,1.69
2013.06.26 14:51:34.179,1.64577,1.64608,1.32,2.44
2013.06.26 14:51:36.159,1.64577,1.64607,1.32,1.69
2013.06.26 14:51:36.340,1.64577,1.64607,1.32,1.69
2013.06.26 14:51:36.520,1.64577,1.64609,1.32,2.44
2013.06.26 14:51:37.409,1.64576,1.64606,1.32,2.44
2013.06.26 14:51:37.469,1.64569,1.64601,1.69,1.50
2013.06.26 14:51:37.529,1.64566,1.64601,1.69,3.19
2013.06.26 14:51:37.950,1.64565,1.64598,1.69,1.32
2013.06.26 14:51:38.190,1.64571,1.64599,1.32,2.44
2013.06.26 14:51:38.496,1.64572,1.64601,1.32,3.19
2013.06.26 14:51:38.559,1.64571,1.64601,1.32,3.19
2013.06.26 14:51:39.990,1.64571,1.64604,2.07,1.69
2013.06.26 14:51:41.571,1.64572,1.64604,2.07,2.44
2013.06.26 14:51:41.811,1.64567,1.64598,1.69,1.69
2013.06.26 14:51:41.990,1.64567,1.64595,1.69,1.69
2013.06.26 14:51:42.501,1.64567,1.64595,1.32,1.69
2013.06.26 14:51:42.859,1.64571,1.64596,1.32,1.69
2013.06.26 14:51:42.979,1.64561,1.64594,1.32,2.44
2013.06.26 14:51:43.160,1.64561,1.64594,1.32,1.69
2013.06.26 14:51:43.361,1.64561,1.64594,1.32,2.44
2013.06.26 14:51:43.839,1.64564,1.64594,1.32,1.69
2013.06.26 14:51:44.150,1.64571,1.64595,1.13,1.69
2013.06.26 14:51:44.709,1.64566,1.64597,1.69,1.69
2013.06.26 14:51:44.829,1.64563,1.64594,1.32,1.69
2013.06.26 14:51:44.949,1.64562,1.64595,1.32,3.19
2013.06.26 14:51:45.489,1.64572,1.64598,1.32,1.69
2013.06.26 14:51:45.549,1.64572,1.64598,1.69,1.50
2013.06.26 14:51:46.132,1.64572,1.64602,1.69,1.69
2013.06.26 14:51:47.681,1.64573,1.64603,1.32,1.69
2013.06.26 14:51:51.661,1.64572,1.64602,1.69,1.50
2013.06.26 14:51:52.019,1.64573,1.64604,1.69,3.19
2013.06.26 14:51:55.664,1.64573,1.646,3.87,1.69
2013.06.26 14:51:55.842,1.64576,1.64602,2.44,1.50
2013.06.26 14:51:55.910,1.6459,1.64608,1.69,1.13
2013.06.26 14:51:56.214,1.64587,1.64612,1.69,1.13
2013.06.26 14:51:56.342,1.64581,1.6461,1.32,1.69
2013.06.26 14:51:56.400,1.64582,1.6461,1.32,1.69
2013.06.26 14:51:56.949,1.64582,1.64602,1.32,1.50
2013.06.26 14:51:57.190,1.64577,1.64603,2.07,2.25
2013.06.26 14:51:57.429,1.64575,1.64603,1.69,1.69
2013.06.26 14:51:57.609,1.64567,1.64596,1.32,1.69
2013.06.26 14:51:57.729,1.64564,1.64591,1.32,2.25
2013.06.26 14:51:58.245,1.64561,1.64591,1.69,2.25
2013.06.26 14:51:58.799,1.64561,1.64592,1.69,1.69
2013.06.26 14:51:59.140,1.64559,1.64592,1.69,2.44
2013.06.26 14:51:59.259,1.64557,1.64593,1.69,3.19
2013.06.26 14:51:59.499,1.64557,1.64587,1.69,2.44
2013.06.26 14:52:00.119,1.64557,1.64585,1.32,2.25
2013.06.26 14:52:00.239,1.64553,1.64583,2.44,2.25
2013.06.26 14:52:00.419,1.64557,1.64584,1.69,2.25
2013.06.26 14:52:00.720,1.64555,1.64585,2.82,2.25
2013.06.26 14:52:00.779,1.64557,1.64585,1.09,2.44
2013.06.26 14:52:00.839,1.64559,1.64585,1.69,2.25
2013.06.26 14:52:00.959,1.64563,1.64585,1.32,2.25
2013.06.26 14:52:01.319,1.6456,1.64588,1.69,1.32
2013.06.26 14:52:01.499,1.64557,1.64588,1.69,1.32
2013.06.26 14:52:01.559,1.64557,1.64587,1.69,1.32
2013.06.26 14:52:02.219,1.64564,1.64593,1.32,1.69
2013.06.26 14:52:04.050,1.64562,1.64585,1.50,1.69
2013.06.26 14:52:04.819,1.64559,1.64583,1.32,1.50
2013.06.26 14:52:05.164,1.64559,1.6458,1.32,1.50
2013.06.26 14:52:05.419,1.64554,1.6458,1.69,2.25
2013.06.26 14:52:05.969,1.64554,1.64578,1.69,1.50
2013.06.26 14:52:06.089,1.64554,1.64575,1.69,1.50
2013.06.26 14:52:06.149,1.64552,1.64575,1.69,1.50
2013.06.26 14:52:07.379,1.64552,1.64578,2.44,1.50
2013.06.26 14:52:07.919,1.64552,1.64577,2.44,1.50
2013.06.26 14:52:08.219,1.64552,1.64575,1.69,2.25
2013.06.26 14:52:08.279,1.64548,1.64573,1.69,2.25
2013.06.26 14:52:08.399,1.64547,1.64573,1.69,3.94
2013.06.26 14:52:08.519,1.64547,1.6457,1.32,1.50
2013.06.26 14:52:08.639,1.64554,1.6457,1.13,1.50
2013.06.26 14:52:08.699,1.64554,1.64573,1.50,1.69
2013.06.26 14:52:08.759,1.64554,1.64573,1.50,1.69
2013.06.26 14:52:08.939,1.64554,1.64577,1.50,2.44
2013.06.26 14:52:09.582,1.64554,1.64578,1.69,1.50
2013.06.26 14:52:09.711,1.64555,1.64577,1.32,3.00
2013.06.26 14:52:10.030,1.64555,1.64573,1.32,1.50
2013.06.26 14:52:10.270,1.64555,1.64576,1.32,1.50
2013.06.26 14:52:10.329,1.64554,1.64576,1.69,1.50
2013.06.26 14:52:10.450,1.64554,1.64577,1.69,1.50
2013.06.26 14:52:10.510,1.64554,1.64577,1.69,2.25
2013.06.26 14:52:10.859,1.64555,1.64575,1.32,1.50
2013.06.26 14:52:11.159,1.64555,1.64581,1.32,1.69
2013.06.26 14:52:11.399,1.64555,1.64578,1.32,1.50
2013.06.26 14:52:11.582,1.64554,1.64579,1.69,1.69
2013.06.26 14:52:12.850,1.64552,1.64579,1.69,2.44
2013.06.26 14:52:13.029,1.64555,1.64578,1.32,1.50
2013.06.26 14:52:13.359,1.64555,1.64577,1.32,1.50
2013.06.26 14:52:13.821,1.64555,1.64577,1.32,1.50
2013.06.26 14:52:13.881,1.64554,1.64572,1.69,1.50
2013.06.26 14:52:14.182,1.64554,1.6457,1.13,1.50
2013.06.26 14:52:14.242,1.64542,1.64571,1.69,1.69
2013.06.26 14:52:14.540,1.64539,1.64569,1.69,2.44
2013.06.26 14:52:14.600,1.64538,1.64569,1.32,2.44
2013.06.26 14:52:14.660,1.64536,1.64564,1.69,2.25
2013.06.26 14:52:14.781,1.64534,1.64565,1.32,3.19
2013.06.26 14:52:14.900,1.64532,1.64563,1.69,1.69
2013.06.26 14:52:15.203,1.64531,1.64557,1.32,1.13
2013.06.26 14:52:15.260,1.64524,1.64556,1.69,2.44
2013.06.26 14:52:15.561,1.6453,1.64556,1.32,1.69
2013.06.26 14:52:15.919,1.64532,1.64556,1.69,1.50
2013.06.26 14:52:15.980,1.64532,1.6456,1.69,3.00
2013.06.26 14:52:16.410,1.64531,1.64556,1.69,1.50
2013.06.26 14:52:16.901,1.64528,1.64556,1.32,2.25
2013.06.26 14:52:17.590,1.6453,1.64558,1.32,2.44
2013.06.26 14:52:18.109,1.6453,1.64555,1.32,1.50
2013.06.26 14:52:18.649,1.6453,1.64554,1.32,1.50
2013.06.26 14:52:19.189,1.6453,1.64554,1.32,1.50
2013.06.26 14:52:19.370,1.6453,1.64556,1.32,1.50
2013.06.26 14:52:19.650,1.6453,1.64554,1.32,1.50
2013.06.26 14:52:20.151,1.64528,1.64554,1.32,2.25
2013.06.26 14:52:20.689,1.64527,1.64551,1.32,2.25
2013.06.26 14:52:20.749,1.64524,1.64551,2.07,3.00
2013.06.26 14:52:20.810,1.64527,1.64551,1.32,2.25
2013.06.26 14:52:20.989,1.64527,1.64547,1.32,1.50
2013.06.26 14:52:21.109,1.64525,1.64551,1.13,1.88
2013.06.26 14:52:21.170,1.64526,1.64551,1.13,1.13
2013.06.26 14:52:21.230,1.64526,1.64549,1.13,2.25
2013.06.26 14:52:21.291,1.64518,1.6455,1.32,1.50
2013.06.26 14:52:21.350,1.64518,1.6455,1.32,1.69
2013.06.26 14:52:21.469,1.64517,1.64551,1.32,3.94
2013.06.26 14:52:23.363,1.64521,1.64547,1.69,1.32
2013.06.26 14:52:23.429,1.64521,1.64548,1.69,1.32
2013.06.26 14:52:25.456,1.64522,1.64555,1.69,1.32
2013.06.26 14:52:26.939,1.64523,1.64556,1.69,1.32
2013.06.26 14:52:26.999,1.64529,1.64557,1.69,2.07
2013.06.26 14:52:27.419,1.6453,1.64563,1.69,1.69
2013.06.26 14:52:27.479,1.64536,1.64565,1.13,1.69
2013.06.26 14:52:27.779,1.64537,1.6457,1.69,1.69
2013.06.26 14:52:28.079,1.64538,1.64571,1.69,2.44
2013.06.26 14:52:28.409,1.64541,1.64565,1.69,1.50
2013.06.26 14:52:28.773,1.64538,1.64561,1.69,1.50
2013.06.26 14:52:29.615,1.64538,1.64559,1.69,1.50
2013.06.26 14:52:30.233,1.64538,1.64563,1.69,3.00
2013.06.26 14:52:30.292,1.64536,1.64563,2.07,3.00
2013.06.26 14:52:30.349,1.64536,1.6456,2.07,1.50
2013.06.26 14:52:30.733,1.64532,1.64555,1.69,1.50
2013.06.26 14:52:31.080,1.64535,1.64558,1.32,2.25
2013.06.26 14:52:31.140,1.64535,1.64558,1.32,1.50
2013.06.26 14:52:31.201,1.64529,1.64558,2.44,1.69
2013.06.26 14:52:31.742,1.6453,1.6456,1.32,2.44
2013.06.26 14:52:32.312,1.64529,1.64561,1.69,2.82
2013.06.26 14:52:32.924,1.64529,1.64558,1.69,1.50
2013.06.26 14:52:33.279,1.64532,1.64563,1.69,2.82
2013.06.26 14:52:33.659,1.6453,1.64562,2.44,2.07
2013.06.26 14:52:34.889,1.64534,1.64562,1.69,1.32
2013.06.26 14:52:35.249,1.6453,1.64561,1.69,1.32
2013.06.26 14:52:35.429,1.6453,1.64557,1.69,1.13
2013.06.26 14:52:36.561,1.64531,1.64558,1.69,1.32
2013.06.26 14:52:38.119,1.64532,1.64558,1.69,1.13
2013.06.26 14:52:38.659,1.64536,1.64561,1.69,1.32
2013.06.26 14:52:39.000,1.64537,1.64564,1.69,1.13
2013.06.26 14:52:39.749,1.64543,1.64564,1.69,1.13
2013.06.26 14:52:39.935,1.64539,1.64564,1.69,1.13
2013.06.26 14:52:41.169,1.64537,1.64564,1.69,1.13
2013.06.26 14:52:41.360,1.64537,1.64561,1.69,1.13
2013.06.26 14:52:41.559,1.64537,1.64564,1.69,1.13
2013.06.26 14:52:41.799,1.64532,1.64562,1.69,1.88
2013.06.26 14:52:42.069,1.64532,1.64558,1.69,1.50
2013.06.26 14:52:42.309,1.64532,1.64561,1.69,2.82
2013.06.26 14:52:46.901,1.64535,1.64561,2.44,1.13
2013.06.26 14:52:46.961,1.64535,1.64564,2.44,1.32
2013.06.26 14:52:52.859,1.64541,1.64563,1.69,1.13
2013.06.26 14:52:54.199,1.64541,1.64561,1.69,1.13
2013.06.26 14:52:56.415,1.64539,1.64561,1.69,1.13
2013.06.26 14:52:56.879,1.64539,1.64564,1.69,1.32
2013.06.26 14:52:57.418,1.64542,1.64564,1.69,1.13
2013.06.26 14:52:59.530,1.64538,1.64564,1.69,1.32
2013.06.26 14:52:59.650,1.64538,1.64561,1.69,1.13
2013.06.26 14:53:01.422,1.64543,1.64561,1.13,2.63
2013.06.26 14:53:01.780,1.64543,1.64567,1.32,2.25
2013.06.26 14:53:01.840,1.64542,1.64567,1.69,2.25
2013.06.26 14:53:02.020,1.64542,1.64567,1.69,1.50
2013.06.26 14:53:02.233,1.64542,1.6457,1.69,2.63
2013.06.26 14:53:02.801,1.64542,1.64569,1.69,2.25
2013.06.26 14:53:02.919,1.64542,1.64569,1.69,2.25
2013.06.26 14:53:03.059,1.64543,1.64569,1.69,2.25
2013.06.26 14:53:03.631,1.64543,1.64568,1.69,1.50
2013.06.26 14:53:04.189,1.64543,1.64567,1.69,1.50
2013.06.26 14:53:04.639,1.64541,1.6457,1.69,1.50
2013.06.26 14:53:04.999,1.64534,1.6456,2.07,1.50
2013.06.26 14:53:05.179,1.64534,1.64564,2.07,2.44
2013.06.26 14:53:05.679,1.64534,1.64566,2.07,1.69
2013.06.26 14:53:06.880,1.64534,1.64557,1.32,1.50
2013.06.26 14:53:07.180,1.64534,1.64559,1.32,2.25
2013.06.26 14:53:07.940,1.64534,1.64562,1.32,2.25
2013.06.26 14:53:09.474,1.64534,1.64557,1.32,1.13
2013.06.26 14:53:10.690,1.64534,1.64557,2.07,1.13
2013.06.26 14:53:11.529,1.64534,1.64557,1.32,2.25
2013.06.26 14:53:11.709,1.64527,1.64557,1.69,4.69
2013.06.26 14:53:11.889,1.64526,1.64551,2.44,1.13
2013.06.26 14:53:11.950,1.64524,1.64551,1.69,1.13
2013.06.26 14:53:12.509,1.64522,1.64547,2.44,1.13
2013.06.26 14:53:13.119,1.64522,1.64546,1.69,1.50
2013.06.26 14:53:13.299,1.64522,1.64549,1.69,1.69
2013.06.26 14:53:14.489,1.64527,1.6455,1.69,1.50
2013.06.26 14:53:15.029,1.64527,1.64552,1.69,2.25
2013.06.26 14:53:15.689,1.64527,1.64547,1.69,1.50
2013.06.26 14:53:16.890,1.64525,1.64548,1.69,2.25
2013.06.26 14:53:17.401,1.64525,1.64547,1.69,1.50
2013.06.26 14:53:17.584,1.64526,1.64549,1.69,2.25
2013.06.26 14:53:19.909,1.64523,1.64552,1.69,1.50
2013.06.26 14:53:20.413,1.64523,1.64552,1.69,3.19
2013.06.26 14:53:22.949,1.64524,1.64552,1.69,2.44
2013.06.26 14:53:23.070,1.64524,1.64551,1.69,2.44
2013.06.26 14:53:25.510,1.64521,1.64548,1.69,1.32
2013.06.26 14:53:25.569,1.64517,1.64544,2.07,1.32
2013.06.26 14:53:25.629,1.64517,1.64542,1.69,1.50
2013.06.26 14:53:26.181,1.64513,1.64542,1.69,1.69
2013.06.26 14:53:26.599,1.64513,1.64538,1.50,1.13
2013.06.26 14:53:26.780,1.64512,1.64539,2.44,2.82
2013.06.26 14:53:27.019,1.64508,1.64539,2.07,1.69
2013.06.26 14:53:27.199,1.64503,1.64529,1.69,1.13
2013.06.26 14:53:27.379,1.64502,1.64529,1.69,1.13
2013.06.26 14:53:27.501,1.645,1.64526,3.19,1.13
2013.06.26 14:53:28.061,1.645,1.64526,1.50,1.32
2013.06.26 14:53:28.242,1.64501,1.64529,1.69,1.32
2013.06.26 14:53:28.559,1.64496,1.64526,2.44,1.32
2013.06.26 14:53:28.619,1.64494,1.64526,2.44,1.32
2013.06.26 14:53:30.923,1.64493,1.64526,1.69,2.07
2013.06.26 14:53:33.219,1.64492,1.64524,1.69,1.69
2013.06.26 14:53:33.889,1.64489,1.64518,1.69,1.88
2013.06.26 14:53:34.069,1.64486,1.64515,1.69,1.32
2013.06.26 14:53:34.620,1.64483,1.64513,3.19,1.50
2013.06.26 14:53:35.790,1.64483,1.64513,3.19,1.50
2013.06.26 14:53:37.639,1.64482,1.64514,1.69,1.69
2013.06.26 14:53:37.699,1.64483,1.64514,1.32,2.44
2013.06.26 14:53:39.130,1.64483,1.64511,1.32,1.69
2013.06.26 14:53:39.490,1.64484,1.64513,1.69,2.44
2013.06.26 14:53:39.849,1.64487,1.64513,1.69,1.50
2013.06.26 14:53:40.029,1.64488,1.64521,1.69,1.32
2013.06.26 14:53:40.149,1.64492,1.64523,1.69,1.32
2013.06.26 14:53:40.700,1.64495,1.64526,1.32,1.69
2013.06.26 14:53:45.130,1.64495,1.64526,1.32,1.32
2013.06.26 14:53:51.539,1.64495,1.64524,2.82,1.32
2013.06.26 14:53:53.879,1.64495,1.6452,2.07,1.50
2013.06.26 14:53:53.940,1.64495,1.6452,1.50,1.50
2013.06.26 14:53:54.060,1.64491,1.6452,1.69,1.88
2013.06.26 14:53:54.120,1.64487,1.64519,2.07,1.69
2013.06.26 14:53:54.180,1.64487,1.64519,2.82,1.69
2013.06.26 14:53:54.239,1.64495,1.64523,1.32,1.28
2013.06.26 14:53:54.421,1.64495,1.64524,2.82,2.40
2013.06.26 14:53:54.961,1.64491,1.64523,2.07,1.28
2013.06.26 14:53:56.351,1.64495,1.64523,1.32,2.03
2013.06.26 14:53:56.410,1.64497,1.64523,2.44,2.03
2013.06.26 14:53:56.734,1.645,1.64529,1.69,2.07
2013.06.26 14:53:57.339,1.64499,1.64527,1.69,1.32
2013.06.26 14:53:59.131,1.64496,1.64527,2.44,1.32
2013.06.26 14:53:59.189,1.64496,1.6452,1.69,1.13
2013.06.26 14:53:59.429,1.64496,1.6452,1.13,1.32
2013.06.26 14:53:59.550,1.64496,1.64525,1.32,2.44
2013.06.26 14:54:00.109,1.64496,1.64527,1.32,1.69
2013.06.26 14:54:02.655,1.64497,1.64523,1.69,1.13
2013.06.26 14:54:02.961,1.64516,1.64535,1.32,1.88
2013.06.26 14:54:03.020,1.64518,1.64535,2.44,1.50
2013.06.26 14:54:03.202,1.64517,1.64547,1.69,1.50
2013.06.26 14:54:03.261,1.64517,1.64547,1.69,1.13
2013.06.26 14:54:03.326,1.64517,1.64547,1.69,1.13
2013.06.26 14:54:03.570,1.64521,1.64549,1.69,1.88
2013.06.26 14:54:03.870,1.64521,1.6455,1.69,1.50
2013.06.26 14:54:03.991,1.6452,1.6455,1.69,1.69
2013.06.26 14:54:04.291,1.6452,1.64549,1.69,2.07
2013.06.26 14:54:04.863,1.6452,1.64549,1.69,1.32
2013.06.26 14:54:05.930,1.64522,1.64553,1.69,2.82
2013.06.26 14:54:06.509,1.64522,1.64553,1.69,2.82
2013.06.26 14:54:07.059,1.64522,1.64553,1.69,2.82
2013.06.26 14:54:07.590,1.64523,1.64553,1.69,2.82
2013.06.26 14:54:08.099,1.64521,1.64549,1.69,1.32
2013.06.26 14:54:08.159,1.64521,1.64548,1.69,1.32
2013.06.26 14:54:08.550,1.6452,1.64543,1.69,1.13
2013.06.26 14:54:09.089,1.6452,1.64543,1.69,1.50
2013.06.26 14:54:09.269,1.64521,1.64549,2.44,1.32
2013.06.26 14:54:10.429,1.64519,1.64549,1.69,1.32
2013.06.26 14:54:10.729,1.6452,1.64548,1.69,1.69
2013.06.26 14:54:11.090,1.64517,1.64547,1.69,2.07
2013.06.26 14:54:11.149,1.64514,1.64539,3.19,1.32
2013.06.26 14:54:11.210,1.64511,1.64539,3.19,1.32
2013.06.26 14:54:11.269,1.64511,1.64537,1.69,1.13
2013.06.26 14:54:11.823,1.6451,1.64538,2.44,1.88
2013.06.26 14:54:11.881,1.64513,1.64538,1.69,1.13
2013.06.26 14:54:12.059,1.64516,1.64544,1.69,1.69
2013.06.26 14:54:13.899,1.6451,1.64539,2.44,1.13
2013.06.26 14:54:14.364,1.64513,1.64543,1.69,1.69
2013.06.26 14:54:14.438,1.64508,1.64539,1.69,1.32
2013.06.26 14:54:14.572,1.6451,1.64539,1.69,1.32
2013.06.26 14:54:14.691,1.64512,1.64539,2.44,1.32
2013.06.26 14:54:14.871,1.64514,1.64543,1.69,1.69
2013.06.26 14:54:14.992,1.64517,1.64543,1.32,1.32
2013.06.26 14:54:15.299,1.64517,1.64546,2.07,1.13
2013.06.26 14:54:15.960,1.64517,1.64544,1.32,1.13
2013.06.26 14:54:16.261,1.64517,1.64542,1.32,1.13
2013.06.26 14:54:16.323,1.64517,1.64543,1.32,1.13
2013.06.26 14:54:16.382,1.64514,1.64543,1.32,2.07
2013.06.26 14:54:16.442,1.64514,1.64543,1.32,2.44
2013.06.26 14:54:16.620,1.64509,1.6453,1.50,1.32
2013.06.26 14:54:16.680,1.64501,1.64532,1.32,1.32
2013.06.26 14:54:16.739,1.64499,1.64531,1.69,1.69
2013.06.26 14:54:16.800,1.64496,1.64531,1.32,3.19
2013.06.26 14:54:17.160,1.64496,1.64518,1.13,1.32
2013.06.26 14:54:17.221,1.64496,1.64521,1.13,1.69
2013.06.26 14:54:17.280,1.64496,1.64522,1.32,1.69
2013.06.26 14:54:17.589,1.64498,1.64532,1.69,2.07
2013.06.26 14:54:17.652,1.64502,1.64532,1.69,2.07
2013.06.26 14:54:18.335,1.64502,1.64529,1.69,2.07
2013.06.26 14:54:19.021,1.64502,1.64532,1.69,2.07
2013.06.26 14:54:19.676,1.64501,1.64532,1.69,2.07
2013.06.26 14:54:20.092,1.64503,1.64525,1.69,1.13
2013.06.26 14:54:21.000,1.64501,1.64525,1.69,2.25
2013.06.26 14:54:21.644,1.64497,1.64528,1.69,1.69
2013.06.26 14:54:22.190,1.64496,1.64524,2.07,1.32
2013.06.26 14:54:22.669,1.64492,1.64516,1.32,1.13
2013.06.26 14:54:22.729,1.64489,1.64516,1.32,1.13
2013.06.26 14:54:23.149,1.64484,1.64515,1.69,3.57
2013.06.26 14:54:23.389,1.64484,1.64514,1.69,1.50
2013.06.26 14:54:23.449,1.64482,1.64511,1.69,1.69
2013.06.26 14:54:23.630,1.64482,1.64508,1.69,1.13
2013.06.26 14:54:23.750,1.64477,1.64508,2.44,1.32
2013.06.26 14:54:24.410,1.64478,1.64507,1.69,1.32
2013.06.26 14:54:24.471,1.6448,1.64509,2.44,1.69
2013.06.26 14:54:24.590,1.64478,1.64509,2.44,1.32
2013.06.26 14:54:24.906,1.6448,1.64512,2.44,1.69
2013.06.26 14:54:24.969,1.6448,1.64513,2.44,4.32
2013.06.26 14:54:26.269,1.6448,1.6451,1.69,1.69
2013.06.26 14:54:26.749,1.64475,1.64509,2.07,2.44
2013.06.26 14:54:26.809,1.64475,1.64506,2.07,1.69
2013.06.26 14:54:27.583,1.64475,1.64503,1.32,1.69
2013.06.26 14:54:27.710,1.64471,1.64499,1.69,1.13
2013.06.26 14:54:28.472,1.64473,1.64504,1.32,1.69
2013.06.26 14:54:28.876,1.64476,1.64509,1.69,1.32
2013.06.26 14:54:29.430,1.64475,1.64506,3.94,1.32
2013.06.26 14:54:29.491,1.64475,1.64506,3.94,1.32
2013.06.26 14:54:29.790,1.64475,1.64508,2.44,1.69
2013.06.26 14:54:29.910,1.64476,1.64508,2.44,1.69
2013.06.26 14:54:30.030,1.64478,1.64509,2.44,2.07
2013.06.26 14:54:30.090,1.64478,1.64509,2.44,1.32
2013.06.26 14:54:30.210,1.64479,1.64512,2.07,1.32
2013.06.26 14:54:30.510,1.64484,1.64516,1.32,1.69
2013.06.26 14:54:32.113,1.64486,1.64519,1.69,2.44
2013.06.26 14:54:33.519,1.6449,1.6452,1.69,1.69
2013.06.26 14:54:33.820,1.64487,1.64517,2.44,1.13
2013.06.26 14:54:35.853,1.64487,1.64518,1.69,1.50
2013.06.26 14:54:36.629,1.64487,1.6452,1.69,1.69
2013.06.26 14:54:37.770,1.64485,1.64519,1.69,1.69
2013.06.26 14:54:39.960,1.64487,1.64519,1.69,1.69
2013.06.26 14:54:41.080,1.64487,1.64519,1.69,1.69
2013.06.26 14:54:41.140,1.64487,1.64519,1.69,1.69
2013.06.26 14:54:43.250,1.64486,1.64519,1.69,1.69
2013.06.26 14:54:44.779,1.64496,1.64522,2.44,2.07
2013.06.26 14:54:45.022,1.645,1.64527,1.69,1.50
2013.06.26 14:54:45.081,1.64501,1.64529,1.69,2.25
2013.06.26 14:54:45.379,1.64502,1.64533,1.69,1.69
2013.06.26 14:54:45.620,1.64505,1.64534,1.69,1.32
2013.06.26 14:54:45.799,1.64507,1.64536,1.69,1.50
2013.06.26 14:54:46.603,1.64508,1.64538,1.32,1.32
2013.06.26 14:54:47.153,1.64509,1.64541,1.69,1.32
2013.06.26 14:54:47.739,1.64508,1.64538,1.32,1.32
2013.06.26 14:54:47.920,1.64508,1.64534,1.88,1.32
2013.06.26 14:54:48.039,1.64502,1.64537,2.44,2.44
2013.06.26 14:54:49.889,1.64499,1.64533,1.32,2.07
2013.06.26 14:54:50.399,1.64497,1.64526,2.07,1.13
2013.06.26 14:54:50.940,1.64492,1.64522,1.32,1.32
2013.06.26 14:54:51.419,1.64491,1.64521,2.44,1.32
2013.06.26 14:54:51.479,1.64487,1.64519,3.19,1.50
2013.06.26 14:54:52.139,1.64487,1.64522,1.69,1.69
2013.06.26 14:54:52.390,1.64487,1.64522,2.07,1.32
2013.06.26 14:54:52.569,1.64489,1.64523,1.69,2.07
2013.06.26 14:54:53.469,1.64488,1.64519,1.69,1.13
2013.06.26 14:54:54.101,1.64487,1.64522,1.32,2.44
2013.06.26 14:54:54.433,1.64487,1.64522,1.32,2.44
2013.06.26 14:54:54.489,1.64489,1.64523,1.69,1.69
2013.06.26 14:54:54.729,1.64491,1.64525,1.69,2.07
2013.06.26 14:54:54.852,1.64495,1.64525,1.69,2.07
2013.06.26 14:54:55.621,1.64495,1.64525,3.19,1.32
2013.06.26 14:54:55.920,1.64493,1.64525,2.44,2.07
2013.06.26 14:54:57.201,1.64494,1.64527,3.34,1.13
2013.06.26 14:54:57.639,1.64494,1.64525,1.84,1.32
2013.06.26 14:54:58.367,1.64492,1.64521,1.69,1.50
2013.06.26 14:54:58.492,1.64489,1.64521,3.94,1.69
2013.06.26 14:54:58.732,1.64492,1.64523,1.69,1.69
2013.06.26 14:54:59.089,1.64501,1.64531,2.44,1.69
2013.06.26 14:54:59.749,1.64498,1.64528,2.82,1.32
2013.06.26 14:55:00.230,1.64494,1.64526,2.44,2.07
2013.06.26 14:55:00.350,1.64494,1.64526,2.44,1.32
2013.06.26 14:55:01.849,1.64497,1.64527,2.44,1.32
2013.06.26 14:55:02.210,1.6449,1.64524,1.69,1.32
2013.06.26 14:55:02.330,1.64495,1.64526,2.07,1.69
2013.06.26 14:55:02.690,1.64502,1.64534,1.69,1.69
2013.06.26 14:55:03.262,1.64499,1.64534,2.44,3.19
2013.06.26 14:55:04.160,1.64501,1.64534,1.84,1.32
2013.06.26 14:55:04.519,1.64506,1.64538,1.69,2.44
2013.06.26 14:55:04.759,1.64508,1.64541,1.32,2.07
2013.06.26 14:55:04.820,1.64512,1.64541,1.69,1.32
2013.06.26 14:55:04.879,1.64514,1.64543,1.69,2.07
2013.06.26 14:55:05.000,1.64515,1.64543,2.44,1.69
2013.06.26 14:55:05.120,1.64515,1.64543,2.44,1.69
2013.06.26 14:55:05.422,1.64526,1.64547,2.44,1.13
2013.06.26 14:55:05.599,1.64531,1.64551,1.13,1.88
2013.06.26 14:55:05.727,1.64533,1.64551,1.69,1.13
2013.06.26 14:55:05.790,1.64533,1.64565,1.69,2.82
2013.06.26 14:55:05.849,1.64533,1.64566,1.69,1.32
2013.06.26 14:55:05.909,1.64533,1.64566,1.69,1.69
2013.06.26 14:55:05.972,1.64533,1.64566,1.69,1.32
2013.06.26 14:55:06.159,1.64535,1.64571,2.44,1.69
2013.06.26 14:55:06.360,1.64538,1.64571,2.25,1.69
2013.06.26 14:55:08.096,1.64536,1.64571,1.69,1.69
2013.06.26 14:55:08.400,1.64534,1.64568,1.69,1.32
2013.06.26 14:55:11.919,1.64532,1.64561,1.69,2.25
2013.06.26 14:55:12.102,1.64531,1.64561,1.69,2.44
2013.06.26 14:55:12.219,1.64531,1.64564,1.32,2.44
2013.06.26 14:55:12.755,1.64533,1.64567,1.69,1.32
2013.06.26 14:55:13.071,1.64539,1.6457,1.32,1.69
2013.06.26 14:55:13.430,1.6454,1.6457,1.69,1.69
2013.06.26 14:55:14.840,1.6454,1.64572,2.07,1.69
2013.06.26 14:55:16.090,1.64551,1.64572,1.13,1.32
2013.06.26 14:55:16.600,1.64551,1.64574,1.50,3.19
2013.06.26 14:55:17.216,1.64551,1.64574,1.50,1.32
2013.06.26 14:55:17.342,1.64554,1.64578,1.13,1.32
2013.06.26 14:55:17.401,1.64554,1.64578,1.13,1.32
2013.06.26 14:55:17.663,1.64555,1.64584,1.50,1.32
2013.06.26 14:55:17.720,1.64555,1.64585,1.69,1.13
2013.06.26 14:55:17.841,1.64556,1.64589,1.13,3.19
2013.06.26 14:55:17.960,1.64556,1.64589,1.13,1.69
2013.06.26 14:55:19.579,1.64556,1.64589,1.69,1.69
2013.06.26 14:55:19.930,1.64557,1.64589,1.32,2.44
2013.06.26 14:55:20.169,1.64556,1.64588,2.07,1.32
2013.06.26 14:55:20.640,1.64556,1.6458,2.03,1.13
2013.06.26 14:55:20.940,1.64562,1.64589,1.13,2.25
2013.06.26 14:55:22.469,1.64561,1.64595,3.19,2.44
2013.06.26 14:55:22.780,1.64565,1.64595,1.69,1.69
2013.06.26 14:55:23.850,1.64565,1.64597,1.69,2.07
2013.06.26 14:55:24.089,1.64572,1.64599,1.32,1.32
2013.06.26 14:55:24.149,1.64569,1.64599,1.47,2.07
2013.06.26 14:55:24.210,1.64572,1.64599,1.32,1.32
2013.06.26 14:55:24.391,1.64569,1.64599,1.84,1.32
2013.06.26 14:55:24.451,1.64565,1.64598,2.44,2.44
2013.06.26 14:55:24.700,1.64569,1.64597,1.32,1.69
2013.06.26 14:55:24.760,1.64569,1.64598,1.32,2.82
2013.06.26 14:55:25.000,1.64577,1.64605,1.13,1.69
2013.06.26 14:55:25.119,1.64577,1.64605,1.13,1.69
2013.06.26 14:55:25.659,1.64583,1.64608,1.13,3.19
2013.06.26 14:55:25.719,1.64579,1.64608,1.69,1.69
2013.06.26 14:55:25.900,1.64579,1.64611,1.69,1.69
2013.06.26 14:55:26.319,1.64582,1.64616,1.69,1.32
2013.06.26 14:55:26.379,1.64582,1.64616,1.69,1.32
2013.06.26 14:55:26.923,1.64582,1.64616,2.82,1.32
2013.06.26 14:55:27.430,1.64582,1.64617,2.44,1.32
2013.06.26 14:55:27.983,1.64583,1.64616,1.69,1.32
2013.06.26 14:55:29.652,1.64586,1.64615,1.69,1.32
2013.06.26 14:55:29.773,1.64583,1.64615,1.69,1.32
2013.06.26 14:55:29.840,1.64582,1.64614,2.44,1.69
2013.06.26 14:55:30.143,1.64579,1.64614,2.82,2.07
2013.06.26 14:55:31.079,1.64586,1.64616,1.69,1.69
2013.06.26 14:55:31.439,1.64594,1.64616,1.13,1.13
2013.06.26 14:55:31.559,1.64601,1.6462,1.13,1.32
2013.06.26 14:55:31.680,1.64601,1.6462,1.13,1.69
2013.06.26 14:55:31.740,1.64585,1.64614,1.69,1.32
2013.06.26 14:55:31.859,1.64586,1.64618,1.69,2.07
2013.06.26 14:55:32.399,1.64589,1.6462,1.69,1.69
2013.06.26 14:55:32.640,1.64587,1.64613,1.69,1.32
2013.06.26 14:55:32.700,1.64585,1.64612,1.50,1.32
2013.06.26 14:55:33.010,1.64581,1.64611,1.50,1.32
2013.06.26 14:55:33.740,1.64578,1.64609,2.44,1.69
2013.06.26 14:55:34.449,1.64581,1.64611,1.50,1.69
2013.06.26 14:55:34.509,1.64581,1.64612,1.69,1.69
2013.06.26 14:55:34.690,1.64583,1.64612,2.03,1.69
2013.06.26 14:55:35.871,1.6459,1.64604,1.13,1.13
2013.06.26 14:55:36.410,1.64584,1.64604,1.88,1.32
2013.06.26 14:55:36.529,1.64591,1.64615,1.28,1.32
2013.06.26 14:55:37.069,1.64591,1.64617,1.09,2.07
2013.06.26 14:55:37.189,1.64594,1.64617,1.09,2.07
2013.06.26 14:55:37.369,1.64587,1.64617,2.40,2.07
2013.06.26 14:55:37.610,1.64594,1.64613,1.09,1.32
2013.06.26 14:55:37.789,1.64593,1.64617,1.47,2.07
2013.06.26 14:55:37.970,1.64594,1.64618,1.09,1.32
2013.06.26 14:55:39.606,1.64586,1.64617,1.65,1.32
2013.06.26 14:55:40.365,1.64586,1.64617,1.65,1.32
2013.06.26 14:55:41.070,1.64591,1.64617,2.03,1.32
2013.06.26 14:55:41.129,1.64594,1.64619,1.09,1.32
2013.06.26 14:55:41.699,1.64594,1.64617,1.28,1.32
2013.06.26 14:55:41.879,1.64589,1.64617,1.65,1.32
2013.06.26 14:55:41.940,1.64594,1.6462,1.09,1.32
2013.06.26 14:55:42.181,1.64594,1.64622,2.03,1.69
2013.06.26 14:55:42.241,1.64594,1.64618,1.28,1.32
2013.06.26 14:55:42.480,1.64594,1.64618,1.28,1.32
2013.06.26 14:55:42.779,1.64593,1.64618,1.28,1.32
2013.06.26 14:55:44.960,1.64586,1.64617,2.40,1.32
2013.06.26 14:55:45.279,1.64583,1.64609,2.38,1.13
2013.06.26 14:55:45.459,1.64587,1.64617,1.28,1.32
2013.06.26 14:55:46.879,1.64593,1.64617,1.09,1.32
2013.06.26 14:55:46.940,1.64593,1.64617,1.09,1.32
2013.06.26 14:55:48.869,1.64592,1.64616,1.28,1.69
2013.06.26 14:55:49.650,1.64587,1.64616,1.65,2.44
2013.06.26 14:55:49.709,1.64591,1.64616,1.28,1.69
2013.06.26 14:55:50.190,1.64593,1.64622,1.28,1.69
2013.06.26 14:55:51.601,1.64592,1.64617,1.65,1.13
2013.06.26 14:55:51.839,1.64592,1.64624,1.84,2.44
2013.06.26 14:55:52.439,1.64592,1.64624,1.84,2.44
2013.06.26 14:55:52.929,1.64599,1.64624,1.50,2.07
2013.06.26 14:55:53.109,1.64594,1.64624,1.69,2.07
2013.06.26 14:55:53.380,1.64595,1.64623,1.69,1.32
2013.06.26 14:55:53.440,1.64595,1.64623,1.69,1.32
2013.06.26 14:55:53.980,1.64595,1.64623,1.69,1.32
2013.06.26 14:55:54.501,1.64596,1.64623,1.69,1.32
2013.06.26 14:55:54.735,1.64596,1.64623,1.69,1.32
2013.06.26 14:55:56.723,1.64595,1.64623,2.82,1.32
2013.06.26 14:55:56.910,1.64596,1.64623,2.82,1.32
2013.06.26 14:55:57.270,1.64594,1.64623,2.07,1.32
2013.06.26 14:55:57.452,1.64593,1.64623,1.65,1.32
2013.06.26 14:55:58.600,1.64593,1.64623,1.84,1.32
2013.06.26 14:55:58.720,1.64593,1.64623,1.09,1.32
2013.06.26 14:55:58.840,1.64591,1.64622,1.65,1.69
2013.06.26 14:55:59.140,1.64591,1.64623,1.65,1.32
2013.06.26 14:55:59.499,1.64591,1.64623,1.65,2.07
2013.06.26 14:56:00.072,1.64594,1.64623,1.47,2.07
2013.06.26 14:56:00.710,1.64601,1.64623,1.50,1.32
2013.06.26 14:56:00.770,1.64602,1.64627,1.32,2.07
2013.06.26 14:56:00.830,1.64603,1.64627,1.69,1.88
2013.06.26 14:56:00.890,1.64603,1.64634,1.69,1.32
2013.06.26 14:56:01.130,1.64605,1.64634,1.69,1.32
2013.06.26 14:56:01.641,1.64606,1.64634,1.69,1.32
2013.06.26 14:56:02.125,1.64606,1.64634,3.57,1.32
2013.06.26 14:56:02.789,1.64608,1.64634,2.07,1.32
2013.06.26 14:56:03.731,1.64608,1.64634,2.07,1.13
2013.06.26 14:56:04.341,1.64609,1.64634,1.32,1.13
2013.06.26 14:56:04.881,1.64606,1.64634,1.32,1.13
2013.06.26 14:56:05.180,1.64607,1.64634,1.32,1.32
2013.06.26 14:56:05.430,1.64603,1.64634,1.32,1.32
2013.06.26 14:56:05.889,1.64603,1.64631,1.32,2.44
2013.06.26 14:56:05.949,1.64601,1.64629,1.13,1.69
2013.06.26 14:56:07.861,1.64598,1.64634,1.69,3.19
2013.06.26 14:56:08.232,1.64598,1.64634,1.88,2.82
2013.06.26 14:56:08.290,1.64598,1.64634,1.88,2.82
2013.06.26 14:56:09.421,1.64601,1.64631,1.50,1.69
2013.06.26 14:56:09.602,1.64601,1.64628,1.13,1.69
2013.06.26 14:56:10.142,1.64597,1.64632,1.50,3.19
2013.06.26 14:56:10.501,1.64602,1.64633,1.32,1.69
2013.06.26 14:56:11.580,1.64602,1.64633,1.32,1.69
2013.06.26 14:56:11.990,1.64602,1.64633,1.32,1.69
2013.06.26 14:56:12.499,1.64606,1.64634,1.32,2.82
2013.06.26 14:56:12.561,1.64602,1.64634,1.32,2.82
2013.06.26 14:56:16.220,1.64599,1.64633,1.69,2.44
2013.06.26 14:56:16.579,1.64595,1.64624,2.44,1.32
2013.06.26 14:56:17.020,1.64613,1.64629,1.13,1.88
2013.06.26 14:56:17.199,1.64599,1.64629,1.69,1.32
2013.06.26 14:56:17.260,1.64599,1.64629,1.69,1.32
2013.06.26 14:56:17.319,1.64599,1.6463,1.69,1.32
2013.06.26 14:56:17.380,1.64601,1.64633,1.69,2.07
2013.06.26 14:56:17.619,1.64603,1.64634,1.32,1.69
2013.06.26 14:56:17.919,1.64603,1.64636,2.07,1.32
2013.06.26 14:56:18.341,1.64602,1.64633,1.32,1.69
2013.06.26 14:56:18.400,1.64599,1.64623,1.32,1.50
2013.06.26 14:56:18.520,1.64592,1.6462,2.03,1.69
2013.06.26 14:56:20.249,1.64598,1.64626,2.07,1.69
2013.06.26 14:56:21.089,1.64598,1.64629,1.32,1.69
2013.06.26 14:56:22.379,1.64597,1.64628,1.32,2.44
2013.06.26 14:56:23.489,1.64593,1.64625,1.65,2.07
2013.06.26 14:56:23.849,1.64601,1.64628,1.13,1.32
2013.06.26 14:56:24.153,1.64599,1.64626,1.13,1.32
2013.06.26 14:56:24.511,1.64597,1.64626,1.50,1.69
2013.06.26 14:56:24.631,1.64602,1.64629,1.13,2.44
2013.06.26 14:56:25.590,1.64602,1.64631,1.13,1.13
2013.06.26 14:56:25.710,1.64602,1.64628,1.13,1.13
2013.06.26 14:56:25.902,1.64597,1.64622,1.69,1.32
2013.06.26 14:56:25.961,1.64595,1.64618,3.72,1.13
2013.06.26 14:56:26.260,1.64596,1.64624,1.32,1.32
2013.06.26 14:56:26.556,1.64594,1.64622,1.32,1.32
2013.06.26 14:56:26.769,1.64594,1.64624,1.69,1.32
2013.06.26 14:56:26.831,1.64598,1.64627,1.84,1.32
2013.06.26 14:56:27.251,1.64612,1.64634,1.69,1.50
2013.06.26 14:56:27.322,1.64617,1.64644,2.07,1.50
2013.06.26 14:56:27.379,1.64618,1.64646,1.69,1.69
2013.06.26 14:56:27.499,1.64626,1.6465,1.32,1.69
2013.06.26 14:56:27.680,1.6462,1.64648,1.69,1.65
2013.06.26 14:56:27.741,1.64618,1.64648,1.69,2.59
2013.06.26 14:56:27.920,1.64617,1.64646,1.13,2.44
2013.06.26 14:56:28.100,1.64616,1.64643,1.13,1.69
2013.06.26 14:56:29.606,1.64616,1.64641,1.13,1.69
2013.06.26 14:56:29.972,1.64613,1.64642,1.32,2.44
2013.06.26 14:56:30.190,1.64616,1.64641,1.32,2.44
2013.06.26 14:56:30.729,1.64612,1.64643,1.32,1.69
2013.06.26 14:56:30.909,1.64609,1.64643,3.19,2.07
2013.06.26 14:56:30.971,1.64609,1.64639,3.19,1.32
2013.06.26 14:56:31.526,1.64607,1.6464,2.44,1.32
2013.06.26 14:56:31.669,1.64607,1.64637,2.44,1.32
2013.06.26 14:56:32.150,1.64611,1.6464,2.25,1.32
2013.06.26 14:56:32.210,1.64611,1.6464,3.00,1.32
2013.06.26 14:56:32.749,1.64607,1.64637,1.69,1.32
2013.06.26 14:56:33.169,1.64612,1.64642,1.69,1.32
2013.06.26 14:56:33.481,1.64614,1.64642,1.50,1.32
2013.06.26 14:56:34.059,1.64612,1.64642,2.44,1.32
2013.06.26 14:56:34.300,1.64612,1.64638,1.50,1.32
2013.06.26 14:56:34.480,1.6461,1.64643,2.44,2.97
2013.06.26 14:56:35.604,1.64612,1.64637,1.69,1.32
2013.06.26 14:56:35.960,1.64611,1.64639,2.82,1.32
2013.06.26 14:56:36.320,1.64615,1.64644,2.25,3.19
2013.06.26 14:56:36.379,1.64616,1.64644,1.50,2.44
2013.06.26 14:56:36.500,1.64612,1.64644,1.69,2.07
2013.06.26 14:56:36.840,1.64616,1.64644,1.50,2.07
2013.06.26 14:56:36.960,1.64613,1.64644,1.69,2.07
2013.06.26 14:56:37.279,1.64616,1.64644,1.50,2.82
2013.06.26 14:56:37.929,1.64615,1.64644,1.50,2.82
2013.06.26 14:56:38.352,1.64618,1.64644,1.50,2.82
2013.06.26 14:56:38.889,1.64616,1.64644,1.50,2.07
2013.06.26 14:56:39.367,1.64616,1.64642,1.50,1.32
2013.06.26 14:56:39.670,1.64608,1.64633,1.50,1.69
2013.06.26 14:56:40.345,1.64606,1.64633,1.50,1.69
2013.06.26 14:56:40.590,1.64605,1.64637,3.00,1.32
2013.06.26 14:56:40.829,1.6461,1.64639,2.25,1.69
2013.06.26 14:56:43.350,1.64609,1.64638,2.44,1.32
2013.06.26 14:56:43.591,1.64602,1.64625,1.50,1.32
2013.06.26 14:56:43.652,1.64598,1.64625,2.44,1.32
2013.06.26 14:56:44.189,1.64601,1.64628,1.69,1.32
2013.06.26 14:56:44.429,1.64604,1.64629,2.25,1.69
2013.06.26 14:56:44.549,1.64606,1.64637,1.32,3.19
2013.06.26 14:56:46.621,1.64607,1.64639,2.44,1.32
2013.06.26 14:56:47.030,1.64608,1.64637,1.69,1.32
2013.06.26 14:56:47.300,1.64608,1.64637,1.69,1.32
2013.06.26 14:56:49.340,1.64604,1.64635,1.69,1.69
2013.06.26 14:56:50.439,1.64604,1.64625,1.32,1.13
2013.06.26 14:56:50.500,1.64597,1.64625,1.32,1.32
2013.06.26 14:56:50.679,1.64596,1.64618,3.19,1.13
2013.06.26 14:56:51.271,1.64597,1.64618,1.69,1.13
2013.06.26 14:56:51.830,1.64595,1.64629,2.44,2.44
2013.06.26 14:56:51.889,1.64595,1.64627,2.44,1.32
2013.06.26 14:56:52.758,1.64595,1.64627,2.44,2.07
2013.06.26 14:56:53.380,1.64599,1.64627,1.69,1.69
2013.06.26 14:56:53.791,1.64599,1.64625,1.69,1.13
2013.06.26 14:56:54.149,1.646,1.64628,1.69,1.69
2013.06.26 14:56:54.510,1.64601,1.64625,1.69,1.32
2013.06.26 14:56:54.570,1.646,1.64625,1.69,1.32
2013.06.26 14:56:54.809,1.64602,1.64634,2.07,1.69
2013.06.26 14:56:55.880,1.64603,1.64635,1.69,2.44
2013.06.26 14:56:58.859,1.64603,1.64634,2.44,1.32
2013.06.26 14:56:59.273,1.64601,1.64629,1.69,1.13
2013.06.26 14:56:59.343,1.64601,1.64632,1.32,1.69
2013.06.26 14:57:00.921,1.64616,1.64636,1.50,1.50
2013.06.26 14:57:01.100,1.64617,1.64639,1.50,2.44
2013.06.26 14:57:01.221,1.64617,1.64641,2.44,1.50
2013.06.26 14:57:01.521,1.64621,1.64647,1.32,1.69
2013.06.26 14:57:02.687,1.64619,1.6465,1.32,2.07
2013.06.26 14:57:02.992,1.64619,1.64648,1.32,2.07
2013.06.26 14:57:03.295,1.64617,1.64643,1.69,1.50
2013.06.26 14:57:03.363,1.64615,1.64643,1.69,1.50
2013.06.26 14:57:04.190,1.64612,1.64643,1.32,1.69
2013.06.26 14:57:04.431,1.64612,1.64639,1.32,1.50
2013.06.26 14:57:04.939,1.64612,1.64642,1.32,1.69
2013.06.26 14:57:05.480,1.64612,1.64645,1.69,1.69
2013.06.26 14:57:05.789,1.64613,1.64644,1.32,1.32
2013.06.26 14:57:05.970,1.6461,1.64643,1.69,1.69
2013.06.26 14:57:06.629,1.64611,1.64642,2.07,1.69
2013.06.26 14:57:06.869,1.6461,1.64638,2.07,1.32
2013.06.26 14:57:07.189,1.64606,1.64639,2.44,1.69
2013.06.26 14:57:11.020,1.64612,1.64644,1.32,3.34
2013.06.26 14:57:11.810,1.64612,1.64639,2.07,1.69
2013.06.26 14:57:12.171,1.646,1.64624,2.44,1.50
2013.06.26 14:57:12.471,1.64594,1.64622,1.28,1.32
2013.06.26 14:57:13.030,1.64595,1.64623,1.69,2.44
2013.06.26 14:57:13.151,1.64597,1.64623,1.69,1.69
2013.06.26 14:57:13.751,1.64601,1.64624,1.69,1.50
2013.06.26 14:57:13.990,1.64601,1.64632,1.69,1.32
2013.06.26 14:57:14.770,1.64605,1.64634,1.69,1.69
2013.06.26 14:57:16.174,1.64606,1.64627,1.69,1.50
2013.06.26 14:57:16.780,1.64603,1.64626,1.69,1.50
2013.06.26 14:57:17.260,1.64605,1.64636,1.69,2.59
2013.06.26 14:57:18.141,1.64604,1.64637,2.44,1.69
2013.06.26 14:57:18.780,1.64605,1.64636,1.69,1.69
2013.06.26 14:57:19.879,1.64605,1.64635,1.69,1.69
2013.06.26 14:57:19.940,1.64608,1.64634,2.44,1.69
2013.06.26 14:57:20.400,1.64608,1.64637,2.44,2.44
2013.06.26 14:57:20.729,1.64605,1.64631,3.19,1.50
2013.06.26 14:57:21.101,1.64607,1.64628,1.69,1.13
2013.06.26 14:57:21.699,1.64611,1.64633,2.44,1.50
2013.06.26 14:57:22.001,1.64624,1.64645,1.50,2.44
2013.06.26 14:57:22.060,1.64623,1.64648,1.13,1.50
2013.06.26 14:57:22.509,1.64626,1.64652,1.50,1.50
2013.06.26 14:57:22.929,1.64626,1.64656,3.00,1.50
2013.06.26 14:57:23.919,1.64626,1.64656,1.69,1.65
2013.06.26 14:57:24.649,1.64631,1.64658,1.69,2.07
2013.06.26 14:57:24.831,1.64631,1.64658,1.69,1.69
2013.06.26 14:57:25.071,1.64632,1.64658,1.69,1.32
2013.06.26 14:57:25.410,1.64632,1.64663,2.44,1.32
2013.06.26 14:57:25.620,1.64639,1.64664,1.69,1.13
2013.06.26 14:57:26.170,1.64637,1.64667,3.19,1.69
2013.06.26 14:57:26.409,1.64639,1.6467,1.69,1.69
2013.06.26 14:57:26.470,1.64645,1.6467,1.69,1.69
2013.06.26 14:57:26.530,1.64645,1.64671,1.69,1.69
2013.06.26 14:57:26.649,1.64643,1.6467,1.69,1.69
2013.06.26 14:57:27.070,1.64641,1.64672,2.07,2.44
2013.06.26 14:57:27.190,1.64643,1.64669,1.69,1.50
2013.06.26 14:57:28.240,1.64639,1.64668,1.69,3.57
2013.06.26 14:57:28.420,1.64639,1.64665,1.69,2.25
2013.06.26 14:57:28.980,1.64637,1.64664,1.69,1.50
2013.06.26 14:57:29.269,1.64637,1.64664,1.69,1.69
2013.06.26 14:57:29.389,1.64637,1.64662,1.69,2.25
2013.06.26 14:57:29.958,1.64637,1.64663,1.69,3.75
2013.06.26 14:57:30.271,1.64629,1.6466,2.07,1.32
2013.06.26 14:57:30.391,1.64631,1.64658,1.50,1.32
2013.06.26 14:57:30.750,1.64633,1.64658,1.32,2.25
2013.06.26 14:57:30.810,1.64627,1.64657,1.69,1.32
2013.06.26 14:57:30.870,1.64626,1.64657,1.69,1.32
2013.06.26 14:57:31.171,1.64624,1.64656,1.32,2.07
2013.06.26 14:57:31.540,1.64621,1.64654,1.32,2.44
2013.06.26 14:57:31.661,1.64621,1.64654,2.07,1.69
2013.06.26 14:57:34.421,1.64619,1.64646,1.32,1.32
2013.06.26 14:57:35.391,1.64625,1.64649,1.13,1.32
2013.06.26 14:57:35.689,1.64622,1.64653,1.32,2.44
2013.06.26 14:57:35.870,1.64617,1.64645,1.69,1.32
2013.06.26 14:57:36.050,1.64617,1.64645,1.32,1.32
2013.06.26 14:57:36.289,1.64621,1.64645,1.13,1.32
2013.06.26 14:57:36.603,1.64621,1.64645,1.88,1.32
2013.06.26 14:57:36.940,1.64622,1.64649,1.13,1.13
2013.06.26 14:57:38.560,1.6462,1.6465,2.44,1.13
2013.06.26 14:57:39.159,1.64624,1.6465,1.69,1.13
2013.06.26 14:57:39.959,1.64623,1.64652,2.63,1.13
2013.06.26 14:57:40.502,1.64622,1.64647,1.13,1.69
2013.06.26 14:57:40.739,1.64622,1.64647,1.13,1.88
2013.06.26 14:57:42.691,1.64614,1.6464,1.13,1.13
2013.06.26 14:57:43.050,1.64609,1.64638,1.69,1.13
2013.06.26 14:57:43.110,1.64609,1.6464,1.69,1.13
2013.06.26 14:57:43.170,1.64607,1.64629,2.44,1.13
2013.06.26 14:57:43.292,1.64607,1.64629,1.69,1.13
2013.06.26 14:57:43.480,1.64608,1.64639,2.44,1.69
2013.06.26 14:57:44.041,1.64606,1.64638,1.69,1.69
2013.06.26 14:57:44.160,1.64605,1.64629,1.69,2.40
2013.06.26 14:57:44.282,1.64601,1.64625,1.50,1.69
2013.06.26 14:57:44.340,1.64598,1.64624,1.32,1.32
2013.06.26 14:57:44.400,1.64593,1.64623,1.65,1.69
2013.06.26 14:57:44.460,1.64591,1.64619,2.22,1.69
2013.06.26 14:57:44.640,1.64591,1.64617,1.09,1.69
2013.06.26 14:57:45.234,1.64591,1.64614,1.09,1.69
2013.06.26 14:57:46.035,1.64591,1.64614,1.09,1.69
2013.06.26 14:57:46.690,1.64591,1.64613,1.09,2.07
2013.06.26 14:57:46.930,1.64582,1.64607,1.50,1.69
2013.06.26 14:57:46.990,1.64582,1.64606,1.50,1.69
2013.06.26 14:57:47.292,1.64583,1.64609,2.02,1.69
2013.06.26 14:57:47.410,1.64586,1.6461,1.54,1.32
2013.06.26 14:57:48.149,1.64588,1.64618,2.10,1.69
2013.06.26 14:57:51.381,1.64583,1.64613,1.41,1.32
2013.06.26 14:57:51.682,1.64583,1.6461,1.58,1.69
2013.06.26 14:57:52.200,1.64583,1.64606,1.55,1.32
2013.06.26 14:57:52.319,1.64583,1.64611,1.21,2.44
2013.06.26 14:57:52.659,1.64582,1.64608,1.64,3.57
2013.06.26 14:57:52.959,1.64571,1.64606,3.19,2.82
2013.06.26 14:57:53.080,1.64571,1.64603,2.44,1.69
2013.06.26 14:57:53.199,1.64573,1.64599,1.69,1.13
2013.06.26 14:57:53.510,1.64578,1.64606,2.44,2.07
2013.06.26 14:57:53.569,1.64578,1.64606,2.44,1.32
2013.06.26 14:57:54.860,1.64578,1.64609,2.44,2.82
2013.06.26 14:57:55.750,1.64581,1.64609,2.44,2.07
2013.06.26 14:57:55.930,1.64581,1.64606,1.50,1.32
2013.06.26 14:57:55.990,1.64575,1.64606,1.32,1.32
2013.06.26 14:57:56.170,1.64575,1.64607,2.07,1.32
2013.06.26 14:57:56.589,1.64578,1.6461,2.44,1.32
2013.06.26 14:57:57.289,1.64582,1.6461,1.69,1.32
2013.06.26 14:57:57.534,1.64576,1.64606,2.44,1.69
2013.06.26 14:57:57.603,1.64576,1.64606,1.69,1.69
2013.06.26 14:57:57.721,1.64579,1.64607,1.50,1.32
2013.06.26 14:57:57.780,1.64579,1.64609,1.69,2.07
2013.06.26 14:57:57.960,1.64579,1.6461,2.44,2.07
2013.06.26 14:57:58.513,1.64584,1.6461,1.50,1.32
2013.06.26 14:57:59.039,1.6458,1.6461,2.44,1.32
2013.06.26 14:57:59.100,1.6458,1.64608,1.69,1.32
2013.06.26 14:58:00.141,1.64581,1.64608,1.50,1.32
2013.06.26 14:58:00.810,1.64581,1.64608,1.69,1.32
2013.06.26 14:58:01.443,1.64582,1.64612,1.32,1.32
2013.06.26 14:58:01.504,1.64582,1.64616,2.82,3.57
2013.06.26 14:58:01.920,1.6458,1.64601,1.69,1.13
2013.06.26 14:58:02.041,1.64575,1.64601,3.94,1.13
2013.06.26 14:58:02.159,1.64576,1.64606,1.69,1.32
2013.06.26 14:58:02.801,1.64579,1.6461,2.44,1.69
2013.06.26 14:58:03.110,1.64577,1.64601,1.69,1.13
2013.06.26 14:58:03.230,1.64576,1.64601,1.50,1.32
2013.06.26 14:58:03.349,1.64575,1.64601,1.50,2.07
2013.06.26 14:58:03.651,1.64578,1.64608,1.69,1.69
2013.06.26 14:58:04.010,1.64579,1.64613,1.69,2.07
2013.06.26 14:58:04.643,1.64577,1.64609,1.32,1.32
2013.06.26 14:58:04.702,1.64574,1.64604,2.44,1.32
2013.06.26 14:58:04.761,1.64572,1.64601,3.19,1.13
2013.06.26 14:58:04.880,1.64572,1.64606,3.19,2.07
2013.06.26 14:58:05.180,1.64573,1.64609,1.69,2.07
2013.06.26 14:58:05.300,1.64577,1.64611,1.32,1.69
2013.06.26 14:58:05.374,1.64577,1.6461,1.32,1.69
2013.06.26 14:58:06.450,1.64581,1.64608,2.44,1.50
2013.06.26 14:58:06.510,1.64582,1.64612,2.44,1.32
2013.06.26 14:58:06.890,1.64581,1.64613,2.44,1.32
2013.06.26 14:58:07.071,1.6458,1.64607,1.65,1.32
2013.06.26 14:58:07.250,1.6458,1.64611,1.65,1.69
2013.06.26 14:58:07.310,1.64579,1.64611,1.69,3.19
2013.06.26 14:58:07.430,1.64581,1.64611,2.07,1.69
2013.06.26 14:58:07.741,1.64579,1.6461,1.69,1.69
2013.06.26 14:58:08.851,1.64576,1.64605,1.32,1.69
2013.06.26 14:58:09.219,1.64577,1.64605,1.32,1.69
2013.06.26 14:58:09.579,1.64582,1.6461,1.69,1.69
2013.06.26 14:58:09.700,1.64584,1.64613,1.69,1.88
2013.06.26 14:58:10.239,1.64588,1.6462,2.25,2.44
2013.06.26 14:58:10.731,1.64586,1.64613,1.69,1.32
2013.06.26 14:58:10.970,1.64587,1.64613,2.44,1.32
2013.06.26 14:58:11.400,1.64587,1.64618,2.07,2.07
2013.06.26 14:58:11.460,1.64595,1.64619,1.13,1.69
2013.06.26 14:58:11.520,1.64595,1.64621,1.32,1.69
2013.06.26 14:58:11.580,1.64592,1.64621,1.50,1.69
2013.06.26 14:58:11.700,1.64588,1.64621,1.69,1.32
2013.06.26 14:58:11.820,1.64586,1.64614,2.44,1.32
2013.06.26 14:58:12.059,1.64586,1.64614,1.69,1.32
2013.06.26 14:58:12.910,1.64586,1.6462,1.69,1.69
2013.06.26 14:58:13.841,1.64592,1.6462,1.32,1.32
2013.06.26 14:58:13.900,1.64594,1.6462,1.32,1.32
2013.06.26 14:58:14.200,1.64592,1.6462,1.32,1.69
2013.06.26 14:58:16.615,1.64592,1.6462,1.13,2.44
2013.06.26 14:58:18.808,1.64592,1.64621,1.13,1.69
2013.06.26 14:58:19.560,1.64592,1.64622,1.32,2.44
2013.06.26 14:58:20.170,1.64594,1.64623,1.13,2.44
2013.06.26 14:58:20.690,1.64591,1.64619,1.32,1.69
2013.06.26 14:58:21.070,1.64592,1.64618,1.32,1.69
2013.06.26 14:58:21.670,1.64594,1.64617,1.32,1.69
2013.06.26 14:58:21.860,1.64592,1.64615,1.32,1.50
2013.06.26 14:58:21.980,1.64587,1.64615,1.69,1.50
2013.06.26 14:58:22.490,1.64587,1.64613,1.69,2.25
2013.06.26 14:58:22.670,1.64585,1.64613,1.69,3.00
2013.06.26 14:58:22.790,1.64585,1.64613,1.69,1.50
2013.06.26 14:58:23.280,1.64585,1.64617,2.82,1.69
2013.06.26 14:58:23.459,1.64585,1.64616,1.69,1.69
2013.06.26 14:58:23.699,1.64584,1.64616,2.07,2.44
2013.06.26 14:58:24.000,1.64584,1.6461,2.07,1.50
2013.06.26 14:58:24.300,1.64582,1.64606,1.69,2.25
2013.06.26 14:58:24.360,1.64581,1.64606,1.69,1.50
2013.06.26 14:58:24.480,1.64576,1.64606,2.44,1.69
2013.06.26 14:58:24.600,1.64576,1.64606,1.69,1.69
2013.06.26 14:58:25.890,1.64579,1.64604,1.32,1.69
2013.06.26 14:58:26.070,1.64582,1.64613,1.69,1.69
2013.06.26 14:58:27.120,1.64583,1.6461,1.69,1.69
2013.06.26 14:58:27.180,1.64583,1.64608,1.50,1.32
2013.06.26 14:58:27.240,1.64579,1.64608,1.69,1.32
2013.06.26 14:58:27.420,1.64579,1.64604,1.69,1.69
2013.06.26 14:58:27.479,1.64575,1.64604,2.44,1.69
2013.06.26 14:58:27.661,1.64581,1.64604,1.50,1.69
2013.06.26 14:58:27.963,1.64584,1.64612,1.50,1.69
2013.06.26 14:58:28.201,1.64587,1.64608,1.50,1.13
2013.06.26 14:58:28.260,1.64585,1.64612,2.44,1.50
2013.06.26 14:58:28.320,1.64585,1.64612,1.50,2.44
2013.06.26 14:58:28.380,1.64585,1.64612,2.25,2.44
2013.06.26 14:58:28.439,1.64585,1.64612,1.50,2.44
2013.06.26 14:58:28.989,1.64585,1.64608,1.50,1.32
2013.06.26 14:58:29.050,1.64582,1.64608,1.50,2.07
2013.06.26 14:58:29.230,1.6458,1.64608,1.50,2.07
2013.06.26 14:58:29.349,1.6458,1.64606,1.50,1.32
2013.06.26 14:58:29.410,1.64575,1.64603,2.07,1.50
2013.06.26 14:58:29.530,1.64575,1.64603,1.50,1.69
2013.06.26 14:58:29.589,1.64575,1.64602,2.25,2.44
2013.06.26 14:58:30.133,1.64578,1.64604,1.50,1.69
2013.06.26 14:58:30.200,1.64581,1.64606,1.50,1.32
2013.06.26 14:58:30.550,1.64581,1.64606,1.50,1.32
2013.06.26 14:58:30.611,1.64581,1.64607,1.50,1.32
2013.06.26 14:58:31.150,1.64577,1.64608,3.19,1.32
2013.06.26 14:58:31.330,1.64587,1.64608,1.50,1.32
2013.06.26 14:58:31.450,1.64582,1.64608,1.69,1.32
2013.06.26 14:58:31.632,1.64582,1.64615,3.94,2.07
2013.06.26 14:58:31.691,1.64582,1.64615,2.44,1.32
2013.06.26 14:58:32.172,1.64581,1.64612,3.19,1.69
2013.06.26 14:58:32.231,1.64581,1.64611,3.19,1.69
2013.06.26 14:58:32.775,1.64581,1.64608,1.69,1.69
2013.06.26 14:58:32.848,1.64579,1.64608,1.13,2.44
2013.06.26 14:58:33.480,1.6458,1.64609,1.69,1.69
2013.06.26 14:58:34.999,1.64579,1.64609,1.32,1.69
2013.06.26 14:58:35.364,1.64579,1.64609,1.32,1.69
2013.06.26 14:58:35.420,1.64579,1.64609,1.13,1.69
2013.06.26 14:58:35.960,1.64577,1.64602,1.13,1.69
2013.06.26 14:58:37.442,1.64577,1.64603,1.13,1.69
2013.06.26 14:58:37.622,1.64579,1.64605,1.13,1.69
2013.06.26 14:58:37.801,1.64579,1.64611,1.32,1.69
2013.06.26 14:58:38.229,1.64579,1.64614,1.32,3.19
2013.06.26 14:58:38.409,1.64579,1.64611,1.32,1.69
2013.06.26 14:58:38.531,1.64579,1.64608,1.32,1.69
2013.06.26 14:58:39.430,1.64579,1.6461,1.32,2.44
2013.06.26 14:58:39.609,1.64579,1.64608,1.32,1.69
2013.06.26 14:58:40.173,1.64579,1.64605,1.32,1.69
2013.06.26 14:58:40.880,1.64581,1.64608,2.25,1.69
2013.06.26 14:58:40.940,1.64581,1.64611,2.44,1.69
2013.06.26 14:58:41.491,1.6459,1.64616,1.13,1.69
2013.06.26 14:58:41.670,1.64585,1.64613,3.19,1.32
2013.06.26 14:58:41.730,1.64588,1.64613,1.50,1.32
2013.06.26 14:58:41.911,1.64583,1.6461,1.50,1.69
2013.06.26 14:58:42.150,1.64586,1.64609,2.25,1.69
2013.06.26 14:58:42.330,1.64586,1.64608,1.13,3.19
2013.06.26 14:58:42.690,1.64607,1.64618,1.13,1.32
2013.06.26 14:58:42.750,1.64607,1.64625,1.13,1.69
2013.06.26 14:58:42.811,1.64607,1.64625,1.13,1.69
2013.06.26 14:58:42.871,1.64607,1.64628,1.13,1.69
2013.06.26 14:58:43.170,1.64595,1.64627,1.32,1.13
2013.06.26 14:58:43.230,1.64593,1.64624,2.22,1.69
2013.06.26 14:58:43.410,1.64594,1.64624,1.32,1.69
2013.06.26 14:58:44.211,1.64595,1.64626,1.32,1.69
2013.06.26 14:58:44.512,1.64597,1.64629,1.69,1.69
2013.06.26 14:58:44.751,1.64592,1.64622,1.69,1.32
2013.06.26 14:58:44.810,1.64592,1.64619,1.69,1.69
2013.06.26 14:58:45.122,1.64588,1.64622,2.07,2.82
2013.06.26 14:58:46.030,1.64598,1.64623,1.13,2.44
2013.06.26 14:58:46.670,1.64597,1.64623,1.13,3.94
2013.06.26 14:58:47.121,1.64598,1.64623,1.13,1.69
2013.06.26 14:58:47.634,1.64598,1.64626,1.13,3.19
2013.06.26 14:58:47.940,1.64591,1.6462,1.69,1.32
2013.06.26 14:58:48.341,1.64587,1.6462,3.94,1.32
2013.06.26 14:58:50.130,1.64587,1.6462,1.69,1.32
2013.06.26 14:58:50.190,1.64586,1.64616,3.19,1.32
2013.06.26 14:58:50.370,1.64587,1.64616,1.32,1.32
2013.06.26 14:58:50.910,1.64585,1.64609,3.19,1.13
2013.06.26 14:58:51.149,1.64582,1.64607,1.69,1.50
2013.06.26 14:58:51.210,1.64582,1.64606,1.69,1.50
2013.06.26 14:58:51.570,1.64575,1.64607,2.44,2.07
2013.06.26 14:58:51.872,1.64582,1.64606,1.69,1.32
2013.06.26 14:58:53.869,1.64579,1.64608,1.50,2.07
2013.06.26 14:58:53.930,1.64579,1.64606,1.50,1.69
2013.06.26 14:58:53.990,1.64577,1.64598,2.40,1.13
2013.06.26 14:58:54.050,1.64577,1.64598,1.65,1.13
2013.06.26 14:58:54.230,1.64576,1.64604,2.44,2.44
2013.06.26 14:58:54.590,1.64578,1.64606,1.50,1.32
2013.06.26 14:58:54.710,1.64578,1.64608,1.69,1.32
2013.06.26 14:58:55.129,1.64581,1.64608,1.13,1.69
2013.06.26 14:58:55.459,1.64584,1.64618,1.13,3.94
2013.06.26 14:58:56.380,1.64584,1.64617,1.13,1.69
2013.06.26 14:58:58.113,1.64584,1.64614,1.13,2.44
2013.06.26 14:58:58.230,1.64586,1.64615,1.50,1.69
2013.06.26 14:58:58.841,1.64586,1.64621,2.40,1.69
2013.06.26 14:58:59.080,1.64592,1.64622,1.32,1.32
2013.06.26 14:58:59.140,1.64592,1.64622,1.32,1.32
2013.06.26 14:58:59.740,1.64591,1.64623,3.19,1.32
2013.06.26 14:59:00.160,1.64604,1.64628,1.13,1.69
2013.06.26 14:59:00.340,1.64604,1.64633,1.13,1.69
2013.06.26 14:59:00.460,1.646,1.64629,1.69,2.07
2013.06.26 14:59:00.520,1.646,1.64627,2.25,1.69
2013.06.26 14:59:00.940,1.64598,1.64627,2.25,1.69
2013.06.26 14:59:01.469,1.64598,1.64629,1.50,2.07
2013.06.26 14:59:03.190,1.64598,1.64627,1.13,1.69
2013.06.26 14:59:03.552,1.64597,1.64628,2.44,1.32
2013.06.26 14:59:03.681,1.64601,1.64629,1.69,2.07
2013.06.26 14:59:03.740,1.64603,1.64629,1.69,1.32
2013.06.26 14:59:04.280,1.64606,1.64629,1.50,1.32
2013.06.26 14:59:04.671,1.64606,1.64629,1.50,1.32
2013.06.26 14:59:04.732,1.64603,1.64629,1.69,1.32
2013.06.26 14:59:05.610,1.64601,1.64631,1.69,1.32
2013.06.26 14:59:06.111,1.64605,1.64633,1.50,1.32
2013.06.26 14:59:06.229,1.64605,1.64629,1.50,1.32
2013.06.26 14:59:06.542,1.64606,1.64628,1.13,1.69
2013.06.26 14:59:06.602,1.64603,1.64628,2.25,1.69
2013.06.26 14:59:06.660,1.64603,1.64628,1.88,2.07
2013.06.26 14:59:07.191,1.64601,1.64628,1.69,1.32
2013.06.26 14:59:07.530,1.64602,1.64628,1.69,1.32
2013.06.26 14:59:07.830,1.64602,1.64628,1.69,1.32
2013.06.26 14:59:10.170,1.64602,1.64629,1.69,1.32
2013.06.26 14:59:11.810,1.646,1.64628,1.69,2.44
2013.06.26 14:59:11.930,1.646,1.64628,1.69,2.44
2013.06.26 14:59:13.324,1.64602,1.64629,2.44,1.32
2013.06.26 14:59:13.631,1.64619,1.64652,3.19,1.32
2013.06.26 14:59:13.810,1.64623,1.64652,1.84,1.69
2013.06.26 14:59:16.433,1.64622,1.64653,1.32,3.19
2013.06.26 14:59:16.553,1.64622,1.64654,1.32,1.69
2013.06.26 14:59:17.091,1.64621,1.64651,1.69,3.00
2013.06.26 14:59:17.392,1.64621,1.64648,1.69,1.50
2013.06.26 14:59:17.710,1.64623,1.64652,3.19,1.69
2013.06.26 14:59:18.190,1.64632,1.64652,1.13,1.69
2013.06.26 14:59:18.253,1.64631,1.64653,1.32,2.25
2013.06.26 14:59:18.671,1.64632,1.64655,1.32,1.50
2013.06.26 14:59:18.732,1.64632,1.64656,1.32,1.50
2013.06.26 14:59:18.851,1.64632,1.64665,1.69,1.69
2013.06.26 14:59:19.239,1.64634,1.64668,1.69,2.44
2013.06.26 14:59:19.309,1.64634,1.64667,1.69,2.44
2013.06.26 14:59:19.432,1.64634,1.64667,2.07,1.69
2013.06.26 14:59:21.402,1.64636,1.64664,1.32,1.69
2013.06.26 14:59:21.520,1.64635,1.6466,1.32,1.50
2013.06.26 14:59:21.581,1.64635,1.6466,1.32,2.44
2013.06.26 14:59:21.641,1.64631,1.64658,2.07,1.69
2013.06.26 14:59:21.700,1.64631,1.64655,2.07,1.69
2013.06.26 14:59:21.882,1.64631,1.64652,1.32,1.50
2013.06.26 14:59:22.870,1.64631,1.64651,1.32,1.13
2013.06.26 14:59:23.171,1.64621,1.64646,1.69,1.50
2013.06.26 14:59:23.351,1.64621,1.64646,1.69,1.50
2013.06.26 14:59:23.650,1.64618,1.64641,1.32,1.50
2013.06.26 14:59:23.712,1.64611,1.64638,1.32,1.13
2013.06.26 14:59:23.833,1.64603,1.64634,3.19,1.50
2013.06.26 14:59:23.892,1.64606,1.64634,1.69,1.50
2013.06.26 14:59:23.952,1.64606,1.64634,1.69,1.13
2013.06.26 14:59:24.130,1.64605,1.64637,2.44,1.32
2013.06.26 14:59:24.370,1.64606,1.6464,2.44,1.32
2013.06.26 14:59:25.561,1.64609,1.64638,2.44,1.32
2013.06.26 14:59:25.800,1.64609,1.64638,1.69,2.82
2013.06.26 14:59:27.430,1.64608,1.64637,1.32,1.69
2013.06.26 14:59:27.790,1.64602,1.64624,1.50,1.50
2013.06.26 14:59:27.971,1.6459,1.64621,1.69,2.44
2013.06.26 14:59:28.211,1.64589,1.64622,2.44,2.44
2013.06.26 14:59:29.091,1.64586,1.64619,1.69,1.69
2013.06.26 14:59:29.330,1.64586,1.64618,1.69,2.44
2013.06.26 14:59:29.872,1.64586,1.64615,1.69,1.69
2013.06.26 14:59:30.420,1.64586,1.64616,1.69,1.69
2013.06.26 14:59:31.113,1.64585,1.64613,1.32,1.69
2013.06.26 14:59:31.420,1.64583,1.64607,1.32,2.25
2013.06.26 14:59:31.780,1.64579,1.64592,1.50,1.50
2013.06.26 14:59:32.140,1.64583,1.64602,1.32,1.50
2013.06.26 14:59:32.642,1.64586,1.64602,1.69,1.50
2013.06.26 14:59:32.762,1.64586,1.64612,1.69,1.69
2013.06.26 14:59:33.002,1.64583,1.6461,1.32,1.50
2013.06.26 14:59:33.520,1.64584,1.64612,1.69,1.50
2013.06.26 14:59:33.700,1.64602,1.64625,1.13,1.32
2013.06.26 14:59:34.059,1.64602,1.64624,2.07,1.50
2013.06.26 14:59:34.120,1.64603,1.64632,1.69,1.32
2013.06.26 14:59:34.240,1.64603,1.64631,2.07,2.07
2013.06.26 14:59:34.300,1.64603,1.64631,2.07,2.82
2013.06.26 14:59:34.721,1.64608,1.64631,2.07,1.32
2013.06.26 14:59:34.843,1.64613,1.6464,1.69,1.50
2013.06.26 14:59:34.963,1.64617,1.6464,1.69,1.50
2013.06.26 14:59:35.082,1.64618,1.64641,1.69,1.50
2013.06.26 14:59:35.141,1.64618,1.64641,1.69,3.66
2013.06.26 14:59:35.440,1.64604,1.6463,1.32,1.13
2013.06.26 14:59:35.623,1.64603,1.64622,1.50,1.69
2013.06.26 14:59:35.741,1.64587,1.64618,4.50,3.38
2013.06.26 14:59:35.923,1.64585,1.64615,1.69,1.69
2013.06.26 14:59:36.220,1.64585,1.64619,2.44,1.13
2013.06.26 14:59:36.514,1.64598,1.64614,1.84,1.50
2013.06.26 14:59:36.585,1.64603,1.64633,1.32,1.13
2013.06.26 14:59:36.651,1.64602,1.64633,1.32,1.32
2013.06.26 14:59:36.770,1.64604,1.64628,1.69,1.50
2013.06.26 14:59:36.952,1.64607,1.64637,2.07,2.07
2013.06.26 14:59:37.190,1.64607,1.6463,1.13,1.50
2013.06.26 14:59:37.492,1.64604,1.64636,1.32,2.44
2013.06.26 14:59:37.850,1.64604,1.64637,1.69,1.88
2013.06.26 14:59:37.911,1.64604,1.64638,2.07,1.13
2013.06.26 14:59:38.151,1.64604,1.64638,2.07,1.13
2013.06.26 14:59:38.212,1.64607,1.64637,1.32,1.13
2013.06.26 14:59:38.450,1.64616,1.6464,1.13,1.32
2013.06.26 14:59:38.511,1.64616,1.64639,1.13,1.69
2013.06.26 14:59:38.570,1.64616,1.6464,1.13,1.32
2013.06.26 14:59:38.691,1.64611,1.64643,1.28,1.32
2013.06.26 14:59:38.992,1.64624,1.64642,1.13,2.44
2013.06.26 14:59:39.052,1.64626,1.64642,1.50,1.50
2013.06.26 14:59:39.172,1.64631,1.64647,1.69,1.50
2013.06.26 14:59:39.411,1.64633,1.64661,1.69,1.69
2013.06.26 14:59:39.472,1.64628,1.6465,1.69,2.25
2013.06.26 14:59:40.072,1.64608,1.64636,1.13,1.13
2013.06.26 14:59:40.154,1.64599,1.64633,1.32,1.13
2013.06.26 14:59:40.293,1.64599,1.64638,1.69,1.32
2013.06.26 14:59:40.720,1.64594,1.6463,1.69,1.69
2013.06.26 14:59:40.961,1.64594,1.64625,1.32,1.50
2013.06.26 14:59:41.142,1.64619,1.64634,1.13,2.07
2013.06.26 14:59:41.202,1.64622,1.64645,3.15,1.88
2013.06.26 14:59:41.261,1.6464,1.64661,1.50,1.50
2013.06.26 14:59:41.322,1.6464,1.64661,1.50,1.50
2013.06.26 14:59:41.442,1.64643,1.64661,1.50,1.50
2013.06.26 14:59:41.500,1.64643,1.64664,1.50,1.13
2013.06.26 14:59:41.621,1.64647,1.64681,1.69,1.13
2013.06.26 14:59:41.681,1.64646,1.64681,1.69,1.32
2013.06.26 14:59:41.740,1.64646,1.64679,1.50,1.32
2013.06.26 14:59:41.860,1.64639,1.64675,1.32,1.32
2013.06.26 14:59:41.920,1.64636,1.64666,1.69,1.13
2013.06.26 14:59:41.980,1.64641,1.64671,1.13,1.32
2013.06.26 14:59:42.101,1.64641,1.64655,1.13,1.84
2013.06.26 14:59:42.281,1.64614,1.64634,1.50,1.50
2013.06.26 14:59:42.402,1.64626,1.64645,1.84,1.88
2013.06.26 14:59:42.584,1.64646,1.64669,1.13,1.50
2013.06.26 14:59:42.892,1.64641,1.64668,1.13,2.44
2013.06.26 14:59:43.073,1.64641,1.64655,1.13,1.69
2013.06.26 14:59:43.191,1.64639,1.64648,1.39,1.32
2013.06.26 14:59:43.492,1.64638,1.64652,1.02,1.69
2013.06.26 14:59:43.583,1.64639,1.64652,1.02,1.69
2013.06.26 14:59:43.943,1.64633,1.64647,1.39,2.07
2013.06.26 14:59:44.102,1.64609,1.64637,1.69,1.13
2013.06.26 14:59:44.160,1.64609,1.64639,2.44,1.32
2013.06.26 14:59:44.220,1.64617,1.64639,1.50,1.32
2013.06.26 14:59:44.340,1.64607,1.64639,2.44,1.32
2013.06.26 14:59:44.580,1.64609,1.64637,2.25,1.32
2013.06.26 14:59:44.882,1.64601,1.64633,2.44,1.13
2013.06.26 14:59:45.184,1.64603,1.64628,1.69,1.13
2013.06.26 14:59:45.251,1.64599,1.64628,2.44,1.13
2013.06.26 14:59:45.372,1.64593,1.64624,2.25,1.09
2013.06.26 14:59:45.730,1.64592,1.64623,2.44,1.13
2013.06.26 14:59:46.030,1.64593,1.64626,1.32,1.69
2013.06.26 14:59:46.211,1.64594,1.64629,3.19,1.32
2013.06.26 14:59:47.430,1.64593,1.64628,1.32,1.32
2013.06.26 14:59:47.790,1.64593,1.64632,1.69,1.32
2013.06.26 14:59:48.093,1.64594,1.64628,1.69,1.13
2013.06.26 14:59:48.211,1.64613,1.64632,1.13,1.50
2013.06.26 14:59:48.453,1.64617,1.64643,1.32,1.13
2013.06.26 14:59:48.512,1.64617,1.64644,1.32,2.25
2013.06.26 14:59:48.632,1.64617,1.64651,1.32,1.69
2013.06.26 14:59:48.751,1.64618,1.64652,1.69,1.50
2013.06.26 14:59:48.931,1.64618,1.64649,1.69,1.50
2013.06.26 14:59:49.292,1.64621,1.64646,1.69,1.50
2013.06.26 14:59:49.755,1.64621,1.64644,1.69,1.50
2013.06.26 14:59:49.943,1.64621,1.6464,1.13,1.28
2013.06.26 14:59:50.065,1.64599,1.64641,1.13,2.07
2013.06.26 14:59:50.132,1.646,1.64628,1.13,1.13
2013.06.26 14:59:50.252,1.64593,1.64622,1.88,1.50
2013.06.26 14:59:50.374,1.64593,1.64617,1.50,1.50
2013.06.26 14:59:50.681,1.64583,1.64613,1.13,1.50
2013.06.26 14:59:50.801,1.64583,1.64613,1.13,1.50
2013.06.26 14:59:51.100,1.64593,1.64623,1.69,1.13
2013.06.26 14:59:51.160,1.64591,1.64623,1.69,1.13
2013.06.26 14:59:51.460,1.64588,1.64623,2.07,1.88
2013.06.26 14:59:51.700,1.64595,1.64623,1.32,2.25
2013.06.26 14:59:52.430,1.64593,1.64624,1.69,1.50
2013.06.26 14:59:52.615,1.64601,1.64633,1.32,1.32
2013.06.26 14:59:52.742,1.64598,1.64636,1.69,1.28
2013.06.26 14:59:53.162,1.64598,1.6463,1.69,1.13
2013.06.26 14:59:53.661,1.64599,1.64635,6.19,1.13
2013.06.26 14:59:53.780,1.64604,1.64637,1.32,1.13
2013.06.26 14:59:53.960,1.64612,1.64642,1.13,1.50
2013.06.26 14:59:54.473,1.64614,1.64643,1.32,1.50
2013.06.26 14:59:54.831,1.64632,1.64654,1.32,1.88
2013.06.26 14:59:55.313,1.64633,1.64659,1.32,1.50
2013.06.26 14:59:55.382,1.64633,1.64659,1.32,1.50
2013.06.26 14:59:55.743,1.64634,1.64663,1.69,1.50
2013.06.26 14:59:55.862,1.64634,1.64666,1.69,1.50
2013.06.26 14:59:55.983,1.64631,1.64669,2.07,1.32
2013.06.26 14:59:56.041,1.64631,1.64665,1.69,1.13
2013.06.26 14:59:56.161,1.64629,1.64664,1.32,3.57
2013.06.26 14:59:56.280,1.64629,1.64664,1.32,1.88
2013.06.26 14:59:56.905,1.64622,1.64655,1.69,1.09
2013.06.26 14:59:56.970,1.64616,1.64647,1.32,1.13
2013.06.26 14:59:57.150,1.6462,1.64656,1.69,1.28
2013.06.26 14:59:57.210,1.64626,1.6466,1.13,1.28
2013.06.26 14:59:57.270,1.64626,1.64662,1.32,2.07
2013.06.26 14:59:57.390,1.6463,1.64658,1.13,1.32
2013.06.26 14:59:57.970,1.64624,1.64658,1.13,1.32
2013.06.26 14:59:58.533,1.64624,1.64658,1.32,1.32
2013.06.26 14:59:58.891,1.64639,1.64664,1.13,1.13
2013.06.26 14:59:58.951,1.64639,1.64665,1.13,1.50
2013.06.26 14:59:59.071,1.64643,1.64673,1.13,1.32
2013.06.26 14:59:59.251,1.6464,1.64673,2.63,1.69
2013.06.26 14:59:59.310,1.6464,1.64673,2.63,1.69
