2012.03.02 09:00:00.293,1.47797,1.47824,1.50,1.50
2012.03.02 09:00:00.917,1.47794,1.47823,1.50,1.50
2012.03.02 09:00:01.580,1.47794,1.47823,3.75,1.50
2012.03.02 09:00:01.780,1.47798,1.47822,3.00,1.50
2012.03.02 09:00:02.117,1.47805,1.47827,1.50,1.50
2012.03.02 09:00:02.256,1.478,1.47827,1.50,1.50
2012.03.02 09:00:02.385,1.47798,1.47824,1.50,1.50
2012.03.02 09:00:03.089,1.47797,1.47823,1.50,1.50
2012.03.02 09:00:03.161,1.47793,1.47822,1.50,1.50
2012.03.02 09:00:03.235,1.47793,1.47822,1.50,2.25
2012.03.02 09:00:03.428,1.47788,1.47817,1.50,1.50
2012.03.02 09:00:03.569,1.47792,1.47818,1.50,1.50
2012.03.02 09:00:03.917,1.47792,1.47821,1.50,1.50
2012.03.02 09:00:05.125,1.47795,1.47822,1.50,1.95
2012.03.02 09:00:05.555,1.47802,1.47822,1.50,1.50
2012.03.02 09:00:06.806,1.47801,1.47821,1.50,1.50
2012.03.02 09:00:07.044,1.47799,1.47821,3.00,1.50
2012.03.02 09:00:07.286,1.47797,1.47821,1.50,1.50
2012.03.02 09:00:07.536,1.47799,1.47821,1.50,1.50
2012.03.02 09:00:08.546,1.47801,1.47821,1.50,1.50
2012.03.02 09:00:08.622,1.47802,1.47829,1.50,2.33
2012.03.02 09:00:08.755,1.47806,1.47822,1.50,1.50
2012.03.02 09:00:08.887,1.478,1.47822,1.50,1.50
2012.03.02 09:00:08.955,1.47802,1.47828,1.50,1.95
2012.03.02 09:00:09.276,1.47807,1.47833,1.50,1.50
2012.03.02 09:00:09.351,1.47807,1.47835,1.50,2.25
2012.03.02 09:00:09.432,1.47807,1.47833,1.50,1.13
2012.03.02 09:00:09.507,1.47805,1.47832,1.50,1.88
2012.03.02 09:00:10.102,1.47798,1.4782,1.50,1.50
2012.03.02 09:00:10.395,1.47797,1.47818,1.50,1.50
2012.03.02 09:00:10.528,1.47797,1.47823,3.00,1.50
2012.03.02 09:00:10.964,1.47797,1.47821,1.50,1.50
2012.03.02 09:00:11.732,1.47797,1.47823,3.00,1.50
2012.03.02 09:00:13.624,1.478,1.47823,1.50,1.50
2012.03.02 09:00:13.815,1.478,1.47827,1.50,3.08
2012.03.02 09:00:13.883,1.478,1.47818,1.50,1.50
2012.03.02 09:00:17.057,1.47797,1.47818,1.50,1.50
2012.03.02 09:00:17.379,1.47789,1.47815,2.25,1.50
2012.03.02 09:00:17.447,1.47789,1.47811,2.25,1.50
2012.03.02 09:00:17.578,1.47782,1.4781,2.40,3.00
2012.03.02 09:00:17.826,1.47782,1.4781,1.65,3.75
2012.03.02 09:00:18.158,1.47781,1.47805,1.21,2.25
2012.03.02 09:00:18.710,1.47778,1.47805,2.03,1.50
2012.03.02 09:00:19.212,1.47785,1.47805,1.50,1.50
2012.03.02 09:00:20.548,1.47785,1.47807,1.50,1.50
2012.03.02 09:00:20.626,1.47787,1.47811,1.50,1.50
2012.03.02 09:00:20.815,1.47788,1.47814,1.50,3.08
2012.03.02 09:00:20.946,1.47785,1.47814,1.50,4.58
2012.03.02 09:00:21.045,1.47787,1.47814,1.50,4.58
2012.03.02 09:00:21.592,1.4779,1.47814,1.50,1.50
2012.03.02 09:00:22.026,1.47794,1.47814,1.50,1.50
2012.03.02 09:00:22.635,1.47789,1.47816,1.50,1.50
2012.03.02 09:00:23.034,1.47792,1.47819,1.50,3.08
2012.03.02 09:00:23.446,1.47795,1.47819,1.50,1.20
2012.03.02 09:00:23.922,1.47791,1.4782,1.50,2.25
2012.03.02 09:00:24.072,1.47794,1.47821,1.50,1.20
2012.03.02 09:00:24.693,1.47789,1.47814,1.50,1.50
2012.03.02 09:00:25.026,1.47785,1.47814,1.50,3.75
2012.03.02 09:00:25.103,1.47788,1.47814,1.50,3.75
2012.03.02 09:00:25.180,1.47786,1.47814,1.50,3.75
2012.03.02 09:00:25.393,1.47788,1.47814,1.50,2.25
2012.03.02 09:00:26.063,1.47789,1.47814,1.50,2.25
2012.03.02 09:00:26.522,1.47791,1.47814,1.50,2.25
2012.03.02 09:00:26.599,1.47791,1.4782,1.50,2.70
2012.03.02 09:00:27.033,1.47788,1.47817,1.50,1.50
2012.03.02 09:00:27.895,1.47791,1.4782,1.50,1.50
2012.03.02 09:00:28.264,1.47791,1.47818,1.50,1.50
2012.03.02 09:00:28.752,1.47788,1.47817,1.50,1.50
2012.03.02 09:00:30.968,1.47791,1.47817,1.50,1.50
2012.03.02 09:00:31.269,1.47793,1.47819,1.50,2.25
2012.03.02 09:00:31.477,1.4779,1.47817,1.50,1.50
2012.03.02 09:00:33.369,1.47786,1.47813,1.50,2.25
2012.03.02 09:00:38.035,1.47786,1.47807,1.50,1.50
2012.03.02 09:00:38.224,1.47782,1.47807,2.40,1.50
2012.03.02 09:00:38.830,1.47786,1.47807,1.50,1.50
2012.03.02 09:00:40.024,1.47786,1.47813,1.50,1.50
2012.03.02 09:00:45.601,1.47788,1.47815,1.50,1.50
2012.03.02 09:00:45.929,1.47793,1.47817,1.50,1.50
2012.03.02 09:00:46.453,1.47793,1.47818,1.50,1.50
2012.03.02 09:00:46.793,1.47796,1.4782,1.50,1.50
2012.03.02 09:00:46.982,1.47793,1.4782,1.50,1.50
2012.03.02 09:00:47.283,1.47793,1.47814,1.50,1.50
2012.03.02 09:00:47.356,1.47791,1.47814,1.50,1.50
2012.03.02 09:00:47.541,1.4779,1.47812,1.50,1.50
2012.03.02 09:00:48.381,1.47794,1.47819,1.50,1.50
2012.03.02 09:00:49.033,1.47797,1.47819,1.50,1.50
2012.03.02 09:00:49.821,1.47799,1.47819,1.50,1.50
2012.03.02 09:00:52.535,1.47802,1.47819,1.50,1.50
2012.03.02 09:00:52.608,1.47802,1.47826,1.50,1.95
2012.03.02 09:00:52.671,1.47802,1.47826,1.50,1.50
2012.03.02 09:00:52.804,1.47802,1.4782,1.50,1.50
2012.03.02 09:00:53.128,1.47798,1.4782,1.50,1.50
2012.03.02 09:00:53.720,1.47798,1.47824,1.50,1.50
2012.03.02 09:00:53.840,1.47795,1.47821,1.50,1.50
2012.03.02 09:00:54.221,1.47793,1.47819,1.50,1.50
2012.03.02 09:00:54.623,1.47795,1.47821,1.50,1.50
2012.03.02 09:00:55.092,1.47792,1.4782,3.00,1.50
2012.03.02 09:00:55.529,1.47794,1.47821,1.50,1.50
2012.03.02 09:00:55.854,1.47793,1.47819,3.00,1.50
2012.03.02 09:00:56.105,1.47797,1.47825,1.50,2.25
2012.03.02 09:00:56.172,1.47797,1.47825,1.50,2.25
2012.03.02 09:00:56.306,1.47794,1.47821,1.50,3.75
2012.03.02 09:00:56.377,1.47792,1.47819,1.50,2.25
2012.03.02 09:00:56.443,1.47792,1.47817,1.50,1.13
2012.03.02 09:00:56.515,1.47792,1.47817,1.50,1.13
2012.03.02 09:00:56.588,1.47786,1.47807,2.25,1.50
2012.03.02 09:00:56.716,1.47787,1.47807,1.50,1.50
2012.03.02 09:00:56.846,1.4779,1.47807,1.50,1.50
2012.03.02 09:00:57.376,1.4779,1.47816,3.00,1.50
2012.03.02 09:00:57.450,1.47791,1.47818,1.50,2.25
2012.03.02 09:00:57.528,1.47788,1.47817,3.00,1.50
2012.03.02 09:00:57.597,1.47788,1.47813,1.50,1.50
2012.03.02 09:00:58.092,1.47789,1.47816,1.50,1.50
2012.03.02 09:00:58.655,1.47792,1.47819,1.50,3.75
2012.03.02 09:01:00.540,1.47792,1.47819,1.50,1.50
2012.03.02 09:01:01.038,1.478,1.47821,1.50,1.50
2012.03.02 09:01:01.403,1.478,1.47825,1.50,1.50
2012.03.02 09:01:01.592,1.478,1.4782,1.50,1.50
2012.03.02 09:01:01.785,1.47797,1.4782,3.00,1.50
2012.03.02 09:01:02.454,1.47799,1.47826,1.50,1.95
2012.03.02 09:01:03.355,1.47799,1.47824,1.50,1.50
2012.03.02 09:01:03.674,1.47802,1.47826,1.50,1.50
2012.03.02 09:01:04.434,1.47828,1.4784,1.50,1.50
2012.03.02 09:01:04.515,1.47811,1.47838,1.88,1.50
2012.03.02 09:01:04.763,1.47811,1.47834,1.50,1.50
2012.03.02 09:01:05.082,1.47814,1.47834,1.50,1.50
2012.03.02 09:01:07.071,1.47814,1.4783,1.50,1.50
2012.03.02 09:01:07.165,1.47814,1.47834,1.50,1.50
2012.03.02 09:01:08.724,1.47812,1.47834,1.50,1.50
2012.03.02 09:01:09.390,1.47811,1.47834,1.50,1.50
2012.03.02 09:01:09.996,1.47809,1.47834,1.50,1.50
2012.03.02 09:01:10.062,1.47807,1.47834,1.50,1.50
2012.03.02 09:01:10.797,1.47806,1.47832,1.50,1.50
2012.03.02 09:01:11.337,1.47807,1.47832,1.50,1.50
2012.03.02 09:01:11.648,1.47802,1.47828,3.00,1.50
2012.03.02 09:01:12.527,1.47803,1.4783,1.50,3.75
2012.03.02 09:01:13.072,1.47803,1.4783,1.50,1.50
2012.03.02 09:01:13.988,1.47805,1.4783,1.50,1.50
2012.03.02 09:01:14.745,1.47804,1.4783,1.50,1.50
2012.03.02 09:01:14.828,1.47802,1.4783,3.00,1.50
2012.03.02 09:01:16.007,1.47806,1.4783,1.50,1.50
2012.03.02 09:01:17.073,1.47802,1.4783,3.00,1.50
2012.03.02 09:01:17.445,1.47802,1.4783,3.75,1.50
2012.03.02 09:01:17.634,1.47816,1.47842,1.50,1.95
2012.03.02 09:01:18.369,1.47816,1.47839,1.50,1.50
2012.03.02 09:01:18.489,1.47814,1.47839,1.50,1.50
2012.03.02 09:01:19.853,1.47816,1.47839,1.50,2.25
2012.03.02 09:01:20.541,1.4781,1.47834,1.50,1.50
2012.03.02 09:01:20.620,1.47807,1.47833,1.50,1.50
2012.03.02 09:01:21.062,1.47807,1.47836,3.00,1.50
2012.03.02 09:01:21.131,1.47807,1.47836,3.00,2.25
2012.03.02 09:01:23.337,1.47809,1.47836,1.50,2.25
2012.03.02 09:01:23.849,1.4781,1.47838,1.50,2.25
2012.03.02 09:01:23.973,1.4781,1.47838,1.50,2.25
2012.03.02 09:01:24.588,1.47807,1.47836,3.00,1.50
2012.03.02 09:01:25.013,1.47812,1.47838,1.50,2.25
2012.03.02 09:01:25.321,1.47814,1.47839,1.50,2.25
2012.03.02 09:01:25.893,1.47815,1.47839,1.50,2.25
2012.03.02 09:01:26.105,1.47825,1.47852,1.50,3.38
2012.03.02 09:01:26.414,1.47822,1.4785,3.00,1.88
2012.03.02 09:01:26.766,1.47826,1.4785,1.50,1.50
2012.03.02 09:01:26.972,1.47822,1.4785,1.50,1.50
2012.03.02 09:01:27.801,1.47821,1.47847,3.00,1.50
2012.03.02 09:01:28.134,1.47822,1.47849,1.50,1.50
2012.03.02 09:01:28.558,1.47825,1.47848,1.50,1.50
2012.03.02 09:01:28.632,1.47823,1.47848,1.50,1.50
2012.03.02 09:01:28.766,1.47824,1.47853,1.50,4.13
2012.03.02 09:01:29.036,1.47827,1.47853,1.50,1.88
2012.03.02 09:01:30.184,1.47825,1.47851,1.50,1.88
2012.03.02 09:01:30.253,1.47822,1.47851,1.50,1.88
2012.03.02 09:01:30.914,1.47826,1.47851,1.50,1.88
2012.03.02 09:01:32.913,1.47825,1.4785,1.50,1.50
2012.03.02 09:01:33.458,1.47825,1.47852,1.50,3.38
2012.03.02 09:01:36.216,1.47825,1.47852,1.50,2.22
2012.03.02 09:01:37.087,1.47822,1.47849,3.00,1.50
2012.03.02 09:01:37.162,1.47821,1.47847,3.00,1.50
2012.03.02 09:01:37.476,1.47821,1.47843,1.50,1.50
2012.03.02 09:01:37.607,1.47828,1.47853,1.50,2.10
2012.03.02 09:01:37.823,1.47828,1.47853,1.50,1.50
2012.03.02 09:01:38.073,1.47824,1.47851,1.50,1.50
2012.03.02 09:01:38.711,1.47826,1.47852,1.50,1.50
2012.03.02 09:01:40.742,1.47824,1.47851,3.00,1.50
2012.03.02 09:01:41.193,1.47824,1.47849,1.50,1.50
2012.03.02 09:01:41.661,1.47822,1.47845,2.25,1.50
2012.03.02 09:01:41.729,1.47822,1.47847,1.50,1.50
2012.03.02 09:01:41.869,1.47822,1.47849,3.00,1.50
2012.03.02 09:01:41.931,1.47825,1.47851,1.50,1.50
2012.03.02 09:01:42.283,1.47825,1.47854,3.00,2.25
2012.03.02 09:01:42.415,1.47825,1.47851,1.50,1.50
2012.03.02 09:01:42.916,1.47825,1.47847,1.50,1.50
2012.03.02 09:01:43.047,1.47825,1.47849,1.50,1.50
2012.03.02 09:01:43.114,1.47825,1.47851,1.50,1.50
2012.03.02 09:01:43.253,1.47822,1.47847,1.50,1.50
2012.03.02 09:01:43.323,1.47823,1.47849,1.50,1.50
2012.03.02 09:01:43.457,1.47822,1.47847,1.50,1.50
2012.03.02 09:01:44.009,1.47823,1.47849,1.50,1.50
2012.03.02 09:01:44.638,1.47823,1.4785,1.50,2.25
2012.03.02 09:01:44.904,1.47823,1.4785,1.50,1.50
2012.03.02 09:01:45.431,1.47824,1.4785,1.50,1.50
2012.03.02 09:01:45.871,1.47824,1.47846,1.50,1.50
2012.03.02 09:01:48.093,1.47824,1.4785,1.50,1.50
2012.03.02 09:01:48.164,1.47826,1.47854,1.50,1.50
2012.03.02 09:01:48.416,1.47832,1.47854,1.50,1.50
2012.03.02 09:01:48.721,1.47832,1.4785,1.50,1.50
2012.03.02 09:01:49.731,1.47827,1.47853,1.50,1.50
2012.03.02 09:01:49.865,1.47827,1.4785,1.50,1.50
2012.03.02 09:01:50.500,1.47829,1.47852,1.50,1.50
2012.03.02 09:01:50.819,1.47821,1.47847,2.56,1.50
2012.03.02 09:01:51.135,1.47842,1.47847,1.50,1.50
2012.03.02 09:01:51.266,1.47842,1.47867,1.50,1.95
2012.03.02 09:01:51.633,1.47842,1.47869,1.50,2.25
2012.03.02 09:01:51.762,1.47842,1.47865,1.50,1.50
2012.03.02 09:01:52.560,1.47846,1.47865,1.50,1.50
2012.03.02 09:01:52.778,1.47842,1.47865,1.50,1.50
2012.03.02 09:01:53.012,1.47842,1.47867,1.50,1.50
2012.03.02 09:01:53.601,1.47842,1.47868,1.50,1.50
2012.03.02 09:01:54.528,1.47846,1.47868,1.50,1.50
2012.03.02 09:01:55.057,1.47842,1.47868,1.50,1.50
2012.03.02 09:01:57.598,1.47842,1.47868,1.50,2.25
2012.03.02 09:01:57.664,1.47842,1.47868,1.50,1.50
2012.03.02 09:01:57.918,1.47846,1.47867,1.50,1.50
2012.03.02 09:01:57.987,1.47847,1.47872,1.50,1.50
2012.03.02 09:01:58.054,1.47847,1.47866,1.50,1.50
2012.03.02 09:01:58.377,1.47849,1.47871,1.50,1.50
2012.03.02 09:01:58.446,1.47849,1.47871,1.50,2.25
2012.03.02 09:01:58.518,1.47846,1.47867,1.50,1.50
2012.03.02 09:01:59.151,1.4785,1.47867,1.50,1.50
2012.03.02 09:01:59.226,1.4786,1.4788,1.50,1.50
2012.03.02 09:01:59.296,1.4786,1.47884,1.50,2.25
2012.03.02 09:01:59.544,1.47857,1.47882,1.50,1.50
2012.03.02 09:01:59.735,1.47861,1.47883,1.50,1.09
2012.03.02 09:01:59.805,1.47857,1.47883,3.00,1.09
2012.03.02 09:02:02.560,1.47857,1.47878,1.50,1.50
2012.03.02 09:02:02.810,1.47852,1.47878,3.75,1.50
2012.03.02 09:02:03.233,1.47855,1.4788,1.50,1.50
2012.03.02 09:02:03.361,1.47852,1.47879,1.50,1.50
2012.03.02 09:02:03.795,1.47857,1.4788,1.50,1.50
2012.03.02 09:02:04.471,1.47857,1.47881,1.50,1.50
2012.03.02 09:02:06.044,1.47857,1.4788,1.50,1.50
2012.03.02 09:02:06.359,1.47851,1.47872,1.50,1.50
2012.03.02 09:02:06.544,1.47851,1.47877,1.50,1.50
2012.03.02 09:02:06.616,1.47848,1.47875,1.50,1.50
2012.03.02 09:02:07.214,1.47848,1.47874,1.50,1.50
2012.03.02 09:02:07.292,1.4785,1.47879,1.50,2.25
2012.03.02 09:02:07.724,1.4785,1.47877,1.50,1.50
2012.03.02 09:02:08.282,1.47849,1.47878,1.50,1.50
2012.03.02 09:02:08.757,1.47848,1.47873,1.50,1.50
2012.03.02 09:02:09.142,1.47849,1.47876,1.50,1.50
2012.03.02 09:02:09.214,1.47849,1.47878,1.50,1.50
2012.03.02 09:02:10.007,1.47853,1.47878,1.50,1.50
2012.03.02 09:02:10.192,1.47849,1.47878,1.50,1.50
2012.03.02 09:02:10.324,1.47848,1.47875,1.50,1.50
2012.03.02 09:02:10.754,1.47848,1.47873,1.50,1.50
2012.03.02 09:02:11.078,1.47842,1.47867,2.25,1.50
2012.03.02 09:02:11.386,1.47846,1.47872,1.50,1.50
2012.03.02 09:02:12.209,1.47844,1.47871,1.50,1.50
2012.03.02 09:02:12.406,1.47846,1.47872,1.50,1.50
2012.03.02 09:02:12.715,1.47843,1.4787,3.00,1.50
2012.03.02 09:02:12.784,1.47843,1.47868,1.50,1.50
2012.03.02 09:02:13.103,1.47843,1.47866,1.50,1.50
2012.03.02 09:02:13.174,1.47843,1.47868,1.50,1.50
2012.03.02 09:02:14.054,1.47847,1.47869,1.50,1.50
2012.03.02 09:02:14.243,1.47847,1.47871,1.50,1.50
2012.03.02 09:02:14.645,1.47844,1.47871,1.50,1.50
2012.03.02 09:02:16.503,1.47847,1.47871,1.50,1.50
2012.03.02 09:02:16.651,1.47848,1.47875,1.50,3.00
2012.03.02 09:02:17.104,1.47847,1.47872,1.50,1.50
2012.03.02 09:02:17.656,1.47847,1.47873,3.00,1.50
2012.03.02 09:02:18.385,1.47841,1.47868,1.50,1.50
2012.03.02 09:02:18.464,1.47839,1.47864,1.50,3.00
2012.03.02 09:02:18.542,1.47835,1.47864,3.38,3.00
2012.03.02 09:02:18.613,1.47839,1.47864,1.50,1.50
2012.03.02 09:02:18.687,1.47839,1.47866,1.50,1.50
2012.03.02 09:02:19.465,1.47839,1.47866,1.50,2.25
2012.03.02 09:02:20.186,1.47834,1.47861,1.88,1.50
2012.03.02 09:02:20.575,1.47838,1.47861,1.50,1.50
2012.03.02 09:02:20.975,1.47833,1.47861,3.38,1.50
2012.03.02 09:02:21.495,1.47833,1.47862,3.72,1.50
2012.03.02 09:02:21.623,1.47836,1.47864,1.84,2.25
2012.03.02 09:02:22.192,1.47841,1.47862,1.50,2.25
2012.03.02 09:02:22.266,1.47839,1.47862,1.50,2.25
2012.03.02 09:02:22.338,1.47831,1.47858,2.25,2.25
2012.03.02 09:02:22.524,1.47831,1.47858,1.50,1.50
2012.03.02 09:02:22.834,1.47829,1.47855,3.00,1.50
2012.03.02 09:02:23.148,1.47829,1.47851,1.50,1.50
2012.03.02 09:02:23.215,1.47826,1.47851,1.50,1.50
2012.03.02 09:02:23.284,1.47826,1.47851,1.50,2.25
2012.03.02 09:02:23.359,1.47822,1.47848,2.25,3.00
2012.03.02 09:02:23.907,1.47825,1.47848,1.84,1.50
2012.03.02 09:02:24.224,1.47834,1.47856,1.50,1.20
2012.03.02 09:02:24.294,1.47831,1.47856,3.00,1.20
2012.03.02 09:02:24.484,1.47828,1.47855,1.50,1.50
2012.03.02 09:02:25.305,1.47828,1.47855,1.50,2.25
2012.03.02 09:02:25.375,1.47825,1.47852,3.00,1.50
2012.03.02 09:02:25.938,1.47826,1.47852,1.50,1.50
2012.03.02 09:02:26.008,1.4783,1.47857,1.50,1.50
2012.03.02 09:02:26.176,1.47828,1.47854,1.50,1.50
2012.03.02 09:02:26.483,1.47815,1.47844,2.25,1.50
2012.03.02 09:02:26.815,1.47819,1.47845,1.50,3.00
2012.03.02 09:02:27.002,1.47819,1.47847,1.50,3.00
2012.03.02 09:02:27.184,1.47817,1.47844,1.50,1.50
2012.03.02 09:02:27.946,1.47815,1.47838,1.50,1.50
2012.03.02 09:02:28.024,1.47816,1.47843,1.50,3.45
2012.03.02 09:02:28.393,1.47814,1.47841,1.50,1.50
2012.03.02 09:02:28.463,1.47815,1.47844,1.50,4.58
2012.03.02 09:02:28.835,1.47817,1.47844,1.50,3.75
2012.03.02 09:02:29.153,1.47819,1.47846,1.50,3.00
2012.03.02 09:02:29.949,1.47817,1.47844,1.50,1.50
2012.03.02 09:02:30.495,1.47819,1.47844,1.50,1.50
2012.03.02 09:02:30.567,1.4782,1.47849,1.50,2.25
2012.03.02 09:02:30.753,1.47824,1.47849,1.50,1.50
2012.03.02 09:02:31.063,1.47827,1.47851,1.50,2.25
2012.03.02 09:02:31.257,1.47825,1.47849,1.50,2.25
2012.03.02 09:02:31.385,1.47822,1.47849,1.50,2.25
2012.03.02 09:02:32.046,1.47825,1.47851,1.50,3.75
2012.03.02 09:02:34.992,1.47825,1.47851,1.50,1.50
2012.03.02 09:02:35.833,1.47825,1.47851,1.50,2.25
2012.03.02 09:02:37.297,1.47822,1.47849,1.50,2.25
2012.03.02 09:02:37.368,1.47825,1.47851,1.50,2.25
2012.03.02 09:02:37.432,1.47825,1.47851,1.50,1.50
2012.03.02 09:02:37.982,1.47825,1.47851,1.50,2.25
2012.03.02 09:02:38.175,1.47825,1.47851,1.50,3.00
2012.03.02 09:02:38.634,1.47821,1.4785,1.50,1.50
2012.03.02 09:02:38.735,1.4783,1.47853,1.50,1.50
2012.03.02 09:02:41.582,1.4783,1.47851,1.50,1.50
2012.03.02 09:02:42.213,1.4783,1.47853,1.50,3.00
2012.03.02 09:02:43.168,1.47825,1.47853,1.50,1.50
2012.03.02 09:02:43.244,1.47822,1.47849,1.50,1.50
2012.03.02 09:02:43.554,1.47826,1.47851,1.50,2.25
2012.03.02 09:02:43.685,1.47823,1.47849,1.50,2.25
2012.03.02 09:02:43.814,1.47822,1.47845,1.50,1.50
2012.03.02 09:02:44.031,1.47822,1.47848,1.50,3.00
2012.03.02 09:02:44.597,1.47822,1.47845,1.50,1.50
2012.03.02 09:02:45.314,1.47816,1.47835,1.50,1.50
2012.03.02 09:02:45.459,1.47812,1.47838,1.88,1.58
2012.03.02 09:02:45.524,1.47812,1.47838,1.88,1.58
2012.03.02 09:02:45.599,1.47807,1.47834,3.75,1.50
2012.03.02 09:02:46.049,1.47807,1.47831,2.25,1.50
2012.03.02 09:02:46.176,1.47808,1.47835,1.88,1.50
2012.03.02 09:02:46.246,1.47807,1.47832,2.25,1.50
2012.03.02 09:02:46.313,1.47807,1.47834,3.75,1.50
2012.03.02 09:02:47.117,1.47807,1.47834,3.00,3.00
2012.03.02 09:02:47.193,1.47807,1.47831,1.50,1.50
2012.03.02 09:02:47.329,1.47801,1.4783,1.50,1.50
2012.03.02 09:02:47.516,1.47803,1.4783,1.13,1.50
2012.03.02 09:02:47.587,1.47803,1.4783,1.13,1.50
2012.03.02 09:02:47.658,1.47822,1.4783,1.50,1.50
2012.03.02 09:02:47.846,1.47812,1.4783,2.25,1.50
2012.03.02 09:02:47.979,1.47814,1.4784,1.50,1.50
2012.03.02 09:02:48.533,1.47814,1.47839,1.50,1.50
2012.03.02 09:02:48.761,1.47813,1.47838,1.50,3.75
2012.03.02 09:02:48.896,1.47814,1.47841,1.50,1.50
2012.03.02 09:02:49.323,1.47814,1.47837,1.50,1.50
2012.03.02 09:02:49.648,1.47804,1.4783,3.00,1.50
2012.03.02 09:02:50.201,1.47806,1.47833,1.50,1.50
2012.03.02 09:02:50.333,1.47804,1.4783,2.25,1.50
2012.03.02 09:02:50.465,1.47806,1.47835,1.50,1.50
2012.03.02 09:02:50.615,1.47806,1.47831,1.50,1.50
2012.03.02 09:02:50.687,1.47801,1.4783,1.50,1.50
2012.03.02 09:02:51.193,1.47801,1.4783,2.25,1.50
2012.03.02 09:02:51.646,1.47805,1.47832,1.50,1.50
2012.03.02 09:02:52.793,1.47802,1.4783,3.00,1.50
2012.03.02 09:02:55.234,1.47802,1.47826,1.50,1.50
2012.03.02 09:02:55.434,1.478,1.47827,1.50,1.50
2012.03.02 09:02:55.844,1.47802,1.47829,1.50,3.00
2012.03.02 09:02:56.392,1.478,1.47826,1.50,1.50
2012.03.02 09:02:56.842,1.478,1.47824,1.50,1.50
2012.03.02 09:02:57.031,1.478,1.47828,1.50,1.50
2012.03.02 09:02:57.585,1.47807,1.47831,1.50,1.95
2012.03.02 09:02:58.367,1.47807,1.47832,1.50,1.50
2012.03.02 09:02:58.796,1.47803,1.47831,1.50,1.50
2012.03.02 09:02:59.183,1.47806,1.47831,1.50,1.50
2012.03.02 09:02:59.784,1.47804,1.47831,1.50,3.00
2012.03.02 09:03:00.336,1.47801,1.47828,3.00,1.50
2012.03.02 09:03:00.653,1.47807,1.47833,1.50,1.50
2012.03.02 09:03:01.653,1.47809,1.47837,1.50,1.95
2012.03.02 09:03:02.647,1.47806,1.47834,1.50,1.50
2012.03.02 09:03:02.965,1.47806,1.47834,2.25,1.50
2012.03.02 09:03:03.156,1.47822,1.47847,1.50,1.20
2012.03.02 09:03:03.228,1.47822,1.47839,1.50,1.47
2012.03.02 09:03:03.543,1.4782,1.47829,1.50,1.50
2012.03.02 09:03:03.615,1.47815,1.4783,1.50,1.50
2012.03.02 09:03:03.744,1.47805,1.47834,1.50,3.00
2012.03.02 09:03:03.818,1.47805,1.47829,1.50,1.50
2012.03.02 09:03:03.942,1.47802,1.47829,1.50,1.50
2012.03.02 09:03:04.694,1.47801,1.47827,1.50,1.50
2012.03.02 09:03:04.786,1.47798,1.47824,1.50,1.50
2012.03.02 09:03:05.124,1.47813,1.47831,1.50,1.50
2012.03.02 09:03:05.433,1.47805,1.47831,1.50,1.50
2012.03.02 09:03:05.508,1.47807,1.47831,1.50,1.50
2012.03.02 09:03:05.575,1.47809,1.47836,1.50,1.50
2012.03.02 09:03:05.708,1.47804,1.47833,1.50,1.50
2012.03.02 09:03:05.893,1.47809,1.47833,1.50,1.50
2012.03.02 09:03:05.963,1.4781,1.47839,1.50,1.95
2012.03.02 09:03:06.308,1.47808,1.47835,1.50,1.50
2012.03.02 09:03:07.033,1.47804,1.47831,1.50,3.00
2012.03.02 09:03:07.363,1.47797,1.47826,1.50,3.00
2012.03.02 09:03:07.434,1.47795,1.47823,1.50,1.50
2012.03.02 09:03:07.773,1.47795,1.47818,1.50,1.50
2012.03.02 09:03:08.045,1.47795,1.47821,1.50,1.50
2012.03.02 09:03:09.498,1.47796,1.47821,1.50,1.50
2012.03.02 09:03:10.810,1.47796,1.47815,1.50,1.50
2012.03.02 09:03:10.936,1.47796,1.47817,1.50,3.00
2012.03.02 09:03:11.066,1.47796,1.47812,1.50,1.50
2012.03.02 09:03:11.140,1.47792,1.47815,2.63,1.50
2012.03.02 09:03:11.219,1.47792,1.47817,2.63,1.50
2012.03.02 09:03:11.795,1.47792,1.47813,1.88,1.50
2012.03.02 09:03:11.928,1.47792,1.47815,1.88,1.50
2012.03.02 09:03:12.748,1.47789,1.47814,1.88,1.50
2012.03.02 09:03:13.393,1.4779,1.47819,1.88,2.25
2012.03.02 09:03:13.473,1.4779,1.47814,1.50,1.50
2012.03.02 09:03:13.816,1.4779,1.47817,1.50,1.50
2012.03.02 09:03:14.500,1.4779,1.47803,1.50,1.50
2012.03.02 09:03:14.727,1.4779,1.47812,1.50,1.50
2012.03.02 09:03:14.801,1.47782,1.47809,1.65,1.50
2012.03.02 09:03:14.938,1.47783,1.47801,1.65,1.50
2012.03.02 09:03:15.418,1.47781,1.47806,1.65,1.50
2012.03.02 09:03:15.498,1.47782,1.4781,1.65,1.50
2012.03.02 09:03:15.567,1.47784,1.47813,1.65,1.50
2012.03.02 09:03:15.735,1.47783,1.4781,1.65,1.50
2012.03.02 09:03:15.945,1.47784,1.47812,1.65,1.50
2012.03.02 09:03:16.561,1.47784,1.47808,1.65,1.50
2012.03.02 09:03:16.694,1.47785,1.4781,1.50,1.50
2012.03.02 09:03:16.847,1.47785,1.47813,1.50,3.00
2012.03.02 09:03:18.681,1.47788,1.47813,1.50,1.50
2012.03.02 09:03:18.813,1.47785,1.47813,1.50,1.50
2012.03.02 09:03:19.186,1.47783,1.4781,1.65,1.50
2012.03.02 09:03:19.784,1.47785,1.47813,1.50,1.50
2012.03.02 09:03:23.634,1.47784,1.47803,1.65,1.50
2012.03.02 09:03:23.944,1.47773,1.47791,1.50,1.50
2012.03.02 09:03:24.095,1.47764,1.47791,2.25,1.50
2012.03.02 09:03:24.562,1.47764,1.47791,3.75,1.50
2012.03.02 09:03:24.636,1.47773,1.47802,1.50,3.00
2012.03.02 09:03:24.790,1.47771,1.47798,3.00,1.50
2012.03.02 09:03:25.054,1.47768,1.47796,1.50,1.50
2012.03.02 09:03:25.546,1.47772,1.47798,1.50,3.00
2012.03.02 09:03:27.024,1.47774,1.47801,1.50,1.50
2012.03.02 09:03:27.092,1.47771,1.47797,1.50,1.50
2012.03.02 09:03:27.583,1.47772,1.47801,1.50,1.50
2012.03.02 09:03:30.764,1.47779,1.47803,1.50,3.00
2012.03.02 09:03:31.086,1.47779,1.47799,1.50,1.50
2012.03.02 09:03:31.220,1.47781,1.47806,1.50,3.38
2012.03.02 09:03:31.432,1.4778,1.47808,3.00,1.50
2012.03.02 09:03:31.509,1.4778,1.47806,1.50,1.50
2012.03.02 09:03:31.635,1.4778,1.47809,3.00,1.50
2012.03.02 09:03:31.764,1.47782,1.47809,1.50,1.50
2012.03.02 09:03:32.093,1.47782,1.47805,1.50,1.50
2012.03.02 09:03:32.628,1.47781,1.47805,1.50,1.50
2012.03.02 09:03:33.184,1.47782,1.47805,1.50,1.50
2012.03.02 09:03:33.253,1.47782,1.47808,3.00,1.50
2012.03.02 09:03:34.841,1.4778,1.47806,1.50,1.50
2012.03.02 09:03:35.329,1.47781,1.47808,1.50,1.50
2012.03.02 09:03:35.405,1.47784,1.4781,1.50,1.50
2012.03.02 09:03:35.919,1.47783,1.4781,3.00,1.50
2012.03.02 09:03:36.666,1.47788,1.47812,1.50,1.50
2012.03.02 09:03:36.732,1.47788,1.47814,1.50,1.50
2012.03.02 09:03:37.527,1.47785,1.47812,3.00,1.50
2012.03.02 09:03:38.706,1.47788,1.47815,1.50,1.50
2012.03.02 09:03:39.015,1.47791,1.47818,1.50,1.50
2012.03.02 09:03:39.325,1.47791,1.47814,1.50,1.50
2012.03.02 09:03:40.138,1.47789,1.47814,1.50,1.50
2012.03.02 09:03:40.286,1.47789,1.47812,1.50,1.50
2012.03.02 09:03:40.411,1.47789,1.47815,1.50,1.50
2012.03.02 09:03:40.835,1.4779,1.47813,1.50,1.50
2012.03.02 09:03:41.413,1.4779,1.47812,1.50,1.50
2012.03.02 09:03:41.545,1.47784,1.4781,1.81,1.50
2012.03.02 09:03:42.102,1.47786,1.47815,2.25,3.00
2012.03.02 09:03:42.297,1.47785,1.47812,2.25,1.50
2012.03.02 09:03:42.365,1.47783,1.47812,3.38,1.50
2012.03.02 09:03:42.966,1.47796,1.47819,1.50,1.50
2012.03.02 09:03:43.278,1.47795,1.47817,1.50,1.50
2012.03.02 09:03:43.544,1.47789,1.47815,2.25,1.50
2012.03.02 09:03:43.811,1.47789,1.47813,1.50,1.50
2012.03.02 09:03:44.535,1.47789,1.4781,1.50,1.50
2012.03.02 09:03:44.603,1.47783,1.4781,2.25,3.00
2012.03.02 09:03:45.421,1.47795,1.47816,1.50,1.50
2012.03.02 09:03:48.903,1.47795,1.47814,1.50,1.50
2012.03.02 09:03:49.273,1.47795,1.47816,1.50,1.50
2012.03.02 09:03:49.867,1.47795,1.47817,1.50,1.50
2012.03.02 09:03:51.142,1.47795,1.47814,1.50,1.50
2012.03.02 09:03:52.513,1.47795,1.4781,1.50,1.50
2012.03.02 09:03:52.644,1.47787,1.4781,1.50,1.50
2012.03.02 09:03:52.834,1.47791,1.47812,1.50,1.50
2012.03.02 09:03:52.967,1.47791,1.47818,1.50,1.95
2012.03.02 09:03:53.478,1.47792,1.47821,1.50,1.95
2012.03.02 09:03:53.796,1.47793,1.4782,1.50,1.50
2012.03.02 09:03:54.471,1.47792,1.47821,3.00,1.50
2012.03.02 09:03:55.426,1.47792,1.47816,1.50,1.50
2012.03.02 09:03:55.983,1.47792,1.47815,1.50,1.50
2012.03.02 09:03:56.061,1.47784,1.47818,1.50,1.50
2012.03.02 09:03:56.641,1.47783,1.47818,1.50,1.50
2012.03.02 09:03:57.509,1.47783,1.47814,1.50,1.50
2012.03.02 09:03:57.694,1.47779,1.47813,1.50,1.50
2012.03.02 09:03:59.515,1.47779,1.47813,1.50,1.50
2012.03.02 09:03:59.583,1.47779,1.47822,2.25,1.95
2012.03.02 09:03:59.832,1.47779,1.47821,2.25,1.58
2012.03.02 09:03:59.904,1.4778,1.47821,1.50,1.58
2012.03.02 09:04:00.523,1.47781,1.47824,1.50,1.95
2012.03.02 09:04:01.430,1.47782,1.47824,1.13,1.95
2012.03.02 09:04:01.988,1.47791,1.47823,1.50,1.20
2012.03.02 09:04:02.503,1.47791,1.47825,1.50,1.20
2012.03.02 09:04:02.852,1.47787,1.47818,3.00,1.50
2012.03.02 09:04:02.994,1.4779,1.47819,1.50,1.50
2012.03.02 09:04:03.529,1.47788,1.47816,1.50,1.50
2012.03.02 09:04:03.608,1.4779,1.47822,1.50,1.95
2012.03.02 09:04:03.986,1.4779,1.47822,1.50,2.70
2012.03.02 09:04:04.174,1.4779,1.47822,1.50,1.95
2012.03.02 09:04:04.246,1.4779,1.47822,1.50,2.25
2012.03.02 09:04:04.315,1.47783,1.47819,2.18,2.25
2012.03.02 09:04:04.825,1.47781,1.47819,3.00,1.50
2012.03.02 09:04:05.376,1.4779,1.47821,1.50,1.20
2012.03.02 09:04:06.269,1.4779,1.47822,1.50,1.95
2012.03.02 09:04:07.121,1.4779,1.47822,1.50,1.95
2012.03.02 09:04:08.354,1.47783,1.47818,1.50,2.70
2012.03.02 09:04:08.432,1.47782,1.47818,1.50,2.70
2012.03.02 09:04:08.504,1.47782,1.47816,1.50,1.20
2012.03.02 09:04:08.575,1.47782,1.47818,1.50,1.95
2012.03.02 09:04:09.526,1.47782,1.47818,1.50,1.95
2012.03.02 09:04:11.736,1.47782,1.47818,2.25,1.95
2012.03.02 09:04:11.923,1.47777,1.47808,1.81,1.50
2012.03.02 09:04:12.053,1.47781,1.47819,2.25,1.95
2012.03.02 09:04:15.951,1.47781,1.47819,2.25,1.95
2012.03.02 09:04:18.106,1.47781,1.47819,2.25,1.95
2012.03.02 09:04:19.562,1.47781,1.47819,3.00,1.95
2012.03.02 09:04:20.052,1.47781,1.47819,2.25,2.25
2012.03.02 09:04:20.133,1.47781,1.47819,2.25,2.70
2012.03.02 09:04:20.763,1.47781,1.47818,1.50,1.20
2012.03.02 09:04:21.246,1.47777,1.47818,1.06,1.95
2012.03.02 09:04:21.861,1.47773,1.47804,1.50,2.29
2012.03.02 09:04:22.490,1.47767,1.47794,1.50,1.50
2012.03.02 09:04:22.572,1.47762,1.47801,1.50,1.58
2012.03.02 09:04:23.463,1.47764,1.47804,1.50,2.70
2012.03.02 09:04:23.535,1.47766,1.47804,1.50,2.70
2012.03.02 09:04:23.903,1.47767,1.47808,2.25,2.25
2012.03.02 09:04:23.976,1.47767,1.47808,2.25,1.50
2012.03.02 09:04:24.045,1.47773,1.47808,1.50,1.50
2012.03.02 09:04:24.352,1.47778,1.47812,1.50,1.58
2012.03.02 09:04:24.863,1.47776,1.47814,1.50,2.70
2012.03.02 09:04:25.295,1.47776,1.47814,1.50,1.95
2012.03.02 09:04:26.051,1.47777,1.47814,1.50,1.95
2012.03.02 09:04:26.453,1.47778,1.47817,2.25,3.45
2012.03.02 09:04:26.822,1.47781,1.4782,3.75,2.33
2012.03.02 09:04:26.892,1.47785,1.47822,1.50,4.58
2012.03.02 09:04:27.022,1.47785,1.47822,1.50,4.20
2012.03.02 09:04:27.283,1.47781,1.4782,4.50,1.95
2012.03.02 09:04:32.175,1.47781,1.47818,3.75,1.20
2012.03.02 09:04:32.484,1.47778,1.47804,3.38,1.50
2012.03.02 09:04:32.792,1.47778,1.47806,3.38,1.50
2012.03.02 09:04:33.373,1.47777,1.47805,2.25,1.50
2012.03.02 09:04:34.049,1.47777,1.47805,2.25,1.50
2012.03.02 09:04:34.121,1.47779,1.47805,1.50,1.50
2012.03.02 09:04:34.322,1.4778,1.47808,1.50,1.50
2012.03.02 09:04:34.576,1.47779,1.47805,1.50,1.50
2012.03.02 09:04:34.885,1.47779,1.47803,1.50,1.50
2012.03.02 09:04:35.015,1.47781,1.47807,1.50,2.22
2012.03.02 09:04:35.084,1.47781,1.47797,1.50,1.50
2012.03.02 09:04:35.157,1.47773,1.47797,1.50,1.50
2012.03.02 09:04:35.228,1.47769,1.47797,3.00,1.50
2012.03.02 09:04:35.298,1.47772,1.47799,2.25,1.50
2012.03.02 09:04:36.041,1.47772,1.478,1.50,1.50
2012.03.02 09:04:36.766,1.47775,1.47802,1.50,3.00
2012.03.02 09:04:37.135,1.47778,1.47805,1.50,1.50
2012.03.02 09:04:39.166,1.47781,1.47805,1.50,1.50
2012.03.02 09:04:40.506,1.47781,1.47802,1.50,1.50
2012.03.02 09:04:42.714,1.47781,1.47805,1.50,1.50
2012.03.02 09:04:45.533,1.47781,1.47807,3.00,1.50
2012.03.02 09:04:46.098,1.47781,1.47808,1.50,1.50
2012.03.02 09:04:46.168,1.47785,1.47812,1.50,1.95
2012.03.02 09:04:46.745,1.47786,1.47806,1.50,1.50
2012.03.02 09:04:47.019,1.47784,1.47806,1.50,1.50
2012.03.02 09:04:47.524,1.47785,1.47806,1.50,1.50
2012.03.02 09:04:47.594,1.47785,1.47809,1.50,1.50
2012.03.02 09:04:48.225,1.47785,1.47811,3.00,1.50
2012.03.02 09:04:49.400,1.47785,1.47812,3.00,1.50
2012.03.02 09:04:49.472,1.47785,1.47809,1.50,2.25
2012.03.02 09:04:49.665,1.47783,1.47809,3.00,1.50
2012.03.02 09:04:49.796,1.47786,1.4781,1.50,1.50
2012.03.02 09:04:49.924,1.47787,1.47812,1.50,1.50
2012.03.02 09:04:49.994,1.47789,1.47815,1.50,3.00
2012.03.02 09:04:51.216,1.47792,1.47815,1.50,1.50
2012.03.02 09:04:51.302,1.47795,1.47819,1.50,1.50
2012.03.02 09:04:51.377,1.47792,1.47818,1.50,1.50
2012.03.02 09:04:51.779,1.47798,1.47817,1.50,1.50
2012.03.02 09:04:51.966,1.478,1.47821,1.50,1.50
2012.03.02 09:04:52.038,1.478,1.47827,1.50,2.70
2012.03.02 09:04:52.225,1.47797,1.47825,1.50,1.50
2012.03.02 09:04:52.294,1.47794,1.4782,3.00,1.50
2012.03.02 09:04:53.304,1.47796,1.4782,1.50,1.50
2012.03.02 09:04:53.775,1.47796,1.47822,1.50,1.50
2012.03.02 09:04:55.552,1.47796,1.47818,1.50,1.50
2012.03.02 09:04:56.161,1.47796,1.47823,1.50,1.50
2012.03.02 09:04:57.517,1.47795,1.4782,1.50,1.50
2012.03.02 09:04:57.585,1.47793,1.4782,3.00,1.50
2012.03.02 09:04:58.495,1.47798,1.4782,1.50,1.50
2012.03.02 09:04:58.684,1.47798,1.47822,1.50,1.50
2012.03.02 09:04:59.848,1.47794,1.47822,3.75,1.50
2012.03.02 09:05:00.264,1.47794,1.4782,1.50,1.50
2012.03.02 09:05:00.794,1.47793,1.47819,1.50,1.50
2012.03.02 09:05:01.901,1.47803,1.47823,1.50,1.50
2012.03.02 09:05:01.973,1.47803,1.47827,1.50,2.29
2012.03.02 09:05:02.052,1.47803,1.47823,1.50,2.25
2012.03.02 09:05:02.125,1.47795,1.47819,2.25,1.50
2012.03.02 09:05:02.197,1.47796,1.47823,2.25,2.25
2012.03.02 09:05:02.442,1.47795,1.47818,2.25,1.50
2012.03.02 09:05:02.874,1.47791,1.47817,1.50,1.50
2012.03.02 09:05:03.700,1.4779,1.47815,1.50,1.50
2012.03.02 09:05:03.977,1.4779,1.47809,2.25,1.50
2012.03.02 09:05:04.108,1.47787,1.47813,1.50,1.50
2012.03.02 09:05:04.245,1.47783,1.47812,2.25,1.50
2012.03.02 09:05:04.775,1.47782,1.47809,1.50,1.50
2012.03.02 09:05:05.627,1.47781,1.47809,2.25,3.75
2012.03.02 09:05:05.933,1.47778,1.47805,2.25,2.25
2012.03.02 09:05:06.007,1.47775,1.47802,2.93,1.50
2012.03.02 09:05:06.435,1.47772,1.47799,2.25,1.50
2012.03.02 09:05:06.741,1.47771,1.47799,1.06,1.50
2012.03.02 09:05:06.991,1.47774,1.47802,1.50,3.00
2012.03.02 09:05:07.126,1.47773,1.478,1.50,1.50
2012.03.02 09:05:07.464,1.47771,1.478,2.25,1.50
2012.03.02 09:05:07.532,1.47773,1.478,1.50,1.50
2012.03.02 09:05:07.782,1.47774,1.47802,1.50,1.50
2012.03.02 09:05:09.022,1.47773,1.47799,1.50,1.50
2012.03.02 09:05:09.548,1.47772,1.47799,2.25,1.50
2012.03.02 09:05:09.676,1.47774,1.47802,1.50,3.00
2012.03.02 09:05:09.746,1.47773,1.47799,1.50,1.50
2012.03.02 09:05:10.175,1.47771,1.47797,1.50,1.50
2012.03.02 09:05:10.489,1.47764,1.47789,2.25,1.50
2012.03.02 09:05:11.233,1.47754,1.47778,1.50,1.50
2012.03.02 09:05:11.325,1.47754,1.4778,3.00,1.50
2012.03.02 09:05:11.815,1.47754,1.47781,3.00,1.50
2012.03.02 09:05:11.883,1.47757,1.47781,1.50,1.50
2012.03.02 09:05:12.574,1.47757,1.47783,3.00,1.50
2012.03.02 09:05:13.123,1.4776,1.47783,1.50,1.50
2012.03.02 09:05:13.204,1.47753,1.47778,2.25,1.50
2012.03.02 09:05:13.338,1.47755,1.47782,1.50,3.00
2012.03.02 09:05:13.767,1.47759,1.47782,1.50,1.50
2012.03.02 09:05:13.896,1.47759,1.47786,3.00,3.45
2012.03.02 09:05:14.285,1.47761,1.47786,1.50,1.50
2012.03.02 09:05:14.828,1.4776,1.47786,1.50,1.50
2012.03.02 09:05:15.654,1.4776,1.47784,1.50,1.50
2012.03.02 09:05:16.556,1.47756,1.47784,1.65,1.50
2012.03.02 09:05:16.682,1.47755,1.47781,1.50,1.50
2012.03.02 09:05:16.988,1.47756,1.47784,1.50,1.50
2012.03.02 09:05:17.590,1.47754,1.47773,1.50,1.50
2012.03.02 09:05:17.661,1.4775,1.47775,1.50,1.50
2012.03.02 09:05:17.854,1.47751,1.47778,1.50,3.00
2012.03.02 09:05:18.335,1.47754,1.47781,1.50,1.50
2012.03.02 09:05:18.644,1.47752,1.47778,1.50,1.88
2012.03.02 09:05:18.966,1.47736,1.47764,4.50,1.50
2012.03.02 09:05:19.634,1.47742,1.47765,2.25,1.50
2012.03.02 09:05:19.708,1.47744,1.47771,1.50,1.50
2012.03.02 09:05:20.729,1.47743,1.47769,1.50,1.50
2012.03.02 09:05:21.355,1.47742,1.47768,1.50,1.50
2012.03.02 09:05:22.040,1.47743,1.47771,1.50,3.00
2012.03.02 09:05:22.961,1.47742,1.47769,1.50,1.50
2012.03.02 09:05:24.584,1.47745,1.47771,1.50,1.50
2012.03.02 09:05:25.515,1.47742,1.4777,1.50,1.50
2012.03.02 09:05:25.742,1.47744,1.47771,1.50,1.50
2012.03.02 09:05:26.242,1.47742,1.47769,4.50,1.50
2012.03.02 09:05:28.206,1.47745,1.47771,1.50,3.00
2012.03.02 09:05:29.584,1.47742,1.4777,3.00,1.50
2012.03.02 09:05:30.463,1.47742,1.47766,1.50,1.50
2012.03.02 09:05:31.943,1.47742,1.47769,3.00,3.00
2012.03.02 09:05:33.499,1.47742,1.47768,3.00,1.50
2012.03.02 09:05:33.567,1.47742,1.47765,1.50,1.50
2012.03.02 09:05:34.278,1.47737,1.4776,1.50,1.50
2012.03.02 09:05:34.811,1.47737,1.47761,1.50,1.50
2012.03.02 09:05:35.125,1.4773,1.47758,1.88,1.50
2012.03.02 09:05:35.327,1.4773,1.47754,1.88,1.50
2012.03.02 09:05:35.514,1.4773,1.47758,1.88,1.50
2012.03.02 09:05:36.202,1.47728,1.47747,1.88,1.50
2012.03.02 09:05:36.281,1.47728,1.47749,1.88,1.50
2012.03.02 09:05:36.352,1.47728,1.47752,1.88,1.50
2012.03.02 09:05:36.896,1.47728,1.47752,1.88,1.50
2012.03.02 09:05:37.408,1.47727,1.47751,1.88,1.50
2012.03.02 09:05:38.861,1.47727,1.47754,1.88,3.00
2012.03.02 09:05:39.609,1.47727,1.47753,1.88,1.50
2012.03.02 09:05:39.671,1.47727,1.47751,1.88,1.50
2012.03.02 09:05:41.256,1.47729,1.47755,1.88,1.50
2012.03.02 09:05:41.384,1.47727,1.47753,1.88,1.50
2012.03.02 09:05:41.934,1.47736,1.4776,1.50,1.50
2012.03.02 09:05:42.003,1.47733,1.4776,1.50,1.50
2012.03.02 09:05:42.507,1.47731,1.47758,1.88,1.50
2012.03.02 09:05:43.232,1.4773,1.47754,1.13,1.50
2012.03.02 09:05:43.364,1.4773,1.47757,1.13,1.50
2012.03.02 09:05:43.440,1.47733,1.47759,1.50,1.50
2012.03.02 09:05:43.637,1.47739,1.47766,1.50,3.00
2012.03.02 09:05:44.204,1.47745,1.47772,1.50,1.20
2012.03.02 09:05:44.279,1.47745,1.47774,1.88,1.50
2012.03.02 09:05:44.345,1.47755,1.47774,1.50,1.50
2012.03.02 09:05:44.545,1.47757,1.47777,1.50,1.50
2012.03.02 09:05:44.673,1.47757,1.47779,1.50,1.50
2012.03.02 09:05:44.744,1.47755,1.4778,1.50,1.50
2012.03.02 09:05:44.873,1.47758,1.47781,1.50,1.50
2012.03.02 09:05:45.302,1.4776,1.47781,1.50,1.50
2012.03.02 09:05:46.121,1.47756,1.47782,1.50,1.50
2012.03.02 09:05:46.434,1.47756,1.4778,1.50,1.50
2012.03.02 09:05:46.757,1.47752,1.47775,1.50,1.50
2012.03.02 09:05:47.004,1.47748,1.47775,2.25,3.00
2012.03.02 09:05:47.389,1.47753,1.47779,1.50,1.50
2012.03.02 09:05:48.042,1.4775,1.47775,1.50,1.50
2012.03.02 09:05:48.123,1.4775,1.47777,1.50,3.00
2012.03.02 09:05:48.433,1.4775,1.47777,1.50,3.75
2012.03.02 09:05:48.865,1.4775,1.47776,1.50,1.50
2012.03.02 09:05:49.226,1.47747,1.47775,3.00,1.50
2012.03.02 09:05:49.473,1.47747,1.47775,1.50,3.75
2012.03.02 09:05:50.248,1.4775,1.47775,1.50,2.25
2012.03.02 09:05:51.401,1.47747,1.47775,1.50,3.75
2012.03.02 09:05:53.827,1.47747,1.47774,1.50,1.50
2012.03.02 09:05:54.423,1.47747,1.47775,3.00,1.50
2012.03.02 09:05:54.517,1.47749,1.47776,1.50,1.50
2012.03.02 09:05:54.994,1.47747,1.47774,3.00,1.50
2012.03.02 09:05:55.308,1.47745,1.47771,1.50,1.50
2012.03.02 09:05:55.957,1.47742,1.47768,3.75,1.50
2012.03.02 09:05:56.233,1.47742,1.47766,1.50,1.50
2012.03.02 09:05:57.311,1.47739,1.47766,1.50,1.50
2012.03.02 09:05:57.805,1.47736,1.47762,1.65,1.50
2012.03.02 09:05:57.973,1.4774,1.47768,1.50,1.50
2012.03.02 09:05:58.343,1.47738,1.47766,1.50,1.50
2012.03.02 09:05:58.874,1.4774,1.47767,1.50,1.50
2012.03.02 09:05:59.408,1.4774,1.47768,1.50,1.50
2012.03.02 09:05:59.961,1.47742,1.4777,1.50,1.95
2012.03.02 09:06:00.283,1.47747,1.47767,1.50,1.50
2012.03.02 09:06:01.514,1.47747,1.47765,1.50,1.50
2012.03.02 09:06:01.583,1.47738,1.47765,1.50,1.50
2012.03.02 09:06:01.835,1.47734,1.47763,3.75,1.50
2012.03.02 09:06:03.363,1.47736,1.47763,1.50,1.50
2012.03.02 09:06:03.672,1.47746,1.47765,1.50,1.50
2012.03.02 09:06:04.870,1.47742,1.47765,1.50,1.50
2012.03.02 09:06:05.015,1.47743,1.47762,1.50,1.50
2012.03.02 09:06:05.088,1.47743,1.47766,1.50,1.50
2012.03.02 09:06:05.382,1.47745,1.47766,1.50,1.50
2012.03.02 09:06:05.454,1.4774,1.47766,1.50,1.50
2012.03.02 09:06:05.527,1.47737,1.47763,2.56,1.50
2012.03.02 09:06:05.840,1.47745,1.47763,1.50,1.50
2012.03.02 09:06:06.032,1.47745,1.47766,1.50,1.50
2012.03.02 09:06:07.072,1.47744,1.47766,1.50,1.50
2012.03.02 09:06:07.142,1.47747,1.47766,1.50,1.50
2012.03.02 09:06:07.220,1.47741,1.47766,1.50,1.50
2012.03.02 09:06:07.413,1.47737,1.47765,1.50,1.50
2012.03.02 09:06:07.804,1.47741,1.47767,1.50,1.50
2012.03.02 09:06:08.176,1.47741,1.47765,1.50,1.50
2012.03.02 09:06:08.423,1.47733,1.47761,1.50,1.50
2012.03.02 09:06:08.902,1.47733,1.47764,1.50,1.50
2012.03.02 09:06:08.969,1.47742,1.47769,1.50,1.50
2012.03.02 09:06:10.562,1.47742,1.47765,1.50,1.50
2012.03.02 09:06:10.637,1.47738,1.47765,1.50,1.50
2012.03.02 09:06:10.887,1.47742,1.47765,1.50,1.50
2012.03.02 09:06:11.019,1.47738,1.47768,1.80,1.50
2012.03.02 09:06:11.553,1.47747,1.47771,1.50,1.50
2012.03.02 09:06:12.494,1.47747,1.47769,1.50,1.47
2012.03.02 09:06:12.807,1.47747,1.47761,1.50,1.50
2012.03.02 09:06:12.874,1.47747,1.47768,1.50,1.95
2012.03.02 09:06:12.943,1.47747,1.47768,1.50,1.50
2012.03.02 09:06:13.133,1.47738,1.4777,2.25,1.50
2012.03.02 09:06:13.597,1.47746,1.47771,1.50,1.50
2012.03.02 09:06:14.393,1.47746,1.47774,1.50,1.95
2012.03.02 09:06:14.657,1.47746,1.4777,1.50,1.50
2012.03.02 09:06:14.790,1.47739,1.47768,1.50,1.50
2012.03.02 09:06:15.091,1.47736,1.47762,2.25,1.50
2012.03.02 09:06:15.609,1.47744,1.4777,1.50,1.95
2012.03.02 09:06:15.863,1.47738,1.47768,1.50,3.00
2012.03.02 09:06:16.054,1.47737,1.47762,1.50,1.50
2012.03.02 09:06:16.123,1.47735,1.47762,1.50,1.50
2012.03.02 09:06:16.313,1.47735,1.47768,1.50,1.95
2012.03.02 09:06:16.835,1.47741,1.4777,1.50,1.50
2012.03.02 09:06:16.906,1.47739,1.47771,1.50,1.95
2012.03.02 09:06:17.032,1.47742,1.47775,1.50,2.25
2012.03.02 09:06:17.845,1.47746,1.47775,1.50,1.95
2012.03.02 09:06:18.468,1.47746,1.47775,1.50,1.95
2012.03.02 09:06:19.053,1.47738,1.47769,1.50,1.50
2012.03.02 09:06:19.243,1.47741,1.47774,1.50,2.33
2012.03.02 09:06:19.315,1.47747,1.47774,1.50,1.95
2012.03.02 09:06:20.126,1.47747,1.47774,1.50,2.70
2012.03.02 09:06:20.251,1.47744,1.47774,1.50,2.70
2012.03.02 09:06:21.439,1.47744,1.47769,1.50,1.50
2012.03.02 09:06:21.509,1.4774,1.47768,3.00,1.50
2012.03.02 09:06:21.694,1.4774,1.47764,1.50,1.50
2012.03.02 09:06:21.886,1.4774,1.47766,1.50,1.50
2012.03.02 09:06:21.951,1.47734,1.47763,1.50,1.50
2012.03.02 09:06:22.021,1.47734,1.47766,1.50,1.50
2012.03.02 09:06:22.096,1.47736,1.47769,1.50,1.50
2012.03.02 09:06:22.223,1.47735,1.47765,1.50,1.50
2012.03.02 09:06:22.532,1.47735,1.47763,1.50,1.50
2012.03.02 09:06:22.782,1.47733,1.47763,1.50,1.50
2012.03.02 09:06:23.502,1.4773,1.47763,2.25,1.50
2012.03.02 09:06:23.751,1.47732,1.47765,1.50,1.50
2012.03.02 09:06:25.978,1.47736,1.47767,1.50,1.50
2012.03.02 09:06:26.107,1.47732,1.47765,3.00,1.50
2012.03.02 09:06:26.653,1.47732,1.47765,3.00,2.25
2012.03.02 09:06:26.973,1.47732,1.47765,1.50,2.25
2012.03.02 09:06:27.401,1.47732,1.47765,1.50,2.25
2012.03.02 09:06:29.482,1.47732,1.47761,1.50,1.50
2012.03.02 09:06:29.573,1.47727,1.47759,1.13,1.50
2012.03.02 09:06:30.324,1.47728,1.47759,1.13,2.25
2012.03.02 09:06:31.624,1.47727,1.47759,1.13,2.25
2012.03.02 09:06:31.695,1.47726,1.47759,1.88,2.25
2012.03.02 09:06:32.179,1.47726,1.47759,1.50,2.25
2012.03.02 09:06:32.249,1.47726,1.47759,1.50,1.50
2012.03.02 09:06:32.894,1.47731,1.47761,1.50,2.33
2012.03.02 09:06:33.226,1.47728,1.47755,1.50,1.50
2012.03.02 09:06:33.930,1.47721,1.47746,1.06,1.50
2012.03.02 09:06:34.003,1.47718,1.47748,1.50,1.50
2012.03.02 09:06:34.698,1.47718,1.47748,1.84,1.50
2012.03.02 09:06:35.513,1.47718,1.47747,1.50,1.02
2012.03.02 09:06:35.592,1.47712,1.47742,2.25,1.50
2012.03.02 09:06:35.713,1.47709,1.47742,2.25,1.50
2012.03.02 09:06:36.456,1.47718,1.47746,1.50,1.28
2012.03.02 09:06:36.704,1.47718,1.47748,1.50,1.50
2012.03.02 09:06:37.197,1.47707,1.47741,2.74,1.50
2012.03.02 09:06:37.268,1.47707,1.47741,2.89,1.50
2012.03.02 09:06:37.785,1.47707,1.47741,1.50,1.84
2012.03.02 09:06:38.419,1.47707,1.47741,2.25,1.50
2012.03.02 09:06:40.288,1.47705,1.47733,1.06,1.50
2012.03.02 09:06:40.533,1.47707,1.47741,2.25,1.88
2012.03.02 09:06:40.725,1.47715,1.47746,1.50,2.29
2012.03.02 09:06:41.467,1.47716,1.47746,1.50,1.84
2012.03.02 09:06:41.663,1.47716,1.47732,1.50,1.84
2012.03.02 09:06:41.926,1.47704,1.47731,1.35,1.50
2012.03.02 09:06:41.999,1.47704,1.47729,1.35,1.50
2012.03.02 09:06:42.069,1.47702,1.47731,1.50,1.50
2012.03.02 09:06:42.193,1.47696,1.47727,2.37,1.50
2012.03.02 09:06:42.565,1.47696,1.47727,1.09,1.50
2012.03.02 09:06:43.517,1.47702,1.47733,1.50,1.50
2012.03.02 09:06:43.708,1.47707,1.47741,1.50,1.88
2012.03.02 09:06:44.835,1.47707,1.47741,1.50,1.88
2012.03.02 09:06:45.545,1.47712,1.47743,1.50,1.13
2012.03.02 09:06:45.855,1.47716,1.47749,1.50,2.29
2012.03.02 09:06:45.926,1.47716,1.47749,1.50,1.54
2012.03.02 09:06:50.037,1.47716,1.47749,2.25,1.09
2012.03.02 09:06:50.165,1.47716,1.47749,2.25,1.09
2012.03.02 09:06:50.359,1.47714,1.47743,2.25,1.50
2012.03.02 09:06:51.003,1.47714,1.47743,1.65,1.50
2012.03.02 09:06:51.085,1.47714,1.47747,1.20,1.50
2012.03.02 09:06:51.842,1.47716,1.47747,2.25,1.50
2012.03.02 09:06:52.846,1.47716,1.47747,2.59,1.50
2012.03.02 09:06:53.178,1.47716,1.47743,2.59,1.50
2012.03.02 09:06:53.302,1.47716,1.47748,4.84,1.50
2012.03.02 09:06:53.496,1.47722,1.47754,1.50,1.50
2012.03.02 09:06:53.923,1.47717,1.47749,2.25,1.50
2012.03.02 09:06:54.627,1.47717,1.47749,2.25,1.50
2012.03.02 09:06:55.152,1.47717,1.47749,2.25,1.50
2012.03.02 09:06:55.655,1.47717,1.47749,3.00,1.50
2012.03.02 09:06:56.023,1.47717,1.47747,3.00,1.50
2012.03.02 09:06:56.795,1.47717,1.47747,3.00,1.50
2012.03.02 09:06:57.148,1.47717,1.47749,3.00,1.50
2012.03.02 09:06:57.338,1.47716,1.47748,2.25,2.25
2012.03.02 09:06:57.655,1.47718,1.47748,2.63,1.50
2012.03.02 09:06:58.245,1.47726,1.47756,2.25,1.80
2012.03.02 09:06:58.322,1.47726,1.47756,1.50,1.50
2012.03.02 09:06:58.808,1.47729,1.47759,2.25,1.50
2012.03.02 09:06:59.114,1.4774,1.47767,1.50,2.25
2012.03.02 09:06:59.583,1.47735,1.47762,1.50,1.88
2012.03.02 09:06:59.833,1.47738,1.47765,1.50,1.88
2012.03.02 09:07:00.467,1.47738,1.47761,1.50,1.50
2012.03.02 09:07:00.910,1.47736,1.47762,2.25,1.88
2012.03.02 09:07:00.994,1.47738,1.47763,1.50,1.88
2012.03.02 09:07:01.129,1.47735,1.47761,1.50,1.50
2012.03.02 09:07:01.787,1.47737,1.47761,1.50,1.50
2012.03.02 09:07:02.132,1.47736,1.47762,1.50,1.88
2012.03.02 09:07:02.455,1.47742,1.47767,1.50,1.50
2012.03.02 09:07:02.943,1.47738,1.47767,1.50,3.00
2012.03.02 09:07:03.011,1.47741,1.47767,1.50,3.00
2012.03.02 09:07:03.691,1.47742,1.4777,1.50,1.50
2012.03.02 09:07:03.771,1.47742,1.47764,1.50,1.50
2012.03.02 09:07:03.906,1.47737,1.47764,1.50,1.50
2012.03.02 09:07:05.013,1.47741,1.47768,1.50,3.00
2012.03.02 09:07:05.691,1.47738,1.47767,1.50,1.50
2012.03.02 09:07:06.166,1.47738,1.47767,1.50,2.25
2012.03.02 09:07:06.235,1.47736,1.47762,1.50,2.25
2012.03.02 09:07:06.306,1.47734,1.47758,2.25,2.25
2012.03.02 09:07:06.803,1.4773,1.47755,2.25,1.50
2012.03.02 09:07:06.892,1.47731,1.47757,1.50,1.50
2012.03.02 09:07:07.514,1.47732,1.47758,1.50,1.50
2012.03.02 09:07:08.046,1.47731,1.47757,1.50,1.50
2012.03.02 09:07:08.852,1.47729,1.47754,1.50,1.50
2012.03.02 09:07:08.925,1.47731,1.47758,1.50,1.50
2012.03.02 09:07:09.114,1.47735,1.47759,1.50,1.50
2012.03.02 09:07:09.737,1.47737,1.47758,1.50,1.50
2012.03.02 09:07:09.811,1.47741,1.47766,1.50,1.50
2012.03.02 09:07:10.082,1.47743,1.47766,1.50,1.50
2012.03.02 09:07:10.275,1.47744,1.47773,1.50,1.50
2012.03.02 09:07:10.344,1.47748,1.47773,1.50,1.50
2012.03.02 09:07:10.415,1.47748,1.47775,1.50,1.95
2012.03.02 09:07:10.543,1.4775,1.47778,1.50,2.70
2012.03.02 09:07:10.613,1.47748,1.47774,1.50,1.50
2012.03.02 09:07:11.226,1.47749,1.47777,1.50,1.50
2012.03.02 09:07:12.156,1.47748,1.47769,1.50,1.50
2012.03.02 09:07:12.406,1.47743,1.47768,2.25,1.50
2012.03.02 09:07:12.478,1.47744,1.47771,1.50,3.00
2012.03.02 09:07:12.613,1.47743,1.47765,1.50,1.50
2012.03.02 09:07:12.867,1.4774,1.47765,1.50,1.50
2012.03.02 09:07:12.996,1.47737,1.47765,1.84,1.50
2012.03.02 09:07:13.728,1.4774,1.47764,1.50,1.50
2012.03.02 09:07:14.043,1.4774,1.47769,1.50,1.50
2012.03.02 09:07:14.117,1.47738,1.47765,4.09,1.50
2012.03.02 09:07:14.182,1.4774,1.47769,1.50,1.50
2012.03.02 09:07:14.492,1.47739,1.47765,1.50,1.50
2012.03.02 09:07:16.597,1.4774,1.47768,1.50,1.50
2012.03.02 09:07:16.785,1.47737,1.47766,1.50,1.50
2012.03.02 09:07:16.915,1.47736,1.47762,4.06,1.50
2012.03.02 09:07:17.170,1.47738,1.47766,1.50,1.50
2012.03.02 09:07:17.304,1.47738,1.47758,1.50,1.50
2012.03.02 09:07:17.375,1.47736,1.47758,1.50,1.50
2012.03.02 09:07:17.506,1.47735,1.4776,1.50,1.50
2012.03.02 09:07:18.095,1.47738,1.4776,1.50,1.50
2012.03.02 09:07:18.164,1.47738,1.47755,1.50,1.50
2012.03.02 09:07:18.355,1.47734,1.47755,1.50,1.50
2012.03.02 09:07:19.164,1.47731,1.47755,1.50,1.50
2012.03.02 09:07:19.601,1.47726,1.47748,2.25,1.50
2012.03.02 09:07:19.680,1.47726,1.47748,1.50,1.50
2012.03.02 09:07:20.242,1.4773,1.47752,1.50,1.50
2012.03.02 09:07:20.322,1.47728,1.47752,1.50,3.00
2012.03.02 09:07:20.396,1.47728,1.47746,1.50,1.50
2012.03.02 09:07:20.583,1.47724,1.47746,1.50,1.50
2012.03.02 09:07:20.879,1.47727,1.47746,1.50,1.50
2012.03.02 09:07:21.008,1.47727,1.47748,3.00,1.50
2012.03.02 09:07:21.077,1.47729,1.47748,1.50,1.50
2012.03.02 09:07:21.145,1.47729,1.47752,1.50,1.50
2012.03.02 09:07:21.271,1.47727,1.47752,1.50,1.50
2012.03.02 09:07:22.120,1.4773,1.47753,1.50,1.50
2012.03.02 09:07:22.201,1.47727,1.47753,3.00,1.50
2012.03.02 09:07:22.566,1.47728,1.47756,1.50,1.50
2012.03.02 09:07:22.755,1.47732,1.47749,1.50,1.50
2012.03.02 09:07:22.827,1.47723,1.47749,2.63,1.50
2012.03.02 09:07:22.955,1.47723,1.47749,1.50,1.50
2012.03.02 09:07:23.026,1.47726,1.47749,1.50,1.50
2012.03.02 09:07:23.335,1.47733,1.47759,1.50,1.50
2012.03.02 09:07:23.885,1.47733,1.47756,1.50,1.50
2012.03.02 09:07:23.958,1.47726,1.47755,1.50,1.50
2012.03.02 09:07:24.224,1.47726,1.47753,1.50,1.50
2012.03.02 09:07:24.534,1.47725,1.47749,1.50,1.50
2012.03.02 09:07:25.173,1.47725,1.47748,1.50,1.50
2012.03.02 09:07:25.933,1.47727,1.47748,1.50,1.50
2012.03.02 09:07:30.092,1.47727,1.47746,1.50,1.50
2012.03.02 09:07:31.283,1.47727,1.47747,1.50,1.50
2012.03.02 09:07:32.173,1.4772,1.47747,2.63,3.00
2012.03.02 09:07:32.241,1.4772,1.47747,2.25,3.00
2012.03.02 09:07:32.311,1.4772,1.47743,1.50,1.50
2012.03.02 09:07:32.563,1.4772,1.47748,1.50,2.25
2012.03.02 09:07:33.091,1.47715,1.47741,2.25,1.50
2012.03.02 09:07:33.408,1.47722,1.47741,1.50,1.50
2012.03.02 09:07:33.652,1.4772,1.47741,1.50,1.50
2012.03.02 09:07:34.156,1.47719,1.47741,1.50,1.50
2012.03.02 09:07:34.688,1.47721,1.47741,1.50,1.50
2012.03.02 09:07:35.360,1.47717,1.4774,1.50,1.50
2012.03.02 09:07:35.423,1.47719,1.47741,1.50,1.50
2012.03.02 09:07:35.693,1.47717,1.47741,1.50,1.50
2012.03.02 09:07:35.762,1.47715,1.47741,2.25,1.50
2012.03.02 09:07:36.535,1.47715,1.47738,1.50,1.50
2012.03.02 09:07:36.885,1.4772,1.47738,1.50,1.50
2012.03.02 09:07:36.954,1.4772,1.47747,1.50,1.50
2012.03.02 09:07:37.093,1.47724,1.47749,1.50,1.50
2012.03.02 09:07:37.683,1.47721,1.47747,1.50,1.50
2012.03.02 09:07:37.758,1.47719,1.47747,1.50,1.50
2012.03.02 09:07:38.750,1.47719,1.47746,3.00,1.50
2012.03.02 09:07:38.814,1.47719,1.47744,1.50,1.50
2012.03.02 09:07:39.449,1.4772,1.47744,1.50,1.50
2012.03.02 09:07:40.325,1.47719,1.47744,1.50,1.50
2012.03.02 09:07:40.393,1.47719,1.47747,3.00,1.50
2012.03.02 09:07:41.452,1.47724,1.47747,1.50,1.50
2012.03.02 09:07:42.272,1.47724,1.4775,1.50,1.50
2012.03.02 09:07:43.843,1.47721,1.47748,1.50,1.50
2012.03.02 09:07:44.035,1.47719,1.47745,3.00,1.50
2012.03.02 09:07:44.163,1.47719,1.47747,3.00,3.00
2012.03.02 09:07:45.239,1.47719,1.47744,1.50,1.50
2012.03.02 09:07:45.994,1.47719,1.47739,1.50,1.50
2012.03.02 09:07:46.305,1.47713,1.47741,1.50,1.80
2012.03.02 09:07:46.554,1.4772,1.47741,1.50,1.50
2012.03.02 09:07:47.095,1.47715,1.47741,1.50,1.50
2012.03.02 09:07:48.335,1.47719,1.47741,1.50,1.50
2012.03.02 09:07:48.587,1.4772,1.47746,1.50,1.50
2012.03.02 09:07:48.895,1.47722,1.47747,1.50,1.50
2012.03.02 09:07:49.107,1.4772,1.47746,1.50,1.50
2012.03.02 09:07:49.833,1.47722,1.47746,1.50,1.50
2012.03.02 09:07:50.681,1.47723,1.47747,1.50,1.50
2012.03.02 09:07:51.679,1.4772,1.47746,1.50,1.50
2012.03.02 09:07:52.014,1.47723,1.47747,1.50,1.50
2012.03.02 09:07:52.142,1.47723,1.4775,3.00,1.50
2012.03.02 09:07:52.405,1.47725,1.47754,1.50,1.50
2012.03.02 09:07:53.759,1.47725,1.47751,1.50,1.50
2012.03.02 09:07:54.532,1.47729,1.47751,1.50,1.50
2012.03.02 09:07:54.606,1.4773,1.47756,1.50,1.50
2012.03.02 09:07:54.674,1.47732,1.47759,1.50,1.50
2012.03.02 09:07:54.806,1.47732,1.47756,1.50,1.50
2012.03.02 09:07:54.874,1.47727,1.47756,1.50,3.00
2012.03.02 09:07:55.003,1.47723,1.47749,3.00,1.50
2012.03.02 09:07:55.137,1.47732,1.4776,1.50,1.50
2012.03.02 09:07:55.205,1.47732,1.47756,1.50,1.50
2012.03.02 09:07:55.424,1.47732,1.47759,3.00,1.50
2012.03.02 09:07:55.614,1.47732,1.47756,1.50,1.50
2012.03.02 09:07:56.165,1.47732,1.47755,1.50,1.50
2012.03.02 09:07:56.483,1.47735,1.47757,1.50,1.50
2012.03.02 09:07:56.556,1.4773,1.47753,1.50,1.50
2012.03.02 09:07:56.626,1.47726,1.47751,1.50,1.50
2012.03.02 09:07:57.055,1.47722,1.47742,1.50,1.50
2012.03.02 09:07:57.366,1.47713,1.47739,1.88,1.50
2012.03.02 09:07:57.441,1.47719,1.47739,1.50,1.50
2012.03.02 09:07:57.936,1.47719,1.47743,1.50,1.50
2012.03.02 09:07:58.527,1.47721,1.47743,1.50,1.50
2012.03.02 09:07:58.593,1.47714,1.47743,1.88,3.00
2012.03.02 09:07:58.729,1.47712,1.47736,1.13,1.50
2012.03.02 09:07:58.874,1.47712,1.47739,2.63,1.50
2012.03.02 09:07:59.005,1.47716,1.47741,1.13,1.50
2012.03.02 09:07:59.137,1.47717,1.47744,1.50,1.50
2012.03.02 09:07:59.266,1.47717,1.47742,1.50,1.50
2012.03.02 09:07:59.726,1.47724,1.47743,1.50,1.50
2012.03.02 09:07:59.866,1.47724,1.47748,1.50,1.50
2012.03.02 09:08:00.062,1.47724,1.47745,1.50,1.50
2012.03.02 09:08:00.888,1.47724,1.47743,1.50,1.50
2012.03.02 09:08:00.957,1.4772,1.47743,1.50,1.50
2012.03.02 09:08:01.327,1.47724,1.47743,1.50,1.50
2012.03.02 09:08:01.765,1.4772,1.47743,1.50,1.50
2012.03.02 09:08:01.837,1.47723,1.47743,1.50,1.50
2012.03.02 09:08:02.144,1.47723,1.47745,1.50,1.50
2012.03.02 09:08:02.333,1.47727,1.47746,1.50,1.50
2012.03.02 09:08:02.463,1.47727,1.47748,1.50,1.50
2012.03.02 09:08:02.671,1.47729,1.47749,1.50,1.50
2012.03.02 09:08:03.105,1.4773,1.47752,1.50,3.00
2012.03.02 09:08:03.720,1.4773,1.47751,1.50,1.50
2012.03.02 09:08:04.488,1.47729,1.4775,1.50,1.50
2012.03.02 09:08:06.157,1.47729,1.47752,1.50,1.50
2012.03.02 09:08:06.346,1.4773,1.47755,1.50,3.00
2012.03.02 09:08:06.990,1.47736,1.47754,1.50,1.50
2012.03.02 09:08:07.263,1.47736,1.47757,1.50,3.00
2012.03.02 09:08:08.423,1.47732,1.47757,2.25,1.50
2012.03.02 09:08:08.495,1.47732,1.47755,2.25,1.50
2012.03.02 09:08:09.853,1.47732,1.47753,1.50,1.50
2012.03.02 09:08:09.949,1.47732,1.47756,1.50,1.50
2012.03.02 09:08:10.016,1.47729,1.47753,1.50,1.50
2012.03.02 09:08:10.254,1.47725,1.47752,2.25,1.50
2012.03.02 09:08:10.504,1.47728,1.47753,1.50,1.50
2012.03.02 09:08:10.815,1.47732,1.47753,1.50,1.50
2012.03.02 09:08:10.942,1.47729,1.47753,1.50,1.50
2012.03.02 09:08:11.015,1.47731,1.47753,1.50,1.50
2012.03.02 09:08:11.149,1.47729,1.47753,1.50,1.50
2012.03.02 09:08:12.653,1.47726,1.47753,1.50,1.50
2012.03.02 09:08:12.723,1.47726,1.47749,2.25,1.50
2012.03.02 09:08:13.286,1.47729,1.47749,1.50,1.50
2012.03.02 09:08:13.356,1.47729,1.47758,1.50,3.00
2012.03.02 09:08:14.183,1.4773,1.47758,1.50,1.50
2012.03.02 09:08:14.267,1.47727,1.47754,2.25,1.50
2012.03.02 09:08:15.562,1.47729,1.47757,1.50,1.50
2012.03.02 09:08:15.755,1.47733,1.47757,1.50,1.50
2012.03.02 09:08:15.825,1.47735,1.47763,1.50,1.95
2012.03.02 09:08:16.403,1.47733,1.47761,1.50,1.50
2012.03.02 09:08:16.856,1.47733,1.47757,1.50,1.50
2012.03.02 09:08:17.225,1.47735,1.47757,1.50,1.50
2012.03.02 09:08:17.604,1.47734,1.47759,1.50,3.00
2012.03.02 09:08:17.676,1.47734,1.47756,1.50,1.50
2012.03.02 09:08:17.862,1.47731,1.47756,2.25,1.50
2012.03.02 09:08:18.451,1.47733,1.47756,1.50,1.50
2012.03.02 09:08:18.523,1.47731,1.47756,2.25,1.50
2012.03.02 09:08:18.658,1.47738,1.47757,1.50,1.50
2012.03.02 09:08:18.844,1.47738,1.47765,1.50,1.50
2012.03.02 09:08:19.047,1.47736,1.47761,1.50,1.50
2012.03.02 09:08:19.116,1.47733,1.47761,2.59,1.50
2012.03.02 09:08:19.247,1.47733,1.47757,2.25,1.50
2012.03.02 09:08:19.496,1.47732,1.47757,2.25,1.50
2012.03.02 09:08:20.143,1.47732,1.47759,3.00,1.50
2012.03.02 09:08:20.524,1.47737,1.4776,1.50,1.50
2012.03.02 09:08:20.874,1.47737,1.47763,1.50,1.50
2012.03.02 09:08:22.569,1.47742,1.47767,1.50,1.50
2012.03.02 09:08:22.630,1.47742,1.47769,1.50,1.50
2012.03.02 09:08:23.165,1.47739,1.47767,3.75,1.50
2012.03.02 09:08:23.686,1.4774,1.47767,1.50,1.50
2012.03.02 09:08:24.236,1.47739,1.47767,3.00,1.50
2012.03.02 09:08:25.078,1.47742,1.47769,1.50,1.50
2012.03.02 09:08:25.642,1.47743,1.47769,1.50,1.50
2012.03.02 09:08:25.955,1.47739,1.47767,1.50,1.50
2012.03.02 09:08:28.237,1.4774,1.47767,1.50,1.50
2012.03.02 09:08:28.958,1.47741,1.47767,1.50,1.50
2012.03.02 09:08:29.790,1.47737,1.47766,4.50,1.50
2012.03.02 09:08:29.992,1.47737,1.47761,2.25,1.50
2012.03.02 09:08:30.244,1.47737,1.47763,3.75,3.00
2012.03.02 09:08:30.436,1.47739,1.47766,1.50,3.00
2012.03.02 09:08:31.057,1.47737,1.47764,2.25,1.50
2012.03.02 09:08:31.389,1.47735,1.4776,3.00,1.50
2012.03.02 09:08:31.451,1.47735,1.4776,2.25,1.50
2012.03.02 09:08:31.645,1.47731,1.47758,2.25,1.50
2012.03.02 09:08:31.713,1.47732,1.47758,1.09,1.50
2012.03.02 09:08:32.186,1.47743,1.47767,1.50,1.88
2012.03.02 09:08:32.260,1.47743,1.47769,3.00,1.50
2012.03.02 09:08:32.566,1.47743,1.47768,2.25,1.50
2012.03.02 09:08:32.877,1.47755,1.4777,1.50,1.50
2012.03.02 09:08:33.192,1.47762,1.47772,1.50,1.50
2012.03.02 09:08:33.323,1.47762,1.47787,1.50,1.50
2012.03.02 09:08:33.456,1.47756,1.47785,3.75,1.50
2012.03.02 09:08:33.644,1.47765,1.47791,1.50,1.50
2012.03.02 09:08:34.314,1.47765,1.47791,2.25,1.50
2012.03.02 09:08:34.590,1.47766,1.47795,3.00,1.95
2012.03.02 09:08:34.845,1.47767,1.47791,1.50,1.50
2012.03.02 09:08:35.281,1.4777,1.47796,1.50,1.50
2012.03.02 09:08:35.361,1.47772,1.47798,1.50,1.50
2012.03.02 09:08:35.910,1.47771,1.47797,3.00,1.50
2012.03.02 09:08:36.566,1.47772,1.47797,1.50,1.50
2012.03.02 09:08:37.845,1.47771,1.47798,1.50,1.50
2012.03.02 09:08:38.189,1.47778,1.47801,1.50,1.50
2012.03.02 09:08:38.585,1.47778,1.47803,1.50,1.50
2012.03.02 09:08:39.318,1.47778,1.47802,1.50,1.50
2012.03.02 09:08:39.490,1.47778,1.47799,1.50,1.50
2012.03.02 09:08:42.006,1.47778,1.47801,1.50,1.50
2012.03.02 09:08:42.073,1.47778,1.47798,1.50,1.50
2012.03.02 09:08:42.770,1.47778,1.47796,1.50,1.50
2012.03.02 09:08:42.954,1.4777,1.47795,1.50,1.50
2012.03.02 09:08:43.395,1.47767,1.47793,1.50,1.50
2012.03.02 09:08:43.852,1.47769,1.47793,1.50,1.50
2012.03.02 09:08:43.932,1.47767,1.47793,1.50,1.50
2012.03.02 09:08:44.262,1.47769,1.47793,1.50,1.50
2012.03.02 09:08:44.843,1.47769,1.47793,1.84,1.50
2012.03.02 09:08:44.913,1.47769,1.47797,3.34,1.50
2012.03.02 09:08:45.045,1.47769,1.47793,1.84,1.50
2012.03.02 09:08:45.173,1.47769,1.47793,1.50,1.50
2012.03.02 09:08:46.150,1.47771,1.47797,1.50,1.50
2012.03.02 09:08:46.290,1.47769,1.47796,1.50,1.50
2012.03.02 09:08:46.543,1.47769,1.47794,1.50,1.50
2012.03.02 09:08:46.863,1.47774,1.47797,1.50,1.50
2012.03.02 09:08:47.078,1.47776,1.47803,1.50,3.45
2012.03.02 09:08:47.144,1.47779,1.47805,1.50,2.29
2012.03.02 09:08:47.218,1.47779,1.47805,1.50,1.84
2012.03.02 09:08:47.884,1.47782,1.47808,1.50,1.50
2012.03.02 09:08:48.213,1.47783,1.47812,1.50,1.50
2012.03.02 09:08:48.292,1.47783,1.47808,1.50,1.50
2012.03.02 09:08:48.792,1.47782,1.47809,3.00,1.50
2012.03.02 09:08:48.863,1.47784,1.47813,1.50,1.50
2012.03.02 09:08:49.478,1.47783,1.47809,1.50,1.50
2012.03.02 09:08:50.124,1.47786,1.47813,1.50,1.50
2012.03.02 09:08:50.348,1.47789,1.47816,1.50,2.33
2012.03.02 09:08:51.073,1.47787,1.47814,1.50,1.88
2012.03.02 09:08:52.354,1.4779,1.47816,1.50,3.83
2012.03.02 09:08:52.895,1.47792,1.47816,1.50,1.88
2012.03.02 09:08:52.962,1.4779,1.47816,1.50,1.88
2012.03.02 09:08:53.512,1.47789,1.47815,1.50,1.88
2012.03.02 09:08:53.814,1.47789,1.47816,3.00,1.50
2012.03.02 09:08:53.884,1.47789,1.47813,1.50,1.50
2012.03.02 09:08:55.777,1.47789,1.47816,1.50,1.50
2012.03.02 09:08:55.903,1.47793,1.47817,1.50,1.50
2012.03.02 09:08:55.976,1.47794,1.47823,1.50,2.33
2012.03.02 09:08:56.043,1.47801,1.47823,1.50,1.95
2012.03.02 09:08:56.243,1.47788,1.47817,4.05,3.00
2012.03.02 09:08:56.723,1.47793,1.47815,1.50,1.50
2012.03.02 09:08:56.793,1.47794,1.47823,1.50,3.45
2012.03.02 09:08:56.865,1.47794,1.47823,1.50,3.45
2012.03.02 09:08:56.934,1.47798,1.47823,1.50,1.95
2012.03.02 09:08:57.244,1.47786,1.47815,1.50,1.50
2012.03.02 09:08:57.507,1.47785,1.47808,1.50,1.50
2012.03.02 09:08:57.578,1.47787,1.47814,2.25,1.50
2012.03.02 09:08:57.765,1.47787,1.47816,2.25,1.50
2012.03.02 09:08:57.948,1.47787,1.47813,2.25,1.50
2012.03.02 09:08:58.599,1.47785,1.4781,2.63,1.50
2012.03.02 09:08:58.726,1.47786,1.47813,2.25,1.50
2012.03.02 09:08:58.792,1.47786,1.47815,2.25,1.50
2012.03.02 09:08:59.268,1.47786,1.47812,2.25,1.50
2012.03.02 09:08:59.578,1.47794,1.47815,1.50,1.50
2012.03.02 09:08:59.708,1.47794,1.47817,1.50,1.50
2012.03.02 09:09:00.314,1.47795,1.47817,1.50,1.50
2012.03.02 09:09:00.391,1.47791,1.47813,1.50,1.50
2012.03.02 09:09:00.585,1.47785,1.47812,2.25,1.50
2012.03.02 09:09:00.843,1.47788,1.47817,1.50,1.50
2012.03.02 09:09:02.136,1.47796,1.47823,1.50,3.83
2012.03.02 09:09:02.715,1.47801,1.47823,1.50,1.50
2012.03.02 09:09:02.792,1.47796,1.47824,1.50,1.50
2012.03.02 09:09:02.863,1.47799,1.47824,1.50,1.50
2012.03.02 09:09:03.053,1.47796,1.47824,1.50,1.50
2012.03.02 09:09:03.124,1.47796,1.47819,1.50,1.50
2012.03.02 09:09:03.948,1.47795,1.47819,1.50,1.50
2012.03.02 09:09:04.284,1.47793,1.47819,1.50,1.50
2012.03.02 09:09:04.355,1.4779,1.47817,1.50,1.50
2012.03.02 09:09:04.836,1.47793,1.47821,1.50,1.50
2012.03.02 09:09:05.806,1.47793,1.4782,1.50,1.50
2012.03.02 09:09:06.366,1.47792,1.47819,2.25,1.50
2012.03.02 09:09:06.554,1.47794,1.47821,1.50,1.50
2012.03.02 09:09:07.101,1.47794,1.4782,1.50,1.50
2012.03.02 09:09:07.423,1.47792,1.47814,1.50,1.50
2012.03.02 09:09:07.557,1.47792,1.47816,2.25,1.50
2012.03.02 09:09:08.081,1.47792,1.47818,1.50,1.50
2012.03.02 09:09:08.863,1.47792,1.47821,3.00,1.50
2012.03.02 09:09:10.643,1.47796,1.47823,1.50,3.00
2012.03.02 09:09:11.313,1.47802,1.47823,1.50,1.50
2012.03.02 09:09:11.504,1.47802,1.47827,1.50,1.50
2012.03.02 09:09:11.785,1.47802,1.47816,1.50,1.50
2012.03.02 09:09:11.857,1.47797,1.47816,1.50,1.50
2012.03.02 09:09:11.925,1.47792,1.47816,1.50,1.50
2012.03.02 09:09:12.494,1.47794,1.47819,1.50,1.50
2012.03.02 09:09:12.567,1.47794,1.47821,1.50,1.50
2012.03.02 09:09:12.753,1.47794,1.47817,1.50,1.50
2012.03.02 09:09:12.823,1.47792,1.47817,1.50,1.50
2012.03.02 09:09:13.351,1.47793,1.47818,1.50,1.50
2012.03.02 09:09:14.146,1.47795,1.4782,1.50,1.50
2012.03.02 09:09:14.919,1.47795,1.47821,1.50,1.50
2012.03.02 09:09:15.271,1.47793,1.47816,1.50,1.50
2012.03.02 09:09:15.703,1.47793,1.47819,1.50,1.50
2012.03.02 09:09:16.951,1.47789,1.47816,1.50,3.00
2012.03.02 09:09:17.418,1.47791,1.47818,1.50,1.50
2012.03.02 09:09:17.712,1.47798,1.47816,1.50,1.50
2012.03.02 09:09:17.843,1.47798,1.47819,1.50,1.50
2012.03.02 09:09:18.596,1.4779,1.47819,1.50,2.25
2012.03.02 09:09:19.734,1.4779,1.47817,3.00,2.25
2012.03.02 09:09:19.922,1.47783,1.47808,1.50,1.50
2012.03.02 09:09:19.992,1.47789,1.47812,1.50,1.50
2012.03.02 09:09:20.376,1.47794,1.47812,1.50,1.50
2012.03.02 09:09:20.626,1.47798,1.4782,1.50,2.25
2012.03.02 09:09:20.692,1.47796,1.4782,1.50,2.25
2012.03.02 09:09:20.968,1.47792,1.47819,1.50,2.25
2012.03.02 09:09:21.482,1.4779,1.47816,1.50,1.50
2012.03.02 09:09:22.035,1.47792,1.47816,1.50,1.50
2012.03.02 09:09:22.907,1.47789,1.47813,1.50,1.50
2012.03.02 09:09:22.971,1.47787,1.47813,1.84,3.00
2012.03.02 09:09:23.415,1.47789,1.47813,1.50,1.50
2012.03.02 09:09:24.169,1.47789,1.47816,3.00,3.38
2012.03.02 09:09:24.478,1.47792,1.47816,1.50,1.50
2012.03.02 09:09:24.666,1.47789,1.47814,1.50,3.00
2012.03.02 09:09:24.975,1.47791,1.47814,1.09,1.50
2012.03.02 09:09:25.164,1.47801,1.47825,1.50,1.50
2012.03.02 09:09:25.293,1.47801,1.47822,1.50,1.50
2012.03.02 09:09:25.666,1.47801,1.47815,1.50,1.50
2012.03.02 09:09:25.854,1.47793,1.47815,1.50,1.50
2012.03.02 09:09:26.159,1.47793,1.47819,1.50,1.50
2012.03.02 09:09:26.642,1.47793,1.47816,1.50,1.50
2012.03.02 09:09:27.584,1.47793,1.47819,1.50,1.50
2012.03.02 09:09:32.115,1.47793,1.4782,1.50,1.50
2012.03.02 09:09:32.745,1.47791,1.4782,3.00,1.50
2012.03.02 09:09:33.131,1.47791,1.47816,1.50,1.50
2012.03.02 09:09:38.642,1.47791,1.47818,1.50,1.50
2012.03.02 09:09:39.621,1.47793,1.47818,1.50,1.50
2012.03.02 09:09:39.937,1.47791,1.47818,1.50,1.50
2012.03.02 09:09:40.006,1.47791,1.47815,1.50,1.50
2012.03.02 09:09:40.137,1.47788,1.47815,3.00,1.50
2012.03.02 09:09:40.264,1.47793,1.47815,1.50,1.50
2012.03.02 09:09:40.574,1.47788,1.47815,3.00,3.00
2012.03.02 09:09:41.013,1.47788,1.47812,1.50,1.50
2012.03.02 09:09:41.090,1.47789,1.47816,1.50,1.50
2012.03.02 09:09:41.155,1.47793,1.47816,1.50,1.50
2012.03.02 09:09:41.352,1.47789,1.47816,1.50,1.50
2012.03.02 09:09:41.575,1.47792,1.47817,1.50,1.50
2012.03.02 09:09:41.822,1.47787,1.47814,1.50,1.50
2012.03.02 09:09:42.283,1.47789,1.47816,1.50,1.50
2012.03.02 09:09:42.632,1.47792,1.47816,1.50,1.50
2012.03.02 09:09:42.998,1.47792,1.47813,1.50,1.50
2012.03.02 09:09:43.556,1.47792,1.47817,1.50,1.50
2012.03.02 09:09:45.292,1.47797,1.47819,1.50,1.50
2012.03.02 09:09:45.551,1.47797,1.47821,1.50,1.50
2012.03.02 09:09:46.271,1.47797,1.47818,1.50,1.50
2012.03.02 09:09:47.663,1.47797,1.4782,1.50,3.00
2012.03.02 09:09:49.583,1.47797,1.47819,1.50,1.50
2012.03.02 09:09:49.659,1.47797,1.47818,1.50,1.84
2012.03.02 09:09:49.999,1.47789,1.47799,1.50,1.50
2012.03.02 09:09:50.126,1.47779,1.47799,1.50,1.50
2012.03.02 09:09:50.259,1.47773,1.47799,1.50,1.50
2012.03.02 09:09:50.922,1.4778,1.47803,1.50,1.88
2012.03.02 09:09:50.999,1.4778,1.47806,1.50,1.95
2012.03.02 09:09:51.064,1.47779,1.47801,1.50,1.50
2012.03.02 09:09:51.253,1.47785,1.47808,1.50,1.50
2012.03.02 09:09:51.784,1.47784,1.47812,3.00,1.50
2012.03.02 09:09:52.738,1.47784,1.47807,1.50,1.50
2012.03.02 09:09:52.806,1.4778,1.47807,1.50,1.50
2012.03.02 09:09:56.016,1.47782,1.4781,1.50,1.50
2012.03.02 09:09:56.082,1.47788,1.47811,1.50,1.50
2012.03.02 09:09:57.524,1.47782,1.4781,1.50,1.50
2012.03.02 09:09:57.717,1.47785,1.4781,1.50,1.50
2012.03.02 09:09:58.072,1.47783,1.47803,1.50,1.50
2012.03.02 09:09:58.143,1.47779,1.47803,1.50,1.50
2012.03.02 09:09:58.213,1.47779,1.47806,1.50,1.50
2012.03.02 09:09:58.656,1.47779,1.47803,1.50,1.50
2012.03.02 09:09:59.527,1.47779,1.47808,3.00,1.50
2012.03.02 09:09:59.754,1.47783,1.47809,1.50,1.50
2012.03.02 09:10:00.216,1.47779,1.47804,1.50,1.50
2012.03.02 09:10:01.154,1.47777,1.47802,2.25,1.50
2012.03.02 09:10:01.473,1.47775,1.47797,1.50,1.50
2012.03.02 09:10:02.187,1.47775,1.47801,1.50,1.50
2012.03.02 09:10:02.722,1.47775,1.47796,1.50,1.50
2012.03.02 09:10:02.974,1.47761,1.47787,3.00,1.50
2012.03.02 09:10:03.043,1.47775,1.47787,1.50,1.50
2012.03.02 09:10:03.112,1.47775,1.47794,1.50,1.50
2012.03.02 09:10:03.365,1.47775,1.47798,1.50,1.50
2012.03.02 09:10:03.552,1.47769,1.47797,1.50,1.50
2012.03.02 09:10:04.076,1.47769,1.47798,1.50,1.50
2012.03.02 09:10:04.671,1.47767,1.47794,1.84,1.50
2012.03.02 09:10:04.746,1.47769,1.47798,1.50,3.00
2012.03.02 09:10:06.082,1.47775,1.47798,1.50,1.50
2012.03.02 09:10:07.219,1.47769,1.47797,1.50,1.50
2012.03.02 09:10:07.633,1.47774,1.47798,1.50,1.50
2012.03.02 09:10:07.877,1.47772,1.47797,1.50,3.00
2012.03.02 09:10:08.008,1.47772,1.47794,1.50,1.50
2012.03.02 09:10:08.134,1.47771,1.47796,1.50,1.50
2012.03.02 09:10:08.548,1.47769,1.47792,1.50,1.50
2012.03.02 09:10:09.225,1.47773,1.47792,1.50,1.50
2012.03.02 09:10:09.299,1.47767,1.47795,1.50,1.50
2012.03.02 09:10:10.277,1.47761,1.47788,1.05,1.50
2012.03.02 09:10:10.404,1.4776,1.47788,2.25,1.50
2012.03.02 09:10:10.773,1.47763,1.47791,1.50,1.50
2012.03.02 09:10:11.354,1.47763,1.4779,1.50,1.50
2012.03.02 09:10:11.425,1.47762,1.47787,1.50,1.50
2012.03.02 09:10:13.392,1.47768,1.47787,1.50,1.50
2012.03.02 09:10:13.594,1.4776,1.47787,1.50,1.50
2012.03.02 09:10:14.373,1.47763,1.47787,1.50,1.50
2012.03.02 09:10:16.704,1.47763,1.47784,1.50,1.50
2012.03.02 09:10:17.345,1.47763,1.4778,1.50,1.50
2012.03.02 09:10:17.897,1.47762,1.47781,1.50,1.50
2012.03.02 09:10:20.304,1.47762,1.47779,1.50,1.50
2012.03.02 09:10:20.431,1.47749,1.47776,3.34,1.50
2012.03.02 09:10:20.502,1.47754,1.47776,1.50,1.50
2012.03.02 09:10:20.642,1.47754,1.4778,1.84,1.50
2012.03.02 09:10:20.932,1.47754,1.47783,3.34,1.50
2012.03.02 09:10:24.241,1.47754,1.47781,1.50,1.50
2012.03.02 09:10:26.024,1.47758,1.4778,1.50,1.50
2012.03.02 09:10:26.116,1.47763,1.47787,1.50,1.95
2012.03.02 09:10:26.605,1.47761,1.47787,1.50,1.50
2012.03.02 09:10:27.274,1.47758,1.47782,3.00,1.50
2012.03.02 09:10:27.346,1.47753,1.47778,1.50,1.50
2012.03.02 09:10:27.712,1.47755,1.47778,1.50,1.50
2012.03.02 09:10:28.359,1.47757,1.47778,1.50,1.50
2012.03.02 09:10:28.682,1.47767,1.47791,1.50,1.95
2012.03.02 09:10:28.752,1.47767,1.47791,1.50,1.95
2012.03.02 09:10:29.345,1.47767,1.47791,1.50,1.50
2012.03.02 09:10:30.684,1.47767,1.47791,1.50,1.95
2012.03.02 09:10:30.756,1.47762,1.4779,1.50,1.95
2012.03.02 09:10:30.823,1.47757,1.47784,1.50,1.50
2012.03.02 09:10:31.359,1.47755,1.47782,1.50,1.50
2012.03.02 09:10:31.678,1.47758,1.47782,1.50,1.50
2012.03.02 09:10:32.062,1.47754,1.47782,3.00,1.50
2012.03.02 09:10:32.194,1.47757,1.47782,1.50,1.50
2012.03.02 09:10:32.264,1.47755,1.47782,1.50,1.50
2012.03.02 09:10:32.393,1.47754,1.47782,3.00,1.95
2012.03.02 09:10:34.622,1.47757,1.47782,1.50,1.95
2012.03.02 09:10:34.875,1.47757,1.47786,3.34,1.95
2012.03.02 09:10:35.065,1.47757,1.47783,1.84,1.50
2012.03.02 09:10:36.286,1.47761,1.47783,1.50,1.50
2012.03.02 09:10:37.322,1.47757,1.47783,1.50,1.95
2012.03.02 09:10:37.397,1.47754,1.47783,1.50,3.45
2012.03.02 09:10:37.896,1.47758,1.47783,1.50,1.95
2012.03.02 09:10:38.205,1.47759,1.47784,1.50,1.50
2012.03.02 09:10:38.921,1.47759,1.47785,1.50,2.33
2012.03.02 09:10:39.601,1.47759,1.47785,1.50,2.33
2012.03.02 09:10:40.008,1.47763,1.47785,1.50,2.29
2012.03.02 09:10:40.199,1.47754,1.47779,2.25,1.50
2012.03.02 09:10:42.564,1.47755,1.47782,1.50,1.95
2012.03.02 09:10:42.696,1.47757,1.47784,1.50,2.33
2012.03.02 09:10:43.231,1.47757,1.47786,1.50,3.83
2012.03.02 09:10:43.823,1.47754,1.47783,3.00,1.95
2012.03.02 09:10:49.215,1.47757,1.47783,1.50,1.95
2012.03.02 09:10:49.811,1.47755,1.47778,1.50,1.50
2012.03.02 09:10:49.896,1.47748,1.47774,3.00,1.50
2012.03.02 09:10:50.085,1.47745,1.47772,3.00,1.50
2012.03.02 09:10:50.269,1.47747,1.47772,1.50,1.50
2012.03.02 09:10:50.416,1.47748,1.47774,1.84,1.50
2012.03.02 09:10:50.544,1.47752,1.47779,1.50,3.45
2012.03.02 09:10:51.049,1.47752,1.47779,1.50,3.45
2012.03.02 09:10:52.713,1.47758,1.47787,1.50,3.83
2012.03.02 09:10:53.292,1.47755,1.47784,1.50,2.33
2012.03.02 09:10:54.836,1.47754,1.4778,1.50,1.50
2012.03.02 09:10:55.173,1.47753,1.47776,1.50,1.50
2012.03.02 09:10:55.738,1.47753,1.47779,1.50,1.50
2012.03.02 09:10:55.963,1.47753,1.47777,1.50,1.50
2012.03.02 09:10:56.744,1.47753,1.47778,1.50,1.50
2012.03.02 09:10:56.811,1.47753,1.4778,1.50,1.50
2012.03.02 09:10:57.077,1.47753,1.47776,1.50,1.50
2012.03.02 09:10:57.388,1.47749,1.47774,1.50,1.50
2012.03.02 09:10:57.518,1.47749,1.47765,1.50,1.50
2012.03.02 09:10:57.590,1.4774,1.47765,1.50,1.50
2012.03.02 09:10:57.714,1.47741,1.47768,1.50,3.00
2012.03.02 09:10:58.280,1.47744,1.47771,1.50,1.95
2012.03.02 09:10:58.839,1.47744,1.47771,1.50,1.95
2012.03.02 09:10:59.821,1.47744,1.47771,1.50,1.95
2012.03.02 09:11:00.457,1.47744,1.47768,1.50,1.95
2012.03.02 09:11:01.254,1.47744,1.47768,1.50,1.95
2012.03.02 09:11:02.246,1.47744,1.47768,1.50,1.95
2012.03.02 09:11:03.343,1.47744,1.47768,1.50,1.95
2012.03.02 09:11:03.532,1.4774,1.47768,1.50,1.95
2012.03.02 09:11:04.926,1.4774,1.47768,1.50,1.95
2012.03.02 09:11:05.384,1.47745,1.47768,1.50,1.95
2012.03.02 09:11:07.504,1.47745,1.47768,2.25,1.95
2012.03.02 09:11:07.636,1.47745,1.47771,3.75,1.95
2012.03.02 09:11:08.378,1.47747,1.47775,1.50,2.33
2012.03.02 09:11:08.450,1.47747,1.47775,1.50,2.33
2012.03.02 09:11:08.575,1.47747,1.47775,1.50,2.33
2012.03.02 09:11:08.898,1.47745,1.47769,1.50,1.50
2012.03.02 09:11:09.202,1.47744,1.47767,1.50,1.50
2012.03.02 09:11:09.707,1.47745,1.47771,1.50,1.95
2012.03.02 09:11:09.832,1.47743,1.47768,1.50,1.95
2012.03.02 09:11:10.321,1.47743,1.47766,1.50,1.50
2012.03.02 09:11:10.398,1.47743,1.47769,1.50,1.95
2012.03.02 09:11:11.363,1.47745,1.47771,1.50,1.95
2012.03.02 09:11:12.782,1.47745,1.47771,1.50,1.95
2012.03.02 09:11:13.442,1.47747,1.47774,1.50,3.83
2012.03.02 09:11:13.546,1.47744,1.47771,3.00,1.95
2012.03.02 09:11:14.101,1.47743,1.47768,1.50,1.50
2012.03.02 09:11:14.541,1.47743,1.47766,1.50,1.50
2012.03.02 09:11:14.614,1.47738,1.47766,1.50,3.45
2012.03.02 09:11:15.162,1.47738,1.47766,1.50,3.83
2012.03.02 09:11:15.266,1.47738,1.47766,1.50,3.83
2012.03.02 09:11:16.724,1.47739,1.47766,1.50,2.70
2012.03.02 09:11:17.288,1.47742,1.47766,1.50,2.70
2012.03.02 09:11:17.533,1.4774,1.47766,1.50,2.70
2012.03.02 09:11:17.785,1.4774,1.47765,1.84,1.20
2012.03.02 09:11:17.914,1.47746,1.47774,3.00,2.33
2012.03.02 09:11:18.761,1.47746,1.47774,3.00,2.33
2012.03.02 09:11:19.245,1.47746,1.47771,1.50,1.50
2012.03.02 09:11:20.334,1.47746,1.47771,1.50,1.95
2012.03.02 09:11:20.862,1.47747,1.47773,1.50,2.33
2012.03.02 09:11:24.312,1.47747,1.47773,1.50,1.95
2012.03.02 09:11:24.497,1.47749,1.47776,1.50,3.83
2012.03.02 09:11:25.401,1.47749,1.47776,1.50,3.83
2012.03.02 09:11:27.395,1.47749,1.47776,2.25,3.83
2012.03.02 09:11:27.747,1.47761,1.47778,1.50,1.95
2012.03.02 09:11:27.813,1.47758,1.47778,1.50,1.50
2012.03.02 09:11:28.069,1.47758,1.47781,1.50,1.50
2012.03.02 09:11:28.135,1.47758,1.47784,1.50,1.95
2012.03.02 09:11:28.797,1.47755,1.47782,1.50,1.95
2012.03.02 09:11:29.993,1.47753,1.47779,1.50,1.95
2012.03.02 09:11:33.712,1.47756,1.47782,1.50,2.33
2012.03.02 09:11:35.563,1.47758,1.47784,1.50,2.33
2012.03.02 09:11:35.695,1.47758,1.47784,1.50,1.95
2012.03.02 09:11:35.885,1.47756,1.47783,1.50,1.95
2012.03.02 09:11:36.075,1.47757,1.47784,1.50,1.95
2012.03.02 09:11:36.735,1.47758,1.47785,1.50,1.95
2012.03.02 09:11:37.273,1.47758,1.47784,1.50,1.95
2012.03.02 09:11:38.195,1.47758,1.47784,1.50,1.95
2012.03.02 09:11:39.719,1.47754,1.47782,1.50,1.50
2012.03.02 09:11:40.255,1.47754,1.47783,1.50,1.95
2012.03.02 09:11:41.254,1.47754,1.47781,1.50,1.95
2012.03.02 09:11:42.160,1.47752,1.47779,3.00,1.50
2012.03.02 09:11:44.507,1.47756,1.47782,1.50,3.45
2012.03.02 09:11:44.922,1.47753,1.47781,1.50,1.95
2012.03.02 09:11:45.539,1.47752,1.47781,1.50,1.95
2012.03.02 09:11:45.622,1.47756,1.47782,1.50,3.45
2012.03.02 09:11:45.902,1.47756,1.47782,1.50,1.95
2012.03.02 09:11:46.097,1.47758,1.47785,1.50,1.95
2012.03.02 09:11:46.222,1.47758,1.47785,1.50,1.95
2012.03.02 09:11:46.763,1.47755,1.47782,3.00,1.50
2012.03.02 09:11:47.092,1.47754,1.47779,1.50,1.50
2012.03.02 09:11:47.284,1.47751,1.47777,1.50,1.50
2012.03.02 09:11:47.356,1.47749,1.47777,1.50,1.88
2012.03.02 09:11:47.483,1.47749,1.47777,1.50,2.33
2012.03.02 09:11:47.793,1.47762,1.47783,1.50,2.33
2012.03.02 09:11:48.784,1.47762,1.47784,1.50,1.50
2012.03.02 09:11:48.855,1.47762,1.4779,1.50,2.33
2012.03.02 09:11:49.614,1.47762,1.47787,1.50,1.95
2012.03.02 09:11:49.693,1.47764,1.47784,1.50,1.50
2012.03.02 09:11:50.235,1.47766,1.47784,1.50,1.50
2012.03.02 09:11:52.855,1.47766,1.47786,1.50,1.50
2012.03.02 09:11:53.576,1.47761,1.47782,1.50,1.50
2012.03.02 09:11:53.765,1.47753,1.47779,2.14,1.50
2012.03.02 09:11:53.954,1.47753,1.47779,1.50,1.50
2012.03.02 09:11:56.285,1.47752,1.47779,1.50,1.50
2012.03.02 09:11:58.170,1.47752,1.47778,1.50,1.50
2012.03.02 09:11:58.234,1.47749,1.47776,3.00,1.50
2012.03.02 09:11:59.792,1.47753,1.47776,1.50,1.50
2012.03.02 09:12:00.106,1.47749,1.47766,3.00,1.50
2012.03.02 09:12:00.236,1.47749,1.47772,3.75,1.50
2012.03.02 09:12:00.425,1.47751,1.47772,1.50,1.50
2012.03.02 09:12:00.676,1.47748,1.47777,1.50,1.50
2012.03.02 09:12:01.507,1.4775,1.47776,1.50,1.50
2012.03.02 09:12:01.812,1.47755,1.47783,1.50,1.95
2012.03.02 09:12:01.943,1.47755,1.47784,1.50,1.95
2012.03.02 09:12:02.195,1.47755,1.47782,1.50,1.50
2012.03.02 09:12:02.837,1.47755,1.47783,1.50,1.20
2012.03.02 09:12:04.042,1.47755,1.47784,1.50,1.50
2012.03.02 09:12:04.354,1.47753,1.47781,1.50,1.50
2012.03.02 09:12:04.879,1.47752,1.47781,1.50,1.50
2012.03.02 09:12:06.072,1.4775,1.47777,1.50,1.50
2012.03.02 09:12:06.585,1.47752,1.4778,1.50,1.50
2012.03.02 09:12:07.085,1.47749,1.47772,1.50,1.50
2012.03.02 09:12:07.851,1.4775,1.47777,1.50,1.50
2012.03.02 09:12:07.924,1.4775,1.47772,1.50,1.50
2012.03.02 09:12:08.057,1.47753,1.47777,1.50,1.50
2012.03.02 09:12:08.307,1.47763,1.47785,1.50,1.50
2012.03.02 09:12:08.696,1.47764,1.47787,1.50,1.50
2012.03.02 09:12:08.896,1.47761,1.47787,1.50,1.50
2012.03.02 09:12:08.964,1.47759,1.47787,1.50,3.00
2012.03.02 09:12:09.521,1.4776,1.47788,1.50,2.25
2012.03.02 09:12:10.704,1.47763,1.4779,1.50,2.25
2012.03.02 09:12:11.053,1.47759,1.47787,1.50,1.50
2012.03.02 09:12:11.125,1.47758,1.47781,1.50,1.50
2012.03.02 09:12:11.373,1.47754,1.47781,3.75,1.50
2012.03.02 09:12:11.446,1.47757,1.47783,1.50,1.50
2012.03.02 09:12:11.994,1.47759,1.47783,1.50,1.50
2012.03.02 09:12:12.073,1.47757,1.47783,1.50,1.50
2012.03.02 09:12:12.334,1.47761,1.47787,1.50,1.50
2012.03.02 09:12:13.637,1.47758,1.47785,5.25,1.50
2012.03.02 09:12:13.704,1.47762,1.47789,1.50,1.50
2012.03.02 09:12:14.596,1.47762,1.47788,1.50,1.50
2012.03.02 09:12:15.161,1.47763,1.47788,1.50,1.50
2012.03.02 09:12:16.072,1.47765,1.47788,1.50,1.50
2012.03.02 09:12:16.899,1.47765,1.47789,1.50,1.50
2012.03.02 09:12:19.583,1.47767,1.47789,1.50,1.50
2012.03.02 09:12:21.086,1.4777,1.47797,1.50,1.95
2012.03.02 09:12:22.975,1.4777,1.47794,1.50,2.25
2012.03.02 09:12:23.044,1.47764,1.47792,1.50,1.50
2012.03.02 09:12:23.745,1.47764,1.47791,1.50,1.50
2012.03.02 09:12:25.263,1.47768,1.47791,1.50,1.50
2012.03.02 09:12:25.452,1.47769,1.47798,1.50,3.45
2012.03.02 09:12:25.634,1.47773,1.47798,1.50,1.95
2012.03.02 09:12:25.882,1.4777,1.47797,1.50,1.95
2012.03.02 09:12:27.574,1.4777,1.47789,1.50,1.50
2012.03.02 09:12:27.656,1.47768,1.47792,1.50,1.50
2012.03.02 09:12:27.853,1.47771,1.47796,1.50,1.20
2012.03.02 09:12:27.924,1.47768,1.47795,1.50,1.95
2012.03.02 09:12:27.995,1.47768,1.47795,1.50,1.50
2012.03.02 09:12:28.363,1.47766,1.47791,1.50,1.50
2012.03.02 09:12:28.882,1.47767,1.47791,1.50,1.50
2012.03.02 09:12:29.012,1.47767,1.47795,1.50,1.50
2012.03.02 09:12:30.037,1.47767,1.47794,1.50,1.50
2012.03.02 09:12:31.714,1.47766,1.47788,1.50,1.50
2012.03.02 09:12:31.782,1.47766,1.47795,3.00,3.00
2012.03.02 09:12:33.492,1.47766,1.47793,3.00,1.50
2012.03.02 09:12:34.389,1.47767,1.47794,1.50,1.50
2012.03.02 09:12:35.565,1.47767,1.47789,1.50,1.50
2012.03.02 09:12:37.257,1.47764,1.47789,1.50,1.50
2012.03.02 09:12:37.942,1.47763,1.47789,1.50,1.50
2012.03.02 09:12:38.083,1.47766,1.47789,1.50,1.50
2012.03.02 09:12:38.704,1.47767,1.47789,1.50,1.50
2012.03.02 09:12:38.779,1.47767,1.47793,1.50,1.50
2012.03.02 09:12:41.902,1.47767,1.47792,1.50,1.50
2012.03.02 09:12:42.431,1.47767,1.47793,1.50,1.50
2012.03.02 09:12:43.385,1.47767,1.47791,1.50,1.50
2012.03.02 09:12:43.714,1.47773,1.47797,1.50,1.50
2012.03.02 09:12:43.787,1.47771,1.47797,1.50,3.00
2012.03.02 09:12:43.856,1.47771,1.47795,1.50,1.50
2012.03.02 09:12:44.361,1.47772,1.47795,2.25,1.50
2012.03.02 09:12:44.493,1.47772,1.47799,2.25,1.50
2012.03.02 09:12:44.564,1.47776,1.47799,1.50,1.50
2012.03.02 09:12:46.324,1.47776,1.47802,1.50,1.50
2012.03.02 09:12:46.792,1.47777,1.47806,1.50,1.95
2012.03.02 09:12:47.305,1.47775,1.47802,3.00,1.50
2012.03.02 09:12:48.964,1.47778,1.47804,1.50,1.50
2012.03.02 09:12:49.503,1.47778,1.47805,1.50,3.45
2012.03.02 09:12:49.848,1.47776,1.47803,2.25,1.50
2012.03.02 09:12:50.397,1.47775,1.47803,1.50,1.50
2012.03.02 09:12:51.912,1.47777,1.47804,1.50,1.50
2012.03.02 09:12:51.983,1.47777,1.47806,1.50,1.50
2012.03.02 09:12:53.877,1.47775,1.47803,1.50,1.50
2012.03.02 09:12:54.940,1.47778,1.47804,1.50,1.50
2012.03.02 09:12:55.450,1.47778,1.47805,1.50,1.50
2012.03.02 09:12:55.986,1.47776,1.47802,1.50,1.50
2012.03.02 09:12:57.514,1.47778,1.47805,1.50,1.50
2012.03.02 09:12:57.968,1.47774,1.47803,1.50,1.50
2012.03.02 09:12:58.100,1.47779,1.47803,1.50,1.50
2012.03.02 09:12:58.169,1.4778,1.47808,1.50,3.75
2012.03.02 09:12:58.237,1.47778,1.47806,1.50,1.50
2012.03.02 09:12:58.555,1.47777,1.47803,1.50,1.50
2012.03.02 09:12:58.746,1.47773,1.478,1.50,1.50
2012.03.02 09:12:59.279,1.47776,1.47803,1.50,1.50
2012.03.02 09:13:00.465,1.47775,1.47801,1.50,1.50
2012.03.02 09:13:00.974,1.47774,1.47801,1.50,1.50
2012.03.02 09:13:01.868,1.47777,1.47793,1.50,1.50
2012.03.02 09:13:01.944,1.47777,1.47803,1.50,1.95
2012.03.02 09:13:02.163,1.47779,1.47806,1.50,1.95
2012.03.02 09:13:02.304,1.47776,1.47804,1.50,1.95
2012.03.02 09:13:02.608,1.47778,1.47805,1.50,1.95
2012.03.02 09:13:03.077,1.47775,1.47804,1.50,1.95
2012.03.02 09:13:03.215,1.47775,1.47804,1.50,1.50
2012.03.02 09:13:03.402,1.47776,1.47798,1.50,1.50
2012.03.02 09:13:03.604,1.47776,1.478,1.50,1.50
2012.03.02 09:13:04.221,1.47776,1.47803,3.00,1.50
2012.03.02 09:13:04.317,1.47775,1.47801,1.50,1.50
2012.03.02 09:13:04.603,1.47775,1.47803,1.50,1.50
2012.03.02 09:13:05.203,1.47775,1.47802,1.50,1.50
2012.03.02 09:13:05.533,1.47775,1.478,1.50,1.50
2012.03.02 09:13:07.654,1.47775,1.47802,3.00,1.50
2012.03.02 09:13:08.314,1.47776,1.47802,1.50,1.50
2012.03.02 09:13:08.963,1.47775,1.47802,1.50,1.50
2012.03.02 09:13:09.541,1.47773,1.47799,3.00,1.50
2012.03.02 09:13:14.395,1.47769,1.47794,1.50,1.50
2012.03.02 09:13:14.743,1.47773,1.47794,1.50,1.50
2012.03.02 09:13:17.039,1.4777,1.47794,1.50,1.50
2012.03.02 09:13:17.164,1.4777,1.47792,1.50,1.50
2012.03.02 09:13:17.364,1.4777,1.47797,1.50,1.50
2012.03.02 09:13:17.494,1.4777,1.47797,1.88,1.50
2012.03.02 09:13:17.684,1.47779,1.47806,3.00,3.00
2012.03.02 09:13:17.813,1.47781,1.47806,1.50,1.50
2012.03.02 09:13:18.074,1.47778,1.47805,1.50,3.00
2012.03.02 09:13:19.726,1.47775,1.47801,1.50,1.50
2012.03.02 09:13:20.887,1.47775,1.47797,1.50,1.50
2012.03.02 09:13:21.491,1.47773,1.47797,1.50,1.50
2012.03.02 09:13:21.562,1.47771,1.47797,1.50,1.50
2012.03.02 09:13:21.812,1.47769,1.47796,1.50,1.50
2012.03.02 09:13:22.299,1.47769,1.47794,1.50,1.50
2012.03.02 09:13:22.629,1.47771,1.47796,1.50,1.50
2012.03.02 09:13:22.969,1.47774,1.47796,1.50,1.50
2012.03.02 09:13:23.197,1.47772,1.47796,1.50,1.50
2012.03.02 09:13:23.298,1.47769,1.47796,1.50,1.50
2012.03.02 09:13:24.955,1.47772,1.47796,1.50,1.50
2012.03.02 09:13:26.772,1.47772,1.47794,1.50,1.50
2012.03.02 09:13:27.024,1.47771,1.47797,1.50,1.50
2012.03.02 09:13:27.337,1.47769,1.47787,3.00,1.50
2012.03.02 09:13:27.466,1.47766,1.47787,1.50,1.50
2012.03.02 09:13:27.535,1.47769,1.47792,1.50,1.50
2012.03.02 09:13:27.796,1.47769,1.4779,1.50,1.50
2012.03.02 09:13:28.368,1.47766,1.47787,1.50,1.50
2012.03.02 09:13:28.665,1.47766,1.47792,1.50,1.50
2012.03.02 09:13:28.853,1.4777,1.47792,1.50,1.50
2012.03.02 09:13:28.933,1.47767,1.47792,3.00,1.50
2012.03.02 09:13:29.067,1.47767,1.4779,1.50,1.50
2012.03.02 09:13:29.613,1.47764,1.47791,1.50,1.50
2012.03.02 09:13:29.688,1.47767,1.4779,1.50,1.50
2012.03.02 09:13:29.876,1.47767,1.47792,1.50,1.50
2012.03.02 09:13:30.602,1.47764,1.47791,1.50,1.50
2012.03.02 09:13:30.684,1.47764,1.47786,1.50,1.50
2012.03.02 09:13:31.002,1.47766,1.47786,1.50,1.50
2012.03.02 09:13:31.677,1.4777,1.47786,1.50,1.50
2012.03.02 09:13:31.872,1.4777,1.47788,1.50,1.50
2012.03.02 09:13:32.123,1.47772,1.47788,1.50,1.50
2012.03.02 09:13:32.885,1.47772,1.47789,1.50,1.50
2012.03.02 09:13:32.963,1.47775,1.47797,1.50,1.50
2012.03.02 09:13:33.275,1.47777,1.47797,1.50,1.50
2012.03.02 09:13:33.604,1.47775,1.47796,1.50,1.50
2012.03.02 09:13:34.188,1.47775,1.47797,1.50,1.50
2012.03.02 09:13:35.510,1.47778,1.47797,1.50,1.50
2012.03.02 09:13:35.583,1.47776,1.47797,1.50,1.50
2012.03.02 09:13:36.175,1.47771,1.47797,1.50,1.50
2012.03.02 09:13:37.232,1.47775,1.47797,1.50,1.50
2012.03.02 09:13:37.605,1.47771,1.47797,1.50,1.50
2012.03.02 09:13:37.836,1.47765,1.47793,2.25,1.50
2012.03.02 09:13:38.146,1.47764,1.47784,1.50,1.50
2012.03.02 09:13:38.728,1.47764,1.47784,1.50,1.50
2012.03.02 09:13:38.922,1.47761,1.47784,1.50,1.50
2012.03.02 09:13:39.482,1.47767,1.47784,1.50,1.50
2012.03.02 09:13:39.676,1.47772,1.47791,1.50,1.50
2012.03.02 09:13:39.865,1.47772,1.47798,1.50,1.95
2012.03.02 09:13:40.056,1.4777,1.47793,1.50,1.50
2012.03.02 09:13:40.364,1.47768,1.47793,1.50,1.50
2012.03.02 09:13:40.434,1.47766,1.47793,1.50,1.50
2012.03.02 09:13:40.980,1.47771,1.47793,1.50,1.50
2012.03.02 09:13:41.114,1.47771,1.47794,1.50,1.50
2012.03.02 09:13:41.964,1.47767,1.47794,1.50,1.50
2012.03.02 09:13:42.095,1.47769,1.47794,1.50,1.50
2012.03.02 09:13:44.793,1.47767,1.47793,1.50,1.50
2012.03.02 09:13:44.862,1.47763,1.47792,1.50,1.50
2012.03.02 09:13:45.192,1.47767,1.47793,1.50,1.50
2012.03.02 09:13:45.412,1.47768,1.47797,3.00,1.50
2012.03.02 09:13:49.176,1.47768,1.47797,3.34,1.50
2012.03.02 09:13:49.544,1.47772,1.47798,1.50,3.00
2012.03.02 09:13:49.858,1.47774,1.47798,1.50,1.50
2012.03.02 09:13:50.391,1.47774,1.47799,1.50,1.50
2012.03.02 09:13:51.752,1.4777,1.47799,1.50,3.00
2012.03.02 09:13:52.825,1.47777,1.47799,1.50,1.50
2012.03.02 09:13:53.074,1.47778,1.47806,1.50,1.95
2012.03.02 09:13:53.143,1.47781,1.47806,1.50,1.95
2012.03.02 09:13:53.454,1.47788,1.47812,1.50,1.88
2012.03.02 09:13:53.772,1.47784,1.47811,1.50,1.88
2012.03.02 09:13:55.397,1.47786,1.47811,1.50,1.88
2012.03.02 09:13:55.705,1.47792,1.47812,1.50,1.88
2012.03.02 09:13:55.898,1.47789,1.47812,1.50,1.88
2012.03.02 09:13:55.965,1.47785,1.47807,1.50,1.50
2012.03.02 09:13:56.215,1.47783,1.47807,1.50,1.50
2012.03.02 09:13:56.457,1.47785,1.47807,1.50,1.50
2012.03.02 09:13:57.426,1.47784,1.47807,1.50,1.50
2012.03.02 09:13:57.783,1.47786,1.47807,1.50,1.50
2012.03.02 09:13:58.885,1.47786,1.47809,1.50,1.50
2012.03.02 09:14:01.561,1.47788,1.47809,1.50,1.50
2012.03.02 09:14:01.768,1.47792,1.47819,1.50,2.22
2012.03.02 09:14:01.838,1.4779,1.47818,1.50,1.88
2012.03.02 09:14:01.907,1.47788,1.47816,1.50,1.50
2012.03.02 09:14:02.219,1.47785,1.47813,1.50,1.50
2012.03.02 09:14:03.124,1.47789,1.47814,1.50,1.50
2012.03.02 09:14:03.662,1.47789,1.4781,1.50,1.50
2012.03.02 09:14:03.894,1.47786,1.4781,3.00,1.50
2012.03.02 09:14:04.907,1.47787,1.4781,1.50,1.50
2012.03.02 09:14:05.641,1.47783,1.47811,1.50,1.50
2012.03.02 09:14:05.893,1.47786,1.47811,1.50,1.50
2012.03.02 09:14:07.016,1.47786,1.47813,1.50,1.50
2012.03.02 09:14:08.042,1.47784,1.47811,3.00,1.50
2012.03.02 09:14:10.991,1.47784,1.47809,1.50,2.25
2012.03.02 09:14:11.074,1.47781,1.47805,1.50,3.75
2012.03.02 09:14:11.147,1.47779,1.47805,3.38,3.75
2012.03.02 09:14:11.214,1.47779,1.47805,3.38,3.00
2012.03.02 09:14:11.344,1.47778,1.47799,1.88,1.50
2012.03.02 09:14:11.538,1.47772,1.47799,1.50,1.50
2012.03.02 09:14:11.664,1.47775,1.47799,1.50,1.50
2012.03.02 09:14:11.984,1.47778,1.47799,1.50,1.50
2012.03.02 09:14:20.709,1.47775,1.47799,1.50,1.50
2012.03.02 09:14:20.782,1.47781,1.4781,1.50,3.45
2012.03.02 09:14:21.444,1.47781,1.4781,1.50,3.45
2012.03.02 09:14:21.932,1.47779,1.47806,1.50,1.95
2012.03.02 09:14:22.244,1.47777,1.47803,1.50,1.50
2012.03.02 09:14:22.377,1.47775,1.47803,1.50,1.50
2012.03.02 09:14:22.508,1.47777,1.47804,1.50,1.50
2012.03.02 09:14:23.009,1.47776,1.47802,1.50,1.50
2012.03.02 09:14:23.615,1.47777,1.47805,1.50,1.50
2012.03.02 09:14:23.691,1.47777,1.47806,1.50,2.70
2012.03.02 09:14:23.885,1.4777,1.47796,1.50,1.50
2012.03.02 09:14:23.957,1.4777,1.47796,1.50,2.25
2012.03.02 09:14:24.024,1.47768,1.47794,1.50,2.25
2012.03.02 09:14:24.096,1.47765,1.47794,2.25,3.75
2012.03.02 09:14:24.166,1.47769,1.47794,1.50,1.50
2012.03.02 09:14:24.424,1.4777,1.47796,3.00,1.50
2012.03.02 09:14:24.934,1.47776,1.47803,1.50,2.25
2012.03.02 09:14:25.065,1.47776,1.478,1.50,1.50
2012.03.02 09:14:25.135,1.47772,1.47799,1.50,1.50
2012.03.02 09:14:26.573,1.47769,1.47796,1.50,1.50
2012.03.02 09:14:26.703,1.47767,1.47795,1.50,1.50
2012.03.02 09:14:26.833,1.47767,1.47792,1.50,1.50
2012.03.02 09:14:27.418,1.4777,1.47792,1.50,1.50
2012.03.02 09:14:27.488,1.47767,1.4779,1.50,1.50
2012.03.02 09:14:27.612,1.47767,1.47794,1.50,1.50
2012.03.02 09:14:27.805,1.47772,1.47799,1.50,1.50
2012.03.02 09:14:28.134,1.47772,1.47794,1.50,1.50
2012.03.02 09:14:28.202,1.4777,1.47794,1.50,1.50
2012.03.02 09:14:28.274,1.47768,1.47794,1.50,3.00
2012.03.02 09:14:29.225,1.4777,1.47794,1.50,3.00
2012.03.02 09:14:29.532,1.47773,1.47794,1.50,1.50
2012.03.02 09:14:29.603,1.47773,1.47799,1.50,1.50
2012.03.02 09:14:29.734,1.47776,1.47799,1.50,1.50
2012.03.02 09:14:29.804,1.47772,1.47799,1.50,1.50
2012.03.02 09:14:29.993,1.4777,1.47798,1.50,1.50
2012.03.02 09:14:30.262,1.47772,1.47799,1.50,1.50
2012.03.02 09:14:30.689,1.47776,1.47801,1.50,1.50
2012.03.02 09:14:30.993,1.47769,1.47792,1.50,1.50
2012.03.02 09:14:31.349,1.47769,1.4779,1.50,1.50
2012.03.02 09:14:33.211,1.47769,1.47796,1.50,1.50
2012.03.02 09:14:33.537,1.47772,1.47797,1.50,1.50
2012.03.02 09:14:34.051,1.47772,1.47798,1.50,1.50
2012.03.02 09:14:35.462,1.47767,1.47793,1.84,1.50
2012.03.02 09:14:35.853,1.47766,1.4779,1.50,1.50
2012.03.02 09:14:37.030,1.47765,1.47791,1.50,1.50
2012.03.02 09:14:37.353,1.47774,1.47801,1.50,2.70
2012.03.02 09:14:37.426,1.47774,1.47801,1.50,1.50
2012.03.02 09:14:37.616,1.47777,1.478,1.50,1.50
2012.03.02 09:14:37.744,1.47771,1.47797,1.50,1.50
2012.03.02 09:14:37.814,1.47773,1.47798,1.50,1.50
2012.03.02 09:14:38.143,1.47777,1.47798,1.50,1.50
2012.03.02 09:14:38.864,1.47773,1.47798,1.50,1.50
2012.03.02 09:14:39.255,1.4777,1.47797,1.50,1.50
2012.03.02 09:14:40.912,1.4777,1.4779,1.50,1.50
2012.03.02 09:14:41.183,1.47767,1.4779,1.50,1.50
2012.03.02 09:14:41.313,1.47767,1.47795,3.00,1.50
2012.03.02 09:14:41.383,1.4777,1.47797,1.50,1.50
2012.03.02 09:14:41.713,1.47773,1.47799,1.50,1.50
2012.03.02 09:14:42.317,1.47774,1.478,1.50,1.50
2012.03.02 09:14:43.110,1.47773,1.47797,1.50,1.50
2012.03.02 09:14:43.167,1.47769,1.47798,1.50,3.00
2012.03.02 09:14:43.801,1.47769,1.47789,1.50,1.50
2012.03.02 09:14:43.875,1.47767,1.47789,1.50,1.50
2012.03.02 09:14:44.912,1.47767,1.47791,1.50,1.50
2012.03.02 09:14:45.487,1.47769,1.47791,1.50,1.50
2012.03.02 09:14:45.860,1.47772,1.47791,1.50,1.50
2012.03.02 09:14:46.303,1.4777,1.47791,1.50,1.50
2012.03.02 09:14:46.577,1.47768,1.47791,1.50,1.50
2012.03.02 09:14:47.133,1.47769,1.47795,1.50,2.25
2012.03.02 09:14:47.215,1.47765,1.4779,1.50,1.50
2012.03.02 09:14:47.447,1.47769,1.4779,1.50,1.50
2012.03.02 09:14:47.573,1.47769,1.47795,1.50,3.00
2012.03.02 09:14:48.485,1.47769,1.47793,1.50,1.50
2012.03.02 09:14:49.357,1.47771,1.47793,1.50,1.50
2012.03.02 09:14:49.850,1.47769,1.47793,1.50,1.50
2012.03.02 09:14:52.610,1.47769,1.4779,1.50,1.50
2012.03.02 09:14:52.679,1.47767,1.4779,1.50,1.50
2012.03.02 09:14:53.223,1.47766,1.4779,1.50,1.50
2012.03.02 09:14:53.726,1.47761,1.47788,2.56,1.50
2012.03.02 09:14:53.854,1.47761,1.47788,4.06,3.00
2012.03.02 09:14:54.045,1.47761,1.47784,1.50,1.50
2012.03.02 09:14:54.355,1.47764,1.47784,1.50,1.50
2012.03.02 09:14:54.864,1.47761,1.47784,1.50,1.50
2012.03.02 09:14:54.944,1.47764,1.47785,1.50,1.50
2012.03.02 09:14:55.765,1.47762,1.47785,1.50,1.50
2012.03.02 09:14:56.473,1.47762,1.47786,1.50,1.50
2012.03.02 09:14:57.200,1.47761,1.4778,1.50,1.50
2012.03.02 09:14:58.647,1.47763,1.4778,1.50,1.50
2012.03.02 09:14:58.776,1.47763,1.47785,1.50,1.50
2012.03.02 09:15:00.239,1.47761,1.47781,1.50,1.50
2012.03.02 09:15:00.300,1.47758,1.4778,1.50,1.50
2012.03.02 09:15:00.430,1.47756,1.4778,2.25,1.50
2012.03.02 09:15:00.498,1.47758,1.47784,1.50,1.50
2012.03.02 09:15:01.275,1.4776,1.47789,1.50,3.75
2012.03.02 09:15:01.415,1.47764,1.47789,1.50,1.50
2012.03.02 09:15:01.866,1.47766,1.47787,1.50,1.50
2012.03.02 09:15:04.245,1.47763,1.4779,1.50,1.50
2012.03.02 09:15:04.343,1.4776,1.47785,1.50,1.50
2012.03.02 09:15:04.421,1.47754,1.47783,4.13,1.50
2012.03.02 09:15:04.864,1.47754,1.47783,4.13,1.50
2012.03.02 09:15:05.243,1.47757,1.47784,1.50,1.50
2012.03.02 09:15:05.854,1.47757,1.47785,1.50,1.50
2012.03.02 09:15:08.559,1.47758,1.47785,1.50,1.50
2012.03.02 09:15:09.466,1.47758,1.47785,1.50,2.25
2012.03.02 09:15:09.963,1.47757,1.47781,1.50,1.50
2012.03.02 09:15:10.267,1.47757,1.47779,1.50,2.25
2012.03.02 09:15:10.333,1.4775,1.47779,1.88,2.25
2012.03.02 09:15:10.967,1.47754,1.47781,1.88,2.25
2012.03.02 09:15:11.040,1.47754,1.47776,1.88,1.50
2012.03.02 09:15:11.165,1.47746,1.47773,3.75,1.50
2012.03.02 09:15:11.238,1.47746,1.47773,1.50,1.50
2012.03.02 09:15:11.366,1.47749,1.47775,1.50,1.50
2012.03.02 09:15:11.553,1.47752,1.47779,1.50,3.75
2012.03.02 09:15:11.745,1.47755,1.47779,1.50,2.25
2012.03.02 09:15:12.134,1.47753,1.47779,3.00,3.75
2012.03.02 09:15:12.442,1.47753,1.47779,1.50,4.13
2012.03.02 09:15:12.576,1.47745,1.47772,2.25,2.25
2012.03.02 09:15:12.645,1.47745,1.47763,1.50,1.50
2012.03.02 09:15:12.773,1.47745,1.47772,1.50,1.50
2012.03.02 09:15:13.006,1.47748,1.47768,1.50,1.50
2012.03.02 09:15:13.630,1.47746,1.47768,1.50,1.50
2012.03.02 09:15:14.793,1.4775,1.47768,1.50,1.50
2012.03.02 09:15:14.863,1.4775,1.47773,1.50,2.25
2012.03.02 09:15:16.097,1.47752,1.47773,1.50,1.50
2012.03.02 09:15:16.403,1.47752,1.47771,1.50,1.50
2012.03.02 09:15:16.937,1.47749,1.47771,1.50,1.50
2012.03.02 09:15:17.007,1.47746,1.47771,1.50,1.50
2012.03.02 09:15:17.163,1.47748,1.47771,1.50,1.50
2012.03.02 09:15:18.039,1.47752,1.47778,1.50,1.50
2012.03.02 09:15:18.582,1.47752,1.47779,1.50,3.75
2012.03.02 09:15:19.038,1.4775,1.47777,3.00,1.50
2012.03.02 09:15:19.535,1.4775,1.47771,1.50,1.50
2012.03.02 09:15:20.097,1.47749,1.47776,1.50,1.50
2012.03.02 09:15:20.279,1.47746,1.47774,1.50,1.50
2012.03.02 09:15:20.916,1.47749,1.47775,1.50,1.50
2012.03.02 09:15:21.258,1.47752,1.47777,1.50,1.50
2012.03.02 09:15:21.326,1.47752,1.47779,1.50,3.75
2012.03.02 09:15:22.100,1.4775,1.47777,1.50,2.25
2012.03.02 09:15:22.569,1.47751,1.47771,1.50,1.50
2012.03.02 09:15:22.643,1.47746,1.47772,3.00,1.50
2012.03.02 09:15:22.723,1.47749,1.47774,1.50,1.50
2012.03.02 09:15:25.621,1.47748,1.47774,1.50,1.50
2012.03.02 09:15:27.195,1.47748,1.47774,1.50,2.25
2012.03.02 09:15:27.546,1.47745,1.47769,1.50,1.50
2012.03.02 09:15:27.795,1.47743,1.47769,1.50,3.00
2012.03.02 09:15:28.423,1.47748,1.47769,1.50,1.50
2012.03.02 09:15:28.845,1.47748,1.47775,1.50,1.95
2012.03.02 09:15:29.034,1.4775,1.47777,1.50,1.50
2012.03.02 09:15:29.334,1.47747,1.47774,1.50,1.50
2012.03.02 09:15:30.964,1.47747,1.47774,1.50,2.25
2012.03.02 09:15:31.275,1.4774,1.4776,1.50,1.50
2012.03.02 09:15:31.345,1.47742,1.47768,1.50,1.50
2012.03.02 09:15:31.415,1.47747,1.47768,1.50,1.50
2012.03.02 09:15:32.354,1.47747,1.47765,1.50,1.50
2012.03.02 09:15:32.555,1.47745,1.47765,1.50,1.50
2012.03.02 09:15:34.918,1.47754,1.47778,1.50,1.95
2012.03.02 09:15:34.996,1.47756,1.47778,1.50,1.95
2012.03.02 09:15:35.305,1.47759,1.47777,1.50,1.50
2012.03.02 09:15:35.439,1.47756,1.47777,1.50,1.50
2012.03.02 09:15:35.504,1.47752,1.47777,1.50,2.25
2012.03.02 09:15:35.755,1.47756,1.47778,1.50,1.50
2012.03.02 09:15:36.068,1.47758,1.47782,1.50,1.50
2012.03.02 09:15:36.534,1.47761,1.47786,1.50,1.95
2012.03.02 09:15:36.612,1.47761,1.47786,1.50,1.50
2012.03.02 09:15:36.944,1.47758,1.47786,1.50,3.00
2012.03.02 09:15:37.294,1.47756,1.47783,1.50,1.50
2012.03.02 09:15:39.371,1.4776,1.47786,1.50,3.34
2012.03.02 09:15:39.892,1.4776,1.47786,1.50,4.09
2012.03.02 09:15:40.744,1.4776,1.47786,1.50,3.34
2012.03.02 09:15:42.495,1.4776,1.47783,1.50,1.50
2012.03.02 09:15:42.803,1.47763,1.47783,1.50,1.50
2012.03.02 09:15:43.144,1.4776,1.47783,1.50,1.50
2012.03.02 09:15:44.091,1.47761,1.47783,1.50,1.50
2012.03.02 09:15:44.175,1.47764,1.47783,1.50,1.50
2012.03.02 09:15:44.362,1.47764,1.47787,1.50,1.50
2012.03.02 09:15:44.792,1.47763,1.47785,1.50,1.50
2012.03.02 09:15:45.094,1.4776,1.47785,1.50,1.50
2012.03.02 09:15:45.431,1.47762,1.47785,1.50,1.50
2012.03.02 09:15:49.846,1.47764,1.47785,1.50,1.50
2012.03.02 09:15:50.353,1.47764,1.47791,1.50,1.50
2012.03.02 09:15:50.429,1.47762,1.47789,1.50,1.50
2012.03.02 09:15:53.175,1.47763,1.47792,1.50,1.50
2012.03.02 09:15:54.275,1.47763,1.47791,1.50,1.50
2012.03.02 09:15:54.343,1.47762,1.47789,1.50,1.50
2012.03.02 09:15:55.557,1.47763,1.47792,1.50,1.50
2012.03.02 09:15:57.113,1.47765,1.47792,1.50,1.50
2012.03.02 09:15:57.662,1.47766,1.47793,1.50,1.95
2012.03.02 09:15:59.186,1.47766,1.47792,1.50,1.50
2012.03.02 09:15:59.269,1.47763,1.47792,1.50,3.00
2012.03.02 09:15:59.340,1.47761,1.47787,3.00,1.50
2012.03.02 09:15:59.547,1.47763,1.47792,1.50,3.00
2012.03.02 09:16:01.223,1.47763,1.47789,1.50,2.25
2012.03.02 09:16:01.297,1.47758,1.47787,1.50,2.25
2012.03.02 09:16:01.363,1.47758,1.47779,1.50,1.50
2012.03.02 09:16:01.989,1.47759,1.47787,1.50,1.50
2012.03.02 09:16:02.063,1.47764,1.47782,1.50,1.50
2012.03.02 09:16:02.216,1.47761,1.47782,1.50,1.50
2012.03.02 09:16:02.345,1.47757,1.47782,1.50,1.50
2012.03.02 09:16:02.415,1.4776,1.47782,1.50,1.50
2012.03.02 09:16:02.803,1.4776,1.47776,1.50,1.50
2012.03.02 09:16:02.935,1.4776,1.47782,1.50,1.50
2012.03.02 09:16:03.244,1.4776,1.4778,1.50,1.50
2012.03.02 09:16:03.932,1.47758,1.4778,1.50,1.50
2012.03.02 09:16:04.006,1.47755,1.4778,2.25,1.50
2012.03.02 09:16:04.518,1.47755,1.4778,1.50,1.50
2012.03.02 09:16:04.660,1.47757,1.47781,1.50,1.50
2012.03.02 09:16:05.204,1.47758,1.47781,1.50,1.50
2012.03.02 09:16:05.413,1.47755,1.47781,1.50,1.50
2012.03.02 09:16:06.203,1.47753,1.4778,2.25,1.50
2012.03.02 09:16:06.454,1.47753,1.47773,1.50,1.50
2012.03.02 09:16:06.825,1.47755,1.47773,1.50,1.50
2012.03.02 09:16:07.434,1.47757,1.47773,1.50,1.50
2012.03.02 09:16:07.643,1.47757,1.47777,1.50,1.50
2012.03.02 09:16:07.862,1.47761,1.47777,1.50,1.50
2012.03.02 09:16:08.914,1.47761,1.47777,1.84,1.50
2012.03.02 09:16:09.113,1.47768,1.47791,1.50,1.95
2012.03.02 09:16:09.248,1.47768,1.47789,1.50,1.50
2012.03.02 09:16:09.753,1.47768,1.47792,1.50,1.50
2012.03.02 09:16:10.066,1.47765,1.47792,2.25,1.50
2012.03.02 09:16:10.194,1.47765,1.47789,2.25,1.50
2012.03.02 09:16:10.892,1.47765,1.47789,1.50,1.50
2012.03.02 09:16:11.202,1.47765,1.47785,1.50,1.50
2012.03.02 09:16:12.001,1.47764,1.47785,1.50,1.50
2012.03.02 09:16:13.294,1.47767,1.47785,1.50,1.50
2012.03.02 09:16:13.780,1.47764,1.47785,1.50,1.50
2012.03.02 09:16:13.906,1.47759,1.47785,1.50,1.50
2012.03.02 09:16:14.363,1.47762,1.47785,1.50,1.50
2012.03.02 09:16:15.440,1.47762,1.47789,1.50,2.25
2012.03.02 09:16:15.628,1.4776,1.47785,1.50,1.50
2012.03.02 09:16:16.755,1.4776,1.47786,1.50,1.50
2012.03.02 09:16:16.833,1.47757,1.47786,3.75,1.50
2012.03.02 09:16:17.306,1.47761,1.47788,1.50,1.50
2012.03.02 09:16:17.375,1.47762,1.4779,1.50,3.00
2012.03.02 09:16:17.515,1.47765,1.4779,1.50,1.50
2012.03.02 09:16:21.657,1.47761,1.4779,1.50,3.00
2012.03.02 09:16:25.560,1.47763,1.4779,1.50,3.00
2012.03.02 09:16:26.014,1.47765,1.4779,1.50,1.50
2012.03.02 09:16:26.484,1.47768,1.4779,1.50,1.50
2012.03.02 09:16:26.557,1.47765,1.4779,1.50,1.50
2012.03.02 09:16:27.234,1.47764,1.47788,1.50,1.50
2012.03.02 09:16:27.587,1.47761,1.47788,1.50,1.50
2012.03.02 09:16:30.426,1.47765,1.47788,1.50,1.50
2012.03.02 09:16:30.620,1.47767,1.47793,1.50,2.25
2012.03.02 09:16:30.957,1.47763,1.47792,2.25,1.50
2012.03.02 09:16:31.089,1.47765,1.47792,1.50,1.50
2012.03.02 09:16:31.699,1.47767,1.47793,1.50,1.50
2012.03.02 09:16:33.304,1.47764,1.47791,1.50,1.50
2012.03.02 09:16:33.373,1.47764,1.47788,1.50,1.50
2012.03.02 09:16:34.534,1.47761,1.47788,1.50,1.50
2012.03.02 09:16:34.616,1.47759,1.47782,1.50,1.50
2012.03.02 09:16:34.950,1.47765,1.4779,1.50,3.00
2012.03.02 09:16:35.476,1.47766,1.4779,1.50,1.50
2012.03.02 09:16:36.920,1.47757,1.47784,2.25,1.50
2012.03.02 09:16:37.080,1.47756,1.47781,2.25,1.50
2012.03.02 09:16:37.265,1.47756,1.47781,1.50,1.50
2012.03.02 09:16:37.756,1.47759,1.47781,1.50,1.50
2012.03.02 09:16:41.048,1.47763,1.47781,1.50,1.50
2012.03.02 09:16:41.306,1.47763,1.47789,1.50,1.50
2012.03.02 09:16:41.854,1.47765,1.47789,1.50,1.50
2012.03.02 09:16:42.185,1.47761,1.47789,1.50,3.00
2012.03.02 09:16:42.515,1.47764,1.47789,1.50,1.50
2012.03.02 09:16:43.046,1.47762,1.47788,1.50,1.50
2012.03.02 09:16:45.516,1.47762,1.47782,1.50,1.50
2012.03.02 09:16:45.887,1.47757,1.47782,1.50,1.50
2012.03.02 09:16:45.955,1.47754,1.47782,2.25,1.50
2012.03.02 09:16:46.537,1.47756,1.47782,1.50,1.50
2012.03.02 09:16:46.608,1.47758,1.47782,1.50,1.50
2012.03.02 09:16:48.387,1.4776,1.47782,1.50,1.50
2012.03.02 09:16:52.793,1.47758,1.47782,1.50,1.50
2012.03.02 09:16:52.877,1.47753,1.47781,1.84,1.50
2012.03.02 09:16:52.958,1.47753,1.47777,1.50,1.50
2012.03.02 09:16:53.157,1.47753,1.47781,3.75,1.50
2012.03.02 09:16:53.283,1.47753,1.47775,2.25,1.50
2012.03.02 09:16:53.481,1.4775,1.47775,1.50,1.50
2012.03.02 09:16:53.784,1.47753,1.47775,1.50,1.50
2012.03.02 09:16:54.094,1.47757,1.47775,1.50,1.50
2012.03.02 09:16:54.520,1.47753,1.47775,1.50,1.50
2012.03.02 09:17:00.929,1.47761,1.47782,1.50,1.50
2012.03.02 09:17:01.423,1.47757,1.47782,1.50,1.84
2012.03.02 09:17:01.619,1.47757,1.47776,1.50,1.50
2012.03.02 09:17:01.857,1.47757,1.47782,1.50,1.84
2012.03.02 09:17:02.046,1.47757,1.47776,1.50,1.50
2012.03.02 09:17:02.237,1.47757,1.47781,1.50,1.50
2012.03.02 09:17:05.593,1.47757,1.47781,2.25,1.50
2012.03.02 09:17:05.664,1.47759,1.47781,1.84,1.50
2012.03.02 09:17:05.855,1.4776,1.47786,2.59,1.50
2012.03.02 09:17:06.043,1.47764,1.47786,1.50,1.50
2012.03.02 09:17:06.383,1.47764,1.47791,1.50,1.50
2012.03.02 09:17:09.284,1.47762,1.47789,1.50,1.50
2012.03.02 09:17:09.632,1.47762,1.47785,1.50,1.50
2012.03.02 09:17:09.763,1.47762,1.47788,1.50,1.50
2012.03.02 09:17:10.471,1.47762,1.47789,1.50,1.50
2012.03.02 09:17:11.958,1.47763,1.47792,1.50,1.50
2012.03.02 09:17:12.312,1.47762,1.47788,3.00,1.50
2012.03.02 09:17:13.561,1.47763,1.47792,1.50,1.50
2012.03.02 09:17:15.774,1.47762,1.47788,1.50,1.50
2012.03.02 09:17:15.846,1.47759,1.47786,1.50,1.50
2012.03.02 09:17:15.976,1.47758,1.47784,1.50,1.50
2012.03.02 09:17:16.316,1.47757,1.47777,2.25,1.50
2012.03.02 09:17:16.582,1.47757,1.4778,2.25,1.50
2012.03.02 09:17:17.203,1.47754,1.4778,2.25,1.50
2012.03.02 09:17:17.991,1.47754,1.47782,1.50,3.00
2012.03.02 09:17:20.615,1.47754,1.47781,1.50,1.50
2012.03.02 09:17:20.686,1.47753,1.47779,2.25,1.50
2012.03.02 09:17:21.004,1.47748,1.47776,3.00,1.50
2012.03.02 09:17:21.076,1.47748,1.47773,1.50,1.50
2012.03.02 09:17:21.207,1.47749,1.47776,2.25,1.50
2012.03.02 09:17:21.683,1.47751,1.47776,1.50,1.50
2012.03.02 09:17:22.753,1.47754,1.47782,3.75,1.50
2012.03.02 09:17:23.183,1.47754,1.47776,2.25,1.50
2012.03.02 09:17:23.697,1.47754,1.47771,1.50,1.50
2012.03.02 09:17:23.766,1.47755,1.47779,1.50,1.50
2012.03.02 09:17:24.597,1.47756,1.47779,1.50,1.50
2012.03.02 09:17:24.671,1.4776,1.47783,1.50,1.50
2012.03.02 09:17:25.003,1.47757,1.47783,1.50,1.50
2012.03.02 09:17:26.466,1.47757,1.47778,1.50,1.50
2012.03.02 09:17:26.663,1.47757,1.47782,1.50,1.50
2012.03.02 09:17:27.542,1.47757,1.47782,1.84,1.50
2012.03.02 09:17:29.223,1.47757,1.47777,1.84,1.50
2012.03.02 09:17:30.049,1.47754,1.47777,1.50,1.50
2012.03.02 09:17:30.121,1.47754,1.47774,1.50,1.50
2012.03.02 09:17:30.601,1.47756,1.4777,1.50,1.50
2012.03.02 09:17:30.675,1.47752,1.47779,1.50,1.50
2012.03.02 09:17:31.617,1.47752,1.47774,1.50,1.50
2012.03.02 09:17:33.505,1.47749,1.47774,2.25,1.50
2012.03.02 09:17:34.435,1.47754,1.47774,1.50,1.50
2012.03.02 09:17:34.624,1.47754,1.4778,1.50,1.50
2012.03.02 09:17:35.183,1.47755,1.47781,1.50,1.50
2012.03.02 09:17:35.376,1.47757,1.47784,1.50,3.00
2012.03.02 09:17:35.505,1.47755,1.47777,1.50,1.50
2012.03.02 09:17:36.026,1.47753,1.47777,2.25,1.50
2012.03.02 09:17:36.669,1.47751,1.47777,1.09,1.50
2012.03.02 09:17:37.896,1.47753,1.47779,2.25,2.25
2012.03.02 09:17:37.964,1.47751,1.47779,1.09,3.75
2012.03.02 09:17:38.556,1.47753,1.47781,1.50,1.50
2012.03.02 09:17:38.676,1.47753,1.47781,1.50,2.25
2012.03.02 09:17:41.442,1.47753,1.47781,1.50,1.50
2012.03.02 09:17:52.152,1.47749,1.47773,1.50,1.50
2012.03.02 09:17:52.232,1.47749,1.47775,3.00,1.50
2012.03.02 09:17:52.873,1.4775,1.47776,1.50,1.50
2012.03.02 09:17:53.004,1.4775,1.47776,1.50,2.25
2012.03.02 09:17:53.076,1.47747,1.47771,1.50,1.50
2012.03.02 09:17:53.206,1.47744,1.47771,1.88,1.50
2012.03.02 09:17:56.262,1.47746,1.47771,1.50,1.50
2012.03.02 09:17:56.791,1.47747,1.47771,1.50,1.50
2012.03.02 09:17:56.912,1.47745,1.47771,1.50,1.50
2012.03.02 09:17:57.980,1.4775,1.47771,1.50,1.50
2012.03.02 09:17:58.166,1.4775,1.47776,1.50,2.25
2012.03.02 09:17:58.705,1.4775,1.47771,1.50,1.50
2012.03.02 09:17:58.776,1.47746,1.47771,1.50,1.50
2012.03.02 09:18:00.202,1.4775,1.47771,1.50,1.50
2012.03.02 09:18:00.395,1.4775,1.47777,1.50,1.50
2012.03.02 09:18:00.936,1.47747,1.47774,3.00,1.50
2012.03.02 09:18:01.516,1.47747,1.47771,1.50,1.50
2012.03.02 09:18:01.586,1.47744,1.4777,1.13,1.50
2012.03.02 09:18:02.196,1.47748,1.47773,1.50,1.50
2012.03.02 09:18:02.512,1.47752,1.47775,1.50,1.50
2012.03.02 09:18:02.763,1.47752,1.47778,1.50,1.50
2012.03.02 09:18:03.884,1.47755,1.47779,1.50,1.50
2012.03.02 09:18:06.107,1.47755,1.4778,1.50,1.50
2012.03.02 09:18:06.184,1.47751,1.4778,1.50,3.00
2012.03.02 09:18:07.084,1.47754,1.4778,1.50,1.50
2012.03.02 09:18:07.335,1.47754,1.47783,3.00,1.50
2012.03.02 09:18:07.523,1.47754,1.47779,1.50,1.50
2012.03.02 09:18:07.712,1.47749,1.47777,3.00,1.50
2012.03.02 09:18:08.055,1.47749,1.47774,1.50,1.50
2012.03.02 09:18:08.183,1.47744,1.47772,3.38,1.50
2012.03.02 09:18:09.019,1.47745,1.47771,1.50,1.50
2012.03.02 09:18:09.089,1.47747,1.47771,1.50,1.50
2012.03.02 09:18:09.652,1.47747,1.4777,1.50,1.50
2012.03.02 09:18:09.783,1.47745,1.4777,1.50,1.50
2012.03.02 09:18:09.853,1.47745,1.47766,1.50,1.50
2012.03.02 09:18:10.105,1.4774,1.47766,1.88,1.50
2012.03.02 09:18:10.178,1.4774,1.47766,1.88,2.25
2012.03.02 09:18:10.303,1.4774,1.47766,1.50,2.25
2012.03.02 09:18:11.594,1.4774,1.47766,1.50,1.50
2012.03.02 09:18:12.567,1.47741,1.47767,1.50,1.50
2012.03.02 09:18:12.695,1.47744,1.4777,1.50,1.50
2012.03.02 09:18:14.645,1.47741,1.47767,1.50,1.50
2012.03.02 09:18:16.874,1.4774,1.47766,1.50,1.50
2012.03.02 09:18:23.218,1.47734,1.47762,4.09,1.50
2012.03.02 09:18:23.284,1.4774,1.47764,1.50,1.50
2012.03.02 09:18:24.004,1.4774,1.47767,1.50,3.00
2012.03.02 09:18:24.087,1.47729,1.47756,1.05,1.50
2012.03.02 09:18:24.156,1.47727,1.47756,2.59,1.50
2012.03.02 09:18:25.054,1.47725,1.47752,1.84,1.50
2012.03.02 09:18:25.528,1.47729,1.47752,1.50,1.50
2012.03.02 09:18:25.667,1.47731,1.47757,1.50,1.50
2012.03.02 09:18:27.563,1.47728,1.47755,1.50,1.50
2012.03.02 09:18:33.855,1.4773,1.47759,1.50,3.00
2012.03.02 09:18:33.986,1.4773,1.47757,1.50,1.50
2012.03.02 09:18:34.908,1.47729,1.47755,1.50,1.50
2012.03.02 09:18:35.216,1.47729,1.4775,1.50,1.50
2012.03.02 09:18:35.285,1.47725,1.47752,1.50,1.50
2012.03.02 09:18:35.416,1.47723,1.4775,1.50,1.50
2012.03.02 09:18:35.906,1.47728,1.47755,1.50,1.50
2012.03.02 09:18:38.044,1.47726,1.47752,1.84,1.50
2012.03.02 09:18:38.613,1.47728,1.47754,1.50,1.50
2012.03.02 09:18:39.335,1.47731,1.47755,1.50,1.50
2012.03.02 09:18:39.394,1.47728,1.47757,1.50,1.50
2012.03.02 09:18:41.812,1.47725,1.47754,2.59,2.25
2012.03.02 09:18:42.660,1.47728,1.47754,1.50,3.00
2012.03.02 09:18:43.398,1.47725,1.47752,1.84,1.50
2012.03.02 09:18:43.465,1.47724,1.47752,1.50,1.50
2012.03.02 09:18:43.536,1.47724,1.47746,1.50,1.50
2012.03.02 09:18:44.067,1.47723,1.47751,3.00,1.50
2012.03.02 09:18:44.135,1.47725,1.47754,1.50,3.00
2012.03.02 09:18:44.484,1.47725,1.47752,1.50,1.50
2012.03.02 09:18:44.552,1.47723,1.47751,1.50,1.50
2012.03.02 09:18:45.263,1.47725,1.47753,1.50,1.50
2012.03.02 09:18:45.659,1.47723,1.4775,3.00,1.50
2012.03.02 09:18:48.011,1.47723,1.4775,3.75,1.50
2012.03.02 09:18:48.086,1.47725,1.47754,2.25,3.00
2012.03.02 09:18:52.622,1.47725,1.47754,1.50,3.00
2012.03.02 09:18:57.616,1.4773,1.47754,1.50,1.50
2012.03.02 09:19:08.177,1.47727,1.47749,1.50,1.50
2012.03.02 09:19:08.749,1.47736,1.47759,1.50,1.50
2012.03.02 09:19:10.162,1.47736,1.47758,1.50,1.50
2012.03.02 09:19:11.566,1.47736,1.47762,1.50,1.50
2012.03.02 09:19:12.215,1.47736,1.47758,1.50,1.50
2012.03.02 09:19:12.991,1.47736,1.47752,1.50,1.50
2012.03.02 09:19:13.056,1.47733,1.47752,1.50,1.50
2012.03.02 09:19:14.582,1.47733,1.47756,1.50,1.50
2012.03.02 09:19:16.432,1.47733,1.47757,1.50,1.50
2012.03.02 09:19:17.305,1.47733,1.47759,1.50,2.25
2012.03.02 09:19:17.459,1.47732,1.47756,1.50,2.25
2012.03.02 09:19:17.762,1.4773,1.47745,1.50,1.50
2012.03.02 09:19:17.893,1.47726,1.47745,1.50,1.50
2012.03.02 09:19:18.086,1.47726,1.47752,1.50,1.50
2012.03.02 09:19:18.163,1.47728,1.47747,1.84,1.50
2012.03.02 09:19:18.241,1.47732,1.47755,1.09,3.75
2012.03.02 09:19:18.811,1.47738,1.47755,1.50,1.50
2012.03.02 09:19:18.899,1.47739,1.47766,1.50,3.00
2012.03.02 09:19:19.128,1.47741,1.47767,1.50,1.50
2012.03.02 09:19:19.504,1.47745,1.47767,1.50,1.50
2012.03.02 09:19:20.194,1.47742,1.47767,1.50,1.50
2012.03.02 09:19:21.697,1.47747,1.47772,1.50,1.50
2012.03.02 09:19:22.109,1.47749,1.47772,1.50,1.50
2012.03.02 09:19:22.181,1.47751,1.47775,1.50,1.50
2012.03.02 09:19:22.474,1.47749,1.47772,1.50,1.50
2012.03.02 09:19:22.549,1.47744,1.47772,1.50,1.50
2012.03.02 09:19:23.016,1.47748,1.47772,1.50,1.50
2012.03.02 09:19:23.517,1.47753,1.47772,1.50,1.50
2012.03.02 09:19:23.588,1.47757,1.47782,1.50,1.50
2012.03.02 09:19:23.838,1.47756,1.47779,1.50,1.50
2012.03.02 09:19:24.326,1.47753,1.47779,1.50,1.50
2012.03.02 09:19:24.399,1.47749,1.47777,2.25,1.50
2012.03.02 09:19:25.728,1.4775,1.47777,1.50,1.50
2012.03.02 09:19:25.797,1.47751,1.47779,1.50,3.00
2012.03.02 09:19:26.329,1.47751,1.47779,2.25,3.00
2012.03.02 09:19:26.986,1.47751,1.47779,1.50,3.00
2012.03.02 09:19:27.067,1.47748,1.47776,1.50,1.50
2012.03.02 09:19:27.396,1.47748,1.47774,1.50,1.50
2012.03.02 09:19:27.703,1.47744,1.4777,1.13,1.50
2012.03.02 09:19:28.323,1.47745,1.47773,1.88,1.50
2012.03.02 09:19:30.406,1.47745,1.47771,1.88,1.50
2012.03.02 09:19:30.737,1.4774,1.47767,1.50,1.50
2012.03.02 09:19:31.055,1.4774,1.47761,1.50,1.50
2012.03.02 09:19:32.399,1.47742,1.47759,1.50,1.50
2012.03.02 09:19:32.472,1.47739,1.47759,1.50,1.50
2012.03.02 09:19:32.605,1.47739,1.47765,1.50,1.50
2012.03.02 09:19:32.742,1.47741,1.47761,1.50,1.50
2012.03.02 09:19:32.823,1.47737,1.47761,1.50,1.50
2012.03.02 09:19:32.957,1.47739,1.47766,1.50,1.50
2012.03.02 09:19:33.029,1.47739,1.47766,2.25,1.50
2012.03.02 09:19:33.155,1.47739,1.47766,1.50,1.50
2012.03.02 09:19:33.226,1.47739,1.47761,1.50,1.50
2012.03.02 09:19:33.294,1.47735,1.47761,2.63,3.00
2012.03.02 09:19:33.487,1.47735,1.47758,1.13,1.50
2012.03.02 09:19:34.114,1.47732,1.47758,1.88,1.50
2012.03.02 09:19:34.179,1.47733,1.47761,1.88,1.50
2012.03.02 09:19:35.654,1.47733,1.47761,1.50,1.50
2012.03.02 09:19:37.733,1.47733,1.4776,1.50,1.50
2012.03.02 09:19:38.817,1.47733,1.47758,1.50,1.50
2012.03.02 09:19:39.957,1.47732,1.47758,2.56,1.50
2012.03.02 09:19:40.567,1.47731,1.47758,2.56,1.50
2012.03.02 09:19:42.852,1.47732,1.47758,1.06,1.50
2012.03.02 09:19:43.429,1.47731,1.47758,2.56,1.50
2012.03.02 09:19:43.943,1.47731,1.47757,1.06,1.50
2012.03.02 09:19:44.315,1.47731,1.47755,1.81,1.50
2012.03.02 09:19:45.524,1.4773,1.47757,4.13,1.50
2012.03.02 09:19:46.563,1.4773,1.47757,3.00,1.50
2012.03.02 09:19:48.958,1.47731,1.47758,1.50,1.50
2012.03.02 09:19:51.258,1.4773,1.47758,3.00,1.50
2012.03.02 09:19:51.971,1.4773,1.47754,1.50,1.50
2012.03.02 09:19:52.038,1.47728,1.47754,3.00,1.50
2012.03.02 09:19:52.815,1.47727,1.47753,1.06,3.00
2012.03.02 09:19:52.895,1.47727,1.47751,2.25,1.50
2012.03.02 09:19:52.968,1.47727,1.47755,2.25,1.50
2012.03.02 09:19:53.761,1.47727,1.47754,1.50,1.50
2012.03.02 09:19:53.840,1.47727,1.4775,1.50,1.50
2012.03.02 09:19:54.571,1.47726,1.4775,3.00,1.50
2012.03.02 09:19:56.663,1.47724,1.4775,2.25,1.50
2012.03.02 09:20:00.148,1.47722,1.47749,1.43,1.50
2012.03.02 09:20:00.397,1.47722,1.47743,1.06,1.50
2012.03.02 09:20:00.943,1.47721,1.47744,1.13,1.50
2012.03.02 09:20:01.565,1.47718,1.47744,3.00,1.50
2012.03.02 09:20:02.073,1.47718,1.47744,2.25,1.50
2012.03.02 09:20:02.323,1.47721,1.47744,1.50,1.50
2012.03.02 09:20:03.674,1.4772,1.47744,1.50,1.50
2012.03.02 09:20:03.982,1.47722,1.47744,1.50,1.50
2012.03.02 09:20:05.802,1.47718,1.47744,2.25,1.50
2012.03.02 09:20:06.287,1.47723,1.47744,1.50,1.50
2012.03.02 09:20:06.769,1.47725,1.47744,1.50,1.50
2012.03.02 09:20:06.834,1.47721,1.47744,1.50,1.50
2012.03.02 09:20:06.902,1.47725,1.47744,1.50,1.50
2012.03.02 09:20:09.171,1.47725,1.47742,1.50,1.50
2012.03.02 09:20:10.502,1.47725,1.47743,1.50,1.50
2012.03.02 09:20:11.985,1.47721,1.47743,1.50,1.50
2012.03.02 09:20:12.550,1.47717,1.47743,1.50,3.00
2012.03.02 09:20:12.616,1.47718,1.47747,1.50,1.50
2012.03.02 09:20:12.752,1.47724,1.47747,1.50,1.50
2012.03.02 09:20:12.826,1.47725,1.47751,1.50,3.00
2012.03.02 09:20:12.896,1.47722,1.47749,1.50,1.50
2012.03.02 09:20:13.441,1.47722,1.47748,1.50,1.50
2012.03.02 09:20:14.032,1.47722,1.47747,1.50,1.50
2012.03.02 09:20:15.975,1.47723,1.47747,1.50,1.50
2012.03.02 09:20:16.103,1.47725,1.47748,1.50,1.50
2012.03.02 09:20:16.413,1.47727,1.4775,1.50,1.50
2012.03.02 09:20:17.038,1.47726,1.4775,1.50,1.50
2012.03.02 09:20:17.119,1.47728,1.47755,1.50,1.50
2012.03.02 09:20:17.479,1.47728,1.47753,1.50,1.50
2012.03.02 09:20:17.664,1.47726,1.47754,1.50,1.50
2012.03.02 09:20:17.734,1.47726,1.4775,1.50,1.50
2012.03.02 09:20:18.214,1.47724,1.47749,1.50,1.50
2012.03.02 09:20:19.845,1.47726,1.47749,1.50,1.50
2012.03.02 09:20:20.446,1.47721,1.47749,1.84,1.50
2012.03.02 09:20:20.759,1.47727,1.47749,1.50,1.50
2012.03.02 09:20:20.828,1.47728,1.47756,1.50,1.95
2012.03.02 09:20:21.022,1.47728,1.47756,1.50,1.95
2012.03.02 09:20:21.535,1.47728,1.47756,1.50,1.95
2012.03.02 09:20:22.559,1.47727,1.47752,1.50,1.50
2012.03.02 09:20:22.755,1.4773,1.47756,1.50,1.50
2012.03.02 09:20:22.824,1.4773,1.47751,1.50,1.50
2012.03.02 09:20:23.017,1.47731,1.47757,1.50,1.50
2012.03.02 09:20:23.265,1.47733,1.47757,1.50,1.50
2012.03.02 09:20:23.396,1.47731,1.47757,1.50,1.50
2012.03.02 09:20:23.465,1.47729,1.47756,1.50,1.50
2012.03.02 09:20:24.109,1.47726,1.47752,2.25,1.50
2012.03.02 09:20:25.639,1.47731,1.47757,1.50,1.50
2012.03.02 09:20:29.045,1.47733,1.47757,1.50,1.50
2012.03.02 09:20:29.358,1.47741,1.47757,1.50,1.50
2012.03.02 09:20:29.435,1.47741,1.47762,1.50,1.50
2012.03.02 09:20:29.626,1.47741,1.47756,1.50,1.50
2012.03.02 09:20:30.091,1.47733,1.47756,1.50,1.50
2012.03.02 09:20:30.161,1.47733,1.47753,1.50,1.50
2012.03.02 09:20:31.190,1.47735,1.47753,1.50,1.50
2012.03.02 09:20:33.236,1.47733,1.47754,1.50,1.50
2012.03.02 09:20:33.658,1.47736,1.47754,1.50,1.50
2012.03.02 09:20:34.998,1.47733,1.47753,1.50,1.50
2012.03.02 09:20:35.418,1.47726,1.47753,1.50,1.50
2012.03.02 09:20:35.833,1.47731,1.47753,1.50,1.50
2012.03.02 09:20:35.964,1.47729,1.47753,3.00,1.50
2012.03.02 09:20:36.097,1.47725,1.47752,1.50,1.50
2012.03.02 09:20:36.722,1.47723,1.47747,1.50,1.50
2012.03.02 09:20:37.115,1.47727,1.47747,1.50,1.50
2012.03.02 09:20:38.148,1.47724,1.47747,1.50,3.00
2012.03.02 09:20:38.334,1.47725,1.4775,1.50,1.50
2012.03.02 09:20:39.193,1.47725,1.47747,1.50,1.50
2012.03.02 09:20:39.270,1.47723,1.47747,2.25,1.50
2012.03.02 09:20:39.896,1.47719,1.47747,2.25,1.50
2012.03.02 09:20:40.475,1.47726,1.47747,1.50,1.50
2012.03.02 09:20:40.603,1.47728,1.47754,1.50,1.50
2012.03.02 09:20:40.674,1.4773,1.47754,1.50,1.50
2012.03.02 09:20:40.926,1.47727,1.47754,1.50,1.50
2012.03.02 09:20:41.233,1.47724,1.47753,3.75,1.50
2012.03.02 09:20:42.077,1.47728,1.47754,1.50,3.00
2012.03.02 09:20:42.395,1.4773,1.47755,1.50,1.50
2012.03.02 09:20:43.792,1.47728,1.47755,1.84,3.00
2012.03.02 09:20:45.065,1.47728,1.47754,4.09,1.50
2012.03.02 09:20:45.643,1.47728,1.47754,2.59,3.00
2012.03.02 09:20:48.900,1.47731,1.47754,1.50,1.50
2012.03.02 09:20:48.967,1.47729,1.47754,2.25,1.50
2012.03.02 09:20:49.284,1.47727,1.47751,2.25,1.50
2012.03.02 09:20:49.604,1.47727,1.47753,2.25,1.50
2012.03.02 09:20:50.122,1.47732,1.47754,1.50,1.50
2012.03.02 09:20:50.684,1.47728,1.47754,2.25,1.50
2012.03.02 09:20:51.904,1.47728,1.47754,2.25,1.50
2012.03.02 09:20:52.576,1.47738,1.47762,1.50,1.50
2012.03.02 09:20:53.155,1.4774,1.47762,1.50,1.50
2012.03.02 09:20:53.764,1.4774,1.47761,1.50,1.50
2012.03.02 09:20:53.835,1.47736,1.47761,3.34,1.50
2012.03.02 09:20:54.153,1.47736,1.47761,3.34,1.50
2012.03.02 09:20:54.288,1.47749,1.47772,1.50,1.50
2012.03.02 09:20:54.596,1.47745,1.47768,2.25,1.50
2012.03.02 09:20:55.049,1.47751,1.47769,2.25,1.50
2012.03.02 09:20:55.121,1.47751,1.47771,2.25,1.50
2012.03.02 09:20:55.183,1.47751,1.47778,3.75,1.50
2012.03.02 09:20:55.253,1.47754,1.4778,2.25,1.88
2012.03.02 09:20:56.032,1.47756,1.47783,2.25,1.88
2012.03.02 09:20:58.935,1.47753,1.47781,3.00,1.88
2012.03.02 09:20:59.468,1.47752,1.47779,3.00,1.50
2012.03.02 09:20:59.762,1.4776,1.47783,2.25,1.50
2012.03.02 09:21:00.096,1.47764,1.4778,2.63,1.50
2012.03.02 09:21:00.313,1.47764,1.47788,2.63,1.50
2012.03.02 09:21:01.226,1.47767,1.47788,1.50,1.50
2012.03.02 09:21:01.526,1.47767,1.47796,2.25,1.50
2012.03.02 09:21:01.596,1.4777,1.47796,1.50,1.50
2012.03.02 09:21:02.107,1.47767,1.47796,1.50,1.50
2012.03.02 09:21:02.961,1.47767,1.47796,1.50,1.50
2012.03.02 09:21:03.194,1.47769,1.47796,1.50,1.50
2012.03.02 09:21:03.328,1.47768,1.47796,1.13,1.50
2012.03.02 09:21:03.400,1.47768,1.47798,1.13,1.50
2012.03.02 09:21:03.468,1.47768,1.47798,1.13,1.50
2012.03.02 09:21:03.777,1.47768,1.47798,1.13,1.50
2012.03.02 09:21:04.421,1.4777,1.47797,2.25,1.50
2012.03.02 09:21:04.509,1.4777,1.47795,2.25,1.50
2012.03.02 09:21:05.553,1.4777,1.47796,2.25,1.50
2012.03.02 09:21:06.080,1.4777,1.47793,2.25,1.50
2012.03.02 09:21:09.412,1.4777,1.47797,2.25,1.50
2012.03.02 09:21:09.673,1.47775,1.47798,1.50,1.50
2012.03.02 09:21:09.744,1.47775,1.47801,3.00,1.50
2012.03.02 09:21:09.817,1.47779,1.47803,1.50,1.50
2012.03.02 09:21:09.885,1.47779,1.47805,1.50,1.50
2012.03.02 09:21:10.012,1.47777,1.47804,3.75,1.50
2012.03.02 09:21:10.083,1.4778,1.47805,1.50,1.50
2012.03.02 09:21:10.213,1.47778,1.47805,1.50,3.00
2012.03.02 09:21:10.285,1.47775,1.47801,3.75,1.50
2012.03.02 09:21:10.819,1.47775,1.47801,2.25,1.50
2012.03.02 09:21:11.439,1.47775,1.47798,2.25,1.50
2012.03.02 09:21:11.910,1.47775,1.47801,2.25,1.50
2012.03.02 09:21:12.539,1.47775,1.47801,2.25,1.50
2012.03.02 09:21:13.008,1.47783,1.47804,1.50,1.50
2012.03.02 09:21:13.316,1.47787,1.47814,1.50,3.75
2012.03.02 09:21:13.507,1.47783,1.47806,1.09,1.50
2012.03.02 09:21:14.238,1.47782,1.47804,2.59,1.50
2012.03.02 09:21:14.774,1.47783,1.47804,1.09,1.50
2012.03.02 09:21:15.026,1.47788,1.47813,1.50,1.50
2012.03.02 09:21:15.586,1.47784,1.47812,2.25,1.50
2012.03.02 09:21:15.774,1.47786,1.47813,2.25,1.50
2012.03.02 09:21:16.383,1.47787,1.47813,2.25,1.50
2012.03.02 09:21:17.034,1.47787,1.47813,2.25,3.00
2012.03.02 09:21:17.549,1.47786,1.47811,1.13,1.50
2012.03.02 09:21:18.100,1.47786,1.47811,1.13,1.50
2012.03.02 09:21:18.777,1.47786,1.4781,1.13,1.50
2012.03.02 09:21:20.543,1.47789,1.47816,2.25,3.00
2012.03.02 09:21:21.153,1.47789,1.47816,2.25,3.00
2012.03.02 09:21:23.913,1.4779,1.47816,2.25,1.50
2012.03.02 09:21:24.804,1.4779,1.47816,2.25,1.50
2012.03.02 09:21:25.665,1.4779,1.47816,2.25,1.50
2012.03.02 09:21:25.734,1.4779,1.47813,2.25,1.50
2012.03.02 09:21:25.803,1.47787,1.47813,1.43,3.00
2012.03.02 09:21:26.373,1.47784,1.47813,2.40,3.00
2012.03.02 09:21:27.133,1.47784,1.47813,2.25,3.00
2012.03.02 09:21:28.025,1.47788,1.47813,1.50,1.50
2012.03.02 09:21:28.153,1.47788,1.47815,1.50,1.50
2012.03.02 09:21:28.406,1.47791,1.47816,1.50,1.50
2012.03.02 09:21:32.197,1.47793,1.47816,1.50,1.50
2012.03.02 09:21:32.933,1.47788,1.47815,1.50,1.50
2012.03.02 09:21:33.011,1.47785,1.47812,3.75,1.50
2012.03.02 09:21:34.055,1.47785,1.47812,2.25,1.50
2012.03.02 09:21:34.654,1.47788,1.47815,1.50,1.50
2012.03.02 09:21:37.243,1.47793,1.47815,1.50,1.50
2012.03.02 09:21:37.688,1.47793,1.4782,3.00,1.50
2012.03.02 09:21:37.754,1.47799,1.47822,1.50,1.50
2012.03.02 09:21:38.069,1.47796,1.47816,1.50,1.50
2012.03.02 09:21:38.688,1.47795,1.47818,1.50,1.50
2012.03.02 09:21:38.763,1.47795,1.47821,1.50,1.50
2012.03.02 09:21:39.294,1.47793,1.47822,1.50,1.50
2012.03.02 09:21:43.036,1.47792,1.47818,2.25,1.50
2012.03.02 09:21:43.614,1.47791,1.47818,1.50,1.50
2012.03.02 09:21:43.930,1.47791,1.47815,2.25,1.50
2012.03.02 09:21:44.119,1.47786,1.47815,2.56,1.50
2012.03.02 09:21:44.660,1.47786,1.47815,2.25,1.50
2012.03.02 09:21:45.231,1.47786,1.47815,2.56,1.50
2012.03.02 09:21:46.313,1.47786,1.47815,2.25,1.50
2012.03.02 09:21:46.908,1.47786,1.47815,3.00,3.00
2012.03.02 09:21:48.725,1.47786,1.47815,2.25,3.00
2012.03.02 09:21:50.074,1.47786,1.47813,2.25,1.50
2012.03.02 09:21:50.669,1.47783,1.47812,2.63,1.50
2012.03.02 09:21:51.305,1.47788,1.47815,1.50,1.50
2012.03.02 09:21:52.021,1.47788,1.47816,2.25,1.50
2012.03.02 09:21:53.306,1.47794,1.4782,1.50,1.50
2012.03.02 09:21:53.496,1.47796,1.47823,1.50,1.50
2012.03.02 09:21:53.686,1.47794,1.47819,1.50,1.50
2012.03.02 09:21:53.999,1.47788,1.47816,2.25,1.50
2012.03.02 09:21:54.066,1.47786,1.47814,2.78,1.50
2012.03.02 09:21:54.134,1.47786,1.47814,2.78,1.50
2012.03.02 09:21:54.525,1.47788,1.47816,2.25,1.50
2012.03.02 09:21:55.138,1.47788,1.47816,2.25,1.50
2012.03.02 09:21:55.643,1.47788,1.47816,2.25,1.50
2012.03.02 09:21:56.861,1.4779,1.47817,1.50,3.00
2012.03.02 09:21:57.174,1.47786,1.47811,1.13,1.50
2012.03.02 09:21:57.305,1.47786,1.47814,3.38,1.50
2012.03.02 09:21:57.496,1.47786,1.47812,2.93,1.50
2012.03.02 09:21:57.631,1.47787,1.47814,1.50,1.50
2012.03.02 09:21:58.235,1.47788,1.47817,1.50,1.50
2012.03.02 09:21:58.312,1.47788,1.47817,2.25,1.50
2012.03.02 09:21:58.627,1.47787,1.47814,1.13,1.50
2012.03.02 09:21:58.877,1.47791,1.47817,1.50,1.50
2012.03.02 09:21:59.456,1.47788,1.47815,4.09,1.50
2012.03.02 09:22:00.169,1.47791,1.47818,1.50,3.00
2012.03.02 09:22:00.995,1.47788,1.47815,2.25,1.50
2012.03.02 09:22:01.359,1.47787,1.47812,1.13,1.50
2012.03.02 09:22:01.426,1.47785,1.47812,2.25,1.50
2012.03.02 09:22:02.209,1.47785,1.47812,1.50,1.50
2012.03.02 09:22:02.284,1.47783,1.47803,1.13,1.50
2012.03.02 09:22:02.615,1.47787,1.47803,1.50,1.50
2012.03.02 09:22:03.280,1.47786,1.47803,1.50,1.50
2012.03.02 09:22:03.760,1.47788,1.47803,1.50,1.50
2012.03.02 09:22:03.891,1.47793,1.47817,1.50,2.85
2012.03.02 09:22:04.365,1.47795,1.47818,1.50,2.10
2012.03.02 09:22:04.514,1.47795,1.47818,1.50,1.50
2012.03.02 09:22:05.031,1.47792,1.47818,2.25,1.50
2012.03.02 09:22:05.944,1.47798,1.47818,1.50,1.50
2012.03.02 09:22:06.024,1.47795,1.47818,1.50,1.50
2012.03.02 09:22:06.414,1.47795,1.47813,1.50,1.50
2012.03.02 09:22:06.845,1.47795,1.47817,1.50,1.50
2012.03.02 09:22:10.416,1.47798,1.47817,1.50,1.50
2012.03.02 09:22:10.487,1.47795,1.47817,1.50,1.50
2012.03.02 09:22:11.227,1.47795,1.47819,1.50,1.50
2012.03.02 09:22:11.586,1.47795,1.47815,2.25,1.50
2012.03.02 09:22:11.658,1.47791,1.47815,2.25,1.50
2012.03.02 09:22:11.797,1.47791,1.47819,3.75,1.50
2012.03.02 09:22:12.330,1.47803,1.4782,1.50,3.00
2012.03.02 09:22:12.406,1.47803,1.47829,1.50,4.09
2012.03.02 09:22:12.908,1.47804,1.47824,1.50,1.50
2012.03.02 09:22:13.921,1.478,1.47824,2.25,1.50
2012.03.02 09:22:14.476,1.47797,1.47823,4.50,1.50
2012.03.02 09:22:14.610,1.47802,1.47823,1.50,1.50
2012.03.02 09:22:14.676,1.47802,1.4783,2.59,2.25
2012.03.02 09:22:14.760,1.47807,1.4783,1.50,2.25
2012.03.02 09:22:15.064,1.47809,1.47831,1.50,2.25
2012.03.02 09:22:15.345,1.47806,1.47831,1.50,2.25
2012.03.02 09:22:15.826,1.47804,1.47831,2.25,3.75
2012.03.02 09:22:16.065,1.47806,1.47831,1.50,3.75
2012.03.02 09:22:16.557,1.47804,1.47831,2.25,2.25
2012.03.02 09:22:18.198,1.47806,1.47832,2.25,2.25
2012.03.02 09:22:18.324,1.47811,1.47832,1.50,1.50
2012.03.02 09:22:18.397,1.47814,1.47839,1.50,1.95
2012.03.02 09:22:18.866,1.47806,1.47831,3.75,1.50
2012.03.02 09:22:19.176,1.47804,1.47825,1.13,1.50
2012.03.02 09:22:19.525,1.47805,1.47828,2.25,1.50
2012.03.02 09:22:19.765,1.47805,1.47833,3.75,1.50
2012.03.02 09:22:19.896,1.47809,1.47833,1.50,1.50
2012.03.02 09:22:20.484,1.47805,1.47833,1.50,3.00
2012.03.02 09:22:21.096,1.47804,1.4783,3.00,1.50
2012.03.02 09:22:21.672,1.47806,1.47829,1.50,1.50
2012.03.02 09:22:22.181,1.47806,1.47826,1.50,1.50
2012.03.02 09:22:22.427,1.47797,1.47825,2.56,1.50
2012.03.02 09:22:22.944,1.47797,1.47825,1.50,1.50
2012.03.02 09:22:23.804,1.47796,1.47825,1.50,3.00
2012.03.02 09:22:23.999,1.478,1.47825,1.50,1.50
2012.03.02 09:22:24.065,1.478,1.47829,1.50,1.95
2012.03.02 09:22:24.456,1.47799,1.47826,3.00,1.50
2012.03.02 09:22:26.442,1.47805,1.47828,1.50,1.50
2012.03.02 09:22:29.774,1.47805,1.47831,1.50,1.50
2012.03.02 09:22:30.026,1.47805,1.47829,1.50,1.50
2012.03.02 09:22:30.095,1.478,1.47827,1.50,1.50
2012.03.02 09:22:30.561,1.47796,1.47823,2.56,1.50
2012.03.02 09:22:30.624,1.47797,1.47825,2.25,1.50
2012.03.02 09:22:31.927,1.478,1.47827,1.50,3.00
2012.03.02 09:22:33.244,1.47805,1.47827,1.50,1.50
2012.03.02 09:22:33.315,1.47806,1.47832,1.50,1.50
2012.03.02 09:22:33.443,1.47806,1.4783,1.50,1.50
2012.03.02 09:22:33.756,1.47804,1.47827,1.50,1.50
2012.03.02 09:22:35.217,1.47807,1.47827,1.50,1.50
2012.03.02 09:22:35.290,1.47805,1.47831,3.00,1.50
2012.03.02 09:22:35.929,1.47807,1.47831,1.50,1.50
2012.03.02 09:22:36.080,1.47808,1.47833,3.00,1.50
2012.03.02 09:22:37.724,1.47808,1.47833,2.29,1.50
2012.03.02 09:22:38.032,1.4782,1.47841,1.50,1.50
2012.03.02 09:22:38.103,1.47813,1.4784,2.25,1.50
2012.03.02 09:22:38.293,1.47811,1.47839,1.84,1.50
2012.03.02 09:22:39.124,1.47811,1.47839,2.25,1.50
2012.03.02 09:22:41.031,1.47812,1.47837,3.34,1.50
2012.03.02 09:22:41.106,1.47822,1.47848,1.50,2.33
2012.03.02 09:22:41.435,1.47823,1.47845,1.50,1.50
2012.03.02 09:22:41.566,1.4782,1.47843,1.50,1.50
2012.03.02 09:22:41.755,1.47824,1.47843,1.50,1.50
2012.03.02 09:22:41.825,1.47824,1.47846,1.50,1.50
2012.03.02 09:22:42.075,1.4782,1.47846,3.00,1.50
2012.03.02 09:22:42.202,1.4782,1.47844,1.50,1.50
2012.03.02 09:22:44.167,1.4782,1.47844,2.25,1.50
2012.03.02 09:22:44.235,1.47821,1.47846,2.25,1.50
2012.03.02 09:22:44.303,1.47821,1.47848,2.25,1.50
2012.03.02 09:22:44.373,1.47828,1.47848,1.50,1.50
2012.03.02 09:22:44.508,1.4782,1.47845,2.25,1.50
2012.03.02 09:22:45.473,1.4782,1.47845,2.25,1.50
2012.03.02 09:22:45.668,1.47823,1.47849,1.50,1.50
2012.03.02 09:22:45.740,1.47826,1.47852,1.50,1.50
2012.03.02 09:22:46.055,1.47823,1.4785,1.50,1.50
2012.03.02 09:22:46.594,1.47825,1.47851,1.50,1.50
2012.03.02 09:22:47.291,1.4782,1.47838,1.50,1.50
2012.03.02 09:22:47.361,1.47811,1.47838,3.00,1.50
2012.03.02 09:22:47.986,1.47814,1.4784,1.50,3.00
2012.03.02 09:22:53.516,1.47814,1.47842,1.50,1.50
2012.03.02 09:22:54.754,1.47817,1.47844,1.50,1.50
2012.03.02 09:22:55.507,1.47818,1.47844,1.50,1.50
2012.03.02 09:22:55.871,1.4782,1.47846,1.50,1.50
2012.03.02 09:22:55.939,1.47822,1.47849,1.50,3.00
2012.03.02 09:22:56.214,1.47819,1.47847,3.00,1.50
2012.03.02 09:22:58.264,1.47816,1.47845,1.50,1.50
2012.03.02 09:23:00.854,1.47814,1.47842,3.75,1.50
2012.03.02 09:23:01.616,1.47814,1.47838,2.25,1.50
2012.03.02 09:23:01.695,1.47817,1.47844,1.50,1.50
2012.03.02 09:23:02.130,1.47823,1.47844,1.50,1.50
2012.03.02 09:23:02.441,1.4783,1.47845,1.50,1.50
2012.03.02 09:23:02.507,1.4783,1.47853,1.50,1.50
2012.03.02 09:23:02.578,1.4783,1.47856,1.50,1.50
2012.03.02 09:23:02.647,1.47827,1.47853,1.50,1.50
2012.03.02 09:23:02.775,1.47828,1.47857,1.50,1.50
2012.03.02 09:23:03.026,1.47828,1.47855,1.50,1.50
2012.03.02 09:23:03.695,1.47825,1.47852,2.25,1.50
2012.03.02 09:23:04.086,1.47827,1.47853,1.50,3.00
2012.03.02 09:23:05.003,1.47824,1.47852,2.25,1.50
2012.03.02 09:23:05.134,1.47823,1.47852,3.00,1.50
2012.03.02 09:23:06.816,1.47823,1.47848,1.50,1.50
2012.03.02 09:23:07.124,1.47817,1.47842,1.06,1.50
2012.03.02 09:23:07.195,1.47818,1.47844,2.25,1.50
2012.03.02 09:23:07.744,1.47819,1.47844,1.50,1.50
2012.03.02 09:23:08.274,1.47819,1.47843,1.50,1.50
2012.03.02 09:23:08.344,1.47814,1.4784,1.50,1.50
2012.03.02 09:23:08.864,1.47814,1.47837,1.50,1.50
2012.03.02 09:23:09.368,1.47814,1.47839,1.50,1.50
2012.03.02 09:23:09.555,1.47818,1.47843,1.50,1.50
2012.03.02 09:23:11.317,1.47816,1.47842,1.50,1.50
2012.03.02 09:23:14.038,1.4782,1.47843,1.50,1.50
2012.03.02 09:23:14.212,1.47814,1.47841,1.50,1.50
2012.03.02 09:23:14.285,1.47812,1.47839,2.25,1.50
2012.03.02 09:23:15.023,1.47814,1.47841,1.50,3.00
2012.03.02 09:23:15.353,1.47812,1.47837,2.25,1.50
2012.03.02 09:23:16.246,1.47813,1.47837,1.50,1.50
2012.03.02 09:23:16.379,1.47815,1.47841,1.50,3.00
2012.03.02 09:23:17.921,1.47815,1.47837,1.50,1.50
2012.03.02 09:23:17.989,1.47815,1.47841,1.50,3.00
2012.03.02 09:23:18.362,1.47811,1.47839,2.25,1.50
2012.03.02 09:23:18.880,1.47811,1.47839,3.00,1.50
2012.03.02 09:23:19.745,1.47815,1.47841,1.50,1.50
2012.03.02 09:23:19.944,1.47818,1.47845,1.50,1.50
2012.03.02 09:23:20.275,1.47815,1.47843,1.50,1.50
2012.03.02 09:23:20.976,1.47817,1.47846,1.50,3.00
2012.03.02 09:23:21.045,1.47814,1.47839,1.50,1.50
2012.03.02 09:23:21.559,1.47814,1.4784,1.50,1.50
2012.03.02 09:23:21.891,1.47814,1.47833,1.50,1.50
2012.03.02 09:23:21.959,1.47811,1.47833,1.50,1.50
2012.03.02 09:23:22.164,1.47809,1.4783,1.88,1.50
2012.03.02 09:23:22.239,1.47809,1.47832,1.88,1.50
2012.03.02 09:23:23.214,1.47803,1.4783,1.09,1.50
2012.03.02 09:23:23.954,1.47804,1.47826,1.09,1.50
2012.03.02 09:23:24.331,1.47804,1.47825,1.84,1.50
2012.03.02 09:23:24.398,1.47804,1.47827,1.84,3.00
2012.03.02 09:23:24.536,1.47806,1.47831,1.50,1.50
2012.03.02 09:23:24.607,1.47811,1.47831,1.50,1.50
2012.03.02 09:23:25.162,1.47811,1.47829,1.50,1.50
2012.03.02 09:23:25.232,1.47801,1.47828,2.40,1.50
2012.03.02 09:23:25.314,1.47803,1.4783,1.50,1.50
2012.03.02 09:23:25.384,1.47801,1.47825,2.25,1.50
2012.03.02 09:23:25.695,1.47798,1.47825,2.59,1.50
2012.03.02 09:23:25.839,1.47802,1.47828,1.50,1.50
2012.03.02 09:23:26.477,1.47802,1.47828,1.50,2.25
2012.03.02 09:23:26.958,1.47796,1.47824,2.25,3.75
2012.03.02 09:23:27.161,1.47796,1.47819,1.50,1.50
2012.03.02 09:23:27.625,1.47792,1.47817,1.50,1.50
2012.03.02 09:23:28.046,1.47795,1.47817,1.50,1.50
2012.03.02 09:23:29.979,1.47796,1.47822,1.50,1.50
2012.03.02 09:23:30.251,1.47793,1.47817,2.25,1.50
2012.03.02 09:23:32.510,1.47796,1.47822,1.50,1.50
2012.03.02 09:23:33.035,1.47796,1.47819,1.50,1.50
2012.03.02 09:23:33.356,1.47793,1.47814,1.13,1.50
2012.03.02 09:23:33.752,1.47793,1.47817,1.13,3.00
2012.03.02 09:23:34.814,1.47791,1.47817,2.25,3.00
2012.03.02 09:23:35.884,1.47791,1.47817,2.25,3.00
2012.03.02 09:23:36.453,1.47801,1.47817,1.50,3.00
2012.03.02 09:23:36.766,1.47815,1.47821,1.50,1.50
2012.03.02 09:23:36.836,1.47803,1.47823,1.06,1.50
2012.03.02 09:23:37.212,1.47797,1.47823,3.75,1.50
2012.03.02 09:23:38.382,1.47797,1.47823,3.75,1.50
2012.03.02 09:23:38.464,1.47801,1.47825,2.25,1.50
2012.03.02 09:23:38.653,1.47801,1.47828,3.00,1.50
2012.03.02 09:23:41.694,1.47801,1.47825,2.25,1.50
2012.03.02 09:23:41.763,1.47801,1.47828,2.25,1.50
2012.03.02 09:23:41.832,1.47801,1.47828,2.25,1.50
2012.03.02 09:23:42.246,1.47801,1.47825,2.25,1.50
2012.03.02 09:23:42.514,1.47801,1.47828,2.25,1.50
2012.03.02 09:23:43.236,1.47801,1.47828,2.25,1.50
2012.03.02 09:23:44.539,1.47801,1.47828,2.25,1.50
2012.03.02 09:23:44.737,1.47802,1.47831,2.25,1.50
2012.03.02 09:23:46.506,1.47801,1.47827,2.25,1.50
2012.03.02 09:23:47.071,1.47801,1.47828,2.25,1.50
2012.03.02 09:23:47.342,1.47803,1.4783,2.25,1.50
2012.03.02 09:23:47.473,1.47803,1.47828,2.25,1.50
2012.03.02 09:23:48.060,1.47801,1.47829,3.75,1.50
2012.03.02 09:23:48.385,1.4781,1.47834,1.50,1.50
2012.03.02 09:23:48.517,1.47807,1.47834,1.50,1.50
2012.03.02 09:23:48.647,1.47809,1.47836,1.50,1.50
2012.03.02 09:23:48.955,1.47807,1.47832,1.50,1.50
2012.03.02 09:23:49.262,1.47803,1.47828,1.50,1.50
2012.03.02 09:23:49.631,1.47805,1.47828,1.50,1.50
2012.03.02 09:23:50.156,1.47809,1.47828,1.50,1.50
2012.03.02 09:23:51.027,1.47811,1.47836,1.50,2.25
2012.03.02 09:23:51.236,1.47813,1.47839,1.50,3.00
2012.03.02 09:23:51.546,1.47811,1.47835,1.50,1.50
2012.03.02 09:23:54.464,1.47809,1.47835,3.00,1.50
2012.03.02 09:23:55.094,1.47809,1.47833,1.50,1.50
2012.03.02 09:23:55.888,1.47809,1.47834,1.50,1.50
2012.03.02 09:23:55.953,1.47809,1.47836,1.50,1.50
2012.03.02 09:23:56.088,1.47811,1.47837,1.50,1.50
2012.03.02 09:23:56.594,1.47811,1.47831,1.50,2.33
2012.03.02 09:23:56.672,1.47805,1.47827,1.50,1.50
2012.03.02 09:23:56.989,1.47805,1.47825,1.50,1.50
2012.03.02 09:23:57.116,1.47803,1.47825,1.50,1.50
2012.03.02 09:23:57.246,1.47801,1.47825,1.50,1.50
2012.03.02 09:23:58.493,1.47803,1.47828,1.50,1.50
2012.03.02 09:23:58.867,1.47805,1.47828,1.50,1.50
2012.03.02 09:23:59.181,1.47811,1.47836,1.50,1.50
2012.03.02 09:23:59.306,1.47814,1.47839,1.50,1.50
2012.03.02 09:23:59.378,1.4781,1.47839,1.50,3.00
2012.03.02 09:24:00.396,1.47813,1.47839,1.50,1.50
2012.03.02 09:24:00.538,1.47813,1.47842,3.00,1.50
2012.03.02 09:24:00.609,1.47822,1.47845,1.50,1.50
2012.03.02 09:24:01.047,1.47822,1.47838,1.50,1.50
2012.03.02 09:24:01.117,1.4782,1.47838,1.50,1.50
2012.03.02 09:24:01.252,1.4782,1.47827,1.50,1.50
2012.03.02 09:24:01.317,1.47807,1.47827,1.06,1.50
2012.03.02 09:24:01.391,1.47801,1.47827,3.00,1.50
2012.03.02 09:24:01.536,1.47801,1.47827,1.50,1.50
2012.03.02 09:24:01.606,1.47802,1.4783,1.50,1.50
2012.03.02 09:24:02.735,1.47802,1.47831,1.50,1.50
2012.03.02 09:24:02.817,1.47809,1.47837,1.50,1.95
2012.03.02 09:24:02.889,1.47809,1.47837,1.50,1.50
2012.03.02 09:24:03.286,1.47809,1.47835,1.50,1.50
2012.03.02 09:24:03.565,1.47805,1.47834,2.25,1.50
2012.03.02 09:24:03.818,1.47808,1.47834,1.50,1.50
2012.03.02 09:24:04.192,1.4781,1.47836,1.50,1.50
2012.03.02 09:24:06.850,1.47815,1.47836,1.50,1.50
2012.03.02 09:24:06.915,1.47816,1.47844,1.50,2.25
2012.03.02 09:24:07.246,1.47813,1.47842,1.50,1.50
2012.03.02 09:24:07.317,1.47818,1.47844,1.50,1.50
2012.03.02 09:24:07.628,1.47821,1.4785,1.50,2.25
2012.03.02 09:24:07.767,1.47821,1.4785,3.00,1.50
2012.03.02 09:24:08.290,1.47823,1.4785,1.50,1.50
2012.03.02 09:24:09.385,1.47824,1.4785,1.50,1.50
2012.03.02 09:24:09.986,1.47823,1.4785,1.50,1.50
2012.03.02 09:24:10.945,1.47825,1.4785,1.50,1.50
2012.03.02 09:24:11.585,1.47821,1.4785,1.50,1.50
2012.03.02 09:24:11.716,1.47819,1.47847,3.00,1.50
2012.03.02 09:24:13.347,1.47821,1.47849,1.50,1.50
2012.03.02 09:24:13.943,1.47819,1.47846,3.00,1.50
2012.03.02 09:24:15.506,1.47819,1.47843,1.50,1.50
2012.03.02 09:24:16.054,1.4782,1.47848,1.50,1.50
2012.03.02 09:24:19.702,1.4782,1.47845,1.50,1.50
2012.03.02 09:24:21.326,1.4782,1.47848,1.50,1.50
2012.03.02 09:24:26.493,1.47819,1.47844,1.50,1.50
2012.03.02 09:24:26.563,1.47816,1.47844,1.50,1.50
2012.03.02 09:24:26.994,1.47819,1.47845,1.50,1.50
2012.03.02 09:24:27.242,1.47817,1.47844,3.00,1.50
2012.03.02 09:24:28.625,1.47817,1.47843,1.50,1.50
2012.03.02 09:24:29.957,1.47817,1.47844,1.50,1.50
2012.03.02 09:24:32.039,1.47816,1.47842,1.50,1.50
2012.03.02 09:24:32.387,1.47812,1.47838,1.50,1.50
2012.03.02 09:24:32.954,1.47813,1.47839,1.50,3.00
2012.03.02 09:24:33.327,1.4781,1.47838,3.00,2.25
2012.03.02 09:24:33.799,1.47812,1.47838,1.50,3.00
2012.03.02 09:24:35.545,1.47814,1.47838,1.50,1.50
2012.03.02 09:24:36.164,1.47814,1.47838,1.88,1.50
2012.03.02 09:24:36.478,1.47825,1.47851,3.00,1.88
2012.03.02 09:24:37.002,1.47822,1.47846,1.50,1.50
2012.03.02 09:24:38.994,1.47826,1.47846,1.50,1.50
2012.03.02 09:24:42.166,1.47824,1.4785,3.00,2.33
2012.03.02 09:24:42.750,1.47825,1.47847,1.50,1.88
2012.03.02 09:24:44.280,1.47825,1.47847,1.50,1.88
2012.03.02 09:24:45.127,1.47825,1.47847,1.50,1.88
2012.03.02 09:24:45.981,1.47825,1.47847,1.50,1.88
2012.03.02 09:24:55.976,1.47827,1.47848,1.50,1.13
2012.03.02 09:24:56.106,1.47825,1.47847,3.00,1.88
2012.03.02 09:24:56.596,1.47823,1.47847,1.50,1.88
2012.03.02 09:24:58.031,1.47823,1.47847,1.50,1.88
2012.03.02 09:24:58.587,1.47823,1.47847,1.50,1.88
2012.03.02 09:24:58.954,1.47825,1.47847,1.50,1.88
2012.03.02 09:24:59.587,1.47824,1.47847,1.50,1.88
2012.03.02 09:24:59.717,1.4782,1.47847,1.50,1.88
2012.03.02 09:25:00.200,1.47817,1.47845,1.50,1.50
2012.03.02 09:25:00.281,1.47819,1.47838,1.50,1.50
2012.03.02 09:25:01.721,1.47818,1.47838,1.50,1.50
2012.03.02 09:25:01.790,1.47814,1.47839,1.50,1.50
2012.03.02 09:25:01.857,1.47812,1.47838,1.50,1.50
2012.03.02 09:25:02.441,1.47808,1.47835,1.50,3.00
2012.03.02 09:25:02.519,1.4781,1.47835,1.50,1.50
2012.03.02 09:25:02.825,1.47828,1.47847,1.50,1.58
2012.03.02 09:25:03.022,1.47821,1.47838,1.50,1.50
2012.03.02 09:25:03.100,1.47823,1.47842,1.50,1.95
2012.03.02 09:25:03.435,1.47825,1.47845,1.50,1.50
2012.03.02 09:25:03.568,1.47821,1.47845,1.50,1.50
2012.03.02 09:25:04.195,1.47821,1.47843,1.50,1.50
2012.03.02 09:25:07.194,1.47821,1.47845,1.50,1.50
2012.03.02 09:25:07.735,1.47821,1.47846,1.50,1.88
2012.03.02 09:25:08.074,1.47824,1.47848,1.50,1.88
2012.03.02 09:25:08.143,1.47822,1.47848,1.50,1.88
2012.03.02 09:25:08.477,1.47822,1.47851,2.59,1.50
2012.03.02 09:25:08.607,1.47829,1.47855,3.00,1.95
2012.03.02 09:25:08.913,1.47822,1.47843,1.50,1.50
2012.03.02 09:25:09.045,1.47822,1.47847,1.50,1.50
2012.03.02 09:25:09.116,1.47822,1.47845,1.50,1.50
2012.03.02 09:25:09.245,1.47822,1.47849,1.50,1.84
2012.03.02 09:25:09.435,1.47822,1.47846,1.50,1.50
2012.03.02 09:25:10.546,1.47828,1.47853,1.50,1.50
2012.03.02 09:25:10.674,1.47828,1.47856,1.50,3.45
2012.03.02 09:25:10.807,1.47833,1.47856,1.50,1.50
2012.03.02 09:25:11.114,1.47827,1.47856,1.50,3.00
2012.03.02 09:25:11.415,1.47826,1.47852,1.50,1.50
2012.03.02 09:25:11.757,1.47826,1.4785,1.50,1.50
2012.03.02 09:25:12.064,1.47824,1.47846,1.50,1.50
2012.03.02 09:25:12.134,1.47821,1.47846,3.00,1.50
2012.03.02 09:25:12.571,1.47823,1.47846,1.50,1.50
2012.03.02 09:25:12.935,1.47834,1.47851,1.50,1.50
2012.03.02 09:25:13.068,1.47834,1.47857,1.50,1.50
2012.03.02 09:25:13.265,1.47834,1.47854,1.50,2.25
2012.03.02 09:25:13.337,1.47825,1.47847,1.50,1.50
2012.03.02 09:25:13.527,1.47823,1.47847,2.25,1.50
2012.03.02 09:25:13.655,1.47826,1.4785,1.50,1.50
2012.03.02 09:25:14.489,1.47826,1.47852,3.00,1.50
2012.03.02 09:25:14.797,1.47828,1.47856,1.50,2.70
2012.03.02 09:25:14.866,1.47835,1.47856,1.50,1.20
2012.03.02 09:25:15.515,1.47831,1.47857,1.50,1.50
2012.03.02 09:25:15.777,1.47825,1.4785,1.50,1.50
2012.03.02 09:25:16.087,1.47825,1.47848,1.50,1.50
2012.03.02 09:25:16.275,1.47825,1.47851,1.50,3.00
2012.03.02 09:25:17.487,1.47828,1.47853,1.50,1.50
2012.03.02 09:25:18.196,1.47834,1.47858,1.50,1.50
2012.03.02 09:25:18.527,1.47836,1.4786,1.50,1.50
2012.03.02 09:25:18.946,1.47833,1.47859,1.50,1.50
2012.03.02 09:25:19.206,1.47839,1.4786,1.50,1.50
2012.03.02 09:25:19.398,1.47846,1.47869,1.50,1.88
2012.03.02 09:25:19.465,1.47842,1.47869,1.50,3.38
2012.03.02 09:25:19.656,1.4784,1.47865,1.50,1.50
2012.03.02 09:25:20.313,1.4784,1.47858,1.50,1.50
2012.03.02 09:25:20.973,1.4784,1.47859,1.50,1.50
2012.03.02 09:25:22.790,1.4784,1.47864,1.50,1.50
2012.03.02 09:25:22.856,1.47845,1.47864,1.50,1.50
2012.03.02 09:25:24.876,1.47838,1.47864,1.50,1.50
2012.03.02 09:25:24.945,1.47845,1.47864,1.50,1.50
2012.03.02 09:25:25.808,1.47837,1.47864,1.50,1.50
2012.03.02 09:25:26.427,1.47837,1.4786,1.50,1.50
2012.03.02 09:25:26.557,1.47834,1.4786,1.50,1.50
2012.03.02 09:25:26.699,1.47834,1.47856,1.50,1.50
2012.03.02 09:25:27.129,1.47831,1.47856,2.25,1.50
2012.03.02 09:25:27.197,1.47833,1.47859,1.50,1.50
2012.03.02 09:25:27.338,1.47836,1.47862,1.50,1.50
2012.03.02 09:25:28.296,1.47834,1.47859,1.50,1.50
2012.03.02 09:25:28.859,1.47833,1.47859,1.50,1.50
2012.03.02 09:25:30.042,1.47831,1.47853,2.25,1.50
2012.03.02 09:25:30.163,1.47831,1.47855,2.25,1.50
2012.03.02 09:25:30.436,1.47831,1.47857,2.25,1.50
2012.03.02 09:25:30.505,1.47831,1.47859,2.25,1.50
2012.03.02 09:25:32.107,1.47831,1.47855,2.25,1.50
2012.03.02 09:25:32.415,1.47826,1.47854,1.88,1.50
2012.03.02 09:25:32.628,1.47829,1.47857,1.50,1.50
2012.03.02 09:25:32.754,1.47826,1.47855,3.38,1.50
2012.03.02 09:25:33.487,1.47826,1.47855,3.00,1.50
2012.03.02 09:25:34.039,1.47825,1.47852,2.25,1.50
2012.03.02 09:25:34.353,1.47827,1.47854,1.50,1.50
2012.03.02 09:25:34.424,1.4783,1.47856,1.50,1.50
2012.03.02 09:25:34.948,1.47827,1.47854,1.50,1.50
2012.03.02 09:25:35.393,1.47829,1.47858,1.50,1.50
2012.03.02 09:25:35.895,1.47829,1.47858,2.25,1.50
2012.03.02 09:25:36.206,1.47842,1.47859,1.50,1.50
2012.03.02 09:25:36.277,1.4784,1.47868,3.00,1.50
2012.03.02 09:25:36.769,1.47832,1.4786,3.00,1.50
2012.03.02 09:25:37.995,1.47832,1.47857,1.50,1.50
2012.03.02 09:25:38.403,1.4783,1.47857,1.50,1.50
2012.03.02 09:25:38.473,1.47832,1.4786,1.50,3.00
2012.03.02 09:25:38.544,1.47831,1.47856,1.50,1.50
2012.03.02 09:25:38.614,1.47828,1.47856,1.50,1.50
2012.03.02 09:25:39.000,1.47831,1.47857,1.50,1.50
2012.03.02 09:25:39.305,1.47825,1.47854,3.75,1.50
2012.03.02 09:25:40.122,1.47825,1.47854,1.50,3.00
2012.03.02 09:25:40.433,1.47828,1.47857,1.50,1.50
2012.03.02 09:25:40.743,1.47832,1.47857,1.50,1.50
2012.03.02 09:25:40.817,1.47832,1.4786,1.50,1.50
2012.03.02 09:25:41.741,1.47832,1.47857,1.50,1.50
2012.03.02 09:25:42.266,1.47832,1.47854,1.50,1.50
2012.03.02 09:25:42.844,1.47839,1.47854,1.50,1.50
2012.03.02 09:25:42.925,1.47837,1.47866,1.50,1.95
2012.03.02 09:25:42.999,1.47836,1.47861,1.50,1.50
2012.03.02 09:25:43.067,1.47834,1.47861,1.50,1.50
2012.03.02 09:25:43.490,1.47832,1.47859,1.50,1.50
2012.03.02 09:25:44.075,1.47833,1.4786,1.50,1.50
2012.03.02 09:25:44.684,1.47833,1.47861,1.50,1.50
2012.03.02 09:25:45.198,1.47833,1.47862,1.50,1.50
2012.03.02 09:25:46.497,1.47833,1.47855,1.50,1.50
2012.03.02 09:25:46.701,1.47833,1.47861,1.50,1.50
2012.03.02 09:25:46.957,1.47835,1.47861,1.50,3.00
2012.03.02 09:25:47.302,1.47835,1.47855,1.50,1.50
2012.03.02 09:25:47.440,1.47832,1.47855,1.50,1.50
2012.03.02 09:25:48.010,1.47832,1.47859,1.50,1.50
2012.03.02 09:25:48.073,1.47832,1.47855,1.50,1.50
2012.03.02 09:25:48.595,1.47832,1.47858,1.50,1.50
2012.03.02 09:25:49.752,1.47835,1.47858,1.50,1.50
2012.03.02 09:25:49.829,1.47833,1.47858,1.50,1.50
2012.03.02 09:25:52.376,1.47834,1.47859,1.50,1.50
2012.03.02 09:25:52.899,1.47834,1.47857,1.50,1.50
2012.03.02 09:25:53.204,1.47834,1.47853,1.50,1.50
2012.03.02 09:25:53.698,1.47825,1.47853,3.00,1.50
2012.03.02 09:25:54.067,1.47825,1.4785,1.50,1.50
2012.03.02 09:25:54.134,1.47822,1.4785,1.50,1.50
2012.03.02 09:25:54.328,1.47826,1.47851,1.50,1.50
2012.03.02 09:25:54.633,1.47829,1.47852,1.50,1.50
2012.03.02 09:25:54.885,1.47829,1.47857,1.50,3.34
2012.03.02 09:25:55.013,1.47828,1.47852,1.50,1.50
2012.03.02 09:25:56.169,1.47828,1.47843,1.50,1.50
2012.03.02 09:25:56.311,1.47819,1.47843,1.50,1.50
2012.03.02 09:25:56.381,1.4782,1.47846,1.50,3.00
2012.03.02 09:25:56.567,1.47819,1.47844,1.50,1.50
2012.03.02 09:25:56.757,1.47815,1.47844,1.50,3.00
2012.03.02 09:25:57.064,1.4782,1.47844,1.50,1.50
2012.03.02 09:26:00.355,1.4782,1.47837,1.50,1.50
2012.03.02 09:26:00.429,1.47814,1.47837,1.50,1.50
2012.03.02 09:26:00.498,1.47815,1.47841,1.50,1.50
2012.03.02 09:26:00.564,1.47819,1.47841,1.50,1.50
2012.03.02 09:26:00.897,1.47821,1.47842,1.50,1.50
2012.03.02 09:26:02.502,1.4782,1.47842,1.50,1.50
2012.03.02 09:26:03.453,1.47821,1.47842,1.50,1.50
2012.03.02 09:26:03.763,1.47823,1.47842,1.50,1.50
2012.03.02 09:26:04.095,1.47827,1.47843,3.00,1.50
2012.03.02 09:26:04.168,1.47829,1.47852,1.50,3.08
2012.03.02 09:26:04.315,1.47827,1.47852,2.25,3.08
2012.03.02 09:26:05.202,1.47828,1.47852,1.50,1.20
2012.03.02 09:26:05.283,1.47834,1.47856,1.50,1.50
2012.03.02 09:26:05.357,1.47836,1.47865,1.50,3.45
2012.03.02 09:26:05.796,1.47835,1.47862,1.50,1.50
2012.03.02 09:26:07.251,1.47835,1.47861,1.50,1.50
2012.03.02 09:26:07.751,1.47835,1.47858,1.50,1.50
2012.03.02 09:26:08.166,1.47829,1.47855,2.25,1.50
2012.03.02 09:26:08.353,1.47831,1.47855,1.50,1.50
2012.03.02 09:26:10.075,1.47834,1.4786,1.50,1.50
2012.03.02 09:26:13.704,1.47832,1.4786,1.50,1.50
2012.03.02 09:26:13.838,1.4783,1.47856,3.00,1.50
2012.03.02 09:26:14.100,1.47833,1.4786,3.00,1.50
2012.03.02 09:26:14.806,1.47833,1.4786,3.75,1.50
2012.03.02 09:26:15.371,1.47833,1.47861,2.25,1.50
2012.03.02 09:26:16.443,1.47833,1.47861,1.50,1.50
2012.03.02 09:26:16.575,1.47832,1.47858,1.50,1.50
2012.03.02 09:26:16.914,1.47843,1.47861,1.50,1.50
2012.03.02 09:26:17.047,1.47843,1.47863,1.50,1.50
2012.03.02 09:26:17.802,1.47843,1.47861,1.50,1.50
2012.03.02 09:26:17.924,1.47839,1.47859,1.50,1.50
2012.03.02 09:26:18.387,1.47833,1.47859,2.25,1.50
2012.03.02 09:26:18.696,1.47839,1.47859,1.50,1.50
2012.03.02 09:26:18.765,1.47839,1.47862,1.50,1.50
2012.03.02 09:26:19.114,1.47833,1.4786,1.50,3.00
2012.03.02 09:26:19.742,1.47831,1.4786,4.88,3.00
2012.03.02 09:26:19.819,1.47835,1.4786,1.50,1.50
2012.03.02 09:26:20.175,1.47837,1.4786,1.50,1.50
2012.03.02 09:26:20.702,1.47836,1.4786,1.50,1.50
2012.03.02 09:26:22.450,1.47834,1.4786,1.50,1.50
2012.03.02 09:26:22.515,1.47832,1.4786,2.25,1.50
2012.03.02 09:26:23.076,1.47847,1.47864,1.50,1.50
2012.03.02 09:26:23.217,1.47847,1.47873,1.50,3.38
2012.03.02 09:26:23.524,1.47847,1.47868,1.50,1.50
2012.03.02 09:26:23.660,1.47843,1.47868,1.50,1.50
2012.03.02 09:26:23.784,1.47843,1.4787,1.50,1.88
2012.03.02 09:26:24.194,1.47845,1.47872,1.50,1.88
2012.03.02 09:26:24.980,1.47842,1.47866,1.50,1.50
2012.03.02 09:26:25.306,1.47842,1.47863,1.50,1.50
2012.03.02 09:26:26.157,1.47842,1.47865,1.50,1.50
2012.03.02 09:26:26.345,1.47847,1.47865,1.50,1.50
2012.03.02 09:26:26.754,1.47844,1.47865,1.50,1.50
2012.03.02 09:26:26.831,1.47844,1.47865,1.50,2.25
2012.03.02 09:26:26.901,1.47841,1.47865,1.50,2.25
2012.03.02 09:26:27.419,1.47842,1.47864,1.50,1.50
2012.03.02 09:26:27.607,1.47839,1.4786,1.50,1.50
2012.03.02 09:26:27.735,1.47839,1.47866,1.50,1.50
2012.03.02 09:26:28.140,1.47843,1.47866,1.50,2.25
2012.03.02 09:26:28.456,1.47843,1.47866,1.50,1.50
2012.03.02 09:26:29.990,1.4785,1.47866,1.50,1.50
2012.03.02 09:26:30.058,1.4785,1.47871,1.50,1.88
2012.03.02 09:26:30.304,1.47849,1.47872,1.50,1.50
2012.03.02 09:26:30.377,1.47849,1.47874,1.50,1.50
2012.03.02 09:26:30.453,1.4785,1.47877,1.50,2.25
2012.03.02 09:26:30.653,1.47849,1.47873,1.50,1.50
2012.03.02 09:26:30.728,1.47846,1.47873,1.50,3.00
2012.03.02 09:26:31.496,1.47851,1.47873,1.50,2.25
2012.03.02 09:26:31.780,1.47848,1.47872,1.50,1.50
2012.03.02 09:26:31.855,1.47847,1.47874,2.25,1.50
2012.03.02 09:26:32.110,1.47847,1.47872,1.50,1.50
2012.03.02 09:26:33.334,1.47847,1.47866,1.50,1.50
2012.03.02 09:26:33.517,1.47847,1.47873,1.50,3.00
2012.03.02 09:26:33.589,1.47848,1.47877,3.00,3.00
2012.03.02 09:26:33.662,1.47847,1.47873,1.65,1.50
2012.03.02 09:26:33.976,1.47846,1.47867,1.50,1.50
2012.03.02 09:26:34.307,1.47842,1.4786,1.50,1.50
2012.03.02 09:26:34.883,1.47847,1.47863,1.50,1.50
2012.03.02 09:26:35.326,1.47847,1.4787,1.50,1.50
2012.03.02 09:26:35.556,1.47851,1.47871,1.50,1.50
2012.03.02 09:26:36.117,1.47851,1.4787,1.50,1.50
2012.03.02 09:26:36.907,1.47854,1.47879,1.50,1.50
2012.03.02 09:26:37.299,1.47854,1.47871,1.50,1.50
2012.03.02 09:26:37.488,1.47854,1.47878,1.50,1.50
2012.03.02 09:26:37.615,1.47851,1.47878,1.50,3.00
2012.03.02 09:26:38.243,1.47854,1.47878,1.50,1.50
2012.03.02 09:26:38.995,1.47858,1.47884,1.50,1.50
2012.03.02 09:26:39.305,1.47858,1.47877,1.50,1.50
2012.03.02 09:26:39.586,1.47853,1.47877,2.25,1.50
2012.03.02 09:26:39.836,1.47856,1.47882,2.25,1.50
2012.03.02 09:26:40.044,1.47857,1.47885,1.50,3.00
2012.03.02 09:26:40.326,1.47857,1.47882,1.50,1.50
2012.03.02 09:26:40.586,1.47857,1.47885,1.50,1.50
2012.03.02 09:26:41.127,1.47857,1.47885,3.75,1.50
2012.03.02 09:26:41.202,1.47859,1.47887,2.25,1.50
2012.03.02 09:26:41.859,1.47857,1.47884,3.75,1.50
2012.03.02 09:26:41.997,1.47857,1.47884,1.50,1.50
2012.03.02 09:26:42.059,1.47854,1.47878,1.50,1.50
2012.03.02 09:26:42.126,1.47852,1.47878,3.75,1.50
2012.03.02 09:26:42.909,1.47848,1.47872,1.50,1.50
2012.03.02 09:26:43.428,1.47848,1.47872,2.25,1.50
2012.03.02 09:26:43.500,1.47854,1.47878,1.50,3.00
2012.03.02 09:26:43.946,1.47857,1.47879,1.50,1.50
2012.03.02 09:26:44.014,1.47852,1.47879,2.25,1.50
2012.03.02 09:26:46.286,1.47852,1.47874,1.50,1.50
2012.03.02 09:26:47.103,1.47849,1.47874,1.50,1.50
2012.03.02 09:26:47.173,1.47849,1.4787,1.50,1.50
2012.03.02 09:26:47.494,1.47849,1.47878,1.50,1.50
2012.03.02 09:26:47.567,1.47852,1.47879,1.50,1.50
2012.03.02 09:26:48.214,1.47854,1.47879,1.50,1.50
2012.03.02 09:26:48.543,1.47852,1.4788,1.50,3.00
2012.03.02 09:26:48.776,1.47854,1.4788,1.50,1.50
2012.03.02 09:26:48.846,1.47854,1.47883,3.00,3.00
2012.03.02 09:26:49.835,1.47854,1.4788,1.50,1.50
2012.03.02 09:26:50.669,1.47854,1.47879,1.50,1.50
2012.03.02 09:26:53.096,1.47853,1.47876,1.50,1.50
2012.03.02 09:26:53.463,1.47853,1.47878,1.50,1.50
2012.03.02 09:26:54.260,1.47854,1.47878,1.50,1.50
2012.03.02 09:26:54.907,1.47853,1.47878,1.50,1.50
2012.03.02 09:26:55.034,1.4785,1.47878,1.50,1.50
2012.03.02 09:26:55.345,1.4785,1.47875,1.50,1.50
2012.03.02 09:26:55.534,1.4785,1.47878,1.50,1.50
2012.03.02 09:26:58.543,1.47852,1.47878,1.50,1.50
2012.03.02 09:26:58.615,1.47853,1.4788,1.50,1.95
2012.03.02 09:26:59.157,1.47851,1.47871,1.50,1.50
2012.03.02 09:26:59.477,1.4784,1.47858,1.50,1.50
2012.03.02 09:26:59.608,1.4784,1.47866,1.50,1.50
2012.03.02 09:26:59.859,1.4784,1.47861,3.00,1.50
2012.03.02 09:27:00.167,1.4784,1.47853,1.50,1.50
2012.03.02 09:27:00.297,1.4784,1.4786,3.00,1.50
2012.03.02 09:27:01.004,1.47841,1.4786,1.50,1.50
2012.03.02 09:27:01.497,1.47842,1.4786,1.50,1.50
2012.03.02 09:27:01.569,1.47845,1.47871,1.50,2.07
2012.03.02 09:27:01.641,1.47848,1.47871,1.50,1.92
2012.03.02 09:27:02.221,1.47848,1.47871,1.50,1.17
2012.03.02 09:27:02.291,1.47844,1.47871,1.50,2.67
2012.03.02 09:27:02.537,1.47844,1.47871,1.50,1.50
2012.03.02 09:27:04.046,1.47841,1.47868,1.50,1.50
2012.03.02 09:27:04.525,1.4784,1.47865,1.50,1.50
2012.03.02 09:27:04.594,1.47838,1.47865,1.50,3.00
2012.03.02 09:27:05.902,1.47842,1.47865,1.50,1.50
2012.03.02 09:27:06.622,1.47839,1.47865,3.00,1.50
2012.03.02 09:27:07.357,1.47839,1.47866,1.50,1.50
2012.03.02 09:27:07.487,1.47844,1.47868,1.50,1.50
2012.03.02 09:27:07.556,1.47844,1.47871,1.50,1.50
2012.03.02 09:27:08.154,1.47847,1.47874,1.50,1.95
2012.03.02 09:27:08.283,1.47845,1.47872,1.50,1.50
2012.03.02 09:27:08.775,1.47847,1.47874,1.50,1.50
2012.03.02 09:27:08.845,1.47847,1.47876,1.50,2.33
2012.03.02 09:27:09.610,1.47847,1.47876,1.50,3.08
2012.03.02 09:27:09.736,1.47851,1.47877,1.50,1.58
2012.03.02 09:27:10.653,1.47851,1.47878,1.50,1.50
2012.03.02 09:27:13.105,1.47853,1.4788,1.50,1.50
2012.03.02 09:27:13.620,1.47853,1.47881,1.50,1.95
2012.03.02 09:27:13.954,1.47856,1.47882,1.50,1.50
2012.03.02 09:27:14.568,1.47854,1.47881,3.00,1.50
2012.03.02 09:27:15.665,1.47857,1.47882,1.50,1.50
2012.03.02 09:27:16.159,1.47854,1.47882,1.50,3.00
2012.03.02 09:27:22.826,1.47853,1.4788,1.50,1.50
2012.03.02 09:27:22.899,1.47851,1.4788,1.50,1.50
2012.03.02 09:27:23.984,1.47851,1.47879,1.50,1.50
2012.03.02 09:27:24.058,1.47849,1.47876,1.50,1.50
2012.03.02 09:27:24.595,1.47851,1.4788,1.50,1.50
2012.03.02 09:27:25.320,1.47851,1.47876,1.50,1.50
2012.03.02 09:27:25.922,1.47848,1.47876,1.50,1.50
2012.03.02 09:27:26.714,1.47852,1.47876,1.50,1.50
2012.03.02 09:27:27.544,1.47852,1.47878,1.50,1.95
2012.03.02 09:27:28.045,1.47853,1.47882,1.50,3.08
2012.03.02 09:27:28.648,1.4785,1.47879,1.50,1.95
2012.03.02 09:27:29.156,1.47853,1.4788,1.50,1.95
2012.03.02 09:27:30.862,1.4785,1.47877,1.50,1.50
2012.03.02 09:27:31.122,1.47848,1.47874,1.50,1.50
2012.03.02 09:27:31.342,1.4785,1.47877,1.50,1.50
2012.03.02 09:27:32.482,1.47848,1.47874,1.50,1.50
2012.03.02 09:27:33.300,1.47845,1.47872,1.50,1.50
2012.03.02 09:27:33.556,1.47845,1.47871,1.50,1.95
2012.03.02 09:27:33.863,1.47841,1.4787,1.50,1.95
2012.03.02 09:27:34.236,1.47845,1.47874,1.50,3.45
2012.03.02 09:27:34.685,1.47849,1.47872,1.50,1.13
2012.03.02 09:27:35.299,1.4785,1.47872,1.50,1.58
2012.03.02 09:27:35.775,1.47854,1.47872,1.50,1.58
2012.03.02 09:27:35.986,1.47854,1.4788,1.50,1.50
2012.03.02 09:27:36.358,1.47857,1.47882,1.50,1.50
2012.03.02 09:27:36.545,1.47862,1.47889,1.50,1.95
2012.03.02 09:27:37.325,1.47862,1.47889,1.50,2.25
2012.03.02 09:27:37.400,1.47858,1.47887,1.50,1.50
2012.03.02 09:27:37.515,1.47862,1.47888,1.50,3.00
2012.03.02 09:27:37.839,1.47859,1.47881,1.50,1.50
2012.03.02 09:27:38.263,1.47862,1.47881,1.50,1.50
2012.03.02 09:27:38.464,1.47859,1.47886,1.50,2.25
2012.03.02 09:27:39.139,1.47857,1.47883,1.50,2.25
2012.03.02 09:27:40.076,1.47858,1.47887,1.50,3.08
2012.03.02 09:27:40.153,1.47862,1.47888,1.50,1.50
2012.03.02 09:27:40.285,1.47857,1.47884,1.50,1.50
2012.03.02 09:27:40.357,1.4786,1.47887,1.50,1.50
2012.03.02 09:27:41.133,1.4786,1.47887,1.50,2.25
2012.03.02 09:27:41.328,1.47856,1.47885,1.50,2.25
2012.03.02 09:27:41.608,1.47858,1.47885,1.50,2.25
2012.03.02 09:27:41.944,1.4786,1.47889,1.50,2.25
2012.03.02 09:27:42.888,1.4786,1.47889,1.50,2.25
2012.03.02 09:27:43.065,1.47857,1.47886,1.50,1.50
2012.03.02 09:27:44.034,1.47858,1.47886,1.50,1.50
2012.03.02 09:27:44.103,1.4786,1.47888,1.50,2.25
2012.03.02 09:27:44.495,1.4786,1.47888,1.50,2.25
2012.03.02 09:27:44.866,1.4786,1.47888,1.50,2.25
2012.03.02 09:27:46.220,1.47861,1.47888,1.50,1.50
2012.03.02 09:27:46.677,1.47863,1.4789,1.50,1.20
2012.03.02 09:27:46.746,1.47863,1.47892,1.50,1.95
2012.03.02 09:27:46.896,1.47863,1.47891,1.50,1.20
2012.03.02 09:27:47.405,1.47862,1.47888,1.50,1.50
2012.03.02 09:27:48.586,1.47864,1.47888,1.50,1.50
2012.03.02 09:27:48.654,1.47866,1.47894,1.50,1.54
2012.03.02 09:27:48.893,1.47862,1.47891,1.50,1.50
2012.03.02 09:27:49.494,1.47867,1.47895,1.50,3.08
2012.03.02 09:27:50.241,1.47867,1.47895,1.50,2.33
2012.03.02 09:27:51.116,1.4787,1.47896,1.50,1.95
2012.03.02 09:27:51.247,1.4787,1.47898,1.50,2.70
2012.03.02 09:27:51.754,1.47867,1.47895,1.50,1.50
2012.03.02 09:27:52.704,1.4787,1.47898,1.50,1.20
2012.03.02 09:27:52.864,1.47867,1.47896,1.50,1.95
2012.03.02 09:27:53.303,1.47865,1.47893,1.50,1.50
2012.03.02 09:27:53.523,1.47867,1.47896,1.50,1.50
2012.03.02 09:27:53.716,1.47867,1.47896,1.50,2.25
2012.03.02 09:27:53.997,1.47867,1.47896,1.50,1.50
2012.03.02 09:27:54.144,1.47869,1.47896,1.50,1.50
2012.03.02 09:27:54.332,1.47867,1.47896,1.50,1.50
2012.03.02 09:27:54.829,1.47867,1.47896,1.50,2.25
2012.03.02 09:27:54.898,1.47867,1.47896,1.50,1.50
2012.03.02 09:27:55.038,1.47871,1.47896,1.50,1.50
2012.03.02 09:27:55.643,1.47879,1.47906,1.50,1.50
2012.03.02 09:27:56.285,1.47877,1.47902,1.50,1.50
2012.03.02 09:27:56.353,1.47875,1.47902,1.50,1.50
2012.03.02 09:27:56.950,1.47875,1.47899,1.50,1.13
2012.03.02 09:27:57.076,1.47863,1.4789,1.88,1.50
2012.03.02 09:27:57.208,1.4787,1.47892,1.50,1.50
2012.03.02 09:27:57.703,1.47879,1.47906,1.50,2.25
2012.03.02 09:27:57.781,1.47876,1.47903,3.00,2.25
2012.03.02 09:27:58.024,1.47874,1.47899,1.50,2.25
2012.03.02 09:27:58.096,1.47872,1.47899,1.50,2.25
2012.03.02 09:27:58.165,1.4787,1.47897,1.50,1.50
2012.03.02 09:27:58.297,1.47868,1.47897,1.50,1.50
2012.03.02 09:27:58.545,1.47866,1.47892,3.00,1.50
2012.03.02 09:27:58.795,1.47868,1.47897,1.50,1.50
2012.03.02 09:27:59.027,1.4787,1.47897,1.50,1.50
2012.03.02 09:27:59.683,1.47869,1.47898,1.50,1.50
2012.03.02 09:28:00.377,1.47866,1.47895,1.50,1.50
2012.03.02 09:28:00.688,1.47871,1.47898,1.50,1.50
2012.03.02 09:28:01.038,1.47868,1.47896,3.00,1.50
2012.03.02 09:28:01.104,1.4787,1.47899,1.50,1.50
2012.03.02 09:28:01.174,1.4787,1.47897,1.50,1.50
2012.03.02 09:28:01.683,1.47871,1.47897,1.50,1.50
2012.03.02 09:28:02.535,1.47871,1.47897,2.25,1.50
2012.03.02 09:28:02.883,1.47869,1.47895,2.25,1.50
2012.03.02 09:28:03.015,1.47871,1.47898,2.25,1.50
2012.03.02 09:28:03.087,1.47871,1.479,2.25,1.50
2012.03.02 09:28:03.251,1.47869,1.47896,3.75,1.50
2012.03.02 09:28:03.700,1.47871,1.47898,1.50,3.00
2012.03.02 09:28:03.768,1.47868,1.47893,1.50,1.50
2012.03.02 09:28:04.075,1.47868,1.4789,1.50,1.50
2012.03.02 09:28:04.626,1.47862,1.47886,1.13,1.50
2012.03.02 09:28:07.663,1.47862,1.47886,1.13,1.50
2012.03.02 09:28:08.837,1.47864,1.47887,1.50,1.50
2012.03.02 09:28:08.904,1.47864,1.47893,1.50,1.95
2012.03.02 09:28:08.973,1.47868,1.47894,1.50,1.95
2012.03.02 09:28:09.043,1.47868,1.47895,1.50,1.95
2012.03.02 09:28:09.397,1.47866,1.4789,1.50,1.50
2012.03.02 09:28:09.464,1.47862,1.4789,1.13,1.50
2012.03.02 09:28:10.236,1.47862,1.47887,1.13,1.50
2012.03.02 09:28:10.315,1.47864,1.47892,1.50,1.50
2012.03.02 09:28:11.255,1.47866,1.47895,1.50,1.95
2012.03.02 09:28:11.468,1.47869,1.47895,1.50,1.50
2012.03.02 09:28:11.783,1.47871,1.47897,1.50,1.50
2012.03.02 09:28:12.398,1.47871,1.47896,1.50,1.50
2012.03.02 09:28:12.473,1.47867,1.47894,3.00,1.50
2012.03.02 09:28:12.606,1.47869,1.47896,1.50,1.50
2012.03.02 09:28:13.042,1.47865,1.47889,1.50,1.50
2012.03.02 09:28:13.358,1.47861,1.47886,1.88,1.50
2012.03.02 09:28:13.915,1.4786,1.47886,1.88,3.00
2012.03.02 09:28:17.234,1.47862,1.47889,2.63,1.50
2012.03.02 09:28:17.305,1.47864,1.47892,1.50,1.50
2012.03.02 09:28:17.815,1.47864,1.47893,1.50,1.50
2012.03.02 09:28:18.224,1.47868,1.47894,1.50,1.50
2012.03.02 09:28:19.113,1.47871,1.47897,1.50,1.50
2012.03.02 09:28:20.006,1.47874,1.479,1.50,1.50
2012.03.02 09:28:20.076,1.47871,1.47899,1.50,1.50
2012.03.02 09:28:20.564,1.47869,1.47894,1.50,1.50
2012.03.02 09:28:20.637,1.47867,1.47894,1.50,1.50
2012.03.02 09:28:21.183,1.47869,1.47897,1.50,3.00
2012.03.02 09:28:21.971,1.47867,1.47893,1.50,1.50
2012.03.02 09:28:22.751,1.47866,1.47893,1.50,1.50
2012.03.02 09:28:23.445,1.47864,1.4789,1.50,1.50
2012.03.02 09:28:23.756,1.47861,1.47888,3.75,1.50
2012.03.02 09:28:24.279,1.47861,1.47888,1.88,1.50
2012.03.02 09:28:24.724,1.47858,1.47885,2.25,1.50
2012.03.02 09:28:24.800,1.47857,1.47883,1.50,1.50
2012.03.02 09:28:27.566,1.47853,1.47879,1.65,1.50
2012.03.02 09:28:27.638,1.47852,1.47879,1.65,1.50
2012.03.02 09:28:27.705,1.47852,1.47879,2.40,1.50
2012.03.02 09:28:27.954,1.47855,1.47882,2.25,1.50
2012.03.02 09:28:28.720,1.47855,1.47882,1.50,1.50
2012.03.02 09:28:30.160,1.47857,1.47885,1.50,3.00
2012.03.02 09:28:30.228,1.47859,1.47885,1.50,1.50
2012.03.02 09:28:30.295,1.4786,1.47889,1.50,2.29
2012.03.02 09:28:30.607,1.47859,1.47885,1.50,1.50
2012.03.02 09:28:30.675,1.47854,1.47883,1.50,1.50
2012.03.02 09:28:32.126,1.47856,1.47883,1.50,1.50
2012.03.02 09:28:32.203,1.47857,1.47885,1.50,1.50
2012.03.02 09:28:32.525,1.47857,1.47879,1.50,1.50
2012.03.02 09:28:32.595,1.47851,1.47876,1.62,1.50
2012.03.02 09:28:33.095,1.47852,1.47879,2.25,3.00
2012.03.02 09:28:33.644,1.47852,1.47879,2.25,1.50
2012.03.02 09:28:34.333,1.47854,1.47883,1.50,1.50
2012.03.02 09:28:35.078,1.4785,1.47879,1.50,1.50
2012.03.02 09:28:36.536,1.47848,1.47875,1.50,1.50
2012.03.02 09:28:37.431,1.4785,1.47878,1.50,1.50
2012.03.02 09:28:38.063,1.4785,1.47879,1.50,1.50
2012.03.02 09:28:39.875,1.47847,1.47873,1.50,1.50
2012.03.02 09:28:39.945,1.47842,1.47869,3.00,1.50
2012.03.02 09:28:40.534,1.47844,1.47872,1.50,1.50
2012.03.02 09:28:40.624,1.4785,1.47872,1.50,1.50
2012.03.02 09:28:40.701,1.47851,1.47878,1.50,1.50
2012.03.02 09:28:40.770,1.47847,1.47876,1.50,1.50
2012.03.02 09:28:40.894,1.4785,1.47879,1.50,1.50
2012.03.02 09:28:41.204,1.47853,1.47881,1.50,1.50
2012.03.02 09:28:42.683,1.47853,1.47879,1.50,1.50
2012.03.02 09:28:42.753,1.47849,1.47878,1.50,1.50
2012.03.02 09:28:45.652,1.47849,1.47878,1.84,1.50
2012.03.02 09:28:47.513,1.47852,1.4788,1.50,1.50
2012.03.02 09:28:51.363,1.4785,1.47877,1.50,1.50
2012.03.02 09:28:52.264,1.47849,1.47878,1.50,1.50
2012.03.02 09:28:52.606,1.47842,1.47866,1.43,1.50
2012.03.02 09:28:53.065,1.47843,1.47868,1.50,1.50
2012.03.02 09:28:53.137,1.47845,1.47871,1.50,1.50
2012.03.02 09:28:53.720,1.47848,1.47875,1.50,3.00
2012.03.02 09:28:53.904,1.47845,1.47872,1.50,1.50
2012.03.02 09:28:55.637,1.47845,1.47869,1.50,1.50
2012.03.02 09:28:55.707,1.47839,1.47868,2.63,1.50
2012.03.02 09:28:55.943,1.47843,1.47869,1.50,1.50
2012.03.02 09:28:56.510,1.47843,1.4787,1.50,1.50
2012.03.02 09:28:57.215,1.47841,1.47867,1.88,1.50
2012.03.02 09:28:57.827,1.4784,1.47867,1.50,1.50
2012.03.02 09:28:58.290,1.47841,1.47867,1.13,1.50
2012.03.02 09:28:58.476,1.47846,1.47875,1.50,1.95
2012.03.02 09:28:58.978,1.47846,1.47875,2.25,1.50
2012.03.02 09:28:59.519,1.4785,1.47877,1.50,1.50
2012.03.02 09:29:00.135,1.47847,1.47875,1.50,1.50
2012.03.02 09:29:01.893,1.47849,1.47878,1.50,1.50
2012.03.02 09:29:03.568,1.47853,1.47879,1.50,1.50
2012.03.02 09:29:04.221,1.47851,1.47877,1.50,1.50
2012.03.02 09:29:04.359,1.47847,1.47874,2.25,1.50
2012.03.02 09:29:04.486,1.47848,1.47876,1.50,3.00
2012.03.02 09:29:05.126,1.47846,1.47872,1.50,1.50
2012.03.02 09:29:06.626,1.47846,1.47872,2.25,1.50
2012.03.02 09:29:07.212,1.47846,1.47872,1.50,1.50
2012.03.02 09:29:08.100,1.47843,1.47867,1.50,1.50
2012.03.02 09:29:08.179,1.47839,1.47867,2.25,1.50
2012.03.02 09:29:08.388,1.47841,1.4787,1.50,1.50
2012.03.02 09:29:09.221,1.47839,1.47866,3.00,1.50
2012.03.02 09:29:09.779,1.47838,1.47867,1.50,1.50
2012.03.02 09:29:10.568,1.4784,1.47869,1.50,1.50
2012.03.02 09:29:11.365,1.47843,1.47872,1.50,1.50
2012.03.02 09:29:13.146,1.4784,1.47869,3.00,1.50
2012.03.02 09:29:15.102,1.47843,1.47872,1.50,1.50
2012.03.02 09:29:15.409,1.47845,1.47874,1.50,1.20
2012.03.02 09:29:15.725,1.47848,1.47877,1.50,1.50
2012.03.02 09:29:18.320,1.47851,1.47881,1.50,2.33
2012.03.02 09:29:18.626,1.47854,1.47884,1.50,2.33
2012.03.02 09:29:19.088,1.47852,1.47882,1.50,1.88
2012.03.02 09:29:19.637,1.47851,1.47882,1.50,2.33
2012.03.02 09:29:20.497,1.47854,1.47884,1.50,2.33
2012.03.02 09:29:22.330,1.47851,1.4788,1.50,2.33
2012.03.02 09:29:23.046,1.47854,1.47881,1.50,2.33
2012.03.02 09:29:28.298,1.47855,1.47879,1.50,1.50
2012.03.02 09:29:28.992,1.47859,1.47879,1.50,1.50
2012.03.02 09:29:29.093,1.47859,1.47883,1.50,1.50
2012.03.02 09:29:29.173,1.47859,1.47879,1.50,1.50
2012.03.02 09:29:29.365,1.47855,1.47879,1.50,1.50
2012.03.02 09:29:29.556,1.47857,1.47879,1.50,1.50
2012.03.02 09:29:29.631,1.47857,1.47885,1.50,1.95
2012.03.02 09:29:29.962,1.47853,1.47883,1.50,1.50
2012.03.02 09:29:30.228,1.47857,1.47886,1.50,3.00
2012.03.02 09:29:30.948,1.4786,1.47888,1.50,1.95
2012.03.02 09:29:31.502,1.4786,1.47888,1.50,1.95
2012.03.02 09:29:32.336,1.4786,1.47888,1.50,1.95
2012.03.02 09:29:32.884,1.4786,1.47888,1.50,1.95
2012.03.02 09:29:34.414,1.47857,1.47886,1.50,1.50
2012.03.02 09:29:34.967,1.47857,1.47885,1.50,1.50
2012.03.02 09:29:35.035,1.47854,1.47884,1.50,1.95
2012.03.02 09:29:35.235,1.47854,1.47882,1.50,1.50
2012.03.02 09:29:35.306,1.47851,1.47881,1.50,1.50
2012.03.02 09:29:41.004,1.47855,1.47882,1.50,1.50
2012.03.02 09:29:41.074,1.47855,1.47884,1.50,1.95
2012.03.02 09:29:42.293,1.47855,1.47884,1.50,1.95
2012.03.02 09:29:43.836,1.47855,1.47884,1.50,1.95
2012.03.02 09:29:44.675,1.4786,1.47883,1.50,1.50
2012.03.02 09:29:44.927,1.47866,1.47891,1.50,1.95
2012.03.02 09:29:45.093,1.47868,1.47891,1.50,1.95
2012.03.02 09:29:45.367,1.47864,1.47891,1.50,1.95
2012.03.02 09:29:45.646,1.47864,1.47893,1.50,1.95
2012.03.02 09:29:45.870,1.47867,1.47893,1.50,1.95
2012.03.02 09:29:46.186,1.47868,1.47897,1.50,1.95
2012.03.02 09:29:47.059,1.47866,1.47894,1.50,1.50
2012.03.02 09:29:48.085,1.47866,1.47893,1.50,1.50
2012.03.02 09:29:48.448,1.47864,1.47891,1.50,1.50
2012.03.02 09:29:48.775,1.47866,1.47893,1.50,1.95
2012.03.02 09:29:49.077,1.47869,1.47895,1.50,1.95
2012.03.02 09:29:49.524,1.47865,1.47894,1.50,1.95
2012.03.02 09:29:50.748,1.47869,1.47895,1.50,1.95
2012.03.02 09:29:51.055,1.47872,1.47899,1.50,1.50
2012.03.02 09:29:51.318,1.47867,1.47895,1.50,1.50
2012.03.02 09:29:53.697,1.47871,1.47896,1.50,1.50
2012.03.02 09:29:53.763,1.47871,1.479,1.50,1.50
2012.03.02 09:29:54.154,1.47871,1.47897,1.50,1.50
2012.03.02 09:29:54.285,1.47864,1.47891,1.50,1.50
2012.03.02 09:29:54.726,1.47867,1.47893,1.50,3.00
2012.03.02 09:29:55.215,1.47869,1.47897,1.50,1.50
2012.03.02 09:29:55.284,1.47852,1.47909,1.50,2.25
2012.03.02 09:29:56.114,1.47853,1.4791,1.50,2.25
2012.03.02 09:29:57.274,1.47856,1.47911,1.50,1.50
2012.03.02 09:29:58.048,1.47855,1.47911,1.50,1.50
2012.03.02 09:29:58.733,1.47851,1.47911,1.50,1.50
2012.03.02 09:29:59.106,1.47848,1.47909,2.25,2.25
2012.03.02 09:29:59.794,1.4785,1.47911,1.50,1.50
2012.03.02 09:30:00.328,1.47852,1.47911,1.50,1.50
2012.03.02 09:30:00.640,1.47873,1.47911,1.50,1.50
2012.03.02 09:30:00.949,1.47876,1.47927,1.50,1.50
2012.03.02 09:30:01.091,1.47873,1.47927,1.50,1.50
2012.03.02 09:30:01.278,1.47876,1.47927,1.50,1.50
2012.03.02 09:30:01.407,1.47871,1.47927,1.50,1.50
2012.03.02 09:30:01.947,1.47846,1.47922,1.50,1.50
2012.03.02 09:30:02.257,1.47854,1.47921,1.13,1.50
2012.03.02 09:30:02.747,1.47857,1.47926,1.50,1.50
2012.03.02 09:30:03.058,1.47862,1.47926,1.50,1.50
2012.03.02 09:30:03.129,1.47858,1.47926,1.50,1.50
2012.03.02 09:30:03.260,1.47858,1.47927,2.25,1.50
2012.03.02 09:30:03.863,1.47864,1.47926,1.88,1.50
2012.03.02 09:30:04.128,1.47865,1.47932,1.50,1.50
2012.03.02 09:30:04.379,1.47859,1.47927,1.88,1.50
2012.03.02 09:30:06.748,1.47855,1.47925,1.50,1.43
2012.03.02 09:30:06.815,1.47854,1.47922,1.35,1.50
2012.03.02 09:30:07.480,1.47848,1.47918,1.88,1.13
2012.03.02 09:30:07.616,1.47848,1.47911,1.88,1.50
2012.03.02 09:30:08.696,1.47845,1.47912,1.13,1.50
2012.03.02 09:30:09.293,1.47842,1.47911,1.50,1.50
2012.03.02 09:30:09.546,1.4784,1.47906,1.13,1.13
2012.03.02 09:30:10.318,1.47862,1.47891,1.50,1.50
2012.03.02 09:30:11.794,1.47859,1.47888,1.50,1.50
2012.03.02 09:30:12.335,1.47862,1.47891,1.50,1.50
2012.03.02 09:30:14.255,1.47864,1.47891,1.50,1.50
2012.03.02 09:30:14.767,1.47866,1.47892,1.50,1.50
2012.03.02 09:30:15.162,1.47864,1.4789,1.50,1.50
2012.03.02 09:30:15.235,1.47865,1.47894,1.50,1.95
2012.03.02 09:30:16.062,1.47871,1.47898,1.50,1.50
2012.03.02 09:30:16.143,1.47868,1.47896,1.50,1.50
2012.03.02 09:30:16.341,1.47864,1.47893,2.25,1.50
2012.03.02 09:30:16.878,1.47868,1.47893,1.50,1.50
2012.03.02 09:30:17.186,1.47865,1.47891,2.25,1.50
2012.03.02 09:30:17.378,1.47861,1.47888,2.63,1.50
2012.03.02 09:30:17.448,1.47871,1.479,1.50,1.50
2012.03.02 09:30:17.577,1.47875,1.47902,1.50,1.50
2012.03.02 09:30:18.714,1.4787,1.47899,1.50,1.50
2012.03.02 09:30:18.987,1.47873,1.479,1.50,1.50
2012.03.02 09:30:19.185,1.47873,1.47902,1.50,1.50
2012.03.02 09:30:19.620,1.47876,1.47905,1.50,1.50
2012.03.02 09:30:19.975,1.47873,1.47902,1.50,1.50
2012.03.02 09:30:20.742,1.47879,1.47899,1.50,1.50
2012.03.02 09:30:21.099,1.47874,1.47893,1.50,1.50
2012.03.02 09:30:21.410,1.47885,1.47893,1.50,1.50
2012.03.02 09:30:21.487,1.47872,1.47895,2.25,1.50
2012.03.02 09:30:21.558,1.47872,1.47895,1.50,1.50
2012.03.02 09:30:21.626,1.47872,1.47901,1.50,1.50
2012.03.02 09:30:21.696,1.47876,1.47899,1.50,1.50
2012.03.02 09:30:21.765,1.47876,1.47903,3.00,1.50
2012.03.02 09:30:22.047,1.47876,1.479,1.50,1.50
2012.03.02 09:30:22.118,1.47873,1.479,1.50,1.50
2012.03.02 09:30:22.315,1.47873,1.47897,1.50,1.50
2012.03.02 09:30:22.892,1.47869,1.47889,1.50,1.50
2012.03.02 09:30:23.089,1.47875,1.47897,1.50,1.50
2012.03.02 09:30:23.155,1.47876,1.47903,1.50,1.50
2012.03.02 09:30:23.667,1.47875,1.47901,1.50,1.50
2012.03.02 09:30:23.978,1.4788,1.47901,1.50,1.50
2012.03.02 09:30:25.621,1.4788,1.47904,1.50,1.50
2012.03.02 09:30:26.017,1.47879,1.47902,1.50,1.50
2012.03.02 09:30:26.087,1.47873,1.47899,1.50,1.50
2012.03.02 09:30:26.603,1.47873,1.479,1.50,1.50
2012.03.02 09:30:27.040,1.47872,1.47898,1.50,1.50
2012.03.02 09:30:27.704,1.4787,1.47899,1.50,1.50
2012.03.02 09:30:27.894,1.47873,1.47901,1.50,3.00
2012.03.02 09:30:28.209,1.47876,1.47899,1.50,1.50
2012.03.02 09:30:28.278,1.47868,1.47895,1.50,1.50
2012.03.02 09:30:28.346,1.47866,1.47893,1.50,1.50
2012.03.02 09:30:28.668,1.47871,1.47898,1.50,3.00
2012.03.02 09:30:28.986,1.47865,1.47892,1.50,1.50
2012.03.02 09:30:29.819,1.47871,1.47883,1.50,1.50
2012.03.02 09:30:29.889,1.47863,1.47883,1.50,1.50
2012.03.02 09:30:30.015,1.47863,1.47888,1.50,1.50
2012.03.02 09:30:30.398,1.47863,1.47884,1.50,1.50
2012.03.02 09:30:30.526,1.47863,1.47886,1.50,1.50
2012.03.02 09:30:30.595,1.47867,1.47889,1.50,1.50
2012.03.02 09:30:30.904,1.47858,1.47881,1.88,1.50
2012.03.02 09:30:31.418,1.47858,1.47881,1.50,1.50
2012.03.02 09:30:31.667,1.47851,1.47879,2.25,1.50
2012.03.02 09:30:31.867,1.47849,1.47877,1.50,1.50
2012.03.02 09:30:32.386,1.47848,1.47877,1.50,1.50
2012.03.02 09:30:32.466,1.47846,1.47873,1.50,1.50
2012.03.02 09:30:32.787,1.47844,1.4787,1.88,1.50
2012.03.02 09:30:33.095,1.47846,1.47872,1.50,1.50
2012.03.02 09:30:33.225,1.47843,1.47871,1.88,1.50
2012.03.02 09:30:34.361,1.47843,1.47869,1.88,1.50
2012.03.02 09:30:34.557,1.47844,1.47871,1.88,1.50
2012.03.02 09:30:34.748,1.4785,1.47877,1.50,1.50
2012.03.02 09:30:35.056,1.47865,1.47877,1.50,1.50
2012.03.02 09:30:35.599,1.47864,1.47888,1.50,1.50
2012.03.02 09:30:35.673,1.47861,1.47887,1.50,1.50
2012.03.02 09:30:36.044,1.47857,1.47883,1.50,1.50
2012.03.02 09:30:36.294,1.47851,1.4788,1.50,1.50
2012.03.02 09:30:36.606,1.47851,1.47876,1.50,1.50
2012.03.02 09:30:37.026,1.47846,1.47875,1.50,1.50
2012.03.02 09:30:37.096,1.47846,1.47867,1.50,1.50
2012.03.02 09:30:37.165,1.47841,1.47867,2.25,1.50
2012.03.02 09:30:37.296,1.47843,1.47868,1.50,1.50
2012.03.02 09:30:37.866,1.47846,1.47872,1.50,1.50
2012.03.02 09:30:38.388,1.47846,1.47873,1.50,1.50
2012.03.02 09:30:40.615,1.47854,1.47876,1.50,1.50
2012.03.02 09:30:40.904,1.47857,1.47879,1.50,1.50
2012.03.02 09:30:41.438,1.47857,1.47881,1.50,1.88
2012.03.02 09:30:42.548,1.47857,1.47879,1.50,1.50
2012.03.02 09:30:43.114,1.47851,1.47876,2.25,1.50
2012.03.02 09:30:43.366,1.47852,1.47874,2.25,1.50
2012.03.02 09:30:43.848,1.47852,1.47878,2.25,1.50
2012.03.02 09:30:44.098,1.47847,1.47871,1.50,1.50
2012.03.02 09:30:44.287,1.47842,1.47868,2.25,1.50
2012.03.02 09:30:44.355,1.47844,1.47871,1.50,3.00
2012.03.02 09:30:44.549,1.47848,1.47871,1.50,1.50
2012.03.02 09:30:45.741,1.47848,1.47872,1.50,1.50
2012.03.02 09:30:45.864,1.47848,1.47874,1.50,1.50
2012.03.02 09:30:46.417,1.47848,1.47874,1.50,2.25
2012.03.02 09:30:46.558,1.47845,1.47872,1.50,1.50
2012.03.02 09:30:47.063,1.47848,1.47874,1.50,1.50
2012.03.02 09:30:47.710,1.47848,1.4787,1.50,1.50
2012.03.02 09:30:47.783,1.47844,1.4787,1.50,1.50
2012.03.02 09:30:48.154,1.47848,1.4787,1.50,1.50
2012.03.02 09:30:48.225,1.47846,1.47873,1.50,1.84
2012.03.02 09:30:48.597,1.47848,1.47874,1.50,1.50
2012.03.02 09:30:48.907,1.47848,1.47866,1.50,1.13
2012.03.02 09:30:48.978,1.47846,1.47866,1.50,1.13
2012.03.02 09:30:49.178,1.47846,1.47858,1.50,1.50
2012.03.02 09:30:49.252,1.47838,1.47858,1.50,1.50
2012.03.02 09:30:49.908,1.47835,1.47858,2.25,1.50
2012.03.02 09:30:49.972,1.47835,1.47858,1.50,1.50
2012.03.02 09:30:50.036,1.47835,1.47861,1.50,1.50
2012.03.02 09:30:50.108,1.47836,1.47863,1.50,1.50
2012.03.02 09:30:50.884,1.47839,1.47865,1.50,1.50
2012.03.02 09:30:52.502,1.47843,1.47867,1.50,1.50
2012.03.02 09:30:52.805,1.47852,1.47874,1.50,1.50
2012.03.02 09:30:53.113,1.47848,1.47867,1.50,1.50
2012.03.02 09:30:53.776,1.47848,1.47868,1.50,3.00
2012.03.02 09:30:53.845,1.47841,1.47866,1.09,1.50
2012.03.02 09:30:54.546,1.47841,1.47867,1.84,1.50
2012.03.02 09:30:56.503,1.47844,1.47867,1.50,1.50
2012.03.02 09:30:57.090,1.47852,1.47867,1.50,1.50
2012.03.02 09:30:57.160,1.47852,1.47869,1.50,1.50
2012.03.02 09:30:57.354,1.47852,1.47874,1.50,1.50
2012.03.02 09:30:57.810,1.47848,1.47871,1.50,1.50
2012.03.02 09:30:58.185,1.47848,1.47873,1.50,1.50
2012.03.02 09:30:59.325,1.47848,1.47872,1.50,1.50
2012.03.02 09:31:01.984,1.47848,1.47869,1.50,1.50
2012.03.02 09:31:02.116,1.47842,1.47869,1.84,1.50
2012.03.02 09:31:02.658,1.47842,1.47869,1.50,1.50
2012.03.02 09:31:02.725,1.47848,1.47869,1.50,1.50
2012.03.02 09:31:03.428,1.47842,1.47865,1.50,1.50
2012.03.02 09:31:03.522,1.47838,1.47865,1.50,1.50
2012.03.02 09:31:03.600,1.4784,1.47865,1.50,1.50
2012.03.02 09:31:03.911,1.47845,1.47867,1.50,1.50
2012.03.02 09:31:03.978,1.47842,1.47867,1.50,1.50
2012.03.02 09:31:04.434,1.47839,1.47866,1.50,1.50
2012.03.02 09:31:04.628,1.47841,1.47867,1.50,1.50
2012.03.02 09:31:04.757,1.47839,1.47866,1.50,1.50
2012.03.02 09:31:05.237,1.47838,1.47862,1.50,1.50
2012.03.02 09:31:05.750,1.47838,1.47861,1.50,1.50
2012.03.02 09:31:05.823,1.4784,1.47866,1.50,1.50
2012.03.02 09:31:07.105,1.47842,1.47869,3.00,1.50
2012.03.02 09:31:07.311,1.47842,1.47867,1.50,1.50
2012.03.02 09:31:07.626,1.47843,1.47869,1.50,1.50
2012.03.02 09:31:08.120,1.47845,1.47872,3.00,1.50
2012.03.02 09:31:08.257,1.47848,1.47871,1.50,1.50
2012.03.02 09:31:08.326,1.47844,1.47871,1.50,1.50
2012.03.02 09:31:08.577,1.47844,1.47873,3.00,1.50
2012.03.02 09:31:10.142,1.47847,1.47873,1.50,1.50
2012.03.02 09:31:10.246,1.47845,1.47873,1.50,1.50
2012.03.02 09:31:12.460,1.47848,1.47873,1.50,1.50
2012.03.02 09:31:13.165,1.47848,1.47874,1.50,1.50
2012.03.02 09:31:15.257,1.4785,1.47874,1.50,1.50
2012.03.02 09:31:15.326,1.47852,1.47877,1.50,1.50
2012.03.02 09:31:15.850,1.47848,1.47874,1.50,1.50
2012.03.02 09:31:16.546,1.47849,1.47875,1.50,1.50
2012.03.02 09:31:17.024,1.47845,1.47872,3.00,1.50
2012.03.02 09:31:17.267,1.47845,1.47869,1.50,1.50
2012.03.02 09:31:17.340,1.47841,1.47868,1.50,1.50
2012.03.02 09:31:17.874,1.47841,1.47869,1.50,1.50
2012.03.02 09:31:18.633,1.47845,1.4787,1.50,1.50
2012.03.02 09:31:19.405,1.47845,1.47872,1.50,3.00
2012.03.02 09:31:20.414,1.47846,1.47873,1.50,3.00
2012.03.02 09:31:21.143,1.47846,1.47872,1.50,1.50
2012.03.02 09:31:21.225,1.47841,1.4786,1.50,1.50
2012.03.02 09:31:21.420,1.47837,1.4786,1.50,1.50
2012.03.02 09:31:21.727,1.47839,1.4786,1.50,1.50
2012.03.02 09:31:23.583,1.47832,1.47856,3.75,1.50
2012.03.02 09:31:23.659,1.47828,1.47854,1.06,1.50
2012.03.02 09:31:23.729,1.47825,1.47852,1.50,1.50
2012.03.02 09:31:23.858,1.47825,1.47849,1.50,1.50
2012.03.02 09:31:24.216,1.4783,1.47849,1.50,1.50
2012.03.02 09:31:24.468,1.47825,1.47849,1.50,1.50
2012.03.02 09:31:25.133,1.47825,1.47844,1.50,1.50
2012.03.02 09:31:25.208,1.4782,1.47848,1.50,1.50
2012.03.02 09:31:25.279,1.47825,1.47848,1.50,1.50
2012.03.02 09:31:25.347,1.47825,1.47851,3.00,1.58
2012.03.02 09:31:26.066,1.47825,1.4785,1.50,1.95
2012.03.02 09:31:26.731,1.47825,1.4785,1.50,1.50
2012.03.02 09:31:27.293,1.47829,1.4785,1.50,1.50
2012.03.02 09:31:27.638,1.47829,1.47854,1.50,1.50
2012.03.02 09:31:27.885,1.47829,1.47856,1.50,3.94
2012.03.02 09:31:28.077,1.47829,1.47852,1.50,1.50
2012.03.02 09:31:28.914,1.4783,1.47852,1.50,1.50
2012.03.02 09:31:30.002,1.47829,1.47852,1.50,1.50
2012.03.02 09:31:30.305,1.47827,1.47852,1.50,1.50
2012.03.02 09:31:32.967,1.47827,1.47851,1.50,1.50
2012.03.02 09:31:33.037,1.4783,1.47849,1.50,1.50
2012.03.02 09:31:33.168,1.47824,1.47849,1.50,1.50
2012.03.02 09:31:33.353,1.47829,1.47849,1.50,1.50
2012.03.02 09:31:33.544,1.47829,1.47853,1.50,1.50
2012.03.02 09:31:35.873,1.47829,1.47853,1.50,2.25
2012.03.02 09:31:36.008,1.47829,1.47851,1.50,1.50
2012.03.02 09:31:36.075,1.47821,1.47844,1.50,1.50
2012.03.02 09:31:36.206,1.47825,1.47844,1.50,1.50
2012.03.02 09:31:36.336,1.47828,1.47854,1.50,2.70
2012.03.02 09:31:36.817,1.47829,1.47856,1.50,1.88
2012.03.02 09:31:36.884,1.47828,1.47854,1.50,1.50
2012.03.02 09:31:37.505,1.47828,1.47854,1.50,2.25
2012.03.02 09:31:37.947,1.47828,1.47855,3.00,1.50
2012.03.02 09:31:38.485,1.47832,1.47857,1.50,1.88
2012.03.02 09:31:40.709,1.47834,1.47858,1.50,1.88
2012.03.02 09:31:41.444,1.47834,1.47861,3.00,1.50
2012.03.02 09:31:41.654,1.4784,1.47861,1.50,1.50
2012.03.02 09:31:41.727,1.4784,1.47866,1.50,1.95
2012.03.02 09:31:42.073,1.47841,1.4787,1.50,1.50
2012.03.02 09:31:42.478,1.4784,1.47867,1.50,1.50
2012.03.02 09:31:43.303,1.47842,1.47869,1.50,1.50
2012.03.02 09:31:43.746,1.47839,1.47867,4.50,1.50
2012.03.02 09:31:43.877,1.47843,1.4787,1.50,1.50
2012.03.02 09:31:44.536,1.47839,1.47866,1.50,1.50
2012.03.02 09:31:45.054,1.47837,1.47863,2.25,1.50
2012.03.02 09:31:45.136,1.47835,1.47862,1.50,1.50
2012.03.02 09:31:46.115,1.47835,1.4786,1.50,1.50
2012.03.02 09:31:46.759,1.47835,1.47862,1.50,1.50
2012.03.02 09:31:46.827,1.47835,1.4786,1.50,1.50
2012.03.02 09:31:47.641,1.47835,1.47864,1.50,1.50
2012.03.02 09:31:48.560,1.47835,1.47861,1.50,1.50
2012.03.02 09:31:48.925,1.47838,1.47863,1.50,1.50
2012.03.02 09:31:49.649,1.47838,1.47855,1.50,1.50
2012.03.02 09:31:49.717,1.47837,1.47861,1.50,1.50
2012.03.02 09:31:50.008,1.47834,1.47861,1.50,1.50
2012.03.02 09:31:50.075,1.47833,1.47855,1.50,1.50
2012.03.02 09:31:54.464,1.47833,1.47854,1.50,1.50
2012.03.02 09:31:55.030,1.47833,1.47855,1.50,1.50
2012.03.02 09:31:56.261,1.4783,1.47855,1.50,1.50
2012.03.02 09:31:56.429,1.47833,1.47855,1.50,1.50
2012.03.02 09:31:57.034,1.4783,1.47855,1.50,1.50
2012.03.02 09:31:58.484,1.47833,1.47855,1.50,1.50
2012.03.02 09:31:59.439,1.47831,1.47855,1.50,3.00
2012.03.02 09:31:59.504,1.47826,1.47855,1.50,3.00
2012.03.02 09:32:01.154,1.47826,1.47855,1.50,3.75
2012.03.02 09:32:01.524,1.47825,1.47851,1.50,3.00
2012.03.02 09:32:01.856,1.47827,1.47851,1.50,1.50
2012.03.02 09:32:04.159,1.47827,1.47852,1.50,1.50
2012.03.02 09:32:04.778,1.47824,1.47851,1.50,1.50
2012.03.02 09:32:04.986,1.47824,1.47851,1.50,2.25
2012.03.02 09:32:05.062,1.4782,1.47847,1.88,1.50
2012.03.02 09:32:06.017,1.4782,1.47847,1.88,1.50
2012.03.02 09:32:06.554,1.4782,1.47847,1.50,1.50
2012.03.02 09:32:07.508,1.4782,1.47848,1.50,1.50
2012.03.02 09:32:08.067,1.47818,1.47845,3.00,1.50
2012.03.02 09:32:09.028,1.47821,1.47847,1.50,1.50
2012.03.02 09:32:09.534,1.47821,1.47848,1.50,3.00
2012.03.02 09:32:12.285,1.47824,1.47848,1.50,1.50
2012.03.02 09:32:12.815,1.47821,1.47848,1.50,3.00
2012.03.02 09:32:14.504,1.47824,1.4785,1.50,3.00
2012.03.02 09:32:16.095,1.47824,1.4785,1.50,2.25
2012.03.02 09:32:16.614,1.47825,1.47851,1.50,2.33
2012.03.02 09:32:17.414,1.47825,1.47851,1.50,3.38
2012.03.02 09:32:18.303,1.47825,1.47851,1.50,2.85
2012.03.02 09:32:18.893,1.47822,1.47842,1.50,1.50
2012.03.02 09:32:19.187,1.47815,1.47838,1.50,1.50
2012.03.02 09:32:19.263,1.47812,1.4784,2.25,1.50
2012.03.02 09:32:19.411,1.4782,1.4784,1.50,1.50
2012.03.02 09:32:19.536,1.4782,1.47843,1.50,1.95
2012.03.02 09:32:19.668,1.47816,1.47844,1.50,1.58
2012.03.02 09:32:20.036,1.47816,1.47845,1.50,1.50
2012.03.02 09:32:21.714,1.47817,1.47845,1.50,1.50
2012.03.02 09:32:21.863,1.47819,1.47848,1.50,1.50
2012.03.02 09:32:23.326,1.47816,1.47841,1.50,1.50
2012.03.02 09:32:23.634,1.4782,1.47846,1.50,1.50
2012.03.02 09:32:23.859,1.47827,1.47849,1.50,3.08
2012.03.02 09:32:24.187,1.47827,1.47853,1.50,1.50
2012.03.02 09:32:24.319,1.47827,1.47853,1.50,2.25
2012.03.02 09:32:24.388,1.47827,1.47853,1.50,2.25
2012.03.02 09:32:24.456,1.47827,1.47847,1.50,1.50
2012.03.02 09:32:24.523,1.47827,1.47851,1.50,1.50
2012.03.02 09:32:24.725,1.47824,1.47847,1.50,1.50
2012.03.02 09:32:24.799,1.47821,1.47847,1.50,1.50
2012.03.02 09:32:24.989,1.47823,1.4785,1.50,1.50
2012.03.02 09:32:25.056,1.47826,1.47852,1.50,1.50
2012.03.02 09:32:25.490,1.47826,1.47855,1.50,1.50
2012.03.02 09:32:26.387,1.47826,1.47855,1.50,2.25
2012.03.02 09:32:26.863,1.47826,1.47855,1.50,1.50
2012.03.02 09:32:26.933,1.4783,1.47856,1.50,1.50
2012.03.02 09:32:27.468,1.4783,1.47857,1.50,2.70
2012.03.02 09:32:27.607,1.4783,1.47857,1.50,1.95
2012.03.02 09:32:28.515,1.47831,1.47857,1.50,1.50
2012.03.02 09:32:29.015,1.47833,1.4786,1.50,1.88
2012.03.02 09:32:29.146,1.47834,1.47863,1.50,1.50
2012.03.02 09:32:29.423,1.47838,1.47864,1.50,3.75
2012.03.02 09:32:30.273,1.47837,1.47865,1.50,2.25
2012.03.02 09:32:31.064,1.47836,1.47861,1.50,1.50
2012.03.02 09:32:31.134,1.47832,1.47861,2.25,1.50
2012.03.02 09:32:32.365,1.47834,1.47861,1.50,1.50
2012.03.02 09:32:32.681,1.47836,1.47863,1.50,1.50
2012.03.02 09:32:32.994,1.47838,1.47866,1.50,1.50
2012.03.02 09:32:33.124,1.47838,1.47866,1.50,2.25
2012.03.02 09:32:34.744,1.47838,1.47866,1.50,1.50
2012.03.02 09:32:36.150,1.4784,1.47867,1.50,1.50
2012.03.02 09:32:36.213,1.4784,1.47869,1.50,2.25
2012.03.02 09:32:36.786,1.47844,1.4787,1.50,2.25
2012.03.02 09:32:36.920,1.47844,1.47872,1.50,1.50
2012.03.02 09:32:37.176,1.47844,1.47872,1.88,1.50
2012.03.02 09:32:37.494,1.47852,1.47878,1.50,1.50
2012.03.02 09:32:37.568,1.47847,1.47876,3.75,1.50
2012.03.02 09:32:37.754,1.47851,1.47877,1.50,1.50
2012.03.02 09:32:38.294,1.47853,1.47879,1.50,2.25
2012.03.02 09:32:38.968,1.47851,1.47879,1.50,3.00
2012.03.02 09:32:39.277,1.47853,1.47879,1.50,1.50
2012.03.02 09:32:39.467,1.47853,1.47882,1.50,3.00
2012.03.02 09:32:39.808,1.47853,1.4788,1.50,1.50
2012.03.02 09:32:40.193,1.47851,1.47877,1.50,1.50
2012.03.02 09:32:41.234,1.47848,1.47875,1.50,1.50
2012.03.02 09:32:41.308,1.47851,1.47878,1.50,3.00
2012.03.02 09:32:42.469,1.47853,1.4788,1.50,3.75
2012.03.02 09:32:42.797,1.47853,1.47882,3.00,1.50
2012.03.02 09:32:42.928,1.47853,1.47882,3.00,2.25
2012.03.02 09:32:43.246,1.47851,1.47878,3.00,1.50
2012.03.02 09:32:44.752,1.47851,1.47873,1.50,1.50
2012.03.02 09:32:44.829,1.47847,1.47872,1.50,1.50
2012.03.02 09:32:44.896,1.47849,1.47872,1.50,1.50
2012.03.02 09:32:45.032,1.47843,1.4787,1.50,1.50
2012.03.02 09:32:45.103,1.47846,1.47872,1.50,1.50
2012.03.02 09:32:45.476,1.47843,1.4787,1.50,2.25
2012.03.02 09:32:45.545,1.47841,1.47868,1.50,1.50
2012.03.02 09:32:45.801,1.47849,1.47868,1.50,1.50
2012.03.02 09:32:45.867,1.47847,1.47868,1.50,1.50
2012.03.02 09:32:46.341,1.47853,1.47879,1.50,1.50
2012.03.02 09:32:46.525,1.47851,1.47879,1.50,2.25
2012.03.02 09:32:46.596,1.47849,1.47877,1.50,1.50
2012.03.02 09:32:47.414,1.47848,1.47857,1.50,1.50
2012.03.02 09:32:47.545,1.4784,1.47857,1.50,1.50
2012.03.02 09:32:47.855,1.47844,1.47865,1.50,1.50
2012.03.02 09:32:47.928,1.47844,1.47868,1.50,1.95
2012.03.02 09:32:48.493,1.47844,1.47865,1.50,1.50
2012.03.02 09:32:48.574,1.4785,1.47875,1.50,2.25
2012.03.02 09:32:48.646,1.4785,1.47875,1.50,1.50
2012.03.02 09:32:48.835,1.4785,1.47872,1.50,1.50
2012.03.02 09:32:50.626,1.47851,1.47878,1.50,1.50
2012.03.02 09:32:50.833,1.4785,1.47876,1.50,1.50
2012.03.02 09:32:52.497,1.4785,1.47877,3.00,1.50
2012.03.02 09:32:53.005,1.4785,1.47879,3.00,3.00
2012.03.02 09:32:53.081,1.4785,1.47876,1.50,1.50
2012.03.02 09:32:53.376,1.4785,1.47872,1.50,1.50
2012.03.02 09:32:53.791,1.4785,1.47874,1.50,1.50
2012.03.02 09:32:53.857,1.4785,1.47876,1.50,1.50
2012.03.02 09:32:54.559,1.4785,1.47868,1.50,1.50
2012.03.02 09:32:55.104,1.47836,1.47865,3.38,3.00
2012.03.02 09:32:55.298,1.47844,1.47865,1.50,1.50
2012.03.02 09:32:55.364,1.47844,1.47867,1.50,1.50
2012.03.02 09:32:55.614,1.47844,1.47869,1.50,1.50
2012.03.02 09:32:56.053,1.47844,1.47867,1.50,1.50
2012.03.02 09:32:56.395,1.47844,1.47865,1.50,1.50
2012.03.02 09:32:56.556,1.47844,1.47868,1.50,1.50
2012.03.02 09:32:56.929,1.47844,1.4787,1.50,1.84
2012.03.02 09:32:58.329,1.47848,1.47873,1.50,1.80
2012.03.02 09:32:58.638,1.47843,1.47871,3.00,1.50
2012.03.02 09:32:59.396,1.47843,1.4787,3.00,1.50
2012.03.02 09:32:59.764,1.47845,1.4787,1.50,1.50
2012.03.02 09:33:00.353,1.47845,1.47871,1.50,1.50
2012.03.02 09:33:00.696,1.47844,1.47867,1.50,1.50
2012.03.02 09:33:00.763,1.47844,1.47869,1.50,1.50
2012.03.02 09:33:00.920,1.4785,1.47869,1.50,1.50
2012.03.02 09:33:01.047,1.4785,1.47872,1.50,1.50
2012.03.02 09:33:02.037,1.47847,1.4787,1.50,1.50
2012.03.02 09:33:02.284,1.4785,1.4787,1.50,1.50
2012.03.02 09:33:03.524,1.4785,1.47875,1.50,1.50
2012.03.02 09:33:03.844,1.4785,1.47877,3.00,1.50
2012.03.02 09:33:04.275,1.4785,1.47879,3.00,3.75
2012.03.02 09:33:04.345,1.47856,1.47879,1.50,2.25
2012.03.02 09:33:04.474,1.47856,1.47881,1.50,1.50
2012.03.02 09:33:04.827,1.47852,1.4788,1.50,3.00
2012.03.02 09:33:05.020,1.4785,1.47877,1.50,1.50
2012.03.02 09:33:05.446,1.47857,1.47874,1.50,1.50
2012.03.02 09:33:05.579,1.4785,1.47874,1.50,1.50
2012.03.02 09:33:06.266,1.4785,1.47872,1.50,1.50
2012.03.02 09:33:06.564,1.4785,1.47877,3.00,1.50
2012.03.02 09:33:06.637,1.47857,1.47882,1.50,1.50
2012.03.02 09:33:06.947,1.47857,1.47883,3.00,2.25
2012.03.02 09:33:07.299,1.47857,1.47871,1.50,1.50
2012.03.02 09:33:07.368,1.47844,1.4787,4.06,1.50
2012.03.02 09:33:07.977,1.47849,1.47871,1.50,1.50
2012.03.02 09:33:08.225,1.47849,1.47874,1.50,1.50
2012.03.02 09:33:08.430,1.47851,1.47877,1.50,1.50
2012.03.02 09:33:08.502,1.47852,1.4788,1.50,1.95
2012.03.02 09:33:08.636,1.47857,1.4788,1.50,1.20
2012.03.02 09:33:08.772,1.47857,1.47881,1.50,1.50
2012.03.02 09:33:08.958,1.47859,1.47884,1.50,2.25
2012.03.02 09:33:09.275,1.47859,1.47881,1.50,1.50
2012.03.02 09:33:09.999,1.47857,1.47879,1.50,1.50
2012.03.02 09:33:10.073,1.47853,1.47879,1.50,1.50
2012.03.02 09:33:10.326,1.47855,1.4788,1.50,1.50
2012.03.02 09:33:10.676,1.47853,1.4788,1.50,1.50
2012.03.02 09:33:12.488,1.47855,1.4788,1.50,1.50
2012.03.02 09:33:12.565,1.47853,1.47879,1.50,1.50
2012.03.02 09:33:13.137,1.47849,1.47876,3.00,1.50
2012.03.02 09:33:13.667,1.47849,1.47875,3.00,1.50
2012.03.02 09:33:13.927,1.47849,1.47872,1.50,1.50
2012.03.02 09:33:14.072,1.47849,1.47874,1.50,1.50
2012.03.02 09:33:16.204,1.47857,1.47874,1.50,1.50
2012.03.02 09:33:16.275,1.47857,1.4788,1.50,1.50
2012.03.02 09:33:16.344,1.47858,1.47884,1.50,2.25
2012.03.02 09:33:17.000,1.47857,1.47883,1.50,2.25
2012.03.02 09:33:18.736,1.47857,1.4788,1.50,1.50
2012.03.02 09:33:18.866,1.47849,1.47877,2.59,1.50
2012.03.02 09:33:19.458,1.47849,1.47874,1.50,1.50
2012.03.02 09:33:20.068,1.47849,1.47878,3.00,1.50
2012.03.02 09:33:20.977,1.47853,1.4788,1.50,4.50
2012.03.02 09:33:21.287,1.47857,1.4788,1.50,1.50
2012.03.02 09:33:21.830,1.47852,1.4788,1.50,1.50
2012.03.02 09:33:22.645,1.47854,1.4788,1.50,1.50
2012.03.02 09:33:22.987,1.47856,1.4788,1.50,1.50
2012.03.02 09:33:23.056,1.47854,1.4788,1.50,3.00
2012.03.02 09:33:23.424,1.47849,1.47878,3.00,1.50
2012.03.02 09:33:25.414,1.4785,1.47878,1.50,1.50
2012.03.02 09:33:25.483,1.47852,1.4788,1.50,3.00
2012.03.02 09:33:25.930,1.47854,1.4788,1.50,1.50
2012.03.02 09:33:26.286,1.47852,1.47879,1.50,1.50
2012.03.02 09:33:26.477,1.47854,1.47881,1.50,1.50
2012.03.02 09:33:26.871,1.47856,1.47883,1.50,2.25
2012.03.02 09:33:27.311,1.47859,1.47885,1.50,3.00
2012.03.02 09:33:27.637,1.47857,1.47881,1.50,2.25
2012.03.02 09:33:28.167,1.47857,1.47881,1.50,1.50
2012.03.02 09:33:28.245,1.47859,1.47886,1.50,2.25
2012.03.02 09:33:28.439,1.47859,1.47886,3.34,1.50
2012.03.02 09:33:28.569,1.4786,1.47888,1.50,2.25
2012.03.02 09:33:28.637,1.47862,1.47888,1.50,2.25
2012.03.02 09:33:28.998,1.47866,1.47887,1.50,1.50
2012.03.02 09:33:29.133,1.47863,1.47885,1.50,1.50
2012.03.02 09:33:29.788,1.47863,1.47886,1.50,2.25
2012.03.02 09:33:30.466,1.47863,1.47885,1.50,1.50
2012.03.02 09:33:30.686,1.47863,1.47882,1.50,1.50
2012.03.02 09:33:31.707,1.4786,1.47882,1.50,1.50
2012.03.02 09:33:32.597,1.47856,1.47882,1.50,1.50
2012.03.02 09:33:32.674,1.47856,1.47879,1.50,1.50
2012.03.02 09:33:32.987,1.47858,1.47879,1.50,1.50
2012.03.02 09:33:33.055,1.47858,1.47882,1.50,1.50
2012.03.02 09:33:33.186,1.47856,1.47885,1.50,2.25
2012.03.02 09:33:33.317,1.47855,1.47882,1.50,1.50
2012.03.02 09:33:33.627,1.47857,1.47882,1.50,1.50
2012.03.02 09:33:34.273,1.47855,1.47879,1.50,1.50
2012.03.02 09:33:34.345,1.47857,1.47882,1.50,1.50
2012.03.02 09:33:34.489,1.47862,1.47887,1.50,3.45
2012.03.02 09:33:34.677,1.47861,1.47887,1.50,1.50
2012.03.02 09:33:34.935,1.47861,1.47889,3.00,1.50
2012.03.02 09:33:35.006,1.47861,1.47886,1.50,1.50
2012.03.02 09:33:35.559,1.47862,1.47886,1.50,1.50
2012.03.02 09:33:36.065,1.47861,1.47871,1.50,1.50
2012.03.02 09:33:36.143,1.47858,1.47871,1.50,1.50
2012.03.02 09:33:36.288,1.47851,1.47871,1.06,1.50
2012.03.02 09:33:36.360,1.4785,1.47875,1.50,1.50
2012.03.02 09:33:36.611,1.4785,1.47878,3.00,1.50
2012.03.02 09:33:36.798,1.47852,1.47878,1.50,1.50
2012.03.02 09:33:36.925,1.47853,1.4788,1.50,1.95
2012.03.02 09:33:37.485,1.47853,1.47881,1.50,1.50
2012.03.02 09:33:38.494,1.47856,1.47881,1.50,1.50
2012.03.02 09:33:38.956,1.47858,1.47882,1.50,1.50
2012.03.02 09:33:39.085,1.47852,1.47881,3.00,1.50
2012.03.02 09:33:40.969,1.47852,1.47879,1.50,1.50
2012.03.02 09:33:41.036,1.4785,1.47878,3.00,1.50
2012.03.02 09:33:41.578,1.47851,1.47878,1.50,1.50
2012.03.02 09:33:42.040,1.47854,1.47879,1.50,1.50
2012.03.02 09:33:42.105,1.47851,1.47878,1.50,1.50
2012.03.02 09:33:44.763,1.47854,1.47878,1.50,1.50
2012.03.02 09:33:44.893,1.47854,1.47881,1.50,1.50
2012.03.02 09:33:45.093,1.47853,1.47878,1.50,1.50
2012.03.02 09:33:45.812,1.4785,1.47878,1.50,3.00
2012.03.02 09:33:48.248,1.47853,1.4788,1.50,3.00
2012.03.02 09:33:48.555,1.47859,1.47882,1.50,1.50
2012.03.02 09:33:49.290,1.47855,1.47882,1.50,3.00
2012.03.02 09:33:50.637,1.47853,1.47876,1.50,1.50
2012.03.02 09:33:51.384,1.47853,1.47877,1.50,1.50
2012.03.02 09:33:54.610,1.47851,1.47878,4.50,1.50
2012.03.02 09:33:54.756,1.47854,1.4788,1.50,3.00
2012.03.02 09:33:55.091,1.4786,1.47883,1.50,1.50
2012.03.02 09:33:56.003,1.4786,1.47887,1.50,1.50
2012.03.02 09:33:56.535,1.47858,1.47883,1.84,1.50
2012.03.02 09:33:57.324,1.47855,1.47883,1.50,3.00
2012.03.02 09:33:59.035,1.47858,1.47883,1.50,1.50
2012.03.02 09:34:02.078,1.47858,1.47885,1.50,1.50
2012.03.02 09:34:02.254,1.47858,1.47882,1.50,1.50
2012.03.02 09:34:02.324,1.47855,1.47882,1.50,1.50
2012.03.02 09:34:03.655,1.47858,1.47882,1.50,1.50
2012.03.02 09:34:03.969,1.47858,1.47873,1.50,1.50
2012.03.02 09:34:04.042,1.47858,1.47878,1.50,1.50
2012.03.02 09:34:04.172,1.47865,1.47882,1.50,1.50
2012.03.02 09:34:04.361,1.47865,1.47889,1.50,1.50
2012.03.02 09:34:04.550,1.47865,1.47887,1.50,1.50
2012.03.02 09:34:04.618,1.47862,1.47887,1.50,1.50
2012.03.02 09:34:05.227,1.47862,1.47888,1.50,1.50
2012.03.02 09:34:05.307,1.47866,1.4789,1.50,1.50
2012.03.02 09:34:05.739,1.47866,1.47892,1.50,1.50
2012.03.02 09:34:06.277,1.47866,1.4789,1.50,1.50
2012.03.02 09:34:07.614,1.47866,1.47894,3.00,1.50
2012.03.02 09:34:08.153,1.47867,1.47894,1.50,1.50
2012.03.02 09:34:12.136,1.47864,1.47891,3.00,1.50
2012.03.02 09:34:12.578,1.47869,1.47894,1.50,1.50
2012.03.02 09:34:15.193,1.47867,1.47893,1.50,1.50
2012.03.02 09:34:15.513,1.47869,1.47894,1.50,1.50
2012.03.02 09:34:19.539,1.47866,1.47892,1.50,1.50
2012.03.02 09:34:20.067,1.47866,1.47894,1.50,3.00
2012.03.02 09:34:20.304,1.47869,1.47894,1.50,1.50
2012.03.02 09:34:24.068,1.47872,1.47896,1.50,1.50
2012.03.02 09:34:25.404,1.4787,1.47895,1.50,1.50
2012.03.02 09:34:26.176,1.47869,1.47895,1.50,1.50
2012.03.02 09:34:26.368,1.47867,1.47889,1.50,1.50
2012.03.02 09:34:26.438,1.47865,1.47889,1.50,1.50
2012.03.02 09:34:26.959,1.47865,1.47887,1.50,1.50
2012.03.02 09:34:27.493,1.47867,1.47887,1.50,1.50
2012.03.02 09:34:27.568,1.47867,1.47894,1.50,1.50
2012.03.02 09:34:27.695,1.4787,1.47894,1.50,1.50
2012.03.02 09:34:27.980,1.47867,1.47894,3.75,1.50
2012.03.02 09:34:28.108,1.4787,1.47894,1.50,1.50
2012.03.02 09:34:28.605,1.47872,1.47894,1.50,1.50
2012.03.02 09:34:28.798,1.4787,1.47894,1.50,1.50
2012.03.02 09:34:29.436,1.47868,1.47894,1.50,1.50
2012.03.02 09:34:30.257,1.47872,1.47894,1.50,1.50
2012.03.02 09:34:33.255,1.4787,1.47894,1.50,1.50
2012.03.02 09:34:33.326,1.47868,1.47894,1.50,1.50
2012.03.02 09:34:35.628,1.47871,1.47894,1.50,1.50
2012.03.02 09:34:36.518,1.47869,1.47894,1.50,3.00
2012.03.02 09:34:37.020,1.47865,1.47892,1.50,1.50
2012.03.02 09:34:37.276,1.47868,1.47894,1.50,3.00
2012.03.02 09:34:46.368,1.47868,1.47894,1.84,3.00
2012.03.02 09:34:46.630,1.47872,1.47897,1.84,1.88
2012.03.02 09:34:46.701,1.47878,1.47901,1.50,1.88
2012.03.02 09:34:46.773,1.47879,1.47901,1.50,1.50
2012.03.02 09:34:47.302,1.4788,1.47904,1.50,1.50
2012.03.02 09:34:47.368,1.47883,1.47904,1.50,1.50
2012.03.02 09:34:47.887,1.47883,1.47909,1.50,3.00
2012.03.02 09:34:48.384,1.47879,1.47908,1.50,1.50
2012.03.02 09:34:50.505,1.47879,1.47906,1.50,1.50
2012.03.02 09:34:51.040,1.47877,1.47903,1.50,1.50
2012.03.02 09:34:52.380,1.4788,1.47903,1.50,1.50
2012.03.02 09:34:52.702,1.47886,1.47909,3.00,1.50
2012.03.02 09:34:53.425,1.47885,1.47905,1.50,1.50
2012.03.02 09:34:53.569,1.47881,1.47905,2.25,1.50
2012.03.02 09:34:54.087,1.47881,1.47905,3.75,1.50
2012.03.02 09:34:54.158,1.47883,1.47905,1.50,1.50
2012.03.02 09:34:54.694,1.47879,1.47905,2.25,1.50
2012.03.02 09:34:56.055,1.47882,1.47905,1.50,1.50
2012.03.02 09:34:56.799,1.47877,1.47905,3.75,1.50
2012.03.02 09:34:56.866,1.47877,1.479,2.25,1.50
2012.03.02 09:34:57.406,1.47877,1.479,2.25,1.50
2012.03.02 09:34:57.548,1.47875,1.479,1.50,1.50
2012.03.02 09:34:57.859,1.47875,1.47894,1.50,1.50
2012.03.02 09:34:58.047,1.47872,1.47894,1.50,1.50
2012.03.02 09:34:58.571,1.47871,1.47894,1.50,1.50
2012.03.02 09:34:58.881,1.47867,1.47894,2.25,1.50
2012.03.02 09:34:59.228,1.47865,1.47889,1.50,2.25
2012.03.02 09:34:59.535,1.4786,1.47885,1.06,1.50
2012.03.02 09:35:00.174,1.4786,1.47886,2.25,1.50
2012.03.02 09:35:01.696,1.47862,1.47886,1.50,1.50
2012.03.02 09:35:02.016,1.47872,1.47896,1.50,1.50
2012.03.02 09:35:02.365,1.47867,1.47895,1.50,1.50
2012.03.02 09:35:02.494,1.47865,1.47892,1.13,1.50
2012.03.02 09:35:02.807,1.47865,1.47889,1.13,1.50
2012.03.02 09:35:03.115,1.47873,1.47889,1.50,1.50
2012.03.02 09:35:03.308,1.47873,1.47895,1.50,1.50
2012.03.02 09:35:03.377,1.47866,1.47892,2.56,1.50
2012.03.02 09:35:03.505,1.47865,1.4789,1.13,1.50
2012.03.02 09:35:04.238,1.47865,1.47892,4.13,1.50
2012.03.02 09:35:04.338,1.47863,1.47881,1.05,1.50
2012.03.02 09:35:04.425,1.47862,1.47883,2.40,1.50
2012.03.02 09:35:04.499,1.47862,1.47883,1.50,3.00
2012.03.02 09:35:04.750,1.47855,1.47883,5.25,1.50
2012.03.02 09:35:04.875,1.47855,1.47883,3.00,1.50
2012.03.02 09:35:05.106,1.47858,1.47885,1.50,3.00
2012.03.02 09:35:05.176,1.47855,1.47883,1.50,1.50
2012.03.02 09:35:07.116,1.47854,1.47883,2.25,3.00
2012.03.02 09:35:07.986,1.47854,1.47881,3.00,1.50
2012.03.02 09:35:08.115,1.47851,1.4788,2.89,3.00
2012.03.02 09:35:08.921,1.47851,1.4788,1.50,3.00
2012.03.02 09:35:09.714,1.47853,1.4788,1.50,3.00
2012.03.02 09:35:10.252,1.47854,1.4788,1.50,1.50
2012.03.02 09:35:11.016,1.47858,1.4788,1.50,1.50
2012.03.02 09:35:11.086,1.47858,1.47885,1.50,1.50
2012.03.02 09:35:14.959,1.4786,1.47886,1.50,1.50
2012.03.02 09:35:19.381,1.47857,1.47886,1.50,3.00
2012.03.02 09:35:19.454,1.47857,1.47884,1.50,1.50
2012.03.02 09:35:20.219,1.47859,1.47881,1.50,1.50
2012.03.02 09:35:20.295,1.47853,1.47878,1.50,1.50
2012.03.02 09:35:20.366,1.47854,1.4788,1.50,1.50
2012.03.02 09:35:20.495,1.47853,1.47878,1.50,1.50
2012.03.02 09:35:20.846,1.47851,1.47876,1.84,1.50
2012.03.02 09:35:21.036,1.47851,1.47878,1.84,1.50
2012.03.02 09:35:21.105,1.47854,1.47881,1.50,1.50
2012.03.02 09:35:21.445,1.47857,1.47881,1.50,1.50
2012.03.02 09:35:21.754,1.47857,1.47874,1.50,1.50
2012.03.02 09:35:21.945,1.47849,1.47871,1.09,1.50
2012.03.02 09:35:22.473,1.47852,1.47876,1.50,1.50
2012.03.02 09:35:22.684,1.47852,1.47874,1.50,1.50
2012.03.02 09:35:23.245,1.47853,1.47879,1.50,1.50
2012.03.02 09:35:23.377,1.47853,1.47879,1.88,1.50
2012.03.02 09:35:23.628,1.47856,1.47884,3.75,1.50
2012.03.02 09:35:24.591,1.47855,1.47882,2.63,1.50
2012.03.02 09:35:25.800,1.47857,1.47884,1.50,1.50
2012.03.02 09:35:26.361,1.47859,1.47887,1.50,3.00
2012.03.02 09:35:26.486,1.47858,1.4788,1.50,1.50
2012.03.02 09:35:27.136,1.47857,1.4788,1.50,1.50
2012.03.02 09:35:27.210,1.47846,1.47873,1.06,1.50
2012.03.02 09:35:27.397,1.47848,1.47877,2.25,3.00
2012.03.02 09:35:29.037,1.47848,1.47877,1.50,3.75
2012.03.02 09:35:29.550,1.47846,1.47868,1.50,1.50
2012.03.02 09:35:29.694,1.47842,1.47867,1.50,1.50
2012.03.02 09:35:29.838,1.47847,1.47868,1.50,1.50
2012.03.02 09:35:30.088,1.47844,1.47868,1.50,1.50
2012.03.02 09:35:30.276,1.47844,1.47863,1.50,1.50
2012.03.02 09:35:30.536,1.47844,1.47869,1.50,1.50
2012.03.02 09:35:31.056,1.47844,1.47863,1.50,1.50
2012.03.02 09:35:31.125,1.47841,1.47863,1.50,1.50
2012.03.02 09:35:31.809,1.47848,1.47873,1.50,1.95
2012.03.02 09:35:32.066,1.47845,1.47872,1.50,1.50
2012.03.02 09:35:33.376,1.47845,1.47872,1.50,2.25
2012.03.02 09:35:33.683,1.47845,1.47862,1.50,1.50
2012.03.02 09:35:34.056,1.47839,1.47862,1.50,1.50
2012.03.02 09:35:34.127,1.47839,1.47854,1.50,1.50
2012.03.02 09:35:34.262,1.47839,1.47866,1.50,1.50
2012.03.02 09:35:34.720,1.47846,1.47866,1.50,1.50
2012.03.02 09:35:34.793,1.47848,1.47876,1.50,3.83
2012.03.02 09:35:34.883,1.47852,1.47876,1.50,1.88
2012.03.02 09:35:35.389,1.47851,1.47873,1.50,1.13
2012.03.02 09:35:35.638,1.47835,1.47862,1.50,3.00
2012.03.02 09:35:35.887,1.47838,1.47865,1.50,1.50
2012.03.02 09:35:36.198,1.47836,1.47862,3.00,1.50
2012.03.02 09:35:36.325,1.47838,1.47865,1.50,1.50
2012.03.02 09:35:36.394,1.47838,1.47867,1.50,1.50
2012.03.02 09:35:37.330,1.47837,1.47864,1.50,1.50
2012.03.02 09:35:37.409,1.47835,1.47864,1.50,1.50
2012.03.02 09:35:37.532,1.47839,1.47866,1.50,3.00
2012.03.02 09:35:38.078,1.47838,1.47867,1.50,1.50
2012.03.02 09:35:38.387,1.47838,1.47861,1.50,1.50
2012.03.02 09:35:40.195,1.47838,1.47861,1.50,2.25
2012.03.02 09:35:40.268,1.47836,1.47861,1.50,2.25
2012.03.02 09:35:40.543,1.47836,1.47854,1.50,1.50
2012.03.02 09:35:41.860,1.4783,1.47854,1.50,2.25
2012.03.02 09:35:42.234,1.47833,1.47854,1.50,2.25
2012.03.02 09:35:42.770,1.47833,1.47856,1.50,2.25
2012.03.02 09:35:44.288,1.47833,1.47856,1.50,1.50
2012.03.02 09:35:44.357,1.47837,1.47856,1.50,1.50
2012.03.02 09:35:44.606,1.47833,1.47856,1.50,1.50
2012.03.02 09:35:45.889,1.47833,1.47854,1.50,1.50
2012.03.02 09:35:46.835,1.4783,1.47854,1.50,1.50
2012.03.02 09:35:47.689,1.4783,1.47853,1.50,1.50
2012.03.02 09:35:50.238,1.47834,1.47853,1.50,1.50
2012.03.02 09:35:50.645,1.4783,1.47853,1.50,1.50
2012.03.02 09:35:50.995,1.47828,1.47854,1.50,1.50
2012.03.02 09:35:51.335,1.47832,1.47854,1.50,2.25
2012.03.02 09:35:51.875,1.47832,1.47854,1.50,1.50
2012.03.02 09:35:52.630,1.47832,1.47854,1.50,2.25
2012.03.02 09:35:52.766,1.4783,1.47854,1.50,2.25
2012.03.02 09:35:52.838,1.47827,1.4785,1.50,1.50
2012.03.02 09:35:53.167,1.47827,1.4785,1.50,2.25
2012.03.02 09:35:53.556,1.47821,1.4785,2.25,3.75
2012.03.02 09:35:53.624,1.47821,1.47846,1.50,1.50
2012.03.02 09:35:56.697,1.47823,1.47846,1.50,1.50
2012.03.02 09:35:58.064,1.47821,1.47846,1.50,1.50
2012.03.02 09:35:58.136,1.47823,1.47846,1.50,1.50
2012.03.02 09:35:59.958,1.47823,1.47851,1.50,1.50
2012.03.02 09:36:00.084,1.47825,1.47854,1.50,4.58
2012.03.02 09:36:00.216,1.47825,1.47854,1.50,4.20
2012.03.02 09:36:00.284,1.47828,1.47854,1.50,1.95
2012.03.02 09:36:00.548,1.47825,1.47853,1.50,1.50
2012.03.02 09:36:00.679,1.47828,1.47853,1.50,1.50
2012.03.02 09:36:01.478,1.47829,1.47853,1.50,1.50
2012.03.02 09:36:01.796,1.47832,1.47854,1.50,1.50
2012.03.02 09:36:05.426,1.47833,1.47854,1.50,1.50
2012.03.02 09:36:05.955,1.47833,1.47861,1.50,1.50
2012.03.02 09:36:06.216,1.47833,1.47854,1.50,1.50
2012.03.02 09:36:06.348,1.47831,1.47854,1.50,1.50
2012.03.02 09:36:07.554,1.47832,1.47861,1.50,3.00
2012.03.02 09:36:07.957,1.47835,1.4786,1.50,1.50
2012.03.02 09:36:08.087,1.47831,1.47858,1.50,1.50
2012.03.02 09:36:08.639,1.4783,1.47857,1.50,1.50
2012.03.02 09:36:09.184,1.47829,1.47857,1.50,1.50
2012.03.02 09:36:09.741,1.47832,1.47858,1.50,1.50
2012.03.02 09:36:09.880,1.47836,1.47863,1.50,1.50
2012.03.02 09:36:10.068,1.47838,1.47865,1.50,1.50
2012.03.02 09:36:12.945,1.47838,1.47862,1.50,1.50
2012.03.02 09:36:13.074,1.47838,1.47865,1.50,1.50
2012.03.02 09:36:13.148,1.47838,1.47863,1.50,1.50
2012.03.02 09:36:13.216,1.47834,1.47862,3.00,1.50
2012.03.02 09:36:16.221,1.47834,1.47858,1.50,1.50
2012.03.02 09:36:16.345,1.47831,1.47858,2.56,1.50
2012.03.02 09:36:16.837,1.47828,1.47855,1.50,1.50
2012.03.02 09:36:18.948,1.47825,1.47851,3.75,1.50
2012.03.02 09:36:19.074,1.47824,1.47851,2.25,1.50
2012.03.02 09:36:21.455,1.47822,1.47846,1.50,1.50
2012.03.02 09:36:22.279,1.47821,1.47849,1.50,3.00
2012.03.02 09:36:22.353,1.4782,1.47845,2.25,1.50
2012.03.02 09:36:22.923,1.47819,1.47846,1.50,1.50
2012.03.02 09:36:23.478,1.47818,1.47844,1.50,1.50
2012.03.02 09:36:23.906,1.47818,1.4784,1.50,1.50
2012.03.02 09:36:24.273,1.47821,1.4784,1.50,1.50
2012.03.02 09:36:25.088,1.47821,1.47844,1.50,1.50
2012.03.02 09:36:25.346,1.47821,1.47839,1.50,1.50
2012.03.02 09:36:27.057,1.47823,1.47839,1.50,1.50
2012.03.02 09:36:27.128,1.47821,1.47839,3.00,1.50
2012.03.02 09:36:27.198,1.47821,1.47843,3.00,1.50
2012.03.02 09:36:27.732,1.4782,1.47843,1.50,1.50
2012.03.02 09:36:28.450,1.47823,1.47843,1.50,1.50
2012.03.02 09:36:29.230,1.4782,1.47843,1.50,1.50
2012.03.02 09:36:29.548,1.47823,1.47843,1.50,1.50
2012.03.02 09:36:29.857,1.47826,1.47851,1.50,3.00
2012.03.02 09:36:29.925,1.47828,1.47851,1.50,1.50
2012.03.02 09:36:31.280,1.47824,1.47843,1.50,1.50
2012.03.02 09:36:33.553,1.47825,1.47843,1.50,1.50
2012.03.02 09:36:35.380,1.47823,1.47843,1.50,1.50
2012.03.02 09:36:35.601,1.47831,1.47849,1.50,1.50
2012.03.02 09:36:35.798,1.47831,1.47857,1.50,1.95
2012.03.02 09:36:35.866,1.47837,1.47857,1.50,1.95
2012.03.02 09:36:36.424,1.47833,1.47857,1.50,1.50
2012.03.02 09:36:38.093,1.47831,1.47857,1.50,1.50
2012.03.02 09:36:38.616,1.47832,1.47857,1.50,1.50
2012.03.02 09:36:38.683,1.47834,1.47857,1.50,1.50
2012.03.02 09:36:38.814,1.47831,1.47857,1.50,1.50
2012.03.02 09:36:39.219,1.47831,1.47854,1.50,1.50
2012.03.02 09:36:39.287,1.47825,1.47853,2.56,1.50
2012.03.02 09:36:39.883,1.47825,1.47853,2.25,1.50
2012.03.02 09:36:40.594,1.47829,1.47855,1.50,1.50
2012.03.02 09:36:41.964,1.4783,1.47857,1.50,3.00
2012.03.02 09:36:42.640,1.47832,1.47857,1.50,1.50
2012.03.02 09:36:42.982,1.47835,1.47857,1.50,1.50
2012.03.02 09:36:43.451,1.47832,1.47857,1.50,1.50
2012.03.02 09:36:45.325,1.47835,1.47857,1.50,1.50
2012.03.02 09:36:45.709,1.47831,1.47857,1.50,1.50
2012.03.02 09:36:47.379,1.47826,1.47849,1.50,1.50
2012.03.02 09:36:47.909,1.47829,1.47849,1.50,1.50
2012.03.02 09:36:49.376,1.47827,1.47849,1.50,1.50
2012.03.02 09:36:49.505,1.47827,1.47843,1.50,1.50
2012.03.02 09:36:49.577,1.4782,1.47843,2.25,1.50
2012.03.02 09:36:50.007,1.4782,1.47847,3.00,1.50
2012.03.02 09:36:50.076,1.47823,1.4785,1.50,1.50
2012.03.02 09:36:50.720,1.47823,1.47844,1.50,1.50
2012.03.02 09:36:50.790,1.47821,1.47844,1.50,1.50
2012.03.02 09:36:50.934,1.47824,1.47844,1.50,1.50
2012.03.02 09:36:51.690,1.47824,1.47844,2.63,1.50
2012.03.02 09:36:52.507,1.47824,1.47844,3.38,1.50
2012.03.02 09:36:54.699,1.47824,1.47844,2.25,1.50
2012.03.02 09:36:57.728,1.47818,1.47844,2.25,1.50
2012.03.02 09:36:57.796,1.47821,1.47844,1.50,1.50
2012.03.02 09:36:58.129,1.47825,1.47844,1.50,1.50
2012.03.02 09:36:59.978,1.47823,1.47844,1.50,1.50
2012.03.02 09:37:00.691,1.47824,1.47844,1.50,1.50
2012.03.02 09:37:03.857,1.47824,1.47845,1.50,1.50
2012.03.02 09:37:05.195,1.47824,1.47844,1.50,2.25
2012.03.02 09:37:05.577,1.47826,1.47844,1.50,2.25
2012.03.02 09:37:05.947,1.47824,1.47844,1.50,2.25
2012.03.02 09:37:06.480,1.47823,1.47844,1.50,2.25
2012.03.02 09:37:07.757,1.47819,1.47844,1.50,1.50
2012.03.02 09:37:09.494,1.47824,1.47844,1.50,2.25
2012.03.02 09:37:11.487,1.4782,1.47844,1.50,1.50
2012.03.02 09:37:12.135,1.47823,1.47844,1.50,1.50
2012.03.02 09:37:12.376,1.47823,1.47849,1.50,2.25
2012.03.02 09:37:12.971,1.47827,1.47849,1.50,1.50
2012.03.02 09:37:13.093,1.47825,1.47849,1.50,1.50
2012.03.02 09:37:14.344,1.47828,1.47849,1.50,1.50
2012.03.02 09:37:14.475,1.47825,1.47849,1.50,1.50
2012.03.02 09:37:21.305,1.47821,1.47849,1.50,1.50
2012.03.02 09:37:21.807,1.47824,1.47849,1.50,1.50
2012.03.02 09:37:22.489,1.47825,1.47849,1.50,1.50
2012.03.02 09:37:24.355,1.47824,1.47849,1.50,1.50
2012.03.02 09:37:26.265,1.47826,1.47849,1.50,1.50
2012.03.02 09:37:35.845,1.47823,1.47849,1.50,1.50
2012.03.02 09:37:41.875,1.47823,1.47851,1.50,1.50
2012.03.02 09:37:42.067,1.47825,1.47851,2.40,1.50
2012.03.02 09:37:42.375,1.47834,1.47857,1.13,1.50
2012.03.02 09:37:43.012,1.47834,1.47853,1.13,2.25
2012.03.02 09:37:43.516,1.47833,1.4786,3.00,3.75
2012.03.02 09:37:43.598,1.47835,1.4786,1.50,2.25
2012.03.02 09:37:43.924,1.47837,1.4786,1.50,1.50
2012.03.02 09:37:44.746,1.47839,1.4786,1.50,1.50
2012.03.02 09:37:45.105,1.47841,1.4786,1.50,1.50
2012.03.02 09:37:45.337,1.47838,1.4786,1.50,1.50
2012.03.02 09:37:45.552,1.47835,1.4786,1.50,1.50
2012.03.02 09:37:47.352,1.47837,1.4786,1.50,1.50
2012.03.02 09:37:47.702,1.47839,1.47861,1.50,1.50
2012.03.02 09:37:48.701,1.47839,1.47862,1.50,1.50
2012.03.02 09:37:48.826,1.47839,1.47864,1.50,2.25
2012.03.02 09:37:48.897,1.47834,1.47861,1.50,1.50
2012.03.02 09:37:49.244,1.47839,1.47861,1.50,1.50
2012.03.02 09:37:49.575,1.47841,1.4786,1.50,2.25
2012.03.02 09:37:49.748,1.47841,1.4786,1.50,1.50
2012.03.02 09:37:49.876,1.47838,1.4786,1.50,1.50
2012.03.02 09:37:51.402,1.47835,1.4786,3.00,1.50
2012.03.02 09:37:51.475,1.47835,1.47852,1.50,1.50
2012.03.02 09:37:51.623,1.47841,1.47867,1.50,4.20
2012.03.02 09:37:51.691,1.47838,1.47865,1.50,3.75
2012.03.02 09:37:51.763,1.47838,1.47865,1.50,3.00
2012.03.02 09:37:52.130,1.47835,1.47864,1.50,1.50
2012.03.02 09:37:53.132,1.47842,1.47867,1.50,1.50
2012.03.02 09:37:53.468,1.47844,1.47867,1.50,1.50
2012.03.02 09:37:53.834,1.47846,1.47867,1.50,1.50
2012.03.02 09:37:54.150,1.47844,1.47867,1.50,1.50
2012.03.02 09:37:54.509,1.47849,1.47867,1.50,1.50
2012.03.02 09:37:55.439,1.47845,1.47867,1.50,1.50
2012.03.02 09:37:58.162,1.47845,1.47872,1.50,1.50
2012.03.02 09:37:58.516,1.47848,1.47873,1.50,1.13
2012.03.02 09:38:02.322,1.47851,1.47875,1.50,1.88
2012.03.02 09:38:03.805,1.47848,1.47875,1.50,3.38
2012.03.02 09:38:05.627,1.47848,1.47866,1.50,1.50
2012.03.02 09:38:05.825,1.47846,1.47866,1.50,1.50
2012.03.02 09:38:06.589,1.47847,1.47866,1.50,1.50
2012.03.02 09:38:07.486,1.47845,1.47866,1.50,1.50
2012.03.02 09:38:07.559,1.47842,1.47866,1.50,1.50
2012.03.02 09:38:08.130,1.47844,1.47866,1.50,1.50
2012.03.02 09:38:14.347,1.47847,1.47874,1.50,1.88
2012.03.02 09:38:14.669,1.47843,1.47864,1.50,1.50
2012.03.02 09:38:15.030,1.47844,1.4787,1.50,1.50
2012.03.02 09:38:15.762,1.47853,1.47867,1.50,1.50
2012.03.02 09:38:15.839,1.47853,1.47879,1.50,1.50
2012.03.02 09:38:16.574,1.47853,1.4788,1.50,3.00
2012.03.02 09:38:19.045,1.4785,1.47877,1.50,1.50
2012.03.02 09:38:19.114,1.47845,1.47873,4.06,1.50
2012.03.02 09:38:19.525,1.47848,1.47874,1.50,1.50
2012.03.02 09:38:19.777,1.47851,1.47878,1.50,1.50
2012.03.02 09:38:19.975,1.47851,1.47875,1.50,1.50
2012.03.02 09:38:20.676,1.47849,1.47875,1.50,3.00
2012.03.02 09:38:20.914,1.4785,1.47879,1.50,1.50
2012.03.02 09:38:21.049,1.47852,1.47879,1.50,1.50
2012.03.02 09:38:21.596,1.47851,1.47875,1.50,1.50
2012.03.02 09:38:21.946,1.47854,1.47875,1.50,1.50
2012.03.02 09:38:22.077,1.47854,1.4788,1.50,2.25
2012.03.02 09:38:22.878,1.47851,1.47873,1.50,1.50
2012.03.02 09:38:22.961,1.47849,1.47873,1.50,1.50
2012.03.02 09:38:23.502,1.47848,1.47873,1.50,1.50
2012.03.02 09:38:24.898,1.4785,1.47873,1.50,1.50
2012.03.02 09:38:25.484,1.47855,1.47873,1.50,1.50
2012.03.02 09:38:25.553,1.47855,1.4788,1.50,1.50
2012.03.02 09:38:26.113,1.47852,1.47879,3.00,1.50
2012.03.02 09:38:26.538,1.47852,1.47873,1.50,1.50
2012.03.02 09:38:26.718,1.47848,1.47873,2.25,1.50
2012.03.02 09:38:27.478,1.47846,1.47873,1.88,3.00
2012.03.02 09:38:28.081,1.47846,1.47871,1.50,1.50
2012.03.02 09:38:28.645,1.47846,1.47872,1.50,1.50
2012.03.02 09:38:28.969,1.47849,1.47872,1.50,1.50
2012.03.02 09:38:30.535,1.47852,1.47872,1.50,1.50
2012.03.02 09:38:32.306,1.47848,1.47872,1.50,1.50
2012.03.02 09:38:36.230,1.47849,1.47872,1.50,1.50
2012.03.02 09:38:36.325,1.47849,1.47876,1.50,1.50
2012.03.02 09:38:36.403,1.47847,1.47876,1.50,1.50
2012.03.02 09:38:36.607,1.47847,1.47874,1.50,1.50
2012.03.02 09:38:36.736,1.47847,1.47876,1.50,1.50
2012.03.02 09:38:37.557,1.47852,1.47877,1.50,1.50
2012.03.02 09:38:37.732,1.47853,1.4788,1.50,3.00
2012.03.02 09:38:42.824,1.47853,1.47874,1.50,1.50
2012.03.02 09:38:42.905,1.47846,1.47873,1.13,1.50
2012.03.02 09:38:43.038,1.47846,1.47869,1.13,1.50
2012.03.02 09:38:43.288,1.47844,1.47871,3.00,1.50
2012.03.02 09:38:43.360,1.47856,1.47872,1.84,1.50
2012.03.02 09:38:43.561,1.47856,1.47874,1.84,1.50
2012.03.02 09:38:44.270,1.47856,1.47874,4.09,1.50
2012.03.02 09:38:44.347,1.47866,1.47892,3.00,1.50
2012.03.02 09:38:44.483,1.47866,1.47889,1.50,1.50
2012.03.02 09:38:44.731,1.47863,1.47888,1.50,1.50
2012.03.02 09:38:45.239,1.47865,1.47889,2.25,1.50
2012.03.02 09:38:46.221,1.47865,1.47892,1.50,1.50
2012.03.02 09:38:46.831,1.47865,1.47893,1.50,1.50
2012.03.02 09:38:47.707,1.47864,1.47893,4.50,3.00
2012.03.02 09:38:47.897,1.47864,1.4789,2.25,1.50
2012.03.02 09:38:48.205,1.47864,1.47885,1.50,1.50
2012.03.02 09:38:48.348,1.47861,1.47888,1.50,1.50
2012.03.02 09:38:51.132,1.47861,1.47887,1.50,1.50
2012.03.02 09:38:51.202,1.47857,1.47886,1.50,1.50
2012.03.02 09:38:51.332,1.47858,1.47884,1.80,1.50
2012.03.02 09:38:51.866,1.47859,1.47885,1.50,1.50
2012.03.02 09:38:52.508,1.47858,1.47883,1.50,1.50
2012.03.02 09:38:52.757,1.47856,1.47883,3.00,1.50
2012.03.02 09:38:53.305,1.47856,1.47881,1.50,1.50
2012.03.02 09:38:53.884,1.47856,1.47882,3.00,1.50
2012.03.02 09:38:54.276,1.47856,1.4788,1.50,1.50
2012.03.02 09:38:54.346,1.47856,1.47884,1.50,3.00
2012.03.02 09:38:58.885,1.47857,1.47884,1.50,3.00
2012.03.02 09:38:58.953,1.47859,1.47884,1.50,1.50
2012.03.02 09:39:01.328,1.4786,1.47884,1.50,1.50
2012.03.02 09:39:01.631,1.47857,1.47883,1.50,3.00
2012.03.02 09:39:02.196,1.47858,1.47883,1.50,1.50
2012.03.02 09:39:02.877,1.47861,1.47888,1.50,1.50
2012.03.02 09:39:03.004,1.47863,1.47891,1.50,1.50
2012.03.02 09:39:03.759,1.47861,1.47888,1.50,1.50
2012.03.02 09:39:04.070,1.47872,1.47897,1.50,1.95
2012.03.02 09:39:04.293,1.47872,1.47899,1.50,3.00
2012.03.02 09:39:04.887,1.4787,1.47895,1.13,1.50
2012.03.02 09:39:05.208,1.47874,1.47901,1.88,3.00
2012.03.02 09:39:05.516,1.47877,1.47901,1.50,1.50
2012.03.02 09:39:06.049,1.47877,1.479,1.50,2.25
2012.03.02 09:39:06.116,1.47874,1.479,1.88,1.50
2012.03.02 09:39:06.464,1.4787,1.47899,1.50,1.50
2012.03.02 09:39:06.537,1.47872,1.47899,1.50,1.50
2012.03.02 09:39:06.664,1.47873,1.47901,1.50,1.50
2012.03.02 09:39:07.435,1.47873,1.479,1.50,1.50
2012.03.02 09:39:07.505,1.47872,1.47898,1.50,3.00
2012.03.02 09:39:07.578,1.47869,1.47896,1.50,1.50
2012.03.02 09:39:11.084,1.47877,1.47897,1.50,1.50
2012.03.02 09:39:11.173,1.47887,1.47913,1.50,1.50
2012.03.02 09:39:11.327,1.47884,1.47911,2.25,1.50
2012.03.02 09:39:11.653,1.47883,1.47908,1.13,1.50
2012.03.02 09:39:11.801,1.47882,1.47911,1.88,3.00
2012.03.02 09:39:11.987,1.47889,1.47917,1.50,3.00
2012.03.02 09:39:12.650,1.47889,1.47918,1.50,3.00
2012.03.02 09:39:12.725,1.47895,1.47918,1.50,1.50
2012.03.02 09:39:13.706,1.47895,1.47924,1.50,1.50
2012.03.02 09:39:13.835,1.47895,1.47919,1.50,1.50
2012.03.02 09:39:14.148,1.47893,1.47919,1.50,1.50
2012.03.02 09:39:14.385,1.47895,1.47919,1.50,1.50
2012.03.02 09:39:15.372,1.4789,1.4791,1.50,1.50
2012.03.02 09:39:17.969,1.47886,1.4791,1.50,1.50
2012.03.02 09:39:18.356,1.4789,1.4791,1.50,1.50
2012.03.02 09:39:18.849,1.47893,1.4791,1.50,1.50
2012.03.02 09:39:19.044,1.4789,1.4791,1.50,1.50
2012.03.02 09:39:19.718,1.47894,1.47917,1.50,1.50
2012.03.02 09:39:19.789,1.47895,1.47919,1.50,1.50
2012.03.02 09:39:19.858,1.47895,1.47921,1.50,1.50
2012.03.02 09:39:19.926,1.47897,1.47923,1.50,1.50
2012.03.02 09:39:20.235,1.47897,1.4792,1.50,1.50
2012.03.02 09:39:20.306,1.47897,1.47922,1.50,1.50
2012.03.02 09:39:20.377,1.47895,1.47919,1.50,1.50
2012.03.02 09:39:20.684,1.47895,1.47922,1.50,1.50
2012.03.02 09:39:24.373,1.47897,1.47924,1.50,3.00
2012.03.02 09:39:24.805,1.47899,1.47924,1.50,1.50
2012.03.02 09:39:25.533,1.47897,1.47921,1.50,1.50
2012.03.02 09:39:25.621,1.479,1.47925,1.50,1.50
2012.03.02 09:39:26.417,1.47899,1.47925,1.50,3.00
2012.03.02 09:39:26.980,1.47899,1.47925,3.34,3.00
2012.03.02 09:39:27.606,1.47906,1.47925,1.84,1.50
2012.03.02 09:39:27.698,1.47903,1.47923,1.50,1.50
2012.03.02 09:39:27.778,1.47903,1.47923,2.55,1.50
2012.03.02 09:39:27.982,1.47903,1.47928,2.25,1.50
2012.03.02 09:39:28.106,1.47901,1.47928,1.50,1.50
2012.03.02 09:39:28.298,1.47898,1.47926,1.50,1.50
2012.03.02 09:39:28.545,1.479,1.47928,1.50,1.50
2012.03.02 09:39:29.247,1.479,1.47924,1.50,1.50
2012.03.02 09:39:29.575,1.47898,1.47924,1.88,1.50
2012.03.02 09:39:30.014,1.47901,1.47924,1.50,1.50
2012.03.02 09:39:32.884,1.47904,1.47931,1.50,3.00
2012.03.02 09:39:33.259,1.47904,1.4793,1.50,2.59
2012.03.02 09:39:33.566,1.47904,1.47919,1.50,1.50
2012.03.02 09:39:33.635,1.47904,1.47931,1.50,1.50
2012.03.02 09:39:33.705,1.47901,1.47924,1.50,1.50
2012.03.02 09:39:33.836,1.47906,1.47932,1.50,1.50
2012.03.02 09:39:33.906,1.47904,1.47931,1.50,1.50
2012.03.02 09:39:33.974,1.47902,1.47931,1.50,1.50
2012.03.02 09:39:34.286,1.47901,1.47925,1.50,1.50
2012.03.02 09:39:34.357,1.47898,1.47925,1.13,1.50
2012.03.02 09:39:34.546,1.47898,1.47923,1.13,1.50
2012.03.02 09:39:35.158,1.47897,1.4792,1.13,1.50
2012.03.02 09:39:35.486,1.47897,1.47922,2.25,1.50
2012.03.02 09:39:35.555,1.47897,1.47924,1.50,1.50
2012.03.02 09:39:35.684,1.47898,1.4792,1.50,1.50
2012.03.02 09:39:35.944,1.47895,1.4792,1.50,1.50
2012.03.02 09:39:36.937,1.47895,1.47918,1.50,1.50
2012.03.02 09:39:37.295,1.47895,1.47918,1.88,1.50
2012.03.02 09:39:38.845,1.47898,1.47919,1.13,1.50
2012.03.02 09:39:39.155,1.47894,1.4792,3.00,1.50
2012.03.02 09:39:39.524,1.47894,1.4792,3.75,1.50
2012.03.02 09:39:39.660,1.47894,1.4792,3.00,1.50
2012.03.02 09:39:39.727,1.47894,1.4792,3.75,1.50
2012.03.02 09:39:40.056,1.47899,1.4792,1.50,1.50
2012.03.02 09:39:40.126,1.47894,1.4792,3.00,1.50
2012.03.02 09:39:40.195,1.47895,1.47924,1.50,1.50
2012.03.02 09:39:40.268,1.47898,1.47925,1.50,1.50
2012.03.02 09:39:40.575,1.47904,1.47928,1.50,1.50
2012.03.02 09:39:41.147,1.47902,1.47925,1.50,1.50
2012.03.02 09:39:41.215,1.47898,1.47924,1.50,1.50
2012.03.02 09:39:41.721,1.47899,1.47925,1.50,1.50
2012.03.02 09:39:41.790,1.47898,1.47921,1.50,1.50
2012.03.02 09:39:41.862,1.47894,1.47921,2.25,1.50
2012.03.02 09:39:42.001,1.47894,1.47918,1.50,1.50
2012.03.02 09:39:42.139,1.4789,1.47916,3.00,1.50
2012.03.02 09:39:42.209,1.47894,1.47918,1.50,1.50
2012.03.02 09:39:42.877,1.47889,1.47917,1.88,1.50
2012.03.02 09:39:42.953,1.47887,1.47914,1.13,1.50
2012.03.02 09:39:43.256,1.47886,1.47912,1.88,1.50
2012.03.02 09:39:43.764,1.47887,1.47913,1.88,1.50
2012.03.02 09:39:49.280,1.47892,1.47913,1.09,1.50
2012.03.02 09:39:49.352,1.47895,1.47921,3.00,1.20
2012.03.02 09:39:49.765,1.47901,1.47921,1.50,1.20
2012.03.02 09:39:49.958,1.47901,1.47924,1.50,2.25
2012.03.02 09:39:50.109,1.47901,1.47924,1.50,1.50
2012.03.02 09:39:50.237,1.47895,1.47924,3.75,1.50
2012.03.02 09:39:50.304,1.479,1.47924,1.50,1.50
2012.03.02 09:39:50.556,1.47895,1.4792,1.50,1.50
2012.03.02 09:39:52.349,1.47895,1.4792,1.50,2.25
2012.03.02 09:39:52.716,1.47896,1.47922,1.50,1.50
2012.03.02 09:39:53.087,1.47894,1.4792,1.50,1.50
2012.03.02 09:39:53.859,1.47894,1.4792,1.84,1.50
2012.03.02 09:39:55.320,1.47899,1.47926,1.50,1.50
2012.03.02 09:39:55.838,1.47905,1.47928,1.50,1.95
2012.03.02 09:39:55.916,1.47901,1.47928,1.50,2.25
2012.03.02 09:39:55.996,1.47899,1.47927,3.00,1.50
2012.03.02 09:39:56.128,1.47899,1.47918,1.50,1.50
2012.03.02 09:39:56.265,1.4789,1.47913,1.43,1.50
2012.03.02 09:39:56.457,1.47887,1.47912,1.50,1.50
2012.03.02 09:39:56.527,1.47888,1.47913,2.89,1.50
2012.03.02 09:39:56.786,1.47892,1.47916,1.50,1.50
2012.03.02 09:39:56.857,1.47892,1.47919,1.50,1.95
2012.03.02 09:39:57.287,1.47892,1.47917,1.50,1.50
2012.03.02 09:39:57.357,1.47888,1.47917,1.50,1.50
2012.03.02 09:39:59.315,1.47892,1.47918,1.50,1.50
2012.03.02 09:40:00.106,1.47892,1.47919,1.50,1.50
2012.03.02 09:40:00.437,1.479,1.47923,1.50,2.25
2012.03.02 09:40:01.463,1.479,1.47926,3.00,1.50
2012.03.02 09:40:01.591,1.479,1.47918,1.50,1.50
2012.03.02 09:40:01.897,1.47902,1.47918,1.50,1.50
2012.03.02 09:40:01.968,1.47902,1.4793,1.50,3.38
2012.03.02 09:40:02.759,1.47903,1.4793,1.50,3.38
2012.03.02 09:40:03.246,1.47899,1.47927,3.75,1.88
2012.03.02 09:40:03.318,1.47899,1.47924,2.25,1.50
2012.03.02 09:40:03.506,1.47899,1.47927,3.75,1.88
2012.03.02 09:40:03.705,1.47902,1.47929,1.50,1.88
2012.03.02 09:40:03.925,1.479,1.47926,1.50,1.88
2012.03.02 09:40:04.238,1.47899,1.47924,1.50,1.50
2012.03.02 09:40:04.546,1.47896,1.47921,1.50,1.50
2012.03.02 09:40:05.259,1.47908,1.4793,1.50,2.33
2012.03.02 09:40:05.334,1.47895,1.47924,3.00,1.50
2012.03.02 09:40:06.388,1.479,1.47924,1.50,1.50
2012.03.02 09:40:06.516,1.479,1.47926,1.50,1.50
2012.03.02 09:40:06.706,1.47901,1.4793,1.50,1.50
2012.03.02 09:40:09.049,1.479,1.47926,1.50,1.50
2012.03.02 09:40:09.588,1.479,1.47928,3.00,3.00
2012.03.02 09:40:09.806,1.479,1.47926,1.50,1.50
2012.03.02 09:40:11.070,1.47901,1.47927,1.50,1.50
2012.03.02 09:40:11.135,1.47901,1.47929,1.50,1.50
2012.03.02 09:40:11.752,1.47903,1.47931,3.00,1.50
2012.03.02 09:40:12.075,1.47908,1.47929,1.50,1.50
2012.03.02 09:40:14.219,1.47908,1.47932,1.50,1.50
2012.03.02 09:40:15.003,1.47908,1.47933,1.50,1.50
2012.03.02 09:40:15.071,1.47906,1.47933,1.50,1.50
2012.03.02 09:40:15.976,1.47908,1.47934,1.50,1.50
2012.03.02 09:40:16.298,1.47914,1.47937,1.50,1.50
2012.03.02 09:40:16.427,1.47915,1.47941,1.50,1.50
2012.03.02 09:40:16.949,1.47915,1.4794,1.50,1.50
2012.03.02 09:40:17.077,1.47914,1.47943,3.00,3.00
2012.03.02 09:40:17.147,1.47914,1.47943,3.38,3.00
2012.03.02 09:40:17.811,1.47923,1.47943,1.50,1.50
2012.03.02 09:40:17.881,1.47928,1.47952,1.50,3.08
2012.03.02 09:40:18.336,1.47928,1.47952,1.50,1.50
2012.03.02 09:40:18.528,1.47931,1.47952,1.50,1.50
2012.03.02 09:40:18.716,1.47923,1.47947,1.50,1.50
2012.03.02 09:40:18.787,1.47921,1.47947,1.50,1.50
2012.03.02 09:40:18.978,1.47918,1.47945,1.50,1.50
2012.03.02 09:40:19.170,1.47924,1.47947,1.50,1.50
2012.03.02 09:40:19.239,1.47924,1.47951,1.50,3.00
2012.03.02 09:40:19.449,1.47926,1.47951,1.50,1.95
2012.03.02 09:40:20.103,1.4793,1.47951,1.50,1.50
2012.03.02 09:40:20.486,1.47927,1.47951,3.00,1.50
2012.03.02 09:40:20.984,1.47927,1.47952,1.50,1.50
2012.03.02 09:40:21.346,1.4793,1.47952,1.50,1.50
2012.03.02 09:40:21.677,1.47935,1.47956,1.50,2.70
2012.03.02 09:40:22.309,1.47938,1.47957,1.50,1.50
2012.03.02 09:40:22.381,1.47928,1.47951,1.50,1.50
2012.03.02 09:40:22.565,1.47927,1.47953,3.00,1.50
2012.03.02 09:40:22.814,1.47928,1.47956,1.50,2.70
2012.03.02 09:40:23.194,1.47928,1.47951,1.50,1.50
2012.03.02 09:40:23.902,1.47927,1.47951,1.50,1.50
2012.03.02 09:40:24.692,1.47923,1.47946,1.50,1.50
2012.03.02 09:40:25.828,1.47923,1.47952,1.50,4.92
2012.03.02 09:40:25.899,1.47926,1.47952,1.50,3.42
2012.03.02 09:40:26.965,1.47921,1.47949,1.50,1.50
2012.03.02 09:40:27.220,1.47924,1.47949,1.50,1.50
2012.03.02 09:40:27.542,1.47926,1.47946,1.50,1.50
2012.03.02 09:40:27.676,1.47923,1.47946,1.50,1.50
2012.03.02 09:40:27.837,1.47923,1.47949,1.50,1.50
2012.03.02 09:40:27.965,1.47923,1.47947,1.50,1.50
2012.03.02 09:40:28.256,1.4792,1.47947,1.50,1.50
2012.03.02 09:40:28.963,1.47923,1.47949,1.50,1.50
2012.03.02 09:40:29.165,1.47924,1.47951,1.50,3.00
2012.03.02 09:40:29.716,1.47922,1.47949,2.25,1.50
2012.03.02 09:40:30.657,1.47923,1.47952,1.50,3.00
2012.03.02 09:40:32.466,1.47925,1.47952,1.50,3.00
2012.03.02 09:40:32.935,1.47927,1.47952,1.50,1.50
2012.03.02 09:40:36.299,1.47927,1.47947,1.50,1.50
2012.03.02 09:40:36.369,1.47924,1.47947,1.50,1.50
2012.03.02 09:40:36.678,1.47917,1.47946,3.00,1.50
2012.03.02 09:40:36.928,1.4792,1.47946,1.50,1.50
2012.03.02 09:40:37.492,1.47921,1.47947,1.50,1.50
2012.03.02 09:40:38.049,1.47918,1.47947,1.50,3.00
2012.03.02 09:40:38.123,1.47922,1.47947,1.50,1.50
2012.03.02 09:40:39.139,1.47922,1.47947,1.50,2.25
2012.03.02 09:40:39.266,1.47911,1.47938,1.88,1.84
2012.03.02 09:40:39.657,1.47915,1.47938,1.50,1.84
2012.03.02 09:40:40.025,1.47918,1.47941,1.50,1.50
2012.03.02 09:40:40.156,1.47918,1.47946,1.50,1.54
2012.03.02 09:40:43.034,1.47917,1.47943,3.00,1.50
2012.03.02 09:40:43.373,1.47917,1.47941,1.50,1.50
2012.03.02 09:40:43.902,1.47919,1.47941,1.50,1.50
2012.03.02 09:40:43.977,1.47919,1.47946,1.50,1.84
2012.03.02 09:40:44.345,1.47919,1.47942,1.50,1.50
2012.03.02 09:40:44.972,1.47921,1.47942,1.50,1.50
2012.03.02 09:40:45.276,1.47925,1.47945,1.50,2.33
2012.03.02 09:40:45.775,1.47922,1.47947,1.50,1.20
2012.03.02 09:40:45.910,1.47922,1.47951,1.50,1.50
2012.03.02 09:40:46.493,1.47921,1.47945,1.50,1.50
2012.03.02 09:40:46.807,1.47924,1.47946,1.50,1.95
2012.03.02 09:40:47.325,1.47924,1.47945,1.50,1.50
2012.03.02 09:40:48.638,1.47924,1.47946,1.50,2.70
2012.03.02 09:40:48.964,1.47918,1.47938,1.50,1.50
2012.03.02 09:40:49.155,1.47918,1.4794,1.50,1.50
2012.03.02 09:40:49.412,1.47912,1.47938,1.88,1.50
2012.03.02 09:40:49.541,1.4792,1.47938,1.50,2.25
2012.03.02 09:40:50.078,1.4792,1.47937,1.50,1.50
2012.03.02 09:40:50.155,1.47913,1.4794,3.38,3.75
2012.03.02 09:40:50.230,1.47918,1.4794,1.50,2.25
2012.03.02 09:40:50.339,1.47918,1.4794,1.50,1.50
2012.03.02 09:40:50.780,1.47918,1.47938,1.50,1.50
2012.03.02 09:40:52.241,1.4791,1.47937,1.88,1.50
2012.03.02 09:40:52.609,1.47909,1.47935,1.88,1.50
2012.03.02 09:40:52.909,1.47911,1.47937,1.88,1.50
2012.03.02 09:40:56.151,1.47911,1.47937,1.88,1.50
2012.03.02 09:40:56.214,1.47911,1.47939,3.38,1.50
2012.03.02 09:40:56.837,1.47911,1.47939,3.38,1.50
2012.03.02 09:40:56.914,1.47911,1.47937,1.88,1.50
2012.03.02 09:40:57.370,1.47914,1.47937,1.50,1.50
2012.03.02 09:40:57.675,1.47914,1.4794,1.50,1.50
2012.03.02 09:40:58.885,1.47914,1.4794,1.50,2.59
2012.03.02 09:40:58.951,1.47908,1.47935,1.50,2.33
2012.03.02 09:40:59.018,1.4791,1.47935,1.50,2.33
2012.03.02 09:40:59.349,1.47914,1.47937,1.50,1.58
2012.03.02 09:40:59.886,1.47914,1.47941,1.50,3.83
2012.03.02 09:40:59.954,1.47914,1.47941,1.50,3.83
2012.03.02 09:41:00.029,1.47918,1.47941,1.50,2.33
2012.03.02 09:41:00.540,1.47918,1.47941,1.50,2.33
2012.03.02 09:41:02.018,1.47918,1.47942,1.50,1.20
2012.03.02 09:41:03.149,1.47917,1.47943,1.50,2.25
2012.03.02 09:41:03.217,1.47915,1.47941,1.50,1.50
2012.03.02 09:41:03.472,1.47917,1.47946,1.50,6.08
2012.03.02 09:41:04.048,1.47918,1.47946,1.50,2.33
2012.03.02 09:41:04.135,1.47918,1.47943,1.50,1.50
2012.03.02 09:41:04.643,1.47919,1.47943,1.50,1.50
2012.03.02 09:41:05.054,1.47918,1.47945,1.50,1.50
2012.03.02 09:41:05.250,1.47915,1.47941,1.50,1.50
2012.03.02 09:41:06.582,1.47914,1.47941,1.50,1.50
2012.03.02 09:41:07.204,1.47914,1.47941,1.50,2.59
2012.03.02 09:41:07.516,1.47913,1.47934,1.50,1.50
2012.03.02 09:41:07.647,1.47913,1.47936,3.00,1.65
2012.03.02 09:41:07.777,1.47916,1.47936,1.50,1.50
2012.03.02 09:41:08.164,1.47913,1.47941,1.50,2.70
2012.03.02 09:41:09.712,1.47913,1.47941,1.50,1.50
2012.03.02 09:41:09.898,1.47915,1.47942,1.50,1.50
2012.03.02 09:41:10.216,1.47928,1.4795,1.50,1.50
2012.03.02 09:41:10.416,1.47921,1.47948,1.50,1.50
2012.03.02 09:41:10.551,1.47919,1.47947,3.00,1.50
2012.03.02 09:41:11.110,1.47919,1.47946,1.50,1.50
2012.03.02 09:41:11.183,1.47919,1.47944,1.50,1.50
2012.03.02 09:41:11.495,1.47911,1.47928,1.50,1.50
2012.03.02 09:41:11.699,1.479,1.47927,3.75,1.50
2012.03.02 09:41:11.767,1.47907,1.47927,1.09,1.50
2012.03.02 09:41:11.843,1.47914,1.4794,1.50,1.50
2012.03.02 09:41:11.905,1.47913,1.47938,1.50,1.50
2012.03.02 09:41:12.100,1.47914,1.4794,1.50,1.50
2012.03.02 09:41:12.791,1.47913,1.47939,1.50,1.50
2012.03.02 09:41:13.629,1.4792,1.47939,1.50,1.50
2012.03.02 09:41:13.701,1.4792,1.47942,1.50,1.50
2012.03.02 09:41:14.125,1.4792,1.4794,1.50,1.50
2012.03.02 09:41:15.271,1.47922,1.47942,1.50,1.50
2012.03.02 09:41:15.723,1.47919,1.47939,1.50,1.50
2012.03.02 09:41:15.796,1.47913,1.47939,1.50,1.50
2012.03.02 09:41:16.097,1.47913,1.47936,1.50,1.50
2012.03.02 09:41:16.348,1.47907,1.47936,2.25,1.50
2012.03.02 09:41:16.930,1.47907,1.47936,1.88,1.50
2012.03.02 09:41:18.428,1.47907,1.47934,1.84,1.50
2012.03.02 09:41:18.745,1.47917,1.47941,1.50,1.95
2012.03.02 09:41:18.816,1.47917,1.47941,1.50,1.50
2012.03.02 09:41:18.950,1.47914,1.47941,1.50,3.00
2012.03.02 09:41:21.129,1.47914,1.47939,1.50,1.50
2012.03.02 09:41:21.194,1.47906,1.47933,1.88,1.50
2012.03.02 09:41:21.619,1.47909,1.47936,1.50,1.50
2012.03.02 09:41:22.570,1.47906,1.47933,1.88,1.50
2012.03.02 09:41:25.186,1.47915,1.47933,1.84,1.50
2012.03.02 09:41:25.259,1.47925,1.47938,1.50,1.95
2012.03.02 09:41:25.469,1.47926,1.47952,1.50,2.85
2012.03.02 09:41:25.536,1.47926,1.47952,1.50,1.95
2012.03.02 09:41:25.666,1.47925,1.4795,1.50,1.50
2012.03.02 09:41:25.856,1.47926,1.47952,1.50,1.50
2012.03.02 09:41:26.008,1.47929,1.47952,1.50,1.95
2012.03.02 09:41:27.259,1.47925,1.47949,1.50,1.50
2012.03.02 09:41:27.327,1.47923,1.47949,1.50,1.50
2012.03.02 09:41:27.458,1.47923,1.47949,2.25,1.50
2012.03.02 09:41:27.587,1.47932,1.47956,1.50,1.20
2012.03.02 09:41:28.137,1.47932,1.47954,1.50,1.50
2012.03.02 09:41:29.411,1.47932,1.47955,1.50,1.50
2012.03.02 09:41:29.534,1.47932,1.47957,1.50,1.50
2012.03.02 09:41:29.729,1.47935,1.47957,1.84,1.50
2012.03.02 09:41:29.858,1.47938,1.47962,1.84,1.50
2012.03.02 09:41:30.046,1.47939,1.47964,1.50,1.50
2012.03.02 09:41:30.564,1.47939,1.47965,3.00,1.50
2012.03.02 09:41:30.939,1.47942,1.47968,1.50,1.88
2012.03.02 09:41:31.665,1.47944,1.47964,1.50,1.50
2012.03.02 09:41:31.742,1.47939,1.47964,1.09,1.50
2012.03.02 09:41:31.865,1.47943,1.47967,1.50,2.70
2012.03.02 09:41:32.008,1.47945,1.47967,1.50,1.20
2012.03.02 09:41:32.797,1.47942,1.47967,1.50,1.20
2012.03.02 09:41:32.868,1.47941,1.47968,1.50,1.50
2012.03.02 09:41:33.755,1.47944,1.47969,1.50,1.50
2012.03.02 09:41:34.275,1.47945,1.47972,1.50,2.70
2012.03.02 09:41:34.798,1.47944,1.47971,1.84,1.50
2012.03.02 09:41:34.987,1.47943,1.47965,1.84,1.50
2012.03.02 09:41:35.249,1.47944,1.47971,1.84,1.50
2012.03.02 09:41:35.837,1.47946,1.47972,1.50,1.50
2012.03.02 09:41:36.777,1.47944,1.4797,1.50,1.50
2012.03.02 09:41:41.357,1.47944,1.47972,3.00,3.00
2012.03.02 09:41:41.850,1.47944,1.47969,1.50,1.50
2012.03.02 09:41:45.865,1.47942,1.47969,1.50,3.00
2012.03.02 09:41:47.256,1.47939,1.47966,1.50,1.50
2012.03.02 09:41:49.030,1.47939,1.47965,1.50,1.50
2012.03.02 09:41:49.366,1.47937,1.47963,1.84,1.50
2012.03.02 09:41:49.867,1.47938,1.47963,1.50,1.50
2012.03.02 09:41:51.687,1.47942,1.47963,1.50,1.50
2012.03.02 09:41:52.125,1.47943,1.47969,1.50,1.95
2012.03.02 09:41:52.319,1.47945,1.47972,1.50,1.58
2012.03.02 09:41:52.835,1.47946,1.47973,1.50,3.00
2012.03.02 09:41:55.866,1.47949,1.47973,1.50,1.50
2012.03.02 09:41:58.498,1.47947,1.47972,1.50,1.50
2012.03.02 09:41:58.627,1.47943,1.47969,1.50,1.50
2012.03.02 09:41:58.697,1.47944,1.47973,1.50,3.00
2012.03.02 09:41:58.831,1.47948,1.47973,1.50,1.50
2012.03.02 09:41:58.989,1.47942,1.47969,1.50,1.50
2012.03.02 09:41:59.117,1.47944,1.47969,1.50,1.50
2012.03.02 09:41:59.701,1.47941,1.47968,1.50,1.50
2012.03.02 09:42:00.014,1.47941,1.47965,1.50,1.50
2012.03.02 09:42:00.084,1.47937,1.47964,1.50,1.50
2012.03.02 09:42:00.216,1.47936,1.47964,3.00,1.88
2012.03.02 09:42:00.531,1.47929,1.47955,1.50,1.50
2012.03.02 09:42:00.835,1.47927,1.47954,1.50,1.50
2012.03.02 09:42:01.287,1.47925,1.47952,1.84,1.50
2012.03.02 09:42:01.649,1.47928,1.47952,1.50,1.50
2012.03.02 09:42:02.198,1.47933,1.47956,1.50,1.20
2012.03.02 09:42:02.416,1.47933,1.47959,1.50,1.50
2012.03.02 09:42:02.488,1.47933,1.47954,1.50,1.50
2012.03.02 09:42:02.681,1.4793,1.47954,1.50,1.50
2012.03.02 09:42:02.756,1.47927,1.47954,1.50,3.00
2012.03.02 09:42:03.050,1.4793,1.47953,1.50,1.50
2012.03.02 09:42:03.180,1.47928,1.47952,1.50,1.50
2012.03.02 09:42:03.249,1.47925,1.47952,1.50,1.50
2012.03.02 09:42:03.859,1.47927,1.47952,1.50,1.50
2012.03.02 09:42:03.995,1.47925,1.47952,3.00,3.00
2012.03.02 09:42:04.470,1.47927,1.47952,1.50,1.50
2012.03.02 09:42:04.786,1.4793,1.47956,1.50,3.08
2012.03.02 09:42:05.348,1.4793,1.47953,1.50,1.50
2012.03.02 09:42:05.596,1.4793,1.47958,1.50,3.00
2012.03.02 09:42:06.129,1.4793,1.47958,2.25,1.50
2012.03.02 09:42:06.280,1.47938,1.47959,1.50,1.50
2012.03.02 09:42:06.346,1.47938,1.47965,1.50,2.33
2012.03.02 09:42:06.535,1.47938,1.47965,1.50,1.50
2012.03.02 09:42:06.666,1.47938,1.4796,1.50,1.50
2012.03.02 09:42:07.098,1.47936,1.4796,1.50,1.50
2012.03.02 09:42:08.175,1.47936,1.4796,1.50,2.25
2012.03.02 09:42:08.307,1.47931,1.4796,3.75,3.75
2012.03.02 09:42:08.517,1.47937,1.4796,1.50,1.50
2012.03.02 09:42:09.038,1.47933,1.47961,1.50,2.25
2012.03.02 09:42:09.531,1.47933,1.47961,1.50,1.50
2012.03.02 09:42:09.654,1.47936,1.47962,1.50,1.50
2012.03.02 09:42:09.957,1.47936,1.47965,3.00,2.25
2012.03.02 09:42:10.026,1.47936,1.4796,1.50,1.50
2012.03.02 09:42:10.095,1.47932,1.47958,1.50,1.50
2012.03.02 09:42:10.286,1.47934,1.47958,1.50,1.50
2012.03.02 09:42:10.606,1.47934,1.47961,3.00,1.50
2012.03.02 09:42:10.676,1.47934,1.47961,3.00,2.25
2012.03.02 09:42:10.866,1.47931,1.47956,1.50,1.50
2012.03.02 09:42:10.935,1.47926,1.47955,3.75,1.50
2012.03.02 09:42:11.906,1.47926,1.47952,1.50,1.50
2012.03.02 09:42:11.975,1.47923,1.47951,3.00,1.50
2012.03.02 09:42:15.487,1.47927,1.47952,1.50,1.50
2012.03.02 09:42:15.820,1.4793,1.47953,1.50,1.50
2012.03.02 09:42:17.385,1.4793,1.47952,1.50,1.50
2012.03.02 09:42:17.696,1.47927,1.47948,1.50,1.50
2012.03.02 09:42:18.207,1.47923,1.47946,1.50,1.50
2012.03.02 09:42:18.714,1.47922,1.47946,1.50,1.50
2012.03.02 09:42:18.786,1.47919,1.47946,1.50,3.00
2012.03.02 09:42:18.858,1.47916,1.47943,1.50,1.50
2012.03.02 09:42:19.284,1.47915,1.4794,1.50,1.50
2012.03.02 09:42:22.057,1.47915,1.47936,1.50,1.50
2012.03.02 09:42:22.128,1.47911,1.47936,1.80,1.50
2012.03.02 09:42:22.565,1.47913,1.47934,1.50,1.50
2012.03.02 09:42:23.938,1.47916,1.47934,1.50,1.50
2012.03.02 09:42:24.067,1.47913,1.47934,1.50,1.50
2012.03.02 09:42:24.137,1.47913,1.47936,3.00,1.50
2012.03.02 09:42:24.206,1.47914,1.47941,1.50,3.00
2012.03.02 09:42:24.338,1.47913,1.47939,1.50,1.50
2012.03.02 09:42:24.930,1.47914,1.47939,1.50,1.50
2012.03.02 09:42:25.115,1.47914,1.47943,3.00,3.00
2012.03.02 09:42:25.780,1.47918,1.47943,1.50,1.50
2012.03.02 09:42:26.129,1.47914,1.47942,3.00,1.50
2012.03.02 09:42:27.432,1.47923,1.47943,1.50,1.50
2012.03.02 09:42:27.559,1.47923,1.47945,1.50,1.50
2012.03.02 09:42:28.051,1.47921,1.47942,1.50,1.50
2012.03.02 09:42:28.966,1.47922,1.47942,1.50,1.50
2012.03.02 09:42:30.971,1.4792,1.47942,1.50,1.50
2012.03.02 09:42:31.923,1.4792,1.47947,1.50,1.50
2012.03.02 09:42:33.152,1.47918,1.4794,1.50,1.50
2012.03.02 09:42:33.342,1.47917,1.47943,1.50,1.50
2012.03.02 09:42:33.531,1.47912,1.47941,3.00,1.50
2012.03.02 09:42:33.606,1.47916,1.47942,1.50,1.50
2012.03.02 09:42:33.939,1.4792,1.47946,1.50,1.50
2012.03.02 09:42:34.518,1.47919,1.47946,1.50,1.50
2012.03.02 09:42:34.597,1.47921,1.47951,1.50,3.08
2012.03.02 09:42:34.789,1.47924,1.47952,1.50,1.20
2012.03.02 09:42:34.916,1.47924,1.47953,1.50,1.50
2012.03.02 09:42:35.047,1.47924,1.47955,1.50,3.00
2012.03.02 09:42:35.606,1.47922,1.47952,1.50,1.50
2012.03.02 09:42:35.951,1.47921,1.47954,1.50,1.50
2012.03.02 09:42:36.015,1.47921,1.47957,1.50,1.95
2012.03.02 09:42:36.618,1.47923,1.47949,1.50,1.50
2012.03.02 09:42:37.668,1.4792,1.47946,1.50,1.50
2012.03.02 09:42:38.058,1.47926,1.4795,1.50,1.50
2012.03.02 09:42:38.246,1.4792,1.47952,1.50,1.50
2012.03.02 09:42:39.541,1.47919,1.47943,1.05,1.50
2012.03.02 09:42:39.614,1.47917,1.47943,1.06,1.50
2012.03.02 09:42:39.878,1.47915,1.47943,1.50,1.50
2012.03.02 09:42:40.393,1.47914,1.47943,2.25,1.50
2012.03.02 09:42:41.388,1.47914,1.47943,1.84,1.50
2012.03.02 09:42:45.198,1.47914,1.47943,2.25,1.50
2012.03.02 09:42:45.758,1.47914,1.47943,4.09,1.50
2012.03.02 09:42:46.190,1.47923,1.47949,1.50,3.00
2012.03.02 09:42:46.590,1.47914,1.47945,1.50,1.50
2012.03.02 09:42:47.645,1.47914,1.47945,1.50,2.25
2012.03.02 09:42:47.752,1.47909,1.47937,1.50,1.50
2012.03.02 09:42:48.148,1.47911,1.47939,1.50,1.50
2012.03.02 09:42:48.462,1.47909,1.47935,1.50,1.50
2012.03.02 09:42:48.767,1.47909,1.47937,1.50,1.50
2012.03.02 09:42:48.836,1.47914,1.4794,1.50,1.50
2012.03.02 09:42:49.556,1.4791,1.47936,1.50,1.50
2012.03.02 09:42:50.004,1.47912,1.47938,1.50,1.50
2012.03.02 09:42:51.109,1.47913,1.47939,1.50,1.50
2012.03.02 09:42:51.681,1.47914,1.4794,1.50,1.50
2012.03.02 09:42:53.290,1.47914,1.47939,1.50,1.50
2012.03.02 09:42:54.074,1.47914,1.47936,1.50,1.50
2012.03.02 09:42:54.150,1.47911,1.47936,1.50,1.50
2012.03.02 09:42:54.335,1.47909,1.47936,1.09,1.50
2012.03.02 09:42:54.678,1.4791,1.47936,3.38,1.50
2012.03.02 09:42:55.262,1.47923,1.47943,1.84,1.50
2012.03.02 09:42:55.336,1.47925,1.47951,1.84,1.50
2012.03.02 09:42:55.605,1.47924,1.47949,1.50,1.50
2012.03.02 09:42:55.916,1.47928,1.47954,1.50,3.00
2012.03.02 09:42:56.706,1.47928,1.47948,1.50,1.50
2012.03.02 09:42:56.896,1.4792,1.47945,1.09,1.50
2012.03.02 09:42:56.967,1.47918,1.47945,3.00,1.50
2012.03.02 09:42:57.738,1.47918,1.47942,1.50,1.50
2012.03.02 09:42:58.238,1.47912,1.47937,1.84,1.50
2012.03.02 09:42:58.382,1.4791,1.47935,1.84,1.50
2012.03.02 09:42:58.906,1.47913,1.47936,1.50,1.50
2012.03.02 09:43:02.830,1.47912,1.47936,1.50,1.50
2012.03.02 09:43:03.318,1.47909,1.47935,1.50,1.50
2012.03.02 09:43:04.116,1.4791,1.47937,1.50,1.50
2012.03.02 09:43:04.193,1.4791,1.47935,1.50,1.50
2012.03.02 09:43:04.525,1.47913,1.47939,1.50,1.95
2012.03.02 09:43:04.598,1.47913,1.47939,1.50,1.50
2012.03.02 09:43:04.669,1.47913,1.47936,1.50,1.50
2012.03.02 09:43:04.739,1.47913,1.47938,1.50,1.50
2012.03.02 09:43:04.870,1.47913,1.47935,1.50,1.50
2012.03.02 09:43:05.187,1.47913,1.47931,1.50,1.50
2012.03.02 09:43:05.258,1.47906,1.47931,1.06,1.50
2012.03.02 09:43:05.845,1.47905,1.47931,3.38,1.50
2012.03.02 09:43:06.327,1.47906,1.47928,1.50,1.50
2012.03.02 09:43:06.516,1.47906,1.47932,1.50,1.50
2012.03.02 09:43:09.627,1.47907,1.47934,3.00,1.50
2012.03.02 09:43:09.696,1.4791,1.47935,1.50,1.50
2012.03.02 09:43:10.234,1.4791,1.47936,1.50,1.50
2012.03.02 09:43:11.839,1.47906,1.47933,3.38,1.50
2012.03.02 09:43:12.366,1.47906,1.47932,1.88,1.50
2012.03.02 09:43:12.438,1.47906,1.47935,3.38,1.50
2012.03.02 09:43:13.307,1.4791,1.47936,1.50,3.00
2012.03.02 09:43:14.736,1.47911,1.4794,1.50,1.50
2012.03.02 09:43:17.511,1.47911,1.47939,1.50,1.50
2012.03.02 09:43:17.574,1.47909,1.47937,1.50,1.50
2012.03.02 09:43:17.974,1.47913,1.4794,1.50,1.50
2012.03.02 09:43:18.460,1.47913,1.47938,1.50,1.50
2012.03.02 09:43:19.846,1.47907,1.47934,3.00,1.50
2012.03.02 09:43:19.977,1.47907,1.47932,1.50,1.50
2012.03.02 09:43:20.374,1.47907,1.47936,3.00,1.50
2012.03.02 09:43:21.246,1.4791,1.47938,1.50,1.50
2012.03.02 09:43:21.553,1.47914,1.47942,3.00,1.50
2012.03.02 09:43:22.166,1.47915,1.47938,1.50,1.50
2012.03.02 09:43:22.487,1.47915,1.47936,1.50,1.50
2012.03.02 09:43:22.807,1.47915,1.4793,1.50,1.50
2012.03.02 09:43:22.879,1.47904,1.4793,1.88,1.50
2012.03.02 09:43:23.315,1.47908,1.47935,1.50,1.50
2012.03.02 09:43:23.504,1.47911,1.47938,1.50,5.33
2012.03.02 09:43:25.004,1.47911,1.47937,1.50,1.50
2012.03.02 09:43:25.082,1.47908,1.47935,1.50,1.50
2012.03.02 09:43:25.747,1.47905,1.47932,1.88,1.50
2012.03.02 09:43:26.337,1.47908,1.47933,1.50,1.50
2012.03.02 09:43:28.587,1.47908,1.47935,1.50,3.00
2012.03.02 09:43:29.990,1.47911,1.47935,1.50,1.50
2012.03.02 09:43:30.672,1.47907,1.47935,1.50,3.00
2012.03.02 09:43:31.197,1.47906,1.47932,1.50,1.50
2012.03.02 09:43:31.971,1.47911,1.47935,1.50,1.50
2012.03.02 09:43:32.038,1.47908,1.47934,1.50,1.50
2012.03.02 09:43:33.236,1.47906,1.47933,1.50,1.50
2012.03.02 09:43:33.854,1.47908,1.47934,1.50,1.50
2012.03.02 09:43:34.483,1.47908,1.47935,1.50,3.00
2012.03.02 09:43:37.886,1.47906,1.47932,1.50,1.50
2012.03.02 09:43:38.535,1.47905,1.47928,1.50,1.50
2012.03.02 09:43:39.179,1.47906,1.47932,1.50,1.50
2012.03.02 09:43:39.714,1.47905,1.47931,1.50,1.50
2012.03.02 09:43:39.787,1.47903,1.4793,1.50,1.50
2012.03.02 09:43:39.855,1.47901,1.4793,3.00,1.50
2012.03.02 09:43:39.984,1.47901,1.47926,1.50,1.50
2012.03.02 09:43:40.848,1.47901,1.47929,3.00,1.50
2012.03.02 09:43:41.412,1.47901,1.4793,3.00,1.50
2012.03.02 09:43:44.619,1.47901,1.4793,1.50,2.25
2012.03.02 09:43:44.689,1.47898,1.47927,3.00,1.50
2012.03.02 09:43:45.626,1.47898,1.47926,3.00,1.50
2012.03.02 09:43:45.716,1.47898,1.47923,1.50,1.50
2012.03.02 09:43:46.535,1.47898,1.47926,3.00,1.50
2012.03.02 09:43:46.666,1.47901,1.47928,1.50,1.50
2012.03.02 09:43:51.479,1.47904,1.47928,1.50,1.50
2012.03.02 09:43:51.546,1.47907,1.47933,3.00,1.50
2012.03.02 09:43:51.615,1.4791,1.47936,1.50,1.50
2012.03.02 09:43:52.104,1.47907,1.47932,1.50,1.50
2012.03.02 09:43:52.297,1.47907,1.47935,3.00,1.50
2012.03.02 09:43:52.786,1.47912,1.47936,1.50,1.50
2012.03.02 09:43:53.990,1.47906,1.47933,1.13,1.50
2012.03.02 09:43:54.585,1.47906,1.47933,1.13,1.50
2012.03.02 09:43:56.444,1.47906,1.47933,1.13,1.50
2012.03.02 09:43:56.518,1.47907,1.47936,1.50,1.50
2012.03.02 09:43:59.377,1.47906,1.47931,2.63,1.50
2012.03.02 09:43:59.451,1.47898,1.47925,1.50,1.50
2012.03.02 09:44:03.688,1.47903,1.4793,1.50,1.50
2012.03.02 09:44:04.005,1.47901,1.47928,1.84,1.50
2012.03.02 09:44:04.347,1.4791,1.47937,1.50,3.00
2012.03.02 09:44:04.654,1.47911,1.47931,1.50,1.50
2012.03.02 09:44:04.857,1.47906,1.47931,2.25,1.50
2012.03.02 09:44:05.820,1.47906,1.47931,1.50,1.50
2012.03.02 09:44:06.670,1.47907,1.47935,1.50,1.50
2012.03.02 09:44:07.247,1.47907,1.47927,1.50,1.50
2012.03.02 09:44:07.438,1.479,1.47923,1.05,1.50
2012.03.02 09:44:07.510,1.479,1.47921,1.05,1.50
2012.03.02 09:44:07.698,1.47894,1.47921,3.90,1.50
2012.03.02 09:44:07.825,1.47894,1.47921,3.15,1.50
2012.03.02 09:44:08.026,1.47896,1.47923,1.50,3.00
2012.03.02 09:44:08.337,1.47903,1.4793,1.50,1.50
2012.03.02 09:44:08.746,1.479,1.47928,4.77,1.50
2012.03.02 09:44:10.437,1.479,1.47928,2.97,2.25
2012.03.02 09:44:10.827,1.479,1.47924,1.47,1.50
2012.03.02 09:44:11.356,1.47899,1.47924,1.50,2.25
2012.03.02 09:44:11.427,1.47895,1.47924,1.84,2.25
2012.03.02 09:44:11.720,1.47899,1.47925,1.50,1.50
2012.03.02 09:44:12.383,1.47899,1.47926,3.00,3.00
2012.03.02 09:44:13.339,1.47897,1.47924,1.50,1.50
2012.03.02 09:44:13.945,1.47896,1.47924,1.50,1.50
2012.03.02 09:44:15.007,1.47897,1.47924,1.50,1.50
2012.03.02 09:44:17.305,1.47894,1.4792,1.50,3.00
2012.03.02 09:44:17.786,1.47892,1.47917,1.84,1.50
2012.03.02 09:44:18.097,1.4789,1.47912,2.59,1.50
2012.03.02 09:44:18.290,1.47894,1.4792,1.50,3.00
2012.03.02 09:44:18.539,1.47894,1.47917,1.50,1.50
2012.03.02 09:44:19.137,1.4789,1.47917,1.50,3.00
2012.03.02 09:44:19.386,1.4789,1.47912,1.50,1.50
2012.03.02 09:44:19.516,1.47884,1.47911,4.06,1.50
2012.03.02 09:44:20.067,1.47884,1.4791,1.50,1.50
2012.03.02 09:44:20.990,1.47884,1.47901,1.50,1.50
2012.03.02 09:44:21.063,1.4789,1.47911,1.50,1.50
2012.03.02 09:44:21.703,1.479,1.47914,1.50,1.50
2012.03.02 09:44:21.775,1.479,1.4792,1.50,1.50
2012.03.02 09:44:22.179,1.479,1.47923,1.50,1.50
2012.03.02 09:44:22.249,1.47896,1.47923,1.50,1.50
2012.03.02 09:44:22.702,1.47899,1.47923,1.50,1.50
2012.03.02 09:44:23.068,1.47894,1.4792,1.13,1.50
2012.03.02 09:44:23.384,1.47891,1.4792,4.09,1.50
2012.03.02 09:44:23.546,1.47895,1.47921,1.50,3.00
2012.03.02 09:44:23.675,1.47892,1.47919,3.75,1.50
2012.03.02 09:44:24.265,1.47891,1.47916,2.59,1.50
2012.03.02 09:44:24.336,1.47896,1.47923,1.50,1.50
2012.03.02 09:44:25.266,1.47894,1.47921,1.50,1.50
2012.03.02 09:44:25.334,1.47892,1.47921,2.25,1.50
2012.03.02 09:44:26.186,1.47895,1.47923,1.50,1.50
2012.03.02 09:44:27.133,1.47895,1.47922,1.50,1.50
2012.03.02 09:44:27.521,1.47894,1.4792,1.50,1.50
2012.03.02 09:44:30.651,1.47894,1.4792,1.50,2.25
2012.03.02 09:44:30.780,1.47894,1.4792,1.50,2.25
2012.03.02 09:44:30.910,1.47894,1.47912,1.50,1.50
2012.03.02 09:44:31.219,1.47895,1.47917,1.50,1.50
2012.03.02 09:44:31.287,1.47891,1.47917,1.50,3.00
2012.03.02 09:44:31.355,1.47889,1.47914,1.50,1.50
2012.03.02 09:44:31.488,1.4789,1.47917,1.50,3.00
2012.03.02 09:44:32.004,1.47894,1.47919,1.50,1.50
2012.03.02 09:44:32.086,1.47894,1.47922,3.00,1.50
2012.03.02 09:44:33.698,1.47897,1.47924,1.50,1.50
2012.03.02 09:44:36.978,1.47894,1.47919,1.50,1.50
2012.03.02 09:44:37.104,1.47892,1.47919,1.50,1.50
2012.03.02 09:44:37.175,1.47892,1.47919,1.84,1.50
2012.03.02 09:44:37.485,1.47902,1.47926,1.50,1.50
2012.03.02 09:44:37.867,1.479,1.47923,1.50,1.50
2012.03.02 09:44:37.935,1.47896,1.47923,1.50,1.50
2012.03.02 09:44:38.564,1.47899,1.47925,1.50,1.50
2012.03.02 09:44:39.018,1.47897,1.47917,1.50,1.50
2012.03.02 09:44:39.582,1.47904,1.47925,1.50,1.50
2012.03.02 09:44:39.705,1.47902,1.47925,1.50,1.50
2012.03.02 09:44:40.987,1.47899,1.47925,1.50,1.50
2012.03.02 09:44:42.195,1.47899,1.47926,1.50,3.00
2012.03.02 09:44:43.007,1.47901,1.47926,1.50,3.00
2012.03.02 09:44:43.533,1.47902,1.47926,1.50,1.50
2012.03.02 09:44:44.048,1.47901,1.47926,1.50,1.50
2012.03.02 09:44:44.114,1.47899,1.47926,1.50,1.50
2012.03.02 09:44:44.310,1.47904,1.47926,1.50,1.50
2012.03.02 09:44:44.377,1.47901,1.47926,1.50,1.50
2012.03.02 09:44:44.445,1.47901,1.47924,1.50,1.50
2012.03.02 09:44:44.519,1.47899,1.47924,1.50,1.50
2012.03.02 09:44:44.585,1.47896,1.47924,1.50,1.50
2012.03.02 09:44:44.723,1.47901,1.47924,1.50,1.50
2012.03.02 09:44:44.909,1.47905,1.47931,1.50,1.50
2012.03.02 09:44:45.039,1.47908,1.47935,1.50,3.83
2012.03.02 09:44:45.226,1.47905,1.47932,4.50,1.50
2012.03.02 09:44:47.115,1.47905,1.47932,3.00,1.84
2012.03.02 09:44:47.247,1.47905,1.47929,1.50,1.50
2012.03.02 09:44:47.316,1.47901,1.47927,1.50,1.50
2012.03.02 09:44:47.387,1.47899,1.47922,1.50,1.50
2012.03.02 09:44:48.574,1.47899,1.47917,1.50,1.50
2012.03.02 09:44:48.927,1.47899,1.47926,1.50,1.84
2012.03.02 09:44:49.177,1.47903,1.47926,1.50,1.50
2012.03.02 09:44:49.495,1.47907,1.47926,1.50,1.50
2012.03.02 09:44:49.565,1.47907,1.4793,1.50,1.50
2012.03.02 09:44:50.170,1.47907,1.47926,1.50,1.50
2012.03.02 09:44:50.243,1.47904,1.4793,1.50,2.25
2012.03.02 09:44:50.367,1.47904,1.47925,1.50,1.50
2012.03.02 09:44:51.006,1.47904,1.47931,1.50,3.75
2012.03.02 09:44:51.077,1.47904,1.47931,1.50,3.00
2012.03.02 09:44:51.451,1.47904,1.47931,1.50,3.75
2012.03.02 09:44:51.577,1.479,1.47926,3.00,1.50
2012.03.02 09:44:51.705,1.479,1.47921,1.50,1.50
2012.03.02 09:44:52.037,1.47896,1.47921,1.50,1.50
2012.03.02 09:44:52.105,1.47899,1.47921,1.50,1.50
2012.03.02 09:44:53.214,1.47895,1.47921,3.00,1.50
2012.03.02 09:44:54.910,1.47898,1.47921,1.50,1.50
2012.03.02 09:44:55.508,1.479,1.47927,3.00,1.50
2012.03.02 09:44:55.578,1.479,1.47929,3.00,1.50
2012.03.02 09:44:55.797,1.47904,1.4793,1.50,2.70
2012.03.02 09:44:56.065,1.479,1.47927,3.00,1.50
2012.03.02 09:44:57.007,1.47902,1.4793,1.50,1.20
2012.03.02 09:44:57.496,1.479,1.47928,1.50,2.25
2012.03.02 09:44:58.003,1.47907,1.47931,1.50,1.95
2012.03.02 09:44:58.534,1.47908,1.47934,1.50,1.20
2012.03.02 09:44:58.601,1.47908,1.47932,1.50,1.50
2012.03.02 09:44:58.669,1.47908,1.47929,1.50,1.50
2012.03.02 09:44:58.805,1.47903,1.47929,1.50,1.50
2012.03.02 09:45:01.557,1.47913,1.47929,1.50,1.50
2012.03.02 09:45:01.632,1.47913,1.47931,1.50,1.50
2012.03.02 09:45:01.698,1.47915,1.47943,1.50,1.20
2012.03.02 09:45:01.768,1.47913,1.4794,3.00,1.50
2012.03.02 09:45:02.083,1.47913,1.47936,1.50,1.50
2012.03.02 09:45:02.492,1.47909,1.47935,1.50,1.50
2012.03.02 09:45:02.562,1.47909,1.47933,1.50,1.50
2012.03.02 09:45:03.227,1.47909,1.47929,1.50,1.50
2012.03.02 09:45:03.372,1.47901,1.47925,1.50,1.50
2012.03.02 09:45:03.747,1.47901,1.4793,3.00,3.75
2012.03.02 09:45:04.048,1.47901,1.47927,1.50,1.50
2012.03.02 09:45:04.554,1.47902,1.47929,1.50,1.50
2012.03.02 09:45:04.687,1.47905,1.4793,1.50,1.50
2012.03.02 09:45:05.404,1.47908,1.47932,1.50,1.50
2012.03.02 09:45:05.728,1.47913,1.47935,1.50,3.00
2012.03.02 09:45:06.229,1.47913,1.47934,1.50,1.50
2012.03.02 09:45:07.788,1.47913,1.47936,1.50,1.50
2012.03.02 09:45:08.281,1.47908,1.47931,1.50,1.50
2012.03.02 09:45:08.491,1.47902,1.4793,1.50,1.50
2012.03.02 09:45:08.559,1.479,1.47928,1.50,1.50
2012.03.02 09:45:08.768,1.47902,1.47931,1.50,3.00
2012.03.02 09:45:11.051,1.47908,1.47931,1.50,1.50
2012.03.02 09:45:11.368,1.47908,1.47935,1.50,1.50
2012.03.02 09:45:11.616,1.47908,1.47932,1.50,1.50
2012.03.02 09:45:12.555,1.47908,1.4793,1.50,1.50
2012.03.02 09:45:13.686,1.47901,1.4793,1.50,1.50
2012.03.02 09:45:18.944,1.47903,1.4793,1.50,1.50
2012.03.02 09:45:19.357,1.47905,1.47931,1.50,1.50
2012.03.02 09:45:19.696,1.47902,1.47929,1.50,2.25
2012.03.02 09:45:20.041,1.47905,1.4793,1.50,1.50
2012.03.02 09:45:20.505,1.47908,1.47934,1.50,1.95
2012.03.02 09:45:20.577,1.47908,1.47934,1.50,1.50
2012.03.02 09:45:24.496,1.47908,1.4793,1.50,1.50
2012.03.02 09:45:27.723,1.47908,1.47934,1.84,1.50
2012.03.02 09:45:28.570,1.4791,1.47934,2.22,1.50
2012.03.02 09:45:28.710,1.47921,1.47942,1.50,1.95
2012.03.02 09:45:28.957,1.47921,1.47946,1.50,1.50
2012.03.02 09:45:29.149,1.47921,1.47949,1.50,3.83
2012.03.02 09:45:29.217,1.47921,1.47945,1.50,1.50
2012.03.02 09:45:31.267,1.47921,1.47942,1.50,1.50
2012.03.02 09:45:33.780,1.47925,1.47944,1.50,1.50
2012.03.02 09:45:33.849,1.47925,1.47949,1.50,1.50
2012.03.02 09:45:34.375,1.47927,1.47952,1.50,1.50
2012.03.02 09:45:34.464,1.47929,1.47954,1.50,1.50
2012.03.02 09:45:34.858,1.47931,1.47953,1.50,1.50
2012.03.02 09:45:34.993,1.47927,1.47954,2.56,3.00
2012.03.02 09:45:35.063,1.4793,1.47954,1.50,1.50
2012.03.02 09:45:35.307,1.47931,1.47957,1.50,1.50
2012.03.02 09:45:35.879,1.47934,1.4796,1.50,1.50
2012.03.02 09:45:36.286,1.47934,1.47962,3.00,3.00
2012.03.02 09:45:36.356,1.47934,1.47959,1.50,1.50
2012.03.02 09:45:36.747,1.47934,1.47956,1.50,1.50
2012.03.02 09:45:36.818,1.4793,1.47956,1.50,1.50
2012.03.02 09:45:36.888,1.47927,1.47954,3.00,1.50
2012.03.02 09:45:37.447,1.47926,1.47953,1.84,1.50
2012.03.02 09:45:42.143,1.47925,1.47952,1.50,1.50
2012.03.02 09:45:42.217,1.47923,1.47952,1.50,1.50
2012.03.02 09:45:43.481,1.47927,1.47953,1.50,3.00
2012.03.02 09:45:44.118,1.47926,1.47952,1.50,1.50
2012.03.02 09:45:44.441,1.47926,1.47948,1.50,1.50
2012.03.02 09:45:44.711,1.47926,1.4795,1.65,1.50
2012.03.02 09:45:44.783,1.47926,1.4795,1.65,2.25
2012.03.02 09:45:44.992,1.47922,1.47949,1.50,2.25
2012.03.02 09:45:45.539,1.47922,1.47949,1.50,1.50
2012.03.02 09:45:45.618,1.47924,1.47951,1.50,1.50
2012.03.02 09:45:47.867,1.47926,1.47955,1.50,1.50
2012.03.02 09:45:49.988,1.47925,1.47951,1.50,1.50
2012.03.02 09:45:50.816,1.47928,1.47951,1.50,1.50
2012.03.02 09:45:50.895,1.47928,1.47955,1.50,1.50
2012.03.02 09:45:51.530,1.47935,1.47955,1.50,1.50
2012.03.02 09:45:51.662,1.47935,1.47959,1.50,1.50
2012.03.02 09:45:51.792,1.47933,1.47959,1.50,1.50
2012.03.02 09:45:53.825,1.47932,1.47959,1.50,1.50
2012.03.02 09:45:55.937,1.4793,1.47958,1.50,1.50
2012.03.02 09:45:56.367,1.47928,1.47956,1.50,1.50
2012.03.02 09:45:56.732,1.47931,1.47958,1.50,1.50
2012.03.02 09:45:59.024,1.47931,1.47949,1.50,1.50
2012.03.02 09:45:59.894,1.47931,1.47954,1.50,1.20
2012.03.02 09:45:59.968,1.4793,1.47952,1.50,1.50
2012.03.02 09:46:00.042,1.47925,1.47951,1.50,1.50
2012.03.02 09:46:00.257,1.47928,1.47951,1.50,1.50
2012.03.02 09:46:02.595,1.47928,1.47956,1.50,2.70
2012.03.02 09:46:03.152,1.4793,1.47951,1.50,1.50
2012.03.02 09:46:03.798,1.4793,1.4795,1.50,1.50
2012.03.02 09:46:04.358,1.4793,1.47949,1.50,1.50
2012.03.02 09:46:05.135,1.4793,1.4795,1.50,1.50
2012.03.02 09:46:06.288,1.4793,1.47957,1.50,3.45
2012.03.02 09:46:06.355,1.4793,1.47954,1.50,1.50
2012.03.02 09:46:06.757,1.4793,1.4795,1.50,1.50
2012.03.02 09:46:08.316,1.4793,1.47955,1.50,1.50
2012.03.02 09:46:08.537,1.4793,1.47953,1.50,1.50
2012.03.02 09:46:09.266,1.4793,1.4795,1.50,1.50
2012.03.02 09:46:09.779,1.4793,1.47949,1.50,1.50
2012.03.02 09:46:11.649,1.4793,1.47954,1.50,1.20
2012.03.02 09:46:12.106,1.4793,1.47949,1.50,1.50
2012.03.02 09:46:12.501,1.4793,1.47947,1.50,1.50
2012.03.02 09:46:15.226,1.4793,1.47948,1.50,1.50
2012.03.02 09:46:16.446,1.47927,1.47948,3.00,1.50
2012.03.02 09:46:16.700,1.47927,1.4795,1.50,1.50
2012.03.02 09:46:16.886,1.47927,1.47954,1.50,2.25
2012.03.02 09:46:16.958,1.47927,1.47954,1.50,2.25
2012.03.02 09:46:17.398,1.47924,1.47951,1.50,2.25
2012.03.02 09:46:17.467,1.47924,1.47946,1.50,1.50
2012.03.02 09:46:19.433,1.4792,1.47941,1.50,1.84
2012.03.02 09:46:19.563,1.47914,1.47936,1.50,2.25
2012.03.02 09:46:19.629,1.47906,1.47932,1.50,1.50
2012.03.02 09:46:19.762,1.47906,1.47924,1.50,1.50
2012.03.02 09:46:20.495,1.4791,1.47925,2.40,1.50
2012.03.02 09:46:20.810,1.4791,1.4793,2.25,1.50
2012.03.02 09:46:20.999,1.4791,1.47923,1.50,1.50
2012.03.02 09:46:21.185,1.47911,1.47931,1.50,1.50
2012.03.02 09:46:21.499,1.47907,1.47931,1.50,1.50
2012.03.02 09:46:22.175,1.47907,1.47931,2.22,1.50
2012.03.02 09:46:22.308,1.47913,1.47939,1.50,4.20
2012.03.02 09:46:23.180,1.47915,1.47939,1.50,1.50
2012.03.02 09:46:23.486,1.47918,1.47938,1.50,1.50
2012.03.02 09:46:23.797,1.4792,1.47938,1.50,1.50
2012.03.02 09:46:23.867,1.4792,1.47941,1.50,1.50
2012.03.02 09:46:24.177,1.47918,1.47942,1.50,1.50
2012.03.02 09:46:24.365,1.47918,1.4794,1.50,1.50
2012.03.02 09:46:25.221,1.47918,1.47946,1.50,1.50
2012.03.02 09:46:25.856,1.4792,1.47949,1.50,3.45
2012.03.02 09:46:26.048,1.47925,1.47949,1.50,1.50
2012.03.02 09:46:26.361,1.4792,1.47948,1.84,1.50
2012.03.02 09:46:26.698,1.4792,1.47948,1.50,1.50
2012.03.02 09:46:26.947,1.47919,1.47946,1.50,1.50
2012.03.02 09:46:27.994,1.47919,1.47948,3.75,1.50
2012.03.02 09:46:28.612,1.47923,1.47949,1.50,1.50
2012.03.02 09:46:30.076,1.4792,1.47947,1.50,1.50
2012.03.02 09:46:30.665,1.4792,1.47945,1.50,1.50
2012.03.02 09:46:32.376,1.47916,1.47945,1.50,3.00
2012.03.02 09:46:33.778,1.47915,1.47942,3.75,1.50
2012.03.02 09:46:34.137,1.47913,1.47938,1.50,1.50
2012.03.02 09:46:34.209,1.47911,1.47938,4.50,3.00
2012.03.02 09:46:34.711,1.47911,1.47935,1.50,1.50
2012.03.02 09:46:35.241,1.47908,1.47933,1.50,1.50
2012.03.02 09:46:35.306,1.4791,1.47933,1.50,1.50
2012.03.02 09:46:37.507,1.47917,1.47933,1.50,1.50
2012.03.02 09:46:37.695,1.47917,1.47939,1.50,1.50
2012.03.02 09:46:38.303,1.47914,1.47939,1.50,1.50
2012.03.02 09:46:38.578,1.47916,1.47939,1.50,1.50
2012.03.02 09:46:38.706,1.47918,1.47945,1.50,1.50
2012.03.02 09:46:41.265,1.47918,1.47945,1.50,1.95
2012.03.02 09:46:44.854,1.47918,1.47945,1.50,1.95
2012.03.02 09:46:47.216,1.47918,1.47945,1.50,1.95
2012.03.02 09:46:47.287,1.47916,1.47942,1.50,1.50
2012.03.02 09:46:47.633,1.47913,1.47938,1.50,1.50
2012.03.02 09:46:48.162,1.4792,1.47938,1.50,1.50
2012.03.02 09:46:48.842,1.47922,1.47947,1.50,1.95
2012.03.02 09:46:48.912,1.47922,1.47947,1.50,1.50
2012.03.02 09:46:49.426,1.47919,1.47947,1.84,1.50
2012.03.02 09:46:55.286,1.47918,1.47944,1.50,1.50
2012.03.02 09:46:56.946,1.47915,1.47942,1.50,3.00
2012.03.02 09:46:57.085,1.47915,1.47942,1.50,3.45
2012.03.02 09:46:57.717,1.47915,1.47942,1.50,3.45
2012.03.02 09:46:58.495,1.47912,1.4794,1.50,1.50
2012.03.02 09:47:00.718,1.47914,1.47942,1.50,1.95
2012.03.02 09:47:01.559,1.47914,1.47942,1.50,1.95
2012.03.02 09:47:03.067,1.47915,1.47942,1.50,1.95
2012.03.02 09:47:03.564,1.47918,1.47942,1.50,1.50
2012.03.02 09:47:03.696,1.47915,1.47942,1.50,3.00
2012.03.02 09:47:03.827,1.47911,1.4794,1.50,1.50
2012.03.02 09:47:04.264,1.4791,1.47936,1.50,1.50
2012.03.02 09:47:04.391,1.47905,1.47932,1.50,1.50
2012.03.02 09:47:04.464,1.47903,1.47928,1.88,1.50
2012.03.02 09:47:05.027,1.47907,1.47928,1.50,1.50
2012.03.02 09:47:05.578,1.47903,1.47928,1.88,1.50
2012.03.02 09:47:06.099,1.47906,1.47928,1.50,1.50
2012.03.02 09:47:06.531,1.47903,1.47928,1.88,1.50
2012.03.02 09:47:07.759,1.47908,1.47933,1.50,1.50
2012.03.02 09:47:07.837,1.47912,1.47933,1.50,1.50
2012.03.02 09:47:07.977,1.4791,1.47933,1.50,1.50
2012.03.02 09:47:08.107,1.47907,1.47933,1.50,1.50
2012.03.02 09:47:15.062,1.47911,1.47936,1.50,1.50
2012.03.02 09:47:15.189,1.47911,1.47938,1.50,1.50
2012.03.02 09:47:15.950,1.47911,1.47936,1.50,1.50
2012.03.02 09:47:16.545,1.47907,1.47933,1.50,1.50
2012.03.02 09:47:17.241,1.47906,1.47933,1.50,3.00
2012.03.02 09:47:17.739,1.47906,1.47931,1.50,1.50
2012.03.02 09:47:18.097,1.47906,1.47926,1.50,1.50
2012.03.02 09:47:18.989,1.47906,1.4793,1.50,1.50
2012.03.02 09:47:26.040,1.47906,1.47927,1.50,1.50
2012.03.02 09:47:27.700,1.47906,1.47928,1.50,1.50
2012.03.02 09:47:27.766,1.47906,1.4793,1.50,1.50
2012.03.02 09:47:30.393,1.47906,1.4793,1.50,2.25
2012.03.02 09:47:30.576,1.479,1.47926,3.30,3.00
2012.03.02 09:47:33.467,1.47901,1.47928,1.88,1.50
2012.03.02 09:47:35.161,1.47901,1.47928,1.50,1.50
2012.03.02 09:47:37.615,1.47904,1.47928,1.50,1.50
2012.03.02 09:47:38.102,1.47906,1.47928,1.50,1.50
2012.03.02 09:47:38.317,1.47903,1.47928,1.50,1.50
2012.03.02 09:47:43.041,1.47905,1.4793,1.50,1.50
2012.03.02 09:47:43.349,1.47912,1.4793,1.50,1.50
2012.03.02 09:47:43.423,1.47914,1.4794,1.50,1.95
2012.03.02 09:47:43.494,1.4791,1.47937,1.50,1.50
2012.03.02 09:47:43.574,1.47913,1.47937,1.50,1.50
2012.03.02 09:47:44.184,1.47909,1.47937,1.50,1.50
2012.03.02 09:47:44.567,1.47907,1.47934,1.84,1.50
2012.03.02 09:47:45.477,1.47907,1.47934,1.50,1.50
2012.03.02 09:47:46.857,1.47909,1.47936,1.50,1.50
2012.03.02 09:47:47.591,1.47909,1.47937,1.50,3.00
2012.03.02 09:47:49.898,1.47906,1.47932,1.50,1.50
2012.03.02 09:47:50.500,1.4791,1.47936,1.50,1.50
2012.03.02 09:47:51.060,1.4791,1.47934,1.50,1.50
2012.03.02 09:47:51.886,1.4791,1.47936,1.50,1.50
2012.03.02 09:47:59.226,1.47912,1.47938,1.50,2.25
2012.03.02 09:47:59.293,1.47913,1.47942,1.50,3.45
2012.03.02 09:47:59.941,1.47913,1.4794,1.50,1.50
2012.03.02 09:48:00.516,1.4791,1.47937,3.00,1.50
2012.03.02 09:48:01.134,1.47911,1.47937,1.50,1.50
2012.03.02 09:48:01.855,1.4791,1.47935,1.50,1.50
2012.03.02 09:48:09.295,1.47911,1.47938,1.50,1.50
2012.03.02 09:48:09.371,1.4791,1.47933,1.50,1.50
2012.03.02 09:48:09.495,1.4791,1.47937,1.50,1.50
2012.03.02 09:48:11.011,1.47915,1.47938,1.50,1.50
2012.03.02 09:48:11.076,1.47915,1.47942,1.50,1.50
2012.03.02 09:48:11.744,1.47912,1.47941,1.50,1.50
2012.03.02 09:48:12.529,1.47911,1.47935,1.50,1.50
2012.03.02 09:48:13.144,1.4791,1.47935,1.50,1.50
2012.03.02 09:48:23.705,1.47911,1.47938,1.50,1.50
2012.03.02 09:48:29.783,1.47911,1.47933,1.50,1.50
2012.03.02 09:48:30.341,1.47911,1.4793,1.50,1.50
2012.03.02 09:48:31.934,1.47906,1.4793,1.50,1.50
2012.03.02 09:48:32.242,1.47906,1.47928,1.50,1.50
2012.03.02 09:48:35.018,1.47902,1.47928,1.50,1.50
2012.03.02 09:48:35.147,1.47899,1.47926,2.25,1.50
2012.03.02 09:48:35.674,1.47899,1.47927,1.50,1.50
2012.03.02 09:48:36.438,1.47902,1.47928,1.50,3.00
2012.03.02 09:48:36.868,1.47903,1.47932,1.50,3.00
2012.03.02 09:48:36.942,1.47907,1.47932,1.09,3.00
2012.03.02 09:48:37.253,1.47911,1.47938,1.50,1.50
2012.03.02 09:48:37.378,1.47915,1.47938,1.50,1.50
2012.03.02 09:48:37.706,1.47915,1.47935,1.50,1.50
2012.03.02 09:48:39.801,1.4791,1.47935,2.25,1.50
2012.03.02 09:48:40.108,1.47908,1.47934,1.50,1.50
2012.03.02 09:48:40.906,1.47905,1.47933,3.00,1.50
2012.03.02 09:48:43.746,1.47905,1.47931,1.50,1.50
2012.03.02 09:48:47.548,1.47906,1.47932,1.50,1.50
2012.03.02 09:48:47.886,1.47904,1.4793,1.50,1.50
2012.03.02 09:48:48.018,1.47901,1.47928,1.50,1.50
2012.03.02 09:48:48.336,1.47903,1.47928,1.50,1.50
2012.03.02 09:48:48.807,1.47899,1.47928,3.00,1.50
2012.03.02 09:48:49.363,1.47899,1.47924,1.80,1.50
2012.03.02 09:48:49.667,1.47886,1.47912,4.84,1.50
2012.03.02 09:48:49.796,1.47888,1.47914,1.84,1.50
2012.03.02 09:48:50.434,1.4789,1.47915,1.84,1.50
2012.03.02 09:48:50.675,1.4789,1.47917,3.34,1.50
2012.03.02 09:48:50.745,1.47893,1.47919,1.50,1.50
2012.03.02 09:48:51.190,1.47895,1.47923,1.50,1.95
2012.03.02 09:48:51.385,1.47893,1.4792,1.50,1.50
2012.03.02 09:48:55.287,1.47897,1.47924,1.50,1.95
2012.03.02 09:48:57.516,1.47898,1.47924,1.50,1.50
2012.03.02 09:48:57.588,1.479,1.47929,1.50,1.95
2012.03.02 09:48:58.181,1.47899,1.47926,1.50,1.50
2012.03.02 09:49:03.057,1.479,1.47927,1.50,1.50
2012.03.02 09:49:03.126,1.479,1.47929,1.50,1.50
2012.03.02 09:49:04.049,1.479,1.47928,1.50,1.50
2012.03.02 09:49:04.205,1.479,1.47928,2.25,1.50
2012.03.02 09:49:04.539,1.47899,1.47925,1.84,1.50
2012.03.02 09:49:04.998,1.47899,1.47925,1.50,3.00
2012.03.02 09:49:05.524,1.47898,1.47922,1.50,1.50
2012.03.02 09:49:05.619,1.47896,1.47925,1.50,1.50
2012.03.02 09:49:15.346,1.47896,1.47924,1.50,1.50
2012.03.02 09:49:15.417,1.47895,1.47921,3.00,1.50
2012.03.02 09:49:16.097,1.47896,1.47925,1.50,1.50
2012.03.02 09:49:16.165,1.47899,1.47927,1.50,1.50
2012.03.02 09:49:16.475,1.47903,1.47927,1.50,1.50
2012.03.02 09:49:16.725,1.479,1.47927,1.50,1.50
2012.03.02 09:49:18.955,1.47902,1.47927,1.50,1.50
2012.03.02 09:49:21.045,1.479,1.47927,1.50,1.50
2012.03.02 09:49:24.673,1.47903,1.47927,1.50,1.50
2012.03.02 09:49:25.115,1.479,1.47927,1.50,1.50
2012.03.02 09:49:27.584,1.47903,1.47927,1.50,1.50
2012.03.02 09:49:32.058,1.479,1.47927,1.50,1.50
2012.03.02 09:49:32.187,1.47898,1.47925,1.50,1.50
2012.03.02 09:49:32.805,1.47898,1.47919,1.50,1.50
2012.03.02 09:49:32.876,1.47896,1.47919,1.50,1.50
2012.03.02 09:49:33.006,1.47892,1.47919,2.56,1.50
2012.03.02 09:49:33.216,1.47897,1.47919,1.50,1.50
2012.03.02 09:49:38.145,1.47897,1.47923,1.50,1.50
2012.03.02 09:49:38.397,1.479,1.47926,1.50,1.95
2012.03.02 09:49:39.062,1.47896,1.47925,1.50,1.50
2012.03.02 09:49:41.269,1.47895,1.4792,3.00,1.50
2012.03.02 09:49:41.396,1.47891,1.4792,2.25,3.00
2012.03.02 09:49:41.792,1.47895,1.4792,1.50,1.50
2012.03.02 09:49:46.179,1.47897,1.4792,1.50,1.50
2012.03.02 09:49:49.373,1.47894,1.4792,3.00,3.00
2012.03.02 09:49:51.536,1.47897,1.4792,1.50,1.50
2012.03.02 09:49:52.226,1.47899,1.4792,1.50,1.50
2012.03.02 09:49:53.079,1.47899,1.47907,1.50,1.50
2012.03.02 09:49:53.152,1.47883,1.47907,1.13,1.50
2012.03.02 09:49:53.336,1.47882,1.47909,2.63,1.50
2012.03.02 09:49:53.478,1.47885,1.47911,1.50,1.50
2012.03.02 09:49:53.609,1.47888,1.47914,1.50,1.50
2012.03.02 09:49:53.766,1.47885,1.47913,1.50,1.50
2012.03.02 09:49:55.221,1.47887,1.47914,1.50,3.45
2012.03.02 09:49:56.436,1.47888,1.47914,1.50,1.50
2012.03.02 09:49:57.437,1.47884,1.47913,1.50,1.50
2012.03.02 09:50:00.755,1.47887,1.47916,1.50,1.50
2012.03.02 09:50:01.069,1.47883,1.47911,1.88,1.95
2012.03.02 09:50:01.714,1.47878,1.47902,2.25,1.50
2012.03.02 09:50:01.803,1.47883,1.47909,1.50,2.25
2012.03.02 09:50:02.004,1.47884,1.47906,1.50,1.50
2012.03.02 09:50:02.320,1.47886,1.47906,1.50,1.50
2012.03.02 09:50:02.633,1.4789,1.47915,1.50,1.95
2012.03.02 09:50:02.701,1.4789,1.47915,1.50,1.95
2012.03.02 09:50:02.772,1.47886,1.47915,1.50,3.45
2012.03.02 09:50:04.105,1.47886,1.47915,1.50,3.45
2012.03.02 09:50:04.617,1.47887,1.47915,2.25,1.95
2012.03.02 09:50:06.308,1.47887,1.47915,1.50,1.95
2012.03.02 09:50:06.847,1.47887,1.47915,1.50,1.95
2012.03.02 09:50:07.512,1.47887,1.47914,1.50,1.95
2012.03.02 09:50:09.080,1.47887,1.47909,1.50,1.50
2012.03.02 09:50:13.399,1.47885,1.47909,1.50,1.50
2012.03.02 09:50:13.831,1.47887,1.47909,1.50,1.50
2012.03.02 09:50:14.137,1.47894,1.47909,1.50,1.50
2012.03.02 09:50:14.208,1.47894,1.47911,1.50,1.50
2012.03.02 09:50:14.597,1.47894,1.47915,1.50,1.50
2012.03.02 09:50:14.729,1.47897,1.47915,1.50,1.50
2012.03.02 09:50:14.950,1.47894,1.47915,1.50,1.50
2012.03.02 09:50:15.492,1.47893,1.47915,1.50,1.50
2012.03.02 09:50:15.617,1.47893,1.47915,1.50,2.25
2012.03.02 09:50:16.059,1.47885,1.47912,1.50,1.50
2012.03.02 09:50:16.130,1.47885,1.47907,1.50,1.50
2012.03.02 09:50:16.320,1.47885,1.47909,1.50,1.50
2012.03.02 09:50:17.038,1.47875,1.47893,1.50,1.50
2012.03.02 09:50:17.390,1.47881,1.47898,1.50,1.50
2012.03.02 09:50:17.517,1.47877,1.47898,1.50,1.50
2012.03.02 09:50:17.919,1.47874,1.47898,1.50,1.50
2012.03.02 09:50:17.987,1.47876,1.47898,1.50,1.50
2012.03.02 09:50:18.180,1.47877,1.47905,1.50,1.50
2012.03.02 09:50:18.370,1.47877,1.47903,1.50,1.50
2012.03.02 09:50:18.979,1.47877,1.47904,1.50,3.00
2012.03.02 09:50:19.291,1.47877,1.479,1.50,1.50
2012.03.02 09:50:19.358,1.47874,1.479,1.50,1.50
2012.03.02 09:50:19.432,1.47874,1.479,1.50,2.25
2012.03.02 09:50:19.842,1.47877,1.479,1.50,2.25
2012.03.02 09:50:20.530,1.47872,1.47894,1.50,1.50
2012.03.02 09:50:21.747,1.47868,1.47894,1.50,1.50
2012.03.02 09:50:23.551,1.47866,1.47894,1.50,3.00
2012.03.02 09:50:24.110,1.47869,1.47894,1.50,1.50
2012.03.02 09:50:24.179,1.47869,1.47896,1.50,3.00
2012.03.02 09:50:24.550,1.47873,1.47896,1.50,1.50
2012.03.02 09:50:24.617,1.4787,1.47896,1.50,1.50
2012.03.02 09:50:24.701,1.47873,1.47896,1.50,1.50
2012.03.02 09:50:26.713,1.47869,1.47896,1.50,1.50
2012.03.02 09:50:27.506,1.47876,1.47896,1.50,1.50
2012.03.02 09:50:27.644,1.47876,1.47902,1.50,3.00
2012.03.02 09:50:28.023,1.47879,1.47904,1.50,1.50
2012.03.02 09:50:28.326,1.47877,1.47904,1.50,3.00
2012.03.02 09:50:32.327,1.47879,1.47902,1.50,1.50
2012.03.02 09:50:32.403,1.47874,1.47901,1.50,1.50
2012.03.02 09:50:32.475,1.47875,1.47901,1.50,1.50
2012.03.02 09:50:32.552,1.47877,1.47895,1.50,1.50
2012.03.02 09:50:32.677,1.47874,1.47895,1.50,1.50
2012.03.02 09:50:32.746,1.47874,1.47901,1.50,1.50
2012.03.02 09:50:32.937,1.47874,1.47896,1.50,1.50
2012.03.02 09:50:34.307,1.47872,1.47896,1.50,1.50
2012.03.02 09:50:35.236,1.47872,1.47898,1.50,2.25
2012.03.02 09:50:35.366,1.47874,1.479,1.50,1.50
2012.03.02 09:50:35.915,1.47874,1.47901,1.50,1.50
2012.03.02 09:50:36.531,1.47878,1.47904,1.50,1.50
2012.03.02 09:50:36.847,1.47875,1.47903,1.50,1.50
2012.03.02 09:50:37.348,1.47874,1.47903,3.00,1.50
2012.03.02 09:50:37.710,1.47874,1.47903,3.75,1.50
2012.03.02 09:50:37.902,1.47878,1.47905,1.50,1.50
2012.03.02 09:50:38.563,1.47883,1.47907,1.50,1.50
2012.03.02 09:50:38.892,1.4788,1.47903,1.50,1.50
2012.03.02 09:50:39.983,1.4788,1.47906,1.50,1.50
2012.03.02 09:50:40.057,1.4788,1.47904,1.50,1.50
2012.03.02 09:50:40.560,1.47879,1.47905,1.50,1.50
2012.03.02 09:50:41.598,1.47875,1.47904,2.25,1.50
2012.03.02 09:50:42.798,1.47879,1.47902,1.50,1.50
2012.03.02 09:50:43.010,1.47875,1.47902,1.50,1.50
2012.03.02 09:50:43.555,1.47878,1.47904,1.50,1.50
2012.03.02 09:50:43.901,1.47879,1.47901,1.50,1.50
2012.03.02 09:50:44.445,1.4788,1.47903,1.50,1.50
2012.03.02 09:50:44.577,1.4788,1.47901,1.50,1.50
2012.03.02 09:50:44.778,1.47885,1.47909,1.50,1.50
2012.03.02 09:50:44.849,1.47889,1.47909,1.50,1.50
2012.03.02 09:50:45.158,1.47881,1.47897,2.25,1.50
2012.03.02 09:50:45.349,1.47878,1.47897,1.50,1.50
2012.03.02 09:50:45.507,1.47881,1.47897,1.50,1.50
2012.03.02 09:50:45.760,1.47881,1.479,1.50,1.50
2012.03.02 09:50:46.597,1.47881,1.47897,1.50,1.50
2012.03.02 09:50:46.804,1.47881,1.479,1.50,1.50
2012.03.02 09:50:47.578,1.47881,1.47897,1.50,1.50
2012.03.02 09:50:48.586,1.47881,1.47895,1.50,1.50
2012.03.02 09:50:48.657,1.47876,1.47895,1.50,1.50
2012.03.02 09:50:49.717,1.47882,1.47895,1.50,1.50
2012.03.02 09:50:49.787,1.47882,1.47903,1.50,1.50
2012.03.02 09:50:49.858,1.47885,1.47903,1.50,1.50
2012.03.02 09:50:50.049,1.47883,1.47903,1.50,1.50
2012.03.02 09:50:50.116,1.47883,1.47896,1.50,1.50
2012.03.02 09:50:50.186,1.4788,1.47896,1.50,1.50
2012.03.02 09:50:50.378,1.47873,1.47896,1.50,1.50
2012.03.02 09:50:50.448,1.47874,1.479,1.50,1.50
2012.03.02 09:50:50.578,1.47875,1.47903,1.50,1.50
2012.03.02 09:50:50.772,1.47875,1.47898,1.50,1.50
2012.03.02 09:50:50.898,1.47873,1.47898,1.50,1.50
2012.03.02 09:50:51.570,1.47872,1.47898,1.50,1.50
2012.03.02 09:50:51.758,1.47876,1.47898,1.50,1.50
2012.03.02 09:50:51.886,1.47876,1.47902,1.50,1.50
2012.03.02 09:50:52.138,1.47875,1.479,1.50,1.50
2012.03.02 09:50:52.333,1.47875,1.47903,3.00,2.25
2012.03.02 09:50:52.456,1.47875,1.479,1.50,1.50
2012.03.02 09:50:52.586,1.47877,1.47903,1.50,2.25
2012.03.02 09:50:53.031,1.47879,1.47905,1.50,1.50
2012.03.02 09:50:53.643,1.47879,1.47906,1.50,3.00
2012.03.02 09:50:54.028,1.47879,1.47904,1.50,1.50
2012.03.02 09:50:54.860,1.47876,1.47903,3.00,1.50
2012.03.02 09:50:54.931,1.47878,1.47904,1.50,1.50
2012.03.02 09:50:55.277,1.47878,1.47892,1.50,1.50
2012.03.02 09:50:55.589,1.47876,1.47892,1.50,1.50
2012.03.02 09:50:56.135,1.47875,1.47892,1.50,1.50
2012.03.02 09:50:56.273,1.47872,1.47894,1.50,1.50
2012.03.02 09:50:56.463,1.47876,1.47895,1.50,1.50
2012.03.02 09:50:56.532,1.47876,1.47902,1.50,1.50
2012.03.02 09:50:57.022,1.47872,1.47899,1.50,1.50
2012.03.02 09:50:58.959,1.47876,1.47902,1.50,1.50
2012.03.02 09:50:59.153,1.47878,1.47907,1.50,1.95
2012.03.02 09:50:59.707,1.47877,1.47903,3.00,1.50
2012.03.02 09:50:59.838,1.47874,1.47901,1.50,1.50
2012.03.02 09:51:04.133,1.4787,1.47896,2.25,1.50
2012.03.02 09:51:04.197,1.47871,1.47899,1.50,1.50
2012.03.02 09:51:04.550,1.47869,1.47892,1.50,1.50
2012.03.02 09:51:04.621,1.47864,1.47892,3.38,1.50
2012.03.02 09:51:05.425,1.47867,1.47896,1.50,1.50
2012.03.02 09:51:05.555,1.47867,1.47893,1.50,1.50
2012.03.02 09:51:06.138,1.47866,1.47892,2.25,1.50
2012.03.02 09:51:06.205,1.47868,1.47895,1.50,1.50
2012.03.02 09:51:07.587,1.47865,1.47892,1.50,1.50
2012.03.02 09:51:10.507,1.47863,1.47889,3.00,1.50
2012.03.02 09:51:11.006,1.47864,1.47892,1.50,1.50
2012.03.02 09:51:11.795,1.47866,1.47895,1.50,1.50
2012.03.02 09:51:11.987,1.47864,1.47892,3.00,1.50
2012.03.02 09:51:12.119,1.47868,1.47897,1.50,3.00
2012.03.02 09:51:12.310,1.47867,1.47893,1.50,1.50
2012.03.02 09:51:12.615,1.47864,1.47891,1.50,1.50
2012.03.02 09:51:12.868,1.47865,1.47894,1.50,1.50
2012.03.02 09:51:14.207,1.47863,1.4789,3.00,1.50
2012.03.02 09:51:14.755,1.47865,1.47892,1.50,1.50
2012.03.02 09:51:14.833,1.4786,1.47888,2.25,1.50
2012.03.02 09:51:15.080,1.47863,1.47888,1.50,1.50
2012.03.02 09:51:15.329,1.47859,1.47888,4.88,1.50
2012.03.02 09:51:15.856,1.47859,1.47888,4.13,1.50
2012.03.02 09:51:17.369,1.47863,1.47891,1.50,1.95
2012.03.02 09:51:17.677,1.47868,1.47892,1.50,1.50
2012.03.02 09:51:17.747,1.47864,1.47892,1.50,1.50
2012.03.02 09:51:18.945,1.47864,1.4789,1.50,1.50
2012.03.02 09:51:19.256,1.4786,1.47886,3.00,3.00
2012.03.02 09:51:20.134,1.47856,1.47885,1.88,3.00
2012.03.02 09:51:20.208,1.47855,1.47882,1.88,1.50
2012.03.02 09:51:20.278,1.47854,1.47881,1.50,1.50
2012.03.02 09:51:21.066,1.47852,1.4788,1.50,1.50
2012.03.02 09:51:21.693,1.47851,1.4788,1.50,1.50
2012.03.02 09:51:23.185,1.47854,1.47881,1.50,1.50
2012.03.02 09:51:25.395,1.47854,1.47882,1.50,3.00
2012.03.02 09:51:26.786,1.47856,1.47882,1.50,3.00
2012.03.02 09:51:27.095,1.4786,1.47888,1.50,3.00
2012.03.02 09:51:27.349,1.47859,1.47886,1.50,1.50
2012.03.02 09:51:27.837,1.47859,1.47883,1.50,1.50
2012.03.02 09:51:29.056,1.47855,1.47882,1.50,1.50
2012.03.02 09:51:29.680,1.47852,1.47879,1.50,1.50
2012.03.02 09:51:30.617,1.47854,1.47881,1.50,1.50
2012.03.02 09:51:31.895,1.47854,1.47875,1.50,1.50
2012.03.02 09:51:32.027,1.47854,1.47881,1.50,1.50
2012.03.02 09:51:33.753,1.47854,1.4788,1.50,1.50
2012.03.02 09:51:35.094,1.47854,1.47881,1.50,1.50
2012.03.02 09:51:35.302,1.47852,1.47879,1.50,1.50
2012.03.02 09:51:35.628,1.47855,1.47881,1.50,1.50
2012.03.02 09:51:36.097,1.47856,1.47882,1.50,2.25
2012.03.02 09:51:36.417,1.47856,1.4788,3.00,1.50
2012.03.02 09:51:36.488,1.47858,1.4788,1.50,1.50
2012.03.02 09:51:36.750,1.47863,1.47887,1.50,1.50
2012.03.02 09:51:37.331,1.47858,1.47884,1.50,1.50
2012.03.02 09:51:39.806,1.4786,1.47887,1.50,3.00
2012.03.02 09:51:41.768,1.47858,1.47884,3.00,1.50
2012.03.02 09:51:43.036,1.47858,1.47883,1.50,1.50
2012.03.02 09:51:43.432,1.4786,1.47883,1.50,1.50
2012.03.02 09:51:43.835,1.4786,1.47874,1.50,1.50
2012.03.02 09:51:44.743,1.4786,1.47881,1.50,1.50
2012.03.02 09:51:45.242,1.47858,1.47881,1.50,1.50
2012.03.02 09:51:45.788,1.47857,1.47881,1.50,1.50
2012.03.02 09:51:46.787,1.4786,1.47887,1.50,3.00
2012.03.02 09:51:49.507,1.4786,1.47881,1.50,1.50
2012.03.02 09:51:51.738,1.47861,1.47881,1.50,1.50
2012.03.02 09:51:52.050,1.47863,1.47881,1.50,1.50
2012.03.02 09:51:52.119,1.47866,1.4789,1.50,1.50
2012.03.02 09:51:52.310,1.47863,1.47882,2.25,1.50
2012.03.02 09:51:53.007,1.47862,1.47882,1.50,1.50
2012.03.02 09:51:53.084,1.47863,1.47889,1.50,1.50
2012.03.02 09:51:55.957,1.47865,1.47892,1.50,1.50
2012.03.02 09:51:56.038,1.47873,1.47894,1.50,1.50
2012.03.02 09:51:56.380,1.47876,1.47892,1.50,1.50
2012.03.02 09:51:56.755,1.47874,1.47892,1.50,1.50
2012.03.02 09:51:56.829,1.47873,1.47884,1.50,1.50
2012.03.02 09:51:56.898,1.4787,1.47884,1.50,1.50
2012.03.02 09:51:57.030,1.4787,1.47893,1.50,1.50
2012.03.02 09:51:57.636,1.47869,1.47891,1.50,1.50
2012.03.02 09:51:59.347,1.47868,1.47891,1.50,1.50
2012.03.02 09:51:59.415,1.47866,1.47891,1.50,1.50
2012.03.02 09:52:00.049,1.4787,1.47891,1.50,1.50
2012.03.02 09:52:00.986,1.47876,1.47891,1.50,1.50
2012.03.02 09:52:01.119,1.47876,1.47897,1.50,1.50
2012.03.02 09:52:01.190,1.47883,1.47897,1.50,1.50
2012.03.02 09:52:01.321,1.47883,1.47908,1.50,1.95
2012.03.02 09:52:01.390,1.47882,1.47905,1.50,2.25
2012.03.02 09:52:01.458,1.47878,1.47905,1.50,2.25
2012.03.02 09:52:01.650,1.47881,1.47897,1.50,1.50
2012.03.02 09:52:01.777,1.47881,1.47903,1.50,1.50
2012.03.02 09:52:01.849,1.47881,1.47905,1.50,1.50
2012.03.02 09:52:02.040,1.47884,1.47905,1.50,1.50
2012.03.02 09:52:02.107,1.47884,1.47907,1.50,1.50
2012.03.02 09:52:02.178,1.47882,1.47907,1.50,3.00
2012.03.02 09:52:02.248,1.4788,1.47907,2.40,3.00
2012.03.02 09:52:02.317,1.4788,1.47901,2.40,1.50
2012.03.02 09:52:05.366,1.47874,1.47901,2.59,3.00
2012.03.02 09:52:05.914,1.47877,1.47901,1.50,1.50
2012.03.02 09:52:06.546,1.47878,1.47901,1.50,1.50
2012.03.02 09:52:07.060,1.47879,1.47899,1.50,1.50
2012.03.02 09:52:07.312,1.47882,1.47907,3.00,1.50
2012.03.02 09:52:07.380,1.47885,1.47901,1.50,1.50
2012.03.02 09:52:07.928,1.47885,1.47912,3.00,1.50
2012.03.02 09:52:08.009,1.47885,1.47903,1.50,3.00
2012.03.02 09:52:08.141,1.47875,1.47903,1.43,1.50
2012.03.02 09:52:08.212,1.47879,1.47905,1.50,1.50
2012.03.02 09:52:08.279,1.47879,1.47908,1.50,1.50
2012.03.02 09:52:08.350,1.47879,1.47902,1.50,1.50
2012.03.02 09:52:08.553,1.47879,1.47908,1.50,1.50
2012.03.02 09:52:08.797,1.47879,1.47901,1.50,1.50
2012.03.02 09:52:09.136,1.47877,1.47901,1.50,1.50
2012.03.02 09:52:09.761,1.47881,1.47904,1.84,1.50
2012.03.02 09:52:10.009,1.47885,1.4791,1.50,1.50
2012.03.02 09:52:10.398,1.47883,1.4791,1.50,1.50
2012.03.02 09:52:10.997,1.47884,1.4791,1.50,1.50
2012.03.02 09:52:13.046,1.47884,1.47908,1.50,1.50
2012.03.02 09:52:13.382,1.47884,1.47901,1.50,1.50
2012.03.02 09:52:13.449,1.47879,1.47901,1.88,1.50
2012.03.02 09:52:13.897,1.47879,1.47903,1.88,1.50
2012.03.02 09:52:14.446,1.47879,1.47904,1.84,1.50
2012.03.02 09:52:15.014,1.47875,1.47904,1.99,1.50
2012.03.02 09:52:15.407,1.47878,1.47904,1.39,1.50
2012.03.02 09:52:15.480,1.47881,1.47906,3.15,1.50
2012.03.02 09:52:16.556,1.47877,1.47904,3.34,1.50
2012.03.02 09:52:17.310,1.47879,1.47904,2.22,1.50
2012.03.02 09:52:17.648,1.47877,1.479,1.09,1.50
2012.03.02 09:52:18.323,1.47878,1.47905,2.29,1.50
2012.03.02 09:52:18.701,1.47876,1.47904,3.00,1.50
2012.03.02 09:52:19.230,1.47878,1.47905,1.50,1.50
2012.03.02 09:52:20.211,1.47882,1.47905,1.88,1.50
2012.03.02 09:52:20.286,1.47885,1.47913,1.13,1.50
2012.03.02 09:52:20.477,1.47885,1.47906,1.13,1.50
2012.03.02 09:52:20.850,1.47885,1.47904,1.13,1.50
2012.03.02 09:52:21.342,1.47879,1.47903,1.50,1.50
2012.03.02 09:52:22.118,1.47877,1.47902,1.50,1.50
2012.03.02 09:52:22.197,1.47875,1.47902,1.50,1.50
2012.03.02 09:52:22.273,1.47872,1.479,2.25,1.50
2012.03.02 09:52:22.810,1.47872,1.47899,2.25,1.50
2012.03.02 09:52:23.306,1.47875,1.47899,1.50,1.50
2012.03.02 09:52:23.872,1.47875,1.47899,2.25,1.50
2012.03.02 09:52:23.945,1.47885,1.4791,1.50,3.00
2012.03.02 09:52:24.082,1.47882,1.4791,2.25,3.00
2012.03.02 09:52:24.214,1.4788,1.47907,2.63,1.50
2012.03.02 09:52:24.833,1.4788,1.47907,2.25,1.50
2012.03.02 09:52:25.629,1.47882,1.47907,1.50,1.50
2012.03.02 09:52:25.934,1.4788,1.47905,1.84,1.50
2012.03.02 09:52:26.747,1.47884,1.47911,1.50,1.50
2012.03.02 09:52:27.254,1.47884,1.47912,1.50,3.00
2012.03.02 09:52:30.870,1.47884,1.47911,1.50,1.50
2012.03.02 09:52:30.936,1.47884,1.47907,1.50,1.50
2012.03.02 09:52:31.069,1.47884,1.47912,3.00,3.00
2012.03.02 09:52:31.138,1.47887,1.47912,1.50,1.50
2012.03.02 09:52:32.485,1.47883,1.4791,1.50,1.50
2012.03.02 09:52:32.678,1.47882,1.47911,3.34,1.50
2012.03.02 09:52:32.809,1.47891,1.47917,1.50,1.50
2012.03.02 09:52:32.936,1.47891,1.4791,1.50,1.50
2012.03.02 09:52:33.246,1.47891,1.47916,1.50,1.50
2012.03.02 09:52:33.757,1.47891,1.47917,1.50,1.50
2012.03.02 09:52:33.829,1.47888,1.47915,3.00,1.50
2012.03.02 09:52:34.510,1.47888,1.47913,1.13,3.00
2012.03.02 09:52:34.586,1.47888,1.47915,4.13,1.50
2012.03.02 09:52:35.241,1.4789,1.47917,1.50,1.50
2012.03.02 09:52:35.311,1.4789,1.47913,1.50,1.50
2012.03.02 09:52:35.651,1.4789,1.47918,3.75,1.50
2012.03.02 09:52:36.121,1.47899,1.47923,1.50,1.50
2012.03.02 09:52:36.439,1.479,1.47927,1.88,1.50
2012.03.02 09:52:36.690,1.47903,1.47929,1.50,1.50
2012.03.02 09:52:37.322,1.47902,1.47928,1.13,1.50
2012.03.02 09:52:37.534,1.479,1.47923,2.25,1.50
2012.03.02 09:52:37.667,1.47896,1.47923,1.65,1.50
2012.03.02 09:52:38.197,1.47899,1.47926,3.00,1.50
2012.03.02 09:52:39.770,1.47899,1.47922,1.50,1.50
2012.03.02 09:52:40.489,1.47898,1.47924,1.65,1.50
2012.03.02 09:52:41.379,1.47898,1.4792,1.50,1.50
2012.03.02 09:52:42.365,1.47896,1.4792,1.50,1.50
2012.03.02 09:52:42.495,1.47894,1.4792,1.50,1.50
2012.03.02 09:52:42.629,1.47894,1.47915,1.50,1.50
2012.03.02 09:52:42.755,1.47892,1.47915,1.50,1.50
2012.03.02 09:52:43.266,1.47891,1.47915,1.50,1.50
2012.03.02 09:52:43.849,1.47891,1.47914,1.50,1.50
2012.03.02 09:52:44.786,1.47891,1.47913,1.50,1.50
2012.03.02 09:52:45.595,1.47891,1.47912,1.50,1.50
2012.03.02 09:52:47.580,1.47891,1.47915,1.50,1.50
2012.03.02 09:52:49.649,1.47889,1.47915,1.50,1.50
2012.03.02 09:52:51.092,1.47889,1.47913,1.50,1.50
2012.03.02 09:52:51.968,1.47889,1.47912,1.50,1.50
2012.03.02 09:52:52.736,1.47889,1.47914,1.50,1.50
2012.03.02 09:52:52.932,1.47892,1.47914,1.50,1.50
2012.03.02 09:52:53.000,1.47892,1.47916,1.50,1.50
2012.03.02 09:52:53.526,1.47889,1.47916,1.50,3.00
2012.03.02 09:52:55.442,1.47884,1.47911,2.18,1.50
2012.03.02 09:52:55.808,1.47884,1.47906,1.13,1.50
2012.03.02 09:52:56.367,1.47885,1.47906,1.50,1.50
2012.03.02 09:52:56.758,1.47887,1.47906,1.50,1.50
2012.03.02 09:52:56.951,1.47889,1.47912,1.50,1.50
2012.03.02 09:52:57.018,1.47886,1.47912,1.50,1.50
2012.03.02 09:52:57.804,1.47886,1.47914,1.50,1.50
2012.03.02 09:52:58.020,1.47886,1.47907,1.50,1.50
2012.03.02 09:52:58.419,1.47883,1.47907,1.88,1.50
2012.03.02 09:52:58.738,1.47886,1.47907,1.50,1.50
2012.03.02 09:52:58.808,1.47886,1.47915,1.50,3.00
2012.03.02 09:52:59.127,1.47886,1.47912,1.50,1.50
2012.03.02 09:52:59.963,1.47887,1.47914,1.50,1.50
2012.03.02 09:53:01.809,1.47884,1.47911,3.00,1.50
2012.03.02 09:53:03.487,1.47887,1.47913,1.50,1.50
2012.03.02 09:53:04.054,1.47886,1.47912,1.50,1.50
2012.03.02 09:53:04.295,1.4789,1.47917,1.50,1.50
2012.03.02 09:53:04.447,1.47888,1.47914,3.00,1.50
2012.03.02 09:53:04.516,1.47885,1.47912,1.50,1.50
2012.03.02 09:53:05.795,1.47885,1.47912,2.25,1.50
2012.03.02 09:53:05.861,1.47885,1.47912,1.50,1.50
2012.03.02 09:53:05.987,1.47891,1.47914,1.84,1.50
2012.03.02 09:53:06.295,1.47892,1.47919,1.84,1.50
2012.03.02 09:53:07.901,1.47894,1.47919,1.50,1.50
2012.03.02 09:53:08.031,1.47892,1.47915,1.50,1.50
2012.03.02 09:53:08.945,1.4789,1.47915,1.50,1.50
2012.03.02 09:53:10.498,1.47893,1.47915,1.50,1.50
2012.03.02 09:53:11.030,1.47893,1.47921,1.50,1.50
2012.03.02 09:53:12.488,1.47893,1.4792,1.50,1.50
2012.03.02 09:53:12.559,1.4789,1.47919,1.84,1.50
2012.03.02 09:53:13.329,1.47894,1.4792,1.50,3.00
2012.03.02 09:53:15.726,1.47896,1.4792,1.50,1.50
2012.03.02 09:53:15.858,1.47896,1.47924,1.50,1.50
2012.03.02 09:53:17.375,1.47895,1.47919,1.50,1.50
2012.03.02 09:53:17.889,1.47894,1.4792,1.50,1.50
2012.03.02 09:53:18.020,1.47895,1.47922,1.50,1.50
2012.03.02 09:53:18.733,1.47895,1.47921,1.50,1.50
2012.03.02 09:53:18.806,1.47893,1.47919,2.25,1.50
2012.03.02 09:53:20.341,1.47896,1.47919,1.50,1.50
2012.03.02 09:53:20.410,1.47894,1.4792,3.00,1.50
2012.03.02 09:53:20.480,1.47896,1.4792,1.50,1.50
2012.03.02 09:53:21.127,1.47892,1.47919,2.25,1.50
2012.03.02 09:53:21.197,1.47891,1.47917,2.93,1.50
2012.03.02 09:53:21.273,1.47891,1.47919,2.97,1.50
2012.03.02 09:53:21.580,1.47891,1.47912,1.47,1.50
2012.03.02 09:53:21.646,1.47891,1.47914,1.09,1.50
2012.03.02 09:53:21.847,1.47889,1.47914,1.09,1.50
2012.03.02 09:53:22.221,1.47889,1.47905,1.09,1.50
2012.03.02 09:53:22.410,1.47888,1.47905,1.50,1.50
2012.03.02 09:53:22.481,1.47888,1.47911,1.50,1.50
2012.03.02 09:53:22.547,1.47888,1.47909,1.50,1.50
2012.03.02 09:53:23.046,1.47888,1.47914,1.50,1.50
2012.03.02 09:53:23.130,1.47886,1.47912,1.50,1.50
2012.03.02 09:53:24.637,1.47886,1.47912,1.50,2.25
2012.03.02 09:53:24.774,1.47886,1.47912,1.50,2.25
2012.03.02 09:53:25.271,1.47883,1.47905,3.38,2.25
2012.03.02 09:53:25.467,1.47883,1.47906,1.88,1.50
2012.03.02 09:53:28.349,1.47883,1.4791,1.88,1.50
2012.03.02 09:53:28.434,1.47878,1.47904,1.80,1.50
2012.03.02 09:53:28.678,1.47876,1.47902,1.06,1.50
2012.03.02 09:53:28.866,1.47875,1.47899,1.06,1.50
2012.03.02 09:53:29.001,1.47877,1.47902,1.50,1.50
2012.03.02 09:53:29.188,1.47878,1.47905,1.50,1.50
2012.03.02 09:53:29.610,1.47879,1.47908,1.50,1.50
2012.03.02 09:53:29.961,1.47879,1.47908,2.03,1.50
2012.03.02 09:53:30.431,1.47885,1.47911,1.50,1.50
2012.03.02 09:53:31.017,1.47885,1.47912,1.50,1.50
2012.03.02 09:53:31.340,1.47888,1.47913,1.50,1.50
2012.03.02 09:53:31.407,1.47888,1.47916,1.50,1.50
2012.03.02 09:53:32.785,1.47887,1.47913,1.50,1.50
2012.03.02 09:53:34.097,1.47887,1.47916,1.50,1.50
2012.03.02 09:53:34.167,1.47887,1.47916,1.50,2.25
2012.03.02 09:53:34.239,1.47887,1.47916,1.50,1.50
2012.03.02 09:53:34.439,1.47887,1.47913,1.50,1.50
2012.03.02 09:53:35.352,1.47885,1.47906,1.06,1.50
2012.03.02 09:53:35.427,1.47882,1.47908,1.50,1.50
2012.03.02 09:53:35.503,1.47882,1.47902,1.50,1.50
2012.03.02 09:53:35.573,1.47877,1.479,1.06,1.50
2012.03.02 09:53:35.641,1.47877,1.47894,1.06,1.50
2012.03.02 09:53:35.890,1.47872,1.47894,1.88,1.50
2012.03.02 09:53:36.030,1.47877,1.47894,1.50,1.50
2012.03.02 09:53:36.252,1.47877,1.47899,1.50,1.50
2012.03.02 09:53:36.318,1.4788,1.47899,1.50,1.50
2012.03.02 09:53:36.688,1.47883,1.47905,1.50,1.50
2012.03.02 09:53:36.757,1.47885,1.47905,1.50,1.50
2012.03.02 09:53:37.405,1.47892,1.4791,1.50,1.50
2012.03.02 09:53:37.929,1.4789,1.4791,1.50,1.50
2012.03.02 09:53:38.117,1.4789,1.47908,1.50,1.50
2012.03.02 09:53:38.347,1.47885,1.47905,2.25,1.50
2012.03.02 09:53:39.419,1.47885,1.47904,2.25,1.50
2012.03.02 09:53:39.968,1.47885,1.47905,1.50,1.50
2012.03.02 09:53:40.281,1.47888,1.47906,1.50,1.50
2012.03.02 09:53:40.525,1.47886,1.47906,1.50,1.50
2012.03.02 09:53:41.067,1.47886,1.47901,1.50,1.50
2012.03.02 09:53:41.204,1.47887,1.47908,1.84,1.50
2012.03.02 09:53:41.718,1.47894,1.47913,1.50,1.50
2012.03.02 09:53:41.799,1.47896,1.47921,1.50,1.50
2012.03.02 09:53:41.989,1.47896,1.47916,1.50,1.50
2012.03.02 09:53:42.123,1.47894,1.47916,1.50,1.50
2012.03.02 09:53:42.251,1.47894,1.47913,1.50,1.50
2012.03.02 09:53:42.906,1.47891,1.47913,1.50,1.50
2012.03.02 09:53:43.156,1.47888,1.47913,1.50,1.50
2012.03.02 09:53:43.376,1.4789,1.47913,1.50,1.50
2012.03.02 09:53:44.418,1.4789,1.47918,1.50,1.50
2012.03.02 09:53:44.931,1.4789,1.47918,1.50,2.25
2012.03.02 09:53:45.062,1.47885,1.47911,1.13,3.00
2012.03.02 09:53:45.250,1.47884,1.47906,2.25,1.50
2012.03.02 09:53:45.316,1.47884,1.47906,1.50,1.50
2012.03.02 09:53:45.908,1.47885,1.47905,1.50,1.50
2012.03.02 09:53:46.048,1.47888,1.47905,1.50,1.50
2012.03.02 09:53:46.118,1.47888,1.47912,1.50,1.50
2012.03.02 09:53:46.426,1.47891,1.47912,1.50,1.50
2012.03.02 09:53:46.739,1.47895,1.47914,1.50,1.50
2012.03.02 09:53:47.050,1.47903,1.47914,1.50,1.50
2012.03.02 09:53:47.116,1.47903,1.47923,1.50,1.50
2012.03.02 09:53:49.445,1.47903,1.47922,1.50,1.50
2012.03.02 09:53:49.980,1.47899,1.47923,1.50,1.50
2012.03.02 09:53:50.048,1.47899,1.47919,1.50,1.50
2012.03.02 09:53:50.237,1.47899,1.47923,1.50,1.50
2012.03.02 09:53:50.308,1.47901,1.47923,1.50,1.50
2012.03.02 09:53:51.448,1.47901,1.47924,1.50,1.50
2012.03.02 09:53:53.757,1.47901,1.47922,1.50,1.50
2012.03.02 09:53:54.005,1.47901,1.47928,1.50,3.00
2012.03.02 09:53:54.648,1.47901,1.47921,1.50,1.50
2012.03.02 09:53:55.766,1.47901,1.47925,1.50,1.50
2012.03.02 09:53:55.839,1.47903,1.47925,1.50,1.50
2012.03.02 09:53:56.150,1.47903,1.47922,1.50,1.50
2012.03.02 09:53:56.806,1.47906,1.47922,1.50,1.50
2012.03.02 09:53:56.881,1.47902,1.47922,1.50,1.50
2012.03.02 09:53:57.155,1.47897,1.47922,1.50,1.50
2012.03.02 09:53:57.527,1.479,1.47922,1.50,1.50
2012.03.02 09:53:57.784,1.479,1.47925,1.50,1.50
2012.03.02 09:53:57.914,1.47898,1.47921,1.50,1.50
2012.03.02 09:53:57.980,1.47899,1.47927,1.50,1.50
2012.03.02 09:53:58.227,1.47902,1.47929,1.50,3.75
2012.03.02 09:53:58.760,1.47906,1.47929,1.50,1.50
2012.03.02 09:53:58.929,1.47903,1.47929,1.50,1.50
2012.03.02 09:53:59.426,1.47903,1.47927,1.50,1.50
2012.03.02 09:53:59.561,1.47903,1.4793,1.50,1.50
2012.03.02 09:53:59.825,1.47903,1.47925,1.50,1.50
2012.03.02 09:54:00.557,1.47903,1.47928,1.50,1.50
2012.03.02 09:54:00.636,1.47903,1.47932,3.00,1.50
2012.03.02 09:54:01.146,1.47903,1.47931,3.00,1.50
2012.03.02 09:54:02.297,1.47908,1.47932,1.50,1.50
2012.03.02 09:54:02.367,1.47908,1.47935,1.50,1.50
2012.03.02 09:54:03.388,1.47908,1.47929,1.50,1.50
2012.03.02 09:54:03.468,1.47905,1.47929,3.00,1.50
2012.03.02 09:54:03.820,1.47903,1.47929,1.50,3.00
2012.03.02 09:54:04.379,1.47903,1.47927,1.50,1.50
2012.03.02 09:54:05.658,1.47902,1.47927,1.50,1.50
2012.03.02 09:54:05.912,1.47902,1.47929,3.00,1.50
2012.03.02 09:54:06.235,1.47903,1.47927,1.50,1.50
2012.03.02 09:54:06.309,1.47899,1.47927,1.50,1.50
2012.03.02 09:54:07.104,1.47902,1.4793,1.50,1.50
2012.03.02 09:54:07.408,1.47896,1.47918,1.50,1.50
2012.03.02 09:54:08.080,1.47899,1.47924,1.50,1.50
2012.03.02 09:54:08.330,1.47897,1.47924,1.50,3.00
2012.03.02 09:54:08.396,1.47901,1.47924,1.50,1.50
2012.03.02 09:54:08.528,1.47897,1.47921,1.50,1.50
2012.03.02 09:54:09.059,1.47898,1.47924,1.50,1.50
2012.03.02 09:54:11.066,1.47898,1.47924,1.50,2.25
2012.03.02 09:54:11.618,1.47899,1.47927,1.50,1.50
2012.03.02 09:54:12.003,1.47899,1.47927,1.84,1.50
2012.03.02 09:54:12.478,1.47906,1.47929,3.00,1.50
2012.03.02 09:54:14.346,1.47903,1.47929,3.00,1.50
2012.03.02 09:54:15.600,1.47899,1.47926,2.25,1.50
2012.03.02 09:54:16.039,1.47901,1.47927,1.50,1.50
2012.03.02 09:54:16.186,1.47901,1.47929,1.50,1.50
2012.03.02 09:54:16.316,1.479,1.47926,1.50,1.50
2012.03.02 09:54:16.872,1.47899,1.47926,3.75,1.50
2012.03.02 09:54:17.266,1.47899,1.47923,2.25,1.50
2012.03.02 09:54:17.348,1.47899,1.47927,2.25,1.50
2012.03.02 09:54:17.579,1.47898,1.47923,3.00,1.50
2012.03.02 09:54:18.260,1.47904,1.47923,1.50,1.50
2012.03.02 09:54:18.339,1.47899,1.47919,1.50,1.50
2012.03.02 09:54:18.471,1.47899,1.47917,1.50,1.50
2012.03.02 09:54:18.786,1.47892,1.47913,1.50,1.50
2012.03.02 09:54:18.990,1.47896,1.47913,1.50,1.50
2012.03.02 09:54:21.142,1.47896,1.47914,1.50,1.50
2012.03.02 09:54:21.568,1.47898,1.47914,1.50,1.50
2012.03.02 09:54:22.111,1.47898,1.47922,1.50,1.50
2012.03.02 09:54:22.183,1.47894,1.4792,1.50,1.50
2012.03.02 09:54:22.245,1.47896,1.4792,1.50,1.50
2012.03.02 09:54:22.316,1.47894,1.47921,1.50,1.50
2012.03.02 09:54:23.970,1.47899,1.47919,1.50,1.50
2012.03.02 09:54:24.049,1.47894,1.47921,1.50,3.00
2012.03.02 09:54:24.238,1.47892,1.47918,1.50,1.50
2012.03.02 09:54:24.426,1.47893,1.47922,1.50,1.50
2012.03.02 09:54:24.497,1.47895,1.47922,1.50,1.50
2012.03.02 09:54:24.818,1.47897,1.47923,1.50,3.00
2012.03.02 09:54:26.735,1.47896,1.47923,1.50,1.50
2012.03.02 09:54:27.275,1.47895,1.47919,1.50,1.50
2012.03.02 09:54:27.346,1.47896,1.47922,1.50,1.50
2012.03.02 09:54:27.890,1.47896,1.47923,1.50,1.50
2012.03.02 09:54:29.357,1.47893,1.47922,1.50,1.50
2012.03.02 09:54:29.665,1.47892,1.47918,2.63,1.50
2012.03.02 09:54:29.975,1.47892,1.47914,2.63,1.50
2012.03.02 09:54:30.665,1.47892,1.47921,2.63,1.50
2012.03.02 09:54:31.952,1.47892,1.47919,2.63,1.50
2012.03.02 09:54:33.310,1.47892,1.47911,2.25,1.50
2012.03.02 09:54:33.861,1.47891,1.4791,1.50,1.50
2012.03.02 09:54:34.356,1.47891,1.47909,1.50,1.50
2012.03.02 09:54:34.948,1.47891,1.47912,1.50,1.50
2012.03.02 09:54:35.208,1.47893,1.47912,1.50,1.50
2012.03.02 09:54:35.760,1.47894,1.47912,1.50,1.50
2012.03.02 09:54:35.831,1.47894,1.47919,1.50,1.50
2012.03.02 09:54:36.293,1.47896,1.47919,1.50,1.50
2012.03.02 09:54:36.368,1.47896,1.47922,1.50,1.50
2012.03.02 09:54:37.199,1.47899,1.47922,1.50,1.50
2012.03.02 09:54:38.087,1.47897,1.47922,1.50,1.50
2012.03.02 09:54:38.449,1.47897,1.47914,1.50,1.50
2012.03.02 09:54:38.577,1.47897,1.47923,1.50,1.50
2012.03.02 09:54:38.769,1.47893,1.47922,1.50,1.50
2012.03.02 09:54:40.110,1.47893,1.4792,1.50,1.50
2012.03.02 09:54:40.657,1.47892,1.47921,1.50,1.50
2012.03.02 09:54:40.969,1.47896,1.47923,1.50,2.25
2012.03.02 09:54:41.575,1.47893,1.47916,1.50,1.50
2012.03.02 09:54:42.324,1.47892,1.47904,1.50,1.50
2012.03.02 09:54:42.642,1.47892,1.47916,1.50,1.84
2012.03.02 09:54:42.775,1.47891,1.4791,1.50,1.50
2012.03.02 09:54:43.399,1.47885,1.47913,1.50,3.00
2012.03.02 09:54:43.647,1.47888,1.47913,1.50,1.50
2012.03.02 09:54:43.960,1.4789,1.47913,1.50,1.50
2012.03.02 09:54:44.336,1.47888,1.47913,1.50,1.50
2012.03.02 09:54:44.711,1.47888,1.47915,1.50,3.00
2012.03.02 09:54:45.656,1.47888,1.47914,1.50,1.50
2012.03.02 09:54:46.218,1.47892,1.47914,1.50,1.50
2012.03.02 09:54:46.817,1.47891,1.47914,1.50,1.50
2012.03.02 09:54:46.888,1.47889,1.47914,1.50,1.50
2012.03.02 09:54:49.788,1.47893,1.47914,1.50,1.50
2012.03.02 09:54:50.043,1.4789,1.47914,1.50,1.50
2012.03.02 09:54:51.148,1.4789,1.47914,1.50,2.25
2012.03.02 09:54:51.901,1.4789,1.47914,1.50,1.50
2012.03.02 09:54:52.037,1.4789,1.4791,1.50,1.50
2012.03.02 09:54:52.223,1.4789,1.47913,1.50,1.50
2012.03.02 09:54:53.277,1.47894,1.47913,1.50,1.50
2012.03.02 09:54:54.194,1.47894,1.47921,1.50,1.50
2012.03.02 09:54:56.773,1.47894,1.47921,1.50,2.25
2012.03.02 09:54:57.362,1.47894,1.47915,1.50,1.50
2012.03.02 09:54:57.503,1.47892,1.47915,1.50,1.50
2012.03.02 09:54:57.755,1.47894,1.47915,1.50,1.50
2012.03.02 09:54:59.216,1.47892,1.47915,1.50,1.50
2012.03.02 09:54:59.285,1.4789,1.47915,1.50,1.50
2012.03.02 09:54:59.807,1.47892,1.47915,1.50,1.50
2012.03.02 09:54:59.936,1.47892,1.47921,1.50,1.50
2012.03.02 09:55:01.608,1.47892,1.47921,1.50,3.08
2012.03.02 09:55:01.679,1.47888,1.47917,1.50,1.50
2012.03.02 09:55:03.846,1.47888,1.47915,1.50,1.50
2012.03.02 09:55:04.157,1.47888,1.47914,1.50,1.20
2012.03.02 09:55:04.697,1.47888,1.47913,1.50,1.20
2012.03.02 09:55:05.263,1.47888,1.47913,1.50,1.20
2012.03.02 09:55:05.619,1.47888,1.47906,1.50,1.50
2012.03.02 09:55:06.264,1.47883,1.47906,1.50,1.50
2012.03.02 09:55:06.729,1.47886,1.47906,1.50,1.50
2012.03.02 09:55:07.042,1.47884,1.47905,1.50,1.50
2012.03.02 09:55:07.569,1.47885,1.47905,1.50,1.95
2012.03.02 09:55:09.486,1.47883,1.47905,1.50,1.50
2012.03.02 09:55:14.945,1.47883,1.47907,1.50,2.33
2012.03.02 09:55:15.016,1.47886,1.47907,1.50,2.33
2012.03.02 09:55:15.589,1.47886,1.47907,1.50,1.88
2012.03.02 09:55:16.247,1.47886,1.47913,1.50,2.40
2012.03.02 09:55:16.905,1.47886,1.47913,1.50,2.03
2012.03.02 09:55:17.555,1.47889,1.47915,1.50,3.53
2012.03.02 09:55:19.244,1.47889,1.47915,1.50,1.95
2012.03.02 09:55:19.875,1.47886,1.47914,1.50,3.45
2012.03.02 09:55:20.718,1.47886,1.47911,1.50,1.50
2012.03.02 09:55:21.470,1.47889,1.47911,1.50,1.50
2012.03.02 09:55:21.563,1.47886,1.47911,3.00,1.50
2012.03.02 09:55:21.689,1.47886,1.47908,1.50,1.50
2012.03.02 09:55:23.398,1.47886,1.47905,1.50,1.50
2012.03.02 09:55:29.630,1.47884,1.47905,1.50,1.50
2012.03.02 09:55:30.007,1.47882,1.47905,1.50,1.50
2012.03.02 09:55:30.531,1.47885,1.47905,1.50,1.50
2012.03.02 09:55:32.551,1.47885,1.47912,1.50,1.95
2012.03.02 09:55:33.311,1.47885,1.47914,1.50,3.83
2012.03.02 09:55:33.934,1.47885,1.47914,1.50,3.83
2012.03.02 09:55:34.612,1.47885,1.47913,1.50,1.58
2012.03.02 09:55:39.038,1.47885,1.47912,1.50,1.95
2012.03.02 09:55:39.346,1.47882,1.47907,1.50,1.50
2012.03.02 09:55:39.416,1.47882,1.47907,1.50,1.95
2012.03.02 09:55:39.491,1.47879,1.47904,1.50,2.25
2012.03.02 09:55:39.622,1.47879,1.47901,1.50,1.50
2012.03.02 09:55:39.688,1.47875,1.47899,1.50,1.50
2012.03.02 09:55:39.818,1.47875,1.47901,1.50,1.95
2012.03.02 09:55:40.067,1.47879,1.47906,1.50,2.33
2012.03.02 09:55:43.803,1.47879,1.47905,1.50,1.20
2012.03.02 09:55:44.750,1.47881,1.47906,1.50,1.20
2012.03.02 09:55:45.070,1.47878,1.47905,1.50,1.20
2012.03.02 09:55:45.137,1.47878,1.47906,1.50,1.20
2012.03.02 09:55:46.677,1.47876,1.47903,1.50,1.50
2012.03.02 09:55:49.467,1.47873,1.47901,3.00,1.50
2012.03.02 09:55:49.901,1.47876,1.47902,1.50,1.50
2012.03.02 09:55:50.240,1.47878,1.47902,1.50,1.50
2012.03.02 09:55:50.314,1.47875,1.47901,1.50,1.50
2012.03.02 09:55:50.382,1.47873,1.47901,3.38,1.50
2012.03.02 09:55:50.946,1.47878,1.47902,1.50,1.50
2012.03.02 09:55:51.170,1.47878,1.47904,3.00,1.95
2012.03.02 09:55:51.588,1.47878,1.47907,3.00,2.70
2012.03.02 09:55:53.296,1.47878,1.47907,3.00,2.33
2012.03.02 09:55:53.366,1.47882,1.47907,1.50,1.88
2012.03.02 09:55:54.136,1.47882,1.47908,3.00,1.88
2012.03.02 09:55:54.220,1.47878,1.47905,4.50,1.50
2012.03.02 09:55:54.292,1.47882,1.47909,1.50,1.88
2012.03.02 09:55:54.888,1.47882,1.47909,1.50,1.88
2012.03.02 09:55:55.199,1.47885,1.47912,3.00,1.58
2012.03.02 09:55:55.897,1.47876,1.47901,2.63,1.50
2012.03.02 09:55:56.108,1.47876,1.47904,3.75,1.50
2012.03.02 09:55:56.242,1.4788,1.47907,1.50,1.88
2012.03.02 09:55:56.610,1.47877,1.47905,1.50,1.50
2012.03.02 09:55:56.679,1.47883,1.47905,1.50,1.50
2012.03.02 09:55:56.966,1.47883,1.47908,1.50,1.88
2012.03.02 09:55:57.950,1.47889,1.47914,1.50,4.20
2012.03.02 09:55:58.148,1.47886,1.47913,1.50,1.20
2012.03.02 09:55:58.281,1.47888,1.47914,1.50,2.70
2012.03.02 09:55:58.361,1.47886,1.47914,1.50,2.70
2012.03.02 09:55:59.136,1.47885,1.47911,1.50,1.88
2012.03.02 09:55:59.496,1.47885,1.47911,1.50,1.50
2012.03.02 09:56:01.280,1.47883,1.47909,3.00,1.50
2012.03.02 09:56:02.777,1.47883,1.47907,1.50,1.50
2012.03.02 09:56:03.088,1.47883,1.47909,1.50,3.00
2012.03.02 09:56:03.456,1.47882,1.47907,1.50,1.50
2012.03.02 09:56:03.539,1.47879,1.47906,4.50,1.50
2012.03.02 09:56:03.827,1.47878,1.47904,1.50,1.50
2012.03.02 09:56:04.496,1.47878,1.47907,3.00,3.45
2012.03.02 09:56:07.003,1.47882,1.47907,1.50,1.50
2012.03.02 09:56:07.825,1.47879,1.47907,1.50,3.45
2012.03.02 09:56:07.948,1.47879,1.47907,1.50,4.20
2012.03.02 09:56:08.280,1.47877,1.47901,1.50,1.50
2012.03.02 09:56:08.431,1.47874,1.47901,3.00,3.00
2012.03.02 09:56:08.561,1.47879,1.47902,1.50,1.50
2012.03.02 09:56:08.900,1.47879,1.47906,1.50,3.45
2012.03.02 09:56:09.539,1.47879,1.47903,1.50,1.50
2012.03.02 09:56:10.376,1.47876,1.47901,1.50,1.50
2012.03.02 09:56:12.299,1.47879,1.47901,1.50,1.50
2012.03.02 09:56:12.370,1.47879,1.47906,3.00,3.00
2012.03.02 09:56:12.546,1.47882,1.47906,1.50,1.50
2012.03.02 09:56:13.367,1.47882,1.47903,1.50,1.50
2012.03.02 09:56:14.890,1.47885,1.47903,1.50,1.50
2012.03.02 09:56:15.136,1.47885,1.4791,1.50,1.88
2012.03.02 09:56:15.683,1.47882,1.47908,1.50,1.50
2012.03.02 09:56:15.959,1.4788,1.47907,3.00,1.50
2012.03.02 09:56:16.148,1.4788,1.47903,1.50,1.50
2012.03.02 09:56:16.219,1.4788,1.47905,1.50,1.50
2012.03.02 09:56:16.581,1.47883,1.47905,1.50,1.50
2012.03.02 09:56:17.853,1.47883,1.47904,1.50,1.50
2012.03.02 09:56:19.022,1.47886,1.47904,1.50,1.50
2012.03.02 09:56:19.211,1.47885,1.47909,1.50,1.95
2012.03.02 09:56:19.793,1.47884,1.47908,1.50,1.50
2012.03.02 09:56:20.447,1.47884,1.47907,1.50,1.50
2012.03.02 09:56:20.747,1.47886,1.47907,1.50,1.50
2012.03.02 09:56:20.876,1.47886,1.47911,1.50,1.95
2012.03.02 09:56:21.069,1.47888,1.47912,1.50,1.50
2012.03.02 09:56:21.644,1.47888,1.4791,1.50,1.50
2012.03.02 09:56:22.093,1.47891,1.47911,1.50,1.50
2012.03.02 09:56:22.262,1.47893,1.47918,1.50,3.08
2012.03.02 09:56:22.817,1.47892,1.47918,1.50,2.33
2012.03.02 09:56:23.734,1.47892,1.47918,1.50,2.33
2012.03.02 09:56:27.998,1.47892,1.4792,5.59,3.08
2012.03.02 09:56:28.309,1.47902,1.4792,1.50,1.13
2012.03.02 09:56:28.867,1.47902,1.47927,1.50,1.95
2012.03.02 09:56:29.433,1.47902,1.47925,1.50,1.50
2012.03.02 09:56:30.668,1.47902,1.47928,1.50,1.20
2012.03.02 09:56:31.007,1.47902,1.47925,1.50,1.50
2012.03.02 09:56:31.496,1.47902,1.47928,1.50,1.20
2012.03.02 09:56:32.025,1.47902,1.47928,1.50,1.20
2012.03.02 09:56:32.157,1.47902,1.47925,1.50,2.33
2012.03.02 09:56:32.227,1.47898,1.47924,1.50,2.33
2012.03.02 09:56:32.741,1.47898,1.47924,1.50,2.33
2012.03.02 09:56:32.808,1.479,1.47924,1.50,1.95
2012.03.02 09:56:33.481,1.47902,1.47924,1.50,2.25
2012.03.02 09:56:33.863,1.47897,1.47921,1.50,1.50
2012.03.02 09:56:34.525,1.47897,1.4792,1.50,1.50
2012.03.02 09:56:34.897,1.47897,1.47919,1.50,1.95
2012.03.02 09:56:34.968,1.47893,1.47919,1.50,1.95
2012.03.02 09:56:35.040,1.47893,1.47917,1.50,1.50
2012.03.02 09:56:35.942,1.47893,1.4791,1.50,1.50
2012.03.02 09:56:36.245,1.47893,1.47908,1.50,1.50
2012.03.02 09:56:36.386,1.47889,1.47908,1.84,1.50
2012.03.02 09:56:36.619,1.47889,1.47913,1.84,1.50
2012.03.02 09:56:37.007,1.47897,1.47915,1.50,1.50
2012.03.02 09:56:37.391,1.47897,1.47917,1.50,1.50
2012.03.02 09:56:40.109,1.47897,1.47915,1.50,1.50
2012.03.02 09:56:40.240,1.47897,1.47917,1.50,1.50
2012.03.02 09:56:40.538,1.47897,1.4792,1.50,1.50
2012.03.02 09:56:42.154,1.47893,1.4792,1.50,1.50
2012.03.02 09:56:43.502,1.47894,1.4792,1.50,1.50
2012.03.02 09:56:43.955,1.47897,1.4792,1.50,1.50
2012.03.02 09:56:44.781,1.47898,1.4792,1.50,1.50
2012.03.02 09:56:44.848,1.47899,1.47923,1.50,1.50
2012.03.02 09:56:45.038,1.47896,1.47923,1.50,1.50
2012.03.02 09:56:46.146,1.47894,1.47921,1.50,1.50
2012.03.02 09:56:46.698,1.47896,1.47913,1.88,1.50
2012.03.02 09:56:46.850,1.47906,1.47923,1.50,1.50
2012.03.02 09:56:46.998,1.479,1.4792,1.50,1.50
2012.03.02 09:56:47.198,1.479,1.47929,1.50,1.50
2012.03.02 09:56:47.331,1.47904,1.47933,1.50,1.95
2012.03.02 09:56:47.637,1.47904,1.47918,1.50,1.50
2012.03.02 09:56:48.344,1.47895,1.47916,1.50,1.50
2012.03.02 09:56:48.769,1.47897,1.47915,1.50,1.50
2012.03.02 09:56:48.838,1.479,1.47921,1.50,1.50
2012.03.02 09:56:49.357,1.479,1.47922,1.50,1.50
2012.03.02 09:56:50.713,1.479,1.47923,1.50,1.50
2012.03.02 09:56:50.843,1.47897,1.4792,3.00,1.50
2012.03.02 09:56:51.030,1.47897,1.47923,3.00,1.50
2012.03.02 09:56:51.278,1.47897,1.47925,3.00,1.50
2012.03.02 09:56:51.349,1.47903,1.47925,1.50,1.50
2012.03.02 09:56:52.007,1.47899,1.47925,1.50,1.50
2012.03.02 09:56:52.088,1.479,1.47927,1.50,1.50
2012.03.02 09:56:52.219,1.479,1.47927,1.50,1.84
2012.03.02 09:56:52.534,1.479,1.47909,1.50,1.50
2012.03.02 09:56:52.603,1.47886,1.47906,1.35,1.50
2012.03.02 09:56:52.742,1.47886,1.47908,1.13,1.50
2012.03.02 09:56:52.814,1.47884,1.4791,1.50,1.50
2012.03.02 09:56:53.001,1.47889,1.4791,1.50,1.50
2012.03.02 09:56:53.069,1.47891,1.47919,1.50,3.45
2012.03.02 09:56:53.656,1.47889,1.47916,1.50,1.50
2012.03.02 09:56:54.263,1.47888,1.47916,3.00,1.50
2012.03.02 09:56:54.905,1.47888,1.47914,1.50,1.50
2012.03.02 09:56:56.138,1.47888,1.47914,4.50,1.50
2012.03.02 09:56:56.327,1.47889,1.47916,1.50,1.50
2012.03.02 09:56:56.812,1.47892,1.47916,1.50,1.50
2012.03.02 09:56:56.884,1.47894,1.47919,1.50,1.50
2012.03.02 09:56:57.006,1.47891,1.47918,1.50,1.50
2012.03.02 09:56:57.077,1.47889,1.47916,1.50,1.50
2012.03.02 09:56:57.490,1.47888,1.47916,3.00,1.50
2012.03.02 09:56:59.028,1.47891,1.47918,1.50,1.50
2012.03.02 09:57:00.219,1.47889,1.47915,1.50,1.50
2012.03.02 09:57:02.348,1.47889,1.47914,1.50,1.50
2012.03.02 09:57:10.256,1.4789,1.47914,1.50,1.50
2012.03.02 09:57:16.799,1.47888,1.47914,1.50,2.25
2012.03.02 09:57:16.926,1.47888,1.47906,1.50,1.50
2012.03.02 09:57:17.116,1.47891,1.47915,1.50,1.50
2012.03.02 09:57:17.307,1.47894,1.47915,1.50,1.50
2012.03.02 09:57:19.183,1.4789,1.47915,1.50,1.50
2012.03.02 09:57:22.126,1.4789,1.47914,1.50,1.50
2012.03.02 09:57:23.024,1.4789,1.47915,1.50,1.50
2012.03.02 09:57:25.338,1.47888,1.4791,1.84,1.50
2012.03.02 09:57:25.653,1.47878,1.47902,2.25,1.50
2012.03.02 09:57:26.354,1.47874,1.47898,1.50,1.50
2012.03.02 09:57:26.551,1.47873,1.47901,1.50,1.50
2012.03.02 09:57:27.022,1.47873,1.47897,1.50,1.50
2012.03.02 09:57:27.541,1.47872,1.47897,1.50,1.50
2012.03.02 09:57:27.608,1.4787,1.47897,1.50,1.50
2012.03.02 09:57:28.337,1.47873,1.47897,1.50,1.50
2012.03.02 09:57:29.142,1.47871,1.47897,1.50,1.50
2012.03.02 09:57:29.213,1.47885,1.47906,1.50,1.20
2012.03.02 09:57:29.338,1.47885,1.47909,1.50,1.95
2012.03.02 09:57:29.409,1.47885,1.47909,1.50,1.50
2012.03.02 09:57:30.651,1.47883,1.47909,1.50,1.50
2012.03.02 09:57:30.723,1.47881,1.47909,1.50,1.50
2012.03.02 09:57:34.257,1.47879,1.47906,3.00,1.50
2012.03.02 09:57:34.862,1.47879,1.47906,1.50,3.75
2012.03.02 09:57:35.568,1.47877,1.47903,1.50,1.50
2012.03.02 09:57:44.588,1.47878,1.47906,1.50,1.95
2012.03.02 09:57:44.725,1.4789,1.47906,1.50,1.50
2012.03.02 09:57:44.800,1.4789,1.47911,1.50,1.95
2012.03.02 09:57:44.871,1.47888,1.47911,3.00,1.50
2012.03.02 09:57:44.941,1.47888,1.47911,1.50,2.25
2012.03.02 09:57:45.016,1.47888,1.47911,1.50,1.50
2012.03.02 09:57:45.146,1.47888,1.47911,1.50,1.84
2012.03.02 09:57:45.218,1.47886,1.47908,1.50,1.09
2012.03.02 09:57:45.469,1.47886,1.47906,1.50,1.09
2012.03.02 09:57:45.604,1.47882,1.47906,1.50,1.09
2012.03.02 09:57:45.726,1.47881,1.47908,1.50,1.09
2012.03.02 09:57:46.264,1.47881,1.47909,1.50,3.45
2012.03.02 09:57:46.855,1.47881,1.47909,1.50,3.45
2012.03.02 09:57:47.396,1.47881,1.47909,1.50,3.45
2012.03.02 09:57:47.527,1.47883,1.4791,1.50,2.33
2012.03.02 09:57:47.598,1.47883,1.47912,1.50,2.33
2012.03.02 09:57:48.067,1.47887,1.47913,1.50,4.20
2012.03.02 09:57:48.926,1.47887,1.47909,1.50,1.50
2012.03.02 09:57:49.006,1.47885,1.47909,1.50,1.95
2012.03.02 09:57:49.480,1.47881,1.47909,1.50,3.00
2012.03.02 09:57:49.547,1.4788,1.47906,1.50,1.50
2012.03.02 09:57:49.617,1.47881,1.47909,1.50,1.50
2012.03.02 09:57:51.782,1.47879,1.47907,1.50,1.50
2012.03.02 09:57:52.317,1.47883,1.47909,1.50,3.00
2012.03.02 09:57:53.720,1.47883,1.47909,1.50,2.25
2012.03.02 09:57:54.056,1.47881,1.479,1.50,1.50
2012.03.02 09:57:54.130,1.47881,1.47909,1.50,4.20
2012.03.02 09:57:54.317,1.47883,1.47909,1.50,3.00
2012.03.02 09:57:54.876,1.47882,1.47909,1.50,3.45
2012.03.02 09:57:55.288,1.47884,1.47909,1.50,1.95
2012.03.02 09:57:56.010,1.47888,1.47909,1.50,1.95
2012.03.02 09:57:56.075,1.47886,1.47908,1.50,1.50
2012.03.02 09:57:56.140,1.47883,1.47908,1.50,1.50
2012.03.02 09:57:56.874,1.47883,1.47909,1.50,1.95
2012.03.02 09:57:57.069,1.47881,1.47906,1.50,1.50
2012.03.02 09:57:57.197,1.47879,1.47906,3.00,1.50
2012.03.02 09:57:58.150,1.47879,1.47905,3.00,1.50
2012.03.02 09:57:58.371,1.47879,1.47902,1.50,1.50
2012.03.02 09:57:58.515,1.47877,1.47902,1.50,1.50
2012.03.02 09:57:58.636,1.47874,1.47902,3.38,1.50
2012.03.02 09:57:59.347,1.47874,1.47902,2.63,1.50
2012.03.02 09:57:59.868,1.47874,1.47902,1.50,1.50
2012.03.02 09:58:00.424,1.47876,1.47902,1.50,1.50
2012.03.02 09:58:00.730,1.47883,1.47905,1.50,1.50
2012.03.02 09:58:00.936,1.47883,1.47908,1.50,1.95
2012.03.02 09:58:01.070,1.47881,1.47905,1.50,1.50
2012.03.02 09:58:02.189,1.47879,1.47905,1.50,1.50
2012.03.02 09:58:02.655,1.47877,1.47905,1.50,1.50
2012.03.02 09:58:04.512,1.47877,1.47905,1.50,2.25
2012.03.02 09:58:04.719,1.47872,1.479,1.65,1.50
2012.03.02 09:58:04.790,1.47874,1.479,1.50,1.50
2012.03.02 09:58:04.862,1.47876,1.47903,1.50,1.50
2012.03.02 09:58:05.582,1.47878,1.47905,1.50,2.25
2012.03.02 09:58:06.690,1.47878,1.47905,1.50,1.50
2012.03.02 09:58:07.033,1.47876,1.47904,1.50,1.50
2012.03.02 09:58:07.567,1.47879,1.47906,1.50,1.50
2012.03.02 09:58:08.027,1.47882,1.4791,1.50,4.20
2012.03.02 09:58:08.554,1.47882,1.4791,1.50,3.45
2012.03.02 09:58:09.044,1.47887,1.4791,1.50,1.50
2012.03.02 09:58:09.107,1.47882,1.47909,1.50,1.50
2012.03.02 09:58:09.477,1.4788,1.47907,1.50,1.50
2012.03.02 09:58:11.591,1.47883,1.47909,1.50,1.50
2012.03.02 09:58:12.496,1.4788,1.47909,1.50,3.00
2012.03.02 09:58:12.815,1.47888,1.47909,1.50,1.50
2012.03.02 09:58:13.121,1.47893,1.47915,1.50,1.50
2012.03.02 09:58:13.559,1.47895,1.47915,1.50,1.50
2012.03.02 09:58:13.628,1.47899,1.47921,1.50,1.20
2012.03.02 09:58:14.306,1.47899,1.47923,1.50,2.33
2012.03.02 09:58:14.382,1.47895,1.47923,1.50,2.33
2012.03.02 09:58:15.300,1.47902,1.47926,1.50,1.95
2012.03.02 09:58:15.488,1.47902,1.47928,1.50,2.33
2012.03.02 09:58:25.896,1.47902,1.47927,1.50,1.95
2012.03.02 09:58:27.016,1.47902,1.47924,1.50,1.50
2012.03.02 09:58:27.086,1.47902,1.47922,1.50,1.50
2012.03.02 09:58:28.060,1.47902,1.47924,1.50,1.95
2012.03.02 09:58:29.118,1.47902,1.47928,1.50,1.95
2012.03.02 09:58:30.517,1.47902,1.47928,1.99,1.95
2012.03.02 09:58:30.839,1.47915,1.47929,1.50,1.50
2012.03.02 09:58:30.908,1.47911,1.47938,1.50,3.45
2012.03.02 09:58:31.370,1.47911,1.47938,1.50,3.45
2012.03.02 09:58:31.449,1.47907,1.47934,1.50,1.50
2012.03.02 09:58:31.936,1.47907,1.47933,1.50,2.25
2012.03.02 09:58:32.011,1.47906,1.47933,1.50,1.95
2012.03.02 09:58:32.079,1.47906,1.47931,1.50,1.50
2012.03.02 09:58:32.626,1.47903,1.47929,1.50,1.50
2012.03.02 09:58:32.696,1.47901,1.47929,1.50,1.50
2012.03.02 09:58:33.456,1.47901,1.47929,1.50,2.70
2012.03.02 09:58:34.276,1.47899,1.47926,1.50,1.50
2012.03.02 09:58:34.709,1.47899,1.47926,1.50,1.95
2012.03.02 09:58:34.783,1.47891,1.4792,1.50,1.50
2012.03.02 09:58:34.847,1.47895,1.47922,1.50,1.50
2012.03.02 09:58:35.226,1.47898,1.47927,1.50,3.08
2012.03.02 09:58:39.245,1.47898,1.47926,1.50,1.20
2012.03.02 09:58:40.351,1.47898,1.47927,1.50,2.70
2012.03.02 09:58:43.646,1.47898,1.47923,1.50,1.50
2012.03.02 09:58:43.777,1.47896,1.47923,1.50,3.00
2012.03.02 09:58:44.503,1.47896,1.47923,1.50,3.45
2012.03.02 09:58:45.005,1.47896,1.47923,1.50,1.95
2012.03.02 09:58:48.686,1.47896,1.47922,1.50,1.50
2012.03.02 09:58:50.600,1.47893,1.47921,1.50,2.25
2012.03.02 09:58:51.240,1.47888,1.47912,1.50,1.50
2012.03.02 09:58:51.528,1.47889,1.47916,1.50,1.50
2012.03.02 09:58:51.931,1.47894,1.47922,1.50,1.20
2012.03.02 09:58:52.238,1.47892,1.47914,1.50,1.50
2012.03.02 09:58:52.311,1.479,1.47922,1.50,1.50
2012.03.02 09:58:52.568,1.47898,1.47922,1.50,1.50
2012.03.02 09:58:52.759,1.47894,1.47921,1.50,1.50
2012.03.02 09:58:53.264,1.47894,1.47917,1.50,1.50
2012.03.02 09:58:53.333,1.47891,1.47918,1.50,3.75
2012.03.02 09:58:55.087,1.47897,1.47918,1.50,1.50
2012.03.02 09:58:55.278,1.47891,1.47918,1.50,3.00
2012.03.02 09:58:55.832,1.47885,1.47912,1.88,1.50
2012.03.02 09:58:56.705,1.47885,1.47909,1.88,1.50
2012.03.02 09:58:56.950,1.47889,1.47917,1.50,1.50
2012.03.02 09:58:57.198,1.47889,1.47917,1.50,2.25
2012.03.02 09:58:57.327,1.47887,1.47914,3.00,2.25
2012.03.02 09:58:57.520,1.47885,1.47911,4.88,1.50
2012.03.02 09:58:57.659,1.47887,1.47914,1.50,3.75
2012.03.02 09:58:57.982,1.47891,1.47916,1.50,2.25
2012.03.02 09:58:58.507,1.4789,1.47917,1.50,3.75
2012.03.02 09:58:58.579,1.47888,1.47917,1.50,3.75
2012.03.02 09:58:59.757,1.47888,1.47917,1.50,1.50
2012.03.02 09:59:00.298,1.47891,1.47917,1.50,1.50
2012.03.02 09:59:00.616,1.47893,1.47919,1.50,1.50
2012.03.02 09:59:02.499,1.47893,1.47918,1.50,1.50
2012.03.02 09:59:03.027,1.47892,1.47917,1.50,1.50
2012.03.02 09:59:03.315,1.47892,1.4792,1.50,1.50
2012.03.02 09:59:07.135,1.47892,1.4792,1.50,2.25
2012.03.02 09:59:08.172,1.47894,1.47922,1.50,2.25
2012.03.02 09:59:08.617,1.47892,1.47918,3.00,1.50
2012.03.02 09:59:10.188,1.47894,1.47921,1.50,2.25
2012.03.02 09:59:10.424,1.47894,1.47921,1.50,1.50
2012.03.02 09:59:10.548,1.47896,1.47922,1.50,1.50
2012.03.02 09:59:10.859,1.47899,1.47923,1.50,1.50
2012.03.02 09:59:11.438,1.47893,1.4792,1.50,1.50
2012.03.02 09:59:11.477,1.47896,1.47922,1.50,1.50
2012.03.02 09:59:12.019,1.47896,1.47923,1.50,1.95
2012.03.02 09:59:15.527,1.47905,1.47924,1.50,1.50
2012.03.02 09:59:15.657,1.47907,1.47929,1.50,3.00
2012.03.02 09:59:15.850,1.47906,1.47923,1.50,1.50
2012.03.02 09:59:16.097,1.47906,1.47929,1.50,1.50
2012.03.02 09:59:16.327,1.47908,1.47929,1.50,1.50
2012.03.02 09:59:16.466,1.47906,1.47929,1.50,1.50
2012.03.02 09:59:17.160,1.47887,1.47916,1.50,1.50
2012.03.02 09:59:17.234,1.47894,1.47902,1.09,1.50
2012.03.02 09:59:17.489,1.47882,1.47902,1.84,1.50
2012.03.02 09:59:17.619,1.47888,1.47909,1.50,1.50
2012.03.02 09:59:17.746,1.47891,1.47909,1.50,1.50
2012.03.02 09:59:17.816,1.47892,1.47915,1.50,1.50
2012.03.02 09:59:17.888,1.47889,1.47915,1.50,1.50
2012.03.02 09:59:17.957,1.47889,1.47909,1.50,1.50
2012.03.02 09:59:18.567,1.47886,1.47909,1.50,1.50
2012.03.02 09:59:18.637,1.47881,1.47909,1.50,1.50
2012.03.02 09:59:19.188,1.47884,1.4791,1.50,1.50
2012.03.02 09:59:19.396,1.47882,1.47909,1.50,1.50
2012.03.02 09:59:20.056,1.47884,1.4791,1.50,1.50
2012.03.02 09:59:21.037,1.47884,1.47908,1.50,1.50
2012.03.02 09:59:22.482,1.47882,1.47908,1.50,1.50
2012.03.02 09:59:23.557,1.47882,1.4791,1.50,1.95
2012.03.02 09:59:24.462,1.47886,1.4791,1.50,1.95
2012.03.02 09:59:29.244,1.47883,1.4791,1.50,1.50
2012.03.02 09:59:29.367,1.47882,1.47908,1.50,1.50
2012.03.02 09:59:34.878,1.47882,1.47908,1.50,1.88
2012.03.02 09:59:35.188,1.47872,1.47887,1.50,1.50
2012.03.02 09:59:35.320,1.47866,1.47893,1.50,1.50
2012.03.02 09:59:35.448,1.47872,1.47895,1.50,3.00
2012.03.02 09:59:36.329,1.47883,1.47907,1.50,1.95
2012.03.02 09:59:36.400,1.47883,1.47907,1.50,1.50
2012.03.02 09:59:36.469,1.47879,1.47907,1.50,2.25
2012.03.02 09:59:36.560,1.47879,1.47901,1.50,1.50
2012.03.02 09:59:36.779,1.47879,1.47908,1.50,3.00
2012.03.02 09:59:37.763,1.47883,1.47908,1.50,1.50
2012.03.02 09:59:38.066,1.47888,1.47908,1.50,1.50
2012.03.02 09:59:38.409,1.47891,1.47908,1.50,1.50
2012.03.02 09:59:38.478,1.47889,1.47908,1.50,1.50
2012.03.02 09:59:38.548,1.47889,1.47915,1.50,1.50
2012.03.02 09:59:38.738,1.47887,1.47914,1.50,1.50
2012.03.02 09:59:38.809,1.47887,1.47908,1.50,1.50
2012.03.02 09:59:39.119,1.47887,1.479,1.50,1.50
2012.03.02 09:59:39.248,1.47877,1.479,1.50,1.50
2012.03.02 09:59:39.718,1.47881,1.47907,1.50,1.50
2012.03.02 09:59:41.312,1.47877,1.47902,1.50,1.50
2012.03.02 09:59:41.380,1.47877,1.47905,1.50,1.50
2012.03.02 09:59:41.446,1.47876,1.47901,1.50,1.50
2012.03.02 09:59:41.516,1.47876,1.47905,3.00,1.50
2012.03.02 09:59:41.647,1.47878,1.47905,1.50,1.50
2012.03.02 09:59:41.875,1.47879,1.47908,1.50,3.00
2012.03.02 09:59:42.946,1.47882,1.47908,1.50,1.50
2012.03.02 09:59:43.364,1.47886,1.47908,1.50,1.50
2012.03.02 09:59:43.558,1.47882,1.47908,1.50,1.50
2012.03.02 09:59:45.389,1.47882,1.47901,1.50,1.50
2012.03.02 09:59:45.464,1.47875,1.47899,1.50,1.50
2012.03.02 09:59:45.534,1.47877,1.47898,1.50,1.50
2012.03.02 09:59:45.718,1.47877,1.47906,1.84,3.00
2012.03.02 09:59:45.788,1.47882,1.47906,1.50,1.50
2012.03.02 09:59:46.042,1.47885,1.47911,1.50,1.50
2012.03.02 09:59:46.109,1.47893,1.47911,1.50,1.50
2012.03.02 09:59:46.299,1.47893,1.47917,1.50,1.50
2012.03.02 09:59:46.434,1.47893,1.47917,1.50,2.25
2012.03.02 09:59:46.580,1.47888,1.47911,1.50,1.50
2012.03.02 09:59:47.551,1.47888,1.47917,3.00,2.25
2012.03.02 09:59:47.809,1.47885,1.47912,4.13,1.50
2012.03.02 09:59:47.880,1.47887,1.47916,1.50,1.50
2012.03.02 09:59:48.009,1.47891,1.47917,1.50,1.88
2012.03.02 09:59:48.490,1.47891,1.47915,1.50,1.50
2012.03.02 09:59:48.561,1.47888,1.47915,1.50,3.00
2012.03.02 09:59:48.688,1.47888,1.47905,1.50,1.50
2012.03.02 09:59:48.998,1.47884,1.47905,1.50,1.50
2012.03.02 09:59:49.508,1.47882,1.47897,1.50,1.50
2012.03.02 09:59:49.590,1.47875,1.47898,1.50,1.50
2012.03.02 09:59:49.661,1.47877,1.47898,1.50,1.50
2012.03.02 09:59:49.910,1.47884,1.4791,1.50,1.50
2012.03.02 09:59:49.980,1.47885,1.47912,1.50,3.00
2012.03.02 09:59:50.292,1.47888,1.47912,1.50,1.50
2012.03.02 09:59:50.360,1.47888,1.47917,1.50,3.00
2012.03.02 09:59:50.430,1.47888,1.47917,1.50,3.75
2012.03.02 09:59:50.804,1.47891,1.47917,1.50,2.25
2012.03.02 09:59:50.912,1.47891,1.47917,1.50,1.50
2012.03.02 09:59:51.385,1.47891,1.47912,1.50,1.50
2012.03.02 09:59:51.469,1.47879,1.47906,3.00,1.50
2012.03.02 09:59:51.603,1.47886,1.47906,1.50,1.50
2012.03.02 09:59:51.910,1.4788,1.47906,1.50,1.50
2012.03.02 09:59:51.980,1.47881,1.4791,1.50,3.00
2012.03.02 09:59:52.052,1.47884,1.4791,1.50,1.50
2012.03.02 09:59:52.253,1.47888,1.47915,1.84,1.50
2012.03.02 09:59:53.015,1.47894,1.47919,1.50,1.88
2012.03.02 09:59:53.340,1.47898,1.47919,1.50,1.88
2012.03.02 09:59:53.582,1.47895,1.47919,3.00,1.88
2012.03.02 09:59:53.709,1.47892,1.47917,1.50,1.50
2012.03.02 09:59:53.788,1.47899,1.47921,1.50,1.50
2012.03.02 09:59:53.864,1.47899,1.47923,1.50,1.50
2012.03.02 09:59:54.051,1.47896,1.47923,1.50,3.00
2012.03.02 09:59:54.652,1.4789,1.47917,1.84,1.50
2012.03.02 09:59:54.971,1.47893,1.47916,1.50,1.50
2012.03.02 09:59:55.107,1.47893,1.47918,1.50,1.50
2012.03.02 09:59:55.309,1.47889,1.47916,1.84,1.50
2012.03.02 09:59:55.440,1.47895,1.47918,1.50,1.50
2012.03.02 09:59:55.748,1.47897,1.47918,1.50,1.50
2012.03.02 09:59:56.403,1.47901,1.47915,1.09,1.50
2012.03.02 09:59:56.475,1.47901,1.47923,1.09,3.00
2012.03.02 09:59:56.665,1.4791,1.47928,1.50,1.50
2012.03.02 09:59:56.860,1.47904,1.47925,1.50,1.50
2012.03.02 09:59:56.928,1.47904,1.47925,2.25,1.50
2012.03.02 09:59:57.057,1.47904,1.47932,2.25,1.50
2012.03.02 09:59:57.253,1.47909,1.47932,1.50,1.50
2012.03.02 09:59:57.550,1.47905,1.47932,2.25,3.00
2012.03.02 09:59:58.195,1.47905,1.47932,1.50,3.00
2012.03.02 09:59:58.452,1.47903,1.4793,2.25,1.50
2012.03.02 09:59:58.524,1.47903,1.4793,1.50,1.50
2012.03.02 09:59:58.789,1.47903,1.47926,1.50,1.50
2012.03.02 09:59:59.145,1.47893,1.47922,1.84,1.50
2012.03.02 09:59:59.716,1.47899,1.47923,1.50,1.50
2012.03.02 09:59:59.794,1.47896,1.47923,1.50,1.50
