2012.03.08 20:00:00.037,1.48503,1.48534,1.50,2.13
2012.03.08 20:00:00.108,1.48503,1.48534,1.50,2.13
2012.03.08 20:00:00.776,1.48503,1.4853,1.50,1.50
2012.03.08 20:00:01.109,1.48503,1.48535,1.50,1.50
2012.03.08 20:00:01.182,1.48501,1.4853,1.50,1.50
2012.03.08 20:00:02.070,1.48501,1.4853,1.50,2.13
2012.03.08 20:00:02.591,1.48499,1.48523,1.50,1.50
2012.03.08 20:00:02.666,1.48495,1.48525,3.75,1.50
2012.03.08 20:00:02.737,1.48498,1.48528,1.50,1.50
2012.03.08 20:00:02.870,1.48498,1.48529,2.25,2.13
2012.03.08 20:00:03.120,1.48502,1.48531,2.25,1.50
2012.03.08 20:00:03.192,1.48502,1.48538,2.25,2.50
2012.03.08 20:00:03.757,1.48502,1.48538,2.25,2.50
2012.03.08 20:00:04.599,1.48499,1.48529,1.50,1.50
2012.03.08 20:00:04.678,1.48496,1.48527,2.25,1.50
2012.03.08 20:00:04.756,1.48492,1.48525,1.50,1.50
2012.03.08 20:00:05.073,1.48496,1.48525,2.25,1.50
2012.03.08 20:00:05.321,1.48503,1.48537,1.50,2.80
2012.03.08 20:00:05.509,1.48498,1.48528,1.50,2.13
2012.03.08 20:00:05.637,1.48492,1.48528,2.25,2.13
2012.03.08 20:00:06.442,1.48492,1.48528,2.25,1.50
2012.03.08 20:00:06.513,1.48492,1.48528,2.25,2.13
2012.03.08 20:00:06.577,1.48493,1.48528,1.50,1.50
2012.03.08 20:00:06.648,1.48499,1.48533,2.25,2.13
2012.03.08 20:00:06.718,1.48499,1.4853,2.25,1.50
2012.03.08 20:00:06.969,1.48499,1.4853,1.50,1.50
2012.03.08 20:00:07.228,1.48499,1.4853,2.25,1.50
2012.03.08 20:00:07.541,1.48502,1.4853,2.25,1.50
2012.03.08 20:00:07.613,1.48503,1.48535,2.25,2.13
2012.03.08 20:00:08.789,1.48503,1.48533,2.25,1.50
2012.03.08 20:00:08.978,1.48502,1.48531,2.25,2.13
2012.03.08 20:00:09.106,1.48498,1.48528,3.75,1.50
2012.03.08 20:00:09.420,1.48498,1.48528,2.25,1.50
2012.03.08 20:00:09.726,1.48498,1.48528,2.25,1.50
2012.03.08 20:00:09.942,1.485,1.48531,2.25,2.13
2012.03.08 20:00:12.959,1.485,1.48531,2.25,2.13
2012.03.08 20:00:13.128,1.48498,1.48528,2.25,1.50
2012.03.08 20:00:15.368,1.48498,1.48528,2.25,1.50
2012.03.08 20:00:18.724,1.48501,1.48531,2.25,1.88
2012.03.08 20:00:19.324,1.48501,1.48531,2.25,2.13
2012.03.08 20:00:19.457,1.48501,1.48531,2.25,2.13
2012.03.08 20:00:20.289,1.48501,1.48531,2.25,2.13
2012.03.08 20:00:20.358,1.48497,1.48529,2.25,1.50
2012.03.08 20:00:21.341,1.48508,1.48536,1.50,1.34
2012.03.08 20:00:21.416,1.48508,1.4854,1.50,2.50
2012.03.08 20:00:21.489,1.48502,1.48532,3.75,1.50
2012.03.08 20:00:21.680,1.48503,1.48534,2.25,3.00
2012.03.08 20:00:21.806,1.48508,1.48537,2.25,1.88
2012.03.08 20:00:23.538,1.48502,1.4853,2.25,1.50
2012.03.08 20:00:23.608,1.48502,1.48532,3.75,1.50
2012.03.08 20:00:23.939,1.48505,1.48537,2.25,1.88
2012.03.08 20:00:24.168,1.48508,1.4854,1.50,2.50
2012.03.08 20:00:24.490,1.48506,1.48537,2.25,1.88
2012.03.08 20:00:26.460,1.48505,1.48537,2.25,1.88
2012.03.08 20:00:27.690,1.48511,1.4854,2.25,2.13
2012.03.08 20:00:27.999,1.48515,1.48547,1.50,2.13
2012.03.08 20:00:28.085,1.48515,1.48547,1.50,2.13
2012.03.08 20:00:28.915,1.48515,1.48547,1.50,2.13
2012.03.08 20:00:29.582,1.48515,1.48547,1.50,2.13
2012.03.08 20:00:29.978,1.48515,1.48547,2.25,2.13
2012.03.08 20:00:30.166,1.48515,1.48547,2.25,2.13
2012.03.08 20:00:30.241,1.48515,1.48547,1.50,2.13
2012.03.08 20:00:30.307,1.48515,1.48547,1.50,2.13
2012.03.08 20:00:30.498,1.48506,1.48536,3.75,1.50
2012.03.08 20:00:30.567,1.48506,1.48533,2.25,1.50
2012.03.08 20:00:30.786,1.48506,1.48535,2.25,1.50
2012.03.08 20:00:31.459,1.48515,1.48536,1.09,1.50
2012.03.08 20:00:31.650,1.48528,1.48555,1.50,1.88
2012.03.08 20:00:32.073,1.48527,1.48553,1.50,1.50
2012.03.08 20:00:32.268,1.4852,1.48547,1.88,1.50
2012.03.08 20:00:32.410,1.4852,1.48549,1.88,3.00
2012.03.08 20:00:32.717,1.48516,1.48544,3.00,1.50
2012.03.08 20:00:32.906,1.48518,1.48547,1.88,3.00
2012.03.08 20:00:39.136,1.48516,1.48544,1.50,1.50
2012.03.08 20:00:42.480,1.48517,1.48549,1.88,2.13
2012.03.08 20:00:42.626,1.48516,1.48546,1.50,1.50
2012.03.08 20:00:45.607,1.48515,1.48544,2.25,1.50
2012.03.08 20:00:46.113,1.48512,1.48543,3.00,1.50
2012.03.08 20:00:46.835,1.48513,1.48543,2.25,1.50
2012.03.08 20:00:46.911,1.48515,1.48547,2.25,1.50
2012.03.08 20:00:47.139,1.48513,1.48544,2.25,1.50
2012.03.08 20:00:52.795,1.48513,1.48544,2.25,1.50
2012.03.08 20:00:57.018,1.48519,1.48545,1.50,1.50
2012.03.08 20:00:57.342,1.48522,1.48552,1.50,2.13
2012.03.08 20:00:57.410,1.48519,1.4855,1.50,1.50
2012.03.08 20:00:58.106,1.48519,1.4855,1.50,1.88
2012.03.08 20:00:58.366,1.48519,1.4855,1.50,2.13
2012.03.08 20:00:58.977,1.48524,1.48553,1.50,2.13
2012.03.08 20:00:59.169,1.48524,1.48548,1.50,1.50
2012.03.08 20:00:59.238,1.48516,1.48547,2.25,1.50
2012.03.08 20:00:59.448,1.48519,1.48548,2.25,1.50
2012.03.08 20:00:59.767,1.48519,1.48548,1.50,1.50
2012.03.08 20:01:02.036,1.48515,1.48546,1.50,1.50
2012.03.08 20:01:02.709,1.48515,1.48546,2.25,1.50
2012.03.08 20:01:02.778,1.48516,1.48546,1.50,1.50
2012.03.08 20:01:03.229,1.48521,1.48553,1.50,2.13
2012.03.08 20:01:03.760,1.48521,1.48548,1.50,1.50
2012.03.08 20:01:04.271,1.48519,1.48545,1.50,1.50
2012.03.08 20:01:04.355,1.48517,1.48546,1.50,1.50
2012.03.08 20:01:04.564,1.48513,1.48544,2.25,1.50
2012.03.08 20:01:04.635,1.48521,1.4855,1.50,2.13
2012.03.08 20:01:05.128,1.48522,1.48554,2.25,2.13
2012.03.08 20:01:05.449,1.48517,1.48549,2.25,1.50
2012.03.08 20:01:06.085,1.48517,1.48549,2.25,1.50
2012.03.08 20:01:07.202,1.48517,1.48549,2.25,1.50
2012.03.08 20:01:07.338,1.48517,1.48549,2.25,1.50
2012.03.08 20:01:08.942,1.48517,1.48549,2.25,1.50
2012.03.08 20:01:09.762,1.48517,1.48549,1.50,1.50
2012.03.08 20:01:10.089,1.48517,1.48549,1.50,2.13
2012.03.08 20:01:10.611,1.48514,1.48546,2.25,1.50
2012.03.08 20:01:11.247,1.48521,1.48548,1.50,2.13
2012.03.08 20:01:11.901,1.4852,1.48551,1.50,3.63
2012.03.08 20:01:12.286,1.48517,1.48547,1.50,1.50
2012.03.08 20:01:12.988,1.48519,1.4855,1.50,2.13
2012.03.08 20:01:13.494,1.48519,1.4855,1.50,2.13
2012.03.08 20:01:14.499,1.48519,1.4855,1.50,2.13
2012.03.08 20:01:14.717,1.48521,1.48551,1.50,2.13
2012.03.08 20:01:15.606,1.48521,1.48553,1.50,1.50
2012.03.08 20:01:15.682,1.48527,1.48556,1.50,2.13
2012.03.08 20:01:15.958,1.48523,1.48554,1.50,1.88
2012.03.08 20:01:16.987,1.48523,1.48554,1.50,2.22
2012.03.08 20:01:17.179,1.48516,1.48547,3.00,1.50
2012.03.08 20:01:17.702,1.48524,1.48556,1.50,2.13
2012.03.08 20:01:18.113,1.48528,1.48557,1.50,2.43
2012.03.08 20:01:18.300,1.48526,1.48557,1.50,3.93
2012.03.08 20:01:18.575,1.48528,1.48557,1.50,2.43
2012.03.08 20:01:19.221,1.48527,1.48556,1.50,2.43
2012.03.08 20:01:20.436,1.48527,1.48556,1.50,2.43
2012.03.08 20:01:20.806,1.48529,1.48557,1.50,2.43
2012.03.08 20:01:21.170,1.48526,1.48553,1.50,1.38
2012.03.08 20:01:21.702,1.48526,1.48557,1.50,3.93
2012.03.08 20:01:24.361,1.48526,1.48557,1.50,2.43
2012.03.08 20:01:25.139,1.4853,1.48558,1.50,2.13
2012.03.08 20:01:25.778,1.48526,1.48557,1.50,2.13
2012.03.08 20:01:25.929,1.48526,1.48557,1.50,2.13
2012.03.08 20:01:26.451,1.48526,1.48557,1.50,2.13
2012.03.08 20:01:27.134,1.48526,1.48557,1.50,2.13
2012.03.08 20:01:27.967,1.48526,1.48557,1.50,2.13
2012.03.08 20:01:28.506,1.48526,1.48557,1.50,2.13
2012.03.08 20:01:30.322,1.48526,1.48557,1.50,2.13
2012.03.08 20:01:32.355,1.48526,1.48557,1.50,3.63
2012.03.08 20:01:33.217,1.48526,1.48557,1.50,3.63
2012.03.08 20:01:36.313,1.48526,1.48557,1.50,3.63
2012.03.08 20:01:38.387,1.4854,1.48566,1.50,1.38
2012.03.08 20:01:38.997,1.48537,1.48566,1.50,1.38
2012.03.08 20:01:39.526,1.48536,1.48567,1.50,1.38
2012.03.08 20:01:40.678,1.48534,1.48565,1.50,1.88
2012.03.08 20:01:41.181,1.48533,1.48565,1.50,1.88
2012.03.08 20:01:42.054,1.48536,1.48566,1.50,2.25
2012.03.08 20:01:45.089,1.48527,1.48556,2.25,1.50
2012.03.08 20:01:45.657,1.48532,1.48563,1.50,2.48
2012.03.08 20:01:47.232,1.48532,1.48563,1.50,3.23
2012.03.08 20:01:47.778,1.48532,1.4856,1.50,1.28
2012.03.08 20:01:48.041,1.4853,1.48557,1.50,1.50
2012.03.08 20:01:48.108,1.48527,1.48557,1.50,1.50
2012.03.08 20:01:49.827,1.48533,1.48557,1.50,1.50
2012.03.08 20:01:49.957,1.48533,1.48563,1.50,1.73
2012.03.08 20:01:50.700,1.48533,1.4856,1.50,1.28
2012.03.08 20:01:50.768,1.48527,1.48557,1.50,1.50
2012.03.08 20:01:51.017,1.48527,1.48557,1.50,3.63
2012.03.08 20:01:52.574,1.48527,1.48557,1.50,1.50
2012.03.08 20:01:52.961,1.48531,1.48557,1.50,1.50
2012.03.08 20:01:53.033,1.48533,1.48563,1.50,2.50
2012.03.08 20:01:53.799,1.48534,1.48563,1.50,1.88
2012.03.08 20:01:54.048,1.48537,1.48566,1.50,4.38
2012.03.08 20:01:54.548,1.48535,1.48566,1.50,2.13
2012.03.08 20:01:54.620,1.48537,1.48566,1.50,1.50
2012.03.08 20:01:55.177,1.48536,1.48568,1.50,2.13
2012.03.08 20:01:55.500,1.48535,1.48564,1.50,1.50
2012.03.08 20:01:55.809,1.48532,1.48561,1.50,1.50
2012.03.08 20:01:56.119,1.48527,1.48558,1.50,2.13
2012.03.08 20:01:56.970,1.48527,1.48558,1.50,1.50
2012.03.08 20:01:57.044,1.48533,1.48563,1.50,2.13
2012.03.08 20:01:57.766,1.4853,1.48561,1.50,1.50
2012.03.08 20:01:58.056,1.48529,1.48559,1.50,1.50
2012.03.08 20:01:58.367,1.48529,1.48559,1.50,2.88
2012.03.08 20:01:59.144,1.48529,1.48559,1.50,1.38
2012.03.08 20:01:59.996,1.48529,1.48558,1.50,1.38
2012.03.08 20:02:00.697,1.48529,1.48558,1.50,1.38
2012.03.08 20:02:01.220,1.48528,1.48557,1.50,2.88
2012.03.08 20:02:01.408,1.48521,1.48549,1.50,2.13
2012.03.08 20:02:01.541,1.48517,1.48548,1.50,1.50
2012.03.08 20:02:01.727,1.4852,1.48551,1.50,2.13
2012.03.08 20:02:02.493,1.4852,1.48551,1.50,2.13
2012.03.08 20:02:03.029,1.4852,1.48551,1.50,2.13
2012.03.08 20:02:03.801,1.4852,1.48551,1.50,2.13
2012.03.08 20:02:07.239,1.48519,1.48551,1.50,2.13
2012.03.08 20:02:07.556,1.48522,1.48554,1.50,2.88
2012.03.08 20:02:08.175,1.48522,1.48554,1.50,2.88
2012.03.08 20:02:08.851,1.48521,1.4855,1.50,1.88
2012.03.08 20:02:09.771,1.48521,1.4855,1.50,1.88
2012.03.08 20:02:14.140,1.48521,1.4855,1.50,2.13
2012.03.08 20:02:15.797,1.48521,1.4855,2.25,1.50
2012.03.08 20:02:15.867,1.48524,1.48555,1.50,2.13
2012.03.08 20:02:16.422,1.48526,1.48558,1.50,2.13
2012.03.08 20:02:19.067,1.48525,1.48554,1.50,2.13
2012.03.08 20:02:20.566,1.48524,1.48554,1.50,1.50
2012.03.08 20:02:21.195,1.48525,1.48554,1.50,1.50
2012.03.08 20:02:21.581,1.48528,1.48558,1.50,2.13
2012.03.08 20:02:21.652,1.48528,1.48558,1.50,1.50
2012.03.08 20:02:21.795,1.48528,1.4856,1.50,2.50
2012.03.08 20:02:22.347,1.48528,1.4856,1.50,2.50
2012.03.08 20:02:23.505,1.48528,1.4856,1.50,2.50
2012.03.08 20:02:23.591,1.48531,1.4856,1.50,1.50
2012.03.08 20:02:23.886,1.48531,1.4856,1.50,2.13
2012.03.08 20:02:24.018,1.48528,1.48559,1.50,2.13
2012.03.08 20:02:24.148,1.48524,1.48556,1.50,1.50
2012.03.08 20:02:24.356,1.48528,1.48557,1.50,1.50
2012.03.08 20:02:24.821,1.48531,1.4856,1.50,2.13
2012.03.08 20:02:25.177,1.48533,1.48564,1.50,2.13
2012.03.08 20:02:25.716,1.48533,1.48564,1.50,2.13
2012.03.08 20:02:26.605,1.48533,1.48564,1.50,2.13
2012.03.08 20:02:27.086,1.4853,1.48562,1.50,1.50
2012.03.08 20:02:27.164,1.48534,1.48564,1.50,1.50
2012.03.08 20:02:27.709,1.48534,1.48563,1.50,2.88
2012.03.08 20:02:28.032,1.48531,1.48562,1.50,1.50
2012.03.08 20:02:28.719,1.48529,1.48558,1.50,1.50
2012.03.08 20:02:29.017,1.48531,1.48561,1.50,1.50
2012.03.08 20:02:30.678,1.48534,1.48563,1.50,1.50
2012.03.08 20:02:31.779,1.48531,1.4856,3.00,1.50
2012.03.08 20:02:32.387,1.48528,1.48558,1.50,1.50
2012.03.08 20:02:32.697,1.48523,1.48552,1.50,1.50
2012.03.08 20:02:33.098,1.48525,1.48554,1.50,1.50
2012.03.08 20:02:33.407,1.48533,1.48564,1.50,2.50
2012.03.08 20:02:33.536,1.48533,1.48564,1.50,3.25
2012.03.08 20:02:33.608,1.48527,1.48556,1.50,1.50
2012.03.08 20:02:34.018,1.48524,1.48553,3.00,1.50
2012.03.08 20:02:34.337,1.48527,1.48556,1.50,1.50
2012.03.08 20:02:36.997,1.48523,1.48554,1.50,1.50
2012.03.08 20:02:38.140,1.48528,1.48557,1.50,2.13
2012.03.08 20:02:39.477,1.48524,1.48555,1.50,2.13
2012.03.08 20:02:39.897,1.48524,1.48554,1.50,1.38
2012.03.08 20:02:40.147,1.48524,1.48555,1.50,2.13
2012.03.08 20:02:41.372,1.48524,1.48555,1.50,2.88
2012.03.08 20:02:41.676,1.48522,1.48551,1.50,1.50
2012.03.08 20:02:41.809,1.48524,1.48554,1.50,2.13
2012.03.08 20:02:42.286,1.48527,1.48556,1.50,2.13
2012.03.08 20:02:42.359,1.48524,1.48554,1.50,2.13
2012.03.08 20:02:43.789,1.48524,1.48554,1.50,2.88
2012.03.08 20:02:44.392,1.48524,1.48554,1.50,1.50
2012.03.08 20:02:45.007,1.48526,1.48558,1.50,2.88
2012.03.08 20:02:45.374,1.48524,1.48554,1.50,1.50
2012.03.08 20:02:45.798,1.4852,1.48549,1.50,1.50
2012.03.08 20:02:46.106,1.48517,1.48546,1.50,1.50
2012.03.08 20:02:46.436,1.48519,1.48548,1.50,2.88
2012.03.08 20:02:46.565,1.48516,1.48547,1.50,1.50
2012.03.08 20:02:47.251,1.48517,1.48547,1.50,1.50
2012.03.08 20:02:47.376,1.4852,1.48549,1.50,2.13
2012.03.08 20:02:48.104,1.4852,1.48549,1.50,2.13
2012.03.08 20:02:48.602,1.48526,1.48552,1.50,2.13
2012.03.08 20:02:48.729,1.48526,1.48557,1.50,2.13
2012.03.08 20:02:49.402,1.48526,1.48556,1.50,1.38
2012.03.08 20:02:49.917,1.48526,1.48557,1.50,2.13
2012.03.08 20:02:50.351,1.48526,1.48554,1.50,1.38
2012.03.08 20:02:50.770,1.48518,1.48547,1.50,1.50
2012.03.08 20:02:51.388,1.48518,1.48547,1.50,2.13
2012.03.08 20:02:52.111,1.48518,1.48547,1.50,2.13
2012.03.08 20:02:52.689,1.48518,1.48547,1.50,2.13
2012.03.08 20:02:53.378,1.48515,1.48545,3.75,1.50
2012.03.08 20:02:53.687,1.48515,1.48545,1.50,1.50
2012.03.08 20:02:54.235,1.48515,1.48544,1.50,1.50
2012.03.08 20:02:54.312,1.48512,1.48542,2.25,1.50
2012.03.08 20:02:54.887,1.48512,1.48541,2.25,1.50
2012.03.08 20:02:55.260,1.48509,1.4854,1.50,1.50
2012.03.08 20:02:55.328,1.48507,1.48537,1.50,1.50
2012.03.08 20:02:57.483,1.4851,1.48541,2.25,1.50
2012.03.08 20:02:57.787,1.48515,1.48546,3.00,2.50
2012.03.08 20:02:58.098,1.48515,1.48546,3.00,2.50
2012.03.08 20:02:58.297,1.48518,1.48547,1.50,2.13
2012.03.08 20:02:58.798,1.48518,1.48548,1.50,2.88
2012.03.08 20:02:58.988,1.48516,1.48545,1.50,1.50
2012.03.08 20:03:01.517,1.48517,1.48548,1.50,2.46
2012.03.08 20:03:01.598,1.4851,1.4854,1.50,1.50
2012.03.08 20:03:01.733,1.4851,1.4854,1.50,2.25
2012.03.08 20:03:02.441,1.4851,1.4854,1.50,2.13
2012.03.08 20:03:02.626,1.48514,1.48545,1.50,2.13
2012.03.08 20:03:03.291,1.48517,1.48544,1.50,1.38
2012.03.08 20:03:04.021,1.48517,1.48547,1.50,2.13
2012.03.08 20:03:04.207,1.48509,1.48541,3.00,1.50
2012.03.08 20:03:04.566,1.48517,1.48546,1.50,1.50
2012.03.08 20:03:07.239,1.48517,1.48546,1.50,2.13
2012.03.08 20:03:08.077,1.48517,1.48548,1.50,2.13
2012.03.08 20:03:08.447,1.4852,1.4855,1.50,1.50
2012.03.08 20:03:08.991,1.48518,1.48548,1.50,1.50
2012.03.08 20:03:10.294,1.48518,1.48548,1.50,2.13
2012.03.08 20:03:10.828,1.48517,1.48547,1.50,1.50
2012.03.08 20:03:12.128,1.48519,1.48551,1.50,1.50
2012.03.08 20:03:12.317,1.48518,1.48547,2.25,1.50
2012.03.08 20:03:12.665,1.48515,1.48547,1.50,2.13
2012.03.08 20:03:13.185,1.48515,1.48547,1.50,2.13
2012.03.08 20:03:13.549,1.48511,1.48543,2.25,1.50
2012.03.08 20:03:13.678,1.48514,1.48546,1.50,1.50
2012.03.08 20:03:14.162,1.48514,1.48542,1.50,1.50
2012.03.08 20:03:14.228,1.48511,1.48541,1.50,1.50
2012.03.08 20:03:14.386,1.48513,1.48541,1.50,1.50
2012.03.08 20:03:14.457,1.48514,1.48546,1.50,1.50
2012.03.08 20:03:14.649,1.48522,1.48547,1.50,1.50
2012.03.08 20:03:14.776,1.48522,1.48552,1.50,2.13
2012.03.08 20:03:15.109,1.48519,1.48549,3.00,2.13
2012.03.08 20:03:15.699,1.48522,1.48552,1.50,3.63
2012.03.08 20:03:16.521,1.48522,1.48552,1.50,2.13
2012.03.08 20:03:16.859,1.48519,1.48543,1.50,1.50
2012.03.08 20:03:16.933,1.48512,1.48541,1.50,1.50
2012.03.08 20:03:17.391,1.48514,1.48543,1.50,1.50
2012.03.08 20:03:17.490,1.48514,1.48545,1.50,1.88
2012.03.08 20:03:18.337,1.48514,1.48545,1.50,2.13
2012.03.08 20:03:18.408,1.48513,1.48541,1.50,1.50
2012.03.08 20:03:19.292,1.48512,1.48541,1.50,1.50
2012.03.08 20:03:19.367,1.48512,1.4854,1.50,1.38
2012.03.08 20:03:19.556,1.48508,1.48537,1.50,1.38
2012.03.08 20:03:20.147,1.48508,1.48538,1.50,1.38
2012.03.08 20:03:20.689,1.48508,1.4854,1.50,2.13
2012.03.08 20:03:23.216,1.48508,1.48538,1.50,1.38
2012.03.08 20:03:23.540,1.48508,1.4854,1.50,2.13
2012.03.08 20:03:24.198,1.48508,1.4854,1.50,2.13
2012.03.08 20:03:24.743,1.48508,1.4854,1.50,2.13
2012.03.08 20:03:27.068,1.48508,1.4854,1.50,2.13
2012.03.08 20:03:27.578,1.48508,1.4854,1.50,2.13
2012.03.08 20:03:27.887,1.48502,1.48531,1.50,1.50
2012.03.08 20:03:28.079,1.48507,1.48533,1.50,1.50
2012.03.08 20:03:28.146,1.48507,1.48536,1.50,2.50
2012.03.08 20:03:30.162,1.48507,1.48536,1.50,2.13
2012.03.08 20:03:31.865,1.48507,1.48534,1.50,1.50
2012.03.08 20:03:32.118,1.48502,1.48533,1.50,2.25
2012.03.08 20:03:34.387,1.48502,1.48533,1.50,2.13
2012.03.08 20:03:35.528,1.48502,1.48533,1.50,2.13
2012.03.08 20:03:35.657,1.48497,1.48528,1.50,1.50
2012.03.08 20:03:36.630,1.48495,1.48525,3.00,1.50
2012.03.08 20:03:38.816,1.48497,1.48529,1.50,2.25
2012.03.08 20:03:38.889,1.48493,1.48522,1.50,1.50
2012.03.08 20:03:39.419,1.48494,1.48523,1.50,1.38
2012.03.08 20:03:39.798,1.48493,1.4852,1.50,1.50
2012.03.08 20:03:40.122,1.48489,1.4852,1.50,2.13
2012.03.08 20:03:40.311,1.48489,1.4852,1.50,1.50
2012.03.08 20:03:40.377,1.48495,1.48522,1.50,2.13
2012.03.08 20:03:40.870,1.48493,1.48523,1.50,2.13
2012.03.08 20:03:41.814,1.48492,1.48523,1.50,2.13
2012.03.08 20:03:45.165,1.48492,1.48523,1.50,2.13
2012.03.08 20:03:45.872,1.48492,1.48523,1.50,2.13
2012.03.08 20:03:47.017,1.48492,1.48523,1.50,2.88
2012.03.08 20:03:47.560,1.48492,1.48523,1.50,2.13
2012.03.08 20:03:48.301,1.48492,1.48523,1.50,2.88
2012.03.08 20:03:50.436,1.48492,1.48523,1.50,2.13
2012.03.08 20:03:50.907,1.48492,1.48523,1.50,2.13
2012.03.08 20:03:51.491,1.48492,1.48523,1.50,2.13
2012.03.08 20:03:53.801,1.48488,1.48519,1.50,1.50
2012.03.08 20:03:53.868,1.48488,1.48519,1.50,2.13
2012.03.08 20:03:54.552,1.48488,1.48519,1.50,2.13
2012.03.08 20:03:54.949,1.48488,1.48519,1.50,1.50
2012.03.08 20:03:56.130,1.48488,1.48519,2.25,1.50
2012.03.08 20:03:56.590,1.48494,1.48519,1.50,1.50
2012.03.08 20:03:56.785,1.48497,1.48527,1.50,1.50
2012.03.08 20:03:56.919,1.48497,1.48525,1.50,1.50
2012.03.08 20:03:56.987,1.48494,1.48523,1.50,1.50
2012.03.08 20:03:59.436,1.48496,1.48527,1.50,1.50
2012.03.08 20:04:05.808,1.48494,1.48524,1.50,1.50
2012.03.08 20:04:06.366,1.48496,1.48527,1.50,3.00
2012.03.08 20:04:07.241,1.48494,1.48525,1.50,1.50
2012.03.08 20:04:07.981,1.48493,1.48525,1.50,1.50
2012.03.08 20:04:09.117,1.48498,1.48526,1.50,1.50
2012.03.08 20:04:09.188,1.48498,1.48528,1.50,2.13
2012.03.08 20:04:09.382,1.48505,1.48531,1.50,1.50
2012.03.08 20:04:09.447,1.48505,1.48535,1.50,2.13
2012.03.08 20:04:09.598,1.48502,1.48533,1.50,1.50
2012.03.08 20:04:10.107,1.48502,1.48533,1.50,2.13
2012.03.08 20:04:11.648,1.48499,1.4853,1.50,1.50
2012.03.08 20:04:12.803,1.48494,1.48526,1.50,1.50
2012.03.08 20:04:12.986,1.48493,1.48521,1.50,1.50
2012.03.08 20:04:13.116,1.48491,1.48521,2.25,1.50
2012.03.08 20:04:13.950,1.48493,1.48525,1.50,2.13
2012.03.08 20:04:16.529,1.48493,1.48525,1.50,1.50
2012.03.08 20:04:17.288,1.48494,1.48524,1.50,1.50
2012.03.08 20:04:17.988,1.48493,1.48524,1.50,1.50
2012.03.08 20:04:20.320,1.48495,1.48524,1.50,1.50
2012.03.08 20:04:20.387,1.48496,1.48527,1.50,2.13
2012.03.08 20:04:21.021,1.48497,1.48526,1.50,1.50
2012.03.08 20:04:21.839,1.48497,1.48525,1.50,1.50
2012.03.08 20:04:21.908,1.48493,1.48523,1.50,1.50
2012.03.08 20:04:22.406,1.48495,1.48526,1.50,1.50
2012.03.08 20:04:30.329,1.48495,1.48525,1.50,1.50
2012.03.08 20:04:30.397,1.48493,1.48522,1.50,1.50
2012.03.08 20:04:32.657,1.48493,1.48522,1.50,2.13
2012.03.08 20:04:33.171,1.48495,1.48524,1.50,1.38
2012.03.08 20:04:33.527,1.48493,1.48522,3.00,2.13
2012.03.08 20:04:38.091,1.48493,1.48522,1.50,2.13
2012.03.08 20:04:39.556,1.48495,1.48524,1.50,1.38
2012.03.08 20:04:40.960,1.48491,1.48523,1.50,2.13
2012.03.08 20:04:41.409,1.48493,1.48523,1.50,2.13
2012.03.08 20:04:41.764,1.48495,1.48524,1.50,2.13
2012.03.08 20:04:47.656,1.48495,1.48523,1.50,1.38
2012.03.08 20:04:47.728,1.48491,1.48521,1.50,2.13
2012.03.08 20:04:51.869,1.48491,1.48521,1.50,2.13
2012.03.08 20:04:53.905,1.48491,1.48519,1.50,1.38
2012.03.08 20:04:54.100,1.48487,1.48519,1.50,2.63
2012.03.08 20:04:54.244,1.48483,1.48514,1.50,3.63
2012.03.08 20:04:54.831,1.4848,1.48508,1.50,1.50
2012.03.08 20:04:54.914,1.48483,1.48512,1.50,2.13
2012.03.08 20:04:55.172,1.48483,1.48512,1.50,2.13
2012.03.08 20:04:55.242,1.48483,1.4851,1.50,1.50
2012.03.08 20:04:55.312,1.48479,1.48508,1.50,1.50
2012.03.08 20:04:55.810,1.48475,1.48506,2.25,1.50
2012.03.08 20:04:56.298,1.48479,1.48506,1.50,1.50
2012.03.08 20:04:56.412,1.48479,1.48509,1.50,2.25
2012.03.08 20:04:56.488,1.48479,1.48505,1.50,2.13
2012.03.08 20:04:56.683,1.48474,1.48505,1.50,2.13
2012.03.08 20:04:56.878,1.48478,1.48509,1.50,2.88
2012.03.08 20:04:57.008,1.48478,1.48509,1.50,1.50
2012.03.08 20:05:02.060,1.48478,1.48509,1.50,2.88
2012.03.08 20:05:02.320,1.48473,1.48503,1.50,1.50
2012.03.08 20:05:02.392,1.48468,1.48498,2.25,1.50
2012.03.08 20:05:02.463,1.48468,1.48498,1.50,2.25
2012.03.08 20:05:02.533,1.48466,1.48495,1.50,1.50
2012.03.08 20:05:02.660,1.48462,1.48493,1.50,1.50
2012.03.08 20:05:03.333,1.48464,1.48495,1.50,2.88
2012.03.08 20:05:03.858,1.48464,1.48496,1.50,2.13
2012.03.08 20:05:04.169,1.48471,1.485,1.50,2.25
2012.03.08 20:05:04.883,1.48469,1.48498,1.50,1.50
2012.03.08 20:05:05.009,1.48468,1.48498,1.50,2.25
2012.03.08 20:05:06.086,1.48468,1.48499,2.25,1.50
2012.03.08 20:05:06.174,1.48468,1.48499,1.50,2.88
2012.03.08 20:05:06.432,1.48463,1.48494,1.50,2.25
2012.03.08 20:05:06.679,1.48465,1.48496,1.50,1.50
2012.03.08 20:05:07.833,1.48465,1.48494,1.50,1.50
2012.03.08 20:05:09.777,1.48465,1.48494,1.50,2.25
2012.03.08 20:05:10.089,1.48461,1.48488,1.50,1.38
2012.03.08 20:05:10.396,1.48461,1.48486,1.50,2.25
2012.03.08 20:05:10.873,1.48454,1.48483,1.88,2.25
2012.03.08 20:05:14.286,1.48455,1.48484,1.50,2.25
2012.03.08 20:05:15.726,1.48455,1.48484,1.50,2.25
2012.03.08 20:05:16.256,1.48449,1.48481,2.25,2.25
2012.03.08 20:05:17.860,1.48444,1.48476,2.25,1.50
2012.03.08 20:05:17.927,1.48444,1.48476,1.50,2.25
2012.03.08 20:05:18.819,1.48445,1.48474,1.50,2.88
2012.03.08 20:05:18.888,1.48448,1.48475,1.50,1.38
2012.03.08 20:05:19.219,1.48448,1.48475,1.50,1.38
2012.03.08 20:05:19.713,1.48448,1.48475,1.50,1.38
2012.03.08 20:05:19.908,1.48446,1.48475,1.50,2.25
2012.03.08 20:05:20.098,1.48448,1.48478,1.50,2.25
2012.03.08 20:05:20.621,1.48445,1.48476,1.50,2.25
2012.03.08 20:05:20.688,1.48445,1.48476,1.50,2.25
2012.03.08 20:05:21.818,1.48445,1.48476,1.50,2.25
2012.03.08 20:05:21.888,1.48445,1.48476,1.50,1.50
2012.03.08 20:05:21.957,1.48447,1.48479,1.50,2.63
2012.03.08 20:05:22.442,1.48453,1.48481,1.50,1.38
2012.03.08 20:05:22.511,1.48449,1.4848,1.50,1.38
2012.03.08 20:05:22.939,1.48449,1.48477,1.50,1.38
2012.03.08 20:05:23.009,1.48446,1.48477,1.50,1.38
2012.03.08 20:05:29.221,1.48446,1.48477,1.50,1.38
2012.03.08 20:05:29.291,1.48443,1.48473,1.50,2.25
2012.03.08 20:05:29.481,1.48443,1.48473,1.50,2.13
2012.03.08 20:05:29.670,1.48446,1.48476,1.50,2.25
2012.03.08 20:05:39.113,1.48444,1.48474,1.50,2.25
2012.03.08 20:05:39.177,1.48442,1.48474,1.50,2.25
2012.03.08 20:05:39.740,1.48444,1.48474,1.50,2.25
2012.03.08 20:05:40.065,1.48446,1.48476,1.50,2.88
2012.03.08 20:05:40.512,1.48449,1.48476,1.50,1.38
2012.03.08 20:05:44.089,1.48451,1.48479,1.50,1.38
2012.03.08 20:05:44.655,1.48451,1.48479,1.50,1.38
2012.03.08 20:05:47.456,1.48451,1.48482,1.50,2.25
2012.03.08 20:05:47.528,1.48448,1.48478,1.50,1.38
2012.03.08 20:05:49.136,1.48448,1.48479,1.50,2.88
2012.03.08 20:05:49.269,1.48448,1.48479,1.50,2.88
2012.03.08 20:05:53.536,1.48448,1.48479,1.50,2.88
2012.03.08 20:05:54.336,1.48448,1.48479,1.50,2.88
2012.03.08 20:05:59.097,1.48448,1.48479,1.50,2.88
2012.03.08 20:05:59.440,1.48448,1.48477,1.50,1.50
2012.03.08 20:05:59.506,1.48445,1.48476,1.50,1.50
2012.03.08 20:06:00.167,1.48445,1.48476,1.50,2.88
2012.03.08 20:06:01.048,1.48442,1.48474,1.50,2.88
2012.03.08 20:06:01.828,1.48442,1.48474,2.25,1.50
2012.03.08 20:06:01.902,1.48447,1.48476,1.50,1.84
2012.03.08 20:06:02.389,1.48444,1.48473,1.50,1.50
2012.03.08 20:06:06.650,1.48442,1.4847,1.50,1.50
2012.03.08 20:06:07.302,1.48441,1.4847,1.50,2.25
2012.03.08 20:06:08.589,1.48438,1.48466,1.50,1.50
2012.03.08 20:06:08.661,1.48436,1.48466,2.25,1.50
2012.03.08 20:06:09.200,1.48439,1.4847,1.50,1.13
2012.03.08 20:06:18.280,1.48439,1.4847,1.50,1.13
2012.03.08 20:06:18.348,1.48439,1.48471,1.50,2.25
2012.03.08 20:06:18.422,1.48437,1.48466,1.50,1.50
2012.03.08 20:06:19.239,1.48432,1.48461,2.25,2.25
2012.03.08 20:06:19.444,1.48428,1.4846,2.25,2.25
2012.03.08 20:06:19.512,1.48435,1.48462,1.50,2.25
2012.03.08 20:06:19.602,1.48433,1.48462,1.50,2.25
2012.03.08 20:06:20.507,1.48433,1.48464,1.50,2.25
2012.03.08 20:06:20.847,1.48433,1.48464,1.50,2.25
2012.03.08 20:06:21.384,1.48445,1.48464,1.50,1.50
2012.03.08 20:06:21.458,1.48446,1.48474,1.50,1.38
2012.03.08 20:06:21.718,1.48446,1.48477,1.50,2.25
2012.03.08 20:06:21.909,1.48445,1.48474,1.50,2.88
2012.03.08 20:06:22.108,1.48441,1.48472,2.25,1.50
2012.03.08 20:06:22.430,1.48445,1.48474,1.50,2.25
2012.03.08 20:06:23.397,1.48441,1.48472,1.50,1.50
2012.03.08 20:06:24.032,1.48444,1.48474,1.50,2.25
2012.03.08 20:06:24.693,1.48444,1.48474,2.25,2.88
2012.03.08 20:06:24.759,1.48444,1.48474,1.50,2.55
2012.03.08 20:06:24.901,1.48441,1.48463,2.25,1.50
2012.03.08 20:06:25.150,1.48433,1.48463,2.25,3.00
2012.03.08 20:06:25.509,1.48436,1.48466,1.50,1.50
2012.03.08 20:06:26.867,1.48436,1.48466,1.58,1.50
2012.03.08 20:06:27.282,1.48439,1.48469,1.58,1.50
2012.03.08 20:06:27.350,1.48442,1.48471,1.58,1.50
2012.03.08 20:06:28.613,1.48442,1.48471,2.33,2.25
2012.03.08 20:06:29.669,1.48439,1.48467,1.58,1.50
2012.03.08 20:06:30.224,1.48437,1.48468,1.58,3.00
2012.03.08 20:06:30.745,1.48437,1.48468,2.33,2.25
2012.03.08 20:06:31.061,1.48432,1.48462,3.05,1.50
2012.03.08 20:06:31.322,1.48435,1.48465,2.33,1.50
2012.03.08 20:06:32.789,1.48435,1.48465,2.33,1.50
2012.03.08 20:06:32.861,1.48442,1.48473,1.58,2.25
2012.03.08 20:06:33.318,1.48444,1.48476,1.50,1.50
2012.03.08 20:06:33.389,1.48444,1.48476,2.25,1.50
2012.03.08 20:06:33.931,1.48444,1.48476,2.25,1.50
2012.03.08 20:06:34.608,1.48444,1.48476,2.25,1.50
2012.03.08 20:06:35.262,1.48444,1.48476,2.25,1.50
2012.03.08 20:06:35.907,1.48448,1.48477,1.50,1.50
2012.03.08 20:06:36.036,1.48448,1.48479,1.50,1.50
2012.03.08 20:06:36.229,1.48447,1.48477,1.50,1.50
2012.03.08 20:06:36.777,1.48448,1.48478,1.50,1.50
2012.03.08 20:06:36.918,1.4845,1.48481,2.25,1.50
2012.03.08 20:06:37.537,1.48448,1.48479,3.75,1.50
2012.03.08 20:06:38.246,1.48448,1.48479,3.75,1.50
2012.03.08 20:06:38.800,1.48451,1.48481,2.25,1.50
2012.03.08 20:06:40.736,1.48452,1.48481,1.50,2.25
2012.03.08 20:06:40.807,1.48452,1.48481,1.50,1.50
2012.03.08 20:06:40.871,1.48457,1.48487,1.50,1.38
2012.03.08 20:06:41.124,1.48457,1.48488,1.50,1.38
2012.03.08 20:06:41.685,1.48457,1.48489,1.50,2.25
2012.03.08 20:06:42.138,1.48461,1.4849,1.50,2.25
2012.03.08 20:06:42.603,1.48457,1.48486,2.25,1.50
2012.03.08 20:06:43.170,1.48458,1.48489,1.50,2.25
2012.03.08 20:06:43.732,1.48458,1.4849,1.50,1.50
2012.03.08 20:06:43.805,1.48456,1.48487,2.25,1.50
2012.03.08 20:06:44.973,1.48456,1.48487,1.50,1.50
2012.03.08 20:06:45.281,1.48455,1.48486,1.50,1.88
2012.03.08 20:06:45.570,1.48449,1.48481,2.25,1.88
2012.03.08 20:06:45.639,1.48449,1.48481,1.50,1.88
2012.03.08 20:06:46.014,1.48446,1.48473,1.13,1.50
2012.03.08 20:06:46.537,1.48446,1.48473,1.13,1.50
2012.03.08 20:06:47.008,1.48446,1.48477,2.63,1.50
2012.03.08 20:06:47.265,1.48446,1.48477,2.63,2.25
2012.03.08 20:06:47.842,1.48446,1.48476,1.50,2.88
2012.03.08 20:06:48.161,1.48448,1.48479,1.50,2.88
2012.03.08 20:06:48.231,1.48448,1.48479,1.50,2.88
2012.03.08 20:06:52.210,1.48448,1.48479,1.50,2.88
2012.03.08 20:06:52.883,1.48445,1.48477,1.88,1.50
2012.03.08 20:06:53.195,1.48444,1.48473,3.38,2.25
2012.03.08 20:06:53.822,1.4844,1.48471,2.33,3.00
2012.03.08 20:06:54.144,1.48438,1.48467,2.33,1.50
2012.03.08 20:06:54.472,1.48438,1.48467,1.58,2.25
2012.03.08 20:06:54.971,1.48435,1.48464,2.33,2.25
2012.03.08 20:06:55.164,1.48432,1.48462,1.68,1.50
2012.03.08 20:06:55.231,1.48426,1.48457,2.43,1.50
2012.03.08 20:06:55.824,1.48426,1.48457,1.50,1.50
2012.03.08 20:06:56.233,1.48426,1.48457,2.25,1.50
2012.03.08 20:06:56.782,1.48428,1.4846,2.25,2.25
2012.03.08 20:06:56.910,1.48426,1.48457,2.25,1.50
2012.03.08 20:06:57.670,1.48426,1.48457,3.75,1.50
2012.03.08 20:06:57.748,1.4843,1.4846,2.25,1.50
2012.03.08 20:06:57.882,1.4843,1.48458,2.25,1.50
2012.03.08 20:06:58.617,1.48426,1.48457,2.25,1.50
2012.03.08 20:06:58.859,1.48426,1.48457,2.25,1.50
2012.03.08 20:06:59.753,1.48424,1.48454,3.75,1.50
2012.03.08 20:07:00.252,1.48424,1.48452,2.25,1.50
2012.03.08 20:07:00.325,1.4842,1.4845,1.13,1.50
2012.03.08 20:07:00.853,1.4842,1.4845,1.13,1.50
2012.03.08 20:07:02.068,1.48423,1.48452,2.25,1.50
2012.03.08 20:07:02.620,1.48423,1.48454,1.50,1.50
2012.03.08 20:07:02.696,1.48427,1.48456,1.50,1.50
2012.03.08 20:07:03.429,1.48424,1.48454,2.25,1.50
2012.03.08 20:07:03.873,1.48426,1.48456,2.25,1.50
2012.03.08 20:07:03.944,1.4843,1.48456,1.50,1.50
2012.03.08 20:07:04.010,1.4843,1.48459,1.50,3.00
2012.03.08 20:07:04.680,1.48428,1.4846,2.25,1.50
2012.03.08 20:07:05.550,1.48428,1.4846,2.25,1.50
2012.03.08 20:07:06.215,1.48428,1.4846,2.25,1.50
2012.03.08 20:07:06.782,1.48428,1.4846,2.25,1.50
2012.03.08 20:07:07.678,1.48428,1.4846,2.25,1.50
2012.03.08 20:07:08.300,1.4843,1.4846,1.50,1.50
2012.03.08 20:07:08.887,1.48435,1.48465,1.50,3.00
2012.03.08 20:07:08.958,1.48432,1.48463,2.25,1.50
2012.03.08 20:07:10.702,1.48432,1.48463,2.25,2.25
2012.03.08 20:07:10.833,1.48432,1.48463,1.50,2.25
2012.03.08 20:07:12.150,1.48435,1.48465,1.50,1.50
2012.03.08 20:07:12.470,1.48433,1.48462,1.50,1.50
2012.03.08 20:07:12.542,1.48434,1.48465,1.50,1.50
2012.03.08 20:07:12.900,1.48432,1.48462,2.25,1.50
2012.03.08 20:07:13.263,1.4843,1.48459,2.25,1.50
2012.03.08 20:07:13.767,1.4843,1.48459,2.25,1.50
2012.03.08 20:07:14.159,1.48435,1.48459,1.50,1.50
2012.03.08 20:07:14.412,1.48437,1.48468,2.25,1.50
2012.03.08 20:07:15.665,1.48439,1.48468,1.50,1.50
2012.03.08 20:07:15.852,1.4845,1.48481,1.50,2.13
2012.03.08 20:07:15.924,1.4845,1.48481,1.50,1.50
2012.03.08 20:07:16.053,1.4845,1.48481,2.25,1.50
2012.03.08 20:07:17.542,1.4845,1.48481,2.25,1.50
2012.03.08 20:07:17.742,1.48442,1.4847,1.50,1.50
2012.03.08 20:07:18.367,1.48442,1.4847,1.50,1.50
2012.03.08 20:07:18.986,1.48445,1.48472,1.13,1.50
2012.03.08 20:07:19.057,1.48449,1.48472,2.25,1.50
2012.03.08 20:07:19.124,1.48451,1.48481,1.50,1.50
2012.03.08 20:07:19.342,1.48453,1.48484,2.25,1.50
2012.03.08 20:07:19.570,1.48451,1.4848,3.00,1.50
2012.03.08 20:07:20.310,1.48451,1.4848,3.00,1.50
2012.03.08 20:07:20.663,1.48453,1.48484,2.25,1.50
2012.03.08 20:07:21.346,1.48453,1.48484,1.50,1.50
2012.03.08 20:07:21.505,1.48451,1.48482,1.50,1.50
2012.03.08 20:07:21.812,1.48453,1.48482,1.50,1.50
2012.03.08 20:07:22.120,1.48456,1.48487,2.25,1.50
2012.03.08 20:07:22.190,1.48454,1.48484,2.25,1.50
2012.03.08 20:07:22.624,1.48456,1.48487,2.25,1.50
2012.03.08 20:07:22.699,1.48454,1.48484,2.25,1.50
2012.03.08 20:07:23.745,1.48454,1.48484,1.50,1.50
2012.03.08 20:07:25.430,1.48457,1.48486,1.50,1.50
2012.03.08 20:07:25.857,1.48455,1.48485,2.25,1.50
2012.03.08 20:07:25.993,1.48456,1.48487,1.50,1.50
2012.03.08 20:07:26.526,1.48456,1.48487,2.25,1.50
2012.03.08 20:07:26.722,1.4846,1.48489,1.50,3.00
2012.03.08 20:07:27.933,1.48461,1.48492,1.50,2.13
2012.03.08 20:07:29.430,1.48459,1.4849,3.00,1.50
2012.03.08 20:07:31.720,1.48459,1.4849,2.25,1.50
2012.03.08 20:07:34.455,1.48462,1.48492,1.50,1.50
2012.03.08 20:07:34.525,1.48462,1.48487,1.50,1.50
2012.03.08 20:07:35.074,1.48453,1.48483,2.25,1.50
2012.03.08 20:07:35.149,1.48455,1.48486,2.25,1.50
2012.03.08 20:07:35.309,1.48452,1.48482,2.25,1.50
2012.03.08 20:07:36.342,1.48452,1.48482,2.25,1.50
2012.03.08 20:07:37.373,1.48452,1.48482,2.25,1.50
2012.03.08 20:07:37.457,1.48449,1.48461,1.50,1.50
2012.03.08 20:07:37.704,1.48425,1.48454,2.25,1.50
2012.03.08 20:07:37.832,1.48425,1.48456,1.50,1.50
2012.03.08 20:07:37.899,1.48428,1.48458,1.50,3.00
2012.03.08 20:07:38.385,1.48425,1.48432,1.50,1.50
2012.03.08 20:07:38.456,1.48422,1.48432,1.50,1.50
2012.03.08 20:07:38.590,1.48415,1.48427,1.05,1.50
2012.03.08 20:07:38.801,1.48402,1.48419,1.50,1.50
2012.03.08 20:07:39.884,1.48402,1.48421,1.50,1.50
2012.03.08 20:07:39.962,1.48377,1.48412,1.50,1.50
2012.03.08 20:07:40.037,1.48377,1.48414,3.00,1.50
2012.03.08 20:07:40.661,1.48378,1.48414,1.50,1.50
2012.03.08 20:07:41.532,1.4838,1.48416,1.50,3.00
2012.03.08 20:07:41.933,1.4838,1.48416,1.50,1.50
2012.03.08 20:07:42.491,1.48387,1.48418,3.00,1.50
2012.03.08 20:07:42.582,1.48382,1.4842,2.25,1.50
2012.03.08 20:07:42.660,1.48385,1.4842,1.50,1.50
2012.03.08 20:07:42.985,1.48385,1.48417,1.50,1.50
2012.03.08 20:07:43.115,1.48381,1.48417,1.50,1.50
2012.03.08 20:07:43.487,1.48381,1.48413,1.50,1.50
2012.03.08 20:07:43.613,1.48381,1.48416,1.50,1.50
2012.03.08 20:07:44.027,1.48381,1.48418,1.50,1.50
2012.03.08 20:07:44.097,1.48389,1.48421,1.50,1.50
2012.03.08 20:07:44.283,1.48386,1.4842,1.50,1.50
2012.03.08 20:07:44.352,1.48391,1.4842,2.25,1.50
2012.03.08 20:07:44.425,1.48393,1.48429,2.25,1.50
2012.03.08 20:07:44.612,1.48395,1.48433,1.50,2.50
2012.03.08 20:07:44.986,1.48395,1.4843,1.50,1.50
2012.03.08 20:07:45.291,1.48391,1.48428,1.50,1.50
2012.03.08 20:07:45.483,1.48395,1.4843,2.25,1.50
2012.03.08 20:07:46.144,1.48392,1.48427,3.00,1.50
2012.03.08 20:07:47.048,1.48392,1.48427,2.25,1.50
2012.03.08 20:07:47.736,1.48396,1.48427,1.50,1.50
2012.03.08 20:07:48.800,1.48396,1.48424,1.50,1.50
2012.03.08 20:07:48.872,1.48392,1.48423,1.50,1.50
2012.03.08 20:07:49.417,1.48396,1.48424,1.50,1.50
2012.03.08 20:07:49.484,1.48396,1.48427,1.50,1.50
2012.03.08 20:07:50.443,1.48397,1.48427,1.50,1.50
2012.03.08 20:07:50.967,1.48396,1.48425,1.50,1.50
2012.03.08 20:07:51.504,1.48397,1.48429,1.50,2.13
2012.03.08 20:07:51.578,1.48399,1.48429,1.50,1.50
2012.03.08 20:07:52.007,1.48401,1.48431,1.50,1.50
2012.03.08 20:07:52.190,1.48396,1.48427,1.50,1.50
2012.03.08 20:07:52.512,1.48398,1.48428,1.50,1.50
2012.03.08 20:07:52.580,1.48398,1.4843,1.50,1.50
2012.03.08 20:07:53.581,1.48398,1.4843,1.88,1.50
2012.03.08 20:07:53.895,1.48406,1.48437,1.13,1.50
2012.03.08 20:07:54.510,1.48406,1.48435,2.25,1.50
2012.03.08 20:07:54.832,1.48403,1.48432,2.25,1.50
2012.03.08 20:07:55.103,1.48405,1.48435,2.25,2.25
2012.03.08 20:07:56.122,1.48405,1.48436,1.13,2.25
2012.03.08 20:07:57.190,1.48405,1.48436,1.13,1.50
2012.03.08 20:07:58.506,1.48409,1.48438,1.13,3.75
2012.03.08 20:07:59.060,1.48409,1.48439,1.13,2.25
2012.03.08 20:07:59.590,1.48409,1.48435,1.13,2.25
2012.03.08 20:08:00.244,1.48409,1.48435,1.13,1.50
2012.03.08 20:08:00.313,1.48409,1.48437,2.63,1.88
2012.03.08 20:08:00.380,1.48409,1.48438,2.63,1.88
2012.03.08 20:08:00.759,1.48415,1.48438,1.13,1.50
2012.03.08 20:08:01.219,1.4841,1.48436,1.13,1.50
2012.03.08 20:08:01.288,1.4841,1.48436,1.13,1.50
2012.03.08 20:08:05.551,1.4841,1.48436,1.13,1.50
2012.03.08 20:08:06.849,1.4841,1.48434,1.13,1.50
2012.03.08 20:08:07.320,1.4841,1.48437,1.13,1.50
2012.03.08 20:08:07.994,1.4841,1.48439,1.13,2.25
2012.03.08 20:08:08.503,1.4841,1.48436,1.13,1.50
2012.03.08 20:08:09.103,1.48411,1.48436,1.13,1.50
2012.03.08 20:08:09.821,1.48411,1.48437,1.13,1.50
2012.03.08 20:08:11.504,1.48411,1.48437,1.13,1.50
2012.03.08 20:08:15.169,1.4841,1.48437,1.13,1.88
2012.03.08 20:08:15.239,1.4841,1.48437,1.13,1.88
2012.03.08 20:08:15.868,1.48406,1.48434,1.13,1.88
2012.03.08 20:08:15.938,1.48404,1.48434,2.25,1.88
2012.03.08 20:08:16.630,1.48404,1.48434,2.25,1.88
2012.03.08 20:08:16.705,1.48404,1.48434,2.25,1.88
2012.03.08 20:08:17.013,1.48404,1.48434,2.25,1.88
2012.03.08 20:08:17.140,1.48405,1.48434,1.13,1.88
2012.03.08 20:08:17.595,1.48404,1.48434,2.25,1.88
2012.03.08 20:08:18.882,1.48404,1.48434,2.25,1.88
2012.03.08 20:08:19.391,1.48403,1.48432,1.13,2.13
2012.03.08 20:08:20.155,1.48405,1.48432,1.13,2.13
2012.03.08 20:08:20.889,1.48405,1.48434,2.63,2.13
2012.03.08 20:08:22.474,1.48405,1.48432,1.13,2.13
2012.03.08 20:08:26.601,1.48404,1.48432,1.13,1.50
2012.03.08 20:08:26.731,1.48407,1.48432,1.50,1.50
2012.03.08 20:08:26.861,1.48415,1.48436,1.13,1.50
2012.03.08 20:08:26.996,1.48415,1.48443,1.13,1.38
2012.03.08 20:08:27.300,1.48418,1.48444,1.13,2.13
2012.03.08 20:08:27.611,1.48414,1.48444,1.13,2.88
2012.03.08 20:08:28.084,1.48414,1.4844,1.13,1.50
2012.03.08 20:08:29.352,1.48417,1.48445,1.13,2.13
2012.03.08 20:08:29.425,1.48419,1.48445,1.13,2.13
2012.03.08 20:08:29.982,1.48417,1.48445,1.13,2.13
2012.03.08 20:08:30.530,1.4842,1.48445,1.13,2.13
2012.03.08 20:08:31.320,1.4842,1.48445,1.13,2.13
2012.03.08 20:08:32.478,1.4842,1.48445,1.13,1.50
2012.03.08 20:08:32.687,1.48414,1.48445,1.50,1.80
2012.03.08 20:08:32.885,1.48415,1.4844,1.13,1.50
2012.03.08 20:08:33.480,1.48415,1.4844,1.13,1.50
2012.03.08 20:08:34.013,1.48415,1.48441,1.13,1.50
2012.03.08 20:08:34.743,1.48408,1.48439,2.25,1.50
2012.03.08 20:08:35.034,1.48413,1.4844,1.50,1.50
2012.03.08 20:08:35.102,1.48413,1.48442,1.50,1.50
2012.03.08 20:08:36.192,1.4841,1.4844,2.25,1.50
2012.03.08 20:08:36.680,1.48408,1.48437,3.75,1.50
2012.03.08 20:08:37.184,1.48411,1.4844,1.50,3.00
2012.03.08 20:08:37.441,1.48414,1.48443,1.50,3.00
2012.03.08 20:08:37.631,1.48417,1.48448,1.50,1.50
2012.03.08 20:08:38.035,1.48416,1.48445,1.50,1.50
2012.03.08 20:08:38.102,1.48414,1.48445,2.25,1.50
2012.03.08 20:08:38.409,1.48412,1.48442,2.25,1.50
2012.03.08 20:08:40.892,1.48412,1.48442,3.00,1.50
2012.03.08 20:08:41.389,1.48412,1.48439,1.50,1.50
2012.03.08 20:08:41.880,1.48411,1.48442,2.25,1.50
2012.03.08 20:08:42.256,1.48411,1.48443,2.25,1.50
2012.03.08 20:08:42.683,1.48411,1.48443,2.25,1.50
2012.03.08 20:08:43.144,1.48411,1.4844,2.25,1.50
2012.03.08 20:08:43.273,1.48411,1.48443,2.25,3.00
2012.03.08 20:08:43.339,1.4841,1.48439,2.25,1.50
2012.03.08 20:08:43.471,1.48411,1.48442,2.25,1.50
2012.03.08 20:08:44.459,1.48413,1.48445,1.50,1.50
2012.03.08 20:08:47.725,1.48413,1.48445,2.25,1.50
2012.03.08 20:08:48.037,1.48413,1.48442,1.50,1.50
2012.03.08 20:08:48.352,1.48413,1.48442,2.25,1.50
2012.03.08 20:08:48.484,1.48412,1.48439,1.50,1.50
2012.03.08 20:08:48.617,1.48417,1.48441,1.50,1.50
2012.03.08 20:08:48.682,1.48417,1.48446,1.50,1.50
2012.03.08 20:08:49.131,1.48414,1.48445,2.25,1.50
2012.03.08 20:08:49.207,1.48411,1.48441,1.13,1.50
2012.03.08 20:08:50.312,1.48411,1.48441,1.13,1.50
2012.03.08 20:08:50.621,1.48419,1.48441,1.50,1.50
2012.03.08 20:08:50.991,1.48419,1.48441,2.25,1.50
2012.03.08 20:08:51.063,1.4842,1.48449,2.25,1.50
2012.03.08 20:08:51.134,1.4842,1.48449,1.50,3.38
2012.03.08 20:08:51.658,1.48414,1.48444,2.25,1.50
2012.03.08 20:08:51.938,1.48414,1.48444,2.25,1.50
2012.03.08 20:08:52.009,1.48416,1.48446,1.50,1.50
2012.03.08 20:08:52.529,1.48416,1.48447,1.50,1.50
2012.03.08 20:08:58.624,1.48419,1.48449,1.50,1.50
2012.03.08 20:08:59.593,1.48421,1.48452,1.50,2.13
2012.03.08 20:09:02.089,1.48421,1.48451,1.50,1.50
2012.03.08 20:09:02.161,1.48419,1.48448,1.50,1.50
2012.03.08 20:09:02.475,1.48425,1.48454,2.25,2.13
2012.03.08 20:09:02.542,1.48425,1.48454,2.40,2.13
2012.03.08 20:09:02.614,1.48429,1.48458,2.25,1.50
2012.03.08 20:09:02.745,1.48431,1.48462,2.25,1.88
2012.03.08 20:09:03.255,1.48431,1.4846,2.25,1.50
2012.03.08 20:09:03.864,1.48429,1.48459,2.25,1.50
2012.03.08 20:09:03.929,1.48432,1.48461,1.50,1.88
2012.03.08 20:09:04.553,1.48433,1.48465,1.50,1.50
2012.03.08 20:09:05.148,1.48432,1.48462,1.50,1.50
2012.03.08 20:09:05.918,1.48431,1.48461,2.25,1.50
2012.03.08 20:09:06.690,1.48426,1.48455,2.25,1.50
2012.03.08 20:09:07.015,1.48426,1.48454,1.50,2.13
2012.03.08 20:09:07.353,1.48423,1.48452,1.50,2.13
2012.03.08 20:09:07.425,1.48426,1.48452,1.50,2.13
2012.03.08 20:09:07.691,1.48424,1.48455,1.50,2.13
2012.03.08 20:09:09.056,1.4843,1.48455,1.50,1.50
2012.03.08 20:09:09.133,1.48435,1.48467,1.50,1.50
2012.03.08 20:09:09.261,1.48439,1.48468,1.50,1.50
2012.03.08 20:09:09.786,1.48439,1.48468,2.25,2.25
2012.03.08 20:09:10.050,1.48439,1.48467,1.50,1.50
2012.03.08 20:09:10.125,1.48439,1.48466,1.65,1.13
2012.03.08 20:09:10.259,1.48439,1.48467,1.95,1.13
2012.03.08 20:09:10.335,1.48446,1.48467,1.50,1.13
2012.03.08 20:09:10.890,1.48446,1.48457,1.50,1.38
2012.03.08 20:09:10.984,1.48435,1.48452,1.50,1.50
2012.03.08 20:09:11.062,1.48435,1.48456,1.50,1.50
2012.03.08 20:09:11.142,1.48426,1.48456,1.50,1.50
2012.03.08 20:09:11.215,1.48424,1.48454,1.50,1.50
2012.03.08 20:09:12.245,1.48421,1.48452,1.50,1.50
2012.03.08 20:09:12.971,1.48422,1.48452,1.50,1.50
2012.03.08 20:09:13.042,1.48424,1.48455,1.50,1.50
2012.03.08 20:09:13.430,1.48426,1.48455,1.50,1.50
2012.03.08 20:09:13.499,1.48427,1.48458,1.50,1.50
2012.03.08 20:09:14.010,1.48425,1.48455,1.50,1.50
2012.03.08 20:09:15.414,1.48427,1.48458,1.50,1.50
2012.03.08 20:09:15.605,1.4843,1.48461,1.50,2.13
2012.03.08 20:09:15.925,1.48434,1.48462,1.50,1.50
2012.03.08 20:09:16.242,1.48434,1.4846,1.50,2.25
2012.03.08 20:09:16.431,1.48424,1.48453,2.25,3.75
2012.03.08 20:09:16.504,1.48421,1.4845,1.50,2.13
2012.03.08 20:09:17.943,1.48421,1.4845,2.25,1.50
2012.03.08 20:09:18.016,1.48422,1.4845,2.25,1.50
2012.03.08 20:09:18.084,1.48423,1.48454,2.25,1.50
2012.03.08 20:09:18.153,1.48425,1.48457,2.25,2.13
2012.03.08 20:09:18.229,1.48426,1.48457,1.50,1.50
2012.03.08 20:09:18.760,1.48426,1.48457,1.50,1.50
2012.03.08 20:09:19.197,1.48425,1.48457,1.50,1.50
2012.03.08 20:09:19.677,1.48421,1.48452,2.25,1.50
2012.03.08 20:09:20.331,1.48421,1.48452,2.25,1.50
2012.03.08 20:09:20.982,1.48424,1.48455,1.50,1.50
2012.03.08 20:09:21.246,1.48426,1.48458,1.50,1.50
2012.03.08 20:09:21.314,1.48426,1.48458,1.50,1.88
2012.03.08 20:09:22.431,1.48426,1.48458,1.50,2.13
2012.03.08 20:09:22.964,1.48426,1.48458,1.50,1.50
2012.03.08 20:09:23.311,1.48426,1.48458,3.00,1.50
2012.03.08 20:09:23.382,1.48431,1.48462,1.50,1.50
2012.03.08 20:09:25.321,1.48428,1.48458,2.25,1.50
2012.03.08 20:09:26.218,1.48428,1.48458,1.50,1.50
2012.03.08 20:09:27.031,1.48426,1.48455,1.50,1.50
2012.03.08 20:09:28.295,1.48426,1.48455,1.50,2.25
2012.03.08 20:09:28.539,1.48426,1.48455,1.50,1.50
2012.03.08 20:09:30.123,1.48426,1.48455,1.50,2.25
2012.03.08 20:09:30.252,1.48422,1.48452,1.50,1.50
2012.03.08 20:09:32.277,1.48422,1.48452,1.50,2.13
2012.03.08 20:09:32.342,1.48418,1.48448,1.50,1.50
2012.03.08 20:09:32.410,1.48416,1.48445,1.50,1.50
2012.03.08 20:09:32.831,1.48421,1.48447,1.50,1.50
2012.03.08 20:09:32.900,1.48418,1.48449,1.50,2.13
2012.03.08 20:09:33.434,1.48417,1.48449,1.50,2.88
2012.03.08 20:09:34.044,1.48423,1.48451,1.50,2.13
2012.03.08 20:09:34.173,1.48419,1.48451,1.50,1.50
2012.03.08 20:09:34.240,1.48419,1.48451,1.50,2.25
2012.03.08 20:09:34.581,1.48417,1.48449,1.50,2.25
2012.03.08 20:09:34.650,1.48421,1.4845,1.50,1.50
2012.03.08 20:09:35.342,1.48423,1.48452,1.50,1.50
2012.03.08 20:09:35.861,1.48423,1.48454,1.50,3.75
2012.03.08 20:09:36.217,1.48421,1.48451,1.50,1.50
2012.03.08 20:09:37.283,1.48423,1.48454,1.50,3.75
2012.03.08 20:09:37.834,1.48425,1.48457,1.50,1.50
2012.03.08 20:09:39.769,1.48424,1.48454,1.50,1.50
2012.03.08 20:09:40.404,1.48423,1.48454,1.50,1.50
2012.03.08 20:09:41.815,1.48426,1.48454,1.50,1.50
2012.03.08 20:09:41.885,1.48427,1.48456,2.25,3.00
2012.03.08 20:09:42.099,1.48428,1.4846,1.50,1.50
2012.03.08 20:09:42.235,1.48426,1.48454,2.25,1.50
2012.03.08 20:09:42.867,1.48425,1.48452,2.25,1.50
2012.03.08 20:09:42.941,1.48422,1.48451,2.25,1.50
2012.03.08 20:09:43.149,1.48422,1.48451,1.50,1.50
2012.03.08 20:09:45.096,1.48417,1.48446,2.25,1.50
2012.03.08 20:09:45.345,1.4842,1.4845,1.50,1.50
2012.03.08 20:09:45.474,1.48424,1.48452,1.50,2.13
2012.03.08 20:09:45.604,1.48427,1.48456,1.50,1.38
2012.03.08 20:09:45.735,1.48424,1.48453,1.50,1.50
2012.03.08 20:09:47.627,1.48425,1.48453,2.25,1.50
2012.03.08 20:09:47.934,1.48426,1.48458,2.25,2.25
2012.03.08 20:09:48.153,1.48428,1.48458,1.50,1.50
2012.03.08 20:09:48.283,1.48429,1.4846,1.50,1.50
2012.03.08 20:09:48.842,1.48429,1.4846,2.25,2.25
2012.03.08 20:09:49.357,1.48427,1.48456,2.25,1.50
2012.03.08 20:09:49.681,1.48423,1.48449,1.63,1.50
2012.03.08 20:09:49.753,1.48422,1.48451,1.63,1.50
2012.03.08 20:09:50.089,1.48424,1.48455,1.50,1.50
2012.03.08 20:09:50.242,1.48428,1.48457,1.50,1.50
2012.03.08 20:09:50.311,1.48424,1.48456,3.75,1.50
2012.03.08 20:09:50.638,1.48428,1.48456,1.50,1.50
2012.03.08 20:09:51.180,1.4843,1.4846,1.50,1.50
2012.03.08 20:09:51.260,1.4843,1.48456,1.50,1.50
2012.03.08 20:09:51.467,1.48423,1.48453,2.25,1.50
2012.03.08 20:09:51.718,1.48426,1.48456,2.25,3.00
2012.03.08 20:09:52.001,1.48426,1.48456,2.25,1.50
2012.03.08 20:09:52.315,1.48429,1.48458,1.50,1.50
2012.03.08 20:09:52.933,1.48425,1.48457,3.75,1.50
2012.03.08 20:09:53.135,1.48425,1.48454,2.25,1.50
2012.03.08 20:09:53.391,1.48425,1.48454,2.25,1.50
2012.03.08 20:09:53.733,1.48425,1.48455,1.50,2.25
2012.03.08 20:09:53.819,1.48423,1.48453,1.50,1.50
2012.03.08 20:09:53.915,1.48426,1.48455,1.50,1.50
2012.03.08 20:09:54.057,1.48427,1.48459,1.50,2.88
2012.03.08 20:09:54.133,1.48427,1.48459,1.50,2.25
2012.03.08 20:09:54.652,1.48432,1.48459,1.77,1.50
2012.03.08 20:09:54.735,1.48436,1.48468,2.25,1.50
2012.03.08 20:09:55.266,1.48436,1.48468,2.25,2.25
2012.03.08 20:09:55.452,1.48437,1.48461,1.50,1.50
2012.03.08 20:09:55.778,1.48432,1.48464,3.75,2.25
2012.03.08 20:09:56.257,1.48432,1.48464,2.25,1.50
2012.03.08 20:09:56.332,1.48429,1.48461,3.75,1.50
2012.03.08 20:09:56.479,1.48427,1.48458,2.25,1.50
2012.03.08 20:09:56.613,1.4843,1.4846,1.50,1.50
2012.03.08 20:09:56.682,1.48432,1.48463,1.50,1.50
2012.03.08 20:09:56.817,1.48435,1.48463,1.50,1.50
2012.03.08 20:09:57.142,1.48441,1.48463,1.50,1.50
2012.03.08 20:09:57.216,1.48438,1.48463,1.50,1.50
2012.03.08 20:09:57.347,1.48436,1.48467,2.25,1.50
2012.03.08 20:09:57.794,1.48436,1.48467,2.25,1.50
2012.03.08 20:09:57.869,1.48432,1.48462,1.50,1.50
2012.03.08 20:09:57.943,1.48432,1.48462,1.50,1.50
2012.03.08 20:09:58.074,1.48432,1.48462,1.50,1.50
2012.03.08 20:09:58.342,1.48437,1.48465,2.25,1.50
2012.03.08 20:09:59.255,1.48437,1.48465,1.50,1.50
2012.03.08 20:09:59.762,1.48435,1.48465,2.25,2.25
2012.03.08 20:10:00.308,1.48437,1.48466,1.50,1.50
2012.03.08 20:10:00.552,1.48437,1.48463,1.50,1.50
2012.03.08 20:10:00.626,1.48432,1.48461,3.75,1.50
2012.03.08 20:10:00.691,1.48432,1.48461,3.75,1.50
2012.03.08 20:10:00.830,1.48435,1.48464,2.25,1.50
2012.03.08 20:10:01.273,1.48435,1.48464,2.25,1.50
2012.03.08 20:10:01.350,1.48436,1.48468,2.25,1.50
2012.03.08 20:10:01.425,1.48436,1.48468,2.25,2.25
2012.03.08 20:10:01.673,1.48436,1.48467,1.50,1.50
2012.03.08 20:10:02.353,1.48436,1.48466,1.50,1.50
2012.03.08 20:10:02.433,1.48434,1.48463,2.25,1.50
2012.03.08 20:10:02.507,1.48434,1.48463,2.25,1.50
2012.03.08 20:10:02.816,1.48434,1.48463,2.25,1.50
2012.03.08 20:10:03.125,1.48438,1.48467,1.50,2.25
2012.03.08 20:10:03.197,1.48434,1.48465,1.50,2.25
2012.03.08 20:10:03.445,1.48429,1.48457,2.25,1.50
2012.03.08 20:10:03.631,1.48429,1.48459,2.25,1.50
2012.03.08 20:10:04.169,1.48438,1.48468,1.50,2.25
2012.03.08 20:10:04.555,1.48438,1.48467,1.50,2.13
2012.03.08 20:10:04.803,1.48438,1.48467,1.50,2.25
2012.03.08 20:10:04.933,1.48433,1.48465,1.50,1.50
2012.03.08 20:10:05.003,1.48433,1.48463,1.50,1.50
2012.03.08 20:10:05.312,1.4843,1.4846,3.00,1.50
2012.03.08 20:10:05.906,1.48432,1.48463,1.50,1.50
2012.03.08 20:10:06.223,1.48431,1.4846,1.50,1.50
2012.03.08 20:10:06.292,1.48429,1.4846,1.50,1.50
2012.03.08 20:10:07.240,1.48431,1.4846,1.50,1.50
2012.03.08 20:10:07.310,1.48432,1.48463,1.50,1.50
2012.03.08 20:10:07.833,1.48431,1.4846,1.50,1.50
2012.03.08 20:10:08.557,1.48433,1.48462,1.50,2.25
2012.03.08 20:10:08.631,1.48423,1.48454,2.25,1.50
2012.03.08 20:10:08.761,1.48423,1.48454,1.50,1.88
2012.03.08 20:10:08.891,1.48421,1.48451,1.50,1.88
2012.03.08 20:10:09.081,1.48425,1.4845,1.50,2.13
2012.03.08 20:10:09.393,1.48422,1.48452,1.50,2.13
2012.03.08 20:10:09.821,1.48422,1.48445,1.50,1.50
2012.03.08 20:10:10.072,1.48422,1.48447,1.50,1.88
2012.03.08 20:10:10.146,1.48416,1.48446,1.50,1.50
2012.03.08 20:10:10.674,1.48417,1.48448,1.50,2.25
2012.03.08 20:10:11.249,1.48417,1.48448,1.50,2.25
2012.03.08 20:10:11.581,1.48417,1.48448,1.50,2.25
2012.03.08 20:10:11.658,1.48415,1.48444,1.50,2.25
2012.03.08 20:10:11.727,1.48412,1.48442,1.50,2.88
2012.03.08 20:10:11.852,1.48411,1.48439,1.50,1.38
2012.03.08 20:10:11.927,1.48409,1.48438,1.50,2.13
2012.03.08 20:10:12.473,1.4841,1.48438,1.50,1.38
2012.03.08 20:10:13.277,1.4841,1.48439,1.50,2.13
2012.03.08 20:10:13.462,1.4841,1.48439,3.00,1.50
2012.03.08 20:10:14.257,1.4841,1.48439,3.75,1.50
2012.03.08 20:10:14.331,1.48417,1.48447,1.50,1.88
2012.03.08 20:10:14.400,1.48415,1.48447,1.50,1.88
2012.03.08 20:10:15.042,1.4842,1.48448,1.50,1.38
2012.03.08 20:10:15.291,1.48416,1.48446,1.50,2.13
2012.03.08 20:10:15.613,1.48412,1.48442,1.50,1.50
2012.03.08 20:10:16.173,1.48418,1.48448,1.50,2.13
2012.03.08 20:10:16.484,1.48421,1.48451,1.50,1.50
2012.03.08 20:10:17.335,1.48419,1.48447,1.50,1.50
2012.03.08 20:10:17.464,1.48415,1.48447,1.50,1.50
2012.03.08 20:10:17.943,1.48418,1.48449,1.50,1.50
2012.03.08 20:10:18.131,1.48421,1.48453,1.50,1.50
2012.03.08 20:10:18.617,1.48424,1.48454,1.50,2.88
2012.03.08 20:10:18.988,1.48426,1.48455,1.50,1.50
2012.03.08 20:10:19.300,1.48424,1.48453,1.50,1.65
2012.03.08 20:10:19.381,1.48422,1.48453,1.50,1.50
2012.03.08 20:10:19.840,1.4842,1.4845,1.50,1.50
2012.03.08 20:10:20.161,1.48417,1.48447,1.50,1.50
2012.03.08 20:10:21.024,1.48416,1.48447,2.25,1.50
2012.03.08 20:10:21.214,1.48415,1.48444,1.50,1.50
2012.03.08 20:10:21.288,1.48416,1.48447,2.25,1.50
2012.03.08 20:10:21.351,1.48416,1.48447,3.00,1.50
2012.03.08 20:10:22.077,1.48418,1.48447,2.25,1.50
2012.03.08 20:10:22.262,1.48422,1.48449,1.50,1.50
2012.03.08 20:10:22.333,1.48422,1.48453,1.50,1.50
2012.03.08 20:10:22.462,1.48424,1.48455,1.50,1.50
2012.03.08 20:10:23.020,1.48424,1.48456,1.50,1.50
2012.03.08 20:10:23.396,1.48422,1.48453,1.50,1.50
2012.03.08 20:10:24.264,1.48419,1.4845,2.25,1.50
2012.03.08 20:10:24.708,1.48417,1.48443,2.25,1.50
2012.03.08 20:10:24.778,1.48415,1.48444,1.50,1.50
2012.03.08 20:10:25.097,1.48413,1.48444,2.25,1.50
2012.03.08 20:10:25.566,1.48421,1.48447,1.50,1.50
2012.03.08 20:10:25.824,1.48421,1.48449,2.25,2.25
2012.03.08 20:10:26.571,1.48424,1.48452,1.50,1.50
2012.03.08 20:10:27.109,1.48424,1.48453,1.50,1.50
2012.03.08 20:10:28.977,1.48421,1.4845,2.25,1.50
2012.03.08 20:10:29.510,1.48421,1.48452,2.25,2.13
2012.03.08 20:10:29.594,1.48419,1.48448,1.50,1.38
2012.03.08 20:10:30.094,1.48419,1.48443,1.50,1.38
2012.03.08 20:10:30.163,1.48415,1.48443,1.50,1.38
2012.03.08 20:10:30.352,1.48417,1.48448,1.50,2.88
2012.03.08 20:10:31.212,1.48416,1.48441,1.50,2.13
2012.03.08 20:10:31.282,1.4841,1.48441,1.50,2.13
2012.03.08 20:10:31.794,1.48417,1.48448,1.50,2.88
2012.03.08 20:10:32.005,1.48415,1.48444,1.50,2.13
2012.03.08 20:10:32.514,1.48415,1.48444,1.50,1.50
2012.03.08 20:10:32.641,1.48418,1.48447,1.50,2.13
2012.03.08 20:10:33.199,1.48418,1.48447,1.50,2.13
2012.03.08 20:10:33.642,1.48414,1.48445,1.50,2.13
2012.03.08 20:10:34.372,1.48415,1.48445,1.50,2.13
2012.03.08 20:10:34.440,1.48418,1.48447,1.50,2.13
2012.03.08 20:10:35.007,1.48418,1.48447,1.50,3.63
2012.03.08 20:10:35.075,1.48415,1.48445,1.50,1.88
2012.03.08 20:10:35.143,1.48415,1.48445,1.50,1.50
2012.03.08 20:10:35.270,1.48418,1.48447,1.50,2.13
2012.03.08 20:10:36.106,1.48414,1.48446,1.50,1.50
2012.03.08 20:10:37.195,1.48414,1.48446,1.50,2.25
2012.03.08 20:10:37.501,1.48414,1.48446,3.00,1.50
2012.03.08 20:10:38.116,1.48417,1.48444,1.50,1.50
2012.03.08 20:10:38.183,1.48427,1.48456,1.50,3.00
2012.03.08 20:10:38.763,1.48424,1.48454,1.50,1.50
2012.03.08 20:10:40.213,1.48427,1.48456,1.50,1.50
2012.03.08 20:10:40.592,1.4843,1.48458,1.50,1.38
2012.03.08 20:10:41.215,1.4843,1.48458,1.50,1.38
2012.03.08 20:10:41.473,1.48434,1.48464,1.50,1.50
2012.03.08 20:10:41.543,1.48436,1.48466,1.50,1.50
2012.03.08 20:10:41.673,1.48432,1.48463,1.50,1.50
2012.03.08 20:10:41.743,1.48429,1.48461,2.25,1.50
2012.03.08 20:10:42.174,1.48426,1.48458,2.25,1.50
2012.03.08 20:10:42.542,1.48429,1.4846,1.50,1.50
2012.03.08 20:10:43.147,1.48434,1.48463,1.50,2.13
2012.03.08 20:10:43.795,1.48434,1.48464,1.50,1.50
2012.03.08 20:10:44.106,1.48431,1.48462,1.50,1.50
2012.03.08 20:10:46.469,1.48431,1.48462,2.25,2.25
2012.03.08 20:10:46.541,1.4843,1.48458,1.50,2.25
2012.03.08 20:10:46.611,1.48428,1.48458,1.50,2.25
2012.03.08 20:10:46.920,1.4843,1.48462,1.50,2.25
2012.03.08 20:10:47.392,1.48427,1.48459,2.25,2.25
2012.03.08 20:10:47.901,1.48427,1.48459,2.25,2.25
2012.03.08 20:10:48.183,1.4843,1.48462,1.50,1.50
2012.03.08 20:10:48.612,1.48427,1.48459,2.25,1.50
2012.03.08 20:10:49.494,1.4843,1.48461,1.50,1.50
2012.03.08 20:10:50.103,1.4843,1.48461,2.25,1.50
2012.03.08 20:10:50.171,1.48433,1.48464,1.50,1.50
2012.03.08 20:10:50.613,1.48441,1.4847,1.50,1.50
2012.03.08 20:10:50.928,1.48456,1.48487,1.50,1.88
2012.03.08 20:10:51.005,1.48456,1.48487,1.50,1.50
2012.03.08 20:10:51.645,1.48454,1.48484,1.50,1.50
2012.03.08 20:10:51.982,1.48447,1.48477,2.25,1.50
2012.03.08 20:10:52.169,1.48449,1.48481,2.25,1.50
2012.03.08 20:10:52.394,1.48451,1.48481,1.50,1.50
2012.03.08 20:10:52.734,1.48454,1.48483,1.50,1.50
2012.03.08 20:10:53.234,1.48454,1.48478,1.50,1.50
2012.03.08 20:10:53.304,1.48448,1.48476,2.25,1.50
2012.03.08 20:10:54.507,1.48447,1.48476,2.25,1.50
2012.03.08 20:10:55.141,1.48448,1.48476,1.50,1.50
2012.03.08 20:10:55.271,1.48451,1.48481,2.25,1.50
2012.03.08 20:10:55.344,1.48452,1.48483,1.50,1.50
2012.03.08 20:10:55.711,1.48452,1.48481,1.50,1.50
2012.03.08 20:10:56.097,1.48448,1.48479,2.25,1.50
2012.03.08 20:10:57.577,1.48448,1.48479,1.50,1.50
2012.03.08 20:10:58.122,1.48448,1.48476,1.50,1.50
2012.03.08 20:10:58.191,1.48444,1.48473,1.50,1.50
2012.03.08 20:10:59.597,1.48444,1.48473,3.00,1.50
2012.03.08 20:10:59.899,1.48442,1.48471,1.50,1.50
2012.03.08 20:11:00.782,1.4844,1.48471,2.63,1.50
2012.03.08 20:11:00.913,1.4844,1.48468,1.13,1.50
2012.03.08 20:11:01.222,1.48435,1.48465,3.00,1.50
2012.03.08 20:11:01.972,1.48437,1.48469,1.50,1.50
2012.03.08 20:11:02.141,1.48436,1.48465,1.50,1.50
2012.03.08 20:11:05.244,1.48437,1.48469,1.50,1.50
2012.03.08 20:11:05.381,1.48436,1.48465,1.50,1.50
2012.03.08 20:11:06.064,1.48432,1.48463,2.25,1.50
2012.03.08 20:11:06.316,1.48432,1.48463,2.25,1.50
2012.03.08 20:11:06.742,1.4843,1.48457,1.50,1.50
2012.03.08 20:11:06.871,1.48434,1.48465,2.25,3.00
2012.03.08 20:11:07.406,1.4843,1.48459,1.50,1.50
2012.03.08 20:11:07.720,1.48437,1.48467,1.50,1.50
2012.03.08 20:11:08.022,1.48434,1.48465,1.50,1.50
2012.03.08 20:11:12.442,1.48432,1.48462,4.50,1.50
2012.03.08 20:11:13.491,1.48429,1.48458,1.50,1.50
2012.03.08 20:11:13.904,1.48431,1.4846,2.25,1.50
2012.03.08 20:11:14.150,1.48431,1.4846,2.25,1.50
2012.03.08 20:11:14.698,1.48439,1.48462,1.50,1.50
2012.03.08 20:11:14.778,1.48439,1.48471,1.50,1.50
2012.03.08 20:11:14.840,1.48439,1.48469,1.50,1.50
2012.03.08 20:11:15.155,1.48429,1.48458,2.25,1.50
2012.03.08 20:11:15.462,1.48434,1.48458,2.55,1.50
2012.03.08 20:11:15.776,1.48451,1.4848,1.50,2.13
2012.03.08 20:11:16.021,1.48453,1.48483,1.50,2.13
2012.03.08 20:11:16.098,1.48453,1.48483,1.50,2.13
2012.03.08 20:11:16.168,1.48453,1.48483,1.50,1.50
2012.03.08 20:11:16.618,1.48456,1.48485,1.50,1.50
2012.03.08 20:11:16.751,1.48448,1.48479,1.50,1.50
2012.03.08 20:11:17.248,1.48453,1.48482,1.50,2.13
2012.03.08 20:11:17.311,1.48454,1.48485,1.50,1.88
2012.03.08 20:11:17.446,1.48454,1.48483,1.50,1.50
2012.03.08 20:11:17.890,1.48451,1.48479,1.50,1.50
2012.03.08 20:11:17.961,1.48452,1.48482,2.25,1.50
2012.03.08 20:11:18.833,1.48459,1.4849,1.50,2.13
2012.03.08 20:11:19.442,1.48459,1.4849,1.50,2.13
2012.03.08 20:11:19.984,1.48459,1.48491,1.50,2.13
2012.03.08 20:11:20.383,1.48462,1.48493,1.50,2.13
2012.03.08 20:11:20.890,1.48456,1.48485,1.50,1.50
2012.03.08 20:11:20.961,1.48457,1.48489,1.50,1.50
2012.03.08 20:11:23.020,1.48457,1.48488,1.50,1.50
2012.03.08 20:11:23.095,1.48454,1.48486,1.50,1.50
2012.03.08 20:11:23.403,1.48454,1.48481,1.50,1.50
2012.03.08 20:11:23.474,1.48449,1.4848,2.25,1.50
2012.03.08 20:11:23.546,1.48447,1.48477,1.50,1.50
2012.03.08 20:11:23.793,1.48446,1.48477,2.25,1.50
2012.03.08 20:11:24.312,1.4845,1.48479,1.50,1.50
2012.03.08 20:11:25.576,1.48446,1.48476,2.25,1.50
2012.03.08 20:11:26.212,1.48446,1.48476,1.50,1.50
2012.03.08 20:11:29.635,1.48446,1.48476,2.25,1.50
2012.03.08 20:11:31.680,1.48449,1.48476,1.50,1.50
2012.03.08 20:11:31.994,1.48455,1.48484,1.50,2.13
2012.03.08 20:11:32.916,1.48451,1.48483,1.50,2.13
2012.03.08 20:11:33.403,1.48449,1.4848,1.50,1.50
2012.03.08 20:11:33.479,1.48452,1.48481,2.25,1.50
2012.03.08 20:11:34.068,1.48452,1.48483,1.50,2.13
2012.03.08 20:11:34.653,1.48449,1.4848,2.25,1.50
2012.03.08 20:11:35.024,1.48451,1.4848,2.25,1.50
2012.03.08 20:11:35.529,1.48453,1.48482,2.25,1.50
2012.03.08 20:11:36.061,1.48452,1.48483,3.00,1.50
2012.03.08 20:11:40.045,1.48452,1.48483,1.50,1.50
2012.03.08 20:11:40.115,1.48452,1.48483,2.25,1.50
2012.03.08 20:11:40.244,1.4845,1.4848,2.25,1.50
2012.03.08 20:11:41.045,1.48447,1.48478,3.75,1.50
2012.03.08 20:11:41.913,1.48447,1.48478,3.00,1.50
2012.03.08 20:11:41.984,1.48447,1.48473,1.50,1.50
2012.03.08 20:11:42.454,1.48446,1.48475,2.25,1.50
2012.03.08 20:11:42.524,1.48446,1.48477,2.25,1.50
2012.03.08 20:11:43.211,1.48444,1.48473,3.00,1.50
2012.03.08 20:11:45.904,1.48447,1.48476,2.25,3.00
2012.03.08 20:11:46.274,1.48447,1.48476,2.25,1.50
2012.03.08 20:11:46.848,1.48447,1.48476,2.25,1.50
2012.03.08 20:11:47.692,1.48447,1.48476,1.50,1.50
2012.03.08 20:11:47.821,1.48444,1.48473,1.50,2.13
2012.03.08 20:11:48.150,1.48441,1.4847,2.25,1.88
2012.03.08 20:11:48.835,1.48443,1.48474,1.50,2.13
2012.03.08 20:11:49.924,1.48441,1.4847,2.25,1.50
2012.03.08 20:11:55.387,1.48437,1.48469,2.25,1.50
2012.03.08 20:11:55.941,1.48441,1.48472,2.25,1.88
2012.03.08 20:11:58.002,1.48441,1.48472,1.50,2.13
2012.03.08 20:11:58.252,1.48437,1.48469,1.50,1.50
2012.03.08 20:11:58.862,1.48439,1.48469,1.50,1.50
2012.03.08 20:11:58.991,1.4844,1.48472,1.50,1.50
2012.03.08 20:12:00.636,1.48446,1.48477,1.50,2.13
2012.03.08 20:12:00.943,1.48441,1.4847,1.50,1.50
2012.03.08 20:12:01.413,1.48443,1.48475,1.50,2.13
2012.03.08 20:12:01.876,1.48443,1.48475,1.50,2.13
2012.03.08 20:12:03.973,1.48446,1.48475,1.50,1.50
2012.03.08 20:12:04.335,1.48448,1.48477,1.50,2.13
2012.03.08 20:12:04.869,1.48448,1.48477,1.50,2.13
2012.03.08 20:12:05.550,1.48447,1.48478,1.50,2.13
2012.03.08 20:12:05.931,1.48447,1.48478,2.25,1.50
2012.03.08 20:12:06.134,1.4845,1.4848,1.50,2.13
2012.03.08 20:12:06.647,1.48447,1.48478,2.25,2.13
2012.03.08 20:12:08.159,1.48447,1.48478,1.50,2.13
2012.03.08 20:12:08.295,1.48441,1.48471,2.25,1.50
2012.03.08 20:12:08.373,1.48441,1.48467,2.25,1.50
2012.03.08 20:12:08.450,1.48435,1.48465,2.63,1.50
2012.03.08 20:12:09.591,1.48439,1.4847,1.50,1.50
2012.03.08 20:12:09.794,1.48439,1.4847,2.25,2.13
2012.03.08 20:12:10.396,1.48436,1.48468,2.25,2.13
2012.03.08 20:12:10.722,1.48436,1.48468,2.25,2.13
2012.03.08 20:12:11.734,1.48436,1.48468,2.25,2.13
2012.03.08 20:12:12.131,1.48439,1.4847,1.50,2.13
2012.03.08 20:12:12.493,1.48439,1.48471,2.25,2.13
2012.03.08 20:12:12.832,1.48437,1.48467,3.75,1.50
2012.03.08 20:12:12.964,1.4845,1.48479,1.50,2.13
2012.03.08 20:12:13.090,1.4845,1.48479,1.50,2.13
2012.03.08 20:12:13.424,1.48446,1.48474,2.25,1.50
2012.03.08 20:12:13.491,1.48442,1.48471,2.25,1.50
2012.03.08 20:12:13.750,1.48443,1.48475,2.25,2.13
2012.03.08 20:12:16.235,1.48446,1.48478,2.25,2.13
2012.03.08 20:12:16.828,1.48446,1.48478,2.25,2.13
2012.03.08 20:12:17.013,1.48446,1.48478,2.25,2.13
2012.03.08 20:12:17.639,1.48446,1.48478,2.25,2.13
2012.03.08 20:12:18.217,1.48446,1.48478,2.25,2.13
2012.03.08 20:12:18.442,1.48446,1.48478,2.25,2.13
2012.03.08 20:12:18.753,1.48454,1.48478,1.88,2.13
2012.03.08 20:12:18.820,1.48454,1.48478,1.88,1.50
2012.03.08 20:12:19.011,1.48457,1.4848,1.50,2.13
2012.03.08 20:12:19.081,1.48459,1.48488,1.50,2.88
2012.03.08 20:12:19.215,1.48452,1.48482,2.25,2.13
2012.03.08 20:12:19.808,1.4846,1.48482,1.50,2.13
2012.03.08 20:12:19.886,1.48452,1.48482,2.25,2.13
2012.03.08 20:12:20.011,1.4845,1.48479,2.25,1.50
2012.03.08 20:12:20.083,1.4845,1.48479,1.50,1.50
2012.03.08 20:12:20.411,1.48454,1.48484,1.50,2.13
2012.03.08 20:12:20.977,1.48454,1.48484,1.50,2.13
2012.03.08 20:12:21.850,1.48454,1.48484,1.50,1.50
2012.03.08 20:12:22.101,1.48458,1.48488,1.50,2.13
2012.03.08 20:12:22.293,1.48451,1.48481,2.25,1.50
2012.03.08 20:12:23.236,1.48454,1.48483,1.50,3.63
2012.03.08 20:12:23.763,1.4845,1.4848,2.25,1.50
2012.03.08 20:12:24.326,1.4845,1.4848,1.50,1.50
2012.03.08 20:12:25.819,1.4845,1.48475,1.50,1.50
2012.03.08 20:12:25.962,1.48449,1.48478,1.50,1.50
2012.03.08 20:12:26.096,1.48444,1.48473,1.50,1.50
2012.03.08 20:12:26.443,1.48444,1.48473,2.25,1.50
2012.03.08 20:12:26.572,1.48443,1.48475,2.25,1.50
2012.03.08 20:12:26.892,1.48446,1.48477,2.25,1.50
2012.03.08 20:12:26.961,1.4845,1.48479,1.50,2.13
2012.03.08 20:12:27.794,1.48447,1.48476,1.50,1.50
2012.03.08 20:12:28.342,1.4845,1.48479,1.50,1.50
2012.03.08 20:12:28.476,1.4845,1.48481,1.50,2.13
2012.03.08 20:12:28.840,1.48447,1.48479,1.50,1.50
2012.03.08 20:12:28.971,1.48445,1.48475,3.00,1.50
2012.03.08 20:12:30.280,1.48441,1.48471,1.50,2.13
2012.03.08 20:12:30.358,1.48439,1.48471,1.50,2.13
2012.03.08 20:12:30.722,1.48439,1.48471,3.00,2.13
2012.03.08 20:12:30.849,1.48439,1.48468,1.50,1.50
2012.03.08 20:12:31.189,1.48436,1.48466,2.25,1.50
2012.03.08 20:12:31.422,1.48439,1.4847,1.50,1.50
2012.03.08 20:12:31.809,1.48439,1.4847,2.25,1.50
2012.03.08 20:12:32.293,1.48439,1.4847,1.50,2.13
2012.03.08 20:12:32.785,1.48439,1.4847,2.25,2.13
2012.03.08 20:12:32.923,1.48442,1.48472,3.00,1.50
2012.03.08 20:12:33.425,1.48443,1.48472,1.50,1.50
2012.03.08 20:12:36.143,1.48447,1.48476,1.50,1.50
2012.03.08 20:12:36.479,1.4845,1.4848,1.50,2.13
2012.03.08 20:12:36.676,1.48448,1.48477,1.50,1.50
2012.03.08 20:12:37.223,1.48451,1.4848,1.50,1.50
2012.03.08 20:12:37.666,1.48449,1.48478,1.50,1.50
2012.03.08 20:12:39.061,1.48448,1.48478,1.50,1.50
2012.03.08 20:12:42.456,1.48448,1.48478,1.50,2.13
2012.03.08 20:12:43.047,1.4845,1.48481,1.50,2.25
2012.03.08 20:12:43.234,1.4845,1.48481,1.50,1.50
2012.03.08 20:12:43.304,1.48448,1.48477,1.50,1.50
2012.03.08 20:12:43.492,1.48444,1.48476,3.00,1.50
2012.03.08 20:12:44.012,1.48447,1.48478,2.25,2.13
2012.03.08 20:12:44.606,1.48447,1.48479,1.50,1.50
2012.03.08 20:12:45.239,1.48446,1.48475,2.25,1.50
2012.03.08 20:12:45.741,1.48445,1.48475,1.50,1.50
2012.03.08 20:12:46.172,1.48443,1.48472,1.50,1.50
2012.03.08 20:12:46.323,1.48444,1.48475,1.50,1.50
2012.03.08 20:12:46.602,1.48441,1.48472,2.25,1.50
2012.03.08 20:12:47.326,1.48446,1.48475,1.50,1.50
2012.03.08 20:12:47.821,1.48444,1.48473,1.50,1.50
2012.03.08 20:12:48.134,1.48442,1.4847,1.50,1.50
2012.03.08 20:12:48.346,1.48444,1.48473,1.50,1.50
2012.03.08 20:12:48.487,1.48442,1.48471,1.50,1.50
2012.03.08 20:12:49.088,1.48443,1.48475,1.50,1.50
2012.03.08 20:12:49.546,1.48442,1.48472,3.00,1.50
2012.03.08 20:12:50.363,1.4844,1.48472,3.00,2.13
2012.03.08 20:12:50.433,1.48449,1.48479,1.50,1.75
2012.03.08 20:12:50.620,1.48449,1.48481,1.50,2.50
2012.03.08 20:12:51.619,1.48449,1.4848,1.50,2.13
2012.03.08 20:12:52.095,1.48447,1.48478,1.50,2.13
2012.03.08 20:12:53.131,1.48447,1.48478,1.50,2.88
2012.03.08 20:12:55.980,1.48445,1.48472,1.50,1.50
2012.03.08 20:12:56.053,1.48442,1.48472,1.50,1.50
2012.03.08 20:12:56.440,1.48445,1.48474,1.50,1.50
2012.03.08 20:12:58.529,1.48441,1.4847,3.00,1.50
2012.03.08 20:12:59.413,1.48444,1.48473,1.50,2.13
2012.03.08 20:12:59.676,1.48441,1.48469,3.00,1.50
2012.03.08 20:13:00.235,1.48439,1.48469,1.50,2.88
2012.03.08 20:13:00.302,1.48432,1.48461,2.25,1.50
2012.03.08 20:13:00.573,1.48433,1.48464,1.50,1.50
2012.03.08 20:13:01.159,1.48433,1.48465,1.50,2.13
2012.03.08 20:13:02.311,1.48433,1.48465,1.50,2.13
2012.03.08 20:13:02.891,1.48433,1.48465,1.50,1.50
2012.03.08 20:13:03.065,1.48437,1.48466,1.50,1.50
2012.03.08 20:13:08.596,1.48439,1.4847,1.50,2.13
2012.03.08 20:13:08.821,1.48436,1.48468,1.50,1.50
2012.03.08 20:13:10.483,1.48439,1.48471,1.50,2.13
2012.03.08 20:13:10.554,1.48439,1.48471,1.50,1.50
2012.03.08 20:13:11.284,1.48438,1.48467,3.00,1.50
2012.03.08 20:13:18.454,1.4844,1.4847,1.50,1.88
2012.03.08 20:13:18.523,1.48436,1.48468,3.75,1.50
2012.03.08 20:13:19.091,1.48435,1.48464,1.50,1.50
2012.03.08 20:13:21.412,1.48435,1.48464,1.50,2.13
2012.03.08 20:13:21.703,1.48441,1.48469,1.50,1.38
2012.03.08 20:13:21.864,1.48438,1.48467,1.50,1.50
2012.03.08 20:13:21.933,1.48436,1.48467,1.50,1.50
2012.03.08 20:13:22.942,1.48438,1.48469,1.50,1.50
2012.03.08 20:13:23.697,1.48438,1.4847,1.50,2.13
2012.03.08 20:13:25.442,1.48438,1.4847,1.50,2.25
2012.03.08 20:13:25.750,1.48438,1.48463,1.50,2.13
2012.03.08 20:13:25.940,1.48435,1.48463,1.50,2.13
2012.03.08 20:13:26.450,1.48434,1.48466,1.50,2.13
2012.03.08 20:13:27.052,1.48434,1.48466,1.50,2.13
2012.03.08 20:13:27.713,1.48434,1.48466,1.50,2.13
2012.03.08 20:13:27.792,1.4844,1.48471,1.50,3.63
2012.03.08 20:13:27.979,1.4844,1.48471,1.50,2.25
2012.03.08 20:13:28.420,1.4844,1.48471,1.50,2.13
2012.03.08 20:13:29.191,1.48439,1.48468,1.50,1.50
2012.03.08 20:13:29.949,1.48438,1.48468,1.50,1.50
2012.03.08 20:13:30.960,1.48441,1.48472,1.50,1.50
2012.03.08 20:13:31.477,1.48444,1.48474,1.50,2.88
2012.03.08 20:13:31.863,1.48442,1.48471,1.50,1.50
2012.03.08 20:13:33.291,1.48443,1.48471,1.50,1.50
2012.03.08 20:13:33.423,1.48446,1.48475,1.50,2.13
2012.03.08 20:13:34.428,1.48442,1.48471,1.50,1.88
2012.03.08 20:13:35.007,1.48442,1.48466,1.50,1.50
2012.03.08 20:13:35.080,1.48436,1.48465,1.50,1.50
2012.03.08 20:13:35.158,1.48437,1.48469,1.50,1.50
2012.03.08 20:13:35.472,1.48437,1.48467,1.50,1.50
2012.03.08 20:13:35.815,1.48435,1.4846,1.50,2.13
2012.03.08 20:13:35.944,1.48427,1.48456,1.50,2.13
2012.03.08 20:13:36.075,1.48429,1.48456,2.25,1.50
2012.03.08 20:13:36.143,1.48432,1.48459,2.25,1.50
2012.03.08 20:13:36.212,1.48432,1.48464,2.25,1.50
2012.03.08 20:13:36.404,1.48442,1.48471,1.50,1.50
2012.03.08 20:13:37.051,1.48438,1.4847,1.50,1.50
2012.03.08 20:13:37.354,1.48441,1.48473,2.25,2.13
2012.03.08 20:13:37.685,1.48438,1.48467,1.50,3.63
2012.03.08 20:13:37.934,1.48434,1.48464,1.50,1.50
2012.03.08 20:13:38.122,1.48437,1.48468,1.50,2.25
2012.03.08 20:13:39.390,1.48436,1.48465,1.50,1.50
2012.03.08 20:13:39.705,1.48423,1.48454,2.25,2.25
2012.03.08 20:13:39.776,1.48423,1.48453,1.50,1.38
2012.03.08 20:13:40.082,1.48426,1.48454,1.50,2.25
2012.03.08 20:13:40.437,1.48428,1.48456,1.50,1.38
2012.03.08 20:13:41.550,1.48421,1.48453,1.50,1.50
2012.03.08 20:13:41.931,1.48425,1.48457,1.50,2.13
2012.03.08 20:13:42.439,1.48425,1.48457,1.50,2.13
2012.03.08 20:13:43.146,1.48425,1.48457,1.50,1.88
2012.03.08 20:13:44.409,1.48418,1.48446,1.50,1.50
2012.03.08 20:13:44.489,1.48417,1.48446,1.50,1.50
2012.03.08 20:13:44.804,1.48422,1.48451,1.50,2.13
2012.03.08 20:13:46.881,1.48422,1.48451,1.50,2.13
2012.03.08 20:13:47.421,1.48422,1.48451,1.50,2.13
2012.03.08 20:13:48.264,1.48422,1.48451,1.50,2.13
2012.03.08 20:13:50.251,1.48422,1.48451,1.50,2.13
2012.03.08 20:13:52.535,1.48425,1.48454,1.50,2.13
2012.03.08 20:13:53.295,1.48425,1.48455,1.50,2.13
2012.03.08 20:13:53.611,1.48423,1.48443,1.50,2.13
2012.03.08 20:13:53.685,1.48414,1.48443,3.00,2.13
2012.03.08 20:13:53.871,1.48411,1.48441,1.50,1.50
2012.03.08 20:13:54.376,1.48411,1.4844,1.50,1.50
2012.03.08 20:13:54.464,1.48411,1.4844,1.50,2.25
2012.03.08 20:13:55.672,1.48411,1.4844,1.50,1.50
2012.03.08 20:14:00.888,1.48408,1.48439,1.50,1.50
2012.03.08 20:14:01.755,1.48409,1.48439,1.50,1.50
2012.03.08 20:14:01.825,1.48411,1.4844,1.50,1.50
2012.03.08 20:14:02.385,1.48412,1.48442,1.50,1.50
2012.03.08 20:14:02.511,1.48414,1.48443,1.50,2.63
2012.03.08 20:14:02.957,1.48408,1.48437,3.00,3.63
2012.03.08 20:14:03.490,1.48407,1.48437,1.50,2.13
2012.03.08 20:14:03.563,1.48409,1.48439,1.50,2.88
2012.03.08 20:14:03.632,1.48409,1.4844,1.50,1.38
2012.03.08 20:14:03.767,1.48407,1.48436,1.50,1.50
2012.03.08 20:14:04.072,1.48405,1.48434,1.50,1.38
2012.03.08 20:14:04.144,1.48402,1.48433,1.50,2.25
2012.03.08 20:14:04.351,1.48405,1.48434,1.50,1.38
2012.03.08 20:14:04.661,1.48405,1.48434,1.50,1.38
2012.03.08 20:14:05.407,1.48405,1.48436,1.50,2.13
2012.03.08 20:14:05.481,1.48407,1.48435,1.50,1.38
2012.03.08 20:14:05.975,1.48407,1.48438,1.50,1.38
2012.03.08 20:14:06.047,1.48409,1.48438,1.50,1.38
2012.03.08 20:14:06.113,1.48407,1.48439,1.50,2.88
2012.03.08 20:14:06.299,1.48407,1.48438,1.50,1.38
2012.03.08 20:14:06.612,1.48404,1.48435,1.50,2.25
2012.03.08 20:14:07.354,1.48404,1.48432,1.50,1.38
2012.03.08 20:14:07.481,1.484,1.48432,1.50,1.50
2012.03.08 20:14:07.551,1.484,1.4843,1.50,1.50
2012.03.08 20:14:07.894,1.48399,1.48428,1.50,3.00
2012.03.08 20:14:07.960,1.48395,1.48426,1.50,1.50
2012.03.08 20:14:08.502,1.48395,1.48426,1.50,2.25
2012.03.08 20:14:08.814,1.48385,1.48414,1.50,1.50
2012.03.08 20:14:09.241,1.48386,1.48418,1.50,1.50
2012.03.08 20:14:09.867,1.48384,1.48415,1.50,1.50
2012.03.08 20:14:10.384,1.48382,1.48407,2.25,1.50
2012.03.08 20:14:10.453,1.48375,1.48407,2.25,1.50
2012.03.08 20:14:10.700,1.48381,1.48407,1.50,1.50
2012.03.08 20:14:11.011,1.48383,1.48409,1.50,1.50
2012.03.08 20:14:11.082,1.48388,1.48418,1.50,2.13
2012.03.08 20:14:11.211,1.48386,1.48415,3.00,1.50
2012.03.08 20:14:11.932,1.48386,1.48415,1.50,2.13
2012.03.08 20:14:12.544,1.48373,1.48404,1.50,1.50
2012.03.08 20:14:12.684,1.48375,1.48407,1.50,2.13
2012.03.08 20:14:13.505,1.48375,1.48407,1.50,2.13
2012.03.08 20:14:14.051,1.48375,1.48407,1.50,1.50
2012.03.08 20:14:14.634,1.48379,1.48408,1.50,1.50
2012.03.08 20:14:14.833,1.48383,1.48415,1.50,1.88
2012.03.08 20:14:15.029,1.48386,1.48417,1.50,2.13
2012.03.08 20:14:15.474,1.48383,1.48414,1.50,1.50
2012.03.08 20:14:20.588,1.48386,1.48416,1.50,3.63
2012.03.08 20:14:23.652,1.48384,1.48409,1.50,1.50
2012.03.08 20:14:23.721,1.48378,1.48409,1.50,1.50
2012.03.08 20:14:23.851,1.48376,1.48406,1.50,1.50
2012.03.08 20:14:24.190,1.48373,1.48403,3.00,1.50
2012.03.08 20:14:24.506,1.48376,1.48406,1.50,1.50
2012.03.08 20:14:25.047,1.48376,1.48407,2.25,1.50
2012.03.08 20:14:25.592,1.48376,1.48407,2.25,1.50
2012.03.08 20:14:25.671,1.48381,1.48411,2.25,1.50
2012.03.08 20:14:26.802,1.48381,1.48409,2.25,1.50
2012.03.08 20:14:26.990,1.48373,1.48404,1.50,1.50
2012.03.08 20:14:27.300,1.48373,1.48403,1.50,1.38
2012.03.08 20:14:27.612,1.48367,1.48396,1.50,1.50
2012.03.08 20:14:27.682,1.48369,1.48398,1.50,1.50
2012.03.08 20:14:27.754,1.48373,1.48398,1.50,1.50
2012.03.08 20:14:28.233,1.48374,1.48405,1.50,1.50
2012.03.08 20:14:28.301,1.4838,1.48409,1.50,4.38
2012.03.08 20:14:28.492,1.48378,1.48402,1.50,3.63
2012.03.08 20:14:28.560,1.48373,1.48402,1.50,3.63
2012.03.08 20:14:28.812,1.48381,1.48402,1.50,1.50
2012.03.08 20:14:28.940,1.48381,1.48411,1.50,2.13
2012.03.08 20:14:29.072,1.48385,1.48415,1.50,2.13
2012.03.08 20:14:29.419,1.48385,1.48415,1.50,2.13
2012.03.08 20:14:30.253,1.48385,1.48415,1.50,2.13
2012.03.08 20:14:32.006,1.48385,1.48406,1.50,1.50
2012.03.08 20:14:32.084,1.48385,1.48414,1.50,2.13
2012.03.08 20:14:32.573,1.48385,1.48408,1.50,1.50
2012.03.08 20:14:32.880,1.48385,1.48413,1.50,1.38
2012.03.08 20:14:33.137,1.48382,1.48413,1.50,2.88
2012.03.08 20:14:33.323,1.48379,1.4841,1.50,1.50
2012.03.08 20:14:33.396,1.48381,1.4841,1.50,1.50
2012.03.08 20:14:33.521,1.48383,1.48413,1.50,2.13
2012.03.08 20:14:34.059,1.48383,1.48413,1.50,2.88
2012.03.08 20:14:34.573,1.48381,1.4841,1.50,1.50
2012.03.08 20:14:36.157,1.48383,1.4841,1.50,1.50
2012.03.08 20:14:36.242,1.48387,1.48415,1.50,1.50
2012.03.08 20:14:36.482,1.48387,1.48412,1.50,1.50
2012.03.08 20:14:36.612,1.48387,1.48415,1.50,3.00
2012.03.08 20:14:36.823,1.48387,1.48413,1.50,1.50
2012.03.08 20:14:36.950,1.48381,1.4841,1.50,1.50
2012.03.08 20:14:37.084,1.48383,1.48411,1.50,1.50
2012.03.08 20:14:37.157,1.48385,1.48415,1.50,3.00
2012.03.08 20:14:37.225,1.48385,1.48415,1.50,3.75
2012.03.08 20:14:37.476,1.48373,1.48404,1.50,1.50
2012.03.08 20:14:38.028,1.48376,1.48405,1.50,1.50
2012.03.08 20:14:38.586,1.48376,1.48406,1.50,3.00
2012.03.08 20:14:41.569,1.48383,1.48412,1.50,2.13
2012.03.08 20:14:42.126,1.48383,1.48412,1.50,2.13
2012.03.08 20:14:42.723,1.48383,1.48412,1.50,2.13
2012.03.08 20:14:43.262,1.48383,1.48412,1.50,2.13
2012.03.08 20:14:43.723,1.48383,1.48412,1.50,3.63
2012.03.08 20:14:44.281,1.48383,1.48409,1.50,2.25
2012.03.08 20:14:44.414,1.48381,1.48409,1.50,2.13
2012.03.08 20:14:44.603,1.48384,1.48409,1.50,2.13
2012.03.08 20:14:44.677,1.4838,1.48411,1.50,2.13
2012.03.08 20:14:47.058,1.48376,1.48406,1.50,1.50
2012.03.08 20:14:47.356,1.48378,1.48406,1.50,1.50
2012.03.08 20:14:47.425,1.4838,1.48409,1.50,2.25
2012.03.08 20:14:47.495,1.48382,1.48409,1.50,1.50
2012.03.08 20:14:47.567,1.48384,1.48413,1.50,2.88
2012.03.08 20:14:47.954,1.48384,1.48413,1.50,2.25
2012.03.08 20:14:48.147,1.48375,1.48406,1.50,1.50
2012.03.08 20:14:48.344,1.48373,1.48402,3.75,1.50
2012.03.08 20:14:48.847,1.48373,1.48402,1.50,1.50
2012.03.08 20:14:48.916,1.48376,1.48405,1.50,2.25
2012.03.08 20:14:51.602,1.48379,1.48406,1.50,2.25
2012.03.08 20:14:51.880,1.48376,1.48406,1.50,2.25
2012.03.08 20:14:53.366,1.4838,1.48406,1.50,2.25
2012.03.08 20:14:53.433,1.48376,1.48406,1.50,2.25
2012.03.08 20:14:53.711,1.48374,1.48403,1.50,2.25
2012.03.08 20:14:54.085,1.48376,1.48406,1.50,1.50
2012.03.08 20:14:54.154,1.48376,1.48406,1.50,2.25
2012.03.08 20:14:55.474,1.48374,1.48403,1.50,1.50
2012.03.08 20:14:56.075,1.48374,1.48403,1.50,2.25
2012.03.08 20:14:56.264,1.48367,1.48397,1.50,1.50
2012.03.08 20:14:56.330,1.48365,1.48397,1.50,1.50
2012.03.08 20:14:56.753,1.48368,1.48398,1.50,2.25
2012.03.08 20:14:57.311,1.48366,1.48397,1.50,1.50
2012.03.08 20:14:57.441,1.48366,1.48397,1.50,2.25
2012.03.08 20:14:57.512,1.48366,1.48397,1.50,1.50
2012.03.08 20:14:58.351,1.48369,1.484,1.50,2.25
2012.03.08 20:14:59.078,1.48368,1.48397,1.50,1.50
2012.03.08 20:14:59.582,1.4837,1.48399,1.50,2.25
2012.03.08 20:15:00.119,1.4837,1.484,1.50,3.75
2012.03.08 20:15:01.163,1.48368,1.48397,1.50,1.50
2012.03.08 20:15:01.234,1.4837,1.48397,1.50,1.50
2012.03.08 20:15:01.554,1.48373,1.48402,3.00,2.13
2012.03.08 20:15:01.622,1.48376,1.48402,1.50,2.13
2012.03.08 20:15:02.077,1.4837,1.484,1.50,2.25
2012.03.08 20:15:02.146,1.48373,1.484,1.50,1.50
2012.03.08 20:15:02.304,1.48375,1.48404,1.50,1.50
2012.03.08 20:15:02.932,1.48375,1.48404,1.50,2.25
2012.03.08 20:15:03.385,1.48375,1.48402,1.50,1.38
2012.03.08 20:15:03.524,1.48373,1.484,1.50,2.25
2012.03.08 20:15:03.593,1.48369,1.484,1.50,2.25
2012.03.08 20:15:05.093,1.48369,1.484,1.50,2.25
2012.03.08 20:15:05.656,1.48368,1.48393,1.50,2.25
2012.03.08 20:15:05.721,1.48363,1.48393,1.50,1.50
2012.03.08 20:15:05.975,1.48365,1.48395,1.50,2.25
2012.03.08 20:15:06.305,1.48368,1.48395,1.50,2.25
2012.03.08 20:15:06.472,1.48368,1.48395,1.50,1.50
2012.03.08 20:15:06.911,1.48365,1.48395,1.50,1.50
2012.03.08 20:15:07.102,1.48373,1.48402,1.50,3.63
2012.03.08 20:15:07.173,1.48373,1.48402,1.50,3.63
2012.03.08 20:15:07.784,1.48373,1.48402,1.50,3.00
2012.03.08 20:15:07.853,1.48367,1.48396,1.50,1.50
2012.03.08 20:15:08.920,1.48369,1.48399,1.50,1.50
2012.03.08 20:15:09.431,1.48369,1.48398,1.50,2.13
2012.03.08 20:15:09.623,1.48369,1.48398,1.50,3.63
2012.03.08 20:15:09.813,1.48366,1.48397,1.50,2.13
2012.03.08 20:15:10.298,1.48363,1.48395,1.50,1.50
2012.03.08 20:15:11.110,1.48368,1.48397,1.50,1.50
2012.03.08 20:15:11.665,1.48364,1.48396,1.50,1.50
2012.03.08 20:15:11.895,1.48362,1.48392,1.50,1.50
2012.03.08 20:15:12.252,1.48359,1.4839,3.75,1.50
2012.03.08 20:15:12.442,1.48362,1.48392,1.50,1.50
2012.03.08 20:15:12.958,1.48362,1.48393,1.50,1.50
2012.03.08 20:15:15.180,1.48365,1.48395,1.50,1.50
2012.03.08 20:15:16.931,1.48365,1.48395,1.50,2.25
2012.03.08 20:15:17.000,1.48362,1.48392,2.25,1.50
2012.03.08 20:15:17.985,1.4836,1.48392,1.88,1.50
2012.03.08 20:15:20.539,1.4836,1.48392,1.88,1.50
2012.03.08 20:15:20.611,1.48363,1.48393,1.50,2.13
2012.03.08 20:15:20.945,1.48368,1.48395,3.00,1.50
2012.03.08 20:15:21.015,1.48368,1.48398,3.00,1.50
2012.03.08 20:15:21.202,1.48371,1.48398,1.50,1.50
2012.03.08 20:15:21.454,1.48374,1.48403,1.50,1.50
2012.03.08 20:15:21.760,1.48374,1.48401,1.50,1.50
2012.03.08 20:15:21.831,1.48368,1.48399,3.00,1.50
2012.03.08 20:15:22.412,1.4837,1.48402,1.50,1.50
2012.03.08 20:15:24.110,1.4837,1.48401,1.50,1.50
2012.03.08 20:15:24.181,1.48368,1.48399,1.50,1.50
2012.03.08 20:15:24.943,1.48371,1.48401,1.50,1.50
2012.03.08 20:15:25.260,1.48368,1.48398,3.00,1.50
2012.03.08 20:15:25.901,1.48371,1.48401,1.50,3.00
2012.03.08 20:15:26.549,1.48368,1.48398,3.00,1.50
2012.03.08 20:15:27.983,1.48371,1.484,1.50,1.50
2012.03.08 20:15:28.052,1.48368,1.48398,3.00,1.50
2012.03.08 20:15:30.857,1.48372,1.48401,1.50,3.00
2012.03.08 20:15:31.174,1.48372,1.48401,1.50,3.63
2012.03.08 20:15:31.484,1.48362,1.48396,1.13,2.13
2012.03.08 20:15:31.671,1.48363,1.48401,3.38,2.13
2012.03.08 20:15:31.740,1.48367,1.48403,1.50,3.25
2012.03.08 20:15:32.121,1.48363,1.48399,3.38,1.50
2012.03.08 20:15:33.213,1.48366,1.48403,1.50,2.88
2012.03.08 20:15:33.521,1.4837,1.48405,1.50,2.13
2012.03.08 20:15:34.044,1.48371,1.48407,1.50,2.13
2012.03.08 20:15:34.570,1.48371,1.48408,2.25,2.13
2012.03.08 20:15:35.110,1.48371,1.48409,2.25,2.13
2012.03.08 20:15:35.801,1.48371,1.48409,2.25,2.13
2012.03.08 20:15:36.350,1.48371,1.48403,1.50,1.38
2012.03.08 20:15:36.604,1.48364,1.48399,1.50,1.50
2012.03.08 20:15:37.361,1.48372,1.48399,1.50,1.50
2012.03.08 20:15:37.674,1.48384,1.48412,1.50,2.13
2012.03.08 20:15:37.741,1.48384,1.48418,1.50,2.88
2012.03.08 20:15:38.290,1.4838,1.48416,1.50,2.13
2012.03.08 20:15:38.825,1.4838,1.48416,1.50,2.13
2012.03.08 20:15:39.580,1.48381,1.48416,1.50,2.13
2012.03.08 20:15:40.168,1.48382,1.48418,1.50,2.88
2012.03.08 20:15:40.963,1.48382,1.48418,1.50,2.13
2012.03.08 20:15:41.394,1.48385,1.48417,1.50,2.13
2012.03.08 20:15:41.883,1.48393,1.48423,1.50,1.90
2012.03.08 20:15:42.026,1.48389,1.48421,1.50,2.28
2012.03.08 20:15:42.398,1.48393,1.48421,1.50,2.13
2012.03.08 20:15:42.702,1.48394,1.48424,1.50,2.13
2012.03.08 20:15:43.796,1.48393,1.48425,1.50,2.13
2012.03.08 20:15:43.866,1.48391,1.48425,1.50,2.13
2012.03.08 20:15:44.372,1.48391,1.48424,1.50,1.38
2012.03.08 20:15:45.281,1.4839,1.48425,3.00,3.63
2012.03.08 20:15:45.435,1.48388,1.48422,1.50,2.13
2012.03.08 20:15:45.502,1.48386,1.48422,1.50,2.13
2012.03.08 20:15:45.942,1.48388,1.48423,1.50,1.38
2012.03.08 20:15:46.525,1.48393,1.48425,1.50,2.13
2012.03.08 20:15:46.650,1.48399,1.48428,1.50,1.38
2012.03.08 20:15:46.844,1.48396,1.48428,3.00,1.38
2012.03.08 20:15:47.382,1.48393,1.48428,1.50,1.38
2012.03.08 20:15:47.986,1.48391,1.48427,1.50,2.13
2012.03.08 20:15:48.430,1.48393,1.48429,1.50,1.38
2012.03.08 20:15:49.190,1.48395,1.48433,1.50,3.63
2012.03.08 20:15:49.742,1.48393,1.48429,1.50,1.38
2012.03.08 20:15:50.296,1.48392,1.48429,1.50,1.38
2012.03.08 20:15:50.431,1.48396,1.48432,1.50,3.63
2012.03.08 20:15:50.870,1.48396,1.48432,2.25,2.13
2012.03.08 20:15:51.401,1.48398,1.48434,1.50,2.13
2012.03.08 20:15:52.034,1.48401,1.48428,1.50,1.38
2012.03.08 20:15:52.108,1.48399,1.48428,1.50,1.38
2012.03.08 20:15:52.668,1.48399,1.48434,1.50,2.88
2012.03.08 20:15:53.121,1.48396,1.48431,3.00,2.13
2012.03.08 20:15:53.653,1.48398,1.48433,1.50,2.13
2012.03.08 20:15:53.962,1.48399,1.48431,1.50,2.13
2012.03.08 20:15:54.211,1.48396,1.48431,1.50,2.13
2012.03.08 20:15:54.760,1.48396,1.48428,1.50,2.13
2012.03.08 20:15:56.012,1.48396,1.48428,1.50,2.13
2012.03.08 20:15:56.595,1.48396,1.48428,1.50,2.88
2012.03.08 20:15:56.805,1.48398,1.48428,1.50,2.88
2012.03.08 20:15:57.110,1.484,1.48428,1.50,1.38
2012.03.08 20:15:58.173,1.484,1.4843,1.50,2.13
2012.03.08 20:15:59.372,1.484,1.4843,1.50,2.13
2012.03.08 20:16:00.162,1.48398,1.48428,1.50,2.13
2012.03.08 20:16:01.069,1.48401,1.48429,1.50,2.88
2012.03.08 20:16:02.693,1.48404,1.48429,1.50,1.38
2012.03.08 20:16:02.924,1.48401,1.48429,3.00,1.38
2012.03.08 20:16:03.445,1.48401,1.48429,1.50,1.38
2012.03.08 20:16:04.404,1.48405,1.48429,1.50,1.38
2012.03.08 20:16:05.038,1.48407,1.48433,1.50,2.13
2012.03.08 20:16:05.174,1.48417,1.4844,1.50,2.88
2012.03.08 20:16:05.243,1.48413,1.4844,1.50,1.38
2012.03.08 20:16:05.432,1.48411,1.48439,1.50,2.25
2012.03.08 20:16:05.500,1.48411,1.48439,1.50,2.88
2012.03.08 20:16:06.430,1.48406,1.48438,1.50,2.13
2012.03.08 20:16:06.523,1.4841,1.48439,1.50,4.38
2012.03.08 20:16:07.825,1.48412,1.48434,1.50,1.38
2012.03.08 20:16:07.964,1.48429,1.48455,1.50,1.38
2012.03.08 20:16:08.034,1.48431,1.48455,1.50,1.38
2012.03.08 20:16:08.284,1.48428,1.48454,1.50,1.50
2012.03.08 20:16:08.353,1.48428,1.48458,1.50,2.13
2012.03.08 20:16:08.485,1.48433,1.4846,1.50,2.13
2012.03.08 20:16:08.861,1.48429,1.48458,1.50,2.13
2012.03.08 20:16:09.194,1.48432,1.48459,1.50,1.38
2012.03.08 20:16:09.702,1.48429,1.48459,1.50,1.38
2012.03.08 20:16:10.638,1.48429,1.48459,1.50,1.38
2012.03.08 20:16:11.102,1.48432,1.48459,1.50,1.38
2012.03.08 20:16:11.607,1.48431,1.48459,1.50,1.38
2012.03.08 20:16:11.903,1.48428,1.48455,1.50,1.38
2012.03.08 20:16:11.974,1.4843,1.48455,1.50,1.38
2012.03.08 20:16:12.046,1.48428,1.48456,1.50,1.38
2012.03.08 20:16:12.253,1.48427,1.48456,1.50,1.38
2012.03.08 20:16:13.271,1.48427,1.48455,1.50,1.38
2012.03.08 20:16:13.402,1.48425,1.48451,1.50,1.38
2012.03.08 20:16:13.470,1.48425,1.48451,1.50,1.38
2012.03.08 20:16:13.542,1.48428,1.48453,1.50,2.25
2012.03.08 20:16:14.089,1.48431,1.48455,1.50,1.38
2012.03.08 20:16:14.422,1.48427,1.48456,1.50,1.38
2012.03.08 20:16:14.490,1.48427,1.48456,1.50,1.38
2012.03.08 20:16:15.130,1.48427,1.48458,1.50,2.88
2012.03.08 20:16:16.442,1.48427,1.48456,1.50,1.38
2012.03.08 20:16:17.831,1.48431,1.48456,1.50,1.38
2012.03.08 20:16:18.440,1.48431,1.48456,1.50,1.38
2012.03.08 20:16:18.644,1.48427,1.48451,1.50,1.38
2012.03.08 20:16:19.420,1.48427,1.48453,1.50,2.88
2012.03.08 20:16:20.036,1.48427,1.48453,1.50,2.88
2012.03.08 20:16:21.233,1.48427,1.48453,1.50,2.88
2012.03.08 20:16:21.592,1.48427,1.48458,1.50,2.88
2012.03.08 20:16:21.662,1.48432,1.48458,1.50,2.88
2012.03.08 20:16:21.971,1.48436,1.48462,1.50,1.38
2012.03.08 20:16:22.281,1.48431,1.48458,1.50,1.38
2012.03.08 20:16:22.353,1.48431,1.4846,1.50,2.25
2012.03.08 20:16:22.907,1.48432,1.48462,1.50,2.25
2012.03.08 20:16:23.090,1.48432,1.48462,1.50,1.50
2012.03.08 20:16:23.163,1.48435,1.48463,1.50,1.38
2012.03.08 20:16:23.475,1.48435,1.48459,1.50,1.38
2012.03.08 20:16:23.602,1.48435,1.48461,1.50,1.38
2012.03.08 20:16:23.731,1.48436,1.48464,1.50,2.88
2012.03.08 20:16:23.801,1.4844,1.48464,1.50,2.88
2012.03.08 20:16:24.063,1.48441,1.48467,1.50,1.50
2012.03.08 20:16:24.620,1.48441,1.4847,1.50,1.38
2012.03.08 20:16:30.096,1.48441,1.48473,1.50,2.88
2012.03.08 20:16:30.157,1.48441,1.48473,1.50,2.88
2012.03.08 20:16:31.010,1.48441,1.48473,1.50,2.88
2012.03.08 20:16:31.536,1.48441,1.48473,1.50,2.88
2012.03.08 20:16:34.162,1.48441,1.48473,1.50,2.88
2012.03.08 20:16:35.107,1.4844,1.4847,1.50,2.13
2012.03.08 20:16:35.787,1.48439,1.4847,1.50,2.13
2012.03.08 20:16:35.859,1.48436,1.48468,1.50,2.13
2012.03.08 20:16:36.208,1.48443,1.48469,1.50,2.13
2012.03.08 20:16:37.161,1.4844,1.48469,1.50,1.38
2012.03.08 20:16:37.532,1.48439,1.4847,1.50,2.13
2012.03.08 20:16:37.990,1.48441,1.4847,1.50,2.13
2012.03.08 20:16:38.287,1.48443,1.48473,1.50,2.88
2012.03.08 20:16:38.839,1.48443,1.48473,1.50,2.88
2012.03.08 20:16:40.186,1.48443,1.4847,1.50,1.38
2012.03.08 20:16:41.030,1.4844,1.48469,1.50,2.88
2012.03.08 20:16:41.671,1.48441,1.48473,1.50,2.13
2012.03.08 20:16:42.267,1.48441,1.48469,1.50,1.38
2012.03.08 20:16:43.523,1.4844,1.48469,1.50,2.25
2012.03.08 20:16:44.249,1.48442,1.4847,1.50,1.38
2012.03.08 20:16:46.248,1.48442,1.48469,1.50,1.38
2012.03.08 20:16:46.525,1.4844,1.48469,1.50,2.25
2012.03.08 20:16:46.977,1.4844,1.48469,1.50,1.50
2012.03.08 20:16:49.641,1.48443,1.48473,1.50,2.88
2012.03.08 20:16:50.269,1.48443,1.4847,1.50,1.38
2012.03.08 20:16:51.303,1.48443,1.48473,1.50,2.13
2012.03.08 20:16:51.842,1.48443,1.48473,1.50,2.13
2012.03.08 20:16:52.707,1.48441,1.4847,1.50,2.13
2012.03.08 20:16:53.365,1.48441,1.4847,1.50,2.13
2012.03.08 20:16:54.432,1.48441,1.4847,1.50,2.88
2012.03.08 20:16:54.953,1.48441,1.4847,1.50,2.88
2012.03.08 20:16:55.087,1.48441,1.4847,1.50,2.88
2012.03.08 20:16:55.215,1.48437,1.48469,1.50,2.13
2012.03.08 20:16:55.892,1.48439,1.48469,1.50,2.13
2012.03.08 20:16:56.518,1.48438,1.48468,1.50,2.13
2012.03.08 20:16:57.077,1.48438,1.48468,1.50,2.13
2012.03.08 20:16:57.723,1.48438,1.48468,1.50,2.13
2012.03.08 20:16:59.399,1.48438,1.48468,1.50,2.88
2012.03.08 20:16:59.500,1.4844,1.48468,1.50,1.38
2012.03.08 20:17:01.211,1.4844,1.48472,1.50,2.13
2012.03.08 20:17:01.405,1.48438,1.48468,1.50,1.38
2012.03.08 20:17:01.477,1.48437,1.48469,1.50,1.50
2012.03.08 20:17:01.926,1.48437,1.48469,1.50,2.88
2012.03.08 20:17:02.453,1.48437,1.48469,2.25,2.13
2012.03.08 20:17:02.534,1.48439,1.48469,1.50,1.50
2012.03.08 20:17:02.871,1.48446,1.4847,1.50,1.38
2012.03.08 20:17:03.091,1.48435,1.48464,1.50,1.38
2012.03.08 20:17:03.165,1.48435,1.48464,1.50,1.38
2012.03.08 20:17:03.885,1.48427,1.48458,1.50,3.63
2012.03.08 20:17:04.439,1.48427,1.48456,1.50,1.38
2012.03.08 20:17:05.041,1.48427,1.48458,1.50,3.63
2012.03.08 20:17:05.118,1.48427,1.48459,1.50,4.88
2012.03.08 20:17:05.184,1.48427,1.48457,1.50,1.13
2012.03.08 20:17:05.261,1.48422,1.48454,1.50,2.25
2012.03.08 20:17:05.782,1.48423,1.48453,1.13,1.50
2012.03.08 20:17:05.886,1.48426,1.48458,1.50,2.25
2012.03.08 20:17:05.949,1.48426,1.48458,1.50,2.88
2012.03.08 20:17:06.081,1.48423,1.48455,1.88,2.13
2012.03.08 20:17:07.099,1.48429,1.48456,1.50,2.13
2012.03.08 20:17:07.843,1.48426,1.48456,1.50,2.13
2012.03.08 20:17:08.302,1.48426,1.48451,1.50,1.50
2012.03.08 20:17:08.650,1.48426,1.48454,1.50,1.38
2012.03.08 20:17:09.198,1.48426,1.48456,1.50,2.13
2012.03.08 20:17:09.386,1.48423,1.48454,1.50,2.88
2012.03.08 20:17:09.460,1.48423,1.48447,1.50,1.50
2012.03.08 20:17:10.031,1.48423,1.48454,1.50,1.50
2012.03.08 20:17:10.103,1.48426,1.48451,1.50,1.50
2012.03.08 20:17:10.424,1.48428,1.48451,1.50,1.50
2012.03.08 20:17:10.493,1.48428,1.48458,1.50,2.10
2012.03.08 20:17:10.565,1.48428,1.48458,1.50,1.50
2012.03.08 20:17:10.752,1.48431,1.48458,1.50,1.50
2012.03.08 20:17:10.943,1.48428,1.48458,1.50,1.50
2012.03.08 20:17:11.014,1.48432,1.48462,1.50,1.50
2012.03.08 20:17:11.324,1.48435,1.48464,1.50,1.38
2012.03.08 20:17:11.825,1.48435,1.48464,1.50,1.38
2012.03.08 20:17:12.135,1.48437,1.48467,1.50,2.25
2012.03.08 20:17:12.205,1.48434,1.48465,1.50,1.38
2012.03.08 20:17:12.273,1.48437,1.48465,1.50,1.38
2012.03.08 20:17:12.404,1.48437,1.48469,1.50,2.88
2012.03.08 20:17:12.534,1.4844,1.48469,1.50,1.38
2012.03.08 20:17:13.104,1.48439,1.48468,1.50,1.50
2012.03.08 20:17:13.787,1.48438,1.48468,1.50,1.50
2012.03.08 20:17:15.543,1.48438,1.48468,1.50,3.63
2012.03.08 20:17:15.613,1.48432,1.48464,1.50,2.13
2012.03.08 20:17:16.140,1.48432,1.48464,1.50,2.13
2012.03.08 20:17:16.969,1.4843,1.48461,1.50,1.50
2012.03.08 20:17:17.502,1.48434,1.48463,1.50,2.25
2012.03.08 20:17:26.272,1.48439,1.48466,1.50,1.50
2012.03.08 20:17:26.345,1.48439,1.4847,1.50,2.25
2012.03.08 20:17:27.212,1.48437,1.48466,1.50,1.50
2012.03.08 20:17:30.183,1.48437,1.48466,1.50,3.75
2012.03.08 20:17:30.317,1.48437,1.48466,1.50,1.50
2012.03.08 20:17:30.386,1.48437,1.48466,1.50,2.13
2012.03.08 20:17:30.573,1.48433,1.48462,1.50,1.50
2012.03.08 20:17:30.647,1.48436,1.48468,1.50,2.13
2012.03.08 20:17:30.713,1.48436,1.48468,1.50,1.88
2012.03.08 20:17:30.908,1.48434,1.48465,1.50,1.50
2012.03.08 20:17:31.223,1.48441,1.48471,3.00,2.13
2012.03.08 20:17:31.764,1.48448,1.48471,1.50,1.50
2012.03.08 20:17:31.838,1.4845,1.48479,1.50,2.88
2012.03.08 20:17:35.570,1.4845,1.48478,1.50,2.25
2012.03.08 20:17:35.651,1.48447,1.48476,1.50,1.50
2012.03.08 20:17:35.843,1.48449,1.4848,1.50,2.13
2012.03.08 20:17:38.056,1.48449,1.4848,1.50,2.88
2012.03.08 20:17:38.420,1.48446,1.48478,1.50,2.25
2012.03.08 20:17:38.923,1.48445,1.48474,1.50,1.50
2012.03.08 20:17:39.232,1.48445,1.48474,1.50,1.88
2012.03.08 20:17:39.423,1.48431,1.48462,3.00,1.50
2012.03.08 20:17:39.631,1.48434,1.48463,1.50,1.50
2012.03.08 20:17:40.162,1.48434,1.48464,1.50,3.00
2012.03.08 20:17:40.492,1.48432,1.48461,1.50,1.50
2012.03.08 20:17:48.816,1.48434,1.48464,1.50,3.00
2012.03.08 20:17:49.123,1.48437,1.48468,1.50,1.50
2012.03.08 20:17:50.102,1.48435,1.48466,1.50,1.50
2012.03.08 20:17:50.646,1.48434,1.48466,1.50,1.50
2012.03.08 20:17:53.421,1.48434,1.48466,1.50,2.25
2012.03.08 20:17:53.554,1.48434,1.48466,1.50,1.50
2012.03.08 20:17:53.622,1.48434,1.48466,1.50,2.25
2012.03.08 20:17:53.752,1.48434,1.48466,1.50,1.50
2012.03.08 20:17:58.311,1.48434,1.48466,1.50,2.13
2012.03.08 20:17:58.670,1.48433,1.48462,1.50,1.50
2012.03.08 20:18:00.941,1.48433,1.48462,1.50,1.88
2012.03.08 20:18:01.014,1.4843,1.4846,1.50,1.88
2012.03.08 20:18:01.082,1.48426,1.48457,1.50,1.88
2012.03.08 20:18:01.212,1.48424,1.48453,1.50,1.50
2012.03.08 20:18:01.893,1.48421,1.48451,1.50,1.50
2012.03.08 20:18:02.364,1.48424,1.48453,1.50,3.00
2012.03.08 20:18:05.684,1.48424,1.4845,1.50,1.50
2012.03.08 20:18:05.755,1.48417,1.48448,1.50,1.50
2012.03.08 20:18:05.941,1.48415,1.48445,1.50,1.50
2012.03.08 20:18:06.193,1.48411,1.48443,1.50,1.50
2012.03.08 20:18:06.952,1.48411,1.48443,1.50,1.88
2012.03.08 20:18:07.030,1.48414,1.48445,1.50,1.50
2012.03.08 20:18:08.655,1.48421,1.48453,1.50,2.88
2012.03.08 20:18:08.968,1.48426,1.48455,1.50,1.50
2012.03.08 20:18:09.097,1.48422,1.48454,1.50,1.50
2012.03.08 20:18:09.166,1.48425,1.48454,1.50,1.50
2012.03.08 20:18:09.236,1.48427,1.48458,1.50,2.25
2012.03.08 20:18:09.871,1.48428,1.48458,1.50,1.50
2012.03.08 20:18:09.941,1.4843,1.4846,1.50,1.50
2012.03.08 20:18:10.610,1.4843,1.48459,1.50,1.50
2012.03.08 20:18:10.685,1.48427,1.48458,1.50,1.50
2012.03.08 20:18:11.233,1.48426,1.48458,1.50,2.25
2012.03.08 20:18:11.362,1.48424,1.48454,1.50,2.25
2012.03.08 20:18:13.756,1.48424,1.48454,1.50,2.25
2012.03.08 20:18:17.732,1.48421,1.48451,1.50,1.50
2012.03.08 20:18:18.942,1.48423,1.48454,1.50,2.25
2012.03.08 20:18:19.506,1.48423,1.48454,1.50,1.50
2012.03.08 20:18:19.817,1.48426,1.48457,1.50,2.25
2012.03.08 20:18:19.943,1.48426,1.48457,1.50,1.50
2012.03.08 20:18:20.415,1.48426,1.48457,1.50,2.25
2012.03.08 20:18:20.566,1.48426,1.48457,1.50,1.50
2012.03.08 20:18:21.213,1.48424,1.48453,1.50,1.50
2012.03.08 20:18:21.564,1.48426,1.48457,1.50,1.50
2012.03.08 20:18:22.424,1.48425,1.48454,1.50,1.50
2012.03.08 20:18:22.758,1.48428,1.4846,1.50,2.88
2012.03.08 20:18:22.829,1.48431,1.48461,1.50,2.13
2012.03.08 20:18:23.335,1.48434,1.48463,1.50,2.13
2012.03.08 20:18:23.425,1.48431,1.48462,3.00,1.50
2012.03.08 20:18:23.501,1.48435,1.48464,1.50,2.25
2012.03.08 20:18:24.535,1.48432,1.48462,1.50,1.50
2012.03.08 20:18:24.792,1.48432,1.48462,1.50,2.25
2012.03.08 20:18:24.922,1.48427,1.48458,1.50,2.13
2012.03.08 20:18:25.113,1.48427,1.48459,1.50,1.50
2012.03.08 20:18:25.744,1.48428,1.48459,1.50,2.13
2012.03.08 20:18:25.820,1.48432,1.48461,1.50,1.50
2012.03.08 20:18:26.364,1.48432,1.48462,1.50,1.50
2012.03.08 20:18:27.165,1.48434,1.48465,1.50,2.13
2012.03.08 20:18:27.472,1.48438,1.48467,1.50,2.13
2012.03.08 20:18:27.664,1.48434,1.48466,1.50,2.13
2012.03.08 20:18:27.792,1.48437,1.48469,1.50,1.50
2012.03.08 20:18:29.047,1.48437,1.48469,1.50,1.88
2012.03.08 20:18:29.362,1.48437,1.48469,1.50,1.50
2012.03.08 20:18:29.618,1.48444,1.4847,1.50,2.13
2012.03.08 20:18:29.683,1.48445,1.48475,1.50,2.13
2012.03.08 20:18:30.203,1.48444,1.48475,1.50,2.13
2012.03.08 20:18:31.250,1.48449,1.4848,1.50,1.88
2012.03.08 20:18:31.332,1.48444,1.48475,3.00,2.13
2012.03.08 20:18:31.892,1.48443,1.48472,1.50,1.50
2012.03.08 20:18:32.206,1.48448,1.48476,1.50,2.13
2012.03.08 20:18:32.511,1.48454,1.48483,1.50,2.13
2012.03.08 20:18:33.141,1.48456,1.48485,1.50,2.13
2012.03.08 20:18:33.218,1.48457,1.48489,2.25,2.13
2012.03.08 20:18:33.797,1.48454,1.48485,1.50,2.13
2012.03.08 20:18:34.313,1.48454,1.48485,1.50,2.13
2012.03.08 20:18:35.520,1.48454,1.48483,1.50,1.50
2012.03.08 20:18:35.595,1.48445,1.48473,1.50,1.50
2012.03.08 20:18:35.914,1.48455,1.48484,1.50,1.50
2012.03.08 20:18:36.353,1.48457,1.48487,1.50,2.13
2012.03.08 20:18:36.666,1.48463,1.48492,1.50,2.13
2012.03.08 20:18:36.793,1.48463,1.48492,1.50,1.50
2012.03.08 20:18:36.865,1.48469,1.48498,1.50,1.50
2012.03.08 20:18:37.548,1.48463,1.48492,1.50,1.50
2012.03.08 20:18:37.958,1.48467,1.48495,1.50,1.50
2012.03.08 20:18:38.488,1.48467,1.48496,1.50,1.50
2012.03.08 20:18:38.935,1.48469,1.48499,1.50,2.13
2012.03.08 20:18:39.683,1.48469,1.485,1.50,2.13
2012.03.08 20:18:40.413,1.48467,1.48497,1.50,1.50
2012.03.08 20:18:40.664,1.48465,1.48494,1.50,1.50
2012.03.08 20:18:41.102,1.48466,1.48498,1.50,2.13
2012.03.08 20:18:41.556,1.48468,1.48498,1.50,2.13
2012.03.08 20:18:41.911,1.4847,1.48499,1.50,2.13
2012.03.08 20:18:42.707,1.48474,1.48504,1.50,2.13
2012.03.08 20:18:42.778,1.48474,1.48504,1.50,1.50
2012.03.08 20:18:43.547,1.48472,1.48501,2.25,1.50
2012.03.08 20:18:44.103,1.48471,1.48501,1.50,1.50
2012.03.08 20:18:44.599,1.48473,1.48503,1.50,2.25
2012.03.08 20:18:45.246,1.48474,1.48503,1.50,2.25
2012.03.08 20:18:46.504,1.48474,1.48503,1.50,2.25
2012.03.08 20:18:46.575,1.48464,1.48493,2.25,1.50
2012.03.08 20:18:46.645,1.48462,1.48493,1.50,1.50
2012.03.08 20:18:47.427,1.48462,1.48492,1.50,2.13
2012.03.08 20:18:49.823,1.48462,1.48491,1.50,1.50
2012.03.08 20:18:52.072,1.48468,1.48491,1.50,1.50
2012.03.08 20:18:52.147,1.48469,1.48498,1.50,1.50
2012.03.08 20:18:54.137,1.48469,1.48498,1.50,3.63
2012.03.08 20:18:54.202,1.48465,1.48497,1.50,2.13
2012.03.08 20:18:54.942,1.48461,1.48491,2.25,1.50
2012.03.08 20:18:55.321,1.48463,1.48494,1.50,1.50
2012.03.08 20:18:56.622,1.48466,1.48496,1.50,2.13
2012.03.08 20:18:56.974,1.48468,1.48498,1.50,2.13
2012.03.08 20:18:57.101,1.48468,1.48498,1.50,1.50
2012.03.08 20:18:57.170,1.48468,1.485,1.50,1.50
2012.03.08 20:18:57.374,1.48473,1.48501,1.50,1.50
2012.03.08 20:18:58.520,1.48473,1.48503,1.50,2.13
2012.03.08 20:18:58.832,1.48475,1.48504,1.50,2.13
2012.03.08 20:18:58.962,1.48478,1.48507,1.50,2.13
2012.03.08 20:18:59.170,1.48478,1.48509,1.50,2.13
2012.03.08 20:18:59.407,1.48476,1.48505,3.00,1.50
2012.03.08 20:18:59.474,1.48473,1.48503,3.00,1.50
2012.03.08 20:18:59.662,1.48471,1.485,1.50,1.50
2012.03.08 20:19:00.139,1.4847,1.485,1.50,1.50
2012.03.08 20:19:00.661,1.4847,1.48499,1.50,1.50
2012.03.08 20:19:02.380,1.48466,1.48497,1.50,1.50
2012.03.08 20:19:02.935,1.48464,1.48493,1.50,1.50
2012.03.08 20:19:03.463,1.48463,1.48492,1.50,1.50
2012.03.08 20:19:03.883,1.48465,1.48494,1.50,1.50
2012.03.08 20:19:04.510,1.48465,1.48495,1.50,1.50
2012.03.08 20:19:05.011,1.48466,1.48495,1.50,1.50
2012.03.08 20:19:05.148,1.4847,1.48501,1.50,2.13
2012.03.08 20:19:05.331,1.4847,1.48501,1.50,2.13
2012.03.08 20:19:05.401,1.4847,1.48501,1.50,2.13
2012.03.08 20:19:05.831,1.48473,1.48503,1.50,2.13
2012.03.08 20:19:06.433,1.48473,1.48503,1.50,2.13
2012.03.08 20:19:06.620,1.48468,1.48499,1.50,1.50
2012.03.08 20:19:07.492,1.48468,1.48498,1.50,1.50
2012.03.08 20:19:07.564,1.48468,1.48498,1.50,2.13
2012.03.08 20:19:07.634,1.48463,1.48494,1.50,1.50
2012.03.08 20:19:07.708,1.48462,1.48491,2.25,1.50
2012.03.08 20:19:07.772,1.48458,1.48489,1.50,1.50
2012.03.08 20:19:08.198,1.48462,1.48491,2.25,1.50
2012.03.08 20:19:08.564,1.48464,1.48494,1.50,1.50
2012.03.08 20:19:08.631,1.48464,1.48496,1.50,1.50
2012.03.08 20:19:10.610,1.48464,1.48496,1.50,1.88
2012.03.08 20:19:11.177,1.48464,1.48496,2.25,1.88
2012.03.08 20:19:11.818,1.48464,1.48496,2.25,1.88
2012.03.08 20:19:12.211,1.48464,1.48496,1.50,1.88
2012.03.08 20:19:12.817,1.48463,1.48492,1.50,1.50
2012.03.08 20:19:20.161,1.4846,1.48487,2.25,1.50
2012.03.08 20:19:20.231,1.4846,1.48487,1.50,1.50
2012.03.08 20:19:20.302,1.48458,1.48487,1.50,2.13
2012.03.08 20:19:20.434,1.48454,1.48485,1.50,1.50
2012.03.08 20:19:20.814,1.48452,1.48481,2.25,1.50
2012.03.08 20:19:21.236,1.48451,1.48478,2.25,1.50
2012.03.08 20:19:21.380,1.48451,1.48482,3.75,1.50
2012.03.08 20:19:22.686,1.48454,1.48485,1.50,1.50
2012.03.08 20:19:22.942,1.48454,1.48485,2.25,1.50
2012.03.08 20:19:23.446,1.48461,1.4849,1.50,2.13
2012.03.08 20:19:23.771,1.48463,1.48494,1.50,1.88
2012.03.08 20:19:23.965,1.48461,1.48491,2.25,1.50
2012.03.08 20:19:25.964,1.48461,1.48491,2.25,1.50
2012.03.08 20:19:26.037,1.48461,1.48491,2.25,1.50
2012.03.08 20:19:26.226,1.48462,1.48491,1.50,1.50
2012.03.08 20:19:26.734,1.48466,1.48497,1.50,1.50
2012.03.08 20:19:26.923,1.48472,1.48497,1.50,2.13
2012.03.08 20:19:27.232,1.48469,1.48483,1.50,1.50
2012.03.08 20:19:27.760,1.48462,1.48483,1.50,3.00
2012.03.08 20:19:27.897,1.48449,1.48481,1.50,1.50
2012.03.08 20:19:28.372,1.48454,1.48483,1.50,1.50
2012.03.08 20:19:29.219,1.48455,1.48487,1.50,1.50
2012.03.08 20:19:30.732,1.48455,1.48487,2.25,1.50
2012.03.08 20:19:30.808,1.4846,1.4849,1.50,2.13
2012.03.08 20:19:31.495,1.48459,1.48488,1.50,1.50
2012.03.08 20:19:32.064,1.48464,1.48488,1.50,1.50
2012.03.08 20:19:32.135,1.48465,1.48497,1.50,2.13
2012.03.08 20:19:32.204,1.48469,1.48498,1.50,2.13
2012.03.08 20:19:32.672,1.48466,1.48496,1.50,1.50
2012.03.08 20:19:33.882,1.48464,1.48494,1.50,1.50
2012.03.08 20:19:34.557,1.48466,1.48496,1.50,1.50
2012.03.08 20:19:35.215,1.48466,1.48497,2.25,1.50
2012.03.08 20:19:35.776,1.48466,1.48497,2.25,1.50
2012.03.08 20:19:35.907,1.48469,1.485,2.25,1.50
2012.03.08 20:19:37.591,1.48469,1.485,1.50,1.50
2012.03.08 20:19:38.164,1.48471,1.485,1.50,1.50
2012.03.08 20:19:38.233,1.48472,1.48504,1.50,2.13
2012.03.08 20:19:38.301,1.48476,1.48504,2.25,2.13
2012.03.08 20:19:38.492,1.48478,1.48508,1.50,1.50
2012.03.08 20:19:38.622,1.48481,1.48511,1.50,2.13
2012.03.08 20:19:38.942,1.48483,1.48514,1.50,2.13
2012.03.08 20:19:39.282,1.48482,1.48508,1.50,1.50
2012.03.08 20:19:39.351,1.48478,1.48508,1.50,1.50
2012.03.08 20:19:40.526,1.48476,1.48504,1.50,1.50
2012.03.08 20:19:40.593,1.48474,1.48504,3.00,1.50
2012.03.08 20:19:40.842,1.48474,1.48502,1.50,1.50
2012.03.08 20:19:40.914,1.4847,1.48502,1.50,1.50
2012.03.08 20:19:40.980,1.4847,1.48502,2.25,1.50
2012.03.08 20:19:41.051,1.48473,1.48504,1.50,1.50
2012.03.08 20:19:41.464,1.48477,1.48506,1.50,1.50
2012.03.08 20:19:42.571,1.4848,1.48509,1.50,3.00
2012.03.08 20:19:43.000,1.48482,1.48513,1.50,2.13
2012.03.08 20:19:44.203,1.4848,1.48509,1.50,1.50
2012.03.08 20:19:48.881,1.48477,1.48505,2.25,1.50
2012.03.08 20:19:49.190,1.48475,1.48503,2.25,1.50
2012.03.08 20:19:49.262,1.48475,1.48505,2.25,1.50
2012.03.08 20:19:53.223,1.48477,1.48508,2.25,1.50
2012.03.08 20:19:53.294,1.4848,1.4851,1.50,1.50
2012.03.08 20:19:53.763,1.48476,1.48508,2.25,1.50
2012.03.08 20:19:54.146,1.48481,1.48509,1.50,1.50
2012.03.08 20:19:54.326,1.48481,1.48512,1.50,2.13
2012.03.08 20:19:54.390,1.48481,1.4851,1.50,1.50
2012.03.08 20:19:54.776,1.48479,1.48508,1.50,1.50
2012.03.08 20:19:56.217,1.48479,1.48508,2.25,1.50
2012.03.08 20:19:56.405,1.48483,1.4851,1.50,1.50
2012.03.08 20:19:56.471,1.48483,1.48512,1.50,1.50
2012.03.08 20:19:57.083,1.48481,1.48511,2.25,1.50
2012.03.08 20:19:57.915,1.4848,1.48511,1.50,1.50
2012.03.08 20:19:57.988,1.4848,1.48511,2.25,1.50
2012.03.08 20:19:58.546,1.48483,1.48512,1.50,1.50
2012.03.08 20:19:58.612,1.48481,1.4851,2.25,1.50
2012.03.08 20:19:59.031,1.48483,1.48512,1.50,2.13
2012.03.08 20:20:05.500,1.48481,1.48511,2.25,1.50
2012.03.08 20:20:06.099,1.48482,1.48513,2.25,2.13
2012.03.08 20:20:07.116,1.48482,1.48513,2.25,2.13
2012.03.08 20:20:07.476,1.48482,1.48513,2.25,3.63
2012.03.08 20:20:07.907,1.48482,1.48513,2.25,2.13
2012.03.08 20:20:08.344,1.48482,1.48511,1.50,1.50
2012.03.08 20:20:08.881,1.48479,1.48509,3.75,1.50
2012.03.08 20:20:09.174,1.48479,1.48509,3.00,1.50
2012.03.08 20:20:09.423,1.48477,1.48506,3.00,1.50
2012.03.08 20:20:09.703,1.48477,1.48506,2.25,1.50
2012.03.08 20:20:09.952,1.48477,1.48506,3.00,1.50
2012.03.08 20:20:10.445,1.48478,1.4851,1.50,1.50
2012.03.08 20:20:10.935,1.48475,1.48504,2.25,1.50
2012.03.08 20:20:11.006,1.48475,1.48504,1.50,1.50
2012.03.08 20:20:11.195,1.48472,1.48502,1.50,1.50
2012.03.08 20:20:12.505,1.48475,1.48504,1.50,1.50
2012.03.08 20:20:13.558,1.48481,1.48509,1.50,1.38
2012.03.08 20:20:14.203,1.48474,1.48506,1.50,1.50
2012.03.08 20:20:15.974,1.48474,1.48506,1.50,2.25
2012.03.08 20:20:16.712,1.48474,1.48506,1.50,1.50
2012.03.08 20:20:17.572,1.48474,1.48501,1.50,2.13
2012.03.08 20:20:17.642,1.48471,1.48501,1.50,2.13
2012.03.08 20:20:18.306,1.48476,1.48501,1.50,2.13
2012.03.08 20:20:18.375,1.48479,1.48509,1.50,3.63
2012.03.08 20:20:18.711,1.48476,1.48507,1.50,1.50
2012.03.08 20:20:19.254,1.48475,1.48507,1.50,1.50
2012.03.08 20:20:20.045,1.48475,1.48504,1.50,1.50
2012.03.08 20:20:20.112,1.48472,1.48503,1.50,1.50
2012.03.08 20:20:20.363,1.48476,1.48505,1.50,1.50
2012.03.08 20:20:20.785,1.48472,1.48502,1.50,1.50
2012.03.08 20:20:20.855,1.4847,1.485,3.00,1.50
2012.03.08 20:20:21.626,1.4847,1.485,1.50,1.50
2012.03.08 20:20:21.942,1.48475,1.48505,1.50,1.50
2012.03.08 20:20:22.284,1.48475,1.48502,1.50,1.50
2012.03.08 20:20:22.354,1.4847,1.485,1.50,1.50
2012.03.08 20:20:22.735,1.48467,1.48496,2.25,1.50
2012.03.08 20:20:22.928,1.48466,1.48496,2.25,1.50
2012.03.08 20:20:23.477,1.48463,1.48494,2.25,1.50
2012.03.08 20:20:23.636,1.48468,1.48495,1.50,1.50
2012.03.08 20:20:23.763,1.48471,1.485,1.50,2.13
2012.03.08 20:20:24.013,1.48473,1.48504,1.50,3.63
2012.03.08 20:20:24.200,1.48473,1.48504,1.50,3.63
2012.03.08 20:20:24.339,1.48471,1.48501,3.00,1.50
2012.03.08 20:20:24.861,1.48468,1.48499,3.00,1.50
2012.03.08 20:20:25.074,1.48466,1.48494,1.50,3.00
2012.03.08 20:20:25.202,1.48464,1.48494,1.50,3.00
2012.03.08 20:20:25.458,1.48464,1.48494,1.50,4.65
2012.03.08 20:20:25.765,1.48462,1.48486,1.50,2.13
2012.03.08 20:20:26.244,1.48462,1.48491,1.50,2.13
2012.03.08 20:20:26.322,1.48465,1.48494,1.50,2.13
2012.03.08 20:20:26.394,1.48461,1.48492,2.25,1.50
2012.03.08 20:20:29.518,1.48461,1.48492,1.50,2.13
2012.03.08 20:20:30.105,1.48461,1.48492,1.50,1.50
2012.03.08 20:20:33.657,1.48468,1.48499,1.50,2.25
2012.03.08 20:20:34.201,1.48469,1.48499,1.50,1.50
2012.03.08 20:20:34.715,1.48472,1.48501,1.50,1.50
2012.03.08 20:20:35.356,1.48471,1.48502,1.50,1.50
2012.03.08 20:20:37.065,1.48471,1.48502,2.25,1.50
2012.03.08 20:20:37.631,1.48474,1.48504,1.50,1.88
2012.03.08 20:20:39.042,1.48474,1.48503,1.50,1.50
2012.03.08 20:20:39.355,1.48472,1.48501,1.50,1.50
2012.03.08 20:20:39.918,1.48472,1.48501,2.25,1.50
2012.03.08 20:20:40.257,1.48474,1.48503,2.25,1.50
2012.03.08 20:20:41.620,1.48474,1.48505,2.25,1.50
2012.03.08 20:20:45.491,1.48474,1.48505,2.25,1.88
2012.03.08 20:20:46.020,1.48474,1.48505,2.25,1.88
2012.03.08 20:20:46.762,1.48474,1.48505,2.25,1.50
2012.03.08 20:20:49.343,1.48476,1.48506,2.25,1.50
2012.03.08 20:20:50.066,1.48476,1.48508,2.25,3.63
2012.03.08 20:20:50.521,1.48475,1.48504,2.25,1.50
2012.03.08 20:20:51.444,1.48475,1.48504,2.25,1.50
2012.03.08 20:20:51.512,1.48481,1.48507,1.50,1.50
2012.03.08 20:20:51.707,1.48487,1.48517,1.50,1.88
2012.03.08 20:20:51.892,1.48485,1.48512,1.50,1.50
2012.03.08 20:20:51.964,1.48481,1.48512,1.50,1.50
2012.03.08 20:20:54.154,1.48481,1.48512,2.25,1.50
2012.03.08 20:20:54.584,1.48481,1.4851,1.50,1.50
2012.03.08 20:20:54.900,1.48479,1.48508,1.50,1.50
2012.03.08 20:20:56.012,1.48479,1.48508,2.25,1.50
2012.03.08 20:20:56.203,1.48486,1.48515,1.50,1.50
2012.03.08 20:20:56.866,1.48483,1.48517,2.25,1.50
2012.03.08 20:20:57.610,1.48486,1.48516,1.50,1.50
2012.03.08 20:21:07.293,1.48483,1.48511,2.25,1.50
2012.03.08 20:21:07.363,1.48485,1.48514,2.25,1.50
2012.03.08 20:21:07.930,1.48485,1.48514,2.25,1.50
2012.03.08 20:21:11.716,1.48487,1.48516,2.25,1.50
2012.03.08 20:21:11.901,1.48484,1.48515,1.50,1.50
2012.03.08 20:21:12.031,1.48482,1.48512,1.50,1.50
2012.03.08 20:21:15.551,1.48482,1.48512,3.75,1.50
2012.03.08 20:21:15.623,1.48485,1.48515,2.25,1.50
2012.03.08 20:21:16.391,1.48483,1.48512,2.25,1.50
2012.03.08 20:21:16.911,1.48485,1.48515,2.25,1.50
2012.03.08 20:21:17.526,1.48485,1.48516,2.25,2.13
2012.03.08 20:21:17.598,1.48484,1.48513,2.25,1.50
2012.03.08 20:21:20.170,1.48484,1.48513,1.50,1.50
2012.03.08 20:21:20.300,1.48486,1.48514,1.50,1.50
2012.03.08 20:21:20.372,1.48487,1.48518,1.50,2.13
2012.03.08 20:21:22.212,1.48487,1.48518,1.50,2.13
2012.03.08 20:21:22.980,1.48487,1.48518,1.50,2.13
2012.03.08 20:21:23.056,1.48487,1.48518,1.50,1.88
2012.03.08 20:21:23.244,1.48487,1.48516,1.50,1.50
2012.03.08 20:21:23.313,1.48484,1.48514,1.50,1.50
2012.03.08 20:21:23.711,1.48487,1.48518,1.50,1.88
2012.03.08 20:21:23.841,1.48485,1.48514,1.50,1.50
2012.03.08 20:21:23.970,1.48484,1.48516,1.50,1.50
2012.03.08 20:21:25.064,1.48484,1.48516,2.25,1.50
2012.03.08 20:21:27.672,1.48484,1.48516,2.25,1.50
2012.03.08 20:21:27.933,1.48483,1.48512,3.75,1.50
2012.03.08 20:21:28.120,1.48486,1.48515,1.50,1.50
2012.03.08 20:21:28.444,1.48488,1.48518,1.50,1.88
2012.03.08 20:21:28.704,1.48491,1.48521,1.50,1.88
2012.03.08 20:21:29.102,1.48488,1.48518,3.00,1.88
2012.03.08 20:21:29.790,1.48488,1.48518,1.50,1.88
2012.03.08 20:21:31.136,1.48488,1.48518,1.50,1.88
2012.03.08 20:21:31.712,1.48488,1.48515,1.50,1.50
2012.03.08 20:21:32.044,1.48486,1.48514,1.50,1.38
2012.03.08 20:21:32.566,1.4848,1.48509,1.50,1.88
2012.03.08 20:21:32.639,1.48478,1.48505,1.50,1.50
2012.03.08 20:21:32.705,1.48474,1.48505,1.50,1.50
2012.03.08 20:21:32.841,1.48477,1.48507,1.50,1.50
2012.03.08 20:21:33.332,1.48484,1.48513,1.50,2.13
2012.03.08 20:21:33.461,1.48486,1.48516,1.50,2.13
2012.03.08 20:21:33.653,1.48484,1.48514,1.50,1.50
2012.03.08 20:21:33.901,1.48481,1.48512,1.50,1.50
2012.03.08 20:21:35.792,1.48483,1.48512,1.50,2.13
2012.03.08 20:21:36.111,1.48485,1.48514,1.50,2.13
2012.03.08 20:21:36.453,1.48478,1.48509,1.50,1.50
2012.03.08 20:21:37.112,1.48476,1.48506,2.25,1.50
2012.03.08 20:21:38.120,1.48476,1.48506,1.50,1.50
2012.03.08 20:21:38.626,1.48476,1.48506,2.25,1.88
2012.03.08 20:21:38.875,1.48474,1.48504,1.50,1.88
2012.03.08 20:21:39.548,1.48475,1.48507,1.50,2.13
2012.03.08 20:21:41.154,1.48475,1.48507,1.50,2.13
2012.03.08 20:21:41.283,1.48475,1.48507,2.25,2.13
2012.03.08 20:21:41.415,1.48475,1.48507,1.50,1.50
2012.03.08 20:21:41.544,1.48483,1.48513,1.50,1.38
2012.03.08 20:21:41.995,1.48477,1.48509,1.50,1.50
2012.03.08 20:21:42.502,1.48477,1.48509,1.50,2.13
2012.03.08 20:21:42.703,1.48472,1.48502,2.25,1.50
2012.03.08 20:21:42.772,1.48472,1.48502,2.25,1.50
2012.03.08 20:21:43.175,1.4848,1.48511,1.50,2.13
2012.03.08 20:21:44.332,1.4848,1.48511,1.50,2.13
2012.03.08 20:21:45.701,1.4848,1.48511,1.50,2.13
2012.03.08 20:21:48.832,1.48481,1.48511,1.50,1.50
2012.03.08 20:21:49.141,1.48484,1.48511,1.50,1.50
2012.03.08 20:21:49.393,1.48484,1.48515,3.00,1.50
2012.03.08 20:21:49.935,1.48484,1.48513,3.00,1.50
2012.03.08 20:21:50.261,1.48484,1.48511,2.25,1.50
2012.03.08 20:21:50.602,1.48482,1.48511,1.50,1.50
2012.03.08 20:21:57.642,1.48482,1.48511,1.50,1.88
2012.03.08 20:21:58.358,1.48487,1.48517,1.50,2.13
2012.03.08 20:21:58.423,1.48487,1.48517,1.50,2.13
2012.03.08 20:21:58.753,1.48485,1.48515,1.50,1.50
2012.03.08 20:21:58.822,1.48483,1.48515,1.50,1.50
2012.03.08 20:22:02.704,1.48483,1.48515,2.25,1.50
2012.03.08 20:22:03.266,1.48487,1.48516,1.50,1.50
2012.03.08 20:22:03.966,1.48488,1.48517,2.25,1.50
2012.03.08 20:22:09.473,1.48488,1.48517,1.50,1.88
2012.03.08 20:22:09.546,1.48486,1.48514,3.00,1.50
2012.03.08 20:22:09.916,1.48486,1.48512,1.50,1.50
2012.03.08 20:22:10.041,1.48486,1.48514,1.50,1.50
2012.03.08 20:22:10.112,1.48491,1.48517,1.50,1.50
2012.03.08 20:22:10.180,1.48491,1.48522,1.50,1.50
2012.03.08 20:22:10.251,1.48489,1.48518,3.00,1.50
2012.03.08 20:22:10.882,1.4849,1.48521,2.25,1.50
2012.03.08 20:22:12.625,1.4849,1.48521,2.25,1.50
2012.03.08 20:22:15.263,1.48496,1.48524,2.25,1.50
2012.03.08 20:22:16.022,1.48496,1.48525,1.50,3.00
2012.03.08 20:22:16.095,1.48492,1.48524,1.50,1.50
2012.03.08 20:22:17.185,1.48492,1.48524,2.25,1.50
2012.03.08 20:22:19.565,1.48496,1.48527,2.25,2.13
2012.03.08 20:22:20.122,1.48493,1.48525,2.25,1.50
2012.03.08 20:22:20.452,1.48493,1.48525,2.25,2.13
2012.03.08 20:22:20.933,1.48489,1.4852,2.25,1.88
2012.03.08 20:22:22.169,1.48489,1.4852,2.25,1.50
2012.03.08 20:22:26.146,1.48489,1.4852,2.25,1.50
2012.03.08 20:22:37.540,1.48494,1.48523,1.50,2.13
2012.03.08 20:22:38.204,1.48497,1.48528,1.50,2.13
2012.03.08 20:22:38.391,1.48495,1.48525,1.50,1.50
2012.03.08 20:22:39.083,1.48493,1.48522,2.25,1.50
2012.03.08 20:22:40.366,1.48493,1.4852,1.50,1.50
2012.03.08 20:22:40.434,1.48491,1.48519,1.50,1.50
2012.03.08 20:22:40.871,1.48488,1.48519,1.84,1.50
2012.03.08 20:22:40.949,1.48493,1.48522,1.50,1.50
2012.03.08 20:22:41.154,1.48489,1.4852,1.50,2.25
2012.03.08 20:22:41.343,1.48489,1.48519,1.50,2.63
2012.03.08 20:22:41.412,1.48487,1.48517,1.50,1.88
2012.03.08 20:22:41.613,1.48489,1.48518,1.50,1.50
2012.03.08 20:22:41.801,1.48487,1.48517,1.50,1.50
2012.03.08 20:22:41.873,1.48484,1.48516,1.50,1.50
2012.03.08 20:22:42.723,1.48484,1.48513,1.50,1.50
2012.03.08 20:22:42.791,1.48481,1.48512,1.50,1.50
2012.03.08 20:22:43.253,1.48483,1.48512,1.50,1.50
2012.03.08 20:22:43.322,1.48485,1.48515,1.50,1.50
2012.03.08 20:22:43.690,1.48487,1.48519,1.50,2.88
2012.03.08 20:22:44.464,1.48485,1.48515,1.50,1.50
2012.03.08 20:22:44.532,1.48479,1.4851,1.50,1.50
2012.03.08 20:22:44.913,1.48482,1.48512,1.50,1.50
2012.03.08 20:22:49.641,1.48485,1.48515,1.50,1.50
2012.03.08 20:22:49.952,1.48477,1.48508,1.50,4.38
2012.03.08 20:22:53.303,1.48477,1.48508,1.50,4.38
2012.03.08 20:22:53.551,1.48481,1.48508,1.50,2.25
2012.03.08 20:22:54.153,1.48479,1.48508,3.00,4.38
2012.03.08 20:22:55.716,1.48479,1.48508,1.50,1.88
2012.03.08 20:22:55.856,1.48481,1.48511,1.50,1.50
2012.03.08 20:22:56.380,1.48481,1.48512,1.50,2.13
2012.03.08 20:22:56.894,1.48487,1.48516,1.50,2.13
2012.03.08 20:22:57.083,1.4849,1.48516,1.50,1.50
2012.03.08 20:22:57.220,1.4849,1.4852,1.50,2.13
2012.03.08 20:22:57.853,1.48487,1.48518,1.50,1.50
2012.03.08 20:22:58.100,1.48487,1.48518,1.50,2.13
2012.03.08 20:22:58.692,1.48487,1.48516,1.50,2.13
2012.03.08 20:22:58.770,1.48478,1.48507,1.50,1.50
2012.03.08 20:22:58.968,1.48475,1.48505,1.50,1.50
2012.03.08 20:22:59.094,1.48476,1.48507,1.50,2.13
2012.03.08 20:22:59.341,1.4848,1.48507,1.50,1.50
2012.03.08 20:22:59.413,1.48483,1.48512,1.50,1.50
2012.03.08 20:23:07.815,1.48483,1.4851,1.50,1.50
2012.03.08 20:23:07.880,1.48478,1.48507,1.50,1.50
2012.03.08 20:23:10.571,1.48482,1.48507,1.50,1.50
2012.03.08 20:23:10.980,1.48483,1.48514,1.50,1.50
2012.03.08 20:23:11.052,1.48481,1.4851,1.50,1.50
2012.03.08 20:23:14.542,1.48483,1.48515,1.50,1.50
2012.03.08 20:23:14.862,1.48485,1.48515,1.50,1.50
2012.03.08 20:23:15.002,1.48483,1.48515,1.50,1.50
2012.03.08 20:23:17.293,1.48482,1.48511,1.50,1.50
2012.03.08 20:23:17.705,1.48484,1.48515,1.50,1.50
2012.03.08 20:23:18.196,1.48488,1.48517,1.50,2.13
2012.03.08 20:23:18.866,1.48485,1.48515,1.50,1.50
2012.03.08 20:23:18.930,1.48483,1.48515,1.50,1.50
2012.03.08 20:23:22.113,1.48493,1.48517,1.50,1.50
2012.03.08 20:23:22.191,1.48497,1.48527,1.50,1.50
2012.03.08 20:23:22.348,1.48497,1.48524,1.50,1.50
2012.03.08 20:23:22.654,1.48497,1.48526,1.50,2.13
2012.03.08 20:23:22.722,1.48497,1.48526,1.50,2.13
2012.03.08 20:23:25.264,1.48497,1.48526,1.50,2.13
2012.03.08 20:23:25.336,1.48494,1.48522,1.50,1.50
2012.03.08 20:23:25.915,1.48493,1.48522,1.50,3.75
2012.03.08 20:23:25.992,1.48483,1.48514,1.50,3.63
2012.03.08 20:23:26.123,1.48485,1.48515,1.50,1.50
2012.03.08 20:23:26.193,1.48485,1.48517,1.50,2.13
2012.03.08 20:23:26.322,1.48485,1.48515,1.50,1.50
2012.03.08 20:23:26.673,1.48483,1.48513,1.50,2.13
2012.03.08 20:23:26.742,1.4848,1.48511,1.50,1.50
2012.03.08 20:23:27.137,1.48479,1.48511,1.50,2.13
2012.03.08 20:23:27.322,1.48482,1.48514,1.50,1.50
2012.03.08 20:23:27.743,1.48482,1.48514,1.50,2.13
2012.03.08 20:23:28.376,1.48481,1.4851,1.50,1.88
2012.03.08 20:23:28.442,1.48476,1.48508,1.50,1.88
2012.03.08 20:23:28.572,1.48473,1.48505,1.50,1.50
2012.03.08 20:23:28.941,1.48477,1.48508,1.50,2.13
2012.03.08 20:23:30.092,1.48477,1.48508,1.50,2.13
2012.03.08 20:23:30.451,1.48479,1.48511,1.50,1.50
2012.03.08 20:23:31.143,1.48479,1.48511,1.50,1.88
2012.03.08 20:23:33.221,1.48479,1.48511,1.50,1.88
2012.03.08 20:23:33.351,1.48477,1.48508,1.50,1.88
2012.03.08 20:23:33.894,1.48477,1.48508,1.50,1.88
2012.03.08 20:23:34.711,1.48478,1.48508,1.50,1.50
2012.03.08 20:23:34.793,1.48481,1.4851,1.50,1.50
2012.03.08 20:23:40.631,1.48484,1.48513,1.50,1.50
2012.03.08 20:23:40.821,1.48484,1.48515,1.50,1.50
2012.03.08 20:23:42.010,1.48473,1.48504,1.50,2.13
2012.03.08 20:23:42.495,1.48477,1.48506,1.50,2.13
2012.03.08 20:23:42.830,1.4848,1.48506,1.50,2.13
2012.03.08 20:23:42.901,1.4848,1.48512,1.50,2.13
2012.03.08 20:23:43.111,1.48478,1.48507,1.50,1.50
2012.03.08 20:23:43.483,1.48477,1.48507,1.50,3.63
2012.03.08 20:23:43.802,1.48483,1.48512,1.50,2.13
2012.03.08 20:23:43.873,1.48483,1.48512,1.50,1.50
2012.03.08 20:23:44.002,1.48486,1.48515,1.50,2.13
2012.03.08 20:23:44.363,1.48483,1.48513,1.50,1.50
2012.03.08 20:23:46.961,1.48481,1.48513,2.25,1.50
2012.03.08 20:23:47.092,1.48489,1.48519,1.50,2.13
2012.03.08 20:23:47.285,1.48489,1.48519,1.50,2.13
2012.03.08 20:23:48.113,1.48489,1.48519,1.50,2.13
2012.03.08 20:23:48.777,1.48489,1.48519,1.50,2.88
2012.03.08 20:23:49.333,1.48491,1.48519,1.50,2.13
2012.03.08 20:23:49.905,1.48493,1.48525,1.50,2.13
2012.03.08 20:23:49.980,1.48488,1.4852,1.50,2.13
2012.03.08 20:23:50.794,1.48489,1.4852,1.50,2.13
2012.03.08 20:23:50.865,1.48491,1.48523,1.50,1.88
2012.03.08 20:23:51.380,1.48491,1.48523,2.25,2.13
2012.03.08 20:23:51.693,1.48497,1.48528,1.50,1.88
2012.03.08 20:23:52.076,1.48495,1.48522,1.50,1.88
2012.03.08 20:23:52.145,1.48492,1.48522,3.00,1.50
2012.03.08 20:23:52.331,1.48492,1.48522,3.75,1.50
2012.03.08 20:23:52.818,1.48492,1.48522,1.50,1.50
2012.03.08 20:23:52.888,1.4849,1.48522,1.50,1.50
2012.03.08 20:23:53.251,1.48494,1.48523,1.50,1.88
2012.03.08 20:23:53.383,1.4849,1.48522,1.50,1.88
2012.03.08 20:23:55.350,1.4849,1.48522,1.50,1.88
2012.03.08 20:23:58.552,1.4849,1.48522,1.50,2.13
2012.03.08 20:23:59.031,1.48489,1.48518,1.50,1.50
2012.03.08 20:24:00.034,1.48485,1.48515,1.50,1.50
2012.03.08 20:24:00.363,1.48487,1.48518,1.50,1.50
2012.03.08 20:24:00.903,1.48485,1.48515,1.50,1.50
2012.03.08 20:24:01.316,1.4848,1.48511,2.25,1.50
2012.03.08 20:24:01.444,1.48484,1.48516,1.50,1.50
2012.03.08 20:24:01.511,1.48488,1.48517,1.50,2.13
2012.03.08 20:24:02.961,1.48484,1.48516,2.25,1.50
2012.03.08 20:24:03.922,1.48484,1.48516,1.50,1.50
2012.03.08 20:24:04.053,1.48484,1.48516,1.50,2.13
2012.03.08 20:24:04.302,1.48479,1.48508,1.50,1.50
2012.03.08 20:24:04.713,1.48482,1.48513,1.50,3.63
2012.03.08 20:24:04.941,1.48479,1.4851,1.50,2.13
2012.03.08 20:24:05.202,1.48479,1.4851,2.25,2.13
2012.03.08 20:24:05.393,1.48483,1.48515,1.50,1.50
2012.03.08 20:24:06.022,1.48479,1.4851,3.00,1.50
2012.03.08 20:24:06.092,1.48479,1.4851,2.25,1.50
2012.03.08 20:24:06.619,1.4848,1.4851,1.50,1.50
2012.03.08 20:24:08.184,1.48479,1.4851,2.25,1.50
2012.03.08 20:24:08.805,1.4848,1.48511,1.50,1.50
2012.03.08 20:24:10.413,1.48479,1.48511,2.25,1.50
2012.03.08 20:24:12.098,1.48479,1.48511,2.25,1.50
2012.03.08 20:24:12.161,1.48478,1.48508,2.25,1.50
2012.03.08 20:24:13.391,1.48478,1.48508,2.25,1.50
2012.03.08 20:24:14.231,1.4848,1.48508,1.50,1.50
2012.03.08 20:24:14.364,1.48486,1.48512,2.25,1.50
2012.03.08 20:24:14.435,1.48488,1.48517,1.50,1.50
2012.03.08 20:24:14.871,1.48486,1.48513,1.50,1.50
2012.03.08 20:24:14.944,1.48482,1.4851,1.50,1.50
2012.03.08 20:24:15.013,1.48479,1.4851,2.25,1.50
2012.03.08 20:24:15.082,1.48479,1.4851,3.00,1.50
2012.03.08 20:24:15.463,1.48481,1.48513,2.25,1.50
2012.03.08 20:24:21.764,1.48481,1.48513,3.75,1.50
2012.03.08 20:24:21.964,1.48484,1.48513,1.50,1.50
2012.03.08 20:24:22.511,1.4849,1.48519,2.25,1.50
2012.03.08 20:24:22.654,1.48493,1.48522,1.50,1.88
2012.03.08 20:24:23.482,1.48493,1.48522,1.50,1.88
2012.03.08 20:24:23.743,1.48493,1.48518,1.50,1.50
2012.03.08 20:24:23.815,1.48486,1.48517,1.50,1.50
2012.03.08 20:24:24.365,1.48487,1.48517,1.50,1.50
2012.03.08 20:24:24.433,1.48488,1.4852,1.50,1.50
2012.03.08 20:24:24.702,1.48487,1.48516,1.50,1.50
2012.03.08 20:24:26.109,1.48485,1.48514,1.50,1.50
2012.03.08 20:24:26.236,1.48481,1.48511,1.50,1.50
2012.03.08 20:24:26.592,1.48483,1.48512,1.50,3.00
2012.03.08 20:24:26.845,1.48485,1.48515,1.50,1.50
2012.03.08 20:24:27.414,1.48485,1.48516,1.50,1.50
2012.03.08 20:24:29.234,1.48481,1.48511,2.25,1.50
2012.03.08 20:24:29.543,1.48475,1.48504,2.25,1.50
2012.03.08 20:24:29.911,1.48472,1.48502,1.50,1.50
2012.03.08 20:24:30.174,1.48474,1.48503,1.50,1.50
2012.03.08 20:24:30.812,1.48477,1.48507,1.50,1.50
2012.03.08 20:24:30.882,1.48475,1.48506,1.50,1.50
2012.03.08 20:24:31.627,1.48474,1.48506,1.50,1.50
2012.03.08 20:24:34.376,1.48472,1.48501,1.50,1.50
2012.03.08 20:24:34.974,1.48476,1.48506,1.50,1.50
2012.03.08 20:24:35.136,1.48479,1.48508,1.50,3.00
2012.03.08 20:24:35.658,1.48474,1.48503,1.50,1.50
2012.03.08 20:24:36.183,1.48476,1.48508,1.50,2.13
2012.03.08 20:24:37.951,1.48476,1.48508,1.50,2.13
2012.03.08 20:24:38.084,1.48472,1.48504,1.50,1.50
2012.03.08 20:24:38.656,1.48472,1.48504,1.50,3.63
2012.03.08 20:24:39.121,1.48476,1.48504,1.50,2.13
2012.03.08 20:24:40.473,1.48476,1.48504,1.50,2.13
2012.03.08 20:24:41.009,1.48476,1.48506,1.50,1.50
2012.03.08 20:24:41.078,1.48478,1.48509,1.50,2.13
2012.03.08 20:24:48.715,1.48478,1.48508,1.50,1.13
2012.03.08 20:24:48.906,1.48474,1.48503,1.50,3.63
2012.03.08 20:24:49.143,1.48474,1.485,1.50,1.50
2012.03.08 20:24:49.646,1.48474,1.48503,3.00,3.63
2012.03.08 20:24:49.990,1.48476,1.48503,1.50,2.13
2012.03.08 20:24:50.673,1.48474,1.48503,1.50,2.13
2012.03.08 20:24:51.319,1.48474,1.48503,1.50,2.13
2012.03.08 20:24:52.521,1.48474,1.48503,1.50,2.13
2012.03.08 20:24:53.062,1.48474,1.48503,1.50,2.13
2012.03.08 20:24:53.736,1.48474,1.48503,1.50,2.13
2012.03.08 20:24:54.385,1.48474,1.48503,2.25,2.13
2012.03.08 20:24:54.692,1.48476,1.48507,2.25,2.13
2012.03.08 20:24:55.801,1.48476,1.48507,2.25,2.13
2012.03.08 20:24:57.373,1.48476,1.48507,1.50,2.13
2012.03.08 20:24:57.996,1.48476,1.48507,2.25,2.13
2012.03.08 20:25:00.140,1.48476,1.48507,1.50,2.13
2012.03.08 20:25:01.447,1.48474,1.48504,1.50,1.50
2012.03.08 20:25:01.801,1.48476,1.48504,2.25,1.50
2012.03.08 20:25:02.366,1.48478,1.48508,1.50,2.13
2012.03.08 20:25:02.983,1.48478,1.48508,1.50,2.13
2012.03.08 20:25:04.871,1.48478,1.48508,1.50,3.63
2012.03.08 20:25:05.351,1.48481,1.48508,1.50,2.13
2012.03.08 20:25:05.757,1.48481,1.48508,1.50,1.50
2012.03.08 20:25:06.276,1.48481,1.48511,1.50,3.63
2012.03.08 20:25:06.982,1.48478,1.48509,1.50,2.13
2012.03.08 20:25:07.784,1.48478,1.48509,1.50,2.13
2012.03.08 20:25:08.234,1.4848,1.48509,1.50,2.13
2012.03.08 20:25:08.784,1.48481,1.48512,1.50,2.13
2012.03.08 20:25:08.932,1.48481,1.48512,1.50,1.50
2012.03.08 20:25:09.151,1.48484,1.48515,1.50,1.50
2012.03.08 20:25:09.481,1.48481,1.48512,1.50,1.50
2012.03.08 20:25:12.288,1.48479,1.48508,2.25,1.50
2012.03.08 20:25:12.656,1.4848,1.48512,2.25,1.50
2012.03.08 20:25:12.722,1.48484,1.48514,1.50,2.13
2012.03.08 20:25:12.911,1.48486,1.48517,1.50,2.13
2012.03.08 20:25:12.982,1.4849,1.48517,1.50,2.13
2012.03.08 20:25:13.212,1.48487,1.48517,1.50,2.13
2012.03.08 20:25:14.178,1.48486,1.48515,1.50,1.50
2012.03.08 20:25:14.306,1.48484,1.48515,1.50,2.13
2012.03.08 20:25:14.432,1.48483,1.48512,1.50,1.50
2012.03.08 20:25:14.502,1.48481,1.48512,1.50,1.50
2012.03.08 20:25:15.099,1.48486,1.48515,1.50,1.50
2012.03.08 20:25:18.863,1.48486,1.48514,1.50,1.50
2012.03.08 20:25:18.933,1.48483,1.48512,1.50,1.50
2012.03.08 20:25:19.455,1.48479,1.48511,1.50,1.50
2012.03.08 20:25:20.642,1.48479,1.48511,1.50,3.63
2012.03.08 20:25:21.577,1.48479,1.48511,1.50,3.63
2012.03.08 20:25:22.145,1.4848,1.48511,1.50,3.63
2012.03.08 20:25:22.608,1.48482,1.48511,1.50,2.13
2012.03.08 20:25:23.354,1.4848,1.4851,1.50,2.13
2012.03.08 20:25:23.887,1.4848,1.4851,1.50,2.13
2012.03.08 20:25:26.137,1.48484,1.48511,1.50,2.13
2012.03.08 20:25:26.791,1.48484,1.48511,1.50,2.13
2012.03.08 20:25:27.202,1.4848,1.48511,1.50,3.63
2012.03.08 20:25:28.391,1.4848,1.48511,1.50,3.63
2012.03.08 20:25:29.111,1.48477,1.48508,2.25,1.50
2012.03.08 20:25:37.394,1.48475,1.48503,1.50,1.50
2012.03.08 20:25:37.463,1.48473,1.48503,1.50,1.50
2012.03.08 20:25:37.896,1.48473,1.48503,2.25,1.50
2012.03.08 20:25:37.964,1.48478,1.48509,1.50,2.13
2012.03.08 20:25:41.543,1.48481,1.48511,1.50,2.13
2012.03.08 20:25:42.783,1.48481,1.4851,1.50,2.13
2012.03.08 20:25:42.853,1.48479,1.48508,1.50,1.50
2012.03.08 20:25:42.925,1.48475,1.48507,1.50,1.50
2012.03.08 20:25:43.493,1.48478,1.48509,1.50,1.50
2012.03.08 20:25:44.707,1.48481,1.4851,1.50,1.50
2012.03.08 20:25:45.290,1.48484,1.48511,1.50,2.13
2012.03.08 20:25:45.743,1.48483,1.48511,1.50,2.13
2012.03.08 20:25:45.814,1.48481,1.48511,1.50,2.13
2012.03.08 20:25:51.425,1.48481,1.48511,1.50,2.13
2012.03.08 20:25:51.767,1.48479,1.48508,1.50,2.13
2012.03.08 20:25:52.416,1.48483,1.48511,1.50,2.13
2012.03.08 20:25:52.492,1.48483,1.48511,1.50,2.13
2012.03.08 20:25:52.625,1.48483,1.48511,1.50,2.13
2012.03.08 20:25:52.901,1.48483,1.48511,1.50,2.13
2012.03.08 20:25:53.687,1.48483,1.48511,1.50,2.13
2012.03.08 20:25:57.640,1.48483,1.48511,1.50,2.13
2012.03.08 20:25:58.212,1.48483,1.48511,1.50,2.13
2012.03.08 20:25:58.342,1.48481,1.48511,1.50,3.63
2012.03.08 20:25:58.615,1.48481,1.48507,1.50,1.50
2012.03.08 20:25:59.123,1.48481,1.48507,1.50,2.13
2012.03.08 20:25:59.312,1.48473,1.48504,1.50,1.50
2012.03.08 20:25:59.383,1.48473,1.48501,1.50,1.50
2012.03.08 20:26:00.010,1.48487,1.48504,1.50,1.50
2012.03.08 20:26:00.088,1.48496,1.48523,1.50,1.50
2012.03.08 20:26:00.605,1.48497,1.48525,1.50,2.13
2012.03.08 20:26:00.673,1.48493,1.48522,1.50,1.50
2012.03.08 20:26:02.094,1.48494,1.48522,1.50,2.13
2012.03.08 20:26:02.304,1.48496,1.48522,1.50,1.50
2012.03.08 20:26:02.374,1.48497,1.48525,1.50,2.13
2012.03.08 20:26:02.444,1.48499,1.48528,1.50,2.13
2012.03.08 20:26:02.703,1.48497,1.48527,1.50,2.13
2012.03.08 20:26:03.305,1.48493,1.48525,1.50,2.13
2012.03.08 20:26:03.636,1.48496,1.48528,1.50,3.63
2012.03.08 20:26:04.372,1.48494,1.48525,1.50,2.13
2012.03.08 20:26:04.917,1.48493,1.48525,1.50,2.13
2012.03.08 20:26:07.551,1.48493,1.48525,3.00,2.13
2012.03.08 20:26:07.627,1.48499,1.48527,1.50,2.13
2012.03.08 20:26:07.692,1.48499,1.4853,1.50,1.88
2012.03.08 20:26:08.232,1.48497,1.48527,1.50,2.13
2012.03.08 20:26:08.789,1.48497,1.48527,1.50,1.50
2012.03.08 20:26:08.853,1.485,1.48529,1.50,1.50
2012.03.08 20:26:09.446,1.48502,1.48531,1.50,1.50
2012.03.08 20:26:09.512,1.48502,1.48533,1.50,2.13
2012.03.08 20:26:10.434,1.48501,1.4853,1.50,1.50
2012.03.08 20:26:10.507,1.48498,1.4853,2.25,2.25
2012.03.08 20:26:10.637,1.48496,1.48524,1.50,1.50
2012.03.08 20:26:10.704,1.48493,1.48524,1.50,1.50
2012.03.08 20:26:11.014,1.48498,1.48524,1.50,1.50
2012.03.08 20:26:11.429,1.485,1.48529,1.50,1.50
2012.03.08 20:26:11.699,1.48508,1.48537,1.50,2.13
2012.03.08 20:26:12.025,1.48505,1.48534,1.50,1.88
2012.03.08 20:26:12.522,1.48502,1.48532,1.50,1.88
2012.03.08 20:26:12.652,1.48502,1.48532,3.00,1.50
2012.03.08 20:26:12.749,1.48503,1.48534,1.50,1.50
2012.03.08 20:26:13.775,1.48502,1.48531,1.50,1.50
2012.03.08 20:26:14.325,1.48501,1.48531,1.50,1.50
2012.03.08 20:26:14.391,1.48501,1.48535,1.50,1.50
2012.03.08 20:26:14.463,1.48501,1.48534,1.50,2.13
2012.03.08 20:26:14.786,1.48504,1.48534,1.50,2.13
2012.03.08 20:26:15.376,1.48504,1.48534,1.50,2.13
2012.03.08 20:26:16.762,1.48504,1.48534,1.50,2.13
2012.03.08 20:26:18.423,1.48504,1.48534,1.50,2.13
2012.03.08 20:26:19.175,1.48504,1.48534,1.50,2.13
2012.03.08 20:26:20.194,1.48504,1.48527,1.50,1.88
2012.03.08 20:26:20.387,1.485,1.48527,1.50,2.13
2012.03.08 20:26:20.916,1.48498,1.48527,1.50,2.13
2012.03.08 20:26:20.987,1.48501,1.48527,1.50,2.13
2012.03.08 20:26:21.113,1.48497,1.48527,1.50,2.13
2012.03.08 20:26:21.244,1.48497,1.48527,1.50,1.50
2012.03.08 20:26:21.392,1.48501,1.48532,1.50,2.13
2012.03.08 20:26:21.819,1.48504,1.48533,1.50,2.13
2012.03.08 20:26:21.882,1.48501,1.48533,3.00,2.13
2012.03.08 20:26:27.493,1.48501,1.4853,1.50,1.38
2012.03.08 20:26:27.603,1.48501,1.48533,1.50,2.88
2012.03.08 20:26:28.349,1.48501,1.48533,1.50,2.88
2012.03.08 20:26:29.629,1.48501,1.48533,1.50,2.88
2012.03.08 20:26:29.962,1.48505,1.48533,1.50,2.13
2012.03.08 20:26:31.150,1.48505,1.48533,1.50,2.88
2012.03.08 20:26:31.835,1.48505,1.48533,1.50,2.88
2012.03.08 20:26:31.904,1.48502,1.48533,1.50,2.88
2012.03.08 20:26:32.122,1.48499,1.48532,1.50,2.13
2012.03.08 20:26:32.561,1.48504,1.48533,1.50,2.88
2012.03.08 20:26:33.602,1.48504,1.48533,1.50,2.88
2012.03.08 20:26:33.813,1.48504,1.48539,1.50,1.50
2012.03.08 20:26:34.295,1.4851,1.48541,1.50,1.50
2012.03.08 20:26:34.755,1.4851,1.48541,1.50,2.13
2012.03.08 20:26:38.182,1.4851,1.48541,1.50,2.13
2012.03.08 20:26:39.057,1.48509,1.48539,1.50,2.13
2012.03.08 20:26:48.367,1.48509,1.48539,1.50,2.13
2012.03.08 20:26:52.681,1.48513,1.48541,1.50,3.63
2012.03.08 20:26:52.814,1.48509,1.48538,1.50,1.50
2012.03.08 20:26:57.512,1.48511,1.48541,1.50,3.63
2012.03.08 20:26:57.883,1.48512,1.48543,3.00,1.50
2012.03.08 20:26:58.013,1.48515,1.48545,1.50,2.13
2012.03.08 20:27:03.482,1.48515,1.48545,1.50,2.13
2012.03.08 20:27:04.593,1.48518,1.48547,1.50,2.13
2012.03.08 20:27:05.343,1.48517,1.48548,1.50,3.63
2012.03.08 20:27:07.806,1.48517,1.48548,1.50,4.38
2012.03.08 20:27:08.429,1.48517,1.48548,1.50,4.38
2012.03.08 20:27:08.957,1.48517,1.48548,1.50,4.38
2012.03.08 20:27:10.263,1.48517,1.48548,1.50,4.38
2012.03.08 20:27:11.542,1.48517,1.48544,1.50,1.50
2012.03.08 20:27:12.086,1.48517,1.48548,1.50,3.63
2012.03.08 20:27:13.411,1.48517,1.48548,1.50,3.63
2012.03.08 20:27:14.388,1.48517,1.48548,1.50,3.63
2012.03.08 20:27:14.951,1.48517,1.48548,1.50,4.38
2012.03.08 20:27:15.391,1.48517,1.48544,1.50,2.13
2012.03.08 20:27:15.648,1.48513,1.48543,1.50,2.13
2012.03.08 20:27:17.006,1.48516,1.48544,1.50,2.13
2012.03.08 20:27:17.591,1.48516,1.48544,1.50,2.13
2012.03.08 20:27:17.983,1.48513,1.48543,1.50,2.13
2012.03.08 20:27:18.111,1.48513,1.48538,1.50,1.50
2012.03.08 20:27:18.184,1.48509,1.48538,1.50,1.50
2012.03.08 20:27:18.312,1.48509,1.48535,1.50,1.50
2012.03.08 20:27:18.385,1.48507,1.48535,1.50,1.50
2012.03.08 20:27:18.457,1.48507,1.48535,1.50,2.25
2012.03.08 20:27:18.788,1.48505,1.48529,1.50,1.50
2012.03.08 20:27:19.302,1.48505,1.48526,1.50,1.50
2012.03.08 20:27:19.372,1.48502,1.48526,1.50,1.50
2012.03.08 20:27:20.386,1.48502,1.48531,3.00,1.50
2012.03.08 20:27:20.452,1.48506,1.48535,1.50,1.50
2012.03.08 20:27:20.977,1.48507,1.48538,1.50,2.13
2012.03.08 20:27:21.900,1.48507,1.48538,1.50,2.13
2012.03.08 20:27:22.820,1.48507,1.48538,1.50,2.13
2012.03.08 20:27:23.751,1.48507,1.48538,1.50,2.88
2012.03.08 20:27:24.064,1.48511,1.4854,1.50,2.13
2012.03.08 20:27:27.476,1.48511,1.48541,1.50,2.13
2012.03.08 20:27:31.563,1.48512,1.48541,1.50,2.13
2012.03.08 20:27:31.692,1.48514,1.48544,1.50,2.13
2012.03.08 20:27:36.381,1.48514,1.48544,1.50,2.13
2012.03.08 20:27:40.618,1.48511,1.48542,1.50,1.50
2012.03.08 20:27:40.686,1.48509,1.48535,1.50,1.50
2012.03.08 20:27:40.941,1.48509,1.48538,1.50,1.50
2012.03.08 20:27:41.015,1.48507,1.48538,1.50,1.50
2012.03.08 20:27:41.208,1.48507,1.48538,1.50,2.88
2012.03.08 20:27:41.517,1.48511,1.4854,1.50,2.13
2012.03.08 20:27:41.587,1.48515,1.48544,1.50,2.13
2012.03.08 20:27:41.856,1.48512,1.48541,1.50,1.50
2012.03.08 20:27:42.484,1.48513,1.48544,1.50,2.13
2012.03.08 20:27:43.121,1.48512,1.48541,3.00,1.50
2012.03.08 20:27:43.374,1.48517,1.48548,1.50,3.75
2012.03.08 20:27:43.796,1.4852,1.48549,1.50,1.50
2012.03.08 20:27:44.412,1.4852,1.4855,1.50,2.13
2012.03.08 20:27:44.784,1.48515,1.48547,1.50,1.50
2012.03.08 20:27:44.973,1.48519,1.48548,1.50,1.50
2012.03.08 20:27:51.692,1.48521,1.48552,1.50,2.13
2012.03.08 20:27:52.845,1.48524,1.48554,1.50,1.50
2012.03.08 20:27:53.152,1.4853,1.48559,1.50,2.13
2012.03.08 20:27:53.404,1.48526,1.48555,1.50,1.50
2012.03.08 20:27:54.045,1.48528,1.48557,1.50,2.13
2012.03.08 20:27:54.511,1.48526,1.48555,1.50,3.00
2012.03.08 20:27:54.848,1.48523,1.48552,1.50,1.50
2012.03.08 20:27:55.036,1.48525,1.48556,1.50,1.50
2012.03.08 20:27:55.164,1.48529,1.4856,1.50,2.13
2012.03.08 20:27:55.781,1.48529,1.4856,1.50,1.50
2012.03.08 20:28:02.936,1.48529,1.4856,1.50,2.13
2012.03.08 20:28:03.123,1.48521,1.48552,3.00,1.50
2012.03.08 20:28:03.194,1.48521,1.48552,3.00,1.50
2012.03.08 20:28:03.324,1.48521,1.4855,1.50,1.50
2012.03.08 20:28:03.393,1.48519,1.48549,1.88,1.50
2012.03.08 20:28:03.525,1.48521,1.48551,1.50,1.50
2012.03.08 20:28:03.864,1.48524,1.48553,1.50,2.13
2012.03.08 20:28:04.171,1.48529,1.4856,1.50,1.50
2012.03.08 20:28:04.542,1.48527,1.48557,1.50,1.50
2012.03.08 20:28:05.305,1.48529,1.48561,1.50,2.13
2012.03.08 20:28:05.595,1.48533,1.48564,1.50,1.38
2012.03.08 20:28:05.665,1.48528,1.48559,1.50,1.50
2012.03.08 20:28:06.282,1.48528,1.48559,1.50,2.13
2012.03.08 20:28:06.352,1.48528,1.48559,1.50,1.50
2012.03.08 20:28:06.815,1.48532,1.48563,1.50,2.13
2012.03.08 20:28:07.986,1.48532,1.48562,1.50,1.38
2012.03.08 20:28:08.173,1.48528,1.48559,1.50,2.25
2012.03.08 20:28:08.734,1.48528,1.48559,1.50,2.25
2012.03.08 20:28:08.807,1.48528,1.48555,1.50,1.50
2012.03.08 20:28:09.053,1.48532,1.48561,1.50,2.13
2012.03.08 20:28:09.682,1.48532,1.48563,1.50,2.13
2012.03.08 20:28:10.231,1.48532,1.48563,1.50,2.13
2012.03.08 20:28:10.304,1.48532,1.48563,1.50,2.13
2012.03.08 20:28:10.554,1.48533,1.48562,1.50,1.50
2012.03.08 20:28:11.014,1.48531,1.4856,1.50,1.50
2012.03.08 20:28:11.756,1.48533,1.48562,1.50,1.50
2012.03.08 20:28:12.297,1.48533,1.48564,1.50,2.13
2012.03.08 20:28:12.745,1.48532,1.48561,1.50,1.50
2012.03.08 20:28:13.112,1.48534,1.48563,1.50,3.63
2012.03.08 20:28:13.707,1.48531,1.48559,1.50,1.50
2012.03.08 20:28:14.232,1.4853,1.48559,1.50,2.25
2012.03.08 20:28:15.143,1.4853,1.48558,1.50,1.38
2012.03.08 20:28:15.274,1.4853,1.48559,1.50,3.00
2012.03.08 20:28:15.341,1.48535,1.48564,1.50,2.13
2012.03.08 20:28:15.856,1.48535,1.48564,1.50,2.13
2012.03.08 20:28:16.374,1.48531,1.48562,1.50,1.50
2012.03.08 20:28:16.983,1.48531,1.48562,1.50,2.25
2012.03.08 20:28:17.172,1.48528,1.48558,1.50,1.38
2012.03.08 20:28:18.302,1.48528,1.48558,1.50,1.38
2012.03.08 20:28:20.354,1.48528,1.48558,1.50,1.38
2012.03.08 20:28:20.541,1.48531,1.48558,1.50,1.38
2012.03.08 20:28:20.811,1.48531,1.48559,1.50,2.25
2012.03.08 20:28:21.001,1.48531,1.48558,1.50,1.38
2012.03.08 20:28:22.113,1.48529,1.48559,1.50,3.75
2012.03.08 20:28:22.627,1.48528,1.48559,1.50,3.00
2012.03.08 20:28:23.934,1.48528,1.48559,1.50,3.75
2012.03.08 20:28:25.243,1.48528,1.48558,1.50,1.38
2012.03.08 20:28:26.335,1.48526,1.48556,1.50,1.50
2012.03.08 20:28:26.674,1.48529,1.48558,1.50,2.13
2012.03.08 20:28:27.233,1.48529,1.48558,1.50,1.50
2012.03.08 20:28:27.715,1.48529,1.48558,1.50,2.88
2012.03.08 20:28:27.784,1.48527,1.48558,1.50,1.38
2012.03.08 20:28:27.915,1.48525,1.48555,1.50,2.13
2012.03.08 20:28:28.360,1.48525,1.48552,1.50,1.50
2012.03.08 20:28:28.441,1.48529,1.48558,1.50,1.50
2012.03.08 20:28:28.516,1.48529,1.4856,1.50,2.13
2012.03.08 20:28:29.180,1.48529,1.4856,1.50,2.13
2012.03.08 20:28:29.441,1.48526,1.48557,1.50,1.50
2012.03.08 20:28:34.383,1.48527,1.48557,1.50,1.50
2012.03.08 20:28:34.455,1.4853,1.48559,1.50,1.50
2012.03.08 20:28:34.525,1.48531,1.48563,1.50,2.13
2012.03.08 20:28:34.783,1.48529,1.4856,1.50,1.50
2012.03.08 20:28:35.162,1.48526,1.48557,2.25,1.50
2012.03.08 20:28:35.723,1.48528,1.48557,1.50,1.50
2012.03.08 20:28:36.147,1.4853,1.48557,1.50,1.50
2012.03.08 20:28:36.574,1.4853,1.48559,3.00,1.50
2012.03.08 20:28:36.645,1.48532,1.48562,1.50,2.13
2012.03.08 20:28:45.004,1.4853,1.48559,1.50,1.50
2012.03.08 20:28:47.499,1.4853,1.48559,1.50,2.13
2012.03.08 20:28:47.566,1.48526,1.48558,1.50,2.13
2012.03.08 20:28:51.603,1.48526,1.48558,1.50,2.13
2012.03.08 20:28:51.856,1.48518,1.48549,2.25,1.50
2012.03.08 20:28:51.927,1.48518,1.48549,1.50,1.50
2012.03.08 20:28:52.434,1.48516,1.48545,1.50,1.50
2012.03.08 20:28:53.030,1.48518,1.48547,1.50,3.63
2012.03.08 20:28:54.842,1.48518,1.48547,3.00,3.63
2012.03.08 20:28:55.212,1.48521,1.48547,1.50,2.13
2012.03.08 20:28:56.185,1.48518,1.48547,1.50,2.13
2012.03.08 20:28:59.427,1.48518,1.48548,1.50,1.50
2012.03.08 20:28:59.554,1.48522,1.48551,1.50,1.50
2012.03.08 20:29:00.018,1.48519,1.48548,1.50,3.63
2012.03.08 20:29:04.090,1.48519,1.48548,1.50,3.63
2012.03.08 20:29:05.781,1.48519,1.48539,1.50,1.50
2012.03.08 20:29:06.094,1.48519,1.48548,1.50,3.00
2012.03.08 20:29:06.162,1.48519,1.48548,1.50,3.63
2012.03.08 20:29:09.652,1.48519,1.48548,1.50,3.63
2012.03.08 20:29:10.180,1.48519,1.48548,1.50,3.63
2012.03.08 20:29:11.055,1.48519,1.48548,1.50,3.63
2012.03.08 20:29:17.763,1.48519,1.48548,1.50,3.63
2012.03.08 20:29:20.072,1.48519,1.48548,1.50,3.63
2012.03.08 20:29:21.110,1.48519,1.48548,1.50,3.63
2012.03.08 20:29:22.412,1.48519,1.48548,1.50,4.38
2012.03.08 20:29:23.126,1.48519,1.48548,1.50,4.38
2012.03.08 20:29:23.443,1.48519,1.48547,1.50,1.38
2012.03.08 20:29:25.225,1.48519,1.48548,1.50,3.63
2012.03.08 20:29:25.812,1.48519,1.48548,1.50,3.63
2012.03.08 20:29:27.235,1.48519,1.48548,1.50,3.63
2012.03.08 20:29:27.838,1.48519,1.48548,1.50,3.63
2012.03.08 20:29:32.611,1.48519,1.48548,1.50,3.63
2012.03.08 20:29:36.353,1.48519,1.48548,1.50,3.63
2012.03.08 20:29:39.660,1.48519,1.48548,1.50,3.63
2012.03.08 20:29:42.801,1.48519,1.48548,1.50,3.63
2012.03.08 20:29:42.993,1.48521,1.48548,1.50,3.63
2012.03.08 20:29:43.551,1.48522,1.4855,1.50,2.13
2012.03.08 20:29:44.961,1.48522,1.4855,1.50,2.13
2012.03.08 20:29:45.152,1.48517,1.48549,1.50,2.13
2012.03.08 20:29:45.302,1.48515,1.48546,1.50,1.50
2012.03.08 20:29:45.812,1.48518,1.48548,1.50,2.13
2012.03.08 20:29:46.804,1.48518,1.48548,1.50,2.13
2012.03.08 20:29:50.444,1.48516,1.48545,1.50,1.50
2012.03.08 20:29:50.904,1.48518,1.48549,1.50,1.50
2012.03.08 20:29:51.035,1.4852,1.48549,1.50,1.50
2012.03.08 20:29:51.343,1.48525,1.48555,1.50,2.13
2012.03.08 20:29:51.962,1.48522,1.48553,1.50,2.13
2012.03.08 20:30:01.335,1.48522,1.48553,1.50,2.13
2012.03.08 20:30:01.407,1.48519,1.4855,1.50,2.13
2012.03.08 20:30:01.592,1.48517,1.48547,1.50,1.50
2012.03.08 20:30:02.058,1.48519,1.48548,1.50,3.63
2012.03.08 20:30:02.707,1.4852,1.4855,1.50,2.13
2012.03.08 20:30:03.114,1.4852,1.4855,1.50,1.50
2012.03.08 20:30:03.365,1.48525,1.4855,1.50,1.50
2012.03.08 20:30:03.432,1.48525,1.48557,1.50,3.63
2012.03.08 20:30:04.592,1.48525,1.48557,1.50,3.63
2012.03.08 20:30:05.195,1.48525,1.48555,1.50,1.38
2012.03.08 20:30:05.264,1.48525,1.48557,1.50,3.63
2012.03.08 20:30:05.512,1.48525,1.48557,1.50,1.50
2012.03.08 20:30:05.923,1.48528,1.48557,1.50,1.50
2012.03.08 20:30:06.318,1.4853,1.48559,1.50,2.13
2012.03.08 20:30:06.694,1.48528,1.48556,1.50,1.50
2012.03.08 20:30:06.762,1.48529,1.4856,1.50,2.13
2012.03.08 20:30:06.894,1.48526,1.48557,2.25,1.50
2012.03.08 20:30:07.029,1.48529,1.48557,1.50,1.50
2012.03.08 20:30:07.362,1.48534,1.48557,1.50,1.50
2012.03.08 20:30:07.827,1.48535,1.48566,1.50,2.13
2012.03.08 20:30:08.515,1.48533,1.48562,1.50,1.50
2012.03.08 20:30:12.906,1.48529,1.48555,1.50,1.50
2012.03.08 20:30:13.237,1.48522,1.48552,2.25,1.50
2012.03.08 20:30:13.453,1.48526,1.48558,1.88,2.25
2012.03.08 20:30:14.026,1.48523,1.48555,1.88,1.50
2012.03.08 20:30:14.091,1.48523,1.48555,1.50,1.50
2012.03.08 20:30:14.307,1.48527,1.48556,1.50,1.50
2012.03.08 20:30:14.373,1.48523,1.48555,1.50,1.50
2012.03.08 20:30:17.982,1.48523,1.48554,1.50,1.13
2012.03.08 20:30:18.564,1.48521,1.48551,1.50,1.50
2012.03.08 20:30:19.108,1.48524,1.48553,1.50,3.00
2012.03.08 20:30:19.606,1.48526,1.48556,1.50,3.63
2012.03.08 20:30:20.093,1.48523,1.48554,1.50,1.88
2012.03.08 20:30:20.765,1.48526,1.48556,1.50,1.88
2012.03.08 20:30:21.462,1.48524,1.48554,1.50,1.50
2012.03.08 20:30:22.044,1.48523,1.48554,1.50,1.50
2012.03.08 20:30:26.334,1.48528,1.48555,1.50,2.25
2012.03.08 20:30:27.221,1.48526,1.48555,1.50,2.25
2012.03.08 20:30:27.291,1.48524,1.48555,1.50,2.25
2012.03.08 20:30:30.859,1.48524,1.48555,1.50,1.50
2012.03.08 20:30:31.354,1.48527,1.48557,1.50,2.13
2012.03.08 20:30:37.801,1.48527,1.48557,1.50,1.88
2012.03.08 20:30:37.903,1.48524,1.48555,3.00,1.88
2012.03.08 20:30:38.656,1.48524,1.48555,1.50,2.13
2012.03.08 20:30:42.786,1.48527,1.48558,1.50,2.13
2012.03.08 20:30:48.602,1.48527,1.48558,1.50,2.13
2012.03.08 20:30:50.821,1.48527,1.48558,1.50,2.13
2012.03.08 20:30:53.582,1.48527,1.48558,1.50,2.13
2012.03.08 20:30:53.975,1.48524,1.48555,1.50,2.13
2012.03.08 20:30:54.628,1.48524,1.48555,1.50,1.88
2012.03.08 20:30:57.689,1.48521,1.48553,1.50,1.50
2012.03.08 20:30:59.274,1.48522,1.48553,1.50,1.50
2012.03.08 20:30:59.342,1.48524,1.48555,1.50,2.13
2012.03.08 20:31:03.382,1.48526,1.48557,1.50,2.13
2012.03.08 20:31:04.470,1.48531,1.48558,1.50,1.38
2012.03.08 20:31:04.604,1.48535,1.48564,1.50,2.13
2012.03.08 20:31:04.676,1.48538,1.48567,1.50,2.46
2012.03.08 20:31:04.744,1.48538,1.48567,1.50,1.84
2012.03.08 20:31:04.933,1.48538,1.48566,1.50,2.46
2012.03.08 20:31:05.363,1.48542,1.48566,1.50,1.50
2012.03.08 20:31:05.433,1.48542,1.48571,1.50,2.13
2012.03.08 20:31:05.622,1.48539,1.48568,1.50,1.50
2012.03.08 20:31:06.467,1.48536,1.48566,1.50,1.50
2012.03.08 20:31:06.984,1.48536,1.48566,1.50,3.75
2012.03.08 20:31:07.114,1.48534,1.48563,1.50,1.50
2012.03.08 20:31:07.972,1.48535,1.48565,1.50,2.13
2012.03.08 20:31:08.164,1.48535,1.48567,1.50,1.50
2012.03.08 20:31:08.813,1.48535,1.48565,1.50,1.50
2012.03.08 20:31:08.884,1.48532,1.48564,1.50,1.50
2012.03.08 20:31:13.103,1.48536,1.48566,1.50,2.13
2012.03.08 20:31:13.414,1.48547,1.48572,1.50,1.50
2012.03.08 20:31:13.484,1.48547,1.48577,1.50,2.28
2012.03.08 20:31:13.984,1.48543,1.48575,1.50,1.50
2012.03.08 20:31:24.192,1.48543,1.48572,1.50,1.50
2012.03.08 20:31:24.504,1.48541,1.48572,1.50,3.30
2012.03.08 20:31:24.573,1.48544,1.48574,1.50,1.80
2012.03.08 20:31:24.988,1.48544,1.48574,1.50,1.50
2012.03.08 20:31:28.075,1.48549,1.48578,1.50,2.88
2012.03.08 20:31:28.449,1.48546,1.48575,1.50,1.50
2012.03.08 20:31:28.511,1.48543,1.48575,1.50,1.50
2012.03.08 20:31:37.993,1.48544,1.48575,1.50,3.00
2012.03.08 20:31:38.074,1.48547,1.48575,1.50,1.50
2012.03.08 20:31:41.254,1.48547,1.48577,1.50,2.13
2012.03.08 20:31:42.625,1.48547,1.48577,1.50,2.13
2012.03.08 20:31:52.042,1.48547,1.48577,1.50,2.13
2012.03.08 20:32:00.697,1.48547,1.48577,1.50,2.13
2012.03.08 20:32:00.827,1.48549,1.48579,1.50,1.38
2012.03.08 20:32:00.896,1.48549,1.4858,1.50,2.25
2012.03.08 20:32:01.355,1.48554,1.48582,1.50,1.50
2012.03.08 20:32:01.424,1.48554,1.48586,1.50,2.13
2012.03.08 20:32:01.774,1.48556,1.48586,1.50,2.13
2012.03.08 20:32:02.391,1.48557,1.48588,1.50,3.51
2012.03.08 20:32:02.723,1.48557,1.48585,1.50,1.38
2012.03.08 20:32:03.478,1.48557,1.48588,1.50,2.76
2012.03.08 20:32:04.025,1.48557,1.48588,1.50,2.76
2012.03.08 20:32:06.299,1.48554,1.48584,1.50,1.38
2012.03.08 20:32:06.988,1.48551,1.48582,1.50,1.88
2012.03.08 20:32:08.445,1.48551,1.4858,1.50,1.50
2012.03.08 20:32:08.514,1.48548,1.48579,1.50,1.50
2012.03.08 20:32:08.666,1.48552,1.48581,1.50,1.50
2012.03.08 20:32:08.736,1.48548,1.4858,1.50,1.50
2012.03.08 20:32:14.326,1.48551,1.48581,1.50,1.50
2012.03.08 20:32:14.859,1.48551,1.48582,1.50,2.13
2012.03.08 20:32:15.162,1.48549,1.48578,3.00,1.50
2012.03.08 20:32:19.452,1.48545,1.48576,1.50,1.50
2012.03.08 20:32:19.983,1.48547,1.48579,1.50,1.50
2012.03.08 20:32:23.484,1.48547,1.48579,1.50,2.25
2012.03.08 20:32:24.016,1.48543,1.48573,1.50,1.50
2012.03.08 20:32:24.783,1.48544,1.48573,1.50,1.50
2012.03.08 20:32:24.852,1.48546,1.48575,1.50,2.13
2012.03.08 20:32:26.617,1.48546,1.48575,1.50,2.13
2012.03.08 20:32:27.173,1.48546,1.48575,1.50,2.13
2012.03.08 20:32:27.732,1.48539,1.4857,1.50,1.50
2012.03.08 20:32:27.813,1.48546,1.48577,1.50,2.43
2012.03.08 20:32:33.301,1.48546,1.48577,1.50,2.43
2012.03.08 20:32:41.721,1.48546,1.48577,1.50,2.43
2012.03.08 20:32:43.763,1.48546,1.48577,1.50,2.43
2012.03.08 20:32:44.301,1.48543,1.48574,1.50,1.50
2012.03.08 20:32:56.493,1.48543,1.48574,1.50,2.88
2012.03.08 20:32:56.566,1.4854,1.48572,1.50,2.13
2012.03.08 20:32:56.634,1.48543,1.48574,1.50,2.88
2012.03.08 20:32:56.946,1.48534,1.48563,1.50,1.38
2012.03.08 20:32:57.514,1.48532,1.48562,1.50,2.13
2012.03.08 20:32:57.775,1.48534,1.48564,1.50,1.38
2012.03.08 20:32:58.781,1.48534,1.48565,1.50,2.50
2012.03.08 20:32:59.318,1.48534,1.48562,1.50,1.38
2012.03.08 20:32:59.383,1.48534,1.48565,1.50,2.50
2012.03.08 20:33:00.133,1.48532,1.48562,1.50,2.13
2012.03.08 20:33:00.524,1.48534,1.48564,1.50,2.13
2012.03.08 20:33:01.154,1.48534,1.48565,1.50,2.50
2012.03.08 20:33:01.782,1.48534,1.48565,1.50,2.50
2012.03.08 20:33:02.884,1.48534,1.48564,1.50,2.88
2012.03.08 20:33:02.955,1.48532,1.48561,1.50,2.13
2012.03.08 20:33:03.144,1.48529,1.48558,1.50,2.13
2012.03.08 20:33:03.212,1.48529,1.48558,1.50,2.13
2012.03.08 20:33:03.913,1.48529,1.48555,1.50,2.13
2012.03.08 20:33:03.988,1.48523,1.48552,1.50,1.50
2012.03.08 20:33:04.984,1.48526,1.48552,2.25,1.50
2012.03.08 20:33:05.171,1.48527,1.48559,2.25,2.13
2012.03.08 20:33:05.243,1.48529,1.48559,1.50,2.13
2012.03.08 20:33:05.585,1.48537,1.48564,1.50,2.13
2012.03.08 20:33:05.653,1.48539,1.48567,1.50,1.30
2012.03.08 20:33:06.453,1.48536,1.48565,1.50,1.88
2012.03.08 20:33:06.579,1.48536,1.48565,1.50,2.50
2012.03.08 20:33:07.113,1.48536,1.48565,1.50,2.13
2012.03.08 20:33:08.500,1.48538,1.48568,1.50,2.50
2012.03.08 20:33:08.571,1.48542,1.4857,1.50,1.38
2012.03.08 20:33:09.092,1.48542,1.4857,1.50,1.38
2012.03.08 20:33:09.434,1.48542,1.48565,1.50,1.13
2012.03.08 20:33:09.683,1.48542,1.48569,1.50,2.50
2012.03.08 20:33:09.819,1.48537,1.48566,1.50,2.50
2012.03.08 20:33:09.888,1.48539,1.48569,1.50,4.00
2012.03.08 20:33:10.418,1.48539,1.48566,1.50,1.13
2012.03.08 20:33:10.663,1.48535,1.48565,1.50,1.13
2012.03.08 20:33:11.104,1.48539,1.48565,1.50,1.13
2012.03.08 20:33:15.479,1.48539,1.48566,1.50,1.75
2012.03.08 20:33:15.608,1.48539,1.48568,1.50,2.50
2012.03.08 20:33:15.681,1.48536,1.48565,1.50,1.88
2012.03.08 20:33:15.754,1.48536,1.48563,1.50,1.38
2012.03.08 20:33:15.887,1.48533,1.48562,1.50,2.13
2012.03.08 20:33:16.415,1.48533,1.48562,1.50,2.88
2012.03.08 20:33:17.204,1.48536,1.48562,1.50,2.09
2012.03.08 20:33:17.281,1.48531,1.4856,1.50,1.50
2012.03.08 20:33:17.354,1.48531,1.48557,1.50,1.50
2012.03.08 20:33:17.423,1.48531,1.48561,1.50,1.50
2012.03.08 20:33:17.614,1.48528,1.48559,1.50,1.50
2012.03.08 20:33:18.584,1.48531,1.48561,1.50,1.50
2012.03.08 20:33:19.636,1.48531,1.48561,1.50,2.88
2012.03.08 20:33:19.865,1.48528,1.48558,1.50,1.50
2012.03.08 20:33:21.037,1.48529,1.48558,1.50,1.50
2012.03.08 20:33:21.104,1.48531,1.48559,1.50,1.38
2012.03.08 20:33:24.241,1.48531,1.4856,1.50,2.13
2012.03.08 20:33:25.441,1.48527,1.48559,1.50,2.13
2012.03.08 20:33:28.816,1.48527,1.48557,1.50,2.28
2012.03.08 20:33:28.885,1.48524,1.48554,1.50,2.13
2012.03.08 20:33:29.668,1.48524,1.48554,1.50,2.13
2012.03.08 20:33:30.972,1.48524,1.48554,1.50,2.13
2012.03.08 20:33:32.453,1.48524,1.48554,1.50,2.13
2012.03.08 20:33:32.973,1.48524,1.48554,1.50,2.13
2012.03.08 20:33:35.193,1.48524,1.48554,1.50,2.13
2012.03.08 20:33:36.060,1.48524,1.48554,1.50,2.13
2012.03.08 20:33:37.248,1.48524,1.48554,1.50,2.13
2012.03.08 20:33:39.430,1.48524,1.48554,1.50,2.13
2012.03.08 20:33:39.987,1.48524,1.48554,2.25,2.13
2012.03.08 20:33:40.056,1.48527,1.48559,2.25,3.00
2012.03.08 20:33:40.246,1.48537,1.48566,1.50,2.84
2012.03.08 20:33:40.313,1.48537,1.48566,1.50,2.50
2012.03.08 20:33:40.592,1.48537,1.48566,1.50,2.50
2012.03.08 20:33:41.284,1.48537,1.48566,1.50,2.50
2012.03.08 20:33:42.245,1.48538,1.48569,1.50,1.75
2012.03.08 20:33:42.574,1.48541,1.4857,1.50,1.38
2012.03.08 20:33:43.156,1.48539,1.4857,1.50,2.25
2012.03.08 20:33:43.928,1.48538,1.4857,1.50,2.25
2012.03.08 20:33:44.492,1.48541,1.48572,1.50,4.38
2012.03.08 20:33:44.822,1.48539,1.48569,3.00,1.88
2012.03.08 20:33:45.363,1.48537,1.48566,1.50,1.88
2012.03.08 20:33:46.008,1.48538,1.48569,1.50,1.88
2012.03.08 20:33:49.123,1.48539,1.48569,1.50,2.63
2012.03.08 20:33:49.193,1.48541,1.48569,1.50,1.13
2012.03.08 20:33:49.893,1.48539,1.48569,1.50,2.63
2012.03.08 20:33:50.389,1.48536,1.48567,1.50,1.88
2012.03.08 20:33:50.624,1.48539,1.48569,1.50,2.63
2012.03.08 20:33:51.535,1.48536,1.48566,1.50,1.88
2012.03.08 20:33:53.061,1.48537,1.48566,1.50,1.88
2012.03.08 20:33:53.133,1.48539,1.48568,1.50,1.88
2012.03.08 20:33:53.202,1.48536,1.48566,1.50,1.88
2012.03.08 20:33:55.992,1.48537,1.48566,1.50,1.88
2012.03.08 20:33:56.124,1.48539,1.48569,1.50,1.88
2012.03.08 20:33:58.142,1.48536,1.48567,1.50,1.88
2012.03.08 20:34:06.705,1.48539,1.48568,1.50,1.88
2012.03.08 20:34:07.683,1.48536,1.48567,3.00,1.88
2012.03.08 20:34:10.774,1.48536,1.48567,1.50,2.50
2012.03.08 20:34:11.253,1.48542,1.48568,1.50,2.50
2012.03.08 20:34:11.326,1.48539,1.48569,3.00,1.88
2012.03.08 20:34:11.575,1.48542,1.48571,1.50,2.88
2012.03.08 20:34:11.947,1.48539,1.48568,1.50,1.88
2012.03.08 20:34:12.015,1.48536,1.48568,1.50,1.88
2012.03.08 20:34:12.574,1.4854,1.48569,1.50,1.88
2012.03.08 20:34:12.765,1.48537,1.48567,1.50,1.88
2012.03.08 20:34:13.481,1.48537,1.48567,1.50,1.88
2012.03.08 20:34:13.803,1.4854,1.48569,1.50,3.38
2012.03.08 20:34:16.005,1.48536,1.48568,1.50,1.88
2012.03.08 20:34:16.556,1.4854,1.48568,1.50,2.63
2012.03.08 20:34:16.626,1.48536,1.48567,1.50,1.88
2012.03.08 20:34:17.190,1.48536,1.48567,1.50,1.88
2012.03.08 20:34:19.019,1.48536,1.48567,2.25,1.88
2012.03.08 20:34:19.096,1.48551,1.48578,1.50,1.50
2012.03.08 20:34:19.565,1.48549,1.48578,3.00,1.50
2012.03.08 20:34:20.053,1.48546,1.48575,1.50,2.25
2012.03.08 20:34:22.175,1.48548,1.48578,1.50,2.25
2012.03.08 20:34:23.919,1.48545,1.48572,1.50,2.25
2012.03.08 20:34:23.989,1.48543,1.48572,1.50,2.25
2012.03.08 20:34:25.692,1.48545,1.48577,1.50,2.88
2012.03.08 20:34:26.554,1.48544,1.48573,1.50,3.00
2012.03.08 20:34:27.815,1.48546,1.48577,1.50,2.88
2012.03.08 20:34:28.141,1.48548,1.48578,1.50,2.13
2012.03.08 20:34:28.343,1.48545,1.48574,1.50,2.25
2012.03.08 20:34:29.462,1.48548,1.48578,1.50,1.38
2012.03.08 20:34:30.014,1.48546,1.48575,1.50,2.25
2012.03.08 20:34:30.566,1.48541,1.48572,1.50,2.25
2012.03.08 20:34:30.934,1.48544,1.48572,1.50,2.25
2012.03.08 20:34:31.281,1.48547,1.48576,1.50,2.25
2012.03.08 20:34:32.395,1.48543,1.48575,1.50,2.25
2012.03.08 20:34:36.204,1.48543,1.48575,1.50,1.50
2012.03.08 20:34:36.335,1.48547,1.48576,1.50,1.50
2012.03.08 20:34:36.875,1.48543,1.48575,1.50,1.50
2012.03.08 20:34:40.475,1.48547,1.48576,1.50,1.50
2012.03.08 20:34:40.956,1.48544,1.48573,3.00,1.50
2012.03.08 20:34:52.323,1.48541,1.48571,1.50,1.50
2012.03.08 20:34:52.393,1.48539,1.48566,1.50,1.50
2012.03.08 20:34:52.928,1.48541,1.48569,1.50,1.50
2012.03.08 20:34:52.996,1.48541,1.48573,1.50,1.50
2012.03.08 20:34:54.567,1.48545,1.48574,1.50,1.50
2012.03.08 20:34:54.876,1.48548,1.48578,1.50,2.13
2012.03.08 20:34:55.723,1.48548,1.48576,1.50,2.13
2012.03.08 20:34:55.815,1.48544,1.48573,1.50,1.50
2012.03.08 20:34:56.038,1.48547,1.48576,1.50,2.13
2012.03.08 20:34:56.708,1.48547,1.48576,1.50,1.50
2012.03.08 20:34:56.928,1.48544,1.48574,1.50,1.50
2012.03.08 20:34:57.319,1.48538,1.4857,2.25,1.50
2012.03.08 20:34:58.029,1.48544,1.48573,2.25,1.50
2012.03.08 20:34:59.912,1.48544,1.48573,1.50,1.50
2012.03.08 20:35:00.406,1.48541,1.4857,2.25,1.50
2012.03.08 20:35:00.934,1.48543,1.48572,1.50,3.00
2012.03.08 20:35:01.243,1.48543,1.48572,2.25,1.50
2012.03.08 20:35:02.175,1.48543,1.48572,1.50,1.50
2012.03.08 20:35:02.937,1.48538,1.48568,2.25,1.50
2012.03.08 20:35:03.344,1.48542,1.4857,1.50,1.50
2012.03.08 20:35:04.260,1.48542,1.48571,1.50,1.50
2012.03.08 20:35:04.745,1.48538,1.48568,1.50,1.50
2012.03.08 20:35:04.815,1.4854,1.4857,2.25,1.50
2012.03.08 20:35:05.004,1.48542,1.48573,2.25,1.50
2012.03.08 20:35:05.747,1.48542,1.48573,2.25,1.50
2012.03.08 20:35:07.029,1.48542,1.48573,1.50,1.50
2012.03.08 20:35:07.469,1.48542,1.48573,2.25,1.50
2012.03.08 20:35:08.105,1.48542,1.48573,2.25,1.50
2012.03.08 20:35:09.036,1.48542,1.48573,2.25,1.50
2012.03.08 20:35:09.119,1.48542,1.48573,2.25,1.50
2012.03.08 20:35:09.309,1.48542,1.48573,2.25,1.50
2012.03.08 20:35:09.494,1.48542,1.48573,2.25,1.50
2012.03.08 20:35:09.564,1.48542,1.48573,2.25,1.50
2012.03.08 20:35:09.636,1.48544,1.48576,2.25,1.50
2012.03.08 20:35:10.095,1.48544,1.48576,2.25,1.50
2012.03.08 20:35:10.166,1.48544,1.48574,2.25,1.50
2012.03.08 20:35:10.832,1.48545,1.48577,3.00,1.88
2012.03.08 20:35:12.242,1.48545,1.48577,2.25,2.13
2012.03.08 20:35:12.553,1.48545,1.48577,2.25,1.50
2012.03.08 20:35:12.684,1.48543,1.48573,2.25,1.50
2012.03.08 20:35:14.469,1.48545,1.48577,2.25,1.50
2012.03.08 20:35:14.537,1.48548,1.48579,1.50,2.13
2012.03.08 20:35:15.014,1.48548,1.48579,2.25,2.13
2012.03.08 20:35:15.444,1.48548,1.48579,2.25,1.88
2012.03.08 20:35:16.368,1.48548,1.48579,2.25,1.88
2012.03.08 20:35:16.955,1.48548,1.48579,2.25,1.88
2012.03.08 20:35:17.147,1.48545,1.48577,2.25,1.50
2012.03.08 20:35:18.427,1.48544,1.48574,2.25,1.50
2012.03.08 20:35:18.675,1.48546,1.48577,2.25,1.50
2012.03.08 20:35:18.864,1.48551,1.48577,1.50,1.50
2012.03.08 20:35:18.934,1.48553,1.48584,1.50,1.84
2012.03.08 20:35:19.005,1.48553,1.48584,1.50,1.50
2012.03.08 20:35:20.101,1.4855,1.48579,2.25,1.50
2012.03.08 20:35:20.482,1.48547,1.48578,2.25,1.50
2012.03.08 20:35:20.736,1.48549,1.48579,2.25,1.50
2012.03.08 20:35:21.055,1.48549,1.48579,2.74,1.50
2012.03.08 20:35:21.248,1.48552,1.48582,1.50,1.50
2012.03.08 20:35:21.320,1.48552,1.48578,1.50,1.50
2012.03.08 20:35:22.323,1.48552,1.48578,1.88,1.50
2012.03.08 20:35:22.409,1.48557,1.48585,2.25,1.50
2012.03.08 20:35:23.114,1.48561,1.48589,1.50,1.88
2012.03.08 20:35:24.843,1.48561,1.48592,1.50,2.25
2012.03.08 20:35:25.713,1.4856,1.48592,2.25,2.25
2012.03.08 20:35:26.264,1.4856,1.48592,2.25,2.25
2012.03.08 20:35:27.633,1.48578,1.48592,1.84,1.50
2012.03.08 20:35:28.158,1.48584,1.48593,1.80,1.50
2012.03.08 20:35:28.248,1.48585,1.48614,1.05,1.50
2012.03.08 20:35:28.317,1.48583,1.48613,2.25,1.50
2012.03.08 20:35:28.387,1.48583,1.48613,2.25,1.50
2012.03.08 20:35:28.692,1.48581,1.48613,3.00,1.50
2012.03.08 20:35:28.766,1.48585,1.48614,1.50,3.00
2012.03.08 20:35:28.836,1.48582,1.48612,1.50,1.50
2012.03.08 20:35:29.026,1.48579,1.48608,2.25,1.50
2012.03.08 20:35:29.837,1.4858,1.48609,1.50,1.50
2012.03.08 20:35:30.144,1.48578,1.48608,1.50,1.50
2012.03.08 20:35:30.617,1.4858,1.4861,1.50,1.50
2012.03.08 20:35:30.925,1.48578,1.48602,1.50,1.50
2012.03.08 20:35:31.056,1.48576,1.48606,2.25,1.50
2012.03.08 20:35:31.367,1.48578,1.4861,1.50,2.13
2012.03.08 20:35:31.554,1.48577,1.48603,1.50,1.50
2012.03.08 20:35:31.628,1.48571,1.48603,2.25,1.50
2012.03.08 20:35:32.108,1.48575,1.48603,2.25,1.50
2012.03.08 20:35:32.324,1.48578,1.48607,1.50,1.50
2012.03.08 20:35:32.885,1.48578,1.48607,1.50,2.13
2012.03.08 20:35:33.413,1.4858,1.4861,1.50,2.13
2012.03.08 20:35:33.776,1.4858,1.4861,1.50,2.13
2012.03.08 20:35:34.526,1.4858,1.4861,1.50,2.13
2012.03.08 20:35:35.096,1.48578,1.48607,1.50,1.50
2012.03.08 20:35:37.394,1.4858,1.48609,1.50,2.13
2012.03.08 20:35:38.125,1.4858,1.4861,2.25,2.13
2012.03.08 20:35:38.433,1.4858,1.4861,2.25,1.50
2012.03.08 20:35:38.563,1.48587,1.48613,2.25,1.50
2012.03.08 20:35:38.636,1.48587,1.48616,2.25,2.13
2012.03.08 20:35:38.824,1.4859,1.48619,1.50,1.50
2012.03.08 20:35:38.954,1.4859,1.48622,2.25,2.46
2012.03.08 20:35:39.105,1.48589,1.48619,2.25,1.50
2012.03.08 20:35:39.232,1.48587,1.48619,2.25,1.50
2012.03.08 20:35:39.483,1.48586,1.48615,1.50,1.50
2012.03.08 20:35:40.435,1.48582,1.48611,2.25,1.50
2012.03.08 20:35:40.784,1.48579,1.48609,2.25,1.50
2012.03.08 20:35:40.853,1.48582,1.48611,1.50,1.50
2012.03.08 20:35:41.534,1.48584,1.48612,2.25,1.50
2012.03.08 20:35:41.629,1.48585,1.48617,2.25,2.13
2012.03.08 20:35:42.116,1.48583,1.48614,3.75,1.50
2012.03.08 20:35:42.365,1.48585,1.48617,2.25,2.13
2012.03.08 20:35:42.665,1.48591,1.4862,1.50,2.13
2012.03.08 20:35:42.977,1.48593,1.48625,1.50,2.50
2012.03.08 20:35:43.480,1.48591,1.4862,2.25,1.50
2012.03.08 20:35:43.839,1.48586,1.48617,2.25,1.50
2012.03.08 20:35:44.176,1.4859,1.48619,2.25,1.50
2012.03.08 20:35:44.343,1.4859,1.48619,2.25,1.50
2012.03.08 20:35:44.475,1.4859,1.48619,2.25,1.50
2012.03.08 20:35:45.389,1.48596,1.48619,2.25,1.50
2012.03.08 20:35:45.499,1.48605,1.48626,1.50,1.50
2012.03.08 20:35:45.560,1.48593,1.48625,2.25,1.50
2012.03.08 20:35:45.744,1.48591,1.48622,2.25,1.50
2012.03.08 20:35:45.934,1.48588,1.48618,2.25,1.50
2012.03.08 20:35:46.189,1.48597,1.48627,3.00,1.50
2012.03.08 20:35:46.255,1.486,1.4863,2.25,3.00
2012.03.08 20:35:46.633,1.48598,1.48628,2.25,1.50
2012.03.08 20:35:46.953,1.48597,1.48628,2.25,1.50
2012.03.08 20:35:47.083,1.48602,1.48631,2.25,3.63
2012.03.08 20:35:47.156,1.48602,1.48631,1.50,2.13
2012.03.08 20:35:47.660,1.48596,1.48626,2.25,1.50
2012.03.08 20:35:47.724,1.48596,1.48626,2.25,1.50
2012.03.08 20:35:48.038,1.48598,1.48629,2.25,2.13
2012.03.08 20:35:48.180,1.48601,1.48632,2.25,1.50
2012.03.08 20:35:48.250,1.48597,1.48624,1.50,1.50
2012.03.08 20:35:48.317,1.48597,1.48621,1.50,1.50
2012.03.08 20:35:48.684,1.48591,1.48621,2.25,1.50
2012.03.08 20:35:48.935,1.48588,1.48619,2.25,1.50
2012.03.08 20:35:49.385,1.48591,1.48622,2.25,2.13
2012.03.08 20:35:49.895,1.4859,1.48615,1.50,1.50
2012.03.08 20:35:49.970,1.48586,1.48615,2.25,1.50
2012.03.08 20:35:50.034,1.48591,1.48617,1.50,1.50
2012.03.08 20:35:50.105,1.48593,1.48624,1.50,2.13
2012.03.08 20:35:50.398,1.48591,1.48621,3.00,1.50
2012.03.08 20:35:50.537,1.48594,1.48623,1.50,2.13
2012.03.08 20:35:50.858,1.48599,1.48626,2.25,1.50
2012.03.08 20:35:51.395,1.48596,1.48627,2.25,1.50
2012.03.08 20:35:52.824,1.48603,1.48629,1.50,1.50
2012.03.08 20:35:52.895,1.48603,1.48635,1.50,1.50
2012.03.08 20:35:52.965,1.48603,1.48635,2.25,1.50
2012.03.08 20:35:53.152,1.48606,1.48637,2.25,1.50
2012.03.08 20:35:53.287,1.48605,1.48634,3.75,1.50
2012.03.08 20:35:53.705,1.48605,1.48634,1.50,1.50
2012.03.08 20:35:53.835,1.48603,1.4863,1.50,1.50
2012.03.08 20:35:54.025,1.48599,1.4863,2.25,1.50
2012.03.08 20:35:54.174,1.48599,1.4863,2.25,1.50
2012.03.08 20:35:55.022,1.48601,1.48633,2.25,2.13
2012.03.08 20:35:55.537,1.48601,1.48633,1.50,2.13
2012.03.08 20:35:56.184,1.48601,1.48631,1.50,1.50
2012.03.08 20:35:56.498,1.48599,1.48626,1.50,1.50
2012.03.08 20:35:56.626,1.48599,1.48629,1.50,3.34
2012.03.08 20:35:56.753,1.48599,1.48629,1.50,3.96
2012.03.08 20:35:56.956,1.48595,1.48627,2.25,2.13
2012.03.08 20:35:57.023,1.48595,1.48627,1.50,2.13
2012.03.08 20:35:57.092,1.48595,1.48625,1.50,1.50
2012.03.08 20:35:57.414,1.48594,1.48623,2.25,1.50
2012.03.08 20:35:57.898,1.48597,1.48626,2.25,1.50
2012.03.08 20:35:58.155,1.48593,1.48624,1.50,1.50
2012.03.08 20:35:58.224,1.48593,1.48624,2.25,1.50
2012.03.08 20:35:58.423,1.48593,1.48624,1.50,1.50
2012.03.08 20:35:58.673,1.48591,1.48621,2.25,1.50
2012.03.08 20:35:59.902,1.48591,1.48621,2.25,1.50
2012.03.08 20:36:00.363,1.48593,1.48623,2.25,1.50
2012.03.08 20:36:00.434,1.48593,1.48625,2.25,1.50
2012.03.08 20:36:02.679,1.48593,1.48625,2.25,2.13
2012.03.08 20:36:02.952,1.48593,1.48625,2.25,1.50
2012.03.08 20:36:06.772,1.48591,1.48622,3.75,1.50
2012.03.08 20:36:07.224,1.48591,1.48622,2.25,1.50
2012.03.08 20:36:07.474,1.48591,1.48622,2.25,2.13
2012.03.08 20:36:07.822,1.48587,1.48619,2.25,1.50
2012.03.08 20:36:08.187,1.48593,1.48622,2.25,1.50
2012.03.08 20:36:08.255,1.48594,1.48625,2.25,1.50
2012.03.08 20:36:08.812,1.48592,1.48623,3.75,1.50
2012.03.08 20:36:08.944,1.48592,1.48623,2.25,1.50
2012.03.08 20:36:09.014,1.48591,1.4862,1.50,1.50
2012.03.08 20:36:09.554,1.48593,1.48623,1.50,1.50
2012.03.08 20:36:11.155,1.48593,1.48623,2.25,1.50
2012.03.08 20:36:12.694,1.48593,1.48623,1.50,1.50
2012.03.08 20:36:13.474,1.48596,1.48627,2.25,2.13
2012.03.08 20:36:13.752,1.48593,1.48623,1.50,1.50
2012.03.08 20:36:13.822,1.48595,1.48626,1.50,2.13
2012.03.08 20:36:14.398,1.48595,1.48626,2.25,2.13
2012.03.08 20:36:15.325,1.48595,1.48626,2.25,2.13
2012.03.08 20:36:16.235,1.48595,1.48626,1.50,2.13
2012.03.08 20:36:16.414,1.48595,1.48626,1.50,2.13
2012.03.08 20:36:17.483,1.48594,1.48622,1.50,1.50
2012.03.08 20:36:17.675,1.4859,1.48622,1.50,1.50
2012.03.08 20:36:18.013,1.48592,1.48622,1.50,1.50
2012.03.08 20:36:18.382,1.48595,1.48625,1.50,1.50
2012.03.08 20:36:20.388,1.48595,1.48624,1.50,1.50
2012.03.08 20:36:20.706,1.48589,1.4862,1.50,1.50
2012.03.08 20:36:20.895,1.48595,1.4862,1.50,1.50
2012.03.08 20:36:20.967,1.48596,1.48627,1.50,2.50
2012.03.08 20:36:21.466,1.48596,1.48627,1.50,2.13
2012.03.08 20:36:24.036,1.48596,1.48627,1.50,2.13
2012.03.08 20:36:24.423,1.48594,1.48624,3.00,1.50
2012.03.08 20:36:24.493,1.48596,1.48627,1.50,2.13
2012.03.08 20:36:25.585,1.48596,1.48625,1.50,1.38
2012.03.08 20:36:26.166,1.48594,1.48623,1.50,2.13
2012.03.08 20:36:26.703,1.48594,1.48623,1.50,1.50
2012.03.08 20:36:31.169,1.48594,1.48623,1.50,2.88
2012.03.08 20:36:31.392,1.48591,1.4862,1.50,1.50
2012.03.08 20:36:39.179,1.48597,1.48624,1.50,1.09
2012.03.08 20:36:39.373,1.48592,1.48623,1.50,2.13
2012.03.08 20:36:39.507,1.48589,1.48621,1.50,2.13
2012.03.08 20:36:39.574,1.48586,1.48618,1.50,1.50
2012.03.08 20:36:40.089,1.4859,1.4862,1.50,1.50
2012.03.08 20:36:43.958,1.48593,1.48622,1.50,2.13
2012.03.08 20:36:45.106,1.48598,1.48624,1.50,2.46
2012.03.08 20:36:45.176,1.48598,1.48627,1.50,2.46
2012.03.08 20:36:45.246,1.48598,1.48627,1.50,2.13
2012.03.08 20:36:45.765,1.486,1.4863,1.50,2.25
2012.03.08 20:36:45.844,1.48598,1.48628,1.50,2.25
2012.03.08 20:36:46.859,1.48601,1.48629,1.50,1.38
2012.03.08 20:36:47.446,1.48598,1.48627,3.00,1.50
2012.03.08 20:36:49.405,1.48598,1.48627,2.25,1.50
2012.03.08 20:36:49.596,1.48601,1.4863,2.25,1.50
2012.03.08 20:36:49.666,1.48601,1.4863,1.50,2.13
2012.03.08 20:36:49.737,1.48601,1.4863,1.50,1.50
2012.03.08 20:36:49.809,1.48606,1.4863,1.50,1.50
2012.03.08 20:36:49.877,1.48607,1.48636,1.50,1.38
2012.03.08 20:36:50.244,1.48607,1.48633,1.50,1.38
2012.03.08 20:36:50.939,1.48601,1.48631,1.50,2.13
2012.03.08 20:36:51.926,1.48601,1.48631,2.25,2.13
2012.03.08 20:36:51.995,1.48606,1.48634,2.25,3.00
2012.03.08 20:36:52.124,1.48606,1.48638,2.25,2.13
2012.03.08 20:36:52.674,1.48606,1.48638,2.25,1.65
2012.03.08 20:36:53.357,1.48613,1.48639,1.50,1.80
2012.03.08 20:36:53.426,1.48606,1.48638,1.50,1.65
2012.03.08 20:36:53.965,1.48606,1.48638,2.25,1.80
2012.03.08 20:36:54.505,1.486,1.48629,1.50,1.50
2012.03.08 20:36:55.139,1.486,1.48629,1.50,1.80
2012.03.08 20:36:55.486,1.48603,1.48629,1.50,1.80
2012.03.08 20:36:55.555,1.48605,1.48636,1.50,2.13
2012.03.08 20:36:57.313,1.48603,1.48633,3.00,1.50
2012.03.08 20:37:00.855,1.48607,1.48636,1.50,2.13
2012.03.08 20:37:01.792,1.48607,1.48636,1.50,2.13
2012.03.08 20:37:01.868,1.48604,1.48633,1.50,2.13
2012.03.08 20:37:04.203,1.48604,1.48633,2.25,1.50
2012.03.08 20:37:04.795,1.48611,1.4864,2.25,1.50
2012.03.08 20:37:04.995,1.48611,1.4864,2.25,1.50
2012.03.08 20:37:05.123,1.48617,1.48648,2.25,2.13
2012.03.08 20:37:05.313,1.48617,1.48648,1.50,2.13
2012.03.08 20:37:05.387,1.4861,1.48641,2.25,1.50
2012.03.08 20:37:05.453,1.4861,1.48641,2.25,1.50
2012.03.08 20:37:05.584,1.48618,1.48647,1.50,2.13
2012.03.08 20:37:05.652,1.48618,1.48647,1.50,2.13
2012.03.08 20:37:07.213,1.48618,1.48647,1.50,2.13
2012.03.08 20:37:08.525,1.48618,1.48647,1.50,2.13
2012.03.08 20:37:09.683,1.48618,1.48647,1.50,2.13
2012.03.08 20:37:10.256,1.48618,1.48647,1.50,2.13
2012.03.08 20:37:11.311,1.48618,1.48647,1.50,2.13
2012.03.08 20:37:12.175,1.48618,1.48647,1.50,2.13
2012.03.08 20:37:13.342,1.48618,1.48647,1.50,2.13
2012.03.08 20:37:13.573,1.48618,1.48647,1.50,2.13
2012.03.08 20:37:13.923,1.48614,1.48646,2.25,2.13
2012.03.08 20:37:13.999,1.48614,1.48646,2.25,2.13
2012.03.08 20:37:14.124,1.48619,1.48651,2.25,1.50
2012.03.08 20:37:14.621,1.48623,1.48652,1.50,1.50
2012.03.08 20:37:15.497,1.48623,1.48652,1.50,2.13
2012.03.08 20:37:16.217,1.48623,1.48652,1.50,2.13
2012.03.08 20:37:16.554,1.48623,1.48652,2.25,2.13
2012.03.08 20:37:16.684,1.4863,1.48659,1.50,2.13
2012.03.08 20:37:19.372,1.4863,1.48659,1.50,2.13
2012.03.08 20:37:23.363,1.4863,1.48659,1.50,2.13
2012.03.08 20:37:23.883,1.4863,1.48659,1.50,2.13
2012.03.08 20:37:24.374,1.4863,1.48659,1.50,1.50
2012.03.08 20:37:25.694,1.48631,1.48663,1.50,2.88
2012.03.08 20:37:26.316,1.48631,1.48663,1.50,2.88
2012.03.08 20:37:27.466,1.48631,1.48657,1.50,1.50
2012.03.08 20:37:27.597,1.48624,1.48655,1.50,1.50
2012.03.08 20:37:27.725,1.48624,1.48655,1.50,2.13
2012.03.08 20:37:27.916,1.48624,1.48655,1.50,1.50
2012.03.08 20:37:27.982,1.48624,1.48655,2.25,1.50
2012.03.08 20:37:28.294,1.48628,1.48659,1.50,2.13
2012.03.08 20:37:28.483,1.48628,1.48659,1.50,1.50
2012.03.08 20:37:28.614,1.48633,1.48662,1.50,2.13
2012.03.08 20:37:29.240,1.48633,1.48662,1.50,1.50
2012.03.08 20:37:29.983,1.48633,1.48662,2.25,1.50
2012.03.08 20:37:30.115,1.48633,1.48665,2.25,1.50
2012.03.08 20:37:30.244,1.48637,1.48669,2.25,1.50
2012.03.08 20:37:30.375,1.48641,1.48671,1.50,2.13
2012.03.08 20:37:30.759,1.48639,1.48668,1.50,1.50
2012.03.08 20:37:30.823,1.48637,1.48668,2.25,1.50
2012.03.08 20:37:30.975,1.48635,1.48665,3.75,1.50
2012.03.08 20:37:31.753,1.4864,1.48665,1.50,1.50
2012.03.08 20:37:31.884,1.4864,1.48669,1.50,1.50
2012.03.08 20:37:31.957,1.48643,1.48673,1.50,1.50
2012.03.08 20:37:32.083,1.4864,1.48671,3.00,1.50
2012.03.08 20:37:32.337,1.4864,1.48669,1.50,1.50
2012.03.08 20:37:32.406,1.48636,1.48667,2.25,1.50
2012.03.08 20:37:32.475,1.48643,1.48672,1.50,1.50
2012.03.08 20:37:32.724,1.48645,1.48675,1.50,1.50
2012.03.08 20:37:32.797,1.48648,1.48677,1.50,1.50
2012.03.08 20:37:33.075,1.48644,1.48675,1.50,1.50
2012.03.08 20:37:33.312,1.48647,1.48678,1.50,1.50
2012.03.08 20:37:33.646,1.48644,1.48675,1.50,1.50
2012.03.08 20:37:34.493,1.48641,1.48673,2.25,1.50
2012.03.08 20:37:35.478,1.48641,1.48673,3.00,1.50
2012.03.08 20:37:35.545,1.48646,1.48676,2.25,1.50
2012.03.08 20:37:35.617,1.48651,1.48682,2.25,1.50
2012.03.08 20:37:35.688,1.48659,1.48682,1.13,1.50
2012.03.08 20:37:35.878,1.48664,1.48694,1.50,2.13
2012.03.08 20:37:35.948,1.48666,1.48695,2.25,1.50
2012.03.08 20:37:36.083,1.48664,1.48693,1.50,1.50
2012.03.08 20:37:36.218,1.48656,1.48688,3.00,1.50
2012.03.08 20:37:36.409,1.4865,1.48677,1.50,1.50
2012.03.08 20:37:36.477,1.4865,1.48677,1.50,1.50
2012.03.08 20:37:37.370,1.4865,1.4868,1.50,1.50
2012.03.08 20:37:37.437,1.48647,1.48677,3.00,1.50
2012.03.08 20:37:37.775,1.48649,1.4868,3.00,3.00
2012.03.08 20:37:37.851,1.48654,1.48681,1.50,1.50
2012.03.08 20:37:37.915,1.48654,1.48683,1.50,1.50
2012.03.08 20:37:38.404,1.4865,1.48682,2.25,1.50
2012.03.08 20:37:38.473,1.48648,1.48678,3.75,1.50
2012.03.08 20:37:39.044,1.4865,1.4868,2.25,1.50
2012.03.08 20:37:39.576,1.48648,1.48678,3.75,1.50
2012.03.08 20:37:39.987,1.48647,1.48675,1.50,1.50
2012.03.08 20:37:40.763,1.4865,1.4868,2.25,1.50
2012.03.08 20:37:41.292,1.4865,1.4868,1.50,1.50
2012.03.08 20:37:41.444,1.48644,1.48673,3.00,1.50
2012.03.08 20:37:41.766,1.48631,1.48661,1.50,1.50
2012.03.08 20:37:42.408,1.48631,1.48655,1.50,1.50
2012.03.08 20:37:42.486,1.48631,1.48661,1.50,1.50
2012.03.08 20:37:42.926,1.48634,1.48661,1.50,1.50
2012.03.08 20:37:43.774,1.48631,1.48661,1.50,1.50
2012.03.08 20:37:43.907,1.48631,1.48656,1.50,1.50
2012.03.08 20:37:44.212,1.48627,1.48652,1.50,1.50
2012.03.08 20:37:44.825,1.48624,1.48652,1.88,1.50
2012.03.08 20:37:44.902,1.48625,1.48655,3.00,1.50
2012.03.08 20:37:44.979,1.48622,1.48653,4.63,1.50
2012.03.08 20:37:45.325,1.48622,1.48649,1.63,1.50
2012.03.08 20:37:46.494,1.48622,1.48647,1.50,1.50
2012.03.08 20:37:47.293,1.48626,1.48657,3.00,1.50
2012.03.08 20:37:47.424,1.48626,1.48654,1.50,1.50
2012.03.08 20:37:47.817,1.48629,1.48654,2.25,1.50
2012.03.08 20:37:48.068,1.48629,1.48654,1.84,1.50
2012.03.08 20:37:48.143,1.48627,1.48651,1.84,1.50
2012.03.08 20:37:48.217,1.48627,1.48651,1.50,1.50
2012.03.08 20:37:48.406,1.48619,1.48651,2.25,1.50
2012.03.08 20:37:49.104,1.48623,1.48652,2.25,1.50
2012.03.08 20:37:50.194,1.48623,1.48652,2.25,1.50
2012.03.08 20:37:51.774,1.48625,1.48656,1.50,1.50
2012.03.08 20:37:52.166,1.48623,1.48652,1.50,1.50
2012.03.08 20:37:54.307,1.48618,1.48647,2.25,1.50
2012.03.08 20:37:54.372,1.48618,1.48647,1.50,1.50
2012.03.08 20:37:54.505,1.48618,1.48647,2.25,1.50
2012.03.08 20:37:54.816,1.48622,1.48651,1.50,1.50
2012.03.08 20:37:55.133,1.48617,1.48645,1.50,1.50
2012.03.08 20:37:55.323,1.48619,1.48648,2.25,1.50
2012.03.08 20:37:56.112,1.48619,1.48648,2.25,1.50
2012.03.08 20:37:57.022,1.48619,1.48647,2.25,1.50
2012.03.08 20:37:57.463,1.48623,1.48647,1.50,1.50
2012.03.08 20:37:57.785,1.48625,1.48654,1.50,1.50
2012.03.08 20:37:57.853,1.48625,1.48654,1.50,1.50
2012.03.08 20:37:58.018,1.48625,1.48657,3.00,1.50
2012.03.08 20:37:58.966,1.48625,1.48657,2.25,1.50
2012.03.08 20:37:59.037,1.48625,1.48653,1.50,1.50
2012.03.08 20:37:59.463,1.4862,1.4864,2.25,1.50
2012.03.08 20:37:59.545,1.48603,1.48634,3.00,1.50
2012.03.08 20:37:59.735,1.48606,1.48636,2.25,1.50
2012.03.08 20:38:00.034,1.48608,1.4864,2.25,1.50
2012.03.08 20:38:00.565,1.48609,1.48639,2.25,1.50
2012.03.08 20:38:02.940,1.48609,1.48635,2.25,1.50
2012.03.08 20:38:03.013,1.48601,1.48631,1.50,1.50
2012.03.08 20:38:03.643,1.486,1.48631,3.00,1.50
2012.03.08 20:38:04.238,1.486,1.48631,3.00,1.50
2012.03.08 20:38:04.431,1.48605,1.48635,2.25,1.50
2012.03.08 20:38:04.560,1.48607,1.48639,2.25,2.13
2012.03.08 20:38:04.625,1.48606,1.48635,2.25,1.50
2012.03.08 20:38:09.097,1.48608,1.48637,2.25,1.50
2012.03.08 20:38:09.840,1.48608,1.48638,2.25,1.50
2012.03.08 20:38:09.913,1.48613,1.48644,1.50,1.50
2012.03.08 20:38:10.057,1.48611,1.4864,2.25,1.50
2012.03.08 20:38:11.165,1.48607,1.48636,3.38,1.50
2012.03.08 20:38:11.237,1.48607,1.48636,3.38,1.50
2012.03.08 20:38:11.603,1.48601,1.48632,2.25,1.50
2012.03.08 20:38:11.674,1.486,1.48632,2.63,1.50
2012.03.08 20:38:11.966,1.486,1.48629,1.13,1.50
2012.03.08 20:38:12.572,1.48601,1.48631,2.25,3.00
2012.03.08 20:38:13.200,1.48601,1.4863,1.50,1.50
2012.03.08 20:38:13.703,1.48601,1.4863,2.25,1.50
2012.03.08 20:38:15.440,1.48601,1.4863,1.50,1.50
2012.03.08 20:38:16.075,1.48598,1.48628,1.50,1.50
2012.03.08 20:38:16.543,1.486,1.48631,1.50,1.50
2012.03.08 20:38:21.175,1.486,1.48631,2.25,1.50
2012.03.08 20:38:22.914,1.48601,1.48631,1.50,1.50
2012.03.08 20:38:23.752,1.48604,1.48633,2.25,1.50
2012.03.08 20:38:23.827,1.48604,1.48635,2.25,1.50
2012.03.08 20:38:23.898,1.48611,1.4864,2.25,2.13
2012.03.08 20:38:24.457,1.48612,1.48644,1.50,1.50
2012.03.08 20:38:25.665,1.48616,1.48646,1.50,3.00
2012.03.08 20:38:25.894,1.48612,1.48644,1.50,1.50
2012.03.08 20:38:27.214,1.48609,1.48639,2.25,1.50
2012.03.08 20:38:27.403,1.48611,1.48642,1.50,1.50
2012.03.08 20:38:27.917,1.48611,1.48642,2.25,1.50
2012.03.08 20:38:28.046,1.48615,1.48645,2.25,1.50
2012.03.08 20:38:28.114,1.48617,1.48648,2.25,1.50
2012.03.08 20:38:28.364,1.4862,1.4865,1.50,1.50
2012.03.08 20:38:28.573,1.48617,1.48648,2.25,1.50
2012.03.08 20:38:29.541,1.48615,1.48645,3.00,1.50
2012.03.08 20:38:29.666,1.48618,1.48647,1.50,3.00
2012.03.08 20:38:34.810,1.48618,1.48647,2.40,1.50
2012.03.08 20:38:35.117,1.48617,1.48644,1.47,1.50
2012.03.08 20:38:35.366,1.48624,1.4865,1.50,2.13
2012.03.08 20:38:35.435,1.4862,1.4865,1.50,1.50
2012.03.08 20:38:35.972,1.4862,1.48649,1.50,1.50
2012.03.08 20:38:36.501,1.48616,1.48648,1.88,1.50
2012.03.08 20:38:36.816,1.48613,1.48645,2.25,1.50
2012.03.08 20:38:37.125,1.48608,1.48636,1.05,1.50
2012.03.08 20:38:37.375,1.48605,1.48636,1.50,1.50
2012.03.08 20:38:37.627,1.48605,1.48636,1.50,2.13
2012.03.08 20:38:38.606,1.48602,1.48634,1.50,2.13
2012.03.08 20:38:39.922,1.48603,1.48634,1.50,2.13
2012.03.08 20:38:39.995,1.48606,1.48635,1.50,2.13
2012.03.08 20:38:41.362,1.48606,1.48635,1.50,2.13
2012.03.08 20:38:42.523,1.48603,1.48631,1.50,1.50
2012.03.08 20:38:43.124,1.48602,1.48631,1.50,1.50
2012.03.08 20:38:43.553,1.48604,1.48634,1.50,3.00
2012.03.08 20:38:45.469,1.48604,1.48632,1.50,2.25
2012.03.08 20:38:45.657,1.48598,1.48628,1.50,1.38
2012.03.08 20:38:45.786,1.48597,1.48622,1.50,1.50
2012.03.08 20:38:45.856,1.48591,1.48622,1.88,1.50
2012.03.08 20:38:45.925,1.48593,1.48625,1.88,2.13
2012.03.08 20:38:46.591,1.48598,1.48627,1.50,2.13
2012.03.08 20:38:47.357,1.48598,1.48626,1.50,1.38
2012.03.08 20:38:47.487,1.48598,1.48627,1.50,2.13
2012.03.08 20:38:47.941,1.48595,1.48624,3.38,1.50
2012.03.08 20:38:52.976,1.48603,1.48627,1.50,2.13
2012.03.08 20:38:53.057,1.48603,1.48632,1.50,2.13
2012.03.08 20:38:53.128,1.4861,1.48639,1.50,2.13
2012.03.08 20:38:53.434,1.48608,1.48638,1.50,2.13
2012.03.08 20:38:53.507,1.48606,1.48638,1.50,2.13
2012.03.08 20:38:53.575,1.48608,1.48638,1.50,2.13
2012.03.08 20:38:54.123,1.48607,1.48635,1.50,2.13
2012.03.08 20:38:54.192,1.48603,1.48634,1.50,1.50
2012.03.08 20:38:54.694,1.48605,1.48637,2.25,2.13
2012.03.08 20:38:54.895,1.48608,1.48639,1.50,2.13
2012.03.08 20:38:55.398,1.48608,1.48639,1.50,2.13
2012.03.08 20:38:55.957,1.48605,1.48637,2.25,2.13
2012.03.08 20:38:56.761,1.48605,1.48637,2.25,2.13
2012.03.08 20:38:59.577,1.48605,1.48637,2.25,2.13
2012.03.08 20:38:59.830,1.48609,1.48638,1.50,1.50
2012.03.08 20:39:00.596,1.48609,1.48638,1.50,2.13
2012.03.08 20:39:00.671,1.48604,1.48636,1.50,2.13
2012.03.08 20:39:00.744,1.48607,1.48638,1.50,2.13
2012.03.08 20:39:03.864,1.48607,1.48638,1.50,2.13
2012.03.08 20:39:04.454,1.48607,1.48638,1.50,2.13
2012.03.08 20:39:04.792,1.48604,1.48633,1.50,2.88
2012.03.08 20:39:04.938,1.48599,1.4863,1.50,2.13
2012.03.08 20:39:05.466,1.48596,1.48625,1.50,1.50
2012.03.08 20:39:05.536,1.48593,1.48623,1.88,1.50
2012.03.08 20:39:05.860,1.4861,1.48641,1.50,1.68
2012.03.08 20:39:05.926,1.4861,1.48641,1.50,1.30
2012.03.08 20:39:06.057,1.48608,1.48637,1.50,2.13
2012.03.08 20:39:06.128,1.48605,1.48635,1.50,1.50
2012.03.08 20:39:06.194,1.48609,1.48638,1.50,2.13
2012.03.08 20:39:06.325,1.48604,1.48636,1.50,1.50
2012.03.08 20:39:08.994,1.48608,1.48639,1.50,2.13
2012.03.08 20:39:09.112,1.48608,1.48639,1.50,1.50
2012.03.08 20:39:11.034,1.48608,1.48638,1.50,1.50
2012.03.08 20:39:11.224,1.48605,1.48636,1.50,1.50
2012.03.08 20:39:12.303,1.48607,1.48639,1.50,1.50
2012.03.08 20:39:15.073,1.48611,1.4864,1.50,1.50
2012.03.08 20:39:17.253,1.48607,1.48639,1.50,1.50
2012.03.08 20:39:17.805,1.48607,1.48639,1.50,2.13
2012.03.08 20:39:19.105,1.48607,1.48639,1.50,2.13
2012.03.08 20:39:19.615,1.48607,1.48639,1.50,2.88
2012.03.08 20:39:21.512,1.48607,1.48639,1.50,2.13
2012.03.08 20:39:21.956,1.4861,1.48639,1.50,1.38
2012.03.08 20:39:23.057,1.48608,1.48635,1.50,1.50
2012.03.08 20:39:23.498,1.48605,1.48635,1.50,1.50
2012.03.08 20:39:23.565,1.48605,1.48635,1.50,2.13
2012.03.08 20:39:23.987,1.48605,1.48635,1.50,1.50
2012.03.08 20:39:24.525,1.48605,1.48635,2.25,1.50
2012.03.08 20:39:25.825,1.4861,1.4864,1.50,1.50
2012.03.08 20:39:25.892,1.48613,1.48642,1.50,3.63
2012.03.08 20:39:26.428,1.48613,1.48642,1.50,2.13
2012.03.08 20:39:27.253,1.48613,1.48642,1.50,2.13
2012.03.08 20:39:27.338,1.48605,1.48637,1.50,2.13
2012.03.08 20:39:27.843,1.48605,1.48637,1.50,1.50
2012.03.08 20:39:28.704,1.48605,1.48637,2.25,1.50
2012.03.08 20:39:29.616,1.48609,1.48639,3.00,1.50
2012.03.08 20:39:29.685,1.48611,1.48642,1.50,1.50
2012.03.08 20:39:29.758,1.48618,1.48642,1.50,1.50
2012.03.08 20:39:29.823,1.4862,1.4865,1.50,2.13
2012.03.08 20:39:29.907,1.4862,1.4865,1.50,2.13
2012.03.08 20:39:30.449,1.48622,1.4865,1.50,2.13
2012.03.08 20:39:30.522,1.4862,1.48652,2.25,1.50
2012.03.08 20:39:30.653,1.48624,1.48653,1.50,1.50
2012.03.08 20:39:30.984,1.48625,1.48657,1.50,2.13
2012.03.08 20:39:31.513,1.48624,1.48653,1.50,1.50
2012.03.08 20:39:34.385,1.48624,1.48653,1.50,2.13
2012.03.08 20:39:36.866,1.48624,1.48653,1.50,1.50
2012.03.08 20:39:38.164,1.4862,1.48651,1.50,1.50
2012.03.08 20:39:43.416,1.48622,1.48653,1.50,1.38
2012.03.08 20:39:43.965,1.48622,1.48653,1.50,1.38
2012.03.08 20:39:45.213,1.48622,1.48654,1.50,2.88
2012.03.08 20:39:45.833,1.48621,1.4865,1.50,1.50
2012.03.08 20:39:47.323,1.48623,1.48653,1.50,2.13
2012.03.08 20:39:47.536,1.48623,1.48653,1.50,1.50
2012.03.08 20:39:48.050,1.48625,1.48654,3.75,1.50
2012.03.08 20:39:48.121,1.48626,1.48658,2.25,1.50
2012.03.08 20:39:48.189,1.48626,1.48658,2.25,2.13
2012.03.08 20:39:48.496,1.48633,1.48664,1.50,2.88
2012.03.08 20:39:48.804,1.48627,1.48658,1.50,1.50
2012.03.08 20:39:48.873,1.4863,1.4866,1.50,1.50
2012.03.08 20:39:49.208,1.48632,1.48663,1.50,2.13
2012.03.08 20:39:49.337,1.48629,1.4866,1.50,1.50
2012.03.08 20:39:49.408,1.48624,1.48656,1.50,2.13
2012.03.08 20:39:49.775,1.48624,1.48651,1.50,1.50
2012.03.08 20:39:50.266,1.48624,1.48651,1.50,2.13
2012.03.08 20:39:50.338,1.48618,1.48646,1.50,1.50
2012.03.08 20:39:50.537,1.48615,1.48647,2.25,2.13
2012.03.08 20:39:51.181,1.48615,1.48647,2.25,1.50
2012.03.08 20:39:51.426,1.48621,1.4865,1.50,1.50
2012.03.08 20:39:51.559,1.4862,1.48653,1.13,1.50
2012.03.08 20:39:51.624,1.48623,1.48661,1.50,1.38
2012.03.08 20:39:51.698,1.48628,1.4866,1.50,1.50
2012.03.08 20:39:52.236,1.48628,1.48659,1.50,1.50
2012.03.08 20:39:52.905,1.48626,1.48655,2.25,1.50
2012.03.08 20:39:53.576,1.48623,1.48653,3.00,1.50
2012.03.08 20:39:55.211,1.48627,1.48656,1.50,2.13
2012.03.08 20:39:55.733,1.48627,1.48656,1.50,2.13
2012.03.08 20:39:55.805,1.48624,1.48653,1.50,1.50
2012.03.08 20:39:57.435,1.48624,1.48653,2.25,1.50
2012.03.08 20:39:57.750,1.4863,1.48658,2.25,1.50
2012.03.08 20:39:57.816,1.48633,1.48661,1.50,1.50
2012.03.08 20:39:58.474,1.48627,1.48659,2.25,1.50
2012.03.08 20:39:58.974,1.48631,1.48662,2.25,1.50
2012.03.08 20:39:59.497,1.48629,1.48659,3.75,1.50
2012.03.08 20:39:59.906,1.48629,1.48659,1.50,1.50
2012.03.08 20:40:02.074,1.48629,1.48659,1.50,2.88
2012.03.08 20:40:02.148,1.48625,1.48657,1.50,2.13
2012.03.08 20:40:03.735,1.48629,1.48659,1.50,3.63
2012.03.08 20:40:04.550,1.48629,1.48659,1.50,2.13
2012.03.08 20:40:06.641,1.48629,1.48659,1.50,2.13
2012.03.08 20:40:07.309,1.48627,1.48657,1.50,1.50
2012.03.08 20:40:07.464,1.48625,1.48657,1.50,1.50
2012.03.08 20:40:07.904,1.48627,1.48657,1.50,1.50
2012.03.08 20:40:08.216,1.48627,1.48655,1.50,1.50
2012.03.08 20:40:08.843,1.48626,1.48655,1.50,2.88
2012.03.08 20:40:09.125,1.48614,1.48645,1.50,1.50
2012.03.08 20:40:09.316,1.48617,1.48646,1.50,1.50
2012.03.08 20:40:09.386,1.48617,1.48648,1.50,2.25
2012.03.08 20:40:09.774,1.48621,1.48649,1.50,2.88
2012.03.08 20:40:10.288,1.48621,1.48648,1.50,1.38
2012.03.08 20:40:10.357,1.48618,1.48643,1.50,2.13
2012.03.08 20:40:10.425,1.48612,1.48643,1.50,2.13
2012.03.08 20:40:11.077,1.48613,1.48644,2.25,2.13
2012.03.08 20:40:11.150,1.48613,1.48644,2.25,1.50
2012.03.08 20:40:11.214,1.48614,1.48644,1.09,1.50
2012.03.08 20:40:11.406,1.48618,1.48648,2.25,1.50
2012.03.08 20:40:11.476,1.48625,1.4865,1.50,1.50
2012.03.08 20:40:11.605,1.48625,1.48654,1.50,2.13
2012.03.08 20:40:11.755,1.48625,1.48654,1.50,1.65
2012.03.08 20:40:11.824,1.48625,1.48654,1.50,2.13
2012.03.08 20:40:13.228,1.48621,1.48653,2.25,2.46
2012.03.08 20:40:14.067,1.48621,1.48653,1.50,2.46
2012.03.08 20:40:14.134,1.48618,1.4865,1.50,2.13
2012.03.08 20:40:14.673,1.48618,1.4865,1.50,1.50
2012.03.08 20:40:15.532,1.48625,1.4865,2.25,1.50
2012.03.08 20:40:15.676,1.48618,1.48648,1.50,1.50
2012.03.08 20:40:16.067,1.48624,1.48654,1.50,2.13
2012.03.08 20:40:16.646,1.48624,1.48654,1.50,4.38
2012.03.08 20:40:16.983,1.48622,1.48651,1.50,1.50
2012.03.08 20:40:17.568,1.48624,1.48655,1.50,2.13
2012.03.08 20:40:20.096,1.48629,1.48657,1.50,2.13
2012.03.08 20:40:20.166,1.48629,1.48658,1.50,2.13
2012.03.08 20:40:21.663,1.48629,1.48658,1.50,2.13
2012.03.08 20:40:23.084,1.48625,1.48656,1.50,2.13
2012.03.08 20:40:23.213,1.48625,1.48656,1.50,2.13
2012.03.08 20:40:23.523,1.48628,1.48659,1.50,2.13
2012.03.08 20:40:23.593,1.48629,1.48659,1.50,1.50
2012.03.08 20:40:23.672,1.48631,1.48662,1.50,2.13
2012.03.08 20:40:24.878,1.48631,1.48662,2.25,2.13
2012.03.08 20:40:25.202,1.48634,1.48665,2.25,1.50
2012.03.08 20:40:25.685,1.48633,1.48661,2.25,1.50
2012.03.08 20:40:26.144,1.48631,1.48661,2.25,1.50
2012.03.08 20:40:30.095,1.48632,1.48661,1.50,1.50
2012.03.08 20:40:30.165,1.48634,1.48665,1.50,1.50
2012.03.08 20:40:30.444,1.48634,1.48665,2.25,1.50
2012.03.08 20:40:31.182,1.48634,1.48665,1.50,1.50
2012.03.08 20:40:31.585,1.48631,1.48662,3.75,1.50
2012.03.08 20:40:33.204,1.48633,1.48662,1.50,1.50
2012.03.08 20:40:33.586,1.48635,1.48664,1.50,2.13
2012.03.08 20:40:33.923,1.48629,1.48659,1.50,1.50
2012.03.08 20:40:36.554,1.48625,1.48656,1.50,1.50
2012.03.08 20:40:37.520,1.48627,1.48657,1.50,1.50
2012.03.08 20:40:37.582,1.48627,1.48659,1.50,1.50
2012.03.08 20:40:38.358,1.48622,1.48652,1.50,1.50
2012.03.08 20:40:38.927,1.48621,1.48652,2.25,1.50
2012.03.08 20:40:40.804,1.48619,1.48647,2.25,1.50
2012.03.08 20:40:40.998,1.48618,1.48647,1.50,1.84
2012.03.08 20:40:41.126,1.48613,1.48643,1.50,1.50
2012.03.08 20:40:41.993,1.48616,1.48647,1.50,2.13
2012.03.08 20:40:43.275,1.48616,1.48647,1.50,2.13
2012.03.08 20:40:43.868,1.48613,1.48644,1.50,1.50
2012.03.08 20:40:44.965,1.48615,1.48644,1.50,1.50
2012.03.08 20:40:45.549,1.48618,1.48647,1.50,2.13
2012.03.08 20:40:45.942,1.48613,1.48644,1.50,1.50
2012.03.08 20:40:46.468,1.48613,1.48644,1.50,2.13
2012.03.08 20:40:47.100,1.48608,1.48637,1.50,2.13
2012.03.08 20:40:47.196,1.48603,1.48631,1.50,1.50
2012.03.08 20:40:47.271,1.48603,1.48635,1.50,1.50
2012.03.08 20:40:49.393,1.48603,1.48635,1.50,2.13
2012.03.08 20:40:50.364,1.48601,1.48631,2.25,1.50
2012.03.08 20:40:52.316,1.48603,1.48634,1.50,2.13
2012.03.08 20:40:52.662,1.48603,1.48634,2.25,2.13
2012.03.08 20:40:52.734,1.48603,1.48634,1.50,1.50
2012.03.08 20:40:54.153,1.48603,1.48634,2.25,1.50
2012.03.08 20:40:54.280,1.48603,1.48634,1.50,1.50
2012.03.08 20:40:54.936,1.48603,1.48634,2.25,1.50
2012.03.08 20:40:55.424,1.48603,1.48634,1.50,1.50
2012.03.08 20:40:55.614,1.48606,1.48637,1.50,2.13
2012.03.08 20:40:56.162,1.48606,1.48637,2.25,2.13
2012.03.08 20:40:56.514,1.48612,1.48641,1.50,2.13
2012.03.08 20:40:56.583,1.48612,1.48641,1.50,2.13
2012.03.08 20:40:57.125,1.48608,1.48639,2.25,1.50
2012.03.08 20:40:58.309,1.48605,1.48636,2.25,1.50
2012.03.08 20:41:00.965,1.48607,1.48636,1.50,1.50
2012.03.08 20:41:01.404,1.4861,1.48639,1.50,1.50
2012.03.08 20:41:01.484,1.48613,1.48644,1.50,1.50
2012.03.08 20:41:02.047,1.48611,1.48641,2.25,1.50
2012.03.08 20:41:03.318,1.48614,1.48643,1.50,1.50
2012.03.08 20:41:06.348,1.48617,1.48646,1.50,1.50
2012.03.08 20:41:06.944,1.48623,1.4865,1.50,2.13
2012.03.08 20:41:07.021,1.48626,1.48656,1.50,1.50
2012.03.08 20:41:07.084,1.48623,1.48654,3.00,1.50
2012.03.08 20:41:14.456,1.48623,1.48653,1.50,1.50
2012.03.08 20:41:14.523,1.4862,1.48651,2.25,1.50
2012.03.08 20:41:14.674,1.48623,1.48654,1.50,1.50
2012.03.08 20:41:16.002,1.48623,1.48653,1.50,1.50
2012.03.08 20:41:16.066,1.4862,1.48651,2.25,1.50
2012.03.08 20:41:17.559,1.4862,1.4865,2.25,1.50
2012.03.08 20:41:17.885,1.48618,1.48648,2.25,1.50
2012.03.08 20:41:18.144,1.4862,1.48651,2.25,1.50
2012.03.08 20:41:20.329,1.48623,1.48653,1.50,2.25
2012.03.08 20:41:20.820,1.48621,1.48651,1.50,1.50
2012.03.08 20:41:21.539,1.4862,1.48651,2.25,1.50
2012.03.08 20:41:28.081,1.48624,1.48652,1.50,1.50
2012.03.08 20:41:28.325,1.48627,1.48656,2.25,1.50
2012.03.08 20:41:30.843,1.48627,1.48656,3.00,1.50
2012.03.08 20:41:31.356,1.48628,1.4866,2.25,1.50
2012.03.08 20:41:31.897,1.4863,1.4866,1.50,1.50
2012.03.08 20:41:31.969,1.48628,1.4866,3.75,1.50
2012.03.08 20:41:32.036,1.48628,1.4866,1.50,1.50
2012.03.08 20:41:35.464,1.48632,1.48661,1.50,1.50
2012.03.08 20:41:48.166,1.48627,1.48659,1.50,2.13
2012.03.08 20:41:50.113,1.48627,1.48659,1.50,2.13
2012.03.08 20:41:50.800,1.48627,1.48659,1.50,2.13
2012.03.08 20:41:54.313,1.48627,1.48659,1.50,2.13
2012.03.08 20:41:55.137,1.48623,1.48649,1.50,1.50
2012.03.08 20:41:55.466,1.48618,1.48647,2.25,1.50
2012.03.08 20:42:02.005,1.48619,1.48649,2.25,1.50
2012.03.08 20:42:02.134,1.48619,1.48651,2.25,1.50
2012.03.08 20:42:05.165,1.48619,1.48651,2.25,1.50
2012.03.08 20:42:06.805,1.48619,1.48651,2.25,1.50
2012.03.08 20:42:09.835,1.48619,1.48646,2.25,1.50
2012.03.08 20:42:10.284,1.48613,1.48644,2.25,1.50
2012.03.08 20:42:10.566,1.48617,1.48646,1.50,1.50
2012.03.08 20:42:13.935,1.48617,1.48646,2.25,1.50
2012.03.08 20:42:14.285,1.4862,1.48646,1.50,1.50
2012.03.08 20:42:14.475,1.48621,1.4865,2.25,1.50
2012.03.08 20:42:14.851,1.48621,1.4865,2.25,1.50
2012.03.08 20:42:15.628,1.4862,1.48648,1.50,1.50
2012.03.08 20:42:20.204,1.48619,1.48647,1.50,1.50
2012.03.08 20:42:20.653,1.48619,1.48645,1.50,1.50
2012.03.08 20:42:22.126,1.48619,1.48648,1.50,1.50
2012.03.08 20:42:24.986,1.48618,1.48648,1.50,1.50
2012.03.08 20:42:25.070,1.48617,1.48645,1.50,1.50
2012.03.08 20:42:25.768,1.48616,1.48645,2.25,1.50
2012.03.08 20:42:29.586,1.48614,1.48643,3.00,1.50
2012.03.08 20:42:29.935,1.48609,1.48639,2.25,1.50
2012.03.08 20:42:30.465,1.48611,1.48641,2.25,1.50
2012.03.08 20:42:30.533,1.48611,1.48643,2.25,1.50
2012.03.08 20:42:33.744,1.48611,1.48643,1.50,1.50
2012.03.08 20:42:34.688,1.48611,1.48643,2.25,1.50
2012.03.08 20:42:35.425,1.48608,1.48639,2.25,1.50
2012.03.08 20:42:36.806,1.48608,1.48638,3.00,1.50
2012.03.08 20:42:37.400,1.48606,1.48629,2.25,2.13
2012.03.08 20:42:37.482,1.48599,1.48628,1.50,1.50
2012.03.08 20:42:37.556,1.48601,1.48632,1.50,2.13
2012.03.08 20:42:37.686,1.48598,1.48627,1.50,2.13
2012.03.08 20:42:38.370,1.48598,1.48627,1.50,2.13
2012.03.08 20:42:39.684,1.48598,1.48627,1.50,2.13
2012.03.08 20:42:41.913,1.48598,1.48627,1.50,1.50
2012.03.08 20:42:45.542,1.48598,1.48627,1.50,2.13
2012.03.08 20:42:45.736,1.48594,1.48624,1.50,2.88
2012.03.08 20:42:45.806,1.4859,1.48616,1.50,2.13
2012.03.08 20:42:45.873,1.48584,1.48616,1.50,2.13
2012.03.08 20:42:46.003,1.48584,1.48616,2.25,2.13
2012.03.08 20:42:46.134,1.48584,1.48614,2.25,1.50
2012.03.08 20:42:46.203,1.48584,1.48614,1.50,1.50
2012.03.08 20:42:46.345,1.48588,1.48616,1.50,1.50
2012.03.08 20:42:46.679,1.48587,1.48611,1.50,1.50
2012.03.08 20:42:46.746,1.48588,1.4862,1.50,2.13
2012.03.08 20:42:47.498,1.48588,1.4862,1.50,2.13
2012.03.08 20:42:47.964,1.48586,1.48617,1.50,2.13
2012.03.08 20:42:53.683,1.4859,1.48618,2.25,1.50
2012.03.08 20:42:53.757,1.4859,1.48622,2.25,1.50
2012.03.08 20:42:53.828,1.4859,1.48622,2.25,1.50
2012.03.08 20:42:53.959,1.48592,1.48623,2.25,2.13
2012.03.08 20:42:54.422,1.48599,1.48625,1.50,2.13
2012.03.08 20:42:54.504,1.48596,1.48627,1.50,1.50
2012.03.08 20:42:54.796,1.48594,1.48624,3.00,1.50
2012.03.08 20:42:59.360,1.48596,1.48626,1.50,1.50
2012.03.08 20:42:59.706,1.48599,1.48629,1.50,1.50
2012.03.08 20:43:00.788,1.48597,1.48626,1.50,1.50
2012.03.08 20:43:01.192,1.48595,1.48626,1.50,1.50
2012.03.08 20:43:01.255,1.48593,1.48622,1.50,1.50
2012.03.08 20:43:02.660,1.48593,1.48622,2.25,1.50
2012.03.08 20:43:03.008,1.48598,1.48624,1.50,1.50
2012.03.08 20:43:03.075,1.48598,1.48629,1.50,1.50
2012.03.08 20:43:03.325,1.48598,1.48629,1.50,2.13
2012.03.08 20:43:03.463,1.48596,1.48622,1.50,1.50
2012.03.08 20:43:03.535,1.48593,1.48622,1.50,2.13
2012.03.08 20:43:04.067,1.48596,1.48628,1.50,2.13
2012.03.08 20:43:04.134,1.48596,1.48628,1.50,1.50
2012.03.08 20:43:07.703,1.48596,1.48626,1.50,1.50
2012.03.08 20:43:08.184,1.48596,1.48628,1.50,1.50
2012.03.08 20:43:23.583,1.48598,1.48628,1.50,2.88
2012.03.08 20:43:23.654,1.48593,1.48624,1.50,1.50
2012.03.08 20:43:23.997,1.48593,1.4862,1.50,1.50
2012.03.08 20:43:24.317,1.48593,1.48624,1.50,1.50
2012.03.08 20:43:24.386,1.48596,1.48627,1.50,3.00
2012.03.08 20:43:26.334,1.48595,1.4862,1.50,1.50
2012.03.08 20:43:26.405,1.4859,1.4862,1.50,2.13
2012.03.08 20:43:26.544,1.48588,1.4862,1.50,2.13
2012.03.08 20:43:26.794,1.48588,1.4862,2.25,2.13
2012.03.08 20:43:27.370,1.48588,1.4862,2.25,2.13
2012.03.08 20:43:27.789,1.48588,1.4862,1.50,2.13
2012.03.08 20:43:28.764,1.48588,1.4862,2.25,2.13
2012.03.08 20:43:28.836,1.48588,1.4862,2.25,1.50
2012.03.08 20:43:29.836,1.48588,1.4862,1.50,1.50
2012.03.08 20:43:30.335,1.48588,1.4862,1.50,2.13
2012.03.08 20:43:31.776,1.48591,1.48622,2.25,2.13
2012.03.08 20:43:31.905,1.48594,1.48625,1.50,1.50
2012.03.08 20:43:32.156,1.48593,1.48622,1.50,1.50
2012.03.08 20:43:32.829,1.48592,1.48622,1.50,1.50
2012.03.08 20:43:34.875,1.48592,1.48622,1.50,2.25
2012.03.08 20:43:34.943,1.48592,1.48622,1.50,1.50
2012.03.08 20:43:44.567,1.48597,1.48625,1.50,1.50
2012.03.08 20:43:44.887,1.48596,1.48625,3.00,1.50
2012.03.08 20:43:45.075,1.48596,1.48625,3.00,1.50
2012.03.08 20:43:45.211,1.48601,1.48633,1.50,1.50
2012.03.08 20:43:45.538,1.48599,1.4863,2.25,1.50
2012.03.08 20:43:46.086,1.48596,1.48628,1.50,2.13
2012.03.08 20:43:46.395,1.48596,1.48621,1.50,1.50
2012.03.08 20:43:46.645,1.48596,1.48623,1.50,1.50
2012.03.08 20:43:46.835,1.48596,1.48625,1.50,3.00
2012.03.08 20:43:47.446,1.48596,1.48625,1.50,1.50
2012.03.08 20:43:47.585,1.48597,1.48627,2.25,1.50
2012.03.08 20:43:47.657,1.48597,1.48629,1.50,1.50
2012.03.08 20:43:47.926,1.486,1.48631,1.50,3.00
2012.03.08 20:43:48.345,1.48598,1.48629,1.50,1.50
2012.03.08 20:43:49.032,1.48597,1.48629,1.50,1.50
2012.03.08 20:43:49.365,1.48601,1.4863,1.50,1.50
2012.03.08 20:43:49.943,1.48599,1.48626,1.50,1.50
2012.03.08 20:43:50.014,1.48597,1.48626,1.50,1.50
2012.03.08 20:43:50.205,1.48599,1.48629,1.50,1.50
2012.03.08 20:43:51.029,1.48599,1.4863,1.50,1.50
2012.03.08 20:43:52.249,1.48599,1.48628,1.50,1.50
2012.03.08 20:43:52.558,1.48595,1.48624,3.75,1.50
2012.03.08 20:43:53.188,1.48595,1.48623,2.25,1.50
2012.03.08 20:43:53.769,1.48595,1.48623,2.25,1.50
2012.03.08 20:43:54.322,1.48595,1.48623,2.25,1.50
2012.03.08 20:43:55.098,1.48595,1.48623,2.25,1.50
2012.03.08 20:43:55.770,1.48595,1.48623,2.25,1.50
2012.03.08 20:43:56.115,1.48595,1.48623,2.25,1.50
2012.03.08 20:43:56.750,1.48596,1.48627,2.25,1.50
2012.03.08 20:43:57.254,1.48596,1.48627,3.00,1.50
2012.03.08 20:43:57.330,1.486,1.48631,1.50,1.50
2012.03.08 20:43:58.153,1.48597,1.48629,2.25,1.50
2012.03.08 20:44:02.508,1.48595,1.48625,2.25,1.50
2012.03.08 20:44:02.858,1.48595,1.48625,2.25,1.50
2012.03.08 20:44:03.457,1.48595,1.48626,2.25,1.50
2012.03.08 20:44:04.070,1.48595,1.48626,1.50,1.50
2012.03.08 20:44:04.660,1.48595,1.48626,2.25,1.50
2012.03.08 20:44:04.789,1.48595,1.48626,1.50,1.50
2012.03.08 20:44:04.915,1.48598,1.48629,1.50,2.25
2012.03.08 20:44:05.714,1.48601,1.48632,1.50,1.50
2012.03.08 20:44:06.035,1.48601,1.4863,1.50,1.50
2012.03.08 20:44:06.356,1.48604,1.48633,1.50,1.50
2012.03.08 20:44:06.488,1.48605,1.48637,1.50,2.13
2012.03.08 20:44:06.798,1.48599,1.48631,2.25,1.50
2012.03.08 20:44:06.865,1.48599,1.48631,1.50,1.50
2012.03.08 20:44:09.834,1.48602,1.48632,1.50,1.50
2012.03.08 20:44:09.903,1.48602,1.48634,1.50,1.50
2012.03.08 20:44:10.365,1.48606,1.48635,1.50,2.13
2012.03.08 20:44:10.912,1.48606,1.48636,1.50,1.50
2012.03.08 20:44:19.920,1.48603,1.48633,2.25,1.50
2012.03.08 20:44:20.114,1.48603,1.48633,2.25,1.50
2012.03.08 20:44:20.247,1.48606,1.48636,2.25,1.50
2012.03.08 20:44:20.715,1.48606,1.48638,2.25,3.00
2012.03.08 20:44:20.790,1.48606,1.48638,2.25,3.63
2012.03.08 20:44:21.145,1.48606,1.48635,2.25,1.50
2012.03.08 20:44:21.492,1.48603,1.48633,2.25,1.50
2012.03.08 20:44:21.999,1.48601,1.48631,1.50,1.50
2012.03.08 20:44:23.214,1.48605,1.48634,2.25,1.50
2012.03.08 20:44:23.285,1.48607,1.48637,2.25,1.50
2012.03.08 20:44:26.435,1.48607,1.48637,1.50,1.50
2012.03.08 20:44:26.564,1.48604,1.48635,1.50,1.50
2012.03.08 20:44:26.695,1.48604,1.48635,2.25,1.50
2012.03.08 20:44:26.885,1.48609,1.48639,2.25,1.50
2012.03.08 20:44:27.254,1.48607,1.48636,1.50,1.50
2012.03.08 20:44:27.660,1.48607,1.48636,2.25,1.50
2012.03.08 20:44:27.727,1.48607,1.48636,1.50,1.50
2012.03.08 20:44:27.992,1.48603,1.48635,1.50,1.84
2012.03.08 20:44:28.121,1.48599,1.4863,2.25,1.50
2012.03.08 20:44:28.674,1.48604,1.48633,1.50,1.50
2012.03.08 20:44:31.067,1.48604,1.48631,1.50,1.50
2012.03.08 20:44:31.625,1.48599,1.4863,1.50,1.50
2012.03.08 20:44:32.341,1.48596,1.48628,3.00,1.50
2012.03.08 20:44:32.649,1.48602,1.48628,1.50,1.50
2012.03.08 20:44:32.728,1.48596,1.48628,2.25,1.50
2012.03.08 20:44:32.797,1.48596,1.48626,2.25,1.50
2012.03.08 20:44:32.924,1.48593,1.48624,3.00,1.50
2012.03.08 20:44:33.437,1.48594,1.48624,1.50,1.50
2012.03.08 20:44:33.505,1.48597,1.48626,1.50,1.50
2012.03.08 20:44:33.820,1.48597,1.48626,1.50,2.25
2012.03.08 20:44:34.414,1.48597,1.48624,1.50,1.38
2012.03.08 20:44:34.494,1.48587,1.48619,1.50,1.50
2012.03.08 20:44:35.984,1.4859,1.48621,1.50,2.13
2012.03.08 20:44:36.294,1.48596,1.48625,1.50,1.09
2012.03.08 20:44:36.723,1.48596,1.48627,1.50,2.13
2012.03.08 20:44:37.384,1.48596,1.48627,1.50,1.50
2012.03.08 20:44:38.693,1.48596,1.48625,1.50,1.50
2012.03.08 20:44:39.144,1.48597,1.48628,1.50,1.50
2012.03.08 20:44:39.288,1.48597,1.48628,1.50,2.25
2012.03.08 20:44:39.594,1.48597,1.48628,1.50,2.88
2012.03.08 20:44:40.359,1.48595,1.48626,1.50,1.50
2012.03.08 20:44:40.873,1.48597,1.48628,1.50,1.38
2012.03.08 20:44:42.323,1.48597,1.48629,1.50,1.50
2012.03.08 20:44:42.454,1.48601,1.48631,1.50,3.00
2012.03.08 20:44:42.794,1.48599,1.48628,1.50,1.50
2012.03.08 20:44:45.025,1.486,1.48632,1.50,1.50
2012.03.08 20:44:45.668,1.486,1.4863,1.50,1.50
2012.03.08 20:44:45.982,1.48599,1.48628,1.50,1.50
2012.03.08 20:44:51.894,1.48599,1.48628,3.75,1.50
2012.03.08 20:44:51.964,1.486,1.48632,2.25,1.50
2012.03.08 20:44:52.093,1.48603,1.48634,1.50,1.50
2012.03.08 20:44:52.343,1.48601,1.48631,2.25,1.50
2012.03.08 20:44:56.315,1.48604,1.48633,1.50,1.50
2012.03.08 20:44:56.886,1.48604,1.48633,2.25,1.50
2012.03.08 20:44:57.075,1.48608,1.48639,1.50,2.13
2012.03.08 20:45:00.205,1.48606,1.48635,2.25,1.50
2012.03.08 20:45:00.515,1.48609,1.48638,2.25,1.50
2012.03.08 20:45:00.899,1.48609,1.48638,1.50,1.50
2012.03.08 20:45:01.325,1.48602,1.48634,2.25,1.50
2012.03.08 20:45:01.703,1.48602,1.48634,1.50,2.13
2012.03.08 20:45:01.836,1.48602,1.48632,1.50,1.50
2012.03.08 20:45:01.906,1.486,1.48631,1.50,1.50
2012.03.08 20:45:02.591,1.48606,1.48631,1.50,1.50
2012.03.08 20:45:02.739,1.48607,1.48638,4.50,1.50
2012.03.08 20:45:02.881,1.48605,1.48631,1.50,1.50
2012.03.08 20:45:03.028,1.48602,1.48631,2.25,1.50
2012.03.08 20:45:03.102,1.48604,1.48635,1.50,1.50
2012.03.08 20:45:03.290,1.48602,1.48633,1.50,2.25
2012.03.08 20:45:03.607,1.48601,1.48633,1.50,2.25
2012.03.08 20:45:04.171,1.486,1.48629,1.50,1.50
2012.03.08 20:45:04.495,1.48602,1.48632,1.50,1.50
2012.03.08 20:45:04.626,1.48605,1.48635,1.50,1.50
2012.03.08 20:45:05.314,1.48603,1.48632,1.50,1.50
2012.03.08 20:45:08.304,1.48605,1.48632,1.50,1.50
2012.03.08 20:45:08.376,1.48606,1.48637,1.50,1.50
2012.03.08 20:45:08.935,1.48606,1.48637,2.25,2.13
2012.03.08 20:45:09.126,1.48606,1.48637,3.00,1.50
2012.03.08 20:45:09.318,1.48611,1.48638,1.50,1.50
2012.03.08 20:45:09.611,1.48615,1.48644,1.50,2.13
2012.03.08 20:45:09.675,1.48612,1.48642,1.50,1.50
2012.03.08 20:45:15.855,1.48612,1.48641,1.50,1.50
2012.03.08 20:45:15.928,1.4861,1.48639,1.50,1.50
2012.03.08 20:45:16.059,1.48605,1.48637,1.50,1.50
2012.03.08 20:45:16.125,1.48605,1.48637,2.25,2.13
2012.03.08 20:45:16.758,1.48605,1.48637,2.25,2.13
2012.03.08 20:45:19.247,1.48605,1.48637,2.25,2.13
2012.03.08 20:45:19.494,1.48605,1.48637,2.25,2.13
2012.03.08 20:45:21.247,1.48613,1.48643,1.50,2.13
2012.03.08 20:45:21.326,1.48613,1.48644,1.50,1.50
2012.03.08 20:45:21.855,1.48615,1.48643,1.50,1.50
2012.03.08 20:45:22.169,1.48625,1.48657,2.25,2.13
2012.03.08 20:45:23.290,1.48624,1.48653,2.25,1.50
2012.03.08 20:45:25.967,1.48624,1.48653,1.50,1.50
2012.03.08 20:45:27.584,1.48626,1.48655,1.50,1.50
2012.03.08 20:45:27.655,1.48626,1.48658,2.25,1.50
2012.03.08 20:45:27.983,1.48625,1.48655,2.25,1.50
2012.03.08 20:45:28.473,1.48629,1.48659,1.50,2.25
2012.03.08 20:45:29.230,1.48632,1.48661,1.50,3.75
2012.03.08 20:45:29.438,1.48632,1.48661,2.25,1.50
2012.03.08 20:45:29.570,1.48628,1.48658,1.50,1.50
2012.03.08 20:45:29.636,1.48627,1.48656,3.00,1.50
2012.03.08 20:45:29.827,1.48633,1.48663,1.50,1.50
2012.03.08 20:45:29.900,1.48631,1.4866,1.50,1.50
2012.03.08 20:45:30.210,1.48634,1.48666,1.50,1.50
2012.03.08 20:45:30.465,1.4863,1.48661,2.25,1.50
2012.03.08 20:45:30.775,1.48628,1.48657,2.25,1.50
2012.03.08 20:45:30.964,1.48631,1.48663,2.25,1.50
2012.03.08 20:45:36.638,1.48628,1.4866,2.25,1.50
2012.03.08 20:45:36.933,1.48632,1.48664,1.50,1.50
2012.03.08 20:45:37.966,1.48632,1.48664,1.50,2.25
2012.03.08 20:45:38.037,1.48637,1.48664,1.50,2.25
2012.03.08 20:45:38.358,1.4864,1.48664,1.50,2.13
2012.03.08 20:45:38.489,1.4864,1.48669,1.50,1.50
2012.03.08 20:45:38.618,1.48638,1.48667,1.50,1.50
2012.03.08 20:45:38.685,1.4864,1.4867,1.50,1.50
2012.03.08 20:45:46.991,1.4864,1.4867,1.50,2.13
2012.03.08 20:45:47.698,1.4864,1.4867,1.50,1.50
2012.03.08 20:45:48.066,1.4864,1.4867,1.50,2.13
2012.03.08 20:45:48.313,1.4864,1.4867,1.50,1.50
2012.03.08 20:45:50.637,1.4864,1.4867,1.50,2.25
2012.03.08 20:45:50.705,1.48637,1.48668,1.50,1.50
2012.03.08 20:45:51.626,1.48637,1.48668,1.50,2.25
2012.03.08 20:45:53.036,1.48634,1.48664,1.50,2.25
2012.03.08 20:45:53.292,1.48626,1.48658,2.25,1.50
2012.03.08 20:45:53.366,1.48625,1.48654,2.25,1.50
2012.03.08 20:45:53.434,1.48625,1.48654,1.50,1.50
2012.03.08 20:45:53.658,1.48626,1.48658,1.50,2.13
2012.03.08 20:45:53.896,1.4863,1.48659,1.50,1.38
2012.03.08 20:45:54.124,1.48625,1.48654,1.50,1.50
2012.03.08 20:45:54.254,1.48629,1.48657,1.50,1.38
2012.03.08 20:45:54.652,1.48626,1.48658,3.00,2.88
2012.03.08 20:45:54.724,1.48626,1.48658,1.50,2.13
2012.03.08 20:45:54.852,1.48625,1.48653,1.50,1.50
2012.03.08 20:45:54.915,1.48623,1.48653,1.50,1.50
2012.03.08 20:45:54.987,1.48631,1.48653,1.50,1.50
2012.03.08 20:45:55.266,1.48628,1.48653,1.50,1.50
2012.03.08 20:45:55.484,1.4863,1.48659,1.50,1.38
2012.03.08 20:45:57.228,1.4863,1.4866,1.50,2.88
2012.03.08 20:45:57.715,1.48627,1.48656,1.50,1.50
2012.03.08 20:45:58.474,1.4863,1.4866,1.50,1.38
2012.03.08 20:45:59.859,1.4863,1.48662,1.50,2.13
2012.03.08 20:46:00.375,1.48635,1.48663,1.50,2.13
2012.03.08 20:46:00.451,1.48631,1.48662,1.50,2.13
2012.03.08 20:46:01.256,1.48631,1.48659,1.50,1.50
2012.03.08 20:46:01.593,1.48627,1.48656,1.50,2.13
2012.03.08 20:46:02.383,1.48627,1.48656,1.50,2.13
2012.03.08 20:46:03.858,1.48627,1.48656,1.50,1.50
2012.03.08 20:46:04.135,1.48627,1.48656,1.50,2.13
2012.03.08 20:46:04.585,1.4863,1.48658,1.50,2.88
2012.03.08 20:46:05.245,1.4863,1.48659,1.50,1.09
2012.03.08 20:46:05.605,1.4863,1.48661,1.50,2.46
2012.03.08 20:46:06.089,1.4863,1.48655,1.50,1.38
2012.03.08 20:46:06.446,1.4862,1.48649,1.50,1.50
2012.03.08 20:46:06.956,1.48623,1.48652,1.50,1.50
2012.03.08 20:46:10.219,1.4862,1.48651,1.50,1.50
2012.03.08 20:46:11.020,1.48619,1.48651,1.50,1.50
2012.03.08 20:46:12.454,1.48619,1.48651,2.25,1.50
2012.03.08 20:46:15.762,1.48626,1.48653,1.50,1.50
2012.03.08 20:46:16.006,1.48626,1.48655,2.25,1.50
2012.03.08 20:46:16.135,1.48628,1.48659,1.50,1.50
2012.03.08 20:46:16.209,1.48626,1.48655,2.25,1.50
2012.03.08 20:46:16.719,1.48621,1.48653,2.25,1.50
2012.03.08 20:46:17.389,1.48624,1.48655,2.25,2.13
2012.03.08 20:46:18.073,1.48624,1.48655,2.25,2.13
2012.03.08 20:46:18.428,1.48626,1.48658,2.25,2.13
2012.03.08 20:46:18.497,1.48626,1.48658,2.25,2.13
2012.03.08 20:46:18.626,1.48626,1.48658,2.25,1.50
2012.03.08 20:46:19.407,1.48626,1.48658,2.25,2.13
2012.03.08 20:46:20.462,1.48626,1.48658,1.50,2.13
2012.03.08 20:46:21.010,1.48624,1.4865,1.50,1.50
2012.03.08 20:46:21.136,1.48621,1.48651,2.25,1.50
2012.03.08 20:46:21.205,1.48621,1.48653,2.25,1.50
2012.03.08 20:46:21.745,1.48625,1.48654,1.50,1.50
2012.03.08 20:46:22.615,1.48625,1.48655,1.50,1.50
2012.03.08 20:46:26.329,1.48625,1.48653,1.50,1.50
2012.03.08 20:46:26.394,1.48621,1.48652,1.50,1.50
2012.03.08 20:46:28.663,1.48621,1.48652,1.50,2.13
2012.03.08 20:46:31.556,1.48621,1.48652,1.50,1.50
2012.03.08 20:46:32.584,1.48621,1.48651,1.50,1.50
2012.03.08 20:46:32.654,1.48618,1.4865,1.50,1.50
2012.03.08 20:46:33.726,1.4862,1.4865,1.50,1.50
2012.03.08 20:46:34.035,1.48624,1.48656,1.50,2.13
2012.03.08 20:46:38.098,1.48624,1.48656,1.50,1.50
2012.03.08 20:46:38.688,1.48624,1.48656,1.50,2.13
2012.03.08 20:46:40.936,1.48624,1.48656,1.50,2.13
2012.03.08 20:46:41.005,1.48627,1.48658,1.50,2.13
2012.03.08 20:46:41.135,1.48627,1.48659,1.50,1.50
2012.03.08 20:46:41.286,1.48629,1.48659,1.50,1.50
2012.03.08 20:46:41.815,1.48632,1.48662,1.50,2.13
2012.03.08 20:46:42.144,1.4863,1.48659,1.50,1.50
2012.03.08 20:46:42.394,1.48629,1.48661,1.50,1.50
2012.03.08 20:46:42.887,1.48633,1.48662,1.50,1.50
2012.03.08 20:46:43.379,1.48629,1.48658,1.50,1.50
2012.03.08 20:46:43.708,1.48629,1.48658,2.25,1.50
2012.03.08 20:46:43.773,1.48629,1.48658,1.50,1.50
2012.03.08 20:46:43.977,1.48631,1.48661,1.50,1.50
2012.03.08 20:46:49.378,1.48632,1.48661,1.50,1.50
2012.03.08 20:46:49.627,1.48633,1.48664,1.50,1.50
2012.03.08 20:46:49.807,1.48632,1.48662,1.50,1.50
2012.03.08 20:46:49.874,1.4863,1.48662,1.50,1.50
2012.03.08 20:46:50.188,1.48626,1.48657,3.00,1.50
2012.03.08 20:46:50.334,1.4863,1.48662,1.50,1.50
2012.03.08 20:46:50.406,1.48634,1.48663,1.50,3.00
2012.03.08 20:46:50.865,1.48636,1.48665,1.50,1.50
2012.03.08 20:46:51.578,1.48636,1.48666,1.50,2.13
2012.03.08 20:46:52.224,1.4863,1.48658,2.25,1.50
2012.03.08 20:46:52.367,1.48633,1.48661,1.50,1.50
2012.03.08 20:46:52.624,1.48636,1.48665,1.50,3.00
2012.03.08 20:46:53.418,1.48636,1.48664,1.50,1.50
2012.03.08 20:46:53.486,1.48633,1.48662,1.50,1.50
2012.03.08 20:46:54.709,1.48636,1.48664,1.50,1.50
2012.03.08 20:46:55.258,1.48638,1.48666,1.50,1.50
2012.03.08 20:46:55.334,1.48638,1.4867,1.50,1.50
2012.03.08 20:46:55.468,1.48645,1.48676,1.50,2.13
2012.03.08 20:46:55.802,1.48645,1.48673,1.50,1.50
2012.03.08 20:46:56.011,1.48641,1.4867,1.50,1.50
2012.03.08 20:47:00.584,1.48638,1.48669,1.50,1.50
2012.03.08 20:47:01.318,1.48637,1.48669,2.25,1.50
2012.03.08 20:47:03.586,1.48638,1.48669,1.50,1.50
2012.03.08 20:47:03.655,1.4864,1.48671,1.50,1.50
2012.03.08 20:47:07.182,1.48638,1.48668,1.50,1.50
2012.03.08 20:47:07.483,1.48641,1.4867,2.25,1.50
2012.03.08 20:47:07.679,1.48643,1.48673,1.50,1.50
2012.03.08 20:47:10.577,1.48643,1.48673,2.25,1.50
2012.03.08 20:47:10.726,1.48643,1.48673,1.50,1.50
2012.03.08 20:47:11.037,1.4864,1.48669,2.25,1.50
2012.03.08 20:47:12.082,1.48641,1.4867,2.25,1.50
2012.03.08 20:47:12.425,1.48638,1.48668,2.25,1.50
2012.03.08 20:47:12.496,1.48638,1.48668,2.25,1.50
2012.03.08 20:47:12.686,1.48635,1.48666,1.50,1.50
2012.03.08 20:47:13.806,1.48634,1.48666,2.25,2.13
2012.03.08 20:47:14.323,1.48634,1.48666,2.25,1.50
2012.03.08 20:47:14.914,1.48638,1.48667,1.50,1.50
2012.03.08 20:47:15.962,1.4864,1.48669,1.50,1.50
2012.03.08 20:47:16.294,1.48634,1.48666,2.25,1.50
2012.03.08 20:47:16.489,1.48637,1.48668,2.25,1.50
2012.03.08 20:47:16.699,1.48637,1.48668,2.25,3.00
2012.03.08 20:47:17.008,1.48633,1.48662,2.25,1.50
2012.03.08 20:47:17.286,1.48637,1.48667,2.25,1.50
2012.03.08 20:47:17.684,1.48637,1.48667,2.25,1.50
2012.03.08 20:47:17.815,1.48633,1.48665,2.25,1.50
2012.03.08 20:47:18.636,1.48636,1.48667,2.25,1.50
2012.03.08 20:47:21.065,1.48634,1.48664,2.25,1.50
2012.03.08 20:47:21.416,1.48634,1.48664,1.50,1.50
2012.03.08 20:47:21.544,1.48634,1.48664,2.25,1.50
2012.03.08 20:47:24.118,1.48631,1.48659,2.25,1.50
2012.03.08 20:47:24.666,1.48633,1.48662,2.25,1.50
2012.03.08 20:47:24.736,1.48633,1.48664,2.25,1.50
2012.03.08 20:47:26.698,1.4863,1.48662,2.25,1.50
2012.03.08 20:47:26.925,1.4863,1.48662,2.25,1.50
2012.03.08 20:47:27.225,1.48628,1.48658,2.25,1.50
2012.03.08 20:47:27.535,1.48626,1.48658,2.25,2.13
2012.03.08 20:47:27.725,1.48626,1.48658,2.25,1.50
2012.03.08 20:47:28.156,1.4863,1.48659,2.25,2.13
2012.03.08 20:47:28.704,1.4863,1.48659,1.50,2.13
2012.03.08 20:47:31.024,1.4863,1.48659,1.50,1.50
2012.03.08 20:47:31.094,1.4863,1.48659,1.50,2.13
2012.03.08 20:47:31.656,1.4863,1.48659,1.50,2.13
2012.03.08 20:47:32.163,1.4863,1.48659,1.50,1.50
2012.03.08 20:47:32.726,1.48631,1.48663,3.00,1.50
2012.03.08 20:47:32.803,1.48634,1.48666,1.50,1.50
2012.03.08 20:47:33.378,1.48635,1.48667,1.50,1.50
2012.03.08 20:47:33.719,1.48631,1.48663,3.00,1.50
2012.03.08 20:47:39.965,1.48632,1.48663,1.50,1.50
2012.03.08 20:47:40.450,1.48634,1.48665,1.50,1.50
2012.03.08 20:47:41.778,1.48632,1.48663,2.25,1.50
2012.03.08 20:47:42.749,1.48635,1.48664,1.50,1.50
2012.03.08 20:47:45.487,1.48638,1.48667,1.50,3.00
2012.03.08 20:47:45.819,1.48631,1.4866,2.25,1.50
2012.03.08 20:47:46.356,1.48634,1.48662,1.50,1.50
2012.03.08 20:47:46.424,1.48634,1.48665,1.50,1.50
2012.03.08 20:47:55.247,1.48634,1.48664,1.50,1.50
2012.03.08 20:47:55.316,1.4863,1.48662,1.50,2.13
2012.03.08 20:47:55.384,1.48633,1.48662,1.50,2.13
2012.03.08 20:47:55.939,1.48634,1.48666,1.50,2.13
2012.03.08 20:47:56.450,1.48631,1.48663,1.50,2.13
2012.03.08 20:47:56.857,1.4863,1.48659,3.00,1.50
2012.03.08 20:47:57.628,1.4863,1.48659,2.25,1.50
2012.03.08 20:47:57.941,1.4863,1.48659,4.50,1.50
2012.03.08 20:47:58.008,1.48635,1.48664,1.50,2.13
2012.03.08 20:47:58.378,1.48635,1.48664,2.25,2.13
2012.03.08 20:47:58.921,1.4863,1.4866,2.25,1.50
2012.03.08 20:47:59.467,1.48633,1.48662,2.25,2.13
2012.03.08 20:47:59.598,1.48637,1.48664,2.25,1.50
2012.03.08 20:48:00.039,1.48637,1.48667,2.25,1.50
2012.03.08 20:48:00.166,1.48633,1.48662,1.50,1.50
2012.03.08 20:48:01.115,1.48632,1.48659,1.50,1.50
2012.03.08 20:48:03.147,1.48632,1.48659,1.50,1.50
2012.03.08 20:48:03.537,1.48633,1.48664,2.25,1.50
2012.03.08 20:48:04.204,1.48633,1.48664,2.25,1.50
2012.03.08 20:48:04.745,1.48637,1.48666,3.75,1.50
2012.03.08 20:48:04.820,1.48638,1.4867,2.25,2.13
2012.03.08 20:48:05.248,1.48634,1.48666,2.25,1.50
2012.03.08 20:48:05.375,1.48631,1.48661,2.25,1.50
2012.03.08 20:48:05.929,1.48632,1.48662,2.25,1.50
2012.03.08 20:48:06.066,1.48636,1.48664,2.25,2.13
2012.03.08 20:48:06.135,1.48636,1.48666,2.25,1.50
2012.03.08 20:48:06.590,1.48636,1.48665,2.25,1.50
2012.03.08 20:48:07.183,1.48637,1.48666,1.50,1.50
2012.03.08 20:48:10.538,1.48633,1.48664,1.50,1.50
2012.03.08 20:48:15.404,1.48631,1.48661,2.25,1.50
2012.03.08 20:48:15.893,1.48633,1.48664,1.50,2.13
2012.03.08 20:48:16.203,1.4863,1.48662,1.50,1.50
2012.03.08 20:48:16.919,1.4863,1.48658,1.50,1.50
2012.03.08 20:48:16.985,1.48627,1.48656,1.50,1.50
2012.03.08 20:48:17.470,1.48629,1.48656,1.50,1.50
2012.03.08 20:48:17.617,1.48631,1.48663,1.50,2.13
2012.03.08 20:48:17.685,1.48629,1.4866,3.75,1.50
2012.03.08 20:48:17.935,1.48631,1.48663,2.25,1.50
2012.03.08 20:48:21.424,1.48631,1.48663,2.25,1.50
2012.03.08 20:48:21.750,1.48634,1.48666,2.25,1.50
2012.03.08 20:48:22.466,1.48634,1.48664,2.25,1.50
2012.03.08 20:48:23.139,1.48631,1.48663,2.25,1.50
2012.03.08 20:48:23.209,1.48631,1.48663,2.25,1.50
2012.03.08 20:48:24.625,1.48631,1.48663,2.25,1.50
2012.03.08 20:48:32.151,1.48634,1.48664,2.25,1.50
2012.03.08 20:48:32.700,1.48634,1.48665,2.25,1.50
2012.03.08 20:48:38.357,1.48632,1.48662,2.25,1.50
2012.03.08 20:48:41.455,1.48632,1.48662,1.50,1.50
2012.03.08 20:48:43.674,1.48632,1.48662,1.50,2.13
2012.03.08 20:48:44.025,1.48632,1.48662,1.50,1.50
2012.03.08 20:48:44.098,1.48636,1.48667,1.50,2.28
2012.03.08 20:48:44.565,1.48634,1.48663,1.50,2.13
2012.03.08 20:48:44.636,1.48634,1.48663,1.50,2.88
2012.03.08 20:48:44.706,1.48632,1.48659,1.50,2.25
2012.03.08 20:48:44.837,1.48627,1.48659,1.50,2.88
2012.03.08 20:48:45.394,1.48628,1.48659,1.50,2.88
2012.03.08 20:48:45.463,1.4863,1.48659,1.50,1.38
2012.03.08 20:48:45.853,1.48626,1.48657,1.50,1.50
2012.03.08 20:48:46.445,1.48627,1.48657,1.50,1.50
2012.03.08 20:48:46.832,1.4863,1.48659,1.50,2.88
2012.03.08 20:48:51.406,1.48627,1.48653,1.50,2.13
2012.03.08 20:48:51.476,1.48622,1.48653,1.50,2.13
2012.03.08 20:48:51.545,1.48624,1.48656,1.50,2.13
2012.03.08 20:48:51.617,1.48624,1.48656,1.50,1.50
2012.03.08 20:48:51.687,1.48627,1.48658,1.50,1.38
2012.03.08 20:48:52.033,1.4863,1.48658,1.50,1.38
2012.03.08 20:48:52.110,1.4863,1.48659,1.50,1.38
2012.03.08 20:48:52.718,1.4863,1.48662,1.50,3.93
2012.03.08 20:48:52.784,1.48626,1.48655,1.50,1.50
2012.03.08 20:48:52.882,1.48629,1.48659,1.50,2.13
2012.03.08 20:48:54.146,1.48629,1.48659,1.50,2.13
2012.03.08 20:48:54.665,1.48629,1.48659,1.50,2.13
2012.03.08 20:48:55.565,1.48629,1.48659,1.50,2.13
2012.03.08 20:48:56.924,1.48634,1.48662,1.50,1.50
2012.03.08 20:48:57.479,1.48634,1.48661,1.50,1.50
2012.03.08 20:48:57.544,1.48628,1.48659,1.50,1.50
2012.03.08 20:48:58.783,1.4863,1.48662,1.50,2.13
2012.03.08 20:48:59.429,1.48629,1.48658,1.50,1.50
2012.03.08 20:49:01.605,1.48626,1.48655,1.50,1.50
2012.03.08 20:49:02.417,1.48629,1.48657,1.50,2.13
2012.03.08 20:49:02.919,1.48629,1.48658,1.50,2.13
2012.03.08 20:49:05.933,1.48629,1.48658,1.50,2.13
2012.03.08 20:49:06.520,1.48635,1.48664,1.50,1.50
2012.03.08 20:49:06.957,1.48635,1.48661,1.50,1.13
2012.03.08 20:49:07.266,1.48621,1.4865,1.50,2.13
2012.03.08 20:49:07.394,1.48621,1.4865,1.50,2.25
2012.03.08 20:49:07.993,1.48616,1.48644,1.50,1.38
2012.03.08 20:49:09.234,1.48614,1.48644,1.50,2.88
2012.03.08 20:49:09.608,1.48614,1.48644,1.50,2.88
2012.03.08 20:49:09.805,1.48614,1.48644,1.50,2.25
2012.03.08 20:49:10.314,1.48614,1.48644,1.50,2.59
2012.03.08 20:49:10.967,1.48614,1.48644,1.50,2.25
2012.03.08 20:49:11.498,1.48614,1.48644,1.50,2.13
2012.03.08 20:49:11.687,1.48621,1.48651,1.50,2.13
2012.03.08 20:49:12.002,1.48623,1.48654,1.50,2.13
2012.03.08 20:49:12.195,1.4862,1.48652,1.50,2.13
2012.03.08 20:49:12.869,1.48618,1.48649,1.50,1.50
2012.03.08 20:49:13.630,1.48632,1.48651,1.50,1.50
2012.03.08 20:49:13.708,1.48635,1.48663,1.50,1.50
2012.03.08 20:49:14.099,1.48638,1.48665,1.50,1.38
2012.03.08 20:49:14.168,1.48634,1.48664,1.50,2.25
2012.03.08 20:49:16.140,1.48639,1.48666,1.50,1.50
2012.03.08 20:49:16.207,1.48639,1.4867,1.50,1.50
2012.03.08 20:49:16.609,1.48642,1.48672,1.50,1.50
2012.03.08 20:49:16.737,1.48639,1.4867,1.50,1.50
2012.03.08 20:49:16.809,1.48643,1.48673,1.50,1.75
2012.03.08 20:49:17.148,1.48647,1.48674,1.50,1.38
2012.03.08 20:49:17.592,1.48647,1.48678,1.50,2.13
2012.03.08 20:49:18.281,1.48647,1.48675,1.50,1.38
2012.03.08 20:49:18.401,1.48645,1.48674,1.50,2.25
2012.03.08 20:49:20.416,1.48645,1.48674,1.50,2.88
2012.03.08 20:49:22.521,1.48645,1.48674,1.50,2.25
2012.03.08 20:49:22.597,1.48642,1.48668,1.50,2.25
2012.03.08 20:49:22.667,1.48642,1.48668,1.50,2.25
2012.03.08 20:49:22.857,1.48636,1.48666,1.50,1.50
2012.03.08 20:49:23.396,1.48635,1.48666,1.50,1.50
2012.03.08 20:49:24.429,1.48636,1.48666,1.50,2.13
2012.03.08 20:49:24.506,1.48639,1.48668,1.50,2.88
2012.03.08 20:49:24.820,1.48646,1.48675,2.25,1.80
2012.03.08 20:49:25.327,1.48648,1.48675,3.00,1.50
2012.03.08 20:49:25.517,1.4865,1.48681,1.50,2.88
2012.03.08 20:49:26.458,1.48647,1.48677,1.50,1.50
2012.03.08 20:49:28.496,1.48648,1.48677,1.50,1.50
2012.03.08 20:49:28.938,1.48651,1.4868,1.50,1.50
2012.03.08 20:49:31.437,1.48653,1.4868,1.13,1.50
2012.03.08 20:49:31.752,1.48659,1.48689,2.25,2.25
2012.03.08 20:49:31.817,1.48659,1.48689,1.50,1.38
2012.03.08 20:49:31.887,1.48665,1.48689,1.50,1.38
2012.03.08 20:49:32.017,1.48663,1.48692,1.50,2.13
2012.03.08 20:49:32.087,1.48658,1.48682,1.50,1.50
2012.03.08 20:49:32.563,1.4866,1.48688,1.50,1.50
2012.03.08 20:49:32.638,1.48657,1.48687,1.50,1.50
2012.03.08 20:49:32.766,1.48655,1.48684,3.00,1.50
2012.03.08 20:49:33.317,1.48654,1.48684,1.50,1.50
2012.03.08 20:49:33.645,1.4866,1.48689,1.50,1.50
2012.03.08 20:49:33.959,1.48669,1.487,1.50,2.25
2012.03.08 20:49:34.287,1.48667,1.48696,1.50,2.25
2012.03.08 20:49:34.740,1.48664,1.48687,1.50,1.50
2012.03.08 20:49:34.821,1.48658,1.48687,3.75,1.50
2012.03.08 20:49:35.647,1.48658,1.48685,2.25,1.50
2012.03.08 20:49:36.174,1.48658,1.48681,2.25,1.50
2012.03.08 20:49:36.255,1.48651,1.48679,2.25,1.50
2012.03.08 20:49:36.327,1.48658,1.48679,1.50,1.50
2012.03.08 20:49:36.400,1.48658,1.48685,1.50,1.50
2012.03.08 20:49:36.585,1.48659,1.48688,1.50,1.50
2012.03.08 20:49:37.375,1.48658,1.48686,1.50,1.50
2012.03.08 20:49:56.045,1.48656,1.48686,1.50,1.50
2012.03.08 20:50:00.972,1.48657,1.48686,1.50,1.50
2012.03.08 20:50:01.044,1.48662,1.48692,1.50,2.25
2012.03.08 20:50:01.356,1.48666,1.48689,1.50,1.38
2012.03.08 20:50:01.424,1.48663,1.48689,1.50,1.38
2012.03.08 20:50:01.504,1.48661,1.48689,1.50,1.38
2012.03.08 20:50:01.577,1.48659,1.48689,1.50,1.38
2012.03.08 20:50:04.409,1.48659,1.48689,1.50,1.38
2012.03.08 20:50:07.704,1.48659,1.48689,1.50,1.38
2012.03.08 20:50:07.973,1.48656,1.48688,1.50,2.13
2012.03.08 20:50:08.464,1.4866,1.48688,1.50,2.13
2012.03.08 20:50:09.239,1.48661,1.48689,1.50,1.38
2012.03.08 20:50:09.853,1.48661,1.48689,1.50,1.38
2012.03.08 20:50:11.844,1.48661,1.48689,1.50,1.38
2012.03.08 20:50:11.974,1.48659,1.48689,1.50,1.38
2012.03.08 20:50:12.579,1.48659,1.48689,1.50,1.38
2012.03.08 20:50:13.570,1.48662,1.48692,1.50,2.13
2012.03.08 20:50:14.184,1.48665,1.48692,1.50,2.13
2012.03.08 20:50:14.262,1.48664,1.48693,1.50,1.50
2012.03.08 20:50:14.387,1.4866,1.48692,1.50,1.50
2012.03.08 20:50:14.454,1.48662,1.48692,1.50,1.50
2012.03.08 20:50:14.831,1.48664,1.48695,1.50,2.25
2012.03.08 20:50:15.386,1.48664,1.48695,1.50,1.50
2012.03.08 20:50:15.722,1.48666,1.48698,1.50,2.13
2012.03.08 20:50:19.430,1.48666,1.48696,1.50,1.38
2012.03.08 20:50:20.242,1.48664,1.48695,1.50,2.88
2012.03.08 20:50:20.776,1.48664,1.48695,1.50,2.25
2012.03.08 20:50:21.465,1.48662,1.48692,1.50,1.50
2012.03.08 20:50:24.768,1.48665,1.48697,2.25,2.13
2012.03.08 20:50:24.901,1.48675,1.48707,1.50,2.13
2012.03.08 20:50:24.970,1.48678,1.48709,1.50,1.50
2012.03.08 20:50:25.668,1.4868,1.48709,2.25,1.50
2012.03.08 20:50:25.736,1.4868,1.48709,1.50,1.50
2012.03.08 20:50:25.805,1.48678,1.48709,2.25,1.50
2012.03.08 20:50:26.600,1.48678,1.48709,2.25,1.50
2012.03.08 20:50:27.101,1.48678,1.48709,2.25,2.25
2012.03.08 20:50:27.286,1.48684,1.48715,1.50,2.25
2012.03.08 20:50:28.007,1.48679,1.48711,1.50,2.25
2012.03.08 20:50:29.435,1.48679,1.48711,2.25,1.50
2012.03.08 20:50:30.086,1.48684,1.48713,1.50,1.50
2012.03.08 20:50:30.277,1.4868,1.48711,1.50,1.50
2012.03.08 20:50:33.036,1.48683,1.48714,1.50,1.50
2012.03.08 20:50:34.065,1.48685,1.48714,1.50,1.50
2012.03.08 20:50:34.394,1.48696,1.4872,1.50,1.50
2012.03.08 20:50:34.465,1.48696,1.48725,1.50,2.25
2012.03.08 20:50:34.605,1.48693,1.48722,3.00,1.50
2012.03.08 20:50:35.295,1.48695,1.48726,1.50,1.50
2012.03.08 20:50:35.427,1.48695,1.48726,1.50,2.25
2012.03.08 20:50:35.495,1.48692,1.48723,1.50,2.25
2012.03.08 20:50:35.688,1.48691,1.48719,1.50,1.50
2012.03.08 20:50:35.877,1.48689,1.48719,1.50,2.25
2012.03.08 20:50:37.455,1.48689,1.48717,1.50,1.50
2012.03.08 20:50:37.523,1.48684,1.48716,2.25,1.50
2012.03.08 20:50:37.664,1.48684,1.48716,2.25,2.25
2012.03.08 20:50:38.166,1.48684,1.48716,2.25,2.25
2012.03.08 20:50:38.726,1.48682,1.48713,2.25,1.50
2012.03.08 20:50:39.280,1.48682,1.48713,2.25,1.50
2012.03.08 20:50:39.960,1.48685,1.48715,2.25,2.25
2012.03.08 20:50:41.447,1.48685,1.48715,2.25,1.50
2012.03.08 20:50:41.765,1.48687,1.48719,2.25,1.50
2012.03.08 20:50:42.086,1.4869,1.48721,1.50,1.50
2012.03.08 20:50:42.423,1.48688,1.48718,2.25,1.50
2012.03.08 20:50:44.261,1.48688,1.48717,2.25,1.50
2012.03.08 20:50:44.568,1.48689,1.4872,2.25,1.50
2012.03.08 20:50:44.759,1.48693,1.48723,1.50,1.50
2012.03.08 20:50:45.229,1.487,1.48731,1.50,2.25
2012.03.08 20:50:49.204,1.487,1.48731,1.50,2.25
2012.03.08 20:50:49.818,1.487,1.48731,1.50,2.25
2012.03.08 20:50:49.885,1.487,1.48731,1.50,1.50
2012.03.08 20:50:50.435,1.48702,1.48731,1.50,1.50
2012.03.08 20:50:50.507,1.48703,1.48734,1.50,2.88
2012.03.08 20:50:58.120,1.48703,1.48734,1.50,2.25
2012.03.08 20:50:58.187,1.48703,1.48734,1.50,2.25
2012.03.08 20:51:00.427,1.48703,1.48734,1.50,2.25
2012.03.08 20:51:05.076,1.48703,1.48734,1.50,2.25
2012.03.08 20:51:06.145,1.48703,1.48734,1.50,2.25
2012.03.08 20:51:06.699,1.48703,1.48734,1.50,2.25
2012.03.08 20:51:07.019,1.48702,1.48731,1.50,2.25
2012.03.08 20:51:07.089,1.48699,1.48731,2.25,2.25
2012.03.08 20:51:07.159,1.48699,1.48731,2.25,2.25
2012.03.08 20:51:07.233,1.48699,1.48731,2.25,2.25
2012.03.08 20:51:07.310,1.48695,1.48724,1.50,2.88
2012.03.08 20:51:08.216,1.48695,1.48724,1.50,2.88
2012.03.08 20:51:08.293,1.48693,1.48723,1.50,2.25
2012.03.08 20:51:08.805,1.48693,1.48723,1.50,2.25
2012.03.08 20:51:08.998,1.4869,1.48721,1.50,2.25
2012.03.08 20:51:09.178,1.4869,1.48721,1.50,2.25
2012.03.08 20:51:10.667,1.4869,1.48716,1.50,1.50
2012.03.08 20:51:10.739,1.48686,1.48714,1.50,2.25
2012.03.08 20:51:11.222,1.48686,1.48709,1.50,1.50
2012.03.08 20:51:11.309,1.48673,1.48705,2.38,2.25
2012.03.08 20:51:11.380,1.48673,1.487,1.50,1.50
2012.03.08 20:51:11.449,1.48667,1.48697,2.25,1.50
2012.03.08 20:51:11.938,1.4867,1.487,1.50,1.50
2012.03.08 20:51:13.838,1.48671,1.487,2.25,2.25
2012.03.08 20:51:14.103,1.48673,1.48703,1.50,2.25
2012.03.08 20:51:14.299,1.48674,1.48703,2.25,2.25
2012.03.08 20:51:15.310,1.48676,1.48705,2.25,2.25
2012.03.08 20:51:15.385,1.48684,1.48714,1.50,2.25
2012.03.08 20:51:15.642,1.48682,1.48712,1.50,2.25
2012.03.08 20:51:15.708,1.48682,1.48712,2.25,2.25
2012.03.08 20:51:15.837,1.48687,1.48718,1.50,2.25
2012.03.08 20:51:16.025,1.48687,1.48718,1.50,2.25
2012.03.08 20:51:16.218,1.48687,1.48717,1.50,1.50
2012.03.08 20:51:16.289,1.48687,1.48715,1.50,2.25
2012.03.08 20:51:16.937,1.48687,1.48718,1.50,2.25
2012.03.08 20:51:17.022,1.48689,1.48721,1.50,2.25
2012.03.08 20:51:17.326,1.48691,1.48721,1.50,2.25
2012.03.08 20:51:17.836,1.48692,1.48723,1.50,2.25
2012.03.08 20:51:17.982,1.48689,1.4872,1.50,2.25
2012.03.08 20:51:18.054,1.48686,1.48718,1.50,1.50
2012.03.08 20:51:18.820,1.4869,1.48719,1.50,2.25
2012.03.08 20:51:18.890,1.4869,1.48719,1.50,2.25
2012.03.08 20:51:19.236,1.48686,1.48717,1.50,1.50
2012.03.08 20:51:19.727,1.48686,1.48717,1.50,2.25
2012.03.08 20:51:19.861,1.48684,1.48714,1.50,2.25
2012.03.08 20:51:21.002,1.48681,1.48711,1.50,1.50
2012.03.08 20:51:21.387,1.48683,1.48715,1.50,2.25
2012.03.08 20:51:21.719,1.48683,1.48715,1.50,2.25
2012.03.08 20:51:21.789,1.48683,1.48715,1.50,2.25
2012.03.08 20:51:23.380,1.48683,1.48715,1.50,2.25
2012.03.08 20:51:24.069,1.48679,1.48711,1.50,2.25
2012.03.08 20:51:25.618,1.48677,1.48706,1.50,1.50
2012.03.08 20:51:26.356,1.48676,1.48705,1.50,2.25
2012.03.08 20:51:26.433,1.48673,1.48704,1.50,2.25
2012.03.08 20:51:28.219,1.48674,1.48704,1.50,2.25
2012.03.08 20:51:28.348,1.48676,1.48706,1.50,2.25
2012.03.08 20:51:28.537,1.48674,1.48703,3.00,1.50
2012.03.08 20:51:31.388,1.48677,1.48706,1.50,2.25
2012.03.08 20:51:31.578,1.48673,1.48704,1.50,2.25
2012.03.08 20:51:31.707,1.48673,1.48704,1.50,2.25
2012.03.08 20:51:32.017,1.48673,1.48704,1.50,2.25
2012.03.08 20:51:35.646,1.48673,1.48704,1.50,2.25
2012.03.08 20:51:35.960,1.48673,1.48704,1.50,2.25
2012.03.08 20:51:38.176,1.48673,1.48704,1.50,2.25
2012.03.08 20:51:39.286,1.48673,1.48703,1.50,1.38
2012.03.08 20:51:40.786,1.48673,1.48704,1.50,2.25
2012.03.08 20:51:40.857,1.48671,1.487,1.50,1.50
2012.03.08 20:51:41.165,1.48678,1.48702,1.50,1.38
2012.03.08 20:51:41.299,1.48675,1.48703,1.50,1.38
2012.03.08 20:51:41.525,1.48673,1.48702,1.50,2.25
2012.03.08 20:51:41.597,1.48675,1.48703,1.50,1.38
2012.03.08 20:51:52.439,1.48675,1.48703,1.50,1.38
2012.03.08 20:51:52.565,1.48673,1.48702,3.00,2.25
2012.03.08 20:51:56.836,1.48674,1.48703,1.50,1.38
2012.03.08 20:51:59.904,1.48674,1.48705,1.50,1.38
2012.03.08 20:52:00.085,1.48677,1.48704,1.50,1.38
2012.03.08 20:52:00.734,1.48675,1.48704,1.50,2.25
2012.03.08 20:52:01.224,1.48675,1.48704,1.50,2.88
2012.03.08 20:52:03.074,1.48677,1.48704,1.50,1.38
2012.03.08 20:52:03.777,1.48674,1.48703,1.50,2.25
2012.03.08 20:52:04.531,1.48673,1.48703,1.50,2.25
2012.03.08 20:52:04.923,1.48679,1.48705,1.50,1.38
2012.03.08 20:52:05.237,1.48681,1.48708,1.50,1.38
2012.03.08 20:52:05.584,1.48679,1.48708,3.00,2.88
2012.03.08 20:52:05.714,1.48679,1.48708,1.50,2.88
2012.03.08 20:52:07.082,1.48681,1.48705,1.50,1.38
2012.03.08 20:52:07.881,1.48678,1.48705,1.50,1.38
2012.03.08 20:52:10.285,1.48683,1.48705,1.50,1.38
2012.03.08 20:52:10.878,1.48685,1.4871,1.50,1.38
2012.03.08 20:52:11.188,1.48687,1.48713,1.50,1.38
2012.03.08 20:52:11.317,1.48685,1.48713,1.50,1.38
2012.03.08 20:52:11.387,1.48682,1.48713,1.50,2.88
2012.03.08 20:52:17.925,1.48682,1.48713,1.50,2.25
2012.03.08 20:52:19.255,1.48682,1.48712,1.50,1.38
2012.03.08 20:52:19.976,1.48683,1.48712,1.50,1.38
2012.03.08 20:52:20.044,1.48685,1.48712,1.50,1.38
2012.03.08 20:52:22.833,1.48685,1.48712,1.50,1.38
2012.03.08 20:52:25.916,1.48685,1.48711,1.50,1.38
2012.03.08 20:52:26.354,1.48685,1.48711,1.50,1.38
2012.03.08 20:52:29.651,1.48683,1.48711,1.50,2.25
2012.03.08 20:52:29.714,1.4868,1.48711,1.50,2.25
2012.03.08 20:52:30.224,1.48682,1.48711,1.50,2.25
2012.03.08 20:52:30.540,1.48678,1.4871,1.50,2.25
2012.03.08 20:52:30.611,1.48678,1.4871,1.50,2.25
2012.03.08 20:52:31.166,1.48679,1.4871,1.50,2.25
2012.03.08 20:52:31.235,1.48681,1.48713,1.50,2.25
2012.03.08 20:52:31.895,1.48678,1.48709,1.50,2.25
2012.03.08 20:52:32.086,1.48678,1.48709,1.50,2.25
2012.03.08 20:52:32.456,1.48677,1.48704,1.50,1.38
2012.03.08 20:52:32.797,1.48677,1.48704,1.50,1.38
2012.03.08 20:52:33.268,1.48672,1.48703,1.50,2.25
2012.03.08 20:52:33.986,1.48672,1.48703,1.50,2.88
2012.03.08 20:52:34.177,1.48672,1.48703,1.50,2.25
2012.03.08 20:52:34.249,1.48676,1.48704,1.50,1.38
2012.03.08 20:52:34.554,1.48683,1.48714,1.50,2.88
2012.03.08 20:52:35.262,1.48688,1.48715,1.50,1.38
2012.03.08 20:52:35.445,1.48685,1.48715,1.50,1.38
2012.03.08 20:52:42.969,1.4868,1.48712,1.50,2.25
2012.03.08 20:52:44.365,1.48682,1.48712,1.50,2.25
2012.03.08 20:52:45.157,1.48687,1.48715,1.50,1.38
2012.03.08 20:52:45.347,1.48685,1.48713,1.50,2.25
2012.03.08 20:52:45.415,1.48681,1.48713,1.50,2.25
2012.03.08 20:52:45.716,1.48679,1.4871,1.50,2.25
2012.03.08 20:52:45.846,1.48681,1.48712,1.50,3.75
2012.03.08 20:52:48.200,1.48679,1.48708,1.50,2.25
2012.03.08 20:52:48.780,1.48678,1.48708,1.50,2.25
2012.03.08 20:52:50.657,1.48678,1.48708,1.50,2.25
2012.03.08 20:52:51.304,1.48681,1.48711,1.50,2.25
2012.03.08 20:52:52.096,1.48676,1.48707,2.25,2.25
2012.03.08 20:52:52.225,1.48673,1.48705,1.50,2.25
2012.03.08 20:52:52.435,1.48673,1.48705,1.50,2.25
2012.03.08 20:52:53.334,1.48676,1.48703,1.50,1.38
2012.03.08 20:52:53.741,1.48678,1.48703,1.50,1.38
2012.03.08 20:52:54.228,1.48676,1.48703,1.50,1.38
2012.03.08 20:52:54.629,1.48675,1.48703,1.50,1.38
2012.03.08 20:52:55.463,1.48675,1.48703,1.50,1.38
2012.03.08 20:52:57.270,1.48675,1.48704,1.50,1.38
2012.03.08 20:52:57.339,1.48673,1.48702,1.50,2.25
2012.03.08 20:52:57.408,1.48675,1.48704,1.50,2.25
2012.03.08 20:52:59.426,1.48676,1.48705,1.50,2.25
2012.03.08 20:52:59.736,1.48679,1.48708,1.50,2.25
2012.03.08 20:53:00.276,1.4868,1.48711,1.50,2.25
2012.03.08 20:53:00.845,1.48679,1.48708,1.50,2.25
2012.03.08 20:53:02.269,1.48679,1.48708,1.50,2.25
2012.03.08 20:53:02.396,1.48682,1.48712,1.50,2.25
2012.03.08 20:53:03.964,1.48679,1.4871,1.50,2.25
2012.03.08 20:53:05.339,1.48681,1.4871,1.50,2.25
2012.03.08 20:53:05.646,1.48686,1.48715,1.50,2.25
2012.03.08 20:53:06.200,1.48688,1.48715,1.50,2.25
2012.03.08 20:53:06.282,1.4869,1.48718,1.50,2.25
2012.03.08 20:53:06.476,1.4869,1.4872,3.75,2.25
2012.03.08 20:53:06.608,1.48693,1.48722,1.50,2.25
2012.03.08 20:53:12.258,1.48695,1.48726,1.50,2.25
2012.03.08 20:53:13.769,1.48695,1.48726,2.25,2.25
2012.03.08 20:53:13.897,1.48695,1.48726,1.50,2.25
2012.03.08 20:53:14.030,1.48696,1.48726,1.50,2.25
2012.03.08 20:53:14.099,1.48697,1.48729,1.50,2.25
2012.03.08 20:53:14.730,1.48696,1.48725,1.50,2.25
2012.03.08 20:53:15.829,1.48699,1.48728,1.50,2.25
2012.03.08 20:53:16.280,1.48695,1.48725,1.50,2.25
2012.03.08 20:53:17.094,1.48695,1.48725,1.50,2.25
2012.03.08 20:53:17.226,1.48695,1.48725,1.50,2.25
2012.03.08 20:53:18.689,1.48695,1.48725,1.50,2.25
2012.03.08 20:53:19.841,1.48695,1.48725,1.50,2.25
2012.03.08 20:53:21.214,1.48695,1.48725,1.50,2.25
2012.03.08 20:53:21.654,1.48693,1.48722,3.75,1.50
2012.03.08 20:53:22.456,1.48696,1.48725,1.50,3.75
2012.03.08 20:53:22.787,1.48693,1.48722,2.25,1.50
2012.03.08 20:53:23.476,1.4869,1.48722,2.25,1.50
2012.03.08 20:53:23.557,1.48689,1.48718,2.25,2.25
2012.03.08 20:53:24.094,1.48689,1.48718,1.50,2.25
2012.03.08 20:53:24.501,1.4869,1.48722,2.25,1.50
2012.03.08 20:53:24.909,1.4869,1.48722,2.25,2.25
2012.03.08 20:53:27.334,1.4869,1.48722,2.25,2.25
2012.03.08 20:53:27.638,1.48695,1.48727,1.50,2.25
2012.03.08 20:53:27.946,1.48693,1.48724,1.50,2.25
2012.03.08 20:53:28.280,1.48693,1.48722,1.50,2.25
2012.03.08 20:53:28.409,1.48691,1.4872,1.50,2.25
2012.03.08 20:53:28.775,1.48688,1.48718,1.50,2.25
2012.03.08 20:53:29.550,1.48692,1.48724,1.50,2.25
2012.03.08 20:53:29.759,1.48688,1.48719,1.50,2.25
2012.03.08 20:53:29.909,1.48688,1.48719,1.50,2.25
2012.03.08 20:53:31.678,1.48688,1.48719,1.50,2.25
2012.03.08 20:53:31.748,1.48692,1.48721,1.50,2.25
2012.03.08 20:53:32.295,1.48692,1.48721,1.50,1.50
2012.03.08 20:53:32.375,1.48697,1.48721,1.50,1.50
2012.03.08 20:53:32.451,1.48692,1.48721,1.50,1.50
2012.03.08 20:53:32.521,1.4869,1.48718,2.25,2.25
2012.03.08 20:53:32.861,1.48692,1.48721,1.50,2.25
2012.03.08 20:53:34.208,1.48692,1.48721,1.50,2.25
2012.03.08 20:53:34.277,1.48692,1.48721,1.50,2.25
2012.03.08 20:53:35.054,1.48693,1.48725,1.50,2.25
2012.03.08 20:53:37.387,1.48691,1.48721,1.50,2.25
2012.03.08 20:53:37.614,1.48688,1.48719,1.50,2.25
2012.03.08 20:53:39.205,1.48688,1.48719,1.50,2.25
2012.03.08 20:53:42.126,1.48688,1.48719,2.25,2.25
2012.03.08 20:53:43.493,1.48688,1.48719,2.25,2.25
2012.03.08 20:53:45.259,1.48688,1.48719,2.25,2.25
2012.03.08 20:53:45.385,1.48686,1.48716,1.50,2.25
2012.03.08 20:53:45.515,1.48683,1.48712,1.50,2.25
2012.03.08 20:53:46.995,1.48683,1.48712,1.50,2.25
2012.03.08 20:53:49.465,1.48683,1.48712,1.50,2.25
2012.03.08 20:53:52.761,1.48683,1.48712,1.50,2.25
2012.03.08 20:53:53.137,1.48681,1.48708,1.50,2.25
2012.03.08 20:53:53.204,1.48678,1.48708,2.25,2.25
2012.03.08 20:53:53.825,1.48678,1.48708,2.25,2.25
2012.03.08 20:53:54.341,1.4868,1.48712,1.50,2.25
2012.03.08 20:53:54.904,1.48673,1.48703,2.25,2.25
2012.03.08 20:53:55.218,1.48676,1.48705,1.50,3.75
2012.03.08 20:53:55.524,1.48678,1.48708,2.25,2.25
2012.03.08 20:53:55.835,1.48678,1.48708,1.50,2.25
2012.03.08 20:53:56.618,1.48678,1.48708,1.50,2.25
2012.03.08 20:53:56.692,1.48675,1.48706,1.50,2.25
2012.03.08 20:54:01.444,1.48675,1.48706,1.50,1.50
2012.03.08 20:54:01.687,1.48675,1.48706,1.50,2.25
2012.03.08 20:54:02.904,1.48675,1.48706,1.50,1.50
2012.03.08 20:54:06.571,1.48675,1.48706,1.84,1.50
2012.03.08 20:54:06.904,1.48684,1.48713,2.25,1.50
2012.03.08 20:54:07.220,1.48685,1.48707,1.50,2.25
2012.03.08 20:54:07.286,1.48678,1.48707,1.50,2.25
2012.03.08 20:54:07.477,1.48678,1.48701,1.50,1.50
2012.03.08 20:54:07.695,1.48678,1.48704,1.50,1.50
2012.03.08 20:54:08.206,1.48672,1.48702,1.50,1.50
2012.03.08 20:54:08.280,1.48675,1.48706,1.50,1.50
2012.03.08 20:54:10.505,1.48675,1.48706,2.25,1.50
2012.03.08 20:54:10.575,1.48678,1.4871,2.25,1.50
2012.03.08 20:54:11.159,1.48678,1.4871,2.25,1.50
2012.03.08 20:54:13.276,1.48678,1.4871,2.25,1.50
2012.03.08 20:54:13.524,1.48678,1.4871,2.25,2.25
2012.03.08 20:54:13.837,1.48672,1.48702,2.25,1.50
2012.03.08 20:54:13.966,1.4867,1.487,1.50,1.50
2012.03.08 20:54:14.035,1.48668,1.487,2.25,1.50
2012.03.08 20:54:14.107,1.48674,1.48703,1.50,1.50
2012.03.08 20:54:14.296,1.4867,1.48702,1.50,1.50
2012.03.08 20:54:14.426,1.4867,1.48702,1.50,2.25
2012.03.08 20:54:14.656,1.48668,1.48699,2.25,2.25
2012.03.08 20:54:14.950,1.48671,1.48701,1.50,2.25
2012.03.08 20:54:17.647,1.4867,1.48699,1.50,2.25
2012.03.08 20:54:17.714,1.48668,1.48699,2.25,2.25
2012.03.08 20:54:18.019,1.48668,1.48699,1.50,2.25
2012.03.08 20:54:18.218,1.48666,1.48697,1.50,2.25
2012.03.08 20:54:19.008,1.48664,1.48694,1.50,2.25
2012.03.08 20:54:19.747,1.48662,1.48691,1.50,1.50
2012.03.08 20:54:20.062,1.48662,1.48691,1.50,2.25
2012.03.08 20:54:20.382,1.48662,1.48691,1.50,1.50
2012.03.08 20:54:20.584,1.48663,1.48695,1.50,2.25
2012.03.08 20:54:22.686,1.48668,1.48699,1.50,2.25
2012.03.08 20:54:24.198,1.48665,1.48696,2.25,2.25
2012.03.08 20:54:28.797,1.48663,1.48692,2.25,1.50
2012.03.08 20:54:29.239,1.4866,1.4869,2.25,1.50
2012.03.08 20:54:29.367,1.4866,1.4869,1.50,2.25
2012.03.08 20:54:29.436,1.4866,1.48685,1.50,1.50
2012.03.08 20:54:29.628,1.4865,1.48681,1.13,1.50
2012.03.08 20:54:30.735,1.48653,1.48683,2.25,1.50
2012.03.08 20:54:32.015,1.48653,1.48683,2.25,1.50
2012.03.08 20:54:32.886,1.48655,1.48686,1.50,2.25
2012.03.08 20:54:38.742,1.48654,1.48684,1.50,2.25
2012.03.08 20:54:39.345,1.48657,1.48685,1.50,2.25
2012.03.08 20:54:39.878,1.48655,1.48685,1.50,2.25
2012.03.08 20:54:40.409,1.48654,1.48685,2.25,2.25
2012.03.08 20:54:43.463,1.48654,1.48685,2.25,1.50
2012.03.08 20:54:43.596,1.4866,1.48689,1.50,2.25
2012.03.08 20:54:44.394,1.48656,1.48685,2.25,1.50
2012.03.08 20:54:44.914,1.48656,1.48685,2.25,1.50
2012.03.08 20:54:45.514,1.48656,1.48685,2.25,1.50
2012.03.08 20:54:46.707,1.48656,1.48685,2.25,2.25
2012.03.08 20:54:46.897,1.48652,1.4868,1.50,1.50
2012.03.08 20:54:46.967,1.48648,1.48679,2.25,1.50
2012.03.08 20:54:47.037,1.48648,1.48673,2.25,1.50
2012.03.08 20:54:47.108,1.48641,1.48672,3.00,1.50
2012.03.08 20:54:47.636,1.48646,1.48676,2.25,1.50
2012.03.08 20:54:47.720,1.48652,1.48681,1.50,1.50
2012.03.08 20:54:47.905,1.48654,1.48685,1.50,1.50
2012.03.08 20:54:48.185,1.48657,1.48687,1.50,1.50
2012.03.08 20:54:48.505,1.48653,1.48683,1.50,1.50
2012.03.08 20:54:49.044,1.4865,1.48681,2.25,1.50
2012.03.08 20:54:49.485,1.48654,1.48683,1.50,3.00
2012.03.08 20:54:50.077,1.48654,1.48682,1.50,1.50
2012.03.08 20:54:50.490,1.48646,1.48676,2.25,1.50
2012.03.08 20:54:51.065,1.48648,1.48679,2.25,2.25
2012.03.08 20:54:51.895,1.48648,1.48679,2.25,1.50
2012.03.08 20:54:53.655,1.48648,1.48679,2.25,1.50
2012.03.08 20:54:54.352,1.48648,1.48679,2.25,1.50
2012.03.08 20:54:55.109,1.48648,1.48679,2.25,1.50
2012.03.08 20:54:55.658,1.48648,1.48679,2.25,1.50
2012.03.08 20:55:00.809,1.48653,1.48679,1.50,1.50
2012.03.08 20:55:01.022,1.48656,1.48685,1.50,1.50
2012.03.08 20:55:01.599,1.48652,1.48684,2.25,1.50
2012.03.08 20:55:01.725,1.48652,1.48681,2.25,1.50
2012.03.08 20:55:02.272,1.48649,1.48678,2.25,1.50
2012.03.08 20:55:02.396,1.48652,1.48681,2.25,1.50
2012.03.08 20:55:06.076,1.4866,1.48683,1.50,1.50
2012.03.08 20:55:06.146,1.4866,1.48689,1.50,1.50
2012.03.08 20:55:07.655,1.48665,1.48692,1.50,1.50
2012.03.08 20:55:07.839,1.48665,1.48695,1.50,1.50
2012.03.08 20:55:08.608,1.48665,1.48695,2.25,1.50
2012.03.08 20:55:08.981,1.48662,1.48692,3.75,1.50
2012.03.08 20:55:09.935,1.48665,1.48694,2.25,1.50
2012.03.08 20:55:10.617,1.48662,1.48693,2.25,1.50
2012.03.08 20:55:11.498,1.48666,1.48696,2.25,1.50
2012.03.08 20:55:11.570,1.48672,1.48704,1.50,2.25
2012.03.08 20:55:11.637,1.48672,1.48704,2.25,2.25
2012.03.08 20:55:12.186,1.48669,1.48701,3.75,1.50
2012.03.08 20:55:12.747,1.48669,1.48701,3.75,1.50
2012.03.08 20:55:13.166,1.48662,1.48691,2.25,1.50
2012.03.08 20:55:13.247,1.48664,1.48694,1.50,2.25
2012.03.08 20:55:13.791,1.48661,1.48692,2.25,1.50
2012.03.08 20:55:14.436,1.48661,1.48692,2.25,1.50
2012.03.08 20:55:14.508,1.48664,1.48693,1.50,2.25
2012.03.08 20:55:15.198,1.48664,1.48695,1.50,1.50
2012.03.08 20:55:15.436,1.48664,1.48695,1.50,2.25
2012.03.08 20:55:18.524,1.48664,1.48695,1.50,2.25
2012.03.08 20:55:19.154,1.48658,1.4869,2.25,2.25
2012.03.08 20:55:20.762,1.48658,1.4869,2.25,2.25
2012.03.08 20:55:21.614,1.48658,1.4869,2.25,2.25
2012.03.08 20:55:24.086,1.48658,1.4869,2.25,2.25
2012.03.08 20:55:24.723,1.48658,1.4869,2.25,2.25
2012.03.08 20:55:25.250,1.48658,1.4869,1.50,2.25
2012.03.08 20:55:25.647,1.48658,1.4869,1.50,2.25
2012.03.08 20:55:30.754,1.48658,1.4869,1.50,2.25
2012.03.08 20:55:31.207,1.48655,1.48687,1.50,2.25
2012.03.08 20:55:31.655,1.48657,1.48687,1.50,2.25
2012.03.08 20:55:31.725,1.48657,1.48687,1.50,1.50
2012.03.08 20:55:31.795,1.4866,1.48687,1.50,1.50
2012.03.08 20:55:32.095,1.4866,1.48689,1.50,2.25
2012.03.08 20:55:32.800,1.48661,1.48692,1.50,2.25
2012.03.08 20:55:36.646,1.48664,1.48695,1.50,2.25
2012.03.08 20:55:39.285,1.48664,1.48695,1.50,2.25
2012.03.08 20:55:39.360,1.48662,1.48691,1.50,2.88
2012.03.08 20:55:40.675,1.48662,1.48691,1.50,2.25
2012.03.08 20:55:42.372,1.48662,1.48691,1.50,2.25
2012.03.08 20:55:49.350,1.48662,1.48691,1.50,2.88
2012.03.08 20:55:50.567,1.48664,1.48691,1.50,1.38
2012.03.08 20:55:51.419,1.48664,1.48693,1.50,1.38
2012.03.08 20:55:51.485,1.48664,1.48693,1.50,1.38
2012.03.08 20:55:54.336,1.48662,1.48693,1.50,2.88
2012.03.08 20:55:54.645,1.48659,1.48686,1.50,1.50
2012.03.08 20:55:54.715,1.48657,1.48686,1.50,1.50
2012.03.08 20:55:54.965,1.48654,1.48683,3.00,1.50
2012.03.08 20:55:55.759,1.48655,1.48686,1.50,2.25
2012.03.08 20:55:56.199,1.48659,1.48688,1.50,2.25
2012.03.08 20:55:57.596,1.48661,1.48689,1.50,1.38
2012.03.08 20:55:57.948,1.48661,1.4869,1.50,1.38
2012.03.08 20:55:58.155,1.48659,1.48689,3.00,2.25
2012.03.08 20:55:58.409,1.48659,1.48689,1.50,2.25
2012.03.08 20:55:58.857,1.48661,1.48689,1.50,2.25
2012.03.08 20:55:59.412,1.4866,1.48689,1.50,2.25
2012.03.08 20:56:00.351,1.4866,1.48689,1.50,2.25
2012.03.08 20:56:04.245,1.4866,1.48689,1.50,2.25
2012.03.08 20:56:04.634,1.4866,1.48689,1.50,2.25
2012.03.08 20:56:05.384,1.4866,1.48689,1.50,2.25
2012.03.08 20:56:08.401,1.48662,1.48692,1.50,3.75
2012.03.08 20:56:08.697,1.48662,1.48692,1.50,1.50
2012.03.08 20:56:09.146,1.48665,1.48697,1.50,1.50
2012.03.08 20:56:10.457,1.4867,1.48698,1.50,1.50
2012.03.08 20:56:10.726,1.48674,1.48703,3.00,2.25
2012.03.08 20:56:14.767,1.48679,1.48708,1.50,2.25
2012.03.08 20:56:15.079,1.48682,1.48711,2.25,2.55
2012.03.08 20:56:15.153,1.48688,1.48719,1.50,2.25
2012.03.08 20:56:15.488,1.48686,1.48717,1.50,2.25
2012.03.08 20:56:15.746,1.48682,1.48714,2.25,2.25
2012.03.08 20:56:16.187,1.48686,1.48716,1.50,2.25
2012.03.08 20:56:16.427,1.48682,1.48714,2.25,2.25
2012.03.08 20:56:18.145,1.48682,1.48712,2.25,1.50
2012.03.08 20:56:18.571,1.48681,1.4871,2.25,1.50
2012.03.08 20:56:21.237,1.48681,1.4871,2.25,1.50
2012.03.08 20:56:25.536,1.48683,1.48713,1.50,1.50
2012.03.08 20:56:27.172,1.48685,1.48716,1.50,3.75
2012.03.08 20:56:32.385,1.48684,1.48714,1.50,2.25
2012.03.08 20:56:33.150,1.48682,1.48714,2.25,2.25
2012.03.08 20:56:38.662,1.48684,1.48714,1.50,2.25
2012.03.08 20:56:39.016,1.48686,1.48716,1.50,2.25
2012.03.08 20:56:40.205,1.48689,1.48718,1.50,1.50
2012.03.08 20:56:40.655,1.48689,1.48721,2.25,1.50
2012.03.08 20:56:40.718,1.48702,1.48728,1.50,1.38
2012.03.08 20:56:40.797,1.48699,1.48727,1.50,2.25
2012.03.08 20:56:40.867,1.48697,1.48727,1.50,2.25
2012.03.08 20:56:46.599,1.48699,1.4873,1.50,2.25
2012.03.08 20:56:48.381,1.48699,1.4873,1.50,2.25
2012.03.08 20:56:48.630,1.48703,1.48732,1.50,2.25
2012.03.08 20:56:48.990,1.48708,1.48734,1.50,1.38
2012.03.08 20:56:49.115,1.48706,1.48734,1.50,1.38
2012.03.08 20:56:49.186,1.48704,1.48733,1.50,2.25
2012.03.08 20:56:49.495,1.48706,1.48733,1.50,1.50
2012.03.08 20:56:49.626,1.48709,1.48733,1.50,1.50
2012.03.08 20:56:49.817,1.48711,1.48743,1.50,2.88
2012.03.08 20:56:49.886,1.48715,1.48742,1.50,1.38
2012.03.08 20:56:50.227,1.48712,1.48742,1.50,2.88
2012.03.08 20:56:50.525,1.48712,1.48742,1.50,2.25
2012.03.08 20:56:53.977,1.48712,1.48742,1.50,2.88
2012.03.08 20:56:54.107,1.48704,1.48736,2.25,2.25
2012.03.08 20:56:54.176,1.48703,1.48733,2.25,2.25
2012.03.08 20:56:54.307,1.487,1.4873,1.50,2.25
2012.03.08 20:56:54.558,1.48697,1.48726,1.50,1.50
2012.03.08 20:56:55.013,1.487,1.48732,1.50,2.25
2012.03.08 20:56:56.617,1.48696,1.48728,1.50,1.50
2012.03.08 20:56:57.459,1.48699,1.4873,1.50,1.50
2012.03.08 20:56:57.975,1.48699,1.48731,1.50,2.25
2012.03.08 20:56:58.478,1.48697,1.48727,3.00,1.50
2012.03.08 20:56:58.725,1.48689,1.48721,1.50,1.50
2012.03.08 20:56:59.246,1.48693,1.48723,1.50,1.50
2012.03.08 20:57:00.922,1.48693,1.48724,2.25,1.50
2012.03.08 20:57:01.388,1.48696,1.48724,1.50,1.50
2012.03.08 20:57:01.457,1.48698,1.4873,1.50,1.50
2012.03.08 20:57:01.800,1.487,1.4873,1.50,1.50
2012.03.08 20:57:02.111,1.48704,1.48732,1.50,1.50
2012.03.08 20:57:02.184,1.48705,1.48736,1.50,1.50
2012.03.08 20:57:02.736,1.48703,1.48732,1.50,1.50
2012.03.08 20:57:04.155,1.48705,1.48735,1.50,3.00
2012.03.08 20:57:04.801,1.48707,1.48735,1.50,1.50
2012.03.08 20:57:04.928,1.48707,1.48739,2.25,1.50
2012.03.08 20:57:05.114,1.48711,1.48743,1.50,2.25
2012.03.08 20:57:05.185,1.48709,1.4874,1.50,2.25
2012.03.08 20:57:07.225,1.48706,1.48738,3.75,2.25
2012.03.08 20:57:07.758,1.48706,1.48738,3.75,2.25
2012.03.08 20:57:08.265,1.48706,1.48738,3.75,2.25
2012.03.08 20:57:10.975,1.48711,1.4874,1.50,2.25
2012.03.08 20:57:11.157,1.48706,1.48737,3.75,1.50
2012.03.08 20:57:11.737,1.48708,1.4874,2.25,2.25
2012.03.08 20:57:14.517,1.48706,1.48736,3.75,1.50
2012.03.08 20:57:16.844,1.48709,1.48738,1.50,2.25
2012.03.08 20:57:17.935,1.48709,1.48738,1.50,2.25
2012.03.08 20:57:18.354,1.48703,1.48734,1.13,2.25
2012.03.08 20:57:18.856,1.48702,1.48734,2.25,2.25
2012.03.08 20:57:18.925,1.48702,1.48734,2.25,2.25
2012.03.08 20:57:19.582,1.48702,1.48734,2.25,2.25
2012.03.08 20:57:20.976,1.48702,1.48734,2.25,2.25
2012.03.08 20:57:21.609,1.48702,1.48734,2.25,2.25
2012.03.08 20:57:22.886,1.48702,1.48734,2.25,2.25
2012.03.08 20:57:24.196,1.48702,1.48734,2.25,2.25
2012.03.08 20:57:25.415,1.48705,1.48736,1.50,2.25
2012.03.08 20:57:25.946,1.48705,1.48736,1.50,2.25
2012.03.08 20:57:28.546,1.48701,1.48731,1.50,2.88
2012.03.08 20:57:28.914,1.48701,1.48731,1.50,2.88
2012.03.08 20:57:29.130,1.48701,1.48731,1.50,2.88
2012.03.08 20:57:29.677,1.48703,1.48731,1.50,1.38
2012.03.08 20:57:34.996,1.48701,1.4873,1.50,2.25
2012.03.08 20:57:41.126,1.48697,1.48729,2.25,2.25
2012.03.08 20:57:41.996,1.48697,1.48729,1.50,2.25
2012.03.08 20:57:42.268,1.48697,1.48729,1.50,2.25
2012.03.08 20:57:42.705,1.48697,1.48729,1.50,2.25
2012.03.08 20:57:42.776,1.48697,1.48729,1.50,2.25
2012.03.08 20:57:43.016,1.48697,1.48729,1.50,2.25
2012.03.08 20:57:43.210,1.48697,1.48729,1.50,2.25
2012.03.08 20:57:43.653,1.48696,1.48725,1.50,2.25
2012.03.08 20:57:44.144,1.48693,1.48724,1.50,2.25
2012.03.08 20:57:44.276,1.48689,1.4872,1.50,1.50
2012.03.08 20:57:44.588,1.48696,1.48721,1.50,1.50
2012.03.08 20:57:44.655,1.48696,1.48728,1.50,2.88
2012.03.08 20:57:44.785,1.48694,1.48725,1.50,2.25
2012.03.08 20:57:44.856,1.48694,1.48725,1.50,1.50
2012.03.08 20:57:45.295,1.48694,1.48725,1.50,2.25
2012.03.08 20:57:45.678,1.48694,1.48725,1.50,1.50
2012.03.08 20:57:45.806,1.48701,1.48721,1.50,1.50
2012.03.08 20:57:45.882,1.48702,1.48733,1.50,1.38
2012.03.08 20:57:45.946,1.48702,1.48733,1.50,1.38
2012.03.08 20:57:46.016,1.48702,1.48731,1.50,1.38
2012.03.08 20:57:46.209,1.48699,1.48731,1.50,2.88
2012.03.08 20:57:47.505,1.48698,1.48728,1.50,1.50
2012.03.08 20:57:47.694,1.48697,1.48728,1.50,2.25
2012.03.08 20:57:47.765,1.48695,1.48724,1.50,2.25
2012.03.08 20:57:47.839,1.48691,1.48723,2.25,1.50
2012.03.08 20:57:48.207,1.48691,1.48723,1.50,2.25
2012.03.08 20:57:49.108,1.48689,1.48718,2.25,1.50
2012.03.08 20:57:49.235,1.48687,1.48718,1.50,1.50
2012.03.08 20:57:53.484,1.48687,1.48718,1.50,2.25
2012.03.08 20:57:54.694,1.48687,1.48718,1.50,2.25
2012.03.08 20:57:58.326,1.4869,1.48719,1.50,1.50
2012.03.08 20:57:58.399,1.4869,1.48721,1.50,1.50
2012.03.08 20:57:58.468,1.4869,1.48721,1.50,2.25
2012.03.08 20:57:58.847,1.4869,1.48721,1.50,1.50
2012.03.08 20:57:59.217,1.4869,1.48721,1.50,2.25
2012.03.08 20:57:59.780,1.48688,1.48717,1.50,1.50
2012.03.08 20:58:00.290,1.4869,1.48719,1.50,1.50
2012.03.08 20:58:00.677,1.48692,1.48722,1.50,2.13
2012.03.08 20:58:01.066,1.48691,1.4872,1.50,1.50
2012.03.08 20:58:01.143,1.48689,1.4872,1.50,1.50
2012.03.08 20:58:02.077,1.48689,1.4872,2.25,1.50
2012.03.08 20:58:02.146,1.48689,1.4872,1.50,1.50
2012.03.08 20:58:02.380,1.48692,1.48721,1.50,1.50
2012.03.08 20:58:02.505,1.48692,1.48724,1.50,1.50
2012.03.08 20:58:03.738,1.48692,1.48722,1.50,1.38
2012.03.08 20:58:03.814,1.48689,1.4872,1.50,2.25
2012.03.08 20:58:03.985,1.48689,1.4872,1.50,1.50
2012.03.08 20:58:05.988,1.48689,1.4872,1.50,2.25
2012.03.08 20:58:06.494,1.48686,1.48715,1.50,1.50
2012.03.08 20:58:07.005,1.48686,1.48715,1.50,2.25
2012.03.08 20:58:07.376,1.48682,1.48714,1.50,2.25
2012.03.08 20:58:07.966,1.48687,1.48715,1.50,1.50
2012.03.08 20:58:08.215,1.48687,1.48718,1.50,2.25
2012.03.08 20:58:22.499,1.48685,1.48714,1.50,1.50
2012.03.08 20:58:23.011,1.48684,1.48714,1.50,1.50
2012.03.08 20:58:25.975,1.48678,1.4871,2.25,1.50
2012.03.08 20:58:26.895,1.48678,1.4871,2.25,1.50
2012.03.08 20:58:27.678,1.48682,1.48711,1.50,1.50
2012.03.08 20:58:28.278,1.48682,1.48711,1.50,2.25
2012.03.08 20:58:28.407,1.48676,1.48706,1.50,1.50
2012.03.08 20:58:28.775,1.48678,1.48709,1.50,2.25
2012.03.08 20:58:29.599,1.48681,1.48709,1.50,2.25
2012.03.08 20:58:30.307,1.48682,1.4871,1.50,1.38
2012.03.08 20:58:30.606,1.48679,1.48708,1.50,2.25
2012.03.08 20:58:34.075,1.48679,1.48708,1.50,2.13
2012.03.08 20:58:34.657,1.4868,1.48712,1.50,2.13
2012.03.08 20:58:34.726,1.48681,1.48712,1.50,2.13
2012.03.08 20:58:34.797,1.48683,1.48712,1.50,1.50
2012.03.08 20:58:35.108,1.48686,1.48715,1.50,2.13
2012.03.08 20:58:35.237,1.48683,1.48713,1.50,1.50
2012.03.08 20:58:35.425,1.4868,1.4871,3.00,1.50
2012.03.08 20:58:35.960,1.48679,1.48711,1.50,1.50
2012.03.08 20:58:40.055,1.48681,1.48711,1.50,1.50
2012.03.08 20:58:40.124,1.48682,1.48713,1.50,2.25
2012.03.08 20:58:40.840,1.48685,1.48713,1.50,2.25
2012.03.08 20:58:41.366,1.48687,1.48716,1.50,2.13
2012.03.08 20:58:41.616,1.48678,1.48707,1.50,1.50
2012.03.08 20:58:42.138,1.48679,1.48709,1.50,1.50
2012.03.08 20:58:42.586,1.48682,1.48709,1.50,1.50
2012.03.08 20:58:42.925,1.48687,1.48717,1.50,2.46
2012.03.08 20:58:43.339,1.48684,1.48714,3.00,1.50
2012.03.08 20:58:48.240,1.48681,1.48711,1.50,2.25
2012.03.08 20:58:48.308,1.48678,1.48708,1.50,2.25
2012.03.08 20:58:48.915,1.48678,1.48708,1.50,2.88
2012.03.08 20:58:49.750,1.48678,1.48708,1.50,2.88
2012.03.08 20:58:50.346,1.48678,1.48708,1.50,2.88
2012.03.08 20:58:50.477,1.4868,1.48708,1.50,1.38
2012.03.08 20:58:50.746,1.48678,1.48708,1.50,2.88
2012.03.08 20:58:52.575,1.48678,1.48708,1.50,2.13
2012.03.08 20:58:52.645,1.4868,1.4871,1.50,2.13
2012.03.08 20:58:52.836,1.48673,1.48702,1.50,1.50
2012.03.08 20:58:54.406,1.48675,1.48705,1.50,3.00
2012.03.08 20:58:54.850,1.48678,1.48707,1.50,1.50
2012.03.08 20:58:55.512,1.48678,1.48708,1.50,1.38
2012.03.08 20:58:55.971,1.48675,1.48707,1.50,1.50
2012.03.08 20:58:56.489,1.48679,1.48708,1.50,2.13
2012.03.08 20:58:57.257,1.48679,1.48708,1.50,2.13
2012.03.08 20:58:57.720,1.48676,1.48705,1.50,1.50
2012.03.08 20:58:57.868,1.48677,1.48708,1.50,2.13
2012.03.08 20:58:59.295,1.48677,1.48709,1.50,2.88
2012.03.08 20:58:59.667,1.48674,1.48704,1.50,2.13
2012.03.08 20:59:00.245,1.48672,1.48701,1.50,2.13
2012.03.08 20:59:00.319,1.48674,1.48702,1.50,0.63
2012.03.08 20:59:00.835,1.48674,1.48701,1.50,0.63
2012.03.08 20:59:01.146,1.48674,1.48699,1.50,0.75
2012.03.08 20:59:01.218,1.48667,1.48697,1.50,0.63
2012.03.08 20:59:01.283,1.48667,1.48692,1.50,0.63
2012.03.08 20:59:01.792,1.48667,1.48693,1.50,0.63
2012.03.08 20:59:02.355,1.48667,1.48689,1.50,0.63
2012.03.08 20:59:02.418,1.48662,1.48689,1.50,0.63
2012.03.08 20:59:02.488,1.48667,1.48693,1.50,2.25
2012.03.08 20:59:02.553,1.48668,1.48695,1.50,0.63
2012.03.08 20:59:02.913,1.48666,1.48693,1.50,0.63
2012.03.08 20:59:03.177,1.48668,1.48698,1.50,0.75
2012.03.08 20:59:03.245,1.48668,1.487,1.50,2.13
2012.03.08 20:59:03.318,1.48671,1.487,1.50,0.63
2012.03.08 20:59:03.637,1.48671,1.48694,1.50,0.75
2012.03.08 20:59:03.705,1.48671,1.48699,1.50,0.75
2012.03.08 20:59:03.954,1.48671,1.48702,1.50,2.13
2012.03.08 20:59:04.027,1.48674,1.48702,1.50,0.63
2012.03.08 20:59:04.095,1.48674,1.48704,1.50,2.88
2012.03.08 20:59:06.875,1.48672,1.48701,1.50,1.50
2012.03.08 20:59:08.684,1.48673,1.48701,1.50,1.50
2012.03.08 20:59:08.752,1.48674,1.48704,1.50,0.75
2012.03.08 20:59:09.531,1.48674,1.48705,1.50,2.13
2012.03.08 20:59:10.124,1.48674,1.48704,1.50,0.63
2012.03.08 20:59:10.543,1.48674,1.48699,1.50,1.50
2012.03.08 20:59:10.605,1.48671,1.48697,0.75,1.50
2012.03.08 20:59:10.671,1.48667,1.48697,1.50,1.50
2012.03.08 20:59:11.283,1.48668,1.48697,1.50,1.50
2012.03.08 20:59:11.341,1.48669,1.48701,1.50,1.50
2012.03.08 20:59:12.301,1.48671,1.48701,1.50,1.50
2012.03.08 20:59:12.362,1.48672,1.48703,1.50,2.25
2012.03.08 20:59:14.562,1.48669,1.48701,1.50,1.50
2012.03.08 20:59:14.742,1.48667,1.48697,1.50,1.50
2012.03.08 20:59:15.102,1.48662,1.48691,1.50,1.50
2012.03.08 20:59:15.424,1.48659,1.48688,1.50,1.50
2012.03.08 20:59:15.983,1.48659,1.48687,1.50,1.50
2012.03.08 20:59:16.106,1.48655,1.48684,1.50,1.50
2012.03.08 20:59:16.354,1.48652,1.48681,1.50,1.50
2012.03.08 20:59:17.469,1.48653,1.48685,1.50,1.50
2012.03.08 20:59:17.854,1.48653,1.48683,1.50,1.50
2012.03.08 20:59:18.341,1.48655,1.48684,1.50,1.50
2012.03.08 20:59:19.113,1.48656,1.48688,1.50,1.50
2012.03.08 20:59:19.313,1.48655,1.48684,1.50,1.50
2012.03.08 20:59:20.232,1.48656,1.48686,1.50,0.63
2012.03.08 20:59:20.779,1.48656,1.48687,1.50,0.63
2012.03.08 20:59:20.848,1.48655,1.48684,1.50,1.50
2012.03.08 20:59:24.672,1.48656,1.48686,1.50,2.13
2012.03.08 20:59:26.135,1.48656,1.48687,2.25,0.63
2012.03.08 20:59:26.949,1.48655,1.48684,1.50,1.50
2012.03.08 20:59:30.712,1.48656,1.48684,0.75,1.50
2012.03.08 20:59:30.834,1.48657,1.48687,1.50,1.50
2012.03.08 20:59:31.027,1.48657,1.48683,1.50,0.75
2012.03.08 20:59:31.718,1.48661,1.48683,1.50,0.75
2012.03.08 20:59:31.792,1.4865,1.48678,1.50,0.75
2012.03.08 20:59:31.977,1.4865,1.48676,1.50,1.50
2012.03.08 20:59:32.043,1.48643,1.48674,1.50,1.50
2012.03.08 20:59:32.113,1.48643,1.4867,2.25,1.50
2012.03.08 20:59:32.696,1.48642,1.48671,2.25,1.50
2012.03.08 20:59:35.671,1.48641,1.48668,0.75,0.75
2012.03.08 20:59:35.852,1.48631,1.48663,2.25,1.50
2012.03.08 20:59:35.972,1.48631,1.4866,1.50,1.50
2012.03.08 20:59:36.152,1.48632,1.48662,1.50,1.50
2012.03.08 20:59:36.282,1.48638,1.48664,1.50,1.50
2012.03.08 20:59:36.342,1.48638,1.4867,1.50,1.50
2012.03.08 20:59:36.864,1.48637,1.48666,3.75,1.50
2012.03.08 20:59:37.149,1.48639,1.48669,1.50,3.00
2012.03.08 20:59:39.838,1.48641,1.48669,0.75,1.50
2012.03.08 20:59:40.214,1.48639,1.48669,1.50,1.50
2012.03.08 20:59:40.402,1.48641,1.48669,0.75,1.50
2012.03.08 20:59:40.712,1.48648,1.48671,1.50,0.63
2012.03.08 20:59:41.103,1.48644,1.48671,1.50,0.63
2012.03.08 20:59:41.392,1.48642,1.48671,1.50,0.63
2012.03.08 20:59:43.080,1.48642,1.48668,1.50,0.63
2012.03.08 20:59:43.415,1.48642,1.4867,1.50,0.63
2012.03.08 20:59:45.392,1.48642,1.48671,1.50,0.63
2012.03.08 20:59:46.096,1.48642,1.48672,1.50,0.63
2012.03.08 20:59:46.665,1.48642,1.48669,1.50,0.63
2012.03.08 20:59:47.253,1.48645,1.48669,1.50,0.63
2012.03.08 20:59:47.811,1.48647,1.4867,1.50,0.63
2012.03.08 20:59:48.253,1.48645,1.48669,1.50,0.63
2012.03.08 20:59:48.313,1.48643,1.48669,1.50,0.63
2012.03.08 20:59:48.874,1.48649,1.4867,1.50,0.63
2012.03.08 20:59:48.991,1.48649,1.48678,1.50,1.50
2012.03.08 20:59:52.537,1.48652,1.48681,1.50,1.50
2012.03.08 20:59:52.665,1.48659,1.4869,1.50,2.13
2012.03.08 20:59:52.793,1.48659,1.48683,1.50,0.63
2012.03.08 20:59:53.514,1.48656,1.48683,1.50,0.63
2012.03.08 20:59:54.088,1.48651,1.4868,1.50,1.50
2012.03.08 20:59:54.601,1.48652,1.4868,1.50,1.50
2012.03.08 20:59:54.792,1.48654,1.48682,1.50,0.63
2012.03.08 20:59:55.037,1.48647,1.48678,0.75,1.50
2012.03.08 20:59:55.222,1.48647,1.48675,0.75,1.50
2012.03.08 20:59:55.553,1.48647,1.48671,0.75,1.50
2012.03.08 20:59:55.822,1.48647,1.48674,0.75,0.63
2012.03.08 20:59:56.122,1.48647,1.48672,0.75,1.50
2012.03.08 20:59:57.203,1.48642,1.48672,2.25,1.50
2012.03.08 20:59:58.053,1.48636,1.48665,1.50,1.50
2012.03.08 20:59:58.115,1.48634,1.48665,1.50,1.50
2012.03.08 20:59:58.366,1.48637,1.48666,1.50,0.63
2012.03.08 20:59:58.672,1.48641,1.48667,0.75,1.50
2012.03.08 20:59:58.853,1.48645,1.48674,1.50,1.50
2012.03.08 20:59:59.288,1.48643,1.48673,1.50,1.50
2012.03.08 20:59:59.354,1.48645,1.48673,1.50,1.50
2012.03.08 20:59:59.614,1.48642,1.48673,2.25,1.50
2012.03.08 20:59:59.855,1.48647,1.48677,1.50,1.50
