2015.12.29 17:00:00.384,2.0285,2.02889,1.00,1.00
2015.12.29 17:00:01.318,2.02848,2.02889,1.50,1.00
2015.12.29 17:00:01.369,2.0285,2.02888,1.00,1.00
2015.12.29 17:00:02.185,2.0285,2.02887,1.00,1.00
2015.12.29 17:00:02.690,2.0285,2.02888,1.00,1.00
2015.12.29 17:00:04.444,2.02847,2.02884,1.00,1.00
2015.12.29 17:00:04.495,2.02845,2.02884,1.50,1.00
2015.12.29 17:00:08.814,2.02843,2.02882,1.00,1.00
2015.12.29 17:00:09.117,2.0284,2.0288,1.37,1.00
2015.12.29 17:00:09.658,2.0284,2.0288,1.00,1.00
2015.12.29 17:00:09.763,2.02836,2.02878,1.50,1.00
2015.12.29 17:00:11.922,2.02838,2.0288,1.00,1.00
2015.12.29 17:00:12.225,2.02837,2.02876,1.00,1.00
2015.12.29 17:00:14.677,2.02835,2.02873,1.00,1.00
2015.12.29 17:00:14.728,2.02833,2.02873,1.00,1.00
2015.12.29 17:00:15.955,2.02834,2.02873,1.00,1.00
2015.12.29 17:00:16.806,2.02835,2.02877,1.00,1.00
2015.12.29 17:00:18.137,2.0284,2.02877,1.00,1.00
2015.12.29 17:00:18.595,2.02835,2.02877,1.37,1.00
2015.12.29 17:00:20.055,2.02835,2.02875,1.00,1.00
2015.12.29 17:00:20.983,2.02834,2.02873,1.00,1.00
2015.12.29 17:00:25.649,2.02834,2.02873,1.00,1.37
2015.12.29 17:00:25.984,2.0283,2.02872,1.07,1.37
2015.12.29 17:00:27.339,2.02827,2.02868,1.57,1.00
2015.12.29 17:00:28.675,2.02825,2.02865,1.07,1.00
2015.12.29 17:00:29.180,2.02825,2.02864,1.07,1.00
2015.12.29 17:00:29.793,2.02825,2.02864,1.07,1.00
2015.12.29 17:00:30.429,2.02825,2.02864,1.07,1.00
2015.12.29 17:00:31.492,2.02825,2.02864,1.07,1.37
2015.12.29 17:00:33.299,2.02825,2.02864,1.07,1.12
2015.12.29 17:00:34.208,2.0283,2.0287,1.07,1.37
2015.12.29 17:00:34.259,2.0283,2.0287,1.07,1.00
2015.12.29 17:00:36.187,2.02832,2.0287,1.00,1.00
2015.12.29 17:00:36.692,2.02833,2.0287,1.00,1.00
2015.12.29 17:00:36.988,2.0283,2.0287,1.07,1.00
2015.12.29 17:00:41.182,2.02825,2.02864,1.07,1.00
2015.12.29 17:00:41.511,2.02828,2.02867,1.07,1.00
2015.12.29 17:00:41.562,2.02831,2.0287,1.00,1.00
2015.12.29 17:00:41.613,2.02825,2.02866,1.20,1.00
2015.12.29 17:00:43.992,2.02821,2.02863,1.07,1.00
2015.12.29 17:00:44.543,2.02821,2.02863,1.31,1.00
2015.12.29 17:00:46.702,2.02821,2.02863,1.31,1.37
2015.12.29 17:00:50.210,2.02824,2.02863,1.95,1.00
2015.12.29 17:00:50.715,2.02825,2.02864,1.20,1.12
2015.12.29 17:00:57.308,2.02827,2.02867,1.95,1.00
2015.12.29 17:00:58.310,2.02829,2.02871,1.57,1.00
2015.12.29 17:00:58.993,2.02829,2.02871,1.57,1.00
2015.12.29 17:00:59.523,2.02829,2.02871,1.07,1.00
2015.12.29 17:01:01.216,2.02829,2.02871,1.07,1.00
2015.12.29 17:01:01.854,2.02829,2.02868,1.07,1.00
2015.12.29 17:01:02.157,2.02823,2.02859,1.07,1.00
2015.12.29 17:01:02.757,2.02823,2.02859,1.07,1.00
2015.12.29 17:01:03.262,2.02821,2.0286,1.19,1.37
2015.12.29 17:01:03.774,2.02821,2.0286,1.19,1.12
2015.12.29 17:01:04.288,2.02821,2.0286,1.19,1.37
2015.12.29 17:01:04.859,2.02821,2.0286,1.19,1.12
2015.12.29 17:01:05.404,2.02819,2.02859,1.16,1.87
2015.12.29 17:01:05.705,2.02819,2.02859,1.16,1.87
2015.12.29 17:01:06.572,2.02819,2.02859,1.16,2.24
2015.12.29 17:01:07.056,2.02811,2.02851,1.22,1.00
2015.12.29 17:01:07.729,2.02811,2.02851,1.00,1.00
2015.12.29 17:01:07.830,2.02809,2.02849,1.00,1.00
2015.12.29 17:01:10.249,2.02805,2.02847,1.00,1.00
2015.12.29 17:01:10.401,2.02805,2.02845,1.00,1.00
2015.12.29 17:01:11.805,2.02805,2.02843,1.00,1.00
2015.12.29 17:01:11.956,2.02805,2.02846,1.00,1.00
2015.12.29 17:01:13.753,2.02805,2.02846,1.00,1.37
2015.12.29 17:01:13.804,2.02805,2.02843,1.00,1.00
2015.12.29 17:01:14.006,2.02805,2.02846,1.00,1.37
2015.12.29 17:01:14.527,2.02805,2.02847,1.00,1.87
2015.12.29 17:01:15.017,2.02805,2.02847,1.00,1.50
2015.12.29 17:01:15.420,2.02808,2.02848,1.00,1.00
2015.12.29 17:01:16.984,2.02811,2.0285,1.00,1.00
2015.12.29 17:01:25.144,2.02805,2.02847,1.00,1.00
2015.12.29 17:01:25.745,2.02803,2.02845,1.00,1.00
2015.12.29 17:01:26.249,2.02803,2.02844,1.00,1.00
2015.12.29 17:01:27.706,2.02803,2.02845,1.00,1.00
2015.12.29 17:01:31.477,2.02801,2.02843,1.00,1.00
2015.12.29 17:01:31.780,2.02805,2.02846,1.00,1.00
2015.12.29 17:01:33.427,2.02804,2.02846,1.00,1.00
2015.12.29 17:01:39.813,2.02806,2.02846,1.50,1.00
2015.12.29 17:01:40.365,2.02805,2.02846,1.50,1.00
2015.12.29 17:01:41.119,2.02806,2.02846,1.00,1.00
2015.12.29 17:01:41.271,2.0281,2.02851,1.00,1.00
2015.12.29 17:01:41.322,2.02814,2.02851,1.00,1.00
2015.12.29 17:01:41.372,2.02814,2.02853,1.50,1.00
2015.12.29 17:01:41.974,2.02812,2.02851,1.00,1.00
2015.12.29 17:01:42.075,2.0281,2.0285,1.00,1.50
2015.12.29 17:01:42.327,2.02813,2.02849,1.00,1.00
2015.12.29 17:01:42.429,2.02816,2.02858,1.00,1.00
2015.12.29 17:01:42.885,2.0282,2.02859,1.00,1.00
2015.12.29 17:01:44.333,2.0282,2.02859,1.00,1.37
2015.12.29 17:01:44.435,2.0282,2.02859,1.00,1.00
2015.12.29 17:01:44.485,2.0282,2.02854,1.00,1.00
2015.12.29 17:01:44.587,2.0282,2.02859,1.00,1.50
2015.12.29 17:01:45.921,2.02817,2.02858,1.00,1.00
2015.12.29 17:01:47.797,2.02817,2.02856,1.00,1.00
2015.12.29 17:01:49.839,2.02817,2.02858,1.00,1.00
2015.12.29 17:01:50.266,2.02822,2.02861,1.00,1.00
2015.12.29 17:01:51.264,2.02819,2.0286,1.00,1.00
2015.12.29 17:01:51.547,2.02817,2.02857,1.00,1.00
2015.12.29 17:01:51.967,2.02822,2.02861,1.00,1.00
2015.12.29 17:01:52.169,2.02824,2.02864,1.00,1.00
2015.12.29 17:01:54.456,2.02824,2.02864,1.87,1.00
2015.12.29 17:01:55.885,2.02824,2.02864,1.00,1.00
2015.12.29 17:01:57.594,2.02824,2.02864,1.37,1.00
2015.12.29 17:01:58.357,2.02831,2.02867,1.00,1.00
2015.12.29 17:01:58.459,2.02831,2.0287,1.00,1.00
2015.12.29 17:01:59.603,2.02834,2.02873,1.00,1.00
2015.12.29 17:02:00.381,2.02839,2.02881,1.00,1.87
2015.12.29 17:02:00.482,2.02843,2.02883,1.00,1.37
2015.12.29 17:02:01.231,2.02843,2.02883,1.00,1.00
2015.12.29 17:02:01.534,2.0284,2.02879,1.00,1.00
2015.12.29 17:02:04.366,2.02835,2.02876,1.00,1.00
2015.12.29 17:02:04.879,2.02835,2.02875,1.00,1.00
2015.12.29 17:02:05.283,2.02837,2.02876,1.00,1.00
2015.12.29 17:02:05.536,2.0284,2.02882,1.00,1.00
2015.12.29 17:02:06.820,2.0284,2.02881,1.00,1.00
2015.12.29 17:02:06.870,2.02839,2.02878,1.00,1.00
2015.12.29 17:02:11.702,2.02841,2.02882,1.00,1.00
2015.12.29 17:02:11.853,2.02844,2.02883,1.00,1.00
2015.12.29 17:02:14.633,2.02844,2.02883,1.00,1.37
2015.12.29 17:02:14.987,2.02844,2.0288,1.00,1.00
2015.12.29 17:02:15.597,2.02838,2.02879,1.00,1.00
2015.12.29 17:02:15.963,2.02834,2.02874,1.00,1.00
2015.12.29 17:02:20.904,2.02837,2.02876,1.00,1.00
2015.12.29 17:02:21.005,2.02841,2.02882,1.00,1.00
2015.12.29 17:02:22.109,2.02838,2.02879,1.00,1.00
2015.12.29 17:02:23.017,2.02842,2.02883,1.00,1.00
2015.12.29 17:02:24.716,2.02839,2.02881,1.00,1.00
2015.12.29 17:02:30.256,2.02835,2.02876,1.00,1.00
2015.12.29 17:02:30.761,2.02835,2.02875,1.00,1.00
2015.12.29 17:02:33.108,2.02835,2.02873,1.00,1.00
2015.12.29 17:02:38.554,2.02835,2.02873,1.28,1.00
2015.12.29 17:02:38.655,2.0283,2.02871,1.50,1.00
2015.12.29 17:02:38.868,2.02835,2.02875,1.00,1.00
2015.12.29 17:02:39.070,2.0284,2.02882,1.00,1.00
2015.12.29 17:02:39.532,2.02838,2.02877,1.00,1.00
2015.12.29 17:02:44.994,2.02841,2.02882,1.00,1.00
2015.12.29 17:02:52.250,2.02842,2.02882,1.00,1.00
2015.12.29 17:02:52.553,2.02844,2.02886,1.00,1.00
2015.12.29 17:02:53.362,2.02846,2.02886,1.00,1.00
2015.12.29 17:02:53.665,2.02849,2.02886,1.00,1.00
2015.12.29 17:02:53.766,2.02852,2.02891,1.00,1.00
2015.12.29 17:02:54.550,2.02854,2.02896,1.00,1.00
2015.12.29 17:02:58.383,2.02854,2.02896,1.28,1.00
2015.12.29 17:02:58.887,2.02854,2.02896,1.28,1.00
2015.12.29 17:02:59.949,2.02854,2.02896,1.28,1.00
2015.12.29 17:03:01.085,2.02854,2.02896,1.00,1.00
2015.12.29 17:03:02.800,2.02854,2.02896,1.07,1.00
2015.12.29 17:03:03.104,2.02854,2.02896,1.09,1.00
2015.12.29 17:03:04.000,2.02854,2.02896,1.07,1.00
2015.12.29 17:03:05.299,2.02854,2.02896,1.07,1.00
2015.12.29 17:03:12.269,2.02854,2.02896,1.07,1.00
2015.12.29 17:03:15.610,2.02854,2.02896,1.09,1.00
2015.12.29 17:03:15.873,2.02856,2.02896,1.37,1.00
2015.12.29 17:03:16.381,2.02856,2.02896,1.50,1.00
2015.12.29 17:03:17.008,2.0286,2.02901,1.00,1.00
2015.12.29 17:03:27.383,2.0286,2.02899,1.00,1.00
2015.12.29 17:03:27.902,2.0286,2.02898,1.00,1.00
2015.12.29 17:03:27.952,2.02857,2.02898,1.00,1.50
2015.12.29 17:03:28.499,2.02857,2.02897,1.00,1.00
2015.12.29 17:03:34.056,2.02857,2.02898,1.00,1.50
2015.12.29 17:03:34.857,2.02857,2.02898,1.00,1.87
2015.12.29 17:03:35.562,2.02857,2.02898,1.00,1.50
2015.12.29 17:03:43.142,2.0286,2.029,1.00,1.00
2015.12.29 17:03:43.395,2.02855,2.02896,1.00,1.00
2015.12.29 17:03:43.636,2.02855,2.02894,1.00,1.50
2015.12.29 17:03:43.687,2.02848,2.02888,1.00,1.00
2015.12.29 17:03:43.738,2.02845,2.02886,1.00,1.00
2015.12.29 17:03:52.930,2.02845,2.02886,1.37,1.00
2015.12.29 17:03:53.470,2.02845,2.02886,1.00,1.00
2015.12.29 17:03:55.637,2.02845,2.02886,1.37,1.00
2015.12.29 17:03:56.213,2.02845,2.02886,1.00,1.00
2015.12.29 17:04:04.081,2.02845,2.02884,1.00,1.00
2015.12.29 17:04:07.076,2.02845,2.02882,1.00,1.00
2015.12.29 17:04:18.448,2.02839,2.02878,1.00,1.00
2015.12.29 17:04:18.601,2.02839,2.02875,1.00,1.00
2015.12.29 17:04:18.940,2.02835,2.02874,1.00,1.12
2015.12.29 17:04:19.489,2.02835,2.02873,1.00,1.00
2015.12.29 17:04:23.527,2.02835,2.02874,1.00,1.12
2015.12.29 17:04:33.511,2.02835,2.02873,1.00,1.00
2015.12.29 17:04:33.960,2.02838,2.02877,1.00,1.75
2015.12.29 17:04:34.427,2.02838,2.02877,1.00,1.00
2015.12.29 17:04:39.612,2.02835,2.02875,1.00,1.00
2015.12.29 17:04:49.733,2.02835,2.02875,1.37,1.00
2015.12.29 17:04:50.744,2.02835,2.02875,1.37,1.00
2015.12.29 17:04:53.078,2.02835,2.02875,1.00,1.00
2015.12.29 17:04:58.520,2.02846,2.02875,1.00,1.00
2015.12.29 17:04:58.824,2.02849,2.02875,1.00,1.00
2015.12.29 17:04:58.976,2.02851,2.02893,1.00,1.00
2015.12.29 17:04:59.139,2.02854,2.02895,1.00,1.00
2015.12.29 17:05:04.827,2.02855,2.02895,1.00,1.00
2015.12.29 17:05:05.457,2.02854,2.02895,1.50,1.00
2015.12.29 17:05:05.761,2.02862,2.02899,1.00,1.00
2015.12.29 17:05:05.812,2.0286,2.02899,1.00,1.00
2015.12.29 17:05:07.504,2.02857,2.02896,1.00,1.00
2015.12.29 17:05:21.553,2.02857,2.02893,1.00,1.00
2015.12.29 17:05:23.682,2.02856,2.02893,1.00,1.00
2015.12.29 17:05:25.486,2.02857,2.02893,1.00,1.00
2015.12.29 17:05:35.572,2.02854,2.02893,1.00,1.00
2015.12.29 17:05:40.212,2.02856,2.02893,1.00,1.00
2015.12.29 17:05:41.545,2.02857,2.02893,1.00,1.00
2015.12.29 17:05:42.077,2.02854,2.02893,1.00,1.00
2015.12.29 17:05:43.000,2.02852,2.02892,1.50,1.00
2015.12.29 17:05:45.412,2.02854,2.02892,1.00,1.00
2015.12.29 17:05:55.733,2.02851,2.02892,1.00,1.00
2015.12.29 17:05:56.284,2.02852,2.02892,1.50,1.00
2015.12.29 17:05:56.460,2.02852,2.0289,1.50,1.00
2015.12.29 17:05:59.456,2.02857,2.0289,1.00,1.00
2015.12.29 17:06:03.838,2.02852,2.0289,1.00,1.00
2015.12.29 17:06:04.235,2.02852,2.02892,1.00,1.00
2015.12.29 17:06:08.608,2.02852,2.02887,1.00,1.00
2015.12.29 17:06:09.814,2.02851,2.02887,1.00,1.00
2015.12.29 17:06:29.045,2.02847,2.02887,1.00,1.00
2015.12.29 17:06:38.292,2.02846,2.02887,1.50,1.00
2015.12.29 17:06:38.343,2.02848,2.02887,1.37,1.00
2015.12.29 17:06:38.844,2.02855,2.02887,1.00,1.00
2015.12.29 17:06:39.265,2.02856,2.02895,1.00,1.00
2015.12.29 17:06:47.644,2.02857,2.02895,1.00,1.00
2015.12.29 17:06:47.694,2.02858,2.02897,1.37,1.00
2015.12.29 17:06:47.997,2.02865,2.02897,1.00,1.00
2015.12.29 17:06:49.023,2.02865,2.02902,1.00,1.00
2015.12.29 17:06:51.873,2.02865,2.02905,1.00,1.00
2015.12.29 17:06:52.887,2.02865,2.02902,1.00,1.00
2015.12.29 17:06:52.938,2.02861,2.029,1.00,1.00
2015.12.29 17:06:52.989,2.02863,2.02903,1.00,1.00
2015.12.29 17:06:53.040,2.02859,2.029,1.00,1.00
2015.12.29 17:06:53.193,2.02855,2.02897,1.00,1.00
2015.12.29 17:06:53.445,2.02856,2.02893,1.00,1.00
2015.12.29 17:06:53.769,2.02859,2.02896,1.00,1.00
2015.12.29 17:06:54.590,2.02859,2.029,1.50,1.00
2015.12.29 17:06:57.195,2.02859,2.02897,1.00,1.00
2015.12.29 17:07:01.646,2.02858,2.02897,1.00,1.00
2015.12.29 17:07:05.227,2.02855,2.02895,1.00,1.00
2015.12.29 17:07:05.278,2.02855,2.02891,1.00,1.00
2015.12.29 17:07:05.480,2.02852,2.02891,1.00,1.00
2015.12.29 17:07:05.632,2.02849,2.02889,1.00,1.00
2015.12.29 17:07:18.438,2.0285,2.02889,1.00,1.00
2015.12.29 17:07:18.922,2.02855,2.02889,1.00,1.00
2015.12.29 17:07:19.090,2.0285,2.02889,1.00,1.00
2015.12.29 17:07:21.046,2.02852,2.02891,1.00,1.00
2015.12.29 17:07:26.644,2.02853,2.02895,1.12,1.00
2015.12.29 17:07:26.796,2.02857,2.02895,1.00,1.00
2015.12.29 17:07:27.149,2.02855,2.02895,1.00,1.00
2015.12.29 17:07:27.250,2.02858,2.02895,1.00,1.00
2015.12.29 17:07:27.574,2.02856,2.02895,1.00,1.00
2015.12.29 17:07:27.703,2.02853,2.02895,1.00,1.00
2015.12.29 17:07:34.199,2.02855,2.02895,1.00,1.00
2015.12.29 17:07:34.502,2.02853,2.02895,1.00,1.00
2015.12.29 17:07:35.663,2.02851,2.02893,1.00,1.00
2015.12.29 17:07:37.351,2.02852,2.02893,1.00,1.00
2015.12.29 17:07:40.190,2.02851,2.02893,2.25,1.00
2015.12.29 17:07:40.647,2.02854,2.02893,1.00,1.00
2015.12.29 17:07:46.154,2.02853,2.02893,1.00,1.00
2015.12.29 17:07:46.459,2.02857,2.02895,1.00,1.00
2015.12.29 17:07:49.682,2.02854,2.02895,1.00,1.00
2015.12.29 17:07:52.550,2.02856,2.02895,1.00,1.00
2015.12.29 17:07:52.770,2.02854,2.02895,1.00,1.00
2015.12.29 17:08:00.250,2.02855,2.02895,1.00,1.00
2015.12.29 17:08:01.897,2.02854,2.02895,1.50,1.00
2015.12.29 17:08:02.302,2.02856,2.02895,1.37,1.00
2015.12.29 17:08:02.353,2.02856,2.02897,3.37,1.00
2015.12.29 17:08:02.404,2.02862,2.02901,1.50,1.00
2015.12.29 17:08:02.506,2.02864,2.02905,1.00,1.00
2015.12.29 17:08:02.557,2.02872,2.02905,1.00,1.00
2015.12.29 17:08:02.861,2.02866,2.02905,1.00,1.00
2015.12.29 17:08:03.635,2.02864,2.02905,1.00,1.00
2015.12.29 17:08:04.709,2.02863,2.02902,1.00,1.00
2015.12.29 17:08:04.760,2.02869,2.02909,1.00,1.00
2015.12.29 17:08:05.012,2.0287,2.02906,1.00,1.00
2015.12.29 17:08:05.113,2.02867,2.02906,1.00,1.00
2015.12.29 17:08:06.187,2.02866,2.02905,1.12,1.00
2015.12.29 17:08:06.288,2.02872,2.02905,1.00,1.00
2015.12.29 17:08:06.591,2.02876,2.02905,1.00,1.00
2015.12.29 17:08:07.163,2.02882,2.02905,1.00,1.00
2015.12.29 17:08:07.836,2.02882,2.02914,1.00,1.00
2015.12.29 17:08:08.403,2.02881,2.02914,1.00,1.00
2015.12.29 17:08:12.226,2.02877,2.02914,1.00,1.00
2015.12.29 17:08:12.497,2.02876,2.02911,1.00,1.00
2015.12.29 17:08:12.867,2.02869,2.02906,1.00,1.00
2015.12.29 17:08:12.918,2.02869,2.02904,1.00,1.00
2015.12.29 17:08:13.019,2.02861,2.02902,1.00,1.00
2015.12.29 17:08:13.120,2.02858,2.029,1.00,1.00
2015.12.29 17:08:13.272,2.02854,2.02896,1.00,1.00
2015.12.29 17:08:13.575,2.02854,2.02894,1.00,1.00
2015.12.29 17:08:13.677,2.02854,2.02896,1.00,1.50
2015.12.29 17:08:14.151,2.02852,2.02892,1.00,1.00
2015.12.29 17:08:14.302,2.02853,2.02895,1.00,1.00
2015.12.29 17:08:17.374,2.02859,2.02897,1.00,1.00
2015.12.29 17:08:17.426,2.02861,2.029,1.00,1.00
2015.12.29 17:08:17.804,2.02863,2.029,1.00,1.00
2015.12.29 17:08:18.107,2.02871,2.02906,1.00,1.00
2015.12.29 17:08:18.410,2.02877,2.02906,1.00,1.00
2015.12.29 17:08:22.333,2.02872,2.02906,1.00,1.00
2015.12.29 17:08:27.000,2.02872,2.02903,1.00,1.00
2015.12.29 17:08:27.051,2.02864,2.02903,1.00,1.00
2015.12.29 17:08:27.102,2.02861,2.02903,1.00,1.00
2015.12.29 17:08:27.635,2.02861,2.029,1.00,1.00
2015.12.29 17:08:28.139,2.02864,2.029,1.00,1.00
2015.12.29 17:08:28.190,2.02865,2.02903,1.00,1.50
2015.12.29 17:08:28.291,2.02872,2.02903,1.00,1.00
2015.12.29 17:08:28.443,2.02872,2.02906,1.00,1.00
2015.12.29 17:08:29.189,2.02871,2.02906,1.00,1.00
2015.12.29 17:08:29.607,2.02876,2.02906,1.00,1.00
2015.12.29 17:08:34.884,2.02871,2.02906,1.00,1.00
2015.12.29 17:08:37.066,2.02876,2.02906,1.00,1.00
2015.12.29 17:08:39.147,2.02872,2.02906,1.00,1.00
2015.12.29 17:08:40.034,2.02866,2.02906,1.00,1.00
2015.12.29 17:08:45.445,2.02871,2.02906,1.00,1.00
2015.12.29 17:08:48.479,2.02871,2.02902,1.00,1.00
2015.12.29 17:09:06.040,2.02871,2.02899,1.00,1.00
2015.12.29 17:09:06.754,2.02871,2.02895,1.00,1.00
2015.12.29 17:09:06.804,2.02858,2.02895,1.00,1.00
2015.12.29 17:09:06.906,2.02856,2.02895,1.00,1.00
2015.12.29 17:09:08.322,2.02854,2.02892,1.00,1.00
2015.12.29 17:09:08.877,2.02852,2.02892,1.87,1.00
2015.12.29 17:09:09.599,2.02852,2.02892,1.50,1.00
2015.12.29 17:09:11.570,2.02855,2.02895,1.00,1.00
2015.12.29 17:09:11.873,2.02866,2.02897,1.00,1.00
2015.12.29 17:09:12.176,2.02871,2.02897,1.00,1.00
2015.12.29 17:09:12.533,2.02866,2.02897,1.00,1.00
2015.12.29 17:09:14.806,2.02872,2.02897,1.00,1.00
2015.12.29 17:09:16.011,2.02871,2.02897,1.00,1.00
2015.12.29 17:09:16.062,2.02871,2.02905,1.00,1.00
2015.12.29 17:09:16.263,2.02886,2.02905,1.00,1.00
2015.12.29 17:09:16.365,2.02886,2.02909,1.00,1.00
2015.12.29 17:09:16.466,2.02886,2.02911,1.00,1.00
2015.12.29 17:09:17.227,2.02872,2.02911,1.00,1.00
2015.12.29 17:09:17.328,2.02886,2.02911,1.00,1.00
2015.12.29 17:09:17.480,2.02886,2.02915,1.00,1.00
2015.12.29 17:09:17.984,2.02887,2.02915,1.00,1.00
2015.12.29 17:09:18.601,2.02886,2.02915,1.00,1.00
2015.12.29 17:09:18.873,2.02881,2.02911,1.00,1.00
2015.12.29 17:09:19.377,2.02882,2.02911,1.00,1.00
2015.12.29 17:09:24.233,2.02882,2.02914,1.00,1.50
2015.12.29 17:09:24.385,2.02887,2.02914,1.00,1.00
2015.12.29 17:09:25.706,2.02881,2.02914,1.00,1.00
2015.12.29 17:09:29.451,2.02886,2.02914,1.00,1.00
2015.12.29 17:09:30.334,2.02887,2.02914,1.00,1.00
2015.12.29 17:09:33.186,2.02887,2.02915,1.00,1.00
2015.12.29 17:09:38.342,2.02886,2.02915,1.00,1.00
2015.12.29 17:09:41.008,2.02882,2.02915,1.00,1.00
2015.12.29 17:09:42.530,2.02881,2.02915,1.00,1.00
2015.12.29 17:09:43.406,2.02882,2.02915,1.00,1.00
2015.12.29 17:09:43.507,2.02872,2.02911,1.00,1.00
2015.12.29 17:09:45.047,2.02877,2.02911,1.00,1.87
2015.12.29 17:09:45.491,2.02881,2.02912,1.00,1.50
2015.12.29 17:09:45.644,2.02881,2.02915,1.00,1.00
2015.12.29 17:09:46.149,2.02882,2.02915,1.00,1.00
2015.12.29 17:09:48.345,2.02887,2.02915,1.00,1.00
2015.12.29 17:09:50.162,2.02887,2.02918,1.00,1.00
2015.12.29 17:09:57.036,2.02887,2.02919,1.00,1.00
2015.12.29 17:09:57.577,2.02887,2.0292,1.00,1.00
2015.12.29 17:10:00.881,2.02887,2.02924,1.00,1.00
2015.12.29 17:10:00.932,2.02897,2.02924,1.00,1.00
2015.12.29 17:10:01.337,2.02892,2.02924,1.00,1.00
2015.12.29 17:10:04.112,2.02892,2.02926,1.00,1.00
2015.12.29 17:10:04.264,2.02892,2.02931,1.00,1.00
2015.12.29 17:10:05.123,2.02897,2.02931,1.00,1.00
2015.12.29 17:10:05.326,2.02897,2.02933,1.00,1.00
2015.12.29 17:10:12.661,2.02902,2.02933,1.00,1.00
2015.12.29 17:10:13.010,2.02897,2.02933,1.00,1.00
2015.12.29 17:10:13.362,2.02902,2.02933,1.00,1.00
2015.12.29 17:10:13.582,2.02897,2.02933,1.00,1.00
2015.12.29 17:10:15.552,2.02901,2.02941,1.00,1.00
2015.12.29 17:10:15.654,2.02906,2.02941,1.00,1.00
2015.12.29 17:10:16.726,2.02907,2.02941,1.00,1.00
2015.12.29 17:10:17.254,2.02906,2.02941,1.00,1.00
2015.12.29 17:10:18.659,2.02907,2.02941,1.00,1.00
2015.12.29 17:10:18.962,2.02901,2.02941,1.00,1.00
2015.12.29 17:10:19.264,2.02899,2.02941,1.00,1.00
2015.12.29 17:10:19.636,2.02901,2.02941,1.00,1.00
2015.12.29 17:10:20.401,2.02902,2.02941,1.00,1.00
2015.12.29 17:10:21.712,2.02901,2.02941,1.00,1.00
2015.12.29 17:10:22.015,2.02899,2.02941,1.00,1.00
2015.12.29 17:10:22.267,2.02901,2.02941,1.00,1.00
2015.12.29 17:10:22.469,2.02899,2.02941,1.00,1.00
2015.12.29 17:10:22.822,2.02901,2.02941,1.00,1.00
2015.12.29 17:10:23.363,2.02907,2.02941,1.00,1.00
2015.12.29 17:10:23.564,2.02901,2.02941,1.00,1.00
2015.12.29 17:10:23.615,2.02901,2.02937,1.00,1.00
2015.12.29 17:10:24.040,2.02901,2.02929,1.00,1.00
2015.12.29 17:10:24.447,2.02896,2.02929,1.00,1.00
2015.12.29 17:10:25.987,2.02901,2.02929,1.00,1.50
2015.12.29 17:10:29.746,2.02897,2.02929,1.00,1.50
2015.12.29 17:10:31.529,2.02889,2.02928,1.00,1.00
2015.12.29 17:10:31.580,2.02886,2.02927,1.00,1.00
2015.12.29 17:10:31.631,2.02884,2.02923,1.00,1.00
2015.12.29 17:10:31.934,2.02883,2.02921,1.00,1.00
2015.12.29 17:10:32.237,2.02897,2.02924,1.00,1.00
2015.12.29 17:10:33.564,2.02901,2.02924,1.00,1.00
2015.12.29 17:10:35.340,2.02886,2.02924,1.50,1.00
2015.12.29 17:10:35.441,2.02896,2.02924,1.00,1.00
2015.12.29 17:10:35.792,2.02901,2.02924,1.00,1.00
2015.12.29 17:10:36.095,2.02897,2.02924,1.00,1.00
2015.12.29 17:10:36.347,2.02901,2.02924,1.00,1.00
2015.12.29 17:10:36.562,2.02901,2.02929,1.00,2.25
2015.12.29 17:10:37.519,2.02901,2.02933,1.00,1.00
2015.12.29 17:10:37.620,2.02904,2.02941,1.00,1.75
2015.12.29 17:10:37.671,2.02907,2.02943,1.00,2.25
2015.12.29 17:10:37.721,2.02907,2.02945,1.00,1.00
2015.12.29 17:10:37.772,2.02911,2.02945,1.00,1.00
2015.12.29 17:10:38.100,2.02922,2.02945,1.00,1.00
2015.12.29 17:10:38.202,2.02917,2.02945,1.00,1.00
2015.12.29 17:10:38.655,2.02922,2.02945,1.00,1.00
2015.12.29 17:10:38.857,2.02917,2.02945,1.00,1.50
2015.12.29 17:10:39.406,2.02917,2.02944,1.00,1.00
2015.12.29 17:10:39.507,2.02921,2.02944,1.00,1.00
2015.12.29 17:10:39.858,2.02917,2.02945,1.00,1.50
2015.12.29 17:10:40.422,2.02917,2.02944,1.00,1.00
2015.12.29 17:10:40.962,2.02916,2.02945,1.00,1.50
2015.12.29 17:10:41.578,2.02916,2.02944,1.00,1.00
2015.12.29 17:10:42.271,2.02916,2.02945,1.00,1.50
2015.12.29 17:10:42.686,2.02926,2.02945,1.00,1.50
2015.12.29 17:10:42.876,2.02926,2.02951,1.00,1.00
2015.12.29 17:10:42.927,2.02926,2.02958,1.00,1.00
2015.12.29 17:10:43.129,2.02931,2.02958,1.00,1.00
2015.12.29 17:10:43.281,2.02927,2.02961,1.00,1.00
2015.12.29 17:10:43.685,2.02931,2.02961,1.00,1.00
2015.12.29 17:10:44.230,2.02927,2.02961,1.00,1.00
2015.12.29 17:10:44.461,2.02927,2.02958,1.00,1.00
2015.12.29 17:10:45.156,2.02927,2.02961,1.00,1.00
2015.12.29 17:10:49.843,2.02927,2.02964,1.00,1.00
2015.12.29 17:10:50.498,2.02926,2.02964,1.00,1.00
2015.12.29 17:10:51.003,2.02927,2.02964,1.00,1.00
2015.12.29 17:10:51.837,2.02926,2.02964,1.00,1.00
2015.12.29 17:10:53.403,2.02923,2.02964,1.00,1.00
2015.12.29 17:10:53.505,2.02927,2.02965,1.37,1.00
2015.12.29 17:10:53.555,2.02928,2.02969,1.37,1.37
2015.12.29 17:10:53.606,2.02937,2.02969,1.00,1.00
2015.12.29 17:10:53.707,2.02936,2.02973,1.00,1.00
2015.12.29 17:10:54.565,2.02937,2.02973,1.00,1.00
2015.12.29 17:10:55.228,2.02936,2.02973,1.00,1.00
2015.12.29 17:10:55.784,2.02937,2.02973,1.00,1.00
2015.12.29 17:10:56.290,2.02936,2.02973,1.00,1.00
2015.12.29 17:10:56.821,2.02937,2.02973,1.00,1.00
2015.12.29 17:10:57.756,2.02936,2.02973,1.00,1.00
2015.12.29 17:10:59.853,2.02937,2.02973,1.00,1.00
2015.12.29 17:11:01.450,2.02937,2.0297,1.00,1.00
2015.12.29 17:11:01.753,2.02937,2.02967,1.00,1.00
2015.12.29 17:11:01.854,2.0293,2.02967,1.00,1.00
2015.12.29 17:11:01.905,2.02927,2.02967,1.00,1.50
2015.12.29 17:11:02.056,2.02932,2.02967,1.00,1.50
2015.12.29 17:11:02.712,2.02931,2.02967,1.00,1.00
2015.12.29 17:11:03.167,2.02926,2.02967,1.00,1.00
2015.12.29 17:11:03.320,2.02928,2.02967,1.00,1.00
2015.12.29 17:11:03.657,2.02932,2.02967,1.00,1.00
2015.12.29 17:11:03.708,2.02928,2.02967,1.00,1.00
2015.12.29 17:11:04.841,2.02929,2.0297,1.00,1.00
2015.12.29 17:11:12.732,2.02931,2.0297,1.00,1.00
2015.12.29 17:11:12.783,2.02933,2.02973,1.00,1.00
2015.12.29 17:11:15.047,2.02942,2.02973,1.00,1.00
2015.12.29 17:11:15.098,2.02942,2.02975,1.00,1.00
2015.12.29 17:11:15.149,2.02936,2.02975,1.50,1.00
2015.12.29 17:11:15.250,2.02942,2.02975,1.00,1.00
2015.12.29 17:11:15.777,2.02941,2.02975,1.00,1.00
2015.12.29 17:11:16.288,2.02942,2.02975,1.00,1.00
2015.12.29 17:11:19.441,2.02937,2.02975,1.00,1.00
2015.12.29 17:11:20.866,2.02941,2.02975,1.00,1.00
2015.12.29 17:11:20.967,2.02936,2.02975,1.50,1.00
2015.12.29 17:11:22.270,2.02932,2.02974,1.00,1.00
2015.12.29 17:11:24.803,2.0293,2.02971,1.00,1.00
2015.12.29 17:11:25.106,2.02926,2.02966,1.00,1.00
2015.12.29 17:11:26.704,2.02927,2.02966,1.00,1.00
2015.12.29 17:11:26.857,2.02929,2.02969,1.00,1.00
2015.12.29 17:11:30.105,2.02931,2.02969,1.00,1.00
2015.12.29 17:11:30.156,2.02931,2.02971,1.50,1.00
2015.12.29 17:11:33.758,2.02932,2.02971,1.00,1.00
2015.12.29 17:11:34.516,2.02931,2.02971,1.00,1.00
2015.12.29 17:11:36.057,2.02933,2.02974,1.00,1.00
2015.12.29 17:11:36.445,2.02935,2.02976,1.00,1.00
2015.12.29 17:11:36.961,2.02936,2.02976,1.00,1.00
2015.12.29 17:11:38.319,2.02937,2.02976,1.00,1.00
2015.12.29 17:11:45.277,2.02936,2.02976,1.00,1.00
2015.12.29 17:11:45.791,2.02935,2.02976,1.00,1.00
2015.12.29 17:11:46.336,2.02936,2.02975,1.12,1.00
2015.12.29 17:11:46.387,2.0294,2.02981,1.00,1.00
2015.12.29 17:11:47.974,2.02942,2.02981,1.00,1.00
2015.12.29 17:12:00.402,2.02943,2.02984,1.00,1.00
2015.12.29 17:12:00.553,2.02946,2.02984,1.00,1.00
2015.12.29 17:12:00.787,2.02943,2.02983,1.00,1.00
2015.12.29 17:12:01.292,2.02943,2.02984,1.00,1.00
2015.12.29 17:12:04.173,2.02944,2.02984,1.00,1.00
2015.12.29 17:12:04.632,2.02945,2.02987,1.00,1.00
2015.12.29 17:12:07.667,2.02947,2.02987,1.00,1.00
2015.12.29 17:12:10.109,2.02945,2.02987,1.00,1.00
2015.12.29 17:12:10.652,2.02946,2.02987,1.00,1.00
2015.12.29 17:12:14.954,2.02945,2.02987,1.00,1.00
2015.12.29 17:12:15.740,2.02947,2.02987,1.00,1.00
2015.12.29 17:12:15.841,2.02945,2.02987,1.00,1.00
2015.12.29 17:12:24.106,2.0295,2.02989,1.00,1.00
2015.12.29 17:12:27.459,2.02955,2.02992,1.00,1.37
2015.12.29 17:12:27.611,2.02957,2.02997,1.00,1.00
2015.12.29 17:12:27.763,2.02959,2.03001,1.00,1.37
2015.12.29 17:12:28.281,2.02959,2.03001,1.00,1.00
2015.12.29 17:12:30.405,2.02963,2.03002,1.00,1.00
2015.12.29 17:12:30.641,2.0296,2.03001,1.00,1.00
2015.12.29 17:12:31.545,2.0296,2.03,1.00,1.00
2015.12.29 17:12:32.749,2.02957,2.02996,1.00,1.00
2015.12.29 17:12:33.102,2.02955,2.02996,1.00,1.00
2015.12.29 17:12:33.635,2.02956,2.02996,1.00,1.00
2015.12.29 17:12:36.061,2.02955,2.02996,1.00,1.00
2015.12.29 17:12:36.264,2.02957,2.02998,1.00,1.00
2015.12.29 17:12:36.567,2.02949,2.02988,1.00,1.00
2015.12.29 17:12:38.857,2.02946,2.02985,1.00,1.00
2015.12.29 17:12:39.165,2.02946,2.0298,1.00,1.00
2015.12.29 17:12:39.479,2.02941,2.02979,1.50,1.00
2015.12.29 17:12:40.035,2.02947,2.02979,1.00,1.00
2015.12.29 17:12:40.583,2.02947,2.0298,1.00,1.00
2015.12.29 17:12:43.345,2.02941,2.0298,1.50,1.00
2015.12.29 17:12:43.853,2.02942,2.0298,1.00,1.00
2015.12.29 17:12:44.968,2.02942,2.0298,1.87,1.00
2015.12.29 17:12:45.024,2.02946,2.02984,1.00,1.00
2015.12.29 17:12:45.076,2.02952,2.02991,1.00,1.00
2015.12.29 17:12:47.260,2.02945,2.02985,1.00,1.00
2015.12.29 17:12:49.275,2.02948,2.02988,1.00,1.00
2015.12.29 17:12:50.804,2.02949,2.02988,1.00,1.00
2015.12.29 17:12:50.854,2.0295,2.02992,1.00,1.37
2015.12.29 17:12:51.198,2.0295,2.02992,1.00,1.00
2015.12.29 17:12:51.248,2.02952,2.02992,1.00,1.00
2015.12.29 17:12:51.450,2.0295,2.02992,1.00,1.00
2015.12.29 17:12:51.602,2.02954,2.02995,1.00,1.00
2015.12.29 17:12:52.336,2.02955,2.02995,1.00,1.00
2015.12.29 17:12:53.136,2.02961,2.03,1.00,1.00
2015.12.29 17:12:53.448,2.02963,2.03,1.00,1.00
2015.12.29 17:12:54.441,2.02961,2.03,1.00,1.00
2015.12.29 17:12:54.694,2.02961,2.02998,1.00,1.00
2015.12.29 17:12:55.036,2.02947,2.02988,1.00,1.87
2015.12.29 17:12:57.017,2.02946,2.02985,1.00,1.00
2015.12.29 17:13:00.823,2.02944,2.02985,1.00,1.00
2015.12.29 17:13:00.924,2.02944,2.02983,1.00,1.00
2015.12.29 17:13:01.184,2.02944,2.02985,1.00,1.00
2015.12.29 17:13:08.858,2.02946,2.02985,1.00,1.00
2015.12.29 17:13:09.161,2.02952,2.02985,1.00,1.00
2015.12.29 17:13:11.265,2.02944,2.02985,1.00,1.12
2015.12.29 17:13:11.467,2.02944,2.0298,1.00,1.00
2015.12.29 17:13:11.967,2.02936,2.02977,1.00,1.00
2015.12.29 17:13:14.662,2.02937,2.02977,1.00,1.00
2015.12.29 17:13:18.169,2.02937,2.02972,1.00,1.00
2015.12.29 17:13:18.220,2.02931,2.0297,1.00,1.00
2015.12.29 17:13:20.439,2.02927,2.02969,1.50,1.00
2015.12.29 17:13:21.576,2.02925,2.02966,1.50,1.00
2015.12.29 17:13:21.879,2.02934,2.02974,1.00,1.00
2015.12.29 17:13:22.194,2.02937,2.02976,1.00,1.00
2015.12.29 17:13:24.923,2.02937,2.02975,1.00,1.00
2015.12.29 17:13:25.561,2.02937,2.02968,1.00,1.00
2015.12.29 17:13:25.612,2.02932,2.02968,1.00,1.00
2015.12.29 17:13:25.714,2.02927,2.02966,1.00,1.00
2015.12.29 17:13:27.511,2.0293,2.0297,1.00,1.00
2015.12.29 17:13:28.537,2.02928,2.02967,1.00,1.00
2015.12.29 17:13:28.841,2.02937,2.02976,1.00,1.00
2015.12.29 17:13:28.892,2.02934,2.02976,1.00,1.00
2015.12.29 17:13:29.743,2.02937,2.02976,1.00,1.00
2015.12.29 17:13:30.197,2.02934,2.02976,1.00,1.00
2015.12.29 17:13:30.399,2.02936,2.02976,1.00,1.00
2015.12.29 17:13:33.738,2.02934,2.02976,1.00,1.00
2015.12.29 17:13:38.237,2.02945,2.02984,1.00,1.12
2015.12.29 17:13:41.897,2.02948,2.02987,1.00,1.12
2015.12.29 17:13:42.201,2.0295,2.02989,1.00,1.12
2015.12.29 17:13:46.011,2.0295,2.02989,1.37,1.00
2015.12.29 17:13:46.315,2.02966,2.02995,1.00,1.00
2015.12.29 17:13:46.366,2.02961,2.02995,1.00,1.00
2015.12.29 17:13:46.467,2.02955,2.02995,1.50,1.00
2015.12.29 17:13:46.973,2.02955,2.02994,1.00,1.00
2015.12.29 17:13:47.484,2.02955,2.02993,1.00,1.00
2015.12.29 17:13:50.729,2.02955,2.02993,1.00,1.37
2015.12.29 17:13:50.958,2.02955,2.02993,1.00,1.37
2015.12.29 17:13:51.463,2.02949,2.02988,1.00,1.37
2015.12.29 17:13:52.029,2.02949,2.02988,1.00,1.37
2015.12.29 17:13:53.136,2.02949,2.02987,1.00,1.37
2015.12.29 17:13:55.345,2.02949,2.02987,1.00,1.37
2015.12.29 17:13:57.551,2.02946,2.02985,1.00,1.37
2015.12.29 17:13:59.659,2.02946,2.02985,1.00,1.37
2015.12.29 17:14:01.528,2.0294,2.02981,1.00,1.37
2015.12.29 17:14:02.164,2.0294,2.02981,1.00,1.37
2015.12.29 17:14:02.214,2.02937,2.02979,1.00,1.37
2015.12.29 17:14:02.366,2.02937,2.02979,1.00,1.87
2015.12.29 17:14:02.741,2.02937,2.02972,1.00,1.00
2015.12.29 17:14:03.044,2.02936,2.02975,1.00,1.12
2015.12.29 17:14:04.058,2.02936,2.02976,1.00,1.12
2015.12.29 17:14:04.913,2.02936,2.02976,1.00,1.37
2015.12.29 17:14:05.415,2.02936,2.02976,1.00,1.37
2015.12.29 17:14:06.904,2.02936,2.02976,1.00,1.37
2015.12.29 17:14:08.914,2.02936,2.02976,1.00,1.37
2015.12.29 17:14:12.306,2.02936,2.02976,1.50,1.37
2015.12.29 17:14:13.609,2.02936,2.02976,1.50,1.12
2015.12.29 17:14:14.342,2.02936,2.02973,1.00,1.00
2015.12.29 17:14:17.461,2.02933,2.02973,1.00,1.00
2015.12.29 17:14:22.803,2.02933,2.02973,1.00,1.37
2015.12.29 17:14:25.509,2.02933,2.02963,1.00,1.00
2015.12.29 17:14:26.014,2.02933,2.02965,1.00,1.37
2015.12.29 17:14:26.360,2.02927,2.02965,1.00,1.37
2015.12.29 17:14:26.411,2.02923,2.02965,1.00,1.87
2015.12.29 17:14:26.462,2.02923,2.02965,1.00,2.25
2015.12.29 17:14:26.767,2.02923,2.0296,1.00,1.37
2015.12.29 17:14:27.946,2.02923,2.0296,1.00,1.37
2015.12.29 17:14:28.402,2.02918,2.0296,2.25,1.37
2015.12.29 17:14:28.503,2.02923,2.02964,1.00,1.37
2015.12.29 17:14:30.809,2.02923,2.02964,1.00,1.37
2015.12.29 17:14:31.333,2.02937,2.02964,1.00,1.00
2015.12.29 17:14:31.435,2.02927,2.02966,1.00,1.00
2015.12.29 17:14:31.587,2.02931,2.02966,1.00,1.00
2015.12.29 17:14:31.689,2.02926,2.02966,1.50,1.00
2015.12.29 17:14:32.215,2.02927,2.02966,1.00,1.00
2015.12.29 17:14:37.050,2.0293,2.02966,1.00,1.00
2015.12.29 17:14:39.362,2.02927,2.02966,1.50,1.00
2015.12.29 17:14:40.154,2.02931,2.02966,1.00,1.00
2015.12.29 17:14:42.556,2.02932,2.02966,1.00,1.00
2015.12.29 17:14:43.306,2.02931,2.02966,1.00,1.00
2015.12.29 17:14:45.088,2.02931,2.02969,1.00,1.00
2015.12.29 17:14:45.139,2.02933,2.02973,1.00,1.00
2015.12.29 17:14:45.465,2.02933,2.02972,1.00,1.37
2015.12.29 17:14:45.516,2.0293,2.02971,1.00,1.37
2015.12.29 17:14:45.830,2.02928,2.02966,1.00,1.00
2015.12.29 17:14:46.386,2.02928,2.02966,1.00,1.37
2015.12.29 17:14:46.841,2.02932,2.02967,1.00,1.37
2015.12.29 17:14:46.891,2.02932,2.02967,1.00,1.00
2015.12.29 17:14:47.584,2.02933,2.02972,1.00,1.00
2015.12.29 17:14:48.467,2.02932,2.02971,1.00,1.00
2015.12.29 17:14:48.618,2.0293,2.02971,1.87,1.00
2015.12.29 17:14:49.850,2.02928,2.02967,1.00,1.00
2015.12.29 17:15:06.460,2.02929,2.02971,1.00,1.00
2015.12.29 17:15:06.842,2.02934,2.02971,1.00,1.00
2015.12.29 17:15:06.943,2.02936,2.02975,1.00,1.00
2015.12.29 17:15:07.976,2.02933,2.02975,1.00,1.00
2015.12.29 17:15:12.584,2.02941,2.02975,1.00,1.00
2015.12.29 17:15:13.252,2.02947,2.02975,1.00,1.00
2015.12.29 17:15:13.605,2.02933,2.02975,1.00,1.00
2015.12.29 17:15:23.158,2.02937,2.02975,1.00,1.00
2015.12.29 17:15:23.461,2.02941,2.02975,1.00,1.00
2015.12.29 17:15:24.819,2.02946,2.02975,1.00,1.00
2015.12.29 17:15:27.577,2.02942,2.02975,1.00,1.00
2015.12.29 17:15:28.091,2.02941,2.02975,1.00,1.00
2015.12.29 17:15:28.445,2.02937,2.02975,1.00,1.00
2015.12.29 17:15:29.648,2.02933,2.02975,1.00,1.00
2015.12.29 17:15:42.348,2.02938,2.02975,1.00,1.00
2015.12.29 17:15:42.853,2.02937,2.02975,2.25,1.00
2015.12.29 17:15:43.262,2.02944,2.0298,1.00,1.12
2015.12.29 17:15:43.464,2.02937,2.02976,1.00,1.00
2015.12.29 17:15:46.513,2.02937,2.0297,1.00,1.00
2015.12.29 17:15:46.563,2.02931,2.0297,1.37,1.00
2015.12.29 17:15:46.614,2.02931,2.02972,1.00,1.00
2015.12.29 17:15:47.155,2.02931,2.02973,1.12,1.00
2015.12.29 17:15:55.653,2.02931,2.02973,1.37,1.00
2015.12.29 17:15:58.092,2.02929,2.02969,1.37,1.00
2015.12.29 17:15:59.621,2.02929,2.02969,1.37,1.00
2015.12.29 17:15:59.923,2.02932,2.02969,1.37,1.00
2015.12.29 17:16:00.125,2.02932,2.02969,1.00,1.00
2015.12.29 17:16:00.319,2.02932,2.02973,1.00,1.00
2015.12.29 17:16:00.370,2.02937,2.02973,1.00,1.00
2015.12.29 17:16:00.522,2.02937,2.02975,1.00,1.00
2015.12.29 17:16:00.674,2.02941,2.02982,1.00,1.00
2015.12.29 17:16:00.977,2.02947,2.02982,1.00,1.00
2015.12.29 17:16:01.333,2.02941,2.02982,1.50,1.00
2015.12.29 17:16:01.384,2.02941,2.02979,1.00,1.00
2015.12.29 17:16:01.551,2.02939,2.02979,1.00,1.00
2015.12.29 17:16:04.173,2.02939,2.02979,1.00,1.37
2015.12.29 17:16:04.224,2.02939,2.02979,1.00,1.37
2015.12.29 17:16:04.326,2.02935,2.02975,1.00,1.37
2015.12.29 17:16:04.377,2.02935,2.02972,1.00,1.00
2015.12.29 17:16:05.069,2.02935,2.02972,1.00,1.37
2015.12.29 17:16:05.372,2.02935,2.02966,1.00,1.00
2015.12.29 17:16:06.588,2.02935,2.02972,1.00,1.00
2015.12.29 17:16:06.689,2.02935,2.02975,1.00,1.00
2015.12.29 17:16:06.941,2.02937,2.02975,1.00,1.00
2015.12.29 17:16:07.401,2.02935,2.02975,1.00,1.00
2015.12.29 17:16:10.796,2.02935,2.02975,1.00,1.37
2015.12.29 17:16:10.998,2.02935,2.02975,1.00,1.00
2015.12.29 17:16:12.089,2.02936,2.02975,1.00,1.12
2015.12.29 17:16:12.291,2.02936,2.02974,1.00,1.37
2015.12.29 17:16:12.493,2.02932,2.02972,1.00,1.00
2015.12.29 17:16:12.645,2.02932,2.02967,1.00,1.00
2015.12.29 17:16:12.998,2.02926,2.02967,1.50,1.00
2015.12.29 17:16:13.621,2.02931,2.02967,1.00,1.00
2015.12.29 17:16:14.051,2.02931,2.02961,1.00,1.00
2015.12.29 17:16:14.101,2.02926,2.02961,1.00,1.00
2015.12.29 17:16:14.152,2.02923,2.02961,1.12,1.00
2015.12.29 17:16:14.710,2.02923,2.02965,1.00,1.87
2015.12.29 17:16:14.973,2.02923,2.02965,1.00,1.87
2015.12.29 17:16:16.693,2.02923,2.02965,1.00,1.87
2015.12.29 17:16:18.676,2.02923,2.02965,1.00,1.37
2015.12.29 17:16:18.895,2.02923,2.02965,1.00,1.37
2015.12.29 17:16:19.423,2.02923,2.02965,1.00,1.37
2015.12.29 17:16:20.802,2.02923,2.02965,1.00,1.87
2015.12.29 17:16:21.307,2.02923,2.02959,1.00,1.37
2015.12.29 17:16:22.511,2.02923,2.02959,1.00,1.37
2015.12.29 17:16:22.892,2.02923,2.02959,1.00,1.37
2015.12.29 17:16:24.019,2.02921,2.02959,1.00,1.37
2015.12.29 17:16:24.162,2.02914,2.02956,1.00,1.37
2015.12.29 17:16:25.631,2.02914,2.02956,1.00,1.37
2015.12.29 17:16:25.884,2.02911,2.02953,1.00,1.37
2015.12.29 17:16:26.036,2.02906,2.02946,1.50,1.00
2015.12.29 17:16:27.419,2.02909,2.02948,1.00,1.37
2015.12.29 17:16:27.729,2.02911,2.02948,1.00,1.37
2015.12.29 17:16:28.507,2.02911,2.02948,1.00,1.37
2015.12.29 17:16:29.104,2.02911,2.02948,1.00,1.00
2015.12.29 17:16:29.455,2.02911,2.02951,1.00,1.37
2015.12.29 17:16:29.708,2.02911,2.02951,1.00,1.37
2015.12.29 17:16:30.233,2.02911,2.02951,1.00,1.12
2015.12.29 17:16:30.421,2.02911,2.02951,1.00,1.37
2015.12.29 17:16:30.724,2.02911,2.02951,1.00,1.37
2015.12.29 17:16:31.726,2.02911,2.02951,1.00,1.37
2015.12.29 17:16:35.642,2.0291,2.02951,1.00,1.37
2015.12.29 17:16:35.743,2.0291,2.02951,1.00,1.00
2015.12.29 17:16:38.338,2.02907,2.02946,1.00,1.00
2015.12.29 17:16:43.242,2.02909,2.02949,1.00,1.00
2015.12.29 17:16:43.689,2.02911,2.02952,1.00,1.00
2015.12.29 17:17:21.269,2.02908,2.02948,1.00,1.00
2015.12.29 17:17:34.469,2.02908,2.02948,1.37,1.00
2015.12.29 17:17:36.534,2.0291,2.02951,1.00,1.00
2015.12.29 17:17:37.107,2.0291,2.02951,1.00,1.86
2015.12.29 17:17:37.159,2.02904,2.02943,1.00,1.37
2015.12.29 17:17:37.260,2.02904,2.02943,1.00,1.87
2015.12.29 17:17:37.311,2.02897,2.02937,1.00,1.37
2015.12.29 17:17:37.817,2.02897,2.02937,1.00,1.50
2015.12.29 17:17:37.918,2.02893,2.02934,1.00,1.00
2015.12.29 17:17:40.535,2.02893,2.02931,1.00,1.00
2015.12.29 17:17:42.614,2.02893,2.02933,1.00,1.00
2015.12.29 17:17:43.149,2.02893,2.02935,1.00,1.00
2015.12.29 17:17:43.959,2.02896,2.02937,1.00,1.00
2015.12.29 17:17:44.289,2.02899,2.0294,1.00,1.00
2015.12.29 17:17:45.046,2.02901,2.02943,1.00,1.00
2015.12.29 17:17:56.601,2.02899,2.02941,1.00,1.00
2015.12.29 17:18:02.796,2.02899,2.02941,1.37,1.00
2015.12.29 17:18:03.321,2.02899,2.02941,1.00,1.00
2015.12.29 17:18:06.163,2.02896,2.02937,1.00,1.00
2015.12.29 17:18:14.417,2.029,2.02939,1.00,1.00
2015.12.29 17:18:30.023,2.02901,2.02939,1.00,1.00
2015.12.29 17:18:30.364,2.02904,2.02939,1.00,1.00
2015.12.29 17:18:30.567,2.029,2.02939,1.00,1.00
2015.12.29 17:18:31.336,2.029,2.02938,1.00,1.00
2015.12.29 17:18:31.842,2.029,2.02939,1.00,1.00
2015.12.29 17:18:43.565,2.02896,2.02937,1.00,1.00
2015.12.29 17:18:57.312,2.02896,2.02935,1.00,1.12
2015.12.29 17:18:57.615,2.02889,2.0293,1.00,1.37
2015.12.29 17:18:58.026,2.02884,2.02925,1.00,1.00
2015.12.29 17:18:59.419,2.02884,2.02925,1.00,1.37
2015.12.29 17:18:59.673,2.02879,2.02919,1.00,1.87
2015.12.29 17:18:59.724,2.02879,2.02912,1.00,1.00
2015.12.29 17:19:00.924,2.02875,2.02912,1.00,1.00
2015.12.29 17:19:02.983,2.02873,2.02912,1.00,1.00
2015.12.29 17:19:04.216,2.02873,2.02911,1.00,1.00
2015.12.29 17:19:05.351,2.02873,2.02913,1.00,1.12
2015.12.29 17:19:08.160,2.02869,2.02909,1.00,1.00
2015.12.29 17:19:09.424,2.02867,2.02906,1.00,1.00
2015.12.29 17:19:09.727,2.02866,2.02901,1.00,1.00
2015.12.29 17:19:09.829,2.02866,2.02903,1.00,1.87
2015.12.29 17:19:10.326,2.02866,2.02898,1.00,1.00
2015.12.29 17:19:10.528,2.02857,2.02897,1.00,1.00
2015.12.29 17:19:11.286,2.02863,2.02898,1.00,1.00
2015.12.29 17:19:11.513,2.02867,2.02903,1.00,1.00
2015.12.29 17:19:12.330,2.02863,2.02903,1.00,1.00
2015.12.29 17:19:12.431,2.02866,2.02905,1.00,1.00
2015.12.29 17:19:12.781,2.02868,2.02905,1.00,1.00
2015.12.29 17:19:16.594,2.02866,2.02905,1.00,1.00
2015.12.29 17:19:17.110,2.02866,2.02906,1.00,1.00
2015.12.29 17:19:29.802,2.02866,2.02906,1.00,1.37
2015.12.29 17:19:29.904,2.02866,2.02903,1.00,1.12
2015.12.29 17:19:30.005,2.02864,2.02904,1.00,1.87
2015.12.29 17:19:30.106,2.02862,2.02899,1.00,1.00
2015.12.29 17:19:30.258,2.02857,2.02896,1.00,1.00
2015.12.29 17:19:37.852,2.02856,2.02896,1.00,1.00
2015.12.29 17:19:39.742,2.02854,2.02896,1.00,1.00
2015.12.29 17:19:41.715,2.02856,2.02896,1.00,1.00
2015.12.29 17:19:43.272,2.02857,2.02896,1.00,1.00
2015.12.29 17:19:43.374,2.02854,2.02896,1.00,1.00
2015.12.29 17:19:43.457,2.02856,2.02896,1.00,1.00
2015.12.29 17:19:44.780,2.02857,2.02896,1.00,1.00
2015.12.29 17:19:45.940,2.02857,2.02898,1.00,1.00
2015.12.29 17:19:49.074,2.02856,2.02898,1.50,1.00
2015.12.29 17:19:49.626,2.02857,2.02898,1.00,1.00
2015.12.29 17:19:50.140,2.02856,2.02898,1.00,1.00
2015.12.29 17:19:58.484,2.02856,2.02898,1.00,1.37
2015.12.29 17:19:58.686,2.02856,2.02898,1.00,1.00
2015.12.29 17:20:00.042,2.02855,2.02894,1.00,1.00
2015.12.29 17:20:04.120,2.02855,2.02893,1.00,1.37
2015.12.29 17:20:04.322,2.02854,2.02895,1.00,1.00
2015.12.29 17:20:04.474,2.02852,2.02893,1.00,1.00
2015.12.29 17:20:04.778,2.02854,2.0289,1.00,1.00
2015.12.29 17:20:05.128,2.02854,2.02895,1.00,1.00
2015.12.29 17:20:05.280,2.02854,2.0289,1.00,1.00
2015.12.29 17:20:05.381,2.02854,2.02893,1.00,1.00
2015.12.29 17:20:05.936,2.02854,2.02896,1.00,1.50
2015.12.29 17:20:06.287,2.02856,2.02896,1.00,1.00
2015.12.29 17:20:06.791,2.02853,2.02894,1.00,1.00
2015.12.29 17:20:06.943,2.02853,2.02889,1.00,1.00
2015.12.29 17:20:10.816,2.02853,2.02891,1.00,1.12
2015.12.29 17:20:11.319,2.02853,2.0289,1.00,1.12
2015.12.29 17:20:11.907,2.02853,2.02891,1.00,2.62
2015.12.29 17:20:12.926,2.02853,2.0289,1.00,1.00
2015.12.29 17:20:13.957,2.02853,2.02889,1.00,1.00
2015.12.29 17:20:15.217,2.02852,2.02889,1.00,1.00
2015.12.29 17:20:17.638,2.02852,2.0289,1.00,1.00
2015.12.29 17:20:18.192,2.02852,2.02891,1.00,2.25
2015.12.29 17:20:18.294,2.02852,2.02889,1.00,1.00
2015.12.29 17:20:19.375,2.02852,2.02882,1.00,1.00
2015.12.29 17:20:19.598,2.02852,2.02885,1.00,1.00
2015.12.29 17:20:20.384,2.02852,2.0289,1.00,1.50
2015.12.29 17:20:22.256,2.02847,2.02889,1.00,1.00
2015.12.29 17:20:22.357,2.02847,2.02889,1.00,1.37
2015.12.29 17:20:22.408,2.02845,2.02885,1.00,1.00
2015.12.29 17:20:22.459,2.02845,2.02883,1.00,1.00
2015.12.29 17:20:24.108,2.02845,2.02885,1.00,1.50
2015.12.29 17:20:24.159,2.02842,2.02883,1.00,1.00
2015.12.29 17:20:24.512,2.02853,2.02891,1.00,1.00
2015.12.29 17:20:24.563,2.02853,2.02893,1.00,1.00
2015.12.29 17:20:29.222,2.02859,2.02898,1.00,1.00
2015.12.29 17:20:48.780,2.02859,2.02898,1.00,1.37
2015.12.29 17:20:49.093,2.02854,2.02887,1.00,1.00
2015.12.29 17:20:51.396,2.02846,2.02887,1.00,1.00
2015.12.29 17:20:58.698,2.02846,2.02887,1.00,1.37
2015.12.29 17:20:59.001,2.02846,2.02873,1.00,1.00
2015.12.29 17:20:59.052,2.02841,2.02873,1.00,1.00
2015.12.29 17:20:59.653,2.02836,2.02873,1.00,1.00
2015.12.29 17:20:59.755,2.02836,2.02877,1.00,1.00
2015.12.29 17:21:08.283,2.02839,2.02879,1.00,1.00
2015.12.29 17:21:17.051,2.02841,2.0288,1.00,1.00
2015.12.29 17:21:22.970,2.02841,2.02878,1.00,1.00
2015.12.29 17:21:24.966,2.02839,2.02878,1.00,1.00
2015.12.29 17:21:29.243,2.02839,2.02879,1.00,1.12
2015.12.29 17:21:42.266,2.02839,2.0288,1.00,1.50
2015.12.29 17:21:45.853,2.02839,2.0288,1.37,1.50
2015.12.29 17:21:47.723,2.02839,2.0288,1.37,1.50
2015.12.29 17:21:50.819,2.02839,2.0288,1.37,1.50
2015.12.29 17:21:53.840,2.02839,2.0288,1.37,1.50
2015.12.29 17:21:55.346,2.02839,2.0288,1.37,1.50
2015.12.29 17:21:58.273,2.02839,2.02879,1.37,1.00
2015.12.29 17:22:00.070,2.02839,2.02879,1.37,1.00
2015.12.29 17:22:04.650,2.02839,2.02878,1.37,1.00
2015.12.29 17:22:06.949,2.02841,2.02879,1.37,1.00
2015.12.29 17:22:09.067,2.02841,2.02879,1.37,1.12
2015.12.29 17:22:09.168,2.02841,2.02877,1.37,1.00
2015.12.29 17:22:09.270,2.0284,2.02877,1.00,1.37
2015.12.29 17:22:09.371,2.0284,2.02875,1.37,1.00
2015.12.29 17:22:09.871,2.0284,2.02879,1.37,1.50
2015.12.29 17:22:10.783,2.0284,2.02879,1.37,1.50
2015.12.29 17:22:12.587,2.02846,2.02879,1.37,1.50
2015.12.29 17:22:16.963,2.02846,2.02879,1.37,1.50
2015.12.29 17:22:25.383,2.02846,2.02883,1.37,1.00
2015.12.29 17:22:27.097,2.02846,2.02884,1.00,1.00
2015.12.29 17:22:27.745,2.02846,2.02879,1.00,1.00
2015.12.29 17:22:29.073,2.02846,2.0288,1.00,1.00
2015.12.29 17:22:38.934,2.02846,2.02883,1.00,1.50
2015.12.29 17:22:40.621,2.02846,2.02881,1.00,1.00
2015.12.29 17:22:41.142,2.02846,2.02882,1.00,1.50
2015.12.29 17:22:42.500,2.02846,2.02884,1.00,1.50
2015.12.29 17:22:44.151,2.0284,2.02879,1.00,1.00
2015.12.29 17:22:48.230,2.02836,2.02878,1.37,1.00
2015.12.29 17:22:48.391,2.02836,2.02874,1.37,1.00
2015.12.29 17:22:49.453,2.02831,2.0287,1.37,1.00
2015.12.29 17:22:50.557,2.02831,2.0287,1.37,1.00
2015.12.29 17:22:50.658,2.02831,2.0287,1.37,1.00
2015.12.29 17:22:50.973,2.02831,2.0287,1.37,1.00
2015.12.29 17:22:51.074,2.02831,2.0287,1.37,1.00
2015.12.29 17:22:52.589,2.02834,2.02873,1.00,1.50
2015.12.29 17:22:55.156,2.02834,2.02873,1.37,1.50
2015.12.29 17:22:55.682,2.02834,2.02873,1.00,1.50
2015.12.29 17:23:05.609,2.02834,2.02873,1.00,1.87
2015.12.29 17:23:05.660,2.02831,2.02872,1.00,1.12
2015.12.29 17:23:05.812,2.02828,2.0287,1.37,1.00
2015.12.29 17:23:06.194,2.02828,2.02867,1.37,1.00
2015.12.29 17:23:07.423,2.02828,2.02867,1.37,1.00
2015.12.29 17:23:10.417,2.02828,2.02867,1.00,1.00
2015.12.29 17:23:11.874,2.02828,2.0287,1.00,2.25
2015.12.29 17:23:12.490,2.02828,2.0287,1.37,2.25
2015.12.29 17:23:12.998,2.02828,2.0287,1.00,1.50
2015.12.29 17:23:16.216,2.02832,2.0287,1.00,1.00
2015.12.29 17:23:16.683,2.02835,2.0287,1.00,1.00
2015.12.29 17:23:16.897,2.02838,2.02874,1.00,1.00
2015.12.29 17:23:17.103,2.02838,2.02877,1.00,1.50
2015.12.29 17:23:17.777,2.02841,2.02874,1.00,1.00
2015.12.29 17:23:17.878,2.02841,2.02877,1.00,1.00
2015.12.29 17:23:20.455,2.02841,2.02875,1.00,1.00
2015.12.29 17:23:26.470,2.0284,2.02875,1.00,1.00
2015.12.29 17:23:26.733,2.02851,2.02888,1.00,1.00
2015.12.29 17:23:26.835,2.02851,2.02888,1.00,1.37
2015.12.29 17:23:27.138,2.02848,2.02876,1.00,1.00
2015.12.29 17:23:28.729,2.02845,2.02876,1.00,1.00
2015.12.29 17:23:30.946,2.02845,2.02874,1.00,1.00
2015.12.29 17:23:31.518,2.02845,2.02873,1.00,1.00
2015.12.29 17:23:31.569,2.02843,2.02874,1.00,1.12
2015.12.29 17:23:31.620,2.02837,2.02874,1.00,1.12
2015.12.29 17:23:32.125,2.02837,2.02873,1.00,1.00
2015.12.29 17:23:38.933,2.02837,2.02874,1.00,1.12
2015.12.29 17:23:39.438,2.02837,2.02873,1.00,1.00
2015.12.29 17:23:41.806,2.02837,2.02874,1.00,1.87
2015.12.29 17:23:43.141,2.02837,2.02873,1.00,1.00
2015.12.29 17:23:44.416,2.02837,2.02874,1.00,1.12
2015.12.29 17:23:45.972,2.02835,2.02873,1.00,1.00
2015.12.29 17:23:46.023,2.02835,2.02875,1.00,1.00
2015.12.29 17:23:46.124,2.02839,2.02878,1.00,1.00
2015.12.29 17:23:46.427,2.02845,2.02884,1.00,1.00
2015.12.29 17:23:51.411,2.02845,2.02881,1.00,1.00
2015.12.29 17:23:51.835,2.02842,2.02871,1.00,1.00
2015.12.29 17:23:51.885,2.02839,2.02874,1.00,1.37
2015.12.29 17:23:52.289,2.02835,2.02874,1.00,1.50
2015.12.29 17:23:52.596,2.02833,2.02872,1.00,1.00
2015.12.29 17:23:54.249,2.02833,2.02872,1.37,1.00
2015.12.29 17:23:55.352,2.02833,2.02872,1.00,1.00
2015.12.29 17:24:03.842,2.02836,2.02875,1.00,1.00
2015.12.29 17:24:04.956,2.02832,2.02874,1.37,1.00
2015.12.29 17:24:05.007,2.02835,2.02876,1.00,3.00
2015.12.29 17:24:05.346,2.02835,2.02874,1.00,1.00
2015.12.29 17:24:13.416,2.02833,2.02872,1.00,1.00
2015.12.29 17:24:13.568,2.02834,2.02874,1.00,1.00
2015.12.29 17:24:16.169,2.02834,2.02875,1.00,2.62
2015.12.29 17:24:18.352,2.02837,2.02875,1.00,1.87
2015.12.29 17:24:21.461,2.02835,2.02875,1.00,2.62
2015.12.29 17:24:21.965,2.02835,2.02874,1.00,1.00
2015.12.29 17:24:24.687,2.02832,2.02873,1.37,1.00
2015.12.29 17:24:28.327,2.02832,2.02873,1.12,1.00
2015.12.29 17:24:29.029,2.02835,2.02874,1.00,1.00
2015.12.29 17:24:29.551,2.02835,2.02875,1.00,2.62
2015.12.29 17:24:31.809,2.02835,2.02874,1.00,1.00
2015.12.29 17:24:36.586,2.02835,2.02875,1.00,1.50
2015.12.29 17:24:37.128,2.02835,2.02874,1.00,1.00
2015.12.29 17:24:38.551,2.02835,2.02875,1.00,3.00
2015.12.29 17:24:41.427,2.02835,2.02874,1.00,1.00
2015.12.29 17:24:42.159,2.02835,2.02875,1.00,3.00
2015.12.29 17:24:45.621,2.02835,2.02874,1.00,1.00
2015.12.29 17:24:49.335,2.02835,2.02875,1.00,3.00
2015.12.29 17:24:52.836,2.02835,2.02874,1.00,1.00
2015.12.29 17:24:55.566,2.02835,2.02875,1.00,1.50
2015.12.29 17:24:59.103,2.02835,2.02871,1.12,1.00
2015.12.29 17:24:59.215,2.02835,2.02875,1.12,1.00
2015.12.29 17:25:00.134,2.02839,2.02877,1.00,1.37
2015.12.29 17:25:00.639,2.02839,2.02877,1.00,1.00
2015.12.29 17:25:01.194,2.02839,2.02876,1.00,1.00
2015.12.29 17:25:04.029,2.02839,2.02874,1.00,1.00
2015.12.29 17:25:06.833,2.02839,2.02876,1.00,1.50
2015.12.29 17:25:08.871,2.02839,2.02877,1.00,1.00
2015.12.29 17:25:10.331,2.02839,2.02876,1.00,1.00
2015.12.29 17:25:10.490,2.02839,2.02878,1.00,1.00
2015.12.29 17:25:11.029,2.02839,2.02879,1.00,1.12
2015.12.29 17:25:11.080,2.02839,2.02876,1.00,1.00
2015.12.29 17:25:12.871,2.02842,2.02884,1.00,1.00
2015.12.29 17:25:13.325,2.02839,2.0288,1.37,1.00
2015.12.29 17:25:13.476,2.02843,2.02883,1.00,1.00
2015.12.29 17:25:14.090,2.02847,2.02885,1.00,1.00
2015.12.29 17:25:14.624,2.02847,2.02886,1.00,1.50
2015.12.29 17:25:19.414,2.02847,2.02886,1.37,1.00
2015.12.29 17:25:19.920,2.02847,2.02886,1.37,1.00
2015.12.29 17:25:20.115,2.02847,2.02886,1.37,1.00
2015.12.29 17:25:21.521,2.02847,2.02886,1.37,1.00
2015.12.29 17:25:22.140,2.02847,2.02886,1.37,1.00
2015.12.29 17:25:25.543,2.02847,2.02886,1.37,1.00
2015.12.29 17:25:25.828,2.02847,2.02886,1.37,1.00
2015.12.29 17:25:25.944,2.02847,2.02886,1.37,1.00
2015.12.29 17:25:26.948,2.02847,2.02886,1.37,1.00
2015.12.29 17:25:27.501,2.02847,2.02886,1.37,1.00
2015.12.29 17:25:28.454,2.02849,2.02888,1.37,1.00
2015.12.29 17:25:28.555,2.02849,2.02888,1.37,1.00
2015.12.29 17:25:28.757,2.02849,2.02888,1.37,1.00
2015.12.29 17:25:29.248,2.02849,2.02888,1.37,1.00
2015.12.29 17:25:31.173,2.02849,2.02888,1.37,1.00
2015.12.29 17:25:33.156,2.02849,2.02888,1.37,1.00
2015.12.29 17:25:36.392,2.02855,2.02894,1.00,1.00
2015.12.29 17:25:36.555,2.02855,2.02896,1.00,1.00
2015.12.29 17:25:36.607,2.02855,2.02896,1.37,1.00
2015.12.29 17:25:37.647,2.02855,2.02896,1.37,1.00
2015.12.29 17:25:43.689,2.02855,2.02896,1.37,1.00
2015.12.29 17:25:44.447,2.02855,2.02896,1.37,1.00
2015.12.29 17:25:44.969,2.02855,2.02896,1.37,1.00
2015.12.29 17:25:46.249,2.02855,2.02896,1.37,1.00
2015.12.29 17:25:46.964,2.02855,2.02896,1.37,1.00
2015.12.29 17:25:47.252,2.02855,2.02896,1.37,1.00
2015.12.29 17:25:48.399,2.02855,2.02896,1.37,1.00
2015.12.29 17:25:52.997,2.02855,2.02896,1.37,1.00
2015.12.29 17:25:53.199,2.02855,2.02896,1.37,1.00
2015.12.29 17:25:53.593,2.02855,2.02896,1.37,1.00
2015.12.29 17:25:53.911,2.02855,2.02891,1.12,1.00
2015.12.29 17:25:54.214,2.02855,2.0289,1.00,1.37
2015.12.29 17:25:54.719,2.02855,2.0289,1.00,1.12
2015.12.29 17:25:55.154,2.02855,2.0289,1.00,1.37
2015.12.29 17:25:55.706,2.02855,2.02891,1.00,1.50
2015.12.29 17:25:56.259,2.02855,2.02891,1.00,1.50
2015.12.29 17:25:56.361,2.02855,2.02891,1.00,1.50
2015.12.29 17:25:57.163,2.02855,2.02891,1.00,1.50
2015.12.29 17:25:57.675,2.02855,2.02891,1.00,1.50
2015.12.29 17:25:58.180,2.02855,2.02891,1.00,1.50
2015.12.29 17:25:58.686,2.02855,2.02891,1.00,1.50
2015.12.29 17:25:59.675,2.02855,2.02891,1.00,1.50
2015.12.29 17:26:00.127,2.02852,2.02891,1.12,1.50
2015.12.29 17:26:00.879,2.0285,2.02889,1.37,1.37
2015.12.29 17:26:01.601,2.0285,2.02889,1.37,1.37
2015.12.29 17:26:02.452,2.0285,2.02889,1.37,1.37
2015.12.29 17:26:03.992,2.0285,2.02889,1.37,1.37
2015.12.29 17:26:04.528,2.0285,2.02889,1.37,1.37
2015.12.29 17:26:05.145,2.0285,2.02889,1.37,1.87
2015.12.29 17:26:05.196,2.0285,2.02889,1.37,1.87
2015.12.29 17:26:05.748,2.0285,2.02889,1.00,1.87
2015.12.29 17:26:06.199,2.0285,2.02889,1.37,1.87
2015.12.29 17:26:06.901,2.0285,2.02889,1.37,1.87
2015.12.29 17:26:07.453,2.0285,2.02889,1.37,1.87
2015.12.29 17:26:07.974,2.0285,2.02888,1.37,1.37
2015.12.29 17:26:08.126,2.0285,2.02888,1.37,1.00
2015.12.29 17:26:08.655,2.0285,2.02889,1.37,1.00
2015.12.29 17:26:10.444,2.0285,2.02889,1.37,1.12
2015.12.29 17:26:11.305,2.0285,2.02889,1.37,1.12
2015.12.29 17:26:13.001,2.0285,2.02889,1.00,1.12
2015.12.29 17:26:14.457,2.0285,2.02889,1.00,1.37
2015.12.29 17:26:16.758,2.02852,2.02892,1.00,2.25
2015.12.29 17:26:16.859,2.02852,2.02892,1.00,1.50
2015.12.29 17:26:16.910,2.02857,2.02892,1.00,1.50
2015.12.29 17:26:17.163,2.02868,2.0291,1.00,1.12
2015.12.29 17:26:17.264,2.02872,2.02911,1.00,1.00
2015.12.29 17:26:18.017,2.02867,2.02896,1.00,1.00
2015.12.29 17:26:18.169,2.02863,2.02896,1.00,1.50
2015.12.29 17:26:18.220,2.02857,2.02896,1.00,1.50
2015.12.29 17:26:18.727,2.02857,2.02899,1.00,1.87
2015.12.29 17:26:19.304,2.02862,2.02902,1.00,1.37
2015.12.29 17:26:19.654,2.02872,2.02912,1.00,1.00
2015.12.29 17:26:25.370,2.02872,2.02912,1.00,1.37
2015.12.29 17:26:26.588,2.02872,2.02912,1.00,1.37
2015.12.29 17:26:27.171,2.02872,2.02912,1.00,1.37
2015.12.29 17:26:27.710,2.02872,2.02912,1.00,1.87
2015.12.29 17:26:28.268,2.02872,2.02912,1.00,1.87
2015.12.29 17:26:28.369,2.02868,2.02907,1.00,1.00
2015.12.29 17:26:28.571,2.02868,2.02905,1.00,1.37
2015.12.29 17:26:28.672,2.02866,2.02901,1.00,1.00
2015.12.29 17:26:28.723,2.02866,2.02905,1.00,1.00
2015.12.29 17:26:28.875,2.02865,2.02905,1.37,1.00
2015.12.29 17:26:29.026,2.02868,2.02909,1.50,1.00
2015.12.29 17:26:29.077,2.02872,2.02911,1.00,1.50
2015.12.29 17:26:30.272,2.02873,2.02911,1.00,1.00
2015.12.29 17:26:30.938,2.02873,2.02911,1.00,1.37
2015.12.29 17:26:31.575,2.02873,2.02911,1.00,1.00
2015.12.29 17:26:33.382,2.02873,2.02912,1.00,1.00
2015.12.29 17:26:36.925,2.02873,2.02911,1.00,1.00
2015.12.29 17:26:39.281,2.02873,2.02912,1.00,1.00
2015.12.29 17:26:43.835,2.02873,2.02911,1.00,1.00
2015.12.29 17:26:44.404,2.02873,2.02912,1.00,1.00
2015.12.29 17:26:45.193,2.02873,2.02911,1.00,1.00
2015.12.29 17:26:47.713,2.02873,2.02914,1.00,1.50
2015.12.29 17:26:54.810,2.02873,2.02913,1.00,1.00
2015.12.29 17:26:56.880,2.02873,2.02914,1.00,1.00
2015.12.29 17:26:58.970,2.02873,2.02915,1.00,1.00
2015.12.29 17:27:26.670,2.02873,2.02914,1.00,1.00
2015.12.29 17:27:26.721,2.02873,2.0291,1.00,1.00
2015.12.29 17:27:27.071,2.02873,2.02908,1.00,1.00
2015.12.29 17:27:27.620,2.02873,2.0291,1.00,1.00
2015.12.29 17:27:29.761,2.02873,2.02911,1.00,1.00
2015.12.29 17:27:30.288,2.02867,2.02911,1.00,1.00
2015.12.29 17:27:30.791,2.02867,2.02907,1.00,1.00
2015.12.29 17:27:30.892,2.02867,2.02911,1.00,1.00
2015.12.29 17:27:31.713,2.02867,2.02911,1.00,1.37
2015.12.29 17:27:31.865,2.02867,2.02907,1.00,1.00
2015.12.29 17:27:33.723,2.02867,2.02907,1.37,1.00
2015.12.29 17:27:33.778,2.02867,2.02915,1.37,1.00
2015.12.29 17:27:34.282,2.02867,2.02917,1.12,3.00
2015.12.29 17:27:35.115,2.02867,2.02917,1.37,2.25
2015.12.29 17:27:35.266,2.02867,2.02917,1.37,1.50
2015.12.29 17:27:41.637,2.02867,2.02916,1.37,1.00
2015.12.29 17:27:42.258,2.02868,2.02918,1.37,1.00
2015.12.29 17:27:43.299,2.02869,2.02921,1.37,1.50
2015.12.29 17:27:43.646,2.02872,2.0292,1.00,1.87
2015.12.29 17:27:44.148,2.0287,2.0292,1.37,1.87
2015.12.29 17:27:44.782,2.0287,2.0292,1.37,1.87
2015.12.29 17:27:45.283,2.0287,2.0292,1.37,1.87
2015.12.29 17:27:47.460,2.0287,2.0292,1.37,1.87
2015.12.29 17:27:47.962,2.0287,2.0292,1.37,1.87
2015.12.29 17:27:49.061,2.02869,2.0292,1.37,2.62
2015.12.29 17:27:49.366,2.02869,2.0292,1.37,2.62
2015.12.29 17:27:52.796,2.02867,2.02919,1.37,1.00
2015.12.29 17:27:53.981,2.0287,2.0292,1.37,1.87
2015.12.29 17:27:54.533,2.0287,2.0292,1.37,1.87
2015.12.29 17:27:55.051,2.0287,2.0292,1.37,1.87
2015.12.29 17:27:56.290,2.02869,2.0292,1.37,2.62
2015.12.29 17:27:57.084,2.02869,2.0292,1.37,2.62
2015.12.29 17:27:58.580,2.02868,2.02921,1.37,2.62
2015.12.29 17:27:59.386,2.02868,2.02915,1.87,1.00
2015.12.29 17:28:00.209,2.02868,2.02921,1.87,2.25
2015.12.29 17:28:00.711,2.02868,2.02918,1.37,1.00
2015.12.29 17:28:02.369,2.02869,2.02918,1.37,1.00
2015.12.29 17:28:02.471,2.02872,2.02922,1.37,1.12
2015.12.29 17:28:02.700,2.0288,2.02918,1.00,1.00
2015.12.29 17:28:03.873,2.02883,2.02923,1.00,1.00
2015.12.29 17:28:06.582,2.02885,2.02927,1.00,1.00
2015.12.29 17:28:07.691,2.02885,2.02927,1.37,1.00
2015.12.29 17:28:08.388,2.02885,2.02927,1.12,1.00
2015.12.29 17:28:08.893,2.02885,2.02927,1.37,1.00
2015.12.29 17:28:09.769,2.02885,2.02927,1.12,1.00
2015.12.29 17:28:10.274,2.02885,2.02927,1.37,1.00
2015.12.29 17:28:13.583,2.02887,2.02927,1.00,1.00
2015.12.29 17:28:16.654,2.02885,2.02927,1.12,1.00
2015.12.29 17:28:17.007,2.02885,2.02927,1.37,1.00
2015.12.29 17:28:26.301,2.02885,2.02927,1.37,1.00
2015.12.29 17:28:26.833,2.02885,2.02927,1.37,1.00
2015.12.29 17:28:26.902,2.02885,2.02927,1.37,1.00
2015.12.29 17:28:27.852,2.02885,2.02927,1.37,1.00
2015.12.29 17:28:29.415,2.02885,2.02927,1.37,1.00
2015.12.29 17:28:30.019,2.02885,2.02927,1.37,1.00
2015.12.29 17:28:31.652,2.02885,2.02927,1.37,1.00
2015.12.29 17:28:32.920,2.02885,2.02927,1.37,1.00
2015.12.29 17:28:35.065,2.02885,2.02927,1.37,1.00
2015.12.29 17:28:39.863,2.02885,2.02927,1.00,1.87
2015.12.29 17:28:39.964,2.02884,2.02922,1.00,1.00
2015.12.29 17:28:40.116,2.02882,2.02921,1.00,1.00
2015.12.29 17:28:40.601,2.02879,2.0292,1.37,1.00
2015.12.29 17:28:41.535,2.02879,2.0292,1.12,1.00
2015.12.29 17:28:42.442,2.02881,2.0292,1.00,1.00
2015.12.29 17:28:42.990,2.0288,2.0292,1.00,1.00
2015.12.29 17:28:43.529,2.02881,2.0292,1.00,1.00
2015.12.29 17:28:43.580,2.02879,2.0292,1.12,1.00
2015.12.29 17:28:44.412,2.0288,2.0292,1.00,1.00
2015.12.29 17:28:44.916,2.02881,2.0292,1.00,1.00
2015.12.29 17:28:45.034,2.02879,2.0292,1.12,1.00
2015.12.29 17:28:45.838,2.02881,2.0292,1.00,1.00
2015.12.29 17:28:46.035,2.02879,2.0292,1.00,1.00
2015.12.29 17:28:46.704,2.02879,2.02919,1.00,1.00
2015.12.29 17:28:46.755,2.02879,2.02916,1.00,1.00
2015.12.29 17:28:46.806,2.02877,2.02916,1.00,1.50
2015.12.29 17:28:46.857,2.02874,2.02914,1.00,1.00
2015.12.29 17:28:46.908,2.02874,2.0291,1.00,1.00
2015.12.29 17:28:46.958,2.02872,2.0291,1.00,1.00
2015.12.29 17:28:47.506,2.02872,2.02911,1.00,1.00
2015.12.29 17:28:47.843,2.02872,2.02911,1.00,1.87
2015.12.29 17:28:48.045,2.02867,2.02905,1.00,1.00
2015.12.29 17:28:50.229,2.02865,2.02904,1.12,1.00
2015.12.29 17:28:50.381,2.02868,2.02904,1.00,1.00
2015.12.29 17:28:50.532,2.02867,2.02908,1.50,1.00
2015.12.29 17:28:50.633,2.02869,2.02908,1.00,1.00
2015.12.29 17:28:51.413,2.02867,2.02908,3.00,1.00
2015.12.29 17:28:52.779,2.02867,2.02908,1.87,1.00
2015.12.29 17:28:56.095,2.02867,2.02908,1.87,1.00
2015.12.29 17:28:58.296,2.02867,2.02908,1.87,1.00
2015.12.29 17:29:09.884,2.02867,2.02908,1.87,1.00
2015.12.29 17:29:09.985,2.0287,2.02908,1.37,1.00
2015.12.29 17:29:10.036,2.0287,2.02911,1.74,1.00
2015.12.29 17:29:10.087,2.02876,2.02914,1.00,1.00
2015.12.29 17:29:10.188,2.02876,2.02916,1.00,1.00
2015.12.29 17:29:12.398,2.02876,2.02916,1.37,1.00
2015.12.29 17:29:12.807,2.02882,2.02921,1.50,1.00
2015.12.29 17:29:12.858,2.02885,2.02927,1.00,1.50
2015.12.29 17:29:12.910,2.02889,2.02929,1.00,1.00
2015.12.29 17:29:13.415,2.02889,2.0293,1.00,1.00
2015.12.29 17:29:14.118,2.02886,2.02925,1.00,1.00
2015.12.29 17:29:17.778,2.02882,2.02924,1.00,1.00
2015.12.29 17:29:17.931,2.02879,2.02921,1.12,1.00
2015.12.29 17:29:18.824,2.02879,2.02921,1.37,1.00
2015.12.29 17:29:20.443,2.02879,2.02921,1.37,1.00
2015.12.29 17:29:20.959,2.02879,2.02921,1.37,1.00
2015.12.29 17:29:22.760,2.02877,2.02918,1.37,1.00
2015.12.29 17:29:23.548,2.02877,2.02918,1.37,1.00
2015.12.29 17:29:24.424,2.02877,2.02918,1.37,1.00
2015.12.29 17:29:27.362,2.02877,2.02918,1.00,1.00
2015.12.29 17:29:30.061,2.02877,2.02916,1.00,1.00
2015.12.29 17:29:30.112,2.02871,2.02913,1.87,1.00
2015.12.29 17:29:30.474,2.02871,2.0291,1.12,1.12
2015.12.29 17:29:30.626,2.02871,2.02913,1.12,1.50
2015.12.29 17:29:30.979,2.02871,2.02909,1.12,1.00
2015.12.29 17:29:31.858,2.02867,2.02908,2.62,1.00
2015.12.29 17:29:35.467,2.02867,2.02909,1.87,1.00
2015.12.29 17:29:35.669,2.02871,2.02909,1.12,1.00
2015.12.29 17:29:35.770,2.02875,2.02915,1.00,1.00
2015.12.29 17:29:36.256,2.02878,2.02919,1.50,1.00
2015.12.29 17:29:36.307,2.02878,2.02919,1.87,1.00
2015.12.29 17:29:36.459,2.02883,2.02923,1.50,1.00
2015.12.29 17:29:36.701,2.02884,2.02925,1.00,1.00
2015.12.29 17:29:37.561,2.02885,2.02925,1.00,1.00
2015.12.29 17:29:38.393,2.02885,2.02925,1.37,1.00
2015.12.29 17:29:39.569,2.02885,2.02925,1.37,1.00
2015.12.29 17:29:40.072,2.02885,2.02925,1.37,1.00
2015.12.29 17:29:40.394,2.02885,2.02925,1.37,1.00
2015.12.29 17:29:46.362,2.02885,2.02925,1.87,1.00
2015.12.29 17:29:46.464,2.02885,2.02925,1.87,1.00
2015.12.29 17:29:46.666,2.02887,2.02925,1.00,1.00
2015.12.29 17:29:46.716,2.02891,2.02925,1.00,1.00
2015.12.29 17:29:46.818,2.02889,2.02928,1.00,1.00
2015.12.29 17:29:46.919,2.02891,2.02932,1.50,1.00
2015.12.29 17:29:46.970,2.02893,2.02932,1.00,1.50
2015.12.29 17:29:47.289,2.02891,2.02929,1.00,1.00
2015.12.29 17:29:48.005,2.02889,2.02928,1.00,1.00
2015.12.29 17:29:50.191,2.02885,2.02927,1.00,1.00
2015.12.29 17:29:53.368,2.02886,2.02927,1.00,1.00
2015.12.29 17:29:53.469,2.02889,2.02927,1.00,1.00
2015.12.29 17:29:53.772,2.02894,2.02927,1.00,1.00
2015.12.29 17:29:54.520,2.02894,2.02934,1.00,1.00
2015.12.29 17:29:55.032,2.02893,2.02934,1.50,1.00
2015.12.29 17:29:55.133,2.02895,2.02936,1.00,1.00
2015.12.29 17:30:02.656,2.02895,2.02936,1.00,1.37
2015.12.29 17:30:02.758,2.0289,2.0293,1.00,1.00
2015.12.29 17:30:02.937,2.02887,2.02926,1.00,1.00
2015.12.29 17:30:03.240,2.02887,2.02915,1.00,1.00
2015.12.29 17:30:03.291,2.02881,2.02915,1.00,1.00
2015.12.29 17:30:03.342,2.02881,2.0292,1.00,1.37
2015.12.29 17:30:03.392,2.02885,2.0292,1.00,1.00
2015.12.29 17:30:03.595,2.02885,2.02924,1.00,1.00
2015.12.29 17:30:04.437,2.02885,2.0292,1.00,1.00
2015.12.29 17:30:06.410,2.02885,2.02923,1.00,1.12
2015.12.29 17:30:06.511,2.02883,2.02922,1.00,1.50
2015.12.29 17:30:06.764,2.02883,2.02922,1.00,1.87
2015.12.29 17:30:07.272,2.02883,2.02919,1.00,1.00
2015.12.29 17:30:08.177,2.02883,2.02922,1.00,1.50
2015.12.29 17:30:12.040,2.02878,2.02919,1.00,1.00
2015.12.29 17:30:12.091,2.02882,2.02919,1.00,1.00
2015.12.29 17:30:12.142,2.02882,2.02921,1.00,1.00
2015.12.29 17:30:12.243,2.02884,2.02925,1.00,1.00
2015.12.29 17:30:12.395,2.02886,2.02928,1.00,1.00
2015.12.29 17:30:12.581,2.02892,2.02933,1.00,1.00
2015.12.29 17:30:13.505,2.02897,2.02936,1.00,1.00
2015.12.29 17:30:13.791,2.02902,2.02942,1.00,1.00
2015.12.29 17:30:14.795,2.02905,2.02944,1.00,1.00
2015.12.29 17:30:24.900,2.02905,2.02943,1.00,1.00
2015.12.29 17:30:27.907,2.02905,2.02944,1.00,1.00
2015.12.29 17:30:28.258,2.029,2.02941,1.00,1.50
2015.12.29 17:30:28.360,2.029,2.0294,1.00,1.37
2015.12.29 17:30:28.461,2.02893,2.02934,1.00,1.00
2015.12.29 17:30:28.563,2.02893,2.02932,1.00,1.00
2015.12.29 17:30:28.767,2.02893,2.02934,1.00,1.00
2015.12.29 17:30:30.574,2.02888,2.0293,1.00,1.37
2015.12.29 17:30:30.879,2.02887,2.02925,1.00,1.00
2015.12.29 17:30:31.389,2.02887,2.02926,1.00,1.00
2015.12.29 17:30:32.003,2.02891,2.02933,1.00,1.00
2015.12.29 17:30:32.205,2.02895,2.02934,1.00,1.00
2015.12.29 17:30:54.736,2.02895,2.0293,1.00,1.00
2015.12.29 17:30:56.690,2.02895,2.02933,1.00,1.00
2015.12.29 17:30:56.948,2.02895,2.02928,1.00,1.00
2015.12.29 17:30:57.050,2.0289,2.02924,1.00,1.00
2015.12.29 17:30:57.252,2.02885,2.02926,1.00,1.00
2015.12.29 17:30:57.492,2.02893,2.02934,1.00,1.00
2015.12.29 17:30:58.989,2.02893,2.02928,1.00,1.00
2015.12.29 17:30:59.039,2.02884,2.02926,1.00,1.00
2015.12.29 17:30:59.494,2.02887,2.02926,1.00,1.00
2015.12.29 17:31:00.630,2.02884,2.02926,1.00,1.00
2015.12.29 17:31:02.055,2.02884,2.02926,1.00,1.37
2015.12.29 17:31:02.566,2.02884,2.02926,1.00,1.00
2015.12.29 17:31:04.078,2.02884,2.02923,1.00,1.00
2015.12.29 17:31:04.280,2.02884,2.02926,1.00,1.00
2015.12.29 17:31:04.737,2.02884,2.02924,1.00,1.00
2015.12.29 17:31:04.838,2.02884,2.02926,1.00,1.00
2015.12.29 17:31:10.677,2.02892,2.02926,1.12,1.00
2015.12.29 17:31:11.783,2.02884,2.02926,1.12,1.00
2015.12.29 17:31:13.290,2.02884,2.02923,1.00,1.00
2015.12.29 17:31:13.593,2.02884,2.0292,1.00,1.00
2015.12.29 17:31:14.245,2.02883,2.0292,1.00,1.00
2015.12.29 17:31:15.496,2.02883,2.02921,1.00,1.00
2015.12.29 17:31:20.108,2.02883,2.0292,1.00,1.00
2015.12.29 17:31:21.022,2.02883,2.02922,1.00,1.00
2015.12.29 17:31:22.314,2.02882,2.0292,1.00,1.00
2015.12.29 17:31:22.417,2.02885,2.02926,1.00,1.00
2015.12.29 17:31:24.294,2.02888,2.02929,1.00,1.00
2015.12.29 17:31:24.600,2.02896,2.02935,1.00,1.00
2015.12.29 17:31:30.758,2.02898,2.02937,1.00,1.00
2015.12.29 17:31:30.809,2.02899,2.02941,1.00,1.00
2015.12.29 17:31:30.913,2.02903,2.02945,1.00,1.00
2015.12.29 17:31:31.463,2.02903,2.02944,1.00,1.00
2015.12.29 17:31:34.756,2.02903,2.02945,1.00,2.62
2015.12.29 17:31:35.628,2.02903,2.02944,1.00,1.00
2015.12.29 17:31:37.187,2.02901,2.02943,1.00,1.00
2015.12.29 17:31:37.238,2.02901,2.0294,1.00,1.00
2015.12.29 17:31:37.339,2.02897,2.02938,1.00,1.00
2015.12.29 17:31:37.441,2.02897,2.02933,1.00,1.00
2015.12.29 17:31:37.492,2.02894,2.02931,1.00,1.00
2015.12.29 17:31:37.643,2.02894,2.02929,1.00,1.00
2015.12.29 17:31:37.946,2.02894,2.02927,1.00,1.00
2015.12.29 17:31:37.997,2.0289,2.02927,1.00,1.00
2015.12.29 17:31:38.148,2.0289,2.02929,1.00,1.00
2015.12.29 17:31:39.479,2.02894,2.02933,1.00,1.50
2015.12.29 17:31:39.530,2.02889,2.02929,1.00,1.00
2015.12.29 17:31:39.987,2.02892,2.02931,1.00,1.00
2015.12.29 17:31:40.695,2.02892,2.02933,1.00,1.50
2015.12.29 17:31:42.029,2.02892,2.02929,1.00,1.00
2015.12.29 17:31:42.080,2.0289,2.02929,1.00,1.00
2015.12.29 17:31:42.181,2.02893,2.02929,1.00,1.00
2015.12.29 17:31:42.486,2.02897,2.02936,1.00,1.00
2015.12.29 17:31:42.739,2.02893,2.02935,1.00,1.00
2015.12.29 17:31:42.840,2.02893,2.02933,1.00,1.00
2015.12.29 17:31:43.143,2.02893,2.0293,1.00,1.00
2015.12.29 17:31:44.565,2.02891,2.0293,1.00,1.00
2015.12.29 17:31:44.984,2.02891,2.02932,1.00,1.00
2015.12.29 17:31:45.086,2.02895,2.02934,1.00,1.00
2015.12.29 17:31:47.951,2.02895,2.02933,1.00,1.00
2015.12.29 17:31:48.388,2.02893,2.02931,1.00,1.00
2015.12.29 17:31:48.591,2.0289,2.02931,1.00,1.00
2015.12.29 17:31:48.776,2.02893,2.02931,1.00,1.00
2015.12.29 17:31:50.803,2.02893,2.0293,1.00,1.00
2015.12.29 17:31:53.008,2.02893,2.02929,1.00,1.00
2015.12.29 17:31:54.798,2.02893,2.02925,1.00,1.00
2015.12.29 17:31:58.976,2.02888,2.02925,1.00,1.00
2015.12.29 17:31:59.520,2.02887,2.02926,1.00,1.00
2015.12.29 17:32:01.488,2.02881,2.0292,1.00,1.00
2015.12.29 17:32:07.316,2.02883,2.02923,1.00,1.00
2015.12.29 17:32:38.129,2.02883,2.02923,1.00,1.87
2015.12.29 17:32:38.180,2.02879,2.02919,1.00,1.00
2015.12.29 17:32:38.369,2.02879,2.02916,1.00,1.00
2015.12.29 17:32:38.673,2.02867,2.02897,1.00,1.00
2015.12.29 17:32:38.775,2.02864,2.02897,1.00,1.00
2015.12.29 17:32:39.615,2.02864,2.02903,1.00,1.50
2015.12.29 17:32:40.191,2.02864,2.029,1.00,1.00
2015.12.29 17:32:40.494,2.02864,2.02898,1.00,1.00
2015.12.29 17:32:40.646,2.02864,2.02903,1.00,1.00
2015.12.29 17:32:40.924,2.02867,2.02907,1.00,1.00
2015.12.29 17:32:41.454,2.02871,2.02907,1.00,1.00
2015.12.29 17:32:41.555,2.02871,2.02909,1.00,1.00
2015.12.29 17:32:42.197,2.02871,2.02912,1.00,1.00
2015.12.29 17:32:42.564,2.02876,2.02914,1.00,1.00
2015.12.29 17:32:44.193,2.02876,2.02913,1.00,1.00
2015.12.29 17:32:47.703,2.02876,2.02913,1.00,1.37
2015.12.29 17:32:47.855,2.02871,2.02906,1.00,1.00
2015.12.29 17:32:48.270,2.02873,2.02906,1.00,1.00
2015.12.29 17:32:48.371,2.02873,2.02911,1.00,1.00
2015.12.29 17:32:48.838,2.02873,2.02914,1.00,1.00
2015.12.29 17:32:53.950,2.02873,2.02915,1.00,1.00
2015.12.29 17:32:54.620,2.02873,2.02915,1.37,1.00
2015.12.29 17:32:55.122,2.02873,2.02915,1.00,1.00
2015.12.29 17:32:56.627,2.02873,2.02915,1.37,1.00
2015.12.29 17:32:57.487,2.02873,2.02915,1.12,1.00
2015.12.29 17:33:00.038,2.02873,2.02915,1.37,1.00
2015.12.29 17:33:00.736,2.02873,2.02915,1.37,1.00
2015.12.29 17:33:01.026,2.02873,2.02915,1.00,1.00
2015.12.29 17:33:01.746,2.0288,2.02921,1.00,1.00
2015.12.29 17:33:02.689,2.02878,2.02918,1.00,1.00
2015.12.29 17:33:02.891,2.02876,2.02918,1.00,1.00
2015.12.29 17:33:03.749,2.0288,2.02921,1.00,1.00
2015.12.29 17:33:04.103,2.02883,2.02923,1.00,1.00
2015.12.29 17:33:04.472,2.0288,2.02912,1.00,1.00
2015.12.29 17:33:04.932,2.02877,2.02912,1.00,1.00
2015.12.29 17:33:05.185,2.02877,2.02918,1.00,2.25
2015.12.29 17:33:08.123,2.02877,2.02918,1.37,2.25
2015.12.29 17:33:08.647,2.02877,2.02918,1.37,2.25
2015.12.29 17:33:09.765,2.02877,2.02918,1.12,1.50
2015.12.29 17:33:10.552,2.02876,2.02915,1.37,1.00
2015.12.29 17:33:13.957,2.02876,2.02915,1.00,1.00
2015.12.29 17:33:17.416,2.02876,2.02912,1.00,1.00
2015.12.29 17:33:20.358,2.02876,2.02914,1.00,1.00
2015.12.29 17:33:20.886,2.02876,2.02915,1.00,1.00
2015.12.29 17:33:21.673,2.02876,2.02915,1.37,1.00
2015.12.29 17:33:24.085,2.02876,2.02915,1.37,1.00
2015.12.29 17:33:28.695,2.02876,2.02915,1.37,1.00
2015.12.29 17:33:30.014,2.02876,2.02915,1.00,1.00
2015.12.29 17:33:31.605,2.02876,2.02915,1.37,1.00
2015.12.29 17:33:41.042,2.02876,2.02915,1.37,1.00
2015.12.29 17:33:41.232,2.02876,2.02915,1.37,1.00
2015.12.29 17:33:43.863,2.02876,2.02915,1.37,1.00
2015.12.29 17:33:43.914,2.02877,2.02918,1.37,1.00
2015.12.29 17:33:44.066,2.02877,2.02918,1.00,1.00
2015.12.29 17:33:44.520,2.02882,2.02918,1.00,1.00
2015.12.29 17:33:44.621,2.02882,2.02922,1.00,1.00
2015.12.29 17:33:44.903,2.02884,2.02922,1.00,1.00
2015.12.29 17:33:45.228,2.0288,2.02922,1.00,1.50
2015.12.29 17:33:45.431,2.0288,2.0292,1.00,1.00
2015.12.29 17:33:46.865,2.0288,2.02922,1.00,1.00
2015.12.29 17:33:47.001,2.02884,2.02926,1.00,1.37
2015.12.29 17:33:47.304,2.02888,2.02929,1.00,1.00
2015.12.29 17:33:47.608,2.02895,2.02932,1.00,1.00
2015.12.29 17:33:47.709,2.02895,2.02936,1.00,1.00
2015.12.29 17:33:48.415,2.02895,2.02934,1.00,1.12
2015.12.29 17:33:48.979,2.02895,2.02933,1.00,1.00
2015.12.29 17:33:50.231,2.02895,2.02936,1.00,1.50
2015.12.29 17:33:50.383,2.02895,2.02936,1.37,1.12
2015.12.29 17:33:50.434,2.02906,2.02938,1.00,1.00
2015.12.29 17:33:50.536,2.02906,2.02945,1.00,1.75
2015.12.29 17:33:51.889,2.02907,2.02945,1.00,1.75
2015.12.29 17:33:54.375,2.02907,2.02945,1.00,1.37
2015.12.29 17:33:54.976,2.02907,2.02945,1.00,1.00
2015.12.29 17:33:56.052,2.02903,2.02945,1.12,1.00
2015.12.29 17:33:58.904,2.02903,2.02945,1.37,1.00
2015.12.29 17:33:59.207,2.02907,2.02946,1.00,1.00
2015.12.29 17:34:05.064,2.02909,2.02948,1.00,1.00
2015.12.29 17:34:07.649,2.0291,2.02951,1.00,1.50
2015.12.29 17:34:11.876,2.0291,2.0295,1.00,1.00
2015.12.29 17:34:12.148,2.0291,2.02952,1.00,1.00
2015.12.29 17:34:12.502,2.02913,2.02955,1.00,1.00
2015.12.29 17:34:19.116,2.02913,2.02955,1.37,1.50
2015.12.29 17:34:20.001,2.02913,2.02955,1.00,1.00
2015.12.29 17:34:21.991,2.02917,2.02956,1.00,1.00
2015.12.29 17:34:23.165,2.02917,2.02955,1.00,1.00
2015.12.29 17:34:23.667,2.02917,2.02956,1.00,1.00
2015.12.29 17:34:24.178,2.02917,2.02955,1.00,1.00
2015.12.29 17:34:25.071,2.02917,2.02956,1.00,1.00
2015.12.29 17:34:26.075,2.02917,2.02955,1.00,1.00
2015.12.29 17:34:27.675,2.02917,2.02957,1.00,1.00
2015.12.29 17:34:33.063,2.02917,2.02954,1.00,1.00
2015.12.29 17:34:34.017,2.02917,2.02955,1.00,1.00
2015.12.29 17:34:34.337,2.02917,2.0295,1.00,1.50
2015.12.29 17:34:34.387,2.02913,2.0295,1.00,1.50
2015.12.29 17:34:38.134,2.02913,2.02948,1.00,1.00
2015.12.29 17:34:43.257,2.02912,2.02948,1.00,1.00
2015.12.29 17:34:43.716,2.02912,2.0295,1.00,1.00
2015.12.29 17:34:44.237,2.02912,2.02951,1.00,1.00
2015.12.29 17:34:44.740,2.02912,2.02948,1.00,1.00
2015.12.29 17:34:45.194,2.02909,2.02948,1.00,2.25
2015.12.29 17:34:51.145,2.02909,2.02947,1.00,1.00
2015.12.29 17:34:53.554,2.02909,2.02948,1.00,2.25
2015.12.29 17:34:58.368,2.02909,2.02947,1.00,1.00
2015.12.29 17:35:07.725,2.02905,2.02946,1.00,1.50
2015.12.29 17:35:07.877,2.02905,2.02938,1.00,1.00
2015.12.29 17:35:07.928,2.02901,2.02938,1.00,1.37
2015.12.29 17:35:08.029,2.02898,2.02938,1.00,1.87
2015.12.29 17:35:08.080,2.0289,2.02925,1.00,1.00
2015.12.29 17:35:08.282,2.02885,2.02923,1.00,1.00
2015.12.29 17:35:08.433,2.02882,2.02922,1.00,1.00
2015.12.29 17:35:08.484,2.0288,2.02919,1.00,1.00
2015.12.29 17:35:08.872,2.0288,2.02916,1.00,1.00
2015.12.29 17:35:15.131,2.02878,2.02916,1.00,1.00
2015.12.29 17:35:15.937,2.02878,2.02916,1.00,1.37
2015.12.29 17:35:16.240,2.02878,2.0291,1.00,1.00
2015.12.29 17:35:17.241,2.02874,2.0291,1.00,1.00
2015.12.29 17:35:17.343,2.02874,2.02913,1.00,1.00
2015.12.29 17:35:17.863,2.02874,2.02912,1.00,1.00
2015.12.29 17:35:19.422,2.02874,2.02909,1.00,1.00
2015.12.29 17:35:19.523,2.02871,2.02912,1.00,1.00
2015.12.29 17:35:19.574,2.02875,2.02916,1.00,1.00
2015.12.29 17:35:19.826,2.02877,2.02919,1.00,1.00
2015.12.29 17:35:19.927,2.02882,2.02921,1.00,1.00
2015.12.29 17:35:46.416,2.0288,2.02921,1.00,1.00
2015.12.29 17:35:47.048,2.0288,2.0292,1.00,1.00
2015.12.29 17:35:48.404,2.02876,2.02918,1.00,1.00
2015.12.29 17:35:48.955,2.02876,2.02914,1.00,1.00
2015.12.29 17:35:49.557,2.02876,2.02915,1.00,1.00
2015.12.29 17:35:49.947,2.0288,2.02914,1.00,1.00
2015.12.29 17:35:49.998,2.0288,2.02919,1.00,1.00
2015.12.29 17:35:50.099,2.02882,2.02923,1.00,1.50
2015.12.29 17:35:51.116,2.02885,2.02925,1.00,1.00
2015.12.29 17:35:51.655,2.02885,2.02921,1.00,1.00
2015.12.29 17:35:51.958,2.02885,2.02918,1.00,1.00
2015.12.29 17:35:52.059,2.02885,2.0292,1.00,1.00
2015.12.29 17:35:52.606,2.02885,2.02921,1.00,1.12
2015.12.29 17:35:53.673,2.02885,2.0292,1.00,1.00
2015.12.29 17:35:53.724,2.02885,2.0292,1.00,1.75
2015.12.29 17:35:54.061,2.02876,2.02915,1.00,1.12
2015.12.29 17:35:54.601,2.02876,2.02914,1.00,1.00
2015.12.29 17:35:55.185,2.02876,2.02915,1.00,1.87
2015.12.29 17:35:55.877,2.02876,2.02914,1.00,1.00
2015.12.29 17:35:56.506,2.02876,2.02915,1.00,1.87
2015.12.29 17:35:57.115,2.02876,2.02914,1.00,1.00
2015.12.29 17:35:57.620,2.02875,2.02914,1.00,1.50
2015.12.29 17:35:58.967,2.02876,2.02918,1.00,1.00
2015.12.29 17:35:59.068,2.02876,2.02916,1.00,1.00
2015.12.29 17:35:59.573,2.02876,2.02915,1.00,1.00
2015.12.29 17:36:00.232,2.02876,2.02914,1.00,1.00
2015.12.29 17:36:00.989,2.02876,2.02915,1.00,1.50
2015.12.29 17:36:01.542,2.02873,2.02914,1.00,1.00
2015.12.29 17:36:02.244,2.02873,2.02915,1.00,2.25
2015.12.29 17:36:02.747,2.02873,2.02914,1.00,1.00
2015.12.29 17:36:03.252,2.02873,2.02915,1.00,2.25
2015.12.29 17:36:03.771,2.02873,2.02914,1.00,1.00
2015.12.29 17:36:04.784,2.02873,2.02915,1.00,2.25
2015.12.29 17:36:05.305,2.02873,2.02914,1.00,1.00
2015.12.29 17:36:06.259,2.02873,2.02915,1.00,2.25
2015.12.29 17:36:07.414,2.02873,2.02914,1.00,1.00
2015.12.29 17:36:07.945,2.02873,2.02915,1.00,2.25
2015.12.29 17:36:08.450,2.02873,2.02914,1.00,1.00
2015.12.29 17:36:08.954,2.02873,2.02915,1.00,2.25
2015.12.29 17:36:09.501,2.02873,2.02914,1.00,1.00
2015.12.29 17:36:10.172,2.02873,2.02915,1.00,2.25
2015.12.29 17:36:10.778,2.02873,2.02914,1.00,1.00
2015.12.29 17:36:11.312,2.02873,2.02915,1.00,2.25
2015.12.29 17:36:13.988,2.02873,2.02912,1.00,1.00
2015.12.29 17:36:20.573,2.02873,2.02913,1.00,1.00
2015.12.29 17:36:35.324,2.02873,2.02914,1.00,1.00
2015.12.29 17:36:35.864,2.02873,2.02915,1.00,1.50
2015.12.29 17:36:36.291,2.02876,2.02914,1.00,1.00
2015.12.29 17:36:37.193,2.02876,2.02915,1.00,1.00
2015.12.29 17:36:37.725,2.02876,2.02914,1.00,1.00
2015.12.29 17:36:38.083,2.02876,2.02917,1.00,1.50
2015.12.29 17:36:38.588,2.02876,2.02916,1.00,1.00
2015.12.29 17:36:39.094,2.02876,2.02917,1.00,1.00
2015.12.29 17:36:39.281,2.02876,2.02915,1.00,1.00
2015.12.29 17:36:39.804,2.02876,2.02914,1.00,1.00
2015.12.29 17:36:41.302,2.02876,2.02915,1.00,1.00
2015.12.29 17:36:41.806,2.02876,2.02914,1.00,1.00
2015.12.29 17:36:42.346,2.02876,2.02915,1.00,1.00
2015.12.29 17:36:42.898,2.02876,2.02914,1.00,1.00
2015.12.29 17:36:43.803,2.02876,2.02915,1.00,1.00
2015.12.29 17:36:44.405,2.02876,2.02914,1.00,1.00
2015.12.29 17:36:44.908,2.02876,2.02915,1.00,1.00
2015.12.29 17:36:45.410,2.02876,2.02914,1.00,1.00
2015.12.29 17:36:46.561,2.02876,2.02915,1.00,1.00
2015.12.29 17:36:47.224,2.02876,2.02914,1.00,1.00
2015.12.29 17:36:47.726,2.02876,2.02915,1.00,1.00
2015.12.29 17:36:48.328,2.02876,2.02914,1.00,1.00
2015.12.29 17:36:48.929,2.02876,2.02915,1.00,1.00
2015.12.29 17:36:49.454,2.02876,2.02914,1.00,1.00
2015.12.29 17:36:51.691,2.02876,2.02915,1.00,1.00
2015.12.29 17:36:52.242,2.02876,2.02914,1.00,1.00
2015.12.29 17:36:52.755,2.02876,2.02915,1.00,1.00
2015.12.29 17:36:53.795,2.02876,2.02914,1.00,1.00
2015.12.29 17:36:54.503,2.02876,2.02915,1.00,1.00
2015.12.29 17:36:55.205,2.02876,2.02914,1.00,1.00
2015.12.29 17:36:56.133,2.02876,2.02915,1.00,1.00
2015.12.29 17:36:56.691,2.02876,2.02914,1.00,1.00
2015.12.29 17:36:57.214,2.02876,2.02915,1.00,1.00
2015.12.29 17:36:57.715,2.02876,2.02914,1.00,1.00
2015.12.29 17:36:57.918,2.02878,2.02918,1.00,1.00
2015.12.29 17:36:59.231,2.02883,2.02918,1.00,1.00
2015.12.29 17:37:05.430,2.02883,2.02919,1.00,1.00
2015.12.29 17:37:27.072,2.02879,2.02919,1.00,1.00
2015.12.29 17:37:29.984,2.02878,2.02917,1.00,1.00
2015.12.29 17:37:30.646,2.02878,2.02913,1.00,1.00
2015.12.29 17:37:31.177,2.02878,2.02917,1.00,1.00
2015.12.29 17:37:31.278,2.02878,2.02914,1.00,1.00
2015.12.29 17:37:31.590,2.02874,2.02914,1.00,1.00
2015.12.29 17:37:34.782,2.02875,2.02914,1.00,1.00
2015.12.29 17:37:34.883,2.02878,2.02916,1.37,1.00
2015.12.29 17:37:35.480,2.02884,2.02924,1.00,1.00
2015.12.29 17:37:35.783,2.02884,2.02922,1.00,1.00
2015.12.29 17:37:36.136,2.02884,2.02924,1.00,1.50
2015.12.29 17:37:36.288,2.02884,2.02919,1.00,1.00
2015.12.29 17:37:38.096,2.02884,2.0292,1.00,1.37
2015.12.29 17:37:38.326,2.02884,2.02925,1.00,1.00
2015.12.29 17:37:38.376,2.02887,2.02929,1.00,1.37
2015.12.29 17:37:38.679,2.02895,2.02931,1.00,1.12
2015.12.29 17:37:39.083,2.02895,2.02928,1.00,1.00
2015.12.29 17:37:41.226,2.02895,2.0293,1.00,1.12
2015.12.29 17:37:41.329,2.02895,2.02934,1.00,1.00
2015.12.29 17:37:42.890,2.02895,2.02931,1.00,1.00
2015.12.29 17:37:43.192,2.02895,2.02925,1.00,1.00
2015.12.29 17:37:43.243,2.02885,2.02925,1.00,1.50
2015.12.29 17:37:43.395,2.02885,2.02924,1.00,1.37
2015.12.29 17:37:43.984,2.02885,2.02921,1.00,1.00
2015.12.29 17:37:44.035,2.02885,2.02923,1.00,1.00
2015.12.29 17:37:45.057,2.02885,2.0292,1.00,1.00
2015.12.29 17:37:45.664,2.02877,2.02917,1.00,1.00
2015.12.29 17:37:48.365,2.02877,2.02916,1.00,1.00
2015.12.29 17:37:48.567,2.02877,2.02911,1.00,1.00
2015.12.29 17:37:49.122,2.02877,2.02917,1.00,1.50
2015.12.29 17:38:00.338,2.02878,2.02918,1.00,1.00
2015.12.29 17:38:04.296,2.02878,2.02919,1.00,1.00
2015.12.29 17:38:04.821,2.02878,2.0292,1.00,1.00
2015.12.29 17:38:06.840,2.02878,2.02919,1.00,1.00
2015.12.29 17:38:07.365,2.02878,2.0292,1.00,1.00
2015.12.29 17:38:07.897,2.02879,2.0292,1.75,1.00
2015.12.29 17:38:07.998,2.02882,2.0292,1.00,1.00
2015.12.29 17:38:08.401,2.0289,2.02923,1.00,1.00
2015.12.29 17:38:08.451,2.0289,2.02926,1.00,1.00
2015.12.29 17:38:08.502,2.02887,2.02926,1.00,1.00
2015.12.29 17:38:10.129,2.02887,2.02928,1.00,1.00
2015.12.29 17:38:15.012,2.02887,2.02927,1.00,1.00
2015.12.29 17:38:15.715,2.02883,2.02924,1.00,1.00
2015.12.29 17:38:20.366,2.02887,2.02926,1.00,1.00
2015.12.29 17:38:30.359,2.02889,2.0293,1.00,1.50
2015.12.29 17:38:34.573,2.02891,2.0293,1.00,1.50
2015.12.29 17:38:34.876,2.02896,2.02931,1.00,1.00
2015.12.29 17:38:35.028,2.02893,2.02932,1.00,1.00
2015.12.29 17:38:39.424,2.02891,2.02931,1.00,1.00
2015.12.29 17:38:39.526,2.02893,2.02934,1.00,1.00
2015.12.29 17:38:47.983,2.02897,2.02934,1.00,1.00
2015.12.29 17:38:48.085,2.02893,2.02934,1.00,1.00
2015.12.29 17:38:48.691,2.02893,2.02933,1.00,1.00
2015.12.29 17:38:49.522,2.02893,2.0293,1.00,1.00
2015.12.29 17:38:49.798,2.02893,2.02934,1.50,1.00
2015.12.29 17:38:49.849,2.02898,2.02937,1.00,1.00
2015.12.29 17:38:50.724,2.02901,2.0294,1.00,1.00
2015.12.29 17:38:51.498,2.02898,2.02939,1.00,1.00
2015.12.29 17:38:53.905,2.02898,2.02937,1.00,1.00
2015.12.29 17:38:54.354,2.02898,2.02934,1.00,1.00
2015.12.29 17:38:54.556,2.02898,2.02937,1.00,1.00
2015.12.29 17:38:59.095,2.02898,2.02939,1.00,1.50
2015.12.29 17:38:59.896,2.02902,2.02939,1.00,1.00
2015.12.29 17:39:00.399,2.02902,2.02942,1.00,1.00
2015.12.29 17:39:03.229,2.02902,2.02941,1.00,1.00
2015.12.29 17:39:08.080,2.02902,2.02942,1.00,1.00
2015.12.29 17:39:16.713,2.02902,2.02942,1.00,1.37
2015.12.29 17:39:16.867,2.02902,2.02942,1.00,1.00
2015.12.29 17:39:25.496,2.02902,2.0294,1.00,1.00
2015.12.29 17:39:26.659,2.02902,2.02942,1.00,1.00
2015.12.29 17:39:27.342,2.02899,2.0294,1.00,1.00
2015.12.29 17:39:28.339,2.02902,2.02942,1.00,1.00
2015.12.29 17:39:31.170,2.02902,2.0294,1.00,1.00
2015.12.29 17:39:39.738,2.02902,2.02942,1.00,1.00
2015.12.29 17:39:46.129,2.02902,2.0294,1.00,1.00
2015.12.29 17:39:46.247,2.02902,2.02942,1.00,1.12
2015.12.29 17:39:46.548,2.02898,2.02939,1.00,1.00
2015.12.29 17:39:49.055,2.02902,2.02942,1.00,1.12
2015.12.29 17:39:53.969,2.02906,2.02945,1.00,1.12
2015.12.29 17:39:54.273,2.02909,2.02949,1.00,1.12
2015.12.29 17:39:54.323,2.02912,2.02951,1.00,1.37
2015.12.29 17:39:55.178,2.02912,2.02951,1.00,1.37
2015.12.29 17:39:55.518,2.02912,2.02946,1.00,1.00
2015.12.29 17:39:57.166,2.02905,2.02946,1.00,1.50
2015.12.29 17:40:00.454,2.02905,2.02945,1.00,1.00
2015.12.29 17:40:04.206,2.02905,2.02944,1.00,1.00
2015.12.29 17:40:09.890,2.02905,2.02945,1.00,1.12
2015.12.29 17:40:12.470,2.02905,2.02946,1.00,1.00
2015.12.29 17:40:15.103,2.02906,2.02946,1.00,1.00
2015.12.29 17:40:16.410,2.02909,2.02949,1.00,1.00
2015.12.29 17:40:16.511,2.02911,2.02953,1.00,1.00
2015.12.29 17:40:17.374,2.02911,2.02952,1.00,1.00
2015.12.29 17:40:19.727,2.02915,2.02952,1.00,1.00
2015.12.29 17:40:20.241,2.02915,2.02956,1.00,1.37
2015.12.29 17:40:20.978,2.02915,2.02956,1.00,1.37
2015.12.29 17:40:23.062,2.02915,2.02956,1.00,1.00
2015.12.29 17:40:24.910,2.02917,2.02959,1.00,1.00
2015.12.29 17:40:26.595,2.0292,2.02959,1.00,1.50
2015.12.29 17:40:26.926,2.02922,2.02959,1.00,1.00
2015.12.29 17:40:27.442,2.02923,2.02959,1.00,1.00
2015.12.29 17:40:27.745,2.02925,2.02967,1.00,1.00
2015.12.29 17:40:28.158,2.02927,2.02967,1.00,1.00
2015.12.29 17:40:28.397,2.02934,2.02975,1.00,1.00
2015.12.29 17:40:29.302,2.02933,2.02975,1.00,1.00
2015.12.29 17:40:29.717,2.02938,2.0298,1.00,1.00
2015.12.29 17:40:31.721,2.02938,2.0298,1.00,1.37
2015.12.29 17:40:32.125,2.02938,2.0297,1.00,1.00
2015.12.29 17:40:32.176,2.02932,2.0297,1.00,1.00
2015.12.29 17:40:33.739,2.02926,2.02967,1.00,1.00
2015.12.29 17:40:38.127,2.0293,2.0297,1.00,1.00
2015.12.29 17:40:38.838,2.0293,2.02971,1.00,1.50
2015.12.29 17:40:41.619,2.02933,2.02971,1.00,1.00
2015.12.29 17:40:41.798,2.02937,2.02978,1.00,1.12
2015.12.29 17:40:42.527,2.02937,2.02979,1.00,1.00
2015.12.29 17:40:42.629,2.02942,2.02981,1.00,1.37
2015.12.29 17:40:43.139,2.02942,2.02981,1.00,1.00
2015.12.29 17:40:47.954,2.02942,2.0298,1.00,1.00
2015.12.29 17:40:48.511,2.02942,2.02981,1.00,1.50
2015.12.29 17:40:50.796,2.02938,2.0298,1.00,1.00
2015.12.29 17:40:56.710,2.02938,2.02978,1.00,1.00
2015.12.29 17:40:57.064,2.02939,2.0298,1.00,1.87
2015.12.29 17:40:58.063,2.02939,2.0298,1.00,1.87
2015.12.29 17:40:58.366,2.02936,2.02969,1.00,1.00
2015.12.29 17:40:59.691,2.02934,2.02969,1.00,1.00
2015.12.29 17:41:01.853,2.02934,2.02968,1.00,1.00
2015.12.29 17:41:13.390,2.02934,2.02971,1.00,1.12
2015.12.29 17:41:14.408,2.02934,2.02971,1.00,1.37
2015.12.29 17:41:19.088,2.02931,2.02967,1.00,1.00
2015.12.29 17:41:19.190,2.02927,2.02968,1.00,1.50
2015.12.29 17:41:19.291,2.02927,2.02968,1.00,1.75
2015.12.29 17:41:19.635,2.02923,2.02956,1.50,1.00
2015.12.29 17:41:19.687,2.0292,2.02956,1.00,1.00
2015.12.29 17:41:27.743,2.0292,2.02957,1.00,1.12
2015.12.29 17:41:28.998,2.0292,2.02957,1.00,1.37
2015.12.29 17:41:30.534,2.0292,2.02957,1.00,1.00
2015.12.29 17:41:31.055,2.0292,2.02957,1.00,1.37
2015.12.29 17:41:40.967,2.0292,2.02957,1.00,1.37
2015.12.29 17:41:42.029,2.02917,2.02957,1.00,1.37
2015.12.29 17:41:42.750,2.02917,2.02957,1.00,1.37
2015.12.29 17:41:43.886,2.02917,2.02958,1.00,1.37
2015.12.29 17:41:47.747,2.02917,2.02958,1.00,1.12
2015.12.29 17:41:48.201,2.02917,2.02958,1.00,1.37
2015.12.29 17:41:48.404,2.02917,2.02959,1.00,1.87
2015.12.29 17:41:48.707,2.02917,2.02959,1.00,1.00
2015.12.29 17:41:49.062,2.02923,2.02963,1.00,1.12
2015.12.29 17:41:49.573,2.02923,2.02962,1.00,1.00
2015.12.29 17:41:52.233,2.02923,2.02959,1.00,1.00
2015.12.29 17:41:53.179,2.02923,2.02961,1.00,1.00
2015.12.29 17:41:53.333,2.02923,2.02964,1.00,1.00
2015.12.29 17:41:58.851,2.02921,2.0296,1.00,1.00
2015.12.29 17:41:59.356,2.02921,2.02959,1.00,1.00
2015.12.29 17:42:01.335,2.02921,2.02957,1.00,1.00
2015.12.29 17:42:03.230,2.02921,2.02959,1.00,1.12
2015.12.29 17:42:09.056,2.02921,2.02957,1.00,1.00
2015.12.29 17:42:11.258,2.02921,2.02956,1.00,1.00
2015.12.29 17:42:11.359,2.02921,2.02958,1.00,1.00
2015.12.29 17:42:11.909,2.02921,2.02955,1.00,1.00
2015.12.29 17:42:13.461,2.02918,2.02955,1.00,1.00
2015.12.29 17:42:14.658,2.02918,2.02957,1.00,1.00
2015.12.29 17:42:17.631,2.02918,2.02955,1.00,1.00
2015.12.29 17:42:27.947,2.02918,2.02957,1.00,1.00
2015.12.29 17:42:31.603,2.02918,2.02956,1.00,1.00
2015.12.29 17:42:33.921,2.02918,2.02957,1.00,1.00
2015.12.29 17:42:36.765,2.02918,2.02956,1.00,1.00
2015.12.29 17:42:39.378,2.02918,2.02954,1.00,1.00
2015.12.29 17:42:44.310,2.02913,2.02954,1.00,1.00
2015.12.29 17:42:44.814,2.02913,2.02952,1.00,1.00
2015.12.29 17:42:47.210,2.02912,2.02951,1.00,1.00
2015.12.29 17:42:50.222,2.02916,2.02955,1.00,1.00
2015.12.29 17:42:54.533,2.02923,2.02957,1.00,1.00
2015.12.29 17:42:54.684,2.02926,2.02967,1.00,1.37
2015.12.29 17:42:54.735,2.02926,2.02967,1.00,1.00
2015.12.29 17:42:55.051,2.02926,2.02961,1.00,1.00
2015.12.29 17:42:55.789,2.02926,2.0296,1.00,1.00
2015.12.29 17:42:56.322,2.02924,2.0296,1.00,1.00
2015.12.29 17:42:56.843,2.02924,2.02961,1.00,1.12
2015.12.29 17:42:59.361,2.02924,2.0295,1.00,1.00
2015.12.29 17:42:59.462,2.02924,2.02956,1.00,1.37
2015.12.29 17:42:59.898,2.0292,2.02954,1.00,1.00
2015.12.29 17:42:59.999,2.0291,2.0295,1.00,1.00
2015.12.29 17:43:00.518,2.02907,2.02949,1.00,1.00
2015.12.29 17:43:01.196,2.02907,2.02948,1.00,1.00
2015.12.29 17:43:01.399,2.02912,2.02948,1.00,1.00
2015.12.29 17:43:01.500,2.02912,2.02951,1.00,1.00
2015.12.29 17:43:03.387,2.02912,2.02948,1.00,1.12
2015.12.29 17:43:03.894,2.02912,2.02948,1.00,1.37
2015.12.29 17:43:04.184,2.02908,2.02948,1.00,1.37
2015.12.29 17:43:10.366,2.02912,2.02947,1.00,1.00
2015.12.29 17:43:10.720,2.0291,2.02947,1.00,1.12
2015.12.29 17:43:10.976,2.0291,2.02944,1.00,1.00
2015.12.29 17:43:12.034,2.02904,2.02944,1.00,1.00
2015.12.29 17:43:14.393,2.02904,2.02942,1.00,1.00
2015.12.29 17:43:19.212,2.02904,2.02941,1.00,1.00
2015.12.29 17:43:22.220,2.02899,2.02941,1.00,1.87
2015.12.29 17:43:22.321,2.02899,2.02939,1.00,1.37
2015.12.29 17:43:22.624,2.02898,2.02929,1.00,1.00
2015.12.29 17:43:23.930,2.02894,2.02929,1.00,1.00
2015.12.29 17:43:29.667,2.02894,2.02932,1.00,1.00
2015.12.29 17:43:32.414,2.02894,2.02933,1.00,1.12
2015.12.29 17:43:33.388,2.02894,2.02936,1.00,1.37
2015.12.29 17:43:33.640,2.02894,2.02936,1.00,1.00
2015.12.29 17:43:35.728,2.02894,2.02936,1.00,1.37
2015.12.29 17:43:35.830,2.02894,2.02933,1.00,1.00
2015.12.29 17:43:37.277,2.02894,2.02931,1.00,1.00
2015.12.29 17:43:40.145,2.02894,2.02929,1.00,1.00
2015.12.29 17:43:40.347,2.02894,2.02931,1.00,1.00
2015.12.29 17:43:42.988,2.02894,2.02932,1.00,1.00
2015.12.29 17:43:45.458,2.02894,2.02932,1.00,1.37
2015.12.29 17:43:45.985,2.02894,2.0293,1.00,1.00
2015.12.29 17:43:50.149,2.02894,2.02925,1.00,1.00
2015.12.29 17:43:55.388,2.02894,2.02926,1.00,1.00
2015.12.29 17:43:55.732,2.02889,2.02926,1.00,1.00
2015.12.29 17:43:58.367,2.02888,2.02926,1.00,1.00
2015.12.29 17:44:00.079,2.02889,2.02926,1.00,1.00
2015.12.29 17:44:02.229,2.02887,2.02926,1.00,1.00
2015.12.29 17:44:10.032,2.02889,2.02926,1.00,1.00
2015.12.29 17:44:10.897,2.02889,2.02925,1.00,1.00
2015.12.29 17:44:11.328,2.02887,2.02925,1.00,1.00
2015.12.29 17:44:12.938,2.02884,2.02925,1.00,1.87
2015.12.29 17:44:13.213,2.02884,2.02924,1.00,1.00
2015.12.29 17:44:13.620,2.02884,2.02924,1.00,1.37
2015.12.29 17:44:13.672,2.02881,2.0292,1.00,1.37
2015.12.29 17:44:13.773,2.02881,2.02913,1.00,1.00
2015.12.29 17:44:13.976,2.02881,2.0292,1.00,1.00
2015.12.29 17:44:14.676,2.02881,2.02923,1.00,1.00
2015.12.29 17:44:24.880,2.02881,2.02921,1.00,1.00
2015.12.29 17:44:25.396,2.02881,2.02918,1.00,1.00
2015.12.29 17:44:27.541,2.02881,2.02917,1.00,1.00
2015.12.29 17:44:29.281,2.02879,2.02917,1.00,1.12
2015.12.29 17:44:35.989,2.02879,2.02919,1.00,1.87
2015.12.29 17:44:36.696,2.02879,2.02919,1.00,1.87
2015.12.29 17:44:38.202,2.02879,2.02919,1.00,1.87
2015.12.29 17:44:38.762,2.02879,2.02919,1.00,1.50
2015.12.29 17:44:42.720,2.02879,2.02917,1.00,1.00
2015.12.29 17:44:47.569,2.02879,2.02919,1.00,1.50
2015.12.29 17:44:47.771,2.02883,2.02923,1.00,1.87
2015.12.29 17:44:50.111,2.02886,2.02923,1.00,2.25
2015.12.29 17:44:54.466,2.02886,2.02919,1.00,1.00
2015.12.29 17:44:56.876,2.02886,2.02918,1.00,1.00
2015.12.29 17:45:07.922,2.02886,2.0292,1.00,1.00
2015.12.29 17:45:11.088,2.02886,2.02919,1.00,1.00
2015.12.29 17:45:11.955,2.02886,2.02922,1.00,1.00
2015.12.29 17:45:12.056,2.02886,2.02925,1.00,1.00
2015.12.29 17:45:12.107,2.02891,2.02925,1.00,1.00
2015.12.29 17:45:12.310,2.02898,2.02939,1.00,1.00
2015.12.29 17:45:12.857,2.02898,2.0294,1.00,1.00
2015.12.29 17:45:12.908,2.02897,2.02933,1.00,1.00
2015.12.29 17:45:13.211,2.02897,2.02925,1.00,1.12
2015.12.29 17:45:13.632,2.02892,2.02925,1.00,1.12
2015.12.29 17:45:13.734,2.02888,2.02925,1.00,1.12
2015.12.29 17:45:15.278,2.02888,2.02924,1.00,1.00
2015.12.29 17:45:15.883,2.02888,2.02924,1.00,1.37
2015.12.29 17:45:16.034,2.02885,2.02919,1.00,1.00
2015.12.29 17:45:18.545,2.02885,2.02917,1.00,1.00
2015.12.29 17:45:28.467,2.02882,2.02917,1.00,1.00
2015.12.29 17:45:28.568,2.02878,2.02917,1.00,1.50
2015.12.29 17:45:31.249,2.02878,2.02914,1.00,1.00
2015.12.29 17:45:46.939,2.02878,2.02916,1.00,1.00
2015.12.29 17:45:47.343,2.02883,2.02924,1.00,1.00
2015.12.29 17:45:47.664,2.02883,2.02925,1.00,1.37
2015.12.29 17:45:47.816,2.02883,2.02924,1.00,1.00
2015.12.29 17:45:48.841,2.02883,2.02923,1.00,1.00
2015.12.29 17:45:49.377,2.02883,2.0292,1.00,1.00
2015.12.29 17:45:52.195,2.02881,2.0292,1.00,1.00
2015.12.29 17:45:53.453,2.02883,2.0292,1.00,1.00
2015.12.29 17:45:54.194,2.02883,2.02922,1.00,1.00
2015.12.29 17:45:58.521,2.02883,2.02924,1.00,2.25
2015.12.29 17:46:00.198,2.02883,2.02923,1.00,1.00
2015.12.29 17:46:00.300,2.02887,2.02924,1.00,2.25
2015.12.29 17:46:00.351,2.02888,2.02926,1.00,1.00
2015.12.29 17:46:00.452,2.02893,2.02935,1.00,1.00
2015.12.29 17:46:01.908,2.02893,2.02934,1.00,1.00
2015.12.29 17:46:01.958,2.02893,2.02928,1.00,1.00
2015.12.29 17:46:02.564,2.02893,2.02931,1.00,1.75
2015.12.29 17:46:02.666,2.02893,2.02931,1.00,1.00
2015.12.29 17:46:02.767,2.02893,2.02935,1.00,1.00
2015.12.29 17:46:03.198,2.02897,2.02936,1.00,1.00
2015.12.29 17:46:03.249,2.02899,2.02939,1.00,1.00
2015.12.29 17:46:03.753,2.029,2.02939,1.00,1.00
2015.12.29 17:46:04.056,2.02904,2.02946,1.00,1.00
2015.12.29 17:46:08.198,2.02904,2.02938,1.00,1.00
2015.12.29 17:46:09.753,2.02904,2.02935,1.00,1.00
2015.12.29 17:46:10.056,2.0289,2.02931,1.00,1.50
2015.12.29 17:46:10.710,2.0289,2.02931,1.00,1.87
2015.12.29 17:46:11.014,2.0289,2.02926,1.00,1.00
2015.12.29 17:46:14.186,2.0289,2.02927,1.00,1.12
2015.12.29 17:46:15.073,2.02887,2.02927,1.00,1.12
2015.12.29 17:46:17.173,2.02889,2.0293,1.00,1.75
2015.12.29 17:46:21.900,2.02889,2.02925,1.00,1.00
2015.12.29 17:46:22.229,2.02889,2.02925,1.00,1.75
2015.12.29 17:46:22.852,2.02887,2.02925,1.00,1.75
2015.12.29 17:46:23.404,2.02884,2.02925,1.00,1.75
2015.12.29 17:46:27.907,2.02884,2.0292,1.00,1.00
2015.12.29 17:46:28.324,2.02884,2.02926,1.00,2.25
2015.12.29 17:46:36.538,2.02884,2.0292,1.00,1.00
2015.12.29 17:46:41.650,2.02884,2.02919,1.00,1.00
2015.12.29 17:46:41.751,2.02884,2.02925,1.00,1.75
2015.12.29 17:46:49.377,2.02882,2.02919,1.00,1.00
2015.12.29 17:46:49.680,2.02882,2.02916,1.00,1.00
2015.12.29 17:46:49.882,2.0288,2.02916,1.00,1.00
2015.12.29 17:46:50.101,2.02877,2.02916,1.00,1.00
2015.12.29 17:46:50.621,2.02877,2.02915,1.00,1.00
2015.12.29 17:46:56.450,2.02877,2.02916,1.00,1.00
2015.12.29 17:46:56.988,2.02877,2.02915,1.00,1.00
2015.12.29 17:46:59.309,2.02877,2.02916,1.00,1.00
2015.12.29 17:46:59.360,2.02881,2.02916,1.00,1.00
2015.12.29 17:47:00.868,2.02881,2.02917,1.00,1.50
2015.12.29 17:47:01.172,2.02886,2.02917,1.00,1.00
2015.12.29 17:47:01.374,2.02887,2.0292,1.00,1.00
2015.12.29 17:47:02.322,2.02887,2.02925,1.00,1.75
2015.12.29 17:47:02.423,2.02891,2.02925,1.00,1.37
2015.12.29 17:47:02.474,2.02891,2.02925,1.00,1.00
2015.12.29 17:47:03.737,2.02892,2.0292,1.00,1.00
2015.12.29 17:47:03.889,2.02883,2.02921,1.00,1.12
2015.12.29 17:47:04.394,2.02883,2.0292,1.00,1.00
2015.12.29 17:47:06.414,2.02883,2.02921,1.00,1.12
2015.12.29 17:47:06.628,2.02892,2.02925,1.00,1.75
2015.12.29 17:47:06.780,2.02891,2.02925,1.00,1.00
2015.12.29 17:47:07.184,2.02887,2.02925,1.00,1.00
2015.12.29 17:47:07.710,2.02886,2.02925,1.00,1.00
2015.12.29 17:47:08.971,2.02883,2.02925,1.00,1.00
2015.12.29 17:47:09.123,2.02883,2.02919,1.00,1.00
2015.12.29 17:47:09.274,2.0288,2.02919,1.00,1.50
2015.12.29 17:47:09.375,2.02875,2.02916,1.00,1.00
2015.12.29 17:47:09.426,2.02875,2.02914,1.00,1.00
2015.12.29 17:47:11.896,2.02875,2.02916,1.00,1.00
2015.12.29 17:47:12.353,2.02877,2.02916,1.00,1.00
2015.12.29 17:47:12.561,2.02875,2.02916,1.50,1.00
2015.12.29 17:47:12.777,2.02875,2.02914,1.00,1.00
2015.12.29 17:47:13.080,2.02875,2.02911,1.00,1.00
2015.12.29 17:47:13.384,2.02875,2.02907,1.00,1.12
2015.12.29 17:47:13.882,2.02875,2.02911,1.00,1.00
2015.12.29 17:47:14.135,2.02875,2.02912,1.00,1.37
2015.12.29 17:47:14.186,2.02867,2.02906,1.00,1.12
2015.12.29 17:47:14.489,2.02867,2.02902,1.00,1.00
2015.12.29 17:47:14.733,2.02867,2.02908,1.00,1.00
2015.12.29 17:47:14.885,2.0287,2.02909,1.00,1.00
2015.12.29 17:47:15.397,2.0287,2.02908,1.00,1.00
2015.12.29 17:47:15.907,2.0287,2.02909,1.00,1.50
2015.12.29 17:47:17.917,2.0287,2.02906,1.00,1.00
2015.12.29 17:47:18.119,2.0287,2.02909,1.00,1.50
2015.12.29 17:47:20.798,2.02871,2.02912,1.00,1.50
2015.12.29 17:47:21.399,2.02871,2.02912,1.00,1.00
2015.12.29 17:47:22.973,2.02874,2.02914,1.00,1.50
2015.12.29 17:47:25.035,2.02874,2.02911,1.00,1.00
2015.12.29 17:47:25.338,2.02874,2.02911,1.00,2.25
2015.12.29 17:47:27.245,2.02874,2.0291,1.00,1.00
2015.12.29 17:47:30.370,2.02874,2.02911,1.00,1.00
2015.12.29 17:47:35.136,2.02874,2.0291,1.00,1.00
2015.12.29 17:47:35.688,2.02874,2.0291,1.00,1.37
2015.12.29 17:47:36.193,2.02874,2.0291,1.00,1.75
2015.12.29 17:47:40.787,2.02871,2.02904,1.00,1.00
2015.12.29 17:47:40.938,2.02864,2.02904,1.00,1.12
2015.12.29 17:47:40.989,2.02864,2.02895,1.00,1.00
2015.12.29 17:47:41.513,2.02864,2.02896,1.00,1.00
2015.12.29 17:47:42.037,2.02864,2.02895,1.00,1.12
2015.12.29 17:47:42.552,2.02863,2.02895,1.00,1.12
2015.12.29 17:47:42.603,2.02858,2.02895,1.00,1.12
2015.12.29 17:47:53.194,2.02857,2.02895,1.00,1.12
2015.12.29 17:47:53.883,2.02857,2.0289,1.00,1.00
2015.12.29 17:47:54.897,2.02857,2.02896,1.00,1.50
2015.12.29 17:47:55.302,2.02857,2.0289,1.00,1.00
2015.12.29 17:47:55.736,2.02857,2.02896,1.00,1.37
2015.12.29 17:47:55.787,2.02857,2.02896,1.00,1.00
2015.12.29 17:47:56.204,2.02857,2.0289,1.00,1.00
2015.12.29 17:47:58.061,2.02852,2.0289,1.00,1.00
2015.12.29 17:47:58.668,2.02856,2.0289,1.00,1.00
2015.12.29 17:47:58.769,2.02853,2.0289,1.00,1.00
2015.12.29 17:48:06.166,2.02854,2.0289,1.00,1.00
2015.12.29 17:48:11.260,2.02854,2.0289,1.00,1.75
2015.12.29 17:48:12.338,2.02854,2.02891,1.00,1.37
2015.12.29 17:48:12.389,2.02854,2.0289,1.00,1.00
2015.12.29 17:48:15.700,2.02854,2.02891,1.00,1.00
2015.12.29 17:48:17.608,2.02854,2.0289,1.00,1.00
2015.12.29 17:48:21.878,2.02854,2.02891,1.00,1.00
2015.12.29 17:48:22.493,2.02854,2.0289,1.00,1.00
2015.12.29 17:48:23.024,2.02854,2.0289,1.00,1.37
2015.12.29 17:48:27.748,2.02854,2.02888,1.00,1.37
2015.12.29 17:48:28.001,2.0285,2.02886,1.00,1.75
2015.12.29 17:48:37.669,2.0285,2.02889,1.00,1.37
2015.12.29 17:48:37.720,2.0285,2.02889,1.00,1.00
2015.12.29 17:48:38.126,2.02853,2.02889,1.00,1.00
2015.12.29 17:48:39.917,2.02853,2.02884,1.00,1.00
2015.12.29 17:48:40.419,2.02853,2.02885,1.00,1.00
2015.12.29 17:48:40.920,2.02853,2.02884,1.00,1.00
2015.12.29 17:48:41.067,2.0285,2.02885,1.00,1.50
2015.12.29 17:48:41.119,2.02846,2.02885,1.00,1.50
2015.12.29 17:48:41.271,2.02848,2.02884,1.00,1.00
2015.12.29 17:48:41.731,2.02846,2.02885,1.00,1.50
2015.12.29 17:48:42.086,2.02849,2.02884,1.00,1.00
2015.12.29 17:48:42.682,2.02849,2.02885,1.00,1.50
2015.12.29 17:48:43.196,2.02849,2.02884,1.00,1.00
2015.12.29 17:48:44.154,2.02849,2.02885,1.00,1.50
2015.12.29 17:48:44.774,2.02849,2.02886,1.00,1.00
2015.12.29 17:48:44.976,2.02852,2.02891,1.00,1.12
2015.12.29 17:48:45.229,2.02856,2.02891,1.00,1.00
2015.12.29 17:48:45.281,2.02856,2.02895,1.00,1.00
2015.12.29 17:48:45.465,2.02862,2.02902,1.00,1.50
2015.12.29 17:49:02.224,2.02862,2.02903,1.00,1.00
2015.12.29 17:49:05.938,2.02862,2.02902,1.00,1.00
2015.12.29 17:49:06.292,2.02862,2.02904,1.00,1.00
2015.12.29 17:49:06.595,2.02868,2.02904,1.00,1.00
2015.12.29 17:49:06.646,2.02869,2.02911,1.00,1.00
2015.12.29 17:49:07.699,2.02875,2.02913,1.00,1.87
2015.12.29 17:49:10.112,2.02875,2.0291,1.00,1.00
2015.12.29 17:49:16.849,2.02875,2.02906,1.00,1.00
2015.12.29 17:49:16.950,2.02875,2.02909,1.00,1.00
2015.12.29 17:49:17.194,2.02871,2.02909,1.00,1.00
2015.12.29 17:49:17.296,2.02869,2.02909,1.00,1.00
2015.12.29 17:49:26.753,2.02869,2.0291,1.00,1.00
2015.12.29 17:49:28.891,2.02866,2.02908,1.00,1.00
2015.12.29 17:49:30.734,2.02866,2.02906,1.00,1.37
2015.12.29 17:49:31.038,2.02866,2.02902,1.00,1.00
2015.12.29 17:49:31.393,2.02866,2.02904,1.00,1.00
2015.12.29 17:49:32.909,2.02867,2.02904,1.00,1.00
2015.12.29 17:49:33.419,2.02866,2.02904,1.00,1.00
2015.12.29 17:49:33.994,2.02869,2.02904,1.00,1.00
2015.12.29 17:49:37.388,2.02869,2.02909,1.00,1.00
2015.12.29 17:49:37.690,2.02872,2.0291,1.00,1.00
2015.12.29 17:49:38.402,2.02872,2.02909,1.00,1.00
2015.12.29 17:49:39.085,2.02872,2.02907,1.00,1.37
2015.12.29 17:49:40.592,2.0287,2.02906,1.00,1.00
2015.12.29 17:49:47.416,2.02871,2.02906,1.00,1.00
2015.12.29 17:49:47.792,2.02871,2.0291,1.00,1.12
2015.12.29 17:49:49.209,2.0287,2.0291,1.00,1.12
2015.12.29 17:49:53.180,2.02868,2.02907,1.00,1.00
2015.12.29 17:49:53.331,2.0287,2.02911,1.00,1.50
2015.12.29 17:50:07.251,2.0287,2.02911,1.00,2.25
2015.12.29 17:50:09.231,2.0287,2.02911,1.50,1.37
2015.12.29 17:50:09.282,2.02876,2.02915,1.50,1.87
2015.12.29 17:50:09.333,2.02876,2.02915,1.87,1.50
2015.12.29 17:50:09.384,2.02879,2.02915,1.00,1.00
2015.12.29 17:50:09.435,2.02882,2.02921,1.00,1.00
2015.12.29 17:50:09.665,2.02884,2.02925,1.00,1.50
2015.12.29 17:50:11.718,2.02889,2.02928,1.00,1.87
2015.12.29 17:50:15.559,2.02889,2.02928,1.00,1.87
2015.12.29 17:50:17.453,2.02889,2.02928,1.00,1.50
2015.12.29 17:50:18.600,2.02889,2.0292,1.00,1.00
2015.12.29 17:50:18.828,2.02877,2.02914,1.00,1.00
2015.12.29 17:50:18.879,2.02877,2.02916,1.00,1.00
2015.12.29 17:50:20.242,2.02881,2.0292,1.00,1.00
2015.12.29 17:50:24.331,2.02884,2.02923,1.00,1.00
2015.12.29 17:50:26.404,2.02884,2.02923,1.00,1.87
2015.12.29 17:50:26.456,2.02881,2.02921,1.00,1.37
2015.12.29 17:50:26.507,2.02881,2.0291,1.00,1.00
2015.12.29 17:50:26.609,2.02876,2.02915,1.00,1.12
2015.12.29 17:50:26.659,2.02875,2.02912,1.00,1.00
2015.12.29 17:50:26.962,2.02875,2.0291,1.00,1.50
2015.12.29 17:50:30.787,2.02875,2.02916,1.00,1.50
2015.12.29 17:50:33.423,2.02876,2.02916,1.00,1.00
2015.12.29 17:50:34.281,2.02875,2.02916,1.00,1.00
2015.12.29 17:50:35.042,2.02881,2.02923,1.00,1.00
2015.12.29 17:50:43.334,2.02881,2.02923,1.00,1.87
2015.12.29 17:50:43.846,2.02881,2.02922,1.00,1.00
2015.12.29 17:50:44.149,2.02878,2.0292,1.00,1.00
2015.12.29 17:50:45.791,2.02875,2.02916,1.00,1.00
2015.12.29 17:50:46.134,2.02875,2.02914,1.00,1.37
2015.12.29 17:50:46.235,2.02875,2.02916,1.00,1.00
2015.12.29 17:50:47.572,2.02875,2.02915,1.00,1.00
2015.12.29 17:50:48.228,2.02875,2.02913,1.00,1.00
2015.12.29 17:50:48.480,2.02875,2.02916,1.00,1.00
2015.12.29 17:50:49.468,2.02875,2.02916,1.00,1.37
2015.12.29 17:50:49.771,2.02875,2.02912,1.00,1.00
2015.12.29 17:50:52.682,2.02873,2.02912,1.00,1.37
2015.12.29 17:50:52.733,2.02873,2.02907,1.00,1.00
2015.12.29 17:50:52.935,2.0287,2.02907,1.00,1.00
2015.12.29 17:50:55.579,2.02868,2.02907,1.00,1.00
2015.12.29 17:50:55.629,2.02866,2.02905,1.00,1.50
2015.12.29 17:50:55.933,2.02866,2.02901,1.00,1.00
2015.12.29 17:50:56.458,2.02866,2.029,1.00,1.00
2015.12.29 17:50:56.964,2.02866,2.02899,1.00,1.00
2015.12.29 17:50:57.065,2.02862,2.029,1.00,1.00
2015.12.29 17:50:57.487,2.0286,2.02899,1.00,1.00
2015.12.29 17:50:58.227,2.0286,2.029,1.00,1.50
2015.12.29 17:50:58.768,2.0286,2.02899,1.00,1.00
2015.12.29 17:50:59.280,2.0286,2.029,1.00,1.50
2015.12.29 17:50:59.783,2.0286,2.02899,1.00,1.00
2015.12.29 17:51:00.438,2.0286,2.029,1.00,1.50
2015.12.29 17:51:01.041,2.0286,2.02899,1.00,1.00
2015.12.29 17:51:01.684,2.0286,2.029,1.00,1.50
2015.12.29 17:51:02.290,2.0286,2.02899,1.00,1.00
2015.12.29 17:51:02.802,2.0286,2.029,1.00,1.87
2015.12.29 17:51:03.305,2.0286,2.02899,1.00,1.00
2015.12.29 17:51:03.959,2.0286,2.029,1.00,1.12
2015.12.29 17:51:04.010,2.02862,2.029,1.00,1.12
2015.12.29 17:51:05.521,2.02864,2.02901,1.00,1.00
2015.12.29 17:51:07.567,2.02864,2.029,1.00,1.00
2015.12.29 17:51:09.582,2.02864,2.02901,1.00,1.00
2015.12.29 17:51:10.090,2.02864,2.029,1.00,1.00
2015.12.29 17:51:13.395,2.02864,2.02901,1.00,1.00
2015.12.29 17:51:17.007,2.02864,2.029,1.00,1.00
2015.12.29 17:51:19.022,2.02864,2.02904,1.00,1.00
2015.12.29 17:51:19.375,2.02868,2.02906,1.00,1.00
2015.12.29 17:51:19.999,2.02868,2.02907,1.00,1.00
2015.12.29 17:51:20.620,2.02868,2.02906,1.00,1.00
2015.12.29 17:51:21.607,2.02868,2.02907,1.50,1.00
2015.12.29 17:51:21.657,2.02872,2.02912,1.00,1.00
2015.12.29 17:51:22.399,2.02872,2.0291,1.00,1.00
2015.12.29 17:51:22.702,2.02875,2.02914,1.00,1.37
2015.12.29 17:51:22.753,2.02875,2.02914,1.00,1.00
2015.12.29 17:51:23.935,2.02875,2.0291,1.00,1.00
2015.12.29 17:51:24.495,2.02873,2.0291,1.00,1.00
2015.12.29 17:51:25.000,2.02873,2.02909,1.00,1.00
2015.12.29 17:51:27.415,2.02873,2.0291,1.00,1.00
2015.12.29 17:51:29.948,2.02873,2.02909,1.00,1.00
2015.12.29 17:51:30.313,2.0287,2.02909,1.00,1.00
2015.12.29 17:51:34.887,2.02873,2.02909,1.00,1.00
2015.12.29 17:51:37.756,2.02873,2.0291,1.00,1.00
2015.12.29 17:51:43.414,2.02869,2.02909,1.00,1.00
2015.12.29 17:51:44.741,2.02871,2.0291,1.00,1.00
2015.12.29 17:51:44.842,2.02868,2.0291,1.00,1.50
2015.12.29 17:51:45.165,2.02872,2.0291,1.00,1.00
2015.12.29 17:51:47.813,2.02872,2.02911,1.00,1.50
2015.12.29 17:51:48.560,2.02872,2.0291,1.00,1.00
2015.12.29 17:51:49.883,2.02872,2.02911,1.00,1.50
2015.12.29 17:51:50.545,2.02872,2.0291,1.00,1.00
2015.12.29 17:51:53.717,2.02868,2.0291,1.00,1.50
2015.12.29 17:51:54.171,2.02871,2.0291,1.00,1.00
2015.12.29 17:51:54.781,2.02871,2.02911,1.00,1.00
2015.12.29 17:51:54.933,2.02868,2.0291,1.00,1.00
2015.12.29 17:51:55.990,2.0287,2.0291,1.00,1.00
2015.12.29 17:51:56.243,2.02875,2.02917,2.62,1.00
2015.12.29 17:51:56.294,2.02883,2.0292,1.00,1.00
2015.12.29 17:51:56.446,2.02883,2.02923,1.00,1.50
2015.12.29 17:51:57.850,2.0288,2.0292,1.00,1.00
2015.12.29 17:51:58.160,2.0288,2.02918,1.00,1.00
2015.12.29 17:51:58.261,2.0287,2.0291,1.00,1.00
2015.12.29 17:52:00.065,2.0287,2.02911,1.00,1.87
2015.12.29 17:52:00.306,2.02867,2.02907,1.50,1.00
2015.12.29 17:52:00.691,2.0287,2.02909,1.00,1.00
2015.12.29 17:52:07.079,2.0287,2.02909,1.00,1.37
2015.12.29 17:52:07.231,2.02871,2.02913,2.25,1.37
2015.12.29 17:52:07.282,2.0288,2.02915,1.00,1.37
2015.12.29 17:52:07.383,2.0288,2.02915,1.00,1.00
2015.12.29 17:52:07.434,2.02883,2.02922,1.00,1.37
2015.12.29 17:52:07.485,2.02883,2.02922,1.00,1.00
2015.12.29 17:52:08.968,2.02886,2.02925,1.00,1.00
2015.12.29 17:52:24.295,2.0289,2.02925,1.00,1.00
2015.12.29 17:52:24.704,2.02891,2.02931,1.00,1.00
2015.12.29 17:52:26.109,2.02894,2.02935,1.00,1.00
2015.12.29 17:52:27.418,2.02894,2.02935,1.37,1.00
2015.12.29 17:52:31.097,2.02894,2.02935,1.12,1.00
2015.12.29 17:52:33.130,2.02894,2.02935,1.37,1.00
2015.12.29 17:52:37.449,2.02894,2.02935,1.37,1.00
2015.12.29 17:52:41.254,2.02894,2.02935,1.00,1.00
2015.12.29 17:52:43.587,2.02894,2.02935,1.12,1.37
2015.12.29 17:52:43.890,2.0288,2.0292,1.37,1.50
2015.12.29 17:52:44.193,2.02882,2.02918,1.00,1.00
2015.12.29 17:52:44.345,2.02885,2.02926,1.00,1.50
2015.12.29 17:52:44.547,2.02888,2.02925,1.00,1.00
2015.12.29 17:52:44.850,2.02886,2.02921,1.00,1.00
2015.12.29 17:52:44.901,2.02883,2.02921,1.00,1.00
2015.12.29 17:52:44.951,2.02883,2.02915,1.00,1.00
2015.12.29 17:52:45.002,2.02877,2.02915,1.00,1.00
2015.12.29 17:52:45.356,2.02882,2.02915,1.00,1.00
2015.12.29 17:52:45.406,2.02882,2.02921,1.50,1.00
2015.12.29 17:52:45.508,2.02884,2.02926,1.00,1.00
2015.12.29 17:52:45.558,2.02886,2.02926,1.37,1.00
2015.12.29 17:52:45.896,2.02902,2.02936,1.00,1.00
2015.12.29 17:52:45.947,2.02902,2.02944,1.00,1.00
2015.12.29 17:52:46.755,2.02906,2.02948,1.00,1.12
2015.12.29 17:52:47.179,2.02904,2.02945,1.00,1.00
2015.12.29 17:52:57.205,2.02907,2.02947,1.00,1.00
2015.12.29 17:52:57.508,2.02904,2.02944,1.00,1.37
2015.12.29 17:52:58.267,2.02901,2.02931,1.00,1.00
2015.12.29 17:52:58.318,2.02892,2.02931,1.00,1.00
2015.12.29 17:52:58.822,2.02891,2.02931,1.00,1.00
2015.12.29 17:53:01.800,2.02891,2.02933,1.00,2.25
2015.12.29 17:53:02.891,2.02891,2.02931,1.00,1.00
2015.12.29 17:53:05.391,2.02891,2.02933,1.00,1.50
2015.12.29 17:53:06.950,2.02892,2.02933,1.00,1.50
2015.12.29 17:53:07.001,2.02896,2.02933,1.00,1.00
2015.12.29 17:53:07.052,2.02896,2.02935,1.00,1.00
2015.12.29 17:53:07.582,2.02896,2.02936,1.00,1.00
2015.12.29 17:53:48.849,2.02896,2.02935,1.00,1.00
2015.12.29 17:53:50.052,2.02896,2.02936,1.00,1.50
2015.12.29 17:53:50.768,2.02896,2.02935,1.00,1.00
2015.12.29 17:53:57.177,2.02896,2.02936,1.00,1.50
2015.12.29 17:53:57.678,2.02896,2.02935,1.00,1.00
2015.12.29 17:53:58.263,2.02897,2.02935,1.00,1.00
2015.12.29 17:53:59.993,2.02897,2.02936,1.00,1.50
2015.12.29 17:54:00.584,2.02897,2.02935,1.00,1.00
2015.12.29 17:54:07.766,2.02897,2.02937,1.00,1.00
2015.12.29 17:54:08.276,2.02897,2.02936,1.00,1.00
2015.12.29 17:54:11.587,2.02897,2.02937,1.00,1.00
2015.12.29 17:54:13.294,2.02897,2.02938,1.00,1.12
2015.12.29 17:54:14.402,2.02896,2.02938,1.00,1.12
2015.12.29 17:54:15.304,2.02896,2.02937,1.00,1.00
2015.12.29 17:54:16.392,2.02896,2.02938,1.00,1.12
2015.12.29 17:54:16.958,2.02896,2.02937,1.00,1.00
2015.12.29 17:54:19.352,2.02892,2.02937,1.37,1.00
2015.12.29 17:54:19.403,2.02892,2.02938,1.00,1.12
2015.12.29 17:54:27.725,2.02892,2.0294,1.37,1.00
2015.12.29 17:54:28.141,2.02896,2.0294,1.00,1.00
2015.12.29 17:54:28.645,2.02896,2.02941,1.00,1.87
2015.12.29 17:54:35.198,2.02896,2.0294,1.00,1.12
2015.12.29 17:54:35.522,2.02896,2.02937,1.00,1.00
2015.12.29 17:54:43.440,2.02891,2.02937,1.37,1.00
2015.12.29 17:54:43.541,2.02891,2.02939,1.37,1.50
2015.12.29 17:54:44.186,2.02897,2.02939,1.00,1.50
2015.12.29 17:54:45.323,2.02897,2.02938,1.00,1.00
2015.12.29 17:54:46.016,2.02897,2.02939,1.00,1.00
2015.12.29 17:54:48.119,2.02897,2.02938,1.00,1.00
2015.12.29 17:54:49.026,2.02892,2.02938,1.37,1.00
2015.12.29 17:54:49.128,2.02892,2.02939,1.00,1.50
2015.12.29 17:54:51.227,2.02892,2.02939,1.37,1.00
2015.12.29 17:54:51.780,2.02892,2.02939,1.00,1.00
2015.12.29 17:54:52.345,2.02892,2.0294,1.00,2.25
2015.12.29 17:54:55.106,2.02891,2.0294,1.00,1.12
2015.12.29 17:54:55.207,2.02891,2.02937,1.00,1.00
2015.12.29 17:54:55.308,2.02889,2.02937,1.50,1.00
2015.12.29 17:54:56.875,2.02888,2.02937,2.25,1.00
2015.12.29 17:54:57.843,2.02889,2.02937,1.00,1.00
2015.12.29 17:54:58.247,2.0289,2.02939,1.00,1.00
2015.12.29 17:54:59.195,2.02892,2.02939,1.00,1.00
2015.12.29 17:54:59.699,2.02891,2.02939,1.00,1.00
2015.12.29 17:55:00.002,2.02893,2.02939,1.00,1.00
2015.12.29 17:55:02.866,2.02892,2.02939,1.12,1.50
2015.12.29 17:55:07.201,2.02893,2.02939,1.00,1.00
2015.12.29 17:55:07.705,2.02892,2.02939,1.50,1.00
2015.12.29 17:55:08.248,2.02892,2.0294,1.12,1.50
2015.12.29 17:55:08.562,2.02897,2.02941,1.00,1.00
2015.12.29 17:55:09.069,2.02896,2.02942,1.00,1.50
2015.12.29 17:55:10.174,2.02897,2.02942,1.00,1.50
2015.12.29 17:55:13.064,2.02895,2.02942,1.00,1.50
2015.12.29 17:55:13.710,2.02895,2.02943,1.00,1.00
2015.12.29 17:55:16.354,2.02897,2.02943,1.00,1.00
2015.12.29 17:55:20.215,2.02895,2.02942,1.00,1.00
2015.12.29 17:55:20.316,2.02901,2.02943,1.00,1.00
2015.12.29 17:55:27.376,2.02907,2.02943,1.00,1.00
2015.12.29 17:55:27.880,2.02902,2.02943,1.00,1.00
2015.12.29 17:55:28.032,2.02905,2.02944,1.00,1.00
2015.12.29 17:55:32.185,2.02907,2.02944,1.00,1.00
2015.12.29 17:55:32.746,2.02906,2.02944,1.00,1.00
2015.12.29 17:55:36.497,2.02905,2.02944,1.00,1.00
2015.12.29 17:55:36.827,2.02907,2.02944,1.00,1.00
2015.12.29 17:55:39.888,2.02906,2.02944,1.00,1.00
2015.12.29 17:55:40.040,2.02908,2.0295,1.00,1.00
2015.12.29 17:55:40.519,2.02912,2.0295,1.00,1.00
2015.12.29 17:55:41.195,2.02911,2.0295,1.00,1.50
2015.12.29 17:55:44.052,2.02908,2.0295,1.12,1.50
2015.12.29 17:55:44.254,2.02911,2.02949,1.00,1.00
2015.12.29 17:55:44.558,2.02911,2.02951,1.50,1.00
2015.12.29 17:55:45.128,2.02911,2.02948,1.00,1.00
2015.12.29 17:55:46.065,2.02907,2.02948,1.00,1.50
2015.12.29 17:55:50.231,2.02907,2.02948,1.00,1.87
2015.12.29 17:55:50.534,2.02905,2.0294,1.00,1.00
2015.12.29 17:55:50.838,2.02905,2.02937,1.00,1.00
2015.12.29 17:55:51.318,2.02903,2.02937,1.00,1.00
2015.12.29 17:55:51.484,2.02898,2.02939,1.00,1.00
2015.12.29 17:55:52.087,2.029,2.02939,1.00,1.00
2015.12.29 17:55:52.488,2.029,2.02942,1.00,1.50
2015.12.29 17:55:56.816,2.029,2.02942,1.00,1.37
2015.12.29 17:55:57.145,2.029,2.02936,1.00,1.00
2015.12.29 17:55:58.693,2.029,2.02942,1.00,1.00
2015.12.29 17:55:59.210,2.02901,2.02941,1.00,1.00
2015.12.29 17:55:59.730,2.02901,2.02941,1.00,1.87
2015.12.29 17:55:59.831,2.02901,2.02939,1.00,1.37
2015.12.29 17:55:59.882,2.02898,2.02938,1.00,1.12
2015.12.29 17:55:59.983,2.02898,2.02933,1.00,1.00
2015.12.29 17:56:00.140,2.02898,2.02936,1.00,1.00
2015.12.29 17:56:00.194,2.02892,2.02934,1.87,1.00
2015.12.29 17:56:00.498,2.02892,2.0293,1.50,1.00
2015.12.29 17:56:01.127,2.02898,2.0293,1.00,1.00
2015.12.29 17:56:01.320,2.02899,2.02934,1.00,1.00
2015.12.29 17:56:01.832,2.02898,2.02935,1.00,1.00
2015.12.29 17:56:08.020,2.029,2.0294,1.00,1.00
2015.12.29 17:56:08.524,2.029,2.02941,1.00,1.50
2015.12.29 17:56:15.841,2.029,2.02937,1.00,1.00
2015.12.29 17:56:16.151,2.029,2.02934,1.00,1.00
2015.12.29 17:56:16.504,2.02904,2.02934,1.75,1.00
2015.12.29 17:56:16.605,2.02905,2.02941,1.00,1.50
2015.12.29 17:56:16.656,2.02912,2.02938,1.00,1.00
2015.12.29 17:56:16.707,2.02912,2.02946,1.00,1.00
2015.12.29 17:56:20.155,2.02905,2.02946,1.75,1.00
2015.12.29 17:56:20.206,2.02905,2.02946,1.00,1.00
2015.12.29 17:56:20.256,2.02912,2.02946,1.00,1.00
2015.12.29 17:56:20.767,2.02912,2.02946,1.50,1.00
2015.12.29 17:56:22.570,2.02909,2.02946,1.00,1.00
2015.12.29 17:56:25.029,2.02908,2.02946,1.00,1.00
2015.12.29 17:56:28.362,2.02907,2.02946,1.00,1.00
2015.12.29 17:56:30.795,2.02906,2.02946,1.50,1.00
2015.12.29 17:56:32.663,2.02907,2.02946,1.00,1.00
2015.12.29 17:56:34.357,2.02906,2.02946,1.00,1.00
2015.12.29 17:56:38.839,2.02904,2.02946,1.00,1.00
2015.12.29 17:56:40.847,2.02904,2.02946,1.00,1.37
2015.12.29 17:56:41.358,2.02904,2.02943,1.00,1.00
2015.12.29 17:56:43.295,2.02904,2.02941,1.00,1.00
2015.12.29 17:56:50.586,2.02904,2.02945,1.00,1.00
2015.12.29 17:56:52.887,2.02904,2.02946,1.00,1.50
2015.12.29 17:56:55.842,2.02904,2.02943,1.00,1.00
2015.12.29 17:56:56.775,2.02904,2.02943,1.00,1.37
2015.12.29 17:56:57.078,2.02904,2.02939,1.00,1.00
2015.12.29 17:56:57.825,2.02904,2.02936,1.00,1.00
2015.12.29 17:56:57.875,2.02902,2.02936,1.00,1.00
2015.12.29 17:56:58.383,2.02902,2.02937,1.00,1.00
2015.12.29 17:56:58.485,2.02896,2.02936,1.00,1.00
2015.12.29 17:56:58.985,2.02896,2.02936,1.00,1.37
2015.12.29 17:56:59.535,2.02896,2.02928,1.00,1.00
2015.12.29 17:57:01.443,2.02896,2.02935,1.00,1.00
2015.12.29 17:57:02.075,2.02896,2.02936,1.00,1.00
2015.12.29 17:57:04.416,2.02896,2.02935,1.00,1.00
2015.12.29 17:57:04.775,2.02896,2.02934,1.00,1.50
2015.12.29 17:57:05.457,2.02896,2.02934,1.00,1.00
2015.12.29 17:57:12.412,2.02899,2.02934,1.00,1.00
2015.12.29 17:57:12.513,2.02899,2.02939,1.00,1.50
2015.12.29 17:57:12.785,2.02896,2.02937,1.00,1.00
2015.12.29 17:57:17.642,2.029,2.02937,1.00,1.00
2015.12.29 17:57:17.744,2.02902,2.02942,1.00,1.00
2015.12.29 17:57:20.467,2.02905,2.02945,1.00,1.00
2015.12.29 17:57:20.568,2.02907,2.02948,1.00,1.00
2015.12.29 17:57:20.720,2.02915,2.02957,1.00,1.00
2015.12.29 17:57:21.124,2.02915,2.02952,1.00,1.00
2015.12.29 17:57:21.277,2.02915,2.02956,1.00,1.00
2015.12.29 17:57:22.368,2.02915,2.02957,1.00,1.00
2015.12.29 17:57:22.721,2.02918,2.02957,1.00,1.00
2015.12.29 17:57:23.267,2.02919,2.02957,1.00,1.00
2015.12.29 17:57:28.235,2.02919,2.02957,1.75,1.00
2015.12.29 17:57:28.286,2.02924,2.02964,1.00,1.00
2015.12.29 17:57:32.797,2.0293,2.0297,1.00,1.50
2015.12.29 17:57:34.915,2.0293,2.02969,1.00,1.00
2015.12.29 17:57:38.833,2.0293,2.0297,1.00,1.00
2015.12.29 17:57:39.446,2.02933,2.02971,1.00,1.00
2015.12.29 17:57:39.749,2.02941,2.0298,1.12,1.00
2015.12.29 17:57:40.972,2.02937,2.02976,1.00,1.00
2015.12.29 17:57:44.694,2.02937,2.02973,1.00,1.00
2015.12.29 17:57:44.897,2.02937,2.02976,1.00,1.00
2015.12.29 17:57:46.693,2.02937,2.02974,1.00,1.00
2015.12.29 17:57:47.197,2.02937,2.02975,1.00,1.00
2015.12.29 17:57:47.712,2.02937,2.02976,1.00,1.00
2015.12.29 17:57:48.015,2.02937,2.02974,1.00,1.00
2015.12.29 17:57:48.317,2.02934,2.02974,1.00,1.50
2015.12.29 17:57:48.737,2.02934,2.0297,1.00,1.12
2015.12.29 17:57:48.939,2.02934,2.02974,1.00,1.87
2015.12.29 17:57:49.443,2.02934,2.02971,1.00,1.00
2015.12.29 17:57:49.645,2.02934,2.02967,1.00,1.00
2015.12.29 17:57:50.717,2.02928,2.02967,1.00,1.00
2015.12.29 17:57:51.277,2.02927,2.02966,1.00,1.00
2015.12.29 17:57:56.008,2.02929,2.02969,1.00,1.00
2015.12.29 17:57:56.539,2.02929,2.0297,1.00,2.25
2015.12.29 17:57:57.595,2.02931,2.0297,1.00,1.00
2015.12.29 17:57:57.798,2.02929,2.0297,1.00,1.00
2015.12.29 17:57:58.202,2.02929,2.02968,1.00,1.00
2015.12.29 17:57:58.698,2.02927,2.02967,1.50,1.00
2015.12.29 17:58:00.163,2.0293,2.02968,1.50,1.00
2015.12.29 17:58:00.315,2.02935,2.02974,1.00,1.00
2015.12.29 17:58:00.366,2.02937,2.02977,1.00,1.00
2015.12.29 17:58:00.417,2.0294,2.02977,1.00,1.00
2015.12.29 17:58:00.518,2.02947,2.02987,1.00,1.12
2015.12.29 17:58:00.957,2.02947,2.02989,1.00,1.50
2015.12.29 17:58:01.506,2.02947,2.02984,1.00,1.00
2015.12.29 17:58:01.810,2.02943,2.02984,1.00,1.50
2015.12.29 17:58:02.240,2.0294,2.02982,1.00,1.00
2015.12.29 17:58:04.574,2.0294,2.02979,1.00,1.00
2015.12.29 17:58:05.164,2.02943,2.02979,1.00,1.00
2015.12.29 17:58:05.265,2.02944,2.02983,1.00,1.12
2015.12.29 17:58:05.618,2.02946,2.02986,1.00,1.00
2015.12.29 17:58:05.669,2.02946,2.02986,1.37,1.00
2015.12.29 17:58:05.770,2.02949,2.02988,1.12,1.00
2015.12.29 17:58:06.285,2.02949,2.02989,1.12,1.50
2015.12.29 17:58:07.872,2.0295,2.02989,1.00,1.50
2015.12.29 17:58:08.377,2.02949,2.02989,1.87,1.50
2015.12.29 17:58:10.251,2.02949,2.02988,1.87,1.00
2015.12.29 17:58:11.148,2.02949,2.02989,1.87,2.25
2015.12.29 17:58:11.250,2.02954,2.02989,1.00,1.50
2015.12.29 17:58:12.569,2.02954,2.02993,1.00,1.00
2015.12.29 17:58:15.547,2.0296,2.02999,1.00,1.00
2015.12.29 17:58:15.857,2.02962,2.02999,1.00,1.00
2015.12.29 17:58:16.378,2.02964,2.02999,1.00,1.00
2015.12.29 17:58:16.555,2.02969,2.03009,1.00,1.00
2015.12.29 17:58:20.108,2.02969,2.03009,1.00,1.37
2015.12.29 17:58:20.210,2.02969,2.03006,1.00,1.00
2015.12.29 17:58:20.311,2.02969,2.03009,1.00,1.00
2015.12.29 17:58:20.514,2.02974,2.03009,1.00,1.00
2015.12.29 17:58:20.564,2.02977,2.03017,1.00,1.37
2015.12.29 17:58:20.615,2.02979,2.03018,1.00,1.00
2015.12.29 17:58:20.666,2.02977,2.03016,1.50,1.00
2015.12.29 17:58:20.919,2.02968,2.03009,1.00,1.00
2015.12.29 17:58:23.109,2.02972,2.03012,1.00,1.00
2015.12.29 17:58:24.848,2.02972,2.03012,1.37,1.00
2015.12.29 17:58:24.899,2.02977,2.03018,1.00,1.00
2015.12.29 17:58:25.403,2.02976,2.03016,1.50,1.00
2015.12.29 17:58:26.650,2.02978,2.03019,1.00,1.00
2015.12.29 17:58:31.018,2.02976,2.03016,1.00,1.00
2015.12.29 17:58:35.279,2.0298,2.03016,1.00,1.00
2015.12.29 17:58:35.581,2.02984,2.03016,1.00,1.00
2015.12.29 17:58:35.884,2.0299,2.03024,1.00,1.00
2015.12.29 17:58:37.611,2.0299,2.03028,1.00,1.00
2015.12.29 17:58:38.689,2.0299,2.03031,1.00,1.50
2015.12.29 17:58:39.850,2.02988,2.03029,1.00,1.00
2015.12.29 17:58:40.183,2.02993,2.03029,1.00,1.00
2015.12.29 17:58:40.335,2.02988,2.03029,1.00,1.50
2015.12.29 17:58:40.839,2.02987,2.03021,1.00,1.00
2015.12.29 17:58:40.940,2.02983,2.03021,1.00,1.00
2015.12.29 17:58:41.183,2.02979,2.03018,1.00,1.00
2015.12.29 17:58:47.049,2.02981,2.0302,1.00,1.00
2015.12.29 17:58:48.840,2.02981,2.03018,1.00,1.00
2015.12.29 17:58:49.258,2.02981,2.0302,1.00,1.00
2015.12.29 17:58:50.065,2.02978,2.03019,1.00,1.00
2015.12.29 17:58:53.598,2.02978,2.03017,1.00,1.00
2015.12.29 17:58:53.902,2.02967,2.03006,1.00,1.00
2015.12.29 17:58:54.228,2.02967,2.03003,1.00,1.00
2015.12.29 17:58:54.531,2.02963,2.03001,1.00,1.00
2015.12.29 17:58:54.734,2.02959,2.03,1.00,1.00
2015.12.29 17:58:55.098,2.02956,2.02998,1.00,1.50
2015.12.29 17:58:55.200,2.0296,2.02999,1.50,1.00
2015.12.29 17:58:55.402,2.02968,2.03009,1.00,2.25
2015.12.29 17:58:56.402,2.02968,2.03006,1.00,1.00
2015.12.29 17:58:56.604,2.02968,2.03008,1.00,1.00
2015.12.29 17:58:59.002,2.02968,2.03009,1.00,1.00
2015.12.29 17:59:00.172,2.02968,2.03008,1.00,1.00
2015.12.29 17:59:01.491,2.02968,2.03009,1.00,1.50
2015.12.29 17:59:05.181,2.0297,2.03012,1.00,1.00
2015.12.29 17:59:14.125,2.02967,2.03009,1.87,1.00
2015.12.29 17:59:14.456,2.02967,2.03009,1.87,1.00
2015.12.29 17:59:15.019,2.02967,2.03009,1.87,1.00
2015.12.29 17:59:15.323,2.02977,2.03019,1.12,1.00
2015.12.29 17:59:15.373,2.0298,2.03021,1.00,1.00
2015.12.29 17:59:15.773,2.02982,2.03021,1.00,1.00
2015.12.29 17:59:16.284,2.02983,2.03022,1.00,1.00
2015.12.29 17:59:16.587,2.02982,2.0302,1.00,1.00
2015.12.29 17:59:18.671,2.0298,2.0302,1.00,1.00
2015.12.29 17:59:19.094,2.02978,2.03017,1.37,1.00
2015.12.29 17:59:19.145,2.02978,2.03017,1.00,1.00
2015.12.29 17:59:20.235,2.02973,2.03014,1.37,1.00
2015.12.29 17:59:20.945,2.02974,2.03014,1.00,1.00
2015.12.29 17:59:21.307,2.02979,2.03014,1.00,1.00
2015.12.29 17:59:21.358,2.02981,2.0302,1.00,1.00
2015.12.29 17:59:21.459,2.02982,2.03024,1.00,1.00
2015.12.29 17:59:22.468,2.0298,2.03021,1.00,1.00
2015.12.29 17:59:25.198,2.02983,2.03024,1.00,1.00
2015.12.29 17:59:25.299,2.02985,2.03027,1.00,1.00
2015.12.29 17:59:27.471,2.02984,2.03023,1.00,1.00
2015.12.29 17:59:27.774,2.02984,2.0302,1.00,1.00
2015.12.29 17:59:28.178,2.02978,2.0302,1.00,1.50
2015.12.29 17:59:30.244,2.02983,2.0302,1.00,1.50
2015.12.29 17:59:30.346,2.02987,2.03026,1.00,1.00
2015.12.29 17:59:30.750,2.02987,2.03023,1.00,1.00
2015.12.29 17:59:31.541,2.02978,2.03018,1.00,1.00
2015.12.29 17:59:35.164,2.02979,2.03018,1.00,1.00
2015.12.29 17:59:35.214,2.02985,2.0302,1.00,1.00
2015.12.29 17:59:35.366,2.02985,2.03026,1.00,1.00
2015.12.29 17:59:39.876,2.02988,2.03029,1.00,1.00
2015.12.29 17:59:40.443,2.02987,2.03024,1.00,1.00
2015.12.29 17:59:40.494,2.02985,2.03024,1.00,1.50
2015.12.29 17:59:44.377,2.02989,2.03029,1.00,1.00
2015.12.29 17:59:44.428,2.02992,2.03032,1.00,1.50
2015.12.29 17:59:44.479,2.02992,2.03033,1.00,1.00
2015.12.29 17:59:50.104,2.02994,2.03036,1.00,1.00
2015.12.29 17:59:50.908,2.02991,2.03033,1.00,1.00
2015.12.29 17:59:56.429,2.02995,2.03035,1.00,1.00
