2015.06.08 19:00:00.417,1.99219,1.99245,1.00,1.00
2015.06.08 19:00:06.146,1.99224,1.99245,1.00,1.00
2015.06.08 19:00:06.696,1.99225,1.99245,1.00,1.00
2015.06.08 19:00:10.058,1.99228,1.99245,1.00,1.00
2015.06.08 19:00:10.140,1.99228,1.99249,1.00,1.00
2015.06.08 19:00:10.191,1.9923,1.99252,1.00,1.00
2015.06.08 19:00:10.709,1.99232,1.99252,1.00,1.00
2015.06.08 19:00:10.760,1.99237,1.99263,1.00,1.00
2015.06.08 19:00:13.578,1.99235,1.99259,1.00,1.00
2015.06.08 19:00:13.881,1.99229,1.99249,1.00,1.00
2015.06.08 19:00:13.932,1.99229,1.99251,1.50,1.00
2015.06.08 19:00:14.033,1.99227,1.99251,1.00,1.00
2015.06.08 19:00:18.185,1.99229,1.99251,1.00,1.00
2015.06.08 19:00:18.387,1.99229,1.99255,2.25,1.00
2015.06.08 19:00:18.438,1.99238,1.99255,1.00,1.00
2015.06.08 19:00:18.658,1.99238,1.99257,1.00,1.00
2015.06.08 19:00:20.740,1.99238,1.9926,1.00,1.00
2015.06.08 19:00:24.119,1.99239,1.9926,1.00,1.00
2015.06.08 19:00:24.271,1.99244,1.9926,1.00,1.00
2015.06.08 19:00:24.575,1.99251,1.99272,1.00,1.00
2015.06.08 19:00:24.676,1.99257,1.99272,1.00,1.00
2015.06.08 19:00:24.727,1.99257,1.99274,1.00,1.00
2015.06.08 19:00:25.563,1.99257,1.9928,1.00,1.00
2015.06.08 19:00:25.664,1.99257,1.99283,1.50,1.00
2015.06.08 19:00:26.959,1.99257,1.99281,1.00,1.00
2015.06.08 19:00:42.685,1.99257,1.99283,1.00,2.25
2015.06.08 19:00:43.292,1.99257,1.99277,1.00,1.00
2015.06.08 19:00:46.555,1.99255,1.99277,1.00,1.00
2015.06.08 19:00:49.913,1.99255,1.99279,1.00,1.00
2015.06.08 19:01:01.736,1.99257,1.99281,1.00,1.00
2015.06.08 19:01:05.455,1.99257,1.99281,1.34,1.00
2015.06.08 19:01:05.507,1.99264,1.9929,1.00,1.00
2015.06.08 19:01:05.558,1.99276,1.99294,1.00,1.00
2015.06.08 19:01:05.609,1.99275,1.99297,1.00,1.50
2015.06.08 19:01:05.660,1.99275,1.99303,1.00,1.00
2015.06.08 19:01:05.711,1.99277,1.99303,1.00,1.00
2015.06.08 19:01:05.762,1.99277,1.99311,1.00,1.50
2015.06.08 19:01:06.030,1.99288,1.99311,1.00,1.50
2015.06.08 19:01:07.081,1.99288,1.99312,1.00,1.00
2015.06.08 19:01:58.453,1.99288,1.99311,1.00,1.00
2015.06.08 19:01:58.858,1.99282,1.99301,1.00,1.00
2015.06.08 19:01:59.923,1.99279,1.99301,1.00,1.00
2015.06.08 19:02:02.032,1.99279,1.99295,1.00,1.00
2015.06.08 19:02:02.574,1.99278,1.99295,1.00,1.00
2015.06.08 19:02:02.834,1.99278,1.99302,1.00,1.00
2015.06.08 19:02:03.138,1.99285,1.99302,1.00,1.00
2015.06.08 19:02:03.239,1.9928,1.99304,1.00,1.00
2015.06.08 19:02:27.199,1.99283,1.99307,1.00,1.00
2015.06.08 19:02:40.502,1.99289,1.99307,1.00,1.00
2015.06.08 19:02:41.013,1.99289,1.99306,1.00,1.00
2015.06.08 19:02:48.027,1.99289,1.99308,1.00,1.00
2015.06.08 19:03:01.477,1.99292,1.99308,1.00,1.00
2015.06.08 19:03:02.002,1.99293,1.99308,1.00,1.00
2015.06.08 19:03:02.053,1.99286,1.99308,1.50,1.00
2015.06.08 19:03:03.378,1.99286,1.99306,1.00,1.00
2015.06.08 19:03:03.529,1.99282,1.99306,1.00,1.00
2015.06.08 19:03:03.748,1.99277,1.99301,1.50,1.00
2015.06.08 19:03:04.051,1.99273,1.99294,1.00,1.00
2015.06.08 19:03:05.659,1.99273,1.99297,1.50,1.00
2015.06.08 19:03:07.425,1.99275,1.99297,1.00,1.00
2015.06.08 19:03:07.476,1.99278,1.99301,1.00,1.00
2015.06.08 19:03:18.752,1.99275,1.99301,1.50,1.00
2015.06.08 19:03:18.803,1.99282,1.99306,1.00,1.00
2015.06.08 19:03:45.588,1.99282,1.99301,1.00,1.00
2015.06.08 19:03:45.742,1.99275,1.99297,1.00,1.37
2015.06.08 19:03:45.793,1.99269,1.99293,1.00,1.00
2015.06.08 19:03:56.537,1.99272,1.99296,1.00,1.00
2015.06.08 19:03:56.841,1.99272,1.99291,1.00,1.00
2015.06.08 19:04:00.065,1.99269,1.99291,1.00,1.00
2015.06.08 19:04:01.169,1.99269,1.99286,1.00,1.00
2015.06.08 19:04:01.271,1.99265,1.99286,1.00,1.00
2015.06.08 19:04:02.660,1.99261,1.99277,1.00,1.00
2015.06.08 19:04:02.761,1.99259,1.99277,1.00,1.00
2015.06.08 19:04:03.266,1.99259,1.99283,1.00,1.00
2015.06.08 19:04:04.953,1.99259,1.9928,1.00,1.00
2015.06.08 19:04:07.570,1.99259,1.99283,1.00,1.00
2015.06.08 19:04:11.604,1.99263,1.99283,1.00,1.00
2015.06.08 19:04:11.835,1.99268,1.99291,1.00,1.00
2015.06.08 19:04:11.937,1.9927,1.99296,1.00,1.00
2015.06.08 19:04:13.653,1.99272,1.99298,1.00,1.00
2015.06.08 19:04:14.701,1.99272,1.99291,1.00,1.50
2015.06.08 19:04:14.752,1.99269,1.99291,1.00,1.50
2015.06.08 19:04:14.853,1.99267,1.99291,1.00,2.25
2015.06.08 19:04:15.005,1.99267,1.99286,1.00,1.50
2015.06.08 19:04:18.286,1.99263,1.99286,1.00,1.50
2015.06.08 19:04:18.589,1.99262,1.99278,1.00,1.00
2015.06.08 19:04:18.878,1.99262,1.9928,1.00,1.00
2015.06.08 19:04:18.979,1.99262,1.99285,1.00,2.25
2015.06.08 19:04:28.398,1.99262,1.99277,1.00,1.00
2015.06.08 19:04:28.449,1.99257,1.99277,1.00,1.00
2015.06.08 19:04:29.713,1.99255,1.99271,1.00,1.00
2015.06.08 19:04:29.814,1.99247,1.99264,1.00,1.00
2015.06.08 19:04:30.168,1.99247,1.99268,1.00,1.00
2015.06.08 19:04:30.219,1.99247,1.9927,1.00,1.50
2015.06.08 19:04:32.133,1.99246,1.9927,1.00,1.00
2015.06.08 19:04:51.757,1.99246,1.99263,1.00,1.00
2015.06.08 19:04:52.011,1.99236,1.99255,1.00,1.50
2015.06.08 19:04:52.062,1.99232,1.99255,1.00,1.50
2015.06.08 19:04:52.163,1.99232,1.99247,1.00,1.00
2015.06.08 19:04:52.214,1.99223,1.99247,1.00,1.50
2015.06.08 19:04:52.265,1.99223,1.99242,1.00,1.00
2015.06.08 19:04:52.417,1.99219,1.99241,1.00,1.00
2015.06.08 19:04:52.570,1.99219,1.99235,1.00,1.00
2015.06.08 19:04:52.822,1.99195,1.99229,1.50,1.00
2015.06.08 19:04:52.873,1.99197,1.99229,1.00,1.00
2015.06.08 19:04:53.003,1.99199,1.99234,1.00,1.00
2015.06.08 19:04:53.256,1.99206,1.99232,1.00,1.00
2015.06.08 19:05:00.468,1.99206,1.99226,1.00,1.00
2015.06.08 19:05:00.810,1.992,1.99216,1.00,1.00
2015.06.08 19:05:00.962,1.99197,1.99216,1.00,1.00
2015.06.08 19:05:02.870,1.99201,1.99221,1.50,1.00
2015.06.08 19:05:02.921,1.99201,1.99223,2.25,1.00
2015.06.08 19:05:02.972,1.99202,1.99225,1.00,1.00
2015.06.08 19:05:03.175,1.99206,1.99225,1.00,1.00
2015.06.08 19:05:03.723,1.99207,1.99225,1.00,1.00
2015.06.08 19:05:04.922,1.99207,1.99228,1.00,1.00
2015.06.08 19:05:05.405,1.99214,1.99228,1.00,1.00
2015.06.08 19:05:05.715,1.99215,1.99231,1.00,1.00
2015.06.08 19:05:05.867,1.9921,1.99231,1.00,1.00
2015.06.08 19:05:08.206,1.99215,1.99236,1.00,1.00
2015.06.08 19:05:08.531,1.99234,1.99248,1.00,1.00
2015.06.08 19:05:08.582,1.99234,1.99253,1.00,1.00
2015.06.08 19:05:08.684,1.99229,1.99253,1.34,1.00
2015.06.08 19:05:09.208,1.99229,1.99253,1.00,1.00
2015.06.08 19:05:11.316,1.99229,1.99247,1.00,1.00
2015.06.08 19:05:11.518,1.99222,1.99242,1.00,1.50
2015.06.08 19:05:17.341,1.99222,1.99235,1.00,1.00
2015.06.08 19:05:17.941,1.99222,1.99234,1.00,1.00
2015.06.08 19:05:19.096,1.99219,1.99234,1.00,1.00
2015.06.08 19:05:19.646,1.99216,1.99234,1.00,1.00
2015.06.08 19:05:21.302,1.99214,1.99234,1.00,1.00
2015.06.08 19:05:26.125,1.99214,1.99238,1.00,1.00
2015.06.08 19:05:30.706,1.99214,1.99236,1.00,1.00
2015.06.08 19:05:43.242,1.99214,1.99238,1.00,1.00
2015.06.08 19:05:50.462,1.99218,1.99238,1.00,1.00
2015.06.08 19:05:50.564,1.99219,1.99242,1.00,1.00
2015.06.08 19:05:50.665,1.99216,1.99242,1.00,1.00
2015.06.08 19:05:51.574,1.99216,1.9924,1.00,1.00
2015.06.08 19:05:52.092,1.99216,1.99239,1.00,1.00
2015.06.08 19:05:57.262,1.99216,1.99234,1.00,1.00
2015.06.08 19:05:57.467,1.99211,1.9923,1.00,1.00
2015.06.08 19:05:57.519,1.99208,1.9923,1.00,1.00
2015.06.08 19:06:00.953,1.99208,1.99232,1.00,1.00
2015.06.08 19:06:01.951,1.99214,1.99238,1.00,1.00
2015.06.08 19:06:02.002,1.99214,1.9924,1.00,1.00
2015.06.08 19:06:02.458,1.99218,1.99242,1.00,1.00
2015.06.08 19:06:03.524,1.99218,1.99236,1.00,1.00
2015.06.08 19:06:04.028,1.99218,1.99235,1.00,1.00
2015.06.08 19:06:05.297,1.99212,1.99235,1.00,1.00
2015.06.08 19:06:05.488,1.99212,1.9923,1.00,1.00
2015.06.08 19:06:05.539,1.9921,1.9923,1.00,1.00
2015.06.08 19:06:06.045,1.9921,1.99229,1.00,1.00
2015.06.08 19:06:06.197,1.99207,1.99229,1.00,1.00
2015.06.08 19:06:07.176,1.99207,1.99227,1.00,1.00
2015.06.08 19:06:13.366,1.99205,1.99227,1.00,1.00
2015.06.08 19:06:13.418,1.99205,1.99221,1.00,1.00
2015.06.08 19:06:13.556,1.99205,1.99225,1.00,1.50
2015.06.08 19:06:13.659,1.99205,1.99222,1.00,1.00
2015.06.08 19:06:14.663,1.99205,1.99225,1.00,1.00
2015.06.08 19:06:22.729,1.99205,1.9922,1.00,1.00
2015.06.08 19:06:22.780,1.99201,1.9922,1.00,1.00
2015.06.08 19:06:22.831,1.99198,1.9922,1.00,1.00
2015.06.08 19:06:22.932,1.99198,1.99216,1.00,1.50
2015.06.08 19:06:23.056,1.99198,1.99221,1.00,2.25
2015.06.08 19:06:23.579,1.99198,1.99222,1.00,1.00
2015.06.08 19:06:24.429,1.99198,1.99219,1.00,1.00
2015.06.08 19:06:24.732,1.99194,1.99211,1.00,1.00
2015.06.08 19:06:25.035,1.99194,1.99206,1.00,1.00
2015.06.08 19:06:25.187,1.9919,1.99206,1.00,1.00
2015.06.08 19:06:26.043,1.9919,1.99208,1.00,1.00
2015.06.08 19:06:26.157,1.9919,1.99212,1.00,1.00
2015.06.08 19:06:26.561,1.99189,1.99204,1.00,1.00
2015.06.08 19:06:26.612,1.99185,1.99204,1.00,1.00
2015.06.08 19:06:27.559,1.9918,1.99204,1.00,1.00
2015.06.08 19:06:28.887,1.9918,1.99198,1.00,1.00
2015.06.08 19:06:29.280,1.99175,1.99198,1.00,1.00
2015.06.08 19:06:29.382,1.99175,1.99193,1.00,1.00
2015.06.08 19:06:29.890,1.99174,1.99193,1.00,1.50
2015.06.08 19:06:37.206,1.99171,1.99193,1.00,1.50
2015.06.08 19:06:37.408,1.99171,1.9919,1.00,1.00
2015.06.08 19:06:37.712,1.99168,1.99184,1.00,1.00
2015.06.08 19:06:39.291,1.99168,1.99181,1.00,1.00
2015.06.08 19:06:39.343,1.99164,1.99181,1.00,1.00
2015.06.08 19:06:39.394,1.99159,1.99165,1.00,1.00
2015.06.08 19:06:39.496,1.99139,1.99149,1.50,1.00
2015.06.08 19:06:39.547,1.99138,1.99149,1.00,1.00
2015.06.08 19:06:39.621,1.99124,1.99149,1.00,1.00
2015.06.08 19:06:39.673,1.99105,1.99142,1.50,1.50
2015.06.08 19:06:39.825,1.99105,1.9914,1.50,1.00
2015.06.08 19:06:40.372,1.99105,1.99138,1.50,1.00
2015.06.08 19:06:40.675,1.99105,1.99134,1.50,1.00
2015.06.08 19:06:40.969,1.99079,1.99117,1.50,1.50
2015.06.08 19:06:41.171,1.99079,1.99115,1.50,1.00
2015.06.08 19:06:41.373,1.99079,1.99117,1.50,2.25
2015.06.08 19:06:41.826,1.9909,1.99117,1.00,1.00
2015.06.08 19:06:41.877,1.9909,1.99123,1.09,1.00
2015.06.08 19:06:41.928,1.99098,1.99126,1.00,1.50
2015.06.08 19:06:42.029,1.99098,1.99128,1.00,1.50
2015.06.08 19:06:42.080,1.991,1.99128,1.84,1.00
2015.06.08 19:06:43.453,1.99105,1.99137,1.00,1.50
2015.06.08 19:06:43.756,1.99105,1.99139,1.00,1.00
2015.06.08 19:06:43.923,1.99104,1.99134,1.00,1.00
2015.06.08 19:06:43.974,1.99099,1.99134,1.00,1.00
2015.06.08 19:06:44.227,1.99092,1.99133,1.00,1.00
2015.06.08 19:06:44.329,1.99089,1.99128,1.50,1.00
2015.06.08 19:06:44.632,1.99086,1.99126,1.00,1.00
2015.06.08 19:06:44.683,1.99094,1.99133,1.00,1.00
2015.06.08 19:06:44.784,1.99098,1.9914,1.00,1.00
2015.06.08 19:06:44.835,1.99098,1.9914,1.34,1.00
2015.06.08 19:06:45.364,1.99105,1.99139,2.59,1.00
2015.06.08 19:06:46.148,1.99107,1.99138,1.34,1.00
2015.06.08 19:06:47.999,1.99101,1.99138,1.00,1.00
2015.06.08 19:06:48.050,1.99099,1.99138,1.00,1.00
2015.06.08 19:06:48.102,1.99094,1.99135,1.00,1.00
2015.06.08 19:06:48.203,1.99096,1.99131,1.00,1.00
2015.06.08 19:06:48.525,1.99095,1.99125,1.00,1.00
2015.06.08 19:06:48.576,1.9909,1.99125,1.00,1.00
2015.06.08 19:06:49.409,1.9909,1.99126,1.00,1.50
2015.06.08 19:06:55.828,1.99105,1.99127,1.00,1.00
2015.06.08 19:06:55.879,1.99105,1.99131,1.00,1.00
2015.06.08 19:06:55.930,1.99105,1.99137,1.00,1.67
2015.06.08 19:06:56.031,1.99105,1.99139,1.00,1.00
2015.06.08 19:06:56.194,1.99105,1.99137,1.00,1.00
2015.06.08 19:06:56.295,1.99093,1.99128,1.00,1.50
2015.06.08 19:06:56.346,1.99091,1.99126,1.00,1.00
2015.06.08 19:06:56.599,1.99073,1.99109,1.00,1.00
2015.06.08 19:06:56.701,1.99071,1.99109,1.00,1.00
2015.06.08 19:06:57.328,1.9907,1.9909,1.00,1.00
2015.06.08 19:06:57.430,1.99066,1.99092,1.00,1.00
2015.06.08 19:06:57.531,1.99058,1.9909,1.00,1.00
2015.06.08 19:06:57.682,1.99064,1.9909,1.34,1.00
2015.06.08 19:06:57.784,1.99065,1.99095,1.09,1.00
2015.06.08 19:06:58.266,1.99069,1.99096,1.00,1.00
2015.06.08 19:06:58.317,1.99069,1.99104,1.00,1.50
2015.06.08 19:06:58.471,1.99069,1.99098,1.00,1.00
2015.06.08 19:06:58.982,1.99069,1.99099,1.00,1.00
2015.06.08 19:06:59.745,1.99069,1.99098,1.00,1.00
2015.06.08 19:06:59.998,1.99061,1.99095,1.00,1.00
2015.06.08 19:07:00.049,1.99059,1.99088,1.00,1.50
2015.06.08 19:07:00.099,1.99054,1.99088,1.00,1.50
2015.06.08 19:07:00.604,1.99053,1.99088,1.00,1.50
2015.06.08 19:07:00.681,1.99051,1.99083,1.50,1.00
2015.06.08 19:07:00.733,1.99051,1.99085,1.00,1.00
2015.06.08 19:07:00.784,1.9905,1.9909,1.00,1.00
2015.06.08 19:07:00.835,1.99048,1.9909,1.50,1.00
2015.06.08 19:07:00.886,1.99051,1.9909,1.34,1.00
2015.06.08 19:07:01.090,1.99051,1.99089,1.00,1.00
2015.06.08 19:07:01.342,1.99051,1.99095,1.00,1.00
2015.06.08 19:07:01.849,1.9905,1.99095,1.00,1.00
2015.06.08 19:07:03.511,1.99051,1.99095,1.00,1.00
2015.06.08 19:07:03.861,1.99055,1.99095,1.34,1.00
2015.06.08 19:07:04.164,1.9907,1.99103,1.50,1.00
2015.06.08 19:07:04.669,1.9907,1.99104,1.50,1.00
2015.06.08 19:07:05.209,1.9907,1.99106,1.50,1.00
2015.06.08 19:07:05.870,1.99076,1.99106,1.00,1.00
2015.06.08 19:07:06.122,1.99076,1.99108,1.00,1.00
2015.06.08 19:07:06.631,1.99076,1.99109,1.00,1.00
2015.06.08 19:07:07.135,1.99076,1.99108,1.00,1.00
2015.06.08 19:07:07.640,1.99076,1.99109,1.00,1.00
2015.06.08 19:07:08.378,1.99076,1.99111,1.00,1.00
2015.06.08 19:07:09.704,1.99076,1.99104,1.00,1.00
2015.06.08 19:07:09.906,1.99047,1.99076,1.00,1.00
2015.06.08 19:07:09.957,1.99041,1.99066,1.00,1.00
2015.06.08 19:07:10.008,1.99029,1.99066,1.00,1.00
2015.06.08 19:07:10.109,1.99029,1.99064,1.00,1.00
2015.06.08 19:07:10.412,1.99021,1.99058,1.00,1.00
2015.06.08 19:07:10.556,1.9903,1.99059,1.00,1.00
2015.06.08 19:07:10.657,1.9903,1.99061,1.00,1.00
2015.06.08 19:07:10.759,1.9903,1.99064,1.00,1.00
2015.06.08 19:07:10.961,1.99042,1.99065,1.00,1.00
2015.06.08 19:07:11.063,1.99042,1.99068,1.00,1.00
2015.06.08 19:07:11.166,1.99035,1.99058,1.00,1.00
2015.06.08 19:07:11.268,1.99029,1.99059,1.50,1.00
2015.06.08 19:07:11.527,1.99035,1.99066,1.00,1.00
2015.06.08 19:07:11.578,1.99035,1.99068,1.50,1.00
2015.06.08 19:07:11.628,1.99041,1.99071,1.00,1.00
2015.06.08 19:07:11.830,1.99054,1.99088,1.00,1.00
2015.06.08 19:07:12.083,1.99054,1.99078,1.00,1.00
2015.06.08 19:07:12.184,1.99054,1.99088,1.00,1.00
2015.06.08 19:07:12.336,1.99054,1.9908,1.00,1.00
2015.06.08 19:07:12.386,1.99043,1.99078,1.50,1.00
2015.06.08 19:07:12.437,1.99056,1.99078,1.00,1.00
2015.06.08 19:07:12.589,1.99056,1.99089,1.50,1.50
2015.06.08 19:07:13.137,1.99056,1.99092,1.50,1.00
2015.06.08 19:07:13.645,1.99056,1.99093,1.50,2.25
2015.06.08 19:07:14.154,1.99056,1.99088,1.00,1.00
2015.06.08 19:07:14.204,1.99053,1.99087,1.00,1.00
2015.06.08 19:07:14.457,1.99042,1.99079,1.00,1.00
2015.06.08 19:07:14.559,1.99038,1.99073,1.00,1.00
2015.06.08 19:07:14.862,1.99043,1.99078,1.00,1.00
2015.06.08 19:07:15.064,1.99037,1.99074,1.50,1.00
2015.06.08 19:07:15.220,1.99043,1.99078,1.00,1.00
2015.06.08 19:07:15.372,1.99032,1.99068,1.00,1.00
2015.06.08 19:07:15.574,1.99038,1.99072,1.00,1.00
2015.06.08 19:07:15.879,1.99042,1.99077,1.50,1.00
2015.06.08 19:07:16.234,1.99042,1.99079,1.50,2.25
2015.06.08 19:07:16.317,1.99057,1.99079,1.00,1.00
2015.06.08 19:07:16.470,1.99063,1.99092,1.00,1.00
2015.06.08 19:07:16.774,1.99052,1.99088,1.00,1.50
2015.06.08 19:07:16.875,1.99045,1.9908,1.00,1.00
2015.06.08 19:07:16.976,1.99043,1.9908,1.00,1.00
2015.06.08 19:07:17.178,1.99048,1.99086,1.50,2.25
2015.06.08 19:07:17.462,1.99055,1.99086,1.00,1.00
2015.06.08 19:07:17.563,1.99057,1.99091,1.00,1.00
2015.06.08 19:07:17.766,1.99064,1.99097,1.50,1.00
2015.06.08 19:07:18.020,1.99064,1.99099,1.50,1.00
2015.06.08 19:07:18.070,1.99069,1.99099,1.00,1.00
2015.06.08 19:07:18.171,1.99064,1.99099,1.00,1.00
2015.06.08 19:07:18.323,1.99064,1.99101,1.00,1.00
2015.06.08 19:07:19.321,1.99064,1.99097,1.50,1.00
2015.06.08 19:07:19.575,1.99052,1.99088,1.00,1.50
2015.06.08 19:07:19.731,1.99056,1.99088,1.00,1.50
2015.06.08 19:07:19.832,1.99061,1.99099,1.50,2.25
2015.06.08 19:07:19.984,1.99058,1.99091,1.00,1.00
2015.06.08 19:07:20.035,1.99056,1.99091,1.00,1.00
2015.06.08 19:07:20.086,1.9906,1.99095,1.00,1.00
2015.06.08 19:07:21.987,1.99065,1.99099,1.00,1.00
2015.06.08 19:07:22.538,1.99065,1.991,1.00,1.00
2015.06.08 19:07:22.841,1.9906,1.99095,1.00,1.00
2015.06.08 19:07:28.012,1.99064,1.99101,1.00,1.00
2015.06.08 19:07:30.839,1.99064,1.99081,1.00,1.00
2015.06.08 19:07:31.041,1.99023,1.99043,1.00,1.00
2015.06.08 19:07:31.142,1.99021,1.99056,1.00,1.00
2015.06.08 19:07:31.567,1.99026,1.99061,1.00,1.00
2015.06.08 19:07:31.870,1.99043,1.99079,1.50,1.50
2015.06.08 19:07:32.072,1.99043,1.99081,1.50,1.50
2015.06.08 19:07:32.223,1.99048,1.99085,1.50,1.00
2015.06.08 19:07:32.679,1.99055,1.99086,1.00,1.50
2015.06.08 19:07:32.881,1.99069,1.99105,1.50,1.00
2015.06.08 19:07:33.134,1.99074,1.99107,1.00,1.00
2015.06.08 19:07:33.387,1.99074,1.99109,1.00,1.00
2015.06.08 19:07:33.895,1.99074,1.99108,1.00,1.00
2015.06.08 19:07:34.034,1.99074,1.99106,1.00,1.00
2015.06.08 19:07:34.450,1.99082,1.99106,1.00,1.00
2015.06.08 19:07:34.501,1.99082,1.99118,1.00,1.50
2015.06.08 19:07:34.653,1.99091,1.99128,1.00,1.00
2015.06.08 19:07:34.704,1.99091,1.99123,1.00,1.00
2015.06.08 19:07:34.805,1.99091,1.99128,1.00,1.00
2015.06.08 19:07:34.957,1.99095,1.99128,1.00,1.00
2015.06.08 19:07:35.058,1.99105,1.99143,1.50,1.50
2015.06.08 19:07:35.260,1.99107,1.99143,1.00,1.50
2015.06.08 19:07:35.468,1.99106,1.99163,1.00,1.00
2015.06.08 19:07:35.519,1.9911,1.99163,1.00,1.00
2015.06.08 19:07:35.923,1.99111,1.99167,1.00,1.37
2015.06.08 19:07:35.974,1.99119,1.99167,1.00,1.00
2015.06.08 19:07:36.076,1.99114,1.99167,1.50,1.00
2015.06.08 19:07:36.228,1.99121,1.9917,1.00,1.12
2015.06.08 19:07:36.329,1.99125,1.9918,1.50,1.37
2015.06.08 19:07:36.380,1.99125,1.99184,1.50,1.12
2015.06.08 19:07:36.432,1.99133,1.99184,1.00,1.12
2015.06.08 19:07:36.926,1.99132,1.9918,1.00,1.00
2015.06.08 19:07:36.977,1.99129,1.9918,1.00,1.00
2015.06.08 19:07:37.028,1.99128,1.99178,1.50,1.00
2015.06.08 19:07:37.331,1.99138,1.99175,1.00,1.00
2015.06.08 19:07:37.382,1.99132,1.99174,1.00,1.00
2015.06.08 19:07:37.483,1.99134,1.99177,1.00,1.00
2015.06.08 19:07:37.534,1.99139,1.99183,1.00,1.00
2015.06.08 19:07:37.837,1.99136,1.99179,1.00,1.00
2015.06.08 19:07:38.140,1.99138,1.99179,1.00,1.00
2015.06.08 19:07:39.141,1.99142,1.99183,1.00,1.00
2015.06.08 19:07:39.444,1.99153,1.99202,1.00,1.00
2015.06.08 19:07:39.495,1.99155,1.99202,1.00,1.00
2015.06.08 19:07:39.596,1.99155,1.99209,1.00,1.00
2015.06.08 19:07:39.647,1.99158,1.99209,1.00,1.00
2015.06.08 19:07:39.698,1.99158,1.99211,1.50,1.00
2015.06.08 19:07:39.850,1.99159,1.99208,1.00,1.00
2015.06.08 19:07:40.153,1.99163,1.99203,1.00,1.00
2015.06.08 19:07:40.274,1.99152,1.99196,1.00,1.00
2015.06.08 19:07:40.426,1.99151,1.99192,1.00,1.00
2015.06.08 19:07:40.729,1.99156,1.99199,1.34,1.00
2015.06.08 19:07:40.780,1.9916,1.99202,1.00,1.00
2015.06.08 19:07:41.032,1.99162,1.99205,1.00,1.00
2015.06.08 19:07:41.584,1.99161,1.99206,1.50,1.00
2015.06.08 19:07:41.634,1.99161,1.99203,1.50,1.00
2015.06.08 19:07:41.983,1.99157,1.99195,1.00,1.50
2015.06.08 19:07:42.085,1.9915,1.99192,1.00,1.00
2015.06.08 19:07:42.136,1.99152,1.99196,1.00,1.00
2015.06.08 19:07:42.187,1.99155,1.99194,1.00,1.00
2015.06.08 19:07:42.288,1.99157,1.99204,1.00,1.00
2015.06.08 19:07:42.642,1.99161,1.99204,1.00,1.00
2015.06.08 19:07:42.697,1.99161,1.99206,1.00,1.50
2015.06.08 19:07:43.530,1.99161,1.99205,1.00,1.00
2015.06.08 19:07:44.443,1.99161,1.99206,1.00,1.00
2015.06.08 19:07:44.945,1.9916,1.99207,1.50,1.00
2015.06.08 19:07:45.147,1.9916,1.99205,1.50,1.50
2015.06.08 19:07:45.948,1.99158,1.99205,1.00,1.00
2015.06.08 19:07:46.489,1.99159,1.99205,1.00,1.00
2015.06.08 19:07:46.846,1.99162,1.99205,1.00,1.00
2015.06.08 19:07:47.373,1.99161,1.99205,1.00,1.00
2015.06.08 19:07:47.731,1.99161,1.99203,1.00,1.50
2015.06.08 19:07:47.984,1.9916,1.99205,1.00,1.00
2015.06.08 19:07:48.035,1.99164,1.99207,1.00,1.00
2015.06.08 19:07:48.389,1.99164,1.99211,1.00,1.00
2015.06.08 19:07:48.692,1.99166,1.99211,1.00,1.00
2015.06.08 19:07:49.045,1.99174,1.99211,1.00,1.00
2015.06.08 19:07:49.097,1.99174,1.99213,1.50,1.00
2015.06.08 19:07:49.161,1.99176,1.99213,1.00,1.00
2015.06.08 19:07:49.263,1.99183,1.99221,1.00,1.00
2015.06.08 19:07:49.314,1.99185,1.99221,1.00,1.00
2015.06.08 19:07:49.365,1.99187,1.99233,1.00,1.00
2015.06.08 19:07:49.416,1.99178,1.99236,1.00,1.37
2015.06.08 19:07:49.518,1.99187,1.99235,1.00,1.37
2015.06.08 19:07:49.823,1.99183,1.99229,1.00,1.00
2015.06.08 19:07:50.185,1.99185,1.99229,1.00,1.00
2015.06.08 19:07:50.388,1.99185,1.99231,1.00,1.50
2015.06.08 19:07:50.439,1.99188,1.99233,1.00,1.00
2015.06.08 19:07:50.591,1.99188,1.99235,1.00,1.12
2015.06.08 19:07:50.693,1.99186,1.99232,1.00,1.00
2015.06.08 19:07:50.996,1.99192,1.99232,1.00,1.00
2015.06.08 19:07:51.198,1.99187,1.99232,1.00,1.00
2015.06.08 19:07:51.645,1.99189,1.99235,1.00,1.00
2015.06.08 19:07:53.073,1.99193,1.9923,1.00,1.00
2015.06.08 19:07:53.612,1.99194,1.99229,1.00,1.00
2015.06.08 19:07:54.699,1.99194,1.99225,1.00,1.00
2015.06.08 19:07:54.750,1.99189,1.99224,2.25,1.00
2015.06.08 19:08:01.774,1.99198,1.99224,1.00,1.00
2015.06.08 19:08:01.828,1.99199,1.99237,1.00,1.00
2015.06.08 19:08:01.930,1.99209,1.99237,1.00,1.00
2015.06.08 19:08:02.033,1.99209,1.99245,1.00,1.50
2015.06.08 19:08:02.135,1.99209,1.99255,1.00,1.00
2015.06.08 19:08:02.186,1.99213,1.99255,1.00,1.00
2015.06.08 19:08:02.236,1.99213,1.99258,1.00,1.00
2015.06.08 19:08:04.082,1.99213,1.99252,1.50,1.00
2015.06.08 19:08:04.386,1.99214,1.99249,1.00,1.00
2015.06.08 19:08:04.437,1.99214,1.99255,1.00,1.00
2015.06.08 19:08:04.489,1.99209,1.99252,1.00,1.00
2015.06.08 19:08:04.541,1.99201,1.99248,1.09,1.00
2015.06.08 19:08:05.101,1.99202,1.99248,1.00,1.00
2015.06.08 19:08:05.152,1.99206,1.99252,1.00,1.00
2015.06.08 19:08:05.354,1.99211,1.99258,1.00,1.50
2015.06.08 19:08:05.455,1.99208,1.99255,1.00,1.00
2015.06.08 19:08:06.017,1.9921,1.99255,1.00,1.00
2015.06.08 19:08:10.817,1.99211,1.99258,1.50,1.00
2015.06.08 19:08:11.364,1.99212,1.99258,1.00,1.00
2015.06.08 19:08:11.801,1.99214,1.99258,1.00,1.00
2015.06.08 19:08:12.307,1.99215,1.99258,1.00,1.00
2015.06.08 19:08:12.544,1.99208,1.99255,1.00,1.00
2015.06.08 19:08:13.307,1.99208,1.99254,1.00,1.00
2015.06.08 19:08:14.349,1.99208,1.99255,1.00,1.00
2015.06.08 19:08:14.864,1.99213,1.9926,1.00,1.00
2015.06.08 19:08:15.470,1.9922,1.99265,1.00,1.00
2015.06.08 19:08:15.585,1.9922,1.99268,1.00,1.00
2015.06.08 19:08:15.787,1.99215,1.99261,1.50,1.00
2015.06.08 19:08:16.504,1.99216,1.99261,1.00,1.00
2015.06.08 19:08:17.009,1.99217,1.99261,1.00,1.00
2015.06.08 19:08:17.161,1.99215,1.99261,1.00,1.00
2015.06.08 19:08:17.212,1.99217,1.99264,1.00,1.00
2015.06.08 19:08:17.315,1.99217,1.99262,1.00,1.00
2015.06.08 19:08:17.618,1.99213,1.99258,1.00,1.00
2015.06.08 19:08:17.923,1.9922,1.99259,1.00,1.00
2015.06.08 19:08:17.974,1.99223,1.99265,1.00,1.50
2015.06.08 19:08:18.177,1.99218,1.99261,1.00,1.00
2015.06.08 19:08:18.637,1.99221,1.99263,1.00,1.00
2015.06.08 19:08:18.772,1.99221,1.99265,1.00,1.00
2015.06.08 19:08:18.974,1.99217,1.99259,1.00,1.00
2015.06.08 19:08:21.259,1.99219,1.99262,1.00,1.00
2015.06.08 19:08:22.971,1.99213,1.99256,1.50,1.00
2015.06.08 19:08:23.174,1.99209,1.99253,1.00,1.00
2015.06.08 19:08:23.578,1.99209,1.99251,1.00,1.00
2015.06.08 19:08:23.679,1.99201,1.99245,1.50,1.00
2015.06.08 19:08:23.730,1.99204,1.99243,1.00,1.00
2015.06.08 19:08:24.052,1.99205,1.99235,1.00,1.00
2015.06.08 19:08:24.204,1.99193,1.99228,1.00,1.00
2015.06.08 19:08:25.385,1.99198,1.9923,1.00,1.00
2015.06.08 19:08:25.891,1.99198,1.99233,1.00,1.50
2015.06.08 19:08:26.504,1.99199,1.99233,1.00,1.00
2015.06.08 19:08:26.761,1.99201,1.99233,1.00,1.00
2015.06.08 19:08:26.912,1.99203,1.99239,1.50,1.00
2015.06.08 19:08:27.417,1.99203,1.99238,1.00,1.00
2015.06.08 19:08:28.023,1.99203,1.99239,1.00,1.00
2015.06.08 19:08:28.557,1.99204,1.99239,1.00,1.00
2015.06.08 19:08:28.809,1.9921,1.99239,1.00,1.00
2015.06.08 19:08:29.144,1.99219,1.99239,1.00,1.00
2015.06.08 19:08:29.246,1.99219,1.99243,1.00,1.00
2015.06.08 19:08:33.515,1.99217,1.99241,1.00,1.00
2015.06.08 19:08:33.566,1.99213,1.99239,1.00,1.00
2015.06.08 19:08:33.617,1.99209,1.99233,1.00,1.00
2015.06.08 19:08:34.617,1.9921,1.99233,1.50,1.00
2015.06.08 19:08:35.442,1.9922,1.99233,1.00,1.00
2015.06.08 19:08:40.984,1.99215,1.99233,1.00,1.00
2015.06.08 19:08:44.204,1.9922,1.99237,1.00,1.00
2015.06.08 19:08:44.357,1.99231,1.9925,1.50,1.00
2015.06.08 19:08:44.458,1.99239,1.99253,1.00,1.00
2015.06.08 19:08:44.975,1.99237,1.99253,1.00,1.00
2015.06.08 19:08:45.076,1.99234,1.99253,1.00,1.00
2015.06.08 19:08:46.504,1.99232,1.99253,1.00,1.00
2015.06.08 19:08:46.555,1.99229,1.99253,1.50,1.00
2015.06.08 19:08:47.083,1.99229,1.99252,1.00,1.00
2015.06.08 19:08:54.332,1.99224,1.9925,1.00,1.00
2015.06.08 19:08:54.383,1.99224,1.99241,1.00,1.50
2015.06.08 19:08:55.019,1.99223,1.99241,1.00,1.50
2015.06.08 19:08:56.337,1.99219,1.99241,1.00,1.50
2015.06.08 19:08:56.388,1.99219,1.99238,1.00,1.00
2015.06.08 19:08:56.490,1.99212,1.99236,1.00,1.00
2015.06.08 19:08:56.541,1.99208,1.99234,1.00,1.00
2015.06.08 19:08:56.592,1.99208,1.99229,1.00,1.50
2015.06.08 19:08:56.916,1.99206,1.99223,1.00,1.00
2015.06.08 19:08:57.240,1.99204,1.99219,1.00,1.00
2015.06.08 19:08:57.396,1.99204,1.99223,1.00,1.00
2015.06.08 19:09:09.200,1.99204,1.99228,1.00,1.00
2015.06.08 19:09:10.622,1.99204,1.99224,1.00,1.00
2015.06.08 19:09:23.761,1.99204,1.99228,1.00,1.00
2015.06.08 19:09:25.651,1.9921,1.99228,1.00,1.00
2015.06.08 19:09:26.006,1.9921,1.99231,1.00,1.00
2015.06.08 19:09:26.915,1.9921,1.99233,1.00,1.00
2015.06.08 19:09:27.016,1.99214,1.99233,1.00,1.00
2015.06.08 19:09:27.169,1.99209,1.99233,1.00,1.00
2015.06.08 19:09:27.321,1.99205,1.99231,1.00,1.00
2015.06.08 19:09:33.796,1.99209,1.99231,1.84,1.00
2015.06.08 19:09:34.112,1.99217,1.99231,1.00,1.00
2015.06.08 19:09:34.265,1.99217,1.99237,1.00,1.00
2015.06.08 19:09:35.076,1.99222,1.99237,1.00,1.00
2015.06.08 19:09:35.230,1.99228,1.99251,1.00,1.00
2015.06.08 19:09:35.331,1.99229,1.99251,1.34,1.00
2015.06.08 19:09:35.494,1.99237,1.99256,1.00,1.00
2015.06.08 19:09:36.103,1.99237,1.99257,1.00,1.00
2015.06.08 19:09:37.294,1.99237,1.99261,1.50,1.00
2015.06.08 19:09:37.850,1.9924,1.99264,1.00,1.00
2015.06.08 19:09:43.567,1.99244,1.99264,1.84,1.00
2015.06.08 19:09:43.617,1.99249,1.99268,1.34,1.00
2015.06.08 19:09:43.668,1.9926,1.99275,1.00,1.00
2015.06.08 19:09:43.720,1.99263,1.99276,1.00,1.00
2015.06.08 19:09:43.821,1.99263,1.99281,1.00,1.00
2015.06.08 19:09:43.923,1.99268,1.99287,1.00,1.00
2015.06.08 19:09:44.040,1.99268,1.99291,1.00,1.00
2015.06.08 19:09:44.141,1.99275,1.99291,1.00,1.00
2015.06.08 19:09:44.193,1.99275,1.99301,1.00,1.00
2015.06.08 19:09:44.244,1.99281,1.99313,1.00,1.00
2015.06.08 19:09:44.346,1.99281,1.99316,1.00,1.00
2015.06.08 19:09:44.549,1.9928,1.99308,1.00,1.00
2015.06.08 19:09:44.650,1.99273,1.99308,1.00,1.00
2015.06.08 19:09:44.752,1.9928,1.99306,1.00,1.00
2015.06.08 19:09:45.450,1.9928,1.99304,1.00,1.00
2015.06.08 19:09:48.285,1.9928,1.99306,1.00,1.00
2015.06.08 19:09:48.336,1.99285,1.99306,1.00,1.00
2015.06.08 19:09:48.437,1.99287,1.99314,1.00,1.00
2015.06.08 19:09:48.589,1.99287,1.99323,1.00,1.50
2015.06.08 19:09:48.691,1.99284,1.99323,1.00,1.00
2015.06.08 19:09:48.798,1.99286,1.99325,1.00,1.00
2015.06.08 19:09:49.101,1.99276,1.99313,1.00,1.50
2015.06.08 19:09:49.404,1.99265,1.99302,1.00,1.00
2015.06.08 19:09:50.681,1.99268,1.99305,1.00,1.00
2015.06.08 19:09:51.682,1.99264,1.99301,1.00,1.00
2015.06.08 19:09:51.985,1.99253,1.9929,1.00,1.00
2015.06.08 19:09:52.288,1.9925,1.99287,1.00,1.00
2015.06.08 19:09:58.617,1.99252,1.99287,1.00,1.00
2015.06.08 19:10:00.422,1.99253,1.99288,1.00,1.00
2015.06.08 19:10:01.291,1.99255,1.99288,1.00,1.00
2015.06.08 19:10:08.099,1.99262,1.99286,1.00,1.00
2015.06.08 19:10:12.362,1.99268,1.99288,1.00,1.00
2015.06.08 19:10:12.666,1.99277,1.99292,1.00,1.00
2015.06.08 19:10:18.974,1.99277,1.99298,1.00,1.00
2015.06.08 19:10:19.176,1.99277,1.993,1.00,1.00
2015.06.08 19:10:23.296,1.99276,1.993,1.00,1.00
2015.06.08 19:10:23.347,1.99276,1.99297,1.00,1.00
2015.06.08 19:10:23.848,1.99276,1.99296,1.00,1.00
2015.06.08 19:10:27.878,1.99272,1.9929,1.00,1.00
2015.06.08 19:10:28.494,1.99272,1.99298,1.00,1.00
2015.06.08 19:10:29.005,1.99273,1.99298,1.00,1.00
2015.06.08 19:10:31.610,1.99267,1.99287,1.00,1.00
2015.06.08 19:10:31.914,1.99219,1.99256,1.00,1.00
2015.06.08 19:10:32.020,1.99215,1.9925,1.00,1.00
2015.06.08 19:10:32.323,1.99222,1.99258,1.00,1.00
2015.06.08 19:10:32.696,1.9923,1.99256,1.00,1.00
2015.06.08 19:10:34.797,1.9923,1.99255,1.00,1.00
2015.06.08 19:10:35.100,1.9923,1.99244,1.00,1.00
2015.06.08 19:10:35.404,1.99224,1.99243,1.00,1.00
2015.06.08 19:10:36.827,1.99224,1.99244,1.00,1.00
2015.06.08 19:10:36.931,1.99224,1.99248,1.00,1.00
2015.06.08 19:10:40.845,1.99224,1.99243,1.00,1.00
2015.06.08 19:10:41.019,1.99224,1.99248,1.00,1.00
2015.06.08 19:10:42.549,1.99224,1.99246,1.00,1.00
2015.06.08 19:10:42.854,1.99221,1.99242,1.00,1.50
2015.06.08 19:10:46.469,1.99221,1.99245,1.00,1.00
2015.06.08 19:10:47.020,1.99221,1.99244,1.00,1.00
2015.06.08 19:10:47.547,1.99215,1.99236,1.00,1.00
2015.06.08 19:10:47.872,1.99213,1.99229,1.00,1.00
2015.06.08 19:10:56.001,1.99213,1.99236,1.00,1.50
2015.06.08 19:10:57.498,1.99213,1.99237,1.00,1.00
2015.06.08 19:10:57.599,1.99215,1.99237,1.00,1.00
2015.06.08 19:10:58.055,1.9922,1.99237,1.00,1.00
2015.06.08 19:10:58.569,1.99221,1.99237,1.00,1.00
2015.06.08 19:11:01.171,1.99215,1.99237,1.50,1.00
2015.06.08 19:11:03.465,1.99224,1.99237,1.00,1.00
2015.06.08 19:11:03.516,1.99225,1.99242,1.00,1.00
2015.06.08 19:11:03.567,1.99225,1.99244,1.00,1.00
2015.06.08 19:11:03.718,1.99225,1.99246,1.00,1.00
2015.06.08 19:11:07.400,1.9922,1.99246,1.00,1.00
2015.06.08 19:11:07.603,1.9922,1.99243,1.00,1.00
2015.06.08 19:11:18.640,1.9922,1.99244,1.00,1.00
2015.06.08 19:11:18.690,1.9922,1.99246,1.00,1.00
2015.06.08 19:11:18.741,1.9922,1.99237,1.00,1.00
2015.06.08 19:11:18.944,1.99218,1.99237,1.00,1.00
2015.06.08 19:11:20.238,1.99218,1.99229,1.00,1.00
2015.06.08 19:11:21.134,1.99215,1.99229,1.00,1.00
2015.06.08 19:11:22.522,1.99215,1.9923,1.00,1.00
2015.06.08 19:11:22.674,1.99211,1.99229,1.00,1.00
2015.06.08 19:11:23.257,1.99211,1.99231,1.00,1.00
2015.06.08 19:11:23.308,1.99211,1.99237,1.00,1.00
2015.06.08 19:11:24.134,1.99212,1.99237,1.00,1.00
2015.06.08 19:11:24.663,1.99211,1.99237,1.00,1.00
2015.06.08 19:11:29.007,1.99214,1.99237,1.00,1.00
2015.06.08 19:11:29.310,1.99217,1.99237,1.00,1.00
2015.06.08 19:11:35.222,1.99216,1.99237,1.00,1.00
2015.06.08 19:11:35.443,1.99214,1.99237,1.00,1.00
2015.06.08 19:11:35.544,1.99211,1.99237,1.00,1.00
2015.06.08 19:11:36.831,1.99213,1.99237,1.00,1.00
2015.06.08 19:11:37.159,1.99215,1.99237,1.00,1.00
2015.06.08 19:11:38.157,1.9922,1.99237,1.00,1.00
2015.06.08 19:11:38.208,1.9922,1.99239,1.00,1.00
2015.06.08 19:11:38.309,1.9922,1.99242,1.00,1.00
2015.06.08 19:11:45.146,1.99232,1.99246,1.00,1.00
2015.06.08 19:11:45.247,1.99233,1.99249,1.00,1.00
2015.06.08 19:11:46.259,1.99225,1.99249,1.00,1.00
2015.06.08 19:11:54.202,1.99228,1.99249,1.00,1.00
2015.06.08 19:11:57.232,1.9923,1.99249,1.00,1.00
2015.06.08 19:11:57.283,1.9923,1.99252,1.00,1.00
2015.06.08 19:11:57.886,1.99231,1.99252,1.00,1.00
2015.06.08 19:11:57.937,1.99235,1.99252,1.00,1.00
2015.06.08 19:11:58.820,1.99249,1.99259,1.00,1.00
2015.06.08 19:11:58.871,1.99249,1.99263,1.00,1.00
2015.06.08 19:11:58.922,1.9926,1.99268,1.00,1.00
2015.06.08 19:11:58.973,1.9926,1.99271,1.00,1.00
2015.06.08 19:11:59.074,1.9926,1.99275,1.00,1.00
2015.06.08 19:11:59.478,1.9926,1.99277,1.00,1.00
2015.06.08 19:11:59.879,1.9926,1.99281,1.00,1.00
2015.06.08 19:12:00.753,1.99255,1.99281,1.00,1.00
2015.06.08 19:12:01.115,1.99262,1.99281,1.00,1.00
2015.06.08 19:12:01.973,1.99262,1.99282,1.00,1.00
2015.06.08 19:12:08.416,1.99263,1.99282,1.00,1.00
2015.06.08 19:12:08.517,1.99267,1.99287,1.00,1.00
2015.06.08 19:12:08.568,1.99271,1.99295,1.00,1.00
2015.06.08 19:12:08.619,1.99278,1.99295,1.00,1.00
2015.06.08 19:12:09.372,1.99271,1.99295,2.25,1.00
2015.06.08 19:12:09.727,1.99271,1.99293,1.00,1.50
2015.06.08 19:12:18.119,1.99271,1.99288,1.00,1.00
2015.06.08 19:12:18.704,1.99271,1.99287,1.00,1.00
2015.06.08 19:12:20.669,1.99271,1.99285,1.00,1.00
2015.06.08 19:12:22.636,1.99271,1.99287,1.00,1.00
2015.06.08 19:12:22.788,1.99266,1.99287,1.00,1.00
2015.06.08 19:12:22.978,1.99266,1.99279,1.00,1.00
2015.06.08 19:12:23.030,1.99258,1.99279,1.00,1.00
2015.06.08 19:12:23.385,1.99258,1.99283,1.00,1.00
2015.06.08 19:12:23.935,1.99258,1.99284,1.00,1.00
2015.06.08 19:12:25.243,1.99258,1.9928,1.00,1.00
2015.06.08 19:12:25.748,1.99258,1.99279,1.00,1.00
2015.06.08 19:12:26.081,1.99254,1.9927,1.00,1.00
2015.06.08 19:12:26.451,1.99251,1.9927,1.00,1.00
2015.06.08 19:12:26.982,1.99251,1.99271,1.00,1.50
2015.06.08 19:12:31.617,1.99251,1.99275,1.00,1.00
2015.06.08 19:12:31.669,1.99253,1.99275,1.00,1.00
2015.06.08 19:12:32.221,1.99254,1.99275,1.00,1.00
2015.06.08 19:12:43.135,1.99259,1.99275,1.00,1.00
2015.06.08 19:12:47.537,1.99258,1.99275,1.00,1.00
2015.06.08 19:12:47.588,1.99254,1.99275,1.00,1.00
2015.06.08 19:12:50.522,1.99259,1.99275,1.00,1.00
2015.06.08 19:12:50.844,1.99263,1.99275,1.00,1.00
2015.06.08 19:12:50.993,1.99257,1.99275,1.00,1.00
2015.06.08 19:12:51.965,1.99257,1.99278,1.00,1.00
2015.06.08 19:12:52.127,1.99263,1.99278,1.00,1.00
2015.06.08 19:12:52.512,1.99258,1.99278,1.50,1.00
2015.06.08 19:12:54.451,1.99253,1.99278,1.50,1.00
2015.06.08 19:13:03.074,1.9926,1.99278,1.00,1.00
2015.06.08 19:13:04.341,1.99266,1.99278,1.00,1.00
2015.06.08 19:13:04.493,1.99267,1.9928,1.00,1.00
2015.06.08 19:13:07.682,1.99266,1.9928,1.00,1.00
2015.06.08 19:13:07.734,1.99259,1.9928,1.00,1.00
2015.06.08 19:13:14.218,1.99258,1.9928,1.00,1.00
2015.06.08 19:13:14.269,1.99256,1.9928,1.00,1.00
2015.06.08 19:13:18.821,1.99259,1.9928,1.00,1.00
2015.06.08 19:13:31.295,1.99263,1.9928,1.00,1.00
2015.06.08 19:13:31.346,1.99265,1.99285,1.00,1.00
2015.06.08 19:13:31.397,1.99268,1.99285,1.00,1.00
2015.06.08 19:13:31.550,1.99265,1.99285,1.00,1.00
2015.06.08 19:13:32.848,1.9926,1.99285,1.00,1.00
2015.06.08 19:13:41.923,1.99264,1.99288,1.00,1.00
2015.06.08 19:13:42.328,1.99262,1.99288,1.00,1.00
2015.06.08 19:13:47.366,1.99264,1.99288,1.00,1.00
2015.06.08 19:13:47.870,1.99262,1.99288,1.00,1.00
2015.06.08 19:13:48.424,1.99263,1.99288,1.00,1.00
2015.06.08 19:13:48.967,1.99264,1.99288,1.00,1.00
2015.06.08 19:14:01.150,1.99262,1.99288,1.00,1.00
2015.06.08 19:14:01.765,1.99266,1.99288,1.50,1.00
2015.06.08 19:14:03.798,1.99266,1.99283,1.00,1.00
2015.06.08 19:14:03.899,1.99262,1.99283,1.00,1.00
2015.06.08 19:14:04.001,1.99259,1.99281,1.00,1.00
2015.06.08 19:14:04.051,1.99259,1.99277,1.00,1.00
2015.06.08 19:14:05.936,1.99255,1.99277,1.00,1.00
2015.06.08 19:14:05.987,1.99255,1.99274,1.00,1.00
2015.06.08 19:14:06.528,1.99255,1.99273,1.00,1.00
2015.06.08 19:14:06.985,1.99251,1.99273,1.00,1.00
2015.06.08 19:14:10.743,1.99251,1.99271,1.00,1.00
2015.06.08 19:14:10.794,1.99251,1.99273,1.00,1.00
2015.06.08 19:14:12.087,1.99251,1.99271,1.00,1.00
2015.06.08 19:14:13.871,1.99251,1.99269,1.00,1.00
2015.06.08 19:14:14.225,1.99249,1.99269,1.00,1.50
2015.06.08 19:14:18.032,1.99245,1.99269,1.00,2.25
2015.06.08 19:14:18.585,1.99242,1.99268,1.00,1.00
2015.06.08 19:14:18.636,1.99242,1.99255,1.00,1.00
2015.06.08 19:14:18.738,1.99228,1.99254,1.00,1.00
2015.06.08 19:14:22.784,1.99232,1.99254,1.00,1.00
2015.06.08 19:14:23.087,1.99247,1.99261,1.00,1.00
2015.06.08 19:14:25.906,1.99246,1.99261,1.00,1.00
2015.06.08 19:14:25.957,1.99241,1.99261,1.00,1.00
2015.06.08 19:14:32.352,1.99246,1.99261,1.00,1.00
2015.06.08 19:14:37.198,1.99246,1.99264,1.00,1.00
2015.06.08 19:14:37.249,1.9925,1.99264,1.50,1.00
2015.06.08 19:14:37.350,1.9925,1.99268,1.50,1.00
2015.06.08 19:14:38.501,1.99253,1.99273,1.00,1.00
2015.06.08 19:14:38.552,1.99255,1.99276,1.00,1.00
2015.06.08 19:14:38.603,1.99258,1.99284,1.00,1.00
2015.06.08 19:14:38.655,1.99269,1.99283,1.00,1.00
2015.06.08 19:14:38.807,1.99264,1.99283,1.00,1.00
2015.06.08 19:14:40.546,1.99268,1.99283,1.00,1.00
2015.06.08 19:14:50.173,1.99268,1.99286,1.00,1.00
2015.06.08 19:14:50.989,1.99273,1.99286,1.50,1.00
2015.06.08 19:14:51.141,1.99273,1.9929,1.50,1.00
2015.06.08 19:14:55.695,1.99273,1.99294,1.50,1.00
2015.06.08 19:14:56.421,1.99268,1.99294,1.50,1.00
2015.06.08 19:15:01.037,1.99269,1.99294,1.00,1.00
2015.06.08 19:15:01.552,1.99268,1.99294,2.25,1.00
2015.06.08 19:15:20.135,1.99268,1.99288,1.00,1.00
2015.06.08 19:15:20.237,1.99265,1.99288,1.00,1.00
2015.06.08 19:15:20.288,1.99259,1.99285,1.00,1.00
2015.06.08 19:15:20.340,1.99259,1.99277,1.00,1.00
2015.06.08 19:15:20.391,1.99257,1.99277,1.00,1.00
2015.06.08 19:15:20.645,1.99255,1.99276,1.00,1.00
2015.06.08 19:15:21.150,1.99255,1.99275,1.00,1.00
2015.06.08 19:15:21.251,1.99255,1.99272,1.00,1.00
2015.06.08 19:15:24.185,1.99253,1.99272,1.00,1.00
2015.06.08 19:15:29.359,1.99253,1.99268,1.00,1.00
2015.06.08 19:15:29.512,1.99248,1.99268,1.00,1.00
2015.06.08 19:15:29.664,1.99248,1.99262,1.00,1.00
2015.06.08 19:15:31.132,1.99245,1.99262,1.00,1.00
2015.06.08 19:15:39.294,1.99242,1.99262,1.00,1.00
2015.06.08 19:15:42.388,1.99242,1.99268,1.00,1.50
2015.06.08 19:15:57.224,1.99246,1.99268,1.00,1.00
2015.06.08 19:15:58.119,1.9925,1.99268,1.00,1.00
2015.06.08 19:16:14.625,1.99249,1.99268,1.00,1.00
2015.06.08 19:16:14.676,1.99246,1.99268,1.00,1.00
2015.06.08 19:16:17.842,1.99246,1.99269,1.00,1.00
2015.06.08 19:16:23.772,1.9925,1.99269,1.00,1.00
2015.06.08 19:16:24.488,1.99251,1.99269,1.00,1.00
2015.06.08 19:16:31.969,1.99251,1.99273,1.00,1.00
2015.06.08 19:16:40.386,1.99253,1.99275,1.00,1.00
2015.06.08 19:16:40.791,1.99249,1.99275,1.00,1.00
2015.06.08 19:16:51.285,1.99249,1.99273,1.00,1.00
2015.06.08 19:17:00.347,1.99249,1.99272,1.00,1.00
2015.06.08 19:17:00.852,1.99249,1.99273,1.00,1.00
2015.06.08 19:17:01.284,1.99249,1.99275,1.00,1.00
2015.06.08 19:17:35.884,1.99255,1.99275,1.00,1.00
2015.06.08 19:17:39.870,1.9926,1.99275,1.00,1.00
2015.06.08 19:17:40.427,1.9926,1.99277,1.00,1.00
2015.06.08 19:17:51.666,1.99259,1.99277,1.00,1.00
2015.06.08 19:17:51.718,1.99255,1.99277,1.00,1.00
2015.06.08 19:17:56.127,1.99253,1.99277,1.00,1.00
2015.06.08 19:18:40.421,1.99246,1.99283,1.50,1.50
2015.06.08 19:18:49.510,1.99246,1.99282,1.50,1.00
2015.06.08 19:18:49.713,1.99241,1.99278,1.50,1.50
2015.06.08 19:19:01.187,1.99245,1.99278,1.00,1.00
2015.06.08 19:19:01.237,1.99247,1.99282,1.00,1.00
2015.06.08 19:19:02.791,1.9925,1.99282,1.00,1.00
2015.06.08 19:19:02.842,1.99252,1.99285,1.00,1.00
2015.06.08 19:19:04.487,1.99259,1.99285,1.00,1.00
2015.06.08 19:19:04.538,1.9926,1.99289,1.00,1.50
2015.06.08 19:19:04.589,1.99263,1.99289,1.00,1.50
2015.06.08 19:19:04.933,1.99265,1.99283,1.00,1.00
2015.06.08 19:19:05.135,1.99263,1.99283,1.00,1.00
2015.06.08 19:19:05.237,1.99259,1.99283,1.00,1.00
2015.06.08 19:19:05.288,1.99257,1.99283,1.00,1.00
2015.06.08 19:19:10.618,1.99254,1.9928,1.00,1.00
2015.06.08 19:19:10.928,1.99253,1.99274,1.00,1.00
2015.06.08 19:19:11.231,1.99253,1.99271,1.00,2.25
2015.06.08 19:19:11.622,1.99253,1.99269,1.00,1.00
2015.06.08 19:19:11.848,1.99248,1.99269,1.00,1.00
2015.06.08 19:19:12.050,1.99246,1.99269,1.00,1.00
2015.06.08 19:19:16.443,1.99246,1.9927,1.00,1.00
2015.06.08 19:19:16.646,1.99246,1.99267,1.00,1.00
2015.06.08 19:19:18.847,1.99246,1.99265,1.00,1.00
2015.06.08 19:19:18.948,1.99242,1.99263,1.00,1.00
2015.06.08 19:19:21.804,1.99242,1.99262,1.00,1.00
2015.06.08 19:19:28.079,1.99239,1.99262,1.00,1.00
2015.06.08 19:19:29.428,1.99239,1.99263,1.00,1.00
2015.06.08 19:19:32.053,1.99239,1.99264,1.00,1.00
2015.06.08 19:19:39.107,1.99239,1.99265,1.00,1.00
2015.06.08 19:19:47.684,1.99239,1.99264,1.00,1.00
2015.06.08 19:19:48.194,1.99239,1.99265,1.00,1.00
2015.06.08 19:19:48.534,1.99239,1.99263,1.00,1.00
2015.06.08 19:19:50.775,1.99239,1.99265,1.00,1.50
2015.06.08 19:19:51.399,1.99239,1.99264,1.00,1.00
2015.06.08 19:19:53.157,1.99239,1.99265,1.00,1.50
2015.06.08 19:20:03.735,1.99239,1.99263,1.00,1.00
2015.06.08 19:20:05.111,1.99237,1.99261,1.00,1.00
2015.06.08 19:20:07.016,1.99237,1.9926,1.00,1.00
2015.06.08 19:20:07.518,1.99237,1.99261,1.00,1.00
2015.06.08 19:20:13.210,1.9924,1.99264,1.00,1.00
2015.06.08 19:20:13.534,1.99246,1.99267,1.00,1.00
2015.06.08 19:20:16.423,1.99241,1.99267,1.00,1.00
2015.06.08 19:20:16.524,1.99241,1.99263,1.00,1.00
2015.06.08 19:20:19.676,1.99244,1.99263,1.00,1.00
2015.06.08 19:20:19.828,1.99244,1.99268,1.00,1.00
2015.06.08 19:20:28.074,1.99244,1.99267,1.00,1.00
2015.06.08 19:20:28.602,1.99244,1.99268,1.00,1.50
2015.06.08 19:20:31.313,1.99247,1.99268,1.00,1.50
2015.06.08 19:20:31.616,1.99264,1.99274,1.00,1.00
2015.06.08 19:20:31.667,1.99264,1.99279,1.00,1.00
2015.06.08 19:20:33.232,1.99264,1.99282,1.00,1.00
2015.06.08 19:20:35.476,1.99264,1.99278,1.00,1.00
2015.06.08 19:20:35.528,1.99261,1.99278,1.00,1.00
2015.06.08 19:20:35.983,1.99261,1.99276,1.00,1.00
2015.06.08 19:20:36.616,1.99261,1.99274,1.00,1.00
2015.06.08 19:20:40.060,1.99261,1.99273,1.00,1.00
2015.06.08 19:20:43.244,1.99261,1.99275,1.00,1.00
2015.06.08 19:20:43.349,1.99261,1.99279,1.00,1.00
2015.06.08 19:20:45.553,1.99261,1.99278,1.00,1.00
2015.06.08 19:20:48.006,1.99261,1.99272,1.00,1.00
2015.06.08 19:20:49.042,1.99257,1.99272,1.00,1.50
2015.06.08 19:20:49.093,1.99254,1.99262,1.00,1.00
2015.06.08 19:20:49.144,1.99248,1.99262,1.00,1.00
2015.06.08 19:20:49.277,1.99246,1.99262,1.00,1.00
2015.06.08 19:20:51.578,1.99246,1.99263,1.00,1.00
2015.06.08 19:20:51.629,1.99246,1.99268,1.00,1.50
2015.06.08 19:20:52.083,1.99246,1.99261,1.00,1.00
2015.06.08 19:20:54.238,1.99246,1.9927,1.00,1.00
2015.06.08 19:20:56.745,1.9925,1.9927,1.00,1.00
2015.06.08 19:20:58.773,1.99253,1.9927,1.00,1.00
2015.06.08 19:20:58.824,1.99253,1.99277,1.00,3.00
2015.06.08 19:21:05.053,1.99255,1.99277,1.00,1.50
2015.06.08 19:21:05.357,1.99264,1.99285,1.00,1.50
2015.06.08 19:21:09.374,1.99264,1.9928,1.00,1.00
2015.06.08 19:21:11.129,1.99262,1.9928,1.00,1.00
2015.06.08 19:21:11.180,1.9926,1.9928,1.00,1.00
2015.06.08 19:21:11.332,1.99259,1.99272,1.00,1.00
2015.06.08 19:21:12.244,1.99259,1.99277,1.00,1.00
2015.06.08 19:21:22.645,1.99262,1.99277,1.00,1.00
2015.06.08 19:21:22.746,1.99262,1.99286,1.00,1.50
2015.06.08 19:21:23.252,1.99263,1.99286,1.00,1.00
2015.06.08 19:21:30.951,1.99266,1.99286,1.00,1.00
2015.06.08 19:21:31.002,1.99266,1.99291,1.00,1.50
2015.06.08 19:21:31.053,1.99272,1.99291,1.00,1.50
2015.06.08 19:21:32.220,1.99274,1.99291,1.00,1.00
2015.06.08 19:21:32.524,1.99274,1.99286,1.00,1.00
2015.06.08 19:21:35.291,1.99274,1.99289,1.00,1.00
2015.06.08 19:21:35.393,1.99274,1.99292,1.00,1.00
2015.06.08 19:21:39.203,1.99274,1.99288,1.00,1.00
2015.06.08 19:21:39.642,1.99272,1.99288,1.00,1.00
2015.06.08 19:21:40.601,1.99268,1.99289,1.00,1.00
2015.06.08 19:21:40.652,1.99268,1.99287,1.00,1.00
2015.06.08 19:21:40.956,1.99268,1.99282,1.00,1.00
2015.06.08 19:21:42.251,1.99267,1.99282,1.00,1.00
2015.06.08 19:21:55.147,1.99264,1.99282,1.00,1.00
2015.06.08 19:22:03.700,1.99264,1.99281,1.00,1.00
2015.06.08 19:22:12.366,1.99261,1.99281,1.00,1.00
2015.06.08 19:22:12.535,1.99258,1.99281,1.00,1.00
2015.06.08 19:22:18.225,1.99258,1.99282,1.00,1.00
2015.06.08 19:22:20.278,1.99252,1.99276,1.00,1.00
2015.06.08 19:22:29.005,1.99252,1.99274,1.00,1.00
2015.06.08 19:22:29.158,1.99246,1.99272,1.00,1.00
2015.06.08 19:22:29.209,1.99245,1.99269,1.00,1.00
2015.06.08 19:22:30.759,1.99236,1.99259,1.50,1.00
2015.06.08 19:22:31.264,1.99235,1.99259,1.00,1.00
2015.06.08 19:22:40.583,1.99238,1.99259,1.00,1.00
2015.06.08 19:22:40.893,1.9924,1.99259,1.00,1.00
2015.06.08 19:22:45.219,1.99237,1.99259,1.00,1.00
2015.06.08 19:22:54.748,1.99237,1.99261,1.00,1.00
2015.06.08 19:22:55.758,1.99234,1.9926,1.00,1.00
2015.06.08 19:22:56.262,1.99234,1.99259,1.00,1.00
2015.06.08 19:22:56.413,1.99231,1.99257,1.00,1.00
2015.06.08 19:22:57.422,1.99229,1.99255,1.00,1.00
2015.06.08 19:22:57.726,1.99226,1.99251,1.00,2.25
2015.06.08 19:22:57.776,1.99224,1.9925,1.00,1.50
2015.06.08 19:22:57.872,1.99224,1.99248,1.00,1.00
2015.06.08 19:22:58.965,1.99222,1.99246,1.00,1.00
2015.06.08 19:23:11.083,1.99222,1.99244,1.00,1.00
2015.06.08 19:23:11.185,1.99218,1.99244,1.00,1.50
2015.06.08 19:23:11.286,1.99218,1.99239,1.00,1.50
2015.06.08 19:23:11.387,1.99208,1.99233,1.00,1.00
2015.06.08 19:23:11.675,1.99214,1.99233,1.00,1.00
2015.06.08 19:23:11.930,1.99214,1.99237,1.50,1.00
2015.06.08 19:23:11.981,1.99223,1.9924,1.00,1.00
2015.06.08 19:23:12.335,1.99216,1.9924,1.50,1.00
2015.06.08 19:23:13.092,1.9922,1.9924,1.00,1.00
2015.06.08 19:23:31.535,1.99217,1.9924,1.00,1.00
2015.06.08 19:23:36.491,1.9922,1.9924,1.00,1.00
2015.06.08 19:23:36.795,1.99222,1.9924,1.00,1.00
2015.06.08 19:23:51.789,1.9922,1.9924,1.00,1.00
2015.06.08 19:23:53.262,1.99228,1.9924,1.00,1.00
2015.06.08 19:23:53.363,1.99228,1.99244,1.00,1.00
2015.06.08 19:24:02.843,1.99228,1.99248,1.00,1.00
2015.06.08 19:24:02.945,1.99228,1.99251,1.00,1.00
2015.06.08 19:24:02.996,1.99232,1.99251,1.00,1.00
2015.06.08 19:24:19.040,1.9923,1.99251,1.00,1.00
2015.06.08 19:24:34.654,1.99234,1.99251,1.00,1.00
2015.06.08 19:24:37.136,1.99234,1.99252,1.00,1.00
2015.06.08 19:24:51.011,1.99239,1.99252,1.00,1.00
2015.06.08 19:24:51.062,1.99239,1.99255,1.00,1.00
2015.06.08 19:24:54.728,1.99233,1.99255,1.00,1.00
2015.06.08 19:24:56.222,1.99231,1.99255,1.00,1.00
2015.06.08 19:25:51.097,1.99224,1.99257,1.00,1.00
2015.06.08 19:25:54.343,1.9922,1.99255,1.00,1.00
2015.06.08 19:25:55.713,1.99219,1.99251,1.00,1.00
2015.06.08 19:25:55.764,1.99217,1.99251,1.50,1.50
2015.06.08 19:25:56.298,1.99218,1.99251,1.00,1.50
2015.06.08 19:26:08.630,1.99217,1.99251,1.00,1.50
2015.06.08 19:26:09.238,1.99218,1.99251,1.00,1.50
2015.06.08 19:26:12.462,1.99217,1.99252,1.00,1.50
2015.06.08 19:26:14.120,1.99218,1.99252,1.00,1.50
2015.06.08 19:26:14.936,1.99217,1.99252,1.00,1.50
2015.06.08 19:26:18.425,1.99217,1.99251,1.00,1.00
2015.06.08 19:26:18.577,1.99227,1.99243,1.00,1.00
2015.06.08 19:26:20.442,1.99224,1.99243,1.00,1.00
2015.06.08 19:26:24.172,1.99222,1.99243,1.00,1.00
2015.06.08 19:26:24.778,1.99218,1.99243,1.00,1.00
2015.06.08 19:26:24.930,1.99215,1.99241,1.00,1.00
2015.06.08 19:26:24.981,1.99215,1.99238,1.00,1.50
2015.06.08 19:26:37.228,1.99215,1.99241,1.00,1.00
2015.06.08 19:27:10.897,1.99215,1.99238,1.00,1.00
2015.06.08 19:27:11.416,1.99214,1.99237,1.00,1.50
2015.06.08 19:27:11.568,1.99212,1.99236,1.00,1.00
2015.06.08 19:27:11.770,1.99212,1.99232,1.00,1.00
2015.06.08 19:27:12.291,1.99212,1.99231,1.00,1.00
2015.06.08 19:27:13.256,1.99208,1.99225,1.00,1.00
2015.06.08 19:27:13.308,1.99206,1.99224,1.00,1.00
2015.06.08 19:27:13.359,1.99204,1.99224,1.00,1.00
2015.06.08 19:27:13.413,1.99204,1.99218,1.00,1.00
2015.06.08 19:27:13.515,1.99199,1.99218,1.00,1.00
2015.06.08 19:27:13.567,1.99196,1.99218,1.00,1.00
2015.06.08 19:27:13.668,1.99193,1.99217,1.00,1.00
2015.06.08 19:27:13.719,1.99193,1.99212,1.00,1.00
2015.06.08 19:27:29.962,1.99193,1.99216,1.00,1.00
2015.06.08 19:27:35.385,1.99193,1.99217,1.00,1.00
2015.06.08 19:27:40.293,1.99186,1.99211,1.00,1.67
2015.06.08 19:27:40.597,1.9917,1.99194,1.00,1.50
2015.06.08 19:27:40.647,1.99168,1.99192,1.00,1.00
2015.06.08 19:27:40.950,1.99156,1.99183,1.00,1.50
2015.06.08 19:27:41.001,1.99141,1.99183,1.50,2.17
2015.06.08 19:27:41.103,1.99139,1.99173,1.00,1.50
2015.06.08 19:27:41.539,1.99136,1.99173,1.50,1.50
2015.06.08 19:27:41.792,1.99147,1.99171,1.00,1.00
2015.06.08 19:27:47.182,1.99147,1.99163,1.00,1.00
2015.06.08 19:27:47.285,1.99141,1.99158,1.00,1.00
2015.06.08 19:27:47.336,1.99139,1.99152,1.00,1.00
2015.06.08 19:27:47.387,1.99137,1.99151,1.00,1.00
2015.06.08 19:27:47.438,1.99129,1.99151,1.00,1.00
2015.06.08 19:27:47.539,1.99129,1.99149,1.00,1.00
2015.06.08 19:27:47.796,1.99124,1.99148,1.00,1.00
2015.06.08 19:27:47.847,1.99122,1.99146,1.00,1.00
2015.06.08 19:28:04.353,1.99125,1.99146,1.50,1.00
2015.06.08 19:28:04.681,1.99127,1.99146,1.00,1.00
2015.06.08 19:28:04.732,1.99127,1.99151,1.00,1.00
2015.06.08 19:28:05.370,1.99128,1.99151,1.00,1.00
2015.06.08 19:28:06.641,1.99127,1.99151,1.00,1.00
2015.06.08 19:28:07.183,1.99126,1.99151,1.00,1.00
2015.06.08 19:28:07.399,1.99128,1.99154,1.00,1.00
2015.06.08 19:28:07.501,1.99128,1.9915,1.00,1.00
2015.06.08 19:28:07.754,1.99128,1.99154,1.00,1.00
2015.06.08 19:28:16.356,1.99128,1.99151,1.00,1.50
2015.06.08 19:28:19.867,1.99128,1.99149,1.00,1.50
2015.06.08 19:28:19.918,1.99125,1.99149,1.00,1.50
2015.06.08 19:28:19.969,1.99125,1.9914,1.00,1.00
2015.06.08 19:28:20.020,1.9912,1.9914,1.00,1.00
2015.06.08 19:28:20.071,1.9912,1.99133,1.00,1.00
2015.06.08 19:28:20.586,1.99119,1.99133,1.00,1.00
2015.06.08 19:28:20.890,1.99113,1.99127,1.00,1.00
2015.06.08 19:28:29.395,1.99113,1.99132,1.00,1.00
2015.06.08 19:28:29.446,1.9911,1.99132,1.00,1.00
2015.06.08 19:28:29.497,1.9911,1.99126,1.00,1.50
2015.06.08 19:28:29.699,1.9911,1.99131,1.00,1.00
2015.06.08 19:28:29.953,1.9911,1.99136,1.00,1.00
2015.06.08 19:28:33.006,1.99114,1.99136,1.00,1.00
2015.06.08 19:28:33.721,1.9911,1.99136,1.00,1.00
2015.06.08 19:28:36.029,1.99115,1.99136,1.00,1.00
2015.06.08 19:28:36.332,1.99121,1.99139,1.50,1.00
2015.06.08 19:28:36.837,1.99115,1.99139,2.25,1.00
2015.06.08 19:28:50.194,1.99117,1.99139,1.00,1.00
2015.06.08 19:28:50.721,1.99118,1.99139,1.00,1.00
2015.06.08 19:28:53.773,1.99115,1.99139,1.00,1.00
2015.06.08 19:29:00.429,1.99115,1.99132,1.00,1.00
2015.06.08 19:29:00.589,1.99113,1.99131,1.00,1.00
2015.06.08 19:29:00.842,1.99113,1.99125,1.00,1.00
2015.06.08 19:29:01.145,1.99113,1.99123,1.00,1.00
2015.06.08 19:29:01.470,1.9911,1.99123,1.00,1.00
2015.06.08 19:29:02.505,1.9911,1.99129,1.00,1.50
2015.06.08 19:29:05.863,1.99106,1.99129,1.00,1.50
2015.06.08 19:29:13.184,1.99106,1.99132,1.00,1.00
2015.06.08 19:29:13.798,1.99109,1.99135,1.00,1.00
2015.06.08 19:29:14.302,1.9911,1.99135,1.00,1.00
2015.06.08 19:29:25.049,1.99115,1.99135,1.00,1.00
2015.06.08 19:29:25.100,1.99117,1.99138,1.00,1.00
2015.06.08 19:29:25.151,1.99117,1.99142,1.50,1.00
2015.06.08 19:29:25.659,1.99116,1.99142,1.00,1.00
2015.06.08 19:29:28.626,1.9912,1.99142,1.00,1.00
2015.06.08 19:29:28.728,1.99116,1.99142,1.00,1.00
2015.06.08 19:29:41.435,1.99119,1.99143,1.00,1.00
2015.06.08 19:29:41.979,1.9912,1.99142,1.00,1.00
2015.06.08 19:29:47.354,1.9912,1.99136,1.00,1.00
2015.06.08 19:29:51.878,1.9912,1.99138,1.00,1.00
2015.06.08 19:29:51.931,1.99122,1.99143,1.00,1.00
2015.06.08 19:29:51.982,1.99126,1.99144,1.00,1.00
2015.06.08 19:29:52.171,1.99131,1.99155,1.34,1.00
2015.06.08 19:29:52.272,1.99133,1.99157,1.00,1.00
2015.06.08 19:30:06.071,1.99137,1.99157,1.00,1.00
2015.06.08 19:30:06.223,1.99143,1.99167,1.34,1.00
2015.06.08 19:30:06.324,1.99143,1.99165,1.34,1.00
2015.06.08 19:30:06.375,1.99143,1.99165,1.34,1.00
2015.06.08 19:30:06.476,1.99146,1.99165,1.00,1.00
2015.06.08 19:30:06.628,1.99146,1.99171,1.00,1.50
2015.06.08 19:30:06.729,1.99151,1.99171,1.00,1.50
2015.06.08 19:30:07.031,1.99157,1.99174,2.59,1.00
2015.06.08 19:30:09.250,1.99148,1.99174,1.00,1.00
2015.06.08 19:30:12.657,1.99148,1.9916,1.00,1.00
2015.06.08 19:30:12.961,1.99147,1.99164,1.00,1.00
2015.06.08 19:30:13.062,1.99144,1.99164,1.00,1.00
2015.06.08 19:30:13.163,1.99144,1.9916,1.00,1.00
2015.06.08 19:30:13.215,1.99141,1.9916,1.00,1.00
2015.06.08 19:30:13.267,1.99135,1.99153,1.00,1.00
2015.06.08 19:30:13.369,1.9913,1.99152,1.00,1.00
2015.06.08 19:30:13.628,1.9913,1.99156,1.00,1.00
2015.06.08 19:30:24.440,1.9913,1.99154,1.00,1.50
2015.06.08 19:30:27.720,1.9913,1.99148,1.00,1.00
2015.06.08 19:30:27.772,1.99128,1.99147,1.00,1.00
2015.06.08 19:30:28.385,1.99125,1.99147,1.00,1.00
2015.06.08 19:30:28.486,1.99123,1.99147,1.00,1.00
2015.06.08 19:30:32.946,1.99123,1.99143,1.00,1.00
2015.06.08 19:30:34.050,1.99116,1.99142,1.00,1.00
2015.06.08 19:30:34.852,1.99116,1.99137,1.00,1.00
2015.06.08 19:30:35.156,1.99116,1.99135,1.00,1.00
2015.06.08 19:30:35.358,1.99114,1.99135,1.00,1.00
2015.06.08 19:30:40.285,1.99114,1.99138,1.00,1.00
2015.06.08 19:30:40.538,1.99117,1.99138,1.00,1.00
2015.06.08 19:30:41.452,1.99116,1.99138,1.00,1.00
2015.06.08 19:30:42.730,1.99118,1.99138,1.00,1.00
2015.06.08 19:30:42.932,1.99115,1.99138,1.00,1.00
2015.06.08 19:30:43.184,1.99117,1.99138,1.00,1.00
2015.06.08 19:30:43.639,1.99118,1.99142,1.50,1.00
2015.06.08 19:30:43.841,1.9912,1.99142,1.00,1.00
2015.06.08 19:30:43.892,1.99121,1.99145,1.00,1.00
2015.06.08 19:30:43.943,1.99127,1.99145,1.00,1.00
2015.06.08 19:30:43.994,1.99127,1.99148,1.00,1.00
2015.06.08 19:30:44.599,1.99131,1.9915,1.00,1.00
2015.06.08 19:30:46.204,1.99127,1.9915,1.00,1.00
2015.06.08 19:30:47.220,1.99126,1.9915,1.00,1.00
2015.06.08 19:31:04.920,1.99127,1.9915,1.00,1.00
2015.06.08 19:31:06.126,1.99126,1.9915,1.00,1.00
2015.06.08 19:31:06.896,1.99127,1.9915,1.00,1.00
2015.06.08 19:31:08.989,1.99129,1.9915,1.00,1.00
2015.06.08 19:31:09.129,1.99126,1.9915,1.00,1.00
2015.06.08 19:31:15.151,1.99126,1.99149,1.00,1.00
2015.06.08 19:31:18.256,1.99126,1.99145,1.00,1.00
2015.06.08 19:31:18.357,1.99122,1.99145,1.00,1.50
2015.06.08 19:31:18.710,1.9912,1.99144,1.00,1.00
2015.06.08 19:31:19.467,1.99116,1.99142,1.00,1.00
2015.06.08 19:31:41.087,1.99108,1.99132,1.00,1.00
2015.06.08 19:31:41.389,1.99105,1.99117,1.00,1.00
2015.06.08 19:31:42.023,1.99102,1.99117,1.00,1.00
2015.06.08 19:31:42.911,1.99102,1.99115,1.00,1.00
2015.06.08 19:31:46.500,1.99103,1.99115,1.00,1.00
2015.06.08 19:31:47.002,1.99104,1.99115,1.00,1.00
2015.06.08 19:31:47.507,1.99103,1.99115,1.00,1.00
2015.06.08 19:31:47.870,1.99105,1.99115,1.00,1.00
2015.06.08 19:31:49.485,1.99101,1.99115,1.09,1.00
2015.06.08 19:31:49.687,1.99092,1.99115,1.84,1.00
2015.06.08 19:31:49.738,1.99092,1.99104,1.09,1.00
2015.06.08 19:31:50.042,1.99098,1.99102,1.00,1.00
2015.06.08 19:31:50.146,1.99097,1.99101,1.00,1.00
2015.06.08 19:31:50.247,1.99101,1.99105,1.00,1.00
2015.06.08 19:31:50.399,1.99101,1.99105,1.00,1.00
2015.06.08 19:31:50.557,1.991,1.99105,1.00,1.00
2015.06.08 19:31:50.817,1.99105,1.99109,1.00,1.00
2015.06.08 19:31:50.968,1.99104,1.99108,1.00,1.00
2015.06.08 19:31:51.127,1.99109,1.99113,1.00,1.00
2015.06.08 19:31:51.178,1.99108,1.99112,1.00,1.00
2015.06.08 19:31:51.335,1.99114,1.99119,1.00,1.00
2015.06.08 19:31:51.921,1.99112,1.99119,1.00,1.00
2015.06.08 19:31:52.022,1.99106,1.99119,1.00,1.00
2015.06.08 19:31:52.124,1.9911,1.99119,1.00,1.00
2015.06.08 19:31:52.675,1.99111,1.99119,1.00,1.00
2015.06.08 19:31:52.978,1.99113,1.9912,1.00,1.00
2015.06.08 19:31:53.130,1.99111,1.9912,1.00,1.00
2015.06.08 19:31:53.552,1.99114,1.9912,1.00,1.00
2015.06.08 19:31:53.754,1.99114,1.99123,1.00,1.00
2015.06.08 19:31:53.905,1.99111,1.99123,1.00,1.00
2015.06.08 19:31:54.208,1.99113,1.99123,1.00,1.00
2015.06.08 19:31:54.754,1.99112,1.99123,1.00,1.00
2015.06.08 19:31:55.108,1.9911,1.99123,1.50,1.00
2015.06.08 19:31:55.636,1.99111,1.99123,1.00,1.00
2015.06.08 19:31:56.326,1.9911,1.99123,1.00,1.00
2015.06.08 19:31:57.354,1.99112,1.99123,1.00,1.00
2015.06.08 19:31:57.422,1.9911,1.99123,1.00,1.00
2015.06.08 19:31:57.474,1.99104,1.9912,1.00,1.00
2015.06.08 19:31:57.526,1.99104,1.99112,1.00,1.00
2015.06.08 19:31:57.577,1.99097,1.99109,1.50,1.00
2015.06.08 19:31:57.678,1.99093,1.99109,1.00,1.00
2015.06.08 19:31:57.780,1.99093,1.99105,1.00,1.00
2015.06.08 19:31:57.882,1.99091,1.99105,1.00,1.00
2015.06.08 19:31:58.843,1.99093,1.99105,1.00,1.00
2015.06.08 19:31:59.146,1.99083,1.99095,1.00,1.00
2015.06.08 19:31:59.298,1.99074,1.99093,1.34,1.00
2015.06.08 19:31:59.359,1.99074,1.99093,1.00,1.00
2015.06.08 19:31:59.662,1.9907,1.99093,1.00,1.00
2015.06.08 19:31:59.714,1.9907,1.99088,1.00,1.00
2015.06.08 19:32:00.071,1.99068,1.99088,1.00,1.00
2015.06.08 19:32:00.173,1.99071,1.99084,1.00,1.00
2015.06.08 19:32:00.375,1.99066,1.99092,1.00,1.00
2015.06.08 19:32:00.426,1.9906,1.99081,1.00,1.00
2015.06.08 19:32:00.779,1.9906,1.99077,1.00,1.00
2015.06.08 19:32:00.948,1.99057,1.99075,1.00,1.00
2015.06.08 19:32:01.049,1.9906,1.99075,1.00,1.00
2015.06.08 19:32:01.719,1.99062,1.99075,1.00,1.00
2015.06.08 19:32:01.820,1.9906,1.99075,1.00,1.00
2015.06.08 19:32:02.266,1.99061,1.99072,1.00,1.00
2015.06.08 19:32:02.368,1.99059,1.99072,1.00,1.00
2015.06.08 19:32:02.875,1.99058,1.99072,1.00,1.00
2015.06.08 19:32:03.067,1.99061,1.99072,1.00,1.00
2015.06.08 19:32:03.835,1.9906,1.99072,1.00,1.00
2015.06.08 19:32:04.006,1.99061,1.99074,1.00,1.00
2015.06.08 19:32:04.284,1.99061,1.9908,1.00,1.00
2015.06.08 19:32:04.587,1.9906,1.99087,1.00,1.00
2015.06.08 19:32:04.739,1.9906,1.99092,1.00,1.00
2015.06.08 19:32:04.790,1.99057,1.99092,1.00,1.00
2015.06.08 19:32:04.941,1.99059,1.99092,1.00,1.00
2015.06.08 19:32:05.478,1.99058,1.99092,1.00,1.00
2015.06.08 19:32:05.889,1.9906,1.99092,1.00,1.00
2015.06.08 19:32:06.041,1.9906,1.99096,1.00,1.00
2015.06.08 19:32:06.486,1.99057,1.99096,1.00,1.00
2015.06.08 19:32:06.941,1.99055,1.99092,1.00,1.00
2015.06.08 19:32:07.434,1.99054,1.9909,1.00,1.00
2015.06.08 19:32:07.586,1.99052,1.9909,1.00,1.00
2015.06.08 19:32:07.737,1.99047,1.99084,1.50,1.00
2015.06.08 19:32:08.163,1.99051,1.99084,1.50,1.00
2015.06.08 19:32:08.389,1.99058,1.99094,1.00,1.00
2015.06.08 19:32:08.440,1.99065,1.99101,1.34,1.00
2015.06.08 19:32:08.692,1.99069,1.99107,1.00,1.00
2015.06.08 19:32:08.802,1.99069,1.99104,1.34,1.00
2015.06.08 19:32:09.105,1.9907,1.99089,1.34,1.00
2015.06.08 19:32:09.442,1.99073,1.99089,1.00,1.00
2015.06.08 19:32:09.659,1.99066,1.99092,1.34,1.00
2015.06.08 19:32:09.911,1.99067,1.99092,1.00,1.00
2015.06.08 19:32:09.962,1.99072,1.99092,1.00,1.00
2015.06.08 19:32:10.272,1.99075,1.9909,1.00,1.00
2015.06.08 19:32:10.990,1.99076,1.9909,1.00,1.00
2015.06.08 19:32:11.092,1.99074,1.9909,1.00,1.00
2015.06.08 19:32:11.194,1.99062,1.99078,1.00,1.00
2015.06.08 19:32:11.296,1.99049,1.99073,1.00,1.00
2015.06.08 19:32:11.397,1.99048,1.99078,1.00,1.00
2015.06.08 19:32:11.533,1.99047,1.99075,1.00,1.00
2015.06.08 19:32:11.837,1.99049,1.99073,1.00,1.00
2015.06.08 19:32:11.989,1.99049,1.99076,1.00,1.00
2015.06.08 19:32:12.040,1.99049,1.99079,1.00,1.00
2015.06.08 19:32:14.459,1.99049,1.99076,1.00,1.00
2015.06.08 19:32:14.510,1.99047,1.99076,1.00,1.00
2015.06.08 19:32:14.611,1.99039,1.99076,1.00,1.00
2015.06.08 19:32:14.712,1.99035,1.99074,1.50,1.00
2015.06.08 19:32:14.763,1.99035,1.99069,1.00,1.00
2015.06.08 19:32:14.814,1.99032,1.99069,1.00,1.00
2015.06.08 19:32:14.865,1.99029,1.99067,1.00,1.00
2015.06.08 19:32:14.916,1.99022,1.99059,1.50,1.00
2015.06.08 19:32:15.017,1.99017,1.99055,1.00,1.00
2015.06.08 19:32:15.118,1.99017,1.99053,1.00,1.00
2015.06.08 19:32:15.225,1.99008,1.99052,1.00,1.00
2015.06.08 19:32:15.275,1.99008,1.99046,1.00,1.00
2015.06.08 19:32:15.478,1.98997,1.99047,2.25,1.00
2015.06.08 19:32:15.579,1.99012,1.99055,1.00,1.50
2015.06.08 19:32:15.882,1.99028,1.99062,1.34,1.00
2015.06.08 19:32:15.996,1.99037,1.99074,1.50,1.00
2015.06.08 19:32:16.047,1.99041,1.99074,1.00,1.00
2015.06.08 19:32:16.200,1.99043,1.99077,1.00,1.00
2015.06.08 19:32:16.250,1.99047,1.99077,1.50,1.00
2015.06.08 19:32:16.503,1.99055,1.99088,1.50,1.00
2015.06.08 19:32:16.605,1.99057,1.99089,1.00,1.00
2015.06.08 19:32:16.709,1.99061,1.99106,1.00,1.00
2015.06.08 19:32:16.811,1.99061,1.9911,1.00,1.00
2015.06.08 19:32:16.967,1.99061,1.99097,1.00,1.00
2015.06.08 19:32:17.503,1.99061,1.99096,1.50,1.00
2015.06.08 19:32:18.028,1.99062,1.99096,1.00,1.00
2015.06.08 19:32:18.369,1.99068,1.99101,1.00,1.00
2015.06.08 19:32:18.470,1.99064,1.99101,1.00,1.00
2015.06.08 19:32:18.875,1.99062,1.99098,1.00,1.00
2015.06.08 19:32:18.926,1.9906,1.99097,1.00,1.00
2015.06.08 19:32:18.977,1.99056,1.99093,1.00,1.50
2015.06.08 19:32:19.280,1.99062,1.99084,1.00,1.00
2015.06.08 19:32:19.587,1.99065,1.9908,1.00,1.00
2015.06.08 19:32:19.890,1.99066,1.99077,1.00,1.00
2015.06.08 19:32:20.042,1.99066,1.99079,1.00,1.00
2015.06.08 19:32:20.092,1.99068,1.99079,1.00,1.00
2015.06.08 19:32:22.187,1.99066,1.99079,1.00,1.00
2015.06.08 19:32:22.692,1.99065,1.99079,1.00,1.00
2015.06.08 19:32:24.444,1.99068,1.99079,1.00,1.00
2015.06.08 19:32:24.701,1.99068,1.99083,1.00,1.00
2015.06.08 19:32:25.054,1.99065,1.99083,1.50,1.00
2015.06.08 19:32:25.256,1.99062,1.9908,1.00,1.00
2015.06.08 19:32:25.358,1.99056,1.9908,1.50,1.00
2015.06.08 19:32:25.409,1.99056,1.99082,1.50,1.00
2015.06.08 19:32:27.599,1.99057,1.99082,1.00,1.00
2015.06.08 19:32:29.239,1.99056,1.99082,1.00,1.00
2015.06.08 19:32:29.881,1.99058,1.99082,1.00,1.00
2015.06.08 19:32:30.134,1.99056,1.99082,1.00,1.00
2015.06.08 19:32:34.199,1.99059,1.99085,1.00,1.00
2015.06.08 19:32:34.503,1.99062,1.99085,1.00,1.00
2015.06.08 19:32:34.604,1.99072,1.99096,1.00,1.00
2015.06.08 19:32:34.706,1.99074,1.991,1.00,1.00
2015.06.08 19:32:36.068,1.99077,1.991,1.00,1.00
2015.06.08 19:32:36.169,1.99078,1.99102,1.00,1.00
2015.06.08 19:32:39.888,1.9908,1.99104,1.00,1.00
2015.06.08 19:32:43.362,1.99083,1.99104,1.00,1.00
2015.06.08 19:32:43.564,1.9908,1.99104,1.00,1.00
2015.06.08 19:32:51.038,1.9908,1.99104,1.34,1.00
2015.06.08 19:32:51.341,1.99087,1.99104,1.00,1.00
2015.06.08 19:32:51.392,1.99089,1.99113,1.00,1.00
2015.06.08 19:33:03.153,1.9909,1.99113,1.00,1.00
2015.06.08 19:33:03.558,1.99095,1.99117,1.00,1.00
2015.06.08 19:33:03.861,1.99097,1.99117,1.00,1.00
2015.06.08 19:33:04.232,1.99095,1.99117,1.00,1.00
2015.06.08 19:33:04.411,1.99097,1.99117,1.00,1.00
2015.06.08 19:33:06.519,1.99092,1.99117,1.00,1.00
2015.06.08 19:33:06.974,1.99091,1.99115,1.00,1.00
2015.06.08 19:33:09.903,1.99091,1.99116,1.00,1.00
2015.06.08 19:33:14.890,1.99091,1.99117,1.00,1.00
2015.06.08 19:33:15.194,1.99091,1.99111,1.00,1.00
2015.06.08 19:33:15.301,1.99091,1.99116,1.00,1.00
2015.06.08 19:33:15.856,1.99091,1.99117,1.00,1.00
2015.06.08 19:33:16.729,1.99094,1.99117,1.50,1.00
2015.06.08 19:33:16.830,1.99091,1.99117,1.00,1.00
2015.06.08 19:33:21.349,1.99091,1.99114,1.00,1.00
2015.06.08 19:33:21.453,1.99089,1.99114,1.00,1.00
2015.06.08 19:33:21.606,1.99089,1.9911,1.00,1.00
2015.06.08 19:33:21.808,1.99089,1.99115,1.00,1.00
2015.06.08 19:33:25.341,1.99091,1.99115,1.50,1.00
2015.06.08 19:33:25.565,1.99089,1.99115,1.00,1.00
2015.06.08 19:33:34.771,1.99093,1.99115,1.00,1.00
2015.06.08 19:33:34.822,1.99095,1.99121,1.00,1.00
2015.06.08 19:33:35.025,1.99097,1.99121,1.00,1.00
2015.06.08 19:33:35.328,1.99099,1.99121,1.00,1.00
2015.06.08 19:33:35.379,1.99099,1.99124,1.00,1.00
2015.06.08 19:33:37.693,1.99098,1.99124,1.00,1.00
2015.06.08 19:33:38.597,1.99098,1.99124,1.67,1.00
2015.06.08 19:33:38.698,1.99103,1.99127,1.00,1.00
2015.06.08 19:33:39.066,1.99109,1.99127,1.00,1.00
2015.06.08 19:33:46.358,1.99103,1.99127,1.00,1.00
2015.06.08 19:33:46.560,1.99108,1.99127,1.00,1.00
2015.06.08 19:33:46.661,1.9911,1.9913,1.00,1.00
2015.06.08 19:33:46.820,1.99115,1.9913,1.00,1.00
2015.06.08 19:33:46.870,1.99115,1.99133,1.00,1.00
2015.06.08 19:33:48.233,1.99107,1.99133,1.00,1.00
2015.06.08 19:33:49.286,1.99111,1.99133,1.00,1.00
2015.06.08 19:33:49.589,1.99117,1.99133,1.00,1.00
2015.06.08 19:33:50.175,1.99117,1.99135,1.00,1.00
2015.06.08 19:33:51.867,1.99127,1.99135,1.00,1.00
2015.06.08 19:33:51.918,1.99127,1.99142,1.50,1.00
2015.06.08 19:33:51.969,1.99128,1.99147,1.00,1.00
2015.06.08 19:33:52.020,1.99135,1.99151,1.50,1.00
2015.06.08 19:33:52.222,1.99141,1.99179,1.50,1.50
2015.06.08 19:33:52.273,1.99141,1.99174,1.00,1.00
2015.06.08 19:33:52.324,1.99136,1.99174,1.50,1.50
2015.06.08 19:33:52.627,1.99144,1.9917,1.00,1.00
2015.06.08 19:33:55.750,1.9915,1.9917,1.50,1.00
2015.06.08 19:33:55.851,1.99148,1.9917,1.00,1.00
2015.06.08 19:33:55.902,1.99144,1.9917,1.00,1.00
2015.06.08 19:33:56.476,1.9915,1.99172,1.00,1.00
2015.06.08 19:33:56.779,1.99157,1.99183,1.00,1.00
2015.06.08 19:33:57.183,1.99153,1.99174,1.00,1.50
2015.06.08 19:33:57.707,1.99152,1.99174,1.00,1.50
2015.06.08 19:33:58.112,1.99152,1.99176,1.00,1.00
2015.06.08 19:34:00.920,1.99152,1.99175,1.00,1.00
2015.06.08 19:34:01.429,1.99152,1.99174,1.00,1.00
2015.06.08 19:34:01.481,1.99152,1.99176,1.00,1.00
2015.06.08 19:34:02.339,1.99173,1.99177,1.00,1.00
2015.06.08 19:34:02.451,1.99177,1.99184,1.00,1.00
2015.06.08 19:34:02.502,1.9918,1.99185,1.00,1.00
2015.06.08 19:34:02.553,1.9918,1.992,1.00,1.00
2015.06.08 19:34:02.604,1.99182,1.992,1.00,1.00
2015.06.08 19:34:02.706,1.99178,1.992,1.00,1.00
2015.06.08 19:34:02.807,1.99178,1.99216,1.00,1.50
2015.06.08 19:34:02.858,1.99183,1.99229,1.00,1.67
2015.06.08 19:34:03.211,1.99182,1.99217,1.00,1.00
2015.06.08 19:34:03.515,1.9918,1.99217,1.00,1.00
2015.06.08 19:34:07.869,1.9918,1.99216,1.00,1.00
2015.06.08 19:34:07.920,1.99177,1.99214,1.00,1.50
2015.06.08 19:34:07.971,1.99177,1.99212,1.00,2.62
2015.06.08 19:34:08.022,1.99171,1.99208,1.50,2.17
2015.06.08 19:34:08.073,1.99164,1.99203,1.00,1.67
2015.06.08 19:34:08.124,1.99155,1.99194,1.50,1.00
2015.06.08 19:34:08.478,1.99151,1.9919,1.00,1.00
2015.06.08 19:34:09.693,1.99153,1.99192,1.00,1.00
2015.06.08 19:34:10.019,1.99157,1.99194,1.00,1.00
2015.06.08 19:34:11.451,1.99153,1.99192,1.00,1.00
2015.06.08 19:34:12.700,1.99153,1.99185,1.00,1.00
2015.06.08 19:34:12.802,1.99149,1.99185,1.00,1.50
2015.06.08 19:34:15.013,1.99148,1.99178,1.00,1.00
2015.06.08 19:34:15.070,1.99144,1.99176,1.00,1.00
2015.06.08 19:34:15.121,1.99141,1.9917,1.50,1.00
2015.06.08 19:34:15.172,1.99137,1.99169,1.00,1.00
2015.06.08 19:34:15.324,1.99133,1.99169,2.25,1.00
2015.06.08 19:34:15.426,1.99133,1.99165,2.25,1.00
2015.06.08 19:34:15.932,1.99133,1.99164,1.00,1.00
2015.06.08 19:34:17.042,1.99133,1.9916,1.00,1.00
2015.06.08 19:34:17.194,1.99133,1.9917,1.00,1.00
2015.06.08 19:34:21.664,1.99136,1.9917,1.00,1.00
2015.06.08 19:34:21.980,1.99143,1.9917,1.00,1.00
2015.06.08 19:34:22.408,1.99141,1.9917,1.00,1.00
2015.06.08 19:34:23.170,1.99142,1.9917,1.00,1.00
2015.06.08 19:34:23.372,1.99138,1.9917,1.00,1.00
2015.06.08 19:34:23.682,1.99145,1.9917,1.00,1.00
2015.06.08 19:34:24.003,1.99146,1.99164,1.00,1.00
2015.06.08 19:34:24.311,1.99152,1.99169,1.00,1.00
2015.06.08 19:34:24.362,1.99146,1.99169,1.00,1.00
2015.06.08 19:34:24.565,1.99154,1.99169,1.00,1.00
2015.06.08 19:34:24.716,1.99147,1.99169,1.00,1.00
2015.06.08 19:34:24.818,1.99145,1.99169,1.00,1.00
2015.06.08 19:34:27.422,1.99146,1.99169,1.00,1.00
2015.06.08 19:34:27.949,1.99145,1.99169,1.00,1.00
2015.06.08 19:34:28.518,1.99146,1.99169,1.00,1.00
2015.06.08 19:34:30.623,1.99145,1.99169,1.00,1.00
2015.06.08 19:34:31.158,1.99146,1.99169,1.00,1.00
2015.06.08 19:34:32.299,1.99145,1.99169,1.00,1.00
2015.06.08 19:34:33.367,1.99149,1.99169,1.00,1.00
2015.06.08 19:34:33.670,1.99152,1.99169,1.00,1.00
2015.06.08 19:34:34.178,1.99149,1.99169,1.50,1.00
2015.06.08 19:34:44.258,1.99153,1.99169,1.84,1.00
2015.06.08 19:34:44.380,1.99153,1.99172,1.84,1.00
2015.06.08 19:34:44.684,1.99154,1.99175,1.34,1.00
2015.06.08 19:34:44.785,1.99155,1.99177,1.34,1.00
2015.06.08 19:34:45.239,1.99157,1.9918,1.00,1.00
2015.06.08 19:34:45.290,1.99162,1.9918,1.00,1.00
2015.06.08 19:34:45.442,1.99163,1.99186,1.84,1.00
2015.06.08 19:34:57.977,1.99163,1.99187,2.59,1.00
2015.06.08 19:34:58.078,1.99169,1.99187,1.00,1.00
2015.06.08 19:34:58.179,1.99172,1.99193,1.00,1.00
2015.06.08 19:34:58.230,1.99178,1.99202,1.00,1.00
2015.06.08 19:35:04.293,1.99191,1.99202,1.00,1.00
2015.06.08 19:35:04.430,1.9919,1.99208,1.34,1.00
2015.06.08 19:35:06.964,1.9919,1.99213,1.34,1.00
2015.06.08 19:35:08.891,1.9919,1.99213,1.00,1.00
2015.06.08 19:35:09.440,1.99189,1.99213,1.00,1.00
2015.06.08 19:35:09.997,1.99197,1.99216,1.00,1.00
2015.06.08 19:35:10.307,1.99205,1.99227,1.84,1.00
2015.06.08 19:35:10.358,1.99205,1.99231,2.59,1.00
2015.06.08 19:35:12.893,1.99205,1.99231,1.00,1.00
2015.06.08 19:35:15.276,1.99205,1.9923,1.00,1.00
2015.06.08 19:35:15.497,1.99205,1.99228,1.00,1.00
2015.06.08 19:35:16.024,1.99202,1.99226,1.00,1.00
2015.06.08 19:35:16.126,1.99202,1.99223,1.00,1.00
2015.06.08 19:35:16.177,1.99198,1.99221,1.00,1.00
2015.06.08 19:35:16.480,1.99198,1.99223,1.00,1.00
2015.06.08 19:35:17.020,1.99198,1.99224,1.00,1.00
2015.06.08 19:35:17.071,1.99198,1.99218,1.00,1.00
2015.06.08 19:35:17.682,1.99194,1.9921,1.00,1.00
2015.06.08 19:35:17.784,1.99191,1.9921,1.00,1.00
2015.06.08 19:35:20.175,1.99191,1.99211,1.50,1.00
2015.06.08 19:35:20.226,1.99194,1.99215,1.84,1.00
2015.06.08 19:35:20.430,1.99197,1.99218,1.34,1.00
2015.06.08 19:35:27.032,1.99194,1.99218,1.00,1.00
2015.06.08 19:35:44.319,1.99194,1.99213,1.00,1.00
2015.06.08 19:35:46.097,1.99194,1.99218,1.00,1.50
2015.06.08 19:35:51.741,1.99189,1.99215,1.00,1.00
2015.06.08 19:35:51.792,1.99187,1.99203,1.34,1.00
2015.06.08 19:35:51.944,1.99183,1.99203,1.00,1.50
2015.06.08 19:35:52.693,1.99183,1.99198,1.00,1.00
2015.06.08 19:35:52.945,1.99179,1.99197,1.00,1.00
2015.06.08 19:35:55.051,1.99178,1.99197,1.00,1.00
2015.06.08 19:35:55.102,1.99178,1.99187,1.00,1.00
2015.06.08 19:35:55.246,1.9917,1.99187,1.00,1.00
2015.06.08 19:35:56.111,1.9917,1.99192,1.00,1.00
2015.06.08 19:35:56.720,1.9917,1.99187,1.00,1.00
2015.06.08 19:35:58.146,1.99167,1.99183,1.00,1.00
2015.06.08 19:35:58.247,1.99164,1.99183,1.00,1.00
2015.06.08 19:35:58.550,1.99162,1.99183,1.00,1.00
2015.06.08 19:35:58.601,1.99159,1.99183,1.00,1.00
2015.06.08 19:35:58.652,1.99159,1.99178,1.00,1.00
2015.06.08 19:36:00.621,1.99159,1.99172,1.00,1.00
2015.06.08 19:36:00.672,1.99157,1.99172,1.00,1.00
2015.06.08 19:36:00.774,1.99152,1.99172,1.00,1.00
2015.06.08 19:36:04.354,1.99152,1.99166,1.00,1.00
2015.06.08 19:36:04.405,1.99145,1.99166,1.00,1.00
2015.06.08 19:36:04.456,1.9914,1.99158,1.00,1.00
2015.06.08 19:36:04.507,1.99137,1.99158,1.00,1.00
2015.06.08 19:36:04.558,1.99137,1.99153,1.00,1.00
2015.06.08 19:36:04.659,1.99132,1.99153,1.00,1.50
2015.06.08 19:36:04.760,1.99129,1.99153,1.00,1.50
2015.06.08 19:36:06.642,1.99129,1.99147,1.00,1.00
2015.06.08 19:36:06.744,1.99124,1.99147,1.00,1.00
2015.06.08 19:36:06.795,1.99122,1.99146,1.00,1.00
2015.06.08 19:36:06.846,1.99127,1.99146,1.84,1.00
2015.06.08 19:36:06.947,1.99127,1.99149,1.84,1.00
2015.06.08 19:36:07.048,1.99133,1.99149,1.84,1.00
2015.06.08 19:36:07.201,1.99135,1.99152,1.84,1.00
2015.06.08 19:36:07.252,1.99135,1.99161,1.84,1.00
2015.06.08 19:36:07.404,1.99135,1.99167,1.84,1.00
2015.06.08 19:36:07.518,1.99135,1.99169,1.84,1.00
2015.06.08 19:36:08.175,1.99133,1.99161,1.84,1.00
2015.06.08 19:36:08.377,1.9912,1.99155,1.00,1.00
2015.06.08 19:36:10.855,1.99119,1.99155,1.00,1.00
2015.06.08 19:36:15.048,1.99121,1.99155,1.00,1.50
2015.06.08 19:36:17.805,1.99122,1.99155,1.00,1.00
2015.06.08 19:36:19.735,1.99121,1.99155,1.00,1.00
2015.06.08 19:36:22.284,1.99123,1.99155,1.00,1.00
2015.06.08 19:36:23.650,1.99123,1.99156,1.00,1.50
2015.06.08 19:36:26.209,1.99123,1.99158,1.00,1.50
2015.06.08 19:36:26.260,1.99127,1.99158,1.00,1.50
2015.06.08 19:36:28.425,1.99126,1.99158,1.00,1.50
2015.06.08 19:36:31.302,1.99128,1.99161,1.00,1.00
2015.06.08 19:36:31.454,1.99128,1.99164,1.00,1.00
2015.06.08 19:36:31.555,1.99137,1.99164,1.00,1.00
2015.06.08 19:36:31.902,1.99151,1.99177,1.00,1.00
2015.06.08 19:36:32.214,1.99151,1.99172,1.00,1.00
2015.06.08 19:36:32.618,1.99148,1.99172,1.00,1.00
2015.06.08 19:36:33.175,1.99148,1.99171,1.00,1.00
2015.06.08 19:36:33.681,1.99148,1.99172,1.00,1.00
2015.06.08 19:36:40.361,1.99148,1.99166,1.00,1.00
2015.06.08 19:36:40.412,1.99144,1.99166,1.00,1.00
2015.06.08 19:36:40.463,1.99143,1.99164,1.00,1.00
2015.06.08 19:36:42.188,1.99143,1.99161,1.00,1.00
2015.06.08 19:36:42.491,1.99143,1.99159,1.00,1.00
2015.06.08 19:36:51.779,1.99143,1.99166,1.00,1.00
2015.06.08 19:36:52.082,1.99145,1.99167,1.00,1.00
2015.06.08 19:36:55.633,1.99143,1.99167,1.00,1.00
2015.06.08 19:36:57.891,1.99145,1.99167,1.00,1.00
2015.06.08 19:36:58.194,1.99158,1.99174,1.00,1.00
2015.06.08 19:36:58.742,1.99159,1.99174,1.00,1.00
2015.06.08 19:36:59.595,1.99159,1.99175,1.00,1.00
2015.06.08 19:37:00.106,1.99162,1.99175,1.00,1.00
2015.06.08 19:37:00.258,1.99158,1.99175,1.00,1.00
2015.06.08 19:37:00.460,1.99151,1.99175,1.00,1.00
2015.06.08 19:37:16.975,1.99151,1.99171,1.00,1.00
2015.06.08 19:37:17.783,1.99151,1.99173,1.00,1.00
2015.06.08 19:37:17.835,1.99151,1.99175,1.00,1.00
2015.06.08 19:37:18.339,1.99152,1.99175,1.00,1.00
2015.06.08 19:37:19.368,1.99151,1.99175,1.00,1.00
2015.06.08 19:37:19.872,1.99152,1.99175,1.50,1.00
2015.06.08 19:37:26.296,1.99154,1.99175,1.00,1.00
2015.06.08 19:37:26.549,1.99154,1.99178,1.50,1.00
2015.06.08 19:37:26.651,1.99162,1.99178,1.00,1.00
2015.06.08 19:37:27.107,1.99162,1.99182,1.00,1.00
2015.06.08 19:37:27.610,1.99159,1.99182,1.00,1.00
2015.06.08 19:37:28.165,1.99157,1.99182,1.50,1.00
2015.06.08 19:37:31.697,1.99156,1.99182,1.00,1.00
2015.06.08 19:37:31.990,1.99158,1.99182,1.50,1.00
2015.06.08 19:37:32.295,1.99166,1.99185,1.00,1.00
2015.06.08 19:37:32.396,1.99166,1.99187,1.00,1.00
2015.06.08 19:37:32.548,1.99166,1.9919,1.00,1.00
2015.06.08 19:37:35.726,1.99172,1.9919,1.00,1.00
2015.06.08 19:37:35.928,1.99172,1.99195,1.00,1.00
2015.06.08 19:37:36.029,1.99173,1.99197,1.00,1.00
2015.06.08 19:37:36.196,1.9918,1.99197,1.00,1.00
2015.06.08 19:37:36.450,1.9918,1.99204,1.50,1.00
2015.06.08 19:37:36.551,1.99185,1.99204,1.00,1.00
2015.06.08 19:37:39.254,1.99183,1.99204,1.00,1.00
2015.06.08 19:37:39.305,1.9918,1.99204,1.00,1.00
2015.06.08 19:37:45.177,1.9918,1.99202,1.00,1.50
2015.06.08 19:37:48.408,1.9918,1.99204,1.00,1.00
2015.06.08 19:37:48.914,1.99181,1.99204,1.00,1.00
2015.06.08 19:37:51.406,1.9918,1.99204,1.00,1.00
2015.06.08 19:38:00.619,1.99174,1.99198,1.00,1.42
2015.06.08 19:38:00.670,1.9917,1.99196,1.00,1.00
2015.06.08 19:38:00.721,1.9917,1.99189,1.00,1.00
2015.06.08 19:38:01.226,1.99168,1.99188,1.00,1.00
2015.06.08 19:38:01.842,1.99168,1.99192,1.00,1.00
2015.06.08 19:38:02.145,1.99168,1.99192,1.34,1.00
2015.06.08 19:38:04.200,1.99168,1.99191,1.34,1.00
2015.06.08 19:38:04.368,1.99168,1.9919,1.00,1.00
2015.06.08 19:38:16.441,1.99168,1.9919,1.34,1.00
2015.06.08 19:38:16.593,1.99168,1.99192,1.34,1.00
2015.06.08 19:38:17.121,1.99168,1.99192,1.50,1.00
2015.06.08 19:38:17.628,1.99168,1.99191,1.00,1.00
2015.06.08 19:38:23.210,1.99168,1.99192,1.00,1.00
2015.06.08 19:38:23.513,1.9917,1.99192,1.00,1.00
2015.06.08 19:38:23.816,1.99174,1.99192,1.50,1.00
2015.06.08 19:38:23.867,1.99174,1.99195,1.50,1.00
2015.06.08 19:38:23.969,1.99185,1.992,1.00,1.00
2015.06.08 19:38:24.020,1.99185,1.99204,1.00,1.00
2015.06.08 19:38:24.126,1.99185,1.99207,1.00,1.00
2015.06.08 19:38:24.229,1.99192,1.9921,1.00,1.00
2015.06.08 19:38:24.735,1.99186,1.9921,1.50,1.00
2015.06.08 19:38:31.381,1.99186,1.99206,1.00,1.50
2015.06.08 19:38:32.382,1.99186,1.9921,1.00,1.00
2015.06.08 19:38:34.738,1.99186,1.99201,1.00,1.00
2015.06.08 19:38:34.789,1.99182,1.99201,1.00,1.50
2015.06.08 19:38:34.839,1.99182,1.99193,1.00,1.00
2015.06.08 19:38:34.890,1.99177,1.99193,1.00,1.50
2015.06.08 19:38:34.941,1.99174,1.99193,1.00,1.50
2015.06.08 19:38:34.992,1.99174,1.99188,1.00,1.00
2015.06.08 19:38:35.093,1.9917,1.99188,1.00,1.50
2015.06.08 19:38:35.258,1.99175,1.99188,1.00,1.50
2015.06.08 19:38:35.460,1.99178,1.99196,1.00,1.00
2015.06.08 19:38:35.613,1.99177,1.99199,1.09,1.00
2015.06.08 19:38:37.531,1.99173,1.99199,1.00,1.00
2015.06.08 19:38:37.734,1.99173,1.99195,1.00,1.00
2015.06.08 19:38:54.668,1.99173,1.99196,1.00,1.00
2015.06.08 19:39:09.486,1.99171,1.99195,1.00,1.00
2015.06.08 19:39:09.688,1.99171,1.99189,1.00,1.00
2015.06.08 19:39:10.144,1.99171,1.99195,1.00,1.00
2015.06.08 19:39:10.346,1.99172,1.99195,2.59,1.00
2015.06.08 19:39:10.447,1.99177,1.99198,1.34,1.00
2015.06.08 19:39:11.004,1.99174,1.99193,1.34,1.00
2015.06.08 19:39:14.610,1.99174,1.99193,1.00,1.00
2015.06.08 19:39:14.661,1.99174,1.99198,1.00,1.00
2015.06.08 19:39:14.713,1.99175,1.99201,1.00,1.00
2015.06.08 19:39:14.814,1.99175,1.99201,1.34,1.00
2015.06.08 19:39:15.319,1.99177,1.99199,1.34,1.00
2015.06.08 19:39:24.733,1.99179,1.99201,1.00,1.00
2015.06.08 19:39:24.784,1.99179,1.99203,1.00,1.50
2015.06.08 19:39:25.038,1.99179,1.992,1.00,1.00
2015.06.08 19:39:35.074,1.99179,1.99203,1.00,1.00
2015.06.08 19:39:35.226,1.99179,1.99196,1.00,1.00
2015.06.08 19:39:35.431,1.99173,1.99195,1.00,1.00
2015.06.08 19:39:35.532,1.99169,1.99183,1.00,1.00
2015.06.08 19:39:35.633,1.99166,1.99182,1.00,1.00
2015.06.08 19:39:35.735,1.99163,1.99182,1.00,1.00
2015.06.08 19:39:35.996,1.99159,1.99182,1.00,1.00
2015.06.08 19:39:36.301,1.99159,1.9918,1.00,1.00
2015.06.08 19:39:37.074,1.99159,1.99182,1.00,1.50
2015.06.08 19:39:37.555,1.99159,1.99178,1.00,1.00
2015.06.08 19:39:37.656,1.99147,1.9917,1.00,1.00
2015.06.08 19:39:38.112,1.99144,1.99168,1.00,1.00
2015.06.08 19:39:38.718,1.99141,1.99167,1.00,1.00
2015.06.08 19:39:43.276,1.99141,1.99164,1.00,1.00
2015.06.08 19:39:48.912,1.99141,1.99164,2.59,1.00
2015.06.08 19:39:48.963,1.99146,1.99167,1.34,1.00
2015.06.08 19:39:50.703,1.99141,1.99167,1.00,1.00
2015.06.08 19:39:50.804,1.99141,1.99159,1.00,1.00
2015.06.08 19:39:51.107,1.99137,1.99154,1.00,1.50
2015.06.08 19:39:51.208,1.99132,1.99154,1.00,1.50
2015.06.08 19:39:51.410,1.99132,1.99158,1.00,1.00
2015.06.08 19:39:51.881,1.99134,1.99158,1.00,1.00
2015.06.08 19:39:52.487,1.9914,1.99158,1.00,1.00
2015.06.08 19:39:54.010,1.99132,1.99158,1.50,1.00
2015.06.08 19:39:58.197,1.99132,1.99157,1.00,1.00
2015.06.08 19:39:58.298,1.99132,1.99152,1.00,1.00
2015.06.08 19:39:59.730,1.99132,1.99157,1.00,1.00
2015.06.08 19:39:59.882,1.99131,1.99155,1.00,1.00
2015.06.08 19:40:00.196,1.99131,1.99152,1.00,1.00
2015.06.08 19:40:00.398,1.99125,1.99147,1.00,1.00
2015.06.08 19:40:00.552,1.99121,1.99147,1.00,2.25
2015.06.08 19:40:00.956,1.99118,1.99142,1.00,1.00
2015.06.08 19:40:01.289,1.99118,1.99139,1.00,1.00
2015.06.08 19:40:01.591,1.99118,1.99135,1.00,1.50
2015.06.08 19:40:02.551,1.99118,1.9914,1.00,1.50
2015.06.08 19:40:15.468,1.99116,1.9914,1.00,2.25
2015.06.08 19:40:23.779,1.99116,1.99138,1.00,1.00
2015.06.08 19:40:41.149,1.99116,1.99134,1.00,1.00
2015.06.08 19:40:45.761,1.99112,1.99134,1.00,1.00
2015.06.08 19:40:46.610,1.99112,1.99132,1.00,1.00
2015.06.08 19:40:46.712,1.99098,1.99124,1.00,1.00
2015.06.08 19:40:46.763,1.99098,1.99119,1.00,1.00
2015.06.08 19:40:47.067,1.99095,1.99119,1.00,1.50
2015.06.08 19:40:48.468,1.99095,1.99112,1.00,1.00
2015.06.08 19:40:48.620,1.99092,1.99112,1.00,1.00
2015.06.08 19:40:57.138,1.99089,1.99112,1.00,1.00
2015.06.08 19:41:03.783,1.99089,1.99113,1.00,1.50
2015.06.08 19:41:09.554,1.99089,1.99107,1.00,1.00
2015.06.08 19:41:10.200,1.99089,1.99113,1.00,1.50
2015.06.08 19:41:13.676,1.99093,1.99113,1.00,1.50
2015.06.08 19:41:13.878,1.99098,1.99122,1.50,1.00
2015.06.08 19:41:13.929,1.991,1.99126,1.50,1.00
2015.06.08 19:41:14.132,1.99117,1.99126,1.00,1.00
2015.06.08 19:41:14.233,1.99122,1.99149,1.00,1.00
2015.06.08 19:41:14.284,1.99117,1.99152,1.50,1.50
2015.06.08 19:41:14.335,1.99114,1.99152,2.25,1.50
2015.06.08 19:41:14.638,1.99122,1.99146,1.00,1.00
2015.06.08 19:41:18.429,1.99127,1.99146,1.00,1.00
2015.06.08 19:41:20.794,1.99125,1.99146,1.00,1.00
2015.06.08 19:41:20.845,1.99122,1.99146,1.00,1.00
2015.06.08 19:41:25.422,1.99122,1.99142,1.00,1.00
2015.06.08 19:41:27.949,1.99122,1.99136,1.00,1.50
2015.06.08 19:41:32.846,1.99122,1.99142,1.00,1.50
2015.06.08 19:41:32.947,1.99118,1.99142,1.00,1.50
2015.06.08 19:41:32.998,1.99115,1.99135,1.00,1.00
2015.06.08 19:41:33.503,1.99115,1.99134,1.00,1.00
2015.06.08 19:41:33.895,1.99115,1.99127,1.00,1.00
2015.06.08 19:41:34.259,1.99112,1.99127,1.00,1.00
2015.06.08 19:41:35.077,1.99109,1.99127,1.00,1.00
2015.06.08 19:41:36.636,1.99107,1.99127,1.00,1.00
2015.06.08 19:41:37.460,1.99107,1.99131,1.00,1.00
2015.06.08 19:41:44.480,1.99107,1.99126,1.00,1.00
2015.06.08 19:41:45.909,1.99105,1.99126,1.00,1.00
2015.06.08 19:41:45.960,1.99105,1.99119,1.00,1.00
2015.06.08 19:41:48.165,1.99101,1.99119,1.00,1.00
2015.06.08 19:42:02.603,1.99101,1.9912,1.00,1.00
2015.06.08 19:42:03.066,1.99101,1.99117,1.00,1.00
2015.06.08 19:42:03.117,1.99098,1.99117,1.00,1.00
2015.06.08 19:42:03.369,1.99098,1.99122,1.00,1.00
2015.06.08 19:42:03.471,1.99094,1.99112,1.00,1.00
2015.06.08 19:42:03.521,1.99091,1.99112,1.00,1.00
2015.06.08 19:42:03.623,1.99088,1.99112,1.00,1.50
2015.06.08 19:42:06.934,1.99088,1.99114,1.00,1.00
2015.06.08 19:42:08.618,1.99088,1.99111,1.00,1.00
2015.06.08 19:42:09.682,1.99088,1.99112,1.00,1.00
2015.06.08 19:42:09.733,1.99089,1.99114,1.00,1.00
2015.06.08 19:42:12.796,1.99088,1.99114,1.50,1.00
2015.06.08 19:42:23.869,1.99089,1.99114,1.00,1.00
2015.06.08 19:42:24.384,1.99095,1.99114,1.00,1.00
2015.06.08 19:42:28.790,1.9909,1.99114,1.00,1.00
2015.06.08 19:42:31.199,1.99095,1.99114,1.00,1.00
2015.06.08 19:42:31.402,1.99088,1.99114,1.00,1.00
2015.06.08 19:42:33.887,1.99088,1.99111,1.00,1.00
2015.06.08 19:42:34.107,1.99088,1.99114,1.00,1.00
2015.06.08 19:42:34.461,1.99082,1.99106,1.00,1.00
2015.06.08 19:42:34.792,1.99082,1.99102,1.00,1.50
2015.06.08 19:42:37.906,1.99082,1.99106,1.00,1.00
2015.06.08 19:42:41.127,1.99082,1.991,1.00,1.00
2015.06.08 19:42:41.678,1.99082,1.99099,1.00,1.00
2015.06.08 19:42:49.000,1.99077,1.99099,1.00,1.00
2015.06.08 19:42:57.050,1.99077,1.99095,1.00,1.00
2015.06.08 19:43:02.916,1.99075,1.99095,1.00,1.00
2015.06.08 19:43:07.933,1.99075,1.9909,1.00,1.00
2015.06.08 19:43:08.186,1.99072,1.9909,1.00,1.00
2015.06.08 19:43:10.176,1.99072,1.99096,1.00,1.00
2015.06.08 19:43:15.877,1.99075,1.99096,1.00,1.00
2015.06.08 19:43:23.348,1.99078,1.99096,1.00,1.00
2015.06.08 19:43:23.398,1.99078,1.991,1.50,1.00
2015.06.08 19:43:23.450,1.99079,1.99105,1.34,1.00
2015.06.08 19:43:23.751,1.991,1.99119,1.00,1.00
2015.06.08 19:43:24.105,1.99093,1.99119,1.00,1.00
2015.06.08 19:43:24.408,1.99093,1.99113,1.00,1.00
2015.06.08 19:43:27.238,1.99093,1.99119,1.00,1.00
2015.06.08 19:43:28.647,1.99094,1.99119,1.00,1.00
2015.06.08 19:43:28.950,1.99099,1.99119,1.00,1.00
2015.06.08 19:43:29.102,1.99099,1.99121,1.50,1.00
2015.06.08 19:43:38.447,1.99097,1.99121,1.00,1.00
2015.06.08 19:43:49.852,1.99097,1.9912,1.00,1.00
2015.06.08 19:44:01.189,1.99097,1.99114,1.00,1.50
2015.06.08 19:44:01.317,1.99097,1.99118,1.00,1.00
2015.06.08 19:44:02.199,1.99097,1.99121,1.00,1.00
2015.06.08 19:44:12.613,1.991,1.99121,1.00,1.00
2015.06.08 19:44:14.038,1.99105,1.99121,1.00,1.00
2015.06.08 19:44:14.139,1.99109,1.99126,1.00,1.00
2015.06.08 19:44:14.208,1.99115,1.99131,1.00,1.00
2015.06.08 19:44:14.359,1.99115,1.99135,1.00,1.00
2015.06.08 19:44:14.461,1.99115,1.99138,1.00,1.00
2015.06.08 19:44:20.167,1.99115,1.99139,1.50,1.00
2015.06.08 19:44:22.937,1.99117,1.99139,1.00,1.00
2015.06.08 19:44:23.039,1.99122,1.99146,1.42,1.00
2015.06.08 19:44:23.091,1.99134,1.99152,1.00,1.00
2015.06.08 19:44:23.244,1.99129,1.99152,1.50,1.00
2015.06.08 19:44:23.345,1.99129,1.99155,2.25,1.00
2015.06.08 19:44:23.725,1.99136,1.99155,1.00,1.00
2015.06.08 19:44:24.330,1.99129,1.99155,1.00,1.00
2015.06.08 19:44:24.990,1.99129,1.99153,1.00,1.00
2015.06.08 19:44:25.536,1.99129,1.99152,1.00,1.00
2015.06.08 19:44:25.739,1.99129,1.99155,1.00,1.00
2015.06.08 19:44:25.790,1.99132,1.99155,1.00,1.00
2015.06.08 19:44:26.174,1.99133,1.99157,1.00,1.00
2015.06.08 19:44:26.427,1.99139,1.99157,1.00,1.00
2015.06.08 19:44:41.280,1.99139,1.99159,1.00,1.00
2015.06.08 19:44:55.692,1.99139,1.99161,1.00,1.00
2015.06.08 19:44:59.851,1.99141,1.99161,1.00,1.00
2015.06.08 19:45:00.357,1.99142,1.99161,1.00,1.00
2015.06.08 19:45:05.433,1.99142,1.99166,1.00,1.00
2015.06.08 19:45:08.173,1.99147,1.99166,1.00,1.00
2015.06.08 19:45:08.274,1.99148,1.99168,1.00,1.00
2015.06.08 19:45:09.381,1.99148,1.99171,1.00,1.00
2015.06.08 19:45:09.482,1.99152,1.99171,1.00,1.00
2015.06.08 19:45:09.785,1.99154,1.99171,1.00,1.00
2015.06.08 19:45:09.937,1.99154,1.99173,1.00,1.00
2015.06.08 19:45:10.226,1.99149,1.99173,1.50,1.00
2015.06.08 19:45:16.055,1.99149,1.99172,1.00,1.00
2015.06.08 19:45:16.716,1.99149,1.99166,1.00,1.00
2015.06.08 19:45:18.238,1.99144,1.99166,1.00,1.00
2015.06.08 19:45:18.289,1.99139,1.99158,1.00,1.50
2015.06.08 19:45:18.391,1.99139,1.99163,1.00,1.00
2015.06.08 19:45:34.648,1.99143,1.99163,1.00,1.00
2015.06.08 19:45:37.186,1.99142,1.99163,1.00,1.00
2015.06.08 19:45:37.237,1.99139,1.99163,1.00,1.00
2015.06.08 19:45:59.129,1.9914,1.99163,1.00,1.00
2015.06.08 19:45:59.180,1.9914,1.99166,1.50,1.00
2015.06.08 19:45:59.231,1.99143,1.99166,1.00,1.00
2015.06.08 19:45:59.537,1.99148,1.99166,1.50,1.00
2015.06.08 19:45:59.588,1.99148,1.99169,1.50,1.00
2015.06.08 19:45:59.639,1.99148,1.99173,1.50,1.00
2015.06.08 19:45:59.905,1.99154,1.99173,1.00,1.00
2015.06.08 19:46:03.066,1.99154,1.99175,1.00,1.00
2015.06.08 19:46:16.254,1.99157,1.99175,1.00,1.00
2015.06.08 19:46:16.355,1.99157,1.99177,1.00,1.00
2015.06.08 19:46:16.406,1.99159,1.99177,1.00,1.00
2015.06.08 19:46:16.508,1.99162,1.99181,1.00,1.00
2015.06.08 19:46:16.609,1.99162,1.99183,1.50,1.00
2015.06.08 19:46:16.761,1.99162,1.99186,1.00,1.00
2015.06.08 19:46:17.480,1.9917,1.99188,1.50,1.00
2015.06.08 19:46:17.532,1.9917,1.99192,1.50,1.00
2015.06.08 19:46:18.477,1.99176,1.99192,1.00,1.00
2015.06.08 19:46:19.223,1.99176,1.99195,1.00,1.00
2015.06.08 19:46:19.273,1.9918,1.99195,1.50,1.00
2015.06.08 19:46:19.324,1.9918,1.99198,1.50,1.00
2015.06.08 19:46:22.204,1.99176,1.992,1.50,1.00
2015.06.08 19:46:26.071,1.99176,1.99197,1.00,1.00
2015.06.08 19:46:31.505,1.99176,1.992,1.00,1.00
2015.06.08 19:46:38.200,1.99178,1.992,1.50,1.00
2015.06.08 19:46:38.723,1.99176,1.992,1.00,1.00
2015.06.08 19:46:39.635,1.99178,1.992,1.50,1.00
2015.06.08 19:46:53.421,1.99187,1.99203,1.00,1.00
2015.06.08 19:46:53.573,1.9918,1.99203,1.50,1.00
2015.06.08 19:46:53.776,1.9918,1.99201,1.00,1.00
2015.06.08 19:46:55.482,1.99177,1.99201,1.00,1.50
2015.06.08 19:46:57.254,1.99174,1.99196,1.00,1.00
2015.06.08 19:46:57.557,1.99174,1.99192,1.00,1.50
2015.06.08 19:46:58.896,1.99174,1.99199,1.00,1.00
2015.06.08 19:47:23.323,1.99174,1.992,1.00,1.00
2015.06.08 19:47:36.324,1.99175,1.992,1.00,1.00
2015.06.08 19:47:37.426,1.99174,1.992,1.50,1.00
2015.06.08 19:47:52.200,1.99178,1.992,1.00,1.00
2015.06.08 19:47:52.535,1.9918,1.992,1.00,1.00
2015.06.08 19:47:52.868,1.99175,1.992,1.00,1.00
2015.06.08 19:47:57.245,1.99175,1.9921,1.00,1.00
2015.06.08 19:47:59.607,1.99186,1.9921,1.00,1.00
2015.06.08 19:47:59.811,1.99196,1.99221,1.09,1.00
2015.06.08 19:47:59.912,1.99197,1.99219,1.00,1.00
2015.06.08 19:48:00.420,1.99197,1.99219,1.34,1.00
2015.06.08 19:48:00.470,1.99197,1.99223,2.59,1.00
2015.06.08 19:48:01.320,1.99197,1.99222,1.34,1.00
2015.06.08 19:48:01.472,1.99195,1.99221,1.00,1.50
2015.06.08 19:48:01.523,1.99195,1.99215,1.00,1.00
2015.06.08 19:48:01.826,1.99195,1.9921,1.00,1.00
2015.06.08 19:48:02.327,1.99195,1.99209,1.00,1.00
2015.06.08 19:48:03.827,1.99195,1.99213,1.00,1.00
2015.06.08 19:48:11.734,1.99195,1.9922,1.00,1.00
2015.06.08 19:48:12.239,1.99195,1.99221,1.00,1.00
2015.06.08 19:48:30.078,1.99195,1.99219,1.00,1.00
2015.06.08 19:48:32.107,1.99195,1.99215,1.00,1.00
2015.06.08 19:48:32.727,1.99195,1.99214,1.00,1.00
2015.06.08 19:49:01.027,1.99195,1.99221,1.00,1.00
2015.06.08 19:49:01.481,1.99193,1.99231,1.00,1.00
2015.06.08 19:49:04.853,1.99195,1.99231,1.00,1.00
2015.06.08 19:49:06.230,1.99199,1.99232,1.00,1.00
2015.06.08 19:49:06.634,1.99207,1.99223,1.00,1.00
2015.06.08 19:49:06.945,1.99207,1.99227,1.00,1.00
2015.06.08 19:49:07.097,1.99207,1.9923,1.00,1.00
2015.06.08 19:49:08.164,1.99207,1.99225,1.00,1.00
2015.06.08 19:49:10.322,1.99205,1.99225,1.00,1.00
2015.06.08 19:49:10.373,1.99202,1.99225,1.00,1.00
2015.06.08 19:49:13.017,1.99202,1.99223,1.00,1.00
2015.06.08 19:49:13.336,1.99207,1.99221,1.00,1.00
2015.06.08 19:49:13.931,1.99206,1.99221,1.00,1.00
2015.06.08 19:49:13.982,1.99203,1.99221,1.00,1.00
2015.06.08 19:49:14.337,1.99204,1.99226,1.00,1.00
2015.06.08 19:49:14.388,1.99204,1.99229,1.00,1.00
2015.06.08 19:49:14.656,1.99206,1.99229,1.50,1.00
2015.06.08 19:49:16.790,1.99206,1.99225,1.50,1.00
2015.06.08 19:49:16.943,1.99196,1.99216,1.50,1.00
2015.06.08 19:49:17.145,1.9919,1.99212,1.00,1.00
2015.06.08 19:49:17.196,1.9919,1.99208,1.00,1.00
2015.06.08 19:49:18.998,1.99189,1.99208,1.00,1.00
2015.06.08 19:49:19.049,1.99183,1.99208,1.34,1.00
2015.06.08 19:49:25.285,1.99185,1.99208,1.50,1.00
2015.06.08 19:49:26.085,1.99186,1.99208,1.00,1.00
2015.06.08 19:49:26.887,1.99185,1.99209,3.00,1.00
2015.06.08 19:49:31.448,1.99185,1.99207,1.50,1.00
2015.06.08 19:49:32.000,1.99186,1.99207,1.00,1.00
2015.06.08 19:49:32.404,1.99192,1.99207,1.00,1.00
2015.06.08 19:49:39.152,1.99192,1.99211,1.00,1.00
2015.06.08 19:49:39.253,1.99192,1.99215,1.00,1.00
2015.06.08 19:49:39.305,1.99189,1.99215,1.50,1.00
2015.06.08 19:49:48.178,1.99191,1.99215,1.00,1.00
2015.06.08 19:49:48.229,1.99191,1.99217,1.50,1.00
2015.06.08 19:49:57.732,1.99191,1.99212,1.00,1.00
2015.06.08 19:49:57.851,1.99187,1.99211,1.00,1.00
2015.06.08 19:49:57.902,1.99182,1.99201,1.00,1.00
2015.06.08 19:49:57.953,1.99178,1.992,1.00,1.00
2015.06.08 19:50:09.573,1.99178,1.99204,1.00,1.00
2015.06.08 19:50:09.927,1.99182,1.99204,1.00,1.00
2015.06.08 19:50:10.231,1.99184,1.99204,1.50,1.00
2015.06.08 19:50:10.340,1.99182,1.99204,1.00,1.00
2015.06.08 19:50:11.137,1.99182,1.99207,1.00,1.00
2015.06.08 19:50:14.308,1.99181,1.99207,1.50,1.00
2015.06.08 19:50:14.923,1.99184,1.99207,1.00,1.00
2015.06.08 19:50:15.227,1.99191,1.99211,1.00,1.00
2015.06.08 19:50:15.429,1.99188,1.99211,1.00,1.00
2015.06.08 19:50:16.394,1.99189,1.99213,1.00,1.00
2015.06.08 19:50:29.659,1.99189,1.99211,1.00,1.00
2015.06.08 19:50:29.975,1.99185,1.992,1.00,1.00
2015.06.08 19:50:30.026,1.99182,1.992,1.00,1.00
2015.06.08 19:50:30.077,1.9918,1.992,1.00,1.00
2015.06.08 19:50:30.178,1.9918,1.99193,1.00,1.00
2015.06.08 19:50:30.482,1.99171,1.99187,1.00,1.00
2015.06.08 19:50:30.583,1.99168,1.99179,1.00,1.00
2015.06.08 19:50:30.684,1.99163,1.99179,1.00,1.00
2015.06.08 19:50:30.735,1.99156,1.99179,1.00,1.00
2015.06.08 19:50:31.038,1.99158,1.99179,1.00,1.00
2015.06.08 19:50:31.341,1.99158,1.99177,1.00,1.00
2015.06.08 19:50:31.391,1.99154,1.99177,1.00,1.00
2015.06.08 19:50:32.378,1.99153,1.99177,1.00,1.00
2015.06.08 19:50:48.700,1.99153,1.99175,1.00,1.00
2015.06.08 19:51:01.463,1.99157,1.99181,1.00,1.00
2015.06.08 19:51:01.666,1.99159,1.99183,1.00,1.00
2015.06.08 19:51:01.984,1.99159,1.99176,1.00,1.00
2015.06.08 19:51:02.334,1.99159,1.9917,1.00,1.00
2015.06.08 19:51:08.205,1.99156,1.9917,1.00,1.00
2015.06.08 19:51:09.244,1.99156,1.99176,1.00,1.50
2015.06.08 19:51:09.346,1.99152,1.99176,1.00,1.50
2015.06.08 19:51:09.447,1.99152,1.99169,1.00,1.50
2015.06.08 19:51:10.430,1.9915,1.99169,1.00,1.50
2015.06.08 19:51:18.675,1.9915,1.99174,1.00,1.00
2015.06.08 19:51:34.667,1.9915,1.99176,1.00,1.00
2015.06.08 19:51:53.597,1.99145,1.99168,1.00,1.00
2015.06.08 19:51:53.803,1.99138,1.99164,1.00,1.00
2015.06.08 19:51:53.904,1.99137,1.99153,1.00,1.00
2015.06.08 19:51:53.955,1.99133,1.99153,1.00,1.00
2015.06.08 19:51:54.056,1.99129,1.99153,1.00,1.50
2015.06.08 19:51:54.107,1.99127,1.99143,1.00,1.00
2015.06.08 19:51:54.208,1.99127,1.99149,1.00,1.00
2015.06.08 19:52:01.138,1.99127,1.99144,1.00,1.00
2015.06.08 19:52:01.290,1.99124,1.99144,1.00,1.00
2015.06.08 19:52:01.341,1.99124,1.99138,1.00,1.00
2015.06.08 19:52:01.543,1.99118,1.99138,1.00,1.00
2015.06.08 19:52:01.594,1.99118,1.9913,1.00,1.00
2015.06.08 19:52:01.695,1.99115,1.99129,1.00,1.00
2015.06.08 19:52:01.803,1.99115,1.99141,1.00,1.00
2015.06.08 19:52:02.561,1.99115,1.9914,1.00,1.00
2015.06.08 19:52:03.067,1.99115,1.99141,1.00,1.00
2015.06.08 19:52:03.219,1.99113,1.99139,1.00,1.00
2015.06.08 19:52:06.672,1.9911,1.99136,1.00,1.00
2015.06.08 19:52:08.688,1.9911,1.99134,1.00,1.00
2015.06.08 19:52:08.852,1.9911,1.99136,1.00,1.00
2015.06.08 19:52:11.369,1.99111,1.99136,1.34,1.00
2015.06.08 19:52:11.622,1.99123,1.99152,1.00,1.00
2015.06.08 19:52:13.773,1.99123,1.99148,1.00,1.00
2015.06.08 19:52:13.925,1.99121,1.99148,1.00,1.00
2015.06.08 19:52:16.365,1.99119,1.99147,1.00,1.00
2015.06.08 19:52:18.047,1.99119,1.99144,1.00,1.00
2015.06.08 19:52:18.098,1.99117,1.99144,1.00,2.25
2015.06.08 19:52:18.149,1.99117,1.9914,1.00,1.00
2015.06.08 19:52:18.301,1.99117,1.99143,1.00,1.00
2015.06.08 19:52:21.028,1.99115,1.99142,1.00,1.00
2015.06.08 19:52:26.413,1.99117,1.99143,1.00,1.00
2015.06.08 19:52:26.616,1.99126,1.99153,1.00,1.00
2015.06.08 19:52:27.132,1.99128,1.99155,1.00,1.00
2015.06.08 19:52:29.301,1.99128,1.99156,1.00,1.00
2015.06.08 19:52:31.289,1.9913,1.9916,1.00,1.00
2015.06.08 19:52:34.758,1.9913,1.99155,1.00,1.00
2015.06.08 19:52:35.011,1.9913,1.9916,1.00,1.50
2015.06.08 19:52:40.056,1.99133,1.99162,1.00,1.00
2015.06.08 19:52:40.449,1.99137,1.99164,1.00,1.00
2015.06.08 19:52:40.500,1.99138,1.99167,1.00,1.00
2015.06.08 19:52:40.601,1.99141,1.9917,1.00,1.00
2015.06.08 19:52:40.904,1.99147,1.99175,1.00,1.00
2015.06.08 19:52:40.956,1.99149,1.99179,1.00,1.00
2015.06.08 19:52:41.072,1.99153,1.9918,1.00,1.00
2015.06.08 19:52:41.274,1.99157,1.99186,1.00,1.00
2015.06.08 19:52:41.528,1.99161,1.99188,1.00,1.00
2015.06.08 19:52:42.957,1.99162,1.99192,1.00,1.00
2015.06.08 19:52:43.257,1.99164,1.99192,1.00,1.00
2015.06.08 19:52:43.308,1.99165,1.99194,1.00,1.00
2015.06.08 19:52:43.409,1.99169,1.99196,1.00,1.00
2015.06.08 19:52:43.824,1.99171,1.99199,1.00,1.00
2015.06.08 19:52:43.925,1.99177,1.99205,1.00,1.00
2015.06.08 19:52:45.144,1.99175,1.99202,1.00,1.00
2015.06.08 19:52:48.149,1.99173,1.992,1.00,1.00
2015.06.08 19:52:48.336,1.9917,1.99198,1.00,1.00
2015.06.08 19:52:51.153,1.99172,1.99202,1.00,1.00
2015.06.08 19:52:53.218,1.99175,1.99204,1.00,1.00
2015.06.08 19:52:54.907,1.99182,1.99212,1.00,1.00
2015.06.08 19:52:54.958,1.99186,1.99216,1.00,1.00
2015.06.08 19:52:55.262,1.99193,1.99222,1.00,1.00
2015.06.08 19:52:55.313,1.99196,1.99226,1.00,1.00
2015.06.08 19:52:55.718,1.99204,1.99231,1.00,1.00
2015.06.08 19:52:55.820,1.99199,1.99236,1.00,1.00
2015.06.08 19:52:58.373,1.99194,1.99233,1.00,1.00
2015.06.08 19:52:58.929,1.99193,1.9923,1.00,1.00
2015.06.08 19:52:59.030,1.99189,1.99228,1.00,1.00
2015.06.08 19:52:59.407,1.99186,1.99225,1.00,1.00
2015.06.08 19:53:01.094,1.99184,1.99221,1.00,1.00
2015.06.08 19:53:01.651,1.9918,1.99217,1.00,1.00
2015.06.08 19:53:07.930,1.99183,1.9922,1.00,1.00
2015.06.08 19:53:08.235,1.99192,1.99229,1.00,1.00
2015.06.08 19:53:09.159,1.99195,1.99232,1.00,1.00
2015.06.08 19:53:09.771,1.99199,1.99236,1.00,1.00
2015.06.08 19:53:14.241,1.99195,1.99232,1.00,1.00
2015.06.08 19:53:21.038,1.99193,1.9923,1.00,1.00
2015.06.08 19:53:21.089,1.99189,1.99228,1.00,1.00
2015.06.08 19:53:21.191,1.99193,1.9923,1.00,1.00
2015.06.08 19:53:21.243,1.99188,1.99227,1.00,1.00
2015.06.08 19:53:21.345,1.99184,1.99221,1.00,1.00
2015.06.08 19:53:21.671,1.99181,1.99218,1.00,1.00
2015.06.08 19:53:23.711,1.9918,1.99216,1.00,1.00
2015.06.08 19:53:24.216,1.99179,1.99216,1.00,1.00
2015.06.08 19:53:26.717,1.9918,1.99207,1.00,1.00
2015.06.08 19:53:28.617,1.9918,1.99207,1.34,1.00
2015.06.08 19:53:28.719,1.99194,1.99222,1.00,1.00
2015.06.08 19:53:28.770,1.992,1.99229,1.00,1.00
2015.06.08 19:53:28.821,1.99203,1.99231,1.00,1.00
2015.06.08 19:53:31.192,1.99209,1.99239,1.00,1.00
2015.06.08 19:53:31.394,1.99214,1.99241,1.00,1.00
2015.06.08 19:53:33.266,1.9921,1.99239,1.00,1.00
2015.06.08 19:53:34.464,1.99212,1.99242,1.00,1.00
2015.06.08 19:53:38.688,1.99208,1.99238,1.00,1.50
2015.06.08 19:53:38.994,1.992,1.99228,1.00,2.25
2015.06.08 19:53:39.045,1.99196,1.99225,1.00,1.00
2015.06.08 19:53:39.096,1.99196,1.99222,1.00,1.00
2015.06.08 19:53:39.686,1.99193,1.99221,1.00,1.00
2015.06.08 19:53:41.217,1.9919,1.99217,1.00,1.00
2015.06.08 19:53:44.611,1.9919,1.99214,1.00,1.00
2015.06.08 19:53:44.662,1.99188,1.99214,1.00,1.00
2015.06.08 19:53:44.713,1.99188,1.99212,1.00,1.00
2015.06.08 19:53:44.866,1.99184,1.99212,1.00,1.00
2015.06.08 19:53:46.768,1.9918,1.99207,1.00,1.00
2015.06.08 19:53:46.921,1.99175,1.99203,1.00,1.00
2015.06.08 19:53:47.104,1.99172,1.99199,1.00,1.00
2015.06.08 19:53:47.408,1.99169,1.99196,1.00,1.00
2015.06.08 19:53:47.714,1.99164,1.99192,1.00,1.00
2015.06.08 19:53:48.330,1.99161,1.99189,1.00,1.50
2015.06.08 19:53:48.876,1.99161,1.99188,1.00,1.00
2015.06.08 19:53:49.753,1.99158,1.99186,1.00,1.00
2015.06.08 19:53:50.459,1.99164,1.99191,1.00,1.00
2015.06.08 19:53:50.538,1.99161,1.99191,1.00,1.00
2015.06.08 19:53:50.589,1.99165,1.99191,1.00,1.00
2015.06.08 19:53:51.095,1.99164,1.99191,1.00,1.00
2015.06.08 19:53:53.400,1.99166,1.99194,1.00,1.00
2015.06.08 19:54:00.978,1.99161,1.99188,1.00,1.00
2015.06.08 19:54:01.332,1.99158,1.99185,1.00,1.00
2015.06.08 19:54:01.463,1.99154,1.99183,1.00,1.00
2015.06.08 19:54:02.922,1.99149,1.99179,1.00,1.00
2015.06.08 19:54:04.165,1.99148,1.99175,1.00,1.00
2015.06.08 19:54:10.727,1.99145,1.99172,1.00,1.00
2015.06.08 19:54:11.030,1.99142,1.99169,1.00,1.00
2015.06.08 19:54:11.131,1.99138,1.99167,1.00,1.00
2015.06.08 19:54:11.790,1.99135,1.99164,1.00,1.00
2015.06.08 19:54:12.103,1.99128,1.99158,1.00,1.00
2015.06.08 19:54:15.122,1.99132,1.9916,1.00,1.00
2015.06.08 19:54:15.224,1.99128,1.99158,1.00,1.00
2015.06.08 19:54:21.391,1.99126,1.99154,1.00,1.00
2015.06.08 19:54:21.724,1.99126,1.99151,1.00,1.00
2015.06.08 19:54:21.826,1.9912,1.99147,1.00,1.00
2015.06.08 19:54:21.927,1.99117,1.99144,1.00,1.00
2015.06.08 19:54:22.182,1.99105,1.99134,1.00,1.00
2015.06.08 19:54:22.284,1.99105,1.9913,1.00,1.00
2015.06.08 19:54:22.385,1.991,1.9913,1.00,1.00
2015.06.08 19:54:22.738,1.99099,1.99134,1.00,1.00
2015.06.08 19:54:22.890,1.99098,1.99129,1.00,1.00
2015.06.08 19:54:23.304,1.99099,1.99134,1.00,1.00
2015.06.08 19:54:23.406,1.99098,1.9913,1.00,1.00
2015.06.08 19:54:24.844,1.99095,1.9913,1.00,1.00
2015.06.08 19:54:24.996,1.99092,1.99124,1.00,1.00
2015.06.08 19:54:25.046,1.99088,1.99124,1.50,1.00
2015.06.08 19:54:25.198,1.99095,1.99127,1.50,1.00
2015.06.08 19:54:25.249,1.99095,1.9913,1.50,1.00
2015.06.08 19:54:25.300,1.99101,1.99133,1.00,1.00
2015.06.08 19:54:25.401,1.99101,1.99135,1.00,1.00
2015.06.08 19:54:25.661,1.99101,1.99137,1.50,1.00
2015.06.08 19:54:39.437,1.99101,1.99134,1.50,1.00
2015.06.08 19:54:39.539,1.99097,1.99133,1.00,1.00
2015.06.08 19:54:43.642,1.99104,1.99136,1.50,1.00
2015.06.08 19:54:43.845,1.99109,1.99146,1.00,1.00
2015.06.08 19:54:49.245,1.99111,1.99147,1.00,1.00
2015.06.08 19:54:49.551,1.99115,1.99148,1.50,1.00
2015.06.08 19:54:49.602,1.99111,1.99147,1.00,1.00
2015.06.08 19:54:49.653,1.99115,1.99147,1.00,1.00
2015.06.08 19:54:49.956,1.99117,1.99146,1.00,1.00
2015.06.08 19:54:51.369,1.99116,1.99141,1.00,1.00
2015.06.08 19:54:51.420,1.99114,1.99141,1.00,1.00
2015.06.08 19:54:53.950,1.99117,1.99145,1.00,1.00
2015.06.08 19:54:57.182,1.9912,1.99148,1.00,1.00
2015.06.08 19:54:59.736,1.9912,1.99146,1.00,1.00
2015.06.08 19:55:02.128,1.9912,1.99148,1.00,1.00
2015.06.08 19:55:05.996,1.99123,1.99151,1.00,1.00
2015.06.08 19:55:06.655,1.99126,1.99153,1.00,1.00
2015.06.08 19:55:21.459,1.99126,1.99152,1.00,1.00
2015.06.08 19:55:27.192,1.99122,1.99151,1.00,1.00
2015.06.08 19:55:27.967,1.99122,1.99147,1.00,1.00
2015.06.08 19:55:31.021,1.99116,1.99146,1.00,1.00
2015.06.08 19:55:36.813,1.99114,1.99142,1.00,1.00
2015.06.08 19:55:39.670,1.99118,1.99142,1.00,1.00
2015.06.08 19:55:39.781,1.99121,1.99148,1.00,1.00
2015.06.08 19:55:39.832,1.99121,1.9915,1.00,1.00
2015.06.08 19:55:39.934,1.99124,1.9915,1.00,1.00
2015.06.08 19:55:40.187,1.9912,1.9915,1.50,1.00
2015.06.08 19:55:40.439,1.9912,1.99146,1.00,1.00
2015.06.08 19:55:40.853,1.99125,1.99149,1.00,1.00
2015.06.08 19:55:41.055,1.99126,1.99152,1.00,1.00
2015.06.08 19:55:41.308,1.99126,1.99155,1.00,1.00
2015.06.08 19:55:41.931,1.99128,1.99155,1.00,1.00
2015.06.08 19:55:42.240,1.99128,1.99151,1.00,1.00
2015.06.08 19:55:42.344,1.99125,1.99151,1.00,1.00
2015.06.08 19:55:42.849,1.99126,1.99151,1.00,1.00
2015.06.08 19:55:43.152,1.99124,1.99149,1.00,1.00
2015.06.08 19:55:43.253,1.99121,1.99149,1.00,1.00
2015.06.08 19:55:43.760,1.99122,1.99149,1.00,1.00
2015.06.08 19:55:44.013,1.99124,1.99149,1.00,1.00
2015.06.08 19:55:44.474,1.99127,1.99152,1.00,1.00
2015.06.08 19:55:44.799,1.9913,1.99152,1.00,1.00
2015.06.08 19:55:44.900,1.9913,1.99156,1.00,1.00
2015.06.08 19:55:45.001,1.99128,1.99156,1.00,1.00
2015.06.08 19:55:45.505,1.99127,1.99156,1.50,1.00
2015.06.08 19:55:46.012,1.99128,1.99156,1.00,1.00
2015.06.08 19:55:47.532,1.9913,1.99156,1.00,1.00
2015.06.08 19:55:47.837,1.99135,1.99156,1.00,1.00
2015.06.08 19:55:48.327,1.99133,1.99156,1.00,1.00
2015.06.08 19:55:50.161,1.9913,1.99156,1.50,1.00
2015.06.08 19:55:50.693,1.99131,1.99156,1.00,1.00
2015.06.08 19:55:51.170,1.99128,1.99156,1.00,1.00
2015.06.08 19:55:51.889,1.99131,1.99156,1.00,1.00
2015.06.08 19:55:52.193,1.9913,1.99158,1.50,1.00
2015.06.08 19:55:52.647,1.9913,1.99154,1.00,1.00
2015.06.08 19:55:53.147,1.99133,1.99154,1.00,1.00
2015.06.08 19:55:53.596,1.99127,1.99154,1.50,1.00
2015.06.08 19:55:53.799,1.99129,1.99156,1.00,1.00
2015.06.08 19:55:54.117,1.99126,1.99153,1.00,1.00
2015.06.08 19:55:54.421,1.99123,1.99151,1.00,1.00
2015.06.08 19:55:55.415,1.9912,1.99149,1.00,1.00
2015.06.08 19:55:55.517,1.99118,1.99145,1.50,1.00
2015.06.08 19:55:55.771,1.99114,1.99143,1.00,1.00
2015.06.08 19:55:55.872,1.99113,1.9914,1.00,1.00
2015.06.08 19:55:55.923,1.9911,1.9914,1.00,1.00
2015.06.08 19:55:56.075,1.99108,1.99137,1.00,1.00
2015.06.08 19:55:56.378,1.99106,1.99134,1.50,1.00
2015.06.08 19:55:56.737,1.99108,1.99134,1.00,1.00
2015.06.08 19:55:57.062,1.99112,1.99134,1.00,1.00
2015.06.08 19:55:57.668,1.99109,1.99134,1.00,1.00
2015.06.08 19:55:57.870,1.99107,1.99134,1.00,1.00
2015.06.08 19:55:58.416,1.99106,1.99134,1.00,1.00
2015.06.08 19:55:59.307,1.99108,1.99134,1.00,1.00
2015.06.08 19:56:00.214,1.99109,1.99134,1.00,1.00
2015.06.08 19:56:00.536,1.99112,1.99134,1.00,1.00
2015.06.08 19:56:01.280,1.99108,1.99134,1.00,1.00
2015.06.08 19:56:01.432,1.99106,1.99134,1.50,1.00
2015.06.08 19:56:01.534,1.99108,1.99131,1.00,1.00
2015.06.08 19:56:01.865,1.99112,1.99131,1.00,1.00
2015.06.08 19:56:02.284,1.99108,1.99131,1.00,1.00
2015.06.08 19:56:02.739,1.99111,1.99131,1.00,1.00
2015.06.08 19:56:02.840,1.99111,1.99136,1.00,1.00
2015.06.08 19:56:03.361,1.99112,1.99136,1.00,1.00
2015.06.08 19:56:06.118,1.99112,1.99138,1.50,1.00
2015.06.08 19:56:06.371,1.99118,1.99138,1.00,1.00
2015.06.08 19:56:10.215,1.9911,1.99136,1.00,1.00
2015.06.08 19:56:10.265,1.9911,1.99124,1.00,1.00
2015.06.08 19:56:10.318,1.99098,1.99122,1.00,1.00
2015.06.08 19:56:10.368,1.99098,1.99119,1.00,1.00
2015.06.08 19:56:10.419,1.99094,1.99119,1.50,1.00
2015.06.08 19:56:11.488,1.99094,1.99114,1.00,1.00
2015.06.08 19:56:11.539,1.99082,1.99108,1.00,1.00
2015.06.08 19:56:11.699,1.99072,1.99109,1.50,1.50
2015.06.08 19:56:11.801,1.99072,1.99101,2.25,1.00
2015.06.08 19:56:11.953,1.99067,1.99104,1.50,1.50
2015.06.08 19:56:12.207,1.99063,1.99098,1.00,1.00
2015.06.08 19:56:12.410,1.99063,1.99112,1.00,1.00
2015.06.08 19:56:12.461,1.99066,1.99095,1.00,1.00
2015.06.08 19:56:12.779,1.99069,1.99095,1.50,1.00
2015.06.08 19:56:13.082,1.99073,1.99095,1.00,1.00
2015.06.08 19:56:15.602,1.99067,1.99095,1.00,1.00
2015.06.08 19:56:15.804,1.99064,1.99091,1.00,1.00
2015.06.08 19:56:15.905,1.99062,1.99091,1.00,1.00
2015.06.08 19:56:15.956,1.99061,1.99085,1.00,1.00
2015.06.08 19:56:16.007,1.99054,1.99083,1.00,1.00
2015.06.08 19:56:16.108,1.99054,1.99076,1.00,1.00
2015.06.08 19:56:16.159,1.99048,1.99074,1.00,1.00
2015.06.08 19:56:16.210,1.99048,1.99087,1.00,1.00
2015.06.08 19:56:16.261,1.99051,1.9908,1.00,1.00
2015.06.08 19:56:16.575,1.99049,1.99069,1.00,1.00
2015.06.08 19:56:17.097,1.9905,1.99069,1.00,1.00
2015.06.08 19:56:17.400,1.99062,1.99077,1.00,1.00
2015.06.08 19:56:17.451,1.99065,1.99085,1.00,1.00
2015.06.08 19:56:17.502,1.99065,1.99088,1.00,1.00
2015.06.08 19:56:17.553,1.99059,1.99088,1.00,1.00
2015.06.08 19:56:17.604,1.99059,1.99091,1.00,1.00
2015.06.08 19:56:17.705,1.99051,1.99087,1.50,1.00
2015.06.08 19:56:19.343,1.99051,1.99084,2.25,1.00
2015.06.08 19:56:21.414,1.99052,1.99084,1.00,1.00
2015.06.08 19:56:23.721,1.99054,1.99084,1.00,1.00
2015.06.08 19:56:24.257,1.99056,1.99088,1.00,1.00
2015.06.08 19:56:24.807,1.99057,1.99088,1.00,1.00
2015.06.08 19:56:25.063,1.99054,1.99088,1.00,1.00
2015.06.08 19:56:26.026,1.99056,1.99088,1.00,1.00
2015.06.08 19:56:26.477,1.99053,1.99088,1.00,1.00
2015.06.08 19:56:27.036,1.99059,1.99088,1.00,1.00
2015.06.08 19:56:27.339,1.99056,1.99085,1.50,1.00
2015.06.08 19:56:28.739,1.99052,1.99083,1.00,1.00
2015.06.08 19:56:29.042,1.99047,1.99082,1.00,1.00
2015.06.08 19:56:31.367,1.99054,1.99083,1.50,1.00
2015.06.08 19:56:32.953,1.99054,1.99086,1.50,1.00
2015.06.08 19:56:33.458,1.99059,1.99086,1.00,1.00
2015.06.08 19:56:34.407,1.99059,1.9909,1.00,1.00
2015.06.08 19:56:34.509,1.99059,1.99093,1.00,1.00
2015.06.08 19:56:34.661,1.99064,1.99093,1.50,1.00
2015.06.08 19:56:37.306,1.99059,1.99093,1.50,1.00
2015.06.08 19:56:37.508,1.99056,1.99091,1.00,1.00
2015.06.08 19:56:39.405,1.99054,1.99089,1.00,1.00
2015.06.08 19:56:39.708,1.99054,1.99086,1.00,1.00
2015.06.08 19:56:40.081,1.9905,1.99085,1.00,1.00
2015.06.08 19:56:44.946,1.99054,1.99086,1.00,1.50
2015.06.08 19:56:46.578,1.99054,1.99082,2.25,1.00
2015.06.08 19:56:46.924,1.99057,1.99084,1.00,1.00
2015.06.08 19:56:50.469,1.99062,1.9909,1.00,1.00
2015.06.08 19:56:52.024,1.99069,1.99091,1.00,1.00
2015.06.08 19:56:52.076,1.99069,1.99096,1.00,1.00
2015.06.08 19:56:52.177,1.99073,1.99099,1.00,1.00
2015.06.08 19:56:53.261,1.99073,1.991,1.00,1.50
2015.06.08 19:57:02.038,1.99077,1.99104,1.00,1.00
2015.06.08 19:57:02.543,1.99077,1.99105,1.00,1.00
2015.06.08 19:57:02.644,1.99079,1.99108,1.00,1.00
2015.06.08 19:57:03.098,1.99079,1.99106,1.00,1.00
2015.06.08 19:57:04.821,1.99077,1.99105,1.00,1.00
2015.06.08 19:57:04.873,1.99074,1.99102,1.00,1.00
2015.06.08 19:57:05.026,1.99081,1.99111,1.00,1.00
2015.06.08 19:57:05.128,1.9909,1.99111,1.09,1.00
2015.06.08 19:57:05.230,1.9909,1.99114,1.09,1.00
2015.06.08 19:57:05.729,1.9909,1.99116,1.09,1.00
2015.06.08 19:57:05.830,1.99092,1.99122,1.00,2.25
2015.06.08 19:57:08.454,1.99095,1.99122,1.00,1.50
2015.06.08 19:57:08.715,1.99098,1.99127,1.00,2.25
2015.06.08 19:57:09.903,1.99095,1.99125,1.00,1.00
2015.06.08 19:57:10.761,1.99099,1.99126,1.00,1.00
2015.06.08 19:57:11.524,1.99101,1.99127,1.00,1.50
2015.06.08 19:57:15.948,1.99101,1.99128,1.00,1.00
2015.06.08 19:57:23.103,1.99102,1.99128,1.00,1.00
2015.06.08 19:57:26.670,1.99101,1.99128,1.00,1.00
2015.06.08 19:57:26.973,1.99104,1.99131,1.00,1.00
2015.06.08 19:57:31.494,1.99104,1.9913,1.00,1.00
2015.06.08 19:57:32.884,1.99104,1.99131,1.00,1.00
2015.06.08 19:57:34.174,1.991,1.99129,1.00,1.00
2015.06.08 19:57:34.225,1.99099,1.99126,1.00,1.00
2015.06.08 19:57:34.427,1.99091,1.9912,1.00,1.50
2015.06.08 19:57:34.478,1.99091,1.99116,1.00,1.00
2015.06.08 19:57:34.830,1.99091,1.9912,1.00,1.00
2015.06.08 19:57:35.697,1.99091,1.99117,1.00,1.00
2015.06.08 19:57:39.967,1.99091,1.9912,1.00,1.00
2015.06.08 19:57:40.220,1.99093,1.9912,1.00,1.00
2015.06.08 19:57:40.963,1.99093,1.99122,1.50,1.00
2015.06.08 19:57:42.520,1.99095,1.99122,1.00,1.00
2015.06.08 19:57:42.571,1.99098,1.99127,1.00,1.00
2015.06.08 19:57:42.724,1.991,1.99127,1.00,1.00
2015.06.08 19:57:42.825,1.99101,1.99129,1.00,1.00
2015.06.08 19:57:45.389,1.99104,1.99131,1.00,2.25
2015.06.08 19:57:46.510,1.99101,1.99128,1.00,1.00
2015.06.08 19:57:47.921,1.99104,1.99131,1.00,2.25
2015.06.08 19:57:49.696,1.99101,1.99128,1.00,1.00
2015.06.08 19:57:50.012,1.99101,1.99125,1.00,1.00
2015.06.08 19:57:50.215,1.99101,1.99127,1.00,1.00
2015.06.08 19:57:50.732,1.99101,1.99128,1.00,1.00
2015.06.08 19:57:55.041,1.99103,1.9913,1.00,1.00
2015.06.08 19:57:55.388,1.99105,1.9913,1.00,1.00
2015.06.08 19:58:03.739,1.99105,1.99131,1.00,1.00
2015.06.08 19:58:03.790,1.99105,1.99135,1.00,1.50
2015.06.08 19:58:23.442,1.99109,1.99135,1.00,1.50
2015.06.08 19:58:28.508,1.99109,1.99138,1.00,1.00
2015.06.08 19:58:28.660,1.99113,1.9914,1.00,1.00
2015.06.08 19:58:28.862,1.99127,1.99155,1.00,1.00
2015.06.08 19:58:28.913,1.99129,1.99159,1.00,1.00
2015.06.08 19:58:29.218,1.99134,1.99161,1.00,1.00
2015.06.08 19:58:29.471,1.99136,1.99164,1.00,1.00
2015.06.08 19:58:29.674,1.99136,1.99149,1.00,1.00
2015.06.08 19:58:29.725,1.99125,1.99149,1.00,1.00
2015.06.08 19:58:29.775,1.99125,1.99144,1.00,1.00
2015.06.08 19:58:29.826,1.9912,1.99144,1.00,1.00
2015.06.08 19:58:29.877,1.9912,1.99138,1.00,1.00
2015.06.08 19:58:29.928,1.99114,1.99138,1.00,1.00
2015.06.08 19:58:29.979,1.99112,1.99138,1.00,1.00
2015.06.08 19:58:30.081,1.99112,1.99133,1.00,1.00
2015.06.08 19:58:30.131,1.99108,1.99133,1.00,1.00
2015.06.08 19:58:30.283,1.99099,1.99122,1.00,1.00
2015.06.08 19:58:30.618,1.99095,1.99117,1.00,1.00
2015.06.08 19:58:30.720,1.99095,1.99122,1.00,1.50
2015.06.08 19:58:31.669,1.99097,1.99126,1.00,1.00
2015.06.08 19:58:32.942,1.991,1.9913,1.50,1.00
2015.06.08 19:58:33.043,1.99103,1.99133,1.00,1.00
2015.06.08 19:58:35.527,1.99104,1.99133,1.00,1.00
2015.06.08 19:58:35.902,1.99106,1.99134,1.00,1.00
2015.06.08 19:58:36.738,1.99108,1.99137,1.00,1.00
2015.06.08 19:58:36.789,1.99111,1.9914,1.00,1.00
2015.06.08 19:58:38.406,1.99116,1.99145,1.00,1.00
2015.06.08 19:58:38.749,1.99125,1.99153,1.50,1.00
2015.06.08 19:58:39.063,1.9913,1.99155,1.00,1.00
2015.06.08 19:58:39.475,1.9913,1.99158,1.50,1.00
2015.06.08 19:58:41.108,1.99133,1.99162,1.00,1.00
2015.06.08 19:58:43.451,1.99135,1.99165,1.00,1.50
2015.06.08 19:58:48.725,1.99136,1.99165,1.00,1.00
2015.06.08 19:58:49.472,1.99139,1.99166,1.00,1.00
2015.06.08 19:58:49.777,1.99124,1.99153,1.00,1.00
2015.06.08 19:58:50.128,1.99127,1.99155,1.00,1.00
2015.06.08 19:58:56.897,1.99131,1.99158,1.00,1.00
2015.06.08 19:58:56.948,1.99132,1.99162,1.00,1.00
2015.06.08 19:58:56.999,1.99135,1.99164,1.00,1.00
2015.06.08 19:58:57.307,1.99139,1.99165,1.00,1.00
2015.06.08 19:58:57.459,1.99123,1.99151,1.00,1.00
2015.06.08 19:58:57.561,1.99115,1.99144,2.25,1.00
2015.06.08 19:58:57.662,1.99117,1.99144,1.00,1.00
2015.06.08 19:58:57.965,1.99123,1.9915,2.25,1.00
2015.06.08 19:58:58.217,1.99125,1.99155,1.00,1.00
2015.06.08 19:58:58.318,1.9913,1.99157,1.00,1.00
2015.06.08 19:58:58.858,1.9913,1.99155,1.00,1.00
2015.06.08 19:58:59.111,1.99128,1.99155,1.00,1.50
2015.06.08 19:58:59.271,1.99128,1.99151,1.00,1.50
2015.06.08 19:59:00.611,1.99122,1.99149,1.00,1.00
2015.06.08 19:59:02.462,1.99122,1.99145,1.00,1.50
2015.06.08 19:59:03.911,1.99119,1.99145,1.00,1.50
2015.06.08 19:59:05.179,1.99119,1.99146,1.00,1.00
2015.06.08 19:59:08.392,1.99119,1.99135,1.00,1.00
2015.06.08 19:59:08.443,1.99114,1.99135,1.00,1.00
2015.06.08 19:59:08.494,1.99111,1.99133,1.00,1.00
2015.06.08 19:59:08.545,1.99106,1.99133,1.00,1.00
2015.06.08 19:59:08.596,1.99102,1.99126,1.00,1.00
2015.06.08 19:59:08.799,1.99107,1.99133,1.00,1.00
2015.06.08 19:59:09.224,1.9911,1.99134,1.00,1.00
2015.06.08 19:59:09.275,1.99115,1.99142,1.00,1.00
2015.06.08 19:59:13.464,1.99117,1.99145,1.00,1.00
2015.06.08 19:59:13.565,1.99115,1.99142,1.00,1.00
2015.06.08 19:59:19.334,1.99115,1.99134,1.00,1.00
2015.06.08 19:59:19.384,1.9911,1.99134,1.00,1.50
2015.06.08 19:59:19.486,1.9911,1.99138,1.00,1.00
2015.06.08 19:59:20.281,1.99109,1.99136,1.00,1.00
2015.06.08 19:59:20.433,1.99104,1.99132,1.00,1.00
2015.06.08 19:59:21.389,1.99104,1.99134,1.00,1.00
2015.06.08 19:59:26.922,1.99107,1.99136,1.00,1.00
2015.06.08 19:59:27.225,1.9911,1.99139,1.00,1.00
2015.06.08 19:59:28.385,1.99114,1.99141,1.00,1.00
2015.06.08 19:59:32.248,1.99114,1.99138,1.00,1.00
2015.06.08 19:59:34.406,1.99121,1.99138,1.00,1.00
2015.06.08 19:59:34.457,1.99124,1.99151,1.00,1.00
2015.06.08 19:59:34.559,1.99124,1.99145,1.00,1.00
2015.06.08 19:59:34.660,1.99124,1.99151,1.00,1.00
2015.06.08 19:59:34.711,1.9912,1.99148,1.00,1.00
2015.06.08 19:59:34.813,1.99118,1.99146,1.00,1.00
2015.06.08 19:59:35.471,1.99114,1.99142,1.00,1.00
2015.06.08 19:59:38.765,1.99108,1.99137,1.00,1.00
2015.06.08 19:59:39.018,1.99112,1.99139,1.00,1.00
2015.06.08 19:59:40.161,1.99114,1.99142,1.00,1.00
2015.06.08 19:59:49.705,1.99108,1.99138,1.00,1.00
2015.06.08 19:59:50.008,1.99112,1.99142,1.00,1.50
2015.06.08 19:59:50.899,1.99119,1.99142,1.00,1.00
2015.06.08 19:59:50.950,1.99119,1.99146,1.50,1.00
2015.06.08 19:59:51.453,1.99121,1.9915,1.00,1.00
2015.06.08 19:59:51.504,1.99121,1.99147,1.00,1.00
2015.06.08 19:59:52.010,1.9912,1.99147,1.00,1.50
2015.06.08 19:59:55.316,1.99115,1.99145,1.00,1.00
2015.06.08 19:59:56.529,1.99115,1.99142,1.00,1.00
2015.06.08 19:59:56.832,1.99115,1.99145,1.00,1.00
2015.06.08 19:59:57.093,1.99115,1.99142,1.00,1.00
2015.06.08 19:59:57.450,1.99111,1.99139,1.00,1.00
2015.06.08 19:59:58.180,1.99107,1.99137,1.00,1.00
2015.06.08 19:59:59.705,1.99111,1.99138,1.00,1.00
