2017.12.11 01:00:00.096,1.78322,1.78352,2.06,1.37
2017.12.11 01:00:00.149,1.78322,1.78353,1.56,1.00
2017.12.11 01:00:00.442,1.78323,1.78357,1.50,1.37
2017.12.11 01:00:00.749,1.78322,1.78353,2.19,1.00
2017.12.11 01:00:00.964,1.78322,1.78354,2.44,1.12
2017.12.11 01:00:01.069,1.78322,1.78357,3.19,1.37
2017.12.11 01:00:01.227,1.78325,1.78358,1.37,1.12
2017.12.11 01:00:01.533,1.78325,1.78357,1.12,1.56
2017.12.11 01:00:02.083,1.78323,1.78354,1.37,1.00
2017.12.11 01:00:02.286,1.78323,1.78353,1.37,1.12
2017.12.11 01:00:03.403,1.78323,1.78354,1.50,1.12
2017.12.11 01:00:04.364,1.78322,1.78354,1.75,1.00
2017.12.11 01:00:04.814,1.78321,1.78354,2.00,1.00
2017.12.11 01:00:06.770,1.78321,1.78354,2.44,1.37
2017.12.11 01:00:07.213,1.78321,1.78358,2.44,1.87
2017.12.11 01:00:07.484,1.78324,1.78357,1.00,1.37
2017.12.11 01:00:08.037,1.78323,1.78353,1.00,1.00
2017.12.11 01:00:08.581,1.78322,1.78352,1.31,1.37
2017.12.11 01:00:09.120,1.78319,1.78353,1.94,1.37
2017.12.11 01:00:09.650,1.78319,1.78351,1.94,1.00
2017.12.11 01:00:10.444,1.78321,1.78353,1.00,1.37
2017.12.11 01:00:11.035,1.78321,1.78353,1.31,1.37
2017.12.11 01:00:11.238,1.78321,1.78352,1.69,1.00
2017.12.11 01:00:11.340,1.78322,1.78355,1.56,1.37
2017.12.11 01:00:11.844,1.78324,1.78358,1.00,2.06
2017.12.11 01:00:11.973,1.78324,1.78358,1.00,2.06
2017.12.11 01:00:12.280,1.78308,1.78335,1.00,1.00
2017.12.11 01:00:12.483,1.78305,1.78339,1.87,2.25
2017.12.11 01:00:12.988,1.78307,1.78339,1.00,1.69
2017.12.11 01:00:14.230,1.78308,1.78339,1.00,2.06
2017.12.11 01:00:14.281,1.78306,1.78335,1.37,1.12
2017.12.11 01:00:14.332,1.78305,1.78334,1.12,1.12
2017.12.11 01:00:14.384,1.78305,1.78334,1.37,1.00
2017.12.11 01:00:16.714,1.78302,1.78335,1.94,1.00
2017.12.11 01:00:17.231,1.78302,1.78336,1.94,1.00
2017.12.11 01:00:17.739,1.78302,1.78336,1.94,1.31
2017.12.11 01:00:18.386,1.78302,1.78336,1.94,1.31
2017.12.11 01:00:18.923,1.78302,1.78331,1.94,1.00
2017.12.11 01:00:19.339,1.78302,1.78331,1.94,1.00
2017.12.11 01:00:19.390,1.78302,1.78328,1.94,1.00
2017.12.11 01:00:19.653,1.78302,1.7833,2.19,1.00
2017.12.11 01:00:20.965,1.783,1.78331,1.12,1.00
2017.12.11 01:00:21.617,1.783,1.7833,1.12,1.00
2017.12.11 01:00:23.868,1.783,1.7833,1.12,1.00
2017.12.11 01:00:24.894,1.78305,1.78331,1.00,1.00
2017.12.11 01:00:25.249,1.78301,1.78333,2.62,1.00
2017.12.11 01:00:25.716,1.783,1.78333,2.19,1.00
2017.12.11 01:00:25.767,1.783,1.78331,2.19,1.00
2017.12.11 01:00:26.360,1.783,1.78332,1.81,1.00
2017.12.11 01:00:27.069,1.783,1.7833,1.81,1.00
2017.12.11 01:00:27.423,1.783,1.78331,1.81,1.00
2017.12.11 01:00:30.578,1.78299,1.7833,1.75,1.00
2017.12.11 01:00:31.524,1.78299,1.78331,1.75,1.00
2017.12.11 01:00:32.431,1.78299,1.78331,2.25,1.00
2017.12.11 01:00:32.839,1.78299,1.78331,1.56,1.00
2017.12.11 01:00:35.643,1.78299,1.7833,1.81,1.00
2017.12.11 01:00:36.269,1.783,1.78332,1.56,1.00
2017.12.11 01:00:36.320,1.783,1.78332,1.56,1.00
2017.12.11 01:00:36.625,1.78303,1.78336,1.56,1.00
2017.12.11 01:00:36.676,1.78306,1.78336,1.62,1.00
2017.12.11 01:00:36.850,1.78315,1.78346,1.37,1.00
2017.12.11 01:00:36.901,1.78316,1.78348,1.37,1.00
2017.12.11 01:00:37.003,1.78316,1.78348,1.37,1.00
2017.12.11 01:00:37.863,1.78317,1.78349,1.62,1.00
2017.12.11 01:00:38.082,1.78317,1.78347,1.37,1.00
2017.12.11 01:00:38.133,1.78317,1.78347,1.37,1.00
2017.12.11 01:00:38.809,1.78316,1.78348,1.37,1.00
2017.12.11 01:00:39.850,1.78316,1.78349,1.37,1.50
2017.12.11 01:00:40.373,1.78317,1.78349,1.81,1.50
2017.12.11 01:00:40.687,1.78317,1.78352,1.62,1.00
2017.12.11 01:00:41.240,1.78317,1.78351,1.62,1.00
2017.12.11 01:00:41.780,1.78316,1.78351,3.00,1.00
2017.12.11 01:00:42.092,1.78315,1.78346,1.37,1.00
2017.12.11 01:00:42.143,1.78315,1.78332,1.00,1.00
2017.12.11 01:00:42.194,1.78308,1.78332,1.31,1.00
2017.12.11 01:00:42.398,1.78305,1.78335,1.56,1.00
2017.12.11 01:00:42.500,1.78305,1.78341,1.56,1.87
2017.12.11 01:00:43.159,1.78303,1.78341,1.81,1.37
2017.12.11 01:00:43.708,1.78303,1.78341,1.37,1.37
2017.12.11 01:00:44.471,1.78303,1.78341,1.81,1.37
2017.12.11 01:00:45.031,1.78303,1.78341,1.37,1.87
2017.12.11 01:00:46.031,1.78303,1.7834,1.81,1.37
2017.12.11 01:00:46.813,1.78303,1.78341,1.56,1.87
2017.12.11 01:00:49.348,1.78303,1.78334,1.37,1.00
2017.12.11 01:00:49.515,1.78304,1.78334,1.00,1.37
2017.12.11 01:00:49.669,1.78304,1.78334,1.00,1.37
2017.12.11 01:00:49.771,1.78297,1.78327,1.00,1.37
2017.12.11 01:00:49.822,1.78292,1.78328,1.37,1.37
2017.12.11 01:00:49.873,1.78292,1.78326,1.37,1.37
2017.12.11 01:00:50.127,1.78282,1.78318,1.37,1.25
2017.12.11 01:00:50.178,1.78282,1.78319,1.37,1.00
2017.12.11 01:00:50.281,1.78283,1.78319,1.87,1.00
2017.12.11 01:00:50.332,1.78289,1.7832,1.37,1.50
2017.12.11 01:00:50.677,1.78284,1.78316,2.62,1.00
2017.12.11 01:00:51.349,1.78284,1.78316,1.37,1.00
2017.12.11 01:00:52.221,1.78284,1.78316,1.37,1.00
2017.12.11 01:00:52.449,1.78284,1.78316,1.37,1.00
2017.12.11 01:00:53.085,1.78284,1.78316,1.37,1.00
2017.12.11 01:00:53.555,1.78288,1.78317,1.37,1.00
2017.12.11 01:00:53.656,1.78288,1.78321,1.56,1.00
2017.12.11 01:00:53.759,1.7829,1.78323,2.81,1.00
2017.12.11 01:00:54.124,1.78295,1.78328,1.37,2.44
2017.12.11 01:00:54.232,1.78295,1.78328,1.37,1.69
2017.12.11 01:00:54.824,1.78295,1.78328,1.37,1.87
2017.12.11 01:00:55.322,1.78297,1.7833,1.37,1.00
2017.12.11 01:00:55.449,1.78301,1.78337,1.37,1.00
2017.12.11 01:00:55.601,1.78301,1.78339,1.87,1.69
2017.12.11 01:00:55.703,1.78301,1.78339,1.87,2.81
2017.12.11 01:00:55.805,1.78301,1.78339,1.87,2.81
2017.12.11 01:00:56.139,1.78301,1.78337,1.87,1.00
2017.12.11 01:00:56.420,1.78303,1.78339,1.31,1.37
2017.12.11 01:00:57.048,1.78303,1.78338,1.37,1.37
2017.12.11 01:00:57.431,1.78303,1.78339,1.37,2.06
2017.12.11 01:00:58.041,1.78303,1.78338,1.37,1.31
2017.12.11 01:00:59.557,1.78303,1.78339,1.37,2.06
2017.12.11 01:00:59.924,1.78303,1.78339,1.12,2.06
2017.12.11 01:01:00.567,1.78303,1.78338,1.00,1.25
2017.12.11 01:01:01.313,1.78303,1.78339,1.00,1.25
2017.12.11 01:01:02.005,1.78303,1.78338,2.25,1.00
2017.12.11 01:01:02.320,1.78304,1.78339,1.37,1.50
2017.12.11 01:01:03.468,1.78304,1.78339,1.37,1.00
2017.12.11 01:01:03.621,1.78306,1.78341,1.37,1.00
2017.12.11 01:01:03.977,1.78307,1.78342,1.37,1.50
2017.12.11 01:01:04.593,1.78307,1.78343,1.37,1.00
2017.12.11 01:01:05.408,1.78308,1.78333,1.00,1.37
2017.12.11 01:01:05.491,1.783,1.78334,1.00,1.37
2017.12.11 01:01:05.542,1.78294,1.78329,2.06,1.00
2017.12.11 01:01:05.594,1.78294,1.78329,2.06,1.00
2017.12.11 01:01:05.696,1.78292,1.78329,1.56,1.50
2017.12.11 01:01:07.125,1.78294,1.78331,1.56,1.37
2017.12.11 01:01:07.176,1.78294,1.78327,1.37,1.00
2017.12.11 01:01:07.544,1.78294,1.78328,1.12,1.12
2017.12.11 01:01:11.758,1.78295,1.78327,1.37,1.00
2017.12.11 01:01:12.070,1.78296,1.78327,1.37,1.00
2017.12.11 01:01:12.678,1.78296,1.78328,1.37,1.00
2017.12.11 01:01:13.629,1.78296,1.78327,1.37,1.00
2017.12.11 01:01:15.368,1.78297,1.78328,1.56,1.00
2017.12.11 01:01:15.783,1.78297,1.78328,1.62,1.00
2017.12.11 01:01:16.169,1.78297,1.78331,1.56,1.56
2017.12.11 01:01:17.421,1.78297,1.78332,1.56,1.44
2017.12.11 01:01:18.049,1.78297,1.78331,1.37,1.56
2017.12.11 01:01:20.960,1.78297,1.7833,1.56,1.00
2017.12.11 01:01:21.317,1.78297,1.7833,1.37,1.00
2017.12.11 01:01:22.061,1.78297,1.7833,1.37,1.31
2017.12.11 01:01:22.852,1.78297,1.78331,1.37,1.87
2017.12.11 01:01:23.462,1.78297,1.78331,1.37,2.62
2017.12.11 01:01:23.613,1.78297,1.78326,1.37,1.00
2017.12.11 01:01:24.710,1.78297,1.78327,1.37,1.00
2017.12.11 01:01:25.214,1.78295,1.78327,1.37,1.12
2017.12.11 01:01:25.265,1.78295,1.78321,1.00,1.00
2017.12.11 01:01:25.417,1.78292,1.78321,1.12,1.12
2017.12.11 01:01:25.644,1.78289,1.78322,1.31,1.37
2017.12.11 01:01:25.873,1.78289,1.78321,1.69,1.37
2017.12.11 01:01:26.770,1.78289,1.78322,1.31,1.37
2017.12.11 01:01:27.570,1.78289,1.78321,1.69,1.37
2017.12.11 01:01:28.130,1.78289,1.78322,1.12,1.37
2017.12.11 01:01:28.511,1.78289,1.78322,1.00,1.37
2017.12.11 01:01:28.816,1.78285,1.78311,1.00,1.37
2017.12.11 01:01:28.867,1.78283,1.78311,1.50,1.37
2017.12.11 01:01:28.918,1.7828,1.78311,1.12,1.12
2017.12.11 01:01:28.969,1.7828,1.78315,1.50,1.37
2017.12.11 01:01:29.270,1.78286,1.78317,1.00,1.87
2017.12.11 01:01:29.812,1.78286,1.78316,1.37,1.12
2017.12.11 01:01:30.441,1.78286,1.78317,1.00,1.87
2017.12.11 01:01:32.675,1.78286,1.78317,1.37,1.00
2017.12.11 01:01:32.777,1.78286,1.78322,1.75,1.19
2017.12.11 01:01:32.828,1.78288,1.78326,1.87,2.06
2017.12.11 01:01:33.080,1.78288,1.78326,1.87,1.56
2017.12.11 01:01:33.714,1.78288,1.78326,2.06,2.44
2017.12.11 01:01:35.359,1.78291,1.78326,1.50,2.25
2017.12.11 01:01:36.411,1.78294,1.78327,2.06,1.00
2017.12.11 01:01:36.717,1.783,1.7833,1.75,1.12
2017.12.11 01:01:36.870,1.78293,1.78326,2.25,1.87
2017.12.11 01:01:36.973,1.78293,1.78325,1.00,1.62
2017.12.11 01:01:37.482,1.78293,1.78321,1.00,1.00
2017.12.11 01:01:38.091,1.78293,1.7832,1.12,1.00
2017.12.11 01:01:38.397,1.78293,1.78326,1.37,2.25
2017.12.11 01:01:39.106,1.78294,1.78326,1.37,1.12
2017.12.11 01:01:40.263,1.78293,1.78326,1.62,1.00
2017.12.11 01:01:40.766,1.78294,1.78326,1.37,1.00
2017.12.11 01:01:43.771,1.78293,1.78326,1.37,1.00
2017.12.11 01:01:46.618,1.78293,1.78321,1.62,1.00
2017.12.11 01:01:46.720,1.78293,1.78321,1.00,1.00
2017.12.11 01:01:46.771,1.78293,1.78314,1.00,1.12
2017.12.11 01:01:46.822,1.78285,1.78314,1.12,1.12
2017.12.11 01:01:46.924,1.78281,1.78315,1.87,1.87
2017.12.11 01:01:47.578,1.78281,1.78314,1.87,1.37
2017.12.11 01:01:48.107,1.78281,1.78315,1.87,2.06
2017.12.11 01:01:48.681,1.78281,1.78314,1.37,2.25
2017.12.11 01:01:49.147,1.78281,1.78314,1.37,1.00
2017.12.11 01:01:49.671,1.78281,1.78314,1.37,1.37
2017.12.11 01:01:50.085,1.78281,1.78313,1.37,1.00
2017.12.11 01:01:52.002,1.78281,1.78314,1.37,2.44
2017.12.11 01:01:52.506,1.78281,1.78314,1.37,1.69
2017.12.11 01:01:53.486,1.78281,1.78314,1.37,2.44
2017.12.11 01:01:53.968,1.78281,1.7831,1.00,1.00
2017.12.11 01:01:54.273,1.7828,1.78309,1.00,1.37
2017.12.11 01:01:54.621,1.7828,1.78309,1.00,1.37
2017.12.11 01:01:55.282,1.7828,1.7831,1.00,1.37
2017.12.11 01:01:55.401,1.7828,1.7831,1.00,1.37
2017.12.11 01:01:55.945,1.7828,1.78309,1.00,1.37
2017.12.11 01:01:56.459,1.78272,1.78302,1.00,1.37
2017.12.11 01:01:56.511,1.78272,1.78303,1.87,1.50
2017.12.11 01:01:56.627,1.78275,1.78303,1.00,1.00
2017.12.11 01:01:57.230,1.78275,1.78305,1.00,1.37
2017.12.11 01:01:58.317,1.78275,1.78305,1.37,1.12
2017.12.11 01:01:58.929,1.78275,1.78305,1.12,1.00
2017.12.11 01:02:00.100,1.78271,1.78301,1.00,1.12
2017.12.11 01:02:00.506,1.78265,1.78299,2.00,1.00
2017.12.11 01:02:01.028,1.78265,1.78299,1.62,1.00
2017.12.11 01:02:02.096,1.78265,1.783,1.37,1.00
2017.12.11 01:02:02.501,1.78265,1.78298,2.44,1.00
2017.12.11 01:02:02.982,1.78265,1.78301,2.06,2.44
2017.12.11 01:02:06.268,1.78268,1.78301,1.37,1.62
2017.12.11 01:02:06.320,1.78268,1.78302,1.37,3.19
2017.12.11 01:02:06.858,1.78269,1.78304,1.56,1.81
2017.12.11 01:02:07.015,1.78269,1.78305,1.37,3.00
2017.12.11 01:02:07.116,1.78273,1.78304,1.37,1.87
2017.12.11 01:02:07.168,1.78273,1.78304,1.37,1.00
2017.12.11 01:02:07.219,1.78273,1.78304,1.37,1.00
2017.12.11 01:02:07.868,1.78272,1.78305,1.37,1.00
2017.12.11 01:02:08.149,1.78271,1.783,1.00,1.12
2017.12.11 01:02:08.426,1.7827,1.78304,1.37,1.56
2017.12.11 01:02:09.516,1.7827,1.78304,1.69,1.50
2017.12.11 01:02:10.684,1.7827,1.78305,1.56,1.62
2017.12.11 01:02:10.981,1.7827,1.78305,1.37,1.50
2017.12.11 01:02:11.534,1.7827,1.78305,1.37,2.06
2017.12.11 01:02:13.876,1.7827,1.78304,1.50,1.31
2017.12.11 01:02:16.252,1.7827,1.78305,1.37,1.50
2017.12.11 01:02:17.568,1.7827,1.78303,1.50,1.25
2017.12.11 01:02:18.103,1.7827,1.78305,1.37,2.44
2017.12.11 01:02:18.627,1.7827,1.78304,1.69,1.69
2017.12.11 01:02:19.422,1.7827,1.78305,1.37,2.62
2017.12.11 01:02:20.082,1.7827,1.78304,1.62,2.06
2017.12.11 01:02:21.957,1.7827,1.78304,1.37,1.31
2017.12.11 01:02:22.722,1.7827,1.78303,1.37,1.12
2017.12.11 01:02:22.961,1.7827,1.78303,1.37,2.44
2017.12.11 01:02:23.433,1.78267,1.783,1.56,1.00
2017.12.11 01:02:24.041,1.78267,1.78301,2.06,1.25
2017.12.11 01:02:24.553,1.78267,1.78299,1.87,1.00
2017.12.11 01:02:24.604,1.78267,1.78299,1.50,1.37
2017.12.11 01:02:24.655,1.78267,1.78299,1.87,1.37
2017.12.11 01:02:24.706,1.78267,1.78299,1.50,1.37
2017.12.11 01:02:25.216,1.78267,1.78298,1.00,1.37
2017.12.11 01:02:27.318,1.78264,1.78297,2.81,1.37
2017.12.11 01:02:27.867,1.78264,1.78297,2.06,1.37
2017.12.11 01:02:28.186,1.78265,1.78297,1.62,1.00
2017.12.11 01:02:33.040,1.78265,1.78297,1.00,1.00
2017.12.11 01:02:35.086,1.78264,1.78297,1.00,1.00
2017.12.11 01:02:35.425,1.78267,1.78298,1.00,1.25
2017.12.11 01:02:58.032,1.78263,1.78299,1.00,1.12
2017.12.11 01:02:59.256,1.78263,1.78299,1.00,1.31
2017.12.11 01:03:00.040,1.78263,1.78299,1.00,1.31
2017.12.11 01:03:00.632,1.78262,1.78295,1.00,1.00
2017.12.11 01:03:09.915,1.78262,1.78298,1.87,1.00
2017.12.11 01:03:10.465,1.78262,1.78298,1.87,1.50
2017.12.11 01:03:11.533,1.78262,1.78298,1.87,1.25
2017.12.11 01:03:11.772,1.78262,1.78296,1.37,1.00
2017.12.11 01:03:16.449,1.78259,1.7829,1.00,1.69
2017.12.11 01:03:16.755,1.78255,1.78284,1.00,1.00
2017.12.11 01:03:18.168,1.78255,1.78283,1.00,1.00
2017.12.11 01:03:20.940,1.78255,1.78284,1.00,1.00
2017.12.11 01:03:26.977,1.78255,1.78283,1.00,1.00
2017.12.11 01:03:28.266,1.78255,1.78284,1.00,1.00
2017.12.11 01:03:36.283,1.78255,1.78284,1.37,1.00
2017.12.11 01:03:37.998,1.78255,1.78284,1.37,1.00
2017.12.11 01:03:38.598,1.78255,1.78284,1.37,1.00
2017.12.11 01:03:39.178,1.78255,1.78284,1.37,1.00
2017.12.11 01:03:40.460,1.78255,1.78284,1.37,1.25
2017.12.11 01:03:40.987,1.78255,1.78284,1.37,1.00
2017.12.11 01:03:43.661,1.78255,1.78284,1.37,1.00
2017.12.11 01:03:44.579,1.78255,1.78284,1.37,1.00
2017.12.11 01:03:44.940,1.78255,1.78284,1.12,1.00
2017.12.11 01:03:45.619,1.78255,1.78284,1.37,1.25
2017.12.11 01:03:46.228,1.78255,1.78284,1.37,1.00
2017.12.11 01:03:47.107,1.78255,1.78284,1.37,1.00
2017.12.11 01:03:47.938,1.78255,1.78284,1.37,1.00
2017.12.11 01:03:49.106,1.78255,1.78284,1.37,1.00
2017.12.11 01:03:49.786,1.78255,1.78284,1.37,1.00
2017.12.11 01:03:50.443,1.78255,1.78284,1.37,1.00
2017.12.11 01:03:50.983,1.78255,1.78284,1.37,1.00
2017.12.11 01:03:52.141,1.78255,1.78284,1.37,1.00
2017.12.11 01:03:52.881,1.78255,1.78284,1.37,1.00
2017.12.11 01:03:53.626,1.78255,1.78284,1.37,1.00
2017.12.11 01:03:55.995,1.78255,1.78284,1.12,1.00
2017.12.11 01:03:56.545,1.78255,1.78284,1.37,1.00
2017.12.11 01:03:59.031,1.78255,1.78284,1.12,1.00
2017.12.11 01:04:00.019,1.78255,1.78283,1.12,1.00
2017.12.11 01:04:00.755,1.78255,1.78284,1.12,1.00
2017.12.11 01:04:01.507,1.78255,1.78284,1.37,1.00
2017.12.11 01:04:02.082,1.78255,1.78284,1.12,1.00
2017.12.11 01:04:04.305,1.78255,1.78284,1.37,1.00
2017.12.11 01:04:05.331,1.78255,1.78284,1.37,1.00
2017.12.11 01:04:05.959,1.78255,1.78284,1.37,1.00
2017.12.11 01:04:06.563,1.78255,1.78284,1.37,1.00
2017.12.11 01:04:06.659,1.78255,1.78284,1.37,1.00
2017.12.11 01:04:07.160,1.78255,1.78284,1.37,1.00
2017.12.11 01:04:09.515,1.78255,1.78284,1.37,1.00
2017.12.11 01:04:13.910,1.78255,1.78284,1.62,1.00
2017.12.11 01:04:14.659,1.78255,1.78284,1.62,1.00
2017.12.11 01:04:15.193,1.78255,1.78284,1.62,1.00
2017.12.11 01:04:15.924,1.78255,1.78284,1.62,1.00
2017.12.11 01:04:16.720,1.78251,1.78286,1.12,1.00
2017.12.11 01:04:18.140,1.78251,1.78286,1.57,1.00
2017.12.11 01:04:19.113,1.78251,1.78286,1.37,1.00
2017.12.11 01:04:19.214,1.78251,1.78286,1.31,1.00
2017.12.11 01:04:19.448,1.7825,1.78286,1.37,1.87
2017.12.11 01:04:19.500,1.78248,1.78283,1.37,1.00
2017.12.11 01:04:19.823,1.78247,1.78281,1.62,1.00
2017.12.11 01:04:20.032,1.7825,1.78281,1.37,1.50
2017.12.11 01:04:20.556,1.78248,1.78281,1.37,1.00
2017.12.11 01:04:22.803,1.78248,1.78281,1.37,1.00
2017.12.11 01:04:24.159,1.78248,1.78281,1.37,1.00
2017.12.11 01:04:25.052,1.78248,1.78281,1.37,1.00
2017.12.11 01:04:25.346,1.78248,1.78281,1.62,1.00
2017.12.11 01:04:25.991,1.78248,1.78281,1.37,1.69
2017.12.11 01:04:26.568,1.78248,1.78281,1.37,1.69
2017.12.11 01:04:27.086,1.78248,1.78281,1.37,1.00
2017.12.11 01:04:28.119,1.78248,1.78281,1.37,1.25
2017.12.11 01:04:29.343,1.78245,1.78277,1.37,1.00
2017.12.11 01:04:29.855,1.78244,1.78277,2.25,1.00
2017.12.11 01:04:30.501,1.78243,1.78273,1.37,1.00
2017.12.11 01:04:31.274,1.78243,1.78273,1.37,1.00
2017.12.11 01:04:31.780,1.78241,1.78272,1.37,1.00
2017.12.11 01:04:32.031,1.78241,1.78272,1.37,1.00
2017.12.11 01:04:33.264,1.78241,1.78272,1.62,1.00
2017.12.11 01:04:42.298,1.78241,1.78272,1.37,1.00
2017.12.11 01:04:42.828,1.78241,1.78272,1.37,1.00
2017.12.11 01:04:45.174,1.78242,1.78272,1.37,1.00
2017.12.11 01:04:46.605,1.78242,1.78272,1.37,1.00
2017.12.11 01:04:50.141,1.78242,1.78272,1.37,1.00
2017.12.11 01:04:50.845,1.78242,1.78272,1.37,1.00
2017.12.11 01:04:51.411,1.78242,1.78272,1.37,1.00
2017.12.11 01:04:53.212,1.78242,1.78272,1.37,1.00
2017.12.11 01:04:53.721,1.78242,1.78272,1.37,1.00
2017.12.11 01:04:58.213,1.78239,1.78272,1.37,1.12
2017.12.11 01:04:58.315,1.78239,1.78272,1.37,1.87
2017.12.11 01:04:58.620,1.78232,1.7826,1.12,1.00
2017.12.11 01:04:58.824,1.78232,1.78262,1.12,2.25
2017.12.11 01:04:59.338,1.78232,1.78262,1.37,2.25
2017.12.11 01:04:59.991,1.78232,1.78262,1.00,2.25
2017.12.11 01:05:00.650,1.78232,1.78259,1.00,1.00
2017.12.11 01:05:00.994,1.78232,1.78262,1.37,2.25
2017.12.11 01:05:01.046,1.78232,1.78262,1.37,1.87
2017.12.11 01:05:01.347,1.78232,1.78261,1.37,1.00
2017.12.11 01:05:01.595,1.78232,1.78261,1.37,1.00
2017.12.11 01:05:02.311,1.78232,1.78261,1.37,1.00
2017.12.11 01:05:02.691,1.78232,1.78261,1.00,1.87
2017.12.11 01:05:02.857,1.78232,1.7826,1.00,1.37
2017.12.11 01:05:03.533,1.78232,1.78261,1.00,1.87
2017.12.11 01:05:05.155,1.78232,1.7826,1.00,1.37
2017.12.11 01:05:05.568,1.78232,1.7826,1.00,1.31
2017.12.11 01:05:06.942,1.78232,1.78261,1.00,1.87
2017.12.11 01:05:06.993,1.78232,1.78257,1.00,1.00
2017.12.11 01:05:07.347,1.78229,1.78261,1.37,1.87
2017.12.11 01:05:10.131,1.78229,1.7826,1.62,2.06
2017.12.11 01:05:10.479,1.78229,1.78261,1.00,2.06
2017.12.11 01:05:10.530,1.78229,1.78255,1.00,1.44
2017.12.11 01:05:10.581,1.78225,1.78255,1.44,1.44
2017.12.11 01:05:10.632,1.78225,1.78256,1.12,1.12
2017.12.11 01:05:10.734,1.78222,1.78255,1.37,1.30
2017.12.11 01:05:11.263,1.78222,1.78256,1.37,1.69
2017.12.11 01:05:12.071,1.78222,1.78256,1.37,1.50
2017.12.11 01:05:12.578,1.7822,1.78255,2.06,1.00
2017.12.11 01:05:13.221,1.7822,1.78256,2.06,2.44
2017.12.11 01:05:14.098,1.7822,1.78255,2.06,1.19
2017.12.11 01:05:15.656,1.78222,1.78255,1.37,1.19
2017.12.11 01:05:20.317,1.78222,1.78255,1.37,1.19
2017.12.11 01:05:21.063,1.78222,1.78254,1.37,1.19
2017.12.11 01:05:23.616,1.78222,1.78254,1.37,1.19
2017.12.11 01:05:24.995,1.78222,1.78255,1.37,1.19
2017.12.11 01:05:25.773,1.78222,1.78255,1.37,1.25
2017.12.11 01:05:31.160,1.78222,1.78254,1.37,1.25
2017.12.11 01:05:31.301,1.78225,1.78256,1.37,1.00
2017.12.11 01:05:32.047,1.78225,1.78256,1.87,1.00
2017.12.11 01:05:32.865,1.78225,1.78256,1.87,1.00
2017.12.11 01:05:38.627,1.78225,1.78256,1.87,1.00
2017.12.11 01:05:39.133,1.78225,1.78256,1.87,1.00
2017.12.11 01:05:40.080,1.78225,1.78256,1.87,1.00
2017.12.11 01:05:40.629,1.78225,1.78256,1.87,1.00
2017.12.11 01:05:41.268,1.78225,1.78256,1.87,1.00
2017.12.11 01:05:41.949,1.78225,1.78256,1.87,1.00
2017.12.11 01:05:45.021,1.78225,1.78256,1.37,1.00
2017.12.11 01:05:45.864,1.78225,1.78256,1.37,1.00
2017.12.11 01:05:46.381,1.78225,1.78256,1.37,1.00
2017.12.11 01:05:46.899,1.78225,1.78256,1.37,1.00
2017.12.11 01:05:48.394,1.78225,1.78256,1.37,1.00
2017.12.11 01:05:49.719,1.78225,1.78256,1.37,1.00
2017.12.11 01:05:50.463,1.78225,1.78256,1.37,1.00
2017.12.11 01:05:52.048,1.78225,1.78256,1.37,1.25
2017.12.11 01:05:52.685,1.78225,1.78256,1.37,1.00
2017.12.11 01:05:53.354,1.78225,1.78256,1.37,1.00
2017.12.11 01:05:55.575,1.78225,1.78256,1.37,1.25
2017.12.11 01:05:58.045,1.78225,1.78256,1.37,1.00
2017.12.11 01:05:58.674,1.78225,1.78254,1.37,1.25
2017.12.11 01:05:58.875,1.78225,1.78256,1.37,1.25
2017.12.11 01:06:00.442,1.78225,1.78256,1.37,1.25
2017.12.11 01:06:01.000,1.78225,1.78256,1.37,1.25
2017.12.11 01:06:01.617,1.78225,1.78256,1.37,1.87
2017.12.11 01:06:02.340,1.78225,1.78256,1.37,2.06
2017.12.11 01:06:02.893,1.78225,1.78256,1.37,1.25
2017.12.11 01:06:02.999,1.78225,1.78256,1.37,1.25
2017.12.11 01:06:03.395,1.78225,1.78257,1.37,1.31
2017.12.11 01:06:03.610,1.78225,1.78254,1.00,1.37
2017.12.11 01:06:03.712,1.78222,1.78254,1.00,1.87
2017.12.11 01:06:04.133,1.78222,1.78253,1.37,1.12
2017.12.11 01:06:04.954,1.78222,1.78254,1.37,1.87
2017.12.11 01:06:06.509,1.78222,1.78253,1.37,1.00
2017.12.11 01:06:07.050,1.78222,1.78253,1.37,1.00
2017.12.11 01:06:07.554,1.78222,1.78254,1.37,1.00
2017.12.11 01:06:08.079,1.78222,1.78254,1.37,1.00
2017.12.11 01:06:09.840,1.78222,1.78254,1.37,1.00
2017.12.11 01:06:10.390,1.78222,1.78254,1.37,1.12
2017.12.11 01:06:10.895,1.78222,1.78254,1.37,1.00
2017.12.11 01:06:11.663,1.78222,1.78254,1.37,1.00
2017.12.11 01:06:14.711,1.78222,1.78254,1.37,1.50
2017.12.11 01:06:15.024,1.78222,1.78254,1.37,1.50
2017.12.11 01:06:15.227,1.78222,1.78254,1.12,2.06
2017.12.11 01:06:15.555,1.78218,1.78247,1.12,1.50
2017.12.11 01:06:15.859,1.78215,1.78244,1.37,1.00
2017.12.11 01:06:16.062,1.78215,1.78244,1.37,1.00
2017.12.11 01:06:16.701,1.78215,1.78244,1.31,1.00
2017.12.11 01:06:17.189,1.78215,1.78244,1.62,1.00
2017.12.11 01:06:18.473,1.78215,1.78244,1.37,1.00
2017.12.11 01:06:19.355,1.78216,1.78248,1.37,1.00
2017.12.11 01:06:20.011,1.78216,1.78248,1.37,1.00
2017.12.11 01:06:20.262,1.78216,1.78244,1.37,1.00
2017.12.11 01:06:20.519,1.78216,1.78248,1.37,2.06
2017.12.11 01:06:22.345,1.78214,1.78244,2.06,1.00
2017.12.11 01:06:22.447,1.78218,1.78249,1.37,1.00
2017.12.11 01:06:22.498,1.7822,1.78253,1.75,1.00
2017.12.11 01:06:22.549,1.78225,1.78255,1.62,1.00
2017.12.11 01:06:22.600,1.78225,1.78255,1.37,1.00
2017.12.11 01:06:23.268,1.78226,1.78256,1.37,1.00
2017.12.11 01:06:23.944,1.78226,1.78255,1.37,1.00
2017.12.11 01:06:24.045,1.78226,1.78255,1.37,1.00
2017.12.11 01:06:25.277,1.78226,1.78256,1.37,1.00
2017.12.11 01:06:26.611,1.78226,1.78256,1.37,1.00
2017.12.11 01:06:27.314,1.78226,1.78255,1.37,1.00
2017.12.11 01:06:29.374,1.78226,1.78255,1.37,1.00
2017.12.11 01:06:30.344,1.78225,1.78256,1.37,1.00
2017.12.11 01:06:30.456,1.78225,1.78255,1.37,1.00
2017.12.11 01:06:31.232,1.78225,1.78256,1.37,1.00
2017.12.11 01:06:34.966,1.78226,1.78257,1.37,1.00
2017.12.11 01:06:36.007,1.78226,1.78257,1.62,1.00
2017.12.11 01:06:36.566,1.78226,1.78257,1.37,1.00
2017.12.11 01:06:37.396,1.78226,1.78252,1.00,1.37
2017.12.11 01:06:37.510,1.78221,1.78247,1.00,1.56
2017.12.11 01:06:37.561,1.78218,1.78248,1.00,1.56
2017.12.11 01:06:37.765,1.78215,1.78242,1.50,1.56
2017.12.11 01:06:37.816,1.78209,1.78241,1.50,1.56
2017.12.11 01:06:37.867,1.78214,1.78242,1.00,1.37
2017.12.11 01:06:38.020,1.78217,1.78247,1.00,1.62
2017.12.11 01:06:38.544,1.78217,1.78246,1.00,1.37
2017.12.11 01:06:39.087,1.78217,1.78247,1.00,1.56
2017.12.11 01:06:39.681,1.78217,1.78247,1.00,1.56
2017.12.11 01:06:40.223,1.78217,1.78241,1.00,1.37
2017.12.11 01:06:40.343,1.78215,1.78241,1.00,1.37
2017.12.11 01:06:40.394,1.78215,1.78242,1.00,1.37
2017.12.11 01:06:40.908,1.78215,1.78241,1.00,1.37
2017.12.11 01:06:40.959,1.78213,1.78241,1.00,1.37
2017.12.11 01:06:41.518,1.78214,1.78242,1.00,1.37
2017.12.11 01:06:41.570,1.78214,1.78245,1.00,1.37
2017.12.11 01:06:42.244,1.78214,1.78245,1.00,1.37
2017.12.11 01:06:43.782,1.78213,1.7824,1.00,1.62
2017.12.11 01:06:43.886,1.7821,1.78239,1.00,1.37
2017.12.11 01:06:43.988,1.78208,1.78239,1.12,1.12
2017.12.11 01:06:44.147,1.78208,1.78239,1.00,1.87
2017.12.11 01:06:44.692,1.78208,1.78233,1.00,1.00
2017.12.11 01:06:45.194,1.78208,1.78234,1.00,1.00
2017.12.11 01:06:45.801,1.78208,1.78233,1.25,1.00
2017.12.11 01:06:46.396,1.78208,1.78237,1.56,1.00
2017.12.11 01:06:46.903,1.78208,1.78238,1.31,1.00
2017.12.11 01:06:47.547,1.78208,1.78237,1.37,1.00
2017.12.11 01:06:47.712,1.78208,1.78237,1.56,1.00
2017.12.11 01:06:47.763,1.78208,1.78239,1.37,1.00
2017.12.11 01:06:47.814,1.78206,1.78236,1.37,1.50
2017.12.11 01:06:48.321,1.78206,1.78235,1.37,1.00
2017.12.11 01:06:48.880,1.78203,1.78236,1.56,1.50
2017.12.11 01:06:50.152,1.78203,1.78226,1.00,1.00
2017.12.11 01:06:50.203,1.78201,1.78233,1.00,1.87
2017.12.11 01:06:50.255,1.78201,1.78224,1.00,1.00
2017.12.11 01:06:50.306,1.78199,1.78224,1.00,1.37
2017.12.11 01:06:50.357,1.78196,1.78221,1.00,1.00
2017.12.11 01:06:50.408,1.78192,1.78221,1.50,1.00
2017.12.11 01:06:50.932,1.78192,1.78224,1.87,1.12
2017.12.11 01:06:51.186,1.78193,1.78224,1.37,1.37
2017.12.11 01:06:51.754,1.78193,1.78225,1.12,1.37
2017.12.11 01:06:52.323,1.78193,1.78224,1.37,1.37
2017.12.11 01:06:53.231,1.78192,1.78225,1.87,1.37
2017.12.11 01:06:55.332,1.78192,1.78224,2.06,1.37
2017.12.11 01:06:55.958,1.78192,1.78225,1.87,1.37
2017.12.11 01:06:56.704,1.78192,1.78224,2.06,1.37
2017.12.11 01:06:56.960,1.78192,1.78224,2.06,1.00
2017.12.11 01:06:57.011,1.78192,1.78227,2.06,1.25
2017.12.11 01:06:57.062,1.78197,1.78226,1.37,1.00
2017.12.11 01:06:57.113,1.78201,1.78232,1.12,1.87
2017.12.11 01:06:58.737,1.78201,1.78231,1.37,1.12
2017.12.11 01:06:59.329,1.78201,1.78232,1.12,2.06
2017.12.11 01:07:00.028,1.78201,1.78231,1.37,1.12
2017.12.11 01:07:01.926,1.78201,1.78232,1.12,1.87
2017.12.11 01:07:04.868,1.78199,1.78231,1.37,1.12
2017.12.11 01:07:06.304,1.78199,1.78231,1.37,1.00
2017.12.11 01:07:06.636,1.78201,1.78234,1.62,1.00
2017.12.11 01:07:07.155,1.78201,1.78231,1.62,1.00
2017.12.11 01:07:08.877,1.78201,1.78232,1.62,1.00
2017.12.11 01:07:11.358,1.78201,1.78232,1.62,1.00
2017.12.11 01:07:12.227,1.78199,1.78231,1.37,1.00
2017.12.11 01:07:14.113,1.78197,1.78232,1.81,1.19
2017.12.11 01:07:15.629,1.78197,1.78231,2.00,1.19
2017.12.11 01:07:16.238,1.78197,1.78231,2.00,1.00
2017.12.11 01:07:18.150,1.78197,1.78232,1.81,1.00
2017.12.11 01:07:18.878,1.78198,1.78231,1.50,1.00
2017.12.11 01:07:20.407,1.78198,1.78232,1.62,1.00
2017.12.11 01:07:20.508,1.78198,1.78228,1.37,1.00
2017.12.11 01:07:20.751,1.78196,1.78223,1.12,1.00
2017.12.11 01:07:20.802,1.78199,1.78222,1.00,1.00
2017.12.11 01:07:21.483,1.78199,1.78223,1.00,1.00
2017.12.11 01:07:22.025,1.78199,1.78222,1.12,1.00
2017.12.11 01:07:22.764,1.78199,1.78223,1.00,1.00
2017.12.11 01:07:23.323,1.78199,1.78222,1.12,1.00
2017.12.11 01:07:23.785,1.78199,1.78225,1.37,1.25
2017.12.11 01:07:23.888,1.78198,1.78227,1.37,1.25
2017.12.11 01:07:24.402,1.78198,1.78227,1.37,1.00
2017.12.11 01:07:24.513,1.78198,1.7823,1.37,1.00
2017.12.11 01:07:25.023,1.782,1.78231,1.37,1.00
2017.12.11 01:07:25.125,1.782,1.78229,1.37,1.00
2017.12.11 01:07:25.404,1.782,1.78231,1.37,1.25
2017.12.11 01:07:26.536,1.782,1.78231,1.37,1.50
2017.12.11 01:07:27.888,1.782,1.78229,1.37,1.00
2017.12.11 01:07:31.295,1.78204,1.78229,1.75,1.00
2017.12.11 01:07:31.346,1.78205,1.78231,1.75,1.00
2017.12.11 01:07:31.398,1.7821,1.78237,1.37,1.00
2017.12.11 01:07:31.601,1.7821,1.78237,1.37,1.00
2017.12.11 01:07:32.129,1.7821,1.78239,1.37,1.19
2017.12.11 01:07:34.176,1.7821,1.78239,1.37,1.69
2017.12.11 01:07:35.245,1.7821,1.78239,1.37,1.87
2017.12.11 01:07:37.966,1.7821,1.78239,1.37,1.87
2017.12.11 01:07:38.017,1.7821,1.78238,1.37,1.44
2017.12.11 01:07:38.119,1.78213,1.78242,1.37,1.50
2017.12.11 01:07:38.170,1.78217,1.78242,1.37,1.00
2017.12.11 01:07:38.221,1.78221,1.7825,1.37,1.00
2017.12.11 01:07:38.272,1.78221,1.78247,1.37,1.00
2017.12.11 01:07:38.580,1.78221,1.78247,1.00,1.37
2017.12.11 01:07:39.115,1.78218,1.78246,1.00,1.37
2017.12.11 01:07:39.166,1.78218,1.78246,1.00,1.37
2017.12.11 01:07:40.214,1.78218,1.78247,1.00,1.37
2017.12.11 01:07:40.436,1.78212,1.78244,1.00,1.37
2017.12.11 01:07:40.487,1.78212,1.78244,1.00,1.37
2017.12.11 01:07:40.906,1.78212,1.78244,1.37,1.12
2017.12.11 01:07:41.466,1.78212,1.78244,1.31,1.37
2017.12.11 01:07:41.848,1.78212,1.7824,1.00,1.37
2017.12.11 01:07:42.051,1.78212,1.7824,1.00,1.12
2017.12.11 01:07:42.696,1.78212,1.78239,1.12,1.00
2017.12.11 01:07:43.637,1.78212,1.78244,1.12,2.25
2017.12.11 01:07:44.994,1.78212,1.78244,1.00,1.37
2017.12.11 01:07:45.191,1.78212,1.78243,1.37,1.00
2017.12.11 01:07:45.495,1.78212,1.78244,1.81,1.12
2017.12.11 01:07:46.132,1.78212,1.78244,1.81,1.00
2017.12.11 01:07:46.693,1.78212,1.78244,1.56,1.00
2017.12.11 01:07:49.339,1.78212,1.78244,1.56,1.00
2017.12.11 01:07:50.041,1.78212,1.78244,1.56,1.00
2017.12.11 01:07:50.754,1.78212,1.78244,1.56,1.00
2017.12.11 01:07:53.613,1.78212,1.78244,1.75,1.87
2017.12.11 01:07:57.071,1.78212,1.78244,1.44,1.37
2017.12.11 01:07:58.145,1.78212,1.78244,1.81,1.12
2017.12.11 01:07:58.196,1.78212,1.78244,1.50,1.87
2017.12.11 01:08:00.117,1.78212,1.78244,1.75,1.87
2017.12.11 01:08:00.314,1.78212,1.78244,1.75,1.00
2017.12.11 01:08:01.526,1.78212,1.78243,1.75,1.00
2017.12.11 01:08:01.915,1.78212,1.78243,1.81,1.00
2017.12.11 01:08:02.017,1.78212,1.78243,1.67,1.87
2017.12.11 01:08:02.331,1.78204,1.78227,1.00,1.37
2017.12.11 01:08:02.487,1.78204,1.78228,1.00,1.50
2017.12.11 01:08:02.538,1.78204,1.78232,1.00,1.87
2017.12.11 01:08:03.047,1.78204,1.78228,1.00,1.19
2017.12.11 01:08:03.150,1.78204,1.78229,1.00,1.00
2017.12.11 01:08:03.505,1.78204,1.78226,1.00,1.12
2017.12.11 01:08:03.556,1.78194,1.78226,1.22,1.00
2017.12.11 01:08:03.687,1.78194,1.78226,1.47,1.00
2017.12.11 01:08:03.739,1.78197,1.78228,1.47,2.25
2017.12.11 01:08:03.792,1.78195,1.78222,1.22,1.00
2017.12.11 01:08:03.845,1.78197,1.78228,1.22,1.50
2017.12.11 01:08:03.897,1.78197,1.78224,1.00,1.00
2017.12.11 01:08:04.489,1.78197,1.78223,1.00,1.00
2017.12.11 01:08:04.590,1.78192,1.78222,1.41,1.00
2017.12.11 01:08:05.254,1.78192,1.78222,1.41,1.00
2017.12.11 01:08:06.603,1.78192,1.78222,1.22,1.00
2017.12.11 01:08:07.282,1.78192,1.78222,1.12,1.00
2017.12.11 01:08:07.535,1.78192,1.78222,1.37,1.00
2017.12.11 01:08:08.055,1.78192,1.78222,1.62,1.00
2017.12.11 01:08:10.215,1.78192,1.78222,1.56,1.00
2017.12.11 01:08:10.925,1.78192,1.78222,1.00,1.12
2017.12.11 01:08:11.261,1.78192,1.7822,1.00,1.37
2017.12.11 01:08:11.517,1.78192,1.7822,1.00,1.37
2017.12.11 01:08:12.765,1.78192,1.78219,1.00,1.87
2017.12.11 01:08:16.195,1.78189,1.78218,1.12,1.12
2017.12.11 01:08:16.696,1.78189,1.78218,1.00,1.37
2017.12.11 01:08:17.263,1.78189,1.78218,1.00,1.37
2017.12.11 01:08:17.365,1.78189,1.78218,1.12,1.12
2017.12.11 01:08:17.416,1.78189,1.78219,1.37,2.25
2017.12.11 01:08:17.619,1.78189,1.78219,1.12,2.62
2017.12.11 01:08:21.016,1.78189,1.78219,1.37,1.50
2017.12.11 01:08:21.779,1.78189,1.78219,1.37,1.25
2017.12.11 01:08:23.478,1.78189,1.78218,1.37,1.25
2017.12.11 01:08:23.802,1.78189,1.78218,1.37,1.25
2017.12.11 01:08:24.434,1.78189,1.78219,1.37,1.87
2017.12.11 01:08:24.839,1.78189,1.78219,1.00,1.87
2017.12.11 01:08:28.545,1.78189,1.78214,1.00,1.00
2017.12.11 01:08:29.956,1.78189,1.78212,1.00,1.00
2017.12.11 01:08:30.040,1.78184,1.78209,1.00,1.00
2017.12.11 01:08:30.091,1.78178,1.78209,1.00,1.62
2017.12.11 01:08:30.142,1.78178,1.78209,1.37,1.00
2017.12.11 01:08:30.449,1.78187,1.78209,1.12,1.00
2017.12.11 01:08:30.501,1.78187,1.78214,1.00,1.87
2017.12.11 01:08:31.079,1.78187,1.78212,1.12,1.00
2017.12.11 01:08:31.486,1.78183,1.7821,1.00,1.00
2017.12.11 01:08:31.537,1.78179,1.7821,1.12,1.12
2017.12.11 01:08:31.639,1.78179,1.7821,1.00,1.37
2017.12.11 01:08:31.943,1.78175,1.78206,1.37,1.00
2017.12.11 01:08:32.686,1.78176,1.78206,1.37,1.00
2017.12.11 01:08:33.006,1.78172,1.78204,1.56,1.00
2017.12.11 01:08:33.654,1.78172,1.78204,1.56,1.00
2017.12.11 01:08:34.002,1.78172,1.78204,1.00,1.37
2017.12.11 01:08:34.307,1.78172,1.782,1.00,1.37
2017.12.11 01:08:34.612,1.78153,1.78173,1.00,1.37
2017.12.11 01:08:34.663,1.78153,1.78174,1.00,1.12
2017.12.11 01:08:34.776,1.78149,1.78174,1.00,1.12
2017.12.11 01:08:35.531,1.78149,1.78173,1.00,1.12
2017.12.11 01:08:36.054,1.78149,1.78174,1.00,1.12
2017.12.11 01:08:36.574,1.78149,1.78173,1.00,1.12
2017.12.11 01:08:36.982,1.78149,1.78174,1.00,1.12
2017.12.11 01:08:38.335,1.78149,1.78173,1.00,1.12
2017.12.11 01:08:39.323,1.7815,1.78178,1.12,1.00
2017.12.11 01:08:39.375,1.7815,1.78184,1.37,2.06
2017.12.11 01:08:39.426,1.7815,1.78184,1.31,2.06
2017.12.11 01:08:39.944,1.78151,1.7818,1.00,1.87
2017.12.11 01:08:40.261,1.78151,1.78175,1.00,1.00
2017.12.11 01:08:40.363,1.78146,1.78175,1.37,1.00
2017.12.11 01:08:40.414,1.78146,1.78176,1.00,1.87
2017.12.11 01:08:41.264,1.78146,1.78175,1.00,1.37
2017.12.11 01:08:43.548,1.78146,1.78175,1.00,1.37
2017.12.11 01:08:43.809,1.78146,1.78176,1.12,2.25
2017.12.11 01:08:45.779,1.78146,1.78176,1.37,1.12
2017.12.11 01:08:46.119,1.78146,1.78172,1.00,1.37
2017.12.11 01:08:46.424,1.78146,1.78175,1.12,1.12
2017.12.11 01:08:46.474,1.78146,1.78175,1.37,1.00
2017.12.11 01:08:46.793,1.78146,1.78175,1.12,1.12
2017.12.11 01:08:46.945,1.78149,1.78175,1.37,1.00
2017.12.11 01:08:48.490,1.78149,1.7818,1.37,1.69
2017.12.11 01:08:48.620,1.78149,1.78179,1.37,1.19
2017.12.11 01:08:48.958,1.78149,1.78179,1.12,1.56
2017.12.11 01:08:49.161,1.78149,1.78179,1.37,1.19
2017.12.11 01:08:49.568,1.78149,1.7818,1.00,2.25
2017.12.11 01:08:49.965,1.78149,1.78178,1.37,1.25
2017.12.11 01:08:50.301,1.78149,1.78181,1.37,1.00
2017.12.11 01:08:50.447,1.78154,1.78185,1.56,1.00
2017.12.11 01:08:50.550,1.78163,1.78191,1.31,1.00
2017.12.11 01:08:50.601,1.78163,1.7819,1.00,1.37
2017.12.11 01:08:51.508,1.78163,1.7819,1.00,1.37
2017.12.11 01:08:52.652,1.78163,1.78185,1.00,1.00
2017.12.11 01:08:53.169,1.78163,1.78186,1.00,1.12
2017.12.11 01:08:53.760,1.78157,1.78185,1.00,1.37
2017.12.11 01:08:53.811,1.78158,1.78186,1.00,1.00
2017.12.11 01:08:54.635,1.78158,1.78191,1.37,1.87
2017.12.11 01:08:55.233,1.78158,1.7819,2.06,1.37
2017.12.11 01:08:57.631,1.78158,1.7819,1.87,1.00
2017.12.11 01:09:00.409,1.78158,1.78188,2.81,1.00
2017.12.11 01:09:01.231,1.78158,1.78188,1.62,1.00
2017.12.11 01:09:01.820,1.78158,1.78187,1.62,1.00
2017.12.11 01:09:02.513,1.78158,1.78185,1.37,1.00
2017.12.11 01:09:02.818,1.78158,1.78183,1.00,1.00
2017.12.11 01:09:02.870,1.78156,1.78183,1.00,1.00
2017.12.11 01:09:03.504,1.78156,1.7818,1.00,1.00
2017.12.11 01:09:04.510,1.78156,1.78183,1.00,1.12
2017.12.11 01:09:10.102,1.78156,1.78185,1.00,1.37
2017.12.11 01:09:10.753,1.78156,1.78183,1.00,1.00
2017.12.11 01:09:11.413,1.78156,1.78184,1.00,1.00
2017.12.11 01:09:14.002,1.78156,1.78183,1.00,1.00
2017.12.11 01:09:14.537,1.78156,1.78183,1.62,1.00
2017.12.11 01:09:15.061,1.78156,1.78185,1.25,1.87
2017.12.11 01:09:15.517,1.78156,1.78182,1.00,1.12
2017.12.11 01:09:15.775,1.78156,1.78184,1.25,1.12
2017.12.11 01:09:16.357,1.78156,1.78184,1.37,1.00
2017.12.11 01:09:16.653,1.78163,1.78189,1.56,1.00
2017.12.11 01:09:16.704,1.78168,1.78194,1.00,1.00
2017.12.11 01:09:16.806,1.78172,1.78193,1.00,1.00
2017.12.11 01:09:17.353,1.78172,1.78194,1.00,1.00
2017.12.11 01:09:17.874,1.78172,1.78193,1.12,1.00
2017.12.11 01:09:18.392,1.78172,1.78194,1.00,1.00
2017.12.11 01:09:19.189,1.78172,1.78193,1.12,1.00
2017.12.11 01:09:21.151,1.78164,1.78192,1.37,1.00
2017.12.11 01:09:21.253,1.78163,1.78189,1.37,1.00
2017.12.11 01:09:21.571,1.78163,1.78187,1.37,1.00
2017.12.11 01:09:22.072,1.78163,1.78188,1.37,1.00
2017.12.11 01:09:22.638,1.78163,1.78187,1.37,1.00
2017.12.11 01:09:25.109,1.78163,1.78188,1.37,1.00
2017.12.11 01:09:25.454,1.78163,1.78188,1.00,1.00
2017.12.11 01:09:27.106,1.78163,1.78188,1.37,1.50
2017.12.11 01:09:28.530,1.78163,1.78188,1.37,1.00
2017.12.11 01:09:28.583,1.78163,1.78193,1.37,1.50
2017.12.11 01:09:28.685,1.78163,1.78193,1.37,1.50
2017.12.11 01:09:28.736,1.7816,1.7819,1.37,1.00
2017.12.11 01:09:29.193,1.7816,1.78188,1.37,1.00
2017.12.11 01:09:29.737,1.7816,1.78188,1.37,1.00
2017.12.11 01:09:30.253,1.7816,1.78187,1.62,1.00
2017.12.11 01:09:30.362,1.7816,1.78187,1.37,1.00
2017.12.11 01:09:30.575,1.7816,1.78185,1.37,1.00
2017.12.11 01:09:30.861,1.7816,1.78187,1.37,1.00
2017.12.11 01:09:33.293,1.7816,1.78186,1.37,1.00
2017.12.11 01:09:34.190,1.7816,1.78185,1.37,1.00
2017.12.11 01:09:34.706,1.7816,1.78185,1.37,1.00
2017.12.11 01:09:35.215,1.7816,1.78185,1.37,1.00
2017.12.11 01:09:36.379,1.7816,1.78185,1.37,1.00
2017.12.11 01:09:40.665,1.7816,1.78185,1.37,1.00
2017.12.11 01:09:41.024,1.7816,1.78185,1.37,1.00
2017.12.11 01:09:41.564,1.7816,1.78186,1.37,1.00
2017.12.11 01:09:41.680,1.78166,1.78196,1.37,1.00
2017.12.11 01:09:41.731,1.78166,1.78195,1.37,1.00
2017.12.11 01:09:41.833,1.78164,1.78189,1.12,1.00
2017.12.11 01:09:41.985,1.78158,1.78186,1.37,1.00
2017.12.11 01:09:42.566,1.78158,1.78187,1.37,1.00
2017.12.11 01:09:43.224,1.78158,1.78187,1.37,1.00
2017.12.11 01:09:44.331,1.78158,1.78188,1.37,1.00
2017.12.11 01:09:45.664,1.78158,1.78186,1.37,1.00
2017.12.11 01:09:46.013,1.78158,1.78188,1.56,1.25
2017.12.11 01:09:46.517,1.78158,1.78188,1.56,1.00
2017.12.11 01:09:47.669,1.78158,1.78186,1.81,1.00
2017.12.11 01:09:48.001,1.78158,1.78188,1.75,1.00
2017.12.11 01:09:49.120,1.78158,1.78188,1.75,1.00
2017.12.11 01:09:49.657,1.78158,1.78188,1.56,1.00
2017.12.11 01:09:49.997,1.78163,1.78192,1.37,1.00
2017.12.11 01:09:50.200,1.78167,1.78196,1.56,1.00
2017.12.11 01:09:50.360,1.78173,1.78201,1.37,1.00
2017.12.11 01:09:50.875,1.78173,1.78202,1.56,1.00
2017.12.11 01:09:51.426,1.78173,1.78202,1.37,1.00
2017.12.11 01:09:51.976,1.78173,1.78201,1.37,1.00
2017.12.11 01:09:52.672,1.78173,1.78201,1.37,1.00
2017.12.11 01:09:52.825,1.78176,1.782,1.37,1.00
2017.12.11 01:09:53.363,1.78176,1.782,1.37,1.00
2017.12.11 01:09:53.565,1.78176,1.782,1.00,1.00
2017.12.11 01:09:53.870,1.78176,1.78198,1.00,1.00
2017.12.11 01:09:54.218,1.78176,1.782,1.00,1.00
2017.12.11 01:09:55.260,1.78176,1.78198,1.00,1.00
2017.12.11 01:09:55.784,1.78176,1.78199,1.00,1.00
2017.12.11 01:09:58.443,1.78176,1.78201,1.00,1.00
2017.12.11 01:09:58.977,1.78176,1.782,1.00,1.00
2017.12.11 01:10:00.086,1.78176,1.78201,1.00,1.00
2017.12.11 01:10:00.250,1.78176,1.78201,1.37,1.00
2017.12.11 01:10:00.700,1.78172,1.78204,1.37,1.50
2017.12.11 01:10:00.993,1.78172,1.78203,1.37,1.00
2017.12.11 01:10:01.045,1.78172,1.78203,1.37,1.00
2017.12.11 01:10:01.096,1.78172,1.78203,1.37,1.00
2017.12.11 01:10:01.147,1.78177,1.78203,1.37,1.00
2017.12.11 01:10:01.198,1.78177,1.78206,1.37,1.00
2017.12.11 01:10:01.486,1.78181,1.7821,1.00,1.00
2017.12.11 01:10:01.876,1.78181,1.78208,1.12,1.00
2017.12.11 01:10:02.389,1.78181,1.78207,1.12,1.00
2017.12.11 01:10:02.720,1.78181,1.78209,1.12,1.00
2017.12.11 01:10:02.998,1.78181,1.78207,1.12,1.00
2017.12.11 01:10:05.987,1.78188,1.78216,1.12,1.00
2017.12.11 01:10:06.038,1.78191,1.78222,1.56,1.00
2017.12.11 01:10:06.089,1.78195,1.78225,1.37,1.00
2017.12.11 01:10:06.277,1.78195,1.78222,1.37,1.00
2017.12.11 01:10:07.489,1.78195,1.78222,1.62,1.00
2017.12.11 01:10:07.846,1.78195,1.7822,1.62,1.00
2017.12.11 01:10:10.086,1.78195,1.7822,1.12,1.00
2017.12.11 01:10:12.968,1.78192,1.78215,1.00,1.00
2017.12.11 01:10:13.020,1.78188,1.78214,1.00,1.12
2017.12.11 01:10:13.122,1.78188,1.78211,1.00,1.00
2017.12.11 01:10:13.174,1.78183,1.7821,1.12,1.00
2017.12.11 01:10:13.488,1.78185,1.78211,1.37,1.00
2017.12.11 01:10:13.641,1.78192,1.78224,1.37,1.12
2017.12.11 01:10:13.692,1.78199,1.78225,1.00,1.00
2017.12.11 01:10:14.212,1.78199,1.78226,1.37,1.00
2017.12.11 01:10:15.147,1.78199,1.78225,1.37,1.00
2017.12.11 01:10:15.651,1.78199,1.78226,1.37,1.50
2017.12.11 01:10:16.120,1.78196,1.7822,1.00,1.37
2017.12.11 01:10:16.171,1.78191,1.78216,1.50,1.00
2017.12.11 01:10:16.441,1.78186,1.78214,1.37,1.00
2017.12.11 01:10:17.077,1.78186,1.78214,2.06,1.00
2017.12.11 01:10:17.271,1.78186,1.78216,2.06,1.50
2017.12.11 01:10:17.322,1.7819,1.78219,1.62,1.00
2017.12.11 01:10:17.636,1.78191,1.78222,1.37,1.00
2017.12.11 01:10:19.405,1.78196,1.78222,1.00,1.00
2017.12.11 01:10:19.640,1.78196,1.78224,1.12,1.00
2017.12.11 01:10:19.787,1.78199,1.78224,1.00,1.00
2017.12.11 01:10:20.364,1.78196,1.78225,1.00,1.00
2017.12.11 01:10:20.415,1.78204,1.78224,1.00,1.12
2017.12.11 01:10:20.468,1.78198,1.78227,2.06,1.12
2017.12.11 01:10:20.521,1.78198,1.78227,1.87,1.00
2017.12.11 01:10:20.640,1.78198,1.78226,1.12,1.00
2017.12.11 01:10:20.692,1.78198,1.78223,1.00,1.00
2017.12.11 01:10:21.000,1.78189,1.78218,2.06,1.00
2017.12.11 01:10:21.527,1.78192,1.78219,1.00,1.00
2017.12.11 01:10:21.628,1.78192,1.78222,1.00,1.12
2017.12.11 01:10:21.731,1.78193,1.78217,1.12,1.00
2017.12.11 01:10:21.883,1.78193,1.78222,1.37,1.00
2017.12.11 01:10:21.985,1.78197,1.78222,1.37,1.00
2017.12.11 01:10:22.037,1.78201,1.78226,1.12,1.00
2017.12.11 01:10:22.252,1.78198,1.78226,1.62,1.00
2017.12.11 01:10:22.609,1.78202,1.78229,1.37,1.00
2017.12.11 01:10:22.711,1.78207,1.78237,1.37,1.50
2017.12.11 01:10:22.763,1.78207,1.78237,1.12,1.50
2017.12.11 01:10:22.865,1.78211,1.78237,1.00,1.00
2017.12.11 01:10:24.291,1.78208,1.78236,1.37,1.00
2017.12.11 01:10:24.342,1.78208,1.78236,1.12,1.00
2017.12.11 01:10:24.850,1.78207,1.78237,1.12,1.50
2017.12.11 01:10:25.367,1.78206,1.78231,1.00,1.00
2017.12.11 01:10:26.396,1.78202,1.78231,1.00,1.12
2017.12.11 01:10:26.457,1.78199,1.78227,1.00,1.37
2017.12.11 01:10:26.763,1.78195,1.78217,1.12,1.00
2017.12.11 01:10:26.815,1.7819,1.7822,1.37,1.00
2017.12.11 01:10:26.919,1.78191,1.78214,1.00,1.00
2017.12.11 01:10:26.971,1.78191,1.78217,1.00,1.00
2017.12.11 01:10:27.728,1.78191,1.78218,1.37,1.00
2017.12.11 01:10:27.779,1.7819,1.7822,1.37,1.00
2017.12.11 01:10:27.932,1.78191,1.78219,1.37,1.00
2017.12.11 01:10:27.984,1.7819,1.7822,1.37,1.00
2017.12.11 01:10:28.035,1.78196,1.78224,1.12,1.00
2017.12.11 01:10:28.929,1.78195,1.78225,1.12,1.50
2017.12.11 01:10:29.471,1.78196,1.78224,1.12,1.00
2017.12.11 01:10:30.287,1.78196,1.78223,1.00,1.12
2017.12.11 01:10:30.647,1.78196,1.78224,1.37,1.00
2017.12.11 01:10:31.164,1.78195,1.78223,1.37,1.19
2017.12.11 01:10:31.367,1.78194,1.78224,1.37,1.00
2017.12.11 01:10:31.419,1.782,1.78225,1.00,1.00
2017.12.11 01:10:31.471,1.78195,1.78225,1.37,1.50
2017.12.11 01:10:31.796,1.78195,1.78223,1.12,1.00
2017.12.11 01:10:32.342,1.78196,1.78224,1.12,1.00
2017.12.11 01:10:32.614,1.78195,1.78227,1.37,1.87
2017.12.11 01:10:32.794,1.78194,1.78225,1.00,1.37
2017.12.11 01:10:32.845,1.78194,1.78225,1.12,1.12
2017.12.11 01:10:32.896,1.78191,1.78223,1.37,1.00
2017.12.11 01:10:33.202,1.7819,1.78224,1.37,1.00
2017.12.11 01:10:33.532,1.78196,1.78224,1.37,1.00
2017.12.11 01:10:34.056,1.78202,1.78229,1.37,1.00
2017.12.11 01:10:34.108,1.78202,1.78234,1.00,1.37
2017.12.11 01:10:34.159,1.78198,1.7823,1.37,1.50
2017.12.11 01:10:34.463,1.78199,1.78228,1.37,1.19
2017.12.11 01:10:34.819,1.78199,1.78229,1.37,2.25
2017.12.11 01:10:35.461,1.78199,1.78229,1.00,2.25
2017.12.11 01:10:36.052,1.78202,1.78231,1.87,1.00
2017.12.11 01:10:36.154,1.78202,1.78235,1.37,1.62
2017.12.11 01:10:36.405,1.78204,1.78236,1.37,1.56
2017.12.11 01:10:36.711,1.7821,1.78235,1.37,1.00
2017.12.11 01:10:37.482,1.7821,1.78241,1.37,1.25
2017.12.11 01:10:37.533,1.7821,1.78241,1.00,1.56
2017.12.11 01:10:37.896,1.78211,1.78244,1.37,1.75
2017.12.11 01:10:38.417,1.7821,1.78245,1.37,1.94
2017.12.11 01:10:38.954,1.78211,1.78245,1.37,1.75
2017.12.11 01:10:40.557,1.78211,1.78245,1.37,2.00
2017.12.11 01:10:41.172,1.7821,1.78245,1.37,1.75
2017.12.11 01:10:41.478,1.78213,1.78244,1.37,1.25
2017.12.11 01:10:42.024,1.78213,1.78244,1.37,1.00
2017.12.11 01:10:42.554,1.78213,1.78244,1.37,1.00
2017.12.11 01:10:42.946,1.78223,1.78244,1.12,1.25
2017.12.11 01:10:43.048,1.78222,1.78249,1.00,1.00
2017.12.11 01:10:43.564,1.78222,1.78249,1.37,1.00
2017.12.11 01:10:43.990,1.78217,1.78243,1.12,1.00
2017.12.11 01:10:44.322,1.78218,1.78243,1.37,1.00
2017.12.11 01:10:44.373,1.78218,1.78249,1.37,1.69
2017.12.11 01:10:44.424,1.78218,1.78249,1.37,1.69
2017.12.11 01:10:44.960,1.78218,1.78249,1.37,1.25
2017.12.11 01:10:45.529,1.78217,1.78249,1.37,1.00
2017.12.11 01:10:46.327,1.78218,1.78249,1.37,1.25
2017.12.11 01:10:46.530,1.78228,1.7826,1.37,1.19
2017.12.11 01:10:46.581,1.78228,1.7826,1.37,1.69
2017.12.11 01:10:46.632,1.78227,1.7826,1.62,1.00
2017.12.11 01:10:46.683,1.78227,1.78257,1.37,1.00
2017.12.11 01:10:46.836,1.78227,1.78262,1.37,2.06
2017.12.11 01:10:46.887,1.78228,1.78261,1.37,1.25
2017.12.11 01:10:46.938,1.78227,1.7826,1.37,1.31
2017.12.11 01:10:46.990,1.78228,1.78259,1.37,1.25
2017.12.11 01:10:47.041,1.78227,1.78264,1.37,1.25
2017.12.11 01:10:47.092,1.78231,1.78259,1.37,1.00
2017.12.11 01:10:47.352,1.78232,1.78262,1.37,1.00
2017.12.11 01:10:47.871,1.78232,1.78263,1.37,1.25
2017.12.11 01:10:48.276,1.78232,1.78263,1.87,1.00
2017.12.11 01:10:48.807,1.78232,1.78263,1.37,1.00
2017.12.11 01:10:49.325,1.78232,1.78263,2.06,1.00
2017.12.11 01:10:50.514,1.78231,1.78268,2.25,1.87
2017.12.11 01:10:50.724,1.78231,1.78267,2.25,1.31
2017.12.11 01:10:50.775,1.78232,1.78266,1.62,1.62
2017.12.11 01:10:51.549,1.78231,1.78264,1.37,1.31
2017.12.11 01:10:51.860,1.78242,1.78269,1.12,1.00
2017.12.11 01:10:51.911,1.78242,1.78272,1.12,1.37
2017.12.11 01:10:51.962,1.78242,1.78272,1.37,1.25
2017.12.11 01:10:52.115,1.78246,1.78278,1.12,1.37
2017.12.11 01:10:52.369,1.78246,1.78278,1.00,2.06
2017.12.11 01:10:52.471,1.78246,1.78278,1.00,1.56
2017.12.11 01:10:53.125,1.78246,1.78278,1.00,1.56
2017.12.11 01:10:54.776,1.78246,1.78278,1.37,1.62
2017.12.11 01:10:55.059,1.78246,1.78278,1.00,1.37
2017.12.11 01:10:55.160,1.78246,1.78278,1.12,1.56
2017.12.11 01:10:55.543,1.78251,1.78281,1.62,1.00
2017.12.11 01:10:55.654,1.78259,1.7829,1.00,1.75
2017.12.11 01:10:56.062,1.78259,1.7829,1.37,1.12
2017.12.11 01:10:56.369,1.78259,1.7829,1.00,1.37
2017.12.11 01:10:56.774,1.78262,1.78292,1.00,1.37
2017.12.11 01:10:56.939,1.78255,1.78287,1.81,1.31
2017.12.11 01:10:56.990,1.78253,1.78283,1.00,1.37
2017.12.11 01:10:57.042,1.78249,1.78278,1.31,1.12
2017.12.11 01:10:57.148,1.78249,1.78278,1.37,1.00
2017.12.11 01:10:57.455,1.78261,1.78285,1.37,1.00
2017.12.11 01:10:57.507,1.78261,1.78291,1.37,1.00
2017.12.11 01:10:57.558,1.78266,1.78295,1.12,1.12
2017.12.11 01:10:57.660,1.7826,1.78292,1.37,1.62
2017.12.11 01:10:57.964,1.78262,1.78292,1.37,1.00
2017.12.11 01:10:58.065,1.7826,1.78292,1.62,1.31
2017.12.11 01:10:58.426,1.7826,1.78292,1.00,1.37
2017.12.11 01:10:58.950,1.7826,1.78292,1.31,1.62
2017.12.11 01:10:59.215,1.7826,1.78292,1.37,1.12
2017.12.11 01:10:59.773,1.7826,1.78292,1.87,1.37
2017.12.11 01:11:00.312,1.7826,1.78292,1.37,1.12
2017.12.11 01:11:00.512,1.7826,1.78292,1.87,1.00
2017.12.11 01:11:00.887,1.7826,1.78292,1.87,1.00
2017.12.11 01:11:01.013,1.7826,1.78297,1.87,1.94
2017.12.11 01:11:01.065,1.7826,1.78298,1.37,2.06
2017.12.11 01:11:01.506,1.78275,1.78303,1.00,1.25
2017.12.11 01:11:01.557,1.78269,1.78301,1.37,1.12
2017.12.11 01:11:01.609,1.78274,1.78306,1.37,1.00
2017.12.11 01:11:01.914,1.78273,1.78305,1.00,1.56
2017.12.11 01:11:02.464,1.78273,1.78308,1.37,1.56
2017.12.11 01:11:02.885,1.78269,1.78301,1.57,1.31
2017.12.11 01:11:03.001,1.78273,1.78311,1.62,1.56
2017.12.11 01:11:03.053,1.78273,1.78306,1.37,1.25
2017.12.11 01:11:03.206,1.78272,1.78309,1.37,1.56
2017.12.11 01:11:03.358,1.78273,1.78305,1.37,1.00
2017.12.11 01:11:03.860,1.78272,1.78306,1.37,1.00
2017.12.11 01:11:04.511,1.78272,1.78307,1.37,1.31
2017.12.11 01:11:05.327,1.78273,1.78306,1.37,1.62
2017.12.11 01:11:05.677,1.78269,1.78304,1.62,1.75
2017.12.11 01:11:07.078,1.78269,1.78303,1.62,1.25
2017.12.11 01:11:07.180,1.7827,1.78307,1.56,1.25
2017.12.11 01:11:07.283,1.78274,1.78309,1.37,1.25
2017.12.11 01:11:07.334,1.78279,1.78314,1.37,1.19
2017.12.11 01:11:07.436,1.7828,1.78316,1.62,1.87
2017.12.11 01:11:07.589,1.78285,1.78322,1.62,1.25
2017.12.11 01:11:07.690,1.78284,1.78325,1.81,1.62
2017.12.11 01:11:07.920,1.78287,1.78328,1.62,1.56
2017.12.11 01:11:08.465,1.78288,1.78326,1.81,1.56
2017.12.11 01:11:08.974,1.78288,1.78325,1.37,1.50
2017.12.11 01:11:09.305,1.78288,1.78323,1.62,1.31
2017.12.11 01:11:11.244,1.78287,1.78324,2.00,1.19
2017.12.11 01:11:11.603,1.78296,1.78326,1.37,1.19
2017.12.11 01:11:11.908,1.78291,1.78321,1.62,1.19
2017.12.11 01:11:11.959,1.78288,1.78325,1.81,1.62
2017.12.11 01:11:12.010,1.78292,1.78323,1.37,1.19
2017.12.11 01:11:12.112,1.7829,1.78329,1.62,1.56
2017.12.11 01:11:12.441,1.78292,1.78329,1.56,2.06
2017.12.11 01:11:12.775,1.7829,1.78329,1.81,2.06
2017.12.11 01:11:14.249,1.78291,1.78329,2.00,1.62
2017.12.11 01:11:14.775,1.78291,1.78329,2.00,1.37
2017.12.11 01:11:15.739,1.78291,1.7833,1.94,1.56
2017.12.11 01:11:16.556,1.78291,1.7833,1.75,1.56
2017.12.11 01:11:17.156,1.78291,1.78329,2.44,1.56
2017.12.11 01:11:17.472,1.78291,1.7833,1.81,1.56
2017.12.11 01:11:17.583,1.78291,1.78331,1.69,1.81
2017.12.11 01:11:17.888,1.78293,1.78332,2.00,2.25
2017.12.11 01:11:18.213,1.78296,1.7833,1.37,1.87
2017.12.11 01:11:18.723,1.78295,1.7833,1.62,1.00
2017.12.11 01:11:18.832,1.78295,1.7833,1.37,1.12
2017.12.11 01:11:24.912,1.78296,1.7833,1.37,1.62
2017.12.11 01:11:25.487,1.78301,1.78334,1.87,1.00
2017.12.11 01:11:25.538,1.78302,1.78334,1.87,1.62
2017.12.11 01:11:25.589,1.78297,1.78334,2.06,1.37
2017.12.11 01:11:26.176,1.78295,1.78332,1.75,1.87
2017.12.11 01:11:26.993,1.78298,1.78332,1.37,2.25
2017.12.11 01:11:29.085,1.78297,1.78332,1.37,1.62
2017.12.11 01:11:30.053,1.78298,1.78332,1.37,2.06
2017.12.11 01:11:30.161,1.78297,1.78332,1.37,1.25
2017.12.11 01:11:30.976,1.78297,1.78333,1.37,1.87
2017.12.11 01:11:31.711,1.78297,1.78333,1.87,1.56
2017.12.11 01:11:32.399,1.78302,1.78334,1.12,1.56
2017.12.11 01:11:32.705,1.78303,1.78334,1.37,1.87
2017.12.11 01:11:32.808,1.78302,1.78334,1.12,1.81
2017.12.11 01:11:34.218,1.78298,1.78331,1.37,1.00
2017.12.11 01:11:34.270,1.78298,1.78334,1.37,1.50
2017.12.11 01:11:34.321,1.783,1.78333,1.37,1.19
2017.12.11 01:11:34.422,1.783,1.78333,1.37,1.31
2017.12.11 01:11:34.980,1.783,1.78333,1.81,1.25
2017.12.11 01:11:35.153,1.783,1.78331,1.81,1.00
2017.12.11 01:11:35.456,1.783,1.78332,1.62,2.06
2017.12.11 01:11:36.000,1.783,1.78331,1.81,1.31
2017.12.11 01:11:36.819,1.78298,1.78332,1.62,2.06
2017.12.11 01:11:37.379,1.78296,1.78331,1.75,1.31
2017.12.11 01:11:38.139,1.783,1.78332,1.37,1.19
2017.12.11 01:11:38.191,1.783,1.78335,1.37,1.50
2017.12.11 01:11:38.242,1.783,1.7833,1.37,1.00
2017.12.11 01:11:38.678,1.78296,1.7833,1.50,1.25
2017.12.11 01:11:39.386,1.78296,1.7833,2.25,1.25
2017.12.11 01:11:40.427,1.78296,1.7833,1.50,1.00
2017.12.11 01:11:41.247,1.78295,1.7833,3.00,1.12
2017.12.11 01:11:41.596,1.78304,1.7833,1.00,1.00
2017.12.11 01:11:41.699,1.78303,1.78337,1.37,1.56
2017.12.11 01:11:41.750,1.78303,1.78334,1.37,1.56
2017.12.11 01:11:42.157,1.78298,1.78332,1.87,1.31
2017.12.11 01:11:42.260,1.78294,1.7833,1.62,1.56
2017.12.11 01:11:42.766,1.78295,1.78329,1.37,1.56
2017.12.11 01:11:43.347,1.78294,1.7833,1.37,1.56
2017.12.11 01:11:43.988,1.78295,1.78328,1.37,1.56
2017.12.11 01:11:45.768,1.78289,1.78324,1.87,1.31
2017.12.11 01:11:45.870,1.78289,1.78323,1.37,1.56
2017.12.11 01:11:45.921,1.78288,1.78323,1.62,1.25
2017.12.11 01:11:45.986,1.78288,1.78323,1.56,1.62
2017.12.11 01:11:46.037,1.78289,1.78327,1.75,1.62
2017.12.11 01:11:46.091,1.78288,1.78328,1.75,1.62
2017.12.11 01:11:46.243,1.78291,1.7833,1.37,1.75
2017.12.11 01:11:47.067,1.78291,1.78328,1.81,1.50
2017.12.11 01:11:49.342,1.78291,1.78328,1.62,1.56
2017.12.11 01:11:51.082,1.78291,1.78329,1.62,1.56
2017.12.11 01:11:51.184,1.78291,1.7833,1.62,2.25
2017.12.11 01:11:52.124,1.78292,1.78327,1.56,1.37
2017.12.11 01:11:52.430,1.78307,1.78344,1.87,1.87
2017.12.11 01:11:52.735,1.78307,1.78344,2.06,1.37
2017.12.11 01:11:53.351,1.78308,1.78344,1.37,2.06
2017.12.11 01:11:54.427,1.78309,1.78344,1.37,1.62
2017.12.11 01:11:54.773,1.78313,1.78344,1.12,1.31
2017.12.11 01:11:54.824,1.78314,1.78347,1.37,1.50
2017.12.11 01:11:54.876,1.78314,1.78354,1.37,1.94
2017.12.11 01:11:54.927,1.78313,1.78354,1.00,1.94
2017.12.11 01:11:54.978,1.78314,1.78348,1.37,1.56
2017.12.11 01:11:55.334,1.78314,1.78348,1.37,1.56
2017.12.11 01:11:55.538,1.78318,1.78348,1.37,1.31
2017.12.11 01:11:56.551,1.78317,1.78352,1.37,1.56
2017.12.11 01:11:57.211,1.78318,1.78351,1.37,1.56
2017.12.11 01:11:57.719,1.78314,1.78353,1.81,2.25
2017.12.11 01:11:58.633,1.78315,1.78353,1.56,1.75
2017.12.11 01:12:01.068,1.78316,1.78352,1.50,1.62
2017.12.11 01:12:01.119,1.78313,1.78349,2.25,2.06
2017.12.11 01:12:01.453,1.78309,1.78343,1.37,1.75
2017.12.11 01:12:01.559,1.78309,1.78343,1.37,1.87
2017.12.11 01:12:03.081,1.7831,1.78342,1.37,1.19
2017.12.11 01:12:03.304,1.78309,1.78343,1.37,2.06
2017.12.11 01:12:03.845,1.78305,1.7834,2.44,1.12
2017.12.11 01:12:04.474,1.78305,1.7834,3.00,1.37
2017.12.11 01:12:07.300,1.78306,1.78338,1.56,1.00
2017.12.11 01:12:08.602,1.7831,1.78339,1.37,1.00
2017.12.11 01:12:08.653,1.78312,1.78341,1.37,1.00
2017.12.11 01:12:08.755,1.78309,1.78346,1.37,1.62
2017.12.11 01:12:09.332,1.7831,1.78346,1.75,2.06
2017.12.11 01:12:09.384,1.78308,1.78341,1.62,1.62
2017.12.11 01:12:10.482,1.78309,1.78341,1.31,1.37
2017.12.11 01:12:10.818,1.78309,1.78341,1.37,1.00
2017.12.11 01:12:11.405,1.7831,1.78341,1.37,1.31
2017.12.11 01:12:15.116,1.78309,1.78341,1.62,1.25
2017.12.11 01:12:15.827,1.78308,1.78341,2.25,1.00
2017.12.11 01:12:16.216,1.78308,1.78341,2.25,1.00
2017.12.11 01:12:16.567,1.78309,1.78341,1.62,1.00
2017.12.11 01:12:16.618,1.78309,1.78341,1.62,1.12
2017.12.11 01:12:17.702,1.78308,1.78341,2.25,1.00
2017.12.11 01:12:18.424,1.78309,1.78339,1.37,1.00
2017.12.11 01:12:19.802,1.78309,1.78339,1.37,1.00
2017.12.11 01:12:20.105,1.78309,1.78339,2.06,1.00
2017.12.11 01:12:20.258,1.78309,1.78339,2.06,1.00
2017.12.11 01:12:21.018,1.78309,1.78339,1.37,1.00
2017.12.11 01:12:21.555,1.78309,1.78339,1.87,1.00
2017.12.11 01:12:21.606,1.78309,1.78341,1.37,1.00
2017.12.11 01:12:24.008,1.78308,1.78341,1.37,1.25
2017.12.11 01:12:24.594,1.78309,1.78341,1.37,1.12
2017.12.11 01:12:26.439,1.78308,1.78336,1.37,1.00
2017.12.11 01:12:30.416,1.78306,1.78336,1.69,1.00
2017.12.11 01:12:30.523,1.78308,1.78339,1.37,1.00
2017.12.11 01:12:30.575,1.78311,1.78339,1.37,1.00
2017.12.11 01:12:31.442,1.78312,1.78339,1.37,1.00
2017.12.11 01:12:31.757,1.78308,1.78337,1.69,1.00
2017.12.11 01:12:32.013,1.78306,1.78335,1.94,1.00
2017.12.11 01:12:32.220,1.78314,1.78342,1.37,1.00
2017.12.11 01:12:32.271,1.78314,1.78342,1.37,1.00
2017.12.11 01:12:32.850,1.78315,1.78342,1.37,1.00
2017.12.11 01:12:33.725,1.78314,1.78343,1.12,1.00
2017.12.11 01:12:33.776,1.7831,1.78339,1.37,1.00
2017.12.11 01:12:34.137,1.78313,1.78339,1.37,1.00
2017.12.11 01:12:34.189,1.78313,1.78345,1.87,1.00
2017.12.11 01:12:34.290,1.78313,1.7835,1.87,1.87
2017.12.11 01:12:34.392,1.78317,1.78349,1.37,1.00
2017.12.11 01:12:34.494,1.78317,1.78349,1.37,1.00
2017.12.11 01:12:34.586,1.78317,1.78349,1.37,1.37
2017.12.11 01:12:35.165,1.78313,1.78348,1.75,1.12
2017.12.11 01:12:35.500,1.78314,1.78343,1.62,1.00
2017.12.11 01:12:35.841,1.78314,1.7834,1.37,1.00
2017.12.11 01:12:35.993,1.7831,1.7834,1.87,1.00
2017.12.11 01:12:36.293,1.7831,1.7834,2.44,1.00
2017.12.11 01:12:40.738,1.7831,1.7834,2.25,1.00
2017.12.11 01:12:41.729,1.7831,1.7834,1.62,1.00
2017.12.11 01:12:42.279,1.7831,1.78339,2.25,1.00
2017.12.11 01:12:42.867,1.78309,1.78339,1.81,1.00
2017.12.11 01:12:47.618,1.7831,1.78339,1.75,1.00
2017.12.11 01:12:48.217,1.78309,1.78339,2.25,1.00
2017.12.11 01:12:52.635,1.7831,1.78339,1.81,1.00
2017.12.11 01:12:54.948,1.78309,1.78339,2.25,1.00
2017.12.11 01:12:55.564,1.7831,1.78339,1.81,1.00
2017.12.11 01:12:56.078,1.78309,1.78339,2.44,1.00
2017.12.11 01:12:56.873,1.78309,1.78339,2.44,1.00
2017.12.11 01:12:59.576,1.7831,1.78339,1.81,1.00
2017.12.11 01:12:59.677,1.78309,1.78343,2.25,1.00
2017.12.11 01:13:00.812,1.7831,1.78343,1.94,2.06
2017.12.11 01:13:02.134,1.7831,1.78339,1.69,1.00
2017.12.11 01:13:03.885,1.78309,1.78339,2.44,1.00
2017.12.11 01:13:04.392,1.7831,1.78339,1.94,1.00
2017.12.11 01:13:06.355,1.78309,1.78339,1.94,1.00
2017.12.11 01:13:06.806,1.7831,1.78339,1.81,1.00
2017.12.11 01:13:07.010,1.78318,1.78348,1.37,1.00
2017.12.11 01:13:07.061,1.78318,1.78348,2.25,1.00
2017.12.11 01:13:07.163,1.78318,1.78348,1.69,1.00
2017.12.11 01:13:07.214,1.7832,1.78352,1.12,1.37
2017.12.11 01:13:07.873,1.78321,1.78352,1.00,1.37
2017.12.11 01:13:08.585,1.78319,1.78352,1.50,1.12
2017.12.11 01:13:08.893,1.78321,1.78354,1.87,1.25
2017.12.11 01:13:10.172,1.78322,1.78354,1.37,2.62
2017.12.11 01:13:11.141,1.78321,1.78354,1.87,1.25
2017.12.11 01:13:12.128,1.78322,1.78354,1.37,2.25
2017.12.11 01:13:15.352,1.78322,1.78353,1.12,1.62
2017.12.11 01:13:15.403,1.78321,1.78353,1.37,1.00
2017.12.11 01:13:15.672,1.78321,1.78353,1.37,1.00
2017.12.11 01:13:16.400,1.78321,1.78353,1.37,1.00
2017.12.11 01:13:17.504,1.78319,1.78353,2.06,1.31
2017.12.11 01:13:17.555,1.78319,1.7835,1.37,1.00
2017.12.11 01:13:17.707,1.78316,1.78349,1.87,1.25
2017.12.11 01:13:21.331,1.78318,1.78349,1.62,1.31
2017.12.11 01:13:21.838,1.78318,1.78349,1.37,1.12
2017.12.11 01:13:21.889,1.78318,1.78349,1.37,1.00
2017.12.11 01:13:22.856,1.78318,1.78349,1.37,1.31
2017.12.11 01:13:24.557,1.78318,1.78349,1.62,1.00
2017.12.11 01:13:26.174,1.78318,1.78349,1.50,1.12
2017.12.11 01:13:31.376,1.78316,1.78349,1.94,1.25
2017.12.11 01:13:32.388,1.78316,1.78349,1.75,1.00
2017.12.11 01:13:32.641,1.78327,1.7836,1.37,1.00
2017.12.11 01:13:33.502,1.78327,1.7836,2.81,1.00
2017.12.11 01:13:37.087,1.78327,1.7836,1.37,1.00
2017.12.11 01:13:37.246,1.78329,1.78364,1.37,1.31
2017.12.11 01:13:37.398,1.78329,1.78364,1.37,1.00
2017.12.11 01:13:38.607,1.78332,1.78364,1.75,1.25
2017.12.11 01:13:38.928,1.78332,1.78364,1.56,1.00
2017.12.11 01:13:39.488,1.78332,1.78364,1.75,1.00
2017.12.11 01:13:40.657,1.78332,1.78364,1.75,1.00
2017.12.11 01:13:41.417,1.78332,1.78364,1.56,1.00
2017.12.11 01:13:41.518,1.78332,1.78367,2.06,1.62
2017.12.11 01:13:42.901,1.78332,1.78367,2.25,1.81
2017.12.11 01:13:43.460,1.78332,1.78367,1.37,2.25
2017.12.11 01:13:43.951,1.78332,1.78366,1.37,1.56
2017.12.11 01:13:44.625,1.78332,1.78367,1.37,2.06
2017.12.11 01:13:44.952,1.78335,1.78365,1.37,1.00
2017.12.11 01:13:45.266,1.78337,1.78367,1.37,1.25
2017.12.11 01:13:45.670,1.78337,1.78367,1.37,1.25
2017.12.11 01:13:46.219,1.78337,1.78368,1.37,1.87
2017.12.11 01:13:46.726,1.78337,1.78367,1.37,1.12
2017.12.11 01:13:50.225,1.78337,1.78368,1.37,1.69
2017.12.11 01:13:52.229,1.78337,1.78368,1.37,1.69
2017.12.11 01:13:52.586,1.78337,1.78367,1.37,1.44
2017.12.11 01:13:53.631,1.78337,1.78368,1.37,1.87
2017.12.11 01:13:56.191,1.78337,1.78368,1.37,1.87
2017.12.11 01:13:56.846,1.78337,1.78368,1.37,1.87
2017.12.11 01:13:56.897,1.78337,1.78368,1.00,2.25
2017.12.11 01:13:57.358,1.78333,1.78365,1.81,1.00
2017.12.11 01:13:57.847,1.78333,1.78365,1.37,1.37
2017.12.11 01:13:58.440,1.78331,1.78365,1.94,1.12
2017.12.11 01:13:58.946,1.78331,1.78365,2.06,1.62
2017.12.11 01:13:59.831,1.78331,1.78365,1.37,1.12
2017.12.11 01:14:00.054,1.78323,1.78355,1.37,1.31
2017.12.11 01:14:00.360,1.78321,1.78352,1.37,1.19
2017.12.11 01:14:00.930,1.78321,1.78353,1.37,1.19
2017.12.11 01:14:04.196,1.78321,1.78352,1.37,1.19
2017.12.11 01:14:04.836,1.78317,1.7835,1.69,1.00
2017.12.11 01:14:04.888,1.78317,1.7835,1.50,1.00
2017.12.11 01:14:05.396,1.78317,1.7835,1.81,1.00
2017.12.11 01:14:05.447,1.78316,1.7835,1.37,1.00
2017.12.11 01:14:05.658,1.78322,1.78353,1.37,1.00
2017.12.11 01:14:05.724,1.78324,1.78356,1.37,1.50
2017.12.11 01:14:05.775,1.78316,1.78352,1.37,1.00
2017.12.11 01:14:06.029,1.78316,1.78352,1.37,1.12
2017.12.11 01:14:06.251,1.78323,1.78355,1.62,1.00
2017.12.11 01:14:06.352,1.78323,1.7836,1.81,1.37
2017.12.11 01:14:06.968,1.78321,1.78357,1.62,1.37
2017.12.11 01:14:11.217,1.78321,1.78357,2.25,1.37
2017.12.11 01:14:11.936,1.78321,1.78357,2.06,2.06
2017.12.11 01:14:12.046,1.78317,1.78354,2.06,1.56
2017.12.11 01:14:12.148,1.78315,1.78349,1.37,1.37
2017.12.11 01:14:12.300,1.78315,1.78349,1.37,1.12
2017.12.11 01:14:12.802,1.78315,1.78349,1.56,1.37
2017.12.11 01:14:14.979,1.78314,1.78349,1.75,1.00
2017.12.11 01:14:15.580,1.78314,1.78349,2.25,1.00
2017.12.11 01:14:16.476,1.78314,1.78349,2.25,1.00
2017.12.11 01:14:17.052,1.78314,1.7835,3.75,1.00
2017.12.11 01:14:18.775,1.78314,1.7835,2.25,1.00
2017.12.11 01:14:20.307,1.78314,1.7835,1.87,1.56
2017.12.11 01:14:20.665,1.78315,1.7835,1.62,1.56
2017.12.11 01:14:21.048,1.78315,1.7835,1.25,1.56
2017.12.11 01:14:21.150,1.78312,1.78349,1.62,1.37
2017.12.11 01:14:21.811,1.78311,1.78349,1.56,1.56
2017.12.11 01:14:22.345,1.78312,1.78349,1.62,1.56
2017.12.11 01:14:22.995,1.78312,1.78349,1.81,1.81
2017.12.11 01:14:25.576,1.78312,1.78349,1.81,1.81
2017.12.11 01:14:26.128,1.78312,1.78349,1.62,1.56
2017.12.11 01:14:26.669,1.78312,1.78349,1.56,1.81
2017.12.11 01:14:27.185,1.78312,1.78349,1.62,1.37
2017.12.11 01:14:27.724,1.78312,1.78349,1.56,1.81
2017.12.11 01:14:28.328,1.78312,1.78349,1.62,1.37
2017.12.11 01:14:28.867,1.78312,1.78349,1.56,1.62
2017.12.11 01:14:29.906,1.78307,1.78341,1.12,1.56
2017.12.11 01:14:30.191,1.78304,1.78339,1.56,1.00
2017.12.11 01:14:30.502,1.78306,1.78336,1.37,1.00
2017.12.11 01:14:31.052,1.78301,1.78335,1.56,1.00
2017.12.11 01:14:31.580,1.78301,1.78335,2.06,1.00
2017.12.11 01:14:33.331,1.78301,1.78335,1.56,1.00
2017.12.11 01:14:33.940,1.78301,1.78335,1.62,1.00
2017.12.11 01:14:35.311,1.78301,1.78335,1.56,1.00
2017.12.11 01:14:35.869,1.78302,1.78335,1.62,1.00
2017.12.11 01:14:35.971,1.78302,1.78335,1.37,1.00
2017.12.11 01:14:36.022,1.78302,1.78335,1.56,1.00
2017.12.11 01:14:36.123,1.78302,1.78335,1.37,1.00
2017.12.11 01:14:36.646,1.78302,1.78335,1.37,1.00
2017.12.11 01:14:38.561,1.78302,1.78335,1.50,1.00
2017.12.11 01:14:38.612,1.78301,1.78337,1.50,1.62
2017.12.11 01:14:38.745,1.78301,1.78337,2.25,1.12
2017.12.11 01:14:40.257,1.783,1.78337,1.56,1.37
2017.12.11 01:14:40.840,1.78299,1.78337,1.69,1.31
2017.12.11 01:14:41.255,1.78299,1.78337,1.69,1.62
2017.12.11 01:14:42.176,1.78299,1.78337,2.06,2.25
2017.12.11 01:14:50.133,1.78301,1.7833,1.00,1.37
2017.12.11 01:14:50.184,1.78297,1.78331,1.87,1.37
2017.12.11 01:14:50.743,1.78297,1.78331,2.06,1.37
2017.12.11 01:14:51.068,1.78297,1.78331,2.06,1.37
2017.12.11 01:14:51.272,1.7828,1.78312,1.12,1.37
2017.12.11 01:14:51.373,1.78277,1.78313,1.56,1.37
2017.12.11 01:14:51.914,1.78277,1.78313,1.50,1.37
2017.12.11 01:14:52.482,1.78277,1.78313,1.56,1.37
2017.12.11 01:14:53.208,1.78276,1.78313,1.75,1.62
2017.12.11 01:14:53.716,1.78275,1.78313,1.94,1.62
2017.12.11 01:14:54.849,1.78275,1.78313,2.25,1.37
2017.12.11 01:14:55.156,1.78276,1.78313,1.75,1.62
2017.12.11 01:14:55.502,1.78279,1.78313,1.37,1.00
2017.12.11 01:14:56.406,1.78279,1.78313,1.37,1.00
2017.12.11 01:14:57.287,1.78277,1.78312,1.31,1.37
2017.12.11 01:15:01.044,1.78277,1.78312,1.00,1.62
2017.12.11 01:15:01.797,1.78276,1.78312,1.75,1.56
2017.12.11 01:15:02.418,1.78276,1.78312,1.50,1.62
2017.12.11 01:15:03.064,1.7828,1.78312,1.00,1.62
2017.12.11 01:15:03.115,1.7828,1.78312,1.00,1.62
2017.12.11 01:15:03.189,1.78277,1.78309,1.00,1.37
2017.12.11 01:15:03.240,1.78277,1.78309,1.12,1.12
2017.12.11 01:15:04.188,1.78276,1.78309,1.87,1.00
2017.12.11 01:15:04.598,1.7828,1.78311,1.00,1.62
2017.12.11 01:15:04.921,1.78276,1.78306,1.87,1.37
2017.12.11 01:15:05.288,1.78276,1.78306,1.12,1.37
2017.12.11 01:15:06.645,1.78276,1.78306,1.00,1.37
2017.12.11 01:15:07.177,1.78276,1.78306,1.87,1.00
2017.12.11 01:15:07.279,1.78276,1.78306,1.50,1.37
2017.12.11 01:15:07.912,1.78276,1.78306,1.00,1.37
2017.12.11 01:15:08.336,1.78276,1.78306,1.00,1.12
2017.12.11 01:15:08.687,1.78277,1.78311,1.69,1.37
2017.12.11 01:15:08.789,1.78277,1.78311,1.50,1.37
2017.12.11 01:15:09.042,1.78277,1.78309,1.12,1.37
2017.12.11 01:15:13.717,1.78274,1.78308,1.37,1.12
2017.12.11 01:15:15.613,1.78274,1.78308,1.37,1.00
2017.12.11 01:15:16.388,1.78274,1.78308,1.37,1.37
2017.12.11 01:15:20.052,1.78274,1.78311,1.75,1.37
2017.12.11 01:15:21.212,1.78273,1.78311,1.50,1.12
2017.12.11 01:15:21.496,1.78276,1.78307,1.12,1.00
2017.12.11 01:15:23.333,1.78277,1.78307,1.12,1.00
2017.12.11 01:15:23.757,1.78281,1.78313,1.00,2.06
2017.12.11 01:15:26.364,1.78281,1.78313,1.00,2.06
2017.12.11 01:15:26.874,1.78275,1.78308,1.37,1.00
2017.12.11 01:15:27.077,1.78277,1.78308,1.12,1.00
2017.12.11 01:15:28.097,1.78276,1.78308,1.12,1.00
2017.12.11 01:15:28.512,1.78276,1.78312,1.12,1.37
2017.12.11 01:15:31.554,1.78276,1.78312,1.37,1.62
2017.12.11 01:15:31.858,1.78276,1.78307,1.00,1.37
2017.12.11 01:15:32.443,1.78276,1.78307,1.00,1.37
2017.12.11 01:15:32.977,1.78276,1.78307,1.00,1.37
2017.12.11 01:15:33.303,1.78276,1.78307,1.00,1.62
2017.12.11 01:15:33.724,1.78272,1.78304,1.00,1.37
2017.12.11 01:15:34.230,1.78272,1.78304,1.25,1.37
2017.12.11 01:15:35.256,1.78272,1.78304,1.00,1.37
2017.12.11 01:15:35.307,1.78272,1.78304,2.00,1.37
2017.12.11 01:15:35.358,1.78279,1.7831,1.00,1.37
2017.12.11 01:15:35.972,1.78279,1.7831,1.00,1.37
2017.12.11 01:15:36.543,1.78279,1.78309,1.00,1.62
2017.12.11 01:15:36.594,1.78276,1.78307,1.12,1.12
2017.12.11 01:15:36.645,1.78276,1.78307,1.00,1.62
2017.12.11 01:15:37.281,1.78276,1.78307,1.00,1.37
2017.12.11 01:15:38.492,1.78276,1.78307,1.12,1.12
2017.12.11 01:15:38.543,1.78276,1.78307,1.00,1.37
2017.12.11 01:15:39.068,1.78273,1.78309,1.75,1.37
2017.12.11 01:15:39.119,1.78273,1.78309,1.75,1.37
2017.12.11 01:15:39.499,1.78278,1.78308,1.12,1.37
2017.12.11 01:15:40.710,1.78263,1.78295,1.00,1.56
2017.12.11 01:15:40.761,1.7826,1.7829,2.25,1.12
2017.12.11 01:15:40.863,1.78263,1.783,2.06,1.50
2017.12.11 01:15:41.389,1.78265,1.78302,1.87,1.56
2017.12.11 01:15:42.439,1.78265,1.78302,1.37,1.37
2017.12.11 01:15:44.384,1.78265,1.78302,1.37,2.06
2017.12.11 01:15:45.015,1.78265,1.78301,1.37,1.56
2017.12.11 01:15:46.410,1.7827,1.783,1.00,2.06
2017.12.11 01:15:46.462,1.78264,1.78301,1.37,1.62
2017.12.11 01:15:46.665,1.78264,1.78302,1.37,1.62
2017.12.11 01:15:46.868,1.78267,1.783,1.12,1.37
2017.12.11 01:15:47.020,1.78267,1.783,1.37,1.37
2017.12.11 01:15:47.534,1.78264,1.78299,1.50,1.37
2017.12.11 01:15:48.183,1.78264,1.78299,1.37,1.12
2017.12.11 01:15:51.206,1.78264,1.78299,1.12,1.37
2017.12.11 01:15:51.510,1.78265,1.78298,1.37,1.37
2017.12.11 01:15:52.584,1.78265,1.78298,1.37,2.06
2017.12.11 01:15:52.954,1.78265,1.78298,1.12,2.06
2017.12.11 01:16:00.494,1.78265,1.78298,1.00,2.06
2017.12.11 01:16:00.678,1.7826,1.78293,1.37,1.37
2017.12.11 01:16:00.729,1.7826,1.78293,1.00,1.37
2017.12.11 01:16:00.780,1.7826,1.78293,1.37,1.12
2017.12.11 01:16:00.831,1.78258,1.78291,1.12,1.37
2017.12.11 01:16:00.983,1.78261,1.78293,1.12,1.37
2017.12.11 01:16:01.034,1.78261,1.78293,1.00,1.37
2017.12.11 01:16:01.339,1.78261,1.78293,1.37,1.12
2017.12.11 01:16:01.542,1.78262,1.78293,1.37,1.12
2017.12.11 01:16:01.851,1.78261,1.78293,1.00,1.37
2017.12.11 01:16:02.166,1.78261,1.78293,1.50,1.37
2017.12.11 01:16:02.351,1.78261,1.78293,1.87,1.37
2017.12.11 01:16:05.316,1.78261,1.78293,1.37,1.37
2017.12.11 01:16:06.096,1.78261,1.78293,1.12,1.37
2017.12.11 01:16:06.707,1.78271,1.78302,1.37,1.00
2017.12.11 01:16:06.809,1.78275,1.78304,1.37,1.00
2017.12.11 01:16:07.675,1.78275,1.78304,1.12,1.00
2017.12.11 01:16:07.887,1.78275,1.78304,1.37,1.00
2017.12.11 01:16:08.405,1.78275,1.78304,1.37,1.00
2017.12.11 01:16:12.323,1.78275,1.78304,1.62,1.00
2017.12.11 01:16:13.516,1.78275,1.78307,1.62,1.00
2017.12.11 01:16:13.567,1.78275,1.78307,1.37,1.12
2017.12.11 01:16:13.618,1.78275,1.78307,1.37,1.00
2017.12.11 01:16:13.932,1.78275,1.78307,1.81,1.00
2017.12.11 01:16:14.093,1.78275,1.78307,2.06,1.00
2017.12.11 01:16:14.195,1.78276,1.78312,2.06,1.31
2017.12.11 01:16:14.347,1.78276,1.78312,2.06,1.62
2017.12.11 01:16:14.688,1.78276,1.78313,1.75,1.25
2017.12.11 01:16:16.897,1.78277,1.78314,1.56,1.56
2017.12.11 01:16:17.465,1.78276,1.78312,1.87,1.56
2017.12.11 01:16:17.777,1.78276,1.78312,1.87,1.19
2017.12.11 01:16:18.056,1.7828,1.78312,1.12,1.62
2017.12.11 01:16:18.600,1.78276,1.78312,1.37,2.25
2017.12.11 01:16:18.651,1.78278,1.78308,1.37,1.00
2017.12.11 01:16:19.154,1.78278,1.78308,1.37,1.00
2017.12.11 01:16:29.280,1.78278,1.78308,1.37,1.00
2017.12.11 01:16:29.381,1.78287,1.78318,1.37,1.00
2017.12.11 01:16:29.662,1.78287,1.78319,1.37,1.00
2017.12.11 01:16:30.219,1.78287,1.78319,1.37,1.00
2017.12.11 01:16:32.106,1.78289,1.78319,1.56,1.00
2017.12.11 01:16:32.675,1.78292,1.78323,1.12,2.06
2017.12.11 01:16:32.726,1.78296,1.78327,1.37,1.50
2017.12.11 01:16:32.828,1.78296,1.78327,1.00,1.37
2017.12.11 01:16:32.879,1.78296,1.78327,1.00,2.06
2017.12.11 01:16:32.930,1.78292,1.78322,1.00,1.12
2017.12.11 01:16:33.133,1.78292,1.78322,1.37,1.00
2017.12.11 01:16:33.184,1.78292,1.78322,1.00,1.37
2017.12.11 01:16:34.494,1.78292,1.78322,1.00,1.62
2017.12.11 01:16:35.402,1.78292,1.78322,1.00,1.62
2017.12.11 01:16:36.145,1.78292,1.78322,1.00,1.37
2017.12.11 01:16:36.196,1.78292,1.78322,1.12,1.62
2017.12.11 01:16:36.822,1.78292,1.78322,1.00,1.37
2017.12.11 01:16:37.473,1.78292,1.78322,1.00,1.37
2017.12.11 01:16:38.001,1.78292,1.78322,1.00,1.62
2017.12.11 01:16:39.694,1.78288,1.78318,1.00,1.56
2017.12.11 01:16:39.847,1.78282,1.78316,1.31,1.62
2017.12.11 01:16:39.898,1.78282,1.78316,1.37,1.62
2017.12.11 01:16:43.075,1.78286,1.78319,1.00,1.37
2017.12.11 01:16:43.658,1.78286,1.78317,1.00,1.62
2017.12.11 01:16:44.201,1.78286,1.78318,1.00,1.62
2017.12.11 01:16:45.952,1.78286,1.78319,1.00,1.62
2017.12.11 01:16:46.701,1.78286,1.78319,1.12,1.62
2017.12.11 01:16:48.951,1.78286,1.78319,1.00,1.37
2017.12.11 01:16:49.932,1.7829,1.7832,1.00,1.62
2017.12.11 01:16:50.131,1.78285,1.78317,1.37,1.37
2017.12.11 01:16:50.182,1.7829,1.7832,1.00,1.62
2017.12.11 01:16:51.602,1.7829,1.7832,1.00,1.37
2017.12.11 01:16:52.451,1.78286,1.78317,1.00,1.37
2017.12.11 01:16:52.604,1.78279,1.7831,1.00,1.37
2017.12.11 01:16:52.858,1.78273,1.78305,1.37,1.00
2017.12.11 01:16:53.113,1.78278,1.78309,1.62,1.00
2017.12.11 01:16:53.164,1.78278,1.78309,1.31,1.12
2017.12.11 01:16:53.216,1.78278,1.78309,1.37,1.00
2017.12.11 01:16:53.267,1.78278,1.78309,1.00,1.37
2017.12.11 01:16:53.318,1.78278,1.78306,1.00,1.31
2017.12.11 01:16:54.209,1.78278,1.78307,1.00,1.31
2017.12.11 01:16:54.481,1.78272,1.78304,1.56,1.69
2017.12.11 01:16:58.324,1.78272,1.78303,1.37,1.19
2017.12.11 01:16:59.223,1.78272,1.78304,1.37,1.69
2017.12.11 01:16:59.390,1.78273,1.78307,1.94,1.37
2017.12.11 01:16:59.441,1.78279,1.7831,1.00,1.62
2017.12.11 01:16:59.493,1.78274,1.78306,1.50,1.37
2017.12.11 01:16:59.699,1.78274,1.78306,2.00,1.12
2017.12.11 01:17:00.485,1.78274,1.78306,1.62,1.62
2017.12.11 01:17:01.049,1.78274,1.78305,2.25,1.62
2017.12.11 01:17:01.649,1.78274,1.78306,2.44,1.00
2017.12.11 01:17:03.215,1.78274,1.78306,2.25,2.06
2017.12.11 01:17:04.057,1.78274,1.78306,2.06,1.37
2017.12.11 01:17:04.396,1.78274,1.78306,1.00,2.06
2017.12.11 01:17:04.905,1.78274,1.78306,1.00,1.37
2017.12.11 01:17:05.249,1.78274,1.78305,1.00,1.62
2017.12.11 01:17:05.401,1.78274,1.78305,1.00,1.62
2017.12.11 01:17:05.548,1.78274,1.78305,1.12,1.62
2017.12.11 01:17:06.236,1.78274,1.78306,1.00,2.06
2017.12.11 01:17:06.781,1.78274,1.78305,1.31,1.62
2017.12.11 01:17:09.024,1.78274,1.78306,1.00,1.62
2017.12.11 01:17:10.501,1.78274,1.78306,1.00,2.06
2017.12.11 01:17:11.026,1.78274,1.78306,1.00,1.62
2017.12.11 01:17:13.889,1.78274,1.78306,1.12,1.62
2017.12.11 01:17:14.586,1.78274,1.78306,1.00,1.37
2017.12.11 01:17:14.976,1.78274,1.78306,1.00,2.06
2017.12.11 01:17:22.781,1.78274,1.78304,1.00,2.00
2017.12.11 01:17:23.072,1.78274,1.78304,1.00,2.00
2017.12.11 01:17:23.885,1.78274,1.78304,1.00,2.00
2017.12.11 01:17:25.017,1.78274,1.78304,1.00,2.00
2017.12.11 01:17:28.942,1.78274,1.78304,1.00,1.75
2017.12.11 01:17:29.660,1.78274,1.78304,1.00,1.81
2017.12.11 01:17:30.881,1.78274,1.78304,1.00,1.50
2017.12.11 01:17:31.432,1.78274,1.78305,1.00,1.69
2017.12.11 01:17:32.268,1.78274,1.78305,1.00,1.81
2017.12.11 01:17:32.420,1.78274,1.78305,1.12,1.62
2017.12.11 01:17:32.943,1.78274,1.78305,1.00,1.81
2017.12.11 01:17:34.898,1.78269,1.78301,1.94,1.00
2017.12.11 01:17:35.231,1.78265,1.78297,1.00,1.37
2017.12.11 01:17:35.282,1.78261,1.78293,1.37,1.00
2017.12.11 01:17:35.592,1.78261,1.78293,1.37,1.12
2017.12.11 01:17:35.643,1.78258,1.7829,1.81,1.37
2017.12.11 01:17:35.745,1.78258,1.7829,1.00,1.37
2017.12.11 01:17:35.796,1.78256,1.78287,1.00,1.37
2017.12.11 01:17:35.898,1.78251,1.7828,1.12,1.12
2017.12.11 01:17:36.781,1.78251,1.7828,1.00,1.62
2017.12.11 01:17:40.544,1.78251,1.7828,1.00,1.37
2017.12.11 01:17:40.849,1.78251,1.7828,1.00,1.50
2017.12.11 01:17:40.950,1.78246,1.7828,1.12,1.50
2017.12.11 01:17:42.526,1.78246,1.78278,1.37,1.62
2017.12.11 01:17:45.013,1.78256,1.78284,1.00,1.62
2017.12.11 01:17:45.064,1.7825,1.78281,1.94,1.12
2017.12.11 01:17:45.115,1.78255,1.78284,1.00,1.37
2017.12.11 01:17:45.777,1.78255,1.78286,1.00,2.06
2017.12.11 01:17:46.084,1.78255,1.78283,1.00,1.62
2017.12.11 01:17:46.135,1.78255,1.78286,1.00,2.06
2017.12.11 01:17:46.638,1.78255,1.78285,1.00,1.81
2017.12.11 01:17:46.699,1.78251,1.78285,1.31,1.81
2017.12.11 01:17:46.902,1.78251,1.78286,1.00,2.06
2017.12.11 01:17:47.633,1.78251,1.78286,1.31,2.25
2017.12.11 01:17:48.473,1.78251,1.78287,1.62,2.44
2017.12.11 01:17:49.303,1.78251,1.78287,1.12,2.44
2017.12.11 01:17:51.403,1.78251,1.78286,1.62,1.12
2017.12.11 01:17:51.985,1.78251,1.78287,1.37,1.69
2017.12.11 01:17:53.139,1.78251,1.78287,1.62,1.69
2017.12.11 01:17:53.240,1.78251,1.78287,1.62,2.00
2017.12.11 01:17:53.292,1.78251,1.78284,1.00,1.50
2017.12.11 01:17:53.597,1.78251,1.78283,1.00,1.81
2017.12.11 01:17:54.182,1.78251,1.78283,1.00,1.87
2017.12.11 01:17:54.408,1.78249,1.78279,1.12,1.37
2017.12.11 01:17:55.485,1.78249,1.78279,1.37,1.37
2017.12.11 01:17:56.208,1.78249,1.78279,1.12,1.37
2017.12.11 01:17:56.816,1.78249,1.78279,1.37,1.37
2017.12.11 01:17:57.328,1.78249,1.78279,1.12,1.37
2017.12.11 01:17:58.065,1.78249,1.78279,1.37,1.37
2017.12.11 01:17:58.699,1.78249,1.78279,1.00,1.37
2017.12.11 01:17:58.835,1.78249,1.78279,1.00,1.62
2017.12.11 01:17:59.640,1.78249,1.78279,1.00,1.56
2017.12.11 01:18:00.567,1.78249,1.78279,1.00,1.56
2017.12.11 01:18:01.112,1.78249,1.78279,1.00,1.62
2017.12.11 01:18:01.163,1.78249,1.78279,1.00,1.37
2017.12.11 01:18:01.214,1.78249,1.78279,1.37,1.37
2017.12.11 01:18:01.316,1.78249,1.78279,1.50,1.37
2017.12.11 01:18:01.369,1.78253,1.78283,1.37,1.37
2017.12.11 01:18:01.892,1.78253,1.78283,1.12,1.37
2017.12.11 01:18:02.345,1.78253,1.78283,1.12,1.12
2017.12.11 01:18:02.939,1.78253,1.78283,1.69,1.37
2017.12.11 01:18:03.650,1.78253,1.78283,1.12,1.12
2017.12.11 01:18:04.164,1.78253,1.78283,1.00,1.37
2017.12.11 01:18:04.806,1.78253,1.78283,1.00,1.37
2017.12.11 01:18:05.631,1.78253,1.78283,1.00,1.37
2017.12.11 01:18:05.996,1.78257,1.78289,1.00,3.00
2017.12.11 01:18:06.200,1.78255,1.78285,1.00,1.37
2017.12.11 01:18:07.869,1.78255,1.78285,1.00,2.06
2017.12.11 01:18:08.202,1.78256,1.78285,1.00,1.87
2017.12.11 01:18:08.304,1.78255,1.78285,1.87,1.00
2017.12.11 01:18:08.811,1.78256,1.78285,1.31,1.12
2017.12.11 01:18:09.804,1.78256,1.78285,1.00,1.37
2017.12.11 01:18:13.504,1.7825,1.78278,1.00,1.37
2017.12.11 01:18:13.556,1.78249,1.78281,1.00,3.37
2017.12.11 01:18:13.607,1.78242,1.78274,1.50,1.37
2017.12.11 01:18:14.150,1.78242,1.78274,1.00,1.62
2017.12.11 01:18:14.821,1.78242,1.78274,1.62,2.06
2017.12.11 01:18:15.509,1.78242,1.78274,1.31,1.62
2017.12.11 01:18:16.816,1.78242,1.78274,1.00,1.62
2017.12.11 01:18:17.155,1.78242,1.78274,1.56,2.06
2017.12.11 01:18:17.818,1.78242,1.78274,1.56,2.06
2017.12.11 01:18:18.317,1.78246,1.78278,2.06,1.00
2017.12.11 01:18:18.368,1.78251,1.78282,1.37,1.31
2017.12.11 01:18:18.520,1.78251,1.78282,1.37,1.00
2017.12.11 01:18:19.140,1.78251,1.78282,1.56,1.00
2017.12.11 01:18:20.022,1.78251,1.78282,1.56,1.00
2017.12.11 01:18:20.577,1.78254,1.78286,1.37,1.00
2017.12.11 01:18:21.124,1.78254,1.78286,1.37,1.00
2017.12.11 01:18:21.572,1.78256,1.78286,1.37,1.00
2017.12.11 01:18:21.673,1.78258,1.7829,1.37,1.69
2017.12.11 01:18:21.927,1.78263,1.78293,1.12,1.81
2017.12.11 01:18:21.978,1.78264,1.78293,1.37,1.00
2017.12.11 01:18:22.131,1.78259,1.7829,1.37,1.00
2017.12.11 01:18:22.182,1.78259,1.7829,1.25,1.37
2017.12.11 01:18:22.303,1.78255,1.78287,1.37,1.00
2017.12.11 01:18:22.405,1.78255,1.78287,1.37,1.37
2017.12.11 01:18:22.724,1.78255,1.78287,1.56,1.12
2017.12.11 01:18:23.434,1.78255,1.78287,2.25,1.00
2017.12.11 01:18:23.764,1.78255,1.78287,1.87,1.37
2017.12.11 01:18:24.093,1.78255,1.78287,2.25,1.62
2017.12.11 01:18:24.144,1.78255,1.78287,1.87,1.37
2017.12.11 01:18:24.325,1.78255,1.78287,2.25,1.62
2017.12.11 01:18:24.921,1.78255,1.78287,2.25,1.62
2017.12.11 01:18:25.240,1.78267,1.78292,1.00,1.00
2017.12.11 01:18:25.419,1.78264,1.78296,1.00,1.37
2017.12.11 01:18:25.470,1.78262,1.78292,1.00,1.37
2017.12.11 01:18:26.058,1.78261,1.78292,1.00,1.37
2017.12.11 01:18:26.584,1.78262,1.78292,1.00,1.37
2017.12.11 01:18:27.776,1.78257,1.78286,1.25,1.37
2017.12.11 01:18:28.146,1.78256,1.78286,1.69,1.37
2017.12.11 01:18:28.247,1.78256,1.78286,1.87,1.37
2017.12.11 01:18:28.957,1.78256,1.78286,1.25,1.12
2017.12.11 01:18:29.812,1.78256,1.78286,1.50,1.37
2017.12.11 01:18:29.914,1.78256,1.78286,1.75,1.00
2017.12.11 01:18:30.227,1.78256,1.78286,1.25,1.37
2017.12.11 01:18:30.733,1.78256,1.78286,1.25,1.37
2017.12.11 01:18:31.355,1.78257,1.78286,1.00,1.37
2017.12.11 01:18:31.988,1.78257,1.78286,1.00,1.37
2017.12.11 01:18:32.608,1.78257,1.78286,1.00,1.37
2017.12.11 01:18:33.336,1.78257,1.78286,1.00,1.37
2017.12.11 01:18:34.188,1.78257,1.78286,1.00,1.37
2017.12.11 01:18:34.704,1.78258,1.78287,1.00,1.37
2017.12.11 01:18:35.207,1.78258,1.78287,1.00,1.37
2017.12.11 01:18:35.722,1.78256,1.78287,1.37,1.37
2017.12.11 01:18:36.233,1.78257,1.78288,1.00,1.62
2017.12.11 01:18:36.385,1.78254,1.78289,1.37,2.06
2017.12.11 01:18:37.272,1.78259,1.78288,1.00,1.62
2017.12.11 01:18:37.476,1.78259,1.7829,1.00,1.62
2017.12.11 01:18:38.007,1.78259,1.7829,1.00,1.62
2017.12.11 01:18:38.565,1.78259,1.7829,1.00,1.37
2017.12.11 01:18:38.819,1.78259,1.7829,1.12,1.37
2017.12.11 01:18:38.920,1.78264,1.78291,1.00,1.37
2017.12.11 01:18:39.073,1.7826,1.78287,1.12,1.00
2017.12.11 01:18:39.195,1.78264,1.78291,1.00,1.31
2017.12.11 01:18:39.896,1.78264,1.78291,1.00,1.56
2017.12.11 01:18:40.417,1.78264,1.78291,1.00,1.12
2017.12.11 01:18:41.542,1.78264,1.78291,1.37,1.00
2017.12.11 01:18:42.953,1.78264,1.78291,1.12,1.00
2017.12.11 01:18:46.592,1.78264,1.78291,1.37,1.00
2017.12.11 01:18:46.899,1.78264,1.78291,1.75,1.00
2017.12.11 01:18:47.152,1.78266,1.78297,1.37,1.87
2017.12.11 01:18:47.204,1.7827,1.783,1.37,1.69
2017.12.11 01:18:47.408,1.78276,1.78306,1.00,1.56
2017.12.11 01:18:47.621,1.78272,1.78304,1.62,1.62
2017.12.11 01:18:47.826,1.78271,1.78299,1.56,1.00
2017.12.11 01:18:50.390,1.78272,1.78304,1.87,1.99
2017.12.11 01:18:50.865,1.78264,1.78294,1.00,1.81
2017.12.11 01:18:50.916,1.7826,1.78289,1.12,1.00
2017.12.11 01:18:50.968,1.7826,1.78289,1.37,1.25
2017.12.11 01:18:51.639,1.7826,1.78289,1.50,1.43
2017.12.11 01:18:51.874,1.7826,1.78289,1.37,1.24
2017.12.11 01:18:52.846,1.7826,1.78289,1.12,1.00
2017.12.11 01:18:54.384,1.7826,1.78289,1.37,1.24
2017.12.11 01:18:55.320,1.7826,1.78289,1.12,1.00
2017.12.11 01:18:56.876,1.7826,1.78289,1.37,1.00
2017.12.11 01:18:56.927,1.7826,1.78289,1.37,1.00
2017.12.11 01:18:56.978,1.7826,1.78289,1.50,1.00
2017.12.11 01:18:57.029,1.7826,1.78289,1.37,1.24
2017.12.11 01:18:57.130,1.7826,1.78289,1.50,1.24
2017.12.11 01:18:57.181,1.7826,1.78289,1.50,1.24
2017.12.11 01:18:57.384,1.7826,1.78289,1.00,1.24
2017.12.11 01:18:57.902,1.7826,1.78289,1.37,1.00
2017.12.11 01:18:59.038,1.7826,1.78289,1.50,1.00
2017.12.11 01:18:59.542,1.7826,1.78289,1.37,1.25
2017.12.11 01:19:00.356,1.7826,1.78289,1.50,1.12
2017.12.11 01:19:00.880,1.7826,1.78289,1.50,1.31
2017.12.11 01:19:01.509,1.7826,1.78289,1.50,1.31
2017.12.11 01:19:01.661,1.7826,1.78289,1.50,1.25
2017.12.11 01:19:01.815,1.78263,1.78292,1.00,1.50
2017.12.11 01:19:02.007,1.78261,1.78288,1.00,1.12
2017.12.11 01:19:02.353,1.78261,1.78288,1.00,1.37
2017.12.11 01:19:02.404,1.78261,1.78288,1.00,1.00
2017.12.11 01:19:03.903,1.78261,1.78288,1.00,1.37
2017.12.11 01:19:03.954,1.78256,1.78283,1.00,1.37
2017.12.11 01:19:04.005,1.7825,1.78277,1.00,1.12
2017.12.11 01:19:04.056,1.78244,1.78275,1.87,1.00
2017.12.11 01:19:04.158,1.78246,1.78275,1.87,1.00
2017.12.11 01:19:04.471,1.78249,1.78278,1.37,1.62
2017.12.11 01:19:04.982,1.78249,1.78278,1.37,2.06
2017.12.11 01:19:05.294,1.78246,1.78274,1.69,1.00
2017.12.11 01:19:05.501,1.78246,1.78276,1.75,1.00
2017.12.11 01:19:05.805,1.78245,1.78276,1.62,1.12
2017.12.11 01:19:06.211,1.7825,1.78278,1.37,1.19
2017.12.11 01:19:06.516,1.7825,1.78278,1.62,1.50
2017.12.11 01:19:06.566,1.7825,1.78278,1.62,1.50
2017.12.11 01:19:06.618,1.78248,1.78278,1.37,1.00
2017.12.11 01:19:07.139,1.78248,1.78278,1.37,1.50
2017.12.11 01:19:07.641,1.78248,1.78278,1.37,1.19
2017.12.11 01:19:08.182,1.7825,1.78278,1.37,1.44
2017.12.11 01:19:08.386,1.7825,1.78278,1.37,1.12
2017.12.11 01:19:08.488,1.78248,1.78278,1.37,1.00
2017.12.11 01:19:08.590,1.78248,1.78278,1.12,1.25
2017.12.11 01:19:08.692,1.78248,1.78278,1.37,1.81
2017.12.11 01:19:09.265,1.78246,1.78274,2.06,1.00
2017.12.11 01:19:09.316,1.78246,1.78274,1.37,1.00
2017.12.11 01:19:10.638,1.78245,1.78274,1.37,1.00
2017.12.11 01:19:10.758,1.78246,1.78274,1.37,1.00
2017.12.11 01:19:14.593,1.78245,1.78274,1.37,1.00
2017.12.11 01:19:16.290,1.78246,1.78274,1.37,1.00
2017.12.11 01:19:16.610,1.78254,1.78283,1.75,1.00
2017.12.11 01:19:17.118,1.78254,1.78283,1.37,1.00
2017.12.11 01:19:17.885,1.78252,1.7828,1.37,1.37
2017.12.11 01:19:17.937,1.78251,1.78276,1.00,1.12
2017.12.11 01:19:18.078,1.78245,1.78275,1.37,1.25
2017.12.11 01:19:18.129,1.7824,1.78272,1.87,1.00
2017.12.11 01:19:18.434,1.78245,1.78275,1.37,1.00
2017.12.11 01:19:19.852,1.78245,1.78275,1.37,1.12
2017.12.11 01:19:20.004,1.78245,1.78275,1.37,1.25
2017.12.11 01:19:20.055,1.78245,1.78275,1.37,1.25
2017.12.11 01:19:21.367,1.78246,1.78275,1.50,1.31
2017.12.11 01:19:22.114,1.78245,1.78275,1.50,1.00
2017.12.11 01:19:22.621,1.78246,1.78275,1.50,1.00
2017.12.11 01:19:23.752,1.78245,1.78275,1.37,1.00
2017.12.11 01:19:24.066,1.78246,1.78275,1.37,1.00
2017.12.11 01:19:24.320,1.78251,1.78277,1.37,1.00
2017.12.11 01:19:24.372,1.78252,1.78277,1.37,1.00
2017.12.11 01:19:24.423,1.78253,1.78282,1.12,1.50
2017.12.11 01:19:24.474,1.78253,1.78282,1.37,1.50
2017.12.11 01:19:24.780,1.78249,1.78278,1.37,1.00
2017.12.11 01:19:25.293,1.78249,1.78278,1.37,1.00
2017.12.11 01:19:25.421,1.78249,1.78278,1.37,1.00
2017.12.11 01:19:26.392,1.78246,1.78276,1.00,1.37
2017.12.11 01:19:26.443,1.7824,1.7827,1.00,1.94
2017.12.11 01:19:26.748,1.78234,1.78263,1.37,1.00
2017.12.11 01:19:27.006,1.78237,1.78268,1.37,1.12
2017.12.11 01:19:27.508,1.78234,1.78266,1.87,1.00
2017.12.11 01:19:28.056,1.78234,1.78266,1.50,1.00
2017.12.11 01:19:28.717,1.78236,1.78267,1.37,1.00
2017.12.11 01:19:29.242,1.78233,1.78269,1.00,1.69
2017.12.11 01:19:29.293,1.78235,1.78265,1.12,1.37
2017.12.11 01:19:29.448,1.78229,1.78266,1.56,1.00
2017.12.11 01:19:29.651,1.78233,1.78265,1.37,1.00
2017.12.11 01:19:29.779,1.78239,1.7827,1.31,2.06
2017.12.11 01:19:29.830,1.78234,1.78266,1.56,1.00
2017.12.11 01:19:29.983,1.78235,1.78273,1.75,1.69
2017.12.11 01:19:30.438,1.78239,1.78269,1.37,1.00
2017.12.11 01:19:30.743,1.78237,1.78273,1.56,1.94
2017.12.11 01:19:31.021,1.78237,1.78273,1.56,1.94
2017.12.11 01:19:31.173,1.78236,1.78273,2.25,1.69
2017.12.11 01:19:31.377,1.78232,1.78273,2.62,2.81
2017.12.11 01:19:31.681,1.78236,1.78265,2.06,1.00
2017.12.11 01:19:31.732,1.78235,1.78273,1.69,1.94
2017.12.11 01:19:31.834,1.7824,1.78272,1.37,1.94
2017.12.11 01:19:32.138,1.78239,1.78268,1.00,1.50
2017.12.11 01:19:32.189,1.78234,1.78264,2.25,1.00
2017.12.11 01:19:32.342,1.78234,1.78268,1.37,1.81
2017.12.11 01:19:32.452,1.78235,1.78267,1.37,1.12
2017.12.11 01:19:32.604,1.78235,1.78269,1.37,1.56
2017.12.11 01:19:32.838,1.78234,1.78264,1.12,1.00
2017.12.11 01:19:33.142,1.78231,1.7826,1.37,1.00
2017.12.11 01:19:33.685,1.7823,1.7826,1.37,1.00
2017.12.11 01:19:33.907,1.7823,1.7826,1.12,1.00
2017.12.11 01:19:33.958,1.78231,1.7826,1.37,1.00
2017.12.11 01:19:34.263,1.7823,1.7826,1.37,1.00
2017.12.11 01:19:34.314,1.7823,1.7826,1.31,1.00
2017.12.11 01:19:34.365,1.78231,1.7826,1.56,1.25
2017.12.11 01:19:34.569,1.78232,1.78264,1.37,2.25
2017.12.11 01:19:34.771,1.78231,1.7826,1.62,1.00
2017.12.11 01:19:35.031,1.78232,1.78262,1.00,1.12
2017.12.11 01:19:35.233,1.78232,1.78262,1.37,1.62
2017.12.11 01:19:35.335,1.78231,1.78262,1.87,1.25
2017.12.11 01:19:35.759,1.78231,1.78262,1.37,1.00
2017.12.11 01:19:35.911,1.78231,1.78262,1.37,1.00
2017.12.11 01:19:36.239,1.7823,1.78259,1.37,1.00
2017.12.11 01:19:36.493,1.78231,1.78259,1.00,1.12
2017.12.11 01:19:36.901,1.78231,1.78259,1.37,1.12
2017.12.11 01:19:36.952,1.7823,1.78259,1.00,1.00
2017.12.11 01:19:37.003,1.78227,1.78259,1.39,1.37
2017.12.11 01:19:37.308,1.78224,1.78255,1.00,1.87
2017.12.11 01:19:37.725,1.78224,1.78255,1.00,1.81
2017.12.11 01:19:37.877,1.78221,1.78251,1.12,1.37
2017.12.11 01:19:38.677,1.78221,1.78251,1.00,1.37
2017.12.11 01:19:39.290,1.78221,1.78251,1.12,1.37
2017.12.11 01:19:39.998,1.78221,1.78251,1.00,1.37
2017.12.11 01:19:40.893,1.78221,1.78251,1.12,1.62
2017.12.11 01:19:41.916,1.78221,1.78251,1.00,1.37
2017.12.11 01:19:43.241,1.78221,1.78251,1.37,1.37
2017.12.11 01:19:50.329,1.78221,1.78251,1.37,1.56
2017.12.11 01:19:50.892,1.78221,1.78251,1.37,1.81
2017.12.11 01:19:51.531,1.78221,1.78251,1.37,1.56
2017.12.11 01:19:52.212,1.78221,1.78251,1.37,1.81
2017.12.11 01:19:53.441,1.78221,1.78251,1.00,1.56
2017.12.11 01:19:53.798,1.78221,1.78251,1.00,1.62
2017.12.11 01:19:54.523,1.78221,1.78251,1.00,1.81
2017.12.11 01:19:54.969,1.78221,1.78251,1.00,2.00
2017.12.11 01:19:55.480,1.78221,1.78251,1.00,1.69
2017.12.11 01:19:55.950,1.78216,1.78248,1.00,1.62
2017.12.11 01:19:57.297,1.78211,1.78248,1.12,2.06
2017.12.11 01:19:57.602,1.78214,1.78241,1.12,1.00
2017.12.11 01:19:58.269,1.78218,1.78248,1.37,1.56
2017.12.11 01:19:59.110,1.78219,1.78249,1.00,1.81
2017.12.11 01:19:59.162,1.78218,1.78249,1.75,1.81
2017.12.11 01:20:00.106,1.78223,1.78249,1.00,1.44
2017.12.11 01:20:00.624,1.78224,1.78249,1.00,1.31
2017.12.11 01:20:00.827,1.78224,1.78252,1.37,2.25
2017.12.11 01:20:01.334,1.78223,1.78252,1.37,1.12
2017.12.11 01:20:01.983,1.78224,1.78252,1.37,1.37
2017.12.11 01:20:02.579,1.78223,1.78252,1.50,1.00
2017.12.11 01:20:03.141,1.78226,1.78252,1.00,1.00
2017.12.11 01:20:03.652,1.78226,1.78255,1.37,1.25
2017.12.11 01:20:04.425,1.78226,1.78255,1.00,1.12
2017.12.11 01:20:04.965,1.78226,1.78255,1.50,2.25
2017.12.11 01:20:07.438,1.78226,1.78255,1.50,1.31
2017.12.11 01:20:10.141,1.78226,1.78255,1.50,2.25
2017.12.11 01:20:10.743,1.78226,1.78255,1.12,2.06
2017.12.11 01:20:11.304,1.78226,1.78255,1.00,2.06
2017.12.11 01:20:11.405,1.78224,1.78252,1.00,1.12
2017.12.11 01:20:12.860,1.78225,1.78252,1.00,1.37
2017.12.11 01:20:13.536,1.78224,1.78252,1.00,1.37
2017.12.11 01:20:15.268,1.78224,1.78252,1.12,1.00
2017.12.11 01:20:16.580,1.78223,1.78252,1.00,1.12
2017.12.11 01:20:17.409,1.78224,1.78252,1.00,1.37
2017.12.11 01:20:19.675,1.78223,1.78252,1.37,1.00
2017.12.11 01:20:20.428,1.78222,1.78252,1.00,1.37
2017.12.11 01:20:20.479,1.78217,1.78244,1.00,1.12
2017.12.11 01:20:20.581,1.78205,1.78238,1.56,1.12
2017.12.11 01:20:20.734,1.78201,1.78234,1.62,1.37
2017.12.11 01:20:21.039,1.78201,1.78233,1.00,1.37
2017.12.11 01:20:21.344,1.78198,1.78227,1.00,1.37
2017.12.11 01:20:22.056,1.78198,1.78229,1.00,1.12
2017.12.11 01:20:24.393,1.78198,1.78228,1.00,1.94
2017.12.11 01:20:24.967,1.78198,1.7823,1.00,2.62
2017.12.11 01:20:25.271,1.78198,1.7823,1.00,2.25
2017.12.11 01:20:25.951,1.78198,1.78227,1.00,1.75
2017.12.11 01:20:26.205,1.78193,1.78223,1.00,1.37
2017.12.11 01:20:26.726,1.78194,1.78223,1.12,1.12
2017.12.11 01:20:27.384,1.78193,1.78223,1.12,1.00
2017.12.11 01:20:27.436,1.78196,1.78227,1.00,1.75
2017.12.11 01:20:27.715,1.78196,1.78226,1.00,1.31
2017.12.11 01:20:28.154,1.78196,1.78225,1.12,1.50
2017.12.11 01:20:30.956,1.78196,1.78227,1.00,1.81
2017.12.11 01:20:31.007,1.78195,1.78225,1.00,1.37
2017.12.11 01:20:31.108,1.78193,1.78226,2.25,1.37
2017.12.11 01:20:31.646,1.78194,1.78225,1.12,1.56
2017.12.11 01:20:31.849,1.78197,1.78226,1.00,1.56
2017.12.11 01:20:31.900,1.78194,1.78224,1.00,1.37
2017.12.11 01:20:32.052,1.78193,1.78224,1.50,1.12
2017.12.11 01:20:32.539,1.78194,1.78224,1.37,1.00
2017.12.11 01:20:32.590,1.78198,1.78227,1.37,1.19
2017.12.11 01:20:32.641,1.782,1.78228,1.00,2.06
2017.12.11 01:20:32.945,1.782,1.78228,1.00,2.06
2017.12.11 01:20:33.377,1.78201,1.78231,1.00,1.81
2017.12.11 01:20:33.695,1.78201,1.78231,1.00,1.31
2017.12.11 01:20:33.847,1.78201,1.78231,1.12,2.25
2017.12.11 01:20:34.168,1.78201,1.78231,1.00,1.31
2017.12.11 01:20:34.552,1.78201,1.78231,1.12,2.25
2017.12.11 01:20:34.854,1.78201,1.78228,1.00,1.75
2017.12.11 01:20:35.720,1.78201,1.78228,1.00,1.56
2017.12.11 01:20:37.170,1.78201,1.78227,1.00,1.75
2017.12.11 01:20:39.522,1.78194,1.78225,1.25,1.37
2017.12.11 01:20:39.787,1.78192,1.78223,1.00,1.37
2017.12.11 01:20:39.890,1.7819,1.78221,1.00,1.37
2017.12.11 01:20:39.992,1.78193,1.78221,1.19,1.37
2017.12.11 01:20:40.043,1.7819,1.78221,1.00,1.37
2017.12.11 01:20:40.551,1.7819,1.78221,1.00,1.37
2017.12.11 01:20:40.703,1.78192,1.78221,1.25,1.37
2017.12.11 01:20:40.754,1.7819,1.78221,1.50,1.37
2017.12.11 01:20:41.012,1.7819,1.78221,1.00,1.37
2017.12.11 01:20:41.706,1.7819,1.78221,1.00,1.94
2017.12.11 01:20:42.076,1.7819,1.78221,1.00,1.56
2017.12.11 01:20:42.127,1.78186,1.78218,1.25,1.37
2017.12.11 01:20:42.229,1.78186,1.78218,1.00,1.56
2017.12.11 01:20:42.843,1.78186,1.78218,1.00,1.94
2017.12.11 01:20:43.344,1.78186,1.78218,1.00,1.75
2017.12.11 01:20:43.996,1.78186,1.78218,1.00,1.75
2017.12.11 01:20:44.499,1.78186,1.78218,1.00,1.75
2017.12.11 01:20:45.068,1.78186,1.78218,1.00,1.75
2017.12.11 01:20:45.644,1.78183,1.78213,1.00,1.37
2017.12.11 01:20:46.045,1.78183,1.78213,1.00,1.37
2017.12.11 01:20:46.096,1.78183,1.78213,1.12,1.00
2017.12.11 01:20:46.147,1.78186,1.78217,1.00,1.75
2017.12.11 01:20:46.452,1.7819,1.7822,1.00,1.56
2017.12.11 01:20:46.805,1.78196,1.78227,1.37,1.37
2017.12.11 01:20:46.870,1.78196,1.78227,1.00,1.37
2017.12.11 01:20:46.923,1.78196,1.78229,1.31,1.37
2017.12.11 01:20:46.974,1.78196,1.78229,1.00,2.06
2017.12.11 01:20:47.076,1.78193,1.78224,1.00,1.37
2017.12.11 01:20:47.127,1.78193,1.78224,1.00,1.75
2017.12.11 01:20:47.532,1.78189,1.78222,1.69,1.50
2017.12.11 01:20:48.033,1.78189,1.78222,2.06,1.37
2017.12.11 01:20:48.861,1.78189,1.78222,2.44,1.69
2017.12.11 01:20:49.459,1.78189,1.78222,2.06,1.37
2017.12.11 01:20:50.171,1.78193,1.78225,1.00,1.94
2017.12.11 01:20:50.550,1.78193,1.78225,1.00,1.94
2017.12.11 01:20:50.810,1.78187,1.78221,1.87,1.81
2017.12.11 01:20:50.982,1.78187,1.78222,1.69,1.87
2017.12.11 01:20:51.701,1.78187,1.78221,1.87,1.12
2017.12.11 01:20:51.803,1.78187,1.78221,1.87,1.12
2017.12.11 01:20:52.324,1.78187,1.78221,1.69,2.00
2017.12.11 01:20:54.106,1.78187,1.78222,2.25,1.75
2017.12.11 01:20:54.157,1.78187,1.78222,2.25,1.50
2017.12.11 01:20:54.360,1.78201,1.78234,1.37,1.37
2017.12.11 01:20:54.887,1.78201,1.78234,1.25,1.37
2017.12.11 01:20:55.427,1.78201,1.78234,2.25,1.37
2017.12.11 01:20:56.081,1.78202,1.78234,1.00,1.37
2017.12.11 01:20:56.710,1.78201,1.78234,2.25,1.37
2017.12.11 01:20:56.811,1.78201,1.78234,2.06,1.00
2017.12.11 01:20:57.354,1.78201,1.78234,2.25,1.12
2017.12.11 01:20:57.888,1.78201,1.78234,2.25,1.00
2017.12.11 01:20:58.396,1.78201,1.78234,2.25,1.12
2017.12.11 01:21:00.909,1.78201,1.78234,1.37,1.00
2017.12.11 01:21:00.960,1.78201,1.78234,1.37,1.00
2017.12.11 01:21:01.062,1.78201,1.78234,1.37,1.75
2017.12.11 01:21:01.400,1.78201,1.78234,1.37,1.75
2017.12.11 01:21:01.822,1.78205,1.78237,1.12,1.62
2017.12.11 01:21:01.874,1.78205,1.78237,1.37,1.00
2017.12.11 01:21:02.838,1.78205,1.78237,1.37,1.12
2017.12.11 01:21:03.341,1.78205,1.78237,1.37,1.00
2017.12.11 01:21:03.881,1.78205,1.78237,1.37,1.12
2017.12.11 01:21:05.003,1.78205,1.78237,1.87,1.00
2017.12.11 01:21:06.083,1.78205,1.78237,1.87,1.12
2017.12.11 01:21:07.608,1.78205,1.78237,1.87,1.00
2017.12.11 01:21:08.851,1.78209,1.7824,1.37,1.00
2017.12.11 01:21:09.155,1.78217,1.78246,1.00,1.00
2017.12.11 01:21:09.206,1.78219,1.78251,1.12,1.81
2017.12.11 01:21:09.744,1.78219,1.78251,1.00,1.56
2017.12.11 01:21:10.495,1.78219,1.78251,1.12,1.81
2017.12.11 01:21:11.106,1.78219,1.78251,1.00,1.37
2017.12.11 01:21:11.157,1.78219,1.78251,1.37,1.12
2017.12.11 01:21:11.309,1.78222,1.78254,1.37,1.00
2017.12.11 01:21:11.880,1.78222,1.78254,1.56,1.12
2017.12.11 01:21:14.092,1.78222,1.78254,1.75,1.12
2017.12.11 01:21:14.339,1.78222,1.78254,1.81,1.00
2017.12.11 01:21:14.885,1.78222,1.78254,1.81,1.00
2017.12.11 01:21:16.133,1.78222,1.78254,1.81,1.00
2017.12.11 01:21:17.119,1.78222,1.78254,1.62,1.12
2017.12.11 01:21:17.811,1.78222,1.78254,1.62,1.00
2017.12.11 01:21:19.121,1.78222,1.78254,1.56,1.00
2017.12.11 01:21:19.172,1.78222,1.78254,1.56,1.00
2017.12.11 01:21:19.279,1.78222,1.78254,1.37,1.81
2017.12.11 01:21:19.381,1.78222,1.78254,1.37,1.12
2017.12.11 01:21:19.432,1.78222,1.78254,1.37,1.12
2017.12.11 01:21:19.967,1.78223,1.78253,1.37,1.00
2017.12.11 01:21:20.562,1.78223,1.78253,1.37,1.00
2017.12.11 01:21:20.872,1.78223,1.78253,1.37,1.00
2017.12.11 01:21:21.716,1.78223,1.78253,1.37,1.00
2017.12.11 01:21:21.768,1.78223,1.78253,1.37,1.00
2017.12.11 01:21:22.193,1.78225,1.78257,1.12,1.69
2017.12.11 01:21:26.379,1.78225,1.78257,1.37,2.44
2017.12.11 01:21:27.167,1.78225,1.78257,1.37,1.94
2017.12.11 01:21:28.148,1.78227,1.78256,1.12,1.00
2017.12.11 01:21:28.199,1.78227,1.78256,1.37,1.00
2017.12.11 01:21:28.301,1.78231,1.78263,1.12,1.56
2017.12.11 01:21:28.352,1.78237,1.78267,1.37,1.50
2017.12.11 01:21:28.404,1.78233,1.78262,1.12,1.00
2017.12.11 01:21:28.507,1.78229,1.78259,1.87,1.00
2017.12.11 01:21:29.015,1.78229,1.78259,1.37,1.00
2017.12.11 01:21:30.530,1.78229,1.78259,1.37,1.00
2017.12.11 01:21:31.570,1.78229,1.78259,1.37,1.00
2017.12.11 01:21:32.941,1.78229,1.78259,1.37,1.00
2017.12.11 01:21:35.636,1.78229,1.78259,1.37,1.00
2017.12.11 01:21:36.217,1.78229,1.78259,1.37,1.00
2017.12.11 01:21:36.319,1.78229,1.78259,1.12,1.00
2017.12.11 01:21:39.674,1.78233,1.78262,1.62,1.00
2017.12.11 01:21:39.776,1.78238,1.7827,1.62,3.19
2017.12.11 01:21:39.827,1.78238,1.78273,1.37,1.62
2017.12.11 01:21:39.878,1.78238,1.78273,1.37,1.25
2017.12.11 01:21:40.200,1.78238,1.78273,1.50,1.00
2017.12.11 01:21:40.617,1.78241,1.78274,1.37,1.37
2017.12.11 01:21:41.326,1.78241,1.78274,1.37,1.37
2017.12.11 01:21:43.107,1.78241,1.78274,1.37,1.37
2017.12.11 01:21:44.118,1.78241,1.78274,1.37,1.62
2017.12.11 01:21:46.816,1.78241,1.78274,1.37,1.37
2017.12.11 01:21:47.058,1.78236,1.78275,1.62,1.75
2017.12.11 01:21:47.579,1.78241,1.78265,1.00,2.06
2017.12.11 01:21:47.631,1.78236,1.78264,1.31,1.00
2017.12.11 01:21:47.682,1.78238,1.78269,1.00,1.62
2017.12.11 01:21:47.733,1.78238,1.78269,1.00,1.56
2017.12.11 01:21:47.835,1.78238,1.78269,1.12,2.06
2017.12.11 01:21:47.886,1.78238,1.78269,1.00,1.37
2017.12.11 01:21:48.119,1.7824,1.78273,1.12,1.75
2017.12.11 01:21:48.322,1.78239,1.78271,1.87,1.00
2017.12.11 01:21:48.876,1.78238,1.78271,1.37,2.62
2017.12.11 01:21:49.260,1.78238,1.78271,1.37,2.62
2017.12.11 01:21:49.975,1.78238,1.78271,1.12,1.37
2017.12.11 01:21:50.567,1.78238,1.78271,1.37,1.37
2017.12.11 01:21:54.399,1.78241,1.78273,1.00,1.37
2017.12.11 01:21:55.881,1.78241,1.78273,1.37,1.12
2017.12.11 01:21:55.932,1.78241,1.78273,1.37,1.00
2017.12.11 01:21:57.460,1.78241,1.78273,1.37,1.62
2017.12.11 01:21:58.277,1.78238,1.7827,1.37,1.50
2017.12.11 01:21:58.927,1.78238,1.7827,1.37,1.00
2017.12.11 01:21:59.235,1.78238,1.7827,1.37,1.00
2017.12.11 01:22:01.548,1.78238,1.7827,1.37,1.00
2017.12.11 01:22:02.208,1.78238,1.7827,1.62,1.00
2017.12.11 01:22:02.309,1.78241,1.78273,1.37,1.00
2017.12.11 01:22:03.349,1.78241,1.78273,1.37,1.00
2017.12.11 01:22:03.869,1.78241,1.78273,1.37,1.00
2017.12.11 01:22:07.100,1.78241,1.78273,1.62,1.00
2017.12.11 01:22:11.652,1.78241,1.78273,1.37,1.00
2017.12.11 01:22:12.171,1.78241,1.78273,1.62,1.25
2017.12.11 01:22:13.414,1.78241,1.78273,1.37,1.00
2017.12.11 01:22:13.915,1.78241,1.78273,1.62,1.37
2017.12.11 01:22:14.467,1.78241,1.78273,1.37,1.12
2017.12.11 01:22:21.126,1.78241,1.78273,1.37,1.37
2017.12.11 01:22:21.644,1.78241,1.78273,1.37,1.12
2017.12.11 01:22:21.866,1.78241,1.78273,1.00,1.37
2017.12.11 01:22:21.968,1.78241,1.78273,1.12,1.37
2017.12.11 01:22:22.070,1.78241,1.78273,1.00,1.37
2017.12.11 01:22:22.636,1.78241,1.78273,1.00,1.37
2017.12.11 01:22:22.973,1.78241,1.78273,1.00,1.37
2017.12.11 01:22:23.310,1.78241,1.78273,1.00,1.62
2017.12.11 01:22:23.617,1.78219,1.78251,1.00,1.37
2017.12.11 01:22:23.669,1.78217,1.78247,1.00,1.37
2017.12.11 01:22:23.973,1.78217,1.78247,1.00,1.56
2017.12.11 01:22:24.596,1.78217,1.78247,1.00,1.62
2017.12.11 01:22:25.201,1.78217,1.78247,1.00,1.50
2017.12.11 01:22:26.697,1.78217,1.78247,1.00,1.37
2017.12.11 01:22:28.217,1.78212,1.78245,1.00,1.37
2017.12.11 01:22:28.652,1.78211,1.78241,1.00,1.37
2017.12.11 01:22:29.655,1.78211,1.78241,1.00,1.37
2017.12.11 01:22:30.210,1.78211,1.78241,1.00,1.37
2017.12.11 01:22:30.912,1.78211,1.78241,1.00,1.37
2017.12.11 01:22:31.446,1.78211,1.78241,1.00,1.37
2017.12.11 01:22:32.446,1.78211,1.78241,1.00,1.37
2017.12.11 01:22:33.305,1.78211,1.78241,1.00,1.37
2017.12.11 01:22:35.145,1.78211,1.78241,1.00,1.37
2017.12.11 01:22:35.668,1.78211,1.78241,1.00,1.37
2017.12.11 01:22:35.915,1.78211,1.78241,1.00,1.37
2017.12.11 01:22:36.523,1.78211,1.78241,1.00,1.37
2017.12.11 01:22:36.715,1.78211,1.78241,1.00,1.37
2017.12.11 01:22:37.460,1.78211,1.78241,1.00,1.37
2017.12.11 01:22:37.614,1.78206,1.78235,1.00,1.37
2017.12.11 01:22:37.665,1.78208,1.78237,1.00,1.81
2017.12.11 01:22:37.716,1.78208,1.78232,1.00,1.62
2017.12.11 01:22:37.767,1.78202,1.78232,1.00,1.62
2017.12.11 01:22:37.929,1.78202,1.78231,1.00,1.62
2017.12.11 01:22:38.504,1.78202,1.78232,1.00,1.87
2017.12.11 01:22:38.696,1.78199,1.7823,1.00,1.37
2017.12.11 01:22:39.425,1.78199,1.7823,1.12,1.62
2017.12.11 01:22:40.351,1.78199,1.7823,1.00,1.37
2017.12.11 01:22:40.899,1.78199,1.7823,1.12,1.37
2017.12.11 01:22:41.442,1.78199,1.7823,1.37,1.00
2017.12.11 01:22:42.662,1.78199,1.7823,1.37,1.00
2017.12.11 01:22:42.713,1.78202,1.78234,1.37,1.62
2017.12.11 01:22:43.455,1.78202,1.78234,1.00,1.37
2017.12.11 01:22:43.996,1.782,1.78236,1.81,1.75
2017.12.11 01:22:45.196,1.78199,1.78236,1.62,1.50
2017.12.11 01:22:45.766,1.78199,1.78234,1.56,1.56
2017.12.11 01:22:46.315,1.78199,1.78233,1.62,1.31
2017.12.11 01:22:46.823,1.78199,1.78236,1.62,1.50
2017.12.11 01:22:47.417,1.782,1.78236,1.81,2.25
2017.12.11 01:22:48.079,1.78199,1.78236,2.25,1.50
2017.12.11 01:22:48.925,1.782,1.78236,1.81,2.25
2017.12.11 01:22:53.713,1.78199,1.78236,1.81,1.81
2017.12.11 01:22:54.757,1.78199,1.78236,1.75,2.44
2017.12.11 01:22:55.369,1.78199,1.78236,1.56,2.44
2017.12.11 01:22:56.076,1.782,1.78235,1.56,1.81
2017.12.11 01:22:56.763,1.782,1.78235,1.56,1.62
2017.12.11 01:22:57.310,1.78199,1.78236,2.25,2.25
2017.12.11 01:23:00.016,1.78199,1.78236,2.06,1.50
2017.12.11 01:23:04.113,1.78199,1.78235,2.06,1.81
2017.12.11 01:23:04.481,1.78199,1.78236,1.37,2.25
2017.12.11 01:23:05.267,1.78199,1.78236,2.44,3.00
2017.12.11 01:23:05.980,1.78199,1.78236,1.62,2.25
2017.12.11 01:23:07.252,1.78199,1.78236,1.69,2.25
2017.12.11 01:23:07.303,1.78199,1.78236,1.37,1.81
2017.12.11 01:23:07.842,1.78199,1.78236,1.56,1.75
2017.12.11 01:23:08.569,1.78199,1.78236,1.56,2.00
2017.12.11 01:23:09.286,1.78199,1.78236,1.56,1.75
2017.12.11 01:23:10.716,1.78199,1.78236,1.62,2.25
2017.12.11 01:23:11.267,1.78199,1.78236,1.56,1.81
2017.12.11 01:23:12.219,1.78199,1.78235,1.62,1.81
2017.12.11 01:23:12.979,1.78199,1.78236,2.06,1.56
2017.12.11 01:23:18.458,1.78199,1.78236,2.06,1.62
2017.12.11 01:23:26.819,1.782,1.78236,1.56,2.62
2017.12.11 01:23:28.056,1.78199,1.78236,2.62,1.56
2017.12.11 01:23:33.486,1.782,1.78236,1.56,1.62
2017.12.11 01:23:41.851,1.78201,1.78236,1.56,1.37
2017.12.11 01:23:43.355,1.78201,1.78236,1.81,1.37
2017.12.11 01:23:48.914,1.78201,1.78238,1.25,2.06
2017.12.11 01:23:49.755,1.78201,1.78238,1.19,1.50
2017.12.11 01:23:50.306,1.78201,1.78238,1.25,1.50
2017.12.11 01:23:51.505,1.78201,1.78238,1.25,1.50
2017.12.11 01:23:52.041,1.782,1.78235,1.00,1.37
2017.12.11 01:23:52.216,1.782,1.78235,1.25,1.62
2017.12.11 01:23:52.416,1.782,1.78235,1.31,1.31
2017.12.11 01:23:52.974,1.782,1.78235,1.31,1.31
2017.12.11 01:23:53.551,1.782,1.78235,1.31,1.31
2017.12.11 01:23:53.751,1.782,1.78235,1.25,1.62
2017.12.11 01:23:56.286,1.782,1.78236,1.25,1.94
2017.12.11 01:23:56.863,1.782,1.78236,1.25,1.50
2017.12.11 01:23:57.375,1.782,1.78236,1.19,2.25
2017.12.11 01:23:57.901,1.78199,1.78235,1.44,1.12
2017.12.11 01:23:58.504,1.78199,1.78235,1.25,1.12
2017.12.11 01:23:59.135,1.78199,1.78234,1.19,1.12
2017.12.11 01:23:59.703,1.78199,1.78234,1.25,1.37
2017.12.11 01:24:00.201,1.78199,1.78234,1.12,1.50
2017.12.11 01:24:00.411,1.78203,1.78236,1.37,1.12
2017.12.11 01:24:00.463,1.78205,1.78239,1.12,1.50
2017.12.11 01:24:00.615,1.78199,1.78238,1.69,2.06
2017.12.11 01:24:00.666,1.78202,1.78237,1.25,1.62
2017.12.11 01:24:01.202,1.78201,1.78238,1.00,2.44
2017.12.11 01:24:05.616,1.78201,1.78236,1.31,1.37
2017.12.11 01:24:05.666,1.78201,1.78238,1.62,2.62
2017.12.11 01:24:05.815,1.78201,1.78238,1.75,2.25
2017.12.11 01:24:09.376,1.782,1.78238,1.75,2.44
2017.12.11 01:24:10.561,1.78201,1.78238,1.75,2.25
2017.12.11 01:24:11.176,1.78202,1.78237,1.81,1.62
2017.12.11 01:24:11.785,1.78202,1.78237,1.31,1.62
2017.12.11 01:24:12.905,1.78201,1.78237,1.56,1.87
2017.12.11 01:24:15.203,1.78199,1.78237,2.44,1.12
2017.12.11 01:24:17.449,1.78199,1.78238,2.06,2.62
2017.12.11 01:24:18.565,1.78201,1.78238,2.06,1.87
2017.12.11 01:24:19.095,1.78201,1.78238,2.06,2.62
2017.12.11 01:24:19.707,1.78201,1.78238,2.44,1.87
2017.12.11 01:24:22.691,1.78202,1.78239,2.06,1.56
2017.12.11 01:24:23.215,1.78201,1.78238,2.06,2.06
2017.12.11 01:24:23.562,1.78201,1.78238,2.25,1.69
2017.12.11 01:24:23.765,1.78201,1.78238,2.06,1.50
2017.12.11 01:24:24.277,1.78201,1.78237,2.62,1.50
2017.12.11 01:24:26.939,1.78202,1.78238,1.56,1.50
2017.12.11 01:24:28.407,1.78201,1.78238,2.06,1.50
2017.12.11 01:24:28.967,1.78201,1.78238,2.44,2.25
2017.12.11 01:24:35.523,1.78202,1.78238,1.62,2.25
2017.12.11 01:24:36.249,1.78202,1.78238,1.56,2.25
2017.12.11 01:24:37.794,1.78201,1.78238,2.44,3.00
2017.12.11 01:24:44.460,1.78201,1.78238,2.06,3.00
2017.12.11 01:24:44.836,1.78202,1.78238,1.12,2.25
2017.12.11 01:24:45.141,1.78202,1.78237,1.56,1.50
2017.12.11 01:24:48.144,1.78202,1.78238,1.31,3.00
2017.12.11 01:24:51.888,1.78201,1.78237,2.06,1.56
2017.12.11 01:24:53.046,1.78201,1.78237,2.06,2.06
2017.12.11 01:24:53.858,1.78201,1.78237,2.06,1.56
2017.12.11 01:24:57.806,1.78201,1.78237,1.56,2.62
2017.12.11 01:24:58.363,1.78201,1.78237,1.56,1.87
2017.12.11 01:24:58.714,1.78201,1.7824,2.06,2.62
2017.12.11 01:24:59.359,1.78203,1.78241,1.62,1.31
2017.12.11 01:24:59.729,1.78203,1.78241,2.06,1.75
2017.12.11 01:25:00.076,1.78206,1.78241,1.50,1.69
2017.12.11 01:25:00.695,1.78203,1.78241,1.75,1.62
2017.12.11 01:25:03.006,1.78203,1.78241,1.75,2.06
2017.12.11 01:25:05.381,1.78203,1.78241,1.75,1.69
2017.12.11 01:25:06.107,1.78203,1.78241,1.75,2.06
2017.12.11 01:25:06.688,1.78203,1.78239,2.06,1.12
2017.12.11 01:25:08.294,1.78206,1.7824,1.37,1.69
2017.12.11 01:25:08.821,1.78204,1.78241,1.56,2.06
2017.12.11 01:25:09.406,1.78204,1.7824,1.56,1.56
2017.12.11 01:25:11.855,1.78204,1.7824,1.62,1.44
2017.12.11 01:25:12.109,1.78204,1.78239,1.62,1.00
2017.12.11 01:25:12.376,1.78204,1.78239,1.62,1.50
2017.12.11 01:25:12.936,1.78202,1.78241,1.87,1.62
2017.12.11 01:25:14.139,1.78203,1.7824,1.12,2.06
2017.12.11 01:25:14.252,1.78202,1.7824,2.44,1.50
2017.12.11 01:25:14.606,1.78207,1.78246,1.94,2.44
2017.12.11 01:25:14.910,1.78214,1.7825,1.56,1.37
2017.12.11 01:25:17.462,1.78213,1.78251,1.75,1.37
2017.12.11 01:25:18.152,1.78213,1.78253,1.75,2.25
2017.12.11 01:25:18.652,1.78213,1.78253,1.75,2.25
2017.12.11 01:25:19.985,1.78215,1.78252,1.75,2.19
2017.12.11 01:25:20.491,1.78213,1.78252,1.87,1.75
2017.12.11 01:25:20.807,1.78213,1.78253,1.94,2.25
2017.12.11 01:25:21.700,1.78214,1.78251,1.12,1.00
2017.12.11 01:25:22.308,1.78215,1.78253,1.56,1.19
2017.12.11 01:25:22.486,1.78233,1.78263,1.20,2.06
2017.12.11 01:25:22.589,1.78233,1.78267,1.57,1.37
2017.12.11 01:25:22.640,1.78233,1.78267,1.65,1.12
2017.12.11 01:25:22.945,1.78233,1.78271,1.37,1.56
2017.12.11 01:25:24.056,1.78232,1.78271,1.87,1.62
2017.12.11 01:25:25.583,1.78231,1.78272,1.87,1.56
2017.12.11 01:25:32.467,1.78232,1.78272,1.75,1.62
2017.12.11 01:25:34.894,1.78235,1.78273,1.62,2.06
2017.12.11 01:25:36.201,1.78234,1.78273,1.56,1.81
2017.12.11 01:25:38.474,1.78235,1.78273,1.56,1.56
2017.12.11 01:25:38.980,1.78234,1.7827,1.75,1.56
2017.12.11 01:25:39.565,1.78234,1.7827,1.37,1.37
2017.12.11 01:25:39.894,1.78232,1.78267,1.25,1.56
2017.12.11 01:25:39.945,1.78228,1.78265,1.56,1.37
2017.12.11 01:25:40.095,1.78228,1.78265,1.00,2.44
2017.12.11 01:25:40.794,1.78227,1.78265,2.25,2.44
2017.12.11 01:25:41.128,1.78225,1.78261,1.69,1.81
2017.12.11 01:25:41.383,1.78218,1.78254,1.37,1.62
2017.12.11 01:25:42.545,1.78218,1.78253,1.37,1.81
2017.12.11 01:25:42.647,1.78225,1.7826,1.37,2.06
2017.12.11 01:25:42.698,1.78225,1.7826,1.62,1.37
2017.12.11 01:25:42.750,1.78226,1.78262,1.37,1.62
2017.12.11 01:25:42.902,1.7823,1.78264,1.37,1.81
2017.12.11 01:25:43.948,1.7823,1.78264,1.37,1.50
2017.12.11 01:25:44.252,1.7823,1.78264,1.62,1.12
2017.12.11 01:25:44.756,1.78231,1.78266,1.56,1.94
2017.12.11 01:25:44.807,1.78231,1.78267,1.62,1.87
2017.12.11 01:25:44.858,1.78234,1.78268,1.62,1.62
2017.12.11 01:25:45.112,1.78239,1.78273,1.62,1.56
2017.12.11 01:25:51.555,1.78239,1.78274,2.25,1.87
2017.12.11 01:25:52.082,1.78241,1.78274,1.75,1.62
2017.12.11 01:25:52.299,1.78244,1.78274,1.31,1.37
2017.12.11 01:25:52.578,1.78244,1.78274,1.00,1.37
2017.12.11 01:25:57.287,1.78244,1.78274,1.00,1.37
2017.12.11 01:25:57.461,1.78244,1.78274,1.00,1.37
2017.12.11 01:25:57.992,1.78244,1.78274,1.00,1.37
2017.12.11 01:25:59.403,1.78244,1.78274,1.37,1.00
2017.12.11 01:25:59.954,1.78244,1.78274,1.62,1.00
2017.12.11 01:26:01.557,1.78244,1.78274,1.56,1.00
2017.12.11 01:26:02.135,1.78244,1.78274,1.56,1.00
2017.12.11 01:26:05.190,1.78244,1.78274,1.62,1.00
2017.12.11 01:26:08.688,1.78244,1.78274,2.06,1.00
2017.12.11 01:26:08.740,1.78244,1.7828,1.75,1.87
2017.12.11 01:26:09.242,1.78243,1.7828,1.75,1.81
2017.12.11 01:26:10.237,1.78244,1.7828,1.56,1.75
2017.12.11 01:26:10.692,1.78245,1.7828,1.56,1.31
2017.12.11 01:26:11.003,1.78248,1.78283,1.56,1.37
2017.12.11 01:26:11.054,1.7825,1.7828,1.50,1.00
2017.12.11 01:26:11.105,1.78253,1.78283,1.37,1.12
2017.12.11 01:26:11.417,1.78253,1.78283,2.25,1.00
2017.12.11 01:26:11.468,1.78257,1.78289,1.12,2.25
2017.12.11 01:26:11.519,1.78257,1.78289,1.00,1.37
2017.12.11 01:26:11.773,1.78257,1.78289,1.62,1.37
2017.12.11 01:26:12.459,1.78257,1.78289,1.31,1.37
2017.12.11 01:26:12.745,1.78257,1.78289,1.25,1.37
2017.12.11 01:26:13.529,1.78257,1.78289,1.00,1.37
2017.12.11 01:26:14.254,1.78257,1.78289,1.00,1.37
2017.12.11 01:26:14.787,1.78257,1.78289,1.00,1.37
2017.12.11 01:26:17.052,1.78257,1.78289,1.00,1.37
2017.12.11 01:26:18.914,1.78257,1.78289,1.00,1.37
2017.12.11 01:26:18.965,1.78254,1.7829,1.00,1.75
2017.12.11 01:26:19.118,1.78242,1.78274,1.00,1.37
2017.12.11 01:26:19.169,1.78239,1.78275,1.81,1.37
2017.12.11 01:26:19.221,1.78239,1.78276,2.06,1.37
2017.12.11 01:26:19.565,1.78233,1.78268,1.37,1.37
2017.12.11 01:26:19.888,1.78236,1.78271,1.75,1.12
2017.12.11 01:26:20.395,1.78238,1.7827,1.56,1.37
2017.12.11 01:26:20.446,1.78237,1.78271,1.62,1.12
2017.12.11 01:26:20.575,1.78237,1.78271,1.81,1.37
2017.12.11 01:26:21.184,1.78238,1.7827,1.81,1.37
2017.12.11 01:26:21.841,1.78237,1.78274,1.81,1.37
2017.12.11 01:26:22.607,1.78238,1.78274,1.56,2.62
2017.12.11 01:26:23.215,1.78237,1.78274,1.56,1.37
2017.12.11 01:26:23.560,1.78232,1.78264,1.00,1.37
2017.12.11 01:26:23.876,1.7823,1.78264,1.94,1.00
2017.12.11 01:26:24.655,1.7823,1.78264,1.87,1.37
2017.12.11 01:26:25.108,1.7823,1.78264,1.75,1.00
2017.12.11 01:26:25.414,1.7823,1.78264,2.25,1.37
2017.12.11 01:26:26.423,1.78227,1.78265,2.44,1.75
2017.12.11 01:26:26.762,1.78226,1.78265,2.00,2.44
2017.12.11 01:26:27.263,1.78225,1.78261,1.94,1.62
2017.12.11 01:26:27.901,1.78225,1.78262,1.69,1.69
2017.12.11 01:26:28.652,1.78225,1.7826,1.94,1.25
2017.12.11 01:26:31.183,1.78225,1.78261,1.56,1.44
2017.12.11 01:26:31.712,1.78225,1.78261,1.37,1.00
2017.12.11 01:26:32.275,1.78224,1.78261,1.94,1.75
2017.12.11 01:26:32.907,1.78224,1.78262,1.69,2.44
2017.12.11 01:26:34.288,1.78224,1.7826,1.69,1.87
2017.12.11 01:26:34.866,1.78225,1.78258,1.37,1.00
2017.12.11 01:26:36.485,1.78225,1.78258,1.37,1.37
2017.12.11 01:26:36.990,1.78225,1.78258,1.50,1.37
2017.12.11 01:26:38.431,1.78224,1.78261,2.81,2.44
2017.12.11 01:26:38.791,1.78225,1.78261,2.00,1.94
2017.12.11 01:26:39.338,1.78225,1.78261,1.37,2.00
2017.12.11 01:26:40.001,1.78225,1.7826,1.69,2.00
2017.12.11 01:26:40.836,1.78224,1.78258,2.44,1.50
2017.12.11 01:26:46.022,1.78224,1.78257,1.94,1.50
2017.12.11 01:26:46.560,1.78225,1.78258,1.37,2.25
2017.12.11 01:26:48.794,1.78224,1.78257,1.94,1.31
2017.12.11 01:26:51.422,1.78225,1.78257,1.87,1.56
2017.12.11 01:26:52.243,1.78224,1.78258,1.81,2.44
2017.12.11 01:26:53.346,1.78225,1.78258,1.37,2.25
2017.12.11 01:26:58.213,1.78225,1.78257,1.62,1.50
2017.12.11 01:26:58.960,1.78225,1.78257,1.37,1.12
2017.12.11 01:26:59.508,1.78225,1.78256,1.37,1.50
2017.12.11 01:27:00.573,1.78225,1.78256,1.12,1.25
2017.12.11 01:27:01.177,1.78225,1.78255,1.37,1.00
2017.12.11 01:27:02.517,1.78224,1.78257,1.62,1.81
2017.12.11 01:27:05.899,1.78224,1.78255,1.37,1.12
2017.12.11 01:27:09.469,1.78224,1.78255,1.37,1.50
2017.12.11 01:27:09.579,1.78224,1.78255,1.37,1.00
2017.12.11 01:27:09.867,1.78224,1.78255,1.00,2.06
2017.12.11 01:27:09.918,1.78219,1.78255,2.06,2.06
2017.12.11 01:27:10.020,1.7822,1.78247,1.00,1.56
2017.12.11 01:27:10.071,1.78213,1.78246,1.00,1.56
2017.12.11 01:27:10.122,1.78209,1.78244,1.62,1.37
2017.12.11 01:27:10.174,1.78207,1.78243,1.69,2.06
2017.12.11 01:27:10.377,1.78204,1.7824,1.94,2.06
2017.12.11 01:27:10.428,1.78204,1.78238,1.56,1.62
2017.12.11 01:27:10.531,1.78201,1.78232,1.00,2.06
2017.12.11 01:27:10.684,1.78196,1.78228,1.37,1.00
2017.12.11 01:27:11.407,1.78195,1.78229,1.37,1.31
2017.12.11 01:27:11.561,1.78195,1.7823,1.37,1.31
2017.12.11 01:27:12.095,1.78195,1.78229,1.37,1.31
2017.12.11 01:27:13.051,1.78195,1.78231,1.37,2.81
2017.12.11 01:27:13.767,1.78196,1.78228,1.00,1.56
2017.12.11 01:27:13.818,1.78192,1.78228,1.12,1.31
2017.12.11 01:27:13.920,1.78193,1.78228,1.50,1.37
2017.12.11 01:27:13.971,1.78193,1.78229,1.31,2.21
2017.12.11 01:27:14.174,1.78193,1.78228,1.69,1.37
2017.12.11 01:27:14.577,1.78193,1.78227,1.31,1.37
2017.12.11 01:27:14.628,1.78193,1.78227,1.19,2.06
2017.12.11 01:27:15.170,1.78193,1.78223,1.00,2.62
2017.12.11 01:27:15.221,1.7819,1.78223,1.50,1.87
2017.12.11 01:27:15.322,1.7819,1.78223,1.50,1.00
2017.12.11 01:27:18.522,1.78194,1.78225,1.37,1.12
2017.12.11 01:27:18.826,1.78194,1.78226,1.12,2.06
2017.12.11 01:27:19.370,1.78194,1.78226,1.00,2.25
2017.12.11 01:27:20.128,1.78194,1.78226,1.12,1.62
2017.12.11 01:27:21.129,1.78194,1.78226,1.00,1.37
2017.12.11 01:27:21.679,1.78193,1.78225,1.37,1.37
2017.12.11 01:27:22.306,1.78193,1.78225,1.56,1.37
2017.12.11 01:27:23.006,1.78194,1.78229,1.25,1.62
2017.12.11 01:27:23.667,1.78194,1.78229,1.69,1.81
2017.12.11 01:27:24.706,1.78196,1.78229,1.12,1.19
2017.12.11 01:27:24.808,1.78198,1.78232,1.62,1.31
2017.12.11 01:27:24.859,1.78198,1.78236,1.56,1.56
2017.12.11 01:27:24.961,1.78199,1.78237,1.12,1.31
2017.12.11 01:27:26.533,1.78199,1.78236,1.12,1.50
2017.12.11 01:27:26.662,1.78199,1.78234,1.12,1.19
2017.12.11 01:27:26.814,1.78198,1.78235,1.87,1.19
2017.12.11 01:27:27.118,1.78198,1.78235,1.69,1.31
2017.12.11 01:27:27.811,1.78198,1.78234,1.94,1.31
2017.12.11 01:27:28.904,1.78198,1.78236,1.94,1.25
2017.12.11 01:27:29.379,1.78199,1.78237,1.12,2.06
2017.12.11 01:27:29.635,1.78197,1.78237,1.94,1.44
2017.12.11 01:27:29.787,1.78203,1.78237,1.12,1.12
2017.12.11 01:27:30.143,1.78205,1.7824,1.87,1.00
2017.12.11 01:27:30.195,1.78206,1.78245,2.25,1.69
2017.12.11 01:27:30.246,1.78202,1.7824,2.25,1.31
2017.12.11 01:27:30.560,1.782,1.78238,1.75,1.62
2017.12.11 01:27:31.272,1.782,1.78242,1.94,3.75
2017.12.11 01:27:31.918,1.782,1.78239,1.75,1.56
2017.12.11 01:27:33.217,1.782,1.78239,1.87,1.62
2017.12.11 01:27:33.529,1.782,1.78239,2.06,1.31
2017.12.11 01:27:33.931,1.782,1.78239,2.06,1.62
2017.12.11 01:27:34.941,1.78205,1.78243,2.06,1.81
2017.12.11 01:27:35.247,1.782,1.78237,1.56,1.69
2017.12.11 01:27:35.420,1.78199,1.78239,2.06,1.12
2017.12.11 01:27:35.523,1.782,1.78237,1.81,1.62
2017.12.11 01:27:35.870,1.78199,1.78237,1.94,2.06
2017.12.11 01:27:36.922,1.78196,1.78237,2.25,1.56
2017.12.11 01:27:37.495,1.78199,1.78236,1.12,1.56
2017.12.11 01:27:37.859,1.782,1.78238,1.69,2.06
2017.12.11 01:27:38.520,1.78199,1.78238,1.75,1.62
2017.12.11 01:27:41.441,1.78199,1.78236,2.06,1.50
2017.12.11 01:27:42.087,1.78199,1.78237,1.75,2.25
2017.12.11 01:27:43.137,1.782,1.78238,2.44,1.87
2017.12.11 01:27:43.188,1.782,1.78237,1.81,1.56
2017.12.11 01:27:46.619,1.782,1.78236,1.75,1.56
2017.12.11 01:27:47.123,1.782,1.78237,1.81,1.56
2017.12.11 01:27:48.801,1.782,1.78237,1.69,1.19
2017.12.11 01:27:56.541,1.782,1.78237,2.44,1.00
2017.12.11 01:27:57.056,1.782,1.78237,2.00,1.50
2017.12.11 01:27:57.665,1.782,1.78238,1.87,1.50
2017.12.11 01:27:58.198,1.782,1.78239,2.06,1.81
2017.12.11 01:28:00.571,1.78202,1.78238,1.75,1.50
2017.12.11 01:28:00.941,1.78201,1.78239,1.12,1.94
2017.12.11 01:28:01.627,1.782,1.78237,1.69,1.75
2017.12.11 01:28:01.947,1.78212,1.78244,1.62,1.50
2017.12.11 01:28:02.152,1.78216,1.78253,1.62,1.25
2017.12.11 01:28:02.304,1.78222,1.78256,1.50,1.50
2017.12.11 01:28:02.504,1.78226,1.78267,1.94,2.25
2017.12.11 01:28:02.606,1.78225,1.78266,1.94,1.12
2017.12.11 01:28:02.911,1.78227,1.78262,1.12,1.81
2017.12.11 01:28:03.542,1.78223,1.78262,2.19,2.06
2017.12.11 01:28:03.846,1.78223,1.78261,1.31,2.62
2017.12.11 01:28:04.354,1.78223,1.78261,1.31,1.69
2017.12.11 01:28:04.858,1.78223,1.78261,1.69,2.19
2017.12.11 01:28:05.217,1.78229,1.78261,1.00,1.62
2017.12.11 01:28:05.743,1.78229,1.78262,1.00,1.81
2017.12.11 01:28:06.278,1.78229,1.78262,1.00,1.12
2017.12.11 01:28:06.329,1.78225,1.78262,1.31,1.12
2017.12.11 01:28:06.750,1.78228,1.78262,1.00,1.12
2017.12.11 01:28:09.622,1.78224,1.78263,2.06,1.56
2017.12.11 01:28:09.929,1.78229,1.78266,2.06,1.75
2017.12.11 01:28:09.980,1.78229,1.78267,1.69,1.31
2017.12.11 01:28:10.134,1.7823,1.78267,1.81,1.19
2017.12.11 01:28:10.185,1.7823,1.78269,1.75,1.31
2017.12.11 01:28:10.287,1.78228,1.7826,1.00,1.56
2017.12.11 01:28:10.390,1.78223,1.78257,1.56,2.06
2017.12.11 01:28:10.441,1.78219,1.78256,2.48,1.56
2017.12.11 01:28:10.492,1.78219,1.78255,1.56,1.00
2017.12.11 01:28:10.637,1.78219,1.78254,1.37,1.12
2017.12.11 01:28:11.299,1.78219,1.78254,1.62,1.37
2017.12.11 01:28:11.908,1.78219,1.78254,2.25,1.37
2017.12.11 01:28:12.513,1.78217,1.78246,1.12,1.31
2017.12.11 01:28:12.564,1.78211,1.78245,1.56,1.12
2017.12.11 01:28:12.615,1.78212,1.78242,1.37,1.00
2017.12.11 01:28:12.922,1.78208,1.7824,1.56,1.00
2017.12.11 01:28:13.521,1.78208,1.7824,1.37,1.00
2017.12.11 01:28:13.837,1.78218,1.78246,1.12,1.00
2017.12.11 01:28:13.888,1.78218,1.78247,1.12,1.00
2017.12.11 01:28:13.939,1.78217,1.78252,1.75,1.37
2017.12.11 01:28:13.990,1.78218,1.78252,1.75,1.12
2017.12.11 01:28:14.500,1.78217,1.78252,1.56,1.00
2017.12.11 01:28:14.984,1.78217,1.78252,2.48,1.87
2017.12.11 01:28:15.541,1.78218,1.78252,1.81,1.62
2017.12.11 01:28:16.485,1.78218,1.78252,1.56,1.31
2017.12.11 01:28:18.022,1.78217,1.78252,1.56,1.37
2017.12.11 01:28:18.565,1.78218,1.78252,1.56,1.37
2017.12.11 01:28:19.467,1.78218,1.78252,1.12,1.00
2017.12.11 01:28:19.784,1.78218,1.78256,2.00,2.06
2017.12.11 01:28:20.380,1.78218,1.78255,1.94,1.44
2017.12.11 01:28:21.137,1.78218,1.78255,1.94,1.31
2017.12.11 01:28:23.441,1.78218,1.78255,1.75,1.25
2017.12.11 01:28:25.165,1.78218,1.78255,2.44,1.31
2017.12.11 01:28:25.953,1.78218,1.78256,2.00,1.44
2017.12.11 01:28:26.581,1.78218,1.78257,2.00,3.37
2017.12.11 01:28:27.736,1.78223,1.78258,1.12,1.94
2017.12.11 01:28:27.906,1.78222,1.78258,1.12,1.37
2017.12.11 01:28:28.416,1.78221,1.78258,1.75,1.62
2017.12.11 01:28:29.221,1.78221,1.78258,1.75,1.37
2017.12.11 01:28:30.272,1.78223,1.78258,1.31,1.56
2017.12.11 01:28:30.787,1.78221,1.78258,1.87,1.62
2017.12.11 01:28:30.929,1.78222,1.78257,1.75,1.62
2017.12.11 01:28:31.515,1.78221,1.78257,2.44,1.56
2017.12.11 01:28:33.218,1.78223,1.78259,2.19,2.06
2017.12.11 01:28:33.269,1.78228,1.7826,1.62,1.69
2017.12.11 01:28:34.028,1.78221,1.7826,2.00,1.12
2017.12.11 01:28:35.071,1.78223,1.7826,1.12,2.62
2017.12.11 01:28:37.636,1.78221,1.78259,2.00,1.37
2017.12.11 01:28:39.490,1.78222,1.7826,1.56,2.25
2017.12.11 01:28:40.001,1.7822,1.78257,1.50,1.56
2017.12.11 01:28:40.531,1.78222,1.78257,1.12,1.56
2017.12.11 01:28:40.582,1.78221,1.78258,1.87,1.56
2017.12.11 01:28:40.650,1.78222,1.78257,1.12,1.56
2017.12.11 01:28:40.786,1.78221,1.78258,1.87,1.56
2017.12.11 01:28:41.331,1.78221,1.78257,1.12,1.31
2017.12.11 01:28:41.874,1.78222,1.78256,1.12,1.31
2017.12.11 01:28:41.926,1.78221,1.78257,1.12,1.56
2017.12.11 01:28:42.977,1.78219,1.78256,2.00,1.31
2017.12.11 01:28:43.807,1.7822,1.78256,1.75,1.31
2017.12.11 01:28:44.355,1.7822,1.78258,1.75,1.56
2017.12.11 01:28:45.146,1.7822,1.78257,1.75,1.56
2017.12.11 01:28:48.632,1.7822,1.78257,1.69,1.00
2017.12.11 01:28:48.683,1.7822,1.78256,1.37,1.56
2017.12.11 01:28:48.806,1.78218,1.78257,2.44,2.25
2017.12.11 01:28:48.914,1.78219,1.78256,1.12,1.56
2017.12.11 01:28:49.526,1.78218,1.78256,1.69,1.56
2017.12.11 01:28:50.310,1.7822,1.78258,1.75,2.25
2017.12.11 01:28:51.180,1.78221,1.78256,1.37,1.37
2017.12.11 01:28:51.485,1.78217,1.78253,1.69,2.06
2017.12.11 01:28:51.536,1.78217,1.78253,1.31,1.62
2017.12.11 01:28:52.327,1.78217,1.78253,1.69,2.06
2017.12.11 01:28:52.437,1.78217,1.78253,1.69,2.81
2017.12.11 01:28:52.592,1.78214,1.78245,1.00,1.75
2017.12.11 01:28:52.695,1.78214,1.78246,1.12,1.56
2017.12.11 01:28:52.747,1.7821,1.7824,1.37,1.00
2017.12.11 01:28:52.798,1.78207,1.78241,1.87,1.00
2017.12.11 01:28:52.849,1.78208,1.78239,1.37,1.00
2017.12.11 01:28:52.900,1.78209,1.78241,1.37,1.00
2017.12.11 01:28:52.951,1.7821,1.78243,1.37,1.31
2017.12.11 01:28:53.321,1.78209,1.78242,1.62,1.50
2017.12.11 01:28:53.862,1.78209,1.78242,1.37,1.12
2017.12.11 01:28:54.375,1.78209,1.78242,1.62,2.62
2017.12.11 01:28:55.118,1.78209,1.78242,1.37,1.31
2017.12.11 01:28:57.213,1.78209,1.78242,1.37,2.25
2017.12.11 01:28:57.584,1.78209,1.78242,1.37,1.50
2017.12.11 01:28:58.121,1.78209,1.78241,1.37,1.00
2017.12.11 01:28:59.351,1.78209,1.78242,1.37,1.50
2017.12.11 01:29:00.334,1.78209,1.78241,1.37,1.50
2017.12.11 01:29:00.598,1.78207,1.78243,1.37,1.87
2017.12.11 01:29:00.649,1.78209,1.78243,1.37,2.25
2017.12.11 01:29:00.801,1.78209,1.78243,1.00,2.25
2017.12.11 01:29:00.852,1.78202,1.78238,1.37,1.56
2017.12.11 01:29:00.903,1.78198,1.78235,1.94,1.00
2017.12.11 01:29:01.157,1.78197,1.78234,1.56,2.06
2017.12.11 01:29:01.208,1.78197,1.78233,1.31,2.81
2017.12.11 01:29:01.712,1.78195,1.78233,1.69,2.06
2017.12.11 01:29:02.025,1.78194,1.78232,1.12,2.06
2017.12.11 01:29:02.177,1.78193,1.78232,1.12,1.62
2017.12.11 01:29:02.279,1.78194,1.78231,1.12,2.25
2017.12.11 01:29:02.330,1.78193,1.78231,1.37,1.81
2017.12.11 01:29:02.381,1.78191,1.78226,1.87,1.37
2017.12.11 01:29:02.432,1.78189,1.78219,1.12,1.37
2017.12.11 01:29:02.562,1.78186,1.78215,2.62,1.00
2017.12.11 01:29:02.664,1.78186,1.78215,1.12,1.00
2017.12.11 01:29:03.132,1.78183,1.78214,1.50,1.00
2017.12.11 01:29:03.184,1.78185,1.78219,2.44,1.00
2017.12.11 01:29:03.235,1.78182,1.78215,1.31,1.00
2017.12.11 01:29:03.336,1.78181,1.78215,1.12,1.00
2017.12.11 01:29:04.102,1.78184,1.78218,1.94,1.00
2017.12.11 01:29:04.153,1.78194,1.78222,1.31,1.00
2017.12.11 01:29:04.204,1.78194,1.7823,1.31,1.19
2017.12.11 01:29:04.255,1.78194,1.7823,2.06,1.56
2017.12.11 01:29:04.307,1.78195,1.78233,1.69,1.56
2017.12.11 01:29:04.358,1.78194,1.78234,2.06,1.69
2017.12.11 01:29:04.409,1.78196,1.78234,1.56,1.44
2017.12.11 01:29:04.461,1.78199,1.78236,1.50,1.19
2017.12.11 01:29:04.512,1.78199,1.78237,1.69,1.31
2017.12.11 01:29:05.082,1.78197,1.78235,1.12,1.25
2017.12.11 01:29:07.143,1.78197,1.78234,1.31,1.25
2017.12.11 01:29:07.589,1.78199,1.78236,1.17,1.31
2017.12.11 01:29:08.197,1.78205,1.78237,1.37,1.25
2017.12.11 01:29:08.660,1.78205,1.78237,1.37,1.00
2017.12.11 01:29:09.186,1.78206,1.78238,1.62,1.25
2017.12.11 01:29:10.312,1.78206,1.7824,1.62,1.25
2017.12.11 01:29:10.720,1.78206,1.7824,1.62,1.69
2017.12.11 01:29:10.822,1.78201,1.78241,2.00,1.62
2017.12.11 01:29:10.924,1.78196,1.78237,2.86,1.31
2017.12.11 01:29:11.675,1.78197,1.78238,2.11,1.31
2017.12.11 01:29:12.153,1.78199,1.78237,1.94,1.56
2017.12.11 01:29:12.642,1.78199,1.78238,1.12,1.44
2017.12.11 01:29:12.924,1.78206,1.7824,1.37,1.25
2017.12.11 01:29:13.478,1.78206,1.78239,1.37,1.00
2017.12.11 01:29:17.355,1.78206,1.7824,1.37,1.25
2017.12.11 01:29:17.563,1.78206,1.78238,1.37,1.00
2017.12.11 01:29:19.082,1.78206,1.7824,1.37,1.87
2017.12.11 01:29:20.372,1.78206,1.78241,1.37,2.62
2017.12.11 01:29:22.128,1.78206,1.78241,1.37,2.62
2017.12.11 01:29:22.231,1.78214,1.78252,2.06,2.44
2017.12.11 01:29:22.282,1.78216,1.78252,1.12,2.06
2017.12.11 01:29:22.334,1.78217,1.78254,1.87,1.56
2017.12.11 01:29:22.639,1.78215,1.78253,2.25,1.31
2017.12.11 01:29:23.181,1.78219,1.78257,1.75,2.25
2017.12.11 01:29:24.114,1.78215,1.78257,1.87,1.62
2017.12.11 01:29:24.719,1.78215,1.78257,2.62,2.06
2017.12.11 01:29:28.510,1.78218,1.78257,1.12,2.25
2017.12.11 01:29:32.926,1.78219,1.78256,1.12,1.62
2017.12.11 01:29:32.977,1.78219,1.78256,1.12,1.62
2017.12.11 01:29:33.632,1.78218,1.78257,1.87,1.62
2017.12.11 01:29:35.334,1.78218,1.78257,1.87,1.62
2017.12.11 01:29:35.662,1.78219,1.78256,1.12,1.62
2017.12.11 01:29:39.241,1.78218,1.78257,1.87,1.56
2017.12.11 01:29:40.482,1.7822,1.78256,1.37,1.62
2017.12.11 01:29:40.787,1.78216,1.78249,1.25,1.37
2017.12.11 01:29:41.122,1.78209,1.78242,1.00,1.50
2017.12.11 01:29:41.173,1.78205,1.78241,1.62,1.75
2017.12.11 01:29:41.224,1.782,1.78236,1.12,1.19
2017.12.11 01:29:41.326,1.782,1.78237,1.31,1.19
2017.12.11 01:29:41.656,1.78198,1.78237,1.12,1.56
2017.12.11 01:29:42.201,1.78199,1.78236,1.12,1.56
2017.12.11 01:29:42.858,1.78198,1.78237,1.56,1.62
2017.12.11 01:29:43.573,1.78197,1.78236,2.06,1.62
2017.12.11 01:29:43.725,1.78197,1.78237,1.87,1.62
2017.12.11 01:29:43.903,1.78204,1.78239,1.62,1.19
2017.12.11 01:29:43.955,1.78205,1.78237,1.37,1.00
2017.12.11 01:29:44.006,1.78205,1.78236,1.37,1.00
2017.12.11 01:29:44.057,1.782,1.78236,1.31,1.00
2017.12.11 01:29:44.412,1.78201,1.78237,1.12,1.37
2017.12.11 01:29:44.920,1.78201,1.78236,1.56,1.37
2017.12.11 01:29:45.118,1.78199,1.78236,1.87,1.37
2017.12.11 01:29:45.169,1.782,1.78237,1.56,1.37
2017.12.11 01:29:47.922,1.782,1.78237,1.12,1.56
2017.12.11 01:29:49.281,1.78199,1.78238,1.12,2.06
2017.12.11 01:29:50.018,1.782,1.78237,1.12,1.75
2017.12.11 01:29:50.536,1.78199,1.78238,1.12,1.56
2017.12.11 01:29:52.342,1.782,1.78237,1.31,1.56
2017.12.11 01:29:52.886,1.78199,1.78238,1.12,1.56
2017.12.11 01:29:55.422,1.782,1.78237,1.12,1.56
2017.12.11 01:29:55.972,1.78199,1.78237,1.12,1.62
2017.12.11 01:29:56.292,1.78198,1.78235,2.06,1.31
2017.12.11 01:29:56.798,1.78198,1.78236,2.19,1.31
2017.12.11 01:29:57.652,1.78198,1.78236,2.19,1.31
2017.12.11 01:29:58.155,1.78198,1.78234,2.19,1.25
2017.12.11 01:29:58.257,1.78198,1.78235,1.94,1.62
2017.12.11 01:29:58.898,1.78198,1.78234,1.94,1.75
2017.12.11 01:30:03.220,1.78198,1.78235,1.94,1.75
2017.12.11 01:30:03.618,1.78198,1.78235,2.06,1.50
2017.12.11 01:30:03.956,1.78215,1.78244,1.12,1.00
2017.12.11 01:30:04.279,1.78215,1.7825,1.75,1.62
2017.12.11 01:30:07.156,1.78215,1.7825,1.69,1.37
2017.12.11 01:30:07.474,1.78218,1.78253,2.06,1.37
2017.12.11 01:30:07.793,1.78218,1.78253,2.06,1.37
2017.12.11 01:30:09.028,1.78218,1.78253,1.81,1.12
2017.12.11 01:30:09.576,1.78219,1.78256,1.12,1.56
2017.12.11 01:30:10.100,1.78219,1.78255,1.31,1.56
2017.12.11 01:30:10.504,1.78219,1.78255,1.31,1.56
2017.12.11 01:30:11.008,1.78219,1.78256,1.56,1.56
2017.12.11 01:30:12.188,1.78219,1.78255,1.12,1.56
2017.12.11 01:30:12.748,1.78219,1.78256,1.12,1.62
2017.12.11 01:30:13.366,1.78219,1.78255,1.12,1.62
2017.12.11 01:30:14.068,1.78219,1.78257,1.56,1.62
2017.12.11 01:30:14.659,1.78219,1.78257,1.56,1.62
2017.12.11 01:30:14.969,1.78219,1.78257,1.19,1.50
2017.12.11 01:30:16.564,1.78219,1.78256,1.81,1.62
2017.12.11 01:30:18.411,1.78219,1.78256,1.31,1.62
2017.12.11 01:30:18.912,1.78219,1.78257,1.56,1.50
2017.12.11 01:30:19.920,1.78219,1.78257,1.56,1.50
2017.12.11 01:30:20.116,1.78219,1.78256,1.31,1.62
2017.12.11 01:30:20.279,1.78219,1.78257,1.56,1.50
2017.12.11 01:30:22.781,1.7822,1.78257,1.44,1.75
2017.12.11 01:30:23.515,1.78217,1.78255,1.94,2.25
2017.12.11 01:30:23.668,1.78216,1.78252,1.00,2.25
2017.12.11 01:30:24.272,1.78216,1.7825,1.00,1.50
2017.12.11 01:30:25.088,1.78216,1.78251,1.00,1.75
2017.12.11 01:30:25.724,1.7821,1.78248,1.69,2.06
2017.12.11 01:30:25.775,1.78215,1.78248,1.00,1.37
2017.12.11 01:30:25.826,1.7821,1.78244,1.25,1.37
2017.12.11 01:30:25.877,1.78209,1.78241,1.00,1.62
2017.12.11 01:30:25.928,1.78207,1.7824,1.00,1.56
2017.12.11 01:30:26.027,1.78203,1.78239,1.37,1.62
2017.12.11 01:30:26.078,1.78201,1.78237,1.19,1.56
2017.12.11 01:30:26.383,1.782,1.78234,1.87,1.87
2017.12.11 01:30:27.845,1.78198,1.78235,1.31,1.12
2017.12.11 01:30:27.947,1.782,1.78238,1.31,1.69
2017.12.11 01:30:28.252,1.78202,1.78236,2.44,1.00
2017.12.11 01:30:28.355,1.78199,1.78235,1.94,1.12
2017.12.11 01:30:28.991,1.78199,1.78234,1.56,1.31
2017.12.11 01:30:30.056,1.78197,1.78235,1.12,1.00
2017.12.11 01:30:31.897,1.78199,1.78235,2.00,1.69
2017.12.11 01:30:32.643,1.78199,1.78235,1.69,1.00
2017.12.11 01:30:33.304,1.78199,1.78235,1.94,1.56
2017.12.11 01:30:34.192,1.78199,1.78236,1.62,1.56
2017.12.11 01:30:35.838,1.78199,1.78234,1.69,1.00
2017.12.11 01:30:36.015,1.78197,1.78234,1.12,1.56
2017.12.11 01:30:36.464,1.78196,1.78232,1.37,2.62
2017.12.11 01:30:36.514,1.78196,1.78232,1.37,1.69
2017.12.11 01:30:36.717,1.78196,1.78234,2.06,1.75
2017.12.11 01:30:36.768,1.78196,1.78234,2.06,1.56
2017.12.11 01:30:37.170,1.78196,1.78236,2.19,1.81
2017.12.11 01:30:37.672,1.78197,1.78234,2.06,1.00
2017.12.11 01:30:37.976,1.78197,1.78235,1.94,3.00
2017.12.11 01:30:38.645,1.78197,1.78235,1.87,2.25
2017.12.11 01:30:39.277,1.78198,1.78235,1.12,2.06
2017.12.11 01:30:39.826,1.78197,1.78235,1.75,1.62
2017.12.11 01:30:42.636,1.78197,1.78235,1.87,2.44
2017.12.11 01:30:43.201,1.78197,1.7823,2.06,1.00
2017.12.11 01:30:43.804,1.78197,1.78231,2.06,1.00
2017.12.11 01:30:44.520,1.78197,1.7823,2.06,1.00
2017.12.11 01:30:44.571,1.78197,1.78232,2.06,1.00
2017.12.11 01:30:44.837,1.78197,1.7823,2.06,1.00
2017.12.11 01:30:45.553,1.78198,1.7823,1.56,1.00
2017.12.11 01:30:45.879,1.78197,1.78229,1.31,1.37
2017.12.11 01:30:45.931,1.78195,1.78222,1.69,1.00
2017.12.11 01:30:46.470,1.78192,1.78222,1.50,1.00
2017.12.11 01:30:47.136,1.78192,1.78223,1.69,1.00
2017.12.11 01:30:47.725,1.78192,1.78223,1.94,1.00
2017.12.11 01:30:48.328,1.78189,1.78221,1.12,1.69
2017.12.11 01:30:48.380,1.78188,1.78217,1.00,1.56
2017.12.11 01:30:48.431,1.78183,1.78217,1.50,1.56
2017.12.11 01:30:48.483,1.78183,1.78214,1.00,1.37
2017.12.11 01:30:48.534,1.78183,1.78214,1.37,2.06
2017.12.11 01:30:48.826,1.78178,1.78212,1.56,1.50
2017.12.11 01:30:48.929,1.78166,1.78201,1.37,2.06
2017.12.11 01:30:49.145,1.78164,1.78197,1.69,1.00
2017.12.11 01:30:49.673,1.78164,1.78197,1.62,1.12
2017.12.11 01:30:49.829,1.78164,1.78197,1.62,1.00
2017.12.11 01:30:50.179,1.78164,1.78197,1.62,1.69
2017.12.11 01:30:50.691,1.78164,1.78197,1.56,1.69
2017.12.11 01:30:51.202,1.78164,1.78197,1.37,1.00
2017.12.11 01:30:51.825,1.78164,1.78197,1.62,1.69
2017.12.11 01:30:52.355,1.78164,1.78198,1.37,1.25
2017.12.11 01:30:52.759,1.78164,1.782,1.37,1.81
2017.12.11 01:30:53.422,1.78164,1.78201,1.37,2.44
2017.12.11 01:30:54.020,1.78164,1.782,1.69,1.69
2017.12.11 01:30:55.098,1.78164,1.78201,1.62,2.44
2017.12.11 01:30:55.487,1.78164,1.78197,1.56,1.19
2017.12.11 01:30:57.131,1.7816,1.78198,1.12,1.19
2017.12.11 01:30:57.720,1.7816,1.78197,1.12,1.19
2017.12.11 01:30:58.739,1.78164,1.78193,1.00,1.12
2017.12.11 01:30:58.790,1.7816,1.78193,1.50,1.00
2017.12.11 01:30:59.299,1.7816,1.78193,1.50,1.00
2017.12.11 01:31:00.121,1.7816,1.78193,1.50,1.00
2017.12.11 01:31:00.279,1.7816,1.78195,1.75,1.25
2017.12.11 01:31:01.566,1.78161,1.78195,1.75,1.69
2017.12.11 01:31:01.668,1.78158,1.78196,1.50,1.69
2017.12.11 01:31:02.263,1.78158,1.78196,1.50,2.25
2017.12.11 01:31:02.314,1.78158,1.78194,1.31,1.62
2017.12.11 01:31:02.626,1.78159,1.78191,1.31,1.00
2017.12.11 01:31:03.998,1.78159,1.78191,2.06,1.00
2017.12.11 01:31:07.579,1.78159,1.7819,2.06,1.00
2017.12.11 01:31:11.589,1.78159,1.78194,2.06,1.69
2017.12.11 01:31:11.799,1.78159,1.78194,1.31,2.25
2017.12.11 01:31:12.310,1.78159,1.78191,1.31,1.00
2017.12.11 01:31:13.009,1.78159,1.7819,1.12,1.00
2017.12.11 01:31:14.504,1.78159,1.78192,1.31,1.12
2017.12.11 01:31:14.605,1.78159,1.78193,1.56,2.06
2017.12.11 01:31:14.859,1.78159,1.78193,1.25,1.62
2017.12.11 01:31:15.398,1.78159,1.78192,1.69,1.37
2017.12.11 01:31:16.039,1.78159,1.78193,1.25,1.37
2017.12.11 01:31:16.579,1.78159,1.78192,1.31,1.37
2017.12.11 01:31:19.548,1.78157,1.78192,1.50,1.62
2017.12.11 01:31:19.700,1.78157,1.78192,1.50,1.37
2017.12.11 01:31:22.211,1.78157,1.78193,1.50,2.62
2017.12.11 01:31:22.605,1.78157,1.78192,1.69,1.37
2017.12.11 01:31:25.140,1.78157,1.78192,1.62,1.87
2017.12.11 01:31:26.029,1.78157,1.78189,1.31,1.37
2017.12.11 01:31:26.536,1.78157,1.78192,1.00,1.94
2017.12.11 01:31:27.228,1.78157,1.78192,1.00,1.75
2017.12.11 01:31:28.003,1.78157,1.78192,1.31,1.75
2017.12.11 01:31:31.429,1.78157,1.78191,1.12,1.50
2017.12.11 01:31:31.952,1.78157,1.78192,1.87,1.37
2017.12.11 01:31:33.375,1.78157,1.78192,1.87,1.37
2017.12.11 01:31:34.090,1.78157,1.78192,1.56,1.37
2017.12.11 01:31:34.660,1.78157,1.78193,1.62,1.87
2017.12.11 01:31:35.252,1.78157,1.78192,1.75,1.37
2017.12.11 01:31:35.976,1.78157,1.78193,1.81,1.87
2017.12.11 01:31:36.471,1.78157,1.78192,1.56,1.37
2017.12.11 01:31:37.182,1.78167,1.78193,1.00,1.37
2017.12.11 01:31:37.385,1.78167,1.78196,1.00,1.56
2017.12.11 01:31:37.921,1.78167,1.78193,1.00,1.37
2017.12.11 01:31:38.464,1.78167,1.78194,1.00,1.37
2017.12.11 01:31:40.128,1.78167,1.78194,1.00,1.37
2017.12.11 01:31:40.229,1.7817,1.78193,1.00,1.37
2017.12.11 01:31:40.543,1.78173,1.78195,1.00,1.25
2017.12.11 01:31:40.594,1.78175,1.78198,1.00,1.31
2017.12.11 01:31:40.821,1.78183,1.78199,1.00,1.00
2017.12.11 01:31:40.874,1.78187,1.78208,1.00,1.37
2017.12.11 01:31:40.925,1.78187,1.78208,1.00,1.12
2017.12.11 01:31:40.976,1.78193,1.78208,1.00,1.12
2017.12.11 01:31:41.027,1.78193,1.78212,1.00,1.37
2017.12.11 01:31:41.814,1.78192,1.78211,1.00,1.62
2017.12.11 01:31:41.981,1.7819,1.78212,1.00,1.50
2017.12.11 01:31:42.549,1.7819,1.78214,1.00,2.06
2017.12.11 01:31:43.063,1.7819,1.78213,1.00,1.56
2017.12.11 01:31:43.551,1.7819,1.78214,1.00,1.31
2017.12.11 01:31:43.849,1.78193,1.78214,1.00,1.19
2017.12.11 01:31:43.957,1.78193,1.78216,1.00,1.19
2017.12.11 01:31:44.608,1.78193,1.78216,1.00,1.19
2017.12.11 01:31:44.659,1.78193,1.78217,1.00,1.19
2017.12.11 01:31:45.245,1.78193,1.78217,1.00,1.25
2017.12.11 01:31:45.767,1.78193,1.78218,1.00,1.12
2017.12.11 01:31:46.501,1.78193,1.78217,1.00,1.25
2017.12.11 01:31:47.155,1.78193,1.78218,1.00,1.25
2017.12.11 01:31:48.799,1.78196,1.78218,1.00,1.25
2017.12.11 01:31:48.952,1.78201,1.78226,1.00,1.37
2017.12.11 01:31:49.003,1.78196,1.78219,1.00,1.00
2017.12.11 01:31:49.307,1.7819,1.7822,1.56,1.00
2017.12.11 01:31:49.358,1.78198,1.7822,1.00,1.00
2017.12.11 01:31:50.959,1.78198,1.78219,1.00,1.00
2017.12.11 01:31:52.449,1.78198,1.7822,1.00,1.00
2017.12.11 01:31:52.564,1.782,1.78226,1.00,1.69
2017.12.11 01:31:52.615,1.78203,1.78226,1.00,1.69
2017.12.11 01:31:52.666,1.78203,1.78228,1.00,1.87
2017.12.11 01:31:53.170,1.78208,1.78231,1.00,1.56
2017.12.11 01:31:53.324,1.7821,1.78235,1.00,1.00
2017.12.11 01:31:53.375,1.78215,1.78237,1.00,2.06
2017.12.11 01:31:53.877,1.78216,1.78238,1.00,1.00
2017.12.11 01:31:53.928,1.78218,1.78237,1.00,1.00
2017.12.11 01:31:54.510,1.78218,1.78238,1.00,1.00
2017.12.11 01:31:55.835,1.78218,1.78237,1.00,1.12
2017.12.11 01:31:56.348,1.78218,1.78238,1.00,1.12
2017.12.11 01:31:57.056,1.78218,1.78237,1.00,1.12
2017.12.11 01:31:57.593,1.78218,1.78238,1.00,1.12
2017.12.11 01:31:58.596,1.78218,1.78237,1.00,1.12
2017.12.11 01:31:58.783,1.78215,1.78237,1.00,1.12
2017.12.11 01:32:00.458,1.78215,1.78238,1.00,1.50
2017.12.11 01:32:00.560,1.78212,1.78232,1.00,1.00
2017.12.11 01:32:02.469,1.78212,1.78233,1.00,1.00
2017.12.11 01:32:02.803,1.78212,1.78237,1.00,1.87
2017.12.11 01:32:03.022,1.78212,1.78236,1.00,1.50
2017.12.11 01:32:03.359,1.78216,1.78236,1.00,1.50
2017.12.11 01:32:03.986,1.78216,1.78235,1.00,1.00
2017.12.11 01:32:06.032,1.78215,1.78235,1.00,1.00
2017.12.11 01:32:06.612,1.78215,1.78236,1.00,1.75
2017.12.11 01:32:06.960,1.78215,1.78232,1.00,1.00
2017.12.11 01:32:09.322,1.78211,1.78228,1.00,1.00
2017.12.11 01:32:09.374,1.78208,1.78232,1.00,1.62
2017.12.11 01:32:09.752,1.78211,1.78234,1.00,1.19
2017.12.11 01:32:09.803,1.78213,1.78236,1.00,1.00
2017.12.11 01:32:10.345,1.78214,1.78237,1.00,1.31
2017.12.11 01:32:11.403,1.78214,1.78236,1.00,1.12
2017.12.11 01:32:12.566,1.78214,1.78237,1.00,1.12
2017.12.11 01:32:13.097,1.78214,1.78236,1.00,1.12
2017.12.11 01:32:13.604,1.78216,1.78241,1.00,2.62
2017.12.11 01:32:13.706,1.78217,1.78245,1.00,1.56
2017.12.11 01:32:14.223,1.78217,1.78246,1.00,2.25
2017.12.11 01:32:14.733,1.78217,1.78244,1.50,1.50
2017.12.11 01:32:15.156,1.78217,1.7824,1.00,1.37
2017.12.11 01:32:15.702,1.78217,1.78239,1.00,1.37
2017.12.11 01:32:16.321,1.78217,1.78235,1.00,1.00
2017.12.11 01:32:16.999,1.78217,1.78236,1.00,1.00
2017.12.11 01:32:17.050,1.78224,1.78244,1.00,1.12
2017.12.11 01:32:17.152,1.78218,1.78242,1.00,1.00
2017.12.11 01:32:17.905,1.78218,1.78241,1.00,1.00
2017.12.11 01:32:18.347,1.7822,1.78241,1.00,1.00
2017.12.11 01:32:20.267,1.7822,1.78245,1.00,1.37
2017.12.11 01:32:21.003,1.7822,1.78246,1.00,1.37
2017.12.11 01:32:21.915,1.7822,1.78249,1.00,2.25
2017.12.11 01:32:21.966,1.78228,1.78251,1.00,3.94
2017.12.11 01:32:22.475,1.78228,1.7825,1.00,1.69
2017.12.11 01:32:25.808,1.78228,1.78251,1.00,2.06
2017.12.11 01:32:26.541,1.78228,1.7825,1.00,1.69
2017.12.11 01:32:28.423,1.78228,1.7825,1.00,1.00
2017.12.11 01:32:30.173,1.78228,1.78254,1.00,2.06
2017.12.11 01:32:30.224,1.78231,1.78254,1.00,1.31
2017.12.11 01:32:30.377,1.78238,1.78262,1.00,1.25
2017.12.11 01:32:31.217,1.78238,1.78261,1.00,1.00
2017.12.11 01:32:31.799,1.78238,1.78262,1.00,1.00
2017.12.11 01:32:32.301,1.78238,1.78261,1.00,1.00
2017.12.11 01:32:33.856,1.78238,1.78262,1.00,1.75
2017.12.11 01:32:34.499,1.78238,1.78259,1.00,1.37
2017.12.11 01:32:35.319,1.78238,1.78258,1.00,1.37
2017.12.11 01:32:35.837,1.78238,1.78259,1.00,1.37
2017.12.11 01:32:36.847,1.78238,1.78258,1.00,1.37
2017.12.11 01:32:37.363,1.78238,1.78259,1.00,1.37
2017.12.11 01:32:37.947,1.78238,1.78258,1.00,1.37
2017.12.11 01:32:39.138,1.78238,1.78263,1.00,2.06
2017.12.11 01:32:40.654,1.78238,1.78262,1.00,1.31
2017.12.11 01:32:40.756,1.78238,1.78262,1.00,2.25
2017.12.11 01:32:40.858,1.78238,1.78262,1.00,2.06
2017.12.11 01:32:41.848,1.78238,1.78261,1.00,1.69
2017.12.11 01:32:42.961,1.78238,1.78262,1.00,1.69
2017.12.11 01:32:43.161,1.78238,1.78261,1.00,1.50
2017.12.11 01:32:43.698,1.78238,1.78262,1.00,1.50
2017.12.11 01:32:44.369,1.78238,1.78261,1.00,1.69
2017.12.11 01:32:45.335,1.78238,1.78262,1.00,1.69
2017.12.11 01:32:45.740,1.78234,1.78248,1.00,1.00
2017.12.11 01:32:45.842,1.78232,1.78256,1.00,1.69
2017.12.11 01:32:45.893,1.78236,1.78257,1.00,1.56
2017.12.11 01:32:46.249,1.78234,1.78258,1.00,2.81
2017.12.11 01:32:46.402,1.78234,1.78258,1.00,2.25
2017.12.11 01:32:46.706,1.78237,1.78253,1.00,1.37
2017.12.11 01:32:47.445,1.78237,1.78254,1.00,1.37
2017.12.11 01:32:47.583,1.78233,1.78254,1.00,1.37
2017.12.11 01:32:47.715,1.78233,1.78249,1.00,1.00
2017.12.11 01:32:47.868,1.78233,1.78252,1.00,1.12
2017.12.11 01:32:48.484,1.78233,1.78253,1.00,1.37
2017.12.11 01:32:48.944,1.78233,1.78248,1.00,1.00
2017.12.11 01:32:49.481,1.78227,1.78249,1.00,1.00
2017.12.11 01:32:49.532,1.7823,1.78249,1.00,1.00
2017.12.11 01:32:49.583,1.7823,1.78253,1.00,1.37
2017.12.11 01:32:51.021,1.7823,1.78252,1.00,1.62
2017.12.11 01:32:52.012,1.7823,1.78245,1.00,1.00
2017.12.11 01:32:52.620,1.7823,1.78244,1.00,1.00
2017.12.11 01:32:53.368,1.7823,1.78245,1.00,1.00
2017.12.11 01:32:53.992,1.7823,1.78244,1.00,1.00
2017.12.11 01:32:54.043,1.78228,1.78245,1.00,1.00
2017.12.11 01:32:54.372,1.78223,1.78244,1.00,1.00
2017.12.11 01:32:55.480,1.78223,1.78245,1.00,1.00
2017.12.11 01:32:56.444,1.78223,1.78244,1.00,1.00
2017.12.11 01:32:58.964,1.78223,1.78245,1.00,1.00
2017.12.11 01:32:59.323,1.78223,1.78244,1.00,1.37
2017.12.11 01:32:59.747,1.78227,1.78238,1.00,1.00
2017.12.11 01:32:59.798,1.78225,1.78239,1.00,1.00
2017.12.11 01:32:59.849,1.78221,1.78234,1.00,1.00
2017.12.11 01:33:00.380,1.78221,1.78235,1.00,1.00
2017.12.11 01:33:00.818,1.78215,1.78235,1.00,1.00
2017.12.11 01:33:01.445,1.78215,1.78234,1.00,1.00
2017.12.11 01:33:01.557,1.78215,1.78242,1.00,2.25
2017.12.11 01:33:01.608,1.78219,1.78241,1.00,1.81
2017.12.11 01:33:01.713,1.78219,1.78242,1.00,2.06
2017.12.11 01:33:02.224,1.78219,1.78241,1.00,1.31
2017.12.11 01:33:02.806,1.78219,1.78241,1.00,1.50
2017.12.11 01:33:02.969,1.78219,1.78231,1.00,1.00
2017.12.11 01:33:03.071,1.78214,1.78232,1.00,1.00
2017.12.11 01:33:04.226,1.78214,1.78235,1.00,1.12
2017.12.11 01:33:08.414,1.78218,1.7824,1.00,1.00
2017.12.11 01:33:08.465,1.78218,1.78242,1.00,1.37
2017.12.11 01:33:10.129,1.78218,1.78241,1.00,1.62
2017.12.11 01:33:13.039,1.78218,1.78241,1.00,1.62
2017.12.11 01:33:13.544,1.78218,1.78242,1.00,1.62
2017.12.11 01:33:13.800,1.78215,1.78241,1.00,1.37
2017.12.11 01:33:13.851,1.7822,1.78246,1.00,1.37
2017.12.11 01:33:15.325,1.7822,1.78245,1.00,1.81
2017.12.11 01:33:16.580,1.7822,1.78245,1.00,1.12
2017.12.11 01:33:16.631,1.7822,1.78245,1.00,1.37
2017.12.11 01:33:17.144,1.7822,1.78246,1.00,1.37
2017.12.11 01:33:17.882,1.7822,1.78245,1.00,1.12
2017.12.11 01:33:18.186,1.78224,1.78246,1.00,1.31
2017.12.11 01:33:18.449,1.7822,1.78246,1.00,1.62
2017.12.11 01:33:21.873,1.7822,1.78245,1.00,1.31
2017.12.11 01:33:29.340,1.7822,1.78245,1.00,1.87
2017.12.11 01:33:29.391,1.78221,1.78241,1.00,1.12
2017.12.11 01:33:29.493,1.78221,1.78241,1.00,1.37
2017.12.11 01:33:31.239,1.78221,1.78244,1.00,1.00
2017.12.11 01:33:31.341,1.78226,1.78245,1.00,1.37
2017.12.11 01:33:32.515,1.78226,1.78246,1.00,1.56
2017.12.11 01:33:32.933,1.78218,1.78246,1.00,1.81
2017.12.11 01:33:33.356,1.78218,1.78239,1.00,1.00
2017.12.11 01:33:33.556,1.78223,1.78245,1.00,1.12
2017.12.11 01:33:34.144,1.78223,1.78244,1.00,1.12
2017.12.11 01:33:38.562,1.78226,1.78244,1.00,1.12
2017.12.11 01:33:39.199,1.78226,1.78245,1.00,1.12
2017.12.11 01:33:39.748,1.78226,1.78244,1.00,1.12
2017.12.11 01:33:40.684,1.78222,1.78244,1.00,1.12
2017.12.11 01:33:41.048,1.78222,1.78239,1.00,1.00
2017.12.11 01:33:41.495,1.78222,1.78243,1.00,1.37
2017.12.11 01:33:46.033,1.78222,1.78242,1.00,1.37
2017.12.11 01:33:49.100,1.78222,1.78246,1.00,1.50
2017.12.11 01:33:49.574,1.78222,1.78243,1.00,1.37
2017.12.11 01:33:50.108,1.78222,1.78244,1.00,1.37
2017.12.11 01:33:51.857,1.78225,1.78249,1.00,1.81
2017.12.11 01:33:51.959,1.78221,1.78242,1.00,1.00
2017.12.11 01:33:52.498,1.78221,1.78247,1.00,1.37
2017.12.11 01:33:53.867,1.78225,1.78246,1.00,1.62
2017.12.11 01:33:56.215,1.78225,1.78249,1.00,1.81
2017.12.11 01:33:56.266,1.78229,1.78251,1.00,1.62
2017.12.11 01:33:56.317,1.78229,1.78251,1.00,1.12
2017.12.11 01:33:56.368,1.78233,1.78256,1.00,1.56
2017.12.11 01:33:56.672,1.78233,1.78251,1.00,1.00
2017.12.11 01:33:56.774,1.7823,1.7825,1.00,1.31
2017.12.11 01:33:57.381,1.7823,1.78251,1.00,1.12
2017.12.11 01:33:57.534,1.78237,1.78256,1.00,1.00
2017.12.11 01:33:57.839,1.78244,1.78268,1.00,2.25
2017.12.11 01:33:58.159,1.78244,1.78259,1.00,1.00
2017.12.11 01:34:01.224,1.78244,1.78258,1.00,1.00
2017.12.11 01:34:01.884,1.78244,1.78259,1.00,1.00
2017.12.11 01:34:01.986,1.78244,1.78263,1.00,1.37
2017.12.11 01:34:07.979,1.78244,1.78263,1.00,1.37
2017.12.11 01:34:09.262,1.78244,1.78262,1.00,1.37
2017.12.11 01:34:10.959,1.78244,1.78263,1.00,1.37
2017.12.11 01:34:12.667,1.78244,1.78262,1.00,1.37
2017.12.11 01:34:13.170,1.78244,1.78263,1.00,1.37
2017.12.11 01:34:14.371,1.78244,1.78262,1.00,1.37
2017.12.11 01:34:16.983,1.78244,1.78263,1.00,1.37
2017.12.11 01:34:18.469,1.78244,1.78262,1.00,1.37
2017.12.11 01:34:19.377,1.78241,1.78257,1.00,1.12
2017.12.11 01:34:24.928,1.78241,1.78261,1.00,1.37
2017.12.11 01:34:25.760,1.78241,1.78262,1.00,1.37
2017.12.11 01:34:26.278,1.78241,1.78261,1.00,1.37
2017.12.11 01:34:37.315,1.78236,1.78252,1.00,1.00
2017.12.11 01:34:37.839,1.78236,1.78253,1.00,1.69
2017.12.11 01:34:37.941,1.78239,1.7826,1.00,1.00
2017.12.11 01:34:38.455,1.7824,1.78261,1.00,1.25
2017.12.11 01:34:43.668,1.7824,1.7826,1.00,1.31
2017.12.11 01:34:44.977,1.78243,1.7826,1.00,1.31
2017.12.11 01:34:45.759,1.78243,1.78261,1.00,1.31
2017.12.11 01:34:46.606,1.78243,1.7826,1.00,1.12
2017.12.11 01:34:47.844,1.78243,1.78265,1.00,1.00
2017.12.11 01:34:47.898,1.78243,1.78267,1.00,2.06
2017.12.11 01:34:48.050,1.78247,1.7827,1.00,1.81
2017.12.11 01:34:48.153,1.78245,1.78267,1.00,1.12
2017.12.11 01:34:48.293,1.78245,1.78263,1.00,1.00
2017.12.11 01:34:48.830,1.78244,1.78262,1.00,1.00
2017.12.11 01:34:49.349,1.78244,1.78263,1.00,1.12
2017.12.11 01:34:49.721,1.78244,1.78263,1.00,1.37
2017.12.11 01:34:49.824,1.78244,1.78263,1.00,1.12
2017.12.11 01:34:50.383,1.78244,1.78266,1.00,1.62
2017.12.11 01:34:52.269,1.78244,1.78266,1.00,1.62
2017.12.11 01:34:53.072,1.78244,1.78266,1.00,1.62
2017.12.11 01:34:58.545,1.78244,1.7826,1.00,1.00
2017.12.11 01:34:59.149,1.78244,1.78254,1.00,1.00
2017.12.11 01:34:59.670,1.7824,1.78248,1.00,1.00
2017.12.11 01:34:59.721,1.78234,1.78248,1.00,1.00
2017.12.11 01:34:59.991,1.78233,1.78253,1.00,1.19
2017.12.11 01:35:00.092,1.78233,1.78248,1.00,1.00
2017.12.11 01:35:01.890,1.78233,1.78244,1.00,1.00
2017.12.11 01:35:01.942,1.7822,1.78244,1.00,1.00
2017.12.11 01:35:01.994,1.78227,1.78243,1.00,1.00
2017.12.11 01:35:02.045,1.78223,1.78243,1.00,1.00
2017.12.11 01:35:06.250,1.78229,1.7825,1.00,1.00
2017.12.11 01:35:06.302,1.78232,1.78249,1.00,1.00
2017.12.11 01:35:06.657,1.78229,1.7825,1.00,1.00
2017.12.11 01:35:06.708,1.78233,1.78249,1.00,1.00
2017.12.11 01:35:06.810,1.78231,1.7825,1.00,1.00
2017.12.11 01:35:06.962,1.7823,1.7825,1.00,1.37
2017.12.11 01:35:07.277,1.78225,1.7824,1.00,1.12
2017.12.11 01:35:07.379,1.78218,1.78239,1.00,1.12
2017.12.11 01:35:08.327,1.78221,1.78239,1.00,1.12
2017.12.11 01:35:12.177,1.7822,1.7824,1.00,1.00
2017.12.11 01:35:12.511,1.78229,1.78244,1.00,1.00
2017.12.11 01:35:13.240,1.78229,1.78247,1.00,1.00
2017.12.11 01:35:13.882,1.78229,1.78248,1.00,1.00
2017.12.11 01:35:14.873,1.78229,1.78247,1.00,1.00
2017.12.11 01:35:15.484,1.78229,1.78248,1.00,1.00
2017.12.11 01:35:16.619,1.78229,1.78247,1.00,1.00
2017.12.11 01:35:18.301,1.78229,1.78248,1.00,1.00
2017.12.11 01:35:18.352,1.78229,1.78252,1.00,1.37
2017.12.11 01:35:20.397,1.78229,1.78252,1.00,1.00
2017.12.11 01:35:20.926,1.78229,1.78252,1.00,1.37
2017.12.11 01:35:22.346,1.78232,1.78241,1.00,1.00
2017.12.11 01:35:22.397,1.78232,1.78244,1.00,1.12
2017.12.11 01:35:22.448,1.78224,1.78245,1.00,1.12
2017.12.11 01:35:22.674,1.78218,1.78241,1.00,1.87
2017.12.11 01:35:22.726,1.78215,1.78241,1.00,1.87
2017.12.11 01:35:22.777,1.78218,1.7824,1.00,2.06
2017.12.11 01:35:23.081,1.78215,1.78235,1.00,1.00
2017.12.11 01:35:23.655,1.78215,1.78236,1.00,1.00
2017.12.11 01:35:24.693,1.78221,1.78239,1.00,1.00
2017.12.11 01:35:25.375,1.78221,1.78239,1.00,1.19
2017.12.11 01:35:25.931,1.78221,1.7824,1.00,1.37
2017.12.11 01:35:26.519,1.78228,1.7824,1.00,1.00
2017.12.11 01:35:26.571,1.78228,1.78246,1.00,1.37
2017.12.11 01:35:26.672,1.78223,1.78242,1.00,1.00
2017.12.11 01:35:26.723,1.7823,1.78242,1.00,1.00
2017.12.11 01:35:27.351,1.78227,1.78236,1.00,1.00
2017.12.11 01:35:27.403,1.78224,1.78237,1.00,1.37
2017.12.11 01:35:27.505,1.78216,1.78237,1.00,1.00
2017.12.11 01:35:27.712,1.78218,1.78237,1.00,1.00
2017.12.11 01:35:28.827,1.78218,1.78236,1.00,1.00
2017.12.11 01:35:29.350,1.78218,1.78237,1.00,1.00
2017.12.11 01:35:29.459,1.78211,1.78237,1.00,1.00
2017.12.11 01:35:31.378,1.78211,1.78236,1.00,1.25
2017.12.11 01:35:33.694,1.78213,1.78241,1.37,1.50
2017.12.11 01:35:34.013,1.78226,1.78248,1.00,1.37
2017.12.11 01:35:34.551,1.78226,1.78248,1.00,1.00
2017.12.11 01:35:35.226,1.78226,1.78247,1.00,1.00
2017.12.11 01:35:35.550,1.7823,1.78252,1.00,1.00
2017.12.11 01:35:43.292,1.7823,1.78251,1.00,1.00
2017.12.11 01:35:45.648,1.7823,1.78244,1.00,1.00
2017.12.11 01:35:45.700,1.78226,1.78245,1.00,1.00
2017.12.11 01:35:45.801,1.78229,1.78245,1.00,1.00
2017.12.11 01:35:46.055,1.78229,1.7825,1.00,1.00
2017.12.11 01:35:46.509,1.78225,1.78242,1.00,1.00
2017.12.11 01:35:46.814,1.78222,1.78234,1.00,1.00
2017.12.11 01:35:47.324,1.78222,1.78235,1.00,1.00
2017.12.11 01:35:47.844,1.78222,1.78234,1.00,1.00
2017.12.11 01:35:48.066,1.78216,1.78235,1.00,1.00
2017.12.11 01:35:48.117,1.78211,1.78235,1.00,1.00
2017.12.11 01:35:48.168,1.78205,1.78235,1.87,1.00
2017.12.11 01:35:48.220,1.78217,1.78235,1.00,1.00
2017.12.11 01:35:48.829,1.78217,1.78234,1.00,1.00
2017.12.11 01:35:49.553,1.78217,1.78235,1.00,1.00
2017.12.11 01:35:51.264,1.78217,1.78234,1.00,1.00
2017.12.11 01:35:51.742,1.78209,1.78235,1.12,1.00
2017.12.11 01:35:51.794,1.78216,1.78234,1.00,1.25
2017.12.11 01:35:52.347,1.78216,1.78235,1.00,1.25
2017.12.11 01:35:54.618,1.78208,1.78235,1.00,1.62
2017.12.11 01:35:54.830,1.78213,1.78231,1.00,1.00
2017.12.11 01:35:54.932,1.78207,1.78231,1.00,1.00
2017.12.11 01:36:00.044,1.78213,1.78231,1.00,1.00
2017.12.11 01:36:06.645,1.78213,1.7823,1.00,1.00
2017.12.11 01:36:08.075,1.78213,1.78231,1.00,1.00
2017.12.11 01:36:09.229,1.78213,1.7823,1.00,1.00
2017.12.11 01:36:15.148,1.78213,1.78231,1.00,1.00
2017.12.11 01:36:16.926,1.78213,1.7823,1.00,1.00
2017.12.11 01:36:17.529,1.78213,1.78234,1.00,1.62
2017.12.11 01:36:17.932,1.78213,1.78235,1.00,1.12
2017.12.11 01:36:18.540,1.78213,1.78234,1.00,1.25
2017.12.11 01:36:23.328,1.78213,1.78235,1.00,1.25
2017.12.11 01:36:28.378,1.78213,1.78234,1.00,1.12
2017.12.11 01:36:29.579,1.78213,1.78235,1.00,1.12
2017.12.11 01:36:30.150,1.78213,1.78234,1.00,1.00
2017.12.11 01:36:31.671,1.78213,1.78235,1.00,1.25
2017.12.11 01:36:32.678,1.78213,1.78238,1.00,2.06
2017.12.11 01:36:33.322,1.78213,1.78237,1.00,1.62
2017.12.11 01:36:35.236,1.78213,1.78237,1.00,1.69
2017.12.11 01:36:35.977,1.78213,1.78238,1.00,2.44
2017.12.11 01:36:37.538,1.78213,1.78237,1.00,2.44
2017.12.11 01:36:37.910,1.78213,1.78237,1.00,2.25
2017.12.11 01:36:38.910,1.78213,1.78237,1.00,1.81
2017.12.11 01:36:39.122,1.78213,1.78237,1.00,2.25
2017.12.11 01:36:39.887,1.78213,1.78237,1.00,1.50
2017.12.11 01:36:43.282,1.78213,1.78235,1.00,1.00
2017.12.11 01:36:49.707,1.78213,1.78234,1.00,1.00
2017.12.11 01:36:50.229,1.78213,1.78235,1.00,1.00
2017.12.11 01:36:52.150,1.78213,1.78234,1.00,1.25
2017.12.11 01:36:53.264,1.78213,1.78235,1.00,1.69
2017.12.11 01:36:55.410,1.78213,1.78234,1.00,1.12
2017.12.11 01:36:55.663,1.78209,1.78235,1.37,1.00
2017.12.11 01:36:55.715,1.78211,1.7824,1.37,2.62
2017.12.11 01:36:55.766,1.78216,1.78239,1.00,1.00
2017.12.11 01:36:55.817,1.78216,1.78243,1.00,1.31
2017.12.11 01:36:57.169,1.78216,1.78243,1.00,1.25
2017.12.11 01:36:58.801,1.78216,1.78243,1.00,1.50
2017.12.11 01:36:59.829,1.78216,1.78244,1.00,1.50
2017.12.11 01:37:00.505,1.78216,1.78243,1.00,1.50
2017.12.11 01:37:01.546,1.78216,1.78244,1.00,1.69
2017.12.11 01:37:02.069,1.78216,1.78243,1.00,2.06
2017.12.11 01:37:03.621,1.78216,1.78244,1.00,1.50
2017.12.11 01:37:04.138,1.78216,1.78243,1.00,1.50
2017.12.11 01:37:05.278,1.78216,1.78244,1.00,1.31
2017.12.11 01:37:09.602,1.78216,1.78243,1.00,1.50
2017.12.11 01:37:10.727,1.78216,1.78243,1.00,1.12
2017.12.11 01:37:11.525,1.78216,1.78243,1.00,2.25
2017.12.11 01:37:12.441,1.78216,1.78243,1.00,1.31
2017.12.11 01:37:14.420,1.78216,1.78243,1.00,1.31
2017.12.11 01:37:15.018,1.78216,1.78244,1.00,1.69
2017.12.11 01:37:15.688,1.78216,1.78243,1.00,1.31
2017.12.11 01:37:16.039,1.78216,1.78244,1.00,1.31
2017.12.11 01:37:16.630,1.78216,1.78243,1.00,1.50
2017.12.11 01:37:17.138,1.78216,1.78243,1.00,1.12
2017.12.11 01:37:17.639,1.78217,1.78243,1.00,1.19
2017.12.11 01:37:18.330,1.78217,1.78243,1.00,1.00
2017.12.11 01:37:18.989,1.78217,1.78243,1.00,1.19
2017.12.11 01:37:20.478,1.78217,1.78244,1.00,1.19
2017.12.11 01:37:23.912,1.78217,1.78243,1.12,1.19
2017.12.11 01:37:24.623,1.78217,1.78244,1.37,1.19
2017.12.11 01:37:25.903,1.78218,1.78246,1.37,1.00
2017.12.11 01:37:26.581,1.78218,1.78248,1.12,2.62
2017.12.11 01:37:30.831,1.78218,1.78246,1.87,1.25
2017.12.11 01:37:31.746,1.78218,1.78243,1.37,1.19
2017.12.11 01:37:34.264,1.78218,1.78244,1.12,1.19
2017.12.11 01:37:34.873,1.78218,1.78243,1.00,1.19
2017.12.11 01:37:37.971,1.78218,1.78244,1.00,1.19
2017.12.11 01:37:39.291,1.78218,1.78243,1.00,1.31
2017.12.11 01:37:43.989,1.78224,1.78249,1.37,1.19
2017.12.11 01:37:44.190,1.78232,1.78259,1.37,1.00
2017.12.11 01:37:44.343,1.78232,1.78261,1.37,1.12
2017.12.11 01:37:44.750,1.78237,1.78265,1.37,1.44
2017.12.11 01:37:44.852,1.78238,1.78267,1.00,2.25
2017.12.11 01:37:45.004,1.78242,1.78266,1.00,1.31
2017.12.11 01:37:45.280,1.78238,1.78265,1.37,1.25
2017.12.11 01:37:45.330,1.78244,1.78267,1.00,1.25
2017.12.11 01:37:45.639,1.78244,1.78265,1.00,1.37
2017.12.11 01:37:45.944,1.78244,1.78263,1.00,1.44
2017.12.11 01:37:45.995,1.78244,1.78264,1.00,2.06
2017.12.11 01:37:48.130,1.78234,1.78258,1.00,1.31
2017.12.11 01:37:48.181,1.78238,1.78257,1.00,1.19
2017.12.11 01:37:48.709,1.78238,1.78257,1.00,1.25
2017.12.11 01:37:49.239,1.78238,1.78255,1.00,1.00
2017.12.11 01:37:49.827,1.78238,1.78259,1.00,2.06
2017.12.11 01:37:49.878,1.78242,1.78259,1.00,1.00
2017.12.11 01:37:49.929,1.78242,1.78262,1.00,1.00
2017.12.11 01:37:50.625,1.78242,1.78262,1.00,1.56
2017.12.11 01:37:51.345,1.78242,1.78262,1.00,1.00
2017.12.11 01:37:51.447,1.78255,1.78265,1.00,1.00
2017.12.11 01:37:51.549,1.78255,1.78274,1.00,1.00
2017.12.11 01:37:51.701,1.78256,1.78276,1.00,1.12
2017.12.11 01:37:52.622,1.78256,1.78277,1.00,1.12
2017.12.11 01:37:53.129,1.78256,1.78276,1.00,1.12
2017.12.11 01:37:53.181,1.78255,1.78272,1.00,1.19
2017.12.11 01:37:53.233,1.78255,1.78272,1.00,1.25
2017.12.11 01:37:53.334,1.78255,1.78271,1.00,1.56
2017.12.11 01:37:54.016,1.78255,1.78271,1.00,1.69
2017.12.11 01:37:54.951,1.78255,1.7827,1.00,1.62
2017.12.11 01:37:57.320,1.78251,1.78272,1.00,2.06
2017.12.11 01:37:57.371,1.78256,1.78276,1.00,1.19
2017.12.11 01:37:57.473,1.78257,1.78282,1.00,2.06
2017.12.11 01:37:57.525,1.78263,1.78281,1.00,1.31
2017.12.11 01:37:57.779,1.78258,1.78282,1.00,2.25
2017.12.11 01:37:58.038,1.78257,1.78277,1.00,2.06
2017.12.11 01:37:58.346,1.78255,1.78271,1.00,1.87
2017.12.11 01:37:58.447,1.78255,1.78273,1.00,2.44
2017.12.11 01:37:58.849,1.78246,1.7827,1.00,1.37
2017.12.11 01:37:58.982,1.7825,1.78269,1.00,1.56
2017.12.11 01:37:59.527,1.7825,1.78269,1.00,1.00
2017.12.11 01:38:00.163,1.7825,1.78269,1.00,1.81
2017.12.11 01:38:00.715,1.7825,1.7827,1.00,1.50
2017.12.11 01:38:00.971,1.78234,1.78257,1.00,1.00
2017.12.11 01:38:01.023,1.78228,1.78257,1.37,1.00
2017.12.11 01:38:01.650,1.7823,1.78258,1.00,1.69
2017.12.11 01:38:01.702,1.78239,1.78259,1.00,1.12
2017.12.11 01:38:01.754,1.78239,1.78261,1.37,1.00
2017.12.11 01:38:01.806,1.78238,1.78265,1.00,1.25
2017.12.11 01:38:01.857,1.78238,1.78269,1.37,2.06
2017.12.11 01:38:01.908,1.78244,1.7827,1.00,1.25
2017.12.11 01:38:02.750,1.7825,1.78271,1.00,1.44
2017.12.11 01:38:03.344,1.7825,1.78272,1.00,1.12
2017.12.11 01:38:03.867,1.78249,1.78272,1.00,1.69
2017.12.11 01:38:04.780,1.78245,1.78274,1.37,1.75
2017.12.11 01:38:04.831,1.78245,1.78274,1.37,1.44
2017.12.11 01:38:05.248,1.78245,1.78274,1.37,1.37
2017.12.11 01:38:05.400,1.78257,1.78283,1.37,1.19
2017.12.11 01:38:05.451,1.78257,1.78284,1.37,1.50
2017.12.11 01:38:06.007,1.78263,1.78285,1.00,1.25
2017.12.11 01:38:06.110,1.78258,1.78284,1.00,1.12
2017.12.11 01:38:06.161,1.78258,1.78278,1.00,1.00
2017.12.11 01:38:06.466,1.78247,1.78266,1.00,1.31
2017.12.11 01:38:06.517,1.78234,1.78263,1.00,1.12
2017.12.11 01:38:06.619,1.78229,1.78263,1.56,1.69
2017.12.11 01:38:06.670,1.78235,1.78263,1.00,1.69
2017.12.11 01:38:07.237,1.78235,1.78263,1.00,2.44
2017.12.11 01:38:07.543,1.78249,1.78266,1.00,1.00
2017.12.11 01:38:07.593,1.78249,1.78269,1.00,1.37
2017.12.11 01:38:07.645,1.78249,1.78274,1.00,1.75
2017.12.11 01:38:07.696,1.78255,1.78274,1.00,1.12
2017.12.11 01:38:07.950,1.78255,1.78276,1.00,1.00
2017.12.11 01:38:08.001,1.78253,1.78278,1.00,1.12
2017.12.11 01:38:08.052,1.78258,1.78279,1.00,1.87
2017.12.11 01:38:09.580,1.78258,1.78282,1.00,2.81
2017.12.11 01:38:09.632,1.78265,1.78286,1.00,1.19
2017.12.11 01:38:09.829,1.78265,1.7829,1.00,1.19
2017.12.11 01:38:09.880,1.78269,1.7829,1.00,1.19
2017.12.11 01:38:09.932,1.78267,1.7829,1.00,1.00
2017.12.11 01:38:10.661,1.78267,1.78289,1.00,1.19
2017.12.11 01:38:10.920,1.78267,1.78293,1.00,1.87
2017.12.11 01:38:11.609,1.78267,1.78292,1.00,1.69
2017.12.11 01:38:12.373,1.78264,1.78279,1.00,1.25
2017.12.11 01:38:12.474,1.78261,1.78279,1.00,1.69
2017.12.11 01:38:12.525,1.78256,1.78279,1.00,1.31
2017.12.11 01:38:12.577,1.78244,1.78279,1.37,1.31
2017.12.11 01:38:13.209,1.78244,1.78279,1.37,2.06
2017.12.11 01:38:13.310,1.78244,1.78279,1.62,1.50
2017.12.11 01:38:13.617,1.78254,1.78277,1.00,1.00
2017.12.11 01:38:14.537,1.78254,1.78278,1.00,1.87
2017.12.11 01:38:15.087,1.78254,1.78276,1.00,1.50
2017.12.11 01:38:15.814,1.78247,1.78272,1.00,1.00
2017.12.11 01:38:15.917,1.78253,1.7827,1.00,1.62
2017.12.11 01:38:15.968,1.78245,1.7827,1.00,1.37
2017.12.11 01:38:16.071,1.78245,1.78272,1.00,1.31
2017.12.11 01:38:16.326,1.78247,1.78274,1.00,1.00
2017.12.11 01:38:16.377,1.78247,1.78277,1.00,1.69
2017.12.11 01:38:16.581,1.78249,1.78278,1.00,2.44
2017.12.11 01:38:16.834,1.78245,1.78276,1.37,1.00
2017.12.11 01:38:17.142,1.78247,1.78278,1.37,1.31
2017.12.11 01:38:17.769,1.78247,1.78277,1.37,1.12
2017.12.11 01:38:18.598,1.78247,1.78279,1.37,1.12
2017.12.11 01:38:18.649,1.78251,1.78283,1.37,2.06
2017.12.11 01:38:18.852,1.78247,1.78279,1.37,1.00
2017.12.11 01:38:18.903,1.78252,1.78279,1.00,1.50
2017.12.11 01:38:19.004,1.78247,1.78278,1.37,1.50
2017.12.11 01:38:19.826,1.7825,1.78279,1.00,2.06
2017.12.11 01:38:20.580,1.7825,1.7828,1.12,2.25
2017.12.11 01:38:22.569,1.7825,1.78279,1.00,1.81
2017.12.11 01:38:22.671,1.78257,1.78283,1.12,2.44
2017.12.11 01:38:22.991,1.78258,1.78286,1.37,1.69
2017.12.11 01:38:24.260,1.78259,1.78284,1.00,1.50
2017.12.11 01:38:24.594,1.78262,1.78279,1.00,1.00
2017.12.11 01:38:24.645,1.78248,1.78282,1.37,1.56
2017.12.11 01:38:24.713,1.78258,1.78283,1.00,1.81
2017.12.11 01:38:24.764,1.78246,1.78278,1.37,1.50
2017.12.11 01:38:24.815,1.78251,1.78278,1.00,1.50
2017.12.11 01:38:24.866,1.78247,1.78278,1.37,1.50
2017.12.11 01:38:25.069,1.78251,1.78279,1.00,1.50
2017.12.11 01:38:25.812,1.78251,1.78278,1.00,1.69
2017.12.11 01:38:26.356,1.78251,1.78276,1.00,1.00
2017.12.11 01:38:26.542,1.78246,1.78276,1.37,1.00
2017.12.11 01:38:27.152,1.78246,1.78277,1.37,1.00
2017.12.11 01:38:27.831,1.78246,1.78276,1.37,1.00
2017.12.11 01:38:29.564,1.78254,1.78278,1.37,1.44
2017.12.11 01:38:29.717,1.78263,1.78288,1.12,1.00
2017.12.11 01:38:29.768,1.78263,1.78288,1.37,1.00
2017.12.11 01:38:29.819,1.78263,1.78293,1.37,1.69
2017.12.11 01:38:29.870,1.78263,1.78293,1.37,1.19
2017.12.11 01:38:30.453,1.78264,1.78292,1.37,1.00
2017.12.11 01:38:31.049,1.78264,1.78293,1.37,1.25
2017.12.11 01:38:31.354,1.78273,1.78295,1.37,1.00
2017.12.11 01:38:31.650,1.78273,1.78299,1.37,1.62
2017.12.11 01:38:31.701,1.78273,1.78302,1.37,1.00
2017.12.11 01:38:32.209,1.78276,1.78297,1.00,1.00
2017.12.11 01:38:32.513,1.78272,1.78297,1.37,1.25
2017.12.11 01:38:34.473,1.78272,1.78299,1.37,1.44
2017.12.11 01:38:35.949,1.78272,1.78299,1.37,1.25
2017.12.11 01:38:36.152,1.78276,1.78298,1.00,1.25
2017.12.11 01:38:36.697,1.78276,1.78298,1.00,1.19
2017.12.11 01:38:37.138,1.78276,1.78299,1.00,1.25
2017.12.11 01:38:38.276,1.78276,1.78293,1.00,1.00
2017.12.11 01:38:38.820,1.78276,1.78292,1.00,1.00
2017.12.11 01:38:39.093,1.78276,1.78295,1.00,1.12
2017.12.11 01:38:39.419,1.78276,1.78297,1.00,1.31
2017.12.11 01:38:39.525,1.78276,1.78297,1.00,2.81
2017.12.11 01:38:39.629,1.78272,1.78297,1.37,1.44
2017.12.11 01:38:39.681,1.78263,1.78297,2.25,1.25
2017.12.11 01:38:39.732,1.7827,1.78297,1.37,1.25
2017.12.11 01:38:39.783,1.7827,1.78297,1.37,1.25
2017.12.11 01:38:40.123,1.7827,1.78297,1.00,1.12
2017.12.11 01:38:40.590,1.78273,1.783,1.37,1.25
2017.12.11 01:38:40.641,1.78277,1.78306,1.37,1.12
2017.12.11 01:38:40.743,1.78281,1.78308,1.00,1.19
2017.12.11 01:38:40.942,1.78281,1.78309,1.12,1.25
2017.12.11 01:38:41.247,1.78281,1.78307,1.00,1.19
2017.12.11 01:38:41.556,1.78281,1.78311,1.87,1.81
2017.12.11 01:38:41.607,1.7828,1.78313,1.37,1.87
2017.12.11 01:38:41.810,1.78281,1.78312,1.37,1.56
2017.12.11 01:38:42.014,1.78278,1.78307,1.12,1.31
2017.12.11 01:38:42.065,1.7828,1.7831,1.37,1.31
2017.12.11 01:38:42.604,1.78281,1.78313,1.12,1.87
2017.12.11 01:38:43.213,1.78281,1.78312,1.37,1.81
2017.12.11 01:38:43.534,1.78281,1.78313,1.37,1.00
2017.12.11 01:38:44.392,1.78281,1.78315,1.62,1.31
2017.12.11 01:38:44.840,1.78281,1.78315,2.06,1.62
2017.12.11 01:38:45.173,1.78281,1.78316,1.37,1.81
2017.12.11 01:38:48.473,1.78288,1.7832,1.37,1.31
2017.12.11 01:38:48.978,1.78287,1.78321,1.56,1.00
2017.12.11 01:38:50.879,1.78288,1.78321,1.37,1.25
2017.12.11 01:38:51.668,1.78287,1.78321,1.56,1.00
2017.12.11 01:38:51.923,1.78268,1.78304,1.62,1.50
2017.12.11 01:38:52.280,1.7827,1.78303,1.62,1.00
2017.12.11 01:38:52.588,1.78273,1.78305,1.62,1.00
2017.12.11 01:38:53.177,1.78273,1.78305,1.56,1.00
2017.12.11 01:38:54.228,1.78273,1.78305,1.62,1.00
2017.12.11 01:38:54.992,1.78273,1.78305,1.56,1.00
2017.12.11 01:38:56.139,1.78273,1.78305,1.62,1.00
2017.12.11 01:38:56.612,1.78273,1.78301,1.12,1.00
2017.12.11 01:38:56.663,1.7827,1.78301,1.56,1.00
2017.12.11 01:38:56.815,1.78266,1.78301,2.06,1.00
2017.12.11 01:38:58.056,1.78265,1.78303,3.94,1.25
2017.12.11 01:38:59.180,1.78266,1.78304,1.56,1.00
2017.12.11 01:38:59.878,1.78266,1.78303,1.75,1.00
2017.12.11 01:39:00.809,1.78267,1.78301,1.81,1.12
2017.12.11 01:39:00.910,1.78265,1.78301,2.81,1.37
2017.12.11 01:39:01.292,1.78269,1.78303,1.37,1.69
2017.12.11 01:39:01.445,1.7827,1.78299,1.37,1.25
2017.12.11 01:39:01.546,1.78264,1.78299,1.62,1.37
2017.12.11 01:39:01.882,1.78264,1.78299,1.56,2.62
2017.12.11 01:39:02.092,1.78264,1.78299,1.56,2.62
2017.12.11 01:39:02.143,1.78264,1.78298,1.37,1.12
2017.12.11 01:39:02.195,1.78263,1.78296,1.56,1.00
2017.12.11 01:39:02.246,1.78268,1.783,1.37,1.69
2017.12.11 01:39:02.499,1.78269,1.783,1.37,1.62
2017.12.11 01:39:02.651,1.78269,1.78301,1.62,1.87
2017.12.11 01:39:02.702,1.78269,1.78298,1.62,1.00
2017.12.11 01:39:03.087,1.78269,1.78298,1.56,1.00
2017.12.11 01:39:03.155,1.78269,1.78302,2.06,1.00
2017.12.11 01:39:03.207,1.78271,1.78306,1.52,1.31
2017.12.11 01:39:03.258,1.78273,1.78306,1.37,1.00
2017.12.11 01:39:03.309,1.78273,1.78309,1.75,1.44
2017.12.11 01:39:03.766,1.7828,1.78309,1.37,1.00
2017.12.11 01:39:04.129,1.7828,1.78309,1.62,1.00
2017.12.11 01:39:04.180,1.78281,1.78311,1.37,1.00
2017.12.11 01:39:04.550,1.78281,1.78311,1.37,1.00
2017.12.11 01:39:05.235,1.7828,1.78311,1.37,1.00
2017.12.11 01:39:07.738,1.7828,1.78311,1.62,1.00
2017.12.11 01:39:07.965,1.78281,1.78316,1.37,2.06
2017.12.11 01:39:08.017,1.78292,1.78317,1.56,1.00
2017.12.11 01:39:08.069,1.78293,1.78322,1.37,1.00
2017.12.11 01:39:08.171,1.78297,1.78327,1.37,3.19
2017.12.11 01:39:08.631,1.78292,1.78322,1.56,1.00
2017.12.11 01:39:08.950,1.78292,1.78322,1.37,1.00
2017.12.11 01:39:09.052,1.78288,1.78322,1.69,1.00
2017.12.11 01:39:09.314,1.78287,1.78324,1.81,1.25
2017.12.11 01:39:09.848,1.78287,1.78323,1.81,1.00
2017.12.11 01:39:10.358,1.78288,1.78323,1.56,1.69
2017.12.11 01:39:11.707,1.78288,1.78323,1.56,1.00
2017.12.11 01:39:14.710,1.78287,1.78323,1.81,1.00
2017.12.11 01:39:15.461,1.78288,1.78323,1.56,1.00
2017.12.11 01:39:18.151,1.78291,1.78323,1.37,1.00
2017.12.11 01:39:18.202,1.78286,1.78319,2.06,1.00
2017.12.11 01:39:18.253,1.78288,1.78319,1.75,1.00
2017.12.11 01:39:18.304,1.78287,1.78322,1.75,1.00
2017.12.11 01:39:18.867,1.78288,1.78322,1.56,1.00
2017.12.11 01:39:19.380,1.78287,1.78322,1.56,1.00
2017.12.11 01:39:19.891,1.78288,1.78322,1.56,1.00
2017.12.11 01:39:20.708,1.78288,1.78323,1.94,1.00
2017.12.11 01:39:20.811,1.78288,1.78323,1.75,1.00
2017.12.11 01:39:20.863,1.78288,1.78327,1.75,1.56
2017.12.11 01:39:21.426,1.78288,1.78324,1.56,1.00
2017.12.11 01:39:22.086,1.78294,1.78323,1.37,1.00
2017.12.11 01:39:22.657,1.78294,1.78324,1.12,1.00
2017.12.11 01:39:24.165,1.78294,1.78323,1.56,1.00
2017.12.11 01:39:24.764,1.78297,1.78328,1.37,2.06
2017.12.11 01:39:24.815,1.78306,1.78333,1.00,2.06
2017.12.11 01:39:24.866,1.78304,1.78334,1.37,1.00
2017.12.11 01:39:24.917,1.7831,1.78336,1.00,1.00
2017.12.11 01:39:25.019,1.78307,1.78338,1.37,1.50
2017.12.11 01:39:28.316,1.78305,1.78339,1.56,1.00
2017.12.11 01:39:28.367,1.78306,1.78338,1.37,1.00
2017.12.11 01:39:29.560,1.78305,1.78339,1.56,1.00
2017.12.11 01:39:30.386,1.78306,1.78338,1.56,1.00
2017.12.11 01:39:30.764,1.78304,1.78339,1.37,1.50
2017.12.11 01:39:31.979,1.78302,1.78337,1.37,1.50
2017.12.11 01:39:32.073,1.783,1.78331,2.06,1.00
2017.12.11 01:39:32.124,1.78293,1.7833,1.37,2.06
2017.12.11 01:39:32.226,1.78293,1.78328,1.87,1.37
2017.12.11 01:39:32.429,1.78295,1.78329,1.37,1.69
2017.12.11 01:39:33.116,1.78295,1.78328,1.62,1.69
2017.12.11 01:39:33.167,1.78292,1.7833,2.06,1.25
2017.12.11 01:39:33.269,1.78294,1.78329,1.37,1.56
2017.12.11 01:39:33.588,1.78293,1.78329,1.37,1.81
2017.12.11 01:39:34.217,1.78292,1.78329,2.06,2.25
2017.12.11 01:39:35.015,1.78292,1.78329,2.06,2.25
2017.12.11 01:39:35.528,1.78293,1.78328,1.56,2.06
2017.12.11 01:39:36.079,1.78292,1.78329,1.56,2.25
2017.12.11 01:39:36.704,1.78292,1.78327,1.56,1.69
2017.12.11 01:39:37.022,1.78292,1.78327,1.56,1.69
2017.12.11 01:39:38.235,1.78293,1.78327,1.37,1.00
2017.12.11 01:39:39.384,1.78295,1.78328,1.37,1.50
2017.12.11 01:39:39.688,1.78295,1.78329,1.37,2.06
2017.12.11 01:39:42.374,1.78295,1.78327,1.37,1.69
2017.12.11 01:39:42.425,1.78295,1.78327,1.37,1.31
2017.12.11 01:39:42.578,1.78303,1.78332,1.00,1.69
2017.12.11 01:39:42.629,1.78303,1.78332,1.37,2.00
2017.12.11 01:39:42.680,1.78303,1.78327,1.00,1.00
2017.12.11 01:39:42.847,1.78299,1.78327,1.37,1.00
2017.12.11 01:39:43.160,1.78295,1.78328,1.37,1.12
2017.12.11 01:39:43.850,1.78295,1.78328,1.62,1.50
2017.12.11 01:39:44.221,1.78295,1.7833,1.37,2.06
2017.12.11 01:39:44.428,1.78303,1.78331,1.00,1.00
2017.12.11 01:39:44.530,1.78298,1.78331,1.37,1.37
2017.12.11 01:39:44.733,1.78298,1.78331,1.37,2.06
2017.12.11 01:39:44.835,1.78293,1.78325,1.37,1.00
2017.12.11 01:39:45.400,1.78293,1.78326,1.56,1.00
2017.12.11 01:39:46.348,1.78293,1.78329,1.56,1.94
2017.12.11 01:39:46.450,1.78293,1.78329,1.37,2.44
2017.12.11 01:39:46.501,1.78293,1.78328,1.37,1.62
2017.12.11 01:39:47.009,1.78293,1.78328,1.81,1.12
2017.12.11 01:39:47.618,1.78293,1.78327,1.56,1.12
2017.12.11 01:39:49.512,1.78293,1.78329,1.62,2.44
2017.12.11 01:39:50.038,1.78294,1.78329,1.62,2.25
2017.12.11 01:39:50.627,1.78297,1.78329,1.37,1.69
2017.12.11 01:39:53.269,1.78297,1.78328,1.37,1.31
2017.12.11 01:39:53.998,1.78297,1.78328,1.37,2.81
2017.12.11 01:39:54.150,1.78292,1.78327,1.37,2.44
2017.12.11 01:39:56.118,1.78292,1.78327,1.37,1.69
2017.12.11 01:39:56.670,1.78292,1.78328,1.62,2.11
2017.12.11 01:39:57.950,1.78292,1.78327,1.56,1.87
2017.12.11 01:39:59.302,1.78292,1.78328,1.62,3.42
2017.12.11 01:39:59.646,1.78301,1.78332,1.37,1.92
2017.12.11 01:39:59.697,1.78301,1.78329,1.00,1.00
2017.12.11 01:39:59.806,1.78297,1.78331,1.00,1.75
2017.12.11 01:39:59.858,1.783,1.78331,1.12,1.50
2017.12.11 01:40:00.164,1.78297,1.78328,1.00,1.69
2017.12.11 01:40:00.215,1.78293,1.78328,1.37,1.69
2017.12.11 01:40:00.316,1.78299,1.78328,1.00,2.44
2017.12.11 01:40:00.849,1.78299,1.78328,1.00,2.44
2017.12.11 01:40:01.184,1.78293,1.78328,1.31,2.44
2017.12.11 01:40:01.489,1.78293,1.78327,1.37,1.69
2017.12.11 01:40:01.839,1.78293,1.78327,1.37,1.56
2017.12.11 01:40:02.370,1.78288,1.78324,2.06,1.50
2017.12.11 01:40:02.522,1.78279,1.78316,2.06,1.12
2017.12.11 01:40:02.573,1.78276,1.78313,3.19,1.00
2017.12.11 01:40:03.120,1.78277,1.78313,1.56,1.12
2017.12.11 01:40:03.926,1.78276,1.78313,3.00,1.00
2017.12.11 01:40:04.487,1.78276,1.78313,2.25,1.31
2017.12.11 01:40:04.822,1.78276,1.78313,3.00,1.25
2017.12.11 01:40:04.924,1.78277,1.78308,1.37,1.00
2017.12.11 01:40:05.076,1.78273,1.78305,1.37,1.25
2017.12.11 01:40:05.150,1.78273,1.78305,1.31,1.37
2017.12.11 01:40:05.203,1.78273,1.78305,1.62,1.00
2017.12.11 01:40:05.304,1.78273,1.78305,1.56,1.00
2017.12.11 01:40:05.458,1.78273,1.78305,1.37,1.00
2017.12.11 01:40:05.762,1.78273,1.78305,1.56,1.00
2017.12.11 01:40:05.914,1.78273,1.78305,1.37,1.00
2017.12.11 01:40:06.461,1.78273,1.78305,1.56,1.00
2017.12.11 01:40:06.562,1.78273,1.78305,1.62,1.00
2017.12.11 01:40:08.511,1.78274,1.78309,1.56,1.12
2017.12.11 01:40:09.122,1.78274,1.7831,1.56,1.87
2017.12.11 01:40:09.502,1.78272,1.78309,1.56,2.06
2017.12.11 01:40:10.031,1.78276,1.78308,1.37,1.00
2017.12.11 01:40:12.061,1.78272,1.78309,1.56,1.25
2017.12.11 01:40:12.163,1.78272,1.78309,2.06,1.62
2017.12.11 01:40:17.477,1.78275,1.78309,1.37,1.12
2017.12.11 01:40:17.862,1.78272,1.78308,1.50,1.37
2017.12.11 01:40:17.914,1.78269,1.78297,1.37,1.00
2017.12.11 01:40:17.966,1.78268,1.78299,1.00,1.37
2017.12.11 01:40:18.018,1.78268,1.78297,1.12,1.12
2017.12.11 01:40:18.070,1.78268,1.78297,1.37,1.00
2017.12.11 01:40:18.121,1.78268,1.78303,1.50,1.25
2017.12.11 01:40:18.172,1.78268,1.78303,2.25,1.37
2017.12.11 01:40:18.426,1.7827,1.78307,1.12,1.50
2017.12.11 01:40:18.804,1.78268,1.78298,1.00,1.37
2017.12.11 01:40:19.028,1.78266,1.78298,1.00,1.37
2017.12.11 01:40:19.538,1.78267,1.78296,1.12,1.12
2017.12.11 01:40:22.446,1.78267,1.78296,1.37,1.00
2017.12.11 01:40:22.567,1.78267,1.78296,1.00,2.06
2017.12.11 01:40:23.239,1.78268,1.78297,1.00,1.00
2017.12.11 01:40:23.639,1.78268,1.78297,1.37,1.00
2017.12.11 01:40:23.792,1.78268,1.78297,1.12,1.00
2017.12.11 01:40:25.214,1.78268,1.78297,1.00,1.37
2017.12.11 01:40:27.486,1.78262,1.78299,1.81,1.25
2017.12.11 01:40:27.538,1.78266,1.78297,1.37,1.37
2017.12.11 01:40:27.850,1.7827,1.78301,1.37,1.00
2017.12.11 01:40:29.395,1.7827,1.78301,1.87,1.00
2017.12.11 01:40:30.492,1.78267,1.78298,2.44,1.12
2017.12.11 01:40:30.594,1.78267,1.78298,1.12,1.62
2017.12.11 01:40:30.848,1.78269,1.78303,1.37,1.50
2017.12.11 01:40:31.397,1.7827,1.78303,1.87,1.50
2017.12.11 01:40:31.600,1.7827,1.78303,2.06,1.25
2017.12.11 01:40:32.124,1.7827,1.78304,1.37,1.00
2017.12.11 01:40:32.888,1.7827,1.78305,2.06,1.12
2017.12.11 01:40:33.677,1.7827,1.78306,2.06,1.81
2017.12.11 01:40:34.208,1.7827,1.78306,2.06,1.81
2017.12.11 01:40:36.738,1.7827,1.78306,1.56,2.00
2017.12.11 01:40:37.356,1.7827,1.78307,2.06,3.19
2017.12.11 01:40:39.306,1.7827,1.78306,1.56,2.00
2017.12.11 01:40:42.518,1.7827,1.78304,1.62,1.37
2017.12.11 01:40:44.390,1.7827,1.78303,1.56,1.37
2017.12.11 01:40:48.566,1.7827,1.78304,1.37,1.00
2017.12.11 01:40:49.591,1.78268,1.78297,1.00,1.37
2017.12.11 01:40:49.642,1.78265,1.78297,1.00,1.62
2017.12.11 01:40:49.693,1.78262,1.78296,1.37,2.81
2017.12.11 01:40:50.657,1.78258,1.78293,1.75,1.12
2017.12.11 01:40:51.970,1.78257,1.78293,1.94,2.62
2017.12.11 01:40:59.471,1.78258,1.78293,1.75,1.50
2017.12.11 01:41:01.240,1.78257,1.78293,1.56,2.44
2017.12.11 01:41:06.525,1.78258,1.78293,1.37,1.69
2017.12.11 01:41:12.418,1.78258,1.78293,1.37,2.44
2017.12.11 01:41:13.224,1.78258,1.78293,1.37,1.12
2017.12.11 01:41:14.449,1.78258,1.78293,1.37,2.44
2017.12.11 01:41:16.689,1.78257,1.78293,1.87,1.00
2017.12.11 01:41:20.234,1.78258,1.78293,1.37,2.06
2017.12.11 01:41:30.263,1.78258,1.78293,1.37,1.37
2017.12.11 01:41:31.761,1.78258,1.78293,1.37,1.00
2017.12.11 01:41:32.754,1.78258,1.78293,1.37,1.31
2017.12.11 01:41:33.056,1.7826,1.78293,1.62,1.00
2017.12.11 01:41:33.563,1.7826,1.78293,1.62,1.00
2017.12.11 01:41:35.606,1.7826,1.78293,1.37,1.00
2017.12.11 01:41:36.916,1.7826,1.78293,1.37,1.00
2017.12.11 01:41:37.554,1.7826,1.78293,1.37,1.31
2017.12.11 01:41:41.998,1.7826,1.78291,1.37,1.00
2017.12.11 01:41:42.049,1.7826,1.78291,1.00,1.37
2017.12.11 01:41:42.100,1.78256,1.78291,1.37,1.62
2017.12.11 01:41:42.202,1.78256,1.7829,1.62,1.62
2017.12.11 01:41:43.258,1.78256,1.78291,1.37,2.25
2017.12.11 01:41:43.835,1.78256,1.78289,1.37,2.00
2017.12.11 01:41:44.605,1.78256,1.7829,1.37,2.44
2017.12.11 01:41:47.137,1.78252,1.78288,1.56,1.81
2017.12.11 01:41:47.543,1.78257,1.78291,1.00,2.48
2017.12.11 01:41:48.047,1.78257,1.78291,1.00,1.56
2017.12.11 01:41:48.353,1.78264,1.78299,1.69,1.37
2017.12.11 01:41:48.877,1.78264,1.783,1.12,1.50
2017.12.11 01:41:49.346,1.78264,1.78299,1.69,1.62
2017.12.11 01:41:49.866,1.78265,1.783,1.25,1.37
2017.12.11 01:41:50.994,1.78265,1.78299,1.50,1.37
2017.12.11 01:41:52.062,1.78265,1.783,1.37,1.37
2017.12.11 01:41:52.526,1.78265,1.78299,1.75,1.37
2017.12.11 01:41:53.268,1.78265,1.783,1.75,1.00
2017.12.11 01:41:53.656,1.78265,1.783,1.75,1.37
2017.12.11 01:41:54.158,1.78265,1.78299,1.75,1.37
2017.12.11 01:41:54.870,1.78265,1.783,1.75,1.62
2017.12.11 01:41:54.921,1.78265,1.783,1.56,1.37
2017.12.11 01:41:55.478,1.78265,1.783,1.62,1.50
2017.12.11 01:41:55.798,1.78257,1.78291,1.62,1.56
2017.12.11 01:41:56.355,1.78253,1.78292,1.62,2.25
2017.12.11 01:41:56.862,1.78257,1.78288,1.37,1.25
2017.12.11 01:41:57.376,1.78252,1.78289,2.25,1.12
2017.12.11 01:41:57.886,1.78252,1.78286,2.06,1.44
2017.12.11 01:41:59.034,1.78252,1.78286,2.06,1.25
2017.12.11 01:41:59.538,1.78252,1.78285,2.06,1.19
2017.12.11 01:42:01.142,1.78252,1.78287,1.87,1.81
2017.12.11 01:42:02.019,1.78252,1.78286,1.56,1.56
2017.12.11 01:42:02.546,1.78252,1.78288,1.62,2.00
2017.12.11 01:42:03.402,1.78252,1.78286,1.37,1.50
2017.12.11 01:42:08.076,1.78252,1.78285,1.37,1.25
2017.12.11 01:42:09.668,1.78252,1.78286,1.37,1.25
2017.12.11 01:42:10.337,1.78252,1.78286,1.37,1.00
2017.12.11 01:42:12.554,1.78252,1.78287,1.37,1.00
2017.12.11 01:42:13.333,1.78252,1.78286,1.37,1.00
2017.12.11 01:42:14.072,1.78252,1.78287,1.37,1.00
2017.12.11 01:42:14.655,1.78252,1.78286,1.37,1.00
2017.12.11 01:42:15.189,1.78252,1.78287,1.37,1.00
2017.12.11 01:42:16.028,1.78252,1.78286,1.37,1.00
2017.12.11 01:42:16.506,1.78252,1.78288,1.37,1.75
2017.12.11 01:42:17.972,1.78252,1.78287,1.37,2.25
2017.12.11 01:42:18.517,1.78252,1.78286,1.37,1.50
2017.12.11 01:42:19.040,1.78248,1.78285,2.44,1.56
2017.12.11 01:42:20.208,1.78247,1.78283,1.56,1.62
2017.12.11 01:42:21.137,1.78247,1.78282,1.62,1.62
2017.12.11 01:42:21.914,1.78247,1.78283,1.56,1.56
2017.12.11 01:42:27.205,1.78246,1.78282,1.12,1.56
2017.12.11 01:42:27.524,1.78245,1.78276,1.69,1.37
2017.12.11 01:42:29.307,1.78245,1.78277,1.00,1.69
2017.12.11 01:42:29.838,1.78245,1.78276,1.00,1.62
2017.12.11 01:42:32.670,1.78243,1.78275,1.00,2.81
2017.12.11 01:42:32.747,1.78241,1.7827,1.00,1.37
2017.12.11 01:42:32.798,1.78237,1.78268,1.00,1.37
2017.12.11 01:42:32.849,1.78237,1.78265,1.00,1.37
2017.12.11 01:42:32.900,1.78228,1.78265,1.37,2.06
2017.12.11 01:42:33.206,1.78225,1.78263,1.75,1.81
2017.12.11 01:42:34.478,1.78225,1.78263,1.81,1.56
2017.12.11 01:42:41.757,1.78225,1.78261,1.69,1.50
2017.12.11 01:42:42.382,1.78225,1.78262,1.56,1.50
2017.12.11 01:42:43.092,1.78225,1.78262,1.81,1.56
2017.12.11 01:42:43.621,1.78225,1.78263,1.75,2.44
2017.12.11 01:42:44.062,1.78225,1.78263,2.00,1.87
2017.12.11 01:42:44.567,1.78226,1.78264,2.44,1.81
2017.12.11 01:42:45.069,1.78226,1.78265,1.69,2.06
2017.12.11 01:42:47.296,1.78226,1.78264,2.44,1.81
2017.12.11 01:42:47.347,1.78226,1.78266,1.69,1.44
2017.12.11 01:42:47.871,1.78226,1.78266,2.44,4.12
2017.12.11 01:42:48.263,1.78226,1.78264,1.87,1.44
2017.12.11 01:42:48.878,1.78226,1.78266,1.50,3.37
2017.12.11 01:42:49.396,1.78226,1.78266,1.69,3.37
2017.12.11 01:42:49.670,1.78226,1.78266,1.69,3.00
2017.12.11 01:42:51.172,1.78226,1.78264,2.06,1.19
2017.12.11 01:42:51.273,1.78226,1.78265,1.56,1.50
2017.12.11 01:42:51.860,1.78226,1.78264,1.69,1.69
2017.12.11 01:42:52.287,1.78228,1.78263,1.81,1.00
2017.12.11 01:42:53.209,1.78227,1.78265,1.75,1.31
2017.12.11 01:42:53.988,1.78226,1.78266,2.25,2.06
2017.12.11 01:42:55.096,1.78226,1.78265,2.25,1.00
2017.12.11 01:42:56.526,1.78227,1.78265,1.56,1.62
2017.12.11 01:42:59.762,1.78227,1.78266,1.62,3.19
2017.12.11 01:43:01.406,1.78227,1.78264,1.62,1.19
2017.12.11 01:43:01.914,1.78227,1.78265,1.87,3.19
2017.12.11 01:43:02.532,1.78228,1.78265,1.37,1.31
2017.12.11 01:43:03.230,1.78228,1.78264,1.37,1.00
2017.12.11 01:43:03.893,1.78228,1.78265,1.37,1.87
2017.12.11 01:43:10.090,1.78228,1.78263,1.37,1.19
2017.12.11 01:43:10.192,1.78228,1.78263,1.37,2.06
2017.12.11 01:43:10.294,1.78228,1.78263,1.37,1.19
2017.12.11 01:43:10.804,1.78226,1.78262,1.81,1.19
2017.12.11 01:43:11.162,1.78226,1.78264,1.50,1.69
2017.12.11 01:43:11.764,1.78224,1.78263,2.06,1.75
2017.12.11 01:43:13.162,1.78224,1.78263,1.37,1.94
2017.12.11 01:43:14.195,1.78224,1.78261,1.12,1.69
2017.12.11 01:43:14.710,1.78224,1.78261,1.37,1.31
2017.12.11 01:43:15.688,1.78224,1.78261,1.12,2.44
2017.12.11 01:43:16.226,1.78224,1.78259,1.69,1.31
2017.12.11 01:43:17.375,1.78224,1.78259,1.62,1.62
2017.12.11 01:43:17.527,1.78223,1.78259,1.69,1.25
2017.12.11 01:43:17.578,1.78223,1.78258,1.94,1.19
2017.12.11 01:43:17.781,1.78223,1.78259,1.69,1.12
2017.12.11 01:43:17.944,1.78223,1.78257,2.06,1.00
2017.12.11 01:43:27.224,1.78223,1.78257,1.62,1.25
2017.12.11 01:43:27.738,1.78224,1.78258,1.62,1.12
2017.12.11 01:43:29.731,1.78224,1.78257,1.56,1.12
2017.12.11 01:43:30.391,1.78224,1.78258,1.62,1.12
2017.12.11 01:43:32.318,1.78223,1.78257,2.06,1.31
2017.12.11 01:43:34.392,1.78224,1.78258,1.62,2.25
2017.12.11 01:43:37.909,1.78223,1.78257,1.56,1.25
2017.12.11 01:43:38.264,1.78224,1.78257,1.62,1.50
2017.12.11 01:43:38.748,1.78224,1.78258,1.62,2.25
2017.12.11 01:43:39.632,1.7822,1.78257,3.19,2.44
2017.12.11 01:43:47.668,1.7822,1.78256,3.19,1.62
2017.12.11 01:43:50.808,1.7822,1.78256,3.19,1.31
2017.12.11 01:43:52.612,1.7822,1.78256,3.19,1.62
2017.12.11 01:43:54.022,1.7822,1.78256,3.19,1.62
2017.12.11 01:43:55.346,1.7822,1.78257,2.44,1.62
2017.12.11 01:43:58.903,1.7822,1.78257,3.19,1.62
2017.12.11 01:43:59.441,1.7822,1.78257,3.19,2.44
2017.12.11 01:43:59.960,1.7822,1.78257,3.19,1.44
2017.12.11 01:44:00.641,1.7822,1.78256,2.44,1.12
2017.12.11 01:44:01.336,1.7822,1.78256,2.06,1.25
2017.12.11 01:44:02.822,1.78221,1.78256,1.37,1.37
2017.12.11 01:44:04.007,1.7822,1.78253,1.37,1.56
2017.12.11 01:44:04.311,1.78218,1.78254,1.37,1.62
2017.12.11 01:44:04.824,1.78218,1.78254,1.56,1.69
2017.12.11 01:44:05.325,1.78218,1.78254,1.62,1.62
2017.12.11 01:44:06.098,1.78218,1.78254,1.56,1.12
2017.12.11 01:44:07.674,1.78218,1.78254,1.81,1.12
2017.12.11 01:44:08.307,1.78218,1.78254,1.87,1.62
2017.12.11 01:44:12.615,1.78218,1.78254,1.87,1.12
2017.12.11 01:44:14.195,1.78218,1.78254,1.87,1.44
2017.12.11 01:44:15.425,1.78218,1.78254,1.56,2.06
2017.12.11 01:44:15.802,1.78218,1.78253,1.56,1.75
2017.12.11 01:44:16.561,1.78218,1.78253,1.56,1.50
2017.12.11 01:44:17.118,1.78218,1.78253,1.56,1.75
2017.12.11 01:44:17.630,1.78218,1.78253,1.56,1.50
2017.12.11 01:44:18.209,1.78218,1.78253,1.56,1.75
2017.12.11 01:44:19.807,1.78218,1.78251,1.56,1.25
2017.12.11 01:44:26.597,1.78218,1.78252,1.62,1.50
2017.12.11 01:44:26.699,1.78218,1.78252,1.37,1.12
2017.12.11 01:44:28.193,1.78218,1.78254,1.81,2.44
2017.12.11 01:44:28.710,1.78218,1.78253,1.94,1.19
2017.12.11 01:44:29.055,1.7822,1.78254,1.50,1.00
2017.12.11 01:44:29.106,1.78227,1.7826,1.12,1.37
2017.12.11 01:44:29.665,1.78227,1.78257,1.37,1.12
2017.12.11 01:44:32.036,1.78227,1.78261,1.31,1.37
2017.12.11 01:44:34.042,1.78227,1.78261,1.56,1.37
2017.12.11 01:44:36.054,1.78227,1.78261,1.81,1.37
2017.12.11 01:44:38.592,1.78227,1.78262,1.75,1.87
2017.12.11 01:44:40.218,1.78227,1.78261,2.00,1.37
2017.12.11 01:44:41.274,1.78227,1.78262,1.81,2.62
2017.12.11 01:44:42.953,1.78228,1.78264,1.12,2.00
2017.12.11 01:44:43.709,1.78227,1.78264,1.12,2.06
2017.12.11 01:44:44.318,1.78227,1.78263,1.12,1.62
2017.12.11 01:44:44.981,1.78226,1.78264,1.12,2.06
2017.12.11 01:44:45.935,1.7823,1.78263,1.00,1.37
2017.12.11 01:44:51.592,1.7823,1.78263,1.50,1.50
2017.12.11 01:44:52.697,1.7823,1.78263,1.12,2.25
2017.12.11 01:44:53.231,1.7823,1.78262,1.00,1.37
2017.12.11 01:44:55.115,1.7823,1.78263,1.00,1.62
2017.12.11 01:44:55.873,1.7823,1.78263,1.50,1.87
2017.12.11 01:44:56.532,1.7823,1.78264,1.00,1.12
2017.12.11 01:44:58.245,1.78226,1.78263,1.31,1.50
2017.12.11 01:44:58.747,1.7823,1.78264,1.00,2.25
2017.12.11 01:44:59.265,1.78225,1.78263,2.06,1.69
2017.12.11 01:44:59.834,1.7823,1.78262,1.31,1.69
2017.12.11 01:45:00.370,1.78226,1.78262,1.62,1.50
2017.12.11 01:45:00.752,1.78231,1.78262,1.00,1.37
2017.12.11 01:45:00.905,1.78227,1.78262,1.37,1.50
2017.12.11 01:45:01.360,1.78233,1.78262,1.00,2.44
2017.12.11 01:45:02.148,1.78233,1.78262,1.00,1.37
2017.12.11 01:45:02.279,1.78226,1.78262,1.31,2.06
2017.12.11 01:45:02.431,1.78228,1.78263,1.37,3.19
2017.12.11 01:45:02.964,1.78236,1.78268,1.12,1.87
2017.12.11 01:45:03.015,1.78241,1.7827,1.12,1.37
2017.12.11 01:45:03.066,1.78241,1.7827,1.87,1.00
2017.12.11 01:45:03.117,1.78245,1.78278,1.12,1.37
2017.12.11 01:45:03.168,1.78242,1.78279,1.87,1.62
2017.12.11 01:45:03.671,1.78245,1.78281,1.62,2.44
2017.12.11 01:45:04.060,1.78246,1.7828,1.12,1.50
2017.12.11 01:45:04.609,1.78245,1.78281,2.06,2.25
2017.12.11 01:45:05.115,1.78245,1.7828,1.31,1.50
2017.12.11 01:45:06.431,1.78245,1.78281,1.31,1.50
2017.12.11 01:45:07.097,1.78245,1.7828,1.31,1.69
2017.12.11 01:45:07.148,1.78245,1.78281,1.94,1.69
2017.12.11 01:45:07.677,1.78244,1.78281,2.06,1.50
2017.12.11 01:45:08.627,1.78245,1.78281,1.94,2.25
2017.12.11 01:45:09.314,1.78245,1.7828,1.31,1.69
2017.12.11 01:45:13.677,1.78245,1.78281,2.06,2.44
2017.12.11 01:45:15.647,1.78245,1.78281,2.06,1.69
2017.12.11 01:45:16.874,1.78245,1.78281,1.94,2.44
2017.12.11 01:45:21.455,1.78245,1.7828,1.94,1.69
2017.12.11 01:45:22.786,1.78245,1.78281,1.56,2.44
2017.12.11 01:45:24.891,1.78245,1.7828,1.69,1.69
2017.12.11 01:45:27.316,1.78245,1.78281,1.56,2.44
2017.12.11 01:45:30.402,1.78244,1.7828,1.94,1.31
2017.12.11 01:45:30.754,1.78247,1.78282,1.31,1.25
2017.12.11 01:45:31.145,1.78249,1.78282,1.31,1.00
2017.12.11 01:45:31.661,1.78249,1.78282,1.31,1.00
2017.12.11 01:45:31.954,1.78248,1.78282,1.31,1.00
2017.12.11 01:45:32.629,1.78248,1.78281,1.31,1.25
2017.12.11 01:45:33.343,1.78248,1.78281,1.31,1.00
2017.12.11 01:45:33.875,1.78248,1.78282,1.31,1.69
2017.12.11 01:45:35.005,1.78248,1.78281,1.31,1.25
2017.12.11 01:45:45.883,1.78247,1.78281,1.50,1.00
2017.12.11 01:45:45.985,1.78245,1.7828,1.50,1.25
2017.12.11 01:45:46.258,1.78245,1.7828,2.25,1.00
2017.12.11 01:45:47.435,1.78245,1.78279,2.44,1.00
2017.12.11 01:45:48.712,1.78245,1.7828,1.56,1.00
2017.12.11 01:45:51.226,1.78245,1.78279,2.44,1.00
2017.12.11 01:45:51.776,1.78245,1.7828,2.06,1.00
2017.12.11 01:45:52.657,1.78245,1.7828,2.06,1.00
2017.12.11 01:45:52.837,1.78245,1.7828,2.06,1.00
2017.12.11 01:45:53.398,1.78245,1.78279,2.44,1.00
2017.12.11 01:45:56.641,1.78245,1.7828,2.06,1.00
2017.12.11 01:45:59.518,1.78246,1.78279,1.56,1.25
2017.12.11 01:46:00.065,1.78246,1.78279,1.56,1.69
2017.12.11 01:46:05.056,1.78246,1.7828,1.37,2.25
2017.12.11 01:46:05.595,1.78246,1.78279,1.56,1.69
2017.12.11 01:46:06.186,1.78246,1.7828,1.56,1.69
2017.12.11 01:46:06.919,1.78246,1.7828,1.56,1.25
2017.12.11 01:46:07.810,1.78246,1.78279,1.62,1.25
2017.12.11 01:46:08.387,1.78246,1.7828,1.56,1.25
2017.12.11 01:46:09.765,1.78245,1.78276,1.62,1.00
2017.12.11 01:46:12.047,1.78244,1.78276,1.56,1.31
2017.12.11 01:46:12.299,1.78237,1.78267,1.00,1.12
2017.12.11 01:46:12.350,1.78236,1.78268,1.44,1.87
2017.12.11 01:46:12.654,1.78232,1.78267,1.62,1.37
2017.12.11 01:46:13.065,1.78232,1.78266,1.37,1.37
2017.12.11 01:46:13.574,1.78232,1.78268,1.62,2.06
2017.12.11 01:46:13.891,1.78231,1.78263,1.25,1.37
2017.12.11 01:46:17.921,1.78231,1.78262,1.31,1.37
2017.12.11 01:46:18.432,1.7823,1.78264,1.00,1.69
2017.12.11 01:46:23.852,1.78228,1.78261,1.31,1.37
2017.12.11 01:46:23.958,1.78217,1.78255,1.12,1.62
2017.12.11 01:46:24.496,1.78217,1.78253,1.31,2.06
2017.12.11 01:46:25.251,1.78219,1.78255,1.81,2.44
2017.12.11 01:46:25.814,1.78219,1.78255,1.87,1.00
2017.12.11 01:46:26.339,1.78219,1.78255,2.19,1.12
2017.12.11 01:46:27.135,1.78219,1.78255,1.87,1.00
2017.12.11 01:46:28.227,1.78219,1.78255,2.19,1.25
2017.12.11 01:46:28.785,1.78219,1.78255,1.87,1.00
2017.12.11 01:46:29.916,1.78219,1.78255,1.94,1.81
2017.12.11 01:46:30.815,1.78218,1.78256,1.12,1.31
2017.12.11 01:46:32.462,1.78219,1.78257,1.12,2.06
2017.12.11 01:46:33.692,1.78219,1.78256,1.12,1.19
2017.12.11 01:46:34.444,1.78219,1.78257,1.12,1.19
2017.12.11 01:46:35.005,1.78221,1.78257,1.12,1.00
2017.12.11 01:46:35.107,1.7822,1.78259,1.31,1.12
2017.12.11 01:46:35.706,1.78221,1.78259,1.12,2.25
2017.12.11 01:46:39.569,1.78222,1.78259,1.94,1.87
2017.12.11 01:46:39.620,1.78222,1.78258,1.94,1.31
2017.12.11 01:46:40.134,1.78222,1.78258,1.56,1.00
2017.12.11 01:46:41.142,1.78222,1.78259,1.56,1.31
2017.12.11 01:46:41.866,1.78221,1.78259,1.75,1.12
2017.12.11 01:46:42.412,1.78221,1.78258,1.75,1.12
2017.12.11 01:46:42.791,1.78221,1.78258,1.75,1.37
2017.12.11 01:46:43.291,1.78224,1.78258,1.75,1.87
2017.12.11 01:46:44.609,1.78224,1.78258,1.56,1.00
2017.12.11 01:46:45.216,1.78224,1.78258,1.87,1.87
2017.12.11 01:46:46.863,1.78224,1.78258,1.56,1.00
2017.12.11 01:46:47.485,1.78224,1.78259,1.56,1.12
2017.12.11 01:46:49.491,1.78224,1.78259,1.75,1.37
2017.12.11 01:46:49.593,1.78224,1.78258,1.62,1.00
2017.12.11 01:46:49.872,1.78224,1.78259,1.75,1.37
2017.12.11 01:46:50.565,1.78224,1.78259,1.69,1.37
2017.12.11 01:46:58.003,1.78224,1.78258,1.75,1.12
2017.12.11 01:46:58.586,1.78224,1.78258,1.69,1.12
2017.12.11 01:46:59.207,1.78224,1.78258,2.25,1.00
2017.12.11 01:46:59.258,1.78235,1.78265,1.37,1.00
2017.12.11 01:46:59.311,1.78237,1.78267,1.56,1.00
2017.12.11 01:46:59.907,1.78235,1.78268,1.75,1.50
2017.12.11 01:47:00.786,1.78234,1.78268,1.56,2.25
2017.12.11 01:47:00.837,1.78234,1.78267,1.56,1.00
2017.12.11 01:47:00.990,1.78233,1.78268,1.75,1.69
2017.12.11 01:47:01.091,1.78235,1.78267,2.06,1.00
2017.12.11 01:47:01.597,1.78235,1.78267,1.81,1.00
2017.12.11 01:47:12.461,1.78235,1.78267,2.06,1.00
2017.12.11 01:47:13.209,1.78235,1.78268,2.44,1.50
2017.12.11 01:47:13.591,1.78237,1.78267,1.12,1.00
2017.12.11 01:47:13.703,1.78236,1.78268,1.87,1.50
2017.12.11 01:47:13.907,1.78237,1.78267,1.12,1.00
2017.12.11 01:47:14.911,1.78237,1.78267,1.12,1.00
2017.12.11 01:47:15.671,1.78236,1.78268,1.87,1.50
2017.12.11 01:47:18.825,1.78237,1.78268,1.50,1.75
2017.12.11 01:47:21.682,1.78237,1.78267,1.87,1.50
2017.12.11 01:47:22.401,1.78235,1.78267,2.44,1.50
2017.12.11 01:47:22.781,1.78235,1.78267,2.81,1.12
2017.12.11 01:47:23.404,1.78235,1.78268,2.44,1.12
2017.12.11 01:47:24.096,1.78239,1.78273,1.37,1.00
2017.12.11 01:47:24.427,1.78249,1.78277,1.00,1.37
2017.12.11 01:47:25.043,1.78248,1.78277,1.00,1.37
2017.12.11 01:47:34.709,1.78248,1.78278,1.00,1.37
2017.12.11 01:47:35.277,1.78248,1.78277,1.25,1.37
2017.12.11 01:47:35.987,1.78248,1.78277,1.62,1.00
2017.12.11 01:47:36.038,1.78253,1.78281,1.31,1.00
2017.12.11 01:47:36.241,1.78251,1.78277,1.44,1.00
2017.12.11 01:47:36.928,1.78249,1.78277,1.75,1.00
2017.12.11 01:47:37.031,1.78252,1.78281,1.50,1.12
2017.12.11 01:47:37.082,1.78256,1.78281,1.00,1.00
2017.12.11 01:47:37.437,1.78253,1.78282,1.81,1.00
2017.12.11 01:47:37.540,1.78253,1.78282,1.75,1.00
2017.12.11 01:47:39.948,1.78256,1.78283,1.00,1.00
2017.12.11 01:47:40.311,1.78258,1.78287,1.00,1.37
2017.12.11 01:47:40.413,1.78259,1.7829,1.12,1.31
2017.12.11 01:47:40.515,1.78259,1.78291,1.37,1.00
2017.12.11 01:47:40.866,1.78259,1.7829,1.37,1.37
2017.12.11 01:47:42.899,1.78256,1.78291,1.56,1.62
2017.12.11 01:47:50.686,1.78256,1.7829,2.44,1.37
2017.12.11 01:47:53.526,1.78256,1.78293,2.06,2.62
2017.12.11 01:47:53.577,1.78256,1.78292,2.25,1.81
2017.12.11 01:47:53.630,1.78257,1.78291,1.37,1.00
2017.12.11 01:47:54.148,1.7826,1.78292,1.37,1.00
2017.12.11 01:47:54.199,1.7826,1.78291,1.56,1.00
2017.12.11 01:47:54.736,1.7826,1.78292,1.56,1.00
2017.12.11 01:47:55.254,1.78259,1.78291,1.56,1.00
2017.12.11 01:47:56.318,1.78259,1.78292,1.56,1.00
2017.12.11 01:47:57.336,1.78259,1.78291,1.56,1.00
2017.12.11 01:47:59.209,1.78259,1.78292,1.56,1.00
2017.12.11 01:47:59.576,1.78261,1.78288,1.25,1.00
2017.12.11 01:47:59.960,1.78258,1.78288,1.00,1.37
2017.12.11 01:48:00.266,1.78257,1.78283,1.00,1.00
2017.12.11 01:48:00.835,1.78258,1.78283,1.00,1.00
2017.12.11 01:48:00.894,1.78256,1.78283,1.00,1.00
2017.12.11 01:48:01.397,1.78255,1.78283,1.69,1.00
2017.12.11 01:48:02.867,1.78255,1.78289,2.06,1.87
2017.12.11 01:48:03.025,1.78255,1.78288,2.25,1.37
2017.12.11 01:48:03.887,1.78255,1.78288,2.25,1.12
2017.12.11 01:48:04.639,1.78256,1.78289,1.56,1.87
2017.12.11 01:48:05.188,1.78256,1.78288,1.75,1.12
2017.12.11 01:48:05.618,1.78256,1.78288,1.56,1.37
2017.12.11 01:48:05.955,1.78256,1.78284,1.00,1.12
2017.12.11 01:48:06.057,1.78256,1.78284,1.00,1.37
2017.12.11 01:48:07.210,1.78256,1.78283,1.00,1.37
2017.12.11 01:48:08.094,1.78256,1.78284,1.00,1.37
2017.12.11 01:48:10.622,1.78256,1.78284,1.00,1.12
2017.12.11 01:48:11.680,1.78256,1.78283,1.25,1.12
2017.12.11 01:48:12.288,1.78256,1.78284,1.00,1.12
2017.12.11 01:48:20.489,1.78256,1.78289,1.25,2.62
2017.12.11 01:48:21.134,1.78255,1.78288,2.06,1.37
2017.12.11 01:48:26.422,1.78256,1.78288,1.56,1.37
2017.12.11 01:48:26.574,1.78256,1.78289,1.37,1.50
2017.12.11 01:48:27.597,1.78257,1.78289,1.56,1.50
2017.12.11 01:48:29.594,1.78259,1.78289,1.00,1.87
2017.12.11 01:48:29.696,1.78259,1.78283,1.25,1.00
2017.12.11 01:48:29.797,1.78255,1.78284,1.56,1.00
2017.12.11 01:48:30.310,1.78257,1.78283,1.56,1.00
2017.12.11 01:48:30.646,1.78257,1.78288,1.31,1.12
2017.12.11 01:48:30.930,1.78257,1.78287,1.56,1.12
2017.12.11 01:48:31.273,1.78257,1.78288,1.31,1.12
2017.12.11 01:48:31.819,1.78258,1.78287,1.12,1.12
2017.12.11 01:48:32.431,1.78258,1.78288,1.37,1.00
2017.12.11 01:48:34.022,1.7826,1.78288,1.00,1.00
2017.12.11 01:48:35.675,1.78256,1.78288,1.87,1.12
2017.12.11 01:48:36.392,1.78256,1.78287,2.06,1.12
2017.12.11 01:48:37.254,1.78256,1.78288,2.06,1.00
2017.12.11 01:48:38.004,1.78256,1.78287,2.06,1.00
2017.12.11 01:48:39.008,1.78256,1.78288,2.06,1.00
2017.12.11 01:48:39.110,1.78257,1.78288,1.37,1.00
2017.12.11 01:48:40.169,1.78257,1.78284,1.00,1.12
2017.12.11 01:48:40.506,1.78256,1.78283,1.00,1.37
2017.12.11 01:48:41.014,1.78255,1.78284,1.50,1.37
2017.12.11 01:48:41.953,1.78255,1.78283,1.50,1.37
2017.12.11 01:48:43.598,1.78255,1.78283,1.50,1.37
2017.12.11 01:48:43.700,1.78255,1.78283,1.00,1.37
2017.12.11 01:48:44.528,1.78255,1.78284,1.00,1.37
2017.12.11 01:48:45.354,1.78255,1.78283,1.00,1.37
2017.12.11 01:48:46.150,1.78255,1.78284,1.00,1.37
2017.12.11 01:48:46.717,1.78255,1.78283,1.00,1.37
2017.12.11 01:48:47.382,1.78255,1.78284,1.00,1.37
2017.12.11 01:48:47.918,1.78255,1.78284,1.00,1.37
2017.12.11 01:48:48.475,1.78255,1.78284,1.00,1.37
2017.12.11 01:48:49.063,1.78255,1.78284,1.00,1.87
2017.12.11 01:48:49.464,1.78256,1.78283,1.00,1.37
2017.12.11 01:48:49.977,1.78256,1.7828,1.00,1.12
2017.12.11 01:48:50.513,1.78256,1.78279,1.00,1.12
2017.12.11 01:48:50.832,1.78255,1.78279,1.00,1.37
2017.12.11 01:48:51.407,1.78255,1.7828,1.00,1.37
2017.12.11 01:48:51.972,1.78255,1.78279,1.00,1.37
2017.12.11 01:48:52.565,1.78255,1.7828,1.00,1.37
2017.12.11 01:48:53.227,1.78255,1.78279,1.00,1.12
2017.12.11 01:48:55.417,1.78255,1.7828,1.00,1.12
2017.12.11 01:48:55.781,1.78255,1.78279,1.00,1.37
2017.12.11 01:48:56.472,1.78255,1.7828,1.00,1.37
2017.12.11 01:48:56.777,1.78246,1.78263,1.00,1.00
2017.12.11 01:48:56.828,1.78241,1.78264,1.00,1.37
2017.12.11 01:48:56.879,1.78236,1.78269,1.00,1.37
2017.12.11 01:48:57.082,1.78238,1.78262,1.00,1.12
2017.12.11 01:48:57.651,1.78237,1.78262,1.00,1.12
2017.12.11 01:49:00.699,1.78237,1.78263,1.00,1.12
2017.12.11 01:49:01.531,1.78236,1.78263,1.50,1.12
2017.12.11 01:49:02.142,1.78236,1.78262,1.00,1.12
2017.12.11 01:49:02.770,1.78236,1.78263,1.00,1.37
2017.12.11 01:49:02.923,1.78227,1.78261,1.00,1.37
2017.12.11 01:49:02.974,1.78226,1.78261,1.37,1.37
2017.12.11 01:49:03.127,1.78227,1.78262,1.56,1.87
2017.12.11 01:49:03.280,1.78227,1.78263,3.37,1.37
2017.12.11 01:49:03.331,1.78232,1.78263,1.00,1.37
2017.12.11 01:49:03.663,1.78234,1.78263,1.00,1.37
2017.12.11 01:49:04.888,1.78234,1.78262,1.25,1.37
2017.12.11 01:49:06.596,1.78234,1.78263,1.00,1.37
2017.12.11 01:49:07.262,1.78236,1.78266,1.37,1.00
2017.12.11 01:49:07.416,1.78246,1.78276,1.37,1.00
2017.12.11 01:49:07.552,1.78246,1.78274,1.37,1.00
2017.12.11 01:49:09.267,1.78242,1.78274,1.37,1.00
2017.12.11 01:49:09.645,1.78242,1.78271,1.56,1.00
2017.12.11 01:49:10.214,1.78242,1.7827,1.56,1.00
2017.12.11 01:49:11.110,1.78242,1.78271,1.56,1.00
2017.12.11 01:49:13.256,1.78242,1.7827,1.87,1.00
2017.12.11 01:49:13.804,1.78242,1.7827,2.06,1.00
2017.12.11 01:49:14.355,1.78242,1.7827,2.06,1.00
2017.12.11 01:49:14.657,1.78247,1.7827,1.00,1.00
2017.12.11 01:49:14.915,1.78247,1.78274,1.00,1.37
2017.12.11 01:49:19.420,1.78247,1.78275,1.00,1.37
2017.12.11 01:49:19.967,1.78247,1.78274,1.00,1.37
2017.12.11 01:49:26.486,1.78247,1.78275,1.00,1.37
2017.12.11 01:49:26.860,1.78247,1.78268,1.00,1.00
2017.12.11 01:49:27.114,1.78241,1.78263,1.00,1.12
2017.12.11 01:49:27.215,1.78238,1.78263,1.00,1.12
2017.12.11 01:49:27.895,1.78238,1.78262,1.00,1.12
2017.12.11 01:49:29.599,1.78233,1.78262,2.44,1.12
2017.12.11 01:49:30.689,1.78233,1.78262,2.44,1.12
2017.12.11 01:49:31.305,1.78235,1.78266,1.12,1.37
2017.12.11 01:49:31.906,1.78235,1.78266,1.12,1.37
2017.12.11 01:49:32.950,1.78233,1.78267,2.06,1.37
2017.12.11 01:49:33.464,1.78233,1.78266,2.06,1.37
2017.12.11 01:49:33.565,1.78233,1.78267,2.06,1.37
2017.12.11 01:49:33.737,1.78233,1.78266,2.06,1.37
2017.12.11 01:49:34.271,1.78233,1.78266,2.06,1.37
2017.12.11 01:49:34.791,1.78233,1.78266,2.06,1.37
2017.12.11 01:49:35.429,1.78233,1.78266,2.06,1.37
2017.12.11 01:49:35.757,1.78233,1.78266,2.06,1.37
2017.12.11 01:49:36.266,1.78233,1.78267,1.69,1.37
2017.12.11 01:49:36.977,1.78233,1.78267,1.87,1.37
2017.12.11 01:49:41.295,1.78233,1.78267,1.69,1.37
2017.12.11 01:49:44.438,1.78233,1.78267,1.69,1.37
2017.12.11 01:49:44.804,1.78233,1.78267,1.69,1.37
2017.12.11 01:49:45.420,1.78233,1.78266,2.25,1.37
2017.12.11 01:49:46.036,1.78233,1.78266,2.25,1.37
2017.12.11 01:49:46.560,1.78233,1.78267,1.69,1.37
2017.12.11 01:49:47.064,1.78231,1.78262,1.94,1.37
2017.12.11 01:49:47.115,1.7823,1.78263,2.25,1.12
2017.12.11 01:49:47.724,1.78232,1.78263,1.87,1.12
2017.12.11 01:49:49.038,1.78232,1.78263,1.25,1.12
2017.12.11 01:49:49.745,1.78233,1.78262,1.12,1.12
2017.12.11 01:49:50.294,1.78232,1.78263,1.12,1.00
2017.12.11 01:49:52.096,1.78232,1.78263,1.44,1.12
2017.12.11 01:49:52.767,1.78233,1.78262,1.19,1.12
2017.12.11 01:49:54.594,1.78232,1.78269,1.19,1.37
2017.12.11 01:50:13.429,1.7823,1.78264,2.06,1.37
2017.12.11 01:50:13.934,1.78233,1.7826,1.25,1.37
2017.12.11 01:50:15.028,1.78233,1.78259,1.19,1.37
2017.12.11 01:50:15.529,1.78233,1.78259,1.25,1.37
2017.12.11 01:50:16.108,1.78233,1.78259,1.19,1.37
2017.12.11 01:50:16.720,1.78233,1.78259,1.25,1.37
2017.12.11 01:50:18.568,1.78233,1.7826,1.00,1.00
2017.12.11 01:50:18.619,1.78233,1.78265,1.31,1.37
2017.12.11 01:50:18.947,1.78229,1.78265,1.31,1.37
2017.12.11 01:50:19.477,1.78231,1.78265,1.31,1.37
2017.12.11 01:50:19.836,1.78231,1.78264,1.69,1.37
2017.12.11 01:50:20.124,1.78231,1.78264,1.69,1.37
2017.12.11 01:50:21.276,1.78231,1.78264,1.69,1.37
2017.12.11 01:50:21.816,1.78231,1.78265,1.31,1.37
2017.12.11 01:50:22.479,1.78231,1.78264,1.69,1.37
2017.12.11 01:50:23.187,1.78231,1.78265,1.31,1.37
2017.12.11 01:50:23.797,1.78231,1.78265,1.31,1.37
2017.12.11 01:50:24.364,1.78231,1.78269,2.06,1.56
2017.12.11 01:50:24.415,1.78231,1.78269,2.25,1.00
2017.12.11 01:50:24.930,1.78231,1.78269,2.19,1.50
2017.12.11 01:50:27.852,1.78231,1.7827,2.19,1.87
2017.12.11 01:50:27.954,1.78231,1.78269,2.14,1.62
2017.12.11 01:50:28.056,1.78231,1.78268,1.94,1.37
2017.12.11 01:50:28.687,1.78231,1.78266,1.69,1.12
2017.12.11 01:50:32.854,1.78231,1.78265,2.06,1.12
2017.12.11 01:50:33.372,1.78231,1.78266,2.06,1.12
2017.12.11 01:50:45.593,1.78231,1.78265,1.81,1.12
2017.12.11 01:50:52.478,1.78231,1.78266,2.19,1.12
2017.12.11 01:50:53.207,1.78232,1.78269,1.12,2.06
2017.12.11 01:50:56.786,1.78234,1.78269,1.56,2.44
2017.12.11 01:50:57.418,1.78234,1.78269,1.75,2.25
2017.12.11 01:50:58.026,1.78233,1.78269,1.12,1.50
2017.12.11 01:50:58.128,1.78233,1.78269,1.12,2.25
2017.12.11 01:51:01.485,1.78232,1.78269,1.87,1.12
2017.12.11 01:51:03.124,1.78232,1.78269,1.12,2.25
2017.12.11 01:51:03.694,1.78232,1.7827,1.87,2.25
2017.12.11 01:51:09.292,1.78232,1.7827,1.12,2.25
2017.12.11 01:51:09.492,1.78233,1.7827,1.12,2.25
2017.12.11 01:51:16.798,1.78234,1.78269,1.25,1.37
2017.12.11 01:51:17.357,1.78235,1.78269,1.25,1.69
2017.12.11 01:51:17.901,1.78234,1.7827,1.19,3.94
2017.12.11 01:51:19.218,1.78232,1.78264,1.31,1.12
2017.12.11 01:51:24.568,1.78232,1.78265,1.31,1.12
2017.12.11 01:51:28.629,1.78232,1.78264,1.50,1.12
2017.12.11 01:51:29.817,1.78231,1.78265,1.87,1.12
2017.12.11 01:51:30.232,1.78231,1.78265,1.87,1.87
2017.12.11 01:51:30.892,1.78231,1.78265,1.69,1.87
2017.12.11 01:51:31.404,1.78231,1.78264,1.94,1.37
2017.12.11 01:51:31.512,1.78231,1.78265,1.69,1.87
2017.12.11 01:51:31.735,1.78227,1.78258,1.00,1.37
2017.12.11 01:51:32.090,1.78223,1.78258,1.50,1.50
2017.12.11 01:51:32.192,1.78221,1.78258,1.31,1.00
2017.12.11 01:51:32.706,1.7822,1.78257,3.00,1.00
2017.12.11 01:51:39.050,1.78222,1.78257,1.56,2.06
2017.12.11 01:51:39.849,1.78221,1.78257,1.56,1.12
2017.12.11 01:51:39.901,1.78221,1.78252,1.25,1.62
2017.12.11 01:51:39.952,1.78219,1.78249,1.00,2.25
2017.12.11 01:51:40.003,1.78215,1.78249,1.37,1.37
2017.12.11 01:51:40.105,1.78211,1.78249,2.25,1.00
2017.12.11 01:51:40.455,1.78214,1.78249,1.31,1.00
2017.12.11 01:51:40.506,1.78215,1.7825,2.19,1.37
2017.12.11 01:51:40.557,1.78214,1.78253,1.12,1.50
2017.12.11 01:51:40.863,1.78213,1.78249,1.62,1.37
2017.12.11 01:51:41.200,1.78215,1.78245,1.62,1.00
2017.12.11 01:51:42.492,1.78213,1.78247,1.56,1.12
2017.12.11 01:51:52.046,1.78212,1.78247,1.69,1.00
2017.12.11 01:51:52.615,1.78211,1.78247,1.94,1.87
2017.12.11 01:51:52.957,1.78216,1.78246,1.87,1.00
2017.12.11 01:51:53.008,1.78216,1.78246,1.12,1.00
2017.12.11 01:51:56.697,1.78212,1.7825,1.37,1.00
2017.12.11 01:51:56.747,1.78214,1.78243,1.12,1.00
2017.12.11 01:51:57.621,1.78215,1.78247,1.00,1.50
2017.12.11 01:51:58.206,1.78217,1.78248,1.00,1.00
2017.12.11 01:51:59.206,1.78213,1.78244,1.00,1.00
2017.12.11 01:51:59.308,1.78213,1.78246,1.50,1.00
2017.12.11 01:51:59.359,1.78217,1.78247,1.00,1.00
2017.12.11 01:52:00.967,1.78213,1.7824,1.00,1.00
2017.12.11 01:52:01.018,1.78208,1.7824,1.00,1.25
2017.12.11 01:52:01.069,1.78205,1.78237,1.00,1.00
2017.12.11 01:52:01.324,1.78199,1.78236,1.00,1.50
2017.12.11 01:52:01.578,1.78199,1.78238,1.50,1.25
2017.12.11 01:52:02.103,1.78199,1.78238,1.00,1.19
2017.12.11 01:52:05.177,1.78198,1.78233,1.12,1.00
2017.12.11 01:52:05.686,1.78199,1.78233,1.12,1.00
2017.12.11 01:52:08.688,1.78201,1.78232,1.00,1.00
2017.12.11 01:52:15.141,1.78198,1.78233,1.12,1.00
2017.12.11 01:52:15.411,1.78199,1.78235,1.00,1.00
2017.12.11 01:52:20.507,1.78199,1.78237,1.00,1.12
2017.12.11 01:52:20.558,1.78199,1.78232,1.50,1.00
2017.12.11 01:52:23.007,1.78199,1.78232,2.00,1.00
2017.12.11 01:52:26.377,1.78199,1.78232,2.19,1.12
2017.12.11 01:52:28.703,1.782,1.78232,1.12,1.00
2017.12.11 01:52:29.436,1.78201,1.78232,1.37,1.31
2017.12.11 01:52:30.069,1.782,1.78232,1.37,1.00
2017.12.11 01:52:30.847,1.78201,1.78232,1.37,1.31
2017.12.11 01:52:31.374,1.78198,1.78232,1.12,1.00
2017.12.11 01:52:31.714,1.782,1.78234,2.00,1.00
2017.12.11 01:52:32.404,1.782,1.78234,1.94,1.00
2017.12.11 01:52:32.867,1.78201,1.78234,1.12,1.00
2017.12.11 01:52:33.200,1.78204,1.78234,1.37,1.87
2017.12.11 01:52:33.736,1.78203,1.78236,2.06,1.37
2017.12.11 01:52:34.422,1.78204,1.78236,1.56,1.37
2017.12.11 01:52:37.483,1.78204,1.78236,1.19,1.37
2017.12.11 01:52:38.491,1.78203,1.78236,1.31,1.37
2017.12.11 01:52:39.102,1.78203,1.78236,1.69,1.37
2017.12.11 01:52:44.105,1.78203,1.78236,1.19,1.37
2017.12.11 01:52:44.659,1.78203,1.78236,1.69,1.37
2017.12.11 01:52:45.145,1.782,1.78231,1.00,1.56
2017.12.11 01:52:45.196,1.78194,1.78231,1.12,1.94
2017.12.11 01:52:45.703,1.78191,1.78229,1.31,2.62
2017.12.11 01:52:46.286,1.78192,1.78228,1.31,1.37
2017.12.11 01:52:47.025,1.78191,1.78229,1.31,2.06
2017.12.11 01:52:48.396,1.78192,1.78228,1.12,1.12
2017.12.11 01:52:48.600,1.78208,1.7824,1.12,1.00
2017.12.11 01:52:48.651,1.78207,1.78243,1.37,1.37
2017.12.11 01:52:48.991,1.78207,1.78247,1.37,2.19
2017.12.11 01:52:49.522,1.78208,1.78247,1.37,1.94
2017.12.11 01:52:50.326,1.78207,1.78247,1.62,1.94
2017.12.11 01:52:50.885,1.78208,1.78247,1.62,1.75
2017.12.11 01:52:51.917,1.78207,1.78247,1.31,1.75
2017.12.11 01:52:54.274,1.78207,1.78246,1.50,1.69
2017.12.11 01:52:56.762,1.78207,1.7824,1.31,1.37
2017.12.11 01:52:56.915,1.78198,1.78238,1.12,1.56
2017.12.11 01:52:57.017,1.78197,1.78234,1.31,1.56
2017.12.11 01:52:57.067,1.78196,1.78233,1.62,1.37
2017.12.11 01:52:57.641,1.78197,1.78232,1.62,1.37
2017.12.11 01:52:57.971,1.78196,1.78232,1.62,2.06
2017.12.11 01:52:58.505,1.78195,1.78233,1.62,1.56
2017.12.11 01:53:00.277,1.78196,1.78231,1.56,1.56
2017.12.11 01:53:01.494,1.78196,1.78231,1.31,1.56
2017.12.11 01:53:02.358,1.78195,1.78228,1.31,1.12
2017.12.11 01:53:05.284,1.78194,1.78233,1.50,1.75
2017.12.11 01:53:05.488,1.78195,1.78233,1.31,1.62
2017.12.11 01:53:06.276,1.78196,1.78232,1.31,1.75
2017.12.11 01:53:06.885,1.78193,1.78233,1.31,1.56
2017.12.11 01:53:11.667,1.78196,1.78232,1.12,1.56
2017.12.11 01:53:17.072,1.78196,1.78232,1.12,1.62
2017.12.11 01:53:17.720,1.78193,1.78233,1.31,1.50
2017.12.11 01:53:19.956,1.78193,1.78232,1.31,1.62
2017.12.11 01:53:20.467,1.78193,1.78232,1.31,1.62
2017.12.11 01:53:21.047,1.78193,1.78232,1.31,1.62
2017.12.11 01:53:28.503,1.78194,1.78232,1.31,1.62
2017.12.11 01:53:28.721,1.78194,1.78233,1.31,1.50
2017.12.11 01:53:29.269,1.78194,1.78232,1.12,1.50
2017.12.11 01:53:33.391,1.78194,1.78233,1.12,2.00
2017.12.11 01:53:38.079,1.78194,1.78234,1.12,1.94
2017.12.11 01:53:41.599,1.78195,1.78233,1.12,1.69
2017.12.11 01:53:41.947,1.78195,1.78233,1.12,2.00
2017.12.11 01:53:43.707,1.78193,1.78232,1.31,1.19
2017.12.11 01:53:44.336,1.78197,1.78234,1.12,1.00
2017.12.11 01:53:44.468,1.78199,1.78234,1.12,1.37
2017.12.11 01:53:45.079,1.78198,1.78233,1.12,1.87
2017.12.11 01:53:49.555,1.78196,1.78234,1.12,1.87
2017.12.11 01:53:55.266,1.78197,1.78233,1.12,1.25
2017.12.11 01:53:58.112,1.78196,1.78234,1.31,1.69
2017.12.11 01:53:58.706,1.78197,1.78233,1.12,1.12
2017.12.11 01:53:59.219,1.78196,1.78234,1.31,2.25
2017.12.11 01:54:01.029,1.78196,1.78233,1.12,1.44
2017.12.11 01:54:03.217,1.78197,1.78233,1.31,1.00
2017.12.11 01:54:04.042,1.78196,1.78234,2.00,1.00
2017.12.11 01:54:05.637,1.78196,1.78233,1.12,1.44
2017.12.11 01:54:09.290,1.78196,1.78234,1.12,1.50
2017.12.11 01:54:16.109,1.78196,1.78234,1.12,1.81
2017.12.11 01:54:33.142,1.78197,1.78233,1.31,1.69
2017.12.11 01:54:35.275,1.78196,1.78233,1.31,1.31
2017.12.11 01:54:36.083,1.78196,1.78233,1.31,2.44
2017.12.11 01:54:36.417,1.78196,1.78233,1.12,2.06
2017.12.11 01:54:36.843,1.78201,1.78234,1.81,1.00
2017.12.11 01:54:37.098,1.78203,1.78238,1.87,1.00
2017.12.11 01:54:37.149,1.78201,1.78238,1.75,1.50
2017.12.11 01:54:37.252,1.78207,1.78241,1.62,1.87
2017.12.11 01:54:37.303,1.78204,1.78239,1.56,1.25
2017.12.11 01:54:37.354,1.782,1.78239,1.94,1.12
2017.12.11 01:54:37.446,1.78199,1.78239,1.94,1.00
2017.12.11 01:54:37.649,1.78204,1.7824,1.12,1.75
2017.12.11 01:54:37.751,1.78205,1.78237,1.37,1.12
2017.12.11 01:54:37.853,1.78209,1.78242,1.12,1.00
2017.12.11 01:54:37.904,1.7821,1.78244,1.12,1.62
2017.12.11 01:54:37.955,1.7821,1.78246,2.06,1.87
2017.12.11 01:54:38.159,1.78211,1.7825,2.06,1.62
2017.12.11 01:54:38.770,1.78213,1.78249,1.12,1.37
2017.12.11 01:54:38.976,1.78212,1.7825,1.31,1.00
2017.12.11 01:54:39.480,1.78213,1.78251,1.31,2.06
2017.12.11 01:54:41.271,1.78214,1.78251,1.12,2.06
2017.12.11 01:54:44.425,1.78213,1.7825,1.12,1.00
2017.12.11 01:54:45.081,1.78214,1.7825,1.12,1.31
2017.12.11 01:54:45.742,1.78214,1.7825,1.12,1.00
2017.12.11 01:54:46.887,1.78212,1.7825,1.31,1.37
2017.12.11 01:54:46.938,1.78206,1.78239,1.12,1.37
2017.12.11 01:54:47.244,1.78208,1.7825,1.50,2.06
2017.12.11 01:54:47.790,1.78212,1.78249,1.56,1.62
2017.12.11 01:54:57.425,1.78209,1.78243,1.12,1.00
2017.12.11 01:54:57.630,1.78197,1.78237,1.75,1.87
2017.12.11 01:54:57.884,1.78194,1.7823,2.06,1.25
2017.12.11 01:54:58.090,1.78188,1.78229,1.94,2.81
2017.12.11 01:54:58.141,1.78195,1.7823,1.37,1.25
2017.12.11 01:54:58.877,1.78195,1.78229,1.69,1.00
2017.12.11 01:54:59.590,1.78195,1.7823,1.62,1.00
2017.12.11 01:55:00.299,1.78195,1.78231,1.62,1.25
2017.12.11 01:55:03.814,1.78192,1.78231,1.12,1.12
2017.12.11 01:55:04.358,1.78192,1.7823,1.12,1.12
2017.12.11 01:55:04.918,1.78192,1.78231,1.12,1.12
2017.12.11 01:55:06.570,1.78192,1.7823,1.94,1.50
2017.12.11 01:55:06.770,1.78192,1.7823,1.50,1.81
2017.12.11 01:55:10.061,1.78197,1.78236,1.75,1.25
2017.12.11 01:55:10.163,1.78198,1.78235,1.56,1.69
2017.12.11 01:55:10.366,1.78196,1.78236,1.94,1.31
2017.12.11 01:55:10.468,1.78196,1.78234,1.12,2.06
2017.12.11 01:55:10.859,1.78194,1.78231,1.12,1.25
2017.12.11 01:55:11.790,1.78195,1.7823,1.12,1.25
2017.12.11 01:55:11.841,1.78194,1.78233,1.12,1.19
2017.12.11 01:55:13.086,1.78195,1.78232,1.12,1.19
2017.12.11 01:55:13.640,1.78195,1.78231,1.12,1.19
2017.12.11 01:55:13.941,1.78207,1.78239,1.12,1.00
2017.12.11 01:55:13.992,1.78207,1.78245,1.50,1.62
2017.12.11 01:55:14.093,1.78209,1.78246,1.12,1.56
2017.12.11 01:55:14.628,1.78209,1.78245,1.12,1.37
2017.12.11 01:55:15.264,1.78209,1.78245,1.31,1.37
2017.12.11 01:55:15.952,1.78209,1.78245,1.12,1.37
2017.12.11 01:55:16.513,1.78209,1.78245,1.12,1.00
2017.12.11 01:55:17.274,1.78209,1.78245,1.31,1.12
2017.12.11 01:55:25.132,1.78209,1.78245,1.31,1.00
2017.12.11 01:55:25.441,1.78219,1.78256,1.56,1.62
2017.12.11 01:55:26.087,1.78219,1.78256,1.75,1.12
2017.12.11 01:55:27.316,1.7822,1.78256,1.75,2.06
2017.12.11 01:55:32.462,1.78218,1.78257,1.31,1.62
2017.12.11 01:55:33.874,1.7822,1.78256,1.75,1.62
2017.12.11 01:55:34.564,1.78219,1.78257,1.75,1.50
2017.12.11 01:55:39.808,1.78218,1.78257,1.12,1.69
2017.12.11 01:55:44.961,1.78216,1.78254,1.50,1.62
2017.12.11 01:55:45.565,1.78218,1.78257,1.94,2.06
2017.12.11 01:55:50.987,1.78219,1.78256,1.12,1.12
2017.12.11 01:55:53.057,1.7822,1.78256,1.12,1.69
2017.12.11 01:55:54.320,1.78219,1.78257,1.37,1.62
2017.12.11 01:56:00.047,1.7822,1.78251,1.62,1.37
2017.12.11 01:56:03.916,1.7822,1.78251,1.56,1.37
2017.12.11 01:56:06.602,1.78219,1.78252,1.12,1.37
2017.12.11 01:56:06.975,1.7822,1.78251,1.56,1.37
2017.12.11 01:56:07.724,1.78219,1.78252,1.56,1.37
2017.12.11 01:56:08.438,1.7822,1.78251,1.56,1.37
2017.12.11 01:56:09.047,1.7822,1.78251,1.56,1.37
2017.12.11 01:56:09.372,1.78219,1.78252,1.56,1.37
2017.12.11 01:56:10.036,1.78219,1.78252,1.56,1.37
2017.12.11 01:56:10.571,1.78219,1.78252,1.12,1.37
2017.12.11 01:56:11.436,1.78219,1.78256,1.56,1.87
2017.12.11 01:56:12.070,1.78219,1.78256,1.56,1.37
2017.12.11 01:56:13.400,1.78219,1.78256,1.56,1.87
2017.12.11 01:56:13.507,1.78217,1.78253,2.06,1.56
2017.12.11 01:56:14.050,1.78219,1.78256,1.12,2.25
2017.12.11 01:56:14.661,1.7822,1.78255,1.56,1.56
2017.12.11 01:56:15.759,1.78219,1.78256,1.56,1.81
2017.12.11 01:56:19.070,1.7822,1.78255,1.56,1.37
2017.12.11 01:56:20.205,1.78219,1.78256,1.56,1.69
2017.12.11 01:56:23.945,1.7822,1.78255,1.56,1.37
2017.12.11 01:56:24.440,1.78218,1.7825,1.00,1.81
2017.12.11 01:56:24.491,1.78221,1.78254,1.00,1.56
2017.12.11 01:56:24.795,1.78217,1.78252,1.12,1.00
2017.12.11 01:56:25.387,1.78218,1.78253,1.37,1.12
2017.12.11 01:56:25.893,1.7822,1.78252,1.56,1.12
2017.12.11 01:56:26.427,1.7822,1.78253,1.56,1.12
2017.12.11 01:56:26.830,1.78217,1.78252,2.06,1.12
2017.12.11 01:56:27.531,1.7822,1.78253,1.75,1.12
2017.12.11 01:56:27.861,1.78219,1.78252,1.12,1.12
2017.12.11 01:56:28.220,1.78219,1.78249,1.56,1.00
2017.12.11 01:56:28.272,1.78217,1.78254,1.12,1.37
2017.12.11 01:56:29.846,1.78221,1.78254,1.75,1.37
2017.12.11 01:56:32.145,1.78221,1.78253,1.75,1.37
2017.12.11 01:56:32.686,1.78221,1.78253,1.75,1.37
2017.12.11 01:56:33.199,1.78217,1.78254,2.06,1.37
2017.12.11 01:56:37.200,1.78218,1.78249,1.56,1.00
2017.12.11 01:56:37.352,1.78218,1.78249,1.12,1.12
2017.12.11 01:56:43.247,1.78214,1.78244,1.31,1.00
2017.12.11 01:56:43.767,1.78214,1.78243,1.94,1.00
2017.12.11 01:56:44.340,1.78216,1.78243,1.19,1.00
2017.12.11 01:56:44.392,1.78211,1.78244,1.69,1.37
2017.12.11 01:56:44.443,1.78211,1.78239,1.19,1.12
2017.12.11 01:56:44.514,1.78211,1.78242,1.00,1.12
2017.12.11 01:56:44.565,1.78213,1.78242,1.37,1.00
2017.12.11 01:56:44.783,1.78208,1.78246,1.87,1.12
2017.12.11 01:56:45.550,1.78208,1.78245,1.12,1.12
2017.12.11 01:56:45.943,1.78211,1.78241,1.12,1.00
2017.12.11 01:56:47.370,1.78209,1.78246,1.12,1.12
2017.12.11 01:56:48.417,1.78221,1.78253,1.56,1.00
2017.12.11 01:56:48.620,1.78224,1.78254,1.00,1.00
2017.12.11 01:56:48.722,1.78222,1.78259,1.75,1.37
2017.12.11 01:56:49.651,1.78225,1.78254,1.00,1.12
2017.12.11 01:56:50.394,1.78224,1.78255,1.00,1.12
2017.12.11 01:56:50.969,1.78223,1.78254,1.75,1.12
2017.12.11 01:56:51.485,1.78224,1.78255,1.31,1.12
2017.12.11 01:56:52.490,1.78219,1.78254,1.12,1.31
2017.12.11 01:56:52.643,1.78218,1.7825,1.00,1.37
2017.12.11 01:56:52.694,1.78218,1.78245,1.12,1.00
2017.12.11 01:56:53.419,1.78209,1.78246,1.50,1.00
2017.12.11 01:56:56.119,1.78214,1.78245,1.56,1.00
2017.12.11 01:56:56.171,1.78214,1.78245,1.62,1.12
2017.12.11 01:56:56.661,1.78221,1.7825,1.56,1.00
2017.12.11 01:56:56.712,1.7822,1.78255,1.94,1.00
2017.12.11 01:56:56.915,1.78221,1.78255,1.62,1.37
2017.12.11 01:56:57.467,1.78222,1.78254,1.87,1.37
2017.12.11 01:56:59.336,1.78215,1.78253,2.06,1.50
2017.12.11 01:56:59.906,1.78216,1.78249,1.37,1.56
2017.12.11 01:57:00.274,1.78216,1.78249,1.12,1.56
2017.12.11 01:57:00.594,1.78219,1.78254,1.56,1.37
2017.12.11 01:57:00.645,1.78218,1.78255,1.56,1.37
2017.12.11 01:57:00.697,1.78221,1.78255,1.19,1.37
2017.12.11 01:57:01.039,1.78219,1.78249,1.37,1.37
2017.12.11 01:57:01.650,1.78218,1.7825,1.44,1.37
2017.12.11 01:57:02.338,1.78218,1.7825,1.44,1.37
2017.12.11 01:57:03.774,1.78219,1.78249,1.12,1.00
2017.12.11 01:57:06.286,1.78218,1.7825,1.12,1.00
2017.12.11 01:57:07.141,1.78214,1.78254,1.56,1.56
2017.12.11 01:57:07.242,1.78217,1.78253,1.12,1.56
2017.12.11 01:57:07.344,1.7822,1.78255,1.56,1.37
2017.12.11 01:57:08.149,1.7822,1.78255,1.37,1.50
2017.12.11 01:57:08.700,1.7822,1.78254,1.87,1.37
2017.12.11 01:57:09.238,1.78219,1.78255,1.62,1.37
2017.12.11 01:57:09.289,1.78219,1.78255,1.62,1.37
2017.12.11 01:57:09.641,1.78218,1.78251,1.31,1.37
2017.12.11 01:57:10.149,1.78219,1.7825,1.19,1.37
2017.12.11 01:57:12.357,1.78216,1.78251,1.31,1.37
2017.12.11 01:57:12.736,1.78215,1.78246,1.19,1.37
2017.12.11 01:57:12.787,1.78212,1.78247,1.31,1.37
2017.12.11 01:57:12.838,1.78212,1.78246,1.31,1.37
2017.12.11 01:57:13.153,1.78212,1.78241,1.31,1.00
2017.12.11 01:57:13.879,1.78212,1.78242,1.31,1.00
2017.12.11 01:57:14.550,1.78212,1.78241,1.31,1.00
2017.12.11 01:57:15.181,1.78212,1.78242,1.31,1.00
2017.12.11 01:57:17.740,1.78212,1.78241,1.31,1.00
2017.12.11 01:57:19.222,1.78213,1.78245,2.19,1.37
2017.12.11 01:57:22.440,1.78213,1.78245,1.12,1.12
2017.12.11 01:57:24.271,1.78212,1.78245,1.12,1.37
2017.12.11 01:57:24.322,1.78216,1.78249,1.00,1.50
2017.12.11 01:57:24.372,1.78219,1.78249,1.37,1.25
2017.12.11 01:57:24.474,1.78218,1.7825,1.00,1.50
2017.12.11 01:57:24.525,1.78215,1.7825,1.31,1.00
2017.12.11 01:57:26.004,1.7822,1.78249,1.62,1.00
2017.12.11 01:57:29.301,1.78219,1.7825,1.62,1.00
2017.12.11 01:57:36.397,1.7822,1.78249,1.87,1.00
2017.12.11 01:57:37.815,1.7822,1.7825,1.56,1.00
2017.12.11 01:57:39.552,1.78221,1.78254,1.12,1.00
2017.12.11 01:57:47.691,1.78222,1.78263,1.94,1.00
2017.12.11 01:57:47.894,1.78225,1.78263,1.31,1.12
2017.12.11 01:57:48.473,1.78226,1.78262,1.94,1.12
2017.12.11 01:57:49.037,1.78226,1.78263,1.94,1.12
2017.12.11 01:57:49.571,1.78226,1.78262,1.94,1.12
2017.12.11 01:57:49.992,1.78226,1.78254,1.50,1.00
2017.12.11 01:57:50.689,1.78221,1.78254,1.87,1.00
2017.12.11 01:57:51.477,1.78221,1.78253,1.50,1.00
2017.12.11 01:57:51.578,1.78219,1.78254,1.31,1.50
2017.12.11 01:57:54.478,1.78221,1.78253,1.31,1.00
2017.12.11 01:58:00.751,1.78219,1.78254,2.06,1.00
2017.12.11 01:58:02.625,1.78222,1.78253,1.56,1.12
2017.12.11 01:58:02.677,1.78217,1.7825,1.09,1.00
2017.12.11 01:58:03.233,1.78219,1.7825,1.56,1.00
2017.12.11 01:58:04.195,1.7822,1.78249,1.62,1.00
2017.12.11 01:58:09.278,1.78219,1.7825,1.56,1.00
2017.12.11 01:58:12.941,1.78225,1.78254,1.31,1.00
2017.12.11 01:58:12.993,1.78227,1.78254,1.00,1.00
2017.12.11 01:58:13.498,1.78227,1.78253,1.00,1.00
2017.12.11 01:58:18.372,1.78227,1.78254,1.00,1.00
2017.12.11 01:58:19.489,1.78227,1.78253,1.56,1.00
2017.12.11 01:58:19.540,1.78227,1.78259,1.62,1.00
2017.12.11 01:58:19.641,1.78227,1.78258,1.62,1.37
2017.12.11 01:58:20.430,1.78227,1.78259,1.31,1.37
2017.12.11 01:58:29.051,1.78226,1.78258,1.37,1.00
2017.12.11 01:58:29.670,1.78226,1.78259,1.37,1.00
2017.12.11 01:58:31.118,1.78226,1.78258,1.62,1.00
2017.12.11 01:58:32.362,1.78226,1.78259,1.62,1.00
2017.12.11 01:58:32.848,1.78228,1.78257,1.37,1.00
2017.12.11 01:58:33.009,1.78224,1.78259,1.56,1.25
2017.12.11 01:58:33.277,1.78224,1.78259,1.62,1.56
2017.12.11 01:58:33.599,1.78219,1.78252,1.62,1.00
2017.12.11 01:58:36.585,1.7822,1.78251,1.56,1.00
2017.12.11 01:58:41.070,1.78219,1.78252,1.62,1.00
2017.12.11 01:58:42.020,1.78226,1.78253,1.37,1.00
2017.12.11 01:58:42.072,1.78229,1.78256,1.00,1.00
2017.12.11 01:58:42.875,1.78229,1.78255,1.00,1.00
2017.12.11 01:58:43.418,1.78229,1.78256,1.00,1.00
2017.12.11 01:58:43.723,1.78227,1.78256,1.12,1.00
2017.12.11 01:58:49.139,1.78227,1.78257,1.12,1.00
2017.12.11 01:58:51.004,1.78227,1.78255,1.00,1.12
2017.12.11 01:58:52.864,1.78223,1.78256,1.37,1.12
2017.12.11 01:58:53.390,1.7822,1.78255,2.06,1.12
2017.12.11 01:58:53.619,1.7822,1.78255,2.06,1.37
2017.12.11 01:58:55.980,1.7822,1.78256,1.62,1.00
2017.12.11 01:58:56.490,1.7822,1.78255,2.06,1.00
2017.12.11 01:58:56.996,1.7822,1.78256,1.56,1.19
2017.12.11 01:58:57.567,1.7822,1.78255,2.06,1.19
2017.12.11 01:58:58.100,1.7822,1.78256,1.56,1.44
2017.12.11 01:58:58.631,1.78219,1.78255,2.06,1.00
2017.12.11 01:59:00.320,1.7822,1.78255,1.12,1.00
2017.12.11 01:59:00.930,1.7822,1.78256,1.12,1.00
2017.12.11 01:59:01.584,1.78221,1.78255,1.12,1.00
2017.12.11 01:59:04.763,1.78221,1.78259,1.31,1.12
2017.12.11 01:59:04.814,1.78222,1.78259,1.56,1.25
2017.12.11 01:59:04.865,1.78222,1.78259,1.12,1.75
2017.12.11 01:59:05.813,1.7822,1.78259,1.12,1.69
2017.12.11 01:59:06.615,1.78221,1.78259,1.12,1.87
2017.12.11 01:59:07.164,1.7822,1.78255,1.12,1.00
2017.12.11 01:59:07.722,1.78221,1.78254,1.12,1.00
2017.12.11 01:59:08.239,1.7822,1.78255,1.69,1.00
2017.12.11 01:59:08.341,1.7822,1.78255,1.31,1.31
2017.12.11 01:59:08.924,1.78223,1.78261,1.62,2.44
2017.12.11 01:59:09.244,1.78219,1.78255,1.94,1.37
2017.12.11 01:59:09.793,1.78219,1.78256,2.06,1.37
2017.12.11 01:59:10.097,1.78222,1.78256,1.56,1.00
2017.12.11 01:59:10.389,1.78221,1.78256,1.31,1.37
2017.12.11 01:59:10.683,1.78222,1.78256,1.31,1.00
2017.12.11 01:59:11.208,1.78221,1.78258,1.31,2.62
2017.12.11 01:59:11.311,1.78219,1.78258,2.25,2.25
2017.12.11 01:59:12.013,1.78222,1.78258,1.31,3.19
2017.12.11 01:59:12.935,1.78223,1.78259,1.31,1.00
2017.12.11 01:59:13.618,1.78226,1.7826,1.12,1.00
2017.12.11 01:59:14.184,1.78226,1.7826,1.12,1.00
2017.12.11 01:59:14.724,1.78222,1.78258,2.44,1.00
2017.12.11 01:59:15.110,1.78223,1.78259,1.81,1.44
2017.12.11 01:59:16.079,1.78223,1.78257,1.81,1.00
2017.12.11 01:59:16.131,1.78222,1.78257,2.44,1.00
2017.12.11 01:59:16.640,1.78223,1.78257,1.56,1.00
2017.12.11 01:59:17.191,1.78222,1.78258,2.25,1.00
2017.12.11 01:59:17.242,1.78222,1.78255,1.81,1.00
2017.12.11 01:59:18.230,1.78222,1.78258,1.56,1.00
2017.12.11 01:59:18.324,1.78222,1.78256,1.56,1.00
2017.12.11 01:59:18.643,1.78224,1.78258,1.37,1.12
2017.12.11 01:59:19.209,1.78224,1.78258,1.37,1.31
2017.12.11 01:59:19.261,1.7823,1.78259,1.37,1.00
2017.12.11 01:59:21.739,1.78227,1.7826,1.12,1.00
2017.12.11 01:59:22.512,1.78227,1.78264,1.12,1.50
2017.12.11 01:59:22.881,1.78227,1.7826,1.12,1.00
2017.12.11 01:59:23.408,1.78226,1.7826,1.12,1.00
2017.12.11 01:59:26.976,1.78224,1.78263,1.94,2.44
2017.12.11 01:59:27.489,1.78224,1.78262,1.12,2.19
2017.12.11 01:59:28.471,1.78224,1.78258,2.19,1.00
2017.12.11 01:59:29.255,1.78224,1.78259,2.44,1.00
2017.12.11 01:59:29.896,1.78224,1.78258,1.69,1.00
2017.12.11 01:59:30.471,1.78224,1.78259,1.69,1.00
2017.12.11 01:59:32.588,1.78224,1.78258,1.94,1.00
2017.12.11 01:59:37.342,1.78223,1.78255,1.62,1.50
2017.12.11 01:59:37.663,1.78224,1.78257,1.37,1.25
2017.12.11 01:59:41.903,1.78224,1.78258,1.37,1.44
2017.12.11 01:59:42.461,1.78223,1.78256,1.62,1.00
2017.12.11 01:59:43.052,1.78223,1.78256,1.87,1.00
2017.12.11 01:59:43.390,1.78223,1.78256,1.69,1.44
2017.12.11 01:59:47.536,1.78223,1.78256,1.69,1.62
2017.12.11 01:59:50.082,1.78224,1.78256,1.37,1.44
2017.12.11 01:59:52.816,1.78223,1.78257,1.37,2.06
2017.12.11 01:59:54.321,1.78223,1.78257,1.50,2.25
2017.12.11 01:59:55.225,1.78223,1.78257,1.50,2.25
2017.12.11 01:59:56.191,1.78226,1.78255,1.37,1.00
2017.12.11 01:59:56.242,1.78231,1.7826,1.25,1.25
2017.12.11 01:59:59.629,1.78231,1.78263,1.44,2.06
2017.12.11 01:59:59.680,1.78235,1.78263,1.00,1.69
