2014.04.17 13:00:00.282,1.79761,1.79772,1.10,1.00
2014.04.17 13:00:00.384,1.79751,1.79768,1.00,1.00
2014.04.17 13:00:00.434,1.79751,1.79758,1.00,1.00
2014.04.17 13:00:00.485,1.79748,1.79758,1.00,1.00
2014.04.17 13:00:00.738,1.7974,1.7975,1.10,1.00
2014.04.17 13:00:00.940,1.79743,1.7975,1.10,1.00
2014.04.17 13:00:01.065,1.79748,1.79757,1.10,1.57
2014.04.17 13:00:01.119,1.79745,1.79751,1.00,1.00
2014.04.17 13:00:01.271,1.79745,1.7975,1.00,1.00
2014.04.17 13:00:01.372,1.79749,1.79758,1.10,1.00
2014.04.17 13:00:01.473,1.7975,1.79758,1.10,1.00
2014.04.17 13:00:01.525,1.7975,1.79758,1.10,1.00
2014.04.17 13:00:01.577,1.79752,1.79758,1.10,1.00
2014.04.17 13:00:01.681,1.79744,1.79758,1.58,1.00
2014.04.17 13:00:01.934,1.79739,1.79751,1.29,1.00
2014.04.17 13:00:02.257,1.79743,1.79751,1.29,1.00
2014.04.17 13:00:02.460,1.7975,1.79758,1.10,1.00
2014.04.17 13:00:03.792,1.7975,1.79756,1.10,1.00
2014.04.17 13:00:04.572,1.7974,1.79758,1.39,1.00
2014.04.17 13:00:05.130,1.7974,1.79758,1.10,1.00
2014.04.17 13:00:05.243,1.79736,1.79754,1.19,1.00
2014.04.17 13:00:05.345,1.79735,1.79754,1.00,1.50
2014.04.17 13:00:05.447,1.79741,1.79754,1.10,1.50
2014.04.17 13:00:06.432,1.79739,1.79747,1.10,1.50
2014.04.17 13:00:06.533,1.79731,1.79747,1.39,1.50
2014.04.17 13:00:06.584,1.79731,1.79747,1.02,1.50
2014.04.17 13:00:06.635,1.79733,1.79747,1.10,1.50
2014.04.17 13:00:06.938,1.79726,1.79738,1.00,1.10
2014.04.17 13:00:07.191,1.79715,1.79729,1.10,1.00
2014.04.17 13:00:07.443,1.79712,1.79729,1.19,1.00
2014.04.17 13:00:07.746,1.79716,1.79734,1.29,1.00
2014.04.17 13:00:08.050,1.7972,1.79734,1.10,1.00
2014.04.17 13:00:08.378,1.79716,1.79734,1.29,1.00
2014.04.17 13:00:08.955,1.79714,1.79734,1.29,1.00
2014.04.17 13:00:09.642,1.79714,1.7973,1.29,1.00
2014.04.17 13:00:09.794,1.7971,1.7973,1.67,1.50
2014.04.17 13:00:09.895,1.7971,1.79728,1.29,1.00
2014.04.17 13:00:10.198,1.79718,1.79728,1.02,1.00
2014.04.17 13:00:10.300,1.7971,1.79728,1.29,1.00
2014.04.17 13:00:10.401,1.7971,1.79728,1.29,1.00
2014.04.17 13:00:10.948,1.79712,1.79727,1.39,1.00
2014.04.17 13:00:11.512,1.79712,1.79727,1.39,1.00
2014.04.17 13:00:12.085,1.79712,1.79728,1.39,1.00
2014.04.17 13:00:12.480,1.7971,1.79728,1.29,1.65
2014.04.17 13:00:12.581,1.7971,1.79728,1.10,1.95
2014.04.17 13:00:12.682,1.7971,1.79726,1.10,1.00
2014.04.17 13:00:13.438,1.79712,1.79726,1.10,1.00
2014.04.17 13:00:13.590,1.79712,1.79728,1.02,1.50
2014.04.17 13:00:13.692,1.79706,1.79723,1.84,1.50
2014.04.17 13:00:13.793,1.79706,1.79723,1.84,1.50
2014.04.17 13:00:13.894,1.79706,1.79721,1.25,1.00
2014.04.17 13:00:14.197,1.79701,1.7972,1.29,1.00
2014.04.17 13:00:14.248,1.79701,1.7972,1.29,1.20
2014.04.17 13:00:14.349,1.79701,1.79721,1.29,1.18
2014.04.17 13:00:14.424,1.7971,1.79721,1.10,1.08
2014.04.17 13:00:14.476,1.7971,1.79722,1.10,1.00
2014.04.17 13:00:14.527,1.79713,1.79722,1.10,1.00
2014.04.17 13:00:14.830,1.79714,1.79723,1.29,1.50
2014.04.17 13:00:14.931,1.79711,1.79725,1.29,1.00
2014.04.17 13:00:15.033,1.79715,1.79727,1.10,1.00
2014.04.17 13:00:15.185,1.79718,1.79727,1.10,1.00
2014.04.17 13:00:15.704,1.79717,1.79729,1.10,1.00
2014.04.17 13:00:16.932,1.79718,1.79729,1.10,1.00
2014.04.17 13:00:17.190,1.7972,1.79729,1.10,1.00
2014.04.17 13:00:17.479,1.79718,1.79729,1.10,1.00
2014.04.17 13:00:18.100,1.79718,1.79731,1.10,1.00
2014.04.17 13:00:18.405,1.79716,1.79728,1.02,1.00
2014.04.17 13:00:19.683,1.79717,1.79728,1.10,1.00
2014.04.17 13:00:20.456,1.79719,1.79728,1.10,1.00
2014.04.17 13:00:20.557,1.79719,1.7973,1.10,1.00
2014.04.17 13:00:20.759,1.79719,1.79732,1.10,1.00
2014.04.17 13:00:20.866,1.79719,1.79736,1.10,1.10
2014.04.17 13:00:21.370,1.79717,1.79736,1.29,1.10
2014.04.17 13:00:22.270,1.79717,1.79736,1.10,1.10
2014.04.17 13:00:22.439,1.79717,1.79733,1.10,1.00
2014.04.17 13:00:22.744,1.79711,1.79728,1.39,1.00
2014.04.17 13:00:23.465,1.79711,1.79728,1.39,1.00
2014.04.17 13:00:24.148,1.79712,1.79729,1.29,1.00
2014.04.17 13:00:24.299,1.79714,1.79731,1.10,1.00
2014.04.17 13:00:24.408,1.79717,1.79731,1.10,1.00
2014.04.17 13:00:27.628,1.7972,1.79731,1.10,1.00
2014.04.17 13:00:27.730,1.79717,1.79731,1.02,1.00
2014.04.17 13:00:28.163,1.79721,1.79731,1.10,1.00
2014.04.17 13:00:28.466,1.79723,1.79732,1.10,1.00
2014.04.17 13:00:28.668,1.79723,1.79735,1.10,1.00
2014.04.17 13:00:29.207,1.79722,1.79733,1.10,1.00
2014.04.17 13:00:29.540,1.79724,1.79735,1.10,1.00
2014.04.17 13:00:30.488,1.79718,1.79735,1.19,1.00
2014.04.17 13:00:32.511,1.7972,1.79735,1.29,1.00
2014.04.17 13:00:33.458,1.79719,1.79735,1.10,1.50
2014.04.17 13:00:33.660,1.79719,1.79733,1.10,1.00
2014.04.17 13:00:34.420,1.7972,1.79733,1.10,1.00
2014.04.17 13:00:34.622,1.7972,1.79735,1.10,1.00
2014.04.17 13:00:35.008,1.79717,1.79732,1.10,1.00
2014.04.17 13:00:36.497,1.79719,1.79732,1.10,1.00
2014.04.17 13:00:37.203,1.7972,1.79732,1.10,1.00
2014.04.17 13:00:39.727,1.79722,1.79732,1.10,1.00
2014.04.17 13:00:39.930,1.79722,1.79734,1.10,1.00
2014.04.17 13:00:40.137,1.7972,1.79734,1.10,1.00
2014.04.17 13:00:40.339,1.7972,1.79732,1.10,1.00
2014.04.17 13:00:40.937,1.79722,1.79732,1.10,1.00
2014.04.17 13:00:41.807,1.79722,1.79734,1.10,1.00
2014.04.17 13:00:42.769,1.79721,1.79734,1.10,1.00
2014.04.17 13:00:43.477,1.79721,1.79735,1.10,1.00
2014.04.17 13:00:52.267,1.79718,1.79735,1.10,1.00
2014.04.17 13:00:52.772,1.79718,1.79733,1.10,1.00
2014.04.17 13:00:53.140,1.79721,1.79733,1.10,1.00
2014.04.17 13:00:55.518,1.79721,1.79731,1.10,1.00
2014.04.17 13:00:56.024,1.7972,1.79731,1.10,1.00
2014.04.17 13:00:58.088,1.79721,1.79731,1.10,1.00
2014.04.17 13:00:59.486,1.79721,1.79733,1.10,1.00
2014.04.17 13:01:02.707,1.79717,1.79733,1.10,1.00
2014.04.17 13:01:03.152,1.79719,1.79733,1.02,1.00
2014.04.17 13:01:03.353,1.79719,1.79735,1.02,1.00
2014.04.17 13:01:07.403,1.79719,1.79733,1.10,1.00
2014.04.17 13:01:07.454,1.79715,1.7973,1.84,1.00
2014.04.17 13:01:07.707,1.79717,1.7973,1.10,1.50
2014.04.17 13:01:08.434,1.79716,1.7973,1.10,1.00
2014.04.17 13:01:08.536,1.79716,1.79732,1.10,1.00
2014.04.17 13:01:10.550,1.79715,1.79732,1.02,1.00
2014.04.17 13:01:11.202,1.79714,1.79732,1.02,1.00
2014.04.17 13:01:11.947,1.79716,1.79732,1.10,1.00
2014.04.17 13:01:16.203,1.7972,1.79732,1.10,1.00
2014.04.17 13:01:16.305,1.79716,1.79732,1.02,1.00
2014.04.17 13:01:16.816,1.79716,1.79732,1.29,1.00
2014.04.17 13:01:17.705,1.79716,1.79732,1.02,1.00
2014.04.17 13:01:20.494,1.7972,1.79732,1.10,1.00
2014.04.17 13:01:26.400,1.79721,1.79732,1.10,1.00
2014.04.17 13:01:27.808,1.79726,1.79732,1.00,1.00
2014.04.17 13:01:28.011,1.79733,1.7974,1.10,1.00
2014.04.17 13:01:29.115,1.79733,1.79747,1.10,1.00
2014.04.17 13:01:29.218,1.79733,1.79749,1.10,1.50
2014.04.17 13:01:34.448,1.79733,1.79748,1.10,1.00
2014.04.17 13:01:34.549,1.79728,1.79748,1.69,1.10
2014.04.17 13:01:34.683,1.79728,1.79744,1.19,1.00
2014.04.17 13:01:34.734,1.79727,1.79744,1.00,1.38
2014.04.17 13:01:34.835,1.79728,1.79744,1.00,1.19
2014.04.17 13:01:35.125,1.79733,1.79747,1.10,1.00
2014.04.17 13:01:35.429,1.79727,1.79747,1.77,1.00
2014.04.17 13:01:35.530,1.79727,1.79747,1.58,1.02
2014.04.17 13:01:36.106,1.79727,1.79747,1.10,1.84
2014.04.17 13:01:36.397,1.79725,1.79746,1.02,1.10
2014.04.17 13:01:36.551,1.79727,1.79746,1.10,1.20
2014.04.17 13:01:36.810,1.79724,1.79745,1.29,1.00
2014.04.17 13:01:37.412,1.79724,1.79745,1.10,1.19
2014.04.17 13:01:38.417,1.79724,1.79745,1.10,1.25
2014.04.17 13:01:38.945,1.79724,1.79744,1.29,1.00
2014.04.17 13:01:39.567,1.79727,1.79744,1.10,1.00
2014.04.17 13:01:39.668,1.79721,1.79744,1.77,1.65
2014.04.17 13:01:39.719,1.79721,1.79744,1.77,1.95
2014.04.17 13:01:39.770,1.79721,1.79744,1.77,1.77
2014.04.17 13:01:39.872,1.79728,1.79744,1.00,1.57
2014.04.17 13:01:40.125,1.79729,1.79745,1.10,1.00
2014.04.17 13:01:40.317,1.79728,1.79745,1.19,1.00
2014.04.17 13:01:40.635,1.79733,1.79745,1.10,1.00
2014.04.17 13:01:40.987,1.79733,1.79747,1.10,1.00
2014.04.17 13:01:44.289,1.79732,1.79747,1.10,1.00
2014.04.17 13:01:47.694,1.79734,1.79747,1.10,1.00
2014.04.17 13:01:48.228,1.79737,1.79747,1.10,1.00
2014.04.17 13:01:48.837,1.79737,1.79749,1.10,1.00
2014.04.17 13:01:49.641,1.79739,1.79749,1.10,1.00
2014.04.17 13:01:50.869,1.79736,1.79749,1.10,1.00
2014.04.17 13:01:53.930,1.79739,1.79749,1.10,1.00
2014.04.17 13:01:55.766,1.79739,1.7975,1.10,1.25
2014.04.17 13:01:56.348,1.79736,1.7975,1.10,1.25
2014.04.17 13:01:56.870,1.79737,1.7975,1.10,1.94
2014.04.17 13:01:56.921,1.79733,1.7975,1.10,1.94
2014.04.17 13:01:56.972,1.79733,1.7975,1.10,1.64
2014.04.17 13:01:57.073,1.79733,1.7975,1.10,1.37
2014.04.17 13:01:57.174,1.79729,1.7975,1.10,1.37
2014.04.17 13:01:57.275,1.79729,1.7975,1.10,1.37
2014.04.17 13:01:57.636,1.79732,1.7975,1.10,1.34
2014.04.17 13:01:59.680,1.79734,1.79747,1.10,1.10
2014.04.17 13:02:00.198,1.79734,1.79748,1.10,1.00
2014.04.17 13:02:00.742,1.79735,1.79748,1.10,1.00
2014.04.17 13:02:00.793,1.79732,1.79748,1.10,1.00
2014.04.17 13:02:00.894,1.79734,1.79748,1.10,1.00
2014.04.17 13:02:01.403,1.79735,1.7975,1.10,1.29
2014.04.17 13:02:01.915,1.79734,1.7975,1.10,1.10
2014.04.17 13:02:03.158,1.79734,1.7975,1.10,1.09
2014.04.17 13:02:03.696,1.79733,1.7975,1.00,1.40
2014.04.17 13:02:04.229,1.79734,1.7975,1.10,1.40
2014.04.17 13:02:05.368,1.79733,1.7975,1.00,1.15
2014.04.17 13:02:05.690,1.79735,1.7975,1.10,1.34
2014.04.17 13:02:07.489,1.79733,1.7975,1.58,1.15
2014.04.17 13:02:08.225,1.79733,1.7975,1.58,1.02
2014.04.17 13:02:11.617,1.79733,1.7975,1.00,1.39
2014.04.17 13:02:11.718,1.79731,1.79748,1.00,1.78
2014.04.17 13:02:11.971,1.79728,1.79745,1.00,1.13
2014.04.17 13:02:12.072,1.79728,1.79745,1.00,1.28
2014.04.17 13:02:12.274,1.79728,1.79745,1.00,1.13
2014.04.17 13:02:12.754,1.79731,1.79745,1.10,1.00
2014.04.17 13:02:13.288,1.79731,1.79746,1.10,1.00
2014.04.17 13:02:20.538,1.7973,1.79746,1.10,1.00
2014.04.17 13:02:23.398,1.7973,1.79746,1.10,1.20
2014.04.17 13:02:23.701,1.79725,1.79742,1.00,1.72
2014.04.17 13:02:24.477,1.79721,1.79737,1.10,1.00
2014.04.17 13:02:24.917,1.79722,1.79737,1.10,1.38
2014.04.17 13:02:24.968,1.7972,1.79737,1.00,1.95
2014.04.17 13:02:25.070,1.79718,1.79734,1.10,1.00
2014.04.17 13:02:25.172,1.79713,1.7973,1.92,1.00
2014.04.17 13:02:26.127,1.79717,1.79729,1.10,1.00
2014.04.17 13:02:26.439,1.79717,1.79727,1.10,1.00
2014.04.17 13:02:28.370,1.79717,1.79726,1.10,1.00
2014.04.17 13:02:28.691,1.79717,1.79722,1.10,1.00
2014.04.17 13:02:29.545,1.79716,1.79721,1.10,1.00
2014.04.17 13:02:34.982,1.79709,1.79721,1.10,1.00
2014.04.17 13:02:35.084,1.79709,1.79719,1.10,1.00
2014.04.17 13:02:35.405,1.79709,1.79717,1.10,1.00
2014.04.17 13:02:36.148,1.79709,1.79719,1.10,1.00
2014.04.17 13:02:40.217,1.79716,1.79727,1.10,1.72
2014.04.17 13:02:40.469,1.79708,1.79724,1.29,1.00
2014.04.17 13:02:40.571,1.79713,1.79724,1.00,1.00
2014.04.17 13:02:40.875,1.79721,1.79737,1.10,1.10
2014.04.17 13:02:40.925,1.79721,1.79728,1.10,1.00
2014.04.17 13:02:41.200,1.79717,1.79728,1.10,1.00
2014.04.17 13:02:41.453,1.79717,1.79731,1.10,1.00
2014.04.17 13:02:42.872,1.79719,1.79731,1.10,1.00
2014.04.17 13:02:44.175,1.79719,1.79733,1.10,1.00
2014.04.17 13:02:44.277,1.79716,1.79733,1.58,1.00
2014.04.17 13:02:45.157,1.79719,1.79733,1.10,1.00
2014.04.17 13:02:45.487,1.79717,1.79733,1.10,1.00
2014.04.17 13:02:50.016,1.79719,1.79733,1.10,1.00
2014.04.17 13:02:51.215,1.79716,1.79733,1.00,1.00
2014.04.17 13:02:51.526,1.79716,1.79733,1.00,1.40
2014.04.17 13:02:51.829,1.79714,1.79731,1.00,1.77
2014.04.17 13:02:51.880,1.79712,1.79729,1.00,1.47
2014.04.17 13:02:53.157,1.79712,1.79729,1.00,1.32
2014.04.17 13:02:53.664,1.79713,1.79729,1.10,1.00
2014.04.17 13:02:55.386,1.79715,1.79729,1.10,1.00
2014.04.17 13:02:56.191,1.79717,1.79729,1.10,1.00
2014.04.17 13:02:56.394,1.79717,1.79731,1.10,1.00
2014.04.17 13:02:59.701,1.7972,1.79731,1.10,1.00
2014.04.17 13:02:59.802,1.7972,1.79733,1.10,1.00
2014.04.17 13:03:05.712,1.79722,1.79733,1.10,1.00
2014.04.17 13:03:05.965,1.79718,1.79733,1.10,1.00
2014.04.17 13:03:06.067,1.79716,1.79733,1.58,1.00
2014.04.17 13:03:07.090,1.79716,1.79733,1.00,1.18
2014.04.17 13:03:07.191,1.79716,1.79733,1.58,1.74
2014.04.17 13:03:07.494,1.79714,1.79729,1.10,1.20
2014.04.17 13:03:07.545,1.79714,1.79729,1.10,1.13
2014.04.17 13:03:07.596,1.79712,1.79729,1.58,1.32
2014.04.17 13:03:07.697,1.79712,1.79729,1.58,1.33
2014.04.17 13:03:07.950,1.79712,1.79729,1.77,1.00
2014.04.17 13:03:08.152,1.79712,1.79729,1.58,1.32
2014.04.17 13:03:08.686,1.79712,1.79729,1.58,1.72
2014.04.17 13:03:09.210,1.79712,1.79729,1.58,1.34
2014.04.17 13:03:09.547,1.79712,1.79727,1.10,1.15
2014.04.17 13:03:15.095,1.79711,1.79727,1.10,1.34
2014.04.17 13:03:15.704,1.79712,1.79727,1.10,1.72
2014.04.17 13:03:17.050,1.79711,1.79727,1.10,1.40
2014.04.17 13:03:18.816,1.79712,1.79727,1.10,1.40
2014.04.17 13:03:21.767,1.79711,1.79727,1.10,1.40
2014.04.17 13:03:23.066,1.79712,1.79727,1.10,1.34
2014.04.17 13:03:26.267,1.79712,1.79727,1.10,1.37
2014.04.17 13:03:26.796,1.79712,1.79727,1.10,1.37
2014.04.17 13:03:27.728,1.79712,1.79726,1.10,1.34
2014.04.17 13:03:28.031,1.79712,1.79722,1.10,1.02
2014.04.17 13:03:28.132,1.79706,1.7972,1.00,1.02
2014.04.17 13:03:28.588,1.79706,1.79723,1.00,1.77
2014.04.17 13:03:28.738,1.79704,1.79721,1.58,1.47
2014.04.17 13:03:29.646,1.79704,1.79721,1.58,1.72
2014.04.17 13:03:30.181,1.79704,1.79721,1.58,1.78
2014.04.17 13:03:33.446,1.79705,1.79721,1.10,1.78
2014.04.17 13:03:34.332,1.79707,1.79721,1.10,1.53
2014.04.17 13:03:34.849,1.79708,1.79721,1.10,1.15
2014.04.17 13:03:37.162,1.79711,1.79721,1.10,1.15
2014.04.17 13:03:37.945,1.79714,1.79721,1.10,1.08
2014.04.17 13:03:38.250,1.79715,1.79729,1.10,1.72
2014.04.17 13:03:38.453,1.79713,1.79724,1.65,1.00
2014.04.17 13:03:38.504,1.79723,1.79737,1.10,1.38
2014.04.17 13:03:38.555,1.79723,1.79729,1.10,1.00
2014.04.17 13:03:38.707,1.79728,1.79738,1.10,1.00
2014.04.17 13:03:39.012,1.7973,1.79738,1.10,1.00
2014.04.17 13:03:39.322,1.79731,1.79735,1.10,1.00
2014.04.17 13:03:39.423,1.79729,1.79735,1.10,1.00
2014.04.17 13:03:39.524,1.79729,1.79738,1.10,1.00
2014.04.17 13:03:39.676,1.79723,1.79738,1.10,1.00
2014.04.17 13:03:40.029,1.79721,1.79738,1.00,1.25
2014.04.17 13:03:43.195,1.79721,1.79738,1.00,1.19
2014.04.17 13:03:43.828,1.79721,1.79738,1.00,2.22
2014.04.17 13:03:44.131,1.79721,1.79735,1.00,1.72
2014.04.17 13:03:44.433,1.79718,1.79732,1.10,1.02
2014.04.17 13:03:45.605,1.79715,1.79732,1.00,1.77
2014.04.17 13:03:45.706,1.79715,1.79732,1.00,1.39
2014.04.17 13:03:46.006,1.79715,1.79732,1.58,1.39
2014.04.17 13:03:49.455,1.79719,1.79732,1.10,1.47
2014.04.17 13:03:49.616,1.79719,1.79732,1.10,1.13
2014.04.17 13:03:49.667,1.79719,1.79734,1.10,1.00
2014.04.17 13:03:52.191,1.79719,1.79736,1.58,1.00
2014.04.17 13:03:53.128,1.79719,1.79736,1.58,1.08
2014.04.17 13:03:53.689,1.79719,1.79736,1.58,1.10
2014.04.17 13:04:00.086,1.79717,1.79734,1.00,1.00
2014.04.17 13:04:01.139,1.79717,1.79734,1.00,1.28
2014.04.17 13:04:03.636,1.79714,1.79731,1.00,1.00
2014.04.17 13:04:06.704,1.79714,1.7973,1.00,1.10
2014.04.17 13:04:06.856,1.79714,1.79728,1.00,2.44
2014.04.17 13:04:07.058,1.7971,1.79724,1.10,1.02
2014.04.17 13:04:08.011,1.7971,1.79725,1.10,1.02
2014.04.17 13:04:08.522,1.7971,1.79723,1.10,1.63
2014.04.17 13:04:11.154,1.79711,1.79723,1.10,1.63
2014.04.17 13:04:16.312,1.79711,1.79723,1.10,1.00
2014.04.17 13:04:16.714,1.79709,1.79723,1.10,1.00
2014.04.17 13:04:17.045,1.79712,1.79723,1.10,1.00
2014.04.17 13:04:17.615,1.79711,1.79723,1.10,1.00
2014.04.17 13:04:25.884,1.79709,1.79723,1.10,1.00
2014.04.17 13:04:26.393,1.79708,1.79723,1.10,1.00
2014.04.17 13:04:26.981,1.79706,1.79723,1.58,1.00
2014.04.17 13:04:27.183,1.79708,1.79723,1.10,1.47
2014.04.17 13:04:27.662,1.79708,1.79721,1.10,1.15
2014.04.17 13:04:28.638,1.79706,1.79721,1.10,1.15
2014.04.17 13:04:28.924,1.7971,1.79721,1.10,1.15
2014.04.17 13:04:28.975,1.7971,1.79721,1.10,1.10
2014.04.17 13:04:29.278,1.7971,1.79723,1.10,1.00
2014.04.17 13:04:29.380,1.79712,1.79723,1.10,1.00
2014.04.17 13:04:29.531,1.79712,1.79725,1.10,1.00
2014.04.17 13:04:30.856,1.79711,1.79725,1.10,1.00
2014.04.17 13:04:31.365,1.7971,1.79725,1.10,1.00
2014.04.17 13:04:32.141,1.79714,1.79725,1.10,1.00
2014.04.17 13:04:32.264,1.79714,1.79727,1.10,1.00
2014.04.17 13:04:35.364,1.79715,1.79727,1.10,1.00
2014.04.17 13:04:36.175,1.79716,1.79727,1.10,1.00
2014.04.17 13:04:37.029,1.79717,1.79727,1.10,1.00
2014.04.17 13:04:38.445,1.79719,1.79727,1.10,1.00
2014.04.17 13:04:38.647,1.79719,1.79731,1.10,1.00
2014.04.17 13:04:38.748,1.79714,1.79731,1.39,1.00
2014.04.17 13:04:38.799,1.79714,1.79731,1.00,1.39
2014.04.17 13:04:39.305,1.79714,1.79731,1.00,2.22
2014.04.17 13:04:39.813,1.79713,1.79728,1.10,1.02
2014.04.17 13:04:40.022,1.79711,1.79728,1.00,1.02
2014.04.17 13:04:40.606,1.79711,1.79728,1.00,1.39
2014.04.17 13:04:41.130,1.79711,1.79728,1.00,1.67
2014.04.17 13:04:44.212,1.79711,1.79728,1.00,1.67
2014.04.17 13:04:44.434,1.79709,1.79726,1.00,1.00
2014.04.17 13:04:44.752,1.79713,1.79726,1.10,1.00
2014.04.17 13:04:45.090,1.79715,1.79726,1.10,1.00
2014.04.17 13:04:45.393,1.79715,1.79729,1.29,1.00
2014.04.17 13:04:45.545,1.79715,1.79729,1.10,1.00
2014.04.17 13:04:45.939,1.79713,1.79729,1.10,1.00
2014.04.17 13:04:49.024,1.79715,1.79729,1.10,1.00
2014.04.17 13:04:54.343,1.79715,1.79731,1.02,1.00
2014.04.17 13:04:54.393,1.79716,1.79731,1.29,1.00
2014.04.17 13:04:54.696,1.79724,1.79731,1.10,1.00
2014.04.17 13:04:54.967,1.79719,1.79731,1.10,1.00
2014.04.17 13:04:55.068,1.79717,1.79731,1.10,1.00
2014.04.17 13:04:55.169,1.79714,1.79731,1.58,1.39
2014.04.17 13:04:55.220,1.79714,1.79731,1.58,1.47
2014.04.17 13:04:55.472,1.79712,1.79728,1.10,1.09
2014.04.17 13:04:56.113,1.79712,1.79728,1.10,1.25
2014.04.17 13:04:56.731,1.79712,1.79727,1.10,1.00
2014.04.17 13:05:01.226,1.79713,1.79727,1.10,1.32
2014.04.17 13:05:01.848,1.7971,1.79727,1.00,1.32
2014.04.17 13:05:01.899,1.7971,1.79727,1.00,1.63
2014.04.17 13:05:02.404,1.79712,1.79727,1.10,1.39
2014.04.17 13:05:02.737,1.79714,1.79724,1.10,1.13
2014.04.17 13:05:02.939,1.79714,1.79726,1.10,1.00
2014.04.17 13:05:03.192,1.79721,1.79726,1.10,1.00
2014.04.17 13:05:03.394,1.79718,1.79726,1.10,1.00
2014.04.17 13:05:03.655,1.79712,1.79726,1.10,1.00
2014.04.17 13:05:04.059,1.79711,1.79724,1.10,1.00
2014.04.17 13:05:10.114,1.79712,1.79724,1.10,1.00
2014.04.17 13:05:11.323,1.79712,1.79725,1.02,1.00
2014.04.17 13:05:15.685,1.79711,1.79725,1.10,1.00
2014.04.17 13:05:16.226,1.79712,1.79725,1.10,1.00
2014.04.17 13:05:21.209,1.79714,1.79725,1.10,1.00
2014.04.17 13:05:21.960,1.79718,1.79727,1.10,1.00
2014.04.17 13:05:22.414,1.79718,1.7973,1.10,1.00
2014.04.17 13:05:22.616,1.79726,1.7973,1.10,1.00
2014.04.17 13:05:22.977,1.79723,1.7973,1.10,1.00
2014.04.17 13:05:23.046,1.79723,1.79733,1.10,1.00
2014.04.17 13:05:23.641,1.79724,1.79733,1.10,1.00
2014.04.17 13:05:24.181,1.79724,1.79734,1.10,1.00
2014.04.17 13:05:25.209,1.79727,1.79736,1.10,1.00
2014.04.17 13:05:25.363,1.79727,1.79739,1.10,1.38
2014.04.17 13:05:25.881,1.79728,1.79739,1.10,1.38
2014.04.17 13:05:29.391,1.79728,1.79741,1.02,1.13
2014.04.17 13:05:31.065,1.79727,1.79741,1.29,1.38
2014.04.17 13:05:31.268,1.79722,1.79739,1.00,1.39
2014.04.17 13:05:31.369,1.79722,1.79739,1.00,1.39
2014.04.17 13:05:31.470,1.79722,1.79739,1.00,2.14
2014.04.17 13:05:31.605,1.7972,1.79737,1.58,1.00
2014.04.17 13:05:31.655,1.79722,1.79737,1.10,1.00
2014.04.17 13:05:32.051,1.79722,1.79737,1.10,1.38
2014.04.17 13:05:33.422,1.79723,1.79737,1.10,1.38
2014.04.17 13:05:34.729,1.79723,1.79737,1.10,1.13
2014.04.17 13:05:34.978,1.79723,1.79737,1.10,1.38
2014.04.17 13:05:35.484,1.79721,1.79737,1.10,1.38
2014.04.17 13:05:35.686,1.79721,1.79737,1.10,1.00
2014.04.17 13:05:35.991,1.7972,1.79737,1.58,1.88
2014.04.17 13:05:36.617,1.7972,1.79735,1.10,2.03
2014.04.17 13:05:36.769,1.79716,1.79732,1.00,1.38
2014.04.17 13:05:37.335,1.79715,1.7973,1.10,1.00
2014.04.17 13:05:38.059,1.79715,1.79729,1.10,1.00
2014.04.17 13:05:39.894,1.79715,1.79729,1.10,1.38
2014.04.17 13:05:44.619,1.79714,1.79729,1.10,1.38
2014.04.17 13:05:45.149,1.79714,1.79729,1.10,1.00
2014.04.17 13:05:46.679,1.79715,1.79729,1.10,1.00
2014.04.17 13:05:47.239,1.79714,1.79729,1.10,1.00
2014.04.17 13:05:51.730,1.79714,1.79729,1.10,1.38
2014.04.17 13:05:52.581,1.79714,1.79729,1.10,1.38
2014.04.17 13:05:53.924,1.79715,1.79729,1.10,1.38
2014.04.17 13:05:55.706,1.79716,1.79729,1.10,1.38
2014.04.17 13:05:58.220,1.79716,1.79729,1.10,1.38
2014.04.17 13:06:00.773,1.79717,1.79729,1.10,1.38
2014.04.17 13:06:01.344,1.79717,1.79729,1.10,1.38
2014.04.17 13:06:01.882,1.79716,1.79729,1.10,1.38
2014.04.17 13:06:02.747,1.79716,1.79729,1.10,1.38
2014.04.17 13:06:03.316,1.79716,1.79729,1.10,1.38
2014.04.17 13:06:03.974,1.79713,1.79727,1.10,1.38
2014.04.17 13:06:08.675,1.79712,1.79727,1.10,1.48
2014.04.17 13:06:12.786,1.79712,1.79725,1.10,1.38
2014.04.17 13:06:17.032,1.79711,1.79725,1.10,1.38
2014.04.17 13:06:18.036,1.79711,1.79725,1.10,1.13
2014.04.17 13:06:21.286,1.79711,1.79725,1.10,1.38
2014.04.17 13:06:22.173,1.79709,1.79725,1.10,1.38
2014.04.17 13:06:22.530,1.79711,1.79725,1.10,1.38
2014.04.17 13:06:24.406,1.79709,1.79725,1.02,1.38
2014.04.17 13:06:25.693,1.79711,1.79725,1.10,1.38
2014.04.17 13:06:26.464,1.79709,1.79725,1.10,1.38
2014.04.17 13:06:32.304,1.79709,1.79723,1.10,1.38
2014.04.17 13:06:32.406,1.79709,1.79723,1.10,1.38
2014.04.17 13:06:39.013,1.79708,1.79723,1.10,1.38
2014.04.17 13:06:39.472,1.79705,1.79722,1.00,1.13
2014.04.17 13:06:39.574,1.79704,1.7972,1.10,1.13
2014.04.17 13:06:39.883,1.79709,1.7972,1.10,1.38
2014.04.17 13:06:39.933,1.79709,1.7972,1.10,1.00
2014.04.17 13:06:40.041,1.79712,1.7972,1.10,1.00
2014.04.17 13:06:40.142,1.79709,1.7972,1.10,1.00
2014.04.17 13:06:40.243,1.79712,1.7972,1.10,1.00
2014.04.17 13:06:40.754,1.79712,1.79721,1.10,1.00
2014.04.17 13:06:41.863,1.79709,1.79721,1.02,1.00
2014.04.17 13:06:51.982,1.79711,1.79721,1.10,1.00
2014.04.17 13:06:53.063,1.79712,1.79721,1.10,1.00
2014.04.17 13:07:02.193,1.7971,1.79721,1.10,1.00
2014.04.17 13:07:04.936,1.79713,1.79721,1.00,1.00
2014.04.17 13:07:05.239,1.79715,1.7973,1.29,1.38
2014.04.17 13:07:05.340,1.79715,1.7973,1.29,1.00
2014.04.17 13:07:05.391,1.79724,1.7973,1.10,1.00
2014.04.17 13:07:05.934,1.79721,1.7973,1.10,1.00
2014.04.17 13:07:05.986,1.79721,1.79734,1.10,1.00
2014.04.17 13:07:06.043,1.79723,1.79734,1.10,1.00
2014.04.17 13:07:06.924,1.79722,1.79734,1.10,1.00
2014.04.17 13:07:06.975,1.79722,1.79736,1.10,1.00
2014.04.17 13:07:07.944,1.79722,1.79737,1.10,1.00
2014.04.17 13:07:08.654,1.79728,1.79737,1.00,1.00
2014.04.17 13:07:08.908,1.79725,1.79742,1.29,1.00
2014.04.17 13:07:08.959,1.79728,1.79745,1.19,1.00
2014.04.17 13:07:09.417,1.7973,1.79745,1.10,1.38
2014.04.17 13:07:09.720,1.79728,1.79745,1.58,1.38
2014.04.17 13:07:09.771,1.79728,1.79745,1.58,1.38
2014.04.17 13:07:10.184,1.79728,1.79744,1.10,1.38
2014.04.17 13:07:12.480,1.79728,1.79744,1.10,1.00
2014.04.17 13:07:14.723,1.79729,1.79744,1.10,1.00
2014.04.17 13:07:15.310,1.79729,1.79744,1.10,1.38
2014.04.17 13:07:16.039,1.79729,1.79744,1.10,1.00
2014.04.17 13:07:19.383,1.7973,1.79744,1.10,1.00
2014.04.17 13:07:21.873,1.79729,1.79744,1.10,1.00
2014.04.17 13:07:28.136,1.79729,1.79744,1.10,1.38
2014.04.17 13:07:31.662,1.79728,1.79744,1.10,1.38
2014.04.17 13:07:33.463,1.79729,1.79744,1.10,1.38
2014.04.17 13:07:35.402,1.79731,1.79744,1.10,1.38
2014.04.17 13:07:36.288,1.79732,1.79744,1.10,1.38
2014.04.17 13:07:42.156,1.79735,1.79744,1.10,1.38
2014.04.17 13:07:42.466,1.7974,1.7975,1.10,1.00
2014.04.17 13:07:42.618,1.79733,1.7975,1.00,1.00
2014.04.17 13:07:43.278,1.79731,1.79748,1.58,1.00
2014.04.17 13:07:43.618,1.79733,1.79748,1.10,1.38
2014.04.17 13:07:43.814,1.79731,1.79748,1.58,1.38
2014.04.17 13:07:45.344,1.79731,1.79748,1.00,1.57
2014.04.17 13:07:45.496,1.79731,1.79748,1.00,1.57
2014.04.17 13:07:48.213,1.79732,1.79749,1.00,1.38
2014.04.17 13:07:49.591,1.79732,1.79749,1.08,1.38
2014.04.17 13:07:49.843,1.79739,1.79752,1.10,1.00
2014.04.17 13:07:49.894,1.79739,1.79754,1.10,1.00
2014.04.17 13:07:49.944,1.79741,1.79754,1.10,1.00
2014.04.17 13:07:49.995,1.79741,1.79757,1.10,1.63
2014.04.17 13:07:50.046,1.79741,1.79757,1.10,1.38
2014.04.17 13:07:50.292,1.7974,1.79757,1.58,1.38
2014.04.17 13:07:51.025,1.7974,1.79757,1.00,1.64
2014.04.17 13:07:51.293,1.79738,1.79755,1.00,1.18
2014.04.17 13:07:51.344,1.79738,1.79755,1.00,1.55
2014.04.17 13:07:57.124,1.79737,1.79754,1.00,1.38
2014.04.17 13:07:58.007,1.79735,1.79752,1.00,1.13
2014.04.17 13:08:01.414,1.79737,1.79754,1.00,1.38
2014.04.17 13:08:07.276,1.79737,1.79754,1.00,1.38
2014.04.17 13:08:08.044,1.79739,1.79756,1.00,1.48
2014.04.17 13:08:18.595,1.79739,1.79756,1.00,1.55
2014.04.17 13:08:24.807,1.79739,1.79756,1.00,1.38
2014.04.17 13:08:25.872,1.79739,1.79756,1.00,1.38
2014.04.17 13:08:27.603,1.79739,1.79754,1.00,1.39
2014.04.17 13:08:30.084,1.79739,1.79756,1.00,1.38
2014.04.17 13:08:33.954,1.7974,1.79756,1.10,1.38
2014.04.17 13:08:34.005,1.7974,1.79756,1.10,1.13
2014.04.17 13:08:34.056,1.79742,1.79756,1.10,1.13
2014.04.17 13:08:34.358,1.79745,1.79762,1.25,1.38
2014.04.17 13:08:34.668,1.79745,1.79762,1.19,1.58
2014.04.17 13:08:34.719,1.79745,1.79762,1.25,1.00
2014.04.17 13:08:35.123,1.79747,1.79764,1.00,1.58
2014.04.17 13:08:35.501,1.79747,1.7976,1.00,1.10
2014.04.17 13:08:35.698,1.79747,1.79762,1.00,1.10
2014.04.17 13:08:37.163,1.79747,1.79764,1.00,1.38
2014.04.17 13:08:37.667,1.79749,1.79766,1.00,1.38
2014.04.17 13:08:44.947,1.79749,1.79766,1.00,1.00
2014.04.17 13:08:47.594,1.79749,1.79766,1.00,1.29
2014.04.17 13:08:47.898,1.79749,1.79766,1.00,1.92
2014.04.17 13:08:48.303,1.79749,1.79766,1.00,1.84
2014.04.17 13:08:49.045,1.79749,1.79766,1.00,1.57
2014.04.17 13:08:49.247,1.79749,1.79766,1.00,1.63
2014.04.17 13:08:51.541,1.79749,1.79766,1.00,1.63
2014.04.17 13:09:01.596,1.79749,1.79766,1.00,2.14
2014.04.17 13:09:01.747,1.79747,1.79764,1.00,1.57
2014.04.17 13:09:01.899,1.79747,1.79764,1.00,2.14
2014.04.17 13:09:02.438,1.79747,1.79763,1.00,1.67
2014.04.17 13:09:03.625,1.79747,1.79764,1.00,1.57
2014.04.17 13:09:05.588,1.79747,1.79762,1.00,1.67
2014.04.17 13:09:08.901,1.79747,1.79759,1.00,1.67
2014.04.17 13:09:09.003,1.7974,1.79757,1.00,1.57
2014.04.17 13:09:09.356,1.7974,1.79757,1.15,1.63
2014.04.17 13:09:09.612,1.7974,1.79757,1.15,1.63
2014.04.17 13:09:12.972,1.7974,1.79757,1.15,1.13
2014.04.17 13:09:14.396,1.79742,1.79757,1.25,1.13
2014.04.17 13:09:14.607,1.79742,1.79759,2.03,1.00
2014.04.17 13:09:14.911,1.79745,1.79762,1.45,1.38
2014.04.17 13:09:14.961,1.79745,1.79762,1.15,1.38
2014.04.17 13:09:15.476,1.79745,1.79762,1.15,1.00
2014.04.17 13:09:15.728,1.79745,1.79762,1.10,1.63
2014.04.17 13:09:16.216,1.79745,1.79762,1.10,1.63
2014.04.17 13:09:16.519,1.79745,1.79762,1.10,1.63
2014.04.17 13:09:19.162,1.79745,1.79762,1.10,1.63
2014.04.17 13:09:20.108,1.79745,1.79762,1.10,1.63
2014.04.17 13:09:20.437,1.79745,1.79762,1.15,1.57
2014.04.17 13:09:20.538,1.79745,1.79762,1.15,1.38
2014.04.17 13:09:21.117,1.79747,1.79764,1.10,1.63
2014.04.17 13:09:21.653,1.79748,1.79765,1.00,1.57
2014.04.17 13:09:25.733,1.79748,1.79765,1.00,1.57
2014.04.17 13:09:26.382,1.79748,1.79765,1.00,1.57
2014.04.17 13:09:27.489,1.79747,1.79764,1.10,1.57
2014.04.17 13:09:28.615,1.79747,1.79764,1.10,1.32
2014.04.17 13:09:30.014,1.79747,1.79764,1.10,1.32
2014.04.17 13:09:31.617,1.79747,1.79764,1.18,1.32
2014.04.17 13:09:32.123,1.79747,1.79764,1.15,1.32
2014.04.17 13:09:33.032,1.79747,1.79764,1.15,1.32
2014.04.17 13:09:34.183,1.79747,1.79764,1.10,1.32
2014.04.17 13:09:38.105,1.79747,1.79764,1.10,1.32
2014.04.17 13:09:39.990,1.79747,1.79764,1.00,1.32
2014.04.17 13:09:40.343,1.79745,1.79762,1.00,1.32
2014.04.17 13:09:40.869,1.79745,1.7976,1.10,1.00
2014.04.17 13:09:41.426,1.79743,1.7976,1.73,1.00
2014.04.17 13:09:41.686,1.79744,1.79757,1.20,1.00
2014.04.17 13:09:46.210,1.79741,1.79757,1.20,1.00
2014.04.17 13:09:47.071,1.79741,1.79757,1.25,1.00
2014.04.17 13:09:52.420,1.7974,1.79757,1.18,1.00
2014.04.17 13:09:52.673,1.79739,1.79755,1.25,1.00
2014.04.17 13:09:56.920,1.79742,1.79755,1.10,1.00
2014.04.17 13:09:57.225,1.79749,1.79761,1.44,1.38
2014.04.17 13:09:57.880,1.7976,1.79765,1.10,1.00
2014.04.17 13:09:58.051,1.79763,1.7977,1.00,1.38
2014.04.17 13:09:58.102,1.79763,1.7977,1.00,1.00
2014.04.17 13:09:58.153,1.79763,1.79775,1.58,1.38
2014.04.17 13:09:58.203,1.79763,1.79775,1.65,1.38
2014.04.17 13:09:58.363,1.79764,1.79781,1.13,1.38
2014.04.17 13:09:58.766,1.79766,1.79781,1.17,1.00
2014.04.17 13:09:58.867,1.79766,1.79781,2.04,1.00
2014.04.17 13:09:59.069,1.79765,1.79781,1.39,1.00
2014.04.17 13:09:59.170,1.79771,1.79786,1.10,1.00
2014.04.17 13:09:59.676,1.79771,1.79788,1.58,1.19
2014.04.17 13:09:59.942,1.79771,1.79788,1.00,1.19
2014.04.17 13:10:00.245,1.79768,1.79785,1.00,1.19
2014.04.17 13:10:01.224,1.79767,1.79784,1.58,1.19
2014.04.17 13:10:03.651,1.79768,1.79784,1.10,1.19
2014.04.17 13:10:06.282,1.79768,1.79784,1.10,1.00
2014.04.17 13:10:06.442,1.79771,1.79784,1.10,1.00
2014.04.17 13:10:06.644,1.79769,1.79785,1.10,1.00
2014.04.17 13:10:07.076,1.79768,1.79785,1.58,1.19
2014.04.17 13:10:07.581,1.79768,1.79785,1.00,1.00
2014.04.17 13:10:11.170,1.79768,1.79785,1.58,1.19
2014.04.17 13:10:14.186,1.79768,1.79785,1.58,1.19
2014.04.17 13:10:15.343,1.79768,1.79785,1.58,1.19
2014.04.17 13:10:16.824,1.79768,1.79785,1.00,1.57
2014.04.17 13:10:17.103,1.79766,1.79783,1.58,1.19
2014.04.17 13:10:17.810,1.79766,1.79783,1.58,1.19
2014.04.17 13:10:18.862,1.79766,1.79783,1.00,1.19
2014.04.17 13:10:18.940,1.79768,1.79783,1.10,1.19
2014.04.17 13:10:19.844,1.79767,1.79783,1.10,1.19
2014.04.17 13:10:20.627,1.79766,1.79783,1.58,1.19
2014.04.17 13:10:23.100,1.79767,1.79783,1.10,1.19
2014.04.17 13:10:23.480,1.79766,1.79783,1.58,1.00
2014.04.17 13:10:23.734,1.79768,1.79785,1.00,1.38
2014.04.17 13:10:24.704,1.79768,1.79785,1.00,1.25
2014.04.17 13:10:25.979,1.79768,1.79785,1.00,1.19
2014.04.17 13:10:27.462,1.79768,1.79785,1.00,1.00
2014.04.17 13:10:29.473,1.79768,1.79785,1.00,1.19
2014.04.17 13:10:33.489,1.79768,1.79785,1.00,1.25
2014.04.17 13:11:04.703,1.79768,1.79785,1.00,1.32
2014.04.17 13:11:05.625,1.79768,1.79785,1.00,1.32
2014.04.17 13:11:06.426,1.79768,1.79785,1.00,1.63
2014.04.17 13:11:08.604,1.79769,1.79785,1.10,1.57
2014.04.17 13:11:08.957,1.79773,1.79785,1.10,1.38
2014.04.17 13:11:09.113,1.79773,1.79785,1.10,1.00
2014.04.17 13:11:09.265,1.79773,1.79787,1.10,1.00
2014.04.17 13:11:10.079,1.79772,1.79787,1.10,1.00
2014.04.17 13:11:10.724,1.79773,1.79787,1.10,1.00
2014.04.17 13:11:11.353,1.79773,1.79785,1.10,1.00
2014.04.17 13:11:11.504,1.7977,1.79785,1.00,1.15
2014.04.17 13:11:11.555,1.79769,1.79785,1.00,1.50
2014.04.17 13:11:11.859,1.79763,1.79774,1.00,1.02
2014.04.17 13:11:12.397,1.79761,1.79772,1.00,1.02
2014.04.17 13:11:12.663,1.79754,1.79771,1.00,1.34
2014.04.17 13:11:13.276,1.79754,1.79771,1.00,1.72
2014.04.17 13:11:13.542,1.79752,1.79769,1.00,1.74
2014.04.17 13:11:16.704,1.79752,1.79769,1.00,1.74
2014.04.17 13:11:17.235,1.79751,1.79768,1.00,1.72
2014.04.17 13:11:17.942,1.79749,1.79766,1.58,1.37
2014.04.17 13:11:18.589,1.79749,1.7976,1.00,1.00
2014.04.17 13:11:18.742,1.79749,1.79764,1.00,1.44
2014.04.17 13:11:18.996,1.79744,1.79761,1.00,1.58
2014.04.17 13:11:19.704,1.79747,1.79764,1.00,1.57
2014.04.17 13:11:20.328,1.79747,1.79764,1.38,1.19
2014.04.17 13:11:20.379,1.79747,1.79764,3.57,1.00
2014.04.17 13:11:20.481,1.7975,1.79767,1.69,1.13
2014.04.17 13:11:20.632,1.79753,1.7977,1.15,1.00
2014.04.17 13:11:20.683,1.79753,1.7977,1.64,1.00
2014.04.17 13:11:21.330,1.79753,1.7977,1.34,1.00
2014.04.17 13:11:21.583,1.79756,1.79771,1.00,1.29
2014.04.17 13:11:21.684,1.79754,1.79771,1.58,1.25
2014.04.17 13:11:22.211,1.79755,1.79771,1.10,1.25
2014.04.17 13:11:22.838,1.79757,1.79771,1.10,1.00
2014.04.17 13:11:22.892,1.79757,1.79773,1.10,1.00
2014.04.17 13:11:23.095,1.79759,1.79773,1.10,1.00
2014.04.17 13:11:23.981,1.79767,1.79773,1.10,1.00
2014.04.17 13:11:25.160,1.79765,1.79773,1.10,1.00
2014.04.17 13:11:25.712,1.79764,1.79773,1.10,1.00
2014.04.17 13:11:38.003,1.79763,1.79773,1.10,1.00
2014.04.17 13:11:38.701,1.79761,1.79773,1.10,1.00
2014.04.17 13:11:39.220,1.79758,1.79773,1.10,1.25
2014.04.17 13:11:39.481,1.79758,1.79773,1.10,1.19
2014.04.17 13:11:40.010,1.79757,1.79773,1.10,1.19
2014.04.17 13:11:41.568,1.79757,1.79773,1.10,1.32
2014.04.17 13:11:42.887,1.79759,1.79771,1.10,1.32
2014.04.17 13:11:43.572,1.79759,1.79771,1.10,1.32
2014.04.17 13:11:43.622,1.79757,1.79771,1.10,1.32
2014.04.17 13:11:44.169,1.79759,1.79771,1.10,1.32
2014.04.17 13:11:46.938,1.79761,1.79771,1.10,1.32
2014.04.17 13:11:47.241,1.79759,1.79771,1.10,1.13
2014.04.17 13:11:47.342,1.79757,1.79771,1.10,1.13
2014.04.17 13:11:47.443,1.79759,1.79771,1.10,1.13
2014.04.17 13:11:53.178,1.79761,1.79771,1.10,1.00
2014.04.17 13:11:55.798,1.79759,1.79771,1.10,1.00
2014.04.17 13:11:57.137,1.79763,1.79771,1.00,1.00
2014.04.17 13:11:57.239,1.79767,1.79775,1.25,1.00
2014.04.17 13:11:57.340,1.79775,1.79782,1.20,1.00
2014.04.17 13:11:57.493,1.7978,1.7979,1.10,1.00
2014.04.17 13:11:58.001,1.79779,1.7979,1.10,1.00
2014.04.17 13:11:58.102,1.79779,1.79788,1.10,1.00
2014.04.17 13:11:58.359,1.79779,1.79793,1.10,1.00
2014.04.17 13:11:59.650,1.79779,1.79796,1.58,1.00
2014.04.17 13:11:59.701,1.79781,1.79796,1.10,1.00
2014.04.17 13:12:00.029,1.79785,1.79796,1.10,1.00
2014.04.17 13:12:00.232,1.79781,1.79796,1.28,1.00
2014.04.17 13:12:04.209,1.79779,1.79796,1.18,1.13
2014.04.17 13:12:04.310,1.79779,1.79796,1.10,1.13
2014.04.17 13:12:04.581,1.79781,1.79796,1.10,1.13
2014.04.17 13:12:09.897,1.7978,1.79796,1.10,1.13
2014.04.17 13:12:11.227,1.79781,1.79796,1.10,1.13
2014.04.17 13:12:13.623,1.79788,1.79795,1.10,1.00
2014.04.17 13:12:14.126,1.79789,1.79797,1.10,1.19
2014.04.17 13:12:14.766,1.79789,1.79797,1.10,1.25
2014.04.17 13:12:16.385,1.79789,1.79797,1.10,1.00
2014.04.17 13:12:30.994,1.7979,1.79797,1.10,1.00
2014.04.17 13:12:31.247,1.7979,1.79801,1.10,1.00
2014.04.17 13:12:31.449,1.79795,1.79801,1.10,1.00
2014.04.17 13:12:31.752,1.79796,1.79805,1.10,1.19
2014.04.17 13:12:32.248,1.79796,1.79803,1.10,1.00
2014.04.17 13:12:33.078,1.79795,1.79803,1.10,1.00
2014.04.17 13:12:33.180,1.79797,1.79803,1.10,1.00
2014.04.17 13:12:33.483,1.79798,1.79805,1.10,1.13
2014.04.17 13:12:35.136,1.79794,1.79805,1.10,1.00
2014.04.17 13:12:35.439,1.79794,1.79805,1.10,1.19
2014.04.17 13:12:35.967,1.79793,1.79805,1.10,1.32
2014.04.17 13:12:36.661,1.79793,1.79805,1.10,1.32
2014.04.17 13:12:37.528,1.79793,1.79805,1.10,1.32
2014.04.17 13:12:38.532,1.79793,1.79804,1.10,1.25
2014.04.17 13:12:42.538,1.79793,1.79802,1.10,1.00
2014.04.17 13:12:43.482,1.79792,1.79802,1.10,1.00
2014.04.17 13:12:43.533,1.79792,1.79804,1.10,1.25
2014.04.17 13:12:43.685,1.79792,1.79802,1.10,1.00
2014.04.17 13:12:43.736,1.79788,1.79802,1.10,1.00
2014.04.17 13:12:44.240,1.79787,1.79802,1.58,1.25
2014.04.17 13:12:44.770,1.79788,1.79802,1.10,1.32
2014.04.17 13:12:45.676,1.79787,1.79802,1.10,1.69
2014.04.17 13:12:45.727,1.79787,1.798,1.10,1.00
2014.04.17 13:12:46.035,1.79783,1.79795,1.00,1.19
2014.04.17 13:12:46.237,1.7978,1.79795,1.10,2.07
2014.04.17 13:12:46.288,1.7978,1.79795,1.10,2.07
2014.04.17 13:12:46.658,1.79783,1.79795,1.10,1.57
2014.04.17 13:12:46.709,1.79783,1.79795,1.10,1.57
2014.04.17 13:12:47.245,1.79783,1.79795,1.10,1.57
2014.04.17 13:12:47.755,1.79783,1.79795,1.10,1.19
2014.04.17 13:12:47.806,1.79783,1.79795,1.10,1.25
2014.04.17 13:12:48.991,1.79782,1.79795,1.10,1.25
2014.04.17 13:12:49.194,1.79782,1.79792,1.10,1.00
2014.04.17 13:12:49.756,1.79783,1.79792,1.10,1.00
2014.04.17 13:12:50.299,1.79783,1.79793,1.10,1.00
2014.04.17 13:12:50.987,1.79785,1.79793,1.10,1.00
2014.04.17 13:12:51.498,1.79786,1.79793,1.10,1.00
2014.04.17 13:12:52.478,1.79784,1.79793,1.10,1.00
2014.04.17 13:12:54.944,1.79785,1.79793,1.10,1.00
2014.04.17 13:12:55.052,1.79788,1.79793,1.10,1.00
2014.04.17 13:12:55.254,1.79789,1.79795,1.10,1.00
2014.04.17 13:12:55.808,1.79788,1.79795,1.10,1.00
2014.04.17 13:12:56.116,1.79784,1.79795,1.10,1.00
2014.04.17 13:12:56.438,1.79787,1.79795,1.10,1.00
2014.04.17 13:12:57.097,1.79789,1.79795,1.10,1.00
2014.04.17 13:12:57.249,1.79789,1.79797,1.10,1.00
2014.04.17 13:12:57.350,1.79789,1.79803,1.28,1.38
2014.04.17 13:12:57.859,1.7979,1.79803,1.10,1.00
2014.04.17 13:12:58.066,1.7979,1.79803,1.18,1.00
2014.04.17 13:12:58.218,1.7979,1.79803,1.10,1.00
2014.04.17 13:12:58.369,1.7979,1.79807,1.58,1.00
2014.04.17 13:12:58.420,1.798,1.79807,1.10,1.00
2014.04.17 13:12:58.672,1.79798,1.79807,1.10,1.50
2014.04.17 13:12:59.103,1.79796,1.79807,1.10,1.50
2014.04.17 13:12:59.255,1.79795,1.79807,1.10,1.58
2014.04.17 13:12:59.406,1.7979,1.79807,1.58,1.84
2014.04.17 13:12:59.608,1.7979,1.79806,1.00,1.69
2014.04.17 13:12:59.659,1.79788,1.79804,1.10,1.34
2014.04.17 13:13:02.274,1.79788,1.79803,1.10,1.72
2014.04.17 13:13:03.821,1.7979,1.79803,1.10,1.72
2014.04.17 13:13:03.922,1.79789,1.79803,1.10,1.45
2014.04.17 13:13:04.023,1.79789,1.79805,1.18,1.38
2014.04.17 13:13:04.326,1.79799,1.79807,1.10,1.00
2014.04.17 13:13:04.377,1.79797,1.79807,1.10,1.00
2014.04.17 13:13:07.122,1.79793,1.79807,1.10,1.00
2014.04.17 13:13:07.901,1.79793,1.79809,1.10,1.00
2014.04.17 13:13:08.121,1.79794,1.79811,1.00,1.00
2014.04.17 13:13:10.440,1.79795,1.79811,1.10,1.02
2014.04.17 13:13:10.542,1.79795,1.79811,1.10,1.33
2014.04.17 13:13:11.401,1.79794,1.79811,1.00,1.84
2014.04.17 13:13:11.704,1.79794,1.79811,1.00,2.44
2014.04.17 13:13:11.755,1.79792,1.79809,1.58,1.72
2014.04.17 13:13:12.594,1.79792,1.79802,1.10,1.00
2014.04.17 13:13:12.750,1.7979,1.79802,1.00,1.25
2014.04.17 13:13:12.902,1.7979,1.79797,1.00,1.00
2014.04.17 13:13:13.003,1.79787,1.79797,1.00,1.00
2014.04.17 13:13:13.104,1.79785,1.79797,1.00,1.00
2014.04.17 13:13:13.155,1.79789,1.79802,1.10,1.69
2014.04.17 13:13:13.675,1.79788,1.79802,1.10,1.77
2014.04.17 13:13:14.183,1.79789,1.79806,1.00,2.22
2014.04.17 13:13:14.709,1.79789,1.79802,1.00,1.00
2014.04.17 13:13:15.392,1.79789,1.79802,1.00,1.19
2014.04.17 13:13:16.376,1.79789,1.79802,1.00,1.25
2014.04.17 13:13:18.377,1.79789,1.79802,1.00,1.19
2014.04.17 13:13:19.380,1.79789,1.79802,1.00,1.25
2014.04.17 13:13:24.271,1.79789,1.79802,1.00,1.47
2014.04.17 13:13:24.423,1.79785,1.79797,1.00,1.19
2014.04.17 13:13:24.574,1.79786,1.79797,1.10,1.19
2014.04.17 13:13:24.726,1.79783,1.79787,1.00,1.00
2014.04.17 13:13:24.777,1.79777,1.79787,1.00,1.00
2014.04.17 13:13:24.928,1.7978,1.79794,1.10,1.77
2014.04.17 13:13:25.435,1.7978,1.79794,1.10,1.19
2014.04.17 13:13:27.349,1.79778,1.79794,1.10,1.57
2014.04.17 13:13:30.511,1.79778,1.79793,1.10,1.57
2014.04.17 13:13:32.044,1.79778,1.79793,1.10,1.25
2014.04.17 13:13:35.176,1.79776,1.79793,1.58,1.25
2014.04.17 13:13:35.438,1.79778,1.79795,1.00,1.57
2014.04.17 13:13:36.167,1.79778,1.79795,1.00,1.57
2014.04.17 13:13:38.668,1.79778,1.79795,1.00,1.57
2014.04.17 13:13:38.769,1.79778,1.79795,1.00,1.57
2014.04.17 13:13:38.871,1.79778,1.79795,1.00,1.57
2014.04.17 13:13:39.398,1.79778,1.79795,1.00,1.57
2014.04.17 13:13:42.695,1.79776,1.79793,1.00,1.57
2014.04.17 13:13:43.992,1.79776,1.79793,1.00,1.57
2014.04.17 13:13:46.126,1.79776,1.79793,1.00,1.57
2014.04.17 13:13:50.938,1.79777,1.79793,1.10,1.57
2014.04.17 13:13:51.141,1.7978,1.79793,1.10,1.63
2014.04.17 13:13:51.647,1.7978,1.79793,1.10,1.00
2014.04.17 13:13:51.699,1.79778,1.79793,1.10,1.00
2014.04.17 13:13:52.593,1.79778,1.79795,1.58,1.00
2014.04.17 13:13:53.901,1.7978,1.79797,1.00,1.50
2014.04.17 13:13:55.031,1.7978,1.79797,1.00,2.07
2014.04.17 13:13:55.358,1.7978,1.79792,1.00,1.00
2014.04.17 13:13:55.464,1.79778,1.79792,1.58,1.25
2014.04.17 13:13:56.423,1.79778,1.79792,1.58,1.63
2014.04.17 13:13:56.634,1.79778,1.79792,1.10,1.25
2014.04.17 13:13:57.420,1.79778,1.79792,1.10,1.19
2014.04.17 13:13:58.231,1.79778,1.79792,1.10,1.00
2014.04.17 13:13:59.717,1.79776,1.79792,1.00,1.00
2014.04.17 13:14:14.242,1.79776,1.79792,1.00,1.28
2014.04.17 13:14:20.210,1.79776,1.79792,1.00,1.55
2014.04.17 13:14:22.065,1.79774,1.79791,1.58,1.48
2014.04.17 13:14:29.541,1.79775,1.79789,1.10,1.00
2014.04.17 13:14:29.751,1.79775,1.79791,1.17,1.00
2014.04.17 13:14:30.307,1.79775,1.79791,1.10,1.13
2014.04.17 13:14:30.851,1.79776,1.79792,1.00,1.38
2014.04.17 13:14:35.610,1.79777,1.79793,1.10,1.45
2014.04.17 13:14:35.712,1.7978,1.79793,1.10,1.20
2014.04.17 13:14:36.014,1.79782,1.79793,1.29,1.38
2014.04.17 13:14:36.115,1.79782,1.79793,1.29,1.00
2014.04.17 13:14:36.623,1.79782,1.79793,1.10,1.00
2014.04.17 13:14:39.896,1.7978,1.79793,1.29,1.13
2014.04.17 13:14:40.947,1.7978,1.79793,1.10,1.00
2014.04.17 13:14:42.990,1.7978,1.79793,1.10,1.55
2014.04.17 13:14:43.193,1.79776,1.79793,1.25,1.38
2014.04.17 13:14:43.765,1.79777,1.79793,1.10,1.38
2014.04.17 13:14:45.557,1.79777,1.79793,1.10,1.00
2014.04.17 13:14:45.608,1.79777,1.79793,1.18,1.00
2014.04.17 13:14:45.760,1.79779,1.79796,1.37,1.00
2014.04.17 13:14:45.811,1.79779,1.79796,1.34,1.00
2014.04.17 13:14:46.855,1.79782,1.79798,1.19,1.10
2014.04.17 13:14:46.956,1.79782,1.79792,1.00,1.10
2014.04.17 13:14:47.259,1.7978,1.79792,1.00,1.10
2014.04.17 13:14:47.814,1.7978,1.79793,1.00,1.10
2014.04.17 13:14:48.395,1.7978,1.79797,1.00,1.13
2014.04.17 13:14:50.729,1.7978,1.79797,1.18,1.00
2014.04.17 13:14:50.780,1.79783,1.798,1.00,1.13
2014.04.17 13:14:51.657,1.79786,1.79802,1.00,1.58
2014.04.17 13:14:55.214,1.79788,1.79802,1.00,1.00
2014.04.17 13:14:57.887,1.79788,1.79803,1.00,1.20
2014.04.17 13:14:57.989,1.79788,1.79805,1.00,1.25
2014.04.17 13:14:58.040,1.7979,1.79807,1.00,1.38
2014.04.17 13:14:58.499,1.79792,1.79809,1.00,1.63
2014.04.17 13:14:58.857,1.79792,1.79809,1.00,1.32
2014.04.17 13:14:59.130,1.79794,1.79811,1.00,1.67
2014.04.17 13:15:00.887,1.79794,1.79811,1.00,1.53
2014.04.17 13:15:01.561,1.79794,1.79811,1.00,1.10
2014.04.17 13:15:01.663,1.79796,1.79812,1.00,1.47
2014.04.17 13:15:02.178,1.79796,1.79812,1.00,1.47
2014.04.17 13:15:04.979,1.79796,1.79813,1.00,2.29
2014.04.17 13:15:05.307,1.79796,1.79813,1.00,2.29
2014.04.17 13:15:08.437,1.79796,1.79807,1.00,1.32
2014.04.17 13:15:08.539,1.79793,1.79807,1.00,1.57
2014.04.17 13:15:09.591,1.79791,1.79807,1.00,1.57
2014.04.17 13:15:09.815,1.79791,1.79807,1.00,1.57
2014.04.17 13:15:09.970,1.79791,1.79808,1.00,1.63
2014.04.17 13:15:10.172,1.79791,1.79807,1.00,1.57
2014.04.17 13:15:10.722,1.7979,1.79807,1.00,1.57
2014.04.17 13:15:10.800,1.79787,1.79804,1.00,1.00
2014.04.17 13:15:11.728,1.79787,1.798,1.00,1.00
2014.04.17 13:15:12.031,1.79785,1.798,1.00,1.58
2014.04.17 13:15:12.339,1.79785,1.79797,1.00,1.74
2014.04.17 13:15:12.480,1.79782,1.79797,1.00,1.74
2014.04.17 13:15:12.888,1.79782,1.79798,1.00,1.82
2014.04.17 13:15:13.117,1.79782,1.79796,1.00,1.77
2014.04.17 13:15:13.423,1.79782,1.79793,1.00,1.02
2014.04.17 13:15:13.474,1.7978,1.79793,1.00,1.02
2014.04.17 13:15:18.795,1.79779,1.79791,1.00,1.84
2014.04.17 13:15:18.846,1.79778,1.7979,1.00,1.02
2014.04.17 13:15:19.374,1.79778,1.7979,1.00,1.02
2014.04.17 13:15:19.828,1.79776,1.7979,1.00,1.84
2014.04.17 13:15:22.492,1.79774,1.79789,1.00,1.72
2014.04.17 13:15:27.644,1.79772,1.79787,1.00,1.77
2014.04.17 13:15:27.947,1.79764,1.79776,1.00,1.64
2014.04.17 13:15:28.553,1.79762,1.79772,1.00,1.82
2014.04.17 13:15:28.654,1.7976,1.79773,1.00,1.29
2014.04.17 13:15:28.755,1.7976,1.79773,1.00,1.02
2014.04.17 13:15:28.856,1.79757,1.79773,1.18,1.10
2014.04.17 13:15:29.222,1.79758,1.79774,1.28,1.00
2014.04.17 13:15:29.611,1.7976,1.79777,1.15,1.00
2014.04.17 13:15:29.971,1.7976,1.79777,1.00,1.00
2014.04.17 13:15:37.399,1.7976,1.79777,1.00,1.19
2014.04.17 13:15:37.983,1.7976,1.79777,1.00,1.00
2014.04.17 13:15:46.960,1.7976,1.79777,1.19,1.00
2014.04.17 13:15:47.945,1.7976,1.79777,1.00,1.00
2014.04.17 13:15:56.126,1.7976,1.79772,1.00,1.00
2014.04.17 13:15:56.346,1.7976,1.79777,1.00,1.50
2014.04.17 13:15:58.262,1.7976,1.79777,1.00,1.95
2014.04.17 13:15:58.364,1.7976,1.79777,1.00,2.14
2014.04.17 13:15:58.680,1.79759,1.79772,1.00,1.48
2014.04.17 13:15:58.731,1.79759,1.79776,1.00,1.67
2014.04.17 13:15:59.035,1.79759,1.79776,1.00,1.32
2014.04.17 13:15:59.583,1.79755,1.79772,1.34,1.00
2014.04.17 13:16:00.214,1.79755,1.79772,1.94,1.00
2014.04.17 13:16:00.366,1.79755,1.79772,1.34,1.00
2014.04.17 13:16:04.150,1.79755,1.79772,1.33,1.00
2014.04.17 13:16:04.201,1.79755,1.79772,1.25,1.00
2014.04.17 13:16:04.302,1.79754,1.79768,1.10,1.00
2014.04.17 13:16:04.453,1.79751,1.79768,1.00,1.95
2014.04.17 13:16:04.504,1.79751,1.79768,1.00,2.14
2014.04.17 13:16:05.404,1.79746,1.79763,1.00,1.00
2014.04.17 13:16:06.268,1.79744,1.79761,1.18,1.00
2014.04.17 13:16:06.733,1.79743,1.79759,1.25,1.00
2014.04.17 13:16:09.706,1.79743,1.79759,1.18,1.00
2014.04.17 13:16:10.033,1.79743,1.79757,1.10,1.00
2014.04.17 13:16:10.654,1.79743,1.79756,1.10,1.00
2014.04.17 13:16:13.271,1.79743,1.79756,1.18,1.00
2014.04.17 13:16:18.456,1.79743,1.79756,1.18,1.00
2014.04.17 13:16:19.275,1.79743,1.79756,1.10,1.00
2014.04.17 13:16:19.865,1.79746,1.79756,1.10,1.00
2014.04.17 13:16:20.524,1.79745,1.79756,1.10,1.00
2014.04.17 13:16:20.876,1.79748,1.79756,1.10,1.00
2014.04.17 13:16:20.978,1.79745,1.79756,1.10,1.00
2014.04.17 13:16:21.185,1.79751,1.79757,1.10,1.00
2014.04.17 13:16:21.337,1.79751,1.79759,1.10,1.00
2014.04.17 13:16:22.022,1.79751,1.79761,1.10,1.00
2014.04.17 13:16:22.194,1.79753,1.79761,1.10,1.00
2014.04.17 13:16:22.447,1.7976,1.7977,1.10,1.00
2014.04.17 13:16:22.596,1.7976,1.7977,1.25,1.00
2014.04.17 13:16:23.306,1.79761,1.79773,1.28,1.00
2014.04.17 13:16:24.509,1.79761,1.79774,1.28,1.00
2014.04.17 13:16:25.038,1.79761,1.79774,1.20,1.00
2014.04.17 13:16:25.139,1.79761,1.79767,1.10,1.34
2014.04.17 13:16:25.190,1.79753,1.79765,1.19,1.10
2014.04.17 13:16:25.341,1.7975,1.79765,1.08,1.10
2014.04.17 13:16:25.392,1.79748,1.79765,1.00,1.38
2014.04.17 13:16:25.604,1.79748,1.79765,1.00,1.38
2014.04.17 13:16:25.655,1.79748,1.79765,1.08,1.38
2014.04.17 13:16:25.978,1.79753,1.79765,1.10,1.00
2014.04.17 13:16:26.281,1.79752,1.79765,1.44,1.00
2014.04.17 13:16:26.382,1.79752,1.79769,1.34,1.00
2014.04.17 13:16:26.483,1.79752,1.79769,1.77,1.00
2014.04.17 13:16:26.635,1.79755,1.79772,1.39,1.00
2014.04.17 13:16:27.348,1.79761,1.79772,1.10,1.00
2014.04.17 13:16:27.859,1.79761,1.79773,1.10,1.00
2014.04.17 13:16:32.371,1.79761,1.79775,1.10,1.00
2014.04.17 13:16:32.477,1.79759,1.79775,1.20,1.00
2014.04.17 13:16:34.470,1.79759,1.79775,1.09,1.00
2014.04.17 13:16:42.938,1.79762,1.79775,1.10,1.00
2014.04.17 13:16:53.165,1.7976,1.79775,1.10,1.00
2014.04.17 13:16:53.267,1.7976,1.79775,1.10,1.38
2014.04.17 13:16:53.317,1.79758,1.79775,1.77,1.38
2014.04.17 13:16:53.519,1.79758,1.79774,1.00,2.07
2014.04.17 13:16:53.620,1.79754,1.79771,1.08,1.57
2014.04.17 13:16:53.671,1.79754,1.79771,1.00,1.67
2014.04.17 13:16:53.834,1.79754,1.79771,1.00,1.67
2014.04.17 13:16:54.485,1.7975,1.79767,1.58,1.63
2014.04.17 13:16:58.455,1.79751,1.79767,1.10,1.38
2014.04.17 13:16:59.774,1.79751,1.79767,1.10,1.45
2014.04.17 13:17:00.286,1.79751,1.79766,1.10,1.48
2014.04.17 13:17:00.438,1.79749,1.79766,1.00,1.45
2014.04.17 13:17:00.741,1.79749,1.79764,1.00,1.02
2014.04.17 13:17:00.843,1.79745,1.79762,1.58,1.15
2014.04.17 13:17:00.893,1.79747,1.79762,1.10,1.15
2014.04.17 13:17:00.995,1.79747,1.79762,1.10,1.10
2014.04.17 13:17:01.416,1.79745,1.79762,1.58,1.10
2014.04.17 13:17:01.954,1.79746,1.79762,1.10,1.10
2014.04.17 13:17:02.187,1.79748,1.79762,1.10,1.10
2014.04.17 13:17:04.194,1.79745,1.79762,1.00,1.67
2014.04.17 13:17:04.349,1.79743,1.7976,1.00,1.28
2014.04.17 13:17:06.881,1.79743,1.7976,1.00,1.13
2014.04.17 13:17:07.327,1.79743,1.7976,1.00,1.38
2014.04.17 13:17:07.567,1.79743,1.7976,1.00,1.13
2014.04.17 13:17:08.308,1.79743,1.7976,1.00,1.38
2014.04.17 13:17:08.635,1.79743,1.7976,1.00,1.13
2014.04.17 13:17:11.985,1.79741,1.79758,1.19,1.00
2014.04.17 13:17:12.190,1.79743,1.7976,1.00,1.13
2014.04.17 13:17:12.453,1.79748,1.7976,1.10,1.00
2014.04.17 13:17:18.029,1.7975,1.7976,1.10,1.00
2014.04.17 13:17:18.231,1.7975,1.79762,1.10,1.00
2014.04.17 13:17:18.383,1.79758,1.79762,1.10,1.00
2014.04.17 13:17:18.585,1.79758,1.79764,1.10,1.00
2014.04.17 13:17:18.895,1.7975,1.79764,1.39,1.00
2014.04.17 13:17:19.309,1.7975,1.79767,1.77,1.00
2014.04.17 13:17:19.860,1.7975,1.79767,1.77,1.00
2014.04.17 13:17:20.955,1.7975,1.79767,2.14,1.00
2014.04.17 13:17:21.957,1.7975,1.79767,2.14,1.00
2014.04.17 13:17:25.030,1.7975,1.79767,2.14,1.00
2014.04.17 13:17:26.398,1.7975,1.79767,1.19,1.00
2014.04.17 13:17:27.703,1.7975,1.79767,2.14,1.00
2014.04.17 13:17:31.347,1.79752,1.79769,1.19,1.00
2014.04.17 13:17:31.910,1.79752,1.79769,1.19,1.00
2014.04.17 13:17:33.649,1.79759,1.79769,1.10,1.00
2014.04.17 13:17:33.750,1.79755,1.79769,1.29,1.00
2014.04.17 13:17:33.902,1.79759,1.79769,1.10,1.00
2014.04.17 13:17:34.205,1.79756,1.79769,1.10,1.00
2014.04.17 13:17:34.407,1.79759,1.79769,1.10,1.00
2014.04.17 13:17:35.643,1.79755,1.79769,1.02,1.00
2014.04.17 13:17:35.945,1.79759,1.79769,1.10,1.00
2014.04.17 13:17:40.145,1.79752,1.79769,1.27,1.00
2014.04.17 13:17:40.196,1.79752,1.79769,1.08,1.00
2014.04.17 13:17:40.449,1.79756,1.79769,1.10,1.00
2014.04.17 13:17:40.751,1.79759,1.79769,1.10,1.00
2014.04.17 13:17:46.498,1.79759,1.79771,1.10,1.00
2014.04.17 13:17:58.089,1.79759,1.79771,1.10,1.44
2014.04.17 13:17:58.291,1.79748,1.79764,1.50,1.20
2014.04.17 13:17:58.392,1.79748,1.79764,1.00,1.48
2014.04.17 13:17:58.696,1.79748,1.79765,1.00,2.97
2014.04.17 13:17:58.747,1.79744,1.79761,1.00,1.38
2014.04.17 13:17:58.901,1.79744,1.79761,1.00,1.13
2014.04.17 13:18:01.044,1.79744,1.79752,1.00,1.10
2014.04.17 13:18:01.246,1.79744,1.79758,1.00,1.10
2014.04.17 13:18:08.052,1.79744,1.79754,1.00,1.10
2014.04.17 13:18:12.674,1.79744,1.79755,1.00,1.10
2014.04.17 13:18:14.788,1.79744,1.79751,1.00,1.10
2014.04.17 13:18:14.889,1.79739,1.79751,1.00,1.10
2014.04.17 13:18:15.192,1.79739,1.79753,1.00,1.10
2014.04.17 13:18:15.784,1.79739,1.79752,1.00,1.10
2014.04.17 13:18:16.061,1.79739,1.79754,1.00,1.10
2014.04.17 13:18:18.504,1.79739,1.79756,1.00,1.00
2014.04.17 13:18:21.682,1.79739,1.79756,1.19,1.00
2014.04.17 13:18:22.792,1.79739,1.79756,1.25,1.00
2014.04.17 13:18:23.790,1.79739,1.79756,1.19,1.00
2014.04.17 13:18:24.843,1.79739,1.79756,1.25,1.00
2014.04.17 13:18:24.893,1.79742,1.79756,1.10,1.00
2014.04.17 13:18:24.995,1.7974,1.79756,1.95,1.00
2014.04.17 13:18:25.541,1.7974,1.79757,2.89,1.00
2014.04.17 13:18:28.236,1.79742,1.79759,1.19,1.00
2014.04.17 13:18:28.837,1.79742,1.79759,1.19,1.00
2014.04.17 13:18:32.972,1.79742,1.79759,1.77,1.00
2014.04.17 13:18:35.264,1.79742,1.79759,1.00,1.00
2014.04.17 13:18:35.415,1.79742,1.79757,1.00,1.10
2014.04.17 13:18:35.923,1.79742,1.79758,1.00,1.10
2014.04.17 13:18:41.051,1.79742,1.79759,1.00,1.13
2014.04.17 13:18:50.245,1.79741,1.79758,1.00,1.00
2014.04.17 13:18:53.445,1.79741,1.79758,1.00,1.88
2014.04.17 13:18:53.747,1.79739,1.79747,1.00,1.00
2014.04.17 13:18:53.848,1.79732,1.79747,1.19,1.38
2014.04.17 13:18:54.390,1.79732,1.79748,1.00,1.57
2014.04.17 13:18:54.718,1.79727,1.79744,1.58,1.00
2014.04.17 13:18:59.563,1.79727,1.79741,1.00,1.10
2014.04.17 13:18:59.941,1.79727,1.79744,1.00,1.13
2014.04.17 13:18:59.992,1.79727,1.79744,1.00,1.38
2014.04.17 13:19:00.244,1.79728,1.79745,1.00,1.00
2014.04.17 13:19:00.397,1.79728,1.79745,1.19,1.00
2014.04.17 13:19:00.701,1.79739,1.79745,1.10,1.00
2014.04.17 13:19:01.009,1.79742,1.79749,1.10,1.00
2014.04.17 13:19:01.110,1.79738,1.79749,1.02,1.00
2014.04.17 13:19:01.212,1.79738,1.79752,1.02,1.00
2014.04.17 13:19:02.119,1.79738,1.79753,1.29,1.00
2014.04.17 13:19:02.440,1.79736,1.79753,1.25,1.00
2014.04.17 13:19:02.642,1.79736,1.79753,1.19,1.00
2014.04.17 13:19:03.248,1.79736,1.79753,1.00,1.00
2014.04.17 13:19:05.404,1.79736,1.79752,1.00,1.00
2014.04.17 13:19:05.917,1.79735,1.79752,1.00,1.50
2014.04.17 13:19:06.170,1.79735,1.7975,1.00,1.10
2014.04.17 13:19:06.708,1.79733,1.7975,1.00,1.00
2014.04.17 13:19:07.264,1.79733,1.7975,1.00,1.63
2014.04.17 13:19:10.150,1.79733,1.7975,1.00,1.25
2014.04.17 13:19:11.152,1.79733,1.7975,1.00,1.63
2014.04.17 13:19:11.305,1.79733,1.7975,1.00,2.22
2014.04.17 13:19:11.362,1.79731,1.79748,1.00,1.19
2014.04.17 13:19:11.622,1.7973,1.79747,1.00,1.40
2014.04.17 13:19:12.694,1.7973,1.79747,1.00,1.33
2014.04.17 13:19:13.243,1.7973,1.79747,1.00,1.25
2014.04.17 13:19:18.734,1.79733,1.7975,1.00,2.14
2014.04.17 13:19:19.323,1.79734,1.7975,1.10,1.57
2014.04.17 13:19:19.854,1.79735,1.79752,1.00,2.22
2014.04.17 13:19:28.157,1.79736,1.79752,1.10,2.07
2014.04.17 13:19:29.827,1.79737,1.79752,1.10,2.07
2014.04.17 13:19:30.160,1.79739,1.79752,1.10,2.07
2014.04.17 13:19:30.662,1.79737,1.79752,1.10,2.07
2014.04.17 13:19:31.891,1.79738,1.79752,1.10,2.07
2014.04.17 13:19:32.401,1.79738,1.79752,1.10,2.07
2014.04.17 13:19:34.270,1.79738,1.79752,1.10,1.32
2014.04.17 13:19:36.285,1.79736,1.79752,1.10,1.32
2014.04.17 13:19:37.270,1.79738,1.79752,1.10,1.19
2014.04.17 13:19:39.299,1.79738,1.79752,1.10,1.74
2014.04.17 13:19:41.134,1.79737,1.79752,1.10,1.74
2014.04.17 13:19:42.353,1.79737,1.79752,1.10,1.74
2014.04.17 13:19:43.345,1.79737,1.79752,1.10,1.74
2014.04.17 13:19:43.861,1.79736,1.79752,1.10,1.74
2014.04.17 13:19:45.343,1.79736,1.79752,1.10,1.38
2014.04.17 13:19:54.351,1.79736,1.79752,1.10,1.25
2014.04.17 13:19:55.164,1.79736,1.7975,1.10,1.19
2014.04.17 13:19:55.490,1.79736,1.79747,1.10,1.19
2014.04.17 13:19:55.643,1.79732,1.79744,1.10,1.25
2014.04.17 13:19:55.795,1.79732,1.79743,1.10,1.19
2014.04.17 13:19:57.418,1.79732,1.79743,1.10,1.19
2014.04.17 13:20:00.293,1.7973,1.79743,1.10,1.19
2014.04.17 13:20:00.502,1.7973,1.79742,1.10,1.69
2014.04.17 13:20:00.654,1.79728,1.79742,1.10,1.69
2014.04.17 13:20:00.705,1.79728,1.79739,1.10,1.69
2014.04.17 13:20:01.071,1.79726,1.79736,1.10,1.19
2014.04.17 13:20:01.600,1.7973,1.79736,1.10,1.00
2014.04.17 13:20:02.034,1.7973,1.79738,1.10,1.19
2014.04.17 13:20:02.114,1.79729,1.79738,1.10,1.19
2014.04.17 13:20:03.545,1.79728,1.79736,1.10,1.19
2014.04.17 13:20:04.514,1.7972,1.79735,1.00,1.19
2014.04.17 13:20:05.456,1.79728,1.79735,1.10,1.19
2014.04.17 13:20:05.860,1.7972,1.79732,1.00,1.19
2014.04.17 13:20:05.911,1.79725,1.79732,1.10,1.19
2014.04.17 13:20:06.266,1.79726,1.79732,1.10,1.00
2014.04.17 13:20:06.317,1.79727,1.79735,1.10,1.25
2014.04.17 13:20:07.625,1.79727,1.79735,1.10,1.19
2014.04.17 13:20:08.244,1.79727,1.79735,1.10,1.00
2014.04.17 13:20:08.936,1.79727,1.79736,1.10,1.25
2014.04.17 13:20:09.443,1.79733,1.79741,1.10,1.19
2014.04.17 13:20:09.695,1.79735,1.7974,1.10,1.00
2014.04.17 13:20:09.897,1.79736,1.79744,1.10,1.19
2014.04.17 13:20:10.320,1.79737,1.79746,1.10,1.69
2014.04.17 13:20:10.885,1.79737,1.79746,1.10,1.19
2014.04.17 13:20:11.399,1.79738,1.79746,1.10,1.19
2014.04.17 13:20:12.015,1.79738,1.79748,1.10,1.19
2014.04.17 13:20:12.984,1.79732,1.79743,1.00,1.19
2014.04.17 13:20:13.086,1.7973,1.79743,1.00,1.19
2014.04.17 13:20:13.381,1.79737,1.79747,1.10,1.69
2014.04.17 13:20:16.782,1.79737,1.79747,1.10,1.69
2014.04.17 13:20:17.787,1.79737,1.79747,1.10,1.69
2014.04.17 13:20:18.042,1.79735,1.79747,1.10,1.69
2014.04.17 13:20:18.143,1.79735,1.79747,1.10,2.82
2014.04.17 13:20:18.194,1.79731,1.79747,1.10,3.19
2014.04.17 13:20:18.296,1.79731,1.79741,1.10,1.19
2014.04.17 13:20:18.397,1.79727,1.79739,1.10,1.19
2014.04.17 13:20:18.498,1.79727,1.79736,1.10,1.19
2014.04.17 13:20:19.003,1.79726,1.79733,1.00,1.19
2014.04.17 13:20:20.033,1.79719,1.79733,1.00,1.19
2014.04.17 13:20:20.730,1.79725,1.79733,1.10,1.00
2014.04.17 13:20:20.932,1.79724,1.79733,1.10,1.69
2014.04.17 13:20:21.455,1.79723,1.79733,1.10,1.69
2014.04.17 13:20:21.708,1.79721,1.79728,1.10,1.00
2014.04.17 13:20:21.860,1.79716,1.79728,1.00,1.19
2014.04.17 13:20:21.961,1.79722,1.79728,1.10,1.00
2014.04.17 13:20:22.062,1.79722,1.79733,1.10,1.69
2014.04.17 13:20:22.163,1.79725,1.79733,1.10,1.50
2014.04.17 13:20:22.265,1.79726,1.79733,1.10,1.00
2014.04.17 13:20:22.669,1.79726,1.79733,1.10,1.00
2014.04.17 13:20:22.821,1.79726,1.79733,1.10,1.00
2014.04.17 13:20:23.022,1.79724,1.79736,1.10,1.19
2014.04.17 13:20:23.343,1.79724,1.79735,1.10,1.19
2014.04.17 13:20:23.561,1.79719,1.79735,1.00,1.69
2014.04.17 13:20:23.663,1.79722,1.79735,1.10,2.07
2014.04.17 13:20:24.658,1.79722,1.79733,1.10,1.19
2014.04.17 13:20:25.662,1.79722,1.79734,1.10,1.69
2014.04.17 13:20:26.637,1.79721,1.79732,1.10,1.19
2014.04.17 13:20:26.940,1.79717,1.79726,1.00,1.19
2014.04.17 13:20:27.054,1.7972,1.79726,1.10,1.00
2014.04.17 13:20:27.206,1.79718,1.79726,1.10,1.19
2014.04.17 13:20:27.312,1.79716,1.79726,1.10,1.19
2014.04.17 13:20:27.526,1.79716,1.79724,1.10,1.19
2014.04.17 13:20:28.031,1.79715,1.79724,1.10,1.19
2014.04.17 13:20:28.396,1.79712,1.79724,1.10,1.19
2014.04.17 13:20:28.930,1.79712,1.79724,1.10,1.19
2014.04.17 13:20:29.593,1.79712,1.79724,1.10,1.69
2014.04.17 13:20:30.169,1.79713,1.79724,1.10,2.07
2014.04.17 13:20:31.649,1.79713,1.79722,1.10,1.19
2014.04.17 13:20:32.662,1.79708,1.79722,1.58,1.19
2014.04.17 13:20:33.616,1.79708,1.79723,1.58,1.19
2014.04.17 13:20:34.623,1.79708,1.79723,1.58,1.19
2014.04.17 13:20:36.632,1.79708,1.79723,1.58,1.19
2014.04.17 13:20:37.640,1.79708,1.79722,1.00,1.19
2014.04.17 13:20:38.754,1.79708,1.79717,1.58,1.19
2014.04.17 13:20:38.855,1.79708,1.79722,1.00,1.32
2014.04.17 13:20:38.957,1.79706,1.79722,1.00,1.57
2014.04.17 13:20:39.058,1.79706,1.79719,1.00,1.19
2014.04.17 13:20:39.361,1.79706,1.79717,1.00,1.19
2014.04.17 13:20:39.909,1.79703,1.79717,1.58,1.19
2014.04.17 13:20:40.610,1.79703,1.79717,1.58,1.19
2014.04.17 13:20:41.592,1.79703,1.79719,1.58,1.19
2014.04.17 13:20:42.131,1.79704,1.79719,1.10,1.19
2014.04.17 13:20:42.703,1.79704,1.7972,1.10,1.19
2014.04.17 13:20:43.208,1.79704,1.7972,1.28,1.19
2014.04.17 13:20:43.721,1.79707,1.7972,1.10,1.19
2014.04.17 13:20:43.822,1.79705,1.7972,1.20,1.57
2014.04.17 13:20:44.143,1.79705,1.7972,1.10,1.00
2014.04.17 13:20:44.244,1.79703,1.7972,1.00,1.63
2014.04.17 13:20:44.548,1.79703,1.79718,1.10,1.00
2014.04.17 13:20:44.598,1.79708,1.79718,1.10,1.00
2014.04.17 13:20:44.801,1.79703,1.79718,1.28,1.00
2014.04.17 13:20:45.341,1.79703,1.7972,1.00,1.32
2014.04.17 13:20:45.442,1.79703,1.7972,1.00,2.07
2014.04.17 13:20:46.463,1.79703,1.79719,1.00,1.19
2014.04.17 13:20:47.532,1.79703,1.79719,1.00,1.19
2014.04.17 13:20:47.837,1.79704,1.7972,1.10,1.32
2014.04.17 13:20:49.831,1.79703,1.7972,1.00,1.32
2014.04.17 13:20:50.268,1.79703,1.7972,1.00,2.82
2014.04.17 13:20:51.742,1.79703,1.79719,1.00,1.69
2014.04.17 13:20:52.487,1.79702,1.79717,1.10,1.19
2014.04.17 13:20:56.500,1.79702,1.79717,1.10,1.69
2014.04.17 13:20:57.699,1.79702,1.79717,1.00,1.32
2014.04.17 13:20:59.798,1.79702,1.79719,1.58,2.07
2014.04.17 13:21:00.312,1.79703,1.79719,1.10,2.07
2014.04.17 13:21:05.811,1.79703,1.79718,1.10,1.19
2014.04.17 13:21:09.659,1.79702,1.79718,1.58,1.57
2014.04.17 13:21:10.836,1.79702,1.79717,1.58,1.57
2014.04.17 13:21:11.851,1.79702,1.79719,1.58,2.07
2014.04.17 13:21:12.854,1.79702,1.79719,1.58,2.07
2014.04.17 13:21:13.627,1.79704,1.79719,1.00,1.57
2014.04.17 13:21:15.285,1.79704,1.79719,1.00,1.57
2014.04.17 13:21:15.606,1.79707,1.79719,1.10,1.32
2014.04.17 13:21:15.707,1.79707,1.79721,1.10,1.57
2014.04.17 13:21:15.808,1.79707,1.79723,1.10,1.00
2014.04.17 13:21:16.125,1.79709,1.79723,1.10,1.00
2014.04.17 13:21:16.840,1.79712,1.79728,1.00,1.67
2014.04.17 13:21:17.374,1.79712,1.79729,1.00,1.74
2014.04.17 13:21:18.687,1.79714,1.7973,1.00,2.55
2014.04.17 13:21:20.496,1.79714,1.79728,1.00,1.67
2014.04.17 13:21:22.711,1.79714,1.79729,1.00,2.22
2014.04.17 13:21:23.324,1.79714,1.79727,1.00,2.07
2014.04.17 13:21:24.878,1.79713,1.79727,1.00,2.07
2014.04.17 13:21:26.224,1.79713,1.79726,1.00,2.07
2014.04.17 13:21:30.567,1.79711,1.79726,1.00,2.07
2014.04.17 13:21:31.118,1.7971,1.79726,1.00,2.07
2014.04.17 13:21:31.270,1.7971,1.79722,1.00,2.07
2014.04.17 13:21:31.575,1.79707,1.79715,1.00,1.13
2014.04.17 13:21:31.676,1.79704,1.79715,1.00,1.32
2014.04.17 13:21:31.893,1.79704,1.79717,1.00,1.57
2014.04.17 13:21:32.095,1.79704,1.79721,1.00,2.82
2014.04.17 13:21:32.640,1.79703,1.79718,1.10,1.19
2014.04.17 13:21:35.080,1.79703,1.79718,1.10,1.19
2014.04.17 13:21:35.868,1.79704,1.79718,1.10,1.19
2014.04.17 13:21:36.221,1.79709,1.7972,1.10,1.19
2014.04.17 13:21:36.322,1.79711,1.79723,1.10,1.00
2014.04.17 13:21:36.424,1.79715,1.79723,1.10,1.00
2014.04.17 13:21:36.525,1.79715,1.79727,1.10,1.00
2014.04.17 13:21:36.626,1.79721,1.79727,1.10,1.00
2014.04.17 13:21:37.058,1.79723,1.79735,1.10,1.25
2014.04.17 13:21:38.158,1.79723,1.79737,1.10,1.32
2014.04.17 13:21:38.667,1.79723,1.79737,1.10,1.47
2014.04.17 13:21:47.571,1.79722,1.79737,1.10,1.74
2014.04.17 13:21:47.672,1.7972,1.79737,1.58,1.74
2014.04.17 13:21:48.200,1.79721,1.79735,1.10,1.28
2014.04.17 13:21:50.060,1.79719,1.79735,1.10,1.47
2014.04.17 13:21:57.462,1.79721,1.79735,1.10,1.47
2014.04.17 13:21:59.276,1.7972,1.79735,1.10,1.47
2014.04.17 13:22:00.062,1.7972,1.79735,1.10,1.47
2014.04.17 13:22:00.377,1.79718,1.79735,1.58,1.47
2014.04.17 13:22:00.590,1.7972,1.79735,1.10,1.74
2014.04.17 13:22:01.386,1.79722,1.79735,1.10,1.74
2014.04.17 13:22:01.487,1.7972,1.79735,1.10,1.64
2014.04.17 13:22:01.689,1.7972,1.79735,1.10,1.33
2014.04.17 13:22:01.740,1.79724,1.79737,1.10,1.77
2014.04.17 13:22:01.841,1.79724,1.79737,1.10,1.57
2014.04.17 13:22:01.943,1.79722,1.79737,1.58,1.57
2014.04.17 13:22:02.046,1.79722,1.79737,1.58,2.14
2014.04.17 13:22:02.147,1.7972,1.79735,1.10,1.47
2014.04.17 13:22:03.467,1.79717,1.79732,1.00,1.55
2014.04.17 13:22:03.518,1.79714,1.79731,1.00,1.20
2014.04.17 13:22:03.569,1.79714,1.79731,1.00,1.48
2014.04.17 13:22:04.164,1.79713,1.7973,1.58,1.57
2014.04.17 13:22:04.791,1.79714,1.7973,1.10,1.57
2014.04.17 13:22:05.299,1.79715,1.79732,1.00,2.07
2014.04.17 13:22:05.624,1.79722,1.79732,1.10,1.19
2014.04.17 13:22:07.390,1.79722,1.79732,1.10,1.00
2014.04.17 13:22:08.227,1.79723,1.79732,1.10,1.00
2014.04.17 13:22:08.278,1.79723,1.79735,1.10,1.00
2014.04.17 13:22:08.531,1.79722,1.79737,1.10,1.57
2014.04.17 13:22:10.151,1.79722,1.79736,1.10,1.00
2014.04.17 13:22:10.202,1.79727,1.79736,1.10,1.00
2014.04.17 13:22:10.303,1.79723,1.79737,1.10,1.32
2014.04.17 13:22:12.182,1.79722,1.79737,1.10,1.63
2014.04.17 13:22:12.934,1.7972,1.79736,1.10,1.74
2014.04.17 13:22:13.349,1.79726,1.79736,1.10,1.74
2014.04.17 13:22:13.501,1.79722,1.79736,1.10,1.32
2014.04.17 13:22:14.025,1.79721,1.79738,1.58,1.63
2014.04.17 13:22:14.271,1.79721,1.79738,1.58,1.57
2014.04.17 13:22:14.506,1.79719,1.79735,1.10,1.78
2014.04.17 13:22:15.443,1.79721,1.79735,1.10,1.78
2014.04.17 13:22:16.169,1.7972,1.79735,1.10,1.72
2014.04.17 13:22:25.175,1.79726,1.79735,1.10,1.34
2014.04.17 13:22:25.226,1.79726,1.79735,1.10,1.00
2014.04.17 13:22:25.276,1.79728,1.79735,1.10,1.00
2014.04.17 13:22:25.327,1.79728,1.79737,1.10,1.00
2014.04.17 13:22:25.378,1.79732,1.79737,1.10,1.00
2014.04.17 13:22:25.429,1.79732,1.7974,1.10,1.00
2014.04.17 13:22:25.636,1.79732,1.79744,1.10,1.19
2014.04.17 13:22:26.506,1.79732,1.79744,1.10,1.00
2014.04.17 13:22:26.709,1.79728,1.79744,1.10,1.00
2014.04.17 13:22:28.669,1.79732,1.79744,1.10,1.00
2014.04.17 13:22:29.990,1.79728,1.79744,1.10,1.00
2014.04.17 13:22:30.251,1.79727,1.79744,1.00,1.38
2014.04.17 13:22:30.503,1.79725,1.79742,1.00,1.20
2014.04.17 13:22:30.655,1.79725,1.79742,1.00,1.39
2014.04.17 13:22:31.214,1.79726,1.79742,1.10,1.67
2014.04.17 13:22:31.480,1.79724,1.7974,1.10,1.39
2014.04.17 13:22:32.013,1.79724,1.7974,1.10,1.47
2014.04.17 13:22:32.545,1.79723,1.7974,1.00,1.47
2014.04.17 13:22:33.152,1.79722,1.79739,1.58,1.29
2014.04.17 13:22:34.943,1.79724,1.79739,1.10,1.29
2014.04.17 13:22:40.366,1.79726,1.79739,1.10,1.29
2014.04.17 13:22:41.521,1.79726,1.79739,1.10,1.02
2014.04.17 13:22:41.673,1.79724,1.79739,1.10,1.02
2014.04.17 13:22:42.497,1.79724,1.79739,1.10,1.29
2014.04.17 13:22:42.649,1.79732,1.79741,1.10,1.34
2014.04.17 13:22:42.700,1.79733,1.79741,1.10,1.00
2014.04.17 13:22:42.801,1.79732,1.79743,1.10,1.13
2014.04.17 13:22:43.457,1.79732,1.79741,1.10,1.00
2014.04.17 13:22:45.185,1.79731,1.79741,1.10,1.10
2014.04.17 13:22:45.711,1.79729,1.79741,1.10,1.10
2014.04.17 13:22:46.022,1.79728,1.79739,1.10,1.00
2014.04.17 13:22:47.922,1.79725,1.79739,1.10,1.15
2014.04.17 13:22:49.462,1.79722,1.79737,1.10,1.10
2014.04.17 13:22:49.665,1.79725,1.79737,1.10,1.10
2014.04.17 13:22:49.922,1.79719,1.79735,1.10,1.10
2014.04.17 13:22:50.073,1.79719,1.79733,1.10,1.00
2014.04.17 13:22:50.639,1.79718,1.79733,1.10,1.00
2014.04.17 13:22:51.641,1.79719,1.79733,1.10,1.10
2014.04.17 13:22:52.155,1.79719,1.79732,1.10,1.10
2014.04.17 13:22:52.634,1.79721,1.79732,1.10,1.10
2014.04.17 13:22:55.610,1.79719,1.79732,1.10,1.20
2014.04.17 13:22:55.812,1.79719,1.79732,1.10,1.20
2014.04.17 13:22:55.963,1.79717,1.7973,1.10,1.18
2014.04.17 13:22:56.244,1.79716,1.7973,1.10,1.20
2014.04.17 13:22:56.929,1.79714,1.79727,1.10,1.18
2014.04.17 13:22:57.434,1.79714,1.79725,1.10,1.00
2014.04.17 13:22:57.536,1.79714,1.79725,1.10,1.08
2014.04.17 13:22:57.738,1.7971,1.79725,1.10,1.40
2014.04.17 13:22:58.337,1.7971,1.7972,1.10,1.00
2014.04.17 13:22:59.459,1.79712,1.7972,1.10,1.00
2014.04.17 13:23:00.547,1.79712,1.79722,1.10,1.00
2014.04.17 13:23:01.065,1.79713,1.79722,1.10,1.00
2014.04.17 13:23:01.559,1.7971,1.79722,1.10,1.08
2014.04.17 13:23:01.761,1.79708,1.79722,1.10,1.78
2014.04.17 13:23:01.812,1.79708,1.79721,1.10,2.37
2014.04.17 13:23:01.863,1.79703,1.79717,1.00,1.34
2014.04.17 13:23:01.964,1.79701,1.79715,1.10,1.00
2014.04.17 13:23:02.419,1.79705,1.79715,1.10,1.00
2014.04.17 13:23:02.817,1.79705,1.79718,1.10,1.32
2014.04.17 13:23:04.404,1.79706,1.7972,1.10,1.19
2014.04.17 13:23:04.657,1.79709,1.7972,1.10,1.00
2014.04.17 13:23:04.859,1.79707,1.7972,1.10,1.00
2014.04.17 13:23:04.910,1.79707,1.7972,1.10,1.34
2014.04.17 13:23:04.961,1.79703,1.7972,1.25,1.72
2014.04.17 13:23:05.063,1.79703,1.79717,1.00,1.38
2014.04.17 13:23:05.658,1.79703,1.79715,1.10,1.00
2014.04.17 13:23:06.248,1.79703,1.79719,1.10,1.32
2014.04.17 13:23:07.461,1.79704,1.79719,1.10,1.32
2014.04.17 13:23:07.563,1.79704,1.79719,1.10,1.47
2014.04.17 13:23:07.715,1.79702,1.79717,1.00,1.47
2014.04.17 13:23:07.817,1.797,1.79717,1.00,2.22
2014.04.17 13:23:07.989,1.79697,1.79714,1.77,1.00
2014.04.17 13:23:08.305,1.79697,1.79707,1.77,1.09
2014.04.17 13:23:08.672,1.79697,1.7971,1.10,1.88
2014.04.17 13:23:09.034,1.79695,1.7971,1.10,1.00
2014.04.17 13:23:09.803,1.79695,1.7971,1.10,1.38
2014.04.17 13:23:10.542,1.79694,1.7971,1.10,1.63
2014.04.17 13:23:11.572,1.79694,1.7971,1.10,1.63
2014.04.17 13:23:16.845,1.79694,1.7971,1.10,1.32
2014.04.17 13:23:16.947,1.79695,1.7971,1.10,1.13
2014.04.17 13:23:17.666,1.79693,1.7971,1.00,1.32
2014.04.17 13:23:18.366,1.79693,1.7971,1.00,1.32
2014.04.17 13:23:19.115,1.79693,1.7971,1.00,1.57
2014.04.17 13:23:19.377,1.79691,1.79708,1.00,1.13
2014.04.17 13:23:21.085,1.79691,1.79707,1.00,1.34
2014.04.17 13:23:21.240,1.79688,1.79705,1.00,1.34
2014.04.17 13:23:21.955,1.79688,1.79705,1.00,1.00
2014.04.17 13:23:22.348,1.79686,1.79703,1.00,1.00
2014.04.17 13:23:22.966,1.79688,1.79705,1.00,1.00
2014.04.17 13:23:26.418,1.7969,1.79707,1.00,1.38
2014.04.17 13:23:26.921,1.79701,1.79707,1.10,1.00
2014.04.17 13:23:27.073,1.79703,1.79712,1.10,1.00
2014.04.17 13:23:27.627,1.79703,1.79716,1.10,1.00
2014.04.17 13:23:28.484,1.79703,1.79715,1.10,1.00
2014.04.17 13:23:30.217,1.79707,1.79715,1.10,1.00
2014.04.17 13:23:30.337,1.79707,1.79718,1.10,1.00
2014.04.17 13:23:30.539,1.79709,1.79718,1.10,1.00
2014.04.17 13:23:30.895,1.79709,1.79721,1.10,1.00
2014.04.17 13:23:31.222,1.79711,1.79725,1.10,1.39
2014.04.17 13:23:31.766,1.79711,1.79725,1.10,1.20
2014.04.17 13:23:32.319,1.79711,1.79723,1.10,1.00
2014.04.17 13:23:37.510,1.79711,1.79726,1.10,1.18
2014.04.17 13:23:38.715,1.79711,1.79724,1.10,1.00
2014.04.17 13:23:39.690,1.79707,1.79721,1.00,1.00
2014.04.17 13:23:39.741,1.79707,1.7972,1.00,1.38
2014.04.17 13:23:39.842,1.79703,1.7972,1.00,2.33
2014.04.17 13:23:40.045,1.79703,1.79717,1.00,1.02
2014.04.17 13:23:40.146,1.797,1.79716,1.10,1.77
2014.04.17 13:23:40.399,1.797,1.79712,1.10,1.28
2014.04.17 13:23:40.713,1.79699,1.79707,1.00,1.00
2014.04.17 13:23:40.814,1.79694,1.79707,1.00,1.00
2014.04.17 13:23:41.019,1.79692,1.79707,1.58,1.00
2014.04.17 13:23:41.541,1.79693,1.79707,1.10,1.00
2014.04.17 13:23:41.643,1.79692,1.79709,1.58,1.00
2014.04.17 13:23:41.794,1.79692,1.79707,1.10,1.00
2014.04.17 13:23:42.986,1.79692,1.79709,1.58,1.00
2014.04.17 13:23:51.239,1.79695,1.79709,1.10,1.00
2014.04.17 13:23:51.543,1.79698,1.79709,1.10,1.00
2014.04.17 13:23:51.595,1.79698,1.79711,1.10,1.00
2014.04.17 13:23:51.646,1.79701,1.79711,1.10,1.00
2014.04.17 13:23:51.999,1.79701,1.79713,1.10,1.00
2014.04.17 13:23:52.452,1.79699,1.79713,1.10,1.00
2014.04.17 13:23:52.554,1.79699,1.79715,1.10,1.00
2014.04.17 13:23:52.655,1.79701,1.79715,1.10,1.00
2014.04.17 13:23:53.194,1.797,1.79715,1.10,1.00
2014.04.17 13:23:53.705,1.79699,1.79714,1.10,1.00
2014.04.17 13:23:54.009,1.79697,1.79712,1.00,1.00
2014.04.17 13:23:56.133,1.79697,1.79714,1.58,1.00
2014.04.17 13:23:56.184,1.797,1.79714,1.10,1.00
2014.04.17 13:23:56.368,1.79697,1.79714,1.58,1.00
2014.04.17 13:23:56.610,1.79697,1.79712,1.58,1.00
2014.04.17 13:23:57.793,1.79697,1.79712,1.00,1.18
2014.04.17 13:23:57.882,1.79694,1.79711,1.00,1.10
2014.04.17 13:23:59.361,1.79696,1.79713,1.00,1.58
2014.04.17 13:24:01.424,1.79696,1.79713,1.00,1.19
2014.04.17 13:24:01.931,1.79696,1.79713,1.00,1.00
2014.04.17 13:24:02.436,1.79699,1.79713,1.10,1.00
2014.04.17 13:24:02.674,1.79696,1.79713,1.00,1.10
2014.04.17 13:24:07.737,1.79696,1.79709,1.00,1.10
2014.04.17 13:24:07.939,1.79696,1.79713,1.00,1.09
2014.04.17 13:24:08.476,1.79696,1.79713,1.00,1.25
2014.04.17 13:24:08.585,1.79694,1.79711,1.00,1.00
2014.04.17 13:24:10.611,1.79696,1.79713,1.00,1.58
2014.04.17 13:24:15.514,1.79696,1.79707,1.00,1.10
2014.04.17 13:24:17.919,1.79696,1.79711,1.00,1.10
2014.04.17 13:24:18.378,1.79696,1.79707,1.00,1.10
2014.04.17 13:24:18.699,1.79696,1.79705,1.00,1.10
2014.04.17 13:24:22.888,1.79696,1.79703,1.00,1.10
2014.04.17 13:24:22.991,1.79696,1.79704,1.00,1.10
2014.04.17 13:24:23.417,1.79694,1.79702,1.19,1.10
2014.04.17 13:24:24.260,1.79694,1.79702,1.25,1.10
2014.04.17 13:24:24.645,1.79694,1.79704,1.25,1.10
2014.04.17 13:24:31.493,1.79694,1.79704,1.19,1.10
2014.04.17 13:24:33.573,1.79694,1.79704,1.25,1.10
2014.04.17 13:24:36.931,1.79694,1.79705,1.25,1.10
2014.04.17 13:24:37.106,1.79696,1.79705,1.00,1.10
2014.04.17 13:24:37.358,1.79696,1.79707,1.00,1.10
2014.04.17 13:24:37.655,1.79698,1.79707,1.00,1.10
2014.04.17 13:24:39.777,1.79698,1.79706,1.00,1.10
2014.04.17 13:24:40.657,1.79698,1.79704,1.00,1.10
2014.04.17 13:24:40.961,1.79688,1.79693,1.00,1.00
2014.04.17 13:24:41.011,1.79687,1.79692,1.00,1.00
2014.04.17 13:24:41.112,1.79687,1.79692,1.00,1.00
2014.04.17 13:24:41.738,1.79678,1.79683,1.00,1.10
2014.04.17 13:24:41.990,1.79672,1.79683,1.00,1.10
2014.04.17 13:24:43.232,1.79672,1.79687,1.00,1.10
2014.04.17 13:24:43.383,1.79674,1.79687,1.00,1.10
2014.04.17 13:24:43.639,1.79674,1.79691,1.00,1.00
2014.04.17 13:24:44.222,1.79674,1.79688,1.00,1.10
2014.04.17 13:24:44.717,1.79677,1.79689,1.00,1.10
2014.04.17 13:24:45.049,1.7968,1.79691,1.00,1.10
2014.04.17 13:24:45.201,1.7968,1.79694,1.29,1.10
2014.04.17 13:24:45.795,1.79683,1.79694,1.00,1.10
2014.04.17 13:24:50.116,1.79683,1.79696,1.00,1.10
2014.04.17 13:24:50.305,1.79685,1.79696,1.00,1.10
2014.04.17 13:24:51.107,1.79685,1.79697,1.00,1.10
2014.04.17 13:24:53.016,1.79685,1.79692,1.00,1.10
2014.04.17 13:24:53.066,1.79683,1.79692,1.00,1.10
2014.04.17 13:24:53.574,1.79683,1.79691,1.00,1.10
2014.04.17 13:24:53.675,1.79683,1.79693,1.00,1.10
2014.04.17 13:24:53.726,1.7968,1.79693,1.00,1.10
2014.04.17 13:24:54.279,1.7968,1.79691,1.00,1.10
2014.04.17 13:24:54.431,1.7968,1.79693,1.00,1.10
2014.04.17 13:24:54.842,1.79682,1.79693,1.00,1.10
2014.04.17 13:24:56.388,1.79682,1.79697,1.00,1.10
2014.04.17 13:24:56.590,1.79684,1.79697,1.00,1.10
2014.04.17 13:25:08.728,1.79684,1.79694,1.00,1.10
2014.04.17 13:25:08.829,1.79682,1.79694,1.00,1.10
2014.04.17 13:25:08.944,1.79682,1.79697,1.00,1.10
2014.04.17 13:25:09.045,1.79684,1.79697,1.00,1.10
2014.04.17 13:25:13.905,1.79684,1.797,1.00,1.10
2014.04.17 13:25:15.077,1.79687,1.797,1.00,1.10
2014.04.17 13:25:15.438,1.79687,1.79697,1.00,1.10
2014.04.17 13:25:15.780,1.79684,1.79693,1.00,1.10
2014.04.17 13:25:16.083,1.79684,1.7969,1.00,1.10
2014.04.17 13:25:16.184,1.79682,1.7969,1.00,1.10
2014.04.17 13:25:16.371,1.79682,1.79688,1.00,1.10
2014.04.17 13:25:16.854,1.7968,1.79688,1.00,1.10
2014.04.17 13:25:17.825,1.79678,1.79688,1.00,1.10
2014.04.17 13:25:17.876,1.79678,1.79685,1.00,1.10
2014.04.17 13:25:17.977,1.79678,1.79687,1.00,1.10
2014.04.17 13:25:18.188,1.79678,1.79685,1.00,1.10
2014.04.17 13:25:18.406,1.79678,1.79687,1.00,1.10
2014.04.17 13:25:18.666,1.79678,1.79683,1.00,1.10
2014.04.17 13:25:18.821,1.79676,1.79683,1.00,1.10
2014.04.17 13:25:19.180,1.79676,1.79686,1.00,1.10
2014.04.17 13:25:19.437,1.79676,1.79684,1.00,1.10
2014.04.17 13:25:19.864,1.79676,1.79687,1.00,1.10
2014.04.17 13:25:20.366,1.79677,1.79686,1.00,1.10
2014.04.17 13:25:22.193,1.79677,1.79685,1.00,1.10
2014.04.17 13:25:22.294,1.79677,1.79687,1.00,1.10
2014.04.17 13:25:27.332,1.79677,1.79682,1.00,1.10
2014.04.17 13:25:27.636,1.79673,1.7968,1.00,1.10
2014.04.17 13:25:28.414,1.79671,1.7968,1.00,1.10
2014.04.17 13:25:33.708,1.79671,1.79679,1.00,1.10
2014.04.17 13:25:33.910,1.79669,1.79679,1.00,1.10
2014.04.17 13:25:33.961,1.79669,1.79677,1.00,1.10
2014.04.17 13:25:34.465,1.79667,1.79677,1.00,1.10
2014.04.17 13:25:34.718,1.79667,1.79675,1.00,1.10
2014.04.17 13:25:35.095,1.79665,1.79675,1.00,1.10
2014.04.17 13:25:35.681,1.79665,1.79674,1.00,1.10
2014.04.17 13:25:36.986,1.79665,1.79673,1.00,1.10
2014.04.17 13:25:37.646,1.79665,1.79674,1.00,1.10
2014.04.17 13:25:44.800,1.79665,1.79673,1.00,1.10
2014.04.17 13:25:45.704,1.79663,1.79673,1.00,1.10
2014.04.17 13:25:49.757,1.79663,1.79674,1.00,1.10
2014.04.17 13:25:50.876,1.79663,1.79677,1.00,1.10
2014.04.17 13:25:50.978,1.79665,1.79677,1.00,1.10
2014.04.17 13:25:51.439,1.79667,1.79678,1.00,1.10
2014.04.17 13:25:53.095,1.79669,1.79678,1.00,1.10
2014.04.17 13:25:54.160,1.79669,1.79677,1.00,1.10
2014.04.17 13:25:54.413,1.79669,1.79681,1.00,1.29
2014.04.17 13:25:55.397,1.79669,1.79681,1.00,1.10
2014.04.17 13:25:56.127,1.79669,1.79678,1.00,1.10
2014.04.17 13:25:59.213,1.79669,1.7968,1.00,1.10
2014.04.17 13:25:59.365,1.79667,1.7968,1.00,1.10
2014.04.17 13:25:59.668,1.79665,1.79673,1.00,1.10
2014.04.17 13:26:00.316,1.79663,1.79673,1.00,1.10
2014.04.17 13:26:00.417,1.79663,1.79677,1.00,1.10
2014.04.17 13:26:00.619,1.79663,1.79679,1.00,1.10
2014.04.17 13:26:01.439,1.79665,1.79679,1.00,1.10
2014.04.17 13:26:01.969,1.79665,1.79681,1.00,1.02
2014.04.17 13:26:02.314,1.79667,1.79681,1.00,1.10
2014.04.17 13:26:02.932,1.79667,1.79684,1.00,1.10
2014.04.17 13:26:04.187,1.79673,1.79684,1.38,1.10
2014.04.17 13:26:04.289,1.79673,1.79689,1.88,1.02
2014.04.17 13:26:04.340,1.79673,1.79689,1.95,1.10
2014.04.17 13:26:04.391,1.79677,1.79694,1.00,1.25
2014.04.17 13:26:04.442,1.79677,1.79694,1.48,1.00
2014.04.17 13:26:04.764,1.79689,1.79694,1.10,1.00
2014.04.17 13:26:05.384,1.79689,1.797,1.10,1.19
2014.04.17 13:26:05.554,1.79689,1.797,1.10,1.25
2014.04.17 13:26:07.182,1.79689,1.79704,1.10,1.32
2014.04.17 13:26:08.127,1.79689,1.79702,1.10,1.00
2014.04.17 13:26:08.635,1.7969,1.79702,1.10,1.00
2014.04.17 13:26:09.218,1.79689,1.79702,1.10,1.00
2014.04.17 13:26:09.745,1.7969,1.79702,1.10,1.00
2014.04.17 13:26:09.797,1.79687,1.79702,1.10,1.00
2014.04.17 13:26:09.898,1.79685,1.79702,1.58,1.00
2014.04.17 13:26:09.999,1.79685,1.79702,1.58,1.84
2014.04.17 13:26:10.201,1.79683,1.79699,1.10,1.00
2014.04.17 13:26:11.987,1.79685,1.79699,1.10,1.25
2014.04.17 13:26:13.075,1.79685,1.79701,1.10,1.25
2014.04.17 13:26:14.935,1.79686,1.79701,1.10,1.25
2014.04.17 13:26:15.036,1.79686,1.79702,1.10,1.39
2014.04.17 13:26:17.074,1.79686,1.79702,1.10,1.40
2014.04.17 13:26:17.683,1.79688,1.79702,1.10,1.19
2014.04.17 13:26:17.734,1.79688,1.79704,1.10,1.19
2014.04.17 13:26:17.912,1.7969,1.79704,1.10,1.00
2014.04.17 13:26:17.964,1.7969,1.79706,1.10,1.25
2014.04.17 13:26:18.575,1.79692,1.79709,1.00,1.19
2014.04.17 13:26:18.949,1.79692,1.79709,1.58,1.25
2014.04.17 13:26:19.151,1.79694,1.79711,1.00,1.29
2014.04.17 13:26:19.252,1.79694,1.79711,1.00,1.10
2014.04.17 13:26:20.124,1.79696,1.79713,1.00,1.34
2014.04.17 13:26:21.997,1.79696,1.79713,1.00,1.19
2014.04.17 13:26:22.503,1.79697,1.79714,1.00,1.29
2014.04.17 13:26:22.756,1.79697,1.79714,1.00,1.02
2014.04.17 13:26:23.769,1.79697,1.79714,1.00,1.29
2014.04.17 13:26:28.253,1.79697,1.79714,1.00,1.67
2014.04.17 13:26:28.355,1.79697,1.79714,1.00,1.74
2014.04.17 13:26:28.661,1.79698,1.79714,1.10,1.27
2014.04.17 13:26:29.192,1.79697,1.79714,1.00,1.19
2014.04.17 13:26:30.683,1.79697,1.79714,1.00,1.29
2014.04.17 13:26:31.398,1.79697,1.79714,1.00,1.39
2014.04.17 13:26:32.334,1.79695,1.79712,1.00,1.29
2014.04.17 13:26:33.101,1.79695,1.79712,1.00,1.39
2014.04.17 13:26:36.597,1.79695,1.79712,1.00,1.39
2014.04.17 13:26:37.926,1.79695,1.79712,1.00,1.10
2014.04.17 13:26:38.405,1.79699,1.79716,1.00,1.47
2014.04.17 13:26:38.952,1.79697,1.79714,1.00,1.02
2014.04.17 13:26:40.441,1.79697,1.79714,1.00,1.39
2014.04.17 13:26:41.076,1.79694,1.79711,1.00,1.00
2014.04.17 13:26:41.659,1.79694,1.79711,1.00,1.19
2014.04.17 13:26:42.632,1.79694,1.79711,1.00,1.25
2014.04.17 13:26:46.167,1.79694,1.79711,1.00,1.29
2014.04.17 13:26:46.717,1.79694,1.79711,1.00,1.00
2014.04.17 13:26:46.919,1.79698,1.79711,1.10,1.00
2014.04.17 13:26:47.450,1.79698,1.79713,1.10,1.19
2014.04.17 13:26:47.959,1.79697,1.79713,1.10,1.25
2014.04.17 13:26:52.965,1.79696,1.79713,1.00,1.00
2014.04.17 13:26:54.155,1.79697,1.79713,1.10,1.00
2014.04.17 13:26:54.799,1.79696,1.79713,1.00,1.00
2014.04.17 13:26:57.436,1.79697,1.79713,1.10,1.00
2014.04.17 13:26:57.944,1.79696,1.79713,1.58,1.00
2014.04.17 13:26:58.755,1.79699,1.79713,1.10,1.00
2014.04.17 13:26:59.059,1.79706,1.79716,1.10,1.00
2014.04.17 13:26:59.110,1.79706,1.79718,1.10,1.00
2014.04.17 13:26:59.211,1.79704,1.79721,1.58,1.00
2014.04.17 13:27:02.058,1.79706,1.79723,1.00,1.00
2014.04.17 13:27:08.305,1.79706,1.79722,1.00,1.00
2014.04.17 13:27:08.676,1.79704,1.79721,1.00,1.57
2014.04.17 13:27:08.778,1.79702,1.79719,1.00,1.25
2014.04.17 13:27:09.636,1.79702,1.79719,1.00,1.19
2014.04.17 13:27:12.448,1.79702,1.79719,1.00,1.25
2014.04.17 13:27:18.158,1.79702,1.79719,1.00,1.19
2014.04.17 13:27:22.073,1.79702,1.79719,1.00,1.25
2014.04.17 13:27:24.175,1.79702,1.79719,1.00,1.28
2014.04.17 13:27:24.689,1.79702,1.79719,1.00,1.47
2014.04.17 13:27:25.260,1.79702,1.79717,1.00,1.38
2014.04.17 13:27:25.593,1.79699,1.79715,1.00,1.02
2014.04.17 13:27:25.910,1.79699,1.79712,1.00,1.77
2014.04.17 13:27:26.063,1.79695,1.79712,1.00,2.52
2014.04.17 13:27:26.829,1.79692,1.79709,1.00,1.77
2014.04.17 13:27:27.136,1.7969,1.79707,1.00,1.28
2014.04.17 13:27:28.416,1.7969,1.79707,1.00,1.32
2014.04.17 13:27:32.319,1.79691,1.79707,1.10,1.00
2014.04.17 13:27:32.420,1.79692,1.79709,1.00,1.25
2014.04.17 13:27:32.471,1.79692,1.79709,1.19,1.00
2014.04.17 13:27:32.572,1.79696,1.79713,1.00,1.13
2014.04.17 13:27:32.774,1.79698,1.79713,1.10,1.13
2014.04.17 13:27:33.403,1.79696,1.79713,1.00,1.13
2014.04.17 13:27:33.972,1.79694,1.79711,1.58,1.00
2014.04.17 13:27:34.962,1.797,1.79713,1.10,1.00
2014.04.17 13:27:35.395,1.79701,1.79715,1.10,1.25
2014.04.17 13:27:36.044,1.79701,1.79718,1.58,1.19
2014.04.17 13:27:36.405,1.79701,1.79718,1.00,1.25
2014.04.17 13:27:37.597,1.79702,1.79718,1.10,1.25
2014.04.17 13:27:38.410,1.79703,1.7972,1.00,1.19
2014.04.17 13:27:39.789,1.79703,1.7972,1.00,1.00
2014.04.17 13:27:42.927,1.79703,1.7972,1.19,1.00
2014.04.17 13:27:42.977,1.79709,1.7972,1.10,1.00
2014.04.17 13:27:43.028,1.79709,1.79722,1.10,1.00
2014.04.17 13:27:43.179,1.79705,1.79722,1.00,1.00
2014.04.17 13:27:43.280,1.79707,1.79724,1.00,1.19
2014.04.17 13:27:44.004,1.79705,1.79722,1.00,1.00
2014.04.17 13:27:44.615,1.79709,1.79722,1.10,1.00
2014.04.17 13:27:44.997,1.79709,1.79725,1.10,1.00
2014.04.17 13:27:45.763,1.79708,1.79725,1.00,1.00
2014.04.17 13:27:48.039,1.79708,1.79725,1.00,1.57
2014.04.17 13:27:48.091,1.79706,1.79723,1.00,1.13
2014.04.17 13:27:48.246,1.7971,1.79723,1.10,1.00
2014.04.17 13:27:48.448,1.7971,1.79726,1.10,1.38
2014.04.17 13:27:48.549,1.79709,1.79726,1.00,1.74
2014.04.17 13:27:49.055,1.79709,1.79726,1.00,1.77
2014.04.17 13:27:49.106,1.79706,1.79723,1.00,1.47
2014.04.17 13:27:49.563,1.79706,1.79723,1.00,1.74
2014.04.17 13:27:50.384,1.79704,1.79721,1.00,1.57
2014.04.17 13:27:50.986,1.79706,1.79721,1.10,1.57
2014.04.17 13:27:51.724,1.79705,1.79721,1.10,1.57
2014.04.17 13:27:52.277,1.79704,1.79721,1.58,1.63
2014.04.17 13:27:53.931,1.79705,1.79721,1.10,1.57
2014.04.17 13:27:55.736,1.79704,1.79721,1.00,1.57
2014.04.17 13:27:56.242,1.79703,1.79718,1.10,1.47
2014.04.17 13:27:57.141,1.79701,1.79718,1.00,1.47
2014.04.17 13:27:57.443,1.79699,1.79716,1.00,1.00
2014.04.17 13:27:57.969,1.79699,1.79716,1.00,1.19
2014.04.17 13:27:58.375,1.79699,1.79716,1.00,1.72
2014.04.17 13:27:58.639,1.79696,1.79713,1.00,1.72
2014.04.17 13:27:58.744,1.79695,1.79709,1.10,1.00
2014.04.17 13:27:58.896,1.79692,1.79709,1.00,1.00
2014.04.17 13:28:02.366,1.79693,1.79709,1.00,1.00
2014.04.17 13:28:02.417,1.79705,1.79713,1.10,1.00
2014.04.17 13:28:02.618,1.79701,1.79718,1.58,1.00
2014.04.17 13:28:03.122,1.79702,1.79718,1.10,1.00
2014.04.17 13:28:03.425,1.79704,1.79718,1.10,1.00
2014.04.17 13:28:03.526,1.79701,1.79718,1.58,1.00
2014.04.17 13:28:03.980,1.79701,1.79716,1.10,1.00
2014.04.17 13:28:04.145,1.79699,1.79716,1.00,1.00
2014.04.17 13:28:04.264,1.79701,1.79718,1.00,1.00
2014.04.17 13:28:04.924,1.79701,1.79718,1.00,2.14
2014.04.17 13:28:05.034,1.79699,1.79716,1.00,1.00
2014.04.17 13:28:06.484,1.79699,1.79716,1.00,1.32
2014.04.17 13:28:08.599,1.79697,1.79714,1.00,1.00
2014.04.17 13:28:14.078,1.797,1.79717,1.00,1.57
2014.04.17 13:28:14.725,1.797,1.79717,1.00,1.00
2014.04.17 13:28:14.996,1.79702,1.79719,1.00,2.14
2014.04.17 13:28:15.962,1.79699,1.79716,1.00,1.00
2014.04.17 13:28:17.245,1.79701,1.79718,1.00,1.57
2014.04.17 13:28:17.626,1.79701,1.79718,1.00,1.65
2014.04.17 13:28:17.929,1.79698,1.79715,1.00,1.13
2014.04.17 13:28:18.783,1.797,1.79717,1.00,2.14
2014.04.17 13:28:19.317,1.797,1.79717,1.00,1.19
2014.04.17 13:28:21.185,1.797,1.79717,1.00,1.25
2014.04.17 13:28:21.236,1.79702,1.79717,1.10,1.25
2014.04.17 13:28:21.438,1.79704,1.7972,1.10,1.25
2014.04.17 13:28:22.272,1.79704,1.7972,1.10,1.63
2014.04.17 13:28:22.576,1.79703,1.79715,1.00,1.02
2014.04.17 13:28:22.677,1.79698,1.79715,1.00,1.77
2014.04.17 13:28:23.533,1.79692,1.79709,1.58,1.00
2014.04.17 13:28:24.203,1.79688,1.79705,1.25,1.00
2014.04.17 13:28:27.391,1.79696,1.79705,1.10,1.00
2014.04.17 13:28:27.492,1.79694,1.79709,1.10,1.00
2014.04.17 13:28:27.694,1.79696,1.79709,1.10,1.00
2014.04.17 13:28:27.947,1.79692,1.79709,1.73,1.00
2014.04.17 13:28:28.477,1.79692,1.79709,1.00,1.00
2014.04.17 13:28:30.191,1.79692,1.79709,1.00,1.19
2014.04.17 13:28:31.310,1.79692,1.79709,1.00,1.19
2014.04.17 13:28:31.512,1.79692,1.79709,1.00,1.32
2014.04.17 13:28:32.381,1.7969,1.79707,1.00,1.19
2014.04.17 13:28:32.616,1.79692,1.79707,1.10,1.19
2014.04.17 13:28:32.718,1.79692,1.79707,1.10,1.19
2014.04.17 13:28:33.729,1.79692,1.79707,1.10,1.00
2014.04.17 13:28:33.937,1.79695,1.79707,1.10,1.00
2014.04.17 13:28:34.493,1.79695,1.79708,1.10,1.25
2014.04.17 13:28:34.594,1.79692,1.79708,1.10,1.25
2014.04.17 13:28:34.746,1.79694,1.79708,1.10,1.25
2014.04.17 13:28:35.303,1.79694,1.79708,1.10,1.19
2014.04.17 13:28:35.611,1.79697,1.79708,1.10,1.00
2014.04.17 13:28:36.389,1.79698,1.79708,1.10,1.00
2014.04.17 13:28:36.692,1.79694,1.79708,1.10,1.00
2014.04.17 13:28:36.907,1.79696,1.79708,1.10,1.00
2014.04.17 13:28:37.644,1.79696,1.79708,1.10,1.19
2014.04.17 13:28:37.695,1.79693,1.79708,1.10,1.19
2014.04.17 13:28:38.137,1.79695,1.79708,1.10,1.19
2014.04.17 13:28:38.490,1.79693,1.79708,1.10,1.19
2014.04.17 13:28:38.692,1.79695,1.79708,1.10,1.19
2014.04.17 13:28:39.222,1.79694,1.79708,1.10,1.25
2014.04.17 13:28:42.627,1.79692,1.79708,1.10,1.00
2014.04.17 13:28:42.853,1.79692,1.79706,1.10,1.00
2014.04.17 13:28:43.373,1.79692,1.79706,1.10,1.19
2014.04.17 13:28:43.424,1.79689,1.79706,1.00,1.19
2014.04.17 13:28:43.626,1.79694,1.79706,1.10,1.32
2014.04.17 13:28:44.384,1.797,1.79707,1.10,1.00
2014.04.17 13:28:44.485,1.79702,1.79712,1.10,1.19
2014.04.17 13:28:45.134,1.79702,1.79712,1.10,1.00
2014.04.17 13:28:45.773,1.79702,1.79714,1.10,1.25
2014.04.17 13:28:47.566,1.79702,1.79714,1.10,1.19
2014.04.17 13:28:48.125,1.79704,1.79714,1.10,1.19
2014.04.17 13:28:48.698,1.79704,1.79715,1.10,1.25
2014.04.17 13:28:49.123,1.79702,1.79715,1.10,1.25
2014.04.17 13:28:49.405,1.79702,1.79712,1.10,1.00
2014.04.17 13:28:50.393,1.79702,1.79714,1.10,1.00
2014.04.17 13:28:51.381,1.79702,1.79714,1.10,1.19
2014.04.17 13:28:51.653,1.79704,1.79712,1.10,1.00
2014.04.17 13:28:52.187,1.79704,1.79714,1.10,1.19
2014.04.17 13:28:52.702,1.79704,1.79712,1.10,1.00
2014.04.17 13:28:53.178,1.79704,1.79715,1.10,1.19
2014.04.17 13:28:54.171,1.79704,1.79713,1.10,1.00
2014.04.17 13:28:54.779,1.79704,1.79715,1.10,1.19
2014.04.17 13:28:55.343,1.79704,1.79712,1.10,1.00
2014.04.17 13:28:56.992,1.79704,1.79715,1.10,1.25
2014.04.17 13:28:57.670,1.79704,1.79712,1.10,1.00
2014.04.17 13:28:58.130,1.79704,1.79715,1.10,1.25
2014.04.17 13:28:58.791,1.79704,1.79712,1.10,1.00
2014.04.17 13:28:59.113,1.79705,1.79715,1.10,1.25
2014.04.17 13:29:00.441,1.79703,1.79715,1.10,1.25
2014.04.17 13:29:03.357,1.79703,1.79715,1.10,1.19
2014.04.17 13:29:04.531,1.79703,1.79715,1.10,1.25
2014.04.17 13:29:06.673,1.797,1.79715,1.10,1.32
2014.04.17 13:29:06.724,1.797,1.79715,1.10,1.63
2014.04.17 13:29:07.027,1.79704,1.79712,1.10,1.00
2014.04.17 13:29:07.973,1.79704,1.79714,1.10,1.19
2014.04.17 13:29:08.693,1.79704,1.79714,1.10,1.19
2014.04.17 13:29:09.757,1.79704,1.79714,1.10,1.19
2014.04.17 13:29:10.303,1.79703,1.79716,1.10,1.19
2014.04.17 13:29:10.888,1.79704,1.79716,1.10,1.57
2014.04.17 13:29:12.218,1.79703,1.79716,1.10,1.19
2014.04.17 13:29:12.270,1.79703,1.79716,1.10,1.19
2014.04.17 13:29:15.176,1.79699,1.79716,1.00,1.74
2014.04.17 13:29:15.227,1.79699,1.79716,1.00,1.74
2014.04.17 13:29:15.277,1.79696,1.79713,1.00,1.32
2014.04.17 13:29:16.393,1.79696,1.79713,1.00,1.39
2014.04.17 13:29:17.359,1.79699,1.79713,1.10,1.29
2014.04.17 13:29:17.410,1.79699,1.79713,1.10,1.29
2014.04.17 13:29:17.461,1.79697,1.79713,1.10,1.29
2014.04.17 13:29:17.720,1.79697,1.79713,1.10,1.19
2014.04.17 13:29:18.750,1.79697,1.79713,1.10,1.19
2014.04.17 13:29:21.946,1.79699,1.79713,1.10,1.32
2014.04.17 13:29:22.171,1.79696,1.79713,1.00,1.32
2014.04.17 13:29:22.691,1.79697,1.79711,1.10,1.19
2014.04.17 13:29:23.208,1.79694,1.79711,1.00,1.19
2014.04.17 13:29:23.376,1.79696,1.79711,1.10,1.19
2014.04.17 13:29:23.902,1.79697,1.79711,1.10,1.19
2014.04.17 13:29:29.031,1.79696,1.79711,1.10,1.19
2014.04.17 13:29:30.458,1.79697,1.79711,1.10,1.19
2014.04.17 13:29:31.425,1.79697,1.79711,1.10,1.19
2014.04.17 13:29:36.168,1.79697,1.79711,1.10,1.47
2014.04.17 13:29:36.855,1.79696,1.79711,1.10,1.47
2014.04.17 13:29:37.360,1.79697,1.79711,1.10,1.47
2014.04.17 13:29:37.525,1.79697,1.79711,1.10,1.47
2014.04.17 13:29:38.633,1.79697,1.79711,1.10,1.47
2014.04.17 13:29:39.854,1.79697,1.79712,1.58,1.00
2014.04.17 13:29:39.905,1.79697,1.79714,1.58,1.00
2014.04.17 13:29:39.955,1.79704,1.79714,1.10,1.00
2014.04.17 13:29:40.263,1.79707,1.79717,1.10,1.00
2014.04.17 13:29:40.813,1.79708,1.79717,1.10,1.00
2014.04.17 13:29:41.015,1.79708,1.7972,1.10,1.25
2014.04.17 13:29:41.166,1.79713,1.7972,1.10,1.25
2014.04.17 13:29:41.268,1.79712,1.79726,1.10,1.39
2014.04.17 13:29:41.318,1.79712,1.79722,1.10,1.00
2014.04.17 13:29:41.369,1.79709,1.79722,1.00,1.00
2014.04.17 13:29:41.877,1.79709,1.79722,1.00,1.19
2014.04.17 13:29:42.427,1.79709,1.79722,1.00,1.19
2014.04.17 13:29:43.890,1.79709,1.79722,1.00,1.19
2014.04.17 13:29:44.210,1.7971,1.79726,1.10,1.39
2014.04.17 13:29:44.683,1.79712,1.79726,1.10,1.32
2014.04.17 13:29:44.734,1.79712,1.79726,1.10,1.25
2014.04.17 13:29:44.886,1.79714,1.79726,1.10,1.25
2014.04.17 13:29:45.189,1.79719,1.7973,1.10,1.19
2014.04.17 13:29:46.052,1.79719,1.79732,1.10,1.32
2014.04.17 13:29:46.153,1.79719,1.79732,1.10,1.00
2014.04.17 13:29:46.204,1.79726,1.79735,1.10,1.25
2014.04.17 13:29:46.407,1.79726,1.79738,1.10,1.00
2014.04.17 13:29:46.457,1.79729,1.79738,1.10,1.00
2014.04.17 13:29:46.992,1.79729,1.79743,1.10,1.29
2014.04.17 13:29:47.538,1.7973,1.79743,1.10,1.19
2014.04.17 13:29:47.644,1.7973,1.79743,1.10,1.19
2014.04.17 13:29:50.202,1.7973,1.7974,1.10,1.00
2014.04.17 13:29:50.253,1.79726,1.7974,1.00,1.38
2014.04.17 13:29:50.337,1.79726,1.7974,1.00,1.38
2014.04.17 13:29:50.388,1.79722,1.79737,1.58,1.39
2014.04.17 13:29:50.489,1.7972,1.79737,1.00,4.47
2014.04.17 13:29:50.590,1.79718,1.79734,1.10,1.72
2014.04.17 13:29:51.205,1.79718,1.79734,1.10,1.77
2014.04.17 13:29:55.168,1.79718,1.79731,1.10,1.74
2014.04.17 13:29:56.173,1.79718,1.79731,1.10,1.74
2014.04.17 13:29:58.777,1.79718,1.79728,1.10,1.39
2014.04.17 13:29:58.827,1.79715,1.79728,1.10,1.67
2014.04.17 13:29:58.878,1.79715,1.79728,1.10,1.67
2014.04.17 13:29:59.181,1.79711,1.79723,1.10,1.48
2014.04.17 13:29:59.232,1.79706,1.79719,1.00,1.20
2014.04.17 13:29:59.384,1.79706,1.79719,1.00,1.54
2014.04.17 13:29:59.435,1.79702,1.79719,1.00,2.29
2014.04.17 13:29:59.536,1.797,1.79716,1.00,1.29
2014.04.17 13:30:00.541,1.797,1.79716,1.00,1.39
2014.04.17 13:30:03.624,1.797,1.79716,1.00,1.39
2014.04.17 13:30:04.724,1.797,1.79716,1.00,1.29
2014.04.17 13:30:05.905,1.79698,1.79715,1.00,1.25
2014.04.17 13:30:06.878,1.797,1.79716,1.00,1.29
2014.04.17 13:30:07.840,1.797,1.79716,1.00,1.02
2014.04.17 13:30:09.149,1.797,1.79716,1.00,1.39
2014.04.17 13:30:09.861,1.797,1.79716,1.38,1.39
2014.04.17 13:30:10.013,1.79702,1.79719,1.38,1.10
2014.04.17 13:30:10.165,1.79702,1.79719,2.89,1.00
2014.04.17 13:30:10.216,1.79704,1.79721,1.64,1.00
2014.04.17 13:30:10.426,1.79708,1.79725,1.00,1.58
2014.04.17 13:30:10.883,1.7971,1.79726,1.00,1.10
2014.04.17 13:30:12.595,1.7971,1.79726,1.63,1.10
2014.04.17 13:30:13.894,1.7971,1.79726,1.25,1.10
2014.04.17 13:30:14.560,1.7971,1.79726,1.63,1.10
2014.04.17 13:30:15.244,1.7971,1.79727,1.57,1.00
2014.04.17 13:30:15.295,1.79713,1.7973,1.00,1.58
2014.04.17 13:30:17.003,1.79713,1.79729,1.38,1.10
2014.04.17 13:30:17.104,1.79715,1.79729,1.63,1.10
2014.04.17 13:30:17.155,1.79715,1.79732,1.57,1.00
2014.04.17 13:30:17.256,1.79717,1.79734,1.25,1.00
2014.04.17 13:30:17.723,1.7972,1.79736,1.00,1.10
2014.04.17 13:30:21.312,1.7972,1.79736,1.00,1.44
2014.04.17 13:30:21.615,1.79715,1.7972,1.00,1.10
2014.04.17 13:30:21.665,1.79715,1.79728,1.00,1.10
2014.04.17 13:30:21.944,1.79712,1.79727,1.57,1.00
2014.04.17 13:30:21.996,1.79712,1.79729,2.22,1.00
2014.04.17 13:30:22.098,1.79716,1.79732,1.57,1.10
2014.04.17 13:30:22.653,1.79716,1.79733,1.67,1.00
2014.04.17 13:30:22.906,1.79721,1.79736,1.00,1.10
2014.04.17 13:30:23.572,1.79721,1.79735,1.00,1.10
2014.04.17 13:30:24.077,1.79723,1.79736,1.00,1.10
2014.04.17 13:30:30.434,1.79723,1.79736,1.32,1.10
2014.04.17 13:30:31.034,1.79725,1.79737,1.00,1.10
2014.04.17 13:30:33.024,1.79725,1.79738,1.00,1.10
2014.04.17 13:30:33.656,1.79725,1.79737,1.00,1.10
2014.04.17 13:30:34.640,1.79725,1.79742,1.00,1.50
2014.04.17 13:30:34.791,1.79725,1.79742,1.28,1.00
2014.04.17 13:30:34.993,1.79728,1.79745,1.00,1.00
2014.04.17 13:30:35.480,1.7973,1.79747,1.00,1.58
2014.04.17 13:30:35.842,1.79732,1.79747,1.00,1.10
2014.04.17 13:30:36.168,1.79732,1.79739,1.00,1.10
2014.04.17 13:30:36.269,1.79729,1.79739,1.00,1.10
2014.04.17 13:30:36.421,1.79729,1.79741,1.00,1.10
2014.04.17 13:30:36.976,1.79729,1.79739,1.00,1.10
2014.04.17 13:30:37.178,1.79729,1.79741,1.00,1.10
2014.04.17 13:30:41.138,1.79729,1.79746,1.00,1.00
2014.04.17 13:30:41.900,1.79729,1.79745,1.00,1.10
2014.04.17 13:30:42.455,1.79729,1.79746,1.00,1.00
2014.04.17 13:30:43.508,1.79731,1.79748,1.00,1.00
2014.04.17 13:30:43.835,1.79729,1.79746,1.00,1.00
2014.04.17 13:30:44.342,1.79729,1.79745,1.00,1.10
2014.04.17 13:30:45.449,1.79729,1.79741,1.00,1.10
2014.04.17 13:30:45.824,1.79729,1.79743,1.00,1.10
2014.04.17 13:30:46.949,1.79729,1.79746,1.00,1.00
2014.04.17 13:30:47.150,1.79739,1.79749,1.10,1.19
2014.04.17 13:30:47.201,1.79739,1.79749,1.10,1.25
2014.04.17 13:30:47.716,1.79732,1.79749,1.58,1.25
2014.04.17 13:30:47.769,1.79732,1.79747,1.58,1.65
2014.04.17 13:30:48.072,1.79728,1.79742,1.10,1.02
2014.04.17 13:30:49.143,1.79723,1.79737,1.10,1.57
2014.04.17 13:30:51.452,1.79723,1.79735,1.10,1.25
2014.04.17 13:30:52.524,1.79723,1.79735,1.10,1.19
2014.04.17 13:30:53.660,1.79727,1.79735,1.10,1.19
2014.04.17 13:30:53.853,1.79723,1.79735,1.10,1.19
2014.04.17 13:30:56.199,1.79728,1.79735,1.10,1.10
2014.04.17 13:30:56.300,1.79729,1.79737,1.10,1.00
2014.04.17 13:30:56.603,1.79733,1.7974,1.10,1.00
2014.04.17 13:30:56.952,1.79729,1.7974,1.10,1.00
2014.04.17 13:30:57.165,1.79729,1.79743,1.10,1.25
2014.04.17 13:30:57.374,1.79734,1.79743,1.10,1.00
2014.04.17 13:30:58.586,1.79733,1.79743,1.10,1.00
2014.04.17 13:30:59.103,1.79734,1.79743,1.10,1.00
2014.04.17 13:31:00.471,1.79736,1.79743,1.10,1.00
2014.04.17 13:31:00.775,1.79738,1.79745,1.10,1.00
2014.04.17 13:31:04.892,1.79738,1.79745,1.10,1.00
2014.04.17 13:31:05.845,1.79739,1.79748,1.10,1.00
2014.04.17 13:31:06.359,1.79738,1.79748,1.10,1.00
2014.04.17 13:31:06.635,1.79743,1.7975,1.10,1.19
2014.04.17 13:31:06.736,1.79744,1.7975,1.10,1.00
2014.04.17 13:31:06.837,1.79746,1.79756,1.10,1.19
2014.04.17 13:31:06.938,1.79748,1.79755,1.10,1.25
2014.04.17 13:31:06.989,1.7975,1.79755,1.10,1.00
2014.04.17 13:31:07.091,1.79751,1.79757,1.10,1.00
2014.04.17 13:31:07.263,1.79751,1.79761,1.10,1.00
2014.04.17 13:31:12.316,1.79746,1.79761,1.10,1.00
2014.04.17 13:31:12.457,1.79746,1.79759,1.10,1.00
2014.04.17 13:31:14.214,1.79751,1.79759,1.10,1.00
2014.04.17 13:31:14.315,1.79744,1.79759,1.10,1.00
2014.04.17 13:31:14.416,1.79742,1.79759,1.00,1.00
2014.04.17 13:31:17.120,1.79742,1.79759,1.95,1.00
2014.04.17 13:31:17.372,1.79746,1.79759,1.10,1.00
2014.04.17 13:31:17.524,1.79746,1.79761,1.10,1.25
2014.04.17 13:31:17.982,1.79747,1.79763,1.00,1.00
2014.04.17 13:31:18.895,1.79747,1.79763,1.00,1.18
2014.04.17 13:31:18.946,1.79744,1.79761,1.77,1.00
2014.04.17 13:31:19.078,1.79744,1.79758,1.02,1.00
2014.04.17 13:31:26.419,1.79741,1.79758,1.19,1.00
2014.04.17 13:31:26.773,1.79744,1.7976,1.58,1.00
2014.04.17 13:31:27.776,1.79744,1.7976,1.77,1.00
2014.04.17 13:31:29.695,1.79744,1.7976,1.77,1.00
2014.04.17 13:31:31.849,1.79744,1.7976,1.77,1.00
2014.04.17 13:31:32.930,1.79744,1.7976,1.25,1.00
2014.04.17 13:31:33.882,1.79748,1.7976,1.10,1.00
2014.04.17 13:31:34.422,1.79749,1.7976,1.10,1.00
2014.04.17 13:31:35.356,1.79749,1.79763,1.10,1.00
2014.04.17 13:31:49.982,1.79754,1.79766,1.10,1.00
2014.04.17 13:31:50.184,1.79752,1.79768,1.00,1.00
2014.04.17 13:31:51.402,1.79754,1.79768,1.10,1.00
2014.04.17 13:31:54.929,1.79752,1.79768,1.00,1.00
2014.04.17 13:31:55.131,1.79754,1.79768,1.10,1.00
2014.04.17 13:31:55.639,1.79754,1.79769,1.10,1.00
2014.04.17 13:31:56.111,1.79755,1.79772,1.00,1.00
2014.04.17 13:32:00.672,1.79757,1.79774,1.00,1.10
2014.04.17 13:32:04.384,1.79757,1.79774,1.00,1.38
2014.04.17 13:32:04.586,1.79755,1.79772,1.00,1.38
2014.04.17 13:32:04.688,1.79755,1.79767,1.00,1.10
2014.04.17 13:32:04.739,1.79753,1.79767,1.00,1.10
2014.04.17 13:32:04.941,1.79753,1.7977,1.00,1.00
2014.04.17 13:32:05.245,1.79756,1.79773,1.00,1.00
2014.04.17 13:32:06.571,1.79758,1.79775,1.00,1.00
2014.04.17 13:32:09.331,1.79758,1.79774,1.00,1.10
2014.04.17 13:32:09.637,1.79755,1.79761,1.00,1.10
2014.04.17 13:32:09.688,1.79749,1.79761,1.00,1.10
2014.04.17 13:32:09.890,1.79745,1.79761,1.00,1.10
2014.04.17 13:32:10.419,1.79745,1.79759,1.00,1.10
2014.04.17 13:32:10.520,1.79745,1.79762,1.00,1.00
2014.04.17 13:32:11.533,1.79745,1.79762,1.19,1.00
2014.04.17 13:32:13.135,1.79745,1.79762,1.25,1.00
2014.04.17 13:32:19.195,1.79745,1.79761,1.00,1.10
2014.04.17 13:32:20.621,1.79745,1.79762,1.00,1.00
2014.04.17 13:32:20.966,1.79745,1.79762,1.00,1.95
2014.04.17 13:32:21.118,1.79742,1.79759,1.00,1.67
2014.04.17 13:32:21.172,1.79742,1.79756,1.00,1.10
2014.04.17 13:32:21.324,1.79739,1.79756,1.00,1.58
2014.04.17 13:32:21.536,1.79737,1.79754,1.00,1.00
2014.04.17 13:32:54.402,1.79737,1.79753,1.00,1.10
2014.04.17 13:32:55.179,1.79737,1.79754,1.00,1.58
2014.04.17 13:32:55.557,1.79735,1.79752,1.00,1.00
2014.04.17 13:32:55.893,1.79733,1.7975,1.00,1.00
2014.04.17 13:33:00.841,1.79731,1.79748,1.19,1.00
2014.04.17 13:33:03.312,1.79731,1.79748,1.19,1.00
2014.04.17 13:33:05.355,1.79731,1.79748,1.25,1.00
2014.04.17 13:33:05.706,1.79731,1.79748,1.47,1.00
2014.04.17 13:33:05.807,1.79733,1.7975,1.02,1.00
2014.04.17 13:33:06.160,1.79731,1.79744,1.00,1.10
2014.04.17 13:33:06.463,1.79727,1.79744,1.25,1.58
2014.04.17 13:33:10.969,1.79727,1.79744,1.19,1.00
2014.04.17 13:33:11.808,1.79727,1.79744,1.00,1.00
2014.04.17 13:33:13.843,1.79727,1.79744,1.38,1.00
2014.04.17 13:33:14.036,1.79727,1.79744,2.52,1.00
2014.04.17 13:33:14.087,1.7973,1.79747,1.53,1.00
2014.04.17 13:33:14.404,1.79733,1.7975,1.13,1.00
2014.04.17 13:33:14.575,1.79733,1.7975,1.32,1.00
2014.04.17 13:33:14.929,1.79736,1.79753,1.47,1.00
2014.04.17 13:33:15.391,1.79738,1.79755,1.00,1.00
2014.04.17 13:33:17.946,1.79739,1.79755,1.10,1.00
2014.04.17 13:33:18.047,1.79743,1.79755,1.10,1.00
2014.04.17 13:33:18.918,1.79743,1.79758,1.10,1.00
2014.04.17 13:33:22.858,1.79742,1.79758,1.10,1.00
2014.04.17 13:33:23.887,1.79743,1.79758,1.10,1.00
2014.04.17 13:33:24.977,1.79743,1.7976,1.58,1.00
2014.04.17 13:33:26.039,1.79748,1.79762,1.10,1.00
2014.04.17 13:33:26.292,1.79753,1.79765,1.10,1.00
2014.04.17 13:33:26.495,1.79751,1.79765,1.10,1.00
2014.04.17 13:33:26.597,1.79748,1.79765,1.25,1.00
2014.04.17 13:33:26.711,1.7975,1.79765,1.10,1.00
2014.04.17 13:33:26.911,1.7975,1.79767,1.58,1.00
2014.04.17 13:33:27.436,1.79751,1.79767,1.10,1.00
2014.04.17 13:33:30.232,1.79753,1.79767,1.10,1.00
2014.04.17 13:33:30.698,1.79756,1.79769,1.10,1.00
2014.04.17 13:33:31.040,1.79759,1.79769,1.10,1.00
2014.04.17 13:33:32.849,1.79756,1.79769,1.10,1.00
2014.04.17 13:33:33.276,1.79756,1.79772,1.10,1.00
2014.04.17 13:33:35.174,1.79758,1.79772,1.10,1.00
2014.04.17 13:33:35.275,1.79757,1.79774,1.58,1.00
2014.04.17 13:33:35.326,1.79757,1.79774,1.77,1.00
2014.04.17 13:33:35.646,1.79765,1.79774,1.10,1.00
2014.04.17 13:33:36.157,1.79764,1.79774,1.10,1.00
2014.04.17 13:33:36.258,1.79764,1.79777,1.10,1.00
2014.04.17 13:33:36.561,1.79763,1.79779,1.10,1.00
2014.04.17 13:33:36.919,1.79765,1.79779,1.10,1.00
2014.04.17 13:33:37.488,1.79764,1.79779,1.10,1.00
2014.04.17 13:33:37.994,1.79765,1.79779,1.10,1.00
2014.04.17 13:33:39.693,1.79762,1.79779,1.00,1.00
2014.04.17 13:33:40.028,1.79764,1.79779,1.48,1.00
2014.04.17 13:33:40.332,1.79771,1.79782,1.29,1.00
2014.04.17 13:33:40.684,1.79771,1.79785,1.29,1.00
2014.04.17 13:33:40.755,1.79771,1.79785,1.10,1.00
2014.04.17 13:33:41.190,1.79772,1.79789,1.00,1.00
2014.04.17 13:33:41.534,1.79774,1.79789,1.10,1.00
2014.04.17 13:33:42.207,1.79775,1.79789,1.10,1.00
2014.04.17 13:33:43.095,1.79774,1.79789,1.10,1.00
2014.04.17 13:33:43.603,1.79775,1.79789,1.10,1.00
2014.04.17 13:33:44.208,1.79777,1.79789,1.10,1.00
2014.04.17 13:33:44.721,1.79775,1.79789,1.10,1.00
2014.04.17 13:33:44.984,1.79777,1.79789,1.10,1.00
2014.04.17 13:33:45.320,1.79775,1.79789,1.10,1.00
2014.04.17 13:33:46.156,1.79777,1.79789,1.10,1.00
2014.04.17 13:33:46.735,1.79775,1.79789,1.10,1.00
2014.04.17 13:33:47.943,1.79773,1.79789,1.10,1.00
2014.04.17 13:33:48.553,1.79772,1.79789,1.00,1.00
2014.04.17 13:33:49.263,1.79773,1.79789,1.10,1.00
2014.04.17 13:33:49.481,1.79776,1.79789,1.10,1.00
2014.04.17 13:33:49.683,1.79773,1.79789,1.10,1.00
2014.04.17 13:33:52.242,1.79772,1.79789,1.00,1.00
2014.04.17 13:33:56.321,1.79772,1.79787,1.00,1.13
2014.04.17 13:33:56.624,1.79767,1.79783,1.00,1.18
2014.04.17 13:33:56.927,1.79764,1.79779,1.00,1.40
2014.04.17 13:33:56.978,1.79762,1.79779,1.00,1.84
2014.04.17 13:33:57.281,1.7976,1.79774,1.10,1.00
2014.04.17 13:33:57.487,1.79758,1.79774,1.10,1.00
2014.04.17 13:34:01.109,1.7976,1.79774,1.10,1.00
2014.04.17 13:34:06.382,1.79757,1.79774,1.00,1.00
2014.04.17 13:34:06.533,1.7976,1.79774,1.10,1.50
2014.04.17 13:34:06.736,1.79757,1.79774,1.00,1.95
2014.04.17 13:34:06.786,1.79757,1.7977,1.00,1.13
2014.04.17 13:34:06.989,1.79751,1.79768,1.00,2.03
2014.04.17 13:34:07.090,1.79747,1.79764,1.19,1.00
2014.04.17 13:34:07.480,1.7975,1.79764,1.10,1.00
2014.04.17 13:34:07.788,1.79749,1.79766,1.00,1.00
2014.04.17 13:34:08.251,1.79751,1.79766,1.10,1.00
2014.04.17 13:34:08.705,1.79758,1.79768,1.10,1.00
2014.04.17 13:34:08.857,1.79758,1.79771,1.10,1.02
2014.04.17 13:34:08.958,1.79754,1.79771,1.58,1.10
2014.04.17 13:34:09.466,1.79756,1.79771,1.10,1.00
2014.04.17 13:34:09.974,1.79757,1.79771,1.10,1.00
2014.04.17 13:34:11.460,1.79758,1.79771,1.10,1.00
2014.04.17 13:34:21.361,1.79756,1.79771,1.10,1.00
2014.04.17 13:34:21.908,1.79755,1.79771,1.10,1.00
2014.04.17 13:34:22.671,1.79756,1.79771,1.10,1.00
2014.04.17 13:34:22.888,1.79758,1.79771,1.10,1.00
2014.04.17 13:34:26.362,1.79754,1.79771,1.00,1.00
2014.04.17 13:34:26.518,1.79754,1.79771,1.00,1.15
2014.04.17 13:34:26.619,1.79754,1.79771,1.00,1.00
2014.04.17 13:34:27.944,1.79757,1.79771,1.10,1.00
2014.04.17 13:34:27.995,1.79757,1.79773,1.10,1.00
2014.04.17 13:34:28.247,1.79756,1.79773,1.00,1.28
2014.04.17 13:34:28.348,1.79753,1.7977,1.58,1.18
2014.04.17 13:34:28.399,1.79753,1.7977,1.77,1.18
2014.04.17 13:34:28.601,1.79754,1.7977,1.10,1.18
2014.04.17 13:34:28.753,1.79751,1.79768,1.00,1.00
2014.04.17 13:34:28.804,1.79751,1.79768,1.00,1.08
2014.04.17 13:34:28.855,1.79749,1.79766,1.58,1.15
2014.04.17 13:34:29.177,1.79749,1.79762,1.10,1.00
2014.04.17 13:34:29.808,1.79747,1.79762,1.02,1.00
2014.04.17 13:34:30.393,1.79745,1.79762,1.58,1.00
2014.04.17 13:34:30.444,1.79749,1.79762,1.10,1.00
2014.04.17 13:34:30.747,1.79751,1.79759,1.10,1.00
2014.04.17 13:34:30.798,1.79748,1.79759,1.10,1.00
2014.04.17 13:34:31.051,1.79748,1.79762,1.10,1.00
2014.04.17 13:34:31.253,1.79746,1.79762,1.10,1.00
2014.04.17 13:34:33.107,1.79745,1.79762,1.00,1.00
2014.04.17 13:34:33.892,1.79744,1.7976,1.10,1.00
2014.04.17 13:34:34.711,1.79746,1.7976,1.48,1.00
2014.04.17 13:34:34.913,1.79746,1.79762,1.67,1.00
2014.04.17 13:34:35.067,1.79752,1.79762,1.10,1.00
2014.04.17 13:34:35.717,1.79746,1.79762,1.77,1.00
2014.04.17 13:34:36.432,1.79747,1.79762,1.39,1.00
2014.04.17 13:34:37.148,1.79747,1.79762,1.39,1.00
2014.04.17 13:34:38.577,1.79747,1.79762,1.39,1.00
2014.04.17 13:34:39.172,1.79749,1.79766,1.00,1.00
2014.04.17 13:34:41.064,1.79751,1.79768,1.00,1.00
2014.04.17 13:34:41.782,1.79751,1.79768,1.00,1.58
2014.04.17 13:34:41.934,1.79748,1.79765,1.00,1.37
2014.04.17 13:34:41.985,1.79748,1.79765,1.00,3.27
2014.04.17 13:34:42.187,1.79742,1.79759,1.00,1.00
2014.04.17 13:34:42.706,1.79743,1.79759,1.10,1.00
2014.04.17 13:34:43.966,1.79742,1.79759,1.58,1.00
2014.04.17 13:34:46.525,1.79742,1.79759,1.00,1.63
2014.04.17 13:34:46.575,1.7974,1.79757,1.58,1.13
2014.04.17 13:34:46.626,1.7974,1.79757,1.58,1.57
2014.04.17 13:34:46.778,1.79737,1.79754,1.00,1.00
2014.04.17 13:34:47.326,1.79737,1.79754,1.00,1.39
2014.04.17 13:34:47.531,1.79735,1.79752,1.00,1.00
2014.04.17 13:34:48.569,1.79735,1.79752,1.00,1.38
2014.04.17 13:34:48.684,1.79732,1.79749,1.00,1.00
2014.04.17 13:34:49.105,1.7973,1.79747,1.00,1.00
2014.04.17 13:34:50.317,1.79728,1.79744,1.10,1.00
2014.04.17 13:34:51.199,1.79727,1.79744,1.58,1.00
2014.04.17 13:34:52.870,1.79725,1.79742,1.19,1.00
2014.04.17 13:34:53.421,1.79725,1.79742,1.25,1.00
2014.04.17 13:34:53.929,1.79726,1.79742,1.10,1.00
2014.04.17 13:35:00.360,1.79727,1.79742,1.10,1.00
2014.04.17 13:35:01.310,1.79727,1.7974,1.10,1.00
2014.04.17 13:35:11.580,1.79729,1.7974,1.10,1.00
2014.04.17 13:35:11.883,1.79729,1.79745,1.10,1.00
2014.04.17 13:35:11.934,1.79732,1.79745,1.10,1.00
2014.04.17 13:35:12.236,1.79734,1.79745,1.10,1.00
2014.04.17 13:35:12.539,1.79736,1.79747,1.20,1.00
2014.04.17 13:35:12.754,1.79736,1.7975,1.20,1.00
2014.04.17 13:35:14.463,1.79736,1.7975,1.39,1.00
2014.04.17 13:35:15.482,1.79733,1.7975,1.63,1.00
2014.04.17 13:35:15.633,1.79731,1.79748,1.19,1.00
2014.04.17 13:35:15.684,1.79731,1.79748,1.00,1.00
2014.04.17 13:35:15.734,1.79729,1.79745,1.10,1.00
2014.04.17 13:35:16.190,1.79727,1.79742,1.10,1.00
2014.04.17 13:35:17.432,1.79728,1.79742,1.10,1.00
2014.04.17 13:35:17.950,1.79729,1.79742,1.10,1.00
2014.04.17 13:35:18.267,1.79732,1.79742,1.10,1.00
2014.04.17 13:35:18.318,1.79729,1.79742,1.10,1.00
2014.04.17 13:35:20.150,1.79732,1.79742,1.10,1.00
2014.04.17 13:35:23.266,1.79729,1.79742,1.10,1.00
2014.04.17 13:35:23.824,1.7973,1.79742,1.10,1.00
2014.04.17 13:35:23.925,1.79728,1.79742,1.10,1.00
2014.04.17 13:35:24.108,1.7973,1.79742,1.10,1.00
2014.04.17 13:35:25.538,1.79729,1.79742,1.10,1.00
2014.04.17 13:35:26.209,1.7973,1.79742,1.10,1.00
2014.04.17 13:35:26.430,1.79728,1.79742,1.10,1.00
2014.04.17 13:35:26.659,1.7973,1.79742,1.10,1.00
2014.04.17 13:35:27.416,1.79732,1.79742,1.10,1.00
2014.04.17 13:35:27.978,1.7973,1.79742,1.10,1.00
2014.04.17 13:35:31.711,1.79732,1.79742,1.10,1.00
2014.04.17 13:35:31.812,1.79729,1.79742,1.10,1.00
2014.04.17 13:35:44.210,1.79729,1.7974,1.10,1.00
2014.04.17 13:35:44.332,1.79726,1.7974,1.29,1.00
2014.04.17 13:35:44.484,1.79723,1.7974,2.14,1.00
2014.04.17 13:35:44.705,1.79729,1.7974,1.10,1.00
2014.04.17 13:35:44.907,1.79726,1.7974,1.10,1.00
2014.04.17 13:35:45.109,1.79723,1.7974,2.14,1.00
2014.04.17 13:35:45.446,1.7973,1.7974,1.10,1.00
2014.04.17 13:35:45.550,1.79728,1.7974,1.10,1.00
2014.04.17 13:35:45.651,1.7973,1.7974,1.10,1.00
2014.04.17 13:35:46.579,1.79729,1.7974,1.10,1.00
2014.04.17 13:35:46.629,1.79729,1.79743,1.10,1.00
2014.04.17 13:35:49.072,1.79729,1.79741,1.10,1.00
2014.04.17 13:35:49.722,1.7973,1.79741,1.10,1.00
2014.04.17 13:35:50.317,1.79729,1.79741,1.10,1.00
2014.04.17 13:35:54.155,1.79731,1.79741,1.10,1.00
2014.04.17 13:35:54.702,1.79729,1.79741,1.10,1.00
2014.04.17 13:35:55.987,1.79727,1.79741,1.10,1.00
2014.04.17 13:35:59.224,1.7973,1.79741,1.10,1.00
2014.04.17 13:35:59.325,1.79728,1.79741,1.10,1.00
2014.04.17 13:36:03.287,1.79724,1.79741,1.77,1.00
2014.04.17 13:36:03.899,1.79724,1.79741,1.77,1.00
2014.04.17 13:36:04.859,1.79724,1.79741,1.77,1.00
2014.04.17 13:36:05.865,1.79724,1.79741,1.77,1.00
2014.04.17 13:36:08.916,1.79724,1.79741,1.77,1.00
2014.04.17 13:36:10.277,1.79727,1.79741,1.10,1.00
2014.04.17 13:36:11.277,1.79726,1.79741,1.10,1.00
2014.04.17 13:36:13.550,1.79726,1.79741,1.29,1.00
2014.04.17 13:36:17.648,1.79728,1.79741,1.10,1.00
2014.04.17 13:36:18.158,1.79727,1.79741,1.02,1.00
2014.04.17 13:36:19.478,1.79727,1.79741,1.29,1.00
2014.04.17 13:36:21.098,1.79727,1.79741,1.02,1.00
2014.04.17 13:36:21.739,1.79728,1.79741,1.10,1.00
2014.04.17 13:36:23.256,1.79727,1.79741,1.02,1.00
2014.04.17 13:36:25.265,1.79727,1.79741,1.29,1.00
2014.04.17 13:36:28.281,1.79727,1.79741,1.29,1.00
2014.04.17 13:36:29.331,1.79727,1.79741,1.02,1.00
2014.04.17 13:36:30.190,1.79727,1.79741,1.29,1.00
2014.04.17 13:36:33.919,1.79729,1.79741,1.10,1.00
2014.04.17 13:36:35.322,1.79728,1.79741,1.02,1.00
2014.04.17 13:36:44.390,1.79728,1.79743,1.10,1.00
2014.04.17 13:37:00.372,1.79728,1.79743,1.29,1.00
2014.04.17 13:37:01.422,1.79728,1.79743,1.02,1.00
2014.04.17 13:37:12.639,1.79729,1.79746,1.00,1.00
2014.04.17 13:37:22.019,1.79729,1.79746,1.38,1.00
2014.04.17 13:37:22.070,1.79733,1.7975,1.00,1.19
2014.04.17 13:37:22.120,1.79733,1.7975,1.63,1.00
2014.04.17 13:37:22.171,1.79738,1.79752,1.10,1.00
2014.04.17 13:37:22.474,1.79737,1.79754,1.19,1.00
2014.04.17 13:37:22.525,1.7974,1.79757,1.00,1.25
2014.04.17 13:37:22.626,1.79738,1.79755,1.19,1.00
2014.04.17 13:37:22.929,1.79739,1.79755,3.04,1.00
2014.04.17 13:37:22.980,1.7974,1.79757,1.29,1.00
2014.04.17 13:37:23.081,1.79742,1.79759,1.19,1.00
2014.04.17 13:37:23.493,1.79745,1.79762,1.19,1.00
2014.04.17 13:37:24.269,1.79745,1.79762,1.19,1.00
2014.04.17 13:37:25.431,1.79746,1.79762,1.29,1.00
2014.04.17 13:37:26.937,1.79745,1.79762,1.19,1.00
2014.04.17 13:37:29.761,1.79745,1.79762,1.19,1.00
2014.04.17 13:37:30.483,1.79745,1.79762,1.00,1.19
2014.04.17 13:37:30.786,1.79743,1.7976,1.58,1.00
2014.04.17 13:37:30.887,1.79745,1.79762,1.00,1.77
2014.04.17 13:37:31.398,1.79745,1.79762,1.69,1.00
2014.04.17 13:37:31.988,1.79745,1.79762,1.19,1.00
2014.04.17 13:37:32.537,1.79747,1.79762,1.10,1.00
2014.04.17 13:37:33.216,1.79747,1.79762,1.29,1.00
2014.04.17 13:37:35.224,1.79746,1.79762,1.29,1.00
2014.04.17 13:37:36.125,1.79745,1.79762,1.25,1.00
2014.04.17 13:37:36.974,1.79748,1.79765,1.00,1.19
2014.04.17 13:37:37.288,1.79751,1.79768,1.00,1.19
2014.04.17 13:37:37.339,1.79751,1.79767,1.00,1.25
2014.04.17 13:37:37.520,1.79748,1.79765,1.25,1.00
2014.04.17 13:37:38.052,1.79749,1.79765,1.10,1.00
2014.04.17 13:37:39.490,1.79748,1.79765,1.25,1.00
2014.04.17 13:37:39.727,1.79746,1.79763,1.25,1.38
2014.04.17 13:37:40.257,1.79746,1.79761,1.25,1.10
2014.04.17 13:37:40.594,1.79743,1.79757,1.19,1.00
2014.04.17 13:37:40.645,1.79743,1.79757,1.00,1.00
2014.04.17 13:37:40.697,1.79737,1.79744,1.00,1.58
2014.04.17 13:37:40.747,1.79734,1.79744,1.00,1.58
2014.04.17 13:37:40.848,1.79732,1.79744,1.00,1.00
2014.04.17 13:37:40.899,1.79734,1.79744,1.10,1.10
2014.04.17 13:37:41.000,1.79736,1.79749,1.10,1.10
2014.04.17 13:37:41.102,1.79732,1.79746,1.25,1.10
2014.04.17 13:37:41.153,1.79735,1.79746,1.00,1.10
2014.04.17 13:37:41.305,1.79732,1.79748,1.00,1.82
2014.04.17 13:37:41.457,1.79732,1.79748,1.00,1.82
2014.04.17 13:37:41.609,1.79728,1.79745,1.00,1.39
2014.04.17 13:37:41.811,1.79724,1.79741,1.25,1.00
2014.04.17 13:37:42.315,1.79725,1.79741,1.10,1.00
2014.04.17 13:37:42.467,1.79728,1.79741,1.10,1.00
2014.04.17 13:37:42.731,1.79728,1.79743,1.10,1.00
2014.04.17 13:37:42.892,1.7973,1.79743,1.10,1.00
2014.04.17 13:37:42.995,1.79728,1.79743,1.10,1.00
2014.04.17 13:37:43.617,1.79729,1.79746,1.00,1.00
2014.04.17 13:37:45.611,1.79729,1.79743,1.00,1.10
2014.04.17 13:37:45.813,1.79726,1.79743,1.00,1.57
2014.04.17 13:37:46.406,1.79729,1.79743,1.10,1.57
2014.04.17 13:37:46.507,1.79727,1.79743,1.10,1.19
2014.04.17 13:37:47.788,1.79727,1.79743,1.10,1.00
2014.04.17 13:37:50.165,1.79726,1.79743,1.00,1.00
2014.04.17 13:37:50.518,1.79726,1.79743,1.00,1.39
2014.04.17 13:37:50.619,1.79724,1.79741,1.58,1.29
2014.04.17 13:37:50.888,1.79722,1.79739,1.00,1.00
2014.04.17 13:37:51.331,1.79722,1.79739,1.58,1.19
2014.04.17 13:37:51.658,1.79724,1.79736,1.10,1.00
2014.04.17 13:37:52.470,1.79722,1.79736,1.10,1.00
2014.04.17 13:37:52.571,1.7972,1.79736,1.10,1.00
2014.04.17 13:37:52.723,1.79722,1.79739,1.00,1.02
2014.04.17 13:37:53.416,1.79728,1.79739,1.10,1.25
2014.04.17 13:37:53.677,1.79722,1.79739,1.19,1.00
2014.04.17 13:37:54.567,1.79722,1.79739,1.25,1.00
2014.04.17 13:37:55.884,1.79722,1.79738,1.25,1.10
2014.04.17 13:37:56.389,1.79722,1.79739,1.25,1.00
2014.04.17 13:37:58.738,1.79725,1.79739,1.10,1.00
2014.04.17 13:38:01.445,1.79722,1.79739,1.25,1.00
2014.04.17 13:38:03.795,1.79722,1.79738,1.25,1.38
2014.04.17 13:38:04.047,1.79717,1.79734,1.00,1.13
2014.04.17 13:38:04.148,1.79715,1.79732,1.25,1.00
2014.04.17 13:38:04.451,1.79715,1.79729,1.00,1.57
2014.04.17 13:38:04.502,1.79712,1.79729,1.00,2.07
2014.04.17 13:38:04.603,1.79708,1.79725,1.00,1.00
2014.04.17 13:38:05.847,1.79715,1.79725,1.10,1.00
2014.04.17 13:38:06.442,1.79716,1.79725,1.10,1.00
2014.04.17 13:38:06.745,1.79718,1.79727,1.10,1.00
2014.04.17 13:38:06.796,1.79718,1.79729,1.10,1.00
2014.04.17 13:38:06.947,1.79715,1.79729,1.10,1.00
2014.04.17 13:38:07.402,1.79717,1.79729,1.10,1.25
2014.04.17 13:38:07.732,1.79717,1.79727,1.10,1.00
2014.04.17 13:38:07.927,1.79715,1.79727,1.10,1.00
2014.04.17 13:38:09.429,1.79715,1.79724,1.10,1.00
2014.04.17 13:38:09.480,1.79713,1.79724,1.10,1.00
2014.04.17 13:38:10.164,1.79712,1.79724,1.10,1.00
2014.04.17 13:38:10.467,1.79712,1.79722,1.10,1.00
2014.04.17 13:38:10.892,1.79709,1.79725,1.10,1.32
2014.04.17 13:38:11.419,1.7971,1.79725,1.10,1.32
2014.04.17 13:38:11.690,1.7971,1.79725,1.10,1.32
2014.04.17 13:38:11.792,1.79708,1.79725,1.10,1.63
2014.04.17 13:38:12.334,1.79707,1.79725,1.10,1.57
2014.04.17 13:38:13.415,1.79706,1.79727,1.10,2.22
2014.04.17 13:38:13.993,1.79707,1.79724,1.10,1.57
2014.04.17 13:38:14.322,1.79709,1.79724,1.10,1.57
2014.04.17 13:38:14.626,1.79707,1.79724,1.10,1.57
2014.04.17 13:38:14.896,1.7971,1.79724,1.10,1.57
2014.04.17 13:38:15.156,1.7971,1.79724,1.10,1.00
2014.04.17 13:38:15.409,1.79712,1.79724,1.10,1.00
2014.04.17 13:38:16.248,1.79712,1.79727,1.10,1.57
2014.04.17 13:38:16.767,1.79711,1.79727,1.10,2.07
2014.04.17 13:38:16.918,1.79708,1.79725,1.02,1.38
2014.04.17 13:38:17.221,1.79707,1.79725,1.10,2.07
2014.04.17 13:38:19.147,1.79706,1.79722,1.10,1.63
2014.04.17 13:38:21.884,1.79713,1.79722,1.10,1.00
2014.04.17 13:38:21.985,1.79711,1.79727,1.10,1.19
2014.04.17 13:38:22.087,1.79711,1.79727,1.10,1.00
2014.04.17 13:38:22.138,1.79711,1.79727,1.10,1.88
2014.04.17 13:38:22.441,1.79706,1.79724,1.10,1.57
2014.04.17 13:38:22.866,1.79708,1.79724,1.10,1.57
2014.04.17 13:38:22.917,1.79708,1.79724,1.10,1.57
2014.04.17 13:38:23.220,1.79706,1.79726,1.29,2.14
2014.04.17 13:38:23.755,1.79706,1.79722,1.10,1.57
2014.04.17 13:38:24.057,1.79714,1.79725,1.10,1.00
2014.04.17 13:38:24.209,1.79707,1.79728,1.09,2.07
2014.04.17 13:38:24.310,1.79707,1.79728,1.20,2.07
2014.04.17 13:38:24.512,1.79709,1.79726,1.10,1.39
2014.04.17 13:38:24.664,1.79713,1.79726,1.10,1.39
2014.04.17 13:38:25.168,1.79712,1.79726,1.10,1.39
2014.04.17 13:38:26.193,1.79714,1.79726,1.10,1.00
2014.04.17 13:38:26.294,1.79714,1.79731,1.10,1.25
2014.04.17 13:38:26.396,1.79712,1.79731,1.10,1.63
2014.04.17 13:38:26.497,1.79712,1.79728,1.10,1.13
2014.04.17 13:38:26.800,1.79714,1.79728,1.10,1.25
2014.04.17 13:38:27.153,1.79714,1.79731,1.58,1.38
2014.04.17 13:38:27.204,1.79714,1.79731,1.58,1.38
2014.04.17 13:38:27.607,1.79712,1.79728,1.10,1.20
2014.04.17 13:38:27.708,1.79711,1.79725,1.10,1.00
2014.04.17 13:38:28.238,1.79712,1.79725,1.10,1.00
2014.04.17 13:38:28.455,1.79708,1.79724,1.00,1.10
2014.04.17 13:38:30.818,1.79708,1.79724,1.00,1.28
2014.04.17 13:38:31.273,1.79706,1.79723,1.25,1.00
2014.04.17 13:38:31.425,1.79706,1.79723,1.00,1.78
2014.04.17 13:38:31.728,1.79704,1.79716,1.00,1.10
2014.04.17 13:38:31.879,1.79702,1.79716,1.25,1.10
2014.04.17 13:38:32.884,1.79702,1.79713,1.00,1.10
2014.04.17 13:38:34.850,1.79699,1.79713,1.19,1.10
2014.04.17 13:38:35.830,1.79699,1.79713,1.00,1.10
2014.04.17 13:38:39.684,1.79699,1.79715,1.25,1.10
2014.04.17 13:38:41.214,1.79699,1.79716,1.25,1.58
2014.04.17 13:38:41.315,1.79699,1.79716,1.19,1.58
2014.04.17 13:38:42.537,1.79699,1.79713,1.19,1.10
2014.04.17 13:38:42.959,1.79699,1.79715,1.19,1.10
2014.04.17 13:38:43.289,1.79699,1.79712,1.19,1.10
2014.04.17 13:38:45.485,1.79699,1.79712,1.00,1.10
2014.04.17 13:38:45.687,1.79696,1.79712,1.25,1.10
2014.04.17 13:38:45.991,1.79696,1.79713,1.32,1.58
2014.04.17 13:38:46.193,1.79699,1.79715,1.00,1.10
2014.04.17 13:38:47.618,1.79699,1.79711,1.00,1.10
2014.04.17 13:38:48.161,1.79699,1.7971,1.00,1.10
2014.04.17 13:38:49.205,1.79696,1.7971,1.19,1.10
2014.04.17 13:38:49.595,1.79696,1.7971,1.25,1.10
2014.04.17 13:38:53.700,1.79696,1.7971,1.19,1.10
2014.04.17 13:38:55.008,1.79696,1.7971,1.19,1.10
2014.04.17 13:38:55.210,1.79696,1.79712,1.19,1.10
2014.04.17 13:38:55.861,1.79696,1.79712,1.19,1.10
2014.04.17 13:38:56.402,1.79696,1.79713,1.19,1.58
2014.04.17 13:38:57.180,1.79696,1.79712,1.19,1.10
2014.04.17 13:38:58.173,1.79696,1.79713,1.32,1.58
2014.04.17 13:38:58.756,1.79699,1.79712,1.00,1.10
2014.04.17 13:38:58.857,1.79699,1.79714,1.00,1.10
2014.04.17 13:38:59.160,1.79699,1.79714,1.19,1.10
2014.04.17 13:38:59.211,1.79699,1.79716,1.67,1.00
2014.04.17 13:38:59.413,1.79704,1.79721,1.00,1.00
2014.04.17 13:39:00.357,1.79704,1.79721,1.19,1.00
2014.04.17 13:39:01.260,1.79708,1.79721,1.10,1.00
2014.04.17 13:39:01.563,1.79715,1.79729,1.05,1.00
2014.04.17 13:39:01.866,1.7972,1.79737,1.34,1.00
2014.04.17 13:39:01.968,1.79723,1.7974,1.02,1.00
2014.04.17 13:39:04.000,1.79723,1.7974,1.19,1.00
2014.04.17 13:39:04.832,1.79723,1.7974,1.65,1.00
2014.04.17 13:39:05.135,1.79728,1.7974,1.84,1.00
2014.04.17 13:39:05.186,1.79728,1.79744,1.84,1.00
2014.04.17 13:39:05.446,1.79727,1.79742,1.00,1.10
2014.04.17 13:39:05.551,1.79727,1.79742,1.00,1.29
2014.04.17 13:39:05.602,1.79725,1.79742,1.00,1.77
2014.04.17 13:39:05.703,1.79725,1.79737,1.00,1.10
2014.04.17 13:39:06.007,1.79716,1.79725,1.00,1.10
2014.04.17 13:39:06.159,1.7971,1.79725,1.18,1.10
2014.04.17 13:39:06.312,1.79707,1.79724,1.19,1.00
2014.04.17 13:39:06.931,1.79704,1.79721,1.19,1.00
2014.04.17 13:39:07.033,1.79704,1.79721,1.19,1.00
2014.04.17 13:39:10.051,1.79704,1.79721,1.19,1.00
2014.04.17 13:39:14.715,1.79704,1.79721,1.92,1.00
2014.04.17 13:39:15.315,1.79707,1.79721,1.10,1.00
2014.04.17 13:39:17.601,1.79707,1.79723,1.10,1.00
2014.04.17 13:39:22.576,1.79706,1.79723,1.77,1.00
2014.04.17 13:39:22.777,1.79707,1.79723,1.10,1.19
2014.04.17 13:39:23.334,1.79706,1.79723,1.58,1.32
2014.04.17 13:39:23.950,1.79706,1.79723,1.58,1.25
2014.04.17 13:39:24.944,1.79706,1.79723,1.58,1.19
2014.04.17 13:39:25.422,1.79708,1.79723,1.10,1.00
2014.04.17 13:39:25.524,1.79709,1.79726,1.00,1.19
2014.04.17 13:39:26.038,1.79709,1.79726,1.00,1.00
2014.04.17 13:39:26.816,1.79713,1.7973,1.00,1.29
2014.04.17 13:39:27.567,1.79713,1.7973,1.00,1.29
2014.04.17 13:39:28.497,1.7971,1.79727,1.00,1.25
2014.04.17 13:39:29.276,1.7971,1.79727,1.00,1.19
2014.04.17 13:39:29.938,1.7971,1.79727,1.00,1.19
2014.04.17 13:39:30.978,1.7971,1.79727,1.00,1.19
2014.04.17 13:39:32.030,1.7971,1.79727,1.00,1.25
2014.04.17 13:39:32.232,1.7971,1.79724,1.29,1.00
2014.04.17 13:39:32.638,1.79708,1.79724,1.02,1.00
2014.04.17 13:39:35.318,1.79707,1.79724,1.00,1.00
2014.04.17 13:39:35.368,1.79707,1.79724,1.00,1.38
2014.04.17 13:39:35.672,1.79704,1.79721,1.00,2.22
2014.04.17 13:39:35.829,1.79702,1.79719,1.00,1.57
2014.04.17 13:39:36.309,1.79698,1.79715,1.58,1.00
2014.04.17 13:39:36.438,1.79702,1.79715,1.10,1.00
2014.04.17 13:39:36.741,1.79706,1.79721,1.29,1.00
2014.04.17 13:39:37.045,1.79707,1.79724,1.19,1.00
2014.04.17 13:39:37.753,1.79707,1.79724,1.00,1.25
2014.04.17 13:39:37.804,1.79707,1.79724,1.15,1.25
2014.04.17 13:39:38.309,1.79712,1.79726,1.10,1.19
2014.04.17 13:39:38.410,1.79713,1.79729,1.44,1.00
2014.04.17 13:39:38.461,1.79713,1.79729,1.77,1.00
2014.04.17 13:39:38.511,1.79715,1.79732,1.92,1.00
2014.04.17 13:39:38.769,1.79719,1.79736,1.00,1.19
2014.04.17 13:39:39.370,1.79719,1.79736,1.25,1.00
2014.04.17 13:39:42.518,1.79719,1.79736,1.00,1.19
2014.04.17 13:39:43.695,1.79719,1.79736,1.00,1.25
2014.04.17 13:39:44.559,1.79721,1.79738,1.00,1.77
2014.04.17 13:39:45.085,1.79721,1.79738,1.00,1.77
2014.04.17 13:39:45.394,1.79721,1.79735,1.00,1.10
2014.04.17 13:39:49.454,1.79721,1.79738,1.00,1.77
2014.04.17 13:39:54.150,1.79721,1.79738,1.00,1.19
2014.04.17 13:39:55.680,1.79721,1.79738,1.00,1.19
2014.04.17 13:39:58.001,1.79721,1.79738,1.00,1.00
2014.04.17 13:39:58.327,1.79724,1.79741,1.19,1.00
2014.04.17 13:39:58.529,1.79727,1.79744,1.00,1.00
2014.04.17 13:39:58.883,1.79727,1.79744,1.19,1.00
2014.04.17 13:39:59.541,1.79729,1.79746,1.25,1.58
2014.04.17 13:39:59.795,1.7973,1.79746,1.67,1.00
2014.04.17 13:39:59.896,1.79733,1.7975,1.77,1.00
2014.04.17 13:39:59.997,1.79736,1.79753,1.00,1.02
2014.04.17 13:40:00.149,1.79736,1.79751,1.00,1.10
2014.04.17 13:40:00.452,1.79733,1.7975,1.00,1.77
2014.04.17 13:40:01.641,1.79733,1.79746,1.00,1.10
2014.04.17 13:40:01.844,1.79731,1.79746,1.00,1.10
2014.04.17 13:40:01.945,1.79731,1.79746,1.00,1.29
2014.04.17 13:40:03.041,1.79731,1.79748,1.00,1.37
2014.04.17 13:40:03.607,1.79731,1.79742,1.00,1.10
2014.04.17 13:40:03.910,1.79728,1.79742,1.00,1.37
2014.04.17 13:40:03.961,1.79725,1.79738,1.00,1.10
2014.04.17 13:40:04.588,1.79722,1.79738,1.00,1.10
2014.04.17 13:40:05.747,1.79722,1.79739,1.00,1.19
2014.04.17 13:40:06.798,1.79722,1.79739,1.00,1.19
2014.04.17 13:40:07.773,1.79722,1.79739,1.00,1.19
2014.04.17 13:40:08.767,1.79722,1.79739,1.00,1.19
2014.04.17 13:40:11.101,1.7972,1.79737,1.00,1.19
2014.04.17 13:40:11.223,1.7972,1.79737,1.00,1.77
2014.04.17 13:40:12.032,1.7972,1.79734,1.00,1.29
2014.04.17 13:40:12.083,1.79717,1.79734,1.00,1.84
2014.04.17 13:40:12.754,1.79717,1.79734,1.00,1.02
2014.04.17 13:40:16.419,1.79717,1.79734,1.00,1.19
2014.04.17 13:40:16.840,1.79717,1.79734,1.00,2.29
2014.04.17 13:40:17.813,1.79717,1.79734,1.00,2.29
2014.04.17 13:40:18.263,1.79714,1.79731,1.00,1.32
2014.04.17 13:40:18.834,1.79714,1.79731,1.00,1.32
2014.04.17 13:40:20.297,1.79714,1.79731,1.00,1.32
2014.04.17 13:40:20.804,1.79714,1.79731,1.00,1.32
2014.04.17 13:40:21.259,1.79712,1.79729,1.00,1.19
2014.04.17 13:40:21.792,1.79712,1.79729,1.00,1.77
2014.04.17 13:40:22.842,1.79712,1.79729,1.00,2.29
2014.04.17 13:40:24.834,1.79712,1.79729,1.00,2.29
2014.04.17 13:40:25.083,1.79709,1.79726,1.00,1.19
2014.04.17 13:40:25.285,1.79709,1.79726,1.00,1.19
2014.04.17 13:40:26.275,1.79709,1.79726,1.00,1.19
2014.04.17 13:40:27.456,1.79709,1.79726,1.00,1.37
2014.04.17 13:40:28.093,1.79709,1.79726,1.00,1.33
2014.04.17 13:40:28.616,1.79709,1.79726,1.00,1.00
2014.04.17 13:40:31.211,1.79709,1.79726,1.00,1.38
2014.04.17 13:40:32.811,1.79709,1.79726,1.00,1.57
2014.04.17 13:40:35.817,1.79709,1.79726,1.00,1.57
2014.04.17 13:40:35.920,1.79709,1.79726,1.00,1.38
2014.04.17 13:40:36.123,1.79706,1.79723,1.00,1.38
2014.04.17 13:40:36.991,1.79706,1.79723,1.00,1.38
2014.04.17 13:40:39.491,1.79709,1.79723,1.10,1.63
2014.04.17 13:40:39.794,1.79706,1.79723,1.00,1.63
2014.04.17 13:40:45.988,1.79705,1.79721,1.10,1.38
2014.04.17 13:40:46.537,1.79704,1.79721,1.58,1.38
2014.04.17 13:40:47.600,1.79709,1.79721,1.10,1.38
2014.04.17 13:40:48.261,1.7971,1.79721,1.10,1.38
2014.04.17 13:40:49.344,1.79707,1.79721,1.10,1.38
2014.04.17 13:40:51.912,1.79707,1.79721,1.10,1.00
2014.04.17 13:40:52.130,1.79707,1.79724,1.77,1.00
2014.04.17 13:40:52.687,1.79708,1.79724,1.10,1.00
2014.04.17 13:40:53.543,1.79712,1.79724,1.10,1.00
2014.04.17 13:40:53.644,1.7971,1.79724,1.10,1.00
2014.04.17 13:40:53.745,1.7971,1.79724,1.29,1.00
2014.04.17 13:40:54.252,1.79713,1.79724,1.10,1.00
2014.04.17 13:40:54.760,1.79714,1.79724,1.10,1.00
2014.04.17 13:40:55.892,1.79714,1.79727,1.10,1.00
2014.04.17 13:40:57.098,1.79714,1.79729,1.10,1.00
2014.04.17 13:41:00.655,1.79712,1.79729,1.77,1.00
2014.04.17 13:41:00.757,1.79712,1.79729,1.77,1.38
2014.04.17 13:41:01.010,1.7971,1.79726,1.10,1.15
2014.04.17 13:41:01.111,1.7971,1.79726,1.10,1.00
2014.04.17 13:41:01.212,1.79711,1.79726,1.10,1.38
2014.04.17 13:41:01.364,1.79709,1.79726,1.00,1.53
2014.04.17 13:41:01.568,1.79709,1.79726,1.00,1.13
2014.04.17 13:41:01.838,1.79712,1.79727,1.00,1.39
2014.04.17 13:41:02.279,1.79712,1.79727,1.00,1.47
2014.04.17 13:41:02.744,1.79712,1.79729,1.00,2.22
2014.04.17 13:41:03.518,1.79713,1.79729,1.10,1.67
2014.04.17 13:41:04.089,1.79715,1.79729,1.10,1.67
2014.04.17 13:41:04.392,1.79715,1.79729,1.10,1.72
2014.04.17 13:41:05.051,1.79715,1.79729,1.10,1.67
2014.04.17 13:41:05.593,1.79715,1.79729,1.10,1.67
2014.04.17 13:41:06.091,1.79715,1.79729,1.10,1.72
2014.04.17 13:41:06.770,1.79715,1.79729,1.10,1.72
2014.04.17 13:41:07.293,1.79714,1.79729,1.10,1.72
2014.04.17 13:41:07.684,1.79712,1.79729,1.58,1.72
2014.04.17 13:41:08.784,1.79713,1.79729,1.10,1.67
2014.04.17 13:41:09.033,1.79713,1.79729,1.10,1.39
2014.04.17 13:41:10.002,1.79712,1.79727,1.00,1.10
2014.04.17 13:41:10.919,1.79712,1.79726,1.00,1.10
2014.04.17 13:41:12.409,1.79712,1.79727,1.00,1.10
2014.04.17 13:41:12.972,1.79712,1.79728,1.00,1.39
2014.04.17 13:41:13.949,1.79712,1.79727,1.00,1.55
2014.04.17 13:41:14.260,1.79712,1.79727,1.00,1.67
2014.04.17 13:41:15.024,1.79712,1.79727,1.00,1.67
2014.04.17 13:41:17.103,1.79712,1.79729,1.00,2.29
2014.04.17 13:41:17.752,1.79712,1.79729,1.00,2.14
2014.04.17 13:41:20.144,1.79712,1.79729,1.00,1.25
2014.04.17 13:41:20.347,1.79715,1.79732,1.00,1.48
2014.04.17 13:41:20.758,1.79717,1.79734,1.00,2.14
2014.04.17 13:41:25.608,1.79717,1.79734,1.58,1.63
2014.04.17 13:41:25.973,1.7972,1.79737,1.00,1.57
2014.04.17 13:41:27.377,1.7972,1.79737,1.19,1.38
2014.04.17 13:41:27.478,1.7972,1.79737,1.19,1.00
2014.04.17 13:41:27.600,1.79722,1.79737,1.29,1.00
2014.04.17 13:41:27.802,1.79722,1.79739,1.84,1.00
2014.04.17 13:41:28.359,1.79722,1.79739,1.92,1.00
2014.04.17 13:41:28.983,1.79722,1.79739,1.92,1.00
2014.04.17 13:41:29.678,1.79725,1.79742,1.19,1.00
2014.04.17 13:41:30.226,1.79725,1.79742,1.25,1.00
2014.04.17 13:41:31.204,1.79726,1.79742,1.10,1.00
2014.04.17 13:41:31.353,1.79731,1.79742,1.10,1.00
2014.04.17 13:41:31.555,1.79733,1.79745,1.10,1.00
2014.04.17 13:41:32.294,1.79732,1.79745,1.10,1.00
2014.04.17 13:41:32.415,1.79728,1.79745,1.00,1.00
2014.04.17 13:41:33.519,1.79728,1.79744,1.00,1.10
2014.04.17 13:41:33.670,1.79728,1.79742,1.00,1.10
2014.04.17 13:41:33.974,1.79725,1.79742,1.00,2.14
2014.04.17 13:41:34.864,1.79725,1.79741,1.00,1.29
2014.04.17 13:41:35.346,1.79722,1.79739,1.00,1.00
2014.04.17 13:41:35.548,1.79724,1.79741,1.00,1.19
2014.04.17 13:41:35.855,1.79724,1.79741,1.19,1.00
2014.04.17 13:41:36.703,1.79724,1.79741,1.37,1.00
2014.04.17 13:41:37.309,1.79727,1.79744,1.58,1.25
2014.04.17 13:41:37.612,1.79726,1.79741,1.10,1.00
2014.04.17 13:41:37.915,1.79724,1.79741,1.00,2.14
2014.04.17 13:41:38.218,1.79722,1.79739,1.00,2.52
2014.04.17 13:41:38.609,1.79722,1.79739,1.00,2.29
2014.04.17 13:41:39.196,1.79719,1.79736,1.00,1.00
2014.04.17 13:41:42.155,1.7972,1.79736,1.10,1.00
2014.04.17 13:41:43.715,1.79721,1.79736,1.10,1.00
2014.04.17 13:41:46.090,1.7972,1.79736,1.10,1.00
2014.04.17 13:41:46.242,1.7972,1.79736,1.10,1.72
2014.04.17 13:41:46.546,1.79716,1.79733,1.58,1.00
2014.04.17 13:41:46.748,1.79718,1.79733,1.10,1.00
2014.04.17 13:41:47.406,1.79717,1.79733,1.10,1.00
2014.04.17 13:41:47.957,1.79722,1.79737,1.10,1.08
2014.04.17 13:41:48.008,1.79722,1.79737,1.10,1.00
2014.04.17 13:41:48.394,1.79733,1.79739,1.10,1.00
2014.04.17 13:41:48.546,1.79729,1.79742,1.10,1.00
2014.04.17 13:41:48.781,1.79729,1.79742,1.10,1.15
2014.04.17 13:41:49.085,1.79731,1.79742,1.10,1.00
2014.04.17 13:41:49.388,1.79743,1.79755,1.10,1.39
2014.04.17 13:41:49.540,1.79743,1.79755,1.10,1.18
2014.04.17 13:41:49.825,1.79741,1.79755,1.10,1.00
2014.04.17 13:41:50.182,1.79738,1.79755,1.58,1.00
2014.04.17 13:41:50.414,1.7974,1.79755,1.10,1.00
2014.04.17 13:41:50.809,1.7974,1.79757,1.58,1.00
2014.04.17 13:41:54.698,1.79743,1.7976,1.00,1.25
2014.04.17 13:41:55.277,1.79743,1.7976,1.00,1.19
2014.04.17 13:41:55.993,1.79743,1.7976,1.00,1.25
2014.04.17 13:42:03.369,1.79745,1.7976,1.10,1.00
2014.04.17 13:42:03.895,1.79746,1.7976,1.10,1.00
2014.04.17 13:42:04.900,1.79745,1.7976,1.10,1.00
2014.04.17 13:42:05.457,1.79746,1.7976,1.10,1.00
2014.04.17 13:42:06.071,1.79745,1.7976,1.10,1.00
2014.04.17 13:42:06.812,1.79746,1.7976,1.10,1.00
2014.04.17 13:42:07.345,1.79745,1.7976,1.10,1.00
2014.04.17 13:42:09.875,1.79743,1.7976,1.58,1.32
2014.04.17 13:42:10.396,1.79744,1.7976,1.10,1.32
2014.04.17 13:42:10.989,1.79744,1.7976,1.10,1.32
2014.04.17 13:42:11.234,1.79747,1.7976,1.10,1.32
2014.04.17 13:42:11.436,1.79744,1.7976,1.10,1.32
2014.04.17 13:42:11.971,1.79745,1.7976,1.10,1.32
2014.04.17 13:42:12.422,1.79747,1.79757,1.10,1.00
2014.04.17 13:42:12.674,1.79748,1.7976,1.10,1.00
2014.04.17 13:42:13.242,1.79749,1.7976,1.10,1.00
2014.04.17 13:42:16.395,1.79751,1.7976,1.10,1.00
2014.04.17 13:42:16.929,1.7975,1.7976,1.10,1.00
2014.04.17 13:42:17.162,1.79746,1.7976,1.10,1.00
2014.04.17 13:42:18.936,1.79746,1.79758,1.10,1.00
2014.04.17 13:42:20.874,1.79745,1.79758,1.10,1.00
2014.04.17 13:42:21.378,1.79745,1.79758,1.10,1.39
2014.04.17 13:42:21.429,1.79743,1.79758,1.10,1.39
2014.04.17 13:42:21.480,1.79743,1.79755,1.10,1.00
2014.04.17 13:42:22.025,1.79744,1.79755,1.10,1.00
2014.04.17 13:42:22.228,1.79738,1.79755,1.58,1.38
2014.04.17 13:42:22.430,1.79738,1.79755,1.00,2.97
2014.04.17 13:42:22.480,1.79736,1.79753,1.58,1.67
2014.04.17 13:42:23.494,1.79736,1.7975,1.10,1.39
2014.04.17 13:42:23.544,1.79736,1.79747,1.10,1.00
2014.04.17 13:42:24.324,1.79737,1.79747,1.10,1.00
2014.04.17 13:42:27.899,1.79736,1.79747,1.10,1.00
2014.04.17 13:42:28.207,1.79738,1.79747,1.10,1.00
2014.04.17 13:42:28.308,1.7974,1.7975,1.10,1.00
2014.04.17 13:42:28.409,1.7974,1.79753,1.10,1.00
2014.04.17 13:42:28.460,1.79746,1.79753,1.10,1.00
2014.04.17 13:42:30.056,1.79746,1.79756,1.10,1.00
2014.04.17 13:42:30.576,1.79746,1.79759,1.10,1.55
2014.04.17 13:42:31.893,1.79746,1.79759,1.10,1.00
2014.04.17 13:42:36.284,1.79744,1.79759,1.10,1.00
2014.04.17 13:42:36.335,1.79744,1.79759,1.10,1.63
2014.04.17 13:42:36.678,1.79745,1.79756,1.10,1.40
2014.04.17 13:42:36.729,1.79743,1.79756,1.10,1.40
2014.04.17 13:42:36.793,1.79745,1.79756,1.10,1.40
2014.04.17 13:42:37.392,1.79743,1.79755,1.10,1.18
2014.04.17 13:42:37.499,1.79739,1.79755,1.58,1.28
2014.04.17 13:42:38.039,1.79738,1.79753,1.10,1.25
2014.04.17 13:42:38.369,1.79736,1.79753,1.58,1.25
2014.04.17 13:42:38.473,1.79739,1.79753,1.10,1.25
2014.04.17 13:42:39.700,1.79737,1.79753,1.10,1.00
2014.04.17 13:42:40.212,1.79738,1.79753,1.10,1.25
2014.04.17 13:42:40.975,1.79737,1.79753,1.10,1.25
2014.04.17 13:42:41.360,1.79736,1.79753,1.00,1.77
2014.04.17 13:42:41.663,1.79733,1.79745,1.00,1.39
2014.04.17 13:42:41.974,1.79728,1.79744,1.00,2.22
2014.04.17 13:42:42.226,1.79724,1.79741,1.00,1.19
2014.04.17 13:42:42.327,1.79724,1.79741,1.00,1.19
2014.04.17 13:42:43.387,1.79724,1.79741,1.00,1.25
2014.04.17 13:42:46.054,1.79725,1.79741,1.10,1.00
2014.04.17 13:42:46.561,1.79724,1.79741,1.25,1.00
2014.04.17 13:42:48.422,1.79724,1.79741,1.77,1.00
2014.04.17 13:42:49.437,1.79724,1.79741,1.00,1.13
2014.04.17 13:42:50.947,1.79724,1.79741,1.19,1.00
2014.04.17 13:42:52.287,1.79726,1.79741,1.10,1.00
2014.04.17 13:42:52.438,1.79724,1.79741,2.52,1.00
2014.04.17 13:42:52.489,1.79724,1.79741,2.52,1.00
2014.04.17 13:42:52.540,1.79727,1.79744,1.00,1.00
2014.04.17 13:42:52.591,1.79727,1.79744,1.19,1.00
2014.04.17 13:42:52.843,1.7973,1.79747,1.77,1.00
2014.04.17 13:42:53.196,1.79728,1.79745,1.00,1.00
2014.04.17 13:42:53.701,1.79728,1.79745,1.00,1.67
2014.04.17 13:42:53.752,1.79726,1.79743,1.00,1.02
2014.04.17 13:42:54.153,1.79729,1.79743,1.10,1.09
2014.04.17 13:42:54.507,1.79726,1.79743,1.00,1.38
2014.04.17 13:42:54.721,1.79729,1.79743,1.10,1.18
2014.04.17 13:42:55.024,1.79732,1.79743,1.10,1.00
2014.04.17 13:42:55.327,1.79734,1.79745,1.10,1.00
2014.04.17 13:42:56.197,1.79734,1.79748,1.10,1.00
2014.04.17 13:43:05.216,1.79734,1.79751,1.58,1.32
2014.04.17 13:43:07.369,1.79744,1.79751,1.10,1.25
2014.04.17 13:43:07.470,1.7974,1.79751,1.10,1.00
2014.04.17 13:43:07.724,1.7974,1.79754,1.10,1.25
2014.04.17 13:43:09.543,1.79739,1.79754,1.10,1.00
2014.04.17 13:43:11.211,1.7974,1.79754,1.10,1.00
2014.04.17 13:43:15.876,1.7974,1.79754,1.10,1.08
2014.04.17 13:43:16.079,1.79737,1.79754,1.00,1.09
2014.04.17 13:43:16.497,1.79737,1.79754,1.00,1.37
2014.04.17 13:43:17.439,1.79737,1.79754,1.00,1.37
2014.04.17 13:43:18.551,1.79737,1.79754,1.25,1.00
2014.04.17 13:43:18.652,1.79737,1.79754,1.19,1.00
2014.04.17 13:43:18.957,1.79742,1.79754,1.10,1.00
2014.04.17 13:43:19.160,1.79742,1.79757,1.10,1.00
2014.04.17 13:43:19.635,1.79742,1.79757,1.10,1.38
2014.04.17 13:43:19.787,1.7974,1.79755,1.00,1.45
2014.04.17 13:43:20.142,1.79737,1.79754,1.58,1.53
2014.04.17 13:43:20.423,1.79735,1.79752,1.00,1.48
2014.04.17 13:43:22.962,1.79735,1.79752,1.58,1.20
2014.04.17 13:43:23.317,1.79736,1.79752,1.29,1.00
2014.04.17 13:43:23.468,1.79738,1.79754,1.29,1.13
2014.04.17 13:43:23.996,1.7974,1.79757,1.00,1.38
2014.04.17 13:43:28.457,1.7974,1.79757,1.00,1.47
2014.04.17 13:43:29.642,1.79736,1.79753,1.25,1.48
2014.04.17 13:43:30.242,1.79736,1.79753,1.19,1.48
2014.04.17 13:43:30.344,1.7974,1.79753,1.10,1.10
2014.04.17 13:43:30.647,1.79745,1.79759,1.10,1.15
2014.04.17 13:43:30.698,1.79742,1.79759,1.19,1.00
2014.04.17 13:43:30.849,1.79742,1.79759,1.19,1.38
2014.04.17 13:43:30.950,1.79742,1.79759,1.00,2.03
2014.04.17 13:43:31.052,1.79739,1.79756,1.19,1.18
2014.04.17 13:43:31.154,1.79739,1.79756,1.19,1.00
2014.04.17 13:43:31.406,1.79742,1.79759,1.77,1.00
2014.04.17 13:43:31.457,1.79745,1.79759,1.10,1.00
2014.04.17 13:43:31.767,1.79748,1.79759,1.10,1.00
2014.04.17 13:43:32.070,1.79752,1.79765,1.10,1.00
2014.04.17 13:43:32.171,1.79752,1.79768,1.02,1.00
2014.04.17 13:43:32.222,1.79756,1.79768,1.10,1.00
2014.04.17 13:43:32.433,1.79752,1.79768,1.02,1.00
2014.04.17 13:43:33.462,1.79752,1.79768,1.29,1.00
2014.04.17 13:43:34.461,1.79753,1.79768,1.02,1.00
2014.04.17 13:43:34.934,1.79755,1.79768,1.10,1.00
2014.04.17 13:43:35.187,1.79751,1.79768,1.00,1.63
2014.04.17 13:43:35.440,1.7975,1.79764,1.10,1.00
2014.04.17 13:43:39.926,1.79753,1.79764,1.10,1.00
2014.04.17 13:43:40.080,1.79754,1.79767,1.10,1.10
2014.04.17 13:43:45.007,1.79758,1.79771,1.00,1.02
2014.04.17 13:43:45.539,1.79758,1.79773,1.00,1.72
2014.04.17 13:43:48.203,1.79758,1.79771,1.00,1.74
2014.04.17 13:43:48.543,1.79758,1.7977,1.00,1.77
2014.04.17 13:43:49.432,1.79758,1.79767,1.00,1.29
2014.04.17 13:43:49.735,1.79758,1.79767,1.00,1.77
2014.04.17 13:43:50.233,1.79758,1.79771,1.00,1.47
2014.04.17 13:43:50.435,1.79758,1.79772,1.00,1.13
2014.04.17 13:43:50.537,1.7976,1.79772,1.00,1.13
2014.04.17 13:43:50.840,1.7976,1.79775,1.00,1.72
2014.04.17 13:43:51.145,1.79764,1.79775,1.10,1.38
2014.04.17 13:43:51.246,1.7976,1.79775,1.00,1.38
2014.04.17 13:43:51.449,1.79763,1.79775,1.10,1.00
2014.04.17 13:43:51.866,1.79761,1.79775,1.02,1.38
2014.04.17 13:43:52.172,1.79763,1.7978,1.00,1.72
2014.04.17 13:43:52.494,1.79767,1.79779,1.00,1.72
2014.04.17 13:43:54.452,1.79757,1.79776,1.00,1.84
2014.04.17 13:43:55.414,1.79766,1.79776,1.00,1.02
2014.04.17 13:43:55.979,1.79757,1.79775,1.00,1.72
2014.04.17 13:43:56.311,1.79767,1.7978,1.00,1.84
2014.04.17 13:43:56.413,1.79767,1.7978,1.00,1.02
2014.04.17 13:44:00.216,1.79767,1.79782,1.00,1.09
2014.04.17 13:44:03.349,1.79767,1.79782,1.00,1.09
2014.04.17 13:44:04.295,1.79767,1.79778,1.00,1.70
2014.04.17 13:44:06.142,1.79767,1.79778,1.00,1.02
2014.04.17 13:44:21.154,1.79767,1.79781,1.00,1.09
2014.04.17 13:44:24.927,1.79767,1.79784,1.00,1.72
2014.04.17 13:44:25.028,1.79767,1.79784,1.00,1.72
2014.04.17 13:44:25.129,1.79767,1.79784,1.00,1.64
2014.04.17 13:44:25.180,1.79767,1.79784,1.00,1.32
2014.04.17 13:44:25.759,1.79767,1.79784,1.77,1.13
2014.04.17 13:44:26.307,1.79772,1.79789,1.00,1.67
2014.04.17 13:44:27.454,1.79772,1.79789,1.00,1.72
2014.04.17 13:44:29.094,1.79774,1.79791,1.00,1.72
2014.04.17 13:44:30.813,1.79775,1.79791,1.10,1.72
2014.04.17 13:44:31.371,1.79774,1.79791,1.00,1.72
2014.04.17 13:44:31.610,1.79774,1.79789,1.00,1.72
2014.04.17 13:44:32.393,1.79774,1.79791,1.00,1.47
2014.04.17 13:44:33.336,1.79776,1.79793,1.00,1.77
2014.04.17 13:44:33.994,1.79776,1.79793,1.00,1.77
2014.04.17 13:44:34.499,1.79776,1.79793,1.00,2.52
2014.04.17 13:44:37.209,1.79777,1.79793,1.10,1.47
2014.04.17 13:44:37.512,1.79779,1.79793,1.10,1.47
2014.04.17 13:44:38.149,1.79778,1.79794,1.00,1.72
2014.04.17 13:44:38.752,1.79778,1.79794,1.00,1.72
2014.04.17 13:44:39.466,1.79778,1.79795,1.00,2.22
2014.04.17 13:44:40.075,1.79779,1.79795,1.10,2.22
2014.04.17 13:44:40.607,1.79779,1.79795,1.10,2.22
2014.04.17 13:44:41.472,1.79779,1.79795,1.10,1.72
2014.04.17 13:44:42.762,1.79779,1.79795,1.10,1.72
2014.04.17 13:44:43.853,1.79779,1.79795,1.10,1.72
2014.04.17 13:44:44.750,1.79778,1.79795,1.58,1.72
2014.04.17 13:44:45.326,1.79779,1.79795,1.10,1.34
2014.04.17 13:44:45.832,1.79778,1.79795,1.58,1.34
2014.04.17 13:44:46.367,1.79779,1.79795,1.10,1.34
2014.04.17 13:44:46.885,1.79779,1.79795,1.10,1.34
2014.04.17 13:44:47.154,1.79779,1.79792,1.10,1.47
2014.04.17 13:44:47.458,1.79775,1.79785,1.00,1.02
2014.04.17 13:44:47.560,1.79773,1.79785,1.00,2.52
2014.04.17 13:44:48.068,1.79772,1.79786,1.10,1.47
2014.04.17 13:44:48.219,1.79773,1.79787,1.10,1.74
2014.04.17 13:44:48.374,1.79777,1.79787,1.10,1.74
2014.04.17 13:44:48.726,1.79775,1.79788,1.10,1.72
2014.04.17 13:44:48.928,1.79772,1.79786,1.58,1.39
2014.04.17 13:44:49.623,1.7977,1.79785,1.00,1.72
2014.04.17 13:44:49.926,1.7977,1.79786,1.00,1.02
2014.04.17 13:44:50.952,1.7977,1.79783,1.00,1.72
2014.04.17 13:44:51.394,1.7977,1.79781,1.00,1.72
2014.04.17 13:44:51.495,1.79766,1.79776,1.00,1.72
2014.04.17 13:44:51.597,1.79766,1.79776,1.00,1.72
2014.04.17 13:44:51.648,1.79764,1.79776,1.00,1.72
2014.04.17 13:44:51.751,1.79761,1.79776,1.00,1.72
2014.04.17 13:44:52.284,1.79762,1.79776,1.10,1.34
2014.04.17 13:44:52.493,1.79762,1.79778,1.10,1.77
2014.04.17 13:44:53.483,1.79762,1.79778,1.10,2.52
2014.04.17 13:44:54.040,1.79761,1.79778,1.00,2.52
2014.04.17 13:44:55.511,1.79761,1.79777,1.00,1.72
2014.04.17 13:44:56.555,1.79758,1.79775,1.00,1.72
2014.04.17 13:44:56.766,1.79756,1.79773,1.00,1.47
2014.04.17 13:44:56.917,1.79756,1.79773,1.00,1.47
2014.04.17 13:44:58.159,1.79757,1.79773,1.10,1.74
2014.04.17 13:44:58.764,1.79758,1.79773,1.10,1.74
2014.04.17 13:45:00.149,1.79757,1.79773,1.10,1.47
2014.04.17 13:45:00.455,1.7976,1.79773,1.10,1.47
2014.04.17 13:45:01.020,1.79762,1.79773,1.10,1.47
2014.04.17 13:45:01.342,1.79762,1.79773,1.10,1.25
2014.04.17 13:45:01.948,1.79769,1.79778,1.10,1.00
2014.04.17 13:45:02.200,1.79771,1.79782,1.10,1.19
2014.04.17 13:45:02.402,1.79771,1.79785,1.10,1.19
2014.04.17 13:45:02.453,1.79778,1.79785,1.10,1.00
2014.04.17 13:45:03.056,1.79779,1.79787,1.10,1.19
2014.04.17 13:45:03.965,1.79779,1.79787,1.10,1.25
2014.04.17 13:45:04.016,1.79775,1.79787,1.10,1.25
2014.04.17 13:45:04.411,1.79775,1.79783,1.10,1.00
2014.04.17 13:45:04.462,1.7977,1.79783,1.00,1.57
2014.04.17 13:45:04.563,1.7977,1.79779,1.00,1.29
2014.04.17 13:45:04.614,1.79767,1.79779,1.00,1.29
2014.04.17 13:45:04.715,1.79762,1.79776,1.00,1.29
2014.04.17 13:45:05.033,1.79759,1.79776,1.00,1.77
2014.04.17 13:45:05.464,1.79762,1.79776,1.38,1.19
2014.04.17 13:45:05.616,1.79762,1.79776,1.38,1.00
2014.04.17 13:45:06.171,1.79762,1.79779,1.38,1.00
2014.04.17 13:45:09.964,1.79767,1.79779,1.10,1.00
2014.04.17 13:45:10.085,1.79767,1.79783,1.10,1.19
2014.04.17 13:45:10.502,1.79771,1.79783,1.10,1.19
2014.04.17 13:45:10.894,1.79771,1.79783,1.10,1.19
2014.04.17 13:45:11.945,1.79771,1.79783,1.10,1.19
2014.04.17 13:45:12.915,1.79769,1.79783,1.10,1.25
2014.04.17 13:45:14.895,1.79775,1.79783,1.10,1.25
2014.04.17 13:45:15.148,1.79771,1.79786,1.10,1.19
2014.04.17 13:45:15.249,1.79769,1.79786,1.00,1.29
2014.04.17 13:45:15.350,1.79769,1.79786,1.00,1.77
2014.04.17 13:45:15.401,1.79766,1.79783,1.00,1.19
2014.04.17 13:45:15.603,1.79764,1.79778,1.10,1.00
2014.04.17 13:45:15.654,1.79762,1.79778,1.10,1.00
2014.04.17 13:45:15.771,1.79762,1.79778,1.10,1.19
2014.04.17 13:45:16.205,1.79764,1.79778,1.10,1.19
2014.04.17 13:45:16.509,1.79769,1.79778,1.10,1.00
2014.04.17 13:45:16.915,1.79769,1.7978,1.10,1.00
2014.04.17 13:45:21.319,1.79769,1.7978,1.48,1.00
2014.04.17 13:45:21.471,1.79774,1.79784,1.10,1.00
2014.04.17 13:45:21.674,1.79774,1.79787,1.10,1.00
2014.04.17 13:45:22.202,1.79774,1.79789,1.20,1.29
2014.04.17 13:45:22.986,1.79774,1.79789,1.20,1.02
2014.04.17 13:45:24.961,1.79772,1.79789,1.00,1.00
2014.04.17 13:45:25.011,1.79772,1.79789,1.00,1.19
2014.04.17 13:45:25.062,1.7977,1.79787,1.00,1.25
2014.04.17 13:45:25.423,1.7977,1.79787,1.00,1.37
2014.04.17 13:45:25.524,1.79767,1.79784,1.58,1.37
2014.04.17 13:45:25.646,1.79767,1.79782,1.10,1.19
2014.04.17 13:45:25.961,1.79767,1.79779,1.10,1.00
2014.04.17 13:45:29.296,1.79769,1.79779,1.10,1.00
2014.04.17 13:45:29.947,1.79772,1.79782,1.10,1.00
2014.04.17 13:45:30.057,1.79772,1.79785,1.48,1.00
2014.04.17 13:45:30.210,1.79776,1.79785,1.10,1.00
2014.04.17 13:45:30.260,1.79776,1.79789,1.48,1.00
2014.04.17 13:45:30.361,1.79778,1.79792,1.48,1.00
2014.04.17 13:45:30.412,1.79782,1.79792,1.10,1.00
2014.04.17 13:45:30.614,1.79782,1.79794,1.10,1.25
2014.04.17 13:45:30.961,1.79786,1.79794,1.10,1.00
2014.04.17 13:45:31.162,1.79786,1.79796,1.10,1.00
2014.04.17 13:45:31.346,1.79786,1.79798,1.10,1.25
2014.04.17 13:45:31.965,1.79786,1.79798,1.10,1.19
2014.04.17 13:45:32.608,1.79786,1.79798,1.10,1.25
2014.04.17 13:45:33.343,1.79791,1.79798,1.10,1.00
2014.04.17 13:45:33.876,1.79791,1.79802,1.10,1.34
2014.04.17 13:45:35.127,1.79789,1.79802,1.10,1.34
2014.04.17 13:45:36.168,1.79789,1.79802,1.10,1.39
2014.04.17 13:45:37.231,1.79787,1.79802,1.10,1.39
2014.04.17 13:45:37.559,1.79785,1.79802,1.00,1.39
2014.04.17 13:45:40.463,1.79785,1.79802,1.00,1.34
2014.04.17 13:45:41.528,1.79785,1.79802,1.00,1.19
2014.04.17 13:45:44.551,1.79785,1.79802,1.00,1.19
2014.04.17 13:45:47.488,1.79785,1.79802,1.00,1.19
2014.04.17 13:45:47.539,1.79783,1.798,1.00,1.19
2014.04.17 13:45:48.316,1.79783,1.798,1.00,1.19
2014.04.17 13:45:48.770,1.79785,1.79802,1.00,1.00
2014.04.17 13:45:50.672,1.79785,1.79802,1.38,1.25
2014.04.17 13:45:50.975,1.79794,1.79811,1.28,1.00
2014.04.17 13:45:51.026,1.79794,1.79811,1.28,1.00
2014.04.17 13:45:51.128,1.79794,1.79811,1.28,1.00
2014.04.17 13:45:51.431,1.79801,1.79811,1.10,1.00
2014.04.17 13:45:51.482,1.79801,1.79818,1.58,1.00
2014.04.17 13:45:51.734,1.79803,1.7982,1.00,1.19
2014.04.17 13:45:52.554,1.79803,1.7982,1.00,1.00
2014.04.17 13:45:52.857,1.79806,1.79823,1.00,1.32
2014.04.17 13:45:53.361,1.79805,1.79822,1.00,1.77
2014.04.17 13:45:57.856,1.79805,1.79822,1.00,1.02
2014.04.17 13:45:58.890,1.79805,1.79821,1.00,1.10
2014.04.17 13:45:59.609,1.79805,1.79819,1.00,1.10
2014.04.17 13:45:59.915,1.79802,1.79817,1.00,1.10
2014.04.17 13:46:00.599,1.79798,1.79817,1.19,1.10
2014.04.17 13:46:00.875,1.79798,1.79817,1.19,1.10
2014.04.17 13:46:02.028,1.79798,1.79819,1.19,1.10
2014.04.17 13:46:02.395,1.79798,1.79821,1.19,1.00
2014.04.17 13:46:03.512,1.798,1.79821,1.67,1.00
2014.04.17 13:46:03.668,1.79803,1.79825,1.32,1.19
2014.04.17 13:46:04.200,1.79803,1.79825,1.32,1.34
2014.04.17 13:46:06.417,1.79803,1.79825,1.19,1.19
2014.04.17 13:46:07.216,1.79803,1.79825,1.25,1.19
2014.04.17 13:46:08.229,1.79803,1.79825,1.19,1.19
2014.04.17 13:46:09.250,1.79803,1.79825,1.25,1.19
2014.04.17 13:46:10.947,1.79803,1.79825,2.07,1.00
2014.04.17 13:46:11.250,1.79805,1.79828,1.19,1.73
2014.04.17 13:46:11.401,1.79805,1.79828,1.19,1.65
2014.04.17 13:46:12.150,1.79808,1.7983,1.25,1.92
2014.04.17 13:46:12.362,1.79821,1.7983,1.10,1.00
2014.04.17 13:46:12.463,1.79816,1.79833,1.29,1.00
2014.04.17 13:46:12.665,1.79816,1.79833,1.20,1.00
2014.04.17 13:46:12.716,1.79818,1.79836,1.10,1.19
2014.04.17 13:46:13.139,1.79816,1.79837,1.00,1.29
2014.04.17 13:46:13.190,1.79816,1.79837,1.00,1.67
2014.04.17 13:46:13.392,1.79811,1.79833,1.00,1.47
2014.04.17 13:46:13.595,1.79811,1.79833,1.19,2.29
2014.04.17 13:46:13.898,1.79813,1.79826,1.25,1.10
2014.04.17 13:46:14.151,1.79811,1.79828,1.00,1.02
2014.04.17 13:46:14.353,1.79809,1.79828,1.00,1.02
2014.04.17 13:46:14.863,1.79809,1.79828,1.00,1.17
2014.04.17 13:46:15.386,1.79809,1.79828,1.25,1.10
2014.04.17 13:46:19.939,1.79809,1.79827,1.00,1.10
2014.04.17 13:46:20.739,1.79809,1.79827,1.25,1.48
2014.04.17 13:46:21.042,1.79804,1.79818,1.00,1.20
2014.04.17 13:46:21.193,1.79801,1.79819,1.00,1.47
2014.04.17 13:46:21.244,1.79801,1.79819,1.00,1.20
2014.04.17 13:46:21.395,1.79798,1.79819,1.00,1.10
2014.04.17 13:46:21.597,1.79801,1.79819,1.00,1.10
2014.04.17 13:46:22.348,1.79803,1.79823,1.10,1.32
2014.04.17 13:46:22.410,1.79801,1.79822,1.00,1.02
2014.04.17 13:46:22.946,1.79801,1.79821,1.00,1.02
2014.04.17 13:46:23.996,1.79801,1.79822,1.00,1.02
2014.04.17 13:46:25.488,1.79801,1.79821,1.00,1.10
2014.04.17 13:46:25.691,1.79801,1.79821,1.00,1.47
2014.04.17 13:46:25.897,1.79797,1.79819,1.00,1.92
2014.04.17 13:46:26.953,1.79797,1.79819,1.00,1.92
2014.04.17 13:46:28.099,1.79797,1.79819,1.00,1.92
2014.04.17 13:46:31.318,1.79797,1.79818,1.00,1.54
2014.04.17 13:46:31.520,1.79797,1.79818,1.00,1.54
2014.04.17 13:46:36.434,1.798,1.79817,1.00,1.18
2014.04.17 13:46:38.178,1.798,1.79811,1.00,1.10
2014.04.17 13:46:38.481,1.798,1.79806,1.00,1.10
2014.04.17 13:46:38.583,1.79798,1.79806,1.00,1.10
2014.04.17 13:46:38.684,1.79795,1.79806,1.00,1.10
2014.04.17 13:46:39.009,1.79792,1.79809,1.00,1.77
2014.04.17 13:46:40.144,1.79792,1.79807,1.00,1.10
2014.04.17 13:46:40.245,1.79792,1.79809,1.10,1.25
2014.04.17 13:46:40.296,1.79791,1.79807,1.47,1.00
2014.04.17 13:46:40.447,1.79795,1.79811,1.10,1.10
2014.04.17 13:46:40.498,1.79795,1.79807,1.10,1.10
2014.04.17 13:46:40.701,1.79795,1.79812,1.00,1.00
2014.04.17 13:46:41.479,1.79795,1.79812,1.63,1.00
2014.04.17 13:46:41.919,1.79795,1.79812,1.57,1.00
2014.04.17 13:46:42.924,1.79795,1.79812,1.19,1.00
2014.04.17 13:46:45.014,1.79795,1.79812,1.25,1.00
2014.04.17 13:46:46.087,1.79795,1.79812,1.38,1.00
2014.04.17 13:46:48.250,1.79795,1.79812,1.25,1.00
2014.04.17 13:46:48.759,1.79795,1.79812,1.63,1.00
2014.04.17 13:46:49.370,1.79795,1.79812,1.25,1.00
2014.04.17 13:46:53.424,1.79795,1.79811,1.00,1.10
2014.04.17 13:46:53.525,1.79793,1.7981,1.00,1.00
2014.04.17 13:46:54.829,1.79795,1.79812,1.00,1.58
2014.04.17 13:46:57.392,1.79795,1.79812,1.19,1.58
2014.04.17 13:46:58.407,1.79795,1.79812,1.57,1.00
2014.04.17 13:46:59.423,1.79795,1.79812,1.57,1.00
2014.04.17 13:47:02.773,1.79795,1.79812,1.19,1.00
2014.04.17 13:47:04.257,1.79795,1.79812,1.19,1.00
2014.04.17 13:47:06.453,1.79795,1.79812,1.19,1.00
2014.04.17 13:47:09.460,1.79795,1.79812,1.19,1.00
2014.04.17 13:47:10.515,1.79795,1.79812,1.19,1.00
2014.04.17 13:47:13.215,1.79793,1.7981,2.07,1.00
2014.04.17 13:47:16.163,1.79793,1.79807,1.00,1.10
2014.04.17 13:47:16.417,1.7979,1.79807,1.19,1.58
2014.04.17 13:47:16.967,1.7979,1.79805,1.19,1.10
2014.04.17 13:47:17.479,1.79787,1.79804,1.19,1.58
2014.04.17 13:47:18.102,1.79787,1.79803,1.19,1.10
2014.04.17 13:47:18.440,1.79783,1.798,2.14,1.00
2014.04.17 13:47:19.486,1.79783,1.79798,1.67,1.00
2014.04.17 13:47:20.169,1.79783,1.79798,1.67,1.00
2014.04.17 13:47:20.983,1.79783,1.79798,1.67,1.00
2014.04.17 13:47:21.445,1.79783,1.79798,1.67,1.00
2014.04.17 13:47:22.476,1.79781,1.79798,1.19,1.58
2014.04.17 13:47:22.679,1.79781,1.79798,1.19,1.58
2014.04.17 13:47:22.731,1.7978,1.79796,1.19,1.10
2014.04.17 13:47:23.114,1.79777,1.79793,1.19,1.10
2014.04.17 13:47:23.589,1.79774,1.7979,1.57,1.00
2014.04.17 13:47:23.993,1.79773,1.7979,1.19,1.00
2014.04.17 13:47:24.044,1.79773,1.7979,1.19,1.08
2014.04.17 13:47:24.347,1.79767,1.79782,1.32,1.00
2014.04.17 13:47:26.782,1.79768,1.79782,2.07,1.00
2014.04.17 13:47:28.792,1.79768,1.79782,2.14,1.00
2014.04.17 13:47:30.852,1.79768,1.79782,2.14,1.00
2014.04.17 13:47:31.882,1.79768,1.79782,1.39,1.00
2014.04.17 13:47:32.185,1.79763,1.7978,1.69,1.00
2014.04.17 13:47:32.337,1.79763,1.7978,1.19,1.00
2014.04.17 13:47:32.697,1.7976,1.79776,1.32,1.00
2014.04.17 13:47:33.163,1.7976,1.79774,2.07,1.00
2014.04.17 13:47:34.874,1.79759,1.79774,1.29,1.00
2014.04.17 13:47:34.975,1.79757,1.79774,1.19,1.58
2014.04.17 13:47:36.165,1.79758,1.79774,1.19,1.10
2014.04.17 13:47:36.694,1.79758,1.79772,1.19,1.10
2014.04.17 13:47:37.282,1.79754,1.79772,1.57,1.10
2014.04.17 13:47:37.434,1.79754,1.79774,2.07,1.58
2014.04.17 13:47:41.177,1.79758,1.79772,1.19,1.10
2014.04.17 13:47:41.608,1.79754,1.79774,1.57,1.58
2014.04.17 13:47:42.304,1.79754,1.79774,1.57,1.58
2014.04.17 13:47:43.156,1.79754,1.79772,1.57,1.10
2014.04.17 13:47:43.718,1.79754,1.79772,1.57,1.10
2014.04.17 13:47:44.136,1.79754,1.79774,1.57,1.58
2014.04.17 13:47:44.362,1.79753,1.79772,2.82,1.10
2014.04.17 13:47:44.935,1.79753,1.79771,3.57,1.10
2014.04.17 13:47:45.138,1.79753,1.79774,4.39,1.00
2014.04.17 13:47:45.229,1.79755,1.79774,1.57,1.00
2014.04.17 13:47:46.339,1.79754,1.79774,2.07,1.00
2014.04.17 13:47:48.306,1.79755,1.79772,1.67,1.10
2014.04.17 13:47:48.660,1.79757,1.79774,1.57,1.00
2014.04.17 13:47:49.878,1.79758,1.79774,1.39,1.00
2014.04.17 13:47:50.030,1.79755,1.79772,1.72,1.10
2014.04.17 13:47:50.180,1.79755,1.79774,1.72,1.58
2014.04.17 13:47:51.319,1.79756,1.79776,1.72,1.00
2014.04.17 13:47:51.848,1.79756,1.79775,1.72,1.10
2014.04.17 13:47:52.349,1.79757,1.79775,1.74,1.10
2014.04.17 13:47:53.339,1.79757,1.79775,1.74,1.10
2014.04.17 13:47:55.084,1.79757,1.79775,2.22,1.10
2014.04.17 13:47:55.559,1.79758,1.79777,1.67,1.58
2014.04.17 13:47:55.711,1.79758,1.79775,1.67,1.10
2014.04.17 13:47:55.889,1.79758,1.79777,1.67,1.58
2014.04.17 13:47:56.445,1.79758,1.79777,1.67,1.58
2014.04.17 13:47:57.096,1.79758,1.79775,1.67,1.10
2014.04.17 13:47:58.857,1.79757,1.79777,2.22,1.10
2014.04.17 13:47:58.966,1.79757,1.79774,2.22,1.10
2014.04.17 13:47:59.560,1.79757,1.79778,2.22,1.10
2014.04.17 13:47:59.774,1.79757,1.79774,2.22,1.00
2014.04.17 13:48:00.373,1.79757,1.79774,2.52,1.00
2014.04.17 13:48:00.676,1.79758,1.79774,1.80,1.00
2014.04.17 13:48:00.778,1.79761,1.79778,1.67,1.58
2014.04.17 13:48:01.204,1.79769,1.79778,1.19,1.00
2014.04.17 13:48:01.518,1.79765,1.79778,1.34,1.00
2014.04.17 13:48:01.770,1.79765,1.79778,1.00,1.00
2014.04.17 13:48:01.922,1.79761,1.79778,1.19,1.00
2014.04.17 13:48:01.973,1.79761,1.79771,1.19,1.10
2014.04.17 13:48:02.024,1.79757,1.79771,1.77,1.10
2014.04.17 13:48:02.552,1.79757,1.79772,1.77,1.10
2014.04.17 13:48:03.093,1.79757,1.79771,1.29,1.00
2014.04.17 13:48:03.734,1.79757,1.79771,1.29,1.00
2014.04.17 13:48:04.090,1.79755,1.79769,1.47,1.00
2014.04.17 13:48:04.677,1.79755,1.79769,1.47,1.00
2014.04.17 13:48:05.390,1.79754,1.79768,1.72,1.00
2014.04.17 13:48:05.937,1.79754,1.79768,2.22,1.00
2014.04.17 13:48:06.240,1.79755,1.79769,1.32,1.00
2014.04.17 13:48:10.263,1.79756,1.79769,2.44,1.00
2014.04.17 13:48:13.167,1.79757,1.79769,1.02,1.00
2014.04.17 13:48:13.491,1.79756,1.79769,1.47,1.00
2014.04.17 13:48:14.496,1.79754,1.79769,1.72,1.00
2014.04.17 13:48:23.398,1.79753,1.79769,1.02,1.00
2014.04.17 13:48:25.407,1.79753,1.79769,1.77,1.00
2014.04.17 13:48:26.411,1.79753,1.79769,1.77,1.00
2014.04.17 13:48:26.914,1.79753,1.79768,1.77,1.00
2014.04.17 13:48:27.419,1.79753,1.79768,1.02,1.00
2014.04.17 13:48:30.532,1.79753,1.79768,1.47,1.00
2014.04.17 13:48:33.243,1.7975,1.79766,1.77,1.00
2014.04.17 13:48:34.091,1.7975,1.79766,1.29,1.00
2014.04.17 13:48:34.597,1.7975,1.79765,1.29,1.00
2014.04.17 13:48:35.217,1.79749,1.79765,2.22,1.00
2014.04.17 13:48:36.110,1.79748,1.79763,1.32,1.10
2014.04.17 13:48:36.212,1.79748,1.79763,1.19,1.10
2014.04.17 13:48:36.414,1.79743,1.7976,2.52,1.00
2014.04.17 13:48:37.393,1.79744,1.79761,1.72,1.00
2014.04.17 13:48:37.673,1.79744,1.79761,1.72,1.00
2014.04.17 13:48:38.687,1.79744,1.79761,1.47,1.00
2014.04.17 13:48:39.191,1.79744,1.7976,1.47,1.10
2014.04.17 13:48:39.439,1.79744,1.79758,1.47,1.10
2014.04.17 13:48:39.641,1.79744,1.7976,1.32,1.10
2014.04.17 13:48:40.198,1.79743,1.7976,1.57,1.58
2014.04.17 13:48:41.696,1.79743,1.7976,1.57,1.58
2014.04.17 13:48:41.952,1.79743,1.79758,1.19,1.10
2014.04.17 13:48:42.481,1.79743,1.79757,1.19,1.10
2014.04.17 13:48:42.982,1.79743,1.79757,1.19,1.10
2014.04.17 13:48:43.395,1.79743,1.7976,1.19,1.58
2014.04.17 13:48:43.696,1.79743,1.79758,1.19,1.10
2014.04.17 13:48:44.712,1.79743,1.79758,1.19,1.10
2014.04.17 13:48:45.223,1.79743,1.79759,1.19,1.10
2014.04.17 13:48:46.776,1.79743,1.79759,1.19,1.10
2014.04.17 13:48:48.339,1.79743,1.79759,1.19,1.10
2014.04.17 13:48:49.517,1.79743,1.79759,1.19,1.10
2014.04.17 13:48:49.568,1.79743,1.79759,1.00,1.10
2014.04.17 13:48:49.669,1.79741,1.79755,1.00,1.10
2014.04.17 13:48:49.974,1.79739,1.79751,1.19,1.10
2014.04.17 13:48:50.176,1.79739,1.79753,1.19,1.10
2014.04.17 13:48:50.429,1.79739,1.79755,1.19,1.10
2014.04.17 13:48:50.631,1.79736,1.79753,1.67,1.00
2014.04.17 13:48:51.597,1.79739,1.79753,1.74,1.00
2014.04.17 13:48:51.903,1.7974,1.79753,1.67,1.00
2014.04.17 13:48:52.206,1.79739,1.79753,1.74,1.00
2014.04.17 13:48:52.514,1.79739,1.79755,1.74,1.00
2014.04.17 13:48:52.822,1.79738,1.79753,1.72,1.00
2014.04.17 13:48:53.216,1.79738,1.79753,1.72,1.00
2014.04.17 13:48:55.100,1.79736,1.79753,2.07,1.00
2014.04.17 13:48:56.336,1.79736,1.79753,1.32,1.58
2014.04.17 13:48:56.907,1.79736,1.79751,1.32,1.10
2014.04.17 13:48:57.895,1.79733,1.7975,3.23,1.00
2014.04.17 13:48:58.428,1.79733,1.7975,3.15,1.00
2014.04.17 13:49:00.417,1.79733,1.7975,2.40,1.00
2014.04.17 13:49:01.437,1.79733,1.7975,2.40,1.00
2014.04.17 13:49:02.768,1.79733,1.7975,1.57,1.00
2014.04.17 13:49:05.691,1.79736,1.79752,1.19,1.00
2014.04.17 13:49:06.553,1.79735,1.79752,1.29,1.00
2014.04.17 13:49:07.599,1.79735,1.79752,1.29,1.00
2014.04.17 13:49:08.281,1.79735,1.79751,1.29,1.10
2014.04.17 13:49:10.661,1.79738,1.79752,1.63,1.00
2014.04.17 13:49:10.981,1.79737,1.79752,2.14,1.00
2014.04.17 13:49:12.188,1.79739,1.79752,1.47,1.00
2014.04.17 13:49:14.720,1.79739,1.79752,2.22,1.00
2014.04.17 13:49:17.716,1.79741,1.79752,1.19,1.00
2014.04.17 13:49:19.797,1.79736,1.79752,2.97,1.00
2014.04.17 13:49:19.848,1.79736,1.79752,2.22,1.00
2014.04.17 13:49:20.354,1.79734,1.7975,1.72,1.00
2014.04.17 13:49:20.862,1.79734,1.7975,1.72,1.00
2014.04.17 13:49:21.967,1.79733,1.7975,2.22,1.00
2014.04.17 13:49:22.980,1.79733,1.7975,1.47,1.00
2014.04.17 13:49:24.642,1.79732,1.79748,1.67,1.00
2014.04.17 13:49:25.112,1.79735,1.79748,1.67,1.00
2014.04.17 13:49:25.413,1.79735,1.7975,1.67,1.00
2014.04.17 13:49:26.012,1.79738,1.7975,1.57,1.00
2014.04.17 13:49:26.325,1.79741,1.7975,1.57,1.00
2014.04.17 13:49:27.192,1.79741,1.79759,1.57,1.58
2014.04.17 13:49:27.857,1.79741,1.79752,1.57,1.00
2014.04.17 13:49:29.201,1.79741,1.79752,1.57,1.00
2014.04.17 13:49:31.211,1.7974,1.79752,3.64,1.00
2014.04.17 13:49:32.215,1.7974,1.79752,2.89,1.00
2014.04.17 13:49:38.244,1.79741,1.79752,1.57,1.00
2014.04.17 13:49:40.254,1.79741,1.79752,1.57,1.00
2014.04.17 13:49:41.276,1.7974,1.79752,2.22,1.00
2014.04.17 13:49:42.266,1.7974,1.79752,2.97,1.00
2014.04.17 13:49:43.098,1.79738,1.79752,1.72,1.00
2014.04.17 13:49:43.301,1.79735,1.79752,1.32,1.00
2014.04.17 13:49:43.402,1.79735,1.7975,1.00,1.10
2014.04.17 13:49:43.504,1.79731,1.79748,1.57,1.00
2014.04.17 13:49:43.715,1.79728,1.79744,1.90,1.00
2014.04.17 13:49:48.482,1.79734,1.79744,1.10,1.00
2014.04.17 13:49:49.242,1.79734,1.79744,1.67,1.00
2014.04.17 13:49:49.544,1.79736,1.79746,1.67,1.00
2014.04.17 13:49:50.533,1.7974,1.79747,1.39,1.00
2014.04.17 13:49:51.360,1.79736,1.79747,1.67,1.00
2014.04.17 13:49:52.267,1.7974,1.79758,1.67,1.00
2014.04.17 13:49:52.368,1.7974,1.79749,1.67,1.00
2014.04.17 13:49:52.469,1.79742,1.79758,1.67,1.00
2014.04.17 13:49:53.066,1.79742,1.79751,1.48,1.00
2014.04.17 13:49:53.993,1.7974,1.79751,1.57,1.00
2014.04.17 13:49:55.027,1.79741,1.79752,1.67,1.00
2014.04.17 13:49:55.128,1.79741,1.79753,1.74,1.00
2014.04.17 13:49:55.495,1.79743,1.79755,1.57,1.00
2014.04.17 13:49:58.173,1.79742,1.79755,2.22,1.00
2014.04.17 13:49:59.897,1.79742,1.79755,1.67,1.00
2014.04.17 13:50:05.905,1.79741,1.79755,2.22,1.00
2014.04.17 13:50:06.758,1.79741,1.79755,1.74,1.00
2014.04.17 13:50:07.926,1.79741,1.79755,1.74,1.00
2014.04.17 13:50:08.938,1.7974,1.79755,1.72,1.00
2014.04.17 13:50:11.152,1.7974,1.79755,1.74,1.00
2014.04.17 13:50:13.172,1.79741,1.79755,1.67,1.00
2014.04.17 13:50:17.719,1.79741,1.79755,1.67,1.00
2014.04.17 13:50:18.314,1.79741,1.79755,1.67,1.00
2014.04.17 13:50:22.205,1.79739,1.79755,1.57,1.00
2014.04.17 13:50:29.237,1.79741,1.79755,1.67,1.00
2014.04.17 13:50:30.243,1.79741,1.79755,1.67,1.00
2014.04.17 13:50:31.691,1.79738,1.79755,1.64,1.00
2014.04.17 13:50:31.999,1.79738,1.79755,1.32,1.00
2014.04.17 13:50:32.309,1.79736,1.79753,2.07,1.00
2014.04.17 13:50:32.978,1.79736,1.79753,2.07,1.00
2014.04.17 13:50:33.971,1.79736,1.79753,1.72,1.00
2014.04.17 13:50:34.893,1.79736,1.79753,1.72,1.00
2014.04.17 13:50:36.000,1.79736,1.79753,1.72,1.00
2014.04.17 13:50:37.131,1.79736,1.79753,1.72,1.00
2014.04.17 13:50:38.138,1.79736,1.79753,1.72,1.00
2014.04.17 13:50:39.405,1.79736,1.79753,1.72,1.00
2014.04.17 13:50:40.424,1.79736,1.79753,1.72,1.00
2014.04.17 13:50:41.422,1.79736,1.79753,1.72,1.00
2014.04.17 13:50:43.377,1.79738,1.79755,2.14,1.00
2014.04.17 13:50:44.063,1.79738,1.79755,2.14,1.00
2014.04.17 13:50:45.036,1.79738,1.79755,1.39,1.00
2014.04.17 13:50:50.074,1.79738,1.79755,1.32,1.00
2014.04.17 13:50:51.058,1.79738,1.79755,1.39,1.00
2014.04.17 13:50:52.064,1.79738,1.79755,1.39,1.00
2014.04.17 13:50:52.969,1.79738,1.79754,1.19,1.10
2014.04.17 13:50:53.278,1.79737,1.79753,1.19,1.10
2014.04.17 13:50:54.341,1.79735,1.79752,1.39,1.00
2014.04.17 13:50:55.889,1.79735,1.79752,1.39,1.00
2014.04.17 13:50:57.958,1.79735,1.79752,1.39,1.58
2014.04.17 13:50:58.918,1.79735,1.79752,1.39,1.58
2014.04.17 13:51:04.965,1.79735,1.79752,1.39,1.00
2014.04.17 13:51:06.956,1.79735,1.79752,1.39,1.00
2014.04.17 13:51:08.822,1.79735,1.7975,1.39,1.10
2014.04.17 13:51:08.974,1.79735,1.7975,1.00,1.10
2014.04.17 13:51:09.177,1.79734,1.79747,1.00,1.10
2014.04.17 13:51:09.329,1.79731,1.79747,1.19,1.10
2014.04.17 13:51:09.896,1.79731,1.79748,1.19,1.58
2014.04.17 13:51:10.207,1.79727,1.79744,1.19,1.00
2014.04.17 13:51:13.445,1.79727,1.79744,1.19,1.00
2014.04.17 13:51:14.437,1.79727,1.79744,1.19,1.00
2014.04.17 13:51:16.567,1.79732,1.79744,1.57,1.00
2014.04.17 13:51:16.870,1.79732,1.79748,3.04,1.00
2014.04.17 13:51:17.787,1.79732,1.79748,1.74,1.00
2014.04.17 13:51:18.852,1.79732,1.79748,1.37,1.00
2014.04.17 13:51:19.848,1.79732,1.79749,1.84,1.00
2014.04.17 13:51:21.961,1.79732,1.79749,2.22,1.00
2014.04.17 13:51:22.386,1.79732,1.79749,1.69,1.00
2014.04.17 13:51:22.589,1.79727,1.79744,1.19,1.00
2014.04.17 13:51:23.678,1.79724,1.79741,1.32,1.00
2014.04.17 13:51:24.230,1.79724,1.79741,1.32,1.00
2014.04.17 13:51:24.718,1.79725,1.79741,1.19,1.00
2014.04.17 13:51:25.487,1.79725,1.79741,1.19,1.00
2014.04.17 13:51:27.639,1.79724,1.79741,2.82,1.00
2014.04.17 13:51:29.619,1.79724,1.79741,2.82,1.00
2014.04.17 13:51:32.917,1.79732,1.79741,1.00,1.00
2014.04.17 13:51:33.170,1.79732,1.79745,1.19,1.00
2014.04.17 13:51:33.624,1.7973,1.79739,1.19,1.10
2014.04.17 13:51:33.777,1.79728,1.79739,1.19,1.10
2014.04.17 13:51:33.878,1.79725,1.79739,1.25,1.10
2014.04.17 13:51:33.929,1.79725,1.79737,1.25,1.10
2014.04.17 13:51:34.131,1.79722,1.79739,1.19,1.58
2014.04.17 13:51:34.343,1.79722,1.79737,1.19,1.10
2014.04.17 13:51:34.605,1.79722,1.79739,1.19,1.58
2014.04.17 13:51:34.719,1.79722,1.79737,1.19,1.10
2014.04.17 13:51:35.030,1.79722,1.79735,1.19,1.10
2014.04.17 13:51:35.081,1.79722,1.79735,1.25,1.10
2014.04.17 13:51:35.132,1.7972,1.79733,1.19,1.10
2014.04.17 13:51:35.653,1.79717,1.79734,1.19,1.00
2014.04.17 13:51:35.860,1.79717,1.79734,1.19,1.00
2014.04.17 13:51:36.113,1.79715,1.79732,1.19,1.00
2014.04.17 13:51:36.878,1.79715,1.79732,1.19,1.00
2014.04.17 13:51:37.569,1.79716,1.79732,2.07,1.00
2014.04.17 13:51:37.671,1.79718,1.79734,1.19,1.00
2014.04.17 13:51:37.772,1.7972,1.79737,1.19,1.00
2014.04.17 13:51:38.275,1.7972,1.79737,1.19,1.58
2014.04.17 13:51:39.278,1.7972,1.79737,1.19,1.00
2014.04.17 13:51:41.636,1.7972,1.79735,1.19,1.10
2014.04.17 13:51:41.737,1.7972,1.79735,1.25,1.10
2014.04.17 13:51:42.614,1.79716,1.79733,1.19,1.00
2014.04.17 13:51:43.620,1.79716,1.79733,1.19,1.00
2014.04.17 13:51:43.928,1.79716,1.79733,1.25,1.08
2014.04.17 13:51:44.131,1.79714,1.79731,1.00,1.00
2014.04.17 13:51:44.674,1.79713,1.7973,1.69,1.00
2014.04.17 13:51:44.977,1.79716,1.7973,1.19,1.00
2014.04.17 13:51:45.281,1.79721,1.79734,1.47,1.00
2014.04.17 13:51:45.584,1.79723,1.79734,1.74,1.00
2014.04.17 13:51:45.937,1.79724,1.79738,1.39,1.00
2014.04.17 13:51:45.988,1.79724,1.79738,2.14,1.00
2014.04.17 13:51:46.131,1.79724,1.79741,3.72,1.00
2014.04.17 13:51:46.686,1.79724,1.79741,1.29,1.00
2014.04.17 13:51:47.357,1.79724,1.79741,1.39,1.00
2014.04.17 13:51:49.669,1.79724,1.79741,1.39,1.00
2014.04.17 13:51:50.615,1.79724,1.7974,1.39,1.10
2014.04.17 13:51:50.927,1.79727,1.7974,2.07,1.10
2014.04.17 13:51:51.450,1.79727,1.79741,2.07,1.10
2014.04.17 13:51:51.855,1.79728,1.79743,1.19,1.58
2014.04.17 13:51:52.893,1.79728,1.79743,2.44,1.10
2014.04.17 13:51:54.705,1.79728,1.79741,2.44,1.10
2014.04.17 13:51:55.315,1.79728,1.79741,1.19,1.10
2014.04.17 13:51:55.909,1.79728,1.79741,2.44,1.10
2014.04.17 13:51:56.901,1.79729,1.79743,1.19,1.10
2014.04.17 13:51:57.003,1.79729,1.79741,1.19,1.10
2014.04.17 13:51:57.054,1.79728,1.79741,1.69,1.10
2014.04.17 13:51:57.583,1.79726,1.7974,2.07,1.10
2014.04.17 13:51:58.255,1.79724,1.7974,1.57,1.58
2014.04.17 13:51:59.222,1.79725,1.79741,1.19,1.10
2014.04.17 13:51:59.731,1.79725,1.7974,1.19,1.10
2014.04.17 13:52:00.192,1.79725,1.79737,1.19,1.10
2014.04.17 13:52:00.394,1.79725,1.79739,1.19,1.10
2014.04.17 13:52:01.505,1.79725,1.79739,1.19,1.10
2014.04.17 13:52:06.388,1.79725,1.79739,1.19,1.10
2014.04.17 13:52:07.425,1.79725,1.79739,1.19,1.10
2014.04.17 13:52:09.406,1.79725,1.79739,1.19,1.10
2014.04.17 13:52:10.411,1.79725,1.79739,1.19,1.10
2014.04.17 13:52:11.374,1.79733,1.79739,1.00,1.10
2014.04.17 13:52:11.525,1.79733,1.79745,1.25,1.00
2014.04.17 13:52:11.893,1.79733,1.79747,1.25,1.00
2014.04.17 13:52:13.441,1.79733,1.79747,1.19,1.00
2014.04.17 13:52:14.483,1.79733,1.79747,1.19,1.00
2014.04.17 13:52:15.485,1.79733,1.79747,1.19,1.00
2014.04.17 13:52:16.488,1.79733,1.79747,1.19,1.00
2014.04.17 13:52:19.497,1.79733,1.79747,1.19,1.00
2014.04.17 13:52:21.241,1.79733,1.79749,1.19,1.00
2014.04.17 13:52:21.776,1.79732,1.79749,1.19,1.00
2014.04.17 13:52:22.503,1.79733,1.79749,1.19,1.00
2014.04.17 13:52:25.542,1.79733,1.79749,1.19,1.00
2014.04.17 13:52:26.722,1.79733,1.79749,1.25,1.00
2014.04.17 13:52:28.210,1.79733,1.79749,1.57,1.00
2014.04.17 13:52:28.513,1.7974,1.79756,1.47,1.00
2014.04.17 13:52:28.564,1.7974,1.79756,1.47,1.00
2014.04.17 13:52:28.665,1.79739,1.79756,1.34,1.00
2014.04.17 13:52:29.524,1.7974,1.79757,1.37,1.00
2014.04.17 13:52:30.072,1.7974,1.79757,1.37,1.00
2014.04.17 13:52:33.231,1.79742,1.79759,1.25,1.00
2014.04.17 13:52:35.554,1.79742,1.79759,1.19,1.00
2014.04.17 13:52:37.566,1.79742,1.79759,1.19,1.00
2014.04.17 13:52:39.601,1.79742,1.79759,1.19,1.00
2014.04.17 13:52:40.106,1.79742,1.79758,1.19,1.10
2014.04.17 13:52:40.409,1.7974,1.79757,1.25,1.58
2014.04.17 13:52:40.531,1.7974,1.79754,1.25,1.10
2014.04.17 13:52:41.232,1.79737,1.79754,1.00,1.00
2014.04.17 13:52:41.283,1.79733,1.7975,1.19,1.00
2014.04.17 13:52:42.409,1.79733,1.7975,2.22,1.00
2014.04.17 13:52:43.401,1.79733,1.7975,2.14,1.00
2014.04.17 13:52:44.225,1.79733,1.7975,1.19,1.00
2014.04.17 13:52:44.732,1.79732,1.79749,1.32,1.00
2014.04.17 13:52:45.351,1.79732,1.79749,1.32,1.00
2014.04.17 13:52:47.320,1.79732,1.79749,1.19,1.00
2014.04.17 13:52:48.327,1.79732,1.79749,1.19,1.58
2014.04.17 13:52:49.239,1.79732,1.79748,1.25,1.10
2014.04.17 13:52:49.746,1.7973,1.79747,1.19,1.00
2014.04.17 13:52:51.387,1.79731,1.79748,1.19,1.00
2014.04.17 13:52:52.253,1.79731,1.79748,1.19,1.00
2014.04.17 13:52:52.404,1.79733,1.7975,1.19,1.00
2014.04.17 13:52:56.108,1.79733,1.7975,1.57,1.00
2014.04.17 13:52:56.411,1.79738,1.79751,1.84,1.00
2014.04.17 13:52:56.462,1.79738,1.79755,2.97,1.00
2014.04.17 13:52:56.715,1.7974,1.79755,1.67,1.00
2014.04.17 13:52:57.220,1.79741,1.79758,1.47,1.00
2014.04.17 13:52:58.020,1.79741,1.79758,1.32,1.00
2014.04.17 13:52:59.039,1.79741,1.79758,1.47,1.00
2014.04.17 13:53:01.017,1.79741,1.79758,1.72,1.00
2014.04.17 13:53:02.076,1.79741,1.79758,1.47,1.00
2014.04.17 13:53:03.733,1.79741,1.79757,1.34,1.10
2014.04.17 13:53:03.941,1.79741,1.79753,1.19,1.10
2014.04.17 13:53:04.144,1.79737,1.79753,1.00,1.10
2014.04.17 13:53:04.397,1.79733,1.7975,1.19,1.00
2014.04.17 13:53:05.287,1.79733,1.7975,1.19,1.00
2014.04.17 13:53:07.497,1.79733,1.7975,1.19,1.00
2014.04.17 13:53:08.502,1.79733,1.7975,1.19,1.00
2014.04.17 13:53:10.412,1.79733,1.7975,1.19,1.00
2014.04.17 13:53:11.416,1.79733,1.7975,1.19,1.00
2014.04.17 13:53:14.427,1.79733,1.7975,1.34,1.00
2014.04.17 13:53:14.730,1.79733,1.7975,2.22,1.00
2014.04.17 13:53:14.831,1.79735,1.79752,1.39,1.58
2014.04.17 13:53:14.932,1.79735,1.79749,1.39,1.10
2014.04.17 13:53:15.437,1.79734,1.7975,1.19,1.10
2014.04.17 13:53:15.488,1.79734,1.79747,1.25,1.10
2014.04.17 13:53:15.942,1.79731,1.79747,1.00,1.10
2014.04.17 13:53:16.918,1.79729,1.79746,1.19,1.00
2014.04.17 13:53:18.468,1.7973,1.79747,1.25,1.58
2014.04.17 13:53:18.672,1.7973,1.79742,1.00,1.10
2014.04.17 13:53:18.874,1.79728,1.79742,1.00,1.10
2014.04.17 13:53:20.869,1.79728,1.79745,1.00,1.00
2014.04.17 13:53:20.970,1.79728,1.79742,1.10,1.10
2014.04.17 13:53:21.663,1.79726,1.79742,1.19,1.10
2014.04.17 13:53:22.168,1.79726,1.79742,1.39,1.10
2014.04.17 13:53:22.471,1.79728,1.79745,2.59,1.00
2014.04.17 13:53:22.798,1.79728,1.79745,2.59,1.00
2014.04.17 13:53:22.848,1.7973,1.79747,1.34,1.00
2014.04.17 13:53:23.314,1.7973,1.79747,1.19,1.00
2014.04.17 13:53:23.418,1.79733,1.79742,1.00,1.10
2014.04.17 13:53:23.721,1.79729,1.79742,1.00,1.10
2014.04.17 13:53:25.154,1.79729,1.79746,1.00,1.77
2014.04.17 13:53:25.212,1.79729,1.79746,1.29,1.58
2014.04.17 13:53:26.238,1.7973,1.79741,1.19,1.10
2014.04.17 13:53:26.541,1.7973,1.79739,1.00,1.10
2014.04.17 13:53:26.693,1.7973,1.79745,1.00,1.10
2014.04.17 13:53:26.895,1.7973,1.79742,1.00,1.10
2014.04.17 13:53:27.877,1.7973,1.7974,1.00,1.10
2014.04.17 13:53:28.234,1.79728,1.7974,1.00,1.10
2014.04.17 13:53:28.863,1.79728,1.79745,1.00,1.25
2014.04.17 13:53:29.166,1.79728,1.79745,1.29,1.00
2014.04.17 13:53:29.217,1.7973,1.79747,1.19,1.00
2014.04.17 13:53:29.765,1.79731,1.79748,1.25,1.00
2014.04.17 13:53:30.242,1.79731,1.79748,1.39,1.00
2014.04.17 13:53:30.444,1.79739,1.79756,3.04,1.00
2014.04.17 13:53:30.495,1.7974,1.79756,1.29,1.00
2014.04.17 13:53:30.647,1.79745,1.79762,1.29,1.00
2014.04.17 13:53:30.798,1.79745,1.79762,1.29,1.00
2014.04.17 13:53:30.849,1.79745,1.79759,1.29,1.10
2014.04.17 13:53:31.202,1.79745,1.79762,1.00,3.04
2014.04.17 13:53:31.454,1.7974,1.79757,1.00,1.39
2014.04.17 13:53:31.656,1.7974,1.79749,1.00,1.10
2014.04.17 13:53:31.808,1.79737,1.79749,1.00,1.10
2014.04.17 13:53:32.471,1.79736,1.79749,1.00,1.10
2014.04.17 13:53:32.644,1.79736,1.79751,1.00,1.10
2014.04.17 13:53:33.307,1.79736,1.79753,1.25,1.58
2014.04.17 13:53:33.459,1.79738,1.79755,1.00,1.00
2014.04.17 13:53:33.761,1.7974,1.79757,1.25,2.03
2014.04.17 13:53:34.065,1.79736,1.79748,1.00,1.10
2014.04.17 13:53:34.567,1.79734,1.79748,1.00,1.10
2014.04.17 13:53:34.783,1.79734,1.79744,1.00,1.10
2014.04.17 13:53:38.043,1.79732,1.79744,1.00,1.10
2014.04.17 13:53:41.063,1.79732,1.79746,1.13,1.10
2014.04.17 13:53:41.114,1.79732,1.79746,1.54,1.10
2014.04.17 13:53:41.165,1.79738,1.79749,1.00,1.00
2014.04.17 13:53:41.266,1.79738,1.79754,1.19,1.00
2014.04.17 13:53:41.367,1.79738,1.79754,1.69,1.00
2014.04.17 13:53:41.673,1.79742,1.79747,1.00,1.10
2014.04.17 13:53:41.976,1.79742,1.79754,1.00,1.02
2014.04.17 13:53:42.147,1.79738,1.79754,1.00,1.02
2014.04.17 13:53:43.913,1.79738,1.79755,1.00,1.00
2014.04.17 13:53:45.012,1.79738,1.79754,1.00,1.10
2014.04.17 13:53:45.267,1.79737,1.79744,1.25,1.10
2014.04.17 13:53:45.419,1.79735,1.79744,1.00,1.10
2014.04.17 13:53:45.923,1.79735,1.79743,1.00,1.10
2014.04.17 13:53:46.315,1.79731,1.79743,1.00,1.10
2014.04.17 13:53:46.401,1.79729,1.79743,1.10,1.10
2014.04.17 13:53:51.733,1.79729,1.79743,1.00,1.29
2014.04.17 13:53:51.835,1.79726,1.79743,1.00,1.77
2014.04.17 13:53:53.313,1.79728,1.79743,1.00,1.19
2014.04.17 13:53:53.465,1.79731,1.79748,1.00,1.00
2014.04.17 13:53:53.718,1.79731,1.79743,1.00,1.10
2014.04.17 13:53:53.920,1.79728,1.79743,1.00,1.10
2014.04.17 13:53:54.894,1.79727,1.79743,1.00,1.10
2014.04.17 13:53:58.743,1.79729,1.79744,1.00,1.29
2014.04.17 13:53:59.457,1.79729,1.79743,1.00,1.29
2014.04.17 13:54:00.615,1.79729,1.79737,1.00,1.10
2014.04.17 13:54:00.969,1.79727,1.79736,1.00,1.10
2014.04.17 13:54:03.255,1.79725,1.79736,1.00,1.10
2014.04.17 13:54:04.839,1.79722,1.79736,1.00,1.10
2014.04.17 13:54:05.142,1.79722,1.79739,1.00,1.77
2014.04.17 13:54:05.344,1.79725,1.79739,1.00,1.10
2014.04.17 13:54:05.810,1.79725,1.79742,1.63,1.00
2014.04.17 13:54:05.861,1.79728,1.79744,1.48,1.10
2014.04.17 13:54:05.963,1.79732,1.79749,1.00,1.58
2014.04.17 13:54:06.013,1.79732,1.79749,1.29,1.58
2014.04.17 13:54:06.345,1.79732,1.79744,1.00,1.10
2014.04.17 13:54:06.881,1.79732,1.79742,1.00,1.10
2014.04.17 13:54:07.083,1.79729,1.79742,1.00,1.10
2014.04.17 13:54:07.502,1.79727,1.79742,1.00,1.10
2014.04.17 13:54:09.682,1.79727,1.79744,1.25,2.03
2014.04.17 13:54:10.364,1.79729,1.79745,1.00,1.10
2014.04.17 13:54:12.664,1.79731,1.79745,1.00,1.02
2014.04.17 13:54:14.065,1.79731,1.79742,1.00,1.10
2014.04.17 13:54:14.601,1.79731,1.79743,1.00,1.10
2014.04.17 13:54:14.960,1.79728,1.79739,1.00,1.10
2014.04.17 13:54:17.386,1.79728,1.79737,1.00,1.10
2014.04.17 13:54:17.537,1.79725,1.79737,1.00,1.10
2014.04.17 13:54:17.720,1.79723,1.79737,1.00,1.10
2014.04.17 13:54:24.282,1.79723,1.79738,1.00,1.10
2014.04.17 13:54:27.413,1.79725,1.79738,1.00,1.10
2014.04.17 13:54:27.716,1.79725,1.79734,1.00,1.10
2014.04.17 13:54:28.280,1.79725,1.79732,1.00,1.10
2014.04.17 13:54:29.051,1.79725,1.79735,1.00,1.10
2014.04.17 13:54:29.585,1.79725,1.79736,1.19,1.10
2014.04.17 13:54:29.686,1.79727,1.79742,1.69,1.10
2014.04.17 13:54:29.838,1.79728,1.79742,1.38,1.10
2014.04.17 13:54:29.940,1.7973,1.79746,1.19,1.00
2014.04.17 13:54:29.991,1.79736,1.79746,1.19,1.00
2014.04.17 13:54:30.042,1.79736,1.7975,1.19,1.58
2014.04.17 13:54:30.588,1.79736,1.79749,1.19,1.10
2014.04.17 13:54:30.700,1.7974,1.79749,1.00,1.10
2014.04.17 13:54:34.883,1.7974,1.79748,1.00,1.10
2014.04.17 13:54:36.952,1.7974,1.79747,1.00,1.10
2014.04.17 13:54:37.103,1.79738,1.79747,1.00,1.10
2014.04.17 13:54:37.661,1.79738,1.79748,1.00,1.10
2014.04.17 13:54:41.130,1.79738,1.79749,1.00,1.10
2014.04.17 13:54:41.350,1.79738,1.79747,1.00,1.10
2014.04.17 13:54:41.932,1.7974,1.79755,1.19,1.10
2014.04.17 13:54:41.983,1.79741,1.79758,1.19,1.00
2014.04.17 13:54:42.034,1.79743,1.79758,1.19,1.00
2014.04.17 13:54:42.085,1.79743,1.7976,1.69,2.33
2014.04.17 13:54:42.388,1.79743,1.79751,1.69,1.10
2014.04.17 13:54:42.691,1.79746,1.7976,1.00,1.10
2014.04.17 13:54:42.742,1.79746,1.7976,1.19,1.10
2014.04.17 13:54:43.844,1.79749,1.7976,1.19,1.10
2014.04.17 13:54:45.221,1.7975,1.79762,1.19,1.10
2014.04.17 13:54:45.326,1.7975,1.7976,1.19,1.10
2014.04.17 13:54:45.778,1.7975,1.7976,1.00,1.10
2014.04.17 13:54:46.337,1.79747,1.7976,1.19,1.10
2014.04.17 13:54:47.063,1.79747,1.7976,1.25,1.10
2014.04.17 13:54:49.985,1.79747,1.7976,1.69,1.10
2014.04.17 13:54:50.501,1.79751,1.7976,1.00,1.10
2014.04.17 13:54:52.541,1.79751,1.7976,1.19,1.10
2014.04.17 13:54:52.693,1.79752,1.79766,1.19,1.10
2014.04.17 13:54:53.120,1.79752,1.79762,1.19,1.10
2014.04.17 13:54:53.906,1.79754,1.79762,1.25,1.10
2014.04.17 13:54:57.104,1.79754,1.79765,1.00,1.10
2014.04.17 13:54:57.228,1.79754,1.79767,1.00,1.10
2014.04.17 13:55:00.591,1.79754,1.79768,1.00,1.10
2014.04.17 13:55:01.114,1.79754,1.79767,1.00,1.10
2014.04.17 13:55:01.630,1.79756,1.79768,1.00,1.10
2014.04.17 13:55:01.732,1.79756,1.79772,1.19,1.10
2014.04.17 13:55:01.834,1.79758,1.79772,1.19,1.10
2014.04.17 13:55:02.953,1.7976,1.79772,1.19,1.10
2014.04.17 13:55:04.218,1.7976,1.79772,1.19,1.10
2014.04.17 13:55:04.559,1.7976,1.79767,1.19,1.10
2014.04.17 13:55:04.863,1.7976,1.79764,1.00,1.10
2014.04.17 13:55:05.115,1.79752,1.7976,1.00,1.10
2014.04.17 13:55:05.862,1.7975,1.79759,1.19,1.10
2014.04.17 13:55:06.433,1.7975,1.79757,1.19,1.10
2014.04.17 13:55:06.736,1.79748,1.79755,1.00,1.10
2014.04.17 13:55:06.994,1.79746,1.79755,1.25,1.10
2014.04.17 13:55:07.669,1.79746,1.79755,1.19,1.10
2014.04.17 13:55:08.696,1.79746,1.79755,1.19,1.10
2014.04.17 13:55:09.601,1.79746,1.79758,1.19,1.10
2014.04.17 13:55:10.145,1.79748,1.79758,1.00,1.10
2014.04.17 13:55:10.195,1.79748,1.79759,1.19,1.10
2014.04.17 13:55:14.011,1.7975,1.7976,1.25,1.10
2014.04.17 13:55:15.348,1.7975,1.7976,1.19,1.10
2014.04.17 13:55:18.333,1.7975,1.7976,1.19,1.10
2014.04.17 13:55:22.174,1.79752,1.79761,1.19,1.10
2014.04.17 13:55:23.241,1.79752,1.79761,1.69,1.10
2014.04.17 13:55:24.247,1.79753,1.79761,1.19,1.10
2014.04.17 13:55:25.252,1.79753,1.79761,1.19,1.10
2014.04.17 13:55:26.258,1.79753,1.79761,1.25,1.10
2014.04.17 13:55:26.903,1.79753,1.7977,1.63,1.18
2014.04.17 13:55:27.004,1.79755,1.79771,1.00,1.10
2014.04.17 13:55:27.106,1.79755,1.79772,1.69,1.00
2014.04.17 13:55:27.881,1.79759,1.79773,1.00,1.10
2014.04.17 13:55:28.590,1.79759,1.79773,1.19,1.10
2014.04.17 13:55:29.180,1.79759,1.79773,1.00,1.10
2014.04.17 13:55:29.897,1.79759,1.79775,1.19,1.10
2014.04.17 13:55:30.242,1.79761,1.79773,1.25,1.10
2014.04.17 13:55:31.493,1.7976,1.79773,1.00,1.10
2014.04.17 13:55:38.425,1.7976,1.79776,1.00,1.10
2014.04.17 13:55:38.577,1.7976,1.79773,1.00,1.10
2014.04.17 13:55:39.865,1.7976,1.79777,1.00,1.47
2014.04.17 13:55:40.007,1.7976,1.79777,1.00,1.32
2014.04.17 13:55:41.636,1.79762,1.79777,1.00,1.00
2014.04.17 13:55:41.964,1.79769,1.79782,1.19,1.00
2014.04.17 13:55:42.651,1.79771,1.79788,1.19,1.58
2014.04.17 13:55:43.157,1.79773,1.79787,1.00,1.10
2014.04.17 13:55:43.680,1.79773,1.79786,1.00,1.10
2014.04.17 13:55:44.259,1.79772,1.79786,1.25,1.10
2014.04.17 13:55:48.399,1.79772,1.79787,1.25,1.10
2014.04.17 13:55:49.730,1.79772,1.79788,1.00,1.10
2014.04.17 13:55:49.881,1.79772,1.79788,1.00,1.35
2014.04.17 13:55:50.184,1.79769,1.79782,1.00,1.10
2014.04.17 13:55:50.491,1.79767,1.79782,1.25,1.10
2014.04.17 13:55:51.900,1.79767,1.79777,1.00,1.10
2014.04.17 13:55:52.405,1.79766,1.79777,1.00,1.10
2014.04.17 13:55:52.660,1.79764,1.79777,1.00,1.10
2014.04.17 13:55:53.189,1.79761,1.79777,1.19,1.20
2014.04.17 13:55:53.239,1.79761,1.79774,1.00,1.10
2014.04.17 13:55:53.441,1.79761,1.79778,1.00,1.00
2014.04.17 13:55:53.694,1.79763,1.7978,1.00,1.77
2014.04.17 13:55:54.222,1.79763,1.79776,1.19,1.10
2014.04.17 13:55:54.777,1.79761,1.79775,1.19,1.10
2014.04.17 13:55:55.209,1.79763,1.79775,1.19,1.48
2014.04.17 13:55:55.361,1.79763,1.79775,1.00,1.25
2014.04.17 13:55:55.411,1.79759,1.79769,1.25,1.10
2014.04.17 13:55:55.765,1.79759,1.79767,1.25,1.10
2014.04.17 13:55:56.068,1.79752,1.7976,1.19,1.48
2014.04.17 13:55:56.119,1.79753,1.7976,1.25,1.48
2014.04.17 13:55:56.321,1.79747,1.79756,1.00,1.10
2014.04.17 13:55:56.639,1.79747,1.79761,1.00,1.17
2014.04.17 13:55:56.740,1.79747,1.79761,1.00,1.17
2014.04.17 13:55:56.943,1.79747,1.79758,1.00,1.10
2014.04.17 13:55:57.306,1.79745,1.79758,1.00,1.10
2014.04.17 13:55:58.039,1.79745,1.79754,1.25,1.10
2014.04.17 13:55:58.186,1.79745,1.79756,1.25,1.10
2014.04.17 13:55:58.852,1.79745,1.79755,1.00,1.10
2014.04.17 13:55:59.481,1.79745,1.79754,1.00,1.10
2014.04.17 13:56:00.032,1.79742,1.79754,1.00,1.10
2014.04.17 13:56:00.184,1.7974,1.79754,1.00,1.10
2014.04.17 13:56:02.259,1.7974,1.79756,1.00,1.28
2014.04.17 13:56:02.919,1.7974,1.79755,1.00,1.10
2014.04.17 13:56:04.340,1.7974,1.79754,1.00,1.10
2014.04.17 13:56:04.900,1.7974,1.79755,1.00,1.10
2014.04.17 13:56:06.983,1.7974,1.79752,1.00,1.10
2014.04.17 13:56:07.084,1.79738,1.79752,1.00,1.10
2014.04.17 13:56:07.172,1.79738,1.79754,1.00,1.20
2014.04.17 13:56:07.549,1.79736,1.79753,1.25,1.00
2014.04.17 13:56:08.084,1.79736,1.79752,1.25,1.10
2014.04.17 13:56:08.220,1.79736,1.79752,1.00,1.25
2014.04.17 13:56:08.557,1.79738,1.79753,1.19,1.00
2014.04.17 13:56:08.658,1.7974,1.79757,1.19,1.10
2014.04.17 13:56:09.269,1.79744,1.79757,1.00,1.10
2014.04.17 13:56:09.841,1.79744,1.79753,1.00,1.10
2014.04.17 13:56:12.139,1.79744,1.79754,1.25,1.10
2014.04.17 13:56:12.802,1.79744,1.79753,1.25,1.10
2014.04.17 13:56:13.424,1.79744,1.79753,1.19,1.10
2014.04.17 13:56:14.211,1.79744,1.79753,1.25,1.10
2014.04.17 13:56:14.529,1.79744,1.79751,1.25,1.10
2014.04.17 13:56:14.905,1.79742,1.79755,1.19,1.10
2014.04.17 13:56:15.007,1.79742,1.79751,1.19,1.10
2014.04.17 13:56:15.310,1.79742,1.79749,1.19,1.10
2014.04.17 13:56:15.844,1.79742,1.79749,1.19,1.10
2014.04.17 13:56:16.250,1.7974,1.79747,1.25,1.10
2014.04.17 13:56:17.991,1.79738,1.79747,1.19,1.10
2014.04.17 13:56:18.154,1.79738,1.79747,1.69,1.10
2014.04.17 13:56:18.741,1.79738,1.79748,1.69,1.10
2014.04.17 13:56:19.093,1.79738,1.79746,1.69,1.10
2014.04.17 13:56:19.956,1.79739,1.79747,1.19,1.10
2014.04.17 13:56:20.108,1.79739,1.79749,1.19,1.10
2014.04.17 13:56:20.685,1.79741,1.79749,1.19,1.10
2014.04.17 13:56:23.381,1.79741,1.79749,1.69,1.10
2014.04.17 13:56:24.563,1.79742,1.79749,1.19,1.10
2014.04.17 13:56:28.578,1.79741,1.7975,1.69,1.10
2014.04.17 13:56:30.415,1.79741,1.79751,1.69,1.10
2014.04.17 13:56:31.287,1.79741,1.79751,1.19,1.10
2014.04.17 13:56:32.595,1.79741,1.79751,1.19,1.10
2014.04.17 13:56:33.601,1.79741,1.79751,1.19,1.10
2014.04.17 13:56:33.938,1.79743,1.79757,1.19,1.10
2014.04.17 13:56:34.140,1.79743,1.7976,1.19,1.58
2014.04.17 13:56:34.244,1.79744,1.7976,1.19,1.58
2014.04.17 13:56:34.607,1.79745,1.79758,1.19,1.10
2014.04.17 13:56:34.915,1.7975,1.79762,1.10,1.10
2014.04.17 13:56:34.966,1.79751,1.79768,1.00,1.08
2014.04.17 13:56:35.016,1.79751,1.79768,1.19,1.08
2014.04.17 13:56:35.067,1.79751,1.79768,1.19,1.00
2014.04.17 13:56:35.570,1.79753,1.7977,1.19,1.18
2014.04.17 13:56:36.246,1.79755,1.79772,1.25,1.28
2014.04.17 13:56:39.001,1.79758,1.79772,1.10,1.28
2014.04.17 13:56:40.123,1.79757,1.79772,1.10,1.47
2014.04.17 13:56:40.680,1.79756,1.7977,1.10,1.18
2014.04.17 13:56:43.513,1.79754,1.79771,1.00,1.15
2014.04.17 13:56:43.953,1.79759,1.79771,1.10,1.15
2014.04.17 13:56:45.496,1.7976,1.79771,1.10,1.15
2014.04.17 13:56:47.375,1.79756,1.79771,1.10,1.15
2014.04.17 13:56:47.527,1.79756,1.79771,1.10,1.00
2014.04.17 13:56:49.447,1.79758,1.79771,1.10,1.00
2014.04.17 13:56:54.049,1.79756,1.79771,1.10,1.00
2014.04.17 13:56:55.183,1.79754,1.79771,1.58,1.00
2014.04.17 13:56:55.680,1.79754,1.79771,1.77,1.00
2014.04.17 13:56:56.021,1.79759,1.79774,1.10,1.10
2014.04.17 13:56:56.328,1.79759,1.79776,1.00,2.59
2014.04.17 13:56:56.714,1.79757,1.79774,1.00,1.53
2014.04.17 13:56:59.519,1.79757,1.79774,1.00,1.48
2014.04.17 13:57:01.960,1.79757,1.79774,1.00,1.02
2014.04.17 13:57:02.163,1.79757,1.79774,1.19,1.00
2014.04.17 13:57:02.471,1.7976,1.79777,1.69,1.13
2014.04.17 13:57:03.720,1.79761,1.79778,1.00,1.63
2014.04.17 13:57:04.439,1.7976,1.79777,1.00,1.13
2014.04.17 13:57:04.965,1.7976,1.79777,1.19,1.13
2014.04.17 13:57:05.981,1.79761,1.79778,1.19,1.38
2014.04.17 13:57:07.461,1.79761,1.79778,1.19,1.88
2014.04.17 13:57:07.562,1.79761,1.79778,1.00,1.78
2014.04.17 13:57:07.671,1.79759,1.79776,1.25,1.48
2014.04.17 13:57:08.761,1.7976,1.79777,1.19,1.38
2014.04.17 13:57:11.200,1.7976,1.79777,1.19,1.38
2014.04.17 13:57:12.143,1.7976,1.79777,1.19,1.00
2014.04.17 13:57:12.194,1.79766,1.79777,1.10,1.00
2014.04.17 13:57:12.902,1.79766,1.79779,1.10,1.28
2014.04.17 13:57:14.608,1.79767,1.79779,1.10,1.28
2014.04.17 13:57:15.973,1.79764,1.79779,1.10,1.28
2014.04.17 13:57:17.375,1.79762,1.79779,1.77,1.28
2014.04.17 13:57:17.906,1.79762,1.79779,1.77,1.28
2014.04.17 13:57:18.258,1.79762,1.79778,1.77,1.55
2014.04.17 13:57:18.360,1.79762,1.79778,1.58,1.78
2014.04.17 13:57:18.878,1.79762,1.79777,1.10,1.02
2014.04.17 13:57:19.130,1.79768,1.79777,1.10,1.02
2014.04.17 13:57:19.332,1.79768,1.79778,1.10,1.00
2014.04.17 13:57:19.433,1.79768,1.7978,1.02,1.00
2014.04.17 13:57:19.484,1.79774,1.7978,1.10,1.00
2014.04.17 13:57:19.534,1.79774,1.79782,1.10,1.00
2014.04.17 13:57:19.736,1.79774,1.79786,1.10,1.18
2014.04.17 13:57:21.588,1.79774,1.79788,1.10,1.18
2014.04.17 13:57:24.501,1.79774,1.79788,1.10,1.00
2014.04.17 13:57:24.703,1.79775,1.79792,1.00,1.00
2014.04.17 13:57:25.686,1.79776,1.79793,1.00,1.20
2014.04.17 13:57:27.299,1.79776,1.79793,1.00,1.39
2014.04.17 13:57:28.438,1.79774,1.79791,1.58,1.39
2014.04.17 13:57:40.759,1.79774,1.79789,1.10,1.00
2014.04.17 13:57:41.287,1.79772,1.79789,1.77,1.00
2014.04.17 13:57:42.199,1.79775,1.79789,1.10,1.00
2014.04.17 13:57:43.179,1.79775,1.79791,1.02,1.00
2014.04.17 13:57:43.705,1.79776,1.79791,1.10,1.00
2014.04.17 13:57:44.178,1.79776,1.79793,1.58,1.00
2014.04.17 13:57:45.225,1.79776,1.79793,1.77,1.00
2014.04.17 13:57:47.218,1.79776,1.79793,1.19,1.00
2014.04.17 13:57:50.709,1.79776,1.79793,1.69,1.00
2014.04.17 13:57:51.516,1.79777,1.79793,1.19,1.00
2014.04.17 13:57:51.668,1.79778,1.79795,1.77,1.10
2014.04.17 13:57:52.776,1.79782,1.79796,1.10,1.00
2014.04.17 13:57:53.080,1.79784,1.79799,1.29,1.00
2014.04.17 13:57:53.588,1.79783,1.79798,1.19,1.10
2014.04.17 13:57:54.823,1.79786,1.79798,1.19,1.10
2014.04.17 13:57:55.958,1.79787,1.79798,1.19,1.10
2014.04.17 13:57:56.853,1.79786,1.79798,1.25,1.10
2014.04.17 13:57:56.954,1.79785,1.79796,1.19,1.10
2014.04.17 13:57:57.056,1.79785,1.79798,1.19,1.10
2014.04.17 13:57:57.207,1.79785,1.79795,1.00,1.10
2014.04.17 13:57:57.698,1.79782,1.79795,1.19,1.10
2014.04.17 13:57:58.569,1.79782,1.79795,1.25,1.10
2014.04.17 13:57:58.620,1.79782,1.79797,1.25,1.10
2014.04.17 13:57:59.178,1.79782,1.79799,1.25,1.58
2014.04.17 13:57:59.380,1.79782,1.79795,1.25,1.10
2014.04.17 13:58:00.281,1.79782,1.79796,1.25,1.10
2014.04.17 13:58:00.786,1.79782,1.79797,1.25,1.10
2014.04.17 13:58:01.354,1.79782,1.79796,1.25,1.10
2014.04.17 13:58:01.463,1.79782,1.79798,1.25,1.10
2014.04.17 13:58:02.167,1.79782,1.79798,1.19,1.10
2014.04.17 13:58:02.742,1.79782,1.79797,1.19,1.10
2014.04.17 13:58:03.231,1.79782,1.79799,1.19,1.58
2014.04.17 13:58:03.754,1.79784,1.79798,1.00,1.10
2014.04.17 13:58:03.906,1.79784,1.79801,1.00,1.58
2014.04.17 13:58:03.957,1.79786,1.79801,1.19,1.58
2014.04.17 13:58:06.443,1.79787,1.79798,1.00,1.10
2014.04.17 13:58:06.649,1.79785,1.79801,1.25,1.10
2014.04.17 13:58:07.746,1.79784,1.79801,1.69,1.58
2014.04.17 13:58:10.764,1.79785,1.79801,1.19,1.58
2014.04.17 13:58:11.379,1.79786,1.79803,1.19,1.58
2014.04.17 13:58:11.952,1.79788,1.79803,1.19,1.00
2014.04.17 13:58:12.265,1.79792,1.79803,1.19,1.00
2014.04.17 13:58:12.599,1.79792,1.79807,1.19,1.58
2014.04.17 13:58:14.538,1.7979,1.79807,1.69,1.58
2014.04.17 13:58:15.012,1.7979,1.79803,1.19,1.10
2014.04.17 13:58:15.062,1.79788,1.79803,1.69,1.10
2014.04.17 13:58:16.017,1.79788,1.79805,1.69,1.58
2014.04.17 13:58:16.304,1.79787,1.79803,1.19,1.00
2014.04.17 13:58:17.159,1.79786,1.79803,1.69,1.00
2014.04.17 13:58:20.580,1.79786,1.79803,1.19,1.00
2014.04.17 13:58:21.280,1.79785,1.79801,1.19,1.00
2014.04.17 13:58:21.850,1.79784,1.79801,1.69,1.00
2014.04.17 13:58:23.918,1.79784,1.79801,1.19,1.00
2014.04.17 13:58:25.254,1.79783,1.79799,1.29,1.00
2014.04.17 13:58:28.124,1.79784,1.79799,1.19,1.00
2014.04.17 13:58:29.113,1.79786,1.79799,1.19,1.00
2014.04.17 13:58:30.505,1.79786,1.79802,1.19,1.00
2014.04.17 13:58:33.557,1.79785,1.79802,1.19,1.58
2014.04.17 13:58:34.540,1.79785,1.79802,1.69,1.58
2014.04.17 13:58:34.919,1.79785,1.79796,1.69,1.10
2014.04.17 13:58:35.021,1.79785,1.798,1.69,1.10
2014.04.17 13:58:35.173,1.79785,1.798,1.00,1.18
2014.04.17 13:58:35.701,1.79782,1.79799,1.69,1.10
2014.04.17 13:58:38.161,1.79782,1.79799,1.19,1.10
2014.04.17 13:58:39.959,1.79784,1.79801,1.00,2.03
2014.04.17 13:58:40.593,1.79784,1.79801,1.25,1.65
2014.04.17 13:58:40.847,1.79788,1.79801,1.00,1.10
2014.04.17 13:58:41.969,1.79788,1.79803,1.00,1.48
2014.04.17 13:58:42.373,1.79788,1.798,1.00,1.10
2014.04.17 13:58:43.587,1.79788,1.79799,1.00,1.10
2014.04.17 13:58:43.898,1.79788,1.79797,1.00,1.10
2014.04.17 13:58:46.679,1.79788,1.79796,1.00,1.10
2014.04.17 13:58:46.780,1.79786,1.79796,1.00,1.10
2014.04.17 13:58:47.138,1.79786,1.79797,1.00,1.48
2014.04.17 13:58:47.239,1.79786,1.79793,1.00,1.20
2014.04.17 13:58:47.341,1.79785,1.79794,1.00,1.47
2014.04.17 13:58:47.492,1.79784,1.79795,1.00,1.02
2014.04.17 13:58:47.543,1.79784,1.79797,1.00,1.82
2014.04.17 13:58:47.594,1.7978,1.79797,1.00,2.29
2014.04.17 13:58:48.071,1.7978,1.79797,1.00,1.39
2014.04.17 13:58:48.545,1.79783,1.798,1.00,1.00
2014.04.17 13:58:48.697,1.79786,1.79803,1.19,1.13
2014.04.17 13:58:49.556,1.79788,1.79805,1.25,1.00
2014.04.17 13:58:50.127,1.79788,1.79805,1.19,1.00
2014.04.17 13:58:51.100,1.79788,1.79805,1.25,1.00
2014.04.17 13:58:51.518,1.79791,1.79808,1.00,1.57
2014.04.17 13:58:52.149,1.79791,1.79808,1.00,1.57
2014.04.17 13:58:52.691,1.79791,1.79808,1.00,1.57
2014.04.17 13:58:54.764,1.79791,1.79808,1.00,1.00
2014.04.17 13:58:55.327,1.79791,1.79808,1.00,1.38
2014.04.17 13:58:56.407,1.79791,1.79808,1.00,1.53
2014.04.17 13:58:58.165,1.79791,1.79808,1.25,1.10
2014.04.17 13:58:58.678,1.79791,1.79808,1.25,1.55
2014.04.17 13:59:02.473,1.79791,1.79808,1.00,1.57
2014.04.17 13:59:02.958,1.79793,1.7981,1.00,1.67
2014.04.17 13:59:03.780,1.79793,1.7981,1.00,1.67
2014.04.17 13:59:04.163,1.79795,1.79811,1.00,1.02
2014.04.17 13:59:04.785,1.79795,1.79811,1.00,1.02
2014.04.17 13:59:05.202,1.79795,1.79812,1.00,2.22
2014.04.17 13:59:05.943,1.79795,1.7981,1.00,1.72
2014.04.17 13:59:06.008,1.79795,1.7981,1.00,1.72
2014.04.17 13:59:08.376,1.79795,1.7981,1.00,2.22
2014.04.17 13:59:08.477,1.79793,1.79807,1.00,1.02
2014.04.17 13:59:08.730,1.79793,1.79807,1.00,1.02
2014.04.17 13:59:08.831,1.7979,1.79804,1.00,1.77
2014.04.17 13:59:09.668,1.79787,1.79804,1.00,2.52
2014.04.17 13:59:09.920,1.79787,1.79799,1.00,1.57
2014.04.17 13:59:10.022,1.79785,1.79799,1.00,1.72
2014.04.17 13:59:10.337,1.79785,1.79799,1.00,1.72
2014.04.17 13:59:10.438,1.79782,1.79799,1.00,2.22
2014.04.17 13:59:11.107,1.7978,1.79797,1.00,1.39
2014.04.17 13:59:11.759,1.7978,1.79797,1.00,1.39
2014.04.17 13:59:12.261,1.7978,1.79797,1.19,1.13
2014.04.17 13:59:12.936,1.7978,1.79797,1.19,1.13
2014.04.17 13:59:13.269,1.79781,1.79797,1.19,1.13
2014.04.17 13:59:13.523,1.79782,1.79799,1.19,1.00
2014.04.17 13:59:14.089,1.79784,1.79801,1.19,1.28
2014.04.17 13:59:14.627,1.79784,1.79801,1.25,1.00
2014.04.17 13:59:14.842,1.79784,1.79801,1.25,1.08
2014.04.17 13:59:15.146,1.7978,1.79795,1.00,1.02
2014.04.17 13:59:15.298,1.7978,1.79797,1.00,1.40
2014.04.17 13:59:15.652,1.7978,1.79797,1.00,2.89
2014.04.17 13:59:15.753,1.7978,1.79797,1.00,1.47
2014.04.17 13:59:15.957,1.7978,1.79795,1.00,1.77
2014.04.17 13:59:16.059,1.79777,1.79794,1.00,1.39
2014.04.17 13:59:16.848,1.79775,1.79792,1.00,1.64
2014.04.17 13:59:17.112,1.79772,1.79789,1.00,1.00
2014.04.17 13:59:17.162,1.79772,1.79789,1.15,1.00
2014.04.17 13:59:17.466,1.79775,1.79792,1.48,1.00
2014.04.17 13:59:17.567,1.79775,1.79792,1.13,1.00
2014.04.17 13:59:18.022,1.79775,1.79792,1.38,1.00
2014.04.17 13:59:18.123,1.79775,1.79792,1.13,1.00
2014.04.17 13:59:18.328,1.79775,1.79792,1.38,1.00
2014.04.17 13:59:18.788,1.79778,1.79795,1.38,1.25
2014.04.17 13:59:18.955,1.79778,1.79795,1.38,1.25
2014.04.17 13:59:19.758,1.7978,1.79797,1.38,1.25
2014.04.17 13:59:20.297,1.7978,1.79797,1.00,1.13
2014.04.17 13:59:20.348,1.7978,1.79797,1.00,1.47
2014.04.17 13:59:20.399,1.79777,1.79794,1.00,1.29
2014.04.17 13:59:20.741,1.79775,1.79792,1.00,1.25
2014.04.17 13:59:20.956,1.79775,1.79792,1.00,1.19
2014.04.17 13:59:21.411,1.79773,1.7979,1.00,1.29
2014.04.17 13:59:21.727,1.79773,1.7979,1.00,1.00
2014.04.17 13:59:24.930,1.79773,1.7979,1.00,2.14
2014.04.17 13:59:25.233,1.79767,1.79784,1.00,1.65
2014.04.17 13:59:25.537,1.79767,1.79784,1.00,1.32
2014.04.17 13:59:25.890,1.79765,1.79782,1.25,1.00
2014.04.17 13:59:26.193,1.79763,1.7978,1.19,1.00
2014.04.17 13:59:26.588,1.79763,1.7978,1.69,1.00
2014.04.17 13:59:26.892,1.7977,1.7978,1.19,1.00
2014.04.17 13:59:27.145,1.7977,1.79783,1.19,1.00
2014.04.17 13:59:27.347,1.79773,1.79786,1.57,1.00
2014.04.17 13:59:27.650,1.79775,1.79786,1.57,1.00
2014.04.17 13:59:27.758,1.79775,1.7979,1.57,1.00
2014.04.17 13:59:28.087,1.79778,1.79795,1.19,1.00
2014.04.17 13:59:28.661,1.79778,1.79795,1.19,1.00
2014.04.17 13:59:29.899,1.79778,1.79795,1.57,1.00
2014.04.17 13:59:30.404,1.79779,1.79796,1.29,1.00
2014.04.17 13:59:30.658,1.7978,1.79796,1.19,1.00
2014.04.17 13:59:31.164,1.79781,1.79796,1.19,1.00
2014.04.17 13:59:32.151,1.79781,1.79796,1.32,1.00
2014.04.17 13:59:33.715,1.79787,1.79796,1.57,1.00
2014.04.17 13:59:33.816,1.79787,1.79801,1.64,1.08
2014.04.17 13:59:33.917,1.79795,1.79803,1.19,1.00
2014.04.17 13:59:34.222,1.79787,1.79803,1.34,1.00
2014.04.17 13:59:34.374,1.7979,1.79807,1.19,1.00
2014.04.17 13:59:34.687,1.7979,1.79807,1.00,1.57
2014.04.17 13:59:34.788,1.79786,1.79803,1.00,1.38
2014.04.17 13:59:35.264,1.7978,1.79807,1.39,1.17
2014.04.17 13:59:35.795,1.7978,1.79806,1.19,1.02
2014.04.17 13:59:36.340,1.79776,1.79805,1.84,1.72
2014.04.17 13:59:36.868,1.79776,1.79805,1.84,1.72
2014.04.17 13:59:37.572,1.79777,1.79806,1.29,1.34
2014.04.17 13:59:38.509,1.79777,1.79806,1.77,1.34
2014.04.17 13:59:38.660,1.79777,1.79806,1.29,1.72
2014.04.17 13:59:38.924,1.79777,1.79806,2.14,1.67
2014.04.17 13:59:39.231,1.79782,1.7981,1.34,2.22
2014.04.17 13:59:40.238,1.79782,1.7981,1.72,1.27
2014.04.17 13:59:40.576,1.79784,1.7981,1.39,1.27
2014.04.17 13:59:41.391,1.79782,1.79811,1.72,1.62
2014.04.17 13:59:41.442,1.79783,1.79811,2.22,1.54
2014.04.17 13:59:41.593,1.79786,1.79811,1.02,1.19
2014.04.17 13:59:42.956,1.79787,1.79814,1.39,2.14
2014.04.17 13:59:43.502,1.79785,1.79814,2.04,2.14
2014.04.17 13:59:43.609,1.79785,1.79814,1.74,2.22
2014.04.17 13:59:45.167,1.79785,1.79814,1.74,2.52
2014.04.17 13:59:45.692,1.7978,1.79809,1.19,2.82
2014.04.17 13:59:45.793,1.7978,1.79808,1.25,1.94
2014.04.17 13:59:46.248,1.79776,1.79805,1.19,3.57
2014.04.17 13:59:46.299,1.79776,1.79805,1.19,4.32
2014.04.17 13:59:47.001,1.79776,1.79802,1.19,2.82
2014.04.17 13:59:47.253,1.79788,1.79809,1.50,1.00
2014.04.17 13:59:47.304,1.79788,1.79809,1.69,1.00
2014.04.17 13:59:47.624,1.79793,1.79809,1.19,1.00
2014.04.17 13:59:47.928,1.79787,1.79809,1.19,1.00
2014.04.17 13:59:48.079,1.79785,1.79811,1.69,1.39
2014.04.17 13:59:48.130,1.79785,1.79811,1.19,1.75
2014.04.17 13:59:48.191,1.79785,1.7981,1.19,2.63
2014.04.17 13:59:48.544,1.79782,1.79805,1.19,2.63
2014.04.17 13:59:48.847,1.79775,1.79799,1.19,2.63
2014.04.17 13:59:49.108,1.79771,1.79799,1.19,1.50
2014.04.17 13:59:49.209,1.79771,1.79797,1.19,2.82
2014.04.17 13:59:49.411,1.79773,1.79799,1.19,1.94
2014.04.17 13:59:50.258,1.79769,1.79796,1.19,1.69
2014.04.17 13:59:50.410,1.79769,1.79793,1.19,3.27
2014.04.17 13:59:50.562,1.79767,1.79792,1.19,2.82
2014.04.17 13:59:50.989,1.79766,1.79792,1.19,2.63
2014.04.17 13:59:51.141,1.79766,1.79795,1.19,2.63
2014.04.17 13:59:51.292,1.79767,1.79795,1.19,2.63
2014.04.17 13:59:51.711,1.79767,1.79791,1.19,2.63
2014.04.17 13:59:51.762,1.79764,1.7979,1.00,2.63
2014.04.17 13:59:52.011,1.79764,1.79788,1.00,2.63
2014.04.17 13:59:52.064,1.7976,1.79788,1.58,2.33
2014.04.17 13:59:52.149,1.7976,1.7979,1.58,1.75
2014.04.17 13:59:52.203,1.79764,1.7979,1.25,1.00
2014.04.17 13:59:52.507,1.7977,1.798,1.10,1.50
2014.04.17 13:59:52.809,1.79773,1.79803,1.00,3.38
2014.04.17 13:59:53.010,1.79773,1.79803,1.00,1.50
2014.04.17 13:59:54.328,1.79774,1.79804,1.00,1.75
2014.04.17 13:59:54.480,1.79772,1.79802,1.10,1.20
2014.04.17 13:59:55.702,1.79767,1.79812,1.00,1.00
2014.04.17 13:59:55.803,1.79769,1.79814,1.00,1.23
2014.04.17 13:59:56.309,1.79769,1.79814,1.00,1.10
2014.04.17 13:59:56.667,1.79771,1.79816,1.00,1.08
2014.04.17 13:59:56.986,1.79771,1.79816,1.00,1.08
2014.04.17 13:59:57.456,1.79774,1.79816,1.10,1.60
2014.04.17 13:59:57.759,1.79777,1.79821,1.00,1.53
2014.04.17 13:59:59.190,1.79777,1.79821,1.00,1.00
2014.04.17 13:59:59.291,1.79781,1.79826,1.00,1.00
