2014.04.02 15:00:00.292,1.79995,1.80016,1.00,1.02
2014.04.02 15:00:00.349,1.79993,1.80014,1.10,1.00
2014.04.02 15:00:00.780,1.7999,1.80011,1.63,1.00
2014.04.02 15:00:01.093,1.79994,1.80011,1.10,1.00
2014.04.02 15:00:02.577,1.79993,1.80011,1.10,1.00
2014.04.02 15:00:03.843,1.79993,1.80008,1.10,1.00
2014.04.02 15:00:04.178,1.79993,1.80006,1.10,1.00
2014.04.02 15:00:04.302,1.79991,1.80006,1.10,1.00
2014.04.02 15:00:04.524,1.79987,1.80003,1.29,1.00
2014.04.02 15:00:04.827,1.79986,1.80001,1.00,1.00
2014.04.02 15:00:05.080,1.79982,1.79998,1.00,1.00
2014.04.02 15:00:05.282,1.79984,1.79999,1.00,1.10
2014.04.02 15:00:06.146,1.79987,1.80004,1.00,1.00
2014.04.02 15:00:06.205,1.79987,1.80004,1.38,1.00
2014.04.02 15:00:06.433,1.79987,1.80004,1.00,1.00
2014.04.02 15:00:07.968,1.79987,1.80004,1.00,1.18
2014.04.02 15:00:08.070,1.79985,1.79998,1.29,1.00
2014.04.02 15:00:08.222,1.79983,1.79998,1.02,1.00
2014.04.02 15:00:08.728,1.79984,1.80001,1.00,1.00
2014.04.02 15:00:09.598,1.79983,1.8,1.00,1.00
2014.04.02 15:00:10.083,1.7998,1.79997,2.07,1.00
2014.04.02 15:00:10.396,1.79982,1.79999,1.00,1.00
2014.04.02 15:00:12.133,1.79982,1.79998,1.00,1.10
2014.04.02 15:00:12.664,1.79982,1.79997,1.00,1.10
2014.04.02 15:00:12.921,1.7998,1.79997,1.00,1.58
2014.04.02 15:00:14.159,1.79978,1.79995,1.58,1.00
2014.04.02 15:00:14.462,1.79981,1.79998,1.00,1.10
2014.04.02 15:00:15.252,1.79978,1.79995,1.13,1.00
2014.04.02 15:00:16.186,1.79983,1.79995,1.10,1.00
2014.04.02 15:00:16.508,1.79994,1.80003,1.48,1.00
2014.04.02 15:00:16.811,1.79995,1.80011,1.32,1.00
2014.04.02 15:00:17.013,1.79997,1.80014,1.00,1.08
2014.04.02 15:00:17.064,1.79997,1.80014,1.00,1.00
2014.04.02 15:00:17.266,1.79997,1.80011,1.00,1.10
2014.04.02 15:00:17.751,1.79998,1.80015,1.39,1.00
2014.04.02 15:00:17.860,1.80002,1.80017,1.00,1.10
2014.04.02 15:00:18.318,1.79999,1.80016,1.00,1.00
2014.04.02 15:00:20.142,1.79999,1.80016,1.39,1.00
2014.04.02 15:00:20.193,1.80002,1.80019,1.00,1.00
2014.04.02 15:00:20.344,1.80002,1.80016,1.00,1.10
2014.04.02 15:00:20.546,1.80002,1.80018,1.00,1.10
2014.04.02 15:00:20.749,1.79999,1.80016,1.00,1.00
2014.04.02 15:00:20.932,1.80002,1.80018,1.00,1.10
2014.04.02 15:00:21.946,1.80002,1.80019,1.00,1.00
2014.04.02 15:00:22.251,1.80005,1.80018,1.00,1.10
2014.04.02 15:00:22.453,1.80006,1.80022,1.00,1.10
2014.04.02 15:00:22.605,1.8001,1.80026,1.00,1.65
2014.04.02 15:00:22.908,1.80013,1.80028,1.32,1.48
2014.04.02 15:00:22.959,1.80013,1.80028,1.32,1.10
2014.04.02 15:00:23.133,1.80013,1.80028,1.63,1.10
2014.04.02 15:00:23.234,1.80013,1.8003,1.63,1.00
2014.04.02 15:00:23.493,1.80015,1.80032,1.13,1.58
2014.04.02 15:00:24.131,1.80015,1.80032,1.00,3.04
2014.04.02 15:00:24.435,1.80012,1.80027,1.48,1.00
2014.04.02 15:00:24.486,1.80013,1.8003,1.13,1.00
2014.04.02 15:00:24.587,1.80016,1.80033,1.00,1.00
2014.04.02 15:00:25.101,1.80016,1.80032,1.00,1.10
2014.04.02 15:00:25.825,1.80005,1.80019,1.50,1.00
2014.04.02 15:00:25.876,1.80002,1.80019,1.00,1.00
2014.04.02 15:00:27.341,1.80005,1.80022,1.00,1.58
2014.04.02 15:00:27.668,1.80008,1.80022,1.00,1.10
2014.04.02 15:00:27.847,1.80008,1.80025,1.00,1.00
2014.04.02 15:00:27.999,1.80011,1.80028,1.18,1.95
2014.04.02 15:00:28.302,1.80016,1.80033,1.00,1.38
2014.04.02 15:00:28.632,1.80016,1.80032,1.32,1.48
2014.04.02 15:00:29.049,1.80016,1.80035,1.32,1.10
2014.04.02 15:00:30.165,1.80017,1.80038,1.25,1.58
2014.04.02 15:00:30.699,1.80018,1.80037,1.00,1.10
2014.04.02 15:00:30.750,1.8002,1.80037,1.00,1.10
2014.04.02 15:00:31.580,1.8002,1.80038,1.00,1.10
2014.04.02 15:00:31.894,1.80029,1.80045,1.00,1.10
2014.04.02 15:00:31.944,1.80026,1.80045,1.50,1.10
2014.04.02 15:00:33.361,1.80027,1.80048,1.10,1.50
2014.04.02 15:00:33.412,1.80027,1.80048,1.48,1.50
2014.04.02 15:00:33.867,1.80033,1.80048,1.10,1.00
2014.04.02 15:00:34.019,1.80032,1.8005,1.00,1.10
2014.04.02 15:00:34.322,1.80031,1.80042,1.00,1.00
2014.04.02 15:00:34.524,1.80023,1.80035,1.00,1.10
2014.04.02 15:00:34.575,1.8002,1.80035,1.00,1.10
2014.04.02 15:00:34.625,1.80027,1.80037,1.10,1.88
2014.04.02 15:00:34.727,1.80029,1.80038,1.00,1.38
2014.04.02 15:00:34.930,1.80029,1.8005,1.13,1.58
2014.04.02 15:00:35.831,1.80028,1.8005,1.10,1.32
2014.04.02 15:00:35.882,1.80027,1.80048,1.00,1.10
2014.04.02 15:00:36.186,1.80027,1.80042,1.00,1.10
2014.04.02 15:00:36.237,1.80021,1.80042,1.29,1.10
2014.04.02 15:00:36.440,1.80021,1.80041,1.25,1.28
2014.04.02 15:00:36.592,1.80021,1.80035,1.00,1.10
2014.04.02 15:00:36.794,1.80017,1.80035,1.00,1.10
2014.04.02 15:00:37.301,1.80017,1.80036,1.00,1.10
2014.04.02 15:00:37.669,1.80017,1.80037,1.25,1.95
2014.04.02 15:00:37.821,1.80015,1.80033,1.00,1.20
2014.04.02 15:00:38.392,1.80015,1.80034,1.25,1.20
2014.04.02 15:00:39.478,1.80015,1.80035,1.25,1.10
2014.04.02 15:00:39.629,1.80015,1.8003,1.25,1.10
2014.04.02 15:00:39.983,1.80015,1.80034,1.00,1.10
2014.04.02 15:00:40.515,1.80013,1.80034,1.25,1.18
2014.04.02 15:00:40.784,1.80013,1.80035,1.63,1.00
2014.04.02 15:00:40.834,1.80015,1.80035,1.29,1.00
2014.04.02 15:00:40.885,1.80019,1.80038,1.00,1.10
2014.04.02 15:00:41.507,1.80016,1.80038,2.07,1.10
2014.04.02 15:00:42.040,1.80016,1.80037,1.13,1.10
2014.04.02 15:00:43.015,1.80016,1.80037,1.28,1.10
2014.04.02 15:00:43.066,1.80019,1.80038,1.00,1.10
2014.04.02 15:00:43.731,1.80019,1.80041,1.19,1.58
2014.04.02 15:00:43.833,1.80022,1.80041,1.00,1.10
2014.04.02 15:00:44.035,1.80018,1.80038,1.13,1.20
2014.04.02 15:00:44.137,1.80018,1.80038,1.00,1.35
2014.04.02 15:00:44.188,1.80014,1.80037,1.19,1.18
2014.04.02 15:00:44.944,1.80014,1.80032,1.00,1.10
2014.04.02 15:00:46.149,1.80012,1.80032,1.00,1.10
2014.04.02 15:00:46.208,1.80012,1.8003,1.00,1.10
2014.04.02 15:00:46.902,1.80012,1.80032,1.00,1.10
2014.04.02 15:00:47.274,1.80012,1.8003,1.00,1.10
2014.04.02 15:00:47.577,1.80009,1.8003,1.00,1.25
2014.04.02 15:00:47.729,1.80009,1.80031,1.00,1.25
2014.04.02 15:00:47.904,1.80012,1.80034,1.58,1.69
2014.04.02 15:00:48.055,1.80012,1.80034,1.58,1.10
2014.04.02 15:00:50.241,1.80013,1.80034,1.29,1.10
2014.04.02 15:00:50.544,1.80015,1.80037,1.13,2.48
2014.04.02 15:00:50.696,1.80016,1.80037,1.29,1.00
2014.04.02 15:00:51.056,1.80015,1.80037,1.19,1.65
2014.04.02 15:00:51.107,1.80019,1.80037,1.00,1.20
2014.04.02 15:00:51.209,1.80015,1.80037,1.19,1.65
2014.04.02 15:00:51.411,1.80018,1.80037,1.00,1.10
2014.04.02 15:00:52.233,1.80015,1.80037,1.25,1.20
2014.04.02 15:01:00.297,1.80015,1.80036,1.09,1.10
2014.04.02 15:01:00.401,1.80018,1.80036,1.00,1.10
2014.04.02 15:01:00.502,1.80018,1.80038,1.00,1.00
2014.04.02 15:01:00.603,1.80018,1.8004,1.50,2.03
2014.04.02 15:01:00.654,1.80018,1.8004,1.00,2.10
2014.04.02 15:01:01.139,1.80015,1.80037,1.19,2.03
2014.04.02 15:01:01.190,1.80018,1.80035,1.00,1.00
2014.04.02 15:01:01.496,1.80015,1.80032,1.19,1.00
2014.04.02 15:01:02.896,1.80015,1.80026,1.19,1.10
2014.04.02 15:01:03.099,1.80004,1.80021,1.84,1.00
2014.04.02 15:01:03.149,1.80004,1.80016,1.38,1.10
2014.04.02 15:01:03.503,1.79998,1.80015,1.38,1.00
2014.04.02 15:01:04.054,1.79998,1.80015,1.00,1.00
2014.04.02 15:01:04.205,1.79996,1.80013,1.19,1.00
2014.04.02 15:01:04.714,1.79996,1.80013,1.00,1.10
2014.04.02 15:01:06.161,1.79996,1.80013,1.00,1.48
2014.04.02 15:01:06.465,1.79994,1.80008,1.00,1.48
2014.04.02 15:01:06.516,1.79991,1.80008,1.00,2.33
2014.04.02 15:01:06.617,1.79988,1.80005,1.00,1.28
2014.04.02 15:01:06.719,1.79984,1.80001,1.58,1.00
2014.04.02 15:01:06.921,1.79984,1.80003,1.10,1.00
2014.04.02 15:01:07.123,1.79981,1.80003,1.32,1.00
2014.04.02 15:01:07.670,1.79983,1.80003,1.00,1.10
2014.04.02 15:01:09.007,1.79981,1.80003,1.25,1.58
2014.04.02 15:01:09.662,1.79981,1.79997,1.00,1.10
2014.04.02 15:01:09.814,1.79979,1.79997,1.00,1.10
2014.04.02 15:01:10.016,1.79976,1.79997,1.25,1.10
2014.04.02 15:01:10.220,1.79979,1.8,1.00,1.10
2014.04.02 15:01:10.574,1.79981,1.80001,1.00,1.10
2014.04.02 15:01:10.877,1.79984,1.80002,1.00,1.10
2014.04.02 15:01:12.416,1.79986,1.80008,1.00,2.67
2014.04.02 15:01:12.618,1.79986,1.79998,1.00,1.10
2014.04.02 15:01:12.972,1.79982,1.79998,1.00,1.10
2014.04.02 15:01:15.249,1.79982,1.79997,1.00,1.10
2014.04.02 15:01:16.900,1.79982,1.80002,1.00,1.20
2014.04.02 15:01:20.114,1.79985,1.80004,1.10,1.45
2014.04.02 15:01:20.165,1.79985,1.80004,1.29,1.00
2014.04.02 15:01:20.571,1.79982,1.80004,1.57,1.58
2014.04.02 15:01:20.672,1.79985,1.80004,1.00,1.10
2014.04.02 15:01:22.894,1.79985,1.79996,1.00,1.10
2014.04.02 15:01:26.711,1.79985,1.8,1.00,1.10
2014.04.02 15:01:29.900,1.79985,1.80002,1.00,1.10
2014.04.02 15:01:30.246,1.79982,1.80002,1.00,1.10
2014.04.02 15:01:33.682,1.79984,1.80002,1.00,1.10
2014.04.02 15:01:34.232,1.79984,1.80001,1.00,1.10
2014.04.02 15:01:34.742,1.79984,1.80002,1.00,1.10
2014.04.02 15:01:43.496,1.79984,1.80002,1.38,1.10
2014.04.02 15:01:44.009,1.79987,1.80003,1.13,1.10
2014.04.02 15:01:44.681,1.79987,1.80003,1.32,1.10
2014.04.02 15:01:45.510,1.79987,1.80005,1.32,1.10
2014.04.02 15:01:50.853,1.79987,1.80006,1.32,1.00
2014.04.02 15:01:50.904,1.79987,1.80009,1.32,1.65
2014.04.02 15:01:51.426,1.7999,1.80006,1.25,1.10
2014.04.02 15:01:51.527,1.7999,1.80008,1.25,1.10
2014.04.02 15:01:53.578,1.7999,1.80008,1.19,1.10
2014.04.02 15:01:53.903,1.7999,1.80006,1.19,1.10
2014.04.02 15:02:00.476,1.79993,1.80006,1.00,1.10
2014.04.02 15:02:01.882,1.79993,1.80007,1.00,1.10
2014.04.02 15:02:02.812,1.79993,1.80006,1.00,1.10
2014.04.02 15:02:03.378,1.79993,1.80007,1.00,1.10
2014.04.02 15:02:04.456,1.79993,1.80005,1.00,1.10
2014.04.02 15:02:04.557,1.7999,1.80005,1.00,1.10
2014.04.02 15:02:04.659,1.7999,1.8,1.00,1.10
2014.04.02 15:02:04.769,1.7999,1.80004,1.00,1.10
2014.04.02 15:02:05.461,1.7999,1.80006,1.00,1.10
2014.04.02 15:02:06.738,1.7999,1.80007,1.00,1.58
2014.04.02 15:02:21.404,1.7999,1.80007,1.00,1.15
2014.04.02 15:02:22.619,1.7999,1.79999,1.00,1.10
2014.04.02 15:02:23.369,1.79986,1.79999,1.13,1.10
2014.04.02 15:02:23.420,1.79986,1.80002,1.00,1.00
2014.04.02 15:02:23.471,1.79983,1.8,1.00,1.00
2014.04.02 15:02:23.573,1.79983,1.8,1.00,1.08
2014.04.02 15:02:23.725,1.7998,1.79997,1.00,2.40
2014.04.02 15:02:23.828,1.79978,1.79993,1.00,1.10
2014.04.02 15:02:23.929,1.79975,1.79992,1.00,1.73
2014.04.02 15:02:25.027,1.79976,1.79992,1.10,1.65
2014.04.02 15:02:25.091,1.79988,1.8,1.00,1.10
2014.04.02 15:02:25.143,1.79985,1.8,1.00,1.10
2014.04.02 15:02:25.245,1.79979,1.79994,1.19,1.10
2014.04.02 15:02:25.448,1.79979,1.79994,1.00,1.10
2014.04.02 15:02:28.636,1.79976,1.79993,1.00,1.00
2014.04.02 15:02:32.400,1.79974,1.79991,1.00,1.00
2014.04.02 15:02:34.283,1.79971,1.79988,1.32,1.00
2014.04.02 15:02:37.001,1.79969,1.79986,1.58,1.00
2014.04.02 15:02:40.020,1.79969,1.79986,1.00,1.08
2014.04.02 15:02:40.544,1.79969,1.79986,1.00,1.00
2014.04.02 15:02:42.610,1.79968,1.79983,1.10,1.00
2014.04.02 15:02:45.429,1.79967,1.79983,1.10,1.00
2014.04.02 15:02:51.527,1.79967,1.79983,1.48,1.00
2014.04.02 15:02:51.629,1.79969,1.79986,1.10,1.00
2014.04.02 15:02:54.425,1.79969,1.79985,1.10,1.10
2014.04.02 15:02:54.476,1.79967,1.79984,1.00,2.25
2014.04.02 15:02:55.383,1.79965,1.79982,1.65,1.00
2014.04.02 15:02:56.176,1.79966,1.79982,1.10,1.00
2014.04.02 15:02:56.981,1.79965,1.79982,1.10,1.00
2014.04.02 15:02:58.672,1.79962,1.79979,1.58,1.00
2014.04.02 15:02:58.975,1.79974,1.79982,1.00,1.00
2014.04.02 15:02:59.027,1.79974,1.79987,1.00,1.19
2014.04.02 15:02:59.128,1.79972,1.79987,1.95,1.00
2014.04.02 15:02:59.179,1.7998,1.79987,1.00,1.00
2014.04.02 15:02:59.229,1.7998,1.79991,1.00,1.00
2014.04.02 15:02:59.280,1.79975,1.79991,1.08,1.00
2014.04.02 15:02:59.482,1.7998,1.79995,1.00,1.00
2014.04.02 15:03:01.991,1.79977,1.79994,1.00,1.00
2014.04.02 15:03:02.688,1.79979,1.79995,1.00,1.13
2014.04.02 15:03:03.451,1.79979,1.79996,1.00,1.00
2014.04.02 15:03:03.956,1.7998,1.79996,1.10,1.00
2014.04.02 15:03:04.260,1.79987,1.80003,1.00,1.10
2014.04.02 15:03:05.522,1.79987,1.80004,1.88,1.00
2014.04.02 15:03:05.826,1.79998,1.80014,1.10,1.38
2014.04.02 15:03:05.978,1.79998,1.80014,1.10,1.00
2014.04.02 15:03:06.392,1.8,1.80014,1.10,1.00
2014.04.02 15:03:06.493,1.80001,1.80018,1.00,1.00
2014.04.02 15:03:13.947,1.8,1.80016,1.10,1.00
2014.04.02 15:03:17.102,1.80008,1.80016,1.00,1.00
2014.04.02 15:03:17.305,1.80008,1.80021,1.95,1.00
2014.04.02 15:03:17.356,1.80013,1.80021,1.00,1.00
2014.04.02 15:03:17.407,1.80013,1.80025,1.00,1.00
2014.04.02 15:03:17.458,1.80018,1.80025,1.10,1.00
2014.04.02 15:03:17.509,1.80018,1.80027,1.10,1.00
2014.04.02 15:03:17.610,1.80016,1.80029,1.18,1.00
2014.04.02 15:03:17.712,1.80017,1.80034,1.00,1.00
2014.04.02 15:03:17.863,1.80012,1.80034,1.28,1.13
2014.04.02 15:03:17.914,1.80012,1.80031,1.28,1.00
2014.04.02 15:03:18.166,1.80012,1.80033,1.20,1.00
2014.04.02 15:03:19.865,1.80012,1.80033,1.10,1.48
2014.04.02 15:03:22.372,1.80008,1.8003,1.77,1.28
2014.04.02 15:03:23.414,1.80008,1.8003,1.77,1.13
2014.04.02 15:03:27.798,1.80008,1.8003,2.33,1.13
2014.04.02 15:03:29.698,1.80008,1.8003,1.65,1.00
2014.04.02 15:03:31.886,1.80008,1.8003,2.67,1.00
2014.04.02 15:03:32.247,1.80011,1.80032,1.25,1.10
2014.04.02 15:03:32.449,1.80014,1.80033,1.10,1.88
2014.04.02 15:03:32.702,1.80014,1.80036,1.58,1.32
2014.04.02 15:03:37.435,1.80014,1.80036,1.65,1.25
2014.04.02 15:03:37.486,1.80012,1.80034,1.69,1.10
2014.04.02 15:03:37.869,1.8001,1.80032,1.39,1.00
2014.04.02 15:03:38.864,1.80012,1.80035,1.77,1.38
2014.04.02 15:03:39.463,1.80012,1.80035,1.77,1.00
2014.04.02 15:03:39.998,1.80014,1.80035,1.10,1.00
2014.04.02 15:03:40.250,1.80014,1.80037,1.58,1.32
2014.04.02 15:03:41.471,1.80011,1.80033,1.29,1.10
2014.04.02 15:03:42.111,1.80011,1.80034,1.84,1.00
2014.04.02 15:03:46.645,1.80011,1.80034,1.84,1.88
2014.04.02 15:03:47.172,1.80011,1.80034,1.65,2.07
2014.04.02 15:03:50.065,1.80011,1.80033,1.00,1.39
2014.04.02 15:03:50.369,1.80004,1.80024,1.00,2.07
2014.04.02 15:03:52.148,1.80003,1.80025,1.10,1.29
2014.04.02 15:03:52.200,1.80003,1.80025,1.02,1.00
2014.04.02 15:03:53.118,1.80006,1.80025,1.10,1.00
2014.04.02 15:03:55.098,1.80003,1.80025,1.10,1.00
2014.04.02 15:04:01.477,1.80006,1.80025,1.10,1.00
2014.04.02 15:04:03.249,1.80004,1.80025,1.10,1.29
2014.04.02 15:04:03.502,1.80002,1.80023,1.00,1.19
2014.04.02 15:04:05.548,1.80003,1.8002,1.00,1.00
2014.04.02 15:04:05.980,1.80003,1.80016,1.00,1.00
2014.04.02 15:04:06.030,1.8,1.80016,1.00,1.00
2014.04.02 15:04:06.233,1.79997,1.80014,1.00,1.00
2014.04.02 15:04:07.003,1.79995,1.80012,1.00,1.00
2014.04.02 15:04:12.219,1.79995,1.8001,1.00,1.20
2014.04.02 15:04:12.270,1.79992,1.80009,1.00,1.00
2014.04.02 15:04:12.370,1.79989,1.80006,1.00,1.00
2014.04.02 15:04:34.396,1.79998,1.80014,1.00,1.65
2014.04.02 15:04:34.455,1.79998,1.80014,1.00,1.10
2014.04.02 15:04:34.957,1.79998,1.80015,1.00,1.00
2014.04.02 15:04:45.044,1.80001,1.80018,1.00,1.25
2014.04.02 15:04:57.117,1.80004,1.80018,1.10,1.00
2014.04.02 15:04:57.168,1.80004,1.8002,1.10,1.00
2014.04.02 15:04:57.471,1.80006,1.8002,1.10,1.00
2014.04.02 15:04:57.572,1.80004,1.8002,1.10,1.00
2014.04.02 15:04:59.414,1.8001,1.8002,1.10,1.00
2014.04.02 15:04:59.465,1.80011,1.80025,1.00,1.57
2014.04.02 15:04:59.819,1.80015,1.80032,1.00,1.02
2014.04.02 15:05:00.169,1.80017,1.80032,1.10,1.00
2014.04.02 15:05:00.472,1.80018,1.80035,1.00,1.00
2014.04.02 15:05:03.767,1.80016,1.80031,1.00,1.00
2014.04.02 15:05:03.919,1.80014,1.80031,1.00,1.69
2014.04.02 15:05:04.121,1.80012,1.80029,1.00,1.00
2014.04.02 15:05:04.473,1.80009,1.80026,1.95,1.00
2014.04.02 15:05:19.507,1.8001,1.80026,1.10,1.25
2014.04.02 15:05:20.080,1.80009,1.80026,1.58,1.25
2014.04.02 15:05:23.950,1.8001,1.80026,1.10,1.25
2014.04.02 15:05:50.625,1.80009,1.80026,1.00,1.00
2014.04.02 15:05:51.479,1.8001,1.80026,1.10,1.00
2014.04.02 15:05:51.999,1.80009,1.80026,1.00,1.00
2014.04.02 15:06:04.334,1.80007,1.8003,1.10,1.77
2014.04.02 15:06:05.298,1.80007,1.80027,1.10,1.00
2014.04.02 15:06:10.298,1.80008,1.80027,1.10,1.00
2014.04.02 15:06:12.606,1.80007,1.80027,1.10,1.00
2014.04.02 15:06:13.378,1.80008,1.80027,1.10,1.00
2014.04.02 15:06:14.960,1.80012,1.80027,1.10,1.00
2014.04.02 15:06:15.270,1.80015,1.80031,1.10,1.00
2014.04.02 15:06:15.331,1.80017,1.80034,1.00,1.00
2014.04.02 15:06:15.382,1.80017,1.80032,1.00,1.00
2014.04.02 15:06:15.703,1.80017,1.80029,1.00,1.10
2014.04.02 15:06:15.754,1.80015,1.80029,1.00,1.10
2014.04.02 15:06:16.456,1.80015,1.80032,1.00,1.50
2014.04.02 15:06:21.971,1.80015,1.80032,1.00,1.88
2014.04.02 15:06:22.274,1.80015,1.80031,1.00,1.84
2014.04.02 15:06:22.325,1.80012,1.80029,1.00,1.18
2014.04.02 15:06:22.426,1.80009,1.80026,1.58,1.00
2014.04.02 15:06:24.460,1.80008,1.80024,1.10,1.00
2014.04.02 15:06:24.962,1.80007,1.80024,1.00,1.00
2014.04.02 15:06:25.266,1.80009,1.80024,1.20,1.00
2014.04.02 15:06:25.418,1.80013,1.80029,1.10,1.00
2014.04.02 15:06:25.621,1.80017,1.80034,1.00,1.00
2014.04.02 15:06:44.003,1.80015,1.80032,1.00,1.00
2014.04.02 15:06:44.362,1.80011,1.80028,1.38,1.00
2014.04.02 15:06:44.767,1.80011,1.80028,1.00,1.38
2014.04.02 15:06:44.868,1.80006,1.80023,1.02,1.00
2014.04.02 15:06:45.020,1.80009,1.80024,1.00,1.95
2014.04.02 15:06:45.121,1.80007,1.80024,1.00,2.70
2014.04.02 15:06:45.656,1.80004,1.80021,1.00,1.00
2014.04.02 15:06:46.040,1.80007,1.80022,1.00,1.02
2014.04.02 15:06:46.411,1.80007,1.80024,1.00,1.95
2014.04.02 15:06:54.091,1.80007,1.80022,1.00,1.00
2014.04.02 15:06:54.394,1.79999,1.80014,1.00,1.00
2014.04.02 15:06:54.445,1.79996,1.80013,1.00,1.00
2014.04.02 15:06:56.257,1.79997,1.80013,1.10,1.00
2014.04.02 15:06:56.763,1.79996,1.80013,1.58,1.00
2014.04.02 15:07:01.068,1.79996,1.80013,1.00,1.19
2014.04.02 15:07:01.619,1.79996,1.80011,1.00,1.00
2014.04.02 15:07:02.461,1.79996,1.80013,1.00,1.19
2014.04.02 15:07:02.997,1.79996,1.80013,1.00,1.00
2014.04.02 15:07:09.126,1.79999,1.80016,1.00,1.00
2014.04.02 15:07:20.551,1.80003,1.8002,1.00,1.00
2014.04.02 15:07:26.083,1.8,1.80017,1.00,1.00
2014.04.02 15:07:27.246,1.79997,1.80014,1.28,1.00
2014.04.02 15:07:27.977,1.79997,1.80014,1.00,1.00
2014.04.02 15:07:28.840,1.79997,1.80013,1.00,1.10
2014.04.02 15:07:29.355,1.79997,1.80012,1.00,1.10
2014.04.02 15:07:29.517,1.79997,1.80014,1.00,1.00
2014.04.02 15:07:30.992,1.8,1.80015,1.00,1.00
2014.04.02 15:07:31.245,1.80002,1.80019,1.00,1.00
2014.04.02 15:07:35.467,1.8,1.80017,1.00,1.58
2014.04.02 15:07:36.925,1.80004,1.8002,1.00,1.77
2014.04.02 15:07:37.478,1.80004,1.8002,1.00,1.58
2014.04.02 15:07:38.067,1.80005,1.8002,1.00,1.58
2014.04.02 15:07:42.409,1.80004,1.8002,1.00,1.00
2014.04.02 15:07:49.907,1.80003,1.8002,1.50,1.00
2014.04.02 15:07:50.569,1.80003,1.8002,1.38,1.00
2014.04.02 15:07:51.132,1.80005,1.8002,1.00,1.00
2014.04.02 15:08:19.476,1.80004,1.8002,1.13,1.00
2014.04.02 15:08:23.201,1.80005,1.80022,1.00,1.00
2014.04.02 15:08:23.772,1.80005,1.80019,1.00,1.10
2014.04.02 15:08:23.832,1.80005,1.80022,1.00,1.00
2014.04.02 15:08:30.296,1.80006,1.80022,1.00,1.00
2014.04.02 15:08:30.915,1.80005,1.80022,1.58,1.00
2014.04.02 15:08:32.376,1.80008,1.80025,1.00,1.00
2014.04.02 15:08:45.761,1.80006,1.80023,1.00,1.00
2014.04.02 15:08:51.659,1.80006,1.80023,1.00,1.75
2014.04.02 15:08:52.260,1.79997,1.80014,1.32,1.00
2014.04.02 15:08:52.312,1.79997,1.80014,1.00,1.00
2014.04.02 15:08:52.362,1.79996,1.80012,1.10,1.00
2014.04.02 15:08:54.037,1.79996,1.80009,1.10,1.00
2014.04.02 15:08:56.323,1.79996,1.80007,1.10,1.00
2014.04.02 15:08:58.666,1.7999,1.80005,1.10,1.00
2014.04.02 15:09:05.894,1.79988,1.80005,1.58,1.00
2014.04.02 15:09:06.868,1.7999,1.80005,1.10,1.00
2014.04.02 15:09:07.909,1.79989,1.80005,1.10,1.00
2014.04.02 15:09:08.458,1.79988,1.80005,1.58,1.00
2014.04.02 15:09:26.694,1.7999,1.80007,1.00,1.00
2014.04.02 15:09:27.927,1.79992,1.80009,1.00,1.00
2014.04.02 15:09:29.581,1.79996,1.80013,1.00,1.69
2014.04.02 15:09:31.684,1.79996,1.80013,1.00,2.97
2014.04.02 15:09:31.886,1.7999,1.80007,1.00,1.13
2014.04.02 15:09:31.937,1.7999,1.80007,1.00,1.63
2014.04.02 15:09:31.988,1.79987,1.80004,1.00,1.13
2014.04.02 15:09:33.083,1.79984,1.80001,1.58,1.00
2014.04.02 15:09:33.404,1.79987,1.80004,2.78,1.10
2014.04.02 15:09:34.121,1.79996,1.80012,1.00,1.00
2014.04.02 15:09:34.655,1.79996,1.80013,1.00,1.32
2014.04.02 15:09:35.160,1.79996,1.80013,1.00,1.32
2014.04.02 15:09:39.184,1.79996,1.80013,1.58,1.00
2014.04.02 15:09:39.487,1.79999,1.80016,1.00,1.25
2014.04.02 15:09:41.108,1.79997,1.80014,1.00,1.00
2014.04.02 15:09:41.614,1.79997,1.80014,1.00,1.38
2014.04.02 15:09:42.565,1.79991,1.80008,1.38,1.00
2014.04.02 15:09:42.888,1.79995,1.80012,1.00,1.38
2014.04.02 15:09:46.411,1.80001,1.80014,1.00,1.63
2014.04.02 15:09:46.715,1.80011,1.80027,1.10,1.25
2014.04.02 15:09:46.867,1.80011,1.80027,1.10,1.38
2014.04.02 15:09:46.968,1.80011,1.80027,1.10,1.00
2014.04.02 15:09:47.077,1.80013,1.8003,1.00,1.25
2014.04.02 15:09:52.232,1.8001,1.80023,1.10,1.00
2014.04.02 15:09:52.799,1.8001,1.80026,1.10,1.00
2014.04.02 15:09:53.323,1.80011,1.80026,1.10,1.00
2014.04.02 15:09:56.052,1.80012,1.80026,1.10,1.00
2014.04.02 15:09:56.958,1.8001,1.80026,1.10,1.00
2014.04.02 15:09:57.165,1.80012,1.80026,1.10,1.00
2014.04.02 15:09:59.020,1.80012,1.80029,1.58,1.50
2014.04.02 15:10:00.717,1.80013,1.80029,1.10,1.00
2014.04.02 15:10:00.793,1.80015,1.80032,1.00,1.63
2014.04.02 15:10:01.718,1.80015,1.80032,1.00,1.50
2014.04.02 15:10:02.728,1.80015,1.80031,1.00,1.13
2014.04.02 15:10:03.653,1.80016,1.80031,1.10,1.13
2014.04.02 15:10:03.805,1.80017,1.80033,1.00,1.00
2014.04.02 15:10:03.906,1.8002,1.80033,1.00,1.00
2014.04.02 15:10:04.528,1.80017,1.80033,1.00,1.00
2014.04.02 15:10:04.579,1.80017,1.80031,1.00,1.00
2014.04.02 15:10:06.047,1.80017,1.80029,1.00,1.00
2014.04.02 15:10:08.393,1.80014,1.80029,1.00,1.00
2014.04.02 15:10:08.494,1.80014,1.80031,1.00,1.25
2014.04.02 15:10:08.646,1.80017,1.80034,1.00,1.57
2014.04.02 15:10:09.216,1.80017,1.80034,1.00,1.57
2014.04.02 15:10:10.408,1.80014,1.80031,1.00,1.67
2014.04.02 15:10:11.193,1.80014,1.80031,1.00,1.57
2014.04.02 15:10:11.244,1.80012,1.80029,1.00,1.25
2014.04.02 15:10:13.610,1.80012,1.80029,1.00,1.53
2014.04.02 15:10:14.151,1.80012,1.80029,1.00,1.32
2014.04.02 15:10:15.778,1.80015,1.80032,1.00,1.32
2014.04.02 15:10:16.119,1.80017,1.80034,1.00,1.57
2014.04.02 15:10:16.679,1.80017,1.80034,1.00,1.63
2014.04.02 15:10:16.730,1.80017,1.80034,1.00,1.32
2014.04.02 15:10:17.714,1.80017,1.80034,1.38,1.25
2014.04.02 15:10:17.765,1.8002,1.80037,1.00,1.77
2014.04.02 15:10:17.866,1.80026,1.80037,1.00,1.10
2014.04.02 15:10:18.018,1.8003,1.80046,1.10,1.19
2014.04.02 15:10:18.773,1.8003,1.80046,1.10,1.00
2014.04.02 15:10:19.180,1.80032,1.80049,1.00,1.25
2014.04.02 15:10:20.622,1.80034,1.80051,1.00,1.19
2014.04.02 15:10:23.293,1.80034,1.80051,2.03,1.25
2014.04.02 15:10:23.344,1.80037,1.80054,1.00,1.19
2014.04.02 15:10:23.546,1.8004,1.80057,1.00,1.00
2014.04.02 15:10:23.597,1.80042,1.80059,1.00,1.32
2014.04.02 15:10:25.423,1.80042,1.80059,1.00,2.97
2014.04.02 15:10:25.473,1.8004,1.80057,1.00,1.57
2014.04.02 15:10:25.625,1.8004,1.80057,1.00,1.25
2014.04.02 15:10:25.777,1.80042,1.80059,1.00,1.32
2014.04.02 15:10:25.828,1.80042,1.80059,1.00,1.00
2014.04.02 15:10:25.878,1.80046,1.80063,1.00,1.64
2014.04.02 15:10:26.091,1.80043,1.80065,1.18,1.69
2014.04.02 15:10:27.069,1.80043,1.80065,1.10,1.64
2014.04.02 15:10:27.171,1.80043,1.80059,1.00,1.00
2014.04.02 15:10:27.476,1.80038,1.80056,1.10,2.07
2014.04.02 15:10:27.983,1.80038,1.80061,1.10,2.82
2014.04.02 15:10:28.667,1.80038,1.8006,1.10,1.57
2014.04.02 15:10:28.769,1.80035,1.80055,1.10,1.48
2014.04.02 15:10:29.709,1.80035,1.80052,1.10,1.10
2014.04.02 15:10:30.215,1.80035,1.80053,1.10,1.10
2014.04.02 15:10:33.078,1.80035,1.80053,1.10,1.29
2014.04.02 15:10:35.214,1.80035,1.80053,1.10,1.67
2014.04.02 15:10:35.315,1.80035,1.80049,1.10,1.10
2014.04.02 15:10:35.634,1.80039,1.80059,1.50,2.04
2014.04.02 15:10:37.525,1.8004,1.80057,1.10,1.25
2014.04.02 15:10:37.626,1.80044,1.80057,1.10,1.25
2014.04.02 15:10:38.272,1.80045,1.80065,1.00,1.57
2014.04.02 15:10:38.327,1.80045,1.80066,1.00,1.57
2014.04.02 15:10:39.533,1.80048,1.80068,1.00,2.14
2014.04.02 15:10:39.685,1.80048,1.80068,1.00,1.67
2014.04.02 15:10:39.735,1.8005,1.8007,1.10,1.19
2014.04.02 15:10:39.887,1.80052,1.80072,1.20,1.57
2014.04.02 15:10:39.938,1.80058,1.80073,2.25,2.07
2014.04.02 15:10:39.989,1.80054,1.80073,1.10,1.57
2014.04.02 15:10:40.090,1.80061,1.80077,2.25,1.57
2014.04.02 15:10:40.293,1.80066,1.80077,1.10,1.00
2014.04.02 15:10:40.395,1.80064,1.80077,1.10,1.00
2014.04.02 15:10:40.446,1.80066,1.80084,2.25,1.02
2014.04.02 15:10:41.509,1.80067,1.80086,2.25,1.34
2014.04.02 15:10:42.106,1.80065,1.80087,1.00,1.47
2014.04.02 15:10:42.207,1.80065,1.80087,1.00,1.39
2014.04.02 15:10:45.057,1.80067,1.80089,1.58,1.57
2014.04.02 15:10:46.226,1.80066,1.80088,1.00,1.67
2014.04.02 15:10:46.530,1.80066,1.80086,1.00,1.39
2014.04.02 15:10:46.833,1.80064,1.80085,1.00,1.82
2014.04.02 15:10:47.128,1.80062,1.80081,1.10,1.63
2014.04.02 15:10:47.645,1.80061,1.80081,1.10,1.25
2014.04.02 15:10:47.696,1.80061,1.80083,1.10,1.57
2014.04.02 15:10:48.197,1.80062,1.80083,1.10,1.57
2014.04.02 15:10:49.952,1.80062,1.80083,1.10,1.57
2014.04.02 15:10:50.660,1.80063,1.80083,1.10,1.57
2014.04.02 15:10:51.285,1.80063,1.80083,1.10,1.57
2014.04.02 15:10:51.438,1.80061,1.80081,1.00,1.29
2014.04.02 15:10:52.027,1.80061,1.80083,1.00,2.14
2014.04.02 15:10:52.090,1.80061,1.80083,1.00,2.14
2014.04.02 15:10:52.242,1.80061,1.80083,1.00,2.14
2014.04.02 15:10:52.596,1.80064,1.80083,1.00,1.10
2014.04.02 15:10:52.909,1.80066,1.80083,2.25,1.10
2014.04.02 15:10:53.471,1.80066,1.80086,2.25,1.58
2014.04.02 15:10:53.625,1.80066,1.80083,2.25,1.10
2014.04.02 15:10:53.979,1.80066,1.80085,2.25,1.10
2014.04.02 15:10:54.513,1.80065,1.80085,2.25,1.10
2014.04.02 15:10:55.029,1.80066,1.80086,1.00,1.10
2014.04.02 15:10:56.171,1.80066,1.80087,1.00,1.10
2014.04.02 15:10:57.008,1.80066,1.80088,1.00,1.02
2014.04.02 15:10:57.413,1.80066,1.80088,1.08,1.02
2014.04.02 15:10:57.514,1.8007,1.80091,1.10,1.25
2014.04.02 15:10:58.060,1.8007,1.80091,1.10,1.63
2014.04.02 15:11:00.454,1.80071,1.80091,1.10,1.63
2014.04.02 15:11:00.726,1.80071,1.80091,1.10,1.25
2014.04.02 15:11:01.702,1.80071,1.80091,1.10,1.19
2014.04.02 15:11:02.898,1.80068,1.80091,3.08,1.57
2014.04.02 15:11:03.150,1.80064,1.80087,1.00,3.15
2014.04.02 15:11:03.201,1.80062,1.80084,1.58,1.48
2014.04.02 15:11:03.454,1.80062,1.80083,1.00,1.74
2014.04.02 15:11:03.505,1.80058,1.80081,1.00,2.14
2014.04.02 15:11:03.556,1.80058,1.80071,1.00,1.10
2014.04.02 15:11:03.606,1.80051,1.80071,1.74,1.10
2014.04.02 15:11:03.657,1.80051,1.80071,1.47,1.48
2014.04.02 15:11:03.860,1.80054,1.80072,1.00,1.10
2014.04.02 15:11:04.164,1.80055,1.80075,1.00,1.00
2014.04.02 15:11:04.402,1.80053,1.80075,1.13,1.00
2014.04.02 15:11:04.884,1.80057,1.80075,1.00,1.00
2014.04.02 15:11:06.132,1.80057,1.80078,1.00,1.40
2014.04.02 15:11:06.234,1.80057,1.80078,1.00,1.25
2014.04.02 15:11:06.284,1.80061,1.8008,1.10,1.29
2014.04.02 15:11:06.486,1.80059,1.80082,1.00,1.32
2014.04.02 15:11:07.351,1.80075,1.80079,1.00,1.25
2014.04.02 15:11:07.503,1.80078,1.80088,2.25,1.00
2014.04.02 15:11:07.605,1.80078,1.80093,2.25,1.00
2014.04.02 15:11:07.807,1.80079,1.80099,1.10,1.00
2014.04.02 15:11:08.672,1.80076,1.80098,1.50,1.10
2014.04.02 15:11:08.723,1.80076,1.80098,1.00,1.48
2014.04.02 15:11:08.825,1.80074,1.80095,1.00,1.95
2014.04.02 15:11:08.926,1.80072,1.80093,1.10,1.50
2014.04.02 15:11:09.027,1.80066,1.80088,1.20,1.00
2014.04.02 15:11:09.230,1.80065,1.80086,1.00,1.67
2014.04.02 15:11:09.579,1.80063,1.80085,1.00,1.57
2014.04.02 15:11:11.972,1.8006,1.80083,1.58,1.39
2014.04.02 15:11:14.186,1.80052,1.80068,1.69,1.00
2014.04.02 15:11:14.247,1.80048,1.80068,1.10,1.00
2014.04.02 15:11:19.188,1.80051,1.80068,1.10,1.00
2014.04.02 15:11:19.884,1.80052,1.8007,1.00,1.00
2014.04.02 15:11:19.935,1.80056,1.8007,1.10,1.00
2014.04.02 15:11:20.188,1.80064,1.80081,1.10,1.00
2014.04.02 15:11:20.289,1.80064,1.80084,1.10,1.13
2014.04.02 15:11:20.740,1.80064,1.80084,1.10,1.38
2014.04.02 15:11:23.781,1.80064,1.80084,1.10,1.19
2014.04.02 15:11:25.745,1.80064,1.80084,1.10,1.57
2014.04.02 15:11:30.236,1.80064,1.80081,1.10,1.38
2014.04.02 15:11:30.287,1.8006,1.80081,1.10,1.57
2014.04.02 15:11:30.389,1.80059,1.80081,1.00,1.72
2014.04.02 15:11:30.540,1.80056,1.80078,1.58,1.72
2014.04.02 15:11:30.691,1.80056,1.80073,1.00,1.38
2014.04.02 15:11:31.184,1.80056,1.8007,1.00,1.10
2014.04.02 15:11:32.085,1.80053,1.8007,1.00,1.58
2014.04.02 15:11:33.316,1.80055,1.8007,1.00,1.10
2014.04.02 15:11:33.467,1.80057,1.80074,1.00,1.00
2014.04.02 15:11:33.625,1.8006,1.80077,1.00,1.19
2014.04.02 15:11:34.512,1.8006,1.80077,1.00,1.00
2014.04.02 15:11:34.815,1.8006,1.80077,1.00,2.07
2014.04.02 15:11:34.967,1.8006,1.80077,1.00,1.10
2014.04.02 15:11:37.909,1.8006,1.80076,1.00,1.10
2014.04.02 15:11:38.413,1.8006,1.80077,1.00,1.84
2014.04.02 15:11:39.157,1.80055,1.80072,1.13,1.58
2014.04.02 15:11:39.464,1.80057,1.80074,1.00,1.33
2014.04.02 15:11:39.666,1.80057,1.80074,1.00,1.25
2014.04.02 15:11:47.221,1.80055,1.80072,3.00,1.00
2014.04.02 15:11:47.527,1.80059,1.80076,1.00,1.19
2014.04.02 15:11:49.899,1.80059,1.80076,1.00,1.00
2014.04.02 15:11:53.924,1.80074,1.80087,2.25,1.00
2014.04.02 15:11:55.282,1.80074,1.80089,1.00,1.25
2014.04.02 15:11:59.826,1.80072,1.80089,1.00,1.25
2014.04.02 15:12:00.327,1.80072,1.80087,1.00,1.00
2014.04.02 15:12:03.632,1.80072,1.80089,1.00,1.00
2014.04.02 15:12:08.897,1.80074,1.80091,1.00,1.50
2014.04.02 15:12:11.799,1.80074,1.80091,1.65,1.50
2014.04.02 15:12:12.158,1.80078,1.80091,1.58,1.00
2014.04.02 15:12:12.209,1.80083,1.801,1.00,1.00
2014.04.02 15:12:12.311,1.80085,1.80102,1.00,1.58
2014.04.02 15:12:12.614,1.8009,1.80103,1.00,1.10
2014.04.02 15:12:12.917,1.80087,1.801,1.00,1.10
2014.04.02 15:12:13.450,1.80087,1.80099,1.00,1.10
2014.04.02 15:12:16.630,1.80087,1.80101,1.00,1.10
2014.04.02 15:12:17.737,1.80087,1.80103,1.00,1.10
2014.04.02 15:12:22.068,1.80087,1.80101,1.00,1.10
2014.04.02 15:12:28.407,1.80087,1.80103,1.00,1.10
2014.04.02 15:12:29.323,1.80089,1.80103,1.00,1.10
2014.04.02 15:12:30.880,1.80092,1.80103,1.00,1.10
2014.04.02 15:12:31.387,1.80092,1.80104,1.00,1.10
2014.04.02 15:12:31.692,1.80102,1.80113,1.00,1.00
2014.04.02 15:12:31.742,1.80101,1.80116,1.13,1.00
2014.04.02 15:12:31.793,1.80101,1.80116,1.38,1.00
2014.04.02 15:12:31.848,1.80102,1.80119,1.38,1.00
2014.04.02 15:12:31.900,1.80102,1.80119,1.00,1.00
2014.04.02 15:12:32.001,1.80104,1.80118,1.00,1.10
2014.04.02 15:12:32.305,1.801,1.80108,1.00,1.10
2014.04.02 15:12:32.406,1.80095,1.80108,1.00,1.10
2014.04.02 15:12:37.282,1.80095,1.80104,1.00,1.10
2014.04.02 15:12:37.687,1.80092,1.80106,1.00,1.10
2014.04.02 15:12:38.471,1.80094,1.80106,1.00,1.10
2014.04.02 15:12:39.780,1.80092,1.80109,1.10,1.00
2014.04.02 15:12:39.881,1.80095,1.80112,1.10,1.13
2014.04.02 15:12:40.184,1.80098,1.80112,2.25,1.00
2014.04.02 15:12:42.665,1.80098,1.80115,1.50,1.25
2014.04.02 15:12:42.723,1.80102,1.80115,1.00,1.00
2014.04.02 15:12:42.774,1.80102,1.80118,1.10,1.58
2014.04.02 15:12:42.875,1.80102,1.80116,1.10,1.10
2014.04.02 15:12:42.977,1.80102,1.80118,1.10,1.00
2014.04.02 15:12:43.129,1.80102,1.80118,1.58,1.00
2014.04.02 15:12:43.179,1.80106,1.80122,1.10,1.10
2014.04.02 15:12:43.230,1.80106,1.80122,1.00,1.48
2014.04.02 15:12:43.331,1.80098,1.8012,1.65,1.25
2014.04.02 15:12:43.433,1.80098,1.80117,1.10,1.25
2014.04.02 15:12:44.085,1.80098,1.80121,1.18,1.57
2014.04.02 15:12:44.141,1.80098,1.80121,1.18,1.57
2014.04.02 15:12:44.401,1.80101,1.80121,1.00,1.57
2014.04.02 15:12:44.726,1.80106,1.80124,1.00,1.57
2014.04.02 15:12:44.878,1.80106,1.80126,1.00,1.77
2014.04.02 15:12:45.575,1.80106,1.80122,1.00,1.00
2014.04.02 15:12:45.880,1.80098,1.80116,1.00,1.20
2014.04.02 15:12:45.931,1.80096,1.80116,1.00,1.20
2014.04.02 15:12:45.982,1.80096,1.80106,1.00,1.10
2014.04.02 15:12:46.134,1.80092,1.80106,1.18,1.10
2014.04.02 15:12:46.720,1.80092,1.80106,1.00,1.10
2014.04.02 15:12:47.842,1.8009,1.80106,1.10,1.10
2014.04.02 15:12:50.809,1.80089,1.80106,1.00,1.10
2014.04.02 15:12:52.898,1.80089,1.80104,1.00,1.10
2014.04.02 15:12:53.000,1.80087,1.80104,1.00,1.77
2014.04.02 15:12:53.101,1.80087,1.80102,1.00,1.00
2014.04.02 15:12:53.414,1.80084,1.80101,1.00,1.77
2014.04.02 15:12:58.909,1.80084,1.80101,1.00,1.58
2014.04.02 15:13:10.234,1.80084,1.80099,1.00,1.10
2014.04.02 15:13:18.224,1.80079,1.80085,1.00,1.10
2014.04.02 15:13:18.327,1.80075,1.80085,1.00,1.10
2014.04.02 15:13:18.428,1.8007,1.80085,1.00,1.10
2014.04.02 15:13:19.975,1.80075,1.80087,1.10,1.00
2014.04.02 15:13:20.279,1.80088,1.801,1.00,1.10
2014.04.02 15:13:20.380,1.80088,1.80096,1.00,1.00
2014.04.02 15:13:20.800,1.80085,1.80096,1.10,1.00
2014.04.02 15:13:27.904,1.80083,1.80091,1.00,1.10
2014.04.02 15:13:27.956,1.80079,1.80091,1.00,1.18
2014.04.02 15:13:28.057,1.80075,1.80089,1.00,1.10
2014.04.02 15:13:28.108,1.8007,1.80087,1.00,1.00
2014.04.02 15:13:28.159,1.80075,1.80087,1.10,1.00
2014.04.02 15:13:28.685,1.80075,1.80086,1.10,1.00
2014.04.02 15:13:28.736,1.80075,1.80089,1.10,1.13
2014.04.02 15:13:28.888,1.8008,1.80093,1.00,1.38
2014.04.02 15:13:28.939,1.8008,1.80093,1.00,1.00
2014.04.02 15:13:28.990,1.8008,1.80096,1.00,1.57
2014.04.02 15:13:29.091,1.8008,1.80093,1.00,1.00
2014.04.02 15:13:29.508,1.8008,1.80096,1.00,1.19
2014.04.02 15:13:29.861,1.80077,1.80092,1.00,1.00
2014.04.02 15:13:30.568,1.80075,1.80092,1.58,1.00
2014.04.02 15:13:33.640,1.80075,1.80092,1.58,1.95
2014.04.02 15:13:33.691,1.80072,1.80089,1.00,1.00
2014.04.02 15:13:33.741,1.80072,1.80089,1.00,1.45
2014.04.02 15:13:33.915,1.80066,1.80082,1.50,1.00
2014.04.02 15:13:34.443,1.80065,1.80082,1.58,1.00
2014.04.02 15:13:41.894,1.80068,1.80082,1.10,1.00
2014.04.02 15:13:47.636,1.80069,1.80082,1.10,1.00
2014.04.02 15:13:49.448,1.80068,1.80082,1.10,1.00
2014.04.02 15:13:49.981,1.80073,1.8008,1.10,1.00
2014.04.02 15:13:50.083,1.80073,1.80083,1.10,1.00
2014.04.02 15:13:50.134,1.80075,1.80083,1.10,1.00
2014.04.02 15:13:50.235,1.80073,1.80086,1.00,1.00
2014.04.02 15:13:50.286,1.80071,1.80086,1.10,1.00
2014.04.02 15:13:50.438,1.80071,1.80083,1.10,1.00
2014.04.02 15:13:50.640,1.80068,1.80083,1.00,1.00
2014.04.02 15:13:50.691,1.80066,1.80083,1.00,1.00
2014.04.02 15:13:50.843,1.80065,1.8008,1.10,1.00
2014.04.02 15:13:50.894,1.80063,1.8008,1.58,1.00
2014.04.02 15:13:50.995,1.80065,1.8008,1.10,1.00
2014.04.02 15:13:51.298,1.80072,1.80087,1.00,1.69
2014.04.02 15:13:51.349,1.80072,1.80087,1.00,1.00
2014.04.02 15:13:51.450,1.80075,1.80087,1.10,1.00
2014.04.02 15:13:51.551,1.80075,1.80091,1.10,1.00
2014.04.02 15:13:52.035,1.80075,1.8009,1.10,2.82
2014.04.02 15:13:52.186,1.80068,1.80083,1.10,1.00
2014.04.02 15:13:52.388,1.80068,1.80081,1.10,1.00
2014.04.02 15:13:53.408,1.8007,1.80081,1.10,1.00
2014.04.02 15:13:54.526,1.80068,1.80081,1.10,1.00
2014.04.02 15:13:56.061,1.80069,1.80081,1.10,1.00
2014.04.02 15:14:04.164,1.80066,1.80081,1.10,1.00
2014.04.02 15:14:04.937,1.80064,1.80081,1.00,1.00
2014.04.02 15:14:06.149,1.80066,1.80081,1.10,1.00
2014.04.02 15:14:08.044,1.80067,1.80081,2.25,1.00
2014.04.02 15:14:08.628,1.80067,1.80083,2.25,1.18
2014.04.02 15:14:09.157,1.80066,1.80083,3.83,1.18
2014.04.02 15:14:09.666,1.80066,1.80083,3.83,1.00
2014.04.02 15:14:18.941,1.80066,1.80083,1.38,1.00
2014.04.02 15:14:19.245,1.80082,1.80092,1.10,1.10
2014.04.02 15:14:19.498,1.80082,1.80095,1.10,1.00
2014.04.02 15:14:19.701,1.80079,1.80095,1.00,1.00
2014.04.02 15:14:19.924,1.80081,1.80095,2.25,1.00
2014.04.02 15:14:20.126,1.80078,1.80095,1.00,1.00
2014.04.02 15:14:20.227,1.80081,1.80096,1.00,1.10
2014.04.02 15:14:20.479,1.80082,1.80098,1.10,1.00
2014.04.02 15:14:20.947,1.80081,1.80098,1.00,1.38
2014.04.02 15:14:20.997,1.80078,1.80094,1.02,1.00
2014.04.02 15:14:21.048,1.80078,1.80094,1.10,1.50
2014.04.02 15:14:21.251,1.80073,1.8009,1.58,1.48
2014.04.02 15:14:21.423,1.80073,1.80086,1.10,1.00
2014.04.02 15:14:21.903,1.80068,1.80084,1.10,1.00
2014.04.02 15:14:21.953,1.80068,1.80084,1.10,1.38
2014.04.02 15:14:22.257,1.80068,1.80078,1.10,1.00
2014.04.02 15:14:30.497,1.80073,1.80088,1.10,1.00
2014.04.02 15:14:34.748,1.80073,1.8009,1.58,1.10
2014.04.02 15:14:42.989,1.8007,1.80085,1.58,1.00
2014.04.02 15:14:44.463,1.80068,1.80085,1.58,1.00
2014.04.02 15:14:44.666,1.80068,1.80082,1.10,1.00
2014.04.02 15:14:47.124,1.80067,1.80082,1.10,1.00
2014.04.02 15:14:47.709,1.80068,1.80082,1.10,1.00
2014.04.02 15:14:49.784,1.80069,1.80082,1.10,1.00
2014.04.02 15:14:50.462,1.80067,1.80082,1.10,1.28
2014.04.02 15:14:50.514,1.80067,1.80079,1.10,1.00
2014.04.02 15:14:50.848,1.80067,1.80076,1.10,1.00
2014.04.02 15:14:51.380,1.80066,1.80076,1.10,1.00
2014.04.02 15:14:51.904,1.80065,1.80076,1.10,1.00
2014.04.02 15:14:56.272,1.80067,1.80076,1.10,1.00
2014.04.02 15:14:56.868,1.80067,1.80077,1.10,1.00
2014.04.02 15:14:56.919,1.80067,1.8008,1.10,1.00
2014.04.02 15:15:03.660,1.80067,1.80083,1.10,2.07
2014.04.02 15:15:05.510,1.80067,1.80083,1.10,1.69
2014.04.02 15:15:05.930,1.80067,1.80083,1.10,1.69
2014.04.02 15:15:10.007,1.80066,1.80083,1.00,1.69
2014.04.02 15:15:13.757,1.80066,1.80083,1.00,1.50
2014.04.02 15:15:14.060,1.80067,1.80079,1.10,1.00
2014.04.02 15:15:14.112,1.80065,1.80082,1.32,1.58
2014.04.02 15:15:14.264,1.80065,1.80082,1.63,1.50
2014.04.02 15:15:14.586,1.80069,1.80082,1.00,1.00
2014.04.02 15:15:17.422,1.80066,1.80082,1.00,1.00
2014.04.02 15:15:17.877,1.80068,1.80082,1.00,1.00
2014.04.02 15:15:18.540,1.80066,1.80082,1.00,1.00
2014.04.02 15:15:18.641,1.80068,1.80082,1.00,1.00
2014.04.02 15:15:20.843,1.80065,1.80082,1.00,1.50
2014.04.02 15:15:20.995,1.80065,1.80074,1.00,1.10
2014.04.02 15:15:21.046,1.80063,1.80074,1.00,1.10
2014.04.02 15:15:21.096,1.80063,1.8007,1.00,1.10
2014.04.02 15:15:21.197,1.80057,1.80071,1.15,1.10
2014.04.02 15:15:23.321,1.8006,1.80075,1.00,1.00
2014.04.02 15:15:24.197,1.8006,1.80073,1.00,1.10
2014.04.02 15:15:24.298,1.8006,1.80075,1.00,1.00
2014.04.02 15:15:25.331,1.80062,1.80075,1.00,1.00
2014.04.02 15:15:25.432,1.80062,1.80077,1.00,1.10
2014.04.02 15:15:25.483,1.80062,1.80079,1.00,1.50
2014.04.02 15:15:26.946,1.80062,1.80074,1.00,1.00
2014.04.02 15:15:27.400,1.80062,1.80071,1.00,1.10
2014.04.02 15:15:27.501,1.80062,1.80074,1.00,1.00
2014.04.02 15:15:27.703,1.80062,1.80072,1.00,1.10
2014.04.02 15:15:27.804,1.80062,1.80074,1.00,1.58
2014.04.02 15:15:27.956,1.80062,1.80078,1.00,1.00
2014.04.02 15:15:28.006,1.80065,1.80078,1.00,1.00
2014.04.02 15:15:28.237,1.80065,1.80081,1.00,1.02
2014.04.02 15:15:28.890,1.80065,1.80082,1.00,1.00
2014.04.02 15:15:28.941,1.8007,1.80084,1.00,1.10
2014.04.02 15:15:29.245,1.8007,1.8008,1.00,1.10
2014.04.02 15:15:31.560,1.8007,1.80081,1.00,1.10
2014.04.02 15:15:32.632,1.80067,1.80081,1.00,1.10
2014.04.02 15:15:37.704,1.80072,1.80088,1.00,1.35
2014.04.02 15:15:37.806,1.80074,1.80089,1.00,1.48
2014.04.02 15:15:38.210,1.80074,1.80091,1.00,1.77
2014.04.02 15:15:39.192,1.80074,1.80087,1.00,1.10
2014.04.02 15:15:39.445,1.80072,1.80087,1.00,1.10
2014.04.02 15:15:40.001,1.80075,1.80087,1.00,1.10
2014.04.02 15:15:40.944,1.80075,1.80088,1.00,1.10
2014.04.02 15:15:41.930,1.80075,1.80092,1.00,1.77
2014.04.02 15:15:42.081,1.80077,1.80094,1.00,2.52
2014.04.02 15:15:42.390,1.80077,1.8009,1.00,1.10
2014.04.02 15:15:43.044,1.80077,1.80089,1.00,1.10
2014.04.02 15:15:46.900,1.80077,1.80086,1.00,1.10
2014.04.02 15:15:47.203,1.80077,1.80083,1.00,1.10
2014.04.02 15:15:47.254,1.80077,1.80087,1.00,1.10
2014.04.02 15:15:47.355,1.80074,1.80087,1.00,1.10
2014.04.02 15:15:49.511,1.80072,1.80087,1.00,1.58
2014.04.02 15:15:49.768,1.80072,1.80089,1.00,1.58
2014.04.02 15:15:50.238,1.80072,1.80089,1.00,1.95
2014.04.02 15:15:51.054,1.80068,1.80085,1.00,1.13
2014.04.02 15:15:51.839,1.80071,1.80087,1.00,1.38
2014.04.02 15:15:55.139,1.80068,1.80085,1.00,1.13
2014.04.02 15:15:55.730,1.8007,1.80087,1.00,1.13
2014.04.02 15:16:03.489,1.8007,1.80081,1.00,3.08
2014.04.02 15:16:03.641,1.80068,1.80084,1.00,1.47
2014.04.02 15:16:03.692,1.80068,1.80072,1.00,1.10
2014.04.02 15:16:03.743,1.80064,1.80072,1.00,1.10
2014.04.02 15:16:03.844,1.8006,1.80072,1.00,1.10
2014.04.02 15:16:03.945,1.80053,1.8007,1.25,1.00
2014.04.02 15:16:05.395,1.80057,1.80074,1.00,1.00
2014.04.02 15:16:06.191,1.80057,1.80073,1.00,1.10
2014.04.02 15:16:06.847,1.80057,1.80074,1.00,1.00
2014.04.02 15:16:08.650,1.80061,1.80074,1.10,1.00
2014.04.02 15:16:08.700,1.80061,1.80076,1.10,1.00
2014.04.02 15:16:08.751,1.80059,1.80076,1.58,1.00
2014.04.02 15:16:08.954,1.80059,1.80076,1.77,1.00
2014.04.02 15:16:09.004,1.80062,1.80079,1.00,1.00
2014.04.02 15:16:09.514,1.80062,1.80078,1.00,1.10
2014.04.02 15:16:12.568,1.80062,1.80079,1.00,1.00
2014.04.02 15:16:13.252,1.80062,1.80079,1.18,1.00
2014.04.02 15:16:17.928,1.80065,1.80082,2.70,1.00
2014.04.02 15:16:18.231,1.80071,1.80084,2.03,1.00
2014.04.02 15:16:18.282,1.80075,1.80088,1.10,1.00
2014.04.02 15:16:18.383,1.80085,1.80092,1.10,1.88
2014.04.02 15:16:18.484,1.80083,1.80096,1.10,1.00
2014.04.02 15:16:18.687,1.80082,1.80099,1.00,1.58
2014.04.02 15:16:18.839,1.80079,1.80096,1.00,1.00
2014.04.02 15:16:25.629,1.80082,1.80095,1.00,1.10
2014.04.02 15:16:26.087,1.80082,1.80099,1.00,2.03
2014.04.02 15:16:27.159,1.80079,1.80096,1.00,1.00
2014.04.02 15:16:36.592,1.80079,1.80096,1.00,1.95
2014.04.02 15:16:36.648,1.80069,1.80086,1.00,2.33
2014.04.02 15:16:38.837,1.80069,1.80085,1.00,1.10
2014.04.02 15:16:43.265,1.80066,1.80083,1.00,1.00
2014.04.02 15:16:51.066,1.80066,1.80083,1.08,1.00
2014.04.02 15:16:51.349,1.80069,1.80086,1.00,1.00
2014.04.02 15:17:23.123,1.80066,1.80083,1.00,1.00
2014.04.02 15:17:24.629,1.80066,1.80083,1.19,1.00
2014.04.02 15:17:27.236,1.80066,1.80083,1.25,1.00
2014.04.02 15:17:32.685,1.80066,1.80083,1.45,1.00
2014.04.02 15:17:32.736,1.80069,1.80085,1.00,1.10
2014.04.02 15:17:33.038,1.80066,1.80083,1.38,1.00
2014.04.02 15:17:33.089,1.80066,1.80083,1.00,1.00
2014.04.02 15:17:42.596,1.80067,1.80083,1.10,1.00
2014.04.02 15:17:42.748,1.80069,1.80086,1.38,1.00
2014.04.02 15:17:43.002,1.80069,1.80086,1.00,1.00
2014.04.02 15:17:43.200,1.80069,1.80086,1.38,1.00
2014.04.02 15:17:43.503,1.80078,1.8009,1.20,1.00
2014.04.02 15:17:43.824,1.80084,1.80096,1.00,1.00
2014.04.02 15:17:44.050,1.8008,1.80096,1.58,1.00
2014.04.02 15:17:47.656,1.80079,1.80096,2.97,1.00
2014.04.02 15:17:48.001,1.80082,1.80099,1.00,1.00
2014.04.02 15:18:00.637,1.80082,1.80091,1.13,1.00
2014.04.02 15:18:00.739,1.80079,1.80096,1.38,1.00
2014.04.02 15:18:00.789,1.80077,1.80094,1.48,1.00
2014.04.02 15:18:01.093,1.80071,1.80088,2.33,1.00
2014.04.02 15:18:01.194,1.80075,1.80088,1.38,1.00
2014.04.02 15:18:01.245,1.80076,1.80093,1.20,1.25
2014.04.02 15:18:01.346,1.80075,1.8009,1.38,1.00
2014.04.02 15:18:01.447,1.80076,1.80093,1.00,1.25
2014.04.02 15:18:01.873,1.80075,1.8009,1.00,1.00
2014.04.02 15:18:02.110,1.80073,1.8009,1.50,1.00
2014.04.02 15:18:07.459,1.80073,1.80089,1.00,1.00
2014.04.02 15:18:08.610,1.80071,1.80088,1.00,1.00
2014.04.02 15:18:10.966,1.80071,1.80087,1.00,1.10
2014.04.02 15:18:11.118,1.80071,1.80085,1.00,1.10
2014.04.02 15:18:11.243,1.80071,1.80087,1.00,1.10
2014.04.02 15:18:11.865,1.80071,1.80088,1.00,1.13
2014.04.02 15:18:12.643,1.80071,1.80086,1.00,1.10
2014.04.02 15:18:12.795,1.80067,1.80084,1.00,1.00
2014.04.02 15:18:12.856,1.80067,1.8008,1.00,1.10
2014.04.02 15:18:13.109,1.80067,1.80084,1.00,1.77
2014.04.02 15:18:13.311,1.80065,1.80082,1.00,1.00
2014.04.02 15:18:29.490,1.80062,1.80079,1.19,1.00
2014.04.02 15:18:30.273,1.80066,1.80083,1.00,1.95
2014.04.02 15:18:30.374,1.80063,1.8008,1.25,1.00
2014.04.02 15:18:34.425,1.80063,1.8008,1.92,1.00
2014.04.02 15:18:34.491,1.80068,1.80085,1.00,1.25
2014.04.02 15:18:42.216,1.80075,1.80085,1.00,1.00
2014.04.02 15:18:42.267,1.80075,1.80088,1.00,1.00
2014.04.02 15:18:42.318,1.80082,1.80088,1.00,1.00
2014.04.02 15:18:42.368,1.80082,1.80093,1.00,1.38
2014.04.02 15:18:42.892,1.80083,1.801,1.00,1.00
2014.04.02 15:18:46.383,1.80083,1.80098,1.00,1.10
2014.04.02 15:18:46.437,1.80083,1.801,1.00,1.58
2014.04.02 15:18:46.488,1.80083,1.80098,1.00,1.10
2014.04.02 15:18:46.791,1.80075,1.8009,1.38,1.10
2014.04.02 15:18:46.842,1.80075,1.8009,1.00,1.10
2014.04.02 15:18:46.893,1.80073,1.8009,1.25,1.65
2014.04.02 15:18:46.944,1.80073,1.80085,1.00,1.10
2014.04.02 15:18:47.096,1.8007,1.80085,1.13,1.10
2014.04.02 15:18:48.372,1.8007,1.80087,1.00,2.33
2014.04.02 15:18:49.137,1.8007,1.80085,1.00,1.10
2014.04.02 15:18:49.548,1.8007,1.80087,1.00,1.58
2014.04.02 15:18:50.404,1.8007,1.80083,1.00,1.10
2014.04.02 15:18:50.834,1.8007,1.80085,1.00,1.10
2014.04.02 15:18:52.087,1.80075,1.80087,1.00,1.00
2014.04.02 15:18:52.139,1.80075,1.8009,1.00,1.39
2014.04.02 15:18:52.240,1.80075,1.80091,1.10,1.00
2014.04.02 15:18:52.291,1.80075,1.80091,1.29,1.00
2014.04.02 15:18:52.392,1.80079,1.80096,1.00,1.00
2014.04.02 15:18:56.667,1.80082,1.80099,1.00,1.00
2014.04.02 15:18:57.083,1.80079,1.80096,1.00,1.00
2014.04.02 15:18:57.559,1.80082,1.80099,1.00,1.00
2014.04.02 15:18:58.996,1.80082,1.80091,1.00,1.10
2014.04.02 15:19:00.759,1.80079,1.80091,1.00,1.10
2014.04.02 15:19:00.860,1.80079,1.80093,1.00,1.10
2014.04.02 15:19:00.962,1.80079,1.80091,1.00,1.10
2014.04.02 15:19:01.485,1.80079,1.8009,1.00,1.10
2014.04.02 15:19:01.964,1.80082,1.8009,1.00,1.10
2014.04.02 15:19:02.519,1.80082,1.80093,1.00,1.10
2014.04.02 15:19:05.685,1.80082,1.80095,1.00,1.10
2014.04.02 15:19:06.140,1.80082,1.80098,1.00,1.10
2014.04.02 15:19:06.241,1.80085,1.80098,1.00,1.10
2014.04.02 15:19:07.398,1.80089,1.80098,1.00,1.10
2014.04.02 15:19:08.653,1.80086,1.80098,1.10,1.10
2014.04.02 15:19:08.704,1.80086,1.80098,1.48,1.10
2014.04.02 15:19:08.805,1.80086,1.80098,1.20,1.10
2014.04.02 15:19:08.906,1.80086,1.80103,1.00,1.58
2014.04.02 15:19:10.644,1.8009,1.80107,1.00,1.00
2014.04.02 15:19:14.025,1.8009,1.80102,1.00,1.10
2014.04.02 15:19:15.736,1.8009,1.80106,1.00,1.10
2014.04.02 15:19:16.230,1.80087,1.80104,1.00,1.00
2014.04.02 15:19:22.165,1.80083,1.801,1.00,1.00
2014.04.02 15:19:29.029,1.8008,1.80097,1.25,1.00
2014.04.02 15:19:34.265,1.80081,1.80097,1.10,1.00
2014.04.02 15:19:34.814,1.80082,1.80097,1.10,1.00
2014.04.02 15:19:42.161,1.80076,1.80093,1.00,1.00
2014.04.02 15:19:42.212,1.80082,1.80093,1.10,1.00
2014.04.02 15:19:42.313,1.8008,1.80097,1.58,1.00
2014.04.02 15:19:42.414,1.8008,1.80094,1.10,1.00
2014.04.02 15:19:42.515,1.8008,1.80096,1.02,1.00
2014.04.02 15:19:42.667,1.80081,1.80098,1.00,1.00
2014.04.02 15:19:43.401,1.80082,1.80098,1.10,1.00
2014.04.02 15:19:43.946,1.80081,1.80098,1.00,1.00
2014.04.02 15:19:44.376,1.80085,1.80101,1.00,1.00
2014.04.02 15:19:44.684,1.80089,1.80101,1.10,1.00
2014.04.02 15:19:44.987,1.80089,1.80104,1.10,1.10
2014.04.02 15:19:50.925,1.80087,1.80104,1.00,1.25
2014.04.02 15:19:51.026,1.80093,1.80104,1.10,1.25
2014.04.02 15:19:51.346,1.80096,1.80104,1.10,1.25
2014.04.02 15:19:51.650,1.80094,1.80104,1.10,1.25
2014.04.02 15:19:52.048,1.80101,1.80111,1.00,1.57
2014.04.02 15:19:52.099,1.80101,1.80108,1.00,1.00
2014.04.02 15:19:52.200,1.80104,1.8012,1.10,2.04
2014.04.02 15:19:52.251,1.80104,1.8012,1.10,1.39
2014.04.02 15:19:52.504,1.80104,1.8012,1.10,1.13
2014.04.02 15:19:52.555,1.80105,1.80116,1.10,1.00
2014.04.02 15:19:52.758,1.80101,1.80113,1.10,1.00
2014.04.02 15:19:52.859,1.80103,1.8011,1.58,1.00
2014.04.02 15:19:52.961,1.80103,1.80114,1.10,1.00
2014.04.02 15:19:53.112,1.80103,1.80119,1.10,1.00
2014.04.02 15:19:53.264,1.80112,1.80119,1.10,1.00
2014.04.02 15:19:53.466,1.8011,1.80119,1.10,1.13
2014.04.02 15:19:53.517,1.8011,1.80116,1.10,1.00
2014.04.02 15:19:53.618,1.8011,1.80118,1.10,1.00
2014.04.02 15:19:53.669,1.80101,1.80118,1.00,1.13
2014.04.02 15:19:54.397,1.80104,1.80114,1.10,1.00
2014.04.02 15:19:54.650,1.80109,1.80122,1.10,1.00
2014.04.02 15:19:54.701,1.80114,1.80122,1.10,1.00
2014.04.02 15:19:55.021,1.80114,1.80122,1.10,1.38
2014.04.02 15:19:55.072,1.80114,1.80122,1.10,1.38
2014.04.02 15:19:55.224,1.80118,1.80125,1.10,1.38
2014.04.02 15:19:55.275,1.80119,1.80125,1.10,1.38
2014.04.02 15:19:55.426,1.8011,1.80127,1.00,1.67
2014.04.02 15:19:55.527,1.80105,1.80122,1.00,1.00
2014.04.02 15:19:55.629,1.80104,1.80119,1.48,1.00
2014.04.02 15:19:55.932,1.80112,1.80122,1.10,1.00
2014.04.02 15:19:56.237,1.80124,1.80138,1.10,1.00
2014.04.02 15:19:56.288,1.80124,1.80132,1.10,1.38
2014.04.02 15:19:56.541,1.80124,1.80139,1.10,1.13
2014.04.02 15:19:56.642,1.80125,1.80142,1.00,1.00
2014.04.02 15:19:57.158,1.80124,1.80144,1.10,1.29
2014.04.02 15:19:58.072,1.80123,1.80144,1.10,1.29
2014.04.02 15:19:58.643,1.80122,1.80144,1.77,1.02
2014.04.02 15:20:05.386,1.80128,1.80144,1.00,1.25
2014.04.02 15:20:05.689,1.8014,1.80151,1.10,1.25
2014.04.02 15:20:08.875,1.80141,1.80151,1.10,1.25
2014.04.02 15:20:13.542,1.80142,1.80151,1.10,1.25
2014.04.02 15:20:13.695,1.80143,1.80155,1.58,1.19
2014.04.02 15:20:13.746,1.80143,1.80155,1.58,1.00
2014.04.02 15:20:14.419,1.80143,1.80159,1.10,1.00
2014.04.02 15:20:14.985,1.80143,1.80163,1.10,1.74
2014.04.02 15:20:15.570,1.80143,1.80159,1.10,1.00
2014.04.02 15:20:16.118,1.80143,1.80162,1.10,1.39
2014.04.02 15:20:18.262,1.80143,1.80162,1.10,1.29
2014.04.02 15:20:20.926,1.80143,1.80162,1.10,1.02
2014.04.02 15:20:20.981,1.80142,1.80162,1.10,1.40
2014.04.02 15:20:21.744,1.80141,1.80162,1.10,1.40
2014.04.02 15:20:22.070,1.80142,1.80157,1.10,1.00
2014.04.02 15:20:22.121,1.8014,1.80157,1.77,1.00
2014.04.02 15:20:22.185,1.80142,1.80157,1.10,1.00
2014.04.02 15:20:22.236,1.80142,1.80161,1.10,1.15
2014.04.02 15:20:23.984,1.80141,1.80159,1.10,1.20
2014.04.02 15:20:24.190,1.80141,1.80159,1.10,1.48
2014.04.02 15:20:24.493,1.80138,1.80153,1.10,1.74
2014.04.02 15:20:24.796,1.80138,1.8015,1.10,1.63
2014.04.02 15:20:25.352,1.80133,1.80148,1.10,1.39
2014.04.02 15:20:25.513,1.80133,1.80148,1.10,1.39
2014.04.02 15:20:27.783,1.80133,1.80148,1.10,1.39
2014.04.02 15:20:35.519,1.80134,1.80148,1.10,1.39
2014.04.02 15:20:36.139,1.80134,1.80148,1.10,1.39
2014.04.02 15:20:36.775,1.80136,1.80148,1.10,1.39
2014.04.02 15:20:36.877,1.80137,1.8015,1.10,1.00
2014.04.02 15:20:37.181,1.80137,1.80153,1.10,1.00
2014.04.02 15:20:37.231,1.80141,1.80153,1.10,1.00
2014.04.02 15:20:37.404,1.80134,1.80153,1.10,1.00
2014.04.02 15:20:37.955,1.80135,1.80153,1.10,1.00
2014.04.02 15:20:42.346,1.80135,1.80156,1.10,1.34
2014.04.02 15:20:49.655,1.8013,1.80151,1.10,1.32
2014.04.02 15:20:49.807,1.8013,1.80147,1.10,1.00
2014.04.02 15:20:49.959,1.80128,1.80147,1.58,1.00
2014.04.02 15:20:50.162,1.80128,1.80147,1.10,1.19
2014.04.02 15:20:50.212,1.80126,1.80147,1.00,1.19
2014.04.02 15:20:50.313,1.80128,1.80147,1.10,1.19
2014.04.02 15:20:51.165,1.80134,1.80148,1.10,1.63
2014.04.02 15:20:51.658,1.8013,1.80148,1.10,1.00
2014.04.02 15:20:51.963,1.80128,1.80148,1.10,1.25
2014.04.02 15:20:52.014,1.80128,1.80148,1.10,1.33
2014.04.02 15:20:53.076,1.8013,1.80148,1.10,1.78
2014.04.02 15:20:53.379,1.80133,1.80148,1.10,1.53
2014.04.02 15:20:54.053,1.80133,1.80148,1.10,1.38
2014.04.02 15:20:55.914,1.80129,1.80148,1.10,1.38
2014.04.02 15:20:57.137,1.80133,1.80148,1.10,1.38
2014.04.02 15:20:57.914,1.80134,1.80148,1.10,1.00
2014.04.02 15:20:59.153,1.80129,1.80148,1.10,1.00
2014.04.02 15:20:59.712,1.80129,1.80148,1.10,1.50
2014.04.02 15:20:59.965,1.80128,1.80145,1.58,1.00
2014.04.02 15:21:02.293,1.80129,1.80145,1.10,1.00
2014.04.02 15:21:04.326,1.80126,1.80143,1.00,1.58
2014.04.02 15:21:04.427,1.80126,1.80139,1.00,1.10
2014.04.02 15:21:04.630,1.80126,1.80141,1.00,1.10
2014.04.02 15:21:05.155,1.80126,1.80142,1.00,1.02
2014.04.02 15:21:07.425,1.80126,1.80143,1.00,1.00
2014.04.02 15:21:14.136,1.80125,1.80143,1.00,1.00
2014.04.02 15:21:14.846,1.80126,1.80143,1.00,1.00
2014.04.02 15:21:22.055,1.80126,1.80143,1.00,1.18
2014.04.02 15:21:23.379,1.80124,1.80141,1.00,1.00
2014.04.02 15:21:23.531,1.80124,1.80141,1.00,2.03
2014.04.02 15:21:23.733,1.80116,1.80133,1.77,1.00
2014.04.02 15:21:23.935,1.80118,1.80135,1.00,1.10
2014.04.02 15:21:24.036,1.80116,1.80133,1.00,1.00
2014.04.02 15:21:30.407,1.80116,1.80131,1.00,1.10
2014.04.02 15:21:35.665,1.80116,1.80132,1.25,1.10
2014.04.02 15:21:35.918,1.80119,1.80136,1.00,1.00
2014.04.02 15:21:36.464,1.80119,1.80136,1.19,1.00
2014.04.02 15:21:36.817,1.80116,1.80133,1.00,1.00
2014.04.02 15:21:37.070,1.80116,1.80133,1.19,1.00
2014.04.02 15:21:37.171,1.80119,1.80136,1.25,1.00
2014.04.02 15:21:38.861,1.80119,1.80136,1.19,1.00
2014.04.02 15:21:41.180,1.80119,1.80136,1.19,1.00
2014.04.02 15:21:45.453,1.80119,1.80136,1.00,1.00
2014.04.02 15:21:49.372,1.80116,1.80133,1.00,1.00
2014.04.02 15:21:56.981,1.80113,1.8013,1.00,1.00
2014.04.02 15:22:05.194,1.80113,1.80128,1.00,1.10
2014.04.02 15:22:11.854,1.80113,1.8013,1.00,1.00
2014.04.02 15:22:13.564,1.80113,1.80128,1.00,1.10
2014.04.02 15:22:13.924,1.80113,1.80124,1.00,1.10
2014.04.02 15:22:14.760,1.80113,1.80125,1.00,1.10
2014.04.02 15:22:15.083,1.80112,1.80128,1.10,1.10
2014.04.02 15:22:15.816,1.80112,1.80126,1.00,1.10
2014.04.02 15:22:15.972,1.80112,1.80128,1.00,1.10
2014.04.02 15:22:16.174,1.80112,1.80123,1.00,1.00
2014.04.02 15:22:16.325,1.80107,1.80123,1.00,1.58
2014.04.02 15:22:16.655,1.80104,1.80121,1.25,1.00
2014.04.02 15:22:17.319,1.80106,1.80123,1.00,1.00
2014.04.02 15:22:18.955,1.80106,1.80119,1.00,2.63
2014.04.02 15:22:19.209,1.80092,1.80103,1.00,1.00
2014.04.02 15:22:19.411,1.80087,1.80103,1.00,1.00
2014.04.02 15:22:19.512,1.80088,1.80105,1.25,1.00
2014.04.02 15:22:20.120,1.80091,1.80107,1.25,1.00
2014.04.02 15:22:20.605,1.80091,1.80108,1.19,2.33
2014.04.02 15:22:22.269,1.80091,1.80108,1.00,1.58
2014.04.02 15:22:23.967,1.80091,1.80107,1.00,1.10
2014.04.02 15:22:25.246,1.80091,1.80108,1.00,1.00
2014.04.02 15:22:26.026,1.80091,1.80105,1.00,1.10
2014.04.02 15:22:26.329,1.80088,1.80102,1.00,1.10
2014.04.02 15:22:26.431,1.80085,1.80102,1.25,1.58
2014.04.02 15:22:26.886,1.80085,1.80099,1.25,1.10
2014.04.02 15:22:30.670,1.80085,1.80097,1.00,1.10
2014.04.02 15:22:30.823,1.80082,1.80097,1.00,1.10
2014.04.02 15:22:31.333,1.80082,1.80098,1.00,1.10
2014.04.02 15:22:31.868,1.8008,1.80097,1.19,1.58
2014.04.02 15:22:33.123,1.80082,1.80098,1.00,1.10
2014.04.02 15:22:35.424,1.80082,1.80096,1.25,1.10
2014.04.02 15:22:35.936,1.80082,1.80099,1.00,1.58
2014.04.02 15:22:36.037,1.80087,1.80099,1.50,1.58
2014.04.02 15:22:36.341,1.80098,1.80112,1.00,1.00
2014.04.02 15:22:36.493,1.80095,1.80112,1.25,1.58
2014.04.02 15:22:36.746,1.80095,1.80109,1.00,1.10
2014.04.02 15:22:36.797,1.80092,1.80109,1.08,1.95
2014.04.02 15:22:36.898,1.80089,1.80106,1.25,1.00
2014.04.02 15:22:40.639,1.80093,1.80106,1.19,1.00
2014.04.02 15:22:40.942,1.80097,1.80111,1.29,1.00
2014.04.02 15:22:41.050,1.80097,1.80114,1.77,1.00
2014.04.02 15:22:44.892,1.80096,1.80112,1.29,1.00
2014.04.02 15:22:46.247,1.80098,1.80112,1.02,1.00
2014.04.02 15:22:46.683,1.80098,1.80112,1.29,1.00
2014.04.02 15:22:48.232,1.80095,1.80112,1.25,1.00
2014.04.02 15:22:48.333,1.80092,1.80109,1.25,1.00
2014.04.02 15:22:48.638,1.80094,1.80111,2.33,1.00
2014.04.02 15:22:49.178,1.80096,1.80111,1.10,1.00
2014.04.02 15:22:49.485,1.80098,1.80111,1.02,1.00
2014.04.02 15:22:49.536,1.80098,1.80114,1.02,1.00
2014.04.02 15:22:53.176,1.80097,1.80114,1.00,1.58
2014.04.02 15:22:55.005,1.80094,1.80111,1.00,1.00
2014.04.02 15:22:55.713,1.80094,1.80111,1.19,1.00
2014.04.02 15:22:57.528,1.80094,1.80111,1.69,1.00
2014.04.02 15:23:00.113,1.80094,1.80111,1.19,1.00
2014.04.02 15:23:00.525,1.80094,1.80111,1.19,1.00
2014.04.02 15:23:04.233,1.80094,1.80111,1.02,1.00
2014.04.02 15:23:04.412,1.80094,1.80109,1.02,1.10
2014.04.02 15:23:04.665,1.8009,1.80107,1.00,1.00
2014.04.02 15:23:09.047,1.80088,1.80105,1.00,1.00
2014.04.02 15:23:13.297,1.8009,1.80105,1.00,1.00
2014.04.02 15:23:15.874,1.80088,1.80105,1.25,1.00
2014.04.02 15:23:18.556,1.80088,1.80105,1.34,1.00
2014.04.02 15:23:18.862,1.80093,1.80105,1.69,1.00
2014.04.02 15:23:18.912,1.80093,1.80109,1.19,1.00
2014.04.02 15:23:18.963,1.80093,1.80109,1.00,1.00
2014.04.02 15:23:19.469,1.80092,1.80109,1.25,1.00
2014.04.02 15:23:20.861,1.80094,1.80109,1.10,1.00
2014.04.02 15:23:23.096,1.80094,1.80111,1.77,1.00
2014.04.02 15:23:23.205,1.80091,1.80108,1.69,1.00
2014.04.02 15:23:23.747,1.80091,1.80108,1.69,1.00
2014.04.02 15:23:25.495,1.80093,1.8011,1.25,1.00
2014.04.02 15:23:35.841,1.80091,1.80108,1.00,1.00
2014.04.02 15:23:49.035,1.80089,1.80103,1.02,1.00
2014.04.02 15:23:49.364,1.80089,1.80106,1.77,1.00
2014.04.02 15:23:53.782,1.80086,1.80103,1.77,1.00
2014.04.02 15:23:56.246,1.80086,1.80103,1.19,1.00
2014.04.02 15:23:56.763,1.80086,1.80103,1.00,1.00
2014.04.02 15:23:58.415,1.80086,1.80103,1.19,1.00
2014.04.02 15:23:58.620,1.80082,1.80099,1.19,1.00
2014.04.02 15:23:58.721,1.80074,1.80091,1.00,1.00
2014.04.02 15:23:58.923,1.80072,1.80089,1.00,1.00
2014.04.02 15:24:04.635,1.80074,1.80091,1.00,1.00
2014.04.02 15:24:09.583,1.80072,1.80089,1.19,1.00
2014.04.02 15:24:12.376,1.80072,1.80088,1.25,1.10
2014.04.02 15:24:13.177,1.80072,1.80089,1.25,1.58
2014.04.02 15:24:13.728,1.80072,1.80087,1.00,1.10
2014.04.02 15:24:14.223,1.80069,1.80086,1.29,1.00
2014.04.02 15:24:14.375,1.80069,1.80081,1.00,1.10
2014.04.02 15:24:14.577,1.80066,1.8008,1.29,1.10
2014.04.02 15:24:14.730,1.80064,1.80079,1.25,1.10
2014.04.02 15:24:15.976,1.80064,1.80076,1.25,1.10
2014.04.02 15:24:16.135,1.80061,1.80076,1.00,1.10
2014.04.02 15:24:16.237,1.80059,1.80074,1.00,1.10
2014.04.02 15:24:16.439,1.80059,1.80076,1.00,1.00
2014.04.02 15:24:16.766,1.80068,1.80078,1.00,1.02
2014.04.02 15:24:16.821,1.80069,1.80077,1.00,1.10
2014.04.02 15:24:17.077,1.80067,1.80077,1.00,1.10
2014.04.02 15:24:17.128,1.80065,1.80077,1.25,1.10
2014.04.02 15:24:17.336,1.80065,1.80079,2.44,1.00
2014.04.02 15:24:17.438,1.8007,1.80078,2.25,1.10
2014.04.02 15:24:17.539,1.80062,1.80078,1.00,1.10
2014.04.02 15:24:17.640,1.8006,1.80076,1.25,1.00
2014.04.02 15:24:17.741,1.80071,1.80078,3.25,1.10
2014.04.02 15:24:18.246,1.80072,1.80079,1.00,1.10
2014.04.02 15:24:18.398,1.80076,1.80081,2.25,1.10
2014.04.02 15:24:18.551,1.80068,1.80081,1.00,1.10
2014.04.02 15:24:18.652,1.8007,1.80081,2.25,1.10
2014.04.02 15:24:20.812,1.80077,1.80087,2.25,1.10
2014.04.02 15:24:21.200,1.80077,1.80082,2.25,1.10
2014.04.02 15:24:21.590,1.80075,1.80082,2.25,1.10
2014.04.02 15:24:21.653,1.80069,1.80084,1.00,1.10
2014.04.02 15:24:22.312,1.80071,1.80084,2.25,1.10
2014.04.02 15:24:22.616,1.80069,1.80084,1.50,1.10
2014.04.02 15:24:23.148,1.80069,1.80083,1.50,1.10
2014.04.02 15:24:23.609,1.80069,1.8008,1.50,1.10
2014.04.02 15:24:23.861,1.80067,1.80082,1.00,1.10
2014.04.02 15:24:24.164,1.80067,1.80084,1.50,1.00
2014.04.02 15:24:24.266,1.80069,1.80084,1.02,1.00
2014.04.02 15:24:24.569,1.80076,1.80088,1.00,1.00
2014.04.02 15:24:24.870,1.80072,1.80087,1.00,1.50
2014.04.02 15:24:24.927,1.8007,1.80087,1.00,1.50
2014.04.02 15:24:25.079,1.8007,1.80087,1.00,1.65
2014.04.02 15:24:25.130,1.80067,1.80084,1.00,1.00
2014.04.02 15:24:25.952,1.80067,1.80082,1.00,1.00
2014.04.02 15:24:26.003,1.80064,1.80081,1.00,1.00
2014.04.02 15:24:26.104,1.80061,1.80078,1.00,1.00
2014.04.02 15:24:26.408,1.80058,1.80075,1.00,1.00
2014.04.02 15:24:26.711,1.80056,1.80073,1.00,1.00
2014.04.02 15:24:27.271,1.80053,1.8007,1.19,1.58
2014.04.02 15:24:27.809,1.80053,1.8007,1.00,1.58
2014.04.02 15:24:27.860,1.80048,1.8007,1.19,1.10
2014.04.02 15:24:28.073,1.80048,1.80066,1.19,1.10
2014.04.02 15:24:28.376,1.80048,1.80063,1.19,1.10
2014.04.02 15:24:28.953,1.80044,1.80065,1.19,1.20
2014.04.02 15:24:29.470,1.80045,1.80066,1.19,1.10
2014.04.02 15:24:29.692,1.80051,1.80067,1.00,1.00
2014.04.02 15:24:29.844,1.80051,1.80074,1.69,1.38
2014.04.02 15:24:29.945,1.80051,1.80074,1.84,1.58
2014.04.02 15:24:31.056,1.80053,1.80075,1.00,1.02
2014.04.02 15:24:31.755,1.80053,1.80076,1.00,1.84
2014.04.02 15:24:33.081,1.80053,1.80076,1.73,1.25
2014.04.02 15:24:33.385,1.8006,1.80083,1.00,1.77
2014.04.02 15:24:33.725,1.80066,1.80083,1.00,1.10
2014.04.02 15:24:33.826,1.80063,1.80083,1.00,1.10
2014.04.02 15:24:34.644,1.80081,1.8009,1.00,1.27
2014.04.02 15:24:34.703,1.80083,1.80095,1.00,1.19
2014.04.02 15:24:34.755,1.80075,1.80095,1.27,1.00
2014.04.02 15:24:34.806,1.80075,1.80097,1.84,1.10
2014.04.02 15:24:34.908,1.8008,1.80097,1.00,1.10
2014.04.02 15:24:35.009,1.80075,1.80097,1.00,1.73
2014.04.02 15:24:35.110,1.8008,1.80097,1.00,1.18
2014.04.02 15:24:35.211,1.80075,1.80097,1.10,1.28
2014.04.02 15:24:35.414,1.80074,1.80089,1.00,1.10
2014.04.02 15:24:35.818,1.80071,1.80089,1.19,1.10
2014.04.02 15:24:35.924,1.80069,1.80084,1.19,1.10
2014.04.02 15:24:36.227,1.80072,1.8008,1.25,1.10
2014.04.02 15:24:36.871,1.80072,1.80081,1.00,1.10
2014.04.02 15:24:37.478,1.80072,1.8008,1.00,1.10
2014.04.02 15:24:38.925,1.80072,1.80089,1.00,1.00
2014.04.02 15:24:39.077,1.80072,1.80087,1.19,1.00
2014.04.02 15:24:39.381,1.80067,1.80072,1.00,1.10
2014.04.02 15:24:39.432,1.80065,1.80071,1.00,1.10
2014.04.02 15:24:39.634,1.80062,1.80071,1.00,1.10
2014.04.02 15:24:39.735,1.80062,1.80075,1.00,1.10
2014.04.02 15:24:40.838,1.80049,1.80058,1.00,1.10
2014.04.02 15:24:41.245,1.80047,1.80059,1.00,1.10
2014.04.02 15:24:41.347,1.80044,1.80059,1.00,1.10
2014.04.02 15:24:41.398,1.80044,1.80054,1.00,1.10
2014.04.02 15:24:41.549,1.80041,1.80054,1.00,1.10
2014.04.02 15:24:41.701,1.80041,1.8005,1.00,1.10
2014.04.02 15:24:42.222,1.80041,1.80049,1.00,1.10
2014.04.02 15:24:42.364,1.80041,1.80053,1.00,1.10
2014.04.02 15:24:42.465,1.80041,1.80049,1.00,1.10
2014.04.02 15:24:42.970,1.80041,1.8005,1.00,1.10
2014.04.02 15:24:43.916,1.80041,1.80049,1.00,1.10
2014.04.02 15:24:44.449,1.80041,1.80048,1.00,1.10
2014.04.02 15:24:44.551,1.80038,1.80047,1.08,1.10
2014.04.02 15:24:44.831,1.80038,1.80049,1.00,1.10
2014.04.02 15:24:45.489,1.80038,1.80048,1.00,1.10
2014.04.02 15:24:46.664,1.80038,1.80049,1.00,1.10
2014.04.02 15:24:46.916,1.80038,1.80054,1.00,1.10
2014.04.02 15:24:47.556,1.8004,1.80054,1.08,1.10
2014.04.02 15:24:47.614,1.8004,1.80054,1.00,1.10
2014.04.02 15:24:48.243,1.80042,1.80056,1.00,1.10
2014.04.02 15:24:49.567,1.80042,1.80064,1.00,1.29
2014.04.02 15:24:49.932,1.80042,1.80064,1.20,1.29
2014.04.02 15:24:50.197,1.80045,1.80068,1.18,2.89
2014.04.02 15:24:51.417,1.80045,1.80064,1.00,1.48
2014.04.02 15:24:51.469,1.80042,1.80064,1.25,1.95
2014.04.02 15:24:51.621,1.80046,1.80064,1.10,1.19
2014.04.02 15:24:51.722,1.80046,1.80064,1.10,1.00
2014.04.02 15:24:51.823,1.80046,1.80066,1.10,1.00
2014.04.02 15:24:52.487,1.80047,1.80069,1.10,1.72
2014.04.02 15:24:53.831,1.80047,1.80067,1.10,1.29
2014.04.02 15:24:54.288,1.80055,1.80069,1.00,1.19
2014.04.02 15:24:54.389,1.80051,1.80069,1.10,1.19
2014.04.02 15:24:54.440,1.80052,1.8007,1.20,1.19
2014.04.02 15:24:54.491,1.80054,1.80071,1.15,1.25
2014.04.02 15:24:54.794,1.80056,1.80071,1.17,1.00
2014.04.02 15:24:54.895,1.80061,1.8008,1.00,1.10
2014.04.02 15:24:55.164,1.80058,1.8008,1.18,1.00
2014.04.02 15:24:55.316,1.80058,1.8008,1.00,1.27
2014.04.02 15:24:55.417,1.80054,1.80076,1.00,1.00
2014.04.02 15:24:55.468,1.80054,1.80076,1.00,1.38
2014.04.02 15:24:55.519,1.80051,1.80073,1.18,1.38
2014.04.02 15:24:55.841,1.80051,1.80068,1.00,1.00
2014.04.02 15:24:56.622,1.80049,1.80065,1.10,1.00
2014.04.02 15:24:57.137,1.8005,1.80065,1.10,1.00
2014.04.02 15:24:57.381,1.80048,1.80065,1.58,1.00
2014.04.02 15:24:58.732,1.80048,1.80063,1.10,1.00
2014.04.02 15:25:00.815,1.80047,1.80063,1.10,1.00
2014.04.02 15:25:01.171,1.80051,1.80063,1.10,1.00
2014.04.02 15:25:01.331,1.80051,1.80066,1.10,1.00
2014.04.02 15:25:01.381,1.80053,1.80066,1.10,1.00
2014.04.02 15:25:01.584,1.80058,1.80072,1.10,1.00
2014.04.02 15:25:01.685,1.80062,1.80072,1.10,1.00
2014.04.02 15:25:02.360,1.80061,1.80072,1.10,1.00
2014.04.02 15:25:02.488,1.80059,1.80072,1.10,1.00
2014.04.02 15:25:04.355,1.80058,1.80072,1.10,1.00
2014.04.02 15:25:04.885,1.8006,1.80072,1.10,1.00
2014.04.02 15:25:04.986,1.80058,1.80072,1.10,1.00
2014.04.02 15:25:05.240,1.80055,1.80072,1.77,1.00
2014.04.02 15:25:05.443,1.80059,1.80076,1.00,1.58
2014.04.02 15:25:05.847,1.80061,1.80076,1.00,1.00
2014.04.02 15:25:06.385,1.80061,1.80077,1.00,1.13
2014.04.02 15:25:07.342,1.80061,1.80077,1.00,1.19
2014.04.02 15:25:08.887,1.80061,1.80077,1.00,1.19
2014.04.02 15:25:09.394,1.80058,1.80075,1.58,1.19
2014.04.02 15:25:09.496,1.80061,1.80077,1.00,1.00
2014.04.02 15:25:09.799,1.80066,1.80083,1.18,1.00
2014.04.02 15:25:10.103,1.80069,1.80081,1.00,1.19
2014.04.02 15:25:10.154,1.80065,1.80081,1.00,1.19
2014.04.02 15:25:10.255,1.80062,1.80079,1.58,1.25
2014.04.02 15:25:10.508,1.80062,1.80079,1.00,1.19
2014.04.02 15:25:11.230,1.80063,1.80079,1.10,1.19
2014.04.02 15:25:12.498,1.80063,1.80079,1.10,1.19
2014.04.02 15:25:13.044,1.80062,1.80079,1.00,1.19
2014.04.02 15:25:13.807,1.80062,1.80077,1.00,1.00
2014.04.02 15:25:14.110,1.80056,1.8007,1.00,2.44
2014.04.02 15:25:14.413,1.80064,1.8008,1.00,1.32
2014.04.02 15:25:14.464,1.80066,1.80081,1.00,1.77
2014.04.02 15:25:14.565,1.8006,1.80077,1.38,1.32
2014.04.02 15:25:14.616,1.8006,1.80077,1.00,1.32
2014.04.02 15:25:14.667,1.8006,1.80077,1.00,1.32
2014.04.02 15:25:14.718,1.8006,1.80077,1.58,1.29
2014.04.02 15:25:14.769,1.80062,1.80079,1.00,1.34
2014.04.02 15:25:15.580,1.80062,1.80077,1.00,1.47
2014.04.02 15:25:15.925,1.8006,1.80076,1.00,1.19
2014.04.02 15:25:16.551,1.8006,1.80067,1.00,1.00
2014.04.02 15:25:16.694,1.8006,1.80072,1.00,1.19
2014.04.02 15:25:17.199,1.8006,1.80074,1.00,1.29
2014.04.02 15:25:17.759,1.80056,1.80073,1.00,2.14
2014.04.02 15:25:17.810,1.80056,1.80072,1.00,1.67
2014.04.02 15:25:18.157,1.80056,1.80071,1.00,1.57
2014.04.02 15:25:18.311,1.80053,1.8007,1.00,1.32
2014.04.02 15:25:19.228,1.80053,1.8007,1.00,1.32
2014.04.02 15:25:20.271,1.80055,1.80072,1.00,2.22
2014.04.02 15:25:25.486,1.80055,1.80072,1.00,1.29
2014.04.02 15:25:26.145,1.80056,1.80072,1.10,1.19
2014.04.02 15:25:26.729,1.80055,1.80072,1.00,1.19
2014.04.02 15:25:27.373,1.80056,1.80072,1.10,1.19
2014.04.02 15:25:27.856,1.80058,1.80075,1.00,1.19
2014.04.02 15:25:27.907,1.80058,1.80075,1.00,1.19
2014.04.02 15:25:28.009,1.80059,1.80075,1.18,1.00
2014.04.02 15:25:28.060,1.80062,1.80079,1.18,1.13
2014.04.02 15:25:28.211,1.80065,1.80082,1.00,1.00
2014.04.02 15:25:28.313,1.80067,1.80084,1.00,1.25
2014.04.02 15:25:29.740,1.80067,1.80084,1.00,1.19
2014.04.02 15:25:33.223,1.80067,1.80084,1.00,1.19
2014.04.02 15:25:33.580,1.80067,1.80077,1.00,1.00
2014.04.02 15:25:33.681,1.80064,1.80077,1.00,1.00
2014.04.02 15:25:33.782,1.80062,1.80077,1.00,1.25
2014.04.02 15:25:33.934,1.80062,1.80077,1.00,1.77
2014.04.02 15:25:34.137,1.80058,1.80075,1.00,1.25
2014.04.02 15:25:34.440,1.80061,1.80078,1.00,1.19
2014.04.02 15:25:35.149,1.80065,1.80082,1.00,2.89
2014.04.02 15:25:35.201,1.80065,1.80082,1.00,1.25
2014.04.02 15:25:37.631,1.80062,1.80079,1.00,1.00
2014.04.02 15:25:39.084,1.80066,1.80083,1.00,1.19
2014.04.02 15:25:42.357,1.80063,1.8008,1.00,1.00
2014.04.02 15:25:43.469,1.80063,1.8008,1.00,1.38
2014.04.02 15:25:43.790,1.80063,1.80079,1.00,1.67
2014.04.02 15:25:43.942,1.80059,1.80076,1.13,1.19
2014.04.02 15:25:45.540,1.80059,1.80076,1.00,1.19
2014.04.02 15:25:48.269,1.80059,1.80076,1.00,1.32
2014.04.02 15:25:51.592,1.80059,1.80076,1.00,1.32
2014.04.02 15:25:56.868,1.80051,1.80068,1.38,1.57
2014.04.02 15:25:56.919,1.80051,1.80068,1.00,1.19
2014.04.02 15:25:59.160,1.80051,1.80068,1.00,1.19
2014.04.02 15:26:00.147,1.80051,1.80068,1.00,1.25
2014.04.02 15:26:00.400,1.80054,1.80071,1.00,1.57
2014.04.02 15:26:00.978,1.8005,1.80067,2.78,1.00
2014.04.02 15:26:01.079,1.8005,1.80065,1.58,1.00
2014.04.02 15:26:01.231,1.80048,1.80065,1.00,1.00
2014.04.02 15:26:01.391,1.80047,1.80062,1.00,1.00
2014.04.02 15:26:01.542,1.80045,1.80062,1.00,1.00
2014.04.02 15:26:02.063,1.80046,1.80062,1.10,1.00
2014.04.02 15:26:02.597,1.80045,1.80062,1.58,1.00
2014.04.02 15:26:03.000,1.80051,1.80062,1.10,1.00
2014.04.02 15:26:03.051,1.80051,1.80065,1.10,1.00
2014.04.02 15:26:03.304,1.80052,1.80067,1.10,1.00
2014.04.02 15:26:03.836,1.80053,1.80067,1.10,1.00
2014.04.02 15:26:04.346,1.80054,1.80067,1.10,1.00
2014.04.02 15:26:04.626,1.80056,1.80067,1.10,1.00
2014.04.02 15:26:05.145,1.80055,1.80067,1.10,1.00
2014.04.02 15:26:05.808,1.80056,1.80067,1.10,1.00
2014.04.02 15:26:06.344,1.80055,1.80067,1.10,1.00
2014.04.02 15:26:07.052,1.80056,1.80067,1.10,1.00
2014.04.02 15:26:08.923,1.80052,1.80067,1.10,1.00
2014.04.02 15:26:09.125,1.80055,1.80067,1.10,1.00
2014.04.02 15:26:11.897,1.80055,1.8007,1.10,1.00
2014.04.02 15:26:13.300,1.80057,1.8007,1.10,1.00
2014.04.02 15:26:13.705,1.80062,1.80072,1.10,1.00
2014.04.02 15:26:13.857,1.80063,1.80075,1.10,1.00
2014.04.02 15:26:14.433,1.80062,1.80075,1.10,1.10
2014.04.02 15:26:15.780,1.80063,1.80075,1.10,1.10
2014.04.02 15:26:16.285,1.80062,1.80075,1.10,1.10
2014.04.02 15:26:16.437,1.8006,1.80075,1.10,1.10
2014.04.02 15:26:16.488,1.8006,1.80072,1.10,1.00
2014.04.02 15:26:16.791,1.8006,1.8007,1.10,1.00
2014.04.02 15:26:17.992,1.80058,1.8007,1.10,1.00
2014.04.02 15:26:18.194,1.8006,1.8007,1.10,1.00
2014.04.02 15:26:19.809,1.80058,1.8007,1.10,1.00
2014.04.02 15:26:21.146,1.8006,1.8007,1.10,1.00
2014.04.02 15:26:21.196,1.8006,1.80073,1.10,1.00
2014.04.02 15:26:21.298,1.8006,1.80075,1.10,1.00
2014.04.02 15:26:21.399,1.80063,1.80075,1.10,1.00
2014.04.02 15:26:22.357,1.80059,1.80075,1.10,1.00
2014.04.02 15:26:22.613,1.80059,1.80073,1.10,1.00
2014.04.02 15:26:23.236,1.80058,1.80073,1.10,1.00
2014.04.02 15:26:23.763,1.80059,1.80073,1.10,1.00
2014.04.02 15:26:24.151,1.80062,1.80073,1.10,1.00
2014.04.02 15:26:25.168,1.80062,1.8007,1.10,1.00
2014.04.02 15:26:27.557,1.80064,1.8007,1.10,1.00
2014.04.02 15:26:27.810,1.80064,1.80078,1.10,1.00
2014.04.02 15:26:28.013,1.80065,1.80081,1.10,1.25
2014.04.02 15:26:28.145,1.80068,1.80081,1.10,1.25
2014.04.02 15:26:28.495,1.8007,1.80081,1.10,1.00
2014.04.02 15:26:29.153,1.80071,1.80081,1.10,1.00
2014.04.02 15:26:29.428,1.80068,1.80081,1.10,1.00
2014.04.02 15:26:29.649,1.80065,1.80081,1.10,1.00
2014.04.02 15:26:29.901,1.80071,1.80081,1.10,1.00
2014.04.02 15:26:30.466,1.80071,1.80083,1.10,1.00
2014.04.02 15:26:31.628,1.80072,1.80083,1.10,1.00
2014.04.02 15:26:32.235,1.80072,1.80083,1.10,1.08
2014.04.02 15:26:32.841,1.80072,1.80079,1.10,1.00
2014.04.02 15:26:32.891,1.80066,1.80079,1.10,1.00
2014.04.02 15:26:33.399,1.80073,1.80079,1.10,1.00
2014.04.02 15:26:33.651,1.80072,1.80079,1.10,1.00
2014.04.02 15:26:34.200,1.80073,1.80079,1.10,1.00
2014.04.02 15:26:36.383,1.80073,1.80079,1.10,1.00
2014.04.02 15:26:37.172,1.80072,1.80079,1.10,1.00
2014.04.02 15:26:39.304,1.80073,1.80079,1.10,1.00
2014.04.02 15:26:40.440,1.80076,1.80081,1.10,1.00
2014.04.02 15:26:41.209,1.80072,1.80081,1.10,1.00
2014.04.02 15:26:41.462,1.80076,1.80087,1.10,1.72
2014.04.02 15:26:41.664,1.80078,1.80084,1.10,1.00
2014.04.02 15:26:41.924,1.80072,1.80084,1.10,1.00
2014.04.02 15:26:46.512,1.80072,1.80084,1.10,1.18
2014.04.02 15:26:46.714,1.80072,1.8008,1.10,1.00
2014.04.02 15:26:46.765,1.80069,1.8008,1.10,1.00
2014.04.02 15:26:46.967,1.80072,1.80083,1.10,1.00
2014.04.02 15:26:47.412,1.80076,1.80083,1.10,1.00
2014.04.02 15:26:47.513,1.80076,1.80086,1.10,1.00
2014.04.02 15:26:47.615,1.80076,1.80084,1.10,1.00
2014.04.02 15:26:47.716,1.80077,1.80087,1.10,1.00
2014.04.02 15:26:49.627,1.80072,1.80087,1.10,1.00
2014.04.02 15:26:53.043,1.80066,1.80079,1.10,1.00
2014.04.02 15:26:53.147,1.80062,1.80079,1.00,1.58
2014.04.02 15:26:53.349,1.80061,1.80072,1.10,1.00
2014.04.02 15:26:53.451,1.80056,1.80072,1.10,1.00
2014.04.02 15:26:53.552,1.80056,1.80069,1.10,1.00
2014.04.02 15:26:54.266,1.80054,1.80069,1.10,1.00
2014.04.02 15:26:54.418,1.80054,1.80067,1.10,1.00
2014.04.02 15:26:54.879,1.80058,1.80067,1.10,1.00
2014.04.02 15:26:55.082,1.80057,1.8007,1.10,1.00
2014.04.02 15:26:55.649,1.80056,1.8007,1.10,1.00
2014.04.02 15:26:56.233,1.80055,1.8007,1.10,1.00
2014.04.02 15:26:56.771,1.80054,1.8007,1.10,1.00
2014.04.02 15:26:57.288,1.80053,1.8007,1.00,1.00
2014.04.02 15:27:03.464,1.80056,1.80073,1.00,1.58
2014.04.02 15:27:03.999,1.80058,1.80073,1.00,1.00
2014.04.02 15:27:04.547,1.80058,1.80074,1.00,1.00
2014.04.02 15:27:08.894,1.80059,1.80074,1.10,1.25
2014.04.02 15:27:09.437,1.80061,1.80075,1.10,1.19
2014.04.02 15:27:09.960,1.80061,1.80075,1.10,1.25
2014.04.02 15:27:11.563,1.80061,1.80078,1.58,1.19
2014.04.02 15:27:12.381,1.80061,1.80075,1.10,1.00
2014.04.02 15:27:13.414,1.80062,1.80075,1.10,1.00
2014.04.02 15:27:14.203,1.80061,1.80075,1.10,1.00
2014.04.02 15:27:15.771,1.80061,1.80073,1.10,1.00
2014.04.02 15:27:15.878,1.80061,1.80076,1.10,1.00
2014.04.02 15:27:17.157,1.8006,1.80076,1.00,1.00
2014.04.02 15:27:19.159,1.80059,1.80076,1.77,1.00
2014.04.02 15:27:22.605,1.80059,1.80073,1.10,1.00
2014.04.02 15:27:24.260,1.80058,1.80073,1.10,1.00
2014.04.02 15:27:24.584,1.80061,1.80073,1.10,1.00
2014.04.02 15:27:24.685,1.80058,1.80073,1.10,1.00
2014.04.02 15:27:25.201,1.80057,1.80073,1.10,1.00
2014.04.02 15:27:29.776,1.80058,1.80073,1.10,1.00
2014.04.02 15:27:30.680,1.80058,1.80068,1.10,1.00
2014.04.02 15:27:30.731,1.80051,1.80068,1.58,1.00
2014.04.02 15:27:32.747,1.80051,1.80068,1.00,1.47
2014.04.02 15:27:33.050,1.80048,1.80061,1.00,1.38
2014.04.02 15:27:33.367,1.80053,1.80064,1.00,1.00
2014.04.02 15:27:33.570,1.80049,1.80064,1.10,1.00
2014.04.02 15:27:33.721,1.80052,1.80064,1.10,1.00
2014.04.02 15:27:33.873,1.80052,1.80068,1.10,1.00
2014.04.02 15:27:34.076,1.80049,1.80066,1.00,1.00
2014.04.02 15:27:34.177,1.80048,1.80064,1.10,1.00
2014.04.02 15:27:38.088,1.80047,1.80064,1.00,1.00
2014.04.02 15:27:38.479,1.8005,1.80067,1.00,1.64
2014.04.02 15:27:38.580,1.80045,1.80062,1.00,1.00
2014.04.02 15:27:39.035,1.80048,1.80065,1.00,1.33
2014.04.02 15:27:39.238,1.80046,1.80063,1.58,1.02
2014.04.02 15:27:39.591,1.8005,1.80067,1.00,1.28
2014.04.02 15:27:41.122,1.80048,1.80065,1.00,1.25
2014.04.02 15:27:41.173,1.80048,1.80065,1.00,1.19
2014.04.02 15:27:41.324,1.80042,1.80058,1.10,1.00
2014.04.02 15:27:41.678,1.80046,1.80059,1.10,1.00
2014.04.02 15:27:41.982,1.8005,1.80067,1.00,1.00
2014.04.02 15:27:42.776,1.80051,1.80068,1.00,1.00
2014.04.02 15:27:45.030,1.80051,1.80068,1.00,1.58
2014.04.02 15:27:45.080,1.80047,1.80064,1.00,1.13
2014.04.02 15:27:45.181,1.80044,1.80061,1.33,1.00
2014.04.02 15:27:45.484,1.80044,1.80059,1.00,1.25
2014.04.02 15:27:46.119,1.80044,1.80059,1.00,1.32
2014.04.02 15:27:47.555,1.80044,1.80055,1.00,1.00
2014.04.02 15:27:48.232,1.80044,1.80057,1.00,1.00
2014.04.02 15:27:50.153,1.80044,1.80058,1.00,1.00
2014.04.02 15:27:50.393,1.80044,1.80052,1.00,1.10
2014.04.02 15:27:51.197,1.80041,1.80052,1.00,1.10
2014.04.02 15:27:53.177,1.80041,1.80054,1.00,1.10
2014.04.02 15:27:53.514,1.80041,1.80052,1.00,1.10
2014.04.02 15:27:53.912,1.80041,1.8005,1.00,1.10
2014.04.02 15:27:55.149,1.80041,1.80051,1.00,1.10
2014.04.02 15:27:55.866,1.80041,1.80052,1.00,1.10
2014.04.02 15:27:56.454,1.80041,1.80051,1.00,1.10
2014.04.02 15:27:57.519,1.80038,1.80051,1.00,1.10
2014.04.02 15:27:57.670,1.80038,1.80047,1.00,1.10
2014.04.02 15:27:57.974,1.80035,1.80041,1.00,1.10
2014.04.02 15:27:58.025,1.80035,1.80043,1.00,1.10
2014.04.02 15:27:58.076,1.80033,1.80043,1.25,1.10
2014.04.02 15:27:58.850,1.80035,1.80043,1.00,1.10
2014.04.02 15:27:58.912,1.80035,1.80045,1.00,1.10
2014.04.02 15:27:59.157,1.80035,1.80043,1.00,1.10
2014.04.02 15:27:59.259,1.80033,1.80043,1.00,1.10
2014.04.02 15:27:59.411,1.8003,1.80042,1.00,1.10
2014.04.02 15:27:59.931,1.8003,1.80043,1.00,1.10
2014.04.02 15:28:00.338,1.8003,1.80045,1.00,1.10
2014.04.02 15:28:00.449,1.8003,1.80047,1.00,1.77
2014.04.02 15:28:00.551,1.8003,1.80047,1.38,1.77
2014.04.02 15:28:01.161,1.8003,1.80046,1.38,1.10
2014.04.02 15:28:01.465,1.8003,1.80044,1.38,1.10
2014.04.02 15:28:01.670,1.8003,1.80046,1.38,1.10
2014.04.02 15:28:01.773,1.8003,1.80046,1.38,1.10
2014.04.02 15:28:01.874,1.8003,1.80046,1.38,1.10
2014.04.02 15:28:02.097,1.8003,1.80044,1.38,1.10
2014.04.02 15:28:06.214,1.8003,1.8004,1.38,1.10
2014.04.02 15:28:06.980,1.80026,1.8004,1.38,1.10
2014.04.02 15:28:07.942,1.8003,1.8004,1.00,1.10
2014.04.02 15:28:08.207,1.80025,1.8004,1.63,1.10
2014.04.02 15:28:08.758,1.80025,1.80041,1.63,1.10
2014.04.02 15:28:09.530,1.80025,1.8004,1.38,1.10
2014.04.02 15:28:09.707,1.80025,1.80038,1.38,1.10
2014.04.02 15:28:10.456,1.80025,1.8004,1.38,1.10
2014.04.02 15:28:10.802,1.80029,1.8004,1.00,1.10
2014.04.02 15:28:10.960,1.80026,1.8004,1.00,1.10
2014.04.02 15:28:11.061,1.80026,1.80038,1.00,1.10
2014.04.02 15:28:11.419,1.80026,1.80043,1.25,1.00
2014.04.02 15:28:11.470,1.80028,1.80045,1.00,1.58
2014.04.02 15:28:11.800,1.80034,1.80045,1.00,1.10
2014.04.02 15:28:15.877,1.80034,1.80044,1.00,1.10
2014.04.02 15:28:16.559,1.80041,1.80052,1.00,1.29
2014.04.02 15:28:16.761,1.80044,1.80055,1.00,1.02
2014.04.02 15:28:16.912,1.80044,1.80053,1.00,1.10
2014.04.02 15:28:17.217,1.80044,1.80051,1.00,1.10
2014.04.02 15:28:17.325,1.80044,1.80055,1.00,1.10
2014.04.02 15:28:17.545,1.80044,1.80058,1.00,1.29
2014.04.02 15:28:19.293,1.80041,1.80058,1.00,1.19
2014.04.02 15:28:19.798,1.80041,1.80058,1.50,1.58
2014.04.02 15:28:20.152,1.80043,1.8006,1.00,1.92
2014.04.02 15:28:20.686,1.80043,1.8006,1.00,1.58
2014.04.02 15:28:23.687,1.80043,1.80058,1.50,1.10
2014.04.02 15:28:23.990,1.8004,1.80057,1.00,1.34
2014.04.02 15:28:24.091,1.8004,1.80057,1.00,1.00
2014.04.02 15:28:24.142,1.80042,1.80054,1.00,1.10
2014.04.02 15:28:24.243,1.8004,1.80054,1.20,1.10
2014.04.02 15:28:24.345,1.80048,1.80054,1.00,1.10
2014.04.02 15:28:24.396,1.80048,1.80059,1.00,1.10
2014.04.02 15:28:26.008,1.80045,1.80059,1.00,1.10
2014.04.02 15:28:29.707,1.80045,1.80062,1.50,1.34
2014.04.02 15:28:30.213,1.80046,1.80062,1.00,1.34
2014.04.02 15:28:30.744,1.80046,1.80062,1.00,1.00
2014.04.02 15:28:30.845,1.8005,1.80064,1.00,1.00
2014.04.02 15:28:33.059,1.80048,1.80064,1.08,1.09
2014.04.02 15:28:33.660,1.80048,1.80064,1.00,1.09
2014.04.02 15:28:34.667,1.80048,1.80063,1.00,1.10
2014.04.02 15:28:39.333,1.80051,1.80063,1.00,1.10
2014.04.02 15:28:41.778,1.80051,1.80062,1.00,1.00
2014.04.02 15:28:42.334,1.80051,1.80063,1.00,1.10
2014.04.02 15:28:42.525,1.80048,1.80063,1.00,1.10
2014.04.02 15:28:43.148,1.80048,1.80064,1.00,1.00
2014.04.02 15:28:43.627,1.8005,1.80065,1.00,1.00
2014.04.02 15:28:43.729,1.80051,1.80068,1.10,1.00
2014.04.02 15:28:43.912,1.80054,1.80071,1.00,1.19
2014.04.02 15:28:44.804,1.80053,1.80068,1.00,1.00
2014.04.02 15:28:44.854,1.80051,1.80068,1.58,1.25
2014.04.02 15:28:44.905,1.80051,1.80065,1.50,1.10
2014.04.02 15:28:47.723,1.80051,1.80062,1.00,1.10
2014.04.02 15:28:47.781,1.80047,1.80062,1.00,1.10
2014.04.02 15:28:49.875,1.80047,1.80063,1.00,1.00
2014.04.02 15:28:50.826,1.80053,1.80063,1.00,1.00
2014.04.02 15:28:51.079,1.80063,1.8008,1.00,4.58
2014.04.02 15:28:51.583,1.80063,1.8008,1.00,1.77
2014.04.02 15:28:51.845,1.80063,1.8008,1.00,1.00
2014.04.02 15:28:55.038,1.80066,1.80082,1.00,1.02
2014.04.02 15:28:55.785,1.80066,1.80081,1.00,1.10
2014.04.02 15:28:55.854,1.80066,1.80083,1.00,1.00
2014.04.02 15:28:57.483,1.80066,1.80082,1.00,1.10
2014.04.02 15:28:59.572,1.80066,1.80083,1.00,1.00
2014.04.02 15:29:00.377,1.80066,1.80083,1.00,1.19
2014.04.02 15:29:02.687,1.80063,1.8008,1.00,1.29
2014.04.02 15:29:03.196,1.80063,1.8008,1.00,1.29
2014.04.02 15:29:04.135,1.80063,1.80075,1.00,1.02
2014.04.02 15:29:06.017,1.80063,1.80077,1.00,1.19
2014.04.02 15:29:11.862,1.80063,1.80079,1.00,1.29
2014.04.02 15:29:13.885,1.80063,1.80079,1.00,1.02
2014.04.02 15:29:14.989,1.80063,1.8008,1.00,1.19
2014.04.02 15:29:15.270,1.8006,1.80077,1.00,1.69
2014.04.02 15:29:17.004,1.8006,1.80076,1.00,1.00
2014.04.02 15:29:18.137,1.8006,1.80075,1.00,1.00
2014.04.02 15:29:19.356,1.8006,1.80076,1.00,1.13
2014.04.02 15:29:20.654,1.8006,1.80077,1.00,1.00
2014.04.02 15:29:21.759,1.8006,1.80075,1.00,1.00
2014.04.02 15:29:22.075,1.8006,1.80077,1.00,1.00
2014.04.02 15:29:23.128,1.8006,1.80076,1.00,1.73
2014.04.02 15:29:23.184,1.80055,1.80067,1.10,1.00
2014.04.02 15:29:23.236,1.8005,1.80067,1.10,1.00
2014.04.02 15:29:23.760,1.8005,1.80067,1.00,1.38
2014.04.02 15:29:24.285,1.8005,1.80067,1.00,1.00
2014.04.02 15:29:24.437,1.8005,1.80067,1.00,1.15
2014.04.02 15:29:24.538,1.80048,1.80065,1.00,1.10
2014.04.02 15:29:24.641,1.80045,1.80062,1.00,1.00
2014.04.02 15:29:25.096,1.80048,1.80065,1.48,1.00
2014.04.02 15:29:25.197,1.80053,1.8007,1.00,1.00
2014.04.02 15:29:28.135,1.80057,1.8007,1.10,1.00
2014.04.02 15:29:28.745,1.80059,1.8007,1.10,1.00
2014.04.02 15:29:29.683,1.80059,1.80073,1.10,1.00
2014.04.02 15:29:29.972,1.80057,1.80073,1.10,1.00
2014.04.02 15:29:30.867,1.80058,1.80073,1.00,1.00
2014.04.02 15:29:30.917,1.80065,1.80075,1.10,1.00
2014.04.02 15:29:31.120,1.80064,1.80078,1.10,1.00
2014.04.02 15:29:31.221,1.80064,1.80081,1.58,1.00
2014.04.02 15:29:32.670,1.80068,1.80081,1.10,1.25
2014.04.02 15:29:32.872,1.80068,1.80083,1.10,1.25
2014.04.02 15:29:32.923,1.8007,1.80083,1.10,1.25
2014.04.02 15:29:33.094,1.80066,1.80083,1.58,1.00
2014.04.02 15:29:34.769,1.80065,1.80081,1.10,1.25
2014.04.02 15:29:35.296,1.80064,1.80081,1.58,1.32
2014.04.02 15:29:35.887,1.80072,1.80081,1.10,1.32
2014.04.02 15:29:36.478,1.80074,1.80091,1.00,2.44
2014.04.02 15:29:36.538,1.80074,1.80091,1.00,2.07
2014.04.02 15:29:37.261,1.80074,1.80091,1.00,1.57
2014.04.02 15:29:37.513,1.80071,1.80088,1.00,2.15
2014.04.02 15:29:37.614,1.80066,1.80083,1.77,1.00
2014.04.02 15:29:38.229,1.80072,1.80083,1.10,1.00
2014.04.02 15:29:38.279,1.80072,1.80085,1.10,1.00
2014.04.02 15:29:38.431,1.80068,1.80085,1.58,1.00
2014.04.02 15:29:38.482,1.80068,1.80085,1.58,1.38
2014.04.02 15:29:38.808,1.80072,1.80081,1.10,1.00
2014.04.02 15:29:38.859,1.80066,1.80081,1.10,1.00
2014.04.02 15:29:39.188,1.80064,1.80081,1.58,1.00
2014.04.02 15:29:47.437,1.80064,1.80081,1.00,1.19
2014.04.02 15:29:47.740,1.80066,1.80081,1.10,1.00
2014.04.02 15:29:48.044,1.8007,1.80086,1.10,1.19
2014.04.02 15:29:48.372,1.80074,1.80086,1.10,1.00
2014.04.02 15:29:48.698,1.8007,1.80086,1.10,1.00
2014.04.02 15:29:48.900,1.80069,1.80086,1.10,1.38
2014.04.02 15:29:49.318,1.80067,1.80084,1.00,1.32
2014.04.02 15:29:50.885,1.80068,1.80084,1.10,1.13
2014.04.02 15:29:51.606,1.8007,1.80086,1.10,1.13
2014.04.02 15:29:52.431,1.80069,1.80086,1.00,1.00
2014.04.02 15:29:52.750,1.80067,1.80084,1.00,1.00
2014.04.02 15:29:53.364,1.80064,1.80081,1.00,1.00
2014.04.02 15:29:53.667,1.8007,1.80085,1.02,1.00
2014.04.02 15:29:53.718,1.80072,1.80089,1.00,1.00
2014.04.02 15:29:53.921,1.8007,1.80086,1.10,1.00
2014.04.02 15:29:58.515,1.80073,1.80088,1.00,1.10
2014.04.02 15:29:59.285,1.8007,1.80087,1.00,1.00
2014.04.02 15:29:59.437,1.80066,1.80083,1.57,1.00
2014.04.02 15:30:00.123,1.80066,1.80083,1.19,1.08
2014.04.02 15:30:00.427,1.80063,1.80079,1.00,1.28
2014.04.02 15:30:00.528,1.80063,1.80079,1.00,1.28
2014.04.02 15:30:00.832,1.80061,1.80078,1.00,1.00
2014.04.02 15:30:03.023,1.80064,1.80081,1.00,1.00
2014.04.02 15:30:04.348,1.80064,1.80077,1.00,1.10
2014.04.02 15:30:04.499,1.80064,1.80081,1.00,1.00
2014.04.02 15:30:04.601,1.80061,1.80078,1.00,1.00
2014.04.02 15:30:04.904,1.80067,1.80084,1.00,1.00
2014.04.02 15:30:07.202,1.80065,1.80082,1.00,1.00
2014.04.02 15:30:10.872,1.80069,1.80086,1.00,1.50
2014.04.02 15:30:13.013,1.80069,1.80086,1.00,1.00
2014.04.02 15:30:17.236,1.80072,1.80089,1.00,1.25
2014.04.02 15:30:17.678,1.8007,1.80087,1.00,1.00
2014.04.02 15:30:20.231,1.80073,1.8009,1.00,1.00
2014.04.02 15:30:20.547,1.8007,1.80087,1.00,1.00
2014.04.02 15:30:23.120,1.8007,1.80087,1.00,1.38
2014.04.02 15:30:23.423,1.80068,1.8008,1.00,1.10
2014.04.02 15:30:23.524,1.80065,1.8008,1.00,1.10
2014.04.02 15:30:27.301,1.80065,1.80082,1.00,1.25
2014.04.02 15:30:27.808,1.80066,1.80082,1.00,1.25
2014.04.02 15:30:28.352,1.80065,1.80082,1.00,1.58
2014.04.02 15:30:29.896,1.80065,1.80082,1.00,1.19
2014.04.02 15:30:31.633,1.80065,1.80077,1.00,1.00
2014.04.02 15:30:31.684,1.80055,1.80071,1.00,1.10
2014.04.02 15:30:31.737,1.80057,1.80071,1.00,1.10
2014.04.02 15:30:31.939,1.80054,1.80071,1.50,1.00
2014.04.02 15:30:31.990,1.80057,1.80074,1.00,1.29
2014.04.02 15:30:32.193,1.80061,1.80078,1.00,1.25
2014.04.02 15:30:34.175,1.80061,1.80073,1.00,1.10
2014.04.02 15:30:37.719,1.80063,1.80071,1.00,1.10
2014.04.02 15:30:38.245,1.80063,1.80072,1.00,1.10
2014.04.02 15:30:38.874,1.80063,1.8008,1.00,1.00
2014.04.02 15:30:38.925,1.80068,1.80082,1.00,1.10
2014.04.02 15:30:38.975,1.80068,1.80085,1.00,1.77
2014.04.02 15:30:39.228,1.80072,1.80076,1.00,1.10
2014.04.02 15:30:39.674,1.80069,1.80076,1.00,1.10
2014.04.02 15:30:42.389,1.80069,1.80075,1.00,1.10
2014.04.02 15:30:42.491,1.80069,1.80079,1.00,1.10
2014.04.02 15:30:42.964,1.80061,1.80074,1.09,1.10
2014.04.02 15:30:43.145,1.80069,1.80075,1.00,1.10
2014.04.02 15:30:43.398,1.80063,1.8007,1.00,1.10
2014.04.02 15:30:43.927,1.80063,1.80069,1.00,1.10
2014.04.02 15:30:45.491,1.80065,1.80069,1.00,1.10
2014.04.02 15:30:45.592,1.8007,1.80081,1.00,1.48
2014.04.02 15:30:45.694,1.8007,1.80087,1.00,1.38
2014.04.02 15:30:45.745,1.80072,1.80089,1.00,1.38
2014.04.02 15:30:45.846,1.80077,1.80092,1.00,1.20
2014.04.02 15:30:46.376,1.80074,1.80091,1.00,1.00
2014.04.02 15:30:46.636,1.80074,1.80091,1.00,1.08
2014.04.02 15:30:46.939,1.80065,1.80073,1.00,1.10
2014.04.02 15:30:47.444,1.80065,1.80079,1.00,1.10
2014.04.02 15:30:47.697,1.80066,1.80082,1.95,1.00
2014.04.02 15:30:47.798,1.8007,1.80087,1.38,1.00
2014.04.02 15:30:48.303,1.8007,1.80086,1.00,1.10
2014.04.02 15:30:48.606,1.8007,1.80086,1.00,1.44
2014.04.02 15:30:48.909,1.80064,1.80079,1.38,1.00
2014.04.02 15:30:49.589,1.80073,1.80079,1.00,1.00
2014.04.02 15:30:49.651,1.80076,1.80093,1.00,1.00
2014.04.02 15:30:52.087,1.80079,1.80096,1.00,2.29
2014.04.02 15:30:52.491,1.80079,1.80096,1.00,1.58
2014.04.02 15:30:59.838,1.80079,1.80096,1.38,1.58
2014.04.02 15:31:00.048,1.80085,1.80096,1.00,1.10
2014.04.02 15:31:00.149,1.80085,1.801,1.00,1.10
2014.04.02 15:31:04.227,1.80085,1.80102,1.00,1.39
2014.04.02 15:31:04.328,1.80088,1.80105,1.00,1.45
2014.04.02 15:31:04.632,1.80096,1.80106,1.00,1.00
2014.04.02 15:31:05.087,1.80096,1.80113,1.00,1.00
2014.04.02 15:31:06.287,1.80097,1.80113,1.00,1.00
2014.04.02 15:31:06.540,1.80098,1.80115,1.13,1.00
2014.04.02 15:31:06.641,1.80101,1.80118,1.00,1.00
2014.04.02 15:31:06.963,1.80117,1.80124,1.00,1.00
2014.04.02 15:31:07.014,1.80109,1.80124,1.29,1.00
2014.04.02 15:31:07.115,1.80113,1.8013,1.00,1.00
2014.04.02 15:31:07.167,1.8011,1.80127,1.25,1.00
2014.04.02 15:31:07.470,1.80108,1.80124,1.10,1.00
2014.04.02 15:31:07.624,1.80108,1.80127,1.10,1.00
2014.04.02 15:31:08.079,1.80111,1.80132,1.25,1.20
2014.04.02 15:31:08.232,1.80112,1.80133,1.18,1.25
2014.04.02 15:31:08.738,1.80114,1.80136,1.00,1.29
2014.04.02 15:31:09.371,1.80114,1.80136,1.19,1.10
2014.04.02 15:31:09.624,1.80118,1.80137,1.10,1.77
2014.04.02 15:31:09.776,1.80118,1.80139,1.10,1.25
2014.04.02 15:31:09.877,1.80118,1.80139,1.10,1.19
2014.04.02 15:31:10.698,1.80129,1.80145,1.48,1.00
2014.04.02 15:31:10.850,1.80132,1.80152,1.00,1.29
2014.04.02 15:31:11.005,1.80132,1.8015,1.00,1.29
2014.04.02 15:31:11.056,1.80129,1.8015,1.10,1.39
2014.04.02 15:31:11.157,1.80127,1.80149,1.20,1.29
2014.04.02 15:31:11.208,1.80127,1.80149,1.10,1.39
2014.04.02 15:31:11.511,1.80124,1.80142,1.00,1.10
2014.04.02 15:31:12.163,1.80117,1.80134,1.00,1.10
2014.04.02 15:31:12.673,1.80116,1.80134,1.00,1.29
2014.04.02 15:31:13.369,1.80116,1.80136,1.00,1.00
2014.04.02 15:31:13.571,1.80117,1.80139,1.10,1.25
2014.04.02 15:31:14.123,1.80116,1.80139,1.13,1.77
2014.04.02 15:31:15.085,1.80116,1.80139,1.95,1.08
2014.04.02 15:31:15.792,1.80116,1.80139,1.95,1.15
2014.04.02 15:31:19.413,1.80116,1.80139,2.14,1.15
2014.04.02 15:31:19.935,1.80118,1.80139,1.10,1.15
2014.04.02 15:31:23.439,1.80116,1.80139,1.13,1.73
2014.04.02 15:31:23.947,1.80114,1.80136,1.38,1.00
2014.04.02 15:31:27.845,1.80114,1.80136,1.13,1.00
2014.04.02 15:31:34.765,1.80114,1.80136,1.00,1.19
2014.04.02 15:31:35.067,1.80114,1.80132,1.00,1.20
2014.04.02 15:31:35.118,1.80111,1.80133,2.14,1.18
2014.04.02 15:31:35.221,1.8011,1.80127,1.15,1.10
2014.04.02 15:31:35.524,1.80111,1.80127,1.10,1.19
2014.04.02 15:31:35.626,1.80109,1.80127,1.00,1.19
2014.04.02 15:31:36.154,1.80109,1.80124,1.00,1.10
2014.04.02 15:31:36.434,1.80106,1.80128,1.00,1.47
2014.04.02 15:31:36.935,1.80106,1.80128,1.00,1.09
2014.04.02 15:31:37.204,1.80106,1.80126,1.00,1.10
2014.04.02 15:31:37.507,1.80106,1.80128,1.00,1.09
2014.04.02 15:31:38.024,1.80106,1.80127,1.00,1.10
2014.04.02 15:31:38.550,1.80107,1.80128,1.19,1.58
2014.04.02 15:31:38.853,1.80116,1.80132,1.10,1.50
2014.04.02 15:31:38.956,1.80114,1.80132,1.10,1.50
2014.04.02 15:31:39.511,1.80114,1.80135,1.10,2.03
2014.04.02 15:31:40.027,1.80115,1.80133,1.10,1.00
2014.04.02 15:31:40.583,1.80113,1.80133,1.10,1.00
2014.04.02 15:31:40.634,1.80113,1.8013,1.10,1.08
2014.04.02 15:31:41.126,1.80113,1.80131,1.10,1.53
2014.04.02 15:31:41.177,1.80109,1.80129,1.10,1.48
2014.04.02 15:31:41.278,1.80111,1.80125,1.10,1.00
2014.04.02 15:31:41.430,1.80111,1.80129,1.10,1.58
2014.04.02 15:31:41.734,1.80115,1.80129,1.10,1.58
2014.04.02 15:31:42.393,1.80115,1.80133,1.10,1.00
2014.04.02 15:31:49.059,1.80115,1.80133,1.10,1.15
2014.04.02 15:31:49.211,1.80113,1.8013,1.10,1.00
2014.04.02 15:31:49.414,1.80109,1.80128,1.02,1.00
2014.04.02 15:31:49.616,1.80111,1.80128,1.10,1.25
2014.04.02 15:31:49.970,1.80115,1.80132,1.10,1.47
2014.04.02 15:31:50.660,1.80115,1.80133,1.10,1.38
2014.04.02 15:31:51.390,1.80114,1.80133,1.10,1.38
2014.04.02 15:31:54.163,1.80115,1.80132,1.00,1.13
2014.04.02 15:31:55.381,1.80113,1.8013,1.00,1.00
2014.04.02 15:31:55.685,1.80112,1.80127,1.10,1.00
2014.04.02 15:31:56.284,1.80114,1.80127,1.10,1.00
2014.04.02 15:31:56.385,1.80114,1.8013,1.10,1.00
2014.04.02 15:32:08.585,1.80113,1.8013,1.00,1.00
2014.04.02 15:32:09.134,1.80116,1.80133,1.00,1.00
2014.04.02 15:32:10.953,1.80116,1.80133,1.00,1.32
2014.04.02 15:32:11.105,1.80113,1.8013,1.00,1.19
2014.04.02 15:32:11.520,1.8011,1.80127,1.00,1.00
2014.04.02 15:32:11.621,1.80113,1.80127,1.00,1.00
2014.04.02 15:32:11.874,1.80118,1.80135,1.00,1.00
2014.04.02 15:32:14.944,1.80115,1.80132,1.00,1.00
2014.04.02 15:32:16.702,1.80112,1.80129,1.00,1.00
2014.04.02 15:32:17.151,1.80115,1.80129,1.10,1.00
2014.04.02 15:32:17.202,1.80112,1.80129,1.00,1.00
2014.04.02 15:32:18.975,1.80115,1.80129,1.10,1.00
2014.04.02 15:32:23.183,1.80115,1.80132,1.58,1.00
2014.04.02 15:32:38.555,1.80115,1.80131,1.00,1.10
2014.04.02 15:32:39.956,1.80113,1.8013,1.00,1.00
2014.04.02 15:32:40.007,1.80113,1.80127,1.00,1.18
2014.04.02 15:32:40.058,1.8011,1.80127,1.00,1.65
2014.04.02 15:32:40.210,1.80109,1.80124,1.00,1.10
2014.04.02 15:32:40.261,1.80104,1.80121,1.10,1.00
2014.04.02 15:32:40.514,1.80105,1.80121,1.48,1.00
2014.04.02 15:32:40.615,1.80109,1.80125,1.00,1.10
2014.04.02 15:32:40.717,1.80107,1.80124,1.00,1.00
2014.04.02 15:32:40.873,1.80107,1.80124,1.57,1.00
2014.04.02 15:32:40.924,1.8011,1.80127,1.38,1.00
2014.04.02 15:32:41.825,1.80114,1.80131,1.00,1.58
2014.04.02 15:32:41.926,1.80116,1.80133,1.00,1.38
2014.04.02 15:32:42.447,1.80116,1.80131,1.00,1.10
2014.04.02 15:32:44.605,1.80116,1.80131,1.00,3.08
2014.04.02 15:32:44.707,1.8011,1.80123,1.25,1.20
2014.04.02 15:32:44.808,1.80107,1.80123,1.00,1.58
2014.04.02 15:32:44.910,1.80101,1.80118,1.00,1.15
2014.04.02 15:32:44.961,1.80101,1.80112,1.00,1.10
2014.04.02 15:32:45.012,1.80099,1.80112,1.00,1.10
2014.04.02 15:32:45.113,1.80095,1.80112,1.00,3.08
2014.04.02 15:32:45.366,1.80098,1.80114,1.50,1.10
2014.04.02 15:32:45.720,1.80098,1.80115,1.69,1.00
2014.04.02 15:32:45.771,1.80101,1.80118,1.00,1.00
2014.04.02 15:32:46.024,1.80102,1.80118,1.48,1.00
2014.04.02 15:32:46.175,1.80105,1.80122,1.38,1.25
2014.04.02 15:32:46.226,1.80105,1.80122,1.64,1.00
2014.04.02 15:32:46.428,1.80109,1.80126,1.00,1.00
2014.04.02 15:32:46.713,1.80112,1.80121,1.00,1.10
2014.04.02 15:32:46.879,1.80109,1.80121,1.00,1.10
2014.04.02 15:32:47.395,1.80109,1.80122,1.00,1.10
2014.04.02 15:32:47.942,1.80109,1.80121,1.00,1.10
2014.04.02 15:32:48.346,1.80106,1.8012,1.13,1.10
2014.04.02 15:32:48.989,1.80106,1.80121,1.13,1.10
2014.04.02 15:32:49.640,1.80108,1.80121,1.00,1.10
2014.04.02 15:32:49.952,1.8011,1.80121,1.00,1.10
2014.04.02 15:32:50.191,1.80108,1.80121,1.00,1.10
2014.04.02 15:32:53.113,1.80108,1.8012,1.00,1.10
2014.04.02 15:32:53.685,1.80108,1.80119,1.00,1.10
2014.04.02 15:32:57.418,1.80108,1.80121,1.00,1.10
2014.04.02 15:32:57.622,1.80108,1.80119,1.00,1.10
2014.04.02 15:32:58.862,1.80108,1.80121,1.00,1.10
2014.04.02 15:33:00.399,1.80108,1.80119,1.00,1.10
2014.04.02 15:33:00.450,1.80106,1.80119,1.00,1.10
2014.04.02 15:33:00.500,1.80106,1.80116,1.00,1.10
2014.04.02 15:33:00.652,1.80101,1.80116,1.00,1.10
2014.04.02 15:33:00.703,1.80101,1.80118,1.45,1.00
2014.04.02 15:33:00.905,1.80105,1.8012,1.00,1.10
2014.04.02 15:33:01.409,1.80105,1.80119,1.10,1.10
2014.04.02 15:33:03.163,1.80105,1.80116,1.10,1.10
2014.04.02 15:33:03.264,1.80102,1.80118,1.88,1.02
2014.04.02 15:33:03.315,1.80102,1.80118,1.00,1.29
2014.04.02 15:33:03.619,1.80102,1.80112,1.00,1.10
2014.04.02 15:33:03.720,1.80102,1.80118,1.00,1.29
2014.04.02 15:33:04.717,1.80102,1.80118,1.00,1.10
2014.04.02 15:33:07.922,1.80102,1.80112,1.00,1.10
2014.04.02 15:33:08.023,1.80099,1.80112,1.10,1.10
2014.04.02 15:33:08.125,1.80097,1.80114,1.00,1.00
2014.04.02 15:33:08.175,1.80104,1.80114,1.00,1.00
2014.04.02 15:33:08.277,1.80104,1.80116,1.00,1.20
2014.04.02 15:33:08.782,1.80104,1.80117,1.00,1.00
2014.04.02 15:33:11.231,1.80103,1.80117,1.00,1.00
2014.04.02 15:33:11.292,1.80101,1.80117,1.00,1.58
2014.04.02 15:33:15.625,1.80099,1.80116,1.38,1.00
2014.04.02 15:33:15.726,1.80103,1.8012,1.00,1.00
2014.04.02 15:33:15.827,1.80106,1.80121,1.00,1.10
2014.04.02 15:33:16.131,1.80119,1.80129,1.00,1.00
2014.04.02 15:33:16.181,1.80119,1.80133,1.00,1.00
2014.04.02 15:33:16.383,1.80119,1.80131,1.00,1.10
2014.04.02 15:33:16.535,1.80114,1.80131,1.08,1.58
2014.04.02 15:33:16.636,1.80114,1.80129,1.00,1.10
2014.04.02 15:33:19.786,1.80122,1.80135,1.00,1.77
2014.04.02 15:33:19.837,1.80122,1.80135,1.00,1.58
2014.04.02 15:33:19.938,1.80122,1.80132,1.00,1.00
2014.04.02 15:33:20.039,1.80122,1.80135,1.00,1.00
2014.04.02 15:33:20.342,1.80122,1.80139,1.50,1.00
2014.04.02 15:33:30.667,1.80122,1.80137,1.00,1.10
2014.04.02 15:33:30.768,1.80122,1.80139,1.00,1.58
2014.04.02 15:33:30.970,1.80122,1.80131,1.00,1.10
2014.04.02 15:33:31.021,1.8012,1.80131,1.00,1.10
2014.04.02 15:33:31.434,1.8012,1.80135,1.00,1.10
2014.04.02 15:33:31.535,1.8012,1.80137,1.00,1.58
2014.04.02 15:33:32.465,1.8012,1.80137,1.00,1.95
2014.04.02 15:33:32.515,1.8012,1.80126,1.00,1.10
2014.04.02 15:33:32.768,1.8011,1.80121,2.07,1.10
2014.04.02 15:33:32.971,1.80104,1.80121,1.18,1.00
2014.04.02 15:33:33.225,1.80106,1.80122,1.08,1.00
2014.04.02 15:33:33.528,1.80109,1.80122,1.15,1.00
2014.04.02 15:33:34.043,1.80112,1.80122,1.00,1.00
2014.04.02 15:33:34.576,1.80112,1.8012,1.00,1.18
2014.04.02 15:33:34.635,1.80102,1.80118,1.00,1.00
2014.04.02 15:33:34.938,1.80101,1.80113,1.00,1.10
2014.04.02 15:33:34.989,1.80099,1.80113,1.13,1.10
2014.04.02 15:33:37.452,1.80099,1.80114,1.00,1.10
2014.04.02 15:33:38.002,1.80099,1.80115,1.00,1.10
2014.04.02 15:33:42.130,1.80099,1.80115,1.00,1.18
2014.04.02 15:33:42.233,1.80096,1.80113,1.00,1.00
2014.04.02 15:33:43.875,1.80098,1.80113,1.00,1.00
2014.04.02 15:33:43.925,1.80099,1.80116,1.00,1.13
2014.04.02 15:33:44.430,1.80099,1.80116,1.32,1.08
2014.04.02 15:33:44.897,1.80097,1.80114,1.00,1.00
2014.04.02 15:33:45.099,1.80101,1.80118,1.00,1.10
2014.04.02 15:33:45.993,1.80099,1.80116,1.00,1.00
2014.04.02 15:33:48.902,1.80099,1.80116,1.38,1.00
2014.04.02 15:33:49.054,1.80104,1.80121,1.38,1.00
2014.04.02 15:33:49.155,1.80106,1.80123,1.38,1.00
2014.04.02 15:33:49.877,1.80109,1.80123,1.02,1.10
2014.04.02 15:33:49.947,1.80111,1.80126,1.00,1.10
2014.04.02 15:33:50.302,1.80109,1.80126,1.00,1.58
2014.04.02 15:33:50.404,1.80105,1.80122,1.00,1.58
2014.04.02 15:33:51.189,1.80105,1.80122,1.00,1.18
2014.04.02 15:33:54.474,1.80106,1.80122,1.10,1.08
2014.04.02 15:33:56.628,1.8011,1.80127,1.00,1.00
2014.04.02 15:33:56.689,1.8011,1.80123,1.00,1.35
2014.04.02 15:33:56.791,1.80108,1.80123,1.00,1.65
2014.04.02 15:33:56.842,1.80108,1.80119,1.00,1.50
2014.04.02 15:33:56.892,1.80103,1.80119,1.00,1.58
2014.04.02 15:33:56.995,1.80101,1.80118,1.00,1.00
2014.04.02 15:33:58.887,1.80103,1.8012,1.00,1.00
2014.04.02 15:33:59.503,1.80101,1.80118,1.00,1.00
2014.04.02 15:34:00.445,1.80101,1.80118,1.00,2.40
2014.04.02 15:34:00.749,1.80094,1.80108,1.00,1.10
2014.04.02 15:34:00.850,1.80091,1.80108,1.00,1.58
2014.04.02 15:34:01.067,1.80089,1.80106,1.25,1.00
2014.04.02 15:34:02.842,1.80086,1.80103,1.00,1.00
2014.04.02 15:34:04.601,1.80086,1.80098,1.00,1.10
2014.04.02 15:34:04.928,1.80079,1.80096,1.00,1.00
2014.04.02 15:34:05.029,1.80082,1.80099,1.00,1.10
2014.04.02 15:34:05.986,1.80082,1.80099,1.38,1.10
2014.04.02 15:34:06.239,1.80085,1.80102,1.00,1.00
2014.04.02 15:34:08.248,1.80076,1.80092,1.13,1.00
2014.04.02 15:34:08.633,1.80079,1.80096,1.00,1.09
2014.04.02 15:34:09.165,1.80078,1.80094,1.00,1.00
2014.04.02 15:34:09.511,1.80085,1.80101,1.00,1.00
2014.04.02 15:34:10.047,1.80085,1.80102,1.00,1.10
2014.04.02 15:34:14.362,1.80088,1.80104,1.00,1.10
2014.04.02 15:34:14.715,1.80086,1.80099,1.00,1.00
2014.04.02 15:34:14.986,1.80081,1.80098,1.00,1.00
2014.04.02 15:34:15.648,1.80081,1.80097,1.00,1.00
2014.04.02 15:34:16.542,1.80081,1.80096,1.00,2.25
2014.04.02 15:34:16.953,1.80081,1.80098,1.00,1.00
2014.04.02 15:34:17.105,1.80081,1.80098,1.63,1.00
2014.04.02 15:34:17.257,1.80084,1.80101,1.00,1.00
2014.04.02 15:34:23.199,1.80084,1.80101,1.00,1.38
2014.04.02 15:34:23.832,1.80088,1.80101,1.00,1.57
2014.04.02 15:34:23.885,1.80088,1.80101,1.00,1.00
2014.04.02 15:34:23.936,1.80088,1.80103,1.00,3.00
2014.04.02 15:34:24.037,1.80089,1.80106,1.19,1.00
2014.04.02 15:34:24.138,1.80089,1.80103,1.19,1.10
2014.04.02 15:34:24.441,1.80092,1.80103,1.00,3.00
2014.04.02 15:34:24.870,1.80085,1.80102,1.00,1.00
2014.04.02 15:34:26.880,1.80085,1.80101,1.00,1.10
2014.04.02 15:34:27.253,1.80083,1.801,1.25,1.00
2014.04.02 15:34:28.225,1.80085,1.80102,1.00,1.00
2014.04.02 15:34:31.096,1.80087,1.80104,1.00,3.83
2014.04.02 15:34:31.412,1.80084,1.80094,1.00,1.10
2014.04.02 15:34:31.513,1.80082,1.80094,1.00,1.10
2014.04.02 15:34:32.537,1.8008,1.80094,1.38,1.10
2014.04.02 15:34:33.049,1.8008,1.80093,1.00,1.10
2014.04.02 15:34:34.154,1.8008,1.80097,1.19,1.00
2014.04.02 15:34:34.306,1.80085,1.80102,1.00,1.00
2014.04.02 15:34:36.826,1.80083,1.801,1.00,1.00
2014.04.02 15:34:37.177,1.80081,1.80095,1.00,1.10
2014.04.02 15:34:37.279,1.80078,1.80095,1.13,1.00
2014.04.02 15:34:37.878,1.80082,1.80099,1.00,1.00
2014.04.02 15:34:38.703,1.80086,1.80099,1.00,1.10
2014.04.02 15:34:39.010,1.8008,1.80097,1.13,1.00
2014.04.02 15:34:39.340,1.80078,1.80095,1.19,1.00
2014.04.02 15:34:39.643,1.80078,1.80093,1.00,1.10
2014.04.02 15:34:39.896,1.80076,1.80092,1.00,1.10
2014.04.02 15:34:40.088,1.80074,1.80091,1.32,1.00
2014.04.02 15:34:41.202,1.80077,1.80092,1.00,1.10
2014.04.02 15:34:41.253,1.80077,1.80094,1.00,1.00
2014.04.02 15:34:42.221,1.80075,1.80092,1.00,1.00
2014.04.02 15:34:42.888,1.80078,1.80095,1.00,1.58
2014.04.02 15:34:47.371,1.80075,1.80092,1.00,1.00
2014.04.02 15:34:47.896,1.80076,1.80093,1.00,1.00
2014.04.02 15:34:48.226,1.80079,1.80096,1.00,3.00
2014.04.02 15:34:48.887,1.80079,1.80095,1.00,1.00
2014.04.02 15:34:51.525,1.80082,1.80099,1.50,1.00
2014.04.02 15:34:51.734,1.80086,1.80103,1.00,1.00
2014.04.02 15:34:59.899,1.80083,1.801,1.25,1.00
2014.04.02 15:35:00.202,1.80076,1.80091,1.38,3.00
2014.04.02 15:35:00.900,1.80079,1.80091,1.00,1.00
2014.04.02 15:35:01.726,1.80079,1.80089,1.00,1.10
2014.04.02 15:35:01.828,1.80079,1.80091,1.00,1.00
2014.04.02 15:35:06.495,1.80079,1.8009,1.00,1.10
2014.04.02 15:35:07.255,1.80079,1.80087,1.00,1.10
2014.04.02 15:35:08.733,1.80076,1.80087,1.38,1.10
2014.04.02 15:35:08.935,1.80076,1.80093,1.38,1.00
2014.04.02 15:35:09.037,1.8008,1.80093,1.38,1.00
2014.04.02 15:35:09.138,1.80082,1.80099,1.19,1.00
2014.04.02 15:35:09.289,1.80084,1.80101,1.32,1.00
2014.04.02 15:35:09.825,1.80087,1.80104,1.00,1.00
2014.04.02 15:35:10.333,1.80087,1.80103,1.00,1.10
2014.04.02 15:35:10.807,1.8009,1.80103,1.00,1.10
2014.04.02 15:35:11.211,1.8009,1.80105,1.00,1.10
2014.04.02 15:35:11.603,1.8009,1.80105,1.00,1.18
2014.04.02 15:35:11.805,1.8008,1.80097,1.19,1.00
2014.04.02 15:35:11.906,1.80078,1.80095,2.52,1.00
2014.04.02 15:35:12.209,1.80081,1.80098,1.94,1.00
2014.04.02 15:35:12.259,1.80089,1.80103,1.00,1.10
2014.04.02 15:35:12.526,1.80089,1.80106,1.63,1.10
2014.04.02 15:35:12.579,1.80091,1.80108,1.19,1.00
2014.04.02 15:35:12.884,1.80094,1.8011,1.00,1.10
2014.04.02 15:35:13.187,1.8009,1.80105,1.00,1.10
2014.04.02 15:35:13.491,1.80091,1.80098,1.00,1.10
2014.04.02 15:35:13.541,1.80089,1.80098,1.00,1.10
2014.04.02 15:35:13.643,1.80087,1.80103,1.00,1.28
2014.04.02 15:35:13.794,1.80084,1.80101,1.13,1.00
2014.04.02 15:35:13.895,1.80087,1.80104,1.00,1.00
2014.04.02 15:35:14.207,1.8009,1.80105,1.00,1.10
2014.04.02 15:35:14.834,1.8009,1.80106,1.00,1.10
2014.04.02 15:35:15.136,1.8009,1.80104,1.00,1.10
2014.04.02 15:35:17.302,1.8009,1.80098,1.00,1.10
2014.04.02 15:35:27.408,1.80088,1.80098,1.00,1.10
2014.04.02 15:35:27.459,1.80088,1.80096,1.00,1.10
2014.04.02 15:35:27.510,1.80084,1.80096,1.19,1.10
2014.04.02 15:35:27.662,1.80087,1.80095,1.00,1.10
2014.04.02 15:35:27.916,1.80085,1.80096,1.25,1.10
2014.04.02 15:35:28.276,1.80089,1.80096,1.00,1.10
2014.04.02 15:35:31.051,1.80086,1.80096,1.00,1.10
2014.04.02 15:35:31.103,1.80086,1.80094,1.00,1.10
2014.04.02 15:35:31.284,1.80086,1.80096,1.00,1.10
2014.04.02 15:35:32.686,1.80089,1.80096,1.00,1.10
2014.04.02 15:35:35.531,1.80089,1.80094,1.00,1.10
2014.04.02 15:35:36.198,1.80089,1.80096,1.00,1.10
2014.04.02 15:35:37.691,1.80083,1.80094,1.02,1.10
2014.04.02 15:35:38.241,1.80089,1.80095,1.00,1.10
2014.04.02 15:35:39.366,1.80082,1.80094,1.09,1.10
2014.04.02 15:35:39.897,1.80089,1.80095,1.00,1.10
2014.04.02 15:35:39.948,1.80086,1.80095,1.00,1.10
2014.04.02 15:35:40.148,1.80084,1.80095,1.13,1.10
2014.04.02 15:35:40.923,1.80084,1.80091,1.00,1.10
2014.04.02 15:35:41.126,1.80084,1.80094,1.00,1.10
2014.04.02 15:35:42.751,1.80084,1.80091,1.00,1.10
2014.04.02 15:35:43.061,1.80079,1.80086,1.25,1.10
2014.04.02 15:35:43.714,1.80079,1.80086,1.00,1.10
2014.04.02 15:35:45.501,1.80079,1.80085,1.00,1.10
2014.04.02 15:35:47.285,1.80079,1.80088,1.00,1.10
2014.04.02 15:35:50.166,1.80072,1.80083,1.20,2.25
2014.04.02 15:35:50.221,1.80068,1.80075,1.38,1.10
2014.04.02 15:35:50.374,1.8006,1.80071,1.27,1.10
2014.04.02 15:35:50.425,1.80065,1.80071,1.00,1.10
2014.04.02 15:35:50.476,1.8006,1.80069,1.19,1.10
2014.04.02 15:35:50.527,1.80061,1.80068,1.00,1.10
2014.04.02 15:35:50.628,1.80059,1.80068,1.00,1.10
2014.04.02 15:35:50.679,1.80059,1.80066,1.00,1.10
2014.04.02 15:35:50.730,1.80057,1.80066,1.00,1.10
2014.04.02 15:35:51.271,1.80055,1.80066,1.38,1.10
2014.04.02 15:35:52.981,1.80055,1.80068,1.38,1.10
2014.04.02 15:35:54.192,1.80056,1.80066,1.13,1.10
2014.04.02 15:35:57.025,1.80056,1.80064,1.00,1.10
2014.04.02 15:35:57.126,1.80054,1.80064,1.13,1.10
2014.04.02 15:35:59.006,1.8005,1.80066,1.57,1.10
2014.04.02 15:36:03.040,1.8005,1.80064,1.38,1.10
2014.04.02 15:36:04.226,1.80048,1.80064,1.32,1.10
2014.04.02 15:36:04.277,1.80048,1.80061,1.32,1.10
2014.04.02 15:36:04.583,1.80044,1.80058,1.38,1.10
2014.04.02 15:36:05.155,1.80044,1.80057,1.38,1.10
2014.04.02 15:36:05.458,1.80044,1.80057,1.48,1.10
2014.04.02 15:36:05.509,1.80044,1.80059,1.55,1.10
2014.04.02 15:36:05.723,1.80047,1.80055,1.38,1.10
2014.04.02 15:36:07.120,1.80047,1.80057,1.38,1.10
2014.04.02 15:36:07.672,1.80045,1.80054,1.38,1.10
2014.04.02 15:36:07.723,1.80045,1.80053,1.00,1.10
2014.04.02 15:36:07.875,1.80038,1.80053,1.77,1.10
2014.04.02 15:36:07.925,1.80038,1.80045,1.13,1.10
2014.04.02 15:36:08.026,1.80038,1.80047,1.13,1.10
2014.04.02 15:36:09.115,1.80038,1.80045,1.00,1.10
2014.04.02 15:36:09.217,1.80035,1.80045,1.13,1.10
2014.04.02 15:36:09.781,1.80035,1.80043,1.13,1.10
2014.04.02 15:36:10.438,1.80032,1.80045,1.38,1.10
2014.04.02 15:36:10.641,1.80038,1.80053,1.45,2.25
2014.04.02 15:36:10.691,1.80038,1.80053,1.55,2.25
2014.04.02 15:36:11.318,1.80043,1.80054,1.20,1.10
2014.04.02 15:36:11.374,1.80047,1.80061,1.48,1.10
2014.04.02 15:36:11.843,1.80047,1.80059,1.55,1.10
2014.04.02 15:36:12.741,1.80049,1.80059,1.45,1.10
2014.04.02 15:36:12.943,1.80049,1.80062,1.55,1.10
2014.04.02 15:36:15.080,1.80049,1.80058,1.55,1.10
2014.04.02 15:36:17.640,1.80049,1.80061,1.55,1.10
2014.04.02 15:36:18.090,1.80049,1.80058,1.55,1.10
2014.04.02 15:36:19.154,1.80049,1.80057,1.55,1.10
2014.04.02 15:36:20.870,1.80049,1.80056,1.20,1.10
2014.04.02 15:36:20.921,1.80041,1.80055,1.32,1.10
2014.04.02 15:36:20.971,1.80047,1.80058,1.00,1.00
2014.04.02 15:36:21.022,1.80047,1.80053,1.00,1.10
2014.04.02 15:36:21.174,1.80047,1.80057,1.00,1.10
2014.04.02 15:36:21.376,1.80046,1.80056,1.38,1.10
2014.04.02 15:36:21.478,1.80046,1.80058,1.55,1.10
2014.04.02 15:36:21.528,1.80048,1.80058,1.38,1.10
2014.04.02 15:36:22.781,1.80048,1.80058,1.38,1.10
2014.04.02 15:36:22.932,1.80042,1.80051,1.90,1.10
2014.04.02 15:36:23.034,1.80048,1.80052,1.00,1.10
2014.04.02 15:36:23.085,1.80046,1.80052,1.00,1.10
2014.04.02 15:36:23.136,1.80046,1.80058,1.00,1.00
2014.04.02 15:36:23.531,1.80043,1.80058,1.28,1.00
2014.04.02 15:36:24.391,1.80043,1.80058,1.20,1.00
2014.04.02 15:36:25.048,1.80038,1.80048,1.65,1.10
2014.04.02 15:36:27.771,1.80043,1.8005,1.13,1.10
2014.04.02 15:36:28.399,1.80038,1.8005,1.65,1.10
2014.04.02 15:36:30.745,1.80043,1.80051,1.13,1.10
2014.04.02 15:36:38.509,1.80043,1.80051,1.13,1.10
2014.04.02 15:36:38.711,1.80041,1.8005,1.13,1.10
2014.04.02 15:36:39.563,1.8004,1.80049,1.10,1.10
2014.04.02 15:36:40.110,1.8004,1.80049,1.48,1.10
2014.04.02 15:36:40.613,1.8004,1.80049,1.00,1.10
2014.04.02 15:36:40.714,1.8004,1.80049,1.38,1.10
2014.04.02 15:36:44.457,1.8004,1.80049,1.00,1.10
2014.04.02 15:36:46.107,1.8004,1.80051,1.38,1.10
2014.04.02 15:36:47.670,1.8004,1.80052,1.48,1.10
2014.04.02 15:36:50.477,1.8004,1.80054,1.10,1.10
2014.04.02 15:36:51.233,1.8004,1.80051,1.10,1.10
2014.04.02 15:36:51.551,1.8004,1.80054,1.48,1.10
2014.04.02 15:37:11.501,1.80039,1.80054,1.88,1.10
2014.04.02 15:37:12.806,1.80039,1.80054,1.28,1.10
2014.04.02 15:37:12.908,1.80039,1.80057,1.53,1.10
2014.04.02 15:37:12.959,1.8004,1.80057,3.38,1.10
2014.04.02 15:37:13.011,1.80041,1.80059,1.58,1.10
2014.04.02 15:37:13.113,1.80041,1.80059,1.95,1.10
2014.04.02 15:37:13.164,1.80048,1.80064,1.00,1.00
2014.04.02 15:37:13.268,1.80048,1.80064,1.88,1.00
2014.04.02 15:37:13.369,1.80049,1.80069,1.02,1.38
2014.04.02 15:37:13.471,1.80053,1.80075,1.88,1.38
2014.04.02 15:37:13.572,1.80057,1.80079,1.18,1.25
2014.04.02 15:37:13.673,1.80057,1.80077,1.18,1.10
2014.04.02 15:37:13.976,1.80057,1.80071,1.38,1.10
2014.04.02 15:37:14.381,1.80051,1.80073,1.38,1.00
2014.04.02 15:37:20.150,1.80053,1.80075,1.48,1.00
2014.04.02 15:37:20.677,1.80053,1.80076,1.85,1.00
2014.04.02 15:37:20.728,1.80055,1.80078,1.38,1.00
2014.04.02 15:37:24.156,1.80055,1.80078,1.38,1.08
2014.04.02 15:37:24.762,1.80058,1.80075,1.38,1.00
2014.04.02 15:37:25.709,1.80058,1.80075,1.00,1.00
2014.04.02 15:37:26.012,1.8006,1.80077,1.00,1.00
2014.04.02 15:37:27.401,1.80058,1.80075,1.00,1.00
2014.04.02 15:37:32.492,1.80058,1.80074,1.00,1.00
2014.04.02 15:37:32.830,1.80055,1.80071,1.00,1.10
2014.04.02 15:37:32.897,1.80052,1.80069,1.00,1.00
2014.04.02 15:37:34.430,1.80052,1.80069,1.00,1.19
2014.04.02 15:37:34.736,1.80045,1.80062,1.38,1.00
2014.04.02 15:37:35.690,1.80049,1.80063,1.00,1.10
2014.04.02 15:37:35.741,1.80049,1.80066,1.10,1.00
2014.04.02 15:37:36.681,1.80052,1.80069,1.00,1.13
2014.04.02 15:37:41.859,1.80052,1.80067,1.00,1.10
2014.04.02 15:37:42.188,1.80052,1.80065,1.00,1.10
2014.04.02 15:37:42.771,1.80052,1.80061,1.00,1.10
2014.04.02 15:37:42.822,1.80048,1.80061,1.00,1.10
2014.04.02 15:37:42.924,1.80046,1.80061,1.00,1.10
2014.04.02 15:37:43.026,1.80043,1.8006,1.00,1.25
2014.04.02 15:37:43.132,1.80041,1.80058,1.48,1.00
2014.04.02 15:37:43.640,1.80041,1.80058,1.00,1.00
2014.04.02 15:37:44.197,1.80041,1.80052,1.00,1.10
2014.04.02 15:37:44.248,1.80038,1.80052,1.00,1.10
2014.04.02 15:37:45.132,1.80036,1.80052,1.00,1.10
2014.04.02 15:37:46.531,1.80036,1.80053,1.38,1.00
2014.04.02 15:37:46.585,1.80039,1.80056,1.13,1.58
2014.04.02 15:37:46.929,1.80039,1.80052,1.13,1.10
2014.04.02 15:37:47.738,1.80039,1.80056,1.00,1.58
2014.04.02 15:37:48.181,1.80039,1.80056,1.38,1.58
2014.04.02 15:37:48.686,1.80042,1.80056,1.00,1.10
2014.04.02 15:37:49.020,1.80042,1.80052,1.00,1.10
2014.04.02 15:37:49.324,1.80039,1.80043,1.00,1.10
2014.04.02 15:37:49.425,1.80035,1.80052,1.13,1.77
2014.04.02 15:37:49.629,1.80035,1.80049,1.13,1.10
2014.04.02 15:37:49.730,1.80035,1.80052,1.13,1.77
2014.04.02 15:37:50.951,1.80035,1.80045,1.00,1.10
2014.04.02 15:37:51.368,1.80035,1.80041,1.00,1.10
2014.04.02 15:37:51.419,1.80032,1.8004,1.00,1.10
2014.04.02 15:37:57.646,1.80032,1.80038,1.00,1.10
2014.04.02 15:37:57.697,1.8003,1.80038,1.00,1.10
2014.04.02 15:37:57.755,1.8003,1.80036,1.00,1.10
2014.04.02 15:37:57.806,1.80028,1.80036,1.00,1.10
2014.04.02 15:37:57.857,1.80018,1.80032,1.38,1.10
2014.04.02 15:37:58.009,1.80025,1.80038,1.00,1.44
2014.04.02 15:37:58.110,1.80019,1.80027,1.00,1.10
2014.04.02 15:37:58.211,1.80016,1.80027,1.00,1.10
2014.04.02 15:38:01.843,1.80016,1.80027,1.38,1.10
2014.04.02 15:38:04.326,1.80016,1.80027,1.00,1.10
2014.04.02 15:38:04.479,1.80016,1.80023,1.00,1.10
2014.04.02 15:38:07.088,1.80011,1.80021,1.38,1.10
2014.04.02 15:38:08.209,1.80011,1.80025,1.38,1.10
2014.04.02 15:38:09.575,1.80008,1.80022,1.13,1.10
2014.04.02 15:38:09.627,1.80008,1.80016,1.13,1.10
2014.04.02 15:38:09.679,1.80005,1.80016,1.10,1.10
2014.04.02 15:38:10.182,1.80002,1.80016,1.38,1.10
2014.04.02 15:38:10.778,1.80002,1.80016,1.13,1.10
2014.04.02 15:38:11.081,1.79999,1.80014,1.00,1.10
2014.04.02 15:38:11.182,1.80001,1.80018,1.38,1.02
2014.04.02 15:38:11.385,1.80002,1.80023,1.67,1.00
2014.04.02 15:38:11.536,1.80008,1.80025,1.38,1.10
2014.04.02 15:38:11.940,1.80008,1.80029,1.95,1.19
2014.04.02 15:38:12.041,1.80008,1.8003,2.52,1.00
2014.04.02 15:38:12.790,1.80014,1.80031,1.38,1.10
2014.04.02 15:38:14.670,1.80012,1.80031,1.38,1.10
2014.04.02 15:38:14.721,1.80012,1.80025,1.38,1.10
2014.04.02 15:38:14.822,1.8001,1.80027,1.38,1.10
2014.04.02 15:38:15.635,1.8001,1.80027,1.38,1.10
2014.04.02 15:38:19.111,1.8001,1.80027,1.00,1.10
2014.04.02 15:38:19.390,1.8001,1.80031,1.00,1.10
2014.04.02 15:38:20.411,1.8001,1.80031,1.20,1.10
2014.04.02 15:38:20.788,1.80013,1.80031,1.00,1.10
2014.04.02 15:38:28.927,1.80015,1.80031,1.00,1.10
2014.04.02 15:38:31.451,1.80015,1.80031,1.28,1.10
2014.04.02 15:38:32.099,1.80017,1.80031,1.00,1.10
2014.04.02 15:38:32.610,1.80015,1.80031,1.28,1.10
2014.04.02 15:38:33.704,1.80015,1.80031,1.55,1.10
2014.04.02 15:38:34.538,1.80015,1.80031,2.03,1.10
2014.04.02 15:38:36.217,1.80015,1.80029,2.03,1.10
2014.04.02 15:38:36.469,1.80015,1.80031,2.03,1.10
2014.04.02 15:38:37.171,1.80015,1.80031,2.03,1.10
2014.04.02 15:38:37.222,1.80015,1.80037,2.40,1.58
2014.04.02 15:38:37.426,1.8002,1.8004,1.00,1.10
2014.04.02 15:38:37.477,1.80022,1.8004,1.00,1.10
2014.04.02 15:38:37.780,1.80022,1.80037,1.20,1.10
2014.04.02 15:38:41.648,1.80022,1.80038,1.20,1.10
2014.04.02 15:38:43.384,1.80028,1.80046,1.95,1.02
2014.04.02 15:38:43.942,1.80028,1.80048,1.95,1.10
2014.04.02 15:38:44.550,1.8003,1.80048,2.03,1.10
2014.04.02 15:38:48.666,1.8003,1.80047,1.28,1.10
2014.04.02 15:38:49.437,1.8003,1.80049,1.28,1.10
2014.04.02 15:38:50.776,1.8003,1.80047,1.28,1.10
2014.04.02 15:38:51.295,1.8003,1.80047,1.13,1.10
2014.04.02 15:38:52.240,1.80027,1.80039,1.00,1.10
2014.04.02 15:38:52.587,1.8003,1.80039,1.00,1.10
2014.04.02 15:38:52.688,1.80027,1.80039,1.00,1.10
2014.04.02 15:38:53.222,1.80027,1.80037,1.00,1.10
2014.04.02 15:38:55.167,1.80027,1.80043,1.00,1.10
2014.04.02 15:38:57.437,1.80027,1.80044,1.65,1.25
2014.04.02 15:38:57.489,1.80034,1.80051,1.00,1.25
2014.04.02 15:39:02.920,1.80036,1.80053,1.00,1.00
2014.04.02 15:39:07.408,1.80036,1.80044,1.00,1.10
2014.04.02 15:39:09.866,1.80036,1.80045,1.00,1.10
2014.04.02 15:39:12.266,1.80032,1.80046,1.00,1.10
2014.04.02 15:39:13.499,1.80032,1.80049,1.00,1.58
2014.04.02 15:39:16.306,1.80032,1.80049,1.00,1.38
2014.04.02 15:39:17.938,1.80032,1.80049,1.00,1.00
2014.04.02 15:39:19.597,1.80034,1.8005,1.00,1.10
2014.04.02 15:39:20.925,1.80032,1.80049,1.00,1.00
2014.04.02 15:39:27.513,1.80032,1.80048,1.00,1.10
2014.04.02 15:39:28.017,1.80032,1.80049,1.00,1.43
2014.04.02 15:39:28.886,1.80032,1.80049,1.08,1.43
2014.04.02 15:39:28.987,1.80034,1.80051,1.00,1.00
2014.04.02 15:39:29.138,1.80034,1.80048,1.00,1.10
2014.04.02 15:39:29.479,1.80034,1.8005,1.00,1.10
2014.04.02 15:39:30.452,1.80034,1.80051,1.00,1.00
2014.04.02 15:39:31.057,1.80034,1.8005,1.00,1.10
2014.04.02 15:39:31.410,1.80037,1.8005,1.10,1.10
2014.04.02 15:39:35.742,1.80034,1.8005,1.00,1.10
2014.04.02 15:39:37.336,1.80034,1.80048,1.00,1.10
2014.04.02 15:39:37.539,1.80028,1.80045,1.00,1.13
2014.04.02 15:39:37.640,1.80026,1.80043,1.00,1.00
2014.04.02 15:39:39.002,1.80029,1.80046,1.00,1.00
2014.04.02 15:39:39.305,1.80032,1.80049,1.00,1.00
2014.04.02 15:39:57.053,1.80032,1.80049,1.00,1.19
2014.04.02 15:39:57.104,1.80026,1.80043,1.00,1.00
2014.04.02 15:39:57.806,1.80022,1.80039,1.00,1.00
2014.04.02 15:40:00.633,1.8002,1.80037,1.00,1.00
2014.04.02 15:40:00.936,1.80017,1.80034,1.19,1.00
2014.04.02 15:40:01.484,1.80017,1.80034,1.00,1.00
2014.04.02 15:40:05.735,1.80013,1.8003,1.00,1.00
2014.04.02 15:40:09.846,1.80014,1.8003,1.10,1.00
2014.04.02 15:40:12.469,1.80013,1.8003,1.00,1.00
2014.04.02 15:40:13.052,1.80013,1.8003,1.00,1.18
2014.04.02 15:40:13.103,1.8001,1.80027,1.00,1.00
2014.04.02 15:40:15.155,1.8001,1.80024,1.00,1.10
2014.04.02 15:40:15.458,1.8001,1.80022,1.00,1.10
2014.04.02 15:40:15.509,1.80007,1.80022,1.25,1.10
2014.04.02 15:40:15.711,1.80011,1.80028,1.00,1.00
2014.04.02 15:40:15.964,1.80008,1.80025,1.00,1.00
2014.04.02 15:40:16.267,1.8001,1.80027,1.00,1.00
2014.04.02 15:40:16.600,1.8001,1.80024,1.00,1.10
2014.04.02 15:40:16.824,1.80007,1.80024,1.25,1.58
2014.04.02 15:40:22.848,1.80004,1.80021,1.58,1.00
2014.04.02 15:40:24.287,1.80004,1.8002,1.00,1.10
2014.04.02 15:40:32.677,1.80004,1.80019,1.00,1.10
2014.04.02 15:40:32.778,1.80002,1.80019,1.00,1.58
2014.04.02 15:40:33.934,1.80006,1.80019,1.10,1.00
2014.04.02 15:40:33.986,1.80006,1.80022,1.10,1.00
2014.04.02 15:40:35.308,1.80005,1.80022,2.52,1.00
2014.04.02 15:40:37.532,1.80006,1.80022,1.10,1.00
2014.04.02 15:40:40.266,1.80015,1.8003,1.00,1.48
2014.04.02 15:40:40.317,1.80015,1.80029,1.00,1.10
2014.04.02 15:40:41.681,1.8002,1.80029,1.00,1.10
2014.04.02 15:40:41.886,1.8002,1.80032,1.00,1.10
2014.04.02 15:40:42.038,1.80023,1.8003,1.00,1.10
2014.04.02 15:40:44.857,1.80023,1.80034,1.00,1.10
2014.04.02 15:40:45.976,1.8002,1.80034,1.00,1.10
2014.04.02 15:40:46.844,1.80018,1.80034,1.25,1.10
2014.04.02 15:40:50.856,1.80018,1.80035,1.25,1.00
2014.04.02 15:40:51.015,1.80018,1.80032,1.25,1.10
2014.04.02 15:40:53.119,1.80016,1.80029,1.00,1.10
2014.04.02 15:40:53.947,1.80016,1.8003,1.00,1.10
2014.04.02 15:40:54.166,1.80016,1.80032,1.00,1.10
2014.04.02 15:40:56.187,1.80016,1.80033,1.00,1.58
2014.04.02 15:40:59.417,1.8002,1.80035,1.00,1.20
2014.04.02 15:40:59.872,1.80022,1.80035,1.00,1.10
2014.04.02 15:41:00.175,1.80018,1.80035,1.50,1.58
2014.04.02 15:41:02.264,1.80018,1.80033,1.25,1.10
2014.04.02 15:41:02.719,1.80018,1.80035,1.25,1.00
2014.04.02 15:41:02.820,1.80021,1.80036,1.00,1.10
2014.04.02 15:41:02.921,1.80021,1.80038,1.00,1.00
2014.04.02 15:41:03.123,1.80024,1.80039,1.00,1.10
2014.04.02 15:41:03.478,1.80024,1.80041,1.00,1.58
2014.04.02 15:41:04.486,1.80026,1.8004,1.00,1.10
2014.04.02 15:41:04.789,1.8003,1.8004,1.00,1.10
2014.04.02 15:41:05.471,1.80027,1.8004,1.00,1.10
2014.04.02 15:41:15.800,1.80027,1.80044,1.00,1.00
2014.04.02 15:41:15.850,1.80027,1.80044,1.45,1.00
2014.04.02 15:41:15.901,1.8003,1.80047,1.10,1.00
2014.04.02 15:41:15.952,1.80036,1.80047,2.33,1.00
2014.04.02 15:41:16.002,1.80036,1.80053,3.15,1.00
2014.04.02 15:41:16.053,1.80045,1.80053,1.00,1.00
2014.04.02 15:41:16.104,1.80045,1.80057,1.00,1.00
2014.04.02 15:41:16.743,1.80045,1.8006,1.00,1.00
2014.04.02 15:41:17.047,1.80043,1.8006,1.00,1.00
2014.04.02 15:41:22.775,1.80047,1.80062,1.00,1.20
2014.04.02 15:41:23.312,1.80047,1.80061,1.00,1.10
2014.04.02 15:41:27.079,1.80047,1.80059,1.00,1.10
2014.04.02 15:41:27.130,1.80044,1.80059,1.00,1.48
2014.04.02 15:41:27.281,1.80044,1.80054,1.00,1.20
2014.04.02 15:41:27.382,1.80044,1.80061,1.00,1.57
2014.04.02 15:41:27.433,1.80041,1.80058,1.00,1.38
2014.04.02 15:41:27.485,1.80053,1.80058,1.00,1.00
2014.04.02 15:41:27.586,1.80044,1.80061,1.15,1.00
2014.04.02 15:41:27.842,1.8005,1.80065,1.00,1.00
2014.04.02 15:41:28.363,1.80049,1.80065,1.00,1.00
2014.04.02 15:41:30.871,1.80049,1.80063,1.00,1.00
2014.04.02 15:41:42.255,1.80049,1.80066,1.69,1.00
2014.04.02 15:41:42.312,1.80051,1.80068,1.00,1.00
2014.04.02 15:41:43.523,1.80051,1.80068,1.00,1.38
2014.04.02 15:41:43.964,1.8005,1.80065,1.00,1.00
2014.04.02 15:41:44.608,1.80049,1.80065,1.00,1.00
2014.04.02 15:41:56.448,1.80048,1.80064,1.50,1.10
2014.04.02 15:41:57.145,1.80041,1.80055,1.00,1.38
2014.04.02 15:41:57.347,1.80038,1.80055,1.00,1.38
2014.04.02 15:41:57.879,1.80038,1.80055,1.00,1.13
2014.04.02 15:42:01.677,1.80047,1.80058,1.00,1.13
2014.04.02 15:42:03.510,1.80051,1.80068,1.00,2.14
2014.04.02 15:42:42.598,1.80051,1.80068,1.00,1.95
2014.04.02 15:42:51.328,1.80051,1.80068,1.00,1.95
2014.04.02 15:42:53.651,1.80058,1.80074,1.00,1.77
2014.04.02 15:42:53.705,1.80058,1.80074,1.00,1.39
2014.04.02 15:43:00.085,1.80058,1.80073,1.00,1.10
2014.04.02 15:43:00.676,1.80058,1.80075,1.00,2.14
2014.04.02 15:43:01.183,1.8006,1.80075,1.00,1.02
2014.04.02 15:43:03.578,1.80057,1.80074,1.00,1.00
2014.04.02 15:43:10.890,1.80057,1.80068,1.00,1.10
2014.04.02 15:43:12.745,1.80052,1.80068,1.00,1.48
2014.04.02 15:43:23.243,1.80052,1.80068,1.00,1.20
2014.04.02 15:43:23.496,1.80054,1.80069,1.00,1.48
2014.04.02 15:43:24.606,1.80054,1.80069,1.00,1.10
2014.04.02 15:43:26.829,1.80054,1.8007,1.00,1.10
2014.04.02 15:43:27.937,1.80054,1.80069,1.00,1.10
2014.04.02 15:43:28.240,1.80054,1.80066,1.00,1.10
2014.04.02 15:43:30.764,1.80051,1.80066,1.00,1.10
2014.04.02 15:43:45.892,1.80051,1.80067,1.00,1.20
2014.04.02 15:43:46.912,1.80051,1.80066,1.00,1.48
2014.04.02 15:43:47.165,1.80045,1.80061,1.00,1.38
2014.04.02 15:43:47.216,1.80045,1.80056,1.00,1.48
2014.04.02 15:43:47.267,1.80042,1.80056,1.00,1.95
2014.04.02 15:43:47.369,1.80039,1.80056,1.00,2.70
2014.04.02 15:43:48.444,1.80036,1.80053,1.00,1.95
2014.04.02 15:43:49.315,1.80036,1.80052,1.00,1.48
2014.04.02 15:43:49.666,1.80034,1.80051,1.00,1.38
2014.04.02 15:43:54.813,1.80032,1.80049,1.00,1.38
2014.04.02 15:43:57.363,1.80033,1.8005,1.00,1.38
2014.04.02 15:43:58.244,1.80034,1.8005,1.10,1.00
2014.04.02 15:43:58.346,1.80036,1.80053,1.00,1.13
2014.04.02 15:43:59.665,1.80036,1.80053,1.00,1.38
2014.04.02 15:44:05.562,1.80033,1.8005,1.00,1.00
2014.04.02 15:44:23.292,1.80033,1.80049,1.00,1.10
2014.04.02 15:44:24.282,1.80033,1.80046,1.00,1.10
2014.04.02 15:44:28.649,1.8003,1.80046,1.00,1.10
2014.04.02 15:44:28.701,1.8003,1.80043,1.00,1.10
2014.04.02 15:44:29.005,1.8003,1.80037,1.00,1.10
2014.04.02 15:44:29.055,1.80028,1.80043,1.00,1.10
2014.04.02 15:44:29.575,1.80028,1.80042,1.00,1.10
2014.04.02 15:44:31.782,1.80028,1.80043,1.00,1.10
2014.04.02 15:44:34.622,1.80028,1.80045,1.00,1.58
2014.04.02 15:44:36.799,1.80035,1.80047,1.39,1.00
2014.04.02 15:44:36.905,1.80035,1.8005,1.47,1.00
2014.04.02 15:44:37.006,1.80037,1.80054,1.25,1.00
2014.04.02 15:44:45.084,1.80038,1.80054,1.00,1.00
2014.04.02 15:44:53.797,1.80038,1.80054,1.20,1.00
2014.04.02 15:44:54.100,1.80042,1.80055,1.25,1.10
2014.04.02 15:44:54.505,1.80046,1.80055,1.00,1.10
2014.04.02 15:44:55.751,1.80046,1.80059,1.00,1.10
2014.04.02 15:45:07.157,1.80046,1.80055,1.00,1.10
2014.04.02 15:45:07.578,1.80046,1.80057,1.00,1.10
2014.04.02 15:45:07.741,1.80046,1.80054,1.00,1.10
2014.04.02 15:45:08.118,1.80043,1.80054,1.00,1.10
2014.04.02 15:45:10.537,1.80043,1.80054,1.08,1.10
2014.04.02 15:45:11.926,1.80043,1.8006,1.39,1.58
2014.04.02 15:45:12.077,1.80049,1.8006,1.08,1.10
2014.04.02 15:45:12.739,1.80054,1.80068,2.70,1.10
2014.04.02 15:45:12.796,1.80055,1.80068,1.83,1.10
2014.04.02 15:45:12.897,1.80059,1.80074,1.53,1.10
2014.04.02 15:45:12.948,1.80064,1.80074,1.00,1.10
2014.04.02 15:45:13.502,1.80064,1.80081,1.00,1.00
2014.04.02 15:45:15.650,1.80069,1.80081,1.28,1.00
2014.04.02 15:45:15.701,1.8007,1.80084,1.10,1.00
2014.04.02 15:45:15.752,1.8007,1.80084,1.69,1.00
2014.04.02 15:45:15.853,1.80073,1.8009,1.18,1.00
2014.04.02 15:45:16.055,1.80076,1.80092,1.00,1.10
2014.04.02 15:45:16.411,1.80073,1.80086,1.00,1.10
2014.04.02 15:45:17.055,1.8007,1.80086,1.00,1.10
2014.04.02 15:45:20.187,1.80067,1.80084,1.19,1.13
2014.04.02 15:45:20.530,1.80067,1.8008,1.00,1.58
2014.04.02 15:45:20.581,1.80064,1.8008,1.00,1.65
2014.04.02 15:45:20.865,1.80056,1.80073,1.19,1.00
2014.04.02 15:45:20.919,1.80056,1.80073,1.25,1.38
2014.04.02 15:45:20.970,1.80056,1.80067,1.00,1.10
2014.04.02 15:45:21.021,1.80054,1.80067,1.00,1.10
2014.04.02 15:45:21.173,1.80052,1.80067,1.00,1.10
2014.04.02 15:45:21.332,1.8005,1.80067,1.00,1.58
2014.04.02 15:45:22.424,1.8005,1.80066,1.25,1.10
2014.04.02 15:45:22.940,1.80048,1.80065,1.19,1.00
2014.04.02 15:45:23.449,1.80048,1.80065,1.00,1.58
2014.04.02 15:45:23.551,1.80046,1.80063,1.25,1.00
2014.04.02 15:45:26.052,1.80046,1.80063,1.00,1.95
2014.04.02 15:45:26.204,1.80043,1.8006,1.00,2.10
2014.04.02 15:45:26.305,1.80041,1.80058,1.00,1.20
2014.04.02 15:45:26.406,1.80038,1.80055,1.19,1.00
2014.04.02 15:45:27.559,1.80038,1.80055,1.19,1.38
2014.04.02 15:45:27.866,1.80036,1.80052,1.29,1.00
2014.04.02 15:45:30.496,1.80036,1.80052,1.29,1.00
2014.04.02 15:45:37.589,1.80036,1.80052,1.29,1.00
2014.04.02 15:45:38.120,1.80035,1.80051,1.77,1.00
2014.04.02 15:45:41.275,1.80035,1.80052,1.77,1.38
2014.04.02 15:45:41.823,1.80035,1.80052,1.77,1.00
2014.04.02 15:45:42.576,1.80035,1.80052,1.58,1.00
2014.04.02 15:45:57.396,1.80035,1.80052,1.00,1.38
2014.04.02 15:45:57.701,1.80033,1.80045,1.00,1.20
2014.04.02 15:45:57.751,1.80026,1.80043,1.00,1.00
2014.04.02 15:45:58.275,1.80026,1.80043,1.19,1.00
2014.04.02 15:46:00.479,1.80026,1.80043,1.25,1.00
2014.04.02 15:46:04.038,1.80026,1.8004,1.25,1.10
2014.04.02 15:46:08.349,1.80026,1.80038,1.25,1.10
2014.04.02 15:46:08.400,1.80022,1.80038,1.38,1.48
2014.04.02 15:46:08.451,1.80022,1.8003,1.38,1.10
2014.04.02 15:46:08.654,1.80018,1.80027,1.00,1.10
2014.04.02 15:46:09.290,1.80018,1.80028,1.00,1.00
2014.04.02 15:46:10.327,1.80018,1.80029,1.00,1.10
2014.04.02 15:46:10.428,1.80016,1.80027,1.19,1.10
2014.04.02 15:46:11.041,1.80016,1.80027,1.00,1.10
2014.04.02 15:46:18.498,1.80016,1.80029,1.00,1.10
2014.04.02 15:46:22.902,1.80019,1.80029,1.00,1.10
2014.04.02 15:46:23.371,1.80019,1.80034,1.00,1.48
2014.04.02 15:46:23.726,1.80019,1.8003,1.00,1.10
2014.04.02 15:46:26.229,1.80019,1.80031,1.00,1.10
2014.04.02 15:46:26.891,1.80019,1.80032,1.00,1.10
2014.04.02 15:46:34.349,1.80019,1.80036,1.00,1.95
2014.04.02 15:46:34.501,1.80021,1.80038,1.00,1.00
2014.04.02 15:46:34.850,1.80025,1.80042,1.10,1.58
2014.04.02 15:46:35.422,1.80027,1.80042,1.00,1.10
2014.04.02 15:46:47.223,1.80025,1.80042,1.00,1.95
2014.04.02 15:46:47.425,1.80025,1.80042,1.00,1.95
2014.04.02 15:46:47.476,1.80022,1.80039,1.00,1.13
2014.04.02 15:46:48.170,1.80022,1.80038,1.00,1.10
2014.04.02 15:46:48.670,1.80019,1.80036,1.19,1.00
2014.04.02 15:46:49.681,1.80019,1.80036,1.25,1.00
2014.04.02 15:46:54.912,1.80022,1.80039,1.00,1.13
2014.04.02 15:46:55.215,1.80022,1.80037,1.00,1.10
2014.04.02 15:46:55.727,1.80022,1.80035,1.00,1.10
2014.04.02 15:46:59.443,1.80022,1.80036,1.00,1.10
2014.04.02 15:46:59.660,1.80022,1.80038,1.00,1.10
2014.04.02 15:47:00.193,1.80022,1.80039,1.00,1.00
2014.04.02 15:47:01.634,1.80022,1.80037,1.00,1.10
2014.04.02 15:47:02.169,1.80022,1.80035,1.00,1.10
2014.04.02 15:47:02.745,1.80024,1.80036,1.00,1.10
2014.04.02 15:47:03.519,1.80024,1.80038,1.00,1.10
2014.04.02 15:47:03.621,1.80027,1.80042,1.00,1.10
2014.04.02 15:47:06.900,1.80027,1.80038,1.00,1.10
2014.04.02 15:47:08.841,1.80028,1.80038,1.00,1.10
2014.04.02 15:47:09.371,1.80027,1.80038,1.00,1.10
2014.04.02 15:47:10.821,1.80028,1.80038,1.00,1.10
2014.04.02 15:47:12.506,1.8003,1.8004,1.38,1.10
2014.04.02 15:47:12.830,1.80036,1.80053,1.00,1.39
2014.04.02 15:47:15.164,1.80033,1.80039,1.00,1.10
2014.04.02 15:47:15.266,1.80036,1.80051,1.00,1.00
2014.04.02 15:47:15.519,1.80033,1.80039,1.00,1.10
2014.04.02 15:47:15.721,1.8003,1.80039,1.00,1.10
2014.04.02 15:47:22.482,1.80033,1.80039,1.00,1.10
2014.04.02 15:47:22.589,1.8003,1.80039,1.00,1.10
2014.04.02 15:47:22.640,1.8003,1.80041,1.00,1.10
2014.04.02 15:47:23.017,1.8003,1.80039,1.00,1.10
2014.04.02 15:47:23.454,1.80028,1.80039,1.00,1.10
2014.04.02 15:47:24.035,1.80027,1.80039,1.00,1.10
2014.04.02 15:47:24.696,1.80027,1.80038,1.00,1.10
2014.04.02 15:47:24.849,1.80025,1.80037,1.25,1.10
2014.04.02 15:47:24.900,1.80025,1.80039,1.00,1.10
2014.04.02 15:47:27.049,1.8002,1.80037,1.19,1.00
2014.04.02 15:47:27.194,1.80018,1.80035,1.69,1.00
2014.04.02 15:47:27.346,1.80018,1.80035,1.69,1.00
2014.04.02 15:47:27.396,1.80023,1.80035,1.00,1.00
2014.04.02 15:47:29.568,1.80018,1.80035,1.69,1.00
2014.04.02 15:47:29.969,1.80018,1.80032,1.69,1.10
2014.04.02 15:47:33.485,1.80018,1.80032,1.50,1.10
2014.04.02 15:47:45.782,1.80023,1.80032,1.00,1.10
2014.04.02 15:47:52.704,1.80018,1.80032,1.00,1.58
2014.04.02 15:48:02.614,1.80023,1.80032,1.00,1.58
2014.04.02 15:48:06.339,1.80027,1.80032,1.00,1.10
2014.04.02 15:48:06.390,1.80028,1.80037,1.00,1.50
2014.04.02 15:48:06.491,1.80028,1.80037,1.50,1.00
2014.04.02 15:48:06.542,1.80033,1.80037,1.00,1.00
2014.04.02 15:48:06.643,1.80033,1.80043,1.00,1.00
2014.04.02 15:48:06.744,1.80033,1.80045,1.00,1.00
2014.04.02 15:48:07.047,1.80033,1.80042,1.00,1.10
2014.04.02 15:48:07.149,1.80033,1.80046,1.00,1.10
2014.04.02 15:48:10.630,1.80036,1.80046,1.00,1.10
2014.04.02 15:48:10.681,1.80038,1.80053,1.02,1.38
2014.04.02 15:48:10.732,1.80047,1.80055,1.00,1.00
2014.04.02 15:48:10.784,1.80048,1.80055,1.00,1.38
2014.04.02 15:48:10.885,1.80048,1.80055,1.00,1.00
2014.04.02 15:48:10.936,1.80048,1.80059,1.00,1.00
2014.04.02 15:48:11.037,1.80048,1.80062,1.00,1.58
2014.04.02 15:48:17.860,1.80053,1.80062,1.00,1.58
2014.04.02 15:48:20.393,1.80045,1.80062,1.18,1.58
2014.04.02 15:48:20.443,1.80045,1.80054,1.10,1.10
2014.04.02 15:48:20.494,1.80041,1.80054,1.48,1.10
2014.04.02 15:48:20.747,1.80038,1.80054,1.50,1.10
2014.04.02 15:48:25.385,1.80038,1.80054,1.00,1.48
2014.04.02 15:48:34.979,1.80038,1.80054,1.50,1.10
2014.04.02 15:48:38.376,1.80038,1.80054,1.18,1.10
2014.04.02 15:48:39.800,1.80038,1.80054,2.03,1.10
2014.04.02 15:48:40.003,1.80042,1.80058,1.20,1.10
2014.04.02 15:48:40.105,1.80042,1.80059,1.10,1.00
2014.04.02 15:48:40.638,1.80042,1.80058,1.10,1.10
2014.04.02 15:48:41.322,1.80043,1.80058,1.00,1.10
2014.04.02 15:48:42.628,1.8005,1.80058,1.00,1.10
2014.04.02 15:48:43.184,1.8005,1.80062,1.00,1.10
2014.04.02 15:48:43.688,1.80044,1.80061,1.00,1.13
2014.04.02 15:48:50.889,1.80044,1.80052,1.00,1.10
2014.04.02 15:48:51.095,1.80041,1.80052,1.00,1.10
2014.04.02 15:48:51.196,1.80038,1.80052,1.00,1.10
2014.04.02 15:48:54.206,1.80038,1.80054,1.00,1.10
2014.04.02 15:48:55.488,1.80038,1.80052,1.00,1.10
2014.04.02 15:49:00.344,1.80041,1.80052,1.00,1.10
2014.04.02 15:49:00.659,1.80041,1.80049,1.00,1.10
2014.04.02 15:49:03.814,1.80041,1.80053,1.00,1.10
2014.04.02 15:49:03.915,1.80041,1.80054,1.38,1.10
2014.04.02 15:49:04.118,1.80046,1.80058,1.10,1.10
2014.04.02 15:49:04.168,1.8005,1.80058,1.00,1.10
2014.04.02 15:49:04.219,1.8005,1.8006,1.00,1.10
2014.04.02 15:49:04.679,1.8005,1.80062,1.00,1.10
2014.04.02 15:49:04.984,1.8005,1.80058,1.19,1.10
2014.04.02 15:49:05.187,1.80047,1.80058,1.00,1.10
2014.04.02 15:49:09.205,1.80047,1.80054,1.00,1.10
2014.04.02 15:49:11.429,1.80047,1.80056,1.00,1.10
2014.04.02 15:49:12.017,1.80045,1.80056,1.00,1.10
2014.04.02 15:49:20.783,1.80045,1.80058,1.00,1.20
2014.04.02 15:49:21.008,1.80041,1.80058,1.00,1.58
2014.04.02 15:49:21.110,1.80037,1.80054,1.19,1.38
2014.04.02 15:49:21.161,1.80037,1.80054,1.00,1.72
2014.04.02 15:49:21.213,1.80037,1.80041,1.00,1.10
2014.04.02 15:49:21.265,1.80034,1.80041,1.00,1.10
2014.04.02 15:49:21.366,1.80031,1.80041,1.00,1.10
2014.04.02 15:49:21.417,1.80031,1.80047,1.00,1.48
2014.04.02 15:49:21.669,1.80031,1.80047,1.00,1.20
2014.04.02 15:49:28.515,1.80034,1.80047,1.00,1.10
2014.04.02 15:49:29.137,1.80035,1.80047,1.00,1.10
2014.04.02 15:49:30.577,1.80033,1.80047,1.00,1.10
2014.04.02 15:49:30.836,1.8003,1.80047,1.00,1.95
2014.04.02 15:49:30.887,1.8003,1.80043,1.00,1.10
2014.04.02 15:49:31.561,1.8003,1.80041,1.00,1.00
2014.04.02 15:49:31.667,1.8003,1.80047,1.00,1.88
2014.04.02 15:49:31.891,1.8003,1.80047,1.13,1.50
2014.04.02 15:49:31.993,1.80036,1.80045,1.00,1.00
2014.04.02 15:49:32.425,1.80036,1.80049,1.00,1.10
2014.04.02 15:49:32.577,1.80038,1.80049,1.00,1.10
2014.04.02 15:49:32.628,1.80038,1.80051,1.00,1.10
2014.04.02 15:49:32.680,1.80041,1.80051,1.00,1.10
2014.04.02 15:49:33.141,1.80039,1.80051,1.00,1.48
2014.04.02 15:49:33.191,1.80039,1.8005,1.00,1.48
2014.04.02 15:49:33.343,1.80036,1.80041,1.00,1.10
2014.04.02 15:49:34.186,1.80033,1.80041,1.00,1.10
2014.04.02 15:49:34.571,1.80033,1.80045,1.00,1.10
2014.04.02 15:49:36.552,1.80033,1.80046,1.00,1.10
2014.04.02 15:49:37.092,1.80033,1.80045,1.00,1.10
2014.04.02 15:49:40.894,1.8003,1.80045,1.00,1.10
2014.04.02 15:49:48.200,1.80032,1.80045,1.00,1.10
2014.04.02 15:49:48.251,1.80032,1.80047,1.00,1.00
2014.04.02 15:49:48.301,1.80033,1.8005,1.20,1.00
2014.04.02 15:49:48.604,1.80035,1.80047,1.00,1.10
2014.04.02 15:49:50.990,1.80035,1.80045,1.00,1.10
2014.04.02 15:49:55.305,1.80032,1.80045,1.00,1.10
2014.04.02 15:50:03.249,1.80032,1.80045,1.38,1.10
2014.04.02 15:50:03.351,1.80036,1.80051,1.00,1.10
2014.04.02 15:50:03.453,1.80038,1.80055,1.10,1.58
2014.04.02 15:50:03.503,1.80038,1.80055,1.47,1.58
2014.04.02 15:50:03.806,1.80044,1.80057,1.00,1.10
2014.04.02 15:50:04.319,1.80044,1.80061,1.00,1.13
2014.04.02 15:50:05.017,1.80047,1.80064,1.00,2.14
2014.04.02 15:50:05.068,1.80047,1.80064,1.00,1.77
2014.04.02 15:50:07.440,1.80047,1.80064,1.00,1.63
2014.04.02 15:50:15.023,1.80047,1.80064,1.00,1.13
2014.04.02 15:50:15.175,1.8005,1.80064,1.10,1.00
2014.04.02 15:50:15.225,1.8005,1.80066,1.58,1.00
2014.04.02 15:50:15.377,1.80054,1.80066,1.10,1.00
2014.04.02 15:50:15.428,1.80054,1.80069,1.10,1.00
2014.04.02 15:50:15.683,1.80055,1.80072,1.00,1.13
2014.04.02 15:50:17.248,1.80059,1.80076,1.00,1.88
2014.04.02 15:50:18.323,1.80059,1.80076,1.00,2.03
2014.04.02 15:50:25.933,1.80059,1.80076,1.00,2.14
2014.04.02 15:50:30.663,1.80062,1.80076,1.00,1.38
2014.04.02 15:50:32.401,1.80059,1.80076,1.00,1.88
2014.04.02 15:50:32.920,1.80059,1.80076,1.00,1.88
2014.04.02 15:50:37.074,1.80059,1.80065,1.00,1.00
2014.04.02 15:50:39.092,1.80051,1.80068,1.19,1.00
2014.04.02 15:50:39.143,1.80051,1.80068,1.00,1.38
2014.04.02 15:50:39.346,1.80051,1.80068,1.00,1.38
2014.04.02 15:50:39.497,1.80054,1.80069,1.00,1.38
2014.04.02 15:51:00.692,1.80051,1.80068,1.13,1.38
2014.04.02 15:51:12.017,1.80051,1.80068,1.00,1.38
2014.04.02 15:51:16.988,1.80053,1.8007,1.00,1.38
2014.04.02 15:51:17.547,1.80056,1.80073,1.00,1.57
2014.04.02 15:51:22.126,1.80059,1.80073,1.10,2.07
2014.04.02 15:51:22.178,1.80059,1.80073,1.10,1.69
2014.04.02 15:51:22.229,1.80059,1.80073,1.10,1.00
2014.04.02 15:51:22.280,1.80059,1.80076,1.58,1.00
2014.04.02 15:51:22.382,1.80062,1.80079,1.58,1.38
2014.04.02 15:51:22.685,1.8006,1.80077,1.00,2.70
2014.04.02 15:51:23.189,1.8006,1.80077,1.00,2.89
2014.04.02 15:51:24.756,1.8006,1.80077,1.00,3.64
2014.04.02 15:51:25.813,1.80056,1.80073,1.00,1.38
2014.04.02 15:51:26.116,1.80054,1.80071,1.00,1.38
2014.04.02 15:51:42.306,1.80054,1.80071,1.00,1.95
2014.04.02 15:51:43.036,1.80054,1.80071,1.00,1.95
2014.04.02 15:51:48.664,1.80049,1.80066,1.65,1.38
2014.04.02 15:51:48.765,1.80049,1.80066,1.58,1.38
2014.04.02 15:51:48.917,1.80049,1.80063,1.00,1.10
2014.04.02 15:51:49.220,1.80049,1.80063,1.00,1.48
2014.04.02 15:52:00.621,1.80049,1.80066,1.58,1.38
2014.04.02 15:52:06.511,1.80049,1.80066,1.00,1.00
2014.04.02 15:52:18.667,1.8005,1.80066,1.10,1.10
2014.04.02 15:52:22.625,1.80049,1.80066,1.00,1.10
2014.04.02 15:52:23.255,1.80049,1.80065,1.00,1.13
2014.04.02 15:52:23.356,1.80047,1.80064,1.58,1.00
2014.04.02 15:52:24.494,1.80049,1.80064,1.10,1.00
2014.04.02 15:52:26.447,1.80047,1.80064,1.58,1.00
2014.04.02 15:52:26.976,1.80047,1.80064,1.58,1.18
2014.04.02 15:52:28.219,1.80047,1.80064,1.58,1.00
2014.04.02 15:52:29.616,1.80049,1.80064,1.10,1.00
2014.04.02 15:52:38.358,1.8005,1.80064,1.10,1.00
2014.04.02 15:52:40.461,1.8005,1.80067,1.58,1.00
2014.04.02 15:52:41.765,1.80056,1.80067,1.10,1.00
2014.04.02 15:52:43.525,1.8006,1.80067,1.10,1.00
2014.04.02 15:52:44.228,1.80059,1.80067,1.10,1.00
2014.04.02 15:52:50.101,1.80068,1.8008,1.00,2.25
2014.04.02 15:52:50.155,1.80069,1.80086,1.00,1.00
2014.04.02 15:52:50.409,1.80079,1.80086,1.10,1.00
2014.04.02 15:52:51.950,1.80075,1.80086,1.10,1.00
2014.04.02 15:52:52.051,1.80075,1.80084,1.10,1.00
2014.04.02 15:52:52.943,1.80073,1.80084,1.10,1.00
2014.04.02 15:52:53.484,1.80075,1.80084,1.10,1.00
2014.04.02 15:52:58.513,1.80075,1.80085,1.10,1.00
2014.04.02 15:52:58.914,1.80071,1.80085,1.10,1.00
2014.04.02 15:52:59.015,1.80073,1.80085,1.10,1.00
2014.04.02 15:53:05.781,1.80063,1.80071,1.10,1.13
2014.04.02 15:53:06.496,1.80062,1.80073,1.10,1.38
2014.04.02 15:53:06.814,1.80062,1.80073,1.10,1.00
2014.04.02 15:53:07.669,1.80062,1.80069,1.10,1.00
2014.04.02 15:53:07.720,1.8006,1.80069,1.10,1.00
2014.04.02 15:53:14.476,1.80061,1.80069,1.10,1.00
2014.04.02 15:53:15.218,1.80062,1.80069,1.10,1.00
2014.04.02 15:53:16.255,1.8006,1.80069,1.10,1.00
2014.04.02 15:53:16.902,1.8005,1.80065,1.10,1.00
2014.04.02 15:53:17.155,1.8005,1.80062,1.10,1.00
2014.04.02 15:53:17.256,1.80052,1.80066,1.10,1.25
2014.04.02 15:53:17.459,1.80052,1.80066,1.10,1.39
2014.04.02 15:53:17.758,1.80052,1.80066,1.10,2.14
2014.04.02 15:53:20.782,1.80051,1.80064,1.10,1.00
2014.04.02 15:53:25.115,1.80052,1.80064,1.10,1.00
2014.04.02 15:53:25.679,1.80051,1.80064,1.10,1.00
2014.04.02 15:53:26.874,1.80052,1.80064,1.10,1.00
2014.04.02 15:53:27.975,1.80051,1.80064,1.10,1.00
2014.04.02 15:53:29.971,1.80051,1.80064,1.10,1.29
2014.04.02 15:53:31.552,1.80051,1.80061,1.10,1.00
2014.04.02 15:53:32.105,1.80052,1.80061,1.10,1.00
2014.04.02 15:53:32.988,1.80052,1.80059,1.10,1.00
2014.04.02 15:53:36.374,1.80051,1.80059,1.10,1.00
2014.04.02 15:53:44.733,1.80049,1.80059,1.10,1.00
2014.04.02 15:53:50.461,1.80047,1.80059,1.10,1.00
2014.04.02 15:53:56.209,1.80047,1.80062,1.10,3.38
2014.04.02 15:54:00.243,1.80045,1.80062,1.00,3.00
2014.04.02 15:54:02.037,1.80047,1.80062,1.00,2.25
2014.04.02 15:54:07.133,1.80047,1.80063,1.00,2.25
2014.04.02 15:54:10.017,1.8004,1.80052,1.48,1.00
2014.04.02 15:54:10.338,1.80041,1.80049,1.10,1.00
2014.04.02 15:54:10.574,1.80038,1.80053,1.10,1.13
2014.04.02 15:54:11.030,1.80038,1.8005,1.10,1.00
2014.04.02 15:54:11.595,1.80039,1.8005,1.10,1.00
2014.04.02 15:54:12.127,1.80038,1.8005,1.10,1.00
2014.04.02 15:54:17.491,1.80048,1.80058,1.00,1.38
2014.04.02 15:54:23.323,1.80048,1.80062,1.00,1.48
2014.04.02 15:54:23.374,1.80051,1.80062,1.00,1.10
2014.04.02 15:54:25.469,1.80051,1.80068,1.00,3.42
2014.04.02 15:54:25.570,1.80049,1.80066,1.00,1.02
2014.04.02 15:54:25.773,1.80049,1.80066,1.00,1.39
2014.04.02 15:54:35.119,1.80049,1.80066,1.00,1.39
2014.04.02 15:54:36.644,1.80052,1.80068,1.00,1.39
2014.04.02 15:54:36.746,1.80052,1.80068,1.00,1.58
2014.04.02 15:54:36.847,1.80049,1.80066,1.00,1.00
2014.04.02 15:54:37.391,1.80048,1.80065,1.00,1.20
2014.04.02 15:54:38.400,1.80046,1.80063,1.00,1.00
2014.04.02 15:54:38.864,1.80048,1.80063,1.10,1.00
2014.04.02 15:54:44.362,1.8005,1.80063,1.10,1.00
2014.04.02 15:54:47.234,1.80048,1.80061,1.10,1.00
2014.04.02 15:54:48.456,1.8005,1.80061,1.10,1.00
2014.04.02 15:54:48.557,1.80048,1.80061,1.10,1.00
2014.04.02 15:54:57.035,1.8005,1.80061,1.10,1.00
2014.04.02 15:54:57.801,1.80048,1.80061,1.10,1.00
2014.04.02 15:54:59.627,1.80048,1.80064,1.10,1.00
2014.04.02 15:55:01.989,1.80049,1.80064,1.10,1.00
2014.04.02 15:55:05.074,1.80047,1.80064,1.00,1.00
2014.04.02 15:55:05.620,1.80044,1.80061,1.00,1.10
2014.04.02 15:55:05.923,1.80042,1.80059,1.00,1.00
2014.04.02 15:55:06.889,1.80046,1.80062,1.00,1.84
2014.04.02 15:55:07.040,1.80046,1.80062,1.38,1.95
2014.04.02 15:55:07.142,1.80049,1.80062,1.00,1.58
2014.04.02 15:55:07.446,1.80059,1.80076,1.00,1.00
2014.04.02 15:55:11.014,1.8006,1.80076,1.10,1.00
2014.04.02 15:55:14.663,1.8006,1.80076,1.10,1.38
2014.04.02 15:55:17.737,1.80059,1.80076,1.58,1.34
2014.04.02 15:55:17.889,1.80059,1.80076,1.58,1.00
2014.04.02 15:55:18.681,1.80059,1.80076,1.00,1.38
2014.04.02 15:55:19.128,1.80059,1.80076,1.00,1.00
2014.04.02 15:55:19.230,1.80063,1.80078,1.10,1.74
2014.04.02 15:55:19.533,1.80067,1.80078,1.10,1.00
2014.04.02 15:55:19.858,1.80065,1.80078,1.10,1.00
2014.04.02 15:55:20.731,1.80067,1.80078,1.10,1.00
2014.04.02 15:55:20.781,1.80067,1.80081,1.10,1.57
2014.04.02 15:55:21.292,1.80067,1.80081,1.10,1.00
2014.04.02 15:55:22.020,1.80067,1.80081,1.10,1.18
2014.04.02 15:55:22.322,1.80065,1.80081,1.10,1.18
2014.04.02 15:55:23.077,1.80065,1.80081,1.10,1.00
2014.04.02 15:55:25.054,1.80067,1.80079,1.00,1.84
2014.04.02 15:55:25.606,1.80053,1.8007,1.50,1.00
2014.04.02 15:55:25.659,1.80053,1.8007,1.00,1.00
2014.04.02 15:55:28.142,1.80065,1.80073,1.10,1.32
2014.04.02 15:55:28.345,1.80065,1.80078,1.10,1.13
2014.04.02 15:55:28.871,1.80065,1.80082,1.58,1.72
2014.04.02 15:55:31.930,1.80065,1.80082,1.58,1.72
2014.04.02 15:55:32.031,1.80067,1.80082,1.10,1.72
2014.04.02 15:55:32.451,1.80065,1.80079,1.10,1.25
2014.04.02 15:55:37.747,1.80065,1.80079,1.10,1.19
2014.04.02 15:55:39.357,1.80065,1.80079,1.10,1.19
2014.04.02 15:55:40.260,1.80065,1.80079,1.10,1.00
2014.04.02 15:55:40.823,1.80065,1.80082,1.58,1.34
2014.04.02 15:55:41.483,1.80065,1.80079,1.10,1.00
2014.04.02 15:55:44.705,1.80066,1.80079,1.10,1.00
2014.04.02 15:55:47.005,1.80065,1.80082,1.00,1.19
2014.04.02 15:55:47.065,1.80064,1.80078,1.10,1.00
2014.04.02 15:55:47.659,1.80063,1.80078,1.10,1.00
2014.04.02 15:55:47.983,1.80064,1.80081,1.00,1.25
2014.04.02 15:55:48.185,1.80063,1.80077,1.10,1.00
2014.04.02 15:56:05.634,1.80064,1.80077,1.10,1.00
2014.04.02 15:56:05.887,1.80064,1.80081,1.58,1.19
2014.04.02 15:56:07.132,1.80064,1.80081,1.00,1.72
2014.04.02 15:56:10.876,1.80063,1.80079,1.10,1.67
2014.04.02 15:56:11.209,1.80063,1.80079,1.10,1.48
2014.04.02 15:56:15.366,1.80063,1.80076,1.10,1.13
2014.04.02 15:56:15.417,1.80059,1.80076,1.00,1.13
2014.04.02 15:56:17.514,1.8006,1.80076,1.10,1.93
2014.04.02 15:56:17.566,1.8006,1.80076,1.10,1.55
2014.04.02 15:56:17.970,1.80059,1.80073,1.10,1.00
2014.04.02 15:56:19.198,1.80057,1.80073,1.10,1.00
2014.04.02 15:56:22.872,1.80057,1.80073,1.10,1.34
2014.04.02 15:56:22.923,1.80052,1.80069,1.00,1.00
2014.04.02 15:56:23.432,1.80052,1.80069,1.00,1.09
2014.04.02 15:56:23.483,1.8005,1.80067,1.00,1.13
2014.04.02 15:56:25.133,1.80051,1.80067,1.10,1.13
2014.04.02 15:56:25.687,1.80052,1.80069,1.00,1.55
2014.04.02 15:56:27.858,1.80049,1.80066,1.58,1.25
2014.04.02 15:56:27.960,1.80049,1.80066,1.00,1.40
2014.04.02 15:56:28.112,1.80049,1.80066,1.00,1.25
2014.04.02 15:56:28.781,1.80051,1.80066,1.10,1.00
2014.04.02 15:56:29.349,1.80049,1.80066,1.58,1.00
2014.04.02 15:56:30.123,1.80049,1.80066,1.58,1.34
2014.04.02 15:56:30.953,1.80052,1.80068,1.00,2.22
2014.04.02 15:56:31.011,1.80052,1.80069,1.00,1.47
2014.04.02 15:56:32.618,1.80049,1.80066,1.00,1.00
2014.04.02 15:56:33.459,1.80045,1.80062,1.00,1.00
2014.04.02 15:56:33.814,1.80049,1.80066,1.00,1.00
2014.04.02 15:56:35.453,1.80047,1.80064,1.00,1.00
2014.04.02 15:56:35.756,1.80049,1.80066,1.28,1.00
2014.04.02 15:56:35.807,1.80049,1.80066,1.20,1.00
2014.04.02 15:56:35.908,1.80054,1.80068,1.00,1.32
2014.04.02 15:56:36.445,1.80052,1.80069,1.00,1.38
2014.04.02 15:56:36.907,1.8005,1.80067,1.00,1.00
2014.04.02 15:56:37.010,1.80048,1.80065,1.00,1.00
2014.04.02 15:56:37.784,1.80045,1.80062,1.00,1.00
2014.04.02 15:56:41.172,1.80049,1.80066,1.00,1.20
2014.04.02 15:56:41.600,1.80049,1.80066,1.00,1.08
2014.04.02 15:56:45.649,1.80046,1.80063,1.00,1.00
2014.04.02 15:56:48.938,1.80046,1.80063,1.00,1.38
2014.04.02 15:56:48.989,1.80043,1.8006,1.13,1.00
2014.04.02 15:56:49.191,1.80043,1.80055,1.00,1.00
2014.04.02 15:56:49.242,1.8004,1.80055,1.00,1.48
2014.04.02 15:56:49.343,1.80037,1.80054,1.00,1.48
2014.04.02 15:56:49.646,1.80039,1.80056,1.00,1.65
2014.04.02 15:56:49.798,1.80039,1.80056,1.00,1.00
2014.04.02 15:56:50.103,1.80042,1.80059,1.00,1.00
2014.04.02 15:56:50.896,1.80042,1.80059,1.00,1.45
2014.04.02 15:56:50.997,1.80038,1.80053,1.00,1.13
2014.04.02 15:56:51.099,1.80036,1.80053,1.00,1.88
2014.04.02 15:56:51.874,1.8004,1.80057,1.00,1.00
2014.04.02 15:56:54.042,1.80041,1.80057,1.10,1.00
2014.04.02 15:56:54.497,1.80041,1.80054,1.10,1.00
2014.04.02 15:56:54.717,1.80041,1.80058,1.00,1.50
2014.04.02 15:56:55.071,1.80041,1.80058,1.00,1.13
2014.04.02 15:56:55.273,1.80044,1.80061,1.08,1.00
2014.04.02 15:56:55.577,1.80054,1.80071,1.58,1.00
2014.04.02 15:56:55.930,1.80056,1.80073,1.00,1.38
2014.04.02 15:56:56.671,1.80054,1.80071,1.00,1.00
2014.04.02 15:56:59.494,1.80055,1.80071,1.10,1.00
2014.04.02 15:56:59.684,1.80059,1.80071,1.10,1.00
2014.04.02 15:57:00.009,1.80056,1.80071,1.10,1.00
2014.04.02 15:57:00.669,1.80055,1.80071,1.10,1.00
2014.04.02 15:57:00.783,1.80057,1.80073,1.00,1.00
2014.04.02 15:57:06.125,1.80057,1.80074,1.00,1.00
2014.04.02 15:57:06.694,1.80057,1.80074,1.28,1.00
2014.04.02 15:57:07.022,1.80065,1.8008,1.10,1.00
2014.04.02 15:57:07.330,1.80063,1.8008,1.58,1.00
2014.04.02 15:57:07.831,1.80064,1.8008,1.10,1.00
2014.04.02 15:57:08.347,1.80063,1.8008,1.00,1.00
2014.04.02 15:57:12.369,1.80063,1.8008,1.00,1.38
2014.04.02 15:57:12.621,1.80059,1.80076,1.00,1.00
2014.04.02 15:57:12.672,1.80056,1.80073,1.00,1.00
2014.04.02 15:57:12.975,1.80059,1.80076,1.00,1.00
2014.04.02 15:57:14.387,1.80059,1.80076,1.00,1.38
2014.04.02 15:57:14.928,1.80056,1.80073,1.00,1.00
2014.04.02 15:57:15.447,1.80056,1.80073,1.00,2.10
2014.04.02 15:57:15.649,1.80056,1.80073,1.00,1.20
2014.04.02 15:57:16.600,1.80053,1.8007,1.00,1.00
2014.04.02 15:57:19.892,1.80053,1.8007,1.00,1.19
2014.04.02 15:57:21.711,1.80053,1.8007,1.00,1.00
2014.04.02 15:57:26.051,1.80051,1.80068,1.00,1.00
2014.04.02 15:57:33.329,1.80053,1.8007,1.00,1.15
2014.04.02 15:57:33.380,1.80053,1.8007,1.13,1.00
2014.04.02 15:57:33.431,1.80056,1.80073,1.00,1.15
2014.04.02 15:57:33.736,1.80055,1.80068,1.00,1.39
2014.04.02 15:57:33.787,1.80052,1.80068,1.00,2.14
2014.04.02 15:57:33.888,1.80048,1.80065,1.00,1.84
2014.04.02 15:57:34.192,1.80045,1.80062,1.00,1.13
2014.04.02 15:57:34.343,1.80045,1.80062,1.00,1.20
2014.04.02 15:57:34.445,1.80042,1.80059,1.00,1.10
2014.04.02 15:57:34.951,1.80042,1.80059,1.00,1.18
2014.04.02 15:57:35.749,1.80042,1.80059,1.00,1.00
2014.04.02 15:57:38.430,1.80042,1.80059,1.00,1.55
2014.04.02 15:57:38.493,1.80039,1.80056,1.00,1.00
2014.04.02 15:57:38.898,1.80045,1.80056,1.10,1.00
2014.04.02 15:57:38.949,1.80045,1.80059,1.10,1.10
2014.04.02 15:57:39.000,1.80045,1.80059,1.10,1.15
2014.04.02 15:57:39.101,1.80045,1.80059,1.10,1.00
2014.04.02 15:57:39.202,1.80047,1.80059,1.10,1.00
2014.04.02 15:57:39.725,1.80047,1.80062,1.10,1.15
2014.04.02 15:57:42.162,1.80046,1.80062,1.10,1.15
2014.04.02 15:57:43.419,1.80046,1.80059,1.10,1.00
2014.04.02 15:57:45.178,1.80046,1.80059,1.10,1.08
2014.04.02 15:57:45.931,1.80044,1.80059,1.10,1.00
2014.04.02 15:57:46.529,1.80041,1.80057,1.00,1.00
2014.04.02 15:57:47.068,1.8004,1.80057,1.58,1.00
2014.04.02 15:57:53.485,1.8004,1.80057,1.00,1.88
2014.04.02 15:57:53.947,1.80034,1.80051,1.58,1.00
2014.04.02 15:57:54.597,1.80035,1.80051,1.10,1.00
2014.04.02 15:57:55.410,1.80037,1.80051,1.10,1.00
2014.04.02 15:57:55.625,1.80035,1.80051,1.10,1.00
2014.04.02 15:57:55.676,1.80036,1.80053,1.00,1.10
2014.04.02 15:57:55.777,1.80036,1.80053,1.00,1.15
2014.04.02 15:58:00.622,1.80036,1.80053,1.00,1.18
2014.04.02 15:58:01.566,1.80036,1.80053,1.00,1.15
2014.04.02 15:58:01.788,1.80034,1.80051,1.00,1.18
2014.04.02 15:58:03.461,1.80044,1.80051,1.10,1.00
2014.04.02 15:58:03.563,1.80038,1.80054,1.10,1.18
2014.04.02 15:58:03.664,1.8004,1.80057,1.00,1.58
2014.04.02 15:58:04.118,1.8004,1.80057,1.00,1.15
2014.04.02 15:58:05.924,1.8004,1.80057,2.25,1.00
2014.04.02 15:58:06.026,1.80043,1.8006,1.00,1.00
2014.04.02 15:58:07.951,1.80042,1.80059,1.00,1.00
2014.04.02 15:58:08.507,1.80043,1.80059,1.00,1.00
2014.04.02 15:58:09.328,1.80044,1.80059,1.10,1.00
2014.04.02 15:58:09.662,1.80039,1.80056,1.38,1.00
2014.04.02 15:58:09.965,1.80039,1.80056,1.00,1.15
2014.04.02 15:58:12.223,1.80039,1.80056,1.00,1.00
2014.04.02 15:58:12.859,1.80037,1.80054,1.00,1.00
2014.04.02 15:58:13.290,1.80034,1.80051,1.00,1.15
2014.04.02 15:58:13.669,1.80034,1.80051,1.00,1.18
2014.04.02 15:58:22.734,1.80028,1.80045,1.00,1.00
2014.04.02 15:58:23.591,1.80028,1.80045,1.84,1.00
2014.04.02 15:58:23.744,1.80033,1.8005,1.00,1.02
2014.04.02 15:58:24.230,1.80036,1.80053,1.00,1.00
2014.04.02 15:58:24.742,1.80034,1.80051,1.58,1.08
2014.04.02 15:58:26.001,1.80037,1.80051,1.10,1.15
2014.04.02 15:58:26.305,1.80031,1.80047,1.10,1.75
2014.04.02 15:58:26.407,1.80031,1.80047,1.10,1.15
2014.04.02 15:58:26.508,1.80033,1.80049,1.00,1.00
2014.04.02 15:58:27.200,1.80037,1.8005,1.10,1.10
2014.04.02 15:58:29.190,1.8004,1.8005,1.10,1.10
2014.04.02 15:58:31.350,1.80043,1.8005,1.10,1.10
2014.04.02 15:58:31.503,1.80041,1.80053,1.10,1.15
2014.04.02 15:58:31.908,1.80045,1.80053,1.10,1.15
2014.04.02 15:58:32.253,1.80046,1.80053,1.10,1.10
2014.04.02 15:58:32.721,1.80041,1.80053,1.10,1.10
2014.04.02 15:58:34.100,1.80046,1.80053,1.10,1.10
2014.04.02 15:58:37.568,1.80036,1.8005,1.10,1.28
2014.04.02 15:58:37.977,1.80044,1.8005,1.10,1.10
2014.04.02 15:58:38.028,1.80046,1.80053,1.10,1.18
2014.04.02 15:58:38.230,1.80046,1.80056,1.10,1.18
2014.04.02 15:58:38.432,1.80042,1.80056,1.10,1.47
2014.04.02 15:58:38.533,1.80039,1.80056,1.00,1.47
2014.04.02 15:58:38.584,1.80039,1.80056,1.00,1.77
2014.04.02 15:58:38.922,1.80042,1.80053,1.10,1.74
2014.04.02 15:58:39.241,1.8004,1.80053,1.10,1.74
2014.04.02 15:58:39.689,1.80036,1.80053,1.00,1.74
2014.04.02 15:58:39.790,1.80035,1.8005,1.10,1.00
2014.04.02 15:58:42.886,1.80036,1.80053,1.00,1.18
2014.04.02 15:58:44.201,1.80037,1.80053,1.10,1.08
2014.04.02 15:58:44.303,1.80039,1.80053,1.10,1.00
2014.04.02 15:58:44.607,1.80041,1.80053,1.44,1.00
2014.04.02 15:58:44.658,1.80041,1.80056,1.44,1.00
2014.04.02 15:58:44.708,1.8005,1.80056,1.10,1.00
2014.04.02 15:58:44.759,1.8005,1.80058,1.10,1.00
2014.04.02 15:58:44.861,1.8005,1.80064,1.10,1.00
2014.04.02 15:58:44.962,1.80044,1.80061,1.00,1.00
2014.04.02 15:58:46.042,1.80037,1.80054,1.58,1.00
2014.04.02 15:58:47.898,1.80047,1.80054,1.10,1.00
2014.04.02 15:58:48.050,1.80047,1.80057,1.10,1.00
2014.04.02 15:58:48.778,1.80046,1.80057,1.10,1.00
2014.04.02 15:58:54.642,1.80047,1.80057,1.10,1.00
2014.04.02 15:58:55.636,1.80044,1.80057,1.10,1.00
2014.04.02 15:58:56.938,1.80044,1.80061,1.58,1.00
2014.04.02 15:58:56.988,1.80048,1.80061,1.10,1.00
2014.04.02 15:58:57.310,1.80052,1.80061,1.10,1.00
2014.04.02 15:58:58.058,1.80049,1.80061,1.10,1.00
2014.04.02 15:59:08.169,1.80053,1.80061,1.10,1.00
2014.04.02 15:59:08.321,1.8005,1.80061,1.10,1.00
2014.04.02 15:59:08.373,1.8005,1.80066,1.10,1.00
2014.04.02 15:59:08.424,1.80058,1.80066,1.10,1.00
2014.04.02 15:59:08.742,1.80056,1.80066,1.10,1.00
2014.04.02 15:59:10.411,1.8006,1.80066,1.10,1.00
2014.04.02 15:59:10.462,1.8006,1.80071,1.10,1.13
2014.04.02 15:59:10.819,1.8006,1.80073,1.10,1.00
2014.04.02 15:59:11.141,1.80056,1.80073,1.58,1.00
2014.04.02 15:59:11.343,1.80056,1.80071,1.10,1.00
2014.04.02 15:59:11.901,1.80059,1.80071,1.10,1.00
2014.04.02 15:59:12.559,1.80056,1.80071,1.10,1.00
2014.04.02 15:59:15.427,1.80062,1.80071,1.10,1.00
2014.04.02 15:59:15.528,1.80062,1.80073,1.10,1.00
2014.04.02 15:59:15.579,1.8006,1.80073,1.10,1.00
2014.04.02 15:59:15.640,1.80062,1.80073,1.10,1.00
2014.04.02 15:59:16.423,1.80056,1.80073,1.25,1.00
2014.04.02 15:59:16.679,1.80056,1.80069,1.00,1.10
2014.04.02 15:59:16.986,1.80053,1.80065,1.10,1.00
2014.04.02 15:59:17.289,1.80053,1.80069,1.10,1.00
2014.04.02 15:59:17.954,1.80057,1.80069,1.10,1.00
2014.04.02 15:59:18.638,1.80059,1.80069,1.10,1.00
2014.04.02 15:59:18.739,1.80056,1.80073,1.00,1.38
2014.04.02 15:59:18.841,1.80053,1.8007,1.58,1.00
2014.04.02 15:59:18.942,1.8005,1.80067,1.00,1.13
2014.04.02 15:59:19.245,1.80053,1.80067,1.10,1.13
2014.04.02 15:59:19.347,1.80055,1.80072,1.00,1.38
2014.04.02 15:59:19.398,1.80052,1.80069,1.00,1.38
2014.04.02 15:59:19.499,1.80049,1.80066,1.00,1.00
2014.04.02 15:59:19.601,1.80055,1.80066,1.10,1.00
2014.04.02 15:59:20.117,1.80054,1.80066,1.10,1.00
2014.04.02 15:59:20.420,1.80059,1.8007,1.10,1.88
2014.04.02 15:59:23.722,1.80059,1.80076,1.00,1.00
2014.04.02 15:59:23.796,1.80061,1.80076,1.10,1.00
2014.04.02 15:59:24.804,1.80062,1.80079,1.00,1.00
2014.04.02 15:59:24.855,1.80065,1.80079,1.10,1.00
2014.04.02 15:59:25.007,1.80067,1.80083,1.10,1.00
2014.04.02 15:59:25.159,1.80069,1.80083,1.10,1.00
2014.04.02 15:59:27.540,1.80069,1.80085,1.20,1.00
2014.04.02 15:59:27.591,1.80077,1.80085,1.10,1.00
2014.04.02 15:59:27.642,1.80077,1.8009,1.10,1.00
2014.04.02 15:59:27.743,1.80078,1.80092,1.10,1.00
2014.04.02 15:59:27.945,1.8008,1.80092,1.10,1.00
2014.04.02 15:59:28.320,1.80079,1.80089,1.10,1.00
2014.04.02 15:59:28.472,1.80077,1.80089,1.10,1.00
2014.04.02 15:59:28.881,1.80072,1.80084,1.10,1.00
2014.04.02 15:59:29.228,1.80069,1.80084,1.10,1.00
2014.04.02 15:59:29.690,1.80073,1.80084,1.10,1.00
2014.04.02 15:59:29.842,1.80073,1.80087,1.10,1.00
2014.04.02 15:59:31.028,1.80077,1.80087,1.10,1.00
2014.04.02 15:59:31.685,1.80075,1.80091,1.10,1.25
2014.04.02 15:59:31.738,1.80072,1.80088,1.10,1.00
2014.04.02 15:59:32.042,1.80066,1.80082,1.00,1.10
2014.04.02 15:59:32.143,1.80063,1.8008,1.00,1.00
2014.04.02 15:59:32.396,1.80071,1.8008,1.10,1.00
2014.04.02 15:59:32.497,1.80067,1.8008,1.10,1.00
2014.04.02 15:59:32.598,1.80069,1.80079,1.10,1.00
2014.04.02 15:59:32.901,1.80071,1.8008,1.10,1.00
2014.04.02 15:59:33.154,1.80066,1.80083,1.00,1.38
2014.04.02 15:59:33.255,1.80062,1.80079,1.00,1.13
2014.04.02 15:59:33.457,1.80059,1.80073,1.10,1.00
2014.04.02 15:59:33.766,1.80064,1.80073,1.10,1.00
2014.04.02 15:59:33.817,1.80064,1.80076,1.10,1.00
2014.04.02 15:59:33.918,1.80064,1.80079,1.10,1.00
2014.04.02 15:59:34.986,1.80065,1.80082,1.00,1.50
2014.04.02 15:59:36.606,1.80069,1.80085,1.10,1.00
2014.04.02 15:59:36.910,1.80069,1.80085,1.10,1.38
2014.04.02 15:59:37.162,1.80069,1.80085,1.10,1.13
2014.04.02 15:59:37.314,1.80068,1.80081,1.10,1.00
2014.04.02 15:59:37.617,1.8007,1.80081,1.10,1.10
2014.04.02 15:59:37.769,1.8008,1.80093,1.10,1.00
2014.04.02 15:59:37.972,1.8008,1.80096,1.10,1.00
2014.04.02 15:59:38.334,1.8008,1.80094,1.10,1.00
2014.04.02 15:59:38.841,1.80078,1.80094,1.10,1.00
2014.04.02 15:59:39.195,1.80082,1.80097,1.10,1.00
2014.04.02 15:59:39.297,1.8008,1.80097,1.00,1.00
2014.04.02 15:59:39.398,1.80083,1.80094,1.10,1.00
2014.04.02 15:59:39.736,1.80088,1.80097,1.10,1.00
2014.04.02 15:59:39.837,1.80088,1.801,1.10,1.00
2014.04.02 15:59:40.159,1.80083,1.801,1.10,1.00
2014.04.02 15:59:41.950,1.80088,1.801,1.10,1.00
2014.04.02 15:59:42.153,1.80088,1.80103,1.10,1.00
2014.04.02 15:59:42.204,1.80091,1.80103,1.10,1.00
2014.04.02 15:59:42.255,1.80091,1.80109,1.10,1.43
2014.04.02 15:59:42.406,1.80095,1.80109,1.10,1.38
2014.04.02 15:59:42.659,1.80092,1.80109,1.10,1.00
2014.04.02 15:59:43.481,1.80092,1.80109,1.10,1.38
2014.04.02 15:59:43.943,1.80094,1.80109,1.10,1.00
2014.04.02 15:59:44.459,1.80095,1.80112,1.10,1.00
2014.04.02 15:59:44.560,1.80095,1.80115,1.10,1.38
2014.04.02 15:59:44.712,1.80093,1.80115,1.10,1.38
2014.04.02 15:59:45.014,1.80093,1.80115,1.10,1.38
2014.04.02 15:59:45.932,1.80092,1.80115,1.58,1.88
2014.04.02 15:59:46.270,1.80092,1.80109,1.10,1.13
2014.04.02 15:59:50.313,1.8009,1.80109,1.10,1.13
2014.04.02 15:59:50.645,1.8009,1.80107,1.10,1.00
2014.04.02 15:59:52.950,1.8009,1.8011,1.10,1.38
2014.04.02 15:59:53.001,1.80094,1.8011,1.10,1.38
2014.04.02 15:59:53.153,1.80095,1.80113,1.10,1.19
2014.04.02 15:59:53.254,1.80095,1.80115,1.10,1.25
2014.04.02 15:59:54.067,1.80095,1.80113,1.10,1.00
2014.04.02 15:59:54.429,1.80105,1.80113,1.10,1.00
2014.04.02 15:59:54.479,1.80105,1.80116,1.10,1.00
2014.04.02 15:59:54.682,1.80102,1.80119,1.10,1.00
2014.04.02 15:59:55.188,1.80103,1.80119,1.10,1.38
2014.04.02 15:59:55.552,1.80101,1.80119,1.10,1.38
2014.04.02 15:59:56.360,1.80101,1.80119,1.10,1.00
2014.04.02 15:59:56.411,1.80105,1.80119,1.10,1.00
2014.04.02 15:59:59.163,1.80108,1.80119,1.10,1.00
2014.04.02 15:59:59.214,1.80108,1.80123,1.10,1.00
2014.04.02 15:59:59.416,1.80106,1.80123,1.10,1.00
